Starting >>> autoware_lint_common
Finished <<< autoware_lint_common [0.05s]
Starting >>> autoware_cmake
Finished <<< autoware_cmake [0.04s]
Starting >>> autoware_auto_geometry_msgs
Finished <<< autoware_auto_geometry_msgs [0.30s]
Starting >>> autoware_auto_mapping_msgs
Finished <<< autoware_auto_mapping_msgs [0.27s]
Starting >>> autoware_auto_planning_msgs
Finished <<< autoware_auto_planning_msgs [0.31s]
Starting >>> autoware_auto_perception_msgs
Finished <<< autoware_auto_perception_msgs [0.32s]
Starting >>> autoware_auto_vehicle_msgs
Finished <<< autoware_auto_vehicle_msgs [0.33s]
Starting >>> tier4_debug_msgs
Finished <<< tier4_debug_msgs [0.28s]
Starting >>> tier4_autoware_utils
Finished <<< tier4_autoware_utils [0.12s]
Starting >>> autoware_planning_msgs
Finished <<< autoware_planning_msgs [0.29s]
Starting >>> interpolation
Finished <<< interpolation [0.10s]
Starting >>> autoware_utils
Finished <<< autoware_utils [0.06s]
Starting >>> lanelet2_extension
Finished <<< lanelet2_extension [0.11s]
Starting >>> autoware_common_msgs
Finished <<< autoware_common_msgs [0.27s]
Starting >>> autoware_adapi_v1_msgs
Finished <<< autoware_adapi_v1_msgs [0.34s]
Starting >>> tier4_system_msgs
Finished <<< tier4_system_msgs [0.29s]
Starting >>> tier4_control_msgs
Finished <<< tier4_control_msgs [0.28s]
Starting >>> motion_utils
Finished <<< motion_utils [0.11s]
Starting >>> tier4_vehicle_msgs
Finished <<< tier4_vehicle_msgs [0.31s]
Starting >>> autoware_auto_control_msgs
Finished <<< autoware_auto_control_msgs [0.28s]
Starting >>> vehicle_info_util
Finished <<< vehicle_info_util [0.07s]
Starting >>> tier4_planning_msgs
Finished <<< tier4_planning_msgs [0.31s]
Starting >>> component_interface_utils
Finished <<< component_interface_utils [0.06s]
Starting >>> tier4_map_msgs
Finished <<< tier4_map_msgs [0.26s]
Starting >>> autoware_auto_system_msgs
Finished <<< autoware_auto_system_msgs [0.28s]
Starting >>> component_interface_specs
Finished <<< component_interface_specs [0.08s]
Starting >>> tier4_perception_msgs
Finished <<< tier4_perception_msgs [0.30s]
Starting >>> autoware_perception_msgs
Finished <<< autoware_perception_msgs [0.29s]
Starting >>> autoware_auto_common
Finished <<< autoware_auto_common [0.06s]
Starting >>> tier4_api_msgs
Finished <<< tier4_api_msgs [0.29s]
Starting >>> tier4_v2x_msgs
Finished <<< tier4_v2x_msgs [0.29s]
Starting >>> route_handler
Finished <<< route_handler [0.09s]
Starting >>> planning_test_utils
Finished <<< planning_test_utils [0.12s]
Starting >>> autoware_auto_tf2
Finished <<< autoware_auto_tf2 [0.06s]
Starting >>> tier4_rtc_msgs
Finished <<< tier4_rtc_msgs [0.29s]
Starting >>> rtc_interface
Finished <<< rtc_interface [0.05s]
Starting >>> osqp_interface
Finished <<< osqp_interface [0.06s]
Starting >>> objects_of_interest_marker_interface
Finished <<< objects_of_interest_marker_interface [0.08s]
Starting >>> object_recognition_utils
Finished <<< object_recognition_utils [0.10s]
Starting >>> tier4_external_api_msgs
Finished <<< tier4_external_api_msgs [0.38s]
Starting >>> signal_processing
Finished <<< signal_processing [0.05s]
Starting >>> motion_velocity_smoother
Finished <<< motion_velocity_smoother [0.18s]
Starting >>> behavior_velocity_planner_common
Finished <<< behavior_velocity_planner_common [0.18s]
Starting >>> autoware_map_msgs
Finished <<< autoware_map_msgs [0.29s]
Starting >>> traffic_light_utils
Finished <<< traffic_light_utils [0.08s]
Starting >>> freespace_planning_algorithms
Finished <<< freespace_planning_algorithms [0.11s]
Starting >>> autoware_point_types
Finished <<< autoware_point_types [0.06s]
Starting >>> tier4_pcl_extensions
Finished <<< tier4_pcl_extensions [0.05s]
Starting >>> lane_departure_checker
Finished <<< lane_departure_checker [0.11s]
Starting >>> tier4_localization_msgs
Finished <<< tier4_localization_msgs [0.28s]
Starting >>> pointcloud_preprocessor
Finished <<< pointcloud_preprocessor [0.16s]
Starting >>> behavior_path_planner_common
Finished <<< behavior_path_planner_common [0.18s]
Starting >>> geography_utils
Finished <<< geography_utils [0.08s]
Starting >>> behavior_path_planner
Finished <<< behavior_path_planner [0.19s]
Starting >>> boost_io_context
Finished <<< boost_io_context [0.06s]
Starting >>> rtklib_msgs
Finished <<< rtklib_msgs [0.27s]
Starting >>> tensorrt_common
Finished <<< tensorrt_common [0.05s]
Starting >>> tier4_api_utils
Finished <<< tier4_api_utils [0.05s]
Starting >>> nebula_common
Finished <<< nebula_common [0.05s]
Starting >>> pandar_msgs
Finished <<< pandar_msgs [0.31s]
Starting >>> robosense_msgs
Finished <<< robosense_msgs [0.26s]
Starting >>> autoware_ad_api_specs
Finished <<< autoware_ad_api_specs [0.03s]
Starting >>> boost_tcp_driver
Finished <<< boost_tcp_driver [0.06s]
Starting >>> boost_udp_driver
Finished <<< boost_udp_driver [0.08s]
Starting >>> eagleye_msgs
Finished <<< eagleye_msgs [0.30s]
Starting >>> autoware_testing
Finished <<< autoware_testing [0.03s]
Starting >>> cuda_utils
Finished <<< cuda_utils [0.03s]
Starting >>> fake_test_node
Finished <<< fake_test_node [0.05s]
Starting >>> tier4_auto_msgs_converter
Finished <<< tier4_auto_msgs_converter [0.06s]
Starting >>> nebula_decoders
Finished <<< nebula_decoders [0.11s]
Starting >>> kalman_filter
Finished <<< kalman_filter [0.05s]
Starting >>> nebula_hw_interfaces
Finished <<< nebula_hw_interfaces [0.11s]
Starting >>> grid_map_utils
Finished <<< grid_map_utils [0.07s]
Starting >>> eagleye_coordinate
Finished <<< eagleye_coordinate [0.05s]
Starting >>> mussp
Finished <<< mussp [0.04s]
Starting >>> nebula_ros
Finished <<< nebula_ros [0.25s]
Starting >>> trajectory_follower_base
Finished <<< trajectory_follower_base [0.08s]
Starting >>> behavior_velocity_crosswalk_module
Finished <<< behavior_velocity_crosswalk_module [0.16s]
Starting >>> eagleye_navigation
Finished <<< eagleye_navigation [0.07s]
Starting >>> map_height_fitter
Finished <<< map_height_fitter [0.07s]
Starting >>> localization_util
Finished <<< localization_util [0.09s]
Starting >>> yabloc_common
Finished <<< yabloc_common [0.10s]
Starting >>> compare_map_segmentation
Finished <<< compare_map_segmentation [0.10s]
Starting >>> tier4_simulation_msgs
Finished <<< tier4_simulation_msgs [0.28s]
Starting >>> image_transport_decompressor
Finished <<< image_transport_decompressor [0.04s]
Starting >>> velodyne_monitor
Finished <<< velodyne_monitor [0.05s]
Starting >>> nebula_examples
Finished <<< nebula_examples [0.13s]
Starting >>> nebula_tests
Finished <<< nebula_tests [0.11s]
Starting >>> global_parameter_loader
Finished <<< global_parameter_loader [0.04s]
Starting >>> raw_vehicle_cmd_converter
Finished <<< raw_vehicle_cmd_converter [0.11s]
Starting >>> euclidean_cluster
Finished <<< euclidean_cluster [0.14s]
Starting >>> behavior_velocity_blind_spot_module
Finished <<< behavior_velocity_blind_spot_module [0.16s]
Starting >>> behavior_velocity_detection_area_module
Finished <<< behavior_velocity_detection_area_module [0.16s]
Starting >>> behavior_velocity_intersection_module
Finished <<< behavior_velocity_intersection_module [0.17s]
Starting >>> behavior_velocity_no_drivable_lane_module
Finished <<< behavior_velocity_no_drivable_lane_module [0.16s]
Starting >>> behavior_velocity_no_stopping_area_module
Finished <<< behavior_velocity_no_stopping_area_module [0.16s]
Starting >>> behavior_velocity_occlusion_spot_module
Finished <<< behavior_velocity_occlusion_spot_module [0.21s]
Starting >>> behavior_velocity_out_of_lane_module
Finished <<< behavior_velocity_out_of_lane_module [0.17s]
Starting >>> behavior_velocity_speed_bump_module
Finished <<< behavior_velocity_speed_bump_module [0.16s]
Starting >>> behavior_velocity_stop_line_module
Finished <<< behavior_velocity_stop_line_module [0.15s]
Starting >>> behavior_velocity_traffic_light_module
Finished <<< behavior_velocity_traffic_light_module [0.18s]
Starting >>> behavior_velocity_virtual_traffic_light_module
Finished <<< behavior_velocity_virtual_traffic_light_module [0.17s]
Starting >>> behavior_velocity_run_out_module
Finished <<< behavior_velocity_run_out_module [0.18s]
Starting >>> behavior_velocity_walkway_module
Finished <<< behavior_velocity_walkway_module [0.16s]
Starting >>> autoware_adapi_version_msgs
Finished <<< autoware_adapi_version_msgs [0.27s]
Starting >>> autoware_sensing_msgs
Finished <<< autoware_sensing_msgs [0.27s]
Starting >>> ndt_omp
Finished <<< ndt_omp [0.07s]
Starting >>> pointcloud_to_laserscan
Finished <<< pointcloud_to_laserscan [0.07s]
Starting >>> autoware_external_api_msgs
Finished <<< autoware_external_api_msgs [0.27s]
Starting >>> perception_utils
Finished <<< perception_utils [0.03s]
Starting >>> topic_state_monitor
Finished <<< topic_state_monitor [0.05s]
Starting >>> tree_structured_parzen_estimator
Finished <<< tree_structured_parzen_estimator [0.05s]
Starting >>> tvm_utility
Finished <<< tvm_utility [0.05s]
Starting >>> tensorrt_classifier
Finished <<< tensorrt_classifier [0.06s]
Starting >>> autoware_auto_geometry
Finished <<< autoware_auto_geometry [0.08s]
Starting >>> dummy_perception_publisher
Finished <<< dummy_perception_publisher [0.30s]
Starting >>> external_cmd_selector
Finished <<< external_cmd_selector [0.08s]
Starting >>> shape_estimation
Finished <<< shape_estimation [0.10s]
Starting >>> landmark_manager
Finished <<< landmark_manager [0.08s]
Starting >>> map_loader
Finished <<< map_loader [0.16s]
Starting >>> nebula_sensor_driver
Finished <<< nebula_sensor_driver [0.05s]
Starting >>> sampler_common
Finished <<< sampler_common [0.09s]
Starting >>> lidar_centerpoint
Finished <<< lidar_centerpoint [0.16s]
Starting >>> mission_planner
Finished <<< mission_planner [0.15s]
Starting >>> tensorrt_yolox
Finished <<< tensorrt_yolox [0.12s]
Starting >>> mpc_lateral_controller
Finished <<< mpc_lateral_controller [0.13s]
Starting >>> obstacle_avoidance_planner
Finished <<< obstacle_avoidance_planner [0.16s]
Starting >>> pid_longitudinal_controller
Finished <<< pid_longitudinal_controller [0.11s]
Starting >>> pure_pursuit
Finished <<< pure_pursuit [0.10s]
Starting >>> behavior_velocity_planner
Finished <<< behavior_velocity_planner [0.44s]
Starting >>> tamagawa_imu_driver
Finished <<< tamagawa_imu_driver [0.05s]
Starting >>> velodyne_description
Finished <<< velodyne_description [0.03s]
Starting >>> eagleye_geo_pose_fusion
Finished <<< eagleye_geo_pose_fusion [0.05s]
Starting >>> external_velocity_limit_selector
Finished <<< external_velocity_limit_selector [0.05s]
Starting >>> glog_component
Finished <<< glog_component [0.05s]
Starting >>> object_range_splitter
Finished <<< object_range_splitter [0.05s]
Starting >>> yabloc_monitor
Finished <<< yabloc_monitor [0.05s]
Starting >>> ad_api_adaptors
Finished <<< ad_api_adaptors [0.06s]
Starting >>> automatic_pose_initializer
Finished <<< automatic_pose_initializer [0.06s]
Starting >>> component_state_monitor
Finished <<< component_state_monitor [0.05s]
Starting >>> detected_object_feature_remover
Finished <<< detected_object_feature_remover [0.05s]
Starting >>> eagleye_gnss_converter
Finished <<< eagleye_gnss_converter [0.05s]
Starting >>> eagleye_rt
Finished <<< eagleye_rt [0.08s]
Starting >>> emergency_handler
Finished <<< emergency_handler [0.07s]
Starting >>> shift_decider
Finished <<< shift_decider [0.06s]
Starting >>> tensorrt_yolo
Finished <<< tensorrt_yolo [0.08s]
Starting >>> autoware_iv_external_api_adaptor
Finished <<< autoware_iv_external_api_adaptor [0.12s]
Starting >>> autoware_iv_internal_api_adaptor
Finished <<< autoware_iv_internal_api_adaptor [0.09s]
Starting >>> awapi_awiv_adapter
Finished <<< awapi_awiv_adapter [0.10s]
Starting >>> costmap_generator
Finished <<< costmap_generator [0.10s]
Starting >>> crosswalk_traffic_light_estimator
Finished <<< crosswalk_traffic_light_estimator [0.09s]
Starting >>> ekf_localizer
Finished <<< ekf_localizer [0.11s]
Starting >>> fault_injection
Finished <<< fault_injection [0.08s]
Starting >>> gyro_odometer
Finished <<< gyro_odometer [0.08s]
Starting >>> lidar_apollo_instance_segmentation
Finished <<< lidar_apollo_instance_segmentation [0.08s]
Starting >>> map_projection_loader
Finished <<< map_projection_loader [0.11s]
Starting >>> map_tf_generator
Finished <<< map_tf_generator [0.09s]
Starting >>> object_velocity_splitter
Finished <<< object_velocity_splitter [0.07s]
Starting >>> pose_instability_detector
Finished <<< pose_instability_detector [0.08s]
Starting >>> probabilistic_occupancy_grid_map
Finished <<< probabilistic_occupancy_grid_map [0.15s]
Starting >>> radar_crossing_objects_noise_filter
Finished <<< radar_crossing_objects_noise_filter [0.07s]
Starting >>> radar_fusion_to_detected_object
Finished <<< radar_fusion_to_detected_object [0.08s]
Starting >>> system_error_monitor
Finished <<< system_error_monitor [0.07s]
Starting >>> system_monitor
Finished <<< system_monitor [0.24s]
Starting >>> traffic_light_arbiter
Finished <<< traffic_light_arbiter [0.07s]
Starting >>> traffic_light_classifier
Finished <<< traffic_light_classifier [0.08s]
Starting >>> traffic_light_map_based_detector
Finished <<< traffic_light_map_based_detector [0.08s]
Starting >>> traffic_light_multi_camera_fusion
Finished <<< traffic_light_multi_camera_fusion [0.07s]
Starting >>> traffic_light_visualization
Finished <<< traffic_light_visualization [0.09s]
Starting >>> geo_pose_projector
Finished <<< geo_pose_projector [0.08s]
Starting >>> gnss_poser
Finished <<< gnss_poser [0.09s]
Starting >>> ground_segmentation
Finished <<< ground_segmentation [0.13s]
Starting >>> ndt_scan_matcher
Finished <<< ndt_scan_matcher [0.09s]
Starting >>> occupancy_grid_map_outlier_filter
Finished <<< occupancy_grid_map_outlier_filter [0.09s]
Starting >>> traffic_light_occlusion_predictor
Finished <<< traffic_light_occlusion_predictor [0.10s]
Starting >>> yabloc_image_processing
Finished <<< yabloc_image_processing [0.08s]
Starting >>> yabloc_particle_filter
Finished <<< yabloc_particle_filter [0.31s]
Starting >>> yabloc_pose_initializer
Finished <<< yabloc_pose_initializer [0.08s]
Starting >>> ar_tag_based_localizer
Finished <<< ar_tag_based_localizer [0.09s]
Starting >>> cluster_merger
Finished <<< cluster_merger [0.08s]
Starting >>> common_sensor_launch
Finished <<< common_sensor_launch [0.05s]
Starting >>> default_ad_api
Finished <<< default_ad_api [0.12s]
Starting >>> detected_object_validation
Finished <<< detected_object_validation [0.17s]
Starting >>> external_cmd_converter
Finished <<< external_cmd_converter [0.08s]
Starting >>> map_based_prediction
Finished <<< map_based_prediction [0.09s]
Starting >>> multi_object_tracker
Finished <<< multi_object_tracker [0.13s]
Starting >>> object_merger
Finished <<< object_merger [0.09s]
Starting >>> path_distance_calculator
Finished <<< path_distance_calculator [0.08s]
Starting >>> planning_evaluator
Finished <<< planning_evaluator [0.10s]
Starting >>> planning_topic_converter
Finished <<< planning_topic_converter [0.07s]
Starting >>> pose_initializer
Finished <<< pose_initializer [0.10s]
Starting >>> radar_object_clustering
Finished <<< radar_object_clustering [0.08s]
Starting >>> radar_object_tracker
Finished <<< radar_object_tracker [0.12s]
Starting >>> simple_planning_simulator
Finished <<< simple_planning_simulator [0.14s]
Starting >>> surround_obstacle_checker
Finished <<< surround_obstacle_checker [0.09s]
Starting >>> tracking_object_merger
Finished <<< tracking_object_merger [0.09s]
Starting >>> vehicle_cmd_gate
Finished <<< vehicle_cmd_gate [0.33s]
Starting >>> detection_by_tracker
Finished <<< detection_by_tracker [0.10s]
Starting >>> freespace_planner
Finished <<< freespace_planner [0.14s]
Starting >>> image_projection_based_fusion
Finished <<< image_projection_based_fusion [0.15s]
Starting >>> obstacle_cruise_planner
Finished <<< obstacle_cruise_planner [0.18s]
Starting >>> obstacle_stop_planner
Finished <<< obstacle_stop_planner [0.18s]
Starting >>> planning_validator
Finished <<< planning_validator [0.35s]
Starting >>> scenario_selector
Finished <<< scenario_selector [0.14s]
Starting >>> traffic_light_fine_detector
Finished <<< traffic_light_fine_detector [0.08s]
Starting >>> behavior_path_lane_change_module
Finished <<< behavior_path_lane_change_module [0.20s]
Starting >>> trajectory_follower_node
Finished <<< trajectory_follower_node [0.12s]
Starting >>> autoware_control_msgs
Finished <<< autoware_control_msgs [0.27s]
Starting >>> llh_converter
Finished <<< llh_converter [0.05s]
Starting >>> morai_msgs
Finished <<< morai_msgs [0.37s]
Starting >>> pose2twist
Finished <<< pose2twist [0.04s]
Starting >>> tier4_vehicle_launch
Finished <<< tier4_vehicle_launch [0.03s]
Starting >>> autoware_auto_msgs
Finished <<< autoware_auto_msgs [0.04s]
Starting >>> lidar_apollo_segmentation_tvm
Finished <<< lidar_apollo_segmentation_tvm [0.11s]
Starting >>> tier4_sensing_launch
Finished <<< tier4_sensing_launch [0.04s]
Starting >>> tier4_system_launch
Finished <<< tier4_system_launch [0.06s]
Starting >>> bezier_sampler
Finished <<< bezier_sampler [0.07s]
Starting >>> frenet_planner
Finished <<< frenet_planner [0.07s]
Starting >>> tier4_map_launch
Finished <<< tier4_map_launch [0.07s]
Starting >>> path_smoother
Finished <<< path_smoother [0.17s]
Starting >>> tier4_autoware_api_launch
Finished <<< tier4_autoware_api_launch [0.12s]
Starting >>> tier4_localization_launch
Finished <<< tier4_localization_launch [0.13s]
Starting >>> tier4_simulator_launch
Finished <<< tier4_simulator_launch [0.08s]
Starting >>> behavior_path_avoidance_module
Finished <<< behavior_path_avoidance_module [0.19s]
Starting >>> tier4_perception_launch
Finished <<< tier4_perception_launch [0.19s]
Starting >>> tier4_control_launch
Finished <<< tier4_control_launch [0.12s]
Starting >>> tier4_planning_launch
Finished <<< tier4_planning_launch [0.24s]
Starting >>> autoware_localization_msgs
Finished <<< autoware_localization_msgs [0.27s]
Starting >>> autoware_system_msgs
Finished <<< autoware_system_msgs [0.27s]
Starting >>> camera_description
Finished <<< camera_description [0.03s]
Starting >>> eagleye_can_velocity_converter
Finished <<< eagleye_can_velocity_converter [0.04s]
Starting >>> eagleye_tf
Finished <<< eagleye_tf [0.03s]
Starting >>> imu_description
Finished <<< imu_description [0.03s]
Starting >>> livox_description
Finished <<< livox_description [0.03s]
Starting >>> pandar_description
Finished <<< pandar_description [0.03s]
Starting >>> sample_vehicle_description
Finished <<< sample_vehicle_description [0.03s]
Starting >>> sample_vehicle_launch
Finished <<< sample_vehicle_launch [0.02s]
Starting >>> vls_description
Finished <<< vls_description [0.03s]
Starting >>> ad_api_visualizers
<string>:3: DeprecationWarning: pkg_resources is deprecated as an API. See https://setuptools.pypa.io/en/latest/pkg_resources.html
/home/cityu-fsm-lab-carla/.local/lib/python3.10/site-packages/setuptools/_distutils/dist.py:261: UserWarning: Unknown distribution option: 'tests_require'
  warnings.warn(msg)
--- stderr: ad_api_visualizers
/home/cityu-fsm-lab-carla/Workspace/autoware/build/ad_api_visualizers/setup.py:3: DeprecationWarning: pkg_resources is deprecated as an API. See https://setuptools.pypa.io/en/latest/pkg_resources.html
  from pkg_resources import PkgResourcesDeprecationWarning
/home/cityu-fsm-lab-carla/.local/lib/python3.10/site-packages/setuptools/_distutils/dist.py:261: UserWarning: Unknown distribution option: 'tests_require'
  warnings.warn(msg)
---
Finished <<< ad_api_visualizers [0.90s]
Starting >>> autoware_vehicle_msgs
Finished <<< autoware_vehicle_msgs [0.29s]
Starting >>> awsim_sensor_kit_description
Finished <<< awsim_sensor_kit_description [0.03s]
Starting >>> boost_serial_driver
Finished <<< boost_serial_driver [0.06s]
Starting >>> individual_params
Finished <<< individual_params [0.03s]
Starting >>> rtklib_bridge
Finished <<< rtklib_bridge [0.04s]
Starting >>> sample_sensor_kit_description
Finished <<< sample_sensor_kit_description [0.03s]
Starting >>> tier4_hmi_msgs
Finished <<< tier4_hmi_msgs [0.27s]
Starting >>> autoware_auto_msgs_adapter
Finished <<< autoware_auto_msgs_adapter [0.08s]
Starting >>> autoware_auto_perception_rviz_plugin
Finished <<< autoware_auto_perception_rviz_plugin [0.07s]
Starting >>> bag_time_manager_rviz_plugin
Finished <<< bag_time_manager_rviz_plugin [0.09s]
Starting >>> bluetooth_monitor
Finished <<< bluetooth_monitor [0.06s]
Starting >>> component_interface_tools
Finished <<< component_interface_tools [0.05s]
Starting >>> diagnostic_converter
Finished <<< diagnostic_converter [0.06s]
Starting >>> diagnostic_graph_aggregator
Finished <<< diagnostic_graph_aggregator [0.06s]
Starting >>> dummy_infrastructure
Finished <<< dummy_infrastructure [0.05s]
Starting >>> duplicated_node_checker
Finished <<< duplicated_node_checker [0.04s]
Starting >>> eagleye_fix2kml
Finished <<< eagleye_fix2kml [0.04s]
Starting >>> livox_tag_filter
Finished <<< livox_tag_filter [0.05s]
Starting >>> mrm_comfortable_stop_operator
Finished <<< mrm_comfortable_stop_operator [0.06s]
Starting >>> mrm_emergency_stop_operator
Finished <<< mrm_emergency_stop_operator [0.05s]
Starting >>> polar_grid
Finished <<< polar_grid [0.09s]
Starting >>> qp_interface
Finished <<< qp_interface [0.06s]
Starting >>> radar_scan_to_pointcloud2
Finished <<< radar_scan_to_pointcloud2 [0.05s]
Starting >>> radar_threshold_filter
Finished <<< radar_threshold_filter [0.05s]
Starting >>> radar_tracks_noise_filter
Finished <<< radar_tracks_noise_filter [0.04s]
Starting >>> rtc_manager_rviz_plugin
Finished <<< rtc_manager_rviz_plugin [0.09s]
Starting >>> rtc_replayer
Finished <<< rtc_replayer [0.05s]
Starting >>> stop_filter
Finished <<< stop_filter [0.05s]
Starting >>> tier4_automatic_goal_rviz_plugin
Finished <<< tier4_automatic_goal_rviz_plugin [0.13s]
Starting >>> tier4_datetime_rviz_plugin
Finished <<< tier4_datetime_rviz_plugin [0.08s]
Starting >>> tier4_debug_rviz_plugin
Finished <<< tier4_debug_rviz_plugin [0.09s]
Starting >>> tier4_logging_level_configure_rviz_plugin
Finished <<< tier4_logging_level_configure_rviz_plugin [0.08s]
Starting >>> tier4_screen_capture_rviz_plugin
Finished <<< tier4_screen_capture_rviz_plugin [0.09s]
Starting >>> tier4_simulated_clock_rviz_plugin
Finished <<< tier4_simulated_clock_rviz_plugin [0.08s]
Starting >>> tier4_target_object_type_rviz_plugin
Finished <<< tier4_target_object_type_rviz_plugin [0.08s]
Starting >>> time_utils
Finished <<< time_utils [0.04s]
Starting >>> bytetrack
Finished <<< bytetrack [0.10s]
Starting >>> common_awsim_sensor_launch
Finished <<< common_awsim_sensor_launch [0.03s]
Starting >>> eagleye_geo_pose_converter
Finished <<< eagleye_geo_pose_converter [0.05s]
Starting >>> joy_controller
Finished <<< joy_controller [0.06s]
Starting >>> tier4_adapi_rviz_plugin
Finished <<< tier4_adapi_rviz_plugin [0.10s]
Starting >>> tier4_calibration_rviz_plugin
Finished <<< tier4_calibration_rviz_plugin [0.09s]
Starting >>> tier4_camera_view_rviz_plugin
Finished <<< tier4_camera_view_rviz_plugin [0.09s]
Starting >>> tier4_state_rviz_plugin
Finished <<< tier4_state_rviz_plugin [0.12s]
Starting >>> traffic_light_ssd_fine_detector
Finished <<< traffic_light_ssd_fine_detector [0.08s]
Starting >>> twist2accel
Finished <<< twist2accel [0.05s]
Starting >>> vehicle_velocity_converter
Finished <<< vehicle_velocity_converter [0.05s]
Starting >>> dummy_diag_publisher
Finished <<< dummy_diag_publisher [0.06s]
Starting >>> front_vehicle_velocity_estimator
Finished <<< front_vehicle_velocity_estimator [0.08s]
Starting >>> goal_distance_calculator
Finished <<< goal_distance_calculator [0.07s]
Starting >>> image_diagnostics
Finished <<< image_diagnostics [0.07s]
Starting >>> imu_corrector
Finished <<< imu_corrector [0.09s]
Starting >>> kinematic_evaluator
Finished <<< kinematic_evaluator [0.08s]
Starting >>> lanelet2_extension_python
Finished <<< lanelet2_extension_python [0.30s]
Starting >>> lanelet2_map_preprocessor
Finished <<< lanelet2_map_preprocessor [0.08s]
Starting >>> lidar_centerpoint_tvm
Finished <<< lidar_centerpoint_tvm [0.15s]
Starting >>> localization_error_monitor
Finished <<< localization_error_monitor [0.08s]
Starting >>> localization_evaluator
Finished <<< localization_evaluator [0.09s]
Starting >>> radar_static_pointcloud_filter
Finished <<< radar_static_pointcloud_filter [0.06s]
Starting >>> radar_tracks_msgs_converter
Finished <<< radar_tracks_msgs_converter [10.2s]
Starting >>> simple_object_merger
--- stderr: simple_object_merger
CMake Warning (dev) at /usr/lib/x86_64-linux-gnu/cmake/pcl/PCLConfig.cmake:146 (find_package):
  Policy CMP0144 is not set: find_package uses upper-case <PACKAGENAME>_ROOT
  variables.  Run "cmake --help-policy CMP0144" for policy details.  Use the
  cmake_policy command to set the policy and suppress this warning.

  CMake variable EIGEN_ROOT is set to:

    /usr/include/eigen3

  For compatibility, find_package is ignoring the variable, but code in a
  .cmake module might still use it.
Call Stack (most recent call first):
  /usr/lib/x86_64-linux-gnu/cmake/pcl/PCLConfig.cmake:299 (find_eigen)
  /usr/lib/x86_64-linux-gnu/cmake/pcl/PCLConfig.cmake:543 (find_external_library)
  /opt/ros/humble/share/pcl_conversions/cmake/ament_cmake_export_dependencies-extras.cmake:21 (find_package)
  /opt/ros/humble/share/pcl_conversions/cmake/pcl_conversionsConfig.cmake:41 (include)
  /home/cityu-fsm-lab-carla/Workspace/autoware/install/tier4_autoware_utils/share/tier4_autoware_utils/cmake/ament_cmake_export_dependencies-extras.cmake:21 (find_package)
  /home/cityu-fsm-lab-carla/Workspace/autoware/install/tier4_autoware_utils/share/tier4_autoware_utils/cmake/tier4_autoware_utilsConfig.cmake:41 (include)
  /opt/ros/humble/share/ament_cmake_auto/cmake/ament_auto_find_build_dependencies.cmake:67 (find_package)
  /home/cityu-fsm-lab-carla/Workspace/autoware/install/autoware_cmake/share/autoware_cmake/cmake/autoware_package.cmake:49 (ament_auto_find_build_dependencies)
  CMakeLists.txt:6 (autoware_package)
This warning is for project developers.  Use -Wno-dev to suppress it.

CMake Warning (dev) at /usr/lib/x86_64-linux-gnu/cmake/pcl/Modules/FindFLANN.cmake:44 (find_package):
  Policy CMP0144 is not set: find_package uses upper-case <PACKAGENAME>_ROOT
  variables.  Run "cmake --help-policy CMP0144" for policy details.  Use the
  cmake_policy command to set the policy and suppress this warning.

  CMake variable FLANN_ROOT is set to:

    /usr

  For compatibility, find_package is ignoring the variable, but code in a
  .cmake module might still use it.
Call Stack (most recent call first):
  /usr/lib/x86_64-linux-gnu/cmake/pcl/PCLConfig.cmake:256 (find_package)
  /usr/lib/x86_64-linux-gnu/cmake/pcl/PCLConfig.cmake:301 (find_flann)
  /usr/lib/x86_64-linux-gnu/cmake/pcl/PCLConfig.cmake:543 (find_external_library)
  /opt/ros/humble/share/pcl_conversions/cmake/ament_cmake_export_dependencies-extras.cmake:21 (find_package)
  /opt/ros/humble/share/pcl_conversions/cmake/pcl_conversionsConfig.cmake:41 (include)
  /home/cityu-fsm-lab-carla/Workspace/autoware/install/tier4_autoware_utils/share/tier4_autoware_utils/cmake/ament_cmake_export_dependencies-extras.cmake:21 (find_package)
  /home/cityu-fsm-lab-carla/Workspace/autoware/install/tier4_autoware_utils/share/tier4_autoware_utils/cmake/tier4_autoware_utilsConfig.cmake:41 (include)
  /opt/ros/humble/share/ament_cmake_auto/cmake/ament_auto_find_build_dependencies.cmake:67 (find_package)
  /home/cityu-fsm-lab-carla/Workspace/autoware/install/autoware_cmake/share/autoware_cmake/cmake/autoware_package.cmake:49 (ament_auto_find_build_dependencies)
  CMakeLists.txt:6 (autoware_package)
This warning is for project developers.  Use -Wno-dev to suppress it.

---
Finished <<< simple_object_merger [9.86s]
Starting >>> simulator_compatibility_test
<string>:3: DeprecationWarning: pkg_resources is deprecated as an API. See https://setuptools.pypa.io/en/latest/pkg_resources.html
/home/cityu-fsm-lab-carla/.local/lib/python3.10/site-packages/setuptools/_distutils/dist.py:261: UserWarning: Unknown distribution option: 'tests_require'
  warnings.warn(msg)
--- stderr: simulator_compatibility_test
/home/cityu-fsm-lab-carla/Workspace/autoware/build/simulator_compatibility_test/setup.py:3: DeprecationWarning: pkg_resources is deprecated as an API. See https://setuptools.pypa.io/en/latest/pkg_resources.html
  from pkg_resources import PkgResourcesDeprecationWarning
/home/cityu-fsm-lab-carla/.local/lib/python3.10/site-packages/setuptools/_distutils/dist.py:261: UserWarning: Unknown distribution option: 'tests_require'
  warnings.warn(msg)
---
Finished <<< simulator_compatibility_test [0.97s]
Starting >>> tier4_control_rviz_plugin
--- stderr: tier4_control_rviz_plugin
CMake Warning (dev) at /usr/lib/x86_64-linux-gnu/cmake/pcl/PCLConfig.cmake:146 (find_package):
  Policy CMP0144 is not set: find_package uses upper-case <PACKAGENAME>_ROOT
  variables.  Run "cmake --help-policy CMP0144" for policy details.  Use the
  cmake_policy command to set the policy and suppress this warning.

  CMake variable EIGEN_ROOT is set to:

    /usr/include/eigen3

  For compatibility, find_package is ignoring the variable, but code in a
  .cmake module might still use it.
Call Stack (most recent call first):
  /usr/lib/x86_64-linux-gnu/cmake/pcl/PCLConfig.cmake:299 (find_eigen)
  /usr/lib/x86_64-linux-gnu/cmake/pcl/PCLConfig.cmake:543 (find_external_library)
  /opt/ros/humble/share/pcl_conversions/cmake/ament_cmake_export_dependencies-extras.cmake:21 (find_package)
  /opt/ros/humble/share/pcl_conversions/cmake/pcl_conversionsConfig.cmake:41 (include)
  /home/cityu-fsm-lab-carla/Workspace/autoware/install/tier4_autoware_utils/share/tier4_autoware_utils/cmake/ament_cmake_export_dependencies-extras.cmake:21 (find_package)
  /home/cityu-fsm-lab-carla/Workspace/autoware/install/tier4_autoware_utils/share/tier4_autoware_utils/cmake/tier4_autoware_utilsConfig.cmake:41 (include)
  /opt/ros/humble/share/ament_cmake_auto/cmake/ament_auto_find_build_dependencies.cmake:67 (find_package)
  /home/cityu-fsm-lab-carla/Workspace/autoware/install/autoware_cmake/share/autoware_cmake/cmake/autoware_package.cmake:49 (ament_auto_find_build_dependencies)
  CMakeLists.txt:5 (autoware_package)
This warning is for project developers.  Use -Wno-dev to suppress it.

CMake Warning (dev) at /usr/lib/x86_64-linux-gnu/cmake/pcl/Modules/FindFLANN.cmake:44 (find_package):
  Policy CMP0144 is not set: find_package uses upper-case <PACKAGENAME>_ROOT
  variables.  Run "cmake --help-policy CMP0144" for policy details.  Use the
  cmake_policy command to set the policy and suppress this warning.

  CMake variable FLANN_ROOT is set to:

    /usr

  For compatibility, find_package is ignoring the variable, but code in a
  .cmake module might still use it.
Call Stack (most recent call first):
  /usr/lib/x86_64-linux-gnu/cmake/pcl/PCLConfig.cmake:256 (find_package)
  /usr/lib/x86_64-linux-gnu/cmake/pcl/PCLConfig.cmake:301 (find_flann)
  /usr/lib/x86_64-linux-gnu/cmake/pcl/PCLConfig.cmake:543 (find_external_library)
  /opt/ros/humble/share/pcl_conversions/cmake/ament_cmake_export_dependencies-extras.cmake:21 (find_package)
  /opt/ros/humble/share/pcl_conversions/cmake/pcl_conversionsConfig.cmake:41 (include)
  /home/cityu-fsm-lab-carla/Workspace/autoware/install/tier4_autoware_utils/share/tier4_autoware_utils/cmake/ament_cmake_export_dependencies-extras.cmake:21 (find_package)
  /home/cityu-fsm-lab-carla/Workspace/autoware/install/tier4_autoware_utils/share/tier4_autoware_utils/cmake/tier4_autoware_utilsConfig.cmake:41 (include)
  /opt/ros/humble/share/ament_cmake_auto/cmake/ament_auto_find_build_dependencies.cmake:67 (find_package)
  /home/cityu-fsm-lab-carla/Workspace/autoware/install/autoware_cmake/share/autoware_cmake/cmake/autoware_package.cmake:49 (ament_auto_find_build_dependencies)
  CMakeLists.txt:5 (autoware_package)
This warning is for project developers.  Use -Wno-dev to suppress it.

---
Finished <<< tier4_control_rviz_plugin [18.0s]
Starting >>> tier4_system_rviz_plugin
--- stderr: tier4_system_rviz_plugin
CMake Warning (dev) at /usr/lib/x86_64-linux-gnu/cmake/pcl/PCLConfig.cmake:146 (find_package):
  Policy CMP0144 is not set: find_package uses upper-case <PACKAGENAME>_ROOT
  variables.  Run "cmake --help-policy CMP0144" for policy details.  Use the
  cmake_policy command to set the policy and suppress this warning.

  CMake variable EIGEN_ROOT is set to:

    /usr/include/eigen3

  For compatibility, find_package is ignoring the variable, but code in a
  .cmake module might still use it.
Call Stack (most recent call first):
  /usr/lib/x86_64-linux-gnu/cmake/pcl/PCLConfig.cmake:299 (find_eigen)
  /usr/lib/x86_64-linux-gnu/cmake/pcl/PCLConfig.cmake:543 (find_external_library)
  /opt/ros/humble/share/pcl_conversions/cmake/ament_cmake_export_dependencies-extras.cmake:21 (find_package)
  /opt/ros/humble/share/pcl_conversions/cmake/pcl_conversionsConfig.cmake:41 (include)
  /home/cityu-fsm-lab-carla/Workspace/autoware/install/tier4_autoware_utils/share/tier4_autoware_utils/cmake/ament_cmake_export_dependencies-extras.cmake:21 (find_package)
  /home/cityu-fsm-lab-carla/Workspace/autoware/install/tier4_autoware_utils/share/tier4_autoware_utils/cmake/tier4_autoware_utilsConfig.cmake:41 (include)
  /opt/ros/humble/share/ament_cmake_auto/cmake/ament_auto_find_build_dependencies.cmake:67 (find_package)
  /home/cityu-fsm-lab-carla/Workspace/autoware/install/autoware_cmake/share/autoware_cmake/cmake/autoware_package.cmake:49 (ament_auto_find_build_dependencies)
  CMakeLists.txt:5 (autoware_package)
This warning is for project developers.  Use -Wno-dev to suppress it.

CMake Warning (dev) at /usr/lib/x86_64-linux-gnu/cmake/pcl/Modules/FindFLANN.cmake:44 (find_package):
  Policy CMP0144 is not set: find_package uses upper-case <PACKAGENAME>_ROOT
  variables.  Run "cmake --help-policy CMP0144" for policy details.  Use the
  cmake_policy command to set the policy and suppress this warning.

  CMake variable FLANN_ROOT is set to:

    /usr

  For compatibility, find_package is ignoring the variable, but code in a
  .cmake module might still use it.
Call Stack (most recent call first):
  /usr/lib/x86_64-linux-gnu/cmake/pcl/PCLConfig.cmake:256 (find_package)
  /usr/lib/x86_64-linux-gnu/cmake/pcl/PCLConfig.cmake:301 (find_flann)
  /usr/lib/x86_64-linux-gnu/cmake/pcl/PCLConfig.cmake:543 (find_external_library)
  /opt/ros/humble/share/pcl_conversions/cmake/ament_cmake_export_dependencies-extras.cmake:21 (find_package)
  /opt/ros/humble/share/pcl_conversions/cmake/pcl_conversionsConfig.cmake:41 (include)
  /home/cityu-fsm-lab-carla/Workspace/autoware/install/tier4_autoware_utils/share/tier4_autoware_utils/cmake/ament_cmake_export_dependencies-extras.cmake:21 (find_package)
  /home/cityu-fsm-lab-carla/Workspace/autoware/install/tier4_autoware_utils/share/tier4_autoware_utils/cmake/tier4_autoware_utilsConfig.cmake:41 (include)
  /opt/ros/humble/share/ament_cmake_auto/cmake/ament_auto_find_build_dependencies.cmake:67 (find_package)
  /home/cityu-fsm-lab-carla/Workspace/autoware/install/autoware_cmake/share/autoware_cmake/cmake/autoware_package.cmake:49 (ament_auto_find_build_dependencies)
  CMakeLists.txt:5 (autoware_package)
This warning is for project developers.  Use -Wno-dev to suppress it.

---
Finished <<< tier4_system_rviz_plugin [11.7s]
Starting >>> tier4_traffic_light_rviz_plugin
Finished <<< tier4_traffic_light_rviz_plugin [12.4s]
Starting >>> tier4_vehicle_rviz_plugin
--- stderr: tier4_vehicle_rviz_plugin
CMake Warning (dev) at /usr/lib/x86_64-linux-gnu/cmake/pcl/PCLConfig.cmake:146 (find_package):
  Policy CMP0144 is not set: find_package uses upper-case <PACKAGENAME>_ROOT
  variables.  Run "cmake --help-policy CMP0144" for policy details.  Use the
  cmake_policy command to set the policy and suppress this warning.

  CMake variable EIGEN_ROOT is set to:

    /usr/include/eigen3

  For compatibility, find_package is ignoring the variable, but code in a
  .cmake module might still use it.
Call Stack (most recent call first):
  /usr/lib/x86_64-linux-gnu/cmake/pcl/PCLConfig.cmake:299 (find_eigen)
  /usr/lib/x86_64-linux-gnu/cmake/pcl/PCLConfig.cmake:543 (find_external_library)
  /opt/ros/humble/share/pcl_conversions/cmake/ament_cmake_export_dependencies-extras.cmake:21 (find_package)
  /opt/ros/humble/share/pcl_conversions/cmake/pcl_conversionsConfig.cmake:41 (include)
  /home/cityu-fsm-lab-carla/Workspace/autoware/install/tier4_autoware_utils/share/tier4_autoware_utils/cmake/ament_cmake_export_dependencies-extras.cmake:21 (find_package)
  /home/cityu-fsm-lab-carla/Workspace/autoware/install/tier4_autoware_utils/share/tier4_autoware_utils/cmake/tier4_autoware_utilsConfig.cmake:41 (include)
  /opt/ros/humble/share/ament_cmake_auto/cmake/ament_auto_find_build_dependencies.cmake:67 (find_package)
  /home/cityu-fsm-lab-carla/Workspace/autoware/install/autoware_cmake/share/autoware_cmake/cmake/autoware_package.cmake:49 (ament_auto_find_build_dependencies)
  CMakeLists.txt:5 (autoware_package)
This warning is for project developers.  Use -Wno-dev to suppress it.

CMake Warning (dev) at /usr/lib/x86_64-linux-gnu/cmake/pcl/Modules/FindFLANN.cmake:44 (find_package):
  Policy CMP0144 is not set: find_package uses upper-case <PACKAGENAME>_ROOT
  variables.  Run "cmake --help-policy CMP0144" for policy details.  Use the
  cmake_policy command to set the policy and suppress this warning.

  CMake variable FLANN_ROOT is set to:

    /usr

  For compatibility, find_package is ignoring the variable, but code in a
  .cmake module might still use it.
Call Stack (most recent call first):
  /usr/lib/x86_64-linux-gnu/cmake/pcl/PCLConfig.cmake:256 (find_package)
  /usr/lib/x86_64-linux-gnu/cmake/pcl/PCLConfig.cmake:301 (find_flann)
  /usr/lib/x86_64-linux-gnu/cmake/pcl/PCLConfig.cmake:543 (find_external_library)
  /opt/ros/humble/share/pcl_conversions/cmake/ament_cmake_export_dependencies-extras.cmake:21 (find_package)
  /opt/ros/humble/share/pcl_conversions/cmake/pcl_conversionsConfig.cmake:41 (include)
  /home/cityu-fsm-lab-carla/Workspace/autoware/install/tier4_autoware_utils/share/tier4_autoware_utils/cmake/ament_cmake_export_dependencies-extras.cmake:21 (find_package)
  /home/cityu-fsm-lab-carla/Workspace/autoware/install/tier4_autoware_utils/share/tier4_autoware_utils/cmake/tier4_autoware_utilsConfig.cmake:41 (include)
  /opt/ros/humble/share/ament_cmake_auto/cmake/ament_auto_find_build_dependencies.cmake:67 (find_package)
  /home/cityu-fsm-lab-carla/Workspace/autoware/install/autoware_cmake/share/autoware_cmake/cmake/autoware_package.cmake:49 (ament_auto_find_build_dependencies)
  CMakeLists.txt:5 (autoware_package)
This warning is for project developers.  Use -Wno-dev to suppress it.

---
Finished <<< tier4_vehicle_rviz_plugin [19.2s]
Starting >>> traffic_light_recognition_marker_publisher
--- stderr: traffic_light_recognition_marker_publisher
CMake Warning (dev) at /usr/lib/x86_64-linux-gnu/cmake/pcl/PCLConfig.cmake:146 (find_package):
  Policy CMP0144 is not set: find_package uses upper-case <PACKAGENAME>_ROOT
  variables.  Run "cmake --help-policy CMP0144" for policy details.  Use the
  cmake_policy command to set the policy and suppress this warning.

  CMake variable EIGEN_ROOT is set to:

    /usr/include/eigen3

  For compatibility, find_package is ignoring the variable, but code in a
  .cmake module might still use it.
Call Stack (most recent call first):
  /usr/lib/x86_64-linux-gnu/cmake/pcl/PCLConfig.cmake:299 (find_eigen)
  /usr/lib/x86_64-linux-gnu/cmake/pcl/PCLConfig.cmake:543 (find_external_library)
  /opt/ros/humble/share/pcl_conversions/cmake/ament_cmake_export_dependencies-extras.cmake:21 (find_package)
  /opt/ros/humble/share/pcl_conversions/cmake/pcl_conversionsConfig.cmake:41 (include)
  /home/cityu-fsm-lab-carla/Workspace/autoware/install/tier4_autoware_utils/share/tier4_autoware_utils/cmake/ament_cmake_export_dependencies-extras.cmake:21 (find_package)
  /home/cityu-fsm-lab-carla/Workspace/autoware/install/tier4_autoware_utils/share/tier4_autoware_utils/cmake/tier4_autoware_utilsConfig.cmake:41 (include)
  /opt/ros/humble/share/ament_cmake_auto/cmake/ament_auto_find_build_dependencies.cmake:67 (find_package)
  /home/cityu-fsm-lab-carla/Workspace/autoware/install/autoware_cmake/share/autoware_cmake/cmake/autoware_package.cmake:49 (ament_auto_find_build_dependencies)
  CMakeLists.txt:5 (autoware_package)
This warning is for project developers.  Use -Wno-dev to suppress it.

CMake Warning (dev) at /opt/ros/humble/share/mrt_cmake_modules/cmake/Modules/FindFLANN.cmake:45 (find_package):
  Policy CMP0144 is not set: find_package uses upper-case <PACKAGENAME>_ROOT
  variables.  Run "cmake --help-policy CMP0144" for policy details.  Use the
  cmake_policy command to set the policy and suppress this warning.

  CMake variable FLANN_ROOT is set to:

    /usr

  For compatibility, find_package is ignoring the variable, but code in a
  .cmake module might still use it.
Call Stack (most recent call first):
  /usr/lib/x86_64-linux-gnu/cmake/pcl/PCLConfig.cmake:256 (find_package)
  /usr/lib/x86_64-linux-gnu/cmake/pcl/PCLConfig.cmake:301 (find_flann)
  /usr/lib/x86_64-linux-gnu/cmake/pcl/PCLConfig.cmake:543 (find_external_library)
  /opt/ros/humble/share/pcl_conversions/cmake/ament_cmake_export_dependencies-extras.cmake:21 (find_package)
  /opt/ros/humble/share/pcl_conversions/cmake/pcl_conversionsConfig.cmake:41 (include)
  /home/cityu-fsm-lab-carla/Workspace/autoware/install/tier4_autoware_utils/share/tier4_autoware_utils/cmake/ament_cmake_export_dependencies-extras.cmake:21 (find_package)
  /home/cityu-fsm-lab-carla/Workspace/autoware/install/tier4_autoware_utils/share/tier4_autoware_utils/cmake/tier4_autoware_utilsConfig.cmake:41 (include)
  /opt/ros/humble/share/ament_cmake_auto/cmake/ament_auto_find_build_dependencies.cmake:67 (find_package)
  /home/cityu-fsm-lab-carla/Workspace/autoware/install/autoware_cmake/share/autoware_cmake/cmake/autoware_package.cmake:49 (ament_auto_find_build_dependencies)
  CMakeLists.txt:5 (autoware_package)
This warning is for project developers.  Use -Wno-dev to suppress it.

---
Finished <<< traffic_light_recognition_marker_publisher [13.9s]
Starting >>> elevation_map_loader
--- stderr: elevation_map_loader
CMake Warning (dev) at /usr/lib/x86_64-linux-gnu/cmake/pcl/PCLConfig.cmake:146 (find_package):
  Policy CMP0144 is not set: find_package uses upper-case <PACKAGENAME>_ROOT
  variables.  Run "cmake --help-policy CMP0144" for policy details.  Use the
  cmake_policy command to set the policy and suppress this warning.

  CMake variable EIGEN_ROOT is set to:

    /usr/include/eigen3

  For compatibility, find_package is ignoring the variable, but code in a
  .cmake module might still use it.
Call Stack (most recent call first):
  /usr/lib/x86_64-linux-gnu/cmake/pcl/PCLConfig.cmake:299 (find_eigen)
  /usr/lib/x86_64-linux-gnu/cmake/pcl/PCLConfig.cmake:543 (find_external_library)
  /opt/ros/humble/share/pcl_conversions/cmake/ament_cmake_export_dependencies-extras.cmake:21 (find_package)
  /opt/ros/humble/share/pcl_conversions/cmake/pcl_conversionsConfig.cmake:41 (include)
  /home/cityu-fsm-lab-carla/Workspace/autoware/install/tier4_autoware_utils/share/tier4_autoware_utils/cmake/ament_cmake_export_dependencies-extras.cmake:21 (find_package)
  /home/cityu-fsm-lab-carla/Workspace/autoware/install/tier4_autoware_utils/share/tier4_autoware_utils/cmake/tier4_autoware_utilsConfig.cmake:41 (include)
  /home/cityu-fsm-lab-carla/Workspace/autoware/install/grid_map_utils/share/grid_map_utils/cmake/ament_cmake_export_dependencies-extras.cmake:21 (find_package)
  /home/cityu-fsm-lab-carla/Workspace/autoware/install/grid_map_utils/share/grid_map_utils/cmake/grid_map_utilsConfig.cmake:41 (include)
  /opt/ros/humble/share/ament_cmake_auto/cmake/ament_auto_find_build_dependencies.cmake:67 (find_package)
  /home/cityu-fsm-lab-carla/Workspace/autoware/install/autoware_cmake/share/autoware_cmake/cmake/autoware_package.cmake:49 (ament_auto_find_build_dependencies)
  CMakeLists.txt:5 (autoware_package)
This warning is for project developers.  Use -Wno-dev to suppress it.

CMake Warning (dev) at /usr/lib/x86_64-linux-gnu/cmake/pcl/Modules/FindFLANN.cmake:44 (find_package):
  Policy CMP0144 is not set: find_package uses upper-case <PACKAGENAME>_ROOT
  variables.  Run "cmake --help-policy CMP0144" for policy details.  Use the
  cmake_policy command to set the policy and suppress this warning.

  CMake variable FLANN_ROOT is set to:

    /usr

  For compatibility, find_package is ignoring the variable, but code in a
  .cmake module might still use it.
Call Stack (most recent call first):
  /usr/lib/x86_64-linux-gnu/cmake/pcl/PCLConfig.cmake:256 (find_package)
  /usr/lib/x86_64-linux-gnu/cmake/pcl/PCLConfig.cmake:301 (find_flann)
  /usr/lib/x86_64-linux-gnu/cmake/pcl/PCLConfig.cmake:543 (find_external_library)
  /opt/ros/humble/share/pcl_conversions/cmake/ament_cmake_export_dependencies-extras.cmake:21 (find_package)
  /opt/ros/humble/share/pcl_conversions/cmake/pcl_conversionsConfig.cmake:41 (include)
  /home/cityu-fsm-lab-carla/Workspace/autoware/install/tier4_autoware_utils/share/tier4_autoware_utils/cmake/ament_cmake_export_dependencies-extras.cmake:21 (find_package)
  /home/cityu-fsm-lab-carla/Workspace/autoware/install/tier4_autoware_utils/share/tier4_autoware_utils/cmake/tier4_autoware_utilsConfig.cmake:41 (include)
  /home/cityu-fsm-lab-carla/Workspace/autoware/install/grid_map_utils/share/grid_map_utils/cmake/ament_cmake_export_dependencies-extras.cmake:21 (find_package)
  /home/cityu-fsm-lab-carla/Workspace/autoware/install/grid_map_utils/share/grid_map_utils/cmake/grid_map_utilsConfig.cmake:41 (include)
  /opt/ros/humble/share/ament_cmake_auto/cmake/ament_auto_find_build_dependencies.cmake:67 (find_package)
  /home/cityu-fsm-lab-carla/Workspace/autoware/install/autoware_cmake/share/autoware_cmake/cmake/autoware_package.cmake:49 (ament_auto_find_build_dependencies)
  CMakeLists.txt:5 (autoware_package)
This warning is for project developers.  Use -Wno-dev to suppress it.

CMake Warning at CMakeLists.txt:16 (find_package):
  By not providing "Findrosbag2_storage_sqlite3.cmake" in CMAKE_MODULE_PATH
  this project has asked CMake to find a package configuration file provided
  by "rosbag2_storage_sqlite3", but CMake did not find one.

  Could not find a package configuration file provided by
  "rosbag2_storage_sqlite3" with any of the following names:

    rosbag2_storage_sqlite3Config.cmake
    rosbag2_storage_sqlite3-config.cmake

  Add the installation prefix of "rosbag2_storage_sqlite3" to
  CMAKE_PREFIX_PATH or set "rosbag2_storage_sqlite3_DIR" to a directory
  containing one of the above files.  If "rosbag2_storage_sqlite3" provides a
  separate development package or SDK, be sure it has been installed.


---
Finished <<< elevation_map_loader [29.7s]
Starting >>> lidar_apollo_segmentation_tvm_nodes
--- stderr: lidar_apollo_segmentation_tvm_nodes
CMake Warning (dev) at /usr/lib/x86_64-linux-gnu/cmake/pcl/PCLConfig.cmake:146 (find_package):
  Policy CMP0144 is not set: find_package uses upper-case <PACKAGENAME>_ROOT
  variables.  Run "cmake --help-policy CMP0144" for policy details.  Use the
  cmake_policy command to set the policy and suppress this warning.

  CMake variable EIGEN_ROOT is set to:

    /usr/include/eigen3

  For compatibility, find_package is ignoring the variable, but code in a
  .cmake module might still use it.
Call Stack (most recent call first):
  /usr/lib/x86_64-linux-gnu/cmake/pcl/PCLConfig.cmake:299 (find_eigen)
  /usr/lib/x86_64-linux-gnu/cmake/pcl/PCLConfig.cmake:543 (find_external_library)
  /opt/ros/humble/share/pcl_conversions/cmake/ament_cmake_export_dependencies-extras.cmake:21 (find_package)
  /opt/ros/humble/share/pcl_conversions/cmake/pcl_conversionsConfig.cmake:41 (include)
  /home/cityu-fsm-lab-carla/Workspace/autoware/install/lidar_apollo_segmentation_tvm/share/lidar_apollo_segmentation_tvm/cmake/ament_cmake_export_dependencies-extras.cmake:21 (find_package)
  /home/cityu-fsm-lab-carla/Workspace/autoware/install/lidar_apollo_segmentation_tvm/share/lidar_apollo_segmentation_tvm/cmake/lidar_apollo_segmentation_tvmConfig.cmake:41 (include)
  /opt/ros/humble/share/ament_cmake_auto/cmake/ament_auto_find_build_dependencies.cmake:67 (find_package)
  /home/cityu-fsm-lab-carla/Workspace/autoware/install/autoware_cmake/share/autoware_cmake/cmake/autoware_package.cmake:49 (ament_auto_find_build_dependencies)
  CMakeLists.txt:19 (autoware_package)
This warning is for project developers.  Use -Wno-dev to suppress it.

CMake Warning (dev) at /usr/lib/x86_64-linux-gnu/cmake/pcl/Modules/FindFLANN.cmake:44 (find_package):
  Policy CMP0144 is not set: find_package uses upper-case <PACKAGENAME>_ROOT
  variables.  Run "cmake --help-policy CMP0144" for policy details.  Use the
  cmake_policy command to set the policy and suppress this warning.

  CMake variable FLANN_ROOT is set to:

    /usr

  For compatibility, find_package is ignoring the variable, but code in a
  .cmake module might still use it.
Call Stack (most recent call first):
  /usr/lib/x86_64-linux-gnu/cmake/pcl/PCLConfig.cmake:256 (find_package)
  /usr/lib/x86_64-linux-gnu/cmake/pcl/PCLConfig.cmake:301 (find_flann)
  /usr/lib/x86_64-linux-gnu/cmake/pcl/PCLConfig.cmake:543 (find_external_library)
  /opt/ros/humble/share/pcl_conversions/cmake/ament_cmake_export_dependencies-extras.cmake:21 (find_package)
  /opt/ros/humble/share/pcl_conversions/cmake/pcl_conversionsConfig.cmake:41 (include)
  /home/cityu-fsm-lab-carla/Workspace/autoware/install/lidar_apollo_segmentation_tvm/share/lidar_apollo_segmentation_tvm/cmake/ament_cmake_export_dependencies-extras.cmake:21 (find_package)
  /home/cityu-fsm-lab-carla/Workspace/autoware/install/lidar_apollo_segmentation_tvm/share/lidar_apollo_segmentation_tvm/cmake/lidar_apollo_segmentation_tvmConfig.cmake:41 (include)
  /opt/ros/humble/share/ament_cmake_auto/cmake/ament_auto_find_build_dependencies.cmake:67 (find_package)
  /home/cityu-fsm-lab-carla/Workspace/autoware/install/autoware_cmake/share/autoware_cmake/cmake/autoware_package.cmake:49 (ament_auto_find_build_dependencies)
  CMakeLists.txt:19 (autoware_package)
This warning is for project developers.  Use -Wno-dev to suppress it.

CMake Warning (dev) at /opt/ros/humble/share/python_cmake_module/cmake/Modules/FindPythonExtra.cmake:52 (find_package):
  Policy CMP0148 is not set: The FindPythonInterp and FindPythonLibs modules
  are removed.  Run "cmake --help-policy CMP0148" for policy details.  Use
  the cmake_policy command to set the policy and suppress this warning.

Call Stack (most recent call first):
  /opt/ros/humble/share/launch_testing_ament_cmake/cmake/launch_testing_ament_cmake-extras.cmake:18 (find_package)
  /opt/ros/humble/share/launch_testing_ament_cmake/cmake/launch_testing_ament_cmakeConfig.cmake:41 (include)
  /opt/ros/humble/share/ros_testing/cmake/ros_testing-extras.cmake:15 (find_package)
  /opt/ros/humble/share/ros_testing/cmake/ros_testingConfig.cmake:41 (include)
  /opt/ros/humble/share/ament_lint_auto/cmake/ament_lint_auto_find_test_dependencies.cmake:36 (find_package)
  /home/cityu-fsm-lab-carla/Workspace/autoware/install/autoware_cmake/share/autoware_cmake/cmake/autoware_package.cmake:67 (ament_lint_auto_find_test_dependencies)
  CMakeLists.txt:19 (autoware_package)
This warning is for project developers.  Use -Wno-dev to suppress it.

CMake Warning (dev) at /opt/ros/humble/share/python_cmake_module/cmake/Modules/FindPythonExtra.cmake:140 (find_package):
  Policy CMP0148 is not set: The FindPythonInterp and FindPythonLibs modules
  are removed.  Run "cmake --help-policy CMP0148" for policy details.  Use
  the cmake_policy command to set the policy and suppress this warning.

Call Stack (most recent call first):
  /opt/ros/humble/share/launch_testing_ament_cmake/cmake/launch_testing_ament_cmake-extras.cmake:18 (find_package)
  /opt/ros/humble/share/launch_testing_ament_cmake/cmake/launch_testing_ament_cmakeConfig.cmake:41 (include)
  /opt/ros/humble/share/ros_testing/cmake/ros_testing-extras.cmake:15 (find_package)
  /opt/ros/humble/share/ros_testing/cmake/ros_testingConfig.cmake:41 (include)
  /opt/ros/humble/share/ament_lint_auto/cmake/ament_lint_auto_find_test_dependencies.cmake:36 (find_package)
  /home/cityu-fsm-lab-carla/Workspace/autoware/install/autoware_cmake/share/autoware_cmake/cmake/autoware_package.cmake:67 (ament_lint_auto_find_test_dependencies)
  CMakeLists.txt:19 (autoware_package)
This warning is for project developers.  Use -Wno-dev to suppress it.

---
Finished <<< lidar_apollo_segmentation_tvm_nodes [13.1s]
Starting >>> obstacle_collision_checker
--- stderr: obstacle_collision_checker
CMake Warning (dev) at /usr/lib/x86_64-linux-gnu/cmake/pcl/PCLConfig.cmake:146 (find_package):
  Policy CMP0144 is not set: find_package uses upper-case <PACKAGENAME>_ROOT
  variables.  Run "cmake --help-policy CMP0144" for policy details.  Use the
  cmake_policy command to set the policy and suppress this warning.

  CMake variable EIGEN_ROOT is set to:

    /usr/include/eigen3

  For compatibility, find_package is ignoring the variable, but code in a
  .cmake module might still use it.
Call Stack (most recent call first):
  /usr/lib/x86_64-linux-gnu/cmake/pcl/PCLConfig.cmake:299 (find_eigen)
  /usr/lib/x86_64-linux-gnu/cmake/pcl/PCLConfig.cmake:543 (find_external_library)
  /opt/ros/humble/share/pcl_conversions/cmake/ament_cmake_export_dependencies-extras.cmake:21 (find_package)
  /opt/ros/humble/share/pcl_conversions/cmake/pcl_conversionsConfig.cmake:41 (include)
  /opt/ros/humble/share/pcl_ros/cmake/ament_cmake_export_dependencies-extras.cmake:21 (find_package)
  /opt/ros/humble/share/pcl_ros/cmake/pcl_rosConfig.cmake:41 (include)
  /opt/ros/humble/share/ament_cmake_auto/cmake/ament_auto_find_build_dependencies.cmake:67 (find_package)
  /home/cityu-fsm-lab-carla/Workspace/autoware/install/autoware_cmake/share/autoware_cmake/cmake/autoware_package.cmake:49 (ament_auto_find_build_dependencies)
  CMakeLists.txt:5 (autoware_package)
This warning is for project developers.  Use -Wno-dev to suppress it.

CMake Warning (dev) at /usr/lib/x86_64-linux-gnu/cmake/pcl/Modules/FindFLANN.cmake:44 (find_package):
  Policy CMP0144 is not set: find_package uses upper-case <PACKAGENAME>_ROOT
  variables.  Run "cmake --help-policy CMP0144" for policy details.  Use the
  cmake_policy command to set the policy and suppress this warning.

  CMake variable FLANN_ROOT is set to:

    /usr

  For compatibility, find_package is ignoring the variable, but code in a
  .cmake module might still use it.
Call Stack (most recent call first):
  /usr/lib/x86_64-linux-gnu/cmake/pcl/PCLConfig.cmake:256 (find_package)
  /usr/lib/x86_64-linux-gnu/cmake/pcl/PCLConfig.cmake:301 (find_flann)
  /usr/lib/x86_64-linux-gnu/cmake/pcl/PCLConfig.cmake:543 (find_external_library)
  /opt/ros/humble/share/pcl_conversions/cmake/ament_cmake_export_dependencies-extras.cmake:21 (find_package)
  /opt/ros/humble/share/pcl_conversions/cmake/pcl_conversionsConfig.cmake:41 (include)
  /opt/ros/humble/share/pcl_ros/cmake/ament_cmake_export_dependencies-extras.cmake:21 (find_package)
  /opt/ros/humble/share/pcl_ros/cmake/pcl_rosConfig.cmake:41 (include)
  /opt/ros/humble/share/ament_cmake_auto/cmake/ament_auto_find_build_dependencies.cmake:67 (find_package)
  /home/cityu-fsm-lab-carla/Workspace/autoware/install/autoware_cmake/share/autoware_cmake/cmake/autoware_package.cmake:49 (ament_auto_find_build_dependencies)
  CMakeLists.txt:5 (autoware_package)
This warning is for project developers.  Use -Wno-dev to suppress it.

---
Finished <<< obstacle_collision_checker [24.3s]
Starting >>> pacmod_interface
--- stderr: pacmod_interface
CMake Warning (dev) at /usr/lib/x86_64-linux-gnu/cmake/pcl/PCLConfig.cmake:146 (find_package):
  Policy CMP0144 is not set: find_package uses upper-case <PACKAGENAME>_ROOT
  variables.  Run "cmake --help-policy CMP0144" for policy details.  Use the
  cmake_policy command to set the policy and suppress this warning.

  CMake variable EIGEN_ROOT is set to:

    /usr/include/eigen3

  For compatibility, find_package is ignoring the variable, but code in a
  .cmake module might still use it.
Call Stack (most recent call first):
  /usr/lib/x86_64-linux-gnu/cmake/pcl/PCLConfig.cmake:299 (find_eigen)
  /usr/lib/x86_64-linux-gnu/cmake/pcl/PCLConfig.cmake:543 (find_external_library)
  /opt/ros/humble/share/pcl_conversions/cmake/ament_cmake_export_dependencies-extras.cmake:21 (find_package)
  /opt/ros/humble/share/pcl_conversions/cmake/pcl_conversionsConfig.cmake:41 (include)
  /home/cityu-fsm-lab-carla/Workspace/autoware/install/tier4_autoware_utils/share/tier4_autoware_utils/cmake/ament_cmake_export_dependencies-extras.cmake:21 (find_package)
  /home/cityu-fsm-lab-carla/Workspace/autoware/install/tier4_autoware_utils/share/tier4_autoware_utils/cmake/tier4_autoware_utilsConfig.cmake:41 (include)
  /home/cityu-fsm-lab-carla/Workspace/autoware/install/vehicle_info_util/share/vehicle_info_util/cmake/ament_cmake_export_dependencies-extras.cmake:21 (find_package)
  /home/cityu-fsm-lab-carla/Workspace/autoware/install/vehicle_info_util/share/vehicle_info_util/cmake/vehicle_info_utilConfig.cmake:41 (include)
  /opt/ros/humble/share/ament_cmake_auto/cmake/ament_auto_find_build_dependencies.cmake:67 (find_package)
  CMakeLists.txt:5 (ament_auto_find_build_dependencies)
This warning is for project developers.  Use -Wno-dev to suppress it.

CMake Warning (dev) at /usr/lib/x86_64-linux-gnu/cmake/pcl/Modules/FindFLANN.cmake:44 (find_package):
  Policy CMP0144 is not set: find_package uses upper-case <PACKAGENAME>_ROOT
  variables.  Run "cmake --help-policy CMP0144" for policy details.  Use the
  cmake_policy command to set the policy and suppress this warning.

  CMake variable FLANN_ROOT is set to:

    /usr

  For compatibility, find_package is ignoring the variable, but code in a
  .cmake module might still use it.
Call Stack (most recent call first):
  /usr/lib/x86_64-linux-gnu/cmake/pcl/PCLConfig.cmake:256 (find_package)
  /usr/lib/x86_64-linux-gnu/cmake/pcl/PCLConfig.cmake:301 (find_flann)
  /usr/lib/x86_64-linux-gnu/cmake/pcl/PCLConfig.cmake:543 (find_external_library)
  /opt/ros/humble/share/pcl_conversions/cmake/ament_cmake_export_dependencies-extras.cmake:21 (find_package)
  /opt/ros/humble/share/pcl_conversions/cmake/pcl_conversionsConfig.cmake:41 (include)
  /home/cityu-fsm-lab-carla/Workspace/autoware/install/tier4_autoware_utils/share/tier4_autoware_utils/cmake/ament_cmake_export_dependencies-extras.cmake:21 (find_package)
  /home/cityu-fsm-lab-carla/Workspace/autoware/install/tier4_autoware_utils/share/tier4_autoware_utils/cmake/tier4_autoware_utilsConfig.cmake:41 (include)
  /home/cityu-fsm-lab-carla/Workspace/autoware/install/vehicle_info_util/share/vehicle_info_util/cmake/ament_cmake_export_dependencies-extras.cmake:21 (find_package)
  /home/cityu-fsm-lab-carla/Workspace/autoware/install/vehicle_info_util/share/vehicle_info_util/cmake/vehicle_info_utilConfig.cmake:41 (include)
  /opt/ros/humble/share/ament_cmake_auto/cmake/ament_auto_find_build_dependencies.cmake:67 (find_package)
  CMakeLists.txt:5 (ament_auto_find_build_dependencies)
This warning is for project developers.  Use -Wno-dev to suppress it.

---
[Processing: pacmod_interface]
Finished <<< pacmod_interface [39.2s]
Starting >>> tier4_localization_rviz_plugin
--- stderr: tier4_localization_rviz_plugin
CMake Warning (dev) at /usr/lib/x86_64-linux-gnu/cmake/pcl/PCLConfig.cmake:146 (find_package):
  Policy CMP0144 is not set: find_package uses upper-case <PACKAGENAME>_ROOT
  variables.  Run "cmake --help-policy CMP0144" for policy details.  Use the
  cmake_policy command to set the policy and suppress this warning.

  CMake variable EIGEN_ROOT is set to:

    /usr/include/eigen3

  For compatibility, find_package is ignoring the variable, but code in a
  .cmake module might still use it.
Call Stack (most recent call first):
  /usr/lib/x86_64-linux-gnu/cmake/pcl/PCLConfig.cmake:299 (find_eigen)
  /usr/lib/x86_64-linux-gnu/cmake/pcl/PCLConfig.cmake:543 (find_external_library)
  /opt/ros/humble/share/pcl_conversions/cmake/ament_cmake_export_dependencies-extras.cmake:21 (find_package)
  /opt/ros/humble/share/pcl_conversions/cmake/pcl_conversionsConfig.cmake:41 (include)
  /home/cityu-fsm-lab-carla/Workspace/autoware/install/tier4_autoware_utils/share/tier4_autoware_utils/cmake/ament_cmake_export_dependencies-extras.cmake:21 (find_package)
  /home/cityu-fsm-lab-carla/Workspace/autoware/install/tier4_autoware_utils/share/tier4_autoware_utils/cmake/tier4_autoware_utilsConfig.cmake:41 (include)
  /home/cityu-fsm-lab-carla/Workspace/autoware/install/vehicle_info_util/share/vehicle_info_util/cmake/ament_cmake_export_dependencies-extras.cmake:21 (find_package)
  /home/cityu-fsm-lab-carla/Workspace/autoware/install/vehicle_info_util/share/vehicle_info_util/cmake/vehicle_info_utilConfig.cmake:41 (include)
  /opt/ros/humble/share/ament_cmake_auto/cmake/ament_auto_find_build_dependencies.cmake:67 (find_package)
  /home/cityu-fsm-lab-carla/Workspace/autoware/install/autoware_cmake/share/autoware_cmake/cmake/autoware_package.cmake:49 (ament_auto_find_build_dependencies)
  CMakeLists.txt:5 (autoware_package)
This warning is for project developers.  Use -Wno-dev to suppress it.

CMake Warning (dev) at /usr/lib/x86_64-linux-gnu/cmake/pcl/Modules/FindFLANN.cmake:44 (find_package):
  Policy CMP0144 is not set: find_package uses upper-case <PACKAGENAME>_ROOT
  variables.  Run "cmake --help-policy CMP0144" for policy details.  Use the
  cmake_policy command to set the policy and suppress this warning.

  CMake variable FLANN_ROOT is set to:

    /usr

  For compatibility, find_package is ignoring the variable, but code in a
  .cmake module might still use it.
Call Stack (most recent call first):
  /usr/lib/x86_64-linux-gnu/cmake/pcl/PCLConfig.cmake:256 (find_package)
  /usr/lib/x86_64-linux-gnu/cmake/pcl/PCLConfig.cmake:301 (find_flann)
  /usr/lib/x86_64-linux-gnu/cmake/pcl/PCLConfig.cmake:543 (find_external_library)
  /opt/ros/humble/share/pcl_conversions/cmake/ament_cmake_export_dependencies-extras.cmake:21 (find_package)
  /opt/ros/humble/share/pcl_conversions/cmake/pcl_conversionsConfig.cmake:41 (include)
  /home/cityu-fsm-lab-carla/Workspace/autoware/install/tier4_autoware_utils/share/tier4_autoware_utils/cmake/ament_cmake_export_dependencies-extras.cmake:21 (find_package)
  /home/cityu-fsm-lab-carla/Workspace/autoware/install/tier4_autoware_utils/share/tier4_autoware_utils/cmake/tier4_autoware_utilsConfig.cmake:41 (include)
  /home/cityu-fsm-lab-carla/Workspace/autoware/install/vehicle_info_util/share/vehicle_info_util/cmake/ament_cmake_export_dependencies-extras.cmake:21 (find_package)
  /home/cityu-fsm-lab-carla/Workspace/autoware/install/vehicle_info_util/share/vehicle_info_util/cmake/vehicle_info_utilConfig.cmake:41 (include)
  /opt/ros/humble/share/ament_cmake_auto/cmake/ament_auto_find_build_dependencies.cmake:67 (find_package)
  /home/cityu-fsm-lab-carla/Workspace/autoware/install/autoware_cmake/share/autoware_cmake/cmake/autoware_package.cmake:49 (ament_auto_find_build_dependencies)
  CMakeLists.txt:5 (autoware_package)
This warning is for project developers.  Use -Wno-dev to suppress it.

---
Finished <<< tier4_localization_rviz_plugin [14.5s]
Starting >>> tier4_perception_rviz_plugin
--- stderr: tier4_perception_rviz_plugin
CMake Warning (dev) at /usr/lib/x86_64-linux-gnu/cmake/pcl/PCLConfig.cmake:146 (find_package):
  Policy CMP0144 is not set: find_package uses upper-case <PACKAGENAME>_ROOT
  variables.  Run "cmake --help-policy CMP0144" for policy details.  Use the
  cmake_policy command to set the policy and suppress this warning.

  CMake variable EIGEN_ROOT is set to:

    /usr/include/eigen3

  For compatibility, find_package is ignoring the variable, but code in a
  .cmake module might still use it.
Call Stack (most recent call first):
  /usr/lib/x86_64-linux-gnu/cmake/pcl/PCLConfig.cmake:299 (find_eigen)
  /usr/lib/x86_64-linux-gnu/cmake/pcl/PCLConfig.cmake:543 (find_external_library)
  /opt/ros/humble/share/pcl_conversions/cmake/ament_cmake_export_dependencies-extras.cmake:21 (find_package)
  /opt/ros/humble/share/pcl_conversions/cmake/pcl_conversionsConfig.cmake:41 (include)
  /home/cityu-fsm-lab-carla/Workspace/autoware/install/dummy_perception_publisher/share/dummy_perception_publisher/cmake/ament_cmake_export_dependencies-extras.cmake:21 (find_package)
  /home/cityu-fsm-lab-carla/Workspace/autoware/install/dummy_perception_publisher/share/dummy_perception_publisher/cmake/dummy_perception_publisherConfig.cmake:41 (include)
  /opt/ros/humble/share/ament_cmake_auto/cmake/ament_auto_find_build_dependencies.cmake:67 (find_package)
  /home/cityu-fsm-lab-carla/Workspace/autoware/install/autoware_cmake/share/autoware_cmake/cmake/autoware_package.cmake:49 (ament_auto_find_build_dependencies)
  CMakeLists.txt:5 (autoware_package)
This warning is for project developers.  Use -Wno-dev to suppress it.

CMake Warning (dev) at /usr/lib/x86_64-linux-gnu/cmake/pcl/Modules/FindFLANN.cmake:44 (find_package):
  Policy CMP0144 is not set: find_package uses upper-case <PACKAGENAME>_ROOT
  variables.  Run "cmake --help-policy CMP0144" for policy details.  Use the
  cmake_policy command to set the policy and suppress this warning.

  CMake variable FLANN_ROOT is set to:

    /usr

  For compatibility, find_package is ignoring the variable, but code in a
  .cmake module might still use it.
Call Stack (most recent call first):
  /usr/lib/x86_64-linux-gnu/cmake/pcl/PCLConfig.cmake:256 (find_package)
  /usr/lib/x86_64-linux-gnu/cmake/pcl/PCLConfig.cmake:301 (find_flann)
  /usr/lib/x86_64-linux-gnu/cmake/pcl/PCLConfig.cmake:543 (find_external_library)
  /opt/ros/humble/share/pcl_conversions/cmake/ament_cmake_export_dependencies-extras.cmake:21 (find_package)
  /opt/ros/humble/share/pcl_conversions/cmake/pcl_conversionsConfig.cmake:41 (include)
  /home/cityu-fsm-lab-carla/Workspace/autoware/install/dummy_perception_publisher/share/dummy_perception_publisher/cmake/ament_cmake_export_dependencies-extras.cmake:21 (find_package)
  /home/cityu-fsm-lab-carla/Workspace/autoware/install/dummy_perception_publisher/share/dummy_perception_publisher/cmake/dummy_perception_publisherConfig.cmake:41 (include)
  /opt/ros/humble/share/ament_cmake_auto/cmake/ament_auto_find_build_dependencies.cmake:67 (find_package)
  /home/cityu-fsm-lab-carla/Workspace/autoware/install/autoware_cmake/share/autoware_cmake/cmake/autoware_package.cmake:49 (ament_auto_find_build_dependencies)
  CMakeLists.txt:5 (autoware_package)
This warning is for project developers.  Use -Wno-dev to suppress it.

---
Finished <<< tier4_perception_rviz_plugin [8.28s]
Starting >>> accel_brake_map_calibrator
--- stderr: accel_brake_map_calibrator
CMake Warning (dev) at /usr/lib/x86_64-linux-gnu/cmake/pcl/PCLConfig.cmake:146 (find_package):
  Policy CMP0144 is not set: find_package uses upper-case <PACKAGENAME>_ROOT
  variables.  Run "cmake --help-policy CMP0144" for policy details.  Use the
  cmake_policy command to set the policy and suppress this warning.

  CMake variable EIGEN_ROOT is set to:

    /usr/include/eigen3

  For compatibility, find_package is ignoring the variable, but code in a
  .cmake module might still use it.
Call Stack (most recent call first):
  /usr/lib/x86_64-linux-gnu/cmake/pcl/PCLConfig.cmake:299 (find_eigen)
  /usr/lib/x86_64-linux-gnu/cmake/pcl/PCLConfig.cmake:543 (find_external_library)
  /opt/ros/humble/share/pcl_conversions/cmake/ament_cmake_export_dependencies-extras.cmake:21 (find_package)
  /opt/ros/humble/share/pcl_conversions/cmake/pcl_conversionsConfig.cmake:41 (include)
  /home/cityu-fsm-lab-carla/Workspace/autoware/install/tier4_autoware_utils/share/tier4_autoware_utils/cmake/ament_cmake_export_dependencies-extras.cmake:21 (find_package)
  /home/cityu-fsm-lab-carla/Workspace/autoware/install/tier4_autoware_utils/share/tier4_autoware_utils/cmake/tier4_autoware_utilsConfig.cmake:41 (include)
  /home/cityu-fsm-lab-carla/Workspace/autoware/install/interpolation/share/interpolation/cmake/ament_cmake_export_dependencies-extras.cmake:21 (find_package)
  /home/cityu-fsm-lab-carla/Workspace/autoware/install/interpolation/share/interpolation/cmake/interpolationConfig.cmake:41 (include)
  /home/cityu-fsm-lab-carla/Workspace/autoware/install/motion_utils/share/motion_utils/cmake/ament_cmake_export_dependencies-extras.cmake:21 (find_package)
  /home/cityu-fsm-lab-carla/Workspace/autoware/install/motion_utils/share/motion_utils/cmake/motion_utilsConfig.cmake:41 (include)
  /opt/ros/humble/share/ament_cmake_auto/cmake/ament_auto_find_build_dependencies.cmake:67 (find_package)
  /home/cityu-fsm-lab-carla/Workspace/autoware/install/autoware_cmake/share/autoware_cmake/cmake/autoware_package.cmake:49 (ament_auto_find_build_dependencies)
  CMakeLists.txt:5 (autoware_package)
This warning is for project developers.  Use -Wno-dev to suppress it.

CMake Warning (dev) at /usr/lib/x86_64-linux-gnu/cmake/pcl/Modules/FindFLANN.cmake:44 (find_package):
  Policy CMP0144 is not set: find_package uses upper-case <PACKAGENAME>_ROOT
  variables.  Run "cmake --help-policy CMP0144" for policy details.  Use the
  cmake_policy command to set the policy and suppress this warning.

  CMake variable FLANN_ROOT is set to:

    /usr

  For compatibility, find_package is ignoring the variable, but code in a
  .cmake module might still use it.
Call Stack (most recent call first):
  /usr/lib/x86_64-linux-gnu/cmake/pcl/PCLConfig.cmake:256 (find_package)
  /usr/lib/x86_64-linux-gnu/cmake/pcl/PCLConfig.cmake:301 (find_flann)
  /usr/lib/x86_64-linux-gnu/cmake/pcl/PCLConfig.cmake:543 (find_external_library)
  /opt/ros/humble/share/pcl_conversions/cmake/ament_cmake_export_dependencies-extras.cmake:21 (find_package)
  /opt/ros/humble/share/pcl_conversions/cmake/pcl_conversionsConfig.cmake:41 (include)
  /home/cityu-fsm-lab-carla/Workspace/autoware/install/tier4_autoware_utils/share/tier4_autoware_utils/cmake/ament_cmake_export_dependencies-extras.cmake:21 (find_package)
  /home/cityu-fsm-lab-carla/Workspace/autoware/install/tier4_autoware_utils/share/tier4_autoware_utils/cmake/tier4_autoware_utilsConfig.cmake:41 (include)
  /home/cityu-fsm-lab-carla/Workspace/autoware/install/interpolation/share/interpolation/cmake/ament_cmake_export_dependencies-extras.cmake:21 (find_package)
  /home/cityu-fsm-lab-carla/Workspace/autoware/install/interpolation/share/interpolation/cmake/interpolationConfig.cmake:41 (include)
  /home/cityu-fsm-lab-carla/Workspace/autoware/install/motion_utils/share/motion_utils/cmake/ament_cmake_export_dependencies-extras.cmake:21 (find_package)
  /home/cityu-fsm-lab-carla/Workspace/autoware/install/motion_utils/share/motion_utils/cmake/motion_utilsConfig.cmake:41 (include)
  /opt/ros/humble/share/ament_cmake_auto/cmake/ament_auto_find_build_dependencies.cmake:67 (find_package)
  /home/cityu-fsm-lab-carla/Workspace/autoware/install/autoware_cmake/share/autoware_cmake/cmake/autoware_package.cmake:49 (ament_auto_find_build_dependencies)
  CMakeLists.txt:5 (autoware_package)
This warning is for project developers.  Use -Wno-dev to suppress it.

---
Finished <<< accel_brake_map_calibrator [23.1s]
Starting >>> autonomous_emergency_braking
--- stderr: autonomous_emergency_braking
CMake Warning (dev) at /usr/lib/x86_64-linux-gnu/cmake/pcl/PCLConfig.cmake:146 (find_package):
  Policy CMP0144 is not set: find_package uses upper-case <PACKAGENAME>_ROOT
  variables.  Run "cmake --help-policy CMP0144" for policy details.  Use the
  cmake_policy command to set the policy and suppress this warning.

  CMake variable EIGEN_ROOT is set to:

    /usr/include/eigen3

  For compatibility, find_package is ignoring the variable, but code in a
  .cmake module might still use it.
Call Stack (most recent call first):
  /usr/lib/x86_64-linux-gnu/cmake/pcl/PCLConfig.cmake:299 (find_eigen)
  /usr/lib/x86_64-linux-gnu/cmake/pcl/PCLConfig.cmake:543 (find_external_library)
  /opt/ros/humble/share/pcl_conversions/cmake/ament_cmake_export_dependencies-extras.cmake:21 (find_package)
  /opt/ros/humble/share/pcl_conversions/cmake/pcl_conversionsConfig.cmake:41 (include)
  /home/cityu-fsm-lab-carla/Workspace/autoware/install/tier4_autoware_utils/share/tier4_autoware_utils/cmake/ament_cmake_export_dependencies-extras.cmake:21 (find_package)
  /home/cityu-fsm-lab-carla/Workspace/autoware/install/tier4_autoware_utils/share/tier4_autoware_utils/cmake/tier4_autoware_utilsConfig.cmake:41 (include)
  /home/cityu-fsm-lab-carla/Workspace/autoware/install/interpolation/share/interpolation/cmake/ament_cmake_export_dependencies-extras.cmake:21 (find_package)
  /home/cityu-fsm-lab-carla/Workspace/autoware/install/interpolation/share/interpolation/cmake/interpolationConfig.cmake:41 (include)
  /home/cityu-fsm-lab-carla/Workspace/autoware/install/motion_utils/share/motion_utils/cmake/ament_cmake_export_dependencies-extras.cmake:21 (find_package)
  /home/cityu-fsm-lab-carla/Workspace/autoware/install/motion_utils/share/motion_utils/cmake/motion_utilsConfig.cmake:41 (include)
  /opt/ros/humble/share/ament_cmake_auto/cmake/ament_auto_find_build_dependencies.cmake:67 (find_package)
  /home/cityu-fsm-lab-carla/Workspace/autoware/install/autoware_cmake/share/autoware_cmake/cmake/autoware_package.cmake:49 (ament_auto_find_build_dependencies)
  CMakeLists.txt:5 (autoware_package)
This warning is for project developers.  Use -Wno-dev to suppress it.

CMake Warning (dev) at /usr/lib/x86_64-linux-gnu/cmake/pcl/Modules/FindFLANN.cmake:44 (find_package):
  Policy CMP0144 is not set: find_package uses upper-case <PACKAGENAME>_ROOT
  variables.  Run "cmake --help-policy CMP0144" for policy details.  Use the
  cmake_policy command to set the policy and suppress this warning.

  CMake variable FLANN_ROOT is set to:

    /usr

  For compatibility, find_package is ignoring the variable, but code in a
  .cmake module might still use it.
Call Stack (most recent call first):
  /usr/lib/x86_64-linux-gnu/cmake/pcl/PCLConfig.cmake:256 (find_package)
  /usr/lib/x86_64-linux-gnu/cmake/pcl/PCLConfig.cmake:301 (find_flann)
  /usr/lib/x86_64-linux-gnu/cmake/pcl/PCLConfig.cmake:543 (find_external_library)
  /opt/ros/humble/share/pcl_conversions/cmake/ament_cmake_export_dependencies-extras.cmake:21 (find_package)
  /opt/ros/humble/share/pcl_conversions/cmake/pcl_conversionsConfig.cmake:41 (include)
  /home/cityu-fsm-lab-carla/Workspace/autoware/install/tier4_autoware_utils/share/tier4_autoware_utils/cmake/ament_cmake_export_dependencies-extras.cmake:21 (find_package)
  /home/cityu-fsm-lab-carla/Workspace/autoware/install/tier4_autoware_utils/share/tier4_autoware_utils/cmake/tier4_autoware_utilsConfig.cmake:41 (include)
  /home/cityu-fsm-lab-carla/Workspace/autoware/install/interpolation/share/interpolation/cmake/ament_cmake_export_dependencies-extras.cmake:21 (find_package)
  /home/cityu-fsm-lab-carla/Workspace/autoware/install/interpolation/share/interpolation/cmake/interpolationConfig.cmake:41 (include)
  /home/cityu-fsm-lab-carla/Workspace/autoware/install/motion_utils/share/motion_utils/cmake/ament_cmake_export_dependencies-extras.cmake:21 (find_package)
  /home/cityu-fsm-lab-carla/Workspace/autoware/install/motion_utils/share/motion_utils/cmake/motion_utilsConfig.cmake:41 (include)
  /opt/ros/humble/share/ament_cmake_auto/cmake/ament_auto_find_build_dependencies.cmake:67 (find_package)
  /home/cityu-fsm-lab-carla/Workspace/autoware/install/autoware_cmake/share/autoware_cmake/cmake/autoware_package.cmake:49 (ament_auto_find_build_dependencies)
  CMakeLists.txt:5 (autoware_package)
This warning is for project developers.  Use -Wno-dev to suppress it.

---
Finished <<< autonomous_emergency_braking [24.7s]
Starting >>> control_performance_analysis
--- stderr: control_performance_analysis
CMake Warning (dev) at /usr/lib/x86_64-linux-gnu/cmake/pcl/PCLConfig.cmake:146 (find_package):
  Policy CMP0144 is not set: find_package uses upper-case <PACKAGENAME>_ROOT
  variables.  Run "cmake --help-policy CMP0144" for policy details.  Use the
  cmake_policy command to set the policy and suppress this warning.

  CMake variable EIGEN_ROOT is set to:

    /usr/include/eigen3

  For compatibility, find_package is ignoring the variable, but code in a
  .cmake module might still use it.
Call Stack (most recent call first):
  /usr/lib/x86_64-linux-gnu/cmake/pcl/PCLConfig.cmake:299 (find_eigen)
  /usr/lib/x86_64-linux-gnu/cmake/pcl/PCLConfig.cmake:543 (find_external_library)
  /opt/ros/humble/share/pcl_conversions/cmake/ament_cmake_export_dependencies-extras.cmake:21 (find_package)
  /opt/ros/humble/share/pcl_conversions/cmake/pcl_conversionsConfig.cmake:41 (include)
  /home/cityu-fsm-lab-carla/Workspace/autoware/install/tier4_autoware_utils/share/tier4_autoware_utils/cmake/ament_cmake_export_dependencies-extras.cmake:21 (find_package)
  /home/cityu-fsm-lab-carla/Workspace/autoware/install/tier4_autoware_utils/share/tier4_autoware_utils/cmake/tier4_autoware_utilsConfig.cmake:41 (include)
  /home/cityu-fsm-lab-carla/Workspace/autoware/install/interpolation/share/interpolation/cmake/ament_cmake_export_dependencies-extras.cmake:21 (find_package)
  /home/cityu-fsm-lab-carla/Workspace/autoware/install/interpolation/share/interpolation/cmake/interpolationConfig.cmake:41 (include)
  /home/cityu-fsm-lab-carla/Workspace/autoware/install/motion_utils/share/motion_utils/cmake/ament_cmake_export_dependencies-extras.cmake:21 (find_package)
  /home/cityu-fsm-lab-carla/Workspace/autoware/install/motion_utils/share/motion_utils/cmake/motion_utilsConfig.cmake:41 (include)
  /opt/ros/humble/share/ament_cmake_auto/cmake/ament_auto_find_build_dependencies.cmake:67 (find_package)
  /home/cityu-fsm-lab-carla/Workspace/autoware/install/autoware_cmake/share/autoware_cmake/cmake/autoware_package.cmake:49 (ament_auto_find_build_dependencies)
  CMakeLists.txt:5 (autoware_package)
This warning is for project developers.  Use -Wno-dev to suppress it.

CMake Warning (dev) at /usr/lib/x86_64-linux-gnu/cmake/pcl/Modules/FindFLANN.cmake:44 (find_package):
  Policy CMP0144 is not set: find_package uses upper-case <PACKAGENAME>_ROOT
  variables.  Run "cmake --help-policy CMP0144" for policy details.  Use the
  cmake_policy command to set the policy and suppress this warning.

  CMake variable FLANN_ROOT is set to:

    /usr

  For compatibility, find_package is ignoring the variable, but code in a
  .cmake module might still use it.
Call Stack (most recent call first):
  /usr/lib/x86_64-linux-gnu/cmake/pcl/PCLConfig.cmake:256 (find_package)
  /usr/lib/x86_64-linux-gnu/cmake/pcl/PCLConfig.cmake:301 (find_flann)
  /usr/lib/x86_64-linux-gnu/cmake/pcl/PCLConfig.cmake:543 (find_external_library)
  /opt/ros/humble/share/pcl_conversions/cmake/ament_cmake_export_dependencies-extras.cmake:21 (find_package)
  /opt/ros/humble/share/pcl_conversions/cmake/pcl_conversionsConfig.cmake:41 (include)
  /home/cityu-fsm-lab-carla/Workspace/autoware/install/tier4_autoware_utils/share/tier4_autoware_utils/cmake/ament_cmake_export_dependencies-extras.cmake:21 (find_package)
  /home/cityu-fsm-lab-carla/Workspace/autoware/install/tier4_autoware_utils/share/tier4_autoware_utils/cmake/tier4_autoware_utilsConfig.cmake:41 (include)
  /home/cityu-fsm-lab-carla/Workspace/autoware/install/interpolation/share/interpolation/cmake/ament_cmake_export_dependencies-extras.cmake:21 (find_package)
  /home/cityu-fsm-lab-carla/Workspace/autoware/install/interpolation/share/interpolation/cmake/interpolationConfig.cmake:41 (include)
  /home/cityu-fsm-lab-carla/Workspace/autoware/install/motion_utils/share/motion_utils/cmake/ament_cmake_export_dependencies-extras.cmake:21 (find_package)
  /home/cityu-fsm-lab-carla/Workspace/autoware/install/motion_utils/share/motion_utils/cmake/motion_utilsConfig.cmake:41 (include)
  /opt/ros/humble/share/ament_cmake_auto/cmake/ament_auto_find_build_dependencies.cmake:67 (find_package)
  /home/cityu-fsm-lab-carla/Workspace/autoware/install/autoware_cmake/share/autoware_cmake/cmake/autoware_package.cmake:49 (ament_auto_find_build_dependencies)
  CMakeLists.txt:5 (autoware_package)
This warning is for project developers.  Use -Wno-dev to suppress it.

CMake Warning (dev) at /opt/ros/humble/share/rosidl_generator_py/cmake/rosidl_generator_py_generate_interfaces.cmake:20 (find_package):
  Policy CMP0148 is not set: The FindPythonInterp and FindPythonLibs modules
  are removed.  Run "cmake --help-policy CMP0148" for policy details.  Use
  the cmake_policy command to set the policy and suppress this warning.

Call Stack (most recent call first):
  /opt/ros/humble/share/ament_cmake_core/cmake/core/ament_execute_extensions.cmake:48 (include)
  /opt/ros/humble/share/rosidl_cmake/cmake/rosidl_generate_interfaces.cmake:286 (ament_execute_extensions)
  CMakeLists.txt:21 (rosidl_generate_interfaces)
This warning is for project developers.  Use -Wno-dev to suppress it.

CMake Warning (dev) at /opt/ros/humble/share/python_cmake_module/cmake/Modules/FindPythonExtra.cmake:52 (find_package):
  Policy CMP0148 is not set: The FindPythonInterp and FindPythonLibs modules
  are removed.  Run "cmake --help-policy CMP0148" for policy details.  Use
  the cmake_policy command to set the policy and suppress this warning.

Call Stack (most recent call first):
  /opt/ros/humble/share/rosidl_generator_py/cmake/rosidl_generator_py_generate_interfaces.cmake:23 (find_package)
  /opt/ros/humble/share/ament_cmake_core/cmake/core/ament_execute_extensions.cmake:48 (include)
  /opt/ros/humble/share/rosidl_cmake/cmake/rosidl_generate_interfaces.cmake:286 (ament_execute_extensions)
  CMakeLists.txt:21 (rosidl_generate_interfaces)
This warning is for project developers.  Use -Wno-dev to suppress it.

CMake Warning (dev) at /opt/ros/humble/share/python_cmake_module/cmake/Modules/FindPythonExtra.cmake:140 (find_package):
  Policy CMP0148 is not set: The FindPythonInterp and FindPythonLibs modules
  are removed.  Run "cmake --help-policy CMP0148" for policy details.  Use
  the cmake_policy command to set the policy and suppress this warning.

Call Stack (most recent call first):
  /opt/ros/humble/share/rosidl_generator_py/cmake/rosidl_generator_py_generate_interfaces.cmake:23 (find_package)
  /opt/ros/humble/share/ament_cmake_core/cmake/core/ament_execute_extensions.cmake:48 (include)
  /opt/ros/humble/share/rosidl_cmake/cmake/rosidl_generate_interfaces.cmake:286 (ament_execute_extensions)
  CMakeLists.txt:21 (rosidl_generate_interfaces)
This warning is for project developers.  Use -Wno-dev to suppress it.

---
Finished <<< control_performance_analysis [23.6s]
Starting >>> control_validator
--- stderr: control_validator
CMake Warning (dev) at /usr/lib/x86_64-linux-gnu/cmake/pcl/PCLConfig.cmake:146 (find_package):
  Policy CMP0144 is not set: find_package uses upper-case <PACKAGENAME>_ROOT
  variables.  Run "cmake --help-policy CMP0144" for policy details.  Use the
  cmake_policy command to set the policy and suppress this warning.

  CMake variable EIGEN_ROOT is set to:

    /usr/include/eigen3

  For compatibility, find_package is ignoring the variable, but code in a
  .cmake module might still use it.
Call Stack (most recent call first):
  /usr/lib/x86_64-linux-gnu/cmake/pcl/PCLConfig.cmake:299 (find_eigen)
  /usr/lib/x86_64-linux-gnu/cmake/pcl/PCLConfig.cmake:543 (find_external_library)
  /opt/ros/humble/share/pcl_conversions/cmake/ament_cmake_export_dependencies-extras.cmake:21 (find_package)
  /opt/ros/humble/share/pcl_conversions/cmake/pcl_conversionsConfig.cmake:41 (include)
  /home/cityu-fsm-lab-carla/Workspace/autoware/install/tier4_autoware_utils/share/tier4_autoware_utils/cmake/ament_cmake_export_dependencies-extras.cmake:21 (find_package)
  /home/cityu-fsm-lab-carla/Workspace/autoware/install/tier4_autoware_utils/share/tier4_autoware_utils/cmake/tier4_autoware_utilsConfig.cmake:41 (include)
  /home/cityu-fsm-lab-carla/Workspace/autoware/install/interpolation/share/interpolation/cmake/ament_cmake_export_dependencies-extras.cmake:21 (find_package)
  /home/cityu-fsm-lab-carla/Workspace/autoware/install/interpolation/share/interpolation/cmake/interpolationConfig.cmake:41 (include)
  /home/cityu-fsm-lab-carla/Workspace/autoware/install/motion_utils/share/motion_utils/cmake/ament_cmake_export_dependencies-extras.cmake:21 (find_package)
  /home/cityu-fsm-lab-carla/Workspace/autoware/install/motion_utils/share/motion_utils/cmake/motion_utilsConfig.cmake:41 (include)
  /opt/ros/humble/share/ament_cmake_auto/cmake/ament_auto_find_build_dependencies.cmake:67 (find_package)
  /home/cityu-fsm-lab-carla/Workspace/autoware/install/autoware_cmake/share/autoware_cmake/cmake/autoware_package.cmake:49 (ament_auto_find_build_dependencies)
  CMakeLists.txt:5 (autoware_package)
This warning is for project developers.  Use -Wno-dev to suppress it.

CMake Warning (dev) at /usr/lib/x86_64-linux-gnu/cmake/pcl/Modules/FindFLANN.cmake:44 (find_package):
  Policy CMP0144 is not set: find_package uses upper-case <PACKAGENAME>_ROOT
  variables.  Run "cmake --help-policy CMP0144" for policy details.  Use the
  cmake_policy command to set the policy and suppress this warning.

  CMake variable FLANN_ROOT is set to:

    /usr

  For compatibility, find_package is ignoring the variable, but code in a
  .cmake module might still use it.
Call Stack (most recent call first):
  /usr/lib/x86_64-linux-gnu/cmake/pcl/PCLConfig.cmake:256 (find_package)
  /usr/lib/x86_64-linux-gnu/cmake/pcl/PCLConfig.cmake:301 (find_flann)
  /usr/lib/x86_64-linux-gnu/cmake/pcl/PCLConfig.cmake:543 (find_external_library)
  /opt/ros/humble/share/pcl_conversions/cmake/ament_cmake_export_dependencies-extras.cmake:21 (find_package)
  /opt/ros/humble/share/pcl_conversions/cmake/pcl_conversionsConfig.cmake:41 (include)
  /home/cityu-fsm-lab-carla/Workspace/autoware/install/tier4_autoware_utils/share/tier4_autoware_utils/cmake/ament_cmake_export_dependencies-extras.cmake:21 (find_package)
  /home/cityu-fsm-lab-carla/Workspace/autoware/install/tier4_autoware_utils/share/tier4_autoware_utils/cmake/tier4_autoware_utilsConfig.cmake:41 (include)
  /home/cityu-fsm-lab-carla/Workspace/autoware/install/interpolation/share/interpolation/cmake/ament_cmake_export_dependencies-extras.cmake:21 (find_package)
  /home/cityu-fsm-lab-carla/Workspace/autoware/install/interpolation/share/interpolation/cmake/interpolationConfig.cmake:41 (include)
  /home/cityu-fsm-lab-carla/Workspace/autoware/install/motion_utils/share/motion_utils/cmake/ament_cmake_export_dependencies-extras.cmake:21 (find_package)
  /home/cityu-fsm-lab-carla/Workspace/autoware/install/motion_utils/share/motion_utils/cmake/motion_utilsConfig.cmake:41 (include)
  /opt/ros/humble/share/ament_cmake_auto/cmake/ament_auto_find_build_dependencies.cmake:67 (find_package)
  /home/cityu-fsm-lab-carla/Workspace/autoware/install/autoware_cmake/share/autoware_cmake/cmake/autoware_package.cmake:49 (ament_auto_find_build_dependencies)
  CMakeLists.txt:5 (autoware_package)
This warning is for project developers.  Use -Wno-dev to suppress it.

CMake Warning (dev) at /opt/ros/humble/share/rosidl_generator_py/cmake/rosidl_generator_py_generate_interfaces.cmake:20 (find_package):
  Policy CMP0148 is not set: The FindPythonInterp and FindPythonLibs modules
  are removed.  Run "cmake --help-policy CMP0148" for policy details.  Use
  the cmake_policy command to set the policy and suppress this warning.

Call Stack (most recent call first):
  /opt/ros/humble/share/ament_cmake_core/cmake/core/ament_execute_extensions.cmake:48 (include)
  /opt/ros/humble/share/rosidl_cmake/cmake/rosidl_generate_interfaces.cmake:286 (ament_execute_extensions)
  CMakeLists.txt:23 (rosidl_generate_interfaces)
This warning is for project developers.  Use -Wno-dev to suppress it.

CMake Warning (dev) at /opt/ros/humble/share/python_cmake_module/cmake/Modules/FindPythonExtra.cmake:52 (find_package):
  Policy CMP0148 is not set: The FindPythonInterp and FindPythonLibs modules
  are removed.  Run "cmake --help-policy CMP0148" for policy details.  Use
  the cmake_policy command to set the policy and suppress this warning.

Call Stack (most recent call first):
  /opt/ros/humble/share/rosidl_generator_py/cmake/rosidl_generator_py_generate_interfaces.cmake:23 (find_package)
  /opt/ros/humble/share/ament_cmake_core/cmake/core/ament_execute_extensions.cmake:48 (include)
  /opt/ros/humble/share/rosidl_cmake/cmake/rosidl_generate_interfaces.cmake:286 (ament_execute_extensions)
  CMakeLists.txt:23 (rosidl_generate_interfaces)
This warning is for project developers.  Use -Wno-dev to suppress it.

CMake Warning (dev) at /opt/ros/humble/share/python_cmake_module/cmake/Modules/FindPythonExtra.cmake:140 (find_package):
  Policy CMP0148 is not set: The FindPythonInterp and FindPythonLibs modules
  are removed.  Run "cmake --help-policy CMP0148" for policy details.  Use
  the cmake_policy command to set the policy and suppress this warning.

Call Stack (most recent call first):
  /opt/ros/humble/share/rosidl_generator_py/cmake/rosidl_generator_py_generate_interfaces.cmake:23 (find_package)
  /opt/ros/humble/share/ament_cmake_core/cmake/core/ament_execute_extensions.cmake:48 (include)
  /opt/ros/humble/share/rosidl_cmake/cmake/rosidl_generate_interfaces.cmake:286 (ament_execute_extensions)
  CMakeLists.txt:23 (rosidl_generate_interfaces)
This warning is for project developers.  Use -Wno-dev to suppress it.

---
Finished <<< control_validator [18.2s]
Starting >>> heatmap_visualizer
--- stderr: heatmap_visualizer
CMake Warning (dev) at /usr/lib/x86_64-linux-gnu/cmake/pcl/PCLConfig.cmake:146 (find_package):
  Policy CMP0144 is not set: find_package uses upper-case <PACKAGENAME>_ROOT
  variables.  Run "cmake --help-policy CMP0144" for policy details.  Use the
  cmake_policy command to set the policy and suppress this warning.

  CMake variable EIGEN_ROOT is set to:

    /usr/include/eigen3

  For compatibility, find_package is ignoring the variable, but code in a
  .cmake module might still use it.
Call Stack (most recent call first):
  /usr/lib/x86_64-linux-gnu/cmake/pcl/PCLConfig.cmake:299 (find_eigen)
  /usr/lib/x86_64-linux-gnu/cmake/pcl/PCLConfig.cmake:543 (find_external_library)
  /opt/ros/humble/share/pcl_conversions/cmake/ament_cmake_export_dependencies-extras.cmake:21 (find_package)
  /opt/ros/humble/share/pcl_conversions/cmake/pcl_conversionsConfig.cmake:41 (include)
  /home/cityu-fsm-lab-carla/Workspace/autoware/install/tier4_autoware_utils/share/tier4_autoware_utils/cmake/ament_cmake_export_dependencies-extras.cmake:21 (find_package)
  /home/cityu-fsm-lab-carla/Workspace/autoware/install/tier4_autoware_utils/share/tier4_autoware_utils/cmake/tier4_autoware_utilsConfig.cmake:41 (include)
  /home/cityu-fsm-lab-carla/Workspace/autoware/install/interpolation/share/interpolation/cmake/ament_cmake_export_dependencies-extras.cmake:21 (find_package)
  /home/cityu-fsm-lab-carla/Workspace/autoware/install/interpolation/share/interpolation/cmake/interpolationConfig.cmake:41 (include)
  /home/cityu-fsm-lab-carla/Workspace/autoware/install/object_recognition_utils/share/object_recognition_utils/cmake/ament_cmake_export_dependencies-extras.cmake:21 (find_package)
  /home/cityu-fsm-lab-carla/Workspace/autoware/install/object_recognition_utils/share/object_recognition_utils/cmake/object_recognition_utilsConfig.cmake:41 (include)
  /opt/ros/humble/share/ament_cmake_auto/cmake/ament_auto_find_build_dependencies.cmake:67 (find_package)
  /home/cityu-fsm-lab-carla/Workspace/autoware/install/autoware_cmake/share/autoware_cmake/cmake/autoware_package.cmake:49 (ament_auto_find_build_dependencies)
  CMakeLists.txt:5 (autoware_package)
This warning is for project developers.  Use -Wno-dev to suppress it.

CMake Warning (dev) at /usr/lib/x86_64-linux-gnu/cmake/pcl/Modules/FindFLANN.cmake:44 (find_package):
  Policy CMP0144 is not set: find_package uses upper-case <PACKAGENAME>_ROOT
  variables.  Run "cmake --help-policy CMP0144" for policy details.  Use the
  cmake_policy command to set the policy and suppress this warning.

  CMake variable FLANN_ROOT is set to:

    /usr

  For compatibility, find_package is ignoring the variable, but code in a
  .cmake module might still use it.
Call Stack (most recent call first):
  /usr/lib/x86_64-linux-gnu/cmake/pcl/PCLConfig.cmake:256 (find_package)
  /usr/lib/x86_64-linux-gnu/cmake/pcl/PCLConfig.cmake:301 (find_flann)
  /usr/lib/x86_64-linux-gnu/cmake/pcl/PCLConfig.cmake:543 (find_external_library)
  /opt/ros/humble/share/pcl_conversions/cmake/ament_cmake_export_dependencies-extras.cmake:21 (find_package)
  /opt/ros/humble/share/pcl_conversions/cmake/pcl_conversionsConfig.cmake:41 (include)
  /home/cityu-fsm-lab-carla/Workspace/autoware/install/tier4_autoware_utils/share/tier4_autoware_utils/cmake/ament_cmake_export_dependencies-extras.cmake:21 (find_package)
  /home/cityu-fsm-lab-carla/Workspace/autoware/install/tier4_autoware_utils/share/tier4_autoware_utils/cmake/tier4_autoware_utilsConfig.cmake:41 (include)
  /home/cityu-fsm-lab-carla/Workspace/autoware/install/interpolation/share/interpolation/cmake/ament_cmake_export_dependencies-extras.cmake:21 (find_package)
  /home/cityu-fsm-lab-carla/Workspace/autoware/install/interpolation/share/interpolation/cmake/interpolationConfig.cmake:41 (include)
  /home/cityu-fsm-lab-carla/Workspace/autoware/install/object_recognition_utils/share/object_recognition_utils/cmake/ament_cmake_export_dependencies-extras.cmake:21 (find_package)
  /home/cityu-fsm-lab-carla/Workspace/autoware/install/object_recognition_utils/share/object_recognition_utils/cmake/object_recognition_utilsConfig.cmake:41 (include)
  /opt/ros/humble/share/ament_cmake_auto/cmake/ament_auto_find_build_dependencies.cmake:67 (find_package)
  /home/cityu-fsm-lab-carla/Workspace/autoware/install/autoware_cmake/share/autoware_cmake/cmake/autoware_package.cmake:49 (ament_auto_find_build_dependencies)
  CMakeLists.txt:5 (autoware_package)
This warning is for project developers.  Use -Wno-dev to suppress it.

---
Finished <<< heatmap_visualizer [14.2s]
Starting >>> operation_mode_transition_manager
--- stderr: operation_mode_transition_manager
CMake Warning (dev) at /usr/lib/x86_64-linux-gnu/cmake/pcl/PCLConfig.cmake:146 (find_package):
  Policy CMP0144 is not set: find_package uses upper-case <PACKAGENAME>_ROOT
  variables.  Run "cmake --help-policy CMP0144" for policy details.  Use the
  cmake_policy command to set the policy and suppress this warning.

  CMake variable EIGEN_ROOT is set to:

    /usr/include/eigen3

  For compatibility, find_package is ignoring the variable, but code in a
  .cmake module might still use it.
Call Stack (most recent call first):
  /usr/lib/x86_64-linux-gnu/cmake/pcl/PCLConfig.cmake:299 (find_eigen)
  /usr/lib/x86_64-linux-gnu/cmake/pcl/PCLConfig.cmake:543 (find_external_library)
  /opt/ros/humble/share/pcl_conversions/cmake/ament_cmake_export_dependencies-extras.cmake:21 (find_package)
  /opt/ros/humble/share/pcl_conversions/cmake/pcl_conversionsConfig.cmake:41 (include)
  /home/cityu-fsm-lab-carla/Workspace/autoware/install/tier4_autoware_utils/share/tier4_autoware_utils/cmake/ament_cmake_export_dependencies-extras.cmake:21 (find_package)
  /home/cityu-fsm-lab-carla/Workspace/autoware/install/tier4_autoware_utils/share/tier4_autoware_utils/cmake/tier4_autoware_utilsConfig.cmake:41 (include)
  /home/cityu-fsm-lab-carla/Workspace/autoware/install/interpolation/share/interpolation/cmake/ament_cmake_export_dependencies-extras.cmake:21 (find_package)
  /home/cityu-fsm-lab-carla/Workspace/autoware/install/interpolation/share/interpolation/cmake/interpolationConfig.cmake:41 (include)
  /home/cityu-fsm-lab-carla/Workspace/autoware/install/motion_utils/share/motion_utils/cmake/ament_cmake_export_dependencies-extras.cmake:21 (find_package)
  /home/cityu-fsm-lab-carla/Workspace/autoware/install/motion_utils/share/motion_utils/cmake/motion_utilsConfig.cmake:41 (include)
  /opt/ros/humble/share/ament_cmake_auto/cmake/ament_auto_find_build_dependencies.cmake:67 (find_package)
  /home/cityu-fsm-lab-carla/Workspace/autoware/install/autoware_cmake/share/autoware_cmake/cmake/autoware_package.cmake:49 (ament_auto_find_build_dependencies)
  CMakeLists.txt:5 (autoware_package)
This warning is for project developers.  Use -Wno-dev to suppress it.

CMake Warning (dev) at /usr/lib/x86_64-linux-gnu/cmake/pcl/Modules/FindFLANN.cmake:44 (find_package):
  Policy CMP0144 is not set: find_package uses upper-case <PACKAGENAME>_ROOT
  variables.  Run "cmake --help-policy CMP0144" for policy details.  Use the
  cmake_policy command to set the policy and suppress this warning.

  CMake variable FLANN_ROOT is set to:

    /usr

  For compatibility, find_package is ignoring the variable, but code in a
  .cmake module might still use it.
Call Stack (most recent call first):
  /usr/lib/x86_64-linux-gnu/cmake/pcl/PCLConfig.cmake:256 (find_package)
  /usr/lib/x86_64-linux-gnu/cmake/pcl/PCLConfig.cmake:301 (find_flann)
  /usr/lib/x86_64-linux-gnu/cmake/pcl/PCLConfig.cmake:543 (find_external_library)
  /opt/ros/humble/share/pcl_conversions/cmake/ament_cmake_export_dependencies-extras.cmake:21 (find_package)
  /opt/ros/humble/share/pcl_conversions/cmake/pcl_conversionsConfig.cmake:41 (include)
  /home/cityu-fsm-lab-carla/Workspace/autoware/install/tier4_autoware_utils/share/tier4_autoware_utils/cmake/ament_cmake_export_dependencies-extras.cmake:21 (find_package)
  /home/cityu-fsm-lab-carla/Workspace/autoware/install/tier4_autoware_utils/share/tier4_autoware_utils/cmake/tier4_autoware_utilsConfig.cmake:41 (include)
  /home/cityu-fsm-lab-carla/Workspace/autoware/install/interpolation/share/interpolation/cmake/ament_cmake_export_dependencies-extras.cmake:21 (find_package)
  /home/cityu-fsm-lab-carla/Workspace/autoware/install/interpolation/share/interpolation/cmake/interpolationConfig.cmake:41 (include)
  /home/cityu-fsm-lab-carla/Workspace/autoware/install/motion_utils/share/motion_utils/cmake/ament_cmake_export_dependencies-extras.cmake:21 (find_package)
  /home/cityu-fsm-lab-carla/Workspace/autoware/install/motion_utils/share/motion_utils/cmake/motion_utilsConfig.cmake:41 (include)
  /opt/ros/humble/share/ament_cmake_auto/cmake/ament_auto_find_build_dependencies.cmake:67 (find_package)
  /home/cityu-fsm-lab-carla/Workspace/autoware/install/autoware_cmake/share/autoware_cmake/cmake/autoware_package.cmake:49 (ament_auto_find_build_dependencies)
  CMakeLists.txt:5 (autoware_package)
This warning is for project developers.  Use -Wno-dev to suppress it.

CMake Warning (dev) at /opt/ros/humble/share/rosidl_generator_py/cmake/rosidl_generator_py_generate_interfaces.cmake:20 (find_package):
  Policy CMP0148 is not set: The FindPythonInterp and FindPythonLibs modules
  are removed.  Run "cmake --help-policy CMP0148" for policy details.  Use
  the cmake_policy command to set the policy and suppress this warning.

Call Stack (most recent call first):
  /opt/ros/humble/share/ament_cmake_core/cmake/core/ament_execute_extensions.cmake:48 (include)
  /opt/ros/humble/share/rosidl_cmake/cmake/rosidl_generate_interfaces.cmake:286 (ament_execute_extensions)
  CMakeLists.txt:21 (rosidl_generate_interfaces)
This warning is for project developers.  Use -Wno-dev to suppress it.

CMake Warning (dev) at /opt/ros/humble/share/python_cmake_module/cmake/Modules/FindPythonExtra.cmake:52 (find_package):
  Policy CMP0148 is not set: The FindPythonInterp and FindPythonLibs modules
  are removed.  Run "cmake --help-policy CMP0148" for policy details.  Use
  the cmake_policy command to set the policy and suppress this warning.

Call Stack (most recent call first):
  /opt/ros/humble/share/rosidl_generator_py/cmake/rosidl_generator_py_generate_interfaces.cmake:23 (find_package)
  /opt/ros/humble/share/ament_cmake_core/cmake/core/ament_execute_extensions.cmake:48 (include)
  /opt/ros/humble/share/rosidl_cmake/cmake/rosidl_generate_interfaces.cmake:286 (ament_execute_extensions)
  CMakeLists.txt:21 (rosidl_generate_interfaces)
This warning is for project developers.  Use -Wno-dev to suppress it.

CMake Warning (dev) at /opt/ros/humble/share/python_cmake_module/cmake/Modules/FindPythonExtra.cmake:140 (find_package):
  Policy CMP0148 is not set: The FindPythonInterp and FindPythonLibs modules
  are removed.  Run "cmake --help-policy CMP0148" for policy details.  Use
  the cmake_policy command to set the policy and suppress this warning.

Call Stack (most recent call first):
  /opt/ros/humble/share/rosidl_generator_py/cmake/rosidl_generator_py_generate_interfaces.cmake:23 (find_package)
  /opt/ros/humble/share/ament_cmake_core/cmake/core/ament_execute_extensions.cmake:48 (include)
  /opt/ros/humble/share/rosidl_cmake/cmake/rosidl_generate_interfaces.cmake:286 (ament_execute_extensions)
  CMakeLists.txt:21 (rosidl_generate_interfaces)
This warning is for project developers.  Use -Wno-dev to suppress it.

---
Finished <<< operation_mode_transition_manager [18.9s]
Starting >>> planning_debug_tools
--- stderr: planning_debug_tools
CMake Warning (dev) at /usr/lib/x86_64-linux-gnu/cmake/pcl/PCLConfig.cmake:146 (find_package):
  Policy CMP0144 is not set: find_package uses upper-case <PACKAGENAME>_ROOT
  variables.  Run "cmake --help-policy CMP0144" for policy details.  Use the
  cmake_policy command to set the policy and suppress this warning.

  CMake variable EIGEN_ROOT is set to:

    /usr/include/eigen3

  For compatibility, find_package is ignoring the variable, but code in a
  .cmake module might still use it.
Call Stack (most recent call first):
  /usr/lib/x86_64-linux-gnu/cmake/pcl/PCLConfig.cmake:299 (find_eigen)
  /usr/lib/x86_64-linux-gnu/cmake/pcl/PCLConfig.cmake:543 (find_external_library)
  /opt/ros/humble/share/pcl_conversions/cmake/ament_cmake_export_dependencies-extras.cmake:21 (find_package)
  /opt/ros/humble/share/pcl_conversions/cmake/pcl_conversionsConfig.cmake:41 (include)
  /home/cityu-fsm-lab-carla/Workspace/autoware/install/tier4_autoware_utils/share/tier4_autoware_utils/cmake/ament_cmake_export_dependencies-extras.cmake:21 (find_package)
  /home/cityu-fsm-lab-carla/Workspace/autoware/install/tier4_autoware_utils/share/tier4_autoware_utils/cmake/tier4_autoware_utilsConfig.cmake:41 (include)
  /home/cityu-fsm-lab-carla/Workspace/autoware/install/interpolation/share/interpolation/cmake/ament_cmake_export_dependencies-extras.cmake:21 (find_package)
  /home/cityu-fsm-lab-carla/Workspace/autoware/install/interpolation/share/interpolation/cmake/interpolationConfig.cmake:41 (include)
  /home/cityu-fsm-lab-carla/Workspace/autoware/install/motion_utils/share/motion_utils/cmake/ament_cmake_export_dependencies-extras.cmake:21 (find_package)
  /home/cityu-fsm-lab-carla/Workspace/autoware/install/motion_utils/share/motion_utils/cmake/motion_utilsConfig.cmake:41 (include)
  /opt/ros/humble/share/ament_cmake_auto/cmake/ament_auto_find_build_dependencies.cmake:67 (find_package)
  /home/cityu-fsm-lab-carla/Workspace/autoware/install/autoware_cmake/share/autoware_cmake/cmake/autoware_package.cmake:49 (ament_auto_find_build_dependencies)
  CMakeLists.txt:5 (autoware_package)
This warning is for project developers.  Use -Wno-dev to suppress it.

CMake Warning (dev) at /usr/lib/x86_64-linux-gnu/cmake/pcl/Modules/FindFLANN.cmake:44 (find_package):
  Policy CMP0144 is not set: find_package uses upper-case <PACKAGENAME>_ROOT
  variables.  Run "cmake --help-policy CMP0144" for policy details.  Use the
  cmake_policy command to set the policy and suppress this warning.

  CMake variable FLANN_ROOT is set to:

    /usr

  For compatibility, find_package is ignoring the variable, but code in a
  .cmake module might still use it.
Call Stack (most recent call first):
  /usr/lib/x86_64-linux-gnu/cmake/pcl/PCLConfig.cmake:256 (find_package)
  /usr/lib/x86_64-linux-gnu/cmake/pcl/PCLConfig.cmake:301 (find_flann)
  /usr/lib/x86_64-linux-gnu/cmake/pcl/PCLConfig.cmake:543 (find_external_library)
  /opt/ros/humble/share/pcl_conversions/cmake/ament_cmake_export_dependencies-extras.cmake:21 (find_package)
  /opt/ros/humble/share/pcl_conversions/cmake/pcl_conversionsConfig.cmake:41 (include)
  /home/cityu-fsm-lab-carla/Workspace/autoware/install/tier4_autoware_utils/share/tier4_autoware_utils/cmake/ament_cmake_export_dependencies-extras.cmake:21 (find_package)
  /home/cityu-fsm-lab-carla/Workspace/autoware/install/tier4_autoware_utils/share/tier4_autoware_utils/cmake/tier4_autoware_utilsConfig.cmake:41 (include)
  /home/cityu-fsm-lab-carla/Workspace/autoware/install/interpolation/share/interpolation/cmake/ament_cmake_export_dependencies-extras.cmake:21 (find_package)
  /home/cityu-fsm-lab-carla/Workspace/autoware/install/interpolation/share/interpolation/cmake/interpolationConfig.cmake:41 (include)
  /home/cityu-fsm-lab-carla/Workspace/autoware/install/motion_utils/share/motion_utils/cmake/ament_cmake_export_dependencies-extras.cmake:21 (find_package)
  /home/cityu-fsm-lab-carla/Workspace/autoware/install/motion_utils/share/motion_utils/cmake/motion_utilsConfig.cmake:41 (include)
  /opt/ros/humble/share/ament_cmake_auto/cmake/ament_auto_find_build_dependencies.cmake:67 (find_package)
  /home/cityu-fsm-lab-carla/Workspace/autoware/install/autoware_cmake/share/autoware_cmake/cmake/autoware_package.cmake:49 (ament_auto_find_build_dependencies)
  CMakeLists.txt:5 (autoware_package)
This warning is for project developers.  Use -Wno-dev to suppress it.

CMake Warning (dev) at /opt/ros/humble/share/rosidl_generator_py/cmake/rosidl_generator_py_generate_interfaces.cmake:20 (find_package):
  Policy CMP0148 is not set: The FindPythonInterp and FindPythonLibs modules
  are removed.  Run "cmake --help-policy CMP0148" for policy details.  Use
  the cmake_policy command to set the policy and suppress this warning.

Call Stack (most recent call first):
  /opt/ros/humble/share/ament_cmake_core/cmake/core/ament_execute_extensions.cmake:48 (include)
  /opt/ros/humble/share/rosidl_cmake/cmake/rosidl_generate_interfaces.cmake:286 (ament_execute_extensions)
  CMakeLists.txt:11 (rosidl_generate_interfaces)
This warning is for project developers.  Use -Wno-dev to suppress it.

CMake Warning (dev) at /opt/ros/humble/share/python_cmake_module/cmake/Modules/FindPythonExtra.cmake:52 (find_package):
  Policy CMP0148 is not set: The FindPythonInterp and FindPythonLibs modules
  are removed.  Run "cmake --help-policy CMP0148" for policy details.  Use
  the cmake_policy command to set the policy and suppress this warning.

Call Stack (most recent call first):
  /opt/ros/humble/share/rosidl_generator_py/cmake/rosidl_generator_py_generate_interfaces.cmake:23 (find_package)
  /opt/ros/humble/share/ament_cmake_core/cmake/core/ament_execute_extensions.cmake:48 (include)
  /opt/ros/humble/share/rosidl_cmake/cmake/rosidl_generate_interfaces.cmake:286 (ament_execute_extensions)
  CMakeLists.txt:11 (rosidl_generate_interfaces)
This warning is for project developers.  Use -Wno-dev to suppress it.

CMake Warning (dev) at /opt/ros/humble/share/python_cmake_module/cmake/Modules/FindPythonExtra.cmake:140 (find_package):
  Policy CMP0148 is not set: The FindPythonInterp and FindPythonLibs modules
  are removed.  Run "cmake --help-policy CMP0148" for policy details.  Use
  the cmake_policy command to set the policy and suppress this warning.

Call Stack (most recent call first):
  /opt/ros/humble/share/rosidl_generator_py/cmake/rosidl_generator_py_generate_interfaces.cmake:23 (find_package)
  /opt/ros/humble/share/ament_cmake_core/cmake/core/ament_execute_extensions.cmake:48 (include)
  /opt/ros/humble/share/rosidl_cmake/cmake/rosidl_generate_interfaces.cmake:286 (ament_execute_extensions)
  CMakeLists.txt:11 (rosidl_generate_interfaces)
This warning is for project developers.  Use -Wno-dev to suppress it.

---
Finished <<< planning_debug_tools [25.6s]
Starting >>> predicted_path_checker
--- stderr: predicted_path_checker
CMake Warning (dev) at /usr/lib/x86_64-linux-gnu/cmake/pcl/PCLConfig.cmake:146 (find_package):
  Policy CMP0144 is not set: find_package uses upper-case <PACKAGENAME>_ROOT
  variables.  Run "cmake --help-policy CMP0144" for policy details.  Use the
  cmake_policy command to set the policy and suppress this warning.

  CMake variable EIGEN_ROOT is set to:

    /usr/include/eigen3

  For compatibility, find_package is ignoring the variable, but code in a
  .cmake module might still use it.
Call Stack (most recent call first):
  /usr/lib/x86_64-linux-gnu/cmake/pcl/PCLConfig.cmake:299 (find_eigen)
  /usr/lib/x86_64-linux-gnu/cmake/pcl/PCLConfig.cmake:543 (find_external_library)
  /opt/ros/humble/share/pcl_conversions/cmake/ament_cmake_export_dependencies-extras.cmake:21 (find_package)
  /opt/ros/humble/share/pcl_conversions/cmake/pcl_conversionsConfig.cmake:41 (include)
  /home/cityu-fsm-lab-carla/Workspace/autoware/install/tier4_autoware_utils/share/tier4_autoware_utils/cmake/ament_cmake_export_dependencies-extras.cmake:21 (find_package)
  /home/cityu-fsm-lab-carla/Workspace/autoware/install/tier4_autoware_utils/share/tier4_autoware_utils/cmake/tier4_autoware_utilsConfig.cmake:41 (include)
  /home/cityu-fsm-lab-carla/Workspace/autoware/install/interpolation/share/interpolation/cmake/ament_cmake_export_dependencies-extras.cmake:21 (find_package)
  /home/cityu-fsm-lab-carla/Workspace/autoware/install/interpolation/share/interpolation/cmake/interpolationConfig.cmake:41 (include)
  /home/cityu-fsm-lab-carla/Workspace/autoware/install/motion_utils/share/motion_utils/cmake/ament_cmake_export_dependencies-extras.cmake:21 (find_package)
  /home/cityu-fsm-lab-carla/Workspace/autoware/install/motion_utils/share/motion_utils/cmake/motion_utilsConfig.cmake:41 (include)
  /opt/ros/humble/share/ament_cmake_auto/cmake/ament_auto_find_build_dependencies.cmake:67 (find_package)
  /home/cityu-fsm-lab-carla/Workspace/autoware/install/autoware_cmake/share/autoware_cmake/cmake/autoware_package.cmake:49 (ament_auto_find_build_dependencies)
  CMakeLists.txt:5 (autoware_package)
This warning is for project developers.  Use -Wno-dev to suppress it.

CMake Warning (dev) at /usr/lib/x86_64-linux-gnu/cmake/pcl/Modules/FindFLANN.cmake:44 (find_package):
  Policy CMP0144 is not set: find_package uses upper-case <PACKAGENAME>_ROOT
  variables.  Run "cmake --help-policy CMP0144" for policy details.  Use the
  cmake_policy command to set the policy and suppress this warning.

  CMake variable FLANN_ROOT is set to:

    /usr

  For compatibility, find_package is ignoring the variable, but code in a
  .cmake module might still use it.
Call Stack (most recent call first):
  /usr/lib/x86_64-linux-gnu/cmake/pcl/PCLConfig.cmake:256 (find_package)
  /usr/lib/x86_64-linux-gnu/cmake/pcl/PCLConfig.cmake:301 (find_flann)
  /usr/lib/x86_64-linux-gnu/cmake/pcl/PCLConfig.cmake:543 (find_external_library)
  /opt/ros/humble/share/pcl_conversions/cmake/ament_cmake_export_dependencies-extras.cmake:21 (find_package)
  /opt/ros/humble/share/pcl_conversions/cmake/pcl_conversionsConfig.cmake:41 (include)
  /home/cityu-fsm-lab-carla/Workspace/autoware/install/tier4_autoware_utils/share/tier4_autoware_utils/cmake/ament_cmake_export_dependencies-extras.cmake:21 (find_package)
  /home/cityu-fsm-lab-carla/Workspace/autoware/install/tier4_autoware_utils/share/tier4_autoware_utils/cmake/tier4_autoware_utilsConfig.cmake:41 (include)
  /home/cityu-fsm-lab-carla/Workspace/autoware/install/interpolation/share/interpolation/cmake/ament_cmake_export_dependencies-extras.cmake:21 (find_package)
  /home/cityu-fsm-lab-carla/Workspace/autoware/install/interpolation/share/interpolation/cmake/interpolationConfig.cmake:41 (include)
  /home/cityu-fsm-lab-carla/Workspace/autoware/install/motion_utils/share/motion_utils/cmake/ament_cmake_export_dependencies-extras.cmake:21 (find_package)
  /home/cityu-fsm-lab-carla/Workspace/autoware/install/motion_utils/share/motion_utils/cmake/motion_utilsConfig.cmake:41 (include)
  /opt/ros/humble/share/ament_cmake_auto/cmake/ament_auto_find_build_dependencies.cmake:67 (find_package)
  /home/cityu-fsm-lab-carla/Workspace/autoware/install/autoware_cmake/share/autoware_cmake/cmake/autoware_package.cmake:49 (ament_auto_find_build_dependencies)
  CMakeLists.txt:5 (autoware_package)
This warning is for project developers.  Use -Wno-dev to suppress it.

---
Finished <<< predicted_path_checker [23.5s]
Starting >>> steer_offset_estimator
--- stderr: steer_offset_estimator
CMake Warning (dev) at /usr/lib/x86_64-linux-gnu/cmake/pcl/PCLConfig.cmake:146 (find_package):
  Policy CMP0144 is not set: find_package uses upper-case <PACKAGENAME>_ROOT
  variables.  Run "cmake --help-policy CMP0144" for policy details.  Use the
  cmake_policy command to set the policy and suppress this warning.

  CMake variable EIGEN_ROOT is set to:

    /usr/include/eigen3

  For compatibility, find_package is ignoring the variable, but code in a
  .cmake module might still use it.
Call Stack (most recent call first):
  /usr/lib/x86_64-linux-gnu/cmake/pcl/PCLConfig.cmake:299 (find_eigen)
  /usr/lib/x86_64-linux-gnu/cmake/pcl/PCLConfig.cmake:543 (find_external_library)
  /opt/ros/humble/share/pcl_conversions/cmake/ament_cmake_export_dependencies-extras.cmake:21 (find_package)
  /opt/ros/humble/share/pcl_conversions/cmake/pcl_conversionsConfig.cmake:41 (include)
  /home/cityu-fsm-lab-carla/Workspace/autoware/install/tier4_autoware_utils/share/tier4_autoware_utils/cmake/ament_cmake_export_dependencies-extras.cmake:21 (find_package)
  /home/cityu-fsm-lab-carla/Workspace/autoware/install/tier4_autoware_utils/share/tier4_autoware_utils/cmake/tier4_autoware_utilsConfig.cmake:41 (include)
  /opt/ros/humble/share/ament_cmake_auto/cmake/ament_auto_find_build_dependencies.cmake:67 (find_package)
  /home/cityu-fsm-lab-carla/Workspace/autoware/install/autoware_cmake/share/autoware_cmake/cmake/autoware_package.cmake:49 (ament_auto_find_build_dependencies)
  CMakeLists.txt:14 (autoware_package)
This warning is for project developers.  Use -Wno-dev to suppress it.

CMake Warning (dev) at /usr/lib/x86_64-linux-gnu/cmake/pcl/Modules/FindFLANN.cmake:44 (find_package):
  Policy CMP0144 is not set: find_package uses upper-case <PACKAGENAME>_ROOT
  variables.  Run "cmake --help-policy CMP0144" for policy details.  Use the
  cmake_policy command to set the policy and suppress this warning.

  CMake variable FLANN_ROOT is set to:

    /usr

  For compatibility, find_package is ignoring the variable, but code in a
  .cmake module might still use it.
Call Stack (most recent call first):
  /usr/lib/x86_64-linux-gnu/cmake/pcl/PCLConfig.cmake:256 (find_package)
  /usr/lib/x86_64-linux-gnu/cmake/pcl/PCLConfig.cmake:301 (find_flann)
  /usr/lib/x86_64-linux-gnu/cmake/pcl/PCLConfig.cmake:543 (find_external_library)
  /opt/ros/humble/share/pcl_conversions/cmake/ament_cmake_export_dependencies-extras.cmake:21 (find_package)
  /opt/ros/humble/share/pcl_conversions/cmake/pcl_conversionsConfig.cmake:41 (include)
  /home/cityu-fsm-lab-carla/Workspace/autoware/install/tier4_autoware_utils/share/tier4_autoware_utils/cmake/ament_cmake_export_dependencies-extras.cmake:21 (find_package)
  /home/cityu-fsm-lab-carla/Workspace/autoware/install/tier4_autoware_utils/share/tier4_autoware_utils/cmake/tier4_autoware_utilsConfig.cmake:41 (include)
  /opt/ros/humble/share/ament_cmake_auto/cmake/ament_auto_find_build_dependencies.cmake:67 (find_package)
  /home/cityu-fsm-lab-carla/Workspace/autoware/install/autoware_cmake/share/autoware_cmake/cmake/autoware_package.cmake:49 (ament_auto_find_build_dependencies)
  CMakeLists.txt:14 (autoware_package)
This warning is for project developers.  Use -Wno-dev to suppress it.

---
Finished <<< steer_offset_estimator [13.1s]
Starting >>> tier4_debug_tools
--- stderr: tier4_debug_tools
CMake Warning (dev) at /usr/lib/x86_64-linux-gnu/cmake/pcl/PCLConfig.cmake:146 (find_package):
  Policy CMP0144 is not set: find_package uses upper-case <PACKAGENAME>_ROOT
  variables.  Run "cmake --help-policy CMP0144" for policy details.  Use the
  cmake_policy command to set the policy and suppress this warning.

  CMake variable EIGEN_ROOT is set to:

    /usr/include/eigen3

  For compatibility, find_package is ignoring the variable, but code in a
  .cmake module might still use it.
Call Stack (most recent call first):
  /usr/lib/x86_64-linux-gnu/cmake/pcl/PCLConfig.cmake:299 (find_eigen)
  /usr/lib/x86_64-linux-gnu/cmake/pcl/PCLConfig.cmake:543 (find_external_library)
  /opt/ros/humble/share/pcl_conversions/cmake/ament_cmake_export_dependencies-extras.cmake:21 (find_package)
  /opt/ros/humble/share/pcl_conversions/cmake/pcl_conversionsConfig.cmake:41 (include)
  /home/cityu-fsm-lab-carla/Workspace/autoware/install/tier4_autoware_utils/share/tier4_autoware_utils/cmake/ament_cmake_export_dependencies-extras.cmake:21 (find_package)
  /home/cityu-fsm-lab-carla/Workspace/autoware/install/tier4_autoware_utils/share/tier4_autoware_utils/cmake/tier4_autoware_utilsConfig.cmake:41 (include)
  /home/cityu-fsm-lab-carla/Workspace/autoware/install/interpolation/share/interpolation/cmake/ament_cmake_export_dependencies-extras.cmake:21 (find_package)
  /home/cityu-fsm-lab-carla/Workspace/autoware/install/interpolation/share/interpolation/cmake/interpolationConfig.cmake:41 (include)
  /home/cityu-fsm-lab-carla/Workspace/autoware/install/motion_utils/share/motion_utils/cmake/ament_cmake_export_dependencies-extras.cmake:21 (find_package)
  /home/cityu-fsm-lab-carla/Workspace/autoware/install/motion_utils/share/motion_utils/cmake/motion_utilsConfig.cmake:41 (include)
  /opt/ros/humble/share/ament_cmake_auto/cmake/ament_auto_find_build_dependencies.cmake:67 (find_package)
  /home/cityu-fsm-lab-carla/Workspace/autoware/install/autoware_cmake/share/autoware_cmake/cmake/autoware_package.cmake:49 (ament_auto_find_build_dependencies)
  CMakeLists.txt:5 (autoware_package)
This warning is for project developers.  Use -Wno-dev to suppress it.

CMake Warning (dev) at /usr/lib/x86_64-linux-gnu/cmake/pcl/Modules/FindFLANN.cmake:44 (find_package):
  Policy CMP0144 is not set: find_package uses upper-case <PACKAGENAME>_ROOT
  variables.  Run "cmake --help-policy CMP0144" for policy details.  Use the
  cmake_policy command to set the policy and suppress this warning.

  CMake variable FLANN_ROOT is set to:

    /usr

  For compatibility, find_package is ignoring the variable, but code in a
  .cmake module might still use it.
Call Stack (most recent call first):
  /usr/lib/x86_64-linux-gnu/cmake/pcl/PCLConfig.cmake:256 (find_package)
  /usr/lib/x86_64-linux-gnu/cmake/pcl/PCLConfig.cmake:301 (find_flann)
  /usr/lib/x86_64-linux-gnu/cmake/pcl/PCLConfig.cmake:543 (find_external_library)
  /opt/ros/humble/share/pcl_conversions/cmake/ament_cmake_export_dependencies-extras.cmake:21 (find_package)
  /opt/ros/humble/share/pcl_conversions/cmake/pcl_conversionsConfig.cmake:41 (include)
  /home/cityu-fsm-lab-carla/Workspace/autoware/install/tier4_autoware_utils/share/tier4_autoware_utils/cmake/ament_cmake_export_dependencies-extras.cmake:21 (find_package)
  /home/cityu-fsm-lab-carla/Workspace/autoware/install/tier4_autoware_utils/share/tier4_autoware_utils/cmake/tier4_autoware_utilsConfig.cmake:41 (include)
  /home/cityu-fsm-lab-carla/Workspace/autoware/install/interpolation/share/interpolation/cmake/ament_cmake_export_dependencies-extras.cmake:21 (find_package)
  /home/cityu-fsm-lab-carla/Workspace/autoware/install/interpolation/share/interpolation/cmake/interpolationConfig.cmake:41 (include)
  /home/cityu-fsm-lab-carla/Workspace/autoware/install/motion_utils/share/motion_utils/cmake/ament_cmake_export_dependencies-extras.cmake:21 (find_package)
  /home/cityu-fsm-lab-carla/Workspace/autoware/install/motion_utils/share/motion_utils/cmake/motion_utilsConfig.cmake:41 (include)
  /opt/ros/humble/share/ament_cmake_auto/cmake/ament_auto_find_build_dependencies.cmake:67 (find_package)
  /home/cityu-fsm-lab-carla/Workspace/autoware/install/autoware_cmake/share/autoware_cmake/cmake/autoware_package.cmake:49 (ament_auto_find_build_dependencies)
  CMakeLists.txt:5 (autoware_package)
This warning is for project developers.  Use -Wno-dev to suppress it.

---
Finished <<< tier4_debug_tools [12.6s]
Starting >>> tier4_planning_rviz_plugin
--- stderr: tier4_planning_rviz_plugin
CMake Warning (dev) at /usr/lib/x86_64-linux-gnu/cmake/pcl/PCLConfig.cmake:146 (find_package):
  Policy CMP0144 is not set: find_package uses upper-case <PACKAGENAME>_ROOT
  variables.  Run "cmake --help-policy CMP0144" for policy details.  Use the
  cmake_policy command to set the policy and suppress this warning.

  CMake variable EIGEN_ROOT is set to:

    /usr/include/eigen3

  For compatibility, find_package is ignoring the variable, but code in a
  .cmake module might still use it.
Call Stack (most recent call first):
  /usr/lib/x86_64-linux-gnu/cmake/pcl/PCLConfig.cmake:299 (find_eigen)
  /usr/lib/x86_64-linux-gnu/cmake/pcl/PCLConfig.cmake:543 (find_external_library)
  /opt/ros/humble/share/pcl_conversions/cmake/ament_cmake_export_dependencies-extras.cmake:21 (find_package)
  /opt/ros/humble/share/pcl_conversions/cmake/pcl_conversionsConfig.cmake:41 (include)
  /home/cityu-fsm-lab-carla/Workspace/autoware/install/tier4_autoware_utils/share/tier4_autoware_utils/cmake/ament_cmake_export_dependencies-extras.cmake:21 (find_package)
  /home/cityu-fsm-lab-carla/Workspace/autoware/install/tier4_autoware_utils/share/tier4_autoware_utils/cmake/tier4_autoware_utilsConfig.cmake:41 (include)
  /home/cityu-fsm-lab-carla/Workspace/autoware/install/interpolation/share/interpolation/cmake/ament_cmake_export_dependencies-extras.cmake:21 (find_package)
  /home/cityu-fsm-lab-carla/Workspace/autoware/install/interpolation/share/interpolation/cmake/interpolationConfig.cmake:41 (include)
  /home/cityu-fsm-lab-carla/Workspace/autoware/install/motion_utils/share/motion_utils/cmake/ament_cmake_export_dependencies-extras.cmake:21 (find_package)
  /home/cityu-fsm-lab-carla/Workspace/autoware/install/motion_utils/share/motion_utils/cmake/motion_utilsConfig.cmake:41 (include)
  /opt/ros/humble/share/ament_cmake_auto/cmake/ament_auto_find_build_dependencies.cmake:67 (find_package)
  /home/cityu-fsm-lab-carla/Workspace/autoware/install/autoware_cmake/share/autoware_cmake/cmake/autoware_package.cmake:49 (ament_auto_find_build_dependencies)
  CMakeLists.txt:5 (autoware_package)
This warning is for project developers.  Use -Wno-dev to suppress it.

CMake Warning (dev) at /usr/lib/x86_64-linux-gnu/cmake/pcl/Modules/FindFLANN.cmake:44 (find_package):
  Policy CMP0144 is not set: find_package uses upper-case <PACKAGENAME>_ROOT
  variables.  Run "cmake --help-policy CMP0144" for policy details.  Use the
  cmake_policy command to set the policy and suppress this warning.

  CMake variable FLANN_ROOT is set to:

    /usr

  For compatibility, find_package is ignoring the variable, but code in a
  .cmake module might still use it.
Call Stack (most recent call first):
  /usr/lib/x86_64-linux-gnu/cmake/pcl/PCLConfig.cmake:256 (find_package)
  /usr/lib/x86_64-linux-gnu/cmake/pcl/PCLConfig.cmake:301 (find_flann)
  /usr/lib/x86_64-linux-gnu/cmake/pcl/PCLConfig.cmake:543 (find_external_library)
  /opt/ros/humble/share/pcl_conversions/cmake/ament_cmake_export_dependencies-extras.cmake:21 (find_package)
  /opt/ros/humble/share/pcl_conversions/cmake/pcl_conversionsConfig.cmake:41 (include)
  /home/cityu-fsm-lab-carla/Workspace/autoware/install/tier4_autoware_utils/share/tier4_autoware_utils/cmake/ament_cmake_export_dependencies-extras.cmake:21 (find_package)
  /home/cityu-fsm-lab-carla/Workspace/autoware/install/tier4_autoware_utils/share/tier4_autoware_utils/cmake/tier4_autoware_utilsConfig.cmake:41 (include)
  /home/cityu-fsm-lab-carla/Workspace/autoware/install/interpolation/share/interpolation/cmake/ament_cmake_export_dependencies-extras.cmake:21 (find_package)
  /home/cityu-fsm-lab-carla/Workspace/autoware/install/interpolation/share/interpolation/cmake/interpolationConfig.cmake:41 (include)
  /home/cityu-fsm-lab-carla/Workspace/autoware/install/motion_utils/share/motion_utils/cmake/ament_cmake_export_dependencies-extras.cmake:21 (find_package)
  /home/cityu-fsm-lab-carla/Workspace/autoware/install/motion_utils/share/motion_utils/cmake/motion_utilsConfig.cmake:41 (include)
  /opt/ros/humble/share/ament_cmake_auto/cmake/ament_auto_find_build_dependencies.cmake:67 (find_package)
  /home/cityu-fsm-lab-carla/Workspace/autoware/install/autoware_cmake/share/autoware_cmake/cmake/autoware_package.cmake:49 (ament_auto_find_build_dependencies)
  CMakeLists.txt:5 (autoware_package)
This warning is for project developers.  Use -Wno-dev to suppress it.

---
Finished <<< tier4_planning_rviz_plugin [24.4s]
Starting >>> awsim_sensor_kit_launch
Finished <<< awsim_sensor_kit_launch [0.64s]
Starting >>> obstacle_velocity_limiter
--- stderr: obstacle_velocity_limiter
CMake Warning (dev) at /usr/lib/x86_64-linux-gnu/cmake/pcl/PCLConfig.cmake:146 (find_package):
  Policy CMP0144 is not set: find_package uses upper-case <PACKAGENAME>_ROOT
  variables.  Run "cmake --help-policy CMP0144" for policy details.  Use the
  cmake_policy command to set the policy and suppress this warning.

  CMake variable EIGEN_ROOT is set to:

    /usr/include/eigen3

  For compatibility, find_package is ignoring the variable, but code in a
  .cmake module might still use it.
Call Stack (most recent call first):
  /usr/lib/x86_64-linux-gnu/cmake/pcl/PCLConfig.cmake:299 (find_eigen)
  /usr/lib/x86_64-linux-gnu/cmake/pcl/PCLConfig.cmake:543 (find_external_library)
  /opt/ros/humble/share/pcl_conversions/cmake/ament_cmake_export_dependencies-extras.cmake:21 (find_package)
  /opt/ros/humble/share/pcl_conversions/cmake/pcl_conversionsConfig.cmake:41 (include)
  /home/cityu-fsm-lab-carla/Workspace/autoware/install/tier4_autoware_utils/share/tier4_autoware_utils/cmake/ament_cmake_export_dependencies-extras.cmake:21 (find_package)
  /home/cityu-fsm-lab-carla/Workspace/autoware/install/tier4_autoware_utils/share/tier4_autoware_utils/cmake/tier4_autoware_utilsConfig.cmake:41 (include)
  /home/cityu-fsm-lab-carla/Workspace/autoware/install/grid_map_utils/share/grid_map_utils/cmake/ament_cmake_export_dependencies-extras.cmake:21 (find_package)
  /home/cityu-fsm-lab-carla/Workspace/autoware/install/grid_map_utils/share/grid_map_utils/cmake/grid_map_utilsConfig.cmake:41 (include)
  /opt/ros/humble/share/ament_cmake_auto/cmake/ament_auto_find_build_dependencies.cmake:67 (find_package)
  /home/cityu-fsm-lab-carla/Workspace/autoware/install/autoware_cmake/share/autoware_cmake/cmake/autoware_package.cmake:49 (ament_auto_find_build_dependencies)
  CMakeLists.txt:5 (autoware_package)
This warning is for project developers.  Use -Wno-dev to suppress it.

CMake Warning (dev) at /usr/lib/x86_64-linux-gnu/cmake/pcl/Modules/FindFLANN.cmake:44 (find_package):
  Policy CMP0144 is not set: find_package uses upper-case <PACKAGENAME>_ROOT
  variables.  Run "cmake --help-policy CMP0144" for policy details.  Use the
  cmake_policy command to set the policy and suppress this warning.

  CMake variable FLANN_ROOT is set to:

    /usr

  For compatibility, find_package is ignoring the variable, but code in a
  .cmake module might still use it.
Call Stack (most recent call first):
  /usr/lib/x86_64-linux-gnu/cmake/pcl/PCLConfig.cmake:256 (find_package)
  /usr/lib/x86_64-linux-gnu/cmake/pcl/PCLConfig.cmake:301 (find_flann)
  /usr/lib/x86_64-linux-gnu/cmake/pcl/PCLConfig.cmake:543 (find_external_library)
  /opt/ros/humble/share/pcl_conversions/cmake/ament_cmake_export_dependencies-extras.cmake:21 (find_package)
  /opt/ros/humble/share/pcl_conversions/cmake/pcl_conversionsConfig.cmake:41 (include)
  /home/cityu-fsm-lab-carla/Workspace/autoware/install/tier4_autoware_utils/share/tier4_autoware_utils/cmake/ament_cmake_export_dependencies-extras.cmake:21 (find_package)
  /home/cityu-fsm-lab-carla/Workspace/autoware/install/tier4_autoware_utils/share/tier4_autoware_utils/cmake/tier4_autoware_utilsConfig.cmake:41 (include)
  /home/cityu-fsm-lab-carla/Workspace/autoware/install/grid_map_utils/share/grid_map_utils/cmake/ament_cmake_export_dependencies-extras.cmake:21 (find_package)
  /home/cityu-fsm-lab-carla/Workspace/autoware/install/grid_map_utils/share/grid_map_utils/cmake/grid_map_utilsConfig.cmake:41 (include)
  /opt/ros/humble/share/ament_cmake_auto/cmake/ament_auto_find_build_dependencies.cmake:67 (find_package)
  /home/cityu-fsm-lab-carla/Workspace/autoware/install/autoware_cmake/share/autoware_cmake/cmake/autoware_package.cmake:49 (ament_auto_find_build_dependencies)
  CMakeLists.txt:5 (autoware_package)
This warning is for project developers.  Use -Wno-dev to suppress it.

CMake Warning (dev) at CMakeLists.txt:7 (find_package):
  Policy CMP0074 is not set: find_package uses <PackageName>_ROOT variables.
  Run "cmake --help-policy CMP0074" for policy details.  Use the cmake_policy
  command to set the policy and suppress this warning.

  CMake variable PCL_ROOT is set to:

    /usr

  For compatibility, CMake is ignoring the variable.
This warning is for project developers.  Use -Wno-dev to suppress it.

---
[Processing: obstacle_velocity_limiter]
[Processing: obstacle_velocity_limiter]
Finished <<< obstacle_velocity_limiter [1min 18s]
Starting >>> path_sampler
--- stderr: path_sampler
CMake Warning (dev) at /usr/lib/x86_64-linux-gnu/cmake/pcl/PCLConfig.cmake:146 (find_package):
  Policy CMP0144 is not set: find_package uses upper-case <PACKAGENAME>_ROOT
  variables.  Run "cmake --help-policy CMP0144" for policy details.  Use the
  cmake_policy command to set the policy and suppress this warning.

  CMake variable EIGEN_ROOT is set to:

    /usr/include/eigen3

  For compatibility, find_package is ignoring the variable, but code in a
  .cmake module might still use it.
Call Stack (most recent call first):
  /usr/lib/x86_64-linux-gnu/cmake/pcl/PCLConfig.cmake:299 (find_eigen)
  /usr/lib/x86_64-linux-gnu/cmake/pcl/PCLConfig.cmake:543 (find_external_library)
  /opt/ros/humble/share/pcl_conversions/cmake/ament_cmake_export_dependencies-extras.cmake:21 (find_package)
  /opt/ros/humble/share/pcl_conversions/cmake/pcl_conversionsConfig.cmake:41 (include)
  /home/cityu-fsm-lab-carla/Workspace/autoware/install/tier4_autoware_utils/share/tier4_autoware_utils/cmake/ament_cmake_export_dependencies-extras.cmake:21 (find_package)
  /home/cityu-fsm-lab-carla/Workspace/autoware/install/tier4_autoware_utils/share/tier4_autoware_utils/cmake/tier4_autoware_utilsConfig.cmake:41 (include)
  /home/cityu-fsm-lab-carla/Workspace/autoware/install/interpolation/share/interpolation/cmake/ament_cmake_export_dependencies-extras.cmake:21 (find_package)
  /home/cityu-fsm-lab-carla/Workspace/autoware/install/interpolation/share/interpolation/cmake/interpolationConfig.cmake:41 (include)
  /home/cityu-fsm-lab-carla/Workspace/autoware/install/sampler_common/share/sampler_common/cmake/ament_cmake_export_dependencies-extras.cmake:21 (find_package)
  /home/cityu-fsm-lab-carla/Workspace/autoware/install/sampler_common/share/sampler_common/cmake/sampler_commonConfig.cmake:41 (include)
  /home/cityu-fsm-lab-carla/Workspace/autoware/install/bezier_sampler/share/bezier_sampler/cmake/ament_cmake_export_dependencies-extras.cmake:21 (find_package)
  /home/cityu-fsm-lab-carla/Workspace/autoware/install/bezier_sampler/share/bezier_sampler/cmake/bezier_samplerConfig.cmake:41 (include)
  /opt/ros/humble/share/ament_cmake_auto/cmake/ament_auto_find_build_dependencies.cmake:67 (find_package)
  /home/cityu-fsm-lab-carla/Workspace/autoware/install/autoware_cmake/share/autoware_cmake/cmake/autoware_package.cmake:49 (ament_auto_find_build_dependencies)
  CMakeLists.txt:5 (autoware_package)
This warning is for project developers.  Use -Wno-dev to suppress it.

CMake Warning (dev) at /usr/lib/x86_64-linux-gnu/cmake/pcl/Modules/FindFLANN.cmake:44 (find_package):
  Policy CMP0144 is not set: find_package uses upper-case <PACKAGENAME>_ROOT
  variables.  Run "cmake --help-policy CMP0144" for policy details.  Use the
  cmake_policy command to set the policy and suppress this warning.

  CMake variable FLANN_ROOT is set to:

    /usr

  For compatibility, find_package is ignoring the variable, but code in a
  .cmake module might still use it.
Call Stack (most recent call first):
  /usr/lib/x86_64-linux-gnu/cmake/pcl/PCLConfig.cmake:256 (find_package)
  /usr/lib/x86_64-linux-gnu/cmake/pcl/PCLConfig.cmake:301 (find_flann)
  /usr/lib/x86_64-linux-gnu/cmake/pcl/PCLConfig.cmake:543 (find_external_library)
  /opt/ros/humble/share/pcl_conversions/cmake/ament_cmake_export_dependencies-extras.cmake:21 (find_package)
  /opt/ros/humble/share/pcl_conversions/cmake/pcl_conversionsConfig.cmake:41 (include)
  /home/cityu-fsm-lab-carla/Workspace/autoware/install/tier4_autoware_utils/share/tier4_autoware_utils/cmake/ament_cmake_export_dependencies-extras.cmake:21 (find_package)
  /home/cityu-fsm-lab-carla/Workspace/autoware/install/tier4_autoware_utils/share/tier4_autoware_utils/cmake/tier4_autoware_utilsConfig.cmake:41 (include)
  /home/cityu-fsm-lab-carla/Workspace/autoware/install/interpolation/share/interpolation/cmake/ament_cmake_export_dependencies-extras.cmake:21 (find_package)
  /home/cityu-fsm-lab-carla/Workspace/autoware/install/interpolation/share/interpolation/cmake/interpolationConfig.cmake:41 (include)
  /home/cityu-fsm-lab-carla/Workspace/autoware/install/sampler_common/share/sampler_common/cmake/ament_cmake_export_dependencies-extras.cmake:21 (find_package)
  /home/cityu-fsm-lab-carla/Workspace/autoware/install/sampler_common/share/sampler_common/cmake/sampler_commonConfig.cmake:41 (include)
  /home/cityu-fsm-lab-carla/Workspace/autoware/install/bezier_sampler/share/bezier_sampler/cmake/ament_cmake_export_dependencies-extras.cmake:21 (find_package)
  /home/cityu-fsm-lab-carla/Workspace/autoware/install/bezier_sampler/share/bezier_sampler/cmake/bezier_samplerConfig.cmake:41 (include)
  /opt/ros/humble/share/ament_cmake_auto/cmake/ament_auto_find_build_dependencies.cmake:67 (find_package)
  /home/cityu-fsm-lab-carla/Workspace/autoware/install/autoware_cmake/share/autoware_cmake/cmake/autoware_package.cmake:49 (ament_auto_find_build_dependencies)
  CMakeLists.txt:5 (autoware_package)
This warning is for project developers.  Use -Wno-dev to suppress it.

CMake Warning (dev) at /opt/ros/humble/share/python_cmake_module/cmake/Modules/FindPythonExtra.cmake:52 (find_package):
  Policy CMP0148 is not set: The FindPythonInterp and FindPythonLibs modules
  are removed.  Run "cmake --help-policy CMP0148" for policy details.  Use
  the cmake_policy command to set the policy and suppress this warning.

Call Stack (most recent call first):
  /opt/ros/humble/share/launch_testing_ament_cmake/cmake/launch_testing_ament_cmake-extras.cmake:18 (find_package)
  /opt/ros/humble/share/launch_testing_ament_cmake/cmake/launch_testing_ament_cmakeConfig.cmake:41 (include)
  /opt/ros/humble/share/ros_testing/cmake/ros_testing-extras.cmake:15 (find_package)
  /opt/ros/humble/share/ros_testing/cmake/ros_testingConfig.cmake:41 (include)
  /home/cityu-fsm-lab-carla/Workspace/autoware/install/autoware_testing/share/autoware_testing/cmake/autoware_testing-extras.cmake:15 (find_package)
  /home/cityu-fsm-lab-carla/Workspace/autoware/install/autoware_testing/share/autoware_testing/cmake/autoware_testingConfig.cmake:41 (include)
  /opt/ros/humble/share/ament_lint_auto/cmake/ament_lint_auto_find_test_dependencies.cmake:36 (find_package)
  /home/cityu-fsm-lab-carla/Workspace/autoware/install/autoware_cmake/share/autoware_cmake/cmake/autoware_package.cmake:67 (ament_lint_auto_find_test_dependencies)
  CMakeLists.txt:5 (autoware_package)
This warning is for project developers.  Use -Wno-dev to suppress it.

CMake Warning (dev) at /opt/ros/humble/share/python_cmake_module/cmake/Modules/FindPythonExtra.cmake:140 (find_package):
  Policy CMP0148 is not set: The FindPythonInterp and FindPythonLibs modules
  are removed.  Run "cmake --help-policy CMP0148" for policy details.  Use
  the cmake_policy command to set the policy and suppress this warning.

Call Stack (most recent call first):
  /opt/ros/humble/share/launch_testing_ament_cmake/cmake/launch_testing_ament_cmake-extras.cmake:18 (find_package)
  /opt/ros/humble/share/launch_testing_ament_cmake/cmake/launch_testing_ament_cmakeConfig.cmake:41 (include)
  /opt/ros/humble/share/ros_testing/cmake/ros_testing-extras.cmake:15 (find_package)
  /opt/ros/humble/share/ros_testing/cmake/ros_testingConfig.cmake:41 (include)
  /home/cityu-fsm-lab-carla/Workspace/autoware/install/autoware_testing/share/autoware_testing/cmake/autoware_testing-extras.cmake:15 (find_package)
  /home/cityu-fsm-lab-carla/Workspace/autoware/install/autoware_testing/share/autoware_testing/cmake/autoware_testingConfig.cmake:41 (include)
  /opt/ros/humble/share/ament_lint_auto/cmake/ament_lint_auto_find_test_dependencies.cmake:36 (find_package)
  /home/cityu-fsm-lab-carla/Workspace/autoware/install/autoware_cmake/share/autoware_cmake/cmake/autoware_package.cmake:67 (ament_lint_auto_find_test_dependencies)
  CMakeLists.txt:5 (autoware_package)
This warning is for project developers.  Use -Wno-dev to suppress it.

---
Finished <<< path_sampler [18.3s]
Starting >>> sample_sensor_kit_launch
Finished <<< sample_sensor_kit_launch [0.65s]
Starting >>> behavior_path_dynamic_avoidance_module
--- stderr: behavior_path_dynamic_avoidance_module
CMake Warning (dev) at /usr/lib/x86_64-linux-gnu/cmake/pcl/PCLConfig.cmake:146 (find_package):
  Policy CMP0144 is not set: find_package uses upper-case <PACKAGENAME>_ROOT
  variables.  Run "cmake --help-policy CMP0144" for policy details.  Use the
  cmake_policy command to set the policy and suppress this warning.

  CMake variable EIGEN_ROOT is set to:

    /usr/include/eigen3

  For compatibility, find_package is ignoring the variable, but code in a
  .cmake module might still use it.
Call Stack (most recent call first):
  /usr/lib/x86_64-linux-gnu/cmake/pcl/PCLConfig.cmake:299 (find_eigen)
  /usr/lib/x86_64-linux-gnu/cmake/pcl/PCLConfig.cmake:543 (find_external_library)
  /opt/ros/humble/share/pcl_conversions/cmake/ament_cmake_export_dependencies-extras.cmake:21 (find_package)
  /opt/ros/humble/share/pcl_conversions/cmake/pcl_conversionsConfig.cmake:41 (include)
  /home/cityu-fsm-lab-carla/Workspace/autoware/install/tier4_autoware_utils/share/tier4_autoware_utils/cmake/ament_cmake_export_dependencies-extras.cmake:21 (find_package)
  /home/cityu-fsm-lab-carla/Workspace/autoware/install/tier4_autoware_utils/share/tier4_autoware_utils/cmake/tier4_autoware_utilsConfig.cmake:41 (include)
  /home/cityu-fsm-lab-carla/Workspace/autoware/install/freespace_planning_algorithms/share/freespace_planning_algorithms/cmake/ament_cmake_export_dependencies-extras.cmake:21 (find_package)
  /home/cityu-fsm-lab-carla/Workspace/autoware/install/freespace_planning_algorithms/share/freespace_planning_algorithms/cmake/freespace_planning_algorithmsConfig.cmake:41 (include)
  /home/cityu-fsm-lab-carla/Workspace/autoware/install/behavior_path_planner_common/share/behavior_path_planner_common/cmake/ament_cmake_export_dependencies-extras.cmake:21 (find_package)
  /home/cityu-fsm-lab-carla/Workspace/autoware/install/behavior_path_planner_common/share/behavior_path_planner_common/cmake/behavior_path_planner_commonConfig.cmake:41 (include)
  /home/cityu-fsm-lab-carla/Workspace/autoware/install/behavior_path_planner/share/behavior_path_planner/cmake/ament_cmake_export_dependencies-extras.cmake:21 (find_package)
  /home/cityu-fsm-lab-carla/Workspace/autoware/install/behavior_path_planner/share/behavior_path_planner/cmake/behavior_path_plannerConfig.cmake:41 (include)
  /opt/ros/humble/share/ament_cmake_auto/cmake/ament_auto_find_build_dependencies.cmake:67 (find_package)
  /home/cityu-fsm-lab-carla/Workspace/autoware/install/autoware_cmake/share/autoware_cmake/cmake/autoware_package.cmake:49 (ament_auto_find_build_dependencies)
  CMakeLists.txt:5 (autoware_package)
This warning is for project developers.  Use -Wno-dev to suppress it.

CMake Warning (dev) at /usr/lib/x86_64-linux-gnu/cmake/pcl/Modules/FindFLANN.cmake:44 (find_package):
  Policy CMP0144 is not set: find_package uses upper-case <PACKAGENAME>_ROOT
  variables.  Run "cmake --help-policy CMP0144" for policy details.  Use the
  cmake_policy command to set the policy and suppress this warning.

  CMake variable FLANN_ROOT is set to:

    /usr

  For compatibility, find_package is ignoring the variable, but code in a
  .cmake module might still use it.
Call Stack (most recent call first):
  /usr/lib/x86_64-linux-gnu/cmake/pcl/PCLConfig.cmake:256 (find_package)
  /usr/lib/x86_64-linux-gnu/cmake/pcl/PCLConfig.cmake:301 (find_flann)
  /usr/lib/x86_64-linux-gnu/cmake/pcl/PCLConfig.cmake:543 (find_external_library)
  /opt/ros/humble/share/pcl_conversions/cmake/ament_cmake_export_dependencies-extras.cmake:21 (find_package)
  /opt/ros/humble/share/pcl_conversions/cmake/pcl_conversionsConfig.cmake:41 (include)
  /home/cityu-fsm-lab-carla/Workspace/autoware/install/tier4_autoware_utils/share/tier4_autoware_utils/cmake/ament_cmake_export_dependencies-extras.cmake:21 (find_package)
  /home/cityu-fsm-lab-carla/Workspace/autoware/install/tier4_autoware_utils/share/tier4_autoware_utils/cmake/tier4_autoware_utilsConfig.cmake:41 (include)
  /home/cityu-fsm-lab-carla/Workspace/autoware/install/freespace_planning_algorithms/share/freespace_planning_algorithms/cmake/ament_cmake_export_dependencies-extras.cmake:21 (find_package)
  /home/cityu-fsm-lab-carla/Workspace/autoware/install/freespace_planning_algorithms/share/freespace_planning_algorithms/cmake/freespace_planning_algorithmsConfig.cmake:41 (include)
  /home/cityu-fsm-lab-carla/Workspace/autoware/install/behavior_path_planner_common/share/behavior_path_planner_common/cmake/ament_cmake_export_dependencies-extras.cmake:21 (find_package)
  /home/cityu-fsm-lab-carla/Workspace/autoware/install/behavior_path_planner_common/share/behavior_path_planner_common/cmake/behavior_path_planner_commonConfig.cmake:41 (include)
  /home/cityu-fsm-lab-carla/Workspace/autoware/install/behavior_path_planner/share/behavior_path_planner/cmake/ament_cmake_export_dependencies-extras.cmake:21 (find_package)
  /home/cityu-fsm-lab-carla/Workspace/autoware/install/behavior_path_planner/share/behavior_path_planner/cmake/behavior_path_plannerConfig.cmake:41 (include)
  /opt/ros/humble/share/ament_cmake_auto/cmake/ament_auto_find_build_dependencies.cmake:67 (find_package)
  /home/cityu-fsm-lab-carla/Workspace/autoware/install/autoware_cmake/share/autoware_cmake/cmake/autoware_package.cmake:49 (ament_auto_find_build_dependencies)
  CMakeLists.txt:5 (autoware_package)
This warning is for project developers.  Use -Wno-dev to suppress it.

---
Finished <<< behavior_path_dynamic_avoidance_module [25.1s]
Starting >>> behavior_path_goal_planner_module
--- stderr: behavior_path_goal_planner_module
CMake Warning (dev) at /usr/lib/x86_64-linux-gnu/cmake/pcl/PCLConfig.cmake:146 (find_package):
  Policy CMP0144 is not set: find_package uses upper-case <PACKAGENAME>_ROOT
  variables.  Run "cmake --help-policy CMP0144" for policy details.  Use the
  cmake_policy command to set the policy and suppress this warning.

  CMake variable EIGEN_ROOT is set to:

    /usr/include/eigen3

  For compatibility, find_package is ignoring the variable, but code in a
  .cmake module might still use it.
Call Stack (most recent call first):
  /usr/lib/x86_64-linux-gnu/cmake/pcl/PCLConfig.cmake:299 (find_eigen)
  /usr/lib/x86_64-linux-gnu/cmake/pcl/PCLConfig.cmake:543 (find_external_library)
  /opt/ros/humble/share/pcl_conversions/cmake/ament_cmake_export_dependencies-extras.cmake:21 (find_package)
  /opt/ros/humble/share/pcl_conversions/cmake/pcl_conversionsConfig.cmake:41 (include)
  /home/cityu-fsm-lab-carla/Workspace/autoware/install/tier4_autoware_utils/share/tier4_autoware_utils/cmake/ament_cmake_export_dependencies-extras.cmake:21 (find_package)
  /home/cityu-fsm-lab-carla/Workspace/autoware/install/tier4_autoware_utils/share/tier4_autoware_utils/cmake/tier4_autoware_utilsConfig.cmake:41 (include)
  /home/cityu-fsm-lab-carla/Workspace/autoware/install/freespace_planning_algorithms/share/freespace_planning_algorithms/cmake/ament_cmake_export_dependencies-extras.cmake:21 (find_package)
  /home/cityu-fsm-lab-carla/Workspace/autoware/install/freespace_planning_algorithms/share/freespace_planning_algorithms/cmake/freespace_planning_algorithmsConfig.cmake:41 (include)
  /home/cityu-fsm-lab-carla/Workspace/autoware/install/behavior_path_planner_common/share/behavior_path_planner_common/cmake/ament_cmake_export_dependencies-extras.cmake:21 (find_package)
  /home/cityu-fsm-lab-carla/Workspace/autoware/install/behavior_path_planner_common/share/behavior_path_planner_common/cmake/behavior_path_planner_commonConfig.cmake:41 (include)
  /home/cityu-fsm-lab-carla/Workspace/autoware/install/behavior_path_planner/share/behavior_path_planner/cmake/ament_cmake_export_dependencies-extras.cmake:21 (find_package)
  /home/cityu-fsm-lab-carla/Workspace/autoware/install/behavior_path_planner/share/behavior_path_planner/cmake/behavior_path_plannerConfig.cmake:41 (include)
  /opt/ros/humble/share/ament_cmake_auto/cmake/ament_auto_find_build_dependencies.cmake:67 (find_package)
  /home/cityu-fsm-lab-carla/Workspace/autoware/install/autoware_cmake/share/autoware_cmake/cmake/autoware_package.cmake:49 (ament_auto_find_build_dependencies)
  CMakeLists.txt:5 (autoware_package)
This warning is for project developers.  Use -Wno-dev to suppress it.

CMake Warning (dev) at /usr/lib/x86_64-linux-gnu/cmake/pcl/Modules/FindFLANN.cmake:44 (find_package):
  Policy CMP0144 is not set: find_package uses upper-case <PACKAGENAME>_ROOT
  variables.  Run "cmake --help-policy CMP0144" for policy details.  Use the
  cmake_policy command to set the policy and suppress this warning.

  CMake variable FLANN_ROOT is set to:

    /usr

  For compatibility, find_package is ignoring the variable, but code in a
  .cmake module might still use it.
Call Stack (most recent call first):
  /usr/lib/x86_64-linux-gnu/cmake/pcl/PCLConfig.cmake:256 (find_package)
  /usr/lib/x86_64-linux-gnu/cmake/pcl/PCLConfig.cmake:301 (find_flann)
  /usr/lib/x86_64-linux-gnu/cmake/pcl/PCLConfig.cmake:543 (find_external_library)
  /opt/ros/humble/share/pcl_conversions/cmake/ament_cmake_export_dependencies-extras.cmake:21 (find_package)
  /opt/ros/humble/share/pcl_conversions/cmake/pcl_conversionsConfig.cmake:41 (include)
  /home/cityu-fsm-lab-carla/Workspace/autoware/install/tier4_autoware_utils/share/tier4_autoware_utils/cmake/ament_cmake_export_dependencies-extras.cmake:21 (find_package)
  /home/cityu-fsm-lab-carla/Workspace/autoware/install/tier4_autoware_utils/share/tier4_autoware_utils/cmake/tier4_autoware_utilsConfig.cmake:41 (include)
  /home/cityu-fsm-lab-carla/Workspace/autoware/install/freespace_planning_algorithms/share/freespace_planning_algorithms/cmake/ament_cmake_export_dependencies-extras.cmake:21 (find_package)
  /home/cityu-fsm-lab-carla/Workspace/autoware/install/freespace_planning_algorithms/share/freespace_planning_algorithms/cmake/freespace_planning_algorithmsConfig.cmake:41 (include)
  /home/cityu-fsm-lab-carla/Workspace/autoware/install/behavior_path_planner_common/share/behavior_path_planner_common/cmake/ament_cmake_export_dependencies-extras.cmake:21 (find_package)
  /home/cityu-fsm-lab-carla/Workspace/autoware/install/behavior_path_planner_common/share/behavior_path_planner_common/cmake/behavior_path_planner_commonConfig.cmake:41 (include)
  /home/cityu-fsm-lab-carla/Workspace/autoware/install/behavior_path_planner/share/behavior_path_planner/cmake/ament_cmake_export_dependencies-extras.cmake:21 (find_package)
  /home/cityu-fsm-lab-carla/Workspace/autoware/install/behavior_path_planner/share/behavior_path_planner/cmake/behavior_path_plannerConfig.cmake:41 (include)
  /opt/ros/humble/share/ament_cmake_auto/cmake/ament_auto_find_build_dependencies.cmake:67 (find_package)
  /home/cityu-fsm-lab-carla/Workspace/autoware/install/autoware_cmake/share/autoware_cmake/cmake/autoware_package.cmake:49 (ament_auto_find_build_dependencies)
  CMakeLists.txt:5 (autoware_package)
This warning is for project developers.  Use -Wno-dev to suppress it.

---
Finished <<< behavior_path_goal_planner_module [21.6s]
Starting >>> behavior_path_side_shift_module
--- stderr: behavior_path_side_shift_module
CMake Warning (dev) at /usr/lib/x86_64-linux-gnu/cmake/pcl/PCLConfig.cmake:146 (find_package):
  Policy CMP0144 is not set: find_package uses upper-case <PACKAGENAME>_ROOT
  variables.  Run "cmake --help-policy CMP0144" for policy details.  Use the
  cmake_policy command to set the policy and suppress this warning.

  CMake variable EIGEN_ROOT is set to:

    /usr/include/eigen3

  For compatibility, find_package is ignoring the variable, but code in a
  .cmake module might still use it.
Call Stack (most recent call first):
  /usr/lib/x86_64-linux-gnu/cmake/pcl/PCLConfig.cmake:299 (find_eigen)
  /usr/lib/x86_64-linux-gnu/cmake/pcl/PCLConfig.cmake:543 (find_external_library)
  /opt/ros/humble/share/pcl_conversions/cmake/ament_cmake_export_dependencies-extras.cmake:21 (find_package)
  /opt/ros/humble/share/pcl_conversions/cmake/pcl_conversionsConfig.cmake:41 (include)
  /home/cityu-fsm-lab-carla/Workspace/autoware/install/tier4_autoware_utils/share/tier4_autoware_utils/cmake/ament_cmake_export_dependencies-extras.cmake:21 (find_package)
  /home/cityu-fsm-lab-carla/Workspace/autoware/install/tier4_autoware_utils/share/tier4_autoware_utils/cmake/tier4_autoware_utilsConfig.cmake:41 (include)
  /home/cityu-fsm-lab-carla/Workspace/autoware/install/freespace_planning_algorithms/share/freespace_planning_algorithms/cmake/ament_cmake_export_dependencies-extras.cmake:21 (find_package)
  /home/cityu-fsm-lab-carla/Workspace/autoware/install/freespace_planning_algorithms/share/freespace_planning_algorithms/cmake/freespace_planning_algorithmsConfig.cmake:41 (include)
  /home/cityu-fsm-lab-carla/Workspace/autoware/install/behavior_path_planner_common/share/behavior_path_planner_common/cmake/ament_cmake_export_dependencies-extras.cmake:21 (find_package)
  /home/cityu-fsm-lab-carla/Workspace/autoware/install/behavior_path_planner_common/share/behavior_path_planner_common/cmake/behavior_path_planner_commonConfig.cmake:41 (include)
  /home/cityu-fsm-lab-carla/Workspace/autoware/install/behavior_path_planner/share/behavior_path_planner/cmake/ament_cmake_export_dependencies-extras.cmake:21 (find_package)
  /home/cityu-fsm-lab-carla/Workspace/autoware/install/behavior_path_planner/share/behavior_path_planner/cmake/behavior_path_plannerConfig.cmake:41 (include)
  /opt/ros/humble/share/ament_cmake_auto/cmake/ament_auto_find_build_dependencies.cmake:67 (find_package)
  /home/cityu-fsm-lab-carla/Workspace/autoware/install/autoware_cmake/share/autoware_cmake/cmake/autoware_package.cmake:49 (ament_auto_find_build_dependencies)
  CMakeLists.txt:5 (autoware_package)
This warning is for project developers.  Use -Wno-dev to suppress it.

CMake Warning (dev) at /usr/lib/x86_64-linux-gnu/cmake/pcl/Modules/FindFLANN.cmake:44 (find_package):
  Policy CMP0144 is not set: find_package uses upper-case <PACKAGENAME>_ROOT
  variables.  Run "cmake --help-policy CMP0144" for policy details.  Use the
  cmake_policy command to set the policy and suppress this warning.

  CMake variable FLANN_ROOT is set to:

    /usr

  For compatibility, find_package is ignoring the variable, but code in a
  .cmake module might still use it.
Call Stack (most recent call first):
  /usr/lib/x86_64-linux-gnu/cmake/pcl/PCLConfig.cmake:256 (find_package)
  /usr/lib/x86_64-linux-gnu/cmake/pcl/PCLConfig.cmake:301 (find_flann)
  /usr/lib/x86_64-linux-gnu/cmake/pcl/PCLConfig.cmake:543 (find_external_library)
  /opt/ros/humble/share/pcl_conversions/cmake/ament_cmake_export_dependencies-extras.cmake:21 (find_package)
  /opt/ros/humble/share/pcl_conversions/cmake/pcl_conversionsConfig.cmake:41 (include)
  /home/cityu-fsm-lab-carla/Workspace/autoware/install/tier4_autoware_utils/share/tier4_autoware_utils/cmake/ament_cmake_export_dependencies-extras.cmake:21 (find_package)
  /home/cityu-fsm-lab-carla/Workspace/autoware/install/tier4_autoware_utils/share/tier4_autoware_utils/cmake/tier4_autoware_utilsConfig.cmake:41 (include)
  /home/cityu-fsm-lab-carla/Workspace/autoware/install/freespace_planning_algorithms/share/freespace_planning_algorithms/cmake/ament_cmake_export_dependencies-extras.cmake:21 (find_package)
  /home/cityu-fsm-lab-carla/Workspace/autoware/install/freespace_planning_algorithms/share/freespace_planning_algorithms/cmake/freespace_planning_algorithmsConfig.cmake:41 (include)
  /home/cityu-fsm-lab-carla/Workspace/autoware/install/behavior_path_planner_common/share/behavior_path_planner_common/cmake/ament_cmake_export_dependencies-extras.cmake:21 (find_package)
  /home/cityu-fsm-lab-carla/Workspace/autoware/install/behavior_path_planner_common/share/behavior_path_planner_common/cmake/behavior_path_planner_commonConfig.cmake:41 (include)
  /home/cityu-fsm-lab-carla/Workspace/autoware/install/behavior_path_planner/share/behavior_path_planner/cmake/ament_cmake_export_dependencies-extras.cmake:21 (find_package)
  /home/cityu-fsm-lab-carla/Workspace/autoware/install/behavior_path_planner/share/behavior_path_planner/cmake/behavior_path_plannerConfig.cmake:41 (include)
  /opt/ros/humble/share/ament_cmake_auto/cmake/ament_auto_find_build_dependencies.cmake:67 (find_package)
  /home/cityu-fsm-lab-carla/Workspace/autoware/install/autoware_cmake/share/autoware_cmake/cmake/autoware_package.cmake:49 (ament_auto_find_build_dependencies)
  CMakeLists.txt:5 (autoware_package)
This warning is for project developers.  Use -Wno-dev to suppress it.

---
Finished <<< behavior_path_side_shift_module [22.5s]
Starting >>> behavior_path_start_planner_module
--- stderr: behavior_path_start_planner_module
CMake Warning (dev) at /usr/lib/x86_64-linux-gnu/cmake/pcl/PCLConfig.cmake:146 (find_package):
  Policy CMP0144 is not set: find_package uses upper-case <PACKAGENAME>_ROOT
  variables.  Run "cmake --help-policy CMP0144" for policy details.  Use the
  cmake_policy command to set the policy and suppress this warning.

  CMake variable EIGEN_ROOT is set to:

    /usr/include/eigen3

  For compatibility, find_package is ignoring the variable, but code in a
  .cmake module might still use it.
Call Stack (most recent call first):
  /usr/lib/x86_64-linux-gnu/cmake/pcl/PCLConfig.cmake:299 (find_eigen)
  /usr/lib/x86_64-linux-gnu/cmake/pcl/PCLConfig.cmake:543 (find_external_library)
  /opt/ros/humble/share/pcl_conversions/cmake/ament_cmake_export_dependencies-extras.cmake:21 (find_package)
  /opt/ros/humble/share/pcl_conversions/cmake/pcl_conversionsConfig.cmake:41 (include)
  /home/cityu-fsm-lab-carla/Workspace/autoware/install/tier4_autoware_utils/share/tier4_autoware_utils/cmake/ament_cmake_export_dependencies-extras.cmake:21 (find_package)
  /home/cityu-fsm-lab-carla/Workspace/autoware/install/tier4_autoware_utils/share/tier4_autoware_utils/cmake/tier4_autoware_utilsConfig.cmake:41 (include)
  /home/cityu-fsm-lab-carla/Workspace/autoware/install/freespace_planning_algorithms/share/freespace_planning_algorithms/cmake/ament_cmake_export_dependencies-extras.cmake:21 (find_package)
  /home/cityu-fsm-lab-carla/Workspace/autoware/install/freespace_planning_algorithms/share/freespace_planning_algorithms/cmake/freespace_planning_algorithmsConfig.cmake:41 (include)
  /home/cityu-fsm-lab-carla/Workspace/autoware/install/behavior_path_planner_common/share/behavior_path_planner_common/cmake/ament_cmake_export_dependencies-extras.cmake:21 (find_package)
  /home/cityu-fsm-lab-carla/Workspace/autoware/install/behavior_path_planner_common/share/behavior_path_planner_common/cmake/behavior_path_planner_commonConfig.cmake:41 (include)
  /home/cityu-fsm-lab-carla/Workspace/autoware/install/behavior_path_planner/share/behavior_path_planner/cmake/ament_cmake_export_dependencies-extras.cmake:21 (find_package)
  /home/cityu-fsm-lab-carla/Workspace/autoware/install/behavior_path_planner/share/behavior_path_planner/cmake/behavior_path_plannerConfig.cmake:41 (include)
  /opt/ros/humble/share/ament_cmake_auto/cmake/ament_auto_find_build_dependencies.cmake:67 (find_package)
  /home/cityu-fsm-lab-carla/Workspace/autoware/install/autoware_cmake/share/autoware_cmake/cmake/autoware_package.cmake:49 (ament_auto_find_build_dependencies)
  CMakeLists.txt:5 (autoware_package)
This warning is for project developers.  Use -Wno-dev to suppress it.

CMake Warning (dev) at /usr/lib/x86_64-linux-gnu/cmake/pcl/Modules/FindFLANN.cmake:44 (find_package):
  Policy CMP0144 is not set: find_package uses upper-case <PACKAGENAME>_ROOT
  variables.  Run "cmake --help-policy CMP0144" for policy details.  Use the
  cmake_policy command to set the policy and suppress this warning.

  CMake variable FLANN_ROOT is set to:

    /usr

  For compatibility, find_package is ignoring the variable, but code in a
  .cmake module might still use it.
Call Stack (most recent call first):
  /usr/lib/x86_64-linux-gnu/cmake/pcl/PCLConfig.cmake:256 (find_package)
  /usr/lib/x86_64-linux-gnu/cmake/pcl/PCLConfig.cmake:301 (find_flann)
  /usr/lib/x86_64-linux-gnu/cmake/pcl/PCLConfig.cmake:543 (find_external_library)
  /opt/ros/humble/share/pcl_conversions/cmake/ament_cmake_export_dependencies-extras.cmake:21 (find_package)
  /opt/ros/humble/share/pcl_conversions/cmake/pcl_conversionsConfig.cmake:41 (include)
  /home/cityu-fsm-lab-carla/Workspace/autoware/install/tier4_autoware_utils/share/tier4_autoware_utils/cmake/ament_cmake_export_dependencies-extras.cmake:21 (find_package)
  /home/cityu-fsm-lab-carla/Workspace/autoware/install/tier4_autoware_utils/share/tier4_autoware_utils/cmake/tier4_autoware_utilsConfig.cmake:41 (include)
  /home/cityu-fsm-lab-carla/Workspace/autoware/install/freespace_planning_algorithms/share/freespace_planning_algorithms/cmake/ament_cmake_export_dependencies-extras.cmake:21 (find_package)
  /home/cityu-fsm-lab-carla/Workspace/autoware/install/freespace_planning_algorithms/share/freespace_planning_algorithms/cmake/freespace_planning_algorithmsConfig.cmake:41 (include)
  /home/cityu-fsm-lab-carla/Workspace/autoware/install/behavior_path_planner_common/share/behavior_path_planner_common/cmake/ament_cmake_export_dependencies-extras.cmake:21 (find_package)
  /home/cityu-fsm-lab-carla/Workspace/autoware/install/behavior_path_planner_common/share/behavior_path_planner_common/cmake/behavior_path_planner_commonConfig.cmake:41 (include)
  /home/cityu-fsm-lab-carla/Workspace/autoware/install/behavior_path_planner/share/behavior_path_planner/cmake/ament_cmake_export_dependencies-extras.cmake:21 (find_package)
  /home/cityu-fsm-lab-carla/Workspace/autoware/install/behavior_path_planner/share/behavior_path_planner/cmake/behavior_path_plannerConfig.cmake:41 (include)
  /opt/ros/humble/share/ament_cmake_auto/cmake/ament_auto_find_build_dependencies.cmake:67 (find_package)
  /home/cityu-fsm-lab-carla/Workspace/autoware/install/autoware_cmake/share/autoware_cmake/cmake/autoware_package.cmake:49 (ament_auto_find_build_dependencies)
  CMakeLists.txt:5 (autoware_package)
This warning is for project developers.  Use -Wno-dev to suppress it.

---
Finished <<< behavior_path_start_planner_module [16.4s]
Starting >>> behavior_path_avoidance_by_lane_change_module
--- stderr: behavior_path_avoidance_by_lane_change_module
CMake Warning (dev) at /usr/lib/x86_64-linux-gnu/cmake/pcl/PCLConfig.cmake:146 (find_package):
  Policy CMP0144 is not set: find_package uses upper-case <PACKAGENAME>_ROOT
  variables.  Run "cmake --help-policy CMP0144" for policy details.  Use the
  cmake_policy command to set the policy and suppress this warning.

  CMake variable EIGEN_ROOT is set to:

    /usr/include/eigen3

  For compatibility, find_package is ignoring the variable, but code in a
  .cmake module might still use it.
Call Stack (most recent call first):
  /usr/lib/x86_64-linux-gnu/cmake/pcl/PCLConfig.cmake:299 (find_eigen)
  /usr/lib/x86_64-linux-gnu/cmake/pcl/PCLConfig.cmake:543 (find_external_library)
  /opt/ros/humble/share/pcl_conversions/cmake/ament_cmake_export_dependencies-extras.cmake:21 (find_package)
  /opt/ros/humble/share/pcl_conversions/cmake/pcl_conversionsConfig.cmake:41 (include)
  /home/cityu-fsm-lab-carla/Workspace/autoware/install/tier4_autoware_utils/share/tier4_autoware_utils/cmake/ament_cmake_export_dependencies-extras.cmake:21 (find_package)
  /home/cityu-fsm-lab-carla/Workspace/autoware/install/tier4_autoware_utils/share/tier4_autoware_utils/cmake/tier4_autoware_utilsConfig.cmake:41 (include)
  /home/cityu-fsm-lab-carla/Workspace/autoware/install/freespace_planning_algorithms/share/freespace_planning_algorithms/cmake/ament_cmake_export_dependencies-extras.cmake:21 (find_package)
  /home/cityu-fsm-lab-carla/Workspace/autoware/install/freespace_planning_algorithms/share/freespace_planning_algorithms/cmake/freespace_planning_algorithmsConfig.cmake:41 (include)
  /home/cityu-fsm-lab-carla/Workspace/autoware/install/behavior_path_planner_common/share/behavior_path_planner_common/cmake/ament_cmake_export_dependencies-extras.cmake:21 (find_package)
  /home/cityu-fsm-lab-carla/Workspace/autoware/install/behavior_path_planner_common/share/behavior_path_planner_common/cmake/behavior_path_planner_commonConfig.cmake:41 (include)
  /home/cityu-fsm-lab-carla/Workspace/autoware/install/behavior_path_planner/share/behavior_path_planner/cmake/ament_cmake_export_dependencies-extras.cmake:21 (find_package)
  /home/cityu-fsm-lab-carla/Workspace/autoware/install/behavior_path_planner/share/behavior_path_planner/cmake/behavior_path_plannerConfig.cmake:41 (include)
  /home/cityu-fsm-lab-carla/Workspace/autoware/install/behavior_path_avoidance_module/share/behavior_path_avoidance_module/cmake/ament_cmake_export_dependencies-extras.cmake:21 (find_package)
  /home/cityu-fsm-lab-carla/Workspace/autoware/install/behavior_path_avoidance_module/share/behavior_path_avoidance_module/cmake/behavior_path_avoidance_moduleConfig.cmake:41 (include)
  /opt/ros/humble/share/ament_cmake_auto/cmake/ament_auto_find_build_dependencies.cmake:67 (find_package)
  /home/cityu-fsm-lab-carla/Workspace/autoware/install/autoware_cmake/share/autoware_cmake/cmake/autoware_package.cmake:49 (ament_auto_find_build_dependencies)
  CMakeLists.txt:5 (autoware_package)
This warning is for project developers.  Use -Wno-dev to suppress it.

CMake Warning (dev) at /usr/lib/x86_64-linux-gnu/cmake/pcl/Modules/FindFLANN.cmake:44 (find_package):
  Policy CMP0144 is not set: find_package uses upper-case <PACKAGENAME>_ROOT
  variables.  Run "cmake --help-policy CMP0144" for policy details.  Use the
  cmake_policy command to set the policy and suppress this warning.

  CMake variable FLANN_ROOT is set to:

    /usr

  For compatibility, find_package is ignoring the variable, but code in a
  .cmake module might still use it.
Call Stack (most recent call first):
  /usr/lib/x86_64-linux-gnu/cmake/pcl/PCLConfig.cmake:256 (find_package)
  /usr/lib/x86_64-linux-gnu/cmake/pcl/PCLConfig.cmake:301 (find_flann)
  /usr/lib/x86_64-linux-gnu/cmake/pcl/PCLConfig.cmake:543 (find_external_library)
  /opt/ros/humble/share/pcl_conversions/cmake/ament_cmake_export_dependencies-extras.cmake:21 (find_package)
  /opt/ros/humble/share/pcl_conversions/cmake/pcl_conversionsConfig.cmake:41 (include)
  /home/cityu-fsm-lab-carla/Workspace/autoware/install/tier4_autoware_utils/share/tier4_autoware_utils/cmake/ament_cmake_export_dependencies-extras.cmake:21 (find_package)
  /home/cityu-fsm-lab-carla/Workspace/autoware/install/tier4_autoware_utils/share/tier4_autoware_utils/cmake/tier4_autoware_utilsConfig.cmake:41 (include)
  /home/cityu-fsm-lab-carla/Workspace/autoware/install/freespace_planning_algorithms/share/freespace_planning_algorithms/cmake/ament_cmake_export_dependencies-extras.cmake:21 (find_package)
  /home/cityu-fsm-lab-carla/Workspace/autoware/install/freespace_planning_algorithms/share/freespace_planning_algorithms/cmake/freespace_planning_algorithmsConfig.cmake:41 (include)
  /home/cityu-fsm-lab-carla/Workspace/autoware/install/behavior_path_planner_common/share/behavior_path_planner_common/cmake/ament_cmake_export_dependencies-extras.cmake:21 (find_package)
  /home/cityu-fsm-lab-carla/Workspace/autoware/install/behavior_path_planner_common/share/behavior_path_planner_common/cmake/behavior_path_planner_commonConfig.cmake:41 (include)
  /home/cityu-fsm-lab-carla/Workspace/autoware/install/behavior_path_planner/share/behavior_path_planner/cmake/ament_cmake_export_dependencies-extras.cmake:21 (find_package)
  /home/cityu-fsm-lab-carla/Workspace/autoware/install/behavior_path_planner/share/behavior_path_planner/cmake/behavior_path_plannerConfig.cmake:41 (include)
  /home/cityu-fsm-lab-carla/Workspace/autoware/install/behavior_path_avoidance_module/share/behavior_path_avoidance_module/cmake/ament_cmake_export_dependencies-extras.cmake:21 (find_package)
  /home/cityu-fsm-lab-carla/Workspace/autoware/install/behavior_path_avoidance_module/share/behavior_path_avoidance_module/cmake/behavior_path_avoidance_moduleConfig.cmake:41 (include)
  /opt/ros/humble/share/ament_cmake_auto/cmake/ament_auto_find_build_dependencies.cmake:67 (find_package)
  /home/cityu-fsm-lab-carla/Workspace/autoware/install/autoware_cmake/share/autoware_cmake/cmake/autoware_package.cmake:49 (ament_auto_find_build_dependencies)
  CMakeLists.txt:5 (autoware_package)
This warning is for project developers.  Use -Wno-dev to suppress it.

---
[Processing: behavior_path_avoidance_by_lane_change_module]
Finished <<< behavior_path_avoidance_by_lane_change_module [30.9s]
Starting >>> behavior_path_external_request_lane_change_module
--- stderr: behavior_path_external_request_lane_change_module
CMake Warning (dev) at /usr/lib/x86_64-linux-gnu/cmake/pcl/PCLConfig.cmake:146 (find_package):
  Policy CMP0144 is not set: find_package uses upper-case <PACKAGENAME>_ROOT
  variables.  Run "cmake --help-policy CMP0144" for policy details.  Use the
  cmake_policy command to set the policy and suppress this warning.

  CMake variable EIGEN_ROOT is set to:

    /usr/include/eigen3

  For compatibility, find_package is ignoring the variable, but code in a
  .cmake module might still use it.
Call Stack (most recent call first):
  /usr/lib/x86_64-linux-gnu/cmake/pcl/PCLConfig.cmake:299 (find_eigen)
  /usr/lib/x86_64-linux-gnu/cmake/pcl/PCLConfig.cmake:543 (find_external_library)
  /opt/ros/humble/share/pcl_conversions/cmake/ament_cmake_export_dependencies-extras.cmake:21 (find_package)
  /opt/ros/humble/share/pcl_conversions/cmake/pcl_conversionsConfig.cmake:41 (include)
  /home/cityu-fsm-lab-carla/Workspace/autoware/install/tier4_autoware_utils/share/tier4_autoware_utils/cmake/ament_cmake_export_dependencies-extras.cmake:21 (find_package)
  /home/cityu-fsm-lab-carla/Workspace/autoware/install/tier4_autoware_utils/share/tier4_autoware_utils/cmake/tier4_autoware_utilsConfig.cmake:41 (include)
  /home/cityu-fsm-lab-carla/Workspace/autoware/install/freespace_planning_algorithms/share/freespace_planning_algorithms/cmake/ament_cmake_export_dependencies-extras.cmake:21 (find_package)
  /home/cityu-fsm-lab-carla/Workspace/autoware/install/freespace_planning_algorithms/share/freespace_planning_algorithms/cmake/freespace_planning_algorithmsConfig.cmake:41 (include)
  /home/cityu-fsm-lab-carla/Workspace/autoware/install/behavior_path_planner_common/share/behavior_path_planner_common/cmake/ament_cmake_export_dependencies-extras.cmake:21 (find_package)
  /home/cityu-fsm-lab-carla/Workspace/autoware/install/behavior_path_planner_common/share/behavior_path_planner_common/cmake/behavior_path_planner_commonConfig.cmake:41 (include)
  /home/cityu-fsm-lab-carla/Workspace/autoware/install/behavior_path_planner/share/behavior_path_planner/cmake/ament_cmake_export_dependencies-extras.cmake:21 (find_package)
  /home/cityu-fsm-lab-carla/Workspace/autoware/install/behavior_path_planner/share/behavior_path_planner/cmake/behavior_path_plannerConfig.cmake:41 (include)
  /home/cityu-fsm-lab-carla/Workspace/autoware/install/behavior_path_lane_change_module/share/behavior_path_lane_change_module/cmake/ament_cmake_export_dependencies-extras.cmake:21 (find_package)
  /home/cityu-fsm-lab-carla/Workspace/autoware/install/behavior_path_lane_change_module/share/behavior_path_lane_change_module/cmake/behavior_path_lane_change_moduleConfig.cmake:41 (include)
  /opt/ros/humble/share/ament_cmake_auto/cmake/ament_auto_find_build_dependencies.cmake:67 (find_package)
  /home/cityu-fsm-lab-carla/Workspace/autoware/install/autoware_cmake/share/autoware_cmake/cmake/autoware_package.cmake:49 (ament_auto_find_build_dependencies)
  CMakeLists.txt:5 (autoware_package)
This warning is for project developers.  Use -Wno-dev to suppress it.

CMake Warning (dev) at /usr/lib/x86_64-linux-gnu/cmake/pcl/Modules/FindFLANN.cmake:44 (find_package):
  Policy CMP0144 is not set: find_package uses upper-case <PACKAGENAME>_ROOT
  variables.  Run "cmake --help-policy CMP0144" for policy details.  Use the
  cmake_policy command to set the policy and suppress this warning.

  CMake variable FLANN_ROOT is set to:

    /usr

  For compatibility, find_package is ignoring the variable, but code in a
  .cmake module might still use it.
Call Stack (most recent call first):
  /usr/lib/x86_64-linux-gnu/cmake/pcl/PCLConfig.cmake:256 (find_package)
  /usr/lib/x86_64-linux-gnu/cmake/pcl/PCLConfig.cmake:301 (find_flann)
  /usr/lib/x86_64-linux-gnu/cmake/pcl/PCLConfig.cmake:543 (find_external_library)
  /opt/ros/humble/share/pcl_conversions/cmake/ament_cmake_export_dependencies-extras.cmake:21 (find_package)
  /opt/ros/humble/share/pcl_conversions/cmake/pcl_conversionsConfig.cmake:41 (include)
  /home/cityu-fsm-lab-carla/Workspace/autoware/install/tier4_autoware_utils/share/tier4_autoware_utils/cmake/ament_cmake_export_dependencies-extras.cmake:21 (find_package)
  /home/cityu-fsm-lab-carla/Workspace/autoware/install/tier4_autoware_utils/share/tier4_autoware_utils/cmake/tier4_autoware_utilsConfig.cmake:41 (include)
  /home/cityu-fsm-lab-carla/Workspace/autoware/install/freespace_planning_algorithms/share/freespace_planning_algorithms/cmake/ament_cmake_export_dependencies-extras.cmake:21 (find_package)
  /home/cityu-fsm-lab-carla/Workspace/autoware/install/freespace_planning_algorithms/share/freespace_planning_algorithms/cmake/freespace_planning_algorithmsConfig.cmake:41 (include)
  /home/cityu-fsm-lab-carla/Workspace/autoware/install/behavior_path_planner_common/share/behavior_path_planner_common/cmake/ament_cmake_export_dependencies-extras.cmake:21 (find_package)
  /home/cityu-fsm-lab-carla/Workspace/autoware/install/behavior_path_planner_common/share/behavior_path_planner_common/cmake/behavior_path_planner_commonConfig.cmake:41 (include)
  /home/cityu-fsm-lab-carla/Workspace/autoware/install/behavior_path_planner/share/behavior_path_planner/cmake/ament_cmake_export_dependencies-extras.cmake:21 (find_package)
  /home/cityu-fsm-lab-carla/Workspace/autoware/install/behavior_path_planner/share/behavior_path_planner/cmake/behavior_path_plannerConfig.cmake:41 (include)
  /home/cityu-fsm-lab-carla/Workspace/autoware/install/behavior_path_lane_change_module/share/behavior_path_lane_change_module/cmake/ament_cmake_export_dependencies-extras.cmake:21 (find_package)
  /home/cityu-fsm-lab-carla/Workspace/autoware/install/behavior_path_lane_change_module/share/behavior_path_lane_change_module/cmake/behavior_path_lane_change_moduleConfig.cmake:41 (include)
  /opt/ros/humble/share/ament_cmake_auto/cmake/ament_auto_find_build_dependencies.cmake:67 (find_package)
  /home/cityu-fsm-lab-carla/Workspace/autoware/install/autoware_cmake/share/autoware_cmake/cmake/autoware_package.cmake:49 (ament_auto_find_build_dependencies)
  CMakeLists.txt:5 (autoware_package)
This warning is for project developers.  Use -Wno-dev to suppress it.

---
Finished <<< behavior_path_external_request_lane_change_module [22.8s]
Starting >>> behavior_velocity_dynamic_obstacle_stop_module
--- stderr: behavior_velocity_dynamic_obstacle_stop_module
CMake Warning (dev) at /usr/lib/x86_64-linux-gnu/cmake/pcl/PCLConfig.cmake:146 (find_package):
  Policy CMP0144 is not set: find_package uses upper-case <PACKAGENAME>_ROOT
  variables.  Run "cmake --help-policy CMP0144" for policy details.  Use the
  cmake_policy command to set the policy and suppress this warning.

  CMake variable EIGEN_ROOT is set to:

    /usr/include/eigen3

  For compatibility, find_package is ignoring the variable, but code in a
  .cmake module might still use it.
Call Stack (most recent call first):
  /usr/lib/x86_64-linux-gnu/cmake/pcl/PCLConfig.cmake:299 (find_eigen)
  /usr/lib/x86_64-linux-gnu/cmake/pcl/PCLConfig.cmake:543 (find_external_library)
  /opt/ros/humble/share/pcl_conversions/cmake/ament_cmake_export_dependencies-extras.cmake:21 (find_package)
  /opt/ros/humble/share/pcl_conversions/cmake/pcl_conversionsConfig.cmake:41 (include)
  /home/cityu-fsm-lab-carla/Workspace/autoware/install/tier4_autoware_utils/share/tier4_autoware_utils/cmake/ament_cmake_export_dependencies-extras.cmake:21 (find_package)
  /home/cityu-fsm-lab-carla/Workspace/autoware/install/tier4_autoware_utils/share/tier4_autoware_utils/cmake/tier4_autoware_utilsConfig.cmake:41 (include)
  /home/cityu-fsm-lab-carla/Workspace/autoware/install/interpolation/share/interpolation/cmake/ament_cmake_export_dependencies-extras.cmake:21 (find_package)
  /home/cityu-fsm-lab-carla/Workspace/autoware/install/interpolation/share/interpolation/cmake/interpolationConfig.cmake:41 (include)
  /home/cityu-fsm-lab-carla/Workspace/autoware/install/behavior_velocity_planner_common/share/behavior_velocity_planner_common/cmake/ament_cmake_export_dependencies-extras.cmake:21 (find_package)
  /home/cityu-fsm-lab-carla/Workspace/autoware/install/behavior_velocity_planner_common/share/behavior_velocity_planner_common/cmake/behavior_velocity_planner_commonConfig.cmake:41 (include)
  /opt/ros/humble/share/ament_cmake_auto/cmake/ament_auto_find_build_dependencies.cmake:67 (find_package)
  /home/cityu-fsm-lab-carla/Workspace/autoware/install/autoware_cmake/share/autoware_cmake/cmake/autoware_package.cmake:49 (ament_auto_find_build_dependencies)
  CMakeLists.txt:5 (autoware_package)
This warning is for project developers.  Use -Wno-dev to suppress it.

CMake Warning (dev) at /usr/lib/x86_64-linux-gnu/cmake/pcl/Modules/FindFLANN.cmake:44 (find_package):
  Policy CMP0144 is not set: find_package uses upper-case <PACKAGENAME>_ROOT
  variables.  Run "cmake --help-policy CMP0144" for policy details.  Use the
  cmake_policy command to set the policy and suppress this warning.

  CMake variable FLANN_ROOT is set to:

    /usr

  For compatibility, find_package is ignoring the variable, but code in a
  .cmake module might still use it.
Call Stack (most recent call first):
  /usr/lib/x86_64-linux-gnu/cmake/pcl/PCLConfig.cmake:256 (find_package)
  /usr/lib/x86_64-linux-gnu/cmake/pcl/PCLConfig.cmake:301 (find_flann)
  /usr/lib/x86_64-linux-gnu/cmake/pcl/PCLConfig.cmake:543 (find_external_library)
  /opt/ros/humble/share/pcl_conversions/cmake/ament_cmake_export_dependencies-extras.cmake:21 (find_package)
  /opt/ros/humble/share/pcl_conversions/cmake/pcl_conversionsConfig.cmake:41 (include)
  /home/cityu-fsm-lab-carla/Workspace/autoware/install/tier4_autoware_utils/share/tier4_autoware_utils/cmake/ament_cmake_export_dependencies-extras.cmake:21 (find_package)
  /home/cityu-fsm-lab-carla/Workspace/autoware/install/tier4_autoware_utils/share/tier4_autoware_utils/cmake/tier4_autoware_utilsConfig.cmake:41 (include)
  /home/cityu-fsm-lab-carla/Workspace/autoware/install/interpolation/share/interpolation/cmake/ament_cmake_export_dependencies-extras.cmake:21 (find_package)
  /home/cityu-fsm-lab-carla/Workspace/autoware/install/interpolation/share/interpolation/cmake/interpolationConfig.cmake:41 (include)
  /home/cityu-fsm-lab-carla/Workspace/autoware/install/behavior_velocity_planner_common/share/behavior_velocity_planner_common/cmake/ament_cmake_export_dependencies-extras.cmake:21 (find_package)
  /home/cityu-fsm-lab-carla/Workspace/autoware/install/behavior_velocity_planner_common/share/behavior_velocity_planner_common/cmake/behavior_velocity_planner_commonConfig.cmake:41 (include)
  /opt/ros/humble/share/ament_cmake_auto/cmake/ament_auto_find_build_dependencies.cmake:67 (find_package)
  /home/cityu-fsm-lab-carla/Workspace/autoware/install/autoware_cmake/share/autoware_cmake/cmake/autoware_package.cmake:49 (ament_auto_find_build_dependencies)
  CMakeLists.txt:5 (autoware_package)
This warning is for project developers.  Use -Wno-dev to suppress it.

---
Finished <<< behavior_velocity_dynamic_obstacle_stop_module [12.5s]
Starting >>> behavior_velocity_template_module
--- stderr: behavior_velocity_template_module
CMake Warning (dev) at /usr/lib/x86_64-linux-gnu/cmake/pcl/PCLConfig.cmake:146 (find_package):
  Policy CMP0144 is not set: find_package uses upper-case <PACKAGENAME>_ROOT
  variables.  Run "cmake --help-policy CMP0144" for policy details.  Use the
  cmake_policy command to set the policy and suppress this warning.

  CMake variable EIGEN_ROOT is set to:

    /usr/include/eigen3

  For compatibility, find_package is ignoring the variable, but code in a
  .cmake module might still use it.
Call Stack (most recent call first):
  /usr/lib/x86_64-linux-gnu/cmake/pcl/PCLConfig.cmake:299 (find_eigen)
  /usr/lib/x86_64-linux-gnu/cmake/pcl/PCLConfig.cmake:543 (find_external_library)
  /opt/ros/humble/share/pcl_conversions/cmake/ament_cmake_export_dependencies-extras.cmake:21 (find_package)
  /opt/ros/humble/share/pcl_conversions/cmake/pcl_conversionsConfig.cmake:41 (include)
  /home/cityu-fsm-lab-carla/Workspace/autoware/install/tier4_autoware_utils/share/tier4_autoware_utils/cmake/ament_cmake_export_dependencies-extras.cmake:21 (find_package)
  /home/cityu-fsm-lab-carla/Workspace/autoware/install/tier4_autoware_utils/share/tier4_autoware_utils/cmake/tier4_autoware_utilsConfig.cmake:41 (include)
  /home/cityu-fsm-lab-carla/Workspace/autoware/install/interpolation/share/interpolation/cmake/ament_cmake_export_dependencies-extras.cmake:21 (find_package)
  /home/cityu-fsm-lab-carla/Workspace/autoware/install/interpolation/share/interpolation/cmake/interpolationConfig.cmake:41 (include)
  /home/cityu-fsm-lab-carla/Workspace/autoware/install/behavior_velocity_planner_common/share/behavior_velocity_planner_common/cmake/ament_cmake_export_dependencies-extras.cmake:21 (find_package)
  /home/cityu-fsm-lab-carla/Workspace/autoware/install/behavior_velocity_planner_common/share/behavior_velocity_planner_common/cmake/behavior_velocity_planner_commonConfig.cmake:41 (include)
  /opt/ros/humble/share/ament_cmake_auto/cmake/ament_auto_find_build_dependencies.cmake:67 (find_package)
  /home/cityu-fsm-lab-carla/Workspace/autoware/install/autoware_cmake/share/autoware_cmake/cmake/autoware_package.cmake:49 (ament_auto_find_build_dependencies)
  CMakeLists.txt:5 (autoware_package)
This warning is for project developers.  Use -Wno-dev to suppress it.

CMake Warning (dev) at /usr/lib/x86_64-linux-gnu/cmake/pcl/Modules/FindFLANN.cmake:44 (find_package):
  Policy CMP0144 is not set: find_package uses upper-case <PACKAGENAME>_ROOT
  variables.  Run "cmake --help-policy CMP0144" for policy details.  Use the
  cmake_policy command to set the policy and suppress this warning.

  CMake variable FLANN_ROOT is set to:

    /usr

  For compatibility, find_package is ignoring the variable, but code in a
  .cmake module might still use it.
Call Stack (most recent call first):
  /usr/lib/x86_64-linux-gnu/cmake/pcl/PCLConfig.cmake:256 (find_package)
  /usr/lib/x86_64-linux-gnu/cmake/pcl/PCLConfig.cmake:301 (find_flann)
  /usr/lib/x86_64-linux-gnu/cmake/pcl/PCLConfig.cmake:543 (find_external_library)
  /opt/ros/humble/share/pcl_conversions/cmake/ament_cmake_export_dependencies-extras.cmake:21 (find_package)
  /opt/ros/humble/share/pcl_conversions/cmake/pcl_conversionsConfig.cmake:41 (include)
  /home/cityu-fsm-lab-carla/Workspace/autoware/install/tier4_autoware_utils/share/tier4_autoware_utils/cmake/ament_cmake_export_dependencies-extras.cmake:21 (find_package)
  /home/cityu-fsm-lab-carla/Workspace/autoware/install/tier4_autoware_utils/share/tier4_autoware_utils/cmake/tier4_autoware_utilsConfig.cmake:41 (include)
  /home/cityu-fsm-lab-carla/Workspace/autoware/install/interpolation/share/interpolation/cmake/ament_cmake_export_dependencies-extras.cmake:21 (find_package)
  /home/cityu-fsm-lab-carla/Workspace/autoware/install/interpolation/share/interpolation/cmake/interpolationConfig.cmake:41 (include)
  /home/cityu-fsm-lab-carla/Workspace/autoware/install/behavior_velocity_planner_common/share/behavior_velocity_planner_common/cmake/ament_cmake_export_dependencies-extras.cmake:21 (find_package)
  /home/cityu-fsm-lab-carla/Workspace/autoware/install/behavior_velocity_planner_common/share/behavior_velocity_planner_common/cmake/behavior_velocity_planner_commonConfig.cmake:41 (include)
  /opt/ros/humble/share/ament_cmake_auto/cmake/ament_auto_find_build_dependencies.cmake:67 (find_package)
  /home/cityu-fsm-lab-carla/Workspace/autoware/install/autoware_cmake/share/autoware_cmake/cmake/autoware_package.cmake:49 (ament_auto_find_build_dependencies)
  CMakeLists.txt:5 (autoware_package)
This warning is for project developers.  Use -Wno-dev to suppress it.

---
Finished <<< behavior_velocity_template_module [11.3s]
Starting >>> static_centerline_optimizer
--- stderr: static_centerline_optimizer
CMake Warning (dev) at /opt/ros/humble/share/rosidl_generator_py/cmake/rosidl_generator_py_generate_interfaces.cmake:20 (find_package):
  Policy CMP0148 is not set: The FindPythonInterp and FindPythonLibs modules
  are removed.  Run "cmake --help-policy CMP0148" for policy details.  Use
  the cmake_policy command to set the policy and suppress this warning.

Call Stack (most recent call first):
  /opt/ros/humble/share/ament_cmake_core/cmake/core/ament_execute_extensions.cmake:48 (include)
  /opt/ros/humble/share/rosidl_cmake/cmake/rosidl_generate_interfaces.cmake:286 (ament_execute_extensions)
  CMakeLists.txt:13 (rosidl_generate_interfaces)
This warning is for project developers.  Use -Wno-dev to suppress it.

CMake Warning (dev) at /opt/ros/humble/share/python_cmake_module/cmake/Modules/FindPythonExtra.cmake:52 (find_package):
  Policy CMP0148 is not set: The FindPythonInterp and FindPythonLibs modules
  are removed.  Run "cmake --help-policy CMP0148" for policy details.  Use
  the cmake_policy command to set the policy and suppress this warning.

Call Stack (most recent call first):
  /opt/ros/humble/share/rosidl_generator_py/cmake/rosidl_generator_py_generate_interfaces.cmake:23 (find_package)
  /opt/ros/humble/share/ament_cmake_core/cmake/core/ament_execute_extensions.cmake:48 (include)
  /opt/ros/humble/share/rosidl_cmake/cmake/rosidl_generate_interfaces.cmake:286 (ament_execute_extensions)
  CMakeLists.txt:13 (rosidl_generate_interfaces)
This warning is for project developers.  Use -Wno-dev to suppress it.

CMake Warning (dev) at /opt/ros/humble/share/python_cmake_module/cmake/Modules/FindPythonExtra.cmake:140 (find_package):
  Policy CMP0148 is not set: The FindPythonInterp and FindPythonLibs modules
  are removed.  Run "cmake --help-policy CMP0148" for policy details.  Use
  the cmake_policy command to set the policy and suppress this warning.

Call Stack (most recent call first):
  /opt/ros/humble/share/rosidl_generator_py/cmake/rosidl_generator_py_generate_interfaces.cmake:23 (find_package)
  /opt/ros/humble/share/ament_cmake_core/cmake/core/ament_execute_extensions.cmake:48 (include)
  /opt/ros/humble/share/rosidl_cmake/cmake/rosidl_generate_interfaces.cmake:286 (ament_execute_extensions)
  CMakeLists.txt:13 (rosidl_generate_interfaces)
This warning is for project developers.  Use -Wno-dev to suppress it.

CMake Warning (dev) at /usr/lib/x86_64-linux-gnu/cmake/pcl/PCLConfig.cmake:146 (find_package):
  Policy CMP0144 is not set: find_package uses upper-case <PACKAGENAME>_ROOT
  variables.  Run "cmake --help-policy CMP0144" for policy details.  Use the
  cmake_policy command to set the policy and suppress this warning.

  CMake variable EIGEN_ROOT is set to:

    /usr/include/eigen3

  For compatibility, find_package is ignoring the variable, but code in a
  .cmake module might still use it.
Call Stack (most recent call first):
  /usr/lib/x86_64-linux-gnu/cmake/pcl/PCLConfig.cmake:299 (find_eigen)
  /usr/lib/x86_64-linux-gnu/cmake/pcl/PCLConfig.cmake:543 (find_external_library)
  /opt/ros/humble/share/pcl_conversions/cmake/ament_cmake_export_dependencies-extras.cmake:21 (find_package)
  /opt/ros/humble/share/pcl_conversions/cmake/pcl_conversionsConfig.cmake:41 (include)
  /home/cityu-fsm-lab-carla/Workspace/autoware/install/tier4_autoware_utils/share/tier4_autoware_utils/cmake/ament_cmake_export_dependencies-extras.cmake:21 (find_package)
  /home/cityu-fsm-lab-carla/Workspace/autoware/install/tier4_autoware_utils/share/tier4_autoware_utils/cmake/tier4_autoware_utilsConfig.cmake:41 (include)
  /home/cityu-fsm-lab-carla/Workspace/autoware/install/freespace_planning_algorithms/share/freespace_planning_algorithms/cmake/ament_cmake_export_dependencies-extras.cmake:21 (find_package)
  /home/cityu-fsm-lab-carla/Workspace/autoware/install/freespace_planning_algorithms/share/freespace_planning_algorithms/cmake/freespace_planning_algorithmsConfig.cmake:41 (include)
  /home/cityu-fsm-lab-carla/Workspace/autoware/install/behavior_path_planner_common/share/behavior_path_planner_common/cmake/ament_cmake_export_dependencies-extras.cmake:21 (find_package)
  /home/cityu-fsm-lab-carla/Workspace/autoware/install/behavior_path_planner_common/share/behavior_path_planner_common/cmake/behavior_path_planner_commonConfig.cmake:41 (include)
  /home/cityu-fsm-lab-carla/Workspace/autoware/install/behavior_path_planner/share/behavior_path_planner/cmake/ament_cmake_export_dependencies-extras.cmake:21 (find_package)
  /home/cityu-fsm-lab-carla/Workspace/autoware/install/behavior_path_planner/share/behavior_path_planner/cmake/behavior_path_plannerConfig.cmake:41 (include)
  /opt/ros/humble/share/ament_cmake_auto/cmake/ament_auto_find_build_dependencies.cmake:67 (find_package)
  /home/cityu-fsm-lab-carla/Workspace/autoware/install/autoware_cmake/share/autoware_cmake/cmake/autoware_package.cmake:49 (ament_auto_find_build_dependencies)
  CMakeLists.txt:22 (autoware_package)
This warning is for project developers.  Use -Wno-dev to suppress it.

CMake Warning (dev) at /usr/lib/x86_64-linux-gnu/cmake/pcl/Modules/FindFLANN.cmake:44 (find_package):
  Policy CMP0144 is not set: find_package uses upper-case <PACKAGENAME>_ROOT
  variables.  Run "cmake --help-policy CMP0144" for policy details.  Use the
  cmake_policy command to set the policy and suppress this warning.

  CMake variable FLANN_ROOT is set to:

    /usr

  For compatibility, find_package is ignoring the variable, but code in a
  .cmake module might still use it.
Call Stack (most recent call first):
  /usr/lib/x86_64-linux-gnu/cmake/pcl/PCLConfig.cmake:256 (find_package)
  /usr/lib/x86_64-linux-gnu/cmake/pcl/PCLConfig.cmake:301 (find_flann)
  /usr/lib/x86_64-linux-gnu/cmake/pcl/PCLConfig.cmake:543 (find_external_library)
  /opt/ros/humble/share/pcl_conversions/cmake/ament_cmake_export_dependencies-extras.cmake:21 (find_package)
  /opt/ros/humble/share/pcl_conversions/cmake/pcl_conversionsConfig.cmake:41 (include)
  /home/cityu-fsm-lab-carla/Workspace/autoware/install/tier4_autoware_utils/share/tier4_autoware_utils/cmake/ament_cmake_export_dependencies-extras.cmake:21 (find_package)
  /home/cityu-fsm-lab-carla/Workspace/autoware/install/tier4_autoware_utils/share/tier4_autoware_utils/cmake/tier4_autoware_utilsConfig.cmake:41 (include)
  /home/cityu-fsm-lab-carla/Workspace/autoware/install/freespace_planning_algorithms/share/freespace_planning_algorithms/cmake/ament_cmake_export_dependencies-extras.cmake:21 (find_package)
  /home/cityu-fsm-lab-carla/Workspace/autoware/install/freespace_planning_algorithms/share/freespace_planning_algorithms/cmake/freespace_planning_algorithmsConfig.cmake:41 (include)
  /home/cityu-fsm-lab-carla/Workspace/autoware/install/behavior_path_planner_common/share/behavior_path_planner_common/cmake/ament_cmake_export_dependencies-extras.cmake:21 (find_package)
  /home/cityu-fsm-lab-carla/Workspace/autoware/install/behavior_path_planner_common/share/behavior_path_planner_common/cmake/behavior_path_planner_commonConfig.cmake:41 (include)
  /home/cityu-fsm-lab-carla/Workspace/autoware/install/behavior_path_planner/share/behavior_path_planner/cmake/ament_cmake_export_dependencies-extras.cmake:21 (find_package)
  /home/cityu-fsm-lab-carla/Workspace/autoware/install/behavior_path_planner/share/behavior_path_planner/cmake/behavior_path_plannerConfig.cmake:41 (include)
  /opt/ros/humble/share/ament_cmake_auto/cmake/ament_auto_find_build_dependencies.cmake:67 (find_package)
  /home/cityu-fsm-lab-carla/Workspace/autoware/install/autoware_cmake/share/autoware_cmake/cmake/autoware_package.cmake:49 (ament_auto_find_build_dependencies)
  CMakeLists.txt:22 (autoware_package)
This warning is for project developers.  Use -Wno-dev to suppress it.

CMake Warning (dev) at /opt/ros/humble/share/python_cmake_module/cmake/Modules/FindPythonExtra.cmake:52 (find_package):
  Policy CMP0148 is not set: The FindPythonInterp and FindPythonLibs modules
  are removed.  Run "cmake --help-policy CMP0148" for policy details.  Use
  the cmake_policy command to set the policy and suppress this warning.

Call Stack (most recent call first):
  /opt/ros/humble/share/launch_testing_ament_cmake/cmake/launch_testing_ament_cmake-extras.cmake:18 (find_package)
  /opt/ros/humble/share/launch_testing_ament_cmake/cmake/launch_testing_ament_cmakeConfig.cmake:41 (include)
  /opt/ros/humble/share/ros_testing/cmake/ros_testing-extras.cmake:15 (find_package)
  /opt/ros/humble/share/ros_testing/cmake/ros_testingConfig.cmake:41 (include)
  /opt/ros/humble/share/ament_lint_auto/cmake/ament_lint_auto_find_test_dependencies.cmake:36 (find_package)
  /home/cityu-fsm-lab-carla/Workspace/autoware/install/autoware_cmake/share/autoware_cmake/cmake/autoware_package.cmake:67 (ament_lint_auto_find_test_dependencies)
  CMakeLists.txt:22 (autoware_package)
This warning is for project developers.  Use -Wno-dev to suppress it.

CMake Warning (dev) at /opt/ros/humble/share/python_cmake_module/cmake/Modules/FindPythonExtra.cmake:140 (find_package):
  Policy CMP0148 is not set: The FindPythonInterp and FindPythonLibs modules
  are removed.  Run "cmake --help-policy CMP0148" for policy details.  Use
  the cmake_policy command to set the policy and suppress this warning.

Call Stack (most recent call first):
  /opt/ros/humble/share/launch_testing_ament_cmake/cmake/launch_testing_ament_cmake-extras.cmake:18 (find_package)
  /opt/ros/humble/share/launch_testing_ament_cmake/cmake/launch_testing_ament_cmakeConfig.cmake:41 (include)
  /opt/ros/humble/share/ros_testing/cmake/ros_testing-extras.cmake:15 (find_package)
  /opt/ros/humble/share/ros_testing/cmake/ros_testingConfig.cmake:41 (include)
  /opt/ros/humble/share/ament_lint_auto/cmake/ament_lint_auto_find_test_dependencies.cmake:36 (find_package)
  /home/cityu-fsm-lab-carla/Workspace/autoware/install/autoware_cmake/share/autoware_cmake/cmake/autoware_package.cmake:67 (ament_lint_auto_find_test_dependencies)
  CMakeLists.txt:22 (autoware_package)
This warning is for project developers.  Use -Wno-dev to suppress it.

---
[Processing: static_centerline_optimizer]
Finished <<< static_centerline_optimizer [33.4s]
Starting >>> autoware_launch
Finished <<< autoware_launch [3.19s]

Summary: 337 packages finished [13min 1s]
  35 packages had stderr output: accel_brake_map_calibrator ad_api_visualizers autonomous_emergency_braking behavior_path_avoidance_by_lane_change_module behavior_path_dynamic_avoidance_module behavior_path_external_request_lane_change_module behavior_path_goal_planner_module behavior_path_side_shift_module behavior_path_start_planner_module behavior_velocity_dynamic_obstacle_stop_module behavior_velocity_template_module control_performance_analysis control_validator elevation_map_loader heatmap_visualizer lidar_apollo_segmentation_tvm_nodes obstacle_collision_checker obstacle_velocity_limiter operation_mode_transition_manager pacmod_interface path_sampler planning_debug_tools predicted_path_checker simple_object_merger simulator_compatibility_test static_centerline_optimizer steer_offset_estimator tier4_control_rviz_plugin tier4_debug_tools tier4_localization_rviz_plugin tier4_perception_rviz_plugin tier4_planning_rviz_plugin tier4_system_rviz_plugin tier4_vehicle_rviz_plugin traffic_light_recognition_marker_publisher
