:020000040800F2
:10000000985A0020DD010008432E0008392A000814
:100010003F2E0008D92400087F500008000000008F
:100020000000000000000000000000004501000882
:10003000DD2400080000000089010008093E0008D6
:10004000F7010008F7010008F7010008F7010008B0
:10005000F7010008F7010008F7010008F7010008A0
:10006000F7010008F7010008F7010008F701000890
:10007000F7010008F7010008F7010008F701000880
:10008000F7010008F7010008F7010008F701000870
:10009000F7010008F7010008F7010008F701000860
:1000A000F7010008F7010008F7010008F701000850
:1000B000F7010008F7010008F7010008F701000840
:1000C000F7010008F7010008F7010008F701000830
:1000D000F7010008994B0008F14C0008E14D0008B9
:1000E000F7010008F7010008F7010008F701000810
:1000F000F7010008F7010008F7010008F701000800
:10010000F7010008F7010008F7010008F7010008EF
:1001100075490008CD4A0008F7010008F7010008FA
:10012000F7010008F7010008F7010008F7010008CF
:10013000DFF80CD000F088FC00480047C95B0008DD
:10014000985A0020224B19680868B0E8F00F80F335
:100150000988BFF36F8F4FF0000080F311884EF0D5
:100160000D0E70470000000006480068006880F32C
:10017000088862B661B6BFF34F8FBFF36F8F00DFA1
:1001800000BF00BF08ED00E0EFF30980BFF36F8F01
:100190000F4B1A6820E9F00F106008B54FF05000BF
:1001A00080F31188BFF34F8FBFF36F8F07F0A2F872
:1001B0004FF0000080F31188BDE808401968086816
:1001C000B0E8F00F80F30988BFF36F8F704700BF6E
:1001D000BC000020EFF30580704700000648804710
:1001E00006480047FEE7FEE7FEE7FEE7FEE7FEE71C
:1001F000FEE7FEE7FEE7FEE7193E000831010008D2
:1002000040EA01039B0703D009E008C9121F08C098
:10021000042AFAD203E011F8013B00F8013B521E18
:10022000F9D27047F0B480EA0102D40F4200B2EB79
:10023000410F02D20246084611464A0042D0C30D81
:10024000DDB2C1F3C752AD1A202D35DAC1F3160164
:1002500041F4000204B15242C5F1200602FA06F14F
:100260002A411044B3EBD05F23D0C4B1012DA0EBE1
:10027000C35009DCF0BC4FF0004202EAC352DBB2CB
:1002800000F5000000F03EBB400000F1807000EB84
:10029000C350A0F1807040EAD170490009E04908DC
:1002A00041EAC071A0EBC35000F50000400800EB2C
:1002B000C350F0BC00F01DBB6142012202EB4101C2
:1002C000001BF6E7F0BC704781F00041AAE780F020
:1002D0000040A7E780EA010210B502F000434000A9
:1002E00022D04A001FD0010E01EB1261C0F356006C
:1002F000C2F3560240F4000042F40002A0FB0220C8
:1003000000047F39140400D0401C50EA124001D48C
:100310004000491EC2B20C0604EBD010401C40083D
:10032000802A02D003E0002010BD20F00100002947
:1003300000DA0020184310BD30B480EA010202F058
:10034000004530F0004221F0004013D090B1C30DC1
:10035000D40DC2F31601C0F31600E41A41F40001F3
:1003600040F400027D34914201D3641C00E0490056
:10037000002C02DA30BC002070474FF4000000234C
:10038000914201D3891A034340084FEA4101F7D152
:1003900051B1914202D14FF0004105E002D24FF03D
:1003A000010101E06FF0010103EBC450284430BCAF
:1003B00000F09FBA2DE9FE4F804681EA0300C00F8E
:1003C0000C46009021F0004123F00045B8EB0200FC
:1003D000A94105D24046214690461C460B4602469E
:1003E00023F00040104347D0270DC7F30A00C3F3A2
:1003F0000A510290401A019040286BDAC3F31300AF
:1004000040F4801B0098924620B10023D2EB030AEF
:1004100063EB0B0B01985946C0F14002504600F0C7
:1004200037FA06460D4650465946019A00F04FFAF3
:1004300010EB08006141002487EA115284EAE77357
:100440001A4340D0009A62B3019A012A4FEA075238
:1004500015DC001B61EB02014FF0004202EA07527B
:10046000CDE90042001C41F5801132462B4600F0D8
:1004700086FA03B0BDE8F08F40462146F9E7001B3D
:1004800061EB0201001C41F5801300185B4120184C
:10049000A2F5001747EB030140EAD570B6196D418C
:1004A00011E06D084FEA360645EAC0754FEA07527B
:1004B000001B61EB0201001C41F5801149084FEA65
:1004C00030000019514132462B4603B0BDE8F04FD1
:1004D00000F046BA0098012240000023D0EB02024F
:1004E00063EBE073009821464FEAE074B8EB00003C
:1004F00061EB0401E9E783F000435BE781F0004131
:1005000058E72DE9FE4F81EA030404F0004421F08E
:10051000004100944FF0000B23F0004350EA010427
:100520005ED052EA03045BD0C3F30A54C1F30A5508
:100530002C44A4F2F3340194A0FB0254C1F3130140
:1005400041F48011C3F3130343F4801301FB02440D
:1005500000FB034E840A970A44EA815447EA835712
:10056000A4FB076802958D0A05FB07854FEA932CCB
:1005700004FB0C542705029D4FEA065847EA16373C
:10058000B5EB08056EEB070C870E920E47EA811754
:1005900042EA8312A7FB0201B6EB0B0164EB0004F5
:1005A0002B0D43EA0C335E1844EB1C50DA465146DF
:1005B000E7FB0201C5F313044FEA0B3343EA14537C
:1005C0004FEA0432019C43EA0603A4F10C040294AE
:1005D000009CCDE900B400F0D2F903B0BDE8F08F83
:1005E00000200146F9E72DE9F04D81EA030404F00B
:1005F000004B21F0004514464FF0000A23F0004163
:1006000050EA050220D054EA01021DD0C5F30A5772
:100610000246C5F31303C1F31300C1F30A5640F4B5
:10062000801543F48013A7EB0608101BD64608F28A
:10063000FD3873EB050002D308F1010801E09218C0
:100640005B41B8F1000F03DA00200146BDE8F08DF0
:1006500000204FF48011064684460EE0171B73EB12
:10066000050705D3121B63EB050306434CEA010C97
:1006700049084FEA300092185B4150EA0107EDD17A
:1006800052EA030012D082EA040083EA050108431B
:1006900005D0101BAB4106D20122002306E0002248
:1006A0004FF0004302E06FF0010253101AEB060016
:1006B0004CEB085110EB0A0041EB0B01BDE8F04D8B
:1006C00000F04EB9C10F80EAE0700844CA079623D3
:1006D000002100F017B90EB5C10F80EAE0700844A0
:1006E000CA07002140F233438DE80E000A460B464C
:1006F00000F045F903B000BD0EB540F23341029160
:100700000021CDE900110A460B4600F038F903B08C
:1007100000BD00F0004220F00040C10DC0F3160003
:1007200040F400007F2901DA00207047962903DC9D
:10073000C1F19601C84001E096398840002AF4D002
:100740004042704720F00040C10DC0F3160040F455
:1007500000007F2901DA00207047962903DCC1F1EF
:100760009601C840704796398840704770B5C1F30C
:100770000A5201F000450024C1F3130140F2FF3397
:1007800041F480119A4201DA002070BD40F23343F7
:100790009A42A2F2334203DC524200F088F800E0B1
:1007A00090402C43F1D0404270BDC1F30A5210B5C5
:1007B000C1F3130140F2FF3341F480119A4201DA90
:1007C000002010BD40F233439A42A2F2334203DCD0
:1007D000524200F06CF810BD904010BD00F0004295
:1007E00030F000400AD0C10D01F56071C0F3160071
:1007F00042EA0151C20840071143704700200146F8
:10080000704701F0004330B421F0004150EA01028A
:1008100006D00A0DA2F56072C1F31301002A02DCB2
:1008200030BC00207047440F44EAC104C100E01806
:1008300030BC00EBC25000F05CB80000002801DBC7
:10084000C0F10040002901DBC1F100418142704745
:10085000002801DBC0F10040002901DBC1F10041AB
:100860008842704730B50B46014600202022012403
:1008700009E021FA02F59D4205D303FA02F5491B6E
:1008800004FA02F52844151EA2F10102F1DC30BD84
:10089000202A04DB203A00FA02F100207047914040
:1008A000C2F1200320FA03F3194390407047202A35
:1008B00004DB203A21FA02F00021704721FA02F30A
:1008C000D040C2F120029140084319467047202AC7
:1008D00006DBCB17203A41FA02F043EAE07306E068
:1008E00041FA02F3D040C2F1200291400843194678
:1008F00070470029A8BF7047401C490008BF20F07E
:100900000100704710B4B0FA80FC00FA0CF050EA15
:10091000010404BF10BC704749B1CCF1200421FA96
:1009200004F411FA0CF118BF012121430843A3EB91
:100930000C01CB1D4FEA00614FEA102042BF00209E
:1009400010BC704700EBC35010440029A4BF10BC7A
:100950007047401C490008BF20F0010010BC7047E0
:1009600010B5141E73F1000408DA401C41F10001B7
:1009700092185B411A4301D120F0010010BD2DE90E
:10098000F04D92469B4611B1B1FA81F202E0B0FA05
:1009900080F220329046FFF77BFF04460F4640EA84
:1009A0000A0041EA0B0153465A46084313D0114648
:1009B00053EA010019D0C8F140025046FFF777FF13
:1009C00005460E46504659464246FFF761FF08432A
:1009D00005D0012004E020463946BDE8F08D002016
:1009E000054346EAE0762C4337430A986305E40A58
:1009F000A0EB08000022FD0A44EA47540A3002D561
:100A000000200146E9E7010510196941DDE90845C3
:100A100000196941BDE8F04DA2E770B521F000432F
:100A200003430CD0C1F30A550024D5EB040564EB55
:100A30000403D617AD1AB34102DB0020014670BD96
:100A4000201841EB025170BD064C074D06E0E068EE
:100A500040F0010394E8070098471034AC42F6D305
:100A6000FFF76AFBA08E0008C08E000870B58C18D6
:100A700010F8015B15F0070301D110F8013B2A11B2
:100A800006D110F8012B03E010F8016B01F8016B9F
:100A90005B1EF9D12B0705D40023521E0DD401F89B
:100AA000013BFAE710F8013BCB1A921C03E013F864
:100AB000015B01F8015B521EF9D5A142D8D3002099
:100AC00070BD21B1826842F00102826003E0826859
:100AD00022F0010282607047014600208A6802F01D
:100AE00004020AB1012000E0002070470146C86CF2
:100AF00080B270470246002013680B400BB1012002
:100B000000E000207047014600208A6802F00802D9
:100B10000AB1012000E000207047000030B5024615
:100B20000020002350680F4C20400D790C6844EAE7
:100B300005242043506090680B4C2040D1E90254BA
:100B40002C434D7944EA450420439060D06A20F458
:100B500070000C7C641EE4B2234340EA0350D06270
:100B600030BD0000FFFEF0FFFDF7F1FFF0B50446D9
:100B70000D4600200021092D11DDE068A5F10A06CF
:100B800006EB4607072606FA07F18843A5F10A0691
:100B900006EB460603FA06F10843E0600CE0206924
:100BA00005EB4507072606FA07F1884305EB4506DE
:100BB00003FA06F108432061072A0FDA606B561E1C
:100BC00006EB86071F2606FA07F18843561E06EB3A
:100BD000860605FA06F10843606322E00D2A0FDA63
:100BE000206BD61F06EB86071F2606FA07F18843FF
:100BF000D61F06EB860605FA06F10843206310E0CF
:100C0000E06AA2F10D0606EB86071F2606FA07F139
:100C10008843A2F10D0606EB860605FA06F10843A5
:100C2000E062F0BD816841F008018160704721B148
:100C3000826842F4A002826003E0826822F4A0028B
:100C400082607047816841F0040181607047000054
:100C50002DE9F84F83460C46002C35D0BBF1000F30
:100C600032D02046FFF72EFD05465846FFF72AFDF5
:100C700006462946FFF760FB824600215046FFF7F3
:100C8000E7FD06D216495046FFF7D8FD01D2DFF83E
:100C900050A000215046FFF7D1FD06D21149504621
:100CA000FFF7D6FD01D2DFF83CA051460E48FFF712
:100CB00043FB0090FFF792FD074604F063FE0546F4
:100CC000FFF79FFD814601E04FF0000907494846C4
:100CD000FFF700FB0546FFF71CFD00B2BDE8F88FEB
:100CE0003333B33E3333B3BE77BE1F3E00007A4486
:100CF00008B50121102002F0D3FA4FF40050ADF8EE
:100D0000000010208DF8030003208DF802006946D2
:100D1000044801F0ABFD4FF40051024801F083FE9E
:100D200008BD00000010014010B5534801F0EAFA78
:100D3000002860D050480078312816D14E480079FC
:100D400040B200EB400040004C49C8804A48C0789F
:100D500040B2A0EB8000400008814748407840B294
:100D6000404200EB80004649088043480078322822
:100D700016D14148007940B200EB400040003F49A5
:100D8000C8803D48C07840B2A0EB80004000088198
:100D90003948407840B2404200EB80003849088032
:100DA0003548007833280FD13348C07840B2A0EBE3
:100DB000800040003149C8802F48807840B2A0EBC5
:100DC000800040002E4908802B480078412812D12D
:100DD000294840782B490870274880784870264871
:100DE000C078887024480079C87023484079087119
:100DF0002148807948712048007832283AD11E482D
:100E000080790007C00E204908801B48407900F017
:100E1000200038B11D4800880988084400B21B49E9
:100E200008800CE01448407900F0100038B11748F1
:100E3000008815490988401A00B2144908800E48F4
:100E4000407900F0400040B1104840880E490988C0
:100E5000084400B20D4948800CE00748407900F092
:100E6000800038B10948408807490988401A00B213
:100E70000649488010BD0000B80100205001002044
:100E80005E00002030000020940000206000002060
:100E90007748007873287DD175480079C0F18000CB
:100EA00074490978484300B27349C8807048C078D3
:100EB000C0F180006F490978484300B26E4908814B
:100EC0006B484079C0F1800080006C490880684818
:100ED000407800F0010018B101206949087012E063
:100EE0006748007878B167480078062805DA6548D1
:100EF0000078401C6349087002E0012061490870D5
:100F000000205F4908705A48407800F0020018B18C
:100F100001205D49087015E05B48007890B15548A4
:100F20000078022805DD53480078401E51490870BA
:100F300005E002204F490870012054490870002044
:100F4000514908704A48407800F0040018B1012067
:100F50004F49087015E04E48007890B14548007838
:100F6000092805DA43480078401C4249087005E02A
:100F70000920404908700120444908700020444974
:100F800008703B48407800F0800050B1414800882C
:100F9000414900E06BE00988084400B23D490880FF
:100FA0000CE03348407800F0200038B13948008820
:100FB00039490988401A00B2364908802C484078DF
:100FC00000F0400040B13348408833490988084464
:100FD00000B2304948800CE02548407800F010000D
:100FE00038B12C4840882C490988401A00B2294958
:100FF00048801F48807800F0040018B1012027497C
:10100000087015E02548007890B123480088192819
:1010100005DA21480088401D1F49088005E0192095
:101020001D49088001201949087000201B490870DB
:101030000F48807800F0010018B1012018490870AD
:1010400015E01748007890B113480088052805DDA1
:1010500011480088401F1049088005E005200E490E
:10106000088001200949087000200D490870704768
:101070005100002091000020500100205E0000205F
:101080008C000020300000208D0000205000002047
:101090008E00002060000020920000208F000020C1
:1010A000900000202DE9F0412D4800F073FE00284B
:1010B00054D02B48C089B0F5FA7F4FDA2848008910
:1010C000B0F5FA7F04DA4FF07F50264908600CE053
:1010D00023480089B0F57A7F04DA4FF07E50214929
:1010E000086002E020481F4908601D494988A1F5B1
:1010F0007870FFF7E7FA05461A4801682846FFF7B7
:10110000E9F80446FFF705FB00B21849C880144906
:101110000988A1F57870FFF7D5FA064611480068EE
:1011200080F0004531462846FFF7D4F80446FFF723
:10113000F0FA00B20D4908810949C988A1F5787013
:10114000FFF7C9FA06464FF03332094BFFF7D9F9DA
:101150000446FFF70BFB00B206490880BDE8F081AA
:10116000C8010020980000203333333F5001002095
:101170003333E3BF5E00002010B5042002F030FEE0
:101180000E4800680E49B0FBF1F00E4908700B489C
:1011900000680B49B0FBF1F44FF47A7044434FF010
:1011A000E020006940F002004FF0E02108610846AD
:1011B0004461006940F00100086110BD1C0000207E
:1011C00040420F00A700002010B504464FF47A718A
:1011D00004FB01F000F002F810BD000070B50346FA
:1011E00000224FF0E02675690D4E367803FB06F4B9
:1011F0004FF0E026B16910E04FF0E026B069884278
:101200000BD0884202D20E1A324402E02E1A0E444B
:1012100032440146A24200D300E0EDE700BF70BDBA
:10122000A70000204FF08040808C704700B587B049
:1012300001210D2002F034F80121284801F0A2FB21
:101240000820ADF8180004208DF81B0003208DF84D
:101250001A0006A9224801F009FB4FF40040ADF83E
:10126000180006A91F4801F001FB0121084601F002
:10127000F7FF4FF0804002F047FF03A803F09CFA0D
:101280000020ADF80C004FF6FF70ADF81000002004
:10129000ADF81200ADF80E0003A94FF0804003F046
:1012A00039FA00231A4603214FF0804003F020F85A
:1012B000684603F095F80620ADF8080069464FF03F
:1012C000804003F037F800204FF0804188840121EE
:1012D000880702F0FDFE07B000BD00000003180003
:1012E000000C0140000801404FF0804188847047A5
:1012F00001480088704700002404004000B587B012
:101300000121092001F0CCFF3020ADF818000420A5
:101310008DF81B0003208DF81A0006A91D4801F066
:10132000A5FA0121022001F09BFF01211A4801F0DA
:1013300029FB1A4802F0E8FE03A803F03DFA00205A
:10134000ADF80C004FF6FF70ADF810000020ADF8BE
:101350001200ADF80E0003A9104803F0DBF90023DA
:101360001A4603210D4802F0C3FF684603F038F81F
:101370000620ADF808006946084802F0DBFF0020AF
:101380000649243108800121044802F0A1FE07B07B
:1013900000BD0000000C014000081A0000040040DD
:1013A00001490880704700002404004001464906B6
:1013B000084A926942F00102064B9A61064A526855
:1013C00022F0E062044B5A601A4652680A435A609F
:1013D00070470000001002400000014008B50121E4
:1013E000082001F05DFF0120ADF8000048208DF8D5
:1013F00003006946014801F039FA08BD000C0140BC
:101400000348006808B9012070470020FCE700008D
:101410000081214208B50121142001F041FF102074
:10142000ADF800008DF8030003208DF80200694636
:101430000A4801F01BFA4FF48070ADF800006946CD
:10144000074801F013FA1021044801F0EEFA4FF4B6
:101450008071034801F0E9FA08BD00000010014066
:101460000008014070B505462C46B4F5616F01DDFA
:101470004FF4616414F5616F00DA0D4C002C0BDD44
:101480004FF461610B4803F010F9C4F5616081B25B
:10149000084803F00CF90AE04FF46161054803F0D5
:1014A00006F904F5616081B2024803F0FEF870BDF0
:1014B000F0F1FFFF0008004070B505462C46B4F57A
:1014C000616F01DD4FF4616414F5616F00DA0D4C5A
:1014D000002C0BDD4FF461610B4803F0EAF8C4F512
:1014E000616081B2084803F0E6F80AE04FF46161F8
:1014F000054803F0E0F804F5616081B2024803F0AA
:10150000D8F870BDF0F1FFFF0008004000B589B0C9
:101510000121082001F0C4FE4FF47070ADF82000E6
:1015200018208DF8230003208DF8220008A92748F1
:1015300001F09CF90121042001F092FE40F60F60B9
:10154000ADF818000020ADF81400ADF81A00ADF8A1
:10155000160005A91E4803F0DDF86020ADF8040070
:101560000120ADF806000020ADF80A00ADF80C002F
:1015700001A9174802F03EFF0821154802F086FF36
:1015800001A9134802F08CFF0821114802F0DAFF8C
:1015900001A90F4802F0E4FF08210D4803F030F8DC
:1015A00001A90B4803F036F80821094803F070F848
:1015B0000121074802F080FD0121054802F088FD65
:1015C0000121034802F090FD09B000BD000C01406C
:1015D000000800401CB50446062269463B2001F085
:1015E0001AFC9DF801009DF8001040EA012000B2AD
:1015F00020809DF803009DF8021040EA012000B20F
:1016000060809DF805009DF8041040EA012000B2BA
:10161000A0801CBD1CB5044606226946432001F08B
:10162000FAFB9DF801009DF8001040EA012000B28D
:1016300020809DF803009DF8021040EA012000B2CE
:1016400060809DF805009DF8041040EA012000B27A
:10165000A0801CBD08B50121042001F021FE4FF43B
:10166000C050ADF8000010208DF8030003208DF865
:1016700002006946164801F0F9F801201549086092
:101680001549C1F8AC0180216B2001F0CFFB134854
:10169000FFF7A4FD00216B2001F0C8FB18211B20DF
:1016A00001F0C4FB00211C2001F0C0FB0021382008
:1016B00001F0BCFB0021232001F0B8FB01216B20CD
:1016C00001F0B4FB00216C2001F0B0FB08BD00006C
:1016D00000080140B001214200002142A086010023
:1016E00010B50446E006010E1C2001F09FFB10BD62
:1016F00010B5044621461A2001F098FB10BD10B524
:101700000446E006010E1B2001F090FB10BD70B5F1
:101710000446B4F57A7F01DD4FF47A740A2C00DABE
:101720000A244FF47A7090FBF4F0401EC5B22946AB
:10173000192001F07BFB70BD70B5044604F1B001C7
:10174000C8B201F00BFD002001F008FD102001F0EF
:1017500005FD002504E0002001F010FD681CC5B265
:10176000802DF8DB70BD70B5002415E004F1B001E8
:10177000C8B201F0F3FC002001F0F0FC102001F0F1
:10178000EDFC002504E0002001F0F8FC681CC5B267
:10179000802DF8DB601CC4B2082CE7DB70BD0000B4
:1017A0002DE9F04705460E46174698464FF00009CA
:1017B0000024A7F1200000F0FF097B2D2BDA082E72
:1017C00029DAB8F1000F14D03146284601F0B2FCF6
:1017D00000BF0BE009EB490104EB41010F4A515CEA
:1017E000C943C8B201F0CAFC601CC4B2062CF1DBCC
:1017F00011E03146284601F09DFC002409E009EB88
:10180000490104EB4101054A505C01F0B7FC601C42
:10181000C4B2062CF3DBBDE8F0870000A48A000800
:101820002DE9F04105460E4614461F460A2C07DAFC
:1018300004F13000C2B23B4631462846FFF7B0FF04
:10184000BDE8F0812DE9F05F05460E461746984643
:10185000DDE90A9B7F2D01DC072E01DDBDE8F09F4D
:10186000E819802803DC06EB0800082800DDF5E70E
:10187000BBF1000F18D0344613E02146284601F092
:1018800059FCAA4609E019F8012BD143C8B201F06E
:1018900075FC0AF1010000F0FF0ABA45F3DB601C99
:1018A000C4B24445E9DB15E0344611E02146284640
:1018B00001F040FCAA4607E019F8010B01F05EFCBC
:1018C0000AF1010000F0FF0ABA45F5DB601CC4B262
:1018D0004445EBDB00BFC1E72DE9F04104460D466E
:1018E0001646984600277B2C14DA082D12DA0EE0F3
:1018F000F25D434629462046FFF752FFA01DC4B2C1
:101900007A2C02DD0024681CC5B2781CC7B2F05DD9
:101910000028EDD1BDE8F0812DE9FE4F80468A46D2
:1019200091461D46DDE90C7B002D76DDE8190A287D
:1019300073DAB9F1000F02DAC9F1000600E04E4691
:101940000A20B6FBF0F100FB11608DF80100642065
:10195000B6FBF0F100FB11600A21B0FBF1F08DF84D
:1019600002004FF47A70B6FBF0F100FB11606421C5
:10197000B0FBF1F0C0B28DF8030042F21070B6FB7C
:10198000F0F100FB11604FF47A71B0FBF1F0C0B2DE
:101990008DF804005948B6FBF0F100FB116042F2EB
:1019A0001071B0FBF1F0C0B28DF805005448B6FBE1
:1019B000F0F100FB11605149B0FBF1F0C0B28DF8BD
:1019C00006005048B6FBF0F100FB11604C49B0FB3B
:1019D000F1F0C0B28DF807004B48B6FBF0F100FB08
:1019E00011604849B0FBF1F0C0B28DF808004748DB
:1019F000B6FBF0F100FB11604349B0FBF1F0C0B25F
:101A00008DF80900B9F1000F41DA00232D2251466B
:101A10004046FFF7C5FE002412E037E0E919091B34
:101A2000491E1DF8012004EB440308F1060101EBF7
:101A30004301C8B25B465146FFF7F2FE601CC4B2D8
:101A4000681EA042EADC002F56D005EB450108EBEA
:101A50004101C8B25B462E225146FFF7A1FE002489
:101A600012E005EB450108EB4101891D04EB44033D
:101A700001EB4301C8B2391B1DF801205B465146FA
:101A8000FFF7CEFE601CC4B2BC42EADB34E00024A7
:101A90000EE0E919091B1DF8012004EB440108EBD5
:101AA0004101C8B25B465146FFF7BAFE601CC4B2A2
:101AB000AC42EEDB07B305EB450108EB4101C8B2D0
:101AC0005B462E225146FFF76BFE002412E005EB29
:101AD000450108EB4101891D04EB440301EB43017F
:101AE000C8B2391B1DF801205B465146FFF798FE2E
:101AF000601CC4B2BC42EADBBDE8FE8FA0860100D8
:101B000040420F008096980000E1F50500CA9A3B1C
:101B100000B587B00121042001F0C2FBA020ADF880
:101B2000040003208DF8060018208DF8070001A995
:101B3000544800F09BFE1020ADF804008DF807001B
:101B400001A9504800F092FE4020ADF8040010209A
:101B50008DF8070001A94B4800F088FE0121080319
:101B600001F09EFB0020ADF808004FF48270ADF844
:101B70000A000020ADF80C000220ADF80E00012094
:101B8000ADF810004002ADF812000020ADF81400CE
:101B9000ADF816000720ADF8180002A93A4801F088
:101BA000F7FE0121384801F0D9FEFF2001F054FE74
:101BB0004021344800F039FF6420FFF705FB402145
:101BC000304800F030FFC820FFF7FEFA40212D48D2
:101BD00000F02BFFAE2001F0C1FA002001F0BEFAA8
:101BE000102001F0BBFA402001F0B8FA812001F08A
:101BF000B5FAEF2001F0B2FAA12001F0AFFAC82047
:101C000001F0ACFAA62001F0A9FAA82001F0A6FA8A
:101C10003F2001F0A3FAD32001F0A0FA002001F048
:101C20009DFAD52001F09AFA802001F097FAD92088
:101C300001F094FAF12001F091FADA2001F08EFA25
:101C4000122001F08BFADB2001F088FA402001F02D
:101C500085FA202001F082FA022001F07FFA8D201F
:101C600001F07CFA142001F079FAA42001F076FA50
:101C7000A62001F073FAAF2001F070FAFFF773FDB0
:101C800007B000BD000801400030014008B5012147
:101C9000102001F005FB0120ADF8000048208DF870
:101CA000030003208DF802006946174800F0DEFDAE
:101CB0000220ADF8000010208DF8030003208DF8FD
:101CC00002006946104800F0D1FD0420ADF8000084
:101CD00010208DF8030003208DF8020069460A48A1
:101CE00000F0C4FD0820ADF8000010208DF80300BE
:101CF00003208DF802006946034800F0B7FD01207B
:101D00000249086008BD000000100140880122421D
:101D100070B50446002014490860002507E0134907
:101D2000485D01F031FA12494855681CC5B2092DC9
:101D3000F5DB01200C4908600D48407820700C4804
:101D4000C078C04360700A480079C043A07008485A
:101D50004079E0700648807920710548C07960714B
:101D60000348007AA07170BD88012242CC8C000823
:101D70004003002010B50548007820B90020044930
:101D8000C8800881488101F015FB10BD4E0000207D
:101D900050010020014630480078002859D02F48D3
:101DA00040782E4A927840EA0220C0F30A00088068
:101DB0002A488078C010294AD27840EA4210C0F3FD
:101DC0000A0048802548C0788011244A127940EAE8
:101DD0008200224A527940EA8220C0F30A008880B9
:101DE0001E48407940101D4A927940EAC210C0F363
:101DF0000A00C880194880790011184AD27940EA4F
:101E00000210C0F30A0008811448C079C011134AB7
:101E1000127A40EA4200114A527A40EA4220C0F364
:101E20000A0048810D48407A80100C4A927A40EAB4
:101E30008210C0F30A0088810848807A4011074A5E
:101E4000D27A40EAC200C8810020034A1070012003
:101E500070470020FCE70000B400002018030020B9
:101E600000B587B00121082001F01AFA4FF4006094
:101E7000ADF8180004208DF81B0006A91D4800F0DD
:101E8000F5FC0121880401F0EBF91B4802900020C9
:101E9000ADF80C004FF40050ADF80E00C010ADF8D6
:101EA00010000020ADF814000420ADF8120002A9C3
:101EB000124803F06FF827208DF8040001208DF8F8
:101EC00005008DF806008DF8070001A801F0CCF898
:101ED000012240F22551094803F037F8012240F26F
:101EE0002441064803F031F80121044802F0EAFFDA
:101EF00007B000BD000C0140A08601000048004072
:101F000000B589B00121112001F0CAF94FF47070B9
:101F1000ADF8200018208DF8230003208DF8220052
:101F200008A9294800F0A2FC0121480301F0B8F9F2
:101F30004720ADF814000020ADF8160044F61F60ED
:101F4000ADF818000020ADF81A0005A91F4802F0EE
:101F5000E1FB6020ADF804000120ADF8060040F27E
:101F6000DC50ADF80A000020ADF80C0001A91748BC
:101F700002F040FA0821154802F088FA01A9134836
:101F800002F08EFA0821114802F0DCFA01A90F488C
:101F900002F0E6FA08210D4802F032FB01A90B48D5
:101FA00002F038FB0821094802F072FB01210748C2
:101FB00002F082F80121054802F08AF80121034865
:101FC00002F092F809B000BD001001400034014059
:101FD0002DE9F0410446B4F5617F01DD4FF46174F1
:101FE00014F5617F00DA0B4C2046FEF76BFB804650
:101FF0000949FEF76FF907460849FEF713F9064647
:10200000FEF7A0FB85B22946054802F054FBBDE867
:10201000F08100007CFCFFFF3F358E3F0080BB4419
:10202000003401402DE9F0410446B4F5617F01DD43
:102030004FF4617414F5617F00DA0B4C2046FEF713
:1020400041FB80460949FEF745F907460849FEF776
:10205000E9F80646FEF776FB85B22946054802F008
:1020600028FBBDE8F08100007CFCFFFF3F358E3F80
:102070000080BB44003401402DE9F0410446B4F532
:10208000617F01DD4FF4617414F5617F00DA0B4C60
:102090002046FEF717FB80460949FEF71BF9074665
:1020A0000849FEF7BFF80646FEF74CFB85B2294605
:1020B000054802F0FCFABDE8F08100007CFCFFFF5F
:1020C0003F358E3F0080BB44003401402DE9F84F7E
:1020D00004460D4629462046FEF7F6F827490860D3
:1020E0002748016825480068FEF7EEF88246254833
:1020F000B0F90000FEF7E6FA83465146FEF7EAF82B
:1021000080462148B0F90000FEF7DCFA82461B4801
:1021100001685046FEF7DEF881464146FEF782F838
:1021200007461A48B0F90000FEF7CCFA394600908D
:10213000FEF778F80646FEF7ECFA00B2134908807D
:102140000E4800680E4908601048B0F9000041F2DE
:102150006801884202DD08460C4908800B48B0F946
:1021600000000B49884203DA4EF698700749088050
:102170000648B0F90000BDE8F88F000078000020A4
:102180007C0000204C0000204A0000207400002049
:1021900098EFFFFF2DE9F84F04460D4629462046EB
:1021A000FEF792F82749086027480168254800682B
:1021B000FEF78AF882462548B0F90000FEF782FA59
:1021C00083465146FEF786F880462148B0F9000064
:1021D000FEF778FA82461B4801685046FEF77AF807
:1021E00081464146FEF71EF807461A48B0F900003E
:1021F000FEF768FA39460090FEF714F80646FEF737
:1022000088FA00B2134908800E4800680E49086039
:102210001048B0F9000041F26801884202DD08462A
:102220000C4908800B48B0F900000B49884203DADA
:102230004EF69870074908800648B0F90000BDE8DE
:10224000F88F000084000020880000204C0000204F
:102250004A0000208000002098EFFFFF10B586B0F4
:1022600004460121042001F01BF80121880301F03C
:1022700017F84FF40070ADF8140018208DF817000F
:1022800003208DF8160005A91C4800F0EFFA4FF462
:102290008060ADF8140004208DF8170005A91748D8
:1022A00000F0E4FA01940020ADF80800ADF80A004F
:1022B000ADF80C00ADF810000C20ADF80E0001A92F
:1022C0000F4802F067FE25208DF8000002208DF8EF
:1022D000010001208DF802008DF80300684600F02F
:1022E000C3FE012240F22551054802F02EFE0121D5
:1022F000034802F0E7FD06B010BD000000080140F1
:102300000038014010B503460B48007890B10B48E7
:102310008078001FC2B2002105E0C81C074C205C79
:102320005854481CC1B29142F7DB0020024C207087
:10233000104610BD0020FCE7AA0000202802002063
:1023400010B586B004460121082000F0A9FF042042
:10235000ADF8140018208DF8170003208DF8160032
:1023600005A91E4800F082FA0820ADF814000420E8
:102370008DF8170005A9194800F078FA01214804E2
:1023800000F06EFF01940020ADF80800ADF80A00DF
:10239000ADF80C00ADF810000C20ADF80E0001A94E
:1023A0000F4802F0F7FD26208DF8000002208DF87E
:1023B000010001208DF802008DF80300684600F04E
:1023C00053FE012240F22551054802F0BEFD0121D5
:1023D000034802F077FD06B010BD00000008014080
:1023E000004400402DE9F05F01211148FEF71FFC79
:1023F00000BF02210E48FEF77DFB0028F9D00C48F3
:10240000FEF774FB83465846FEF776F98046094A84
:10241000094BFEF776F806460022084BFEF7E3F874
:102420000446FEF7C2F91FFA80FA5046BDE8F09F55
:10243000002801400AD7A370BD54AC4000FEAF4055
:1024400000B587B00121082000F02AFF0220ADF876
:10245000180000208DF81B0006A91D4800F006FAA0
:102460000121880200F01CFF002001908DF8080077
:102470008DF809004FF460200390002004900120A3
:102480008DF8140001A91348FEF748FB4FF40040F3
:1024900000F0DAFE0723012209210E48FEF766FB51
:1024A00001210C48FEF70DFB0A48FEF7BBFB00BFFD
:1024B0000848FEF728FB0028FAD10648FEF7C2FBC1
:1024C00000BF0448FEF708FB0028FAD107B000BDA2
:1024D000000C01400028014000BFFEE770470000EB
:1024E0001CB5A3E0642004F00DFC5148007858B3FB
:1024F0004F480078012806D100234EA202215A201D
:10250000FFF7EAF926E04A480078022806D10023BE
:1025100049A202215A20FFF7DFF91BE04448007866
:10252000032806D1002345A202215A20FFF7D4F93F
:1025300010E03F48007804280CD1002340A202217B
:102540005A20FFF7C9F905E000233EA202215A20D4
:10255000FFF7C2F93C480088FEF7CEF805463B4A33
:102560003B4BFDF7CEFF0746FEF700F9044600207F
:10257000012102232246CDE9001003211E20FFF78E
:10258000CBF90020009001903248B0F90A200623D0
:1025900003215A20FFF7C0F9642004F0B3FB0020A8
:1025A0000321CDE900102C48B0F9000000EB8000B9
:1025B0004200022305211E20FFF7AEF90020022170
:1025C000CDE900102548B0F9002005231946602008
:1025D000FFF7A2F922480022224BD0E900512846F9
:1025E000FDF78FFF0746FEF7C1F8044600200221E1
:1025F0000B462246CDE9001006211E20FFF78CF97C
:1026000019480022174BD0E900512846FDF779FF01
:102610000746FEF7ABF80446002002210B4622468F
:10262000CDE9001006215A20FFF776F95AE700009D
:102630005D0000205053320041505000524D530075
:102640004E5246002D2D2D00360000209A99999962
:102650009999B93F980100205E00002050010020A8
:102660007801002000005940880100201CB505F0C9
:102670007DFA044627480078012821D126480088A1
:10268000401C2549088023488078012802D1022077
:10269000224908701F48C078C0F18000204909789D
:1026A0004942484300B21F49C8801A484078C0F1E7
:1026B00078001D4909784942484300B21B49088007
:1026C0001B480068201AB0F57A7F21D31248008891
:1026D00018490988884203DD0F4800881549088099
:1026E0000720FFF729F8002313A207211846FFF758
:1026F000F3F800200090052301900E48028807217E
:102700003220FFF709F900200349088008480460D7
:102710001CBD0000580000209E000020500000203A
:102720009C000020500100209D0000205E00002041
:10273000A0000020A4000020434D442F733A000065
:1027400010B58AB0044600F0DBFB02A800F038FCAC
:1027500000287CD19DF80800552818D19DF8090063
:102760007E2814D19DF810007E2810D19DF811000C
:1027700055280CD19DF80A0020709DF80B00607060
:102780009DF80C00A0709DF80D00E0706AE09DF8C7
:102790000900552818D19DF80A007E2814D19DF80B
:1027A00011007E2810D19DF8120055280CD19DF8FB
:1027B0000B0020709DF80C0060709DF80D00A0705B
:1027C0009DF80E00E0704DE04FF40051264800F0F7
:1027D0002CF91021244800F026F9C820FEF7F4FC5B
:1027E0004FF40051204800F01EF910211E4800F05F
:1027F0001CF94FF400511C4800F017F91420FEF7A3
:10280000E3FC4FF40051184800F00DF9002000904F
:1028100001909DF8082006230121FFF77DF8002094
:10282000009001909DF80920062301211E20FFF74A
:1028300073F80020009001909DF8102006230121DC
:102840003C20FFF769F800200090019000E007E0CD
:102850009DF81120062301215A20FFF75DF801E0C1
:10286000002020700AB010BD001001402DE9F04199
:10287000024600250026002000230024002791F8AE
:1028800003C00CF00F0591F803C00CF0100CBCF164
:10289000000F03D091F802C04CEA050591F800C082
:1028A000BCF1000F31D0146800202BE04FF0010C78
:1028B0000CFA00F3B1F800C00CEA03069E4220D1E6
:1028C00083004FF00F0C0CFA03F7BC4305FA03FC2E
:1028D0004CEA040491F803C0BCF1280F06D14FF074
:1028E000010C0CFA00FCC2F814C00AE091F803C015
:1028F000BCF1480F05D14FF0010C0CFA00FCC2F8F6
:1029000010C0401C0828D1D31460B1F800C0BCF13D
:10291000FF0F34DD546800202EE000F1080C4FF06A
:10292000010808FA0CF3B1F800C00CEA03069E4255
:1029300021D183004FF00F0C0CFA03F7BC4305FACA
:1029400003FC4CEA040491F803C0BCF1280F05D144
:1029500000F1080C08FA0CF8C2F8148091F803C0D2
:10296000BCF1480F07D100F1080C4FF0010808FA3C
:102970000CF8C2F81080401C0828CED35460BDE883
:10298000F0810000F0B50A46002300240021002554
:1029900000F00046B6F1004F02D11D4EF16901E092
:1029A0001B4E7168C0F3034583B200F44016B6F5C0
:1029B000401F08D121F07061154E766826F07066D0
:1029C000134F7E6012E000F48016B6F5801F06D12A
:1029D000032606FA05F4A14341F0706106E0460DB6
:1029E000360103FA06F6B14341F0706122B1460D9B
:1029F000360103FA06F6314300F00046B6F1004F07
:102A000002D1034EF16101E0014E7160F0BD0000A2
:102A1000000001400246002093680B400BB10120EA
:102A200000E00020704741617047016170470AB1C2
:102A3000016100E04161704700BFFEE710B5002072
:102A40000E4908600E48006820F470400C49086088
:102A50000846006840F44050086000200949C1F869
:102A6000AC010120FEF7BAFB012004490860FEF723
:102A7000B5FB00200349C1F8B00110BDB0012142EF
:102A8000040801400000214210B500200E490860F2
:102A90000E48006820F470400C4908600846006841
:102AA00040F44050086001200949C1F8AC01FEF72C
:102AB00095FB012004490860FEF790FB00200449C3
:102AC000C1F8B00110BD0000B0012142040801406E
:102AD0000000214270B5054600241748006820F424
:102AE0007040154908600846006840F400400860DE
:102AF000002616E00020114908600220FEF76EFB58
:102B000001200F49C1F8B0016006040E0B4884385B
:102B1000006808B1601CC4B20220FEF75FFB701CA5
:102B2000C6B2082EE6DB15B1FFF788FF01E0FFF71C
:102B3000ABFF204670BD000004080140B0012142F7
:102B40000000214270B504461448006820F470402B
:102B5000124908600846006840F4405008600020B0
:102B60000F490860002516E0E0090D49091F0860BB
:102B70006006040E0120FEF731FB01200949C1F86F
:102B8000B001FEF72BFB0020054908600120FEF78D
:102B900025FB681CC5B2082DE6DB70BD04080140AA
:102BA000B00121420000214210B51648006820F40F
:102BB0007040144908600846006840F440500860BE
:102BC0000120114908601148D0F82C0108B90020F3
:102BD00010BD01200C49091D0860FEF7FFFA002016
:102BE0000A49C1F8AC0108488038006808B10020E3
:102BF000EEE70120FEF7F2FA00200349091D086004
:102C00000120E5E704080140AC0121420000214217
:102C100010B50E48006820F470400C490860084662
:102C2000006840F4405008600020094908600949E4
:102C3000C1F8AC010120FEF7D1FA01200449086077
:102C40000449C1F8AC01FEF7C9FA10BD04080140FF
:102C5000B00121420000214210B50024154800684F
:102C600020F47040134908600846006840F40040B2
:102C70000860012010490860FEF7B0FA01200F49F2
:102C8000C1F8B001FEF7AAFA0AE0601CC4B2322C07
:102C900003DDFFF7BDFF002010BD0120FEF79EFA07
:102CA0000548803800680028EFD10349091D0860F5
:102CB0000120F1E704080140AC012142000021425B
:102CC00039E0FEF79DFB002832D0322004F01AF8DC
:102CD000FEF796FB60B3002417E0322004F012F8F0
:102CE000FEF78EFB00B912E03C2C0CD14FF40051E2
:102CF0001148FFF79AFEC82004F004F84FF4005181
:102D00000D48FFF790FE601CC4B2C82CE5DB00BF85
:102D1000142C0CDA09480078062805DA07480078F0
:102D2000401C0649087002E001200449087000BFF9
:102D3000322003F0E7FFC4E700100140300000201C
:102D40002DE9F04106460F4614461D46FFF72CFFBD
:102D500010B90120BDE8F0817106080EFFF7F2FE00
:102D6000FFF77AFF18B9FFF753FF0120F2E7384663
:102D7000FFF7E8FEFFF770FFFFF716FF012101EBF9
:102D80004601C8B2FFF7DEFEFFF766FF0DE0012C3B
:102D900004D10020FFF79EFE287003E00120FFF71A
:102DA00099FE28706D1C601EC4B2002CEFD1FFF795
:102DB0002FFF0020CEE72DE9F04105460E461746CD
:102DC0009846FFF7F1FE10B90120BDE8F0816906D1
:102DD000080EFFF7B7FEFFF73FFF18B9FFF718FF20
:102DE0000120F2E73046FFF7ADFEFFF735FF002484
:102DF0000BE018F80400FFF7A5FEFFF72DFF18B948
:102E0000FFF706FF0020E0E7641CBC42F1DBFFF7A0
:102E1000FFFE0020D9E770B504460D461646F2B213
:102E20002B4621466820FFF78BFF70BD13B5044683
:102E300001AB012221466820FFF7BDFF1CBD00BF8A
:102E4000FEE7704700B587B00121382000F028FA6E
:102E50004FF48050ADF8180028208DF81B0006A90B
:102E60002148FFF703FD0420ADF8180006A91F480C
:102E7000FFF7FCFC4FF48050ADF8180006A91C4881
:102E8000FFF7F4FC00F004FD00211A4800F066FD95
:102E90000020ADF804004FF48270ADF80600002069
:102EA000ADF80800ADF80A00ADF80C004FF4007062
:102EB000ADF80E000820ADF810000020ADF81200AB
:102EC0000720ADF8140001A90A4800F061FD0121B6
:102ED000084800F043FD0020074908600120074929
:102EE000C1F8B00107B000BD00100140001401405E
:102EF000000C0140003800408881224200802142BD
:102F000010B5002011490860052211492A2000F05F
:102F100075F80121212000F08FF80121222000F016
:102F20008BF80021252000F087F82021312000F0C7
:102F300083F80F21262000F07FF80F21202000F0D9
:102F40007BF801200349C1F8880110BD8881224225
:102F5000DA8C0008008022422DE9F04107460D4638
:102F6000164600200A490860384600F0B9FC804641
:102F7000002405E0FF2000F0B3FC2855601CC4B21B
:102F8000B442F7DB0120024908604046BDE8F08109
:102F9000B081214270B504460020074908602046F0
:102FA00000F09EFCFF2000F09BFC05460120034939
:102FB000C1F8B001284670BDB08121420080214295
:102FC00070B50446082000F0B5FC0720FFF7E2FFCB
:102FD00005462946272000F02FF805F0400050B1A3
:102FE000202221466120FFF7B7FFFF21E22000F0F9
:102FF00023F8002070BD0120FCE700002DE9F0411E
:1030000007460C46154600200A490860384600F07D
:1030100067FC8046002605E014F8010B00F060FC18
:10302000701CC6B2AE42F7DB012002490860404680
:10303000BDE8F081B081214270B505460C46002004
:1030400007490860284600F04BFC0646204600F081
:1030500047FC01200349C1F8B001304670BD0000B3
:10306000B08121420080214270B5002100230F224F
:10307000C47804B3154C246804F4E064C4F5E06437
:10308000210AC1F10403CA40447804FA03F18478A8
:103090001440214309010E4C0678A155047804F030
:1030A0001F050124AC4005786D11AD0005F1E02548
:1030B000C5F8004109E0047804F01F050124AC4084
:1030C000044D0678761145F8264070BD0CED00E001
:1030D00000E400E080E100E002490143024A11609F
:1030E000704700000000FA050CED00E000BF04F09E
:1030F0003DFD0C49086014E014210A4803F03EFE2F
:103100000948FFF71DFB09480078042809D0064844
:103110000078012805D104200449087001200449E1
:103120000870E9E770000020580000205D000020D2
:103130005000002070B504460D4605F1B001C8B23C
:1031400000F00CF8102141EA141000F007F804F028
:103150000F0141F0010000F001F870BD10B5044608
:1031600010210548FFF75FFC204600F075FB102199
:103170000148FFF75AFC10BD0008014010B5044695
:10318000204600F069FB10BD1CB5044600200190EC
:103190000120009027E09DF80000204018B1012098
:1031A0001449086002E0002012490860002011491B
:1031B000083108601020FEF711F80F48D0F8000120
:1031C00028B19DF804009DF80010084301900120EB
:1031D0000849083108601020FEF700F89DF800004B
:1031E0004006000E00909DF800000028D3DC9DF8FA
:1031F00004001CBD840122420000224200BF04F0F2
:10320000B5FC0D49086016E014210B4803F0B6FD2B
:103210000A48FEF77DFD0A48007801280BD00748D0
:103220004078082807D10548807920B90120044951
:10323000087004490870E7E76C0000205100002086
:103240005D0000205000002001460020034A506825
:1032500020F44040084350607047000000100240D6
:1032600029B1064AD2690243044BDA6104E0034AF9
:10327000D2698243014BDA617047000000100240BE
:1032800029B1064A12690243044B1A6104E0034A59
:1032900012698243014B1A6170470000001002401E
:1032A00029B1064A92690243044B9A6104E0034A39
:1032B00092698243014B9A617047000000100240FE
:1032C00029B1064AD2680243044BDA6004E0034A9B
:1032D000D2688243014BDA60704700000010024060
:1032E00030B500210022002400232D4D6D6805F02B
:1032F0000C0121B1042905D0082923D105E0294D6D
:10330000056022E0274D05601FE0254D6D6805F43E
:103310007012234D6D6805F48034022505EB92424E
:103320001CB9214D554305600BE01D4D6D6805F43A
:1033300000351DB11C4D5543056002E0194D554344
:10334000056002E0174D056000BF00BF144D6D68B9
:1033500005F0F0010909154D6B5C0568DD4045601D
:103360000F4D6D6805F4E061090A104D6B5C45680E
:10337000DD4085600A4D6D6805F46051C90A0B4D4A
:103380006B5C4568DD40C560054D6D6805F44041E6
:10339000890B074D6B5CC568B5FBF3F5056130BD66
:1033A0000010024000127A0000093D0030010020A8
:1033B000400100202DE9F04F8FB0FDF733FF00B240
:1033C0000990FDF788F98246D24AD34BFDF799F868
:1033D00081F00041CDE90A01FDF713FA0D90FDF7E8
:1033E000FDF9CE4A03C20020FDF77EFFFDF780FF06
:1033F00000B20990FDF76FF9C64AC74BCDE90A0143
:10340000FDF77FF88246FDF7FCF90D90FDF7E6F930
:10341000C34A03C20020FDF7C3FFC248B0F906004B
:1034200040F2DC51884202DD0846BE49C880BD48F2
:10343000B0F90600BC49884203DA4FF62420B949A6
:10344000C880B849B1F90600FDF745F90022B74B2D
:10345000CDE90C01FDF7C7F88246FDF7D2F9044625
:10346000B348B0F90000FDF736F90022AF4BCDE9C3
:103470000C01FDF7B8F88246FDF7C3F90646304661
:10348000FDF7ACF9CDE90A0103F054FA02460B4608
:10349000CDE90C014FF06040A649FDF7A4F8824643
:1034A000FDF7AFF98046A248008800287CD040464E
:1034B000FDF794F9CDE90A014046FDF78FF9824600
:1034C0009D4A9E4BFDF717F8CDE906012046FDF712
:1034D00085F9CDE90401DDE90623FDF712F8CDE910
:1034E0000801DDE90A23FDF77EF8CDE90C01FDF7BF
:1034F00088F98A4988604046FDF770F9CDE90A01EC
:103500004046FDF76BF98C4A8C4BCDE90401FCF782
:1035100051FFCDE908012046FDF760F9CDE906012C
:10352000DDE90823FCF7EDFF8246DDE90A23FDF71C
:103530005AF8CDE90C01FDF764F979498860304605
:10354000FDF74CF97E4A7F4BCDE90001FCF7D9FF2E
:10355000824603F0EFF902460B46CDE902014FF037
:1035600060407449FDF73FF8734A744BCDE904019C
:10357000FCF720FF02460B46CDE906014FF0604004
:103580006C49FDF730F8CDE9080102F0FBF96E4A0D
:103590006E4BCDE90A01FCF7B4FFCDE90C01FDF754
:1035A00030F9054605E0FFE75C4884605C488460CC
:1035B00000252846FDF712F98246654A654BFCF75F
:1035C000A0FFCDE906012846FDF708F9CDE9020183
:1035D0002846FDF703F982465F4A604BFCF791FFEE
:1035E000CDE90001DDE90223FCF78BFFCDE9040101
:1035F000DDE90623FCF7DEFE81F000410022584B96
:10360000CDE90801FCF77DFF564A574BCDE90A0189
:10361000FCF7E9FFCDE90C01FDF7F3F80746534944
:103620003846FCF757FE83460021FCF7FBFD824637
:10363000FDF76FF80FFA80F94846FEF71DFD374891
:10364000D0E900211046FDF7DCF88246334988684E
:103650005146FEF73BFD314988813149D1E90021CE
:103660001046FDF7CEF882462D4988685146FEF790
:1036700091FD2B49888129498989494208B2FDF782
:10368000F1FE2749B1F90C00FDF716FF2349D1E9F6
:1036900000A181F00043224903C95246CDE9060149
:1036A000FCF788FE00224FF08043CDE90801FCF7CB
:1036B0009AFF00221D4BCDE90A01FCF722FFCDE95C
:1036C0000C01FDF753F800B216490880002048802D
:1036D0001249D1E900A181F00043114803C85246C4
:1036E000CDE90601FCF766FE134A214BCDE908013E
:1036F000FCF779FF00220D4BCDE90A01FCF701FF31
:10370000CDE90C01FDF732F800B2064988800FB010
:10371000BDE8F08FE3775F723A55733F7801002080
:10372000880100205001002024FAFFFF00408F4054
:103730005E000020CEF7C33F1F85EB51B81EB53F9A
:10374000CAC342AD69DE913F144C77B6D7A54C4051
:103750009BE61DA7E848F33F091B9E5E29CB703FFF
:1037600000806640A7E8482EFF2109400000204164
:10377000B81EC53F10B51B48FDF72CFF19484088FF
:103780001949088017480088404200B2488015480F
:10379000808888801548FDF73DFF1448008814494B
:1037A0000988084400B21149088008464088104939
:1037B0004988084400B20D494880084680880C4971
:1037C0008988084400B2094988800846408806492B
:1037D000C88006480088404200B2088103488088BB
:1037E000488110BD38000020980100203E000020D4
:1037F0004400002000BF04F0B9F91549086025E035
:103800001421134803F0BAFA12480078D0B11148D5
:103810000078012802D1FDF73BFB13E00D4800784A
:10382000022802D1FDF780FA0CE00A48007803284C
:1038300002D1FDF737FC05E006480078042801D1E5
:10384000FEF714FFFEF796FAFFF794FFD8E70000A3
:10385000640000205D00002010B5044600BF022176
:103860000A4800F087F80028F9D02146074800F000
:103870008DF800BF0121054800F07CF80028F9D040
:10388000024800F080F8C0B210BD000000300140D6
:1038900008B501210820FFF703FD4FF46040ADF8A3
:1038A000000018208DF8030003208DF802006946FF
:1038B0000948FEF7DBFF01218803FFF7D1FC4FF435
:1038C00060410548FFF7B1F80121044800F046F8CF
:1038D000FF2000F005F808BD000C01400038004052
:1038E00070B50546002405E0601CC4B2C82C01DD9B
:1038F000002070BD02210E4800F03CF80028F3D0F3
:1039000029460B4800F042F8002405E0601CC4B2D0
:10391000C82C01DD0020ECE70121054800F02AF861
:103920000028F3D0024800F02EF8C0B2E1E7000012
:103930000038004010B50446074800884FF6C771AC
:103940000840054908800846008820430880012176
:10395000014800F003F810BD0038004021B1028892
:1039600042F04002028004E002884FF6BF731A4022
:10397000028070470246002013890B400BB10120E2
:1039800000E00020704701468889704781817047B8
:1039900010B50022028802F441520B884C88234360
:1039A0008C882343CC8823430C8923434C892343AD
:1039B0008C892343CC8923431A430280838B4FF2A3
:1039C000FF74234083830B8A038210BD10B500F07F
:1039D00001F810BD0CB5002001900090334800683C
:1039E00040F480303149086000BF3048006800F47E
:1039F000003000900198401C0190009818B901987F
:103A0000B0F5A06FF1D12948006800F4003010B182
:103A10000120009001E0002000900098012843D18F
:103A20002348006840F010002149086008460068FB
:103A300020F0030008600846006840F002000860BB
:103A40001A48406819494860084640684860084676
:103A5000406840F4806048600846406820F47C106C
:103A600048600846406840F4E8104860084600682E
:103A700040F08070086000BF0C48006800F00070E3
:103A80000028F9D00948406820F003000749486041
:103A90000846406840F00200486000BF03484068A4
:103AA00000F00C000828F9D10CBD00000010024005
:103AB000002002402DE9FF41074655260020FEF771
:103AC00087FA0020FEF7AEFA0020FEF7D5FA0025AF
:103AD0002BE04FF480717A48FEF7A5FF1420FDF724
:103AE00073FB4FF480717648FEF79FFF1420FDF7BB
:103AF0006BFB02A8FDF78EFD72480088BDF8081028
:103B0000084400B26F49088008464088BDF80A1092
:103B1000084400B26B49488008468088BDF80C1004
:103B2000084400B2674988806D1C0A2DD1DB6548C6
:103B3000B0F9000040420A2190FBF1F000B2614967
:103B400008800846B0F9020040420A2190FBF1F0DB
:103B500000B25C4948800846B0F9040040420A219E
:103B600090FBF1F000B257498880002522E0002444
:103B70000BE0E006060E4FF480715148FEF753FF4C
:103B80001420FDF721FB601CC4B21E2CF1DB1424B1
:103B90000DE004EB44008006060E4FF480714848A7
:103BA000FEF743FF1420FDF70FFB601EC4B2002C8C
:103BB000EFDC6D1C032DDADB4FF480714048FEF71B
:103BC00032FF4FF400514048FEF72FFF6420FDF70D
:103BD000FBFA4FF400513C48FEF725FFFDF7C3FD0B
:103BE00000233AA219461846FDF776FE00233DA2AF
:103BF00002211846FDF770FE002340A202211E207C
:103C0000FDF76AFE00233FA203211846FDF764FE7C
:103C1000002342A204211846FDF75EFE002345A2C0
:103C200005211846FDF758FE002348A20621184634
:103C3000FDF752FE02F0FAFE4A48082100234A012D
:103C4000CDE9001048A14B4803F050FF4A48042139
:103C500000238022CDE9001048A14B4803F046FF25
:103C60004A48042100238022CDE9001048A14B4896
:103C700003F03CFF4A48022100238022CDE90010D6
:103C800048A14B4803F032FF4A4808210023802214
:103C9000CDE9001048A14B4803F028FF4A4809210C
:103CA00000238022CDE9001048A14B4803F01EFFFD
:103CB0004A48006803F0D2F802F0FAFEBDE8FF813E
:103CC0000008014044000020001001402020202A6C
:103CD0002046534D204155544F57415245202A20EC
:103CE00020200000205665723A56302E3030204D8C
:103CF0006F643A2D2D2D20202000000056312E30EB
:103D00003000000020566F6C3A31322E3256204778
:103D1000797A3A3030303030200000002D2D2D2DB2
:103D20002D2D2D2D2D2D2D2D2D2D2D2D2D2D2D2DC3
:103D30002D00000020416E673A3030302E303020A8
:103D400056656C3A302E303030200000204D544102
:103D50003A30302E3030204D54423A2D302E303013
:103D60002000000004000020526F626F745F5461F5
:103D7000736B0000F5370008080000204B65795F81
:103D80005461736B00000000C12C00080C0000207F
:103D9000446973705F5461736B000000E124000894
:103DA000100000205472697669615F5461736B0082
:103DB000CD470008140000205073325F5461736BCC
:103DC00000000000FD310008180000204E72665F00
:103DD0005461736B00000000ED300008000000200B
:103DE000042808D14FF0E021096941F004014FF0A7
:103DF000E022116107E04FF0E021096921F00401A0
:103E00004FF0E0221161704710B503F09FFE0128CA
:103E100001D003F015FB10BD10B51348006840F049
:103E200001001149086008464068104908400E49E1
:103E30004860084600680E4908400B49086008467B
:103E4000006820F4802008600846406820F4FE00E6
:103E500048604FF41F008860FFF7B8FD4FF0006026
:103E60000449086010BD0000001002400000FFF887
:103E7000FFFFF6FE08ED00E0F0B50C461546002207
:103E80000021068C4FF6FE773E400684028B018CA3
:103E90004FF60C7632407E1C06EA03162E43324360
:103EA000104EB0420ED0104EB0420BD0B0F1804F49
:103EB00008D00E4EB04205D00D4EB04202D00D4E8D
:103EC000B04206D14FF6FD76314044F00106314351
:103ED00005E04FF6F576314044F0010631430283A8
:103EE0000184F0BD002C014000340140000400407A
:103EF00000080040000C0040F0B50C4615460022BA
:103F000000210026078C4FF6EF7C07EA0C07078498
:103F1000028B018C4FF6FF7707EA041640F6FF4745
:103F20003A404FF6FF7707EA03373A434FF6FF77F9
:103F300007EA05273A43114FB8420ED0104FB84256
:103F40000BD0B0F1804F08D00E4FB84205D00E4FC5
:103F5000B84202D00D4FB84206D14FF6DF77394054
:103F600046F01007394305E04FF65F77394044F0DB
:103F70001007394302830184F0BD0000002C01408A
:103F8000003401400004004000080040000C0040E4
:103F9000F0B50C461546002200210026078C4FF68E
:103FA000FF6C07EA0C070784828B018C4FF6FF77C2
:103FB00007EA04264FF60C773A404FF6FF7707EAF8
:103FC00003172F433A43114FB8420ED0104FB84257
:103FD0000BD0B0F1804F08D00E4FB84205D00E4F35
:103FE000B84202D00D4FB84206D14FF6FF573940C4
:103FF00046F48077394305E04FF2FF57394044F4E7
:104000008077394382830184F0BD0000002C014099
:10401000003401400004004000080040000C004053
:10402000F0B50C461546002200210026078C4EF6FE
:10403000FF7C07EA0C070784828B018C4FF6FF7721
:1040400007EA043640F6FF473A404FF6FF7707EAA3
:1040500005273A434FF6FF7707EA03373A43114FF4
:10406000B8420ED0104FB8420BD0B0F1804F08D0FC
:104070000E4FB84205D00E4FB84202D00D4FB84295
:1040800006D14DF6FF77394046F48057394305E0B5
:1040900047F6FF57394044F48057394382830184FF
:1040A000F0BD0000002C014000340140000400403D
:1040B00000080040000C004021B1028842F080025C
:1040C000028004E002884FF67F731A400280704736
:1040D00021B1028842F00102028004E002884FF61A
:1040E000FE731A400280704731B1B0F8442042F4A8
:1040F0000042A0F8442005E0B0F84420C2F30E02CC
:10410000A0F844207047000010B504466848844277
:1041100008D10121C014FFF7D3F80021E014FFF704
:10412000CFF8C4E0B4F1804F08D101210846FFF771
:10413000A7F800210120FFF7A3F8B8E05D4884420A
:1041400008D101210220FFF79BF800210220FFF790
:1041500097F8ACE05848844208D101210420FFF7C9
:104160008FF800210420FFF78BF8A0E05348844229
:1041700008D101210820FFF783F800210820FFF76C
:104180007FF894E04E48844208D101211020FFF7C7
:1041900077F800211020FFF773F888E0494884423F
:1041A00008D101212020FFF76BF800212020FFF724
:1041B00067F87CE04448844208D101214014FFF7AD
:1041C0007FF800216014FFF77BF870E03F488442DD
:1041D00009D10121C804FFF773F800214FF4002032
:1041E000FFF76EF863E03A48844209D101210805DF
:1041F000FFF766F800214FF48010FFF761F856E0F2
:104200003448844209D101214805FFF759F80021BB
:104210004FF40010FFF754F849E02F48844208D1CA
:1042200001214020FFF72CF800214020FFF728F85B
:104230003DE02A48844208D101218020FFF720F880
:1042400000218020FFF71CF831E02548844208D186
:1042500001218015FFF714F80021A015FFF710F8D1
:1042600025E02048844209D101210804FFF728F8FD
:1042700000214FF48030FFF723F818E01A488442F9
:1042800009D101214804FFF71BF800214FF4003049
:10429000FFF716F80BE01548844208D10121880485
:1042A000FFF70EF800214FF48020FFF709F810BD4A
:1042B000002C01400004004000080040000C0040B9
:1042C000001000400014004000340140004C014048
:1042D000005001400054014000180040001C004004
:1042E00000200040004001400044014000480140DF
:1042F000F0B50C4615461E46002100220023018918
:10430000028B038C4FF6F877394021434FF6FC4778
:104310003A4040F201173A434FF6DD773B404FF603
:10432000FF7707EA06172F433B430181028303848B
:10433000F0BD000070B505460C46244885420ED0FD
:10434000234885420BD0B5F1804F08D021488542E3
:1043500005D02148854202D02048854200D100E0A6
:1043600000BF208850B92389A28861882846FFF7BA
:1043700083FDE188284600F0A1F925E02088042883
:104380000AD12389A28861882846FFF7B5FDE18814
:10439000284600F09CF917E0208808280AD12389D4
:1043A000A28861882846FFF7F3FDE188284600F0DF
:1043B0009BF909E02389A28861882846FFF730FE2F
:1043C000E188284600F099F970BD0000002C0140FA
:1043D000003401400004004000080040000C004090
:1043E000002101804180012181800021C180018163
:1043F0007047000070B5002400220023058C4FF6A2
:10440000FE7635400584028C8388048B4FF68F75C9
:104410002C40B51E2C400D882C43751E2A400D895A
:104420002A434D882A43144DA8420BD0134DA8426D
:1044300008D0134DA84205D0124DA84202D0124D0B
:10444000A84213D14FF6F7752A404D892A434FF6FB
:10445000FB752A408D882A434FF6FF652B404FF6A7
:10446000FF552B408D892B43CD892B4383800483BB
:10447000CD888586028470BD002C01400034014047
:104480000040014000440140004801400A4600212C
:10449000018B4FF6F77319401143018370470000F9
:1044A00070B5002400220023058C4FF6EF763540CE
:1044B0000584028C8388048B48F6FF752C404FF6E8
:1044C000FF452C400D884FF6FF7606EA05252C4364
:1044D0004FF6DF752A400D8906EA05152A434D88F7
:1044E00006EA05152A43154DA84202D0144DA842EC
:1044F0001DD14FF67F752A404D894FF6FF7606EAAB
:1045000005152A434FF6BF752A408D8806EA051522
:104510002A434FF6FF352B404FF2FF752B408D8914
:1045200006EA85052B43CD8906EA85052B43838062
:104530000483CD880587028470BD0000002C0140F3
:10454000003401400A460021018B4FF2FF731940ED
:104550004FF6FF7303EA02231943018370470000FB
:1045600070B5002400220023058C4FF6FF6635400D
:104570000584028C8388848B4FF68F752C404FF610
:10458000FC752C400D882C434FF6FF552A400D89B1
:104590004FF6FF7606EA05252A434D8806EA0525EB
:1045A0002A43154DA84202D0144DA8421DD14FF206
:1045B000FF752A404D894FF6FF7606EA05252A4306
:1045C0004FF6FF352A408D8806EA05252A434EF628
:1045D000FF752B404DF6FF752B408D8906EA0515BA
:1045E0002B43CD8906EA05152B4383808483CD8830
:1045F0008587028470BD0000002C0140003401401A
:104600000A460021818B4FF6F773194011438183CD
:104610007047000070B5002200230024058C4EF680
:10462000FF7635400584038C8488828B48F6FF75BD
:104630002A404FF6FF452A400D884FF6FF7606EADE
:1046400005252A434DF6FF752B400D8906EA0535F1
:104650002B434D8806EA05352B430B4DA84202D06B
:104660000A4DA84208D14BF6FF752C408D894FF6B4
:10467000FF7606EA85152C4384808283CD88A0F8D6
:104680004050038470BD0000002C01400034014004
:104690000A460021818B4FF2FF7319404FF6FF73DA
:1046A00003EA02231943818370478186704701879B
:1046B000704781877047A0F840107047028B4FF613
:1046C000F3731A400283028B0A4302837047028B02
:1046D0004FF2FF331A400283028B4FF6FF7303EA57
:1046E00001231A4302837047828B4FF6F3731A40FB
:1046F0008283828B0A4382837047828B4FF2FF331F
:104700001A408283828B4FF6FF7303EA01231A4318
:1047100082837047002202881D4B98420ED01D4BA9
:1047200098420BD0B0F1804F08D01B4B984205D077
:104730001A4B984202D01A4B984204D14FF68F730D
:104740001A404B881A43174B984207D0164B984291
:1047500004D04FF6FF431A40CB881A4302808B885F
:1047600083850B8803850A4B98420BD0094B9842EE
:1047700008D00E4B984205D00D4B984202D00D4BFD
:10478000984201D10B7A038601238382704700008F
:10479000002C0140003401400004004000080040AB
:1047A000000C004000100040001400400040014098
:1047B00000440140004801404FF6FF718180002114
:1047C0000180C1804180017270470000ABE0FDF7BD
:1047D00009FE5549088008460088B0F5856F64DCFD
:1047E00010215248FEF716F9C0F10100C4B222466A
:1047F00010214E48FEF71BF94B480088B0F57D7F2D
:1048000057DA10214948FEF70EF947480088B0F5FD
:10481000767F46DA46480088401C454908800846AD
:1048200000880A2845DD4FF480714248FEF7FDF804
:1048300010213E48FEF7F7F83F48006802F0D0FC30
:104840003E48006802F0CCFC0020FCF70BFE002084
:10485000FCF732FEFCF787FF22E0002338A2032199
:104860001846FDF739F800233BA205211846FDF74D
:1048700033F84FF400512D48FEF7D7F81E2002F010
:1048800041FA4FF400512948FEF7CDF84FF47A7001
:1048900002F038FAFCF767FF4FF47A7002F032FA50
:1048A000DBE700202249088003E010211F48FEF7C3
:1048B000BCF82F48007820B32D48007801280FD18C
:1048C00041031A48FEF7B1F8C82002F01BFA4FF472
:1048D00000511648FEF7A7F800202549087010E09F
:1048E0004FF400511148FEF7A0F84FF47A7002F02F
:1048F00009FA4FF400510D48FEF795F800201C49C5
:1049000008704FF480710B48FEF784F8C0F1010085
:10491000C4B222464FF480710648FEF788F84FF47F
:10492000FA7002F0EFF952E7360000200010014063
:104930006800002000080140040000200C00002056
:1049400020202020204C6F7720706F776572202008
:1049500020202020000000002020526F626F742071
:104960006861732073746F707065642000000000CC
:104970005000002010B540F225514C4800F0BBFA21
:10498000002874D0494800F071FBC4B24848007850
:10499000032823DA4648007838B9AA2C7ED1454846
:1049A000047001204249087078E0414800780128ED
:1049B0000BD1552C05D13F48447002203C4908706A
:1049C0006CE000203A49087068E03A48847003209F
:1049D00037490870601E384908705FE035488078B4
:1049E000401E3349097888420EDD32483049097843
:1049F00044542F480078401C2D4908702E480078F8
:104A000020442D49087049E00020294908702A48AF
:104A10000078844242D10020284908702548C07897
:104A2000502825D1234840792249097940EA0120BC
:104A300000B22349C8801F48C0791E49897940EADD
:104A4000012000B21E4908811A48407A1949097AA2
:104A500040EA012000B21A4948810A46B2F90A1018
:104A6000B2F90600FCF7F4F81649088016E01BE0DE
:104A70001048C078602811D10E4840790D49097955
:104A800040EA012000B2104908800A48C07909496B
:104A9000897940EA012000B20B494880012240F2A6
:104AA0002551024800F051FA10BD0000004C0040B2
:104AB000AE00002078020020AF0000205D00002042
:104AC000500100205E0000206000002010B540F280
:104AD00025512C4800F00FFA002851D0294800F049
:104AE000C5FAC4B228480078032823DA264800789B
:104AF00038B9AA2C3ED125480470012022490870FB
:104B000038E02148007801280BD1552C05D11F48E9
:104B1000447002201C4908702CE000201A490870DB
:104B200028E01A488470032017490870601E18494D
:104B300008701FE015488078401E134909788842A4
:104B40000EDD12481049097844540F480078401C83
:104B50000D4908700E48007820440D49087009E09E
:104B60000B480078844205D101200A4908700020D2
:104B700005490870012240F22551024800F0E5F98C
:104B800010BD000000500040B1000020C80200200D
:104B9000B2000020B000002010B540F225514C4872
:104BA00000F0A9F9002874D0494800F05FFAC4B2B7
:104BB00048480078032823DA4648007838B9AA2CF8
:104BC0007ED14548047001204249087078E0414890
:104BD000007801280BD1552C05D13F4844700220A4
:104BE0003C4908706CE000203A49087068E03A4897
:104BF0008470032037490870601E384908705FE0F0
:104C000035488078401E3349097888420EDD3248A5
:104C10003049097844542F480078401C2D490870C9
:104C20002E48007820442D49087049E00020294989
:104C300008702A480078844242D100202849087030
:104C40002548C078502825D1234840792249097940
:104C500040EA012000B22349C8801F48C0791E499C
:104C6000897940EA012000B21E4908811A48407A39
:104C70001949097A40EA012000B21A4948810A46D6
:104C8000B2F90A10B2F90600FBF7E2FF16490880F4
:104C900016E01BE01048C078602811D10E4840791A
:104CA0000D49097940EA012000B2104908800A48FC
:104CB000C0790949897940EA012000B20B4948804E
:104CC000012240F22551024800F03FF910BD0000DA
:104CD00000380140A8000020D8010020A9000020D1
:104CE0005D000020500100205E00002060000020D8
:104CF00010B540F22551334800F0FDF800285FD090
:104D0000304800F0B3F9C4B22F480078032823DA02
:104D10002D48007838B9AA2C4CD12C4804700120B9
:104D20002949087046E02848007801280BD1552C05
:104D300005D1264844700220234908703AE000203B
:104D40002149087036E02148847003201E4908700C
:104D5000601E1F4908702DE01C488078401E1A49CB
:104D6000097888420EDD19481749097844541648D5
:104D70000078401C144908701548007820441449F4
:104D8000087017E00020104908701148007884422C
:104D900010D101200F4908700C48C078302809D183
:104DA0000A480079552805D102200B4908700120D6
:104DB0000A490870012240F22551024800F0C5F866
:104DC00010BD000000440040AB000020280200207D
:104DD000AC000020AA0000205D0000205000002050
:104DE00010B540F22551304800F085F800285AD01F
:104DF0002D4800F03BF9C4B22C48007858B90F2C6C
:104E00004BD12B4829490978445428480078401C44
:104E10002649087041E025480078182834DB94BB07
:104E200001202449087024480078032827D020480E
:104E3000C07880111E49097940EA81001C494979EE
:104E400040EA8120C0F30A001C4908801848807A93
:104E500040111749C97A40EAC100184948800846FC
:104E6000008840F2DC51884209DD144840888842BD
:104E700005DD032010490870012011490870002049
:104E80000A49087009E0FFE70948084909784454CD
:104E900006480078401C05490870012240F225515F
:104EA000014800F052F810BD00480040B500002055
:104EB00018030020B40000205D000020B600002090
:104EC0005000002021B1828942F40052828104E026
:104ED00082894DF6FF731A40828170470246002096
:104EE000B1F5007F00D100BF13880B400BB101204A
:104EF00000E00020704770B5024600240023002522
:104F0000002040F66A16B14200D100BFC1F342153D
:104F100001F01F03012606FA03F3012D02D1968941
:104F2000334006E0022D02D1168A334001E0968A12
:104F300033400C12012606FA04F41688344013B1EB
:104F40000CB1012000E0002070BDF0B50346002444
:104F500000260025002040F66A17B94200D100BFA4
:104F60001846C1F3421401F01F06012707FA06F59F
:104F7000012C01D10C3004E0022C01D1103000E0F2
:104F800014301AB107682F43076002E00768AF4387
:104F90000760F0BD2DE9F04786B005460E460024B7
:104FA000A24600BFA1460027B08900B100BF2F462E
:104FB0002C8A4CF6FF700440F08804432C82AC89A4
:104FC0004EF6F3100440B0883189084371890843D4
:104FD0000443AC81AC8A4FF6FF400440B0890443DF
:104FE000AC8201A8FEF77CF91F48874202D1DDF8A8
:104FF00010A001E0DDF80CA0A88900F4004040B149
:105000000AEBCA0000EB0A1031684900B0FBF1F866
:1050100007E00AEBCA0000EB0A1031688900B0FB18
:10502000F1F86420B8FBF0F004012009642101FBD1
:105030001089A88900F4004040B1322000EBC9007B
:10504000B0FBF1F000F00700044308E0322000EB71
:1050500009106421B0FBF1F000F00F0004432C8133
:1050600006B0BDE8F087000000380140014688889E
:10507000C0F308007047C1F308028280704700BF88
:10508000FEE700000FB4054B10B503A9044A0298CF
:1050900000F09CFB10BC5DF814FB0000A55B000851
:1050A00044010020490050EAC12018BF04204A0DE5
:1050B00018BF40F0010040F2FF72B2EB515F08BF31
:1050C00040F00200012808BF052070472DE9F74F86
:1050D000144694B00021C4E902111599079121F0FA
:1050E0000045C9498D4206DC1599C4E9000117B095
:1050F0000020BDE8F08FC549DFF814A3A9423CDDCC
:105100000799C44E0029C44FC44A1599534619DD66
:10511000FBF7F1F9554506D0C14AC24BFBF7EBF955
:10512000C4E900010AE04FF0D352BE4BFBF7E3F9AC
:1051300032463B46FBF7DFF9C4E9000117B0012016
:10514000BDE8F08FFBF736F9554506D0B44AB54BAC
:10515000FBF730F9C4E900010AE04FF0D352B14B3C
:10516000FBF728F932463B46FBF724F9C4E9000176
:1051700017B04FF0FF30BDE8F08FAB49A942159949
:1051800078DB21F0004183468846A84AA84BFBF70C
:10519000B8F90022A74BFBF70DF9FBF7E7FA0990E6
:1051A000FBF799FA06460F469C4A5346FBF7A9F9C6
:1051B00043465A46FBF7A2F980468A46984A994BDD
:1051C00030463946FBF79DF92A0D01250B924246E0
:1051D0005346FBF793F9032DC4E9000139D00B982E
:1051E000C1F30A51401A05EB45111139814230DAF9
:1051F0009148C346784400EB0510CDF80CA00C9004
:10520000D0E9002330463946FBF77BF902460B46CE
:105210000491069058460399FBF76DF980468A463B
:1052200002460B4658460399FBF765F9049B069A1C
:10523000FBF761F983460C9803913946D0E90223C4
:105240003046FBF75EF95A46039BFBF754F96D1C99
:10525000BDE707980028A2BF099817B0BDE8F08FF6
:10526000616881F000416160099817B04042BDE873
:10527000F08FFFE784461598C1F31301C0F30A507D
:10528000A0F2F5304FEA601800F01F06C6F12000CA
:10529000139000200690079041F4801E05206D4673
:1052A00076B1664A08EB00017A4452F8213002EBED
:1052B0008101B3404A68139922FA01F1194305E0CC
:1052C0005F4908EB0002794451F82210A1FB0E2738
:1052D000A1FB0C131A449A4234BF0123002303EBB1
:1052E000070A05EB8003D3E901B70F448F4234BFAF
:1052F0000121002193448B4411B1934502D903E06D
:10530000934501D2012100E00021C3E901B75144D6
:1053100045F82010011EA0F10100C1DC0298059F94
:1053200000F10050800F12900298DDE903568000D2
:10533000FBF7D1F9834628460D91FBF7DDF96FF0B5
:105340001D02FBF76AFBCDE90E013046FBF7D4F9ED
:105350006FF03D02FBF761FB80468A463846FBF75B
:10536000CBF96FF05D02FBF758FB07464246534608
:105370001191FBF71FF8DDE90E23FBF71BF85A46E6
:105380000D9BFBF717F800250E465A4628460D9B45
:10539000FBF7B1F8DDE90E23FBF7ADF842465346C3
:1053A000FBF7A9F83A46119BFBF7A8F8DFF898A09D
:1053B000244A5346FBF7A5F807468846234A244B60
:1053C00031462846FBF79DF83A464346FAF7F2FF86
:1053D000074688464FF0A842534631462846FBF719
:1053E00090F83A464346FAF7E5FF159A12F0004F57
:1053F00004D0129A81F0004152421292C4E9000195
:10540000129817B0BDE8F08FFB21E93F7CD902402C
:10541000FB21F93F7370032E8A19A33B000040540F
:105420003163621A61B4D03DFB21394183C8C96D33
:10543000305FE43F0000E03F803B0000FC3A0000AA
:10544000DE3A0000182D4454FB21F93D3326A61105
:10545000460B113C2DE9F0414F1E00EBC7010446FD
:10546000D1E9000115461E4637F006020DD02A4646
:105470003346FBF746F87F1E04EBC703D3E900234E
:10548000FAF798FF37F00602F1D1022F25D0042F4A
:1054900013D0062F18BFBDE8F0812A463346FBF72C
:1054A00030F8D4E90A23FAF785FF2A463346FBF79A
:1054B00028F8D4E90823FAF77DFF2A463346FBF79C
:1054C00020F8D4E90623FAF775FF2A463346FBF79E
:1054D00018F8D4E90423FAF76DFF2A463346FBF7A0
:1054E00010F8D4E90223FAF765FF2A463346FBF7A2
:1054F00008F8D4E90023BDE8F041FAF75BBF0000EB
:105500002DE9F04D04468CB0904821F00047164636
:1055100098460D460991874206DA20462946FBF750
:1055200025F9002800F0AE808948B8421CDC0998B3
:105530000028BCBF85F0004588F00048854A864BAE
:1055400020462946FAF7DAFF04460D46324643461E
:1055500082488349FAF7CFFF22462B46FAF72AFF03
:10556000002604460D46B04622462B4610461946F4
:10557000FAF7C7FF8B46824602460B46FAF7C1FF91
:105580000246089077480B46009106217844FFF7C1
:1055900061FFCDE90310744806217844009B089A06
:1055A000FFF758FF52465B46FAF7ABFFCDE905100F
:1055B00052465B4620462946FAF7A3FF0791009022
:1055C000DDE90310DDE90532FAF7F4FE079B009AE6
:1055D000FAF797FF32464346FAF7ECFE52465B462F
:1055E000FAF78FFF32464346FAF7E4FE80460E464E
:1055F0005E4A5F4B07990098FAF783FF42463346AD
:10560000FAF7D8FE82468B4622462B46FAF7D2FEA0
:1056100080464F480E46B84214985BDCFBF75BF8B7
:105620000746424633460591FAF7C4FECDE901101C
:105630004246334610461946FAF763FFDDE9013268
:10564000FAF7D1FF52465B46FAF755FF22462B4642
:10565000FAF754FF0122FBF7E0F93A46059BFAF707
:105660004DFF04460D460998022101EAA070C0F1E1
:105670000100FBF730F80CB022462B46BDE8F04D98
:10568000FAF73FBF1498401C384320430BD01498BE
:10569000012812D00CB022462B46BDE8F04D002068
:1056A0003449FAF7A0BF0CB025F000432246BDE80C
:1056B000F04D00203049FAF796BF20462946FFF703
:1056C000F1FC042808BF00F063F820460CB029461E
:1056D000BDE8F08D012802BF40460CB0BDE8F08D5A
:1056E00000270B463A4620462946FAF707FF52465E
:1056F0005B46FAF703FF04460D4642463346002058
:105700001C49FAF770FF83463A46884633461046EE
:10571000FAF7F7FE0022184BFAF74CFE06468A46C7
:1057200022462B4638464146FAF7EBFE32465346B0
:10573000FAF740FE5A464346FAF7E3FE0CB03A4603
:105740004346BDE8F04DFAF735BE00000000303E9C
:105750002894E53F182D4454FB21E93F075C14339E
:1057600026A6813CB0380000D2380000635555555C
:105770005555D53F0000F0BF0000F03F0122FBF778
:105780004CB90022134610461146FAF72CBF000010
:10579000024A00201107FBF740B9000001FDFFFF9E
:1057A00002E008C8121F08C1002AFAD170477047EA
:1057B000002001E001C1121F002AFBD17047000048
:1057C0000149086070470000480100202DE9FF4FA3
:1057D0008BB09A460F460546002606E025280BD0DA
:1057E00052460D9990476D1C761C28780028F5D1FB
:1057F0000FB03046BDE8F08F0024A046012260497A
:1058000000E0044315F8013F203B02FA03F0084290
:10581000F7D128782E2817D115F8010F44F0040489
:105820002A280ED06FF02F022878A0F13001092924
:105830000AD808EB880102EB410100EB01086D1C5E
:10584000F2E757F8048B6D1C287869283ED006DCF7
:105850000028CDD063280BD0642804D136E073280B
:1058600010D075284BD052460D999047761C85E094
:1058700017F8040B8DF8000000208DF80100E946B0
:10588000012003E057F8049B4FF0FF3061074FF011
:10589000000401D40AE0641C44450DDA8442FADBBA
:1058A00019F804100029F6D106E0641C8442FCDBE0
:1058B00019F804100029F8D1264404E019F8010B66
:1058C00052460D999047641EF8D257E001CF4FF031
:1058D0000A0B002802DA40422D2102E0210504D5FE
:1058E0002B218DF82410012103E0E10705D02021B0
:1058F000F7E70DF1200908910CE00021F9E701CF4D
:105900004FF00A0BF9E75946FAF7ACFF01F1300204
:1059100009F8012D0028F6D1ADEB090000F1200BAC
:10592000600701D44FF00108D84502DDA8EB0B0059
:1059300000E000208046002406E009A85246005DF1
:105940000D999047641C761C08988442F5DB04E0AE
:10595000302052460D999047761CB8F10001A8F10D
:105960000108F5DC05E019F8010B52460D99904746
:10597000761CBBF10001ABF1010BF4DC6D1C34E7CC
:10598000092801002DE9F84F04460D4621F000409A
:1059900000917349814211DC7249884201DC06D1D1
:1059A0002CB120462946BDE8F84FFFF7E7BE6E4808
:1059B000002DCCBF6D496E49BDE8F88F6D4981421D
:1059C00011DD6D498142D8BF4FF0FF366DDD2046B5
:1059D0002946FFF767FB042808BFFFF7D9FE2046DA
:1059E0002946BDE8F88F6549654F25F0004581429D
:1059F00033DD6449814219DD002632464FF0804391
:105A000020462946FAF7D6FC80468A4601222046DF
:105A10002946FBF702F800223B46FAF76CFD4246A6
:105A20005346FAF7E0FD04460D463EE0012600220B
:105A3000BA463B4620462946FAF7BCFC80460F464C
:105A40000022534620462946FAF755FD42463B467A
:105A5000FAF7C9FD04460D4627E04B4981421BDD9C
:105A6000DFF828A102260022534620462946FAF7ED
:105A700048FD00223B46FAF79DFC80460F46002277
:105A8000534620462946FAF736FD42463B46FAF78A
:105A9000AAFD04460D4608E0032622462B460020B8
:105AA0003B49FAF7A0FD04460D4622462B46104618
:105AB0001946FAF726FD8B46824602460B46FAF750
:105AC00020FD07460246334888460B4606217844A7
:105AD000FFF7C0FC52465B46FAF713FD82462E489C
:105AE0008B463A46434605217844FFF7B3FC3A46D5
:105AF0004346FAF706FD02460B46002E504659462D
:105B00000CDAFAF757FC22462B46FAF7FAFC01B0FA
:105B100022462B46BDE8F04FFAF7F0BCFAF74AFCF4
:105B200022462B46FAF7EDFC1C4A7A4402EBC603E8
:105B3000D3E90023FAF7DFFC22462B46FAF7DBFC19
:105B4000174A7A4402EBC603D3E90023FAF7D6FCDE
:105B5000009A002AB8BF81F00041BDE8F88F00002C
:105B6000000010440000F07F182D4454FB21F93F41
:105B7000FB21F9BF0000DC3F0000203E0000F33FA6
:105B80000000F03F0000E63F008003400000F83FC7
:105B90000000F0BF7632000034320000D231000045
:105BA0009A31000070B504460D46E1B20548FFF792
:105BB00062FA00BF40210348FFF790F90028F9D0AE
:105BC000204670BD003801401CB54FF4A060FDF7C1
:105BD00083FAFCF795F9FBF799FCFBF7CDFA022065
:105BE000FBF7E4FB0120FBF7E1FBFBF713FCFBF702
:105BF000F5FBFCF725FCFBF77BF84FF4E130FCF7F5
:105C00002DFB4FF4E130FCF79BFBFCF729F9FCF787
:105C10003DF8FBF70BFBFBF771FBFBF779FF00206F
:105C20001C4908238022CDE900100146FBF70AFE3B
:105C3000FDF708F940F6B830FBF7C6FAFBF70AFDA6
:105C40000020FBF74DFD0120FBF759FDC820FBF7B5
:105C50005EFD0220FBF74CFD4FF400510E48FCF7AF
:105C6000E4FE6420FBF7B0FA4FF400510A48FCF759
:105C7000DAFE6420FBF7A8FA0848012100238022FD
:105C8000CDE9001006A1094801F030FF01F050FAFB
:105C900000BFFEE7B48000080010014000000020B3
:105CA00053746172745F5461736B0000B53A0008FD
:105CB0002DE9F04105460E461C4807681C4800685F
:105CC000001D00F069FE50B91948006890F82C10CA
:105CD0000120884017490968814316480160681C03
:105CE00038B936B112480168091D134800F092FE18
:105CF0001AE07C190E4800684460BC4207D20C4888
:105D00000168091D0D48006800F06AFE0CE00848B3
:105D10000168091D0A48006800F062FE0948006831
:105D2000844201D207480460BDE8F081D000002021
:105D3000BC000020D40000205C060020C40000202D
:105D4000C0000020EC00002010B5044600F06EFEFC
:105D500023480068401C224908602248006840B976
:105D6000204804600846006801280DD100F0E6F9DB
:105D70000AE01D48006838B91A480068C06AE16A3C
:105D8000884201D81748046018480068401C174929
:105D9000086094F82C1001208840154909680843D0
:105DA00013490860E16A01EB8101124A02EB8100AC
:105DB000211D00F02FFE00F07BFE0B48006868B14B
:105DC00008480068C06AE16A884207D24FF08050F4
:105DD00009490860BFF34F8FBFF36F8F10BD0000FC
:105DE000CC000020BC000020D8000020E8000020EB
:105DF000D40000208C03002004ED00E010B500F07A
:105E000015FE10480068D0B90F4800F0D9FD0F48C2
:105E100000F0D6FD0C480E4908600C480D4908609A
:105E200000221021052001F025FB064908600846E4
:105E3000006820B108A10348006800F027FF00F0C7
:105E400037FE10BD000100207006002084060020EF
:105E5000F8000020FC000020546D7251000000008A
:105E600070B523E001F03EFA1348006808B901203C
:105E700000E00020054601F0FBFFBDB900F0D6FDB3
:105E80000D48C068C468201D00F086FD0B480068FE
:105E9000401E0A4908600A480068401E0849086018
:105EA00000F006FE204600F060F800BF04480068DD
:105EB0000028D7D170BD000048060020CC0000208B
:105EC000C800002070B504460D46206C70B1216CEE
:105ED000E0680844E0606168E068884201D32068B7
:105EE000E0602846226CE168FAF78AF970BD2DE976
:105EF000F04104460F4615464FF00008A66B206C93
:105F000040B9206860BB606801F0E8FE8046002070
:105F1000606025E07DB93946226CA068FAF770F917
:105F2000216CA0680844A060D4E90110884217D30E
:105F30002068A06014E03946226CE068FAF760F946
:105F4000216CE068401AE0602168E068884203D272
:105F5000216C6068401AE060022D01D106B1761E06
:105F6000701CA0634046BDE8F08110B50446206B6C
:105F700000F0D4FD204600F0D1FD10BD0146084AD6
:105F8000126812680AB9012200E000220A600A6859
:105F900022B9034A1268D268106800E000207047F6
:105FA000F800002030B54FF4A043174800F0070474
:105FB0002CB1C01D20F00700134C041B1B1B024614
:105FC000124C22600024114D6C60D018083820F06B
:105FD00007000F4C206000240D4D2D686C600C4DA7
:105FE0002D682C601146441A4C60094C24680C60E2
:105FF000084D4C682C60084D4C682C604FF00044F4
:10600000064D2C6030BD0000980600200C010020D9
:10601000140100201C010020180100202001002094
:1060200000BFFFF71DFF064800680128F9D94FF0AF
:10603000805004490860BFF34F8FBFF36F8FF0E7C4
:106040008C03002004ED00E02DE9F04106460D46EA
:1060500017469846069C0DB9246000E02760E66369
:1060600025640121204601F027FB0020A064BDE843
:10607000F08100002DE9FF5F81460F469246DDE981
:106080000E6B109CAAF10100216B01EB800828F037
:10609000070808F0070008B9012000E0002028B92F
:1060A00040F22B321BA121A0FEF7ECFF002507E0F8
:1060B000795D04F134004155785D00B902E06D1C52
:1060C000102DF5D300BF002143200155202E00D311
:1060D0001F26E66266640020A064201D00F07DFC9F
:1060E00004F1180000F079FC2461C6F12000A061E1
:1060F00064620020E06484F8500049464046039AF8
:1061000000F006FC2060BBF1000F01D0CBF800408E
:10611000BDE8FF9F2E2E5C4672656552544F535C5E
:106120007372635C7461736B732E63004572726F7C
:10613000723A25732C25640D0A00000010B5002466
:1061400007E004EB84010F4A02EB810000F038FC09
:10615000641C202CF5D30C4800F032FC0B4800F0F6
:106160002FFC0B4800F02CFC0A4800F029FC0A48E0
:1061700000F026FC04480949086004480849086002
:1061800010BD00008C0300200C060020200600201B
:1061900034060020480600205C060020C0000020D5
:1061A000C400002010B50146164800E000680368EE
:1061B0008B42FBD30246436813448B4204D14368AD
:1061C0004C682344436001460A464B681344046804
:1061D000A34211D10C4C03682468A34208D04B6839
:1061E0000468646823444B6003681B680B6005E027
:1061F000054B1B680B6001E003680B60884200D010
:10620000016010BD0C010020140100202DE9F041B7
:1062100004460D4616461F464FF00008656024618F
:10622000B5420CD8F01BA169884202D34FF0010897
:1062300011E0211D0948006800F0D2FB0BE0BE42CE
:1062400004D2BD4202D34FF0010804E0211D0448EE
:10625000006800F0C5FB4046BDE8F081FC0000206E
:10626000F800002070B5054600F0E0FBA86B08B907
:10627000012400E0002400F01BFC204670BD70B536
:10628000054600F0D3FBA86BE96B884201D10124DD
:1062900000E0002400F00CFC204670BD2DE9F34125
:1062A0000D460098846C00272CB940F6CE121AA136
:1062B0001FA0FEF7E7FEA06BE16B884201D2012030
:1062C00000E0002028B940F6CF1213A118A0FEF775
:1062D000D9FEA06BE16B88421BD294F945602A4637
:1062E00069462046FFF703FE0746701C60B9606AE6
:1062F00008B9012000E0002050B904F1240001F0A9
:106300005BFD28B1012703E0701C40B284F8450012
:1063100000BF3846BDE8FC812E2E5C467265655292
:10632000544F535C7372635C71756575652E6300C1
:106330004572726F723A25732C25640D0A000000B5
:10634000F8B505460F4613480068C068C468201DAC
:1063500000F022FBE069012818D1A06941192B4601
:106360003A462046FFF752FF80B1002003462A46F6
:1063700001460090204601F049FE06462EB94FF432
:10638000027205A10BA0FEF77DFE00BF2046616AE8
:106390008847F8BDF80000202E2E5C4672656552D5
:1063A000544F535C7372635C74696D6572732E63D2
:1063B000000000004572726F723A25732C25640D3F
:1063C0000A000000F0B587B070E0039800280CDAEE
:1063D00004AE2EB940F2E7223AA141A0FEF752FEE8
:1063E000D6E90020B168904700BF039800285DDB24
:1063F000059C606908B9012000E0002010B9201D4B
:1064000000F0CAFA02A800F0C9F8054603980A2865
:106410004AD2DFE800F00905072C2E4506082D2F8B
:1064200000BF00BF00BF00BF0498A26981180346E7
:106430002A462046FFF7EAFEC0B12046616A884737
:10644000E069012812D1002000900498A169421847
:1064500000231946204601F0D9FD07462FB940F226
:10646000213218A11EA0FEF70DFE00BF1DE000BFE7
:106470001BE000BF0498A061A06908B1012000E002
:10648000002028B94FF44E720EA115A0FEF7FAFDB8
:10649000A06941192B462A462046FFF7B7FE04E0C3
:1064A000204600F03BFB00E000BF00BF00231A467F
:1064B00003A90F48006801F019F8002885D107B03A
:1064C000F0BD00002E2E5C4672656552544F535C41
:1064D0007372635C74696D6572732E6300000000F3
:1064E0004572726F723A25732C25640D0A00000004
:1064F00000010020F8B505460C4600F0F3FE6846A2
:1065000000F04CF80646009820BB44B9B54206D8C6
:1065100001F0AEFC31462846FFF712FF1CE03CB10B
:106520000E480068006808B9012000E00020044619
:10653000A91B22460A48006800F0BEFB01F098FC47
:1065400050B94FF0805007490860BFF34F8FBFF339
:106550006F8F01E001F08CFCF8BD0000FC00002012
:106560000001002004ED00E00A490968096809B942
:10657000012100E0002121B14FF0FF31064A1160F6
:1065800006E004490968C968C868034A416811609F
:1065900070470000C0000020EC00002070B50446E9
:1065A00001F0E4FA054607480068854204D200F08D
:1065B0000BF80120206001E0002020600148056008
:1065C000284670BD080100202DE9F8432DE0214840
:1065D0000068C06805681F480068C068C468201D5E
:1065E00000F0DAF92046616A8847E06901281CD189
:1065F000A0694619AE4207D966602461211D15487D
:10660000006800F0EDF910E0002003462A4601463C
:106610000090204601F0FAFC07462FB940F2923272
:106620000DA114A0FEF72EFD00BF0A480068006807
:1066300008B9012000E000200028C8D00548D0F8A3
:10664000008010480068034908600E48C0F80080C8
:10665000BDE8F883F80000202E2E5C467265655276
:10666000544F535C7372635C74696D6572732E630F
:10667000000000004572726F723A25732C25640D7C
:106680000A000000FC0000200B480068401C08B90C
:10669000012000E0002020B9F42208A111A0FEF79B
:1066A000F1FC00BF502080F31188BFF34F8FBFF380
:1066B0006F8F00BF00BFFEE7240100202E2E5C4636
:1066C00072656552544F535C706F72745C525644DD
:1066D000535C41524D5F434D335C706F72742E6357
:1066E000000000004572726F723A25732C25640D0C
:1066F0000A00000008B500BF6846FFF73FFC0446EB
:1067000020460099FFF7F6FEFFF75CFEF4E770B550
:10671000044600F08BF994F945501AE0A06C38B1AA
:1067200000212046FFF7BAFD88B100F01FFC0EE003
:10673000606A08B9012000E0002038B904F12400A3
:1067400001F03AFB18B100F011FC00E003E0681E14
:1067500045B2002DE2DC00BFFF2084F8450000F0C8
:10676000A7F900F063F994F9445010E0206908B9E2
:10677000012000E0002048B904F1100001F01CFBEA
:1067800008B100F0F3FB681E45B200E001E0002D07
:10679000ECDC00BFFF2084F8440000F089F970BDF4
:1067A0002DE9F04104464FF0000800F09BFD3E4803
:1067B000006808B9FFF7F6FB3C4800682040002855
:1067C0005FD1A4B1083404F0070080B104F00700E1
:1067D000C0F10800044404F0070008B9012000E0FB
:1067E000002020B9BF2232A13AA0FEF74BFC002CBA
:1067F00047D03C480068844243D83B4E3046056849
:1068000001E02E462D686868A04202D22868002860
:10681000F7D125480068854233D0306800F1080878
:10682000286830606868001B102813D92F1907F0FA
:10683000070008B9012000E0002020B9EC221CA1CB
:1068400024A0FEF71FFC6868001B78606C60384667
:10685000FFF7A8FC234968680968081A21490860FD
:106860000846006821490968884203D21D4800682B
:106870001E4908600D49686809680843686000207F
:10688000286001F0F5FA08F0070008B9012000E0DF
:10689000002028B94FF4967205A10EA0FEF7F2FB76
:1068A0004046BDE8F08100001401002020010020D6
:1068B0002E2E5C4672656552544F535C706F727435
:1068C0005C4D656D4D616E675C686561705F342E0F
:1068D000630000004572726F723A25732C25640DB7
:1068E0000A000000180100200C0100201C010020FB
:1068F0000648006830B10549096801F14800896C13
:10690000491C01600148006870470000BC0000207D
:10691000001F4FF080730360001F21F0010303602C
:10692000001F034B036014380260203870470000DA
:106930008966000810B5164B21F00042012486B08C
:106940009A4203DC0022134600941CE0114B9A4249
:1069500008D140B94FF00100FEF732FFFEF711FFFA
:1069600006B010BD03DBFEF709FF06B010BD02AA9A
:10697000FEF7ACFB00F00100A4EB40000DF1080CA9
:1069800000909CE80F00FEF7BBFD06B010BD0000B4
:10699000FB21E93F0000F07F01460A69D1E901309F
:1069A0009860D1E9010358605068884201D1886835
:1069B0005060002008611068401E10601068704729
:1069C00000F1080141604FF0FF31816000F10801E2
:1069D000C1600161002101607047002101617047C1
:1069E00010B502460B685C1C0CB9106907E002F197
:1069F000080000E04068446824689C42FAD9446872
:106A00004C604C68A160886041600A611468641C35
:106A1000146010BD42684A6093688B609368596047
:106A20009160086103685B1C0360704710B500BF8C
:106A3000502080F31188BFF34F8FBFF36F8F00BFDB
:106A40000B480068401C0A49086008460068012895
:106A50000DD108480068C0B208B9012000E000204C
:106A600028B94FF4BD7204A10DA0FEF70BFB10BDB9
:106A70002401002004ED00E02E2E5C467265655274
:106A8000544F535C706F72745C525644535C415265
:106A90004D5F434D335C706F72742E6300000000D5
:106AA0004572726F723A25732C25640D0A0000003E
:106AB00010B50B48006828B940F2811209A113A053
:106AC000FEF7E0FA06480068401E054908600846DF
:106AD000006820B9002080F3118800BF00BF10BDFE
:106AE000240100202E2E5C4672656552544F535C83
:106AF000706F72745C525644535C41524D5F434D0B
:106B0000335C706F72742E63000000004572726F08
:106B1000723A25732C25640D0A00000070B50646F4
:106B20003546002E35D0083D2C461A496068096864
:106B3000084008B1012000E0002028B94FF4A072FD
:106B400015A11EA0FEF79EFA206808B9012000E0FA
:106B5000002028B940F241120FA118A0FEF792FAC6
:106B60000C4960680968084098B1206888B90949EB
:106B7000606809688843606000F0B4FB134960688E
:106B800009680844114908602046FFF70BFB01F033
:106B90006FF970BD200100202E2E5C467265655293
:106BA000544F535C706F72745C4D656D4D616E67D0
:106BB0005C686561705F342E630000004572726F1F
:106BC000723A25732C25640D0A000000180100207C
:106BD000064800684FF47A71B0FBF1F0401E4FF0A8
:106BE000E021486107200861704700001C00002078
:106BF00070B5F9F7EFFA0546102D11D305F1E02035
:106C000090F8F04310480078844201DB012000E056
:106C1000002028B94FF42A720CA116A0FEF732FA10
:106C20001848006800F4E06017490968884201D8F4
:106C3000012000E0002028B94FF42E7203A10DA01E
:106C4000FEF720FA70BD0000280100202E2E5C46C1
:106C500072656552544F535C706F72745C52564447
:106C6000535C41524D5F434D335C706F72742E63C1
:106C7000000000004572726F723A25732C25640D76
:106C80000A0000000CED00E02C010020024600206C
:106C90000BE0084B53F8303033B9064B43F8301053
:106CA00003EBC0035A6002E0401C0828F1D300BF88
:106CB000704700004C0300202DE9F04105460E46C8
:106CC00017462C46FFF7B2FE94F94400401C10B959
:106CD000002084F8440094F94500401C10B90020BD
:106CE00084F84500FFF7E4FEA06B28B93A46314628
:106CF00004F1240000F06CF92046FFF708FDBDE820
:106D0000F081000070B504460025ACB10F48006862
:106D100008B9012000E0002028B940F2CF420CA1C0
:106D200011A0FEF7AFF900F0DDFA00212046FEF7D2
:106D3000BFFF01F09DF805463DB94FF080500E4968
:106D40000860BFF34F8FBFF36F8F70BDF40000205A
:106D50002E2E5C4672656552544F535C7372635CB1
:106D60007461736B732E63004572726F723A257390
:106D70002C25640D0A00000004ED00E02DE9F04729
:106D800004460F464FF000092CB940F2794226A183
:106D90002BA0FEF777F90FB1012000E0002028B901
:106DA00040F27A4220A126A0FEF76CF9284800683C
:106DB00008B9012000E0002028B940F27B421AA166
:106DC0001FA0FEF75FF900F08DFA224806682068E0
:106DD000C5192068B04207D92068A8420BD9B5422E
:106DE00009D94FF0010906E02068A84201D8B54250
:106DF00001D94FF001092560B9F1000F03D0A81B9C
:106E00000021FEF755FF01F033F88046B8F1000F7E
:106E100007D14FF0805010490860BFF34F8FBFF388
:106E20006F8FBDE8F08700002E2E5C4672656552BC
:106E3000544F535C7372635C7461736B732E6300A5
:106E40004572726F723A25732C25640D0A0000009A
:106E5000F4000020D000002004ED00E070B50546ED
:106E6000FFF7E4FD15B92D48006800E02846044608
:106E7000201DFFF791FD78B9E06A00EB80002849FA
:106E800051F8200040B994F82C1001208840254981
:106E90000968814323480160A06A18B104F1180011
:106EA000FFF77AFD20480068401C1F4908601B4816
:106EB0000068844209D1211D1C48FFF7ABFD1C4826
:106EC0000068401C1A49086009E01A480068401E22
:106ED000184908602046FFF748F8FFF745FBFFF721
:106EE000E7FD15480068C0B10C480068844214D121
:106EF0001248006808B9012000E0002028B940F2DB
:106F000065420FA114A0FEF7BDF84FF0805016495E
:106F10000860BFF34F8FBFF36F8F70BDBC000020C0
:106F20008C030020D4000020E80000204806002048
:106F3000C8000020CC000020D8000020F400002071
:106F40002E2E5C4672656552544F535C7372635CBF
:106F50007461736B732E63004572726F723A25739E
:106F60002C25640D0A00000004ED00E00120014919
:106F700008607047E000002070B504460D462CB94B
:106F800040F6063207A10DA0FEF77CF80F48016815
:106F900018312046FFF724FD01212846FEF788FE20
:106FA00070BD00002E2E5C4672656552544F535CD6
:106FB0007372635C7461736B732E63004572726FDE
:106FC000723A25732C25640D0A000000BC000020D5
:106FD00070B505460E4614462DB940F6313209A16A
:106FE0000EA0FEF74FF81148016818312846FFF748
:106FF00011FD0CB14FF0FF3621463046FEF758FE2A
:1070000070BD00002E2E5C4672656552544F535C75
:107010007372635C7461736B732E63004572726F7D
:10702000723A25732C25640D0A000000BC00002074
:1070300070B505462C46002D4BD02649E06A0968FC
:10704000C96A884245D2A06900F0004028B92148A9
:107050000068C06AC0F12000A061E16A01EB810113
:107060001D4A02EB81016069884201D1012000E0E4
:10707000002050B3201DFFF78FFC78B9E06A00EBC9
:107080008000154951F8200040B994F82C100120D7
:107090008840124909688143104801600D48006822
:1070A000C06AE06294F82C10012088400B490968FE
:1070B00008430A490860E16A01EB8101064A02EBD4
:1070C0008100211DFFF7A6FC03E002480068C06AAA
:1070D000E06270BDBC0000208C030020D4000020C2
:1070E00010B504462CB940F6C13205A10AA0FDF73F
:1070F000C9FF0D48006820600C480068606010BD42
:107100002E2E5C4672656552544F535C7372635CFD
:107110007461736B732E63004572726F723A2573DC
:107120002C25640D0A000000E4000020D00000209F
:107130001CB51A4800210B468022CDE9001018A189
:10714000194800F0D3FC0446012C02D100F022FFC4
:107150000446012C15D100BF502080F31188BFF3E5
:107160004F8FBFF36F8F00BF4FF0FF300F490860A4
:1071700001200F49086000200E49086000F010F956
:107180000BE0601C08B1012000E0002028B940F2AB
:10719000847209A10EA0FDF775FF1CBDF000002050
:1071A00049444C450000000021600008EC0000202C
:1071B000D8000020D00000202E2E5C46726565525B
:1071C000544F535C7372635C7461736B732E630012
:1071D0004572726F723A25732C25640D0A00000007
:1071E00070B50546FFF722FC15B92C48006800E091
:1071F00028460446201DFFF7CFFB78B9E06A00EB74
:107200008000274951F8200040B994F82C10012043
:10721000884024490968814322480160A06A18B166
:1072200004F11800FFF7B8FB211D1F48FFF7F2FB20
:10723000FFF73EFC1D48006828B1FFF7F7FBFFF79A
:1072400093F9FFF735FC15480068844224D11748AC
:107250000068A8B11648006808B9012000E00020C5
:1072600028B940F2576213A118A0FDF70BFF4FF0A9
:1072700080501A490860BFF34F8FBFF36F8F0BE048
:107280000948006816490968884203D1002003496B
:10729000086001E000F02EF870BD0000BC00002086
:1072A0008C030020D40000205C060020D8000020C1
:1072B000F40000202E2E5C4672656552544F535CDC
:1072C0007372635C7461736B732E63004572726FCB
:1072D000723A25732C25640D0A00000004ED00E0CD
:1072E000CC00002002480068401C0149086070473B
:1072F000F400002010B51B48006818B101201A499D
:1073000008602DE000201849086018480068B0FAAD
:1073100080F0C0F11F0404EB8400154951F82000EF
:1073200008B1012000E0002028B940F6F62211A1A2
:1073300016A0FDF7A7FE04EB84010D4A02EB8100C5
:1073400041684968416000F1080142688A4202D1FF
:107350004168496841604168C968104A116000BFCE
:1073600010BD0000F4000020E0000020D400002048
:107370008C0300202E2E5C4672656552544F535C80
:107380007372635C7461736B732E63004572726F0A
:10739000723A25732C25640D0A000000BC00002001
:1073A0001CB52248014609780191FF21024611705F
:1073B0000146097800919DF8001001F050011C4A27
:1073C000117007211B4A116009E01A490968491E1A
:1073D000184A11609DF800104906090E00919DF8A9
:1073E000001001F080018029EFD0124909680902DC
:1073F000104A11601146098801F4E06111600B4ADE
:10740000019911700C48006840F470000A49086046
:107410000846006840F070400860FFF7D9FB002084
:1074200006490860F8F7A0FE00201CBD00E400E05B
:10743000280100202C01002020ED00E02401002084
:1074400010B500BF502080F31188BFF34F8FBFF3FA
:107450006F8F00BF00F090FB18B14FF080500449CF
:10746000086000BF002080F3118800BF10BD00003D
:1074700004ED00E02DE9F84305460E4690460DB1B7
:10748000012000E0002028B94FF4C4720DA113A020
:10749000FDF7F8FD0EB9002701E005FB06F707F13F
:1074A0004C00FFF77DF9044644B104F14C09434612
:1074B0004A46314628460094FEF7C6FD2046BDE800
:1074C000F88300002E2E5C4672656552544F535C63
:1074D0007372635C71756575652E63004572726FBA
:1074E000723A25732C25640D0A0000002DE9FF4730
:1074F00082B005460E461F464FF0000A2C462CB9B6
:1075000040F2DC4261A167A0FDF7BCFD0EB9206C22
:1075100008B9012000E0002028B940F2DD425BA15B
:1075200060A0FDF7AFFD00F011FB08B9049808B9A1
:10753000012000E0002028B94FF49C6253A159A01B
:10754000FDF7A0FD00BFFFF771FAD4F83890B9F14C
:10755000000F3DD0D4F80C8031462046FEF7B2FC37
:10756000DFB9A9F10100A063206810B9FFF7C0F9E5
:107570006060206908B9012000E0002010BB04F120
:10758000100000F019FCE8B14FF080504949086044
:10759000BFF34F8FBFF36F8F14E0C4F80C80606AA5
:1075A00008B9012000E0002060B904F1240000F0D7
:1075B00003FC38B14FF080503E490860BFF34F8F55
:1075C000BFF36F8FFFF774FA012006B0BDE8F087B4
:1075D000049818B9FFF76CFA0020F6E7BAF1000F2B
:1075E00004D16846FFF77CFD4FF0010AFFF760FA0F
:1075F000FFF778FEFFF71AFA94F94400401C10B91F
:10760000002084F8440094F94500401C10B9002083
:1076100084F84500FFF74CFA04A9684600F014FA14
:1076200040BB2046FEF71EFEF0B1206830B9FFF7E0
:10763000FDF96068FFF7FCFCFFF73AFA04F124005B
:107640000499FFF799FC2046FFF761F800F010FC61
:1076500000287FF478AF4FF0805016490860BFF3E0
:107660004F8FBFF36F8F6EE72046FFF750F800F0A3
:10767000FFFB68E72046FFF74AF800F0F9FB2046D9
:10768000FEF7F0FD0028EED000209EE72E2E5C468F
:1076900072656552544F535C7372635C71756575A6
:1076A000652E63004572726F723A25732C25640D46
:1076B0000A00000004ED00E070B505460E462C46B9
:1076C0002CB940F21B121EA123A0FDF7DBFCFFF733
:1076D000ADF9D4E90F12206801FB020060600020C0
:1076E000A0632068A060E06B401E226C216800FB54
:1076F0000210E060FF2084F8440084F845009EB941
:10770000206908B9012000E00020A8B904F11000A8
:1077100000F052FB80B14FF0805013490860BFF376
:107720004F8FBFF36F8F07E004F11000FFF748F9A8
:1077300004F12400FFF744F9FFF7BAF9012070BD06
:107740002E2E5C4672656552544F535C7372635CB7
:1077500071756575652E63004572726F723A257397
:107760002C25640D0A00000004ED00E02DE9FF4324
:1077700083B0064688461D464FF0000934462CB9B2
:1077800040F2D92260A166A0FDF77CFCB8F1000FA1
:1077900001D1206C08B9012000E0002028B940F296
:1077A000DA2259A15EA0FDF76DFC022D02D1E06B3B
:1077B000012801D1012000E0002028B940F2DB229D
:1077C00051A157A0FDF75EFC00F0C0F908B905987B
:1077D00008B9012000E0002028B940F2DE224AA1C9
:1077E0004FA0FDF74FFC00BFFFF720F9A06BE16B46
:1077F000884201D3022D38D12A4641462046FEF761
:1078000076FB0746A06C68B129462046FEF746FD88
:1078100028B34FF0805046490860BFF34F8FBFF345
:107820006F8F1CE0606A08B9012000E0002068B991
:1078300004F1240000F0C0FA88B14FF080503C49B8
:107840000860BFF34F8FBFF36F8F08E03FB14FF079
:10785000805037490860BFF34F8FBFF36F8FFFF73A
:1078600027F9012007B0BDE8F083059818B9FFF7A4
:107870001FF90020F6E7B9F1000F04D101A8FFF7C6
:107880002FFC4FF00109FFF713F9FFF72BFDFFF76E
:10789000CDF894F94400401C10B9002084F844004D
:1078A00094F94500401C10B9002084F84500FFF70A
:1078B000FFF805A901A800F0C7F8F0B92046FEF7C7
:1078C000DEFCA0B104F110000599FFF755FB20463E
:1078D000FEF71DFF00F0CCFA002885D14FF0805054
:1078E00013490860BFF34F8FBFF36F8F7CE72046CB
:1078F000FEF70DFF00F0BCFA76E72046FEF707FF23
:1079000000F0B6FA0020ADE72E2E5C467265655297
:10791000544F535C7372635C71756575652E6300BB
:107920004572726F723A25732C25640D0A000000AF
:1079300004ED00E02DE9F05F80468A4615461E46BC
:1079400044462CB940F29F3235A13BA0FDF79AFB8B
:10795000BAF1000F01D1206C08B9012000E000202D
:1079600028B94FF468722EA133A0FDF78BFB022ECD
:1079700002D1E06B012801D1012000E0002028B9EC
:1079800040F2A13226A12CA0FDF77CFBFFF730F9D5
:1079900000BF5021EFF3118081F31188BFF34F8FA7
:1079A000BFF36F8F00BF0746A06BE16B884201D326
:1079B000022E2BD194F945B0324651462046FEF7AF
:1079C00096FA0BF10100C8B9A06C40B131462046CF
:1079D000FEF764FCB8B1B5B10120286013E0606A1D
:1079E00008B9012000E0002068B904F1240000F08B
:1079F000E3F940B13DB10120286004E00BF1010042
:107A000040B284F845004FF0010901E04FF0000951
:107A100000BF87F3118800BF4846BDE8F09F000013
:107A20002E2E5C4672656552544F535C7372635CD4
:107A300071756575652E63004572726F723A2573B4
:107A40002C25640D0A0000002DE9F04104460D4686
:107A50002CB940F6CB3219A11EA0FDF713FB2DB9AE
:107A600040F6CC3215A11BA0FDF70CFBFEF7DEFFA4
:107A70001C4807682868401C08B9002619E01A4904
:107A800020680968884204D06068B84201D801269D
:107A90000FE06068381A2968884209D2286861684E
:107AA000791A401A28602046FFF71AFB002600E0EA
:107AB0000126FEF7FDFF3046BDE8F0812E2E5C4624
:107AC00072656552544F535C7372635C7461736B7F
:107AD000732E63004572726F723A25732C25640D04
:107AE0000A000000D0000020E40000202DE9FF4F34
:107AF00085B0804689461746DDE912ABB800FEF72F
:107B00004FFE064656B15420FEF74AFE04460CB11D
:107B1000266304E03046FFF701F800E000247CB162
:107B20000020CDE900ABCDE902403A464946404647
:107B3000089BFEF79FFA2046FEF706F9012501E0B3
:107B40004FF0FF35284609B0BDE8F08F05490968B8
:107B500009B9012005E00449096809B9022000E0DB
:107B600000207047D8000020F40000200149086878
:107B700070470000D00000202DE9F0414FF00008D0
:107B800041480068002872D140480068451C3F48C1
:107B90000560EDB93E480068006808B9012000E0C2
:107BA000002028B940F6D9123AA140A0FDF76AFAA0
:107BB0003748076841480068354908603F48076012
:107BC0003F480068401C3E490860FEF7CDFC00BFFE
:107BD0003C48006885423CD300BF2D4800680068DF
:107BE00008B9012000E0002020B14FF0FF303549F6
:107BF00008602DE026480068C068C4686668B54221
:107C000002D23048066023E0201DFEF7C5FEA06AC0
:107C100018B104F11800FEF7BFFE94F82C100120F3
:107C2000884029490968084327490860E16A01EB4F
:107C30008101264A02EB8100211DFEF7EBFE24495B
:107C4000E06A0968C96A8842C7D34FF00108C4E7EF
:107C500000BF1F480068C06A00EB80001B4951F854
:107C60002000012801D94FF0010805E0FFE719487D
:107C70000068401C174908601748006808B14FF0B9
:107C800001084046BDE8F081F4000020D00000204B
:107C9000C00000202E2E5C4672656552544F535C26
:107CA0007372635C7461736B732E63004572726FE1
:107CB000723A25732C25640D0A000000C4000020D0
:107CC000E4000020EC000020D40000208C03002001
:107CD000BC000020DC000020E000002070B505465C
:107CE0002C460026002D4BD026480068844201D146
:107CF000012000E0002028B940F6C76222A128A098
:107D0000FDF7C0F9A06C28B940F6C9621EA124A0F5
:107D1000FDF7B8F9A06C401EA064616CE06A88426F
:107D20002ED0A06C60BB201DFEF736FE78B9E06A4D
:107D300000EB80001E4951F8200040B994F82C1047
:107D4000012088401B49096881431A480160606C22
:107D5000E062E06AC0F12000A06194F82C100120DC
:107D6000884014490968084312490860E16A01EB38
:107D700081010F4A02EB8100211DFEF74BFE012617
:107D8000304670BDBC0000202E2E5C4672656552E8
:107D9000544F535C7372635C7461736B732E630036
:107DA0004572726F723A25732C25640D0A0000002B
:107DB0008C030020D400002070B50646F068C4682B
:107DC0002CB940F661321AA11FA0FDF75BF904F14E
:107DD0001800FEF7E1FD20480068A8B9201DFEF755
:107DE000DBFD94F82C10012088401C4909680843E9
:107DF0001A490860E16A01EB8101194A02EB81002E
:107E0000211DFEF707FE04E004F118011548FEF7F6
:107E100001FE1549E06A0968C96A884204D901254A
:107E200001201249086000E00025284670BD0000CE
:107E30002E2E5C4672656552544F535C7372635CC0
:107E40007461736B732E63004572726F723A25739F
:107E50002C25640D0A000000F4000020D40000204E
:107E60008C03002034060020BC000020E00000202D
:107E700070B5002400263448006828B94FF4FD622C
:107E800032A138A0FDF7FEF8FEF7D0FD2E480068BD
:107E9000401E2D4908600846006800284FD135482B
:107EA000006800284BD024E03348C068C46804F15F
:107EB0001800FEF771FD201DFEF76EFD94F82C10E2
:107EC000012088402D49096808432C490860E16A6F
:107ED00001EB81012A4A02EB8100211DFEF79AFD88
:107EE0002849E06A0968C96A884202D30120264904
:107EF00008602148006808B9012000E0002000283F
:107F0000D2D00CB1FEF730FB2048056865B100BF48
:107F1000FFF732FE10B101201B4908606D1E002DD5
:107F2000F6D10020194908601748006838B10126C9
:107F3000300717490860BFF34F8FBFF36F8FFEF70D
:107F4000B7FD304670BD0000F40000202E2E5C46C8
:107F500072656552544F535C7372635C7461736BEA
:107F6000732E63004572726F723A25732C25640D6F
:107F70000A000000CC00002034060020D4000020BD
:107F80008C030020BC000020E0000020DC0000206A
:107F900004ED00E01CB50024FDF730FF0B4800683D
:107FA00058B10B481F2100234FF48072CDE9001017
:107FB00008A10A48FFF79AFD04462CB940F2331293
:107FC00007A10EA0FDF75EF820461CBD00010020B1
:107FD00004010020546D722053766300F56600089A
:107FE0002E2E5C4672656552544F535C7372635C0F
:107FF00074696D6572732E63000000004572726FC4
:10800000723A25732C25640D0A0000002DE9FF4704
:1080100004460D4616461F46DDF830804FF0000935
:108020002CB94FF4D37217A11DA0FDF72BF82048EF
:10803000006810B3009501960294062D15DAFFF73B
:1080400085FD022808D10023424669461848006889
:10805000FFF78CFB814610E000231A46694614485E
:108060000068FFF783FB814607E000233A46694634
:108070000F480068FFF75EFC8146484604B0BDE843
:10808000F08700002E2E5C4672656552544F535C9B
:108090007372635C74696D6572732E630000000017
:1080A0004572726F723A25732C25640D0A00000028
:1080B000000100200000000000000000000000009F
:1080C00000000000000000000000000000000000B0
:1080D00000000000000000000000000000000000A0
:1080E0000000000000000000000000000000000090
:1080F0000000000000000000000000000000000080
:10810000000000000000000000000000000000006F
:10811000000000000000000000000000000000005F
:10812000000000000000000000000000000000004F
:10813000000000000000000000000000000000003F
:10814000000000000000000000000000000000002F
:10815000000000000000000000000000000000001F
:10816000000000000000000000000000000000000F
:1081700000000000000000000000000000000000FF
:1081800000000000000000000000000000000000EF
:1081900000000000000000000000000000000000DF
:1081A00000000000000000000000000000000000CF
:1081B00000000000000000000000020E1E7EFEFE17
:1081C000FEF8E000000080E0F8FCFEFE7E1E0602E5
:1081D000001E1E1E1E1E1E1EFEFEFEFEFE1E1E1E7D
:1081E0001E1E1E1E0000000000000000E0FCFEFE3F
:1081F0007EFEFEFEFCE0000000000000000000002B
:1082000000FEFEFEFEFE1E1E1E1E1E1E3EFEFCFC90
:10821000FCF8E00000000000FEFEFEFEFE00000094
:108220000080E0F0F8FEFE7E1E0E06020000000058
:108230000000000000000000000000000000010736
:10824000CFFFFFFFFCFEFFFFDF0703000000000081
:108250000000000000000000FFFFFFFFFF00000023
:10826000000000000000000000E0F8FFFFFF1F0317
:108270000000073FFFFFFFF8E000000000000000E3
:1082800000FFFFFFFFFFF0F0F0F0F0F8FCBFBF3F92
:108290001F0F030000000000FFFFFFFFFF70F8FE4C
:1082A000FFFFFFCF8701000000000000000000007A
:1082B0000000000000000000000000C0E0F8FCFF2B
:1082C000FF3F0F0700030F3FFFFFFEF8F0C0000065
:1082D0000000000000000000FFFFFFFFFF000000A3
:1082E000000000000000C0F8FFFFFF7F0F0F0F0F1E
:1082F0000F0F0F0F0F0F7FFFFFFFF8C000000000F0
:1083000000FFFFFFFFFF0000000101071F3FFFFF0D
:10831000FEF8F0C000000000FFFFFFFFFF000001BB
:10832000070F1F3FFFFEFCF8F0C0800000000000B8
:108330000000000000000000000203030303030329
:108340000000000000000000000303030303030219
:10835000000000000000000003030303030000000E
:1083600000000000000203030303030000000000FC
:1083700000000000000000030303030302000000EC
:1083800000030303030300000000000000000003DB
:1083900003030303030200000303030303000000BD
:1083A00000000000000103030303030302000000B8
:1083B00000000000000000000000000000000000BD
:1083C00000000000000000000000000000000000AD
:1083D000000000000000000000000000000000009D
:1083E000000000000000000000000000000000008D
:1083F000000000000000000000000000000000007D
:10840000000000000000000000000000000000006C
:10841000000000000000000000000000000000005C
:10842000000000000000000000000000000000004C
:10843000000000000000000000000000000000003C
:10844000000000000000000000000000000000002C
:10845000000000000000000000000000000000001C
:10846000000000000000000000000000000000000C
:1084700000000000000000000000000000000000FC
:1084800000000000000000000000000000000000EC
:1084900000000000000000000000000000000000DC
:1084A00000000000000000000000000000000000CC
:1084B00000000000000000000000000000000000BC
:1084C00000000000000000F8000000000000003381
:1084D0003000000000100C06100C06000000000028
:1084E0000000000040C07840C0784000043F040411
:1084F0003F040400007088FC08300000001820FFD2
:10850000211E0000F008F000E018000000211C030C
:108510001E211E0000F00888700000001E21232488
:108520001927211010160E000000000000000000A6
:1085300000000000000000E0180402000000000736
:108540001820400000020418E0000000004020183D
:1085500007000000404080F0804040000202010F10
:1085600001020200000000F0000000000101011FF4
:1085700001010100000000000000000080B0700058
:1085800000000000000000000000000000010101E8
:108590000101010100000000000000000030300077
:1085A0000000000000000000806018040060180651
:1085B0000100000000E010080810E000000F10208B
:1085C00020100F00001010F8000000000020203FD5
:1085D000202000000070080808887000003028245F
:1085E0002221300000300888884830000018202000
:1085F00020110E000000C02010F800000007042425
:10860000243F240000F80888880808000019212069
:1086100020110E0000E0108888180000000F1120C3
:1086200020110E0000380808C83808000000003F7C
:10863000000000000070880808887000001C2221DB
:1086400021221C0000E010080810E0000000312288
:1086500022110F00000000C0C00000000000003028
:10866000300000000000008000000000000080607A
:1086700000000000000080402010080000010204FB
:1086800008102000404040404040400004040404E2
:10869000040404000008102040800000002010089E
:1086A00004020100007048080808F00000000030D3
:1086B00036010000C030C828E810E0000718272461
:1086C00023140B000000C038E0000000203C23020F
:1086D0000227382008F8888888700000203F202072
:1086E00020110E00C03008080808380007182020A4
:1086F0002010080008F808080810E000203F20209B
:1087000020100F0008F88888E8081000203F20207B
:108710002320180008F88888E8081000203F20006F
:1087200003000000C03008080838000007182020A7
:10873000221E020008F808000008F808203F210166
:1087400001213F20000808F8080800000020203F11
:108750002020000000000808F8080800C080808081
:108760007F00000008F888C028180800203F20017A
:108770002638200008F8080000000000203F2020D4
:108780002020300008F8F800F8F80800203F003FEB
:10879000003F200008F830C00008F808203F200003
:1087A00007183F00E01008080810E0000F10202014
:1087B00020100F0008F808080808F000203F2101E9
:1087C00001010000E01008080810E0000F18242440
:1087D00038504F0008F8888888887000203F2000B3
:1087E000030C302000708808080838000038202169
:1087F00021221C00180808F8080818000000203F73
:108800002000000008F808000008F808001F2020D9
:1088100020201F000878880000C8380800000738AA
:108820000E010000F80800F80008F800033C0700FB
:10883000073C0300081868808068180820302C0363
:10884000032C30200838C800C83808000000203F3A
:108850002000000010080808C83808002038262129
:1088600020201800000000FE020202000000007F2D
:1088700040404000000C30C000000000000000013B
:108880000638C00000020202FE0000000040404026
:108890007F0000000000040202020400000000004B
:1088A00000000000000000000000000080808080C8
:1088B00080808080000202040000000000000000B0
:1088C0000000000000008080808000000019242249
:1088D00022223F2008F8008080000000003F112085
:1088E00020110E000000008080800000000E11208A
:1088F00020201100000000808088F800000E112068
:1089000020103F200000808080800000001F222275
:1089100022221300008080F0888888180020203FE1
:10892000202000000000808080808000006B9494F4
:108930009493600008F8008080800000203F2100B0
:1089400000203F2000809898000000000020203F79
:1089500020200000000000809898000000C0808067
:10896000807F000008F8000080808000203F240203
:108970002D302000000808F8000000000020203FF3
:10898000202000008080808080808000203F2000A8
:108990003F20003F8080008080800000203F210039
:1089A00000203F200000808080800000001F2020E9
:1089B00020201F00808000808000000080FFA12018
:1089C00020110E000000008080808000000E112029
:1089D00020A0FF80808080008080800020203F21B8
:1089E000200001000000808080808000003324246B
:1089F00024241900008080E0808000000000001F17
:108A0000202000008080000000808000001F2020C7
:108A100020103F20808080000080808000010E3088
:108A20000806010080800080008080800F300C03E9
:108A30000C300F0000808000808080000020312EEC
:108A40000E312000808080000080808080818E70C8
:108A50001806010000808080808080000021302C7A
:108A60002221300000000000807C02020000000093
:108A7000003F404000000000FF0000000000000038
:108A8000FF0000000002027C800000000040403F28
:108A900000000000000601010202040400000000C2
:108AA000000000000000000000000000002F000097
:108AB00000000700070000147F147F1400242A7FA1
:108AC0002A12006264081323003649552250000020
:108AD0000503000000001C224100000041221C0090
:108AE0000014083E08140008083E0808000000A012
:108AF000600000080808080800006060000000200E
:108B000010080402003E5149453E0000427F4000EB
:108B1000004261514946002141454B310018141271
:108B20007F10002745454539003C4A49493000013E
:108B30007109050300364949493600064949291E8D
:108B400000003636000000005636000000081422EF
:108B500041000014141414140000412214080002EF
:108B60000151090600324959513E007C1211127C14
:108B7000007F49494936003E41414122007F414141
:108B8000221C007F49494941007F09090901003E33
:108B90004149497A007F0808087F0000417F410071
:108BA000002040413F01007F08142241007F4040E7
:108BB0004040007F020C027F007F0408107F003ECF
:108BC0004141413E007F09090906003E4151215EB5
:108BD000007F091929460046494949310001017FB2
:108BE0000101003F4040403F001F2040201F003F48
:108BF0004038403F006314081463000708700807FA
:108C000000615149454300007F41410000552A550C
:108C10002A55000041417F00000402010204004087
:108C200040404040000001020400002054545478A9
:108C3000007F4844443800384444442000384444C9
:108C4000487F00385454541800087E090102001867
:108C5000A4A4A47C007F080404780000447D4000A4
:108C6000004080847D00007F102844000000417F88
:108C70004000007C04180478007C08040478003864
:108C80004444443800FC242424180018242418FCEC
:108C9000007C0804040800485454542000043F4455
:108CA0004020003C4040207C001C2040201C003C18
:108CB0004030403C004428102844001CA0A0A07C68
:108CC000004464544C44141414141414014200005D
:108CD0000000000000FFFFFFFFFFFFFFFFFFFF009E
:108CE0004FBB610567ACDD3F182D4454FB21E93FC4
:108CF0009BF681D20B73EF3F182D4454FB21F93FB3
:108D0000E2652F227F2B7A3C075C143326A6813C38
:108D1000BDCBF07A8807703C075C143326A6913CE3
:108D2000C4EB98999999C9BF711623FEC671BCBF4F
:108D30006D9A74AFF2B0B3BF9AFDDE522DDEADBFB7
:108D40002F6C6A2C44B4A2BF0D5555555555D53FCF
:108D5000FF8300922449C23F6E204CC5CD45B73FEA
:108D6000513DD0A0660DB13FEB0D76244B7BA93F62
:108D700011DA22E33AAD903F00004054FB21F93F65
:108D80003163621A61B4D03D0000601A61B4D03D15
:108D90007370032E8A19A33B0000002E8A19A33B8F
:108DA000C14920259A837B390000000000000000A3
:108DB0006E83F9A22915444ED15727FCC0DD34F546
:108DC000999562DB4190433CAB6351FE61C5BBDECC
:108DD0003A6E24B7E0D24D42EA2E49061C92D109E0
:108DE0001CEB1DFE3EA729B1F53582E88444BB2E5D
:108DF00026709CE9417E5FB439D69139F4395383AA
:108E00008B5F849C3B28F9BDFF97F81F0F9805DE08
:108E10008B112FEF1F6D0A5ACF7E366DB709CB2706
:108E2000663F464F2DEA5F9EC7BA27757BF1E5EB9B
:108E3000F739073DEA92528AB15FFB6B085D8D1FDF
:108E40007AFE10111111C13F37D60684F464963FA3
:108E5000280356C9226D6D3F0165F2F2D844433FA5
:108E6000A69237A0887E143F735360DBCB75F3BEA8
:108E7000FE41B31BBAA1AB3F93846EE9E326823F68
:108E80001583E0FEC8DB573F68108D1AF726303F88
:108E9000E9A7F0320FB8123FD47ABF74702AFB3EB4
:108EA000C08E0008000000204C0100006C0A000881
:108EB000F48E00084C0100204C590000B057000807
:108EC000011D84A24A0400091A01020304060708CE
:108ED000090741BC02840301018B040F0B028605C4
:108EE0001AAA01C12D01020304048009060708091A
:048EF000020406086A
:0400000508000131BD
:00000001FF
