Timestamp,d_laser_x,d_laser_z,laser_x,laser_z,X,Y,Z,Yaw,Roll,Pitch
1741951127.334,4.076,2.115,6.783,2.975,1.4472,-2.0845,5.9624,-155.2279,179.3455,-0.8989
1741951127.413,4.076,2.115,6.784,2.975,1.4472,-2.0845,5.9624,-155.2331,179.3316,-0.9049
1741951127.493,4.076,2.113,6.784,2.974,1.4472,-2.0845,5.9624,-155.2422,179.3074,-0.9061
1741951127.573,4.078,2.113,6.785,2.973,1.4472,-2.0845,5.9624,-155.2317,179.3233,-0.9244
1741951127.652,4.077,2.114,6.783,2.974,1.4472,-2.0845,5.9624,-155.2185,179.3168,-0.9196
1741951127.732,4.077,2.114,6.784,2.974,1.4472,-2.0845,5.9624,-155.2251,179.3386,-0.9009
1741951127.812,4.074,2.114,6.782,2.974,1.4472,-2.0845,5.9624,-155.2298,179.3583,-0.8982
1741951127.891,4.075,2.114,6.783,2.974,1.4472,-2.0845,5.9624,-155.23,179.3516,-0.8955
1741951127.971,4.076,2.114,6.784,2.974,1.4472,-2.0845,5.9624,-155.2321,179.3527,-0.9072
1741951128.051,4.075,2.114,6.784,2.974,1.4472,-2.0845,5.9624,-155.2432,179.3676,-0.9131
1741951128.13,4.075,2.114,6.783,2.974,1.4472,-2.0845,5.9624,-155.2334,179.3396,-0.9059
1741951128.21,4.076,2.114,6.783,2.974,1.4472,-2.0845,5.9624,-155.2231,179.3178,-0.9025
1741951128.409,4.078,2.115,6.784,2.974,1.4472,-2.0845,5.9624,-155.2156,179.3292,-0.9047
1741951128.608,4.075,2.115,6.783,2.974,1.4472,-2.0845,5.9624,-155.2257,179.3373,-0.9038
1741951128.807,4.078,2.113,6.785,2.974,1.4472,-2.0845,5.9624,-155.2378,179.3443,-0.9058
1741951130.101,4.075,2.114,6.783,2.974,1.4472,-2.0845,5.9624,-155.2326,179.3432,-0.9266
1741951130.181,4.075,2.113,6.783,2.973,1.4472,-2.0845,5.9624,-155.2301,179.3421,-0.9303
1741951130.261,4.075,2.114,6.783,2.974,1.4472,-2.0845,5.9624,-155.2325,179.3554,-0.9287
1741951130.34,4.075,2.114,6.783,2.974,1.4472,-2.0845,5.9624,-155.2304,179.3509,-0.9215
1741951130.42,4.077,2.114,6.784,2.974,1.4472,-2.0845,5.9624,-155.2298,179.3636,-0.917
1741951130.5,4.075,2.113,6.783,2.973,1.4472,-2.0845,5.9624,-155.23,179.3705,-0.9171
1741951130.579,4.076,2.114,6.783,2.974,1.4472,-2.0845,5.9624,-155.2296,179.3582,-0.9212
1741951130.659,4.076,2.113,6.784,2.973,1.4472,-2.0845,5.9624,-155.2322,179.3646,-0.9165
1741951130.739,4.076,2.113,6.784,2.974,1.4472,-2.0845,5.9624,-155.2379,179.3663,-0.9113
1741951130.818,4.076,2.113,6.784,2.974,1.4472,-2.0845,5.9624,-155.2375,179.3685,-0.9142
1741951130.898,4.075,2.113,6.783,2.973,1.4472,-2.0845,5.9624,-155.2351,179.361,-0.9196
1741951130.977,4.075,2.113,6.783,2.973,1.4472,-2.0845,5.9624,-155.2258,179.3578,-0.9089
1741951131.057,4.076,2.113,6.783,2.973,1.4472,-2.0845,5.9624,-155.2229,179.3431,-0.9181
1741951131.137,4.076,2.113,6.783,2.973,1.4472,-2.0845,5.9624,-155.2267,179.3405,-0.9312
1741951131.216,4.076,2.114,6.783,2.974,1.4472,-2.0845,5.9624,-155.2297,179.3452,-0.9332
1741951131.296,4.077,2.114,6.784,2.974,1.4472,-2.0845,5.9624,-155.221,179.3578,-0.9037
1741951131.376,4.076,2.114,6.782,2.973,1.4471,-2.0844,5.9623,-155.206,179.4289,-0.8
1741951131.455,4.078,2.113,6.78,2.971,1.4468,-2.0833,5.9623,-155.1503,179.4092,-0.8195
1741951131.535,4.078,2.113,6.777,2.969,1.445,-2.0793,5.9623,-155.0945,179.339,-0.8815
1741951131.615,4.075,2.111,6.767,2.964,1.4416,-2.0725,5.962,-154.9515,179.28,-0.9168
1741951131.694,4.071,2.113,6.76,2.963,1.4377,-2.0648,5.962,-154.8684,179.262,-0.9098
1741951131.774,4.06,2.112,6.745,2.958,1.4338,-2.0573,5.9621,-154.7147,179.2555,-0.908
1741951131.854,4.05,2.111,6.735,2.955,1.4299,-2.0495,5.9624,-154.6427,179.2639,-0.959
1741951131.933,4.05,2.111,6.73,2.953,1.4274,-2.044,5.9621,-154.5629,179.2701,-0.9403
1741951132.013,4.039,2.112,6.719,2.951,1.4253,-2.0388,5.9616,-154.4897,179.324,-0.9561
1741951132.093,4.032,2.116,6.705,2.948,1.4233,-2.0353,5.9619,-154.3018,179.2894,-0.8398
1741951132.172,4.023,2.114,6.694,2.944,1.4207,-2.0301,5.9617,-154.215,179.2523,-1.0124
1741951132.252,4.018,2.111,6.686,2.94,1.4174,-2.0234,5.9619,-154.1239,179.2882,-1.1408
1741951132.332,4.018,2.111,6.682,2.938,1.4139,-2.0164,5.9619,-154.0444,179.2918,-1.0888
1741951132.411,4.008,2.115,6.674,2.939,1.4108,-2.0102,5.9619,-154.0105,179.3592,-1.0614
1741951132.491,3.999,2.114,6.665,2.937,1.4075,-2.0033,5.962,-153.946,179.4154,-1.0777
1741951132.57,3.991,2.115,6.655,2.934,1.4045,-1.997,5.962,-153.85,179.5082,-1.0839
1741951132.65,3.98,2.105,6.65,2.929,1.401,-1.9906,5.9619,-153.8852,179.4346,-1.0389
1741951132.73,3.98,2.105,6.648,2.928,1.3979,-1.9845,5.9616,-153.8479,179.4288,-0.9926
1741951132.809,3.973,2.115,6.641,2.933,1.3947,-1.9785,5.9613,-153.7927,179.4276,-0.9981
1741951132.889,3.963,2.114,6.63,2.93,1.3915,-1.9728,5.9611,-153.7078,179.3668,-1.0379
1741951132.969,3.955,2.116,6.617,2.926,1.3883,-1.9664,5.961,-153.5603,179.331,-1.0698
1741951133.048,3.944,2.115,6.603,2.922,1.3855,-1.9608,5.9609,-153.418,179.3088,-1.0509
1741951133.128,3.944,2.115,6.594,2.917,1.3825,-1.955,5.9607,-153.2626,179.2548,-1.0833
1741951133.208,3.939,2.115,6.584,2.913,1.3792,-1.9491,5.9606,-153.1455,179.2285,-1.1497
1741951133.287,3.928,2.115,6.576,2.913,1.3763,-1.9434,5.9606,-153.1146,179.2038,-1.1517
1741951133.367,3.922,2.117,6.567,2.91,1.3728,-1.9372,5.9607,-153.0052,179.179,-1.1411
1741951133.447,3.912,2.116,6.554,2.906,1.3697,-1.9313,5.9607,-152.8761,179.1281,-1.1771
1741951133.526,3.912,2.116,6.546,2.902,1.3666,-1.9255,5.9609,-152.7372,179.1725,-1.147
1741951133.606,3.906,2.117,6.539,2.901,1.3645,-1.9219,5.9606,-152.6745,179.3966,-1.062
1741951133.686,3.898,2.116,6.532,2.899,1.3635,-1.9157,5.9574,-152.6332,179.5164,-1.0629
1741951133.765,3.892,2.117,6.521,2.895,1.3593,-1.9093,5.9584,-152.4961,179.3197,-1.1168
1741951133.845,3.892,2.117,6.515,2.892,1.3554,-1.9034,5.9598,-152.3946,179.2659,-1.1107
1741951133.925,3.883,2.116,6.508,2.89,1.3516,-1.8974,5.9603,-152.3478,179.2422,-1.0156
1741951134.004,3.875,2.118,6.501,2.89,1.3492,-1.8933,5.9603,-152.3112,179.2558,-0.9504
1741951134.084,3.867,2.119,6.491,2.888,1.3468,-1.8888,5.9602,-152.2125,179.2853,-0.9501
1741951134.163,3.862,2.117,6.485,2.885,1.3449,-1.8852,5.96,-152.1602,179.3163,-0.8814
1741951134.243,3.862,2.117,6.48,2.883,1.3423,-1.8805,5.9597,-152.0763,179.2854,-0.9299
1741951134.323,3.855,2.117,6.47,2.879,1.3391,-1.8746,5.9597,-151.964,179.2292,-0.9738
1741951134.402,3.849,2.116,6.458,2.874,1.3354,-1.8681,5.9597,-151.8125,179.1778,-0.9848
1741951134.482,3.841,2.119,6.449,2.873,1.3321,-1.8614,5.9597,-151.7263,179.1797,-0.975
1741951134.562,3.83,2.118,6.46,2.882,1.3305,-1.8573,5.96,-152.0411,179.4356,-0.9411
1741951134.642,3.83,2.118,6.47,2.887,1.3294,-1.8543,5.9601,-152.2186,179.5248,-1.0051
1741951134.721,3.825,2.117,6.477,2.893,1.3283,-1.8511,5.96,-152.4123,179.7525,-0.9327
1741951134.801,3.818,2.117,6.493,2.904,1.3251,-1.8457,5.9593,-152.7796,179.5299,-1.1381
1741951134.88,3.814,2.116,6.512,2.915,1.3198,-1.8373,5.9599,-153.1812,178.7474,-1.6254
1741951134.96,3.805,2.117,6.484,2.903,1.3144,-1.8276,5.9599,-152.7493,178.7262,-1.6011
1741951135.04,3.805,2.117,6.466,2.893,1.3094,-1.8182,5.9597,-152.4274,178.9192,-1.4231
1741951135.119,3.791,2.123,6.447,2.89,1.306,-1.8117,5.9593,-152.222,179.0225,-1.4003
1741951135.199,3.782,2.122,6.442,2.89,1.3036,-1.8074,5.9591,-152.2277,179.0919,-1.474
1741951135.278,3.771,2.123,6.426,2.885,1.3013,-1.8024,5.9596,-152.0369,178.9861,-1.5312
1741951135.358,3.765,2.123,6.415,2.881,1.2989,-1.7991,5.9594,-151.9035,179.0113,-1.2468
1741951135.438,3.765,2.123,6.417,2.882,1.2974,-1.7963,5.9591,-151.9369,178.9169,-1.075
1741951135.517,3.763,2.123,6.465,2.91,1.297,-1.7936,5.9587,-152.8577,179.1091,-1.0753
1741951135.597,3.752,2.123,6.508,2.938,1.2944,-1.7863,5.9583,-153.7954,179.0606,-1.0861
1741951135.677,3.747,2.119,6.567,2.97,1.2912,-1.7768,5.9584,-154.9874,179.107,-1.0877
1741951135.756,3.739,2.115,6.589,2.983,1.2871,-1.7663,5.9585,-155.5211,179.1996,-1.2202
1741951135.836,3.739,2.115,6.599,2.989,1.2835,-1.7579,5.9582,-155.7158,179.1777,-1.5511
1741951135.916,3.725,2.116,6.59,2.989,1.2803,-1.751,5.9582,-155.7239,179.0431,-1.5167
1741951135.995,3.711,2.115,6.579,2.987,1.2778,-1.7458,5.9583,-155.6649,179.014,-1.4825
1741951136.075,3.704,2.116,6.568,2.984,1.2758,-1.7418,5.9582,-155.5453,178.9795,-1.3904
1741951136.155,3.7,2.114,6.561,2.981,1.2735,-1.7373,5.9584,-155.4594,178.9534,-1.336
1741951136.234,3.7,2.114,6.555,2.977,1.2711,-1.7308,5.9586,-155.3332,179.2033,-1.1722
1741951136.314,3.69,2.114,6.542,2.973,1.2665,-1.722,5.9615,-155.1999,179.3591,-1.0273
1741951136.394,3.684,2.117,6.536,2.974,1.2631,-1.7152,5.9617,-155.1518,179.4973,-0.8264
1741951136.473,3.671,2.115,6.525,2.971,1.2609,-1.7111,5.959,-155.0887,179.5572,-0.5836
1741951136.553,3.662,2.113,6.516,2.968,1.2584,-1.7058,5.9573,-155.0351,179.5195,-0.595
1741951136.633,3.662,2.113,6.513,2.966,1.256,-1.7001,5.9566,-154.9672,179.4343,-0.7501
1741951136.712,3.651,2.112,6.504,2.964,1.2526,-1.6933,5.957,-154.9185,179.2469,-0.9346
1741951136.792,3.646,2.114,6.478,2.952,1.2484,-1.6858,5.9581,-154.4721,178.2815,-2.2921
1741951136.871,3.635,2.112,6.46,2.944,1.2449,-1.6793,5.9578,-154.2378,178.3952,-2.1377
1741951136.951,3.626,2.112,6.455,2.944,1.2416,-1.673,5.9574,-154.2533,178.5809,-1.8989
1741951137.031,3.626,2.112,6.448,2.94,1.2387,-1.6668,5.9576,-154.1181,178.738,-1.6454
1741951137.11,3.614,2.112,6.437,2.938,1.2364,-1.662,5.9573,-154.0425,178.8923,-1.436
1741951137.19,3.61,2.112,6.431,2.936,1.234,-1.6567,5.957,-153.9599,179.0235,-1.32
1741951137.27,3.601,2.111,6.424,2.934,1.2315,-1.6517,5.9566,-153.9325,179.0618,-1.2466
1741951137.349,3.596,2.111,6.414,2.93,1.2282,-1.6452,5.9565,-153.7877,179.0048,-1.2461
1741951137.429,3.596,2.111,6.41,2.928,1.2249,-1.6385,5.9563,-153.7166,179.0209,-1.1647
1741951137.509,3.584,2.112,6.397,2.925,1.2216,-1.632,5.9563,-153.5926,179.0643,-1.1463
1741951137.588,3.577,2.113,6.389,2.923,1.2188,-1.6258,5.9562,-153.5242,179.127,-1.2365
1741951137.668,3.565,2.113,6.378,2.921,1.2153,-1.6197,5.956,-153.4533,179.0736,-1.1411
1741951137.748,3.556,2.115,6.373,2.922,1.2119,-1.6132,5.9562,-153.4496,179.0404,-1.1025
1741951137.827,3.556,2.115,6.374,2.923,1.2089,-1.6073,5.9561,-153.4785,179.0976,-1.1151
1741951137.907,3.552,2.113,6.371,2.922,1.2055,-1.601,5.9563,-153.4653,179.047,-1.2652
1741951137.986,3.54,2.12,6.346,2.915,1.2027,-1.596,5.9562,-153.1109,179.0606,-1.1397
1741951138.066,3.532,2.109,6.338,2.907,1.1994,-1.5903,5.956,-153.0325,178.9878,-1.0694
1741951138.146,3.528,2.102,6.331,2.9,1.1964,-1.5845,5.9558,-152.94,179.0102,-1.0672
1741951138.225,3.528,2.102,6.318,2.892,1.1939,-1.5803,5.9558,-152.6939,179.1501,-1.0129
1741951138.305,3.517,2.104,6.314,2.895,1.1909,-1.5749,5.9555,-152.728,179.0275,-1.1483
1741951138.385,3.51,2.103,6.309,2.893,1.1875,-1.5676,5.9555,-152.7071,178.9215,-1.3169
1741951138.464,3.499,2.104,6.299,2.892,1.1836,-1.5602,5.9554,-152.6419,178.8229,-1.2614
1741951138.544,3.491,2.108,6.29,2.892,1.1797,-1.5533,5.9557,-152.5559,178.7566,-1.2111
1741951138.624,3.491,2.108,6.287,2.89,1.1756,-1.5463,5.9557,-152.4936,178.7949,-1.0954
1741951138.703,3.481,2.113,6.275,2.889,1.1706,-1.5368,5.9558,-152.3762,178.8881,-1.0688
1741951138.783,3.472,2.117,6.266,2.889,1.1653,-1.5269,5.9555,-152.2931,178.9315,-0.9615
1741951138.863,3.46,2.115,6.261,2.889,1.1625,-1.5184,5.9519,-152.3368,179.0387,-0.7879
1741951138.942,3.446,2.117,6.253,2.891,1.1558,-1.5078,5.9533,-152.343,178.85,-1.0194
1741951139.022,3.446,2.117,6.252,2.89,1.1493,-1.497,5.9542,-152.3099,178.717,-1.0702
1741951139.102,3.434,2.119,6.234,2.884,1.1452,-1.49,5.9546,-152.0862,178.9144,-0.934
1741951139.181,3.42,2.121,6.222,2.883,1.1401,-1.4798,5.9547,-152.0203,178.8611,-1.1694
1741951139.261,3.406,2.12,6.21,2.88,1.1349,-1.4695,5.9543,-151.933,178.8297,-1.2886
1741951139.341,3.394,2.121,6.201,2.879,1.1304,-1.4614,5.9539,-151.887,178.8167,-1.188
1741951139.42,3.394,2.121,6.2,2.879,1.1253,-1.4523,5.9533,-151.8654,178.8653,-1.1321
1741951139.5,3.379,2.122,6.186,2.876,1.1207,-1.4434,5.9532,-151.7663,178.8723,-1.1576
1741951139.579,3.367,2.124,6.172,2.872,1.1161,-1.4351,5.9529,-151.6047,178.9238,-1.1253
1741951139.659,3.352,2.122,6.119,2.843,1.1105,-1.4276,5.953,-150.684,178.7672,-1.0296
1741951139.739,3.352,2.122,6.076,2.816,1.1046,-1.4193,5.9531,-149.8005,178.7592,-0.9403
1741951139.818,3.342,2.125,6.07,2.817,1.0994,-1.4108,5.9535,-149.788,178.7778,-0.8495
1741951139.898,3.334,2.131,6.057,2.815,1.0946,-1.403,5.9532,-149.6224,178.8066,-0.6896
1741951139.978,3.327,2.133,6.054,2.817,1.0893,-1.3933,5.9535,-149.6372,178.6006,-1.4764
1741951140.057,3.313,2.134,6.046,2.817,1.0837,-1.384,5.9543,-149.6303,178.4485,-1.6812
1741951140.137,3.313,2.134,6.039,2.813,1.0785,-1.3763,5.9545,-149.4918,178.4174,-1.3909
1741951140.217,3.303,2.135,6.026,2.808,1.0736,-1.369,5.9533,-149.3309,178.478,-1.1801
1741951140.296,3.293,2.137,6.008,2.801,1.0683,-1.3604,5.9531,-149.0575,178.5257,-1.0311
1741951140.376,3.283,2.138,5.999,2.799,1.0635,-1.3521,5.9527,-148.9894,178.7241,-0.8875
1741951140.456,3.272,2.14,5.991,2.799,1.0586,-1.3439,5.9527,-148.944,178.944,-0.661
1741951140.535,3.272,2.14,5.992,2.799,1.0535,-1.3359,5.9525,-148.9715,178.9271,-0.5383
1741951140.615,3.263,2.14,5.996,2.805,1.0488,-1.328,5.9533,-149.1552,179.1969,-0.4006
1741951140.694,3.246,2.141,5.998,2.813,1.0437,-1.3196,5.9532,-149.3772,178.9515,-0.939
1741951140.774,3.234,2.141,5.979,2.805,1.0384,-1.3116,5.9531,-149.1283,178.7916,-0.8156
1741951140.854,3.227,2.146,5.973,2.806,1.0335,-1.3039,5.9522,-149.07,178.8083,-0.648
1741951140.934,3.227,2.146,5.969,2.803,1.0281,-1.2952,5.9518,-148.9941,178.8095,-0.7275
1741951141.013,3.215,2.147,5.96,2.802,1.0231,-1.2872,5.9519,-148.9359,178.7964,-0.712
1741951141.093,3.197,2.149,5.949,2.802,1.018,-1.2793,5.9518,-148.9056,178.7571,-0.7377
1741951141.172,3.188,2.149,5.943,2.801,1.0131,-1.271,5.9516,-148.8695,178.7477,-0.7572
1741951141.252,3.182,2.151,5.937,2.8,1.0084,-1.263,5.9517,-148.8097,178.7608,-0.7028
1741951141.332,3.182,2.151,5.928,2.794,1.0037,-1.2555,5.9518,-148.6229,178.7843,-0.6737
1741951141.411,3.168,2.153,5.9,2.781,0.9971,-1.2442,5.9568,-148.1895,179.0647,-0.672
1741951141.491,3.157,2.153,5.89,2.779,0.993,-1.2393,5.9542,-148.0997,176.7213,-3.3963
1741951141.57,3.147,2.154,5.888,2.781,0.9876,-1.2313,5.9527,-148.1615,177.0012,-3.0292
1741951141.65,3.135,2.155,5.881,2.781,0.9827,-1.2232,5.9517,-148.1579,177.3134,-2.6204
1741951141.73,3.135,2.155,5.873,2.776,0.9763,-1.2152,5.948,-147.9798,177.8905,-1.9202
1741951141.81,3.118,2.154,5.87,2.779,0.9732,-1.2078,5.9495,-148.0958,178.2459,-1.6431
1741951141.889,3.11,2.157,5.866,2.781,0.97,-1.2016,5.9504,-148.1123,178.3994,-1.3015
1741951141.969,3.105,2.159,5.876,2.791,0.9659,-1.1949,5.9509,-148.3797,178.4688,-1.0962
1741951142.049,3.087,2.159,5.908,2.82,0.9622,-1.1875,5.9512,-149.2937,178.4484,-0.9462
1741951142.128,3.087,2.159,5.963,2.858,0.9584,-1.1787,5.9513,-150.4997,178.4911,-0.8262
1741951142.208,3.076,2.156,5.996,2.884,0.9543,-1.1701,5.9511,-151.387,178.5278,-0.7639
1741951142.287,3.058,2.152,5.987,2.882,0.95,-1.1621,5.9507,-151.4044,178.6658,-0.4035
1741951142.367,3.036,2.149,5.975,2.881,0.9459,-1.1548,5.9505,-151.4285,178.7507,-0.3549
1741951142.447,3.026,2.151,5.968,2.881,0.9416,-1.1469,5.9503,-151.3843,178.74,-0.375
1741951142.526,3.026,2.151,5.961,2.876,0.9374,-1.1396,5.9503,-151.2222,178.5668,-0.4263
1741951142.606,3.017,2.149,5.955,2.874,0.9333,-1.1321,5.9508,-151.2062,178.5158,-0.4546
1741951142.805,2.996,2.15,5.936,2.87,0.9221,-1.1118,5.9499,-151.0488,178.6363,-0.2944
1741951142.885,2.984,2.15,5.926,2.867,0.9176,-1.1055,5.9488,-150.9629,178.5687,-0.3076
1741951142.964,2.979,2.151,5.928,2.871,0.9137,-1.098,5.9493,-151.0741,178.7455,-0.2769
1741951143.044,2.962,2.153,5.907,2.864,0.9092,-1.0887,5.9494,-150.8135,178.6532,-0.4023
1741951143.124,2.962,2.153,5.902,2.86,0.905,-1.0807,5.9499,-150.6895,178.6706,-0.5846
1741951143.203,2.952,2.155,5.895,2.861,0.9006,-1.0733,5.95,-150.6623,178.5846,-0.4221
1741951143.283,2.94,2.154,5.921,2.884,0.8967,-1.065,5.9497,-151.4438,178.5362,-0.3599
1741951143.363,2.932,2.153,5.985,2.934,0.8937,-1.0561,5.9497,-153.0714,178.4888,-0.3749
1741951143.442,2.923,2.151,6.007,2.953,0.8903,-1.0479,5.9501,-153.7532,178.5875,-0.4352
1741951143.522,2.923,2.151,6.003,2.95,0.8869,-1.0411,5.9498,-153.6619,178.5975,-0.5461
1741951143.602,2.904,2.148,5.988,2.946,0.8832,-1.0333,5.9496,-153.5629,178.6821,-0.621
1741951143.681,2.895,2.149,5.984,2.947,0.8798,-1.0264,5.9495,-153.5924,178.702,-0.5515
1741951143.761,2.891,2.15,5.984,2.95,0.8765,-1.0198,5.95,-153.6587,178.7393,-0.5943
1741951143.841,2.876,2.151,5.974,2.949,0.8733,-1.0139,5.9502,-153.6202,178.7838,-0.5279
1741951143.92,2.876,2.151,5.969,2.946,0.8697,-1.0067,5.9507,-153.5101,178.6899,-0.5568
1741951144.0,2.866,2.15,5.958,2.941,0.8663,-1.0004,5.9504,-153.3684,178.5865,-0.4777
1741951144.079,2.858,2.15,5.95,2.939,0.8627,-0.9929,5.9503,-153.3077,178.552,-0.4018
1741951144.159,2.846,2.149,5.941,2.937,0.8588,-0.986,5.95,-153.2629,178.6005,-0.3667
1741951144.239,2.839,2.15,5.933,2.935,0.8545,-0.9776,5.9496,-153.1695,178.4943,-0.5368
1741951144.318,2.839,2.15,5.926,2.929,0.8462,-0.9663,5.9441,-152.9875,178.6833,-0.5243
1741951144.398,2.828,2.149,5.923,2.931,0.8446,-0.9595,5.9466,-153.0679,178.9908,-0.1609
1741951144.478,2.822,2.151,5.915,2.929,0.8421,-0.9524,5.9489,-152.9535,178.7682,-0.4153
1741951144.558,2.805,2.149,5.903,2.926,0.8386,-0.9453,5.9498,-152.9044,178.7404,-0.3002
1741951144.637,2.793,2.149,5.894,2.925,0.8345,-0.9377,5.9502,-152.8669,178.6805,-0.0598
1741951144.717,2.793,2.149,5.908,2.936,0.8285,-0.9242,5.9537,-153.2235,178.24,-1.1689
1741951144.796,2.784,2.152,5.896,2.932,0.8235,-0.9161,5.9525,-153.0449,178.2395,-0.8681
1741951144.876,2.778,2.152,5.892,2.932,0.8191,-0.9084,5.9518,-153.028,178.6025,-0.2165
1741951144.956,2.764,2.15,5.874,2.923,0.8154,-0.902,5.9506,-152.774,178.6097,-0.0536
1741951145.036,2.764,2.15,5.867,2.918,0.8118,-0.8944,5.9498,-152.6096,179.1379,0.3697
1741951145.115,2.746,2.15,5.855,2.916,0.8076,-0.8872,5.9491,-152.5558,178.9384,0.4072
1741951145.195,2.734,2.152,5.847,2.917,0.8034,-0.8788,5.9487,-152.5288,179.1078,0.3609
1741951145.274,2.729,2.151,5.832,2.907,0.7984,-0.8694,5.9491,-152.2372,178.3198,-0.4667
1741951145.354,2.71,2.152,5.825,2.911,0.7935,-0.8606,5.9494,-152.3293,178.3968,-0.492
1741951145.435,2.71,2.153,5.81,2.899,0.7887,-0.8516,5.9497,-151.945,178.2391,-0.4955
1741951145.513,2.705,2.153,5.807,2.899,0.7849,-0.8447,5.9491,-151.9467,178.3948,-0.4399
1741951145.593,2.694,2.153,5.803,2.901,0.7797,-0.8348,5.9499,-152.0012,178.5689,-0.2236
1741951145.673,2.683,2.153,5.788,2.894,0.7749,-0.8264,5.9499,-151.7694,178.5145,-0.1911
1741951145.752,2.671,2.155,5.781,2.895,0.7688,-0.8174,5.9468,-151.7718,178.6753,-0.2564
1741951145.832,2.671,2.155,5.778,2.893,0.7656,-0.8094,5.9482,-151.7074,178.8782,0.1657
1741951145.912,2.662,2.154,5.766,2.887,0.7618,-0.8017,5.9489,-151.512,178.5953,-0.0337
1741951145.991,2.649,2.153,5.782,2.905,0.7579,-0.7935,5.9496,-152.132,178.7458,-0.0475
1741951146.071,2.637,2.154,5.696,2.841,0.7505,-0.7811,5.9505,-150.0465,176.1724,-1.4828
1741951146.15,2.624,2.154,5.78,2.916,0.746,-0.7731,5.9496,-152.4547,176.4455,-3.0354
1741951146.231,2.624,2.154,5.774,2.911,0.7414,-0.7638,5.952,-152.3128,177.3624,-1.8761
1741951146.31,2.609,2.155,5.767,2.913,0.7367,-0.7551,5.9511,-152.352,177.6549,-1.3426
1741951146.389,2.6,2.155,5.759,2.911,0.7331,-0.7477,5.9498,-152.2817,177.9654,-0.8968
1741951146.469,2.59,2.155,5.755,2.912,0.7295,-0.74,5.9497,-152.326,178.2317,-0.6568
1741951146.549,2.577,2.155,5.779,2.939,0.7255,-0.7285,5.9533,-153.194,178.5792,-0.6982
1741951146.628,2.577,2.155,5.748,2.912,0.7202,-0.7201,5.9523,-152.3347,176.5564,-1.1051
1741951146.708,2.56,2.154,5.74,2.914,0.7164,-0.7135,5.9505,-152.397,177.0614,-0.7308
1741951146.788,2.55,2.152,5.733,2.911,0.7138,-0.7067,5.9494,-152.3559,177.6907,-0.2327
1741951146.867,2.537,2.152,5.756,2.937,0.7049,-0.6976,5.9398,-153.2026,178.5517,-0.246
1741951146.947,2.525,2.154,5.754,2.943,0.7049,-0.6912,5.9416,-153.3607,178.9989,0.0484
1741951147.027,2.525,2.154,5.754,2.943,0.7047,-0.6849,5.9452,-153.3636,179.2189,0.2537
1741951147.106,2.519,2.152,5.748,2.94,0.7021,-0.6777,5.9478,-153.297,178.9728,0.4189
1741951147.186,2.507,2.154,5.741,2.941,0.6978,-0.6695,5.9495,-153.2863,178.7909,0.3005
1741951147.265,2.497,2.155,5.743,2.948,0.693,-0.6608,5.9499,-153.5069,178.6062,0.2068
1741951147.345,2.481,2.152,5.757,2.967,0.689,-0.6522,5.9492,-154.1914,178.5082,0.2214
1741951147.425,2.481,2.152,5.757,2.967,0.6845,-0.6437,5.949,-154.1934,178.4035,0.0765
1741951147.504,2.476,2.152,5.754,2.967,0.68,-0.6362,5.9478,-154.2126,178.2809,0.5223
1741951147.584,2.458,2.147,5.735,2.957,0.6765,-0.628,5.9484,-153.9647,178.351,0.7765
1741951147.664,2.453,2.148,5.735,2.96,0.6726,-0.6198,5.9486,-154.0585,178.4837,0.6513
1741951147.743,2.439,2.15,5.727,2.962,0.6686,-0.6114,5.948,-154.0599,178.5855,0.6901
1741951147.823,2.439,2.15,5.726,2.961,0.6652,-0.6036,5.9481,-154.0264,178.7161,0.8528
1741951147.903,2.427,2.151,5.715,2.959,0.6615,-0.5958,5.9479,-153.9434,178.7651,0.8875
1741951147.982,2.417,2.151,5.71,2.959,0.6574,-0.5879,5.948,-153.9483,178.7324,0.8691
1741951148.062,2.401,2.149,5.698,2.956,0.6534,-0.5795,5.9485,-153.8925,178.7395,0.7389
1741951148.141,2.396,2.152,5.693,2.956,0.6491,-0.5713,5.9484,-153.8404,178.7578,0.7338
1741951148.221,2.396,2.152,5.691,2.954,0.6455,-0.5636,5.9486,-153.764,178.8618,0.6372
1741951148.301,2.381,2.149,5.676,2.947,0.6418,-0.5561,5.9486,-153.5813,178.7864,0.5174
1741951148.381,2.369,2.15,5.676,2.954,0.6379,-0.5474,5.9487,-153.802,178.8207,0.2686
1741951148.46,2.36,2.149,5.672,2.955,0.6336,-0.5389,5.9481,-153.8622,178.8354,0.5162
1741951148.54,2.346,2.151,5.661,2.954,0.6299,-0.5314,5.948,-153.7753,178.7522,0.4601
1741951148.619,2.346,2.151,5.661,2.954,0.6259,-0.5227,5.9487,-153.7676,178.8659,0.3059
1741951148.699,2.339,2.15,5.658,2.954,0.622,-0.5156,5.9486,-153.8102,178.8392,0.604
1741951148.779,2.327,2.15,5.691,2.991,0.6187,-0.5063,5.9489,-155.0527,178.8562,0.5101
1741951148.858,2.315,2.149,5.743,3.046,0.6168,-0.4976,5.9486,-156.9599,178.7953,0.5992
1741951148.938,2.306,2.149,5.763,3.07,0.6142,-0.4895,5.9479,-157.8069,178.7839,0.4558
1741951149.018,2.306,2.149,5.767,3.073,0.6108,-0.4811,5.9481,-157.9264,178.8969,0.3604
1741951149.097,2.295,2.147,5.754,3.067,0.6076,-0.4729,5.9474,-157.7331,178.8226,0.3495
1741951149.177,2.285,2.15,5.744,3.066,0.6042,-0.4642,5.9474,-157.6431,178.7575,0.4856
1741951149.257,2.275,2.147,5.734,3.061,0.6006,-0.4559,5.9475,-157.516,178.6381,0.4222
1741951149.336,2.263,2.147,5.722,3.056,0.597,-0.448,5.9478,-157.3649,178.6383,0.5667
1741951149.416,2.263,2.147,5.726,3.06,0.5908,-0.4355,5.9465,-157.512,178.0396,-0.7495
1741951149.496,2.247,2.145,5.717,3.061,0.5914,-0.4344,5.9467,-157.5736,179.3377,-0.1837
1741951149.575,2.241,2.144,5.697,3.045,0.5887,-0.429,5.9462,-157.0317,179.1474,-0.0761
1741951149.655,2.227,2.144,5.676,3.033,0.5847,-0.4198,5.9457,-156.6287,178.7898,-0.0356
1741951149.734,2.211,2.144,5.662,3.029,0.5798,-0.4078,5.9465,-156.4747,178.6783,-0.0583
1741951149.814,2.211,2.144,5.652,3.019,0.5753,-0.3979,5.9472,-156.1417,178.38,0.3376
1741951149.894,2.203,2.142,5.647,3.018,0.5709,-0.389,5.9479,-156.1563,178.4555,0.3133
1741951149.973,2.191,2.141,5.636,3.014,0.5672,-0.3808,5.9483,-156.0378,178.5661,0.6628
1741951150.053,2.18,2.139,5.626,3.01,0.5639,-0.3732,5.9485,-155.9374,178.6974,0.8274
1741951150.134,2.169,2.138,5.619,3.01,0.5608,-0.3667,5.9484,-155.9518,178.8783,0.6556
1741951150.212,2.169,2.138,5.627,3.017,0.5559,-0.3574,5.9452,-156.2111,179.0319,0.4902
1741951150.292,2.159,2.138,5.625,3.021,0.5536,-0.351,5.946,-156.3471,179.2463,0.5378
1741951150.491,2.136,2.137,5.601,3.012,0.5458,-0.3311,5.9477,-156.0511,179.1008,0.2775
1741951150.571,2.125,2.136,5.586,3.003,0.5417,-0.3228,5.9474,-155.7541,178.8173,0.7596
1741951150.65,2.112,2.136,5.52,2.945,0.5358,-0.3118,5.9476,-153.7677,176.7722,0.2949
1741951150.731,2.101,2.136,5.528,2.959,0.53,-0.3035,5.9482,-154.2547,176.5873,0.3371
1741951150.81,2.101,2.136,5.57,3.002,0.5266,-0.2959,5.9486,-155.7237,177.1933,-0.4894
1741951150.889,2.091,2.135,5.572,3.009,0.5245,-0.2894,5.9477,-156.0011,177.7673,-0.6444
1741951150.969,2.078,2.133,5.562,3.007,0.5215,-0.2813,5.947,-155.9639,178.2853,-0.6359
1741951151.049,2.069,2.134,5.554,3.005,0.5185,-0.2731,5.9469,-155.8864,178.5615,-0.642
1741951151.129,2.069,2.134,5.552,3.003,0.5148,-0.264,5.9472,-155.7982,178.774,-0.4941
1741951151.208,2.058,2.134,5.544,3.001,0.5112,-0.2559,5.9473,-155.7475,178.8553,-0.4072
1741951151.288,2.047,2.132,5.535,2.999,0.507,-0.247,5.9474,-155.6891,178.8949,-0.4893
1741951151.367,2.035,2.133,5.527,2.998,0.5033,-0.2392,5.9469,-155.6556,178.8942,-0.4562
1741951151.447,2.022,2.131,5.515,2.993,0.4997,-0.2319,5.946,-155.5273,178.7808,-0.1411
1741951151.527,2.022,2.131,5.516,2.994,0.4961,-0.2249,5.9457,-155.5472,178.8176,-0.191
1741951151.606,2.011,2.131,5.509,2.994,0.4922,-0.2159,5.9454,-155.5662,178.927,-0.2238
1741951151.686,1.998,2.131,5.501,2.994,0.4887,-0.2084,5.9454,-155.5618,178.98,-0.3092
1741951151.766,1.989,2.129,5.496,2.994,0.4848,-0.1994,5.9455,-155.5884,179.014,-0.4009
1741951151.845,1.977,2.132,5.489,2.996,0.4808,-0.191,5.9455,-155.6061,179.0419,-0.4473
1741951151.925,1.977,2.132,5.485,2.992,0.4767,-0.1825,5.946,-155.4747,179.0006,-0.49
1741951152.004,1.965,2.131,5.474,2.987,0.4726,-0.1743,5.9462,-155.3191,178.9742,-0.5175
1741951152.084,1.955,2.129,5.464,2.982,0.4689,-0.1669,5.945,-155.1783,178.9646,-0.1048
1741951152.164,1.94,2.139,5.451,2.984,0.4651,-0.1586,5.9449,-155.0354,178.9601,-0.1137
1741951152.243,1.931,2.15,5.442,2.988,0.4612,-0.1505,5.9448,-154.9307,178.9389,-0.1205
1741951152.324,1.931,2.15,5.438,2.982,0.4571,-0.1414,5.9449,-154.7556,178.9963,-0.1764
1741951152.403,1.921,2.155,5.425,2.979,0.4538,-0.1356,5.9436,-154.5237,179.2847,-0.1568
1741951152.482,1.907,2.155,5.417,2.979,0.4494,-0.1266,5.9435,-154.54,179.1896,-0.2724
1741951152.562,1.898,2.153,5.412,2.978,0.4447,-0.1167,5.9436,-154.5366,179.0711,-0.2606
1741951152.642,1.883,2.155,5.4,2.977,0.4404,-0.108,5.9442,-154.4583,178.9492,-0.2076
1741951152.721,1.883,2.155,5.399,2.975,0.4364,-0.0998,5.9445,-154.3892,178.9621,-0.1166
1741951152.801,1.871,2.154,5.391,2.974,0.4326,-0.0918,5.9448,-154.3942,178.9944,-0.1537
1741951152.881,1.862,2.153,5.4,2.989,0.4291,-0.0833,5.9445,-154.9291,179.0579,-0.1922
1741951152.96,1.85,2.155,5.396,2.994,0.4256,-0.0755,5.9443,-155.0596,179.1168,-0.1608
1741951153.04,1.839,2.155,5.387,2.993,0.4216,-0.0673,5.944,-154.9972,179.113,-0.1126
1741951153.119,1.839,2.155,5.386,2.991,0.4172,-0.0588,5.9437,-154.9398,178.9894,-0.2336
1741951153.199,1.827,2.153,5.378,2.989,0.4129,-0.0504,5.9437,-154.9288,178.9189,-0.2222
1741951153.279,1.814,2.152,5.37,2.988,0.4085,-0.0416,5.9435,-154.9083,178.9078,-0.1549
1741951153.358,1.802,2.154,5.355,2.981,0.4045,-0.033,5.943,-154.6147,178.8545,0.1009
1741951153.438,1.791,2.154,5.347,2.979,0.4009,-0.0255,5.9427,-154.5645,178.9296,0.0475
1741951153.518,1.791,2.154,5.36,2.995,0.3975,-0.0176,5.9428,-155.101,179.0387,0.018
1741951153.597,1.781,2.153,5.354,2.995,0.3937,-0.0093,5.9432,-155.1177,178.9609,-0.0797
1741951153.677,1.769,2.153,5.348,2.996,0.39,-0.0018,5.943,-155.1532,179.0308,-0.1246
1741951153.757,1.759,2.153,5.34,2.994,0.3864,0.0065,5.9429,-155.0955,179.0592,-0.1687
1741951153.836,1.749,2.153,5.332,2.992,0.3826,0.0147,5.9429,-155.0151,179.0722,-0.1607
1741951153.916,1.749,2.153,5.329,2.989,0.3787,0.0228,5.943,-154.9093,179.0515,-0.2078
1741951153.996,1.736,2.151,5.321,2.987,0.3744,0.0313,5.9431,-154.8798,179.0459,-0.0923
1741951154.075,1.724,2.152,5.314,2.988,0.3704,0.0397,5.9435,-154.8898,179.0609,-0.1531
1741951154.155,1.714,2.15,5.305,2.984,0.3665,0.0482,5.9436,-154.7983,179.1072,-0.2217
1741951154.235,1.703,2.15,5.293,2.977,0.3623,0.0566,5.9435,-154.578,179.0292,0.0257
1741951154.314,1.703,2.15,5.294,2.978,0.3582,0.0649,5.9435,-154.6231,179.0745,0.0616
1741951154.394,1.693,2.151,5.289,2.98,0.3543,0.0734,5.9434,-154.6553,179.0584,-0.0915
1741951154.474,1.678,2.15,5.28,2.98,0.3502,0.0818,5.9429,-154.6835,179.1562,-0.0955
1741951154.553,1.667,2.151,5.274,2.981,0.3464,0.0897,5.9425,-154.7011,179.251,0.0913
1741951154.633,1.654,2.152,5.263,2.978,0.3425,0.0978,5.9426,-154.5672,179.2909,0.2028
1741951154.712,1.654,2.152,5.263,2.978,0.3338,0.1225,5.9617,-154.5642,179.9076,-0.2058
1741951154.792,1.642,2.151,5.259,2.982,0.3284,0.134,5.9633,-154.7221,-179.6555,-0.3017
1741951154.872,1.63,2.151,5.248,2.977,0.3238,0.1434,5.9629,-154.5431,-179.7979,-0.1061
1741951154.951,1.615,2.151,5.236,2.974,0.3203,0.1477,5.9565,-154.4374,-179.9706,0.4809
1741951155.031,1.602,2.152,5.228,2.973,0.3177,0.1497,5.9466,-154.404,179.8284,1.0083
1741951155.111,1.602,2.152,5.229,2.975,0.3145,0.1544,5.9392,-154.45,179.7486,0.8794
1741951155.19,1.587,2.151,5.22,2.975,0.3102,0.162,5.9352,-154.498,179.6291,0.6293
1741951155.27,1.574,2.151,5.214,2.978,0.3053,0.1719,5.9341,-154.5764,179.4201,0.281
1741951155.35,1.56,2.151,5.207,2.98,0.2949,0.1902,5.938,-154.6542,179.0451,-0.5546
1741951155.429,1.546,2.15,5.2,2.981,0.293,0.1986,5.9393,-154.6957,179.5582,-0.2214
1741951155.509,1.546,2.15,5.198,2.979,0.2905,0.2056,5.939,-154.6367,179.7081,-0.0282
1741951155.589,1.531,2.151,5.19,2.981,0.2867,0.2135,5.9386,-154.6911,179.7099,0.0957
1741951155.668,1.519,2.15,5.181,2.978,0.2787,0.234,5.9541,-154.614,179.9523,-0.0373
1741951155.748,1.503,2.151,5.169,2.975,0.2746,0.2417,5.9509,-154.4924,179.8757,0.0833
1741951155.828,1.49,2.15,5.16,2.973,0.2706,0.2478,5.946,-154.4544,179.7915,0.3482
1741951155.907,1.49,2.15,5.154,2.965,0.2674,0.2485,5.9413,-154.175,179.7338,1.3937
1741951155.987,1.479,2.151,5.147,2.964,0.2669,0.2498,5.939,-154.1313,-179.9335,1.8267
1741951156.067,1.471,2.152,5.142,2.965,0.2642,0.2547,5.9376,-154.1312,-179.9468,1.9708
1741951156.146,1.466,2.151,5.138,2.962,0.2598,0.2643,5.938,-154.0628,-179.7543,2.0933
1741951156.226,1.459,2.152,5.132,2.961,0.2539,0.2777,5.9395,-154.0098,-179.5149,2.0961
1741951156.305,1.459,2.152,5.139,2.971,0.2474,0.2912,5.9401,-154.3184,-179.3824,2.2621
1741951156.385,1.442,2.151,5.125,2.965,0.2415,0.3032,5.94,-154.1488,-179.4508,2.0491
1741951156.465,1.423,2.15,5.109,2.957,0.234,0.3175,5.9388,-153.9198,179.9309,0.9497
1741951156.544,1.405,2.151,5.075,2.923,0.2261,0.3327,5.9381,-152.7644,179.1269,-0.3376
1741951156.624,1.405,2.151,5.079,2.93,0.2215,0.3421,5.9378,-152.9795,179.3184,-0.3831
1741951156.704,1.384,2.151,5.066,2.929,0.2173,0.3505,5.9379,-152.9496,179.3135,-0.4136
1741951156.783,1.369,2.15,5.058,2.929,0.2132,0.3582,5.938,-152.9804,179.2909,-0.3483
1741951156.863,1.356,2.151,5.049,2.927,0.209,0.3664,5.9384,-152.904,179.3245,-0.3453
1741951156.943,1.347,2.152,5.059,2.953,0.2032,0.3733,5.9391,-153.7338,178.5417,-0.5158
1741951157.022,1.347,2.152,5.066,2.963,0.1982,0.3789,5.9396,-154.0701,177.9967,-0.3127
1741951157.102,1.335,2.152,5.059,2.964,0.1934,0.3851,5.9399,-154.1007,177.7592,0.1529
1741951157.182,1.326,2.156,5.053,2.966,0.1875,0.3961,5.9402,-154.0795,177.7012,0.0559
1741951157.261,1.316,2.157,5.044,2.961,0.1815,0.4081,5.9402,-153.8919,177.7258,-0.2351
1741951157.341,1.301,2.157,5.007,2.916,0.1775,0.4138,5.9401,-152.3979,177.8605,-0.4107
1741951157.421,1.301,2.157,5.009,2.918,0.1743,0.4118,5.9395,-152.4666,177.4447,1.1541
1741951157.5,1.288,2.159,4.983,2.889,0.1713,0.4158,5.9394,-151.5081,177.5844,0.8903
1741951157.58,1.286,2.171,4.962,2.862,0.1674,0.4201,5.9398,-150.4129,177.6348,1.3047
1741951157.659,1.283,2.172,4.958,2.859,0.1643,0.428,5.9404,-150.3024,178.4234,2.1845
1741951157.739,1.277,2.178,4.992,2.926,0.1648,0.4455,5.9377,-152.331,-178.261,0.7859
1741951157.819,1.277,2.178,5.072,3.063,0.1583,0.4655,5.9366,-156.888,-178.9629,-0.0481
1741951157.899,1.262,2.17,5.078,3.083,0.155,0.4831,5.9362,-157.7902,-177.0988,-0.4369
1741951157.978,1.231,2.152,5.105,3.155,0.1532,0.4963,5.9353,-160.8177,-178.0855,0.3856
1741951158.058,0.553,2.154,4.641,3.181,0.1515,0.5065,5.9341,-161.7285,-178.6517,0.1089
1741951158.137,1.203,2.165,5.102,3.194,0.1487,0.5149,5.9335,-161.8984,-179.2859,-0.0526
1741951158.217,1.203,2.165,5.095,3.18,0.1473,0.5223,5.9345,-161.4079,-179.4068,-0.8596
1741951158.297,1.195,2.163,5.087,3.176,0.1466,0.5266,5.9349,-161.2885,-179.3779,-1.1641
1741951158.376,1.182,2.157,5.079,3.172,0.1471,0.5301,5.9353,-161.3094,-179.0114,-1.2487
1741951158.456,1.176,2.153,5.072,3.165,0.1473,0.5361,5.9353,-161.1637,-178.4094,-1.1988
1741951158.536,1.176,2.151,5.052,3.127,0.1434,0.5461,5.935,-159.7951,-178.0165,-1.2199
1741951158.615,1.176,2.151,4.993,3.018,0.1342,0.5602,5.9348,-155.9572,-178.0833,-1.4818
1741951158.695,1.164,2.146,4.97,2.987,0.1255,0.5742,5.9347,-154.9895,-178.5839,-1.527
1741951158.774,1.139,2.134,4.954,2.978,0.1165,0.5902,5.9345,-154.9575,-178.8577,-1.4268
1741951158.854,1.114,2.135,4.948,2.997,0.1057,0.6015,5.9328,-155.5754,179.5364,-0.1829
1741951158.934,1.093,2.136,4.925,2.979,0.1003,0.6116,5.9328,-154.9424,179.4544,-0.0115
1741951159.014,1.093,2.136,4.926,2.981,0.0962,0.6192,5.9331,-155.0159,179.4266,-0.1346
1741951159.093,1.076,2.138,4.917,2.985,0.0931,0.6259,5.9328,-155.0827,179.5237,-0.2564
1741951159.173,1.069,2.14,4.91,2.982,0.0898,0.6329,5.9327,-154.9447,179.4612,0.101
1741951159.252,1.057,2.137,4.905,2.983,0.0872,0.6383,5.9322,-155.0636,179.7333,0.5868
1741951159.332,1.047,2.139,4.897,2.982,0.0864,0.6401,5.9318,-154.9882,179.6,0.4389
1741951159.412,1.047,2.139,4.903,2.995,0.087,0.6385,5.9297,-155.4054,-178.6725,2.8791
1741951159.491,1.044,2.138,4.902,2.995,0.0877,0.6376,5.9291,-155.447,-178.921,2.223
1741951159.571,1.045,2.138,4.903,2.995,0.0876,0.6372,5.9292,-155.4421,-179.3864,1.5912
1741951159.651,1.045,2.136,4.903,2.994,0.0917,0.6328,5.9257,-155.4524,-179.8614,0.9493
1741951159.73,1.046,2.138,4.902,2.992,0.0966,0.6177,5.9263,-155.3319,179.5661,0.7856
1741951159.81,1.046,2.138,4.907,3.003,0.1053,0.5991,5.9292,-155.7148,179.7916,0.5287
1741951159.89,1.058,2.14,4.92,3.016,0.118,0.5859,5.9338,-156.1143,-178.6553,-0.7027
1741951159.969,1.083,2.14,4.943,3.029,0.1276,0.5688,5.9361,-156.5649,-178.2962,-1.1759
1741951160.049,1.11,2.134,4.955,3.015,0.1359,0.5523,5.9352,-156.2267,-177.921,-1.7131
1741951160.129,1.136,2.136,4.976,3.025,0.1427,0.5354,5.9347,-156.5072,-178.1195,-1.179
1741951160.208,1.136,2.136,5.002,3.074,0.1464,0.5124,5.9323,-158.2349,178.9049,2.7616
1741951160.288,1.158,2.136,4.999,3.042,0.1536,0.493,5.9334,-157.1236,179.6371,2.3579
1741951160.367,1.183,2.147,5.014,3.047,0.1602,0.4775,5.9342,-157.0462,179.8246,1.687
1741951160.447,1.205,2.147,5.038,3.064,0.1677,0.465,5.9353,-157.6286,-179.5012,1.5261
1741951160.527,1.224,2.148,5.045,3.056,0.1736,0.455,5.9364,-157.3275,-178.9012,1.1988
1741951160.606,1.224,2.148,5.037,3.041,0.1771,0.4501,5.9384,-156.8164,-179.105,-0.3982
1741951160.686,1.242,2.146,5.051,3.044,0.1805,0.4451,5.9402,-156.9596,-179.3001,-1.9631
1741951160.766,1.254,2.144,5.058,3.042,0.1868,0.4338,5.9408,-156.9374,-179.1198,-2.6185
1741951160.845,1.259,2.146,5.059,3.039,0.1926,0.4152,5.9399,-156.8019,-179.8011,-2.7365
1741951160.925,1.278,2.145,5.092,3.073,0.1941,0.383,5.9382,-157.9916,173.616,1.9169
1741951161.005,1.278,2.145,4.992,2.906,0.208,0.3636,5.9378,-152.3162,179.3675,-3.0453
1741951161.084,1.314,2.158,5.048,2.971,0.2168,0.3422,5.9368,-154.2004,-179.9192,-1.8362
1741951161.164,1.347,2.158,5.082,2.993,0.2236,0.3238,5.9387,-154.9381,-179.6526,0.1241
1741951161.244,1.373,2.159,5.12,3.028,0.2308,0.3097,5.9411,-156.1317,-179.1245,1.5666
1741951161.324,1.401,2.164,5.146,3.044,0.2357,0.2981,5.9417,-156.5434,-179.0502,1.8208
1741951161.403,1.401,2.164,5.172,3.084,0.2425,0.2819,5.9403,-157.947,-179.2651,1.7895
1741951161.482,1.413,2.164,5.185,3.093,0.2481,0.2655,5.9404,-158.255,-179.8312,1.2796
1741951161.562,1.434,2.166,5.21,3.111,0.2543,0.2516,5.9392,-158.8504,179.6491,-1.832
1741951161.642,1.453,2.17,5.253,3.158,0.2606,0.235,5.9385,-160.4499,178.9867,-3.0078
1741951161.722,1.481,2.173,5.276,3.165,0.2679,0.2168,5.9376,-160.6306,179.3425,-1.9945
1741951161.801,1.481,2.173,5.284,3.177,0.2734,0.202,5.9382,-161.0826,179.2431,-1.458
1741951161.881,1.5,2.176,5.309,3.197,0.2791,0.1872,5.9387,-161.735,179.3653,-0.9214
1741951161.961,1.531,2.18,5.342,3.215,0.2843,0.1728,5.9392,-162.3009,179.3226,-0.5379
1741951162.04,1.549,2.185,5.369,3.238,0.2895,0.1578,5.9396,-163.045,179.2727,-0.3362
1741951163.553,1.181,2.197,5.098,3.237,0.3166,0.0675,5.9415,-162.6898,179.4497,-0.1688
1741951163.633,1.684,2.187,5.439,3.205,0.3132,0.0759,5.9416,-161.7331,179.4879,-0.3701
1741951163.713,1.684,2.187,5.42,3.18,0.3103,0.0817,5.9416,-160.821,179.5323,-0.1335
1741951163.792,1.667,2.204,5.392,3.169,0.3072,0.0871,5.9413,-160.0252,179.5253,-0.1551
1741951163.872,1.655,2.199,5.366,3.143,0.3045,0.0923,5.9413,-159.2168,179.4564,0.0681
1741951163.952,1.635,2.194,5.349,3.135,0.3014,0.0989,5.9415,-159.0475,179.3442,0.1212
1741951164.031,1.629,2.193,5.344,3.133,0.298,0.1069,5.9415,-158.9956,179.2719,0.0442
1741951164.111,1.629,2.193,5.342,3.13,0.2945,0.1151,5.941,-158.8998,179.0785,0.2634
1741951164.191,1.62,2.191,5.338,3.132,0.2896,0.1265,5.9404,-159.0143,179.0379,0.4376
1741951164.27,1.606,2.191,5.325,3.127,0.285,0.1378,5.9404,-158.8388,179.0641,0.4666
1741951164.35,1.592,2.19,5.319,3.13,0.2809,0.1484,5.94,-158.966,179.1267,0.3887
1741951164.43,1.576,2.189,5.309,3.131,0.2762,0.1606,5.9399,-159.0355,179.2805,0.3332
1741951164.509,1.576,2.189,5.309,3.13,0.2723,0.1716,5.9403,-158.999,179.3847,0.2337
1741951164.589,1.56,2.187,5.289,3.117,0.2677,0.1825,5.9402,-158.5724,179.4981,0.029
1741951164.668,1.546,2.185,5.237,3.055,0.2605,0.1939,5.94,-156.4716,179.7976,0.2139
1741951164.748,1.531,2.184,5.166,2.967,0.2525,0.2045,5.94,-153.5498,179.5782,0.5616
1741951164.828,1.507,2.182,5.133,2.939,0.2457,0.2152,5.94,-152.6714,179.4708,0.3603
1741951164.907,1.507,2.182,5.134,2.94,0.2419,0.2212,5.9391,-152.7328,179.2512,0.3231
1741951164.987,1.495,2.188,5.125,2.94,0.2415,0.2215,5.9384,-152.6047,179.2672,0.188
1741951165.067,1.482,2.188,5.118,2.941,0.242,0.2205,5.9382,-152.6421,179.4,0.4017
1741951165.146,1.483,2.187,5.117,2.939,0.2424,0.22,5.9385,-152.5885,179.4408,0.322
1741951165.226,1.484,2.188,5.117,2.938,0.2425,0.2198,5.9386,-152.5483,179.4551,0.2494
1741951165.306,1.484,2.188,5.116,2.937,0.242,0.2216,5.9399,-152.5075,179.3524,-0.1579
1741951165.385,1.485,2.187,5.117,2.936,0.242,0.2217,5.94,-152.5091,179.3376,-0.2277
1741951165.465,1.486,2.188,5.117,2.937,0.242,0.2218,5.9401,-152.5087,179.3688,-0.2056
1741951165.544,1.485,2.187,5.114,2.932,0.2412,0.2246,5.944,-152.3766,179.453,-0.1318
1741951165.624,1.486,2.188,5.115,2.934,0.2412,0.2244,5.9437,-152.412,179.5045,-0.0984
1741951165.704,1.486,2.188,5.115,2.934,0.2413,0.2242,5.9435,-152.3965,179.4481,-0.1656
1741951165.783,1.485,2.186,5.115,2.933,0.2413,0.2241,5.9433,-152.4261,179.4679,-0.1094
1741951165.863,1.485,2.188,5.117,2.938,0.2412,0.2241,5.943,-152.5409,179.8302,0.046
1741951165.943,1.485,2.188,5.117,2.937,0.2414,0.224,5.9429,-152.5036,179.7571,0.0078
1741951166.022,1.486,2.189,5.117,2.937,0.2419,0.2232,5.9426,-152.4814,179.7088,0.1113
1741951166.102,1.486,2.189,5.119,2.94,0.2416,0.2234,5.9424,-152.5772,179.4786,-0.0353
1741951166.182,1.486,2.186,5.117,2.936,0.2416,0.2233,5.9422,-152.5076,179.4221,-0.071
1741951166.262,1.486,2.187,5.117,2.936,0.2417,0.2229,5.942,-152.497,179.455,0.0714
1741951166.341,1.485,2.188,5.118,2.939,0.242,0.2219,5.9415,-152.5625,179.4783,0.2349
1741951166.421,1.486,2.187,5.119,2.939,0.2422,0.2211,5.9403,-152.5803,179.4309,0.1871
1741951166.5,1.486,2.187,5.114,2.932,0.2424,0.2201,5.9389,-152.3729,179.5644,-0.2857
1741951166.58,1.485,2.188,5.114,2.933,0.2423,0.2204,5.9391,-152.3784,179.4935,-0.2985
1741951166.66,1.484,2.188,5.113,2.932,0.2423,0.2205,5.9394,-152.3532,179.4678,-0.3226
1741951166.739,1.484,2.189,5.112,2.931,0.2423,0.2203,5.9395,-152.3072,179.5986,-0.4295
1741951166.819,1.485,2.189,5.112,2.93,0.2424,0.2201,5.9395,-152.2742,179.55,-0.4856
1741951166.899,1.485,2.189,5.112,2.93,0.2424,0.22,5.9395,-152.2606,179.5023,-0.5001
1741951166.978,1.484,2.189,5.111,2.929,0.2425,0.2198,5.9395,-152.2433,179.4834,-0.5219
1741951167.058,1.485,2.189,5.111,2.929,0.2425,0.2197,5.9395,-152.2408,179.453,-0.544
1741951167.138,1.484,2.188,5.11,2.928,0.2425,0.2196,5.9395,-152.2051,179.4771,-0.588
1741951167.218,1.483,2.188,5.109,2.927,0.2425,0.2196,5.9395,-152.1921,179.4463,-0.58
1741951167.297,1.483,2.188,5.109,2.927,0.2426,0.2195,5.9395,-152.1776,179.4109,-0.5779
1741951167.376,1.486,2.188,5.111,2.927,0.2426,0.2195,5.9395,-152.1919,179.3798,-0.582
1741951167.456,1.483,2.189,5.107,2.926,0.2427,0.2192,5.9395,-152.121,179.3863,-0.6665
1741951167.536,1.483,2.188,5.1,2.915,0.2434,0.2176,5.9395,-151.787,179.4702,-0.7011
1741951167.616,1.483,2.188,5.081,2.886,0.2449,0.2135,5.9394,-150.8812,179.517,-0.7828
1741951167.695,1.487,2.187,5.05,2.837,0.2467,0.2068,5.9392,-149.3503,179.4748,-0.8075
1741951167.775,1.49,2.189,5.009,2.776,0.2493,0.1992,5.9391,-147.4387,179.4539,-0.8685
1741951167.854,1.501,2.197,4.983,2.733,0.2513,0.194,5.9403,-146.0472,179.7583,-0.9621
1741951167.934,1.52,2.208,4.947,2.673,0.2548,0.1852,5.94,-144.0958,179.7886,-0.8105
1741951169.208,1.616,2.225,4.993,2.683,0.3044,0.124,5.9403,-144.1587,179.4823,-1.235
1741951169.288,1.618,2.217,5.006,2.696,0.3075,0.1209,5.9407,-144.672,179.4814,-1.2707
1741951169.368,1.62,2.209,5.022,2.712,0.3108,0.1178,5.941,-145.2448,179.4894,-1.235
1741951169.447,1.623,2.204,5.038,2.73,0.315,0.1137,5.9423,-145.8462,179.8863,-1.1274
1741951169.527,1.627,2.196,5.063,2.757,0.3187,0.1099,5.9418,-146.7761,-179.055,-0.8263
1741951169.607,1.627,2.196,5.073,2.77,0.3208,0.1071,5.941,-147.167,-179.4108,-0.9979
1741951169.686,1.629,2.19,5.084,2.782,0.3236,0.1039,5.9409,-147.6124,-179.62,-1.0843
1741951169.766,1.632,2.187,5.097,2.796,0.3264,0.101,5.9408,-148.0805,-179.8068,-1.1434
1741951169.846,1.635,2.182,5.109,2.806,0.3285,0.0979,5.9416,-148.487,179.9815,-1.1611
1741951169.925,1.637,2.178,5.122,2.82,0.3316,0.093,5.9399,-148.9829,179.9125,-1.0467
1741951170.005,1.637,2.178,5.137,2.839,0.3348,0.0886,5.939,-149.5893,179.8777,-1.1732
1741951170.084,1.641,2.173,5.153,2.856,0.3372,0.0863,5.9409,-150.205,179.7886,-1.3012
1741951170.164,1.648,2.171,5.174,2.877,0.3402,0.0825,5.9419,-150.8866,179.7068,-1.3045
1741951170.244,1.651,2.168,5.194,2.899,0.3437,0.0778,5.942,-151.6693,179.6126,-1.2854
1741951170.323,1.656,2.165,5.219,2.927,0.3478,0.0723,5.9422,-152.6207,179.6233,-1.2414
1741951170.403,1.656,2.165,5.244,2.959,0.3525,0.0649,5.942,-153.6737,179.5402,-1.1909
1741951170.483,1.662,2.16,5.279,2.998,0.3561,0.057,5.9453,-155.0703,179.5347,-1.1924
1741951170.562,1.673,2.157,5.31,3.027,0.3614,0.0507,5.9437,-156.1132,179.6451,-1.3077
1741951170.642,1.686,2.156,5.34,3.054,0.3661,0.0443,5.9425,-157.0936,179.6418,-1.2538
1741951170.722,1.696,2.154,5.364,3.075,0.3701,0.0384,5.9427,-157.8554,179.7044,-1.2935
1741951170.801,1.696,2.154,5.366,3.077,0.373,0.0318,5.9428,-157.9405,179.6287,-1.2168
1741951170.881,1.703,2.155,5.371,3.079,0.3761,0.0237,5.943,-157.9711,179.5574,-1.1984
1741951170.961,1.713,2.157,5.378,3.08,0.379,0.017,5.9432,-157.9653,179.563,-1.2701
1741951171.04,1.725,2.157,5.384,3.078,0.3817,0.0099,5.9433,-157.918,179.5877,-1.2749
1741951171.12,1.734,2.159,5.391,3.08,0.3846,0.0024,5.9433,-157.9277,179.5703,-1.1758
1741951171.199,1.734,2.159,5.39,3.08,0.3874,-0.005,5.9432,-157.9091,179.5585,-1.1485
1741951171.279,1.743,2.162,5.375,3.056,0.3891,-0.0122,5.9433,-157.0017,179.5708,-1.1931
1741951171.359,1.756,2.161,5.348,3.012,0.3903,-0.0187,5.9434,-155.5232,179.5174,-1.2379
1741951171.439,1.76,2.163,5.325,2.981,0.3922,-0.0254,5.9431,-154.4355,179.5332,-1.2794
1741951171.518,1.769,2.164,5.327,2.978,0.3949,-0.0314,5.9435,-154.3113,179.4547,-1.3602
1741951171.598,1.769,2.164,5.328,2.979,0.3979,-0.0375,5.9435,-154.3523,179.4308,-1.3255
1741951171.677,1.776,2.164,5.334,2.981,0.4013,-0.0447,5.9438,-154.4253,179.474,-1.2814
1741951171.757,1.785,2.162,5.341,2.981,0.4048,-0.051,5.944,-154.4752,179.5622,-1.3023
1741951171.837,1.793,2.163,5.346,2.982,0.4085,-0.0582,5.9441,-154.4689,179.6066,-1.3024
1741951171.916,1.804,2.164,5.353,2.983,0.4129,-0.0661,5.9445,-154.477,179.6712,-1.4153
1741951171.996,1.804,2.164,5.354,2.984,0.4186,-0.0771,5.9453,-154.5251,179.731,-1.4545
1741951172.076,1.813,2.161,5.365,2.989,0.4247,-0.0894,5.9453,-154.7503,179.7947,-1.4218
1741951172.155,1.828,2.162,5.376,2.991,0.4318,-0.1046,5.9453,-154.8067,179.7373,-1.4168
1741951172.235,1.848,2.163,5.394,2.999,0.4387,-0.1193,5.9454,-155.0578,179.6931,-1.3364
1741951172.315,1.867,2.164,5.409,3.003,0.4449,-0.132,5.9457,-155.1698,179.7612,-1.3918
1741951172.394,1.867,2.164,5.413,3.008,0.4513,-0.1443,5.9457,-155.3222,179.7573,-1.4631
1741951172.474,1.887,2.165,5.427,3.01,0.4565,-0.1547,5.9468,-155.3758,179.7862,-1.5459
1741951172.554,1.903,2.163,5.44,3.012,0.4614,-0.1652,5.9472,-155.4978,179.8019,-1.5361
1741951172.633,1.918,2.146,5.452,3.005,0.4666,-0.1756,5.9476,-155.619,179.8539,-1.5899
1741951172.713,1.936,2.137,5.469,3.005,0.4727,-0.1891,5.9472,-155.8179,179.8271,-1.5136
1741951172.792,1.936,2.137,5.473,3.01,0.4782,-0.2014,5.9475,-155.9704,179.7973,-1.4836
1741951172.872,1.951,2.136,5.485,3.012,0.4844,-0.2152,5.9486,-156.0636,179.6963,-1.4842
1741951172.952,1.971,2.14,5.5,3.017,0.4899,-0.2273,5.9482,-156.1671,179.7022,-1.4916
1741951173.031,1.988,2.142,5.513,3.021,0.4957,-0.2397,5.9477,-156.2329,179.7241,-1.4108
1741951173.111,1.988,2.142,5.515,3.023,0.5014,-0.2514,5.9477,-156.3033,179.8572,-1.368
1741951173.191,2.005,2.142,5.529,3.026,0.5067,-0.2635,5.9473,-156.431,179.9945,-1.3051
1741951173.27,2.02,2.142,5.545,3.033,0.5122,-0.2747,5.9473,-156.671,-179.8854,-1.5376
1741951173.35,2.035,2.142,5.557,3.036,0.5167,-0.2845,5.9479,-156.7702,-179.8594,-1.5628
1741951173.43,2.05,2.143,5.571,3.041,0.5217,-0.2955,5.9484,-156.9167,-179.8103,-1.5969
1741951173.509,2.05,2.143,5.572,3.042,0.5264,-0.3064,5.9489,-156.9522,-179.9131,-1.4559
1741951173.589,2.067,2.146,5.585,3.046,0.5307,-0.3166,5.9494,-157.034,-179.9276,-1.4163
1741951173.669,2.081,2.146,5.598,3.05,0.5367,-0.3297,5.9492,-157.1682,-179.8662,-1.2642
1741951173.748,2.095,2.147,5.607,3.05,0.5417,-0.3407,5.9492,-157.1626,-179.806,-1.1835
1741951173.828,2.112,2.147,5.623,3.056,0.5466,-0.3521,5.949,-157.3549,-179.7267,-1.1312
1741951173.908,2.112,2.147,5.625,3.058,0.5517,-0.3628,5.9485,-157.4109,-179.7347,-1.2057
1741951173.987,2.128,2.147,5.637,3.06,0.5563,-0.3731,5.9479,-157.4872,-179.7055,-1.4143
1741951174.067,2.144,2.148,5.653,3.065,0.5598,-0.3825,5.9489,-157.6614,-179.7484,-1.4393
1741951174.147,2.159,2.15,5.665,3.07,0.5644,-0.3936,5.9496,-157.7662,-179.8232,-1.5382
1741951174.226,2.174,2.15,5.682,3.076,0.5691,-0.405,5.9499,-157.9937,-179.7415,-1.5648
1741951174.306,2.174,2.15,5.678,3.072,0.5742,-0.4171,5.9499,-157.8603,-179.5963,-1.4871
1741951174.385,2.188,2.151,5.688,3.074,0.5789,-0.4285,5.9503,-157.8993,-179.753,-1.4585
1741951174.465,2.204,2.154,5.733,3.109,0.5858,-0.4426,5.949,-159.0893,-178.1856,-0.3025
1741951174.545,2.221,2.154,5.745,3.11,0.5903,-0.4523,5.9495,-159.1172,-178.4771,-0.9883
1741951174.624,2.235,2.156,5.747,3.104,0.5946,-0.4614,5.9501,-158.8619,-178.8706,-1.4499
1741951174.704,2.235,2.156,5.744,3.101,0.598,-0.4721,5.9511,-158.7505,-179.2068,-1.3364
1741951174.784,2.251,2.156,5.752,3.098,0.6021,-0.4828,5.9514,-158.6388,-179.4152,-1.1183
1741951174.863,2.267,2.159,5.767,3.105,0.6071,-0.4946,5.9515,-158.8121,-179.1655,-1.2019
1741951174.943,2.28,2.16,5.779,3.109,0.6115,-0.5062,5.9512,-158.925,-179.206,-0.9767
1741951175.023,2.298,2.162,5.789,3.108,0.6166,-0.5182,5.9511,-158.8556,-179.3621,-0.9183
1741951175.102,2.298,2.162,5.786,3.105,0.6209,-0.529,5.9515,-158.7583,-179.5979,-0.9918
1741951175.182,2.312,2.164,5.8,3.111,0.6255,-0.5388,5.9517,-158.911,-179.5515,-1.2474
1741951175.263,2.329,2.166,5.828,3.127,0.6297,-0.549,5.952,-159.4423,-179.6059,-1.1054
1741951175.341,2.343,2.165,5.853,3.141,0.6339,-0.5588,5.9525,-159.9745,-179.294,-1.1953
1741951175.421,2.362,2.169,5.883,3.16,0.6383,-0.5692,5.954,-160.5383,-179.3428,-1.1709
1741951175.5,2.362,2.169,5.888,3.164,0.6405,-0.5772,5.9539,-160.6899,-179.7047,-1.0779
1741951175.58,2.374,2.171,5.895,3.165,0.6452,-0.5901,5.9541,-160.6716,-179.7507,-0.8863
1741951175.66,2.392,2.174,5.915,3.173,0.6502,-0.6043,5.9533,-160.9161,-179.3978,-1.1722
1741951175.74,2.41,2.178,5.933,3.181,0.6557,-0.6177,5.9528,-161.0785,-179.1384,-1.1898
1741951175.819,2.423,2.181,5.94,3.181,0.6605,-0.6296,5.9523,-161.018,-179.0284,-1.1415
1741951175.899,2.423,2.181,5.937,3.179,0.6654,-0.6413,5.9516,-160.9345,-178.6474,-1.4659
1741951175.978,2.447,2.181,5.988,3.209,0.6717,-0.6539,5.952,-162.0667,-177.5106,0.0561
1741951176.058,2.455,2.182,5.981,3.198,0.6746,-0.6634,5.9518,-161.6286,-178.3336,-0.3347
1741951176.138,2.47,2.184,5.99,3.198,0.6789,-0.6764,5.9515,-161.5698,-178.6895,-0.5145
1741951176.217,2.488,2.185,6.001,3.197,0.6828,-0.6878,5.9518,-161.515,-178.9244,-0.7149
1741951176.297,2.488,2.185,5.999,3.196,0.6857,-0.6986,5.9514,-161.4507,-179.2334,-0.813
1741951176.377,2.507,2.186,5.981,3.169,0.6886,-0.7099,5.9514,-160.4711,-179.4389,-0.7823
1741951176.456,2.52,2.188,5.926,3.116,0.6917,-0.7225,5.9506,-158.5026,-179.4829,-0.7483
1741951176.536,2.527,2.187,5.884,3.074,0.695,-0.7326,5.9515,-157.0928,-179.5519,-0.918
1741951176.616,2.529,2.186,5.884,3.072,0.6993,-0.7436,5.9516,-157.0441,-179.4516,-0.6915
1741951176.695,2.529,2.186,5.887,3.075,0.7047,-0.756,5.9513,-157.1333,-179.3458,-0.6658
1741951176.775,2.544,2.186,5.901,3.079,0.7097,-0.7663,5.9517,-157.2745,-179.2628,-1.4487
1741951176.854,2.567,2.186,5.92,3.082,0.714,-0.7765,5.9524,-157.3965,-179.4301,-1.3196
1741951176.934,2.583,2.187,5.935,3.087,0.7192,-0.7886,5.9526,-157.5186,-179.3991,-1.2142
1741951177.014,2.595,2.187,5.94,3.084,0.7236,-0.7987,5.9531,-157.4311,-179.5666,-1.2021
1741951177.093,2.595,2.187,5.948,3.091,0.7283,-0.8097,5.9532,-157.6708,-179.5969,-1.1776
1741951177.173,2.607,2.188,5.951,3.088,0.7328,-0.8203,5.9533,-157.5377,-179.6803,-1.144
1741951177.253,2.626,2.188,5.964,3.088,0.738,-0.8313,5.9528,-157.5523,-179.6169,-0.9971
1741951177.332,2.636,2.189,5.983,3.099,0.7428,-0.8415,5.9526,-157.9021,-178.8685,-0.8737
1741951177.412,2.654,2.19,5.998,3.103,0.7473,-0.8509,5.9532,-158.0064,-178.9144,-1.0527
1741951177.492,2.654,2.19,5.998,3.103,0.7515,-0.8608,5.9532,-158.0025,-179.1022,-0.9123
1741951177.571,2.666,2.191,6.004,3.102,0.7559,-0.8698,5.9536,-157.9422,-179.0626,-1.0018
1741951177.651,2.674,2.191,6.013,3.105,0.7597,-0.8792,5.9536,-158.0601,-179.0979,-1.1746
1741951177.731,2.69,2.193,6.02,3.103,0.7638,-0.8901,5.9532,-157.9503,-179.1216,-0.5005
1741951177.81,2.697,2.193,6.028,3.106,0.7676,-0.8996,5.9537,-158.0562,-179.2106,-0.467
1741951177.89,2.697,2.193,6.029,3.107,0.7717,-0.9098,5.955,-158.0807,-179.437,-0.6504
1741951177.97,2.718,2.197,6.024,3.094,0.7781,-0.9273,5.9479,-157.5553,-178.8667,0.4596
1741951178.049,2.734,2.197,6.043,3.1,0.7828,-0.9348,5.9496,-157.7683,-178.7916,-0.6427
1741951178.129,2.737,2.199,6.062,3.115,0.7806,-0.9384,5.9591,-158.2432,-179.371,-1.111
1741951178.209,2.753,2.199,6.08,3.122,0.7861,-0.9463,5.9595,-158.4746,-179.1323,-1.0686
1741951178.288,2.753,2.199,6.083,3.124,0.7913,-0.9556,5.9576,-158.5471,-179.0135,-0.757
1741951178.368,2.772,2.201,6.093,3.123,0.7983,-0.9745,5.9456,-158.4726,-179.5035,-0.4265
1741951178.447,2.782,2.201,6.103,3.126,0.804,-0.9854,5.9437,-158.567,-179.726,-0.6636
1741951178.527,2.791,2.203,6.113,3.131,0.8069,-0.9914,5.9465,-158.6805,-179.8027,-0.9182
1741951178.608,2.812,2.205,6.13,3.134,0.8084,-0.9971,5.9512,-158.7562,-179.9557,-1.6007
1741951178.686,2.812,2.205,6.135,3.138,0.8107,-1.0041,5.9532,-158.8893,-179.8136,-1.7081
1741951178.766,2.824,2.204,6.144,3.138,0.8136,-1.0113,5.9559,-158.9208,-179.7783,-1.5115
1741951178.846,2.83,2.207,6.14,3.134,0.8166,-1.0184,5.9571,-158.6933,-179.8339,-2.2843
1741951178.925,2.841,2.207,6.115,3.109,0.8197,-1.0272,5.957,-157.8352,-179.6577,-2.0215
1741951179.005,2.841,2.207,6.091,3.09,0.8236,-1.0363,5.9561,-157.1932,-179.6519,-1.7974
1741951179.085,2.851,2.207,6.087,3.082,0.8279,-1.0467,5.9549,-156.9192,-179.7672,-1.793
1741951179.164,2.859,2.205,6.093,3.081,0.8325,-1.0556,5.9543,-156.9267,-179.0762,-1.1892
1741951179.244,2.874,2.206,6.115,3.091,0.8364,-1.0659,5.9544,-157.2488,-178.9564,-0.6386
1741951179.324,2.893,2.206,6.127,3.091,0.841,-1.0754,5.9543,-157.2391,-178.9849,-0.6618
1741951179.403,2.893,2.206,6.29,3.215,0.848,-1.0909,5.9517,-161.6333,-175.4009,1.339
1741951179.483,2.898,2.207,6.144,3.103,0.8519,-1.099,5.9528,-157.6157,-175.5368,3.1487
1741951179.562,2.916,2.208,6.159,3.105,0.8573,-1.1101,5.9527,-157.6867,-176.4042,2.8374
1741951179.642,2.927,2.21,6.178,3.116,0.8606,-1.1182,5.953,-157.9947,-177.7898,0.4084
1741951179.722,2.937,2.21,6.187,3.117,0.8653,-1.1269,5.9534,-158.0545,-178.2839,0.1942
1741951179.802,2.937,2.21,6.17,3.105,0.859,-1.1198,5.9562,-157.6218,-179.4565,-0.9102
1741951179.881,2.942,2.209,6.157,3.092,0.8665,-1.138,5.9518,-157.194,-179.63,-1.1471
1741951179.961,2.961,2.211,6.155,3.083,0.8717,-1.1496,5.9521,-156.8473,-179.5714,-1.3241
1741951180.04,2.969,2.212,6.151,3.077,0.8757,-1.1587,5.9538,-156.6205,-179.4097,-0.8951
1741951180.12,2.987,2.213,6.163,3.077,0.8792,-1.167,5.9555,-156.6277,-179.5165,-0.7535
1741951180.2,2.987,2.213,6.157,3.073,0.8835,-1.1774,5.9562,-156.4692,-179.5,-0.2544
1741951180.279,2.991,2.214,6.156,3.071,0.8871,-1.1857,5.957,-156.3861,-179.5981,-0.2165
1741951180.359,3.003,2.215,6.164,3.072,0.8905,-1.1941,5.9577,-156.4061,-179.6314,-0.1748
1741951180.439,3.022,2.216,6.174,3.071,0.8941,-1.2031,5.9577,-156.3536,-179.8314,-0.1679
1741951180.518,3.028,2.217,6.178,3.071,0.8983,-1.212,5.958,-156.3429,-179.6673,-0.1914
1741951180.598,3.028,2.217,6.207,3.093,0.9031,-1.2221,5.957,-157.0651,-178.9759,0.0685
1741951180.677,3.041,2.216,6.209,3.087,0.9072,-1.2298,5.957,-156.894,-179.1302,-0.3874
1741951180.757,3.057,2.218,6.232,3.098,0.9124,-1.2399,5.9562,-157.2093,-178.255,0.0765
1741951180.837,3.072,2.217,6.235,3.092,0.9169,-1.249,5.9563,-157.0443,-178.4511,0.0738
1741951180.916,3.075,2.219,6.255,3.107,0.922,-1.2577,5.9587,-157.4836,-178.0418,0.6346
1741951180.996,3.075,2.219,6.232,3.09,0.9265,-1.2677,5.9576,-156.9307,-178.48,0.4558
1741951181.076,3.095,2.218,6.24,3.086,0.9301,-1.2781,5.9569,-156.8069,-178.8105,0.4539
1741951181.155,3.11,2.219,6.239,3.079,0.9334,-1.288,5.9562,-156.5465,-179.0165,0.4213
1741951181.235,3.113,2.22,6.234,3.075,0.9368,-1.2979,5.9558,-156.3923,-179.1439,0.5885
1741951181.315,3.132,2.22,6.244,3.074,0.9412,-1.3064,5.9558,-156.3512,-179.1841,0.3251
1741951181.394,3.132,2.22,6.246,3.075,0.9455,-1.3138,5.9557,-156.388,-179.0308,-0.0479
1741951181.474,3.141,2.221,6.231,3.061,0.9473,-1.3191,5.9569,-155.8968,179.8648,-2.506
1741951181.554,3.158,2.223,6.252,3.069,0.9522,-1.3272,5.9566,-156.1496,-179.2228,-2.1465
1741951181.633,3.169,2.223,6.256,3.067,0.9563,-1.3349,5.957,-156.0801,-179.2364,-1.7188
1741951181.713,3.184,2.221,6.267,3.067,0.9603,-1.3448,5.9575,-156.1004,-179.1419,-0.8607
1741951181.793,3.184,2.221,6.292,3.085,0.9647,-1.3552,5.9576,-156.6955,-178.7406,-0.2665
1741951181.872,3.194,2.223,6.29,3.08,0.9682,-1.365,5.9581,-156.4857,-179.0492,-0.0042
1741951181.952,3.204,2.224,6.288,3.075,0.9729,-1.3747,5.9589,-156.3035,-178.8607,0.1495
1741951182.032,3.222,2.225,6.315,3.086,0.9779,-1.3855,5.9589,-156.6665,-178.4469,0.4521
1741951182.111,3.231,2.226,6.308,3.078,0.982,-1.3949,5.9585,-156.3664,-178.8585,0.0961
1741951182.191,3.231,2.226,6.304,3.075,0.9862,-1.4036,5.9582,-156.2827,-179.0461,0.0996
1741951182.27,3.24,2.226,6.305,3.072,0.9904,-1.4124,5.9584,-156.1702,-179.1205,0.0391
1741951182.35,3.25,2.227,6.318,3.077,0.9949,-1.4222,5.9577,-156.3064,-178.9236,0.1596
1741951182.43,3.261,2.226,6.331,3.081,0.9989,-1.4309,5.9576,-156.465,-178.5575,0.7584
1741951182.509,3.281,2.228,6.333,3.074,0.9994,-1.4323,5.9585,-156.2023,-178.8606,0.452
1741951182.589,3.281,2.228,6.326,3.069,0.9997,-1.4319,5.9593,-156.044,-178.8373,0.3328
1741951182.669,3.283,2.226,6.327,3.068,0.9994,-1.4312,5.9599,-156.0394,-178.917,0.2097
1741951182.748,3.284,2.226,6.326,3.067,0.9984,-1.4336,5.9572,-156.0022,-179.0152,0.5427
1741951182.828,3.285,2.226,6.319,3.062,0.9933,-1.428,5.9598,-155.8411,-179.6991,-0.0888
1741951182.908,3.285,2.226,6.323,3.065,0.9931,-1.4279,5.9598,-155.9295,-179.4295,-0.3901
1741951182.987,3.285,2.226,6.311,3.057,0.9931,-1.4276,5.96,-155.6602,-179.6319,-0.2779
1741951183.067,3.285,2.226,6.315,3.06,0.9932,-1.4276,5.9599,-155.7548,-179.7345,-0.4603
1741951183.146,3.285,2.225,6.285,3.038,0.993,-1.4273,5.9599,-155.0711,-179.4761,0.0346
1741951183.226,3.284,2.226,6.298,3.048,0.9939,-1.4284,5.9599,-155.3787,-179.1905,-0.163
1741951183.306,3.284,2.226,6.338,3.076,0.9985,-1.4335,5.9593,-156.2869,-178.3176,0.2338
1741951183.385,3.284,2.226,6.303,3.052,1.0037,-1.4395,5.9589,-155.5041,-178.8742,-0.9765
1741951183.465,3.287,2.226,6.306,3.052,1.008,-1.4473,5.9582,-155.5183,-178.6845,-1.0974
1741951183.545,3.297,2.226,6.319,3.057,1.0114,-1.4551,5.9586,-155.6655,-178.8853,-0.7829
1741951183.624,3.3,2.228,6.323,3.06,1.0142,-1.462,5.9589,-155.7189,-178.9239,-0.6124
1741951183.705,3.311,2.228,6.35,3.073,1.0176,-1.4703,5.9586,-156.1691,-178.5521,0.2677
1741951183.784,3.311,2.228,6.354,3.075,1.0196,-1.4769,5.9591,-156.2437,-178.6821,0.1501
1741951183.863,3.319,2.227,6.294,3.032,1.0205,-1.4795,5.9595,-154.8205,179.8084,-1.9205
1741951183.943,3.334,2.229,6.335,3.054,1.0237,-1.485,5.9584,-155.5019,-179.3538,-2.0076
1741951184.022,3.341,2.229,6.346,3.058,1.0271,-1.4882,5.9591,-155.6522,-179.0978,-1.8999
1741951184.103,3.341,2.227,6.333,3.049,1.0285,-1.4897,5.9599,-155.3743,-178.5743,-1.5059
1741951184.182,3.349,2.227,6.349,3.056,1.0296,-1.491,5.9601,-155.6204,-178.5382,-0.9458
1741951184.262,3.353,2.224,6.195,2.95,1.0302,-1.4873,5.9619,-152.261,-179.4003,-2.8484
1741951184.341,3.348,2.223,6.36,3.061,1.0329,-1.492,5.9634,-155.8633,-176.6874,-1.5951
1741951184.421,3.356,2.229,6.372,3.07,1.0402,-1.5023,5.964,-156.0265,-176.4986,-1.5169
1741951184.502,3.356,2.246,6.372,3.08,1.0471,-1.5179,5.9644,-156.0169,-177.0409,-1.5932
1741951184.58,3.363,2.246,6.388,3.088,1.0545,-1.532,5.9652,-156.281,-176.9841,-1.5943
1741951184.66,3.379,2.249,6.4,3.091,1.0605,-1.546,5.9659,-156.3143,-177.2768,-1.4499
1741951184.739,3.399,2.251,6.411,3.091,1.0662,-1.5585,5.9661,-156.2868,-177.1755,-1.3878
1741951184.819,3.421,2.251,6.419,3.087,1.0698,-1.567,5.9653,-156.1455,-177.4565,-1.376
1741951184.899,3.421,2.251,6.441,3.102,1.0742,-1.5761,5.9644,-156.6263,-177.0909,-1.2457
1741951184.978,3.436,2.25,6.502,3.135,1.0801,-1.589,5.9623,-157.7575,-176.2866,0.4814
1741951185.058,3.447,2.25,6.507,3.133,1.0853,-1.5999,5.9622,-157.6996,-176.4832,0.2899
1741951185.138,3.455,2.252,6.504,3.129,1.0872,-1.6153,5.9593,-157.5284,-177.6647,0.4563
1741951185.217,3.466,2.25,6.5,3.121,1.0929,-1.6286,5.9589,-157.2756,-178.7586,0.9517
1741951185.298,3.466,2.25,6.512,3.129,1.0964,-1.6345,5.96,-157.5431,-178.2203,0.7543
1741951185.377,3.49,2.237,6.549,3.134,1.0976,-1.6364,5.9604,-158.0058,-177.4643,0.855
1741951185.456,3.501,2.236,6.538,3.121,1.0977,-1.6366,5.9611,-157.6143,-177.5807,1.3729
1741951185.536,3.505,2.236,6.528,3.114,1.0975,-1.6375,5.9612,-157.3457,-177.5729,1.5604
1741951185.615,3.511,2.237,6.519,3.106,1.0992,-1.6394,5.963,-157.0546,-177.6404,0.8813
1741951185.695,3.511,2.237,6.5,3.094,1.1027,-1.6462,5.9638,-156.6628,-177.6188,0.4817
1741951185.775,3.51,2.237,6.739,3.246,1.1153,-1.6673,5.9656,-161.9627,-172.0314,4.7921
1741951185.855,3.516,2.248,6.648,3.193,1.1245,-1.6871,5.9633,-159.7954,-173.3637,4.1899
1741951185.934,3.538,2.249,6.625,3.17,1.1306,-1.704,5.9615,-158.963,-174.6424,4.4384
1741951186.014,3.566,2.239,6.619,3.147,1.1345,-1.7157,5.9615,-158.4283,-175.7304,4.2293
1741951186.094,3.566,2.239,6.624,3.15,1.134,-1.7133,5.9622,-158.5283,-175.9731,3.1338
1741951186.173,3.583,2.241,6.642,3.156,1.1267,-1.71,5.9575,-158.6862,-176.9671,2.4504
1741951186.253,3.587,2.243,6.613,3.137,1.1284,-1.7137,5.9522,-158.0018,-177.0389,1.8527
1741951186.332,3.586,2.24,6.596,3.126,1.1324,-1.7172,5.9523,-157.6662,-177.3099,1.8067
1741951186.412,3.587,2.24,6.584,3.117,1.1303,-1.7112,5.9569,-157.3866,-177.9459,1.2499
1741951186.492,3.587,2.24,6.57,3.109,1.1268,-1.7058,5.9615,-157.0911,-177.9706,1.6775
1741951186.571,3.581,2.24,6.546,3.096,1.1209,-1.7001,5.9622,-156.685,-178.5288,1.4336
1741951186.651,3.586,2.24,6.56,3.103,1.1199,-1.6991,5.963,-156.9014,-178.1348,1.3561
1741951186.731,3.586,2.241,6.543,3.093,1.1194,-1.698,5.9636,-156.5564,-178.4101,1.4888
1741951186.81,3.582,2.241,6.58,3.118,1.1186,-1.6974,5.9639,-157.3766,-177.6527,1.835
1741951186.89,3.582,2.241,6.57,3.112,1.1184,-1.6971,5.9642,-157.1763,-177.8416,1.6668
1741951186.97,3.583,2.24,6.549,3.097,1.1182,-1.6966,5.9645,-156.7204,-177.9608,1.6117
1741951187.049,3.581,2.24,6.535,3.089,1.118,-1.6963,5.9648,-156.4408,-178.1894,1.416
1741951187.129,3.585,2.241,6.526,3.083,1.1179,-1.696,5.965,-156.2164,-178.454,1.2477
1741951187.208,3.581,2.24,6.516,3.078,1.1178,-1.6958,5.9652,-156.0654,-178.6096,1.2174
1741951187.288,3.581,2.24,6.515,3.077,1.1176,-1.6955,5.9653,-156.0327,-178.3816,1.4208
1741951187.368,3.579,2.24,6.583,3.12,1.1172,-1.6956,5.9653,-157.49,-177.3683,1.9645
1741951187.447,3.587,2.239,6.586,3.118,1.1172,-1.6954,5.9654,-157.4251,-177.6785,1.6792
1741951187.527,3.585,2.24,6.583,3.117,1.1172,-1.6954,5.9656,-157.391,-178.1121,1.3356
1741951187.607,3.578,2.239,6.574,3.114,1.1172,-1.6953,5.9658,-157.3116,-178.4481,1.0874
1741951187.687,3.578,2.239,6.57,3.112,1.1172,-1.6953,5.9659,-157.2229,-178.6721,0.8866
1741951187.766,3.586,2.241,6.571,3.11,1.1172,-1.6953,5.966,-157.1319,-178.8463,0.7478
1741951187.846,3.582,2.24,6.564,3.107,1.1171,-1.6951,5.9662,-157.0409,-178.9194,0.6482
1741951187.925,3.581,2.24,6.56,3.105,1.1171,-1.6949,5.9663,-156.9772,-178.9414,0.5847
1741951188.005,3.586,2.24,6.561,3.104,1.117,-1.6947,5.9664,-156.9318,-178.9641,0.5475
1741951188.085,3.586,2.24,6.559,3.103,1.117,-1.6945,5.9666,-156.8903,-178.9803,0.5074
1741951188.164,3.586,2.24,6.558,3.102,1.1169,-1.6944,5.9667,-156.8642,-178.9704,0.4929
1741951188.244,3.581,2.241,6.553,3.101,1.1168,-1.6942,5.9668,-156.8276,-178.9668,0.485
1741951188.324,3.579,2.239,6.551,3.1,1.1168,-1.694,5.9669,-156.8122,-178.9671,0.4854
1741951188.403,3.579,2.24,6.551,3.1,1.1167,-1.6939,5.967,-156.8024,-178.9784,0.4814
1741951188.483,3.579,2.24,6.55,3.1,1.1167,-1.6937,5.9672,-156.7918,-178.9814,0.4882
1741951188.563,3.585,2.24,6.553,3.099,1.1166,-1.6936,5.9673,-156.7792,-178.9818,0.4855
1741951188.642,3.582,2.241,6.552,3.1,1.1166,-1.6934,5.9674,-156.7817,-178.9674,0.4778
1741951188.722,3.581,2.241,6.55,3.1,1.1165,-1.6933,5.9675,-156.7678,-178.9876,0.4702
1741951188.802,3.582,2.24,6.55,3.099,1.1165,-1.6932,5.9676,-156.7576,-179.0154,0.4592
1741951188.881,3.582,2.24,6.551,3.099,1.1165,-1.693,5.9676,-156.7624,-179.01,0.4777
1741951188.961,3.581,2.24,6.55,3.099,1.1164,-1.6929,5.9677,-156.7584,-178.9899,0.4893
1741951189.04,3.581,2.239,6.549,3.097,1.1164,-1.6928,5.9678,-156.7428,-179.0251,0.4807
1741951189.12,3.585,2.241,6.552,3.099,1.1164,-1.6927,5.9679,-156.7457,-179.035,0.4853
1741951189.2,3.581,2.24,6.55,3.099,1.1163,-1.6926,5.968,-156.7673,-178.9882,0.4861
1741951189.279,3.581,2.24,6.55,3.098,1.1163,-1.6925,5.9681,-156.7516,-178.994,0.4703
1741951189.359,3.581,2.241,6.551,3.1,1.1162,-1.6924,5.9681,-156.7839,-178.9708,0.4826
1741951189.439,3.584,2.241,6.553,3.1,1.1162,-1.6923,5.9682,-156.7819,-178.9809,0.4875
1741951189.518,3.583,2.239,6.552,3.099,1.1162,-1.6921,5.9683,-156.7786,-178.9738,0.4935
1741951189.598,3.583,2.239,6.552,3.099,1.1161,-1.692,5.9684,-156.7857,-178.9571,0.5037
1741951189.678,3.586,2.239,6.554,3.099,1.1161,-1.6919,5.9685,-156.7859,-178.9813,0.5013
1741951189.757,3.583,2.24,6.552,3.099,1.1161,-1.6918,5.9685,-156.7788,-178.9823,0.5051
1741951189.837,3.586,2.24,6.554,3.099,1.116,-1.6917,5.9686,-156.781,-178.9764,0.4879
1741951189.917,3.581,2.24,6.533,3.088,1.1167,-1.6922,5.9687,-156.4042,-178.6846,0.7221
1741951189.998,3.581,2.24,6.511,3.075,1.1213,-1.6977,5.9685,-155.9596,-177.8398,1.0091
1741951190.076,3.583,2.24,6.613,3.138,1.1315,-1.7116,5.9682,-158.0723,-176.542,0.2695
1741951190.157,3.585,2.244,6.662,3.17,1.1348,-1.7342,5.9669,-159.0868,179.8361,1.23
1741951190.235,3.6,2.254,6.778,3.243,1.1427,-1.7571,5.9672,-161.408,179.3759,3.2584
1741951190.315,3.621,2.244,6.7,3.178,1.1504,-1.7736,5.9683,-159.3727,-179.4859,3.3195
1741951190.395,3.621,2.244,6.678,3.165,1.1577,-1.7886,5.9712,-158.9034,-179.0676,2.1481
1741951190.474,3.652,2.245,6.689,3.159,1.1651,-1.8029,5.9726,-158.6931,-178.8996,1.8825
1741951190.554,3.677,2.246,6.707,3.161,1.161,-1.7938,5.9724,-158.7216,-178.5066,1.9225
1741951190.633,3.699,2.248,6.735,3.17,1.1704,-1.8104,5.9732,-159.0016,-178.0103,2.4447
1741951190.713,3.721,2.249,6.796,3.199,1.1779,-1.8234,5.9731,-159.9803,-176.9354,1.8136
1741951190.793,3.721,2.249,6.757,3.175,1.1809,-1.8289,5.9734,-159.1463,-177.2318,1.4905
1741951190.872,3.735,2.253,6.748,3.167,1.1827,-1.8334,5.9723,-158.767,-177.5189,1.7551
1741951190.952,3.729,2.252,6.721,3.152,1.1829,-1.8348,5.9715,-158.2918,-178.081,1.3074
1741951191.032,3.727,2.254,6.657,3.116,1.1811,-1.8344,5.97,-157.0258,-179.5473,0.653
1741951191.111,3.728,2.251,6.646,3.106,1.1715,-1.8188,5.9734,-156.7856,179.4968,0.1021
1741951191.191,3.728,2.251,6.75,3.169,1.1694,-1.8181,5.973,-158.9109,-178.3665,0.5616
1741951191.27,3.727,2.251,6.799,3.2,1.1683,-1.8171,5.9727,-159.9534,-176.7105,1.5663
1741951191.35,3.727,2.25,6.759,3.175,1.1755,-1.8237,5.9797,-159.1162,-177.3993,0.891
1741951191.43,3.727,2.251,6.752,3.171,1.1752,-1.8235,5.9794,-158.9659,-177.7457,0.8065
1741951191.51,3.727,2.252,6.748,3.17,1.1749,-1.823,5.979,-158.8942,-178.2474,1.367
1741951191.589,3.727,2.252,6.727,3.157,1.1746,-1.8226,5.9788,-158.4522,-178.755,1.2513
1741951191.669,3.731,2.252,6.728,3.156,1.1745,-1.8225,5.9786,-158.4142,-179.1249,0.7868
1741951191.749,3.73,2.252,6.702,3.141,1.1743,-1.8222,5.9784,-157.9072,-179.4336,0.4961
1741951191.828,3.73,2.252,6.671,3.122,1.1741,-1.822,5.9781,-157.2678,-179.3522,0.4996
1741951191.908,3.727,2.251,6.672,3.123,1.1754,-1.8236,5.9777,-157.3387,-179.141,0.8175
1741951191.987,3.727,2.251,6.681,3.128,1.1781,-1.8279,5.9759,-157.5133,-178.4175,1.7174
1741951192.067,3.727,2.253,6.687,3.133,1.1722,-1.8206,5.9764,-157.6394,-178.4346,1.3297
1741951192.147,3.729,2.251,6.694,3.135,1.1719,-1.8204,5.9761,-157.7559,-178.6536,0.9472
1741951192.226,3.73,2.253,6.684,3.13,1.1715,-1.8201,5.9758,-157.5381,-178.5269,0.736
1741951192.306,3.731,2.25,6.731,3.156,1.1706,-1.8206,5.975,-158.4785,-178.0079,0.842
1741951192.386,3.731,2.25,6.708,3.142,1.1705,-1.8201,5.9749,-157.9999,-178.1557,1.3793
1741951192.465,3.729,2.253,6.759,3.176,1.1706,-1.8205,5.9745,-159.086,-177.144,1.6736
1741951192.545,3.728,2.251,6.677,3.125,1.174,-1.8241,5.9741,-157.4164,-177.1424,2.1799
1741951192.625,3.727,2.252,6.68,3.128,1.1809,-1.8315,5.9732,-157.4901,-177.1385,0.8107
1741951192.704,3.735,2.251,6.682,3.126,1.191,-1.8474,5.97,-157.4289,-176.9825,1.474
1741951192.784,3.735,2.251,6.729,3.154,1.1913,-1.859,5.9609,-158.3837,-177.3725,0.5852
1741951192.864,3.742,2.254,6.712,3.143,1.2025,-1.8719,5.9582,-157.9525,-177.1088,0.807
1741951192.943,3.757,2.253,6.721,3.142,1.2075,-1.8759,5.9589,-157.9172,-176.3013,0.3269
1741951193.023,3.768,2.269,6.476,3.001,1.2097,-1.877,5.9609,-153.0168,-174.512,3.4039
1741951193.102,3.772,2.273,6.547,3.044,1.2112,-1.8789,5.9643,-154.3063,-174.8718,2.8311
1741951193.182,3.772,2.273,6.562,3.053,1.2107,-1.8826,5.9665,-154.601,-176.2594,1.8354
1741951193.262,3.769,2.275,6.588,3.071,1.2123,-1.8925,5.9665,-155.1349,-177.6897,1.1296
1741951193.341,3.775,2.268,6.708,3.137,1.2233,-1.9103,5.9648,-157.419,-175.6191,0.4035
1741951193.421,3.785,2.255,6.7,3.119,1.2324,-1.9362,5.9626,-157.1317,-175.7293,1.8331
1741951193.501,3.812,2.271,6.384,2.931,1.238,-1.9518,5.9639,-150.8462,-177.0248,3.2105
1741951193.58,3.812,2.271,6.493,2.996,1.2402,-1.9649,5.9675,-152.8432,-177.4376,2.5505
1741951193.66,3.842,2.261,6.59,3.037,1.2405,-1.9715,5.9707,-154.3166,-177.9321,1.9539
1741951193.74,3.863,2.265,6.63,3.055,1.2403,-1.9775,5.9719,-154.8282,-178.5831,1.807
1741951193.819,3.874,2.263,6.768,3.131,1.2553,-2.0019,5.9718,-157.3342,-176.1851,4.371
1741951193.899,3.883,2.263,6.794,3.143,1.2318,-1.9646,5.9742,-157.7299,-177.4051,3.0069
1741951193.979,3.883,2.263,6.809,3.151,1.2421,-1.9839,5.9746,-158.0191,-177.2354,3.7989
1741951194.058,3.894,2.264,6.843,3.167,1.2491,-2.0002,5.9748,-158.5453,-176.836,4.8953
1741951194.138,3.907,2.262,6.867,3.175,1.2531,-2.0084,5.9765,-158.8565,-177.1739,3.701
1741951194.218,3.92,2.266,6.844,3.159,1.2588,-2.0196,5.9761,-158.2279,-176.8009,3.4864
1741951194.297,3.927,2.265,6.844,3.156,1.266,-2.0336,5.9756,-158.147,-175.8899,4.1072
1741951194.377,3.927,2.265,6.803,3.132,1.274,-2.049,5.9743,-157.3481,-175.6791,3.5383
1741951194.457,3.938,2.269,6.907,3.191,1.2787,-2.0676,5.9724,-159.228,-177.6682,3.9943
1741951194.536,3.956,2.284,6.907,3.194,1.2839,-2.0794,5.9732,-159.0,-177.8463,2.8706
1741951194.616,3.973,2.268,6.909,3.178,1.2878,-2.091,5.9727,-158.8199,-178.0764,2.5719
1741951194.695,3.995,2.275,6.939,3.191,1.2913,-2.1,5.9731,-159.0969,-178.1659,2.2882
1741951194.775,3.995,2.275,6.914,3.177,1.2931,-2.1062,5.9733,-158.6156,-178.1462,2.457
1741951194.855,4.011,2.277,6.896,3.162,1.2958,-2.1124,5.973,-158.0763,-177.9838,2.4756
1741951194.934,4.025,2.279,6.896,3.158,1.2973,-2.1193,5.9734,-157.8998,-178.7629,2.765
1741951195.014,4.033,2.278,6.894,3.154,1.2988,-2.1264,5.9738,-157.7733,-179.1488,2.9184
1741951195.094,4.033,2.28,6.964,3.194,1.3007,-2.1328,5.9757,-159.087,-179.3454,1.4285
1741951195.173,4.047,2.28,7.072,3.25,1.3095,-2.1482,5.9739,-161.0108,-176.7846,3.7244
1741951195.253,4.06,2.281,7.002,3.206,1.3128,-2.1527,5.9742,-159.4824,-176.736,3.6809
1741951195.333,4.072,2.282,7.026,3.216,1.3144,-2.1541,5.9754,-159.7822,-176.9691,3.7555
1741951195.412,4.076,2.283,6.974,3.186,1.3134,-2.1491,5.9793,-158.7356,-177.2329,3.8557
1741951195.492,4.076,2.282,7.005,3.203,1.3126,-2.1515,5.9766,-159.3324,-178.1035,2.9504
1741951195.572,4.074,2.282,7.01,3.206,1.2961,-2.1265,5.9792,-159.4486,-179.5137,1.1242
1741951195.651,4.074,2.283,6.992,3.196,1.2953,-2.1262,5.9791,-159.0964,-179.1646,1.0072
1741951195.731,4.077,2.282,6.983,3.19,1.2951,-2.1261,5.979,-158.9029,-179.4018,0.8943
1741951195.811,4.076,2.282,7.011,3.206,1.2947,-2.126,5.9789,-159.4337,-178.9341,1.0571
1741951195.892,4.076,2.283,6.999,3.2,1.2946,-2.1259,5.9789,-159.2062,-179.2206,1.0521
1741951195.97,4.075,2.283,6.977,3.188,1.2944,-2.1256,5.979,-158.7992,-179.2088,1.1027
1741951196.05,4.075,2.282,7.012,3.207,1.2943,-2.1256,5.9789,-159.4803,-179.0982,1.3927
1741951196.129,4.076,2.283,7.05,3.228,1.2944,-2.1263,5.9788,-160.1815,-178.5689,1.5594
1741951196.209,4.075,2.282,7.019,3.21,1.2965,-2.129,5.9785,-159.5996,-178.2136,2.0788
1741951196.289,4.075,2.282,6.993,3.196,1.2942,-2.1258,5.9789,-159.1148,-179.0961,1.1444
1741951196.368,4.075,2.283,6.995,3.198,1.294,-2.1254,5.979,-159.1387,-179.3413,1.3781
1741951196.448,4.076,2.283,6.998,3.199,1.294,-2.1252,5.979,-159.1906,-179.5626,1.4926
1741951196.527,4.077,2.282,6.986,3.191,1.2987,-2.13,5.9827,-158.9497,-179.8058,1.2237
1741951196.607,4.076,2.281,6.992,3.194,1.3012,-2.1322,5.985,-159.0716,-179.7353,0.9421
1741951196.687,4.076,2.281,6.995,3.196,1.3009,-2.132,5.9848,-159.1384,-179.8384,1.1967
1741951196.766,4.078,2.283,7.031,3.217,1.3004,-2.1319,5.9843,-159.7987,-179.1472,1.5065
1741951196.846,4.077,2.283,6.999,3.199,1.3002,-2.1316,5.9842,-159.2002,-179.2721,1.5874
1741951196.926,4.075,2.283,6.972,3.185,1.3,-2.1313,5.984,-158.7158,-179.4115,1.4883
1741951197.005,4.074,2.282,6.974,3.186,1.2997,-2.1312,5.9838,-158.7561,-179.3194,1.4828
1741951197.085,4.074,2.282,7.02,3.211,1.2988,-2.1314,5.983,-159.6291,-178.5001,1.8981
1741951197.164,4.077,2.283,7.026,3.214,1.2987,-2.1314,5.983,-159.7058,-178.9284,1.4913
1741951197.244,4.075,2.284,7.015,3.21,1.2996,-2.1333,5.9801,-159.5307,-179.0833,1.1126
1741951197.324,4.075,2.283,7.017,3.21,1.2996,-2.1333,5.9801,-159.5707,-179.3665,0.5738
1741951197.404,4.077,2.283,7.02,3.211,1.2995,-2.1333,5.9801,-159.5997,-179.5546,0.2032
1741951197.483,4.077,2.283,7.021,3.212,1.2994,-2.1332,5.9801,-159.6186,-179.6238,-0.0193
1741951197.563,4.076,2.283,7.022,3.213,1.2993,-2.1331,5.9801,-159.6499,-179.6407,-0.1569
1741951197.642,4.075,2.282,7.022,3.212,1.2992,-2.133,5.9801,-159.6605,-179.6568,-0.2428
1741951197.722,4.074,2.283,7.021,3.213,1.2991,-2.1329,5.9801,-159.6656,-179.6445,-0.2946
1741951197.802,4.077,2.283,7.024,3.213,1.299,-2.1328,5.9801,-159.6725,-179.6496,-0.3239
1741951197.881,4.077,2.283,7.024,3.213,1.2989,-2.1327,5.9801,-159.673,-179.6754,-0.3626
1741951197.961,4.076,2.284,7.024,3.214,1.2988,-2.1325,5.98,-159.6861,-179.6457,-0.3318
1741951198.041,4.076,2.282,7.023,3.213,1.2987,-2.1324,5.98,-159.6785,-179.6076,-0.3233
1741951198.12,4.076,2.282,7.024,3.213,1.2986,-2.1323,5.98,-159.6826,-179.6316,-0.3327
1741951198.2,4.077,2.282,7.024,3.213,1.2985,-2.1322,5.98,-159.683,-179.6702,-0.371
1741951198.28,4.077,2.282,7.025,3.213,1.2984,-2.1321,5.98,-159.7021,-179.641,-0.3316
1741951198.359,4.076,2.283,7.024,3.214,1.2984,-2.132,5.98,-159.6977,-179.7137,-0.3871
1741951198.439,4.076,2.283,7.024,3.213,1.2983,-2.1319,5.98,-159.6788,-179.6822,-0.3593
1741951198.519,4.077,2.281,7.024,3.212,1.2982,-2.1318,5.98,-159.6789,-179.6573,-0.3503
1741951198.598,4.076,2.281,7.025,3.213,1.2981,-2.1317,5.98,-159.7088,-179.7581,-0.4307
1741951198.678,4.076,2.281,7.025,3.213,1.2981,-2.1317,5.98,-159.7077,-179.7408,-0.4172
1741951198.758,4.076,2.283,7.025,3.214,1.2979,-2.1315,5.98,-159.7134,-179.6585,-0.3842
1741951198.837,4.076,2.282,7.025,3.214,1.2979,-2.1314,5.98,-159.7117,-179.6303,-0.3557
1741951198.917,4.075,2.281,7.025,3.213,1.2978,-2.1314,5.98,-159.7168,-179.6465,-0.3691
1741951198.997,4.076,2.283,7.025,3.214,1.2977,-2.1313,5.98,-159.7106,-179.6304,-0.3686
1741951199.076,4.076,2.283,7.025,3.214,1.2976,-2.1312,5.98,-159.7074,-179.6377,-0.3773
1741951199.156,4.075,2.281,7.023,3.212,1.2976,-2.1311,5.98,-159.6749,-179.6758,-0.3822
1741951199.235,4.074,2.284,7.023,3.215,1.2975,-2.131,5.9799,-159.6997,-179.6352,-0.3618
1741951199.315,4.075,2.283,7.024,3.214,1.2974,-2.1309,5.9799,-159.7083,-179.6392,-0.361
1741951199.395,4.075,2.283,7.024,3.214,1.2974,-2.1308,5.9799,-159.6942,-179.6732,-0.3696
1741951199.474,4.075,2.283,7.023,3.214,1.2973,-2.1307,5.9799,-159.6802,-179.6299,-0.3334
1741951199.554,4.077,2.282,7.023,3.212,1.2972,-2.1306,5.9799,-159.6637,-179.6099,-0.3293
1741951199.634,4.076,2.283,7.024,3.214,1.2971,-2.1306,5.9799,-159.6812,-179.6225,-0.3288
1741951199.713,4.076,2.282,7.023,3.212,1.2971,-2.1305,5.9799,-159.664,-179.6338,-0.3301
1741951199.793,4.075,2.282,7.021,3.212,1.297,-2.1304,5.9799,-159.6528,-179.6423,-0.3204
1741951199.873,4.075,2.282,7.024,3.214,1.2969,-2.1304,5.9799,-159.7067,-179.6222,-0.3521
1741951199.952,4.076,2.282,7.023,3.213,1.2969,-2.1303,5.9799,-159.6761,-179.6441,-0.3668
1741951200.032,4.075,2.282,7.024,3.213,1.2968,-2.1302,5.9799,-159.6927,-179.6132,-0.3427
1741951200.112,4.075,2.282,7.025,3.214,1.2968,-2.1301,5.9799,-159.7118,-179.6181,-0.3588
1741951200.191,4.075,2.281,7.023,3.212,1.2967,-2.1301,5.9799,-159.6821,-179.636,-0.365
1741951200.271,4.075,2.281,7.025,3.213,1.2967,-2.13,5.9799,-159.7123,-179.6323,-0.3598
1741951200.351,4.077,2.283,7.025,3.214,1.2966,-2.1299,5.9799,-159.7028,-179.6388,-0.3474
1741951200.43,4.077,2.283,7.024,3.213,1.2965,-2.1298,5.9799,-159.6661,-179.6348,-0.357
1741951200.51,4.075,2.283,7.021,3.212,1.2965,-2.1298,5.9799,-159.6406,-179.6549,-0.3626
1741951200.59,4.075,2.283,7.022,3.213,1.2964,-2.1297,5.9799,-159.6558,-179.6547,-0.3595
1741951200.669,4.076,2.283,7.024,3.214,1.2964,-2.1297,5.9799,-159.6841,-179.6478,-0.3486
1741951200.749,4.076,2.283,7.024,3.214,1.2963,-2.1296,5.9799,-159.6874,-179.6256,-0.3347
1741951200.828,4.076,2.282,7.026,3.214,1.2963,-2.1295,5.9799,-159.719,-179.6117,-0.3417
1741951200.908,4.074,2.282,7.024,3.214,1.2962,-2.1295,5.9799,-159.7133,-179.6205,-0.3609
1741951200.988,4.074,2.282,7.024,3.214,1.2962,-2.1294,5.9799,-159.7151,-179.602,-0.3514
1741951201.067,4.075,2.282,7.024,3.214,1.2961,-2.1293,5.9799,-159.7095,-179.6092,-0.3441
1741951201.147,4.075,2.282,7.024,3.213,1.2961,-2.1293,5.9799,-159.7014,-179.6286,-0.3715
1741951201.227,4.075,2.283,7.024,3.214,1.296,-2.1292,5.9799,-159.7054,-179.6209,-0.3513
1741951201.306,4.075,2.281,7.025,3.213,1.296,-2.1292,5.9799,-159.726,-179.629,-0.3618
1741951201.386,4.075,2.281,7.026,3.214,1.2959,-2.1291,5.9799,-159.7345,-179.6297,-0.3692
1741951201.587,4.075,2.283,7.024,3.214,1.2958,-2.129,5.9799,-159.6944,-179.6247,-0.3618
1741951201.665,4.076,2.282,7.024,3.213,1.2958,-2.1289,5.9799,-159.6915,-179.6582,-0.3903
1741951201.744,4.074,2.283,7.023,3.214,1.2957,-2.1289,5.9799,-159.6974,-179.6399,-0.399
1741951201.824,4.075,2.283,7.025,3.215,1.2957,-2.1288,5.9799,-159.7182,-179.6038,-0.3441
1741951201.904,4.077,2.282,7.026,3.214,1.2957,-2.1288,5.9799,-159.72,-179.6132,-0.3495
1741951201.983,4.077,2.282,7.027,3.214,1.2956,-2.1287,5.9799,-159.7267,-179.6373,-0.3615
1741951202.063,4.074,2.282,7.025,3.214,1.2956,-2.1287,5.9799,-159.7281,-179.6363,-0.3716
1741951202.142,4.075,2.283,7.025,3.215,1.2955,-2.1286,5.9799,-159.7162,-179.6447,-0.3563
1741951202.222,4.076,2.284,7.025,3.215,1.2955,-2.1286,5.9799,-159.7166,-179.6529,-0.3803
1741951202.302,4.075,2.282,7.024,3.213,1.2955,-2.1285,5.9799,-159.6962,-179.6415,-0.3634
1741951202.382,4.075,2.282,7.025,3.214,1.2954,-2.1285,5.9799,-159.7163,-179.6591,-0.3749
1741951202.461,4.074,2.283,7.024,3.214,1.2954,-2.1284,5.98,-159.7079,-179.6453,-0.3397
1741951202.541,4.075,2.284,7.073,3.242,1.2957,-2.1289,5.9797,-160.6488,-178.8747,0.8179
1741951202.62,4.075,2.282,7.043,3.224,1.2954,-2.1285,5.9798,-160.0715,-179.2273,0.5747
1741951202.7,4.075,2.281,7.028,3.215,1.2967,-2.1305,5.9796,-159.7814,-179.1726,1.216
1741951202.78,4.075,2.281,7.011,3.205,1.3005,-2.1367,5.9789,-159.4526,-178.6138,2.0413
1741951202.859,4.074,2.282,7.017,3.21,1.3096,-2.1452,5.9765,-159.5776,-176.6734,2.6095
1741951202.939,4.075,2.282,6.991,3.195,1.3141,-2.1505,5.9744,-159.0764,-176.9696,2.363
1741951203.138,4.069,2.28,6.815,3.097,1.323,-2.1588,5.9712,-155.8734,-176.172,3.7647
1741951203.337,4.066,2.275,6.784,3.078,1.3167,-2.191,5.9731,-155.3559,-178.1787,12.0051
1741951204.512,4.126,2.955,6.857,3.527,0.6425,-2.4661,6.0377,-155.9892,-177.2821,-1.7761
1741951204.592,4.102,2.993,6.809,3.527,0.6302,-2.4703,6.0309,-155.3958,-176.3533,-3.0216
1741951204.671,4.102,2.993,6.769,3.498,0.6291,-2.4771,6.0185,-154.6781,-176.7121,-2.969
1741951204.751,4.086,3.026,6.797,3.546,0.6325,-2.4846,6.0087,-155.3645,-177.3731,-2.1191
1741951204.831,4.081,3.023,6.799,3.548,0.6353,-2.487,5.9996,-155.4517,-177.5561,-2.6762
1741951204.91,4.08,3.0,6.696,3.459,0.6401,-2.4879,5.993,-153.6343,-177.2052,-1.8328
1741951204.99,4.078,3.018,6.676,3.456,0.6422,-2.4924,5.9891,-153.3141,-177.5966,-1.2495
1741951205.07,4.078,3.018,6.676,3.455,0.6413,-2.4958,5.9878,-153.3003,-178.1391,-1.1724
1741951205.149,4.08,3.017,6.664,3.445,0.6404,-2.4992,5.9875,-153.0672,-178.3977,-0.5986
1741951205.229,4.079,3.018,6.662,3.444,0.64,-2.5032,5.9877,-153.0465,-178.8074,-0.2724
1741951205.308,4.083,3.009,6.69,3.458,0.6379,-2.5026,5.9885,-153.4948,-178.8194,-0.3949
1741951205.388,4.084,3.017,6.716,3.481,0.6359,-2.5001,5.9895,-153.9357,-178.9025,-0.6525
1741951205.468,4.084,3.017,6.705,3.474,0.636,-2.4986,5.9906,-153.7573,-178.7344,-0.6866
1741951205.547,4.083,3.018,6.702,3.472,0.6337,-2.498,5.9915,-153.7069,-179.6104,-0.3943
1741951205.627,4.083,3.02,6.673,3.452,0.6326,-2.4962,5.9921,-153.2064,-179.7295,-0.9332
1741951205.707,4.086,3.017,6.666,3.444,0.6285,-2.4927,5.993,-153.0497,179.8853,-1.3858
1741951205.786,4.085,3.011,6.658,3.435,0.6291,-2.4927,5.993,-152.9143,179.9699,-0.7486
1741951205.866,4.085,3.011,6.656,3.433,0.6303,-2.4935,5.9931,-152.8847,-179.8735,-0.5224
1741951205.946,4.086,3.01,6.669,3.442,0.6312,-2.4942,5.9932,-153.0952,-179.6042,-0.4125
1741951206.025,4.086,3.011,6.686,3.455,0.6324,-2.4955,5.993,-153.3959,-179.3433,-0.5366
1741951206.105,4.087,3.013,6.703,3.469,0.6278,-2.4921,5.9936,-153.687,-179.7213,-0.7918
1741951206.185,4.087,3.021,6.685,3.46,0.6272,-2.491,5.9936,-153.372,-178.8757,0.7507
1741951206.264,4.086,3.021,6.72,3.486,0.6272,-2.4911,5.9937,-153.9859,-178.8347,0.6074
1741951206.344,4.088,3.019,6.722,3.485,0.6273,-2.4913,5.9939,-153.9986,-179.1236,0.1472
1741951206.424,4.087,3.012,6.713,3.475,0.6273,-2.4913,5.994,-153.8572,-179.2922,-0.1028
1741951206.503,4.087,3.02,6.699,3.47,0.6265,-2.4907,5.9936,-153.6173,-177.7172,3.5065
1741951206.583,4.087,3.019,6.676,3.452,0.6266,-2.491,5.9936,-153.2142,-178.3821,2.8841
1741951206.662,4.087,3.019,6.673,3.45,0.6267,-2.4911,5.9937,-153.1663,-178.838,1.9256
1741951206.742,4.086,3.022,6.689,3.464,0.6268,-2.4912,5.9938,-153.4505,-179.3521,1.0402
1741951206.822,4.087,3.012,6.672,3.445,0.6268,-2.4913,5.9938,-153.1465,-179.24,0.4064
1741951206.902,4.086,3.013,6.809,3.547,0.6265,-2.4917,5.9935,-155.5804,-177.6961,0.8439
1741951206.981,4.086,3.013,6.548,3.354,0.6263,-2.4903,5.9936,-151.0165,-176.8485,3.1984
1741951207.061,4.086,3.019,6.571,3.375,0.6264,-2.4905,5.9937,-151.421,-177.5638,2.1389
1741951207.14,4.087,3.012,6.596,3.389,0.6266,-2.4907,5.9938,-151.8379,-178.1613,1.2586
1741951207.22,4.086,3.012,6.621,3.408,0.6267,-2.4909,5.9939,-152.2767,-178.5492,0.6568
1741951207.3,4.087,3.01,6.647,3.426,0.6267,-2.491,5.994,-152.7126,-178.8248,0.2158
1741951207.379,4.087,3.01,6.671,3.443,0.6268,-2.4912,5.994,-153.1209,-178.9665,-0.0972
1741951207.459,4.087,3.022,6.689,3.464,0.6268,-2.4912,5.994,-153.4445,-179.0051,-0.2765
1741951207.539,4.087,3.013,6.716,3.478,0.6294,-2.495,5.9939,-153.9087,-178.6478,0.2454
1741951207.618,4.087,3.019,6.668,3.446,0.6368,-2.505,5.9942,-153.0765,-179.0246,-0.2624
1741951207.698,4.089,3.012,6.656,3.432,0.6493,-2.5233,5.9938,-152.839,-178.6886,-0.3505
1741951207.778,4.089,3.012,6.707,3.47,0.6624,-2.5473,5.9932,-153.7278,-178.8754,-0.3389
1741951207.857,4.109,3.016,6.958,3.648,0.6677,-2.5617,5.9952,-158.0333,179.9846,-1.1264
1741951207.937,4.136,3.017,7.032,3.689,0.6695,-2.5631,5.9971,-159.0724,-179.587,-2.0196
1741951208.016,4.156,3.01,6.966,3.627,0.6673,-2.5581,5.9979,-157.6006,-179.8296,-2.3061
1741951208.096,4.157,3.009,7.182,3.783,0.6956,-2.5876,6.0012,-161.6615,-153.9441,18.8895
1741951208.176,4.157,3.009,6.879,3.563,0.706,-2.6089,5.9942,-156.0265,-171.448,12.0345
1741951208.255,4.152,3.016,6.84,3.541,0.7131,-2.6261,5.9899,-155.3965,-176.6489,7.4976
1741951208.335,4.147,3.015,6.899,3.586,0.715,-2.6364,5.9872,-156.5024,-176.9181,6.0014
1741951208.415,4.147,3.008,6.906,3.586,0.7107,-2.633,5.9854,-156.6179,-177.3999,4.3981
1741951208.494,4.148,3.008,6.93,3.603,0.7045,-2.6247,5.9847,-157.0396,-177.8874,2.1428
1741951208.574,4.148,3.008,6.898,3.58,0.695,-2.615,5.9847,-156.4648,-179.7876,0.5891
1741951208.654,4.149,3.015,6.868,3.563,0.6842,-2.5967,5.9857,-155.931,-179.7908,-0.049
1741951208.733,4.148,3.015,6.857,3.555,0.6728,-2.5723,5.9877,-155.7314,-179.2723,-0.5537
1741951208.813,4.143,3.014,6.791,3.508,0.6595,-2.5475,5.989,-154.6218,-179.3814,-0.2899
1741951208.892,4.128,3.018,6.764,3.498,0.6464,-2.5201,5.9894,-154.3262,-179.0781,-0.631
1741951208.972,4.128,3.018,6.732,3.475,0.6342,-2.4963,5.9899,-153.7578,-178.8299,-0.4852
1741951209.052,4.108,3.01,6.656,3.423,0.6226,-2.4759,5.9905,-152.6462,-179.337,-0.251
1741951209.132,4.084,3.02,6.593,3.393,0.6133,-2.4609,5.9907,-151.8098,-179.4465,0.5163
1741951209.211,4.062,3.014,6.617,3.416,0.6081,-2.4506,5.9901,-152.4372,-177.8528,1.1171
1741951209.291,4.043,3.017,6.576,3.396,0.6025,-2.4388,5.9906,-151.9245,-177.8404,0.7716
1741951209.37,4.043,3.017,6.547,3.374,0.5981,-2.4284,5.991,-151.4252,-177.8145,0.6935
1741951209.45,4.025,3.022,6.541,3.38,0.5919,-2.4184,5.9905,-151.4866,-177.8023,0.639
1741951209.53,4.01,3.028,6.627,3.455,0.5869,-2.4066,5.9906,-153.1525,-177.6002,-0.1
1741951210.705,3.793,3.017,6.665,3.581,0.4942,-2.2174,5.9898,-156.3441,-178.3669,-0.1701
1741951210.784,3.774,3.014,6.961,3.825,0.4858,-2.2043,5.9873,-162.7104,-177.4172,3.01
1741951210.864,3.774,3.014,6.802,3.698,0.4778,-2.1856,5.9879,-159.3498,-177.5209,3.068
1741951210.943,3.748,3.025,6.755,3.682,0.4714,-2.1704,5.9873,-158.7477,-177.5002,2.6267
1741951211.023,3.723,3.009,6.705,3.644,0.4672,-2.1597,5.9858,-158.0541,-177.5308,1.9854
1741951211.103,3.701,3.011,6.667,3.627,0.4619,-2.1493,5.9854,-157.5787,-178.1402,1.7111
1741951211.183,3.685,3.015,6.645,3.62,0.4568,-2.1384,5.9847,-157.346,-178.3233,1.1612
1741951211.262,3.685,3.015,6.617,3.597,0.4504,-2.1344,5.977,-156.774,-176.3832,5.3156
1741951211.342,3.671,3.01,6.589,3.578,0.4474,-2.1235,5.9798,-156.3815,-176.6181,4.6466
1741951211.421,3.654,3.011,6.552,3.557,0.4419,-2.1097,5.9805,-155.8587,-176.9879,4.3862
1741951211.501,3.638,3.008,6.53,3.545,0.4362,-2.0943,5.9814,-155.6033,-177.455,3.4833
1741951211.581,3.638,3.015,6.52,3.541,0.4278,-2.0741,5.982,-155.4032,-177.794,2.5419
1741951211.66,3.613,3.015,6.486,3.526,0.4207,-2.0584,5.9818,-155.0359,-178.1012,2.1734
1741951211.74,3.595,3.007,6.448,3.498,0.4133,-2.0431,5.9816,-154.4873,-178.766,2.0407
1741951211.82,3.573,3.006,6.454,3.514,0.4064,-2.0288,5.981,-154.8862,-178.229,2.1121
1741951211.899,3.558,3.009,6.441,3.513,0.3987,-2.0128,5.9811,-154.8139,-178.4316,1.6092
1741951211.979,3.558,3.01,6.464,3.533,0.3916,-1.9978,5.9816,-155.291,-178.2862,1.7466
1741951212.059,3.538,3.01,6.522,3.593,0.3805,-1.9839,5.9709,-156.7627,-178.6422,-0.3938
1741951212.138,3.525,3.004,6.479,3.56,0.3681,-1.9669,5.976,-156.0221,-179.0664,-0.868
1741951212.218,3.5,3.009,6.421,3.527,0.3631,-1.9561,5.9732,-155.1405,-178.6187,1.9474
1741951212.298,3.481,3.004,6.412,3.525,0.3615,-1.947,5.9729,-155.1884,-178.6041,1.8953
1741951212.377,3.481,3.007,6.379,3.499,0.3597,-1.9357,5.9736,-154.4964,-178.6481,3.2254
1741951212.457,3.467,3.007,6.381,3.508,0.3553,-1.9194,5.9756,-154.7188,-178.3919,2.7273
1741951212.536,3.45,3.005,6.37,3.506,0.3477,-1.9024,5.9783,-154.7107,-178.6712,2.2926
1741951212.616,3.428,3.006,6.366,3.516,0.3414,-1.8871,5.9805,-154.9197,-178.705,1.8312
1741951212.696,3.408,2.998,6.327,3.487,0.3394,-1.8793,5.9814,-154.3439,-178.4806,2.2227
1741951212.775,3.408,2.998,6.529,3.665,0.3387,-1.8788,5.9779,-158.777,-173.7537,8.113
1741951212.855,3.388,3.002,6.486,3.641,0.337,-1.8713,5.9773,-158.1038,-174.664,6.4504
1741951212.935,3.37,2.997,6.505,3.666,0.3289,-1.8543,5.9785,-158.8056,-176.0266,4.1057
1741951213.014,3.357,3.002,6.464,3.64,0.324,-1.8475,5.9782,-158.0651,-176.4339,5.4593
1741951213.094,3.344,2.997,6.437,3.62,0.3169,-1.8325,5.9798,-157.6536,-176.6464,4.0857
1741951213.174,3.344,2.997,6.421,3.605,0.3076,-1.8132,5.9795,-157.2754,-177.1429,3.6041
1741951213.253,3.332,3.004,6.352,3.555,0.2949,-1.7889,5.9777,-155.9032,-177.9374,2.6679
1741951213.333,3.316,2.998,6.323,3.534,0.2816,-1.7606,5.9747,-155.4868,-178.7564,-0.9842
1741951213.414,3.282,2.995,6.323,3.551,0.2728,-1.7428,5.9726,-155.9614,-177.6442,0.3301
1741951213.492,3.251,3.0,6.262,3.517,0.2651,-1.7275,5.9719,-155.0436,-177.7049,0.3031
1741951213.572,3.251,3.0,6.244,3.5,0.2587,-1.716,5.9724,-154.624,-177.9534,0.7957
1741951213.652,3.229,3.004,6.201,3.475,0.2526,-1.7045,5.9738,-153.9699,-178.2602,0.0314
1741951213.731,3.212,2.996,6.179,3.46,0.2487,-1.6969,5.9769,-153.7181,-178.9522,-0.5728
1741951213.811,3.203,2.998,6.167,3.454,0.2423,-1.6876,5.9787,-153.5521,-179.5512,-0.6771
1741951213.89,3.191,3.003,6.138,3.436,0.2338,-1.6713,5.9798,-153.0675,-179.6325,-1.2853
1741951213.97,3.191,3.003,6.061,3.364,0.2279,-1.6584,5.977,-151.3796,-177.2394,1.6131
1741951214.05,3.173,2.999,6.126,3.434,0.2223,-1.6439,5.9746,-153.0549,-171.954,4.5131
1741951214.129,3.142,3.002,5.748,3.091,0.2089,-1.6047,5.9811,-145.2787,178.0242,-16.648
1741951214.209,3.118,3.002,5.861,3.211,0.1961,-1.5922,5.9808,-147.9162,178.9926,-5.5728
1741951214.289,3.109,3.007,5.917,3.273,0.1874,-1.5754,5.9811,-149.2336,-178.9906,-3.3533
1741951214.368,3.109,3.007,5.974,3.327,0.1808,-1.5637,5.9827,-150.4699,-177.5169,-2.3692
1741951214.448,3.101,3.002,6.023,3.377,0.1745,-1.5527,5.9828,-151.6781,-175.7625,-0.0023
1741951214.528,3.086,3.009,6.118,3.481,0.1643,-1.5363,5.9811,-154.0412,-178.35,-0.9143
1741951214.607,3.066,3.009,6.081,3.457,0.1583,-1.5271,5.9808,-153.4595,-178.3778,-0.0266
1741951214.687,3.028,3.009,6.053,3.452,0.1535,-1.5195,5.9796,-153.3425,-178.1552,0.5193
1741951214.767,3.028,3.009,6.056,3.455,0.1492,-1.5129,5.9783,-153.4211,-177.9164,1.2423
1741951214.846,3.008,3.005,6.04,3.448,0.144,-1.5057,5.9777,-153.3069,-178.7433,0.7795
1741951214.926,2.99,3.01,6.011,3.433,0.1416,-1.4999,5.9786,-152.8914,-178.8734,-0.2448
1741951215.005,2.974,3.006,5.978,3.407,0.137,-1.4935,5.9779,-152.3317,-179.6253,0.1177
1741951215.085,2.969,3.009,5.996,3.43,0.1301,-1.4785,5.9779,-152.832,-179.789,-1.0153
1741951215.165,2.969,3.009,6.062,3.497,0.1215,-1.4579,5.9775,-154.418,-179.9505,-1.6373
1741951215.244,2.948,3.008,6.272,3.723,0.1157,-1.4405,5.9758,-160.1079,-178.5012,0.1025
1741951215.324,2.929,2.993,6.256,3.71,0.109,-1.4192,5.9762,-160.0217,-178.3348,0.4613
1741951215.404,2.903,3.004,6.264,3.744,0.1046,-1.4028,5.9764,-160.7157,-178.1033,-0.4919
1741951215.483,2.887,3.002,6.271,3.761,0.1021,-1.391,5.9763,-161.2197,-177.7811,-0.5313
1741951215.563,2.887,3.002,6.27,3.76,0.0992,-1.3794,5.976,-161.1988,-177.1095,-0.579
1741951215.643,2.884,3.002,6.271,3.764,0.0958,-1.3678,5.976,-161.2918,-177.0314,-0.7362
1741951215.722,2.875,3.003,6.256,3.756,0.0917,-1.3546,5.9762,-161.0534,-177.394,-0.6012
1741951215.802,2.854,3.008,6.241,3.758,0.0855,-1.3383,5.9767,-161.0326,-177.3522,-1.1256
1741951215.882,2.838,3.003,6.162,3.683,0.0779,-1.3273,5.9754,-159.1485,-176.1451,1.7222
1741951215.961,2.838,3.003,6.177,3.699,0.0754,-1.3119,5.976,-159.571,-175.9598,0.6549
1741951216.041,2.822,3.006,6.166,3.701,0.0722,-1.2986,5.9753,-159.5644,-176.0808,0.2259
1741951216.121,2.8,2.996,6.173,3.718,0.0681,-1.285,5.9748,-160.1814,-176.1544,0.2595
1741951216.2,2.774,2.992,6.16,3.72,0.0624,-1.2694,5.9745,-160.3097,-176.5229,-1.3562
1741951216.28,2.762,2.997,6.203,3.779,0.0582,-1.2558,5.9734,-161.7943,-175.1458,-0.8488
1741951216.36,2.762,2.997,6.202,3.778,0.0534,-1.2402,5.9726,-161.7733,-174.959,-1.19
1741951216.439,2.746,2.987,6.16,3.737,0.0477,-1.2245,5.9725,-160.8629,-175.4492,-1.3496
1741951216.519,2.719,2.986,6.146,3.743,0.0416,-1.2103,5.9719,-161.0241,-175.0537,-1.445
1741951216.599,2.696,2.986,6.111,3.721,0.0368,-1.1946,5.9723,-160.4508,-174.5344,-2.2052
1741951216.678,2.675,2.975,6.065,3.678,0.0295,-1.1787,5.9724,-159.5141,-175.4721,-1.0887
1741951216.758,2.675,2.975,6.089,3.705,0.0243,-1.1651,5.9726,-160.2294,-174.6616,-1.192
1741951216.837,2.661,2.974,6.065,3.689,0.0168,-1.1498,5.9729,-159.8073,-175.7365,-1.3
1741951216.917,2.635,2.974,6.06,3.702,0.0107,-1.1364,5.9727,-160.1749,-175.1799,-1.1025
1741951216.997,2.613,2.971,6.032,3.687,0.005,-1.1218,5.973,-159.8087,-175.6592,-0.9463
1741951217.077,2.601,2.971,6.025,3.688,-0.002,-1.1073,5.973,-159.841,-175.6122,-1.5952
1741951217.156,2.601,2.971,6.033,3.697,-0.0066,-1.0935,5.9732,-160.0745,-174.7035,-0.8573
1741951217.235,2.574,2.969,6.022,3.704,-0.0071,-1.0799,5.9729,-160.2943,-173.6494,-1.3212
1741951217.315,2.555,2.967,5.899,3.574,-0.0184,-1.0652,5.9723,-156.983,-175.4603,0.3495
1741951217.395,2.541,2.966,5.891,3.575,-0.0263,-1.051,5.9732,-157.0235,-176.3353,0.2743
1741951217.475,2.541,2.969,5.905,3.594,-0.0344,-1.0354,5.973,-157.4469,-176.6494,0.0395
1741951217.554,2.522,2.969,5.885,3.584,-0.0415,-1.0213,5.9725,-157.2037,-177.088,-0.4067
1741951217.634,2.501,2.963,5.783,3.477,-0.0515,-1.0066,5.9722,-154.6132,-177.55,-0.6898
1741951217.713,2.474,2.965,5.726,3.429,-0.0597,-0.9926,5.9722,-153.4184,-177.5808,-1.2247
1741951217.913,2.431,2.963,5.725,3.458,-0.0801,-0.9559,5.9729,-154.1692,-177.6784,-0.8472
1741951217.992,2.412,2.964,5.701,3.443,-0.0878,-0.9402,5.9732,-153.7849,-177.9909,-0.9923
1741951218.072,2.412,2.963,5.676,3.411,-0.0916,-0.929,5.9808,-153.0362,-178.1599,-0.7819
1741951218.152,2.39,2.963,5.66,3.408,-0.0991,-0.9136,5.9805,-152.9492,-178.403,-1.4102
1741951218.231,2.369,2.963,5.706,3.481,-0.1085,-0.8963,5.9771,-154.7151,-178.7425,-1.4572
1741951218.311,2.351,2.965,5.758,3.562,-0.1144,-0.8803,5.9747,-156.7097,-178.3807,-1.8621
1741951218.39,2.332,2.951,5.771,3.585,-0.1204,-0.8662,5.9727,-157.5106,-177.7448,-1.4788
1741951218.47,2.332,2.951,5.744,3.551,-0.126,-0.8517,5.9727,-156.6424,-177.7341,-2.2236
1741951218.55,2.319,2.958,5.739,3.559,-0.1326,-0.8351,5.9729,-156.7521,-177.7572,-2.2446
1741951218.629,2.297,2.959,5.727,3.563,-0.1392,-0.819,5.9716,-156.8257,-177.6493,-2.3641
1741951218.709,2.276,2.956,5.706,3.551,-0.1459,-0.8046,5.9715,-156.5674,-177.6001,-2.5379
1741951218.789,2.254,2.961,5.697,3.56,-0.1531,-0.7916,5.9717,-156.7283,-177.4916,-2.7214
1741951218.869,2.254,2.961,5.69,3.552,-0.16,-0.7773,5.972,-156.5154,-177.8547,-2.7169
1741951218.948,2.233,2.953,5.674,3.543,-0.167,-0.7627,5.9717,-156.4099,-177.883,-2.828
1741951219.028,2.212,2.954,5.655,3.536,-0.1734,-0.7481,5.9719,-156.2239,-177.7912,-2.7157
1741951219.107,2.193,2.958,5.631,3.523,-0.1804,-0.7319,5.9713,-155.8349,-177.9067,-3.0825
1741951219.187,2.17,2.956,5.605,3.505,-0.1876,-0.7174,5.9708,-155.4236,-178.0464,-3.3014
1741951219.267,2.17,2.956,5.617,3.523,-0.1947,-0.7028,5.9701,-155.8587,-177.6069,-3.2753
1741951219.346,2.149,2.955,5.591,3.503,-0.2008,-0.6885,5.9696,-155.3973,-177.6444,-3.094
1741951219.426,2.128,2.955,5.566,3.487,-0.2082,-0.6747,5.9692,-154.9911,-177.958,-2.9671
1741951219.506,2.107,2.946,5.549,3.476,-0.215,-0.6607,5.9693,-154.8455,-178.3131,-2.8619
1741951219.585,2.088,2.956,5.522,3.46,-0.2232,-0.6458,5.9696,-154.3202,-178.6747,-3.327
1741951219.665,2.088,2.956,5.519,3.456,-0.2305,-0.6309,5.9692,-154.2255,-178.4418,-3.288
1741951219.744,2.069,2.957,5.501,3.448,-0.2379,-0.6162,5.9689,-154.0081,-178.5169,-3.1999
1741951219.824,2.049,2.956,5.44,3.376,-0.2452,-0.6037,5.9686,-152.292,-179.3012,-2.1507
1741951219.904,2.029,2.951,5.445,3.398,-0.2529,-0.5901,5.9683,-152.8852,-178.9548,-2.0894
1741951219.984,2.008,2.96,5.433,3.403,-0.2605,-0.5753,5.968,-152.8875,-178.846,-2.5652
1741951220.063,2.008,2.96,5.435,3.407,-0.2679,-0.5598,5.9672,-152.9621,-178.8253,-2.5832
1741951220.143,1.988,2.963,5.427,3.414,-0.2741,-0.5457,5.9669,-153.089,-178.373,-2.4399
1741951220.222,1.965,2.974,5.412,3.419,-0.2815,-0.5311,5.9666,-153.0621,-178.2893,-3.3344
1741951220.302,1.945,2.98,5.404,3.428,-0.2888,-0.5154,5.966,-153.1853,-178.2041,-3.1072
1741951220.382,1.922,2.975,5.387,3.42,-0.296,-0.5012,5.9659,-153.0612,-178.1848,-3.1103
1741951220.461,1.922,2.975,5.396,3.435,-0.3041,-0.4882,5.9655,-153.4181,-177.2687,-2.888
1741951220.541,1.904,2.974,5.384,3.431,-0.3113,-0.4723,5.9661,-153.3385,-177.5059,-2.7594
1741951220.621,1.884,2.975,5.356,3.407,-0.3185,-0.4577,5.9659,-152.7559,-177.8016,-3.2382
1741951220.7,1.863,2.983,5.352,3.424,-0.326,-0.4438,5.9657,-153.059,-177.858,-3.158
1741951220.78,1.844,2.984,5.328,3.405,-0.334,-0.4284,5.9654,-152.5801,-178.0104,-3.0097
1741951220.86,1.844,2.984,5.32,3.392,-0.3417,-0.4148,5.9649,-152.2848,-178.0297,-2.7409
1741951220.939,1.822,2.979,5.315,3.401,-0.3532,-0.4113,5.9561,-152.5646,-178.0923,-2.0776
1741951221.019,1.802,2.979,5.295,3.388,-0.3594,-0.3939,5.9571,-152.2615,-178.1737,-2.7089
1741951221.099,1.783,2.986,5.276,3.379,-0.3661,-0.376,5.9596,-151.9384,-178.2364,-3.123
1741951221.178,1.764,2.988,5.263,3.375,-0.3737,-0.3576,5.9622,-151.8334,-178.3148,-3.2544
1741951221.377,1.725,2.985,5.228,3.352,-0.3925,-0.323,5.9636,-151.3338,-178.2581,-2.8187
1741951221.576,1.683,2.992,5.194,3.339,-0.4118,-0.2882,5.963,-150.9355,-178.0822,-3.2064
1741951221.775,1.64,2.988,5.15,3.3,-0.433,-0.251,5.9617,-150.0875,-178.2059,-3.3223
1741951221.855,1.64,2.988,5.146,3.293,-0.4412,-0.2381,5.9615,-149.9185,-178.2493,-3.156
1741951221.935,1.62,2.999,5.13,3.289,-0.4514,-0.2288,5.9574,-149.7021,-178.3569,-2.8098
1741951222.014,1.599,2.994,5.119,3.287,-0.4588,-0.2135,5.9585,-149.7234,-178.3657,-2.8759
1741951222.094,1.582,3.003,5.106,3.284,-0.4667,-0.197,5.96,-149.5413,-178.5979,-2.7192
1741951222.174,1.561,3.002,5.092,3.279,-0.474,-0.184,5.9606,-149.4419,-178.5363,-2.6487
1741951222.253,1.561,3.002,5.091,3.278,-0.4818,-0.1707,5.9608,-149.4032,-178.4648,-2.4414
1741951222.333,1.54,3.003,5.071,3.26,-0.4904,-0.156,5.961,-149.0041,-178.3919,-2.3861
1741951222.413,1.519,3.006,5.06,3.262,-0.4984,-0.1427,5.9607,-149.0069,-178.2672,-2.5847
1741951222.492,1.499,3.009,5.052,3.27,-0.5067,-0.1289,5.9603,-149.1466,-178.2033,-2.2581
1741951222.572,1.482,3.012,5.007,3.198,-0.5143,-0.1187,5.9609,-147.5045,-178.1564,-1.8762
1741951222.651,1.482,3.012,5.011,3.206,-0.5194,-0.111,5.9612,-147.687,-177.9387,-1.1339
1741951222.731,1.463,3.016,5.009,3.225,-0.526,-0.0987,5.9599,-148.0576,-177.6798,-1.0768
1741951222.811,1.455,3.022,5.006,3.23,-0.5336,-0.085,5.9603,-148.0923,-177.4094,-0.8365
1741951222.891,1.439,3.013,5.022,3.276,-0.5417,-0.0701,5.9605,-149.2353,-177.3141,-0.3062
1741951222.97,1.439,3.012,5.039,3.311,-0.5512,-0.0545,5.9602,-150.0393,-177.635,-0.1662
1741951223.05,1.418,3.012,5.055,3.37,-0.5607,-0.0356,5.9599,-151.3828,-177.9981,-0.3328
1741951223.129,1.388,3.007,5.034,3.358,-0.5687,-0.0134,5.9586,-151.182,-178.7669,-3.2557
1741951223.209,1.364,3.003,5.048,3.417,-0.576,0.0027,5.9592,-152.6036,-179.2074,-3.6833
1741951223.289,1.333,2.999,5.065,3.493,-0.5826,0.0148,5.9607,-154.4801,179.8107,-3.6515
1741951223.369,1.333,3.003,5.061,3.487,-0.5877,0.0201,5.9614,-154.2789,179.1828,-2.5828
1741951223.448,1.316,3.003,5.073,3.539,-0.5898,0.0233,5.9622,-155.5229,179.4191,-0.8934
1741951223.528,1.307,3.013,5.089,3.593,-0.5931,0.0323,5.9625,-156.7154,179.85,-0.1619
1741951223.608,1.301,3.008,5.104,3.635,-0.6016,0.0479,5.9622,-157.8305,179.6776,0.8234
1741951223.687,1.292,3.015,5.099,3.642,-0.6088,0.0684,5.9619,-157.9022,179.9407,0.203
1741951223.768,1.292,3.01,5.096,3.63,-0.6149,0.0906,5.9601,-157.6894,-179.3128,-0.0544
1741951223.848,1.266,3.01,5.114,3.714,-0.6223,0.1184,5.9562,-159.8242,-178.6738,-3.9109
1741951223.926,1.235,3.012,5.096,3.722,-0.6302,0.1356,5.9546,-160.0062,-179.0802,-0.7547
1741951224.006,1.2,2.989,5.045,3.639,-0.6327,0.1498,5.9566,-158.2594,-178.2998,-2.0415
1741951224.085,1.177,2.992,5.012,3.598,-0.6294,0.1535,5.9644,-157.1589,-177.9155,-2.3112
1741951224.165,1.177,2.992,5.009,3.591,-0.6325,0.1649,5.9647,-156.987,-177.2209,-2.8607
1741951224.245,1.162,2.982,4.994,3.569,-0.6402,0.1812,5.9621,-156.6008,-177.3921,-3.2542
1741951224.324,1.157,2.977,4.983,3.546,-0.6473,0.2,5.9596,-156.1023,-176.8252,-3.3251
1741951224.404,1.136,2.978,4.961,3.523,-0.6571,0.2183,5.9573,-155.5312,-177.0756,-3.2712
1741951224.484,1.115,2.983,4.943,3.515,-0.6661,0.235,5.9558,-155.2434,-177.4743,-2.9811
1741951224.564,1.115,2.983,4.939,3.504,-0.6785,0.2488,5.954,-154.9824,-179.8092,-1.0685
1741951224.683,1.062,2.98,4.901,3.487,-0.6894,0.2707,5.9539,-154.6186,-179.551,-1.5554
1741951224.762,1.062,2.98,4.901,3.486,-0.6948,0.2823,5.9541,-154.5801,-179.4667,-1.7944
1741951224.842,1.04,2.978,4.886,3.481,-0.7003,0.2947,5.9544,-154.4959,-179.2615,-1.9779
1741951224.922,1.024,2.977,4.877,3.482,-0.707,0.3093,5.9551,-154.5252,-179.1675,-2.0397
1741951225.001,1.009,2.981,4.866,3.48,-0.7135,0.3237,5.9553,-154.4181,-179.1682,-2.049
1741951225.081,0.99,2.984,4.843,3.448,-0.7208,0.3339,5.9567,-153.6118,-179.4545,-0.9971
1741951225.16,0.99,2.984,4.843,3.446,-0.7255,0.3448,5.957,-153.5727,-179.0826,-0.5615
1741951225.24,0.971,2.979,4.833,3.449,-0.7318,0.3593,5.9575,-153.6977,-178.9947,-0.2269
1741951225.32,0.957,2.986,4.829,3.466,-0.7377,0.3749,5.9574,-154.0243,-178.4154,0.0403
1741951225.399,0.935,2.979,4.812,3.452,-0.7451,0.3905,5.9568,-153.7842,-178.4261,0.0833
1741951225.598,0.89,2.976,4.746,3.318,-0.7684,0.4387,5.9538,-150.6662,179.9189,-3.6656
1741951225.678,0.865,2.973,4.747,3.367,-0.7774,0.4549,5.9541,-151.8335,179.8171,-3.5817
1741951225.758,0.865,2.973,4.744,3.359,-0.7824,0.4636,5.9563,-151.648,179.58,-3.2277
1741951225.837,0.845,2.978,4.74,3.387,-0.7834,0.4658,5.9577,-152.2421,179.7053,-1.324
1741951225.917,0.825,2.977,4.733,3.403,-0.7872,0.4684,5.9586,-152.6422,-179.9978,0.2042
1741951225.997,0.827,2.98,4.741,3.43,-0.7935,0.4806,5.9597,-153.2273,179.949,0.9622
1741951226.076,0.818,2.983,4.741,3.45,-0.8021,0.4999,5.961,-153.686,-179.9473,0.8953
1741951226.156,0.818,2.983,4.743,3.456,-0.8136,0.5217,5.9594,-153.8193,179.7643,0.6244
1741951226.235,0.792,2.988,4.697,3.347,-0.8211,0.5527,5.9545,-151.1836,179.1269,-4.6176
1741951226.315,0.766,2.981,4.667,3.284,-0.8269,0.5688,5.9553,-149.8055,178.4326,-6.2231
1741951226.395,0.73,2.969,4.66,3.328,-0.8259,0.5734,5.9576,-150.9775,179.5528,-5.2133
1741951226.474,0.712,2.97,4.653,3.341,-0.8242,0.5711,5.9575,-151.2738,179.6338,-4.5135
1741951226.554,0.712,2.97,4.657,3.358,-0.8224,0.5658,5.9566,-151.6624,179.8046,-3.4815
1741951226.634,0.721,2.976,4.667,3.38,-0.821,0.5619,5.9558,-152.1181,179.8998,-2.6484
1741951226.714,0.721,2.97,4.671,3.394,-0.8214,0.5583,5.9546,-152.5201,-179.9719,-2.2066
1741951226.793,0.724,2.969,4.676,3.409,-0.8223,0.5565,5.9532,-152.8904,-179.9412,-1.8561
1741951226.873,0.731,2.971,4.684,3.423,-0.8226,0.5542,5.9526,-153.197,179.9667,-1.9122
1741951226.953,0.731,2.971,4.685,3.426,-0.8225,0.5516,5.9526,-153.2766,179.7685,-2.0381
1741951227.032,0.73,2.976,4.689,3.448,-0.8219,0.5501,5.9533,-153.7377,179.4742,-2.3526
1741951227.112,0.73,2.973,4.691,3.456,-0.82,0.5468,5.9549,-153.9542,179.1199,-2.9712
1741951227.191,0.731,2.973,4.714,3.547,-0.815,0.5374,5.9555,-156.2076,178.9038,-2.9465
1741951227.271,0.739,2.973,4.76,3.711,-0.8069,0.5293,5.956,-160.4275,179.1155,-3.02
1741951230.477,0.894,3.116,4.859,3.783,-0.8286,0.4196,5.9594,-159.7385,-178.5946,0.5194
1741951230.556,0.858,3.116,4.812,3.699,-0.8305,0.4287,5.9629,-157.679,-178.6408,0.5896
1741951230.636,0.858,3.065,4.811,3.666,-0.8308,0.431,5.9638,-157.6753,-178.9146,0.8359
1741951230.716,0.839,3.045,4.797,3.645,-0.8312,0.4308,5.9636,-157.4948,-179.0307,1.0093
1741951230.795,0.834,3.043,4.791,3.633,-0.8322,0.43,5.9627,-157.2104,-178.9819,1.0926
1741951230.875,0.839,3.05,4.793,3.636,-0.8326,0.4295,5.9621,-157.1732,-178.9775,1.1652
1741951230.955,0.835,3.05,4.79,3.634,-0.8332,0.4287,5.9618,-157.1382,-179.0698,1.1876
1741951231.034,0.835,3.05,4.789,3.629,-0.8325,0.4257,5.9618,-157.006,-179.2383,1.1246
1741951231.114,0.835,3.05,4.789,3.631,-0.8285,0.417,5.9619,-157.0477,-179.2749,0.9294
1741951231.194,0.837,3.047,4.789,3.623,-0.8233,0.4021,5.9621,-156.9099,-179.6448,0.4559
1741951231.273,0.854,3.054,4.805,3.646,-0.8153,0.3853,5.961,-157.3593,-179.9028,-0.7767
1741951231.353,0.871,3.054,4.809,3.618,-0.8056,0.3648,5.9615,-156.6868,-179.5327,-2.163
1741951231.433,0.871,3.05,4.808,3.613,-0.7982,0.3478,5.9614,-156.6108,-179.6347,-2.1016
1741951231.512,0.896,3.048,4.824,3.612,-0.7919,0.3316,5.9607,-156.6147,-179.6974,-1.8435
1741951231.592,0.926,3.055,4.842,3.613,-0.7865,0.3175,5.9606,-156.5385,-179.7416,-1.584
1741951231.672,0.948,3.051,4.856,3.609,-0.7797,0.3055,5.9608,-156.515,-179.4402,-1.516
1741951231.751,0.964,3.051,4.864,3.603,-0.7721,0.2966,5.962,-156.363,-178.4391,-2.051
1741951231.831,0.964,3.058,4.866,3.615,-0.7653,0.2827,5.9622,-156.5512,-178.1365,-2.3418
1741951231.911,0.981,3.056,4.88,3.623,-0.7577,0.2669,5.963,-156.7601,-177.9,-2.7156
1741951231.99,0.994,3.054,4.889,3.623,-0.7497,0.2498,5.9631,-156.8085,-177.7818,-2.8651
1741951232.07,1.02,3.058,4.906,3.627,-0.7411,0.2289,5.9633,-156.842,-177.8121,-2.7499
1741951232.149,1.045,3.058,4.951,3.711,-0.7398,0.2046,5.9615,-158.9162,179.5994,0.6213
1741951232.229,1.045,3.054,4.933,3.655,-0.7322,0.1866,5.9621,-157.5897,179.3409,0.0313
1741951232.309,1.071,3.066,4.961,3.695,-0.7233,0.1705,5.9628,-158.374,-179.2449,0.1117
1741951232.388,1.097,3.061,4.966,3.657,-0.719,0.1611,5.9637,-157.5227,-178.6984,0.167
1741951232.468,1.12,3.06,4.984,3.665,-0.7164,0.1625,5.9639,-157.738,-178.0206,-1.1534
1741951232.548,1.125,3.06,4.983,3.655,-0.7165,0.1611,5.9634,-157.4921,-178.1316,-1.3244
1741951232.627,1.125,3.065,4.981,3.65,-0.715,0.1611,5.9644,-157.2939,-178.1573,-2.5341
1741951232.707,1.125,3.066,4.982,3.656,-0.7121,0.1546,5.966,-157.4252,-178.5524,-3.7967
1741951232.787,1.127,3.062,4.989,3.668,-0.7053,0.1379,5.9666,-157.7695,-178.5032,-4.1981
1741951232.866,1.138,3.063,4.991,3.654,-0.6975,0.1038,5.9623,-157.4262,-178.8232,-3.6394
1741951232.946,1.169,3.063,5.081,3.837,-0.6887,0.0627,5.9581,-162.0853,178.1814,2.7063
1741951233.105,1.212,3.082,5.093,3.804,-0.6568,0.0112,5.9663,-160.89,-176.987,1.2905
1741951233.185,1.255,3.067,5.106,3.752,-0.6485,-0.0033,5.9669,-159.8071,-177.192,0.9818
1741951233.265,1.291,3.068,5.12,3.728,-0.643,-0.0157,5.9663,-159.1815,-177.5684,0.9699
1741951233.344,1.306,3.068,5.123,3.711,-0.6382,-0.0266,5.9657,-158.7432,-177.7945,0.8699
1741951233.424,1.306,3.069,5.111,3.684,-0.634,-0.0391,5.965,-158.0605,-178.3105,0.3717
1741951233.504,1.323,3.077,5.12,3.682,-0.6284,-0.0532,5.9646,-157.8914,-178.6513,0.0657
1741951233.583,1.339,3.074,5.108,3.629,-0.6205,-0.0664,5.9636,-156.6288,179.8411,-4.6438
1741951233.663,1.36,3.082,5.138,3.672,-0.6141,-0.0832,5.9631,-157.5469,-179.7402,-3.6398
1741951233.862,1.405,3.085,5.157,3.652,-0.5971,-0.1241,5.9635,-157.008,-179.3996,-2.1924
1741951233.942,1.405,3.085,5.154,3.645,-0.5913,-0.1389,5.9638,-156.8506,-179.2757,-1.9183
1741951234.021,1.425,3.083,5.163,3.635,-0.5844,-0.155,5.9643,-156.6373,-179.3824,-1.8854
1741951234.101,1.447,3.086,5.176,3.634,-0.5771,-0.171,5.9647,-156.5762,-179.2903,-1.8772
1741951234.18,1.466,3.086,5.185,3.627,-0.5699,-0.1865,5.9649,-156.4039,-179.2078,-2.0211
1741951234.26,1.487,3.085,5.194,3.618,-0.562,-0.2041,5.9649,-156.2017,-179.0604,-2.0655
1741951234.34,1.487,3.085,5.191,3.612,-0.5552,-0.2199,5.9648,-156.0426,-179.0187,-2.0532
1741951234.42,1.507,3.083,5.202,3.607,-0.548,-0.2361,5.9649,-155.974,-178.9872,-2.0667
1741951234.499,1.534,3.088,5.215,3.603,-0.5402,-0.2532,5.965,-155.7925,-179.0334,-2.1982
1741951234.579,1.556,3.082,5.23,3.601,-0.5331,-0.2686,5.9649,-155.8261,-178.7907,-2.3281
1741951234.659,1.556,3.083,5.228,3.598,-0.5263,-0.2849,5.9654,-155.756,-178.7334,-2.3339
1741951234.738,1.556,3.083,5.227,3.596,-0.5188,-0.3005,5.9657,-155.7066,-178.7369,-2.4373
1741951234.818,1.6,3.088,5.252,3.593,-0.512,-0.3162,5.966,-155.5601,-178.9304,-2.393
1741951234.897,1.622,3.089,5.264,3.591,-0.5049,-0.332,5.9668,-155.4994,-178.9681,-2.5854
1741951234.977,1.643,3.092,5.274,3.587,-0.4982,-0.347,5.9669,-155.3582,-179.0457,-2.5251
1741951235.057,1.665,3.091,5.287,3.585,-0.4908,-0.3626,5.9674,-155.3255,-179.0703,-2.471
1741951235.136,1.665,3.091,5.284,3.579,-0.482,-0.38,5.968,-155.1744,-178.7556,-2.5409
1741951235.216,1.689,3.092,5.299,3.58,-0.4746,-0.3964,5.9683,-155.1806,-178.641,-2.5408
1741951235.295,1.712,3.088,5.307,3.567,-0.4668,-0.4136,5.9681,-154.9406,-178.6018,-2.7856
1741951235.375,1.734,3.094,5.317,3.564,-0.4592,-0.4302,5.968,-154.772,-178.6936,-2.5739
1741951235.455,1.757,3.094,5.326,3.555,-0.4522,-0.4453,5.9683,-154.5795,-178.6024,-2.7042
1741951235.535,1.757,3.094,5.323,3.55,-0.4421,-0.4628,5.9729,-154.4554,-178.536,-2.2477
1741951235.614,1.778,3.09,5.331,3.538,-0.4347,-0.4781,5.9719,-154.234,-178.86,-2.592
1741951235.694,1.801,3.095,5.34,3.533,-0.4287,-0.4931,5.9702,-154.0368,-178.9923,-2.617
1741951235.773,1.822,3.097,5.35,3.53,-0.4228,-0.5083,5.9692,-153.9321,-178.9808,-2.4353
1741951235.853,1.843,3.097,5.36,3.524,-0.415,-0.5248,5.9691,-153.814,-178.9377,-2.3237
1741951235.933,1.843,3.095,5.358,3.52,-0.407,-0.5414,5.9694,-153.7461,-179.1192,-2.3371
1741951236.012,1.865,3.096,5.369,3.518,-0.3991,-0.5568,5.969,-153.6823,-178.7406,-2.409
1741951236.092,1.887,3.099,5.379,3.513,-0.3905,-0.5723,5.9702,-153.5317,-178.8984,-2.4638
1741951236.172,1.911,3.092,5.393,3.509,-0.3823,-0.589,5.9712,-153.5183,-178.7723,-2.3299
1741951236.251,1.932,3.092,5.395,3.492,-0.3748,-0.6044,5.9719,-153.1362,-178.9612,-2.1505
1741951236.331,1.932,3.09,5.386,3.477,-0.3665,-0.6212,5.9723,-152.8231,-178.9573,-2.3454
1741951236.411,1.955,3.092,5.397,3.475,-0.3587,-0.6367,5.9724,-152.7401,-179.0213,-2.3203
1741951236.49,1.977,3.098,5.411,3.479,-0.3506,-0.6524,5.9722,-152.7585,-179.0121,-2.229
1741951236.57,1.999,3.094,5.423,3.475,-0.3426,-0.668,5.9725,-152.7261,-178.9588,-2.2794
1741951236.65,2.022,3.094,5.431,3.468,-0.3346,-0.6846,5.9722,-152.5507,-179.0861,-2.2007
1741951236.729,2.022,3.077,5.43,3.456,-0.327,-0.7002,5.9724,-152.514,-179.2572,-2.0854
1741951236.809,2.046,3.075,5.45,3.464,-0.3192,-0.7155,5.9722,-152.7235,-179.0771,-2.0798
1741951236.889,2.067,3.074,5.464,3.466,-0.3122,-0.7302,5.9725,-152.771,-179.1757,-1.9565
1741951236.968,2.087,3.067,5.473,3.457,-0.3033,-0.7463,5.9728,-152.6671,-179.2067,-2.0103
1741951237.048,2.109,3.067,5.482,3.452,-0.2954,-0.7621,5.9737,-152.5537,-179.2683,-1.8527
1741951237.127,2.109,3.067,5.479,3.447,-0.2885,-0.7765,5.9744,-152.4353,-179.404,-1.6228
1741951237.207,2.132,3.071,5.485,3.439,-0.2809,-0.7918,5.9748,-152.2038,-179.5224,-1.3947
1741951237.287,2.154,3.075,5.499,3.443,-0.2736,-0.8063,5.9746,-152.2413,-179.485,-1.2952
1741951237.366,2.175,3.068,5.507,3.433,-0.2664,-0.8203,5.9744,-152.1025,-179.5954,-1.2583
1741951237.446,2.194,3.068,5.527,3.445,-0.2585,-0.8333,5.9742,-152.3826,-179.4392,-1.3537
1741951237.526,2.194,3.073,5.545,3.474,-0.2505,-0.8455,5.9745,-152.9873,-179.384,-1.4768
1741951237.605,2.215,3.071,5.57,3.491,-0.2435,-0.8577,5.9744,-153.3914,-179.3628,-1.8175
1741951237.685,2.232,3.065,5.604,3.52,-0.2369,-0.8705,5.9744,-154.1561,-179.3677,-1.6583
1741951237.765,2.253,3.061,5.634,3.54,-0.2297,-0.885,5.974,-154.6979,-179.3483,-1.5697
1741951237.844,2.273,3.061,5.668,3.569,-0.2232,-0.8987,5.9743,-155.383,-178.993,-1.5368
1741951237.924,2.273,3.059,5.677,3.58,-0.217,-0.9122,5.9748,-155.6788,-179.1296,-1.5465
1741951238.004,2.294,3.061,5.695,3.589,-0.2092,-0.9274,5.9751,-155.8533,-179.0384,-1.5221
1741951238.083,2.313,3.067,5.705,3.59,-0.2017,-0.9418,5.9751,-155.7941,-178.809,-1.6719
1741951238.163,2.33,3.064,5.723,3.597,-0.1953,-0.9555,5.9749,-156.0022,-178.8052,-1.6865
1741951238.243,2.353,3.064,5.754,3.618,-0.1867,-0.9721,5.9777,-156.5166,-178.1247,-1.3001
1741951238.322,2.353,3.064,5.756,3.621,-0.181,-0.9863,5.9771,-156.5975,-178.4198,-1.255
1741951238.402,2.374,3.064,5.774,3.627,-0.1747,-1.002,5.976,-156.7344,-178.5911,-1.1957
1741951238.482,2.392,3.07,5.787,3.633,-0.1687,-1.0158,5.975,-156.7984,-178.5242,-1.24
1741951238.561,2.411,3.067,5.835,3.676,-0.1602,-1.0335,5.9739,-157.8927,-177.3589,-0.3859
1741951238.641,2.433,3.067,5.847,3.673,-0.1527,-1.0487,5.9748,-157.817,-177.6381,-0.4566
1741951238.72,2.433,3.071,5.855,3.686,-0.1463,-1.0633,5.975,-158.0897,-177.5223,-0.7324
1741951238.8,2.451,3.076,5.857,3.676,-0.1396,-1.0792,5.9752,-157.7608,-177.9923,-0.7869
1741951238.88,2.474,3.075,5.859,3.66,-0.1342,-1.0937,5.9757,-157.3652,-178.6358,-0.9195
1741951238.959,2.494,3.076,5.872,3.661,-0.128,-1.1082,5.9756,-157.3821,-178.882,-0.9554
1741951239.039,2.494,3.076,5.861,3.647,-0.1216,-1.1226,5.9755,-157.0411,-179.174,-1.3691
1741951239.119,2.516,3.078,5.88,3.654,-0.1149,-1.1366,5.9755,-157.1666,-179.0217,-1.3596
1741951239.198,2.531,3.072,5.894,3.655,-0.108,-1.152,5.9759,-157.3,-178.6669,-1.229
1741951239.278,2.553,3.071,5.905,3.651,-0.1011,-1.1675,5.9758,-157.2195,-178.6062,-1.1924
1741951239.358,2.575,3.074,5.919,3.652,-0.0946,-1.1832,5.9759,-157.1952,-178.5774,-1.4462
1741951239.437,2.575,3.074,5.937,3.674,-0.0876,-1.2,5.9755,-157.7368,-178.3407,-1.6639
1741951239.517,2.596,3.082,5.919,3.642,-0.0806,-1.2156,5.9757,-156.8162,-178.2566,-0.3227
1741951239.597,2.618,3.081,5.919,3.625,-0.076,-1.2337,5.9763,-156.4163,-178.0311,1.0938
1741951239.676,2.644,3.085,5.974,3.671,-0.0676,-1.2504,5.9754,-157.4871,-177.0649,1.0792
1741951239.756,2.665,3.087,5.994,3.68,-0.0606,-1.2643,5.9756,-157.6638,-177.4498,0.5796
1741951239.836,2.665,3.087,6.001,3.688,-0.0537,-1.2797,5.9756,-157.8603,-177.7991,0.3091
1741951239.915,2.684,3.083,6.057,3.736,-0.0471,-1.2959,5.9748,-159.1194,-177.1685,1.2897
1741951239.995,2.703,3.093,6.065,3.737,-0.0412,-1.309,5.9751,-158.9903,-177.3214,0.8241
1741951240.075,2.72,3.086,6.077,3.733,-0.0357,-1.3226,5.9753,-159.0118,-177.7594,0.2299
1741951240.154,2.744,3.095,6.099,3.746,-0.029,-1.3378,5.9754,-159.164,-177.709,-0.2803
1741951240.234,2.744,3.095,6.081,3.726,-0.0237,-1.3508,5.9757,-158.671,-178.4367,-1.9692
1741951240.313,2.76,3.087,6.08,3.707,-0.0184,-1.3635,5.9762,-158.3326,-178.3094,-2.2011
1741951240.393,2.781,3.097,6.119,3.742,-0.0116,-1.3791,5.9767,-159.0365,-177.381,-1.6496
1741951240.473,2.807,3.099,6.127,3.732,-0.0058,-1.394,5.9769,-158.7708,-177.7518,-1.2409
1741951240.552,2.826,3.1,6.138,3.731,-0.0003,-1.4069,5.9768,-158.7228,-177.9926,-0.999
1741951240.632,2.826,3.1,6.141,3.735,0.0063,-1.4236,5.9772,-158.8106,-178.1204,-0.7139
1741951240.712,2.839,3.098,6.16,3.744,0.0116,-1.4382,5.9767,-159.0706,-178.0342,-0.9907
1741951240.791,2.859,3.104,6.211,3.789,0.0187,-1.4533,5.9765,-160.1053,-176.7543,-1.4281
1741951240.871,2.886,3.101,6.226,3.783,0.025,-1.4682,5.9767,-160.0134,-177.1761,-1.3434
1741951240.951,2.899,3.101,6.208,3.754,0.0275,-1.4807,5.978,-159.2834,-178.4834,-3.1972
1741951241.03,2.899,3.1,6.177,3.721,0.0286,-1.4896,5.9795,-158.466,-179.7855,-2.3244
1741951241.349,2.958,3.11,6.345,3.862,0.0712,-1.557,5.9781,-161.8848,-173.951,-4.074
1741951241.429,2.958,3.104,6.316,3.828,0.0741,-1.5749,5.9786,-161.0971,-174.9845,-2.1177
1741951241.508,2.996,3.125,6.345,3.845,0.0797,-1.5914,5.9795,-161.1594,-176.4391,-1.9841
1741951241.588,3.029,3.117,6.366,3.838,0.0826,-1.6026,5.979,-161.123,-177.2176,-1.9781
1741951241.667,3.052,3.118,6.359,3.815,0.0832,-1.6125,5.9794,-160.5089,-177.6507,-0.393
1741951241.747,3.064,3.118,6.367,3.814,0.0839,-1.6189,5.9792,-160.4965,-177.9984,0.4679
1741951241.827,3.064,3.118,6.363,3.81,0.0857,-1.6272,5.979,-160.392,-178.1053,1.0382
1741951241.906,3.073,3.125,6.392,3.838,0.0931,-1.6427,5.9793,-160.9837,-177.6359,1.5886
1741951241.986,3.085,3.125,6.413,3.851,0.1013,-1.6631,5.9792,-161.3072,-176.3155,1.5045
1741951242.066,3.11,3.131,6.381,3.806,0.1065,-1.6783,5.9775,-160.0588,-177.4367,-0.2107
1741951242.145,3.139,3.131,6.367,3.771,0.1098,-1.6902,5.9762,-159.1971,-179.844,-4.3494
1741951242.225,3.139,3.126,6.295,3.697,0.1085,-1.6977,5.976,-157.4597,178.5284,-2.8301
1741951242.305,3.152,3.125,6.298,3.69,0.1121,-1.7001,5.9771,-157.3187,178.8115,-3.1011
1741951242.384,3.158,3.136,6.288,3.684,0.1159,-1.7088,5.978,-157.0011,179.38,-2.8968
1741951242.464,3.165,3.124,6.307,3.69,0.1227,-1.725,5.9793,-157.3313,179.5128,-2.6068
1741951242.543,3.169,3.124,6.351,3.731,0.1333,-1.7444,5.9802,-158.3208,-178.6301,-2.0292
1741951242.623,3.169,3.13,6.375,3.759,0.1433,-1.7698,5.9809,-158.917,179.9163,-0.4276
1741951242.703,3.193,3.123,6.345,3.709,0.1517,-1.7907,5.9816,-157.8011,179.2467,1.3562
1741951242.783,3.227,3.137,6.369,3.72,0.1564,-1.8077,5.981,-157.8389,179.7175,1.2127
1741951242.862,3.253,3.136,6.394,3.727,0.1609,-1.8224,5.9811,-158.023,179.9962,0.7249
1741951242.942,3.28,3.136,6.377,3.693,0.1635,-1.8335,5.9815,-157.219,-179.8598,1.6347
1741951243.022,3.28,3.138,6.388,3.706,0.1661,-1.8406,5.9816,-157.4837,-179.4255,1.9154
1741951243.101,3.288,3.142,6.415,3.729,0.1711,-1.8497,5.9819,-157.9914,-179.0557,2.1055
1741951243.181,3.299,3.144,6.442,3.749,0.1787,-1.8644,5.9827,-158.4471,-178.293,2.0283
1741951243.26,3.32,3.141,6.445,3.736,0.187,-1.8802,5.9828,-158.1834,-177.9567,1.3599
1741951243.34,3.343,3.141,6.44,3.718,0.1916,-1.8967,5.9815,-157.7343,-179.8398,-0.032
1741951243.42,3.343,3.146,6.477,3.756,0.1998,-1.9151,5.9816,-158.567,-179.5364,0.1879
1741951243.499,3.358,3.147,6.489,3.759,0.2057,-1.9286,5.9815,-158.6286,-179.3996,-0.0067
1741951243.579,3.381,3.14,6.498,3.748,0.2103,-1.9397,5.9814,-158.4682,-179.3638,0.1144
1741951243.659,3.401,3.15,6.507,3.75,0.2143,-1.9493,5.9805,-158.3722,-179.3587,-0.0135
1741951243.738,3.413,3.15,6.514,3.75,0.2194,-1.9607,5.9795,-158.3624,-179.1659,-0.0502
1741951243.818,3.413,3.143,6.508,3.739,0.225,-1.9734,5.9797,-158.2168,-179.1338,-0.0677
1741951243.898,3.431,3.153,6.523,3.748,0.231,-1.9875,5.9808,-158.2813,-179.171,-0.1666
1741951243.977,3.446,3.146,6.553,3.763,0.2373,-2.0025,5.9812,-158.7382,-178.7982,0.1306
1741951244.057,3.467,3.157,6.566,3.769,0.2438,-2.0188,5.9818,-158.7115,-178.97,-0.0216
1741951244.136,3.484,3.157,6.57,3.763,0.2494,-2.0333,5.9823,-158.5593,-178.989,0.052
1741951244.216,3.484,3.16,6.584,3.777,0.2554,-2.0479,5.9821,-158.8611,-178.8966,0.4516
1741951244.296,3.505,3.159,6.594,3.773,0.2616,-2.0616,5.9832,-158.7759,-178.9184,0.2576
1741951244.375,3.524,3.154,6.605,3.768,0.2666,-2.0736,5.9832,-158.7321,-178.8124,-0.0373
1741951244.455,3.543,3.154,6.612,3.763,0.2696,-2.0932,5.9716,-158.6165,-178.5525,1.3474
1741951244.535,3.543,3.154,6.64,3.788,0.2787,-2.1138,5.9682,-159.2303,-177.7094,1.4477
1741951244.614,3.564,3.156,6.66,3.794,0.2882,-2.1281,5.9704,-159.3441,-177.7921,0.8505
1741951244.694,3.583,3.164,6.678,3.804,0.2944,-2.1385,5.9745,-159.4552,-178.0726,0.3903
1741951244.774,3.602,3.163,6.688,3.801,0.2992,-2.1485,5.9801,-159.3975,-178.4663,0.0765
1741951244.853,3.621,3.164,6.708,3.808,0.3022,-2.1654,5.9758,-159.5561,-178.0933,1.8791
1741951244.933,3.621,3.164,6.705,3.805,0.3089,-2.1803,5.9782,-159.4903,-178.2671,1.6369
1741951245.013,3.64,3.165,6.716,3.804,0.3142,-2.1934,5.9809,-159.4405,-178.5655,1.1759
1741951245.092,3.657,3.166,6.727,3.804,0.3186,-2.2046,5.9842,-159.4348,-178.8697,0.723
1741951245.172,3.678,3.177,6.727,3.8,0.3228,-2.2165,5.9864,-159.1443,-179.0607,0.4724
1741951245.252,3.698,3.171,6.681,3.745,0.3262,-2.2293,5.9879,-157.9091,-179.1974,0.2901
1741951245.331,3.698,3.171,6.538,3.622,0.3292,-2.2433,5.9884,-155.028,-179.5976,0.1844
1741951245.411,3.712,3.169,6.464,3.55,0.3339,-2.256,5.9895,-153.4201,-179.4819,-0.1151
1741951245.491,3.72,3.175,6.539,3.614,0.3396,-2.2728,5.9797,-154.7792,-178.7077,0.0225
1741951245.57,3.739,3.174,6.568,3.628,0.3452,-2.2831,5.9802,-155.1125,-179.355,-0.9859
1741951245.65,3.748,3.175,6.577,3.632,0.3526,-2.294,5.9813,-155.1885,-179.7378,-1.6388
1741951245.729,3.748,3.175,6.579,3.633,0.36,-2.3061,5.9832,-155.2194,-179.9572,-2.278
1741951245.809,3.762,3.173,6.565,3.612,0.3739,-2.3329,5.9802,-154.77,-177.8833,3.1642
1741951245.889,3.779,3.167,6.552,3.589,0.3898,-2.3582,5.9786,-154.3299,-175.0028,5.8222
1741951245.968,3.815,3.176,6.582,3.601,0.3932,-2.369,5.9827,-154.4748,-178.0468,2.1593
1741951246.048,3.838,3.167,6.924,3.867,0.4062,-2.3943,5.9851,-160.9713,-166.8883,11.0413
1741951246.128,3.838,3.167,6.745,3.719,0.416,-2.4092,5.9853,-157.3537,-171.9287,7.3971
1741951246.207,3.863,3.168,6.75,3.71,0.4235,-2.4211,5.9871,-157.134,-173.7553,5.9378
1741951246.287,3.877,3.176,6.732,3.693,0.4325,-2.4353,5.989,-156.6044,-174.6768,5.5048
1741951246.367,3.895,3.168,6.765,3.705,0.4328,-2.442,5.9897,-157.0099,-176.2781,4.2386
1741951246.446,3.912,3.176,6.78,3.714,0.4377,-2.4564,5.9899,-157.0977,-177.1269,3.5113
1741951246.526,3.912,3.176,6.886,3.8,0.4387,-2.4592,5.9909,-159.1575,179.812,-3.8053
1741951246.605,3.931,3.169,6.857,3.762,0.443,-2.4674,5.9914,-158.3505,-179.927,-3.9144
1741951246.685,3.947,3.168,6.822,3.724,0.4479,-2.478,5.9904,-157.4616,-179.6548,-2.3407
1741951246.765,3.97,3.168,6.824,3.714,0.4513,-2.4866,5.9907,-157.2112,-179.6702,-1.9695
1741951246.844,3.992,3.168,6.819,3.699,0.4548,-2.4931,5.9909,-156.8627,-179.6427,-1.7547
1741951246.964,4.008,3.166,6.817,3.688,0.4626,-2.5104,5.9915,-156.6332,-179.1154,-0.9546
1741951247.044,4.024,3.166,6.813,3.676,0.4696,-2.5255,5.9916,-156.3554,-179.2456,-0.5739
1741951247.123,4.024,3.173,6.792,3.665,0.4769,-2.5405,5.9922,-155.9844,-179.2237,-0.3588
1741951247.203,4.037,3.169,6.796,3.659,0.4846,-2.5566,5.9922,-155.9005,-179.1881,-0.2688
1741951247.283,4.057,3.166,6.798,3.649,0.4916,-2.5712,5.9917,-155.7109,-179.3566,-0.3537
1741951247.362,4.076,3.167,6.796,3.638,0.4993,-2.5878,5.9914,-155.4494,-179.4427,-0.3259
1741951247.442,4.101,3.167,6.826,3.649,0.5067,-2.6022,5.9918,-155.7077,-179.2619,0.1319
1741951247.521,4.101,3.172,6.811,3.641,0.5105,-2.6104,5.9926,-155.4521,-179.6016,-0.0988
1741951247.601,4.12,3.166,6.804,3.622,0.5109,-2.6065,5.9935,-155.1054,-179.3004,-1.6979
1741951247.681,4.132,3.166,6.808,3.62,0.5108,-2.6017,5.9933,-155.0559,-179.0419,-2.0614
1741951247.76,4.133,3.166,6.797,3.611,0.5098,-2.6021,5.9931,-154.8453,-179.2763,-1.7837
1741951247.84,4.129,3.166,6.8,3.615,0.5091,-2.6027,5.993,-154.9443,-179.5441,-1.6076
1741951247.92,4.129,3.166,6.802,3.617,0.5085,-2.6033,5.9929,-154.9748,-179.6613,-1.4047
1741951247.999,4.129,3.167,6.821,3.632,0.5084,-2.6036,5.9926,-155.3065,-179.4612,-1.3995
1741951248.079,4.129,3.174,6.831,3.644,0.5054,-2.603,5.9929,-155.4829,-179.8541,-1.1516
1741951248.159,4.13,3.174,6.81,3.628,0.5052,-2.603,5.9928,-155.1104,-179.7271,-1.0836
1741951248.238,4.131,3.174,6.808,3.625,0.5051,-2.603,5.9928,-155.0575,-179.868,-1.095
1741951248.318,4.131,3.173,6.806,3.623,0.5051,-2.6031,5.9928,-155.0209,-179.933,-1.041
1741951248.398,4.132,3.167,6.806,3.619,0.5051,-2.6031,5.9927,-155.0102,-179.9912,-1.0539
1741951248.477,4.13,3.167,6.795,3.612,0.5051,-2.6031,5.9927,-154.8405,179.9533,-1.048
1741951248.557,4.131,3.167,6.801,3.616,0.5051,-2.6031,5.9927,-154.9419,-179.9956,-1.0238
1741951248.636,4.131,3.167,6.824,3.634,0.505,-2.6032,5.9926,-155.3508,-179.8279,-1.0449
1741951248.716,4.131,3.174,6.832,3.644,0.505,-2.6032,5.9926,-155.49,-179.8924,-1.135
1741951248.796,4.13,3.173,6.831,3.643,0.505,-2.6032,5.9926,-155.474,-179.8356,-1.0748
1741951248.875,4.128,3.172,6.822,3.636,0.505,-2.6032,5.9926,-155.3318,-179.8951,-1.0229
1741951248.955,4.131,3.173,6.818,3.633,0.5051,-2.6032,5.9926,-155.2424,179.9726,-1.0298
1741951249.035,4.131,3.173,6.83,3.642,0.505,-2.6033,5.9925,-155.4493,-179.78,-0.9365
1741951249.114,4.131,3.173,6.835,3.646,0.505,-2.6033,5.9925,-155.5408,-179.7007,-0.9108
1741951249.194,4.131,3.167,6.837,3.643,0.5049,-2.6032,5.9925,-155.576,-179.6612,-0.8699
1741951249.274,4.131,3.172,6.839,3.648,0.5049,-2.6032,5.9924,-155.6131,-179.6109,-0.8524
1741951250.449,4.13,3.168,6.938,3.722,0.5065,-2.6079,5.9985,-157.3971,178.3322,-5.7264
1741951250.528,4.13,3.168,6.966,3.743,0.5067,-2.6088,6.0005,-157.9179,179.8028,-6.4095
1741951250.608,1.876,3.174,5.443,3.679,0.5019,-2.6244,6.0069,-156.2949,-178.221,-2.958
1741951250.687,1.47,3.189,5.203,3.726,0.4808,-2.642,6.0192,-157.1888,-179.5144,1.5125
1741951250.767,4.147,3.217,6.984,3.781,0.4477,-2.6542,6.0325,-158.0517,-179.8827,2.585
1741951250.926,4.157,3.238,7.141,3.912,0.3863,-2.718,6.0458,-160.8605,-170.7485,9.8098
1741951251.006,4.15,3.275,7.049,3.869,0.3445,-2.7554,6.049,-159.2039,-170.403,6.3304
1741951251.086,4.15,3.336,6.968,3.845,0.2949,-2.7818,6.0497,-157.7126,-172.332,6.1291
1741951251.165,4.158,3.411,6.89,3.826,0.2401,-2.801,6.0499,-156.212,-174.5777,4.8361
1741951251.245,4.163,3.474,6.702,3.706,0.1882,-2.798,6.0642,-152.8872,-175.8503,3.8181
1741951251.325,4.163,3.474,6.675,3.684,0.1593,-2.821,6.061,-152.4324,-176.5992,4.3113
1741951251.404,4.163,3.543,6.768,3.803,0.1343,-2.8312,6.0526,-154.0096,-177.0006,3.7138
1741951251.484,4.166,3.59,6.861,3.91,0.1178,-2.8302,6.0427,-155.6152,-176.5188,2.1622
1741951251.564,4.161,3.614,6.925,3.984,0.1048,-2.8233,6.0322,-156.8151,-176.9408,0.8655
1741951251.643,4.153,3.604,6.946,3.999,0.0983,-2.8152,6.0233,-157.2753,-177.9745,-0.1377
1741951251.723,4.153,3.604,6.952,4.004,0.0966,-2.8073,6.0161,-157.3813,-179.4382,-1.1217
1741951251.802,4.143,3.625,7.0,4.066,0.0999,-2.8003,6.0135,-158.3943,-178.8628,-2.0351
1741951251.882,4.135,3.62,6.945,4.019,0.1046,-2.7957,6.0124,-157.4681,-177.8665,-2.0512
1741951251.962,4.137,3.644,6.895,3.99,0.1032,-2.7921,6.0097,-156.5482,-178.9588,-2.7442
1741951252.041,4.13,3.643,6.847,3.951,0.102,-2.7908,6.009,-155.7582,-179.267,-3.3248
1741951252.161,4.123,3.613,6.773,3.871,0.0992,-2.7924,6.011,-154.5238,-179.1537,-3.2541
1741951252.241,4.12,3.613,6.726,3.832,0.0965,-2.7928,6.0117,-153.7461,-179.0479,-3.2754
1741951252.32,4.12,3.604,6.733,3.832,0.0948,-2.7909,6.0073,-153.8558,-179.0257,-4.0238
1741951252.4,4.117,3.648,6.865,3.977,0.0888,-2.7866,6.0049,-156.2282,179.7549,-4.4634
1741951252.48,4.118,3.645,6.82,3.935,0.0917,-2.7891,6.0031,-155.4157,-179.5645,-3.186
1741951252.559,4.116,3.631,6.764,3.878,0.091,-2.7897,6.0024,-154.4508,-179.6445,-2.327
1741951252.639,4.119,3.631,6.72,3.838,0.091,-2.7906,6.0024,-153.654,-179.774,-1.8848
1741951252.718,4.119,3.625,6.672,3.791,0.0922,-2.7915,6.0024,-152.8139,-179.9891,-2.0119
1741951252.798,4.118,3.631,6.669,3.793,0.0926,-2.7949,6.0023,-152.7754,179.9055,-1.6058
1741951252.878,4.122,3.634,6.609,3.74,0.0921,-2.7965,6.0025,-151.7146,179.2235,-0.7825
1741951252.957,4.125,3.634,6.599,3.73,0.0921,-2.7978,6.0025,-151.5193,179.3137,-0.8114
1741951253.037,4.125,3.634,6.642,3.767,0.0922,-2.7998,6.0027,-152.2359,179.4798,-0.9545
1741951253.117,4.125,3.626,6.698,3.812,0.0924,-2.8025,6.0029,-153.1995,179.5887,-1.059
1741951253.196,4.125,3.624,6.724,3.834,0.0933,-2.8052,6.0029,-153.6604,179.6446,-1.1599
1741951253.276,4.126,3.623,6.695,3.807,0.095,-2.8072,6.0029,-153.1388,179.6605,-1.172
1741951253.356,4.13,3.622,6.692,3.802,0.0956,-2.8077,6.003,-153.0486,179.6477,-1.2633
1741951253.435,4.131,3.622,6.688,3.798,0.0958,-2.8083,6.0031,-152.9777,179.6138,-1.2197
1741951253.515,4.131,3.623,6.703,3.812,0.0963,-2.8097,6.0031,-153.2312,179.6173,-1.2383
1741951253.594,4.132,3.63,6.715,3.826,0.0967,-2.8109,6.0031,-153.4268,179.6204,-1.313
1741951253.674,4.134,3.626,6.755,3.857,0.0974,-2.813,6.0031,-154.0976,179.8877,-1.1314
1741951253.754,4.138,3.626,6.761,3.86,0.1089,-2.8246,6.011,-154.1549,-179.274,-0.761
1741951253.833,4.139,3.626,6.782,3.878,0.114,-2.8299,6.0142,-154.5166,-179.6454,-1.0744
1741951253.913,4.139,3.626,6.787,3.883,0.1122,-2.8313,6.0135,-154.6101,179.8057,-1.2932
1741951253.993,4.14,3.62,6.562,3.682,0.0966,-2.8225,6.01,-150.7517,174.2522,-1.3165
1741951254.072,4.142,3.625,6.577,3.697,0.0841,-2.8138,6.0059,-150.9868,172.7411,-3.1325
1741951254.152,4.142,3.621,6.667,3.773,0.0807,-2.8145,6.0029,-152.5047,174.7483,-2.1577
1741951254.231,4.145,3.621,6.656,3.762,0.0803,-2.8152,6.0014,-152.2821,175.8494,-0.882
1741951254.311,4.145,3.625,6.676,3.782,0.083,-2.8136,6.0013,-152.6269,177.1631,-1.2103
1741951254.391,4.15,3.626,6.683,3.786,0.0862,-2.8135,6.0016,-152.6899,178.1592,-1.0566
1741951254.47,4.149,3.624,6.739,3.834,0.0901,-2.8166,6.0026,-153.6655,179.0081,-0.975
1741951254.55,4.148,3.623,6.756,3.849,0.0937,-2.818,6.0035,-153.9708,179.4259,-1.0211
1741951254.63,4.151,3.623,6.776,3.865,0.0961,-2.8198,6.0037,-154.2847,179.5067,-0.8902
1741951254.71,4.151,3.626,6.772,3.863,0.0973,-2.8205,6.0037,-154.2205,179.3587,-1.1677
1741951254.789,4.149,3.632,6.738,3.838,0.0983,-2.8197,6.0037,-153.6531,179.3315,-1.1196
1741951254.869,4.147,3.626,6.68,3.785,0.1001,-2.818,6.0039,-152.6696,179.7251,-1.4287
1741951254.949,4.144,3.623,6.648,3.756,0.101,-2.8156,6.0043,-152.1554,179.7237,-2.0804
1741951255.028,4.144,3.623,6.653,3.76,0.1016,-2.8159,6.0047,-152.2339,179.6392,-2.3162
1741951255.108,4.144,3.628,6.624,3.738,0.1033,-2.8209,6.0043,-151.7511,-179.9544,-0.5458
1741951255.187,4.144,3.63,6.654,3.765,0.1048,-2.824,6.0034,-152.2518,-179.8826,-0.5607
1741951255.267,4.144,3.624,6.64,3.751,0.1042,-2.8231,6.0034,-152.0296,179.5607,-0.773
1741951255.347,4.148,3.626,6.687,3.79,0.1027,-2.8187,6.0034,-152.7805,179.5413,-2.2079
1741951255.426,4.146,3.626,6.682,3.787,0.1013,-2.8158,6.0036,-152.7228,179.3019,-2.0366
1741951255.506,4.146,3.622,6.686,3.788,0.1006,-2.814,6.0032,-152.7854,179.4624,-1.7422
1741951255.586,4.145,3.628,6.752,3.85,0.0985,-2.814,6.0016,-153.9342,177.2365,-0.4511
1741951255.665,4.142,3.624,6.746,3.843,0.0991,-2.8181,6.0018,-153.8496,177.839,-0.3001
1741951255.745,4.143,3.624,6.796,3.887,0.0998,-2.8167,6.0022,-154.7203,178.1953,-0.5537
1741951255.825,4.143,3.624,6.79,3.882,0.1024,-2.8144,6.0027,-154.6117,178.763,-0.5337
1741951255.904,4.144,3.627,6.768,3.864,0.1033,-2.8118,6.0028,-154.2177,179.0498,-0.9003
1741951255.984,4.142,3.62,6.667,3.772,0.105,-2.8105,6.0028,-152.492,178.9585,-0.591
1741951256.064,4.137,3.615,6.637,3.746,0.1057,-2.8113,6.0021,-152.0392,178.9558,0.0616
1741951256.143,4.14,3.615,6.66,3.764,0.1061,-2.8131,6.002,-152.3953,179.1689,-0.057
1741951256.223,4.14,3.615,6.66,3.764,0.1067,-2.8145,6.0021,-152.3978,179.3294,-0.1882
1741951256.302,4.14,3.616,6.665,3.77,0.1071,-2.8159,6.0021,-152.493,179.3351,-0.1912
1741951256.382,4.139,3.618,6.687,3.79,0.12,-2.8238,6.0117,-152.8705,-179.636,-0.3492
1741951256.462,4.141,3.619,6.676,3.78,0.1215,-2.827,6.0126,-152.6668,-179.9565,-0.3183
1741951256.541,4.142,3.618,6.663,3.767,0.1159,-2.8241,6.0105,-152.4267,179.1765,-0.6765
1741951256.621,4.142,3.618,6.677,3.78,0.1109,-2.8186,6.0068,-152.6712,179.3476,-0.9618
1741951256.701,4.14,3.615,6.673,3.776,0.1065,-2.8126,6.004,-152.6258,179.1622,-1.2635
1741951256.78,4.14,3.615,6.669,3.772,0.1086,-2.8139,6.0047,-152.5584,179.7724,-0.7392
1741951256.86,4.14,3.619,6.67,3.775,0.1082,-2.813,6.0042,-152.5648,179.7363,-0.7735
1741951256.94,4.141,3.618,6.676,3.78,0.1079,-2.8125,6.004,-152.6707,179.7208,-0.7954
1741951257.019,4.141,3.618,6.701,3.801,0.1076,-2.812,6.0037,-153.0908,179.783,-0.9664
1741951257.099,4.139,3.618,6.772,3.865,0.1075,-2.812,6.0036,-154.3408,179.7098,-1.531
1741951257.179,4.142,3.615,6.77,3.859,0.1075,-2.8117,6.0036,-154.275,179.8188,-1.5048
1741951257.258,4.14,3.62,6.768,3.861,0.1074,-2.8114,6.0035,-154.2526,179.871,-1.3259
1741951257.338,4.141,3.619,6.767,3.859,0.1072,-2.8112,6.0034,-154.2271,179.8387,-1.2929
1741951257.418,4.141,3.619,6.759,3.852,0.1071,-2.8111,6.0034,-154.0862,179.8495,-1.2483
1741951257.497,4.14,3.615,6.756,3.848,0.1071,-2.811,6.0033,-154.0552,179.8213,-1.2031
1741951257.577,4.14,3.616,6.75,3.843,0.107,-2.8109,6.0033,-153.9434,179.8239,-1.1353
1741951257.656,4.141,3.617,6.744,3.839,0.1069,-2.8108,6.0033,-153.8365,179.8677,-1.1599
1741951257.736,4.14,3.617,6.757,3.85,0.1047,-2.8056,6.003,-154.0634,179.9162,-0.92
1741951257.816,4.14,3.617,6.759,3.852,0.0975,-2.7905,6.0031,-154.1014,179.8344,-0.8034
1741951257.895,4.136,3.617,6.686,3.79,0.0884,-2.7739,6.0036,-152.8855,-179.6045,0.6127
1741951257.975,4.122,3.615,6.688,3.799,0.0781,-2.7535,6.0029,-153.0681,-179.8051,0.1072
1741951258.055,4.091,3.619,6.667,3.798,0.0675,-2.7314,6.0021,-153.0108,-179.9994,-0.1879
1741951258.134,4.062,3.619,6.651,3.8,0.0595,-2.7124,6.0012,-153.0419,-179.5441,-0.305
1741951258.214,4.062,3.613,6.656,3.8,0.0522,-2.6961,6.0008,-153.1262,-179.5508,-0.5486
1741951258.413,4.008,3.604,6.649,3.818,0.036,-2.6589,6.0003,-153.5742,-179.5666,-0.9634
1741951258.493,3.988,3.609,6.653,3.834,0.0292,-2.6449,6.0006,-153.8468,-179.7229,-0.8839
1741951258.572,3.97,3.604,6.649,3.837,0.0215,-2.6285,6.0005,-153.9692,-179.7197,-0.8688
1741951258.652,3.949,3.609,6.624,3.829,0.0135,-2.6116,6.0005,-153.7499,-179.5967,-0.9494
1741951258.732,3.93,3.609,6.325,3.565,-0.0024,-2.594,6.0012,-148.6631,177.2309,-0.4535
1741951258.811,3.93,3.606,6.179,3.43,-0.0211,-2.5758,6.0008,-146.2015,175.7523,-2.0268
1741951258.891,3.905,3.611,6.163,3.429,-0.0231,-2.5438,5.9908,-146.14,178.1579,-1.7862
1741951258.971,3.891,3.644,6.158,3.447,-0.0343,-2.5254,5.9887,-146.1685,178.3355,-1.2832
1741951259.05,3.888,3.658,6.125,3.424,-0.0492,-2.513,5.99,-145.64,177.1276,-1.29
1741951259.13,3.869,3.658,6.115,3.424,-0.0602,-2.5084,5.9951,-145.6237,177.6898,-0.7314
1741951259.21,3.869,3.666,6.103,3.416,-0.0707,-2.5009,5.9981,-145.42,177.9915,-0.7507
1741951259.289,3.847,3.669,6.22,3.538,-0.0765,-2.489,6.0005,-147.5964,178.5802,-0.807
1741951259.369,3.825,3.673,6.361,3.688,-0.0767,-2.486,5.9881,-150.3057,179.7873,-0.7172
1741951259.448,3.784,3.646,6.383,3.715,-0.0835,-2.4684,5.9907,-151.1154,179.9076,-1.2419
1741951259.528,3.751,3.646,6.377,3.728,-0.0916,-2.447,5.9945,-151.3504,-179.8302,-1.922
1741951259.608,3.751,3.634,6.354,3.698,-0.101,-2.4275,5.9974,-150.9203,-179.9967,-1.5286
1741951259.687,3.751,3.641,6.34,3.688,-0.11,-2.4094,5.9994,-150.6527,179.939,-1.622
1741951259.767,3.701,3.641,6.308,3.685,-0.1197,-2.3918,6.0003,-150.5837,-179.9096,-1.4697
1741951259.847,3.682,3.643,6.296,3.684,-0.1296,-2.3754,6.0009,-150.5591,179.9827,-1.454
1741951259.926,3.662,3.643,6.2,3.6,-0.1402,-2.3607,6.0013,-148.9747,178.7266,-1.3193
1741951260.006,3.662,3.648,6.221,3.623,-0.1492,-2.3455,6.0002,-149.3586,179.1392,-1.4139
1741951260.085,3.641,3.646,6.226,3.639,-0.1582,-2.3307,5.9991,-149.6664,179.637,-1.2879
1741951260.165,3.617,3.652,6.302,3.732,-0.165,-2.3142,5.9984,-151.3603,-179.5142,-1.2979
1741951260.245,3.598,3.656,6.429,3.874,-0.1694,-2.2974,5.998,-154.0758,-179.6272,-1.5846
1741951260.325,3.569,3.656,6.476,3.94,-0.1751,-2.2843,5.9971,-155.3918,-179.8495,-0.6166
1741951260.404,3.569,3.64,6.473,3.927,-0.1828,-2.2682,5.9971,-155.3237,-179.8023,-0.5278
1741951260.484,3.546,3.635,6.446,3.911,-0.1909,-2.2513,5.9967,-155.0684,-179.7643,-0.6117
1741951260.564,3.522,3.633,6.411,3.89,-0.1989,-2.2347,5.9966,-154.6584,-179.7464,-0.5545
1741951260.643,3.496,3.637,6.389,3.885,-0.2062,-2.219,5.9963,-154.5164,-179.4184,-0.258
1741951260.723,3.472,3.637,6.364,3.874,-0.2146,-2.2033,5.9962,-154.3058,-179.5679,-0.3261
1741951260.803,3.472,3.633,6.348,3.855,-0.2217,-2.1881,5.9958,-153.9688,-179.4485,-0.5703
1741951260.882,3.454,3.634,6.321,3.839,-0.2309,-2.1709,5.9952,-153.6397,-179.621,-0.6089
1741951260.962,3.433,3.636,6.312,3.844,-0.2388,-2.1564,5.9948,-153.7186,179.7246,-0.085
1741951261.041,3.413,3.634,6.293,3.835,-0.2475,-2.1402,5.9944,-153.5666,179.6758,-0.4324
1741951261.121,3.413,3.634,6.285,3.826,-0.2563,-2.124,5.9945,-153.3933,179.7619,-0.6149
1741951261.201,3.384,3.635,6.253,3.811,-0.2645,-2.1079,5.9949,-153.0824,179.9545,-0.9293
1741951261.28,3.367,3.639,6.228,3.797,-0.2738,-2.0912,5.9948,-152.7693,179.7769,-0.8052
1741951261.36,3.344,3.638,6.201,3.783,-0.2821,-2.0753,5.9949,-152.4983,179.8065,-0.9297
1741951261.44,3.32,3.64,6.173,3.769,-0.2918,-2.0566,5.995,-152.2003,179.2135,-1.4821
1741951261.519,3.32,3.64,6.154,3.747,-0.2998,-2.0422,5.995,-151.7872,179.3607,-1.3155
1741951261.599,3.295,3.639,6.147,3.755,-0.3086,-2.0235,5.9939,-151.9569,179.7796,-1.8516
1741951261.678,3.276,3.642,6.147,3.769,-0.3153,-2.0069,5.9933,-152.1925,-179.6544,-2.0878
1741951261.758,3.257,3.643,6.129,3.762,-0.3236,-1.9917,5.9933,-152.0307,-179.5835,-1.8873
1741951261.838,3.231,3.642,6.116,3.763,-0.3322,-1.9777,5.9934,-152.0774,-179.5724,-1.5004
1741951261.918,3.231,3.642,6.107,3.754,-0.3416,-1.9624,5.9934,-151.8918,-179.6752,-1.6744
1741951261.997,3.207,3.645,6.071,3.73,-0.3507,-1.9456,5.9934,-151.4056,-179.7483,-1.8853
1741951262.077,3.193,3.65,6.036,3.701,-0.3596,-1.9311,5.9935,-150.8008,-179.904,-1.7244
1741951262.156,3.164,3.652,6.002,3.683,-0.3693,-1.9147,5.9935,-150.4316,179.761,-2.3472
1741951262.236,3.143,3.656,5.999,3.694,-0.3778,-1.9005,5.9932,-150.6091,-179.7217,-1.8677
1741951262.316,3.143,3.656,5.994,3.689,-0.3864,-1.8851,5.9929,-150.5009,-179.5361,-1.7072
1741951262.395,3.126,3.657,5.922,3.616,-0.3944,-1.8756,5.994,-149.1389,-179.5663,-0.6281
1741951262.475,3.102,3.659,5.918,3.628,-0.3995,-1.866,5.9946,-149.3313,-179.1319,0.3843
1741951262.555,3.095,3.671,5.936,3.659,-0.4061,-1.8534,5.9946,-149.7994,-178.7741,0.7553
1741951262.634,3.079,3.664,5.912,3.637,-0.4158,-1.8379,5.9946,-149.4608,-178.7324,0.9676
1741951262.714,3.079,3.664,5.913,3.639,-0.4293,-1.8147,5.9922,-149.4842,-179.4629,-0.86
1741951262.794,3.055,3.668,6.067,3.842,-0.4417,-1.7942,5.9949,-153.2965,177.8195,-4.09
1741951262.873,3.03,3.67,6.04,3.828,-0.4497,-1.7784,5.9952,-153.0088,179.1642,-3.1441
1741951262.953,2.999,3.671,6.023,3.83,-0.4587,-1.7642,5.9957,-153.0357,179.8505,-1.7638
1741951263.032,2.985,3.667,6.056,3.878,-0.4698,-1.7515,5.9974,-154.027,179.2533,-1.5872
1741951263.112,2.985,3.667,6.043,3.862,-0.4773,-1.7485,5.9992,-153.7116,178.3529,0.3317
1741951263.192,2.964,3.661,6.047,3.879,-0.4885,-1.7293,5.997,-154.1134,176.8217,-1.0932
1741951263.272,2.948,3.675,5.995,3.836,-0.4948,-1.7086,5.9976,-153.1058,177.74,-2.4333
1741951263.351,2.918,3.677,5.885,3.721,-0.4979,-1.6861,5.9961,-150.8888,-179.3923,-3.56
1741951263.431,2.881,3.666,5.92,3.784,-0.496,-1.6733,5.993,-152.2162,-174.3182,-2.6501
1741951263.511,2.881,3.666,5.92,3.785,-0.5042,-1.6582,5.9908,-152.2287,-175.3638,-1.9728
1741951263.59,2.86,3.686,5.902,3.789,-0.5081,-1.646,5.9903,-152.0843,-175.2446,-1.8522
1741951263.67,2.839,3.691,5.879,3.778,-0.5186,-1.6322,5.9905,-151.8257,-176.476,-1.5831
1741951263.749,2.822,3.692,5.875,3.786,-0.5334,-1.6191,5.9895,-151.9542,-178.1762,-0.5481
1741951263.829,2.801,3.692,5.878,3.805,-0.5448,-1.6064,5.9898,-152.3276,-179.5597,2.1374
1741951263.909,2.801,3.688,5.867,3.789,-0.5549,-1.5905,5.9905,-152.0614,-179.5401,1.5473
1741951263.988,2.778,3.67,5.818,3.732,-0.5594,-1.5759,5.9956,-151.17,-179.2424,0.7411
1741951264.068,2.757,3.674,5.792,3.715,-0.5656,-1.5626,5.9977,-150.8151,-179.6752,-0.0135
1741951264.148,2.734,3.676,5.788,3.728,-0.5765,-1.5477,5.9959,-151.0383,-179.7715,0.003
1741951264.227,2.719,3.676,5.811,3.771,-0.5863,-1.5299,5.9918,-151.8453,-177.9315,-0.0478
1741951264.307,2.719,3.677,5.831,3.799,-0.5958,-1.5113,5.9901,-152.3641,-178.0292,-0.3018
1741951264.387,2.696,3.678,5.818,3.799,-0.6047,-1.4941,5.9891,-152.3555,-178.7024,-0.5382
1741951264.466,2.673,3.676,5.829,3.831,-0.613,-1.4775,5.9887,-152.9952,-178.9207,-0.4672
1741951264.546,2.65,3.672,5.844,3.868,-0.6213,-1.4603,5.9893,-153.7657,-179.0944,-0.4491
1741951264.625,2.626,3.672,5.849,3.896,-0.6292,-1.444,5.9907,-154.3167,-179.4211,-0.583
1741951264.705,2.626,3.669,5.868,3.92,-0.6366,-1.4273,5.9909,-154.8235,-179.2723,-0.7582
1741951264.785,2.602,3.67,5.959,4.071,-0.6396,-1.4176,5.9901,-157.8592,-175.3111,2.32
1741951264.864,2.584,3.664,5.921,4.03,-0.6463,-1.4027,5.9895,-157.0962,-176.2433,1.4892
1741951264.944,2.556,3.665,5.888,4.009,-0.6543,-1.3862,5.9904,-156.6632,-177.2548,0.861
1741951265.024,2.54,3.665,5.86,3.983,-0.6654,-1.3708,5.9898,-156.1336,-179.339,0.8767
1741951265.103,2.54,3.664,5.866,3.991,-0.6751,-1.3515,5.9904,-156.3119,-179.6283,0.3236
1741951265.183,2.512,3.664,5.847,3.989,-0.6832,-1.3344,5.9906,-156.2641,-179.7291,-0.0733
1741951265.263,2.495,3.663,5.817,3.961,-0.6917,-1.3166,5.9906,-155.72,-179.9139,-0.2568
1741951265.342,2.473,3.665,5.79,3.943,-0.7002,-1.2986,5.9901,-155.3245,-179.6862,-0.7483
1741951265.422,2.45,3.665,5.77,3.934,-0.7072,-1.2825,5.9905,-155.1405,-179.4971,-0.7964
1741951265.502,2.45,3.662,5.761,3.918,-0.7149,-1.2669,5.9907,-154.8737,-179.4176,-0.5958
1741951265.581,2.428,3.664,5.745,3.916,-0.7229,-1.251,5.9898,-154.8088,-179.5103,-0.5888
1741951265.661,2.406,3.663,5.726,3.907,-0.73,-1.2359,5.9888,-154.6324,-179.2995,-0.6243
1741951265.741,2.38,3.663,5.706,3.901,-0.7376,-1.2203,5.9888,-154.5209,-179.5819,-0.7527
1741951265.82,2.364,3.663,5.691,3.893,-0.7461,-1.203,5.9889,-154.3643,-179.6702,-0.8466
1741951265.9,2.364,3.663,5.685,3.883,-0.7544,-1.1862,5.9895,-154.1699,-179.6573,-0.9403
1741951265.979,2.336,3.662,5.667,3.881,-0.7634,-1.1697,5.9904,-154.141,-179.8675,-0.9016
1741951266.059,2.315,3.665,5.653,3.882,-0.7706,-1.1534,5.9906,-154.1149,-179.7163,-0.7576
1741951266.139,2.294,3.664,5.635,3.872,-0.7786,-1.1382,5.9902,-153.9344,-179.6494,-0.7778
1741951266.218,2.271,3.664,5.614,3.861,-0.7863,-1.123,5.9901,-153.7177,-179.4834,-0.995
1741951266.298,2.271,3.663,5.606,3.848,-0.7942,-1.1079,5.9895,-153.4765,-179.3258,-1.0278
1741951266.378,2.248,3.664,5.589,3.842,-0.802,-1.0908,5.9893,-153.3476,-179.0599,-1.1404
1741951266.457,2.225,3.664,5.58,3.85,-0.8144,-1.0813,5.9791,-153.5078,-179.0966,-0.4306
1741951266.537,2.204,3.667,5.561,3.842,-0.8204,-1.0638,5.9818,-153.3066,-178.8543,-1.1452
1741951266.617,2.18,3.667,5.545,3.838,-0.8296,-1.0482,5.9797,-153.244,-179.2066,-1.4574
1741951266.696,2.18,3.67,5.546,3.841,-0.8358,-1.0269,5.9839,-153.2669,-179.0932,-1.7842
1741951266.776,2.159,3.663,5.535,3.84,-0.8431,-1.0085,5.987,-153.3149,-179.0526,-1.69
1741951266.856,2.134,3.667,5.529,3.858,-0.851,-0.9924,5.9889,-153.6188,-178.7438,-1.4591
1741951266.935,2.111,3.671,5.517,3.864,-0.8592,-0.977,5.9894,-153.6879,-178.9105,-1.2231
1741951267.015,2.111,3.671,5.516,3.862,-0.867,-0.9627,5.9892,-153.6576,-179.0221,-1.3145
1741951267.095,2.088,3.67,5.501,3.859,-0.8755,-0.9455,5.9882,-153.6172,-179.1499,-1.3339
1741951267.174,2.067,3.668,5.497,3.873,-0.8834,-0.9293,5.9874,-153.9018,-178.5037,-1.3101
1741951267.254,2.046,3.676,5.486,3.881,-0.8915,-0.9129,5.9868,-153.9663,-178.404,-1.3188
1741951267.333,2.02,3.687,5.466,3.88,-0.8992,-0.8977,5.9866,-153.8153,-178.413,-1.3334
1741951267.413,2.02,3.687,5.472,3.89,-0.907,-0.8822,5.9863,-154.0204,-178.1319,-1.1142
1741951267.493,1.996,3.694,5.456,3.892,-0.9149,-0.8654,5.986,-153.968,-178.1799,-1.2857
1741951267.573,1.977,3.693,5.451,3.904,-0.9215,-0.8505,5.9855,-154.2155,-177.8867,-1.3648
1741951267.652,1.955,3.693,5.434,3.896,-0.9298,-0.8333,5.9854,-154.0641,-178.1082,-1.4276
1741951267.732,1.933,3.692,5.413,3.881,-0.9379,-0.8169,5.9855,-153.7819,-178.3791,-1.6264
1741951267.812,1.933,3.692,5.414,3.882,-0.9468,-0.8006,5.9854,-153.8109,-178.6046,-1.4069
1741951267.891,1.909,3.694,5.406,3.898,-0.9552,-0.785,5.9854,-154.0843,-177.7134,-1.6684
1741951267.971,1.887,3.694,5.392,3.895,-0.9619,-0.7696,5.9851,-154.0305,-177.7203,-1.8989
1741951268.05,1.864,3.693,5.377,3.892,-0.9688,-0.7522,5.9849,-153.9914,-177.7732,-1.8742
1741951268.13,1.839,3.694,5.36,3.889,-0.9764,-0.7364,5.9848,-153.9219,-177.7314,-1.853
1741951268.21,1.839,3.694,5.366,3.902,-0.9841,-0.7198,5.984,-154.1742,-177.5557,-1.7893
1741951268.289,1.817,3.69,5.346,3.886,-0.9919,-0.7033,5.9835,-153.9112,-177.742,-1.628
1741951268.369,1.797,3.688,5.337,3.891,-0.9999,-0.6879,5.9834,-154.0317,-177.8344,-1.614
1741951268.449,1.774,3.693,5.324,3.896,-1.0133,-0.6755,5.9758,-154.0627,-178.4052,-1.4043
1741951268.528,1.752,3.693,5.306,3.887,-1.0189,-0.6579,5.9779,-153.8801,-178.3605,-1.7241
1741951268.608,1.752,3.693,5.304,3.881,-1.0252,-0.6405,5.9804,-153.7714,-177.8197,-2.2482
1741951268.688,1.729,3.69,5.282,3.863,-1.0325,-0.6233,5.9819,-153.4634,-178.0198,-2.0003
1741951268.767,1.709,3.693,5.273,3.87,-1.0404,-0.608,5.9827,-153.5652,-178.0854,-1.7083
1741951268.847,1.686,3.693,5.259,3.871,-1.0478,-0.5933,5.9832,-153.5728,-178.0527,-1.6905
1741951268.926,1.662,3.691,5.235,3.847,-1.0558,-0.5781,5.9829,-153.1433,-177.9355,-1.6699
1741951269.006,1.662,3.691,5.233,3.843,-1.0639,-0.5607,5.9827,-153.0504,-177.6848,-1.9039
1741951269.086,1.642,3.69,5.216,3.832,-1.0727,-0.5436,5.9821,-152.8565,-177.7523,-2.1117
1741951269.165,1.615,3.692,5.194,3.817,-1.0804,-0.529,5.9816,-152.5512,-177.5438,-2.2614
1741951269.245,1.594,3.692,5.184,3.824,-1.0892,-0.5112,5.9815,-152.6918,-177.619,-2.0995
1741951269.325,1.573,3.692,5.175,3.831,-1.0973,-0.4956,5.9817,-152.8115,-177.4486,-1.8749
1741951269.404,1.573,3.693,5.17,3.82,-1.105,-0.4811,5.9819,-152.592,-177.6483,-1.7721
1741951269.484,1.548,3.695,5.152,3.812,-1.1127,-0.4672,5.9819,-152.4287,-177.8936,-1.7994
1741951269.564,1.525,3.696,5.134,3.804,-1.1217,-0.4492,5.9816,-152.2503,-178.087,-1.7959
1741951269.643,1.5,3.694,5.122,3.807,-1.1306,-0.4334,5.9807,-152.3383,-178.0754,-1.9106
1741951269.723,1.481,3.694,5.104,3.791,-1.139,-0.4172,5.9805,-152.0357,-178.2357,-1.8846
1741951269.803,1.481,3.696,5.101,3.785,-1.1475,-0.4013,5.9801,-151.8899,-177.8623,-2.0862
1741951269.882,1.46,3.697,5.087,3.78,-1.155,-0.3856,5.9796,-151.7908,-177.9318,-2.0583
1741951269.962,1.437,3.695,5.071,3.771,-1.1631,-0.3695,5.9795,-151.6479,-177.931,-2.0015
1741951270.041,1.416,3.696,5.058,3.769,-1.1714,-0.3533,5.9795,-151.5878,-177.9208,-1.9863
1741951270.121,1.392,3.696,5.048,3.778,-1.1796,-0.3386,5.98,-151.7597,-178.0142,-2.046
1741951270.201,1.392,3.696,5.052,3.789,-1.1886,-0.3219,5.9798,-151.9776,-178.3494,-1.8635
1741951270.28,1.369,3.696,5.033,3.774,-1.1964,-0.3067,5.9793,-151.6946,-178.1209,-2.0115
1741951270.36,1.347,3.698,5.019,3.77,-1.2049,-0.2906,5.9793,-151.5956,-178.0318,-2.0535
1741951270.44,1.325,3.696,5.006,3.768,-1.2128,-0.275,5.9791,-151.5671,-177.8384,-1.991
1741951270.52,1.303,3.696,4.993,3.766,-1.2206,-0.2602,5.979,-151.5421,-177.7205,-2.0478
1741951270.599,1.303,3.698,4.992,3.766,-1.2296,-0.2428,5.9785,-151.5138,-177.9131,-2.0328
1741951270.679,1.283,3.699,4.981,3.767,-1.2379,-0.2267,5.9785,-151.5159,-177.8959,-1.9426
1741951270.758,1.259,3.698,4.968,3.77,-1.2454,-0.2126,5.9783,-151.5843,-178.0288,-1.8222
1741951270.838,1.235,3.704,4.952,3.766,-1.2542,-0.1955,5.9783,-151.4505,-177.852,-1.8248
1741951270.918,1.214,3.704,4.937,3.757,-1.2626,-0.181,5.9783,-151.2755,-177.9296,-1.8108
1741951270.997,1.214,3.7,4.935,3.749,-1.2713,-0.1651,5.9782,-151.1751,-177.918,-1.8317
1741951271.079,1.191,3.704,4.902,3.689,-1.2786,-0.1549,5.9793,-150.0153,-177.528,-1.2087
1741951271.156,1.17,3.706,4.894,3.698,-1.285,-0.1443,5.9794,-150.1676,-177.5323,-0.4596
1741951271.236,1.154,3.711,4.885,3.703,-1.2918,-0.1317,5.9796,-150.2086,-177.3529,-0.1263
1741951271.316,1.139,3.711,4.883,3.721,-1.2994,-0.1155,5.98,-150.5333,-177.0286,0.3706
1741951271.396,1.139,3.708,4.877,3.702,-1.3091,-0.0978,5.9801,-150.2214,-177.0303,0.4615
1741951271.475,1.12,3.71,4.862,3.686,-1.3188,-0.0813,5.98,-149.9028,-177.0766,0.5138
1741951271.555,1.097,3.709,4.847,3.677,-1.3311,-0.0606,5.9782,-149.7477,-177.8361,-0.4057
1741951271.634,1.066,3.712,4.805,3.591,-1.3414,-0.0397,5.9771,-148.1436,-178.3654,-2.2003
1741951271.714,1.038,3.712,4.818,3.691,-1.3484,-0.0315,5.9802,-149.9694,-179.5842,-1.9838
1741951271.913,1.016,3.715,4.809,3.704,-1.3596,-0.0198,5.9819,-150.1857,-179.3826,0.8888
1741951273.207,0.714,3.714,4.668,3.833,-1.5003,0.2644,5.976,-152.618,-178.8005,-1.1955
1741951273.287,0.714,3.715,4.668,3.837,-1.5036,0.2687,5.9769,-152.6726,-178.9742,-1.1792
1741951273.367,0.695,3.712,4.658,3.837,-1.5028,0.2683,5.9766,-152.7109,-178.8749,-1.2895
1741951273.447,0.685,3.712,4.652,3.837,-1.5019,0.2664,5.9759,-152.6981,-178.8942,-1.1648
1741951273.526,0.687,3.713,4.654,3.843,-1.5006,0.2643,5.9756,-152.8057,-179.0124,-1.1146
1741951273.606,0.688,3.713,4.654,3.843,-1.4975,0.2561,5.9756,-152.8067,-179.0602,-1.1514
1741951273.685,0.688,3.712,4.655,3.843,-1.4907,0.2418,5.975,-152.8285,-179.0723,-1.1078
1741951273.765,0.698,3.712,4.664,3.86,-1.4813,0.2227,5.9749,-153.1525,-179.0059,-1.0928
1741951273.845,0.711,3.715,4.672,3.864,-1.4709,0.2023,5.975,-153.1955,-178.858,-1.2466
1741951273.924,0.738,3.715,4.688,3.863,-1.4615,0.1816,5.975,-153.1705,-178.9031,-1.2433
1741951274.004,0.768,3.715,4.705,3.861,-1.4533,0.1635,5.9753,-153.1252,-178.7198,-1.109
1741951274.084,0.768,3.714,4.706,3.866,-1.4463,0.148,5.9758,-153.2324,-178.7472,-0.9386
1741951274.163,0.797,3.714,4.729,3.894,-1.4379,0.136,5.9773,-153.7713,-178.1971,-1.3318
1741951274.243,0.819,3.715,4.742,3.892,-1.4316,0.1299,5.9787,-153.7212,-177.1257,-2.1514
1741951274.323,0.832,3.712,4.75,3.891,-1.4276,0.1221,5.9787,-153.7428,-177.1601,-2.6762
1741951274.402,0.84,3.712,4.755,3.89,-1.4216,0.1103,5.9786,-153.7209,-177.3024,-3.1783
1741951274.482,0.84,3.71,4.757,3.899,-1.4127,0.093,5.9783,-153.9258,-177.1543,-2.9929
1741951274.561,0.856,3.713,4.762,3.88,-1.4098,0.0734,5.9779,-153.5151,-176.7134,-0.479
1741951274.641,0.878,3.711,4.772,3.867,-1.4042,0.0616,5.9785,-153.2883,-176.8153,-0.9315
1741951274.721,0.897,3.721,4.778,3.851,-1.3951,0.051,5.979,-152.864,-177.3711,-1.9281
1741951274.8,0.917,3.721,4.786,3.835,-1.3893,0.037,5.979,-152.5697,-178.3456,-2.0396
1741951274.88,0.917,3.72,4.789,3.848,-1.3831,0.0197,5.9792,-152.8299,-179.4167,-1.506
1741951274.96,0.933,3.719,4.81,3.892,-1.3761,0.0009,5.9805,-153.6862,-179.1709,0.8253
1741951275.039,0.956,3.724,4.819,3.876,-1.3717,-0.0131,5.9803,-153.3126,-179.2826,0.9843
1741951275.119,0.979,3.724,4.84,3.906,-1.3581,-0.0271,5.9779,-153.8864,-176.8244,0.06
1741951275.199,1.001,3.727,4.966,4.326,-1.3496,-0.0515,5.9763,-162.4589,-176.3525,4.2506
1741951275.278,1.001,3.72,4.918,4.143,-1.3381,-0.0699,5.9791,-158.6646,-175.9982,2.2881
1741951275.358,1.025,3.719,4.921,4.095,-1.3297,-0.0863,5.9798,-157.7031,-176.3719,1.699
1741951275.438,1.055,3.715,4.933,4.064,-1.322,-0.103,5.98,-157.1249,-176.7093,1.1781
1741951275.517,1.078,3.715,4.944,4.052,-1.3143,-0.1184,5.98,-156.8818,-176.8981,0.8791
1741951275.597,1.1,3.716,4.951,4.028,-1.3088,-0.133,5.98,-156.3895,-177.6453,0.2994
1741951275.677,1.1,3.719,4.952,4.034,-1.3021,-0.1459,5.9798,-156.4673,-177.7027,-0.6147
1741951275.756,1.12,3.721,4.958,4.012,-1.2946,-0.1582,5.9791,-155.9988,-178.0319,-2.914
1741951275.836,1.14,3.719,4.966,3.997,-1.2875,-0.1734,5.9787,-155.7292,-178.1386,-2.7208
1741951275.916,1.159,3.719,4.977,3.992,-1.2816,-0.1881,5.9779,-155.6252,-178.1701,-2.4198
1741951275.995,1.181,3.719,4.988,3.983,-1.275,-0.2049,5.9777,-155.4479,-178.215,-2.0862
1741951276.075,1.181,3.72,4.986,3.978,-1.2677,-0.2211,5.9784,-155.3449,-178.0741,-2.0376
1741951276.154,1.2,3.72,4.995,3.968,-1.2606,-0.2373,5.9791,-155.1468,-177.9572,-2.0713
1741951276.234,1.224,3.723,5.01,3.971,-1.2539,-0.2514,5.979,-155.1635,-177.8769,-2.2186
1741951276.314,1.246,3.723,5.025,3.976,-1.2459,-0.2691,5.9786,-155.2663,-177.7923,-2.1994
1741951276.394,1.246,3.725,5.03,3.992,-1.2385,-0.2843,5.9784,-155.5499,-177.9296,-2.2008
1741951276.473,1.268,3.725,5.05,4.011,-1.2319,-0.3002,5.9789,-155.9266,-177.9436,-2.0959
1741951276.553,1.291,3.729,5.084,4.069,-1.2235,-0.3179,5.9788,-157.0475,-177.92,-2.1872
1741951276.632,1.311,3.729,5.115,4.121,-1.2162,-0.3328,5.9786,-158.0991,-178.0194,-2.3452
1741951276.712,1.336,3.729,5.145,4.158,-1.2093,-0.3483,5.9789,-158.8544,-178.0395,-2.1871
1741951276.792,1.336,3.734,5.156,4.193,-1.2066,-0.3674,5.9765,-159.5231,-178.4415,-2.0455
1741951276.871,1.36,3.739,5.18,4.215,-1.2055,-0.3881,5.9724,-159.9145,-178.5893,-1.9375
1741951276.951,1.382,3.741,5.197,4.223,-1.1974,-0.4024,5.9738,-160.0513,-178.1574,-2.1826
1741951277.03,1.405,3.75,5.214,4.233,-1.1861,-0.4168,5.9786,-160.1349,-177.7747,-2.3458
1741951277.11,1.427,3.75,5.228,4.231,-1.1773,-0.4323,5.9813,-160.0798,-177.6655,-2.0593
1741951277.19,1.427,3.751,5.226,4.225,-1.1706,-0.4461,5.9821,-159.9438,-177.699,-2.0514
1741951277.269,1.451,3.752,5.241,4.222,-1.165,-0.4617,5.9824,-159.87,-177.4984,-2.5925
1741951277.349,1.473,3.754,5.258,4.228,-1.1593,-0.4765,5.9826,-159.9596,-177.8047,-2.4503
1741951277.429,1.492,3.757,5.273,4.236,-1.1542,-0.4937,5.9826,-160.092,-178.0436,-2.2982
1741951277.508,1.512,3.757,5.293,4.251,-1.1488,-0.5101,5.9827,-160.4109,-177.8551,-2.2055
1741951277.588,1.512,3.762,5.284,4.232,-1.1437,-0.5251,5.9836,-159.9267,-177.7443,-2.2736
1741951277.668,1.534,3.76,5.269,4.158,-1.1392,-0.5412,5.9843,-158.4405,-177.7741,-2.2358
1741951277.747,1.555,3.765,5.237,4.051,-1.1356,-0.5576,5.9845,-156.2176,-177.5169,-2.0506
1741951277.827,1.572,3.757,5.181,3.885,-1.131,-0.5749,5.9843,-153.106,-177.7331,-2.0637
1741951277.907,1.586,3.757,5.126,3.734,-1.1258,-0.5915,5.9837,-150.3084,-178.0632,-1.9123
1741951277.986,1.586,3.756,5.062,3.582,-1.1196,-0.6077,5.9834,-147.5797,-178.2054,-1.7046
1741951278.066,1.609,3.768,5.021,3.465,-1.1121,-0.6211,5.9834,-145.4273,-178.1433,-1.6477
1741951278.146,1.638,3.794,5.026,3.457,-1.1019,-0.6363,5.9837,-145.0738,-178.2008,-1.5825
1741951278.225,1.668,3.808,5.047,3.479,-1.0929,-0.6512,5.9859,-145.3292,-178.4353,-1.1321
1741951278.305,1.69,3.808,5.058,3.481,-1.0839,-0.664,5.9862,-145.3754,-178.374,-1.2274
1741951278.385,1.69,3.805,5.059,3.482,-1.0741,-0.679,5.9866,-145.4139,-178.3003,-1.1328
1741951278.464,1.709,3.8,5.071,3.486,-1.0646,-0.693,5.9864,-145.516,-178.2856,-1.1185
1741951278.544,1.73,3.795,5.091,3.506,-1.0549,-0.7067,5.9865,-145.8979,-177.8227,-1.1694
1741951278.623,1.751,3.791,5.102,3.504,-1.0441,-0.7195,5.9863,-145.906,-177.6097,-1.5039
1741951278.703,1.768,3.791,5.121,3.528,-1.0359,-0.7332,5.9854,-146.3245,-177.5441,-1.3256
1741951278.783,1.768,3.787,5.122,3.528,-1.0274,-0.7469,5.9846,-146.3627,-178.0605,-1.1495
1741951278.862,1.789,3.782,5.134,3.53,-1.0174,-0.7618,5.9848,-146.4307,-178.194,-1.2141
1741951278.942,1.81,3.78,5.146,3.532,-1.0082,-0.7753,5.9856,-146.4892,-178.389,-1.0531
1741951279.022,1.834,3.775,5.154,3.52,-0.9988,-0.7899,5.9862,-146.3229,-178.6865,-1.1096
1741951279.101,1.834,3.775,5.149,3.51,-0.9894,-0.8024,5.9862,-146.1518,-178.6799,-1.2514
1741951279.181,1.834,3.773,5.15,3.511,-0.981,-0.8164,5.986,-146.184,-178.9441,-1.257
1741951279.261,1.874,3.771,5.166,3.503,-0.972,-0.8311,5.986,-146.0504,-179.1127,-1.1436
1741951279.34,1.895,3.766,5.181,3.51,-0.9634,-0.8438,5.9864,-146.2249,-179.2141,-1.1805
1741951279.42,1.915,3.761,5.203,3.533,-0.9513,-0.8622,5.9903,-146.6595,-179.4735,-0.6632
1741951279.5,1.935,3.761,5.213,3.533,-0.943,-0.8743,5.9895,-146.6624,-179.4238,-0.8771
1741951279.579,1.935,3.76,5.216,3.538,-0.9362,-0.8856,5.9873,-146.7563,-179.3943,-1.0161
1741951279.661,1.956,3.757,5.232,3.546,-0.9263,-0.8994,5.989,-146.939,-179.2705,-0.6963
1741951279.738,1.974,3.754,5.246,3.554,-0.9193,-0.9106,5.9872,-147.0922,-179.118,-0.7606
1741951279.818,1.994,3.75,5.258,3.556,-0.9121,-0.9229,5.986,-147.18,-179.3452,-0.7326
1741951279.898,2.013,3.75,5.266,3.553,-0.9049,-0.9349,5.9856,-147.1113,-179.6206,-0.8694
1741951279.978,2.013,3.749,5.266,3.552,-0.8955,-0.9495,5.9858,-147.1121,-179.8567,-0.8433
1741951280.057,2.032,3.748,5.275,3.55,-0.8868,-0.9621,5.9865,-147.0912,-179.7892,-0.7666
1741951280.137,2.053,3.743,5.291,3.557,-0.8777,-0.9747,5.9871,-147.2594,-179.632,-0.8031
1741951280.216,2.07,3.737,5.296,3.548,-0.8687,-0.9858,5.9874,-147.1488,-179.4598,-1.0495
1741951280.296,2.089,3.737,5.309,3.554,-0.8609,-0.9996,5.9876,-147.2544,-179.6737,-0.9198
1741951280.376,2.089,3.734,5.312,3.559,-0.8532,-1.0127,5.9878,-147.3697,-179.7819,-0.817
1741951280.455,2.106,3.732,5.324,3.563,-0.8453,-1.0261,5.988,-147.4513,-179.8588,-0.7806
1741951280.535,2.128,3.727,5.341,3.571,-0.8363,-1.0399,5.9887,-147.6552,-179.5322,-0.7205
1741951280.615,2.146,3.727,5.355,3.579,-0.8277,-1.0524,5.9889,-147.7931,-179.3294,-0.7253
1741951280.694,2.166,3.722,5.371,3.587,-0.8186,-1.0649,5.989,-147.9818,-179.0803,-0.796
1741951280.774,2.166,3.722,5.379,3.6,-0.8102,-1.0768,5.988,-148.2098,-179.1092,-0.7713
1741951280.854,2.185,3.716,5.393,3.603,-0.802,-1.0901,5.9873,-148.3322,-179.3107,-0.8028
1741951280.933,2.204,3.712,5.411,3.616,-0.7944,-1.1034,5.9863,-148.6017,-179.3764,-0.5708
1741951281.013,2.221,3.712,5.461,3.684,-0.7866,-1.1171,5.9866,-149.8431,-178.4752,-0.1254
1741951281.093,2.24,3.709,5.494,3.719,-0.7778,-1.1298,5.9868,-150.5227,-178.219,-0.1767
1741951281.172,2.24,3.709,5.521,3.765,-0.7688,-1.1418,5.9872,-151.3703,-178.3358,-0.1956
1741951281.252,2.258,3.704,5.537,3.772,-0.761,-1.1533,5.9872,-151.5634,-178.3052,-0.4679
1741951281.332,2.274,3.67,5.545,3.75,-0.753,-1.1656,5.9869,-151.5114,-178.3989,-0.6089
1741951281.411,2.292,3.67,5.555,3.75,-0.7454,-1.1793,5.9867,-151.5188,-178.7,-0.7435
1741951281.491,2.308,3.663,5.568,3.751,-0.7377,-1.1932,5.9866,-151.6129,-178.5076,-0.7773
1741951281.571,2.308,3.666,5.562,3.744,-0.7315,-1.2114,5.9814,-151.4465,-178.8814,-0.4097
1741951281.65,2.328,3.664,5.573,3.742,-0.7235,-1.2223,5.9835,-151.4232,-178.9085,-0.6225
1741951281.73,2.347,3.659,5.583,3.738,-0.7157,-1.2335,5.9864,-151.4046,-178.9844,-0.7649
1741951281.809,2.364,3.659,5.593,3.739,-0.7091,-1.2443,5.9895,-151.4219,-179.0781,-0.7791
1741951281.889,2.364,3.658,5.595,3.741,-0.7015,-1.2582,5.992,-151.4642,-179.2309,-0.7012
1741951281.969,2.38,3.657,5.601,3.735,-0.6951,-1.2705,5.9919,-151.3765,-179.3036,-0.8018
1741951282.048,2.398,3.655,5.609,3.731,-0.6829,-1.2881,5.9946,-151.3121,-178.9293,-0.3611
1741951282.128,2.416,3.657,5.62,3.734,-0.6744,-1.3022,5.9951,-151.3441,-179.2785,-0.5911
1741951282.208,2.441,3.657,5.633,3.732,-0.67,-1.314,5.9933,-151.3071,-179.789,-0.8756
1741951282.287,2.441,3.654,5.632,3.728,-0.6672,-1.3258,5.9911,-151.2708,-179.9063,-0.4848
1741951282.367,2.463,3.651,5.644,3.726,-0.6603,-1.3376,5.9893,-151.2598,-179.6081,-0.7058
1741951282.447,2.482,3.656,5.681,3.768,-0.6515,-1.3515,5.9867,-152.0192,-178.3141,-0.1348
1741951282.526,2.492,3.653,5.678,3.754,-0.6431,-1.3643,5.9868,-151.7696,-178.3698,-0.2707
1741951282.606,2.511,3.653,5.684,3.746,-0.6357,-1.377,5.9869,-151.6159,-179.1581,-0.5111
1741951282.686,2.511,3.651,5.68,3.739,-0.6283,-1.3913,5.9871,-151.5103,-179.3477,-0.6806
1741951282.765,2.533,3.65,5.732,3.795,-0.6198,-1.4052,5.9875,-152.5998,-177.7095,-0.4481
1741951282.845,2.552,3.652,5.734,3.783,-0.612,-1.4174,5.988,-152.3519,-178.1847,-0.6186
1741951282.924,2.571,3.65,5.744,3.781,-0.6048,-1.4293,5.9883,-152.3323,-178.6548,-0.8295
1741951283.004,2.589,3.65,5.754,3.78,-0.5988,-1.4402,5.9885,-152.302,-178.935,-0.9331
1741951283.084,2.589,3.651,5.776,3.812,-0.5914,-1.4531,5.9882,-152.907,-177.6054,-0.2516
1741951283.163,2.606,3.644,5.798,3.824,-0.5832,-1.4666,5.9886,-153.2291,-177.3265,-0.5818
1741951283.243,2.619,3.646,5.801,3.82,-0.5765,-1.4797,5.9899,-153.1246,-177.534,-0.4803
1741951283.323,2.642,3.643,5.821,3.826,-0.5697,-1.4926,5.9906,-153.273,-177.6284,-0.5574
1741951283.402,2.652,3.643,5.823,3.821,-0.5625,-1.506,5.9909,-153.1841,-178.1338,-0.6957
1741951283.482,2.652,3.645,5.817,3.814,-0.5555,-1.5185,5.9914,-153.0274,-178.4981,-0.9175
1741951283.562,2.677,3.641,5.829,3.808,-0.5483,-1.5315,5.9913,-152.9558,-178.8556,-1.0831
1741951283.641,2.688,3.639,5.83,3.8,-0.5427,-1.5433,5.9901,-152.814,-179.066,-0.9589
1741951283.721,2.714,3.641,5.843,3.798,-0.535,-1.5571,5.9895,-152.7512,-179.1375,-0.9579
1741951283.8,2.734,3.641,5.847,3.786,-0.5293,-1.5699,5.99,-152.5284,179.3299,-1.0011
1741951283.88,2.734,3.639,5.839,3.775,-0.5228,-1.5832,5.99,-152.3408,179.5323,-0.999
1741951283.96,2.75,3.637,5.852,3.779,-0.5159,-1.5962,5.9915,-152.4274,179.8933,-0.7642
1741951284.039,2.763,3.638,5.857,3.775,-0.5081,-1.6071,5.9912,-152.3521,-179.5992,-1.1252
1741951284.119,2.78,3.637,5.88,3.792,-0.5002,-1.6204,5.9913,-152.6845,-179.4114,-0.9528
1741951284.199,2.799,3.637,5.907,3.813,-0.4894,-1.6298,5.993,-153.0947,-177.8607,-1.4658
1741951284.278,2.799,3.629,5.913,3.816,-0.4836,-1.6393,5.9932,-153.2406,-177.8393,-1.8169
1741951284.358,2.815,3.639,5.937,3.841,-0.4759,-1.6509,5.993,-153.6211,-177.6683,-2.1339
1741951284.438,2.834,3.652,5.962,3.866,-0.4686,-1.6643,5.9924,-153.961,-177.7942,-2.3449
1741951284.517,2.844,3.647,5.963,3.856,-0.463,-1.6899,5.9807,-153.8251,-178.0545,-1.7788
1741951284.599,2.864,3.647,6.07,3.977,-0.4635,-1.707,5.9788,-156.2493,179.7694,-1.1481
1741951284.679,2.864,3.645,6.065,3.97,-0.4549,-1.7191,5.9945,-156.1193,-179.6058,0.2895
1741951285.971,3.108,3.629,6.19,3.925,-0.3482,-1.9188,5.9924,-155.4165,-179.2197,-1.2099
1741951286.051,3.126,3.63,6.194,3.918,-0.3425,-1.9308,5.9932,-155.2569,-179.1913,-1.129
1741951286.13,3.142,3.624,6.19,3.898,-0.3359,-1.9439,5.9934,-154.93,-179.2686,-1.1487
1741951286.21,3.154,3.625,6.169,3.866,-0.3295,-1.9569,5.9929,-154.2798,-179.4362,-1.1185
1741951286.29,3.178,3.625,6.176,3.857,-0.3223,-1.97,5.9926,-154.1031,-179.4112,-1.2083
1741951286.369,3.178,3.631,6.164,3.847,-0.3158,-1.9834,5.9921,-153.8381,-179.4984,-1.1864
1741951286.449,3.189,3.622,6.164,3.834,-0.3089,-1.997,5.9916,-153.6883,-179.5537,-1.2421
1741951286.528,3.209,3.63,6.175,3.838,-0.3015,-2.0112,5.9912,-153.6614,-179.3435,-1.2576
1741951286.608,3.23,3.63,6.148,3.793,-0.296,-2.0221,5.9918,-152.7794,-179.9829,-3.2558
1741951286.688,3.255,3.625,6.217,3.851,-0.2875,-2.0359,5.991,-153.9855,-178.6032,-2.3022
1741951286.767,3.255,3.624,6.205,3.837,-0.2802,-2.0494,5.9917,-153.7207,-178.6733,-1.9109
1741951286.847,3.276,3.626,6.21,3.829,-0.2726,-2.062,5.9913,-153.5452,-178.8231,-1.8411
1741951286.927,3.285,3.633,6.211,3.829,-0.2663,-2.0755,5.9915,-153.4571,-179.1249,-1.6714
1741951287.006,3.306,3.633,6.219,3.823,-0.26,-2.0883,5.992,-153.3466,-179.309,-1.5539
1741951287.086,3.32,3.625,6.2,3.789,-0.2539,-2.1022,5.9929,-152.7676,-179.7811,-1.2614
1741951287.166,3.32,3.625,6.213,3.803,-0.248,-2.1146,5.993,-153.041,-179.6382,-1.3958
1741951287.245,3.337,3.631,6.162,3.741,-0.2418,-2.1134,5.9889,-151.7592,-179.834,-0.8763
1741951287.325,3.363,3.63,6.172,3.734,-0.2351,-2.1242,5.9882,-151.651,-179.4588,-0.9053
1741951287.404,3.377,3.63,6.176,3.73,-0.2279,-2.139,5.9893,-151.5692,-179.4125,-0.7106
1741951287.484,3.377,3.624,6.178,3.729,-0.2209,-2.1597,5.9915,-151.6068,-179.3553,-0.4601
1741951287.564,3.398,3.629,6.183,3.725,-0.2138,-2.1777,5.9932,-151.4746,-179.3169,-0.5484
1741951287.643,3.413,3.63,6.182,3.714,-0.2064,-2.1945,5.9943,-151.2678,-179.4467,-0.7455
1741951287.723,3.435,3.63,6.187,3.707,-0.1987,-2.2089,5.9951,-151.13,-179.484,-1.073
1741951287.803,3.45,3.63,6.178,3.689,-0.1917,-2.2209,5.9956,-150.776,-179.7373,-1.4899
1741951287.882,3.45,3.623,6.209,3.718,-0.1844,-2.2307,5.9961,-151.4058,-179.5597,-1.553
1741951287.962,3.471,3.63,6.294,3.798,-0.1759,-2.2412,5.9967,-152.8875,-179.4676,-1.5699
1741951288.042,3.49,3.627,6.288,3.778,-0.1707,-2.2481,5.9973,-152.5365,179.211,-4.0473
1741951288.121,3.501,3.611,6.294,3.769,-0.1652,-2.2612,5.9968,-152.5268,179.2548,-2.2445
1741951288.201,3.516,3.611,6.329,3.795,-0.1598,-2.2724,5.9965,-153.0497,179.6434,-1.8892
1741951288.281,3.516,3.594,6.327,3.783,-0.1528,-2.2878,5.9959,-152.9987,179.6251,-1.1943
1741951288.36,3.533,3.599,6.363,3.812,-0.1456,-2.3009,5.9954,-153.5287,-179.7511,-1.2808
1741951288.44,3.553,3.597,6.381,3.817,-0.1387,-2.3135,5.9955,-153.6555,-179.6152,-1.3245
1741951288.52,3.575,3.601,6.405,3.831,-0.1311,-2.3286,5.9955,-153.8775,-179.4592,-0.6607
1741951288.599,3.589,3.601,6.418,3.835,-0.1244,-2.3418,5.9953,-153.9666,-179.4883,-0.8935
1741951288.679,3.589,3.606,6.42,3.841,-0.1182,-2.3552,5.9958,-154.0094,-179.5938,-1.1087
1741951288.759,3.606,3.609,6.528,3.94,-0.1127,-2.3645,5.9963,-155.9854,-179.4343,-2.045
1741951288.838,3.624,3.601,6.667,4.062,-0.0902,-2.401,5.9937,-158.6326,-169.5789,7.8424
1741951288.918,3.641,3.599,6.632,4.014,-0.0789,-2.4211,5.9934,-157.6553,-173.0805,4.6786
1741951288.998,3.663,3.599,6.65,4.018,-0.0698,-2.439,5.9932,-157.7277,-174.914,3.4452
1741951289.077,3.663,3.612,6.649,4.025,-0.0655,-2.4517,5.9935,-157.7042,-175.7666,2.51
1741951289.157,3.683,3.609,6.65,4.012,-0.0624,-2.4616,5.9936,-157.4618,-177.3528,1.5566
1741951289.236,3.699,3.61,6.653,4.005,-0.0601,-2.4687,5.9947,-157.3045,-178.0626,0.4203
1741951289.316,3.718,3.602,6.653,3.988,-0.0591,-2.4754,5.9954,-157.0668,-179.1635,0.4442
1741951289.396,3.737,3.602,6.667,3.989,-0.0561,-2.4825,5.9956,-157.0894,-179.3188,-0.3783
1741951289.475,3.737,3.61,6.64,3.969,-0.0529,-2.4911,5.9958,-156.5569,-179.699,-0.3449
1741951289.555,3.755,3.615,6.632,3.954,-0.0475,-2.502,5.9957,-156.1818,-179.6276,-0.6636
1741951289.635,3.774,3.611,6.641,3.948,-0.0418,-2.5122,5.9964,-156.1146,-179.5031,-0.8661
1741951289.714,3.792,3.614,6.648,3.946,-0.0358,-2.5231,5.9974,-156.0295,-179.3463,-1.0081
1741951289.794,3.811,3.614,6.627,3.914,-0.0305,-2.5239,5.9933,-155.39,-179.3069,-1.6515
1741951289.873,3.811,3.593,6.629,3.903,-0.0244,-2.5359,5.9919,-155.4239,-179.2201,-1.4572
1741951289.953,3.829,3.597,6.623,3.89,-0.0087,-2.5681,6.0022,-155.1058,-178.7657,-0.3017
1741951290.033,3.851,3.606,6.642,3.9,-0.0017,-2.5865,6.0026,-155.1958,-179.0899,-0.724
1741951290.113,3.869,3.603,6.637,3.883,0.0021,-2.5992,6.002,-154.897,-179.5192,-0.8788
1741951290.192,3.882,3.603,6.652,3.889,0.0063,-2.6102,6.0009,-155.0257,-179.5659,-1.1829
1741951290.272,3.882,3.606,6.65,3.89,0.0104,-2.6194,6.0003,-154.9955,-179.7539,-1.5367
1741951290.352,3.903,3.607,6.698,3.922,0.0187,-2.6278,5.9999,-155.6359,-178.4667,-2.3315
1741951290.431,3.919,3.605,6.713,3.926,0.0247,-2.6397,5.9981,-155.7433,-178.7029,-2.1474
1741951290.511,3.937,3.601,6.725,3.924,0.0302,-2.653,5.9953,-155.7575,-179.0011,-1.944
1741951290.59,3.952,3.601,6.747,3.936,0.0362,-2.6673,5.9941,-155.9941,-179.0544,-1.5149
1741951290.67,3.952,3.608,6.746,3.938,0.0415,-2.6804,5.9949,-155.9598,-179.2832,-1.3681
1741951290.75,3.974,3.612,6.761,3.942,0.0478,-2.6949,5.9955,-155.9826,-179.2351,-0.9976
1741951290.829,3.992,3.605,6.763,3.929,0.054,-2.7078,5.9973,-155.8099,-179.3195,-1.0317
1741951290.909,4.011,3.606,6.775,3.93,0.0605,-2.7219,5.9984,-155.8163,-179.412,-1.0584
1741951290.989,4.03,3.606,6.781,3.925,0.0661,-2.7353,5.9988,-155.71,-179.6183,-1.0766
1741951291.068,4.03,3.606,6.772,3.917,0.0722,-2.749,5.9983,-155.5468,-179.68,-0.9477
1741951291.148,4.048,3.606,6.776,3.91,0.0783,-2.7624,5.9976,-155.4062,-179.8538,-0.9583
1741951291.228,4.066,3.616,6.778,3.908,0.0841,-2.7754,5.998,-155.2471,179.8761,-1.0354
1741951291.307,4.085,3.616,6.794,3.912,0.0899,-2.7875,5.9992,-155.3166,179.8039,-1.0591
1741951291.387,4.104,3.616,6.804,3.91,0.0951,-2.7983,6.0004,-155.2788,179.7395,-1.1059
1741951291.467,4.104,3.62,6.785,3.896,0.0961,-2.8014,6.0018,-154.9412,179.6393,-1.1661
1741951291.546,4.122,3.616,6.791,3.889,0.0955,-2.8005,6.0025,-154.8589,179.6854,-1.1278
1741951291.626,4.128,3.613,6.786,3.88,0.0948,-2.7998,6.0029,-154.7039,179.5442,-1.1052
1741951291.705,4.124,3.619,6.767,3.869,0.0934,-2.799,6.0032,-154.4112,179.0076,-1.2341
1741951291.785,4.127,3.619,6.765,3.866,0.0935,-2.7991,6.0027,-154.3494,179.0966,-1.2375
1741951291.865,4.127,3.618,6.687,3.796,0.0959,-2.801,6.0033,-152.9851,178.9197,-2.1084
1741951291.944,4.127,3.612,6.667,3.775,0.0962,-2.8013,6.0032,-152.6423,178.8246,-2.3842
1741951292.024,4.124,3.614,6.451,3.589,0.0969,-2.8,6.0035,-149.0596,176.1891,-0.5434
1741951292.104,4.126,3.613,6.544,3.669,0.0975,-2.8011,6.0038,-150.5761,174.0777,-2.1039
1741951292.183,4.126,3.613,6.554,3.678,0.0971,-2.8007,6.0035,-150.7456,175.9178,-1.2319
1741951292.263,4.126,3.613,6.604,3.722,0.097,-2.8009,6.0032,-151.5946,177.0058,-1.4564
1741951292.343,4.126,3.615,6.645,3.758,0.0984,-2.8061,5.9976,-152.2811,177.4537,-2.4632
1741951292.422,4.127,3.617,6.663,3.775,0.0987,-2.8081,5.9948,-152.5815,177.8319,-1.8546
1741951292.502,4.126,3.618,6.669,3.781,0.0985,-2.8077,5.995,-152.6893,178.3771,-1.3511
1741951292.582,4.125,3.618,6.671,3.783,0.1004,-2.8088,5.9995,-152.7332,178.0331,-1.8166
1741951292.661,4.125,3.616,6.678,3.788,0.1003,-2.8086,5.9995,-152.8519,178.4121,-1.6326
1741951292.741,4.127,3.613,6.645,3.756,0.1003,-2.8084,5.9997,-152.2659,177.8629,-1.9554
1741951292.821,4.125,3.614,6.651,3.763,0.1002,-2.8083,5.9996,-152.3892,178.3523,-1.7586
1741951292.9,4.126,3.613,6.655,3.766,0.1001,-2.8081,5.9996,-152.4585,178.7166,-1.5998
1741951292.98,4.126,3.613,6.66,3.77,0.1,-2.808,5.9996,-152.54,178.9983,-1.467
1741951293.06,4.126,3.618,6.664,3.777,0.0999,-2.8079,5.9996,-152.6062,179.1775,-1.3727
1741951293.139,4.127,3.616,6.668,3.778,0.0998,-2.8078,5.9996,-152.6624,179.2992,-1.3273
1741951293.219,4.126,3.614,6.67,3.78,0.0998,-2.8077,5.9996,-152.7081,179.3997,-1.2689
1741951293.298,4.126,3.614,6.674,3.784,0.0997,-2.8076,5.9996,-152.7859,179.544,-1.1321
1741951293.378,4.126,3.614,6.651,3.763,0.0991,-2.8065,5.9997,-152.3791,178.7318,-2.4426
1741951293.458,4.126,3.614,6.687,3.795,0.0974,-2.8032,5.9995,-153.0106,178.842,-2.6779
1741951293.537,4.126,3.619,6.715,3.822,0.0962,-2.7989,5.9998,-153.4861,179.1247,-2.9864
1741951293.617,4.123,3.62,7.23,4.276,0.1159,-2.8362,5.9961,-163.0796,-161.9669,17.1475
1741951293.697,4.123,3.612,7.04,4.104,0.1238,-2.842,5.9961,-159.3868,-171.1266,6.5767
1741951293.776,4.123,3.612,7.038,4.102,0.1198,-2.8285,6.0015,-159.3405,-174.5029,0.7578
1741951293.856,4.125,3.607,7.018,4.08,0.1203,-2.8347,6.002,-158.945,-178.2975,-0.7586
1741951293.936,4.125,3.617,7.07,4.132,0.1176,-2.8372,6.0014,-159.922,-178.9813,-1.4447
1741951294.015,4.126,3.62,7.114,4.173,0.1128,-2.8356,5.9999,-160.7604,-178.9088,-0.8983
1741951294.095,4.134,3.631,7.143,4.201,0.1076,-2.829,6.0011,-161.2019,-179.3457,-1.8835
1741951294.175,4.134,3.631,7.173,4.228,0.1019,-2.8212,6.0027,-161.8039,-179.3052,-3.6269
1741951294.254,4.139,3.635,7.215,4.264,0.0989,-2.8167,6.0038,-162.5616,-179.5177,-3.8704
1741951294.413,4.162,3.655,7.272,4.314,0.0957,-2.8167,6.0112,-163.3549,-176.2522,-2.2911
1741951294.493,4.175,3.686,7.279,4.334,0.0844,-2.8201,6.0191,-163.3109,-176.4713,-0.753
1741951294.573,4.175,3.686,7.266,4.323,0.0675,-2.8272,6.0275,-163.0548,-177.246,0.828
1741951294.652,4.186,3.701,7.284,4.342,0.0439,-2.837,6.0352,-163.2473,-177.3531,1.2037
1741951294.732,4.186,3.704,7.266,4.329,0.0166,-2.8484,6.0417,-162.9046,-176.9379,0.2678
1741951294.812,4.18,3.729,7.22,4.309,-0.0191,-2.8676,6.0499,-162.0697,-176.4876,0.3576
1741951294.891,4.168,3.784,7.163,4.304,-0.0663,-2.8942,6.0607,-161.1299,-176.4274,0.8594
1741951294.971,4.168,3.784,7.122,4.267,-0.1257,-2.9018,6.0658,-160.3546,-176.6324,0.1295
1741951295.051,4.164,3.841,7.15,4.335,-0.1826,-2.9378,6.0723,-160.9486,-176.0397,1.5536
1741951295.13,4.168,3.903,7.19,4.413,-0.2427,-2.9816,6.0786,-161.6627,-175.0281,2.1763
1741951295.21,4.201,4.016,7.181,4.462,-0.3083,-3.03,6.0861,-161.0376,-173.6007,1.9117
1741951295.29,4.217,4.016,7.063,4.339,-0.3685,-3.0757,6.0932,-158.6487,-173.0463,1.6539
1741951295.369,4.217,4.119,6.946,4.293,-0.425,-3.1143,6.0984,-156.5387,-173.5742,1.8676
1741951295.449,4.212,4.199,6.888,4.29,-0.4734,-3.1433,6.0989,-155.5825,-173.0395,3.4557
1741951295.528,4.201,4.273,6.849,4.303,-0.5151,-3.1597,6.0936,-155.0109,-172.1225,3.1981
1741951295.608,4.215,4.343,6.849,4.338,-0.5474,-3.1665,6.0858,-154.8624,-171.931,1.7232
1741951295.688,4.207,4.343,6.84,4.334,-0.5741,-3.1713,6.0783,-154.8045,-172.4375,1.2133
1741951295.768,4.207,4.4,6.844,4.373,-0.5977,-3.1744,6.0704,-154.8618,-173.8343,1.982
1741951295.847,4.185,4.433,6.819,4.381,-0.6114,-3.1712,6.0632,-154.6673,-174.7446,1.2121
1741951295.927,4.18,4.447,6.756,4.327,-0.6221,-3.1694,6.0548,-153.6429,-177.4068,1.5528
1741951296.006,4.162,4.456,6.697,4.28,-0.6275,-3.1648,6.0472,-152.8134,-178.7903,0.0997
1741951296.086,4.143,4.456,6.675,4.269,-0.6306,-3.1634,6.038,-152.6324,-179.3586,-1.7257
1741951296.166,4.143,4.46,6.662,4.257,-0.6311,-3.1654,6.0297,-152.412,-179.2226,-2.5681
1741951296.245,4.131,4.449,6.674,4.271,-0.6363,-3.1615,6.0204,-152.7349,178.4265,-5.3491
1741951296.325,4.128,4.455,6.641,4.24,-0.6419,-3.1624,6.0224,-152.1879,176.8948,-3.585
1741951296.405,4.13,4.447,6.65,4.245,-0.641,-3.1556,6.021,-152.3341,177.0038,-4.2476
1741951296.484,4.13,4.447,6.7,4.298,-0.6351,-3.149,6.021,-153.1879,179.1273,-5.1305
1741951296.564,4.13,4.455,6.783,4.393,-0.6327,-3.1465,6.0193,-154.637,179.6503,-5.265
1741951296.644,4.124,4.441,6.724,4.324,-0.6358,-3.1469,6.0175,-153.6617,179.3105,-4.4137
1741951296.723,4.123,4.434,6.775,4.375,-0.6372,-3.1481,6.0168,-154.5584,178.8371,-3.9765
1741951296.843,4.122,4.444,6.461,4.043,-0.6516,-3.132,6.0242,-149.2301,171.5138,-10.4515
1741951296.922,4.122,4.44,6.502,4.085,-0.6551,-3.1215,6.0191,-149.9113,174.0232,-9.6435
1741951297.002,4.122,4.442,6.527,4.114,-0.6547,-3.1221,6.0174,-150.3324,175.07,-7.113
1741951297.082,4.125,4.442,6.721,4.321,-0.6545,-3.1221,6.0191,-153.602,175.7309,-7.242
1741951297.161,4.125,4.447,6.701,4.302,-0.6519,-3.1207,6.0187,-153.254,176.8206,-6.6308
1741951297.241,4.127,4.441,6.686,4.281,-0.6474,-3.1223,6.02,-152.9734,177.5296,-7.4606
1741951297.321,4.127,4.441,6.651,4.244,-0.6429,-3.1264,6.0203,-152.3789,178.2248,-6.5766
1741951297.4,4.13,4.447,6.659,4.254,-0.6405,-3.1339,6.0207,-152.4835,178.1527,-5.2266
1741951297.48,4.134,4.447,6.745,4.344,-0.6374,-3.1414,6.0202,-153.9224,178.4995,-5.4754
1741951297.559,4.134,4.447,6.783,4.385,-0.6347,-3.1481,6.0197,-154.5843,178.6022,-4.9361
1741951297.639,4.137,4.444,6.784,4.382,-0.633,-3.1532,6.019,-154.5711,178.6093,-4.3411
1741951297.719,4.141,4.446,6.778,4.374,-0.6148,-3.188,6.0212,-154.4202,179.2331,-2.9661
1741951297.798,4.141,4.44,6.795,4.389,-0.6167,-3.1851,6.0189,-154.7241,179.481,-2.6969
1741951297.878,4.142,4.44,6.757,4.348,-0.6252,-3.1751,6.0169,-154.0546,177.8421,-3.6414
1741951297.958,4.142,4.442,6.747,4.338,-0.6306,-3.1679,6.0153,-153.8687,177.7724,-3.5774
1741951298.037,4.144,4.441,6.743,4.332,-0.6339,-3.1615,6.0157,-153.7897,177.878,-4.2514
1741951298.117,4.14,4.442,6.777,4.371,-0.6348,-3.1604,6.0159,-154.4187,178.2737,-4.014
1741951298.197,4.137,4.443,6.836,4.437,-0.635,-3.16,6.016,-155.483,178.5813,-3.8935
1741951298.276,4.138,4.443,6.826,4.426,-0.6333,-3.1615,6.0164,-155.3083,178.6229,-3.5461
1741951298.356,4.138,4.446,7.122,4.745,-0.637,-3.1394,6.0182,-160.7469,178.3877,-10.8041
1741951298.436,4.14,4.442,7.043,4.657,-0.6204,-3.1558,6.0191,-159.2264,-177.2605,-7.4918
1741951298.515,4.14,4.44,7.153,4.774,-0.612,-3.1488,6.0178,-161.3286,-177.9363,-6.2798
1741951298.595,4.146,4.441,7.168,4.786,-0.6116,-3.1433,6.0161,-161.5361,-179.1203,-5.2351
1741951298.675,4.146,4.441,7.141,4.757,-0.6157,-3.1463,6.0168,-161.0076,179.0712,-3.9492
1741951298.754,4.166,4.445,7.064,4.662,-0.6154,-3.1488,6.0163,-159.2813,-179.9213,-3.93
1741951298.834,4.153,4.436,6.93,4.522,-0.6185,-3.1546,6.0163,-156.9861,179.9737,-3.09
1741951298.913,4.145,4.432,6.902,4.496,-0.619,-3.1587,6.016,-156.5825,179.8861,-2.6562
1741951298.993,4.141,4.428,6.872,4.463,-0.6188,-3.1613,6.0156,-156.0768,-179.9227,-2.365
1741951299.073,4.141,4.428,6.975,4.573,-0.62,-3.1577,6.0164,-157.9443,-179.6949,-5.4219
1741951299.152,4.138,4.428,6.906,4.502,-0.6189,-3.1586,6.0167,-156.7325,-179.986,-4.9426
1741951299.232,4.141,4.437,6.877,4.475,-0.6191,-3.159,6.0163,-156.1783,179.4244,-4.3011
1741951300.407,4.14,4.437,6.807,4.4,-0.619,-3.1862,6.0006,-154.9431,179.7586,-1.3344
1741951300.486,4.142,4.437,6.808,4.401,-0.6188,-3.1861,6.0008,-154.9472,179.6293,-1.324
1741951300.566,4.142,4.437,6.814,4.407,-0.6187,-3.1859,6.0009,-155.0451,179.5875,-1.2842
1741951300.646,4.141,4.437,6.81,4.403,-0.6186,-3.1858,6.0011,-154.9885,179.4926,-1.2541
1741951300.726,4.141,4.429,6.809,4.397,-0.6185,-3.1857,6.0012,-154.9656,179.4146,-1.2629
1741951300.805,4.141,4.437,6.808,4.401,-0.6184,-3.1856,6.0013,-154.9453,179.3676,-1.2842
1741951300.885,4.143,4.437,6.808,4.399,-0.6184,-3.1855,6.0015,-154.9241,179.3216,-1.2793
1741951300.964,4.143,4.438,6.806,4.398,-0.6183,-3.1854,6.0016,-154.8962,179.2948,-1.284
1741951301.044,4.142,4.437,6.804,4.396,-0.6182,-3.1853,6.0017,-154.8684,179.2633,-1.2879
1741951301.124,4.143,4.429,6.803,4.389,-0.6181,-3.1851,6.0019,-154.8447,179.2433,-1.2929
1741951301.203,4.142,4.437,6.801,4.393,-0.6181,-3.185,6.002,-154.8244,179.2331,-1.2762
1741951301.283,4.142,4.437,6.8,4.392,-0.618,-3.1849,6.0021,-154.8011,179.2274,-1.2835
1741951301.362,4.142,4.436,6.799,4.39,-0.6179,-3.1848,6.0022,-154.7893,179.2372,-1.2752
1741951301.442,4.142,4.43,6.799,4.386,-0.6178,-3.1847,6.0024,-154.7727,179.2218,-1.2847
1741951301.522,4.141,4.437,6.774,4.364,-0.6178,-3.1845,6.0026,-154.3535,179.1094,-1.4815
1741951301.602,4.142,4.43,6.765,4.35,-0.6177,-3.1844,6.0027,-154.1889,179.0808,-1.5291
1741951301.681,4.141,4.43,6.757,4.342,-0.6177,-3.1842,6.0028,-154.0664,179.057,-1.5703
1741951301.761,4.141,4.437,6.751,4.34,-0.6176,-3.1841,6.0029,-153.9606,179.018,-1.5878
1741951301.84,4.141,4.43,6.748,4.332,-0.6176,-3.184,6.003,-153.8942,179.0107,-1.5977
1741951301.92,4.14,4.429,6.744,4.328,-0.6175,-3.1839,6.0032,-153.8441,179.0209,-1.5884
1741951302.0,4.141,4.437,6.743,4.332,-0.6175,-3.1837,6.0033,-153.8216,179.1075,-1.3936
1741951302.079,4.141,4.437,6.772,4.363,-0.6183,-3.1814,6.0031,-154.3278,179.2895,-1.4246
1741951302.159,4.141,4.429,6.751,4.335,-0.6205,-3.1743,6.0038,-153.9474,178.8131,-1.8418
1741951302.239,4.139,4.43,6.742,4.328,-0.6243,-3.1623,6.0061,-153.827,178.4845,-2.3032
1741951302.318,4.134,4.429,6.74,4.328,-0.6309,-3.1443,6.0104,-153.8352,178.2243,-3.0347
1741951302.398,4.123,4.435,6.737,4.335,-0.6366,-3.1297,6.0144,-153.8998,178.4099,-2.8603
1741951302.478,4.11,4.435,6.735,4.342,-0.6423,-3.1173,6.0175,-154.0018,178.7169,-2.4671
1741951302.557,4.11,4.436,6.73,4.337,-0.6474,-3.1068,6.0191,-153.9128,178.8729,-2.3647
1741951302.637,4.094,4.436,6.701,4.316,-0.6533,-3.0956,6.0199,-153.5743,178.3597,-3.1379
1741951302.717,4.082,4.426,6.709,4.326,-0.6562,-3.0901,6.0193,-153.8395,178.7823,-2.732
1741951302.796,4.068,4.434,6.713,4.344,-0.6588,-3.0838,6.0187,-154.0535,179.042,-3.0139
1741951302.876,4.06,4.434,6.744,4.383,-0.661,-3.0762,6.0169,-154.6954,179.9657,-2.9926
1741951302.955,4.06,4.428,6.757,4.394,-0.6642,-3.069,6.0156,-154.9261,179.9547,-2.8035
1741951303.035,4.05,4.427,6.898,4.555,-0.6714,-3.0538,6.0153,-157.64,178.7048,-5.959
1741951303.115,4.039,4.434,6.94,4.613,-0.673,-3.0411,6.0135,-158.5584,-178.2293,-7.0046
1741951303.194,4.025,4.428,6.694,4.349,-0.6778,-3.0259,6.0121,-154.1878,-179.8195,-7.6898
1741951303.274,4.008,4.428,6.712,4.38,-0.6855,-3.0076,6.0109,-154.7057,179.9453,-6.4976
1741951303.354,4.008,4.427,6.715,4.383,-0.6947,-2.9919,6.0117,-154.754,179.498,-5.6177
1741951303.434,3.99,4.427,6.703,4.382,-0.7049,-2.9729,6.0117,-154.7365,179.3342,-4.8446
1741951303.513,3.964,4.434,6.692,4.392,-0.7145,-2.9588,6.0122,-154.8332,178.9612,-3.7379
1741951303.593,3.941,4.437,6.655,4.367,-0.7214,-2.9469,6.0114,-154.4031,179.2827,-3.2386
1741951303.672,3.915,4.437,6.639,4.367,-0.728,-2.9332,6.0103,-154.4025,179.5685,-3.1572
1741951303.752,3.915,4.428,6.634,4.356,-0.7347,-2.9204,6.0101,-154.31,179.6418,-3.0316
1741951303.832,3.895,4.434,6.618,4.355,-0.7413,-2.9073,6.01,-154.2354,-179.9374,-2.829
1741951303.911,3.874,4.435,6.603,4.354,-0.7474,-2.8952,6.0104,-154.2019,-179.9523,-2.9089
1741951303.991,3.851,4.428,6.622,4.388,-0.7566,-2.8761,6.0104,-154.8236,179.9136,-3.561
1741951304.071,3.851,4.428,6.561,4.317,-0.7638,-2.8623,6.0102,-153.6804,179.8788,-2.7318
1741951304.15,3.83,4.433,6.552,4.324,-0.7725,-2.8447,6.0101,-153.7369,179.492,-2.8949
1741951304.23,3.805,4.434,6.516,4.301,-0.7796,-2.8309,6.0099,-153.3536,179.5822,-3.0075
1741951304.309,3.783,4.435,6.545,4.35,-0.7887,-2.8117,6.0097,-154.1433,179.4291,-3.9495
1741951304.389,3.76,4.427,6.529,4.343,-0.797,-2.795,6.0089,-154.106,179.271,-3.6891
1741951304.469,3.76,4.427,6.535,4.35,-0.8053,-2.7793,6.0077,-154.2161,179.0424,-3.3262
1741951304.548,3.739,4.434,6.543,4.38,-0.8127,-2.7629,6.0062,-154.6325,179.1025,-3.7503
1741951304.628,3.718,4.43,6.51,4.353,-0.8178,-2.7484,6.0053,-154.2301,179.9812,-3.8491
1741951304.708,3.696,4.427,6.485,4.336,-0.8266,-2.7313,6.0061,-153.9986,179.6186,-3.7615
1741951304.787,3.669,4.434,6.48,4.355,-0.8347,-2.7179,6.0065,-154.2278,179.542,-3.5208
1741951304.867,3.669,4.434,6.458,4.329,-0.8437,-2.6998,6.0061,-153.808,179.4623,-3.5316
1741951304.947,3.65,4.434,6.437,4.317,-0.8517,-2.686,6.0052,-153.6096,179.3392,-3.398
1741951305.026,3.625,4.427,6.433,4.326,-0.8594,-2.672,6.0046,-153.8324,179.3439,-3.0115
1741951305.106,3.607,4.426,6.454,4.364,-0.8673,-2.655,6.0039,-154.4571,179.4669,-3.5613
1741951305.186,3.584,4.428,6.405,4.323,-0.8731,-2.6323,5.996,-153.7685,179.3092,-3.3935
1741951305.265,3.584,4.428,6.398,4.314,-0.883,-2.6158,5.9969,-153.6258,179.1975,-3.0348
1741951305.345,3.564,4.428,6.382,4.309,-0.8838,-2.6232,6.0077,-153.5489,179.7718,-1.5665
1741951305.425,3.539,4.435,6.37,4.317,-0.8891,-2.6138,6.0112,-153.6076,179.6052,-1.8233
1741951305.504,3.519,4.429,6.359,4.315,-0.8997,-2.5957,6.0113,-153.6241,179.2714,-2.4082
1741951305.584,3.5,4.434,6.342,4.31,-0.9108,-2.5743,6.0098,-153.4994,179.5201,-2.525
1741951305.664,3.5,4.434,6.334,4.3,-0.9211,-2.5529,6.0081,-153.3458,179.3547,-2.9143
1741951305.743,3.477,4.433,6.321,4.3,-0.9299,-2.5346,6.0066,-153.3572,179.3431,-3.0776
1741951305.823,3.454,4.432,6.304,4.296,-0.9386,-2.5152,6.0058,-153.2962,179.423,-3.3566
1741951305.903,3.432,4.433,6.304,4.313,-0.9472,-2.4979,6.0048,-153.5551,179.402,-2.8675
1741951305.982,3.413,4.428,6.342,4.374,-0.9542,-2.4821,6.0039,-154.6001,179.7307,-3.1621
1741951306.062,3.413,4.428,6.342,4.375,-0.9609,-2.4685,6.0035,-154.609,179.6394,-2.8633
1741951306.141,3.391,4.425,6.364,4.419,-0.9673,-2.4537,6.0036,-155.3663,-179.4116,-2.4855
1741951306.221,3.369,4.432,6.309,4.368,-0.9813,-2.4349,6.0081,-154.4647,176.5639,-7.7567
1741951306.301,3.339,4.431,6.222,4.277,-0.9915,-2.414,6.0067,-153.0004,176.4438,-7.5652
1741951306.38,3.324,4.431,6.192,4.248,-1.0008,-2.3941,6.0051,-152.5393,176.8601,-6.2716
1741951306.46,3.324,4.431,6.201,4.26,-1.0085,-2.3771,6.0057,-152.7334,177.8135,-5.3369
1741951306.54,3.302,4.432,6.202,4.281,-1.0155,-2.3615,6.0064,-153.0478,178.2754,-4.7751
1741951306.619,3.281,4.432,6.195,4.287,-1.0219,-2.3471,6.0066,-153.1575,178.5804,-4.3175
1741951306.699,3.257,4.429,6.168,4.269,-1.0278,-2.3371,6.0064,-152.885,178.6119,-3.4076
1741951306.779,3.234,4.429,6.145,4.255,-1.0331,-2.3291,6.007,-152.6606,178.9918,-2.4489
1741951306.858,3.234,4.426,6.151,4.262,-1.0354,-2.3247,6.0067,-152.812,179.1495,-1.5206
1741951306.938,3.219,4.43,6.155,4.282,-1.0391,-2.3151,6.0061,-153.087,179.6822,-1.0415
1741951307.018,3.212,4.438,6.186,4.335,-1.0463,-2.3014,6.0058,-153.868,-179.9741,-0.6314
1741951307.097,3.194,4.431,6.152,4.298,-1.0539,-2.285,6.005,-153.3396,-179.7335,-0.9251
1741951307.177,3.179,4.431,6.136,4.289,-1.0627,-2.2679,6.0046,-153.1873,-179.584,-0.7446
1741951307.257,3.179,4.427,6.113,4.254,-1.0712,-2.2513,6.0034,-152.6781,-179.6986,-0.701
1741951307.336,3.152,4.428,6.095,4.253,-1.0795,-2.2364,6.0028,-152.6369,-179.9616,-0.5652
1741951307.416,3.127,4.431,5.694,3.706,-1.0874,-2.2167,6.0008,-144.2977,-179.4418,-4.4518
1741951307.495,3.1,4.431,6.003,4.165,-1.0966,-2.2076,6.0013,-151.2261,179.523,-3.0716
1741951307.575,3.076,4.431,6.022,4.213,-1.1036,-2.196,6.001,-151.9764,178.7807,-2.3649
1741951307.655,3.076,4.437,6.233,4.521,-1.1131,-2.1684,6.0024,-156.953,178.0642,-10.5899
1741951307.734,3.06,4.444,6.32,4.666,-1.1157,-2.1609,6.0025,-159.3693,-179.243,-1.7393
1741951307.814,3.045,4.452,6.313,4.676,-1.1201,-2.141,6.002,-159.4507,-179.303,-2.5476
1741951307.894,3.02,4.446,6.294,4.669,-1.124,-2.1315,6.006,-159.3862,-179.7682,-3.0607
1741951307.973,3.0,4.446,6.28,4.668,-1.1337,-2.1136,6.0044,-159.3721,179.3075,-2.7765
1741951308.053,3.0,4.44,6.162,4.49,-1.1356,-2.0983,6.0005,-156.3909,-177.7711,-1.2898
1741951308.133,2.972,4.433,6.147,4.489,-1.143,-2.0833,5.9988,-156.4602,-178.3262,-1.6521
1741951308.212,2.953,4.425,6.164,4.528,-1.1504,-2.0725,5.9985,-157.2032,-179.5998,-1.7044
1741951308.292,2.931,4.432,6.175,4.571,-1.1561,-2.062,5.9984,-157.8577,179.6803,-1.766
1741951308.372,2.927,4.432,6.164,4.559,-1.1599,-2.0471,5.9972,-157.6464,-179.742,-1.2235
1741951308.451,2.927,4.439,6.156,4.551,-1.1709,-2.027,5.9975,-157.4378,178.6832,-2.9823
1741951308.531,2.906,4.435,6.111,4.5,-1.1814,-2.0064,5.9982,-156.6141,178.8789,-2.9168
1741951308.611,2.881,4.427,6.066,4.451,-1.1903,-1.9874,5.9988,-155.8864,179.1975,-2.5718
1741951308.69,2.85,4.418,6.028,4.416,-1.1982,-1.9718,5.9992,-155.3993,179.2819,-2.1117
1741951308.77,2.824,4.418,6.002,4.401,-1.2053,-1.9554,5.9987,-155.1401,179.6187,-2.0647
1741951308.849,2.824,4.417,5.954,4.325,-1.2121,-1.9463,5.9997,-153.908,179.4952,-0.8072
1741951308.929,2.809,4.415,5.97,4.363,-1.2147,-1.9388,6.0003,-154.5531,-179.4756,0.4614
1741951309.009,2.787,4.42,5.947,4.351,-1.2206,-1.9258,6.0001,-154.3017,-179.291,0.2646
1741951309.088,2.777,4.419,5.939,4.348,-1.2274,-1.9054,5.9981,-154.2622,-179.0466,-0.044
1741951309.168,2.762,4.419,5.802,4.144,-1.2412,-1.8781,5.9972,-150.9985,178.7226,-6.0351
1741951309.248,2.762,4.423,5.887,4.281,-1.2521,-1.8571,5.9973,-153.1441,178.8683,-5.9489
1741951309.327,2.72,4.422,5.872,4.297,-1.2613,-1.8389,5.9972,-153.4038,178.9229,-4.7469
1741951309.407,2.697,4.418,5.862,4.3,-1.2697,-1.8234,5.9976,-153.497,179.0098,-3.8375
1741951309.487,2.669,4.416,5.888,4.371,-1.2781,-1.8145,5.9993,-154.6713,177.8418,-3.3102
1741951309.566,2.669,4.416,5.899,4.389,-1.2829,-1.8102,6.0006,-154.9686,177.9183,-2.1729
1741951309.646,2.651,4.423,5.89,4.397,-1.2881,-1.7994,6.0009,-155.0258,177.7556,-1.6217
1741951309.726,2.647,4.429,5.902,4.425,-1.2948,-1.7846,6.0003,-155.4227,178.1454,-1.0352
1741951309.805,2.624,4.431,5.594,3.929,-1.2912,-1.7646,5.997,-147.6059,-174.2256,-1.6926
1741951309.885,2.605,4.426,5.688,4.104,-1.3026,-1.7458,5.9968,-150.3107,-177.2595,-1.0645
1741951309.965,2.605,4.426,5.719,4.156,-1.3108,-1.7277,5.9967,-151.1295,-177.6472,-0.8342
1741951310.044,2.58,4.42,5.722,4.182,-1.3192,-1.7119,5.9969,-151.5964,-178.2561,-1.1579
1741951310.124,2.552,4.422,5.719,4.206,-1.3267,-1.6985,5.9963,-151.9527,-178.6846,-1.1154
1741951310.203,2.529,4.417,5.718,4.224,-1.3345,-1.6851,5.9963,-152.2906,-179.0317,-1.2276
1741951310.283,2.513,4.421,5.719,4.244,-1.3429,-1.6716,5.997,-152.5722,-179.2455,-1.2277
1741951310.363,2.513,4.421,5.745,4.29,-1.3603,-1.6659,5.9812,-153.2989,-179.9684,-0.1836
1741951310.442,2.489,4.421,5.732,4.291,-1.3698,-1.6503,5.9783,-153.3283,-179.6699,-0.2191
1741951310.522,2.474,4.423,5.72,4.287,-1.3722,-1.6308,5.981,-153.2433,-179.0804,-0.7611
1741951310.602,2.447,4.415,5.696,4.269,-1.376,-1.61,5.9881,-153.0303,-178.8788,-1.0371
1741951310.681,2.425,4.419,5.677,4.261,-1.3821,-1.5914,5.9951,-152.8597,-178.7384,-1.0374
1741951310.761,2.425,4.419,5.684,4.274,-1.3905,-1.5756,5.9989,-153.0641,-178.8153,-0.7513
1741951310.844,2.403,4.424,5.694,4.318,-1.397,-1.5623,6.0018,-153.7234,-178.149,-0.6138
1741951311.776,2.187,4.43,5.504,4.201,-1.4867,-1.3797,5.9977,-151.7989,-176.5759,-2.9665
1741951311.856,2.187,4.43,5.49,4.172,-1.4937,-1.3657,5.9983,-151.3428,-176.633,-3.0116
1741951311.936,2.166,4.451,5.475,4.177,-1.5014,-1.3512,5.9979,-151.2322,-176.2849,-2.9348
1741951312.015,2.145,4.455,5.45,4.152,-1.5098,-1.3367,5.9977,-150.807,-176.4137,-2.9437
1741951312.095,2.126,4.456,5.424,4.12,-1.5195,-1.3184,5.9966,-150.307,-176.7925,-3.0322
1741951312.175,2.103,4.456,5.384,4.063,-1.5305,-1.304,5.9963,-149.4318,-177.1091,-2.6684
1741951312.254,2.103,4.46,5.459,4.225,-1.5472,-1.2951,5.9943,-151.9002,178.727,1.8542
1741951312.334,2.082,4.461,5.39,4.103,-1.5542,-1.2814,5.9942,-150.001,-178.7911,2.5887
1741951312.414,2.059,4.462,5.387,4.124,-1.563,-1.2671,5.9946,-150.3177,-178.5232,0.915
1741951312.493,2.034,4.465,5.369,4.116,-1.5713,-1.2521,5.9948,-150.1691,-178.7297,-0.0958
1741951312.573,2.013,4.465,5.357,4.116,-1.5787,-1.2372,5.9946,-150.1775,-178.7516,-0.6647
1741951312.653,2.013,4.473,5.412,4.242,-1.5842,-1.2226,5.9939,-152.0588,-178.776,-0.7083
1741951312.732,1.995,4.474,5.444,4.338,-1.5897,-1.2077,5.9932,-153.5623,-178.798,-0.7341
1741951312.812,1.975,4.461,5.443,4.355,-1.5971,-1.192,5.9929,-153.9659,-178.8119,-1.0845
1741951312.891,1.955,4.455,5.429,4.347,-1.6059,-1.1755,5.9947,-153.9019,-178.9353,-0.9846
1741951312.971,1.934,4.455,5.411,4.335,-1.6122,-1.1598,5.9944,-153.7095,-178.8516,-1.1563
1741951313.051,1.934,4.459,5.416,4.348,-1.62,-1.1466,5.9935,-153.8646,-178.8425,-1.4145
1741951313.13,1.907,4.454,5.404,4.356,-1.6228,-1.1383,5.9942,-154.0563,-177.6202,-1.0177
1741951313.21,1.892,4.457,5.384,4.331,-1.6243,-1.1359,5.9944,-153.6146,-177.3651,-0.2333
1741951313.29,1.88,4.46,5.365,4.304,-1.6282,-1.1335,5.9959,-153.1648,-177.1371,2.1712
1741951313.369,1.881,4.46,5.372,4.319,-1.6354,-1.1184,5.9957,-153.4043,-176.3261,2.0632
1741951313.449,1.881,4.461,5.315,4.186,-1.6467,-1.0894,5.9938,-151.2885,-176.5958,-0.4573
1741951313.529,1.869,4.465,5.328,4.235,-1.6653,-1.064,5.9918,-152.0142,179.2064,-0.1833
1741951313.608,1.828,4.459,5.334,4.304,-1.6754,-1.044,5.9896,-153.1733,-179.4341,1.1558
1741951313.688,1.789,4.46,5.366,4.443,-1.6787,-1.0265,5.9896,-155.4148,-178.8229,0.0421
1741951313.767,1.761,4.46,5.321,4.371,-1.6763,-1.0171,5.9914,-154.2388,-177.276,-1.4031
1741951313.847,1.761,4.461,5.318,4.366,-1.6785,-1.0117,5.992,-154.1388,-177.9153,-2.2217
1741951313.927,1.749,4.446,5.304,4.34,-1.6799,-1.0029,5.9934,-153.8701,-177.0586,-2.7444
1741951314.007,1.744,4.451,5.272,4.268,-1.6857,-0.9888,5.9936,-152.673,-176.6856,-2.4495
1741951314.086,1.734,4.443,5.258,4.242,-1.6957,-0.9706,5.9939,-152.3367,-177.0004,-2.0129
1741951314.166,1.711,4.443,5.298,4.382,-1.7147,-0.9526,5.9918,-154.5843,-179.9837,0.1714
1741951314.246,1.711,4.445,5.224,4.192,-1.7246,-0.9361,5.9884,-151.5176,179.2068,4.5734
1741951314.325,1.682,4.455,5.222,4.233,-1.7346,-0.917,5.9864,-152.0847,179.8052,2.1528
1741951314.405,1.65,4.452,5.208,4.244,-1.7359,-0.9049,5.9868,-152.286,-178.3943,1.2571
1741951314.484,1.624,4.452,5.195,4.249,-1.7379,-0.897,5.9879,-152.363,-177.8974,0.7048
1741951314.564,1.613,4.452,5.19,4.255,-1.743,-0.891,5.9896,-152.4475,-177.9344,1.462
1741951314.644,1.613,4.446,5.192,4.256,-1.7492,-0.8784,5.9907,-152.5314,-177.804,1.3339
1741951314.723,1.606,4.457,5.199,4.295,-1.7573,-0.8617,5.9909,-153.0396,-177.6743,1.2851
1741951314.803,1.59,4.458,5.188,4.289,-1.7682,-0.8416,5.9899,-152.9333,-177.9428,0.3808
1741951314.883,1.568,4.457,5.212,4.394,-1.7818,-0.8169,5.9903,-154.633,-179.2441,-2.807
1741951314.962,1.533,4.457,5.178,4.358,-1.7905,-0.7992,5.9904,-154.0463,-178.9623,-1.8012
1741951315.042,1.533,4.455,5.146,4.265,-1.7977,-0.7842,5.9908,-152.5812,-178.8781,-1.6429
1741951315.122,1.505,4.456,5.111,4.209,-1.7998,-0.7735,5.9916,-151.69,-177.9088,-2.2646
1741951315.201,1.483,4.461,5.11,4.246,-1.8033,-0.7637,5.9915,-152.2293,-175.9842,-2.2067
1741951315.281,1.471,4.455,5.093,4.212,-1.809,-0.7517,5.9918,-151.7431,-176.3428,-2.1448
1741951315.361,1.471,4.455,5.082,4.179,-1.8173,-0.7359,5.992,-151.2313,-176.5307,-2.3263
1741951315.44,1.456,4.46,5.066,4.159,-1.8268,-0.7199,5.9915,-150.8698,-176.1193,-1.8779
1741951315.52,1.439,4.462,5.126,4.378,-1.842,-0.7065,5.9898,-154.3224,-178.9235,2.5023
1741951315.599,1.415,4.459,5.062,4.217,-1.8526,-0.6904,5.9875,-151.797,-178.2986,2.2545
1741951315.679,1.386,4.474,5.04,4.209,-1.861,-0.6745,5.986,-151.5355,-178.1343,1.4037
1741951315.759,1.386,4.474,5.045,4.225,-1.8675,-0.6608,5.9856,-151.781,-176.6881,0.7311
1741951315.839,1.365,4.468,5.019,4.177,-1.8737,-0.6463,5.9854,-151.0853,-176.9782,0.2815
1741951315.918,1.345,4.477,4.998,4.15,-1.8813,-0.6323,5.9857,-150.5912,-177.1824,0.0204
1741951315.998,1.324,4.478,4.979,4.125,-1.89,-0.617,5.9861,-150.1938,-177.6197,-0.1737
1741951316.077,1.304,4.474,4.965,4.113,-1.9001,-0.6023,5.9866,-150.0535,-178.0772,-0.1322
1741951316.157,1.304,4.474,5.002,4.239,-1.9082,-0.5841,5.9866,-152.0083,-178.3622,-0.2012
1741951316.237,1.285,4.483,5.033,4.392,-1.9156,-0.5684,5.9891,-154.3513,-178.8876,-0.6741
1741951316.316,1.257,4.476,5.027,4.426,-1.9212,-0.5515,5.9878,-154.9595,-178.7125,-0.7779
1741951316.396,1.236,4.462,5.009,4.4,-1.93,-0.5348,5.9873,-154.6861,-178.6635,-0.5642
1741951316.476,1.213,4.466,4.993,4.397,-1.9384,-0.5183,5.9871,-154.594,-178.6066,-0.404
1741951316.555,1.213,4.466,4.987,4.372,-1.9459,-0.5034,5.9872,-154.188,-178.7281,-0.3064
1741951316.635,1.193,4.461,4.997,4.452,-1.9519,-0.4879,5.9872,-155.5468,-175.1209,-0.9229
1741951316.715,1.171,4.466,4.973,4.418,-1.957,-0.4689,5.9853,-154.9324,-175.5442,-0.9013
1741951316.794,1.148,4.461,4.958,4.411,-1.9636,-0.4539,5.9849,-154.8742,-176.1748,-0.7067
1741951316.874,1.125,4.465,4.951,4.443,-1.9685,-0.4464,5.9867,-155.3543,-176.5153,0.9297
1741951316.954,1.125,4.465,4.943,4.409,-1.9753,-0.4346,5.9866,-154.7937,-177.0141,1.4904
1741951317.033,1.111,4.465,4.923,4.364,-1.9847,-0.419,5.9866,-154.076,-177.502,1.691
1741951317.113,1.096,4.467,4.9,4.308,-1.9977,-0.4004,5.9886,-153.1478,-178.1901,1.3759
1741951317.192,1.074,4.466,4.877,4.268,-2.007,-0.3769,5.9859,-152.5299,-177.9357,-1.0111
1741951317.272,1.043,4.47,4.851,4.236,-2.0169,-0.3572,5.9857,-151.9873,-178.1313,-1.273
1741951317.352,1.043,4.47,4.843,4.202,-2.0261,-0.34,5.9862,-151.4654,-178.2362,-0.9761
1741951317.431,1.014,4.466,4.843,4.274,-2.037,-0.3301,5.9882,-152.6215,-179.9998,-0.5334
1741951317.511,0.989,4.467,4.829,4.274,-2.0439,-0.3213,5.9885,-152.6134,179.5115,0.0779
1741951317.591,0.971,4.474,4.815,4.263,-2.0495,-0.31,5.988,-152.376,179.3489,0.1918
1741951317.67,0.958,4.474,4.807,4.262,-2.059,-0.2923,5.9879,-152.3662,179.2467,0.0337
1741951317.75,0.958,4.478,4.805,4.253,-2.0669,-0.2745,5.9875,-152.182,179.8522,0.1449
1741951317.83,0.937,4.48,4.743,4.018,-2.0731,-0.2551,5.985,-148.5517,-177.5196,0.1424
1741951317.909,0.912,4.476,4.738,4.054,-2.0779,-0.2428,5.984,-149.1285,-177.7731,-0.0561
1741951317.989,0.885,4.477,4.728,4.078,-2.0776,-0.2411,5.9836,-149.4946,-178.1264,-0.1668
1741951318.069,0.873,4.477,4.728,4.11,-2.0765,-0.2427,5.9835,-149.975,-178.4053,-0.21
1741951318.148,0.873,4.469,4.731,4.123,-2.076,-0.2452,5.9838,-150.2519,-178.6682,-0.0832
1741951318.228,0.879,4.468,4.737,4.135,-2.0763,-0.247,5.9845,-150.4365,-178.7882,-0.0129
1741951318.308,0.88,4.475,4.736,4.133,-2.0744,-0.2519,5.985,-150.3418,-178.5899,0.0456
1741951318.387,0.883,4.469,4.741,4.145,-2.0673,-0.264,5.9852,-150.5828,-178.646,-0.2275
1741951318.467,0.889,4.469,4.752,4.181,-2.0654,-0.2791,5.9875,-151.148,179.7833,0.2589
1741951318.546,0.889,4.474,4.749,4.17,-2.0581,-0.295,5.9882,-150.9307,179.4896,0.2075
1741951318.626,0.889,4.474,4.748,4.164,-2.0477,-0.3126,5.9883,-150.8398,179.6018,-0.3125
1741951318.706,0.933,4.481,4.766,4.137,-2.033,-0.3334,5.9859,-150.3602,-179.4683,-0.0932
1741951318.785,0.957,4.479,4.794,4.204,-2.0197,-0.3532,5.9854,-151.406,-177.8551,-0.4968
1741951318.865,0.989,4.479,4.812,4.206,-2.0111,-0.3686,5.9855,-151.4351,-178.0385,-0.3087
1741951318.945,0.989,4.464,4.802,4.153,-2.0024,-0.3855,5.9858,-150.7501,-177.9659,-0.0533
1741951319.024,1.014,4.463,4.812,4.133,-1.9975,-0.398,5.987,-150.4498,-178.2828,0.9344
1741951319.104,1.036,4.47,4.829,4.16,-1.9926,-0.4074,5.9873,-150.8112,-178.3155,1.4508
1741951319.184,1.052,4.467,4.845,4.186,-1.9846,-0.4192,5.9865,-151.2337,-177.9384,1.6586
1741951319.263,1.066,4.467,4.86,4.215,-1.9771,-0.4335,5.9867,-151.6839,-177.7478,1.7087
1741951319.343,1.066,4.469,4.877,4.288,-1.9705,-0.4471,5.9866,-152.8123,-177.9314,1.3645
1741951319.422,1.085,4.462,4.887,4.28,-1.9625,-0.4618,5.9864,-152.7544,-179.0089,-2.0647
1741951319.502,1.104,4.461,4.918,4.36,-1.9534,-0.4799,5.9868,-154.0417,-177.396,-1.5911
1741951319.582,1.126,4.464,4.933,4.367,-1.9447,-0.4979,5.9865,-154.1299,-177.6351,-0.941
1741951319.661,1.153,4.464,4.951,4.374,-1.9447,-0.5123,5.994,-154.238,-178.0062,-0.6447
1741951319.741,1.153,4.465,4.95,4.369,-1.9346,-0.5282,5.9912,-154.1563,-178.0837,-0.4646
1741951319.821,1.173,4.464,4.962,4.369,-1.926,-0.5428,5.9886,-154.1676,-178.3884,-0.525
1741951319.9,1.195,4.465,4.976,4.373,-1.9176,-0.5575,5.9864,-154.2197,-178.6328,-0.5651
1741951319.98,1.215,4.467,4.983,4.355,-1.91,-0.5735,5.9851,-153.8996,-178.6185,-0.6321
1741951320.06,1.236,4.467,4.994,4.348,-1.9017,-0.591,5.9848,-153.7955,-178.3838,-0.6926
1741951320.139,1.236,4.467,4.995,4.353,-1.8939,-0.6077,5.9858,-153.8802,-178.2324,-0.7357
1741951320.219,1.258,4.466,5.008,4.351,-1.8854,-0.624,5.9867,-153.8529,-178.1605,-0.8017
1741951320.299,1.283,4.463,5.025,4.354,-1.8779,-0.6401,5.9872,-153.9335,-178.3746,-0.7993
1741951320.378,1.303,4.465,5.037,4.355,-1.8712,-0.6557,5.9876,-153.9323,-178.481,-0.7488
1741951320.458,1.326,4.465,5.05,4.354,-1.8633,-0.671,5.9871,-153.9073,-178.5976,-0.7246
1741951320.538,1.326,4.468,5.05,4.356,-1.8557,-0.6872,5.9873,-153.9203,-178.6747,-0.5967
1741951320.617,1.347,4.469,5.073,4.392,-1.848,-0.7042,5.9888,-154.4804,-178.8598,-0.6123
1741951320.697,1.372,4.463,5.087,4.383,-1.8403,-0.7192,5.9876,-154.3935,-178.8007,-0.6445
1741951320.777,1.393,4.463,5.098,4.378,-1.8336,-0.7317,5.9887,-154.3201,-178.4999,-1.1303
1741951320.856,1.416,4.463,5.102,4.344,-1.8271,-0.7395,5.9903,-153.7727,-177.8274,-2.3911
1741951320.936,1.416,4.47,5.104,4.355,-1.8199,-0.7523,5.9905,-153.8829,-177.5931,-2.4191
1741951321.016,1.429,4.464,5.116,4.364,-1.8112,-0.769,5.9903,-154.0844,-177.2308,-2.5555
1741951321.095,1.445,4.462,5.125,4.361,-1.8022,-0.7918,5.9881,-154.0522,-177.4293,-1.4262
1741951321.175,1.468,4.459,5.092,4.218,-1.7959,-0.815,5.9869,-151.8053,179.6084,3.2891
1741951321.255,1.495,4.459,5.119,4.253,-1.7884,-0.8324,5.9869,-152.3524,-179.7106,1.6347
1741951321.334,1.495,4.463,5.124,4.269,-1.7816,-0.8481,5.9864,-152.5702,-179.6107,1.0534
1741951321.414,1.525,4.471,5.157,4.318,-1.7759,-0.8618,5.9897,-153.2765,-178.8437,1.0987
1741951321.493,1.549,4.47,5.168,4.309,-1.7704,-0.8729,5.9906,-153.1477,-178.0311,1.774
1741951321.573,1.568,4.464,5.172,4.285,-1.7637,-0.8835,5.9916,-152.8187,-177.3215,0.7426
1741951321.653,1.583,4.464,5.186,4.298,-1.7554,-0.8984,5.9915,-153.0273,-177.5204,0.6041
1741951321.732,1.583,4.469,5.181,4.289,-1.7486,-0.915,5.9906,-152.8342,-178.2213,0.2674
1741951321.812,1.599,4.464,5.2,4.312,-1.7425,-0.9275,5.9904,-153.2526,-179.9322,-4.0518
1741951321.892,1.625,4.466,5.232,4.36,-1.7335,-0.9449,5.9904,-153.991,-179.6313,-2.8933
1741951321.971,1.649,4.466,5.248,4.362,-1.7232,-0.9551,5.9912,-154.029,-178.4682,-2.8383
1741951322.051,1.672,4.466,5.265,4.372,-1.717,-0.9641,5.9919,-154.1917,-177.537,-2.7976
1741951322.13,1.672,4.468,5.271,4.389,-1.7114,-0.9758,5.9922,-154.4407,-177.8149,-2.2557
1741951322.21,1.686,4.46,5.291,4.414,-1.7053,-0.9896,5.9919,-154.9304,-177.7491,-2.4722
1741951322.29,1.698,4.465,5.307,4.441,-1.6966,-1.0078,5.9914,-155.3199,-177.5216,-2.2782
1741951322.369,1.718,4.46,5.319,4.436,-1.6926,-1.0325,5.9905,-155.295,179.0996,0.0756
1741951322.569,1.776,4.454,5.355,4.43,-1.681,-1.0674,5.9946,-155.2616,179.3983,-0.7849
1741951322.648,1.789,4.454,5.366,4.439,-1.6769,-1.0746,5.9948,-155.4087,179.4426,-1.7659
1741951322.728,1.789,4.475,5.414,4.572,-1.6732,-1.0839,5.995,-157.3985,179.4486,-1.4738
1741951322.808,1.799,4.464,5.482,4.717,-1.6707,-1.0863,5.9954,-160.0228,179.352,-1.7552
1741951322.887,1.818,4.474,5.518,4.78,-1.6671,-1.0857,5.9951,-161.0145,-179.8891,-2.7662
1741951322.967,1.832,4.486,5.58,4.918,-1.6682,-1.0892,5.9947,-163.3673,179.8608,-2.696
1741951324.54,2.196,4.88,5.837,5.186,-1.6955,-1.3781,5.9951,-163.058,-179.6174,-2.3949
1741951324.62,2.14,4.748,5.659,4.787,-1.6951,-1.3975,5.996,-157.9896,-179.784,-2.1856
1741951324.699,2.102,4.659,5.507,4.446,-1.6922,-1.4159,5.9966,-153.5231,-179.186,-2.4554
1741951324.779,2.091,4.618,5.352,4.093,-1.6879,-1.4346,5.9972,-148.5934,-179.0369,-1.9762
1741951324.858,2.108,4.618,5.238,3.823,-1.6809,-1.4527,5.9974,-144.7343,-179.0203,-1.7641
1741951324.938,2.108,4.652,5.213,3.785,-1.6705,-1.4691,5.9978,-143.9783,-178.733,-1.3214
1741951325.018,2.154,4.715,5.24,3.827,-1.6592,-1.4839,5.9982,-144.1584,-178.5083,-1.2108
1741951325.097,2.19,4.731,5.31,3.95,-1.6478,-1.4979,5.9986,-145.7508,-176.7802,-1.4345
1741951325.177,2.213,4.723,5.295,3.891,-1.6371,-1.5114,5.9991,-144.9915,-176.9359,-1.8077
1741951325.257,2.234,4.723,5.307,3.894,-1.6318,-1.526,6.0012,-145.0344,-178.4648,-0.9371
1741951325.336,2.234,4.717,5.298,3.872,-1.6241,-1.5375,6.0015,-144.7628,-178.8905,-0.3767
1741951325.416,2.255,4.722,5.292,3.842,-1.6142,-1.5534,6.0015,-144.3265,-179.5398,-0.1222
1741951325.496,2.274,4.726,5.311,3.865,-1.6025,-1.5664,6.0003,-144.6106,-178.9815,-0.6851
1741951325.575,2.294,4.728,5.345,3.917,-1.5896,-1.5806,5.9994,-145.3092,-178.3373,-1.7384
1741951325.655,2.315,4.728,5.317,3.84,-1.5745,-1.5825,5.9964,-144.2562,-176.2289,-2.8473
1741951325.735,2.315,4.72,5.343,3.889,-1.5614,-1.5974,5.9948,-144.9829,-175.7068,-3.0154
1741951325.814,2.342,4.715,5.36,3.895,-1.5509,-1.6131,5.9955,-145.0941,-175.7029,-2.5533
1741951326.133,2.424,4.734,5.353,3.814,-1.5141,-1.6725,5.9991,-143.8627,-176.0112,0.2956
1741951326.213,2.434,4.716,5.355,3.8,-1.5024,-1.6873,5.9978,-143.7921,-176.3077,-0.1521
1741951326.372,2.477,4.674,5.456,3.935,-1.4786,-1.7112,5.9962,-145.9253,-176.6617,-1.0134
1741951326.451,2.484,4.674,5.596,4.193,-1.4687,-1.7196,5.9955,-149.609,-176.6793,-1.0904
1741951326.531,2.484,4.633,5.688,4.342,-1.4625,-1.7222,5.9936,-152.1767,-176.977,-3.1957
1741951326.611,2.484,4.566,5.601,4.143,-1.4585,-1.7391,5.994,-149.7403,-178.5341,-3.0169
1741951326.69,2.494,4.559,5.603,4.134,-1.4506,-1.7553,5.9948,-149.6658,-179.1344,-2.4611
1741951326.77,2.507,4.565,5.62,4.154,-1.4424,-1.7701,5.9958,-149.921,-178.9247,-2.0967
1741951326.85,2.529,4.565,5.637,4.163,-1.4346,-1.7857,5.9973,-150.0547,-178.7027,-1.8044
1741951326.931,2.529,4.57,5.638,4.169,-1.4262,-1.7993,5.9976,-150.092,-178.6005,-1.7114
1741951327.009,2.547,4.562,5.651,4.17,-1.4174,-1.8136,5.9976,-150.1828,-178.1942,-2.0217
1741951327.089,2.571,4.566,5.682,4.203,-1.4121,-1.8316,5.9918,-150.6496,-178.2422,-1.623
1741951327.168,2.585,4.562,5.77,4.343,-1.4005,-1.8418,5.9912,-152.8256,-177.9458,-2.3072
1741951327.248,2.609,4.562,5.937,4.61,-1.3896,-1.8509,5.9932,-157.0819,-178.0833,-2.518
1741951327.328,2.609,4.551,6.024,4.754,-1.3813,-1.8643,5.9962,-159.6265,-178.9327,-2.3755
1741951327.407,2.623,4.538,6.033,4.744,-1.3751,-1.8788,5.9973,-159.617,-178.8809,-2.0511
1741951327.487,2.652,4.547,6.047,4.741,-1.3696,-1.8947,5.9982,-159.4494,-179.1342,-1.7561
1741951327.566,2.67,4.553,6.056,4.74,-1.364,-1.9099,5.9981,-159.3717,-179.3982,-1.5799
1741951327.646,2.683,4.553,6.055,4.724,-1.3585,-1.9257,5.9983,-159.0877,-179.6355,-1.5619
1741951327.726,2.683,4.546,6.049,4.708,-1.3536,-1.9384,5.9985,-158.8988,179.8822,-2.3601
1741951327.805,2.702,4.553,6.063,4.714,-1.3482,-1.9524,5.9985,-158.9302,179.9711,-2.51
1741951327.885,2.729,4.552,6.058,4.676,-1.3418,-1.9685,5.9981,-158.2875,-179.8553,-2.2808
1741951327.965,2.749,4.551,5.97,4.508,-1.3375,-1.9857,5.9978,-155.5419,-179.8951,-2.2985
1741951328.044,2.766,4.551,5.927,4.419,-1.3319,-1.9995,5.9973,-154.1256,-179.4833,-2.8167
1741951328.124,2.766,4.55,5.911,4.392,-1.3222,-2.0127,5.9954,-153.6989,-179.0362,-2.8115
1741951328.204,2.779,4.554,5.922,4.4,-1.3154,-2.0273,5.9959,-153.7927,-179.1363,-2.9647
1741951328.283,2.796,4.552,5.935,4.403,-1.3085,-2.0428,5.996,-153.8559,-179.31,-2.5882
1741951328.363,2.818,4.549,5.949,4.402,-1.3043,-2.0656,5.9894,-153.8723,-179.1396,-2.603
1741951328.442,2.836,4.549,5.947,4.382,-1.3018,-2.0861,5.9826,-153.5613,-179.493,-1.465
1741951328.522,2.836,4.547,5.954,4.391,-1.2925,-2.0993,5.9794,-153.7216,-179.3035,-1.6221
1741951328.602,2.855,4.543,5.97,4.397,-1.2809,-2.1077,5.9834,-153.8451,-179.1991,-2.028
1741951328.681,2.879,4.552,6.002,4.43,-1.2689,-2.112,5.9913,-154.2808,-178.6003,-2.8938
1741951328.761,2.9,4.551,6.043,4.474,-1.2602,-2.1177,5.9993,-154.9922,-178.2965,-3.4097
1741951328.841,2.909,4.551,6.087,4.535,-1.254,-2.1286,6.0038,-155.971,-178.4943,-3.62
1741951328.92,2.909,4.54,6.105,4.555,-1.2478,-2.1436,6.0056,-156.4231,-178.5795,-3.6563
1741951329.0,2.927,4.541,6.128,4.574,-1.2413,-2.1606,6.0057,-156.7147,-178.6276,-3.4039
1741951329.08,2.947,4.551,6.153,4.598,-1.2336,-2.1782,6.0049,-157.0147,-178.5096,-3.3536
1741951329.159,2.971,4.551,6.172,4.605,-1.2253,-2.194,6.0043,-157.1199,-178.0712,-3.5685
1741951329.239,2.971,4.558,6.179,4.619,-1.219,-2.2088,6.0036,-157.2779,-178.4297,-3.876
1741951329.319,2.994,4.567,6.204,4.64,-1.212,-2.2231,6.0026,-157.537,-178.1369,-4.0007
1741951329.398,3.011,4.567,6.226,4.656,-1.207,-2.2352,6.002,-157.8029,-178.324,-4.023
1741951329.478,3.033,4.572,6.245,4.667,-1.2012,-2.2477,6.0005,-157.9257,-178.357,-3.865
1741951329.558,3.057,4.572,6.272,4.683,-1.1928,-2.2627,5.9993,-158.1973,-177.7712,-3.6406
1741951329.637,3.057,4.574,6.283,4.702,-1.1865,-2.2761,5.9995,-158.4938,-177.6986,-4.2785
1741951329.717,3.071,4.58,6.306,4.726,-1.1805,-2.2896,5.9994,-158.8234,-177.8457,-4.2794
1741951329.797,3.093,4.578,6.319,4.722,-1.1771,-2.309,5.9989,-158.7729,-178.8761,-2.6301
1741951329.876,3.113,4.579,6.231,4.574,-1.1737,-2.327,5.9999,-156.3288,-179.4468,-1.5935
1741951329.956,3.137,4.579,5.939,4.126,-1.1793,-2.3394,6.0046,-149.3804,173.9383,-6.349
1741951330.035,3.137,4.559,5.83,3.956,-1.1793,-2.3468,6.005,-147.0348,176.5465,-8.4197
1741951330.115,3.158,4.557,6.019,4.213,-1.1764,-2.3492,6.0018,-150.8702,178.2587,-9.5977
1741951330.195,3.192,4.601,5.951,4.112,-1.1649,-2.3588,6.0021,-149.0092,179.9365,-8.273
1741951330.274,3.238,4.644,5.951,4.1,-1.1532,-2.3715,6.0024,-148.491,-179.687,-7.1463
1741951330.354,3.249,4.644,5.941,4.077,-1.1411,-2.3879,6.0026,-148.1693,-178.8812,-5.6653
1741951330.434,3.249,4.634,5.96,4.099,-1.1294,-2.4055,6.0033,-148.5582,-178.6035,-4.9077
1741951330.513,3.268,4.626,5.953,4.071,-1.1184,-2.4232,6.0032,-148.2164,-178.5375,-4.1065
1741951330.593,3.281,4.618,5.966,4.075,-1.1056,-2.4407,6.003,-148.3337,-177.8528,-3.7236
1741951330.673,3.297,4.615,5.966,4.062,-1.0943,-2.457,6.0025,-148.1632,-177.8879,-3.5958
1741951330.752,3.319,4.615,5.969,4.05,-1.0849,-2.4724,6.0016,-147.9842,-178.1481,-3.4883
1741951330.834,3.319,4.61,5.938,4.005,-1.0902,-2.4818,6.0206,-147.3721,-179.1689,-2.8373
1741951330.912,3.335,4.597,5.962,4.02,-1.0782,-2.492,6.02,-147.6903,-178.9637,-2.8719
1741951330.991,3.351,4.591,6.024,4.09,-1.0621,-2.5082,6.0142,-148.763,-176.8266,-2.4767
1741951331.071,3.351,4.59,6.105,4.201,-1.0489,-2.5222,6.008,-150.417,-177.548,-2.716
1741951331.151,3.388,4.59,6.232,4.345,-1.0369,-2.5352,6.0035,-152.5945,-178.6882,-3.4263
1741951331.232,3.388,4.576,6.273,4.392,-1.0292,-2.5498,6.0013,-153.4568,-179.3828,-3.4341
1741951331.31,3.388,4.541,6.266,4.363,-1.0235,-2.5647,6.0002,-153.3231,-179.7437,-3.2148
1741951331.389,3.401,4.526,6.258,4.332,-1.017,-2.579,5.9989,-152.982,179.606,-3.2821
1741951331.469,3.418,4.525,6.42,4.533,-1.0135,-2.5844,5.9996,-156.2152,179.2693,-6.5079
1741951331.549,3.443,4.525,6.3,4.354,-1.0111,-2.5918,6.0016,-153.3392,177.3418,-10.1712
1741951331.629,3.443,4.527,6.2,4.223,-1.0023,-2.6068,6.0007,-151.2889,179.0181,-9.0646
1741951331.708,3.46,4.534,6.221,4.243,-0.9957,-2.6129,6.0006,-151.5257,179.166,-8.0686
1741951331.788,3.485,4.528,6.241,4.246,-0.9892,-2.6238,6.0015,-151.6323,179.1782,-7.2343
1741951331.867,3.5,4.527,6.257,4.256,-0.9824,-2.6386,6.0026,-151.7928,179.0398,-6.3475
1741951331.947,3.519,4.527,6.286,4.28,-0.9745,-2.6551,6.0031,-152.158,179.1947,-5.4865
1741951332.027,3.519,4.533,6.294,4.293,-0.9659,-2.6723,6.0029,-152.3091,179.4176,-4.5717
1741951332.106,3.537,4.526,6.302,4.286,-0.9573,-2.689,6.0038,-152.269,179.7217,-4.0177
1741951332.186,3.561,4.532,6.299,4.268,-0.9506,-2.7058,6.0049,-151.9309,179.3145,-4.1378
1741951332.266,3.575,4.532,6.321,4.286,-0.9412,-2.7235,6.0054,-152.2078,179.9805,-3.6374
1741951332.345,3.596,4.532,6.302,4.246,-0.9315,-2.7409,6.0051,-151.5879,179.9682,-3.4211
1741951332.425,3.596,4.525,6.267,4.199,-0.9258,-2.7539,6.0049,-150.9267,178.4886,-4.1453
1741951332.505,3.618,4.526,6.277,4.195,-0.9177,-2.7691,6.0033,-150.8667,178.7799,-3.9029
1741951332.584,3.639,4.528,6.253,4.152,-0.9122,-2.7802,6.0031,-150.1949,177.9351,-4.8382
1741951332.664,3.66,4.527,6.257,4.142,-0.9053,-2.7922,6.0034,-150.0499,178.2757,-4.4264
1741951332.743,3.684,4.527,6.331,4.218,-0.8991,-2.7977,6.0045,-151.2009,179.3634,-5.7118
1741951332.823,3.684,4.529,6.317,4.201,-0.8937,-2.8023,6.0054,-150.9354,-179.9989,-5.8302
1741951332.903,3.694,4.534,6.33,4.213,-0.8872,-2.8113,6.0068,-151.0616,-179.2877,-5.4345
1741951332.982,3.703,4.547,6.414,4.318,-0.8786,-2.8235,6.0078,-152.5676,-178.9984,-5.2388
1741951333.062,3.712,4.544,6.683,4.638,-0.867,-2.8344,6.0083,-157.7536,-178.2636,-5.718
1741951333.141,3.729,4.544,6.831,4.805,-0.8523,-2.8501,6.0081,-160.598,-175.5947,-4.8613
1741951333.221,3.729,4.535,6.837,4.806,-0.8437,-2.8698,6.0085,-160.7201,-176.109,-4.1103
1741951333.301,3.761,4.541,6.829,4.774,-0.8407,-2.8928,6.0088,-160.0876,-177.475,-2.343
1741951333.381,3.787,4.548,6.719,4.625,-0.8363,-2.9133,6.0096,-157.4924,-178.9271,-1.1055
1741951333.46,3.814,4.521,6.73,4.6,-0.8334,-2.9276,6.0097,-157.3644,-179.7363,-1.4579
1741951333.54,3.832,4.521,6.63,4.468,-0.8298,-2.9383,6.0104,-155.1932,-179.7387,-1.7759
1741951333.62,3.832,4.519,6.614,4.447,-0.8257,-2.9506,6.0102,-154.8854,-179.5541,-0.9305
1741951334.794,4.05,4.522,6.764,4.467,-0.7377,-3.1486,6.0171,-155.1754,175.9763,-5.5229
1741951334.874,4.071,4.529,6.694,4.379,-0.7503,-3.1412,6.0241,-153.6998,171.1527,-11.8239
1741951334.954,4.093,4.529,6.709,4.381,-0.7493,-3.1425,6.0181,-153.7198,175.098,-8.5235
1741951335.033,4.093,4.533,6.762,4.442,-0.7433,-3.1488,6.016,-154.6618,176.8146,-7.4184
1741951335.113,4.115,4.533,6.778,4.444,-0.7386,-3.1561,6.0156,-154.6952,177.1501,-5.7312
1741951335.193,4.135,4.53,6.762,4.412,-0.7318,-3.1652,6.015,-154.2156,178.4428,-3.7291
1741951335.272,4.147,4.535,6.914,4.573,-0.7242,-3.1732,6.0159,-156.772,-178.5181,-3.2512
1741951335.352,4.146,4.535,6.911,4.57,-0.718,-3.1803,6.0157,-156.7196,-178.9078,-2.7532
1741951335.432,4.146,4.536,6.912,4.572,-0.7118,-3.191,6.0156,-156.7426,-179.2016,-2.4667
1741951335.511,4.145,4.536,6.986,4.654,-0.7064,-3.1996,6.0144,-158.1089,-177.7258,-2.0231
1741951335.591,4.145,4.534,7.07,4.745,-0.7141,-3.2016,6.0187,-159.6792,-178.3981,-1.8756
1741951335.67,4.144,4.535,7.054,4.729,-0.713,-3.2036,6.0186,-159.3827,-178.9028,-1.9683
1741951335.75,4.144,4.535,6.988,4.656,-0.7121,-3.2046,6.0188,-158.1563,179.9262,-2.1923
1741951335.83,4.144,4.534,6.988,4.656,-0.7117,-3.2054,6.0187,-158.1527,179.8434,-2.0522
1741951335.909,4.145,4.53,6.981,4.644,-0.7114,-3.2059,6.0185,-158.0073,179.7734,-1.7993
1741951335.989,4.144,4.529,6.983,4.647,-0.7141,-3.2027,6.0237,-158.0573,-179.2905,-2.0198
1741951336.069,4.143,4.53,6.959,4.622,-0.7162,-3.2005,6.028,-157.636,-179.6513,-1.7347
1741951336.148,4.145,4.53,6.956,4.618,-0.7159,-3.2006,6.0278,-157.5591,-179.8246,-1.5712
1741951336.228,4.145,4.532,6.954,4.616,-0.7157,-3.2008,6.0276,-157.5152,179.9937,-1.4837
1741951336.308,4.144,4.534,6.93,4.592,-0.7155,-3.2009,6.0275,-157.0936,179.687,-1.3574
1741951336.387,4.144,4.531,7.116,4.794,-0.7155,-3.2028,6.027,-160.5609,-179.3483,-5.825
1741951336.467,4.144,4.53,7.069,4.742,-0.7152,-3.2028,6.0266,-159.6715,-179.3287,-4.7486
1741951336.546,4.145,4.53,7.074,4.746,-0.715,-3.2028,6.0265,-159.7364,-179.6669,-3.887
1741951336.626,4.145,4.536,7.071,4.747,-0.7148,-3.2029,6.0264,-159.6947,-179.903,-3.1922
1741951336.706,4.144,4.529,7.065,4.736,-0.7147,-3.2029,6.0263,-159.5821,179.9166,-2.6847
1741951336.786,4.145,4.534,7.056,4.73,-0.7145,-3.2029,6.0262,-159.4106,179.8097,-2.2868
1741951336.865,4.144,4.534,7.036,4.708,-0.7146,-3.2017,6.0255,-159.0463,179.9413,-2.2393
1741951336.945,4.143,4.534,7.033,4.706,-0.7133,-3.1995,6.0235,-159.0006,-179.9412,-2.5102
1741951337.024,4.143,4.536,7.031,4.705,-0.7111,-3.1984,6.0204,-158.9596,-179.809,-2.7183
1741951337.104,4.144,4.535,7.03,4.702,-0.7107,-3.1988,6.0179,-158.9285,179.3846,-3.6183
1741951337.184,4.141,4.534,7.049,4.725,-0.7096,-3.2014,6.0163,-159.3331,179.1825,-4.777
1741951337.263,4.143,4.535,7.067,4.744,-0.7091,-3.2052,6.0145,-159.6456,179.6158,-4.6424
1741951337.343,4.148,4.535,7.074,4.747,-0.7091,-3.2073,6.0144,-159.7072,179.0905,-5.243
1741951337.423,4.148,4.536,7.073,4.747,-0.7092,-3.2069,6.0151,-159.6913,178.4962,-6.252
1741951337.502,4.152,4.543,7.065,4.74,-0.7109,-3.2035,6.016,-159.4899,177.9055,-6.9103
1741951337.582,3.417,4.542,6.591,4.772,-0.7135,-3.1976,6.0177,-160.042,177.2625,-8.9285
1741951337.662,1.902,4.541,5.528,4.711,-0.7144,-3.1943,6.0189,-159.0125,177.0287,-9.2813
1741951337.741,1.394,4.541,5.162,4.63,-0.7141,-3.1926,6.0188,-157.6411,177.2105,-8.6148
1741951337.821,1.394,4.537,5.134,4.536,-0.712,-3.1923,6.0178,-156.1323,177.614,-7.7958
1741951337.901,1.375,4.537,5.12,4.53,-0.7095,-3.194,6.0182,-156.0358,178.5747,-7.2364
1741951337.98,2.031,4.526,5.552,4.561,-0.7066,-3.1939,6.0178,-156.6672,179.5705,-7.5448
1741951338.06,1.941,4.52,5.502,4.576,-0.7062,-3.1974,6.0171,-156.9694,179.0691,-6.504
1741951338.139,4.134,4.52,6.921,4.58,-0.7059,-3.2018,6.0158,-157.0432,179.0546,-5.233
1741951338.219,4.134,4.521,6.931,4.592,-0.7068,-3.2034,6.0151,-157.2301,178.9883,-4.6319
1741951338.299,4.139,4.525,6.925,4.584,-0.7104,-3.2054,6.0153,-157.0568,178.2238,-3.8251
1741951338.378,4.141,4.532,6.929,4.592,-0.7175,-3.21,6.0169,-157.1112,176.5312,-2.11
1741951338.458,4.142,4.539,6.895,4.559,-0.7243,-3.2132,6.018,-156.4941,175.6073,-0.9869
1741951338.538,4.141,4.539,6.843,4.502,-0.7331,-3.235,6.0006,-155.5637,175.5602,-0.7196
1741951338.617,4.141,4.573,6.85,4.531,-0.7415,-3.2324,6.0068,-155.6955,175.6088,-0.2368
1741951338.697,4.138,4.571,6.836,4.516,-0.7452,-3.2363,6.0012,-155.4694,176.6876,-0.6538
1741951338.777,4.135,4.581,6.838,4.527,-0.747,-3.2335,6.0006,-155.5479,177.6993,-1.6565
1741951338.856,4.131,4.575,6.835,4.523,-0.7522,-3.2289,6.0066,-155.5421,178.2132,-2.2526
1741951338.936,4.126,4.575,6.815,4.504,-0.7613,-3.2249,6.0162,-155.2373,179.0016,-2.6643
1741951339.016,4.126,4.584,6.803,4.496,-0.7757,-3.2242,6.0253,-155.0234,178.9477,-2.587
1741951339.095,4.124,4.586,6.77,4.462,-0.7919,-3.2273,6.032,-154.462,178.7398,-2.3365
1741951339.175,4.122,4.609,6.731,4.434,-0.8124,-3.2325,6.0362,-153.8084,178.6218,-2.44
1741951339.255,4.119,4.627,6.672,4.381,-0.8347,-3.2363,6.0382,-152.8215,177.9957,-3.5827
1741951339.334,4.117,4.627,6.657,4.365,-0.857,-3.2431,6.0385,-152.57,177.9246,-3.6186
1741951339.414,4.117,4.651,6.646,4.367,-0.8835,-3.255,6.0398,-152.3929,177.4341,-3.3241
1741951339.493,4.116,4.682,6.654,4.395,-0.9091,-3.2681,6.0405,-152.5438,177.3697,-2.7163
1741951339.573,4.115,4.726,6.475,4.215,-0.9469,-3.2644,6.0486,-149.5318,170.3443,-13.6135
1741951339.653,4.113,4.755,6.568,4.34,-0.9751,-3.2675,6.0453,-151.101,173.2297,-11.248
1741951339.732,4.114,4.755,6.571,4.343,-1.0038,-3.2679,6.04,-151.1457,175.3894,-9.2964
1741951339.812,4.114,4.787,6.537,4.321,-1.0247,-3.2767,6.0377,-150.571,176.2178,-7.7714
1741951339.892,4.114,4.817,6.511,4.307,-1.0446,-3.2849,6.038,-150.1398,176.5862,-7.2942
1741951339.971,4.115,4.848,6.54,4.358,-1.0599,-3.3016,6.0384,-150.6206,177.8875,-6.7389
1741951340.051,4.116,4.881,6.594,4.44,-1.076,-3.313,6.039,-151.5144,178.8856,-6.5149
1741951340.131,4.116,4.881,6.635,4.489,-1.0925,-3.3277,6.0397,-152.2181,179.4684,-5.3882
1741951340.21,4.117,4.904,6.637,4.503,-1.1078,-3.3401,6.0405,-152.2326,-179.9616,-4.7292
1741951340.29,4.114,4.925,6.683,4.573,-1.1229,-3.3543,6.0426,-153.0595,-178.6015,-4.288
1741951340.369,4.111,4.957,6.714,4.631,-1.1428,-3.3665,6.0452,-153.6259,-178.1609,-4.5971
1741951340.449,4.111,4.957,6.704,4.619,-1.1614,-3.3759,6.0455,-153.4522,-177.8482,-4.0525
1741951340.529,4.111,4.993,6.671,4.6,-1.1812,-3.383,6.0471,-152.8745,-178.1284,-3.064
1741951340.609,4.111,5.021,6.662,4.606,-1.1979,-3.3883,6.0493,-152.7245,-177.8459,-2.8682
1741951340.688,4.107,5.048,6.672,4.636,-1.2148,-3.3894,6.0517,-152.9304,-177.804,-3.2264
1741951340.768,4.104,5.073,6.638,4.612,-1.2275,-3.3864,6.0521,-152.3827,-177.7095,-2.8505
1741951340.847,4.098,5.073,6.561,4.521,-1.2401,-3.3835,6.0553,-151.135,-178.6545,-2.0132
1741951340.927,4.098,5.091,6.539,4.504,-1.2486,-3.3782,6.0576,-150.7609,-178.8723,-1.5529
1741951341.006,4.085,5.083,6.528,4.495,-1.2561,-3.3659,6.0582,-150.6949,-178.8976,-1.5412
1741951341.086,4.077,5.093,6.761,4.796,-1.2618,-3.347,6.0584,-154.8083,-177.8942,-5.1119
1741951341.166,4.062,5.083,6.82,4.876,-1.2731,-3.3276,6.067,-156.0485,-178.175,-6.6532
1741951341.246,4.048,5.083,6.153,4.05,-1.2848,-3.3065,6.0532,-144.8432,176.5313,-11.7386
1741951341.325,4.048,5.094,6.254,4.182,-1.2988,-3.2759,6.0462,-146.4712,176.945,-9.3025
1741951341.405,4.024,5.094,6.301,4.257,-1.305,-3.2622,6.0427,-147.4483,178.41,-8.2491
1741951341.484,3.997,5.094,6.366,4.357,-1.3088,-3.2548,6.0384,-148.7704,179.6217,-7.7229
1741951341.564,3.977,5.085,6.433,4.451,-1.3124,-3.2554,6.0382,-150.0916,-178.9418,-8.0059
1741951341.644,3.964,5.085,6.455,4.488,-1.3201,-3.2597,6.0377,-150.5944,-177.9616,-7.2189
1741951341.723,3.964,5.122,6.545,4.626,-1.3276,-3.2704,6.0368,-152.1855,-176.469,-6.3137
1741951341.803,3.954,5.128,6.598,4.705,-1.3371,-3.2749,6.0359,-153.2319,-175.6333,-7.0309
1741951341.883,3.947,5.141,6.617,4.743,-1.3516,-3.2839,6.0359,-153.651,-174.9945,-6.4877
1741951341.962,3.94,3.288,6.609,3.629,-1.3702,-3.2917,6.0364,-153.5841,-175.7114,-6.5023
1741951342.042,3.931,3.288,6.57,3.601,-1.3886,-3.2968,6.0351,-152.9777,-176.0853,-6.6659
1741951342.122,3.931,3.315,6.529,3.582,-1.4079,-3.3006,6.0349,-152.2395,-176.8683,-7.2277
1741951342.201,3.925,5.203,6.49,4.63,-1.4235,-3.3044,6.0347,-151.6052,-176.2982,-6.9219
1741951342.281,3.917,2.567,6.491,3.129,-1.4388,-3.3045,6.0338,-151.6978,-175.882,-7.4328
1741951342.361,3.916,2.544,6.444,3.085,-1.4518,-3.3041,6.032,-150.8782,-175.6305,-7.2107
1741951342.44,3.91,2.544,6.472,3.106,-1.4646,-3.3027,6.0319,-151.4283,-175.3312,-7.5457
1741951342.52,3.91,1.725,6.454,2.632,-1.4752,-3.2991,6.0313,-151.1033,-175.0373,-7.3332
1741951342.6,3.904,1.751,6.424,2.635,-1.4866,-3.2957,6.0312,-150.6461,-175.426,-6.8734
1741951342.679,3.899,1.44,6.492,2.488,-1.4956,-3.2894,6.0305,-151.9083,-176.0817,-7.5453
1741951342.759,3.889,1.782,6.425,2.657,-1.5003,-3.2844,6.0285,-150.8058,-176.5116,-7.2674
1741951342.838,3.875,1.782,6.403,2.65,-1.5077,-3.2777,6.0293,-150.5451,-177.0011,-6.49
1741951342.918,3.875,1.794,6.405,2.658,-1.5122,-3.2716,6.0297,-150.5902,-176.9434,-6.1681
1741951342.998,3.867,1.83,6.421,2.688,-1.5147,-3.2666,6.0299,-150.9595,-176.5736,-6.6339
1741951343.077,3.858,1.831,6.421,2.69,-1.518,-3.2632,6.0279,-151.0481,-177.1627,-6.7677
1741951343.157,3.852,1.829,6.403,2.682,-1.5236,-3.2608,6.027,-150.7801,-178.2825,-6.7668
1741951343.236,3.838,1.829,6.386,2.678,-1.527,-3.26,6.0266,-150.6255,-178.7421,-6.5572
1741951343.316,3.838,5.316,6.393,4.628,-1.529,-3.2572,6.0259,-150.7342,-178.8333,-6.7593
1741951343.396,3.835,5.326,6.366,4.599,-1.5301,-3.2572,6.0244,-150.2908,-179.3633,-6.0442
1741951343.476,3.836,5.326,6.337,4.558,-1.5331,-3.2593,6.0231,-149.7678,179.9003,-5.2018
1741951343.555,3.836,5.326,6.355,4.583,-1.5349,-3.2611,6.0214,-150.0854,179.4171,-4.2049
1741951343.635,3.838,5.326,6.309,4.517,-1.5357,-3.2625,6.0211,-149.2381,178.9291,-4.082
1741951343.715,3.838,5.311,6.327,4.534,-1.5415,-3.2606,6.0396,-149.5605,179.0915,-3.2766
1741951343.794,3.833,5.306,6.334,4.545,-1.5436,-3.2539,6.0411,-149.7439,179.3301,-3.7809
1741951343.874,3.835,5.309,6.35,4.567,-1.5423,-3.2481,6.0382,-149.999,179.6582,-3.9678
1741951343.954,3.836,5.306,6.351,4.567,-1.539,-3.2509,6.0324,-150.0159,179.6361,-4.3114
1741951344.033,3.836,5.306,6.39,4.62,-1.5369,-3.2531,6.0277,-150.7043,179.5685,-5.9437
1741951344.113,3.836,5.308,6.387,4.617,-1.5359,-3.2562,6.0231,-150.6485,179.3569,-5.9161
1741951344.193,3.834,5.308,6.39,4.622,-1.5349,-3.2572,6.019,-150.725,179.2436,-5.7449
1741951344.272,3.834,5.309,6.431,4.68,-1.5353,-3.2575,6.0182,-151.4734,179.2077,-6.2523
1741951344.352,3.833,5.309,6.421,4.667,-1.5365,-3.2609,6.0201,-151.3033,179.5401,-6.0016
1741951344.431,3.835,5.309,6.182,4.334,-1.5456,-3.2503,6.035,-147.0465,175.2782,-9.3513
1741951344.511,3.835,5.308,6.198,4.356,-1.5501,-3.2352,6.0316,-147.3229,176.244,-8.1243
1741951344.591,3.836,5.31,6.159,4.303,-1.5376,-3.2661,6.0315,-146.6512,177.604,-4.7278
1741951344.67,3.836,5.308,6.218,4.383,-1.5364,-3.2691,6.0311,-147.662,178.3887,-4.1661
1741951344.75,3.835,5.307,6.309,4.509,-1.5367,-3.27,6.0304,-149.2684,179.8681,-3.739
1741951344.83,3.837,5.307,6.343,4.555,-1.5362,-3.271,6.0299,-149.8608,179.657,-3.9478
1741951344.909,3.837,5.307,6.351,4.566,-1.5357,-3.272,6.0297,-149.9999,179.1464,-4.5282
1741951344.989,3.835,5.307,6.416,4.657,-1.5355,-3.2728,6.0294,-151.1897,179.3288,-5.042
1741951345.069,3.836,5.307,6.453,4.708,-1.5355,-3.2736,6.0291,-151.8548,179.8702,-5.8136
1741951345.148,3.835,5.308,6.491,4.762,-1.5353,-3.2743,6.0289,-152.556,179.7485,-6.7235
1741951345.228,3.834,5.308,6.484,4.753,-1.5353,-3.2745,6.0288,-152.4387,179.8932,-5.8258
1741951345.308,3.834,5.306,6.483,4.75,-1.5351,-3.2747,6.0286,-152.422,179.7825,-5.4301
1741951345.387,3.837,5.308,6.451,4.704,-1.535,-3.2749,6.0285,-151.7961,179.6854,-5.302
1741951345.467,3.836,5.308,6.415,4.655,-1.5348,-3.2751,6.0284,-151.1556,179.5264,-4.7765
1741951345.546,3.833,5.306,6.4,4.637,-1.5347,-3.2751,6.0283,-150.9262,179.5098,-3.9623
1741951345.626,3.836,5.306,6.396,4.629,-1.5346,-3.2751,6.0281,-150.8252,179.5536,-3.3033
1741951345.706,3.836,5.312,6.391,4.625,-1.5345,-3.2752,6.028,-150.727,179.613,-2.8147
1741951345.786,3.836,5.308,6.385,4.615,-1.5345,-3.2752,6.0279,-150.6242,179.6679,-2.4301
1741951345.865,3.836,5.306,6.38,4.607,-1.5344,-3.2752,6.0278,-150.538,179.681,-2.1489
1741951345.945,3.833,5.306,6.372,4.598,-1.5344,-3.2754,6.0277,-150.4237,179.7487,-2.0423
1741951346.025,3.833,5.307,6.367,4.591,-1.5343,-3.2755,6.0275,-150.3246,179.7847,-1.9648
1741951346.104,3.835,5.308,6.364,4.586,-1.5342,-3.2756,6.0274,-150.247,179.7939,-1.9049
1741951346.184,3.833,5.309,6.359,4.582,-1.5341,-3.2757,6.0272,-150.1908,179.8155,-1.8759
1741951346.263,3.835,5.307,6.357,4.576,-1.534,-3.2758,6.0271,-150.1345,179.8275,-1.8541
1741951346.343,3.836,5.307,6.356,4.574,-1.534,-3.2759,6.027,-150.1034,179.8407,-1.8448
1741951346.423,3.836,5.307,6.336,4.546,-1.5339,-3.276,6.0269,-149.7491,179.7709,-1.992
1741951346.502,3.835,5.307,6.414,4.654,-1.5338,-3.2741,6.026,-151.1505,179.5133,-4.8296
1741951346.582,3.836,5.308,6.398,4.632,-1.5342,-3.2677,6.024,-150.8552,179.3457,-4.86
1741951346.662,3.834,5.307,6.359,4.579,-1.5334,-3.2764,6.0267,-150.1657,179.0812,-3.9248
1741951346.741,3.835,5.307,6.382,4.61,-1.5334,-3.2766,6.0265,-150.5667,179.4253,-3.804
1741951346.821,3.835,5.307,6.379,4.606,-1.5331,-3.277,6.0266,-150.5236,178.6174,-4.6666
1741951346.901,3.835,5.307,6.375,4.6,-1.5332,-3.277,6.0265,-150.4441,178.9319,-4.3186
1741951346.98,3.837,5.307,6.336,4.545,-1.5336,-3.275,6.0259,-149.728,178.6462,-4.4686
1741951347.06,3.834,5.308,6.354,4.572,-1.5363,-3.2666,6.0241,-150.0772,178.9011,-4.7929
1741951347.14,3.833,5.308,6.312,4.515,-1.5423,-3.2521,6.0218,-149.3367,178.2149,-4.6695
1741951347.219,3.833,5.307,6.364,4.587,-1.5502,-3.2349,6.0201,-150.278,177.993,-4.7067
1741951347.299,3.826,5.303,6.429,4.68,-1.5564,-3.2203,6.0178,-151.5087,178.5504,-4.1165
1741951347.378,3.808,5.299,6.42,4.68,-1.5628,-3.2096,6.017,-151.5388,178.1251,-3.1664
1741951347.458,3.785,5.291,6.497,4.801,-1.566,-3.1958,6.0151,-153.2164,178.1291,-3.5052
1741951347.538,3.761,5.291,6.536,4.876,-1.5718,-3.1833,6.0154,-154.2359,178.8099,-3.9161
1741951347.617,3.761,5.287,6.572,4.924,-1.5787,-3.1696,6.0154,-154.9209,178.9013,-4.2175
1741951347.697,3.739,5.285,6.554,4.917,-1.5848,-3.1576,6.0163,-154.8385,179.1788,-4.1455
1741951347.777,3.721,5.285,6.571,4.956,-1.5898,-3.1442,6.016,-155.3896,179.559,-4.4115
1741951347.856,3.704,5.285,6.546,4.936,-1.5946,-3.1336,6.0168,-155.1129,179.3705,-4.2673
1741951347.936,3.692,5.285,6.521,4.911,-1.5998,-3.1235,6.0169,-154.7573,178.8776,-3.9486
1741951348.015,3.692,5.285,6.496,4.876,-1.6063,-3.1086,6.0167,-154.2785,178.5657,-4.7949
1741951348.095,3.678,5.284,6.484,4.869,-1.6121,-3.0976,6.0173,-154.1943,178.5064,-4.3914
1741951348.175,3.659,5.283,6.451,4.838,-1.6183,-3.0857,6.0172,-153.7869,178.4184,-4.3034
1741951348.255,3.642,5.281,6.445,4.843,-1.6238,-3.074,6.0164,-153.8602,178.8116,-4.0964
1741951348.334,3.624,5.281,6.409,4.805,-1.6299,-3.0615,6.0161,-153.3565,178.4771,-4.2633
1741951348.414,3.624,5.279,6.41,4.806,-1.636,-3.0504,6.0168,-153.3821,178.4977,-3.631
1741951348.494,3.604,5.277,6.428,4.849,-1.6417,-3.0387,6.0172,-153.9819,178.8713,-3.7219
1741951348.573,3.592,5.277,6.438,4.875,-1.6466,-3.0278,6.0173,-154.3362,179.0669,-3.6518
1741951348.653,3.572,5.278,6.427,4.876,-1.6519,-3.0148,6.017,-154.342,179.0911,-3.4499
1741951348.733,3.557,5.278,6.405,4.858,-1.6569,-3.003,6.0164,-154.0997,178.8977,-3.7624
1741951348.812,3.557,5.276,6.442,4.912,-1.6623,-2.9909,6.0166,-154.8525,179.3519,-4.2099
1741951348.892,3.543,5.273,6.438,4.917,-1.6673,-2.9802,6.0163,-154.9463,179.4755,-4.2345
1741951348.971,3.528,5.277,6.403,4.88,-1.6728,-2.968,6.0153,-154.3994,179.4021,-4.2851
1741951349.051,3.509,5.277,6.327,4.784,-1.6824,-2.9522,6.0179,-153.0996,177.2648,-8.2337
1741951349.131,3.49,5.277,6.336,4.815,-1.6942,-2.9278,6.0228,-153.5138,175.8907,-13.1374
1741951349.21,3.49,5.278,6.388,4.893,-1.7023,-2.9,6.0196,-154.5763,177.3529,-12.8404
1741951349.29,3.48,5.276,6.366,4.868,-1.7078,-2.8824,6.0188,-154.2415,178.5169,-10.9665
1741951349.37,3.462,5.279,6.326,4.825,-1.7121,-2.8696,6.0198,-153.6441,178.7628,-9.0023
1741951349.449,3.444,5.271,6.237,4.701,-1.7131,-2.8847,6.03,-152.0382,178.5644,-4.7452
1741951349.529,3.429,5.271,6.252,4.737,-1.7198,-2.8657,6.029,-152.5134,179.2657,-4.8477
1741951349.608,3.429,5.271,6.258,4.747,-1.7249,-2.8542,6.0267,-152.6519,179.2529,-4.6949
1741951349.688,3.412,5.273,6.259,4.765,-1.7285,-2.8479,6.0235,-152.8717,179.4372,-3.9656
1741951349.768,3.394,5.271,6.255,4.774,-1.7311,-2.8449,6.0198,-153.0177,179.643,-3.2799
1741951349.847,3.379,5.275,6.259,4.796,-1.7342,-2.8414,6.0176,-153.2728,179.5892,-2.9167
1741951349.927,3.363,5.275,6.259,4.811,-1.7382,-2.8351,6.0152,-153.4813,179.7227,-2.586
1741951350.007,3.363,5.274,6.279,4.842,-1.7437,-2.8224,6.0149,-153.9091,179.4714,-5.036
1741951350.086,3.354,5.274,6.279,4.851,-1.7487,-2.8125,6.0149,-154.0305,179.3083,-4.8107
1741951350.166,3.339,5.274,6.376,5.018,-1.7525,-2.7952,6.0146,-156.3484,-178.1614,-6.8807
1741951350.246,3.326,5.274,6.309,4.925,-1.758,-2.7835,6.0154,-155.0462,-179.1748,-6.8138
1741951350.325,3.31,5.274,6.283,4.899,-1.767,-2.7744,6.027,-154.6872,-179.2987,-4.6255
1741951350.405,3.31,5.275,6.334,4.981,-1.7734,-2.7544,6.0263,-155.8241,-179.0283,-7.2869
1741951350.484,3.295,5.276,6.318,4.972,-1.7785,-2.7384,6.0235,-155.6776,-179.2643,-6.7172
1741951350.564,3.278,5.277,6.407,5.132,-1.7813,-2.7242,6.0178,-157.9401,-178.2552,-7.6895
1741951350.644,3.265,5.276,6.051,4.571,-1.7887,-2.7238,6.0159,-150.2853,177.3159,-11.2873
1741951350.724,3.254,5.276,6.047,4.573,-1.7933,-2.7143,6.013,-150.3131,178.3367,-8.8429
1741951350.803,3.254,5.276,6.079,4.625,-1.8001,-2.7003,6.0121,-150.9891,178.6169,-6.7409
1741951350.883,3.234,5.278,6.076,4.641,-1.8051,-2.6915,6.0122,-151.184,179.0858,-5.8158
1741951350.963,3.223,5.279,6.08,4.657,-1.8109,-2.6827,6.0131,-151.3975,179.3911,-5.1581
1741951351.046,3.203,5.275,6.072,4.66,-1.8164,-2.6732,6.0129,-151.4614,179.5329,-4.2763
1741951352.097,3.039,5.283,6.062,4.81,-1.8917,-2.5287,6.01,-153.4036,-178.887,-3.1779
1741951352.177,3.019,5.287,6.038,4.791,-1.8999,-2.5151,6.0114,-153.1185,-178.4188,-3.1633
1741951352.257,2.996,5.286,6.026,4.794,-1.9083,-2.5016,6.0125,-153.1569,-178.4871,-2.8767
1741951352.336,2.982,5.286,6.035,4.824,-1.9164,-2.4855,6.013,-153.5733,-178.1389,-3.0237
1741951352.416,2.982,5.289,6.025,4.809,-1.923,-2.472,6.0125,-153.3342,-178.0489,-2.4503
1741951352.496,2.966,5.29,6.005,4.79,-1.9299,-2.4593,6.0127,-153.0712,-177.9428,-2.1426
1741951352.575,2.946,5.289,5.988,4.781,-1.9355,-2.4481,6.0122,-152.96,-177.8506,-1.8697
1741951352.655,2.922,5.291,5.962,4.759,-1.9427,-2.4353,6.0116,-152.6587,-178.0217,-1.6454
1741951352.734,2.905,5.291,5.968,4.789,-1.9496,-2.422,6.0106,-153.0517,-177.8748,-1.9497
1741951352.814,2.905,5.291,5.961,4.777,-1.9573,-2.4091,6.0099,-152.8885,-178.1339,-1.8948
1741951352.894,2.892,5.293,5.944,4.76,-1.9647,-2.397,6.0095,-152.6503,-178.4057,-1.6831
1741951352.974,2.873,5.294,5.922,4.742,-1.9723,-2.3837,6.0091,-152.401,-178.4337,-1.5974
1741951353.053,2.848,5.294,5.906,4.739,-1.98,-2.3691,6.009,-152.361,-178.4606,-2.2451
1741951353.133,2.833,5.294,5.898,4.74,-1.9872,-2.3569,6.0093,-152.373,-178.5584,-1.9924
1741951353.213,2.833,5.296,5.878,4.703,-1.9947,-2.3429,6.0097,-151.865,-178.4976,-1.8827
1741951353.292,2.817,5.298,5.868,4.704,-2.0022,-2.3291,6.0099,-151.8637,-178.5644,-1.769
1741951353.372,2.794,5.3,5.843,4.681,-2.01,-2.3161,6.01,-151.5511,-178.5474,-1.368
1741951353.451,2.774,5.3,5.825,4.669,-2.0221,-2.2947,6.0211,-151.3975,-178.7273,-1.2415
1741951353.531,2.761,5.3,5.82,4.674,-2.0277,-2.2828,6.0187,-151.4585,-178.0415,-1.2618
1741951353.611,2.761,5.304,5.816,4.669,-2.0327,-2.2729,6.0148,-151.362,-177.453,-1.3994
1741951353.691,2.736,5.305,5.8,4.666,-2.0378,-2.2636,6.012,-151.3125,-177.5249,-1.4797
1741951353.77,2.719,5.308,5.715,4.52,-2.0488,-2.2475,6.0124,-149.4064,-177.9258,-4.7903
1741951353.85,2.698,5.308,5.719,4.551,-2.0558,-2.232,6.0108,-149.7969,-177.6761,-5.1248
1741951353.929,2.681,5.308,5.696,4.522,-2.0619,-2.2172,6.009,-149.4336,-177.905,-4.5963
1741951354.009,2.681,5.31,5.683,4.499,-2.0735,-2.2008,6.0169,-149.1206,-177.9197,-3.5199
1741951354.089,2.671,5.312,5.668,4.479,-2.0803,-2.1885,6.0154,-148.8564,-177.3478,-2.7469
1741951354.168,2.646,5.324,5.656,4.489,-2.0867,-2.1791,6.0138,-148.8948,-177.1887,-2.3395
1741951354.248,2.635,5.331,5.661,4.514,-2.0944,-2.1689,6.0126,-149.1674,-177.0177,-1.9856
1741951354.328,2.617,5.331,5.644,4.5,-2.1001,-2.1591,6.0111,-148.9949,-176.4533,-1.6383
1741951354.407,2.617,5.333,5.644,4.501,-2.1074,-2.1482,6.0097,-148.9897,-176.5012,-1.6407
1741951354.487,2.597,5.338,5.631,4.498,-2.115,-2.1371,6.0085,-148.9177,-176.7291,-1.3373
1741951354.567,2.577,5.354,5.635,4.538,-2.1244,-2.1218,6.0087,-149.3128,-176.5347,-1.9741
1741951354.646,2.564,5.368,5.619,4.526,-2.1338,-2.109,6.0095,-149.0661,-176.7713,-1.7889
1741951354.726,2.54,5.368,5.583,4.477,-2.1412,-2.0962,6.0094,-148.4561,-176.7232,-1.6682
1741951354.805,2.54,5.378,5.604,4.526,-2.1502,-2.0833,6.0104,-149.002,-176.3216,-1.9281
1741951354.885,2.519,5.383,5.581,4.505,-2.1583,-2.0719,6.0108,-148.7083,-176.4643,-1.3431
1741951354.965,2.506,5.388,5.574,4.507,-2.1656,-2.0596,6.0103,-148.6916,-176.3886,-1.2718
1741951355.044,2.49,5.389,5.566,4.508,-2.1723,-2.048,6.0088,-148.7028,-176.644,-1.2679
1741951355.124,2.478,5.389,5.614,4.626,-2.1817,-2.0307,6.0072,-150.1904,-176.5516,-2.5485
1741951355.204,2.478,5.396,5.634,4.673,-2.1888,-2.0176,6.0081,-150.7491,-176.75,-2.647
1741951355.283,2.455,5.401,5.598,4.626,-2.1969,-2.009,6.0106,-150.1058,-177.2917,-2.6323
1741951355.363,2.435,5.395,5.61,4.674,-2.2049,-1.9968,6.0102,-150.7674,-173.8489,-3.9006
1741951355.443,2.419,5.391,5.612,4.696,-2.2101,-1.9839,6.0087,-151.0716,-173.7409,-3.7253
1741951355.522,2.398,5.391,5.595,4.685,-2.2159,-1.9722,6.009,-150.9292,-174.5544,-3.113
1741951355.602,2.398,5.395,5.583,4.659,-2.2232,-1.9615,6.0094,-150.5676,-175.4697,-2.3148
1741951355.682,2.388,5.397,5.552,4.603,-2.2324,-1.9505,6.01,-149.8498,-176.3167,-1.2054
1741951355.761,2.368,5.4,5.54,4.601,-2.2415,-1.9404,6.0107,-149.8019,-176.9549,-0.8137
1741951355.841,2.35,5.403,5.517,4.573,-2.2492,-1.9302,6.0107,-149.4263,-177.176,-0.6576
1741951355.921,2.333,5.403,5.497,4.548,-2.2578,-1.9198,6.0113,-149.1053,-177.3822,-0.3675
1741951356.0,2.333,5.404,5.49,4.533,-2.265,-1.9089,6.0113,-148.9172,-177.401,-0.5296
1741951356.08,2.312,5.406,5.471,4.514,-2.2719,-1.8983,6.011,-148.6713,-177.2522,-0.267
1741951356.16,2.304,5.41,5.46,4.502,-2.2775,-1.8875,6.0102,-148.4926,-177.2474,-0.2663
1741951356.239,2.289,5.412,5.447,4.491,-2.2863,-1.8748,6.0103,-148.3431,-177.6671,-0.3624
1741951356.319,2.267,5.412,5.421,4.455,-2.2949,-1.8624,6.0105,-147.8889,-178.1172,-0.2828
1741951356.398,2.267,5.414,5.428,4.473,-2.3032,-1.8502,6.011,-148.1093,-177.9862,-0.5552
1741951356.478,2.249,5.418,5.391,4.41,-2.3114,-1.8368,6.0111,-147.2959,-178.3622,-1.3623
1741951356.558,2.231,5.418,5.434,4.536,-2.3268,-1.8122,6.0268,-148.865,-177.329,-2.9507
1741951356.637,2.215,5.421,5.414,4.508,-2.3303,-1.801,6.0239,-148.4967,-177.1631,-2.2188
1741951356.717,2.194,5.421,5.394,4.488,-2.3346,-1.7943,6.0186,-148.24,-177.3204,-1.6489
1741951356.796,2.194,5.422,5.389,4.475,-2.3408,-1.7878,6.0137,-148.0772,-177.8782,-1.1427
1741951356.876,2.178,5.427,5.372,4.455,-2.3484,-1.7801,6.0109,-147.7928,-178.3697,-0.8316
1741951356.956,2.161,5.432,5.38,4.501,-2.3543,-1.7711,6.0086,-148.3354,-178.3879,-0.5813
1741951357.036,2.149,5.432,5.421,4.62,-2.3593,-1.7611,6.008,-149.8199,-178.5337,-0.2803
1741951357.115,2.149,5.435,5.429,4.641,-2.3663,-1.7495,6.008,-150.0598,-178.8708,-0.4955
1741951357.195,2.122,5.411,5.408,4.614,-2.3731,-1.7382,6.0087,-149.8882,-178.9314,-0.6936
1741951357.274,2.099,5.406,5.391,4.598,-2.3795,-1.7267,6.0089,-149.7232,-178.9938,-0.4892
1741951357.354,2.081,5.407,5.385,4.608,-2.3861,-1.7153,6.0092,-149.8439,-178.5253,-0.5307
1741951357.434,2.066,5.407,5.374,4.603,-2.3926,-1.7045,6.0096,-149.7738,-178.7154,-0.4935
1741951357.514,2.066,5.409,5.372,4.597,-2.3996,-1.6935,6.0096,-149.6898,-179.0267,-0.3054
1741951357.593,2.05,5.408,5.383,4.649,-2.4061,-1.6811,6.0098,-150.353,-179.237,-0.4513
1741951357.673,2.038,5.413,5.449,4.844,-2.4107,-1.6683,6.0104,-152.8247,-179.0103,-0.7009
1741951357.752,2.022,5.404,5.482,4.952,-2.4147,-1.6569,6.0099,-154.3322,-179.0268,-0.8965
1741951357.832,2.001,5.404,5.478,4.977,-2.4201,-1.6457,6.01,-154.6639,-178.5235,-1.1019
1741951357.912,2.001,5.385,5.485,4.983,-2.4238,-1.6367,6.0095,-154.9096,-178.2612,-1.1939
1741951357.991,2.001,5.379,5.486,4.982,-2.428,-1.6272,6.0092,-154.9458,-178.2901,-1.189
1741951358.071,1.973,5.384,5.466,4.977,-2.4331,-1.6171,6.0096,-154.8299,-178.4305,-1.1717
1741951358.151,1.958,5.386,5.451,4.963,-2.439,-1.6053,6.0095,-154.6192,-178.5842,-1.1055
1741951358.23,1.948,5.386,5.441,4.952,-2.4444,-1.5946,6.0095,-154.4758,-178.5866,-0.9257
1741951358.31,1.948,5.386,5.44,4.95,-2.4497,-1.5847,6.0097,-154.4464,-178.4178,-0.67
1741951358.509,1.913,5.388,5.401,4.901,-2.4647,-1.554,6.0097,-153.7807,-178.2114,-1.0177
1741951358.589,1.898,5.386,5.361,4.811,-2.4731,-1.5384,6.0094,-152.6107,-179.1019,-2.0752
1741951358.668,1.882,5.387,5.344,4.792,-2.4802,-1.5233,6.0088,-152.3446,-178.9896,-1.8569
1741951358.748,1.863,5.387,5.347,4.831,-2.4883,-1.5088,6.0087,-152.8602,-178.5314,-1.357
1741951358.828,1.841,5.387,5.332,4.828,-2.4968,-1.4926,6.0084,-152.8149,-178.7968,-1.2305
1741951358.907,1.841,5.388,5.329,4.818,-2.5047,-1.4767,6.0082,-152.6844,-178.4828,-0.9796
1741951358.987,1.817,5.388,5.31,4.803,-2.5123,-1.4632,6.0086,-152.4875,-178.7288,-0.8718
1741951359.067,1.794,5.393,5.3,4.817,-2.5243,-1.4411,6.0187,-152.6308,-178.8782,-1.2027
1741951359.146,1.774,5.393,5.289,4.818,-2.5352,-1.4213,6.026,-152.6392,-178.6863,-1.1271
1741951359.226,1.756,5.393,5.275,4.808,-2.5405,-1.4107,6.0216,-152.5081,-178.6628,-0.5925
1741951359.305,1.756,5.394,5.269,4.789,-2.5456,-1.4012,6.0149,-152.2629,-178.5496,-0.1913
1741951359.385,1.737,5.397,5.255,4.784,-2.5516,-1.3904,6.009,-152.1645,-178.6127,-0.1014
1741951359.465,1.714,5.398,5.235,4.762,-2.5582,-1.3784,6.0055,-151.8815,-178.6675,-0.2677
1741951359.545,1.691,5.398,5.216,4.743,-2.5653,-1.3656,6.0038,-151.6351,-178.8174,-0.5506
1741951360.719,1.452,5.396,5.161,5.047,-2.6656,-1.1577,6.0052,-155.6827,-178.7619,-0.6581
1741951360.799,1.452,5.394,5.161,5.043,-2.6716,-1.1458,6.0054,-155.6463,-178.8304,-0.4178
1741951360.879,1.435,5.391,5.155,5.059,-2.6784,-1.1312,6.0051,-155.8923,-178.6448,-0.3738
1741951360.958,1.416,5.391,5.141,5.051,-2.6848,-1.1169,6.0051,-155.7772,-178.7,-0.5635
1741951361.038,1.396,5.393,5.127,5.047,-2.69,-1.1048,6.0046,-155.7093,-178.0942,-0.2581
1741951361.117,1.377,5.393,5.11,5.028,-2.6966,-1.0906,6.0043,-155.4523,-178.3192,-0.3309
1741951361.197,1.377,5.389,5.107,5.014,-2.7027,-1.0775,6.0041,-155.2925,-178.1705,-0.1019
1741951361.277,1.357,5.388,5.094,5.012,-2.7088,-1.0649,6.0038,-155.2714,-178.1624,-0.0306
1741951361.356,1.339,5.388,5.078,4.992,-2.7152,-1.0521,6.0037,-155.0064,-178.0618,-0.072
1741951361.436,1.323,5.388,5.04,4.875,-2.7239,-1.0381,6.0039,-153.4378,-178.41,-0.1917
1741951361.516,1.306,5.388,5.022,4.846,-2.7312,-1.0242,6.0037,-153.0534,-178.6512,-0.1812
1741951361.595,1.306,5.389,5.021,4.84,-2.738,-1.0112,6.003,-152.9582,-178.7927,-0.1666
1741951361.675,1.306,5.391,5.016,4.821,-2.7456,-0.9968,6.0032,-152.7011,-178.6736,-0.2522
1741951361.755,1.268,5.395,5.036,5.005,-2.7554,-0.9838,5.9986,-155.1136,-174.0136,0.9581
1741951361.834,1.248,5.395,5.025,5.008,-2.7553,-0.9748,5.9963,-155.1636,-172.6047,1.4172
1741951361.914,1.229,5.395,5.006,4.98,-2.7582,-0.9634,5.9958,-154.7775,-173.8638,1.0406
1741951361.994,1.229,5.395,5.003,4.965,-2.7656,-0.9502,5.998,-154.5796,-174.9008,0.7187
1741951362.073,1.211,5.397,4.99,4.958,-2.7737,-0.9358,5.9996,-154.4677,-176.0514,0.5258
1741951362.153,1.192,5.4,4.972,4.931,-2.7813,-0.9233,6.0006,-154.0829,-176.7675,0.3226
1741951362.232,1.174,5.399,4.956,4.905,-2.7903,-0.9096,6.0018,-153.75,-177.4744,0.0066
1741951362.312,1.156,5.399,4.937,4.871,-2.799,-0.8946,6.0028,-153.2908,-177.9957,-0.2253
1741951362.392,1.156,5.4,4.933,4.851,-2.8062,-0.882,6.0034,-153.0246,-178.3341,-0.3173
1741951362.471,1.141,5.401,4.918,4.824,-2.8138,-0.8681,6.0037,-152.6646,-178.5304,-0.2441
1741951362.551,1.121,5.4,4.904,4.808,-2.8196,-0.8574,6.0032,-152.4651,-178.4468,-0.2105
1741951362.631,1.105,5.4,4.892,4.796,-2.8224,-0.8524,6.0028,-152.3012,-178.7321,-0.31
1741951362.71,1.105,5.403,4.89,4.789,-2.8223,-0.8526,6.0028,-152.1902,-178.7877,-0.3957
1741951362.79,1.089,5.401,4.882,4.793,-2.8212,-0.8541,6.0026,-152.2504,-178.4797,-0.2284
1741951362.87,1.09,5.402,4.912,4.942,-2.8184,-0.8573,6.0018,-154.2094,-174.1957,1.2084
1741951362.949,1.092,5.401,4.906,4.906,-2.8131,-0.8663,6.001,-153.7476,-174.946,0.8961
1741951363.029,1.094,5.401,4.906,4.897,-2.8021,-0.8832,5.9991,-153.6174,-175.6639,0.4874
1741951363.109,1.094,5.402,4.904,4.89,-2.7934,-0.9013,6.0011,-153.519,-176.6247,0.0524
1741951363.188,1.113,5.401,4.905,4.84,-2.784,-0.921,6.0028,-152.8764,-177.4219,-0.3331
1741951363.268,1.139,5.4,4.921,4.842,-2.7729,-0.9414,5.9999,-152.9026,-177.747,-0.1692
1741951363.348,1.169,5.4,4.936,4.827,-2.7641,-0.9585,5.9994,-152.7116,-178.2322,-0.3707
1741951363.427,1.193,5.4,4.949,4.822,-2.7563,-0.974,6.0014,-152.6423,-178.451,-0.3903
1741951363.507,1.193,5.399,4.949,4.825,-2.7495,-0.9871,6.0028,-152.6907,-178.6673,-0.3959
1741951363.587,1.218,5.396,4.964,4.824,-2.7431,-0.9991,6.0037,-152.6927,-178.7026,-0.4984
1741951363.666,1.239,5.396,4.979,4.835,-2.7361,-1.0129,6.0042,-152.8447,-178.883,-0.6072
1741951363.746,1.257,5.396,4.99,4.838,-2.7287,-1.0273,6.0043,-152.8834,-178.8343,-0.5047
1741951363.826,1.277,5.396,5.021,4.92,-2.7177,-1.045,6.0029,-153.9639,-175.7546,0.2131
1741951363.905,1.277,5.395,5.02,4.912,-2.7076,-1.0619,6.0028,-153.8684,-176.3204,0.101
1741951363.985,1.299,5.394,5.033,4.909,-2.6993,-1.0779,6.0031,-153.8418,-176.8591,-0.0943
1741951364.064,1.321,5.391,5.046,4.907,-2.6921,-1.0931,6.0031,-153.8316,-177.496,-0.1689
1741951364.144,1.343,5.391,5.058,4.903,-2.6839,-1.1098,6.0029,-153.7773,-178.0175,-0.3294
1741951364.224,1.368,5.391,5.071,4.897,-2.6766,-1.1255,6.0028,-153.6982,-178.4608,-0.3684
1741951364.303,1.368,5.389,5.07,4.891,-2.6686,-1.14,6.0022,-153.6353,-178.6229,-0.5462
1741951364.383,1.388,5.388,5.08,4.88,-2.6623,-1.1528,6.0046,-153.5022,-178.5111,-0.6332
1741951364.463,1.409,5.389,5.091,4.878,-2.6542,-1.1694,6.0052,-153.4622,-178.709,-0.5409
1741951364.542,1.429,5.387,5.1,4.866,-2.6462,-1.1853,6.006,-153.3241,-178.8028,-0.5888
1741951364.622,1.453,5.387,5.111,4.852,-2.6388,-1.2007,6.0063,-153.1384,-178.8065,-0.3886
1741951364.701,1.453,5.387,5.117,4.875,-2.6299,-1.2142,6.0045,-153.4405,-178.2037,-0.4882
1741951364.781,1.473,5.387,5.127,4.866,-2.6213,-1.2333,6.0045,-153.3245,-178.357,-0.185
1741951364.861,1.495,5.388,5.139,4.864,-2.6132,-1.2493,6.0051,-153.2879,-178.4657,-0.4863
1741951364.94,1.519,5.386,5.153,4.861,-2.606,-1.2638,6.0054,-153.2578,-178.5429,-0.5719
1741951365.02,1.54,5.386,5.166,4.865,-2.5974,-1.2804,6.0049,-153.3107,-178.6298,-0.6416
1741951365.1,1.54,5.386,5.171,4.879,-2.5894,-1.2959,6.0049,-153.5084,-178.7603,-0.7282
1741951365.179,1.564,5.385,5.187,4.888,-2.582,-1.3111,6.0051,-153.6241,-178.6343,-0.6028
1741951365.259,1.587,5.383,5.201,4.885,-2.5731,-1.3283,6.0058,-153.6061,-178.6359,-0.5482
1741951365.339,1.609,5.386,5.213,4.884,-2.5651,-1.343,6.0065,-153.563,-178.5757,-0.7915
1741951365.418,1.633,5.386,5.227,4.881,-2.558,-1.3581,6.0075,-153.5285,-178.7356,-0.56
1741951365.498,1.633,5.383,5.229,4.887,-2.5495,-1.3754,6.0064,-153.6311,-178.8393,-0.6042
1741951365.577,1.654,5.383,5.244,4.893,-2.5417,-1.3918,6.006,-153.7177,-178.7614,-0.4814
1741951365.657,1.678,5.384,5.259,4.896,-2.5339,-1.4071,6.0063,-153.7461,-178.7118,-0.4835
1741951365.737,1.701,5.384,5.269,4.885,-2.5261,-1.4223,6.0068,-153.5973,-178.8322,-0.4634
1741951365.816,1.723,5.384,5.282,4.885,-2.518,-1.4376,6.0075,-153.6027,-178.6728,-0.4371
1741951365.896,1.723,5.385,5.284,4.89,-2.5098,-1.4534,6.0075,-153.6592,-178.668,-0.6203
1741951365.976,1.746,5.384,5.298,4.891,-2.502,-1.468,6.007,-153.6841,-178.7098,-0.7836
1741951366.055,1.765,5.384,5.313,4.903,-2.4936,-1.4851,6.0068,-153.8346,-178.8011,-0.829
1741951366.135,1.789,5.383,5.329,4.907,-2.4865,-1.501,6.0071,-153.8946,-178.8765,-0.6803
1741951366.215,1.811,5.383,5.34,4.9,-2.4784,-1.5167,6.0077,-153.8063,-178.9237,-0.7914
1741951366.294,1.811,5.383,5.343,4.908,-2.4707,-1.5315,6.0078,-153.9094,-178.8945,-0.8216
1741951366.374,1.834,5.383,5.365,4.931,-2.4631,-1.5452,6.0073,-154.2244,-178.6749,-1.2361
1741951366.454,1.854,5.382,5.379,4.937,-2.4554,-1.5612,6.0082,-154.3043,-178.7237,-1.4361
1741951366.533,1.878,5.382,5.447,5.091,-2.4463,-1.578,6.0089,-156.4109,-176.8666,-1.172
1741951366.613,1.878,5.382,5.444,5.08,-2.4374,-1.5943,6.0091,-156.26,-177.2976,-1.1146
1741951366.693,1.878,5.382,5.437,5.062,-2.4293,-1.6106,6.0092,-156.0046,-177.7951,-1.1228
1741951366.772,1.921,5.383,5.454,5.033,-2.422,-1.6258,6.0095,-155.5965,-177.7103,-1.0828
1741951366.852,1.947,5.382,5.433,4.931,-2.4234,-1.6299,6.0255,-154.2325,-178.805,-1.501
1741951366.932,1.969,5.382,5.447,4.933,-2.4145,-1.6444,6.0249,-154.2567,-178.6309,-1.2637
1741951367.011,1.987,5.382,5.462,4.942,-2.4032,-1.6659,6.0196,-154.3719,-178.4278,-0.8816
1741951367.091,1.987,5.383,5.467,4.956,-2.3928,-1.6863,6.0141,-154.5596,-178.1901,-0.9882
1741951367.17,2.011,5.376,5.481,4.95,-2.3839,-1.7041,6.011,-154.5335,-178.0949,-0.9975
1741951367.25,2.035,5.371,5.501,4.963,-2.3745,-1.7213,6.008,-154.7501,-178.0136,-1.414
1741951367.33,2.056,5.361,5.522,4.976,-2.3664,-1.7369,6.0072,-155.0064,-177.9903,-1.6485
1741951367.409,2.076,5.361,5.533,4.972,-2.3598,-1.7519,6.0078,-154.96,-178.3237,-1.8514
1741951367.489,2.076,5.357,5.542,4.995,-2.3513,-1.7688,6.0083,-155.2979,-177.965,-1.6572
1741951367.569,2.098,5.355,5.556,4.993,-2.3434,-1.7845,6.0095,-155.293,-178.0178,-1.8151
1741951367.648,2.121,5.356,5.546,4.933,-2.3356,-1.7992,6.01,-154.4652,-178.2657,-2.202
1741951367.728,2.142,5.355,5.558,4.929,-2.3277,-1.8142,6.0101,-154.4214,-178.0865,-1.9584
1741951367.808,2.168,5.355,5.572,4.926,-2.3196,-1.8313,6.011,-154.3822,-178.0466,-1.6636
1741951367.887,2.168,5.356,5.578,4.942,-2.3115,-1.8482,6.0112,-154.5843,-177.9113,-1.2237
1741951367.967,2.192,5.353,5.598,4.951,-2.3042,-1.8646,6.011,-154.7336,-177.881,-1.0587
1741951368.047,2.214,5.354,5.63,4.998,-2.2966,-1.8748,6.0136,-155.3689,-174.7443,-6.008
1741951368.126,2.235,5.357,5.57,4.823,-2.2876,-1.8881,6.0128,-152.9844,-176.8114,-5.2307
1741951368.206,2.235,5.357,5.579,4.847,-2.2789,-1.9034,6.012,-153.3014,-176.876,-3.9479
1741951368.286,2.259,5.353,5.595,4.848,-2.2714,-1.9193,6.0126,-153.3473,-177.3226,-3.0903
1741951368.365,2.281,5.355,5.615,4.866,-2.2643,-1.9375,6.013,-153.5703,-177.6946,-2.1261
1741951368.445,2.306,5.351,5.639,4.884,-2.2574,-1.9557,6.013,-153.8493,-178.1388,-1.4858
1741951368.525,2.327,5.351,5.657,4.895,-2.2498,-1.9742,6.0124,-153.9958,-178.1775,-1.1798
1741951368.604,2.327,5.355,5.675,4.94,-2.2416,-1.9906,6.012,-154.5735,-177.9728,-1.9601
1741951368.684,2.348,5.355,5.696,4.959,-2.2341,-2.0057,6.0115,-154.8265,-177.8083,-1.9932
1741951368.764,2.37,5.355,5.716,4.973,-2.2253,-2.021,6.0105,-155.0166,-177.6935,-2.0335
1741951368.843,2.392,5.354,5.732,4.976,-2.2173,-2.0365,6.0097,-155.0754,-177.7724,-1.7975
1741951368.923,2.413,5.354,5.743,4.973,-2.2095,-2.0552,6.0102,-155.0268,-177.7747,-1.1365
1741951369.002,2.413,5.351,5.746,4.976,-2.2018,-2.072,6.0109,-155.1006,-177.6309,-1.1089
1741951369.082,2.438,5.353,5.78,5.02,-2.1933,-2.0858,6.0112,-155.6836,-177.3057,-1.7251
1741951369.162,2.456,5.353,5.795,5.028,-2.1855,-2.1007,6.011,-155.795,-177.3432,-1.592
1741951369.241,2.484,5.352,5.805,5.01,-2.1776,-2.1189,6.0111,-155.5541,-177.6223,-1.5165
1741951369.321,2.505,5.352,5.821,5.017,-2.1705,-2.1354,6.0114,-155.6407,-177.4324,-1.1876
1741951369.401,2.505,5.352,5.85,5.077,-2.1616,-2.1492,6.0105,-156.4818,-177.0845,-2.0711
1741951369.48,2.519,5.354,5.874,5.112,-2.155,-2.1637,6.0115,-156.9482,-177.3199,-2.3007
1741951369.56,2.547,5.357,5.799,4.918,-2.1478,-2.1819,6.0123,-154.2514,-178.1832,-2.9838
1741951369.64,2.566,5.352,5.774,4.838,-2.1414,-2.1968,6.0109,-153.2272,-178.9051,-3.0219
1741951369.719,2.586,5.352,5.825,4.92,-2.133,-2.2096,6.011,-154.3304,-177.6351,-3.6035
1741951369.799,2.586,5.352,5.837,4.943,-2.1252,-2.2254,6.0116,-154.6436,-177.6683,-3.1288
1741951369.879,2.607,5.354,5.865,4.976,-2.1169,-2.2414,6.0118,-155.0754,-177.7052,-2.7312
1741951369.958,2.628,5.352,5.882,4.983,-2.1094,-2.2583,6.0125,-155.1795,-178.0507,-2.2677
1741951370.038,2.659,5.352,5.9,4.982,-2.1013,-2.2735,6.0125,-155.1635,-178.1028,-2.3437
1741951370.117,2.678,5.352,5.933,5.024,-2.0939,-2.29,6.0135,-155.7464,-177.7143,-2.3917
1741951370.197,2.678,5.353,5.857,4.873,-2.0873,-2.3028,6.014,-153.6824,-178.6951,-4.218
1741951370.277,2.698,5.352,5.898,4.929,-2.0805,-2.3189,6.0135,-154.4492,-178.7065,-3.7352
1741951370.356,2.721,5.354,5.917,4.939,-2.0731,-2.3358,6.0132,-154.57,-178.9432,-3.0895
1741951370.436,2.74,5.355,5.963,5.009,-2.0654,-2.3529,6.013,-155.5086,-178.3761,-3.0533
1741951370.516,2.761,5.355,5.984,5.022,-2.0571,-2.3707,6.0132,-155.6924,-178.0021,-2.7003
1741951370.595,2.761,5.357,5.977,5.011,-2.0486,-2.3872,6.013,-155.5157,-178.0793,-2.5732
1741951370.675,2.79,5.358,6.0,5.021,-2.0412,-2.4031,6.0125,-155.6523,-178.3056,-2.4022
1741951370.755,2.813,5.357,6.025,5.04,-2.0333,-2.4209,6.0125,-155.9217,-178.2569,-2.3508
1741951370.834,2.829,5.356,6.063,5.092,-2.0247,-2.4401,6.013,-156.6443,-178.7432,-2.4716
1741951370.914,2.854,5.356,6.147,5.221,-2.0171,-2.4534,6.0127,-158.4674,-178.0248,-3.3889
1741951370.994,2.854,5.361,6.184,5.293,-2.0092,-2.4663,6.0126,-159.4678,-177.6162,-3.2838
1741951371.073,2.882,5.365,6.272,5.425,-2.0012,-2.4796,6.0123,-161.3644,-177.2367,-4.1101
1741951371.153,2.908,5.371,6.309,5.463,-1.9948,-2.495,6.0135,-161.8763,-177.5671,-3.8784
1741951371.232,2.932,5.382,6.321,5.461,-1.9898,-2.5116,6.0137,-161.7346,-178.0287,-3.2797
1741951371.312,2.954,5.382,6.272,5.343,-1.9863,-2.5261,6.0146,-159.9891,179.8104,-4.5161
1741951371.392,2.954,5.388,6.294,5.389,-1.981,-2.543,6.0149,-160.5935,-179.6206,-4.1309
1741951371.471,2.982,5.392,6.312,5.389,-1.9749,-2.5594,6.0151,-160.5497,-179.1723,-4.1912
1741951371.551,3.005,5.396,6.298,5.337,-1.9687,-2.5766,6.0149,-159.7595,-179.1779,-3.8807
1741951371.631,3.026,5.398,6.228,5.189,-1.9646,-2.593,6.0144,-157.6209,-179.1493,-3.4609
1741951371.711,3.035,5.398,6.135,5.013,-1.9595,-2.6129,6.0149,-155.2012,-178.7589,-3.5975
1741951371.79,3.035,5.385,6.056,4.864,-1.9528,-2.6291,6.015,-153.3157,-178.9102,-3.311
1741951371.87,3.044,5.372,6.061,4.855,-1.9389,-2.6627,6.0175,-153.2995,-178.5827,-1.8964
1741951371.949,3.067,5.382,6.07,4.854,-1.9278,-2.6838,6.0179,-153.1993,-178.9042,-1.6653
1741951372.029,3.089,5.381,6.084,4.856,-1.9201,-2.6966,6.0158,-153.2314,-179.0658,-2.8922
1741951372.109,3.11,5.381,6.098,4.857,-1.916,-2.7049,6.0142,-153.2481,-179.6064,-3.1831
1741951372.188,3.11,5.381,6.119,4.894,-1.9115,-2.7128,6.0141,-153.7374,-179.8036,-3.8781
1741951372.268,3.138,5.379,6.142,4.902,-1.9043,-2.7253,6.0145,-153.8694,-179.7569,-3.7472
1741951372.347,3.157,5.378,6.162,4.917,-1.8969,-2.7379,6.0148,-154.0687,-179.7506,-4.057
1741951372.427,3.179,5.377,6.182,4.928,-1.8889,-2.7519,6.0158,-154.2224,-179.4606,-3.8818
1741951372.507,3.201,5.377,6.201,4.938,-1.8805,-2.7676,6.0168,-154.3572,-179.1804,-3.6181
1741951372.586,3.201,5.375,6.203,4.94,-1.8722,-2.7825,6.0175,-154.4079,-178.9086,-3.7206
1741951372.666,3.226,5.374,6.242,4.979,-1.8637,-2.8009,6.0181,-154.9391,-178.9532,-3.7118
1741951372.746,3.25,5.374,6.278,5.014,-1.8564,-2.8153,6.0183,-155.4119,-179.0352,-3.7706
1741951372.825,3.269,5.372,6.156,4.792,-1.8518,-2.8247,6.0205,-152.4633,177.6351,-9.1328
1741951372.905,3.292,5.372,6.225,4.883,-1.8492,-2.8327,6.0251,-153.6719,178.0324,-10.9734
1741951373.104,3.333,5.368,6.313,4.982,-1.8297,-2.8597,6.025,-155.0379,179.5844,-7.5783
1741951373.303,3.378,5.373,6.438,5.141,-1.8046,-2.9246,6.0165,-157.1803,-179.0167,-6.36
1741951373.502,3.401,5.379,6.422,5.095,-1.7852,-2.9547,6.0184,-156.4875,179.9878,-6.179
1741951373.702,3.448,5.379,6.439,5.076,-1.7667,-3.0022,6.0203,-156.2204,179.244,-4.4852
1741951373.781,3.466,5.38,6.484,5.128,-1.7591,-3.0183,6.0208,-156.9409,179.5264,-5.0249
1741951373.861,3.491,5.382,6.504,5.134,-1.7521,-3.0353,6.0212,-157.0074,179.5242,-4.4123
1741951374.06,3.541,5.384,6.516,5.105,-1.7369,-3.0729,6.0259,-156.5852,178.7353,-5.2901
1741951374.139,3.562,5.384,6.533,5.111,-1.7292,-3.0897,6.0254,-156.661,178.9131,-4.846
1741951374.219,3.582,5.384,6.563,5.136,-1.7211,-3.1066,6.0242,-157.0187,179.2892,-4.7207
1741951374.299,3.582,5.384,6.545,5.11,-1.7159,-3.1198,6.0252,-156.6508,178.5609,-5.1121
1741951374.378,3.607,5.389,6.799,5.469,-1.7141,-3.1099,6.0252,-161.7703,179.354,-10.0291
1741951374.458,3.624,5.389,6.335,4.76,-1.7171,-3.1123,6.0183,-151.9149,175.441,-13.6815
1741951374.538,3.639,5.388,6.385,4.821,-1.7206,-3.1011,6.015,-152.7247,176.0073,-11.2275
1741951374.617,3.633,5.388,6.42,4.878,-1.7235,-3.0895,6.0151,-153.473,176.6498,-9.8203
1741951374.697,3.633,5.388,6.464,4.944,-1.7223,-3.092,6.0183,-154.3479,177.6348,-8.5964
1741951374.777,3.634,5.387,6.456,4.93,-1.7227,-3.0911,6.0192,-154.1769,177.7344,-7.5862
1741951374.856,3.628,5.391,6.442,4.918,-1.7205,-3.0987,6.021,-153.9793,177.8429,-6.5754
1741951374.936,3.632,5.389,6.423,4.884,-1.7116,-3.1281,6.0226,-153.5461,178.9575,-3.1592
1741951375.016,3.63,5.389,6.477,4.966,-1.711,-3.1318,6.0231,-154.6381,179.3072,-3.4005
1741951375.095,3.63,5.388,6.523,5.034,-1.7107,-3.1338,6.0235,-155.5712,179.422,-3.6548
1741951375.175,3.631,5.39,6.532,5.048,-1.7104,-3.1349,6.0236,-155.7473,179.4399,-3.2165
1741951375.255,3.632,5.389,6.512,5.016,-1.7098,-3.1358,6.0238,-155.3206,178.7435,-3.0181
1741951375.334,3.631,5.388,6.513,5.018,-1.7095,-3.1364,6.0238,-155.3485,178.6471,-2.8498
1741951375.414,3.631,5.388,6.541,5.059,-1.7094,-3.1372,6.0237,-155.9112,178.8088,-3.0329
1741951375.613,3.632,5.389,6.559,5.087,-1.707,-3.1454,6.0234,-156.282,179.1444,-2.9735
1741951375.693,3.632,5.388,6.562,5.09,-1.7071,-3.1453,6.0233,-156.3367,179.3274,-2.8043
1741951375.772,3.627,5.388,6.553,5.082,-1.7072,-3.1452,6.0233,-156.2262,179.3763,-2.6346
1741951375.852,3.631,5.388,6.554,5.08,-1.7072,-3.1451,6.0233,-156.1945,179.3466,-2.6025
1741951375.932,3.632,5.389,6.556,5.082,-1.7072,-3.1451,6.0233,-156.2145,179.3475,-2.634
1741951376.011,3.631,5.389,6.556,5.082,-1.7072,-3.145,6.0234,-156.2183,179.3048,-2.7022
1741951376.091,3.631,5.388,6.556,5.082,-1.7073,-3.145,6.0234,-156.2245,179.3014,-2.7221
1741951376.17,3.628,5.391,6.554,5.084,-1.7073,-3.145,6.0234,-156.2239,179.2934,-2.7269
1741951376.25,3.628,5.389,6.554,5.082,-1.7073,-3.1449,6.0234,-156.2216,179.3114,-2.7401
1741951376.33,3.631,5.39,6.555,5.081,-1.7074,-3.1449,6.0235,-156.2032,179.2997,-2.7659
1741951376.41,3.628,5.39,6.554,5.083,-1.7074,-3.1449,6.0235,-156.2212,179.2969,-2.7295
1741951376.489,3.628,5.391,6.55,5.077,-1.7079,-3.1436,6.0229,-156.1358,179.2077,-2.8969
1741951376.569,3.63,5.391,6.562,5.093,-1.7088,-3.1394,6.0213,-156.3529,179.3858,-3.7133
1741951376.648,3.627,5.388,6.554,5.083,-1.7109,-3.1335,6.0197,-156.2384,179.1142,-3.9878
1741951376.728,3.629,5.387,6.564,5.094,-1.7116,-3.1301,6.019,-156.4069,179.2925,-3.9999
1741951376.808,3.626,5.387,6.556,5.086,-1.7117,-3.1293,6.0194,-156.2865,179.1033,-3.9673
1741951376.887,3.626,5.391,6.55,5.08,-1.712,-3.1285,6.0197,-156.1782,179.0588,-3.7293
1741951376.967,3.629,5.388,6.551,5.077,-1.7117,-3.1278,6.0194,-156.1565,179.1362,-3.7467
1741951377.047,3.628,5.386,6.521,5.032,-1.712,-3.1272,6.0196,-155.5573,178.793,-4.0772
1741951377.126,3.626,5.388,6.563,5.097,-1.7002,-3.1577,6.0254,-156.4296,179.6828,-2.7571
1741951377.325,3.634,5.393,6.57,5.103,-1.7025,-3.1522,6.0213,-156.4782,179.2032,-4.9175
1741951377.405,3.635,5.393,6.523,5.032,-1.6991,-3.1494,6.021,-155.5022,179.8553,-5.0346
1741951377.485,3.635,5.39,6.512,5.014,-1.6915,-3.1496,6.0226,-155.276,-178.5039,-5.5551
1741951377.564,3.639,5.383,6.536,5.042,-1.6845,-3.1567,6.0249,-155.7184,-178.1838,-5.1778
1741951377.644,3.65,5.403,6.429,4.885,-1.6866,-3.1589,6.0371,-153.4541,177.1803,-12.5755
1741951377.724,3.667,5.404,6.407,4.838,-1.6821,-3.1617,6.0428,-152.8255,178.2411,-10.0358
1741951377.803,3.692,5.404,6.373,4.767,-1.6757,-3.1639,6.0448,-151.8952,178.749,-8.5853
1741951377.883,3.692,5.373,6.301,4.645,-1.6662,-3.1803,6.0505,-150.5515,178.3532,-7.1925
1741951377.963,3.714,5.372,6.271,4.583,-1.6539,-3.2063,6.0555,-149.7589,178.1989,-6.6727
1741951378.042,3.741,5.38,6.282,4.582,-1.6406,-3.2351,6.0603,-149.6984,178.163,-6.979
1741951378.122,3.772,5.383,6.351,4.658,-1.6261,-3.2708,6.0647,-150.6498,178.8433,-5.6698
1741951378.202,3.808,5.383,6.378,4.668,-1.6118,-3.3064,6.0655,-150.7728,178.3185,-5.2641
1741951378.281,3.808,5.381,6.35,4.627,-1.5955,-3.3418,6.0634,-150.2665,177.7867,-5.9618
1741951378.364,3.848,5.383,6.434,4.715,-1.579,-3.3786,6.0616,-151.3721,177.8643,-5.9833
1741951379.297,4.05,5.248,6.645,4.763,-1.3205,-3.3962,6.0453,-153.0478,178.1663,-12.9069
1741951379.376,4.051,5.208,6.676,4.779,-1.2813,-3.3532,6.0404,-153.5918,179.3814,-11.9688
1741951379.456,4.053,5.152,6.707,4.783,-1.2389,-3.3177,6.0409,-154.1162,-179.4311,-11.3819
1741951379.536,4.056,5.099,6.721,4.766,-1.1997,-3.2993,6.0463,-154.3281,-179.5806,-10.2311
1741951379.615,4.058,5.099,6.729,4.775,-1.1501,-3.299,6.0438,-154.4549,-179.2221,-8.3625
1741951379.695,4.058,5.061,6.795,4.834,-1.1082,-3.2894,6.043,-155.6433,-178.4072,-6.6397
1741951379.775,4.058,4.981,6.813,4.806,-1.0729,-3.2628,6.0445,-155.965,-178.3349,-6.633
1741951379.854,4.059,4.957,6.828,4.808,-1.0401,-3.2476,6.0484,-156.2296,-178.3144,-5.9839
1741951379.934,4.058,4.906,6.828,4.777,-1.0051,-3.2384,6.0514,-156.2396,-178.1799,-5.1042
1741951380.014,4.056,4.906,6.809,4.755,-0.9653,-3.2254,6.0515,-155.9091,-178.1204,-4.9143
1741951380.093,4.056,4.856,6.82,4.737,-0.9267,-3.2108,6.0491,-156.1259,-178.2655,-5.3203
1741951380.173,4.05,4.801,6.836,4.725,-0.8862,-3.1945,6.0455,-156.4725,-178.8323,-5.8772
1741951380.253,4.046,4.801,6.84,4.734,-0.8445,-3.1793,6.0425,-156.6079,-177.7184,-6.274
1741951380.332,4.05,4.701,6.867,4.697,-0.8081,-3.1661,6.04,-157.0471,-177.6495,-6.3528
1741951380.412,4.055,4.701,6.934,4.771,-0.77,-3.1501,6.0349,-158.2423,-178.1037,-6.5829
1741951380.492,4.055,4.651,6.92,4.723,-0.7315,-3.1352,6.0293,-157.9862,-177.5862,-6.2779
1741951380.571,4.066,4.603,6.663,4.392,-0.7078,-3.1131,6.0237,-153.201,174.9514,-7.2459
1741951380.651,4.069,4.547,6.787,4.495,-0.6716,-3.0937,6.017,-155.365,176.6864,-7.6658
1741951380.73,4.071,4.496,6.598,4.253,-0.6272,-3.0834,6.0164,-152.0173,-178.8156,-6.0428
1741951380.81,4.068,4.496,6.531,4.181,-0.591,-3.0641,6.0184,-150.9049,-179.3704,-5.9704
1741951380.89,4.068,4.423,6.439,4.04,-0.5532,-3.0471,6.025,-149.3476,179.9803,-5.0405
1741951380.969,4.069,4.387,6.48,4.064,-0.5162,-3.0305,6.0334,-150.0264,-179.3298,-4.4281
1741951381.049,4.069,4.355,6.503,4.071,-0.478,-3.0117,6.0398,-150.4158,-179.5169,-3.7146
1741951381.129,4.071,4.292,6.544,4.079,-0.437,-2.9925,6.0426,-151.1008,-179.9402,-2.5468
1741951381.208,4.072,4.292,6.595,4.132,-0.3991,-2.9742,6.0428,-151.9685,179.5397,-1.9144
1741951381.288,4.072,4.213,6.661,4.155,-0.3593,-2.9546,6.0412,-153.1126,179.7752,-1.8921
1741951381.368,4.072,4.157,6.743,4.205,-0.3179,-2.9325,6.0381,-154.5502,179.4425,-1.5707
1741951381.447,4.069,4.098,6.816,4.244,-0.279,-2.9119,6.0347,-155.8948,179.0562,-1.795
1741951381.527,4.066,4.038,6.87,4.262,-0.2402,-2.893,6.0312,-156.9113,178.9462,-2.388
1741951381.606,4.067,4.038,6.887,4.278,-0.2018,-2.877,6.0266,-157.2232,178.385,-2.175
1741951381.686,4.067,3.986,6.912,4.269,-0.1543,-2.8562,6.0223,-157.6867,179.3354,-3.1614
1741951381.766,4.067,3.932,6.929,4.25,-0.1071,-2.8369,6.0206,-157.9928,-179.5524,-3.1078
1741951381.845,4.072,3.87,6.891,4.17,-0.062,-2.8169,6.0179,-157.2295,-179.6544,-2.7635
1741951381.925,4.078,3.818,6.844,4.088,-0.0164,-2.7962,6.0154,-156.2941,179.4878,-2.5509
1741951382.005,4.073,3.818,6.78,4.032,0.0418,-2.7701,6.0131,-155.208,-179.9884,-2.8273
1741951382.084,4.073,3.736,6.742,3.946,0.0939,-2.7488,6.014,-154.5279,-179.0998,-2.8775
1741951382.164,4.074,3.651,6.763,3.912,0.1413,-2.7077,6.0115,-154.8785,-178.628,-3.5878
1741951382.244,4.077,3.617,6.769,3.895,0.1893,-2.6824,6.0102,-154.9669,-179.0522,-2.8935
1741951382.323,4.08,3.531,6.722,3.799,0.2385,-2.6623,6.0081,-154.0874,-178.7538,-0.7756
1741951382.403,4.081,3.531,6.795,3.862,0.2883,-2.6463,6.0062,-155.3881,-176.1359,-1.238
1741951382.483,4.081,3.435,6.78,3.79,0.3308,-2.632,6.0061,-155.1133,-176.9579,-0.8632
1741951382.562,4.079,3.418,6.727,3.735,0.3772,-2.6078,6.0067,-154.1854,-177.7889,-1.3269
1741951382.642,4.07,3.296,6.719,3.659,0.419,-2.5792,6.0081,-154.1429,-178.6741,-1.1741
1741951382.722,4.061,3.264,6.694,3.624,0.4629,-2.5485,6.0091,-153.7992,-178.2937,-0.9635
1741951382.801,4.048,3.264,6.733,3.662,0.5014,-2.5209,6.0102,-154.6373,-178.3855,-0.8245
1741951382.881,4.048,3.203,6.806,3.682,0.5439,-2.4917,6.0111,-155.9536,-177.6205,-1.8785
1741951382.96,4.038,3.121,6.832,3.656,0.5823,-2.4677,6.0118,-156.5578,-177.422,-2.1364
1741951383.04,4.036,3.1,6.869,3.672,0.6182,-2.4461,6.0133,-157.2606,-177.8979,-2.0716
1741951383.12,4.036,3.057,6.813,3.602,0.6591,-2.4255,6.0128,-156.2308,-178.0559,-1.1904
1741951383.199,4.032,3.057,6.748,3.554,0.6983,-2.4083,6.0111,-155.0805,-178.4689,-0.7127
1741951383.279,4.032,2.981,6.728,3.492,0.7412,-2.3895,6.0089,-154.7291,-178.1806,-0.846
1741951383.359,4.031,2.908,6.688,3.419,0.7824,-2.3727,6.0073,-154.0112,-178.0163,-1.3685
1741951383.438,4.035,2.849,6.635,3.344,0.8293,-2.3554,6.0083,-153.0362,-178.5281,-1.4122
1741951383.518,4.038,2.808,6.701,3.364,0.8755,-2.3415,6.0095,-154.1682,-176.1663,-1.7371
1741951383.598,4.046,2.808,6.682,3.348,0.9109,-2.3292,6.0098,-153.7546,-177.1159,-1.6289
1741951383.677,4.046,2.752,6.651,3.293,0.946,-2.3144,6.0106,-153.1967,-177.8936,-1.0726
1741951383.757,4.054,2.704,6.663,3.27,0.9758,-2.3002,6.0086,-153.3365,-177.9915,-0.9639
1741951383.837,4.059,2.656,6.603,3.2,1.0003,-2.2921,6.0053,-152.2343,-177.2273,1.9873
1741951383.996,4.05,2.618,6.943,3.401,1.0478,-2.2855,5.9912,-158.4811,-167.2831,6.7712
1741951384.076,4.05,2.586,6.926,3.369,1.0655,-2.2931,5.981,-158.1529,-170.3008,3.3153
1741951384.155,4.052,2.586,6.825,3.304,1.0686,-2.2999,5.9762,-156.2643,-174.2714,2.3022
1741951384.235,4.048,2.583,6.703,3.225,1.0609,-2.2956,5.9776,-154.0941,-175.6228,1.033
1741951384.315,4.047,2.564,6.662,3.188,1.0529,-2.2893,5.9803,-153.3909,-176.4046,1.0394
1741951384.394,4.046,2.564,6.64,3.175,1.0478,-2.2822,5.9834,-153.0078,-176.5371,0.7199
1741951384.474,4.046,2.574,6.617,3.166,1.0413,-2.2701,5.9856,-152.6036,-177.0415,0.1813
1741951384.553,4.047,2.576,6.607,3.16,1.0382,-2.2635,5.9836,-152.4114,-178.0255,-0.537
1741951384.633,4.045,2.582,6.573,3.143,1.0214,-2.2231,5.9874,-151.8471,-178.5904,-2.9242
1741951384.713,4.043,2.578,6.591,3.153,1.0246,-2.221,5.984,-152.1863,-178.1922,-3.2523
1741951384.793,4.043,2.578,6.572,3.14,1.0251,-2.2235,5.979,-151.8443,-178.3076,-2.3708
1741951384.872,4.041,2.581,6.561,3.136,1.0243,-2.2313,5.9783,-151.674,-178.7678,-1.7646
1741951384.952,4.039,2.584,6.582,3.152,1.0255,-2.2393,5.9786,-152.0596,-178.7139,-1.5533
1741951385.031,4.039,2.583,6.62,3.176,1.0268,-2.2474,5.978,-152.7323,-179.4048,-1.1908
1741951385.111,4.037,2.566,6.65,3.186,1.0297,-2.2536,5.9777,-153.2817,-179.2958,-1.4553
1741951385.191,4.037,2.566,6.697,3.215,1.0315,-2.2586,5.9779,-154.1093,-179.3098,-1.5157
1741951385.27,4.037,2.565,6.723,3.231,1.0333,-2.2646,5.9764,-154.5769,-179.7707,-0.7533
1741951385.35,4.044,2.565,6.771,3.259,1.0337,-2.2691,5.975,-155.3646,-179.5325,0.1132
1741951385.43,4.048,2.557,6.844,3.299,1.0337,-2.2697,5.9755,-156.6514,-178.7455,0.8383
1741951385.509,4.055,2.566,6.793,3.269,1.0343,-2.2677,5.9758,-155.642,-178.3745,1.4233
1741951385.589,4.055,2.566,6.808,3.279,1.0339,-2.2694,5.9736,-155.9154,-178.6909,1.4732
1741951385.668,4.056,2.569,6.821,3.288,1.0345,-2.2727,5.9724,-156.1383,-178.5236,2.0081
1741951385.748,4.055,2.564,6.826,3.289,1.0351,-2.2748,5.9722,-156.2419,-178.7512,1.7943
1741951385.828,4.057,2.568,6.852,3.307,1.0346,-2.2743,5.9714,-156.7014,-178.3072,1.7513
1741951385.908,4.056,2.568,6.853,3.308,1.0349,-2.2737,5.9718,-156.7321,-178.4062,1.2943
1741951385.987,4.056,2.564,6.846,3.301,1.0348,-2.2732,5.9716,-156.6021,-178.7109,0.8778
1741951386.067,4.056,2.566,6.844,3.301,1.0344,-2.2714,5.9721,-156.5647,-178.9532,0.4894
1741951386.146,4.054,2.566,6.833,3.295,1.0337,-2.2699,5.9723,-156.3799,-178.8718,0.4371
1741951386.226,4.055,2.565,6.821,3.286,1.0261,-2.261,5.979,-156.1535,-179.7685,-0.3911
1741951386.306,4.054,2.565,6.814,3.282,1.0259,-2.2605,5.9794,-156.0282,-179.8305,-0.5147
1741951386.385,4.054,2.565,6.814,3.282,1.0257,-2.2602,5.9795,-156.0369,-179.9693,-0.5923
1741951386.465,4.054,2.564,6.809,3.278,1.0256,-2.26,5.9797,-155.9411,-179.9434,-0.5178
1741951386.545,4.055,2.564,6.827,3.289,1.0253,-2.2598,5.9797,-156.2497,-179.6696,-0.4474
1741951386.624,4.055,2.564,6.807,3.277,1.0253,-2.2596,5.9798,-155.8954,-179.8221,-0.288
1741951386.704,4.054,2.564,6.796,3.27,1.0253,-2.2595,5.9799,-155.6999,-179.8522,-0.31
1741951386.784,4.054,2.565,6.798,3.272,1.0252,-2.2594,5.98,-155.744,-179.9661,-0.3979
1741951386.863,4.055,2.565,6.8,3.273,1.0252,-2.2593,5.98,-155.7618,179.9627,-0.4893
1741951386.943,4.054,2.568,6.798,3.274,1.0252,-2.2592,5.9801,-155.7487,179.9197,-0.4213
1741951387.022,4.055,2.57,6.775,3.26,1.0251,-2.259,5.9801,-155.3044,-179.9853,0.0184
1741951387.102,4.054,2.57,6.794,3.273,1.025,-2.259,5.9801,-155.6642,-179.8028,-0.0741
1741951387.182,4.054,2.566,6.8,3.274,1.025,-2.259,5.9801,-155.7791,-179.7758,-0.1199
1741951387.261,4.054,2.571,6.804,3.28,1.0249,-2.259,5.9801,-155.8556,-179.7139,-0.1316
1741951387.341,4.053,2.566,6.807,3.279,1.0249,-2.2589,5.9801,-155.9246,-179.6909,-0.1618
1741951387.421,4.055,2.57,6.811,3.283,1.0248,-2.2589,5.9801,-155.9668,-179.6425,-0.1324
1741951387.5,4.053,2.57,6.812,3.284,1.0248,-2.2589,5.9801,-156.0009,-179.6243,-0.1437
1741951387.58,4.053,2.57,6.813,3.285,1.0247,-2.2588,5.9801,-156.028,-179.6342,-0.1443
1741951387.661,4.054,2.57,6.815,3.286,1.0247,-2.2588,5.9802,-156.051,-179.6467,-0.1591
1741951387.739,4.056,2.565,6.816,3.283,1.0247,-2.2588,5.9802,-156.0497,-179.6357,-0.1456
1741951387.819,4.055,2.57,6.816,3.286,1.0246,-2.2588,5.9802,-156.0549,-179.6196,-0.1567
1741951387.899,4.054,2.57,6.815,3.286,1.0246,-2.2587,5.9802,-156.0565,-179.6427,-0.1499
1741951387.978,4.054,2.564,6.816,3.283,1.0246,-2.2587,5.9802,-156.0634,-179.6313,-0.1613
1741951388.058,4.055,2.569,6.816,3.286,1.0246,-2.2587,5.9802,-156.0594,-179.6196,-0.1622
1741951388.138,4.054,2.565,6.816,3.283,1.0245,-2.2587,5.9802,-156.0594,-179.6411,-0.178
1741951388.217,4.056,2.569,6.816,3.285,1.0245,-2.2586,5.9802,-156.0416,-179.6223,-0.1548
1741951388.297,4.055,2.569,6.816,3.286,1.0245,-2.2586,5.9802,-156.059,-179.6409,-0.1794
1741951388.377,4.055,2.565,6.815,3.282,1.0245,-2.2586,5.9802,-156.0384,-179.6587,-0.1995
1741951388.456,4.056,2.57,6.816,3.286,1.0245,-2.2586,5.9802,-156.0545,-179.6568,-0.1826
1741951388.536,4.054,2.565,6.815,3.283,1.0245,-2.2586,5.9802,-156.0481,-179.679,-0.1947
1741951388.615,4.055,2.57,6.816,3.286,1.0244,-2.2586,5.9802,-156.0532,-179.6536,-0.1983
1741951388.695,4.054,2.57,6.818,3.288,1.0244,-2.2586,5.9803,-156.1047,-179.7554,-0.3022
1741951388.775,4.054,2.569,6.817,3.286,1.0244,-2.2586,5.9803,-156.08,-179.6979,-0.2459
1741951388.854,4.055,2.565,6.816,3.283,1.0244,-2.2585,5.9803,-156.0486,-179.66,-0.1884
1741951388.934,4.053,2.569,6.815,3.286,1.0244,-2.2585,5.9803,-156.0551,-179.6493,-0.1884
1741951389.014,4.054,2.565,6.815,3.283,1.0244,-2.2585,5.9803,-156.0528,-179.6414,-0.1873
1741951389.093,4.055,2.565,6.815,3.282,1.0244,-2.2585,5.9803,-156.032,-179.6141,-0.1528
1741951389.173,4.055,2.57,6.815,3.286,1.0244,-2.2585,5.9803,-156.0472,-179.6249,-0.1787
1741951389.253,4.056,2.565,6.817,3.283,1.0243,-2.2585,5.9803,-156.058,-179.6357,-0.1754
1741951389.332,4.055,2.57,6.815,3.286,1.0243,-2.2585,5.9803,-156.0398,-179.6432,-0.172
1741951389.412,4.054,2.564,6.814,3.281,1.0243,-2.2585,5.9803,-156.0266,-179.6368,-0.1866
1741951389.492,4.055,2.564,6.814,3.281,1.0243,-2.2584,5.9803,-156.0279,-179.6561,-0.1717
1741951389.571,4.055,2.571,6.815,3.286,1.0243,-2.2584,5.9803,-156.0427,-179.6562,-0.1603
1741951389.651,4.054,2.569,6.814,3.285,1.0243,-2.2584,5.9803,-156.0363,-179.6254,-0.1515
1741951389.731,4.055,2.569,6.815,3.285,1.0243,-2.2584,5.9803,-156.0325,-179.647,-0.1752
1741951389.81,4.054,2.569,6.814,3.285,1.0243,-2.2584,5.9803,-156.0405,-179.6066,-0.1557
1741951389.89,4.054,2.569,6.815,3.285,1.0243,-2.2584,5.9803,-156.0506,-179.6083,-0.1664
1741951389.97,4.054,2.57,6.815,3.286,1.0243,-2.2584,5.9803,-156.0582,-179.6331,-0.1813
1741951390.049,4.054,2.57,6.815,3.286,1.0243,-2.2584,5.9803,-156.0429,-179.6362,-0.158
1741951390.129,4.054,2.565,6.815,3.283,1.0242,-2.2584,5.9803,-156.0459,-179.6345,-0.1649
1741951390.208,4.053,2.566,6.815,3.284,1.0242,-2.2584,5.9803,-156.069,-179.6016,-0.1292
1741951390.288,4.053,2.566,6.815,3.284,1.0242,-2.2584,5.9803,-156.0668,-179.616,-0.1551
1741951390.368,4.056,2.564,6.817,3.283,1.0242,-2.2584,5.9803,-156.0622,-179.6215,-0.1501
1741951390.447,4.053,2.565,6.815,3.283,1.0242,-2.2583,5.9803,-156.0643,-179.5965,-0.1382
1741951390.527,4.055,2.565,6.817,3.283,1.0242,-2.2583,5.9803,-156.0664,-179.6073,-0.1513
1741951390.607,4.057,2.565,6.817,3.283,1.0242,-2.2583,5.9803,-156.0545,-179.6056,-0.1458
1741951390.686,4.057,2.565,6.817,3.283,1.0242,-2.2583,5.9803,-156.0543,-179.6018,-0.1511
1741951390.766,4.053,2.565,6.814,3.282,1.0242,-2.2583,5.9803,-156.0374,-179.6109,-0.1521
1741951390.846,4.055,2.571,6.816,3.287,1.0242,-2.2583,5.9803,-156.05,-179.6178,-0.1506
1741951390.925,4.054,2.57,6.816,3.287,1.0242,-2.2583,5.9803,-156.0655,-179.6427,-0.1669
1741951391.005,4.054,2.565,6.816,3.283,1.0242,-2.2583,5.9803,-156.0651,-179.6052,-0.1589
1741951391.085,4.054,2.565,6.815,3.283,1.0242,-2.2583,5.9803,-156.0494,-179.6072,-0.1463
1741951391.164,4.056,2.565,6.817,3.283,1.0242,-2.2583,5.9803,-156.0598,-179.6205,-0.1443
1741951391.244,4.054,2.565,6.815,3.283,1.0242,-2.2583,5.9803,-156.0565,-179.6099,-0.134
1741951391.323,4.054,2.565,6.815,3.283,1.0242,-2.2583,5.9803,-156.0565,-179.5973,-0.1497
1741951391.403,4.053,2.569,6.815,3.286,1.0241,-2.2583,5.9803,-156.0632,-179.5897,-0.1451
1741951391.483,4.053,2.569,6.815,3.286,1.0241,-2.2583,5.9803,-156.0571,-179.6155,-0.1642
1741951391.562,4.055,2.565,6.815,3.283,1.0241,-2.2583,5.9803,-156.0465,-179.6202,-0.1581
1741951391.642,4.054,2.57,6.816,3.287,1.0241,-2.2583,5.9803,-156.0644,-179.6174,-0.1484
1741951391.722,4.054,2.57,6.815,3.286,1.0241,-2.2583,5.9803,-156.0466,-179.6078,-0.1615
1741951391.801,4.055,2.57,6.815,3.286,1.0241,-2.2583,5.9803,-156.0464,-179.5984,-0.1519
1741951391.881,4.055,2.57,6.813,3.285,1.0241,-2.2583,5.9804,-156.0081,-179.6445,-0.1909
1741951391.961,4.054,2.57,6.812,3.284,1.0241,-2.2582,5.9804,-156.0032,-179.651,-0.1745
1741951392.04,4.054,2.571,6.814,3.286,1.0241,-2.2582,5.9804,-156.0325,-179.6421,-0.1666
1741951392.12,4.055,2.571,6.815,3.286,1.0241,-2.2582,5.9804,-156.0387,-179.6218,-0.1626
1741951392.2,4.053,2.571,6.814,3.286,1.0241,-2.2582,5.9804,-156.0438,-179.6218,-0.1508
1741951392.279,4.053,2.565,6.814,3.283,1.0241,-2.2582,5.9804,-156.0514,-179.6029,-0.1403
1741951392.359,4.056,2.57,6.816,3.286,1.0241,-2.2582,5.9804,-156.0436,-179.6126,-0.1325
1741951392.438,4.053,2.57,6.814,3.286,1.0241,-2.2582,5.9804,-156.0467,-179.6313,-0.1459
1741951392.518,4.052,2.57,6.814,3.286,1.0241,-2.2582,5.9804,-156.0514,-179.6143,-0.156
1741951392.598,4.055,2.57,6.817,3.287,1.0241,-2.2582,5.9804,-156.0689,-179.6202,-0.1539
1741951392.677,4.055,2.565,6.817,3.284,1.0241,-2.2582,5.9804,-156.0708,-179.6224,-0.1446
1741951392.757,4.055,2.565,6.817,3.283,1.0241,-2.2582,5.9804,-156.0664,-179.6255,-0.132
1741951392.837,4.055,2.565,6.816,3.283,1.0241,-2.2582,5.9804,-156.0633,-179.5955,-0.1303
1741951392.916,4.055,2.565,6.816,3.283,1.0241,-2.2582,5.9804,-156.0618,-179.6145,-0.1648
1741951392.996,4.056,2.565,6.817,3.283,1.0241,-2.2582,5.9804,-156.0622,-179.6509,-0.1752
1741951393.076,4.056,2.565,6.817,3.283,1.0241,-2.2582,5.9804,-156.0671,-179.6354,-0.1529
1741951393.155,4.054,2.57,6.816,3.286,1.0241,-2.2582,5.9804,-156.0598,-179.6481,-0.1738
1741951393.235,4.054,2.57,6.815,3.286,1.0241,-2.2582,5.9804,-156.0528,-179.6517,-0.1541
1741951393.315,4.056,2.565,6.817,3.283,1.0241,-2.2582,5.9804,-156.0654,-179.6338,-0.149
1741951393.394,4.056,2.565,6.816,3.283,1.0241,-2.2582,5.9804,-156.0427,-179.7059,-0.2088
1741951393.474,4.056,2.565,6.813,3.281,1.0241,-2.2582,5.9804,-155.9997,-179.7509,-0.2499
1741951393.554,4.054,2.569,6.813,3.284,1.0241,-2.2582,5.9804,-156.0225,-179.6912,-0.2247
1741951393.633,4.054,2.57,6.814,3.286,1.0241,-2.2582,5.9804,-156.0368,-179.6627,-0.2003
1741951393.713,4.054,2.569,6.815,3.286,1.0241,-2.2582,5.9804,-156.0554,-179.6224,-0.1557
1741951393.792,4.055,2.569,6.815,3.285,1.0241,-2.2582,5.9804,-156.0464,-179.6277,-0.155
1741951393.872,4.055,2.565,6.815,3.283,1.0241,-2.2582,5.9804,-156.0395,-179.6276,-0.1681
1741951393.952,4.054,2.565,6.814,3.282,1.024,-2.2582,5.9804,-156.0373,-179.6139,-0.1595
1741951394.031,4.054,2.57,6.814,3.286,1.024,-2.2582,5.9804,-156.0393,-179.6214,-0.155
1741951394.111,4.054,2.565,6.814,3.282,1.024,-2.2582,5.9804,-156.0378,-179.6066,-0.1633
1741951394.191,4.055,2.565,6.816,3.283,1.024,-2.2582,5.9804,-156.0575,-179.6014,-0.1573
1741951394.27,4.055,2.566,6.815,3.283,1.024,-2.2581,5.9804,-156.0336,-179.6286,-0.1734
1741951394.35,4.053,2.564,6.815,3.282,1.024,-2.2581,5.9804,-156.0551,-179.6185,-0.1624
1741951394.43,4.055,2.57,6.816,3.286,1.024,-2.2581,5.9804,-156.0533,-179.6015,-0.1522
1741951394.509,4.055,2.566,6.815,3.283,1.024,-2.2581,5.9804,-156.0466,-179.6235,-0.1717
1741951394.589,4.054,2.566,6.815,3.283,1.024,-2.2581,5.9804,-156.0492,-179.618,-0.1554
1741951394.669,4.054,2.565,6.815,3.283,1.024,-2.2581,5.9804,-156.0538,-179.6119,-0.1545
1741951394.748,4.055,2.57,6.816,3.286,1.024,-2.2581,5.9804,-156.0568,-179.6101,-0.1422
1741951394.828,4.054,2.57,6.815,3.286,1.024,-2.2581,5.9804,-156.0555,-179.6134,-0.1375
1741951394.907,4.056,2.565,6.817,3.283,1.024,-2.2581,5.9804,-156.0616,-179.6127,-0.1405
1741951394.987,4.055,2.565,6.816,3.283,1.024,-2.2581,5.9804,-156.0592,-179.6232,-0.1396
1741951395.067,4.055,2.571,6.816,3.287,1.024,-2.2581,5.9804,-156.0612,-179.6187,-0.1459
1741951395.146,4.056,2.571,6.816,3.287,1.024,-2.2581,5.9804,-156.0509,-179.6124,-0.1521
1741951395.226,4.054,2.565,6.814,3.282,1.024,-2.2581,5.9804,-156.0363,-179.6002,-0.1481
1741951395.306,4.054,2.57,6.815,3.286,1.024,-2.2581,5.9804,-156.0432,-179.6003,-0.1463
1741951395.385,4.055,2.57,6.816,3.286,1.024,-2.2581,5.9804,-156.0586,-179.5837,-0.1567
1741951395.465,4.055,2.571,6.816,3.287,1.024,-2.2581,5.9804,-156.0579,-179.6051,-0.1554
1741951395.545,4.056,2.565,6.817,3.283,1.024,-2.2581,5.9804,-156.0671,-179.6133,-0.158
1741951395.624,4.054,2.57,6.817,3.287,1.024,-2.2581,5.9804,-156.0818,-179.6008,-0.1424
1741951395.704,4.055,2.564,6.817,3.283,1.024,-2.2581,5.9804,-156.0725,-179.6049,-0.148
1741951395.784,4.055,2.564,6.816,3.283,1.024,-2.2581,5.9804,-156.0606,-179.6015,-0.154
1741951395.863,4.056,2.565,6.817,3.283,1.024,-2.2581,5.9804,-156.0669,-179.5919,-0.1491
1741951395.943,4.055,2.569,6.815,3.285,1.024,-2.2581,5.9804,-156.0375,-179.585,-0.1395
1741951396.023,4.054,2.57,6.815,3.286,1.024,-2.2581,5.9804,-156.048,-179.5863,-0.1414
1741951396.102,4.054,2.565,6.815,3.283,1.024,-2.2581,5.9804,-156.0523,-179.587,-0.1492
1741951396.182,4.054,2.565,6.815,3.283,1.024,-2.2581,5.9804,-156.0582,-179.5611,-0.1513
1741951396.262,4.054,2.565,6.815,3.283,1.024,-2.2581,5.9804,-156.0475,-179.5942,-0.1571
1741951396.341,4.055,2.565,6.816,3.283,1.024,-2.2581,5.9804,-156.0593,-179.6267,-0.1496
1741951396.421,4.057,2.565,6.817,3.283,1.024,-2.2581,5.9804,-156.0441,-179.6176,-0.1347
1741951396.5,4.056,2.57,6.816,3.286,1.024,-2.2581,5.9804,-156.0432,-179.6227,-0.153
1741951396.58,4.056,2.57,6.816,3.286,1.024,-2.2581,5.9804,-156.0433,-179.5916,-0.1128
1741951396.66,4.056,2.57,6.816,3.286,1.024,-2.2581,5.9804,-156.0398,-179.6113,-0.1334
1741951396.739,4.055,2.565,6.815,3.283,1.024,-2.2581,5.9804,-156.0425,-179.6073,-0.1453
1741951396.819,4.055,2.57,6.815,3.286,1.024,-2.2581,5.9804,-156.0468,-179.6117,-0.1471
1741951396.899,4.054,2.57,6.815,3.286,1.024,-2.2581,5.9804,-156.0515,-179.5835,-0.1103
1741951396.978,4.054,2.57,6.815,3.286,1.024,-2.2581,5.9804,-156.0449,-179.5671,-0.1225
1741951397.058,4.054,2.57,6.815,3.286,1.024,-2.2581,5.9804,-156.0499,-179.5778,-0.135
1741951397.138,4.055,2.569,6.815,3.285,1.024,-2.2581,5.9804,-156.0441,-179.5874,-0.1366
1741951397.217,4.054,2.57,6.814,3.286,1.024,-2.2581,5.9804,-156.039,-179.5886,-0.144
1741951397.297,4.055,2.57,6.815,3.286,1.024,-2.2581,5.9804,-156.0443,-179.5656,-0.1388
1741951397.377,4.055,2.571,6.817,3.287,1.024,-2.2581,5.9804,-156.0717,-179.573,-0.1564
1741951397.456,4.055,2.566,6.816,3.284,1.024,-2.2581,5.9804,-156.06,-179.5845,-0.1677
1741951397.536,4.054,2.57,6.815,3.286,1.024,-2.2581,5.9804,-156.0588,-179.5704,-0.1354
1741951397.615,4.055,2.565,6.816,3.283,1.024,-2.2581,5.9804,-156.0573,-179.587,-0.1533
1741951397.695,4.053,2.565,6.815,3.284,1.024,-2.2581,5.9804,-156.07,-179.5678,-0.1333
1741951397.775,4.053,2.565,6.815,3.283,1.024,-2.2581,5.9804,-156.0617,-179.5735,-0.1327
1741951397.854,4.056,2.569,6.817,3.286,1.024,-2.2581,5.9804,-156.059,-179.581,-0.1315
1741951397.934,4.055,2.565,6.816,3.283,1.024,-2.2581,5.9804,-156.0601,-179.5894,-0.1319
1741951398.014,4.055,2.565,6.816,3.283,1.024,-2.2581,5.9804,-156.0567,-179.587,-0.1346
1741951398.093,4.054,2.565,6.815,3.283,1.024,-2.2581,5.9804,-156.0473,-179.5643,-0.1115
1741951398.173,4.054,2.57,6.816,3.287,1.024,-2.2581,5.9804,-156.0692,-179.6766,-0.1771
1741951398.253,4.054,2.565,6.818,3.285,1.024,-2.2581,5.9804,-156.0994,-179.6172,-0.1448
1741951398.332,4.055,2.564,6.817,3.283,1.024,-2.2581,5.9804,-156.0815,-179.5897,-0.1385
1741951398.412,4.054,2.569,6.816,3.286,1.024,-2.2581,5.9804,-156.0642,-179.6398,-0.1781
1741951398.492,4.055,2.569,6.815,3.285,1.024,-2.2581,5.9804,-156.0451,-179.617,-0.1427
1741951398.571,4.055,2.569,6.815,3.285,1.024,-2.258,5.9804,-156.0453,-179.5834,-0.1188
1741951398.651,4.055,2.57,6.816,3.286,1.024,-2.258,5.9804,-156.052,-179.5837,-0.126
1741951398.731,4.057,2.569,6.817,3.286,1.024,-2.258,5.9804,-156.0537,-179.5802,-0.1247
1741951398.81,4.054,2.565,6.816,3.283,1.024,-2.2581,5.9804,-156.0638,-179.59,-0.1461
1741951398.89,4.053,2.565,6.814,3.283,1.024,-2.258,5.9804,-156.0479,-179.5787,-0.134
1741951398.969,4.053,2.565,6.813,3.282,1.024,-2.258,5.9804,-156.0332,-179.5988,-0.1487
1741951399.049,4.053,2.571,6.813,3.286,1.024,-2.258,5.9804,-156.0276,-179.5953,-0.1261
1741951399.129,4.054,2.57,6.814,3.285,1.024,-2.258,5.9804,-156.0314,-179.6011,-0.1433
1741951399.208,4.055,2.565,6.814,3.282,1.024,-2.258,5.9804,-156.0266,-179.6089,-0.1418
1741951399.288,4.055,2.565,6.816,3.283,1.024,-2.258,5.9804,-156.053,-179.616,-0.1576
1741951399.368,4.055,2.57,6.816,3.286,1.024,-2.258,5.9804,-156.0559,-179.6363,-0.1734
1741951399.447,4.054,2.57,6.815,3.286,1.024,-2.258,5.9804,-156.0453,-179.6295,-0.1555
1741951399.527,4.055,2.57,6.815,3.286,1.024,-2.258,5.9804,-156.04,-179.611,-0.1447
1741951399.607,4.055,2.57,6.815,3.286,1.024,-2.258,5.9804,-156.0458,-179.6097,-0.1361
1741951399.686,4.054,2.57,6.817,3.287,1.0239,-2.258,5.9804,-156.08,-179.5735,-0.1149
1741951399.766,4.054,2.57,6.816,3.287,1.0239,-2.258,5.9804,-156.0704,-179.5767,-0.112
1741951399.845,4.054,2.57,6.817,3.287,1.024,-2.2581,5.9804,-156.0821,-179.5972,-0.1456
1741951399.925,4.054,2.566,6.816,3.284,1.0239,-2.258,5.9804,-156.0748,-179.5686,-0.131
1741951400.005,4.054,2.57,6.815,3.286,1.0239,-2.258,5.9804,-156.0439,-179.5897,-0.1341
1741951400.084,4.055,2.57,6.815,3.286,1.0239,-2.258,5.9804,-156.0369,-179.5901,-0.1453
1741951400.164,4.055,2.57,6.817,3.287,1.0239,-2.258,5.9804,-156.0666,-179.5795,-0.1341
1741951400.244,4.055,2.565,6.816,3.283,1.0239,-2.258,5.9804,-156.0488,-179.5937,-0.1456
1741951400.323,4.055,2.565,6.816,3.283,1.0239,-2.258,5.9804,-156.0505,-179.5918,-0.1296
1741951400.403,4.056,2.57,6.816,3.286,1.0239,-2.258,5.9804,-156.0542,-179.5754,-0.1349
1741951400.483,4.054,2.57,6.815,3.286,1.0239,-2.258,5.9804,-156.0454,-179.6081,-0.1461
1741951400.562,4.054,2.564,6.815,3.282,1.0239,-2.258,5.9804,-156.0568,-179.5852,-0.1501
1741951400.642,4.056,2.571,6.816,3.286,1.0239,-2.258,5.9804,-156.0385,-179.5935,-0.1589
1741951400.722,4.053,2.565,6.813,3.282,1.0239,-2.258,5.9804,-156.0324,-179.6055,-0.16
1741951400.801,4.055,2.566,6.815,3.283,1.0239,-2.258,5.9804,-156.0304,-179.6432,-0.168
1741951400.881,4.056,2.566,6.815,3.283,1.0239,-2.258,5.9804,-156.0278,-179.6162,-0.1438
1741951400.961,4.056,2.565,6.816,3.283,1.0239,-2.258,5.9804,-156.043,-179.6215,-0.1487
1741951401.04,4.056,2.565,6.816,3.283,1.0239,-2.258,5.9804,-156.0429,-179.6155,-0.142
1741951401.12,4.056,2.565,6.816,3.283,1.0239,-2.258,5.9804,-156.0421,-179.6136,-0.15
1741951401.2,4.055,2.564,6.815,3.282,1.0239,-2.258,5.9804,-156.0302,-179.6047,-0.1735
1741951401.279,4.055,2.564,6.815,3.282,1.0239,-2.258,5.9804,-156.0346,-179.6075,-0.1513
1741951401.359,4.054,2.564,6.814,3.282,1.0239,-2.258,5.9804,-156.0295,-179.6066,-0.1549
