point_index,error,original_x,original_y,original_z,target_x,target_y,target_z,transformed_x,transformed_y,transformed_z,exceeds_threshold
0,0.042059481689626164,0.6449,0,-5.0415,0.354,0,-0.422,0.314,0.0,-0.409,0
1,0.04143669871020131,0.6448,0,-5.0415,0.353,0,-0.423,0.314,0.0,-0.409,0
2,0.04237924020083417,0.6449,0,-5.0415,0.354,0,-0.423,0.314,0.0,-0.409,0
3,0.04554119014694279,0.6449,0,-5.0414,0.357,0,-0.424,0.314,0.0,-0.409,0
4,0.04554119014694279,0.6449,0,-5.0415,0.357,0,-0.424,0.314,0.0,-0.409,0
5,0.0442718872423573,0.6448,0,-5.0415,0.356,0,-0.423,0.314,0.0,-0.409,0
6,0.04617358552246077,0.6448,0,-5.0416,0.358,0,-0.423,0.314,0.0,-0.409,0
7,0.043657759905886134,0.6449,0,-5.0416,0.355,0,-0.424,0.314,0.0,-0.409,0
8,0.04178516483155234,0.6448,0,-5.0415,0.353,0,-0.424,0.314,0.0,-0.409,0
9,0.04178516483155234,0.6448,0,-5.0416,0.353,0,-0.424,0.314,0.0,-0.409,0
10,0.04332435804486893,0.6449,0,-5.0415,0.355,0,-0.423,0.314,0.0,-0.409,0
11,0.04522167621838004,0.6449,0,-5.0416,0.357,0,-0.423,0.314,0.0,-0.409,0
12,0.04272001872658764,0.6449,0,-5.0416,0.354,0,-0.424,0.314,0.0,-0.409,0
13,0.0442718872423573,0.6449,0,-5.0415,0.356,0,-0.423,0.314,0.0,-0.409,0
14,0.0442718872423573,0.6449,0,-5.0416,0.356,0,-0.423,0.314,0.0,-0.409,0
15,0.04332435804486893,0.6448,0,-5.0416,0.355,0,-0.423,0.314,0.0,-0.409,0
16,0.04554119014694279,0.6448,0,-5.0416,0.357,0,-0.424,0.314,0.0,-0.409,0
17,0.0442718872423573,0.6449,0,-5.0416,0.356,0,-0.423,0.314,0.0,-0.409,0
18,0.04332435804486893,0.6449,0,-5.0416,0.355,0,-0.423,0.314,0.0,-0.409,0
19,0.04332435804486893,0.6449,0,-5.0416,0.355,0,-0.423,0.314,0.0,-0.409,0
20,0.04332435804486893,0.6449,0,-5.0416,0.355,0,-0.423,0.314,0.0,-0.409,0
21,0.042059481689626164,0.6448,0,-5.0416,0.354,0,-0.422,0.314,0.0,-0.409,0
22,0.04237924020083417,0.6449,0,-5.0416,0.354,0,-0.423,0.314,0.0,-0.409,0
23,0.04178516483155234,0.6448,0,-5.0416,0.353,0,-0.424,0.314,0.0,-0.409,0
24,0.04178516483155234,0.6449,0,-5.0416,0.353,0,-0.424,0.314,0.0,-0.409,0
25,0.04237924020083417,0.6448,0,-5.0416,0.354,0,-0.423,0.314,0.0,-0.409,0
26,0.04332435804486893,0.6448,0,-5.0416,0.355,0,-0.423,0.314,0.0,-0.409,0
27,0.04085339643163098,0.6429,0,-5.0402,0.355,0,-0.424,0.317,0.0,-0.409,0
28,0.03312099032335837,0.6366,0,-5.0359,0.353,0,-0.425,0.324,0.0,-0.409,0
29,0.023345235059857482,0.6269,0,-5.0295,0.353,0,-0.425,0.336,0.0,-0.409,0
30,0.017029386365926418,0.6157,0,-5.0217,0.361,0,-0.422,0.35,0.0,-0.409,0
31,0.019104973174542815,0.6051,0,-5.0144,0.376,0,-0.423,0.363,0.0,-0.409,0
32,0.019209372712298563,0.5958,0,-5.0081,0.389,0,-0.421,0.374,0.0,-0.409,0
33,0.025238858928247947,0.5876,0,-5.0023,0.405,0,-0.423,0.384,0.0,-0.409,0
34,0.01843908891458579,0.5801,0,-4.9971,0.405,0,-0.423,0.393,0.0,-0.409,0
35,0.02360084744241187,0.5726,0,-4.9918,0.421,0,-0.424,0.402,0.0,-0.41,0
36,0.024083189157584613,0.5644,0,-4.9856,0.43,0,-0.426,0.412,0.0,-0.41,0
37,0.026248809496813397,0.5546,0,-4.9791,0.444,0,-0.427,0.424,0.0,-0.41,0
38,0.026172504656604822,0.5441,0,-4.9717,0.456,0,-0.428,0.437,0.0,-0.41,0
39,0.018027756377319962,0.5339,0,-4.9643,0.456,0,-0.428,0.45,0.0,-0.411,0
40,0.019416487838947585,0.5239,0,-4.9569,0.473,0,-0.427,0.462,0.0,-0.411,0
41,0.022203603311174536,0.4884,0,-4.9314,0.519,0,-0.43,0.506,0.0,-0.412,0
42,0.020124611797498124,0.4657,0,-4.915,0.543,0,-0.431,0.534,0.0,-0.413,0
43,0.023853720883753086,0.4431,0,-4.8986,0.575,0,-0.434,0.562,0.0,-0.414,0
44,0.025709920264364906,0.2143,0,-4.7342,0.849,0,-0.447,0.843,0.0,-0.422,0
45,0.02773084924772412,0.2058,0,-4.7285,0.865,0,-0.447,0.853,0.0,-0.422,0
46,0.03140063693621519,0.1979,0,-4.723,0.882,0,-0.447,0.863,0.0,-0.422,0
47,0.0360693775937429,0.1906,0,-4.718,0.898,0,-0.447,0.872,0.0,-0.422,0
48,0.03535533905932741,0.1831,0,-4.7127,0.906,0,-0.448,0.881,0.0,-0.423,0
49,0.02915475947422653,0.1749,0,-4.7073,0.906,0,-0.448,0.891,0.0,-0.423,0
50,0.031240998703626646,0.1665,0,-4.7015,0.921,0,-0.447,0.901,0.0,-0.423,0
51,0.034058772731852836,0.1573,0,-4.6955,0.934,0,-0.448,0.912,0.0,-0.422,0
52,0.0320156211871642,0.1482,0,-4.6891,0.943,0,-0.448,0.923,0.0,-0.423,0
53,0.03264965543462897,0.1386,0,-4.6825,0.956,0,-0.448,0.935,0.0,-0.423,0
54,0.026925824035672542,0.1294,0,-4.6763,0.956,0,-0.448,0.946,0.0,-0.423,0
55,0.029529646120466827,0.1205,0,-4.6696,0.971,0,-0.449,0.957,0.0,-0.423,0
56,0.02865309756378883,0.1119,0,-4.6635,0.982,0,-0.449,0.968,0.0,-0.424,0
57,0.03560898762952974,0.1033,0,-4.6579,1.0,0,-0.451,0.978,0.0,-0.423,0
58,0.03560898762952974,0.0951,0,-4.6519,1.01,0,-0.452,0.988,0.0,-0.424,0
59,0.03046309242345566,0.0871,0,-4.6462,1.01,0,-0.452,0.998,0.0,-0.424,0
60,0.033541019662496924,0.0793,0,-4.6408,1.022,0,-0.454,1.007,0.0,-0.424,0
61,0.03448187929913331,0.0743,0,-4.6372,1.031,0,-0.454,1.014,0.0,-0.424,0
62,0.04455333881989097,0.0734,0,-4.6365,1.047,0,-0.455,1.015,0.0,-0.424,0
63,0.052009614495783334,0.0738,0,-4.6367,1.055,0,-0.456,1.014,0.0,-0.424,1
64,0.052009614495783334,0.0739,0,-4.6368,1.055,0,-0.456,1.014,0.0,-0.424,1
65,0.046097722286464395,0.074,0,-4.6369,1.049,0,-0.454,1.014,0.0,-0.424,0
66,0.05080354318352211,0.074,0,-4.6368,1.055,0,-0.454,1.014,0.0,-0.424,1
67,0.047507894080878854,0.0739,0,-4.637,1.05,0,-0.455,1.014,0.0,-0.424,0
68,0.04686149805543997,0.0738,0,-4.6368,1.05,0,-0.454,1.014,0.0,-0.424,0
69,0.04686149805543997,0.0739,0,-4.6368,1.05,0,-0.454,1.014,0.0,-0.424,0
70,0.05060632371552003,0.0739,0,-4.6371,1.054,0,-0.455,1.014,0.0,-0.424,1
71,0.046097722286464395,0.074,0,-4.6369,1.049,0,-0.454,1.014,0.0,-0.424,0
72,0.05140038910358554,0.0738,0,-4.6368,1.055,0,-0.455,1.014,0.0,-0.424,1
73,0.048414873747640856,0.0722,0,-4.6354,1.054,0,-0.455,1.016,0.0,-0.425,0
74,0.046097722286464395,0.0697,0,-4.633,1.055,0,-0.455,1.02,0.0,-0.425,0
75,0.04404543109109052,0.0656,0,-4.629,1.059,0,-0.454,1.025,0.0,-0.426,0
76,0.03962322551231786,0.0611,0,-4.6246,1.059,0,-0.456,1.032,0.0,-0.427,0
77,0.041725292090050166,0.0569,0,-4.6204,1.067,0,-0.457,1.037,0.0,-0.428,0
78,0.042201895692018355,0.0534,0,-4.6168,1.067,0,-0.463,1.042,0.0,-0.429,0
79,0.03860051813123753,0.0505,0,-4.6138,1.069,0,-0.461,1.046,0.0,-0.43,0
80,0.042438190347845926,0.0482,0,-4.6112,1.074,0,-0.466,1.05,0.0,-0.431,0
81,0.04468780594300877,0.0456,0,-4.6084,1.082,0,-0.466,1.053,0.0,-0.432,0
82,0.04482186966202998,0.0434,0,-4.6061,1.085,0,-0.468,1.057,0.0,-0.433,0
83,0.04743416490252562,0.0413,0,-4.6036,1.087,0,-0.473,1.06,0.0,-0.434,0
84,0.046043457732885346,0.0388,0,-4.6009,1.089,0,-0.472,1.063,0.0,-0.434,0
85,0.04518849411077996,0.0364,0,-4.599,1.085,0,-0.476,1.066,0.0,-0.435,0
86,0.0462385120867876,0.0341,0,-4.5969,1.086,0,-0.478,1.069,0.0,-0.435,0
87,0.047169905660282965,0.0319,0,-4.5948,1.089,0,-0.48,1.072,0.0,-0.436,0
88,0.04701063709417267,0.0299,0,-4.5931,1.094,0,-0.479,1.075,0.0,-0.436,0
89,0.04588027898781784,0.0278,0,-4.5912,1.094,0,-0.479,1.078,0.0,-0.436,0
90,0.0481040538832228,0.0254,0,-4.5891,1.098,0,-0.482,1.081,0.0,-0.437,0
91,0.048466483264210526,0.0228,0,-4.5867,1.102,0,-0.482,1.084,0.0,-0.437,0
92,0.044598206241955464,0.0201,0,-4.5843,1.103,0,-0.48,1.088,0.0,-0.438,0
93,0.05008991914547277,0.0174,0,-4.5818,1.114,0,-0.483,1.092,0.0,-0.438,1
94,0.047169905660282965,0.0143,0,-4.5791,1.113,0,-0.483,1.096,0.0,-0.439,0
95,0.04753945729601884,0.0113,0,-4.5765,1.118,0,-0.483,1.1,0.0,-0.439,0
96,0.0474236228055175,0.0075,0,-4.5729,1.125,0,-0.483,1.105,0.0,-0.44,0
97,0.047507894080878695,0.0038,0,-4.5687,1.134,0,-0.483,1.11,0.0,-0.442,0
98,0.04924428900898041,-0.0003,0,-4.5647,1.14,0,-0.486,1.116,0.0,-0.443,0
99,0.04527692569068702,-0.0041,0,-4.5606,1.144,0,-0.483,1.121,0.0,-0.444,0
100,0.04254409477236532,-0.0073,0,-4.557,1.143,0,-0.484,1.126,0.0,-0.445,0
101,0.04531004303683671,-0.0106,0,-4.5533,1.148,0,-0.488,1.131,0.0,-0.446,0
102,0.0462385120867876,-0.014,0,-4.5494,1.153,0,-0.491,1.136,0.0,-0.448,0
103,0.07138627319029904,-0.0874,0,-4.4725,1.226,0,-0.54,1.24,0.0,-0.47,1
104,0.06935416353759888,-0.0913,0,-4.4697,1.238,0,-0.539,1.245,0.0,-0.47,1
105,0.06519202405202654,-0.095,0,-4.4669,1.254,0,-0.536,1.249,0.0,-0.471,1
106,0.06918092222571195,-0.0991,0,-4.4642,1.249,0,-0.54,1.254,0.0,-0.471,1
107,0.06403124237432854,-0.1033,0,-4.4614,1.257,0,-0.534,1.259,0.0,-0.47,1
108,0.06207253821135404,-0.1071,0,-4.4589,1.261,0,-0.532,1.264,0.0,-0.47,1
109,0.05707889277132139,-0.1107,0,-4.4566,1.271,0,-0.527,1.268,0.0,-0.47,1
110,0.055443665102516484,-0.1143,0,-4.4543,1.279,0,-0.525,1.272,0.0,-0.47,1
111,0.057008771254956944,-0.118,0,-4.4523,1.277,0,-0.527,1.276,0.0,-0.47,1
112,0.055108982933819495,-0.1219,0,-4.4499,1.292,0,-0.524,1.281,0.0,-0.47,1
113,0.05261178575186367,-0.1259,0,-4.4475,1.294,0,-0.521,1.286,0.0,-0.469,1
114,0.05141984052872981,-0.1302,0,-4.4452,1.302,0,-0.519,1.29,0.0,-0.469,1
115,0.05056678751908207,-0.1347,0,-4.4426,1.317,0,-0.514,1.296,0.0,-0.468,1
116,0.049335585534176066,-0.1393,0,-4.4402,1.316,0,-0.515,1.301,0.0,-0.468,0
117,0.04681879964287849,-0.1439,0,-4.4381,1.322,0,-0.511,1.306,0.0,-0.467,0
118,0.0453100430368368,-0.1496,0,-4.4346,1.33,0,-0.509,1.313,0.0,-0.467,0
119,0.04382921400162218,-0.1559,0,-4.4304,1.345,0,-0.503,1.32,0.0,-0.467,0
120,0.04494441010848846,-0.1629,0,-4.4255,1.353,0,-0.505,1.329,0.0,-0.467,0
121,0.04085339643163094,-0.1706,0,-4.4201,1.353,0,-0.505,1.338,0.0,-0.467,0
122,0.04123105625617659,-0.1789,0,-4.4143,1.364,0,-0.505,1.348,0.0,-0.467,0
123,0.04080441152620631,-0.1869,0,-4.4085,1.37,0,-0.506,1.358,0.0,-0.467,0
124,0.038999999999999944,-0.1943,0,-4.4031,1.382,0,-0.504,1.367,0.0,-0.468,0
125,0.04548626166217669,-0.2019,0,-4.3978,1.401,0,-0.506,1.376,0.0,-0.468,0
126,0.04123105625617659,-0.2091,0,-4.3928,1.401,0,-0.506,1.385,0.0,-0.468,0
127,0.03956008088970498,-0.2164,0,-4.3885,1.405,0,-0.506,1.394,0.0,-0.468,0
128,0.04527692569068713,-0.2245,0,-4.3855,1.425,0,-0.504,1.402,0.0,-0.465,0
129,0.04750789408087888,-0.2327,0,-4.3828,1.441,0,-0.499,1.41,0.0,-0.463,0
130,0.047169905660283035,-0.241,0,-4.3796,1.459,0,-0.486,1.419,0.0,-0.461,0
131,0.03640054944640253,-0.4545,0,-4.2527,1.68,0,-0.481,1.667,0.0,-0.447,0
132,0.034999999999999976,-0.4658,0,-4.2453,1.68,0,-0.481,1.68,0.0,-0.446,0
133,0.036013886210738186,-0.4781,0,-4.2381,1.696,0,-0.482,1.695,0.0,-0.446,0
134,0.03785498646149538,-0.4907,0,-4.2305,1.717,0,-0.482,1.709,0.0,-0.445,0
135,0.035227829907617046,-0.5032,0,-4.2226,1.728,0,-0.479,1.724,0.0,-0.444,0
136,0.03889730067755343,-0.5153,0,-4.2148,1.727,0,-0.481,1.739,0.0,-0.444,0
137,0.038052595180880874,-0.5282,0,-4.2074,1.751,0,-0.481,1.753,0.0,-0.443,0
138,0.033136083051561745,-0.5413,0,-4.2016,1.771,0,-0.473,1.768,0.0,-0.44,0
139,0.033837848631377204,-0.5542,0,-4.195,1.793,0,-0.471,1.782,0.0,-0.439,0
140,0.03699999999999998,-0.5666,0,-4.188,1.808,0,-0.473,1.796,0.0,-0.438,0
141,0.037054014627297786,-0.5789,0,-4.181,1.808,0,-0.473,1.81,0.0,-0.436,0
142,0.03899999999999998,-0.5908,0,-4.1749,1.823,0,-0.474,1.823,0.0,-0.435,0
143,0.036013886210738186,-0.6029,0,-4.1674,1.839,0,-0.47,1.838,0.0,-0.434,0
144,0.03612478373637688,-0.6161,0,-4.1599,1.856,0,-0.469,1.853,0.0,-0.433,0
145,0.0373363094051889,-0.6296,0,-4.152,1.873,0,-0.469,1.868,0.0,-0.432,0
146,0.03984971769034253,-0.6439,0,-4.1434,1.873,0,-0.469,1.885,0.0,-0.431,0
147,0.03667424164178455,-0.6591,0,-4.1347,1.896,0,-0.466,1.903,0.0,-0.43,0
148,0.03785498646149543,-0.6744,0,-4.1262,1.912,0,-0.465,1.92,0.0,-0.428,0
149,0.0414366987102013,-0.6884,0,-4.1166,1.931,0,-0.469,1.937,0.0,-0.428,0
150,0.04257933771208754,-0.7027,0,-4.1061,1.948,0,-0.471,1.955,0.0,-0.429,0
151,0.0488773976393998,-0.7179,0,-4.0964,1.948,0,-0.471,1.973,0.0,-0.429,0
152,0.04477722635447621,-0.7326,0,-4.0868,1.972,0,-0.469,1.99,0.0,-0.428,0
153,0.04464302857109941,-0.7471,0,-4.0781,1.995,0,-0.47,2.007,0.0,-0.427,0
154,0.04341658669218484,-0.7616,0,-4.0693,2.018,0,-0.47,2.024,0.0,-0.427,0
155,0.04301162633521311,-0.7752,0,-4.0608,2.039,0,-0.469,2.04,0.0,-0.426,0
156,0.04623851208678751,-0.7888,0,-4.0518,2.039,0,-0.469,2.056,0.0,-0.426,0
157,0.04808326112068516,-0.8025,0,-4.0424,2.059,0,-0.472,2.073,0.0,-0.426,0
158,0.04512205669071385,-0.8168,0,-4.0333,2.08,0,-0.47,2.09,0.0,-0.426,0
159,0.047381430961928546,-0.8316,0,-4.0237,2.102,0,-0.472,2.108,0.0,-0.425,0
160,0.048041648597857235,-0.8462,0,-4.0143,2.123,0,-0.473,2.125,0.0,-0.425,0
161,0.0516236379965611,-0.8604,0,-4.005,2.123,0,-0.473,2.142,0.0,-0.425,1
162,0.05028916384272052,-0.8743,0,-3.9958,2.144,0,-0.472,2.159,0.0,-0.424,1
163,0.05044799302251774,-0.8883,0,-3.9864,2.164,0,-0.473,2.176,0.0,-0.424,1
164,0.04652956049652737,-0.9024,0,-3.9773,2.185,0,-0.47,2.192,0.0,-0.424,0
165,0.04825971404805459,-0.9177,0,-3.9672,2.206,0,-0.472,2.211,0.0,-0.424,0
166,0.05331041174104731,-0.9318,0,-3.9581,2.206,0,-0.472,2.227,0.0,-0.423,1
167,0.05220153254455277,-0.9462,0,-3.9489,2.229,0,-0.473,2.244,0.0,-0.423,1
168,0.06315061361538778,-0.9605,0,-3.9394,2.25,0,-0.485,2.262,0.0,-0.423,1
169,0.07233947746562731,-0.9741,0,-3.93,2.271,0,-0.495,2.278,0.0,-0.423,1
170,0.07516648189186455,-0.9883,0,-3.9199,2.291,0,-0.498,2.296,0.0,-0.423,1
171,0.07720103626247521,-1.0026,0,-3.9098,2.291,0,-0.498,2.313,0.0,-0.424,1
172,0.07615773105863916,-1.0165,0,-3.9004,2.312,0,-0.498,2.33,0.0,-0.424,1
173,0.07595393340703299,-1.0304,0,-3.8908,2.335,0,-0.499,2.347,0.0,-0.424,1
174,0.0785175139698144,-1.0435,0,-3.8817,2.354,0,-0.502,2.363,0.0,-0.424,1
175,0.07702596964660686,-1.0567,0,-3.8726,2.377,0,-0.501,2.379,0.0,-0.424,1
176,0.07907591289387692,-1.0702,0,-3.8633,2.377,0,-0.501,2.395,0.0,-0.424,1
177,0.07942921376924239,-1.0844,0,-3.8537,2.397,0,-0.502,2.412,0.0,-0.424,1
178,0.07863841300534999,-1.099,0,-3.8447,2.419,0,-0.502,2.429,0.0,-0.424,1
179,0.07940403012442128,-1.1135,0,-3.8353,2.439,0,-0.502,2.447,0.0,-0.423,1
180,0.0790569415042095,-1.1271,0,-3.8261,2.46,0,-0.502,2.463,0.0,-0.423,1
181,0.08222530024268691,-1.1403,0,-3.8172,2.46,0,-0.503,2.479,0.0,-0.423,1
182,0.08139410298049857,-1.1535,0,-3.8081,2.48,0,-0.504,2.495,0.0,-0.424,1
183,0.08006247560499238,-1.1673,0,-3.7986,2.499,0,-0.503,2.512,0.0,-0.424,1
184,0.08039900496896714,-1.181,0,-3.7891,2.52,0,-0.504,2.528,0.0,-0.424,1
185,0.08221921916437785,-1.1947,0,-3.7798,2.539,0,-0.506,2.545,0.0,-0.424,1
186,0.08516454661418675,-1.2085,0,-3.7708,2.539,0,-0.506,2.562,0.0,-0.424,1
187,0.0813941029804985,-1.2219,0,-3.7615,2.563,0,-0.504,2.578,0.0,-0.424,1
188,0.0827345151674922,-1.2349,0,-3.7524,2.583,0,-0.506,2.594,0.0,-0.424,1
189,0.0821522975941635,-1.2488,0,-3.7431,2.605,0,-0.506,2.61,0.0,-0.424,1
190,0.0810246875958186,-1.2628,0,-3.7334,2.625,0,-0.505,2.627,0.0,-0.424,1
191,0.08343260753446463,-1.277,0,-3.7238,2.625,0,-0.505,2.645,0.0,-0.424,1
192,0.08336066218546975,-1.2905,0,-3.7145,2.646,0,-0.506,2.661,0.0,-0.424,1
193,0.08348652585896721,-1.304,0,-3.7056,2.668,0,-0.507,2.677,0.0,-0.424,1
194,0.08348652585896721,-1.338,0,-3.6822,2.709,0,-0.508,2.718,0.0,-0.425,1
195,0.08315046602394963,-1.3519,0,-3.6723,2.73,0,-0.508,2.735,0.0,-0.425,1
196,0.08400000000000002,-1.3658,0,-3.6628,2.752,0,-0.509,2.752,0.0,-0.425,1
197,0.08570297544426339,-1.3795,0,-3.6537,2.752,0,-0.509,2.769,0.0,-0.425,1
198,0.08386298349093003,-1.3892,0,-3.6447,2.77,0,-0.51,2.782,0.0,-0.427,1
199,0.08300000000000002,-1.396,0,-3.6386,2.791,0,-0.511,2.791,0.0,-0.428,1
200,0.08836288813749811,-1.4287,0,-3.6201,2.82,0,-0.513,2.828,0.0,-0.425,1
201,0.08492938243034628,-1.4812,0,-3.594,2.868,0,-0.5,2.886,0.0,-0.417,1
202,0.08238931969618393,-1.4968,0,-3.5846,2.897,0,-0.498,2.905,0.0,-0.416,1
203,0.07416872656315464,-1.5087,0,-3.5739,2.925,0,-0.493,2.92,0.0,-0.419,1
204,0.070178344238091,-1.516,0,-3.5667,2.926,0,-0.491,2.931,0.0,-0.421,1
205,0.07623647421018366,-1.5216,0,-3.5613,2.944,0,-0.498,2.938,0.0,-0.422,1
206,0.08438009243891596,-1.5267,0,-3.5559,2.953,0,-0.507,2.945,0.0,-0.423,1
207,0.08149846624323676,-1.5355,0,-3.5495,2.965,0,-0.505,2.956,0.0,-0.424,1
208,0.08161494961096281,-1.5526,0,-3.5397,2.966,0,-0.503,2.976,0.0,-0.422,1
209,0.09823441352194251,-1.5802,0,-3.5356,2.976,0,-0.505,3.001,0.0,-0.41,1
210,0.10694391053257787,-1.6011,0,-3.5204,2.976,0,-0.505,3.027,0.0,-0.411,1
211,0.08489994110716446,-1.6209,0,-3.5101,3.027,0,-0.491,3.049,0.0,-0.409,1
212,0.0833846508657319,-1.6362,0,-3.4999,3.06,0,-0.492,3.068,0.0,-0.409,1
213,0.0904709898254683,-1.6477,0,-3.4954,3.059,0,-0.494,3.08,0.0,-0.406,1
214,0.08999999999999997,-1.6543,0,-3.495,3.085,0,-0.492,3.085,0.0,-0.402,1
215,0.09119758768739444,-1.6631,0,-3.4922,3.1,0,-0.491,3.094,0.0,-0.4,1
216,0.08999999999999997,-1.677,0,-3.4842,3.11,0,-0.489,3.11,0.0,-0.399,1
217,0.08881441324469803,-1.6951,0,-3.4713,3.12,0,-0.487,3.132,0.0,-0.399,1
218,0.09284934033152832,-1.7128,0,-3.4563,3.12,0,-0.488,3.155,0.0,-0.402,1
219,0.09007774419910838,-1.7281,0,-3.4406,3.142,0,-0.489,3.177,0.0,-0.406,1
220,0.08640023148117142,-1.7428,0,-3.4303,3.171,0,-0.49,3.195,0.0,-0.407,1
221,0.08845903006477067,-1.7543,0,-3.423,3.199,0,-0.494,3.208,0.0,-0.406,1
222,0.08800568163476716,-1.7647,0,-3.4162,3.22,0,-0.494,3.221,0.0,-0.406,1
223,0.08910667763978179,-1.7759,0,-3.4086,3.22,0,-0.494,3.234,0.0,-0.406,1
224,0.08895504482602429,-1.7887,0,-3.4004,3.237,0,-0.494,3.25,0.0,-0.406,1
225,0.09124143795447329,-1.803,0,-3.3909,3.252,0,-0.495,3.267,0.0,-0.405,1
226,0.09060905032059438,-1.8177,0,-3.3808,3.268,0,-0.495,3.285,0.0,-0.406,1
227,0.09055385138137416,-1.8322,0,-3.3707,3.292,0,-0.496,3.302,0.0,-0.406,1
228,0.09396275858019495,-1.8462,0,-3.3613,3.292,0,-0.496,3.319,0.0,-0.406,1
229,0.0916787870774913,-1.8598,0,-3.352,3.314,0,-0.495,3.336,0.0,-0.406,1
230,0.09009439494219376,-1.8733,0,-3.3425,3.338,0,-0.495,3.352,0.0,-0.406,1
231,0.09364827814754523,-1.8868,0,-3.3331,3.358,0,-0.499,3.369,0.0,-0.406,1
232,0.09277930803794564,-1.8997,0,-3.3242,3.372,0,-0.499,3.384,0.0,-0.407,1
233,0.09712363255150622,-1.9127,0,-3.3156,3.372,0,-0.499,3.4,0.0,-0.406,1
234,0.09701546268507921,-1.9246,0,-3.3076,3.39,0,-0.5,3.414,0.0,-0.406,1
235,0.09338094023942999,-1.9375,0,-3.3017,3.412,0,-0.496,3.428,0.0,-0.404,1
236,0.0863712915267567,-1.9517,0,-3.2973,3.434,0,-0.486,3.442,0.0,-0.4,1
237,0.07300684899377594,-1.9665,0,-3.2926,3.456,0,-0.468,3.457,0.0,-0.395,1
238,0.07668767828015138,-1.9802,0,-3.2862,3.456,0,-0.468,3.472,0.0,-0.393,1
239,0.08452810183601661,-1.9936,0,-3.2797,3.471,0,-0.474,3.487,0.0,-0.391,1
240,0.08864536084872118,-2.0283,0,-3.262,3.509,0,-0.473,3.526,0.0,-0.386,1
241,0.09394147114027968,-2.0429,0,-3.252,3.524,0,-0.478,3.543,0.0,-0.386,1
242,0.10332473082471584,-2.0559,0,-3.2391,3.535,0,-0.49,3.561,0.0,-0.39,1
243,0.09411163583744572,-2.0702,0,-3.2257,3.557,0,-0.484,3.581,0.0,-0.393,1
244,0.10064790112068908,-2.086,0,-3.2144,3.557,0,-0.484,3.6,0.0,-0.393,1
245,0.10101980003939832,-2.1017,0,-3.2034,3.582,0,-0.487,3.619,0.0,-0.393,1
246,0.09972462083156798,-2.1165,0,-3.1932,3.61,0,-0.49,3.637,0.0,-0.394,1
247,0.10261578825892244,-2.1313,0,-3.1846,3.627,0,-0.491,3.654,0.0,-0.392,1
248,0.09590099061010789,-2.1469,0,-3.1788,3.651,0,-0.483,3.67,0.0,-0.389,1
249,0.09492101980067423,-2.1622,0,-3.1731,3.653,0,-0.474,3.686,0.0,-0.385,1
250,0.0887693640846885,-2.1767,0,-3.1656,3.681,0,-0.469,3.703,0.0,-0.383,1
251,0.09396275858019483,-2.1907,0,-3.1578,3.692,0,-0.471,3.719,0.0,-0.381,1
252,0.09178235124467006,-2.2053,0,-3.1499,3.717,0,-0.47,3.735,0.0,-0.38,1
253,0.09459386872308366,-2.2202,0,-3.141,3.73,0,-0.471,3.752,0.0,-0.379,1
254,0.10938464243210735,-2.2337,0,-3.1299,3.728,0,-0.481,3.77,0.0,-0.38,1
255,0.10119288512538813,-2.2453,0,-3.1167,3.755,0,-0.481,3.787,0.0,-0.385,1
256,0.09234717104492154,-2.2587,0,-3.105,3.776,0,-0.475,3.804,0.0,-0.387,1
257,0.040000000000000036,-2.2709,0,-3.0956,3.796,0,-0.356,3.82,0.0,-0.388,0
258,0.05336665625650532,-2.276,0,-3.0915,3.814,0,-0.337,3.826,0.0,-0.389,1
259,0.05217278984298235,-2.2749,0,-3.0926,3.814,0,-0.337,3.825,0.0,-0.388,1
260,1.0310819560054383,-2.2731,0,-3.0939,3.836,0,0.643,3.823,0.0,-0.388,1
261,1.0351236641097528,-2.2721,0,-3.0948,3.837,0,0.647,3.821,0.0,-0.388,1
262,1.0320818765970072,-2.2717,0,-3.095,3.834,0,0.644,3.821,0.0,-0.388,1
263,0.049477267507411916,-2.2718,0,-3.0948,3.833,0,-0.34,3.821,0.0,-0.388,0
264,0.049477267507411916,-2.2719,0,-3.095,3.833,0,-0.34,3.821,0.0,-0.388,0
265,0.05336665625650532,-2.2718,0,-3.0949,3.833,0,-0.336,3.821,0.0,-0.388,1
266,0.05239274758971894,-2.2718,0,-3.095,3.833,0,-0.337,3.821,0.0,-0.388,1
267,0.05162363799656122,-2.2719,0,-3.0948,3.829,0,-0.337,3.821,0.0,-0.388,1
268,0.05239274758971894,-2.2718,0,-3.0948,3.833,0,-0.337,3.821,0.0,-0.388,1
269,0.05239274758971894,-2.2718,0,-3.0948,3.833,0,-0.337,3.821,0.0,-0.388,1
270,0.05162363799656122,-2.2719,0,-3.0948,3.829,0,-0.337,3.821,0.0,-0.388,1
271,0.052611785751863614,-2.2717,0,-3.0947,3.829,0,-0.336,3.821,0.0,-0.388,1
272,0.05063595560468864,-2.2718,0,-3.0947,3.829,0,-0.338,3.821,0.0,-0.388,1
273,0.05141984052872975,-2.271,0,-3.0957,3.832,0,-0.338,3.82,0.0,-0.388,1
274,0.052810983706043535,-2.2674,0,-3.0986,3.832,0,-0.338,3.815,0.0,-0.388,1
275,0.05220153254455267,-2.2632,0,-3.1018,3.828,0,-0.338,3.81,0.0,-0.387,1
276,0.05685947590331804,-2.2597,0,-3.1043,3.829,0,-0.335,3.806,0.0,-0.387,1
277,0.05239274758971894,-2.2584,0,-3.1054,3.816,0,-0.336,3.804,0.0,-0.387,1
278,0.05239274758971894,-2.2583,0,-3.1052,3.816,0,-0.336,3.804,0.0,-0.387,1
279,0.05434151267677409,-2.2584,0,-3.1052,3.816,0,-0.334,3.804,0.0,-0.387,1
280,0.05434151267677409,-2.2575,0,-3.1057,3.815,0,-0.334,3.803,0.0,-0.387,1
281,0.05597320787662604,-2.2523,0,-3.1095,3.815,0,-0.334,3.797,0.0,-0.387,1
282,0.055946402922797504,-2.2439,0,-3.1159,3.809,0,-0.335,3.786,0.0,-0.386,1
283,0.05724508712544674,-2.2335,0,-3.1236,3.799,0,-0.335,3.773,0.0,-0.386,1
284,0.06360031446463126,-2.2235,0,-3.1312,3.799,0,-0.334,3.761,0.0,-0.385,1
285,0.048795491595023534,-2.2147,0,-3.1379,3.785,0,-0.35,3.75,0.0,-0.384,0
286,0.08443340571124684,-2.2088,0,-3.1425,3.769,0,-0.464,3.742,0.0,-0.384,1
287,0.10316006979447034,-2.2054,0,-3.1451,3.759,0,-0.485,3.738,0.0,-0.384,1
288,0.10159724405711008,-2.2038,0,-3.1461,3.747,0,-0.485,3.736,0.0,-0.384,1
289,0.10171037311896952,-2.203,0,-3.1467,3.747,0,-0.485,3.735,0.0,-0.384,1
290,0.10159724405711013,-2.2012,0,-3.1481,3.744,0,-0.485,3.733,0.0,-0.384,1
291,0.1025914226434159,-2.1982,0,-3.1501,3.747,0,-0.485,3.729,0.0,-0.384,1
292,0.1021812115802118,-2.1932,0,-3.1536,3.744,0,-0.484,3.723,0.0,-0.384,1
293,0.1050809211988552,-2.1869,0,-3.1586,3.744,0,-0.484,3.715,0.0,-0.383,1
294,0.10796758772891052,-2.1786,0,-3.1647,3.734,0,-0.486,3.705,0.0,-0.382,1
295,0.10632027088001617,-2.1697,0,-3.1709,3.724,0,-0.484,3.694,0.0,-0.382,1
296,0.10689246933250258,-2.1609,0,-3.1773,3.718,0,-0.483,3.683,0.0,-0.382,1
297,0.10454664030948103,-2.1529,0,-3.1833,3.7,0,-0.482,3.673,0.0,-0.381,1
298,0.1072240644631605,-2.1455,0,-3.1888,3.7,0,-0.482,3.664,0.0,-0.381,1
299,0.10469479452198187,-2.1385,0,-3.1937,3.686,0,-0.481,3.655,0.0,-0.381,1
300,0.10384603988597733,-2.1317,0,-3.1987,3.675,0,-0.481,3.647,0.0,-0.381,1
301,0.10404326023342404,-2.1248,0,-3.2037,3.67,0,-0.479,3.638,0.0,-0.38,1
302,0.10192153844992724,-2.1171,0,-3.2092,3.657,0,-0.478,3.629,0.0,-0.38,1
303,0.10604244433244633,-2.1092,0,-3.2153,3.657,0,-0.478,3.619,0.0,-0.379,1
304,0.10623088063270486,-2.1009,0,-3.2213,3.65,0,-0.477,3.609,0.0,-0.379,1
305,0.10584894897919392,-2.0927,0,-3.2272,3.638,0,-0.477,3.598,0.0,-0.379,1
306,0.10309219175087897,-2.0847,0,-3.233,3.621,0,-0.476,3.589,0.0,-0.378,1
307,0.10373041983911943,-2.0772,0,-3.2385,3.613,0,-0.476,3.579,0.0,-0.378,1
308,0.10701868995647446,-2.0699,0,-3.2437,3.613,0,-0.476,3.57,0.0,-0.378,1
309,0.10547511554864496,-2.0629,0,-3.2492,3.6,0,-0.475,3.561,0.0,-0.377,1
310,0.10245974819410787,-2.0554,0,-3.2549,3.585,0,-0.474,3.552,0.0,-0.377,1
311,0.10278618584226192,-2.0477,0,-3.2607,3.573,0,-0.474,3.542,0.0,-0.376,1
312,0.10220078277586718,-2.0403,0,-3.2665,3.562,0,-0.474,3.533,0.0,-0.376,1
313,0.10534229919647661,-2.0344,0,-3.2708,3.562,0,-0.474,3.526,0.0,-0.375,1
314,0.10068763578513502,-2.0318,0,-3.2728,3.549,0,-0.472,3.522,0.0,-0.375,1
315,0.09884331034521254,-2.0316,0,-3.2729,3.541,0,-0.472,3.522,0.0,-0.375,1
316,0.0978672570372747,-2.0319,0,-3.2727,3.536,0,-0.472,3.523,0.0,-0.375,1
317,0.09946356116689163,-2.0321,0,-3.2727,3.54,0,-0.473,3.523,0.0,-0.375,1
318,0.09946356116689163,-2.0321,0,-3.2726,3.54,0,-0.473,3.523,0.0,-0.375,1
319,0.09885848471426209,-2.0321,0,-3.2727,3.536,0,-0.473,3.523,0.0,-0.375,1
320,0.0978672570372747,-2.0321,0,-3.2726,3.536,0,-0.472,3.523,0.0,-0.375,1
321,0.09885848471426209,-2.032,0,-3.2726,3.536,0,-0.473,3.523,0.0,-0.375,1
322,0.0989949493661166,-2.0321,0,-3.2725,3.537,0,-0.473,3.523,0.0,-0.375,1
323,0.0989949493661166,-2.032,0,-3.2726,3.537,0,-0.473,3.523,0.0,-0.375,1
324,0.09885848471426209,-2.032,0,-3.2726,3.536,0,-0.473,3.523,0.0,-0.375,1
325,0.0978672570372747,-2.032,0,-3.2725,3.536,0,-0.472,3.523,0.0,-0.375,1
326,0.09847842403288139,-2.032,0,-3.2725,3.54,0,-0.472,3.523,0.0,-0.375,1
327,0.09815294188153506,-2.034,0,-3.2719,3.54,0,-0.472,3.525,0.0,-0.375,1
328,0.098508882848198,-2.0386,0,-3.27,3.54,0,-0.472,3.53,0.0,-0.374,1
329,0.09799999999999998,-2.047,0,-3.2672,3.538,0,-0.469,3.538,0.0,-0.371,1
330,0.09100000000000003,-2.0577,0,-3.2642,3.549,0,-0.459,3.549,0.0,-0.368,1
331,0.07700649323271384,-2.0681,0,-3.2615,3.558,0,-0.441,3.559,0.0,-0.364,1
332,0.08438009243891596,-2.0175,0,-3.2856,3.511,0,-0.457,3.503,0.0,-0.373,1
333,0.08709190547921204,-2.0223,0,-3.2826,3.513,0,-0.459,3.509,0.0,-0.372,1
334,0.08287339742040266,-2.0252,0,-3.281,3.524,0,-0.454,3.512,0.0,-0.372,1
335,0.08336066218546975,-2.0258,0,-3.2807,3.528,0,-0.454,3.513,0.0,-0.372,1
336,0.08296987405076624,-2.0257,0,-3.2807,3.535,0,-0.452,3.513,0.0,-0.372,1
337,0.08200609733428371,-2.0256,0,-3.2807,3.535,0,-0.451,3.513,0.0,-0.372,1
338,0.08324061508662708,-2.0257,0,-3.2806,3.536,0,-0.452,3.513,0.0,-0.372,1
339,0.08004998438475806,-2.0266,0,-3.2802,3.532,0,-0.45,3.514,0.0,-0.372,1
340,0.08276472678623424,-2.0289,0,-3.2788,3.534,0,-0.453,3.517,0.0,-0.372,1
341,0.08927485648266258,-2.0334,0,-3.2751,3.53,0,-0.461,3.523,0.0,-0.372,1
342,0.08900561780022655,-2.0374,0,-3.2714,3.529,0,-0.462,3.528,0.0,-0.373,1
343,0.0890224690738243,-2.0413,0,-3.2688,3.535,0,-0.462,3.533,0.0,-0.373,1
344,0.0855862138431185,-2.042,0,-3.2681,3.544,0,-0.458,3.534,0.0,-0.373,1
345,0.08732124598286493,-2.042,0,-3.2682,3.554,0,-0.458,3.534,0.0,-0.373,1
346,0.08780091115700345,-2.0419,0,-3.2683,3.555,0,-0.458,3.533,0.0,-0.373,1
347,0.08876936408468866,-2.0419,0,-3.2683,3.555,0,-0.459,3.533,0.0,-0.373,1
348,0.08766413177577255,-2.0421,0,-3.268,3.551,0,-0.459,3.534,0.0,-0.373,1
349,0.08949860334105789,-2.0423,0,-3.2678,3.555,0,-0.46,3.534,0.0,-0.373,1
350,0.08845903006477068,-2.0424,0,-3.2678,3.55,0,-0.46,3.534,0.0,-0.373,1
351,0.08949860334105789,-2.0424,0,-3.2677,3.555,0,-0.46,3.534,0.0,-0.373,1
352,0.08852683209061543,-2.0424,0,-3.2677,3.555,0,-0.459,3.534,0.0,-0.373,1
353,0.08747571091451617,-2.0426,0,-3.2677,3.55,0,-0.459,3.534,0.0,-0.373,1
354,0.08926925562588728,-2.0451,0,-3.2659,3.552,0,-0.461,3.537,0.0,-0.373,1
355,0.0901997782702375,-2.0487,0,-3.2625,3.548,0,-0.464,3.542,0.0,-0.374,1
356,0.09254188241007424,-2.0516,0,-3.2598,3.556,0,-0.467,3.546,0.0,-0.375,1
357,0.09035485598461217,-2.0531,0,-3.2584,3.556,0,-0.465,3.548,0.0,-0.375,1
358,0.09055385138137417,-2.0528,0,-3.2588,3.558,0,-0.465,3.548,0.0,-0.375,1
359,0.09296235797353686,-2.0527,0,-3.2589,3.567,0,-0.466,3.548,0.0,-0.375,1
360,0.09276313923105448,-2.053,0,-3.2586,3.566,0,-0.466,3.548,0.0,-0.375,1
361,0.09035485598461217,-2.0578,0,-3.2553,3.562,0,-0.465,3.554,0.0,-0.375,1
362,0.09100000000000003,-2.0641,0,-3.2505,3.562,0,-0.467,3.562,0.0,-0.376,1
363,0.09102197536858891,-2.0688,0,-3.2472,3.565,0,-0.467,3.567,0.0,-0.376,1
364,0.09243916918709304,-2.0705,0,-3.2459,3.579,0,-0.468,3.57,0.0,-0.376,1
365,0.09265527507918805,-2.0705,0,-3.2459,3.581,0,-0.468,3.57,0.0,-0.376,1
366,0.09291393867445301,-2.0705,0,-3.2459,3.583,0,-0.468,3.57,0.0,-0.376,1
367,0.09291393867445301,-2.0705,0,-3.246,3.583,0,-0.468,3.57,0.0,-0.376,1
368,0.09472592042308169,-2.0705,0,-3.2458,3.588,0,-0.469,3.57,0.0,-0.376,1
369,0.09291393867445301,-2.0705,0,-3.2458,3.583,0,-0.468,3.57,0.0,-0.376,1
370,0.09277930803794564,-2.0706,0,-3.2458,3.582,0,-0.468,3.57,0.0,-0.376,1
371,0.09277930803794564,-2.0704,0,-3.2459,3.582,0,-0.468,3.57,0.0,-0.376,1
372,0.09277930803794564,-2.0705,0,-3.2459,3.582,0,-0.468,3.57,0.0,-0.376,1
373,0.09291393867445301,-2.0704,0,-3.2459,3.583,0,-0.468,3.57,0.0,-0.376,1
374,0.09291393867445301,-2.0705,0,-3.2459,3.583,0,-0.468,3.57,0.0,-0.376,1
375,0.09355746896961255,-2.0706,0,-3.2458,3.587,0,-0.468,3.57,0.0,-0.376,1
376,0.09291393867445301,-2.0704,0,-3.2457,3.583,0,-0.468,3.57,0.0,-0.376,1
377,0.09291393867445301,-2.0704,0,-3.2458,3.583,0,-0.468,3.57,0.0,-0.376,1
378,0.09291393867445301,-2.0703,0,-3.2458,3.583,0,-0.468,3.57,0.0,-0.376,1
379,0.09291393867445301,-2.0705,0,-3.2457,3.583,0,-0.468,3.57,0.0,-0.376,1
380,0.09355746896961255,-2.0704,0,-3.2457,3.587,0,-0.468,3.57,0.0,-0.376,1
381,0.09390420650854787,-2.0704,0,-3.2457,3.583,0,-0.469,3.57,0.0,-0.376,1
382,0.09291393867445301,-2.0704,0,-3.2457,3.583,0,-0.468,3.57,0.0,-0.376,1
383,0.09472592042308169,-2.0704,0,-3.2457,3.588,0,-0.469,3.57,0.0,-0.376,1
384,0.09374433316206379,-2.0703,0,-3.2456,3.588,0,-0.468,3.57,0.0,-0.376,1
385,0.09355746896961255,-2.0703,0,-3.2457,3.587,0,-0.468,3.57,0.0,-0.376,1
386,0.09291393867445301,-2.0704,0,-3.2455,3.583,0,-0.468,3.57,0.0,-0.376,1
387,0.09489467845985888,-2.0703,0,-3.2457,3.583,0,-0.47,3.57,0.0,-0.376,1
388,0.09472592042308169,-2.0702,0,-3.2457,3.587,0,-0.469,3.569,0.0,-0.376,1
389,0.09390420650854787,-2.0703,0,-3.2456,3.583,0,-0.469,3.57,0.0,-0.376,1
390,0.09355746896961255,-2.0703,0,-3.2456,3.587,0,-0.468,3.57,0.0,-0.376,1
391,0.09355746896961255,-2.0703,0,-3.2456,3.587,0,-0.468,3.57,0.0,-0.376,1
392,0.092655275079188,-2.069,0,-3.2438,3.581,0,-0.47,3.57,0.0,-0.378,1
393,0.09338094023942999,-2.069,0,-3.2437,3.586,0,-0.47,3.57,0.0,-0.378,1
394,0.09338094023942999,-2.0691,0,-3.2437,3.586,0,-0.47,3.57,0.0,-0.378,1
395,0.09257429448826489,-2.0689,0,-3.2438,3.586,0,-0.469,3.569,0.0,-0.378,1
396,0.09239588735436224,-2.069,0,-3.2438,3.586,0,-0.469,3.57,0.0,-0.378,1
397,0.09338094023942999,-2.069,0,-3.2438,3.586,0,-0.47,3.57,0.0,-0.378,1
398,0.09338094023942999,-2.069,0,-3.2438,3.586,0,-0.47,3.57,0.0,-0.378,1
399,0.092655275079188,-2.0691,0,-3.2439,3.581,0,-0.47,3.57,0.0,-0.378,1
400,0.092655275079188,-2.0691,0,-3.2438,3.581,0,-0.47,3.57,0.0,-0.378,1
401,0.09355746896961241,-2.069,0,-3.2439,3.586,0,-0.47,3.569,0.0,-0.378,1
402,0.09239588735436224,-2.0691,0,-3.2439,3.586,0,-0.469,3.57,0.0,-0.378,1
403,0.09364827814754523,-2.0691,0,-3.2439,3.581,0,-0.471,3.57,0.0,-0.378,1
404,0.09364827814754523,-2.0691,0,-3.2439,3.581,0,-0.471,3.57,0.0,-0.378,1
405,0.09257429448826489,-2.069,0,-3.2439,3.586,0,-0.469,3.569,0.0,-0.378,1
406,0.09257429448826489,-2.0691,0,-3.2441,3.586,0,-0.469,3.569,0.0,-0.378,1
407,0.092655275079188,-2.0692,0,-3.2439,3.581,0,-0.47,3.57,0.0,-0.378,1
408,0.09338094023942999,-2.0692,0,-3.244,3.586,0,-0.47,3.57,0.0,-0.378,1
409,0.09338094023942999,-2.0691,0,-3.244,3.586,0,-0.47,3.57,0.0,-0.378,1
410,0.09178779875342907,-2.0691,0,-3.2442,3.581,0,-0.469,3.569,0.0,-0.378,1
411,0.092655275079188,-2.0692,0,-3.244,3.581,0,-0.47,3.57,0.0,-0.378,1
412,0.09254188241007419,-2.0692,0,-3.2441,3.58,0,-0.47,3.57,0.0,-0.378,1
413,0.09178779875342907,-2.0692,0,-3.2442,3.581,0,-0.469,3.569,0.0,-0.378,1
414,0.09192388155425113,-2.068,0,-3.2447,3.581,0,-0.469,3.568,0.0,-0.378,1
415,0.09464142856064665,-2.0615,0,-3.2492,3.586,0,-0.469,3.56,0.0,-0.378,1
416,0.10204410811016959,-2.0479,0,-3.2585,3.586,0,-0.471,3.544,0.0,-0.378,1
417,0.10685036265731623,-2.0295,0,-3.2705,3.578,0,-0.469,3.522,0.0,-0.378,1
418,0.10899999999999976,-2.0094,0,-3.2833,3.558,0,-0.47,3.498,0.0,-0.379,1
419,0.12175385004179527,-1.9907,0,-3.2949,3.558,0,-0.47,3.476,0.0,-0.38,1
420,0.11510864433221332,-1.9741,0,-3.3049,3.53,0,-0.47,3.457,0.0,-0.381,1
421,0.10872442227944919,-1.9611,0,-3.3131,3.502,0,-0.471,3.441,0.0,-0.381,1
422,0.10121264743103985,-1.9489,0,-3.321,3.477,0,-0.47,3.427,0.0,-0.382,1
423,0.1003194896318756,-1.9372,0,-3.3287,3.453,0,-0.474,3.413,0.0,-0.382,1
424,0.10770329614269007,-1.9238,0,-3.3372,3.453,0,-0.474,3.397,0.0,-0.382,1
425,0.106,-1.9086,0,-3.3465,3.435,0,-0.473,3.379,0.0,-0.383,1
426,0.10707474025184459,-1.8932,0,-3.3561,3.422,0,-0.472,3.361,0.0,-0.384,1
427,0.1030776406404415,-1.8778,0,-3.3658,3.395,0,-0.473,3.343,0.0,-0.384,1
428,0.10121264743103985,-1.8631,0,-3.3754,3.375,0,-0.473,3.325,0.0,-0.385,1
429,0.11060289327137883,-1.8488,0,-3.3845,3.375,0,-0.473,3.308,0.0,-0.385,1
430,0.11000000000000014,-1.8349,0,-3.3932,3.358,0,-0.474,3.292,0.0,-0.386,1
431,0.10764757312638325,-1.8202,0,-3.4022,3.337,0,-0.474,3.275,0.0,-0.386,1
432,0.10262553288533999,-1.8052,0,-3.411,3.313,0,-0.474,3.257,0.0,-0.388,1
433,0.09964436762807997,-1.7903,0,-3.4199,3.292,0,-0.474,3.24,0.0,-0.389,1
434,0.10948059188732945,-1.7758,0,-3.4287,3.292,0,-0.474,3.223,0.0,-0.389,1
435,0.10700467279516342,-1.7615,0,-3.4375,3.271,0,-0.475,3.206,0.0,-0.39,1
436,0.10568348972285123,-1.7475,0,-3.4464,3.25,0,-0.478,3.19,0.0,-0.391,1
437,0.10124228365658298,-1.7327,0,-3.4548,3.228,0,-0.477,3.173,0.0,-0.392,1
438,0.0994786409235672,-1.7177,0,-3.4636,3.205,0,-0.479,3.155,0.0,-0.393,1
439,0.1098089249560345,-1.7047,0,-3.473,3.206,0,-0.479,3.139,0.0,-0.392,1
440,0.11067520047418031,-1.6966,0,-3.4848,3.186,0,-0.48,3.126,0.0,-0.387,1
441,0.10581587782558899,-1.6853,0,-3.4926,3.166,0,-0.478,3.112,0.0,-0.387,1
442,0.09912618221236992,-1.6716,0,-3.5011,3.147,0,-0.473,3.096,0.0,-0.388,1
443,0.0998599018625593,-1.6552,0,-3.511,3.131,0,-0.473,3.077,0.0,-0.389,1
444,0.10818964830333809,-1.6326,0,-3.5162,3.132,0,-0.473,3.055,0.0,-0.397,1
445,0.10394710193170356,-1.613,0,-3.5244,3.109,0,-0.474,3.035,0.0,-0.401,1
446,0.10259142264341582,-1.597,0,-3.5338,3.086,0,-0.477,3.016,0.0,-0.402,1
447,0.0980051019080128,-1.5832,0,-3.5425,3.058,0,-0.482,3.0,0.0,-0.403,1
448,0.09243916918709297,-1.5738,0,-3.5497,3.036,0,-0.481,2.988,0.0,-0.402,1
449,0.0979438614717635,-1.5706,0,-3.5527,3.036,0,-0.485,2.984,0.0,-0.402,1
450,0.09363759928575698,-1.572,0,-3.5534,3.016,0,-0.488,2.984,0.0,-0.4,1
451,0.08755569655939006,-1.5726,0,-3.5534,3.006,0,-0.485,2.985,0.0,-0.4,1
452,0.0861278120005379,-1.5719,0,-3.5533,3.007,0,-0.483,2.984,0.0,-0.4,1
453,0.08516454661418682,-1.5721,0,-3.5539,3.007,0,-0.482,2.984,0.0,-0.4,1
454,0.08102468759581852,-1.566,0,-3.5556,3.011,0,-0.476,2.978,0.0,-0.402,1
455,0.11047624178980743,-1.3713,0,-3.6129,2.767,0,-0.572,2.785,0.0,-0.463,1
456,0.11842297074469961,-1.3795,0,-3.6057,2.786,0,-0.583,2.796,0.0,-0.465,1
457,0.10178899744078429,-1.3844,0,-3.601,2.783,0,-0.566,2.802,0.0,-0.466,1
458,0.08502352615599992,-1.3854,0,-3.6,2.806,0,-0.551,2.804,0.0,-0.466,1
459,0.0822800097228969,-1.3848,0,-3.6005,2.826,0,-0.545,2.803,0.0,-0.466,1
460,0.0819084855189009,-1.3842,0,-3.6009,2.827,0,-0.544,2.802,0.0,-0.466,1
461,0.08132035415564795,-1.3842,0,-3.6007,2.825,0,-0.544,2.802,0.0,-0.466,1
462,0.08324061508662708,-1.3842,0,-3.6008,2.825,0,-0.546,2.802,0.0,-0.466,1
463,0.08256512580987208,-1.3839,0,-3.6011,2.826,0,-0.545,2.802,0.0,-0.466,1
464,0.08254089895318568,-1.3805,0,-3.6032,2.825,0,-0.544,2.798,0.0,-0.466,1
465,0.08542833253669434,-1.3721,0,-3.6077,2.825,0,-0.544,2.788,0.0,-0.467,1
466,0.09208691546577075,-1.3589,0,-3.6156,2.825,0,-0.544,2.773,0.0,-0.468,1
467,0.09871676655968821,-1.3415,0,-3.6253,2.816,0,-0.546,2.753,0.0,-0.47,1
468,0.1019117265087782,-1.3232,0,-3.635,2.802,0,-0.547,2.733,0.0,-0.472,1
469,0.09990495483208023,-1.3063,0,-3.644,2.78,0,-0.549,2.714,0.0,-0.474,1
470,0.09500000000000001,-1.2911,0,-3.6527,2.753,0,-0.551,2.696,0.0,-0.475,1
471,0.10396634070698084,-1.278,0,-3.6601,2.753,0,-0.551,2.681,0.0,-0.476,1
472,0.09885848471426209,-1.2664,0,-3.6661,2.73,0,-0.555,2.668,0.0,-0.478,1
473,0.09486832980505158,-1.2556,0,-3.673,2.709,0,-0.556,2.655,0.0,-0.478,1
474,0.09152595260361963,-1.2429,0,-3.6801,2.692,0,-0.556,2.641,0.0,-0.48,1
475,0.09180958555619338,-1.2293,0,-3.6877,2.675,0,-0.558,2.625,0.0,-0.481,1
476,0.09935793878699385,-1.2158,0,-3.6954,2.674,0,-0.558,2.61,0.0,-0.482,1
477,0.09667471230885563,-1.2017,0,-3.7035,2.655,0,-0.558,2.594,0.0,-0.483,1
478,0.09640020746865637,-1.1901,0,-3.7124,2.637,0,-0.559,2.579,0.0,-0.482,1
479,0.09466784036831095,-1.1839,0,-3.7213,2.618,0,-0.559,2.569,0.0,-0.478,1
480,0.08900561780022676,-1.175,0,-3.728,2.599,0,-0.557,2.558,0.0,-0.478,1
481,0.09462557793746904,-1.1628,0,-3.7348,2.599,0,-0.556,2.544,0.0,-0.479,1
482,0.09481033698917007,-1.1495,0,-3.7428,2.586,0,-0.555,2.528,0.0,-0.48,1
483,0.09560334722173691,-1.1346,0,-3.7519,2.569,0,-0.557,2.511,0.0,-0.481,1
484,0.09160785992479024,-1.1197,0,-3.7605,2.548,0,-0.556,2.494,0.0,-0.482,1
485,0.08987213138676542,-1.1052,0,-3.7691,2.528,0,-0.557,2.477,0.0,-0.483,1
486,0.09616652224137055,-1.0874,0,-3.7732,2.528,0,-0.557,2.46,0.0,-0.489,1
487,0.09052071586106686,-1.0708,0,-3.7792,2.508,0,-0.557,2.443,0.0,-0.494,1
488,0.08919641248391111,-1.0582,0,-3.7873,2.488,0,-0.56,2.428,0.0,-0.494,1
489,0.08440379138403697,-1.0498,0,-3.7937,2.467,0,-0.562,2.417,0.0,-0.494,1
490,0.07782673062643705,-1.0418,0,-3.7984,2.444,0,-0.563,2.408,0.0,-0.494,1
491,0.0671788657242738,-1.0313,0,-3.805,2.444,0,-0.542,2.396,0.0,-0.495,1
492,0.07093659140387269,-1.0156,0,-3.8115,2.433,0,-0.544,2.379,0.0,-0.498,1
493,0.0862786184404922,-0.9995,0,-3.8209,2.422,0,-0.559,2.36,0.0,-0.499,1
494,0.07381734213584237,-0.9805,0,-3.8296,2.4,0,-0.546,2.34,0.0,-0.503,1
495,0.06236986451805051,-0.9658,0,-3.8342,2.372,0,-0.548,2.325,0.0,-0.507,1
496,0.08246211251235329,-0.9523,0,-3.8427,2.373,0,-0.56,2.309,0.0,-0.508,1
497,0.0704556598152344,-0.9412,0,-3.85,2.354,0,-0.548,2.296,0.0,-0.508,1
498,0.06293647591023856,-0.9384,0,-3.8523,2.337,0,-0.551,2.292,0.0,-0.507,1
499,0.055569775957799265,-0.9371,0,-3.8534,2.318,0,-0.555,2.29,0.0,-0.507,1
500,0.053338541412378454,-0.9335,0,-3.8548,2.314,0,-0.554,2.287,0.0,-0.508,1
501,0.061854668376768576,-0.9266,0,-3.859,2.314,0,-0.559,2.279,0.0,-0.508,1
502,0.06579513659838392,-0.9117,0,-3.8667,2.307,0,-0.558,2.262,0.0,-0.51,1
503,0.08504116650187686,-0.8897,0,-3.8798,2.3,0,-0.568,2.236,0.0,-0.512,1
504,0.09381364506296513,-0.8655,0,-3.8971,2.283,0,-0.566,2.207,0.0,-0.511,1
505,0.0840238061504002,-0.8444,0,-3.9091,2.248,0,-0.565,2.182,0.0,-0.513,1
506,0.10601886624558879,-0.8259,0,-3.9178,2.248,0,-0.578,2.162,0.0,-0.516,1
507,0.08910667763978186,-0.8077,0,-3.9219,2.209,0,-0.585,2.145,0.0,-0.523,1
508,0.08450443775329183,-0.7967,0,-3.9282,2.186,0,-0.589,2.132,0.0,-0.524,1
509,0.06293647591023815,-0.7865,0,-3.9335,2.166,0,-0.569,2.121,0.0,-0.525,1
510,0.057999999999999975,-0.7747,0,-3.9394,2.148,0,-0.569,2.108,0.0,-0.527,1
511,0.0706045324324154,-0.7606,0,-3.9464,2.148,0,-0.572,2.092,0.0,-0.529,1
512,0.0706045324324154,-0.7466,0,-3.9543,2.132,0,-0.573,2.076,0.0,-0.53,1
513,0.06747592163134934,-0.7318,0,-3.9619,2.112,0,-0.575,2.06,0.0,-0.532,1
514,0.0645368112010501,-0.718,0,-3.9692,2.093,0,-0.576,2.044,0.0,-0.534,1
515,0.05869412236331657,-0.7038,0,-3.9763,2.07,0,-0.577,2.028,0.0,-0.536,1
516,0.06780117993073553,-0.6911,0,-3.9813,2.069,0,-0.58,2.015,0.0,-0.539,1
517,0.06640030120413602,-0.678,0,-3.9899,2.052,0,-0.579,1.999,0.0,-0.539,1
518,0.06543699259593144,-0.6662,0,-3.9966,2.037,0,-0.581,1.986,0.0,-0.54,1
519,0.06171709649683779,-0.655,0,-4.0031,2.02,0,-0.581,1.973,0.0,-0.541,1
520,0.056639209034024994,-0.6425,0,-4.0098,2.001,0,-0.581,1.959,0.0,-0.543,1
521,0.06906518659932794,-0.6291,0,-4.0172,2.001,0,-0.583,1.944,0.0,-0.544,1
522,0.06989277502002622,-0.6149,0,-4.0251,1.985,0,-0.584,1.927,0.0,-0.545,1
523,0.06940461079784252,-0.5997,0,-4.0329,1.966,0,-0.588,1.91,0.0,-0.547,1
524,0.06440496875241847,-0.5848,0,-4.0409,1.946,0,-0.587,1.894,0.0,-0.549,1
525,0.05860034129593452,-0.5707,0,-4.0483,1.925,0,-0.586,1.878,0.0,-0.551,1
526,0.0722011080247388,-0.5579,0,-4.0554,1.925,0,-0.589,1.863,0.0,-0.552,1
527,0.06767569726275452,-0.5455,0,-4.0619,1.905,0,-0.592,1.849,0.0,-0.554,1
528,0.06300793600809336,-0.5331,0,-4.0683,1.886,0,-0.592,1.835,0.0,-0.555,1
529,0.06268173577685927,-0.4983,0,-4.0864,1.848,0,-0.595,1.796,0.0,-0.56,1
530,0.06603786792439628,-0.464,0,-4.1045,1.814,0,-0.599,1.758,0.0,-0.564,1
531,0.03921734310225523,-0.3601,0,-4.1545,1.657,0,-0.618,1.644,0.0,-0.581,0
532,0.043046486500061806,-0.367,0,-4.1503,1.654,0,-0.624,1.652,0.0,-0.581,0
533,0.04687216658103188,-0.3736,0,-4.1459,1.651,0,-0.626,1.66,0.0,-0.58,0
534,0.040049968789001605,-0.3791,0,-4.142,1.665,0,-0.621,1.667,0.0,-0.581,0
535,0.0362215405525497,-0.3818,0,-4.1402,1.674,0,-0.617,1.67,0.0,-0.581,0
536,0.0416773319683495,-0.3817,0,-4.1399,1.691,0,-0.617,1.67,0.0,-0.581,0
537,0.0408166632639172,-0.3817,0,-4.1399,1.691,0,-0.616,1.67,0.0,-0.581,0
538,0.039357337308308885,-0.3817,0,-4.1401,1.688,0,-0.616,1.67,0.0,-0.581,0
539,0.03981205847478885,-0.3817,0,-4.14,1.687,0,-0.617,1.67,0.0,-0.581,0
540,0.040706264874095226,-0.3808,0,-4.1405,1.688,0,-0.617,1.669,0.0,-0.581,0
541,0.04440720662234907,-0.3746,0,-4.1442,1.688,0,-0.617,1.662,0.0,-0.581,0
542,0.05360037313302972,-0.3611,0,-4.1516,1.689,0,-0.615,1.646,0.0,-0.583,1
543,0.06800000000000006,-0.3426,0,-4.1612,1.686,0,-0.617,1.626,0.0,-0.585,1
544,0.0702139587261678,-0.3268,0,-4.1701,1.67,0,-0.618,1.607,0.0,-0.587,1
545,0.0599082632030005,-0.3208,0,-4.1737,1.65,0,-0.62,1.6,0.0,-0.587,1
546,0.0432781700167647,-0.322,0,-4.1731,1.63,0,-0.62,1.602,0.0,-0.587,0
547,0.04060788100849388,-0.3247,0,-4.1715,1.63,0,-0.619,1.605,0.0,-0.587,0
548,0.036400549446402586,-0.3273,0,-4.17,1.621,0,-0.62,1.608,0.0,-0.586,0
549,0.03577708763999657,-0.3286,0,-4.1689,1.626,0,-0.619,1.61,0.0,-0.587,0
550,0.037121422386541154,-0.3287,0,-4.1687,1.627,0,-0.62,1.61,0.0,-0.587,0
551,0.04140048308896887,-0.3287,0,-4.1688,1.635,0,-0.62,1.61,0.0,-0.587,0
552,0.043011626335213105,-0.3287,0,-4.1688,1.635,0,-0.622,1.61,0.0,-0.587,0
553,0.04140048308896887,-0.3287,0,-4.1689,1.635,0,-0.62,1.61,0.0,-0.587,0
554,0.043011626335213105,-0.3288,0,-4.1689,1.635,0,-0.622,1.61,0.0,-0.587,0
555,0.03801315561749641,-0.3302,0,-4.1675,1.629,0,-0.621,1.612,0.0,-0.587,0
556,0.03640054944640263,-0.3345,0,-4.1642,1.627,0,-0.622,1.617,0.0,-0.587,0
557,0.03705401462729783,-0.3403,0,-4.16,1.626,0,-0.624,1.624,0.0,-0.587,0
558,0.03500000000000003,-0.3472,0,-4.156,1.632,0,-0.622,1.632,0.0,-0.587,0
559,0.036055512754639925,-0.354,0,-4.1521,1.642,0,-0.622,1.64,0.0,-0.586,0
560,0.033541019662496875,-0.3585,0,-4.1494,1.651,0,-0.619,1.645,0.0,-0.586,0
561,0.03858756276314951,-0.3592,0,-4.149,1.666,0,-0.619,1.646,0.0,-0.586,0
562,0.03858756276314951,-0.3592,0,-4.1488,1.666,0,-0.619,1.646,0.0,-0.586,0
563,0.043011626335213236,-0.3592,0,-4.149,1.671,0,-0.621,1.646,0.0,-0.586,0
564,0.043011626335213236,-0.359,0,-4.1492,1.671,0,-0.621,1.646,0.0,-0.586,0
565,0.04280186911806543,-0.3544,0,-4.152,1.666,0,-0.62,1.64,0.0,-0.586,0
566,0.05108815909777917,-0.3414,0,-4.1596,1.664,0,-0.62,1.625,0.0,-0.587,1
567,0.06888396039717806,-0.3223,0,-4.1707,1.664,0,-0.621,1.603,0.0,-0.589,1
568,0.08011242100947889,-0.3015,0,-4.1832,1.652,0,-0.623,1.579,0.0,-0.59,1
569,0.0830060238777885,-0.2815,0,-4.1952,1.633,0,-0.622,1.556,0.0,-0.591,1
570,0.07201388754955529,-0.2633,0,-4.2065,1.599,0,-0.623,1.534,0.0,-0.592,1
571,0.06003332407921459,-0.2484,0,-4.2159,1.569,0,-0.623,1.517,0.0,-0.593,1
572,0.07340980860893179,-0.2355,0,-4.2235,1.569,0,-0.624,1.502,0.0,-0.594,1
573,0.07077428911688195,-0.2228,0,-4.2307,1.552,0,-0.623,1.487,0.0,-0.595,1
574,0.06844705983459047,-0.2095,0,-4.2384,1.534,0,-0.625,1.472,0.0,-0.596,1
575,0.06887670143089011,-0.1953,0,-4.2472,1.517,0,-0.626,1.455,0.0,-0.596,1
576,0.06664082832618459,-0.1799,0,-4.2565,1.497,0,-0.626,1.437,0.0,-0.597,1
577,0.08321658488546627,-0.1643,0,-4.2661,1.497,0,-0.627,1.419,0.0,-0.598,1
578,0.07169379331573975,-0.1485,0,-4.2757,1.467,0,-0.627,1.401,0.0,-0.599,1
579,0.07523961722390689,-0.1329,0,-4.2854,1.451,0,-0.63,1.382,0.0,-0.6,1
580,0.0666408283261844,-0.1176,0,-4.2952,1.424,0,-0.629,1.364,0.0,-0.6,1
581,0.08287339742040252,-0.1027,0,-4.3046,1.424,0,-0.629,1.346,0.0,-0.601,1
582,0.08321658488546627,-0.0882,0,-4.3136,1.407,0,-0.63,1.329,0.0,-0.601,1
583,0.07843468620451038,-0.0745,0,-4.3221,1.387,0,-0.628,1.313,0.0,-0.602,1
584,0.06407807737440313,-0.0615,0,-4.3299,1.357,0,-0.628,1.298,0.0,-0.603,1
585,0.06037383539249438,-0.0486,0,-4.3373,1.337,0,-0.631,1.283,0.0,-0.604,1
586,0.07316419889536145,-0.0368,0,-4.3446,1.337,0,-0.631,1.269,0.0,-0.604,1
587,0.07038465741907127,-0.0292,0,-4.3489,1.326,0,-0.632,1.261,0.0,-0.605,1
588,0.055072679252057506,-0.0287,0,-4.3492,1.308,0,-0.632,1.26,0.0,-0.605,1
589,0.044687805943008696,-0.0299,0,-4.3487,1.295,0,-0.634,1.261,0.0,-0.605,0
590,0.04263801121065564,-0.0305,0,-4.3481,1.295,0,-0.632,1.262,0.0,-0.605,0
591,0.04263801121065564,-0.0305,0,-4.3481,1.295,0,-0.632,1.262,0.0,-0.605,0
592,0.04393176527297755,-0.0304,0,-4.3479,1.295,0,-0.634,1.262,0.0,-0.605,0
593,0.044687805943008696,-0.0305,0,-4.3479,1.296,0,-0.634,1.262,0.0,-0.605,0
594,0.03820994634908563,-0.0305,0,-4.3478,1.29,0,-0.631,1.262,0.0,-0.605,0
595,0.043185645763378404,-0.0305,0,-4.3479,1.294,0,-0.634,1.262,0.0,-0.605,0
596,0.043185645763378404,-0.0304,0,-4.3478,1.294,0,-0.634,1.262,0.0,-0.605,0
597,0.04280186911806543,-0.0304,0,-4.3478,1.296,0,-0.631,1.262,0.0,-0.605,0
598,0.03962322551231786,-0.0304,0,-4.3477,1.289,0,-0.634,1.262,0.0,-0.605,0
599,0.03962322551231785,-0.0305,0,-4.3479,1.291,0,-0.632,1.262,0.0,-0.605,0
600,0.04341658669218486,-0.0304,0,-4.3478,1.296,0,-0.632,1.262,0.0,-0.605,0
601,0.04280186911806543,-0.0304,0,-4.3476,1.296,0,-0.632,1.262,0.0,-0.606,0
602,0.04263801121065564,-0.0304,0,-4.3478,1.295,0,-0.632,1.262,0.0,-0.605,0
603,0.042011903075200134,-0.0305,0,-4.3477,1.296,0,-0.631,1.263,0.0,-0.605,0
604,0.03889730067755348,-0.0304,0,-4.3477,1.29,0,-0.632,1.262,0.0,-0.605,0
605,0.038948684188300844,-0.0304,0,-4.3476,1.291,0,-0.632,1.262,0.0,-0.606,0
606,0.039597979746446695,-0.0305,0,-4.3476,1.291,0,-0.634,1.263,0.0,-0.606,0
607,0.039597979746446695,-0.0305,0,-4.3477,1.291,0,-0.633,1.263,0.0,-0.605,0
608,0.04201190307519996,-0.0304,0,-4.3478,1.295,0,-0.631,1.262,0.0,-0.605,0
609,0.03889730067755348,-0.0305,0,-4.3477,1.291,0,-0.632,1.263,0.0,-0.605,0
610,0.04341658669218486,-0.0304,0,-4.3477,1.296,0,-0.632,1.262,0.0,-0.605,0
611,0.042011903075200134,-0.0305,0,-4.3477,1.296,0,-0.631,1.263,0.0,-0.605,0
612,0.043931765272977714,-0.0305,0,-4.3477,1.296,0,-0.634,1.263,0.0,-0.605,0
613,0.04201190307519996,-0.0304,0,-4.3477,1.295,0,-0.631,1.262,0.0,-0.605,0
614,0.039597979746446695,-0.0303,0,-4.3475,1.29,0,-0.634,1.262,0.0,-0.606,0
615,0.044687805943008696,-0.0304,0,-4.3478,1.296,0,-0.634,1.262,0.0,-0.605,0
616,0.04393176527297755,-0.0304,0,-4.3479,1.295,0,-0.634,1.262,0.0,-0.605,0
617,0.04393176527297755,-0.0305,0,-4.3478,1.295,0,-0.634,1.262,0.0,-0.605,0
618,0.03894868418830093,-0.0305,0,-4.3477,1.289,0,-0.634,1.263,0.0,-0.605,0
619,0.04263801121065564,-0.0305,0,-4.3479,1.295,0,-0.632,1.262,0.0,-0.605,0
620,0.04327817001676476,-0.0304,0,-4.3479,1.295,0,-0.633,1.262,0.0,-0.605,0
621,0.04404543109109052,-0.0304,0,-4.3479,1.296,0,-0.633,1.262,0.0,-0.605,0
622,0.041725292090050166,-0.0347,0,-4.3462,1.297,0,-0.633,1.267,0.0,-0.604,0
623,0.03190611226708772,-0.0486,0,-4.3414,1.298,0,-0.628,1.281,0.0,-0.601,0
624,0.03138470965295046,-0.0692,0,-4.3338,1.314,0,-0.624,1.302,0.0,-0.595,0
625,0.023345235059857524,-0.0923,0,-4.3254,1.33,0,-0.612,1.326,0.0,-0.589,0
626,0.08268010643437751,-0.4168,0,-4.2375,1.6,0,-0.55,1.644,0.0,-0.48,1
627,0.06449806198638834,-0.4274,0,-4.2314,1.624,0,-0.536,1.656,0.0,-0.48,1
628,0.059135437767890126,-0.4305,0,-4.2299,1.664,0,-0.538,1.66,0.0,-0.479,1
629,0.0425793377120876,-0.4289,0,-4.2303,1.665,0,-0.522,1.658,0.0,-0.48,0
630,0.04468780594300877,-0.4273,0,-4.2312,1.685,0,-0.514,1.656,0.0,-0.48,0
631,0.0450000000000001,-0.4254,0,-4.2323,1.681,0,-0.516,1.654,0.0,-0.48,0
632,0.04827007354458865,-0.4246,0,-4.2328,1.684,0,-0.517,1.653,0.0,-0.48,0
633,0.04356604182158391,-0.4246,0,-4.2329,1.676,0,-0.517,1.653,0.0,-0.48,0
634,0.04356604182158391,-0.4247,0,-4.2331,1.676,0,-0.517,1.653,0.0,-0.48,0
635,0.04661544808322664,-0.4247,0,-4.2331,1.68,0,-0.518,1.653,0.0,-0.48,0
636,0.043416586692184914,-0.4255,0,-4.2327,1.675,0,-0.517,1.654,0.0,-0.479,0
637,0.04346262762420154,-0.4291,0,-4.2311,1.675,0,-0.519,1.658,0.0,-0.479,0
638,0.04427188724235735,-0.4363,0,-4.228,1.68,0,-0.519,1.666,0.0,-0.477,0
639,0.04504442251822088,-0.4455,0,-4.2229,1.674,0,-0.521,1.676,0.0,-0.476,0
640,0.05154609587543954,-0.4549,0,-4.2167,1.671,0,-0.525,1.687,0.0,-0.476,1
641,0.04904079934095696,-0.4639,0,-4.211,1.684,0,-0.523,1.698,0.0,-0.476,0
642,0.043046486500061806,-0.4705,0,-4.2063,1.704,0,-0.519,1.706,0.0,-0.476,0
643,0.04464302857109947,-0.4724,0,-4.2049,1.721,0,-0.519,1.709,0.0,-0.476,0
644,0.04237924020083422,-0.4713,0,-4.2055,1.721,0,-0.516,1.707,0.0,-0.476,0
645,0.04548626166217661,-0.4707,0,-4.206,1.732,0,-0.514,1.707,0.0,-0.476,0
646,0.0468721665810319,-0.4706,0,-4.2061,1.732,0,-0.515,1.706,0.0,-0.476,0
647,0.04614108798023741,-0.4706,0,-4.2064,1.729,0,-0.516,1.706,0.0,-0.476,0
648,0.050606323715520096,-0.4688,0,-4.2074,1.735,0,-0.516,1.704,0.0,-0.476,1
649,0.05586591089385374,-0.4605,0,-4.2122,1.735,0,-0.516,1.695,0.0,-0.477,1
650,0.06741661516273266,-0.4449,0,-4.2206,1.734,0,-0.515,1.677,0.0,-0.479,1
651,0.07871467461661777,-0.4253,0,-4.2318,1.724,0,-0.516,1.654,0.0,-0.48,1
652,0.08095060222135479,-0.406,0,-4.2435,1.704,0,-0.518,1.632,0.0,-0.481,1
653,0.06860029154456995,-0.3884,0,-4.2541,1.67,0,-0.518,1.611,0.0,-0.483,1
654,0.08367197858303567,-0.373,0,-4.263,1.67,0,-0.519,1.594,0.0,-0.484,1
655,0.07915806970865318,-0.3595,0,-4.2708,1.649,0,-0.52,1.578,0.0,-0.485,1
656,0.06688796603276273,-0.3481,0,-4.2777,1.622,0,-0.521,1.565,0.0,-0.486,1
657,0.06489992295835187,-0.3361,0,-4.2848,1.605,0,-0.522,1.551,0.0,-0.486,1
658,0.06268173577685933,-0.3237,0,-4.2925,1.588,0,-0.522,1.536,0.0,-0.487,1
659,0.07559100475585719,-0.3104,0,-4.3004,1.588,0,-0.523,1.521,0.0,-0.488,1
660,0.07782030583337494,-0.2966,0,-4.3082,1.575,0,-0.523,1.505,0.0,-0.489,1
661,0.07648529270389175,-0.2828,0,-4.3163,1.558,0,-0.523,1.489,0.0,-0.49,1
662,0.06673080248281155,-0.2696,0,-4.3236,1.532,0,-0.525,1.474,0.0,-0.492,1
663,0.06536818798161684,-0.257,0,-4.3307,1.517,0,-0.525,1.46,0.0,-0.493,1
664,0.07787810988975012,-0.2451,0,-4.3376,1.517,0,-0.526,1.446,0.0,-0.494,1
665,0.0751531769122236,-0.2334,0,-4.3442,1.501,0,-0.527,1.433,0.0,-0.495,1
666,0.07289718787443034,-0.2216,0,-4.3514,1.484,0,-0.528,1.419,0.0,-0.495,1
667,0.06842514157822396,-0.2096,0,-4.3581,1.466,0,-0.528,1.405,0.0,-0.497,1
668,0.061400325732034966,-0.1973,0,-4.3655,1.444,0,-0.528,1.391,0.0,-0.497,1
669,0.07424957912338626,-0.185,0,-4.3724,1.444,0,-0.53,1.377,0.0,-0.498,1
670,0.0769675256195753,-0.1726,0,-4.3797,1.432,0,-0.531,1.362,0.0,-0.499,1
671,0.06935416353759877,-0.1602,0,-4.3869,1.409,0,-0.533,1.348,0.0,-0.5,1
672,0.06624198064671664,-0.1482,0,-4.3943,1.392,0,-0.533,1.334,0.0,-0.501,1
673,0.06576473218982938,-0.1365,0,-4.4015,1.378,0,-0.533,1.32,0.0,-0.502,1
674,0.07747257579298622,-0.1253,0,-4.4081,1.378,0,-0.533,1.307,0.0,-0.502,1
675,0.07334848328356906,-0.1136,0,-4.4148,1.36,0,-0.535,1.294,0.0,-0.503,1
676,0.07201388754955529,-0.1021,0,-4.4216,1.345,0,-0.535,1.28,0.0,-0.504,1
677,0.07111258679024417,-0.0905,0,-4.4282,1.331,0,-0.536,1.267,0.0,-0.505,1
678,0.08263776376451624,-0.0788,0,-4.4348,1.331,0,-0.536,1.254,0.0,-0.506,1
679,0.07158910531638173,-0.0672,0,-4.4412,1.306,0,-0.537,1.241,0.0,-0.507,1
680,0.07201388754955529,-0.0558,0,-4.448,1.292,0,-0.539,1.227,0.0,-0.508,1
681,0.07158910531638173,-0.0444,0,-4.4548,1.279,0,-0.539,1.214,0.0,-0.509,1
682,0.06618912297349161,-0.0331,0,-4.4615,1.26,0,-0.54,1.201,0.0,-0.51,1
683,0.07762087348130019,-0.0218,0,-4.4679,1.26,0,-0.54,1.188,0.0,-0.511,1
684,0.07353910524340102,-0.0098,0,-4.4748,1.242,0,-0.54,1.174,0.0,-0.512,1
685,0.07539230729988312,0.0019,0,-4.4813,1.231,0,-0.541,1.161,0.0,-0.513,1
686,0.07632168761236871,0.0135,0,-4.4884,1.218,0,-0.542,1.147,0.0,-0.514,1
687,0.06621178142898745,0.0253,0,-4.4954,1.194,0,-0.542,1.134,0.0,-0.514,1
688,0.07877182237323177,0.037,0,-4.5025,1.194,0,-0.542,1.12,0.0,-0.515,1
689,0.07186793443532376,0.0483,0,-4.5094,1.174,0,-0.542,1.107,0.0,-0.516,1
690,0.07186793443532376,0.06,0,-4.5162,1.16,0,-0.543,1.093,0.0,-0.517,1
691,0.06815423684555491,0.0719,0,-4.5233,1.142,0,-0.543,1.079,0.0,-0.517,1
692,0.06985699678629179,0.0834,0,-4.5298,1.13,0,-0.546,1.066,0.0,-0.518,1
693,0.08159656855530135,0.0952,0,-4.5366,1.13,0,-0.546,1.053,0.0,-0.519,1
694,0.07874642849044029,0.1071,0,-4.543,1.114,0,-0.545,1.039,0.0,-0.521,1
695,0.06964194138592056,0.1182,0,-4.5493,1.091,0,-0.547,1.026,0.0,-0.522,1
696,0.07338937252763506,0.1294,0,-4.5557,1.083,0,-0.548,1.014,0.0,-0.523,1
697,0.06315853069855257,0.1403,0,-4.5622,1.059,0,-0.548,1.001,0.0,-0.523,1
698,0.0749466476902069,0.1515,0,-4.5686,1.059,0,-0.548,0.988,0.0,-0.524,1
699,0.07716216689544178,0.163,0,-4.5754,1.048,0,-0.55,0.975,0.0,-0.525,1
700,0.07338937252763506,0.1745,0,-4.5817,1.031,0,-0.551,0.962,0.0,-0.526,1
701,0.06685057965343313,0.186,0,-4.5883,1.01,0,-0.552,0.948,0.0,-0.527,1
702,0.06276941930590081,0.1975,0,-4.595,0.993,0,-0.552,0.935,0.0,-0.528,1
703,0.0749466476902069,0.209,0,-4.6016,0.993,0,-0.553,0.922,0.0,-0.529,1
704,0.07433034373659249,0.2206,0,-4.6084,0.978,0,-0.555,0.908,0.0,-0.53,1
705,0.07057619995437552,0.2321,0,-4.6149,0.961,0,-0.556,0.895,0.0,-0.531,1
706,0.07399999999999995,0.2436,0,-4.6214,0.952,0,-0.556,0.882,0.0,-0.532,1
707,0.06425729530566944,0.2551,0,-4.6278,0.929,0,-0.556,0.869,0.0,-0.533,1
708,0.0756901578806651,0.2663,0,-4.6342,0.929,0,-0.554,0.856,0.0,-0.534,1
709,0.07203471385380807,0.2743,0,-4.6421,0.915,0,-0.549,0.845,0.0,-0.532,1
710,0.07130918594402834,0.2798,0,-4.6478,0.903,0,-0.558,0.837,0.0,-0.531,1
711,0.06435060217278467,0.2876,0,-4.6536,0.882,0,-0.565,0.828,0.0,-0.53,1
712,0.07023531875061152,0.2987,0,-4.6603,0.877,0,-0.564,0.815,0.0,-0.531,1
713,0.09106591019695562,0.3113,0,-4.6685,0.878,0,-0.578,0.8,0.0,-0.531,1
714,0.09278469701410888,0.3247,0,-4.6766,0.864,0,-0.579,0.784,0.0,-0.532,1
715,0.08988882021697685,0.3385,0,-4.6846,0.844,0,-0.581,0.768,0.0,-0.533,1
716,0.0876641317757724,0.3516,0,-4.6922,0.827,0,-0.581,0.753,0.0,-0.534,1
717,0.07800640999302558,0.363,0,-4.6984,0.803,0,-0.581,0.74,0.0,-0.535,1
718,0.08868483523128406,0.3756,0,-4.703,0.804,0,-0.583,0.727,0.0,-0.539,1
719,0.08452810183601667,0.3915,0,-4.705,0.789,0,-0.583,0.713,0.0,-0.546,1
720,0.08709190547921206,0.4038,0,-4.7124,0.779,0,-0.579,0.698,0.0,-0.547,1
721,0.06868041933477113,0.4112,0,-4.7173,0.756,0,-0.566,0.69,0.0,-0.547,1
722,0.048846698967279154,0.4162,0,-4.7207,0.729,0,-0.566,0.684,0.0,-0.547,0
723,0.05442425929675102,0.4217,0,-4.7241,0.728,0,-0.566,0.677,0.0,-0.547,1
724,0.055154328932550616,0.4282,0,-4.7259,0.722,0,-0.57,0.671,0.0,-0.549,1
725,0.05189412298131639,0.4306,0,-4.7262,0.716,0,-0.572,0.669,0.0,-0.55,1
726,0.03944616584663192,0.4293,0,-4.7266,0.703,0,-0.569,0.669,0.0,-0.549,0
727,0.038948684188300775,0.4299,0,-4.7263,0.703,0,-0.569,0.669,0.0,-0.55,0
728,0.038470768123342575,0.4297,0,-4.7263,0.703,0,-0.568,0.669,0.0,-0.55,0
729,0.04248529157249589,0.4299,0,-4.726,0.707,0,-0.569,0.669,0.0,-0.55,0
730,0.038078865529319425,0.4297,0,-4.7261,0.702,0,-0.569,0.669,0.0,-0.55,0
731,0.03801315561749631,0.4297,0,-4.7258,0.703,0,-0.567,0.669,0.0,-0.55,0
732,0.040718546143004554,0.4298,0,-4.7259,0.706,0,-0.567,0.669,0.0,-0.55,0
733,0.04114608122288185,0.4297,0,-4.7258,0.706,0,-0.568,0.669,0.0,-0.55,0
734,0.04114608122288185,0.4298,0,-4.7257,0.706,0,-0.568,0.669,0.0,-0.55,0
735,0.037589892258424885,0.4297,0,-4.7256,0.703,0,-0.568,0.67,0.0,-0.55,0
736,0.03671511950137152,0.4295,0,-4.7257,0.702,0,-0.568,0.67,0.0,-0.55,0
737,0.03935733730830874,0.4296,0,-4.7257,0.705,0,-0.568,0.67,0.0,-0.55,0
738,0.03891015291668733,0.4296,0,-4.7258,0.705,0,-0.567,0.67,0.0,-0.55,0
739,0.03584689665786972,0.4296,0,-4.7256,0.701,0,-0.568,0.67,0.0,-0.55,0
740,0.03623534186398676,0.4296,0,-4.7256,0.702,0,-0.567,0.67,0.0,-0.55,0
741,0.038470768123342575,0.4296,0,-4.7255,0.704,0,-0.568,0.67,0.0,-0.55,0
742,0.03935733730830874,0.4295,0,-4.7256,0.705,0,-0.568,0.67,0.0,-0.55,0
743,0.03935733730830874,0.4295,0,-4.7257,0.705,0,-0.568,0.67,0.0,-0.55,0
744,0.03671511950137152,0.4297,0,-4.7256,0.702,0,-0.568,0.67,0.0,-0.55,0
745,0.0402492235949961,0.4296,0,-4.7256,0.706,0,-0.568,0.67,0.0,-0.55,0
746,0.03635931792539556,0.4296,0,-4.7255,0.701,0,-0.569,0.67,0.0,-0.55,0
747,0.03635931792539556,0.4297,0,-4.7254,0.701,0,-0.569,0.67,0.0,-0.55,0
748,0.0402492235949961,0.4296,0,-4.7255,0.706,0,-0.568,0.67,0.0,-0.55,0
749,0.04114608122288185,0.4296,0,-4.7256,0.707,0,-0.568,0.67,0.0,-0.55,0
750,0.038470768123342575,0.4295,0,-4.7257,0.704,0,-0.568,0.67,0.0,-0.55,0
751,0.0402492235949961,0.4295,0,-4.7256,0.706,0,-0.568,0.67,0.0,-0.55,0
752,0.0402492235949961,0.4296,0,-4.7256,0.706,0,-0.568,0.67,0.0,-0.55,0
753,0.03584689665786972,0.4296,0,-4.7255,0.701,0,-0.568,0.67,0.0,-0.55,0
754,0.0402492235949961,0.4295,0,-4.7257,0.706,0,-0.568,0.67,0.0,-0.55,0
755,0.03712142238654106,0.4295,0,-4.7256,0.703,0,-0.567,0.67,0.0,-0.55,0
756,0.03623534186398676,0.4296,0,-4.7257,0.702,0,-0.567,0.67,0.0,-0.55,0
757,0.03712142238654106,0.43,0,-4.7259,0.702,0,-0.567,0.669,0.0,-0.55,0
758,0.04204759208325717,0.4323,0,-4.728,0.704,0,-0.568,0.666,0.0,-0.55,0
759,0.0519999999999999,0.4391,0,-4.7318,0.706,0,-0.57,0.658,0.0,-0.55,1
760,0.05980802621722263,0.4518,0,-4.7361,0.701,0,-0.575,0.645,0.0,-0.554,1
761,0.05887274411814011,0.4644,0,-4.742,0.687,0,-0.577,0.632,0.0,-0.556,1
762,0.06868041933477113,0.4754,0,-4.7474,0.686,0,-0.577,0.62,0.0,-0.558,1
763,0.05990826320300066,0.4831,0,-4.7512,0.669,0,-0.574,0.611,0.0,-0.559,1
764,0.049648766349225645,0.4872,0,-4.7533,0.653,0,-0.575,0.606,0.0,-0.559,0
765,0.03939543120718441,0.4894,0,-4.7541,0.64,0,-0.576,0.604,0.0,-0.56,0
766,0.039924929555354254,0.4921,0,-4.7555,0.638,0,-0.575,0.601,0.0,-0.56,0
767,0.04237924020083418,0.4956,0,-4.757,0.637,0,-0.575,0.597,0.0,-0.561,0
768,0.040311288741492785,0.501,0,-4.7578,0.629,0,-0.579,0.592,0.0,-0.563,0
769,0.04972926703662547,0.5066,0,-4.7609,0.634,0,-0.577,0.586,0.0,-0.564,0
770,0.05124451190127587,0.5103,0,-4.7631,0.631,0,-0.579,0.582,0.0,-0.564,1
771,0.04933558553417608,0.5128,0,-4.7644,0.626,0,-0.579,0.579,0.0,-0.564,0
772,0.05192301994298872,0.5152,0,-4.7658,0.626,0,-0.579,0.576,0.0,-0.565,1
773,0.04365775990588618,0.5171,0,-4.7668,0.615,0,-0.58,0.574,0.0,-0.565,0
774,0.04554119014694284,0.5186,0,-4.7674,0.616,0,-0.58,0.573,0.0,-0.565,0
775,0.04588027898781789,0.5208,0,-4.7686,0.613,0,-0.581,0.57,0.0,-0.565,0
776,0.0449444101084885,0.5244,0,-4.7712,0.608,0,-0.581,0.566,0.0,-0.565,0
777,0.050596442562694015,0.5297,0,-4.7743,0.607,0,-0.582,0.559,0.0,-0.566,1
778,0.05797413216254292,0.5362,0,-4.7784,0.608,0,-0.581,0.552,0.0,-0.566,1
779,0.05604462507680816,0.5435,0,-4.7826,0.597,0,-0.582,0.543,0.0,-0.567,1
780,0.05508175741568159,0.5505,0,-4.7869,0.588,0,-0.582,0.535,0.0,-0.567,1
781,0.05220153254455269,0.5568,0,-4.7906,0.578,0,-0.582,0.528,0.0,-0.567,1
782,0.05700877125495684,0.5611,0,-4.7931,0.578,0,-0.583,0.523,0.0,-0.568,1
783,0.05316013544000799,0.5648,0,-4.7952,0.57,0,-0.583,0.519,0.0,-0.568,1
784,0.048383881613611825,0.5684,0,-4.7973,0.561,0,-0.583,0.515,0.0,-0.568,0
785,0.048703182647543725,0.5732,0,-4.8001,0.555,0,-0.585,0.509,0.0,-0.569,0
786,0.05154609587543954,0.5789,0,-4.8036,0.551,0,-0.585,0.502,0.0,-0.569,1
787,0.05846366392897392,0.5851,0,-4.8071,0.552,0,-0.583,0.495,0.0,-0.57,1
788,0.05069516742254635,0.5907,0,-4.8103,0.538,0,-0.583,0.489,0.0,-0.57,1
789,0.05141984052872981,0.596,0,-4.813,0.533,0,-0.583,0.483,0.0,-0.571,1
790,0.05059644256269411,0.6006,0,-4.8155,0.526,0,-0.587,0.478,0.0,-0.571,1
791,0.04554119014694284,0.6049,0,-4.8179,0.516,0,-0.587,0.473,0.0,-0.572,0
792,0.05124451190127582,0.6094,0,-4.8205,0.517,0,-0.587,0.468,0.0,-0.572,1
793,0.05440588203494177,0.6143,0,-4.8234,0.514,0,-0.588,0.462,0.0,-0.572,1
794,0.04588027898781784,0.615,0,-4.8242,0.505,0,-0.585,0.461,0.0,-0.572,0
795,0.04085339643163098,0.6149,0,-4.8239,0.499,0,-0.587,0.461,0.0,-0.572,0
796,0.03807886552931952,0.615,0,-4.824,0.496,0,-0.587,0.461,0.0,-0.572,0
797,0.03769615364994151,0.615,0,-4.8242,0.496,0,-0.586,0.461,0.0,-0.572,0
798,0.03577708763999662,0.6153,0,-4.8248,0.492,0,-0.588,0.46,0.0,-0.572,0
799,0.0393954312071844,0.6168,0,-4.8266,0.494,0,-0.587,0.458,0.0,-0.571,0
800,0.04569463863518344,0.6221,0,-4.8301,0.494,0,-0.589,0.452,0.0,-0.571,0
801,0.055362442142665634,0.6348,0,-4.8361,0.491,0,-0.589,0.438,0.0,-0.573,1
802,0.07844743462982076,0.6525,0,-4.8479,0.492,0,-0.597,0.417,0.0,-0.574,1
803,0.08438009243891591,0.6745,0,-4.854,0.479,0,-0.589,0.395,0.0,-0.581,1
804,0.07816009211867654,0.6891,0,-4.8627,0.453,0,-0.604,0.378,0.0,-0.582,1
805,0.0596824932455071,0.6951,0,-4.8657,0.43,0,-0.592,0.371,0.0,-0.583,1
806,0.04099999999999998,0.6988,0,-4.8679,0.407,0,-0.592,0.367,0.0,-0.583,0
807,0.04535416188179425,0.7022,0,-4.8698,0.407,0,-0.594,0.363,0.0,-0.583,0
808,0.047074409183759325,0.7069,0,-4.8723,0.404,0,-0.594,0.358,0.0,-0.584,0
809,0.05021951811795892,0.7137,0,-4.8758,0.399,0,-0.596,0.35,0.0,-0.585,1
810,0.05021951811795886,0.7216,0,-4.8803,0.39,0,-0.596,0.341,0.0,-0.585,1
811,0.048052055106935845,0.73,0,-4.885,0.379,0,-0.596,0.332,0.0,-0.586,0
812,0.05984145720150872,0.7379,0,-4.8903,0.381,0,-0.596,0.322,0.0,-0.586,1
813,0.05162363799656122,0.7405,0,-4.8924,0.37,0,-0.594,0.319,0.0,-0.586,1
814,0.04026164427839477,0.7396,0,-4.8921,0.359,0,-0.596,0.32,0.0,-0.586,0
815,0.03157530680769386,0.7394,0,-4.8924,0.351,0,-0.591,0.32,0.0,-0.585,0
816,0.03238826948140327,0.7399,0,-4.8926,0.351,0,-0.59,0.319,0.0,-0.585,0
817,0.04031128874149273,0.742,0,-4.894,0.357,0,-0.59,0.317,0.0,-0.585,0
818,0.04809365862564418,0.7464,0,-4.8975,0.359,0,-0.588,0.311,0.0,-0.585,0
819,1.4290587811563245,0.7556,0,-4.9037,0.355,0,0.843,0.3,0.0,-0.585,1
820,0.06449806198638845,0.772,0,-4.9116,0.338,0,-0.62,0.282,0.0,-0.588,1
821,0.07912016177940995,0.7924,0,-4.9176,0.336,0,-0.622,0.262,0.0,-0.594,1
822,0.08544003745317534,0.8079,0,-4.9237,0.325,0,-0.628,0.245,0.0,-0.598,1
823,0.07000714249274853,0.8177,0,-4.9294,0.304,0,-0.6,0.234,0.0,-0.599,1
824,0.0534602656184946,0.8218,0,-4.9318,0.282,0,-0.606,0.229,0.0,-0.599,1
825,0.038832975677895204,0.8229,0,-4.9321,0.266,0,-0.607,0.228,0.0,-0.599,0
826,0.037854986461495405,0.8225,0,-4.932,0.266,0,-0.607,0.229,0.0,-0.599,0
827,0.03324154027718933,0.8225,0,-4.9319,0.261,0,-0.608,0.229,0.0,-0.599,0
828,0.03298484500494128,0.8225,0,-4.932,0.261,0,-0.607,0.229,0.0,-0.599,0
829,0.03324154027718933,0.8226,0,-4.932,0.261,0,-0.608,0.229,0.0,-0.599,0
830,0.032015621187164243,0.8225,0,-4.9321,0.26,0,-0.607,0.229,0.0,-0.599,0
831,0.032015621187164243,0.8225,0,-4.9321,0.26,0,-0.607,0.229,0.0,-0.599,0
832,0.032015621187164243,0.8225,0,-4.9321,0.26,0,-0.607,0.229,0.0,-0.599,0
833,0.031320919526731654,0.8224,0,-4.932,0.259,0,-0.608,0.229,0.0,-0.599,0
834,0.03298484500494128,0.8221,0,-4.9315,0.261,0,-0.607,0.229,0.0,-0.599,0
835,0.027513632984395207,0.8199,0,-4.9302,0.258,0,-0.608,0.232,0.0,-0.599,0
836,0.021954498400100168,0.8161,0,-4.9275,0.255,0,-0.61,0.236,0.0,-0.599,0
837,0.01860107523773829,0.8108,0,-4.9236,0.254,0,-0.614,0.243,0.0,-0.599,0
838,0.016643316977093252,0.8051,0,-4.919,0.259,0,-0.614,0.25,0.0,-0.6,0
839,0.019849433241279225,0.8001,0,-4.9152,0.27,0,-0.615,0.257,0.0,-0.6,0
840,0.02745906043549194,0.7975,0,-4.9131,0.283,0,-0.616,0.26,0.0,-0.601,0
841,0.02641968962724579,0.7971,0,-4.9129,0.283,0,-0.614,0.26,0.0,-0.601,0
842,1.4354267658086914,0.7973,0,-4.913,0.295,0,0.834,0.26,0.0,-0.601,1
843,0.035999999999999976,0.7974,0,-4.9131,0.296,0,-0.601,0.26,0.0,-0.601,0
844,0.037054014627297786,0.7975,0,-4.9131,0.297,0,-0.599,0.26,0.0,-0.601,0
845,0.037054014627297786,0.7973,0,-4.9132,0.297,0,-0.599,0.26,0.0,-0.601,0
846,0.03721558813185677,0.7975,0,-4.913,0.297,0,-0.597,0.26,0.0,-0.601,0
847,0.03622154055254964,0.7974,0,-4.9131,0.296,0,-0.597,0.26,0.0,-0.601,0
848,0.03721558813185677,0.7974,0,-4.9132,0.297,0,-0.597,0.26,0.0,-0.601,0
849,0.03721558813185677,0.7974,0,-4.9131,0.297,0,-0.597,0.26,0.0,-0.601,0
850,0.035227829907617046,0.7974,0,-4.913,0.295,0,-0.597,0.26,0.0,-0.601,0
851,0.035227829907617046,0.7974,0,-4.9131,0.295,0,-0.597,0.26,0.0,-0.601,0
852,0.03612478373637686,0.7974,0,-4.9131,0.296,0,-0.598,0.26,0.0,-0.601,0
853,0.03612478373637686,0.7974,0,-4.9131,0.296,0,-0.598,0.26,0.0,-0.601,0
854,0.035227829907617046,0.7974,0,-4.913,0.295,0,-0.597,0.26,0.0,-0.601,0
855,0.03622154055254964,0.7975,0,-4.913,0.296,0,-0.597,0.26,0.0,-0.601,0
856,0.03712142238654115,0.7982,0,-4.9134,0.296,0,-0.598,0.259,0.0,-0.601,0
857,0.042190046219457954,0.8026,0,-4.9166,0.296,0,-0.597,0.254,0.0,-0.601,0
858,0.05403702434442518,0.8119,0,-4.922,0.297,0,-0.599,0.243,0.0,-0.601,1
859,1.4382941284730324,0.8231,0,-4.9293,0.291,0,0.835,0.23,0.0,-0.602,1
860,1.4382520641389671,0.8357,0,-4.9369,0.275,0,0.835,0.215,0.0,-0.602,1
861,0.0744311762637136,0.8468,0,-4.9437,0.276,0,-0.611,0.202,0.0,-0.603,1
862,0.06627216610312357,0.8558,0,-4.9494,0.257,0,-0.609,0.191,0.0,-0.603,1
863,0.05742821606144491,0.865,0,-4.9544,0.238,0,-0.611,0.181,0.0,-0.604,1
864,0.05147815070493499,0.8733,0,-4.9593,0.222,0,-0.612,0.171,0.0,-0.605,1
865,0.0485077313425396,0.8816,0,-4.9645,0.209,0,-0.612,0.161,0.0,-0.605,0
866,0.05854912467321779,0.8904,0,-4.9697,0.209,0,-0.614,0.151,0.0,-0.606,1
867,0.05869412236331678,0.8992,0,-4.9751,0.199,0,-0.615,0.141,0.0,-0.606,1
868,0.057314919523628396,0.908,0,-4.9806,0.188,0,-0.613,0.131,0.0,-0.607,1
869,0.052611785751863614,0.9172,0,-4.9861,0.172,0,-0.615,0.12,0.0,-0.607,1
870,0.05246903848937963,0.9261,0,-4.9914,0.161,0,-0.615,0.109,0.0,-0.608,1
871,0.05930430001273096,0.9325,0,-4.9954,0.161,0,-0.614,0.102,0.0,-0.608,1
872,0.04356604182158391,0.934,0,-4.9963,0.143,0,-0.615,0.1,0.0,-0.608,0
873,0.03298484500494128,0.9335,0,-4.9959,0.133,0,-0.616,0.101,0.0,-0.608,0
874,0.03059411708155671,0.9334,0,-4.9959,0.131,0,-0.614,0.101,0.0,-0.608,0
875,0.03059411708155671,0.9334,0,-4.996,0.131,0,-0.614,0.101,0.0,-0.608,0
876,0.03104834939252005,0.9335,0,-4.9959,0.131,0,-0.616,0.101,0.0,-0.608,0
877,0.03080584360149873,0.9334,0,-4.996,0.131,0,-0.615,0.101,0.0,-0.608,0
878,0.03080584360149873,0.9334,0,-4.9959,0.131,0,-0.615,0.101,0.0,-0.608,0
879,0.03104834939252005,0.9334,0,-4.996,0.131,0,-0.616,0.101,0.0,-0.608,0
880,0.03104834939252005,0.9335,0,-4.9959,0.131,0,-0.616,0.101,0.0,-0.608,0
881,0.03104834939252005,0.9335,0,-4.9959,0.131,0,-0.616,0.101,0.0,-0.608,0
882,0.029832867780352594,0.9334,0,-4.996,0.13,0,-0.615,0.101,0.0,-0.608,0
883,0.03080584360149873,0.9334,0,-4.996,0.131,0,-0.615,0.101,0.0,-0.608,0
884,0.03080584360149873,0.9334,0,-4.996,0.131,0,-0.615,0.101,0.0,-0.608,0
885,0.03080584360149873,0.9334,0,-4.996,0.131,0,-0.615,0.101,0.0,-0.608,0
886,0.03178049716414141,0.9335,0,-4.9959,0.132,0,-0.615,0.101,0.0,-0.608,0
887,0.03178049716414141,0.9333,0,-4.996,0.132,0,-0.615,0.101,0.0,-0.608,0
888,0.029832867780352594,0.9335,0,-4.996,0.13,0,-0.615,0.101,0.0,-0.608,0
889,0.03178049716414141,0.9334,0,-4.996,0.132,0,-0.615,0.101,0.0,-0.608,0
890,0.03178049716414141,0.9334,0,-4.996,0.132,0,-0.615,0.101,0.0,-0.608,0
891,0.032015621187164243,0.9335,0,-4.996,0.132,0,-0.616,0.101,0.0,-0.608,0
892,0.03080584360149873,0.9335,0,-4.996,0.131,0,-0.615,0.101,0.0,-0.608,0
893,0.029832867780352594,0.9334,0,-4.9961,0.13,0,-0.615,0.101,0.0,-0.608,0
894,0.03104834939252005,0.9333,0,-4.9962,0.131,0,-0.616,0.101,0.0,-0.608,0
895,0.03104834939252005,0.9335,0,-4.996,0.131,0,-0.616,0.101,0.0,-0.608,0
896,0.03104834939252005,0.9335,0,-4.9961,0.131,0,-0.616,0.101,0.0,-0.608,0
897,0.03178049716414141,0.9335,0,-4.996,0.132,0,-0.615,0.101,0.0,-0.608,0
898,0.03080584360149873,0.9335,0,-4.9961,0.131,0,-0.615,0.101,0.0,-0.608,0
899,0.032015621187164243,0.9334,0,-4.9961,0.132,0,-0.616,0.101,0.0,-0.608,0
900,0.032015621187164243,0.9335,0,-4.9961,0.132,0,-0.616,0.101,0.0,-0.608,0
901,0.03298484500494128,0.9334,0,-4.9961,0.133,0,-0.616,0.101,0.0,-0.608,0
902,0.03080584360149873,0.9334,0,-4.9961,0.131,0,-0.615,0.101,0.0,-0.608,0
903,0.03104834939252005,0.9334,0,-4.9962,0.131,0,-0.616,0.101,0.0,-0.608,0
904,0.029832867780352594,0.9335,0,-4.9961,0.13,0,-0.615,0.101,0.0,-0.608,0
905,0.029832867780352594,0.9334,0,-4.9962,0.13,0,-0.615,0.101,0.0,-0.608,0
906,0.03157530680769389,1.1072,0,-4.7486,0.126,0,-0.916,0.095,0.0,-0.91,0
907,0.03059411708155671,1.1072,0,-4.7487,0.125,0,-0.916,0.095,0.0,-0.91,0
908,0.03080584360149873,1.1072,0,-4.7487,0.125,0,-0.917,0.095,0.0,-0.91,0
909,0.03059411708155671,1.1071,0,-4.749,0.125,0,-0.916,0.095,0.0,-0.91,0
910,0.03059411708155671,1.1071,0,-4.7489,0.125,0,-0.916,0.095,0.0,-0.91,0
911,0.03324154027718933,1.1072,0,-4.7489,0.126,0,-0.922,0.095,0.0,-0.91,0
912,0.03324154027718933,1.1072,0,-4.7488,0.126,0,-0.922,0.095,0.0,-0.91,0
913,0.03289376840679706,1.1071,0,-4.7487,0.126,0,-0.921,0.095,0.0,-0.91,0
914,0.032388269481403296,1.1071,0,-4.749,0.127,0,-0.915,0.095,0.0,-0.91,0
915,0.032572994949804666,1.1071,0,-4.749,0.126,0,-0.92,0.095,0.0,-0.91,0
916,0.03383784863137727,1.1072,0,-4.749,0.127,0,-0.921,0.095,0.0,-0.91,0
917,0.03289376840679706,1.1072,0,-4.7491,0.126,0,-0.921,0.095,0.0,-0.91,0
918,0.03157530680769389,1.1073,0,-4.7487,0.126,0,-0.916,0.095,0.0,-0.91,0
919,0.03157530680769389,1.1071,0,-4.7493,0.126,0,-0.916,0.095,0.0,-0.91,0
920,0.03289376840679706,1.1072,0,-4.7494,0.126,0,-0.921,0.095,0.0,-0.91,0
921,0.03289376840679706,1.1072,0,-4.7494,0.126,0,-0.921,0.095,0.0,-0.91,0
922,0.03324154027718933,1.1072,0,-4.7494,0.126,0,-0.922,0.095,0.0,-0.91,0
923,0.03324154027718933,1.1072,0,-4.7494,0.126,0,-0.922,0.095,0.0,-0.91,0
924,0.03178049716414141,1.1073,0,-4.7494,0.126,0,-0.917,0.095,0.0,-0.91,0
925,0.032557641192199414,1.1073,0,-4.7495,0.127,0,-0.916,0.095,0.0,-0.91,0
926,0.03195309061734092,1.1073,0,-4.7495,0.125,0,-0.921,0.095,0.0,-0.91,0
927,0.034176014981270125,1.1073,0,-4.7496,0.127,0,-0.922,0.095,0.0,-0.91,0
928,0.034176014981270125,1.1072,0,-4.7494,0.127,0,-0.922,0.095,0.0,-0.91,0
929,0.032388269481403296,1.1073,0,-4.7496,0.127,0,-0.915,0.095,0.0,-0.91,0
930,0.031400636936215164,1.1072,0,-4.7496,0.126,0,-0.915,0.095,0.0,-0.91,0
931,0.029614185789921695,1.1053,0,-4.7484,0.126,0,-0.916,0.097,0.0,-0.91,0
932,0.025495097567963934,1.0998,0,-4.7443,0.127,0,-0.921,0.104,0.0,-0.91,0
933,0.01780449381476486,1.0905,0,-4.738,0.129,0,-0.921,0.115,0.0,-0.91,0
934,0.01100000000000001,1.0797,0,-4.7308,0.128,0,-0.921,0.128,0.0,-0.91,0
935,0.011045361017187267,1.0696,0,-4.724,0.141,0,-0.921,0.14,0.0,-0.91,0
936,0.013892443989449816,1.0606,0,-4.7173,0.159,0,-0.922,0.152,0.0,-0.91,0
937,0.017029386365926394,1.0529,0,-4.7123,0.174,0,-0.921,0.161,0.0,-0.91,0
938,0.02109502310972898,1.0472,0,-4.7086,0.186,0,-0.921,0.168,0.0,-0.91,0
939,0.01252996408614168,1.0413,0,-4.7047,0.186,0,-0.916,0.175,0.0,-0.91,0
940,0.019416487838947616,1.0347,0,-4.7007,0.198,0,-0.921,0.182,0.0,-0.91,0
941,0.01843908891458577,1.0279,0,-4.6956,0.205,0,-0.922,0.191,0.0,-0.91,0
942,0.019999999999999993,1.0192,0,-4.6897,0.217,0,-0.922,0.201,0.0,-0.91,0
943,0.013000000000000012,1.0097,0,-4.6839,0.217,0,-0.921,0.212,0.0,-0.909,0
944,0.013152946437965917,1.0007,0,-4.6775,0.225,0,-0.923,0.223,0.0,-0.91,0
945,1.4330170968973122,0.9922,0,-4.6716,0.241,0,0.523,0.234,0.0,-0.91,1
946,0.01486606874731852,0.9838,0,-4.6659,0.255,0,-0.92,0.244,0.0,-0.91,0
947,0.018027756377319962,0.976,0,-4.6606,0.268,0,-0.92,0.253,0.0,-0.91,0
948,0.011180339887498959,0.9683,0,-4.6552,0.268,0,-0.92,0.263,0.0,-0.91,0
949,0.01769180601295415,0.964,0,-4.6522,0.28,0,-0.923,0.268,0.0,-0.91,0
950,0.02459674775249766,0.9628,0,-4.6509,0.292,0,-0.922,0.27,0.0,-0.911,0
951,0.03023243291566193,0.9598,0,-4.6494,0.298,0,-0.927,0.273,0.0,-0.91,0
952,0.022203603311174536,0.9515,0,-4.6442,0.301,0,-0.923,0.283,0.0,-0.91,0
953,0.013341664064126346,0.9385,0,-4.6353,0.302,0,-0.923,0.299,0.0,-0.91,0
954,0.02051828452868321,0.9229,0,-4.6252,0.302,0,-0.923,0.317,0.0,-0.909,0
955,0.02418677324489567,0.9039,0,-4.6122,0.319,0,-0.922,0.34,0.0,-0.91,0
956,0.016401219466856708,0.8943,0,-4.606,0.342,0,-0.922,0.352,0.0,-0.909,0
957,0.025612496949731417,0.8918,0,-4.6035,0.375,0,-0.926,0.355,0.0,-0.91,0
958,0.024839484696748463,0.8916,0,-4.6031,0.375,0,-0.926,0.356,0.0,-0.91,0
959,0.029681644159311685,0.8896,0,-4.6009,0.383,0,-0.927,0.358,0.0,-0.911,0
960,0.023021728866442697,0.8825,0,-4.596,0.386,0,-0.924,0.367,0.0,-0.911,0
961,0.012806248474865708,0.8725,0,-4.587,0.388,0,-0.923,0.38,0.0,-0.913,0
962,0.02100000000000002,0.8594,0,-4.5792,0.396,0,-0.933,0.396,0.0,-0.912,0
963,0.02469817807045693,0.8503,0,-4.5713,0.395,0,-0.934,0.408,0.0,-0.913,0
964,0.02220360331117443,0.8478,0,-4.5664,0.415,0,-0.938,0.412,0.0,-0.916,0
965,0.017464249196573,0.8363,0,-4.5607,0.432,0,-0.93,0.425,0.0,-0.914,0
966,0.02418677324489556,0.8245,0,-4.5527,0.442,0,-0.938,0.439,0.0,-0.914,0
967,0.024020824298928538,0.8123,0,-4.5441,0.455,0,-0.939,0.454,0.0,-0.915,0
968,0.02879236009777586,0.801,0,-4.5401,0.456,0,-0.939,0.466,0.0,-0.912,0
969,0.020223748416156703,0.7939,0,-4.5319,0.473,0,-0.935,0.476,0.0,-0.915,0
970,0.03452535300326406,0.7872,0,-4.5268,0.491,0,-0.949,0.485,0.0,-0.915,0
971,0.026248809496813397,0.783,0,-4.5229,0.507,0,-0.936,0.49,0.0,-0.916,0
972,0.02687005768508883,0.7791,0,-4.5193,0.515,0,-0.936,0.496,0.0,-0.917,0
973,0.023021728866442697,0.7737,0,-4.5154,0.515,0,-0.936,0.502,0.0,-0.917,0
974,0.02785677655436816,0.7657,0,-4.5114,0.521,0,-0.942,0.511,0.0,-0.916,0
975,0.02927456233660881,0.7559,0,-4.5075,0.526,0,-0.942,0.522,0.0,-0.913,0
976,0.03275667870831834,0.7466,0,-4.5054,0.547,0,-0.938,0.53,0.0,-0.91,0
977,0.02193171219946133,0.7378,0,-4.5006,0.56,0,-0.918,0.54,0.0,-0.909,0
978,0.009433981132056611,0.7287,0,-4.4906,0.561,0,-0.917,0.553,0.0,-0.912,0
979,0.006708203932499375,0.7154,0,-4.4824,0.572,0,-0.918,0.569,0.0,-0.912,0
980,0.008485281374238578,0.705,0,-4.4759,0.587,0,-0.917,0.581,0.0,-0.911,0
981,0.02418677324489567,0.6979,0,-4.4712,0.611,0,-0.923,0.59,0.0,-0.911,0
982,0.03138470965295046,0.6922,0,-4.4674,0.626,0,-0.923,0.597,0.0,-0.911,0
983,0.02247220505424425,0.6856,0,-4.4628,0.626,0,-0.919,0.605,0.0,-0.911,0
984,0.021023796041628656,0.6778,0,-4.4578,0.633,0,-0.92,0.614,0.0,-0.911,0
985,0.021400934559032716,0.668,0,-4.4517,0.643,0,-0.923,0.626,0.0,-0.91,0
986,0.017204650534085267,0.6565,0,-4.4442,0.649,0,-0.924,0.639,0.0,-0.91,0
987,0.017204650534085267,0.6452,0,-4.4372,0.663,0,-0.924,0.653,0.0,-0.91,0
988,0.015132745950421569,0.6352,0,-4.4309,0.662,0,-0.924,0.664,0.0,-0.909,0
989,0.020124611797498124,0.626,0,-4.4248,0.684,0,-0.927,0.675,0.0,-0.909,0
990,0.025238858928247888,0.6176,0,-4.419,0.7,0,-0.93,0.686,0.0,-0.909,0
991,0.017029386365926418,0.6091,0,-4.4127,0.707,0,-0.923,0.696,0.0,-0.91,0
992,0.019104973174542815,0.6001,0,-4.4062,0.721,0,-0.923,0.707,0.0,-0.91,0
993,0.0028284271247461927,0.5902,0,-4.3997,0.721,0,-0.912,0.719,0.0,-0.91,0
994,0.009433981132056611,0.5799,0,-4.3927,0.737,0,-0.918,0.732,0.0,-0.91,0
995,0.017262676501632084,0.5694,0,-4.3853,0.747,0,-0.927,0.744,0.0,-0.91,0
996,0.016552945357246864,0.5592,0,-4.3784,0.764,0,-0.925,0.757,0.0,-0.91,0
997,0.019209372712298563,0.5493,0,-4.3715,0.781,0,-0.925,0.769,0.0,-0.91,0
998,0.02200000000000002,0.5393,0,-4.3646,0.781,0,-0.933,0.781,0.0,-0.911,0
999,0.025179356624028364,0.5289,0,-4.3578,0.796,0,-0.935,0.793,0.0,-0.91,0
1000,0.02647640458974748,0.5188,0,-4.3509,0.811,0,-0.936,0.806,0.0,-0.91,0
1001,0.020223748416156703,0.508,0,-4.3427,0.822,0,-0.931,0.819,0.0,-0.911,0
1002,0.02039607805437116,0.4961,0,-4.3345,0.838,0,-0.931,0.834,0.0,-0.911,0
1003,0.02731300056749535,0.4834,0,-4.3257,0.838,0,-0.936,0.849,0.0,-0.911,0
1004,0.017000000000000015,0.477,0,-4.319,0.858,0,-0.93,0.858,0.0,-0.913,0
1005,0.0300166620396072,0.4707,0,-4.3169,0.88,0,-0.938,0.865,0.0,-0.912,0
1006,0.028178005607210767,0.4601,0,-4.3094,0.891,0,-0.937,0.878,0.0,-0.912,0
1007,0.026000000000000023,0.4466,0,-4.3011,0.893,0,-0.937,0.893,0.0,-0.911,0
1008,0.0338378486313772,0.4296,0,-4.2913,0.894,0,-0.938,0.913,0.0,-0.91,0
1009,0.033286633954186504,0.4117,0,-4.2808,0.916,0,-0.937,0.934,0.0,-0.909,0
1010,0.029681644159311685,0.3944,0,-4.2679,0.939,0,-0.935,0.955,0.0,-0.91,0
1011,0.014317821063276366,0.3813,0,-4.2586,0.968,0,-0.924,0.971,0.0,-0.91,0
1012,0.02202271554554526,0.37,0,-4.2505,0.968,0,-0.924,0.985,0.0,-0.91,0
1013,0.020223748416156703,0.3632,0,-4.2423,0.998,0,-0.933,0.995,0.0,-0.913,0
1014,0.015811388300841847,0.359,0,-4.2371,1.011,0,-0.928,1.002,0.0,-0.915,0
1015,0.02302172886644276,0.3505,0,-4.2294,1.026,0,-0.936,1.013,0.0,-0.917,0
1016,0.031575306807693805,0.3297,0,-4.2246,1.039,0,-0.94,1.033,0.0,-0.909,0
1017,0.037121422386541154,0.3118,0,-4.2139,1.037,0,-0.941,1.054,0.0,-0.908,0
1018,0.042438190347845926,0.294,0,-4.2097,1.047,0,-0.937,1.071,0.0,-0.902,0
1019,0.021931712199461283,0.2827,0,-4.1934,1.08,0,-0.929,1.089,0.0,-0.909,0
1020,0.04275511665286383,0.2685,0,-4.1857,1.098,0,-0.949,1.106,0.0,-0.907,0
1021,0.03546829570193639,0.2596,0,-4.1831,1.127,0,-0.937,1.114,0.0,-0.904,0
1022,0.032015621187164216,0.2571,0,-4.1794,1.126,0,-0.937,1.118,0.0,-0.906,0
1023,0.02555386467836124,0.252,0,-4.1751,1.138,0,-0.929,1.125,0.0,-0.907,0
1024,0.026000000000000023,0.2404,0,-4.167,1.149,0,-0.931,1.139,0.0,-0.907,0
1025,0.02906888370749729,0.2278,0,-4.1566,1.154,0,-0.937,1.156,0.0,-0.908,0
1026,0.02213594362117864,0.2117,0,-4.1431,1.169,0,-0.932,1.176,0.0,-0.911,0
1027,0.034409301068170535,0.1955,0,-4.1308,1.169,0,-0.932,1.197,0.0,-0.912,0
1028,0.034828149534535946,0.1811,0,-4.1186,1.194,0,-0.941,1.216,0.0,-0.914,0
1029,0.029999999999999936,0.169,0,-4.1102,1.212,0,-0.938,1.23,0.0,-0.914,0
1030,0.03452535300326406,0.159,0,-4.1022,1.237,0,-0.949,1.243,0.0,-0.915,0
1031,0.030413812651491037,0.1503,0,-4.0977,1.258,0,-0.944,1.253,0.0,-0.914,0
1032,0.03337663853655721,0.1481,0,-4.0997,1.258,0,-0.944,1.253,0.0,-0.911,0
1033,0.0490407993409569,0.1447,0,-4.102,1.272,0,-0.953,1.255,0.0,-0.907,0
1034,0.04509988913511865,0.1359,0,-4.096,1.269,0,-0.952,1.266,0.0,-0.907,0
1035,0.05423098745182499,0.1224,0,-4.0763,1.267,0,-0.966,1.288,0.0,-0.916,1
1036,0.04104875150354759,0.1063,0,-4.0601,1.287,0,-0.954,1.31,0.0,-0.92,0
1037,0.0552268050859362,0.0902,0,-4.0429,1.286,0,-0.955,1.333,0.0,-0.926,1
1038,0.04468780594300863,0.0732,0,-4.0304,1.32,0,-0.955,1.354,0.0,-0.926,0
1039,0.04134005321718872,0.062,0,-4.0222,1.346,0,-0.962,1.368,0.0,-0.927,0
1040,0.032984845004941206,0.0536,0,-4.0155,1.371,0,-0.96,1.379,0.0,-0.928,0
1041,0.03313608305156172,0.0458,0,-4.0085,1.386,0,-0.962,1.389,0.0,-0.929,0
1042,0.03443835071544511,0.0366,0,-4.0012,1.386,0,-0.961,1.401,0.0,-0.93,0
1043,0.040792156108742206,0.0256,0,-3.9925,1.407,0,-0.971,1.415,0.0,-0.931,0
1044,0.04070626487409512,0.0118,0,-3.982,1.413,0,-0.968,1.432,0.0,-0.932,0
1045,0.04792702786528702,-0.0056,0,-3.9736,1.432,0,-0.973,1.451,0.0,-0.929,0
1046,0.04052159917870952,-0.0196,0,-3.9651,1.457,0,-0.968,1.468,0.0,-0.929,0
1047,0.04410215414239984,-0.0295,0,-3.9559,1.457,0,-0.968,1.481,0.0,-0.931,0
1048,0.045617978911828116,-0.038,0,-3.9469,1.473,0,-0.974,1.493,0.0,-0.933,0
1049,0.033526109228480275,-0.0461,0,-3.938,1.495,0,-0.968,1.505,0.0,-0.936,0
1050,0.04368065933568304,-0.0574,0,-3.9296,1.507,0,-0.979,1.519,0.0,-0.937,0
1051,0.04244997055358226,-0.0682,0,-3.9213,1.522,0,-0.979,1.533,0.0,-0.938,0
1052,0.04939635614091392,-0.0801,0,-3.9116,1.522,0,-0.981,1.548,0.0,-0.939,0
1053,0.05800862004909253,-0.2668,0,-3.7671,1.749,0,-1.001,1.783,0.0,-0.954,1
1054,0.05660388679233967,-0.278,0,-3.7572,1.768,0,-1.004,1.798,0.0,-0.956,1
1055,0.04477722635447626,-0.2893,0,-3.7475,1.791,0,-0.997,1.813,0.0,-0.958,0
1056,0.0514781507049351,-0.3007,0,-3.738,1.807,0,-1.006,1.828,0.0,-0.959,1
1057,0.05015974481593785,-0.3119,0,-3.7291,1.822,0,-1.006,1.842,0.0,-0.96,1
1058,0.061400325732034994,-0.3236,0,-3.7203,1.82,0,-1.01,1.857,0.0,-0.961,1
1059,0.06046486583132395,-0.3354,0,-3.7108,1.838,0,-1.012,1.872,0.0,-0.962,1
1060,0.0588302643203309,-0.348,0,-3.7021,1.856,0,-1.012,1.887,0.0,-0.962,1
1061,0.060373835392494225,-0.3605,0,-3.6934,1.875,0,-1.017,1.902,0.0,-0.963,1
1062,0.05852349955359821,-0.373,0,-3.6852,1.9,0,-1.018,1.917,0.0,-0.962,1
1063,0.05580322571321472,-0.3853,0,-3.6772,1.899,0,-1.007,1.932,0.0,-0.962,1
1064,0.05047771785649589,-0.3977,0,-3.6694,1.919,0,-1.004,1.947,0.0,-0.962,1
1065,0.051478150704934895,-0.41,0,-3.6608,1.937,0,-1.007,1.962,0.0,-0.962,1
1066,0.043046486500061806,-0.423,0,-3.6516,1.956,0,-0.999,1.978,0.0,-0.962,0
1067,0.051623637996561354,-0.4357,0,-3.6422,1.956,0,-0.999,1.993,0.0,-0.963,1
1068,0.048166378315169074,-0.4485,0,-3.6332,1.977,0,-0.999,2.009,0.0,-0.963,0
1069,0.0482597140480546,-0.461,0,-3.6242,1.997,0,-1.004,2.024,0.0,-0.964,0
1070,0.04356604182158393,-0.4735,0,-3.6155,2.017,0,-1.001,2.04,0.0,-0.964,0
1071,0.03981205847478865,-0.4855,0,-3.6067,2.037,0,-1.001,2.054,0.0,-0.965,0
1072,0.048836461788299,-0.498,0,-3.5978,2.037,0,-1.001,2.07,0.0,-0.965,0
1073,0.053254107822777216,-0.5106,0,-3.5888,2.055,0,-1.009,2.085,0.0,-0.965,1
1074,0.05110772935672248,-0.5235,0,-3.5798,2.075,0,-1.01,2.101,0.0,-0.966,1
1075,0.05142956348249516,-0.5361,0,-3.57,2.094,0,-1.013,2.117,0.0,-0.967,1
1076,0.05220153254455288,-0.5484,0,-3.5611,2.114,0,-1.016,2.132,0.0,-0.967,1
1077,0.05882176467941115,-0.5608,0,-3.5518,2.114,0,-1.016,2.148,0.0,-0.968,1
1078,0.06711929677819929,-0.5732,0,-3.5434,2.135,0,-1.029,2.163,0.0,-0.968,1
1079,0.07338937252763511,-0.5852,0,-3.5342,2.153,0,-1.038,2.178,0.0,-0.969,1
1080,0.07212489168102788,-0.5974,0,-3.5254,2.172,0,-1.038,2.193,0.0,-0.969,1
1081,0.07130918594402828,-0.6097,0,-3.5162,2.19,0,-1.039,2.208,0.0,-0.97,1
1082,0.07692203845452882,-0.6225,0,-3.507,2.19,0,-1.039,2.224,0.0,-0.97,1
1083,0.07605918747922574,-0.6352,0,-3.4977,2.208,0,-1.04,2.24,0.0,-0.971,1
1084,0.07467261881037776,-0.648,0,-3.4889,2.229,0,-1.041,2.255,0.0,-0.971,1
1085,0.07472616676907758,-0.6607,0,-3.4804,2.25,0,-1.043,2.27,0.0,-0.971,1
1086,0.06815423684555498,-0.673,0,-3.4716,2.268,0,-1.037,2.285,0.0,-0.971,1
1087,0.07379024325749317,-0.6856,0,-3.4633,2.268,0,-1.037,2.301,0.0,-0.971,1
1088,0.07632168761236881,-0.6987,0,-3.4549,2.288,0,-1.042,2.316,0.0,-0.971,1
1089,0.06800735254367728,-0.7069,0,-3.4469,2.307,0,-1.038,2.327,0.0,-0.973,1
1090,0.062201286160335885,-0.7124,0,-3.4425,2.329,0,-1.035,2.334,0.0,-0.973,1
1091,0.0674759216313493,-0.7217,0,-3.4376,2.337,0,-1.039,2.345,0.0,-0.972,1
1092,0.07083784299369944,-0.7357,0,-3.4302,2.338,0,-1.038,2.361,0.0,-0.971,1
1093,0.0693181073024934,-0.7518,0,-3.4198,2.349,0,-1.032,2.38,0.0,-0.97,1
1094,0.07209022125087416,-0.7688,0,-3.4098,2.37,0,-1.035,2.399,0.0,-0.969,1
1095,0.07057619995437574,-0.7851,0,-3.4005,2.393,0,-1.034,2.418,0.0,-0.968,1
1096,0.07051950084905582,-0.8043,0,-3.3898,2.418,0,-1.033,2.44,0.0,-0.966,1
1097,0.07409453421137094,-0.818,0,-3.3788,2.419,0,-1.03,2.458,0.0,-0.967,1
1098,0.05738466694161425,-0.8254,0,-3.3717,2.446,0,-1.022,2.468,0.0,-0.969,1
1099,0.05346026561849453,-0.8325,0,-3.3654,2.47,0,-1.023,2.477,0.0,-0.97,1
1100,0.06020797289396152,-0.8441,0,-3.3582,2.486,0,-1.03,2.491,0.0,-0.97,1
1101,0.07184705978674424,-0.8539,0,-3.3517,2.491,0,-1.04,2.502,0.0,-0.969,1
1102,0.07060453243241528,-0.8574,0,-3.3452,2.49,0,-1.041,2.509,0.0,-0.973,1
1103,0.06067124524846998,-0.864,0,-3.3402,2.508,0,-1.033,2.517,0.0,-0.973,1
1104,0.06628725367670624,-0.8773,0,-3.3319,2.52,0,-1.038,2.533,0.0,-0.973,1
1105,0.07684399781375258,-0.8949,0,-3.3216,2.529,0,-1.044,2.553,0.0,-0.971,1
1106,0.08792041856133301,-0.9202,0,-3.3162,2.548,0,-1.045,2.577,0.0,-0.962,1
1107,0.0977547952787996,-0.9397,0,-3.3066,2.549,0,-1.043,2.599,0.0,-0.959,1
1108,0.08045495634204275,-0.9544,0,-3.2919,2.576,0,-1.031,2.619,0.0,-0.963,1
1109,0.06539113089708723,-0.9684,0,-3.2838,2.609,0,-1.022,2.635,0.0,-0.962,1
1110,0.07021395872616787,-0.9786,0,-3.2806,2.633,0,-1.028,2.646,0.0,-0.959,1
1111,0.07117583859709703,-0.9826,0,-3.2802,2.654,0,-1.028,2.649,0.0,-0.957,1
1112,0.07106335201775954,-0.9903,0,-3.277,2.654,0,-1.026,2.657,0.0,-0.955,1
1113,0.0721803297304744,-1.004,0,-3.2695,2.66,0,-1.024,2.673,0.0,-0.953,1
1114,0.07446475676452592,-1.0223,0,-3.2573,2.667,0,-1.022,2.695,0.0,-0.953,1
1115,0.08246211251235318,-1.041,0,-3.245,2.685,0,-1.029,2.717,0.0,-0.953,1
1116,0.07912016177940996,-1.0581,0,-3.2341,2.715,0,-1.029,2.737,0.0,-0.953,1
1117,0.08149233092751741,-1.0689,0,-3.2195,2.715,0,-1.03,2.755,0.0,-0.959,1
1118,0.07528612089887475,-1.0794,0,-3.2115,2.746,0,-1.031,2.768,0.0,-0.959,1
1119,0.06942621983083903,-1.0897,0,-3.2055,2.766,0,-1.027,2.78,0.0,-0.959,1
1120,0.07523961722390676,-1.0987,0,-3.1994,2.785,0,-1.034,2.791,0.0,-0.959,1
1121,0.07443117626371354,-1.1088,0,-3.1924,2.795,0,-1.033,2.803,0.0,-0.959,1
1122,0.07528612089887497,-1.1209,0,-3.1845,2.795,0,-1.03,2.817,0.0,-0.958,1
1123,0.08000624975587849,-1.1353,0,-3.1754,2.809,0,-1.034,2.834,0.0,-0.958,1
1124,0.07788452991448305,-1.1478,0,-3.1661,2.829,0,-1.034,2.85,0.0,-0.959,1
1125,0.07467261881037791,-1.1554,0,-3.1592,2.85,0,-1.034,2.86,0.0,-0.96,1
1126,0.07510659092250167,-1.1643,0,-3.1543,2.866,0,-1.034,2.87,0.0,-0.959,1
1127,0.0793095202355934,-1.1762,0,-3.1461,2.866,0,-1.036,2.885,0.0,-0.959,1
1128,0.08036168241145764,-1.1902,0,-3.1379,2.878,0,-1.035,2.901,0.0,-0.958,1
1129,0.07716216689544163,-1.2058,0,-3.128,2.894,0,-1.031,2.919,0.0,-0.958,1
1130,0.0773692445355389,-1.2203,0,-3.1187,2.917,0,-1.032,2.936,0.0,-0.957,1
1131,0.07833900688673565,-1.2365,0,-3.1087,2.937,0,-1.032,2.956,0.0,-0.956,1
1132,0.08588364221433563,-1.2548,0,-3.0967,2.937,0,-1.032,2.977,0.0,-0.956,1
1133,0.08325863318599448,-1.2654,0,-3.0859,2.958,0,-1.035,2.992,0.0,-0.959,1
1134,0.07083078426785909,-1.2728,0,-3.0788,2.986,0,-1.03,3.002,0.0,-0.961,1
1135,0.07256031973468699,-1.2805,0,-3.072,3.004,0,-1.034,3.013,0.0,-0.962,1
1136,0.07463243262818126,-1.2922,0,-3.0636,3.004,0,-1.034,3.027,0.0,-0.963,1
1137,0.08544003745317529,-1.3042,0,-3.0554,3.017,0,-1.045,3.041,0.0,-0.963,1
1138,0.07942921376924234,-1.3071,0,-3.0485,3.033,0,-1.045,3.048,0.0,-0.967,1
1139,0.07117583859709703,-1.3115,0,-3.0432,3.049,0,-1.04,3.054,0.0,-0.969,1
1140,0.08670063436907481,-1.3227,0,-3.0353,3.057,0,-1.055,3.068,0.0,-0.969,1
1141,0.09297311439335583,-1.3392,0,-3.0255,3.057,0,-1.056,3.087,0.0,-0.968,1
1142,0.11371895180663608,-1.364,0,-3.0196,3.065,0,-1.063,3.111,0.0,-0.959,1
1143,0.11016805344563368,-1.3836,0,-3.0077,3.09,0,-1.059,3.134,0.0,-0.958,1
1144,0.08944271909999137,-1.3989,0,-2.9936,3.115,0,-1.041,3.155,0.0,-0.961,1
1145,0.09141662868428257,-1.4142,0,-2.9794,3.144,0,-1.05,3.175,0.0,-0.964,1
1146,0.09794896630388708,-1.4264,0,-2.9728,3.144,0,-1.05,3.189,0.0,-0.963,1
1147,0.09167878707749141,-1.4311,0,-2.9716,3.172,0,-1.05,3.194,0.0,-0.961,1
1148,0.08820430828479985,-1.437,0,-2.9719,3.192,0,-1.046,3.198,0.0,-0.958,1
1149,0.0956347217280419,-1.4476,0,-2.9651,3.2,0,-1.052,3.211,0.0,-0.957,1
1150,0.09217917335276984,-1.4632,0,-2.9536,3.206,0,-1.047,3.23,0.0,-0.958,1
1151,0.09888377015466203,-1.4815,0,-2.9403,3.206,0,-1.046,3.253,0.0,-0.959,1
1152,0.10121264743103985,-1.4979,0,-2.9269,3.224,0,-1.049,3.274,0.0,-0.961,1
1153,0.09928242543370895,-1.5125,0,-2.9163,3.248,0,-1.05,3.292,0.0,-0.961,1
1154,0.08981091247727087,-1.5203,0,-2.9022,3.277,0,-1.054,3.306,0.0,-0.969,1
1155,0.08926925562588732,-1.5319,0,-2.8945,3.3,0,-1.056,3.32,0.0,-0.969,1
1156,0.09304837451562513,-1.542,0,-2.8873,3.3,0,-1.056,3.333,0.0,-0.969,1
1157,0.09075791976461346,-1.552,0,-2.8801,3.316,0,-1.055,3.345,0.0,-0.969,1
1158,0.09217917335276984,-1.5631,0,-2.8714,3.335,0,-1.059,3.359,0.0,-0.97,1
1159,0.08683317338436966,-1.575,0,-2.8627,3.352,0,-1.055,3.374,0.0,-0.971,1
1160,0.09459386872308376,-1.588,0,-2.853,3.368,0,-1.063,3.39,0.0,-0.971,1
1161,0.09861541461658017,-1.6011,0,-2.843,3.368,0,-1.063,3.406,0.0,-0.972,1
1162,0.09980981915623335,-1.6141,0,-2.8332,3.382,0,-1.064,3.423,0.0,-0.973,1
1163,0.09362157870918457,-1.6267,0,-2.8239,3.401,0,-1.06,3.438,0.0,-0.974,1
1164,0.09330058949438634,-1.639,0,-2.815,3.422,0,-1.062,3.453,0.0,-0.974,1
1165,0.08902246907382427,-1.6507,0,-2.8064,3.445,0,-1.061,3.468,0.0,-0.975,1
1166,0.09265527507918796,-1.6795,0,-2.784,3.475,0,-1.065,3.504,0.0,-0.977,1
1167,0.09749358953285081,-1.6917,0,-2.7751,3.475,0,-1.065,3.519,0.0,-0.978,1
1168,0.1019509686074634,-1.7044,0,-2.7663,3.498,0,-1.073,3.535,0.0,-0.978,1
1169,0.09340770846134719,-1.7173,0,-2.7565,3.517,0,-1.066,3.551,0.0,-0.979,1
1170,0.09932774033471221,-1.7298,0,-2.7474,3.538,0,-1.075,3.567,0.0,-0.98,1
1171,0.09867117106835199,-1.7419,0,-2.7379,3.552,0,-1.075,3.582,0.0,-0.981,1
1172,0.10421612159354228,-1.7538,0,-2.7292,3.552,0,-1.075,3.597,0.0,-0.981,1
1173,0.09716995420396166,-1.766,0,-2.7202,3.573,0,-1.071,3.612,0.0,-0.982,1
1174,0.09080198235721514,-1.7714,0,-2.7136,3.594,0,-1.071,3.62,0.0,-0.984,1
1175,0.0915914843203232,-1.7792,0,-2.7082,3.612,0,-1.074,3.629,0.0,-0.984,1
1176,0.09176055797563584,-1.7905,0,-2.6991,3.618,0,-1.074,3.644,0.0,-0.986,1
1177,0.10387011119662883,-1.8041,0,-2.6907,3.618,0,-1.08,3.66,0.0,-0.985,1
1178,0.10123734488813907,-1.8186,0,-2.6805,3.638,0,-1.078,3.678,0.0,-0.985,1
1179,0.1053090689352061,-1.8389,0,-2.6659,3.65,0,-1.077,3.703,0.0,-0.986,1
1180,0.10793516572461466,-1.8537,0,-2.6543,3.678,0,-1.086,3.721,0.0,-0.987,1
1181,0.10183319694480786,-1.865,0,-2.6451,3.705,0,-1.086,3.736,0.0,-0.989,1
1182,0.05325410782277744,-1.8755,0,-2.6368,3.705,0,-0.96,3.749,0.0,-0.99,1
1183,0.06543699259593154,-1.8817,0,-2.6292,3.718,0,-0.941,3.759,0.0,-0.992,1
1184,0.05632051136131482,-1.8815,0,-2.6264,3.744,0,-0.941,3.76,0.0,-0.995,1
1185,0.05824946351684285,-1.8816,0,-2.6243,3.749,0,-0.94,3.761,0.0,-0.997,1
1186,0.05869412236331679,-1.8836,0,-2.6229,3.755,0,-0.939,3.764,0.0,-0.997,1
1187,0.05412947441089751,-1.8857,0,-2.6214,3.755,0,-0.944,3.766,0.0,-0.997,1
1188,1.0340817182408748,-1.8873,0,-2.6204,3.755,0,0.037,3.768,0.0,-0.997,1
1189,1.0330121006067643,-1.8876,0,-2.6199,3.764,0,0.036,3.769,0.0,-0.997,1
1190,1.0330392054515645,-1.8878,0,-2.62,3.76,0,0.036,3.769,0.0,-0.997,1
1191,1.0330077444046581,-1.8877,0,-2.6199,3.765,0,0.036,3.769,0.0,-0.997,1
1192,1.035007729439737,-1.8877,0,-2.62,3.765,0,0.038,3.769,0.0,-0.997,1
1193,1.0360308875704431,-1.8878,0,-2.6199,3.761,0,0.039,3.769,0.0,-0.997,1
1194,1.033000484026992,-1.8877,0,-2.6198,3.768,0,0.036,3.769,0.0,-0.997,1
1195,1.0340004835588812,-1.8878,0,-2.6199,3.768,0,0.037,3.769,0.0,-0.997,1
1196,1.0340174079772544,-1.8878,0,-2.6199,3.763,0,0.037,3.769,0.0,-0.997,1
1197,1.033017424828836,-1.8876,0,-2.6198,3.763,0,0.036,3.769,0.0,-0.997,1
1198,1.0340004835588812,-1.8877,0,-2.6198,3.768,0,0.037,3.769,0.0,-0.997,1
1199,1.033000484026992,-1.8877,0,-2.6198,3.768,0,0.036,3.769,0.0,-0.997,1
1200,1.032017441713075,-1.8877,0,-2.6199,3.763,0,0.035,3.769,0.0,-0.997,1
1201,1.032017441713075,-1.8878,0,-2.6199,3.763,0,0.035,3.769,0.0,-0.997,1
1202,1.033017424828836,-1.8877,0,-2.6198,3.763,0,0.036,3.769,0.0,-0.997,1
1203,1.0330019361066076,-1.8877,0,-2.6198,3.767,0,0.036,3.769,0.0,-0.997,1
1204,1.033000484026992,-1.8878,0,-2.6199,3.768,0,0.036,3.769,0.0,-0.997,1
1205,1.033000484026992,-1.8878,0,-2.62,3.768,0,0.036,3.769,0.0,-0.997,1
1206,1.033000484026992,-1.8878,0,-2.6198,3.768,0,0.036,3.769,0.0,-0.997,1
1207,1.0320004844960102,-1.8877,0,-2.6198,3.768,0,0.035,3.769,0.0,-0.997,1
1208,1.0320004844960102,-1.8877,0,-2.6198,3.768,0,0.035,3.769,0.0,-0.997,1
1209,1.0340004835588812,-1.8877,0,-2.6199,3.768,0,0.037,3.769,0.0,-0.997,1
1210,1.0310004849659382,-1.8847,0,-2.6223,3.764,0,0.035,3.765,0.0,-0.996,1
1211,1.0300310674926267,-1.8803,0,-2.6274,3.766,0,0.035,3.758,0.0,-0.995,1
1212,1.0232365317950682,-1.8713,0,-2.641,3.765,0,0.035,3.743,0.0,-0.988,1
1213,1.026498904042279,-1.8589,0,-2.6502,3.76,0,0.038,3.728,0.0,-0.988,1
1214,0.05522680508593653,-1.8488,0,-2.658,3.744,0,-0.94,3.715,0.0,-0.987,1
1215,0.0442944691807004,-1.8391,0,-2.6654,3.724,0,-0.947,3.703,0.0,-0.986,0
1216,0.04110960958218907,-1.829,0,-2.6725,3.704,0,-0.947,3.691,0.0,-0.986,0
1217,0.035355339059327646,-1.8203,0,-2.6798,3.704,0,-1.01,3.679,0.0,-0.985,0
1218,0.09751410154434069,-1.8119,0,-2.6865,3.691,0,-1.079,3.669,0.0,-0.984,1
1219,0.10307764064044146,-1.7991,0,-2.6962,3.678,0,-1.083,3.653,0.0,-0.983,1
1220,0.10124228365658307,-1.7834,0,-2.707,3.669,0,-1.078,3.634,0.0,-0.983,1
1221,0.10218121158021173,-1.7681,0,-2.7181,3.65,0,-1.078,3.615,0.0,-0.982,1
1222,0.10735455276791933,-1.7576,0,-2.728,3.65,0,-1.075,3.6,0.0,-0.98,1
1223,0.0965660395791398,-1.7464,0,-2.7358,3.622,0,-1.07,3.587,0.0,-0.98,1
1224,0.0961353212924364,-1.7366,0,-2.7425,3.606,0,-1.071,3.575,0.0,-0.98,1
1225,0.09414881836751865,-1.7281,0,-2.7486,3.584,0,-1.072,3.564,0.0,-0.98,1
1226,0.09803060746521988,-1.7186,0,-2.7554,3.584,0,-1.072,3.553,0.0,-0.979,1
1227,0.09660227740586656,-1.7081,0,-2.7633,3.584,0,-1.065,3.54,0.0,-0.979,1
1228,0.09270382947861434,-1.6962,0,-2.7712,3.562,0,-1.064,3.525,0.0,-0.979,1
1229,0.09154780172128646,-1.6844,0,-2.7796,3.545,0,-1.063,3.511,0.0,-0.978,1
1230,0.09082400563727629,-1.6724,0,-2.7881,3.528,0,-1.063,3.496,0.0,-0.978,1
1231,0.08928605714219871,-1.6608,0,-2.7969,3.506,0,-1.063,3.482,0.0,-0.977,1
1232,0.10361949623502323,-1.6495,0,-2.8057,3.506,0,-1.072,3.467,0.0,-0.976,1
1233,0.1028834291807967,-1.6386,0,-2.8139,3.491,0,-1.072,3.454,0.0,-0.976,1
1234,0.10119288512538813,-1.6272,0,-2.8221,3.472,0,-1.071,3.44,0.0,-0.975,1
1235,0.09202716990106781,-1.6162,0,-2.8302,3.456,0,-1.062,3.426,0.0,-0.975,1
1236,0.09070832376358867,-1.6056,0,-2.838,3.435,0,-1.062,3.413,0.0,-0.974,1
1237,0.10312128781197423,-1.5951,0,-2.8458,3.435,0,-1.07,3.4,0.0,-0.973,1
1238,0.10008995953640909,-1.5846,0,-2.854,3.424,0,-1.066,3.387,0.0,-0.973,1
1239,0.09433981132056604,-1.5741,0,-2.8623,3.407,0,-1.06,3.373,0.0,-0.972,1
1240,0.10024470060806216,-1.5635,0,-2.8702,3.392,0,-1.066,3.36,0.0,-0.971,1
1241,0.1008811181539935,-1.5525,0,-2.8787,3.377,0,-1.066,3.346,0.0,-0.97,1
1242,0.10378824596263288,-1.5419,0,-2.8865,3.377,0,-1.064,3.333,0.0,-0.97,1
1243,0.09625487000666515,-1.5307,0,-2.8947,3.358,0,-1.057,3.319,0.0,-0.969,1
1244,0.0952732911156111,-1.52,0,-2.9027,3.34,0,-1.057,3.306,0.0,-0.968,1
1245,0.09771898484941403,-1.5145,0,-2.9122,3.326,0,-1.057,3.296,0.0,-0.964,1
1246,0.10062305898749067,-1.5097,0,-2.9188,3.306,0,-1.06,3.288,0.0,-0.961,1
1247,0.09771898484941403,-1.5004,0,-2.9265,3.306,0,-1.053,3.276,0.0,-0.96,1
1248,0.09900505037623077,-1.4887,0,-2.9356,3.3,0,-1.05,3.261,0.0,-0.959,1
1249,0.09879271228182784,-1.4763,0,-2.9468,3.281,0,-1.048,3.245,0.0,-0.956,1
1250,0.10008995953640909,-1.463,0,-2.9569,3.265,0,-1.048,3.228,0.0,-0.955,1
1251,0.10056838469419711,-1.4328,0,-2.9794,3.224,0,-1.049,3.191,0.0,-0.954,1
1252,0.09377632963600145,-1.4001,0,-2.9968,3.189,0,-1.045,3.154,0.0,-0.958,1
1253,0.0950789145920378,-1.3859,0,-3.0111,3.158,0,-1.046,3.134,0.0,-0.954,1
1254,0.08697700845625805,-1.3756,0,-3.0181,3.147,0,-1.037,3.121,0.0,-0.954,1
1255,0.09305912099305451,-1.3593,0,-3.0271,3.147,0,-1.037,3.103,0.0,-0.955,1
1256,0.08858893836140037,-1.3311,0,-3.0402,3.114,0,-1.038,3.072,0.0,-0.96,1
1257,0.09415412895885138,-1.3172,0,-3.0486,3.092,0,-1.048,3.056,0.0,-0.961,1
1258,0.09900505037623067,-1.3057,0,-3.0547,3.082,0,-1.053,3.043,0.0,-0.962,1
1259,0.10124228365658298,-1.3001,0,-3.0676,3.06,0,-1.052,3.031,0.0,-0.955,1
1260,0.10252804494381046,-1.2818,0,-3.0757,3.048,0,-1.054,3.012,0.0,-0.958,1
1261,0.103831594420966,-1.271,0,-3.0838,3.048,0,-1.049,2.998,0.0,-0.958,1
1262,0.10469479452198194,-1.2605,0,-3.0921,3.029,0,-1.052,2.985,0.0,-0.957,1
1263,0.09693296652842116,-1.2519,0,-3.1033,3.007,0,-1.042,2.971,0.0,-0.952,1
1264,0.09714422267947802,-1.2401,0,-3.114,2.99,0,-1.041,2.956,0.0,-0.95,1
1265,0.09972462083156798,-1.2309,0,-3.1213,2.971,0,-1.045,2.944,0.0,-0.949,1
1266,0.09454099639838805,-1.2227,0,-3.1284,2.97,0,-1.035,2.933,0.0,-0.948,1
1267,0.09415412895885138,-1.2119,0,-3.1365,2.956,0,-1.034,2.92,0.0,-0.947,1
1268,0.09940321926376428,-1.1979,0,-3.147,2.942,0,-1.037,2.902,0.0,-0.946,1
1269,0.09972963451251583,-1.1653,0,-3.1719,2.906,0,-1.033,2.861,0.0,-0.944,1
1270,0.0960052081920559,-1.1548,0,-3.1796,2.884,0,-1.033,2.848,0.0,-0.944,1
1271,0.09976472322419376,-1.1462,0,-3.1867,2.884,0,-1.03,2.837,0.0,-0.942,1
1272,0.08900000000000013,-1.1386,0,-3.1928,2.866,0,-1.022,2.827,0.0,-0.942,1
1273,0.0877268487978452,-1.1282,0,-3.2008,2.85,0,-1.021,2.814,0.0,-0.941,1
1274,0.09080198235721493,-1.1176,0,-3.2082,2.84,0,-1.023,2.801,0.0,-0.941,1
1275,0.09047098982546833,-1.1073,0,-3.2156,2.825,0,-1.023,2.789,0.0,-0.94,1
1276,0.09501578816175771,-1.0977,0,-3.2225,2.825,0,-1.022,2.777,0.0,-0.94,1
1277,0.0868331733843696,-1.0878,0,-3.2297,2.807,0,-1.016,2.765,0.0,-0.94,1
1278,0.09123595782365633,-1.0781,0,-3.2371,2.792,0,-1.021,2.752,0.0,-0.939,1
1279,0.09763708311906909,-1.0671,0,-3.245,2.792,0,-1.02,2.739,0.0,-0.938,1
1280,0.08989994438263012,-1.0556,0,-3.2527,2.764,0,-1.02,2.725,0.0,-0.939,1
1281,0.10121264743103975,-1.0491,0,-3.2633,2.764,0,-1.021,2.714,0.0,-0.933,1
1282,0.0934719209174605,-1.042,0,-3.2703,2.745,0,-1.016,2.704,0.0,-0.932,1
1283,0.09261209424259853,-1.0325,0,-3.2773,2.731,0,-1.015,2.692,0.0,-0.931,1
1284,0.08765842800324448,-1.0199,0,-3.2866,2.716,0,-1.008,2.676,0.0,-0.93,1
1285,0.08766413177577236,-1.0081,0,-3.2959,2.699,0,-1.008,2.661,0.0,-0.929,1
1286,0.09964436762808011,-0.9966,0,-3.3051,2.699,0,-1.013,2.647,0.0,-0.928,1
1287,0.09211405973031463,-0.9855,0,-3.3136,2.682,0,-1.005,2.633,0.0,-0.927,1
1288,0.08858893836140018,-0.9752,0,-3.3211,2.662,0,-1.005,2.62,0.0,-0.927,1
1289,0.08766413177577244,-0.963,0,-3.3279,2.644,0,-1.007,2.606,0.0,-0.928,1
1290,0.08318653737234147,-0.9463,0,-3.3333,2.627,0,-1.007,2.589,0.0,-0.933,1
1291,0.09080198235721522,-0.9333,0,-3.3418,2.628,0,-1.006,2.574,0.0,-0.933,1
1292,0.09042676594902638,-0.9274,0,-3.3483,2.609,0,-1.01,2.565,0.0,-0.931,1
1293,0.07818567643756738,-0.9246,0,-3.3517,2.589,0,-1.003,2.561,0.0,-0.93,1
1294,0.07576938695805839,-0.9105,0,-3.3631,2.572,0,-0.998,2.543,0.0,-0.928,1
1295,0.08523496934944012,-0.895,0,-3.3727,2.569,0,-1.002,2.525,0.0,-0.929,1
1296,0.08099382692526623,-0.8778,0,-3.3774,2.552,0,-1.003,2.508,0.0,-0.935,1
1297,0.08627861844049188,-0.8604,0,-3.3835,2.552,0,-0.999,2.49,0.0,-0.939,1
1298,0.0866833317310772,-0.8424,0,-3.3912,2.526,0,-1.01,2.471,0.0,-0.943,1
1299,0.0851469318296318,-0.8343,0,-3.4007,2.506,0,-1.011,2.459,0.0,-0.94,1
1300,0.08497058314499198,-0.8244,0,-3.4105,2.483,0,-1.013,2.445,0.0,-0.937,1
1301,0.0818840643837371,-0.8074,0,-3.4176,2.466,0,-1.013,2.427,0.0,-0.941,1
1302,0.08487638069569185,-0.8002,0,-3.4239,2.466,0,-1.01,2.418,0.0,-0.94,1
1303,0.08770974860299155,-0.7908,0,-3.4297,2.448,0,-1.017,2.406,0.0,-0.94,1
1304,0.08499999999999998,-0.7815,0,-3.4393,2.429,0,-1.014,2.393,0.0,-0.937,1
1305,0.08994442728707526,-0.7701,0,-3.4503,2.421,0,-1.014,2.378,0.0,-0.935,1
1306,0.08229823813423932,-0.76,0,-3.4584,2.403,0,-1.007,2.365,0.0,-0.934,1
1307,0.08736704184073076,-0.7515,0,-3.4644,2.403,0,-1.006,2.355,0.0,-0.933,1
1308,0.07694153624668525,-0.7413,0,-3.4723,2.378,0,-1.001,2.342,0.0,-0.933,1
1309,0.07854934754662185,-0.7279,0,-3.4816,2.366,0,-0.999,2.325,0.0,-0.932,1
1310,0.07961155694998037,-0.7141,0,-3.4909,2.352,0,-0.999,2.309,0.0,-0.932,1
1311,0.08026207074328429,-0.7014,0,-3.5,2.334,0,-1.001,2.293,0.0,-0.932,1
1312,0.08373768566183341,-0.69,0,-3.5069,2.334,0,-0.997,2.28,0.0,-0.933,1
1313,0.07988116173416625,-0.6804,0,-3.5132,2.313,0,-0.999,2.268,0.0,-0.933,1
1314,0.07615773105863895,-0.6716,0,-3.5188,2.296,0,-0.999,2.258,0.0,-0.933,1
1315,0.07470609078247885,-0.6637,0,-3.5251,2.283,0,-0.998,2.248,0.0,-0.932,1
1316,0.06826419266350402,-0.6521,0,-3.5334,2.27,0,-0.99,2.234,0.0,-0.932,1
1317,0.06670832032063174,-0.6402,0,-3.5414,2.27,0,-0.975,2.219,0.0,-0.932,1
1318,0.06529931086925785,-0.6289,0,-3.5476,2.256,0,-0.975,2.206,0.0,-0.933,1
1319,0.06081118318204314,-0.6178,0,-3.5541,2.237,0,-0.977,2.194,0.0,-0.934,1
1320,0.05672741841473123,-0.607,0,-3.5612,2.218,0,-0.977,2.181,0.0,-0.934,1
1321,0.052497618993626566,-0.5965,0,-3.5678,2.202,0,-0.975,2.168,0.0,-0.935,1
1322,0.06370243323453201,-0.5855,0,-3.575,2.202,0,-0.978,2.155,0.0,-0.935,1
1323,0.06224146527838164,-0.5742,0,-3.5827,2.186,0,-0.978,2.141,0.0,-0.935,1
1324,0.059413803110051684,-0.5627,0,-3.5902,2.169,0,-0.978,2.128,0.0,-0.935,1
1325,0.05799999999999966,-0.5515,0,-3.597,2.155,0,-0.978,2.115,0.0,-0.936,1
1326,0.054671747731346615,-0.5409,0,-3.6042,2.137,0,-0.978,2.102,0.0,-0.936,1
1327,0.059999999999999984,-0.5304,0,-3.6108,2.137,0,-0.972,2.089,0.0,-0.936,1
1328,0.05941380311005185,-0.519,0,-3.6178,2.119,0,-0.978,2.076,0.0,-0.937,1
1329,0.05798275605729679,-0.5079,0,-3.6252,2.104,0,-0.978,2.063,0.0,-0.937,1
1330,0.05531726674375729,-0.4972,0,-3.632,2.086,0,-0.979,2.05,0.0,-0.937,1
1331,0.052009614495783334,-0.4861,0,-3.6396,2.069,0,-0.978,2.037,0.0,-0.937,1
1332,0.06228964600958956,-0.4749,0,-3.6476,2.069,0,-0.979,2.023,0.0,-0.937,1
1333,0.05597320787662626,-0.4637,0,-3.6552,2.051,0,-0.974,2.009,0.0,-0.937,1
1334,0.05099019513592765,-0.4523,0,-3.6624,2.034,0,-0.971,1.996,0.0,-0.937,1
1335,0.0495176736125596,-0.441,0,-3.67,2.018,0,-0.971,1.982,0.0,-0.937,0
1336,0.04879549159502337,-0.4135,0,-3.6887,1.983,0,-0.972,1.949,0.0,-0.937,0
1337,0.05263078946776296,-0.3857,0,-3.7081,1.948,0,-0.977,1.915,0.0,-0.936,1
1338,0.05122499389946275,-0.3579,0,-3.7265,1.914,0,-0.977,1.882,0.0,-0.937,1
1339,0.05720139858430018,-0.347,0,-3.7339,1.914,0,-0.971,1.868,0.0,-0.937,1
1340,0.05805170109479986,-0.3363,0,-3.7409,1.899,0,-0.976,1.856,0.0,-0.937,1
1341,0.051855568649856666,-0.3109,0,-3.7601,1.864,0,-0.968,1.824,0.0,-0.935,1
1342,0.0588302643203309,-0.2817,0,-3.7792,1.839,0,-0.967,1.789,0.0,-0.936,1
1343,0.05147815070493509,-0.2702,0,-3.7866,1.82,0,-0.961,1.775,0.0,-0.936,1
1344,0.04999999999999998,-0.2593,0,-3.7935,1.802,0,-0.966,1.762,0.0,-0.936,0
1345,0.04393176527297748,-0.2484,0,-3.8007,1.782,0,-0.966,1.749,0.0,-0.937,0
1346,0.052999999999999894,-0.2375,0,-3.8075,1.782,0,-0.965,1.737,0.0,-0.937,1
1347,0.057454329688892795,-0.2267,0,-3.8144,1.773,0,-0.967,1.724,0.0,-0.937,1
1348,0.04632493928760183,-0.2153,0,-3.82,1.75,0,-0.964,1.711,0.0,-0.939,0
1349,0.046043457732885394,-0.2039,0,-3.826,1.736,0,-0.967,1.698,0.0,-0.941,0
1350,0.04341658669218486,-0.1936,0,-3.8337,1.719,0,-0.967,1.685,0.0,-0.94,0
1351,0.05742821606144506,-0.1827,0,-3.8417,1.719,0,-0.972,1.672,0.0,-0.939,1
1352,0.054488530903301156,-0.1715,0,-3.8498,1.698,0,-0.976,1.658,0.0,-0.939,1
1353,0.0572800139664788,-0.1607,0,-3.8583,1.684,0,-0.979,1.644,0.0,-0.938,1
1354,0.051623637996561195,-0.1505,0,-3.8662,1.668,0,-0.974,1.632,0.0,-0.937,1
1355,0.05586591089385366,-0.1241,0,-3.8862,1.639,0,-0.974,1.599,0.0,-0.935,1
1356,0.0487954915950233,-0.0975,0,-3.9052,1.601,0,-0.969,1.566,0.0,-0.935,0
1357,0.04580392996239503,-0.0848,0,-3.918,1.575,0,-0.968,1.548,0.0,-0.931,0
1358,0.049578221024962045,-0.0785,0,-3.9259,1.571,0,-0.965,1.538,0.0,-0.928,0
1359,0.060605280298007026,-0.0701,0,-3.934,1.575,0,-0.963,1.527,0.0,-0.926,1
1360,0.06946221994724884,-0.049,0,-3.9571,1.557,0,-0.954,1.497,0.0,-0.919,1
1361,0.06441273166075157,-0.0401,0,-3.9667,1.541,0,-0.946,1.484,0.0,-0.916,1
1362,0.05590169943749456,-0.0333,0,-3.9767,1.511,0,-0.952,1.473,0.0,-0.911,1
1363,0.05571355310873642,-0.0286,0,-3.9859,1.484,0,-0.958,1.464,0.0,-0.906,1
1364,0.07700649323271379,-0.0248,0,-3.9945,1.455,0,-0.978,1.456,0.0,-0.901,1
1365,0.0850058821494136,-0.0209,0,-4.0043,1.446,0,-0.98,1.447,0.0,-0.895,1
1366,0.06811754546370555,-0.017,0,-4.0126,1.443,0,-0.959,1.439,0.0,-0.891,1
1367,0.0546260011349907,-0.0121,0,-4.0197,1.453,0,-0.937,1.431,0.0,-0.887,1
1368,0.059640590204993835,-0.0045,0,-4.0265,1.455,0,-0.935,1.421,0.0,-0.886,1
1369,0.048836461788299236,0.0033,0,-4.0349,1.443,0,-0.92,1.41,0.0,-0.884,0
1370,0.058008620049092845,0.013,0,-4.0452,1.443,0,-0.914,1.396,0.0,-0.88,1
1371,0.05946427498927408,0.0242,0,-4.056,1.425,0,-0.918,1.381,0.0,-0.878,1
1372,0.055901699437494644,0.0353,0,-4.0658,1.404,0,-0.917,1.366,0.0,-0.876,1
1373,0.0609015599143404,0.0448,0,-4.0766,1.382,0,-0.925,1.352,0.0,-0.872,1
1374,0.06041522986797287,0.0525,0,-4.0874,1.365,0,-0.923,1.34,0.0,-0.868,1
1375,0.06014149981501963,0.0605,0,-4.0962,1.372,0,-0.906,1.328,0.0,-0.865,1
1376,0.05887274411814005,0.0692,0,-4.1012,1.373,0,-0.886,1.318,0.0,-0.865,1
1377,0.04588027898781789,0.0742,0,-4.1068,1.355,0,-0.877,1.311,0.0,-0.864,0
1378,0.04085339643163103,0.075,0,-4.1085,1.347,0,-0.878,1.309,0.0,-0.863,0
1379,0.029068883707497294,0.0764,0,-4.1097,1.333,0,-0.875,1.307,0.0,-0.862,0
1380,0.045276925690687045,0.0804,0,-4.1131,1.333,0,-0.895,1.302,0.0,-0.862,0
1381,0.052497618993626795,0.0912,0,-4.1187,1.33,0,-0.897,1.29,0.0,-0.863,1
1382,0.06964194138592075,0.1093,0,-4.1288,1.328,0,-0.902,1.269,0.0,-0.865,1
1383,0.0671192967781993,0.1364,0,-4.1366,1.301,0,-0.906,1.242,0.0,-0.874,1
1384,0.06514598989960937,0.1544,0,-4.1467,1.284,0,-0.896,1.222,0.0,-0.876,1
1385,0.07375635565834315,0.1637,0,-4.1549,1.282,0,-0.89,1.21,0.0,-0.874,1
1386,0.05603570290448765,0.1747,0,-4.167,1.24,0,-0.902,1.194,0.0,-0.87,1
1387,0.05232590180780446,0.1824,0,-4.1718,1.232,0,-0.893,1.185,0.0,-0.87,1
1388,0.044418464629025656,0.186,0,-4.1746,1.218,0,-0.893,1.18,0.0,-0.87,0
1389,0.0466154480832267,0.1859,0,-4.174,1.218,0,-0.898,1.18,0.0,-0.871,0
1390,0.031240998703626646,0.1857,0,-4.1733,1.201,0,-0.895,1.181,0.0,-0.871,0
1391,0.025000000000000022,0.1868,0,-4.1738,1.2,0,-0.886,1.18,0.0,-0.871,0
1392,0.035468295701936534,0.1905,0,-4.1749,1.209,0,-0.885,1.176,0.0,-0.872,0
1393,0.045705579528105694,0.1962,0,-4.1789,1.214,0,-0.88,1.169,0.0,-0.872,0
1394,0.05930430001273089,0.2062,0,-4.1852,1.216,0,-0.879,1.157,0.0,-0.873,1
1395,0.07368174807915454,0.2233,0,-4.1956,1.21,0,-0.884,1.137,0.0,-0.874,1
1396,0.07877182237323177,0.2479,0,-4.2012,1.188,0,-0.91,1.114,0.0,-0.883,1
1397,0.07816009211867649,0.2656,0,-4.2143,1.167,0,-0.904,1.092,0.0,-0.882,1
1398,0.06989277502002628,0.2766,0,-4.2244,1.143,0,-0.903,1.077,0.0,-0.88,1
1399,0.07218032973047431,0.2797,0,-4.2283,1.143,0,-0.891,1.072,0.0,-0.878,1
1400,0.04148493702538312,0.2794,0,-4.2285,1.113,0,-0.889,1.073,0.0,-0.878,0
1401,0.04879549159502345,0.2799,0,-4.2287,1.106,0,-0.913,1.072,0.0,-0.878,0
1402,0.04949747468305829,0.2815,0,-4.2296,1.105,0,-0.913,1.07,0.0,-0.878,0
1403,0.054037024344425234,0.2881,0,-4.2323,1.105,0,-0.913,1.063,0.0,-0.879,1
1404,0.057982756057297045,0.3017,0,-4.2343,1.1,0,-0.916,1.051,0.0,-0.885,1
1405,0.06630987860040177,0.3184,0,-4.2405,1.094,0,-0.916,1.033,0.0,-0.89,1
1406,0.06303173803727764,0.3395,0,-4.2446,1.077,0,-0.9,1.014,0.0,-0.898,1
1407,0.06020797289396153,0.3494,0,-4.2533,1.061,0,-0.901,1.001,0.0,-0.896,1
1408,0.048507731342539655,0.3587,0,-4.2628,1.036,0,-0.901,0.988,0.0,-0.894,0
1409,0.06630987860040168,0.3674,0,-4.2728,1.036,0,-0.916,0.975,0.0,-0.89,1
1410,0.06074537019394971,0.3763,0,-4.2794,1.021,0,-0.911,0.964,0.0,-0.89,1
1411,0.04972926703662536,0.3838,0,-4.2843,1.003,0,-0.903,0.955,0.0,-0.89,0
1412,0.04308131845707607,0.3912,0,-4.2908,0.985,0,-0.905,0.945,0.0,-0.889,0
1413,0.03577708763999667,0.3953,0,-4.2938,0.972,0,-0.905,0.94,0.0,-0.889,0
1414,0.03848376280978775,0.3967,0,-4.2948,0.973,0,-0.905,0.938,0.0,-0.889,0
1415,0.0300166620396072,0.3976,0,-4.2957,0.963,0,-0.903,0.937,0.0,-0.888,0
1416,0.03383784863137719,0.4008,0,-4.2996,0.964,0,-0.898,0.932,0.0,-0.887,0
1417,0.042953463189829,0.4086,0,-4.3077,0.96,0,-0.902,0.921,0.0,-0.884,0
1418,0.0516623654123579,0.4295,0,-4.3147,0.95,0,-0.903,0.9,0.0,-0.89,1
1419,0.07211102550927974,0.4459,0,-4.3232,0.95,0,-0.917,0.882,0.0,-0.893,1
1420,0.06958448102845928,0.4618,0,-4.3339,0.931,0,-0.902,0.862,0.0,-0.893,1
1421,0.052497618993626795,0.4726,0,-4.3399,0.9,0,-0.91,0.85,0.0,-0.894,1
1422,0.04110960958218897,0.4797,0,-4.3473,0.879,0,-0.905,0.84,0.0,-0.892,0
1423,0.04049691346263321,0.487,0,-4.3527,0.869,0,-0.905,0.831,0.0,-0.891,0
1424,0.047801673610868525,0.4933,0,-4.3573,0.869,0,-0.904,0.823,0.0,-0.891,0
1425,0.04272001872658769,0.4995,0,-4.3621,0.855,0,-0.905,0.815,0.0,-0.89,0
1426,0.047539457296018786,0.5213,0,-4.3774,0.835,0,-0.902,0.789,0.0,-0.89,0
1427,0.0508035431835222,0.5477,0,-4.3943,0.807,0,-0.9,0.757,0.0,-0.891,1
1428,0.0527730992078351,0.5575,0,-4.401,0.798,0,-0.9,0.746,0.0,-0.891,1
1429,0.04964876634922568,0.5669,0,-4.4072,0.783,0,-0.899,0.734,0.0,-0.891,0
1430,0.04669047011971505,0.5758,0,-4.4132,0.77,0,-0.899,0.724,0.0,-0.891,0
1431,0.05922837157984344,0.5847,0,-4.4198,0.77,0,-0.902,0.712,0.0,-0.89,1
1432,0.04816637831516922,0.5933,0,-4.4261,0.75,0,-0.894,0.702,0.0,-0.89,0
1433,0.04825971404805465,0.6019,0,-4.4317,0.74,0,-0.885,0.692,0.0,-0.89,0
1434,0.04527692569068701,0.6109,0,-4.4375,0.726,0,-0.885,0.681,0.0,-0.89,0
1435,0.04119465984809189,0.6209,0,-4.444,0.71,0,-0.894,0.669,0.0,-0.89,0
1436,0.053150729063673186,0.6312,0,-4.4504,0.71,0,-0.895,0.657,0.0,-0.891,1
1437,0.05458937625582466,0.6409,0,-4.457,0.699,0,-0.899,0.645,0.0,-0.891,1
1438,0.049819674828324646,0.6506,0,-4.4629,0.683,0,-0.9,0.634,0.0,-0.891,0
1439,0.044721359549995836,0.6596,0,-4.4691,0.667,0,-0.899,0.623,0.0,-0.891,0
1440,0.0457055795281058,0.6683,0,-4.475,0.657,0,-0.899,0.612,0.0,-0.891,0
1441,0.05688585061331162,0.6764,0,-4.4808,0.658,0,-0.901,0.602,0.0,-0.891,1
1442,0.052038447325030796,0.6847,0,-4.4866,0.644,0,-0.893,0.592,0.0,-0.891,1
1443,0.049497474683058366,0.6937,0,-4.4927,0.63,0,-0.898,0.581,0.0,-0.891,0
1444,0.05147815070493505,0.7023,0,-4.4988,0.622,0,-0.898,0.571,0.0,-0.891,1
1445,0.045044422518220766,0.7119,0,-4.5045,0.605,0,-0.893,0.56,0.0,-0.891,0
1446,0.05721887800367981,0.7166,0,-4.5097,0.61,0,-0.885,0.553,0.0,-0.89,1
1447,0.04501110973970753,0.7166,0,-4.5108,0.597,0,-0.89,0.552,0.0,-0.889,0
1448,0.04554119014694273,0.7165,0,-4.5107,0.597,0,-0.896,0.552,0.0,-0.889,0
1449,0.03195309061734084,0.715,0,-4.5131,0.582,0,-0.897,0.552,0.0,-0.886,0
1450,0.03052867504494743,0.7131,0,-4.518,0.577,0,-0.897,0.551,0.0,-0.881,0
1451,0.03860051813123751,0.716,0,-4.5252,0.576,0,-0.899,0.545,0.0,-0.876,0
1452,0.05879625838435637,0.7255,0,-4.5339,0.576,0,-0.914,0.532,0.0,-0.875,1
1453,0.06262587324740466,0.736,0,-4.5435,0.567,0,-0.911,0.518,0.0,-0.872,1
1454,0.06603029607687677,0.7506,0,-4.5526,0.555,0,-0.911,0.501,0.0,-0.873,1
1455,0.08159656855530147,0.774,0,-4.5567,0.556,0,-0.91,0.479,0.0,-0.883,1
1456,0.06830812543175227,0.7857,0,-4.5594,0.533,0,-0.908,0.468,0.0,-0.887,1
1457,0.05008991914547277,0.7907,0,-4.5603,0.508,0,-0.911,0.463,0.0,-0.889,1
1458,0.04148493702538306,0.7961,0,-4.5662,0.495,0,-0.898,0.455,0.0,-0.887,0
1459,0.044384682042344276,0.8042,0,-4.5725,0.488,0,-0.898,0.445,0.0,-0.887,0
1460,0.05688585061331156,0.8151,0,-4.5795,0.488,0,-0.897,0.432,0.0,-0.887,1
1461,0.06312685640834652,0.8321,0,-4.5907,0.475,0,-0.891,0.412,0.0,-0.887,1
1462,0.05869412236331675,0.8419,0,-4.5988,0.457,0,-0.895,0.399,0.0,-0.886,1
1463,0.044011362169330756,0.8448,0,-4.6012,0.439,0,-0.885,0.395,0.0,-0.886,0
1464,0.02901723625709379,0.8442,0,-4.6011,0.425,0,-0.886,0.396,0.0,-0.885,0
1465,0.02899999999999997,0.8442,0,-4.601,0.425,0,-0.885,0.396,0.0,-0.885,0
1466,0.029068883707497238,0.8457,0,-4.6005,0.424,0,-0.885,0.395,0.0,-0.887,0
1467,0.035355339059327355,0.8483,0,-4.6008,0.428,0,-0.883,0.393,0.0,-0.888,0
1468,0.06041522986797286,0.8524,0,-4.6008,0.442,0,-0.861,0.389,0.0,-0.89,1
1469,0.08746427842267954,0.858,0,-4.6028,0.459,0,-0.847,0.384,0.0,-0.892,1
1470,0.02200000000000002,0.977,0,-4.6169,0.255,0,-0.947,0.277,0.0,-0.947,0
1471,0.03757658845611181,0.9767,0,-4.6163,0.312,0,-0.931,0.278,0.0,-0.947,0
1472,0.0436577599058861,0.9768,0,-4.6167,0.318,0,-0.932,0.277,0.0,-0.947,0
1473,0.03613862199918525,0.976,0,-4.6166,0.313,0,-0.937,0.278,0.0,-0.946,0
1474,0.015297058540778313,0.9768,0,-4.6162,0.293,0,-0.95,0.278,0.0,-0.947,0
1475,0.017464249196572943,0.9768,0,-4.6158,0.295,0,-0.943,0.278,0.0,-0.947,0
1476,0.03622154055254964,0.9767,0,-4.6158,0.314,0,-0.943,0.278,0.0,-0.947,0
1477,0.03423448553724735,0.9768,0,-4.6159,0.312,0,-0.943,0.278,0.0,-0.947,0
1478,0.036055512754639835,0.9767,0,-4.6153,0.312,0,-0.936,0.278,0.0,-0.948,0
1479,0.035355339059327355,0.9767,0,-4.6156,0.313,0,-0.943,0.278,0.0,-0.948,0
1480,0.03452535300326411,0.977,0,-4.6156,0.312,0,-0.942,0.278,0.0,-0.948,0
1481,0.03699999999999994,0.981,0,-4.6164,0.309,0,-0.937,0.274,0.0,-0.949,0
1482,0.05069516742254626,0.9913,0,-4.6225,0.311,0,-0.937,0.262,0.0,-0.95,1
1483,0.05953990258641678,1.0063,0,-4.6314,0.304,0,-0.943,0.245,0.0,-0.951,1
1484,0.08023091673413683,1.0243,0,-4.6414,0.303,0,-0.939,0.224,0.0,-0.953,1
1485,0.0802309167341368,1.0426,0,-4.6522,0.282,0,-0.94,0.203,0.0,-0.954,1
1486,0.07741446893184763,1.0602,0,-4.6625,0.26,0,-0.947,0.183,0.0,-0.955,1
1487,0.0717007670809734,1.0764,0,-4.6723,0.235,0,-0.946,0.164,0.0,-0.956,1
1488,0.08360023923410748,1.0874,0,-4.6782,0.234,0,-0.948,0.151,0.0,-0.958,1
1489,0.06041522986797286,1.0882,0,-4.679,0.209,0,-0.944,0.15,0.0,-0.957,1
1490,0.03544009029333871,1.0862,0,-4.6777,0.187,0,-0.947,0.153,0.0,-0.957,0
1491,0.03080584360149873,1.0839,0,-4.6764,0.185,0,-0.95,0.155,0.0,-0.957,0
1492,0.028861739379323622,1.0824,0,-4.6758,0.185,0,-0.95,0.157,0.0,-0.957,0
1493,0.030870698080866267,1.0822,0,-4.6754,0.185,0,-0.944,0.157,0.0,-0.957,0
1494,0.03104834939252005,1.0822,0,-4.6756,0.187,0,-0.949,0.157,0.0,-0.957,0
1495,0.03324154027718933,1.0821,0,-4.6756,0.189,0,-0.948,0.157,0.0,-0.957,0
1496,0.0360555127546399,1.0822,0,-4.6756,0.191,0,-0.945,0.157,0.0,-0.957,0
1497,0.03324154027718933,1.0822,0,-4.6757,0.188,0,-0.945,0.157,0.0,-0.957,0
1498,0.032572994949804666,1.0822,0,-4.6757,0.188,0,-0.947,0.157,0.0,-0.957,0
1499,0.0364005494464026,1.0823,0,-4.6758,0.191,0,-0.944,0.157,0.0,-0.957,0
1500,0.034176014981270125,1.0823,0,-4.6758,0.189,0,-0.945,0.157,0.0,-0.957,0
1501,0.0354682957019364,1.0822,0,-4.676,0.19,0,-0.944,0.157,0.0,-0.957,0
1502,0.033615472627943226,1.0823,0,-4.6759,0.188,0,-0.944,0.157,0.0,-0.957,0
1503,0.031320919526731654,1.0823,0,-4.6759,0.187,0,-0.948,0.157,0.0,-0.957,0
1504,0.03324154027718933,1.0822,0,-4.6762,0.188,0,-0.944,0.157,0.0,-0.956,0
1505,0.03298484500494128,1.0822,0,-4.676,0.189,0,-0.949,0.157,0.0,-0.957,0
1506,0.03511409973215888,1.0823,0,-4.6759,0.19,0,-0.945,0.157,0.0,-0.957,0
1507,0.03511409973215888,1.0823,0,-4.676,0.19,0,-0.945,0.157,0.0,-0.957,0
1508,0.033955853692699295,1.0821,0,-4.6759,0.19,0,-0.949,0.157,0.0,-0.957,0
1509,0.03511409973215888,1.0823,0,-4.6761,0.19,0,-0.945,0.157,0.0,-0.957,0
1510,0.0360555127546399,1.0823,0,-4.6761,0.191,0,-0.945,0.157,0.0,-0.957,0
1511,0.03511409973215888,1.0824,0,-4.6761,0.19,0,-0.945,0.157,0.0,-0.957,0
1512,0.03324154027718933,1.0823,0,-4.6762,0.188,0,-0.945,0.157,0.0,-0.957,0
1513,0.03178049716414141,1.0823,0,-4.6763,0.188,0,-0.949,0.157,0.0,-0.956,0
1514,0.03324154027718933,1.0823,0,-4.6762,0.189,0,-0.948,0.157,0.0,-0.957,0
1515,0.03573513677041128,1.0824,0,-4.6763,0.19,0,-0.945,0.156,0.0,-0.956,0
1516,0.03298484500494128,1.0823,0,-4.6764,0.188,0,-0.948,0.156,0.0,-0.956,0
1517,0.033955853692699295,1.0823,0,-4.6766,0.189,0,-0.948,0.156,0.0,-0.956,0
1518,0.033734255586866005,1.0824,0,-4.6763,0.189,0,-0.949,0.156,0.0,-0.956,0
1519,0.03511409973215888,1.0823,0,-4.6766,0.189,0,-0.944,0.156,0.0,-0.956,0
1520,0.03511409973215888,1.0824,0,-4.6765,0.189,0,-0.944,0.156,0.0,-0.956,0
1521,0.03511409973215888,1.0824,0,-4.6764,0.189,0,-0.944,0.156,0.0,-0.956,0
1522,0.03511409973215888,1.0825,0,-4.6766,0.189,0,-0.944,0.156,0.0,-0.956,0
1523,0.034785054261852175,1.0824,0,-4.6767,0.189,0,-0.945,0.156,0.0,-0.956,0
1524,0.03298484500494128,1.0824,0,-4.6767,0.188,0,-0.948,0.156,0.0,-0.956,0
1525,0.035902646142032486,1.0824,0,-4.6766,0.191,0,-0.948,0.156,0.0,-0.956,0
1526,0.034785054261852175,1.0825,0,-4.6768,0.189,0,-0.945,0.156,0.0,-0.956,0
1527,0.034785054261852175,1.0824,0,-4.6768,0.189,0,-0.945,0.156,0.0,-0.956,0
1528,0.033955853692699295,1.0825,0,-4.677,0.189,0,-0.948,0.156,0.0,-0.956,0
1529,0.033955853692699295,1.0824,0,-4.6765,0.189,0,-0.948,0.156,0.0,-0.956,0
1530,0.03354101966249685,1.0824,0,-4.6769,0.189,0,-0.95,0.156,0.0,-0.956,0
1531,0.034785054261852175,1.0825,0,-4.6769,0.189,0,-0.945,0.156,0.0,-0.956,0
1532,0.03573513677041128,1.0824,0,-4.677,0.19,0,-0.945,0.156,0.0,-0.956,0
1533,0.03573513677041128,1.0825,0,-4.677,0.19,0,-0.945,0.156,0.0,-0.956,0
1534,0.034785054261852175,1.0825,0,-4.6771,0.189,0,-0.945,0.156,0.0,-0.956,0
1535,0.034785054261852175,1.0824,0,-4.6772,0.189,0,-0.945,0.156,0.0,-0.956,0
1536,0.03383784863137727,1.0825,0,-4.6771,0.188,0,-0.945,0.156,0.0,-0.956,0
1537,0.03383784863137727,1.0826,0,-4.6772,0.188,0,-0.945,0.156,0.0,-0.956,0
1538,0.03298484500494128,1.0826,0,-4.6772,0.188,0,-0.948,0.156,0.0,-0.956,0
1539,0.034176014981270125,1.0824,0,-4.677,0.188,0,-0.944,0.156,0.0,-0.956,0
1540,0.03383784863137727,1.0824,0,-4.6769,0.188,0,-0.945,0.156,0.0,-0.956,0
1541,0.019235384061671336,1.0826,0,-4.6775,0.175,0,-0.953,0.156,0.0,-0.956,0
1542,0.019235384061671336,1.0825,0,-4.6773,0.175,0,-0.953,0.156,0.0,-0.956,0
1543,0.019026297590440437,1.0825,0,-4.6774,0.175,0,-0.957,0.156,0.0,-0.956,0
1544,0.01910497317454279,1.0826,0,-4.6775,0.175,0,-0.958,0.156,0.0,-0.956,0
1545,0.017029386365926387,1.0826,0,-4.6775,0.173,0,-0.957,0.156,0.0,-0.956,0
1546,0.01910497317454279,1.0826,0,-4.6776,0.175,0,-0.954,0.156,0.0,-0.956,0
1547,0.01811077027627482,1.0826,0,-4.6775,0.174,0,-0.954,0.156,0.0,-0.956,0
1548,0.01811077027627482,1.0826,0,-4.6776,0.174,0,-0.958,0.156,0.0,-0.956,0
1549,0.020223748416156675,1.0826,0,-4.6775,0.176,0,-0.953,0.156,0.0,-0.956,0
1550,0.020024984394500775,1.0826,0,-4.6775,0.176,0,-0.955,0.156,0.0,-0.956,0
1551,0.01910497317454279,1.0826,0,-4.6776,0.175,0,-0.954,0.156,0.0,-0.956,0
1552,0.01910497317454279,1.0826,0,-4.6776,0.175,0,-0.954,0.156,0.0,-0.956,0
1553,0.020024984394500775,1.0826,0,-4.6778,0.175,0,-0.954,0.155,0.0,-0.955,0
1554,0.01910497317454279,1.0826,0,-4.6777,0.175,0,-0.957,0.156,0.0,-0.955,0
1555,0.01910497317454279,1.0826,0,-4.6777,0.175,0,-0.953,0.156,0.0,-0.955,0
1556,0.02009975124224177,1.0827,0,-4.6776,0.175,0,-0.958,0.155,0.0,-0.956,0
1557,0.02220360331117451,1.0827,0,-4.6777,0.177,0,-0.958,0.155,0.0,-0.955,0
1558,0.02102379604162863,1.0826,0,-4.6777,0.177,0,-0.954,0.156,0.0,-0.955,0
1559,0.019235384061671336,1.0827,0,-4.6776,0.174,0,-0.953,0.155,0.0,-0.956,0
1560,0.01910497317454279,1.0827,0,-4.6778,0.174,0,-0.957,0.155,0.0,-0.955,0
1561,0.020024984394500775,1.0826,0,-4.6776,0.176,0,-0.957,0.156,0.0,-0.956,0
1562,0.02009975124224177,1.0826,0,-4.6778,0.175,0,-0.957,0.155,0.0,-0.955,0
1563,0.01910497317454279,1.0821,0,-4.6775,0.175,0,-0.957,0.156,0.0,-0.955,0
1564,0.011180339887498931,1.0763,0,-4.674,0.174,0,-0.957,0.163,0.0,-0.955,0
1565,0.003162277660168382,1.0622,0,-4.6658,0.176,0,-0.955,0.179,0.0,-0.954,0
1566,0.019416487838947616,1.0427,0,-4.6537,0.183,0,-0.957,0.202,0.0,-0.953,0
1567,0.025709920264364874,1.0206,0,-4.6409,0.202,0,-0.957,0.227,0.0,-0.951,0
1568,0.05008991914547276,0.9994,0,-4.629,0.202,0,-0.952,0.252,0.0,-0.949,1
1569,0.0396232255123179,0.9812,0,-4.6185,0.234,0,-0.955,0.273,0.0,-0.948,0
1570,0.016031219541881414,0.9742,0,-4.6141,0.265,0,-0.948,0.281,0.0,-0.947,0
1571,1.43900868656169,0.9674,0,-4.6095,0.294,0,0.492,0.289,0.0,-0.947,1
1572,1.4390013898533942,0.9555,0,-4.602,0.301,0,0.492,0.303,0.0,-0.947,1
1573,0.02202271554554526,0.9393,0,-4.5912,0.301,0,-0.948,0.323,0.0,-0.947,0
1574,0.040607881008493885,0.9139,0,-4.5767,0.312,0,-0.952,0.352,0.0,-0.945,0
1575,0.04004996878900155,0.8947,0,-4.5638,0.335,0,-0.947,0.375,0.0,-0.945,0
1576,0.01992485884517126,0.8788,0,-4.5545,0.374,0,-0.937,0.393,0.0,-0.943,0
1577,0.009219544457292781,0.8669,0,-4.5466,0.401,0,-0.937,0.408,0.0,-0.943,0
1578,0.02220360331117448,0.8532,0,-4.5391,0.401,0,-0.945,0.423,0.0,-0.942,0
1579,0.014764823060233414,0.8407,0,-4.5295,0.426,0,-0.95,0.439,0.0,-0.943,0
1580,0.016124515496597113,0.8244,0,-4.5192,0.442,0,-0.94,0.458,0.0,-0.942,0
1581,0.01749285568453587,0.8093,0,-4.5089,0.461,0,-0.951,0.476,0.0,-0.942,0
1582,0.01640121946685674,0.7891,0,-4.4966,0.487,0,-0.951,0.5,0.0,-0.941,0
1583,0.035440090293338736,0.7712,0,-4.4865,0.487,0,-0.949,0.521,0.0,-0.939,0
1584,0.02408318915758461,0.7579,0,-4.478,0.512,0,-0.941,0.536,0.0,-0.939,0
1585,0.010630145812734658,0.7458,0,-4.4711,0.543,0,-0.946,0.55,0.0,-0.938,0
1586,0.006324555320336764,0.7353,0,-4.4628,0.566,0,-0.945,0.564,0.0,-0.939,0
1587,0.008062257748298557,0.7202,0,-4.4533,0.577,0,-0.945,0.581,0.0,-0.938,0
1588,0.02400000000000002,0.7041,0,-4.443,0.577,0,-0.938,0.601,0.0,-0.938,0
1589,0.023537204591879638,0.6873,0,-4.4328,0.597,0,-0.942,0.62,0.0,-0.937,0
1590,0.01838477631085021,0.6709,0,-4.4226,0.622,0,-0.943,0.639,0.0,-0.936,0
1591,0.01442220510185591,0.6549,0,-4.4136,0.646,0,-0.943,0.658,0.0,-0.935,0
1592,0.01019803902718547,0.64,0,-4.405,0.673,0,-0.943,0.675,0.0,-0.933,0
1593,0.019235384061671253,0.6256,0,-4.3958,0.673,0,-0.936,0.692,0.0,-0.933,0
1594,0.020615528128088277,0.611,0,-4.3868,0.69,0,-0.94,0.709,0.0,-0.932,0
1595,0.020808652046684768,0.5732,0,-4.3632,0.737,0,-0.943,0.754,0.0,-0.931,0
1596,0.019104973174542735,0.5576,0,-4.3537,0.759,0,-0.944,0.772,0.0,-0.93,0
1597,0.013601470508735366,0.5426,0,-4.3449,0.781,0,-0.94,0.789,0.0,-0.929,0
1598,0.01341640786499865,0.5278,0,-4.3358,0.801,0,-0.94,0.807,0.0,-0.928,0
1599,0.0254950975679638,0.5129,0,-4.3263,0.801,0,-0.938,0.824,0.0,-0.927,0
1600,0.018867962264113223,0.497,0,-4.3165,0.827,0,-0.937,0.843,0.0,-0.927,0
1601,0.023345235059857448,0.4815,0,-4.3076,0.844,0,-0.941,0.861,0.0,-0.925,0
1602,0.012369316876852884,0.4727,0,-4.301,0.869,0,-0.938,0.872,0.0,-0.926,0
1603,0.01581138830084182,0.4622,0,-4.2951,0.893,0,-0.938,0.884,0.0,-0.925,0
1604,0.021189620100417004,0.4481,0,-4.2872,0.893,0,-0.944,0.9,0.0,-0.924,0
1605,0.02202271554554526,0.4296,0,-4.2783,0.903,0,-0.935,0.92,0.0,-0.921,0
1606,0.031064449134018006,0.4074,0,-4.2629,0.921,0,-0.938,0.947,0.0,-0.921,0
1607,0.036796738985948145,0.3875,0,-4.2524,0.945,0,-0.945,0.97,0.0,-0.918,0
1608,0.0524785670536077,0.3703,0,-4.2422,0.945,0,-0.944,0.99,0.0,-0.917,1
1609,0.030886890422961027,0.3576,0,-4.2317,0.979,0,-0.934,1.006,0.0,-0.919,0
1610,0.021260291625469316,0.3488,0,-4.224,1.004,0,-0.936,1.018,0.0,-0.92,0
1611,0.029120439557121992,0.3325,0,-4.2212,1.025,0,-0.942,1.033,0.0,-0.914,0
1612,0.03399999999999993,0.3161,0,-4.2116,1.036,0,-0.942,1.052,0.0,-0.912,0
1613,0.05093132631298741,0.2969,0,-4.2065,1.035,0,-0.943,1.07,0.0,-0.906,1
1614,0.042201895692018425,0.2808,0,-4.1944,1.056,0,-0.932,1.09,0.0,-0.907,0
1615,0.03962322551231802,0.2624,0,-4.18,1.085,0,-0.935,1.114,0.0,-0.908,0
1616,0.023021728866442635,0.25,0,-4.176,1.113,0,-0.924,1.126,0.0,-0.905,0
1617,0.02256102834535695,0.2425,0,-4.1713,1.14,0,-0.926,1.135,0.0,-0.904,0
1618,0.013928388277184092,0.2353,0,-4.1624,1.141,0,-0.921,1.146,0.0,-0.908,0
1619,0.011401754250991478,0.2218,0,-4.1515,1.154,0,-0.916,1.163,0.0,-0.909,0
1620,0.026172504656604822,0.2053,0,-4.1392,1.166,0,-0.929,1.184,0.0,-0.91,0
1621,0.03264965543462913,0.1877,0,-4.1267,1.18,0,-0.932,1.205,0.0,-0.911,0
1622,0.024839484696748463,0.1705,0,-4.1134,1.211,0,-0.931,1.227,0.0,-0.912,0
1623,0.036055512754639925,0.155,0,-4.1021,1.212,0,-0.925,1.246,0.0,-0.913,0
1624,0.03041381265149105,0.1421,0,-4.0963,1.239,0,-0.932,1.26,0.0,-0.91,0
1625,0.026925824035672515,0.1351,0,-4.0995,1.271,0,-0.93,1.264,0.0,-0.904,0
1626,0.028635642126552733,0.1256,0,-4.0928,1.288,0,-0.93,1.276,0.0,-0.904,0
1627,0.018867962264113223,0.1124,0,-4.0735,1.288,0,-0.929,1.298,0.0,-0.913,0
1628,0.048104053883222656,0.0983,0,-4.0554,1.286,0,-0.955,1.319,0.0,-0.92,0
1629,0.03624913792078365,0.079,0,-4.0423,1.31,0,-0.935,1.343,0.0,-0.92,0
1630,0.041880783182743915,0.0604,0,-4.0289,1.331,0,-0.943,1.366,0.0,-0.92,0
1631,0.034713109915419434,0.0437,0,-4.0172,1.363,0,-0.947,1.386,0.0,-0.921,0
1632,0.036235341863986865,0.0262,0,-4.0095,1.388,0,-0.949,1.405,0.0,-0.917,0
1633,0.04244997055358228,0.0173,0,-4.0019,1.388,0,-0.95,1.417,0.0,-0.919,0
1634,0.022135943621178534,0.0108,0,-3.9939,1.419,0,-0.943,1.426,0.0,-0.922,0
1635,0.019104973174542707,-0.0004,0,-3.9877,1.437,0,-0.94,1.439,0.0,-0.921,0
1636,0.021931712199461273,-0.0114,0,-3.9797,1.444,0,-0.941,1.453,0.0,-0.921,0
1637,0.022360679774997817,-0.0244,0,-3.9703,1.459,0,-0.942,1.469,0.0,-0.922,0
1638,0.03420526275297401,-0.0391,0,-3.9608,1.459,0,-0.942,1.486,0.0,-0.921,0
1639,0.036069377593742825,-0.0535,0,-3.9508,1.478,0,-0.946,1.504,0.0,-0.921,0
1640,0.03465544690232671,-0.0685,0,-3.9418,1.497,0,-0.945,1.521,0.0,-0.92,0
1641,0.03716180835212407,-0.0858,0,-3.9367,1.523,0,-0.949,1.538,0.0,-0.915,0
1642,0.02701851217221251,-0.0985,0,-3.924,1.555,0,-0.945,1.556,0.0,-0.918,0
1643,0.010295630140987062,-0.1069,0,-3.9154,1.563,0,-0.93,1.568,0.0,-0.921,0
1644,0.007615773105863959,-0.117,0,-3.9051,1.579,0,-0.931,1.582,0.0,-0.924,0
1645,0.014142135623730854,-0.1287,0,-3.8962,1.599,0,-0.938,1.597,0.0,-0.924,0
1646,0.026419689627245793,-0.1449,0,-3.8825,1.605,0,-0.95,1.618,0.0,-0.927,0
1647,0.022203603311174384,-0.1617,0,-3.8682,1.627,0,-0.947,1.64,0.0,-0.929,0
1648,0.03478505426185227,-0.1778,0,-3.8539,1.628,0,-0.943,1.661,0.0,-0.932,0
1649,0.029068883707497217,-0.1922,0,-3.8415,1.658,0,-0.953,1.68,0.0,-0.934,0
1650,0.025238858928247856,-0.2052,0,-3.8301,1.683,0,-0.957,1.697,0.0,-0.936,0
1651,0.017088007490635077,-0.2173,0,-3.8196,1.707,0,-0.954,1.713,0.0,-0.938,0
1652,0.015264337522473762,-0.2293,0,-3.8084,1.721,0,-0.954,1.729,0.0,-0.941,0
1653,0.02968164415931178,-0.2424,0,-3.7967,1.722,0,-0.959,1.747,0.0,-0.943,0
1654,0.023345235059857444,-0.256,0,-3.7844,1.748,0,-0.962,1.765,0.0,-0.946,0
1655,0.03182766092567921,-0.27,0,-3.7716,1.761,0,-0.971,1.784,0.0,-0.949,0
1656,0.031064449134018225,-0.2839,0,-3.7597,1.785,0,-0.977,1.802,0.0,-0.951,0
1657,0.043908996800200335,-0.2993,0,-3.749,1.798,0,-0.989,1.82,0.0,-0.951,0
1658,0.06576473218982959,-0.3137,0,-3.7395,1.792,0,-0.998,1.838,0.0,-0.951,1
1659,0.050249378105604495,-0.3276,0,-3.729,1.821,0,-0.989,1.855,0.0,-0.952,1
1660,0.03189043743820405,-0.3412,0,-3.7182,1.851,0,-0.977,1.872,0.0,-0.953,0
1661,0.0342052627529741,-0.3552,0,-3.7072,1.869,0,-0.981,1.89,0.0,-0.954,0
1662,0.027459060435491924,-0.3694,0,-3.6958,1.893,0,-0.979,1.908,0.0,-0.956,0
1663,0.03883297567789523,-0.3835,0,-3.6845,1.894,0,-0.979,1.926,0.0,-0.957,0
1664,0.03640054944640271,-0.3979,0,-3.6732,1.916,0,-0.98,1.945,0.0,-0.958,0
1665,0.05531726674375737,-0.4133,0,-3.6636,1.927,0,-1.0,1.963,0.0,-0.958,1
1666,0.050447993022517804,-0.4292,0,-3.6536,1.95,0,-0.996,1.982,0.0,-0.957,1
1667,0.04477722635447615,-0.4448,0,-3.6428,1.979,0,-0.996,2.001,0.0,-0.957,0
1668,0.05044799302251789,-0.4597,0,-3.632,1.98,0,-0.99,2.019,0.0,-0.958,1
1669,0.04596737973824486,-0.474,0,-3.6218,2.004,0,-0.991,2.036,0.0,-0.958,0
1670,0.043185645763378334,-0.4889,0,-3.6124,2.025,0,-0.99,2.054,0.0,-0.958,0
1671,0.04924428900898057,-0.5049,0,-3.6069,2.046,0,-0.996,2.07,0.0,-0.953,0
1672,0.040521599178709684,-0.5231,0,-3.6017,2.077,0,-0.987,2.088,0.0,-0.948,0
1673,0.03962322551231801,-0.5398,0,-3.594,2.08,0,-0.974,2.107,0.0,-0.945,0
1674,0.04742362280551755,-0.5568,0,-3.5856,2.093,0,-0.977,2.125,0.0,-0.942,0
1675,0.05531726674375708,-0.5729,0,-3.5774,2.107,0,-0.982,2.143,0.0,-0.94,1
1676,0.04661544808322667,-0.5889,0,-3.5695,2.134,0,-0.975,2.161,0.0,-0.937,0
1677,0.06236986451805043,-0.6047,0,-3.5609,2.132,0,-0.977,2.179,0.0,-0.936,1
1678,0.0658559033041078,-0.6191,0,-3.551,2.152,0,-0.985,2.196,0.0,-0.936,1
1679,0.06152235366108815,-0.6342,0,-3.5413,2.171,0,-0.979,2.214,0.0,-0.935,1
1680,0.05382378656319158,-0.6498,0,-3.5324,2.201,0,-0.978,2.232,0.0,-0.934,1
1681,0.0435660418215837,-0.6616,0,-3.5231,2.224,0,-0.972,2.247,0.0,-0.935,0
1682,0.050911688245431075,-0.6715,0,-3.5155,2.224,0,-0.972,2.26,0.0,-0.936,1
1683,0.04964876634922543,-0.6821,0,-3.5115,2.248,0,-0.977,2.271,0.0,-0.933,0
1684,0.05188448708429134,-0.6964,0,-3.5024,2.264,0,-0.979,2.288,0.0,-0.933,1
1685,0.0436004587131831,-0.7116,0,-3.4905,2.281,0,-0.969,2.307,0.0,-0.934,0
1686,0.04201190307519982,-0.7283,0,-3.4795,2.301,0,-0.967,2.327,0.0,-0.934,0
1687,0.06942621983083896,-0.7453,0,-3.4681,2.301,0,-0.986,2.347,0.0,-0.934,1
1688,0.07640026177965634,-0.7638,0,-3.4557,2.324,0,-0.995,2.37,0.0,-0.934,1
1689,0.0768439978137525,-0.7836,0,-3.4389,2.351,0,-1.0,2.395,0.0,-0.937,1
1690,0.06760177512462229,-0.7924,0,-3.4297,2.375,0,-0.998,2.408,0.0,-0.939,1
1691,0.05922837157984344,-0.8026,0,-3.4217,2.409,0,-0.998,2.421,0.0,-0.94,1
1692,0.0689420046125727,-0.8164,0,-3.4131,2.409,0,-1.003,2.437,0.0,-0.94,1
1693,0.07920227269466444,-0.8322,0,-3.4033,2.423,0,-1.011,2.456,0.0,-0.939,1
1694,0.059808026217222886,-0.8426,0,-3.3937,2.449,0,-0.997,2.47,0.0,-0.941,1
1695,0.048010415536631254,-0.8426,0,-3.3873,2.472,0,-0.994,2.473,0.0,-0.946,0
1696,0.048010415536631254,-0.8506,0,-3.3811,2.484,0,-0.995,2.483,0.0,-0.947,0
1697,0.06937578828380979,-0.8665,0,-3.3721,2.483,0,-1.012,2.501,0.0,-0.945,1
1698,0.09257429448826476,-0.8949,0,-3.3663,2.487,0,-1.017,2.528,0.0,-0.934,1
1699,0.09466784036831077,-0.9164,0,-3.3527,2.505,0,-1.015,2.554,0.0,-0.934,1
1700,0.0779358710735948,-0.9359,0,-3.337,2.536,0,-1.001,2.579,0.0,-0.936,1
1701,0.0724499827467197,-0.9547,0,-3.3237,2.57,0,-1.001,2.602,0.0,-0.936,1
1702,0.07256031973468677,-0.9841,0,-3.3101,2.625,0,-1.003,2.634,0.0,-0.931,1
1703,0.07368174807915458,-0.9971,0,-3.3023,2.626,0,-1.0,2.649,0.0,-0.93,1
1704,0.07877182237323166,-1.0121,0,-3.2913,2.64,0,-1.005,2.667,0.0,-0.931,1
1705,0.07818567643756738,-1.0276,0,-3.2794,2.659,0,-1.005,2.687,0.0,-0.932,1
1706,0.07971198153351854,-1.0442,0,-3.2667,2.681,0,-1.008,2.708,0.0,-0.933,1
1707,0.07463243262818113,-1.0571,0,-3.2512,2.704,0,-1.01,2.727,0.0,-0.939,1
1708,0.07769813382572317,-1.0725,0,-3.241,2.705,0,-1.005,2.746,0.0,-0.939,1
1709,0.07576938695805849,-1.0852,0,-3.2314,2.732,0,-1.01,2.761,0.0,-0.94,1
1710,0.07665507158694727,-1.0974,0,-3.2224,2.757,0,-1.014,2.777,0.0,-0.94,1
1711,0.07615773105863909,-1.1103,0,-3.213,2.775,0,-1.015,2.793,0.0,-0.941,1
1712,0.07550496672405066,-1.1238,0,-3.2035,2.794,0,-1.015,2.809,0.0,-0.941,1
1713,0.07692203845452862,-1.1385,0,-3.1929,2.793,0,-1.011,2.827,0.0,-0.942,1
1714,0.06964194138592061,-1.1474,0,-3.1832,2.815,0,-1.01,2.84,0.0,-0.945,1
1715,0.08221921916437801,-1.1795,0,-3.1624,2.852,0,-1.022,2.878,0.0,-0.944,1
1716,0.07741446893184753,-1.2208,0,-3.1333,2.892,0,-1.013,2.929,0.0,-0.945,1
1717,0.08013114251026242,-1.2614,0,-3.0999,2.942,0,-1.02,2.981,0.0,-0.95,1
1718,0.0841189633792524,-1.291,0,-3.0755,2.993,0,-1.033,3.019,0.0,-0.953,1
1719,0.08004998438475791,-1.3028,0,-3.0678,3.015,0,-1.031,3.033,0.0,-0.953,1
1720,0.06811754546370555,-1.3089,0,-3.0588,3.039,0,-1.025,3.043,0.0,-0.957,1
1721,0.08499999999999995,-1.3319,0,-3.0389,3.061,0,-1.045,3.074,0.0,-0.961,1
1722,0.0978008179924892,-1.36,0,-3.0303,3.075,0,-1.046,3.102,0.0,-0.952,1
1723,0.11150784725749109,-1.3813,0,-3.0159,3.072,0,-1.049,3.127,0.0,-0.952,1
1724,0.10101980003939838,-1.4005,0,-3.0003,3.093,0,-1.036,3.152,0.0,-0.954,1
1725,0.0881929702413974,-1.4203,0,-2.9853,3.134,0,-1.033,3.177,0.0,-0.956,1
1726,0.08127115109311558,-1.4349,0,-2.9786,3.167,0,-1.03,3.193,0.0,-0.953,1
1727,0.07942921376924225,-1.4601,0,-2.9623,3.208,0,-1.031,3.223,0.0,-0.953,1
1728,0.08860022573334676,-1.5005,0,-2.931,3.243,0,-1.039,3.274,0.0,-0.956,1
1729,0.08448076704197231,-1.5154,0,-2.9178,3.269,0,-1.039,3.293,0.0,-0.958,1
1730,0.08858893836140037,-1.5268,0,-2.9037,3.269,0,-1.042,3.311,0.0,-0.964,1
1731,0.08285529554590947,-1.5396,0,-2.8927,3.295,0,-1.042,3.328,0.0,-0.966,1
1732,0.07462573282722251,-1.885,0,-2.6283,3.722,0,-0.928,3.762,0.0,-0.991,1
1733,0.06676076692189793,-1.886,0,-2.6274,3.744,0,-0.927,3.763,0.0,-0.991,1
1734,1.034039167536704,-1.8856,0,-2.6274,3.754,0,0.042,3.763,0.0,-0.992,1
1735,1.0340309473125067,-1.8855,0,-2.6275,3.755,0,0.042,3.763,0.0,-0.992,1
1736,1.0330237170559056,-1.8853,0,-2.6276,3.755,0,0.041,3.762,0.0,-0.992,1
1737,1.0350309174126153,-1.8854,0,-2.6276,3.755,0,0.043,3.763,0.0,-0.992,1
1738,1.0350236712268952,-1.8853,0,-2.6276,3.755,0,0.043,3.762,0.0,-0.992,1
1739,1.0330237170559056,-1.8853,0,-2.6276,3.755,0,0.041,3.762,0.0,-0.992,1
1740,1.0310310373601757,-1.8852,0,-2.6287,3.754,0,0.04,3.762,0.0,-0.991,1
1741,1.029007774509017,-1.8832,0,-2.6326,3.754,0,0.04,3.758,0.0,-0.989,1
1742,1.026023878864425,-1.8761,0,-2.6417,3.754,0,0.041,3.747,0.0,-0.985,1
1743,0.05536244214266547,-1.8649,0,-2.6504,3.752,0,-0.932,3.733,0.0,-0.984,1
1744,0.05745432968889274,-1.8513,0,-2.6606,3.746,0,-0.934,3.716,0.0,-0.983,1
1745,0.0542033209314704,-1.8357,0,-2.6724,3.723,0,-0.935,3.696,0.0,-0.982,1
1746,0.05603570290448756,-1.8192,0,-2.685,3.708,0,-0.935,3.676,0.0,-0.981,1
1747,0.0890505474435728,-1.8043,0,-2.6963,3.708,0,-1.053,3.657,0.0,-0.98,1
1748,0.11069326989478633,-1.7884,0,-2.7082,3.68,0,-1.081,3.637,0.0,-0.979,1
1749,0.10285912696499042,-1.7725,0,-2.7191,3.664,0,-1.071,3.618,0.0,-0.979,1
1750,0.1019509686074635,-1.7598,0,-2.7306,3.638,0,-1.072,3.601,0.0,-0.977,1
1751,0.11189280584559481,-1.7456,0,-2.7398,3.638,0,-1.075,3.584,0.0,-0.977,1
1752,0.10241581909060733,-1.7333,0,-2.749,3.614,0,-1.068,3.569,0.0,-0.976,1
1753,0.09415412895885128,-1.7211,0,-2.7577,3.59,0,-1.063,3.554,0.0,-0.976,1
1754,0.09415412895885138,-1.7086,0,-2.767,3.574,0,-1.062,3.538,0.0,-0.975,1
1755,0.09269843580125835,-1.695,0,-2.7762,3.554,0,-1.062,3.522,0.0,-0.975,1
1756,0.10084641788382959,-1.6802,0,-2.7866,3.554,0,-1.062,3.503,0.0,-0.975,1
1757,0.10257680049601864,-1.6657,0,-2.7973,3.536,0,-1.063,3.485,0.0,-0.974,1
1758,0.1010791768862411,-1.6516,0,-2.8085,3.512,0,-1.064,3.468,0.0,-0.973,1
1759,0.09953893710503443,-1.6375,0,-2.8189,3.488,0,-1.064,3.45,0.0,-0.972,1
1760,0.09902019995940238,-1.6236,0,-2.8294,3.467,0,-1.064,3.433,0.0,-0.971,1
1761,0.10135580891098447,-1.6097,0,-2.8396,3.467,0,-1.057,3.415,0.0,-0.97,1
1762,0.10049875621120899,-1.5962,0,-2.8498,3.451,0,-1.056,3.399,0.0,-0.97,1
1763,0.1010791768862411,-1.5827,0,-2.86,3.426,0,-1.06,3.382,0.0,-0.969,1
1764,0.10084641788382963,-1.5696,0,-2.8706,3.404,0,-1.06,3.365,0.0,-0.967,1
1765,0.10139033484509279,-1.5561,0,-2.8809,3.386,0,-1.06,3.348,0.0,-0.966,1
1766,0.10977249200050089,-1.5424,0,-2.8916,3.386,0,-1.06,3.331,0.0,-0.965,1
1767,0.10581587782558899,-1.5286,0,-2.902,3.367,0,-1.055,3.313,0.0,-0.964,1
1768,0.102,-1.5195,0,-2.9141,3.347,0,-1.049,3.299,0.0,-0.959,1
1769,0.10440306508910559,-1.511,0,-2.9243,3.322,0,-1.054,3.286,0.0,-0.956,1
1770,0.10625441167311601,-1.4985,0,-2.934,3.303,0,-1.056,3.27,0.0,-0.955,1
1771,0.10735455276791933,-1.4854,0,-2.9455,3.303,0,-1.047,3.253,0.0,-0.952,1
1772,0.10567875850898324,-1.4702,0,-2.9571,3.286,0,-1.043,3.234,0.0,-0.951,1
1773,0.11027692415006878,-1.454,0,-2.9704,3.269,0,-1.044,3.213,0.0,-0.949,1
1774,0.10547511554864508,-1.4378,0,-2.9827,3.248,0,-1.038,3.193,0.0,-0.948,1
1775,0.09577055915050312,-1.416,0,-2.9888,3.217,0,-1.039,3.171,0.0,-0.955,1
1776,0.10440306508910573,-1.404,0,-3.0013,3.216,0,-1.036,3.154,0.0,-0.952,1
1777,0.11141364368873315,-1.3942,0,-3.0106,3.194,0,-1.047,3.141,0.0,-0.949,1
1778,0.0916787870774913,-1.385,0,-3.0176,3.171,0,-1.031,3.13,0.0,-0.949,1
1779,0.09402127418834516,-1.3732,0,-3.0255,3.153,0,-1.035,3.115,0.0,-0.949,1
1780,0.09347726996441448,-1.3573,0,-3.0341,3.14,0,-1.034,3.097,0.0,-0.951,1
1781,0.09464142856064661,-1.3441,0,-3.0409,3.142,0,-1.026,3.083,0.0,-0.952,1
1782,0.09152595260361963,-1.3334,0,-3.0486,3.12,0,-1.028,3.069,0.0,-0.952,1
1783,0.09192388155425123,-1.3192,0,-3.0578,3.1,0,-1.031,3.053,0.0,-0.952,1
1784,0.09985990186255964,-1.2998,0,-3.0694,3.084,0,-1.038,3.03,0.0,-0.954,1
1785,0.10040418317978604,-1.2807,0,-3.0842,3.061,0,-1.036,3.006,0.0,-0.952,1
1786,0.11321660655575226,-1.2639,0,-3.097,3.062,0,-1.034,2.985,0.0,-0.951,1
1787,0.11280070921762869,-1.2518,0,-3.1113,3.035,0,-1.036,2.967,0.0,-0.946,1
1788,0.10993179703798173,-1.24,0,-3.1234,3.007,0,-1.036,2.95,0.0,-0.942,1
1789,0.1078378412246834,-1.2302,0,-3.1321,2.982,0,-1.039,2.937,0.0,-0.941,1
1790,0.0995389371050346,-1.2202,0,-3.14,2.962,0,-1.032,2.924,0.0,-0.94,1
1791,0.10927488274987979,-1.2069,0,-3.1513,2.961,0,-1.033,2.907,0.0,-0.938,1
1792,0.11236102527122108,-1.1902,0,-3.1644,2.946,0,-1.031,2.886,0.0,-0.936,1
1793,0.11150336317797771,-1.1732,0,-3.1778,2.927,0,-1.027,2.864,0.0,-0.935,1
1794,0.1084066418629411,-1.1576,0,-3.1894,2.899,0,-1.028,2.845,0.0,-0.934,1
1795,0.10465180361560902,-1.1443,0,-3.202,2.873,0,-1.025,2.827,0.0,-0.931,1
1796,0.11013627921806665,-1.1336,0,-3.2107,2.872,0,-1.023,2.813,0.0,-0.93,1
1797,0.09734988443752758,-1.1214,0,-3.2192,2.852,0,-1.01,2.798,0.0,-0.929,1
1798,0.09487360012142468,-1.1097,0,-3.2276,2.835,0,-1.009,2.784,0.0,-0.929,1
1799,0.09130169768410659,-1.0978,0,-3.2371,2.813,0,-1.008,2.769,0.0,-0.928,1
1800,0.09004998611882187,-1.0841,0,-3.2474,2.797,0,-1.005,2.752,0.0,-0.927,1
1801,0.10280077820717132,-1.0711,0,-3.2577,2.797,0,-1.008,2.735,0.0,-0.926,1
1802,0.1049999999999998,-1.0563,0,-3.2693,2.779,0,-1.008,2.716,0.0,-0.924,1
1803,0.10264989040422762,-1.0466,0,-3.2819,2.76,0,-1.003,2.701,0.0,-0.919,1
1804,0.09888377015466193,-1.0362,0,-3.2921,2.734,0,-1.004,2.687,0.0,-0.917,1
1805,0.10245974819410796,-1.0238,0,-3.3022,2.714,0,-1.008,2.671,0.0,-0.915,1
1806,0.10816653826391968,-1.0101,0,-3.3134,2.713,0,-1.004,2.653,0.0,-0.914,1
1807,0.10520931517693682,-0.9953,0,-3.3255,2.696,0,-0.997,2.634,0.0,-0.912,1
1808,0.10789810007595123,-0.9803,0,-3.3374,2.676,0,-1.0,2.615,0.0,-0.911,1
1809,0.1044461583783721,-0.9655,0,-3.3485,2.65,0,-1.0,2.597,0.0,-0.91,1
1810,0.09501578816175761,-0.9451,0,-3.3543,2.625,0,-0.998,2.577,0.0,-0.916,1
1811,0.10741508273980867,-0.9314,0,-3.3662,2.622,0,-1.001,2.559,0.0,-0.914,1
1812,0.10480935072788104,-0.9243,0,-3.3739,2.6,0,-1.003,2.548,0.0,-0.912,1
1813,0.09178779875342903,-0.9182,0,-3.3795,2.577,0,-0.994,2.54,0.0,-0.91,1
1814,0.0898888202169769,-0.911,0,-3.3854,2.563,0,-0.994,2.531,0.0,-0.91,1
1815,0.08681589716175256,-0.8987,0,-3.3943,2.552,0,-0.988,2.516,0.0,-0.909,1
1816,0.10043903623591763,-0.8806,0,-3.4052,2.553,0,-0.992,2.495,0.0,-0.91,1
1817,0.09762171889492602,-0.8598,0,-3.4118,2.541,0,-0.987,2.474,0.0,-0.916,1
1818,0.09411163583744574,-0.8405,0,-3.4207,2.517,0,-0.989,2.453,0.0,-0.92,1
1819,0.08905054744357255,-0.8304,0,-3.4321,2.489,0,-0.989,2.438,0.0,-0.916,1
1820,0.0982293235240882,-0.7896,0,-3.4615,2.445,0,-0.994,2.388,0.0,-0.914,1
1821,0.09106591019695574,-0.7753,0,-3.4707,2.418,0,-0.993,2.371,0.0,-0.915,1
1822,0.10280077820717132,-0.765,0,-3.4818,2.418,0,-0.993,2.356,0.0,-0.911,1
1823,0.10683164325236214,-0.7528,0,-3.4966,2.4,0,-0.993,2.338,0.0,-0.906,1
1824,0.09929753269845126,-0.7415,0,-3.5063,2.379,0,-0.986,2.323,0.0,-0.904,1
1825,0.09529428104561148,-0.7288,0,-3.5162,2.352,0,-0.987,2.307,0.0,-0.903,1
1826,0.10049875621120889,-0.6895,0,-3.5452,2.31,0,-0.987,2.258,0.0,-0.901,1
1827,0.09752948272189275,-0.6754,0,-3.556,2.286,0,-0.986,2.24,0.0,-0.9,1
1828,0.10543718509140874,-0.6627,0,-3.5666,2.285,0,-0.984,2.224,0.0,-0.898,1
1829,0.09741663102366063,-0.6332,0,-3.5891,2.244,0,-0.975,2.187,0.0,-0.896,1
1830,0.0982293235240882,-0.6181,0,-3.5992,2.225,0,-0.976,2.168,0.0,-0.896,1
1831,0.0952102935611481,-0.6051,0,-3.6087,2.208,0,-0.973,2.152,0.0,-0.896,1
1832,0.09319334740205445,-0.5913,0,-3.6189,2.186,0,-0.973,2.135,0.0,-0.895,1
1833,0.1049952379872535,-0.5777,0,-3.6292,2.186,0,-0.974,2.118,0.0,-0.894,1
1834,0.10065783625729281,-0.5633,0,-3.6393,2.167,0,-0.97,2.101,0.0,-0.894,1
1835,0.09667471230885555,-0.5498,0,-3.6492,2.145,0,-0.968,2.084,0.0,-0.893,1
1836,0.08062257748298533,-0.5364,0,-3.6589,2.125,0,-0.949,2.067,0.0,-0.893,1
1837,0.07641989269817119,-0.5224,0,-3.6686,2.102,0,-0.949,2.05,0.0,-0.893,1
1838,0.0837615663654879,-0.5085,0,-3.6788,2.103,0,-0.938,2.033,0.0,-0.892,1
1839,0.07905694150420946,-0.4938,0,-3.6895,2.08,0,-0.936,2.015,0.0,-0.891,1
1840,0.08156592425762121,-0.4793,0,-3.7003,2.059,0,-0.943,1.997,0.0,-0.89,1
1841,0.08005623023850157,-0.4644,0,-3.7111,2.038,0,-0.943,1.978,0.0,-0.89,1
1842,0.0777946013551069,-0.4499,0,-3.7219,2.016,0,-0.943,1.96,0.0,-0.889,1
1843,0.08766413177577236,-0.4362,0,-3.7322,2.017,0,-0.935,1.943,0.0,-0.888,1
1844,0.08402380615040002,-0.4226,0,-3.7425,1.992,0,-0.939,1.926,0.0,-0.887,1
1845,0.07657675887630665,-0.4087,0,-3.7532,1.967,0,-0.936,1.909,0.0,-0.886,1
1846,0.07234638899074368,-0.3944,0,-3.7637,1.946,0,-0.932,1.891,0.0,-0.885,1
1847,0.07009279563550029,-0.3802,0,-3.7743,1.925,0,-0.932,1.873,0.0,-0.885,1
1848,0.08292767933567174,-0.3663,0,-3.7844,1.925,0,-0.93,1.856,0.0,-0.884,1
1849,0.07999999999999989,-0.3529,0,-3.7942,1.904,0,-0.931,1.84,0.0,-0.883,1
1850,0.07824321056807419,-0.3399,0,-3.8039,1.884,0,-0.932,1.823,0.0,-0.883,1
1851,0.07500000000000007,-0.3267,0,-3.8141,1.867,0,-0.927,1.807,0.0,-0.882,1
1852,0.07158910531638184,-0.3127,0,-3.8251,1.843,0,-0.927,1.789,0.0,-0.88,1
1853,0.0870919054792121,-0.2981,0,-3.8363,1.843,0,-0.928,1.771,0.0,-0.879,1
1854,0.08653323061113581,-0.2837,0,-3.8471,1.825,0,-0.926,1.753,0.0,-0.878,1
1855,0.08062257748298557,-0.277,0,-3.8599,1.798,0,-0.928,1.74,0.0,-0.872,1
1856,0.0720069441095787,-0.2686,0,-3.8676,1.773,0,-0.927,1.729,0.0,-0.87,1
1857,0.07283543093852057,-0.2563,0,-3.878,1.764,0,-0.92,1.713,0.0,-0.868,1
1858,0.0997246208315679,-0.2423,0,-3.8896,1.764,0,-0.938,1.695,0.0,-0.866,1
1859,0.1117318217877074,-0.2028,0,-3.9198,1.725,0,-0.941,1.645,0.0,-0.863,1
1860,0.10049875621120899,-0.1893,0,-3.9303,1.696,0,-0.936,1.628,0.0,-0.862,1
1861,0.09386160024205853,-0.1766,0,-3.9402,1.671,0,-0.934,1.612,0.0,-0.861,1
1862,0.09464142856064675,-0.1643,0,-3.9504,1.655,0,-0.934,1.596,0.0,-0.86,1
1863,0.09323625904121201,-0.1491,0,-3.9594,1.636,0,-0.934,1.578,0.0,-0.861,1
1864,0.09980981915623333,-0.1297,0,-3.9668,1.637,0,-0.926,1.558,0.0,-0.865,1
1865,0.08640601830891197,-0.0936,0,-3.994,1.592,0,-0.898,1.513,0.0,-0.863,1
1866,0.09433981132056612,-0.079,0,-4.0058,1.574,0,-0.912,1.494,0.0,-0.862,1
1867,0.08188406438373716,-0.0644,0,-4.0166,1.548,0,-0.9,1.476,0.0,-0.861,1
1868,0.07529276193632423,-0.0509,0,-4.0269,1.524,0,-0.898,1.459,0.0,-0.86,1
1869,0.07323933369440211,-0.0388,0,-4.0336,1.505,0,-0.903,1.445,0.0,-0.861,1
1870,0.08609297300012342,-0.0261,0,-4.0441,1.503,0,-0.903,1.429,0.0,-0.859,1
1871,0.0763216876123689,-0.0149,0,-4.0535,1.479,0,-0.898,1.414,0.0,-0.858,1
1872,0.07211102550927985,-0.0034,0,-4.063,1.459,0,-0.896,1.399,0.0,-0.856,1
1873,0.07267048919609671,0.0087,0,-4.0734,1.444,0,-0.896,1.384,0.0,-0.855,1
1874,0.07128113354878692,0.0217,0,-4.084,1.426,0,-0.893,1.367,0.0,-0.853,1
1875,0.08586617494683221,0.0358,0,-4.095,1.426,0,-0.89,1.349,0.0,-0.852,1
1876,0.09170605214488299,0.0498,0,-4.1063,1.412,0,-0.893,1.331,0.0,-0.85,1
1877,0.086353922898731,0.0628,0,-4.1176,1.39,0,-0.889,1.314,0.0,-0.848,1
1878,0.07887331614684415,0.0659,0,-4.1287,1.366,0,-0.891,1.305,0.0,-0.841,1
1879,0.06789698078707196,0.0738,0,-4.1349,1.344,0,-0.887,1.295,0.0,-0.84,1
1880,0.09050966799187816,0.0857,0,-4.144,1.344,0,-0.903,1.28,0.0,-0.839,1
1881,0.09492101980067429,0.1022,0,-4.1565,1.331,0,-0.901,1.26,0.0,-0.838,1
1882,0.10220078277586714,0.1246,0,-4.1668,1.317,0,-0.903,1.235,0.0,-0.842,1
1883,0.09840731680114026,0.1412,0,-4.1787,1.293,0,-0.902,1.215,0.0,-0.842,1
1884,0.08318653737234176,0.1543,0,-4.1893,1.272,0,-0.878,1.198,0.0,-0.84,1
1885,0.09616652224137055,0.1666,0,-4.1991,1.274,0,-0.867,1.182,0.0,-0.839,1
1886,0.08324061508662721,0.1769,0,-4.2095,1.241,0,-0.876,1.168,0.0,-0.836,1
1887,0.0720138875495555,0.1857,0,-4.2147,1.223,0,-0.868,1.158,0.0,-0.837,1
1888,0.0671192967781995,0.1947,0,-4.2231,1.205,0,-0.867,1.146,0.0,-0.835,1
1889,0.06774215821775985,0.2069,0,-4.2345,1.187,0,-0.867,1.129,0.0,-0.832,1
1890,0.08570297544426328,0.2236,0,-4.2438,1.191,0,-0.862,1.11,0.0,-0.834,1
1891,0.0966074531286277,0.2392,0,-4.2566,1.177,0,-0.874,1.09,0.0,-0.832,1
1892,0.08588364221433563,0.2531,0,-4.2698,1.147,0,-0.869,1.071,0.0,-0.829,1
1893,0.08140024569987504,0.2593,0,-4.2818,1.124,0,-0.871,1.059,0.0,-0.822,1
1894,0.06762396025078682,0.2654,0,-4.2891,1.103,0,-0.862,1.05,0.0,-0.82,1
1895,0.08354639429682176,0.2742,0,-4.2952,1.101,0,-0.876,1.039,0.0,-0.82,1
1896,0.0898276126811795,0.2846,0,-4.3038,1.091,0,-0.88,1.026,0.0,-0.818,1
1897,0.08809086218218104,0.3012,0,-4.3119,1.076,0,-0.877,1.008,0.0,-0.821,1
1898,0.08660831368869858,0.3168,0,-4.3133,1.064,0,-0.879,0.994,0.0,-0.828,1
1899,0.09489467845985894,0.327,0,-4.3223,1.064,0,-0.873,0.981,0.0,-0.827,1
1900,0.08393449827097316,0.3362,0,-4.3335,1.045,0,-0.854,0.967,0.0,-0.823,1
1901,0.08728115489611715,0.3553,0,-4.3429,1.029,0,-0.852,0.946,0.0,-0.825,1
1902,0.08163332652783419,0.366,0,-4.3604,0.997,0,-0.859,0.927,0.0,-0.817,1
1903,0.0693108938046538,0.3751,0,-4.3718,0.963,0,-0.861,0.913,0.0,-0.813,1
1904,0.0785493475466219,0.3882,0,-4.379,0.965,0,-0.855,0.898,0.0,-0.814,1
1905,0.09130169768410659,0.4014,0,-4.3893,0.961,0,-0.857,0.881,0.0,-0.813,1
1906,0.08905054744357271,0.4193,0,-4.3973,0.949,0,-0.835,0.862,0.0,-0.816,1
1907,0.08134494452638105,0.4331,0,-4.4053,0.922,0,-0.846,0.846,0.0,-0.817,1
1908,0.07155417527999335,0.4465,0,-4.4154,0.893,0,-0.848,0.829,0.0,-0.816,1
1909,0.08616263691415203,0.4596,0,-4.4281,0.891,0,-0.845,0.811,0.0,-0.813,1
1910,0.07912016177940985,0.4722,0,-4.4377,0.87,0,-0.84,0.796,0.0,-0.812,1
1911,0.07000714249274846,0.4838,0,-4.448,0.845,0,-0.836,0.78,0.0,-0.81,1
1912,0.06907966415668208,0.4975,0,-4.4574,0.828,0,-0.836,0.764,0.0,-0.81,1
1913,0.07655063683601847,0.5099,0,-4.4664,0.82,0,-0.836,0.748,0.0,-0.81,1
1914,0.09013878188659967,0.5218,0,-4.4752,0.82,0,-0.836,0.734,0.0,-0.809,1
1915,0.0822800097228969,0.534,0,-4.4843,0.797,0,-0.831,0.718,0.0,-0.808,1
1916,0.07874642849044017,0.5478,0,-4.4942,0.776,0,-0.832,0.701,0.0,-0.808,1
1917,0.07720103626247506,0.5617,0,-4.5044,0.758,0,-0.829,0.684,0.0,-0.807,1
1918,0.0759605160593317,0.5768,0,-4.5146,0.739,0,-0.828,0.666,0.0,-0.807,1
1919,0.09414881836751851,0.5917,0,-4.525,0.74,0,-0.827,0.648,0.0,-0.807,1
1920,0.08982204629154242,0.606,0,-4.5358,0.718,0,-0.824,0.63,0.0,-0.806,1
1921,0.08256512580987199,0.6191,0,-4.5461,0.692,0,-0.829,0.613,0.0,-0.805,1
1922,0.07589466384404113,0.6325,0,-4.556,0.669,0,-0.828,0.597,0.0,-0.804,1
1923,0.07034202158027593,0.646,0,-4.5659,0.648,0,-0.822,0.58,0.0,-0.804,1
1924,0.08732124598286495,0.6594,0,-4.5757,0.648,0,-0.823,0.563,0.0,-0.803,1
1925,0.08586617494683217,0.6735,0,-4.5858,0.629,0,-0.824,0.546,0.0,-0.802,1
1926,0.07826237921249259,0.6868,0,-4.596,0.606,0,-0.815,0.529,0.0,-0.801,1
1927,0.0755049667240506,0.7007,0,-4.6069,0.586,0,-0.815,0.512,0.0,-0.8,1
1928,0.07034202158027582,0.7142,0,-4.6168,0.563,0,-0.818,0.495,0.0,-0.8,1
1929,0.0868331733843696,0.7277,0,-4.6273,0.564,0,-0.81,0.478,0.0,-0.798,1
1930,0.07858753081755399,0.7359,0,-4.6388,0.541,0,-0.813,0.465,0.0,-0.793,1
1931,0.06499999999999997,0.7438,0,-4.639,0.521,0,-0.814,0.458,0.0,-0.798,1
1932,0.058821764679410936,0.754,0,-4.6462,0.501,0,-0.815,0.445,0.0,-0.797,1
1933,0.06935416353759878,0.7705,0,-4.6573,0.489,0,-0.827,0.426,0.0,-0.798,1
1934,0.09257429448826489,0.7922,0,-4.6734,0.49,0,-0.813,0.399,0.0,-0.796,1
1935,0.10277159140540734,0.8102,0,-4.6909,0.475,0,-0.811,0.374,0.0,-0.792,1
1936,0.09222797840135068,0.8267,0,-4.7017,0.445,0,-0.807,0.354,0.0,-0.792,1
1937,0.07452516353554679,0.84,0,-4.711,0.411,0,-0.807,0.338,0.0,-0.792,1
1938,0.060539243470661246,0.8479,0,-4.7214,0.381,0,-0.811,0.325,0.0,-0.788,1
1939,0.06992138442565338,0.8566,0,-4.7259,0.383,0,-0.809,0.316,0.0,-0.789,1
1940,0.0670820393249937,0.8677,0,-4.7331,0.369,0,-0.801,0.303,0.0,-0.789,1
1941,0.0731641988953614,0.8813,0,-4.7435,0.357,0,-0.801,0.285,0.0,-0.788,1
1942,0.06963476143421474,0.8971,0,-4.7555,0.334,0,-0.802,0.266,0.0,-0.787,1
1943,0.06539113089708727,0.9106,0,-4.767,0.308,0,-0.811,0.248,0.0,-0.785,1
1944,0.08612781200053789,0.928,0,-4.78,0.309,0,-0.807,0.226,0.0,-0.784,1
1945,0.0855102333057278,0.9413,0,-4.7901,0.294,0,-0.799,0.21,0.0,-0.783,1
1946,0.07200694410957878,0.9529,0,-4.7992,0.266,0,-0.794,0.195,0.0,-0.782,1
1947,0.06118823416311342,0.9636,0,-4.8069,0.242,0,-0.794,0.182,0.0,-0.782,1
1948,0.051244511901275845,0.9683,0,-4.8106,0.225,0,-0.796,0.176,0.0,-0.781,1
1949,0.04883646178829914,0.9675,0,-4.8101,0.225,0,-0.79,0.177,0.0,-0.781,0
1950,0.03827531841800928,0.967,0,-4.8095,0.213,0,-0.794,0.177,0.0,-0.781,0
1951,0.03352610922848042,0.9669,0,-4.8094,0.21,0,-0.792,0.178,0.0,-0.782,0
1952,0.03448187929913334,0.9669,0,-4.8094,0.211,0,-0.792,0.178,0.0,-0.782,0
1953,0.033955853692699295,0.9669,0,-4.8094,0.211,0,-0.79,0.178,0.0,-0.782,0
1954,0.034785054261852175,0.967,0,-4.8093,0.211,0,-0.793,0.178,0.0,-0.782,0
1955,0.03613862199918531,0.9669,0,-4.8091,0.213,0,-0.791,0.178,0.0,-0.782,0
1956,0.03511409973215888,0.9669,0,-4.8093,0.211,0,-0.794,0.178,0.0,-0.782,0
1957,0.0360555127546399,0.9669,0,-4.8093,0.212,0,-0.794,0.178,0.0,-0.782,0
1958,0.0354682957019364,0.9669,0,-4.8092,0.211,0,-0.795,0.178,0.0,-0.782,0
1959,0.03420526275297414,0.967,0,-4.8091,0.211,0,-0.791,0.178,0.0,-0.782,0
1960,0.03573513677041128,0.967,0,-4.8091,0.212,0,-0.793,0.178,0.0,-0.782,0
1961,0.03511409973215888,0.9669,0,-4.8091,0.211,0,-0.794,0.178,0.0,-0.782,0
1962,0.03511409973215888,0.9669,0,-4.8092,0.211,0,-0.794,0.178,0.0,-0.782,0
1963,0.034713109915419565,0.9668,0,-4.8091,0.212,0,-0.789,0.178,0.0,-0.782,0
1964,0.0360555127546399,0.9668,0,-4.8091,0.212,0,-0.794,0.178,0.0,-0.782,0
1965,0.0360555127546399,0.9668,0,-4.8092,0.212,0,-0.794,0.178,0.0,-0.782,0
1966,0.03420526275297414,0.9667,0,-4.8091,0.211,0,-0.791,0.178,0.0,-0.782,0
1967,0.03420526275297414,0.9669,0,-4.8091,0.211,0,-0.791,0.178,0.0,-0.782,0
1968,0.03448187929913334,0.9668,0,-4.8092,0.211,0,-0.792,0.178,0.0,-0.782,0
1969,0.03298484500494128,0.9668,0,-4.8091,0.21,0,-0.79,0.178,0.0,-0.782,0
1970,0.03613862199918531,0.9668,0,-4.8091,0.213,0,-0.791,0.178,0.0,-0.782,0
1971,0.03420526275297414,0.9667,0,-4.8092,0.211,0,-0.791,0.178,0.0,-0.782,0
1972,0.03613862199918531,0.9668,0,-4.8092,0.213,0,-0.791,0.178,0.0,-0.782,0
1973,0.027586228448267382,1.4467,0,-4.2532,0.112,0,-1.492,0.092,0.0,-1.511,0
1974,0.02906888370749721,1.4468,0,-4.2531,0.114,0,-1.492,0.092,0.0,-1.511,0
1975,0.02973213749463688,1.4467,0,-4.2532,0.114,0,-1.491,0.092,0.0,-1.511,0
1976,0.02973213749463688,1.4467,0,-4.2532,0.114,0,-1.491,0.092,0.0,-1.511,0
1977,0.02607680962081049,1.4467,0,-4.2531,0.114,0,-1.497,0.092,0.0,-1.511,0
1978,0.027586228448267382,1.4467,0,-4.2531,0.112,0,-1.492,0.092,0.0,-1.511,0
1979,0.02441311123146729,1.4468,0,-4.253,0.112,0,-1.497,0.092,0.0,-1.511,0
1980,0.02831960451701253,1.4466,0,-4.2532,0.113,0,-1.492,0.092,0.0,-1.511,0
1981,0.02831960451701253,1.4468,0,-4.253,0.113,0,-1.492,0.092,0.0,-1.511,0
1982,0.02831960451701253,1.4467,0,-4.2531,0.113,0,-1.492,0.092,0.0,-1.511,0
1983,0.02523885892824781,1.4467,0,-4.2531,0.113,0,-1.497,0.092,0.0,-1.511,0
1984,0.02641968962724577,1.4467,0,-4.2531,0.115,0,-1.498,0.092,0.0,-1.511,0
1985,0.02906888370749721,1.4467,0,-4.2531,0.114,0,-1.492,0.092,0.0,-1.511,0
1986,0.02906888370749721,1.4467,0,-4.2532,0.114,0,-1.492,0.092,0.0,-1.511,0
1987,0.02983286778035254,1.4467,0,-4.253,0.115,0,-1.492,0.092,0.0,-1.511,0
1988,0.02607680962081049,1.4467,0,-4.253,0.114,0,-1.497,0.092,0.0,-1.511,0
1989,0.027586228448267382,1.4467,0,-4.2531,0.112,0,-1.492,0.092,0.0,-1.511,0
1990,0.02523885892824781,1.4466,0,-4.2532,0.113,0,-1.497,0.092,0.0,-1.511,0
1991,0.02523885892824781,1.4468,0,-4.253,0.113,0,-1.497,0.092,0.0,-1.511,0
1992,0.02607680962081049,1.4467,0,-4.253,0.114,0,-1.497,0.092,0.0,-1.511,0
1993,0.02441311123146729,1.4467,0,-4.253,0.112,0,-1.497,0.092,0.0,-1.511,0
1994,0.02607680962081049,1.4467,0,-4.2531,0.114,0,-1.497,0.092,0.0,-1.511,0
1995,0.02441311123146729,1.4466,0,-4.2531,0.112,0,-1.497,0.092,0.0,-1.511,0
1996,0.0036055512754639926,1.2871,0,-4.1421,0.283,0,-1.516,0.286,0.0,-1.514,0
1997,0.01019803902718558,1.2828,0,-4.1391,0.301,0,-1.516,0.291,0.0,-1.514,0
1998,0.0029999999999998916,1.2745,0,-4.1337,0.301,0,-1.517,0.301,0.0,-1.514,0
1999,0.01403566884761822,1.2625,0,-4.1254,0.302,0,-1.513,0.316,0.0,-1.514,0
2000,0.022360679774997918,1.2468,0,-4.1149,0.313,0,-1.518,0.335,0.0,-1.514,0
2001,0.032140317359976356,1.2271,0,-4.1009,0.327,0,-1.517,0.359,0.0,-1.514,0
2002,0.017262676501632063,1.2136,0,-4.0919,0.358,0,-1.517,0.375,0.0,-1.514,0
2003,0.030066592756745843,1.2028,0,-4.0849,0.358,0,-1.516,0.388,0.0,-1.514,0
2004,0.010440306508910528,1.1951,0,-4.0801,0.387,0,-1.517,0.397,0.0,-1.514,0
2005,0.006082762530298225,1.1888,0,-4.0762,0.405,0,-1.519,0.404,0.0,-1.513,0
2006,0.004242640687119367,1.1814,0,-4.0716,0.416,0,-1.516,0.413,0.0,-1.513,0
2007,0.0009999999999998899,1.173,0,-4.0641,0.424,0,-1.515,0.424,0.0,-1.514,0
2008,0.009219544457292894,1.1648,0,-4.0602,0.424,0,-1.515,0.433,0.0,-1.513,0
2009,0.005830951894845364,1.1563,0,-4.0548,0.438,0,-1.516,0.443,0.0,-1.513,0
2010,0.0085440037453175,1.1433,0,-4.0457,0.451,0,-1.51,0.459,0.0,-1.513,0
2011,0.011999999999999955,1.1277,0,-4.0365,0.465,0,-1.512,0.477,0.0,-1.512,0
2012,0.006082762530298243,1.1153,0,-4.0277,0.486,0,-1.511,0.492,0.0,-1.512,0
2013,0.021023796041628653,1.102,0,-4.0192,0.487,0,-1.513,0.508,0.0,-1.512,0
2014,0.013152946437965917,1.0924,0,-4.0132,0.507,0,-1.509,0.52,0.0,-1.511,0
2015,0.012165525060596231,1.0867,0,-4.0094,0.528,0,-1.499,0.526,0.0,-1.511,0
2016,0.009219544457292894,1.081,0,-4.0057,0.542,0,-1.513,0.533,0.0,-1.511,0
2017,0.009219544457292894,1.0736,0,-4.0008,0.551,0,-1.513,0.542,0.0,-1.511,0
2018,0.005385164807134406,1.0643,0,-3.9942,0.551,0,-1.506,0.553,0.0,-1.511,0
2019,0.005385164807134406,1.0529,0,-3.9869,0.562,0,-1.513,0.567,0.0,-1.511,0
2020,0.011180339887498909,1.0407,0,-3.9787,0.572,0,-1.506,0.582,0.0,-1.511,0
2021,0.003162277660168347,1.0289,0,-3.9719,0.592,0,-1.511,0.595,0.0,-1.51,0
2022,0.016124515496597113,1.0178,0,-3.9653,0.592,0,-1.511,0.608,0.0,-1.509,0
2023,0.011704699910719636,1.008,0,-3.9589,0.609,0,-1.505,0.62,0.0,-1.509,0
2024,0.0022360679774998415,0.9985,0,-3.9526,0.629,0,-1.51,0.631,0.0,-1.509,0
2025,0.004123105625617665,0.9887,0,-3.9469,0.644,0,-1.504,0.643,0.0,-1.508,0
2026,0.002236067977499742,0.9789,0,-3.9404,0.656,0,-1.509,0.654,0.0,-1.508,0
2027,0.01104536101718726,0.9682,0,-3.9329,0.656,0,-1.509,0.667,0.0,-1.508,0
2028,0.014764823060233466,0.9574,0,-3.9258,0.667,0,-1.501,0.68,0.0,-1.508,0
2029,0.008062257748298461,0.9468,0,-3.9189,0.685,0,-1.507,0.693,0.0,-1.508,0
2030,0.006708203932499325,0.9362,0,-3.9122,0.7,0,-1.511,0.706,0.0,-1.508,0
2031,0.006000000000000005,0.9262,0,-3.9059,0.717,0,-1.513,0.717,0.0,-1.507,0
2032,0.01341640786499875,0.9163,0,-3.8996,0.717,0,-1.513,0.729,0.0,-1.507,0
2033,0.007615773105863872,0.9068,0,-3.8938,0.733,0,-1.509,0.74,0.0,-1.506,0
2034,0.005385164807134509,0.8969,0,-3.8872,0.747,0,-1.504,0.752,0.0,-1.506,0
2035,0.008062257748298461,0.8866,0,-3.8805,0.76,0,-1.499,0.764,0.0,-1.506,0
2036,0.006708203932499375,0.8761,0,-3.8732,0.774,0,-1.5,0.777,0.0,-1.506,0
2037,0.017088007490635077,0.8651,0,-3.8661,0.774,0,-1.5,0.79,0.0,-1.506,0
2038,0.01456021977856105,0.8545,0,-3.8594,0.789,0,-1.502,0.803,0.0,-1.506,0
2039,0.008246211251235222,0.8437,0,-3.853,0.807,0,-1.507,0.815,0.0,-1.505,0
2040,0.0028284271247461927,0.8336,0,-3.8465,0.825,0,-1.503,0.827,0.0,-1.505,0
2041,0.006082762530298225,0.8236,0,-3.8405,0.84,0,-1.498,0.839,0.0,-1.504,0
2042,0.012083045973594537,0.8134,0,-3.8347,0.84,0,-1.498,0.851,0.0,-1.503,0
2043,0.006708203932499424,0.8033,0,-3.8271,0.857,0,-1.501,0.863,0.0,-1.504,0
2044,0.01104536101718726,0.7928,0,-3.8197,0.865,0,-1.505,0.876,0.0,-1.504,0
2045,0.009848857801796113,0.7819,0,-3.8126,0.88,0,-1.5,0.889,0.0,-1.504,0
2046,0.009848857801796113,0.7782,0,-3.8106,0.902,0,-1.507,0.893,0.0,-1.503,0
2047,0.00424264068711921,0.7733,0,-3.8069,0.902,0,-1.507,0.899,0.0,-1.504,0
2048,0.012369316876852991,0.7639,0,-3.7999,0.908,0,-1.492,0.911,0.0,-1.504,0
2049,0.010440306508910528,0.7512,0,-3.7925,0.916,0,-1.5,0.926,0.0,-1.503,0
2050,0.0200249843945007,0.7344,0,-3.7809,0.926,0,-1.504,0.946,0.0,-1.503,0
2051,0.019026297590440472,0.7166,0,-3.7696,0.948,0,-1.504,0.967,0.0,-1.503,0
2052,0.03500000000000003,0.7042,0,-3.7602,0.948,0,-1.504,0.983,0.0,-1.504,0
2053,0.024166091947189168,0.6945,0,-3.7531,0.973,0,-1.514,0.995,0.0,-1.504,0
2054,0.012999999999999968,0.6871,0,-3.7481,0.992,0,-1.509,1.004,0.0,-1.504,0
2055,0.006082762530298207,0.6798,0,-3.7433,1.012,0,-1.51,1.013,0.0,-1.504,0
2056,0.009899494936611518,0.6713,0,-3.7374,1.016,0,-1.511,1.023,0.0,-1.504,0
2057,0.020248456731316464,0.6617,0,-3.7305,1.016,0,-1.511,1.035,0.0,-1.504,0
2058,0.016999999999999918,0.6532,0,-3.7253,1.03,0,-1.512,1.045,0.0,-1.504,0
2059,0.01769180601295423,0.6426,0,-3.7178,1.045,0,-1.516,1.058,0.0,-1.504,0
2060,0.02340939982143927,0.6283,0,-3.7081,1.053,0,-1.512,1.075,0.0,-1.504,0
2061,0.020615528128088423,0.6156,0,-3.7001,1.071,0,-1.512,1.09,0.0,-1.504,0
2062,0.039293765408777034,0.6018,0,-3.6871,1.071,0,-1.517,1.109,0.0,-1.507,0
2063,0.028160255680657484,0.5928,0,-3.6788,1.093,0,-1.512,1.121,0.0,-1.509,0
2064,0.014212670403551751,0.5908,0,-3.6781,1.114,0,-1.519,1.123,0.0,-1.508,0
2065,0.01280624847486557,0.5894,0,-3.6778,1.132,0,-1.518,1.124,0.0,-1.508,0
2066,0.011401754250991467,0.5834,0,-3.6745,1.134,0,-1.518,1.131,0.0,-1.507,0
2067,0.019104973174542895,0.5703,0,-3.666,1.134,0,-1.521,1.147,0.0,-1.507,0
2068,0.03577708763999667,0.5535,0,-3.655,1.135,0,-1.522,1.167,0.0,-1.506,0
2069,0.0506359556046887,0.5308,0,-3.6383,1.145,0,-1.516,1.195,0.0,-1.508,1
2070,0.04295346318982907,0.515,0,-3.6293,1.171,0,-1.515,1.213,0.0,-1.506,0
2071,0.014212670403551923,0.5019,0,-3.6206,1.218,0,-1.515,1.229,0.0,-1.506,0
2072,0.02340939982143927,0.4925,0,-3.6139,1.218,0,-1.514,1.24,0.0,-1.506,0
2073,0.016124515496597113,0.485,0,-3.6093,1.235,0,-1.514,1.249,0.0,-1.506,0
2074,0.01166190378969042,0.4777,0,-3.6027,1.249,0,-1.513,1.259,0.0,-1.507,0
2075,0.012369316876852965,0.4704,0,-3.5988,1.264,0,-1.518,1.267,0.0,-1.506,0
2076,0.01216552506059645,0.4622,0,-3.5939,1.278,0,-1.518,1.276,0.0,-1.506,0
2077,0.019104973174542742,0.4493,0,-3.5852,1.278,0,-1.519,1.292,0.0,-1.506,0
2078,0.03162277660168382,0.4314,0,-3.573,1.284,0,-1.516,1.314,0.0,-1.506,0
2079,0.03036445290137784,0.4165,0,-3.5606,1.304,0,-1.517,1.333,0.0,-1.508,0
2080,0.024698178070457023,0.4009,0,-3.5526,1.327,0,-1.515,1.35,0.0,-1.506,0
2081,0.015811388300841937,0.3896,0,-3.5444,1.351,0,-1.515,1.364,0.0,-1.506,0
2082,0.023769728648009403,0.3823,0,-3.5394,1.351,0,-1.515,1.373,0.0,-1.506,0
2083,0.009899494936611674,0.3765,0,-3.535,1.373,0,-1.514,1.38,0.0,-1.507,0
2084,0.013601470508735366,0.3686,0,-3.53,1.379,0,-1.514,1.39,0.0,-1.506,0
2085,0.010630145812734587,0.3584,0,-3.5231,1.395,0,-1.514,1.402,0.0,-1.506,0
2086,0.019313207915828023,0.346,0,-3.5137,1.4,0,-1.514,1.418,0.0,-1.507,0
2087,0.035468295701936575,0.3329,0,-3.5055,1.4,0,-1.52,1.433,0.0,-1.507,0
2088,0.02973213749463704,0.3199,0,-3.4971,1.421,0,-1.516,1.449,0.0,-1.506,0
2089,0.024166091947189168,0.3083,0,-3.49,1.44,0,-1.516,1.462,0.0,-1.506,0
2090,0.023345235059857607,0.2976,0,-3.4827,1.458,0,-1.522,1.475,0.0,-1.506,0
2091,0.03400000000000003,0.2873,0,-3.4758,1.458,0,-1.522,1.488,0.0,-1.506,0
2092,0.027459060435491834,0.2769,0,-3.4687,1.477,0,-1.521,1.5,0.0,-1.506,0
2093,0.03088689042296088,0.266,0,-3.4612,1.486,0,-1.521,1.513,0.0,-1.506,0
2094,0.02884441020371194,0.2546,0,-3.4532,1.503,0,-1.522,1.527,0.0,-1.506,0
2095,0.026248809496813325,0.2432,0,-3.4452,1.521,0,-1.523,1.541,0.0,-1.506,0
2096,0.03801315561749641,0.2314,0,-3.4377,1.521,0,-1.523,1.555,0.0,-1.506,0
2097,0.02580697580112806,0.2197,0,-3.4316,1.547,0,-1.52,1.568,0.0,-1.505,0
2098,0.029410882339705447,0.2082,0,-3.4248,1.558,0,-1.521,1.582,0.0,-1.504,0
2099,0.021400934559032695,0.1969,0,-3.4183,1.578,0,-1.516,1.595,0.0,-1.503,0
2100,0.016031219541881404,0.1854,0,-3.4113,1.592,0,-1.503,1.608,0.0,-1.502,0
2101,0.029000000000000137,0.1735,0,-3.4042,1.593,0,-1.501,1.622,0.0,-1.501,0
2102,0.023086792761230168,0.1612,0,-3.3972,1.614,0,-1.493,1.636,0.0,-1.5,0
2103,0.02325940669922604,0.1481,0,-3.3894,1.63,0,-1.509,1.651,0.0,-1.499,0
2104,0.02282542442102662,0.1347,0,-3.3819,1.647,0,-1.509,1.667,0.0,-1.498,0
2105,0.020808652046684795,0.1219,0,-3.3744,1.664,0,-1.509,1.681,0.0,-1.497,0
2106,0.034539832078341076,0.1089,0,-3.3666,1.664,0,-1.509,1.696,0.0,-1.496,0
2107,0.03101612483854174,0.0963,0,-3.3587,1.682,0,-1.507,1.711,0.0,-1.496,0
2108,0.026476404589747458,0.0836,0,-3.3502,1.701,0,-1.501,1.727,0.0,-1.496,0
2109,0.02505992817228336,0.0708,0,-3.3416,1.72,0,-1.508,1.742,0.0,-1.496,0
2110,0.022803508501982508,0.0568,0,-3.3327,1.737,0,-1.501,1.759,0.0,-1.495,0
2111,0.03863935817272311,0.0432,0,-3.3241,1.737,0,-1.502,1.775,0.0,-1.495,0
2112,0.039560080889704974,0.029,0,-3.3158,1.753,0,-1.505,1.791,0.0,-1.494,0
2113,0.04178516483155246,0.0153,0,-3.3067,1.769,0,-1.509,1.808,0.0,-1.494,0
2114,0.034058772731852836,0.0014,0,-3.2977,1.79,0,-1.495,1.824,0.0,-1.493,0
2115,0.024698178070457023,-0.0125,0,-3.2891,1.817,0,-1.502,1.84,0.0,-1.493,0
2116,0.04244997055358215,-0.0267,0,-3.2798,1.816,0,-1.503,1.857,0.0,-1.492,0
2117,0.04219004621945801,-0.0411,0,-3.2707,1.832,0,-1.496,1.874,0.0,-1.492,0
2118,0.0390512483795332,-0.055,0,-3.2618,1.852,0,-1.493,1.891,0.0,-1.491,0
2119,0.03383784863137726,-0.0693,0,-3.253,1.876,0,-1.502,1.908,0.0,-1.491,0
2120,0.030870698080866243,-0.0836,0,-3.2435,1.897,0,-1.503,1.925,0.0,-1.49,0
2121,0.04657252408877995,-0.0977,0,-3.2335,1.897,0,-1.503,1.942,0.0,-1.491,0
2122,0.04491102314577126,-0.1122,0,-3.2238,1.916,0,-1.5,1.96,0.0,-1.491,0
2123,0.038327535793473526,-0.1263,0,-3.2149,1.939,0,-1.5,1.976,0.0,-1.49,0
2124,0.04118252056394793,-0.141,0,-3.2062,1.957,0,-1.509,1.993,0.0,-1.489,0
2125,0.03443835071544481,-0.1549,0,-3.1973,1.979,0,-1.504,2.01,0.0,-1.489,0
2126,0.05028916384272064,-0.1688,0,-3.188,1.979,0,-1.504,2.027,0.0,-1.489,1
2127,0.04681879964287847,-0.183,0,-3.1786,2.0,0,-1.505,2.044,0.0,-1.489,0
2128,0.04237924020083422,-0.1972,0,-3.1694,2.021,0,-1.502,2.061,0.0,-1.488,0
2129,0.03939543120718436,-0.2122,0,-3.1602,2.042,0,-1.503,2.078,0.0,-1.487,0
2130,0.03841874542459716,-0.2271,0,-3.151,2.066,0,-1.511,2.096,0.0,-1.487,0
2131,0.052773099207835086,-0.2415,0,-3.1409,2.066,0,-1.511,2.113,0.0,-1.487,1
2132,0.046486557196677845,-0.2556,0,-3.1315,2.086,0,-1.502,2.13,0.0,-1.487,0
2133,0.04123105625617676,-0.2699,0,-3.1215,2.11,0,-1.503,2.148,0.0,-1.487,0
2134,0.043011626335213195,-0.2844,0,-3.1115,2.13,0,-1.512,2.165,0.0,-1.487,0
2135,0.03605551275463961,-0.2991,0,-3.1019,2.153,0,-1.507,2.183,0.0,-1.487,0
2136,0.0510783711564886,-0.3136,0,-3.0926,2.153,0,-1.507,2.2,0.0,-1.487,1
2137,0.0507740090991445,-0.3278,0,-3.0833,2.174,0,-1.513,2.217,0.0,-1.486,1
2138,0.04382921400162239,-0.3415,0,-3.074,2.194,0,-1.506,2.233,0.0,-1.486,0
2139,0.05099019513592758,-0.3549,0,-3.0641,2.216,0,-1.525,2.25,0.0,-1.487,1
2140,0.058668560575490414,-0.3691,0,-3.0545,2.238,0,-1.538,2.267,0.0,-1.487,1
2141,0.06935416353759886,-0.3836,0,-3.0449,2.238,0,-1.538,2.285,0.0,-1.487,1
2142,0.06824954212300625,-0.3979,0,-3.0351,2.259,0,-1.54,2.302,0.0,-1.487,1
2143,0.06248199740725312,-0.412,0,-3.0255,2.279,0,-1.535,2.319,0.0,-1.487,1
2144,0.05940538696111626,-0.426,0,-3.0162,2.301,0,-1.535,2.336,0.0,-1.487,1
2145,0.05742821606144482,-0.4403,0,-3.0058,2.321,0,-1.535,2.354,0.0,-1.488,1
2146,0.06794115100585187,-0.4543,0,-2.995,2.321,0,-1.535,2.371,0.0,-1.489,1
2147,0.06506919393998967,-0.4689,0,-2.9847,2.344,0,-1.536,2.389,0.0,-1.489,1
2148,0.06800735254367718,-0.4839,0,-2.9749,2.367,0,-1.544,2.407,0.0,-1.489,1
2149,0.06741661516273266,-0.4985,0,-2.9649,2.389,0,-1.546,2.425,0.0,-1.489,1
2150,0.06488451279003335,-0.5131,0,-2.9547,2.411,0,-1.546,2.442,0.0,-1.489,1
2151,0.06929646455628156,-0.5271,0,-2.9443,2.411,0,-1.539,2.46,0.0,-1.49,1
2152,0.06794115100585232,-0.5418,0,-2.9341,2.432,0,-1.54,2.478,0.0,-1.49,1
2153,0.06670832032063172,-0.5567,0,-2.924,2.453,0,-1.541,2.496,0.0,-1.49,1
2154,0.06580273550544817,-0.5717,0,-2.9134,2.475,0,-1.544,2.514,0.0,-1.491,1
2155,0.06191122676865639,-0.5863,0,-2.9032,2.5,0,-1.544,2.532,0.0,-1.491,1
2156,0.07286288492778731,-0.6008,0,-2.8928,2.5,0,-1.544,2.55,0.0,-1.491,1
2157,0.0695269731830747,-0.6152,0,-2.882,2.523,0,-1.545,2.568,0.0,-1.492,1
2158,0.07161005515987239,-0.6298,0,-2.871,2.544,0,-1.551,2.586,0.0,-1.493,1
2159,0.07102112361825881,-0.645,0,-2.8605,2.566,0,-1.553,2.604,0.0,-1.493,1
2160,0.08275868534480248,-0.6602,0,-2.8501,2.566,0,-1.553,2.623,0.0,-1.493,1
2161,0.07638062581571316,-0.6746,0,-2.8395,2.588,0,-1.549,2.641,0.0,-1.494,1
2162,0.07184010022264706,-0.6885,0,-2.8293,2.613,0,-1.551,2.658,0.0,-1.495,1
2163,0.07240165743959161,-0.7024,0,-2.8195,2.636,0,-1.556,2.675,0.0,-1.495,1
2164,0.06946221994724915,-0.7168,0,-2.8091,2.658,0,-1.556,2.693,0.0,-1.496,1
2165,0.08005623023850174,-0.7317,0,-2.7987,2.658,0,-1.556,2.711,0.0,-1.496,1
2166,0.07366138744281178,-0.7459,0,-2.7885,2.679,0,-1.552,2.728,0.0,-1.497,1
2167,0.07720103626247489,-0.7601,0,-2.7782,2.7,0,-1.559,2.746,0.0,-1.497,1
2168,0.06963476143421446,-0.7742,0,-2.7676,2.724,0,-1.555,2.764,0.0,-1.498,1
2169,0.07155417527999314,-0.7881,0,-2.7571,2.749,0,-1.563,2.781,0.0,-1.499,1
2170,0.08043009387039142,-0.8025,0,-2.7464,2.749,0,-1.563,2.799,0.0,-1.5,1
2171,0.07451845409024531,-0.817,0,-2.7357,2.769,0,-1.557,2.817,0.0,-1.5,1
2172,0.07793587107359508,-0.8317,0,-2.7254,2.792,0,-1.566,2.835,0.0,-1.501,1
2173,0.07632168761236871,-0.8457,0,-2.7147,2.812,0,-1.567,2.852,0.0,-1.502,1
2174,0.0722011080247388,-0.8598,0,-2.704,2.833,0,-1.565,2.87,0.0,-1.503,1
2175,0.08221921916437779,-0.8741,0,-2.6936,2.834,0,-1.565,2.888,0.0,-1.503,1
2176,0.08360023923410731,-0.8885,0,-2.6835,2.855,0,-1.571,2.905,0.0,-1.504,1
2177,0.08044874144447527,-0.903,0,-2.6726,2.877,0,-1.571,2.923,0.0,-1.505,1
2178,0.07803204469959778,-0.9173,0,-2.6619,2.901,0,-1.572,2.941,0.0,-1.505,1
2179,0.07206941098690903,-0.9317,0,-2.6514,2.924,0,-1.569,2.959,0.0,-1.506,1
2180,0.08091971329657571,-0.9453,0,-2.6406,2.924,0,-1.569,2.976,0.0,-1.507,1
2181,0.0790253124005214,-0.9597,0,-2.6296,2.946,0,-1.57,2.995,0.0,-1.508,1
2182,0.08405355435673156,-0.9741,0,-2.6187,2.965,0,-1.578,3.013,0.0,-1.509,1
2183,0.07571657678474387,-0.9887,0,-2.6081,2.989,0,-1.573,3.031,0.0,-1.51,1
2184,0.07871467461661777,-1.0036,0,-2.5976,3.013,0,-1.58,3.049,0.0,-1.51,1
2185,0.08840814442120132,-1.0178,0,-2.5876,3.012,0,-1.581,3.066,0.0,-1.511,1
2186,0.08300602387778863,-1.0319,0,-2.5774,3.035,0,-1.578,3.084,0.0,-1.511,1
2187,0.08472307831990077,-1.0466,0,-2.5675,3.058,0,-1.584,3.101,0.0,-1.511,1
2188,0.07600657866263948,-1.0623,0,-2.5579,3.079,0,-1.574,3.12,0.0,-1.51,1
2189,0.06797793759742941,-1.0717,0,-2.5498,3.102,0,-1.573,3.132,0.0,-1.512,1
2190,0.07349829930005193,-1.0815,0,-2.5442,3.102,0,-1.572,3.143,0.0,-1.511,1
2191,0.07294518489934744,-1.0955,0,-2.5367,3.124,0,-1.573,3.159,0.0,-1.509,1
2192,0.07440430095095316,-1.1125,0,-2.5258,3.135,0,-1.569,3.179,0.0,-1.509,1
2193,0.07463243262818138,-1.1311,0,-2.5152,3.158,0,-1.568,3.201,0.0,-1.507,1
2194,0.06881860213634107,-1.154,0,-2.5023,3.187,0,-1.561,3.227,0.0,-1.505,1
2195,0.08421995013059586,-1.1736,0,-2.4917,3.187,0,-1.56,3.249,0.0,-1.503,1
2196,0.07144928271158514,-1.1869,0,-2.4802,3.214,0,-1.554,3.266,0.0,-1.505,1
2197,0.05630275304103701,-1.195,0,-2.4732,3.246,0,-1.553,3.277,0.0,-1.506,1
2198,0.06293647591023835,-1.198,0,-2.4688,3.263,0,-1.568,3.282,0.0,-1.508,1
2199,0.06113100686231186,-1.2048,0,-2.4634,3.275,0,-1.568,3.291,0.0,-1.509,1
2200,0.06673080248281171,-1.2209,0,-2.4549,3.276,0,-1.565,3.309,0.0,-1.507,1
2201,0.07780102827083984,-1.2434,0,-2.4442,3.286,0,-1.565,3.333,0.0,-1.503,1
2202,0.08660831368869847,-1.2678,0,-2.437,3.307,0,-1.565,3.358,0.0,-1.495,1
2203,0.08386894538504694,-1.2933,0,-2.4221,3.334,0,-1.559,3.387,0.0,-1.494,1
2204,0.06603029607687665,-1.3091,0,-2.4152,3.366,0,-1.544,3.404,0.0,-1.49,1
2205,0.08438601779915911,-1.3246,0,-2.4107,3.364,0,-1.549,3.419,0.0,-1.485,1
2206,0.07694153624668525,-1.3347,0,-2.4073,3.394,0,-1.551,3.43,0.0,-1.483,1
2207,0.08602325267042603,-1.3708,0,-2.3853,3.422,0,-1.551,3.472,0.0,-1.481,1
2208,0.08139410298049822,-1.4079,0,-2.3504,3.467,0,-1.549,3.522,0.0,-1.489,1
2209,0.0748131004570722,-1.4167,0,-2.3387,3.49,0,-1.552,3.536,0.0,-1.493,1
2210,0.07209022125087426,-1.4262,0,-2.3386,3.515,0,-1.554,3.544,0.0,-1.488,1
2211,0.0815965685553014,-1.4393,0,-2.3298,3.533,0,-1.565,3.56,0.0,-1.488,1
2212,0.0881929702413974,-1.4546,0,-2.3208,3.534,0,-1.564,3.577,0.0,-1.487,1
2213,0.0858020978764506,-1.4743,0,-2.3122,3.548,0,-1.552,3.599,0.0,-1.483,1
2214,0.08626702730475873,-1.4899,0,-2.3006,3.569,0,-1.555,3.618,0.0,-1.484,1
2215,0.08015609770940697,-1.5096,0,-2.2861,3.59,0,-1.546,3.642,0.0,-1.485,1
2216,0.07262231062146114,-1.5247,0,-2.2739,3.617,0,-1.544,3.662,0.0,-1.487,1
2217,0.07990619500389175,-1.5347,0,-2.2645,3.618,0,-1.545,3.675,0.0,-1.489,1
2218,0.07242237223399974,-1.5456,0,-2.2559,3.647,0,-1.549,3.689,0.0,-1.49,1
2219,0.07324616030891966,-1.561,0,-2.2468,3.668,0,-1.551,3.707,0.0,-1.489,1
2220,0.10324727599312265,-1.5851,0,-2.2431,3.675,0,-1.566,3.729,0.0,-1.478,1
2221,0.1066208234820947,-1.6025,0,-2.2426,3.702,0,-1.567,3.744,0.0,-1.469,1
2222,0.09924716620639598,-1.6175,0,-2.2257,3.701,0,-1.55,3.766,0.0,-1.475,1
2223,0.08993886812718958,-1.6302,0,-2.213,3.723,0,-1.545,3.783,0.0,-1.478,1
2224,0.0824196578493262,-1.6407,0,-2.2046,3.749,0,-1.546,3.797,0.0,-1.479,1
2225,0.07316419889536128,-1.6397,0,-2.2054,3.768,0,-1.547,3.795,0.0,-1.479,1
2226,0.07021395872616777,-1.6363,0,-2.2078,3.778,0,-1.548,3.791,0.0,-1.479,1
2227,0.06859300255856988,-1.6332,0,-2.2099,3.779,0,-1.547,3.788,0.0,-1.479,1
2228,0.07256031973468677,-1.6317,0,-2.2108,3.777,0,-1.551,3.786,0.0,-1.479,1
2229,0.0680661443009665,-1.6318,0,-2.2109,3.774,0,-1.546,3.786,0.0,-1.479,1
2230,0.06791170738539842,-1.632,0,-2.211,3.77,0,-1.545,3.786,0.0,-1.479,1
2231,0.0680661443009665,-1.6319,0,-2.211,3.774,0,-1.546,3.786,0.0,-1.479,1
2232,0.06905070600652811,-1.6318,0,-2.2109,3.774,0,-1.547,3.786,0.0,-1.479,1
2233,0.07009279563550005,-1.6318,0,-2.211,3.769,0,-1.547,3.786,0.0,-1.479,1
2234,0.07397972695272655,-1.6319,0,-2.211,3.769,0,-1.551,3.786,0.0,-1.479,1
2235,0.07283543093852043,-1.632,0,-2.2109,3.775,0,-1.551,3.786,0.0,-1.479,1
2236,0.06691038783328028,-1.6315,0,-2.2112,3.774,0,-1.545,3.785,0.0,-1.479,1
2237,0.06935416353759877,-1.6282,0,-2.2134,3.774,0,-1.548,3.781,0.0,-1.479,1
2238,0.06900724599634443,-1.6207,0,-2.2184,3.773,0,-1.548,3.772,0.0,-1.479,1
2239,0.07481310045707244,-1.6158,0,-2.2273,3.774,0,-1.548,3.763,0.0,-1.474,1
2240,0.07505997601918077,-1.6121,0,-2.2326,3.76,0,-1.547,3.757,0.0,-1.472,1
2241,0.07002856560004622,-1.6059,0,-2.2376,3.747,0,-1.541,3.749,0.0,-1.471,1
2242,0.07406078584514217,-1.5962,0,-2.2433,3.741,0,-1.546,3.738,0.0,-1.472,1
2243,0.07119691004531008,-1.5859,0,-2.2468,3.741,0,-1.545,3.728,0.0,-1.475,1
2244,0.05966573556070519,-1.5763,0,-2.2469,3.734,0,-1.538,3.72,0.0,-1.48,1
2245,0.049477267507411965,-1.5629,0,-2.2491,3.719,0,-1.534,3.707,0.0,-1.486,0
2246,0.06228964600958978,-1.5522,0,-2.2536,3.702,0,-1.55,3.696,0.0,-1.488,1
2247,0.07600657866263931,-1.5471,0,-2.2583,3.688,0,-1.563,3.689,0.0,-1.487,1
2248,0.0763216876123686,-1.541,0,-2.2629,3.688,0,-1.563,3.681,0.0,-1.487,1
2249,0.06987131027825359,-1.5328,0,-2.2679,3.683,0,-1.556,3.672,0.0,-1.487,1
2250,0.07877182237323194,-1.5248,0,-2.2772,3.671,0,-1.562,3.66,0.0,-1.484,1
2251,0.08256512580987202,-1.5144,0,-2.2861,3.662,0,-1.563,3.646,0.0,-1.482,1
2252,0.07256031973468699,-1.5054,0,-2.2921,3.645,0,-1.554,3.636,0.0,-1.482,1
2253,0.07278049189171501,-1.5001,0,-2.2962,3.645,0,-1.553,3.629,0.0,-1.482,1
2254,0.07002856560004622,-1.4988,0,-2.2978,3.629,0,-1.551,3.627,0.0,-1.481,1
2255,0.06549045732013166,-1.4988,0,-2.298,3.619,0,-1.546,3.627,0.0,-1.481,1
2256,0.0647765389628064,-1.4985,0,-2.2986,3.616,0,-1.545,3.626,0.0,-1.481,1
2257,0.06899999999999995,-1.496,0,-2.3008,3.623,0,-1.549,3.623,0.0,-1.48,1
2258,0.07125307010929421,-1.4922,0,-2.306,3.623,0,-1.549,3.617,0.0,-1.478,1
2259,0.07283543093852043,-1.4824,0,-2.3143,3.615,0,-1.549,3.604,0.0,-1.477,1
2260,0.07334848328356885,-1.4615,0,-2.3233,3.614,0,-1.547,3.582,0.0,-1.481,1
2261,0.07134423592694779,-1.4435,0,-2.3305,3.6,0,-1.546,3.563,0.0,-1.485,1
2262,0.06488451279003334,-1.4291,0,-2.3396,3.573,0,-1.545,3.546,0.0,-1.486,1
2263,0.0693397432934388,-1.4197,0,-2.3458,3.573,0,-1.544,3.535,0.0,-1.486,1
2264,0.06648308055437856,-1.4141,0,-2.3478,3.547,0,-1.551,3.529,0.0,-1.487,1
2265,0.06637017402418031,-1.4099,0,-2.3508,3.531,0,-1.553,3.524,0.0,-1.487,1
2266,0.06800735254367728,-1.4092,0,-2.3548,3.522,0,-1.552,3.521,0.0,-1.484,1
2267,0.06911584478250984,-1.4074,0,-2.3588,3.521,0,-1.551,3.517,0.0,-1.482,1
2268,0.07144928271158496,-1.4048,0,-2.3615,3.521,0,-1.552,3.513,0.0,-1.481,1
2269,0.0704556598152342,-1.4006,0,-2.3653,3.516,0,-1.55,3.508,0.0,-1.48,1
2270,0.06726812023536859,-1.3926,0,-2.371,3.511,0,-1.546,3.498,0.0,-1.48,1
2271,0.06209669878504015,-1.3816,0,-2.3786,3.501,0,-1.54,3.485,0.0,-1.48,1
2272,0.06580273550544827,-1.3689,0,-2.3866,3.489,0,-1.544,3.47,0.0,-1.481,1
2273,0.07134423592694801,-1.3545,0,-2.3949,3.49,0,-1.543,3.453,0.0,-1.482,1
2274,0.07186793443532388,-1.3402,0,-2.4032,3.475,0,-1.544,3.437,0.0,-1.483,1
2275,0.06760177512462219,-1.3238,0,-2.4076,3.453,0,-1.547,3.42,0.0,-1.488,1
2276,0.05661271941887245,-1.3078,0,-2.4127,3.437,0,-1.539,3.404,0.0,-1.493,1
2277,0.058309518948452974,-1.2962,0,-2.4194,3.413,0,-1.548,3.391,0.0,-1.494,1
2278,0.05964059020499387,-1.2876,0,-2.4258,3.414,0,-1.543,3.38,0.0,-1.494,1
2279,0.0590931468107763,-1.282,0,-2.4305,3.397,0,-1.547,3.373,0.0,-1.493,1
2280,0.05604462507680818,-1.279,0,-2.4333,3.384,0,-1.546,3.369,0.0,-1.492,1
2281,0.0563205113613147,-1.2798,0,-2.4342,3.375,0,-1.547,3.369,0.0,-1.491,1
2282,0.05503635162326798,-1.2803,0,-2.4343,3.371,0,-1.546,3.369,0.0,-1.491,1
2283,0.05408326913195967,-1.2793,0,-2.4351,3.371,0,-1.545,3.368,0.0,-1.491,1
2284,0.05824946351684274,-1.2729,0,-2.4398,3.372,0,-1.547,3.36,0.0,-1.49,1
2285,0.06449806198638827,-1.2541,0,-2.4496,3.371,0,-1.549,3.339,0.0,-1.493,1
2286,0.07283543093852024,-1.2266,0,-2.4628,3.36,0,-1.549,3.309,0.0,-1.497,1
2287,0.07324616030891977,-1.1893,0,-2.4726,3.335,0,-1.549,3.273,0.0,-1.51,1
2288,0.10331505214633543,-1.1627,0,-2.4895,3.334,0,-1.556,3.241,0.0,-1.511,1
2289,0.08102468759581842,-1.1486,0,-2.4995,3.29,0,-1.557,3.224,0.0,-1.51,1
2290,0.06107372593840964,-1.138,0,-2.5053,3.251,0,-1.559,3.212,0.0,-1.512,1
2291,0.055946402922797456,-1.1326,0,-2.509,3.228,0,-1.563,3.205,0.0,-1.512,1
2292,0.05408326913195971,-1.125,0,-2.5132,3.215,0,-1.563,3.197,0.0,-1.512,1
2293,0.057982756057296865,-1.1136,0,-2.5197,3.215,0,-1.562,3.184,0.0,-1.513,1
2294,0.058728187440104225,-1.1001,0,-2.5273,3.208,0,-1.558,3.168,0.0,-1.515,1
2295,0.059396969619669886,-1.0858,0,-2.5351,3.194,0,-1.558,3.152,0.0,-1.516,1
2296,0.05445181356024774,-1.0718,0,-2.5422,3.174,0,-1.557,3.136,0.0,-1.518,1
2297,0.04601086828130918,-1.0617,0,-2.5488,3.155,0,-1.552,3.124,0.0,-1.518,0
2298,0.0608276253029821,-1.0499,0,-2.554,3.154,0,-1.565,3.112,0.0,-1.521,1
2299,0.05685068161420735,-1.0392,0,-2.5599,3.135,0,-1.566,3.099,0.0,-1.522,1
2300,0.0578013840664737,-1.0291,0,-2.5654,3.117,0,-1.573,3.088,0.0,-1.523,1
2301,0.050774009099144424,-1.0186,0,-2.571,3.103,0,-1.567,3.076,0.0,-1.524,1
2302,0.04854894437575326,-1.0069,0,-2.5768,3.089,0,-1.567,3.063,0.0,-1.526,0
2303,0.06171709649683786,-0.9934,0,-2.5832,3.088,0,-1.575,3.048,0.0,-1.528,1
2304,0.06248199740725329,-0.9801,0,-2.5897,3.074,0,-1.578,3.034,0.0,-1.53,1
2305,0.06122091146005578,-0.9675,0,-2.5968,3.057,0,-1.579,3.019,0.0,-1.531,1
2306,0.05768882040742388,-0.9548,0,-2.6036,3.037,0,-1.581,3.005,0.0,-1.533,1
2307,0.05556977595779904,-0.942,0,-2.6106,3.018,0,-1.582,2.99,0.0,-1.534,1
2308,0.0623698645180506,-0.9291,0,-2.6176,3.017,0,-1.583,2.976,0.0,-1.536,1
2309,0.061717096496838035,-0.9157,0,-2.6245,3.001,0,-1.584,2.961,0.0,-1.537,1
2310,0.056400354608814304,-0.9026,0,-2.6313,2.98,0,-1.584,2.946,0.0,-1.539,1
2311,0.0664830805543787,-0.8896,0,-2.6382,2.98,0,-1.587,2.932,0.0,-1.541,1
2312,0.05630275304103701,-0.8761,0,-2.6453,2.947,0,-1.589,2.916,0.0,-1.542,1
2313,0.06511528238439888,-0.863,0,-2.6524,2.946,0,-1.592,2.902,0.0,-1.544,1
2314,0.06742403132415033,-0.8551,0,-2.6627,2.928,0,-1.595,2.889,0.0,-1.54,1
2315,0.0646219776856141,-0.8477,0,-2.6683,2.904,0,-1.599,2.88,0.0,-1.539,1
2316,0.06276941930590092,-0.8346,0,-2.6747,2.89,0,-1.599,2.866,0.0,-1.541,1
2317,0.05953990258641678,-0.8123,0,-2.6765,2.875,0,-1.604,2.846,0.0,-1.552,1
2318,0.07009279563550037,-0.7971,0,-2.6866,2.875,0,-1.604,2.828,0.0,-1.552,1
2319,0.06646803743153537,-0.781,0,-2.6967,2.856,0,-1.6,2.809,0.0,-1.553,1
2320,0.06906518659932824,-0.7688,0,-2.7054,2.833,0,-1.61,2.794,0.0,-1.553,1
2321,0.06440496875241854,-0.7581,0,-2.7126,2.809,0,-1.611,2.781,0.0,-1.553,1
2322,0.06146543744251727,-0.7483,0,-2.7189,2.792,0,-1.61,2.769,0.0,-1.553,1
2323,0.060802960454241,-0.7392,0,-2.7262,2.794,0,-1.601,2.758,0.0,-1.552,1
2324,0.06003332407921448,-0.7343,0,-2.7327,2.78,0,-1.601,2.75,0.0,-1.549,1
2325,0.06109828148156054,-0.7289,0,-2.7378,2.765,0,-1.605,2.743,0.0,-1.548,1
2326,0.06132699242584787,-0.7184,0,-2.7439,2.756,0,-1.605,2.731,0.0,-1.549,1
2327,0.05936328831862337,-0.6998,0,-2.7477,2.745,0,-1.606,2.713,0.0,-1.556,1
2328,0.07300000000000015,-0.6818,0,-2.7604,2.746,0,-1.604,2.691,0.0,-1.556,1
2329,0.0707672240518166,-0.6671,0,-2.769,2.726,0,-1.605,2.674,0.0,-1.557,1
2330,0.06594694837519031,-0.6531,0,-2.7772,2.701,0,-1.608,2.658,0.0,-1.558,1
2331,0.05440588203494182,-0.6414,0,-2.7842,2.676,0,-1.603,2.644,0.0,-1.559,1
2332,0.050774009099144375,-0.6309,0,-2.7905,2.659,0,-1.602,2.632,0.0,-1.559,1
2333,0.06420280367709785,-0.6205,0,-2.7967,2.659,0,-1.611,2.62,0.0,-1.56,1
2334,0.05800862004909271,-0.6097,0,-2.8032,2.641,0,-1.608,2.607,0.0,-1.561,1
2335,0.05883026432033102,-0.5981,0,-2.8105,2.625,0,-1.611,2.594,0.0,-1.561,1
2336,0.05630275304103701,-0.5849,0,-2.8181,2.609,0,-1.609,2.578,0.0,-1.562,1
2337,0.06435060217278465,-0.5713,0,-2.826,2.609,0,-1.608,2.563,0.0,-1.563,1
2338,0.05946427498927408,-0.5574,0,-2.8338,2.591,0,-1.605,2.547,0.0,-1.565,1
2339,0.05872818744010406,-0.5439,0,-2.8412,2.572,0,-1.609,2.532,0.0,-1.566,1
2340,0.05481788029466326,-0.5314,0,-2.8488,2.551,0,-1.61,2.517,0.0,-1.567,1
2341,0.053254107822777313,-0.5196,0,-2.8555,2.533,0,-1.612,2.503,0.0,-1.568,1
2342,0.06081118318204298,-0.5083,0,-2.8621,2.533,0,-1.612,2.49,0.0,-1.569,1
2343,0.05608029957123977,-0.4967,0,-2.8688,2.513,0,-1.613,2.477,0.0,-1.57,1
2344,0.05456189146281509,-0.4844,0,-2.8754,2.499,0,-1.612,2.463,0.0,-1.571,1
2345,0.04883646178829938,-0.4718,0,-2.8826,2.482,0,-1.608,2.449,0.0,-1.572,0
2346,0.043185645763378334,-0.4587,0,-2.8894,2.463,0,-1.606,2.434,0.0,-1.574,0
2347,0.05500000000000012,-0.4458,0,-2.8962,2.463,0,-1.608,2.419,0.0,-1.575,1
2348,0.05315072906367322,-0.434,0,-2.9036,2.446,0,-1.611,2.406,0.0,-1.576,1
2349,0.05663920903402538,-0.4224,0,-2.9105,2.43,0,-1.619,2.392,0.0,-1.577,1
2350,0.04669047011971505,-0.4114,0,-2.9178,2.411,0,-1.611,2.379,0.0,-1.577,0
2351,0.03538361202590813,-0.4001,0,-2.9243,2.392,0,-1.602,2.366,0.0,-1.578,0
2352,0.04477722635447597,-0.3887,0,-2.9309,2.392,0,-1.601,2.353,0.0,-1.579,0
2353,0.037643060449437424,-0.3772,0,-2.9371,2.376,0,-1.591,2.34,0.0,-1.58,0
2354,0.03667424164178443,-0.3659,0,-2.9439,2.36,0,-1.597,2.327,0.0,-1.581,0
2355,0.0367695526217003,-0.3545,0,-2.9504,2.347,0,-1.596,2.313,0.0,-1.582,0
2356,0.031304951684997084,-0.3437,0,-2.9568,2.329,0,-1.596,2.301,0.0,-1.582,0
2357,0.04308131845707607,-0.3325,0,-2.9633,2.328,0,-1.599,2.288,0.0,-1.583,0
2358,0.04016217125604662,-0.3211,0,-2.9701,2.313,0,-1.597,2.275,0.0,-1.584,0
2359,0.03605551275463972,-0.3095,0,-2.9768,2.295,0,-1.597,2.261,0.0,-1.585,0
2360,0.03544009029333852,-0.2975,0,-2.9836,2.282,0,-1.596,2.248,0.0,-1.586,0
2361,0.03104834939251986,-0.2852,0,-2.9904,2.264,0,-1.595,2.234,0.0,-1.587,0
2362,0.045880278987817436,-0.2736,0,-2.997,2.264,0,-1.601,2.22,0.0,-1.588,0
2363,0.03860051813123746,-0.2624,0,-3.0031,2.245,0,-1.601,2.208,0.0,-1.59,0
2364,0.03551056180912969,-0.2515,0,-3.009,2.225,0,-1.61,2.195,0.0,-1.591,0
2365,0.029154759474226872,-0.2408,0,-3.0158,2.208,0,-1.606,2.183,0.0,-1.591,0
2366,0.029529646120466633,-0.2294,0,-3.0227,2.195,0,-1.606,2.169,0.0,-1.592,0
2367,0.04386342439892266,-0.2173,0,-3.0301,2.195,0,-1.61,2.155,0.0,-1.592,0
2368,0.04026164427839493,-0.2052,0,-3.0373,2.18,0,-1.603,2.141,0.0,-1.593,0
2369,0.0390512483795335,-0.1934,0,-3.0446,2.165,0,-1.603,2.127,0.0,-1.594,0
2370,0.03577708763999667,-0.182,0,-3.0507,2.146,0,-1.611,2.114,0.0,-1.595,0
2371,0.03001666203960743,-0.1711,0,-3.0571,2.128,0,-1.611,2.102,0.0,-1.596,0
2372,0.037696153649941666,-0.1597,0,-3.0619,2.125,0,-1.612,2.09,0.0,-1.598,0
2373,0.03580502757993619,-0.1487,0,-3.0677,2.106,0,-1.621,2.077,0.0,-1.6,0
2374,0.030528675044947714,-0.1383,0,-3.0749,2.091,0,-1.616,2.065,0.0,-1.6,0
2375,0.030413812651491044,-0.128,0,-3.0829,2.074,0,-1.62,2.052,0.0,-1.599,0
2376,0.029698484809835023,-0.1175,0,-3.0898,2.06,0,-1.62,2.039,0.0,-1.599,0
2377,0.02720294101747073,-0.0912,0,-3.1068,2.03,0,-1.615,2.008,0.0,-1.599,0
2378,0.03801315561749631,-0.0814,0,-3.1136,2.03,0,-1.616,1.996,0.0,-1.599,0
2379,0.032695565448543414,-0.0709,0,-3.1202,2.013,0,-1.613,1.983,0.0,-1.6,0
2380,0.029966648127543273,-0.0608,0,-3.1269,1.998,0,-1.613,1.971,0.0,-1.6,0
2381,0.027784887978899633,-0.0505,0,-3.1337,1.983,0,-1.614,1.959,0.0,-1.6,0
2382,0.026419689627245876,-0.0395,0,-3.1407,1.969,0,-1.613,1.946,0.0,-1.6,0
2383,0.037363083384538844,-0.0286,0,-3.1478,1.969,0,-1.611,1.933,0.0,-1.601,0
2384,0.03511409973215901,-0.0175,0,-3.1547,1.953,0,-1.613,1.92,0.0,-1.601,0
2385,0.031575306807693805,-0.0069,0,-3.1616,1.938,0,-1.607,1.907,0.0,-1.601,0
2386,0.026248809496813505,0.003,0,-3.1674,1.921,0,-1.61,1.896,0.0,-1.602,0
2387,0.024041630560342496,0.0135,0,-3.174,1.906,0,-1.609,1.883,0.0,-1.602,0
2388,0.035693136595149395,0.0236,0,-3.1808,1.906,0,-1.609,1.871,0.0,-1.602,0
2389,0.031144823004794802,0.0344,0,-3.1878,1.889,0,-1.606,1.858,0.0,-1.603,0
2390,0.02973213749463704,0.0461,0,-3.1947,1.873,0,-1.614,1.845,0.0,-1.604,0
2391,0.03228002478313784,0.0587,0,-3.2021,1.861,0,-1.613,1.83,0.0,-1.604,0
2392,0.031780497164141566,0.0714,0,-3.2104,1.846,0,-1.612,1.815,0.0,-1.605,0
2393,0.054147945482723586,0.3398,0,-3.3712,1.557,0,-1.618,1.503,0.0,-1.622,1
2394,0.057271284253105244,0.3538,0,-3.3785,1.543,0,-1.612,1.487,0.0,-1.624,1
2395,0.04687216658103188,0.3672,0,-3.3861,1.518,0,-1.616,1.472,0.0,-1.625,0
2396,0.04767598976424076,0.3811,0,-3.3937,1.503,0,-1.618,1.456,0.0,-1.626,0
2397,0.06395310782127786,0.3949,0,-3.4015,1.503,0,-1.617,1.44,0.0,-1.628,1
2398,0.0631981012373,0.4088,0,-3.4094,1.487,0,-1.624,1.424,0.0,-1.629,1
2399,0.05968249324550724,0.4229,0,-3.4167,1.467,0,-1.622,1.408,0.0,-1.631,1
2400,0.0533385414123785,0.437,0,-3.4242,1.445,0,-1.626,1.392,0.0,-1.632,1
2401,0.05162363799656138,0.4513,0,-3.4322,1.427,0,-1.626,1.376,0.0,-1.634,1
2402,0.06438167441127954,0.4652,0,-3.4392,1.425,0,-1.629,1.361,0.0,-1.636,1
2403,0.04501110973970753,0.4789,0,-3.4452,1.391,0,-1.639,1.346,0.0,-1.638,0
2404,0.039560080889704974,0.4925,0,-3.4511,1.369,0,-1.652,1.331,0.0,-1.641,0
2405,0.03299999999999992,0.5006,0,-3.4552,1.355,0,-1.642,1.322,0.0,-1.642,0
2406,0.026000000000000023,0.5049,0,-3.4596,1.34,0,-1.631,1.316,0.0,-1.641,0
2407,0.03573513677041128,0.5145,0,-3.4646,1.34,0,-1.631,1.306,0.0,-1.642,0
2408,0.03847076812334272,0.5286,0,-3.473,1.327,0,-1.637,1.289,0.0,-1.643,0
2409,0.05632051136131494,0.5493,0,-3.486,1.321,0,-1.638,1.265,0.0,-1.644,1
2410,0.059539902586416726,0.571,0,-3.5014,1.297,0,-1.635,1.238,0.0,-1.643,1
2411,0.05234500931320943,0.5851,0,-3.5104,1.273,0,-1.638,1.221,0.0,-1.644,1
2412,0.06637017402418031,0.5971,0,-3.5177,1.273,0,-1.638,1.207,0.0,-1.645,1
2413,0.046872166581031924,0.6065,0,-3.5234,1.242,0,-1.636,1.196,0.0,-1.645,0
2414,0.03640054944640273,0.6156,0,-3.5288,1.221,0,-1.636,1.186,0.0,-1.646,0
2415,0.035693136595149395,0.6251,0,-3.535,1.21,0,-1.639,1.175,0.0,-1.646,0
2416,0.03832753579347362,0.6354,0,-3.5418,1.2,0,-1.641,1.162,0.0,-1.646,0
2417,0.055226805085936234,0.6499,0,-3.5513,1.2,0,-1.641,1.145,0.0,-1.646,1
2418,0.048373546489791336,0.6652,0,-3.5617,1.174,0,-1.64,1.126,0.0,-1.646,0
2419,0.05336665625650516,0.6806,0,-3.5712,1.16,0,-1.635,1.108,0.0,-1.647,1
2420,0.044147480109288165,0.6953,0,-3.5805,1.134,0,-1.638,1.091,0.0,-1.648,0
2421,0.033526109228480455,0.6992,0,-3.5818,1.119,0,-1.639,1.087,0.0,-1.649,0
2422,0.033734255586866164,0.7008,0,-3.5828,1.118,0,-1.642,1.085,0.0,-1.649,0
2423,0.0200249843945008,0.7067,0,-3.5866,1.098,0,-1.65,1.078,0.0,-1.649,0
2424,0.03299999999999992,0.7204,0,-3.5956,1.095,0,-1.649,1.062,0.0,-1.649,0
2425,0.05333854141237829,0.7395,0,-3.6093,1.091,0,-1.642,1.038,0.0,-1.648,1
2426,0.0631981012373,0.7644,0,-3.6244,1.072,0,-1.645,1.009,0.0,-1.65,1
2427,0.08321658488546627,0.7814,0,-3.6342,1.072,0,-1.645,0.989,0.0,-1.651,1
2428,0.0652533524043019,0.7939,0,-3.6424,1.038,0,-1.634,0.975,0.0,-1.651,1
2429,0.04837354648979123,0.8033,0,-3.6482,1.011,0,-1.646,0.963,0.0,-1.652,0
2430,0.0403112887414928,0.8115,0,-3.6528,0.994,0,-1.648,0.954,0.0,-1.653,0
2431,0.030413812651491144,0.8172,0,-3.6566,0.977,0,-1.648,0.947,0.0,-1.653,0
2432,0.037336309405188985,0.8233,0,-3.6607,0.977,0,-1.648,0.94,0.0,-1.653,0
2433,0.050537115073973,0.8346,0,-3.6691,0.971,0,-1.629,0.926,0.0,-1.652,1
2434,0.05508175741568162,0.8531,0,-3.6807,0.957,0,-1.638,0.904,0.0,-1.653,1
2435,0.05239274758971899,0.87,0,-3.6895,0.936,0,-1.643,0.885,0.0,-1.655,1
2436,0.05360037313302966,0.8891,0,-3.703,0.914,0,-1.642,0.862,0.0,-1.655,1
2437,0.06736467917239723,0.9023,0,-3.7108,0.913,0,-1.648,0.846,0.0,-1.655,1
2438,0.05346026561849467,0.9114,0,-3.7169,0.888,0,-1.649,0.835,0.0,-1.656,1
2439,0.03827531841800927,0.9189,0,-3.7217,0.863,0,-1.643,0.827,0.0,-1.656,0
2440,0.03945883931389775,0.9278,0,-3.7275,0.855,0,-1.65,0.816,0.0,-1.656,0
2441,0.037483329627982544,0.9392,0,-3.7347,0.839,0,-1.65,0.802,0.0,-1.656,0
2442,0.055542776307995236,0.9528,0,-3.7432,0.84,0,-1.644,0.786,0.0,-1.657,1
2443,0.05824087911424409,0.9672,0,-3.7519,0.826,0,-1.642,0.77,0.0,-1.658,1
2444,0.05578530272392546,0.9808,0,-3.7606,0.807,0,-1.644,0.753,0.0,-1.658,1
2445,0.05360037313302966,0.9938,0,-3.7687,0.79,0,-1.646,0.738,0.0,-1.659,1
2446,0.04492215489043248,1.0057,0,-3.7767,0.767,0,-1.646,0.724,0.0,-1.659,0
2447,0.058420886675914184,1.017,0,-3.784,0.768,0,-1.652,0.71,0.0,-1.659,1
2448,0.05246903848937966,1.0286,0,-3.791,0.749,0,-1.653,0.697,0.0,-1.66,1
2449,0.051244511901275734,1.0408,0,-3.7985,0.732,0,-1.645,0.683,0.0,-1.66,1
2450,0.04687216658103182,1.0499,0,-3.8039,0.718,0,-1.652,0.672,0.0,-1.661,0
2451,0.03420526275297409,1.0528,0,-3.8055,0.702,0,-1.652,0.669,0.0,-1.661,0
2452,0.03478505426185213,1.052,0,-3.8055,0.702,0,-1.65,0.669,0.0,-1.661,0
2453,0.02332380757938113,1.0519,0,-3.8051,0.69,0,-1.649,0.67,0.0,-1.661,0
2454,0.021840329667841468,1.0519,0,-3.8052,0.691,0,-1.655,0.67,0.0,-1.661,0
2455,0.023409399821439168,1.0519,0,-3.8053,0.692,0,-1.653,0.67,0.0,-1.661,0
2456,0.023409399821439168,1.0518,0,-3.8055,0.692,0,-1.653,0.67,0.0,-1.661,0
2457,0.024999999999999946,1.052,0,-3.8054,0.693,0,-1.654,0.669,0.0,-1.661,0
2458,0.02459674775249766,1.0519,0,-3.8053,0.692,0,-1.65,0.67,0.0,-1.661,0
2459,0.0283019433961698,1.0523,0,-3.805,0.693,0,-1.646,0.669,0.0,-1.661,0
2460,0.025,1.056,0,-3.7964,0.691,0,-1.656,0.671,0.0,-1.671,0
2461,0.02195449840010013,1.0532,0,-3.7986,0.691,0,-1.656,0.672,0.0,-1.667,0
2462,0.021587033144922788,1.0524,0,-3.8041,0.691,0,-1.657,0.67,0.0,-1.662,0
2463,0.02332380757938113,1.0517,0,-3.8068,0.689,0,-1.648,0.669,0.0,-1.66,0
2464,0.024186773244895574,1.0516,0,-3.8069,0.693,0,-1.656,0.669,0.0,-1.659,0
2465,0.021587033144922788,1.0518,0,-3.8065,0.69,0,-1.655,0.669,0.0,-1.66,0
2466,0.021587033144922788,1.0519,0,-3.8065,0.69,0,-1.655,0.669,0.0,-1.66,0
2467,0.024041630560342496,1.0518,0,-3.8066,0.692,0,-1.653,0.669,0.0,-1.66,0
2468,0.0268328157299974,1.0519,0,-3.8064,0.693,0,-1.648,0.669,0.0,-1.66,0
2469,0.02370653918225927,1.0519,0,-3.8068,0.69,0,-1.649,0.669,0.0,-1.66,0
2470,0.02692582403567244,1.0518,0,-3.8069,0.694,0,-1.65,0.669,0.0,-1.66,0
2471,0.02692582403567244,1.0519,0,-3.8068,0.694,0,-1.65,0.669,0.0,-1.66,0
2472,0.02353720459187953,1.052,0,-3.8069,0.692,0,-1.655,0.669,0.0,-1.66,0
2473,0.024186773244895574,1.052,0,-3.8067,0.69,0,-1.648,0.669,0.0,-1.66,0
2474,0.022360679774997807,1.0522,0,-3.8067,0.691,0,-1.656,0.669,0.0,-1.66,0
2475,0.02906888370749714,1.0536,0,-3.8078,0.693,0,-1.647,0.667,0.0,-1.66,0
2476,0.03640054944640248,1.0602,0,-3.8116,0.693,0,-1.647,0.659,0.0,-1.66,0
2477,0.04652956049652732,1.0734,0,-3.8199,0.69,0,-1.654,0.644,0.0,-1.661,0
2478,0.06511528238439888,1.0918,0,-3.8311,0.686,0,-1.65,0.622,0.0,-1.662,1
2479,0.07057619995437563,1.1125,0,-3.8443,0.667,0,-1.654,0.597,0.0,-1.663,1
2480,0.06873136110975839,1.1323,0,-3.8561,0.642,0,-1.654,0.574,0.0,-1.664,1
2481,0.08868483523128402,1.15,0,-3.8664,0.642,0,-1.654,0.554,0.0,-1.665,1
2482,0.07569015788066501,1.1648,0,-3.8752,0.61,0,-1.646,0.537,0.0,-1.666,1
2483,0.06985699678629187,1.1719,0,-3.8857,0.593,0,-1.646,0.525,0.0,-1.662,1
2484,0.04825971404805456,1.1748,0,-3.8929,0.567,0,-1.652,0.519,0.0,-1.657,0
2485,0.04401136216933081,1.1822,0,-3.901,0.549,0,-1.671,0.508,0.0,-1.655,0
2486,0.05852349955359821,1.1943,0,-3.9101,0.549,0,-1.671,0.493,0.0,-1.654,1
2487,0.06220128616033601,1.214,0,-3.9046,0.542,0,-1.675,0.48,0.0,-1.67,1
2488,0.06606814663663572,1.2343,0,-3.9173,0.522,0,-1.673,0.456,0.0,-1.67,1
2489,0.07840918313565065,1.2601,0,-3.9357,0.502,0,-1.662,0.424,0.0,-1.67,1
2490,0.07788452991448301,1.281,0,-3.943,0.478,0,-1.654,0.403,0.0,-1.675,1
2491,0.0987167665596883,1.2964,0,-3.9528,0.48,0,-1.653,0.384,0.0,-1.676,1
2492,0.08246211251235323,1.307,0,-3.9578,0.449,0,-1.646,0.373,0.0,-1.678,1
2493,0.06844705983459037,1.3101,0,-3.9595,0.431,0,-1.649,0.369,0.0,-1.678,1
2494,0.060000000000000005,1.3098,0,-3.9587,0.418,0,-1.642,0.37,0.0,-1.678,1
2495,0.0470106370941726,1.533,0,-4.0354,0.185,0,-1.721,0.142,0.0,-1.74,0
2496,0.032449961479175934,1.5329,0,-4.0354,0.169,0,-1.722,0.142,0.0,-1.74,0
2497,0.022203603311174536,1.5324,0,-4.035,0.156,0,-1.722,0.143,0.0,-1.74,0
2498,0.024083189157584613,1.5323,0,-4.035,0.159,0,-1.722,0.143,0.0,-1.74,0
2499,0.025612496949731417,1.5324,0,-4.035,0.159,0,-1.72,0.143,0.0,-1.74,0
2500,0.025495097567963865,1.5323,0,-4.0349,0.16,0,-1.721,0.143,0.0,-1.74,0
2501,0.02545584412271573,1.5323,0,-4.0351,0.161,0,-1.722,0.143,0.0,-1.74,0
2502,0.025495097567963865,1.5323,0,-4.035,0.16,0,-1.721,0.143,0.0,-1.74,0
2503,0.025495097567963865,1.5324,0,-4.035,0.16,0,-1.721,0.143,0.0,-1.74,0
2504,0.024999999999999956,1.5324,0,-4.0351,0.163,0,-1.725,0.143,0.0,-1.74,0
2505,0.021931712199461252,1.5323,0,-4.0351,0.159,0,-1.725,0.143,0.0,-1.74,0
2506,0.024207436873820362,1.5323,0,-4.0351,0.162,0,-1.725,0.143,0.0,-1.74,0
2507,0.026172504656604745,1.5325,0,-4.0351,0.161,0,-1.721,0.143,0.0,-1.74,0
2508,0.026172504656604745,1.5324,0,-4.0353,0.161,0,-1.721,0.143,0.0,-1.74,0
2509,0.024839484696748463,1.5324,0,-4.0353,0.162,0,-1.724,0.143,0.0,-1.74,0
2510,0.026172504656604745,1.5324,0,-4.0351,0.161,0,-1.721,0.143,0.0,-1.74,0
2511,0.022671568097509212,1.5325,0,-4.0353,0.16,0,-1.725,0.143,0.0,-1.74,0
2512,0.02262741699796954,1.5324,0,-4.0353,0.159,0,-1.724,0.143,0.0,-1.74,0
2513,0.02262741699796954,1.5324,0,-4.0353,0.159,0,-1.724,0.143,0.0,-1.74,0
2514,0.02267156809750936,1.5324,0,-4.0354,0.16,0,-1.724,0.143,0.0,-1.739,0
2515,0.022671568097509212,1.5324,0,-4.0353,0.16,0,-1.725,0.143,0.0,-1.74,0
2516,0.026248809496813397,1.5325,0,-4.0354,0.16,0,-1.72,0.143,0.0,-1.74,0
2517,0.02483948469674855,1.5323,0,-4.0353,0.159,0,-1.72,0.143,0.0,-1.739,0
2518,0.02483948469674855,1.5324,0,-4.0355,0.159,0,-1.72,0.143,0.0,-1.739,0
2519,0.02280350850198278,1.5325,0,-4.0355,0.16,0,-1.725,0.142,0.0,-1.739,0
2520,0.024083189157584613,1.5325,0,-4.0355,0.158,0,-1.721,0.142,0.0,-1.739,0
2521,0.023345235059857524,1.5326,0,-4.0354,0.159,0,-1.724,0.142,0.0,-1.74,0
2522,0.024207436873820497,1.5325,0,-4.0355,0.161,0,-1.724,0.142,0.0,-1.739,0
2523,0.024207436873820497,1.5325,0,-4.0356,0.161,0,-1.724,0.142,0.0,-1.739,0
2524,0.023600847442411914,1.5326,0,-4.0356,0.161,0,-1.725,0.142,0.0,-1.739,0
2525,0.023600847442411914,1.5325,0,-4.0355,0.161,0,-1.725,0.142,0.0,-1.739,0
2526,0.02549509756796402,1.5325,0,-4.0355,0.161,0,-1.722,0.142,0.0,-1.739,0
2527,0.026172504656604822,1.5325,0,-4.0356,0.161,0,-1.721,0.142,0.0,-1.739,0
2528,0.026172504656604822,1.5325,0,-4.0357,0.161,0,-1.721,0.142,0.0,-1.739,0
2529,0.024041630560342718,1.5325,0,-4.0357,0.159,0,-1.722,0.142,0.0,-1.739,0
2530,0.02549509756796402,1.5325,0,-4.0356,0.161,0,-1.722,0.142,0.0,-1.739,0
2531,0.02545584412271573,1.5325,0,-4.0357,0.16,0,-1.721,0.142,0.0,-1.739,0
2532,0.02549509756796402,1.5326,0,-4.0357,0.161,0,-1.722,0.142,0.0,-1.739,0
2533,0.029966648127543523,1.6871,0,-3.843,0.135,0,-1.958,0.122,0.0,-1.985,0
2534,0.03310589071449373,1.687,0,-3.843,0.136,0,-1.955,0.122,0.0,-1.985,0
2535,0.03310589071449373,1.6869,0,-3.8429,0.136,0,-1.955,0.122,0.0,-1.985,0
2536,0.030886890422961125,1.687,0,-3.843,0.137,0,-1.958,0.122,0.0,-1.985,0
2537,0.028635642126552733,1.6869,0,-3.843,0.134,0,-1.959,0.122,0.0,-1.985,0
2538,0.029068883707497294,1.687,0,-3.843,0.135,0,-1.959,0.122,0.0,-1.985,0
2539,0.029068883707497294,1.687,0,-3.8429,0.135,0,-1.96,0.122,0.0,-1.986,0
2540,0.028653097563788928,1.687,0,-3.8431,0.136,0,-1.96,0.122,0.0,-1.985,0
2541,0.032202484376209366,1.687,0,-3.843,0.136,0,-1.956,0.122,0.0,-1.985,0
2542,0.03310589071449373,1.687,0,-3.8431,0.136,0,-1.955,0.122,0.0,-1.985,0
2543,0.028635642126552733,1.687,0,-3.843,0.134,0,-1.959,0.122,0.0,-1.985,0
2544,0.03231098884280705,1.687,0,-3.843,0.134,0,-1.955,0.122,0.0,-1.985,0
2545,0.032695565448543656,1.6871,0,-3.8431,0.135,0,-1.955,0.122,0.0,-1.985,0
2546,0.03178049716414154,1.6869,0,-3.8431,0.135,0,-1.956,0.122,0.0,-1.985,0
2547,0.029529646120466827,1.687,0,-3.843,0.136,0,-1.959,0.122,0.0,-1.985,0
2548,0.028635642126552733,1.687,0,-3.8431,0.134,0,-1.959,0.122,0.0,-1.985,0
2549,0.028635642126552733,1.6869,0,-3.843,0.134,0,-1.959,0.122,0.0,-1.985,0
2550,0.029068883707497294,1.687,0,-3.843,0.135,0,-1.959,0.122,0.0,-1.985,0
2551,0.029068883707497294,1.6869,0,-3.843,0.135,0,-1.959,0.122,0.0,-1.985,0
2552,0.030413812651491224,1.687,0,-3.843,0.136,0,-1.958,0.122,0.0,-1.985,0
2553,0.03178049716414154,1.687,0,-3.843,0.135,0,-1.956,0.122,0.0,-1.985,0
2554,0.028178005607210864,1.6869,0,-3.8431,0.135,0,-1.96,0.122,0.0,-1.985,0
2555,0.03231098884280705,1.6871,0,-3.843,0.134,0,-1.955,0.122,0.0,-1.985,0
2556,0.033541019662496875,1.687,0,-3.8431,0.137,0,-1.955,0.122,0.0,-1.985,0
2557,0.02954657340538844,1.687,0,-3.8431,0.134,0,-1.958,0.122,0.0,-1.985,0
2558,0.028653097563788928,1.687,0,-3.8431,0.136,0,-1.96,0.122,0.0,-1.985,0
2559,0.03310589071449373,1.687,0,-3.8431,0.136,0,-1.955,0.122,0.0,-1.985,0
2560,0.030413812651491224,1.687,0,-3.8431,0.136,0,-1.958,0.122,0.0,-1.985,0
2561,0.029966648127543523,1.6871,0,-3.843,0.135,0,-1.958,0.122,0.0,-1.985,0
2562,0.030413812651491224,1.6869,0,-3.8432,0.136,0,-1.958,0.122,0.0,-1.985,0
2563,0.029068883707497294,1.6871,0,-3.8431,0.135,0,-1.959,0.122,0.0,-1.985,0
2564,0.03178049716414154,1.687,0,-3.843,0.135,0,-1.956,0.122,0.0,-1.985,0
2565,0.032695565448543656,1.687,0,-3.8431,0.135,0,-1.955,0.122,0.0,-1.985,0
2566,0.03231098884280705,1.687,0,-3.8431,0.134,0,-1.955,0.122,0.0,-1.985,0
2567,0.03178049716414154,1.687,0,-3.843,0.135,0,-1.956,0.122,0.0,-1.985,0
2568,0.03324154027718945,1.6872,0,-3.8431,0.134,0,-1.954,0.122,0.0,-1.985,0
2569,0.027730849247724218,1.687,0,-3.8431,0.134,0,-1.96,0.122,0.0,-1.985,0
2570,0.03289376840679719,1.6869,0,-3.8431,0.133,0,-1.954,0.122,0.0,-1.985,0
2571,0.03401470270339003,1.6871,0,-3.8431,0.136,0,-1.954,0.122,0.0,-1.985,0
2572,0.02954657340538844,1.687,0,-3.8431,0.134,0,-1.958,0.122,0.0,-1.985,0
2573,0.028635642126552733,1.687,0,-3.843,0.134,0,-1.959,0.122,0.0,-1.985,0
2574,0.028635642126552733,1.687,0,-3.8432,0.134,0,-1.959,0.122,0.0,-1.985,0
2575,0.032695565448543656,1.687,0,-3.8431,0.135,0,-1.955,0.122,0.0,-1.985,0
2576,0.03231098884280705,1.687,0,-3.8432,0.134,0,-1.955,0.122,0.0,-1.985,0
2577,0.028635642126552733,1.6871,0,-3.8432,0.134,0,-1.959,0.122,0.0,-1.985,0
2578,0.028635642126552733,1.687,0,-3.8431,0.134,0,-1.959,0.122,0.0,-1.985,0
2579,0.02954657340538824,1.6871,0,-3.8429,0.134,0,-1.959,0.122,0.0,-1.986,0
2580,0.030413812651491224,1.687,0,-3.843,0.136,0,-1.958,0.122,0.0,-1.985,0
2581,0.02954657340538844,1.687,0,-3.843,0.134,0,-1.958,0.122,0.0,-1.985,0
2582,0.02954657340538844,1.6871,0,-3.843,0.134,0,-1.958,0.122,0.0,-1.985,0
2583,0.032202484376209366,1.687,0,-3.8432,0.136,0,-1.956,0.122,0.0,-1.985,0
2584,0.032202484376209366,1.687,0,-3.8431,0.136,0,-1.956,0.122,0.0,-1.985,0
2585,0.032695565448543656,1.6871,0,-3.8431,0.135,0,-1.955,0.122,0.0,-1.985,0
2586,0.029966648127543523,1.6871,0,-3.8431,0.135,0,-1.958,0.122,0.0,-1.985,0
2587,0.029529646120466827,1.687,0,-3.8431,0.136,0,-1.959,0.122,0.0,-1.985,0
2588,0.029068883707497294,1.6871,0,-3.8431,0.135,0,-1.959,0.122,0.0,-1.985,0
2589,0.029966648127543523,1.6871,0,-3.843,0.135,0,-1.958,0.122,0.0,-1.985,0
2590,0.02954657340538844,1.687,0,-3.8431,0.134,0,-1.958,0.122,0.0,-1.985,0
2591,0.03361547262794336,1.6871,0,-3.8431,0.135,0,-1.954,0.122,0.0,-1.985,0
2592,0.03401470270339003,1.6871,0,-3.843,0.136,0,-1.954,0.122,0.0,-1.985,0
2593,0.03443835071544526,1.687,0,-3.8431,0.137,0,-1.954,0.122,0.0,-1.985,0
2594,0.030016662039607296,1.6871,0,-3.8432,0.137,0,-1.959,0.122,0.0,-1.985,0
2595,0.032695565448543656,1.6871,0,-3.8431,0.135,0,-1.955,0.122,0.0,-1.985,0
2596,0.03178049716414154,1.6869,0,-3.8432,0.135,0,-1.956,0.122,0.0,-1.985,0
2597,0.03310589071449373,1.6871,0,-3.8431,0.136,0,-1.955,0.122,0.0,-1.985,0
2598,0.032695565448543656,1.6871,0,-3.8432,0.135,0,-1.955,0.122,0.0,-1.985,0
2599,0.032695565448543656,1.6869,0,-3.843,0.135,0,-1.955,0.122,0.0,-1.985,0
2600,0.03178049716414154,1.687,0,-3.8432,0.135,0,-1.956,0.122,0.0,-1.985,0
2601,0.028635642126552733,1.687,0,-3.8432,0.134,0,-1.959,0.122,0.0,-1.985,0
2602,0.028635642126552733,1.6871,0,-3.8431,0.134,0,-1.959,0.122,0.0,-1.985,0
2603,0.029068883707497294,1.6871,0,-3.8431,0.135,0,-1.959,0.122,0.0,-1.985,0
2604,0.032695565448543656,1.6872,0,-3.8432,0.135,0,-1.955,0.122,0.0,-1.985,0
2605,0.030413812651491224,1.687,0,-3.8433,0.136,0,-1.958,0.122,0.0,-1.985,0
2606,0.029068883707497294,1.687,0,-3.8432,0.135,0,-1.959,0.122,0.0,-1.985,0
2607,0.03310589071449373,1.6871,0,-3.8431,0.136,0,-1.955,0.122,0.0,-1.985,0
2608,0.03310589071449373,1.6871,0,-3.8431,0.136,0,-1.955,0.122,0.0,-1.985,0
2609,0.030413812651491224,1.687,0,-3.8433,0.136,0,-1.958,0.122,0.0,-1.985,0
2610,0.029068883707497294,1.6871,0,-3.8432,0.135,0,-1.959,0.122,0.0,-1.985,0
2611,0.03324154027718925,1.6871,0,-3.8429,0.134,0,-1.955,0.122,0.0,-1.986,0
2612,0.032202484376209366,1.687,0,-3.8431,0.136,0,-1.956,0.122,0.0,-1.985,0
2613,0.031016124838541777,1.6871,0,-3.8431,0.133,0,-1.956,0.122,0.0,-1.985,0
2614,0.031016124838541777,1.687,0,-3.8432,0.133,0,-1.956,0.122,0.0,-1.985,0
2615,0.029529646120466827,1.687,0,-3.8432,0.136,0,-1.959,0.122,0.0,-1.985,0
2616,0.029068883707497294,1.6865,0,-3.8429,0.136,0,-1.959,0.123,0.0,-1.985,0
2617,0.026683328128252692,1.6813,0,-3.8396,0.135,0,-1.959,0.129,0.0,-1.985,0
2618,0.027202941017470905,1.6688,0,-3.8317,0.136,0,-1.959,0.144,0.0,-1.985,0
2619,0.045453272709453985,1.6507,0,-3.8201,0.136,0,-1.949,0.165,0.0,-1.984,0
2620,0.043046486500061786,1.6302,0,-3.8077,0.152,0,-1.961,0.189,0.0,-1.983,0
2621,0.04280186911806541,1.6112,0,-3.7963,0.177,0,-1.956,0.211,0.0,-1.982,0
2622,0.02900000000000011,1.5955,0,-3.7868,0.21,0,-1.96,0.23,0.0,-1.981,0
2623,0.04081666326391717,1.5827,0,-3.7784,0.21,0,-1.96,0.245,0.0,-1.981,0
2624,0.0316227766016838,1.5708,0,-3.7713,0.233,0,-1.962,0.259,0.0,-1.98,0
2625,0.024041630560342718,1.559,0,-3.7647,0.255,0,-1.962,0.272,0.0,-1.979,0
2626,0.020518284528683168,1.5465,0,-3.7571,0.272,0,-1.964,0.287,0.0,-1.978,0
2627,0.017204650534085267,1.532,0,-3.7481,0.29,0,-1.967,0.304,0.0,-1.977,0
2628,0.03324154027718933,1.5169,0,-3.7393,0.289,0,-1.967,0.321,0.0,-1.976,0
2629,0.03780211634287157,1.5018,0,-3.7296,0.309,0,-1.953,0.339,0.0,-1.976,0
2630,0.03500000000000005,1.487,0,-3.7201,0.329,0,-1.954,0.357,0.0,-1.975,0
2631,0.03061045573002803,1.4729,0,-3.711,0.35,0,-1.956,0.374,0.0,-1.975,0
2632,0.020248456731316544,1.4588,0,-3.702,0.373,0,-1.963,0.39,0.0,-1.974,0
2633,0.035440090293338736,1.4454,0,-3.6934,0.372,0,-1.964,0.406,0.0,-1.974,0
2634,0.030083217912982622,1.432,0,-3.6845,0.393,0,-1.966,0.422,0.0,-1.974,0
2635,0.024738633753705982,1.4184,0,-3.6756,0.415,0,-1.968,0.439,0.0,-1.974,0
2636,0.02209072203437454,1.4047,0,-3.6664,0.433,0,-1.972,0.455,0.0,-1.974,0
2637,0.020124611797498124,1.3904,0,-3.6572,0.454,0,-1.964,0.472,0.0,-1.973,0
2638,0.03687817782917153,1.3758,0,-3.6479,0.453,0,-1.965,0.489,0.0,-1.973,0
2639,0.03125699921617559,1.3615,0,-3.6384,0.476,0,-1.969,0.507,0.0,-1.973,0
2640,0.029832867780352646,1.3473,0,-3.6289,0.495,0,-1.966,0.524,0.0,-1.973,0
2641,0.025019992006393633,1.3334,0,-3.6194,0.515,0,-1.972,0.54,0.0,-1.973,0
2642,0.0200997512422418,1.3195,0,-3.6099,0.537,0,-1.971,0.557,0.0,-1.973,0
2643,0.03801315561749635,1.3056,0,-3.6004,0.536,0,-1.972,0.574,0.0,-1.973,0
2644,0.03201562118716416,1.2914,0,-3.5912,0.559,0,-1.973,0.591,0.0,-1.972,0
2645,0.027018512172212614,1.2771,0,-3.5813,0.581,0,-1.974,0.608,0.0,-1.973,0
2646,0.025000000000000022,1.2629,0,-3.5714,0.601,0,-1.973,0.626,0.0,-1.973,0
2647,0.02137755832643197,1.2483,0,-3.5618,0.622,0,-1.977,0.643,0.0,-1.973,0
2648,0.03820994634908563,1.2344,0,-3.5521,0.622,0,-1.977,0.66,0.0,-1.973,0
2649,0.03413209633175204,1.2204,0,-3.5425,0.643,0,-1.976,0.677,0.0,-1.973,0
2650,0.03125699921617548,1.2061,0,-3.5327,0.663,0,-1.977,0.694,0.0,-1.973,0
2651,0.0261725046566047,1.192,0,-3.5232,0.685,0,-1.976,0.711,0.0,-1.973,0
2652,0.021095023109729005,1.1779,0,-3.5132,0.708,0,-1.976,0.729,0.0,-1.974,0
2653,0.03805259518088093,1.1642,0,-3.5032,0.708,0,-1.976,0.746,0.0,-1.974,0
2654,0.034365680554879215,1.1499,0,-3.4936,0.729,0,-1.979,0.763,0.0,-1.974,0
2655,0.03125699921617559,1.136,0,-3.4834,0.749,0,-1.979,0.78,0.0,-1.975,0
2656,0.030413812651491144,1.1221,0,-3.4731,0.767,0,-1.981,0.797,0.0,-1.976,0
2657,0.022561028345356893,1.1081,0,-3.463,0.793,0,-1.981,0.815,0.0,-1.976,0
2658,0.03905124837953317,1.0939,0,-3.4526,0.794,0,-1.986,0.832,0.0,-1.977,0
2659,0.033376638536557285,1.0801,0,-3.4425,0.816,0,-1.982,0.849,0.0,-1.977,0
2660,0.03324154027718933,1.0656,0,-3.4332,0.835,0,-1.986,0.867,0.0,-1.977,0
2661,0.02817800560721082,1.0507,0,-3.4244,0.859,0,-1.989,0.884,0.0,-1.976,0
2662,0.02418677324489567,1.0352,0,-3.4163,0.88,0,-1.986,0.901,0.0,-1.974,0
2663,0.034014702703389924,1.0202,0,-3.4086,0.884,0,-1.971,0.918,0.0,-1.972,0
2664,0.028284271247461926,1.0056,0,-3.4003,0.907,0,-1.967,0.935,0.0,-1.971,0
2665,0.024186773244895547,0.9911,0,-3.3917,0.928,0,-1.967,0.952,0.0,-1.97,0
2666,0.021095023109729005,0.9767,0,-3.3832,0.947,0,-1.967,0.968,0.0,-1.969,0
2667,0.014035668847618204,0.9619,0,-3.3743,0.971,0,-1.967,0.985,0.0,-1.968,0
2668,0.033015148038438275,0.947,0,-3.3653,0.97,0,-1.966,1.003,0.0,-1.967,0
2669,0.03501428280002322,0.9321,0,-3.3567,0.985,0,-1.965,1.02,0.0,-1.966,0
2670,0.025019992006393516,0.9173,0,-3.3475,1.012,0,-1.966,1.037,0.0,-1.965,0
2671,0.0200249843945008,0.9024,0,-3.3377,1.035,0,-1.966,1.055,0.0,-1.965,0
2672,0.021095023109728894,0.8874,0,-3.3288,1.052,0,-1.966,1.073,0.0,-1.964,0
2673,0.03701351104664342,0.8732,0,-3.32,1.052,0,-1.962,1.089,0.0,-1.963,0
2674,0.03106444913401805,0.8584,0,-3.3112,1.076,0,-1.964,1.107,0.0,-1.962,0
2675,0.026076809620810618,0.8443,0,-3.3024,1.097,0,-1.963,1.123,0.0,-1.961,0
2676,0.0202237484161565,0.8299,0,-3.2936,1.12,0,-1.958,1.14,0.0,-1.961,0
2677,0.017117242768623815,0.8153,0,-3.2846,1.14,0,-1.958,1.157,0.0,-1.96,0
2678,0.028635642126552733,0.8079,0,-3.2781,1.139,0,-1.955,1.167,0.0,-1.961,0
2679,0.02039607805437116,0.8003,0,-3.2742,1.155,0,-1.956,1.175,0.0,-1.96,0
2680,0.024186773244895682,0.7863,0,-3.2651,1.168,0,-1.963,1.192,0.0,-1.96,0
2681,0.0390512483795332,0.7677,0,-3.2536,1.175,0,-1.957,1.214,0.0,-1.959,0
2682,0.02408318915758461,0.7495,0,-3.2458,1.209,0,-1.953,1.233,0.0,-1.955,0
2683,0.040049968789001605,0.7358,0,-3.2363,1.21,0,-1.953,1.25,0.0,-1.955,0
2684,0.037107950630559,0.7183,0,-3.2268,1.234,0,-1.944,1.27,0.0,-1.953,0
2685,0.03401470270338993,0.7005,0,-3.2137,1.258,0,-1.955,1.292,0.0,-1.954,0
2686,0.027513632984395197,0.6903,0,-3.2023,1.281,0,-1.949,1.307,0.0,-1.958,0
2687,0.013038404810405156,0.6826,0,-3.1948,1.31,0,-1.949,1.317,0.0,-1.96,0
2688,0.024041630560342774,0.6703,0,-3.1877,1.309,0,-1.952,1.332,0.0,-1.959,0
2689,0.028284271247461926,0.652,0,-3.1792,1.323,0,-1.96,1.351,0.0,-1.956,0
2690,0.04882622246293485,0.6297,0,-3.1789,1.33,0,-1.971,1.37,0.0,-1.943,0
2691,0.03847076812334272,0.6121,0,-3.1679,1.357,0,-1.961,1.391,0.0,-1.943,0
2692,0.0563027530410369,0.5967,0,-3.1576,1.356,0,-1.962,1.409,0.0,-1.943,1
2693,0.05470831746635986,0.5838,0,-3.1445,1.38,0,-1.974,1.427,0.0,-1.946,1
2694,0.05243090691567327,0.5709,0,-3.1335,1.401,0,-1.918,1.444,0.0,-1.948,1
2695,0.03863935817272333,0.5579,0,-3.1249,1.422,0,-1.941,1.46,0.0,-1.948,0
2696,0.033060550509633,0.5463,0,-3.1166,1.441,0,-1.95,1.474,0.0,-1.948,0
2697,0.04904079934095707,0.5341,0,-3.1086,1.44,0,-1.95,1.489,0.0,-1.948,0
2698,0.0390512483795332,0.5206,0,-3.1001,1.466,0,-1.946,1.505,0.0,-1.948,0
2699,0.04026164427839472,0.5062,0,-3.0907,1.483,0,-1.957,1.522,0.0,-1.947,0
2700,0.043737855457258,0.4912,0,-3.0801,1.497,0,-1.956,1.54,0.0,-1.948,0
2701,0.03492849839314599,0.476,0,-3.0696,1.525,0,-1.956,1.559,0.0,-1.948,0
2702,0.05261178575186367,0.4609,0,-3.0595,1.525,0,-1.956,1.577,0.0,-1.948,1
2703,0.05162363799656138,0.4468,0,-3.0501,1.543,0,-1.956,1.594,0.0,-1.948,1
2704,0.048052055106936005,0.4329,0,-3.041,1.563,0,-1.958,1.61,0.0,-1.948,0
2705,0.04401136216933071,0.4196,0,-3.0322,1.585,0,-1.963,1.626,0.0,-1.947,0
2706,0.037161808352124175,0.4058,0,-3.0225,1.609,0,-1.963,1.643,0.0,-1.948,0
2707,0.05288667128870935,0.3922,0,-3.012,1.609,0,-1.963,1.66,0.0,-1.949,1
2708,0.05069516742254621,0.3779,0,-3.0023,1.629,0,-1.962,1.678,0.0,-1.949,1
2709,0.04780167361086849,0.3636,0,-2.9919,1.649,0,-1.962,1.695,0.0,-1.949,0
2710,0.04933558553417594,0.3493,0,-2.9825,1.665,0,-1.964,1.712,0.0,-1.949,0
2711,0.04701063709417273,0.3353,0,-2.9729,1.686,0,-1.968,1.729,0.0,-1.949,0
2712,0.06264183905346336,0.322,0,-2.9636,1.686,0,-1.968,1.746,0.0,-1.95,1
2713,0.05069516742254627,0.3079,0,-2.9539,1.714,0,-1.963,1.763,0.0,-1.95,1
2714,0.05288667128870935,0.2934,0,-2.9437,1.729,0,-1.964,1.78,0.0,-1.95,1
2715,0.05032891812864662,0.279,0,-2.9336,1.751,0,-1.968,1.798,0.0,-1.95,1
2716,0.048846698967279154,0.2649,0,-2.9237,1.77,0,-1.97,1.815,0.0,-1.951,0
2717,0.06484597134749392,0.2511,0,-2.9142,1.77,0,-1.97,1.832,0.0,-1.951,1
2718,0.06229767250869024,0.2378,0,-2.9047,1.789,0,-1.971,1.848,0.0,-1.951,1
2719,0.05220153254455269,0.2245,0,-2.8948,1.816,0,-1.97,1.865,0.0,-1.952,1
2720,0.054561891462814906,0.2109,0,-2.884,1.833,0,-1.977,1.882,0.0,-1.953,1
2721,0.049193495504995216,0.197,0,-2.8735,1.856,0,-1.976,1.9,0.0,-1.954,0
2722,0.06324555320336764,0.1828,0,-2.8629,1.857,0,-1.975,1.917,0.0,-1.955,1
2723,0.06168468205316464,0.1688,0,-2.8526,1.877,0,-1.977,1.935,0.0,-1.956,1
2724,0.05646237685397247,0.1556,0,-2.8425,1.899,0,-1.979,1.951,0.0,-1.957,1
2725,0.05682429058070159,0.1428,0,-2.8327,1.917,0,-1.985,1.967,0.0,-1.958,1
2726,0.053338541412378336,0.1297,0,-2.822,1.938,0,-1.986,1.984,0.0,-1.959,1
2727,0.06907966415668203,0.1159,0,-2.8114,1.938,0,-1.986,2.002,0.0,-1.96,1
2728,0.06356886030125129,0.1022,0,-2.8009,1.959,0,-1.982,2.019,0.0,-1.961,1
2729,0.0668879660327626,0.088,0,-2.7903,1.98,0,-1.997,2.037,0.0,-1.962,1
2730,0.07427651041883966,0.0746,0,-2.78,2.002,0,-2.017,2.053,0.0,-1.963,1
2731,0.07009279563550007,0.0617,0,-2.7696,2.023,0,-2.016,2.07,0.0,-1.964,1
2732,0.07940403012442128,0.0488,0,-2.7585,2.023,0,-2.013,2.087,0.0,-1.966,1
2733,0.08015609770940697,0.0354,0,-2.7475,2.043,0,-2.02,2.104,0.0,-1.968,1
2734,0.0777817459305203,0.0217,0,-2.7368,2.066,0,-2.024,2.121,0.0,-1.969,1
2735,0.07500666637039646,0.0081,0,-2.7262,2.088,0,-2.025,2.139,0.0,-1.97,1
2736,0.0707672240518166,-0.0052,0,-2.7154,2.108,0,-2.024,2.156,0.0,-1.972,1
2737,0.08438601779915912,-0.0181,0,-2.7053,2.108,0,-2.028,2.172,0.0,-1.973,1
2738,0.08275868534480248,-0.0319,0,-2.6952,2.129,0,-2.031,2.189,0.0,-1.974,1
2739,0.08134494452638098,-0.0466,0,-2.6847,2.151,0,-2.033,2.207,0.0,-1.974,1
2740,0.08156592425762105,-0.0609,0,-2.6746,2.172,0,-2.037,2.225,0.0,-1.975,1
2741,0.07940403012442122,-0.0755,0,-2.6653,2.195,0,-2.038,2.242,0.0,-1.974,1
2742,0.08704596486914255,-0.0898,0,-2.6563,2.195,0,-2.032,2.259,0.0,-1.973,1
2743,0.07920858539325132,-0.1041,0,-2.6476,2.219,0,-2.028,2.276,0.0,-1.973,1
2744,0.07218032973047427,-0.1179,0,-2.6386,2.243,0,-2.025,2.292,0.0,-1.972,1
2745,0.06646803743153569,-0.1319,0,-2.6294,2.262,0,-2.019,2.309,0.0,-1.972,1
2746,0.06303173803727799,-0.146,0,-2.6199,2.284,0,-2.019,2.326,0.0,-1.972,1
2747,0.07300684899377588,-0.161,0,-2.6107,2.284,0,-2.014,2.343,0.0,-1.971,1
2748,0.07234638899074362,-0.1756,0,-2.6015,2.306,0,-2.018,2.361,0.0,-1.971,1
2749,0.07000714249274853,-0.1895,0,-2.5926,2.327,0,-2.019,2.377,0.0,-1.97,1
2750,0.06585590330410797,-0.2036,0,-2.5835,2.35,0,-2.019,2.394,0.0,-1.97,1
2751,0.06403124237432854,-0.2182,0,-2.5741,2.371,0,-2.02,2.411,0.0,-1.97,1
2752,0.0765767588763065,-0.2331,0,-2.5645,2.371,0,-2.019,2.429,0.0,-1.969,1
2753,0.07218032973047443,-0.2478,0,-2.5555,2.393,0,-2.018,2.446,0.0,-1.969,1
2754,0.06862215385719135,-0.2616,0,-2.5463,2.413,0,-2.015,2.463,0.0,-1.968,1
2755,0.06660330322138674,-0.2757,0,-2.5376,2.435,0,-2.018,2.479,0.0,-1.968,1
2756,0.06280127387243008,-0.2896,0,-2.5282,2.458,0,-2.018,2.496,0.0,-1.968,1
2757,0.07184010022264689,-0.3039,0,-2.5181,2.458,0,-2.013,2.514,0.0,-1.968,1
2758,0.07184010022264724,-0.318,0,-2.5083,2.475,0,-2.013,2.531,0.0,-1.968,1
2759,0.06794115100585187,-0.3327,0,-2.4988,2.498,0,-2.014,2.548,0.0,-1.968,1
2760,0.06370243323453216,-0.3467,0,-2.4895,2.522,0,-2.015,2.565,0.0,-1.968,1
2761,0.061073725938410095,-0.3601,0,-2.4803,2.542,0,-2.015,2.581,0.0,-1.968,1
2762,0.07638062581571331,-0.3734,0,-2.4712,2.542,0,-2.021,2.597,0.0,-1.968,1
2763,0.0729177618965364,-0.3873,0,-2.4619,2.56,0,-2.017,2.614,0.0,-1.968,1
2764,0.07500666637039693,-0.4019,0,-2.4524,2.581,0,-2.023,2.632,0.0,-1.968,1
2765,0.07247068372797368,-0.4167,0,-2.4426,2.603,0,-2.023,2.649,0.0,-1.967,1
2766,0.08363013810822019,-0.4306,0,-2.4331,2.603,0,-2.023,2.666,0.0,-1.968,1
2767,0.07924645102463555,-0.4446,0,-2.4231,2.625,0,-2.022,2.683,0.0,-1.968,1
2768,0.07569015788066502,-0.4585,0,-2.413,2.649,0,-2.024,2.701,0.0,-1.969,1
2769,0.0732461603089199,-0.4722,0,-2.4031,2.671,0,-2.026,2.717,0.0,-1.969,1
2770,0.06824954212300616,-0.4862,0,-2.3931,2.692,0,-2.023,2.735,0.0,-1.97,1
2771,0.080721744282442,-0.5003,0,-2.3837,2.692,0,-2.023,2.752,0.0,-1.969,1
2772,0.07779460135510696,-0.5142,0,-2.374,2.713,0,-2.024,2.769,0.0,-1.97,1
2773,0.07451845409024548,-0.5277,0,-2.3642,2.737,0,-2.027,2.785,0.0,-1.97,1
2774,0.07247068372797379,-0.5417,0,-2.3547,2.756,0,-2.026,2.802,0.0,-1.97,1
2775,0.07200694410957874,-0.5557,0,-2.3445,2.775,0,-2.028,2.819,0.0,-1.971,1
2776,0.0842199501305957,-0.5702,0,-2.3347,2.775,0,-2.028,2.837,0.0,-1.971,1
2777,0.08132035415564773,-0.5847,0,-2.325,2.797,0,-2.029,2.854,0.0,-1.971,1
2778,0.07930952023559316,-0.5988,0,-2.3154,2.818,0,-2.03,2.871,0.0,-1.971,1
2779,0.07605918747922548,-0.6123,0,-2.3059,2.84,0,-2.03,2.888,0.0,-1.971,1
2780,0.0752130307858948,-0.626,0,-2.2964,2.861,0,-2.032,2.905,0.0,-1.971,1
2781,0.08485281374238547,-0.6396,0,-2.2865,2.861,0,-2.032,2.921,0.0,-1.972,1
2782,0.08273451516749253,-0.6535,0,-2.2765,2.881,0,-2.031,2.939,0.0,-1.972,1
2783,0.08080841540334743,-0.6676,0,-2.2663,2.903,0,-2.034,2.956,0.0,-1.973,1
2784,0.07780102827083958,-0.6817,0,-2.257,2.926,0,-2.035,2.973,0.0,-1.973,1
2785,0.07406078584514202,-0.6957,0,-2.2476,2.948,0,-2.034,2.99,0.0,-1.973,1
2786,0.08417244204607555,-0.709,0,-2.2379,2.948,0,-2.034,3.006,0.0,-1.973,1
2787,0.08570297544426315,-0.7226,0,-2.2283,2.966,0,-2.038,3.023,0.0,-1.974,1
2788,0.08168843247363729,-0.7367,0,-2.218,2.988,0,-2.037,3.04,0.0,-1.974,1
2789,0.08140024569987499,-0.7509,0,-2.2083,3.008,0,-2.039,3.057,0.0,-1.974,1
2790,0.07877182237323162,-0.7648,0,-2.1985,3.031,0,-2.041,3.074,0.0,-1.975,1
2791,0.08919641248391096,-0.7784,0,-2.1884,3.031,0,-2.041,3.091,0.0,-1.975,1
2792,0.08105553651663784,-0.7871,0,-2.1796,3.053,0,-2.041,3.104,0.0,-1.978,1
2793,0.07494664769020663,-0.7953,0,-2.1738,3.075,0,-2.042,3.114,0.0,-1.978,1
2794,0.07839005038906417,-0.8075,0,-2.1639,3.09,0,-2.047,3.129,0.0,-1.979,1
2795,0.07961155694998055,-0.821,0,-2.1544,3.103,0,-2.047,3.146,0.0,-1.98,1
2796,0.09124143795447298,-0.8375,0,-2.1431,3.103,0,-2.046,3.166,0.0,-1.98,1
2797,0.09050966799187801,-0.8535,0,-2.1314,3.122,0,-2.045,3.186,0.0,-1.981,1
2798,0.08993886812718958,-0.8694,0,-2.1196,3.145,0,-2.049,3.205,0.0,-1.982,1
2799,0.09560334722173701,-0.8908,0,-2.1101,3.17,0,-2.053,3.228,0.0,-1.977,1
2800,0.08062257748298537,-0.9019,0,-2.106,3.2,0,-2.045,3.24,0.0,-1.975,1
2801,0.06324555320336746,-0.8996,0,-2.1049,3.203,0,-2.029,3.239,0.0,-1.977,1
2802,0.03420526275297382,-0.9016,0,-2.1033,3.232,0,-2.01,3.241,0.0,-1.977,0
2803,0.03721558813185669,-0.9113,0,-2.0958,3.234,0,-2.01,3.253,0.0,-1.978,0
2804,0.0608276253029821,-0.9317,0,-2.0843,3.233,0,-2.018,3.277,0.0,-1.976,1
2805,0.06850547423381564,-0.9644,0,-2.0714,3.254,0,-2.006,3.311,0.0,-1.968,1
2806,0.10324727599312243,-0.9957,0,-2.061,3.255,0,-2.013,3.343,0.0,-1.959,1
2807,0.10987720418721987,-1.0206,0,-2.0516,3.286,0,-2.025,3.369,0.0,-1.953,1
2808,0.10700467279516342,-1.0352,0,-2.0487,3.317,0,-2.032,3.382,0.0,-1.947,1
2809,0.088323269867006,-1.0464,0,-2.0423,3.35,0,-2.022,3.395,0.0,-1.946,1
2810,0.0839344982709733,-1.0561,0,-2.037,3.375,0,-2.023,3.406,0.0,-1.945,1
2811,0.07660939890117922,-1.0675,0,-2.0295,3.375,0,-2.007,3.42,0.0,-1.945,1
2812,0.07286288492778731,-1.0772,0,-2.0142,3.387,0,-2.005,3.437,0.0,-1.952,1
2813,0.074966659255965,-1.0952,0,-2.0057,3.402,0,-2.001,3.456,0.0,-1.949,1
2814,0.08514693182963207,-1.1118,0,-1.9958,3.42,0,-2.013,3.475,0.0,-1.948,1
2815,0.0784920378127616,-1.1263,0,-1.9867,3.449,0,-2.013,3.493,0.0,-1.948,1
2816,0.0870459648691427,-1.1398,0,-1.9785,3.449,0,-2.011,3.508,0.0,-1.947,1
2817,0.08645229898620387,-1.1523,0,-1.9696,3.467,0,-2.012,3.524,0.0,-1.947,1
2818,0.08402380615039992,-1.165,0,-1.9601,3.488,0,-2.014,3.54,0.0,-1.948,1
2819,0.08183520025025902,-1.178,0,-1.9497,3.505,0,-2.013,3.556,0.0,-1.949,1
2820,0.07981227975693958,-1.1919,0,-1.9396,3.524,0,-2.013,3.573,0.0,-1.95,1
2821,0.09762171889492632,-1.2067,0,-1.9291,3.524,0,-2.021,3.591,0.0,-1.95,1
2822,0.09406912352095134,-1.221,0,-1.9189,3.544,0,-2.019,3.609,0.0,-1.951,1
2823,0.09078546139112782,-1.2349,0,-1.9088,3.567,0,-2.02,3.626,0.0,-1.951,1
2824,0.08981091247727079,-1.2486,0,-1.8993,3.588,0,-2.023,3.643,0.0,-1.952,1
2825,0.08741853350405733,-1.2623,0,-1.8902,3.608,0,-2.023,3.659,0.0,-1.952,1
2826,0.10198039027185579,-1.2762,0,-1.8807,3.608,0,-2.028,3.676,0.0,-1.952,1
2827,0.0932362590412122,-1.289,0,-1.8713,3.634,0,-2.025,3.692,0.0,-1.952,1
2828,0.09347726996441409,-1.3009,0,-1.8622,3.654,0,-2.03,3.707,0.0,-1.953,1
2829,0.08481155581640981,-1.3125,0,-1.8536,3.669,0,-2.021,3.721,0.0,-1.954,1
2830,0.08127115109311531,-1.3234,0,-1.8454,3.689,0,-2.021,3.735,0.0,-1.954,1
2831,0.08621484790916238,-1.3291,0,-1.8415,3.689,0,-1.886,3.742,0.0,-1.954,1
2832,0.0796241169495777,-1.3284,0,-1.8418,3.707,0,-1.883,3.741,0.0,-1.955,1
2833,0.07376313442364028,-1.3271,0,-1.8428,3.72,0,-1.884,3.74,0.0,-1.955,1
2834,0.07316419889536133,-1.3265,0,-1.8434,3.712,0,-1.886,3.739,0.0,-1.954,1
2835,0.07147027354082255,-1.3265,0,-1.8435,3.717,0,-1.886,3.739,0.0,-1.954,1
2836,0.07433034373659242,-1.3265,0,-1.8434,3.717,0,-1.883,3.739,0.0,-1.954,1
2837,0.07337574531137657,-1.3265,0,-1.8435,3.717,0,-1.884,3.739,0.0,-1.954,1
2838,0.07051950084905582,-1.3266,0,-1.8434,3.717,0,-1.887,3.739,0.0,-1.954,1
2839,0.07596051605933178,-1.3255,0,-1.8442,3.71,0,-1.883,3.737,0.0,-1.954,1
2840,0.07463243262818116,-1.3225,0,-1.8464,3.711,0,-1.883,3.734,0.0,-1.954,1
2841,0.07180529228406503,-1.3169,0,-1.8506,3.711,0,-1.884,3.727,0.0,-1.954,1
2842,0.07410802925459568,-1.3098,0,-1.8565,3.714,0,-1.879,3.718,0.0,-1.953,1
2843,0.07324616030891988,-1.3018,0,-1.8626,3.701,0,-1.879,3.707,0.0,-1.952,1
2844,0.07134423592694784,-1.2945,0,-1.8682,3.691,0,-1.881,3.698,0.0,-1.952,1
2845,0.07085901495222757,-1.2875,0,-1.8735,3.679,0,-1.881,3.69,0.0,-1.951,1
2846,0.060074953183502415,-1.2818,0,-1.8779,3.679,0,-1.891,3.682,0.0,-1.951,1
2847,0.05203844732503081,-1.277,0,-1.8812,3.675,0,-2.003,3.677,0.0,-1.951,1
2848,0.07170076708097312,-1.2727,0,-1.8844,3.661,0,-2.022,3.671,0.0,-1.951,1
2849,0.07844743462982087,-1.269,0,-1.8872,3.652,0,-2.027,3.667,0.0,-1.95,1
2850,0.07764663547121681,-1.2651,0,-1.8897,3.652,0,-2.027,3.662,0.0,-1.95,1
2851,0.07816009211867658,-1.2609,0,-1.8928,3.652,0,-2.028,3.657,0.0,-1.95,1
2852,0.07823042886243183,-1.2565,0,-1.8958,3.645,0,-2.028,3.651,0.0,-1.95,1
2853,0.0783134726595623,-1.252,0,-1.8994,3.639,0,-2.028,3.646,0.0,-1.95,1
2854,0.0783134726595623,-1.2471,0,-1.9029,3.633,0,-2.028,3.64,0.0,-1.95,1
2855,0.08023091673413678,-1.2425,0,-1.9062,3.62,0,-2.028,3.634,0.0,-1.949,1
2856,0.07951100552753683,-1.2384,0,-1.9093,3.62,0,-2.028,3.629,0.0,-1.949,1
2857,0.07922752047110901,-1.2344,0,-1.9123,3.618,0,-2.028,3.624,0.0,-1.949,1
2858,0.08100617260431452,-1.2307,0,-1.9154,3.618,0,-2.029,3.619,0.0,-1.948,1
2859,0.08161494961096276,-1.2269,0,-1.9189,3.604,0,-2.029,3.614,0.0,-1.948,1
2860,0.08260750571225337,-1.2231,0,-1.922,3.599,0,-2.029,3.609,0.0,-1.947,1
2861,0.08309632964216888,-1.2188,0,-1.9257,3.599,0,-2.029,3.603,0.0,-1.946,1
2862,0.07665507158694708,-1.2152,0,-1.9288,3.589,0,-2.022,3.599,0.0,-1.946,1
2863,0.07632168761236856,-1.2115,0,-1.9318,3.587,0,-2.022,3.594,0.0,-1.946,1
2864,0.07283543093852043,-1.2075,0,-1.9349,3.578,0,-2.017,3.589,0.0,-1.945,1
2865,0.07200694410957872,-1.2032,0,-1.9382,3.571,0,-2.016,3.583,0.0,-1.945,1
2866,0.0693541635375985,-1.1988,0,-1.9413,3.571,0,-2.014,3.578,0.0,-1.945,1
2867,0.07006425622241327,-1.1943,0,-1.9449,3.569,0,-2.014,3.572,0.0,-1.944,1
2868,0.06906518659932799,-1.1901,0,-1.9478,3.564,0,-2.013,3.567,0.0,-1.944,1
2869,0.06935416353759873,-1.1858,0,-1.9507,3.555,0,-2.013,3.562,0.0,-1.944,1
2870,0.06802940540677985,-1.1818,0,-1.9534,3.555,0,-2.012,3.557,0.0,-1.944,1
2871,0.06906518659932799,-1.1776,0,-1.9565,3.549,0,-2.013,3.552,0.0,-1.944,1
2872,0.06802940540677985,-1.1719,0,-1.9605,3.543,0,-2.012,3.545,0.0,-1.944,1
2873,0.07100704190430711,-1.1657,0,-1.9644,3.537,0,-2.015,3.538,0.0,-1.944,1
2874,0.07106335201775965,-1.1588,0,-1.9692,3.526,0,-2.015,3.529,0.0,-1.944,1
2875,0.07117583859709714,-1.1517,0,-1.9739,3.526,0,-2.015,3.521,0.0,-1.944,1
2876,0.07224956747275385,-1.1453,0,-1.9785,3.519,0,-2.016,3.513,0.0,-1.944,1
2877,0.07006425622241327,-1.1393,0,-1.9831,3.508,0,-2.013,3.505,0.0,-1.943,1
2878,0.06899999999999995,-1.1334,0,-1.9869,3.498,0,-2.013,3.498,0.0,-1.944,1
2879,0.06926037828369115,-1.1276,0,-1.9909,3.485,0,-2.013,3.491,0.0,-1.944,1
2880,0.07000714249274839,-1.1216,0,-1.9949,3.485,0,-2.014,3.484,0.0,-1.944,1
2881,0.06800000000000006,-1.1154,0,-1.9992,3.477,0,-2.012,3.477,0.0,-1.944,1
2882,0.066121101019266,-1.1091,0,-2.0033,3.473,0,-2.01,3.469,0.0,-1.944,1
2883,0.06500769185257997,-1.1027,0,-2.0073,3.463,0,-2.009,3.462,0.0,-1.944,1
2884,0.06506919393998971,-1.0963,0,-2.0113,3.451,0,-2.009,3.454,0.0,-1.944,1
2885,0.06503076195155638,-1.0901,0,-2.0151,3.445,0,-2.009,3.447,0.0,-1.944,1
2886,0.0662721661031236,-1.084,0,-2.0191,3.445,0,-2.011,3.439,0.0,-1.945,1
2887,0.06800735254367728,-1.0807,0,-2.0235,3.435,0,-2.011,3.434,0.0,-1.943,1
2888,0.06958448102845936,-1.08,0,-2.025,3.424,0,-2.011,3.433,0.0,-1.942,1
2889,0.0711969100453103,-1.08,0,-2.0256,3.419,0,-2.011,3.432,0.0,-1.941,1
2890,0.06923149572268372,-1.0797,0,-2.0262,3.419,0,-2.009,3.432,0.0,-1.941,1
2891,0.06873136110975836,-1.0778,0,-2.0291,3.419,0,-2.008,3.429,0.0,-1.94,1
2892,0.06802940540677962,-1.0725,0,-2.0353,3.419,0,-2.006,3.421,0.0,-1.938,1
2893,0.06911584478250962,-1.0631,0,-2.0422,3.413,0,-2.006,3.409,0.0,-1.937,1
2894,0.06987131027825337,-1.0505,0,-2.0512,3.405,0,-2.006,3.394,0.0,-1.937,1
2895,0.06675327707311457,-1.0372,0,-2.0597,3.388,0,-2.003,3.378,0.0,-1.937,1
2896,0.06592419889539775,-1.0208,0,-2.0614,3.388,0,-2.006,3.363,0.0,-1.945,1
2897,0.062361847310675275,-1.0123,0,-2.0666,3.37,0,-2.005,3.353,0.0,-1.945,1
2898,0.06462971452822598,-1.008,0,-2.0693,3.357,0,-2.01,3.348,0.0,-1.946,1
2899,0.06506919393998949,-1.0058,0,-2.071,3.343,0,-2.01,3.346,0.0,-1.945,1
2900,0.06549045732013194,-1.0027,0,-2.0729,3.334,0,-2.011,3.342,0.0,-1.946,1
2901,0.06603029607687676,-0.9976,0,-2.0761,3.334,0,-2.012,3.336,0.0,-1.946,1
2902,0.06303173803727764,-0.9907,0,-2.0804,3.33,0,-2.009,3.328,0.0,-1.946,1
2903,0.06338769596696188,-0.9829,0,-2.0859,3.325,0,-2.009,3.318,0.0,-1.946,1
2904,0.06303173803727787,-0.9768,0,-2.0876,3.314,0,-2.011,3.312,0.0,-1.948,1
2905,0.0654904573201317,-0.9763,0,-2.0883,3.303,0,-2.013,3.311,0.0,-1.948,1
2906,0.06363961030678943,-0.9764,0,-2.088,3.303,0,-2.011,3.312,0.0,-1.948,1
2907,0.0674685111737318,-0.9762,0,-2.0882,3.297,0,-2.014,3.311,0.0,-1.948,1
2908,0.06413267497929602,-0.9762,0,-2.0882,3.299,0,-2.011,3.311,0.0,-1.948,1
2909,0.06413267497929602,-0.9738,0,-2.0891,3.297,0,-2.011,3.309,0.0,-1.948,1
2910,0.058137767414994365,-0.9686,0,-2.0932,3.298,0,-2.006,3.302,0.0,-1.948,1
2911,0.04418144406874908,-0.965,0,-2.0956,3.302,0,-1.992,3.298,0.0,-1.948,0
2912,0.03206243908376284,-0.9632,0,-2.0957,3.298,0,-1.981,3.296,0.0,-1.949,0
2913,0.030016662039607293,-0.9618,0,-2.0957,3.294,0,-1.98,3.295,0.0,-1.95,0
2914,0.05434151267677404,-1.0845,0,-2.0449,3.413,0,-1.976,3.425,0.0,-1.923,1
2915,0.07242237223399986,-1.0886,0,-2.0411,3.409,0,-1.993,3.431,0.0,-1.924,1
2916,0.08062257748298557,-1.0929,0,-2.0372,3.405,0,-1.999,3.437,0.0,-1.925,1
2917,0.06907966415668232,-1.0949,0,-2.0354,3.413,0,-1.989,3.439,0.0,-1.925,1
2918,0.06573431371817927,-1.0949,0,-2.0356,3.424,0,-1.989,3.439,0.0,-1.925,1
2919,0.05531726674375737,-1.0949,0,-2.0357,3.427,0,-1.979,3.439,0.0,-1.925,1
2920,0.060207972893961424,-1.0948,0,-2.0358,3.427,0,-1.984,3.439,0.0,-1.925,1
2921,0.058463663928973786,-1.0949,0,-2.0357,3.426,0,-1.982,3.439,0.0,-1.925,1
2922,0.058463663928973786,-1.0949,0,-2.0357,3.426,0,-1.982,3.439,0.0,-1.925,1
2923,0.05922837157984344,-1.0953,0,-2.0352,3.428,0,-1.983,3.44,0.0,-1.925,1
2924,0.06063827174318202,-1.0963,0,-2.0345,3.427,0,-1.984,3.441,0.0,-1.925,1
2925,0.0641950153828163,-1.1002,0,-2.0311,3.426,0,-1.987,3.446,0.0,-1.926,1
2926,0.07669419795525617,-1.105,0,-2.0269,3.423,0,-1.997,3.452,0.0,-1.926,1
2927,0.07300684899377605,-1.1089,0,-2.0243,3.428,0,-1.993,3.457,0.0,-1.926,1
2928,0.06992138442565353,-1.1097,0,-2.0239,3.438,0,-1.993,3.458,0.0,-1.926,1
2929,0.06888396039717826,-1.1097,0,-2.0239,3.442,0,-1.993,3.458,0.0,-1.926,1
2930,0.06596969000988263,-1.1095,0,-2.0241,3.442,0,-1.99,3.458,0.0,-1.926,1
2931,0.0680661443009667,-1.1096,0,-2.0239,3.446,0,-1.993,3.458,0.0,-1.926,1
2932,0.06621933252457325,-1.11,0,-2.0232,3.442,0,-1.991,3.459,0.0,-1.927,1
2933,0.0693757882838098,-1.1131,0,-2.0203,3.445,0,-1.994,3.463,0.0,-1.927,1
2934,0.07615773105863924,-1.1191,0,-2.014,3.441,0,-1.999,3.471,0.0,-1.929,1
2935,0.07529276193632435,-1.1247,0,-2.0084,3.441,0,-1.996,3.479,0.0,-1.931,1
2936,0.08300602387778855,-1.1274,0,-2.0061,3.452,0,-2.008,3.483,0.0,-1.931,1
2937,0.0798122797569397,-1.1273,0,-2.0064,3.461,0,-2.008,3.482,0.0,-1.931,1
2938,0.07844743462982073,-1.1267,0,-2.0066,3.467,0,-2.008,3.482,0.0,-1.931,1
2939,0.0823771813064758,-1.1225,0,-2.0098,3.462,0,-2.012,3.477,0.0,-1.931,1
2940,0.08100000000000018,-1.1105,0,-2.0186,3.462,0,-2.011,3.462,0.0,-1.93,1
2941,0.08572630868059121,-1.0934,0,-2.0312,3.465,0,-2.011,3.44,0.0,-1.929,1
2942,0.09265527507918785,-1.0817,0,-2.0495,3.449,0,-2.009,3.42,0.0,-1.921,1
2943,0.09241753080449612,-1.0665,0,-2.0613,3.422,0,-2.009,3.401,0.0,-1.919,1
2944,0.08982204629154261,-1.0504,0,-2.0733,3.399,0,-2.007,3.381,0.0,-1.919,1
2945,0.09037698822156001,-1.0343,0,-2.0847,3.399,0,-2.0,3.361,0.0,-1.918,1
2946,0.08409518416651462,-1.0148,0,-2.0912,3.378,0,-2.0,3.342,0.0,-1.924,1
2947,0.08011242100947905,-0.9991,0,-2.1008,3.356,0,-1.997,3.323,0.0,-1.924,1
2948,0.07716216689544184,-0.9851,0,-2.1109,3.331,0,-1.997,3.306,0.0,-1.924,1
2949,0.0841724420460758,-0.9738,0,-2.1222,3.304,0,-2.004,3.29,0.0,-1.921,1
2950,0.0838152730712011,-0.9649,0,-2.129,3.304,0,-2.0,3.279,0.0,-1.92,1
2951,0.07746612162745725,-0.9565,0,-2.1345,3.284,0,-1.996,3.269,0.0,-1.92,1
2952,0.07217340230306461,-0.9517,0,-2.1368,3.269,0,-1.993,3.264,0.0,-1.921,1
2953,0.07502666192761095,-0.9488,0,-2.1432,3.256,0,-1.993,3.258,0.0,-1.918,1
2954,0.08321658488546639,-0.9376,0,-2.155,3.248,0,-1.997,3.242,0.0,-1.914,1
2955,0.08011242100947903,-0.9103,0,-2.1628,3.248,0,-1.996,3.215,0.0,-1.923,1
2956,0.08621484790916238,-0.881,0,-2.1785,3.235,0,-1.994,3.182,0.0,-1.926,1
2957,0.10247438704378753,-0.8648,0,-2.197,3.207,0,-2.01,3.158,0.0,-1.92,1
2958,0.10008995953640878,-0.8461,0,-2.213,3.171,0,-2.01,3.134,0.0,-1.917,1
2959,0.08805679985100515,-0.8321,0,-2.224,3.139,0,-2.001,3.116,0.0,-1.916,1
2960,0.08508818954473057,-0.8229,0,-2.2307,3.139,0,-1.994,3.105,0.0,-1.916,1
2961,0.08149233092751731,-0.8125,0,-2.2387,3.111,0,-1.994,3.091,0.0,-1.915,1
2962,0.08296987405076618,-0.7989,0,-2.2486,3.097,0,-1.994,3.075,0.0,-1.914,1
2963,0.0838152730712011,-0.7827,0,-2.2604,3.08,0,-1.993,3.055,0.0,-1.913,1
2964,0.08286132994346633,-0.7668,0,-2.2717,3.06,0,-1.992,3.035,0.0,-1.913,1
2965,0.08352843827104652,-0.7512,0,-2.283,3.06,0,-1.983,3.016,0.0,-1.912,1
2966,0.0813941029804987,-0.7384,0,-2.2923,3.036,0,-1.985,3.0,0.0,-1.912,1
2967,0.07799999999999999,-0.7254,0,-2.3009,3.014,0,-1.984,2.984,0.0,-1.912,1
2968,0.0681542368455552,-0.7121,0,-2.3102,2.994,0,-1.975,2.968,0.0,-1.912,1
2969,0.06525335240430205,-0.6996,0,-2.3183,2.97,0,-1.975,2.953,0.0,-1.912,1
2970,0.07515317691222381,-0.6866,0,-2.3266,2.97,0,-1.98,2.938,0.0,-1.912,1
2971,0.07201388754955534,-0.6721,0,-2.336,2.952,0,-1.978,2.921,0.0,-1.913,1
2972,0.07201388754955515,-0.6567,0,-2.3462,2.933,0,-1.978,2.902,0.0,-1.913,1
2973,0.07021395872616785,-0.6404,0,-2.3572,2.914,0,-1.976,2.883,0.0,-1.913,1
2974,0.07000714249274859,-0.6249,0,-2.3677,2.89,0,-1.978,2.864,0.0,-1.913,1
2975,0.08015609770940696,-0.6101,0,-2.3778,2.89,0,-1.98,2.846,0.0,-1.913,1
2976,0.07119691004531037,-0.5965,0,-2.3869,2.865,0,-1.975,2.83,0.0,-1.913,1
2977,0.06887670143089022,-0.5824,0,-2.3964,2.843,0,-1.975,2.813,0.0,-1.913,1
2978,0.07158910531638182,-0.5675,0,-2.4064,2.825,0,-1.978,2.795,0.0,-1.913,1
2979,0.07211102550927985,-0.5519,0,-2.4164,2.8,0,-1.981,2.776,0.0,-1.913,1
2980,0.07323933369440215,-0.5368,0,-2.4265,2.8,0,-1.974,2.758,0.0,-1.914,1
2981,0.07102112361825876,-0.5221,0,-2.4367,2.778,0,-1.973,2.74,0.0,-1.913,1
2982,0.06896375859826662,-0.5073,0,-2.4472,2.756,0,-1.973,2.722,0.0,-1.913,1
2983,0.07021395872616765,-0.4927,0,-2.4571,2.735,0,-1.976,2.704,0.0,-1.913,1
2984,0.06870953354520773,-0.478,0,-2.467,2.712,0,-1.977,2.687,0.0,-1.913,1
2985,0.07521303078589504,-0.4629,0,-2.4769,2.712,0,-1.974,2.668,0.0,-1.913,1
2986,0.06946221994724915,-0.4481,0,-2.4869,2.686,0,-1.973,2.651,0.0,-1.913,1
2987,0.06847627326307998,-0.4338,0,-2.4968,2.666,0,-1.973,2.633,0.0,-1.913,1
2988,0.0667083203206315,-0.4192,0,-2.5066,2.643,0,-1.974,2.616,0.0,-1.913,1
2989,0.06369458375717667,-0.4049,0,-2.5165,2.622,0,-1.972,2.598,0.0,-1.913,1
2990,0.07433034373659253,-0.3901,0,-2.5258,2.622,0,-1.975,2.581,0.0,-1.913,1
2991,0.06911584478251005,-0.3746,0,-2.536,2.598,0,-1.973,2.562,0.0,-1.914,1
2992,0.06753517601961229,-0.3603,0,-2.5461,2.576,0,-1.973,2.545,0.0,-1.913,1
2993,0.06555150646628949,-0.3449,0,-2.5565,2.55,0,-1.974,2.526,0.0,-1.913,1
2994,0.06545991139621259,-0.3309,0,-2.5661,2.53,0,-1.975,2.509,0.0,-1.913,1
2995,0.06795586803212812,-0.3165,0,-2.5754,2.529,0,-1.971,2.492,0.0,-1.914,1
2996,0.06860029154456997,-0.3016,0,-2.5849,2.509,0,-1.973,2.474,0.0,-1.914,1
2997,0.0671192967781995,-0.2862,0,-2.5956,2.488,0,-1.973,2.456,0.0,-1.914,1
2998,0.0661891229734919,-0.2713,0,-2.6059,2.467,0,-1.973,2.437,0.0,-1.914,1
2999,0.06262587324740462,-0.2571,0,-2.6159,2.441,0,-1.972,2.42,0.0,-1.913,1
3000,0.06795586803212812,-0.243,0,-2.6246,2.441,0,-1.971,2.404,0.0,-1.914,1
3001,0.06911584478251005,-0.2286,0,-2.6337,2.423,0,-1.973,2.387,0.0,-1.914,1
3002,0.06723094525588662,-0.2135,0,-2.6436,2.402,0,-1.973,2.368,0.0,-1.915,1
3003,0.06126989472816137,-0.198,0,-2.6538,2.377,0,-1.97,2.35,0.0,-1.915,1
3004,0.060166435825965425,-0.1833,0,-2.6643,2.354,0,-1.971,2.332,0.0,-1.915,1
3005,0.06963476143421471,-0.1684,0,-2.6736,2.354,0,-1.972,2.314,0.0,-1.915,1
3006,0.06879680225126747,-0.1543,0,-2.6833,2.334,0,-1.973,2.297,0.0,-1.915,1
3007,0.0661891229734917,-0.1396,0,-2.693,2.31,0,-1.974,2.28,0.0,-1.915,1
3008,0.06083584469702038,-0.1244,0,-2.703,2.287,0,-1.97,2.261,0.0,-1.915,1
3009,0.07340980860893181,-0.1087,0,-2.7137,2.287,0,-1.973,2.242,0.0,-1.915,1
3010,0.06963476143421471,-0.0944,0,-2.7233,2.265,0,-1.972,2.225,0.0,-1.915,1
3011,0.0672309452558864,-0.0806,0,-2.7331,2.242,0,-1.973,2.208,0.0,-1.915,1
3012,0.0648459713474941,-0.0664,0,-2.743,2.22,0,-1.973,2.191,0.0,-1.915,1
3013,0.06307138812488591,-0.0514,0,-2.7532,2.2,0,-1.972,2.173,0.0,-1.915,1
3014,0.07247068372797395,-0.0359,0,-2.7632,2.2,0,-1.971,2.154,0.0,-1.915,1
3015,0.06881860213634107,-0.0206,0,-2.7735,2.176,0,-1.971,2.136,0.0,-1.915,1
3016,0.06300793600809336,-0.0057,0,-2.7839,2.155,0,-1.966,2.118,0.0,-1.915,1
3017,0.058668560575490414,0.0093,0,-2.794,2.129,0,-1.966,2.1,0.0,-1.915,1
3018,0.04604345773288552,0.0244,0,-2.8048,2.107,0,-1.952,2.081,0.0,-1.914,0
3019,0.05813776741499459,0.0391,0,-2.8147,2.107,0,-1.952,2.063,0.0,-1.914,1
3020,0.052497618993626795,0.0544,0,-2.8251,2.085,0,-1.948,2.045,0.0,-1.914,1
3021,0.04404543109109035,0.0694,0,-2.8356,2.061,0,-1.942,2.027,0.0,-1.914,0
3022,0.03962322551231793,0.0833,0,-2.8458,2.036,0,-1.942,2.009,0.0,-1.913,0
3023,0.03720215047547658,0.0964,0,-2.8557,2.015,0,-1.943,1.993,0.0,-1.913,0
3024,0.03966106403010401,0.1327,0,-2.8809,1.971,0,-1.945,1.949,0.0,-1.912,0
3025,0.05390732788777428,0.1481,0,-2.8922,1.971,0,-1.946,1.93,0.0,-1.911,1
3026,0.04720169488482383,0.1635,0,-2.9028,1.949,0,-1.939,1.911,0.0,-1.911,0
3027,0.042638011210655566,0.178,0,-2.9129,1.926,0,-1.938,1.893,0.0,-1.911,0
3028,0.0353836120259083,0.1918,0,-2.9232,1.9,0,-1.936,1.876,0.0,-1.91,0
3029,0.03858756276314942,0.2058,0,-2.9337,1.879,0,-1.942,1.859,0.0,-1.909,0
3030,0.053740115370177505,0.22,0,-2.9452,1.878,0,-1.946,1.84,0.0,-1.908,1
3031,0.05448853090330123,0.2344,0,-2.9559,1.86,0,-1.947,1.823,0.0,-1.907,1
3032,0.05390732788777428,0.2492,0,-2.9666,1.839,0,-1.947,1.804,0.0,-1.906,1
3033,0.062128898268036324,0.2625,0,-2.9771,1.839,0,-1.939,1.787,0.0,-1.905,1
3034,0.03671511950137167,0.2758,0,-2.987,1.789,0,-1.936,1.771,0.0,-1.904,0
3035,0.04816637831516923,0.2898,0,-2.9972,1.789,0,-1.936,1.753,0.0,-1.904,0
3036,0.051623637996561195,0.3033,0,-3.009,1.772,0,-1.938,1.736,0.0,-1.901,1
3037,0.04666904755831218,0.3154,0,-3.0214,1.752,0,-1.931,1.719,0.0,-1.898,0
3038,0.046486557196677915,0.3288,0,-3.0324,1.745,0,-1.911,1.701,0.0,-1.896,0
3039,0.04318564576337829,0.345,0,-3.0414,1.726,0,-1.894,1.683,0.0,-1.898,0
3040,0.06100819617067874,0.3615,0,-3.0506,1.725,0,-1.901,1.664,0.0,-1.9,1
3041,0.05100980297942755,0.3776,0,-3.0592,1.697,0,-1.902,1.646,0.0,-1.901,1
3042,0.04501110973970775,0.3939,0,-3.068,1.673,0,-1.902,1.628,0.0,-1.903,0
3043,0.04701063709417256,0.4096,0,-3.0763,1.657,0,-1.906,1.61,0.0,-1.905,0
3044,0.03401470270338971,0.4251,0,-3.0848,1.626,0,-1.906,1.592,0.0,-1.907,0
3045,0.04687216658103188,0.4404,0,-3.0923,1.621,0,-1.918,1.575,0.0,-1.909,0
3046,0.03667424164178443,0.4556,0,-3.0982,1.593,0,-1.929,1.56,0.0,-1.913,0
3047,0.03448187929913331,0.4706,0,-3.1063,1.573,0,-1.932,1.543,0.0,-1.915,0
3048,0.037947331922020586,0.4862,0,-3.1165,1.56,0,-1.927,1.524,0.0,-1.915,0
3049,0.04272001872658766,0.5016,0,-3.1272,1.545,0,-1.93,1.505,0.0,-1.915,0
3050,0.060440052945046174,0.5166,0,-3.1376,1.545,0,-1.931,1.487,0.0,-1.914,1
3051,0.05239274758971888,0.5311,0,-3.1477,1.52,0,-1.926,1.469,0.0,-1.914,1
3052,0.046572524088780216,0.5458,0,-3.1572,1.497,0,-1.926,1.452,0.0,-1.914,0
3053,0.04341658669218483,0.5602,0,-3.1666,1.477,0,-1.926,1.435,0.0,-1.915,0
3054,0.034785054261852064,0.5751,0,-3.1763,1.45,0,-1.926,1.417,0.0,-1.915,0
3055,0.05135172830587122,0.5882,0,-3.1869,1.451,0,-1.92,1.4,0.0,-1.914,1
3056,0.04396589587396123,0.5973,0,-3.1992,1.428,0,-1.922,1.386,0.0,-1.909,0
3057,0.0395600808897049,0.6086,0,-3.2073,1.409,0,-1.922,1.372,0.0,-1.908,0
3058,0.043104524124504544,0.6221,0,-3.2159,1.399,0,-1.906,1.356,0.0,-1.909,0
3059,0.03744329045369817,0.6368,0,-3.216,1.374,0,-1.938,1.343,0.0,-1.917,0
3060,0.0582408791142442,0.6578,0,-3.225,1.377,0,-1.937,1.321,0.0,-1.921,1
3061,0.053935146240647144,0.6762,0,-3.2318,1.355,0,-1.916,1.302,0.0,-1.926,1
3062,0.05707889277132128,0.6914,0,-3.249,1.337,0,-1.917,1.28,0.0,-1.92,1
3063,0.0559016994374949,0.7082,0,-3.2608,1.314,0,-1.93,1.259,0.0,-1.92,1
3064,0.04909175083453424,0.7204,0,-3.2702,1.293,0,-1.922,1.244,0.0,-1.919,0
3065,0.05999999999999983,0.7323,0,-3.2756,1.291,0,-1.921,1.231,0.0,-1.921,1
3066,0.04850773134253964,0.7457,0,-3.2826,1.264,0,-1.93,1.216,0.0,-1.923,0
3067,0.04356604182158388,0.7625,0,-3.2918,1.24,0,-1.931,1.197,0.0,-1.924,0
3068,0.04904079934095685,0.7783,0,-3.3002,1.228,0,-1.924,1.179,0.0,-1.926,0
3069,0.044102154142399944,0.7957,0,-3.3109,1.203,0,-1.924,1.159,0.0,-1.927,0
3070,0.05830951894845306,0.8069,0,-3.3185,1.203,0,-1.921,1.145,0.0,-1.927,1
3071,0.049254441424098946,0.8232,0,-3.3276,1.176,0,-1.924,1.127,0.0,-1.929,0
3072,0.04825971404805445,0.8389,0,-3.3375,1.156,0,-1.924,1.108,0.0,-1.929,0
3073,0.04837354648979112,0.8525,0,-3.3454,1.14,0,-1.924,1.092,0.0,-1.93,0
3074,0.06220128616033579,0.8651,0,-3.353,1.14,0,-1.926,1.078,0.0,-1.931,1
3075,0.05433231082882455,0.8785,0,-3.3611,1.116,0,-1.926,1.062,0.0,-1.932,1
3076,0.052469038489379685,0.8935,0,-3.3701,1.096,0,-1.926,1.044,0.0,-1.933,1
3077,0.05048762224545738,0.9092,0,-3.3794,1.076,0,-1.927,1.026,0.0,-1.934,1
3078,0.048507731342539676,0.9259,0,-3.3888,1.055,0,-1.928,1.007,0.0,-1.935,0
3079,0.06736467917239712,0.9426,0,-3.3982,1.055,0,-1.93,0.988,0.0,-1.937,1
3080,0.06760177512462222,0.9584,0,-3.408,1.037,0,-1.929,0.97,0.0,-1.938,1
3081,0.05557877292636095,0.9739,0,-3.4172,1.007,0,-1.931,0.952,0.0,-1.939,1
3082,0.05573149917237102,0.989,0,-3.426,0.989,0,-1.931,0.934,0.0,-1.94,1
3083,0.044283179650969,1.0038,0,-3.4346,0.961,0,-1.936,0.917,0.0,-1.941,0
3084,0.061204574992397356,1.0181,0,-3.4431,0.961,0,-1.937,0.9,0.0,-1.942,1
3085,0.05842088667591408,1.0323,0,-3.452,0.942,0,-1.936,0.884,0.0,-1.943,1
3086,0.059841457201508776,1.0476,0,-3.4612,0.925,0,-1.934,0.866,0.0,-1.944,1
3087,0.055901699437494796,1.063,0,-3.4706,0.903,0,-1.934,0.848,0.0,-1.944,1
3088,0.0486621002423858,1.0789,0,-3.4801,0.877,0,-1.938,0.829,0.0,-1.946,0
3089,0.06618912297349158,1.0945,0,-3.49,0.877,0,-1.941,0.811,0.0,-1.946,1
3090,0.0652763356814703,1.1105,0,-3.4997,0.857,0,-1.941,0.792,0.0,-1.947,1
3091,0.056089214649520554,1.1259,0,-3.5091,0.829,0,-1.937,0.774,0.0,-1.948,1
3092,0.05531726674375737,1.1404,0,-3.5183,0.811,0,-1.936,0.757,0.0,-1.948,1
3093,0.04751841748206695,1.1552,0,-3.5274,0.787,0,-1.942,0.74,0.0,-1.949,0
3094,0.06462971452822615,1.17,0,-3.5365,0.786,0,-1.941,0.722,0.0,-1.95,1
3095,0.06029925372672539,1.1853,0,-3.5455,0.765,0,-1.945,0.705,0.0,-1.951,1
3096,0.053758720222862405,1.2003,0,-3.555,0.74,0,-1.942,0.687,0.0,-1.951,1
3097,0.053935146240647144,1.2148,0,-3.5639,0.723,0,-1.942,0.67,0.0,-1.952,1
3098,0.04850773134253955,1.2296,0,-3.5733,0.699,0,-1.941,0.652,0.0,-1.953,0
3099,0.06493843238021685,1.2445,0,-3.5826,0.699,0,-1.942,0.635,0.0,-1.953,1
3100,0.05632051136131495,1.2595,0,-3.5917,0.671,0,-1.938,0.617,0.0,-1.954,1
3101,0.05531726674375737,1.2751,0,-3.6014,0.653,0,-1.943,0.599,0.0,-1.955,1
3102,0.05531726674375737,1.2913,0,-3.6116,0.634,0,-1.944,0.58,0.0,-1.956,1
3103,0.05263078946776298,1.307,0,-3.6212,0.612,0,-1.943,0.561,0.0,-1.956,1
3104,0.07083078426785908,1.3219,0,-3.631,0.612,0,-1.941,0.543,0.0,-1.957,1
3105,0.05903388857258173,1.3367,0,-3.6408,0.584,0,-1.946,0.526,0.0,-1.957,1
3106,0.056515484603779136,1.3515,0,-3.6501,0.563,0,-1.944,0.508,0.0,-1.957,1
3107,0.048083261120685276,1.3663,0,-3.6596,0.537,0,-1.944,0.491,0.0,-1.958,0
3108,0.04275511665286394,1.3806,0,-3.6689,0.516,0,-1.95,0.474,0.0,-1.958,0
3109,0.060671245248470035,1.395,0,-3.6783,0.516,0,-1.949,0.456,0.0,-1.958,1
3110,0.05604462507680824,1.4096,0,-3.6879,0.493,0,-1.944,0.439,0.0,-1.959,1
3111,0.05316013544000808,1.4248,0,-3.698,0.472,0,-1.944,0.421,0.0,-1.959,1
3112,0.04949747468305833,1.4403,0,-3.7081,0.451,0,-1.952,0.402,0.0,-1.959,0
3113,0.04632493928760189,1.456,0,-3.7188,0.428,0,-1.948,0.383,0.0,-1.959,0
3114,0.06350590523722971,1.4711,0,-3.729,0.428,0,-1.951,0.365,0.0,-1.959,1
3115,0.05393514624064725,1.4862,0,-3.7385,0.4,0,-1.95,0.347,0.0,-1.96,1
3116,0.04981967482832461,1.5004,0,-3.7482,0.379,0,-1.95,0.33,0.0,-1.959,0
3117,0.04589117562233503,1.5148,0,-3.7575,0.358,0,-1.951,0.313,0.0,-1.96,0
3118,0.042296571965113224,1.5298,0,-3.7669,0.337,0,-1.955,0.295,0.0,-1.96,0
3119,0.06053098380168623,1.5447,0,-3.7764,0.337,0,-1.953,0.277,0.0,-1.961,1
3120,0.04850773134253962,1.5537,0,-3.7821,0.315,0,-1.954,0.267,0.0,-1.961,0
3121,0.028861739379323622,1.5542,0,-3.7828,0.294,0,-1.954,0.266,0.0,-1.961,0
3122,0.013453624047073797,1.552,0,-3.7815,0.279,0,-1.952,0.269,0.0,-1.961,0
3123,0.012041594578792307,1.55,0,-3.7801,0.28,0,-1.953,0.271,0.0,-1.961,0
3124,0.01204159457879239,1.5488,0,-3.7794,0.28,0,-1.952,0.272,0.0,-1.961,0
3125,0.012727922061357946,1.5488,0,-3.7792,0.281,0,-1.952,0.272,0.0,-1.961,0
3126,0.015000000000000036,1.5488,0,-3.7794,0.284,0,-1.952,0.272,0.0,-1.961,0
3127,0.015652475842498542,1.5511,0,-3.7808,0.284,0,-1.954,0.27,0.0,-1.961,0
3128,0.02599999999999997,1.5601,0,-3.7869,0.283,0,-1.951,0.259,0.0,-1.961,0
3129,0.043931765272977596,1.576,0,-3.7973,0.283,0,-1.952,0.24,0.0,-1.961,0
3130,0.060827625302982226,1.5958,0,-3.8102,0.276,0,-1.952,0.216,0.0,-1.962,1
3131,0.0608276253029822,1.6161,0,-3.8234,0.252,0,-1.952,0.192,0.0,-1.962,1
3132,0.04964876634922566,1.6322,0,-3.8337,0.222,0,-1.954,0.173,0.0,-1.962,0
3133,0.024999999999999963,1.6367,0,-3.8369,0.191,0,-1.955,0.167,0.0,-1.962,0
3134,0.020223748416156657,1.6338,0,-3.8352,0.191,0,-1.959,0.171,0.0,-1.962,0
3135,0.004123105625617665,1.6301,0,-3.8324,0.174,0,-1.958,0.175,0.0,-1.962,0
3136,0.0040000000000000036,1.6268,0,-3.8306,0.179,0,-1.958,0.179,0.0,-1.962,0
3137,0.005830951894845249,1.627,0,-3.8304,0.184,0,-1.959,0.179,0.0,-1.962,0
3138,0.015524174696260037,1.633,0,-3.8347,0.187,0,-1.958,0.172,0.0,-1.962,0
3139,0.028071337695236398,1.644,0,-3.8418,0.187,0,-1.96,0.159,0.0,-1.962,0
3140,0.03811823710509183,1.6531,0,-3.8481,0.185,0,-1.959,0.147,0.0,-1.962,0
3141,0.025179356624028353,1.6568,0,-3.8504,0.168,0,-1.959,0.143,0.0,-1.962,0
3142,0.010816653826391976,1.6562,0,-3.8499,0.153,0,-1.956,0.144,0.0,-1.962,0
3143,0.005656854249492385,1.6549,0,-3.8491,0.149,0,-1.958,0.145,0.0,-1.962,0
3144,0.008485281374238578,1.6548,0,-3.8491,0.152,0,-1.956,0.146,0.0,-1.962,0
3145,0.00781024967590659,1.6548,0,-3.8491,0.152,0,-1.957,0.146,0.0,-1.962,0
3146,0.005830951894845249,1.6551,0,-3.8496,0.15,0,-1.959,0.145,0.0,-1.962,0
3147,0.009433981132056611,1.6551,0,-3.8496,0.15,0,-1.954,0.145,0.0,-1.962,0
3148,0.009899494936611596,1.655,0,-3.8498,0.152,0,-1.955,0.145,0.0,-1.962,0
3149,0.011401754250991322,1.655,0,-3.8497,0.154,0,-1.955,0.145,0.0,-1.962,0
3150,0.009899494936611596,1.6552,0,-3.8497,0.152,0,-1.955,0.145,0.0,-1.962,0
3151,0.007280109889280525,1.655,0,-3.8498,0.152,0,-1.96,0.145,0.0,-1.962,0
3152,0.009219544457292894,1.6551,0,-3.8498,0.152,0,-1.956,0.145,0.0,-1.962,0
3153,0.010630145812734658,1.6551,0,-3.8496,0.152,0,-1.954,0.145,0.0,-1.962,0
3154,0.004472135954999584,1.9534,0,-3.4514,0.123,0,-2.455,0.121,0.0,-2.459,0
3155,0.004242640687119367,1.9533,0,-3.4513,0.124,0,-2.456,0.121,0.0,-2.459,0
3156,0.0064031242374327675,1.9534,0,-3.4513,0.125,0,-2.454,0.121,0.0,-2.459,0
3157,0.0064031242374327675,1.9534,0,-3.4513,0.125,0,-2.454,0.121,0.0,-2.459,0
3158,0.003605551275464085,1.9533,0,-3.4513,0.123,0,-2.456,0.121,0.0,-2.459,0
3159,0.003605551275464085,1.9534,0,-3.4512,0.123,0,-2.456,0.121,0.0,-2.459,0
3160,0.0050000000000000044,1.9534,0,-3.4512,0.124,0,-2.455,0.121,0.0,-2.459,0
3161,0.003162277660168488,1.9534,0,-3.4513,0.122,0,-2.456,0.121,0.0,-2.459,0
3162,0.004123105625617665,1.9533,0,-3.4511,0.122,0,-2.455,0.121,0.0,-2.459,0
3163,0.0050000000000000044,1.9533,0,-3.4513,0.124,0,-2.455,0.121,0.0,-2.459,0
3164,0.0050000000000000044,1.9533,0,-3.4512,0.124,0,-2.455,0.121,0.0,-2.459,0
3165,0.0050000000000000044,1.9532,0,-3.4513,0.124,0,-2.455,0.121,0.0,-2.459,0
3166,0.004123105625617665,1.9533,0,-3.4513,0.122,0,-2.455,0.121,0.0,-2.459,0
3167,0.00509901951359268,1.9533,0,-3.4511,0.122,0,-2.454,0.121,0.0,-2.459,0
3168,0.00583095189484521,1.9532,0,-3.451,0.124,0,-2.454,0.121,0.0,-2.459,0
3169,0.00583095189484521,1.9532,0,-3.4511,0.124,0,-2.454,0.121,0.0,-2.459,0
3170,0.005385164807134406,1.9532,0,-3.4512,0.123,0,-2.454,0.121,0.0,-2.459,0
3171,0.003605551275464085,1.9533,0,-3.4511,0.123,0,-2.456,0.121,0.0,-2.459,0
3172,0.005385164807134406,1.9533,0,-3.4511,0.123,0,-2.454,0.121,0.0,-2.459,0
3173,0.0036055512754641157,1.9533,0,-3.4511,0.124,0,-2.457,0.121,0.0,-2.459,0
3174,0.0036055512754641157,1.9532,0,-3.4511,0.124,0,-2.457,0.121,0.0,-2.459,0
3175,0.0030000000000001137,1.9532,0,-3.4512,0.121,0,-2.456,0.121,0.0,-2.459,0
3176,0.0050000000000000044,1.9532,0,-3.4511,0.124,0,-2.455,0.121,0.0,-2.459,0
3177,0.0050000000000000044,1.9532,0,-3.4511,0.124,0,-2.455,0.121,0.0,-2.459,0
3178,0.005385164807134406,1.9508,0,-3.4496,0.122,0,-2.454,0.124,0.0,-2.459,0
3179,0.013928388277184092,1.9406,0,-3.4428,0.123,0,-2.454,0.136,0.0,-2.459,0
3180,0.0282842712474619,1.924,0,-3.4324,0.128,0,-2.454,0.156,0.0,-2.458,0
3181,0.052345009313209616,1.9046,0,-3.4189,0.128,0,-2.453,0.18,0.0,-2.459,1
3182,0.05821511831131159,1.8851,0,-3.4063,0.145,0,-2.453,0.203,0.0,-2.458,1
3183,0.05100980297942742,1.8685,0,-3.3951,0.172,0,-2.457,0.223,0.0,-2.458,1
3184,0.0350142828000232,1.8549,0,-3.3861,0.204,0,-2.457,0.239,0.0,-2.458,0
3185,0.024020824298928635,1.8435,0,-3.3787,0.229,0,-2.457,0.253,0.0,-2.458,0
3186,0.0370540146272978,1.8324,0,-3.3715,0.229,0,-2.455,0.266,0.0,-2.457,0
3187,0.03125699921617559,1.8208,0,-3.3637,0.249,0,-2.453,0.28,0.0,-2.457,0
3188,0.031064449134018093,1.8075,0,-3.3547,0.265,0,-2.455,0.296,0.0,-2.457,0
3189,0.023086792761230393,1.7984,0,-3.3486,0.284,0,-2.455,0.307,0.0,-2.457,0
3190,0.01315294643796595,1.7905,0,-3.3431,0.303,0,-2.456,0.316,0.0,-2.458,0
3191,0.029017236257093855,1.7776,0,-3.3352,0.303,0,-2.458,0.332,0.0,-2.457,0
3192,0.04199999999999998,1.7608,0,-3.3246,0.309,0,-2.456,0.351,0.0,-2.456,0
3193,0.05203844732503073,1.7389,0,-3.3091,0.326,0,-2.455,0.378,0.0,-2.457,1
3194,0.049091750834534334,1.7244,0,-3.2995,0.347,0,-2.454,0.396,0.0,-2.457,0
3195,0.017029386365926352,1.7042,0,-3.2869,0.402,0,-2.457,0.419,0.0,-2.456,0
3196,0.017029386365926408,1.6946,0,-3.2816,0.413,0,-2.456,0.43,0.0,-2.455,0
3197,0.028000000000000025,1.6844,0,-3.2737,0.415,0,-2.456,0.443,0.0,-2.456,0
3198,0.029000000000000026,1.6731,0,-3.2659,0.428,0,-2.456,0.457,0.0,-2.456,0
3199,0.031016124838541614,1.6611,0,-3.2584,0.44,0,-2.456,0.471,0.0,-2.455,0
3200,0.02601922366251534,1.6474,0,-3.2495,0.461,0,-2.456,0.487,0.0,-2.455,0
3201,0.027166155414412238,1.6339,0,-3.2411,0.476,0,-2.457,0.503,0.0,-2.454,0
3202,0.0401123422402632,1.6235,0,-3.2335,0.476,0,-2.458,0.516,0.0,-2.455,0
3203,0.034014702703389924,1.611,0,-3.2239,0.498,0,-2.457,0.532,0.0,-2.456,0
3204,0.013416407864998849,1.4066,0,-3.0899,0.764,0,-2.458,0.776,0.0,-2.452,0
3205,0.01565247584249859,1.3987,0,-3.0848,0.772,0,-2.459,0.786,0.0,-2.452,0
3206,0.014866068747318481,1.3903,0,-3.0792,0.782,0,-2.457,0.796,0.0,-2.452,0
3207,0.02024845673131649,1.385,0,-3.078,0.782,0,-2.457,0.801,0.0,-2.45,0
3208,0.008062257748298269,1.3842,0,-3.0778,0.798,0,-2.457,0.802,0.0,-2.45,0
3209,0.008602325267042363,1.3844,0,-3.0779,0.806,0,-2.457,0.801,0.0,-2.45,0
3210,0.0064031242374327675,1.3844,0,-3.0777,0.806,0,-2.455,0.802,0.0,-2.45,0
3211,0.00583095189484521,1.3845,0,-3.0777,0.804,0,-2.455,0.801,0.0,-2.45,0
3212,0.00583095189484521,1.3845,0,-3.0778,0.804,0,-2.455,0.801,0.0,-2.45,0
3213,0.0040000000000000036,1.3844,0,-3.0776,0.802,0,-2.454,0.802,0.0,-2.45,0
3214,0.005656854249492385,1.3844,0,-3.0776,0.806,0,-2.454,0.802,0.0,-2.45,0
3215,0.0064031242374327675,1.3844,0,-3.0776,0.806,0,-2.455,0.802,0.0,-2.45,0
3216,0.006324555320336554,1.3845,0,-3.0776,0.804,0,-2.456,0.802,0.0,-2.45,0
3217,0.005385164807134406,1.3843,0,-3.0776,0.804,0,-2.455,0.802,0.0,-2.45,0
3218,0.0064031242374327675,1.3843,0,-3.0775,0.806,0,-2.455,0.802,0.0,-2.45,0
3219,0.00509901951359268,1.3844,0,-3.0774,0.803,0,-2.455,0.802,0.0,-2.45,0
3220,0.005656854249492385,1.3843,0,-3.0774,0.806,0,-2.454,0.802,0.0,-2.45,0
3221,0.007071067811865403,1.3844,0,-3.0775,0.807,0,-2.455,0.802,0.0,-2.45,0
3222,0.006708203932499424,1.3865,0,-3.078,0.806,0,-2.454,0.8,0.0,-2.451,0
3223,0.015524174696260037,1.395,0,-3.0825,0.805,0,-2.456,0.79,0.0,-2.452,0
3224,0.027294688127912387,1.4081,0,-3.0907,0.802,0,-2.456,0.775,0.0,-2.452,0
3225,0.03313608305156182,1.4238,0,-3.1013,0.789,0,-2.456,0.756,0.0,-2.453,0
3226,0.05403702434442524,1.4403,0,-3.1123,0.79,0,-2.455,0.736,0.0,-2.453,1
3227,0.0600333240792146,1.4569,0,-3.1232,0.776,0,-2.455,0.716,0.0,-2.453,1
3228,0.050000000000000044,1.4723,0,-3.1332,0.748,0,-2.453,0.698,0.0,-2.453,1
3229,0.04504442251822077,1.4863,0,-3.1422,0.726,0,-2.452,0.681,0.0,-2.454,0
3230,0.040112342240263096,1.4997,0,-3.1507,0.705,0,-2.451,0.665,0.0,-2.454,0
3231,0.05514526271584888,1.5128,0,-3.1589,0.705,0,-2.451,0.65,0.0,-2.455,1
3232,0.04617358552246082,1.5261,0,-3.1671,0.68,0,-2.451,0.634,0.0,-2.455,0
3233,0.04652956049652743,1.539,0,-3.1751,0.665,0,-2.449,0.619,0.0,-2.456,0
3234,0.06350590523722976,1.5527,0,-3.1838,0.666,0,-2.448,0.603,0.0,-2.456,1
3235,0.03962322551231795,1.5662,0,-3.1928,0.625,0,-2.449,0.586,0.0,-2.456,0
3236,0.05423098745182507,1.5759,0,-3.202,0.627,0,-2.449,0.573,0.0,-2.454,1
3237,0.03863935817272337,1.5815,0,-3.2057,0.605,0,-2.447,0.567,0.0,-2.454,0
3238,0.0228473193175917,1.5833,0,-3.2064,0.586,0,-2.446,0.565,0.0,-2.455,0
3239,0.015264337522473762,1.5832,0,-3.2061,0.578,0,-2.447,0.565,0.0,-2.455,0
3240,0.010630145812734658,1.583,0,-3.2061,0.572,0,-2.447,0.565,0.0,-2.455,0
3241,0.011401754250991302,1.5832,0,-3.2063,0.572,0,-2.446,0.565,0.0,-2.455,0
3242,0.013038404810405402,1.5832,0,-3.2062,0.572,0,-2.444,0.565,0.0,-2.455,0
3243,0.012806248474865882,1.5832,0,-3.2063,0.573,0,-2.445,0.565,0.0,-2.455,0
3244,0.014866068747318668,1.5832,0,-3.2063,0.576,0,-2.445,0.565,0.0,-2.455,0
3245,0.014866068747318668,1.5832,0,-3.2063,0.576,0,-2.445,0.565,0.0,-2.455,0
3246,0.014866068747318668,1.5832,0,-3.2064,0.576,0,-2.445,0.565,0.0,-2.455,0
3247,0.010000000000000009,1.5833,0,-3.2065,0.571,0,-2.447,0.565,0.0,-2.455,0
3248,0.014212670403551838,1.5832,0,-3.2065,0.576,0,-2.446,0.565,0.0,-2.455,0
3249,0.014212670403551838,1.5833,0,-3.2066,0.576,0,-2.446,0.565,0.0,-2.455,0
3250,0.011401754250991653,1.5821,0,-3.206,0.573,0,-2.445,0.566,0.0,-2.454,0
3251,0.00824621125123533,1.5784,0,-3.2038,0.572,0,-2.446,0.57,0.0,-2.454,0
3252,0.01100000000000012,1.5723,0,-3.1981,0.578,0,-2.444,0.578,0.0,-2.455,0
3253,0.01780449381476494,1.5624,0,-3.191,0.577,0,-2.445,0.591,0.0,-2.456,0
3254,0.022203603311174554,1.5527,0,-3.1847,0.58,0,-2.453,0.602,0.0,-2.456,0
3255,0.017117242768623732,1.5449,0,-3.1797,0.594,0,-2.453,0.611,0.0,-2.455,0
3256,0.005385164807134591,1.5387,0,-3.1759,0.614,0,-2.453,0.619,0.0,-2.455,0
3257,0.005099019513592768,1.5334,0,-3.1724,0.62,0,-2.454,0.625,0.0,-2.455,0
3258,0.01140175425099142,1.5282,0,-3.1693,0.62,0,-2.452,0.631,0.0,-2.455,0
3259,0.011180339887498999,1.5224,0,-3.1657,0.627,0,-2.452,0.638,0.0,-2.454,0
3260,0.00905538513813746,1.5158,0,-3.1613,0.637,0,-2.453,0.646,0.0,-2.454,0
3261,0.01104536101718726,1.5089,0,-3.1572,0.643,0,-2.455,0.654,0.0,-2.454,0
3262,0.008246211251235383,1.5015,0,-3.1525,0.655,0,-2.452,0.663,0.0,-2.454,0
3263,0.01612451549659714,1.4945,0,-3.1479,0.655,0,-2.455,0.671,0.0,-2.453,0
3264,0.017000000000000015,1.4876,0,-3.1436,0.662,0,-2.453,0.679,0.0,-2.453,0
3265,0.01200000000000001,1.4812,0,-3.1395,0.675,0,-2.453,0.687,0.0,-2.453,0
3266,0.013038404810405189,1.4754,0,-3.1356,0.681,0,-2.452,0.694,0.0,-2.453,0
3267,0.007280109889280586,1.4693,0,-3.1316,0.694,0,-2.455,0.701,0.0,-2.453,0
3268,0.017000000000000015,1.4621,0,-3.127,0.693,0,-2.453,0.71,0.0,-2.453,0
3269,0.015132745950421599,1.455,0,-3.1221,0.703,0,-2.455,0.718,0.0,-2.453,0
3270,0.017262676501632105,1.4477,0,-3.1175,0.71,0,-2.455,0.727,0.0,-2.452,0
3271,0.014142135623730994,1.4408,0,-3.1128,0.721,0,-2.455,0.735,0.0,-2.453,0
3272,0.01529705854077839,1.4343,0,-3.1083,0.728,0,-2.456,0.743,0.0,-2.453,0
3273,0.02308679276123043,1.4282,0,-3.104,0.728,0,-2.455,0.751,0.0,-2.453,0
3274,0.01456021977856105,1.4223,0,-3.1002,0.744,0,-2.457,0.758,0.0,-2.453,0
3275,0.013601470508735456,1.4165,0,-3.0962,0.752,0,-2.457,0.765,0.0,-2.453,0
3276,0.01044030650891059,1.4104,0,-3.0922,0.762,0,-2.456,0.772,0.0,-2.453,0
3277,0.013928388277184092,1.4032,0,-3.0875,0.767,0,-2.457,0.78,0.0,-2.452,0
3278,0.02256102834535695,1.3964,0,-3.083,0.767,0,-2.457,0.789,0.0,-2.452,0
3279,0.01868154169226939,1.3901,0,-3.0787,0.778,0,-2.457,0.796,0.0,-2.452,0
3280,0.009999999999999877,1.3866,0,-3.0775,0.792,0,-2.457,0.8,0.0,-2.451,0
3281,0.006708203932499176,1.3854,0,-3.0776,0.798,0,-2.457,0.801,0.0,-2.451,0
3282,0.007280109889280205,1.3839,0,-3.0768,0.8,0,-2.457,0.802,0.0,-2.45,0
3283,0.006403124237432854,1.382,0,-3.0751,0.8,0,-2.455,0.805,0.0,-2.451,0
3284,0.00943398113205646,1.3759,0,-3.0706,0.805,0,-2.456,0.813,0.0,-2.451,0
3285,0.019646882704388382,1.3656,0,-3.0635,0.806,0,-2.456,0.825,0.0,-2.451,0
3286,0.02121320343559646,1.3574,0,-3.0562,0.815,0,-2.456,0.836,0.0,-2.453,0
3287,0.020223748416156654,1.3485,0,-3.0489,0.827,0,-2.457,0.847,0.0,-2.454,0
3288,0.029427877939124332,1.3414,0,-3.0433,0.827,0,-2.459,0.856,0.0,-2.454,0
3289,0.02507987240796884,1.3359,0,-3.039,0.84,0,-2.465,0.863,0.0,-2.455,0
3290,0.026570660511172833,1.3286,0,-3.0332,0.848,0,-2.465,0.873,0.0,-2.456,0
3291,0.033541019662496924,1.3165,0,-3.0262,0.857,0,-2.47,0.887,0.0,-2.455,0
3292,0.041231056256176644,1.3102,0,-3.0206,0.857,0,-2.472,0.895,0.0,-2.456,0
3293,0.028017851452243826,1.3061,0,-3.0175,0.877,0,-2.472,0.9,0.0,-2.456,0
3294,0.025000000000000022,1.3028,0,-3.016,0.889,0,-2.475,0.904,0.0,-2.455,0
3295,0.020615528128088423,1.2989,0,-3.0133,0.9,0,-2.474,0.908,0.0,-2.455,0
3296,0.02193171219946133,1.2934,0,-3.0093,0.9,0,-2.472,0.915,0.0,-2.456,0
3297,0.02860069929215014,1.2871,0,-3.0043,0.9,0,-2.473,0.923,0.0,-2.456,0
3298,0.026400757564888196,1.2799,0,-2.9987,0.911,0,-2.473,0.932,0.0,-2.457,0
3299,0.02561249694973133,1.2723,0,-2.9948,0.921,0,-2.472,0.941,0.0,-2.456,0
3300,0.019723082923315885,1.2682,0,-2.9928,0.935,0,-2.472,0.945,0.0,-2.455,0
3301,0.019313207915827777,1.2665,0,-2.9926,0.94,0,-2.472,0.947,0.0,-2.454,0
3302,0.02416609194718937,1.2636,0,-2.9921,0.94,0,-2.475,0.95,0.0,-2.453,0
3303,0.027784887978899633,1.2568,0,-2.9889,0.943,0,-2.476,0.957,0.0,-2.452,0
3304,0.0378021163428717,1.2481,0,-2.9747,0.942,0,-2.482,0.972,0.0,-2.459,0
3305,0.04304648650006192,1.2355,0,-2.9641,0.952,0,-2.483,0.989,0.0,-2.461,0
3306,0.04080441152620636,1.2256,0,-2.9543,0.963,0,-2.475,1.002,0.0,-2.463,0
3307,0.050921508225895966,1.2197,0,-2.9465,0.963,0,-2.483,1.011,0.0,-2.466,1
3308,0.039824615503479634,1.2116,0,-2.9448,0.988,0,-2.488,1.019,0.0,-2.463,0
3309,0.028999999999999946,1.2027,0,-2.9394,1.01,0,-2.484,1.03,0.0,-2.463,0
3310,0.023259406699225937,1.2009,0,-2.9382,1.022,0,-2.484,1.032,0.0,-2.463,0
3311,0.025059928172283166,1.1984,0,-2.9374,1.022,0,-2.484,1.034,0.0,-2.462,0
3312,0.023409399821439063,1.1965,0,-2.9367,1.028,0,-2.484,1.036,0.0,-2.462,0
3313,0.022847319317591687,1.1963,0,-2.9365,1.027,0,-2.483,1.036,0.0,-2.462,0
3314,0.028653097563788733,1.195,0,-2.9352,1.024,0,-2.487,1.038,0.0,-2.462,0
3315,0.023853720883753208,1.1908,0,-2.9312,1.031,0,-2.483,1.044,0.0,-2.463,0
3316,0.02920616373302054,1.1828,0,-2.9239,1.032,0,-2.483,1.055,0.0,-2.465,0
3317,0.037576588456111906,1.1735,0,-2.9164,1.033,0,-2.482,1.067,0.0,-2.466,0
3318,0.046486557196677915,1.1644,0,-2.9086,1.035,0,-2.482,1.079,0.0,-2.467,0
3319,0.03848376280978785,1.1569,0,-2.9023,1.053,0,-2.484,1.088,0.0,-2.468,0
3320,0.04801041553663135,1.1352,0,-2.8848,1.077,0,-2.498,1.116,0.0,-2.47,0
3321,0.04701063709417252,1.1302,0,-2.8805,1.086,0,-2.5,1.123,0.0,-2.471,0
3322,0.03301514803843841,1.1269,0,-2.8774,1.108,0,-2.499,1.127,0.0,-2.472,0
3323,0.037013511046643376,1.1175,0,-2.8697,1.116,0,-2.502,1.139,0.0,-2.473,0
3324,0.03405877273185266,1.1118,0,-2.8645,1.125,0,-2.5,1.147,0.0,-2.474,0
3325,0.04103656905736642,1.1049,0,-2.8584,1.126,0,-2.503,1.156,0.0,-2.475,0
3326,0.044407206622349205,1.0982,0,-2.8521,1.129,0,-2.503,1.165,0.0,-2.477,0
3327,0.03264965543462917,1.092,0,-2.848,1.147,0,-2.498,1.172,0.0,-2.477,0
3328,0.031064449134018037,1.0894,0,-2.8467,1.158,0,-2.502,1.175,0.0,-2.476,0
3329,0.034985711369071644,1.0897,0,-2.8471,1.157,0,-2.506,1.175,0.0,-2.476,0
3330,0.038470768123342526,1.0892,0,-2.8472,1.157,0,-2.51,1.175,0.0,-2.476,0
3331,0.03894868418830079,1.0876,0,-2.8468,1.158,0,-2.509,1.177,0.0,-2.475,0
3332,0.0450000000000001,1.0817,0,-2.8448,1.156,0,-2.509,1.183,0.0,-2.473,0
3333,0.047381430961928504,1.0735,0,-2.8326,1.162,0,-2.512,1.196,0.0,-2.479,0
3334,0.053535035257296776,1.0618,0,-2.8203,1.168,0,-2.512,1.213,0.0,-2.483,1
3335,0.06723094525588641,1.0487,0,-2.8078,1.169,0,-2.512,1.231,0.0,-2.486,1
3336,0.06637017402418074,1.0421,0,-2.7987,1.184,0,-2.523,1.241,0.0,-2.489,1
3337,0.048795491595023215,1.0344,0,-2.7949,1.215,0,-2.522,1.25,0.0,-2.488,0
3338,0.04675467891024389,1.0302,0,-2.7925,1.224,0,-2.523,1.255,0.0,-2.488,0
3339,0.03899999999999999,1.0295,0,-2.7918,1.241,0,-2.524,1.256,0.0,-2.488,0
3340,0.04123105625617635,1.0287,0,-2.791,1.241,0,-2.526,1.257,0.0,-2.488,0
3341,0.04118252056394804,1.0251,0,-2.7877,1.242,0,-2.525,1.262,0.0,-2.489,0
3342,0.04669047011971489,1.0184,0,-2.7821,1.238,0,-2.524,1.27,0.0,-2.49,0
3343,0.0431393092202461,1.0111,0,-2.7751,1.25,0,-2.523,1.28,0.0,-2.492,0
3344,0.04313930922024609,1.0031,0,-2.7679,1.26,0,-2.523,1.291,0.0,-2.493,0
3345,0.05099019513592774,0.997,0,-2.7621,1.261,0,-2.528,1.299,0.0,-2.494,1
3346,0.0537587202228625,0.9917,0,-2.7574,1.267,0,-2.532,1.306,0.0,-2.495,1
3347,0.04244997055358245,0.9893,0,-2.7545,1.281,0,-2.527,1.31,0.0,-2.496,0
3348,0.040000000000000036,0.9889,0,-2.7537,1.287,0,-2.529,1.311,0.0,-2.497,0
3349,0.03744329045369793,0.9868,0,-2.7515,1.293,0,-2.529,1.314,0.0,-2.498,0
3350,0.05640035460881426,0.9805,0,-2.7465,1.288,0,-2.543,1.322,0.0,-2.498,1
3351,0.08102468759581842,0.9754,0,-2.7412,1.282,0,-2.566,1.329,0.0,-2.5,1
3352,0.09741663102366055,0.9701,0,-2.7373,1.278,0,-2.579,1.335,0.0,-2.5,1
3353,0.08149233092751751,0.9621,0,-2.7358,1.303,0,-2.568,1.343,0.0,-2.497,1
3354,0.06660330322138662,0.9534,0,-2.7286,1.304,0,-2.542,1.354,0.0,-2.498,1
3355,0.051894122981316536,0.9457,0,-2.7225,1.317,0,-2.521,1.364,0.0,-2.499,1
3356,0.04341658669218465,0.9393,0,-2.7174,1.338,0,-2.526,1.372,0.0,-2.499,0
3357,0.043011626335213014,0.9341,0,-2.7132,1.344,0,-2.525,1.379,0.0,-2.5,0
3358,0.036796738985948235,0.9292,0,-2.7093,1.36,0,-2.527,1.385,0.0,-2.5,0
3359,0.04327817001676476,0.923,0,-2.7047,1.36,0,-2.529,1.393,0.0,-2.501,0
3360,0.05235456045083371,0.9121,0,-2.6962,1.36,0,-2.527,1.406,0.0,-2.502,1
3361,0.05859180830116091,0.9014,0,-2.6888,1.368,0,-2.529,1.42,0.0,-2.502,1
3362,0.04661544808322677,0.895,0,-2.6836,1.39,0,-2.529,1.428,0.0,-2.502,0
3363,0.04101219330881979,0.8906,0,-2.6799,1.404,0,-2.532,1.433,0.0,-2.503,0
3364,0.043185645763378334,0.8876,0,-2.6778,1.405,0,-2.532,1.437,0.0,-2.503,0
3365,0.036055512754639744,0.8868,0,-2.6777,1.418,0,-2.533,1.438,0.0,-2.503,0
3366,0.04022437072223742,0.8862,0,-2.6775,1.415,0,-2.536,1.438,0.0,-2.503,0
3367,0.03935733730830859,0.8862,0,-2.6773,1.421,0,-2.538,1.439,0.0,-2.503,0
3368,0.04188078318274404,0.8863,0,-2.6759,1.416,0,-2.539,1.439,0.0,-2.504,0
3369,0.041231056256176644,0.8856,0,-2.6713,1.416,0,-2.539,1.442,0.0,-2.507,0
3370,0.04022437072223754,0.8799,0,-2.6619,1.419,0,-2.535,1.452,0.0,-2.512,0
3371,0.09284934033152865,0.6493,0,-2.4788,1.685,0,-2.604,1.746,0.0,-2.534,1
3372,0.09783659846907998,0.6387,0,-2.4693,1.696,0,-2.61,1.76,0.0,-2.536,1
3373,0.08981091247727058,0.6288,0,-2.46,1.718,0,-2.61,1.773,0.0,-2.539,1
3374,0.09300537618869147,0.6194,0,-2.4514,1.731,0,-2.615,1.786,0.0,-2.54,1
3375,0.09908582138732086,0.61,0,-2.4429,1.732,0,-2.615,1.799,0.0,-2.542,1
3376,0.09567131231461186,0.6005,0,-2.4341,1.748,0,-2.616,1.811,0.0,-2.544,1
3377,0.09090654541890834,0.5909,0,-2.4253,1.766,0,-2.616,1.824,0.0,-2.546,1
3378,0.09027181176868002,0.581,0,-2.4162,1.781,0,-2.618,1.838,0.0,-2.548,1
3379,0.09440338976964766,0.5706,0,-2.4079,1.795,0,-2.625,1.851,0.0,-2.549,1
3380,0.11947384651043935,0.56,0,-2.4009,1.789,0,-2.642,1.864,0.0,-2.549,1
3381,0.11627553482998902,0.5501,0,-2.3927,1.8,0,-2.638,1.876,0.0,-2.55,1
3382,0.10317460927960893,0.5406,0,-2.3844,1.832,0,-2.638,1.889,0.0,-2.552,1
3383,0.08860022573334686,0.5313,0,-2.3763,1.848,0,-2.624,1.901,0.0,-2.553,1
3384,0.08462860036654267,0.5217,0,-2.3683,1.865,0,-2.624,1.914,0.0,-2.555,1
3385,0.0937229961108798,0.5119,0,-2.3601,1.866,0,-2.628,1.926,0.0,-2.556,1
3386,0.08964373932405978,0.5024,0,-2.3525,1.882,0,-2.627,1.938,0.0,-2.557,1
3387,0.08861715409558112,0.4929,0,-2.3434,1.893,0,-2.626,1.951,0.0,-2.559,1
3388,0.0910494371207202,0.4828,0,-2.3349,1.908,0,-2.631,1.965,0.0,-2.56,1
3389,0.0858020978764506,0.4733,0,-2.3262,1.926,0,-2.631,1.977,0.0,-2.562,1
3390,0.10230347012687292,0.4634,0,-2.3192,1.924,0,-2.642,1.989,0.0,-2.563,1
3391,0.10261578825892222,0.4536,0,-2.3108,1.939,0,-2.645,2.002,0.0,-2.564,1
3392,0.09860020283954793,0.4442,0,-2.303,1.955,0,-2.644,2.014,0.0,-2.565,1
3393,0.0898109124772707,0.4344,0,-2.2948,1.972,0,-2.638,2.027,0.0,-2.567,1
3394,0.08640023148117139,0.425,0,-2.2866,1.987,0,-2.637,2.039,0.0,-2.568,1
3395,0.097,0.415,0,-2.2787,1.987,0,-2.641,2.052,0.0,-2.569,1
3396,0.09372299611087993,0.4056,0,-2.2708,2.004,0,-2.642,2.064,0.0,-2.57,1
3397,0.09027181176867988,0.3959,0,-2.2626,2.02,0,-2.642,2.077,0.0,-2.572,1
3398,0.08920201791439478,0.3864,0,-2.2545,2.035,0,-2.644,2.089,0.0,-2.573,1
3399,0.08800568163476737,0.3766,0,-2.247,2.05,0,-2.645,2.102,0.0,-2.574,1
3400,0.097,0.3672,0,-2.2385,2.049,0,-2.648,2.114,0.0,-2.576,1
3401,0.09436630754670865,0.3572,0,-2.2303,2.066,0,-2.649,2.127,0.0,-2.577,1
3402,0.0910494371207204,0.348,0,-2.2228,2.082,0,-2.649,2.139,0.0,-2.578,1
3403,0.08823264701911598,0.3388,0,-2.2154,2.1,0,-2.651,2.151,0.0,-2.579,1
3404,0.09558765610684213,0.3295,0,-2.2079,2.099,0,-2.651,2.163,0.0,-2.58,1
3405,0.10401922899156667,0.3195,0,-2.2022,2.11,0,-2.661,2.174,0.0,-2.579,1
3406,0.10881176406988365,0.309,0,-2.1965,2.122,0,-2.666,2.186,0.0,-2.578,1
3407,0.10377379245262279,0.299,0,-2.1892,2.143,0,-2.666,2.198,0.0,-2.578,1
3408,0.08127115109311549,0.2892,0,-2.1823,2.164,0,-2.645,2.21,0.0,-2.578,1
3409,0.08720665112249164,0.2797,0,-2.175,2.165,0,-2.645,2.222,0.0,-2.579,1
3410,0.08438601779915927,0.2705,0,-2.1683,2.179,0,-2.644,2.234,0.0,-2.58,1
3411,0.08309632964216893,0.2613,0,-2.1616,2.192,0,-2.644,2.245,0.0,-2.58,1
3412,0.08028075734570518,0.252,0,-2.1543,2.206,0,-2.643,2.257,0.0,-2.581,1
3413,0.07902531240052157,0.2428,0,-2.147,2.22,0,-2.644,2.269,0.0,-2.582,1
3414,0.0869770084562583,0.2331,0,-2.1397,2.22,0,-2.644,2.281,0.0,-2.582,1
3415,0.08489994110716456,0.2232,0,-2.1327,2.235,0,-2.645,2.293,0.0,-2.583,1
3416,0.08504116650187693,0.2134,0,-2.1252,2.249,0,-2.647,2.305,0.0,-2.583,1
3417,0.08297590011563595,0.2033,0,-2.1174,2.264,0,-2.647,2.318,0.0,-2.584,1
3418,0.08280096617793783,0.1933,0,-2.1097,2.28,0,-2.651,2.33,0.0,-2.585,1
3419,0.09128526715741156,0.1835,0,-2.1025,2.281,0,-2.652,2.343,0.0,-2.585,1
3420,0.08570297544426332,0.174,0,-2.0954,2.297,0,-2.65,2.354,0.0,-2.586,1
3421,0.0898109124772707,0.1646,0,-2.0878,2.312,0,-2.658,2.367,0.0,-2.587,1
3422,0.09241753080449648,0.1543,0,-2.0824,2.324,0,-2.661,2.378,0.0,-2.586,1
3423,0.0860929730001238,0.1475,0,-2.0776,2.342,0,-2.66,2.386,0.0,-2.586,1
3424,0.08602325267042603,0.1423,0,-2.0749,2.342,0,-2.655,2.392,0.0,-2.585,1
3425,0.07521303078589504,0.1341,0,-2.0686,2.359,0,-2.647,2.403,0.0,-2.586,1
3426,0.07324616030891978,0.1251,0,-2.0641,2.367,0,-2.641,2.413,0.0,-2.584,1
3427,0.07262231062146114,0.1152,0,-2.0579,2.379,0,-2.641,2.424,0.0,-2.584,1
3428,0.07700649323271361,0.1048,0,-2.0511,2.39,0,-2.645,2.437,0.0,-2.584,1
3429,0.08273451516749221,0.0951,0,-2.0442,2.389,0,-2.642,2.448,0.0,-2.584,1
3430,0.08065977932030303,0.0853,0,-2.0376,2.405,0,-2.643,2.46,0.0,-2.584,1
3431,0.08091971329657555,0.0752,0,-2.0304,2.421,0,-2.646,2.473,0.0,-2.584,1
3432,0.07964923100695927,0.0652,0,-2.0241,2.435,0,-2.646,2.485,0.0,-2.584,1
3433,0.07660939890117904,0.056,0,-2.0165,2.451,0,-2.647,2.496,0.0,-2.585,1
3434,0.08273451516749221,0.0454,0,-2.0089,2.451,0,-2.645,2.509,0.0,-2.586,1
3435,0.08711486669908858,0.0349,0,-2.0014,2.464,0,-2.651,2.522,0.0,-2.586,1
3436,0.08504116650187693,0.0244,0,-1.9935,2.479,0,-2.651,2.535,0.0,-2.587,1
3437,0.08072174428244186,0.0149,0,-1.9823,2.496,0,-2.651,2.55,0.0,-2.591,1
3438,0.0798122797569394,0.0056,0,-1.9743,2.513,0,-2.655,2.562,0.0,-2.592,1
3439,0.09284934033152832,-0.0038,0,-1.967,2.513,0,-2.663,2.574,0.0,-2.593,1
3440,0.09013878188659986,-0.0149,0,-1.9589,2.529,0,-2.662,2.587,0.0,-2.593,1
3441,0.09308598175880205,-0.0254,0,-1.951,2.542,0,-2.666,2.601,0.0,-2.594,1
3442,0.08741853350405723,-0.0356,0,-1.9433,2.562,0,-2.666,2.613,0.0,-2.595,1
3443,0.08459905436823714,-0.0455,0,-1.9362,2.579,0,-2.666,2.625,0.0,-2.595,1
3444,0.09078546139112782,-0.0554,0,-1.928,2.579,0,-2.665,2.638,0.0,-2.596,1
3445,0.0894986033410577,-0.0656,0,-1.9202,2.594,0,-2.666,2.651,0.0,-2.597,1
3446,0.08745856161634506,-0.076,0,-1.912,2.609,0,-2.666,2.664,0.0,-2.598,1
3447,0.08962700485902672,-0.0869,0,-1.904,2.626,0,-2.671,2.678,0.0,-2.598,1
3448,0.0895879456176999,-0.0976,0,-1.8959,2.642,0,-2.674,2.691,0.0,-2.599,1
3449,0.09808159868191406,-0.1081,0,-1.8881,2.642,0,-2.676,2.704,0.0,-2.6,1
3450,0.10043903623591754,-0.1188,0,-1.8802,2.66,0,-2.682,2.718,0.0,-2.6,1
3451,0.09734988443752758,-0.1288,0,-1.8728,2.676,0,-2.682,2.73,0.0,-2.601,1
3452,0.09013878188659978,-0.1386,0,-1.8646,2.693,0,-2.677,2.743,0.0,-2.602,1
3453,0.08472307831990035,-0.1478,0,-1.8568,2.712,0,-2.676,2.755,0.0,-2.603,1
3454,0.0970824391947379,-0.1577,0,-1.8488,2.712,0,-2.684,2.767,0.0,-2.604,1
3455,0.10234256201600576,-0.1678,0,-1.8407,2.723,0,-2.691,2.78,0.0,-2.606,1
3456,0.10016985574512917,-0.1785,0,-1.8325,2.741,0,-2.691,2.794,0.0,-2.606,1
3457,0.10072239075796369,-0.1889,0,-1.8242,2.758,0,-2.695,2.807,0.0,-2.607,1
3458,0.10072239075796428,-0.1994,0,-1.8156,2.772,0,-2.697,2.821,0.0,-2.609,1
3459,0.11205802068571451,-0.21,0,-1.8089,2.772,0,-2.702,2.833,0.0,-2.608,1
3460,0.10804628637764471,-0.22,0,-1.8016,2.79,0,-2.702,2.845,0.0,-2.609,1
3461,0.10804628637764471,-0.2297,0,-1.7941,2.803,0,-2.702,2.858,0.0,-2.609,1
3462,0.10159724405711028,-0.2395,0,-1.7879,2.82,0,-2.698,2.869,0.0,-2.609,1
3463,0.1073312629199894,-0.2506,0,-1.7827,2.833,0,-2.703,2.881,0.0,-2.607,1
3464,0.10511898020814345,-0.2615,0,-1.7768,2.835,0,-2.693,2.894,0.0,-2.606,1
3465,0.08860022573334686,-0.2729,0,-1.7704,2.854,0,-2.676,2.907,0.0,-2.605,1
3466,0.08848163651289444,-0.2838,0,-1.7642,2.869,0,-2.677,2.919,0.0,-2.604,1
3467,0.08514693182963186,-0.294,0,-1.7583,2.884,0,-2.674,2.931,0.0,-2.603,1
3468,0.08276472678623427,-0.3038,0,-1.7525,2.903,0,-2.675,2.942,0.0,-2.602,1
3469,0.08500000000000014,-0.3136,0,-1.7463,2.903,0,-2.67,2.954,0.0,-2.602,1
3470,0.09430270409696648,-0.323,0,-1.7388,2.913,0,-2.681,2.966,0.0,-2.603,1
3471,0.08958794561770025,-0.3304,0,-1.7301,2.928,0,-2.681,2.977,0.0,-2.606,1
3472,0.0790569415042094,-0.3387,0,-1.7217,2.944,0,-2.673,2.989,0.0,-2.608,1
3473,0.0916787870774914,-0.3501,0,-1.7137,2.944,0,-2.68,3.002,0.0,-2.609,1
3474,0.1104355015382281,-0.3644,0,-1.71,2.952,0,-2.694,3.016,0.0,-2.604,1
3475,0.10543718509140865,-0.3761,0,-1.7007,2.97,0,-2.691,3.031,0.0,-2.605,1
3476,0.10410091258005366,-0.3865,0,-1.6942,2.99,0,-2.693,3.044,0.0,-2.604,1
3477,0.10247438704378753,-0.3953,0,-1.6899,3.004,0,-2.693,3.053,0.0,-2.603,1
3478,0.10101980003939856,-0.4038,0,-1.6855,3.004,0,-2.684,3.063,0.0,-2.602,1
3479,0.0898721313867656,-0.4117,0,-1.6798,3.021,0,-2.676,3.072,0.0,-2.602,1
3480,0.08490583018850968,-0.421,0,-1.6739,3.038,0,-2.674,3.083,0.0,-2.602,1
3481,0.08598255637046402,-0.4309,0,-1.6673,3.048,0,-2.674,3.095,0.0,-2.602,1
3482,0.08080222769206302,-0.4409,0,-1.6605,3.059,0,-2.667,3.107,0.0,-2.602,1
3483,0.09060905032059444,-0.4509,0,-1.6532,3.059,0,-2.669,3.12,0.0,-2.602,1
3484,0.08745856161634478,-0.4604,0,-1.6466,3.076,0,-2.67,3.131,0.0,-2.602,1
3485,0.09102197536858907,-0.47,0,-1.6401,3.09,0,-2.676,3.143,0.0,-2.602,1
3486,0.08875246475450717,-0.4792,0,-1.6339,3.105,0,-2.676,3.154,0.0,-2.602,1
3487,0.08386298349093015,-0.4879,0,-1.6282,3.121,0,-2.674,3.164,0.0,-2.602,1
3488,0.0890505474435728,-0.4954,0,-1.6257,3.121,0,-2.673,3.172,0.0,-2.6,1
3489,0.09035485598461172,-0.4983,0,-1.6248,3.133,0,-2.679,3.175,0.0,-2.599,1
3490,0.07558438992278765,-0.4998,0,-1.6222,3.145,0,-2.669,3.178,0.0,-2.601,1
3491,0.07694153624668544,-0.5063,0,-1.6169,3.15,0,-2.669,3.186,0.0,-2.601,1
3492,0.08405355435673138,-0.5174,0,-1.6082,3.152,0,-2.671,3.2,0.0,-2.602,1
3493,0.09774456506629914,-0.5311,0,-1.5986,3.152,0,-2.676,3.217,0.0,-2.603,1
3494,0.1027277956543408,-0.5467,0,-1.5872,3.168,0,-2.68,3.236,0.0,-2.603,1
3495,0.0937229961108796,-0.5542,0,-1.5779,3.188,0,-2.679,3.248,0.0,-2.607,1
3496,0.0857554662980733,-0.5589,0,-1.576,3.208,0,-2.679,3.253,0.0,-2.606,1
3497,0.08319254774317246,-0.5641,0,-1.5724,3.223,0,-2.681,3.259,0.0,-2.606,1
3498,0.09141662868428288,-0.5719,0,-1.5665,3.223,0,-2.685,3.269,0.0,-2.606,1
3499,0.09347726996441427,-0.5818,0,-1.5585,3.228,0,-2.684,3.281,0.0,-2.607,1
3500,0.0952102935611481,-0.5941,0,-1.5487,3.241,0,-2.686,3.297,0.0,-2.609,1
3501,0.09200543462209175,-0.611,0,-1.5436,3.258,0,-2.676,3.314,0.0,-2.603,1
3502,0.0885098864534351,-0.6205,0,-1.5382,3.278,0,-2.678,3.325,0.0,-2.603,1
3503,0.1034649699173588,-0.6281,0,-1.5323,3.278,0,-2.69,3.334,0.0,-2.603,1
3504,0.098737024463977,-0.6373,0,-1.5261,3.29,0,-2.685,3.345,0.0,-2.603,1
3505,0.10515227054134399,-0.6473,0,-1.5169,3.303,0,-2.694,3.359,0.0,-2.605,1
3506,0.10234256201600576,-0.6561,0,-1.5068,3.315,0,-2.694,3.372,0.0,-2.609,1
3507,0.09790812019439431,-0.6603,0,-1.4908,3.329,0,-2.701,3.384,0.0,-2.62,1
3508,0.08627861844049188,-0.6644,0,-1.4837,3.33,0,-2.563,3.392,0.0,-2.623,1
3509,0.10917875251164932,-0.6715,0,-1.4774,3.349,0,-2.72,3.401,0.0,-2.624,1
3510,0.11046266337545928,-0.6807,0,-1.4708,3.363,0,-2.724,3.412,0.0,-2.625,1
3511,0.11761802582937698,-0.6893,0,-1.4647,3.37,0,-2.73,3.423,0.0,-2.625,1
3512,0.1258014308344705,-0.7017,0,-1.4602,3.385,0,-2.737,3.436,0.0,-2.622,1
3513,0.12617844506887838,-0.7129,0,-1.4608,3.385,0,-2.726,3.445,0.0,-2.615,1
3514,0.10704204781299725,-0.7201,0,-1.4599,3.398,0,-2.705,3.451,0.0,-2.612,1
3515,0.09980981915623346,-0.7211,0,-1.4575,3.412,0,-2.704,3.453,0.0,-2.613,1
3516,0.08364807230295261,-0.7264,0,-1.4535,3.421,0,-2.687,3.46,0.0,-2.613,1
3517,0.0837615663654877,-0.7343,0,-1.446,3.425,0,-2.685,3.471,0.0,-2.615,1
3518,0.09219544457292879,-0.7456,0,-1.4374,3.425,0,-2.686,3.485,0.0,-2.616,1
3519,0.09963934965664899,-0.7581,0,-1.4259,3.44,0,-2.697,3.502,0.0,-2.619,1
3520,0.10206860437960322,-0.7745,0,-1.4148,3.454,0,-2.696,3.521,0.0,-2.619,1
3521,0.10217631819555853,-0.7897,0,-1.4048,3.474,0,-2.696,3.54,0.0,-2.618,1
3522,0.10095543571299143,-0.7992,0,-1.3981,3.495,0,-2.703,3.551,0.0,-2.619,1
3523,0.10682696288858874,-0.8067,0,-1.3925,3.495,0,-2.703,3.561,0.0,-2.619,1
3524,0.10012492197250374,-0.8124,0,-1.388,3.512,0,-2.703,3.568,0.0,-2.62,1
3525,0.09604165762834377,-0.8188,0,-1.383,3.526,0,-2.702,3.576,0.0,-2.62,1
3526,0.1008464178838293,-0.8277,0,-1.378,3.535,0,-2.706,3.586,0.0,-2.619,1
3527,0.09660227740586647,-0.8354,0,-1.3757,3.55,0,-2.703,3.594,0.0,-2.617,1
3528,0.07566372975210824,-0.842,0,-1.3692,3.55,0,-2.565,3.603,0.0,-2.619,1
3529,0.08919641248391127,-0.8509,0,-1.3581,3.556,0,-2.557,3.616,0.0,-2.623,1
3530,0.09687620966986683,-0.864,0,-1.3468,3.566,0,-2.556,3.634,0.0,-2.625,1
3531,1.061930317864595,-0.8749,0,-1.3336,3.586,0,-1.57,3.65,0.0,-2.63,1
3532,1.0526547392188952,-0.8883,0,-1.3267,3.606,0,-1.577,3.665,0.0,-2.628,1
3533,1.0534633358593928,-0.8987,0,-1.3186,3.606,0,-1.578,3.678,0.0,-2.629,1
3534,1.062928501828792,-0.9049,0,-1.3143,3.622,0,-1.568,3.686,0.0,-2.629,1
3535,1.0618709902808345,-0.9076,0,-1.3122,3.646,0,-1.568,3.689,0.0,-2.629,1
3536,1.4195087178316308,-0.9076,0,-1.3122,3.651,0,-1.21,3.689,0.0,-2.629,1
3537,1.4123186609260674,-0.9073,0,-1.3124,3.659,0,-1.217,3.689,0.0,-2.629,1
3538,1.4113188867155433,-0.9074,0,-1.3125,3.659,0,-1.218,3.689,0.0,-2.629,1
3539,1.4114340225458646,-0.9073,0,-1.3126,3.654,0,-1.218,3.689,0.0,-2.629,1
3540,1.411340497541256,-0.9075,0,-1.3126,3.658,0,-1.218,3.689,0.0,-2.629,1
3541,1.4183173128746613,-0.9075,0,-1.3126,3.659,0,-1.211,3.689,0.0,-2.629,1
3542,1.412340256453805,-0.9075,0,-1.3127,3.658,0,-1.217,3.689,0.0,-2.629,1
3543,1.4103407389705511,-0.9077,0,-1.3129,3.658,0,-1.218,3.689,0.0,-2.628,1
3544,1.4174572303953301,-0.9075,0,-1.3128,3.653,0,-1.212,3.689,0.0,-2.629,1
3545,1.4173175367573776,-0.9076,0,-1.3128,3.659,0,-1.212,3.689,0.0,-2.629,1
3546,1.4174572303953301,-0.9076,0,-1.3128,3.653,0,-1.212,3.689,0.0,-2.629,1
3547,1.4164324904491568,-0.9076,0,-1.313,3.654,0,-1.212,3.689,0.0,-2.628,1
3548,1.4104343302685172,-0.9077,0,-1.3129,3.654,0,-1.218,3.689,0.0,-2.628,1
3549,1.4093193392556564,-0.9076,0,-1.313,3.659,0,-1.219,3.689,0.0,-2.628,1
3550,1.4094346384277634,-0.9077,0,-1.3129,3.654,0,-1.219,3.689,0.0,-2.628,1
3551,1.411340497541256,-0.9077,0,-1.3131,3.658,0,-1.217,3.689,0.0,-2.628,1
3552,1.410459499595788,-0.9078,0,-1.3132,3.653,0,-1.218,3.689,0.0,-2.628,1
3553,1.4174572303953301,-0.9079,0,-1.3132,3.653,0,-1.211,3.689,0.0,-2.628,1
3554,1.4113188867155433,-0.9078,0,-1.3132,3.659,0,-1.217,3.689,0.0,-2.628,1
3555,1.4112979841266693,-0.9069,0,-1.3141,3.659,0,-1.217,3.688,0.0,-2.628,1
3556,1.4092043854601075,-0.9032,0,-1.3171,3.659,0,-1.218,3.683,0.0,-2.627,1
3557,1.4152035189328775,-0.8976,0,-1.3217,3.652,0,-1.212,3.676,0.0,-2.627,1
3558,1.408079898301229,-0.891,0,-1.327,3.652,0,-1.218,3.667,0.0,-2.626,1
3559,1.4130796155914216,-0.8843,0,-1.3324,3.644,0,-1.212,3.659,0.0,-2.625,1
3560,1.4151021164566178,-0.8806,0,-1.3326,3.638,0,-1.212,3.655,0.0,-2.627,1
3561,1.4113858437719997,-0.8809,0,-1.3323,3.623,0,-1.216,3.656,0.0,-2.627,1
3562,1.4073638477664543,-0.8808,0,-1.3324,3.624,0,-1.22,3.656,0.0,-2.627,1
3563,1.4033648848392921,-0.8807,0,-1.3323,3.624,0,-1.224,3.656,0.0,-2.627,1
3564,1.4054358754493212,-0.8798,0,-1.3323,3.62,0,-1.223,3.655,0.0,-2.628,1
3565,1.4042791745233563,-0.8793,0,-1.3333,3.626,0,-1.223,3.654,0.0,-2.627,1
3566,1.0563711468986643,-0.8769,0,-1.3354,3.623,0,-1.571,3.651,0.0,-2.627,1
3567,1.0461725479097606,-0.8717,0,-1.3427,3.623,0,-1.578,3.642,0.0,-2.624,1
3568,1.0470305630687196,-0.8634,0,-1.3505,3.623,0,-1.575,3.631,0.0,-2.622,1
3569,1.043047937536909,-0.8542,0,-1.3579,3.609,0,-1.578,3.619,0.0,-2.621,1
3570,1.0400692284651054,-0.8468,0,-1.3665,3.596,0,-1.578,3.608,0.0,-2.618,1
3571,0.05192301994298845,-0.8415,0,-1.3765,3.584,0,-2.563,3.598,0.0,-2.613,1
3572,0.04219004621945813,-0.836,0,-1.3798,3.57,0,-2.577,3.592,0.0,-2.613,0
3573,0.08060397012554629,-0.8298,0,-1.3817,3.57,0,-2.694,3.586,0.0,-2.615,1
3574,0.08200000000000011,-0.8227,0,-1.3833,3.561,0,-2.698,3.579,0.0,-2.618,1
3575,0.08222530024268696,-0.8201,0,-1.3851,3.557,0,-2.698,3.576,0.0,-2.618,1
3576,0.096301609540028,-0.8197,0,-1.3856,3.55,0,-2.71,3.575,0.0,-2.617,1
3577,0.0942549733435853,-0.8192,0,-1.3861,3.547,0,-2.707,3.575,0.0,-2.617,1
3578,0.08832326986700614,-0.8164,0,-1.388,3.547,0,-2.702,3.571,0.0,-2.617,1
3579,0.09556673061269809,-0.8106,0,-1.3924,3.542,0,-2.71,3.564,0.0,-2.617,1
3580,0.0935360892917808,-0.8023,0,-1.3981,3.544,0,-2.71,3.554,0.0,-2.617,1
3581,0.09234717104492164,-0.7938,0,-1.4048,3.535,0,-2.708,3.543,0.0,-2.616,1
3582,0.09066973034039517,-0.7858,0,-1.4109,3.522,0,-2.705,3.533,0.0,-2.615,1
3583,0.08805112151472015,-0.7789,0,-1.4154,3.522,0,-2.704,3.525,0.0,-2.616,1
3584,0.08881441324469816,-0.7763,0,-1.4165,3.51,0,-2.704,3.522,0.0,-2.616,1
3585,0.09139474820797941,-0.7771,0,-1.4161,3.495,0,-2.703,3.523,0.0,-2.616,1
3586,0.09363759928575709,-0.777,0,-1.4158,3.491,0,-2.704,3.523,0.0,-2.616,1
3587,0.09269843580125803,-0.7771,0,-1.4161,3.491,0,-2.703,3.523,0.0,-2.616,1
3588,0.09424436322666717,-0.7769,0,-1.4165,3.491,0,-2.705,3.522,0.0,-2.616,1
3589,0.09121403400793111,-0.7747,0,-1.4179,3.496,0,-2.704,3.52,0.0,-2.616,1
3590,0.08973850901368902,-0.7698,0,-1.4212,3.492,0,-2.703,3.514,0.0,-2.616,1
3591,0.09009439494219376,-0.7602,0,-1.4276,3.488,0,-2.705,3.502,0.0,-2.616,1
3592,0.09799999999999986,-0.744,0,-1.4428,3.48,0,-2.71,3.48,0.0,-2.612,1
3593,0.0963016095400279,-0.7256,0,-1.4591,3.481,0,-2.702,3.456,0.0,-2.609,1
3594,0.08755569655939006,-0.7093,0,-1.466,3.46,0,-2.698,3.439,0.0,-2.613,1
3595,0.07532595834106567,-0.6967,0,-1.4712,3.432,0,-2.69,3.425,0.0,-2.615,1
3596,0.08030566605165548,-0.6916,0,-1.4763,3.411,0,-2.694,3.418,0.0,-2.614,1
3597,0.10413932974625854,-0.6876,0,-1.48,3.392,0,-2.715,3.413,0.0,-2.613,1
3598,0.11300000000000011,-0.6846,0,-1.4854,3.392,0,-2.722,3.407,0.0,-2.61,1
3599,0.11353413583587973,-0.6774,0,-1.4927,3.386,0,-2.721,3.397,0.0,-2.608,1
3600,0.1060424443324463,-0.6655,0,-1.503,3.379,0,-2.713,3.382,0.0,-2.607,1
3601,0.11501738998951441,-0.6606,0,-1.5209,3.37,0,-2.709,3.368,0.0,-2.594,1
3602,0.11011357772772652,-0.6492,0,-1.5287,3.349,0,-2.704,3.354,0.0,-2.594,1
3603,0.09442986815621411,-0.6387,0,-1.5381,3.349,0,-2.686,3.34,0.0,-2.592,1
3604,0.09533624704172046,-0.6266,0,-1.5471,3.333,0,-2.687,3.325,0.0,-2.592,1
3605,0.08820430828479989,-0.6084,0,-1.5525,3.313,0,-2.686,3.307,0.0,-2.598,1
3606,0.08421401308570929,-0.5968,0,-1.5612,3.298,0,-2.681,3.292,0.0,-2.597,1
3607,0.09464142856064656,-0.5909,0,-1.5667,3.273,0,-2.69,3.284,0.0,-2.596,1
3608,0.1001249219725036,-0.5857,0,-1.5714,3.272,0,-2.695,3.277,0.0,-2.595,1
3609,0.10704204781299706,-0.5772,0,-1.5805,3.262,0,-2.699,3.265,0.0,-2.592,1
3610,0.11007270324653597,-0.564,0,-1.5909,3.252,0,-2.701,3.248,0.0,-2.591,1
3611,0.10711675872616779,-0.5536,0,-1.6034,3.238,0,-2.693,3.233,0.0,-2.586,1
3612,0.09402127418834512,-0.5412,0,-1.6106,3.216,0,-2.681,3.218,0.0,-2.587,1
3613,0.07877182237323221,-0.5303,0,-1.6189,3.216,0,-2.664,3.205,0.0,-2.586,1
3614,0.07851751396981467,-0.5205,0,-1.6262,3.202,0,-2.664,3.193,0.0,-2.586,1
3615,0.09300537618869134,-0.5121,0,-1.6335,3.181,0,-2.677,3.182,0.0,-2.584,1
3616,0.09002221947941506,-0.5017,0,-1.6409,3.167,0,-2.674,3.169,0.0,-2.584,1
3617,0.08902246907382423,-0.4911,0,-1.6499,3.153,0,-2.672,3.155,0.0,-2.583,1
3618,0.09850888284819789,-0.4817,0,-1.6578,3.153,0,-2.679,3.143,0.0,-2.581,1
3619,0.10000499987500633,-0.4731,0,-1.6651,3.133,0,-2.68,3.132,0.0,-2.58,1
3620,0.09100549433962739,-0.4644,0,-1.672,3.119,0,-2.67,3.12,0.0,-2.579,1
3621,0.09004998611882212,-0.4544,0,-1.6798,3.105,0,-2.668,3.108,0.0,-2.578,1
3622,0.08602325267042657,-0.4438,0,-1.6873,3.093,0,-2.664,3.095,0.0,-2.578,1
3623,0.0868331733843695,-0.4323,0,-1.6958,3.093,0,-2.663,3.081,0.0,-2.577,1
3624,0.08249242389456121,-0.4212,0,-1.6993,3.078,0,-2.663,3.069,0.0,-2.581,1
3625,0.07800640999302542,-0.4124,0,-1.7026,3.059,0,-2.661,3.06,0.0,-2.583,1
3626,0.0820548596976436,-0.4029,0,-1.7084,3.046,0,-2.665,3.049,0.0,-2.583,1
3627,0.08372574275573762,-0.3908,0,-1.7165,3.046,0,-2.667,3.035,0.0,-2.584,1
3628,0.08551023330572743,-0.3779,0,-1.7254,3.035,0,-2.667,3.019,0.0,-2.583,1
3629,0.08374365647617718,-0.3647,0,-1.7341,3.02,0,-2.666,3.003,0.0,-2.584,1
3630,0.08646964785403015,-0.3528,0,-1.7425,2.998,0,-2.669,2.989,0.0,-2.583,1
3631,0.0910494371207205,-0.3423,0,-1.7507,2.978,0,-2.673,2.975,0.0,-2.582,1
3632,0.1012719112093774,-0.3326,0,-1.7598,2.978,0,-2.68,2.962,0.0,-2.58,1
3633,0.0996092365195118,-0.3229,0,-1.7685,2.96,0,-2.677,2.949,0.0,-2.578,1
3634,0.09918165152889945,-0.3137,0,-1.7766,2.943,0,-2.676,2.937,0.0,-2.577,1
3635,0.09126883367283684,-0.2988,0,-1.7829,2.928,0,-2.671,2.921,0.0,-2.58,1
3636,0.08609297300012339,-0.2868,0,-1.7912,2.911,0,-2.666,2.907,0.0,-2.58,1
3637,0.10538026380684347,-0.2763,0,-1.799,2.911,0,-2.683,2.894,0.0,-2.579,1
3638,0.09751410154434076,-0.2666,0,-1.8067,2.891,0,-2.675,2.881,0.0,-2.578,1
3639,0.09812746812182598,-0.2571,0,-1.815,2.874,0,-2.675,2.869,0.0,-2.577,1
3640,0.10200490184299955,-0.2469,0,-1.8233,2.857,0,-2.678,2.856,0.0,-2.576,1
3641,0.11004090148667436,-0.2376,0,-1.8322,2.84,0,-2.683,2.843,0.0,-2.573,1
3642,0.11941942890501551,-0.2276,0,-1.8433,2.838,0,-2.689,2.828,0.0,-2.57,1
3643,0.10049875621120853,-0.2174,0,-1.8538,2.824,0,-2.667,2.814,0.0,-2.567,1
3644,0.09885848471426205,-0.2056,0,-1.862,2.813,0,-2.665,2.8,0.0,-2.567,1
3645,0.08174350127074322,-0.1936,0,-1.8684,2.797,0,-2.649,2.786,0.0,-2.568,1
3646,0.08075270893288977,-0.1665,0,-1.8853,2.765,0,-2.649,2.754,0.0,-2.569,1
3647,0.07632168761236882,-0.1559,0,-1.8921,2.749,0,-2.646,2.742,0.0,-2.57,1
3648,0.07955501241279518,-0.1456,0,-1.8993,2.749,0,-2.646,2.729,0.0,-2.569,1
3649,0.08052328855678945,-0.1168,0,-1.9171,2.715,0,-2.649,2.695,0.0,-2.571,1
3650,0.07983107164506796,-0.1052,0,-1.9241,2.699,0,-2.649,2.682,0.0,-2.571,1
3651,0.0780896920214185,-0.0941,0,-1.9308,2.682,0,-2.649,2.669,0.0,-2.572,1
3652,0.07454528824815136,-0.0842,0,-1.9386,2.665,0,-2.645,2.656,0.0,-2.571,1
3653,0.07034912934784604,-0.0746,0,-1.9458,2.651,0,-2.641,2.644,0.0,-2.571,1
3654,0.0718401002226472,-0.0644,0,-1.9524,2.652,0,-2.64,2.632,0.0,-2.571,1
3655,0.06985699678629155,-0.0539,0,-1.9588,2.636,0,-2.639,2.62,0.0,-2.571,1
3656,0.06432728814430126,-0.0432,0,-1.965,2.62,0,-2.635,2.607,0.0,-2.572,1
3657,0.06363961030678943,-0.0321,0,-1.9708,2.604,0,-2.637,2.595,0.0,-2.574,1
3658,0.06527633568147033,-0.021,0,-1.9775,2.588,0,-2.639,2.582,0.0,-2.574,1
3659,0.067446274915669,-0.0105,0,-1.9834,2.588,0,-2.64,2.57,0.0,-2.575,1
3660,0.06573431371817927,-0.0002,0,-1.9898,2.573,0,-2.64,2.558,0.0,-2.576,1
3661,0.06493843238021696,0.0107,0,-1.9966,2.556,0,-2.64,2.545,0.0,-2.576,1
3662,0.06338769596696209,0.0219,0,-2.0031,2.539,0,-2.64,2.532,0.0,-2.577,1
3663,0.0676017751246225,0.0334,0,-2.0107,2.527,0,-2.644,2.518,0.0,-2.577,1
3664,0.07373601562330315,0.0452,0,-2.0239,2.527,0,-2.642,2.501,0.0,-2.573,1
3665,0.06989277502002651,0.0567,0,-2.0306,2.511,0,-2.64,2.488,0.0,-2.574,1
3666,0.06428841264178153,0.0677,0,-2.0387,2.491,0,-2.635,2.474,0.0,-2.573,1
3667,0.032310988842806844,0.078,0,-2.0431,2.475,0,-2.605,2.463,0.0,-2.575,0
3668,0.026248809496813293,0.0885,0,-2.0505,2.458,0,-2.6,2.45,0.0,-2.575,0
3669,0.02831960451701261,0.0986,0,-2.0554,2.458,0,-2.598,2.439,0.0,-2.577,0
3670,0.026627053911388962,0.1099,0,-2.0612,2.442,0,-2.6,2.427,0.0,-2.578,0
3671,0.037336309405188846,0.1212,0,-2.0651,2.42,0,-2.618,2.415,0.0,-2.581,0
3672,0.038013155617496235,0.1328,0,-2.0714,2.403,0,-2.621,2.402,0.0,-2.583,0
3673,0.06363961030678898,0.1458,0,-2.0789,2.396,0,-2.647,2.387,0.0,-2.584,1
3674,0.06276941930590055,0.1578,0,-2.0869,2.397,0,-2.642,2.373,0.0,-2.584,1
3675,0.05990826320300039,0.1667,0,-2.094,2.376,0,-2.641,2.361,0.0,-2.583,1
3676,0.06152235366108804,0.1752,0,-2.1001,2.359,0,-2.644,2.351,0.0,-2.583,1
3677,0.06020797289396111,0.1841,0,-2.1058,2.345,0,-2.643,2.34,0.0,-2.583,1
3678,0.06319810123729959,0.1941,0,-2.1123,2.333,0,-2.646,2.328,0.0,-2.583,1
3679,0.056302753041036976,0.2052,0,-2.1201,2.334,0,-2.636,2.315,0.0,-2.583,1
3680,0.05597320787662599,0.2166,0,-2.1276,2.319,0,-2.636,2.301,0.0,-2.583,1
3681,0.04560701700396556,0.2285,0,-2.1338,2.3,0,-2.629,2.288,0.0,-2.585,0
3682,0.034713109915419836,0.2402,0,-2.1398,2.282,0,-2.62,2.275,0.0,-2.586,0
3683,0.05408326913195967,0.2512,0,-2.146,2.265,0,-2.641,2.262,0.0,-2.587,1
3684,0.06378871373526812,0.2615,0,-2.1528,2.265,0,-2.649,2.25,0.0,-2.587,1
3685,0.06296824596572452,0.2713,0,-2.1595,2.249,0,-2.649,2.238,0.0,-2.587,1
3686,0.07057619995437582,0.2953,0,-2.1772,2.217,0,-2.656,2.208,0.0,-2.586,1
3687,0.07317103251970682,0.3045,0,-2.1839,2.202,0,-2.659,2.197,0.0,-2.586,1
3688,0.06603029607687698,0.3143,0,-2.19,2.187,0,-2.652,2.185,0.0,-2.586,1
3689,0.06603029607687698,0.3243,0,-2.1973,2.175,0,-2.652,2.173,0.0,-2.586,1
3690,0.06628725367670613,0.3331,0,-2.2033,2.175,0,-2.651,2.162,0.0,-2.586,1
3691,0.0657647321898295,0.342,0,-2.2094,2.161,0,-2.651,2.151,0.0,-2.586,1
3692,0.07045565981523398,0.3516,0,-2.2163,2.148,0,-2.655,2.14,0.0,-2.585,1
3693,0.06906518659932796,0.3612,0,-2.2236,2.131,0,-2.654,2.128,0.0,-2.585,1
3694,0.07158910531638155,0.3707,0,-2.2305,2.131,0,-2.654,2.116,0.0,-2.584,1
3695,0.0674685111737318,0.3803,0,-2.2375,2.118,0,-2.65,2.104,0.0,-2.584,1
3696,0.06661080993352338,0.3903,0,-2.2442,2.101,0,-2.65,2.092,0.0,-2.584,1
3697,0.062201286160335774,0.4003,0,-2.2515,2.085,0,-2.645,2.08,0.0,-2.583,1
3698,0.05215361924162079,0.4102,0,-2.2589,2.071,0,-2.635,2.067,0.0,-2.583,1
3699,0.04531004303683672,0.4216,0,-2.266,2.071,0,-2.625,2.054,0.0,-2.583,0
3700,0.04272001872658773,0.4327,0,-2.2735,2.055,0,-2.623,2.04,0.0,-2.583,0
3701,0.042059481689626324,0.4443,0,-2.2819,2.039,0,-2.623,2.026,0.0,-2.583,0
3702,0.04317406628984601,0.4563,0,-2.2908,2.021,0,-2.624,2.011,0.0,-2.582,0
3703,0.04099999999999996,0.4683,0,-2.2991,2.006,0,-2.622,1.997,0.0,-2.582,0
3704,0.0470106370941728,0.4798,0,-2.3071,2.006,0,-2.623,1.983,0.0,-2.582,0
3705,0.041146081222882304,0.492,0,-2.3149,1.986,0,-2.619,1.968,0.0,-2.582,0
3706,0.03992492955535464,0.5033,0,-2.3227,1.969,0,-2.619,1.954,0.0,-2.582,0
3707,0.03710795063055895,0.5143,0,-2.3306,1.95,0,-2.618,1.941,0.0,-2.582,0
3708,0.037483329627982544,0.5258,0,-2.3389,1.933,0,-2.618,1.927,0.0,-2.581,0
3709,0.04341658669218511,0.5372,0,-2.3474,1.933,0,-2.619,1.912,0.0,-2.581,0
3710,0.04346262762420154,0.5485,0,-2.3557,1.915,0,-2.62,1.898,0.0,-2.58,0
3711,0.04237924020083422,0.56,0,-2.3636,1.898,0,-2.62,1.884,0.0,-2.58,0
3712,0.03860051813123746,0.5709,0,-2.3717,1.882,0,-2.616,1.871,0.0,-2.579,0
3713,0.03931920650267472,0.5826,0,-2.3798,1.862,0,-2.618,1.857,0.0,-2.579,0
3714,0.038078865529319536,0.5938,0,-2.3872,1.862,0,-2.612,1.843,0.0,-2.579,0
3715,0.03939543120718445,0.6056,0,-2.395,1.845,0,-2.615,1.829,0.0,-2.579,0
3716,0.04024922359499625,0.6171,0,-2.4027,1.833,0,-2.615,1.815,0.0,-2.579,0
3717,0.03623534186398696,0.6285,0,-2.4112,1.818,0,-2.611,1.801,0.0,-2.579,0
3718,0.037363083384538844,0.6402,0,-2.4192,1.797,0,-2.615,1.787,0.0,-2.579,0
3719,0.04161730409336948,0.6518,0,-2.4273,1.797,0,-2.613,1.773,0.0,-2.579,0
3720,0.038600518131237264,0.6638,0,-2.4352,1.781,0,-2.61,1.758,0.0,-2.579,0
3721,0.036359317925395374,0.6755,0,-2.4427,1.763,0,-2.61,1.744,0.0,-2.579,0
3722,0.0351140997321588,0.6867,0,-2.4506,1.743,0,-2.612,1.731,0.0,-2.579,0
3723,0.0351140997321588,0.6978,0,-2.4582,1.729,0,-2.612,1.717,0.0,-2.579,0
3724,0.0398246155034796,0.7092,0,-2.466,1.729,0,-2.61,1.704,0.0,-2.579,0
3725,0.040000000000000036,0.7211,0,-2.4742,1.713,0,-2.61,1.689,0.0,-2.578,0
3726,0.03720215047547676,0.7329,0,-2.4823,1.697,0,-2.608,1.675,0.0,-2.578,0
3727,0.03671511950137167,0.7441,0,-2.4908,1.679,0,-2.61,1.661,0.0,-2.578,0
3728,0.03640054944640273,0.7478,0,-2.5006,1.662,0,-2.607,1.652,0.0,-2.572,0
3729,0.03758989225842533,0.7541,0,-2.5067,1.662,0,-2.603,1.644,0.0,-2.57,0
3730,0.03757658845611211,0.7631,0,-2.5135,1.648,0,-2.603,1.632,0.0,-2.569,0
3731,0.045617978911828415,0.7758,0,-2.5209,1.638,0,-2.611,1.618,0.0,-2.57,0
3732,0.0395600808897049,0.7907,0,-2.5211,1.619,0,-2.616,1.605,0.0,-2.579,0
3733,0.03499999999999997,0.8104,0,-2.527,1.607,0,-2.613,1.586,0.0,-2.585,0
3734,0.039446165846632075,0.8206,0,-2.5344,1.607,0,-2.604,1.573,0.0,-2.584,0
3735,0.03522782990761701,0.831,0,-2.542,1.589,0,-2.604,1.56,0.0,-2.584,0
3736,0.04219004621945801,0.8444,0,-2.5491,1.567,0,-2.621,1.545,0.0,-2.585,0
3737,0.0350000000000001,0.855,0,-2.5619,1.55,0,-2.609,1.529,0.0,-2.581,0
3738,0.04360045871318341,0.8651,0,-2.5731,1.54,0,-2.612,1.514,0.0,-2.577,0
3739,0.038078865529319536,0.8721,0,-2.5776,1.539,0,-2.596,1.506,0.0,-2.577,0
3740,0.023021728866442725,0.8769,0,-2.5815,1.513,0,-2.596,1.5,0.0,-2.577,0
3741,0.017088007490635077,0.8862,0,-2.5872,1.495,0,-2.593,1.489,0.0,-2.577,0
3742,0.022671568097509278,0.9013,0,-2.5962,1.488,0,-2.593,1.471,0.0,-2.578,0
3743,0.02473863375370593,0.9202,0,-2.6036,1.476,0,-2.589,1.452,0.0,-2.583,0
3744,0.04492215489043264,0.9345,0,-2.6141,1.477,0,-2.595,1.434,0.0,-2.582,0
3745,0.03195309061734083,0.9477,0,-2.6225,1.448,0,-2.594,1.418,0.0,-2.583,0
3746,0.03342154993413677,0.9581,0,-2.6292,1.432,0,-2.604,1.406,0.0,-2.583,0
3747,0.02549509756796377,0.967,0,-2.6346,1.413,0,-2.602,1.396,0.0,-2.583,0
3748,0.020000000000000018,0.9751,0,-2.6415,1.397,0,-2.598,1.385,0.0,-2.582,0
3749,0.028017851452243735,0.9858,0,-2.6471,1.396,0,-2.599,1.373,0.0,-2.583,0
3750,0.032649655434629,0.9961,0,-2.6529,1.39,0,-2.599,1.361,0.0,-2.584,0
3751,0.028301943396169895,1.0058,0,-2.6588,1.374,0,-2.6,1.35,0.0,-2.585,0
3752,0.02640075756488811,1.0165,0,-2.6643,1.359,0,-2.602,1.338,0.0,-2.586,0
3753,0.01920937271229865,1.0283,0,-2.6702,1.337,0,-2.603,1.325,0.0,-2.588,0
3754,0.03162277660168395,1.0401,0,-2.6772,1.337,0,-2.607,1.311,0.0,-2.589,0
3755,0.03000000000000016,1.0521,0,-2.6855,1.321,0,-2.607,1.297,0.0,-2.589,0
3756,0.03482814953453611,1.0648,0,-2.6947,1.303,0,-2.615,1.281,0.0,-2.588,0
3757,0.029832867780352636,1.0774,0,-2.7034,1.285,0,-2.611,1.266,0.0,-2.588,0
3758,0.029732137494636872,1.0896,0,-2.7116,1.271,0,-2.61,1.251,0.0,-2.588,0
3759,0.0410487515035475,1.1013,0,-2.7196,1.271,0,-2.611,1.237,0.0,-2.588,0
3760,0.037443290453698236,1.112,0,-2.725,1.256,0,-2.611,1.225,0.0,-2.59,0
3761,0.027586228448267545,1.115,0,-2.7276,1.241,0,-2.608,1.221,0.0,-2.589,0
3762,0.0223606797749977,1.1195,0,-2.7315,1.219,0,-2.61,1.215,0.0,-2.588,0
3763,0.02860069929215001,1.13,0,-2.7398,1.219,0,-2.61,1.202,0.0,-2.587,0
3764,0.043908996800200224,1.1453,0,-2.7502,1.221,0,-2.609,1.183,0.0,-2.587,0
3765,0.04716990566028301,1.1625,0,-2.7665,1.2,0,-2.609,1.16,0.0,-2.584,0
3766,0.04518849411078001,1.1822,0,-2.7762,1.179,0,-2.606,1.138,0.0,-2.587,0
3767,0.03860051813123752,1.1986,0,-2.7852,1.156,0,-2.599,1.119,0.0,-2.588,0
3768,0.052886671288709296,1.21,0,-2.7937,1.156,0,-2.602,1.105,0.0,-2.588,1
3769,0.03231098884280705,1.2185,0,-2.7997,1.125,0,-2.599,1.095,0.0,-2.587,0
3770,0.023853720883753086,1.2261,0,-2.8037,1.106,0,-2.601,1.086,0.0,-2.588,0
3771,0.013601470508735544,1.2294,0,-2.8056,1.09,0,-2.6,1.082,0.0,-2.589,0
3772,0.02121320343559635,1.2295,0,-2.806,1.079,0,-2.609,1.082,0.0,-2.588,0
3773,0.0200997512422418,1.2296,0,-2.8081,1.079,0,-2.607,1.081,0.0,-2.587,0
3774,0.024351591323771966,1.234,0,-2.8131,1.082,0,-2.608,1.074,0.0,-2.585,0
3775,0.03140063693621517,1.2451,0,-2.8212,1.08,0,-2.609,1.061,0.0,-2.584,0
3776,0.038288379438153344,1.2624,0,-2.8341,1.068,0,-2.608,1.039,0.0,-2.583,0
3777,0.04123105625617678,1.279,0,-2.8468,1.05,0,-2.608,1.018,0.0,-2.582,0
3778,0.05255473337388368,1.2934,0,-2.8559,1.05,0,-2.602,1.001,0.0,-2.583,1
3779,0.04294182110716772,1.3064,0,-2.8592,1.027,0,-2.607,0.989,0.0,-2.587,0
3780,0.02420743687382045,1.3089,0,-2.86,1.001,0,-2.607,0.986,0.0,-2.588,0
3781,0.018439088914585573,1.3079,0,-2.8606,0.983,0,-2.605,0.987,0.0,-2.587,0
3782,0.03544009029333895,1.3067,0,-2.8614,0.977,0,-2.62,0.987,0.0,-2.586,0
3783,0.030413812651490908,1.3097,0,-2.8654,0.977,0,-2.614,0.982,0.0,-2.584,0
3784,0.0268328157299975,1.3237,0,-2.8747,0.978,0,-2.608,0.966,0.0,-2.584,0
3785,0.04244997055358221,1.3389,0,-2.8905,0.975,0,-2.609,0.944,0.0,-2.58,0
3786,0.059413803110051684,1.354,0,-2.9115,0.963,0,-2.612,0.92,0.0,-2.571,1
3787,0.04455333881989097,1.3697,0,-2.922,0.932,0,-2.603,0.901,0.0,-2.571,0
3788,0.06576473218982974,1.3821,0,-2.9313,0.932,0,-2.616,0.885,0.0,-2.57,1
3789,0.046669047558312415,1.3918,0,-2.9382,0.907,0,-2.603,0.874,0.0,-2.57,0
3790,0.04263801121065598,1.4003,0,-2.9439,0.89,0,-2.603,0.863,0.0,-2.57,0
3791,0.04031128874149288,1.4064,0,-2.9474,0.876,0,-2.605,0.856,0.0,-2.57,0
3792,0.027018512172212284,1.4059,0,-2.9467,0.858,0,-2.598,0.857,0.0,-2.571,0
3793,0.03206243908376283,1.4025,0,-2.944,0.859,0,-2.603,0.861,0.0,-2.571,0
3794,0.029614185789921612,1.4045,0,-2.9444,0.854,0,-2.601,0.86,0.0,-2.572,0
3795,0.02247220505424425,1.4052,0,-2.948,0.876,0,-2.581,0.857,0.0,-2.569,0
3796,0.043416586692184886,1.4143,0,-2.9515,0.889,0,-2.56,0.847,0.0,-2.571,0
3797,0.023769728648009403,1.4277,0,-2.9634,0.852,0,-2.578,0.83,0.0,-2.569,0
3798,0.07357309290766535,1.4412,0,-2.9802,0.847,0,-2.626,0.809,0.0,-2.563,1
3799,0.07038465741907142,1.4553,0,-2.9957,0.816,0,-2.623,0.789,0.0,-2.558,1
3800,0.06203224967708314,1.4686,0,-3.0084,0.793,0,-2.613,0.771,0.0,-2.555,1
3801,0.049477267507411965,1.4787,0,-3.0185,0.769,0,-2.6,0.757,0.0,-2.552,0
3802,0.04617358552246104,1.4854,0,-3.025,0.751,0,-2.596,0.747,0.0,-2.55,0
3803,0.042953463189829316,1.4896,0,-3.0292,0.751,0,-2.591,0.742,0.0,-2.549,0
3804,0.04901020301937132,1.4964,0,-3.0345,0.732,0,-2.598,0.733,0.0,-2.549,0
3805,0.09610411021387198,1.5141,0,-3.0591,0.685,0,-2.632,0.705,0.0,-2.538,1
3806,0.06228964600958958,1.5244,0,-3.068,0.697,0,-2.598,0.691,0.0,-2.536,1
3807,0.031384709652950364,1.5373,0,-3.0761,0.703,0,-2.553,0.676,0.0,-2.537,0
3808,0.02668332812825274,1.5503,0,-3.0841,0.687,0,-2.544,0.661,0.0,-2.538,0
3809,0.04177319714841088,1.5622,0,-3.0923,0.687,0,-2.545,0.646,0.0,-2.537,0
3810,0.03687817782917158,1.5735,0,-3.1003,0.668,0,-2.545,0.632,0.0,-2.537,0
3811,0.03178049716414146,1.5839,0,-3.1078,0.65,0,-2.544,0.619,0.0,-2.537,0
3812,0.027513632984395197,1.5948,0,-3.1152,0.632,0,-2.546,0.606,0.0,-2.537,0
3813,0.02745906043549197,1.606,0,-3.1229,0.62,0,-2.542,0.593,0.0,-2.537,0
3814,0.041976183723630725,1.617,0,-3.1304,0.62,0,-2.546,0.579,0.0,-2.537,0
3815,0.03275667870831836,1.6276,0,-3.1351,0.6,0,-2.546,0.568,0.0,-2.539,0
3816,0.022022715545545274,1.633,0,-3.1348,0.586,0,-2.543,0.564,0.0,-2.542,0
3817,0.003162277660168347,1.6335,0,-3.1329,0.567,0,-2.545,0.564,0.0,-2.544,0
3818,0.009055385138137315,1.634,0,-3.1312,0.566,0,-2.554,0.565,0.0,-2.545,0
3819,0.0072111025509278,1.6367,0,-3.1309,0.567,0,-2.553,0.563,0.0,-2.547,0
3820,0.013038404810405189,1.6429,0,-3.1311,0.57,0,-2.552,0.557,0.0,-2.551,0
3821,0.023769728648009282,1.6523,0,-3.1366,0.57,0,-2.557,0.547,0.0,-2.551,0
3822,0.03373425558686605,1.6678,0,-3.1465,0.561,0,-2.559,0.528,0.0,-2.552,0
3823,0.04441846462902572,1.6813,0,-3.1683,0.543,0,-2.564,0.505,0.0,-2.541,0
3824,0.054708317466359735,1.6943,0,-3.1747,0.542,0,-2.56,0.49,0.0,-2.543,1
3825,0.047127486671792694,1.7071,0,-3.1828,0.52,0,-2.558,0.475,0.0,-2.544,0
3826,0.04229657196511317,1.7234,0,-3.1928,0.498,0,-2.539,0.456,0.0,-2.544,0
3827,0.042190046219457954,1.7404,0,-3.2053,0.477,0,-2.54,0.435,0.0,-2.544,0
3828,0.025179356624028378,1.7485,0,-3.2098,0.451,0,-2.541,0.426,0.0,-2.544,0
3829,0.025079872407968943,1.7479,0,-3.2097,0.451,0,-2.542,0.426,0.0,-2.544,0
3830,0.0036055512754641157,1.7481,0,-3.2101,0.429,0,-2.542,0.426,0.0,-2.544,0
3831,0.0014142135623733318,1.7487,0,-3.2114,0.426,0,-2.542,0.425,0.0,-2.543,0
3832,0.005000000000000071,1.7498,0,-3.2145,0.426,0,-2.544,0.422,0.0,-2.541,0
3833,0.015132745950421599,1.7527,0,-3.22,0.432,0,-2.54,0.417,0.0,-2.538,0
3834,0.032557641192199484,1.7575,0,-3.2256,0.442,0,-2.53,0.41,0.0,-2.536,0
3835,0.039623225512317665,1.776,0,-3.2447,0.413,0,-2.558,0.384,0.0,-2.531,0
3836,0.025806975801127795,1.9418,0,-3.411,0.138,0,-2.507,0.153,0.0,-2.486,0
3837,0.02941088233970513,1.942,0,-3.4109,0.136,0,-2.51,0.153,0.0,-2.486,0
3838,0.025806975801127795,1.9418,0,-3.4111,0.138,0,-2.507,0.153,0.0,-2.486,0
3839,0.028301943396169444,1.9419,0,-3.4109,0.138,0,-2.51,0.153,0.0,-2.486,0
3840,0.02941088233970513,1.9418,0,-3.4109,0.136,0,-2.51,0.153,0.0,-2.486,0
3841,0.027784887978899237,1.9416,0,-3.4109,0.139,0,-2.51,0.153,0.0,-2.486,0
3842,0.03482814953453575,1.94,0,-3.41,0.133,0,-2.513,0.155,0.0,-2.486,0
3843,0.04669047011971519,1.9365,0,-3.4084,0.127,0,-2.519,0.159,0.0,-2.485,0
3844,0.04904079934095701,1.933,0,-3.406,0.125,0,-2.516,0.163,0.0,-2.485,0
3845,0.04313930922024608,1.9306,0,-3.4043,0.136,0,-2.516,0.166,0.0,-2.485,0
3846,0.024758836806279837,1.9303,0,-3.4038,0.149,0,-2.503,0.167,0.0,-2.486,0
3847,0.022803508501982955,1.9303,0,-3.4039,0.153,0,-2.503,0.167,0.0,-2.485,0
3848,0.020518284528682963,1.9302,0,-3.4038,0.153,0,-2.501,0.167,0.0,-2.486,0
3849,0.019104973174542742,1.9303,0,-3.4038,0.153,0,-2.499,0.167,0.0,-2.486,0
3850,0.018384776310850174,1.9302,0,-3.4038,0.154,0,-2.499,0.167,0.0,-2.486,0
3851,0.02121320343559621,1.9302,0,-3.4038,0.152,0,-2.501,0.167,0.0,-2.486,0
3852,0.022803508501982605,1.9304,0,-3.4038,0.153,0,-2.504,0.167,0.0,-2.486,0
3853,0.021260291625468983,1.9303,0,-3.4037,0.153,0,-2.502,0.167,0.0,-2.486,0
3854,0.022022715545545173,1.9303,0,-3.4037,0.153,0,-2.503,0.167,0.0,-2.486,0
3855,0.022203603311174717,1.9301,0,-3.4039,0.154,0,-2.503,0.167,0.0,-2.485,0
3856,0.021260291625468983,1.9303,0,-3.4037,0.153,0,-2.502,0.167,0.0,-2.486,0
3857,0.023430749027719813,1.9303,0,-3.4038,0.152,0,-2.504,0.167,0.0,-2.486,0
3858,0.023430749027719813,1.9302,0,-3.4038,0.152,0,-2.504,0.167,0.0,-2.486,0
3859,0.021931712199461006,1.9303,0,-3.4038,0.152,0,-2.502,0.167,0.0,-2.486,0
3860,0.021260291625468983,1.9303,0,-3.4036,0.153,0,-2.502,0.167,0.0,-2.486,0
3861,0.023430749027719813,1.9304,0,-3.4038,0.152,0,-2.504,0.167,0.0,-2.486,0
3862,0.022803508501982605,1.9304,0,-3.4038,0.153,0,-2.504,0.167,0.0,-2.486,0
3863,0.021931712199461006,1.9302,0,-3.4038,0.152,0,-2.502,0.167,0.0,-2.486,0
3864,0.02121320343559621,1.9303,0,-3.4037,0.152,0,-2.501,0.167,0.0,-2.486,0
3865,0.020518284528682963,1.9302,0,-3.4038,0.153,0,-2.501,0.167,0.0,-2.486,0
3866,0.022671568097509205,1.9302,0,-3.4039,0.152,0,-2.502,0.167,0.0,-2.485,0
3867,0.022671568097509205,1.9303,0,-3.4037,0.152,0,-2.503,0.167,0.0,-2.486,0
3868,0.022022715545545173,1.9303,0,-3.4038,0.153,0,-2.503,0.167,0.0,-2.486,0
3869,0.020518284528682963,1.9303,0,-3.4037,0.153,0,-2.501,0.167,0.0,-2.486,0
3870,0.02193171219946133,1.9302,0,-3.4039,0.152,0,-2.501,0.167,0.0,-2.485,0
3871,0.022627416997969226,1.9302,0,-3.4038,0.151,0,-2.502,0.167,0.0,-2.486,0
3872,0.022671568097509205,1.9303,0,-3.4037,0.152,0,-2.503,0.167,0.0,-2.486,0
3873,0.022671568097509205,1.9303,0,-3.4038,0.152,0,-2.503,0.167,0.0,-2.486,0
3874,0.024413111231467062,1.9302,0,-3.4038,0.153,0,-2.506,0.167,0.0,-2.486,0
3875,0.024413111231467062,1.9302,0,-3.4037,0.153,0,-2.506,0.167,0.0,-2.486,0
3876,0.020615528128087975,1.9302,0,-3.4037,0.154,0,-2.502,0.167,0.0,-2.486,0
3877,0.020518284528682963,1.9304,0,-3.4037,0.153,0,-2.501,0.167,0.0,-2.486,0
3878,0.022803508501982605,1.9304,0,-3.4035,0.153,0,-2.504,0.167,0.0,-2.486,0
3879,0.021400934559032626,1.9303,0,-3.4037,0.154,0,-2.503,0.167,0.0,-2.486,0
3880,0.022022715545545173,1.9303,0,-3.4038,0.153,0,-2.503,0.167,0.0,-2.486,0
3881,0.021400934559032626,1.9303,0,-3.4037,0.154,0,-2.503,0.167,0.0,-2.486,0
3882,0.022803508501982955,1.9301,0,-3.4038,0.153,0,-2.503,0.167,0.0,-2.485,0
3883,0.03330165161069337,1.9271,0,-3.4022,0.148,0,-2.51,0.17,0.0,-2.485,0
3884,0.049678969393496905,1.9191,0,-3.3987,0.141,0,-2.516,0.179,0.0,-2.484,0
3885,0.061073725938409984,1.908,0,-3.3945,0.143,0,-2.52,0.19,0.0,-2.481,1
3886,0.03580502757993654,1.8957,0,-3.3906,0.174,0,-2.498,0.203,0.0,-2.477,0
3887,0.013152946437966247,1.8845,0,-3.3873,0.216,0,-2.461,0.214,0.0,-2.474,0
3888,0.0314006369362153,1.8795,0,-3.386,0.224,0,-2.441,0.219,0.0,-2.472,0
3889,0.03080584360149865,1.8799,0,-3.3864,0.236,0,-2.447,0.218,0.0,-2.472,0
3890,0.027784887978899633,1.8812,0,-3.3868,0.231,0,-2.448,0.217,0.0,-2.472,0
3891,0.02607680962081043,1.8812,0,-3.3871,0.231,0,-2.45,0.217,0.0,-2.472,0
3892,0.024698178070456864,1.8813,0,-3.387,0.23,0,-2.451,0.217,0.0,-2.472,0
3893,0.02555386467836111,1.8813,0,-3.3871,0.23,0,-2.45,0.217,0.0,-2.472,0
3894,0.025942243542145815,1.8813,0,-3.3871,0.229,0,-2.449,0.217,0.0,-2.472,0
3895,0.026419689627245932,1.8812,0,-3.3873,0.23,0,-2.449,0.217,0.0,-2.472,0
3896,0.02385372088375315,1.8813,0,-3.3871,0.23,0,-2.452,0.217,0.0,-2.472,0
3897,0.02607680962081043,1.8813,0,-3.3871,0.231,0,-2.45,0.217,0.0,-2.472,0
3898,0.025238858928247856,1.8812,0,-3.3872,0.231,0,-2.451,0.217,0.0,-2.472,0
3899,0.024186773244895574,1.8814,0,-3.3872,0.228,0,-2.451,0.216,0.0,-2.472,0
3900,0.024186773244895574,1.8814,0,-3.3872,0.228,0,-2.451,0.216,0.0,-2.472,0
3901,0.025238858928247856,1.8813,0,-3.3874,0.23,0,-2.451,0.216,0.0,-2.472,0
3902,0.02607680962081043,1.8814,0,-3.3873,0.23,0,-2.45,0.216,0.0,-2.472,0
3903,0.02385372088375315,1.8813,0,-3.3872,0.23,0,-2.452,0.217,0.0,-2.472,0
3904,0.024413111231467426,1.8815,0,-3.3874,0.23,0,-2.452,0.216,0.0,-2.472,0
3905,0.028425340807103645,1.8849,0,-3.3892,0.23,0,-2.45,0.212,0.0,-2.472,0
3906,0.03764306044943743,1.8956,0,-3.3951,0.229,0,-2.449,0.2,0.0,-2.473,0
3907,0.051107729356722684,1.9129,0,-3.4042,0.225,0,-2.449,0.181,0.0,-2.475,1
3908,0.07223572523343286,1.933,0,-3.4139,0.226,0,-2.452,0.159,0.0,-2.479,1
3909,0.06711929677819937,1.9478,0,-3.422,0.203,0,-2.452,0.142,0.0,-2.48,1
3910,0.04382921400162218,1.951,0,-3.424,0.174,0,-2.455,0.138,0.0,-2.48,0
3911,0.028653097563788733,1.9484,0,-3.4226,0.155,0,-2.455,0.141,0.0,-2.48,0
3912,0.025632011235952615,1.9447,0,-3.4206,0.154,0,-2.456,0.145,0.0,-2.48,0
3913,0.022803508501982993,1.9421,0,-3.4192,0.154,0,-2.457,0.148,0.0,-2.479,0
3914,0.021587033144922815,1.9417,0,-3.4188,0.154,0,-2.459,0.149,0.0,-2.48,0
3915,0.022847319317591645,1.9418,0,-3.4187,0.158,0,-2.459,0.149,0.0,-2.48,0
3916,0.022825424421026676,1.9418,0,-3.4189,0.16,0,-2.459,0.149,0.0,-2.479,0
3917,0.023259406699225937,1.9418,0,-3.419,0.159,0,-2.458,0.149,0.0,-2.479,0
3918,0.022360679774997918,1.9418,0,-3.419,0.159,0,-2.459,0.149,0.0,-2.479,0
3919,0.022825424421026676,1.9418,0,-3.4189,0.16,0,-2.459,0.149,0.0,-2.479,0
3920,0.02507987240796903,1.9416,0,-3.4188,0.159,0,-2.456,0.149,0.0,-2.479,0
3921,0.023769728648009244,1.9404,0,-3.4178,0.159,0,-2.458,0.15,0.0,-2.48,0
3922,0.015524174696260145,1.9347,0,-3.4138,0.153,0,-2.465,0.157,0.0,-2.48,0
3923,0.026925824035672574,1.9246,0,-3.407,0.144,0,-2.473,0.17,0.0,-2.48,0
3924,0.03701351104664351,1.9137,0,-3.3986,0.146,0,-2.482,0.183,0.0,-2.481,0
3925,0.026019223662515384,1.9069,0,-3.3929,0.166,0,-2.482,0.192,0.0,-2.481,0
3926,0.00921954445729304,1.9064,0,-3.3923,0.186,0,-2.476,0.193,0.0,-2.482,0
3927,0.00721110255092817,1.9071,0,-3.3927,0.196,0,-2.476,0.192,0.0,-2.482,0
3928,0.0040000000000000036,1.9073,0,-3.3927,0.196,0,-2.482,0.192,0.0,-2.482,0
3929,0.0020000000000000018,1.9074,0,-3.3928,0.194,0,-2.482,0.192,0.0,-2.482,0
3930,0.002236067977499941,1.9073,0,-3.3927,0.194,0,-2.481,0.192,0.0,-2.482,0
3931,0.0028284271247463496,1.9073,0,-3.3929,0.194,0,-2.48,0.192,0.0,-2.482,0
3932,0.0050000000000000044,1.9073,0,-3.3928,0.195,0,-2.478,0.192,0.0,-2.482,0
3933,0.0036055512754641157,1.9073,0,-3.3927,0.195,0,-2.48,0.192,0.0,-2.482,0
3934,0.0022360679774999902,1.9073,0,-3.3927,0.193,0,-2.48,0.192,0.0,-2.482,0
3935,0.002236067977499941,1.9073,0,-3.3928,0.194,0,-2.481,0.192,0.0,-2.482,0
3936,0.0014142135623733318,1.9073,0,-3.3927,0.193,0,-2.481,0.192,0.0,-2.482,0
3937,0.004472135954999683,1.9074,0,-3.3928,0.196,0,-2.48,0.192,0.0,-2.482,0
3938,0.005656854249492385,1.9072,0,-3.3928,0.196,0,-2.478,0.192,0.0,-2.482,0
3939,0.0050000000000000044,1.9073,0,-3.3928,0.195,0,-2.478,0.192,0.0,-2.482,0
3940,0.0020000000000000018,1.9073,0,-3.3927,0.194,0,-2.482,0.192,0.0,-2.482,0
3941,0.003605551275463869,1.9073,0,-3.3927,0.195,0,-2.484,0.192,0.0,-2.482,0
3942,0.0031622776601684874,1.9073,0,-3.3929,0.195,0,-2.481,0.192,0.0,-2.482,0
3943,0.0014142135623730178,1.9074,0,-3.3928,0.193,0,-2.483,0.192,0.0,-2.482,0
3944,0.002236067977499742,1.9074,0,-3.3927,0.194,0,-2.483,0.192,0.0,-2.482,0
3945,0.004242640687119367,1.9073,0,-3.3929,0.195,0,-2.479,0.192,0.0,-2.482,0
3946,0.002236067977499941,1.9073,0,-3.3928,0.194,0,-2.481,0.192,0.0,-2.482,0
3947,0.004472135954999584,1.9073,0,-3.3928,0.194,0,-2.478,0.192,0.0,-2.482,0
3948,0.003605551275464085,1.9073,0,-3.393,0.194,0,-2.479,0.192,0.0,-2.482,0
3949,0.003605551275464085,1.9074,0,-3.3927,0.194,0,-2.479,0.192,0.0,-2.482,0
3950,0.004242640687119367,1.9073,0,-3.3929,0.195,0,-2.479,0.192,0.0,-2.482,0
3951,0.003605551275464085,1.9074,0,-3.393,0.194,0,-2.479,0.192,0.0,-2.482,0
3952,0.002236067977499742,1.9074,0,-3.3929,0.194,0,-2.483,0.192,0.0,-2.482,0
3953,0.004472135954999683,1.9073,0,-3.3929,0.196,0,-2.48,0.192,0.0,-2.482,0
3954,0.0028284271247463496,1.9073,0,-3.3928,0.194,0,-2.48,0.192,0.0,-2.482,0
3955,0.002236067977499941,1.9074,0,-3.3928,0.194,0,-2.481,0.192,0.0,-2.482,0
3956,0.0020000000000000018,1.9073,0,-3.3929,0.194,0,-2.482,0.192,0.0,-2.482,0
3957,0.003605551275464085,1.9073,0,-3.3928,0.194,0,-2.479,0.192,0.0,-2.482,0
3958,0.002236067977499941,1.9073,0,-3.393,0.194,0,-2.481,0.192,0.0,-2.482,0
3959,0.004123105625617745,1.9073,0,-3.3928,0.196,0,-2.481,0.192,0.0,-2.482,0
3960,0.003605551275464085,1.9073,0,-3.3929,0.194,0,-2.479,0.192,0.0,-2.482,0
3961,0.0020000000000000018,1.9073,0,-3.3928,0.194,0,-2.482,0.192,0.0,-2.482,0
3962,0.0028284271247463496,1.9073,0,-3.3929,0.194,0,-2.48,0.192,0.0,-2.482,0
3963,0.0030000000000000027,1.9073,0,-3.3929,0.195,0,-2.482,0.192,0.0,-2.482,0
3964,0.0020000000000000018,1.9074,0,-3.3928,0.194,0,-2.482,0.192,0.0,-2.482,0
3965,0.0028284271247463496,1.9073,0,-3.3928,0.194,0,-2.48,0.192,0.0,-2.482,0
3966,0.0030000000000000027,1.9073,0,-3.3929,0.195,0,-2.482,0.192,0.0,-2.482,0
3967,0.0031622776601684874,1.9074,0,-3.3929,0.195,0,-2.481,0.192,0.0,-2.482,0
3968,0.0022360679774999902,1.9074,0,-3.393,0.193,0,-2.48,0.192,0.0,-2.482,0
3969,0.0028284271247463496,1.9073,0,-3.3928,0.194,0,-2.48,0.192,0.0,-2.482,0
3970,0.0031622776601684874,1.9074,0,-3.3928,0.195,0,-2.481,0.192,0.0,-2.482,0
3971,0.0028284271247463496,1.9074,0,-3.3929,0.194,0,-2.48,0.192,0.0,-2.482,0
3972,0.002236067977499742,1.9073,0,-3.393,0.194,0,-2.483,0.192,0.0,-2.482,0
3973,0.003162277660168347,1.9074,0,-3.393,0.195,0,-2.483,0.192,0.0,-2.482,0
3974,0.005656854249492385,1.9073,0,-3.393,0.196,0,-2.478,0.192,0.0,-2.482,0
3975,0.0028284271247463496,1.9074,0,-3.3929,0.194,0,-2.48,0.192,0.0,-2.482,0
3976,0.0030000000000000027,1.9074,0,-3.393,0.195,0,-2.482,0.192,0.0,-2.482,0
3977,0.0036055512754641157,1.9074,0,-3.3928,0.195,0,-2.48,0.192,0.0,-2.482,0
3978,0.0028284271247463496,1.9073,0,-3.3929,0.194,0,-2.48,0.192,0.0,-2.482,0
3979,0.0028284271247463496,1.9074,0,-3.393,0.194,0,-2.48,0.192,0.0,-2.482,0
3980,0.0036055512754641157,1.9073,0,-3.3929,0.195,0,-2.48,0.192,0.0,-2.482,0
3981,0.0020000000000000018,1.9074,0,-3.3929,0.194,0,-2.482,0.192,0.0,-2.482,0
3982,0.002236067977499742,1.9074,0,-3.393,0.194,0,-2.483,0.192,0.0,-2.482,0
3983,0.0014142135623730178,1.9074,0,-3.3929,0.193,0,-2.483,0.192,0.0,-2.482,0
3984,0.0028284271247463496,1.9074,0,-3.393,0.194,0,-2.48,0.192,0.0,-2.482,0
3985,0.0020000000000000018,1.9074,0,-3.3931,0.194,0,-2.482,0.192,0.0,-2.482,0
3986,0.0014142135623733318,1.9074,0,-3.3929,0.193,0,-2.481,0.192,0.0,-2.482,0
3987,0.0014142135623733318,1.9073,0,-3.393,0.193,0,-2.481,0.192,0.0,-2.482,0
3988,0.002236067977499941,1.9074,0,-3.393,0.194,0,-2.481,0.192,0.0,-2.482,0
3989,0.0028284271247463496,1.9073,0,-3.393,0.194,0,-2.48,0.192,0.0,-2.482,0
3990,0.002236067977499742,1.9074,0,-3.3929,0.194,0,-2.483,0.192,0.0,-2.482,0
3991,0.0020000000000000018,1.9074,0,-3.3931,0.194,0,-2.482,0.192,0.0,-2.482,0
3992,0.0028284271247463496,1.9074,0,-3.3929,0.194,0,-2.48,0.192,0.0,-2.482,0
3993,0.0028284271247463496,1.9075,0,-3.393,0.194,0,-2.48,0.192,0.0,-2.482,0
3994,0.0040000000000000036,1.9074,0,-3.3929,0.196,0,-2.482,0.192,0.0,-2.482,0
3995,0.0028284271247463496,1.9073,0,-3.3931,0.194,0,-2.48,0.192,0.0,-2.482,0
3996,0.0036055512754641157,1.9074,0,-3.3931,0.195,0,-2.48,0.192,0.0,-2.482,0
3997,0.0031622776601684874,1.9074,0,-3.3931,0.195,0,-2.481,0.192,0.0,-2.482,0
3998,0.004123105625617745,1.9074,0,-3.393,0.196,0,-2.481,0.192,0.0,-2.482,0
3999,0.0020000000000000018,1.9075,0,-3.393,0.194,0,-2.482,0.192,0.0,-2.482,0
4000,0.0020000000000000018,1.9074,0,-3.393,0.194,0,-2.482,0.192,0.0,-2.482,0
4001,0.004242640687119367,1.9074,0,-3.3929,0.195,0,-2.479,0.192,0.0,-2.482,0
4002,0.0036055512754641157,1.9074,0,-3.393,0.195,0,-2.48,0.192,0.0,-2.482,0
4003,0.0036055512754641157,1.9074,0,-3.393,0.195,0,-2.48,0.192,0.0,-2.482,0
4004,0.0031622776601684874,1.9074,0,-3.393,0.195,0,-2.481,0.192,0.0,-2.482,0
4005,0.0031622776601684874,1.9074,0,-3.393,0.195,0,-2.481,0.192,0.0,-2.482,0
4006,0.008999999999999897,2.1359,0,-3.179,0.122,0,-2.778,0.122,0.0,-2.787,0
4007,0.008999999999999897,2.136,0,-3.1791,0.122,0,-2.778,0.122,0.0,-2.787,0
4008,0.008062257748298557,2.136,0,-3.1792,0.121,0,-2.779,0.122,0.0,-2.787,0
4009,0.00824621125123533,2.1359,0,-3.1792,0.124,0,-2.779,0.122,0.0,-2.787,0
4010,0.013152946437965808,2.1359,0,-3.1791,0.12,0,-2.774,0.122,0.0,-2.787,0
4011,0.012041594578792305,2.136,0,-3.1791,0.121,0,-2.775,0.122,0.0,-2.787,0
4012,0.008062257748298557,2.1359,0,-3.179,0.121,0,-2.779,0.122,0.0,-2.787,0
4013,0.009055385138137315,2.1359,0,-3.1791,0.121,0,-2.778,0.122,0.0,-2.787,0
4014,0.009219544457292787,2.1359,0,-3.1791,0.12,0,-2.778,0.122,0.0,-2.787,0
4015,0.013038404810405198,2.1359,0,-3.179,0.123,0,-2.774,0.122,0.0,-2.787,0
4016,0.008000000000000007,2.1359,0,-3.1791,0.122,0,-2.779,0.122,0.0,-2.787,0
4017,0.0129999999999999,2.1359,0,-3.179,0.122,0,-2.774,0.122,0.0,-2.787,0
4018,0.009055385138137315,2.1359,0,-3.1791,0.123,0,-2.778,0.122,0.0,-2.787,0
4019,0.008999999999999897,2.1359,0,-3.179,0.122,0,-2.778,0.122,0.0,-2.787,0
4020,0.013038404810405198,2.136,0,-3.1792,0.123,0,-2.774,0.122,0.0,-2.787,0
4021,0.008062257748298557,2.1359,0,-3.179,0.121,0,-2.779,0.122,0.0,-2.787,0
4022,0.009055385138137315,2.136,0,-3.179,0.121,0,-2.778,0.122,0.0,-2.787,0
4023,0.008999999999999897,2.1359,0,-3.1791,0.122,0,-2.778,0.122,0.0,-2.787,0
4024,0.008999999999999897,2.1359,0,-3.179,0.122,0,-2.778,0.122,0.0,-2.787,0
4025,0.01019803902718536,2.136,0,-3.1791,0.12,0,-2.777,0.122,0.0,-2.787,0
4026,0.005999999999999783,2.1359,0,-3.179,0.122,0,-2.781,0.122,0.0,-2.787,0
4027,0.008999999999999897,2.1359,0,-3.1791,0.122,0,-2.778,0.122,0.0,-2.787,0
4028,0.008999999999999897,2.1359,0,-3.1791,0.122,0,-2.778,0.122,0.0,-2.787,0
4029,0.008999999999999897,2.1358,0,-3.179,0.122,0,-2.778,0.122,0.0,-2.787,0
4030,0.008999999999999897,2.1359,0,-3.1791,0.122,0,-2.778,0.122,0.0,-2.787,0
4031,0.008062257748298557,2.136,0,-3.179,0.121,0,-2.779,0.122,0.0,-2.787,0
4032,0.010049875621120677,2.1359,0,-3.179,0.121,0,-2.777,0.122,0.0,-2.787,0
4033,0.010049875621120677,2.1359,0,-3.1792,0.123,0,-2.777,0.122,0.0,-2.787,0
4034,0.009055385138137315,2.1359,0,-3.1791,0.121,0,-2.778,0.122,0.0,-2.787,0
4035,0.013152946437965808,2.1359,0,-3.179,0.12,0,-2.774,0.122,0.0,-2.787,0
4036,0.008062257748298557,2.1359,0,-3.1791,0.123,0,-2.779,0.122,0.0,-2.787,0
4037,0.012041594578792305,2.136,0,-3.179,0.123,0,-2.775,0.122,0.0,-2.787,0
4038,0.01200000000000001,2.1359,0,-3.1791,0.122,0,-2.775,0.122,0.0,-2.787,0
4039,0.008999999999999897,2.1359,0,-3.179,0.122,0,-2.778,0.122,0.0,-2.787,0
4040,0.013038404810405198,2.136,0,-3.1792,0.121,0,-2.774,0.122,0.0,-2.787,0
4041,0.008000000000000007,2.1358,0,-3.179,0.122,0,-2.779,0.122,0.0,-2.787,0
4042,0.008999999999999897,2.1359,0,-3.179,0.122,0,-2.778,0.122,0.0,-2.787,0
4043,0.009055385138137315,2.1359,0,-3.179,0.123,0,-2.778,0.122,0.0,-2.787,0
4044,0.008999999999999897,2.1358,0,-3.179,0.122,0,-2.778,0.122,0.0,-2.787,0
4045,0.008062257748298557,2.1359,0,-3.1791,0.123,0,-2.779,0.122,0.0,-2.787,0
4046,0.01100000000000012,2.1358,0,-3.1789,0.122,0,-2.776,0.122,0.0,-2.787,0
4047,0.013341664064126239,2.1338,0,-3.1774,0.122,0,-2.774,0.125,0.0,-2.787,0
4048,0.01769180601295415,2.1246,0,-3.1721,0.122,0,-2.774,0.135,0.0,-2.786,0
4049,0.03157530680769393,2.1084,0,-3.1618,0.124,0,-2.78,0.155,0.0,-2.786,0
4050,0.05360037313302958,2.0569,0,-3.1287,0.163,0,-2.776,0.216,0.0,-2.784,1
4051,0.04204759208325724,2.0399,0,-3.1177,0.194,0,-2.782,0.236,0.0,-2.784,0
4052,0.03,2.0257,0,-3.108,0.223,0,-2.784,0.253,0.0,-2.784,0
4053,0.04601086828130938,2.0128,0,-3.099,0.223,0,-2.785,0.269,0.0,-2.784,0
4054,0.03999999999999998,1.9999,0,-3.09,0.245,0,-2.785,0.285,0.0,-2.785,0
4055,0.03551056180912942,1.9866,0,-3.081,0.266,0,-2.779,0.301,0.0,-2.785,0
4056,0.031144823004794913,1.972,0,-3.0717,0.287,0,-2.787,0.318,0.0,-2.784,0
4057,0.029017236257093786,1.9403,0,-3.0504,0.327,0,-2.783,0.356,0.0,-2.784,0
4058,0.04104875150354755,1.9306,0,-3.0435,0.327,0,-2.782,0.368,0.0,-2.784,0
4059,0.03238826948140331,1.9212,0,-3.0368,0.348,0,-2.79,0.38,0.0,-2.785,0
4060,0.03140063693621517,1.9108,0,-3.0296,0.361,0,-2.79,0.392,0.0,-2.785,0
4061,0.031575306807693874,1.8993,0,-3.0219,0.375,0,-2.791,0.406,0.0,-2.785,0
4062,0.028861739379323514,1.8868,0,-3.0133,0.393,0,-2.792,0.421,0.0,-2.785,0
4063,0.0449110231457712,1.8737,0,-3.0041,0.393,0,-2.794,0.437,0.0,-2.785,0
4064,0.045354161881794225,1.8608,0,-2.995,0.409,0,-2.796,0.453,0.0,-2.785,0
4065,0.044147480109288165,1.8474,0,-2.985,0.427,0,-2.796,0.47,0.0,-2.786,0
4066,0.03805259518088089,1.8333,0,-2.9748,0.449,0,-2.789,0.487,0.0,-2.787,0
4067,0.03765634076752551,1.8185,0,-2.9636,0.469,0,-2.795,0.506,0.0,-2.788,0
4068,0.056515484603779295,1.8035,0,-2.9531,0.469,0,-2.801,0.524,0.0,-2.788,1
4069,0.04964876634922568,1.7885,0,-2.9425,0.493,0,-2.796,0.542,0.0,-2.788,0
4070,0.05434151267677404,1.7522,0,-2.9155,0.535,0,-2.802,0.588,0.0,-2.79,1
4071,0.04924428900898049,1.7381,0,-2.9048,0.557,0,-2.802,0.605,0.0,-2.791,0
4072,0.04684015371452161,1.7237,0,-2.8939,0.578,0,-2.805,0.623,0.0,-2.792,0
4073,0.04477722635447637,1.7104,0,-2.8856,0.6,0,-2.814,0.639,0.0,-2.792,0
4074,0.05756735185849717,1.697,0,-2.8761,0.6,0,-2.809,0.655,0.0,-2.792,1
4075,0.053460265618494644,1.6819,0,-2.8648,0.621,0,-2.8,0.674,0.0,-2.793,1
4076,0.04936598018878984,1.6668,0,-2.8537,0.644,0,-2.8,0.693,0.0,-2.794,0
4077,0.04681879964287844,1.652,0,-2.843,0.667,0,-2.81,0.711,0.0,-2.794,0
4078,0.04401136216933081,1.6376,0,-2.8328,0.688,0,-2.811,0.729,0.0,-2.795,0
4079,0.057271284253105466,1.6244,0,-2.8255,0.688,0,-2.805,0.744,0.0,-2.793,1
4080,0.04661544808322678,1.6111,0,-2.8192,0.716,0,-2.809,0.759,0.0,-2.791,0
4081,0.0497694685525173,1.594,0,-2.8084,0.733,0,-2.809,0.779,0.0,-2.79,0
4082,0.04554119014694286,1.5762,0,-2.7964,0.755,0,-2.797,0.8,0.0,-2.79,0
4083,0.03920459156782524,1.5582,0,-2.7846,0.783,0,-2.794,0.822,0.0,-2.79,0
4084,0.06040695324215578,1.5412,0,-2.7737,0.782,0,-2.797,0.842,0.0,-2.79,1
4085,0.05135172830587098,1.5263,0,-2.7638,0.809,0,-2.796,0.86,0.0,-2.79,1
4086,0.041593268686170824,1.5126,0,-2.7546,0.835,0,-2.796,0.876,0.0,-2.789,0
4087,0.039051248379533283,1.4988,0,-2.7453,0.855,0,-2.798,0.893,0.0,-2.789,0
4088,0.035902646142032514,1.4845,0,-2.7355,0.875,0,-2.798,0.91,0.0,-2.79,0
4089,0.05412947441089742,1.4697,0,-2.7256,0.875,0,-2.8,0.928,0.0,-2.789,1
4090,0.05234500931320951,1.4319,0,-2.701,0.921,0,-2.795,0.973,0.0,-2.789,1
4091,0.05261178575186367,1.4168,0,-2.6905,0.94,0,-2.797,0.992,0.0,-2.789,1
4092,0.0457055795281058,1.4015,0,-2.6799,0.965,0,-2.797,1.01,0.0,-2.789,0
4093,0.04924428900898059,1.3866,0,-2.6693,0.98,0,-2.801,1.028,0.0,-2.79,0
4094,0.04609772228646454,1.3718,0,-2.659,1.001,0,-2.8,1.046,0.0,-2.79,0
4095,0.06413267497929602,1.3572,0,-2.6485,1.001,0,-2.802,1.064,0.0,-2.79,1
4096,0.05412947441089761,1.3447,0,-2.6387,1.027,0,-2.802,1.08,0.0,-2.791,1
4097,0.04060788100849396,1.3372,0,-2.631,1.051,0,-2.801,1.091,0.0,-2.794,0
4098,0.03623534186398686,1.3263,0,-2.6247,1.071,0,-2.81,1.103,0.0,-2.793,0
4099,0.04606517122512398,1.311,0,-2.613,1.082,0,-2.815,1.123,0.0,-2.794,0
4100,0.06389053137985314,1.2936,0,-2.5998,1.083,0,-2.814,1.144,0.0,-2.795,1
4101,0.06389053137985314,1.2764,0,-2.5884,1.104,0,-2.814,1.165,0.0,-2.795,1
4102,0.06545991139621259,1.2604,0,-2.577,1.123,0,-2.816,1.185,0.0,-2.795,1
4103,0.05462600113499079,1.246,0,-2.5669,1.152,0,-2.818,1.202,0.0,-2.796,1
4104,0.05059644256269411,1.2329,0,-2.553,1.173,0,-2.816,1.221,0.0,-2.8,1
4105,0.060876925020897886,0.9361,0,-2.3325,1.531,0,-2.831,1.59,0.0,-2.816,1
4106,0.05738466694161436,0.9239,0,-2.3225,1.553,0,-2.84,1.606,0.0,-2.818,1
4107,0.060415229867972764,0.9073,0,-2.3122,1.573,0,-2.846,1.626,0.0,-2.817,1
4108,0.07818567643756748,0.8892,0,-2.3018,1.573,0,-2.843,1.646,0.0,-2.815,1
4109,0.08023091673413675,0.8704,0,-2.2948,1.592,0,-2.842,1.666,0.0,-2.811,1
4110,0.08170679286326214,0.8534,0,-2.282,1.611,0,-2.842,1.687,0.0,-2.812,1
4111,0.07446475676452603,0.8404,0,-2.2731,1.634,0,-2.84,1.703,0.0,-2.812,1
4112,0.05692099788303081,0.8279,0,-2.2638,1.664,0,-2.831,1.718,0.0,-2.813,1
4113,0.07467261881037787,0.8153,0,-2.2543,1.664,0,-2.839,1.734,0.0,-2.813,1
4114,0.07147027354082233,0.8017,0,-2.2446,1.683,0,-2.836,1.751,0.0,-2.814,1
4115,0.069260378283691,0.7874,0,-2.2339,1.703,0,-2.836,1.769,0.0,-2.815,1
4116,0.07077428911688195,0.7719,0,-2.2229,1.723,0,-2.843,1.788,0.0,-2.815,1
4117,0.07130918594402838,0.757,0,-2.2115,1.74,0,-2.843,1.806,0.0,-2.816,1
4118,0.08895504482602432,0.7428,0,-2.2048,1.739,0,-2.846,1.822,0.0,-2.814,1
4119,0.07970570870395688,0.7301,0,-2.1994,1.763,0,-2.843,1.836,0.0,-2.811,1
4120,0.06530696746902274,0.7229,0,-2.1897,1.788,0,-2.843,1.847,0.0,-2.815,1
4121,0.06390618123468181,0.71,0,-2.1791,1.804,0,-2.839,1.864,0.0,-2.817,1
4122,0.07749193506423724,0.6937,0,-2.1674,1.81,0,-2.84,1.884,0.0,-2.817,1
4123,0.10080674580602225,0.6751,0,-2.1502,1.81,0,-2.84,1.909,0.0,-2.821,1
4124,0.0939201788754684,0.6566,0,-2.1376,1.842,0,-2.851,1.931,0.0,-2.821,1
4125,0.08381527307120103,0.6417,0,-2.125,1.871,0,-2.851,1.95,0.0,-2.823,1
4126,0.07424957912338626,0.6266,0,-2.1193,1.899,0,-2.852,1.966,0.0,-2.82,1
4127,0.07638062581571331,0.617,0,-2.1134,1.922,0,-2.872,1.977,0.0,-2.819,1
4128,0.0961769203083568,0.6081,0,-2.1098,1.92,0,-2.886,1.987,0.0,-2.817,1
4129,0.10538026380684384,0.596,0,-2.1042,1.927,0,-2.891,2.0,0.0,-2.815,1
4130,0.1040048075811883,0.5815,0,-2.0948,1.946,0,-2.891,2.017,0.0,-2.815,1
4131,0.07247068372797373,0.5693,0,-2.0847,1.969,0,-2.85,2.033,0.0,-2.816,1
4132,0.05186520991955967,0.555,0,-2.0717,2.003,0,-2.836,2.052,0.0,-2.819,1
4133,0.06676076692189817,0.5372,0,-2.0645,2.007,0,-2.796,2.071,0.0,-2.815,1
4134,0.054129474410897396,0.5217,0,-2.0568,2.035,0,-2.802,2.088,0.0,-2.813,1
4135,0.05162363799656131,0.5063,0,-2.0496,2.057,0,-2.791,2.105,0.0,-2.81,1
4136,0.09560334722173691,0.2996,0,-1.9726,2.243,0,-2.816,2.319,0.0,-2.758,1
4137,0.12034118164618447,0.2863,0,-1.9603,2.228,0,-2.812,2.337,0.0,-2.761,1
4138,0.11011357772772615,0.2773,0,-1.9464,2.261,0,-2.829,2.352,0.0,-2.767,1
4139,0.06082762530298229,0.2695,0,-1.9316,2.307,0,-2.785,2.367,0.0,-2.775,1
4140,0.19006577808748265,0.2006,0,-1.8502,2.385,0,-2.974,2.47,0.0,-2.804,1
4141,0.20494877408757545,0.1818,0,-1.8377,2.394,0,-2.984,2.492,0.0,-2.804,1
4142,0.2037081245311536,0.157,0,-1.8281,2.387,0,-2.954,2.518,0.0,-2.798,1
4143,0.18483506160899268,0.1429,0,-1.8116,2.431,0,-2.954,2.539,0.0,-2.804,1
4144,0.11543396380615215,0.1257,0,-1.804,2.481,0,-2.886,2.558,0.0,-2.8,1
4145,0.09626006440887112,0.1078,0,-1.7972,2.511,0,-2.867,2.576,0.0,-2.796,1
4146,0.08902246907382459,0.0975,0,-1.7903,2.534,0,-2.866,2.589,0.0,-2.796,1
4147,0.10339245620450288,0.0869,0,-1.7804,2.534,0,-2.875,2.603,0.0,-2.798,1
4148,0.10466135867644795,0.0746,0,-1.77,2.546,0,-2.875,2.619,0.0,-2.8,1
4149,0.1033924562045026,0.0615,0,-1.7546,2.562,0,-2.874,2.639,0.0,-2.805,1
4150,0.10111874208078328,0.0481,0,-1.7411,2.585,0,-2.88,2.657,0.0,-2.809,1
4151,0.1160000000000001,0.0387,0,-1.7354,2.584,0,-2.888,2.668,0.0,-2.808,1
4152,0.10771258050942804,0.0291,0,-1.7278,2.609,0,-2.89,2.68,0.0,-2.809,1
4153,0.0999049548320803,0.0183,0,-1.7176,2.629,0,-2.887,2.695,0.0,-2.812,1
4154,0.08987213138676511,0.0042,0,-1.704,2.648,0,-2.876,2.714,0.0,-2.815,1
4155,0.09548298277703715,-0.0114,0,-1.6909,2.666,0,-2.883,2.735,0.0,-2.817,1
4156,0.10940292500660084,-0.0274,0,-1.6761,2.668,0,-2.886,2.756,0.0,-2.821,1
4157,0.10870602559196031,-0.0425,0,-1.6628,2.692,0,-2.892,2.776,0.0,-2.823,1
4158,0.10026464980241012,-0.0563,0,-1.651,2.716,0,-2.888,2.794,0.0,-2.825,1
4159,0.09590099061010772,-0.065,0,-1.644,2.744,0,-2.9,2.805,0.0,-2.826,1
4160,0.10600471687618457,-0.0731,0,-1.6407,2.765,0,-2.918,2.814,0.0,-2.824,1
4161,0.11985407794480758,-0.105,0,-1.6001,2.785,0,-2.931,2.863,0.0,-2.84,1
4162,0.13150285168010617,-0.124,0,-1.5841,2.786,0,-2.926,2.888,0.0,-2.843,1
4163,0.12379418403139934,-0.1391,0,-1.5716,2.817,0,-2.93,2.907,0.0,-2.845,1
4164,0.11327841806805047,-0.1516,0,-1.5614,2.847,0,-2.93,2.923,0.0,-2.846,1
4165,0.1094029250066012,-0.1629,0,-1.5515,2.873,0,-2.936,2.938,0.0,-2.848,1
4166,0.10183319694480737,-0.1747,0,-1.5418,2.894,0,-2.932,2.953,0.0,-2.849,1
4167,0.10448444860360785,-0.2091,0,-1.5146,2.931,0,-2.934,2.997,0.0,-2.853,1
4168,0.12234786471369252,-0.2254,0,-1.5052,2.928,0,-2.936,3.016,0.0,-2.851,1
4169,0.12972663566130113,-0.2404,0,-1.495,2.949,0,-2.949,3.034,0.0,-2.851,1
4170,0.12060265337047942,-0.2551,0,-1.4846,2.979,0,-2.948,3.052,0.0,-2.852,1
4171,0.10987720418722001,-0.3117,0,-1.4453,3.049,0,-2.935,3.121,0.0,-2.852,1
4172,0.09831073186585465,-0.3467,0,-1.4259,3.093,0,-2.92,3.161,0.0,-2.849,1
4173,0.0933809402394301,-0.3622,0,-1.4178,3.114,0,-2.915,3.178,0.0,-2.847,1
4174,0.0862786184404919,-0.3781,0,-1.4095,3.134,0,-2.905,3.196,0.0,-2.845,1
4175,0.08414867794564554,-0.3942,0,-1.3996,3.156,0,-2.904,3.215,0.0,-2.844,1
4176,0.10076705810928484,-0.4104,0,-1.3907,3.156,0,-2.907,3.233,0.0,-2.842,1
4177,0.09835141076771615,-0.4268,0,-1.3837,3.179,0,-2.906,3.251,0.0,-2.839,1
4178,0.09343446901438471,-0.4665,0,-1.3654,3.225,0,-2.895,3.294,0.0,-2.832,1
4179,0.10705606008068844,-0.8083,0,-1.1281,3.64,0,-2.918,3.71,0.0,-2.837,1
4180,0.10234256201600576,-0.8151,0,-1.1234,3.661,0,-2.922,3.718,0.0,-2.837,1
4181,0.09213034245024795,-0.8149,0,-1.1237,3.676,0,-2.919,3.718,0.0,-2.837,1
4182,0.08561541917201569,-0.8139,0,-1.1246,3.684,0,-2.916,3.717,0.0,-2.837,1
4183,0.08766413177577222,-0.813,0,-1.1253,3.684,0,-2.919,3.715,0.0,-2.837,1
4184,0.08955445270895232,-0.8126,0,-1.1258,3.679,0,-2.919,3.715,0.0,-2.837,1
4185,0.09118113840043887,-0.8126,0,-1.126,3.682,0,-2.921,3.715,0.0,-2.836,1
4186,0.09062008607367354,-0.8125,0,-1.1261,3.681,0,-2.92,3.715,0.0,-2.836,1
4187,0.08600581375697817,-0.8126,0,-1.1261,3.681,0,-2.915,3.715,0.0,-2.836,1
4188,0.09247702417357534,-0.8127,0,-1.126,3.681,0,-2.922,3.715,0.0,-2.836,1
4189,0.09247702417357534,-0.8128,0,-1.1262,3.681,0,-2.922,3.715,0.0,-2.836,1
4190,0.087091905479212,-0.8115,0,-1.1272,3.681,0,-2.917,3.713,0.0,-2.836,1
4191,0.08544003745317531,-0.8068,0,-1.1305,3.677,0,-2.916,3.707,0.0,-2.836,1
4192,0.09024965373894812,-0.7985,0,-1.1364,3.673,0,-2.923,3.697,0.0,-2.836,1
4193,0.08769264507357521,-0.7877,0,-1.1437,3.673,0,-2.923,3.684,0.0,-2.836,1
4194,0.08702298546935765,-0.774,0,-1.1532,3.67,0,-2.923,3.668,0.0,-2.836,1
4195,0.08402380615040009,-0.7595,0,-1.1642,3.651,0,-2.919,3.649,0.0,-2.835,1
4196,0.08400000000000007,-0.7437,0,-1.175,3.63,0,-2.918,3.63,0.0,-2.834,1
4197,0.07764663547121664,-0.7294,0,-1.1788,3.606,0,-2.916,3.616,0.0,-2.839,1
4198,0.08202438661763936,-0.723,0,-1.1842,3.606,0,-2.92,3.608,0.0,-2.838,1
4199,0.08729833904490955,-0.7188,0,-1.1929,3.585,0,-2.92,3.6,0.0,-2.834,1
4200,0.10270345661174202,-0.7062,0,-1.2022,3.572,0,-2.935,3.584,0.0,-2.833,1
4201,0.09600520819205599,-0.6908,0,-1.2189,3.561,0,-2.924,3.562,0.0,-2.828,1
4202,0.08528774824088156,-0.6698,0,-1.2295,3.545,0,-2.916,3.538,0.0,-2.831,1
4203,0.08411896337925237,-0.6536,0,-1.2406,3.545,0,-2.911,3.519,0.0,-2.831,1
4204,0.08276472678623419,-0.6397,0,-1.251,3.518,0,-2.911,3.501,0.0,-2.83,1
4205,0.08302409288875146,-0.6273,0,-1.2581,3.485,0,-2.914,3.487,0.0,-2.831,1
4206,0.08338465086573162,-0.6199,0,-1.2636,3.47,0,-2.913,3.478,0.0,-2.83,1
4207,0.08537564055396617,-0.614,0,-1.2668,3.451,0,-2.914,3.471,0.0,-2.831,1
4208,0.08537564055396595,-0.6041,0,-1.2742,3.451,0,-2.915,3.459,0.0,-2.83,1
4209,0.08602325267042613,-0.5891,0,-1.2865,3.442,0,-2.915,3.44,0.0,-2.829,1
4210,0.08657944328765332,-0.574,0,-1.2993,3.43,0,-2.913,3.42,0.0,-2.827,1
4211,0.07764663547121659,-0.558,0,-1.3081,3.412,0,-2.905,3.402,0.0,-2.828,1
4212,0.08000000000000007,-0.5446,0,-1.3184,3.385,0,-2.907,3.385,0.0,-2.827,1
4213,0.08386298349093013,-0.5351,0,-1.3254,3.385,0,-2.91,3.373,0.0,-2.827,1
4214,0.0830963296421691,-0.5264,0,-1.3315,3.367,0,-2.91,3.363,0.0,-2.827,1
4215,0.07902531240052112,-0.5175,0,-1.3383,3.349,0,-2.905,3.351,0.0,-2.826,1
4216,0.0850058821494136,-0.5068,0,-1.3463,3.337,0,-2.91,3.338,0.0,-2.825,1
4217,0.07802563681252447,-0.4945,0,-1.3551,3.321,0,-2.903,3.323,0.0,-2.825,1
4218,0.07924645102463612,-0.4814,0,-1.3645,3.321,0,-2.902,3.307,0.0,-2.824,1
4219,0.07891767862779572,-0.4678,0,-1.374,3.302,0,-2.902,3.29,0.0,-2.824,1
4220,0.07716216689544166,-0.4553,0,-1.3826,3.28,0,-2.901,3.275,0.0,-2.824,1
4221,0.07211102550927985,-0.4447,0,-1.3847,3.261,0,-2.9,3.265,0.0,-2.828,1
4222,0.06972087205421336,-0.4366,0,-1.3882,3.246,0,-2.899,3.256,0.0,-2.83,1
4223,0.08199999999999985,-0.4281,0,-1.3945,3.246,0,-2.911,3.246,0.0,-2.829,1
4224,0.08200609733428349,-0.4166,0,-1.4022,3.231,0,-2.911,3.232,0.0,-2.829,1
4225,0.08609297300012339,-0.4023,0,-1.4111,3.219,0,-2.916,3.215,0.0,-2.83,1
4226,0.08505292469985964,-0.3873,0,-1.4197,3.201,0,-2.916,3.198,0.0,-2.831,1
4227,0.08700574693662502,-0.3746,0,-1.429,3.181,0,-2.918,3.182,0.0,-2.831,1
4228,0.08796590248499672,-0.3632,0,-1.4381,3.181,0,-2.917,3.168,0.0,-2.83,1
4229,0.08820430828479944,-0.3523,0,-1.4463,3.16,0,-2.917,3.154,0.0,-2.829,1
4230,0.08705170877128163,-0.3414,0,-1.4543,3.143,0,-2.915,3.14,0.0,-2.828,1
4231,0.0870229854693572,-0.3276,0,-1.4613,3.123,0,-2.917,3.125,0.0,-2.83,1
4232,0.08700574693662456,-0.315,0,-1.47,3.109,0,-2.917,3.11,0.0,-2.83,1
4233,0.09093404203047378,-0.3044,0,-1.4785,3.109,0,-2.919,3.096,0.0,-2.829,1
4234,0.090354855984612,-0.2924,0,-1.487,3.09,0,-2.919,3.082,0.0,-2.829,1
4235,0.09518928511129832,-0.28,0,-1.4957,3.072,0,-2.923,3.066,0.0,-2.828,1
4236,0.09600520819205599,-0.2683,0,-1.5041,3.053,0,-2.924,3.052,0.0,-2.828,1
4237,0.09200000000000008,-0.2557,0,-1.5135,3.036,0,-2.919,3.036,0.0,-2.827,1
4238,0.0932148056909417,-0.2435,0,-1.5223,3.036,0,-2.919,3.021,0.0,-2.827,1
4239,0.09243916918709309,-0.2314,0,-1.5316,3.015,0,-2.918,3.006,0.0,-2.826,1
4240,0.09513148795220198,-0.2192,0,-1.5404,2.996,0,-2.921,2.991,0.0,-2.826,1
4241,0.09499999999999975,-0.2074,0,-1.5484,2.977,0,-2.92,2.977,0.0,-2.825,1
4242,0.09004998611882167,-0.1961,0,-1.5563,2.96,0,-2.915,2.963,0.0,-2.825,1
4243,0.09066973034039517,-0.1848,0,-1.5645,2.96,0,-2.915,2.949,0.0,-2.825,1
4244,0.09154780172128629,-0.1728,0,-1.5728,2.944,0,-2.916,2.934,0.0,-2.825,1
4245,0.08628441342444171,-0.1604,0,-1.5813,2.926,0,-2.911,2.919,0.0,-2.825,1
4246,0.0803990049689672,-0.1473,0,-1.5907,2.911,0,-2.904,2.903,0.0,-2.824,1
4247,0.08709190547921213,-0.1351,0,-1.599,2.912,0,-2.908,2.889,0.0,-2.824,1
4248,0.08631338250816026,-0.1236,0,-1.6077,2.889,0,-2.908,2.874,0.0,-2.823,1
4249,0.09513148795220201,-0.1127,0,-1.6175,2.865,0,-2.916,2.86,0.0,-2.821,1
4250,0.11400438588054397,-0.1046,0,-1.6276,2.846,0,-2.931,2.847,0.0,-2.817,1
4251,0.11344161493913948,-0.101,0,-1.6372,2.829,0,-2.925,2.839,0.0,-2.812,1
4252,0.10500476179678708,-0.0948,0,-1.6428,2.83,0,-2.915,2.831,0.0,-2.81,1
4253,0.1171537451385998,-0.0878,0,-1.653,2.813,0,-2.923,2.819,0.0,-2.806,1
4254,0.11144954015158584,-0.0628,0,-1.6836,2.791,0,-2.905,2.781,0.0,-2.794,1
4255,0.07057619995437538,-0.0449,0,-1.6828,2.776,0,-2.875,2.767,0.0,-2.805,1
4256,0.053460265618494596,-0.0347,0,-1.6892,2.762,0,-2.859,2.755,0.0,-2.806,1
4257,0.07302739212103902,-0.0271,0,-1.6969,2.746,0,-2.876,2.744,0.0,-2.803,1
4258,0.06493843238021696,-0.0199,0,-1.7034,2.746,0,-2.866,2.735,0.0,-2.802,1
4259,0.0640078120232211,-0.0136,0,-1.7079,2.726,0,-2.866,2.727,0.0,-2.802,1
4260,0.0640078120232211,-0.0062,0,-1.7129,2.717,0,-2.866,2.718,0.0,-2.802,1
4261,0.062008063991709814,0.0024,0,-1.719,2.706,0,-2.864,2.707,0.0,-2.802,1
4262,0.06000833275471005,0.012,0,-1.7256,2.695,0,-2.862,2.696,0.0,-2.802,1
4263,0.06082762530298229,0.0186,0,-1.7339,2.696,0,-2.858,2.686,0.0,-2.798,1
4264,0.05921148537235,0.0276,0,-1.7379,2.681,0,-2.859,2.676,0.0,-2.8,1
4265,0.06299999999999972,0.0363,0,-1.743,2.666,0,-2.864,2.666,0.0,-2.801,1
4266,0.05500909015789999,0.0447,0,-1.7479,2.655,0,-2.856,2.656,0.0,-2.801,1
4267,0.05707889277132129,0.0535,0,-1.7535,2.643,0,-2.859,2.646,0.0,-2.802,1
4268,0.05930430001273109,0.0619,0,-1.758,2.642,0,-2.862,2.636,0.0,-2.803,1
4269,0.05903388857258192,0.0714,0,-1.764,2.627,0,-2.862,2.625,0.0,-2.803,1
4270,0.06530696746902281,0.0803,0,-1.7724,2.6,0,-2.865,2.613,0.0,-2.801,1
4271,0.06928924880528041,0.0807,0,-1.7743,2.588,0,-2.865,2.612,0.0,-2.8,1
4272,0.06600757532283684,0.0998,0,-1.7855,2.588,0,-2.867,2.589,0.0,-2.801,1
4273,0.06293647591023835,0.1197,0,-1.8013,2.583,0,-2.859,2.564,0.0,-2.799,1
4274,0.05597320787662614,0.1402,0,-1.8025,2.564,0,-2.863,2.546,0.0,-2.81,1
4275,0.054009258465563384,0.1483,0,-1.8115,2.534,0,-2.861,2.535,0.0,-2.807,1
4276,0.07632168761236834,0.1538,0,-1.8169,2.534,0,-2.881,2.527,0.0,-2.805,1
4277,0.07505997601918056,0.16,0,-1.8201,2.517,0,-2.881,2.52,0.0,-2.806,1
4278,0.06747592163134952,0.1668,0,-1.8229,2.505,0,-2.875,2.513,0.0,-2.808,1
4279,0.06873136110975836,0.173,0,-1.8277,2.495,0,-2.875,2.505,0.0,-2.807,1
4280,0.0724430811050994,0.1804,0,-1.8336,2.488,0,-2.878,2.496,0.0,-2.806,1
4281,0.07317103251970682,0.1914,0,-1.8395,2.488,0,-2.881,2.483,0.0,-2.808,1
4282,0.07406078584514195,0.198,0,-1.8449,2.478,0,-2.881,2.475,0.0,-2.807,1
4283,0.07653103945458999,0.2003,0,-1.8462,2.463,0,-2.883,2.472,0.0,-2.807,1
4284,0.06937578828381001,0.2011,0,-1.8467,2.453,0,-2.874,2.471,0.0,-2.807,1
4285,0.08149233092751709,0.2026,0,-1.8499,2.448,0,-2.884,2.468,0.0,-2.805,1
4286,0.06873136110975843,0.2098,0,-1.8566,2.449,0,-2.872,2.459,0.0,-2.804,1
4287,0.06661080993352338,0.2212,0,-1.8671,2.452,0,-2.867,2.443,0.0,-2.801,1
4288,0.05738466694161432,0.2397,0,-1.8789,2.443,0,-2.855,2.421,0.0,-2.802,1
4289,0.03920459156782544,0.2589,0,-1.8853,2.426,0,-2.839,2.402,0.0,-2.808,0
4290,0.013152946437965841,0.2708,0,-1.8935,2.4,0,-2.809,2.387,0.0,-2.807,0
4291,0.022999999999999687,0.279,0,-1.8982,2.401,0,-2.808,2.378,0.0,-2.808,0
4292,0.01360147050873535,0.2946,0,-1.9066,2.364,0,-2.823,2.36,0.0,-2.81,0
4293,0.012165525060596486,0.3021,0,-1.9105,2.354,0,-2.823,2.352,0.0,-2.811,0
4294,0.012083045973594638,0.3108,0,-1.9152,2.347,0,-2.823,2.342,0.0,-2.812,0
4295,0.0064031242374327675,0.3193,0,-1.9197,2.336,0,-2.818,2.332,0.0,-2.813,0
4296,0.008000000000000007,0.3276,0,-1.9242,2.323,0,-2.822,2.323,0.0,-2.814,0
4297,0.008544003745317578,0.3343,0,-1.9263,2.324,0,-2.819,2.316,0.0,-2.816,0
4298,0.0022360679774995436,0.3414,0,-1.9271,2.312,0,-2.82,2.31,0.0,-2.819,0
4299,0.012083045973594234,0.3484,0,-1.929,2.298,0,-2.832,2.303,0.0,-2.821,0
4300,0.030083217912982567,0.3582,0,-1.9306,2.286,0,-2.855,2.294,0.0,-2.826,0
4301,0.04464302857109958,0.3699,0,-1.9332,2.271,0,-2.873,2.283,0.0,-2.83,0
4302,0.041999999999999815,0.3816,0,-1.9371,2.271,0,-2.875,2.271,0.0,-2.833,0
4303,0.028792360097776144,0.392,0,-1.9419,2.27,0,-2.862,2.26,0.0,-2.835,0
4304,0.05333854141237826,0.4004,0,-1.9475,2.256,0,-2.888,2.25,0.0,-2.835,1
4305,0.07940403012442145,0.4058,0,-1.9547,2.233,0,-2.911,2.241,0.0,-2.832,1
4306,0.09602083107326252,0.413,0,-1.9627,2.233,0,-2.926,2.231,0.0,-2.83,1
4307,0.09599999999999964,0.4233,0,-1.9702,2.218,0,-2.925,2.218,0.0,-2.829,1
4308,0.08502352615599985,0.4341,0,-1.9783,2.207,0,-2.914,2.205,0.0,-2.829,1
4309,0.09213576938409976,0.4434,0,-1.9853,2.188,0,-2.92,2.193,0.0,-2.828,1
4310,0.1073545527679193,0.4497,0,-1.9909,2.168,0,-2.933,2.185,0.0,-2.827,1
4311,0.1022594738887307,0.4499,0,-1.995,2.166,0,-2.925,2.182,0.0,-2.824,1
4312,0.10413932974625863,0.4514,0,-1.9966,2.159,0,-2.925,2.18,0.0,-2.823,1
4313,0.082975900115636,0.455,0,-1.9963,2.159,0,-2.906,2.177,0.0,-2.825,1
4314,0.06964194138592025,0.4564,0,-1.9981,2.156,0,-2.892,2.175,0.0,-2.825,1
4315,0.07810249675906614,0.4597,0,-1.9997,2.153,0,-2.901,2.171,0.0,-2.825,1
4316,0.08220097323024823,0.4621,0,-2.0031,2.153,0,-2.905,2.167,0.0,-2.824,1
4317,0.0843445315358383,0.4662,0,-2.0058,2.148,0,-2.907,2.163,0.0,-2.824,1
4318,0.08006247560499254,0.4709,0,-2.0096,2.144,0,-2.902,2.157,0.0,-2.823,1
4319,0.08104936767180858,0.4749,0,-2.0137,2.138,0,-2.902,2.151,0.0,-2.822,1
4320,0.0790759128938767,0.4792,0,-2.0175,2.132,0,-2.899,2.145,0.0,-2.821,1
4321,0.07632168761236878,0.4832,0,-2.0228,2.132,0,-2.895,2.139,0.0,-2.819,1
4322,0.07915806970865341,0.4872,0,-2.03,2.127,0,-2.895,2.132,0.0,-2.816,1
4323,0.07144928271158474,0.4915,0,-2.0352,2.117,0,-2.885,2.125,0.0,-2.814,1
4324,0.06888396039717817,0.4949,0,-2.0369,2.11,0,-2.882,2.121,0.0,-2.814,1
4325,0.060745370193949676,0.4961,0,-2.0378,2.099,0,-2.871,2.12,0.0,-2.814,1
4326,0.06456004956627567,0.4978,0,-2.04,2.099,0,-2.875,2.117,0.0,-2.813,1
4327,0.06484597134749377,0.501,0,-2.0425,2.094,0,-2.875,2.113,0.0,-2.813,1
4328,0.056753854494650625,0.5059,0,-2.0458,2.093,0,-2.868,2.107,0.0,-2.813,1
4329,0.030675723300355784,0.511,0,-2.049,2.091,0,-2.842,2.101,0.0,-2.813,0
4330,0.02996664812754347,0.5216,0,-2.0556,2.076,0,-2.841,2.089,0.0,-2.814,0
4331,0.029529646120466633,0.8368,0,-2.2598,1.727,0,-2.847,1.713,0.0,-2.821,0
4332,0.027802877548915608,0.8493,0,-2.268,1.715,0,-2.843,1.698,0.0,-2.821,0
4333,0.024186773244895574,0.8635,0,-2.2771,1.693,0,-2.843,1.681,0.0,-2.822,0
4334,0.018601075237738445,0.8787,0,-2.2862,1.675,0,-2.838,1.664,0.0,-2.823,0
4335,0.034132096331752265,0.894,0,-2.2962,1.675,0,-2.841,1.646,0.0,-2.823,0
4336,0.024083189157584613,0.9079,0,-2.2988,1.651,0,-2.844,1.633,0.0,-2.828,0
4337,0.014422205101855786,0.9209,0,-2.3013,1.632,0,-2.842,1.62,0.0,-2.834,0
4338,0.021999999999999797,0.9346,0,-2.3059,1.628,0,-2.837,1.606,0.0,-2.837,0
4339,0.03228002478313805,0.9502,0,-2.3138,1.62,0,-2.831,1.589,0.0,-2.84,0
4340,0.07310950690573681,0.9636,0,-2.3257,1.627,0,-2.884,1.571,0.0,-2.837,1
4341,0.06328506932918726,0.9738,0,-2.3394,1.588,0,-2.886,1.555,0.0,-2.832,1
4342,0.13520355024924446,0.9827,0,-2.3525,1.522,0,-2.96,1.54,0.0,-2.826,1
4343,0.16153327830512204,0.9902,0,-2.3634,1.49,0,-2.978,1.528,0.0,-2.821,1
4344,0.09167878707749134,0.9974,0,-2.3718,1.496,0,-2.907,1.518,0.0,-2.818,1
4345,0.09108238029388546,1.0032,0,-2.3775,1.496,0,-2.907,1.51,0.0,-2.817,1
4346,0.04201190307519982,1.011,0,-2.3811,1.5,0,-2.86,1.501,0.0,-2.818,0
4347,0.03101612483854178,1.0179,0,-2.3848,1.494,0,-2.85,1.493,0.0,-2.819,0
4348,0.03522782990761721,1.025,0,-2.389,1.489,0,-2.854,1.485,0.0,-2.819,0
4349,0.039000000000000076,1.0336,0,-2.3951,1.489,0,-2.855,1.474,0.0,-2.819,0
4350,0.039812058474788754,1.0436,0,-2.4016,1.48,0,-2.855,1.463,0.0,-2.819,0
4351,0.03361547262794331,1.0543,0,-2.4095,1.462,0,-2.85,1.449,0.0,-2.819,0
4352,0.03275667870831849,1.0626,0,-2.417,1.455,0,-2.845,1.438,0.0,-2.817,0
4353,0.029832867780352778,1.0695,0,-2.4243,1.447,0,-2.838,1.428,0.0,-2.815,0
4354,0.03046309242345566,1.0758,0,-2.4303,1.448,0,-2.826,1.42,0.0,-2.814,0
4355,0.024596747752497757,1.0845,0,-2.4344,1.432,0,-2.826,1.41,0.0,-2.815,0
4356,0.016401219466856787,1.0933,0,-2.4387,1.414,0,-2.826,1.401,0.0,-2.816,0
4357,0.019209372712298303,1.1006,0,-2.4427,1.404,0,-2.832,1.392,0.0,-2.817,0
4358,0.01979898987322319,1.1091,0,-2.4477,1.396,0,-2.832,1.382,0.0,-2.818,0
4359,0.02915475947422649,1.1193,0,-2.453,1.396,0,-2.834,1.371,0.0,-2.819,0
4360,0.026172504656604582,1.1304,0,-2.4584,1.377,0,-2.84,1.359,0.0,-2.821,0
4361,0.029832867780352636,1.1411,0,-2.4647,1.365,0,-2.845,1.346,0.0,-2.822,0
4362,0.024413111231467426,1.1506,0,-2.4738,1.347,0,-2.839,1.333,0.0,-2.819,0
4363,0.03106444913401841,1.1601,0,-2.4847,1.336,0,-2.842,1.319,0.0,-2.816,0
4364,0.02952964612046693,1.1693,0,-2.4904,1.335,0,-2.83,1.309,0.0,-2.816,0
4365,0.028178005607210822,1.178,0,-2.4964,1.323,0,-2.829,1.298,0.0,-2.816,0
4366,0.017029386365926404,1.1867,0,-2.5022,1.301,0,-2.827,1.288,0.0,-2.816,0
4367,0.014317821063276172,1.195,0,-2.507,1.291,0,-2.823,1.278,0.0,-2.817,0
4368,0.00921954445729274,1.2035,0,-2.5119,1.277,0,-2.819,1.268,0.0,-2.817,0
4369,0.01941648783894751,1.2123,0,-2.5167,1.277,0,-2.822,1.258,0.0,-2.818,0
4370,0.02308679276123032,1.2213,0,-2.5219,1.271,0,-2.821,1.248,0.0,-2.819,0
4371,0.020248456731316387,1.2308,0,-2.5262,1.257,0,-2.828,1.238,0.0,-2.821,0
4372,0.016401219466856787,1.2395,0,-2.5286,1.242,0,-2.834,1.229,0.0,-2.824,0
4373,0.014866068747318452,1.2476,0,-2.5323,1.231,0,-2.835,1.22,0.0,-2.825,0
4374,0.025612496949731417,1.2543,0,-2.5383,1.231,0,-2.84,1.211,0.0,-2.824,0
4375,0.018027756377319685,1.259,0,-2.5405,1.216,0,-2.84,1.206,0.0,-2.825,0
4376,0.016124515496597304,1.2634,0,-2.5458,1.208,0,-2.837,1.2,0.0,-2.823,0
4377,0.01272792206135771,1.2659,0,-2.5473,1.206,0,-2.832,1.197,0.0,-2.823,0
4378,0.010000000000000231,1.2668,0,-2.548,1.196,0,-2.833,1.196,0.0,-2.823,0
4379,0.008999999999999897,1.2678,0,-2.5481,1.195,0,-2.832,1.195,0.0,-2.823,0
4380,0.011180339887499108,1.2706,0,-2.5492,1.187,0,-2.834,1.192,0.0,-2.824,0
4381,0.011704699910719324,1.2751,0,-2.5509,1.183,0,-2.836,1.187,0.0,-2.825,0
4382,0.009055385138137303,1.2811,0,-2.5529,1.182,0,-2.836,1.181,0.0,-2.827,0
4383,0.011401754250991039,1.2874,0,-2.555,1.178,0,-2.84,1.175,0.0,-2.829,0
4384,0.01910497317454258,1.2929,0,-2.5576,1.182,0,-2.844,1.169,0.0,-2.83,0
4385,0.014866068747318273,1.2971,0,-2.561,1.168,0,-2.843,1.163,0.0,-2.829,0
4386,0.03059411708155652,1.3001,0,-2.5634,1.153,0,-2.859,1.159,0.0,-2.829,0
4387,0.03634556369077251,1.3029,0,-2.5658,1.151,0,-2.864,1.156,0.0,-2.828,0
4388,0.03827531841800927,1.3059,0,-2.5686,1.139,0,-2.864,1.152,0.0,-2.828,0
4389,0.03492849839314621,1.3097,0,-2.5717,1.139,0,-2.861,1.147,0.0,-2.827,0
4390,0.035355339059327535,1.3153,0,-2.5767,1.134,0,-2.861,1.139,0.0,-2.826,0
4391,0.03399999999999981,1.3243,0,-2.5842,1.128,0,-2.859,1.128,0.0,-2.825,0
4392,0.04438468204234447,1.3334,0,-2.5963,1.124,0,-2.863,1.113,0.0,-2.82,0
4393,0.0411460812228819,1.3493,0,-2.6092,1.111,0,-2.855,1.093,0.0,-2.818,0
4394,0.04780167361086872,1.3641,0,-2.6217,1.112,0,-2.845,1.074,0.0,-2.816,0
4395,0.04940647730814248,1.3795,0,-2.6351,1.093,0,-2.843,1.053,0.0,-2.814,0
4396,0.0502195181179589,1.3936,0,-2.6481,1.064,0,-2.852,1.035,0.0,-2.811,1
4397,0.0395600808897049,1.4068,0,-2.6599,1.031,0,-2.846,1.017,0.0,-2.809,0
4398,0.05600892785976183,1.4175,0,-2.6723,1.0,0,-2.86,1.001,0.0,-2.804,1
4399,0.050000000000000044,1.4262,0,-2.6863,1.0,0,-2.846,0.986,0.0,-2.798,1
4400,0.04827007354458843,1.4334,0,-2.7011,1.009,0,-2.82,0.972,0.0,-2.789,0
4401,0.07818567643756748,1.4448,0,-2.7128,1.029,0,-2.758,0.956,0.0,-2.786,1
4402,0.06037383539249443,1.4577,0,-2.7229,0.994,0,-2.758,0.94,0.0,-2.785,1
4403,0.04716990566028292,1.4745,0,-2.7314,0.965,0,-2.77,0.921,0.0,-2.787,0
4404,0.06691038783328039,1.4927,0,-2.7403,0.967,0,-2.779,0.901,0.0,-2.79,1
4405,0.06768308503607084,1.5105,0,-2.7491,0.947,0,-2.778,0.881,0.0,-2.793,1
4406,0.05600892785976183,1.5288,0,-2.7571,0.917,0,-2.795,0.861,0.0,-2.796,1
4407,0.028600699292150297,1.545,0,-2.7617,0.862,0,-2.825,0.845,0.0,-2.802,0
4408,0.03667424164178443,1.5838,0,-2.7831,0.834,0,-2.822,0.801,0.0,-2.806,0
4409,0.04301162633521327,1.622,0,-2.8067,0.797,0,-2.821,0.756,0.0,-2.808,0
4410,0.03417601498127015,1.6372,0,-2.8152,0.771,0,-2.821,0.739,0.0,-2.809,0
4411,0.050990195135927854,1.652,0,-2.8241,0.772,0,-2.82,0.722,0.0,-2.81,1
4412,0.052172789842982396,1.6667,0,-2.833,0.756,0,-2.822,0.705,0.0,-2.811,1
4413,0.04491102314577124,1.6814,0,-2.8421,0.731,0,-2.821,0.687,0.0,-2.812,0
4414,0.041484937025382924,1.6956,0,-2.8505,0.711,0,-2.824,0.671,0.0,-2.813,0
4415,0.057428216061444874,1.7104,0,-2.8592,0.711,0,-2.821,0.654,0.0,-2.814,1
4416,0.054230987451824926,1.7251,0,-2.8675,0.691,0,-2.82,0.637,0.0,-2.815,1
4417,0.05557877292636106,1.7412,0,-2.8767,0.674,0,-2.824,0.619,0.0,-2.816,1
4418,0.0540832691319599,1.7571,0,-2.8856,0.654,0,-2.821,0.6,0.0,-2.818,1
4419,0.07324616030892003,1.7726,0,-2.8949,0.655,0,-2.825,0.582,0.0,-2.819,1
4420,0.09300537618869147,1.7882,0,-2.9038,0.657,0,-2.821,0.564,0.0,-2.82,1
4421,0.05913543776789002,1.804,0,-2.9126,0.605,0,-2.818,0.546,0.0,-2.822,1
4422,0.052239831546435835,1.8181,0,-2.9204,0.582,0,-2.818,0.53,0.0,-2.823,1
4423,0.04242640687119292,1.8318,0,-2.9279,0.557,0,-2.819,0.515,0.0,-2.825,0
4424,0.04219004621945801,1.8468,0,-2.9353,0.54,0,-2.831,0.498,0.0,-2.827,0
4425,0.05900000000000005,1.8616,0,-2.9433,0.54,0,-2.829,0.481,0.0,-2.829,1
4426,0.052086466572421664,1.8796,0,-2.9472,0.516,0,-2.832,0.464,0.0,-2.835,1
4427,0.040012498047485086,1.893,0,-2.9515,0.491,0,-2.84,0.451,0.0,-2.839,0
4428,0.03228002478313789,1.9003,0,-2.9557,0.473,0,-2.831,0.442,0.0,-2.84,0
4429,0.02906888370749746,1.9074,0,-2.9592,0.454,0,-2.819,0.435,0.0,-2.841,0
4430,0.022203603311174474,1.9144,0,-2.9612,0.446,0,-2.83,0.428,0.0,-2.843,0
4431,0.0010000000000000009,1.9221,0,-2.9632,0.421,0,-2.846,0.42,0.0,-2.846,0
4432,0.004472135954999584,1.9311,0,-2.9667,0.409,0,-2.852,0.411,0.0,-2.848,0
4433,0.012649110640673476,1.94,0,-2.9719,0.413,0,-2.845,0.401,0.0,-2.849,0
4434,0.01802775637731989,1.9502,0,-2.9795,0.405,0,-2.842,0.388,0.0,-2.848,0
4435,0.03036445290137808,1.96,0,-2.9852,0.405,0,-2.84,0.376,0.0,-2.849,0
4436,0.025632011235952733,1.9688,0,-2.991,0.39,0,-2.84,0.366,0.0,-2.849,0
4437,0.02662705391138878,1.9771,0,-2.9967,0.378,0,-2.834,0.356,0.0,-2.849,0
4438,0.023430749027720056,1.9856,0,-3.002,0.364,0,-2.834,0.346,0.0,-2.849,0
4439,0.01835755975068573,1.9929,0,-3.0064,0.353,0,-2.841,0.337,0.0,-2.85,0
4440,0.031064449134018055,2.0038,0,-3.0112,0.352,0,-2.835,0.326,0.0,-2.852,0
4441,0.03244996147917581,2.0124,0,-3.017,0.342,0,-2.834,0.315,0.0,-2.852,0
4442,0.029529646120466723,2.0192,0,-3.0218,0.333,0,-2.838,0.307,0.0,-2.852,0
4443,0.024839484696748463,2.0256,0,-3.0257,0.318,0,-2.836,0.299,0.0,-2.852,0
4444,0.020615528128088322,2.0325,0,-3.0304,0.31,0,-2.844,0.291,0.0,-2.852,0
4445,0.031622776601683694,2.0407,0,-3.0359,0.311,0,-2.842,0.281,0.0,-2.852,0
4446,0.03478505426185204,2.05,0,-3.0418,0.303,0,-2.841,0.27,0.0,-2.852,0
4447,0.038948684188300935,2.0611,0,-3.0487,0.291,0,-2.834,0.257,0.0,-2.853,0
4448,0.03640054944640276,2.072,0,-3.0551,0.274,0,-2.832,0.245,0.0,-2.854,0
4449,0.03162277660168367,2.0843,0,-3.0624,0.256,0,-2.837,0.23,0.0,-2.855,0
4450,0.04661544808322659,2.0978,0,-3.07,0.258,0,-2.838,0.215,0.0,-2.856,0
4451,0.04833218389437828,2.1124,0,-3.0787,0.242,0,-2.837,0.198,0.0,-2.857,0
4452,0.047927027865287096,2.1274,0,-3.0876,0.224,0,-2.839,0.18,0.0,-2.858,0
4453,0.04522167621837994,2.1402,0,-3.0954,0.202,0,-2.833,0.165,0.0,-2.859,0
4454,0.02983286778035267,2.1465,0,-3.0989,0.181,0,-2.84,0.158,0.0,-2.859,0
4455,0.02780287754891562,2.1456,0,-3.0986,0.181,0,-2.842,0.159,0.0,-2.859,0
4456,0.017117242768623593,2.1437,0,-3.0975,0.163,0,-2.842,0.161,0.0,-2.859,0
4457,0.023021728866442808,2.1424,0,-3.0967,0.162,0,-2.836,0.163,0.0,-2.859,0
4458,0.02408318915758461,2.1422,0,-3.0966,0.165,0,-2.835,0.163,0.0,-2.859,0
4459,0.0223606797749977,2.1424,0,-3.0967,0.167,0,-2.837,0.163,0.0,-2.859,0
4460,0.0223606797749977,2.1424,0,-3.0966,0.167,0,-2.837,0.163,0.0,-2.859,0
4461,0.02209072203437432,2.1425,0,-3.0967,0.165,0,-2.837,0.163,0.0,-2.859,0
4462,0.019646882704388625,2.1424,0,-3.0967,0.168,0,-2.84,0.163,0.0,-2.859,0
4463,0.02209072203437432,2.1424,0,-3.0966,0.165,0,-2.837,0.163,0.0,-2.859,0
4464,0.016124515496597113,2.1424,0,-3.0967,0.165,0,-2.843,0.163,0.0,-2.859,0
4465,0.02209072203437432,2.1424,0,-3.0967,0.165,0,-2.837,0.163,0.0,-2.859,0
4466,0.0223606797749977,2.1425,0,-3.0967,0.167,0,-2.837,0.163,0.0,-2.859,0
4467,0.019104973174542926,2.1425,0,-3.0966,0.165,0,-2.84,0.163,0.0,-2.859,0
4468,0.021095023109728894,2.1424,0,-3.0967,0.165,0,-2.838,0.163,0.0,-2.859,0
4469,0.02102379604162855,2.1425,0,-3.0969,0.164,0,-2.838,0.163,0.0,-2.859,0
4470,0.02102379604162855,2.1425,0,-3.0968,0.164,0,-2.838,0.163,0.0,-2.859,0
4471,0.02137755832643186,2.1425,0,-3.0968,0.167,0,-2.838,0.163,0.0,-2.859,0
4472,0.016031219541881414,2.1425,0,-3.0966,0.164,0,-2.843,0.163,0.0,-2.859,0
4473,0.02137755832643186,2.1424,0,-3.0967,0.167,0,-2.838,0.163,0.0,-2.859,0
4474,0.0223606797749977,2.1426,0,-3.0969,0.167,0,-2.837,0.163,0.0,-2.859,0
4475,0.018439088914585573,2.1426,0,-3.0968,0.167,0,-2.841,0.163,0.0,-2.859,0
4476,0.017999999999999794,2.1425,0,-3.0968,0.163,0,-2.841,0.163,0.0,-2.859,0
4477,0.0223606797749977,2.1426,0,-3.0969,0.167,0,-2.837,0.163,0.0,-2.859,0
4478,0.021095023109728894,2.1426,0,-3.0969,0.165,0,-2.838,0.163,0.0,-2.859,0
4479,0.022022715545545038,2.1427,0,-3.0969,0.164,0,-2.837,0.163,0.0,-2.859,0
4480,0.022022715545545038,2.1426,0,-3.0968,0.164,0,-2.837,0.163,0.0,-2.859,0
4481,0.018439088914585573,2.1425,0,-3.0969,0.167,0,-2.841,0.163,0.0,-2.859,0
4482,0.01811077027627463,2.1425,0,-3.0969,0.165,0,-2.841,0.163,0.0,-2.859,0
4483,0.022022715545545038,2.1426,0,-3.0968,0.164,0,-2.837,0.163,0.0,-2.859,0
4484,0.01802775637731974,2.1426,0,-3.097,0.164,0,-2.841,0.163,0.0,-2.859,0
4485,0.01811077027627463,2.1426,0,-3.097,0.165,0,-2.841,0.163,0.0,-2.859,0
4486,0.017117242768623593,2.1426,0,-3.0969,0.165,0,-2.842,0.163,0.0,-2.859,0
4487,0.02102379604162855,2.1425,0,-3.0969,0.164,0,-2.838,0.163,0.0,-2.859,0
4488,0.019104973174542926,2.1427,0,-3.0969,0.165,0,-2.84,0.163,0.0,-2.859,0
4489,0.01811077027627463,2.1426,0,-3.097,0.165,0,-2.841,0.163,0.0,-2.859,0
4490,0.01811077027627463,2.1427,0,-3.0969,0.165,0,-2.841,0.163,0.0,-2.859,0
4491,0.02209072203437432,2.1427,0,-3.097,0.165,0,-2.837,0.163,0.0,-2.859,0
4492,0.0223606797749977,2.1426,0,-3.0969,0.167,0,-2.837,0.163,0.0,-2.859,0
4493,0.017464249196572888,2.1426,0,-3.097,0.167,0,-2.842,0.163,0.0,-2.859,0
4494,0.02137755832643186,2.1427,0,-3.097,0.167,0,-2.838,0.163,0.0,-2.859,0
4495,0.021587033144922815,2.1427,0,-3.0969,0.168,0,-2.838,0.163,0.0,-2.859,0
4496,0.018439088914585573,2.1426,0,-3.0969,0.167,0,-2.841,0.163,0.0,-2.859,0
4497,0.02209072203437432,2.1427,0,-3.097,0.165,0,-2.837,0.163,0.0,-2.859,0
4498,0.02308679276123052,2.1427,0,-3.097,0.165,0,-2.836,0.163,0.0,-2.859,0
4499,0.0200997512422418,2.1427,0,-3.097,0.165,0,-2.839,0.163,0.0,-2.859,0
4500,0.020223748416156703,2.1427,0,-3.0971,0.165,0,-2.839,0.162,0.0,-2.859,0
4501,0.01802775637731974,2.1427,0,-3.097,0.164,0,-2.841,0.163,0.0,-2.859,0
4502,0.021587033144922815,2.1428,0,-3.0971,0.167,0,-2.838,0.162,0.0,-2.859,0
4503,0.0200997512422418,2.1427,0,-3.0971,0.164,0,-2.839,0.162,0.0,-2.859,0
4504,0.01811077027627463,2.1427,0,-3.0972,0.164,0,-2.841,0.162,0.0,-2.859,0
4505,0.01811077027627463,2.1428,0,-3.0971,0.164,0,-2.841,0.162,0.0,-2.859,0
4506,0.01923538406167147,2.1427,0,-3.0971,0.165,0,-2.84,0.162,0.0,-2.859,0
4507,0.019235384061671263,2.3697,0,-2.8112,0.126,0,-3.206,0.135,0.0,-3.223,0
4508,0.022803508501982567,2.3699,0,-2.8111,0.128,0,-3.201,0.134,0.0,-3.223,0
4509,0.0230867927612302,2.3698,0,-2.8113,0.127,0,-3.201,0.134,0.0,-3.223,0
4510,0.020615528128088013,2.3697,0,-2.8112,0.127,0,-3.204,0.135,0.0,-3.223,0
4511,0.021023796041628354,2.3697,0,-2.8112,0.126,0,-3.204,0.135,0.0,-3.223,0
4512,0.023537204591879336,2.3699,0,-2.8113,0.129,0,-3.2,0.134,0.0,-3.223,0
4513,0.019697715603592025,2.3698,0,-2.8112,0.126,0,-3.205,0.134,0.0,-3.223,0
4514,0.021023796041628354,2.3698,0,-2.8112,0.125,0,-3.204,0.134,0.0,-3.223,0
4515,0.022847319317591645,2.3698,0,-2.8113,0.125,0,-3.202,0.134,0.0,-3.223,0
4516,0.02247220505424415,2.3698,0,-2.8113,0.126,0,-3.202,0.134,0.0,-3.223,0
4517,0.02435159132377155,2.3698,0,-2.8111,0.126,0,-3.2,0.134,0.0,-3.223,0
4518,0.020248456731316294,2.3697,0,-2.8112,0.128,0,-3.204,0.135,0.0,-3.223,0
4519,0.02247220505424415,2.3696,0,-2.8112,0.127,0,-3.202,0.135,0.0,-3.223,0
4520,0.02247220505424415,2.3697,0,-2.8112,0.127,0,-3.202,0.135,0.0,-3.223,0
4521,0.02247220505424415,2.3697,0,-2.8111,0.127,0,-3.202,0.135,0.0,-3.223,0
4522,0.019313207915827777,2.3697,0,-2.8112,0.128,0,-3.205,0.135,0.0,-3.223,0
4523,0.016155494421403217,2.3697,0,-2.8113,0.128,0,-3.208,0.134,0.0,-3.223,0
4524,0.020615528128088013,2.3696,0,-2.8112,0.127,0,-3.204,0.135,0.0,-3.223,0
4525,0.02118962010041711,2.3698,0,-2.8113,0.127,0,-3.203,0.134,0.0,-3.223,0
4526,0.021540659228538036,2.3697,0,-2.8112,0.127,0,-3.203,0.135,0.0,-3.223,0
4527,0.020615528128088013,2.3697,0,-2.8112,0.127,0,-3.204,0.135,0.0,-3.223,0
4528,0.017088007490635077,2.3698,0,-2.8111,0.128,0,-3.207,0.134,0.0,-3.223,0
4529,0.02247220505424415,2.3697,0,-2.8112,0.127,0,-3.202,0.135,0.0,-3.223,0
4530,0.023409399821439063,2.3697,0,-2.8111,0.127,0,-3.201,0.135,0.0,-3.223,0
4531,0.023409399821439063,2.3697,0,-2.8112,0.127,0,-3.201,0.135,0.0,-3.223,0
4532,0.02247220505424415,2.3697,0,-2.8111,0.127,0,-3.202,0.135,0.0,-3.223,0
4533,0.02193171219946133,2.3697,0,-2.8111,0.126,0,-3.203,0.135,0.0,-3.223,0
4534,0.0230867927612302,2.3698,0,-2.8112,0.127,0,-3.201,0.134,0.0,-3.223,0
4535,0.02247220505424415,2.3697,0,-2.811,0.127,0,-3.202,0.135,0.0,-3.223,0
4536,0.022847319317591645,2.3696,0,-2.8112,0.126,0,-3.202,0.135,0.0,-3.223,0
4537,0.02247220505424415,2.3697,0,-2.8111,0.127,0,-3.202,0.135,0.0,-3.223,0
4538,0.016155494421403217,2.3697,0,-2.8111,0.129,0,-3.208,0.135,0.0,-3.223,0
4539,0.019697715603592025,2.3696,0,-2.811,0.127,0,-3.205,0.135,0.0,-3.223,0
4540,0.023409399821439063,2.3696,0,-2.811,0.127,0,-3.201,0.135,0.0,-3.223,0
4541,0.022803508501982567,2.3698,0,-2.8112,0.128,0,-3.201,0.134,0.0,-3.223,0
4542,0.019235384061671263,2.3697,0,-2.8111,0.126,0,-3.206,0.135,0.0,-3.223,0
4543,0.01838477631085015,2.3696,0,-2.8112,0.128,0,-3.206,0.135,0.0,-3.223,0
4544,0.019697715603592025,2.3698,0,-2.8111,0.126,0,-3.205,0.134,0.0,-3.223,0
4545,0.02469817807045665,2.3697,0,-2.8111,0.126,0,-3.2,0.135,0.0,-3.223,0
4546,0.02435159132377155,2.3697,0,-2.8111,0.127,0,-3.2,0.135,0.0,-3.223,0
4547,0.022803508501982567,2.3696,0,-2.8111,0.129,0,-3.201,0.135,0.0,-3.223,0
4548,0.019313207915827777,2.3696,0,-2.8111,0.128,0,-3.205,0.135,0.0,-3.223,0
4549,0.02118962010041711,2.3697,0,-2.8112,0.128,0,-3.203,0.135,0.0,-3.223,0
4550,0.01838477631085015,2.3697,0,-2.811,0.128,0,-3.206,0.135,0.0,-3.223,0
4551,0.01838477631085015,2.3695,0,-2.811,0.128,0,-3.206,0.135,0.0,-3.223,0
4552,0.019313207915827777,2.3696,0,-2.811,0.128,0,-3.205,0.135,0.0,-3.223,0
4553,0.023769728648009244,2.3697,0,-2.8111,0.126,0,-3.201,0.135,0.0,-3.223,0
4554,0.018788294228055853,2.3696,0,-2.8112,0.127,0,-3.206,0.135,0.0,-3.223,0
4555,0.019697715603592025,2.3696,0,-2.8111,0.127,0,-3.205,0.135,0.0,-3.223,0
4556,0.019697715603592025,2.3696,0,-2.8111,0.127,0,-3.205,0.135,0.0,-3.223,0
4557,0.023409399821439063,2.3696,0,-2.8109,0.127,0,-3.201,0.135,0.0,-3.223,0
4558,0.024166091947188963,2.3697,0,-2.8111,0.125,0,-3.201,0.135,0.0,-3.223,0
4559,0.020124611797497926,2.3696,0,-2.8108,0.126,0,-3.205,0.135,0.0,-3.223,0
4560,0.020124611797497926,2.3696,0,-2.8111,0.126,0,-3.205,0.135,0.0,-3.223,0
4561,0.019697715603592025,2.3697,0,-2.8111,0.127,0,-3.205,0.135,0.0,-3.223,0
4562,0.020615528128088013,2.3696,0,-2.811,0.127,0,-3.204,0.135,0.0,-3.223,0
4563,0.019313207915827777,2.3697,0,-2.8109,0.128,0,-3.205,0.135,0.0,-3.223,0
4564,0.023259406699225937,2.3696,0,-2.8111,0.125,0,-3.202,0.135,0.0,-3.223,0
4565,0.018867962264113223,2.3696,0,-2.811,0.125,0,-3.207,0.135,0.0,-3.223,0
4566,0.017888543819998336,2.3696,0,-2.811,0.127,0,-3.207,0.135,0.0,-3.223,0
4567,0.017888543819998336,2.3696,0,-2.811,0.127,0,-3.207,0.135,0.0,-3.223,0
4568,0.023409399821439063,2.3696,0,-2.8109,0.127,0,-3.201,0.135,0.0,-3.223,0
4569,0.017888543819998336,2.3696,0,-2.8109,0.127,0,-3.207,0.135,0.0,-3.223,0
4570,0.022847319317591645,2.3695,0,-2.8111,0.126,0,-3.202,0.135,0.0,-3.223,0
4571,0.02247220505424415,2.3696,0,-2.8111,0.127,0,-3.202,0.135,0.0,-3.223,0
4572,0.01802775637731986,2.3691,0,-2.8107,0.129,0,-3.206,0.135,0.0,-3.223,0
4573,0.018788294228055853,2.367,0,-2.8094,0.13,0,-3.206,0.138,0.0,-3.223,0
4574,0.023345235059857423,2.3612,0,-2.8057,0.129,0,-3.205,0.145,0.0,-3.222,0
4575,0.03499999999999994,2.3529,0,-2.8003,0.127,0,-3.201,0.155,0.0,-3.222,0
4576,0.039446165846632054,2.3435,0,-2.794,0.132,0,-3.202,0.166,0.0,-3.222,0
4577,0.03624913792078377,2.3348,0,-2.7888,0.143,0,-3.207,0.176,0.0,-3.222,0
4578,0.029154759474226546,2.3267,0,-2.7837,0.159,0,-3.21,0.186,0.0,-3.221,0
4579,0.03807886552931959,2.3196,0,-2.779,0.159,0,-3.206,0.194,0.0,-3.221,0
4580,0.033541019662496896,2.3133,0,-2.7751,0.171,0,-3.206,0.201,0.0,-3.221,0
4581,0.025553864678361217,2.3074,0,-2.7713,0.186,0,-3.208,0.208,0.0,-3.221,0
4582,0.02549509756796397,2.301,0,-2.7672,0.193,0,-3.21,0.216,0.0,-3.221,0
4583,0.027313000567495367,2.2939,0,-2.7625,0.2,0,-3.209,0.225,0.0,-3.22,0
4584,0.03492849839314596,2.2859,0,-2.7568,0.2,0,-3.213,0.234,0.0,-3.221,0
4585,0.036878177829171556,2.2775,0,-2.751,0.209,0,-3.213,0.245,0.0,-3.221,0
4586,0.03452535300326418,2.269,0,-2.7452,0.221,0,-3.215,0.255,0.0,-3.221,0
4587,0.03157530680769396,2.2601,0,-2.7387,0.235,0,-3.215,0.266,0.0,-3.221,0
4588,0.031048349392520075,2.2509,0,-2.7325,0.247,0,-3.213,0.277,0.0,-3.221,0
4589,0.04229657196511317,2.2411,0,-2.7257,0.247,0,-3.216,0.289,0.0,-3.221,0
4590,0.04130375285612674,2.2312,0,-2.7189,0.26,0,-3.216,0.301,0.0,-3.221,0
4591,0.036013886210738186,2.2212,0,-2.712,0.277,0,-3.221,0.313,0.0,-3.222,0
4592,0.034132096331752064,2.2122,0,-2.7051,0.29,0,-3.219,0.324,0.0,-3.222,0
4593,0.02473863375370593,2.2084,0,-2.7012,0.306,0,-3.217,0.33,0.0,-3.223,0
4594,0.029068883707497276,2.2033,0,-2.6987,0.306,0,-3.221,0.335,0.0,-3.223,0
4595,0.03301514803843832,2.1929,0,-2.6922,0.315,0,-3.221,0.348,0.0,-3.222,0
4596,0.045011109739707574,2.1794,0,-2.6833,0.319,0,-3.223,0.364,0.0,-3.222,0
4597,0.049162994213127406,2.1604,0,-2.6737,0.336,0,-3.215,0.385,0.0,-3.219,0
4598,0.052239831546435946,2.1448,0,-2.6616,0.353,0,-3.216,0.405,0.0,-3.221,1
4599,0.06118823416311342,2.1354,0,-2.6572,0.355,0,-3.207,0.415,0.0,-3.219,1
4600,0.03178049716414134,2.1328,0,-2.6554,0.389,0,-3.206,0.418,0.0,-3.219,0
4601,0.021400934559032646,2.1277,0,-2.6523,0.407,0,-3.206,0.424,0.0,-3.219,0
4602,0.022825424421026728,2.1197,0,-2.6481,0.413,0,-3.207,0.433,0.0,-3.218,0
4603,0.025806975801127965,2.1084,0,-2.6423,0.425,0,-3.201,0.446,0.0,-3.216,0
4604,0.036400549446402586,2.0944,0,-2.636,0.427,0,-3.201,0.461,0.0,-3.214,0
4605,0.0407185461430046,2.077,0,-2.6253,0.444,0,-3.196,0.481,0.0,-3.213,0
4606,0.04465422712353215,2.0629,0,-2.6173,0.46,0,-3.186,0.497,0.0,-3.211,0
4607,0.03640054944640254,2.0513,0,-2.6112,0.488,0,-3.181,0.51,0.0,-3.21,0
4608,0.02952964612046702,2.0417,0,-2.6053,0.508,0,-3.183,0.522,0.0,-3.209,0
4609,0.030805843601498885,2.0337,0,-2.6012,0.505,0,-3.19,0.53,0.0,-3.208,0
4610,0.03312099032335832,2.0209,0,-2.5957,0.528,0,-3.177,0.544,0.0,-3.206,0
4611,0.03395585369269921,2.0104,0,-2.5916,0.547,0,-3.17,0.555,0.0,-3.203,0
4612,0.03765634076752536,2.0019,0,-2.5869,0.558,0,-3.165,0.565,0.0,-3.202,0
4613,0.030413812651490908,1.9991,0,-2.5861,0.563,0,-3.172,0.568,0.0,-3.202,0
4614,0.03301514803843827,1.9945,0,-2.5799,0.542,0,-3.205,0.575,0.0,-3.204,0
4615,0.03125699921617548,1.9888,0,-2.5806,0.548,0,-3.196,0.579,0.0,-3.2,0
4616,0.034713109915419815,1.9763,0,-2.5724,0.587,0,-3.166,0.594,0.0,-3.2,0
4617,0.05594640292279756,1.948,0,-2.5579,0.577,0,-3.169,0.626,0.0,-3.196,1
4618,0.08052328855678965,1.9082,0,-2.5369,0.592,0,-3.171,0.67,0.0,-3.191,1
4619,0.09414881836751865,1.8966,0,-2.5306,0.592,0,-3.17,0.684,0.0,-3.19,1
4620,0.048466483264210394,1.8816,0,-2.5238,0.655,0,-3.169,0.7,0.0,-3.187,0
4621,0.04024922359499625,1.8719,0,-2.5162,0.694,0,-3.152,0.712,0.0,-3.188,0
4622,0.041999999999999815,1.871,0,-2.514,0.714,0,-3.148,0.714,0.0,-3.19,0
4623,0.0449444101084885,1.8154,0,-2.4858,0.734,0,-3.198,0.776,0.0,-3.182,0
4624,0.08273451516749214,1.7601,0,-2.4633,0.76,0,-3.206,0.834,0.0,-3.169,1
4625,0.05124451190127567,1.7413,0,-2.4536,0.806,0,-3.152,0.855,0.0,-3.167,1
4626,0.03264965543462897,1.7298,0,-2.4478,0.843,0,-3.144,0.868,0.0,-3.165,0
4627,0.03001666203960735,1.7195,0,-2.4416,0.854,0,-3.15,0.88,0.0,-3.165,0
4628,0.06500000000000006,1.7102,0,-2.4327,0.83,0,-3.183,0.893,0.0,-3.167,1
4629,0.07523961722390687,1.6993,0,-2.4205,0.84,0,-3.201,0.909,0.0,-3.171,1
4630,0.04883646178829922,1.687,0,-2.406,0.879,0,-3.167,0.927,0.0,-3.176,0
4631,0.040496913462633,1.6716,0,-2.3921,0.914,0,-3.157,0.948,0.0,-3.179,0
4632,0.05481788029466287,1.6564,0,-2.3795,0.914,0,-3.195,0.967,0.0,-3.181,1
4633,0.07621679604916498,1.6421,0,-2.3675,0.914,0,-3.208,0.986,0.0,-3.183,1
4634,0.0698927750200263,1.6284,0,-2.3558,0.938,0,-3.208,1.004,0.0,-3.185,1
4635,0.07829431652425355,1.6147,0,-2.3461,0.951,0,-3.222,1.02,0.0,-3.185,1
4636,0.08300602387778853,1.6011,0,-2.3378,0.969,0,-3.233,1.036,0.0,-3.184,1
4637,0.09340770846134702,1.5866,0,-2.3282,0.967,0,-3.218,1.054,0.0,-3.184,1
4638,0.07712976079309455,1.5722,0,-2.318,0.996,0,-3.203,1.071,0.0,-3.185,1
4639,0.06236184731067548,1.5574,0,-2.3066,1.03,0,-3.203,1.09,0.0,-3.186,1
4640,0.060876925020897886,1.5425,0,-2.2958,1.049,0,-3.201,1.108,0.0,-3.186,1
4641,0.05440588203494182,1.5275,0,-2.285,1.075,0,-3.203,1.127,0.0,-3.187,1
4642,0.0711969100453103,1.5127,0,-2.2742,1.075,0,-3.201,1.145,0.0,-3.188,1
4643,0.05458937625582455,1.197,0,-2.0558,1.475,0,-3.2,1.529,0.0,-3.192,1
4644,0.05968249324550702,1.1832,0,-2.0465,1.487,0,-3.201,1.546,0.0,-3.192,1
4645,0.0705761999543756,1.165,0,-2.0335,1.498,0,-3.201,1.568,0.0,-3.192,1
4646,0.07316419889536142,1.1426,0,-2.0184,1.523,0,-3.205,1.595,0.0,-3.192,1
4647,0.09588534820294513,1.1245,0,-2.0045,1.523,0,-3.207,1.618,0.0,-3.194,1
4648,0.0790759128938769,1.1087,0,-1.9932,1.559,0,-3.207,1.637,0.0,-3.194,1
4649,0.07665507158694727,1.0937,0,-1.9846,1.581,0,-3.213,1.655,0.0,-3.193,1
4650,0.06609841147864293,1.0825,0,-1.9749,1.606,0,-3.215,1.669,0.0,-3.195,1
4651,0.05594640292279748,1.074,0,-1.9671,1.63,0,-3.219,1.681,0.0,-3.196,1
4652,0.06539113089708723,1.0664,0,-1.9619,1.63,0,-3.222,1.69,0.0,-3.196,1
4653,0.05500909015790016,1.063,0,-1.9595,1.645,0,-3.221,1.694,0.0,-3.196,1
4654,0.0449444101084885,1.0635,0,-1.9595,1.656,0,-3.221,1.694,0.0,-3.197,0
4655,0.04686149805543983,1.064,0,-1.9601,1.657,0,-3.226,1.693,0.0,-3.196,0
4656,0.03920459156782544,1.0641,0,-1.9601,1.662,0,-3.221,1.693,0.0,-3.197,0
4657,0.040459856648287794,1.064,0,-1.96,1.662,0,-3.223,1.693,0.0,-3.197,0
4658,0.041868842830916464,1.064,0,-1.9601,1.661,0,-3.223,1.693,0.0,-3.196,0
4659,0.03982461550347981,1.064,0,-1.9602,1.662,0,-3.221,1.693,0.0,-3.196,0
4660,0.043566041821583884,1.064,0,-1.9601,1.656,0,-3.219,1.693,0.0,-3.196,0
4661,0.045343136195018424,1.0672,0,-1.9627,1.655,0,-3.226,1.689,0.0,-3.196,0
4662,0.033421549934136596,1.0779,0,-1.9705,1.655,0,-3.222,1.676,0.0,-3.196,0
4663,0.030083217912982713,1.1018,0,-1.9873,1.657,0,-3.223,1.646,0.0,-3.195,0
4664,0.037483329627982585,1.1237,0,-2.0025,1.646,0,-3.222,1.62,0.0,-3.195,0
4665,0.0326955654485435,1.1436,0,-2.018,1.608,0,-3.223,1.595,0.0,-3.193,0
4666,0.02549509756796386,1.1618,0,-2.0302,1.578,0,-3.218,1.573,0.0,-3.193,0
4667,0.027586228448267237,1.1739,0,-2.0392,1.578,0,-3.211,1.558,0.0,-3.192,0
4668,0.021954498400099824,1.1844,0,-2.0471,1.555,0,-3.211,1.544,0.0,-3.192,0
4669,0.026076809620810396,1.1977,0,-2.0561,1.53,0,-3.218,1.528,0.0,-3.192,0
4670,0.015297058540778499,1.2088,0,-2.0648,1.511,0,-3.206,1.514,0.0,-3.191,0
4671,0.018248287590894877,1.227,0,-2.0778,1.489,0,-3.208,1.492,0.0,-3.19,0
4672,0.025612496949731417,1.2427,0,-2.089,1.489,0,-3.21,1.473,0.0,-3.19,0
4673,0.02580697580112788,1.2566,0,-2.099,1.471,0,-3.21,1.456,0.0,-3.189,0
4674,0.017262676501631994,1.2694,0,-2.1083,1.443,0,-3.206,1.44,0.0,-3.189,0
4675,0.017999999999999794,1.2822,0,-2.1172,1.424,0,-3.206,1.424,0.0,-3.188,0
4676,0.01341640786499875,1.2956,0,-2.1261,1.414,0,-3.201,1.408,0.0,-3.189,0
4677,0.02729468812791233,1.3102,0,-2.1362,1.414,0,-3.201,1.39,0.0,-3.188,0
4678,0.019209372712298476,1.3253,0,-2.1468,1.387,0,-3.2,1.372,0.0,-3.188,0
4679,0.021633307652783953,1.3412,0,-2.1576,1.371,0,-3.2,1.353,0.0,-3.188,0
4680,0.01272792206135771,1.3567,0,-2.1674,1.343,0,-3.198,1.334,0.0,-3.189,0
4681,0.026683328128252644,1.3716,0,-2.1771,1.343,0,-3.195,1.317,0.0,-3.189,0
4682,0.024596747752497757,1.3862,0,-2.1871,1.321,0,-3.2,1.299,0.0,-3.189,0
4683,0.02507987240796894,1.4006,0,-2.197,1.304,0,-3.199,1.281,0.0,-3.189,0
4684,0.01581138830084177,1.4151,0,-2.207,1.279,0,-3.194,1.264,0.0,-3.189,0
4685,0.011401754250991313,1.4298,0,-2.2167,1.257,0,-3.192,1.246,0.0,-3.189,0
4686,0.02942787793912422,1.4448,0,-2.2264,1.257,0,-3.194,1.228,0.0,-3.189,0
4687,0.03201562118716427,1.4595,0,-2.2365,1.242,0,-3.188,1.21,0.0,-3.189,0
4688,0.024020824298928645,1.4742,0,-2.2459,1.217,0,-3.188,1.193,0.0,-3.189,0
4689,0.022203603311174554,1.4893,0,-2.2558,1.197,0,-3.187,1.175,0.0,-3.19,0
4690,0.012649110640673528,1.5045,0,-2.2654,1.169,0,-3.186,1.157,0.0,-3.19,0
4691,0.014317821063276389,1.5422,0,-2.2889,1.127,0,-3.189,1.113,0.0,-3.192,0
4692,0.03313608305156172,1.5567,0,-2.2982,1.128,0,-3.189,1.095,0.0,-3.192,0
4693,0.02844292530665579,1.5719,0,-2.308,1.105,0,-3.188,1.077,0.0,-3.193,0
4694,0.025079872407969054,1.587,0,-2.3177,1.084,0,-3.191,1.059,0.0,-3.193,0
4695,0.02280350850198272,1.6026,0,-2.3276,1.063,0,-3.188,1.041,0.0,-3.194,0
4696,0.02195449840010032,1.6175,0,-2.3368,1.042,0,-3.183,1.023,0.0,-3.194,0
4697,0.03748332962798251,1.6325,0,-2.3459,1.043,0,-3.189,1.006,0.0,-3.195,0
4698,0.031048349392520075,1.6482,0,-2.3554,1.018,0,-3.188,0.988,0.0,-3.196,0
4699,0.03478505426185213,1.663,0,-2.3642,1.003,0,-3.186,0.97,0.0,-3.197,0
4700,0.025942243542145717,1.6781,0,-2.3733,0.976,0,-3.186,0.953,0.0,-3.198,0
4701,0.03130495168499688,1.6936,0,-2.383,0.962,0,-3.185,0.934,0.0,-3.199,0
4702,0.04712748667179272,1.7083,0,-2.3913,0.963,0,-3.186,0.918,0.0,-3.2,0
4703,0.04123105625617654,1.7237,0,-2.3997,0.938,0,-3.186,0.9,0.0,-3.202,0
4704,0.0336154726279432,1.7393,0,-2.409,0.911,0,-3.186,0.882,0.0,-3.203,0
4705,0.03130495168499718,1.7549,0,-2.4185,0.892,0,-3.19,0.864,0.0,-3.204,0
4706,0.02662705391138878,1.7663,0,-2.4255,0.872,0,-3.189,0.85,0.0,-3.204,0
4707,0.027313000567495395,1.7691,0,-2.4274,0.872,0,-3.193,0.847,0.0,-3.204,0
4708,0.011180339887499068,1.7674,0,-2.4263,0.847,0,-3.193,0.849,0.0,-3.204,0
4709,0.020518284528683362,1.766,0,-2.4254,0.836,0,-3.19,0.851,0.0,-3.204,0
4710,0.018788294228055953,1.7624,0,-2.4233,0.838,0,-3.196,0.855,0.0,-3.204,0
4711,0.04949747468305839,1.7254,0,-2.4006,0.849,0,-3.195,0.898,0.0,-3.202,0
4712,0.06963476143421482,1.3453,0,-2.145,1.288,0,-3.216,1.356,0.0,-3.201,1
4713,0.06216912416947816,1.3333,0,-2.1358,1.31,0,-3.214,1.371,0.0,-3.202,1
4714,0.06044005294504611,1.3212,0,-2.1273,1.328,0,-3.219,1.386,0.0,-3.202,1
4715,0.05255473337388364,1.3098,0,-2.1184,1.352,0,-3.222,1.401,0.0,-3.203,1
4716,0.06552098900352468,1.298,0,-2.1098,1.352,0,-3.221,1.415,0.0,-3.203,1
4717,0.06718630812896322,1.2862,0,-2.1012,1.365,0,-3.221,1.43,0.0,-3.204,1
4718,0.06360031446463127,1.2745,0,-2.0923,1.383,0,-3.223,1.444,0.0,-3.205,1
4719,0.06044005294504632,1.2627,0,-2.0831,1.401,0,-3.223,1.459,0.0,-3.206,1
4720,0.07569015788066501,1.2508,0,-2.0738,1.401,0,-3.227,1.474,0.0,-3.207,1
4721,0.07184010022264742,1.239,0,-2.0647,1.42,0,-3.228,1.489,0.0,-3.208,1
4722,0.0706045324324153,1.2272,0,-2.055,1.437,0,-3.228,1.505,0.0,-3.209,1
4723,0.06673080248281152,1.2188,0,-2.0476,1.453,0,-3.233,1.516,0.0,-3.211,1
4724,0.04830113870293333,1.2136,0,-2.0438,1.479,0,-3.233,1.522,0.0,-3.211,0
4725,0.05950630218724716,1.2048,0,-2.0369,1.479,0,-3.237,1.533,0.0,-3.212,1
4726,0.07211102550927964,1.1922,0,-2.0277,1.481,0,-3.236,1.549,0.0,-3.212,1
4727,0.0800812087820856,1.175,0,-2.0148,1.493,0,-3.235,1.57,0.0,-3.213,1
4728,0.09080198235721501,1.1541,0,-1.998,1.508,0,-3.234,1.597,0.0,-3.216,1
4729,0.07518643494673757,1.1404,0,-1.9858,1.542,0,-3.236,1.615,0.0,-3.218,1
4730,0.09108238029388575,1.1291,0,-1.9775,1.543,0,-3.248,1.629,0.0,-3.218,1
4731,0.08062257748298557,1.1196,0,-1.9708,1.567,0,-3.251,1.641,0.0,-3.219,1
4732,0.07826237921249275,1.1097,0,-1.9641,1.583,0,-3.254,1.653,0.0,-3.219,1
4733,0.07566372975210779,1.1007,0,-1.959,1.597,0,-3.255,1.663,0.0,-3.218,1
4734,0.06664833081180654,1.0916,0,-1.9524,1.615,0,-3.249,1.674,0.0,-3.218,1
4735,0.08193289937503735,1.0775,0,-1.9437,1.614,0,-3.246,1.691,0.0,-3.218,1
4736,0.08254089895318574,1.0606,0,-1.9315,1.634,0,-3.245,1.712,0.0,-3.218,1
4737,0.0800812087820856,1.044,0,-1.9229,1.653,0,-3.238,1.73,0.0,-3.216,1
4738,0.06705221845696091,1.031,0,-1.9182,1.68,0,-3.233,1.744,0.0,-3.213,1
4739,0.04491102314577135,1.0305,0,-1.9146,1.702,0,-3.224,1.746,0.0,-3.215,0
4740,0.049254441424098926,1.027,0,-1.9119,1.702,0,-3.221,1.751,0.0,-3.216,0
4741,0.052469038489379685,1.0176,0,-1.9058,1.71,0,-3.222,1.762,0.0,-3.215,1
4742,0.06905070600652834,1.0042,0,-1.8961,1.71,0,-3.228,1.778,0.0,-3.216,1
4743,0.08006247560499233,0.9848,0,-1.8819,1.723,0,-3.23,1.802,0.0,-3.217,1
4744,0.08028075734570529,0.9665,0,-1.8696,1.746,0,-3.236,1.824,0.0,-3.217,1
4745,0.10001999800039998,0.9503,0,-1.8589,1.746,0,-3.237,1.844,0.0,-3.217,1
4746,0.08149233092751731,0.9382,0,-1.8501,1.78,0,-3.237,1.859,0.0,-3.217,1
4747,0.06957010852370434,0.9286,0,-1.8433,1.804,0,-3.239,1.87,0.0,-3.217,1
4748,0.06203224967708326,0.9196,0,-1.8374,1.823,0,-3.239,1.881,0.0,-3.217,1
4749,0.0555427763079953,0.9134,0,-1.8323,1.838,0,-3.24,1.889,0.0,-3.218,1
4750,0.06578753681359403,0.9048,0,-1.8256,1.838,0,-3.241,1.9,0.0,-3.219,1
4751,0.0759605160593317,0.89,0,-1.814,1.846,0,-3.241,1.919,0.0,-3.22,1
4752,0.08805679985100526,0.8736,0,-1.8013,1.855,0,-3.244,1.94,0.0,-3.221,1
4753,0.08612781200053811,0.8558,0,-1.7893,1.878,0,-3.244,1.961,0.0,-3.221,1
4754,0.08393449827097313,0.8396,0,-1.7783,1.903,0,-3.252,1.981,0.0,-3.221,1
4755,0.09879271228182784,0.8281,0,-1.7691,1.903,0,-3.259,1.995,0.0,-3.223,1
4756,0.08185963596303117,0.8201,0,-1.7626,1.932,0,-3.258,2.006,0.0,-3.223,1
4757,0.0787718223732318,0.812,0,-1.756,1.95,0,-3.267,2.016,0.0,-3.224,1
4758,0.08605230967266349,0.8019,0,-1.7483,1.962,0,-3.279,2.029,0.0,-3.225,1
4759,0.08605230967266349,0.79,0,-1.7394,1.977,0,-3.28,2.044,0.0,-3.226,1
4760,0.0998649087517733,0.7762,0,-1.7297,1.978,0,-3.283,2.06,0.0,-3.226,1
4761,0.10012492197250374,0.7624,0,-1.7191,1.995,0,-3.283,2.078,0.0,-3.227,1
4762,0.09818350166906878,0.7488,0,-1.7089,2.013,0,-3.282,2.095,0.0,-3.228,1
4763,0.09745255255764214,0.7354,0,-1.7002,2.035,0,-3.289,2.111,0.0,-3.228,1
4764,0.09276313923105435,0.7227,0,-1.6919,2.057,0,-3.29,2.126,0.0,-3.228,1
4765,0.09932270636667129,0.71,0,-1.6841,2.057,0,-3.28,2.141,0.0,-3.227,1
4766,0.0912633551870627,0.6978,0,-1.6762,2.08,0,-3.279,2.155,0.0,-3.227,1
4767,0.08700574693662474,0.6856,0,-1.6691,2.1,0,-3.279,2.169,0.0,-3.226,1
4768,0.07093659140387298,0.6733,0,-1.6609,2.118,0,-3.252,2.184,0.0,-3.226,1
4769,0.06419501538281608,0.6608,0,-1.6527,2.138,0,-3.245,2.199,0.0,-3.225,1
4770,0.08036168241145776,0.6482,0,-1.6445,2.137,0,-3.248,2.214,0.0,-3.225,1
4771,0.07749193506423738,0.6351,0,-1.6353,2.156,0,-3.248,2.23,0.0,-3.225,1
4772,0.07962411694957751,0.6222,0,-1.6262,2.174,0,-3.26,2.246,0.0,-3.226,1
4773,0.08015609770940715,0.6095,0,-1.618,2.194,0,-3.269,2.261,0.0,-3.225,1
4774,0.08140024569987481,0.5968,0,-1.6097,2.211,0,-3.274,2.276,0.0,-3.225,1
4775,0.09466784036831086,0.584,0,-1.601,2.211,0,-3.274,2.292,0.0,-3.225,1
4776,0.0895879456176999,0.5711,0,-1.5921,2.232,0,-3.274,2.307,0.0,-3.225,1
4777,0.08848163651289444,0.5585,0,-1.5833,2.25,0,-3.276,2.323,0.0,-3.226,1
4778,0.08360023923410749,0.5463,0,-1.576,2.27,0,-3.275,2.337,0.0,-3.225,1
4779,0.07919595949289339,0.5353,0,-1.5736,2.291,0,-3.277,2.347,0.0,-3.221,1
4780,0.08386894538504694,0.5296,0,-1.5679,2.29,0,-3.275,2.355,0.0,-3.222,1
4781,0.08168843247363716,0.5213,0,-1.5605,2.303,0,-3.276,2.366,0.0,-3.224,1
4782,0.07621679604916505,0.5115,0,-1.5515,2.319,0,-3.273,2.379,0.0,-3.226,1
4783,0.07733692520394124,0.503,0,-1.5456,2.331,0,-3.276,2.39,0.0,-3.226,1
4784,0.08246211251235329,0.4903,0,-1.5363,2.342,0,-3.278,2.406,0.0,-3.226,1
4785,0.0954148835350126,0.444,0,-1.5009,2.384,0,-3.282,2.464,0.0,-3.23,1
4786,0.11759676866308856,0.4243,0,-1.4934,2.386,0,-3.29,2.484,0.0,-3.225,1
4787,0.10385566907973806,0.4125,0,-1.4856,2.417,0,-3.29,2.498,0.0,-3.225,1
4788,0.09548298277703715,0.4031,0,-1.4775,2.442,0,-3.292,2.511,0.0,-3.226,1
4789,0.09406912352095134,0.3953,0,-1.4632,2.457,0,-3.299,2.525,0.0,-3.234,1
4790,0.10448444860360785,0.387,0,-1.4528,2.457,0,-3.304,2.538,0.0,-3.238,1
4791,0.09823441352194244,0.3797,0,-1.4417,2.473,0,-3.304,2.55,0.0,-3.243,1
4792,0.0924553946506097,0.37,0,-1.4318,2.492,0,-3.303,2.564,0.0,-3.245,1
4793,0.11269871339105889,0.3466,0,-1.4193,2.505,0,-3.317,2.59,0.0,-3.243,1
4794,0.12182774724995922,0.3323,0,-1.4113,2.525,0,-3.332,2.606,0.0,-3.241,1
4795,0.12043255373859693,0.3172,0,-1.4024,2.526,0,-3.31,2.624,0.0,-3.24,1
4796,0.10652699188468612,0.3066,0,-1.3937,2.556,0,-3.31,2.638,0.0,-3.242,1
4797,0.10065783625729319,0.2972,0,-1.3859,2.574,0,-3.309,2.65,0.0,-3.243,1
4798,0.09406912352095134,0.2765,0,-1.3679,2.612,0,-3.314,2.677,0.0,-3.246,1
4799,0.09060353193998552,0.2718,0,-1.3642,2.628,0,-3.318,2.683,0.0,-3.246,1
4800,0.10822661410207766,0.2606,0,-1.358,2.633,0,-3.333,2.696,0.0,-3.245,1
4801,0.12316655390161724,0.2446,0,-1.3488,2.631,0,-3.335,2.714,0.0,-3.244,1
4802,0.08273451516749221,-0.0867,0,-1.148,3.042,0,-3.283,3.101,0.0,-3.225,1
4803,0.09323625904121229,-0.0991,0,-1.1407,3.042,0,-3.282,3.115,0.0,-3.224,1
4804,0.09013878188659959,-0.1114,0,-1.1321,3.061,0,-3.282,3.13,0.0,-3.224,1
4805,0.08732124598286443,-0.1246,0,-1.1238,3.079,0,-3.28,3.146,0.0,-3.224,1
4806,0.08450443775329212,-0.1376,0,-1.1156,3.096,0,-3.277,3.161,0.0,-3.223,1
4807,0.08213403679352434,-0.1505,0,-1.1076,3.116,0,-3.278,3.177,0.0,-3.223,1
4808,0.09745255255764214,-0.1636,0,-1.1,3.116,0,-3.283,3.192,0.0,-3.222,1
4809,0.09501578816175756,-0.1766,0,-1.0922,3.135,0,-3.283,3.207,0.0,-3.221,1
4810,0.09202173656261865,-0.1893,0,-1.0839,3.154,0,-3.282,3.222,0.0,-3.22,1
4811,0.08489994110716459,-0.2023,0,-1.0761,3.175,0,-3.278,3.237,0.0,-3.22,1
4812,0.08626702730475871,-0.216,0,-1.0686,3.192,0,-3.279,3.253,0.0,-3.218,1
4813,0.09499999999999967,-0.2296,0,-1.0605,3.192,0,-3.274,3.268,0.0,-3.217,1
4814,0.09560334722173691,-0.2435,0,-1.0522,3.209,0,-3.274,3.285,0.0,-3.216,1
4815,0.09209777413162593,-0.2571,0,-1.044,3.231,0,-3.277,3.3,0.0,-3.216,1
4816,0.08720665112249164,-0.2704,0,-1.0361,3.25,0,-3.272,3.316,0.0,-3.215,1
4817,0.08556284240252891,-0.2839,0,-1.0285,3.271,0,-3.274,3.331,0.0,-3.213,1
4818,0.09386160024205865,-0.2961,0,-1.0222,3.272,0,-3.271,3.345,0.0,-3.212,1
4819,0.08910667763978178,-0.3053,0,-1.0186,3.291,0,-3.272,3.355,0.0,-3.21,1
4820,0.08563293758829016,-0.3129,0,-1.011,3.307,0,-3.275,3.365,0.0,-3.212,1
4821,0.0841724420460757,-0.3248,0,-1.0022,3.319,0,-3.27,3.38,0.0,-3.212,1
4822,0.08772684879784531,-0.3398,0,-0.9914,3.338,0,-3.277,3.398,0.0,-3.213,1
4823,0.10652699188468584,-0.3572,0,-0.9806,3.337,0,-3.28,3.419,0.0,-3.212,1
4824,0.11011357772772606,-0.3776,0,-0.9689,3.357,0,-3.28,3.442,0.0,-3.21,1
4825,0.10998636279102986,-0.3931,0,-0.957,3.378,0,-3.282,3.462,0.0,-3.211,1
4826,0.0990050503762312,-0.4068,0,-0.948,3.409,0,-3.282,3.478,0.0,-3.211,1
4827,0.09871676655968814,-0.4188,0,-0.9435,3.428,0,-3.284,3.491,0.0,-3.208,1
4828,0.10837435120913066,-0.4284,0,-0.9411,3.428,0,-3.286,3.5,0.0,-3.205,1
4829,0.10466135867644763,-0.4389,0,-0.9267,3.444,0,-3.286,3.517,0.0,-3.211,1
4830,0.1027277956543408,-0.4538,0,-0.9146,3.459,0,-3.281,3.536,0.0,-3.213,1
4831,0.10640488710580914,-0.4659,0,-0.9008,3.473,0,-3.286,3.554,0.0,-3.217,1
4832,0.10394710193170388,-0.4824,0,-0.8936,3.497,0,-3.287,3.571,0.0,-3.214,1
4833,0.12615070352558508,-0.4987,0,-0.8809,3.497,0,-3.298,3.592,0.0,-3.215,1
4834,0.11667476162392622,-0.5109,0,-0.873,3.524,0,-3.298,3.606,0.0,-3.215,1
4835,0.1060754448494092,-0.5214,0,-0.8666,3.545,0,-3.29,3.619,0.0,-3.214,1
4836,0.10423531071570727,-0.5306,0,-0.8599,3.562,0,-3.294,3.63,0.0,-3.215,1
4837,0.1043503713457697,-0.5419,0,-0.8524,3.577,0,-3.295,3.644,0.0,-3.215,1
4838,0.11317243480636065,-0.5541,0,-0.8428,3.577,0,-3.294,3.659,0.0,-3.216,1
4839,0.11101801655587261,-0.5678,0,-0.833,3.597,0,-3.294,3.676,0.0,-3.216,1
4840,0.09466784036831086,-0.5814,0,-0.8228,3.612,0,-3.168,3.693,0.0,-3.217,1
4841,0.10049875621120882,-0.5945,0,-0.8125,3.636,0,-3.15,3.71,0.0,-3.218,1
4842,1.4219268616915572,-0.625,0,-0.7889,3.674,0,-1.801,3.748,0.0,-3.221,1
4843,1.4090351308608315,-0.6388,0,-0.7788,3.711,0,-1.813,3.765,0.0,-3.221,1
4844,1.4243939061930866,-0.6477,0,-0.7707,3.714,0,-1.8,3.777,0.0,-3.223,1
4845,1.4313507606453424,-0.6615,0,-0.7582,3.714,0,-1.797,3.796,0.0,-3.226,1
4846,1.4234468729109633,-0.683,0,-0.7419,3.723,0,-1.807,3.822,0.0,-3.227,1
4847,1.4227241475423127,-0.6945,0,-0.7317,3.75,0,-1.809,3.838,0.0,-3.229,1
4848,1.4233509756908167,-0.6968,0,-0.7292,3.779,0,-1.808,3.841,0.0,-3.23,1
4849,1.4558248521027521,-0.6946,0,-0.7313,3.789,0,-1.775,3.838,0.0,-3.23,1
4850,1.4547274658849336,-0.6922,0,-0.7334,3.789,0,-1.775,3.835,0.0,-3.229,1
4851,1.4595211543516593,-0.6912,0,-0.7345,3.794,0,-1.77,3.833,0.0,-3.229,1
4852,1.4548254190795542,-0.6911,0,-0.7347,3.784,0,-1.775,3.833,0.0,-3.229,1
4853,1.4538600345287713,-0.6913,0,-0.7347,3.783,0,-1.776,3.833,0.0,-3.229,1
4854,1.4537599526744438,-0.6889,0,-0.7369,3.783,0,-1.775,3.83,0.0,-3.228,1
4855,1.450446827705173,-0.6799,0,-0.7449,3.782,0,-1.777,3.818,0.0,-3.227,1
4856,1.4510775306647126,-0.6628,0,-0.7567,3.782,0,-1.775,3.797,0.0,-3.226,1
4857,1.416,-0.6462,0,-0.7735,3.774,0,-1.806,3.774,0.0,-3.222,1
4858,1.420042604994653,-0.6322,0,-0.7864,3.744,0,-1.799,3.755,0.0,-3.219,1
4859,1.4060430292135446,-0.6158,0,-0.7996,3.745,0,-1.811,3.734,0.0,-3.217,1
4860,1.4020057061224822,-0.5992,0,-0.8135,3.717,0,-1.813,3.713,0.0,-3.215,1
4861,1.3900000000000001,-0.5871,0,-0.8243,3.697,0,-1.823,3.697,0.0,-3.213,1
4862,1.393035893292057,-0.5761,0,-0.8334,3.673,0,-1.818,3.683,0.0,-3.211,1
4863,1.4020802402145176,-0.5654,0,-0.8426,3.654,0,-1.808,3.669,0.0,-3.21,1
4864,1.406000355618732,-0.5531,0,-0.8521,3.654,0,-1.803,3.653,0.0,-3.209,1
4865,1.404,-0.5401,0,-0.8635,3.636,0,-1.803,3.636,0.0,-3.207,1
4866,1.4010000000000002,-0.5258,0,-0.8758,3.617,0,-1.803,3.617,0.0,-3.204,1
4867,1.406001422474387,-0.5112,0,-0.8878,3.596,0,-1.797,3.598,0.0,-3.203,1
4868,1.4070127931188117,-0.4963,0,-0.8999,3.573,0,-1.794,3.579,0.0,-3.201,1
4869,1.41005106290517,-0.4818,0,-0.9118,3.573,0,-1.789,3.561,0.0,-3.199,1
4870,1.4160056497062432,-0.4736,0,-0.9141,3.549,0,-1.786,3.553,0.0,-3.202,1
4871,1.4091564852776288,-0.4711,0,-0.92,3.526,0,-1.789,3.547,0.0,-3.198,1
4872,1.3961432591249368,-0.46,0,-0.9301,3.512,0,-1.8,3.532,0.0,-3.196,1
4873,1.3980515011972916,-0.4441,0,-0.9456,3.498,0,-1.794,3.51,0.0,-3.192,1
4874,1.3970805273855909,-0.4212,0,-0.9617,3.497,0,-1.795,3.482,0.0,-3.192,1
4875,1.3941294774876543,-0.401,0,-0.9781,3.476,0,-1.796,3.457,0.0,-3.19,1
4876,1.032058622365997,-0.3859,0,-0.99,3.448,0,-2.156,3.437,0.0,-3.188,1
4877,0.07000714249274839,-0.3727,0,-0.9987,3.421,0,-3.258,3.422,0.0,-3.188,1
4878,0.09222797840135084,-0.3641,0,-1.0057,3.396,0,-3.278,3.411,0.0,-3.187,1
4879,0.08009993757800321,-0.3559,0,-1.0141,3.395,0,-3.265,3.399,0.0,-3.185,1
4880,0.08205485969764359,-0.3416,0,-1.0253,3.378,0,-3.266,3.381,0.0,-3.184,1
4881,0.10417293314484345,-0.326,0,-1.0391,3.366,0,-3.285,3.36,0.0,-3.181,1
4882,0.08174350127074322,-0.3087,0,-1.0507,3.35,0,-3.262,3.339,0.0,-3.181,1
4883,0.05984145720150841,-0.2909,0,-1.0643,3.327,0,-3.239,3.317,0.0,-3.18,1
4884,0.07130918594402819,-0.2775,0,-1.0755,3.327,0,-3.112,3.3,0.0,-3.178,1
4885,0.06338769596696205,-0.267,0,-1.0855,3.292,0,-3.113,3.285,0.0,-3.176,1
4886,1.0320237400370207,-0.2568,0,-1.0945,3.265,0,-2.142,3.272,0.0,-3.174,1
4887,1.0230239488887836,-0.2462,0,-1.1039,3.251,0,-2.149,3.258,0.0,-3.172,1
4888,0.054129474410897396,-0.2339,0,-1.1149,3.231,0,-3.117,3.242,0.0,-3.17,1
4889,0.047518417482066616,-0.2202,0,-1.1275,3.23,0,-3.12,3.223,0.0,-3.167,0
4890,0.025317977802344238,-0.2073,0,-1.1414,3.209,0,-3.138,3.205,0.0,-3.163,0
4891,0.010198039027185317,-0.1941,0,-1.1545,3.184,0,-3.149,3.186,0.0,-3.159,0
4892,0.11900420160649813,-0.1799,0,-1.1662,3.167,0,-3.277,3.168,0.0,-3.158,1
4893,0.09304837451562491,-0.1663,0,-1.1774,3.148,0,-3.249,3.151,0.0,-3.156,1
4894,0.08828363381737318,-0.1531,0,-1.1884,3.148,0,-3.241,3.133,0.0,-3.154,1
4895,0.08720665112249201,-0.1398,0,-1.1979,3.123,0,-3.241,3.117,0.0,-3.154,1
4896,0.08709190547921221,-0.1259,0,-1.2083,3.104,0,-3.24,3.1,0.0,-3.153,1
4897,0.08800000000000008,-0.1127,0,-1.2186,3.083,0,-3.24,3.083,0.0,-3.152,1
4898,0.08602325267042657,-0.0975,0,-1.2298,3.062,0,-3.237,3.064,0.0,-3.151,1
4899,0.08944271909999167,-0.0836,0,-1.2412,3.062,0,-3.237,3.046,0.0,-3.149,1
4900,0.08994442728707538,-0.0694,0,-1.2521,3.041,0,-3.237,3.028,0.0,-3.148,1
4901,0.08628441342444167,-0.0556,0,-1.262,3.018,0,-3.234,3.011,0.0,-3.148,1
4902,0.08700000000000019,-0.0415,0,-1.2728,2.994,0,-3.234,2.994,0.0,-3.147,1
4903,0.08820430828479985,-0.0278,0,-1.2831,2.971,0,-3.234,2.977,0.0,-3.146,1
4904,0.085842879728024,-0.0139,0,-1.2936,2.971,0,-3.23,2.959,0.0,-3.145,1
4905,0.08757282683572593,-0.0001,0,-1.3048,2.951,0,-3.23,2.941,0.0,-3.143,1
4906,0.09019977827023777,0.014,0,-1.3158,2.93,0,-3.232,2.924,0.0,-3.142,1
4907,0.08505292469985963,0.0279,0,-1.3267,2.909,0,-3.226,2.906,0.0,-3.141,1
4908,0.08800568163476727,0.0422,0,-1.3376,2.887,0,-3.228,2.888,0.0,-3.14,1
4909,0.09141115905621139,0.0541,0,-1.3499,2.887,0,-3.226,2.871,0.0,-3.136,1
4910,0.09902019995940242,0.06,0,-1.3621,2.862,0,-3.229,2.86,0.0,-3.13,1
4911,0.08956003573022997,0.0695,0,-1.3618,2.842,0,-3.224,2.852,0.0,-3.135,1
4912,0.06859300255857018,0.0824,0,-1.3694,2.828,0,-3.204,2.837,0.0,-3.136,1
4913,0.07316419889536142,0.1021,0,-1.3801,2.828,0,-3.21,2.815,0.0,-3.138,1
4914,0.08558621384311856,0.1252,0,-1.3993,2.828,0,-3.209,2.785,0.0,-3.135,1
4915,0.08561541917201611,0.1429,0,-1.4125,2.796,0,-3.213,2.763,0.0,-3.134,1
4916,0.08732124598286477,0.1582,0,-1.4239,2.764,0,-3.218,2.744,0.0,-3.133,1
4917,0.08329465769183539,0.1703,0,-1.4359,2.734,0,-3.213,2.727,0.0,-3.13,1
4918,0.0821522975941638,0.1793,0,-1.4427,2.711,0,-3.212,2.716,0.0,-3.13,1
4919,0.08050465825031498,0.1912,0,-1.4488,2.711,0,-3.211,2.702,0.0,-3.131,1
4920,0.07025667228100149,0.2044,0,-1.4575,2.693,0,-3.201,2.687,0.0,-3.131,1
4921,0.07256031973468699,0.221,0,-1.4692,2.675,0,-3.203,2.666,0.0,-3.131,1
4922,0.07542545989253248,0.2362,0,-1.4822,2.654,0,-3.204,2.646,0.0,-3.129,1
4923,0.0720277724214765,0.2526,0,-1.4942,2.628,0,-3.2,2.626,0.0,-3.128,1
4924,0.06726812023536881,0.2653,0,-1.4959,2.628,0,-3.2,2.615,0.0,-3.134,1
4925,0.054999999999999716,0.2738,0,-1.4991,2.606,0,-3.191,2.606,0.0,-3.136,1
4926,0.06648308055437892,0.282,0,-1.506,2.587,0,-3.201,2.595,0.0,-3.135,1
4927,0.07831347265956208,0.2898,0,-1.5151,2.577,0,-3.21,2.584,0.0,-3.132,1
4928,0.07800000000000029,0.3046,0,-1.5321,2.562,0,-3.204,2.562,0.0,-3.126,1
4929,0.08420213774008342,0.3218,0,-1.5477,2.562,0,-3.203,2.539,0.0,-3.122,1
4930,0.07083784299369913,0.3433,0,-1.5559,2.539,0,-3.195,2.516,0.0,-3.128,1
4931,0.05728001396647848,0.3603,0,-1.5672,2.512,0,-3.183,2.496,0.0,-3.128,1
4932,0.058549124673218066,0.3763,0,-1.5758,2.486,0,-3.188,2.478,0.0,-3.13,1
4933,0.056142675390472845,0.3867,0,-1.5836,2.461,0,-3.185,2.465,0.0,-3.129,1
4934,0.057070132293521175,0.3979,0,-1.5913,2.462,0,-3.185,2.451,0.0,-3.129,1
4935,0.05770615218501403,0.4122,0,-1.6025,2.442,0,-3.185,2.433,0.0,-3.128,1
4936,0.05943904440685457,0.4254,0,-1.6139,2.429,0,-3.184,2.416,0.0,-3.126,1
4937,0.051788029504896346,0.4423,0,-1.6242,2.405,0,-3.178,2.396,0.0,-3.127,1
4938,0.05247856705360772,0.4597,0,-1.6317,2.404,0,-3.175,2.377,0.0,-3.13,1
4939,0.050537115073973106,0.4749,0,-1.6424,2.382,0,-3.175,2.359,0.0,-3.13,1
4940,0.041231056256176846,0.4876,0,-1.6508,2.36,0,-3.168,2.344,0.0,-3.13,0
4941,0.039623225512317985,0.4996,0,-1.6584,2.336,0,-3.169,2.329,0.0,-3.13,0
4942,0.03006659275674608,0.5121,0,-1.6666,2.317,0,-3.161,2.315,0.0,-3.131,0
4943,0.029068883707497533,0.5259,0,-1.6756,2.317,0,-3.153,2.298,0.0,-3.131,0
4944,0.028284271247461926,0.542,0,-1.685,2.299,0,-3.152,2.279,0.0,-3.132,0
4945,0.026907248094147296,0.5584,0,-1.6944,2.281,0,-3.151,2.261,0.0,-3.133,0
4946,0.023345235059857444,0.5748,0,-1.7048,2.258,0,-3.15,2.241,0.0,-3.134,0
4947,0.021095023109729254,0.5909,0,-1.7146,2.233,0,-3.153,2.222,0.0,-3.135,0
4948,0.012649110640673528,0.9905,0,-1.9531,1.77,0,-3.165,1.758,0.0,-3.161,0
4949,0.01360147050873535,1.0076,0,-1.9641,1.75,0,-3.166,1.737,0.0,-3.162,0
4950,0.01341640786499875,1.025,0,-1.9734,1.724,0,-3.176,1.718,0.0,-3.164,0
4951,0.022090722034374562,1.0411,0,-1.9757,1.725,0,-3.173,1.703,0.0,-3.171,0
4952,0.01131370849898477,1.0421,0,-1.9824,1.707,0,-3.174,1.699,0.0,-3.166,0
4953,0.022135943621178607,1.0504,0,-1.9876,1.682,0,-3.187,1.689,0.0,-3.166,0
4954,0.008062257748298652,1.0661,0,-1.9974,1.674,0,-3.174,1.67,0.0,-3.167,0
4955,0.018027756377319782,1.0873,0,-2.015,1.66,0,-3.17,1.643,0.0,-3.164,0
4956,0.04272001872658759,1.1107,0,-2.0237,1.66,0,-3.158,1.619,0.0,-3.17,0
4957,0.03889730067755338,1.1277,0,-2.0338,1.636,0,-3.159,1.599,0.0,-3.171,0
4958,0.025317977802344238,1.1423,0,-2.0426,1.607,0,-3.176,1.582,0.0,-3.172,0
4959,0.013416407864998849,1.1556,0,-2.048,1.58,0,-3.181,1.568,0.0,-3.175,0
4960,0.008602325267042738,1.1655,0,-2.0552,1.563,0,-3.18,1.556,0.0,-3.175,0
4961,0.02617250465660484,1.1786,0,-2.0647,1.565,0,-3.177,1.539,0.0,-3.174,0
4962,0.023345235059857635,1.1952,0,-2.0761,1.542,0,-3.178,1.519,0.0,-3.174,0
4963,0.01923538406167121,1.2126,0,-2.0851,1.517,0,-3.185,1.5,0.0,-3.176,0
4964,0.022135943621178815,1.2299,0,-2.0976,1.499,0,-3.182,1.478,0.0,-3.175,0
4965,0.021213203435596507,1.2456,0,-2.1073,1.481,0,-3.179,1.46,0.0,-3.176,0
4966,0.03701351104664341,1.2588,0,-2.1153,1.482,0,-3.178,1.445,0.0,-3.177,0
4967,0.01902629759044057,1.2713,0,-2.1226,1.449,0,-3.177,1.43,0.0,-3.178,0
4968,0.01649242250247066,1.2846,0,-2.1304,1.431,0,-3.175,1.415,0.0,-3.179,0
4969,0.021377558326432077,1.299,0,-2.1389,1.419,0,-3.176,1.398,0.0,-3.18,0
4970,0.021213203435596573,1.3145,0,-2.1485,1.401,0,-3.178,1.38,0.0,-3.181,0
4971,0.04031128874149277,1.3306,0,-2.1583,1.401,0,-3.177,1.361,0.0,-3.182,0
4972,0.035693136595149354,1.3472,0,-2.1678,1.377,0,-3.176,1.342,0.0,-3.183,0
4973,0.027018512172212725,1.3633,0,-2.177,1.35,0,-3.185,1.323,0.0,-3.184,0
4974,0.026305892875931835,1.3792,0,-2.1867,1.331,0,-3.181,1.305,0.0,-3.185,0
4975,0.020999999999999908,1.3937,0,-2.1957,1.309,0,-3.186,1.288,0.0,-3.186,0
4976,0.03705401462729772,1.4075,0,-2.204,1.309,0,-3.185,1.272,0.0,-3.187,0
4977,0.03405877273185285,1.4224,0,-2.2128,1.288,0,-3.186,1.254,0.0,-3.188,0
4978,0.033241540277189244,1.438,0,-2.222,1.269,0,-3.185,1.236,0.0,-3.189,0
4979,0.026248809496813293,1.4534,0,-2.2306,1.244,0,-3.182,1.219,0.0,-3.19,0
4980,0.02088061301782118,1.4697,0,-2.2397,1.22,0,-3.186,1.2,0.0,-3.192,0
4981,0.03883297567789523,1.485,0,-2.2486,1.221,0,-3.185,1.183,0.0,-3.193,0
4982,0.03883297567789523,1.4994,0,-2.2578,1.203,0,-3.186,1.165,0.0,-3.194,0
4983,0.02720294101747091,1.5151,0,-2.2665,1.174,0,-3.187,1.148,0.0,-3.195,0
4984,0.025942243542145815,1.5306,0,-2.2747,1.153,0,-3.185,1.13,0.0,-3.197,0
4985,0.041773197148410775,1.5466,0,-2.2839,1.153,0,-3.19,1.112,0.0,-3.198,0
4986,0.03860051813123752,1.5621,0,-2.2931,1.131,0,-3.189,1.094,0.0,-3.2,0
4987,0.041773197148410775,1.5772,0,-2.3019,1.117,0,-3.193,1.076,0.0,-3.201,0
4988,0.03676955262170042,1.5925,0,-2.3108,1.093,0,-3.188,1.059,0.0,-3.202,0
4989,0.02906888370749724,1.6077,0,-2.3195,1.067,0,-3.19,1.041,0.0,-3.203,0
4990,0.04775981574503836,1.6232,0,-2.3284,1.068,0,-3.189,1.023,0.0,-3.205,0
4991,0.048466483264210394,1.639,0,-2.3367,1.051,0,-3.188,1.006,0.0,-3.206,0
4992,0.044721359549995836,1.6549,0,-2.3451,1.028,0,-3.188,0.988,0.0,-3.208,0
4993,0.03623534186398686,1.6703,0,-2.3539,1.002,0,-3.193,0.97,0.0,-3.21,0
4994,0.037735924528226446,1.6857,0,-2.3624,0.985,0,-3.191,0.953,0.0,-3.211,0
4995,0.0547813836992093,1.7008,0,-2.3706,0.986,0,-3.193,0.935,0.0,-3.213,1
4996,0.051894122981316335,1.7162,0,-2.3788,0.965,0,-3.193,0.918,0.0,-3.215,1
4997,0.04254409477236519,1.732,0,-2.3867,0.94,0,-3.2,0.901,0.0,-3.217,0
4998,0.044721359549995836,1.7477,0,-2.396,0.922,0,-3.198,0.882,0.0,-3.218,0
4999,0.04024922359499635,1.7632,0,-2.4044,0.901,0,-3.202,0.865,0.0,-3.22,0
5000,0.058309518948452974,1.7787,0,-2.4126,0.901,0,-3.2,0.847,0.0,-3.222,1
5001,0.05060632371551997,1.7939,0,-2.4218,0.874,0,-3.198,0.83,0.0,-3.223,1
5002,0.04632493928760177,1.8097,0,-2.4298,0.851,0,-3.2,0.812,0.0,-3.225,0
5003,0.04482186966202989,1.8243,0,-2.4346,0.832,0,-3.201,0.797,0.0,-3.229,0
5004,0.039408120990476164,1.8401,0,-2.4453,0.81,0,-3.206,0.778,0.0,-3.229,0
5005,0.05314132102234581,1.8569,0,-2.4535,0.81,0,-3.214,0.76,0.0,-3.232,1
5006,0.07528612089887488,1.8734,0,-2.4629,0.813,0,-3.211,0.741,0.0,-3.233,1
5007,0.0578013840664737,1.8895,0,-2.4717,0.772,0,-3.206,0.722,0.0,-3.235,1
5008,0.050447993022517804,1.9057,0,-2.4802,0.743,0,-3.205,0.704,0.0,-3.237,1
5009,0.049578221024962045,1.921,0,-2.4881,0.724,0,-3.206,0.687,0.0,-3.239,0
5010,0.06217716622683916,1.9364,0,-2.4958,0.725,0,-3.212,0.67,0.0,-3.241,1
5011,0.05325410782277747,1.9505,0,-2.5021,0.699,0,-3.214,0.655,0.0,-3.244,1
5012,0.05748912940721951,1.9628,0,-2.51,0.684,0,-3.207,0.64,0.0,-3.244,1
5013,0.05661271941887264,1.9802,0,-2.5193,0.667,0,-3.213,0.621,0.0,-3.246,1
5014,0.0476340214552584,1.9979,0,-2.5278,0.638,0,-3.219,0.601,0.0,-3.249,0
5015,0.06140032573203489,2.0148,0,-2.5358,0.636,0,-3.221,0.583,0.0,-3.252,1
5016,0.05440588203494182,2.0306,0,-2.5434,0.609,0,-3.223,0.565,0.0,-3.255,1
5017,0.04981967482832463,2.042,0,-2.5525,0.59,0,-3.222,0.551,0.0,-3.253,0
5018,0.04318564576337825,2.0521,0,-2.5614,0.57,0,-3.223,0.538,0.0,-3.252,0
5019,0.03780211634287146,2.0628,0,-2.5609,0.552,0,-3.228,0.529,0.0,-3.258,0
5020,0.04837354648979134,2.0781,0,-2.5672,0.555,0,-3.237,0.513,0.0,-3.261,0
5021,0.051623637996561327,2.0981,0,-2.5752,0.536,0,-3.239,0.492,0.0,-3.266,1
5022,0.05269724850502153,2.1211,0,-2.5906,0.508,0,-3.237,0.464,0.0,-3.266,1
5023,0.048259714048054424,2.1409,0,-2.5981,0.483,0,-3.244,0.443,0.0,-3.271,0
5024,0.04386342439892281,2.1595,0,-2.6083,0.454,0,-3.243,0.422,0.0,-3.273,0
5025,0.07762087348129991,2.1713,0,-2.6177,0.468,0,-3.224,0.407,0.0,-3.272,1
5026,0.07355270219373312,2.1776,0,-2.6239,0.45,0,-3.217,0.399,0.0,-3.27,1
5027,0.05556977595779924,2.1878,0,-2.6264,0.417,0,-3.226,0.389,0.0,-3.274,1
5028,0.042438190347846017,2.2023,0,-2.6313,0.398,0,-3.243,0.374,0.0,-3.278,0
5029,0.04860041152089124,2.2191,0,-2.6395,0.384,0,-3.241,0.355,0.0,-3.28,0
5030,0.0750066663703965,2.2365,0,-2.6482,0.391,0,-3.232,0.336,0.0,-3.283,1
5031,0.07424957912338631,2.2525,0,-2.6559,0.372,0,-3.234,0.319,0.0,-3.286,1
5032,0.07636753236814732,2.2716,0,-2.6653,0.352,0,-3.235,0.298,0.0,-3.289,1
5033,0.06952697318307473,2.2879,0,-2.6734,0.324,0,-3.238,0.279,0.0,-3.291,1
5034,0.05800862004909281,2.3015,0,-2.6797,0.299,0,-3.246,0.265,0.0,-3.293,1
5035,0.04401136216933081,2.3128,0,-2.6851,0.253,0,-3.251,0.252,0.0,-3.295,0
5036,0.04440720662234908,2.3128,0,-2.685,0.258,0,-3.251,0.252,0.0,-3.295,0
5037,0.04554119014694273,2.3127,0,-2.6851,0.259,0,-3.25,0.252,0.0,-3.295,0
5038,0.0475184174820666,2.3128,0,-2.685,0.259,0,-3.248,0.252,0.0,-3.295,0
5039,0.0475184174820666,2.3128,0,-2.6851,0.259,0,-3.248,0.252,0.0,-3.295,0
5040,0.044721359549995836,2.3127,0,-2.6851,0.26,0,-3.251,0.252,0.0,-3.295,0
5041,0.045705579528105694,2.3128,0,-2.6852,0.26,0,-3.25,0.252,0.0,-3.295,0
5042,0.04883646178829917,2.3128,0,-2.6851,0.261,0,-3.247,0.252,0.0,-3.295,0
5043,0.04687216658103169,2.3128,0,-2.685,0.261,0,-3.249,0.252,0.0,-3.295,0
5044,0.026172504656604936,2.3802,0,-2.3048,0.39,0,-3.63,0.409,0.0,-3.648,0
5045,0.02624880949681357,2.3801,0,-2.3046,0.39,0,-3.631,0.41,0.0,-3.648,0
5046,0.02549509756796413,2.3801,0,-2.3047,0.391,0,-3.631,0.41,0.0,-3.648,0
5047,0.026907248094147553,2.3801,0,-2.3046,0.39,0,-3.63,0.41,0.0,-3.648,0
5048,0.026907248094147407,2.3802,0,-2.3047,0.391,0,-3.628,0.409,0.0,-3.648,0
5049,0.02687005768508887,2.3801,0,-2.3046,0.391,0,-3.629,0.41,0.0,-3.648,0
5050,0.02549509756796413,2.3801,0,-2.3046,0.391,0,-3.631,0.41,0.0,-3.648,0
5051,0.02624880949681357,2.3801,0,-2.3046,0.39,0,-3.631,0.41,0.0,-3.648,0
5052,0.02765863337187879,2.38,0,-2.3045,0.389,0,-3.63,0.41,0.0,-3.648,0
5053,0.026907248094147553,2.3801,0,-2.3046,0.39,0,-3.63,0.41,0.0,-3.648,0
5054,0.028425340807103915,2.38,0,-2.3045,0.388,0,-3.63,0.41,0.0,-3.648,0
5055,0.028425340807103915,2.38,0,-2.3045,0.388,0,-3.63,0.41,0.0,-3.648,0
5056,0.026907248094147553,2.38,0,-2.3046,0.39,0,-3.63,0.41,0.0,-3.648,0
5057,0.02640075756488815,2.38,0,-2.3044,0.389,0,-3.632,0.41,0.0,-3.648,0
5058,0.02831960451701265,2.3799,0,-2.3045,0.389,0,-3.629,0.41,0.0,-3.648,0
5059,0.026172504656604936,2.38,0,-2.3045,0.391,0,-3.63,0.41,0.0,-3.648,0
5060,0.02687005768508887,2.38,0,-2.3045,0.391,0,-3.629,0.41,0.0,-3.648,0
5061,0.027586228448267507,2.3799,0,-2.3044,0.39,0,-3.629,0.41,0.0,-3.648,0
5062,0.02765863337187879,2.3799,0,-2.3044,0.389,0,-3.63,0.41,0.0,-3.648,0
5063,0.028425340807103915,2.3798,0,-2.3044,0.388,0,-3.63,0.41,0.0,-3.648,0
5064,0.02624880949681357,2.3798,0,-2.3044,0.39,0,-3.631,0.41,0.0,-3.648,0
5065,0.026907248094147553,2.3798,0,-2.3044,0.39,0,-3.63,0.41,0.0,-3.648,0
5066,0.02765863337187879,2.3797,0,-2.3042,0.389,0,-3.63,0.41,0.0,-3.648,0
5067,0.02831960451701265,2.3798,0,-2.3042,0.389,0,-3.629,0.41,0.0,-3.648,0
5068,0.027018512172212784,2.3797,0,-2.3043,0.389,0,-3.631,0.41,0.0,-3.648,0
5069,0.02831960451701265,2.3797,0,-2.3043,0.389,0,-3.629,0.41,0.0,-3.648,0
5070,0.028425340807103915,2.3797,0,-2.3042,0.388,0,-3.63,0.41,0.0,-3.648,0
5071,0.02765863337187879,2.3797,0,-2.3042,0.389,0,-3.63,0.41,0.0,-3.648,0
5072,0.02624880949681357,2.3796,0,-2.3041,0.39,0,-3.631,0.41,0.0,-3.648,0
5073,0.02758622844826743,2.3797,0,-2.3042,0.391,0,-3.628,0.41,0.0,-3.648,0
5074,0.026172504656604936,2.3797,0,-2.3041,0.391,0,-3.63,0.41,0.0,-3.648,0
5075,0.026172504656604867,2.3796,0,-2.3042,0.392,0,-3.629,0.41,0.0,-3.648,0
5076,0.026172504656604867,2.3797,0,-2.3042,0.392,0,-3.629,0.41,0.0,-3.648,0
5077,0.02765863337187879,2.3796,0,-2.3041,0.389,0,-3.63,0.41,0.0,-3.648,0
5078,0.028999999999999988,2.3795,0,-2.3041,0.389,0,-3.628,0.41,0.0,-3.648,0
5079,0.02941088233970566,2.3768,0,-2.3022,0.39,0,-3.631,0.414,0.0,-3.648,0
5080,0.03981205847478889,2.3659,0,-2.2957,0.39,0,-3.631,0.426,0.0,-3.648,0
5081,0.06016643582596529,2.3485,0,-2.2844,0.389,0,-3.631,0.447,0.0,-3.647,1
5082,0.07690253571892146,2.3268,0,-2.2708,0.398,0,-3.629,0.473,0.0,-3.646,1
5083,0.07543208866258448,2.306,0,-2.2573,0.425,0,-3.627,0.498,0.0,-3.646,1
5084,0.06694027188471825,2.288,0,-2.246,0.454,0,-3.629,0.519,0.0,-3.645,1
5085,0.08551023330572782,2.2721,0,-2.2359,0.454,0,-3.629,0.538,0.0,-3.645,1
5086,0.06791170738539863,2.2586,0,-2.2276,0.487,0,-3.628,0.553,0.0,-3.644,1
5087,0.05797413216254283,2.246,0,-2.2198,0.512,0,-3.628,0.568,0.0,-3.643,1
5088,0.052810983706043486,2.2336,0,-2.2117,0.533,0,-3.626,0.583,0.0,-3.643,1
5089,0.049648766349225576,2.2194,0,-2.2022,0.553,0,-3.627,0.6,0.0,-3.643,0
5090,0.06726812023536848,2.2046,0,-2.1925,0.552,0,-3.63,0.618,0.0,-3.643,1
5091,0.07021395872616787,2.1888,0,-2.1818,0.568,0,-3.63,0.637,0.0,-3.643,1
5092,0.06511528238439888,2.1727,0,-2.1714,0.592,0,-3.63,0.656,0.0,-3.642,1
5093,0.056293871780150335,2.1574,0,-2.1611,0.619,0,-3.63,0.674,0.0,-3.642,1
5094,0.05197114584074503,2.1425,0,-2.1514,0.641,0,-3.632,0.692,0.0,-3.642,1
5095,0.06946221994724898,2.1279,0,-2.1416,0.641,0,-3.634,0.71,0.0,-3.642,1
5096,0.0674759216313493,2.1136,0,-2.1322,0.66,0,-3.634,0.727,0.0,-3.642,1
5097,0.05913543776789002,2.0993,0,-2.1231,0.685,0,-3.637,0.744,0.0,-3.641,1
5098,0.05821511831131158,2.085,0,-2.114,0.703,0,-3.636,0.761,0.0,-3.641,1
5099,0.05333854141237842,2.0708,0,-2.1046,0.725,0,-3.635,0.778,0.0,-3.641,1
5100,0.06935416353759888,2.0574,0,-2.0957,0.725,0,-3.633,0.794,0.0,-3.64,1
5101,0.0664830805543787,2.044,0,-2.0863,0.744,0,-3.633,0.81,0.0,-3.641,1
5102,0.062289646009589715,2.0305,0,-2.077,0.765,0,-3.635,0.827,0.0,-3.641,1
5103,0.05830951894845297,2.017,0,-2.0677,0.785,0,-3.635,0.843,0.0,-3.641,1
5104,0.05100980297942733,2.004,0,-2.0589,0.808,0,-3.64,0.859,0.0,-3.641,1
5105,0.06606814663663567,1.9913,0,-2.0502,0.808,0,-3.638,0.874,0.0,-3.641,1
5106,0.06606814663663578,1.9784,0,-2.0412,0.824,0,-3.638,0.89,0.0,-3.641,1
5107,0.06103277807866856,1.9657,0,-2.0322,0.844,0,-3.64,0.905,0.0,-3.642,1
5108,0.055009090157900314,1.9532,0,-2.0238,0.866,0,-3.641,0.921,0.0,-3.642,1
5109,0.0540832691319599,1.9406,0,-2.0145,0.882,0,-3.645,0.936,0.0,-3.642,1
5110,0.07002856560004633,1.9279,0,-2.0053,0.882,0,-3.645,0.952,0.0,-3.643,1
5111,0.06603029607687666,1.9156,0,-1.997,0.901,0,-3.645,0.967,0.0,-3.643,1
5112,0.06207253821135393,1.9029,0,-1.9885,0.92,0,-3.646,0.982,0.0,-3.643,1
5113,0.05403702434442524,1.8907,0,-1.98,0.943,0,-3.645,0.997,0.0,-3.643,1
5114,0.05303772242470452,1.8786,0,-1.9711,0.959,0,-3.646,1.012,0.0,-3.644,1
5115,0.06811754546370555,1.8665,0,-1.9625,0.959,0,-3.648,1.027,0.0,-3.644,1
5116,0.06503076195155648,1.8544,0,-1.9534,0.977,0,-3.647,1.042,0.0,-3.645,1
5117,0.061008196170678514,1.8425,0,-1.9446,0.996,0,-3.646,1.057,0.0,-3.645,1
5118,0.05514526271584888,1.8305,0,-1.9362,1.016,0,-3.65,1.071,0.0,-3.646,1
5119,0.05632051136131497,1.8185,0,-1.9273,1.03,0,-3.652,1.086,0.0,-3.646,1
5120,0.0715681493403315,1.8066,0,-1.919,1.03,0,-3.655,1.101,0.0,-3.646,1
5121,0.06846897107449482,1.7953,0,-1.9102,1.047,0,-3.655,1.115,0.0,-3.647,1
5122,0.06350590523722965,1.7835,0,-1.902,1.066,0,-3.656,1.129,0.0,-3.648,1
5123,0.054918120870983717,1.7717,0,-1.8931,1.09,0,-3.658,1.144,0.0,-3.648,1
5124,0.05375872022286237,1.7591,0,-1.8841,1.107,0,-3.658,1.16,0.0,-3.649,1
5125,0.0680661443009665,1.7473,0,-1.8757,1.107,0,-3.661,1.174,0.0,-3.649,1
5126,0.06987131027825366,1.735,0,-1.8665,1.12,0,-3.661,1.189,0.0,-3.65,1
5127,0.06198386886924691,1.7233,0,-1.8585,1.143,0,-3.661,1.204,0.0,-3.65,1
5128,0.05943904440685445,1.7116,0,-1.8495,1.16,0,-3.664,1.218,0.0,-3.651,1
5129,0.05903388857258176,1.6998,0,-1.8404,1.175,0,-3.663,1.233,0.0,-3.652,1
5130,0.07368174807915451,1.6879,0,-1.831,1.175,0,-3.663,1.248,0.0,-3.653,1
5131,0.06576473218982944,1.6753,0,-1.8217,1.199,0,-3.663,1.264,0.0,-3.653,1
5132,0.06942621983083924,1.6627,0,-1.8123,1.212,0,-3.668,1.28,0.0,-3.654,1
5133,0.06768308503607096,1.65,0,-1.8027,1.23,0,-3.67,1.296,0.0,-3.655,1
5134,0.0628171950981575,1.6377,0,-1.7931,1.25,0,-3.671,1.311,0.0,-3.656,1
5135,0.0780896920214185,1.6252,0,-1.7839,1.25,0,-3.67,1.327,0.0,-3.657,1
5136,0.07550496672405077,1.6127,0,-1.7746,1.268,0,-3.672,1.342,0.0,-3.657,1
5137,0.07256721022610714,1.6,0,-1.7652,1.287,0,-3.673,1.358,0.0,-3.658,1
5138,0.06888396039717826,1.5874,0,-1.7556,1.307,0,-3.675,1.374,0.0,-3.659,1
5139,0.06621933252457303,1.5743,0,-1.7458,1.326,0,-3.677,1.39,0.0,-3.66,1
5140,0.08178630692236918,1.5612,0,-1.7362,1.326,0,-3.677,1.406,0.0,-3.66,1
5141,0.07983107164506796,1.5484,0,-1.7267,1.344,0,-3.678,1.422,0.0,-3.661,1
5142,0.0706045324324153,1.5361,0,-1.7169,1.37,0,-3.681,1.438,0.0,-3.662,1
5143,0.06985699678629198,1.5234,0,-1.7066,1.386,0,-3.68,1.454,0.0,-3.664,1
5144,0.06718630812896322,1.5115,0,-1.6969,1.405,0,-3.682,1.47,0.0,-3.665,1
5145,0.08139410298049862,1.499,0,-1.6871,1.405,0,-3.681,1.485,0.0,-3.666,1
5146,0.07858753081755386,1.4866,0,-1.6776,1.425,0,-3.687,1.501,0.0,-3.667,1
5147,0.07337574531137635,1.4744,0,-1.6679,1.447,0,-3.69,1.517,0.0,-3.668,1
5148,0.074040529441651,1.4622,0,-1.6583,1.461,0,-3.69,1.532,0.0,-3.669,1
5149,0.08732124598286488,1.4503,0,-1.6488,1.462,0,-3.691,1.547,0.0,-3.671,1
5150,0.07930952023559329,1.4379,0,-1.6388,1.486,0,-3.691,1.563,0.0,-3.672,1
5151,0.0807774721070176,1.4254,0,-1.6285,1.501,0,-3.695,1.579,0.0,-3.674,1
5152,0.07969943538068518,1.4129,0,-1.6184,1.519,0,-3.699,1.595,0.0,-3.675,1
5153,0.07186793443532367,1.4004,0,-1.608,1.544,0,-3.703,1.611,0.0,-3.677,1
5154,0.08792041856133301,1.388,0,-1.5983,1.544,0,-3.707,1.627,0.0,-3.678,1
5155,0.08570297544426328,1.3763,0,-1.5885,1.561,0,-3.707,1.642,0.0,-3.679,1
5156,0.08381527307120087,1.3645,0,-1.5786,1.578,0,-3.706,1.658,0.0,-3.681,1
5157,0.08065358020571696,1.3526,0,-1.5689,1.597,0,-3.709,1.673,0.0,-3.682,1
5158,0.08720665112249153,1.3397,0,-1.5578,1.612,0,-3.723,1.69,0.0,-3.684,1
5159,0.10511898020814314,1.3271,0,-1.5472,1.613,0,-3.735,1.706,0.0,-3.686,1
5160,0.10064790112068889,1.315,0,-1.537,1.633,0,-3.735,1.722,0.0,-3.688,1
5161,0.09956907150315308,1.3028,0,-1.527,1.655,0,-3.744,1.738,0.0,-3.689,1
5162,0.09381364506296509,1.291,0,-1.5172,1.677,0,-3.746,1.753,0.0,-3.691,1
5163,0.09481033698916999,1.2794,0,-1.5076,1.693,0,-3.75,1.768,0.0,-3.692,1
5164,0.10707007051459318,1.2677,0,-1.4972,1.693,0,-3.752,1.783,0.0,-3.694,1
5165,0.10568822072492273,1.2556,0,-1.4877,1.71,0,-3.752,1.799,0.0,-3.695,1
5166,0.09741663102366037,1.2435,0,-1.4779,1.735,0,-3.753,1.814,0.0,-3.696,1
5167,0.09720082304178289,1.2312,0,-1.468,1.752,0,-3.756,1.83,0.0,-3.698,1
5168,0.10020977996183804,1.2191,0,-1.4575,1.765,0,-3.759,1.846,0.0,-3.7,1
5169,0.11320777358467934,1.2075,0,-1.4478,1.765,0,-3.761,1.861,0.0,-3.701,1
5170,0.10515227054134399,1.1962,0,-1.4375,1.787,0,-3.759,1.876,0.0,-3.703,1
5171,0.10043903623591754,1.1842,0,-1.427,1.81,0,-3.763,1.892,0.0,-3.705,1
5172,0.10381233067415453,1.1726,0,-1.4168,1.823,0,-3.768,1.907,0.0,-3.707,1
5173,0.09940321926376418,1.1608,0,-1.4065,1.843,0,-3.768,1.923,0.0,-3.709,1
5174,0.11741379816699564,1.1493,0,-1.3963,1.843,0,-3.78,1.938,0.0,-3.711,1
5175,0.10999999999999997,1.1378,0,-1.3862,1.865,0,-3.779,1.953,0.0,-3.713,1
5176,0.10980892495603467,1.1261,0,-1.3761,1.882,0,-3.782,1.969,0.0,-3.715,1
5177,0.107298648640139,1.1143,0,-1.3657,1.901,0,-3.785,1.984,0.0,-3.717,1
5178,0.10771258050942804,1.1019,0,-1.3556,1.919,0,-3.789,2.0,0.0,-3.718,1
5179,0.12182774724995926,1.0892,0,-1.3445,1.918,0,-3.792,2.017,0.0,-3.721,1
5180,0.11682893477217021,1.0766,0,-1.3333,1.938,0,-3.791,2.033,0.0,-3.723,1
5181,0.11682465493208152,1.0639,0,-1.3228,1.958,0,-3.796,2.05,0.0,-3.724,1
5182,0.11433722053644635,1.0521,0,-1.3125,1.977,0,-3.799,2.065,0.0,-3.726,1
5183,0.1071680922663083,1.0397,0,-1.3016,2.0,0,-3.797,2.082,0.0,-3.728,1
5184,0.08276472678623419,1.159,0,-1.4063,1.907,0,-3.789,1.924,0.0,-3.708,1
5185,0.08200609733428381,1.1722,0,-1.4185,1.885,0,-3.785,1.907,0.0,-3.706,1
5186,0.08273451516749206,1.1803,0,-1.4259,1.885,0,-3.786,1.896,0.0,-3.704,1
5187,0.08899999999999963,1.1804,0,-1.4261,1.857,0,-3.784,1.896,0.0,-3.704,1
5188,0.08905054744357267,1.1786,0,-1.4243,1.847,0,-3.778,1.898,0.0,-3.705,1
5189,0.0998649087517731,1.1763,0,-1.4233,1.843,0,-3.786,1.9,0.0,-3.704,1
5190,0.0960208310732622,1.1753,0,-1.4225,1.846,0,-3.782,1.902,0.0,-3.704,1
5191,0.0960208310732622,1.1754,0,-1.4225,1.846,0,-3.782,1.902,0.0,-3.704,1
5192,0.08521150157109074,1.1755,0,-1.4227,1.851,0,-3.773,1.901,0.0,-3.704,1
5193,0.0876184911990614,1.1745,0,-1.4219,1.849,0,-3.773,1.903,0.0,-3.704,1
5194,0.10230347012687312,1.1698,0,-1.4201,1.843,0,-3.782,1.908,0.0,-3.703,1
5195,0.1167775663387449,1.1612,0,-1.4167,1.838,0,-3.787,1.917,0.0,-3.701,1
5196,0.12024142381059875,1.15,0,-1.413,1.845,0,-3.785,1.928,0.0,-3.698,1
5197,0.08521150157109086,1.1388,0,-1.4096,1.87,0,-3.744,1.939,0.0,-3.694,1
5198,0.056142675390472845,1.1286,0,-1.4055,1.894,0,-3.688,1.95,0.0,-3.692,1
5199,0.057428216061444874,1.1201,0,-1.4004,1.903,0,-3.685,1.96,0.0,-3.692,1
5200,0.06603029607687676,1.1129,0,-1.396,1.902,0,-3.689,1.968,0.0,-3.691,1
5201,0.0640078120232211,1.1066,0,-1.3925,1.911,0,-3.69,1.975,0.0,-3.691,1
5202,0.058008620049092754,1.1005,0,-1.3888,1.925,0,-3.689,1.983,0.0,-3.69,1
5203,0.05900847396772788,1.0933,0,-1.3846,1.932,0,-3.689,1.991,0.0,-3.69,1
5204,0.05830951894845308,1.0864,0,-1.38,1.941,0,-3.696,1.999,0.0,-3.69,1
5205,0.0715681493403315,1.0794,0,-1.3746,1.937,0,-3.699,2.008,0.0,-3.69,1
5206,0.07355270219373311,1.0716,0,-1.3697,1.944,0,-3.699,2.017,0.0,-3.69,1
5207,0.06774215821775949,1.0641,0,-1.3652,1.959,0,-3.699,2.026,0.0,-3.689,1
5208,0.061400325732034744,1.0569,0,-1.3609,1.973,0,-3.696,2.034,0.0,-3.689,1
5209,0.05930430001273109,1.0498,0,-1.3567,1.984,0,-3.694,2.043,0.0,-3.688,1
5210,0.0672681202353687,1.0428,0,-1.3524,1.984,0,-3.694,2.051,0.0,-3.688,1
5211,0.06537583651472474,1.0357,0,-1.3482,1.994,0,-3.695,2.059,0.0,-3.688,1
5212,0.06637017402418072,1.0284,0,-1.3433,2.002,0,-3.695,2.068,0.0,-3.688,1
5213,0.06338769596696209,1.0208,0,-1.3384,2.014,0,-3.694,2.077,0.0,-3.687,1
5214,0.06152235366108804,1.0134,0,-1.3335,2.025,0,-3.695,2.086,0.0,-3.687,1
5215,0.07200694410957893,1.0061,0,-1.3286,2.024,0,-3.699,2.095,0.0,-3.687,1
5216,0.06609841147864291,0.9997,0,-1.3244,2.037,0,-3.699,2.102,0.0,-3.687,1
5217,0.06264982043070823,0.994,0,-1.3207,2.047,0,-3.696,2.109,0.0,-3.687,1
5218,0.06198386886924691,0.9885,0,-1.3171,2.055,0,-3.698,2.116,0.0,-3.687,1
5219,0.057271284253105466,0.9829,0,-1.3135,2.066,0,-3.699,2.122,0.0,-3.687,1
5220,0.06378871373526845,0.9772,0,-1.3098,2.066,0,-3.697,2.129,0.0,-3.687,1
5221,0.06413267497929602,0.9708,0,-1.3057,2.074,0,-3.698,2.137,0.0,-3.686,1
5222,0.06198386886924691,0.9646,0,-1.302,2.083,0,-3.697,2.144,0.0,-3.686,1
5223,0.06281719509815761,0.9577,0,-1.2976,2.091,0,-3.701,2.152,0.0,-3.686,1
5224,0.06281719509815761,0.9511,0,-1.2931,2.099,0,-3.701,2.16,0.0,-3.686,1
5225,0.07040596565632773,0.9447,0,-1.2888,2.099,0,-3.7,2.168,0.0,-3.686,1
5226,0.06670832032063165,0.938,0,-1.2841,2.111,0,-3.701,2.176,0.0,-3.686,1
5227,0.06403124237432876,0.9313,0,-1.2797,2.122,0,-3.702,2.184,0.0,-3.686,1
5228,0.06236184731067548,0.9251,0,-1.2754,2.131,0,-3.703,2.191,0.0,-3.686,1
5229,0.059774576535513844,0.9185,0,-1.2712,2.142,0,-3.704,2.199,0.0,-3.686,1
5230,0.06894925670375279,0.9126,0,-1.2669,2.142,0,-3.709,2.207,0.0,-3.686,1
5231,0.06612866246946164,0.9061,0,-1.2629,2.152,0,-3.709,2.214,0.0,-3.686,1
5232,0.06539113089708723,0.9001,0,-1.259,2.161,0,-3.711,2.221,0.0,-3.685,1
5233,0.06800000000000006,0.8942,0,-1.2549,2.169,0,-3.718,2.229,0.0,-3.686,1
5234,0.0704556598152344,0.888,0,-1.2509,2.178,0,-3.725,2.236,0.0,-3.685,1
5235,0.07479304780526053,0.882,0,-1.247,2.178,0,-3.722,2.243,0.0,-3.685,1
5236,0.07306161783043143,0.8759,0,-1.243,2.187,0,-3.722,2.25,0.0,-3.685,1
5237,0.07742092740338374,0.8699,0,-1.239,2.195,0,-3.73,2.258,0.0,-3.685,1
5238,0.07700649323271387,0.8639,0,-1.2351,2.204,0,-3.732,2.265,0.0,-3.685,1
5239,0.07621679604916505,0.8573,0,-1.2305,2.213,0,-3.732,2.273,0.0,-3.685,1
5240,0.08241965784932602,0.8511,0,-1.226,2.213,0,-3.733,2.28,0.0,-3.685,1
5241,0.08080222769206302,0.845,0,-1.2218,2.223,0,-3.733,2.288,0.0,-3.685,1
5242,0.08121576201698767,0.8385,0,-1.2173,2.232,0,-3.736,2.296,0.0,-3.686,1
5243,0.08300602387778863,0.8216,0,-1.2051,2.25,0,-3.735,2.317,0.0,-3.686,1
5244,0.08105553651663801,0.8047,0,-1.1934,2.274,0,-3.737,2.337,0.0,-3.686,1
5245,0.08221921916437792,0.7894,0,-1.1831,2.294,0,-3.74,2.356,0.0,-3.686,1
5246,0.08287943049997419,0.7741,0,-1.173,2.312,0,-3.741,2.374,0.0,-3.686,1
5247,0.08015609770940697,0.7591,0,-1.1622,2.331,0,-3.739,2.392,0.0,-3.687,1
5248,0.0793977329651169,0.7529,0,-1.1579,2.34,0,-3.739,2.4,0.0,-3.687,1
5249,0.08072174428244248,0.7469,0,-1.1538,2.347,0,-3.741,2.407,0.0,-3.687,1
5250,0.08683317338436985,0.7407,0,-1.1491,2.347,0,-3.741,2.415,0.0,-3.687,1
5251,0.08438601779915927,0.7345,0,-1.145,2.358,0,-3.742,2.422,0.0,-3.687,1
5252,0.08213403679352434,0.7288,0,-1.141,2.368,0,-3.742,2.429,0.0,-3.687,1
5253,0.08207313811473284,0.723,0,-1.1369,2.376,0,-3.743,2.436,0.0,-3.687,1
5254,0.08683317338436958,0.7172,0,-1.1326,2.376,0,-3.742,2.444,0.0,-3.688,1
5255,0.08514693182963241,0.7114,0,-1.1292,2.385,0,-3.742,2.45,0.0,-3.687,1
5256,0.08287943049997357,0.7059,0,-1.1251,2.395,0,-3.743,2.457,0.0,-3.688,1
5257,0.08280700453464065,0.6999,0,-1.1208,2.404,0,-3.744,2.465,0.0,-3.688,1
5258,0.08275868534480232,0.6942,0,-1.1168,2.412,0,-3.745,2.472,0.0,-3.688,1
5259,0.08732124598286506,0.6883,0,-1.1124,2.412,0,-3.744,2.479,0.0,-3.688,1
5260,0.08591274643497324,0.682,0,-1.1082,2.42,0,-3.743,2.486,0.0,-3.688,1
5261,0.08579627031520692,0.6762,0,-1.1035,2.429,0,-3.745,2.494,0.0,-3.689,1
5262,0.08363013810822019,0.6702,0,-1.0993,2.438,0,-3.744,2.501,0.0,-3.689,1
5263,0.08345058418010018,0.664,0,-1.0947,2.449,0,-3.747,2.509,0.0,-3.689,1
5264,0.09002777349240637,0.6579,0,-1.0898,2.449,0,-3.749,2.517,0.0,-3.69,1
5265,0.09002777349240637,0.6519,0,-1.0852,2.456,0,-3.749,2.524,0.0,-3.69,1
5266,0.0870459648691427,0.6461,0,-1.081,2.467,0,-3.75,2.531,0.0,-3.691,1
5267,0.08627861844049188,0.6404,0,-1.0771,2.476,0,-3.751,2.538,0.0,-3.691,1
5268,0.0862786184404922,0.6354,0,-1.0729,2.485,0,-3.753,2.545,0.0,-3.691,1
5269,0.09124143795447331,0.6303,0,-1.0692,2.485,0,-3.755,2.551,0.0,-3.692,1
5270,0.08909545442950459,0.6251,0,-1.0657,2.494,0,-3.755,2.557,0.0,-3.692,1
5271,0.08769264507357509,0.6193,0,-1.0612,2.502,0,-3.753,2.565,0.0,-3.692,1
5272,0.0883911760301898,0.6128,0,-1.0567,2.51,0,-3.754,2.573,0.0,-3.692,1
5273,0.08909545442950491,0.6068,0,-1.052,2.517,0,-3.756,2.58,0.0,-3.693,1
5274,0.09360555539069258,0.6008,0,-1.0475,2.517,0,-3.754,2.588,0.0,-3.693,1
5275,0.09060905032059444,0.5948,0,-1.0432,2.528,0,-3.754,2.595,0.0,-3.693,1
5276,0.09055385138137426,0.589,0,-1.0385,2.537,0,-3.756,2.603,0.0,-3.694,1
5277,0.09052071586106693,0.5833,0,-1.0343,2.545,0,-3.757,2.61,0.0,-3.694,1
5278,0.08909545442950523,0.5774,0,-1.0299,2.554,0,-3.758,2.617,0.0,-3.695,1
5279,0.08909545442950523,0.5625,0,-1.0188,2.573,0,-3.758,2.636,0.0,-3.695,1
5280,0.09417536832951567,0.5566,0,-1.0146,2.573,0,-3.759,2.643,0.0,-3.696,1
5281,0.09196738552334696,0.5511,0,-1.0103,2.583,0,-3.759,2.65,0.0,-3.696,1
5282,0.09404786015641155,0.5456,0,-1.0063,2.591,0,-3.763,2.657,0.0,-3.696,1
5283,0.09055385138137424,0.5398,0,-1.0018,2.602,0,-3.763,2.664,0.0,-3.697,1
5284,0.09360555539069225,0.5343,0,-0.9977,2.61,0,-3.768,2.671,0.0,-3.697,1
5285,0.09616652224137055,0.5286,0,-0.9936,2.61,0,-3.765,2.678,0.0,-3.697,1
5286,0.09406912352095134,0.5228,0,-0.9895,2.62,0,-3.765,2.685,0.0,-3.697,1
5287,0.09406912352095165,0.5169,0,-0.9847,2.627,0,-3.766,2.692,0.0,-3.698,1
5288,0.08993886812718975,0.5111,0,-0.9803,2.64,0,-3.766,2.7,0.0,-3.699,1
5289,0.09284934033152832,0.5056,0,-0.9754,2.646,0,-3.77,2.707,0.0,-3.7,1
5290,0.09900505037623059,0.4997,0,-0.9704,2.646,0,-3.771,2.715,0.0,-3.7,1
5291,0.09759098319004673,0.4932,0,-0.9654,2.655,0,-3.771,2.723,0.0,-3.701,1
5292,0.09411163583744574,0.4872,0,-0.9607,2.666,0,-3.77,2.73,0.0,-3.701,1
5293,0.09343446901438471,0.4816,0,-0.9558,2.675,0,-3.771,2.738,0.0,-3.702,1
5294,0.09308598175880205,0.4764,0,-0.9519,2.685,0,-3.775,2.744,0.0,-3.703,1
5295,0.09841239759298608,0.4708,0,-0.948,2.685,0,-3.776,2.751,0.0,-3.703,1
5296,0.09501578816175722,0.4657,0,-0.9436,2.696,0,-3.776,2.758,0.0,-3.704,1
5297,0.0944933860119318,0.4611,0,-0.9398,2.704,0,-3.777,2.764,0.0,-3.704,1
5298,0.09386160024205831,0.4553,0,-0.9355,2.712,0,-3.777,2.771,0.0,-3.704,1
5299,0.09640020746865628,0.4495,0,-0.9312,2.72,0,-3.782,2.778,0.0,-3.705,1
5300,0.1006578362572929,0.4436,0,-0.9264,2.72,0,-3.781,2.786,0.0,-3.705,1
5301,0.09990495483208059,0.4377,0,-0.9218,2.727,0,-3.781,2.793,0.0,-3.706,1
5302,0.09667471230885571,0.4319,0,-0.9171,2.74,0,-3.782,2.801,0.0,-3.707,1
5303,0.09761659694949393,0.4262,0,-0.9123,2.748,0,-3.784,2.808,0.0,-3.707,1
5304,0.09560334722173655,0.4204,0,-0.9074,2.758,0,-3.784,2.816,0.0,-3.708,1
5305,0.0992471662063958,0.4147,0,-0.9026,2.758,0,-3.784,2.823,0.0,-3.709,1
5306,0.09849365461794973,0.4089,0,-0.898,2.765,0,-3.783,2.83,0.0,-3.709,1
5307,0.09963934965664926,0.4034,0,-0.894,2.775,0,-3.788,2.837,0.0,-3.71,1
5308,0.09920181449953441,0.398,0,-0.8894,2.784,0,-3.789,2.844,0.0,-3.71,1
5309,0.09700515450222226,0.393,0,-0.8851,2.792,0,-3.788,2.851,0.0,-3.711,1
5310,0.10065783625729285,0.3876,0,-0.881,2.792,0,-3.788,2.858,0.0,-3.712,1
5311,0.09935793878699352,0.382,0,-0.8766,2.801,0,-3.788,2.865,0.0,-3.712,1
5312,0.09948869282486306,0.3762,0,-0.8718,2.809,0,-3.79,2.872,0.0,-3.713,1
5313,0.10060318086422519,0.3707,0,-0.8673,2.818,0,-3.794,2.879,0.0,-3.714,1
5314,0.10080178569846865,0.3649,0,-0.8628,2.827,0,-3.795,2.887,0.0,-3.714,1
5315,0.10358571330062873,0.3593,0,-0.8579,2.827,0,-3.794,2.894,0.0,-3.715,1
5316,0.10542295765154737,0.3538,0,-0.8534,2.836,0,-3.799,2.901,0.0,-3.716,1
5317,0.10360019305001288,0.3485,0,-0.8492,2.846,0,-3.799,2.908,0.0,-3.716,1
5318,0.10322790320451161,0.3431,0,-0.8442,2.855,0,-3.801,2.915,0.0,-3.717,1
5319,0.10080178569846865,0.3374,0,-0.8396,2.862,0,-3.799,2.922,0.0,-3.718,1
5320,0.10423531071570727,0.3316,0,-0.834,2.862,0,-3.798,2.93,0.0,-3.719,1
5321,0.10435037134576935,0.3257,0,-0.829,2.871,0,-3.8,2.938,0.0,-3.72,1
5322,0.10621205204683698,0.3202,0,-0.8244,2.88,0,-3.805,2.945,0.0,-3.721,1
5323,0.10707474025184467,0.3152,0,-0.8199,2.891,0,-3.81,2.952,0.0,-3.722,1
5324,0.1092016483392081,0.3102,0,-0.8154,2.892,0,-3.81,2.958,0.0,-3.723,1
5325,0.10999999999999997,0.3048,0,-0.811,2.899,0,-3.811,2.965,0.0,-3.723,1
5326,0.10881176406988328,0.3,0,-0.8072,2.908,0,-3.812,2.972,0.0,-3.724,1
5327,0.10683164325236222,0.295,0,-0.8025,2.916,0,-3.812,2.978,0.0,-3.725,1
5328,0.10789810007595148,0.2892,0,-0.7981,2.925,0,-3.814,2.986,0.0,-3.725,1
5329,0.11121151019566285,0.2834,0,-0.7932,2.925,0,-3.814,2.993,0.0,-3.726,1
5330,0.11360017605620153,0.2768,0,-0.7879,2.934,0,-3.818,3.002,0.0,-3.727,1
5331,0.1198540779448074,0.2706,0,-0.7843,2.94,0,-3.824,3.009,0.0,-3.726,1
5332,0.12455520864259358,0.2641,0,-0.7808,2.949,0,-3.83,3.016,0.0,-3.725,1
5333,0.10700467279516342,0.2485,0,-0.7699,2.97,0,-3.811,3.035,0.0,-3.726,1
5334,0.09436630754670865,0.2422,0,-0.7652,2.982,0,-3.798,3.043,0.0,-3.726,1
5335,0.09972462083156798,0.2355,0,-0.761,2.982,0,-3.798,3.051,0.0,-3.726,1
5336,0.09835141076771615,0.2291,0,-0.7563,2.992,0,-3.798,3.059,0.0,-3.726,1
5337,0.095671312314612,0.2227,0,-0.7517,3.004,0,-3.798,3.067,0.0,-3.726,1
5338,0.095671312314612,0.2161,0,-0.7471,3.012,0,-3.799,3.075,0.0,-3.727,1
5339,0.10080178569846865,0.2092,0,-0.7442,3.022,0,-3.806,3.082,0.0,-3.725,1
5340,0.1027277956543408,0.2023,0,-0.741,3.022,0,-3.801,3.09,0.0,-3.724,1
5341,0.10000499987500593,0.1959,0,-0.7366,3.032,0,-3.8,3.097,0.0,-3.724,1
5342,0.08910667763978146,0.1891,0,-0.7324,3.043,0,-3.788,3.105,0.0,-3.724,1
5343,0.08700000000000016,0.1828,0,-0.7284,3.053,0,-3.786,3.113,0.0,-3.723,1
5344,0.08631338250816026,0.1762,0,-0.7231,3.062,0,-3.787,3.121,0.0,-3.724,1
5345,0.09135097153287425,0.1694,0,-0.7181,3.062,0,-3.785,3.13,0.0,-3.724,1
5346,0.08919641248391096,0.1621,0,-0.7128,3.073,0,-3.785,3.139,0.0,-3.725,1
5347,0.09193475947648924,0.1555,0,-0.7083,3.083,0,-3.791,3.147,0.0,-3.725,1
5348,0.09068627239003682,0.1494,0,-0.7045,3.094,0,-3.792,3.154,0.0,-3.724,1
5349,0.09013878188659959,0.143,0,-0.7004,3.103,0,-3.793,3.161,0.0,-3.724,1
5350,0.09476286192385701,0.1371,0,-0.6956,3.103,0,-3.793,3.169,0.0,-3.725,1
5351,0.09343446901438471,0.1306,0,-0.6921,3.113,0,-3.793,3.176,0.0,-3.724,1
5352,0.09417536832951597,0.1244,0,-0.6879,3.121,0,-3.794,3.184,0.0,-3.724,1
5353,0.09078546139112782,0.1185,0,-0.6838,3.132,0,-3.793,3.191,0.0,-3.724,1
5354,0.09013878188659959,0.1124,0,-0.6801,3.14,0,-3.793,3.198,0.0,-3.724,1
5355,0.09333809511662436,0.1055,0,-0.676,3.14,0,-3.789,3.206,0.0,-3.723,1
5356,0.08980534505250772,0.0975,0,-0.6731,3.15,0,-3.784,3.214,0.0,-3.721,1
5357,0.09124143795447331,0.0895,0,-0.6686,3.158,0,-3.784,3.224,0.0,-3.721,1
5358,0.08207313811473284,0.0823,0,-0.6638,3.172,0,-3.777,3.232,0.0,-3.721,1
5359,0.08348652585896713,0.0754,0,-0.6589,3.18,0,-3.778,3.241,0.0,-3.721,1
5360,0.08886506625215558,0.0688,0,-0.6545,3.18,0,-3.777,3.249,0.0,-3.721,1
5361,0.08786353054595496,0.0621,0,-0.6507,3.19,0,-3.778,3.256,0.0,-3.72,1
5362,0.08627861844049158,0.0557,0,-0.6466,3.202,0,-3.78,3.264,0.0,-3.72,1
5363,0.08556284240252891,0.0492,0,-0.6429,3.211,0,-3.78,3.271,0.0,-3.719,1
5364,0.09265527507918818,-0.1477,0,-0.5163,3.441,0,-3.781,3.505,0.0,-3.714,1
5365,0.0990050503762309,-0.1604,0,-0.5095,3.449,0,-3.782,3.52,0.0,-3.713,1
5366,0.10744766167767465,-0.1705,0,-0.5002,3.449,0,-3.782,3.533,0.0,-3.715,1
5367,0.10420172743289814,-0.1818,0,-0.4914,3.465,0,-3.779,3.548,0.0,-3.716,1
5368,0.10340696301506945,-0.1931,0,-0.4837,3.479,0,-3.779,3.561,0.0,-3.716,1
5369,0.10186265262597452,-0.2035,0,-0.4759,3.5,0,-3.786,3.574,0.0,-3.716,1
5370,0.10056838469419663,-0.2164,0,-0.4665,3.515,0,-3.784,3.59,0.0,-3.717,1
5371,0.10980892495603406,-0.227,0,-0.4607,3.515,0,-3.783,3.602,0.0,-3.716,1
5372,0.10406248123123003,-0.2341,0,-0.4562,3.534,0,-3.785,3.611,0.0,-3.715,1
5373,0.09687620966986683,-0.2397,0,-0.4524,3.549,0,-3.784,3.617,0.0,-3.715,1
5374,0.09835141076771615,-0.2464,0,-0.4503,3.557,0,-3.785,3.624,0.0,-3.713,1
5375,0.09604686356149256,-0.2515,0,-0.4486,3.569,0,-3.787,3.629,0.0,-3.712,1
5376,0.10206860437960351,-0.258,0,-0.4468,3.569,0,-3.787,3.636,0.0,-3.71,1
5377,0.09831073186585465,-0.2634,0,-0.4456,3.573,0,-3.779,3.641,0.0,-3.708,1
5378,0.09334880824091948,-0.2665,0,-0.4434,3.58,0,-3.775,3.645,0.0,-3.708,1
5379,0.0954620343382644,-0.2744,0,-0.4385,3.587,0,-3.775,3.654,0.0,-3.707,1
5380,0.10255242561733943,-0.2861,0,-0.4296,3.595,0,-3.779,3.669,0.0,-3.708,1
5381,0.11588356225108015,-0.3003,0,-0.4217,3.595,0,-3.78,3.685,0.0,-3.707,1
5382,0.11720068259186868,-0.3171,0,-0.4072,3.613,0,-3.779,3.707,0.0,-3.709,1
5383,0.11649892703368582,-0.3269,0,-0.3937,3.626,0,-3.781,3.722,0.0,-3.715,1
5384,0.10480458005259162,-0.334,0,-0.3878,3.654,0,-3.646,3.732,0.0,-3.716,1
5385,0.09552486587271385,-0.343,0,-0.381,3.673,0,-3.652,3.743,0.0,-3.717,1
5386,0.10000499987500626,-0.3477,0,-0.3771,3.673,0,-3.652,3.749,0.0,-3.717,1
5387,0.09831073186585497,-0.3521,0,-0.3738,3.686,0,-3.647,3.754,0.0,-3.718,1
5388,1.416780152317218,-0.3569,0,-0.37,3.69,0,-2.303,3.761,0.0,-3.718,1
5389,1.4157316129831956,-0.3612,0,-0.3668,3.696,0,-2.304,3.766,0.0,-3.718,1
5390,1.418490042263251,-0.3617,0,-0.3664,3.702,0,-2.301,3.767,0.0,-3.718,1
5391,1.4184445706477218,-0.3613,0,-0.3668,3.702,0,-2.301,3.766,0.0,-3.718,1
5392,1.4169181345441237,-0.3613,0,-0.3667,3.715,0,-2.302,3.766,0.0,-3.718,1
5393,1.417067747145492,-0.3615,0,-0.3668,3.711,0,-2.302,3.766,0.0,-3.718,1
5394,1.4181865180574802,-0.3602,0,-0.3676,3.707,0,-2.301,3.765,0.0,-3.718,1
5395,1.4166834508809651,-0.353,0,-0.3731,3.712,0,-2.302,3.756,0.0,-3.718,1
5396,1.4152388490993313,-0.3387,0,-0.384,3.712,0,-2.302,3.738,0.0,-3.717,1
5397,1.4110797284349315,-0.3251,0,-0.3976,3.704,0,-2.302,3.719,0.0,-3.713,1
5398,1.4050430598383812,-0.313,0,-0.4122,3.69,0,-2.303,3.701,0.0,-3.708,1
5399,0.08041144197189827,-0.2969,0,-0.4217,3.667,0,-3.788,3.682,0.0,-3.709,1
5400,0.06800735254367728,-0.2847,0,-0.4269,3.668,0,-3.779,3.669,0.0,-3.711,1
5401,0.07354590403278757,-0.2723,0,-0.4384,3.667,0,-3.781,3.652,0.0,-3.709,1
5402,1.4080355109158291,-0.255,0,-0.4477,3.623,0,-2.303,3.633,0.0,-3.711,1
5403,1.4170031757198005,-0.235,0,-0.4573,3.608,0,-2.297,3.611,0.0,-3.714,1
5404,1.0380582835274716,-0.2236,0,-0.4705,3.583,0,-2.671,3.594,0.0,-3.709,1
5405,0.08174350127074338,-0.2079,0,-0.4793,3.555,0,-3.79,3.576,0.0,-3.711,1
5406,0.07840918313565093,-0.1972,0,-0.4866,3.555,0,-3.789,3.563,0.0,-3.711,1
5407,0.0833606621854695,-0.1869,0,-0.495,3.535,0,-3.792,3.55,0.0,-3.71,1
5408,0.08336066218546959,-0.1737,0,-0.5051,3.518,0,-3.791,3.533,0.0,-3.709,1
5409,0.08697700845625804,-0.1599,0,-0.5174,3.502,0,-3.792,3.515,0.0,-3.706,1
5410,0.08276472678623419,-0.1439,0,-0.5274,3.479,0,-3.788,3.496,0.0,-3.707,1
5411,0.08100617260431452,-0.1271,0,-0.5373,3.478,0,-3.789,3.477,0.0,-3.708,1
5412,0.06926037828369115,-0.1127,0,-0.5488,3.452,0,-3.776,3.458,0.0,-3.707,1
5413,0.08796590248499679,-0.1,0,-0.5593,3.429,0,-3.792,3.442,0.0,-3.705,1
5414,0.09257429448826475,-0.0881,0,-0.5691,3.409,0,-3.795,3.426,0.0,-3.704,1
5415,0.09121403400793111,-0.0753,0,-0.5786,3.386,0,-3.791,3.41,0.0,-3.703,1
5416,0.08927485648266252,-0.0614,0,-0.5889,3.386,0,-3.791,3.393,0.0,-3.702,1
5417,0.08302409288875101,-0.0474,0,-0.5993,3.374,0,-3.784,3.376,0.0,-3.701,1
5418,0.08130190649671135,-0.0329,0,-0.61,3.351,0,-3.782,3.358,0.0,-3.701,1
5419,0.08161494961096276,-0.0182,0,-0.6211,3.329,0,-3.781,3.339,0.0,-3.7,1
5420,0.0804114419718987,-0.0037,0,-0.6317,3.306,0,-3.778,3.321,0.0,-3.699,1
5421,0.08005623023850181,0.0108,0,-0.6424,3.306,0,-3.778,3.303,0.0,-3.698,1
5422,0.0781024967590664,0.0254,0,-0.6525,3.282,0,-3.776,3.286,0.0,-3.698,1
5423,0.07416872656315447,0.0401,0,-0.6625,3.263,0,-3.772,3.268,0.0,-3.698,1
5424,0.0755380698720852,0.0545,0,-0.6725,3.241,0,-3.773,3.25,0.0,-3.698,1
5425,0.07531268153505082,0.0684,0,-0.6832,3.219,0,-3.771,3.233,0.0,-3.697,1
5426,0.07510659092250134,0.0828,0,-0.6933,3.219,0,-3.771,3.215,0.0,-3.696,1
5427,0.0740067564483134,0.0978,0,-0.7039,3.196,0,-3.77,3.197,0.0,-3.696,1
5428,0.07502666192761094,0.1127,0,-0.7148,3.176,0,-3.77,3.178,0.0,-3.695,1
5429,0.06760177512462243,0.1267,0,-0.725,3.152,0,-3.762,3.161,0.0,-3.695,1
5430,0.06530696746902281,0.1403,0,-0.7364,3.13,0,-3.757,3.143,0.0,-3.693,1
5431,0.05721887800367984,0.1537,0,-0.7465,3.132,0,-3.749,3.127,0.0,-3.692,1
5432,0.05100980297942755,0.169,0,-0.7557,3.11,0,-3.744,3.109,0.0,-3.693,1
5433,0.04801041553663126,0.1848,0,-0.7651,3.09,0,-3.742,3.091,0.0,-3.694,0
5434,0.047265209192385596,0.2007,0,-0.7741,3.067,0,-3.743,3.072,0.0,-3.696,0
5435,0.047853944456021806,0.2162,0,-0.7829,3.046,0,-3.744,3.055,0.0,-3.697,0
5436,0.04785394445602172,0.2314,0,-0.7916,3.046,0,-3.745,3.037,0.0,-3.698,0
5437,0.04709564735726663,0.2456,0,-0.8008,3.023,0,-3.746,3.02,0.0,-3.699,0
5438,0.049162994213127795,0.2599,0,-0.8094,3.0,0,-3.748,3.004,0.0,-3.699,0
5439,0.04669047011971483,0.2755,0,-0.8178,2.978,0,-3.747,2.986,0.0,-3.701,0
5440,0.04632493928760184,0.2916,0,-0.8276,2.956,0,-3.747,2.967,0.0,-3.702,0
5441,0.04554119014694319,0.307,0,-0.8366,2.956,0,-3.748,2.949,0.0,-3.703,0
5442,0.04701063709417234,0.3221,0,-0.8458,2.933,0,-3.751,2.932,0.0,-3.704,0
5443,0.0553263047744924,0.3373,0,-0.8532,2.909,0,-3.761,2.915,0.0,-3.706,1
5444,0.054129474410897396,0.3529,0,-0.8602,2.887,0,-3.762,2.898,0.0,-3.709,1
5445,0.07891767862779528,0.3897,0,-0.8852,2.842,0,-3.787,2.854,0.0,-3.709,1
5446,0.07930952023559315,0.4042,0,-0.8963,2.842,0,-3.787,2.835,0.0,-3.708,1
5447,0.0800249960949703,0.4177,0,-0.9073,2.82,0,-3.787,2.818,0.0,-3.707,1
5448,0.08100617260431452,0.4311,0,-0.9175,2.8,0,-3.787,2.801,0.0,-3.706,1
5449,0.08115417426109388,0.4453,0,-0.9283,2.778,0,-3.786,2.783,0.0,-3.705,1
5450,0.07566372975210754,0.4595,0,-0.9391,2.756,0,-3.779,2.766,0.0,-3.704,1
5451,0.07641989269817122,0.4737,0,-0.95,2.756,0,-3.779,2.748,0.0,-3.703,1
5452,0.07905694150420922,0.4864,0,-0.961,2.734,0,-3.78,2.731,0.0,-3.701,1
5453,0.07915806970865338,0.4991,0,-0.9733,2.709,0,-3.777,2.714,0.0,-3.698,1
5454,0.07324616030891992,0.5135,0,-0.9832,2.69,0,-3.77,2.696,0.0,-3.697,1
5455,0.055578772926361174,0.5288,0,-0.9926,2.67,0,-3.753,2.678,0.0,-3.698,1
5456,0.055901699437494866,0.544,0,-1.0027,2.67,0,-3.753,2.66,0.0,-3.698,1
5457,0.05608029957123987,0.5594,0,-1.0125,2.645,0,-3.755,2.642,0.0,-3.699,1
5458,0.05603570290448766,0.5743,0,-1.0226,2.622,0,-3.755,2.624,0.0,-3.699,1
5459,0.05842088667591391,0.5888,0,-1.033,2.599,0,-3.756,2.606,0.0,-3.698,1
5460,0.05943904440685457,0.6034,0,-1.0424,2.575,0,-3.757,2.588,0.0,-3.699,1
5461,0.05813776741499481,0.618,0,-1.0522,2.575,0,-3.757,2.571,0.0,-3.699,1
5462,0.058000000000000274,0.6339,0,-1.0625,2.552,0,-3.757,2.552,0.0,-3.699,1
5463,0.05807753438292668,0.6482,0,-1.0726,2.531,0,-3.757,2.534,0.0,-3.699,1
5464,0.05656854249492385,0.6627,0,-1.0826,2.509,0,-3.755,2.517,0.0,-3.699,1
5465,0.060016664352494815,0.6764,0,-1.0928,2.489,0,-3.757,2.5,0.0,-3.698,1
5466,0.05953990258641695,0.6915,0,-1.1032,2.489,0,-3.757,2.481,0.0,-3.698,1
5467,0.058034472514187474,0.7058,0,-1.1129,2.466,0,-3.756,2.464,0.0,-3.698,1
5468,0.060133185513491685,0.7205,0,-1.1228,2.442,0,-3.758,2.446,0.0,-3.698,1
5469,0.05787054518492105,0.7353,0,-1.1332,2.418,0,-3.754,2.428,0.0,-3.697,1
5470,0.0602079728939612,0.7498,0,-1.1437,2.398,0,-3.756,2.41,0.0,-3.697,1
5471,0.0592114853723496,0.7642,0,-1.1538,2.398,0,-3.756,2.393,0.0,-3.697,1
5472,0.06199999999999983,0.7782,0,-1.1635,2.376,0,-3.758,2.376,0.0,-3.696,1
5473,0.06113100686231164,0.7931,0,-1.174,2.354,0,-3.757,2.358,0.0,-3.696,1
5474,0.060299253726724934,0.8083,0,-1.1843,2.333,0,-3.756,2.339,0.0,-3.696,1
5475,0.06281719509815761,0.8225,0,-1.1951,2.306,0,-3.756,2.321,0.0,-3.695,1
5476,0.06103277807866846,0.8366,0,-1.2053,2.306,0,-3.755,2.304,0.0,-3.694,1
5477,0.061008196170678514,0.8505,0,-1.2157,2.286,0,-3.755,2.287,0.0,-3.694,1
5478,0.06419501538281622,0.8647,0,-1.2263,2.264,0,-3.757,2.269,0.0,-3.693,1
5479,0.06264982043070816,0.879,0,-1.2369,2.242,0,-3.754,2.251,0.0,-3.692,1
5480,0.06621933252457325,0.8929,0,-1.2473,2.217,0,-3.755,2.234,0.0,-3.691,1
5481,0.06600757532283684,0.9066,0,-1.258,2.216,0,-3.756,2.217,0.0,-3.69,1
5482,0.06312685640834624,0.9208,0,-1.2686,2.195,0,-3.752,2.199,0.0,-3.689,1
5483,0.059211485372349555,0.9348,0,-1.2791,2.176,0,-3.747,2.181,0.0,-3.688,1
5484,0.05770615218501396,0.9493,0,-1.2896,2.154,0,-3.745,2.163,0.0,-3.688,1
5485,0.055785302723925304,0.9645,0,-1.3001,2.131,0,-3.742,2.145,0.0,-3.688,1
5486,0.05514526271584911,0.9794,0,-1.3104,2.131,0,-3.742,2.127,0.0,-3.687,1
5487,0.05303772242470485,0.9948,0,-1.3216,2.11,0,-3.74,2.108,0.0,-3.687,1
5488,0.05514526271584911,1.0092,0,-1.3321,2.086,0,-3.741,2.09,0.0,-3.686,1
5489,0.054129474410897396,1.0235,0,-1.3428,2.061,0,-3.738,2.072,0.0,-3.685,1
5490,0.05440588203494182,1.0387,0,-1.3532,2.038,0,-3.737,2.054,0.0,-3.685,1
5491,0.0520864665724217,1.0541,0,-1.3637,2.038,0,-3.737,2.035,0.0,-3.685,1
5492,0.03901281840626246,1.0689,0,-1.3737,2.016,0,-3.724,2.017,0.0,-3.685,0
5493,0.03373425558686595,1.084,0,-1.3843,1.992,0,-3.718,1.999,0.0,-3.685,0
5494,0.02973213749463704,1.0982,0,-1.3947,1.971,0,-3.712,1.981,0.0,-3.684,0
5495,0.030000000000000023,1.1124,0,-1.4046,1.946,0,-3.708,1.964,0.0,-3.684,0
5496,0.025000000000000355,1.1269,0,-1.4153,1.946,0,-3.708,1.946,0.0,-3.683,0
5497,0.025495097567964253,1.1418,0,-1.4257,1.923,0,-3.708,1.928,0.0,-3.683,0
5498,0.02657066051117273,1.1562,0,-1.4358,1.901,0,-3.707,1.91,0.0,-3.682,0
5499,0.025059928172283554,1.17,0,-1.4455,1.881,0,-3.704,1.893,0.0,-3.682,0
5500,0.026419689627245876,1.1839,0,-1.4557,1.863,0,-3.704,1.876,0.0,-3.681,0
5501,0.02137755832643186,1.1976,0,-1.4656,1.863,0,-3.702,1.859,0.0,-3.681,0
5502,0.02039607805437116,1.2117,0,-1.4756,1.838,0,-3.701,1.842,0.0,-3.681,0
5503,0.01902629759044014,1.2262,0,-1.4863,1.823,0,-3.699,1.824,0.0,-3.68,0
5504,0.014317821063276668,1.2407,0,-1.4969,1.8,0,-3.692,1.806,0.0,-3.679,0
5505,0.012806248474865708,1.2551,0,-1.5073,1.778,0,-3.687,1.788,0.0,-3.679,0
5506,0.008246211251235275,1.2699,0,-1.5172,1.778,0,-3.677,1.77,0.0,-3.679,0
5507,0.0064031242374327675,1.2846,0,-1.5254,1.759,0,-3.676,1.754,0.0,-3.68,0
5508,0.005385164807134406,1.2994,0,-1.5345,1.738,0,-3.676,1.736,0.0,-3.681,0
5509,0.005999999999999783,1.3148,0,-1.5436,1.718,0,-3.676,1.718,0.0,-3.682,0
5510,0.009433981132056552,1.3308,0,-1.5533,1.695,0,-3.675,1.7,0.0,-3.683,0
5511,0.015264337522473857,1.3461,0,-1.5627,1.695,0,-3.676,1.682,0.0,-3.684,0
5512,0.008246211251235383,1.3606,0,-1.5719,1.673,0,-3.682,1.665,0.0,-3.684,0
5513,0.0040000000000000036,1.3758,0,-1.5815,1.647,0,-3.681,1.647,0.0,-3.685,0
5514,0.009219544457292787,1.3914,0,-1.5904,1.631,0,-3.677,1.629,0.0,-3.686,0
5515,0.022825424421026728,1.4072,0,-1.5993,1.631,0,-3.677,1.611,0.0,-3.688,0
5516,0.006000000000000005,1.4235,0,-1.6075,1.599,0,-3.69,1.593,0.0,-3.69,0
5517,0.006708203932499424,1.4393,0,-1.6163,1.581,0,-3.694,1.575,0.0,-3.691,0
5518,0.001000000000000334,1.4532,0,-1.626,1.558,0,-3.692,1.558,0.0,-3.691,0
5519,0.003605551275463777,1.4679,0,-1.6352,1.543,0,-3.694,1.54,0.0,-3.692,0
5520,0.022022715545545253,1.4834,0,-1.6456,1.544,0,-3.693,1.522,0.0,-3.692,0
5521,0.015524174696260145,1.4989,0,-1.6551,1.518,0,-3.689,1.503,0.0,-3.693,0
5522,0.009219544457292957,1.5147,0,-1.6654,1.492,0,-3.687,1.485,0.0,-3.693,0
5523,0.005656854249492385,1.5293,0,-1.6752,1.471,0,-3.689,1.467,0.0,-3.693,0
5524,0.007000000000000117,1.5435,0,-1.6842,1.45,0,-3.687,1.45,0.0,-3.694,0
5525,0.019313207915828023,1.5584,0,-1.6936,1.451,0,-3.687,1.433,0.0,-3.694,0
5526,0.019209372712298476,1.5732,0,-1.7029,1.43,0,-3.683,1.415,0.0,-3.695,0
5527,0.019697715603592025,1.5883,0,-1.7122,1.405,0,-3.677,1.397,0.0,-3.695,0
5528,0.018788294228055853,1.6041,0,-1.7216,1.387,0,-3.68,1.379,0.0,-3.697,0
5529,0.0129999999999999,1.6194,0,-1.7313,1.361,0,-3.684,1.361,0.0,-3.697,0
5530,0.02080865204668492,1.6347,0,-1.7408,1.36,0,-3.686,1.343,0.0,-3.698,0
5531,0.014866068747318481,1.6496,0,-1.749,1.34,0,-3.694,1.326,0.0,-3.699,0
5532,0.01414213562373112,1.6646,0,-1.7587,1.318,0,-3.69,1.308,0.0,-3.7,0
5533,0.007071067811865419,1.68,0,-1.7683,1.297,0,-3.699,1.29,0.0,-3.7,0
5534,0.0060827625302982795,1.6949,0,-1.7788,1.278,0,-3.699,1.272,0.0,-3.7,0
5535,0.025019992006393533,1.7093,0,-1.7888,1.279,0,-3.699,1.254,0.0,-3.7,0
5536,0.013341664064126263,1.7238,0,-1.7986,1.25,0,-3.697,1.237,0.0,-3.7,0
5537,0.01486606874731863,1.7384,0,-1.8082,1.233,0,-3.695,1.219,0.0,-3.7,0
5538,0.013416407864998849,1.7532,0,-1.8177,1.214,0,-3.694,1.202,0.0,-3.7,0
5539,0.014317821063276559,1.7687,0,-1.8276,1.186,0,-3.687,1.183,0.0,-3.701,0
5540,0.02640075756488811,1.7842,0,-1.837,1.186,0,-3.686,1.165,0.0,-3.702,0
5541,0.019849433241279236,1.7987,0,-1.8471,1.163,0,-3.689,1.148,0.0,-3.702,0
5542,0.012806248474865535,1.8129,0,-1.8566,1.138,0,-3.692,1.13,0.0,-3.702,0
5543,0.013000000000000053,1.8273,0,-1.8661,1.118,0,-3.69,1.113,0.0,-3.702,0
5544,0.020615528128088013,1.8428,0,-1.8751,1.103,0,-3.684,1.095,0.0,-3.703,0
5545,0.03420526275297429,1.8589,0,-1.8853,1.103,0,-3.683,1.076,0.0,-3.704,0
5546,0.028425340807103957,1.8741,0,-1.8951,1.08,0,-3.686,1.058,0.0,-3.704,0
5547,0.024758836806280153,1.8889,0,-1.9047,1.058,0,-3.686,1.041,0.0,-3.704,0
5548,0.021260291625469316,1.9035,0,-1.9139,1.037,0,-3.689,1.023,0.0,-3.705,0
5549,0.018027756377319733,1.9181,0,-1.9229,1.007,0,-3.688,1.006,0.0,-3.706,0
5550,0.02617250465660483,1.9331,0,-1.9321,1.007,0,-3.687,0.989,0.0,-3.706,0
5551,0.027018512172212877,1.9491,0,-1.9413,0.987,0,-3.687,0.97,0.0,-3.708,0
5552,0.027018512172212877,1.9642,0,-1.9507,0.969,0,-3.687,0.952,0.0,-3.708,0
5553,0.01702938636592626,1.9799,0,-1.9601,0.945,0,-3.696,0.934,0.0,-3.709,0
5554,0.01216552506059645,1.9947,0,-1.9688,0.919,0,-3.698,0.917,0.0,-3.71,0
5555,0.025238858928247825,2.0096,0,-1.9782,0.92,0,-3.697,0.899,0.0,-3.711,0
5556,0.046647615158762444,2.025,0,-1.9877,0.921,0,-3.688,0.881,0.0,-3.712,0
5557,0.034132096331752335,2.0403,0,-1.9972,0.881,0,-3.683,0.863,0.0,-3.712,0
5558,0.02549509756796403,2.0557,0,-2.0073,0.862,0,-3.694,0.845,0.0,-3.713,0
5559,0.018788294228055853,2.0708,0,-2.0171,0.835,0,-3.696,0.827,0.0,-3.713,0
5560,0.026076809620810406,2.0857,0,-2.0253,0.832,0,-3.701,0.81,0.0,-3.715,0
5561,0.01562049935181318,2.1017,0,-2.0319,0.805,0,-3.708,0.793,0.0,-3.718,0
5562,0.022203603311174717,2.1173,0,-2.0401,0.788,0,-3.702,0.775,0.0,-3.72,0
5563,0.009899494936611753,2.1319,0,-2.0505,0.765,0,-3.713,0.758,0.0,-3.72,0
5564,0.008944271909999168,2.1459,0,-2.0616,0.736,0,-3.726,0.74,0.0,-3.718,0
5565,0.016643316977093193,2.1604,0,-2.0727,0.736,0,-3.726,0.722,0.0,-3.717,0
5566,0.014999999999999946,2.1738,0,-2.0833,0.716,0,-3.725,0.704,0.0,-3.716,0
5567,0.007810249675906761,2.1877,0,-2.0935,0.692,0,-3.721,0.687,0.0,-3.715,0
5568,0.005385164807134818,2.2031,0,-2.1047,0.67,0,-3.72,0.668,0.0,-3.715,0
5569,0.011704699910719324,2.2161,0,-2.1166,0.647,0,-3.723,0.651,0.0,-3.712,0
5570,0.017029386365926488,2.2292,0,-2.1276,0.647,0,-3.721,0.634,0.0,-3.71,0
5571,0.013601470508735456,2.244,0,-2.1379,0.629,0,-3.714,0.616,0.0,-3.71,0
5572,0.01341640786499865,2.2592,0,-2.1476,0.61,0,-3.704,0.598,0.0,-3.71,0
5573,0.012206555615733531,2.2738,0,-2.1573,0.587,0,-3.701,0.58,0.0,-3.711,0
5574,0.009999999999999787,2.2894,0,-2.1678,0.561,0,-3.701,0.561,0.0,-3.711,0
5575,0.019697715603592226,2.3045,0,-2.1776,0.561,0,-3.703,0.543,0.0,-3.711,0
5576,0.009000000000000008,2.3124,0,-2.1899,0.539,0,-3.705,0.53,0.0,-3.705,0
5577,0.0,2.3225,0,-2.1991,0.516,0,-3.703,0.516,0.0,-3.703,0
5578,0.014000000000000234,2.3361,0,-2.2087,0.5,0,-3.717,0.5,0.0,-3.703,0
5579,0.013000000000000345,2.3521,0,-2.2197,0.48,0,-3.716,0.48,0.0,-3.703,0
5580,0.026248809496813283,2.3673,0,-2.2316,0.481,0,-3.718,0.461,0.0,-3.701,0
5581,0.023853720883753086,2.3844,0,-2.243,0.461,0,-3.715,0.441,0.0,-3.702,0
5582,0.017888543819998336,2.4046,0,-2.2502,0.436,0,-3.715,0.42,0.0,-3.707,0
5583,0.010770329614268966,2.4226,0,-2.2586,0.41,0,-3.714,0.4,0.0,-3.71,0
5584,0.03199999999999997,2.4353,0,-2.2699,0.415,0,-3.708,0.383,0.0,-3.708,0
5585,0.03560898762952974,2.4424,0,-2.2763,0.396,0,-3.678,0.374,0.0,-3.706,0
5586,0.05412947441089737,2.4463,0,-2.2795,0.38,0,-3.653,0.369,0.0,-3.706,1
5587,0.0637887137352681,2.4519,0,-2.2831,0.377,0,-3.644,0.362,0.0,-3.706,1
5588,0.0830060238777885,2.4607,0,-2.2893,0.382,0,-3.629,0.351,0.0,-3.706,1
5589,0.07884795495128581,2.353,0,-2.255,0.384,0,-3.695,0.46,0.0,-3.674,1
5590,0.10008995953640899,2.3416,0,-2.2419,0.384,0,-3.715,0.477,0.0,-3.678,1
5591,0.066007575322837,2.3284,0,-2.2295,0.429,0,-3.68,0.495,0.0,-3.681,1
5592,0.07800640999302559,2.3174,0,-2.2238,0.429,0,-3.681,0.507,0.0,-3.68,1
5593,0.05280151512977639,2.3114,0,-2.2211,0.471,0,-3.647,0.513,0.0,-3.679,1
5594,0.04545327270945383,2.3104,0,-2.2206,0.485,0,-3.644,0.514,0.0,-3.679,0
5595,0.03939543120718445,2.311,0,-2.221,0.498,0,-3.643,0.514,0.0,-3.679,0
5596,0.03640054944640241,2.3112,0,-2.2211,0.5,0,-3.645,0.513,0.0,-3.679,0
5597,0.03801315561749626,2.3082,0,-2.2196,0.5,0,-3.644,0.517,0.0,-3.678,0
5598,0.04640043103248077,2.2973,0,-2.2129,0.493,0,-3.65,0.53,0.0,-3.678,0
5599,0.06530696746902281,2.2798,0,-2.2012,0.487,0,-3.665,0.551,0.0,-3.678,1
5600,0.0777817459305202,2.2591,0,-2.1873,0.499,0,-3.667,0.576,0.0,-3.678,1
5601,0.06552098900352468,2.2397,0,-2.1756,0.535,0,-3.658,0.598,0.0,-3.676,1
5602,0.07885429601486522,2.2282,0,-2.1689,0.534,0,-3.658,0.611,0.0,-3.675,1
5603,0.0503289181286466,2.2286,0,-2.1691,0.564,0,-3.658,0.611,0.0,-3.676,1
5604,0.029000000000000026,2.2324,0,-2.1713,0.586,0,-3.656,0.607,0.0,-3.676,0
5605,0.021470910553584004,2.2357,0,-2.1734,0.593,0,-3.657,0.603,0.0,-3.676,0
5606,0.02483948469674855,2.2378,0,-2.1745,0.584,0,-3.657,0.6,0.0,-3.676,0
5607,0.02483948469674855,2.2382,0,-2.1747,0.584,0,-3.657,0.6,0.0,-3.676,0
5608,0.026907248094147594,2.238,0,-2.1747,0.58,0,-3.658,0.6,0.0,-3.676,0
5609,0.027018512172212825,2.2381,0,-2.1746,0.579,0,-3.659,0.6,0.0,-3.676,0
5610,0.02765863337187883,2.2379,0,-2.1746,0.579,0,-3.658,0.6,0.0,-3.676,0
5611,0.02831960451701269,2.238,0,-2.1746,0.579,0,-3.657,0.6,0.0,-3.676,0
5612,0.02831960451701269,2.2381,0,-2.1747,0.579,0,-3.657,0.6,0.0,-3.676,0
5613,0.02765863337187883,2.2379,0,-2.1747,0.579,0,-3.658,0.6,0.0,-3.676,0
5614,0.029068883707497363,2.238,0,-2.1747,0.578,0,-3.657,0.6,0.0,-3.676,0
5615,0.028600699292150405,2.238,0,-2.1747,0.577,0,-3.659,0.6,0.0,-3.676,0
5616,0.027018512172212825,2.238,0,-2.1747,0.579,0,-3.659,0.6,0.0,-3.676,0
5617,0.028425340807103957,2.238,0,-2.1746,0.578,0,-3.658,0.6,0.0,-3.676,0
5618,0.02983286778035269,2.2381,0,-2.1747,0.577,0,-3.657,0.6,0.0,-3.676,0
5619,0.026248809496813613,2.2381,0,-2.1747,0.58,0,-3.659,0.6,0.0,-3.676,0
5620,0.028425340807103957,2.238,0,-2.1747,0.578,0,-3.658,0.6,0.0,-3.676,0
5621,0.02765863337187883,2.238,0,-2.1747,0.579,0,-3.658,0.6,0.0,-3.676,0
5622,0.029068883707497363,2.2381,0,-2.1747,0.578,0,-3.657,0.6,0.0,-3.676,0
5623,0.028425340807103957,2.2381,0,-2.1747,0.578,0,-3.658,0.6,0.0,-3.676,0
5624,0.028425340807103957,2.238,0,-2.1747,0.578,0,-3.658,0.6,0.0,-3.676,0
5625,0.02765863337187883,2.238,0,-2.1747,0.579,0,-3.658,0.6,0.0,-3.676,0
5626,0.02920616373302063,2.238,0,-2.1747,0.577,0,-3.658,0.6,0.0,-3.676,0
5627,0.02983286778035269,2.2381,0,-2.1747,0.577,0,-3.657,0.6,0.0,-3.676,0
5628,0.02831960451701269,2.238,0,-2.1748,0.579,0,-3.657,0.6,0.0,-3.676,0
5629,0.029068883707497363,2.2382,0,-2.1747,0.578,0,-3.657,0.6,0.0,-3.676,0
5630,0.028425340807103957,2.2381,0,-2.1747,0.578,0,-3.658,0.6,0.0,-3.676,0
5631,0.028425340807103957,2.2381,0,-2.1747,0.578,0,-3.658,0.6,0.0,-3.676,0
5632,0.026907248094147594,2.2381,0,-2.1746,0.58,0,-3.658,0.6,0.0,-3.676,0
5633,0.02920616373302063,2.238,0,-2.1747,0.577,0,-3.658,0.6,0.0,-3.676,0
5634,0.02765863337187883,2.2381,0,-2.1747,0.579,0,-3.658,0.6,0.0,-3.676,0
5635,0.028425340807103957,2.2381,0,-2.1747,0.578,0,-3.658,0.6,0.0,-3.676,0
5636,0.02920616373302063,2.238,0,-2.1747,0.577,0,-3.658,0.6,0.0,-3.676,0
5637,0.02983286778035269,2.2381,0,-2.1749,0.577,0,-3.657,0.6,0.0,-3.676,0
5638,0.028425340807103957,2.238,0,-2.1747,0.578,0,-3.658,0.6,0.0,-3.676,0
5639,0.029068883707497363,2.2381,0,-2.1748,0.578,0,-3.657,0.6,0.0,-3.676,0
5640,0.026907248094147594,2.2382,0,-2.1748,0.58,0,-3.658,0.6,0.0,-3.676,0
5641,0.026907248094147594,2.2382,0,-2.1747,0.58,0,-3.658,0.6,0.0,-3.676,0
5642,0.02765863337187883,2.238,0,-2.1747,0.579,0,-3.658,0.6,0.0,-3.676,0
5643,0.029068883707497363,2.2381,0,-2.1748,0.578,0,-3.657,0.6,0.0,-3.676,0
5644,0.028425340807103957,2.2381,0,-2.1748,0.578,0,-3.658,0.6,0.0,-3.676,0
5645,0.02765863337187883,2.2381,0,-2.1748,0.579,0,-3.658,0.6,0.0,-3.676,0
5646,0.02765863337187883,2.2381,0,-2.1748,0.579,0,-3.658,0.6,0.0,-3.676,0
5647,0.02765863337187883,2.2381,0,-2.1747,0.579,0,-3.658,0.6,0.0,-3.676,0
5648,0.029068883707497363,2.2382,0,-2.1747,0.578,0,-3.657,0.6,0.0,-3.676,0
5649,0.028425340807103957,2.2382,0,-2.1748,0.578,0,-3.658,0.6,0.0,-3.676,0
5650,0.02765863337187883,2.2381,0,-2.1748,0.579,0,-3.658,0.6,0.0,-3.676,0
5651,0.02765863337187883,2.2382,0,-2.1749,0.579,0,-3.658,0.6,0.0,-3.676,0
5652,0.027018512172212825,2.238,0,-2.1749,0.579,0,-3.659,0.6,0.0,-3.676,0
5653,0.02983286778035269,2.2382,0,-2.1749,0.577,0,-3.657,0.6,0.0,-3.676,0
5654,0.026248809496813613,2.2382,0,-2.1748,0.58,0,-3.659,0.6,0.0,-3.676,0
5655,0.028425340807103957,2.2381,0,-2.1748,0.578,0,-3.658,0.6,0.0,-3.676,0
5656,0.028425340807103957,2.2382,0,-2.1748,0.578,0,-3.658,0.6,0.0,-3.676,0
5657,0.027018512172212825,2.2381,0,-2.1748,0.579,0,-3.659,0.6,0.0,-3.676,0
5658,0.029068883707497363,2.2382,0,-2.1748,0.578,0,-3.657,0.6,0.0,-3.676,0
5659,0.026907248094147594,2.2382,0,-2.1749,0.58,0,-3.658,0.6,0.0,-3.676,0
5660,0.02687005768508891,2.2381,0,-2.1749,0.581,0,-3.657,0.6,0.0,-3.676,0
5661,0.027586228448267545,2.2382,0,-2.1749,0.58,0,-3.657,0.6,0.0,-3.676,0
5662,0.028600699292150405,2.2382,0,-2.1747,0.577,0,-3.659,0.6,0.0,-3.676,0
5663,0.02983286778035269,2.2381,0,-2.1748,0.577,0,-3.657,0.6,0.0,-3.676,0
5664,0.026907248094147594,2.2382,0,-2.1749,0.58,0,-3.658,0.6,0.0,-3.676,0
5665,0.028425340807103957,2.2382,0,-2.1748,0.578,0,-3.658,0.6,0.0,-3.676,0
5666,0.028425340807103957,2.2381,0,-2.1749,0.578,0,-3.658,0.6,0.0,-3.676,0
5667,0.02765863337187883,2.2381,0,-2.1748,0.579,0,-3.658,0.6,0.0,-3.676,0
5668,0.027018512172212825,2.2383,0,-2.1749,0.579,0,-3.659,0.6,0.0,-3.676,0
5669,0.029068883707497363,2.2382,0,-2.1749,0.578,0,-3.657,0.6,0.0,-3.676,0
5670,0.02983286778035269,2.2382,0,-2.1749,0.577,0,-3.657,0.6,0.0,-3.676,0
5671,0.029068883707497363,2.2382,0,-2.1749,0.578,0,-3.657,0.6,0.0,-3.676,0
5672,0.028017851452243826,2.2382,0,-2.1748,0.577,0,-3.66,0.6,0.0,-3.676,0
5673,0.026907248094147594,2.2382,0,-2.1748,0.58,0,-3.658,0.6,0.0,-3.676,0
5674,0.02765863337187883,2.2382,0,-2.1749,0.579,0,-3.658,0.6,0.0,-3.676,0
5675,0.02983286778035269,2.2381,0,-2.1749,0.577,0,-3.657,0.6,0.0,-3.676,0
5676,0.029068883707497363,2.2382,0,-2.1749,0.578,0,-3.657,0.6,0.0,-3.676,0
5677,0.02920616373302063,2.2382,0,-2.1749,0.577,0,-3.658,0.6,0.0,-3.676,0
5678,0.029410882339705704,2.2382,0,-2.1749,0.576,0,-3.659,0.6,0.0,-3.676,0
5679,0.026172504656604978,2.2383,0,-2.175,0.581,0,-3.658,0.6,0.0,-3.676,0
