:020000040800F2
:10000000885A0020DD010008772F0008FD2A00082B
:10001000732F0008712600087752000800000000C6
:100020000000000000000000000000004501000882
:100030007526000800000000890100080140000842
:10004000F7010008F7010008F7010008F7010008B0
:10005000F7010008F7010008F7010008F7010008A0
:10006000F7010008F7010008F7010008F701000890
:10007000F7010008F7010008F7010008F701000880
:10008000F7010008F7010008F7010008F701000870
:10009000F7010008F7010008F7010008F701000860
:1000A000F7010008F7010008F7010008F701000850
:1000B000F7010008F7010008F7010008F701000840
:1000C000F7010008F7010008F7010008F701000830
:1000D000F7010008914D0008E94E0008D94F0008CB
:1000E000F7010008F7010008F7010008F701000810
:1000F000F7010008F7010008F7010008F701000800
:10010000F7010008F7010008F7010008F7010008EF
:100110006D4B0008C54C0008F7010008F701000806
:10012000F7010008F7010008F7010008F7010008CF
:10013000DFF80CD000F088FC00480047C15D0008E3
:10014000885A0020224B19680868B0E8F00F80F345
:100150000988BFF36F8F4FF0000080F311884EF0D5
:100160000D0E70470000000006480068006880F32C
:10017000088862B661B6BFF34F8FBFF36F8F00DFA1
:1001800000BF00BF08ED00E0EFF30980BFF36F8F01
:100190000F4B1A6820E9F00F106008B54FF05000BF
:1001A00080F31188BFF34F8FBFF36F8F07F0A2F971
:1001B0004FF0000080F31188BDE808401968086816
:1001C000B0E8F00F80F30988BFF36F8F704700BF6E
:1001D000B0000020EFF3058070470000064880471C
:1001E00006480047FEE7FEE7FEE7FEE7FEE7FEE71C
:1001F000FEE7FEE7FEE7FEE71140000831010008D8
:1002000040EA01039B0703D009E008C9121F08C098
:10021000042AFAD203E011F8013B00F8013B521E18
:10022000F9D27047F0B480EA0102D40F4200B2EB79
:10023000410F02D20246084611464A0042D0C30D81
:10024000DDB2C1F3C752AD1A202D35DAC1F3160164
:1002500041F4000204B15242C5F1200602FA06F14F
:100260002A411044B3EBD05F23D0C4B1012DA0EBE1
:10027000C35009DCF0BC4FF0004202EAC352DBB2CB
:1002800000F5000000F03EBB400000F1807000EB84
:10029000C350A0F1807040EAD170490009E04908DC
:1002A00041EAC071A0EBC35000F50000400800EB2C
:1002B000C350F0BC00F01DBB6142012202EB4101C2
:1002C000001BF6E7F0BC704781F00041AAE780F020
:1002D0000040A7E780EA010210B502F000434000A9
:1002E00022D04A001FD0010E01EB1261C0F356006C
:1002F000C2F3560240F4000042F40002A0FB0220C8
:1003000000047F39140400D0401C50EA124001D48C
:100310004000491EC2B20C0604EBD010401C40083D
:10032000802A02D003E0002010BD20F00100002947
:1003300000DA0020184310BD30B480EA010202F058
:10034000004530F0004221F0004013D090B1C30DC1
:10035000D40DC2F31601C0F31600E41A41F40001F3
:1003600040F400027D34914201D3641C00E0490056
:10037000002C02DA30BC002070474FF4000000234C
:10038000914201D3891A034340084FEA4101F7D152
:1003900051B1914202D14FF0004105E002D24FF03D
:1003A000010101E06FF0010103EBC450284430BCAF
:1003B00000F09FBA2DE9FE4F804681EA0300C00F8E
:1003C0000C46009021F0004123F00045B8EB0200FC
:1003D000A94105D24046214690461C460B4602469E
:1003E00023F00040104347D0270DC7F30A00C3F3A2
:1003F0000A510290401A019040286BDAC3F31300AF
:1004000040F4801B0098924620B10023D2EB030AEF
:1004100063EB0B0B01985946C0F14002504600F0C7
:1004200037FA06460D4650465946019A00F04FFAF3
:1004300010EB08006141002487EA115284EAE77357
:100440001A4340D0009A62B3019A012A4FEA075238
:1004500015DC001B61EB02014FF0004202EA07527B
:10046000CDE90042001C41F5801132462B4600F0D8
:1004700086FA03B0BDE8F08F40462146F9E7001B3D
:1004800061EB0201001C41F5801300185B4120184C
:10049000A2F5001747EB030140EAD570B6196D418C
:1004A00011E06D084FEA360645EAC0754FEA07527B
:1004B000001B61EB0201001C41F5801149084FEA65
:1004C00030000019514132462B4603B0BDE8F04FD1
:1004D00000F046BA0098012240000023D0EB02024F
:1004E00063EBE073009821464FEAE074B8EB00003C
:1004F00061EB0401E9E783F000435BE781F0004131
:1005000058E72DE9FE4F81EA030404F0004421F08E
:10051000004100944FF0000B23F0004350EA010427
:100520005ED052EA03045BD0C3F30A54C1F30A5508
:100530002C44A4F2F3340194A0FB0254C1F3130140
:1005400041F48011C3F3130343F4801301FB02440D
:1005500000FB034E840A970A44EA815447EA835712
:10056000A4FB076802958D0A05FB07854FEA932CCB
:1005700004FB0C542705029D4FEA065847EA16373C
:10058000B5EB08056EEB070C870E920E47EA811754
:1005900042EA8312A7FB0201B6EB0B0164EB0004F5
:1005A0002B0D43EA0C335E1844EB1C50DA465146DF
:1005B000E7FB0201C5F313044FEA0B3343EA14537C
:1005C0004FEA0432019C43EA0603A4F10C040294AE
:1005D000009CCDE900B400F0D2F903B0BDE8F08F83
:1005E00000200146F9E72DE9F04D81EA030404F00B
:1005F000004B21F0004514464FF0000A23F0004163
:1006000050EA050220D054EA01021DD0C5F30A5772
:100610000246C5F31303C1F31300C1F30A5640F4B5
:10062000801543F48013A7EB0608101BD64608F28A
:10063000FD3873EB050002D308F1010801E09218C0
:100640005B41B8F1000F03DA00200146BDE8F08DF0
:1006500000204FF48011064684460EE0171B73EB12
:10066000050705D3121B63EB050306434CEA010C97
:1006700049084FEA300092185B4150EA0107EDD17A
:1006800052EA030012D082EA040083EA050108431B
:1006900005D0101BAB4106D20122002306E0002248
:1006A0004FF0004302E06FF0010253101AEB060016
:1006B0004CEB085110EB0A0041EB0B01BDE8F04D8B
:1006C00000F04EB9C10F80EAE0700844CA079623D3
:1006D000002100F017B90EB5C10F80EAE0700844A0
:1006E000CA07002140F233438DE80E000A460B464C
:1006F00000F045F903B000BD0EB540F23341029160
:100700000021CDE900110A460B4600F038F903B08C
:1007100000BD00F0004220F00040C10DC0F3160003
:1007200040F400007F2901DA00207047962903DC9D
:10073000C1F19601C84001E096398840002AF4D002
:100740004042704720F00040C10DC0F3160040F455
:1007500000007F2901DA00207047962903DCC1F1EF
:100760009601C840704796398840704770B5C1F30C
:100770000A5201F000450024C1F3130140F2FF3397
:1007800041F480119A4201DA002070BD40F23343F7
:100790009A42A2F2334203DC524200F088F800E0B1
:1007A00090402C43F1D0404270BDC1F30A5210B5C5
:1007B000C1F3130140F2FF3341F480119A4201DA90
:1007C000002010BD40F233439A42A2F2334203DCD0
:1007D000524200F06CF810BD904010BD00F0004295
:1007E00030F000400AD0C10D01F56071C0F3160071
:1007F00042EA0151C20840071143704700200146F8
:10080000704701F0004330B421F0004150EA01028A
:1008100006D00A0DA2F56072C1F31301002A02DCB2
:1008200030BC00207047440F44EAC104C100E01806
:1008300030BC00EBC25000F05CB80000002801DBC7
:10084000C0F10040002901DBC1F100418142704745
:10085000002801DBC0F10040002901DBC1F10041AB
:100860008842704730B50B46014600202022012403
:1008700009E021FA02F59D4205D303FA02F5491B6E
:1008800004FA02F52844151EA2F10102F1DC30BD84
:10089000202A04DB203A00FA02F100207047914040
:1008A000C2F1200320FA03F3194390407047202A35
:1008B00004DB203A21FA02F00021704721FA02F30A
:1008C000D040C2F120029140084319467047202AC7
:1008D00006DBCB17203A41FA02F043EAE07306E068
:1008E00041FA02F3D040C2F1200291400843194678
:1008F00070470029A8BF7047401C490008BF20F07E
:100900000100704710B4B0FA80FC00FA0CF050EA15
:10091000010404BF10BC704749B1CCF1200421FA96
:1009200004F411FA0CF118BF012121430843A3EB91
:100930000C01CB1D4FEA00614FEA102042BF00209E
:1009400010BC704700EBC35010440029A4BF10BC7A
:100950007047401C490008BF20F0010010BC7047E0
:1009600010B5141E73F1000408DA401C41F10001B7
:1009700092185B411A4301D120F0010010BD2DE90E
:10098000F04D92469B4611B1B1FA81F202E0B0FA05
:1009900080F220329046FFF77BFF04460F4640EA84
:1009A0000A0041EA0B0153465A46084313D0114648
:1009B00053EA010019D0C8F140025046FFF777FF13
:1009C00005460E46504659464246FFF761FF08432A
:1009D00005D0012004E020463946BDE8F08D002016
:1009E000054346EAE0762C4337430A986305E40A58
:1009F000A0EB08000022FD0A44EA47540A3002D561
:100A000000200146E9E7010510196941DDE90845C3
:100A100000196941BDE8F04DA2E770B521F000432F
:100A200003430CD0C1F30A550024D5EB040564EB55
:100A30000403D617AD1AB34102DB0020014670BD96
:100A4000201841EB025170BD064C074D06E0E068EE
:100A500040F0010394E8070098471034AC42F6D305
:100A6000FFF76AFBA0900008C090000870B58C18D2
:100A700010F8015B15F0070301D110F8013B2A11B2
:100A800006D110F8012B03E010F8016B01F8016B9F
:100A90005B1EF9D12B0705D40023521E0DD401F89B
:100AA000013BFAE710F8013BCB1A921C03E013F864
:100AB000015B01F8015B521EF9D5A142D8D3002099
:100AC00070BD21B1826842F00102826003E0826859
:100AD00022F0010282607047014600208A6802F01D
:100AE00004020AB1012000E0002070470146C86CF2
:100AF00080B270470246002013680B400BB1012002
:100B000000E000207047014600208A6802F00802D9
:100B10000AB1012000E000207047000030B5024615
:100B20000020002350680F4C20400D790C6844EAE7
:100B300005242043506090680B4C2040D1E90254BA
:100B40002C434D7944EA450420439060D06A20F458
:100B500070000C7C641EE4B2234340EA0350D06270
:100B600030BD0000FFFEF0FFFDF7F1FFF0B50446D9
:100B70000D4600200021092D11DDE068A5F10A06CF
:100B800006EB4607072606FA07F18843A5F10A0691
:100B900006EB460603FA06F10843E0600CE0206924
:100BA00005EB4507072606FA07F1884305EB4506DE
:100BB00003FA06F108432061072A0FDA606B561E1C
:100BC00006EB86071F2606FA07F18843561E06EB3A
:100BD000860605FA06F10843606322E00D2A0FDA63
:100BE000206BD61F06EB86071F2606FA07F18843FF
:100BF000D61F06EB860605FA06F10843206310E0CF
:100C0000E06AA2F10D0606EB86071F2606FA07F139
:100C10008843A2F10D0606EB860605FA06F10843A5
:100C2000E062F0BD816841F008018160704721B148
:100C3000826842F4A002826003E0826822F4A0028B
:100C400082607047816841F0040181607047000054
:100C50002DE9F84F83460C46002C35D0BBF1000F30
:100C600032D02046FFF72EFD05465846FFF72AFDF5
:100C700006462946FFF760FB824600215046FFF7F3
:100C8000E7FD06D216495046FFF7D8FD01D2DFF83E
:100C900050A000215046FFF7D1FD06D21149504621
:100CA000FFF7D6FD01D2DFF83CA051460E48FFF712
:100CB00043FB0090FFF792FD074604F05FFF0546F7
:100CC000FFF79FFD814601E04FF0000907494846C4
:100CD000FFF700FB0546FFF71CFD00B2BDE8F88FEB
:100CE0003333B33E3333B3BE77BE1F3E00007A4486
:100CF00008B50121102002F06DFB4FF40050ADF853
:100D0000000010208DF8030003208DF802006946D2
:100D1000044801F00DFE4FF40051024801F0E5FED9
:100D200008BD00000010014010B5534801F01AFB47
:100D3000002860D050480078312816D14E480079FC
:100D400040B200EB400040004C49C8804A48C0789F
:100D500040B2A0EB8000400008814748407840B294
:100D6000404200EB80004649088043480078322822
:100D700016D14148007940B200EB400040003F49A5
:100D8000C8803D48C07840B2A0EB80004000088198
:100D90003948407840B2404200EB80003849088032
:100DA0003548007833280FD13348C07840B2A0EBE3
:100DB000800040003149C8802F48807840B2A0EBC5
:100DC000800040002E4908802B480078412812D12D
:100DD000294840782B490870274880784870264871
:100DE000C078887024480079C87023484079087119
:100DF0002148807948712048007832283AD11E482D
:100E000080790007C00E204908801B48407900F017
:100E1000200038B11D4800880988084400B21B49E9
:100E200008800CE01448407900F0100038B11748F1
:100E3000008815490988401A00B2144908800E48F4
:100E4000407900F0400040B1104840880E490988C0
:100E5000084400B20D4948800CE00748407900F092
:100E6000800038B10948408807490988401A00B213
:100E70000649488010BD0000A80100204001002064
:100E80005E00002030000020940000206000002060
:100E90007748007873287DD175480079C0F18000CB
:100EA00074490978484300B27349C8807048C078D3
:100EB000C0F180006F490978484300B26E4908814B
:100EC0006B484079C0F1800080006C490880684818
:100ED000407800F0010018B101206949087012E063
:100EE0006748007878B167480078062805DA6548D1
:100EF0000078401C6349087002E0012061490870D5
:100F000000205F4908705A48407800F0020018B18C
:100F100001205D49087015E05B48007890B15548A4
:100F20000078022805DD53480078401E51490870BA
:100F300005E002204F490870012054490870002044
:100F4000514908704A48407800F0040018B1012067
:100F50004F49087015E04E48007890B14548007838
:100F6000092805DA43480078401C4249087005E02A
:100F70000920404908700120444908700020444974
:100F800008703B48407800F0800050B1414800882C
:100F9000414900E06BE00988084400B23D490880FF
:100FA0000CE03348407800F0200038B13948008820
:100FB00039490988401A00B2364908802C484078DF
:100FC00000F0400040B13348408833490988084464
:100FD00000B2304948800CE02548407800F010000D
:100FE00038B12C4840882C490988401A00B2294958
:100FF00048801F48807800F0040018B1012027497C
:10100000087015E02548007890B123480088192819
:1010100005DA21480088401D1F49088005E0192095
:101020001D49088001201949087000201B490870DB
:101030000F48807800F0010018B1012018490870AD
:1010400015E01748007890B113480088052805DDA1
:1010500011480088401F1049088005E005200E490E
:10106000088001200949087000200D490870704768
:101070005100002091000020400100205E0000206F
:101080008C000020300000208D0000205000002047
:101090008E00002060000020920000208F000020C1
:1010A000900000202DE9F0412D4800F05BFE002863
:1010B00054D02B48C089B0F5FA7F4FDA2848008910
:1010C000B0F5FA7F04DA4FF07F50264908600CE053
:1010D00023480089B0F57A7F04DA4FF07E50214929
:1010E000086002E020481F4908601D494988A1F5B1
:1010F0007870FFF7E7FA05461A4801682846FFF7B7
:10110000E9F80446FFF705FB00B21849C880144906
:101110000988A1F57870FFF7D5FA064611480068EE
:1011200080F0004531462846FFF7D4F80446FFF723
:10113000F0FA00B20D4908810949C988A1F5787013
:10114000FFF7C9FA06464FF03332094BFFF7D9F9DA
:101150000446FFF70BFB00B206490880BDE8F081AA
:10116000B8010020980000203333333F40010020B5
:101170003333E3BF5E00002010B5042002F02CFFE3
:101180000E4800680E49B0FBF1F00E4908700B489C
:1011900000680B49B0FBF1F44FF47A7044434FF010
:1011A000E020006940F002004FF0E02108610846AD
:1011B0004461006940F00100086110BD1C0000207E
:1011C00040420F009E00002010B504464FF47A7193
:1011D00004FB01F000F002F810BD000070B50346FA
:1011E00000224FF0E02675690D4E367803FB06F4B9
:1011F0004FF0E026B16910E04FF0E026B069884278
:101200000BD0884202D20E1A324402E02E1A0E444B
:1012100032440146A24200D300E0EDE700BF70BDBA
:101220009E0000204FF08040808C704700B587B052
:1012300001210D2002F0CEF80121284801F004FC24
:101240000820ADF8180004208DF81B0003208DF84D
:101250001A0006A9224801F06BFB4FF40040ADF8DC
:10126000180006A91F4801F063FB0121084602F09F
:1012700091F84FF0804003F043F803A803F098FB87
:101280000020ADF80C004FF6FF70ADF81000002004
:10129000ADF81200ADF80E0003A94FF0804003F046
:1012A00035FB00231A4603214FF0804003F01CF960
:1012B000684603F091F90620ADF8080069464FF042
:1012C000804003F033F900204FF0804188840121F1
:1012D000880702F0F9FF07B000BD00000003180006
:1012E000000C0140000801404FF0804188847047A5
:1012F00001480088704700002404004000B587B012
:101300000121092002F066F83020ADF81800042011
:101310008DF81B0003208DF81A0006A91D4801F066
:1013200007FB0121022002F035F801211A4801F0E3
:101330008BFB1A4802F0E4FF03A803F039FB0020FE
:10134000ADF80C004FF6FF70ADF810000020ADF8BE
:101350001200ADF80E0003A9104803F0D7FA0023DD
:101360001A4603210D4803F0BFF8684603F034F92C
:101370000620ADF808006946084803F0D7F80020B9
:101380000649243108800121044802F09DFF07B07E
:1013900000BD0000000C014000081A0000040040DD
:1013A00001490880704700002404004001464906B6
:1013B000084A926942F00102064B9A61064A526855
:1013C00022F0E062044B5A601A4652680A435A609F
:1013D00070470000001002400000014008B50121E4
:1013E000082001F0F7FF0120ADF8000048208DF83B
:1013F00003006946014801F09BFA08BD000C01405A
:101400000348006808B9012070470020FCE700008D
:101410000081214208B50121142001F0DBFF1020DA
:10142000ADF800008DF8030003208DF80200694636
:101430000A4801F07DFA4FF48070ADF8000069466B
:10144000074801F075FA1021044801F050FB4FF4F1
:101450008071034801F04BFB08BD00000010014003
:101460000008014070B505462C46B4F5616F01DDFA
:101470004FF4616414F5616F00DA0D4C002C0BDD44
:101480004FF461610B4803F00CFAC4F5616081B25E
:10149000084803F008FA0AE04FF46161054803F0D8
:1014A00002FA04F5616081B2024803F0FAF970BDF6
:1014B000F0F1FFFF0008004070B505462C46B4F57A
:1014C000616F01DD4FF4616414F5616F00DA0D4C5A
:1014D000002C0BDD4FF461610B4803F0E6F9C4F515
:1014E000616081B2084803F0E2F90AE04FF46161FB
:1014F000054803F0DCF904F5616081B2024803F0AD
:10150000D4F970BDF0F1FFFF0008004000B589B0CC
:101510000121082001F05EFF4FF47070ADF820004B
:1015200018208DF8230003208DF8220008A92748F1
:1015300001F0FEF90121042001F02CFF40F60F60BC
:10154000ADF818000020ADF81400ADF81A00ADF8A1
:10155000160005A91E4803F0D9F96020ADF8040073
:101560000120ADF806000020ADF80A00ADF80C002F
:1015700001A9174803F03AF80821154803F082F84A
:1015800001A9134803F088F80821114803F0D6F8A0
:1015900001A90F4803F0E0F808210D4803F02CF9E9
:1015A00001A90B4803F032F90821094803F06CF94E
:1015B0000121074802F07CFE0121054802F084FE6B
:1015C0000121034802F08CFE09B000BD000C01406F
:1015D000000800401CB50446062269463B2001F085
:1015E000B4FC9DF801009DF8001040EA012000B213
:1015F00020809DF803009DF8021040EA012000B20F
:1016000060809DF805009DF8041040EA012000B2BA
:10161000A0801CBD1CB5044606226946432001F08B
:1016200094FC9DF801009DF8001040EA012000B2F2
:1016300020809DF803009DF8021040EA012000B2CE
:1016400060809DF805009DF8041040EA012000B27A
:10165000A0801CBD08B50121042001F0BBFE4FF4A1
:10166000C050ADF8000010208DF8030003208DF865
:1016700002006946164801F05BF90120154908602F
:101680001549C1F8AC0180216B2001F069FC1348B9
:10169000FFF7A4FD00216B2001F062FC18211B2044
:1016A00001F05EFC00211C2001F05AFC00213820D2
:1016B00001F056FC0021232001F052FC01216B2097
:1016C00001F04EFC00216C2001F04AFC08BD000036
:1016D00000080140B001214200002142A086010023
:1016E00010B50446E006010E1C2001F039FC10BDC7
:1016F00010B5044621461A2001F032FC10BD10B589
:101700000446E006010E1B2001F02AFC10BD70B556
:101710000446B4F57A7F01DD4FF47A740A2C00DABE
:101720000A244FF47A7090FBF4F0401EC5B22946AB
:10173000192001F015FC70BD70B5002415E004F10E
:10174000B001C8B201F0A4FD002001F0A1FD1020FD
:1017500001F09EFD002504E0002001F0A9FD681CB9
:10176000C5B2802DF8DB601CC4B2082CE7DB70BD6D
:101770002DE9F04705460E46174698464FF00009FA
:101780000024A7F1200000F0FF097B2D2BDA082EA2
:1017900029DAB8F1000F14D03146284601F064FD73
:1017A00000BF0BE009EB490104EB41010F4A515C1A
:1017B000C943C8B201F07CFD601CC4B2062CF1DB49
:1017C00011E03146284601F04FFD002409E009EB05
:1017D000490104EB4101054A505C01F069FD601CC0
:1017E000C4B2062CF3DBBDE8F0870000A48C00082F
:1017F0002DE9F04105460E4614461F460A2C07DA2D
:1018000004F13000C2B23B4631462846FFF7B0FF34
:10181000BDE8F0812DE9F05F05460E461746984673
:10182000DDE90A9B7F2D01DC072E01DDBDE8F09F7D
:10183000E819802803DC06EB0800082800DDF5E73E
:10184000BBF1000F18D0344613E02146284601F0C2
:101850000BFDAA4609E019F8012BD143C8B201F0EB
:1018600027FD0AF1010000F0FF0ABA45F3DB601C16
:10187000C4B24445E9DB15E0344611E02146284670
:1018800001F0F2FCAA4607E019F8010B01F010FD87
:101890000AF1010000F0FF0ABA45F5DB601CC4B292
:1018A0004445EBDB00BFC1E72DE9F04104460D469E
:1018B0001646984600277B2C14DA082D12DA0EE023
:1018C000F25D434629462046FFF752FFA01DC4B2F1
:1018D0007A2C02DD0024681CC5B2781CC7B2F05D0A
:1018E0000028EDD1BDE8F0812DE9FE4F80468A4603
:1018F00091461D46DDE90C7B002D76DDE8190A28AE
:1019000073DAB9F1000F02DAC9F1000600E04E46C1
:101910000A20B6FBF0F100FB11608DF80100642095
:10192000B6FBF0F100FB11600A21B0FBF1F08DF87D
:1019300002004FF47A70B6FBF0F100FB11606421F5
:10194000B0FBF1F0C0B28DF8030042F21070B6FBAC
:10195000F0F100FB11604FF47A71B0FBF1F0C0B20E
:101960008DF804005948B6FBF0F100FB116042F21B
:101970001071B0FBF1F0C0B28DF805005448B6FB11
:10198000F0F100FB11605149B0FBF1F0C0B28DF8ED
:1019900006005048B6FBF0F100FB11604C49B0FB6B
:1019A000F1F0C0B28DF807004B48B6FBF0F100FB38
:1019B00011604849B0FBF1F0C0B28DF8080047480B
:1019C000B6FBF0F100FB11604349B0FBF1F0C0B28F
:1019D0008DF80900B9F1000F41DA00232D2251469C
:1019E0004046FFF7C5FE002412E037E0E919091B65
:1019F000491E1DF8012004EB440308F1060101EB28
:101A00004301C8B25B465146FFF7F2FE601CC4B208
:101A1000681EA042EADC002F56D005EB450108EB1A
:101A20004101C8B25B462E225146FFF7A1FE0024B9
:101A300012E005EB450108EB4101891D04EB44036D
:101A400001EB4301C8B2391B1DF801205B4651462A
:101A5000FFF7CEFE601CC4B2BC42EADB34E00024D7
:101A60000EE0E919091B1DF8012004EB440108EB05
:101A70004101C8B25B465146FFF7BAFE601CC4B2D2
:101A8000AC42EEDB07B305EB450108EB4101C8B200
:101A90005B462E225146FFF76BFE002412E005EB59
:101AA000450108EB4101891D04EB440301EB4301AF
:101AB000C8B2391B1DF801205B465146FFF798FE5E
:101AC000601CC4B2BC42EADBBDE8FE8FA086010008
:101AD00040420F008096980000E1F50500CA9A3B4D
:101AE00000B587B00121042001F074FCA020ADF8FE
:101AF000040003208DF8060018208DF8070001A9C6
:101B0000544800F015FF1020ADF804008DF80700D0
:101B100001A9504800F00CFF4020ADF8040010204F
:101B20008DF8070001A94B4800F002FF01210803CE
:101B300001F050FC0020ADF808004FF48270ADF8C1
:101B40000A000020ADF80C000220ADF80E000120C4
:101B5000ADF810004002ADF812000020ADF81400FE
:101B6000ADF816000720ADF8180002A93A4802F0B7
:101B700009F80121384801F0EBFFFF2001F066FF72
:101B80004021344800F0B3FF6420FFF71DFB4021E3
:101B9000304800F0AAFFC820FFF716FB40212D486F
:101BA00000F0A5FFAE2001F073FB002001F070FBF8
:101BB000102001F06DFB402001F06AFB812001F054
:101BC00067FBEF2001F064FBA12001F061FBC8205E
:101BD00001F05EFBA62001F05BFBA82001F058FBA2
:101BE0003F2001F055FBD32001F052FB002001F013
:101BF0004FFBD52001F04CFB802001F049FBD920A0
:101C000001F046FBF12001F043FBDA2001F040FB3C
:101C1000122001F03DFBDB2001F03AFB402001F0F7
:101C200037FB202001F034FB022001F031FB8D2036
:101C300001F02EFB142001F02BFBA42001F028FB67
:101C4000A62001F025FBAF2001F022FBFFF774FD79
:101C500007B000BD000801400030014008B5012177
:101C6000102001F0B7FB0120ADF8000048208DF8EE
:101C7000030003208DF802006946174800F058FE63
:101C80000220ADF8000010208DF8030003208DF82D
:101C900002006946104800F04BFE0420ADF8000039
:101CA00010208DF8030003208DF8020069460A48D1
:101CB00000F03EFE0820ADF8000010208DF8030073
:101CC00003208DF802006946034800F031FE012030
:101CD0000249086008BD000000100140880122424E
:101CE00070B50446002014490860002507E0134938
:101CF000485D01F0E3FA12494855681CC5B2092D48
:101D0000F5DB01200C4908600D48407820700C4834
:101D1000C078C04360700A480079C043A07008488A
:101D20004079E0700648807920710548C07960717B
:101D30000348007AA07170BD88012242CC8E000851
:101D40003003002010B50548007820B90020044970
:101D5000C8800881488101F0C7FB10BD4E000020FB
:101D600040010020014630480078002859D02F4813
:101D700040782E4A927840EA0220C0F30A00088098
:101D80002A488078C010294AD27840EA4210C0F32D
:101D90000A0048802548C0788011244A127940EA18
:101DA0008200224A527940EA8220C0F30A008880E9
:101DB0001E48407940101D4A927940EAC210C0F393
:101DC0000A00C880194880790011184AD27940EA7F
:101DD0000210C0F30A0008811448C079C011134AE8
:101DE000127A40EA4200114A527A40EA4220C0F395
:101DF0000A0048810D48407A80100C4A927A40EAE5
:101E00008210C0F30A0088810848807A4011074A8E
:101E1000D27A40EAC200C8810020034A1070012033
:101E200070470020FCE70000AA0000200803002003
:101E300000B587B00121082001F0CCFA4FF4006012
:101E4000ADF8180004208DF81B0006A91D4800F00D
:101E50006FFD0121880401F09DFA1B4802900020CB
:101E6000ADF80C004FF40050ADF80E00C010ADF806
:101E700010000020ADF814000420ADF8120002A9F3
:101E8000124803F083F927208DF8040001208DF813
:101E900005008DF806008DF8070001A801F07EF915
:101EA000012240F22551094803F04BF9012240F28A
:101EB0002441064803F045F90121044803F0FEF8E7
:101EC00007B000BD000C0140A086010000480040A2
:101ED00000B589B00121112001F07CFA4FF4707037
:101EE000ADF8200018208DF8230003208DF8220083
:101EF00008A9294800F01CFD0121480301F06AFAF5
:101F00004720ADF814000020ADF8160044F61F601D
:101F1000ADF818000020ADF81A0005A91F4802F01E
:101F2000F5FC6020ADF804000120ADF8060040F299
:101F3000DC50ADF80A000020ADF80C0001A91748EC
:101F400002F054FB0821154802F09CFB01A913483C
:101F500002F0A2FB0821114802F0F0FB01A90F4892
:101F600002F0FAFB08210D4802F046FC01A90B48DB
:101F700002F04CFC0821094802F086FC01210748C8
:101F800002F096F90121054802F09EF9012103486B
:101F900002F0A6F909B000BD001001400034014074
:101FA0002DE9F0410446B4F5617F01DD4FF4617421
:101FB00014F5617F00DA0B4C2046FEF783FB804668
:101FC0000949FEF787F907460849FEF72BF9064647
:101FD000FEF7B8FB85B22946054802F068FCBDE86B
:101FE000F08100007CFCFFFF3F358E3F0080BB444A
:101FF000003401402DE9F0410446B4F5617F01DD74
:102000004FF4617414F5617F00DA0B4C2046FEF743
:1020100059FB80460949FEF75DF907460849FEF776
:1020200001F90646FEF78EFB85B22946054802F007
:102030003CFCBDE8F08100007CFCFFFF3F358E3F9B
:102040000080BB44003401402DE9F0410446B4F562
:10205000617F01DD4FF4617414F5617F00DA0B4C90
:102060002046FEF72FFB80460949FEF733F9074665
:102070000849FEF7D7F80646FEF764FB85B2294605
:10208000054802F010FCBDE8F08100007CFCFFFF79
:102090003F358E3F0080BB44003401402DE9F84FAE
:1020A00004460D4629462046FEF70EF927490860EA
:1020B0002748016825480068FEF706F9824625484A
:1020C000B0F90000FEF7FEFA83465146FEF702F92A
:1020D00080462148B0F90000FEF7F4FA82461B481A
:1020E00001685046FEF7F6F881464146FEF79AF839
:1020F00007461A48B0F90000FEF7E4FA39460090A6
:10210000FEF790F80646FEF704FB00B2134908807C
:102110000E4800680E4908601048B0F9000041F20E
:102120006801884202DD08460C4908800B48B0F976
:1021300000000B49884203DA4EF698700749088080
:102140000648B0F90000BDE8F88F000078000020D4
:102150007C0000204C0000204A0000207400002079
:1021600098EFFFFF2DE9F84F04460D46294620461B
:10217000FEF7AAF827490860274801682548006843
:10218000FEF7A2F882462548B0F90000FEF79AFA59
:1021900083465146FEF79EF880462148B0F900007C
:1021A000FEF790FA82461B4801685046FEF792F807
:1021B00081464146FEF736F807461A48B0F9000056
:1021C000FEF780FA39460090FEF72CF80646FEF737
:1021D000A0FA00B2134908800E4800680E49086052
:1021E0001048B0F9000041F26801884202DD08465B
:1021F0000C4908800B48B0F900000B49884203DA0B
:102200004EF69870074908800648B0F90000BDE80E
:10221000F88F000084000020880000204C0000207F
:102220004A0000208000002098EFFFFF10B586B024
:1022300004460121042001F0CDF80121880301F0BA
:10224000C9F84FF40070ADF8140018208DF817008D
:1022500003208DF8160005A91C4800F069FB4FF417
:102260008060ADF8140004208DF8170005A9174808
:1022700000F05EFB01940020ADF80800ADF80A0004
:10228000ADF80C00ADF810000C20ADF80E0001A95F
:102290000F4802F07BFF25208DF8000002208DF80A
:1022A000010001208DF802008DF80300684600F05F
:1022B00075FF012240F22551054802F042FF01213D
:1022C000034802F0FBFE06B010BD0000000801400C
:1022D000003801402DE9F04707460D4690464FF083
:1022E0000009202D37DCAA201C49087055204870B1
:1022F000681D8870084680F80380002405E0395D79
:10230000201D164A1154601CC4B2AC42F7DB281DD4
:10231000C6B2002406E01148005D484400F0FF0901
:10232000601CC4B2B442F6DB0C4800F80490681D8F
:10233000C6B200240DE00948015D094802F097FF8C
:1023400000BF4021064802F0C5FE0128F9D1601CFB
:10235000C4B2B442EFDBBDE8F0870000F00100201A
:102360000038014010B503460B48007890B10B4887
:102370008078001FC2B2002105E0C81C074C205C19
:102380005854481CC1B29142F7DB0020024C207027
:10239000104610BD0020FCE7A1000020180200201C
:1023A00010B586B004460121082001F013F804207E
:1023B000ADF8140018208DF8170003208DF81600D2
:1023C00005A91E4800F0B4FA0820ADF81400042056
:1023D0008DF8170005A9194800F0AAFA0121480450
:1023E00000F0D8FF01940020ADF80800ADF80A0015
:1023F000ADF80C00ADF810000C20ADF80E0001A9EE
:102400000F4802F0C3FE26208DF8000002208DF850
:10241000010001208DF802008DF80300684600F0ED
:10242000BDFE012240F22551054802F08AFE01213D
:10243000034802F043FE06B010BD00000008014052
:102440000044004010B586B004460121102000F081
:10245000C1FF4FF48060ADF8140018208DF817000C
:1024600003208DF8160005A91E4800F061FA4FF40C
:102470000060ADF8140004208DF8170005A9194874
:1024800000F056FA0121C80400F084FF01940020F6
:10249000ADF80800ADF80A00ADF80C00ADF810007A
:1024A0000C20ADF80E0001A90F4802F06FFE342099
:1024B0008DF8000002208DF8010001208DF8020047
:1024C0008DF80300684600F069FE012240F22551B4
:1024D000054802F036FE0121034802F0EFFD06B088
:1024E00010BD000000100140004C00402DE9F047F5
:1024F00007460D4690464FF00009322D37DCAA20E2
:102500001C49087055204870681D8870084680F87E
:102510000380002405E0395D201D164A1154601C1B
:10252000C4B2AC42F7DB281DC6B2002406E0114855
:10253000005D484400F0FF09601CC4B2B442F6DB01
:102540000C4800F80490681DC6B200240DE009484C
:10255000015D094802F08BFE00BF4021064802F0F1
:10256000B9FD0128F9D1601CC4B2B442EFDBBDE86B
:10257000F087000090020020004C00402DE9F05F41
:1025800001211148FEF753FB00BF02210E48FEF760
:10259000B1FA0028F9D00C48FEF7A8FA834658464D
:1025A000FEF7AAF88046094A094BFDF7AAFF06463E
:1025B0000022084BFEF717F80446FEF7F6F81FFA5C
:1025C00080FA5046BDE8F09F002801400AD7A3706A
:1025D000BD54AC4000FEAF4000B587B001210820DB
:1025E00000F0F8FE0220ADF8180000208DF81B0066
:1025F00006A91D4800F09CF90121880200F0EAFEBE
:10260000002001908DF808008DF809004FF460203B
:1026100003900020049001208DF8140001A91348B4
:10262000FEF77CFA4FF4004000F0A8FE07230122D9
:1026300009210E48FEF79AFA01210C48FEF741FAEB
:102640000A48FEF7EFFA00BF0848FEF75CFA0028D8
:10265000FAD10648FEF7F6FA00BF0448FEF73CFA46
:102660000028FAD107B000BD000C0140002801404D
:1026700000BFFEE7704700001CB598E0642004F03E
:1026800041FC4B48007800B349480078012806D146
:10269000002348A202215A20FFF706F91BE0444814
:1026A0000078022806D1002343A202215A20FFF716
:1026B000FBF810E03E48007803280CD100233FA22D
:1026C00002215A20FFF7F0F805E000233CA2022186
:1026D0005A20FFF7E9F83B480088FEF70DF8054659
:1026E000394A3A4BFDF70DFF0746FEF73FF804461F
:1026F0000020012102232246CDE9001003211E20E3
:10270000FFF7F2F80020009001903148B0F90A205C
:10271000062303215A20FFF7E7F8642004F0F2FBB8
:1027200000200321CDE900102A48B0F9000000EB99
:1027300080004200022305211E20FFF7D5F800206B
:102740000221CDE900102448B0F9002005231946E4
:102750006020FFF7C9F821480022214BD0E9005141
:102760002846FDF7CEFE0746FEF700F80446002097
:1027700002210B462246CDE9001006211E20FFF75C
:10278000B3F818480022164BD0E900512846FDF74F
:10279000B8FE0746FDF7EAFF0446002002210B467B
:1027A0002246CDE9001006215A20FFF79DF865E783
:1027B0005D0000205053320041505000524D5300F4
:1027C000524F5300360000209A9999999999B93F30
:1027D000880100205E0000204001002068010020E8
:1027E00000005940780100201948007801282ED1B6
:1027F0001748C078C0F1800016490978494248431B
:1028000000B21549C88012484078C0F178001349D9
:1028100009784942484300B2114908800C480079C0
:10282000002808DD0B480078401C0A490870012088
:102830000C4908700BE006480079002807DA0548C3
:102840000078401E0349087001200649087070474F
:10285000580000209C000020400100209D00002026
:102860005E0000205000002010B588B0044600F043
:10287000E1FB684600F03EFC002855D19DF80000C1
:10288000552815D19DF801007E2811D19DF808002A
:102890007E280DD19DF80900552809D19DF8020028
:1028A00020709DF8030060709DF80500E0703BE02B
:1028B0009DF80100552815D19DF802007E2811D100
:1028C0009DF809007E280DD19DF80A00552809D1F0
:1028D0009DF8030020709DF8040060709DF80600CC
:1028E000E07021E04FF40051104800F000F9102191
:1028F0000E4800F0FAF8C820FEF766FC4FF40051CD
:102900000A4800F0F2F81021084800F0F0F84FF4FF
:102910000051064800F0EBF81420FEF755FC4FF488
:102920000051024800F0E1F808B010BD001001406D
:102930002DE9F04102460025002600200023002456
:10294000002791F803C00CF00F0591F803C00CF0BC
:10295000100CBCF1000F03D091F802C04CEA050541
:1029600091F800C0BCF1000F31D0146800202BE0BA
:102970004FF0010C0CFA00F3B1F800C00CEA0306AA
:102980009E4220D183004FF00F0C0CFA03F7BC439A
:1029900005FA03FC4CEA040491F803C0BCF1280FCB
:1029A00006D14FF0010C0CFA00FCC2F814C00AE08A
:1029B00091F803C0BCF1480F05D14FF0010C0CFA9F
:1029C00000FCC2F810C0401C0828D1D31460B1F834
:1029D00000C0BCF1FF0F34DD546800202EE000F190
:1029E000080C4FF0010808FA0CF3B1F800C00CEA2B
:1029F00003069E4221D183004FF00F0C0CFA03F71F
:102A0000BC4305FA03FC4CEA040491F803C0BCF192
:102A1000280F05D100F1080C08FA0CF8C2F8148050
:102A200091F803C0BCF1480F07D100F1080C4FF03A
:102A3000010808FA0CF8C2F81080401C0828CED310
:102A40005460BDE8F0810000F0B50A460023002480
:102A50000021002500F00046B6F1004F02D11D4EC6
:102A6000F16901E01B4E7168C0F3034583B200F4C5
:102A70004016B6F5401F08D121F07061154E7668FA
:102A800026F07066134F7E6012E000F48016B6F5F3
:102A9000801F06D1032606FA05F4A14341F07061B8
:102AA00006E0460D360103FA06F6B14341F07061C7
:102AB00022B1460D360103FA06F6314300F0004616
:102AC000B6F1004F02D1034EF16101E0014E716099
:102AD000F0BD0000000001400246002093680B405A
:102AE0000BB1012000E00020704741617047016197
:102AF00070470AB1016100E04161704700BFFEE725
:102B000010B500200E4908600E48006820F470409F
:102B10000C4908600846006840F4405008600020F6
:102B20000949C1F8AC010120FEF758FB0120044916
:102B30000860FEF753FB00200349C1F8B00110BD47
:102B4000B0012142040801400000214210B50020DC
:102B50000E4908600E48006820F470400C49086077
:102B60000846006840F44050086001200949C1F857
:102B7000AC01FEF733FB012004490860FEF72EFB91
:102B800000200449C1F8B00110BD0000B00121428D
:102B9000040801400000214270B505460024174892
:102BA000006820F47040154908600846006840F449
:102BB00000400860002616E000201149086002204D
:102BC000FEF70CFB01200F49C1F8B0016006040EAE
:102BD0000B488438006808B1601CC4B20220FEF7BC
:102BE000FDFA701CC6B2082EE6DB15B1FFF788FFB0
:102BF00001E0FFF7ABFF204670BD00000408014074
:102C0000B00121420000214270B50446144800681A
:102C100020F47040124908600846006840F44050B3
:102C2000086000200F490860002516E0E0090D4902
:102C3000091F08606006040E0120FEF7CFFA01208C
:102C40000949C1F8B001FEF7C9FA0020054908603A
:102C50000120FEF7C3FA681CC5B2082DE6DB70BD83
:102C600004080140B00121420000214210B516487D
:102C7000006820F47040144908600846006840F479
:102C8000405008600120114908601148D0F82C011B
:102C900008B9002010BD01200C49091D0860FEF78D
:102CA0009DFA00200A49C1F8AC0108488038006844
:102CB00008B10020EEE70120FEF790FA002003495A
:102CC000091D08600120E5E704080140AC0121422C
:102CD0000000214210B50E48006820F470400C49F5
:102CE00008600846006840F4405008600020094928
:102CF00008600949C1F8AC010120FEF76FFA012014
:102D0000044908600449C1F8AC01FEF767FA10BD38
:102D100004080140B00121420000214210B5002406
:102D20001548006820F470401349086008460068A0
:102D300040F400400860012010490860FEF74EFA98
:102D400001200F49C1F8B001FEF748FA0AE0601C03
:102D5000C4B2322C03DDFFF7BDFF002010BD0120FF
:102D6000FEF73CFA0548803800680028EFD1034997
:102D7000091D08600120F1E704080140AC0121426F
:102D80000000214210B51A48B0F90000B0F5617F8B
:102D900003DD4FF46170164908801548B0F9000052
:102DA00010F5617F03DA4FF67C4011490880104826
:102DB000B0F90200B0F5617F03DD4FF461700C499A
:102DC00048800B48B0F9020010F5617F03DA4FF636
:102DD0007C40074948800649B1F90000FFF7E0F858
:102DE00003494988494208B2FFF704F910BD0000C1
:102DF0006000002039E0FEF703FB002832D03220CB
:102E000004F080F8FEF7FCFA60B3002417E03220EB
:102E100004F078F8FEF7F4FA00B912E03C2C0CD17B
:102E20004FF400511148FFF762FEC82004F06AF821
:102E30004FF400510D48FFF758FE601CC4B2C82C77
:102E4000E5DB00BF142C0CDA09480078062805DA07
:102E500007480078401C0649087002E00120044938
:102E6000087000BF322004F04DF8C4E700100140A4
:102E7000300000202DE9F04106460F4614461D465D
:102E8000FFF7F4FE10B90120BDE8F0817106080ECD
:102E9000FFF7BAFEFFF742FF18B9FFF71BFF01204B
:102EA000F2E73846FFF7B0FEFFF738FFFFF7DEFE28
:102EB000012101EB4601C8B2FFF7A6FEFFF72EFF86
:102EC0000DE0012C04D10020FFF766FE287003E01E
:102ED0000120FFF761FE28706D1C601EC4B2002C3B
:102EE000EFD1FFF7F7FE0020CEE72DE9F0410546D0
:102EF0000E4617469846FFF7B9FE10B90120BDE807
:102F0000F0816906080EFFF77FFEFFF707FF18B98B
:102F1000FFF7E0FE0120F2E73046FFF775FEFFF70E
:102F2000FDFE00240BE018F80400FFF76DFEFFF72C
:102F3000F5FE18B9FFF7CEFE0020E0E7641CBC42A6
:102F4000F1DBFFF7C7FE0020D9E770B504460D4658
:102F50001646F2B22B4621466820FFF78BFF70BD64
:102F600013B5044601AB012221466820FFF7BDFFDF
:102F70001CBD00BFFEE7704700B587B001213820B7
:102F800000F028FA4FF48050ADF8180028208DF892
:102F90001B0006A92148FFF7CBFC0420ADF8180060
:102FA00006A91F48FFF7C4FC4FF48050ADF8180085
:102FB00006A91C48FFF7BCFC00F064FD00211A487C
:102FC00000F0C6FD0020ADF804004FF48270ADF8AB
:102FD00006000020ADF80800ADF80A00ADF80C00BE
:102FE0004FF40070ADF80E000820ADF8100000207E
:102FF000ADF812000720ADF8140001A90A4800F04E
:10300000C1FD0121084800F0A3FD00200749086028
:1030100001200749C1F8B00107B000BD0010014010
:1030200000140140000C0140003800408881224219
:103030000080214210B50020114908600522114985
:103040002A2000F075F80121212000F08FF80121DD
:10305000222000F08BF80021252000F087F82021A5
:10306000312000F083F80F21262000F07FF80F2197
:10307000202000F07BF801200349C1F8880110BD31
:1030800088812242DA8E0008008022422DE9F04138
:1030900007460D46164600200A490860384600F0EB
:1030A00019FD8046002405E0FF2000F013FD28559F
:1030B000601CC4B2B442F7DB0120024908604046FC
:1030C000BDE8F081B081214270B504460020074977
:1030D0000860204600F0FEFCFF2000F0FBFC0546E7
:1030E00001200349C1F8B001284670BDB0812142DA
:1030F0000080214270B50446082000F015FD07202D
:10310000FFF7E2FF05462946272000F02FF805F0DB
:10311000400050B1202221466120FFF7B7FFFF2178
:10312000E22000F023F8002070BD0120FCE7000041
:103130002DE9F04107460C46154600200A49086073
:10314000384600F0C7FC8046002605E014F8010B65
:1031500000F0C0FC701CC6B2AE42F7DB0120024991
:1031600008604046BDE8F081B081214270B5054657
:103170000C46002007490860284600F0ABFC0646D4
:10318000204600F0A7FC01200349C1F8B0013046F9
:1031900070BD0000B08121420080214270B5002145
:1031A00000230F22C47804B3154C246804F4E064AF
:1031B000C4F5E064210AC1F10403CA40447804FA6A
:1031C00003F184781440214309010E4C0678A1557F
:1031D000047804F01F050124AC4005786D11AD00A2
:1031E00005F1E025C5F8004109E0047804F01F0569
:1031F0000124AC40044D0678761145F8264070BD98
:103200000CED00E000E400E080E100E00249014351
:10321000024A1160704700000000FA050CED00E062
:1032200000BF04F0A3FD0C49086014E014210A4813
:1032300003F0A4FE0948FFF717FB094800780428AB
:1032400009D006480078012805D1042004490870F7
:10325000012004490870E9E77000002058000020B0
:103260005D0000205000002070B504460D4605F1B9
:10327000B001C8B200F00CF8102141EA141000F0BF
:1032800007F804F00F0141F0010000F001F870BDF3
:1032900010B5044610210548FFF727FC204600F032
:1032A000D5FB10210148FFF722FC10BD00080140AA
:1032B00010B50446204600F0C9FB10BD1CB50446FD
:1032C000002001900120009027E09DF800002040A0
:1032D00018B101201449086002E00020124908607A
:1032E00000201149083108601020FDF777FF0F48D2
:1032F000D0F8000128B19DF804009DF800100843A3
:10330000019001200849083108601020FDF766FF90
:103310009DF800004006000E00909DF80000002877
:10332000D3DC9DF804001CBD84012242000022422F
:1033300000BF04F01BFD0D49086016E014210B4886
:1033400003F01CFE0A48FEF7CBFC0A48007801286F
:103350000BD007484078082807D10548807920B964
:1033600001200449087004490870E7E76C00002058
:10337000510000205D000020500000200146002088
:10338000034A506820F440400843506070470000F2
:103390000010024029B1064AD2690243044BDA61A7
:1033A00004E0034AD2698243014BDA6170470000AE
:1033B0000010024029B1064A12690243044B1A6107
:1033C00004E0034A12698243014B1A61704700000E
:1033D0000010024029B1064A92690243044B9A61E7
:1033E00004E0034A92698243014B9A6170470000EE
:1033F0000010024029B1064AD2680243044BDA6049
:1034000004E0034AD2688243014BDA60704700004F
:103410000010024030B500210022002400232D4D71
:103420006D6805F00C0121B1042905D0082923D1CC
:1034300005E0294D056022E0274D05601FE0254D80
:103440006D6805F47012234D6D6805F48034022513
:1034500005EB92421CB9214D554305600BE01D4D13
:103460006D6805F400351DB11C4D5543056002E043
:10347000194D5543056002E0174D056000BF00BFC0
:10348000144D6D6805F0F0010909154D6B5C056878
:10349000DD4045600F4D6D6805F4E061090A104D8F
:1034A0006B5C4568DD4085600A4D6D6805F46051D0
:1034B000C90A0B4D6B5C4568DD40C560054D6D6804
:1034C00005F44041890B074D6B5CC568B5FBF3F50E
:1034D000056130BD0010024000127A0000093D0075
:1034E00024010020340100202DE9F04F8FB0FDF7BA
:1034F00099FE00B20990FDF7EEF88246D24AD34B0E
:10350000FCF7FFFF81F00041CDE90A01FDF779F9F1
:103510000D90FDF763F9CE4A03C20020FDF7E4FEEB
:10352000FDF7E6FE00B20990FDF7D5F8C64AC74B95
:10353000CDE90A01FCF7E5FF8246FDF762F90D903F
:10354000FDF74CF9C34A03C20020FDF729FFC2482A
:10355000B0F9060040F2DC51884202DD0846BE495F
:10356000C880BD48B0F90600BC49884203DA4FF66E
:103570002420B949C880B849B1F90600FDF7ABF875
:103580000022B74BCDE90C01FDF72DF88246FDF77F
:1035900038F90446B348B0F90000FDF79CF8002262
:1035A000AF4BCDE90C01FDF71EF88246FDF729F976
:1035B00006463046FDF712F9CDE90A0103F0BAFAE2
:1035C00002460B46CDE90C014FF06040A649FDF7DD
:1035D0000AF88246FDF715F98046A24800880028BF
:1035E0007CD04046FDF7FAF8CDE90A014046FDF7E8
:1035F000F5F882469D4A9E4BFCF77DFFCDE906011A
:103600002046FDF7EBF8CDE90401DDE90623FCF7E0
:1036100078FFCDE90801DDE90A23FCF7E4FFCDE9F5
:103620000C01FDF7EEF88A4988604046FDF7D6F8B0
:10363000CDE90A014046FDF7D1F88C4A8C4BCDE923
:103640000401FCF7B7FECDE908012046FDF7C6F8F6
:10365000CDE90601DDE90823FCF753FF8246DDE9E9
:103660000A23FCF7C0FFCDE90C01FDF7CAF8794940
:1036700088603046FDF7B2F87E4A7F4BCDE9000105
:10368000FCF73FFF824603F055FA02460B46CDE9B0
:1036900002014FF060407449FCF7A5FF734A744B78
:1036A000CDE90401FCF786FE02460B46CDE9060192
:1036B0004FF060406C49FCF796FFCDE9080102F03D
:1036C0005DFA6E4A6E4BCDE90A01FCF71AFFCDE9AF
:1036D0000C01FDF796F8054605E0FFE75C488460BD
:1036E0005C48846000252846FDF778F88246654AE4
:1036F000654BFCF706FFCDE906012846FDF76EF89D
:10370000CDE902012846FDF769F882465F4A604B21
:10371000FCF7F7FECDE90001DDE90223FCF7F1FE3D
:10372000CDE90401DDE90623FCF744FE81F0004108
:103730000022584BCDE90801FCF7E3FE564A574BEF
:10374000CDE90A01FCF74FFFCDE90C01FDF759F86F
:10375000074653493846FCF7BDFD83460021FCF778
:1037600061FD8246FCF7D5FF0FFA80F94846FEF767
:103770006BFC3748D0E900211046FDF742F882463D
:10378000334988685146FEF789FC314988813149BF
:10379000D1E900211046FDF734F882462D498868AA
:1037A0005146FEF7DFFC2B49888129498989494226
:1037B00008B2FDF757FE2749B1F90C00FDF77CFE72
:1037C0002349D1E900A181F00043224903C95246AF
:1037D000CDE90601FCF7EEFD00224FF08043CDE974
:1037E0000801FCF700FF00221D4BCDE90A01FCF7A0
:1037F00088FECDE90C01FCF7B9FF00B2164908803C
:10380000002048801249D1E900A181F0004311480D
:1038100003C85246CDE90601FCF7CCFD134A214B03
:10382000CDE90801FCF7DFFE00220D4BCDE90A01CE
:10383000FCF767FECDE90C01FCF798FF00B20649E2
:1038400088800FB0BDE8F08FE3775F723A55733F21
:1038500068010020780100204001002024FAFFFFC9
:1038600000408F405E000020CEF7C33F1F85EB5124
:10387000B81EB53FCAC342AD69DE913F144C77B65E
:10388000D7A54C409BE61DA7E848F33F091B9E5E69
:1038900029CB703F00806640A7E8482EFF210940F1
:1038A00000002041B81EC53F10B51B48FDF792FE31
:1038B000194840881949088017480088404200B2DA
:1038C00048801548808888801548FDF7A3FE144875
:1038D000008814490988084400B211490880084644
:1038E000408810494988084400B20D49488008467C
:1038F00080880C498988084400B2094988800846B4
:1039000040880649C88006480088404200B20881C5
:1039100003488088488110BD3800002088010020BD
:103920003E0000204400002010B529480088000A0D
:103930002849087026480078487025484088000AC1
:10394000887023488078C87021488088000A0871F0
:103950001F48007948711E48C088000A88711C48B9
:103960008079C8711A480089000A08721848007ADC
:10397000487217484089000A88721548807AC872D0
:1039800015480088000A08731348007848731248E5
:103990004088000A887310488078C8730E48808871
:1039A000000A08740C48007948740C48008800121A
:1039B00088740A480078C874102214210548FEF75C
:1039C00095FD102214210348FEF784FC10BD000071
:1039D00088010020940100204001002036000020D2
:1039E00000BF04F0C3F91749086029E01421154805
:1039F00003F0C4FA14480078D0B1134800780128C5
:103A000002D1FDF745FA13E00F480078022802D1F1
:103A1000FDF78AF90CE00C480078032802D1FDF785
:103A200041FB05E008480078042801D1FEF7DCFEE0
:103A3000FEF788F9FFF7A6F9FFF736FFFFF774FFE7
:103A4000D4E70000640000205D00002010B50446AB
:103A500000BF02210A4800F087F80028F9D021466B
:103A6000074800F08DF800BF0121054800F07CF800
:103A70000028F9D0024800F080F8C0B210BD000064
:103A80000030014008B501210820FFF7A3FC4FF4E6
:103A90006040ADF8000018208DF8030003208DF879
:103AA000020069460948FEF743FF01218803FFF73A
:103AB00071FC4FF460410548FFF719F801210448F3
:103AC00000F046F8FF2000F005F808BD000C0140AA
:103AD0000038004070B50546002405E0601CC4B203
:103AE000C82C01DD002070BD02210E4800F03CF81A
:103AF0000028F3D029460B4800F042F8002405E0E6
:103B0000601CC4B2C82C01DD0020ECE7012105488F
:103B100000F02AF80028F3D0024800F02EF8C0B2D6
:103B2000E1E700000038004010B50446074800886F
:103B30004FF6C771084005490880084600882043B1
:103B400008800121014800F003F810BD0038004052
:103B500021B1028842F04002028004E002884FF660
:103B6000BF731A40028070470246002013890B4041
:103B70000BB1012000E000207047014688897047A2
:103B80008181704710B50022028802F441520B88EF
:103B90004C8823438C882343CC8823430C892343BC
:103BA0004C8923438C892343CC8923431A430280C5
:103BB000838B4FF2FF74234083830B8A038210BDF3
:103BC00010B500F001F810BD0CB500200190009078
:103BD0003348006840F480303149086000BF304805
:103BE000006800F4003000900198401C019000989B
:103BF00018B90198B0F5A06FF1D12948006800F418
:103C0000003010B10120009001E0002000900098E9
:103C1000012843D12348006840F010002149086082
:103C20000846006820F0030008600846006840F07D
:103C3000020008601A484068194948600846406810
:103C400048600846406840F4806048600846406824
:103C500020F47C1048600846406840F4E810486052
:103C60000846006840F08070086000BF0C4800689B
:103C700000F000700028F9D00948406820F00300E7
:103C8000074948600846406840F00200486000BFAD
:103C90000348406800F00C000828F9D10CBD000072
:103CA00000100240002002402DE9FF410746552642
:103CB0000020FEF775F90020FEF79CF90020FEF7C2
:103CC000C3F900252BE04FF480717B48FEF70DFF10
:103CD0001420FDF779FA4FF480717748FEF707FF5B
:103CE0001420FDF771FA02A8FDF794FC73480088D0
:103CF000BDF80810084400B27049088008464088A2
:103D0000BDF80A10084400B26C4948800846808813
:103D1000BDF80C10084400B2684988806D1C0A2D5B
:103D2000D1DB6648B0F9000040420A2190FBF1F077
:103D300000B2624908800846B0F9020040420A21F8
:103D400090FBF1F000B25D4948800846B0F90400EC
:103D500040420A2190FBF1F000B2584988800025CA
:103D600022E000240BE0E006060E4FF4807152487A
:103D7000FEF7BBFE1420FDF727FA601CC4B21E2C10
:103D8000F1DB14240DE004EB44008006060E4FF432
:103D900080714948FEF7ABFE1420FDF715FA601E4E
:103DA000C4B2002CEFDC6D1C032DDADB4FF4807104
:103DB0004148FEF79AFE4FF400514148FEF797FE46
:103DC0006420FDF701FA4FF400513D48FEF78DFEE7
:103DD000FDF7B2FC00233BA219461846FDF764FD2F
:103DE00000233EA202211846FDF75EFD002341A2FA
:103DF00002211E20FDF758FD002340A20321184692
:103E0000FDF752FD002343A204211846FDF74CFDA7
:103E1000002346A205211846FDF746FD002349A2CE
:103E200006211846FDF740FD02F000FF4B48032134
:103E300000234FF48072CDE9001049A14B4803F0F4
:103E400055FF4B48042100238022CDE9001049A1F1
:103E50004B4803F04BFF4B48062100238022CDE95D
:103E6000001049A14B4803F041FF4B480A210023B1
:103E70008022CDE9001049A14B4803F037FF4B48A1
:103E80000B2100238022CDE9001049A14B4803F00B
:103E90002DFF4B480C2100238022CDE9001049A1C1
:103EA0004B4803F023FF4B48006803F0D7F802F0BB
:103EB000FFFEBDE8FF810000000801404400002033
:103EC000001001402020202A205441524B424F54E0
:103ED00020414B4D202A20202000000020566572F2
:103EE0003A56302E3030204D6F643A524F532020D6
:103EF0002000000056312E303000000020566F6C3C
:103F00003A31322E32562047797A3A3030303030DA
:103F1000200000002D2D2D2D2D2D2D2D2D2D2D2D65
:103F20002D2D2D2D2D2D2D2D2D00000020416E67C6
:103F30003A3030302E30302056656C3A302E3030EA
:103F400030200000204D54413A30302E3030204D8A
:103F500054423A2D302E3030200000000400002062
:103F6000526F626F745F5461736B0000E139000837
:103F7000080000204B65795F5461736B00000000FE
:103F8000F52D00080C000020446973705F546173C4
:103F90006B0000007926000810000020547269763A
:103FA00069615F5461736B00C5490008140000200B
:103FB0005073325F5461736B0000000031330008AE
:103FC000180000204E72665F5461736B00000000A1
:103FD0002132000800000020042808D14FF0E02121
:103FE000096941F004014FF0E022116107E04FF050
:103FF000E021096921F004014FF0E02211617047CE
:1040000010B503F0A3FE012801D003F019FB10BD89
:1040100010B51348006840F00100114908600846D7
:104020004068104908400E494860084600680E493B
:1040300008400B4908600846006820F480200860AA
:104040000846406820F4FE0048604FF41F00886076
:10405000FFF7B6FD4FF000600449086010BD000096
:10406000001002400000FFF8FFFFF6FE08ED00E040
:10407000F0B50C46154600220021068C4FF6FE775F
:104080003E400684028B018C4FF60C7632407E1C3B
:1040900006EA03162E433243104EB0420ED0104EA5
:1040A000B0420BD0B0F1804F08D00E4EB04205D0D8
:1040B0000D4EB04202D00D4EB04206D14FF6FD7605
:1040C000314044F00106314305E04FF6F5763140CA
:1040D00044F00106314302830184F0BD002C01400D
:1040E000003401400004004000080040000C004083
:1040F000F0B50C461546002200210026078C4FF62D
:10410000EF7C07EA0C070784028B018C4FF6FF77E0
:1041100007EA041640F6FF473A404FF6FF7707EAF2
:1041200003373A434FF6FF7707EA05273A43114F23
:10413000B8420ED0104FB8420BD0B0F1804F08D02B
:104140000E4FB84205D00E4FB84202D00D4FB842C4
:1041500006D14FF6DF77394046F01007394305E0C6
:104160004FF65F77394044F01007394302830184EA
:10417000F0BD0000002C014000340140000400406C
:1041800000080040000C0040F0B50C461546002227
:1041900000210026078C4FF6FF6C07EA0C07078406
:1041A000828B018C4FF6FF7707EA04264FF60C77D7
:1041B0003A404FF6FF7707EA03172F433A43114F70
:1041C000B8420ED0104FB8420BD0B0F1804F08D09B
:1041D0000E4FB84205D00E4FB84202D00D4FB84234
:1041E00006D14FF6FF57394046F48077394305E052
:1041F0004FF2FF57394044F480773943828301847A
:10420000F0BD0000002C01400034014000040040DB
:1042100000080040000C0040F0B50C461546002296
:1042200000210026078C4EF6FF7C07EA0C07078466
:10423000828B018C4FF6FF7707EA043640F6FF4782
:104240003A404FF6FF7707EA05273A434FF6FF77E4
:1042500007EA03373A43114FB8420ED0104FB84225
:104260000BD0B0F1804F08D00E4FB84205D00E4FA2
:10427000B84202D00D4FB84206D14DF6FF77394013
:1042800046F48057394305E047F6FF57394044F478
:104290008057394382830184F0BD0000002C014027
:1042A000003401400004004000080040000C0040C1
:1042B00021B1028842F08002028004E002884FF6B9
:1042C0007F731A400280704721B1028842F00102D8
:1042D000028004E002884FF6FE731A4002807047A5
:1042E00031B1B0F8442042F40042A0F8442005E087
:1042F000B0F84420C2F30E02A0F84420704700003A
:1043000010B504466848844208D10121C014FFF763
:1043100071F80021E014FFF76DF8C4E0B4F1804FAC
:1043200008D101210846FFF745F800210120FFF7D9
:1043300041F8B8E05D48844208D101210220FFF72E
:1043400039F800210220FFF735F8ACE058488442E4
:1043500008D101210420FFF72DF800210420FFF7E8
:1043600029F8A0E05348844208D101210820FFF732
:1043700021F800210820FFF71DF894E04E48844200
:1043800008D101211020FFF715F800211020FFF7B8
:1043900011F888E04948844208D101212020FFF724
:1043A00009F800212020FFF705F87CE0444884420A
:1043B00008D101214014FFF71DF800216014FFF718
:1043C00019F870E03F48844209D10121C804FFF781
:1043D00011F800214FF40020FFF70CF863E03A4891
:1043E000844209D101210805FFF704F800214FF4A8
:1043F0008010FEF7FFFF56E03448844209D10121C6
:104400004805FEF7F7FF00214FF40010FEF7F2FF1A
:1044100049E02F48844208D101214020FEF7CAFF1D
:1044200000214020FEF7C6FF3DE02A48844208D123
:1044300001218020FEF7BEFF00218020FEF7BAFF99
:1044400031E02548844208D101218015FEF7B2FFF2
:104450000021A015FEF7AEFF25E02048844209D1D7
:1044600001210804FEF7C6FF00214FF48030FEF75B
:10447000C1FF18E01A48844209D101214804FEF71F
:10448000B9FF00214FF40030FEF7B4FF0BE01548F0
:10449000844208D101218804FEF7ACFF00214FF4CB
:1044A0008020FEF7A7FF10BD002C01400004004053
:1044B00000080040000C00400010004000140040C4
:1044C00000340140004C01400050014000540140C4
:1044D00000180040001C0040002000400040014047
:1044E0000044014000480140F0B50C4615461E4608
:1044F0000021002200230189028B038C4FF6F877FC
:10450000394021434FF6FC473A4040F201173A4305
:104510004FF6DD773B404FF6FF7707EA06172F434C
:104520003B43018102830384F0BD000070B5054662
:104530000C46244885420ED0234885420BD0B5F165
:10454000804F08D02148854205D02148854202D0BD
:104550002048854200D100E000BF208850B923895F
:10456000A28861882846FFF783FDE188284600F08D
:10457000A1F925E0208804280AD12389A28861882E
:104580002846FFF7B5FDE188284600F09CF917E0C2
:10459000208808280AD12389A28861882846FFF745
:1045A000F3FDE188284600F09BF909E02389A28801
:1045B00061882846FFF730FEE188284600F099F927
:1045C00070BD0000002C0140003401400004004098
:1045D00000080040000C00400021018041800121C2
:1045E00081800021C18001817047000070B50024E6
:1045F00000220023058C4FF6FE7635400584028CA0
:104600008388048B4FF68F752C40B51E2C400D8887
:104610002C43751E2A400D892A434D882A43144D88
:10462000A8420BD0134DA84208D0134DA84205D084
:10463000124DA84202D0124DA84213D14FF6F77581
:104640002A404D892A434FF6FB752A408D882A431C
:104650004FF6FF652B404FF6FF552B408D892B43BE
:10466000CD892B4383800483CD888586028470BDE9
:10467000002C014000340140004001400044014052
:10468000004801400A460021018B4FF6F77319409C
:10469000114301837047000070B5002400220023FD
:1046A000058C4FF6EF7635400584028C8388048BA9
:1046B00048F6FF752C404FF6FF452C400D884FF60D
:1046C000FF7606EA05252C434FF6DF752A400D8953
:1046D00006EA05152A434D8806EA05152A43154DB5
:1046E000A84202D0144DA8421DD14FF67F752A4032
:1046F0004D894FF6FF7606EA05152A434FF6BF753A
:104700002A408D8806EA05152A434FF6FF352B40CF
:104710004FF2FF752B408D8906EA85052B43CD8925
:1047200006EA85052B4383800483CD8805870284B0
:1047300070BD0000002C0140003401400A460021F9
:10474000018B4FF2FF7319404FF6FF7303EA022308
:10475000194301837047000070B500240022002334
:10476000058C4FF6FF6635400584028C8388848B68
:104770004FF68F752C404FF6FC752C400D882C435E
:104780004FF6FF552A400D894FF6FF7606EA0525BC
:104790002A434D8806EA05252A43154DA84202D032
:1047A000144DA8421DD14FF2FF752A404D894FF696
:1047B000FF7606EA05252A434FF6FF352A408D8805
:1047C00006EA05252A434EF6FF752B404DF6FF7588
:1047D0002B408D8906EA05152B43CD8906EA051580
:1047E0002B4383808483CD888587028470BD00003D
:1047F000002C0140003401400A460021818B4FF615
:10480000F7731940114381837047000070B500228F
:1048100000230024058C4EF6FF7635400584038C7A
:104820008488828B48F6FF752A404FF6FF452A4060
:104830000D884FF6FF7606EA05252A434DF6FF75EB
:104840002B400D8906EA05352B434D8806EA0535D0
:104850002B430B4DA84202D00A4DA84208D14BF67B
:10486000FF752C408D894FF6FF7606EA85152C439F
:1048700084808283CD88A0F84050038470BD0000FE
:10488000002C0140003401400A460021818B4FF288
:10489000FF7319404FF6FF7303EA02231943818324
:1048A0007047818670470187704781877047A0F8FD
:1048B00040107047028B4FF6F3731A400283028B4D
:1048C0000A4302837047028B4FF2FF331A40028380
:1048D000028B4FF6FF7303EA01231A4302837047EA
:1048E000828B4FF6F3731A408283828B0A43828352
:1048F0007047828B4FF2FF331A408283828B4FF6D0
:10490000FF7303EA01231A4382837047002202885F
:104910001D4B98420ED01D4B98420BD0B0F1804FEA
:1049200008D01B4B984205D01A4B984202D01A4B24
:10493000984204D14FF68F731A404B881A43174B95
:10494000984207D0164B984204D04FF6FF431A40C6
:10495000CB881A4302808B8883850B8803850A4B9A
:1049600098420BD0094B984208D00E4B984205D084
:104970000D4B984202D00D4B984201D10B7A038621
:104980000123838270470000002C01400034014065
:104990000004004000080040000C004000100040EF
:1049A0000014004000400140004401400048014024
:1049B0004FF6FF71818000210180C180418001722A
:1049C00070470000ABE0FDF7D9FD55490880084667
:1049D0000088B0F5856F64DC10215248FEF77CF842
:1049E000C0F10100C4B2224610214E48FEF781F802
:1049F0004B480088B0F57D7F57DA10214948FEF713
:104A000074F847480088B0F5767F46DA4648008853
:104A1000401C45490880084600880A2845DD4FF4B7
:104A200080714248FEF763F810213E48FEF75DF8BA
:104A30003F48006802F0D4FC3E48006802F0D0FC19
:104A40000020FCF70FFD0020FCF736FDFCF774FE9C
:104A500022E0002338A203211846FCF725FF00239B
:104A60003BA205211846FCF71FFF4FF400512D48CB
:104A7000FEF73DF81E2002F045FA4FF40051294898
:104A8000FEF733F84FF47A7002F03CFAFCF754FE6C
:104A90004FF47A7002F036FADBE7002022490880F2
:104AA00003E010211F48FEF722F82F48007820B3BA
:104AB0002D48007801280FD141031A48FEF717F856
:104AC000C82002F01FFA4FF400511648FEF70DF807
:104AD00000202549087010E04FF400511148FEF7FE
:104AE00006F84FF47A7002F00DFA4FF400510D48B9
:104AF000FDF7FBFF00201C4908704FF480710B4844
:104B0000FDF7EAFFC0F10100C4B222464FF4807104
:104B10000648FDF7EEFF4FF4FA7002F0F3F952E7A2
:104B2000360000200010014068000020000801400D
:104B3000040000200C00002020202020204C6F7753
:104B400020706F7765722020202020200000000058
:104B50002020526F626F74206861732073746F70CD
:104B600070656420000000005000002010B540F285
:104B700025514C4800F0BBFA002874D0494800F099
:104B800071FBC4B248480078032823DA464800780D
:104B900038B9AA2C7ED145480470012042490870DA
:104BA00078E04148007801280BD1552C05D13F48C9
:104BB000447002203C4908706CE000203A490870BB
:104BC00068E03A488470032037490870601E38490D
:104BD00008705FE035488078401E33490978884284
:104BE0000EDD32483049097844542F480078401C83
:104BF0002D4908702E48007820442D49087049E05E
:104C00000020294908702A480078844242D10020B7
:104C1000284908702548C078502825D12348407974
:104C20002249097940EA012000B22349C8801F487F
:104C3000C0791E49897940EA012000B21E490881E5
:104C40001A48407A1949097A40EA012000B21A4903
:104C500048810A46B2F90A10B2F90600FBF7F8FFDC
:104C60001649088016E01BE01048C078602811D172
:104C70000E4840790D49097940EA012000B21049F7
:104C800008800A48C0790949897940EA012000B2C0
:104C90000B494880012240F22551024800F051FAA8
:104CA00010BD0000004C0040A5000020680200205C
:104CB000A60000205D000020400100205E000020D2
:104CC0006000002010B540F225512C4800F00FFA8A
:104CD000002851D0294800F0C5FAC4B2284800780D
:104CE000032823DA2648007838B9AA2C3ED1254873
:104CF000047001202249087038E02148007801281A
:104D00000BD1552C05D11F48447002201C49087056
:104D10002CE000201A49087028E01A48847003200B
:104D200017490870601E184908701FE01548807800
:104D3000401E1349097888420EDD1248104909784F
:104D400044540F480078401C0D4908700E48007804
:104D500020440D49087009E00B480078844205D1D1
:104D600001200A490870002005490870012240F21C
:104D70002551024800F0E5F910BD00000050004048
:104D8000A8000020B8020020A9000020A7000020F1
:104D900010B540F225514C4800F0A9F9002874D014
:104DA000494800F05FFAC4B248480078032823DA83
:104DB0004648007838B9AA2C7ED1454804700120B5
:104DC0004249087078E04148007801280BD1552C01
:104DD00005D13F48447002203C4908706CE0002037
:104DE0003A49087068E03A488470032037490870EF
:104DF000601E384908705FE035488078401E3349AE
:104E0000097888420EDD32483049097844542F48E9
:104E10000078401C2D4908702E48007820442D4908
:104E2000087049E00020294908702A480078844227
:104E300042D10020284908702548C078502825D143
:104E4000234840792249097940EA012000B22349E8
:104E5000C8801F48C0791E49897940EA012000B204
:104E60001E4908811A48407A1949097A40EA012006
:104E700000B21A4948810A46B2F90A10B2F906008E
:104E8000FBF7E6FE1649088016E01BE01048C078E4
:104E9000602811D10E4840790D49097940EA012076
:104EA00000B2104908800A48C0790949897940EA66
:104EB000012000B20B494880012240F225510248EE
:104EC00000F03FF910BD0000003801409F000020B5
:104ED000C8010020A00000205D000020400100204B
:104EE0005E0000206000002010B540F225513348DC
:104EF00000F0FDF800285FD0304800F0B3F9C4B2EC
:104F00002F480078032823DA2D48007838B9AA2CD6
:104F10004CD12C48047001202949087046E02848EB
:104F2000007801280BD1552C05D126484470022069
:104F3000234908703AE000202149087036E02148F2
:104F4000847003201E490870601E1F4908702DE000
:104F50001C488078401E1A49097888420EDD19489D
:104F600017490978445416480078401C14490870C1
:104F70001548007820441449087017E000201049B3
:104F8000087011480078844210D101200F49087040
:104F90000C48C078302809D10A480079552805D135
:104FA00002200B49087001200A490870012240F2D2
:104FB0002551024800F0C5F810BD00000044004033
:104FC000A200002018020020A3000020A100002061
:104FD0005D0000205000002010B540F225513048FF
:104FE00000F085F800285AD02D4800F03BF9C4B2F3
:104FF0002C48007858B90F2C4BD12B4829490978F7
:10500000445428480078401C2649087041E025484F
:105010000078182834DB94BB012024490870244808
:105020000078032827D02048C07880111E490979CC
:1050300040EA81001C49497940EA8120C0F30A0016
:105040001C4908801848807A40111749C97A40EAFB
:10505000C100184948800846008840F2DC51884267
:1050600009DD14484088884205DD03201049087096
:1050700001201149087000200A49087009E0FFE783
:10508000094808490978445406480078401C0549F5
:105090000870012240F22551014800F052F810BD7D
:1050A00000480040AB00002008030020AA000020B8
:1050B0005D000020AC0000205000002021B182895A
:1050C00042F40052828104E082894DF6FF731A4057
:1050D0008281704702460020B1F5007F00D100BFF9
:1050E00013880B400BB1012000E00020704770B521
:1050F0000246002400230025002040F66A16B14233
:1051000000D100BFC1F3421501F01F03012606FACA
:1051100003F3012D02D19689334006E0022D02D11E
:10512000168A334001E0968A33400C12012606FAB3
:1051300004F41688344013B10CB1012000E00020C3
:1051400070BDF0B50346002400260025002040F67F
:105150006A17B94200D100BF1846C1F3421401F0EA
:105160001F06012707FA06F5012C01D10C3004E0D7
:10517000022C01D1103000E014301AB107682F431F
:10518000076002E00768AF430760F0BD2DE9F04714
:1051900086B005460E460024A24600BFA146002761
:1051A000B08900B100BF2F462C8A4CF6FF70044036
:1051B000F08804432C82AC894EF6F3100440B0888A
:1051C00031890843718908430443AC81AC8A4FF6A6
:1051D000FF400440B0890443AC8201A8FEF71AF9ED
:1051E0001F48874202D1DDF810A001E0DDF80CA0D5
:1051F000A88900F4004040B10AEBCA0000EB0A1095
:1052000031684900B0FBF1F807E00AEBCA0000EB97
:105210000A1031688900B0FBF1F86420B8FBF0F0A7
:1052200004012009642101FB1089A88900F40040D1
:1052300040B1322000EBC900B0FBF1F000F00700F4
:10524000044308E0322000EB09106421B0FBF1F0C8
:1052500000F00F0004432C8106B0BDE8F087000089
:105260000038014001468888C0F308007047C1F348
:1052700008028280704700BFFEE700000FB4054BB4
:1052800010B503A9044A029800F09CFB10BC5DF81D
:1052900014FB00009D5D000838010020490050EA21
:1052A000C12018BF04204A0D18BF40F0010040F291
:1052B000FF72B2EB515F08BF40F00200012808BF47
:1052C000052070472DE9F74F144694B00021C4E93A
:1052D00002111599079121F00045C9498D4206DC5C
:1052E0001599C4E9000117B00020BDE8F08FC54949
:1052F000DFF814A3A9423CDD0799C44E0029C44F2E
:10530000C44A1599534619DDFBF7F5F8554506D003
:10531000C14AC24BFBF7EFF8C4E900010AE04FF0C5
:10532000D352BE4BFBF7E7F832463B46FBF7E3F8B8
:10533000C4E9000117B00120BDE8F08FFBF73AF88F
:10534000554506D0B44AB54BFBF734F8C4E9000123
:105350000AE04FF0D352B14BFBF72CF832463B46F4
:10536000FBF728F8C4E9000117B04FF0FF30BDE8A3
:10537000F08FAB49A942159978DB21F000418346B3
:105380008846A84AA84BFBF7BCF80022A74BFBF7BE
:1053900011F8FBF7EBF90990FBF79DF906460F466C
:1053A0009C4A5346FBF7ADF843465A46FBF7A6F82E
:1053B00080468A46984A994B30463946FBF7A1F811
:1053C0002A0D01250B9242465346FBF797F8032D11
:1053D000C4E9000139D00B98C1F30A51401A05EB1A
:1053E00045111139814230DA9148C346784400EBC7
:1053F0000510CDF80CA00C90D0E9002330463946BA
:10540000FBF77FF802460B46049106905846039935
:10541000FBF771F880468A4602460B4658460399C8
:10542000FBF769F8049B069AFBF765F883460C982E
:1054300003913946D0E902233046FBF762F85A4619
:10544000039BFBF758F86D1CBDE707980028A2BF27
:10545000099817B0BDE8F08F616881F00041616084
:10546000099817B04042BDE8F08FFFE784461598D1
:10547000C1F31301C0F30A50A0F2F5304FEA6018EF
:1054800000F01F06C6F12000139000200690079040
:1054900041F4801E05206D4676B1664A08EB000196
:1054A0007A4452F8213002EB8101B3404A681399E3
:1054B00022FA01F1194305E05F4908EB0002794443
:1054C00051F82210A1FB0E27A1FB0C131A449A429B
:1054D00034BF0123002303EB070A05EB8003D3E964
:1054E00001B70F448F4234BF0121002193448B4404
:1054F00011B1934502D903E0934501D2012100E0A7
:105500000021C3E901B7514445F82010011EA0F164
:105510000100C1DC0298059F00F10050800F12903D
:105520000298DDE903568000FBF7D5F8834628464C
:105530000D91FBF7E1F86FF01D02FBF76EFACDE974
:105540000E013046FBF7D8F86FF03D02FBF765FA25
:1055500080468A463846FBF7CFF86FF05D02FBF7CE
:105560005CFA0746424653461191FAF723FFDDE9FC
:105570000E23FAF71FFF5A460D9BFAF71BFF002573
:105580000E465A4628460D9BFAF7B5FFDDE90E2375
:10559000FAF7B1FF42465346FAF7ADFF3A46119B80
:1055A000FAF7ACFFDFF898A0244A5346FAF7A9FFB0
:1055B00007468846234A244B31462846FAF7A1FF7E
:1055C0003A464346FAF7F6FE074688464FF0A842A9
:1055D000534631462846FAF794FF3A464346FAF7CF
:1055E000E9FE159A12F0004F04D0129A81F00041A2
:1055F00052421292C4E90001129817B0BDE8F08F30
:10560000FB21E93F7CD90240FB21F93F7370032E57
:105610008A19A33B000040543163621A61B4D03D43
:10562000FB21394183C8C96D305FE43F0000E03F92
:10563000883B0000043B0000E63A0000182D44546B
:10564000FB21F93D3326A611460B113C2DE9F04113
:105650004F1E00EBC7010446D1E9000115461E4666
:1056600037F006020DD02A463346FAF74AFF7F1E6E
:1056700004EBC703D3E90023FAF79CFE37F00602D8
:10568000F1D1022F25D0042F13D0062F18BFBDE86B
:10569000F0812A463346FAF734FFD4E90A23FAF7B1
:1056A00089FE2A463346FAF72CFFD4E90823FAF795
:1056B00081FE2A463346FAF724FFD4E90623FAF797
:1056C00079FE2A463346FAF71CFFD4E90423FAF799
:1056D00071FE2A463346FAF714FFD4E90223FAF79B
:1056E00069FE2A463346FAF70CFFD4E90023BDE8E9
:1056F000F041FAF75FBE00002DE9F04D04468CB092
:10570000904821F00047164698460D460991874279
:1057100006DA20462946FBF729F8002800F0AE807B
:105720008948B8421CDC09980028BCBF85F00045B8
:1057300088F00048854A864B20462946FAF7DEFE67
:1057400004460D463246434682488349FAF7D3FE63
:1057500022462B46FAF72EFE002604460D46B0469A
:1057600022462B4610461946FAF7CBFE8B46824658
:1057700002460B46FAF7C5FE0246089077480B46EC
:10578000009106217844FFF761FFCDE903107448CA
:1057900006217844009B089AFFF758FF52465B4663
:1057A000FAF7AFFECDE9051052465B462046294682
:1057B000FAF7A7FE07910090DDE90310DDE9053255
:1057C000FAF7F8FD079B009AFAF79BFE324643462C
:1057D000FAF7F0FD52465B46FAF793FE324643462F
:1057E000FAF7E8FD80460E465E4A5F4B079900983F
:1057F000FAF787FE42463346FAF7DCFD82468B46CF
:1058000022462B46FAF7D6FD80464F480E46B84250
:1058100014985BDCFAF75FFF074642463346059172
:10582000FAF7C8FDCDE90110424633461046194645
:10583000FAF767FEDDE90132FAF7D5FE52465B461C
:10584000FAF759FE22462B46FAF758FE0122FBF7DB
:10585000E4F83A46059BFAF751FE04460D460998CE
:10586000022101EAA070C0F10100FAF734FF0CB088
:1058700022462B46BDE8F04DFAF743BE1498401C73
:10588000384320430BD01498012812D00CB0224684
:105890002B46BDE8F04D00203449FAF7A4BE0CB009
:1058A00025F000432246BDE8F04D00203049FAF7CC
:1058B0009ABE20462946FFF7F1FC042808BF00F0F5
:1058C00063F820460CB02946BDE8F08D012802BFE0
:1058D00040460CB0BDE8F08D00270B463A46204606
:1058E0002946FAF70BFE52465B46FAF707FE0446D6
:1058F0000D464246334600201C49FAF774FE8346A3
:105900003A46884633461046FAF7FBFD0022184B0C
:10591000FAF750FD06468A4622462B46384641464F
:10592000FAF7EFFD32465346FAF744FD5A4643462E
:10593000FAF7E7FD0CB03A464346BDE8F04DFAF7FA
:1059400039BD00000000303E2894E53F182D445436
:10595000FB21E93F075C143326A6813CB8380000E0
:10596000DA380000635555555555D53F0000F0BF56
:105970000000F03F0122FBF750B80022134610460A
:105980001146FAF730BE0000024A00201107FBF76B
:1059900044B8000001FDFFFF02E008C8121F08C163
:1059A000002AFAD170477047002001E001C1121FA0
:1059B000002AFBD1704700000149086070470000D1
:1059C0003C0100202DE9FF4F8BB09A460F4605465B
:1059D000002606E025280BD052460D9990476D1CF5
:1059E000761C28780028F5D10FB03046BDE8F08F3E
:1059F0000024A0460122604900E0044315F8013F5D
:105A0000203B02FA03F00842F7D128782E2817D15C
:105A100015F8010F44F004042A280ED06FF02F026D
:105A20002878A0F1300109290AD808EB880102EB97
:105A3000410100EB01086D1CF2E757F8048B6D1C67
:105A4000287869283ED006DC0028CDD063280BD00A
:105A5000642804D136E0732810D075284BD0524604
:105A60000D999047761C85E017F8040B8DF800001F
:105A700000208DF80100E946012003E057F8049B5F
:105A80004FF0FF3061074FF0000401D40AE0641CBE
:105A900044450DDA8442FADB19F804100029F6D1E6
:105AA00006E0641C8442FCDB19F804100029F8D1DC
:105AB000264404E019F8010B52460D999047641EE4
:105AC000F8D257E001CF4FF00A0B002802DA40422B
:105AD0002D2102E0210504D52B218DF82410012170
:105AE00003E0E10705D02021F7E70DF12009089137
:105AF0000CE00021F9E701CF4FF00A0BF9E7594616
:105B0000FAF7B0FE01F1300209F8012D0028F6D1B4
:105B1000ADEB090000F1200B600701D44FF0010844
:105B2000D84502DDA8EB0B0000E0002080460024F1
:105B300006E009A85246005D0D999047641C761C4A
:105B400008988442F5DB04E0302052460D999047D6
:105B5000761CB8F10001A8F10108F5DC05E019F8A0
:105B6000010B52460D999047761CBBF10001ABF139
:105B7000010BF4DC6D1C34E7092801002DE9F84F16
:105B800004460D4621F0004000917349814211DC2A
:105B90007249884201DC06D12CB120462946BDE875
:105BA000F84FFFF7E7BE6E48002DCCBF6D496E4938
:105BB000BDE8F88F6D49814211DD6D498142D8BF42
:105BC0004FF0FF366DDD20462946FFF767FB0428BE
:105BD00008BFFFF7D9FE20462946BDE8F88F654982
:105BE000654F25F00045814233DD6449814219DD6E
:105BF000002632464FF0804320462946FAF7DAFB6A
:105C000080468A46012220462946FAF706FF0022EE
:105C10003B46FAF770FC42465346FAF7E4FC04466A
:105C20000D463EE001260022BA463B462046294664
:105C3000FAF7C0FB80460F4600225346204629460D
:105C4000FAF759FC42463B46FAF7CDFC04460D46AE
:105C500027E04B4981421BDDDFF828A10226002204
:105C6000534620462946FAF74CFC00223B46FAF7F9
:105C7000A1FB80460F460022534620462946FAF7EC
:105C80003AFC42463B46FAF7AEFC04460D4608E0B5
:105C9000032622462B4600203B49FAF7A4FC044683
:105CA0000D4622462B4610461946FAF72AFC8B462B
:105CB000824602460B46FAF724FC07460246334862
:105CC00088460B4606217844FFF7C0FC52465B46E7
:105CD000FAF717FC82462E488B463A464346052182
:105CE0007844FFF7B3FC3A464346FAF70AFC02460B
:105CF0000B46002E504659460CDAFAF75BFB22465B
:105D00002B46FAF7FEFB01B022462B46BDE8F04FCA
:105D1000FAF7F4BBFAF74EFB22462B46FAF7F1FBF3
:105D20001C4A7A4402EBC603D3E90023FAF7E3FBEB
:105D300022462B46FAF7DFFB174A7A4402EBC603EA
:105D4000D3E90023FAF7DAFB009A002AB8BF81F002
:105D50000041BDE8F88F0000000010440000F07F13
:105D6000182D4454FB21F93FFB21F9BF0000DC3F13
:105D70000000203E0000F33F0000F03F0000E63F3F
:105D8000008003400000F83F0000F0BF7E320000BA
:105D90003C320000DA310000A231000070B5044648
:105DA0000D46E1B20548FFF762FA00BF4021034803
:105DB000FFF790F90028F9D0204670BD0038014067
:105DC0001CB54FF4A060FDF721FAFCF781F8FBF752
:105DD0009DFBFBF7D1F90220FBF7E8FA0120FBF766
:105DE000E5FAFBF717FBFBF7F9FAFCF7F5FBFAF717
:105DF0007FFF4FF4E130FCF719FA4FF46130FCF704
:105E000021FB4FF4E130FCF7CBFAFCF711F8FBF77C
:105E100025FFFBF70BFAFBF771FAFBF761FE002099
:105E20001C4908238022CDE900100146FBF7F2FC53
:105E3000FDF7A2F840F6B830FBF7C6F9FBF70AFC0D
:105E40000020FBF74DFC0120FBF759FCC820FBF7B5
:105E50005EFC0220FBF74CFC4FF400510E48FCF7AF
:105E600046FE6420FBF7B0F94FF400510A48FCF7F6
:105E70003CFE6420FBF7A8F908480121002380229A
:105E8000CDE9001006A1094801F030FF01F050FAF9
:105E900000BFFEE7B48200080010014000000020AF
:105EA00053746172745F5461736B0000A93C000805
:105EB0002DE9F04105460E461C4807681C4800685D
:105EC000001D00F069FE50B91948006890F82C10C8
:105ED0000120884017490968814316480160681C01
:105EE00038B936B112480168091D134800F092FE16
:105EF0001AE07C190E4800684460BC4207D20C4886
:105F00000168091D0D48006800F06AFE0CE00848B1
:105F10000168091D0A48006800F062FE094800682F
:105F2000844201D207480460BDE8F081C40000202B
:105F3000B0000020C80000204C060020B80000205F
:105F4000B4000020E000002010B5044600F06EFE12
:105F500023480068401C224908602248006840B974
:105F6000204804600846006801280DD100F0E6F9D9
:105F70000AE01D48006838B91A480068C06AE16A3A
:105F8000884201D81748046018480068401C174927
:105F9000086094F82C1001208840154909680843CE
:105FA00013490860E16A01EB8101124A02EB8100AA
:105FB000211D00F02FFE00F07BFE0B48006868B149
:105FC00008480068C06AE16A884207D24FF08050F2
:105FD00009490860BFF34F8FBFF36F8F10BD0000FA
:105FE000C0000020B0000020CC000020DC00002019
:105FF000C80000207C03002004ED00E010B500F094
:1060000015FE10480068D0B90F4800F0D9FD0F48C0
:1060100000F0D6FD0C480E4908600C480D49086098
:1060200000221021052001F025FB064908600846E2
:10603000006820B108A10348006800F027FF00F0C5
:1060400037FE10BDF400002060060020740600201A
:10605000EC000020F0000020546D725100000000A0
:1060600070B523E001F03EFA1348006808B901203A
:1060700000E00020054601F0FBFFBDB900F0D6FDB1
:106080000D48C068C468201D00F086FD0B480068FC
:10609000401E0A4908600A480068401E0849086016
:1060A00000F006FE204600F060F800BF04480068DB
:1060B0000028D7D170BD000038060020C0000020A5
:1060C000BC00002070B504460D46206C70B1216CF8
:1060D000E0680844E0606168E068884201D32068B5
:1060E000E0602846226CE168FAF78AF870BD2DE975
:1060F000F04104460F4615464FF00008A66B206C91
:1061000040B9206860BB606801F0E8FE804600206E
:10611000606025E07DB93946226CA068FAF770F816
:10612000216CA0680844A060D4E90110884217D30C
:106130002068A06014E03946226CE068FAF760F845
:10614000216CE068401AE0602168E068884203D270
:10615000216C6068401AE060022D01D106B1761E04
:10616000701CA0634046BDE8F08110B50446206B6A
:1061700000F0D4FD204600F0D1FD10BD0146084AD4
:10618000126812680AB9012200E000220A600A6857
:1061900022B9034A1268D268106800E000207047F4
:1061A000EC00002030B54FF4A043174800F007047E
:1061B0002CB1C01D20F00700134C041B1B1B024612
:1061C000124C22600024114D6C60D018083820F069
:1061D00007000F4C206000240D4D2D686C600C4DA5
:1061E0002D682C601146441A4C60094C24680C60E0
:1061F000084D4C682C60084D4C682C604FF00044F2
:10620000064D2C6030BD00008806002000010020F3
:1062100008010020100100200C01002014010020C2
:1062200000BFFFF71DFF064800680128F9D94FF0AD
:10623000805004490860BFF34F8FBFF36F8FF0E7C2
:106240007C03002004ED00E02DE9F04106460D46F8
:1062500017469846069C0DB9246000E02760E66367
:1062600025640121204601F027FB0020A064BDE841
:10627000F08100002DE9FF5F81460F469246DDE97F
:106280000E6B109CAAF10100216B01EB800828F035
:10629000070808F0070008B9012000E0002028B92D
:1062A00040F22B321BA121A0FEF7E8FF002507E0FA
:1062B000795D04F134004155785D00B902E06D1C50
:1062C000102DF5D300BF002143200155202E00D30F
:1062D0001F26E66266640020A064201D00F07DFC9D
:1062E00004F1180000F079FC2461C6F12000A061DF
:1062F00064620020E06484F8500049464046039AF6
:1063000000F006FC2060BBF1000F01D0CBF800408C
:10631000BDE8FF9F2E2E5C4672656552544F535C5C
:106320007372635C7461736B732E63004572726F7A
:10633000723A25732C25640D0A00000010B5002464
:1063400007E004EB84010F4A02EB810000F038FC07
:10635000641C202CF5D30C4800F032FC0B4800F0F4
:106360002FFC0B4800F02CFC0A4800F029FC0A48DE
:1063700000F026FC04480949086004480849086000
:1063800010BD00007C030020FC050020100600204A
:1063900024060020380600204C060020B40000200F
:1063A000B800002010B50146164800E000680368F8
:1063B0008B42FBD30246436813448B4204D14368AB
:1063C0004C682344436001460A464B681344046802
:1063D000A34211D10C4C03682468A34208D04B6837
:1063E0000468646823444B6003681B680B6005E025
:1063F000054B1B680B6001E003680B60884200D00E
:10640000016010BD00010020080100202DE9F041CD
:1064100004460D4616461F464FF00008656024618D
:10642000B5420CD8F01BA169884202D34FF0010895
:1064300011E0211D0948006800F0D2FB0BE0BE42CC
:1064400004D2BD4202D34FF0010804E0211D0448EC
:10645000006800F0C5FB4046BDE8F081F000002078
:10646000EC00002070B5054600F0E0FBA86B08B911
:10647000012400E0002400F01BFC204670BD70B534
:10648000054600F0D3FBA86BE96B884201D10124DB
:1064900000E0002400F00CFC204670BD2DE9F34123
:1064A0000D460098846C00272CB940F6CE121AA134
:1064B0001FA0FEF7E3FEA06BE16B884201D2012032
:1064C00000E0002028B940F6CF1213A118A0FEF773
:1064D000D5FEA06BE16B88421BD294F945602A4639
:1064E00069462046FFF703FE0746701C60B9606AE4
:1064F00008B9012000E0002050B904F1240001F0A7
:106500005BFD28B1012703E0701C40B284F8450010
:1065100000BF3846BDE8FC812E2E5C467265655290
:10652000544F535C7372635C71756575652E6300BF
:106530004572726F723A25732C25640D0A000000B3
:10654000F8B505460F4613480068C068C468201DAA
:1065500000F022FBE069012818D1A06941192B46FF
:106560003A462046FFF752FF80B1002003462A46F4
:1065700001460090204601F049FE06462EB94FF430
:10658000027205A10BA0FEF779FE00BF2046616AEA
:106590008847F8BDEC0000202E2E5C4672656552DF
:1065A000544F535C7372635C74696D6572732E63D0
:1065B000000000004572726F723A25732C25640D3D
:1065C0000A000000F0B587B070E0039800280CDAEC
:1065D00004AE2EB940F2E7223AA141A0FEF74EFEEA
:1065E000D6E90020B168904700BF039800285DDB22
:1065F000059C606908B9012000E0002010B9201D49
:1066000000F0CAFA02A800F0C9F8054603980A2863
:106610004AD2DFE800F00905072C2E4506082D2F89
:1066200000BF00BF00BF00BF0498A26981180346E5
:106630002A462046FFF7EAFEC0B12046616A884735
:10664000E069012812D1002000900498A169421845
:1066500000231946204601F0D9FD07462FB940F224
:10666000213218A11EA0FEF709FE00BF1DE000BFE9
:106670001BE000BF0498A061A06908B1012000E000
:10668000002028B94FF44E720EA115A0FEF7F6FDBA
:10669000A06941192B462A462046FFF7B7FE04E0C1
:1066A000204600F03BFB00E000BF00BF00231A467D
:1066B00003A90F48006801F019F8002885D107B038
:1066C000F0BD00002E2E5C4672656552544F535C3F
:1066D0007372635C74696D6572732E6300000000F1
:1066E0004572726F723A25732C25640D0A00000002
:1066F000F4000020F8B505460C4600F0F3FE6846AD
:1067000000F04CF80646009820BB44B9B54206D8C4
:1067100001F0AEFC31462846FFF712FF1CE03CB109
:106720000E480068006808B9012000E00020044617
:10673000A91B22460A48006800F0BEFB01F098FC45
:1067400050B94FF0805007490860BFF34F8FBFF337
:106750006F8F01E001F08CFCF8BD0000F00000201C
:10676000F400002004ED00E00A490968096809B94D
:10677000012100E0002121B14FF0FF31064A1160F4
:1067800006E004490968C968C868034A416811609D
:1067900070470000B4000020E000002070B50446FF
:1067A00001F0E4FA054607480068854204D200F08B
:1067B0000BF80120206001E0002020600148056006
:1067C000284670BDFC0000202DE9F8432DE021484B
:1067D0000068C06805681F480068C068C468201D5C
:1067E00000F0DAF92046616A8847E06901281CD187
:1067F000A0694619AE4207D966602461211D15487B
:10680000006800F0EDF910E0002003462A4601463A
:106810000090204601F0FAFC07462FB940F2923270
:106820000DA114A0FEF72AFD00BF0A480068006809
:1068300008B9012000E000200028C8D00548D0F8A1
:10684000008010480068034908600E48C0F80080C6
:10685000BDE8F883EC0000202E2E5C467265655280
:10686000544F535C7372635C74696D6572732E630D
:10687000000000004572726F723A25732C25640D7A
:106880000A000000F00000200B480068401C08B916
:10689000012000E0002020B9F42208A111A0FEF799
:1068A000EDFC00BF502080F31188BFF34F8FBFF382
:1068B0006F8F00BF00BFFEE7180100202E2E5C4640
:1068C00072656552544F535C706F72745C525644DB
:1068D000535C41524D5F434D335C706F72742E6355
:1068E000000000004572726F723A25732C25640D0A
:1068F0000A00000008B500BF6846FFF73FFC0446E9
:1069000020460099FFF7F6FEFFF75CFEF4E770B54E
:10691000044600F08BF994F945501AE0A06C38B1A8
:1069200000212046FFF7BAFD88B100F01FFC0EE001
:10693000606A08B9012000E0002038B904F12400A1
:1069400001F03AFB18B100F011FC00E003E0681E12
:1069500045B2002DE2DC00BFFF2084F8450000F0C6
:10696000A7F900F063F994F9445010E0206908B9E0
:10697000012000E0002048B904F1100001F01CFBE8
:1069800008B100F0F3FB681E45B200E001E0002D05
:10699000ECDC00BFFF2084F8440000F089F970BDF2
:1069A0002DE9F04104464FF0000800F09BFD3E4801
:1069B000006808B9FFF7F6FB3C4800682040002853
:1069C0005FD1A4B1083404F0070080B104F00700DF
:1069D000C0F10800044404F0070008B9012000E0F9
:1069E000002020B9BF2232A13AA0FEF747FC002CBC
:1069F00047D03C480068844243D83B4E3046056847
:106A000001E02E462D686868A04202D2286800285E
:106A1000F7D125480068854233D0306800F1080876
:106A2000286830606868001B102813D92F1907F0F8
:106A3000070008B9012000E0002020B9EC221CA1C9
:106A400024A0FEF71BFC6868001B78606C60384669
:106A5000FFF7A8FC234968680968081A21490860FB
:106A60000846006821490968884203D21D48006829
:106A70001E4908600D49686809680843686000207D
:106A8000286001F0F5FA08F0070008B9012000E0DD
:106A9000002028B94FF4967205A10EA0FEF7EEFB78
:106AA0004046BDE8F08100000801002014010020EC
:106AB0002E2E5C4672656552544F535C706F727433
:106AC0005C4D656D4D616E675C686561705F342E0D
:106AD000630000004572726F723A25732C25640DB5
:106AE0000A0000000C01002000010020100100201D
:106AF0000648006830B10549096801F14800896C11
:106B0000491C01600148006870470000B000002087
:106B1000001F4FF080730360001F21F0010303602A
:106B2000001F034B036014380260203870470000D8
:106B30008968000810B5164B21F00042012486B088
:106B40009A4203DC0022134600941CE0114B9A4247
:106B500008D140B94FF00100FEF72EFFFEF70DFF00
:106B600006B010BD03DBFEF705FF06B010BD02AA9C
:106B7000FEF7A8FB00F00100A4EB40000DF1080CAB
:106B800000909CE80F00FEF7B7FD06B010BD0000B6
:106B9000FB21E93F0000F07F01460A69D1E901309D
:106BA0009860D1E9010358605068884201D1886833
:106BB0005060002008611068401E10601068704727
:106BC00000F1080141604FF0FF31816000F10801E0
:106BD000C1600161002101607047002101617047BF
:106BE00010B502460B685C1C0CB9106907E002F195
:106BF000080000E04068446824689C42FAD9446870
:106C00004C604C68A160886041600A611468641C33
:106C1000146010BD42684A6093688B609368596045
:106C20009160086103685B1C0360704710B500BF8A
:106C3000502080F31188BFF34F8FBFF36F8F00BFD9
:106C40000B480068401C0A49086008460068012893
:106C50000DD108480068C0B208B9012000E000204A
:106C600028B94FF4BD7204A10DA0FEF707FB10BDBB
:106C70001801002004ED00E02E2E5C46726565527E
:106C8000544F535C706F72745C525644535C415263
:106C90004D5F434D335C706F72742E6300000000D3
:106CA0004572726F723A25732C25640D0A0000003C
:106CB00010B50B48006828B940F2811209A113A051
:106CC000FEF7DCFA06480068401E054908600846E1
:106CD000006820B9002080F3118800BF00BF10BDFC
:106CE000180100202E2E5C4672656552544F535C8D
:106CF000706F72745C525644535C41524D5F434D09
:106D0000335C706F72742E63000000004572726F06
:106D1000723A25732C25640D0A00000070B50646F2
:106D20003546002E35D0083D2C461A496068096862
:106D3000084008B1012000E0002028B94FF4A072FB
:106D400015A11EA0FEF79AFA206808B9012000E0FC
:106D5000002028B940F241120FA118A0FEF78EFAC8
:106D60000C4960680968084098B1206888B90949E9
:106D7000606809688843606000F0B4FB134960688C
:106D800009680844114908602046FFF70BFB01F031
:106D90006FF970BD140100202E2E5C46726565529D
:106DA000544F535C706F72745C4D656D4D616E67CE
:106DB0005C686561705F342E630000004572726F1D
:106DC000723A25732C25640D0A0000000C01002086
:106DD000064800684FF47A71B0FBF1F0401E4FF0A6
:106DE000E021486107200861704700001C00002076
:106DF00070B5F9F7EFF90546102D11D305F1E02034
:106E000090F8F04310480078844201DB012000E054
:106E1000002028B94FF42A720CA116A0FEF72EFA12
:106E20001848006800F4E06017490968884201D8F2
:106E3000012000E0002028B94FF42E7203A10DA01C
:106E4000FEF71CFA70BD00001C0100202E2E5C46CF
:106E500072656552544F535C706F72745C52564445
:106E6000535C41524D5F434D335C706F72742E63BF
:106E7000000000004572726F723A25732C25640D74
:106E80000A0000000CED00E0200100200246002076
:106E90000BE0084B53F8303033B9064B43F8301051
:106EA00003EBC0035A6002E0401C0828F1D300BF86
:106EB000704700003C0300202DE9F04105460E46D6
:106EC00017462C46FFF7B2FE94F94400401C10B957
:106ED000002084F8440094F94500401C10B90020BB
:106EE00084F84500FFF7E4FEA06B28B93A46314626
:106EF00004F1240000F06CF92046FFF708FDBDE81E
:106F0000F081000070B504460025ACB10F48006860
:106F100008B9012000E0002028B940F2CF420CA1BE
:106F200011A0FEF7ABF900F0DDFA00212046FEF7D4
:106F3000BFFF01F09DF805463DB94FF080500E4966
:106F40000860BFF34F8FBFF36F8F70BDE800002064
:106F50002E2E5C4672656552544F535C7372635CAF
:106F60007461736B732E63004572726F723A25738E
:106F70002C25640D0A00000004ED00E02DE9F04727
:106F800004460F464FF000092CB940F2794226A181
:106F90002BA0FEF773F90FB1012000E0002028B903
:106FA00040F27A4220A126A0FEF768F9284800683E
:106FB00008B9012000E0002028B940F27B421AA164
:106FC0001FA0FEF75BF900F08DFA224806682068E2
:106FD000C5192068B04207D92068A8420BD9B5422C
:106FE00009D94FF0010906E02068A84201D8B5424E
:106FF00001D94FF001092560B9F1000F03D0A81B9A
:107000000021FEF755FF01F033F88046B8F1000F7C
:1070100007D14FF0805010490860BFF34F8FBFF386
:107020006F8FBDE8F08700002E2E5C4672656552BA
:10703000544F535C7372635C7461736B732E6300A3
:107040004572726F723A25732C25640D0A00000098
:10705000E8000020C400002004ED00E070B5054603
:10706000FFF7E4FD15B92D48006800E02846044606
:10707000201DFFF791FD78B9E06A00EB80002849F8
:1070800051F8200040B994F82C100120884025497F
:107090000968814323480160A06A18B104F118000F
:1070A000FFF77AFD20480068401C1F4908601B4814
:1070B0000068844209D1211D1C48FFF7ABFD1C4824
:1070C0000068401C1A49086009E01A480068401E20
:1070D000184908602046FFF748F8FFF745FBFFF71F
:1070E000E7FD15480068C0B10C480068844214D11F
:1070F0001248006808B9012000E0002028B940F2D9
:1071000065420FA114A0FEF7B9F84FF08050164960
:107110000860BFF34F8FBFF36F8F70BDB0000020CA
:107120007C030020C8000020DC000020380600207E
:10713000BC000020C0000020CC000020E80000209F
:107140002E2E5C4672656552544F535C7372635CBD
:107150007461736B732E63004572726F723A25739C
:107160002C25640D0A00000004ED00E00120014917
:1071700008607047D400002070B504460D462CB955
:1071800040F6063207A10DA0FEF778F80F48016817
:1071900018312046FFF724FD01212846FEF788FE1E
:1071A00070BD00002E2E5C4672656552544F535CD4
:1071B0007372635C7461736B732E63004572726FDC
:1071C000723A25732C25640D0A000000B0000020DF
:1071D00070B505460E4614462DB940F6313209A168
:1071E0000EA0FEF74BF81148016818312846FFF74A
:1071F00011FD0CB14FF0FF3621463046FEF758FE28
:1072000070BD00002E2E5C4672656552544F535C73
:107210007372635C7461736B732E63004572726F7B
:10722000723A25732C25640D0A000000B00000207E
:1072300070B505462C46002D4BD02649E06A0968FA
:10724000C96A884245D2A06900F0004028B92148A7
:107250000068C06AC0F12000A061E16A01EB810111
:107260001D4A02EB81016069884201D1012000E0E2
:10727000002050B3201DFFF78FFC78B9E06A00EBC7
:107280008000154951F8200040B994F82C100120D5
:107290008840124909688143104801600D48006820
:1072A000C06AE06294F82C10012088400B490968FC
:1072B00008430A490860E16A01EB8101064A02EBD2
:1072C0008100211DFFF7A6FC03E002480068C06AA8
:1072D000E06270BDB00000207C030020C8000020E8
:1072E00010B504462CB940F6C13205A10AA0FDF73D
:1072F000C5FF0D48006820600C480068606010BD44
:107300002E2E5C4672656552544F535C7372635CFB
:107310007461736B732E63004572726F723A2573DA
:107320002C25640D0A000000D8000020C4000020B5
:107330001CB51A4800210B468022CDE9001018A187
:10734000194800F0D3FC0446012C02D100F022FFC2
:107350000446012C15D100BF502080F31188BFF3E3
:107360004F8FBFF36F8F00BF4FF0FF300F490860A2
:1073700001200F49086000200E49086000F010F954
:107380000BE0601C08B1012000E0002028B940F2A9
:10739000847209A10EA0FDF771FF1CBDE40000205E
:1073A00049444C450000000021620008E000002034
:1073B000CC000020C40000202E2E5C467265655271
:1073C000544F535C7372635C7461736B732E630010
:1073D0004572726F723A25732C25640D0A00000005
:1073E00070B50546FFF722FC15B92C48006800E08F
:1073F00028460446201DFFF7CFFB78B9E06A00EB72
:107400008000274951F8200040B994F82C10012041
:10741000884024490968814322480160A06A18B164
:1074200004F11800FFF7B8FB211D1F48FFF7F2FB1E
:10743000FFF73EFC1D48006828B1FFF7F7FBFFF798
:1074400093F9FFF735FC15480068844224D11748AA
:107450000068A8B11648006808B9012000E00020C3
:1074600028B940F2576213A118A0FDF707FF4FF0AB
:1074700080501A490860BFF34F8FBFF36F8F0BE046
:107480000948006816490968884203D10020034969
:10749000086001E000F02EF870BD0000B000002090
:1074A0007C030020C80000204C060020CC000020F7
:1074B000E80000202E2E5C4672656552544F535CE6
:1074C0007372635C7461736B732E63004572726FC9
:1074D000723A25732C25640D0A00000004ED00E0CB
:1074E000C000002002480068401C01490860704745
:1074F000E800002010B51B48006818B101201A49A7
:1075000008602DE000201849086018480068B0FAAB
:1075100080F0C0F11F0404EB8400154951F82000ED
:1075200008B1012000E0002028B940F6F62211A1A0
:1075300016A0FDF7A3FE04EB84010D4A02EB8100C7
:1075400041684968416000F1080142688A4202D1FD
:107550004168496841604168C968104A116000BFCC
:1075600010BD0000E8000020D4000020C80000206A
:107570007C0300202E2E5C4672656552544F535C8E
:107580007372635C7461736B732E63004572726F08
:10759000723A25732C25640D0A000000B00000200B
:1075A0001CB52248014609780191FF21024611705D
:1075B0000146097800919DF8001001F050011C4A25
:1075C000117007211B4A116009E01A490968491E18
:1075D000184A11609DF800104906090E00919DF8A7
:1075E000001001F080018029EFD0124909680902DA
:1075F000104A11601146098801F4E06111600B4ADC
:10760000019911700C48006840F470000A49086044
:107610000846006840F070400860FFF7D9FB002082
:1076200006490860F8F7A0FD00201CBD00E400E05A
:107630001C0100202001002020ED00E018010020A6
:1076400010B500BF502080F31188BFF34F8FBFF3F8
:107650006F8F00BF00F090FB18B14FF080500449CD
:10766000086000BF002080F3118800BF10BD00003B
:1076700004ED00E02DE9F84305460E4690460DB1B5
:10768000012000E0002028B94FF4C4720DA113A01E
:10769000FDF7F4FD0EB9002701E005FB06F707F141
:1076A0004C00FFF77DF9044644B104F14C09434610
:1076B0004A46314628460094FEF7C6FD2046BDE8FE
:1076C000F88300002E2E5C4672656552544F535C61
:1076D0007372635C71756575652E63004572726FB8
:1076E000723A25732C25640D0A0000002DE9FF472E
:1076F00082B005460E461F464FF0000A2C462CB9B4
:1077000040F2DC4261A167A0FDF7B8FD0EB9206C24
:1077100008B9012000E0002028B940F2DD425BA159
:1077200060A0FDF7ABFD00F011FB08B9049808B9A3
:10773000012000E0002028B94FF49C6253A159A019
:10774000FDF79CFD00BFFFF771FAD4F83890B9F14E
:10775000000F3DD0D4F80C8031462046FEF7B2FC35
:10776000DFB9A9F10100A063206810B9FFF7C0F9E3
:107770006060206908B9012000E0002010BB04F11E
:10778000100000F019FCE8B14FF080504949086042
:10779000BFF34F8FBFF36F8F14E0C4F80C80606AA3
:1077A00008B9012000E0002060B904F1240000F0D5
:1077B00003FC38B14FF080503E490860BFF34F8F53
:1077C000BFF36F8FFFF774FA012006B0BDE8F087B2
:1077D000049818B9FFF76CFA0020F6E7BAF1000F29
:1077E00004D16846FFF77CFD4FF0010AFFF760FA0D
:1077F000FFF778FEFFF71AFA94F94400401C10B91D
:10780000002084F8440094F94500401C10B9002081
:1078100084F84500FFF74CFA04A9684600F014FA12
:1078200040BB2046FEF71EFEF0B1206830B9FFF7DE
:10783000FDF96068FFF7FCFCFFF73AFA04F1240059
:107840000499FFF799FC2046FFF761F800F010FC5F
:1078500000287FF478AF4FF0805016490860BFF3DE
:107860004F8FBFF36F8F6EE72046FFF750F800F0A1
:10787000FFFB68E72046FFF74AF800F0F9FB2046D7
:10788000FEF7F0FD0028EED000209EE72E2E5C468D
:1078900072656552544F535C7372635C71756575A4
:1078A000652E63004572726F723A25732C25640D44
:1078B0000A00000004ED00E070B505460E462C46B7
:1078C0002CB940F21B121EA123A0FDF7D7FCFFF735
:1078D000ADF9D4E90F12206801FB020060600020BE
:1078E000A0632068A060E06B401E226C216800FB52
:1078F0000210E060FF2084F8440084F845009EB93F
:10790000206908B9012000E00020A8B904F11000A6
:1079100000F052FB80B14FF0805013490860BFF374
:107920004F8FBFF36F8F07E004F11000FFF748F9A6
:1079300004F12400FFF744F9FFF7BAF9012070BD04
:107940002E2E5C4672656552544F535C7372635CB5
:1079500071756575652E63004572726F723A257395
:107960002C25640D0A00000004ED00E02DE9FF4322
:1079700083B0064688461D464FF0000934462CB9B0
:1079800040F2D92260A166A0FDF778FCB8F1000FA3
:1079900001D1206C08B9012000E0002028B940F294
:1079A000DA2259A15EA0FDF769FC022D02D1E06B3D
:1079B000012801D1012000E0002028B940F2DB229B
:1079C00051A157A0FDF75AFC00F0C0F908B905987D
:1079D00008B9012000E0002028B940F2DE224AA1C7
:1079E0004FA0FDF74BFC00BFFFF720F9A06BE16B48
:1079F000884201D3022D38D12A4641462046FEF75F
:107A000076FB0746A06C68B129462046FEF746FD86
:107A100028B34FF0805046490860BFF34F8FBFF343
:107A20006F8F1CE0606A08B9012000E0002068B98F
:107A300004F1240000F0C0FA88B14FF080503C49B6
:107A40000860BFF34F8FBFF36F8F08E03FB14FF077
:107A5000805037490860BFF34F8FBFF36F8FFFF738
:107A600027F9012007B0BDE8F083059818B9FFF7A2
:107A70001FF90020F6E7B9F1000F04D101A8FFF7C4
:107A80002FFC4FF00109FFF713F9FFF72BFDFFF76C
:107A9000CDF894F94400401C10B9002084F844004B
:107AA00094F94500401C10B9002084F84500FFF708
:107AB000FFF805A901A800F0C7F8F0B92046FEF7C5
:107AC000DEFCA0B104F110000599FFF755FB20463C
:107AD000FEF71DFF00F0CCFA002885D14FF0805052
:107AE00013490860BFF34F8FBFF36F8F7CE72046C9
:107AF000FEF70DFF00F0BCFA76E72046FEF707FF21
:107B000000F0B6FA0020ADE72E2E5C467265655295
:107B1000544F535C7372635C71756575652E6300B9
:107B20004572726F723A25732C25640D0A000000AD
:107B300004ED00E02DE9F05F80468A4615461E46BA
:107B400044462CB940F29F3235A13BA0FDF796FB8D
:107B5000BAF1000F01D1206C08B9012000E000202B
:107B600028B94FF468722EA133A0FDF787FB022ECF
:107B700002D1E06B012801D1012000E0002028B9EA
:107B800040F2A13226A12CA0FDF778FBFFF730F9D7
:107B900000BF5021EFF3118081F31188BFF34F8FA5
:107BA000BFF36F8F00BF0746A06BE16B884201D324
:107BB000022E2BD194F945B0324651462046FEF7AD
:107BC00096FA0BF10100C8B9A06C40B131462046CD
:107BD000FEF764FCB8B1B5B10120286013E0606A1B
:107BE00008B9012000E0002068B904F1240000F089
:107BF000E3F940B13DB10120286004E00BF1010040
:107C000040B284F845004FF0010901E04FF000094F
:107C100000BF87F3118800BF4846BDE8F09F000011
:107C20002E2E5C4672656552544F535C7372635CD2
:107C300071756575652E63004572726F723A2573B2
:107C40002C25640D0A0000002DE9F04104460D4684
:107C50002CB940F6CB3219A11EA0FDF70FFB2DB9B0
:107C600040F6CC3215A11BA0FDF708FBFEF7DEFFA6
:107C70001C4807682868401C08B9002619E01A4902
:107C800020680968884204D06068B84201D801269B
:107C90000FE06068381A2968884209D2286861684C
:107CA000791A401A28602046FFF71AFB002600E0E8
:107CB0000126FEF7FDFF3046BDE8F0812E2E5C4622
:107CC00072656552544F535C7372635C7461736B7D
:107CD000732E63004572726F723A25732C25640D02
:107CE0000A000000C4000020D80000202DE9FF4F4A
:107CF00085B0804689461746DDE912ABB800FEF72D
:107D00004FFE064656B15420FEF74AFE04460CB11B
:107D1000266304E03046FFF701F800E000247CB160
:107D20000020CDE900ABCDE902403A464946404645
:107D3000089BFEF79FFA2046FEF706F9012501E0B1
:107D40004FF0FF35284609B0BDE8F08F05490968B6
:107D500009B9012005E00449096809B9022000E0D9
:107D600000207047CC000020E8000020014908688E
:107D700070470000C40000202DE9F0414FF00008DA
:107D800041480068002872D140480068451C3F48BF
:107D90000560EDB93E480068006808B9012000E0C0
:107DA000002028B940F6D9123AA140A0FDF766FAA2
:107DB0003748076841480068354908603F48076010
:107DC0003F480068401C3E490860FEF7CDFC00BFFC
:107DD0003C48006885423CD300BF2D4800680068DD
:107DE00008B9012000E0002020B14FF0FF303549F4
:107DF00008602DE026480068C068C4686668B5421F
:107E000002D23048066023E0201DFEF7C5FEA06ABE
:107E100018B104F11800FEF7BFFE94F82C100120F1
:107E2000884029490968084327490860E16A01EB4D
:107E30008101264A02EB8100211DFEF7EBFE244959
:107E4000E06A0968C96A8842C7D34FF00108C4E7ED
:107E500000BF1F480068C06A00EB80001B4951F852
:107E60002000012801D94FF0010805E0FFE719487B
:107E70000068401C174908601748006808B14FF0B7
:107E800001084046BDE8F081E8000020C400002061
:107E9000B40000202E2E5C4672656552544F535C30
:107EA0007372635C7461736B732E63004572726FDF
:107EB000723A25732C25640D0A000000B8000020DA
:107EC000D8000020E0000020C80000207C03002033
:107ED000B0000020D0000020D400002070B505467E
:107EE0002C460026002D4BD026480068844201D144
:107EF000012000E0002028B940F6C76222A128A096
:107F0000FDF7BCF9A06C28B940F6C9621EA124A0F7
:107F1000FDF7B4F9A06C401EA064616CE06A884271
:107F20002ED0A06C60BB201DFEF736FE78B9E06A4B
:107F300000EB80001E4951F8200040B994F82C1045
:107F4000012088401B49096881431A480160606C20
:107F5000E062E06AC0F12000A06194F82C100120DA
:107F6000884014490968084312490860E16A01EB36
:107F700081010F4A02EB8100211DFEF74BFE012615
:107F8000304670BDB00000202E2E5C4672656552F2
:107F9000544F535C7372635C7461736B732E630034
:107FA0004572726F723A25732C25640D0A00000029
:107FB0007C030020C800002070B50646F068C46845
:107FC0002CB940F661321AA11FA0FDF757F904F150
:107FD0001800FEF7E1FD20480068A8B9201DFEF753
:107FE000DBFD94F82C10012088401C4909680843E7
:107FF0001A490860E16A01EB8101194A02EB81002C
:10800000211DFEF707FE04E004F118011548FEF7F4
:1080100001FE1549E06A0968C96A884204D9012548
:1080200001201249086000E00025284670BD0000CC
:108030002E2E5C4672656552544F535C7372635CBE
:108040007461736B732E63004572726F723A25739D
:108050002C25640D0A000000E8000020C800002064
:108060007C03002024060020B0000020D400002063
:1080700070B5002400263448006828B94FF4FD622A
:1080800032A138A0FDF7FAF8FEF7D0FD2E480068BF
:10809000401E2D4908600846006800284FD1354829
:1080A000006800284BD024E03348C068C46804F15D
:1080B0001800FEF771FD201DFEF76EFD94F82C10E0
:1080C000012088402D49096808432C490860E16A6D
:1080D00001EB81012A4A02EB8100211DFEF79AFD86
:1080E0002849E06A0968C96A884202D30120264902
:1080F00008602148006808B9012000E0002000283D
:10810000D2D00CB1FEF730FB2048056865B100BF46
:10811000FFF732FE10B101201B4908606D1E002DD3
:10812000F6D10020194908601748006838B10126C7
:10813000300717490860BFF34F8FBFF36F8FFEF70B
:10814000B7FD304670BD0000E80000202E2E5C46D2
:1081500072656552544F535C7372635C7461736BE8
:10816000732E63004572726F723A25732C25640D6D
:108170000A000000C000002024060020C8000020E3
:108180007C030020B0000020D4000020D00000209C
:1081900004ED00E01CB50024FDF730FF0B4800683B
:1081A00058B10B481F2100234FF48072CDE9001015
:1081B00008A10A48FFF79AFD04462CB940F2331291
:1081C00007A10EA0FDF75AF820461CBDF4000020C0
:1081D000F8000020546D722053766300F5680008A3
:1081E0002E2E5C4672656552544F535C7372635C0D
:1081F00074696D6572732E63000000004572726FC2
:10820000723A25732C25640D0A0000002DE9FF4702
:1082100004460D4616461F46DDF830804FF0000933
:108220002CB94FF4D37217A11DA0FDF727F82048F1
:10823000006810B3009501960294062D15DAFFF739
:1082400085FD022808D10023424669461848006887
:10825000FFF78CFB814610E000231A46694614485C
:108260000068FFF783FB814607E000233A46694632
:108270000F480068FFF75EFC8146484604B0BDE841
:10828000F08700002E2E5C4672656552544F535C99
:108290007372635C74696D6572732E630000000015
:1082A0004572726F723A25732C25640D0A00000026
:1082B000F4000020000000000000000000000000AA
:1082C00000000000000000000000000000000000AE
:1082D000000000000000000000000000000000009E
:1082E000000000000000000000000000000000008E
:1082F000000000000000000000000000000000007E
:10830000000000000000000000000000000000006D
:10831000000000000000000000000000000000005D
:10832000000000000000000000000000000000004D
:10833000000000000000000000000000000000003D
:10834000000000000000000000000000000000002D
:10835000000000000000000000000000000000001D
:10836000000000000000000000000000000000000D
:1083700000000000000000000000000000000000FD
:1083800000000000000000000000000000000000ED
:1083900000000000000000000000000000000000DD
:1083A00000000000000000000000000000000000CD
:1083B00000000000000000000000020E1E7EFEFE15
:1083C000FEF8E000000080E0F8FCFEFE7E1E0602E3
:1083D000001E1E1E1E1E1E1EFEFEFEFEFE1E1E1E7B
:1083E0001E1E1E1E0000000000000000E0FCFEFE3D
:1083F0007EFEFEFEFCE00000000000000000000029
:1084000000FEFEFEFEFE1E1E1E1E1E1E3EFEFCFC8E
:10841000FCF8E00000000000FEFEFEFEFE00000092
:108420000080E0F0F8FEFE7E1E0E06020000000056
:108430000000000000000000000000000000010734
:10844000CFFFFFFFFCFEFFFFDF070300000000007F
:108450000000000000000000FFFFFFFFFF00000021
:10846000000000000000000000E0F8FFFFFF1F0315
:108470000000073FFFFFFFF8E000000000000000E1
:1084800000FFFFFFFFFFF0F0F0F0F0F8FCBFBF3F90
:108490001F0F030000000000FFFFFFFFFF70F8FE4A
:1084A000FFFFFFCF87010000000000000000000078
:1084B0000000000000000000000000C0E0F8FCFF29
:1084C000FF3F0F0700030F3FFFFFFEF8F0C0000063
:1084D0000000000000000000FFFFFFFFFF000000A1
:1084E000000000000000C0F8FFFFFF7F0F0F0F0F1C
:1084F0000F0F0F0F0F0F7FFFFFFFF8C000000000EE
:1085000000FFFFFFFFFF0000000101071F3FFFFF0B
:10851000FEF8F0C000000000FFFFFFFFFF000001B9
:10852000070F1F3FFFFEFCF8F0C0800000000000B6
:108530000000000000000000000203030303030327
:108540000000000000000000000303030303030217
:10855000000000000000000003030303030000000C
:1085600000000000000203030303030000000000FA
:1085700000000000000000030303030302000000EA
:1085800000030303030300000000000000000003D9
:1085900003030303030200000303030303000000BB
:1085A00000000000000103030303030302000000B6
:1085B00000000000000000000000000000000000BB
:1085C00000000000000000000000000000000000AB
:1085D000000000000000000000000000000000009B
:1085E000000000000000000000000000000000008B
:1085F000000000000000000000000000000000007B
:10860000000000000000000000000000000000006A
:10861000000000000000000000000000000000005A
:10862000000000000000000000000000000000004A
:10863000000000000000000000000000000000003A
:10864000000000000000000000000000000000002A
:10865000000000000000000000000000000000001A
:10866000000000000000000000000000000000000A
:1086700000000000000000000000000000000000FA
:1086800000000000000000000000000000000000EA
:1086900000000000000000000000000000000000DA
:1086A00000000000000000000000000000000000CA
:1086B00000000000000000000000000000000000BA
:1086C00000000000000000F800000000000000337F
:1086D0003000000000100C06100C06000000000026
:1086E0000000000040C07840C0784000043F04040F
:1086F0003F040400007088FC08300000001820FFD0
:10870000211E0000F008F000E018000000211C030A
:108710001E211E0000F00888700000001E21232486
:108720001927211010160E000000000000000000A4
:1087300000000000000000E0180402000000000734
:108740001820400000020418E0000000004020183B
:1087500007000000404080F0804040000202010F0E
:1087600001020200000000F0000000000101011FF2
:1087700001010100000000000000000080B0700056
:1087800000000000000000000000000000010101E6
:108790000101010100000000000000000030300075
:1087A000000000000000000080601804006018064F
:1087B0000100000000E010080810E000000F102089
:1087C00020100F00001010F8000000000020203FD3
:1087D000202000000070080808887000003028245D
:1087E00022213000003008888848300000182020FE
:1087F00020110E000000C02010F800000007042423
:10880000243F240000F80888880808000019212067
:1088100020110E0000E0108888180000000F1120C1
:1088200020110E0000380808C83808000000003F7A
:10883000000000000070880808887000001C2221D9
:1088400021221C0000E010080810E0000000312286
:1088500022110F00000000C0C00000000000003026
:108860003000000000000080000000000000806078
:1088700000000000000080402010080000010204F9
:1088800008102000404040404040400004040404E0
:10889000040404000008102040800000002010089C
:1088A00004020100007048080808F00000000030D1
:1088B00036010000C030C828E810E000071827245F
:1088C00023140B000000C038E0000000203C23020D
:1088D0000227382008F8888888700000203F202070
:1088E00020110E00C03008080808380007182020A2
:1088F0002010080008F808080810E000203F202099
:1089000020100F0008F88888E8081000203F202079
:108910002320180008F88888E8081000203F20006D
:1089200003000000C03008080838000007182020A5
:10893000221E020008F808000008F808203F210164
:1089400001213F20000808F8080800000020203F0F
:108950002020000000000808F8080800C08080807F
:108960007F00000008F888C028180800203F200178
:108970002638200008F8080000000000203F2020D2
:108980002020300008F8F800F8F80800203F003FE9
:10899000003F200008F830C00008F808203F200001
:1089A00007183F00E01008080810E0000F10202012
:1089B00020100F0008F808080808F000203F2101E7
:1089C00001010000E01008080810E0000F1824243E
:1089D00038504F0008F8888888887000203F2000B1
:1089E000030C302000708808080838000038202167
:1089F00021221C00180808F8080818000000203F71
:108A00002000000008F808000008F808001F2020D7
:108A100020201F000878880000C8380800000738A8
:108A20000E010000F80800F80008F800033C0700F9
:108A3000073C0300081868808068180820302C0361
:108A4000032C30200838C800C83808000000203F38
:108A50002000000010080808C83808002038262127
:108A600020201800000000FE020202000000007F2B
:108A700040404000000C30C0000000000000000139
:108A80000638C00000020202FE0000000040404024
:108A90007F00000000000402020204000000000049
:108AA00000000000000000000000000080808080C6
:108AB00080808080000202040000000000000000AE
:108AC0000000000000008080808000000019242247
:108AD00022223F2008F8008080000000003F112083
:108AE00020110E000000008080800000000E112088
:108AF00020201100000000808088F800000E112066
:108B000020103F200000808080800000001F222273
:108B100022221300008080F0888888180020203FDF
:108B2000202000000000808080808000006B9494F2
:108B30009493600008F8008080800000203F2100AE
:108B400000203F2000809898000000000020203F77
:108B500020200000000000809898000000C0808065
:108B6000807F000008F8000080808000203F240201
:108B70002D302000000808F8000000000020203FF1
:108B8000202000008080808080808000203F2000A6
:108B90003F20003F8080008080800000203F210037
:108BA00000203F200000808080800000001F2020E7
:108BB00020201F00808000808000000080FFA12016
:108BC00020110E000000008080808000000E112027
:108BD00020A0FF80808080008080800020203F21B6
:108BE0002000010000008080808080000033242469
:108BF00024241900008080E0808000000000001F15
:108C0000202000008080000000808000001F2020C5
:108C100020103F20808080000080808000010E3086
:108C20000806010080800080008080800F300C03E7
:108C30000C300F0000808000808080000020312EEA
:108C40000E312000808080000080808080818E70C6
:108C50001806010000808080808080000021302C78
:108C60002221300000000000807C02020000000091
:108C7000003F404000000000FF0000000000000036
:108C8000FF0000000002027C800000000040403F26
:108C900000000000000601010202040400000000C0
:108CA000000000000000000000000000002F000095
:108CB00000000700070000147F147F1400242A7F9F
:108CC0002A1200626408132300364955225000001E
:108CD0000503000000001C224100000041221C008E
:108CE0000014083E08140008083E0808000000A010
:108CF000600000080808080800006060000000200C
:108D000010080402003E5149453E0000427F4000E9
:108D1000004261514946002141454B31001814126F
:108D20007F10002745454539003C4A49493000013C
:108D30007109050300364949493600064949291E8B
:108D400000003636000000005636000000081422ED
:108D500041000014141414140000412214080002ED
:108D60000151090600324959513E007C1211127C12
:108D7000007F49494936003E41414122007F41413F
:108D8000221C007F49494941007F09090901003E31
:108D90004149497A007F0808087F0000417F41006F
:108DA000002040413F01007F08142241007F4040E5
:108DB0004040007F020C027F007F0408107F003ECD
:108DC0004141413E007F09090906003E4151215EB3
:108DD000007F091929460046494949310001017FB0
:108DE0000101003F4040403F001F2040201F003F46
:108DF0004038403F006314081463000708700807F8
:108E000000615149454300007F41410000552A550A
:108E10002A55000041417F00000402010204004085
:108E200040404040000001020400002054545478A7
:108E3000007F4844443800384444442000384444C7
:108E4000487F00385454541800087E090102001865
:108E5000A4A4A47C007F080404780000447D4000A2
:108E6000004080847D00007F102844000000417F86
:108E70004000007C04180478007C08040478003862
:108E80004444443800FC242424180018242418FCEA
:108E9000007C0804040800485454542000043F4453
:108EA0004020003C4040207C001C2040201C003C16
:108EB0004030403C004428102844001CA0A0A07C66
:108EC000004464544C44141414141414014200005B
:108ED0000000000000FFFFFFFFFFFFFFFFFFFF009C
:108EE0004FBB610567ACDD3F182D4454FB21E93FC2
:108EF0009BF681D20B73EF3F182D4454FB21F93FB1
:108F0000E2652F227F2B7A3C075C143326A6813C36
:108F1000BDCBF07A8807703C075C143326A6913CE1
:108F2000C4EB98999999C9BF711623FEC671BCBF4D
:108F30006D9A74AFF2B0B3BF9AFDDE522DDEADBFB5
:108F40002F6C6A2C44B4A2BF0D5555555555D53FCD
:108F5000FF8300922449C23F6E204CC5CD45B73FE8
:108F6000513DD0A0660DB13FEB0D76244B7BA93F60
:108F700011DA22E33AAD903F00004054FB21F93F63
:108F80003163621A61B4D03D0000601A61B4D03D13
:108F90007370032E8A19A33B0000002E8A19A33B8D
:108FA000C14920259A837B390000000000000000A1
:108FB0006E83F9A22915444ED15727FCC0DD34F544
:108FC000999562DB4190433CAB6351FE61C5BBDECA
:108FD0003A6E24B7E0D24D42EA2E49061C92D109DE
:108FE0001CEB1DFE3EA729B1F53582E88444BB2E5B
:108FF00026709CE9417E5FB439D69139F4395383A8
:109000008B5F849C3B28F9BDFF97F81F0F9805DE06
:109010008B112FEF1F6D0A5ACF7E366DB709CB2704
:10902000663F464F2DEA5F9EC7BA27757BF1E5EB99
:10903000F739073DEA92528AB15FFB6B085D8D1FDD
:109040007AFE10111111C13F37D60684F464963FA1
:10905000280356C9226D6D3F0165F2F2D844433FA3
:10906000A69237A0887E143F735360DBCB75F3BEA6
:10907000FE41B31BBAA1AB3F93846EE9E326823F66
:109080001583E0FEC8DB573F68108D1AF726303F86
:10909000E9A7F0320FB8123FD47ABF74702AFB3EB2
:1090A000C090000800000020400100006C0A000889
:1090B000F49000084001002048590000A859000819
:1090C000011D84A24A0400091A01020304060708CC
:1090D000090741BC02840301018B040F0B027A05CE
:1090E0001AAA01C12D010203040480090607080918
:0490F0000204060868
:0400000508000131BD
:00000001FF
