:020000040800F2
:10000000D85C0020DD01000893300008192C00089E
:100010008F300008ED2500081B5F0008000000007D
:100020000000000000000000000000004501000882
:10003000F1250008000000008901000819420008AD
:10004000F7010008F7010008F7010008F7010008B0
:10005000F7010008F7010008F7010008F7010008A0
:10006000F7010008F7010008F7010008F701000890
:10007000F7010008F7010008F7010008F701000880
:10008000F7010008F7010008F7010008F701000870
:10009000F7010008F7010008F7010008F701000860
:1000A000F7010008F7010008F7010008F701000850
:1000B000F7010008F7010008F7010008F701000840
:1000C000F7010008F7010008F7010008F701000830
:1000D000F7010008A5540008FD550008ED5600087A
:1000E000F7010008F7010008F7010008F701000810
:1000F000F7010008F7010008F7010008F701000800
:10010000F7010008F7010008F7010008F7010008EF
:10011000854D0008D9530008F7010008F7010008D1
:10012000F7010008F7010008F7010008F7010008CF
:10013000DFF80CD000F0A4FC00480047496F00082D
:10014000D85C0020224B19680868B0E8F00F80F3F3
:100150000988BFF36F8F4FF0000080F311884EF0D5
:100160000D0E70470000000006480068006880F32C
:10017000088862B661B6BFF34F8FBFF36F8F00DFA1
:1001800000BF00BF08ED00E0EFF30980BFF36F8F01
:100190000F4B1A6820E9F00F106008B54FF05000BF
:1001A00080F31188BFF34F8FBFF36F8F08F014FBFC
:1001B0004FF0000080F31188BDE808401968086816
:1001C000B0E8F00F80F30988BFF36F8F704700BF6E
:1001D000F4000020EFF305807047000006488047D8
:1001E00006480047FEE7FEE7FEE7FEE7FEE7FEE71C
:1001F000FEE7FEE7FEE7FEE72942000831010008BE
:1002000040EA01039B0703D009E008C9121F08C098
:10021000042AFAD203E011F8013B00F8013B521E18
:10022000F9D27047F0B480EA0102D40F4200B2EB79
:10023000410F02D20246084611464A0042D0C30D81
:10024000DDB2C1F3C752AD1A202D35DAC1F3160164
:1002500041F4000204B15242C5F1200602FA06F14F
:100260002A411044B3EBD05F23D0C4B1012DA0EBE1
:10027000C35009DCF0BC4FF0004202EAC352DBB2CB
:1002800000F5000000F059BB400000F1807000EB69
:10029000C350A0F1807040EAD170490009E04908DC
:1002A00041EAC071A0EBC35000F50000400800EB2C
:1002B000C350F0BC00F038BB6142012202EB4101A7
:1002C000001BF6E7F0BC704781F00041AAE780F020
:1002D0000040A7E780EA010210B502F000434000A9
:1002E00022D04A001FD0010E01EB1261C0F356006C
:1002F000C2F3560240F4000042F40002A0FB0220C8
:1003000000047F39140400D0401C50EA124001D48C
:100310004000491EC2B20C0604EBD010401C40083D
:10032000802A02D003E0002010BD20F00100002947
:1003300000DA0020184310BD30B480EA010202F058
:10034000004530F0004221F0004013D090B1C30DC1
:10035000D40DC2F31601C0F31600E41A41F40001F3
:1003600040F400027D34914201D3641C00E0490056
:10037000002C02DA30BC002070474FF4000000234C
:10038000914201D3891A034340084FEA4101F7D152
:1003900051B1914202D14FF0004105E002D24FF03D
:1003A000010101E06FF0010103EBC450284430BCAF
:1003B00000F0BABA2DE9FE4F804681EA0300C00F73
:1003C0000C46009021F0004123F00045B8EB0200FC
:1003D000A94105D24046214690461C460B4602469E
:1003E00023F00040104347D0270DC7F30A00C3F3A2
:1003F0000A510290401A019040286BDAC3F31300AF
:1004000040F4801B0098924620B10023D2EB030AEF
:1004100063EB0B0B01985946C0F14002504600F0C7
:1004200052FA06460D4650465946019A00F06AFABD
:1004300010EB08006141002487EA115284EAE77357
:100440001A4340D0009A62B3019A012A4FEA075238
:1004500015DC001B61EB02014FF0004202EA07527B
:10046000CDE90042001C41F5801132462B4600F0D8
:10047000A1FA03B0BDE8F08F40462146F9E7001B22
:1004800061EB0201001C41F5801300185B4120184C
:10049000A2F5001747EB030140EAD570B6196D418C
:1004A00011E06D084FEA360645EAC0754FEA07527B
:1004B000001B61EB0201001C41F5801149084FEA65
:1004C00030000019514132462B4603B0BDE8F04FD1
:1004D00000F061BA0098012240000023D0EB020234
:1004E00063EBE073009821464FEAE074B8EB00003C
:1004F00061EB0401E9E783F000435BE781F0004131
:1005000058E72DE9FE4F81EA030404F0004421F08E
:10051000004100944FF0000B23F0004350EA010427
:100520005ED052EA03045BD0C3F30A54C1F30A5508
:100530002C44A4F2F3340194A0FB0254C1F3130140
:1005400041F48011C3F3130343F4801301FB02440D
:1005500000FB034E840A970A44EA815447EA835712
:10056000A4FB076802958D0A05FB07854FEA932CCB
:1005700004FB0C542705029D4FEA065847EA16373C
:10058000B5EB08056EEB070C870E920E47EA811754
:1005900042EA8312A7FB0201B6EB0B0164EB0004F5
:1005A0002B0D43EA0C335E1844EB1C50DA465146DF
:1005B000E7FB0201C5F313044FEA0B3343EA14537C
:1005C0004FEA0432019C43EA0603A4F10C040294AE
:1005D000009CCDE900B400F0EDF903B0BDE8F08F68
:1005E00000200146F9E72DE9F04D81EA030404F00B
:1005F000004B21F0004514464FF0000A23F0004163
:1006000050EA050220D054EA01021DD0C5F30A5772
:100610000246C5F31303C1F31300C1F30A5640F4B5
:10062000801543F48013A7EB0608101BD64608F28A
:10063000FD3873EB050002D308F1010801E09218C0
:100640005B41B8F1000F03DA00200146BDE8F08DF0
:1006500000204FF48011064684460EE0171B73EB12
:10066000050705D3121B63EB050306434CEA010C97
:1006700049084FEA300092185B4150EA0107EDD17A
:1006800052EA030012D082EA040083EA050108431B
:1006900005D0101BAB4106D20122002306E0002248
:1006A0004FF0004302E06FF0010253101AEB060016
:1006B0004CEB085110EB0A0041EB0B01BDE8F04D8B
:1006C00000F069B9C10F80EAE0700844CA079623B8
:1006D000002100F032B90EB5C10F80EAE070084485
:1006E000CA07002140F233438DE80E000A460B464C
:1006F00000F060F903B000BD0EB540F23341029145
:100700000021CDE900110A460B4600F053F903B071
:1007100000BD00F0004220F00040C10DC0F3160003
:1007200040F400007F2901DA00207047962903DC9D
:10073000C1F19601C84001E096398840002AF4D002
:100740004042704720F00040C10DC0F3160040F455
:1007500000007F2901DA00207047962903DCC1F1EF
:100760009601C840704796398840704770B5C1F30C
:100770000A5201F000450024C1F3130140F2FF3397
:1007800041F480119A4201DA002070BD40F23343F7
:100790009A42A2F2334203DC524200F0A3F800E096
:1007A00090402C43F1D0404270BDC1F30A5210B5C5
:1007B000C1F3130140F2FF3341F480119A4201DA90
:1007C000002010BD40F233439A42A2F2334203DCD0
:1007D000524200F087F810BD904010BD00F000427A
:1007E00030F000400AD0C10D01F56071C0F3160071
:1007F00042EA0151C20840071143704700200146F8
:10080000704701F0004330B421F0004150EA01028A
:1008100006D00A0DA2F56072C1F31301002A02DCB2
:1008200030BC00207047440F44EAC104C100E01806
:1008300030BC00EBC25000F077B80000002801DBAC
:10084000C0F10040002901DBC1F100418142704745
:10085000002801DBC0F10040002901DBC1F10041AB
:10086000884270472DE9F05F0546002092469B467E
:1008700088460646814640241BE0284641464746B6
:10088000224600F02FF853465A46C01A914110D321
:1008900011461846224600F016F82D1A67EB01089B
:1008A0004F4622460120002100F00DF817EB000909
:1008B0004E41201EA4F10104DFDC484631462A46A1
:1008C0004346BDE8F09F202A04DB203A00FA02F1FB
:1008D000002070479140C2F1200320FA03F319432E
:1008E00090407047202A04DB203A21FA02F00021D0
:1008F000704721FA02F3D040C2F120029140084330
:1009000019467047202A06DBCB17203A41FA02F03D
:1009100043EAE07306E041FA02F3D040C2F120025C
:1009200091400843194670470029A8BF7047401CF2
:10093000490008BF20F00100704710B4B0FA80FCF5
:1009400000FA0CF050EA010404BF10BC704749B132
:10095000CCF1200421FA04F411FA0CF118BF0121A2
:1009600021430843A3EB0C01CB1D4FEA00614FEA82
:10097000102042BF002010BC704700EBC350104451
:100980000029A4BF10BC7047401C490008BF20F0DC
:10099000010010BC704710B5141E73F1000408DA92
:1009A000401C41F1000192185B411A4301D120F033
:1009B000010010BD2DE9F04D92469B4611B1B1FAF0
:1009C00081F202E0B0FA80F220329046FFF77BFF1E
:1009D00004460F4640EA0A0041EA0B0153465A46D4
:1009E000084313D0114653EA010019D0C8F1400260
:1009F0005046FFF777FF05460E4650465946424699
:100A0000FFF761FF084305D0012004E02046394686
:100A1000BDE8F08D0020054346EAE0762C433743DD
:100A20000A986305E40AA0EB08000022FD0A44EAE4
:100A300047540A3002D500200146E9E701051019A4
:100A40006941DDE9084500196941BDE8F04DA2E7BB
:100A500070B521F0004303430CD0C1F30A550024C4
:100A6000D5EB040564EB0403D617AD1AB34102DBE2
:100A70000020014670BD201841EB025170BD0000FE
:100A8000064C074D06E0E06840F0010394E80700DB
:100A900098471034AC42F6D3FFF74EFB88A300080A
:100AA000A8A3000830B58C1810F8012B12F00F0322
:100AB00001D110F8013B120906D110F8012B03E017
:100AC00010F8015B01F8015B5B1EF9D101E001F850
:100AD000013B521EFBD1A142E6D3002030BD21B123
:100AE000826842F00102826003E0826822F0010223
:100AF00082607047014600208A6802F004020AB151
:100B0000012000E0002070470146C86C80B27047A9
:100B10000246002013680B400BB1012000E00020CA
:100B20007047014600208A6802F008020AB10120DD
:100B300000E000207047000030B50246002000238E
:100B400050680F4C20400D790C6844EA052420437E
:100B5000506090680B4C2040D1E902542C434D79F1
:100B600044EA450420439060D06A20F470000C7C75
:100B7000641EE4B2234340EA0350D06230BD00005B
:100B8000FFFEF0FFFDF7F1FFF0B504460D46002033
:100B90000021092D11DDE068A5F10A0606EB4607E4
:100BA000072606FA07F18843A5F10A0606EB460672
:100BB00003FA06F10843E0600CE0206905EB450705
:100BC000072606FA07F1884305EB450603FA06F106
:100BD00008432061072A0FDA606B561E06EB860772
:100BE0001F2606FA07F18843561E06EB860605FA0D
:100BF00006F10843606322E00D2A0FDA206BD61F4E
:100C000006EB86071F2606FA07F18843D61F06EB78
:100C1000860605FA06F10843206310E0E06AA2F1B7
:100C20000D0606EB86071F2606FA07F18843A2F198
:100C30000D0606EB860605FA06F10843E062F0BDF4
:100C4000816841F008018160704721B1826842F4F7
:100C5000A002826003E0826822F4A00282607047F2
:100C6000816841F004018160704700002DE9F84F70
:100C700083460C46002C35D0BBF1000F32D0204605
:100C8000FFF720FD05465846FFF71CFD064629469E
:100C9000FFF752FB824600215046FFF7D9FD06D2EE
:100CA00016495046FFF7CAFD01D2DFF850A00021D7
:100CB0005046FFF7C3FD06D211495046FFF7C8FD65
:100CC00001D2DFF83CA051460E48FFF735FB0090FB
:100CD000FFF784FD074605F035FF0546FFF791FD58
:100CE000814601E04FF0000907494846FFF7F2FA54
:100CF0000546FFF70EFD00B2BDE8F88F3333B33E73
:100D00003333B3BE77BE1F3E00007A4408B50121DD
:100D1000102002F05BFC4FF40050ADF800001020F2
:100D20008DF8030003208DF802006946044801F0A5
:100D30008DFE4FF40051024801F065FF08BD000030
:100D40000010014010B5534801F0CAFA002860D0E5
:100D500050480078312816D14E48007940B200EB57
:100D6000400040004C49C8804A48C07840B2A0EBDF
:100D70008000400008814748407840B2404200EB84
:100D800080004649088043480078322816D14148FF
:100D9000007940B200EB400040003F49C8803D4828
:100DA000C07840B2A0EB800040000881394840780C
:100DB00040B2404200EB8000384908803548007856
:100DC00033280FD13348C07840B2A0EB80004000F8
:100DD0003149C8802F48807840B2A0EB80004000A5
:100DE0002E4908802B480078412812D129484078A4
:100DF0002B4908702748807848702648C07888704A
:100E000024480079C87023484079087121488079C6
:100E100048712048007832283AD11E48807900076E
:100E2000C00E204908801B48407900F0200038B1EE
:100E30001D4800880988084400B21B4908800CE05E
:100E40001448407900F0100038B11748008815495F
:100E50000988401A00B2144908800E48407900F011
:100E6000400040B1104840880E490988084400B24B
:100E70000D4948800CE00748407900F0800038B107
:100E80000948408807490988401A00B20649488045
:100E900010BD0000F0010020880100207A00002031
:100EA0004C000020B00000207C0000207748007833
:100EB00073287DD175480079C0F1800074490978A4
:100EC000484300B27349C8807048C078C0F18000C0
:100ED0006F490978484300B26E4908816B484079F0
:100EE000C0F1800080006C4908806848407800F0BC
:100EF000010018B101206949087012E067480078C4
:100F000078B167480078062805DA65480078401C03
:100F10006349087002E001206149087000205F49C0
:100F200008705A48407800F0020018B101205D496D
:100F3000087015E05B48007890B1554800780228A9
:100F400005DD53480078401E5149087005E0022035
:100F50004F49087001205449087000205149087019
:100F60004A48407800F0040018B101204F49087049
:100F700015E04E48007890B145480078092805DA18
:100F800043480078401C4249087005E00920404968
:100F900008700120444908700020444908703B480B
:100FA000407800F0800050B141480088414900E09D
:100FB0006BE00988084400B23D4908800CE03348E2
:100FC000407800F0200038B1394800883949098854
:100FD000401A00B2364908802C48407800F04000A2
:100FE00040B13348408833490988084400B2304949
:100FF00048800CE02548407800F0100038B12C48BB
:1010000040882C490988401A00B2294948801F4865
:10101000807800F0040018B101202749087015E01D
:101020002548007890B123480088192805DA21481E
:101030000088401D1F49088005E019201D490880CF
:1010400001201949087000201B4908700F4880785A
:1010500000F0010018B101201849087015E0174888
:10106000007890B113480088052805DD11480088F4
:10107000401F1049088005E005200E490880012026
:101080000949087000200D49087070476D00002064
:10109000AD000020880100207A000020A800002078
:1010A0004C000020A90000206C000020AA000020B5
:1010B0007C000020AE000020AB000020AC0000202F
:1010C0002DE9F0412D4800F05BFE002854D02B485C
:1010D000C089B0F5FA7F4FDA28480089B0F5FA7F69
:1010E00004DA4FF07F50264908600CE0234800895D
:1010F000B0F57A7F04DA4FF07E502149086002E0B3
:1011000020481F4908601D494988A1F57870FFF7FC
:10111000D9FA05461A4801682846FFF7DBF8044665
:10112000FFF7F7FA00B21849C88014490988A1F5F9
:101130007870FFF7C7FA06461148006880F000454E
:1011400031462846FFF7C6F80446FFF7E2FA00B238
:101150000D4908810949C988A1F57870FFF7BBFAE4
:1011600006464FF03332094BFFF7CBF90446FFF741
:10117000FDFA00B206490880BDE8F08100020020B7
:10118000B40000203333333F880100203333E3BF02
:101190007A00002010B5042003F02AF80E480068F9
:1011A0000E49B0FBF1F00E4908700B4800680B497E
:1011B000B0FBF1F44FF47A7044434FF0E020006943
:1011C00040F002004FF0E0210861084644610069E8
:1011D00040F00100086110BD3800002040420F00BF
:1011E000BA00002010B504464FF47A7104FB01F0F8
:1011F00000F002F810BD000070B5034600224FF069
:10120000E02675690D4E367803FB06F44FF0E026B4
:10121000B16910E04FF0E026B06988420BD08842F7
:1012200002D20E1A324402E02E1A0E443244014613
:10123000A24200D300E0EDE700BF70BDBA0000207D
:101240004FF08040808C704700B587B001210D20A1
:1012500002F0BCF90121284801F084FC0820ADF817
:10126000180004208DF81B0003208DF81A0006A931
:10127000224801F0EBFB4FF40040ADF8180006A93E
:101280001F4801F0E3FB0121084602F07FF94FF00F
:10129000804003F041F903A803F096FC0020ADF86C
:1012A0000C004FF6FF70ADF810000020ADF81200F2
:1012B000ADF80E0003A94FF0804003F033FC00238B
:1012C0001A4603214FF0804003F01AFA684603F0F3
:1012D0008FFA0620ADF8080069464FF0804003F011
:1012E00031FA00204FF0804188840121880703F003
:1012F000F7F807B000BD000000031800000C014023
:10130000000801404FF08041888470470148008800
:10131000704700002404004000B587B00121092077
:1013200002F054F93020ADF8180004208DF81B00AD
:1013300003208DF81A0006A91D4801F087FB012142
:10134000022002F023F901211A4801F00BFC1A488F
:1013500003F0E2F803A803F037FC0020ADF80C001E
:101360004FF6FF70ADF810000020ADF81200ADF898
:101370000E0003A9104803F0D5FB00231A460321F1
:101380000D4803F0BDF9684603F032FA0620ADF8C7
:1013900008006946084803F0D5F9002006492431C1
:1013A00008800121044803F09BF807B000BD00004D
:1013B000000C014000081A000004004001490880A8
:1013C000704700002404004001464906084A92691B
:1013D00042F00102064B9A61064A526822F0E0622E
:1013E000044B5A601A4652680A435A60704700001C
:1013F000001002400000014008B50121082002F061
:10140000E5F80120ADF8000048208DF8030069469A
:10141000014801F01BFB08BD000C014003480068B7
:1014200008B9012070470020FCE70000008121423C
:1014300008B50121142002F0C9F81020ADF8000011
:101440008DF8030003208DF8020069460A4801F078
:10145000FDFA4FF48070ADF800006946074801F0CE
:10146000F5FA1021044801F0D0FB4FF480710348D5
:1014700001F0CBFB08BD0000001001400008014056
:1014800070B505462C46B4F5616F01DD4FF461641B
:1014900014F5616F00DA0D4C002C0BDD4FF4616127
:1014A0000B4803F00AFBC4F5616081B2084803F001
:1014B00006FB0AE04FF46161054803F000FB04F508
:1014C000616081B2024803F0F8FA70BDF0F1FFFFED
:1014D0000008004070B505462C46B4F5616F01DD8B
:1014E0004FF4616414F5616F00DA0D4C002C0BDDD4
:1014F0004FF461610B4803F0E4FAC4F5616081B216
:10150000084803F0E0FA0AE04FF46161054803F08F
:10151000DAFA04F5616081B2024803F0D2FA70BDD4
:10152000F0F1FFFF0008004000B589B0012108205C
:1015300002F04CF84FF47070ADF8200018208DF8D0
:10154000230003208DF8220008A9274801F07EFA25
:101550000121042002F01AF840F60F60ADF81800DF
:101560000020ADF81400ADF81A00ADF8160005A97A
:101570001E4803F0D7FA6020ADF804000120ADF852
:1015800006000020ADF80A00ADF80C0001A91748CC
:1015900003F038F90821154803F080F901A9134830
:1015A00003F086F90821114803F0D4F901A90F4886
:1015B00003F0DEF908210D4803F02AFA01A90B48CF
:1015C00003F030FA0821094803F06AFA01210748BC
:1015D00002F07AFF0121054802F082FF0121034851
:1015E00002F08AFF09B000BD000C01400008004075
:1015F0001CB50446062269463B2001F034FD9DF8E7
:1016000001009DF8001040EA012000B220809DF802
:1016100003009DF8021040EA012000B260809DF8AE
:1016200005009DF8041040EA012000B2A0801CBD16
:101630001CB5044606226946432001F014FD9DF8BE
:1016400001009DF8001040EA012000B220809DF8C2
:1016500003009DF8021040EA012000B260809DF86E
:1016600005009DF8041040EA012000B2A0801CBDD6
:1016700008B50121042001F0A9FF4FF4C050ADF8D6
:10168000000010208DF8030003208DF80200694649
:10169000164801F0DBF90120154908601549C1F829
:1016A000AC0180216B2001F0E9FC1348FFF7A4FD99
:1016B00000216B2001F0E2FC18211B2001F0DEFC70
:1016C00000211C2001F0DAFC0021382001F0D6FCBA
:1016D0000021232001F0D2FC01216B2001F0CEFC7F
:1016E00000216C2001F0CAFC08BD00000008014088
:1016F000B001214200002142A086010010B504463D
:10170000E006010E1C2001F0B9FC10BD10B5044626
:1017100021461A2001F0B2FC10BD10B50446E006C7
:10172000010E1B2001F0AAFC10BD70B50446B4F5F3
:101730007A7F01DD4FF47A740A2C00DA0A244FF420
:101740007A7090FBF4F0401EC5B22946192001F0D2
:1017500095FC70BD70B5002415E004F1B001C8B26D
:1017600001F092FE002001F08FFE102001F08CFEAF
:10177000002504E0002001F097FE681CC5B2802D12
:10178000F8DB601CC4B2082CE7DB70BD2DE9F04724
:1017900005460E46174698464FF000090024A7F16B
:1017A000200000F0FF097B2D2BDA082E29DAB8F192
:1017B000000F14D03146284601F052FE00BF0BE066
:1017C00009EB490104EB41010F4A515CC943C8B21E
:1017D00001F06AFE601CC4B2062CF1DB11E0314658
:1017E000284601F03DFE002409E009EB490104EB25
:1017F0004101054A505C01F057FE601CC4B2062C42
:10180000F3DBBDE8F0870000889F00082DE9F04178
:1018100005460E4614461F460A2C07DA04F130002E
:10182000C2B23B4631462846FFF7B0FFBDE8F08123
:101830002DE9F05F05460E4617469846DDE90A9BFE
:101840007F2D01DC072E01DDBDE8F09FE81980281F
:1018500003DC06EB0800082800DDF5E7BBF1000F0C
:1018600018D0344613E02146284601F0F9FDAA4677
:1018700009E019F8012BD143C8B201F015FE0AF1B5
:10188000010000F0FF0ABA45F3DB601CC4B2444516
:10189000E9DB15E0344611E02146284601F0E0FD81
:1018A000AA4607E019F8010B01F0FEFD0AF101005C
:1018B00000F0FF0ABA45F5DB601CC4B24445EBDB1F
:1018C00000BFC1E72DE9F04104460D461646984693
:1018D00000277B2C14DA082D12DA0EE0F25D434665
:1018E00029462046FFF752FFA01DC4B27A2C02DD24
:1018F0000024681CC5B2781CC7B2F05D0028EDD189
:10190000BDE8F0812DE9FE4F80468A4691461D468E
:10191000DDE90C7B002D76DDE8190A2873DAB9F1D0
:10192000000F02DAC9F1000600E04E460A20B6FBBD
:10193000F0F100FB11608DF801006420B6FBF0F1BE
:1019400000FB11600A21B0FBF1F08DF802004FF4AA
:101950007A70B6FBF0F100FB11606421B0FBF1F08E
:10196000C0B28DF8030042F21070B6FBF0F100FB3C
:1019700011604FF47A71B0FBF1F0C0B28DF8040041
:101980005948B6FBF0F100FB116042F21071B0FB58
:10199000F1F0C0B28DF805005448B6FBF0F100FB41
:1019A00011605149B0FBF1F0C0B28DF8060050480B
:1019B000B6FBF0F100FB11604C49B0FBF1F0C0B296
:1019C0008DF807004B48B6FBF0F100FB1160484969
:1019D000B0FBF1F0C0B28DF808004748B6FBF0F15B
:1019E00000FB11604349B0FBF1F0C0B28DF8090073
:1019F000B9F1000F41DA00232D2251464046FFF78E
:101A0000C5FE002412E037E0E919091B491E1DF844
:101A1000012004EB440308F1060101EB4301C8B2C5
:101A20005B465146FFF7F2FE601CC4B2681EA0423E
:101A3000EADC002F56D005EB450108EB4101C8B2A6
:101A40005B462E225146FFF7A1FE002412E005EB73
:101A5000450108EB4101891D04EB440301EB4301FF
:101A6000C8B2391B1DF801205B465146FFF7CEFE78
:101A7000601CC4B2BC42EADB34E000240EE0E91989
:101A8000091B1DF8012004EB440108EB4101C8B219
:101A90005B465146FFF7BAFE601CC4B2AC42EEDBB7
:101AA00007B305EB450108EB4101C8B25B462E22A6
:101AB0005146FFF76BFE002412E005EB450108EBF1
:101AC0004101891D04EB440301EB4301C8B2391BFA
:101AD0001DF801205B465146FFF798FE601CC4B21A
:101AE000BC42EADBBDE8FE8FA086010040420F0049
:101AF0008096980000E1F50500CA9A3B00B587B0D2
:101B00000121042001F062FDA020ADF804000320B3
:101B10008DF8060018208DF8070001A9544800F040
:101B200095FF1020ADF804008DF8070001A950487A
:101B300000F08CFF4020ADF8040010208DF8070065
:101B400001A94B4800F082FF0121080301F03EFD8E
:101B50000020ADF808004FF48270ADF80A000020B4
:101B6000ADF80C000220ADF80E000120ADF8100019
:101B70004002ADF812000020ADF81400ADF81600D8
:101B80000720ADF8180002A93A4802F0F7F8012141
:101B9000384802F0D9F8FF2002F054F840213448C8
:101BA00001F033F86420FFF71DFB4021304801F0BD
:101BB0002AF8C820FFF716FB40212D4801F025F830
:101BC000AE2001F061FC002001F05EFC102001F06D
:101BD0005BFC402001F058FC812001F055FCEF2017
:101BE00001F052FCA12001F04FFCC82001F04CFC98
:101BF000A62001F049FCA82001F046FC3F2001F09E
:101C000043FCD32001F040FC002001F03DFCD52036
:101C100001F03AFC802001F037FCD92001F034FCBF
:101C2000F12001F031FCDA2001F02EFC122001F04D
:101C30002BFCDB2001F028FC402001F025FC2020BB
:101C400001F022FC022001F01FFC8D2001F01CFCA1
:101C5000142001F019FCA42001F016FCA62001F0CC
:101C600013FCAF2001F010FCFFF774FD07B000BDBE
:101C7000000801400030014008B50121102001F0AA
:101C8000A5FC0120ADF8000048208DF803000320DA
:101C90008DF802006946174800F0D8FE0220ADF822
:101CA000000010208DF8030003208DF80200694623
:101CB000104800F0CBFE0420ADF8000010208DF895
:101CC000030003208DF8020069460A4800F0BEFEBA
:101CD0000820ADF8000010208DF8030003208DF8D7
:101CE00002006946034800F0B1FE01200249086085
:101CF00008BD0000001001408801224270B5044672
:101D0000002014490860002507E01349485D01F0F0
:101D1000D1FB12494855681CC5B2092DF5DB0120DD
:101D20000C4908600D48407820700C48C078C043CA
:101D300060700A480079C043A07008484079E0709C
:101D40000648807920710548C07960710348007A9F
:101D5000A07170BD88012242B0A100087803002064
:101D600010B50548007820B900200449C8800881D2
:101D7000488101F0B5FC10BD6A00002088010020F8
:101D8000014630480078002859D02F4840782E4A24
:101D9000927840EA0220C0F30A0008802A4880783E
:101DA000C010294AD27840EA4210C0F30A004880A5
:101DB0002548C0788011244A127940EA8200224ADC
:101DC000527940EA8220C0F30A0088801E48407998
:101DD00040101D4A927940EAC210C0F30A00C88040
:101DE000194880790011184AD27940EA0210C0F3EC
:101DF0000A0008811448C079C011134A127A40EAD7
:101E00004200114A527A40EA4220C0F30A00488157
:101E10000D48407A80100C4A927A40EA8210C0F352
:101E20000A0088810848807A4011074AD27A40EA3D
:101E3000C200C8810020034A1070012070470020B2
:101E4000FCE70000C40000205003002000B589B06A
:101E50000121112001F0BAFB4FF47070ADF82000A1
:101E600018208DF8230003208DF8220008A92948A6
:101E700000F0ECFD0121480301F0A8FB4720ADF87C
:101E800014000020ADF8160044F61F60ADF81800ED
:101E90000020ADF81A0005A91F4802F043FE60209B
:101EA000ADF804000120ADF8060040F2DC50ADF8BA
:101EB0000A000020ADF80C0001A9174802F0A2FCAE
:101EC0000821154802F0EAFC01A9134802F0F0FCD1
:101ED0000821114802F03EFD01A90F4802F048FD1B
:101EE00008210D4802F094FD01A90B4802F09AFD6B
:101EF0000821094802F0D4FD0121074802F0E4FA64
:101F00000121054802F0ECFA0121034802F0F4FA3D
:101F100009B000BD00100140003401402DE9F0413E
:101F20000446B4F5617F01DD4FF4617414F5617FFF
:101F300000DA0B4C2046FEF7C5FB80460949FEF748
:101F4000C9F907460849FEF76DF90646FEF7FAFBA0
:101F500085B22946054802F0B6FDBDE8F0810000D3
:101F60007CFCFFFF3F358E3F0080BB4400340140C6
:101F70002DE9F0410446B4F5617F01DD4FF4617451
:101F800014F5617F00DA0B4C2046FEF79BFB804680
:101F90000949FEF79FF907460849FEF743F9064647
:101FA000FEF7D0FB85B22946054802F08AFDBDE860
:101FB000F08100007CFCFFFF3F358E3F0080BB447A
:101FC000003401402DE9F0410446B4F5617F01DDA4
:101FD0004FF4617414F5617F00DA0B4C2046FEF774
:101FE00071FB80460949FEF775F907460849FEF777
:101FF00019F90646FEF7A6FB85B22946054802F008
:102000005EFDBDE8F08100007CFCFFFF3F358E3FA8
:102010000080BB44003401402DE9F84F04460D46D2
:1020200029462046FEF750F92749086027480168ED
:1020300025480068FEF748F982462548B0F90000B7
:10204000FEF740FB83465146FEF744F9804621489F
:10205000B0F90000FEF736FB82461B480168504687
:10206000FEF738F981464146FEF7DCF807461A4884
:10207000B0F90000FEF726FB39460090FEF7D2F8D3
:102080000646FEF746FB00B2134908800E4800687A
:102090000E4908601048B0F9000041F2680188421A
:1020A00002DD08460C4908800B48B0F900000B49D6
:1020B000884203DA4EF69870074908800648B0F95E
:1020C0000000BDE8F88F0000940000209800002078
:1020D00068000020660000209000002098EFFFFFBD
:1020E0002DE9F84F04460D4629462046FEF7ECF848
:1020F000274908602748016825480068FEF7E4F88A
:1021000082462548B0F90000FEF7DCFA83465146C6
:10211000FEF7E0F880462148B0F90000FEF7D2FA59
:1021200082461B4801685046FEF7D4F88146414676
:10213000FEF778F807461A48B0F90000FEF7C2FA31
:1021400039460090FEF76EF80646FEF7E2FA00B256
:10215000134908800E4800680E4908601048B0F91D
:10216000000041F26801884202DD08460C490880FF
:102170000B48B0F900000B49884203DA4EF698701C
:10218000074908800648B0F90000BDE8F88F000054
:10219000A0000020A40000206800002066000020AD
:1021A0009C00002098EFFFFF10B586B00446012187
:1021B000042001F00BFA0121880301F007FA4FF423
:1021C0000070ADF8140018208DF8170003208DF86A
:1021D000160005A91C4800F039FC4FF48060ADF8EA
:1021E000140004208DF8170005A9174800F02EFCF4
:1021F00001940020ADF80800ADF80A00ADF80C001D
:10220000ADF810000C20ADF80E0001A90F4803F046
:102210000FFE25208DF8000002208DF8010001201E
:102220008DF802008DF80300684601F0ADF8012238
:1022300040F22551054803F0D5FD0121034803F084
:102240008EFD06B010BD00000008014000380140BE
:102250002DE9F04707460D4690464FF00009202D26
:1022600037DCAA201C49087055204870681D88700A
:10227000084680F80380002405E0395D201D164AD9
:102280001154601CC4B2AC42F7DB281DC6B2002456
:1022900006E01148005D484400F0FF09601CC4B22C
:1022A000B442F6DB0C4800F80490681DC6B2002466
:1022B0000DE00948015D094803F02BFE00BF4021F5
:1022C000064803F058FD0128F9D1601CC4B2B4429D
:1022D000EFDBBDE8F0870000380200200038014045
:1022E00010B503460B48007890B10B488078001F6A
:1022F000C2B2002105E0C81C074C205C5854481CA1
:10230000C1B29142F7DB0020024C2070104610BD94
:102310000020FCE7BD0000206002002010B586B060
:1023200004460121082001F051F90420ADF8140001
:1023300018208DF8170003208DF8160005A91E48F7
:1023400000F084FB0820ADF8140004208DF817007D
:1023500005A9194800F07AFB0121480401F016F99B
:1023600001940020ADF80800ADF80A00ADF80C00AB
:10237000ADF810000C20ADF80E0001A90F4803F0D5
:1023800057FD26208DF8000002208DF80100012065
:102390008DF802008DF80300684600F0F5FF012279
:1023A00040F22551054803F01DFD0121034803F0CB
:1023B000D6FC06B010BD00000008014000440040FB
:1023C00010B586B004460121102001F0FFF84FF44B
:1023D0008060ADF8140018208DF8170003208DF8E8
:1023E000160005A91E4800F031FB4FF40060ADF85F
:1023F000140004208DF8170005A9194800F026FBE9
:102400000121C80401F0C2F801940020ADF80800D1
:10241000ADF80A00ADF80C00ADF810000C20ADF8D6
:102420000E0001A90F4803F003FD34208DF80000D1
:1024300002208DF8010001208DF802008DF80300C4
:10244000684600F0A1FF012240F22551054803F043
:10245000C9FC0121034803F082FC06B010BD000056
:1024600000100140004C00402DE9F04707460D46A2
:1024700090464FF00009322D37DCAA201C49087025
:1024800055204870681D8870084680F80380002435
:1024900005E0395D201D164A1154601CC4B2AC42DF
:1024A000F7DB281DC6B2002406E01148005D484451
:1024B00000F0FF09601CC4B2B442F6DB0C4800F81F
:1024C0000490681DC6B200240DE00948015D09486A
:1024D00003F01FFD00BF4021064803F04CFC01281B
:1024E000F9D1601CC4B2B442EFDBBDE8F087000054
:1024F000D8020020004C00402DE9F05F0121114876
:10250000FEF7A3FB00BF02210E48FEF701FB0028E7
:10251000F9D00C48FEF7F8FA83465846FEF7ECF877
:102520008046094A094BFDF7ECFF06460022084B9E
:10253000FEF759F80446FEF738F91FFA80FA5046BC
:10254000BDE8F09F002801400AD7A370BD54AC40FD
:1025500000FEAF4000B587B00121082001F036F839
:102560000220ADF8180000208DF81B0006A91D48B8
:1025700000F06CFA0121880201F028F80020019097
:102580008DF808008DF809004FF4602003900020BA
:10259000049001208DF8140001A91348FEF7CCFA2D
:1025A0004FF4004000F0E6FF0723012209210E4806
:1025B000FEF7EAFA01210C48FEF791FA0A48FEF705
:1025C0003FFB00BF0848FEF7ACFA0028FAD10648E6
:1025D000FEF746FB00BF0448FEF78CFA0028FAD14C
:1025E00007B000BD000C01400028014000BFFEE71D
:1025F000704700001CB5AEE0642005F0F5FD5648BC
:10260000007800B354480078012806D1002353A273
:1026100002215A20FFF756F91BE04F4800780228A4
:1026200006D100234EA202215A20FFF74BF910E0F9
:102630004948007804280CD100234AA202215A20DC
:10264000FFF740F905E0002347A202215A20FFF7D7
:1026500039F9002003210223CDE900104348028804
:1026600004211E20FFF74EF9002003210223CDE9AB
:1026700000103F48028804215A20FFF743F93D48E3
:102680000088FEF739F805463B4A3C4BFDF739FF19
:102690000746FEF76BF8044600200121022322467C
:1026A000CDE9001003211E20FFF72CF90020009037
:1026B00001903348B0F90A20062303215A20FFF77E
:1026C00021F9642005F090FD00200321CDE90010E0
:1026D0002C48B0F9000000EB8000420002230521E5
:1026E0001E20FFF70FF900200221CDE90010264837
:1026F000B0F90020052319466020FFF703F92348AD
:102700000022234BD0E900512846FDF7FAFE074688
:10271000FEF72CF80446002002210B462246CDE9A4
:10272000001006211E20FFF7EDF81A480022184B72
:10273000D0E900512846FDF7E4FE0746FEF716F8FB
:102740000446002002210B462246CDE90010062156
:102750005A20FFF7D7F84FE7790000205053320096
:10276000415050004E524600524F53001C00002072
:102770001E000020520000209A9999999999B93F1A
:10278000D00100207A00002088010020B001002044
:1027900000005940C00100201948007801282ED1BE
:1027A0001748C078C0F1800016490978494248436B
:1027B00000B21549C88012484078C0F1780013492A
:1027C00009784942484300B2114908800C48007911
:1027D000002808DD0B480078401C0A4908700120D9
:1027E0000C4908700BE006480079002807DA054814
:1027F0000078401E034908700120064908707047A0
:1028000074000020B800002088010020B9000020DA
:102810007A0000206C00002010B592B0044600F051
:1028200097FC0AA800F0F4FC00287DD19DF82C004C
:102830009DF82B109DF82A20CDE9002102909DF8EB
:1028400029309DF8282044A105A803F091FB00231E
:1028500005AA19461846FFF735F89DF831009DF88E
:1028600030109DF82F20CDE9002102909DF82E30E8
:102870009DF82D2038A105A803F07AFB002305AAB6
:1028800001211846FFF71EF89DF82800552815D19C
:102890009DF829007E2811D19DF830007E280DD1A9
:1028A0009DF83100552809D19DF82A0020709DF827
:1028B0002B0060709DF82D00E0703DE09DF8290030
:1028C000552815D19DF82A007E2811D19DF8310098
:1028D0007E280DD19DF83200552809D19DF82B0096
:1028E00020709DF82C0060709DF82E00E07023E0B1
:1028F0004FF400511F4800F088F910211D4800F0E6
:1029000082F9C820FEF76EFC4FF40051194800F020
:102910007AF91021174800F078F94FF40051154862
:1029200000F073F9142000E013E0FEF75BFC4FF4B5
:102930000051104800F067F923780FA2052103A881
:1029400003F0FEFA002303AA19466420FEF7BAFF3B
:1029500000BF12B010BD00002530325820253032A3
:102960005820253032582025303258202530325812
:10297000000000000010014030782530325800007F
:1029800030B58DB000F062FC0220FEF72BFC002079
:1029900000F028FC0446234626A20A210AA803F0D8
:1029A000CFFA00230AAA01216420FEF78BFF5520ED
:1029B0008DF808007E208DF8090003208DF80A00AC
:1029C0001E480088000A8DF80B001C4800788DF81E
:1029D0000C001B480088000A8DF80D00184800788C
:1029E0008DF80E009DF80B009DF80C1048409DF8E6
:1029F0000D1048409DF80E1048408DF80F007E20C5
:102A00008DF8100055208DF8110002A800F052FC3E
:102A100005462B460BA20521684603F091FA0023D8
:102A20006A4602216420FEF74DFF00F091FB0DB0D5
:102A300030BD0000433A2530325800001C00002011
:102A40001E00002030782530325800002DE9F0417A
:102A5000024600250026002000230024002791F8CC
:102A600003C00CF00F0591F803C00CF0100CBCF182
:102A7000000F03D091F802C04CEA050591F800C0A0
:102A8000BCF1000F31D0146800202BE04FF0010C96
:102A90000CFA00F3B1F800C00CEA03069E4220D104
:102AA00083004FF00F0C0CFA03F7BC4305FA03FC4C
:102AB0004CEA040491F803C0BCF1280F06D14FF092
:102AC000010C0CFA00FCC2F814C00AE091F803C033
:102AD000BCF1480F05D14FF0010C0CFA00FCC2F814
:102AE00010C0401C0828D1D31460B1F800C0BCF15C
:102AF000FF0F34DD546800202EE000F1080C4FF089
:102B0000010808FA0CF3B1F800C00CEA03069E4273
:102B100021D183004FF00F0C0CFA03F7BC4305FAE8
:102B200003FC4CEA040491F803C0BCF1280F05D162
:102B300000F1080C08FA0CF8C2F8148091F803C0F0
:102B4000BCF1480F07D100F1080C4FF0010808FA5A
:102B50000CF8C2F81080401C0828CED35460BDE8A1
:102B6000F0810000F0B50A46002300240021002572
:102B700000F00046B6F1004F02D11D4EF16901E0B0
:102B80001B4E7168C0F3034583B200F44016B6F5DE
:102B9000401F08D121F07061154E766826F07066EE
:102BA000134F7E6012E000F48016B6F5801F06D148
:102BB000032606FA05F4A14341F0706106E0460DD4
:102BC000360103FA06F6B14341F0706122B1460DB9
:102BD000360103FA06F6314300F00046B6F1004F25
:102BE00002D1034EF16101E0014E7160F0BD0000C1
:102BF000000001400246002093680B400BB1012009
:102C000000E00020704741617047016170470AB1E0
:102C1000016100E04161704700BFFEE710B5002090
:102C20000E4908600E48006820F470400C490860A6
:102C30000846006840F44050086000200949C1F887
:102C4000AC010120FEF7D8FA012004490860FEF724
:102C5000D3FA00200349C1F8B00110BDB0012142F0
:102C6000040801400000214210B500200E49086010
:102C70000E48006820F470400C490860084600685F
:102C800040F44050086001200949C1F8AC01FEF74A
:102C9000B3FA012004490860FEF7AEFA00200449A7
:102CA000C1F8B00110BD0000B0012142040801408C
:102CB0000000214270B5054600241748006820F442
:102CC0007040154908600846006840F400400860FC
:102CD000002616E00020114908600220FEF78CFA59
:102CE00001200F49C1F8B0016006040E0B4884387A
:102CF000006808B1601CC4B20220FEF77DFA701CA7
:102D0000C6B2082EE6DB15B1FFF788FF01E0FFF73A
:102D1000ABFF204670BD000004080140B001214215
:102D20000000214270B504461448006820F4704049
:102D3000124908600846006840F4405008600020CE
:102D40000F490860002516E0E0090D49091F0860D9
:102D50006006040E0120FEF74FFA01200949C1F870
:102D6000B001FEF749FA0020054908600120FEF78E
:102D700043FA681CC5B2082DE6DB70BD04080140AB
:102D8000B00121420000214210B51648006820F42D
:102D90007040144908600846006840F440500860DC
:102DA0000120114908601148D0F82C0108B9002011
:102DB00010BD01200C49091D0860FEF71DFA002016
:102DC0000A49C1F8AC0108488038006808B1002001
:102DD000EEE70120FEF710FA00200349091D086004
:102DE0000120E5E704080140AC0121420000214236
:102DF00010B50E48006820F470400C490860084681
:102E0000006840F440500860002009490860094902
:102E1000C1F8AC010120FEF7EFF901200449086078
:102E20000449C1F8AC01FEF7E7F910BD0408014000
:102E3000B00121420000214210B50024154800686D
:102E400020F47040134908600846006840F40040D0
:102E50000860012010490860FEF7CEF901200F49F3
:102E6000C1F8B001FEF7C8F90AE0601CC4B2322C08
:102E700003DDFFF7BDFF002010BD0120FEF7BCF908
:102E80000548803800680028EFD10349091D086013
:102E90000120F1E704080140AC0121420000214279
:102EA00010B51A48B0F90000B0F5617F03DD4FF4AA
:102EB0006170164908801548B0F9000010F5617F6F
:102EC00003DA4FF67C40114908801048B0F902003F
:102ED000B0F5617F03DD4FF461700C4948800B4809
:102EE000B0F9020010F5617F03DA4FF67C40074924
:102EF00048800649B1F90000FFF710F803494988F6
:102F0000494208B2FFF734F810BD00007C000020F1
:102F100039E0FEF783FA002832D0322005F064F958
:102F2000FEF77CFA60B3002417E0322005F05CF96C
:102F3000FEF774FA00B912E03C2C0CD14FF40051AA
:102F40001148FFF762FEC82005F04EF94FF400511A
:102F50000D48FFF758FE601CC4B2C82CE5DB00BF6B
:102F6000142C0CDA09480078062805DA074800789E
:102F7000401C0649087002E001200449087000BFA7
:102F8000322005F031F9C4E7001001404C00002068
:102F90002DE9F04106460F4614461D46FFF7F4FEA4
:102FA00010B90120BDE8F0817106080EFFF7BAFEE6
:102FB000FFF742FF18B9FFF71BFF0120F2E7384681
:102FC000FFF7B0FEFFF738FFFFF7DEFE012101EB50
:102FD0004601C8B2FFF7A6FEFFF72EFF0DE0012C59
:102FE00004D10020FFF766FE287003E00120FFF700
:102FF00061FE28706D1C601EC4B2002CEFD1FFF77B
:10300000F7FE0020CEE72DE9F04105460E461746B3
:103010009846FFF7B9FE10B90120BDE8F0816906B6
:10302000080EFFF77FFEFFF707FF18B9FFF7E0FE76
:103030000120F2E73046FFF775FEFFF7FDFE0024A2
:103040000BE018F80400FFF76DFEFFF7F5FE18B966
:10305000FFF7CEFE0020E0E7641CBC42F1DBFFF787
:10306000C7FE0020D9E770B504460D461646F2B2F9
:103070002B4621466820FFF78BFF70BD13B5044631
:1030800001AB012221466820FFF7BDFF1CBD00BF38
:10309000FEE7704700B587B00121382000F096FAAE
:1030A0004FF48050ADF8180028208DF81B0006A9B9
:1030B0002148FFF7CBFC0420ADF8180006A91F48F3
:1030C000FFF7C4FC4FF48050ADF8180006A91C4867
:1030D000FFF7BCFC00F0D2FD00211A4800F034FEDE
:1030E0000020ADF804004FF48270ADF80600002017
:1030F000ADF80800ADF80A00ADF80C004FF4007010
:10310000ADF80E000820ADF810000020ADF8120058
:103110000720ADF8140001A90A4800F02FFE012194
:10312000084800F011FE0020074908600120074907
:10313000C1F8B00107B000BD00100140001401400B
:10314000000C01400038004088812242008021426A
:1031500010B5002011490860052211492A2000F00D
:10316000DDF80121212000F0F7F80121222000F0F4
:10317000F3F80021252000F0EFF82021312000F0A5
:10318000EBF80F21262000F0E7F80F21202000F0B7
:10319000E3F801200349C1F8880110BD888122426B
:1031A000BEA10008008022422DE9F04107460D46ED
:1031B000164600200A490860384600F087FD804620
:1031C000002405E0FF2000F081FD2855601CC4B2FA
:1031D000B442F7DB0120024908604046BDE8F081B7
:1031E000B081214270B5044600200749086020469E
:1031F00000F06CFDFF2000F069FD05460120034949
:10320000C1F8B001284670BDB08121420080214242
:1032100070B50446082000F083FD0720FFF7E2FFA9
:1032200005462946272000F097F805F0400050B1E8
:10323000202221466120FFF7B7FFFF21E22000F0A6
:103240008BF8002070BD0120FCE7000010B50020C5
:103250001449086005221449302000F05FF8052267
:1032600012492A2000F05AF80121212000F074F8B8
:103270000121222000F070F81A21242000F06CF8BF
:103280000021252000F068F80F21262000F064F8C6
:103290000E21202000F060F801200549C1F88801C6
:1032A00010BD000088812242B9A10008BEA100081B
:1032B0000080224270B50546082000F031FD002054
:1032C0001349086020222946A02000F027F8012099
:1032D0001049C1F8880100BF0F4800680028FBD1E1
:1032E0000720FFF77FFF04462146272000F034F82F
:1032F00004F0100028B1FF21E12000F02DF810208B
:1033000070BD04F0200008B12020F9E7FF20F7E7A6
:103310008881224200802242300122422DE9F04180
:1033200007460C46154600200A490860384600F05A
:10333000CDFC8046002605E014F8010B00F0C6FC29
:10334000701CC6B2AE42F7DB01200249086040465D
:10335000BDE8F081B081214270B505460C460020E1
:1033600007490860284600F0B1FC0646204600F0F8
:10337000ADFC01200349C1F8B001304670BD00002A
:10338000B08121420080214270B5002100230F222C
:10339000C47804B3154C246804F4E064C4F5E06414
:1033A000210AC1F10403CA40447804FA03F1847885
:1033B0001440214309010E4C0678A155047804F00D
:1033C0001F050124AC4005786D11AD0005F1E02525
:1033D000C5F8004109E0047804F01F050124AC4061
:1033E000044D0678761145F8264070BD0CED00E0DE
:1033F00000E400E080E100E002490143024A11607C
:10340000704700000000FA050CED00E000BF05F079
:103410001FFE0F4908601AE014210D4804F020FF38
:103420000C48FFF7F9F90C480078042809D009483E
:103430000078012805D104200749087001200749B8
:10344000087004480078022801D1FFF799FAE3E7F1
:103450008C00002074000020790000206C00002007
:1034600070B504460D4605F1B001C8B200F00CF885
:10347000102141EA141000F007F804F00F0141F0A8
:10348000010000F001F870BD10B504461021054898
:10349000FFF7B9FB204600F0D5FB10210148FFF7EC
:1034A000B4FB10BD0008014010B50446204600F0F2
:1034B000C9FB10BD1CB504460020019001200090FE
:1034C00027E09DF80000204018B101201449086051
:1034D00002E000201249086000201149083108600C
:1034E0001020FDF789FE0F48D0F8000128B19DF8A3
:1034F00004009DF80010084301900120084908319C
:1035000008601020FDF778FE9DF800004006000ED0
:1035100000909DF800000028D3DC9DF804001CBD3D
:10352000840122420000224200BF05F091FD0D49B6
:10353000086016E014210B4804F092FE0A48FEF7DA
:10354000DDFB0A48007801280BD00748407808289E
:1035500007D10548807920B9012004490870044941
:103560000870E7E7880000206D0000207900002047
:103570006C00002001460020034A506820F44040BF
:1035800008435060704700000010024029B1064A0D
:10359000D2690243044BDA6104E0034AD2698243F0
:1035A000014BDA61704700000010024029B1064A61
:1035B00012690243044B1A6104E0034A1269824310
:1035C000014B1A61704700000010024029B1064A01
:1035D00092690243044B9A6104E0034A9269824370
:1035E000014B9A61704700000010024029B1064A61
:1035F000D2680243044BDA6004E0034AD268824393
:10360000014BDA60704700000010024030B5002125
:103610000022002400232D4D6D6805F00C0121B11E
:10362000042905D0082923D105E0294D056022E0B1
:10363000274D05601FE0254D6D6805F47012234D80
:103640006D6805F48034022505EB92421CB9214DCA
:10365000554305600BE01D4D6D6805F400351DB147
:103660001C4D5543056002E0194D5543056002E0CD
:10367000174D056000BF00BF144D6D6805F0F001E7
:103680000909154D6B5C0568DD4045600F4D6D689F
:1036900005F4E061090A104D6B5C4568DD4085600A
:1036A0000A4D6D6805F46051C90A0B4D6B5C4568A5
:1036B000DD40C560054D6D6805F44041890B074D3F
:1036C0006B5CC568B5FBF3F5056130BD00100240C9
:1036D00000127A0000093D006801002078010020F6
:1036E0002DE9F04F8FB0FDF7ABFD00B20990FCF76C
:1036F000F2FF8246D24AD34BFCF703FF81F0004130
:10370000CDE90A01FDF77DF80D90FDF767F8CE4A87
:1037100003C20020FDF7F6FDFDF7F8FD00B20990A9
:10372000FCF7D9FFC64AC74BCDE90A01FCF7E9FE11
:103730008246FDF766F80D90FDF750F8C34A03C2C4
:103740000020FDF73BFEC248B0F9060040F2DC5114
:10375000884202DD0846BE49C880BD48B0F906006F
:10376000BC49884203DA4FF62420B949C880B849D9
:10377000B1F90600FCF7AFFF0022B74BCDE90C0111
:10378000FCF731FF8246FDF73CF80446B348B0F938
:103790000000FCF7A0FF0022AF4BCDE90C01FCF7C5
:1037A00022FF8246FDF72DF806463046FDF716F853
:1037B000CDE90A0104F088FA02460B46CDE90C0176
:1037C0004FF06040A649FCF70EFF8246FDF719F85E
:1037D0008046A248008800287CD04046FCF7FEFFC7
:1037E000CDE90A014046FCF7F9FF82469D4A9E4B0F
:1037F000FCF781FECDE906012046FCF7EFFFCDE99D
:103800000401DDE90623FCF77CFECDE90801DDE9D2
:103810000A23FCF7E8FECDE90C01FCF7F2FF8A4928
:1038200088604046FCF7DAFFCDE90A014046FCF724
:10383000D5FF8C4A8C4BCDE90401FCF7BBFDCDE9EB
:1038400008012046FCF7CAFFCDE90601DDE908239F
:10385000FCF757FE8246DDE90A23FCF7C4FECDE9FA
:103860000C01FCF7CEFF794988603046FCF7B6FFC3
:103870007E4A7F4BCDE90001FCF743FE824604F00F
:1038800023FA02460B46CDE902014FF0604074492D
:10389000FCF7A9FE734A744BCDE90401FCF78AFDDD
:1038A00002460B46CDE906014FF060406C49FCF73B
:1038B0009AFECDE9080103F045F96E4A6E4BCDE959
:1038C0000A01FCF71EFECDE90C01FCF79AFF054644
:1038D00005E0FFE75C4884605C488460002528467A
:1038E000FCF77CFF8246654A654BFCF70AFECDE992
:1038F00006012846FCF772FFCDE902012846FCF7D5
:103900006DFF82465F4A604BFCF7FBFDCDE900018D
:10391000DDE90223FCF7F5FDCDE90401DDE906232D
:10392000FCF748FD81F000410022584BCDE9080129
:10393000FCF7E7FD564A574BCDE90A01FCF753FE69
:10394000CDE90C01FCF75DFF074653493846FCF70B
:10395000C1FC83460021FCF765FC8246FCF7D9FEDA
:103960000FFA80F94846FEF72DFB3748D0E90021D1
:103970001046FCF746FF8246334988685146FEF7F9
:103980004BFB314988813149D1E900211046FCF7D0
:1039900038FF82462D4988685146FEF7A1FB2B4926
:1039A000888129498989494208B2FDF769FD27497B
:1039B000B1F90C00FDF78EFD2349D1E900A181F09A
:1039C0000043224903C95246CDE90601FCF7F2FC47
:1039D00000224FF08043CDE90801FCF704FE0022ED
:1039E0001D4BCDE90A01FCF78CFDCDE90C01FCF77C
:1039F000BDFE00B216490880002048801249D1E976
:103A000000A181F00043114803C85246CDE90601E8
:103A1000FCF7D0FC134A214BCDE90801FCF7E3FD8C
:103A200000220D4BCDE90A01FCF76BFDCDE90C013D
:103A3000FCF79CFE00B2064988800FB0BDE8F08F0D
:103A4000E3775F723A55733FB0010020C001002058
:103A50008801002024FAFFFF00408F407A000020F8
:103A6000CEF7C33F1F85EB51B81EB53FCAC342AD69
:103A700069DE913F144C77B6D7A54C409BE61DA755
:103A8000E848F33F091B9E5E29CB703F00806640EB
:103A9000A7E8482EFF21094000002041B81EC53F7D
:103AA00010B51B48FDF7A4FD194840881949088046
:103AB00017480088404200B24880154880888880B6
:103AC0001548FDF7B5FD14480088144909880844D5
:103AD00000B21149088008464088104949880844C6
:103AE00000B20D494880084680880C4989880844FE
:103AF00000B209498880084640880649C8800648BF
:103B00000088404200B2088103488088488110BD87
:103B100054000020D00100205A0000206000002046
:103B200010B529480088000A2849087026480078FE
:103B3000487025484088000A887023488078C870FB
:103B400021488088000A08711F48007948711E4882
:103B5000C088000A88711C488079C8711A48008999
:103B6000000A08721848007A487217484089000A0B
:103B700088721548807AC87215480088000A087350
:103B800013480078487312484088000A8873104828
:103B90008078C8730E488088000A08740C48007941
:103BA00048740C480088001288740A480078C87469
:103BB000102214210548FEF757FC10221421034857
:103BC000FEF746FB10BD0000D0010020DC01002004
:103BD000880100205200002000BF05F039FA174983
:103BE000086029E01421154804F03AFB14480078D5
:103BF000D0B113480078012802D1FDF757F913E03E
:103C00000F480078022802D1FDF79CF80CE00C4820
:103C10000078032802D1FDF753FA05E00848007840
:103C2000042801D1FEF7B8FDFEF79AF8FFF738F93E
:103C3000FFF736FFFFF774FFD4E700008000002095
:103C40007900002010B5044600BF02210A4800F0A8
:103C500087F80028F9D02146074800F08DF800BF0A
:103C60000121054800F07CF80028F9D0024800F056
:103C700080F8C0B210BD00000030014008B501213D
:103C80000820FFF7A3FC4FF46040ADF800001820B7
:103C90008DF8030003208DF8020069460948FEF7FD
:103CA000D5FE01218803FFF771FC4FF46041054800
:103CB000FEF7ABFF0121044800F046F8FF2000F0BA
:103CC00005F808BD000C01400038004070B50546FD
:103CD000002405E0601CC4B2C82C01DD002070BDCA
:103CE00002210E4800F03CF80028F3D029460B488A
:103CF00000F042F8002405E0601CC4B2C82C01DDCD
:103D00000020ECE70121054800F02AF80028F3D054
:103D1000024800F02EF8C0B2E1E700000038004091
:103D200010B50446074800884FF6C771084005499A
:103D3000088008460088204308800121014800F0DF
:103D400003F810BD0038004021B1028842F0400263
:103D5000028004E002884FF6BF731A400280704769
:103D60000246002013890B400BB1012000E0002027
:103D700070470146888970478181704710B50022DD
:103D8000028802F441520B884C8823438C882343D9
:103D9000CC8823430C8923434C8923438C892343B8
:103DA000CC8923431A430280838B4FF2FF74234054
:103DB00083830B8A038210BD10B500F001F810BD9B
:103DC0000CB50020019000903348006840F480302A
:103DD0003149086000BF3048006800F400300090AE
:103DE0000198401C0190009818B90198B0F5A06F97
:103DF000F1D12948006800F4003010B10120009092
:103E000001E0002000900098012843D12348006879
:103E100040F01000214908600846006820F00300C7
:103E200008600846006840F0020008601A484068D0
:103E3000194948600846406848600846406840F4B0
:103E4000806048600846406820F47C10486008465E
:103E5000406840F4E81048600846006840F0807010
:103E6000086000BF0C48006800F000700028F9D01E
:103E70000948406820F00300074948600846406848
:103E800040F00200486000BF0348406800F00C00AA
:103E90000828F9D10CBD00000010024000200240AB
:103EA0002DE9FF41074655260020FEF737F8002090
:103EB000FEF75EF80020FEF785F800252BE04FF4B2
:103EC00080717E48FEF79FFE1420FDF78BF94FF4BA
:103ED00080717A48FEF799FE1420FDF783F902A855
:103EE000FDF7A6FB76480088BDF80810084400B22C
:103EF0007349088008464088BDF80A10084400B29B
:103F00006F49488008468088BDF80C10084400B20C
:103F10006B4988806D1C0A2DD1DB6948B0F900001F
:103F200040420A2190FBF1F000B265490880084642
:103F3000B0F9020040420A2190FBF1F000B2604962
:103F400048800846B0F9040040420A2190FBF1F095
:103F500000B25B498880002522E000240BE0E006E7
:103F6000060E4FF480715548FEF74DFE1420FDF704
:103F700039F9601CC4B21E2CF1DB14240DE004EBF3
:103F800044008006060E4FF480714C48FEF73DFE5B
:103F90001420FDF727F9601EC4B2002CEFDC6D1C65
:103FA000032DDADB4FF480714448FEF72CFE4FF40A
:103FB00000514448FEF729FE6420FDF713F94FF441
:103FC00000514048FEF71FFEFDF7C4FB00233EA250
:103FD00019461846FDF776FC002340A20121184639
:103FE000FDF770FC002343A202211846FDF76AFC8E
:103FF000002346A202211E20FDF764FC002345A2F7
:1040000003211846FDF75EFC002348A20421184650
:10401000FDF758FC00234BA205211846FDF752FC82
:1040200000234EA206211846FDF74CFC03F070FF5A
:104030005048032100234FF48072CDE900104EA1B7
:10404000504804F0C5FF5048042100238022CDE9E8
:1040500000104EA1504804F0BBFF50480621002339
:104060008022CDE900104EA1504804F0B1FF504825
:104070000A2100238022CDE900104EA1504804F00F
:10408000A7FF50480B2100238022CDE900104EA14C
:10409000504804F09DFF5048052100238022CDE9BF
:1040A00000104EA1504804F093FF5048006804F0FF
:1040B00047F903F06FFFBDE8FF81000000080140F1
:1040C00060000020001001402020202A2046534D8F
:1040D00020414B4D202A2020200000002D2D2D2D89
:1040E0002D2D2D2D2D2D2D2D2D2D2D2D2D2D2D2D00
:1040F0002D000000205665723A56302E3030204D8B
:104100006F643A524F5320202000000056312E3069
:104110003000000020566F6C3A31322E3256204764
:10412000797A3A3030303030200000002064313A63
:1041300030302E3030302064323A30302E30303053
:104140000000000020416E673A3030302E303020C1
:1041500056656C3A302E303030200000204D5441EE
:104160003A30302E3030204D54423A2D302E3030FF
:104170002000000004000020526F626F745F5461E1
:10418000736B0000D93B0008080000204B65795F85
:104190005461736B00000000112F00080C00002018
:1041A000446973705F5461736B000000F52500086B
:1041B000100000205472697669615F5461736B006E
:1041C000DD4B0008140000205073325F5461736BA4
:1041D0000000000029350008180000204E72665FBC
:1041E0005461736B000000000D34000800000020D3
:1041F000042808D14FF0E021096941F004014FF093
:10420000E022116107E04FF0E021096921F004018B
:104210004FF0E0221161704710B504F009FF01284A
:1042200001D004F07FFB10BD10B51348006840F0CA
:1042300001001149086008464068104908400E49CD
:104240004860084600680E4908400B490860084667
:10425000006820F4802008600846406820F4FE00D2
:1042600048604FF41F008860FFF7A6FD4FF0006024
:104270000449086010BD0000001002400000FFF873
:10428000FFFFF6FE08ED00E0F0B50C4615460022F3
:104290000021068C4FF6FE773E400684028B018C8F
:1042A0004FF60C7632407E1C06EA03162E4332434C
:1042B000104EB0420ED0104EB0420BD0B0F1804F35
:1042C00008D00E4EB04205D00D4EB04202D00D4E79
:1042D000B04206D14FF6FD76314044F0010631433D
:1042E00005E04FF6F576314044F001063143028394
:1042F0000184F0BD002C0140003401400004004066
:1043000000080040000C0040F0B50C4615460022A5
:1043100000210026078C4FF6EF7C07EA0C07078484
:10432000028B018C4FF6FF7707EA041640F6FF4731
:104330003A404FF6FF7707EA03373A434FF6FF77E5
:1043400007EA05273A43114FB8420ED0104FB84242
:104350000BD0B0F1804F08D00E4FB84205D00E4FB1
:10436000B84202D00D4FB84206D14FF6DF77394040
:1043700046F01007394305E04FF65F77394044F0C7
:104380001007394302830184F0BD0000002C014076
:10439000003401400004004000080040000C0040D0
:1043A000F0B50C461546002200210026078C4FF67A
:1043B000FF6C07EA0C070784828B018C4FF6FF77AE
:1043C00007EA04264FF60C773A404FF6FF7707EAE4
:1043D00003172F433A43114FB8420ED0104FB84243
:1043E0000BD0B0F1804F08D00E4FB84205D00E4F21
:1043F000B84202D00D4FB84206D14FF6FF573940B0
:1044000046F48077394305E04FF2FF57394044F4D2
:104410008077394382830184F0BD0000002C014085
:10442000003401400004004000080040000C00403F
:10443000F0B50C461546002200210026078C4EF6EA
:10444000FF7C07EA0C070784828B018C4FF6FF770D
:1044500007EA043640F6FF473A404FF6FF7707EA8F
:1044600005273A434FF6FF7707EA03373A43114FE0
:10447000B8420ED0104FB8420BD0B0F1804F08D0E8
:104480000E4FB84205D00E4FB84202D00D4FB84281
:1044900006D14DF6FF77394046F48057394305E0A1
:1044A00047F6FF57394044F48057394382830184EB
:1044B000F0BD0000002C0140003401400004004029
:1044C00000080040000C004021B1028842F0800248
:1044D000028004E002884FF67F731A400280704722
:1044E00021B1028842F00102028004E002884FF606
:1044F000FE731A400280704731B1B0F8442042F494
:104500000042A0F8442005E0B0F84420C2F30E02B7
:10451000A0F844207047000010B504466848844263
:1045200008D10121C014FFF761F80021E014FFF762
:104530005DF8C4E0B4F1804F08D101210846FFF7CF
:1045400035F800210120FFF731F8B8E05D488442DA
:1045500008D101210220FFF729F800210220FFF7EE
:1045600025F8ACE05848844208D101210420FFF727
:104570001DF800210420FFF719F8A0E053488442F9
:1045800008D101210820FFF711F800210820FFF7CA
:104590000DF894E04E48844208D101211020FFF725
:1045A00005F800211020FFF701F888E0494884420F
:1045B00008D101212020FEF7F9FF00212020FEF77D
:1045C000F5FF7CE04448844208D101214014FFF704
:1045D0000DF800216014FFF709F870E03F488442AD
:1045E00009D10121C804FFF701F800214FF4002090
:1045F000FEF7FCFF63E03A48844209D10121080537
:10460000FEF7F4FF00214FF48010FEF7EFFF56E0B5
:104610003448844209D101214805FEF7E7FF002113
:104620004FF40010FEF7E2FF49E02F48844208D122
:1046300001214020FEF7BAFF00214020FEF7B6FF1F
:104640003DE02A48844208D101218020FEF7AEFFD8
:1046500000218020FEF7AAFF31E02548844208D1DE
:1046600001218015FEF7A2FF0021A015FEF79EFF95
:1046700025E02048844209D101210804FEF7B6FF55
:1046800000214FF48030FEF7B1FF18E01A48844251
:1046900009D101214804FEF7A9FF00214FF40030A1
:1046A000FEF7A4FF0BE01548844208D101218804DD
:1046B000FEF79CFF00214FF48020FEF797FF10BD0E
:1046C000002C01400004004000080040000C0040A5
:1046D000001000400014004000340140004C014034
:1046E000005001400054014000180040001C0040F0
:1046F00000200040004001400044014000480140CB
:10470000F0B50C4615461E46002100220023018903
:10471000028B038C4FF6F877394021434FF6FC4764
:104720003A4040F201173A434FF6DD773B404FF6EF
:10473000FF7707EA06172F433B4301810283038477
:10474000F0BD000070B505460C46244885420ED0E9
:10475000234885420BD0B5F1804F08D021488542CF
:1047600005D02148854202D02048854200D100E092
:1047700000BF208850B92389A28861882846FFF7A6
:1047800083FDE188284600F0A1F925E0208804286F
:104790000AD12389A28861882846FFF7B5FDE18800
:1047A000284600F09CF917E0208808280AD12389C0
:1047B000A28861882846FFF7F3FDE188284600F0CB
:1047C0009BF909E02389A28861882846FFF730FE1B
:1047D000E188284600F099F970BD0000002C0140E6
:1047E000003401400004004000080040000C00407C
:1047F000002101804180012181800021C18001814F
:104800007047000070B5002400220023058C4FF68D
:10481000FE7635400584028C8388048B4FF68F75B5
:104820002C40B51E2C400D882C43751E2A400D8946
:104830002A434D882A43144DA8420BD0134DA84259
:1048400008D0134DA84205D0124DA84202D0124DF7
:10485000A84213D14FF6F7752A404D892A434FF6E7
:10486000FB752A408D882A434FF6FF652B404FF693
:10487000FF552B408D892B43CD892B4383800483A7
:10488000CD888586028470BD002C01400034014033
:104890000040014000440140004801400A46002118
:1048A000018B4FF6F77319401143018370470000E5
:1048B00070B5002400220023058C4FF6EF763540BA
:1048C0000584028C8388048B48F6FF752C404FF6D4
:1048D000FF452C400D884FF6FF7606EA05252C4350
:1048E0004FF6DF752A400D8906EA05152A434D88E3
:1048F00006EA05152A43154DA84202D0144DA842D8
:104900001DD14FF67F752A404D894FF6FF7606EA96
:1049100005152A434FF6BF752A408D8806EA05150E
:104920002A434FF6FF352B404FF2FF752B408D8900
:1049300006EA85052B43CD8906EA85052B4383804E
:104940000483CD880587028470BD0000002C0140DF
:10495000003401400A460021018B4FF2FF731940D9
:104960004FF6FF7303EA02231943018370470000E7
:1049700070B5002400220023058C4FF6FF663540F9
:104980000584028C8388848B4FF68F752C404FF6FC
:10499000FC752C400D882C434FF6FF552A400D899D
:1049A0004FF6FF7606EA05252A434D8806EA0525D7
:1049B0002A43154DA84202D0144DA8421DD14FF2F2
:1049C000FF752A404D894FF6FF7606EA05252A43F2
:1049D0004FF6FF352A408D8806EA05252A434EF614
:1049E000FF752B404DF6FF752B408D8906EA0515A6
:1049F0002B43CD8906EA05152B4383808483CD881C
:104A00008587028470BD0000002C01400034014005
:104A10000A460021818B4FF6F773194011438183B9
:104A20007047000070B5002200230024058C4EF66C
:104A3000FF7635400584038C8488828B48F6FF75A9
:104A40002A404FF6FF452A400D884FF6FF7606EACA
:104A500005252A434DF6FF752B400D8906EA0535DD
:104A60002B434D8806EA05352B430B4DA84202D057
:104A70000A4DA84208D14BF6FF752C408D894FF6A0
:104A8000FF7606EA85152C4384808283CD88A0F8C2
:104A90004050038470BD0000002C014000340140F0
:104AA0000A460021818B4FF2FF7319404FF6FF73C6
:104AB00003EA022319438183704781867047018787
:104AC000704781877047A0F840107047028B4FF6FF
:104AD000F3731A400283028B0A4302837047028BEE
:104AE0004FF2FF331A400283028B4FF6FF7303EA43
:104AF00001231A4302837047828B4FF6F3731A40E7
:104B00008283828B0A4382837047828B4FF2FF330A
:104B10001A408283828B4FF6FF7303EA01231A4304
:104B200082837047002202881D4B98420ED01D4B95
:104B300098420BD0B0F1804F08D01B4B984205D063
:104B40001A4B984202D01A4B984204D14FF68F73F9
:104B50001A404B881A43174B984207D0164B98427D
:104B600004D04FF6FF431A40CB881A4302808B884B
:104B700083850B8803850A4B98420BD0094B9842DA
:104B800008D00E4B984205D00D4B984202D00D4BE9
:104B9000984201D10B7A038601238382704700007B
:104BA000002C014000340140000400400008004097
:104BB000000C004000100040001400400040014084
:104BC00000440140004801404FF6FF718180002100
:104BD0000180C1804180017270470000ABE0FDF7A9
:104BE0008BFC5549088008460088B0F5856F64DC69
:104BF00010215248FDF7FEFFC0F10100C4B2224669
:104C000010214E48FEF703F84B480088B0F57D7F31
:104C100057DA10214948FDF7F6FF47480088B0F5FC
:104C2000767F46DA46480088401C45490880084699
:104C300000880A2845DD4FF480714248FDF7E5FF02
:104C400010213E48FDF7DFFF3F48006803F03AFDC2
:104C50003E48006803F036FD0020FCF711FC002000
:104C6000FCF738FCFCF776FD22E0002338A2032194
:104C70001846FCF727FE00233BA205211846FCF747
:104C800021FE4FF400512D48FDF7BFFF1E2003F019
:104C9000ABFA4FF400512948FDF7B5FF4FF47A7095
:104CA00003F0A2FAFCF756FD4FF47A7003F09CFA79
:104CB000DBE700202249088003E010211F48FDF7B0
:104CC000A4FF2F48007820B32D48007801280FD189
:104CD00041031A48FDF799FFC82003F085FA4FF405
:104CE00000511648FDF78FFF00202549087010E09D
:104CF0004FF400511148FDF788FF4FF47A7003F02C
:104D000073FA4FF400510D48FDF77DFF00201C4958
:104D100008704FF480710B48FDF76CFFC0F1010083
:104D2000C4B222464FF480710648FDF770FF4FF47D
:104D3000FA7003F059FA52E75200002000100140C7
:104D40008400002000080140040000200C00002026
:104D500020202020204C6F7720706F7765722020F4
:104D600020202020000000002020526F626F74205D
:104D70006861732073746F707065642000000000B8
:104D80006C00002010B540F22551F64801F000F803
:104D900000287CD0F34801F0B7F8C4B240F22551A6
:104DA000F04800F0CDFFF048007804280BDAAA2C78
:104DB00005D1ED480078401CEB490870CBE000209D
:104DC000E9490870C7E0E84800780A2870DAE64840
:104DD000007803286CDDE4480078001F062868D2BC
:104DE000DFE800F003156E80929F54B9DE4800782A
:104DF000401CDD490870DD4800782044DB4908701C
:104E0000A1E00020D8490870D849087000BF022CE2
:104E10000DD10220D6490870D3480078401CD249F1
:104E20000870D24800782044D04908708BE00D2CDF
:104E30000DD10D20CE490870CB480078401CCA49DE
:104E40000870CA4800782044C84908707BE00F2CDD
:104E50000DD10F20C6490870C3480078401CC249D4
:104E60000870C24800782044C04908706BE0102CDC
:104E70000ED11020BE490870BB480078401CBA49CA
:104E80000870BA4800782044B84908705BE0E5E053
:104E9000142C0FD11420B6490870B3480078401C78
:104EA000B1490870B14800782044B04908704AE020
:104EB0004AE047E00020AC490870AC49087000BFE8
:104EC00054B9A9480078401CA7490870A748007841
:104ED0002044A649087036E00020A3490870A34981
:104EE000087000BF54B9A0480078401C9E49087063
:104EF0009E48007820449D49087024E000209A498B
:104F000008709A49087000BF9A4804709648007863
:104F1000401C9549087095480078204493490870D2
:104F200011E09448007800EB0420924908708E4804
:104F30000078401C8C4908708C48007820448B49CC
:104F4000087000E000BF06E0874800780A2802D118
:104F50000020894908708648007802287ED186485A
:104F600000780028FAD180480078092876DD7E484C
:104F70000078BE2873DA7C4800780A380F2190FB4D
:104F8000F1F201FB12007D490870084600780F28F5
:104F900066D2DFE800F0081A36496A7D9AB7D4FF76
:104FA000FDFCFBFAF9007648007800EB80007549BB
:104FB00021F820406D48007820446C4908706A4808
:104FC0000078401C6849087085E16D48007800EB66
:104FD00080006C4931F8200000EB042000B26849E1
:104FE000097801EB8101674A22F821005F480078C7
:104FF00020445E4908705C480078401C5A4908709B
:1050000069E15F48007800EB80005E4901EB8000B9
:10501000448056480078204454490870524800782B
:10502000401C5149087056E15548007800EB80005B
:10503000544901EB8000408800EB04205049097876
:1050400001EB81014F4A02EB81014880474800781B
:105050002044464908704448007802E0AAE13BE158
:1050600038E1401C4049087035E14548007800EBC4
:105070008000444901EB800044603C4800782044B3
:105080003A49087038480078401C3749087022E1D6
:105090003B48007800EB80003A4901EB8000406813
:1050A00000EB04203649097801EB8101354A02EB17
:1050B000810148602D48007820442C4908702A4816
:1050C0000078401C2849087005E12D48007800EB65
:1050D00080002C4901EB8000406800EB0440284927
:1050E000097801EB8101274A02EB810148601F48E2
:1050F000007820441D4908701B480078401C1A495C
:105100000870E8E01E48007800EB80001D4901EBC4
:105110008000406800EB04601949097801EB8101C7
:10512000184A02EB810148601048007820440F497A
:1051300008700D480078401C0B490870CBE01048FF
:10514000007800EB80000F4901EB800004720748F3
:10515000007820440549087003480078401C024943
:105160000870B8E0004C0040E4000020E50000209A
:10517000E7000020E8000020F0000020F1000020FF
:10518000E60000208804002081E06DE04FE031E07F
:1051900013E0FFE78848007800EB8000874901EBC7
:1051A0008000C4608648007820448549087085489E
:1051B0000078401C834908708DE07F48007800EB40
:1051C00080007E4901EB8000C06800EB04207A4932
:1051D000097801EB8101794A02EB8101C8607848C6
:1051E000007820447649087076480078401C75495C
:1051F000087070E07048007800EB80006F4901EBA8
:105200008000C06800EB04406B49097801EB810124
:105210006A4A02EB8101C860694800782044684905
:10522000087068480078401C6649087053E062487E
:10523000007800EB8000614901EB8000C06800EB62
:1052400004605D49097801EB81015C4A02EB810150
:10525000C8605B4800782044594908705948007874
:10526000401C5849087036E05348007800EB800035
:10527000524901EB80000482514800782044504993
:10528000087050480078401C4E49087023E04A4896
:10529000007800EB8000494901EB8000008A00EBB8
:1052A000042000B24449097801EB8101434A02EB32
:1052B00081010882424800782044414908704148F1
:1052C0000078401C3F4908703B480078401C3A4930
:1052D000087000E000BF00BF3A480078BE280CD13B
:1052E0003948046037480078401C36490870344813
:1052F00000782044324908705CE032480078BF28CA
:1053000010D13148006800EB04202F4908602D4877
:105310000078401C2B49087029480078204428490F
:10532000087047E027480078C02810D12648006858
:1053300000EB04402449086022480078401C2149C1
:1053400008701F48007820441D49087032E01D484D
:105350000078C12810D11C48006800EB04601A498D
:10536000086018480078401C1649087014480078F6
:105370002044134908701DE012480078C22819D152
:105380000F480078844206D101F05CFD0F48008888
:10539000401C0E490880094800880D4908800020FB
:1053A000074908700749087001200A490870002061
:1053B0000149087010BD0000E600002088040020AC
:1053C000E5000020E4000020EC0000202200002086
:1053D0001E000020F000002010B540F225512C489E
:1053E00000F0D6FC002851D0294800F08DFDC4B251
:1053F00028480078032823DA2648007838B9AA2CF0
:105400003ED12548047001202249087038E0214827
:10541000007801280BD1552C05D11F48447002207B
:105420001C4908702CE000201A49087028E01A482E
:105430008470032017490870601E184908701FE027
:1054400015488078401E1349097888420EDD1248BD
:105450001049097844540F480078401C0D490870E1
:105460000E48007820440D49087009E00B48007888
:10547000844205D101200A490870002005490870BE
:10548000012240F22551024800F0ACFC10BD0000A2
:1054900000500040C100002000030020C200002096
:1054A000C000002010B540F225514C4800F070FCBF
:1054B000002874D0494800F027FDC4B2484800785D
:1054C000032823DA4648007838B9AA2C7ED145480B
:1054D000047001204249087078E0414800780128B2
:1054E0000BD1552C05D13F48447002203C4908702F
:1054F0006CE000203A49087068E03A488470032064
:1055000037490870601E384908705FE03548807878
:10551000401E3349097888420EDD32483049097807
:1055200044542F480078401C2D4908702E480078BC
:1055300020442D49087049E00020294908702A4874
:105540000078844242D10020284908702548C0785C
:10555000502825D1234840792249097940EA012081
:1055600000B22349C8801F48C0791E49897940EAA2
:10557000012000B21E4908811A48407A1949097A67
:1055800040EA012000B21A4948810A46B2F90A10DD
:10559000B2F90600FBF76AFB1649088016E01BE02B
:1055A0001048C078602811D10E4840790D4909791A
:1055B00040EA012000B2104908800A48C079094930
:1055C000897940EA012000B20B494880012240F26B
:1055D0002551024800F006FC10BD000000380140D3
:1055E000BB00002010020020BC0000207900002039
:1055F000880100207A0000207C00002010B540F2D5
:105600002551334800F0C4FB00285FD0304800F03B
:105610007BFCC4B22F480078032823DA2D48007899
:1056200038B9AA2C4CD12C480470012029490870A3
:1056300046E02848007801280BD1552C05D1264892
:1056400044700220234908703AE000202149087084
:1056500036E02148847003201E490870601E1F49EF
:1056600008702DE01C488078401E1A49097888424D
:105670000EDD194817490978445416480078401C33
:10568000144908701548007820441449087017E040
:1056900000201049087011480078844210D1012080
:1056A0000F4908700C48C078302809D10A480079A1
:1056B000552805D102200B49087001200A490870BD
:1056C000012240F22551024800F08CFB10BD000081
:1056D00000440040BE00002060020020BF00002007
:1056E000BD000020790000206C00002010B540F2C1
:1056F0002551F64800F04CFB00287CD0F34800F020
:1057000003FCC4B240F22551F04800F019FBF04808
:10571000007804280BDAAA2C05D1ED480078401C4B
:10572000EB490870CBE00020E9490870C7E0E84881
:1057300000780A2870DAE648007803286CDDE4482F
:105740000078001F062868D2DFE800F003156E809D
:10575000929F54B9DE480078401CDD490870DD484E
:1057600000782044DB490870A1E00020D849087087
:10577000D849087000BF022C0DD10220D64908700C
:10578000D3480078401CD2490870D24800782044A1
:10579000D04908708BE00D2C0DD10D20CE4908703A
:1057A000CB480078401CCA490870CA480078204499
:1057B000C84908707BE00F2C0DD10F20C649087036
:1057C000C3480078401CC2490870C2480078204491
:1057D000C04908706BE0102C0ED11020BE49087033
:1057E000BB480078401CBA490870BA480078204489
:1057F000B84908705BE0E5E0142C0FD11420B649DD
:105800000870B3480078401CB1490870B14800786E
:105810002044B04908704AE04AE047E00020AC4923
:105820000870AC49087000BF54B9A9480078401C02
:10583000A7490870A74800782044A649087036E0B8
:105840000020A3490870A349087000BF54B9A048BC
:105850000078401C9E4908709E48007820449D496D
:10586000087024E000209A4908709A49087000BF27
:105870009A48047096480078401C954908709548ED
:10588000007820449349087011E09448007800EBB8
:105890000420924908708E480078401C8C4908709A
:1058A0008C48007820448B49087000E000BF06E077
:1058B000874800780A2802D1002089490870864864
:1058C000007802287ED1864800780028FAD18048E6
:1058D0000078092876DD7E480078BE2873DA7C4897
:1058E00000780A380F2190FBF1F201FB12007D498C
:1058F0000870084600780F2866D2DFE800F0081A22
:1059000036496A7D9AB7D4FFFDFCFBFAF900764868
:10591000007800EB8000754921F820406D48007840
:1059200020446C4908706A480078401C6849087037
:1059300085E16D48007800EB80006C4931F820006B
:1059400000EB042000B26849097801EB8101674A45
:1059500022F821005F48007820445E4908705C48C6
:105960000078401C5A49087069E15F48007800EBF4
:1059700080005E4901EB8000448056480078204456
:105980005449087052480078401C5149087056E14B
:105990005548007800EB8000544901EB80004088B6
:1059A00000EB04205049097801EB81014F4A02EBDA
:1059B000810148804748007820444649087044489F
:1059C000007802E0AAE13BE138E1401C4049087060
:1059D00035E14548007800EB8000444901EB800048
:1059E00044603C48007820443A49087038480078C0
:1059F000401C3749087022E13B48007800EB8000EA
:105A00003A4901EB8000406800EB042036490978F0
:105A100001EB8101354A02EB810148602D48007895
:105A200020442C4908702A480078401C28490870F6
:105A300005E12D48007800EB80002C4901EB800047
:105A4000406800EB04402849097801EB8101274AAE
:105A500002EB810148601F48007820441D4908700E
:105A60001B480078401C1A490870E8E01E4800787E
:105A700000EB80001D4901EB8000406800EB0460F2
:105A80001949097801EB8101184A02EB810148604C
:105A90001048007820440F4908700D480078401CD9
:105AA0000B490870CBE01048007800EB80000F49EC
:105AB00001EB800004720748007820440549087013
:105AC00003480078401C02490870B8E000480040D4
:105AD000CC000020CD000020CF000020D00000200E
:105AE000D8000020D9000020CE0000208403002030
:105AF00081E06DE04FE031E013E0FFE78848007897
:105B000000EB8000874901EB8000C4608648007884
:105B100020448549087085480078401C83490870F6
:105B20008DE07F48007800EB80007E4901EB80002B
:105B3000C06800EB04207A49097801EB8101794AB9
:105B400002EB8101C86078480078204476490870EB
:105B500076480078401C7549087070E070480078FD
:105B600000EB80006F4901EB8000C06800EB04404F
:105B70006B49097801EB81016A4A02EB8101C86037
:105B80006948007820446849087068480078401CDB
:105B90006649087053E06248007800EB8000614974
:105BA00001EB8000C06800EB04605D49097801EBFF
:105BB00081015C4A02EB8101C8605B4800782044A7
:105BC0005949087059480078401C5849087036E017
:105BD0005348007800EB8000524901EB80000482BA
:105BE0005148007820445049087050480078401CC3
:105BF0004E49087023E04A48007800EB800049498C
:105C000001EB8000008A00EB042000B244490978CF
:105C100001EB8101434A02EB81010882424800788E
:105C200020444149087041480078401C3F490870B1
:105C30003B480078401C3A49087000E000BF00BFB4
:105C40003A480078BE280CD13948046037480078BB
:105C5000401C3649087034480078204432490870A6
:105C60005CE032480078BF2810D13148006800EB72
:105C700004202F4908602D480078401C2B490870EB
:105C80002948007820442849087047E027480078D0
:105C9000C02810D12648006800EB04402449086061
:105CA00022480078401C214908701F480078204491
:105CB0001D49087032E01D480078C12810D11C48E9
:105CC000006800EB04601A49086018480078401C1E
:105CD00016490870144800782044134908701DE0E4
:105CE00012480078C22819D10F480078844206D1A2
:105CF00001F038F80F480088401C0E490880094818
:105D000000880D490880002007490870074908707D
:105D100001200A49087000200149087010BD0000E8
:105D2000CE00002084030020CD000020CC00002005
:105D3000D4000020200000201C000020D8000020FB
:105D400010B50022002340F66A14A14200D100BF22
:105D50000A1201249440A3B2DC43048010BD21B197
:105D6000828942F40052828104E082894DF6FF73F9
:105D70001A408281704702460020B1F5007F00D1B1
:105D800000BF13880B400BB1012000E000207047DA
:105D900070B50246002400230025002040F66A1654
:105DA000B14200D100BFC1F3421501F01F0301262B
:105DB00006FA03F3012D02D19689334006E0022D45
:105DC00002D1168A334001E0968A33400C12012634
:105DD00006FA04F41688344013B10CB1012000E037
:105DE000002070BDF0B503460024002600250020E9
:105DF00040F66A17B94200D100BF1846C1F34214F9
:105E000001F01F06012707FA06F5012C01D10C301D
:105E100004E0022C01D1103000E014301AB1076800
:105E20002F43076002E00768AF430760F0BD000042
:105E30002DE9F04786B005460E460024A24600BF75
:105E4000A1460027B08900B100BF2F462C8A4CF62E
:105E5000FF700440F08804432C82AC894EF6F310A6
:105E60000440B08831890843718908430443AC81F8
:105E7000AC8A4FF6FF400440B0890443AC8201A8CD
:105E8000FDF7C4FB1F48874202D1DDF810A001E0F6
:105E9000DDF80CA0A88900F4004040B10AEBCA006C
:105EA00000EB0A1031684900B0FBF1F807E00AEB9B
:105EB000CA0000EB0A1031688900B0FBF1F86420D9
:105EC000B8FBF0F004012009642101FB1089A889C6
:105ED00000F4004040B1322000EBC900B0FBF1F00B
:105EE00000F00700044308E0322000EB09106421B1
:105EF000B0FBF1F000F00F0004432C8106B0BDE8C8
:105F0000F08700000038014001468888C0F308008F
:105F10007047C1F308028280704700BFFEE70000AF
:105F20000FB4054B10B503A9044A029800F0C8FB52
:105F300010BC5DF814FB0000256F00087C010020F8
:105F40000FB41CB50246002007AC00290BD0491E37
:105F5000CDE90021054B6A462146069800F0B0FBCA
:105F6000009A002111701CBC5DF814FB236B000823
:105F70000FB4084B10B504A902AA039800F0A0FBC7
:105F8000044602A9002000F0D7FD204610BC5DF8B1
:105F900014FB0000396B0008490050EAC12018BF0B
:105FA00004204A0D18BF40F0010040F2FF72B2EB2E
:105FB000515F08BF40F00200012808BF052070476C
:105FC0002DE9F74F144694B00021C4E90211159948
:105FD000079121F00045C9498D4206DC1599C4E9B5
:105FE000000117B00020BDE8F08FC549DFF814A309
:105FF000A9423CDD0799C44E0029C44FC44A1599F3
:10600000534619DDFAF777FA554506D0C14AC24B17
:10601000FAF771FAC4E900010AE04FF0D352BE4B1F
:10602000FAF769FA32463B46FAF765FAC4E9000125
:1060300017B00120BDE8F08FFAF7BCF9554506D03E
:10604000B44AB54BFAF7B6F9C4E900010AE04FF0DB
:10605000D352B14BFAF7AEF932463B46FAF7AAF9FA
:10606000C4E9000117B04FF0FF30BDE8F08FAB4935
:10607000A942159978DB21F0004183468846A84A59
:10608000A84BFAF73EFA0022A74BFAF793F9FAF772
:106090006DFB0990FAF71FFB06460F469C4A5346D4
:1060A000FAF72FFA43465A46FAF728FA80468A4604
:1060B000984A994B30463946FAF723FA2A0D0125BA
:1060C0000B9242465346FAF719FA032DC4E9000130
:1060D00039D00B98C1F30A51401A05EB451111391B
:1060E000814230DA9148C346784400EB0510CDF880
:1060F0000CA00C90D0E9002330463946FAF701FA9B
:1061000002460B460491069058460399FAF7F3F9B4
:1061100080468A4602460B4658460399FAF7EBF941
:10612000049B069AFAF7E7F983460C9803913946DF
:10613000D0E902233046FAF7E4F95A46039BFAF70E
:10614000DAF96D1CBDE707980028A2BF099817B0BF
:10615000BDE8F08F616881F000416160099817B077
:106160004042BDE8F08FFFE784461598C1F3130164
:10617000C0F30A50A0F2F5304FEA601800F01F0695
:10618000C6F12000139000200690079041F4801E75
:1061900005206D4676B1664A08EB00017A4452F854
:1061A000213002EB8101B3404A68139922FA01F1D0
:1061B000194305E05F4908EB0002794451F82210C9
:1061C000A1FB0E27A1FB0C131A449A4234BF0123F2
:1061D000002303EB070A05EB8003D3E901B70F4463
:1061E0008F4234BF0121002193448B4411B1934568
:1061F00002D903E0934501D2012100E00021C3E967
:1062000001B7514445F82010011EA0F10100C1DC86
:106210000298059F00F10050800F12900298DDE96E
:1062200003568000FAF757FA834628460D91FAF78D
:1062300063FA6FF01D02FAF70BFCCDE90E01304650
:10624000FAF75AFA6FF03D02FAF702FC80468A46E6
:106250003846FAF751FA6FF05D02FAF7F9FB074694
:10626000424653461191FAF7A5F8DDE90E23FAF7F5
:10627000A1F85A460D9BFAF79DF800250E465A469E
:1062800028460D9BFAF737F9DDE90E23FAF733F9C3
:1062900042465346FAF72FF93A46119BFAF72EF980
:1062A000DFF898A0244A5346FAF72BF907468846A8
:1062B000234A244B31462846FAF723F93A46434607
:1062C000FAF778F8074688464FF0A8425346314619
:1062D0002846FAF716F93A464346FAF76BF8159A44
:1062E00012F0004F04D0129A81F0004152421292F3
:1062F000C4E90001129817B0BDE8F08FFB21E93F17
:106300007CD90240FB21F93F7370032E8A19A33B0D
:10631000000040543163621A61B4D03DFB21394121
:1063200083C8C96D305FE43F0000E03F7441000066
:10633000F0400000D2400000182D4454FB21F93DEC
:106340003326A611460B113C2DE9F0414F1E00EB00
:10635000C7010446D1E9000115461E4637F0060282
:106360000DD02A463346FAF7CCF87F1E04EBC7035C
:10637000D3E90023FAF71EF837F00602F1D1022F15
:1063800025D0042F13D0062F18BFBDE8F0812A4670
:106390003346FAF7B6F8D4E90A23FAF70BF82A4697
:1063A0003346FAF7AEF8D4E90823FAF703F82A4699
:1063B0003346FAF7A6F8D4E90623F9F7FBFF2A4695
:1063C0003346FAF79EF8D4E90423F9F7F3FF2A4697
:1063D0003346FAF796F8D4E90223F9F7EBFF2A4699
:1063E0003346FAF78EF8D4E90023BDE8F041F9F717
:1063F000E1BF00002DE9F04D04468CB0904821F03B
:106400000047164698460D460991874206DA20460F
:106410002946FAF7ABF9002800F0AE808948B84267
:106420001CDC09980028BCBF85F0004588F00048B6
:10643000854A864B20462946FAF760F804460D4601
:106440003246434682488349FAF755F822462B469E
:10645000F9F7B0FF002604460D46B04622462B460B
:1064600010461946FAF74DF88B46824602460B460F
:10647000FAF747F80246089077480B460091062144
:106480007844FFF761FFCDE9031074480621784492
:10649000009B089AFFF758FF52465B46FAF731F81F
:1064A000CDE9051052465B4620462946FAF729F801
:1064B00007910090DDE90310DDE90532F9F77AFF75
:1064C000079B009AFAF71DF832464346F9F772FF28
:1064D00052465B46FAF715F832464346F9F76AFF2B
:1064E00080460E465E4A5F4B07990098FAF709F816
:1064F00042463346F9F75EFF82468B4622462B46DC
:10650000F9F758FF80464F480E46B84214985BDCB6
:10651000FAF7E1F80746424633460591F9F74AFF94
:10652000CDE901104246334610461946F9F7E9FF16
:10653000DDE90132FAF757F852465B46F9F7DBFF1F
:1065400022462B46F9F7DAFF0122FAF781FA3A469A
:10655000059BF9F7D3FF04460D460998022101EA8D
:10656000A070C0F10100FAF7B6F80CB022462B4635
:10657000BDE8F04DF9F7C5BF1498401C38432043DF
:106580000BD01498012812D00CB022462B46BDE83F
:10659000F04D00203449FAF726B80CB025F000433E
:1065A0002246BDE8F04D00203049FAF71CB82046DD
:1065B0002946FFF7F1FC042808BF00F063F82046E5
:1065C0000CB02946BDE8F08D012802BF40460CB052
:1065D000BDE8F08D00270B463A4620462946F9F7DC
:1065E0008DFF52465B46F9F789FF04460D46424649
:1065F000334600201C49F9F7F6FF83463A468846A1
:1066000033461046F9F77DFF0022184BF9F7D2FE0A
:1066100006468A4622462B4638464146F9F771FF20
:1066200032465346F9F7C6FE5A464346F9F769FF24
:106630000CB03A464346BDE8F04DF9F7BBBE00004A
:106640000000303E2894E53F182D4454FB21E93FDB
:10665000075C143326A6813CA43E0000C63E000021
:10666000635555555555D53F0000F0BF0000F03F2C
:106670000122FAF7EDB90022134610461146F9F748
:10668000B2BF0000024A00201107FAF7E1B900008A
:1066900001FDFFFF02E008C8121F08C1002AFAD15D
:1066A00070477047002001E001C1121F002AFBD192
:1066B0007047000001490860704700008001002019
:1066C0002DE9FF4F8DB00F460546002606E0252830
:1066D0000BD0DDE90F1290476D1C761C287800283E
:1066E000F5D111B03046BDE8F08F0024A246A14696
:1066F0000122EC4900E0044315F8013F203B02FA77
:1067000003F00842F7D128782A2810D06FF02F0222
:106710002878A0F13001092914D80AEB8A0102EB8C
:10672000410144F0020400EB010A6D1CF0E701CFC7
:106730005FEA000A03D544F40054CAF1000A44F0A9
:1067400002046D1C28782E2817D115F8010F44F08B
:1067500004042A280ED06FF02F022878A0F130010F
:1067600009290AD809EB890102EB410100EB010973
:106770006D1CF2E757F8049B6D1C28786C280FD02D
:1067800006DC4C2817D068280DD06A2814D104E004
:10679000742810D07A280FD10DE044F400140AE0D8
:1067A00044F4801401E044F440146978814202D139
:1067B00004F580146D1C6D1C2A786E2A1FD00CDC29
:1067C000632A31D004DC002A8BD0582A11D1A3E0EF
:1067D000642A68D0692A0CD165E0732A2ED004DCC3
:1067E0006F2A73D0702A04D19BE0752A6FD0782A63
:1067F0006ED01046DDE90F129047761C50E1C4F3CD
:106800000250022806D0032809D0042801CF09D05D
:10681000066045E101CFF117C0E9006140E101CF19
:1068200006803DE106703BE117F8040B8DF800008F
:1068300000208DF80100EB46012003E057F804BB6F
:106840004FF0FF3061074FF0000102D40DE008F176
:106850000101884649450FDA8045F8DB1BF808102E
:106860000029F4D108E008F1010188468142FADBF1
:106870001BF808100029F6D1DDE90F23AAEB080068
:106880008146214600F036F9304400EB080604E06A
:10689000DDE90F121BF8010B9047B8F10108F7D2A0
:1068A00021464846F7E00A21C4F302534FF0000B9B
:1068B0000891022B04D001CFC117032B09D00AE0A5
:1068C000FF1D27F00707F7E8020108E032E01FE0AC
:1068D00020E000B2C117042B01D140B2C117031E42
:1068E00071F1000307DA4FF0000CD0EB0C006CEBF9
:1068F00001012D2302E0230504D52B238DF824303C
:10690000012303E0E30701D02023F7E7984658E08E
:106910000A2110E010210EE010204FF0000B08902B
:106920000CE010214FF0000B44F004044FF0080974
:10693000089103E008214FF0000B0891C4F30253C3
:10694000022B04D001CF0021032B06D006E0FF1D4F
:1069500027F00707F7E8020103E080B2042B00D11B
:10696000C0B24FF0000823072BD5702A07D0DDF8FE
:1069700020C08CF0100C5CEA0B0C05D00EE040231C
:106980008DF82430012308E050EA010306D03023BB
:106990008DF824308DF8252002239846DDF820C09C
:1069A0008CF0080C5CEA0B0C0BD150EA010301D10E
:1069B000630706D530238DF824304FF00108A9F184
:1069C0000109582A04D038A20B9208AA0A920BE0B7
:1069D0003AA2F9E75B46089AF9F744FF0B9B9B5CE8
:1069E0000A9A521E0A92137050EA0102F2D10A98D2
:1069F000ADEB000000F1200B600702D524F48034D9
:106A000001E04FF00109D94502DDA9EB0B0000E0E0
:106A1000002000EB0B0141440890AAEB010AE003BF
:106A200006D4DDE90F232146504600F063F8064402
:106A30004FF0000908E009A911F80900DDE90F127B
:106A4000904709F10109761CC145F4DBE0030CD540
:106A5000DDE90F232146504600F04CF8064404E0DF
:106A6000DDE90F1230209047761C0899481E0890E7
:106A70000029F5DC08E00A980A990078491C0A9177
:106A8000DDE90F129047761CBBF10001ABF1010B61
:106A9000F1DC21465046DDE90F2300F019F80644E9
:106AA0006D1C1BE60928010030313233343536378E
:106AB000383961626364656600000000303132334A
:106AC00034353637383941424344454600000000EA
:106AD0002DE9F041044600251E461746880404D4DB
:106AE00005E039462020B0476D1C641EF9D52846C4
:106AF000BDE8F0812DE9F041044600251E46904690
:106B0000C80301D5302700E02027880404D505E01C
:106B100041463846B0476D1C641EF9D52846BDE88D
:106B2000F0814A68002A06D00A68531C0B60107076
:106B30004868401E486070470A68531C0B6010701C
:106B4000704700002DE9F84F04460D4621F0004043
:106B500000917349814211DC7249884201DC06D1FF
:106B60002CB120462946BDE8F84FFFF781BD6E489D
:106B7000002DCCBF6D496E49BDE8F88F6D4981424B
:106B800011DD6D498142D8BF4FF0FF366DDD2046E3
:106B90002946FFF701FA042808BFFFF773FD2046D6
:106BA0002946BDE8F88F6549654F25F000458142CB
:106BB00033DD6449814219DD002632464FF08043BF
:106BC00020462946F9F7F6FB80468A4601222046F0
:106BD0002946F9F73DFF00223B46F9F78CFC424677
:106BE0005346F9F700FD04460D463EE0012600221B
:106BF000BA463B4620462946F9F7DCFB80460F465D
:106C00000022534620462946F9F775FC42463B468A
:106C1000F9F7E9FC04460D4627E04B4981421BDDAC
:106C2000DFF828A102260022534620462946F9F71C
:106C300068FC00223B46F9F7BDFB80460F46002268
:106C4000534620462946F9F756FC42463B46F9F79B
:106C5000CAFC04460D4608E0032622462B460020C7
:106C60003B49F9F7C0FC04460D4622462B46104628
:106C70001946F9F746FC8B46824602460B46F9F761
:106C800040FC07460246334888460B4606217844B6
:106C9000FFF75AFB52465B46F9F733FC82462E4813
:106CA0008B463A46434605217844FFF74DFB3A466A
:106CB0004346F9F726FC02460B46002E504659463D
:106CC0000CDAF9F777FB22462B46F9F71AFC01B0EC
:106CD00022462B46BDE8F04FF9F710BCF9F76AFBE6
:106CE00022462B46F9F70DFC1C4A7A4402EBC603F8
:106CF000D3E90023F9F7FFFB22462B46F9F7FBFB0C
:106D0000174A7A4402EBC603D3E90023F9F7F6FBEE
:106D1000009A002AB8BF81F00041BDE8F88F00005A
:106D2000000010440000F07F182D4454FB21F93F6F
:106D3000FB21F9BF0000DC3F0000203E0000F33FD4
:106D40000000F03F0000E63F008003400000F83FF5
:106D50000000F0BF9E3500005C350000FA340000F2
:106D6000C234000085B000204AE000EB8001324AC6
:106D700032F82110F1B331490988491C2F4A11809A
:106D8000BDF8001000EB80022B4B33F82220114499
:106D900009B2ADF80010BDF8021000EB800203EB61
:106DA00082025288114489B2ADF8021000EB8002D1
:106DB00003EB820201995268114401919DF8081079
:106DC00000EB800203EB8202127A1144C9B28DF803
:106DD000081000EB800203EB82020399D268114491
:106DE0000391BDF8101000EB800203EB8202128ABF
:106DF000114400E002E009B2ADF81010411CC8B225
:106E00000C28B2DB0D490988A1B1BDF900100B4A6D
:106E1000128891FBF2F10A4A11800021ADF80010AE
:106E2000ADF8021001918DF808100391ADF8101023
:106E3000024A118005B0704784030020DC00002066
:106E40001C00002000204BE000EB8001314A32F8AA
:106E50002110002942D030490988491C2E4A11804E
:106E60002E49098800EB80022A4B33F82220114476
:106E700009B22A4A11801146498800EB800203EBCF
:106E8000820252881144254A51801146496800EB1C
:106E9000800203EB820252681144204A516011467D
:106EA000097A00EB800203EB8202127A11441B4A3A
:106EB00011721146C96800EB800203EB8202D268AE
:106EC0001144164AD1601146098A00EB800203EB97
:106ED0008202128A114409B2104A1182411CC8B2BE
:106EE0000C28B1DB0C49098891B10C49B1F90010AB
:106EF000094A128891FBF2F1094A11800021074AE0
:106F00001180518051601172D1601182024A11804A
:106F10007047000088040020F2000020780500205F
:106F20001E00002070B504460D46E1B20548FEF78C
:106F3000F0FF00BF40210348FEF71DFF0028F9D0F5
:106F4000204670BD003801401CB54FF4A060FCF72E
:106F500053FAFAF77BFFFAF7E7FAFAF71BF9022080
:106F6000FAF732FA0120FAF72FFAFAF761FAFAF78C
:106F700043FAFBF7EFFAF9F7C9FE4FF4E130FBF7FC
:106F800013F94FF46130FBF71BFA4FF4E130FBF7D4
:106F9000C5F9FAF771FEFAF757F9FAF7BDF94FF4A8
:106FA000613000F0C3FE4FF4613000F013FFFAF7D8
:106FB000A5FD00201C4908238022CDE900100146D0
:106FC000FAF736FCFCF766F840F6B830FAF70AF93B
:106FD000FAF74EFB0020FAF791FB0120FAF79DFB30
:106FE000C820FAF7A2FB0220FAF790FB4FF40051F9
:106FF0000E48FBF70AFE6420FAF7F4F84FF400514C
:107000000A48FBF700FE6420FAF7ECF80848012173
:1070100000238022CDE9001006A1094801F0D8FF25
:1070200001F0F8FA00BFFEE7989500080010014053
:107030000000002053746172745F5461736B000030
:10704000A13E00082DE9F04105460E461C480768A0
:107050001C480068001D00F011FF50B91948006875
:1070600090F82C1001208840174909688143164880
:107070000160681C38B936B112480168091D13480F
:1070800000F03AFF1AE07C190E4800684460BC42E8
:1070900007D20C480168091D0D48006800F012FF76
:1070A0000CE008480168091D0A48006800F00AFF62
:1070B00009480068844201D207480460BDE8F081B5
:1070C00008010020F40000200C0100209C08002092
:1070D000FC000020F80000202401002010B5044628
:1070E00000F016FF23480068401C2249086022482F
:1070F000006840B9204804600846006801280DD1A6
:1071000000F0E6F90AE01D48006838B91A4800683E
:10711000C06AE16A884201D81748046018480068CC
:10712000401C1749086094F82C100120884015492C
:107130000968084313490860E16A01EB8101124ABA
:1071400002EB8100211D00F0D7FE00F023FF0B4869
:10715000006868B108480068C06AE16A884207D2DE
:107160004FF0805009490860BFF34F8FBFF36F8F16
:1071700010BD000004010020F400002010010020D8
:10718000200100200C010020CC05002004ED00E0CF
:1071900010B500F0BDFE10480068D0B90F4800F0EF
:1071A00081FE0F4800F07EFE0C480E4908600C4836
:1071B0000D49086000221021052001F0CDFB064991
:1071C00008600846006820B108A10348006800F084
:1071D000CFFF00F0DFFE10BD38010020B008002016
:1071E000C40800203001002034010020546D725189
:1071F0000000000070B523E001F0E6FA13480068D3
:1072000008B9012000E00020054602F0A3F8BDB94E
:1072100000F07EFE0D48C068C468201D00F02EFE00
:107220000B480068401E0A4908600A480068401E72
:107230000849086000F0AEFE204600F060F800BF8C
:10724000044800680028D7D170BD000088080020DD
:10725000040100200001002070B504460D46206C9A
:1072600070B1216CE0680844E0606168E0688842C1
:1072700001D32068E0602846226CE168F8F7C0FF7F
:1072800070BD2DE9F04104460F4615464FF0000849
:10729000A66B206C40B9206860BB606801F090FF6D
:1072A00080460020606025E07DB93946226CA068E8
:1072B000F8F7A6FF216CA0680844A060D4E901108B
:1072C000884217D32068A06014E03946226CE06839
:1072D000F8F796FF216CE068401AE0602168E068EA
:1072E000884203D2216C6068401AE060022D01D10F
:1072F00006B1761E701CA0634046BDE8F08110B553
:107300000446206B00F07CFE204600F079FE10BDA4
:107310000146084A126812680AB9012200E00022F8
:107320000A600A6822B9034A1268D268106800E04D
:10733000002070473001002030B54FF4A0431748BB
:1073400000F007042CB1C01D20F00700134C041BF3
:107350001B1B0246124C22600024114D6C60D01899
:10736000083820F007000F4C206000240D4D2D68D8
:107370006C600C4D2D682C601146441A4C60094C11
:1073800024680C60084D4C682C60084D4C682C60DB
:107390004FF00044064D2C6030BD0000D80800209E
:1073A000440100204C010020540100205001002025
:1073B0005801002000BFFFF71DFF064800680128A4
:1073C000F9D94FF0805004490860BFF34F8FBFF3E5
:1073D0006F8FF0E7CC05002004ED00E02DE9F041CF
:1073E00006460D4617469846069C0DB9246000E0F7
:1073F0002760E66325640121204601F0CFFB0020D1
:10740000A064BDE8F08100002DE9FF5F81460F46D2
:107410009246DDE90E6B109CAAF10100216B01EB95
:10742000800828F0070808F0070008B9012000E0EC
:10743000002028B940F22B321BA121A0FEF770FDDD
:10744000002507E0795D04F134004155785D00B90D
:1074500002E06D1C102DF5D300BF00214320015523
:10746000202E00D31F26E66266640020A064201D43
:1074700000F025FD04F1180000F021FD2461C6F1A3
:107480002000A06164620020E06484F85000494656
:107490004046039A00F006FC2060BBF1000F01D0CB
:1074A000CBF80040BDE8FF9F2E2E5C46726565520A
:1074B000544F535C7372635C7461736B732E63001F
:1074C0004572726F723A25732C25640D0A00000014
:1074D00010B5002407E004EB84010F4A02EB8100A1
:1074E00000F0E0FC641C202CF5D30C4800F0DAFC22
:1074F0000B4800F0D7FC0B4800F0D4FC0A4800F021
:10750000D1FC0A4800F0CEFC044809490860044850
:107510000849086010BD0000CC0500204C08002080
:107520006008002074080020880800209C080020C3
:10753000F8000020FC00002010B50146164800E0CD
:10754000006803688B42FBD30246436813448B42B6
:1075500004D143684C682344436001460A464B68A3
:1075600013440468A34211D10C4C03682468A3425D
:1075700008D04B680468646823444B6003681B6848
:107580000B6005E0054B1B680B6001E003680B60B6
:10759000884200D0016010BD440100204C01002051
:1075A0002DE9F04104460D4616461F464FF00008EF
:1075B00065602461B5420CD8F01BA169884202D3F2
:1075C0004FF0010811E0211D0948006800F07AFC25
:1075D0000BE0BE4204D2BD4202D34FF0010804E0EA
:1075E000211D0448006800F06DFC4046BDE8F081B4
:1075F000340100203001002070B5054600F088FC01
:10760000A86B08B9012400E0002400F0C3FC204668
:1076100070BD70B5054600F07BFCA86BE96B884235
:1076200001D1012400E0002400F0B4FC204670BD2C
:107630002DE9F3410D460098846C00272CB940F6E3
:10764000CE121AA11FA0FEF76BFCA06BE16B884263
:1076500001D2012000E0002028B940F6CF1213A18A
:1076600018A0FEF75DFCA06BE16B88421BD294F979
:1076700045602A4669462046FFF703FE0746701C10
:1076800060B9606A08B9012000E0002050B904F137
:10769000240001F003FE28B1012703E0701C40B272
:1076A00084F8450000BF3846BDE8FC812E2E5C46BC
:1076B00072656552544F535C7372635C7175657586
:1076C000652E63004572726F723A25732C25640D26
:1076D0000A000000F8B505460F4613480068C06868
:1076E000C468201D00F0CAFBE069012818D1A06918
:1076F00041192B463A462046FFF752FF80B1002041
:1077000003462A4601460090204601F0F1FE064657
:107710002EB94FF4027205A10BA0FEF701FC00BFC9
:107720002046616A8847F8BD300100202E2E5C4655
:1077300072656552544F535C7372635C74696D6516
:1077400072732E63000000004572726F723A2573E7
:107750002C25640D0A000000F0B587B070E0039896
:1077600000280CDA04AE2EB940F2E7223AA141A07B
:10777000FEF7D6FBD6E90020B168904700BF03981A
:1077800000285DDB059C606908B9012000E000204D
:1077900010B9201D00F072FB02A800F0C9F80546E0
:1077A00003980A284AD2DFE800F00905072C2E4585
:1077B00006082D2F00BF00BF00BF00BF0498A269BC
:1077C000811803462A462046FFF7EAFEC0B120464C
:1077D000616A8847E069012812D10020009004986E
:1077E000A169421800231946204601F081FE074690
:1077F0002FB940F2213218A11EA0FEF791FB00BF65
:107800001DE000BF1BE000BF0498A061A06908B1A3
:10781000012000E0002028B94FF44E720EA115A0FF
:10782000FEF77EFBA06941192B462A462046FFF74A
:10783000B7FE04E0204600F0E3FB00E000BF00BF1D
:1078400000231A4603A90F48006801F0C1F8002878
:1078500085D107B0F0BD00002E2E5C4672656552E2
:10786000544F535C7372635C74696D6572732E63FD
:10787000000000004572726F723A25732C25640D6A
:107880000A00000038010020F8B505460C4600F05B
:107890009BFF684600F04CF80646009820BB44B9B0
:1078A000B54206D801F056FD31462846FFF712FFD3
:1078B0001CE03CB10E480068006808B9012000E0F7
:1078C00000200446A91B22460A48006800F066FC16
:1078D00001F040FD50B94FF0805007490860BFF3F8
:1078E0004F8FBFF36F8F01E001F034FDF8BD000052
:1078F000340100203801002004ED00E00A49096845
:10790000096809B9012100E0002121B14FF0FF31E0
:10791000064A116006E004490968C968C868034A54
:107920004168116070470000F80000202401002029
:1079300070B5044601F08CFB054607480068854297
:1079400004D200F00BF80120206001E0002020604C
:1079500001480560284670BD400100202DE9F8432C
:107960002DE021480068C06805681F480068C068AD
:10797000C468201D00F082FA2046616A8847E069E9
:1079800001281CD1A0694619AE4207D9666024615E
:10799000211D1548006800F095FA10E0002003460C
:1079A0002A4601460090204601F0A2FD07462FB965
:1079B00040F292320DA114A0FEF7B2FA00BF0A48BD
:1079C0000068006808B9012000E000200028C8D045
:1079D0000548D0F8008010480068034908600E4848
:1079E000C0F80080BDE8F883300100202E2E5C46F0
:1079F00072656552544F535C7372635C74696D6554
:107A000072732E63000000004572726F723A257324
:107A10002C25640D0A000000340100200B4800688A
:107A2000401C08B9012000E0002020B9F42208A180
:107A300011A0FEF775FA00BF502080F31188BFF344
:107A40004F8FBFF36F8F00BF00BFFEE75C010020C8
:107A50002E2E5C4672656552544F535C706F727483
:107A60005C525644535C41524D5F434D335C706FE2
:107A700072742E63000000004572726F723A2573B3
:107A80002C25640D0A00000008B500BF6846FFF70A
:107A90003FFC044620460099FFF7F6FEFFF75CFE28
:107AA000F4E770B5044600F033FA94F945501AE053
:107AB000A06C38B100212046FFF7BAFD88B100F074
:107AC000C7FC0EE0606A08B9012000E0002038B968
:107AD00004F1240001F0E2FB18B100F0B9FC00E071
:107AE00003E0681E45B2002DE2DC00BFFF2084F8F1
:107AF000450000F04FFA00F00BFA94F9445010E002
:107B0000206908B9012000E0002048B904F1100004
:107B100001F0C4FB08B100F09BFC681E45B200E018
:107B200001E0002DECDC00BFFF2084F8440000F0F1
:107B300031FA70BD2DE9F04104464FF0000800F025
:107B400043FE3E48006808B9FFF7F6FB3C48006872
:107B5000204000285FD1A4B1083404F0070080B1B0
:107B600004F00700C0F10800044404F0070008B95D
:107B7000012000E0002020B9BF2232A13AA0FEF788
:107B8000CFF9002C47D03C480068844243D83B4E94
:107B90003046056801E02E462D686868A04202D292
:107BA00028680028F7D125480068854233D030681E
:107BB00000F10808286830606868001B102813D995
:107BC0002F1907F0070008B9012000E0002020B9B4
:107BD000EC221CA124A0FEF7A3F96868001B7860C2
:107BE0006C603846FFF7A8FC234968680968081AE2
:107BF000214908600846006821490968884203D283
:107C00001D4800681E4908600D49686809680843F6
:107C100068600020286001F09DFB08F0070008B9AB
:107C2000012000E0002028B94FF4967205A10EA0B3
:107C3000FEF776F94046BDE8F08100004C010020D7
:107C4000580100202E2E5C4672656552544F535CDD
:107C5000706F72745C4D656D4D616E675C686561D7
:107C6000705F342E630000004572726F723A2573A4
:107C70002C25640D0A000000500100204401002062
:107C8000540100200648006830B10549096801F137
:107C90004800896C491C0160014800687047000079
:107CA000F4000020001F4FF080730360001F21F0DC
:107CB00001030360001F034B036014380260203887
:107CC000704700001D7A000810B5164B21F00042E5
:107CD000012486B09A4203DC0022134600941CE083
:107CE000114B9A4208D140B94FF00100FEF7E2FC77
:107CF000FEF7C1FC06B010BD03DBFEF7B9FC06B011
:107D000010BD02AAFEF75CF900F00100A4EB4000F0
:107D10000DF1080C00909CE80F00FEF76BFB06B01D
:107D200010BD0000FB21E93F0000F07F10B586B0D8
:107D3000044601210820FBF749FC01218804FBF7D8
:107D400025FC4FF48060ADF8140003208DF8160078
:107D500018208DF8170005A91C48FAF777FE4FF494
:107D60000060ADF8140004208DF8170005A917482D
:107D7000FAF76CFE27208DF8000000208DF8010036
:107D800001208DF802008DF803006846FBF7FCFA2D
:107D900001940020ADF80800ADF80A00ADF80C0021
:107DA000ADF810000C20ADF80E0001A90848FEF750
:107DB0003FF8012240F225510548FEF713F8012152
:107DC0000348FDF7CCFF06B010BD0000000C0140D9
:107DD0000048004010B586B0044601211020FBF792
:107DE000F5FB0121C804FBF7D1FB4FF48060ADF82F
:107DF000140018208DF8170003208DF8160005A92F
:107E00001C48FAF723FE4FF40060ADF8140004207C
:107E10008DF8170005A91748FAF718FE34208DF8D9
:107E2000000000208DF8010001208DF802008DF87F
:107E300003006846FBF7A8FA01940020ADF808009B
:107E4000ADF80A00ADF80C00ADF810000C20ADF84C
:107E50000E0001A90848FDF7EBFF012240F2255171
:107E60000548FDF7BFFF01210348FDF778FF06B085
:107E700010BD000000100140004C004001460A699E
:107E8000D1E901309860D1E9010358605068884217
:107E900001D188685060002008611068401E1060A1
:107EA0001068704700F1080141604FF0FF318160B8
:107EB00000F10801C16001610021016070470021EB
:107EC0000161704710B502460B685C1C0CB9106963
:107ED00007E002F1080000E04068446824689C4222
:107EE000FAD944684C604C68A160886041600A61BE
:107EF0001468641C146010BD42684A6093688B600B
:107F0000936859609160086103685B1C0360704767
:107F100010B500BF502080F31188BFF34F8FBFF31F
:107F20006F8F00BF0B480068401C0A490860084674
:107F3000006801280DD108480068C0B208B90120C6
:107F400000E0002028B94FF4BD7204A10DA0FDF798
:107F5000E7FF10BD5C01002004ED00E02E2E5C4622
:107F600072656552544F535C706F72745C52564424
:107F7000535C41524D5F434D335C706F72742E639E
:107F8000000000004572726F723A25732C25640D53
:107F90000A00000010B50B48006828B940F28112B1
:107FA00009A113A0FDF7BCFF06480068401E054963
:107FB00008600846006820B9002080F3118800BFDF
:107FC00000BF10BD5C0100202E2E5C46726565521C
:107FD000544F535C706F72745C525644535C415200
:107FE0004D5F434D335C706F72742E630000000070
:107FF0004572726F723A25732C25640D0A000000D9
:1080000070B506463546002E35D0083D2C461A4937
:1080100060680968084008B1012000E0002028B924
:108020004FF4A07215A11EA0FDF77AFF206808B9D1
:10803000012000E0002028B940F241120FA118A051
:10804000FDF76EFF0C4960680968084098B1206828
:1080500088B90949606809688843606000F0B4FB2A
:108060001349606809680844114908602046FFF711
:1080700063FA01F06FF970BD580100202E2E5C46A6
:1080800072656552544F535C706F72745C4D656DD0
:108090004D616E675C686561705F342E630000003F
:1080A0004572726F723A25732C25640D0A00000028
:1080B00050010020064800684FF47A71B0FBF1F0DF
:1080C000401E4FF0E0214861072008617047000022
:1080D0003800002070B5F8F77DF80546102D11D353
:1080E00005F1E02090F8F04310480078844201DB6D
:1080F000012000E0002028B94FF42A720CA116A03C
:10810000FDF70EFF1848006800F4E06017490968A1
:10811000884201D8012000E0002028B94FF42E72D7
:1081200003A10DA0FDF7FCFE70BD00006001002062
:108130002E2E5C4672656552544F535C706F72749C
:108140005C525644535C41524D5F434D335C706FFB
:1081500072742E63000000004572726F723A2573CC
:108160002C25640D0A0000000CED00E064010020E5
:10817000024600200BE0084B53F8303033B9064B71
:1081800043F8301003EBC0035A6002E0401C08289B
:10819000F1D300BF704700008C0500202DE9F041AD
:1081A00005460E4617462C46FFF7B2FE94F94400EA
:1081B000401C10B9002084F8440094F94500401C8C
:1081C00010B9002084F84500FFF7E4FEA06B28B941
:1081D0003A46314604F1240000F06CF92046FFF7DE
:1081E00060FCBDE8F081000070B504460025ACB12C
:1081F0000F48006808B9012000E0002028B940F2CB
:10820000CF420CA111A0FDF78BFE00F0DDFA00219A
:108210002046FEF717FF01F09DF805463DB94FF0E7
:1082200080500E490860BFF34F8FBFF36F8F70BD52
:108230002C0100202E2E5C4672656552544F535C13
:108240007372635C7461736B732E63004572726F3B
:10825000723A25732C25640D0A00000004ED00E03D
:108260002DE9F04704460F464FF000092CB940F2C3
:10827000794226A12BA0FDF753FE0FB1012000E0AB
:10828000002028B940F27A4220A126A0FDF748FE3E
:108290002848006808B9012000E0002028B940F211
:1082A0007B421AA11FA0FDF73BFE00F08DFA224889
:1082B00006682068C5192068B04207D92068A8421E
:1082C0000BD9B54209D94FF0010906E02068A84250
:1082D00001D8B54201D94FF001092560B9F1000F6D
:1082E00003D0A81B0021FEF7ADFE01F033F8804655
:1082F000B8F1000F07D14FF0805010490860BFF36C
:108300004F8FBFF36F8FBDE8F08700002E2E5C46C5
:1083100072656552544F535C7372635C7461736B26
:10832000732E63004572726F723A25732C25640DAB
:108330000A0000002C0100200801002004ED00E0EC
:1083400070B50546FFF7E4FD15B92D48006800E05B
:1083500028460446201DFFF791FD78B9E06A00EB3E
:108360008000284951F8200040B994F82C100120D1
:10837000884025490968814323480160A06A18B1F3
:1083800004F11800FFF77AFD20480068401C1F49DF
:1083900008601B480068844209D1211D1C48FFF772
:1083A000ABFD1C480068401C1A49086009E01A48E7
:1083B0000068401E184908602046FEF7A0FFFFF73E
:1083C0009DFAFFF7E7FD15480068C0B10C4800684A
:1083D000844214D11248006808B9012000E000204E
:1083E00028B940F265420FA114A0FDF799FD4FF0A6
:1083F000805016490860BFF34F8FBFF36F8F70BD79
:10840000F4000020CC0500200C01002020010020F9
:108410008808002000010020040100201001002035
:108420002C0100202E2E5C4672656552544F535C21
:108430007372635C7461736B732E63004572726F49
:10844000723A25732C25640D0A00000004ED00E04B
:1084500001200149086070471801002070B50446EA
:108460000D462CB940F6063207A10DA0FDF758FDC8
:108470000F48016818312046FFF724FD01212846E6
:10848000FEF7E0FD70BD00002E2E5C467265655261
:10849000544F535C7372635C7461736B732E63002F
:1084A0004572726F723A25732C25640D0A00000024
:1084B000F400002070B505460E4614462DB940F66E
:1084C000313209A10EA0FDF72BFD114801681831CA
:1084D0002846FFF711FD0CB14FF0FF36214630461C
:1084E000FEF7B0FD70BD00002E2E5C467265655231
:1084F000544F535C7372635C7461736B732E6300CF
:108500004572726F723A25732C25640D0A000000C3
:10851000F400002070B505462C46002D4BD02649AE
:10852000E06A0968C96A884245D2A06900F0004043
:1085300028B921480068C06AC0F12000A061E16A42
:1085400001EB81011D4A02EB81016069884201D182
:10855000012000E0002050B3201DFFF78FFC78B908
:10856000E06A00EB8000154951F8200040B994F80A
:108570002C1001208840124909688143104801608D
:108580000D480068C06AE06294F82C100120884011
:108590000B49096808430A490860E16A01EB810157
:1085A000064A02EB8100211DFFF7A6FC03E002480A
:1085B0000068C06AE06270BDF4000020CC050020B5
:1085C0000C01002010B504462CB940F6C13205A1BB
:1085D0000AA0FDF7A5FC0D48006820600C48006863
:1085E000606010BD2E2E5C4672656552544F535C20
:1085F0007372635C7461736B732E63004572726F88
:10860000723A25732C25640D0A0000001C0100201D
:10861000080100201CB51A4800210B468022CDE934
:10862000001018A1194800F0D3FC0446012C02D117
:1086300000F022FF0446012C15D100BF502080F32A
:108640001188BFF34F8FBFF36F8F00BF4FF0FF3024
:108650000F49086001200F49086000200E4908609A
:1086600000F010F90BE0601C08B1012000E00020D0
:1086700028B940F2847209A10EA0FDF751FC1CBD7F
:108680002801002049444C4500000000B573000853
:108690002401002010010020080100202E2E5C463D
:1086A00072656552544F535C7372635C7461736B93
:1086B000732E63004572726F723A25732C25640D18
:1086C0000A00000070B50546FFF722FC15B92C48DA
:1086D000006800E028460446201DFFF7CFFB78B96C
:1086E000E06A00EB8000274951F8200040B994F877
:1086F0002C100120884024490968814322480160E8
:10870000A06A18B104F11800FFF7B8FB211D1F483B
:10871000FFF7F2FBFFF73EFC1D48006828B1FFF7AA
:10872000F7FBFFF7EBF8FFF735FC154800688442CC
:1087300024D117480068A8B11648006808B901207C
:1087400000E0002028B940F2576213A118A0FDF7FD
:10875000E7FB4FF080501A490860BFF34F8FBFF31B
:108760006F8F0BE00948006816490968884203D1F9
:1087700000200349086001E000F02EF870BD000001
:10878000F4000020CC0500200C0100209C080020F3
:10879000100100202C0100202E2E5C4672656552CF
:1087A000544F535C7372635C7461736B732E63001C
:1087B0004572726F723A25732C25640D0A00000011
:1087C00004ED00E00401002002480068401C01495B
:1087D000086070472C01002010B51B48006818B1D4
:1087E00001201A4908602DE0002018490860184847
:1087F0000068B0FA80F0C0F11F0404EB8400154952
:1088000051F8200008B1012000E0002028B940F60E
:10881000F62211A116A0FDF783FB04EB84010D4A9B
:1088200002EB810041684968416000F1080142683B
:108830008A4202D14168496841604168C968104A6A
:10884000116000BF10BD00002C01002018010020A5
:108850000C010020CC0500202E2E5C46726565526E
:10886000544F535C7372635C7461736B732E63005B
:108870004572726F723A25732C25640D0A00000050
:10888000F40000201CB52248014609780191FF211F
:10889000024611700146097800919DF8001001F020
:1088A00050011C4A117007211B4A116009E01A4946
:1088B0000968491E184A11609DF800104906090E02
:1088C00000919DF8001001F080018029EFD012493D
:1088D00009680902104A11601146098801F4E06133
:1088E00011600B4A019911700C48006840F4700047
:1088F0000A4908600846006840F070400860FFF7C9
:10890000D9FB002006490860F7F72EFC00201CBDAB
:1089100000E400E0600100206401002020ED00E0A0
:108920005C01002010B500BF502080F31188BFF318
:108930004F8FBFF36F8F00BF00F090FB18B14FF067
:1089400080500449086000BF002080F3118800BFF8
:1089500010BD000004ED00E02DE9F84305460E4689
:1089600090460DB1012000E0002028B94FF4C472F8
:108970000DA113A0FDF7D4FA0EB9002701E005FB05
:1089800006F707F14C00FFF7D5F8044644B104F1AF
:108990004C0943464A46314628460094FEF71EFDE0
:1089A0002046BDE8F88300002E2E5C4672656552B5
:1089B000544F535C7372635C71756575652E63000B
:1089C0004572726F723A25732C25640D0A000000FF
:1089D0002DE9FF4782B005460E461F464FF0000ABC
:1089E0002C462CB940F2DC4261A167A0FDF798FA51
:1089F0000EB9206C08B9012000E0002028B940F22F
:108A0000DD425BA160A0FDF78BFA00F011FB08B915
:108A1000049808B9012000E0002028B94FF49C62B6
:108A200053A159A0FDF77CFA00BFFFF771FAD4F803
:108A30003890B9F1000F3DD0D4F80C803146204673
:108A4000FEF70AFCDFB9A9F10100A063206810B9A4
:108A5000FFF718F96060206908B9012000E00020E4
:108A600010BB04F1100000F019FCE8B14FF0805089
:108A700049490860BFF34F8FBFF36F8F14E0C4F80C
:108A80000C80606A08B9012000E0002060B904F1A0
:108A9000240000F003FC38B14FF080503E490860DC
:108AA000BFF34F8FBFF36F8FFFF774FA012006B04B
:108AB000BDE8F087049818B9FFF76CFA0020F6E7D4
:108AC000BAF1000F04D16846FFF77CFD4FF0010AB0
:108AD000FFF760FAFFF778FEFFF71AFA94F94400FF
:108AE000401C10B9002084F8440094F94500401C53
:108AF00010B9002084F84500FFF74CFA04A9684635
:108B000000F014FA40BB2046FEF776FDF0B1206875
:108B100030B9FFF7FDF96068FFF7FCFCFFF73AFAA0
:108B200004F124000499FFF799FC2046FEF7B9FFF1
:108B300000F010FC00287FF478AF4FF08050164909
:108B40000860BFF34F8FBFF36F8F6EE72046FEF7CD
:108B5000A8FF00F0FFFB68E72046FEF7A2FF00F049
:108B6000F9FB2046FEF748FD0028EED000209EE7E6
:108B70002E2E5C4672656552544F535C7372635C73
:108B800071756575652E63004572726F723A257353
:108B90002C25640D0A00000004ED00E070B50546C8
:108BA0000E462C462CB940F21B121EA123A0FDF745
:108BB000B7F9FFF7ADF9D4E90F12206801FB020005
:108BC00060600020A0632068A060E06B401E226C03
:108BD000216800FB0210E060FF2084F8440084F864
:108BE00045009EB9206908B9012000E00020A8B91D
:108BF00004F1100000F052FB80B14FF08050134997
:108C00000860BFF34F8FBFF36F8F07E004F11000D0
:108C1000FFF748F904F12400FFF744F9FFF7BAF928
:108C2000012070BD2E2E5C4672656552544F535C18
:108C30007372635C71756575652E63004572726F42
:108C4000723A25732C25640D0A00000004ED00E043
:108C50002DE9FF4383B0064688461D464FF00009C4
:108C600034462CB940F2D92260A166A0FDF758F92C
:108C7000B8F1000F01D1206C08B9012000E00020FC
:108C800028B940F2DA2259A15EA0FDF749F9022D78
:108C900002D1E06B012801D1012000E0002028B9B9
:108CA00040F2DB2251A157A0FDF73AF900F0C0F9DC
:108CB00008B9059808B9012000E0002028B940F261
:108CC000DE224AA14FA0FDF72BF900BFFFF720F9E4
:108CD000A06BE16B884201D3022D38D12A46414670
:108CE0002046FEF7CEFA0746A06C68B1294620461A
:108CF000FEF79EFC28B34FF0805046490860BFF352
:108D00004F8FBFF36F8F1CE0606A08B9012000E04D
:108D1000002068B904F1240000F0C0FA88B14FF0D7
:108D200080503C490860BFF34F8FBFF36F8F08E05E
:108D30003FB14FF0805037490860BFF34F8FBFF30A
:108D40006F8FFFF727F9012007B0BDE8F083059882
:108D500018B9FFF71FF90020F6E7B9F1000F04D1A9
:108D600001A8FFF72FFC4FF00109FFF713F9FFF7F8
:108D70002BFDFFF7CDF894F94400401C10B90020FA
:108D800084F8440094F94500401C10B9002084F890
:108D90004500FFF7FFF805A901A800F0C7F8F0B9F2
:108DA0002046FEF736FCA0B104F110000599FFF74C
:108DB00055FB2046FEF775FE00F0CCFA002885D161
:108DC0004FF0805013490860BFF34F8FBFF36F8F90
:108DD0007CE72046FEF765FE00F0BCFA76E7204609
:108DE000FEF75FFE00F0B6FA0020ADE72E2E5C46DF
:108DF00072656552544F535C7372635C717565752F
:108E0000652E63004572726F723A25732C25640DCE
:108E10000A00000004ED00E02DE9F05F80468A467C
:108E200015461E4644462CB940F29F3235A13BA060
:108E3000FDF776F8BAF1000F01D1206C08B90120D6
:108E400000E0002028B94FF468722EA133A0FDF78E
:108E500067F8022E02D1E06B012801D1012000E069
:108E6000002028B940F2A13226A12CA0FDF758F825
:108E7000FFF730F900BF5021EFF3118081F3118823
:108E8000BFF34F8FBFF36F8F00BF0746A06BE16B3F
:108E9000884201D3022E2BD194F945B03246514677
:108EA0002046FEF7EEF90BF10100C8B9A06C40B105
:108EB00031462046FEF7BCFBB8B1B5B101202860B1
:108EC00013E0606A08B9012000E0002068B904F1ED
:108ED000240000F0E3F940B13DB10120286004E036
:108EE0000BF1010040B284F845004FF0010901E0A8
:108EF0004FF0000900BF87F3118800BF4846BDE866
:108F0000F09F00002E2E5C4672656552544F535CF4
:108F10007372635C71756575652E63004572726F5F
:108F2000723A25732C25640D0A0000002DE9F041EA
:108F300004460D462CB940F6CB3219A11EA0FCF711
:108F4000EFFF2DB940F6CC3215A11BA0FCF7E8FFCE
:108F5000FEF7DEFF1C4807682868401C08B9002699
:108F600019E01A4920680968884204D06068B8424C
:108F700001D801260FE06068381A2968884209D2B2
:108F800028686168791A401A28602046FFF71AFBA2
:108F9000002600E00126FEF7FDFF3046BDE8F08127
:108FA0002E2E5C4672656552544F535C7372635C3F
:108FB0007461736B732E63004572726F723A25731E
:108FC0002C25640D0A000000080100201C0100206F
:108FD0002DE9FF4F85B0804689461746DDE912AB83
:108FE000B800FEF7A7FD064656B15420FEF7A2FDD5
:108FF00004460CB1266304E03046FFF701F800E0B8
:1090000000247CB10020CDE900ABCDE902403A4616
:1090100049464046089BFEF7F7F92046FEF75EF802
:10902000012501E04FF0FF35284609B0BDE8F08F7B
:109030000549096809B9012005E00449096809B929
:10904000022000E000207047100100202C010020C9
:109050000149086870470000080100202DE9F0412F
:109060004FF0000841480068002872D1404800686D
:10907000451C3F480560EDB93E480068006808B9E6
:10908000012000E0002028B940F6D9123AA140A002
:10909000FCF746FF374807684148006835490860D3
:1090A0003F4807603F480068401C3E490860FEF7A3
:1090B00025FC00BF3C48006885423CD300BF2D48DA
:1090C0000068006808B9012000E0002020B14FF0DE
:1090D000FF30354908602DE026480068C068C46844
:1090E0006668B54202D23048066023E0201DFEF7D4
:1090F000C5FEA06A18B104F11800FEF7BFFE94F88F
:109100002C10012088402949096808432749086034
:10911000E16A01EB8101264A02EB8100211DFEF785
:10912000EBFE2449E06A0968C96A8842C7D34FF058
:109130000108C4E700BF1F480068C06A00EB800058
:109140001B4951F82000012801D94FF0010805E022
:10915000FFE719480068401C174908601748006875
:1091600008B14FF001084046BDE8F0812C01002015
:1091700008010020F80000202E2E5C467265655222
:10918000544F535C7372635C7461736B732E630032
:109190004572726F723A25732C25640D0A00000027
:1091A000FC0000201C010020240100200C010020F4
:1091B000CC050020F400002014010020180100203C
:1091C00070B505462C460026002D4BD02648006879
:1091D000844201D1012000E0002028B940F6C76296
:1091E00022A128A0FCF79CFEA06C28B940F6C96219
:1091F0001EA124A0FCF794FEA06C401EA064616C2C
:10920000E06A88422ED0A06C60BB201DFEF736FEBF
:1092100078B9E06A00EB80001E4951F8200040B99F
:1092200094F82C10012088401B49096881431A4892
:109230000160606CE062E06AC0F12000A06194F817
:109240002C1001208840144909680843124908601D
:10925000E16A01EB81010F4A02EB8100211DFEF75B
:109260004BFE0126304670BDF40000202E2E5C46D9
:1092700072656552544F535C7372635C7461736BB7
:10928000732E63004572726F723A25732C25640D3C
:109290000A000000CC0500200C01002070B5064635
:1092A000F068C4682CB940F661321AA11FA0FCF71F
:1092B00037FE04F11800FEF7E1FD20480068A8B968
:1092C000201DFEF7DBFD94F82C10012088401C497E
:1092D000096808431A490860E16A01EB8101194AEB
:1092E00002EB8100211DFEF707FE04E004F11801E6
:1092F0001548FEF701FE1549E06A0968C96A884207
:1093000004D9012501201249086000E00025284603
:1093100070BD00002E2E5C4672656552544F535C42
:109320007372635C7461736B732E63004572726F4A
:10933000723A25732C25640D0A0000002C010020D0
:109340000C010020CC05002074080020F40000204F
:109350001801002070B5002400263448006828B9A0
:109360004FF4FD6232A138A0FCF7DAFDFEF7D0FD24
:109370002E480068401E2D490860084600680028F5
:109380004FD13548006800284BD024E03348C068EE
:10939000C46804F11800FEF771FD201DFEF76EFD94
:1093A00094F82C10012088402D49096808432C4965
:1093B0000860E16A01EB81012A4A02EB8100211D6C
:1093C000FEF79AFD2849E06A0968C96A884202D313
:1093D0000120264908602148006808B9012000E002
:1093E00000200028D2D00CB1FEF788FA204805688A
:1093F00065B100BFFFF732FE10B101201B490860C4
:109400006D1E002DF6D1002019490860174800682C
:1094100038B10126300717490860BFF34F8FBFF3FB
:109420006F8FFEF7B7FD304670BD00002C010020A5
:109430002E2E5C4672656552544F535C7372635CAA
:109440007461736B732E63004572726F723A257389
:109450002C25640D0A00000004010020740800207F
:109460000C010020CC050020F40000201801002091
:109470001401002004ED00E01CB50024FDF788FE77
:109480000B48006858B10B481F2100234FF480722D
:10949000CDE9001008A10A48FFF79AFD04462CB94F
:1094A00040F2331207A10EA0FCF73AFD20461CBD86
:1094B000380100203C010020546D72205376630077
:1094C000897A00082E2E5C4672656552544F535CB3
:1094D0007372635C74696D6572732E6300000000C3
:1094E0004572726F723A25732C25640D0A000000D4
:1094F0002DE9FF4704460D4616461F46DDF830802D
:109500004FF000092CB94FF4D37217A11DA0FCF73E
:1095100007FD2048006810B3009501960294062DBF
:1095200015DAFFF785FD022808D100234246694677
:1095300018480068FFF78CFB814610E000231A46AC
:10954000694614480068FFF783FB814607E0002363
:109550003A4669460F480068FFF75EFC8146484678
:1095600004B0BDE8F08700002E2E5C46726565529F
:10957000544F535C7372635C74696D6572732E63D0
:10958000000000004572726F723A25732C25640D3D
:109590000A00000038010020000000000000000068
:1095A00000000000000000000000000000000000BB
:1095B00000000000000000000000000000000000AB
:1095C000000000000000000000000000000000009B
:1095D000000000000000000000000000000000008B
:1095E000000000000000000000000000000000007B
:1095F000000000000000000000000000000000006B
:10960000000000000000000000000000000000005A
:10961000000000000000000000000000000000004A
:10962000000000000000000000000000000000003A
:10963000000000000000000000000000000000002A
:10964000000000000000000000000000000000001A
:10965000000000000000000000000000000000000A
:1096600000000000000000000000000000000000FA
:1096700000000000000000000000000000000000EA
:1096800000000000000000000000000000000000DA
:109690000000000000000000000000000000020EBA
:1096A0001E7EFEFEFEF8E000000080E0F8FCFEFEFC
:1096B0007E1E0602001E1E1E1E1E1E1EFEFEFEFE3C
:1096C000FE1E1E1E1E1E1E1E0000000000000000CA
:1096D000E0FCFEFE7EFEFEFEFCE00000000000005E
:1096E0000000000000FEFEFEFEFE1E1E1E1E1E1ED0
:1096F0003EFEFCFCFCF8E00000000000FEFEFEFE6A
:10970000FE0000000080E0F0F8FEFE7E1E0E060265
:109710000000000000000000000000000000000049
:1097200000000107CFFFFFFFFCFEFFFFDF07030084
:10973000000000000000000000000000FFFFFFFF2D
:10974000FF000000000000000000000000E0F8FF43
:10975000FFFF1F030000073FFFFFFFF8E0000000CE
:109760000000000000FFFFFFFFFFF0F0F0F0F0F856
:10977000FCBFBF3F1F0F030000000000FFFFFFFF03
:10978000FF70F8FEFFFFFFCF870100000000000020
:10979000000000000000000000000000000000C009
:1097A000E0F8FCFFFF3F0F0700030F3FFFFFFEF84D
:1097B000F0C000000000000000000000FFFFFFFFFD
:1097C000FF000000000000000000C0F8FFFFFF7F66
:1097D0000F0F0F0F0F0F0F0F0F0F7FFFFFFFF8C0BF
:1097E0000000000000FFFFFFFFFF00000001010775
:1097F0001F3FFFFFFEF8F0C000000000FFFFFFFF6B
:10980000FF000001070F1F3FFFFEFCF8F0C08000C3
:109810000000000000000000000000000002030340
:109820000303030300000000000000000003030323
:109830000303030200000000000000000303030311
:109840000300000000000000000203030303030004
:1098500000000000000000000000000303030303F9
:1098600002000000000303030303000000000000E7
:1098700000000003030303030302000003030303C8
:1098800003000000000000000001030303030303C2
:1098900002000000000000000000000000000000C6
:1098A00000000000000000000000000000000000B8
:1098B00000000000000000000000000000000000A8
:1098C0000000000000000000000000000000000098
:1098D0000000000000000000000000000000000088
:1098E0000000000000000000000000000000000078
:1098F0000000000000000000000000000000000068
:109900000000000000000000000000000000000057
:109910000000000000000000000000000000000047
:109920000000000000000000000000000000000037
:109930000000000000000000000000000000000027
:109940000000000000000000000000000000000017
:109950000000000000000000000000000000000007
:1099600000000000000000000000000000000000F7
:1099700000000000000000000000000000000000E7
:1099800000000000000000000000000000000000D7
:1099900000000000000000000000000000000000C7
:1099A0000000000000000000000000F800000000BF
:1099B000000000333000000000100C06100C060000
:1099C000000000000000000040C07840C078400067
:1099D000043F04043F040400007088FC08300000C9
:1099E000001820FF211E0000F008F000E018000021
:1099F00000211C031E211E0000F0088870000000DA
:109A00001E2123241927211010160E00000000002B
:109A10000000000000000000000000E01804020048
:109A2000000000071820400000020418E0000000B9
:109A30000040201807000000404080F080404000B7
:109A40000202010F01020200000000F0000000000D
:109A50000101011F010101000000000000000000E1
:109A600080B0700000000000000000000000000056
:109A700000010101010101010000000000000000DF
:109A8000003030000000000000000000806018047A
:109A9000006018060100000000E010080810E00057
:109AA000000F102020100F00001010F80000000020
:109AB0000020203F20200000007008080888700067
:109AC00000302824222130000030088888483000E7
:109AD0000018202020110E000000C02010F8000007
:109AE00000070424243F240000F8088888080800A0
:109AF0000019212020110E0000E0108888180000B5
:109B0000000F112020110E0000380808C838080086
:109B10000000003F00000000007088080888700006
:109B2000001C222121221C0000E010080810E00087
:109B30000000312222110F00000000C0C000000010
:109B40000000003030000000000000800000000035
:109B5000000080600000000000008040201008002D
:109B600000010204081020004040404040404000F6
:109B700004040404040404000008102040800000D1
:109B80000020100804020100007048080808F000D6
:109B90000000003036010000C030C828E810E000A6
:109BA0000718272423140B000000C038E000000031
:109BB000203C23020227382008F88888887000009B
:109BC000203F202020110E00C0300808080838006F
:109BD000071820202010080008F808080810E000E6
:109BE000203F202020100F0008F88888E808100087
:109BF000203F20202320180008F88888E80810005B
:109C0000203F200003000000C03008080838000092
:109C100007182020221E020008F808000008F80893
:109C2000203F210101213F20000808F8080800001A
:109C30000020203F2020000000000808F80808004D
:109C4000C08080807F00000008F888C028180800C5
:109C5000203F20012638200008F8080000000000FE
:109C6000203F20202020300008F8F800F8F80800F5
:109C7000203F003F003F200008F830C00008F808EF
:109C8000203F200007183F00E01008080810E000FF
:109C90000F10202020100F0008F808080808F00016
:109CA000203F210101010000E01008080810E00039
:109CB0000F18242438504F0008F8888888887000CE
:109CC000203F2000030C302000708808080838006E
:109CD0000038202121221C00180808F80808180064
:109CE0000000203F2000000008F808000008F808E5
:109CF000001F202020201F000878880000C8380896
:109D0000000007380E010000F80800F80008F8000D
:109D1000033C0700073C03000818688080681808A7
:109D200020302C03032C30200838C800C838080025
:109D30000000203F2000000010080808C838080074
:109D40002038262120201800000000FE0202020018
:109D50000000007F40404000000C30C000000000C8
:109D6000000000010638C00000020202FE000000F0
:109D7000004040407F000000000004020202040096
:109D800000000000000000000000000000000000D3
:109D900080808080808080800002020400000000BB
:109DA00000000000000000000000808080800000B3
:109DB0000019242222223F2008F8008080000000A1
:109DC000003F112020110E00000000808080000064
:109DD000000E112020201100000000808088F80073
:109DE000000E112020103F200000808080800000A5
:109DF000001F222222221300008080F08888881809
:109E00000020203F20200000000080808080800013
:109E1000006B94949493600008F8008080800000A8
:109E2000203F210000203F20008098980000000083
:109E30000020203F202000000000008098980000B3
:109E400000C08080807F000008F8000080808000D3
:109E5000203F24022D302000000808F800000000F8
:109E60000020203F202000008080808080808000B3
:109E7000203F20003F20003F808000808080000045
:109E8000203F210000203F200000808080800000D3
:109E9000001F202020201F00808000808000000004
:109EA00080FFA12020110E00000000808080800033
:109EB000000E112020A0FF80808080008080800024
:109EC00020203F2120000100000080808080800051
:109ED0000033242424241900008080E080800000C6
:109EE0000000001F20200000808000000080800013
:109EF000001F202020103F20808080000080808074
:109F000000010E3008060100808000800080808003
:109F10000F300C030C300F00008080008080800028
:109F20000020312E0E312000808080000080808053
:109F300080818E7018060100008080808080800003
:109F40000021302C2221300000000000807C020221
:109F500000000000003F404000000000FF00000043
:109F600000000000FF0000000002027C80000000F2
:109F70000040403F0000000000060101020204040E
:109F800000000000000000000000000000000000D1
:109F9000002F000000000700070000147F147F144A
:109FA00000242A7F2A1200626408132300364955D0
:109FB000225000000503000000001C2241000000A8
:109FC00041221C000014083E08140008083E08083E
:109FD000000000A060000008080808080000606099
:109FE0000000002010080402003E5149453E0000D8
:109FF000427F4000004261514946002141454B31BA
:10A00000001814127F10002745454539003C4A4985
:10A0100049300001710905030036494949360006F7
:10A020004949291E0000363600000000563600005F
:10A0300000081422410000141414141400004122DA
:10A04000140800020151090600324959513E007CB2
:10A050001211127C007F49494936003E414141229C
:10A06000007F4141221C007F49494941007F090985
:10A070000901003E4149497A007F0808087F000035
:10A08000417F4100002040413F01007F08142241F0
:10A09000007F40404040007F020C027F007F0408A8
:10A0A000107F003E4141413E007F09090906003E04
:10A0B0004151215E007F091929460046494949312D
:10A0C0000001017F0101003F4040403F001F204050
:10A0D000201F003F4038403F00631408146300070E
:10A0E0000870080700615149454300007F41410065
:10A0F00000552A552A55000041417F000004020105
:10A1000002040040404040400000010204000020E2
:10A1100054545478007F4844443800384444442020
:10A1200000384444487F00385454541800087E09CD
:10A1300001020018A4A4A47C007F08040478000095
:10A14000447D4000004080847D00007F1028440052
:10A150000000417F4000007C04180478007C080463
:10A16000047800384444443800FC2424241800189F
:10A17000242418FC007C080404080048545454208B
:10A1800000043F444020003C4040207C001C204014
:10A19000201C003C4030403C004428102844001C57
:10A1A000A0A0A07C004464544C441414141414144F
:10A1B000014200000000000000FFFFFFFFFFFFFF63
:10A1C000FFFFFF00000000004FBB610567ACDD3FF3
:10A1D000182D4454FB21E93F9BF681D20B73EF3FCE
:10A1E000182D4454FB21F93FE2652F227F2B7A3C46
:10A1F000075C143326A6813CBDCBF07A8807703CFF
:10A20000075C143326A6913CC4EB98999999C9BF71
:10A21000711623FEC671BCBF6D9A74AFF2B0B3BFA6
:10A220009AFDDE522DDEADBF2F6C6A2C44B4A2BF66
:10A230000D5555555555D53FFF8300922449C23FD2
:10A240006E204CC5CD45B73F513DD0A0660DB13F06
:10A25000EB0D76244B7BA93F11DA22E33AAD903F18
:10A2600000004054FB21F93F3163621A61B4D03DD4
:10A270000000601A61B4D03D7370032E8A19A33BAD
:10A280000000002E8A19A33BC14920259A837B39FF
:10A2900000000000000000006E83F9A22915444E62
:10A2A000D15727FCC0DD34F5999562DB4190433CE2
:10A2B000AB6351FE61C5BBDE3A6E24B7E0D24D42BE
:10A2C000EA2E49061C92D1091CEB1DFE3EA729B1BE
:10A2D000F53582E88444BB2E26709CE9417E5FB44C
:10A2E00039D69139F43953838B5F849C3B28F9BD6F
:10A2F000FF97F81F0F9805DE8B112FEF1F6D0A5A7D
:10A30000CF7E366DB709CB27663F464F2DEA5F9E5D
:10A31000C7BA27757BF1E5EBF739073DEA92528A18
:10A32000B15FFB6B085D8D1F7AFE10111111C13FEB
:10A3300037D60684F464963F280356C9226D6D3FD4
:10A340000165F2F2D844433FA69237A0887E143FBD
:10A35000735360DBCB75F3BEFE41B31BBAA1AB3FB9
:10A3600093846EE9E326823F1583E0FEC8DB573F06
:10A3700068108D1AF726303FE9A7F0320FB8123F68
:10A38000D47ABF74702AFB3EA8A300080000002006
:10A3900084010000A40A0008E4A30008840100204E
:10A3A000545B0000A4660008013A94A24A04091B09
:10A3B00001020304060708090742BC0284030101E5
:10A3C000A3040F031F0405021801026C01D5AAAAF9
:10A3D000AAAA901101020304010203040607080956
:04A3E0000204060865
:0400000508000131BD
:00000001FF
