:020000040800F2
:10000000C05C0020DD0100084F310008452D0008CC
:100010004B31000881260008DB5A00080000000070
:100020000000000000000000000000004501000882
:100030008526000800000000890100080D3E000828
:10004000F7010008F7010008F7010008F7010008B0
:10005000F7010008F7010008F7010008F7010008A0
:10006000F7010008F7010008F7010008F701000890
:10007000F7010008F7010008F7010008F701000880
:10008000F7010008F7010008F7010008F701000870
:10009000F7010008F7010008F7010008F701000860
:1000A000F7010008F7010008F7010008F701000850
:1000B000F7010008F7010008F7010008F701000840
:1000C000F7010008F7010008F7010008F701000830
:1000D000F701000865500008BD510008AD52000846
:1000E000F7010008F7010008F7010008F701000810
:1000F000F7010008F7010008F7010008F701000800
:10010000F7010008F7010008F7010008F7010008EF
:1001100079490008CD4F0008F7010008F7010008F1
:10012000F7010008F7010008F7010008F7010008CF
:10013000DFF80CD000F0A4FC00480047916A0008EA
:10014000C05C0020224B19680868B0E8F00F80F30B
:100150000988BFF36F8F4FF0000080F311884EF0D5
:100160000D0E70470000000006480068006880F32C
:10017000088862B661B6BFF34F8FBFF36F8F00DFA1
:1001800000BF00BF08ED00E0EFF30980BFF36F8F01
:100190000F4B1A6820E9F00F106008B54FF05000BF
:1001A00080F31188BFF34F8FBFF36F8F08F0B0F863
:1001B0004FF0000080F31188BDE808401968086816
:1001C000B0E8F00F80F30988BFF36F8F704700BF6E
:1001D000FC000020EFF305807047000006488047D0
:1001E00006480047FEE7FEE7FEE7FEE7FEE7FEE71C
:1001F000FEE7FEE7FEE7FEE71D3E000831010008CE
:1002000040EA01039B0703D009E008C9121F08C098
:10021000042AFAD203E011F8013B00F8013B521E18
:10022000F9D27047F0B480EA0102D40F4200B2EB79
:10023000410F02D20246084611464A0042D0C30D81
:10024000DDB2C1F3C752AD1A202D35DAC1F3160164
:1002500041F4000204B15242C5F1200602FA06F14F
:100260002A411044B3EBD05F23D0C4B1012DA0EBE1
:10027000C35009DCF0BC4FF0004202EAC352DBB2CB
:1002800000F5000000F059BB400000F1807000EB69
:10029000C350A0F1807040EAD170490009E04908DC
:1002A00041EAC071A0EBC35000F50000400800EB2C
:1002B000C350F0BC00F038BB6142012202EB4101A7
:1002C000001BF6E7F0BC704781F00041AAE780F020
:1002D0000040A7E780EA010210B502F000434000A9
:1002E00022D04A001FD0010E01EB1261C0F356006C
:1002F000C2F3560240F4000042F40002A0FB0220C8
:1003000000047F39140400D0401C50EA124001D48C
:100310004000491EC2B20C0604EBD010401C40083D
:10032000802A02D003E0002010BD20F00100002947
:1003300000DA0020184310BD30B480EA010202F058
:10034000004530F0004221F0004013D090B1C30DC1
:10035000D40DC2F31601C0F31600E41A41F40001F3
:1003600040F400027D34914201D3641C00E0490056
:10037000002C02DA30BC002070474FF4000000234C
:10038000914201D3891A034340084FEA4101F7D152
:1003900051B1914202D14FF0004105E002D24FF03D
:1003A000010101E06FF0010103EBC450284430BCAF
:1003B00000F0BABA2DE9FE4F804681EA0300C00F73
:1003C0000C46009021F0004123F00045B8EB0200FC
:1003D000A94105D24046214690461C460B4602469E
:1003E00023F00040104347D0270DC7F30A00C3F3A2
:1003F0000A510290401A019040286BDAC3F31300AF
:1004000040F4801B0098924620B10023D2EB030AEF
:1004100063EB0B0B01985946C0F14002504600F0C7
:1004200052FA06460D4650465946019A00F06AFABD
:1004300010EB08006141002487EA115284EAE77357
:100440001A4340D0009A62B3019A012A4FEA075238
:1004500015DC001B61EB02014FF0004202EA07527B
:10046000CDE90042001C41F5801132462B4600F0D8
:10047000A1FA03B0BDE8F08F40462146F9E7001B22
:1004800061EB0201001C41F5801300185B4120184C
:10049000A2F5001747EB030140EAD570B6196D418C
:1004A00011E06D084FEA360645EAC0754FEA07527B
:1004B000001B61EB0201001C41F5801149084FEA65
:1004C00030000019514132462B4603B0BDE8F04FD1
:1004D00000F061BA0098012240000023D0EB020234
:1004E00063EBE073009821464FEAE074B8EB00003C
:1004F00061EB0401E9E783F000435BE781F0004131
:1005000058E72DE9FE4F81EA030404F0004421F08E
:10051000004100944FF0000B23F0004350EA010427
:100520005ED052EA03045BD0C3F30A54C1F30A5508
:100530002C44A4F2F3340194A0FB0254C1F3130140
:1005400041F48011C3F3130343F4801301FB02440D
:1005500000FB034E840A970A44EA815447EA835712
:10056000A4FB076802958D0A05FB07854FEA932CCB
:1005700004FB0C542705029D4FEA065847EA16373C
:10058000B5EB08056EEB070C870E920E47EA811754
:1005900042EA8312A7FB0201B6EB0B0164EB0004F5
:1005A0002B0D43EA0C335E1844EB1C50DA465146DF
:1005B000E7FB0201C5F313044FEA0B3343EA14537C
:1005C0004FEA0432019C43EA0603A4F10C040294AE
:1005D000009CCDE900B400F0EDF903B0BDE8F08F68
:1005E00000200146F9E72DE9F04D81EA030404F00B
:1005F000004B21F0004514464FF0000A23F0004163
:1006000050EA050220D054EA01021DD0C5F30A5772
:100610000246C5F31303C1F31300C1F30A5640F4B5
:10062000801543F48013A7EB0608101BD64608F28A
:10063000FD3873EB050002D308F1010801E09218C0
:100640005B41B8F1000F03DA00200146BDE8F08DF0
:1006500000204FF48011064684460EE0171B73EB12
:10066000050705D3121B63EB050306434CEA010C97
:1006700049084FEA300092185B4150EA0107EDD17A
:1006800052EA030012D082EA040083EA050108431B
:1006900005D0101BAB4106D20122002306E0002248
:1006A0004FF0004302E06FF0010253101AEB060016
:1006B0004CEB085110EB0A0041EB0B01BDE8F04D8B
:1006C00000F069B9C10F80EAE0700844CA079623B8
:1006D000002100F032B90EB5C10F80EAE070084485
:1006E000CA07002140F233438DE80E000A460B464C
:1006F00000F060F903B000BD0EB540F23341029145
:100700000021CDE900110A460B4600F053F903B071
:1007100000BD00F0004220F00040C10DC0F3160003
:1007200040F400007F2901DA00207047962903DC9D
:10073000C1F19601C84001E096398840002AF4D002
:100740004042704720F00040C10DC0F3160040F455
:1007500000007F2901DA00207047962903DCC1F1EF
:100760009601C840704796398840704770B5C1F30C
:100770000A5201F000450024C1F3130140F2FF3397
:1007800041F480119A4201DA002070BD40F23343F7
:100790009A42A2F2334203DC524200F0A3F800E096
:1007A00090402C43F1D0404270BDC1F30A5210B5C5
:1007B000C1F3130140F2FF3341F480119A4201DA90
:1007C000002010BD40F233439A42A2F2334203DCD0
:1007D000524200F087F810BD904010BD00F000427A
:1007E00030F000400AD0C10D01F56071C0F3160071
:1007F00042EA0151C20840071143704700200146F8
:10080000704701F0004330B421F0004150EA01028A
:1008100006D00A0DA2F56072C1F31301002A02DCB2
:1008200030BC00207047440F44EAC104C100E01806
:1008300030BC00EBC25000F077B80000002801DBAC
:10084000C0F10040002901DBC1F100418142704745
:10085000002801DBC0F10040002901DBC1F10041AB
:10086000884270472DE9F05F0546002092469B467E
:1008700088460646814640241BE0284641464746B6
:10088000224600F02FF853465A46C01A914110D321
:1008900011461846224600F016F82D1A67EB01089B
:1008A0004F4622460120002100F00DF817EB000909
:1008B0004E41201EA4F10104DFDC484631462A46A1
:1008C0004346BDE8F09F202A04DB203A00FA02F1FB
:1008D000002070479140C2F1200320FA03F319432E
:1008E00090407047202A04DB203A21FA02F00021D0
:1008F000704721FA02F3D040C2F120029140084330
:1009000019467047202A06DBCB17203A41FA02F03D
:1009100043EAE07306E041FA02F3D040C2F120025C
:1009200091400843194670470029A8BF7047401CF2
:10093000490008BF20F00100704710B4B0FA80FCF5
:1009400000FA0CF050EA010404BF10BC704749B132
:10095000CCF1200421FA04F411FA0CF118BF0121A2
:1009600021430843A3EB0C01CB1D4FEA00614FEA82
:10097000102042BF002010BC704700EBC350104451
:100980000029A4BF10BC7047401C490008BF20F0DC
:10099000010010BC704710B5141E73F1000408DA92
:1009A000401C41F1000192185B411A4301D120F033
:1009B000010010BD2DE9F04D92469B4611B1B1FAF0
:1009C00081F202E0B0FA80F220329046FFF77BFF1E
:1009D00004460F4640EA0A0041EA0B0153465A46D4
:1009E000084313D0114653EA010019D0C8F1400260
:1009F0005046FFF777FF05460E4650465946424699
:100A0000FFF761FF084305D0012004E02046394686
:100A1000BDE8F08D0020054346EAE0762C433743DD
:100A20000A986305E40AA0EB08000022FD0A44EAE4
:100A300047540A3002D500200146E9E701051019A4
:100A40006941DDE9084500196941BDE8F04DA2E7BB
:100A500070B521F0004303430CD0C1F30A550024C4
:100A6000D5EB040564EB0403D617AD1AB34102DBE2
:100A70000020014670BD201841EB025170BD0000FE
:100A8000064C074D06E0E06840F0010394E80700DB
:100A900098471034AC42F6D3FFF74EFBB89E0008DF
:100AA000D89E000830B58C1810F8012B12F00F03F7
:100AB00001D110F8013B120906D110F8012B03E017
:100AC00010F8015B01F8015B5B1EF9D101E001F850
:100AD000013B521EFBD1A142E6D3002030BD0000F5
:100AE0000448008804490988884201D001207047E1
:100AF0000020FCE7F8000020FA00002008B50121E2
:100B0000382002F01DFC4FF4C040ADF8000010206A
:100B10008DF8030003208DF802006946124802F0A8
:100B20002BF84FF48050ADF8000028208DF803001A
:100B300069460D4802F020F84FF48050ADF80000EF
:100B400018208DF8030003208DF80200694607483D
:100B500002F012F80420ADF800008DF80300694699
:100B6000034802F009F808BD000C014000100140E4
:100B70000014014010B5FFF7C1FF00F0A9F810BD47
:100B800030B502460B4600211EE0224C224D2D8836
:100B9000645D552C0DD1204C2488601CC41700EBDB
:100BA0005464E411A0EBC4141A4D2C5D7E2C00D1CA
:100BB00010E0194C2488601CC41700EB5464E41145
:100BC000A0EBC414144D2C8014480088124C2488C7
:100BD000A042DAD100BF12E00E480F4C2488055D18
:100BE00008464C1CA1B215540B4C2488601CC41739
:100BF00000EB5464E411A0EBC414074D2C8099421F
:100C000005DA06480088044C2488A042E4D1C8B222
:100C100030BD0000F4040020FA000020F80000209D
:100C200070B505460E4600240CE000BF8021074841
:100C300004F081FE0028F9D0295D044804F049FF42
:100C4000601C84B2B442F0DB70BD00000050004074
:100C500088B000BF07F098FF184908602DE0142104
:100C6000164807F099F8FFF73BFF60B1202168466E
:100C7000FFF786FF0446002C04DD114A2146684632
:100C800001F0F2FD00BF0F480078052809D00C489C
:100C90000078012805D105200A49087001200A4979
:100CA000087007480078022807D10120074908701A
:100CB00001F020FE002002490870D0E790000020DB
:100CC000780000207D000020700000203A00002005
:100CD00000B585B00121080502F012FB4FF4165053
:100CE00001900020ADF80800ADF80A00ADF80C0046
:100CF000ADF810000C20ADF80E0001A90E4804F06C
:100D000077FE012240F225510B4804F04BFE3520BE
:100D10008DF8000000208DF801008DF80200012000
:100D20008DF80300684602F013FA0121024804F02E
:100D3000F6FD05B000BD00000050004021B1826802
:100D400042F00102826003E0826822F001028260C8
:100D50007047014600208A6802F004020AB10120AF
:100D600000E0002070470146C86C80B27047024620
:100D7000002013680B400BB1012000E000207047F9
:100D8000014600208A6802F008020AB1012000E052
:100D90000020704730B502460020002350680F4CF9
:100DA00020400D790C6844EA052420435060906887
:100DB0000B4C2040D1E902542C434D7944EA4504C0
:100DC00020439060D06A20F470000C7C641EE4B272
:100DD000234340EA0350D06230BD0000FFFEF0FF25
:100DE000FDF7F1FFF0B504460D4600200021092D66
:100DF00011DDE068A5F10A0606EB4607072606FAAC
:100E000007F18843A5F10A0606EB460603FA06F148
:100E10000843E0600CE0206905EB4507072606FA69
:100E200007F1884305EB450603FA06F10843206104
:100E3000072A0FDA606B561E06EB86071F2606FA96
:100E400007F18843561E06EB860605FA06F10843AD
:100E5000606322E00D2A0FDA206BD61F06EB8607AF
:100E60001F2606FA07F18843D61F06EB860605FA09
:100E700006F10843206310E0E06AA2F10D0606EBDC
:100E800086071F2606FA07F18843A2F10D0606EB36
:100E9000860605FA06F10843E062F0BD816841F07C
:100EA00008018160704721B1826842F4A00282602B
:100EB00003E0826822F4A00282607047816841F0FA
:100EC00004018160704700002DE9F84F83460C460D
:100ED000002C35D0BBF1000F32D02046FFF7F2FBDB
:100EE00005465846FFF7EEFB06462946FFF724FA6B
:100EF000824600215046FFF7ABFC06D21649504609
:100F0000FFF79CFC01D2DFF850A000215046FFF70C
:100F100095FC06D211495046FFF79AFC01D2DFF842
:100F20003CA051460E48FFF707FA0090FFF756FC29
:100F3000074605F0ABFB0546FFF763FC814601E081
:100F40004FF0000907494846FFF7C4F90546FFF787
:100F5000E0FB00B2BDE8F88F3333B33E3333B3BEAA
:100F600077BE1F3E00007A4408B50121102002F030
:100F7000E7F94FF40050ADF8000010208DF80300A1
:100F800003208DF802006946044801F0F5FD4FF496
:100F90000051024801F0CDFE08BD000000100140E4
:100FA00010B5534801F082FA002860D0504800780C
:100FB000312816D14E48007940B200EB4000400085
:100FC0004C49C8804A48C07840B2A0EB800040003D
:100FD00008814748407840B2404200EB80004649D3
:100FE000088043480078322816D14148007940B241
:100FF00000EB400040003F49C8803D48C07840B207
:10100000A0EB8000400008813948407840B240425F
:1010100000EB8000384908803548007833280FD12C
:101020003348C07840B2A0EB800040003149C8800E
:101030002F48807840B2A0EB800040002E49088005
:101040002B480078412812D1294840782B49087054
:101050002748807848702648C078887024480079EE
:10106000C870234840790871214880794871204828
:10107000007832283AD11E4880790007C00E2049F6
:1010800008801B48407900F0200038B11D480088D6
:101090000988084400B21B4908800CE014484079D4
:1010A00000F0100038B11748008815490988401A27
:1010B00000B2144908800E48407900F0400040B169
:1010C000104840880E490988084400B20D494880FC
:1010D0000CE00748407900F0800038B109484088AA
:1010E00007490988401A00B20649488010BD00002F
:1010F000F8010020900100207E0000205000002018
:10110000B8000020800000207748007873287DD147
:1011100075480079C0F1800074490978484300B2ED
:101120007349C8807048C078C0F180006F49097861
:10113000484300B26E4908816B484079C0F1800095
:1011400080006C4908806848407800F0010018B1C0
:1011500001206949087012E06748007878B1674853
:101160000078062805DA65480078401C6349087055
:1011700002E001206149087000205F4908705A4868
:10118000407800F0020018B101205D49087015E0B8
:101190005B48007890B155480078022805DD534837
:1011A0000078401E5149087005E002204F49087040
:1011B0000120544908700020514908704A4840787D
:1011C00000F0040018B101204F49087015E04E48A6
:1011D000007890B145480078092805DA434800783E
:1011E000401C4249087005E0092040490870012070
:1011F000444908700020444908703B48407800F09A
:10120000800050B141480088414900E06BE0098806
:10121000084400B23D4908800CE03348407800F0B3
:10122000200038B13948008839490988401A00B28D
:10123000364908802C48407800F0400040B13348DF
:10124000408833490988084400B2304948800CE09E
:101250002548407800F0100038B12C4840882C49CF
:101260000988401A00B2294948801F48807800F058
:10127000040018B101202749087015E025480078BE
:1012800090B123480088192805DA21480088401DBC
:101290001F49088005E019201D49088001201949CF
:1012A000087000201B4908700F48807800F001008A
:1012B00018B101201849087015E01748007890B15E
:1012C00013480088052805DD11480088401F104993
:1012D000088005E005200E490880012009490870B2
:1012E00000200D490870704771000020B5000020F3
:1012F000900100207E000020B0000020500000205F
:10130000B100002070000020B2000020800000200A
:10131000B6000020B3000020B40000202DE9F04109
:101320002D4800F05BFE002854D02B48C089B0F552
:10133000FA7F4FDA28480089B0F5FA7F04DA4FF0D7
:101340007F50264908600CE023480089B0F57A7F79
:1013500004DA4FF07E502149086002E020481F491E
:1013600008601D494988A1F57870FFF7ABF905467B
:101370001A4801682846FEF7ADFF0446FFF7C9F991
:1013800000B21849C88014490988A1F57870FFF7A0
:1013900099F906461148006880F000453146284614
:1013A000FEF798FF0446FFF7B4F900B20D49088133
:1013B0000949C988A1F57870FFF78DF906464FF005
:1013C0003332094BFFF79DF80446FFF7CFF900B21F
:1013D00006490880BDE8F08108020020BC0000201A
:1013E0003333333F900100203333E3BF7E000020CE
:1013F00010B5042002F0F6FC0E4800680E49B0FB60
:10140000F1F00E4908700B4800680B49B0FBF1F48D
:101410004FF47A7044434FF0E020006940F002003E
:101420004FF0E021086108464461006940F0010086
:10143000086110BD3C00002040420F00C4000020A5
:1014400010B504464FF47A7104FB01F000F002F885
:1014500010BD000070B5034600224FF0E02675690C
:101460000D4E367803FB06F44FF0E026B16910E02C
:101470004FF0E026B06988420BD0884202D20E1AA3
:10148000324402E02E1A0E4432440146A24200D3F6
:1014900000E0EDE700BF70BDC40000204FF08040C9
:1014A000808C704700B587B001210D2001F048FF06
:1014B0000121284801F0ECFB0820ADF818000420B9
:1014C0008DF81B0003208DF81A0006A9224801F0B0
:1014D00053FB4FF40040ADF8180006A91F4801F077
:1014E0004BFB0121084601F00BFF4FF0804002F05A
:1014F0000DFE03A803F062F90020ADF80C004FF6D2
:10150000FF70ADF810000020ADF81200ADF80E002D
:1015100003A94FF0804003F0FFF800231A4603218F
:101520004FF0804002F0E6FE684602F05BFF0620C6
:10153000ADF8080069464FF0804002F0FDFE002043
:101540004FF0804188840121880702F0C3FD07B075
:1015500000BD000000031800000C0140000801401D
:101560004FF0804188847047014800887047000030
:101570002404004000B587B00121092001F0E0FEFD
:101580003020ADF8180004208DF81B0003208DF8E2
:101590001A0006A91D4801F0EFFA0121022001F00E
:1015A000AFFE01211A4801F073FB1A4802F0AEFDAC
:1015B00003A803F003F90020ADF80C004FF6FF700C
:1015C000ADF810000020ADF81200ADF80E0003A930
:1015D000104803F0A1F800231A4603210D4802F039
:1015E00089FE684602F0FEFE0620ADF80800694656
:1015F000084802F0A1FE002006492431088001219C
:10160000044802F067FD07B000BD0000000C014077
:1016100000081A00000400400149088070470000DB
:101620002404004001464906084A926942F001023A
:10163000064B9A61064A526822F0E062044B5A60F7
:101640001A4652680A435A60704700000010024070
:101650000000014008B50121082001F071FE0120C1
:10166000ADF8000048208DF803006946014801F0FC
:1016700083FA08BD000C01400348006808B9012046
:1016800070470020FCE700000081214208B50121DD
:10169000142001F055FE1020ADF800008DF8030075
:1016A00003208DF8020069460A4801F065FA4FF4FC
:1016B0008070ADF800006946074801F05DFA10211E
:1016C000044801F038FB4FF48071034801F033FB0C
:1016D00008BD0000001001400008014070B505463B
:1016E0002C46B4F5616F01DD4FF4616414F5616F50
:1016F00000DA0D4C002C0BDD4FF461610B4802F059
:10170000D6FFC4F5616081B2084802F0D2FF0AE05A
:101710004FF46161054802F0CCFF04F5616081B2CD
:10172000024802F0C4FF70BDF0F1FFFF0008004066
:1017300070B505462C46B4F5616F01DD4FF4616468
:1017400014F5616F00DA0D4C002C0BDD4FF4616174
:101750000B4802F0B0FFC4F5616081B2084802F0A6
:10176000ACFF0AE04FF46161054802F0A6FF04F502
:10177000616081B2024802F09EFF70BDF0F1FFFF90
:101780000008004000B589B00121082001F0D8FD13
:101790004FF47070ADF8200018208DF8230003205E
:1017A0008DF8220008A9274801F0E6F9012104205C
:1017B00001F0A6FD40F60F60ADF818000020ADF86E
:1017C0001400ADF81A00ADF8160005A91E4802F085
:1017D000A3FF6020ADF804000120ADF80600002052
:1017E000ADF80A00ADF80C0001A9174802F004FE9C
:1017F0000821154802F04CFE01A9134802F052FEE0
:101800000821114802F0A0FE01A90F4802F0AAFE2B
:1018100008210D4802F0F6FE01A90B4802F0FCFE7B
:101820000821094802F036FF0121074802F046FC72
:101830000121054802F04EFC0121034802F056FC4C
:1018400009B000BD000C0140000800401CB5044672
:10185000062269463B2001F064FC9DF801009DF8DA
:10186000001040EA012000B220809DF803009DF89E
:10187000021040EA012000B260809DF805009DF84A
:10188000041040EA012000B2A0801CBD1CB5044633
:1018900006226946432001F044FC9DF801009DF8B2
:1018A000001040EA012000B220809DF803009DF85E
:1018B000021040EA012000B260809DF805009DF80A
:1018C000041040EA012000B2A0801CBD08B501212F
:1018D000042001F035FD4FF4C050ADF80000102099
:1018E0008DF8030003208DF802006946164801F0C8
:1018F00043F90120154908601549C1F8AC01802160
:101900006B2001F019FC1348FFF7A4FD00216B20A8
:1019100001F012FC18211B2001F00EFC00211C20FC
:1019200001F00AFC0021382001F006FC00212320F0
:1019300001F002FC01216B2001F0FEFB00216C2074
:1019400001F0FAFB08BD000000080140B00121428F
:1019500000002142A086010010B50446E006010EF9
:101960001C2001F0E9FB10BD10B5044621461A20E9
:1019700001F0E2FB10BD10B50446E006010E1B208D
:1019800001F0DAFB10BD70B50446B4F57A7F01DDD5
:101990004FF47A740A2C00DA0A244FF47A7090FB20
:1019A000F4F0401EC5B22946192001F0C5FB70BDF8
:1019B00070B5002415E004F1B001C8B201F01EFCBE
:1019C000002001F01BFC102001F018FC002504E0B1
:1019D000002001F023FC681CC5B2802DF8DB601CE0
:1019E000C4B2082CE7DB70BD2DE9F04705460E4672
:1019F000174698464FF000090024A7F1200000F098
:101A0000FF097B2D2BDA082E29DAB8F1000F14D04C
:101A10003146284601F0DEFB00BF0BE009EB49012F
:101A200004EB41010F4A515CC943C8B201F0F6FB17
:101A3000601CC4B2062CF1DB11E03146284601F0EF
:101A4000C9FB002409E009EB490104EB4101054A07
:101A5000505C01F0E3FB601CC4B2062CF3DBBDE874
:101A6000F0870000C09A00082DE9F04105460E46B7
:101A700014461F460A2C07DA04F13000C2B23B4676
:101A800031462846FFF7B0FFBDE8F0812DE9F05F51
:101A900005460E4617469846DDE90A9B7F2D01DC78
:101AA000072E01DDBDE8F09FE819802803DC06EB76
:101AB0000800082800DDF5E7BBF1000F18D0344618
:101AC00013E02146284601F085FBAA4609E019F8F3
:101AD000012BD143C8B201F0A1FB0AF1010000F0D3
:101AE000FF0ABA45F3DB601CC4B24445E9DB15E0EC
:101AF000344611E02146284601F06CFBAA4607E077
:101B000019F8010B01F08AFB0AF1010000F0FF0A4D
:101B1000BA45F5DB601CC4B24445EBDB00BFC1E74E
:101B20002DE9F04104460D461646984600277B2CC9
:101B300014DA082D12DA0EE0F25D434629462046FB
:101B4000FFF752FFA01DC4B27A2C02DD0024681CEE
:101B5000C5B2781CC7B2F05D0028EDD1BDE8F081B8
:101B60002DE9FE4F80468A4691461D46DDE90C7BF5
:101B7000002D76DDE8190A2873DAB9F1000F02DAD0
:101B8000C9F1000600E04E460A20B6FBF0F100FB6A
:101B900011608DF801006420B6FBF0F100FB1160CC
:101BA0000A21B0FBF1F08DF802004FF47A70B6FB19
:101BB000F0F100FB11606421B0FBF1F0C0B28DF8D0
:101BC000030042F21070B6FBF0F100FB11604FF41D
:101BD0007A71B0FBF1F0C0B28DF804005948B6FB41
:101BE000F0F100FB116042F21071B0FBF1F0C0B2F5
:101BF0008DF805005448B6FBF0F100FB1160514927
:101C0000B0FBF1F0C0B28DF806005048B6FBF0F121
:101C100000FB11604C49B0FBF1F0C0B28DF8070039
:101C20004B48B6FBF0F100FB11604849B0FBF1F006
:101C3000C0B28DF808004748B6FBF0F100FB116018
:101C40004349B0FBF1F0C0B28DF80900B9F1000FC3
:101C500041DA00232D2251464046FFF7C5FE0024FD
:101C600012E037E0E919091B491E1DF8012004EBB9
:101C7000440308F1060101EB4301C8B25B4651463B
:101C8000FFF7F2FE601CC4B2681EA042EADC002F1F
:101C900056D005EB450108EB4101C8B25B462E2248
:101CA0005146FFF7A1FE002412E005EB450108EBC9
:101CB0004101891D04EB440301EB4301C8B2391B08
:101CC0001DF801205B465146FFF7CEFE601CC4B2F2
:101CD000BC42EADB34E000240EE0E919091B1DF8E0
:101CE000012004EB440108EB4101C8B25B465146B8
:101CF000FFF7BAFE601CC4B2AC42EEDB07B305EBE3
:101D0000450108EB4101C8B25B462E225146FFF760
:101D10006BFE002412E005EB450108EB4101891D33
:101D200004EB440301EB4301C8B2391B1DF8012049
:101D30005B465146FFF798FE601CC4B2BC42EADB2A
:101D4000BDE8FE8FA086010040420F0080969800FB
:101D500000E1F50500CA9A3B00B587B001210420D7
:101D600001F0EEFAA020ADF8040003208DF8060083
:101D700018208DF8070001A9544800F0FDFE10203E
:101D8000ADF804008DF8070001A9504800F0F4FEFA
:101D90004020ADF8040010208DF8070001A94B4841
:101DA00000F0EAFE0121080301F0CAFA0020ADF8B4
:101DB00008004FF48270ADF80A000020ADF80C0066
:101DC0000220ADF80E000120ADF810004002ADF881
:101DD00012000020ADF81400ADF816000720ADF891
:101DE000180002A93A4801F0C3FD0121384801F06A
:101DF000A5FDFF2001F086FD4021344800F09BFF47
:101E00006420FFF71DFB4021304800F092FFC820FE
:101E1000FFF716FB40212D4800F08DFFAE2001F0AA
:101E2000EDF9002001F0EAF9102001F0E7F9402077
:101E300001F0E4F9812001F0E1F9EF2001F0DEF991
:101E4000A12001F0DBF9C82001F0D8F9A62001F0AB
:101E5000D5F9A82001F0D2F93F2001F0CFF9D32025
:101E600001F0CCF9002001F0C9F9D52001F0C6F944
:101E7000802001F0C3F9D92001F0C0F9F12001F070
:101E8000BDF9DA2001F0BAF9122001F0B7F9DB2030
:101E900001F0B4F9402001F0B1F9202001F0AEF9D1
:101EA000022001F0ABF98D2001F0A8F9142001F017
:101EB000A5F9A42001F0A2F9A62001F09FF9AF2016
:101EC00001F09CF9FFF774FD07B000BD0008014068
:101ED0000030014008B50121102001F031FA012045
:101EE000ADF8000048208DF8030003208DF80200B3
:101EF0006946174800F040FE0220ADF800001020AF
:101F00008DF8030003208DF802006946104800F0A8
:101F100033FE0420ADF8000010208DF803000320EC
:101F20008DF8020069460A4800F026FE0820ADF848
:101F3000000010208DF8030003208DF80200694690
:101F4000034800F019FE01200249086008BD0000A6
:101F5000001001408801224270B504460020144957
:101F60000860002507E01349485D01F05DF912495A
:101F70004855681CC5B2092DF5DB01200C490860E5
:101F80000D48407820700C48C078C04360700A4803
:101F90000079C043A07008484079E0700648807915
:101FA00020710548C07960710348007AA07170BD46
:101FB00088012242E89C0008E002002010B5054894
:101FC000007820B900200449C8800881488101F0C8
:101FD00041FA10BD6E0000209001002001463048FB
:101FE0000078002859D02F4840782E4A927840EA4D
:101FF0000220C0F30A0008802A488078C010294ACD
:10200000D27840EA4210C0F30A0048802548C078E0
:102010008011244A127940EA8200224A527940EA29
:102020008220C0F30A0088801E48407940101D4A73
:10203000927940EAC210C0F30A00C880194880793A
:102040000011184AD27940EA0210C0F30A00088150
:102050001448C079C011134A127A40EA4200114A6A
:10206000527A40EA4220C0F30A0048810D48407A83
:1020700080100C4A927A40EA8210C0F30A008881EC
:102080000848807A4011074AD27A40EAC200C881E3
:102090000020034A1070012070470020FCE7000078
:1020A000CA000020B802002000B589B0012111202B
:1020B00001F046F94FF47070ADF8200018208DF84B
:1020C000230003208DF8220008A9294800F054FDC0
:1020D0000121480301F034F94720ADF81400002035
:1020E000ADF8160044F61F60ADF818000020ADF8FA
:1020F0001A0005A91F4802F00FFB6020ADF804008C
:102100000120ADF8060040F2DC50ADF80A000020D6
:10211000ADF80C0001A9174802F06EF90821154826
:1021200002F0B6F901A9134802F0BCF908211148E0
:1021300002F00AFA01A90F4802F014FA08210D482A
:1021400002F060FA01A90B4802F066FA082109487A
:1021500002F0A0FA0121074801F0B0FF0121054873
:1021600001F0B8FF0121034801F0C0FF09B000BD34
:1021700000100140003401402DE9F0410446B4F55F
:10218000617F01DD4FF4617414F5617F00DA0B4C5F
:102190002046FEF797FA80460949FEF79BF8074666
:1021A0000849FEF73FF80646FEF7CCFA85B2294605
:1021B000054802F082FABDE8F08100007CFCFFFFD8
:1021C0003F358E3F0080BB44003401402DE9F04193
:1021D0000446B4F5617F01DD4FF4617414F5617F4D
:1021E00000DA0B4C2046FEF76DFA80460949FEF7EF
:1021F00071F807460849FEF715F80646FEF7A2FAF9
:1022000085B22946054802F056FABDE8F081000083
:102210007CFCFFFF3F358E3F0080BB440034014013
:102220002DE9F0410446B4F5617F01DD4FF461749E
:1022300014F5617F00DA0B4C2046FEF743FA804626
:102240000949FEF747F807460849FDF7EBFF064640
:10225000FEF778FA85B22946054802F02AFABDE869
:10226000F08100007CFCFFFF3F358E3F0080BB44C7
:10227000003401402DE9F84F04460D46294620461A
:10228000FEF722F8274908602748016825480068BA
:10229000FEF71AF882462548B0F90000FEF712FA58
:1022A00083465146FEF716F880462148B0F90000F3
:1022B000FEF708FA82461B4801685046FEF70AF806
:1022C00081464146FDF7AEFF07461A48B0F90000C7
:1022D000FEF7F8F939460090FDF7A4FF0646FEF731
:1022E00018FA00B2134908800E4800680E490860C9
:1022F0001048B0F9000041F26801884202DD08464A
:102300000C4908800B48B0F900000B49884203DAF9
:102310004EF69870074908800648B0F90000BDE8FD
:10232000F88F00009C000020A00000206C0000201E
:102330006A0000209800002098EFFFFF2DE9F84F79
:1023400004460D4629462046FDF7BEFF2749086092
:102350002748016825480068FDF7B6FF82462548F2
:10236000B0F90000FEF7AEF983465146FDF7B2FF23
:1023700080462148B0F90000FEF7A4F982461B48C8
:1023800001685046FDF7A6FF81464146FDF74AFF2A
:1023900007461A48B0F90000FEF794F93946009054
:1023A000FDF740FF0646FEF7B4F900B21349088076
:1023B0000E4800680E4908601048B0F9000041F26C
:1023C0006801884202DD08460C4908800B48B0F9D4
:1023D00000000B49884203DA4EF6987007490880DE
:1023E0000648B0F90000BDE8F88F0000A800002002
:1023F000AC0000206C0000206A000020A400002037
:1024000098EFFFFF10B586B004460121042000F0CC
:1024100097FF0121880300F093FF4FF40070ADF89F
:10242000140018208DF8170003208DF8160005A958
:102430001C4800F0A1FB4FF48060ADF814000420AC
:102440008DF8170005A9174800F096FB01940020AD
:10245000ADF80800ADF80A00ADF80C00ADF81000BA
:102460000C20ADF80E0001A90F4803F0C1FA252099
:102470008DF8000002208DF8010001208DF8020087
:102480008DF80300684600F063FE012240F22551FA
:10249000054803F087FA0121034803F040FA06B02B
:1024A00010BD0000000801400038014010B503468F
:1024B0000B48007890B10B488078001FC2B2002111
:1024C00005E0C81C074C205C5854481CC1B291421E
:1024D000F7DB0020024C2070104610BD0020FCE706
:1024E000C70000206802002010B586B00446012114
:1024F000082000F025FF0420ADF8140018208DF806
:10250000170003208DF8160005A91E4800F034FBC3
:102510000820ADF8140004208DF8170005A919480B
:1025200000F02AFB0121480400F0EAFE019400209B
:10253000ADF80800ADF80A00ADF80C00ADF81000D9
:102540000C20ADF80E0001A90F4803F051FA262027
:102550008DF8000002208DF8010001208DF80200A6
:102560008DF80300684600F0F3FD012240F225518A
:10257000054803F017FA0121034803F0D0F906B02B
:1025800010BD000000080140004400402DE9F05F4C
:1025900001211148FEF787FC00BF02210E48FEF71B
:1025A000E6FB0028F9D00C48FEF7DDFB83465846D1
:1025B000FEF7A2F88046094A094BFDF7A2FF06463E
:1025C0000022084BFEF70FF80446FEF7EEF81FFA5C
:1025D00080FA5046BDE8F09F002801400AD7A3705A
:1025E000BD54AC4000FEAF4000B587B001210820CB
:1025F00000F0A6FE0220ADF8180000208DF81B00A8
:1026000006A91D4800F0B8FA0121880200F098FEE2
:10261000002001908DF808008DF809004FF460202B
:1026200003900020049001208DF8140001A91348A4
:10263000FEF7B0FB4FF4004000F056FE07230122E6
:1026400009210E48FEF7CEFB01210C48FEF776FB70
:102650000A48FEF723FC00BF0848FEF791FB00285C
:10266000FAD10648FEF72AFC00BF0448FEF771FBCA
:102670000028FAD107B000BD000C0140002801403D
:1026800000BFFEE7704700001CB5C4E0642005F001
:1026900047FB6148007858B35F480078012806D1AD
:1026A00000235EA202215A20FFF73AFA31E05A488D
:1026B0000078022806D1002359A202215A20FFF7F0
:1026C0002FFA26E054480078042806D1002355A2AA
:1026D00002215A20FFF724FA1BE04F480078052812
:1026E00017D1002350A202215A20FFF719FA10E057
:1026F0004E480078012806D100234DA202215A201D
:10270000FFF70EFA05E000234BA202215A20FFF743
:1027100007FA002003210223CDE900104748028870
:1027200004211E20FFF71CFA002003210223CDE91B
:1027300000104348028804215A20FFF711FA41484B
:102740000088FDF7D9FF05463F4A404BFDF7D9FE0B
:102750000746FEF70BF8044600200121022322461B
:10276000CDE9001003211E20FFF7FAF900200090A8
:1027700001903748B0F90A20062303215A20FFF7B9
:10278000EFF9642005F0CCFA00200321CDE9001018
:102790003048B0F9000000EB800042000223052120
:1027A0001E20FFF7DDF900200221CDE900102A48A4
:1027B000B0F90020052319466020FFF7D1F927481A
:1027C0000022274BD0E900512846FDF79AFE074624
:1027D000FDF7CCFF0446002002210B462246CDE93E
:1027E000001006211E20FFF7BBF91E4800221C4BDB
:1027F000D0E900512846FDF784FE0746FDF7B6FFF5
:102800000446002002210B462246CDE90010062195
:102810005A20FFF7A5F939E77D0000205053320018
:10282000415050004E524600413639003A000020D7
:1028300053414D50000000002D2D2D0020000020A0
:1028400022000020560000209A9999999999B93F41
:10285000D80100207E00002090010020B801002057
:1028600000005940C80100202DE9F04104460F4600
:1028700015460A2F01DABDE8F0812078552808D1E5
:1028800060787E2805D1207A7E2802D1607A55288A
:1028900003D0002000F066F8EDE7E07821794840A9
:1028A00061794840A17980EA0106E079B04209D017
:1028B000304600F057F8A37962792179E07800F08A
:1028C000ACF8D8E7A0782870287801280BD1E078F8
:1028D00068706079E870054A128891B2044AD2881B
:1028E00090B200F06AF800BFC5E700007E0000204B
:1028F000900100200EB555208DF800007E208DF847
:10290000010003208DF8020014480088000A8DF8A9
:102910000300124800788DF8040011480088000A6E
:102920008DF805000E4800788DF806009DF803002C
:102930009DF8041048409DF8051048409DF8061089
:1029400048408DF807007E208DF8080055208DF84E
:1029500009000A216846FEF763F90EBD2000002039
:10296000220000203EB5044655208DF800007E2050
:102970008DF801008DF8024000208DF803008DF8DD
:1029800004008DF805008DF806009DF803009DF801
:10299000041048409DF8051048409DF80610484036
:1029A0008DF807007E208DF8080055208DF809006D
:1029B0000A216846FEF734F93EBD3EB504460D4691
:1029C00055208DF800007E208DF8010001208DF843
:1029D0000200200A8DF80300E0B28DF80400280AF6
:1029E0008DF80500E8B28DF806009DF803009DF80B
:1029F000041048409DF8051048409DF806104840D6
:102A00008DF807007E208DF8080055208DF809000C
:102A10000A216846FEF704F93EBDFEB504460D46A0
:102A200016461F4655208DF800007E208DF80100C7
:102A300011208DF802008DF803408DF804508DF8B8
:102A400005608DF806709DF803009DF8041048405D
:102A50009DF8051048409DF8061048408DF8070085
:102A60007E208DF8080055208DF809000A2168465F
:102A7000FEF7D6F8FEBD00001948007801282ED1D7
:102A80001748C078C0F18000164909784942484388
:102A900000B21549C88012484078C0F17800134947
:102AA00009784942484300B2114908800C4800792E
:102AB000002808DD0B480078401C0A4908700120F6
:102AC0000C4908700BE006480079002807DA054831
:102AD0000078401E034908700120064908707047BD
:102AE00078000020C000002090010020C1000020DC
:102AF0007E000020700000201948007801282ED1A7
:102B00001748C078C0F18000164909784942484307
:102B100000B21549C88012484078C0F178001349C6
:102B200009784942484300B2114908800C480079AD
:102B3000002808DD0B480078401C0A490870012075
:102B40000C4908700BE006480079002807DA0548B0
:102B50000078401E0349087001200649087070473C
:102B600078000020C200002090010020C300002057
:102B70007E000020700000202DE9F0410246002573
:102B80000026002000230024002791F803C00CF049
:102B90000F0591F803C00CF0100CBCF1000F03D02E
:102BA00091F802C04CEA050591F800C0BCF1000F95
:102BB00031D0146800202BE04FF0010C0CFA00F328
:102BC000B1F800C00CEA03069E4220D183004FF00A
:102BD0000F0C0CFA03F7BC4305FA03FC4CEA04049F
:102BE00091F803C0BCF1280F06D14FF0010C0CFA8C
:102BF00000FCC2F814C00AE091F803C0BCF1480F11
:102C000005D14FF0010C0CFA00FCC2F810C0401CBA
:102C10000828D1D31460B1F800C0BCF1FF0F34DD37
:102C2000546800202EE000F1080C4FF0010808FA6B
:102C30000CF3B1F800C00CEA03069E4221D18300D8
:102C40004FF00F0C0CFA03F7BC4305FA03FC4CEAF7
:102C5000040491F803C0BCF1280F05D100F1080C61
:102C600008FA0CF8C2F8148091F803C0BCF1480FC0
:102C700007D100F1080C4FF0010808FA0CF8C2F86F
:102C80001080401C0828CED35460BDE8F0810000BD
:102C9000F0B50A46002300240021002500F000467C
:102CA000B6F1004F02D11D4EF16901E01B4E716873
:102CB000C0F3034583B200F44016B6F5401F08D1B7
:102CC00021F07061154E766826F07066134F7E60B5
:102CD00012E000F48016B6F5801F06D1032606FA2E
:102CE00005F4A14341F0706106E0460D360103FA98
:102CF00006F6B14341F0706122B1460D360103FA88
:102D000006F6314300F00046B6F1004F02D1034E03
:102D1000F16101E0014E7160F0BD00000000014072
:102D20000246002093680B400BB1012000E0002018
:102D3000704741617047016170470AB1016100E06D
:102D40004161704700BFFEE710B500200E490860E2
:102D50000E48006820F470400C490860084600687E
:102D600040F44050086000200949C1F8AC0101203E
:102D7000FEF770FB012004490860FEF76BFB0020A2
:102D80000349C1F8B00110BDB0012142040801405F
:102D90000000214210B500200E4908600E4800686E
:102DA00020F470400C4908600846006840F4405028
:102DB000086001200949C1F8AC01FEF74BFB012076
:102DC00004490860FEF746FB00200449C1F8B00141
:102DD00010BD0000B0012142040801400000214262
:102DE00070B5054600241748006820F47040154966
:102DF00008600846006840F400400860002616E0BD
:102E00000020114908600220FEF724FB01200F4931
:102E1000C1F8B0016006040E0B488438006808B1A0
:102E2000601CC4B20220FEF715FB701CC6B2082E4F
:102E3000E6DB15B1FFF788FF01E0FFF7ABFF2046A7
:102E400070BD000004080140B00121420000214291
:102E500070B504461448006820F4704012490860B8
:102E60000846006840F44050086000200F490860A0
:102E7000002516E0E0090D49091F08606006040EF0
:102E80000120FEF7E7FA01200949C1F8B001FEF779
:102E9000E1FA0020054908600120FEF7DBFA681C12
:102EA000C5B2082DE6DB70BD04080140B001214227
:102EB0000000214210B51648006820F47040144903
:102EC00008600846006840F440500860012011493D
:102ED00008601148D0F82C0108B9002010BD01206D
:102EE0000C49091D0860FEF7B5FA00200A49C1F82F
:102EF000AC0108488038006808B10020EEE70120E6
:102F0000FEF7A8FA00200349091D08600120E5E743
:102F100004080140AC0121420000214210B50E48D6
:102F2000006820F470400C4908600846006840F4CE
:102F3000405008600020094908600949C1F8AC0107
:102F40000120FEF787FA0120044908600449C1F80E
:102F5000AC01FEF77FFA10BD04080140B001214228
:102F60000000214210B500241548006820F470408C
:102F7000134908600846006840F4004008600120DA
:102F800010490860FEF766FA01200F49C1F8B00148
:102F9000FEF760FA0AE0601CC4B2322C03DDFFF7D2
:102FA000BDFF002010BD0120FEF754FA054880380F
:102FB00000680028EFD10349091D08600120F1E7EE
:102FC00004080140AC0121420000214239E0FEF733
:102FD00053FB002832D0322004F0A2FEFEF74CFB57
:102FE00060B3002417E0322004F09AFEFEF744FBA1
:102FF00000B912E03C2C0CD14FF400511148FFF7FE
:103000009AFEC82004F08CFE4FF400510D48FFF7E3
:1030100090FE601CC4B2C82CE5DB00BF142C0CDA97
:1030200009480078062805DA07480078401C064958
:10303000087002E001200449087000BF322004F04B
:103040006FFEC4E700100140500000202DE9F04160
:1030500006460F4614461D46FFF72CFF10B9012007
:10306000BDE8F0817106080EFFF7F2FEFFF77AFF68
:1030700018B9FFF753FF0120F2E73846FFF7E8FEE3
:10308000FFF770FFFFF716FF012101EB4601C8B201
:10309000FFF7DEFEFFF766FF0DE0012C04D10020F4
:1030A000FFF79EFE287003E00120FFF799FE2870CD
:1030B0006D1C601EC4B2002CEFD1FFF72FFF002063
:1030C000CEE72DE9F04105460E4617469846FFF734
:1030D000F1FE10B90120BDE8F0816906080EFFF786
:1030E000B7FEFFF73FFF18B9FFF718FF0120F2E71F
:1030F0003046FFF7ADFEFFF735FF00240BE018F870
:103100000400FFF7A5FEFFF72DFF18B9FFF706FF34
:103110000020E0E7641CBC42F1DBFFF7FFFE00206B
:10312000D9E770B504460D461646F2B22B46214645
:103130006820FFF78BFF70BD13B5044601AB012279
:1031400021466820FFF7BDFF1CBD00BFFEE77047AA
:1031500070B5002100230F22C47804B3154C2468F5
:1031600004F4E064C4F5E064210AC1F10403CA4038
:10317000447804FA03F184781440214309010E4C89
:103180000678A155047804F01F050124AC400578A9
:103190006D11AD0005F1E025C5F8004109E00478A6
:1031A00004F01F050124AC40044D0678761145F863
:1031B000264070BD0CED00E000E400E080E100E09E
:1031C00002490143024A1160704700000000FA05FD
:1031D0000CED00E070B504460D4605F1B001C8B233
:1031E00000F00CF8102141EA141000F007F804F088
:1031F0000F0141F0010000F001F870BD10B5044668
:1032000010210548FFF795FD204600F07BFB1021BB
:103210000148FFF790FD10BD0008014010B50446BD
:10322000204600F06FFB10BD1CB504460020019045
:103230000120009027E09DF80000204018B10120F7
:103240001449086002E0002012490860002011497A
:10325000083108601020FEF7FDF80F48D0F8000193
:1032600028B19DF804009DF800100843019001204A
:103270000849083108601020FEF7ECF89DF80000BE
:103280004006000E00909DF800000028D3DC9DF859
:1032900004001CBD840122420000224200BF05F050
:1032A00073FC0D49086016E014210B4804F074FD0E
:1032B0000A48FEF751FE0A48007801280BD007485B
:1032C0004078082807D10548807920B901200449B1
:1032D000087004490870E7E78C00002071000020A6
:1032E0007D0000207000002001460020034A506845
:1032F00020F4404008435060704700000010024036
:1033000029B1064AD2690243044BDA6104E0034A58
:10331000D2698243014BDA6170470000001002401D
:1033200029B1064A12690243044B1A6104E0034AB8
:1033300012698243014B1A6170470000001002407D
:1033400029B1064A92690243044B9A6104E0034A98
:1033500092698243014B9A6170470000001002405D
:1033600029B1064AD2680243044BDA6004E0034AFA
:10337000D2688243014BDA607047000000100240BF
:1033800030B500210022002400232D4D6D6805F08A
:103390000C0121B1042905D0082923D105E0294DCC
:1033A000056022E0274D05601FE0254D6D6805F49E
:1033B0007012234D6D6805F48034022505EB9242AE
:1033C0001CB9214D554305600BE01D4D6D6805F49A
:1033D00000351DB11C4D5543056002E0194D5543A4
:1033E000056002E0174D056000BF00BF144D6D6819
:1033F00005F0F0010909154D6B5C0568DD4045607D
:103400000F4D6D6805F4E061090A104D6B5C45686D
:10341000DD4085600A4D6D6805F46051C90A0B4DA9
:103420006B5C4568DD40C560054D6D6805F4404145
:10343000890B074D6B5CC568B5FBF3F5056130BDC5
:103440000010024000127A0000093D0070010020C7
:10345000800100202DE9F04F8FB0FEF71FF800B279
:103460000990FDF738F98246D24AD34BFDF749F867
:1034700081F00041CDE90A01FDF7C3F90D90FDF798
:10348000ADF9CE4A03C20020FEF76AF8FEF76CF8E9
:1034900000B20990FDF71FF9C64AC74BCDE90A01F2
:1034A000FDF72FF88246FDF7ACF90D90FDF796F980
:1034B000C34A03C20020FEF7AFF8C248B0F90600C5
:1034C00040F2DC51884202DD0846BE49C880BD4852
:1034D000B0F90600BC49884203DA4FF62420B94906
:1034E000C880B849B1F90600FDF7F5F80022B74BDE
:1034F000CDE90C01FDF777F88246FDF782F9044625
:10350000B348B0F90000FDF7E6F80022AF4BCDE973
:103510000C01FDF768F88246FDF773F90646304660
:10352000FDF75CF9CDE90A0104F06AF902460B46A1
:10353000CDE90C014FF06040A649FDF754F88246F2
:10354000FDF75FF98046A248008800287CD04046FD
:10355000FDF744F9CDE90A014046FDF73FF98246FF
:103560009D4A9E4BFCF7C7FFCDE906012046FDF7BB
:1035700035F9CDE90401DDE90623FCF7C2FFCDE909
:103580000801DDE90A23FDF72EF8CDE90C01FDF76E
:1035900038F98A4988604046FDF720F9CDE90A01EB
:1035A0004046FDF71BF98C4A8C4BCDE90401FCF732
:1035B00001FFCDE908012046FDF710F9CDE906012C
:1035C000DDE90823FCF79DFF8246DDE90A23FDF7CC
:1035D0000AF8CDE90C01FDF714F979498860304605
:1035E000FDF7FCF87E4A7F4BCDE90001FCF789FF2F
:1035F000824604F005F902460B46CDE902014FF080
:1036000060407449FCF7EFFF734A744BCDE9040145
:10361000FCF7D0FE02460B46CDE906014FF06040B4
:103620006C49FCF7E0FFCDE9080103F02FF86E4A82
:103630006E4BCDE90A01FCF764FFCDE90C01FDF703
:10364000E0F8054605E0FFE75C4884605C4884607C
:1036500000252846FDF7C2F88246654A654BFCF70F
:1036600050FFCDE906012846FDF7B8F8CDE9020183
:103670002846FDF7B3F882465F4A604BFCF741FFEE
:10368000CDE90001DDE90223FCF73BFFCDE90401B0
:10369000DDE90623FCF78EFE81F000410022584B45
:1036A000CDE90801FCF72DFF564A574BCDE90A0139
:1036B000FCF799FFCDE90C01FDF7A3F80746534944
:1036C0003846FCF707FE83460021FCF7ABFD824637
:1036D000FDF71FF80FFA80F94846FEF7A1FD3748BD
:1036E000D0E900211046FDF78CF8824633498868FE
:1036F0005146FEF7BFFD314988813149D1E90021AA
:103700001046FDF77EF882462D4988685146FEF73F
:1037100015FE2B49888129498989494208B2FDF75C
:10372000DDFF2749B1F90C00FEF702F82349D1E982
:1037300000A181F00043224903C95246CDE90601A8
:10374000FCF738FE00224FF08043CDE90801FCF77A
:103750004AFF00221D4BCDE90A01FCF7D2FECDE95C
:103760000C01FDF703F800B21649088000204880DC
:103770001249D1E900A181F00043114803C8524623
:10378000CDE90601FCF716FE134A214BCDE90801ED
:10379000FCF729FF00220D4BCDE90A01FCF7B1FE31
:1037A000CDE90C01FCF7E2FF00B2064988800FB0BA
:1037B000BDE8F08FE3775F723A55733FB8010020A0
:1037C000C80100209001002024FAFFFF00408F4034
:1037D0007E000020CEF7C33F1F85EB51B81EB53FDA
:1037E000CAC342AD69DE913F144C77B6D7A54C40B1
:1037F0009BE61DA7E848F33F091B9E5E29CB703F5F
:1038000000806640A7E8482EFF21094000002041C3
:10381000B81EC53F10B51B48FEF718F81948408878
:103820001949088017480088404200B2488015486E
:10383000808888801548FEF729F8144800881449C4
:103840000988084400B21149088008464088104998
:103850004988084400B20D494880084680880C49D0
:103860008988084400B2094988800846408806498A
:10387000C88006480088404200B20881034880881A
:10388000488110BD58000020D80100205E000020B3
:103890006400002000BF05F077F9184908602CE0AB
:1038A0001421164804F078FA1548007808B3144833
:1038B0000078012802D1FDF727FC1AE010480078B3
:1038C000022802D1FDF76CFB13E00D4800780328B5
:1038D00002D1FDF723FD0CE009480078042802D14D
:1038E000FFF70AF905E006480078052801D1FFF73F
:1038F000C3F8FEF763FBFFF78DFFD1E784000020DC
:103900007D00002010B5044600BF02210A4800F0E7
:1039100021F80028F9D02146074800F027F800BF19
:103920000121054800F016F80028F9D0024800F0FF
:103930001AF8C0B210BD00000030014021B1028869
:1039400042F04002028004E002884FF6BF731A4042
:10395000028070470246002013890B400BB1012002
:1039600000E00020704701468889704781817047D8
:1039700010B50022028802F441520B884C88234380
:103980008C882343CC8823430C8923434C892343CD
:103990008C892343CC8923431A430280838B4FF2C3
:1039A000FF74234083830B8A038210BD10B500F09F
:1039B00001F810BD0CB5002001900090334800685C
:1039C00040F480303149086000BF3048006800F49E
:1039D000003000900198401C0190009818B901989F
:1039E000B0F5A06FF1D12948006800F4003010B1A3
:1039F0000120009001E0002000900098012843D1B0
:103A00002348006840F0100021490860084600681B
:103A100020F0030008600846006840F002000860DB
:103A20001A48406819494860084640684860084696
:103A3000406840F4806048600846406820F47C108C
:103A400048600846406840F4E8104860084600684E
:103A500040F08070086000BF0C48006800F0007003
:103A60000028F9D00948406820F003000749486061
:103A70000846406840F00200486000BF03484068C4
:103A800000F00C000828F9D10CBD00000010024025
:103A9000002002402DE9FF41074655260020FEF791
:103AA0006BFB0020FEF792FB0020FEF7B9FB002520
:103AB0002BE04FF480717E48FFF73BF91420FDF7AF
:103AC000BFFC4FF480717A48FFF735F91420FDF7F9
:103AD000B7FC02A8FDF7DAFE76480088BDF80810AA
:103AE000084400B27349088008464088BDF80A10AF
:103AF000084400B26F49488008468088BDF80C1021
:103B0000084400B26B4988806D1C0A2DD1DB6948DE
:103B1000B0F9000040420A2190FBF1F000B2654983
:103B200008800846B0F9020040420A2190FBF1F0FB
:103B300000B2604948800846B0F9040040420A21BA
:103B400090FBF1F000B25B498880002522E0002460
:103B50000BE0E006060E4FF480715548FFF7E9F8D8
:103B60001420FDF76DFC601CC4B21E2CF1DB142484
:103B70000DE004EB44008006060E4FF480714C48C3
:103B8000FFF7D9F81420FDF75BFC601EC4B2002CCF
:103B9000EFDC6D1C032DDADB4FF480714448FFF736
:103BA000C8F84FF400514448FFF7C5F86420FDF70A
:103BB00047FC4FF400514048FFF7BBF8FDF7F8FE13
:103BC00000233EA219461846FDF7AAFF002340A293
:103BD00001211846FDF7A4FF002343A20221184645
:103BE000FDF79EFF002346A202211E20FDF798FF4D
:103BF000002345A203211846FDF792FF002348A2A7
:103C000004211846FDF78CFF00234BA2052118461E
:103C1000FDF786FF00234EA206211846FDF780FF20
:103C200003F012FF5048032100234FF48072CDE9C6
:103C300000104EA1504804F067FF504804210023B3
:103C40008022CDE900104EA1504804F05DFF50489D
:103C5000062100238022CDE900104EA1504804F037
:103C600053FF50480A2100238022CDE900104EA1C5
:103C7000504804F049FF50480B2100238022CDE931
:103C800000104EA1504804F03FFF50480C21002383
:103C90004FF48072CDE900104DA1504804F034FF7C
:103CA0004F48006804F0E8F803F010FFBDE8FF811A
:103CB0000008014064000020001001402020202A5C
:103CC0002046534D20414B4D202A2020200000004B
:103CD0002D2D2D2D2D2D2D2D2D2D2D2D2D2D2D2D14
:103CE0002D2D2D2D2D000000205665723A56302EB8
:103CF0003030204D6F643A2D2D2D20202000000003
:103D000056312E303000000020566F6C3A31322E82
:103D100032562047797A3A30303030302000000077
:103D20002064313A30302E3030302064323A303036
:103D30002E3030300000000020416E673A303030C5
:103D40002E30302056656C3A302E30303020000056
:103D5000204D54413A30302E3030204D54423A2DCF
:103D6000302E30302000000004000020526F626FBF
:103D7000745F5461736B00009538000808000020E0
:103D80004B65795F5461736B00000000CD2F000814
:103D90000C000020446973705F5461736B00000075
:103DA00089260008100000205472697669615F540A
:103DB00061736B00D1470008140000205073325F1C
:103DC0005461736B000000009D3200081C0000204D
:103DD0004136395F5461736B00000000510C0008DC
:103DE00000000020042808D14FF0E021096941F0CB
:103DF00004014FF0E022116107E04FF0E021096972
:103E000021F004014FF0E0221161704710B504F079
:103E1000ABFE012801D004F021FB10BD10B5134802
:103E2000006840F0010011490860084640681049E8
:103E300008400E494860084600680E4908400B4992
:103E400008600846006820F4802008600846406842
:103E500020F4FE0048604FF41F008860FFF7A6FDC5
:103E60004FF000600449086010BD000000100240DF
:103E70000000FFF8FFFFF6FE08ED00E0F0B50C468D
:103E8000154600220021068C4FF6FE773E40068440
:103E9000028B018C4FF60C7632407E1C06EA03162C
:103EA0002E433243104EB0420ED0104EB0420BD0D3
:103EB000B0F1804F08D00E4EB04205D00D4EB0424A
:103EC00002D00D4EB04206D14FF6FD76314044F09F
:103ED0000106314305E04FF6F576314044F0010626
:103EE000314302830184F0BD002C014000340140C5
:103EF0000004004000080040000C0040F0B50C46F3
:103F00001546002200210026078C4FF6EF7C07EAB9
:103F10000C070784028B018C4FF6FF7707EA041623
:103F200040F6FF473A404FF6FF7707EA03373A4338
:103F30004FF6FF7707EA05273A43114FB8420ED0F4
:103F4000104FB8420BD0B0F1804F08D00E4FB8429E
:103F500005D00E4FB84202D00D4FB84206D14FF6F1
:103F6000DF77394046F01007394305E04FF65F77B9
:103F7000394044F01007394302830184F0BD00004A
:103F8000002C0140003401400004004000080040C3
:103F9000000C0040F0B50C4615460022002100261A
:103FA000078C4FF6FF6C07EA0C070784828B018CA5
:103FB0004FF6FF7707EA04264FF60C773A404FF6A4
:103FC000FF7707EA03172F433A43114FB8420ED049
:103FD000104FB8420BD0B0F1804F08D00E4FB8420E
:103FE00005D00E4FB84202D00D4FB84206D14FF661
:103FF000FF57394046F48077394305E04FF2FF57C9
:10400000394044F48077394382830184F0BD000055
:10401000002C014000340140000400400008004032
:10402000000C0040F0B50C46154600220021002689
:10403000078C4EF6FF7C07EA0C070784828B018C05
:104040004FF6FF7707EA043640F6FF473A404FF64F
:10405000FF7707EA05273A434FF6FF7707EA03376A
:104060003A43114FB8420ED0104FB8420BD0B0F1C6
:10407000804F08D00E4FB84205D00E4FB84202D044
:104080000D4FB84206D14DF6FF77394046F48057C0
:10409000394305E047F6FF57394044F48057394328
:1040A00082830184F0BD0000002C014000340140F7
:1040B0000004004000080040000C004021B10288CC
:1040C00042F08002028004E002884FF67F731A40BB
:1040D0000280704721B1028842F00102028004E0B0
:1040E00002884FF6FE731A400280704731B1B0F873
:1040F000442042F40042A0F8442005E0B0F84420F7
:10410000C2F30E02A0F844207047000010B5044628
:104110006848844208D10121C014FFF721F9002129
:10412000E014FFF71DF9C4E0B4F1804F08D101217C
:104130000846FFF7F5F800210120FFF7F1F8B8E095
:104140005D48844208D101210220FFF7E9F80021EF
:104150000220FFF7E5F8ACE05848844208D101217D
:104160000420FFF7DDF800210420FFF7D9F8A0E0D4
:104170005348844208D101210820FFF7D1F80021DB
:104180000820FFF7CDF894E04E48844208D1012181
:104190001020FFF7C5F800211020FFF7C1F888E0D4
:1041A0004948844208D101212020FFF7B9F80021B5
:1041B0002020FFF7B5F87CE04448844208D1012173
:1041C0004014FFF7CDF800216014FFF7C9F870E044
:1041D0003F48844209D10121C804FFF7C1F80021FA
:1041E0004FF40020FFF7BCF863E03A48844209D15D
:1041F00001210805FFF7B4F800214FF48010FFF704
:10420000AFF856E03448844209D101214805FFF750
:10421000A7F800214FF40010FFF7A2F849E02F485B
:10422000844208D101214020FFF77AF80021402084
:10423000FFF776F83DE02A48844208D1012180202A
:10424000FFF76EF800218020FFF76AF831E025487B
:10425000844208D101218015FFF762F80021A015E2
:10426000FFF75EF825E02048844209D101210804C7
:10427000FFF776F800214FF48030FFF771F818E06F
:104280001A48844209D101214804FFF769F8002146
:104290004FF40030FFF764F80BE01548844208D172
:1042A00001218804FFF75CF800214FF48020FFF71C
:1042B00057F810BD002C01400004004000080040E9
:1042C000000C004000100040001400400034014089
:1042D000004C0140005001400054014000180040D3
:1042E000001C00400020004000400140004401400C
:1042F00000480140F0B50C4615461E46002100223C
:1043000000230189028B038C4FF6F8773940214353
:104310004FF6FC473A4040F201173A434FF6DD773B
:104320003B404FF6FF7707EA06172F433B430181D7
:1043300002830384F0BD000070B505460C46244896
:1043400085420ED0234885420BD0B5F1804F08D06E
:104350002148854205D02148854202D02048854227
:1043600000D100E000BF208850B92389A28861886D
:104370002846FFF783FDE188284600F0A1F925E0F3
:10438000208804280AD12389A28861882846FFF75B
:10439000B5FDE188284600F09CF917E02088082840
:1043A0000AD12389A28861882846FFF7F3FDE188B6
:1043B000284600F09BF909E02389A28861882846F5
:1043C000FFF730FEE188284600F099F970BD000043
:1043D000002C01400034014000040040000800406F
:1043E000000C0040002101804180012181800021DA
:1043F000C18001817047000070B5002400220023B5
:10440000058C4FF6FE7635400584028C8388048B3C
:104410004FF68F752C40B51E2C400D882C43751E11
:104420002A400D892A434D882A43144DA8420BD0B7
:10443000134DA84208D0134DA84205D0124DA842F2
:1044400002D0124DA84213D14FF6F7752A404D897C
:104450002A434FF6FB752A408D882A434FF6FF65A5
:104460002B404FF6FF552B408D892B43CD892B4395
:1044700083800483CD888586028470BD002C014032
:104480000034014000400140004401400048014028
:104490000A460021018B4FF6F7731940114301833F
:1044A0007047000070B5002400220023058C4FF6F1
:1044B000EF7635400584028C8388048B48F6FF75BF
:1044C0002C404FF6FF452C400D884FF6FF7606EA4C
:1044D00005252C434FF6DF752A400D8906EA0515A0
:1044E0002A434D8806EA05152A43154DA84202D0F5
:1044F000144DA8421DD14FF67F752A404D894FF6C5
:10450000FF7606EA05152A434FF6BF752A408D88C7
:1045100006EA05152A434FF6FF352B404FF2FF758B
:104520002B408D8906EA85052B43CD8906EA850552
:104530002B4383800483CD880587028470BD0000EF
:10454000002C0140003401400A460021018B4FF24B
:10455000FF7319404FF6FF7303EA022319430183E7
:104560007047000070B5002400220023058C4FF630
:10457000FF6635400584028C8388848B4FF68F75E7
:104580002C404FF6FC752C400D882C434FF6FF5500
:104590002A400D894FF6FF7606EA05252A434D8805
:1045A00006EA05252A43154DA84202D0144DA8421B
:1045B0001DD14FF2FF752A404D894FF6FF7606EA6E
:1045C00005252A434FF6FF352A408D8806EA052542
:1045D0002A434EF6FF752B404DF6FF752B408D8913
:1045E00006EA05152B43CD8906EA05152B43838082
:1045F0008483CD888587028470BD0000002C014033
:10460000003401400A460021818B4FF6F7731940B0
:10461000114381837047000070B5002200230024FD
:10462000058C4EF6FF7635400584038C8488828B9A
:1046300048F6FF752A404FF6FF452A400D884FF691
:10464000FF7606EA05252A434DF6FF752B400D89B6
:1046500006EA05352B434D8806EA05352B430B4DFD
:10466000A84202D00A4DA84208D14BF6FF752C4053
:104670008D894FF6FF7606EA85152C438480828368
:10468000CD88A0F84050038470BD0000002C01408C
:10469000003401400A460021818B4FF2FF7319401C
:1046A0004FF6FF7303EA0223194381837047818623
:1046B00070470187704781877047A0F840107047A6
:1046C000028B4FF6F3731A400283028B0A43028374
:1046D0007047028B4FF2FF331A400283028B4FF672
:1046E000FF7303EA01231A4302837047828B4FF65C
:1046F000F3731A408283828B0A4382837047828BD2
:104700004FF2FF331A408283828B4FF6FF7303EA26
:1047100001231A4382837047002202881D4B98426E
:104720000ED01D4B98420BD0B0F1804F08D01B4BE0
:10473000984205D01A4B984202D01A4B984204D1A5
:104740004FF68F731A404B881A43174B984207D085
:10475000164B984204D04FF6FF431A40CB881A43B9
:1047600002808B8883850B8803850A4B98420BD087
:10477000094B984208D00E4B984205D00D4B9842F9
:1047800002D00D4B984201D10B7A0386012383821C
:1047900070470000002C014000340140000400403C
:1047A00000080040000C00400010004000140040D1
:1047B0000040014000440140004801404FF6FF71B5
:1047C000818000210180C18041800172704700001A
:1047D000ABE0FDF7DBFE5549088008460088B0F5E0
:1047E000856F64DC10215248FEF79AFAC0F101008F
:1047F000C4B2224610214E48FEF79FFA4B4800886B
:10480000B0F57D7F57DA10214948FEF792FA474804
:104810000088B0F5767F46DA46480088401C454956
:104820000880084600880A2845DD4FF48071424818
:10483000FEF781FA10213E48FEF77BFA3F480068F8
:1048400003F0DCFC3E48006803F0D8FC0020FCF7D5
:1048500045FF0020FCF76CFFFDF7AAF822E00023DB
:1048600038A203211846FDF75BF900233BA205217E
:104870001846FDF755F94FF400512D48FEF75BFA45
:104880001E2003F04DFA4FF400512948FEF751FA6B
:104890004FF47A7003F044FAFDF78AF84FF47A7017
:1048A00003F03EFADBE700202249088003E01021F4
:1048B0001F48FEF740FA2F48007820B32D480078B3
:1048C00001280FD141031A48FEF735FAC82003F03A
:1048D00027FA4FF400511648FEF72BFA002025491D
:1048E000087010E04FF400511148FEF724FA4FF41D
:1048F0007A7003F015FA4FF400510D48FEF719FADB
:1049000000201C4908704FF480710B48FEF708FA2C
:10491000C0F10100C4B222464FF480710648FEF790
:104920000CFA4FF4FA7003F0FBF952E7560000203E
:104930000010014088000020000801400400002011
:104940000C00002020202020204C6F7720706F77F3
:104950006572202020202020000000002020526FBF
:10496000626F74206861732073746F707065642067
:10497000000000007000002010B540F22551F648FC
:1049800000F0E6FF00287CD0F34801F09DF8C4B2A7
:1049900040F22551F04800F0B3FFF04800780428B9
:1049A0000BDAAA2C05D1ED480078401CEB490870C1
:1049B000CBE00020E9490870C7E0E84800780A2801
:1049C00070DAE648007803286CDDE4480078001FC0
:1049D000062868D2DFE800F003156E80929F54B974
:1049E000DE480078401CDD490870DD48007820442E
:1049F000DB490870A1E00020D8490870D849087048
:104A000000BF022C0DD10220D6490870D34800788F
:104A1000401CD2490870D24800782044D049087020
:104A20008BE00D2C0DD10D20CE490870CB480078BD
:104A3000401CCA490870CA4800782044C849087018
:104A40007BE00F2C0DD10F20C6490870C3480078B9
:104A5000401CC2490870C24800782044C049087010
:104A60006BE0102C0ED11020BE490870BB480078B6
:104A7000401CBA490870BA4800782044B849087008
:104A80005BE0E5E0142C0FD11420B6490870B34860
:104A90000078401CB1490870B14800782044B04902
:104AA00008704AE04AE047E00020AC490870AC4991
:104AB000087000BF54B9A9480078401CA749087085
:104AC000A74800782044A649087036E00020A34992
:104AD0000870A349087000BF54B9A0480078401C72
:104AE0009E4908709E48007820449D49087024E043
:104AF00000209A4908709A49087000BF9A480470CB
:104B000096480078401C95490870954800782044E4
:104B10009349087011E09448007800EB0420924912
:104B200008708E480078401C8C4908708C480078CA
:104B300020448B49087000E000BF06E087480078F9
:104B40000A2802D100208949087086480078022886
:104B50007ED1864800780028FAD18048007809285C
:104B600076DD7E480078BE2873DA7C4800780A3803
:104B70000F2190FBF1F201FB12007D4908700846FD
:104B800000780F2866D2DFE800F0081A36496A7DFF
:104B90009AB7D4FFFDFCFBFAF9007648007800EBE9
:104BA0008000754921F820406D48007820446C4908
:104BB00008706A480078401C6849087085E16D48B3
:104BC000007800EB80006C4931F8200000EB0420F5
:104BD00000B26849097801EB8101674A22F8210097
:104BE0005F48007820445E4908705C480078401CAB
:104BF0005A49087069E15F48007800EB80005E491F
:104C000001EB8000448056480078204454490870E5
:104C100052480078401C5149087056E155480078C8
:104C200000EB8000544901EB8000408800EB042039
:104C30005049097801EB81014F4A02EB810148801C
:104C4000474800782044464908704448007802E00C
:104C5000AAE13BE138E1401C4049087035E1454894
:104C6000007800EB8000444901EB800044603C4840
:104C7000007820443A49087038480078401C374989
:104C8000087022E13B48007800EB80003A4901EBD4
:104C90008000406800EB04203649097801EB81016F
:104CA000354A02EB810148602D48007820442C49A8
:104CB00008702A480078401C2849087005E12D48F2
:104CC000007800EB80002C4901EB8000406800EB8D
:104CD00004402849097801EB8101274A02EB810150
:104CE00048601F48007820441D4908701B48007820
:104CF000401C1A490870E8E01E48007800EB80006C
:104D00001D4901EB8000406800EB046019490978F7
:104D100001EB8101184A02EB8101486010480078DC
:104D200020440F4908700D480078401C0B4908705A
:104D3000CBE01048007800EB80000F4901EB8000C9
:104D40000472074800782044054908700348007839
:104D5000401C02490870B8E0004C0040E800002008
:104D6000E9000020EB000020EC000020F40000200F
:104D7000F5000020EA000020F003002081E06DE053
:104D80004FE031E013E0FFE78848007800EB800057
:104D9000874901EB8000C46086480078204485493B
:104DA000087085480078401C834908708DE07F4872
:104DB000007800EB80007E4901EB8000C06800EBCA
:104DC00004207A49097801EB8101794A02EB8101DB
:104DD000C8607848007820447649087076480078A2
:104DE000401C7549087070E07048007800EB800046
:104DF0006F4901EB8000C06800EB04406B49097803
:104E000001EB81016A4A02EB8101C86069480078C0
:104E100020446849087068480078401C664908705A
:104E200053E06248007800EB8000614901EB8000AC
:104E3000C06800EB04605D49097801EB81015C4AC0
:104E400002EB8101C8605B48007820445949087032
:104E500059480078401C5849087036E0534800789B
:104E600000EB8000524901EB800004825148007839
:104E700020445049087050480078401C4E49087042
:104E800023E04A48007800EB8000494901EB8000AC
:104E9000008A00EB042000B24449097801EB81014B
:104EA000434A02EB8101088242480078204441498C
:104EB000087041480078401C3F4908703B48007822
:104EC000401C3A49087000E000BF00BF3A48007833
:104ED000BE280CD13948046037480078401C364958
:104EE0000870344800782044324908705CE0324849
:104EF0000078BF2810D13148006800EB04202F490A
:104F000008602D480078401C2B490870294800781B
:104F100020442849087047E027480078C02810D16D
:104F20002648006800EB04402449086022480078C5
:104F3000401C214908701F48007820441D49087012
:104F400032E01D480078C12810D11C48006800EBF1
:104F500004601A49086018480078401C1649087017
:104F6000144800782044134908701DE01248007866
:104F7000C22819D10F480078844206D101F006FDFD
:104F80000F480088401C0E490880094800880D49D8
:104F900008800020074908700749087001200A4965
:104FA000087000200149087010BD0000EA000020D0
:104FB000F0030020E9000020E8000020F0000020BD
:104FC0002600002022000020F400002070B540F2EE
:104FD00025511B4800F0BCFC002830D0184800F0D8
:104FE00073FDC5B217490988481CC11700EB516110
:104FF000C911A0EBC1118CB213480088844206D0BD
:1050000012481049098845540E48048016E00023D0
:105010000FA201211846FCF783FD0B490988481CA3
:10502000C11700EB5161C911A0EBC111064A1180F3
:1050300006480449098845540248048000BF70BDF1
:1050400000500040F8000020FA000020F404002086
:1050500020627566665F6F76657277726974652126
:105060002120000010B540F225514C4800F070FCA2
:10507000002874D0494800F027FDC4B248480078A1
:10508000032823DA4648007838B9AA2C7ED145484F
:10509000047001204249087078E0414800780128F6
:1050A0000BD1552C05D13F48447002203C49087073
:1050B0006CE000203A49087068E03A4884700320A8
:1050C00037490870601E384908705FE035488078BD
:1050D000401E3349097888420EDD3248304909784C
:1050E00044542F480078401C2D4908702E48007801
:1050F00020442D49087049E00020294908702A48B9
:105100000078844242D10020284908702548C078A0
:10511000502825D1234840792249097940EA0120C5
:1051200000B22349C8801F48C0791E49897940EAE6
:10513000012000B21E4908811A48407A1949097AAB
:1051400040EA012000B21A4948810A46B2F90A1021
:10515000B2F90600FBF7B8FE1649088016E01BE01E
:105160001048C078602811D10E4840790D4909795E
:1051700040EA012000B2104908800A48C079094974
:10518000897940EA012000B20B494880012240F2AF
:105190002551024800F006FC10BD00000038014017
:1051A000C500002018020020C60000207D0000205D
:1051B000900100207E0000208000002010B540F209
:1051C0002551334800F0C4FB00285FD0304800F080
:1051D0007BFCC4B22F480078032823DA2D480078DE
:1051E00038B9AA2C4CD12C480470012029490870E8
:1051F00046E02848007801280BD1552C05D12648D7
:1052000044700220234908703AE0002021490870C8
:1052100036E02148847003201E490870601E1F4933
:1052200008702DE01C488078401E1A490978884291
:105230000EDD194817490978445416480078401C77
:10524000144908701548007820441449087017E084
:1052500000201049087011480078844210D10120C4
:105260000F4908700C48C078302809D10A480079E5
:10527000552805D102200B49087001200A49087001
:10528000012240F22551024800F08CFB10BD0000C5
:1052900000440040C800002068020020C90000202F
:1052A000C70000207D0000207000002010B540F2F3
:1052B0002551F64800F04CFB00287CD0F34800F064
:1052C00003FCC4B240F22551F04800F019FBF0484D
:1052D000007804280BDAAA2C05D1ED480078401C90
:1052E000EB490870CBE00020E9490870C7E0E848C6
:1052F00000780A2870DAE648007803286CDDE44874
:105300000078001F062868D2DFE800F003156E80E1
:10531000929F54B9DE480078401CDD490870DD4892
:1053200000782044DB490870A1E00020D8490870CB
:10533000D849087000BF022C0DD10220D649087050
:10534000D3480078401CD2490870D24800782044E5
:10535000D04908708BE00D2C0DD10D20CE4908707E
:10536000CB480078401CCA490870CA4800782044DD
:10537000C84908707BE00F2C0DD10F20C64908707A
:10538000C3480078401CC2490870C24800782044D5
:10539000C04908706BE0102C0ED11020BE49087077
:1053A000BB480078401CBA490870BA4800782044CD
:1053B000B84908705BE0E5E0142C0FD11420B64921
:1053C0000870B3480078401CB1490870B1480078B3
:1053D0002044B04908704AE04AE047E00020AC4968
:1053E0000870AC49087000BF54B9A9480078401C47
:1053F000A7490870A74800782044A649087036E0FD
:105400000020A3490870A349087000BF54B9A04800
:105410000078401C9E4908709E48007820449D49B1
:10542000087024E000209A4908709A49087000BF6B
:105430009A48047096480078401C95490870954831
:10544000007820449349087011E09448007800EBFC
:105450000420924908708E480078401C8C490870DE
:105460008C48007820448B49087000E000BF06E0BB
:10547000874800780A2802D10020894908708648A8
:10548000007802287ED1864800780028FAD180482A
:105490000078092876DD7E480078BE2873DA7C48DB
:1054A00000780A380F2190FBF1F201FB12007D49D0
:1054B0000870084600780F2866D2DFE800F0081A66
:1054C00036496A7D9AB7D4FFFDFCFBFAF9007648AD
:1054D000007800EB8000754921F820406D48007885
:1054E00020446C4908706A480078401C684908707C
:1054F00085E16D48007800EB80006C4931F82000B0
:1055000000EB042000B26849097801EB8101674A89
:1055100022F821005F48007820445E4908705C480A
:105520000078401C5A49087069E15F48007800EB38
:1055300080005E4901EB800044805648007820449A
:105540005449087052480078401C5149087056E18F
:105550005548007800EB8000544901EB80004088FA
:1055600000EB04205049097801EB81014F4A02EB1E
:1055700081014880474800782044464908704448E3
:10558000007802E0AAE13BE138E1401C40490870A4
:1055900035E14548007800EB8000444901EB80008C
:1055A00044603C48007820443A4908703848007804
:1055B000401C3749087022E13B48007800EB80002E
:1055C0003A4901EB8000406800EB04203649097835
:1055D00001EB8101354A02EB810148602D480078DA
:1055E00020442C4908702A480078401C284908703B
:1055F00005E12D48007800EB80002C4901EB80008C
:10560000406800EB04402849097801EB8101274AF2
:1056100002EB810148601F48007820441D49087052
:105620001B480078401C1A490870E8E01E480078C2
:1056300000EB80001D4901EB8000406800EB046036
:105640001949097801EB8101184A02EB8101486090
:105650001048007820440F4908700D480078401C1D
:105660000B490870CBE01048007800EB80000F4930
:1056700001EB800004720748007820440549087057
:1056800003480078401C02490870B8E00048004018
:10569000D0000020D1000020D3000020D400002042
:1056A000DC000020DD000020D2000020EC02002001
:1056B00081E06DE04FE031E013E0FFE788480078DB
:1056C00000EB8000874901EB8000C46086480078C9
:1056D00020448549087085480078401C834908703B
:1056E0008DE07F48007800EB80007E4901EB800070
:1056F000C06800EB04207A49097801EB8101794AFE
:1057000002EB8101C860784800782044764908702F
:1057100076480078401C7549087070E07048007841
:1057200000EB80006F4901EB8000C06800EB044093
:105730006B49097801EB81016A4A02EB8101C8607B
:105740006948007820446849087068480078401C1F
:105750006649087053E06248007800EB80006149B8
:1057600001EB8000C06800EB04605D49097801EB43
:1057700081015C4A02EB8101C8605B4800782044EB
:105780005949087059480078401C5849087036E05B
:105790005348007800EB8000524901EB80000482FE
:1057A0005148007820445049087050480078401C07
:1057B0004E49087023E04A48007800EB80004949D0
:1057C00001EB8000008A00EB042000B24449097814
:1057D00001EB8101434A02EB8101088242480078D3
:1057E00020444149087041480078401C3F490870F6
:1057F0003B480078401C3A49087000E000BF00BFF9
:105800003A480078BE280CD13948046037480078FF
:10581000401C3649087034480078204432490870EA
:105820005CE032480078BF2810D13148006800EBB6
:1058300004202F4908602D480078401C2B4908702F
:105840002948007820442849087047E02748007814
:10585000C02810D12648006800EB044024490860A5
:1058600022480078401C214908701F4800782044D5
:105870001D49087032E01D480078C12810D11C482D
:10588000006800EB04601A49086018480078401C62
:1058900016490870144800782044134908701DE028
:1058A00012480078C22819D10F480078844206D1E6
:1058B00000F0FCFF0F480088401C0E490880094892
:1058C00000880D49088000200749087007490870C2
:1058D00001200A49087000200149087010BD00002D
:1058E000D2000020EC020020D1000020D0000020D7
:1058F000D80000202400002020000020DC00002030
:1059000010B50022002340F66A14A14200D100BF66
:105910000A1201249440A3B2DC43048010BD21B1DB
:10592000828942F40052828104E082894DF6FF733D
:105930001A408281704702460020B1F5007F00D1F5
:1059400000BF13880B400BB1012000E0002070471E
:1059500070B50246002400230025002040F66A1698
:10596000B14200D100BFC1F3421501F01F0301266F
:1059700006FA03F3012D02D19689334006E0022D89
:1059800002D1168A334001E0968A33400C12012678
:1059900006FA04F41688344013B10CB1012000E07B
:1059A000002070BDF0B5034600240026002500202D
:1059B00040F66A17B94200D100BF1846C1F342143D
:1059C00001F01F06012707FA06F5012C01D10C3062
:1059D00004E0022C01D1103000E014301AB1076845
:1059E0002F43076002E00768AF430760F0BD000087
:1059F0002DE9F04786B005460E460024A24600BFBA
:105A0000A1460027B08900B100BF2F462C8A4CF672
:105A1000FF700440F08804432C82AC894EF6F310EA
:105A20000440B08831890843718908430443AC813C
:105A3000AC8A4FF6FF400440B0890443AC8201A811
:105A4000FDF79EFC1F48874202D1DDF810A001E05F
:105A5000DDF80CA0A88900F4004040B10AEBCA00B0
:105A600000EB0A1031684900B0FBF1F807E00AEBDF
:105A7000CA0000EB0A1031688900B0FBF1F864201D
:105A8000B8FBF0F004012009642101FB1089A8890A
:105A900000F4004040B1322000EBC900B0FBF1F04F
:105AA00000F00700044308E0322000EB09106421F5
:105AB000B0FBF1F000F00F0004432C8106B0BDE80C
:105AC000F08700000038014001468888C0F30800D4
:105AD0007047C1F308028280704700BFFEE70000F4
:105AE0000FB4054B10B503A9044A029800F09CFBC3
:105AF00010BC5DF814FB00006D6A000884010020F2
:105B0000490050EAC12018BF04204A0D18BF40F0D8
:105B1000010040F2FF72B2EB515F08BF40F002009B
:105B2000012808BF052070472DE9F74F144694B0AF
:105B30000021C4E902111599079121F00045C949D6
:105B40008D4206DC1599C4E9000117B00020BDE8BC
:105B5000F08FC549DFF814A3A9423CDD0799C44E74
:105B60000029C44FC44A1599534619DDFAF7C3FCFE
:105B7000554506D0C14AC24BFAF7BDFCC4E9000145
:105B80000AE04FF0D352BE4BFAF7B5FC32463B4623
:105B9000FAF7B1FCC4E9000117B00120BDE8F08FAD
:105BA000FAF708FC554506D0B44AB54BFAF702FCA3
:105BB000C4E900010AE04FF0D352B14BFAF7FAFB07
:105BC00032463B46FAF7F6FBC4E9000117B04FF046
:105BD000FF30BDE8F08FAB49A942159978DB21F081
:105BE000004183468846A84AA84BFAF78AFC00225F
:105BF000A74BFAF7DFFBFAF7B9FD0990FAF76BFD4F
:105C000006460F469C4A5346FAF77BFC43465A46E3
:105C1000FAF774FC80468A46984A994B30463946D2
:105C2000FAF76FFC2A0D01250B9242465346FAF70C
:105C300065FC032DC4E9000139D00B98C1F30A516A
:105C4000401A05EB45111139814230DA9148C346BB
:105C5000784400EB0510CDF80CA00C90D0E900239F
:105C600030463946FAF74DFC02460B460491069041
:105C700058460399FAF73FFC80468A4602460B468F
:105C800058460399FAF737FC049B069AFAF733FC57
:105C900083460C9803913946D0E902233046FAF73F
:105CA00030FC5A46039BFAF726FC6D1CBDE70798AB
:105CB0000028A2BF099817B0BDE8F08F616881F095
:105CC00000416160099817B04042BDE8F08FFFE7DE
:105CD00084461598C1F31301C0F30A50A0F2F530C1
:105CE0004FEA601800F01F06C6F120001390002054
:105CF0000690079041F4801E05206D4676B1664AF5
:105D000008EB00017A4452F8213002EB8101B340E4
:105D10004A68139922FA01F1194305E05F4908EB3B
:105D20000002794451F82210A1FB0E27A1FB0C13AD
:105D30001A449A4234BF0123002303EB070A05EB00
:105D40008003D3E901B70F448F4234BF0121002102
:105D500093448B4411B1934502D903E0934501D29A
:105D6000012100E00021C3E901B7514445F82010AA
:105D7000011EA0F10100C1DC0298059F00F1005056
:105D8000800F12900298DDE903568000FAF7A3FC19
:105D9000834628460D91FAF7AFFC6FF01D02FAF723
:105DA00057FECDE90E013046FAF7A6FC6FF03D0232
:105DB000FAF74EFE80468A463846FAF79DFC6FF0A9
:105DC0005D02FAF745FE0746424653461191FAF73F
:105DD000F1FADDE90E23FAF7EDFA5A460D9BFAF7D0
:105DE000E9FA00250E465A4628460D9BFAF783FB32
:105DF000DDE90E23FAF77FFB42465346FAF77BFBB9
:105E00003A46119BFAF77AFBDFF898A0244A5346EA
:105E1000FAF777FB07468846234A244B3146284643
:105E2000FAF76FFB3A464346FAF7C4FA0746884644
:105E30004FF0A842534631462846FAF762FB3A46ED
:105E40004346FAF7B7FA159A12F0004F04D0129AA7
:105E500081F0004152421292C4E90001129817B039
:105E6000BDE8F08FFB21E93F7CD90240FB21F93FDF
:105E70007370032E8A19A33B000040543163621AE9
:105E800061B4D03DFB21394183C8C96D305FE43F27
:105E90000000E03F3C410000B84000009A40000094
:105EA000182D4454FB21F93D3326A611460B113C15
:105EB0002DE9F0414F1E00EBC7010446D1E9000176
:105EC00015461E4637F006020DD02A463346FAF72D
:105ED00018FB7F1E04EBC703D3E90023FAF76AFA25
:105EE00037F00602F1D1022F25D0042F13D0062F50
:105EF00018BFBDE8F0812A463346FAF702FBD4E921
:105F00000A23FAF757FA2A463346FAF7FAFAD4E997
:105F10000823FAF74FFA2A463346FAF7F2FAD4E999
:105F20000623FAF747FA2A463346FAF7EAFAD4E99B
:105F30000423FAF73FFA2A463346FAF7E2FAD4E99D
:105F40000223FAF737FA2A463346FAF7DAFAD4E99F
:105F50000023BDE8F041FAF72DBA00002DE9F04D1D
:105F600004468CB0904821F00047164698460D46EE
:105F70000991874206DA20462946FAF7F7FB0028FE
:105F800000F0AE808948B8421CDC09980028BCBFEC
:105F900085F0004588F00048854A864B2046294612
:105FA000FAF7ACFA04460D46324643468248834926
:105FB000FAF7A1FA22462B46FAF7FCF90026044626
:105FC0000D46B04622462B4610461946FAF799FA76
:105FD0008B46824602460B46FAF793FA0246089031
:105FE00077480B46009106217844FFF761FFCDE921
:105FF0000310744806217844009B089AFFF758FF65
:1060000052465B46FAF77DFACDE9051052465B46EB
:1060100020462946FAF775FA07910090DDE903104A
:10602000DDE90532FAF7C6F9079B009AFAF769FA33
:1060300032464346FAF7BEF952465B46FAF761FA32
:1060400032464346FAF7B6F980460E465E4A5F4B43
:1060500007990098FAF755FA42463346FAF7AAF933
:1060600082468B4622462B46FAF7A4F980464F48D3
:106070000E46B84214985BDCFAF72DFB0746424601
:1060800033460591FAF796F9CDE9011042463346B9
:1060900010461946FAF735FADDE90132FAF7A3FAA4
:1060A00052465B46FAF727FA22462B46FAF726FABB
:1060B0000122FAF7CDFC3A46059BFAF71FFA04468F
:1060C0000D460998022101EAA070C0F10100FAF71B
:1060D00002FB0CB022462B46BDE8F04DFAF711BA90
:1060E0001498401C384320430BD01498012812D038
:1060F0000CB022462B46BDE8F04D00203449FAF79B
:1061000072BA0CB025F000432246BDE8F04D0020E5
:106110003049FAF768BA20462946FFF7F1FC04280F
:1061200008BF00F063F820460CB02946BDE8F08DAA
:10613000012802BF40460CB0BDE8F08D00270B4699
:106140003A4620462946FAF7D9F952465B46FAF70D
:10615000D5F904460D464246334600201C49FAF75D
:1061600042FA83463A46884633461046FAF7C9F95A
:106170000022184BFAF71EF906468A4622462B469D
:1061800038464146FAF7BDF932465346FAF712F956
:106190005A464346FAF7B5F90CB03A464346BDE8CD
:1061A000F04DFAF707B900000000303E2894E53FB3
:1061B000182D4454FB21E93F075C143326A6813C8B
:1061C0006C3E00008E3E0000635555555555D53F39
:1061D0000000F0BF0000F03F0122FAF739BC0022B6
:1061E000134610461146FAF7FEB90000024A002095
:1061F0001107FAF72DBC000001FDFFFF02E008C8FF
:10620000121F08C1002AFAD170477047002001E030
:1062100001C1121F002AFBD170470000014908602C
:1062200070470000880100202DE9FF4F8DB00F4618
:106230000546002606E025280BD0DDE90F12904721
:106240006D1C761C28780028F5D111B03046BDE8C9
:10625000F08F0024A246A1460122EC4900E004434D
:1062600015F8013F203B02FA03F00842F7D12878E5
:106270002A2810D06FF02F022878A0F130010929C8
:1062800014D80AEB8A0102EB410144F0020400EB4E
:10629000010A6D1CF0E701CF5FEA000A03D544F460
:1062A0000054CAF1000A44F002046D1C28782E281C
:1062B00017D115F8010F44F004042A280ED06FF00E
:1062C0002F022878A0F1300109290AD809EB8901A9
:1062D00002EB410100EB01096D1CF2E757F8049B4A
:1062E0006D1C28786C280FD006DC4C2817D0682845
:1062F0000DD06A2814D104E0742810D07A280FD168
:106300000DE044F400140AE044F4801401E044F485
:1063100040146978814202D104F580146D1C6D1C13
:106320002A786E2A1FD00CDC632A31D004DC002AC4
:106330008BD0582A11D1A3E0642A68D0692A0CD1E5
:1063400065E0732A2ED004DC6F2A73D0702A04D142
:106350009BE0752A6FD0782A6ED01046DDE90F12C7
:106360009047761C50E1C4F30250022806D003285F
:1063700009D0042801CF09D0066045E101CFF1170B
:10638000C0E9006140E101CF06803DE106703BE1DC
:1063900017F8040B8DF8000000208DF80100EB4683
:1063A000012003E057F804BB4FF0FF3061074FF0C6
:1063B000000102D40DE008F10101884649450FDAD9
:1063C0008045F8DB1BF808100029F4D108E008F13B
:1063D000010188468142FADB1BF808100029F6D13A
:1063E000DDE90F23AAEB08008146214600F036F9CB
:1063F000304400EB080604E0DDE90F121BF8010B46
:106400009047B8F10108F7D221464846F7E00A2143
:10641000C4F302534FF0000B0891022B04D001CFBC
:10642000C117032B09D00AE0FF1D27F00707F7E883
:10643000020108E032E01FE020E000B2C117042BA7
:1064400001D140B2C117031E71F1000307DA4FF00A
:10645000000CD0EB0C006CEB01012D2302E02305B6
:1064600004D52B238DF82430012303E0E30701D06A
:106470002023F7E7984658E00A2110E010210EE0AB
:1064800010204FF0000B08900CE010214FF0000B93
:1064900044F004044FF00809089103E008214FF08C
:1064A000000B0891C4F30253022B04D001CF00214A
:1064B000032B06D006E0FF1D27F00707F7E80201CF
:1064C00003E080B2042B00D1C0B24FF000082307D4
:1064D0002BD5702A07D0DDF820C08CF0100C5CEAB8
:1064E0000B0C05D00EE040238DF82430012308E08A
:1064F00050EA010306D030238DF824308DF8252092
:1065000002239846DDF820C08CF0080C5CEA0B0CE6
:106510000BD150EA010301D1630706D530238DF872
:1065200024304FF00108A9F10109582A04D038A2FB
:106530000B9208AA0A920BE03AA2F9E75B46089A86
:10654000FAF790F90B9B9B5C0A9A521E0A92137001
:1065500050EA0102F2D10A98ADEB000000F1200BE5
:10656000600702D524F4803401E04FF00109D945D9
:1065700002DDA9EB0B0000E0002000EB0B01414421
:106580000890AAEB010AE00306D4DDE90F232146B7
:10659000504600F063F806444FF0000908E009A9EE
:1065A00011F80900DDE90F12904709F10109761C85
:1065B000C145F4DBE0030CD5DDE90F23214650464D
:1065C00000F04CF8064404E0DDE90F12302090475B
:1065D000761C0899481E08900029F5DC08E00A9806
:1065E0000A990078491C0A91DDE90F129047761C40
:1065F000BBF10001ABF1010BF1DC21465046DDE9B6
:106600000F2300F019F806446D1C1BE60928010051
:106610003031323334353637383961626364656618
:1066200000000000303132333435363738394142DA
:1066300043444546000000002DE9F0410446002592
:106640001E461746880404D405E039462020B0478A
:106650006D1C641EF9D52846BDE8F0812DE9F04196
:10666000044600251E469046C80301D5302700E0A9
:106670002027880404D505E041463846B0476D1C04
:10668000641EF9D52846BDE8F08100002DE9F84FD9
:1066900004460D4621F0004000917349814211DC0F
:1066A0007249884201DC06D12CB120462946BDE85A
:1066B000F84FFFF791BD6E48002DCCBF6D496E4974
:1066C000BDE8F88F6D49814211DD6D498142D8BF27
:1066D0004FF0FF366DDD20462946FFF711FA0428FA
:1066E00008BFFFF783FD20462946BDE8F88F6549BE
:1066F000654F25F00045814233DD6449814219DD53
:10670000002632464FF0804320462946F9F752FED4
:1067100080468A46012220462946FAF799F9002246
:106720003B46F9F7E8FE42465346F9F75CFF04465C
:106730000D463EE001260022BA463B462046294649
:10674000F9F738FE80460F46002253462046294678
:10675000F9F7D1FE42463B46F9F745FF04460D46A0
:1067600027E04B4981421BDDDFF828A102260022E9
:10677000534620462946F9F7C4FE00223B46F9F766
:1067800019FE80460F460022534620462946F9F757
:10679000B2FE42463B46F9F726FF04460D4608E0A6
:1067A000032622462B4600203B49F9F71CFF0446EE
:1067B0000D4622462B4610461946F9F7A2FE8B4697
:1067C000824602460B46F9F79CFE074602463348CE
:1067D00088460B4606217844FFF76AFB52465B4623
:1067E000F9F78FFE82462E488B463A4643460521EE
:1067F0007844FFF75DFB3A464346F9F782FE0246CE
:106800000B46002E504659460CDAF9F7D3FD2246C6
:106810002B46F9F776FE01B022462B46BDE8F04F35
:10682000F9F76CBEF9F7C6FD22462B46F9F769FE6B
:106830001C4A7A4402EBC603D3E90023F9F75BFE56
:1068400022462B46F9F757FE174A7A4402EBC60355
:10685000D3E90023F9F752FE009A002AB8BF81F06D
:106860000041BDE8F88F0000000010440000F07FF8
:10687000182D4454FB21F93FFB21F9BF0000DC3FF8
:106880000000203E0000F33F0000F03F0000E63F24
:10689000008003400000F83F0000F0BF8635000094
:1068A00044350000E2340000AA34000085B0002026
:1068B0004AE000EB8001324A32F82110F1B331494D
:1068C0000988491C2F4A1180BDF8001000EB800296
:1068D0002B4B33F82220114409B2ADF80010BDF85B
:1068E000021000EB800203EB82025288114489B24D
:1068F000ADF8021000EB800203EB820201995268AE
:10690000114401919DF8081000EB800203EB820214
:10691000127A1144C9B28DF8081000EB800203EB23
:1069200082020399D26811440391BDF8101000EB64
:10693000800203EB8202128A114400E002E009B2F5
:10694000ADF81010411CC8B20C28B2DB0D49098803
:10695000A1B1BDF900100B4A128891FBF2F10A4A6D
:1069600011800021ADF80010ADF8021001918DF8F2
:1069700008100391ADF81010024A118005B070475D
:10698000EC020020E00000202000002000204BE06E
:1069900000EB8001314A32F82110002942D0304901
:1069A0000988491C2E4A11802E49098800EB800273
:1069B0002A4B33F82220114409B22A4A1180114689
:1069C000498800EB800203EB820252881144254A79
:1069D00051801146496800EB800203EB8202526845
:1069E0001144204A51601146097A00EB800203EB02
:1069F0008202127A11441B4A11721146C96800EBD7
:106A0000800203EB8202D2681144164AD16011461B
:106A1000098A00EB800203EB8202128A114409B258
:106A2000104A1182411CC8B20C28B1DB0C490988FC
:106A300091B10C49B1F90010094A128891FBF2F1A9
:106A4000094A11800021074A11805180516011725A
:106A5000D1601182024A118070470000F0030020CB
:106A6000F6000020E00400202200002070B504465B
:106A70000D46E1B20548FFF72CF800BF402103485E
:106A8000FEF759FF0028F9D0204670BD00380140BC
:106A90001CB54FF4A060FCF793FBFBF705FBFAF77E
:106AA00071FEFAF7A5FC0220FAF7BCFD0120FAF707
:106AB000B9FDFAF7EBFDFAF7CDFDFBF795FDFAF717
:106AC00053FA4FF4E130FBF79DFC4FF4E130FBF754
:106AD0000BFDFBF7FFF9FAF7E5FCFAF74BFD4FF476
:106AE000613000F0BFFE4FF4613000F00FFFFAF7A5
:106AF00041F8FBF731F90020194908238022CDE93C
:106B000000100146FAF7C2FFFAF7E0FE0020FAF79C
:106B100023FF0120FAF72FFFC820FAF734FF0220E5
:106B2000FAF722FF4FF400510E48FCF704F96420F5
:106B3000FAF786FC4FF400510A48FCF7FAF8642093
:106B4000FAF77EFC0848012100238022CDE90010DD
:106B500006A1094801F0D8FF01F0F8FA00BFFEE7EE
:106B6000D0900008001001400000002053746172B2
:106B7000745F5461736B0000953A00082DE9F04191
:106B800005460E461C4807681C480068001D00F0BA
:106B900011FF50B91948006890F82C100120884066
:106BA00017490968814316480160681C38B936B135
:106BB00012480168091D134800F03AFF1AE07C19D9
:106BC0000E4800684460BC4207D20C480168091DA9
:106BD0000D48006800F012FF0CE008480168091D2C
:106BE0000A48006800F00AFF09480068844201D2A0
:106BF00007480460BDE8F08110010020FC0000207F
:106C0000140100208408002004010020000100205D
:106C10002C01002010B5044600F016FF2348006840
:106C2000401C224908602248006840B9204804609E
:106C30000846006801280DD100F0E6F90AE01D4879
:106C4000006838B91A480068C06AE16A884201D809
:106C50001748046018480068401C1749086094F8F9
:106C60002C10012088401549096808431349086021
:106C7000E16A01EB8101124A02EB8100211D00F063
:106C8000D7FE00F023FF0B48006868B10848006891
:106C9000C06AE16A884207D24FF080500949086013
:106CA000BFF34F8FBFF36F8F10BD00000C010020AA
:106CB000FC00002018010020280100201401002001
:106CC000B405002004ED00E010B500F0BDFE104852
:106CD0000068D0B90F4800F081FE0F4800F07EFE3A
:106CE0000C480E4908600C480D490860002210212C
:106CF000052001F0CDFB064908600846006820B178
:106D000008A10348006800F0CFFF00F0DFFE10BDCF
:106D10004001002098080020AC0800203801002025
:106D20003C010020546D72510000000070B523E05A
:106D300001F0E6FA1348006808B9012000E00020DD
:106D4000054602F0A3F8BDB900F07EFE0D48C0680C
:106D5000C468201D00F02EFE0B480068401E0A4942
:106D600008600A480068401E0849086000F0AEFE4E
:106D7000204600F060F800BF044800680028D7D122
:106D800070BD0000700800200C01002008010020E8
:106D900070B504460D46206C70B1216CE068084463
:106DA000E0606168E068884201D32068E0602846BE
:106DB000226CE168F9F724FA70BD2DE9F041044630
:106DC0000F4615464FF00008A66B206C40B92068AE
:106DD00060BB606801F090FF80460020606025E0A5
:106DE0007DB93946226CA068F9F70AFA216CA068CF
:106DF0000844A060D4E90110884217D32068A0603D
:106E000014E03946226CE068F9F7FAF9216CE06881
:106E1000401AE0602168E068884203D2216C606813
:106E2000401AE060022D01D106B1761E701CA063ED
:106E30004046BDE8F08110B50446206B00F07CFEB2
:106E4000204600F079FE10BD0146084A126812681B
:106E50000AB9012200E000220A600A6822B9034A46
:106E60001268D268106800E00020704738010020E6
:106E700030B54FF4A043174800F007042CB1C01DF3
:106E800020F00700134C041B1B1B0246124C22600F
:106E90000024114D6C60D018083820F007000F4C0A
:106EA000206000240D4D2D686C600C4D2D682C6009
:106EB0001146441A4C60094C24680C60084D4C681B
:106EC0002C60084D4C682C604FF00044064D2C603F
:106ED00030BD0000C00800204C01002054010020FB
:106EE0005C010020580100206001002000BFFFF776
:106EF0001DFF064800680128F9D94FF08050044969
:106F00000860BFF34F8FBFF36F8FF0E7B405002029
:106F100004ED00E02DE9F04106460D46174698467F
:106F2000069C0DB9246000E02760E663256401211A
:106F3000204601F0CFFB0020A064BDE8F0810000F6
:106F40002DE9FF5F81460F469246DDE90E6B109CEE
:106F5000AAF10100216B01EB800828F0070808F076
:106F6000070008B9012000E0002028B940F22B32C8
:106F70001BA121A0FEF7B4FD002507E0795D04F117
:106F800034004155785D00B902E06D1C102DF5D339
:106F900000BF002143200155202E00D31F26E662AA
:106FA00066640020A064201D00F025FD04F1180097
:106FB00000F021FD2461C6F12000A0616462002080
:106FC000E06484F8500049464046039A00F006FC0D
:106FD0002060BBF1000F01D0CBF80040BDE8FF9F5F
:106FE0002E2E5C4672656552544F535C7372635C1F
:106FF0007461736B732E63004572726F723A2573FE
:107000002C25640D0A00000010B5002407E004EBF5
:1070100084010F4A02EB810000F0E0FC641C202C8C
:10702000F5D30C4800F0DAFC0B4800F0D7FC0B4815
:1070300000F0D4FC0A4800F0D1FC0A4800F0CEFC75
:1070400004480949086004480849086010BD000068
:10705000B405002034080020480800205C08002007
:107060007008002084080020000100200401002096
:1070700010B50146164800E0006803688B42FBD358
:107080000246436813448B4204D143684C6823444E
:10709000436001460A464B6813440468A34211D179
:1070A0000C4C03682468A34208D04B6804686468E9
:1070B00023444B6003681B680B6005E0054B1B68AD
:1070C0000B6001E003680B60884200D0016010BDD6
:1070D0004C010020540100202DE9F04104460D46EA
:1070E00016461F464FF0000865602461B5420CD873
:1070F000F01BA169884202D34FF0010811E0211D65
:107100000948006800F07AFC0BE0BE4204D2BD42A0
:1071100002D34FF0010804E0211D0448006800F08C
:107120006DFC4046BDE8F0813C01002038010020A4
:1071300070B5054600F088FCA86B08B9012400E092
:10714000002400F0C3FC204670BD70B5054600F079
:107150007BFCA86BE96B884201D1012400E000248C
:1071600000F0B4FC204670BD2DE9F3410D460098B7
:10717000846C00272CB940F6CE121AA11FA0FEF78E
:10718000AFFCA06BE16B884201D2012000E000203F
:1071900028B940F6CF1213A118A0FEF7A1FCA06BEE
:1071A000E16B88421BD294F945602A466946204625
:1071B000FFF703FE0746701C60B9606A08B901203A
:1071C00000E0002050B904F1240001F003FE28B1D2
:1071D000012703E0701C40B284F8450000BF384628
:1071E000BDE8FC812E2E5C4672656552544F535C9F
:1071F0007372635C71756575652E63004572726F9D
:10720000723A25732C25640D0A000000F8B5054676
:107210000F4613480068C068C468201D00F0CAFB10
:10722000E069012818D1A06941192B463A46204649
:10723000FFF752FF80B1002003462A460146009026
:10724000204601F0F1FE06462EB94FF4027205A168
:107250000BA0FEF745FC00BF2046616A8847F8BDD9
:10726000380100202E2E5C4672656552544F535CE7
:107270007372635C74696D6572732E630000000045
:107280004572726F723A25732C25640D0A00000056
:10729000F0B587B070E0039800280CDA04AE2EB980
:1072A00040F2E7223AA141A0FEF71AFCD6E90020FD
:1072B000B168904700BF039800285DDB059C6069BA
:1072C00008B9012000E0002010B9201D00F072FB79
:1072D00002A800F0C9F8054603980A284AD2DFE858
:1072E00000F00905072C2E4506082D2F00BF00BF12
:1072F00000BF00BF0498A269811803462A462046B1
:10730000FFF7EAFEC0B12046616A8847E0690128BC
:1073100012D1002000900498A16942180023194658
:10732000204601F081FE07462FB940F2213218A114
:107330001EA0FEF7D5FB00BF1DE000BF1BE000BF95
:107340000498A061A06908B1012000E0002028B9DC
:107350004FF44E720EA115A0FEF7C2FBA0694119B1
:107360002B462A462046FFF7B7FE04E0204600F0F1
:10737000E3FB00E000BF00BF00231A4603A90F484B
:10738000006801F0C1F8002885D107B0F0BD000009
:107390002E2E5C4672656552544F535C7372635C6B
:1073A00074696D6572732E63000000004572726F20
:1073B000723A25732C25640D0A000000400100205C
:1073C000F8B505460C4600F09BFF684600F04CF807
:1073D0000646009820BB44B9B54206D801F056FDD8
:1073E00031462846FFF712FF1CE03CB10E4800680A
:1073F000006808B9012000E000200446A91B2246CD
:107400000A48006800F066FC01F040FD50B94FF0FA
:10741000805007490860BFF34F8FBFF36F8F01E0C3
:1074200001F034FDF8BD00003C01002040010020C7
:1074300004ED00E00A490968096809B9012100E082
:10744000002121B14FF0FF31064A116006E00449E6
:107450000968C968C868034A41681160704700003C
:10746000000100202C01002070B5044601F08CFBC7
:10747000054607480068854204D200F00BF8012059
:10748000206001E00020206001480560284670BDB2
:10749000480100202DE9F8432DE021480068C0682C
:1074A00005681F480068C068C468201D00F082FAA3
:1074B0002046616A8847E06901281CD1A069461905
:1074C000AE4207D966602461211D1548006800F0AE
:1074D00095FA10E0002003462A4601460090204617
:1074E00001F0A2FD07462FB940F292320DA114A07F
:1074F000FEF7F6FA00BF0A480068006808B90120E4
:1075000000E000200028C8D00548D0F800801048CE
:107510000068034908600E48C0F80080BDE8F883A1
:10752000380100202E2E5C4672656552544F535C24
:107530007372635C74696D6572732E630000000082
:107540004572726F723A25732C25640D0A00000093
:107550003C0100200B480068401C08B9012000E0F5
:10756000002020B9F42208A111A0FEF7B9FA00BF4B
:10757000502080F31188BFF34F8FBFF36F8F00BF90
:1075800000BFFEE7640100202E2E5C467265655246
:10759000544F535C706F72745C525644535C41524A
:1075A0004D5F434D335C706F72742E6300000000BA
:1075B0004572726F723A25732C25640D0A00000023
:1075C00008B500BF6846FFF73FFC04462046009917
:1075D000FFF7F6FEFFF75CFEF4E770B5044600F037
:1075E00033FA94F945501AE0A06C38B100212046D6
:1075F000FFF7BAFD88B100F0C7FC0EE0606A08B979
:10760000012000E0002038B904F1240001F0E2FB81
:1076100018B100F0B9FC00E003E0681E45B2002D8F
:10762000E2DC00BFFF2084F8450000F04FFA00F0D4
:107630000BFA94F9445010E0206908B9012000E0E9
:10764000002048B904F1100001F0C4FB08B100F0BB
:107650009BFC681E45B200E001E0002DECDC00BFA1
:10766000FF2084F8440000F031FA70BD2DE9F041AC
:1076700004464FF0000800F043FE3E48006808B999
:10768000FFF7F6FB3C480068204000285FD1A4B11A
:10769000083404F0070080B104F00700C0F10800CE
:1076A000044404F0070008B9012000E0002020B9DC
:1076B000BF2232A13AA0FEF713FA002C47D03C4873
:1076C0000068844243D83B4E3046056801E02E46B0
:1076D0002D686868A04202D228680028F7D12548A2
:1076E0000068854233D0306800F1080828683060AF
:1076F0006868001B102813D92F1907F0070008B974
:10770000012000E0002020B9EC221CA124A0FEF7FB
:10771000E7F96868001B78606C603846FFF7A8FCE2
:10772000234968680968081A214908600846006802
:1077300021490968884203D21D4800681E49086033
:107740000D4968680968084368600020286001F0F6
:107750009DFB08F0070008B9012000E0002028B9CF
:107760004FF4967205A10EA0FEF7BAF94046BDE8A7
:10777000F081000054010020600100202E2E5C46A4
:1077800072656552544F535C706F72745C4D656DD9
:107790004D616E675C686561705F342E6300000048
:1077A0004572726F723A25732C25640D0A00000031
:1077B000580100204C0100205C01002006480068B0
:1077C00030B10549096801F14800896C491C016024
:1077D0000148006870470000FC000020001F4FF0C7
:1077E00080730360001F21F001030360001F034B3F
:1077F0000360143802602038704700005575000897
:1078000010B5164B21F00042012486B09A4203DCE9
:107810000022134600941CE0114B9A4208D140B953
:107820004FF00100FEF7FAFCFEF7D9FC06B010BDE0
:1078300003DBFEF7D1FC06B010BD02AAFEF774F917
:1078400000F00100A4EB40000DF1080C00909CE852
:107850000F00FEF783FB06B010BD0000FB21E93FDF
:107860000000F07F10B586B0044601210820FBF728
:1078700067FD01218804FBF743FD4FF48060ADF8FC
:10788000140003208DF8160018208DF8170005A9A4
:107890001C48FBF771F94FF40060ADF814000420A8
:1078A0008DF8170005A91748FBF766F927208DF812
:1078B000000000208DF8010001208DF802008DF8F5
:1078C00003006846FBF744FC01940020ADF8080073
:1078D000ADF80A00ADF80C00ADF810000C20ADF8C2
:1078E0000E0001A90848FEF783F8012240F2255155
:1078F0000548FEF757F801210348FEF710F806B0D7
:1079000010BD0000000C01400048004010B586B0DA
:10791000044601211020FBF713FD0121C804FBF7E9
:10792000EFFC4FF48060ADF8140018208DF81700BC
:1079300003208DF8160005A91C48FBF71DF94FF42C
:107940000060ADF8140004208DF8170005A9174851
:10795000FBF712F934208DF8000000208DF80100AB
:1079600001208DF802008DF803006846FBF7F0FB5C
:1079700001940020ADF80800ADF80A00ADF80C0045
:10798000ADF810000C20ADF80E0001A90848FEF774
:107990002FF8012240F225510548FEF703F8012196
:1079A0000348FDF7BCFF06B010BD00000010014009
:1079B000004C004001460A69D1E901309860D1E9E4
:1079C000010358605068884201D1886850600020E7
:1079D00008611068401E10601068704700F10801CF
:1079E00041604FF0FF31816000F10801C160016129
:1079F00000210160704700210161704710B5024607
:107A00000B685C1C0CB9106907E002F1080000E08B
:107A10004068446824689C42FAD944684C604C68C9
:107A2000A160886041600A611468641C146010BD24
:107A300042684A6093688B609368596091600861FE
:107A400003685B1C0360704710B500BF502080F3D3
:107A50001188BFF34F8FBFF36F8F00BF0B480068D3
:107A6000401C0A4908600846006801280DD10848F2
:107A70000068C0B208B9012000E0002028B94FF426
:107A8000BD7204A10DA0FEF72BF810BD640100200B
:107A900004ED00E02E2E5C4672656552544F535C37
:107AA000706F72745C525644535C41524D5F434D4B
:107AB000335C706F72742E63000000004572726F49
:107AC000723A25732C25640D0A00000010B50B488E
:107AD000006828B940F2811209A113A0FEF700F84E
:107AE00006480068401E054908600846006820B93D
:107AF000002080F3118800BF00BF10BD640100208A
:107B00002E2E5C4672656552544F535C706F7274D2
:107B10005C525644535C41524D5F434D335C706F31
:107B200072742E63000000004572726F723A257302
:107B30002C25640D0A00000070B506463546002E5F
:107B400035D0083D2C461A4960680968084008B1DC
:107B5000012000E0002028B94FF4A07215A11EA05A
:107B6000FDF7BEFF206808B9012000E0002028B919
:107B700040F241120FA118A0FDF7B2FF0C49606856
:107B80000968084098B1206888B90949606809689F
:107B90008843606000F0B4FB1349606809680844DA
:107BA000114908602046FFF763FA01F06FF970BDD4
:107BB000600100202E2E5C4672656552544F535C66
:107BC000706F72745C4D656D4D616E675C68656168
:107BD000705F342E630000004572726F723A257335
:107BE0002C25640D0A00000058010020064800689A
:107BF0004FF47A71B0FBF1F0401E4FF0E021486184
:107C000007200861704700003C00002070B5F8F7BD
:107C1000E1FA0546102D11D305F1E02090F8F0436C
:107C200010480078844201DB012000E0002028B9E0
:107C30004FF42A720CA116A0FDF752FF18480068F5
:107C400000F4E06017490968884201D8012000E08B
:107C5000002028B94FF42E7203A10DA0FDF740FFBC
:107C600070BD0000680100202E2E5C4672656552D2
:107C7000544F535C706F72745C525644535C415263
:107C80004D5F434D335C706F72742E6300000000D3
:107C90004572726F723A25732C25640D0A0000003C
:107CA0000CED00E06C010020024600200BE0084BC8
:107CB00053F8303033B9064B43F8301003EBC003B0
:107CC0005A6002E0401C0828F1D300BF7047000052
:107CD000740500202DE9F04105460E4617462C4656
:107CE000FFF7B2FE94F94400401C10B9002084F85C
:107CF000440094F94500401C10B9002084F8450068
:107D0000FFF7E4FEA06B28B93A46314604F124009F
:107D100000F06CF92046FFF760FCBDE8F081000040
:107D200070B504460025ACB10F48006808B90120C1
:107D300000E0002028B940F2CF420CA111A0FDF7CD
:107D4000CFFE00F0DDFA00212046FEF717FF01F01C
:107D50009DF805463DB94FF080500E490860BFF3CD
:107D60004F8FBFF36F8F70BD340100202E2E5C4605
:107D700072656552544F535C7372635C7461736BCC
:107D8000732E63004572726F723A25732C25640D51
:107D90000A00000004ED00E02DE9F04704460F461C
:107DA0004FF000092CB940F2794226A12BA0FDF733
:107DB00097FE0FB1012000E0002028B940F27A427E
:107DC00020A126A0FDF78CFE2848006808B90120F4
:107DD00000E0002028B940F27B421AA11FA0FDF765
:107DE0007FFE00F08DFA224806682068C5192068D9
:107DF000B04207D92068A8420BD9B54209D94FF043
:107E0000010906E02068A84201D8B54201D94FF027
:107E100001092560B9F1000F03D0A81B0021FEF76E
:107E2000ADFE01F033F88046B8F1000F07D14FF0F6
:107E3000805010490860BFF34F8FBFF36F8FBDE8CC
:107E4000F08700002E2E5C4672656552544F535CDD
:107E50007372635C7461736B732E63004572726F2F
:107E6000723A25732C25640D0A00000034010020AD
:107E70001001002004ED00E070B50546FFF7E4FDB9
:107E800015B92D48006800E028460446201DFFF77C
:107E900091FD78B9E06A00EB8000284951F8200094
:107EA00040B994F82C100120884025490968814385
:107EB00023480160A06A18B104F11800FFF77AFDA9
:107EC00020480068401C1F4908601B480068844225
:107ED00009D1211D1C48FFF7ABFD1C480068401C60
:107EE0001A49086009E01A480068401E18490860ED
:107EF0002046FEF7A0FFFFF79DFAFFF7E7FD1548C4
:107F00000068C0B10C480068844214D1124800686F
:107F100008B9012000E0002028B940F265420FA115
:107F200014A0FDF7DDFD4FF0805016490860BFF347
:107F30004F8FBFF36F8F70BDFC000020B405002091
:107F400014010020280100207008002008010020F2
:107F50000C01002018010020340100202E2E5C4668
:107F600072656552544F535C7372635C7461736BDA
:107F7000732E63004572726F723A25732C25640D5F
:107F80000A00000004ED00E001200149086070478C
:107F90002001002070B504460D462CB940F606328B
:107FA00007A10DA0FDF79CFD0F4801681831204680
:107FB000FFF724FD01212846FEF7E0FD70BD00001B
:107FC0002E2E5C4672656552544F535C7372635C2F
:107FD0007461736B732E63004572726F723A25730E
:107FE0002C25640D0A000000FC00002070B5054639
:107FF0000E4614462DB940F6313209A10EA0FDF708
:108000006FFD1148016818312846FFF711FD0CB1CA
:108010004FF0FF3621463046FEF7B0FD70BD000040
:108020002E2E5C4672656552544F535C7372635CCE
:108030007461736B732E63004572726F723A2573AD
:108040002C25640D0A000000FC00002070B50546D8
:108050002C46002D4BD02649E06A0968C96A88423F
:1080600045D2A06900F0004028B921480068C06AE4
:10807000C0F12000A061E16A01EB81011D4A02EB21
:1080800081016069884201D1012000E0002050B3E5
:10809000201DFFF78FFC78B9E06A00EB80001549DE
:1080A00051F8200040B994F82C1001208840124962
:1080B00009688143104801600D480068C06AE062A9
:1080C00094F82C10012088400B49096808430A499C
:1080D0000860E16A01EB8101064A02EB8100211D83
:1080E000FFF7A6FC03E002480068C06AE06270BDCA
:1080F000FC000020B40500201401002010B5044647
:108100002CB940F6C13205A10AA0FDF7E9FC0D48E3
:10811000006820600C480068606010BD2E2E5C4630
:1081200072656552544F535C7372635C7461736B18
:10813000732E63004572726F723A25732C25640D9D
:108140000A00000024010020100100201CB51A487C
:1081500000210B468022CDE9001018A1194800F03B
:10816000D3FC0446012C02D100F022FF0446012C6E
:1081700015D100BF502080F31188BFF34F8FBFF39C
:108180006F8F00BF4FF0FF300F49086001200F498B
:10819000086000200E49086000F010F90BE0601C38
:1081A00008B1012000E0002028B940F2847209A142
:1081B0000EA0FDF795FC1CBD3001002049444C4544
:1081C00000000000ED6E00082C01002018010020C6
:1081D000100100202E2E5C4672656552544F535C90
:1081E0007372635C7461736B732E63004572726F9C
:1081F000723A25732C25640D0A00000070B50546FF
:10820000FFF722FC15B92C48006800E02846044618
:10821000201DFFF7CFFB78B9E06A00EB800027490B
:1082200051F8200040B994F82C10012088402449CE
:108230000968814322480160A06A18B104F118005E
:10824000FFF7B8FB211D1F48FFF7F2FBFFF73EFCCD
:108250001D48006828B1FFF7F7FBFFF7EBF8FFF7C1
:1082600035FC15480068844224D117480068A8B13D
:108270001648006808B9012000E0002028B940F243
:10828000576213A118A0FDF72BFC4FF080501A493C
:108290000860BFF34F8FBFF36F8F0BE00948006892
:1082A00016490968884203D100200349086001E0AB
:1082B00000F02EF870BD0000FC000020B405002086
:1082C000140100208408002018010020340100203F
:1082D0002E2E5C4672656552544F535C7372635C1C
:1082E0007461736B732E63004572726F723A2573FB
:1082F0002C25640D0A00000004ED00E00C010020B4
:1083000002480068401C01490860704734010020A1
:1083100010B51B48006818B101201A4908602DE00B
:1083200000201849086018480068B0FA80F0C0F1D1
:108330001F0404EB8400154951F8200008B1012006
:1083400000E0002028B940F6F62211A116A0FDF7A2
:10835000C7FB04EB84010D4A02EB810041684968C8
:10836000416000F1080142688A4202D141684968CF
:1083700041604168C968104A116000BF10BD00002B
:10838000340100202001002014010020B405002049
:108390002E2E5C4672656552544F535C7372635C5B
:1083A0007461736B732E63004572726F723A25733A
:1083B0002C25640D0A000000FC0000201CB522489A
:1083C000014609780191FF210246117001460978A2
:1083D00000919DF8001001F050011C4A1170072116
:1083E0001B4A116009E01A490968491E184A1160C0
:1083F0009DF800104906090E00919DF8001001F04B
:1084000080018029EFD0124909680902104A1160E1
:108410001146098801F4E06111600B4A019911705D
:108420000C48006840F470000A490860084600687B
:1084300040F070400860FFF7D9FB00200649086053
:10844000F7F792FE00201CBD00E400E06801002068
:108450006C01002020ED00E06401002010B500BF99
:10846000502080F31188BFF34F8FBFF36F8F00BF91
:1084700000F090FB18B14FF080500449086000BF35
:10848000002080F3118800BF10BD000004ED00E063
:108490002DE9F84305460E4690460DB1012000E057
:1084A000002028B94FF4C4720DA113A0FDF718FBEA
:1084B0000EB9002701E005FB06F707F14C00FFF7B6
:1084C000D5F8044644B104F14C0943464A463146C6
:1084D00028460094FEF71EFD2046BDE8F883000004
:1084E0002E2E5C4672656552544F535C7372635C0A
:1084F00071756575652E63004572726F723A2573EA
:108500002C25640D0A0000002DE9FF4782B00546C6
:108510000E461F464FF0000A2C462CB940F2DC42B2
:1085200061A167A0FDF7DCFA0EB9206C08B9012043
:1085300000E0002028B940F2DD425BA160A0FDF719
:10854000CFFA00F011FB08B9049808B9012000E047
:10855000002028B94FF49C6253A159A0FDF7C0FA3E
:1085600000BFFFF771FAD4F83890B9F1000F3DD091
:10857000D4F80C8031462046FEF70AFCDFB9A9F199
:108580000100A063206810B9FFF718F96060206946
:1085900008B9012000E0002010BB04F1100000F039
:1085A00019FCE8B14FF0805049490860BFF34F8F84
:1085B000BFF36F8F14E0C4F80C80606A08B9012023
:1085C00000E0002060B904F1240000F003FC38B1A1
:1085D0004FF080503E490860BFF34F8FBFF36F8F5D
:1085E000FFF774FA012006B0BDE8F087049818B9C7
:1085F000FFF76CFA0020F6E7BAF1000F04D16846E5
:10860000FFF77CFD4FF0010AFFF760FAFFF778FEF5
:10861000FFF71AFA94F94400401C10B9002084F8BE
:10862000440094F94500401C10B9002084F845002E
:10863000FFF74CFA04A9684600F014FA40BB204644
:10864000FEF776FDF0B1206830B9FFF7FDF96068FC
:10865000FFF7FCFCFFF73AFA04F124000499FFF756
:1086600099FC2046FEF7B9FF00F010FC00287FF4CB
:1086700078AF4FF0805016490860BFF34F8FBFF3BB
:108680006F8F6EE72046FEF7A8FF00F0FFFB68E75C
:108690002046FEF7A2FF00F0F9FB2046FEF748FD5A
:1086A0000028EED000209EE72E2E5C4672656552B3
:1086B000544F535C7372635C71756575652E63000E
:1086C0004572726F723A25732C25640D0A00000002
:1086D00004ED00E070B505460E462C462CB940F27C
:1086E0001B121EA123A0FDF7FBF9FFF7ADF9D4E99A
:1086F0000F12206801FB020060600020A063206868
:10870000A060E06B401E226C216800FB0210E0605C
:10871000FF2084F8440084F845009EB9206908B918
:10872000012000E00020A8B904F1100000F052FB85
:1087300080B14FF0805013490860BFF34F8FBFF3F3
:108740006F8F07E004F11000FFF748F904F12400EF
:10875000FFF744F9FFF7BAF9012070BD2E2E5C46F1
:1087600072656552544F535C7372635C71756575C5
:10877000652E63004572726F723A25732C25640D65
:108780000A00000004ED00E02DE9FF4383B0064637
:1087900088461D464FF0000934462CB940F2D922D4
:1087A00060A166A0FDF79CF9B8F1000F01D1206C23
:1087B00008B9012000E0002028B940F2DA2259A1CE
:1087C0005EA0FDF78DF9022D02D1E06B012801D1E9
:1087D000012000E0002028B940F2DB2251A157A07F
:1087E000FDF77EF900F0C0F908B9059808B9012035
:1087F00000E0002028B940F2DE224AA14FA0FDF798
:108800006FF900BFFFF720F9A06BE16B884201D33D
:10881000022D38D12A4641462046FEF7CEFA0746B9
:10882000A06C68B129462046FEF79EFC28B34FF0A5
:10883000805046490860BFF34F8FBFF36F8F1CE035
:10884000606A08B9012000E0002068B904F1240042
:1088500000F0C0FA88B14FF080503C490860BFF387
:108860004F8FBFF36F8F08E03FB14FF08050374913
:108870000860BFF34F8FBFF36F8FFFF727F9012019
:1088800007B0BDE8F083059818B9FFF71FF900207D
:10889000F6E7B9F1000F04D101A8FFF72FFC4FF064
:1088A0000109FFF713F9FFF72BFDFFF7CDF894F956
:1088B0004400401C10B9002084F8440094F945009D
:1088C000401C10B9002084F84500FFF7FFF805A907
:1088D00001A800F0C7F8F0B92046FEF736FCA0B1B9
:1088E00004F110000599FFF755FB2046FEF775FED1
:1088F00000F0CCFA002885D14FF080501349086071
:10890000BFF34F8FBFF36F8F7CE72046FEF765FE06
:1089100000F0BCFA76E72046FEF75FFE00F0B6FAFC
:108920000020ADE72E2E5C4672656552544F535CB5
:108930007372635C71756575652E63004572726F45
:10894000723A25732C25640D0A00000004ED00E046
:108950002DE9F05F80468A4615461E4644462CB9EE
:1089600040F29F3235A13BA0FDF7BAF8BAF1000FF3
:1089700001D1206C08B9012000E0002028B94FF493
:1089800068722EA133A0FDF7ABF8022E02D1E06B86
:10899000012801D1012000E0002028B940F2A132D5
:1089A00026A12CA0FDF79CF8FFF730F900BF50215D
:1089B000EFF3118081F31188BFF34F8FBFF36F8FF7
:1089C00000BF0746A06BE16B884201D3022E2BD17A
:1089D00094F945B0324651462046FEF7EEF90BF1C8
:1089E0000100C8B9A06C40B131462046FEF7BCFB7F
:1089F000B8B1B5B10120286013E0606A08B9012060
:108A000000E0002068B904F1240000F0E3F940B16F
:108A10003DB10120286004E00BF1010040B284F870
:108A200045004FF0010901E04FF0000900BF87F356
:108A3000118800BF4846BDE8F09F00002E2E5C461E
:108A400072656552544F535C7372635C71756575E2
:108A5000652E63004572726F723A25732C25640D82
:108A60000A0000002DE9F04104460D462CB940F6FD
:108A7000CB3219A11EA0FDF733F82DB940F6CC3248
:108A800015A11BA0FDF72CF8FEF7DEFF1C480768B8
:108A90002868401C08B9002619E01A4920680968AE
:108AA000884204D06068B84201D801260FE06068AF
:108AB000381A2968884209D228686168791A401AE8
:108AC00028602046FFF71AFB002600E00126FEF78B
:108AD000FDFF3046BDE8F0812E2E5C467265655282
:108AE000544F535C7372635C7461736B732E6300D9
:108AF0004572726F723A25732C25640D0A000000CE
:108B000010010020240100202DE9FF4F85B0804690
:108B100089461746DDE912ABB800FEF7A7FD064609
:108B200056B15420FEF7A2FD04460CB1266304E0C2
:108B30003046FFF701F800E000247CB10020CDE9C9
:108B400000ABCDE902403A4649464046089BFEF755
:108B5000F7F92046FEF75EF8012501E04FF0FF35FA
:108B6000284609B0BDE8F08F0549096809B9012018
:108B700005E00449096809B9022000E000207047B7
:108B800018010020340100200149086870470000E6
:108B9000100100202DE9F0414FF000084148006825
:108BA000002872D140480068451C3F480560EDB977
:108BB0003E480068006808B9012000E0002028B99C
:108BC00040F6D9123AA140A0FCF78AFF374807685F
:108BD00041480068354908603F4807603F480068E1
:108BE000401C3E490860FEF725FC00BF3C48006879
:108BF00085423CD300BF2D480068006808B90120B9
:108C000000E0002020B14FF0FF30354908602DE032
:108C100026480068C068C4686668B54202D2304819
:108C2000066023E0201DFEF7C5FEA06A18B104F11E
:108C30001800FEF7BFFE94F82C1001208840294947
:108C40000968084327490860E16A01EB8101264A67
:108C500002EB8100211DFEF7EBFE2449E06A096862
:108C6000C96A8842C7D34FF00108C4E700BF1F4854
:108C70000068C06A00EB80001B4951F82000012801
:108C800001D94FF0010805E0FFE719480068401CD2
:108C9000174908601748006808B14FF001084046BE
:108CA000BDE8F08134010020100100200001002007
:108CB0002E2E5C4672656552544F535C7372635C32
:108CC0007461736B732E63004572726F723A257311
:108CD0002C25640D0A00000004010020240100205E
:108CE0002C01002014010020B4050020FC0000200D
:108CF0001C0100202001002070B505462C460026EE
:108D0000002D4BD026480068844201D1012000E0AC
:108D1000002028B940F6C76222A128A0FCF7E0FE97
:108D2000A06C28B940F6C9621EA124A0FCF7D8FEA9
:108D3000A06C401EA064616CE06A88422ED0A06CDA
:108D400060BB201DFEF736FE78B9E06A00EB8000BC
:108D50001E4951F8200040B994F82C100120884099
:108D60001B49096881431A480160606CE062E06A4F
:108D7000C0F12000A06194F82C1001208840144913
:108D80000968084312490860E16A01EB81010F4A52
:108D900002EB8100211DFEF74BFE0126304670BD1F
:108DA000FC0000202E2E5C4672656552544F535CC9
:108DB0007372635C7461736B732E63004572726FC0
:108DC000723A25732C25640D0A000000B4050020BA
:108DD0001401002070B50646F068C4682CB940F64E
:108DE00061321AA11FA0FCF77BFE04F11800FEF708
:108DF000E1FD20480068A8B9201DFEF7DBFD94F8CE
:108E00002C10012088401C49096808431A49086051
:108E1000E16A01EB8101194A02EB8100211DFEF795
:108E200007FE04E004F118011548FEF701FE15499C
:108E3000E06A0968C96A884204D9012501201249FB
:108E4000086000E00025284670BD00002E2E5C461C
:108E500072656552544F535C7372635C7461736BDB
:108E6000732E63004572726F723A25732C25640D60
:108E70000A0000003401002014010020B405002085
:108E80005C080020FC0000202001002070B50024B8
:108E900000263448006828B94FF4FD6232A138A09A
:108EA000FCF71EFEFEF7D0FD2E480068401E2D493F
:108EB00008600846006800284FD13548006800283F
:108EC0004BD024E03348C068C46804F11800FEF7B2
:108ED00071FD201DFEF76EFD94F82C1001208840D6
:108EE0002D49096808432C490860E16A01EB8101BA
:108EF0002A4A02EB8100211DFEF79AFD2849E06A0B
:108F00000968C96A884202D30120264908602148BD
:108F1000006808B9012000E000200028D2D00CB180
:108F2000FEF788FA2048056865B100BFFFF732FEFA
:108F300010B101201B4908606D1E002DF6D10020E4
:108F4000194908601748006838B1012630071749E9
:108F50000860BFF34F8FBFF36F8FFEF7B7FD30464A
:108F600070BD0000340100202E2E5C4672656552F3
:108F7000544F535C7372635C7461736B732E630044
:108F80004572726F723A25732C25640D0A00000039
:108F90000C0100205C08002014010020B405002012
:108FA000FC000020200100201C01002004ED00E056
:108FB0001CB50024FDF788FE0B48006858B10B482B
:108FC0001F2100234FF48072CDE9001008A10A4848
:108FD000FFF79AFD04462CB940F2331207A10EA008
:108FE000FCF77EFD20461CBD40010020440100200E
:108FF000546D722053766300C17500082E2E5C46B6
:1090000072656552544F535C7372635C74696D652D
:1090100072732E63000000004572726F723A2573FE
:109020002C25640D0A0000002DE9FF4704460D467B
:1090300016461F46DDF830804FF000092CB94FF47A
:10904000D37217A11DA0FCF74BFD2048006810B398
:10905000009501960294062D15DAFFF785FD02288A
:1090600008D100234246694618480068FFF78CFB88
:10907000814610E000231A46694614480068FFF74D
:1090800083FB814607E000233A4669460F480068A3
:10909000FFF75EFC8146484604B0BDE8F08700005B
:1090A0002E2E5C4672656552544F535C7372635C3E
:1090B00074696D6572732E63000000004572726FF3
:1090C000723A25732C25640D0A000000400100202F
:1090D0000000000000000000000000000000000090
:1090E0000000000000000000000000000000000080
:1090F0000000000000000000000000000000000070
:10910000000000000000000000000000000000005F
:10911000000000000000000000000000000000004F
:10912000000000000000000000000000000000003F
:10913000000000000000000000000000000000002F
:10914000000000000000000000000000000000001F
:10915000000000000000000000000000000000000F
:1091600000000000000000000000000000000000FF
:1091700000000000000000000000000000000000EF
:1091800000000000000000000000000000000000DF
:1091900000000000000000000000000000000000CF
:1091A00000000000000000000000000000000000BF
:1091B00000000000000000000000000000000000AF
:1091C000000000000000000000000000000000009F
:1091D000000000000000020E1E7EFEFEFEF8E00011
:1091E000000080E0F8FCFEFE7E1E0602001E1E1E31
:1091F0001E1E1E1EFEFEFEFEFE1E1E1E1E1E1E1E2F
:109200000000000000000000E0FCFEFE7EFEFEFE0E
:10921000FCE00000000000000000000000FEFEFE78
:10922000FEFE1E1E1E1E1E1E3EFEFCFCFCF8E00086
:1092300000000000FEFEFEFEFE0000000080E0F0E8
:10924000F8FEFE7E1E0E0602000000000000000078
:10925000000000000000000000000107CFFFFFFF3A
:10926000FCFEFFFFDF07030000000000000000001D
:1092700000000000FFFFFFFFFF00000000000000F3
:109280000000000000E0F8FFFFFF1F030000073FA1
:10929000FFFFFFF8E00000000000000000FFFFFFFC
:1092A000FFFFF0F0F0F0F0F8FCBFBF3F1F0F03002E
:1092B00000000000FFFFFFFFFF70F8FEFFFFFFCF81
:1092C0008701000000000000000000000000000016
:1092D00000000000000000C0E0F8FCFFFF3F0F07A7
:1092E00000030F3FFFFFFEF8F0C000000000000089
:1092F00000000000FFFFFFFFFF0000000000000073
:109300000000C0F8FFFFFF7F0F0F0F0F0F0F0F0FB1
:109310000F0F7FFFFFFFF8C00000000000FFFFFFFE
:10932000FFFF0000000101071F3FFFFFFEF8F0C034
:1093300000000000FFFFFFFFFF000001070F1F3FBD
:10934000FFFEFCF8F0C080000000000000000000FC
:1093500000000000000203030303030300000000F9
:1093600000000000000303030303030200000000E9
:1093700000000000030303030300000000000000DE
:1093800000020303030303000000000000000000CC
:1093900000000003030303030200000000030303B3
:1093A00003030000000000000000000303030303A8
:1093B0000302000003030303030000000000000099
:1093C0000001030303030303020000000000000088
:1093D000000000000000000000000000000000008D
:1093E000000000000000000000000000000000007D
:1093F000000000000000000000000000000000006D
:10940000000000000000000000000000000000005C
:10941000000000000000000000000000000000004C
:10942000000000000000000000000000000000003C
:10943000000000000000000000000000000000002C
:10944000000000000000000000000000000000001C
:10945000000000000000000000000000000000000C
:1094600000000000000000000000000000000000FC
:1094700000000000000000000000000000000000EC
:1094800000000000000000000000000000000000DC
:1094900000000000000000000000000000000000CC
:1094A00000000000000000000000000000000000BC
:1094B00000000000000000000000000000000000AC
:1094C000000000000000000000000000000000009C
:1094D000000000000000000000000000000000008C
:1094E000000000F800000000000000333000000021
:1094F00000100C06100C0600000000000000000028
:1095000040C07840C0784000043F04043F04040099
:10951000007088FC08300000001820FF211E0000A9
:10952000F008F000E018000000211C031E211E00BE
:1095300000F00888700000001E2123241927211044
:1095400010160E00000000000000000000000000E7
:10955000000000E01804020000000007182040008E
:1095600000020418E000000000402018070000007E
:10957000404080F0804040000202010F01020200E2
:10958000000000F0000000000101011F01010100C6
:10959000000000000000000080B07000000000002B
:1095A00000000000000000000001010101010101B4
:1095B000000000000000000000303000000000004B
:1095C0000000000080601804006018060100000020
:1095D00000E010080810E000000F102020100F001D
:1095E000001010F8000000000020203F20200000A4
:1095F00000700808088870000030282422213000FC
:1096000000300888884830000018202020110E0003
:109610000000C02010F8000000070424243F2400AC
:1096200000F80888880808000019212020110E0081
:1096300000E0108888180000000F112020110E0093
:1096400000380808C83808000000003F000000008B
:109650000070880808887000001C222121221C004C
:1096600000E010080810E0000000312222110F0075
:10967000000000C0C000000000000030300000000A
:10968000000000800000000000008060000000007A
:109690000000804020100800000102040810200093
:1096A00040404040404040000404040404040400DE
:1096B0000008102040800000002010080402010073
:1096C000007048080808F000000000303601000073
:1096D000C030C828E810E0000718272423140B0026
:1096E0000000C038E0000000203C230202273820A0
:1096F00008F8888888700000203F202020110E0084
:10970000C03008080808380007182020201008007A
:1097100008F808080810E000203F202020100F0063
:1097200008F88888E8081000203F2020232018002F
:1097300008F88888E8081000203F20000300000097
:10974000C03008080838000007182020221E020038
:1097500008F808000008F808203F210101213F20F7
:10976000000808F8080800000020203F2020000022
:1097700000000808F8080800C08080807F00000012
:1097800008F888C028180800203F2001263820004B
:1097900008F8080000000000203F202020203000B2
:1097A00008F8F800F8F80800203F003F003F2000CC
:1097B00008F830C00008F808203F200007183F00D4
:1097C000E01008080810E0000F10202020100F0003
:1097D00008F808080808F000203F210101010000F6
:1097E000E01008080810E0000F18242438504F003B
:1097F00008F8888888887000203F2000030C3020FB
:1098000000708808080838000038202121221C0038
:10981000180808F8080818000000203F2000000081
:1098200008F808000008F808001F202020201F006A
:109830000878880000C83808000007380E010000CA
:10984000F80800F80008F800033C0700073C030094
:10985000081868808068180820302C03032C3020FA
:109860000838C800C83808000000203F2000000069
:1098700010080808C83808002038262120201800C1
:10988000000000FE020202000000007F4040400095
:10989000000C30C000000000000000010638C000CD
:1098A00000020202FE000000004040407F00000075
:1098B000000004020202040000000000000000009A
:1098C0000000000000000000808080808080808098
:1098D0000002020400000000000000000000000080
:1098E00000008080808000000019242222223F2076
:1098F00008F8008080000000003F112020110E00B9
:109900000000008080800000000E11202020110047
:10991000000000808088F800000E112020103F20F9
:109920000000808080800000001F2222222213007D
:10993000008080F0888888180020203F20200000C8
:109940000000808080808000006B9494949360007D
:1099500008F8008080800000203F210000203F2088
:1099600000809898000000000020203F2020000088
:10997000000000809898000000C08080807F000078
:1099800008F8000080808000203F24022D30200055
:10999000000808F8000000000020203F2020000000
:1099A0008080808080808000203F20003F20003F1A
:1099B0008080008080800000203F210000203F2028
:1099C0000000808080800000001F202020201F00D9
:1099D000808000808000000080FFA12020110E0008
:1099E0000000008080808000000E112020A0FF80F9
:1099F000808080008080800020203F2120000100A6
:109A000000008080808080000033242424241900FA
:109A1000008080E0808000000000001F2020000007
:109A20008080000000808000001F202020103F2048
:109A3000808080000080808000010E3008060100D8
:109A400080800080008080800F300C030C300F007D
:109A500000808000808080000020312E0E312000A8
:109A6000808080000080808080818E7018060100D8
:109A700000808080808080000021302C22213000F6
:109A800000000000807C020200000000003F404017
:109A900000000000FF00000000000000FF000000C8
:109AA0000002027C800000000040403F00000000F7
:109AB0000006010102020404000000000000000092
:109AC0000000000000000000002F00000000070060
:109AD000070000147F147F1400242A7F2A120062DA
:109AE0006408132300364955225000000503000086
:109AF00000001C224100000041221C000014083E0E
:109B000008140008083E0808000000A060000008D3
:109B10000808080800006060000000201008040227
:109B2000003E5149453E0000427F400000426151E5
:109B30004946002141454B31001814127F1000277F
:109B400045454539003C4A49493000017109050342
:109B500000364949493600064949291E0000363673
:109B600000000000563600000008142241000014D6
:109B700014141414000041221408000201510906B3
:109B800000324959513E007C1211127C007F494934
:109B90004936003E41414122007F4141221C007F65
:109BA00049494941007F09090901003E4149497A73
:109BB000007F0808087F0000417F410000204041ED
:109BC0003F01007F08142241007F40404040007F59
:109BD000020C027F007F0408107F003E4141413E9D
:109BE000007F09090906003E4151215E007F0919E5
:109BF00029460046494949310001017F0101003FE2
:109C00004040403F001F2040201F003F4038403F61
:109C100000631408146300070870080700615149C5
:109C2000454300007F41410000552A552A55000058
:109C300041417F00000402010204004040404040D6
:109C4000000001020400002054545478007F48446E
:109C5000443800384444442000384444487F0038A5
:109C60005454541800087E0901020018A4A4A47CCE
:109C7000007F080404780000447D40000040808498
:109C80007D00007F102844000000417F4000007CE0
:109C900004180478007C08040478003844444438EC
:109CA00000FC242424180018242418FC007C080438
:109CB000040800485454542000043F444020003C11
:109CC0004040207C001C2040201C003C4030403C98
:109CD000004428102844001CA0A0A07C0044645428
:109CE0004C44141414141414014200000000000029
:109CF00000000000000000004FBB610567ACDD3FC5
:109D0000182D4454FB21E93F9BF681D20B73EF3FA2
:109D1000182D4454FB21F93FE2652F227F2B7A3C1A
:109D2000075C143326A6813CBDCBF07A8807703CD3
:109D3000075C143326A6913CC4EB98999999C9BF46
:109D4000711623FEC671BCBF6D9A74AFF2B0B3BF7B
:109D50009AFDDE522DDEADBF2F6C6A2C44B4A2BF3B
:109D60000D5555555555D53FFF8300922449C23FA7
:109D70006E204CC5CD45B73F513DD0A0660DB13FDB
:109D8000EB0D76244B7BA93F11DA22E33AAD903FED
:109D900000004054FB21F93F3163621A61B4D03DA9
:109DA0000000601A61B4D03D7370032E8A19A33B82
:109DB0000000002E8A19A33BC14920259A837B39D4
:109DC00000000000000000006E83F9A22915444E37
:109DD000D15727FCC0DD34F5999562DB4190433CB7
:109DE000AB6351FE61C5BBDE3A6E24B7E0D24D4293
:109DF000EA2E49061C92D1091CEB1DFE3EA729B193
:109E0000F53582E88444BB2E26709CE9417E5FB420
:109E100039D69139F43953838B5F849C3B28F9BD43
:109E2000FF97F81F0F9805DE8B112FEF1F6D0A5A51
:109E3000CF7E366DB709CB27663F464F2DEA5F9E32
:109E4000C7BA27757BF1E5EBF739073DEA92528AED
:109E5000B15FFB6B085D8D1F7AFE10111111C13FC0
:109E600037D60684F464963F280356C9226D6D3FA9
:109E70000165F2F2D844433FA69237A0887E143F92
:109E8000735360DBCB75F3BEFE41B31BBAA1AB3F8E
:109E900093846EE9E326823F1583E0FEC8DB573FDB
:109EA00068108D1AF726303FE9A7F0320FB8123F3D
:109EB000D47ABF74702AFB3ED89E000800000020B0
:109EC0008C010000A40A0008189F00088C010020E3
:109ED000345B00000C620008013E94A24A04091B96
:109EE00001020304060708090746BC0284030101B6
:109EF000A3040F051904050405021801027001D519
:109F0000AAAAAAAA901101020304010203040607E7
:089F1000080902040608000024
:0400000508000131BD
:00000001FF
