开始监控内存变化，阈值为 100 MB
[2024-10-30 14:47:23] Memory change detected: 101 MB
               total        used        free      shared  buff/cache   available
Mem:            62Gi        13Gi        28Gi       150Mi        20Gi        47Gi
Swap:          8.0Gi          0B       8.0Gi
---------------------------------
[2024-10-30 14:47:44] Memory change detected: 114 MB
               total        used        free      shared  buff/cache   available
Mem:            62Gi        13Gi        28Gi       144Mi        20Gi        47Gi
Swap:          8.0Gi          0B       8.0Gi
---------------------------------
[2024-10-30 14:47:44] Memory change detected: 103 MB
               total        used        free      shared  buff/cache   available
Mem:            62Gi        13Gi        28Gi       146Mi        20Gi        47Gi
Swap:          8.0Gi          0B       8.0Gi
---------------------------------
[2024-10-30 14:47:44] Memory change detected: 107 MB
               total        used        free      shared  buff/cache   available
Mem:            62Gi        14Gi        27Gi       146Mi        20Gi        47Gi
Swap:          8.0Gi          0B       8.0Gi
---------------------------------
[2024-10-30 14:47:45] Memory change detected: 114 MB
               total        used        free      shared  buff/cache   available
Mem:            62Gi        14Gi        27Gi       146Mi        20Gi        47Gi
Swap:          8.0Gi          0B       8.0Gi
---------------------------------
[2024-10-30 14:47:45] Memory change detected: 170 MB
               total        used        free      shared  buff/cache   available
Mem:            62Gi        14Gi        27Gi       146Mi        20Gi        47Gi
Swap:          8.0Gi          0B       8.0Gi
---------------------------------
[2024-10-30 14:47:45] Memory change detected: 101 MB
               total        used        free      shared  buff/cache   available
Mem:            62Gi        14Gi        27Gi       146Mi        20Gi        47Gi
Swap:          8.0Gi          0B       8.0Gi
---------------------------------
[2024-10-30 14:47:46] Memory change detected: 106 MB
               total        used        free      shared  buff/cache   available
Mem:            62Gi        14Gi        26Gi       146Mi        21Gi        47Gi
Swap:          8.0Gi          0B       8.0Gi
---------------------------------
[2024-10-30 14:47:47] Memory change detected: 100 MB
               total        used        free      shared  buff/cache   available
Mem:            62Gi        14Gi        26Gi       146Mi        21Gi        46Gi
Swap:          8.0Gi          0B       8.0Gi
---------------------------------
[2024-10-30 14:47:47] Memory change detected: 179 MB
               total        used        free      shared  buff/cache   available
Mem:            62Gi        14Gi        26Gi       146Mi        21Gi        46Gi
Swap:          8.0Gi          0B       8.0Gi
---------------------------------
[2024-10-30 14:47:48] Memory change detected: 140 MB
               total        used        free      shared  buff/cache   available
Mem:            62Gi        15Gi        25Gi       146Mi        21Gi        46Gi
Swap:          8.0Gi          0B       8.0Gi
---------------------------------
[2024-10-30 14:47:49] Memory change detected: 111 MB
               total        used        free      shared  buff/cache   available
Mem:            62Gi        15Gi        25Gi       146Mi        21Gi        46Gi
Swap:          8.0Gi          0B       8.0Gi
---------------------------------
[2024-10-30 14:47:49] Memory change detected: 110 MB
               total        used        free      shared  buff/cache   available
Mem:            62Gi        15Gi        25Gi       146Mi        21Gi        46Gi
Swap:          8.0Gi          0B       8.0Gi
---------------------------------
[2024-10-30 14:47:50] Memory change detected: 142 MB
               total        used        free      shared  buff/cache   available
Mem:            62Gi        15Gi        25Gi       146Mi        21Gi        46Gi
Swap:          8.0Gi          0B       8.0Gi
---------------------------------
[2024-10-30 14:47:50] Memory change detected: -197 MB
               total        used        free      shared  buff/cache   available
Mem:            62Gi        15Gi        25Gi       146Mi        21Gi        46Gi
Swap:          8.0Gi          0B       8.0Gi
---------------------------------
[2024-10-30 14:47:50] Memory change detected: 138 MB
               total        used        free      shared  buff/cache   available
Mem:            62Gi        15Gi        25Gi       146Mi        21Gi        46Gi
Swap:          8.0Gi          0B       8.0Gi
---------------------------------
[2024-10-30 14:47:51] Memory change detected: 109 MB
               total        used        free      shared  buff/cache   available
Mem:            62Gi        15Gi        25Gi       147Mi        21Gi        46Gi
Swap:          8.0Gi          0B       8.0Gi
---------------------------------
[2024-10-30 14:47:51] Memory change detected: 100 MB
               total        used        free      shared  buff/cache   available
Mem:            62Gi        15Gi        25Gi       147Mi        21Gi        46Gi
Swap:          8.0Gi          0B       8.0Gi
---------------------------------
[2024-10-30 14:47:52] Memory change detected: 131 MB
               total        used        free      shared  buff/cache   available
Mem:            62Gi        15Gi        25Gi       147Mi        21Gi        46Gi
Swap:          8.0Gi          0B       8.0Gi
---------------------------------
[2024-10-30 14:47:52] Memory change detected: 140 MB
               total        used        free      shared  buff/cache   available
Mem:            62Gi        15Gi        24Gi       147Mi        21Gi        45Gi
Swap:          8.0Gi          0B       8.0Gi
---------------------------------
[2024-10-30 14:47:52] Memory change detected: -305 MB
               total        used        free      shared  buff/cache   available
Mem:            62Gi        15Gi        25Gi       147Mi        21Gi        46Gi
Swap:          8.0Gi          0B       8.0Gi
---------------------------------
[2024-10-30 14:47:53] Memory change detected: 102 MB
               total        used        free      shared  buff/cache   available
Mem:            62Gi        15Gi        25Gi       147Mi        21Gi        46Gi
Swap:          8.0Gi          0B       8.0Gi
---------------------------------
[2024-10-30 14:47:53] Memory change detected: 101 MB
               total        used        free      shared  buff/cache   available
Mem:            62Gi        15Gi        24Gi       145Mi        21Gi        45Gi
Swap:          8.0Gi          0B       8.0Gi
---------------------------------
[2024-10-30 14:47:54] Memory change detected: 128 MB
               total        used        free      shared  buff/cache   available
Mem:            62Gi        15Gi        24Gi       145Mi        21Gi        45Gi
Swap:          8.0Gi          0B       8.0Gi
---------------------------------
[2024-10-30 14:47:54] Memory change detected: 245 MB
               total        used        free      shared  buff/cache   available
Mem:            62Gi        16Gi        24Gi       145Mi        21Gi        45Gi
Swap:          8.0Gi          0B       8.0Gi
---------------------------------
[2024-10-30 14:47:56] Memory change detected: -136 MB
               total        used        free      shared  buff/cache   available
Mem:            62Gi        15Gi        24Gi       145Mi        21Gi        45Gi
Swap:          8.0Gi          0B       8.0Gi
---------------------------------
[2024-10-30 14:47:56] Memory change detected: -155 MB
               total        used        free      shared  buff/cache   available
Mem:            62Gi        15Gi        24Gi       145Mi        21Gi        45Gi
Swap:          8.0Gi          0B       8.0Gi
---------------------------------
[2024-10-30 14:47:57] Memory change detected: 101 MB
               total        used        free      shared  buff/cache   available
Mem:            62Gi        15Gi        24Gi       145Mi        21Gi        45Gi
Swap:          8.0Gi          0B       8.0Gi
---------------------------------
[2024-10-30 14:47:57] Memory change detected: 114 MB
               total        used        free      shared  buff/cache   available
Mem:            62Gi        15Gi        24Gi       145Mi        22Gi        45Gi
Swap:          8.0Gi          0B       8.0Gi
---------------------------------
[2024-10-30 14:47:58] Memory change detected: 140 MB
               total        used        free      shared  buff/cache   available
Mem:            62Gi        16Gi        24Gi       145Mi        22Gi        45Gi
Swap:          8.0Gi          0B       8.0Gi
---------------------------------
[2024-10-30 14:47:59] Memory change detected: -109 MB
               total        used        free      shared  buff/cache   available
Mem:            62Gi        15Gi        24Gi       145Mi        22Gi        45Gi
Swap:          8.0Gi          0B       8.0Gi
---------------------------------
[2024-10-30 14:49:22] Memory change detected: 108 MB
               total        used        free      shared  buff/cache   available
Mem:            62Gi        16Gi        24Gi       145Mi        22Gi        45Gi
Swap:          8.0Gi          0B       8.0Gi
---------------------------------
[2024-10-30 14:49:26] Memory change detected: 120 MB
               total        used        free      shared  buff/cache   available
Mem:            62Gi        16Gi        24Gi       145Mi        22Gi        45Gi
Swap:          8.0Gi          0B       8.0Gi
---------------------------------
[2024-10-30 14:49:32] Memory change detected: -102 MB
               total        used        free      shared  buff/cache   available
Mem:            62Gi        16Gi        24Gi       145Mi        22Gi        45Gi
Swap:          8.0Gi          0B       8.0Gi
---------------------------------
[2024-10-30 14:55:23] Memory change detected: -101 MB
               total        used        free      shared  buff/cache   available
Mem:            62Gi        16Gi        24Gi       125Mi        22Gi        45Gi
Swap:          8.0Gi          0B       8.0Gi
---------------------------------
[2024-10-30 14:57:31] Memory change detected: 100 MB
               total        used        free      shared  buff/cache   available
Mem:            62Gi        16Gi        24Gi       134Mi        22Gi        45Gi
Swap:          8.0Gi          0B       8.0Gi
---------------------------------
[2024-10-30 14:57:35] Memory change detected: -236 MB
               total        used        free      shared  buff/cache   available
Mem:            62Gi        15Gi        24Gi       131Mi        22Gi        45Gi
Swap:          8.0Gi          0B       8.0Gi
---------------------------------
[2024-10-30 14:57:41] Memory change detected: 103 MB
               total        used        free      shared  buff/cache   available
Mem:            62Gi        15Gi        24Gi       135Mi        22Gi        45Gi
Swap:          8.0Gi          0B       8.0Gi
---------------------------------
[2024-10-30 14:57:42] Memory change detected: 134 MB
               total        used        free      shared  buff/cache   available
Mem:            62Gi        16Gi        23Gi       146Mi        22Gi        45Gi
Swap:          8.0Gi          0B       8.0Gi
---------------------------------
[2024-10-30 15:00:50] Memory change detected: -153 MB
               total        used        free      shared  buff/cache   available
Mem:            62Gi        15Gi        23Gi       182Mi        22Gi        45Gi
Swap:          8.0Gi          0B       8.0Gi
---------------------------------
[2024-10-30 15:01:01] Memory change detected: 104 MB
               total        used        free      shared  buff/cache   available
Mem:            62Gi        16Gi        23Gi       155Mi        22Gi        45Gi
Swap:          8.0Gi          0B       8.0Gi
---------------------------------
[2024-10-30 15:01:01] Memory change detected: 106 MB
               total        used        free      shared  buff/cache   available
Mem:            62Gi        16Gi        23Gi       168Mi        22Gi        45Gi
Swap:          8.0Gi          0B       8.0Gi
---------------------------------
[2024-10-30 15:01:18] Memory change detected: 102 MB
               total        used        free      shared  buff/cache   available
Mem:            62Gi        16Gi        23Gi       164Mi        22Gi        45Gi
Swap:          8.0Gi          0B       8.0Gi
---------------------------------
[2024-10-30 15:01:21] Memory change detected: 100 MB
               total        used        free      shared  buff/cache   available
Mem:            62Gi        16Gi        23Gi       169Mi        22Gi        45Gi
Swap:          8.0Gi          0B       8.0Gi
---------------------------------
[2024-10-30 15:01:21] Memory change detected: 220 MB
               total        used        free      shared  buff/cache   available
Mem:            62Gi        16Gi        23Gi       169Mi        22Gi        44Gi
Swap:          8.0Gi          0B       8.0Gi
---------------------------------
[2024-10-30 15:01:21] Memory change detected: 285 MB
               total        used        free      shared  buff/cache   available
Mem:            62Gi        16Gi        22Gi       169Mi        22Gi        44Gi
Swap:          8.0Gi          0B       8.0Gi
---------------------------------
[2024-10-30 15:01:21] Memory change detected: 558 MB
               total        used        free      shared  buff/cache   available
Mem:            62Gi        17Gi        22Gi       169Mi        22Gi        44Gi
Swap:          8.0Gi          0B       8.0Gi
---------------------------------
[2024-10-30 15:01:22] Memory change detected: -502 MB
               total        used        free      shared  buff/cache   available
Mem:            62Gi        16Gi        22Gi       169Mi        22Gi        44Gi
Swap:          8.0Gi          0B       8.0Gi
---------------------------------
[2024-10-30 15:01:22] Memory change detected: 144 MB
               total        used        free      shared  buff/cache   available
Mem:            62Gi        16Gi        22Gi       171Mi        22Gi        44Gi
Swap:          8.0Gi          0B       8.0Gi
---------------------------------
[2024-10-30 15:01:23] Memory change detected: -594 MB
               total        used        free      shared  buff/cache   available
Mem:            62Gi        16Gi        22Gi       171Mi        23Gi        45Gi
Swap:          8.0Gi          0B       8.0Gi
---------------------------------
[2024-10-30 15:01:42] Memory change detected: 124 MB
               total        used        free      shared  buff/cache   available
Mem:            62Gi        16Gi        22Gi       174Mi        23Gi        45Gi
Swap:          8.0Gi          0B       8.0Gi
---------------------------------
[2024-10-30 15:01:53] Memory change detected: 100 MB
               total        used        free      shared  buff/cache   available
Mem:            62Gi        16Gi        21Gi       178Mi        24Gi        44Gi
Swap:          8.0Gi          0B       8.0Gi
---------------------------------
[2024-10-30 15:02:01] Memory change detected: -943 MB
               total        used        free      shared  buff/cache   available
Mem:            62Gi        15Gi        12Gi       625Mi        35Gi        45Gi
Swap:          8.0Gi          0B       8.0Gi
---------------------------------
[2024-10-30 15:02:01] Memory change detected: -2996 MB
               total        used        free      shared  buff/cache   available
Mem:            62Gi        12Gi        15Gi       625Mi        35Gi        48Gi
Swap:          8.0Gi          0B       8.0Gi
---------------------------------
[2024-10-30 15:02:01] Memory change detected: -2961 MB
               total        used        free      shared  buff/cache   available
Mem:            62Gi       9.4Gi        17Gi       624Mi        35Gi        51Gi
Swap:          8.0Gi          0B       8.0Gi
---------------------------------
[2024-10-30 15:02:01] Memory change detected: -2262 MB
               total        used        free      shared  buff/cache   available
Mem:            62Gi       7.7Gi        19Gi       388Mi        34Gi        53Gi
Swap:          8.0Gi          0B       8.0Gi
---------------------------------
[2024-10-30 15:02:01] Memory change detected: -842 MB
               total        used        free      shared  buff/cache   available
Mem:            62Gi       6.8Gi        21Gi       238Mi        34Gi        54Gi
Swap:          8.0Gi          0B       8.0Gi
---------------------------------
[2024-10-30 15:02:02] Memory change detected: -1024 MB
               total        used        free      shared  buff/cache   available
Mem:            62Gi       5.8Gi        22Gi       238Mi        34Gi        55Gi
Swap:          8.0Gi          0B       8.0Gi
---------------------------------
[2024-10-30 15:02:02] Memory change detected: -568 MB
               total        used        free      shared  buff/cache   available
Mem:            62Gi       5.3Gi        22Gi       238Mi        34Gi        56Gi
Swap:          8.0Gi          0B       8.0Gi
---------------------------------
[2024-10-30 15:02:08] Memory change detected: -104 MB
               total        used        free      shared  buff/cache   available
Mem:            62Gi       5.3Gi        22Gi       236Mi        34Gi        56Gi
Swap:          8.0Gi          0B       8.0Gi
---------------------------------
[2024-10-30 15:02:36] Memory change detected: 122 MB
               total        used        free      shared  buff/cache   available
Mem:            62Gi       5.4Gi        22Gi       236Mi        34Gi        56Gi
Swap:          8.0Gi          0B       8.0Gi
---------------------------------
[2024-10-30 15:02:37] Memory change detected: -176 MB
               total        used        free      shared  buff/cache   available
Mem:            62Gi       5.2Gi        22Gi       239Mi        34Gi        56Gi
Swap:          8.0Gi          0B       8.0Gi
---------------------------------
[2024-10-30 15:02:38] Memory change detected: 113 MB
               total        used        free      shared  buff/cache   available
Mem:            62Gi       5.3Gi        22Gi       239Mi        34Gi        56Gi
Swap:          8.0Gi          0B       8.0Gi
---------------------------------
[2024-10-30 15:02:39] Memory change detected: 133 MB
               total        used        free      shared  buff/cache   available
Mem:            62Gi       5.4Gi        22Gi       239Mi        34Gi        56Gi
Swap:          8.0Gi          0B       8.0Gi
---------------------------------
[2024-10-30 15:02:39] Memory change detected: 102 MB
               total        used        free      shared  buff/cache   available
Mem:            62Gi       5.5Gi        22Gi       239Mi        34Gi        56Gi
Swap:          8.0Gi          0B       8.0Gi
---------------------------------
[2024-10-30 15:02:40] Memory change detected: 181 MB
               total        used        free      shared  buff/cache   available
Mem:            62Gi       5.7Gi        22Gi       239Mi        34Gi        55Gi
Swap:          8.0Gi          0B       8.0Gi
---------------------------------
[2024-10-30 15:02:40] Memory change detected: 159 MB
               total        used        free      shared  buff/cache   available
Mem:            62Gi       5.9Gi        21Gi       239Mi        34Gi        55Gi
Swap:          8.0Gi          0B       8.0Gi
---------------------------------
[2024-10-30 15:02:41] Memory change detected: 125 MB
               total        used        free      shared  buff/cache   available
Mem:            62Gi       6.0Gi        21Gi       236Mi        34Gi        55Gi
Swap:          8.0Gi          0B       8.0Gi
---------------------------------
[2024-10-30 15:02:41] Memory change detected: 156 MB
               total        used        free      shared  buff/cache   available
Mem:            62Gi       6.2Gi        21Gi       236Mi        34Gi        55Gi
Swap:          8.0Gi          0B       8.0Gi
---------------------------------
[2024-10-30 15:02:41] Memory change detected: 120 MB
               total        used        free      shared  buff/cache   available
Mem:            62Gi       6.3Gi        21Gi       236Mi        34Gi        55Gi
Swap:          8.0Gi          0B       8.0Gi
---------------------------------
[2024-10-30 15:02:42] Memory change detected: 169 MB
               total        used        free      shared  buff/cache   available
Mem:            62Gi       6.5Gi        21Gi       236Mi        34Gi        55Gi
Swap:          8.0Gi          0B       8.0Gi
---------------------------------
[2024-10-30 15:02:44] Memory change detected: 187 MB
               total        used        free      shared  buff/cache   available
Mem:            62Gi       6.6Gi        21Gi       236Mi        34Gi        54Gi
Swap:          8.0Gi          0B       8.0Gi
---------------------------------
[2024-10-30 15:02:45] Memory change detected: -135 MB
               total        used        free      shared  buff/cache   available
Mem:            62Gi       6.5Gi        21Gi       236Mi        34Gi        55Gi
Swap:          8.0Gi          0B       8.0Gi
---------------------------------
[2024-10-30 15:02:45] Memory change detected: 207 MB
               total        used        free      shared  buff/cache   available
Mem:            62Gi       6.7Gi        21Gi       244Mi        34Gi        54Gi
Swap:          8.0Gi          0B       8.0Gi
---------------------------------
[2024-10-30 15:02:45] Memory change detected: 144 MB
               total        used        free      shared  buff/cache   available
Mem:            62Gi       6.9Gi        20Gi       244Mi        34Gi        54Gi
Swap:          8.0Gi          0B       8.0Gi
---------------------------------
[2024-10-30 15:02:46] Memory change detected: 117 MB
               total        used        free      shared  buff/cache   available
Mem:            62Gi       7.0Gi        20Gi       245Mi        34Gi        54Gi
Swap:          8.0Gi          0B       8.0Gi
---------------------------------
[2024-10-30 15:02:46] Memory change detected: 102 MB
               total        used        free      shared  buff/cache   available
Mem:            62Gi       7.0Gi        20Gi       245Mi        34Gi        54Gi
Swap:          8.0Gi          0B       8.0Gi
---------------------------------
[2024-10-30 15:02:46] Memory change detected: 197 MB
               total        used        free      shared  buff/cache   available
Mem:            62Gi       7.3Gi        20Gi       245Mi        34Gi        54Gi
Swap:          8.0Gi          0B       8.0Gi
---------------------------------
[2024-10-30 15:02:46] Memory change detected: 113 MB
               total        used        free      shared  buff/cache   available
Mem:            62Gi       7.4Gi        20Gi       245Mi        34Gi        54Gi
Swap:          8.0Gi          0B       8.0Gi
---------------------------------
[2024-10-30 15:02:46] Memory change detected: 173 MB
               total        used        free      shared  buff/cache   available
Mem:            62Gi       7.6Gi        20Gi       245Mi        34Gi        53Gi
Swap:          8.0Gi          0B       8.0Gi
---------------------------------
[2024-10-30 15:02:46] Memory change detected: 101 MB
               total        used        free      shared  buff/cache   available
Mem:            62Gi       7.6Gi        20Gi       245Mi        34Gi        53Gi
Swap:          8.0Gi          0B       8.0Gi
---------------------------------
[2024-10-30 15:02:47] Memory change detected: 144 MB
               total        used        free      shared  buff/cache   available
Mem:            62Gi       7.8Gi        19Gi       245Mi        34Gi        53Gi
Swap:          8.0Gi          0B       8.0Gi
---------------------------------
[2024-10-30 15:02:47] Memory change detected: 100 MB
               total        used        free      shared  buff/cache   available
Mem:            62Gi       7.9Gi        19Gi       245Mi        34Gi        53Gi
Swap:          8.0Gi          0B       8.0Gi
---------------------------------
[2024-10-30 15:02:47] Memory change detected: 197 MB
               total        used        free      shared  buff/cache   available
Mem:            62Gi       8.1Gi        19Gi       245Mi        34Gi        53Gi
Swap:          8.0Gi          0B       8.0Gi
---------------------------------
[2024-10-30 15:02:47] Memory change detected: 184 MB
               total        used        free      shared  buff/cache   available
Mem:            62Gi       8.2Gi        19Gi       245Mi        34Gi        53Gi
Swap:          8.0Gi          0B       8.0Gi
---------------------------------
[2024-10-30 15:02:47] Memory change detected: 210 MB
               total        used        free      shared  buff/cache   available
Mem:            62Gi       8.5Gi        19Gi       245Mi        34Gi        53Gi
Swap:          8.0Gi          0B       8.0Gi
---------------------------------
[2024-10-30 15:02:47] Memory change detected: 184 MB
               total        used        free      shared  buff/cache   available
Mem:            62Gi       8.7Gi        19Gi       245Mi        34Gi        52Gi
Swap:          8.0Gi          0B       8.0Gi
---------------------------------
[2024-10-30 15:02:47] Memory change detected: 134 MB
               total        used        free      shared  buff/cache   available
Mem:            62Gi       8.7Gi        19Gi       245Mi        34Gi        52Gi
Swap:          8.0Gi          0B       8.0Gi
---------------------------------
[2024-10-30 15:02:47] Memory change detected: 118 MB
               total        used        free      shared  buff/cache   available
Mem:            62Gi       8.7Gi        19Gi       245Mi        34Gi        52Gi
Swap:          8.0Gi          0B       8.0Gi
---------------------------------
[2024-10-30 15:02:48] Memory change detected: 192 MB
               total        used        free      shared  buff/cache   available
Mem:            62Gi       9.1Gi        18Gi       245Mi        34Gi        52Gi
Swap:          8.0Gi          0B       8.0Gi
---------------------------------
[2024-10-30 15:02:48] Memory change detected: 104 MB
               total        used        free      shared  buff/cache   available
Mem:            62Gi       9.2Gi        18Gi       245Mi        34Gi        52Gi
Swap:          8.0Gi          0B       8.0Gi
---------------------------------
[2024-10-30 15:02:48] Memory change detected: 109 MB
               total        used        free      shared  buff/cache   available
Mem:            62Gi       9.3Gi        18Gi       245Mi        34Gi        52Gi
Swap:          8.0Gi          0B       8.0Gi
---------------------------------
[2024-10-30 15:02:48] Memory change detected: 175 MB
               total        used        free      shared  buff/cache   available
Mem:            62Gi       9.4Gi        18Gi       245Mi        34Gi        52Gi
Swap:          8.0Gi          0B       8.0Gi
---------------------------------
[2024-10-30 15:02:48] Memory change detected: 151 MB
               total        used        free      shared  buff/cache   available
Mem:            62Gi       9.6Gi        18Gi       245Mi        34Gi        51Gi
Swap:          8.0Gi          0B       8.0Gi
---------------------------------
[2024-10-30 15:02:48] Memory change detected: 135 MB
               total        used        free      shared  buff/cache   available
Mem:            62Gi       9.7Gi        18Gi       245Mi        34Gi        51Gi
Swap:          8.0Gi          0B       8.0Gi
---------------------------------
[2024-10-30 15:02:48] Memory change detected: 113 MB
               total        used        free      shared  buff/cache   available
Mem:            62Gi       9.9Gi        17Gi       245Mi        34Gi        51Gi
Swap:          8.0Gi          0B       8.0Gi
---------------------------------
[2024-10-30 15:02:48] Memory change detected: 136 MB
               total        used        free      shared  buff/cache   available
Mem:            62Gi         9Gi        17Gi       245Mi        34Gi        51Gi
Swap:          8.0Gi          0B       8.0Gi
---------------------------------
[2024-10-30 15:02:48] Memory change detected: 218 MB
               total        used        free      shared  buff/cache   available
Mem:            62Gi        10Gi        17Gi       245Mi        34Gi        51Gi
Swap:          8.0Gi          0B       8.0Gi
---------------------------------
[2024-10-30 15:02:48] Memory change detected: 117 MB
               total        used        free      shared  buff/cache   available
Mem:            62Gi        10Gi        17Gi       245Mi        34Gi        51Gi
Swap:          8.0Gi          0B       8.0Gi
---------------------------------
[2024-10-30 15:02:49] Memory change detected: 195 MB
               total        used        free      shared  buff/cache   available
Mem:            62Gi        10Gi        17Gi       245Mi        34Gi        51Gi
Swap:          8.0Gi          0B       8.0Gi
---------------------------------
[2024-10-30 15:02:49] Memory change detected: 136 MB
               total        used        free      shared  buff/cache   available
Mem:            62Gi        10Gi        17Gi       245Mi        34Gi        50Gi
Swap:          8.0Gi          0B       8.0Gi
---------------------------------
[2024-10-30 15:02:49] Memory change detected: 105 MB
               total        used        free      shared  buff/cache   available
Mem:            62Gi        10Gi        17Gi       245Mi        34Gi        50Gi
Swap:          8.0Gi          0B       8.0Gi
---------------------------------
[2024-10-30 15:02:49] Memory change detected: 206 MB
               total        used        free      shared  buff/cache   available
Mem:            62Gi        10Gi        16Gi       245Mi        34Gi        50Gi
Swap:          8.0Gi          0B       8.0Gi
---------------------------------
[2024-10-30 15:02:49] Memory change detected: 137 MB
               total        used        free      shared  buff/cache   available
Mem:            62Gi        11Gi        16Gi       245Mi        34Gi        50Gi
Swap:          8.0Gi          0B       8.0Gi
---------------------------------
[2024-10-30 15:02:49] Memory change detected: 130 MB
               total        used        free      shared  buff/cache   available
Mem:            62Gi        11Gi        16Gi       245Mi        34Gi        50Gi
Swap:          8.0Gi          0B       8.0Gi
---------------------------------
[2024-10-30 15:02:49] Memory change detected: 114 MB
               total        used        free      shared  buff/cache   available
Mem:            62Gi        11Gi        16Gi       245Mi        34Gi        50Gi
Swap:          8.0Gi          0B       8.0Gi
---------------------------------
[2024-10-30 15:02:49] Memory change detected: 168 MB
               total        used        free      shared  buff/cache   available
Mem:            62Gi        11Gi        16Gi       245Mi        34Gi        50Gi
Swap:          8.0Gi          0B       8.0Gi
---------------------------------
[2024-10-30 15:02:49] Memory change detected: 168 MB
               total        used        free      shared  buff/cache   available
Mem:            62Gi        11Gi        16Gi       245Mi        34Gi        49Gi
Swap:          8.0Gi          0B       8.0Gi
---------------------------------
[2024-10-30 15:02:50] Memory change detected: 239 MB
               total        used        free      shared  buff/cache   available
Mem:            62Gi        11Gi        15Gi       245Mi        34Gi        49Gi
Swap:          8.0Gi          0B       8.0Gi
---------------------------------
[2024-10-30 15:02:50] Memory change detected: 156 MB
               total        used        free      shared  buff/cache   available
Mem:            62Gi        12Gi        15Gi       245Mi        34Gi        49Gi
Swap:          8.0Gi          0B       8.0Gi
---------------------------------
[2024-10-30 15:02:50] Memory change detected: 129 MB
               total        used        free      shared  buff/cache   available
Mem:            62Gi        12Gi        15Gi       245Mi        34Gi        49Gi
Swap:          8.0Gi          0B       8.0Gi
---------------------------------
[2024-10-30 15:02:50] Memory change detected: 173 MB
               total        used        free      shared  buff/cache   available
Mem:            62Gi        12Gi        15Gi       245Mi        34Gi        49Gi
Swap:          8.0Gi          0B       8.0Gi
---------------------------------
[2024-10-30 15:02:50] Memory change detected: 205 MB
               total        used        free      shared  buff/cache   available
Mem:            62Gi        12Gi        15Gi       245Mi        34Gi        49Gi
Swap:          8.0Gi          0B       8.0Gi
---------------------------------
[2024-10-30 15:02:50] Memory change detected: 122 MB
               total        used        free      shared  buff/cache   available
Mem:            62Gi        12Gi        15Gi       245Mi        34Gi        48Gi
Swap:          8.0Gi          0B       8.0Gi
---------------------------------
[2024-10-30 15:02:50] Memory change detected: 116 MB
               total        used        free      shared  buff/cache   available
Mem:            62Gi        12Gi        15Gi       245Mi        34Gi        48Gi
Swap:          8.0Gi          0B       8.0Gi
---------------------------------
[2024-10-30 15:02:50] Memory change detected: 121 MB
               total        used        free      shared  buff/cache   available
Mem:            62Gi        12Gi        14Gi       245Mi        34Gi        48Gi
Swap:          8.0Gi          0B       8.0Gi
---------------------------------
[2024-10-30 15:02:51] Memory change detected: 184 MB
               total        used        free      shared  buff/cache   available
Mem:            62Gi        13Gi        14Gi       245Mi        34Gi        48Gi
Swap:          8.0Gi          0B       8.0Gi
---------------------------------
[2024-10-30 15:02:51] Memory change detected: 147 MB
               total        used        free      shared  buff/cache   available
Mem:            62Gi        13Gi        14Gi       245Mi        34Gi        48Gi
Swap:          8.0Gi          0B       8.0Gi
---------------------------------
[2024-10-30 15:02:51] Memory change detected: 117 MB
               total        used        free      shared  buff/cache   available
Mem:            62Gi        13Gi        14Gi       245Mi        34Gi        48Gi
Swap:          8.0Gi          0B       8.0Gi
---------------------------------
[2024-10-30 15:02:51] Memory change detected: 111 MB
               total        used        free      shared  buff/cache   available
Mem:            62Gi        13Gi        14Gi       245Mi        34Gi        48Gi
Swap:          8.0Gi          0B       8.0Gi
---------------------------------
[2024-10-30 15:02:51] Memory change detected: 111 MB
               total        used        free      shared  buff/cache   available
Mem:            62Gi        13Gi        14Gi       245Mi        34Gi        48Gi
Swap:          8.0Gi          0B       8.0Gi
---------------------------------
[2024-10-30 15:02:51] Memory change detected: 175 MB
               total        used        free      shared  buff/cache   available
Mem:            62Gi        13Gi        14Gi       245Mi        34Gi        47Gi
Swap:          8.0Gi          0B       8.0Gi
---------------------------------
[2024-10-30 15:02:51] Memory change detected: 293 MB
               total        used        free      shared  buff/cache   available
Mem:            62Gi        13Gi        13Gi       245Mi        34Gi        47Gi
Swap:          8.0Gi          0B       8.0Gi
---------------------------------
[2024-10-30 15:02:51] Memory change detected: 255 MB
               total        used        free      shared  buff/cache   available
Mem:            62Gi        14Gi        13Gi       245Mi        34Gi        47Gi
Swap:          8.0Gi          0B       8.0Gi
---------------------------------
[2024-10-30 15:02:51] Memory change detected: 134 MB
               total        used        free      shared  buff/cache   available
Mem:            62Gi        14Gi        13Gi       245Mi        34Gi        47Gi
Swap:          8.0Gi          0B       8.0Gi
---------------------------------
[2024-10-30 15:02:52] Memory change detected: 142 MB
               total        used        free      shared  buff/cache   available
Mem:            62Gi        14Gi        13Gi       245Mi        34Gi        47Gi
Swap:          8.0Gi          0B       8.0Gi
---------------------------------
[2024-10-30 15:02:52] Memory change detected: 129 MB
               total        used        free      shared  buff/cache   available
Mem:            62Gi        14Gi        13Gi       245Mi        34Gi        46Gi
Swap:          8.0Gi          0B       8.0Gi
---------------------------------
[2024-10-30 15:02:52] Memory change detected: 129 MB
               total        used        free      shared  buff/cache   available
Mem:            62Gi        14Gi        13Gi       245Mi        34Gi        46Gi
Swap:          8.0Gi          0B       8.0Gi
---------------------------------
[2024-10-30 15:02:53] Memory change detected: 172 MB
               total        used        free      shared  buff/cache   available
Mem:            62Gi        14Gi        12Gi       245Mi        34Gi        46Gi
Swap:          8.0Gi          0B       8.0Gi
---------------------------------
[2024-10-30 15:02:53] Memory change detected: 162 MB
               total        used        free      shared  buff/cache   available
Mem:            62Gi        15Gi        12Gi       245Mi        34Gi        46Gi
Swap:          8.0Gi          0B       8.0Gi
---------------------------------
[2024-10-30 15:02:53] Memory change detected: 113 MB
               total        used        free      shared  buff/cache   available
Mem:            62Gi        15Gi        12Gi       245Mi        34Gi        46Gi
Swap:          8.0Gi          0B       8.0Gi
---------------------------------
[2024-10-30 15:02:53] Memory change detected: 142 MB
               total        used        free      shared  buff/cache   available
Mem:            62Gi        15Gi        12Gi       245Mi        34Gi        46Gi
Swap:          8.0Gi          0B       8.0Gi
---------------------------------
[2024-10-30 15:02:55] Memory change detected: 113 MB
               total        used        free      shared  buff/cache   available
Mem:            62Gi        15Gi        12Gi       245Mi        34Gi        46Gi
Swap:          8.0Gi          0B       8.0Gi
---------------------------------
[2024-10-30 15:02:55] Memory change detected: 235 MB
               total        used        free      shared  buff/cache   available
Mem:            62Gi        15Gi        12Gi       245Mi        34Gi        45Gi
Swap:          8.0Gi          0B       8.0Gi
---------------------------------
[2024-10-30 15:02:55] Memory change detected: 266 MB
               total        used        free      shared  buff/cache   available
Mem:            62Gi        15Gi        11Gi       245Mi        34Gi        45Gi
Swap:          8.0Gi          0B       8.0Gi
---------------------------------
[2024-10-30 15:02:55] Memory change detected: 464 MB
               total        used        free      shared  buff/cache   available
Mem:            62Gi        16Gi        11Gi       245Mi        34Gi        45Gi
Swap:          8.0Gi          0B       8.0Gi
---------------------------------
[2024-10-30 15:02:55] Memory change detected: 121 MB
               total        used        free      shared  buff/cache   available
Mem:            62Gi        16Gi        11Gi       245Mi        34Gi        45Gi
Swap:          8.0Gi          0B       8.0Gi
---------------------------------
[2024-10-30 15:02:55] Memory change detected: -490 MB
               total        used        free      shared  buff/cache   available
Mem:            62Gi        16Gi        11Gi       245Mi        34Gi        45Gi
Swap:          8.0Gi          0B       8.0Gi
---------------------------------
[2024-10-30 15:02:55] Memory change detected: 111 MB
               total        used        free      shared  buff/cache   available
Mem:            62Gi        16Gi        11Gi       245Mi        34Gi        45Gi
Swap:          8.0Gi          0B       8.0Gi
---------------------------------
[2024-10-30 15:02:55] Memory change detected: 117 MB
               total        used        free      shared  buff/cache   available
Mem:            62Gi        16Gi        11Gi       245Mi        34Gi        45Gi
Swap:          8.0Gi          0B       8.0Gi
---------------------------------
[2024-10-30 15:02:56] Memory change detected: 122 MB
               total        used        free      shared  buff/cache   available
Mem:            62Gi        16Gi        11Gi       245Mi        34Gi        45Gi
Swap:          8.0Gi          0B       8.0Gi
---------------------------------
[2024-10-30 15:02:56] Memory change detected: -807 MB
               total        used        free      shared  buff/cache   available
Mem:            62Gi        15Gi        12Gi       245Mi        34Gi        46Gi
Swap:          8.0Gi          0B       8.0Gi
---------------------------------
[2024-10-30 15:02:56] Memory change detected: -598 MB
               total        used        free      shared  buff/cache   available
Mem:            62Gi        14Gi        12Gi       245Mi        34Gi        46Gi
Swap:          8.0Gi          0B       8.0Gi
---------------------------------
[2024-10-30 15:03:03] Memory change detected: -277 MB
               total        used        free      shared  buff/cache   available
Mem:            62Gi        14Gi        13Gi       245Mi        34Gi        46Gi
Swap:          8.0Gi          0B       8.0Gi
---------------------------------
[2024-10-30 15:03:03] Memory change detected: -470 MB
               total        used        free      shared  buff/cache   available
Mem:            62Gi        14Gi        13Gi       245Mi        34Gi        47Gi
Swap:          8.0Gi          0B       8.0Gi
---------------------------------
[2024-10-30 15:03:03] Memory change detected: -162 MB
               total        used        free      shared  buff/cache   available
Mem:            62Gi        14Gi        13Gi       245Mi        34Gi        47Gi
Swap:          8.0Gi          0B       8.0Gi
---------------------------------
[2024-10-30 15:03:03] Memory change detected: -285 MB
               total        used        free      shared  buff/cache   available
Mem:            62Gi        13Gi        13Gi       245Mi        34Gi        47Gi
Swap:          8.0Gi          0B       8.0Gi
---------------------------------
[2024-10-30 15:03:07] Memory change detected: -104 MB
               total        used        free      shared  buff/cache   available
Mem:            62Gi        13Gi        14Gi       245Mi        34Gi        47Gi
Swap:          8.0Gi          0B       8.0Gi
---------------------------------
[2024-10-30 15:03:09] Memory change detected: 109 MB
               total        used        free      shared  buff/cache   available
Mem:            62Gi        13Gi        13Gi       245Mi        34Gi        47Gi
Swap:          8.0Gi          0B       8.0Gi
---------------------------------
[2024-10-30 15:03:29] Memory change detected: 125 MB
               total        used        free      shared  buff/cache   available
Mem:            62Gi        13Gi        13Gi       253Mi        34Gi        47Gi
Swap:          8.0Gi          0B       8.0Gi
---------------------------------
[2024-10-30 15:03:31] Memory change detected: 105 MB
               total        used        free      shared  buff/cache   available
Mem:            62Gi        14Gi        13Gi       253Mi        34Gi        47Gi
Swap:          8.0Gi          0B       8.0Gi
---------------------------------
[2024-10-30 15:03:31] Memory change detected: 123 MB
               total        used        free      shared  buff/cache   available
Mem:            62Gi        14Gi        13Gi       253Mi        34Gi        47Gi
Swap:          8.0Gi          0B       8.0Gi
---------------------------------
[2024-10-30 15:03:32] Memory change detected: 122 MB
               total        used        free      shared  buff/cache   available
Mem:            62Gi        14Gi        13Gi       253Mi        34Gi        47Gi
Swap:          8.0Gi          0B       8.0Gi
---------------------------------
[2024-10-30 15:03:32] Memory change detected: 119 MB
               total        used        free      shared  buff/cache   available
Mem:            62Gi        14Gi        13Gi       253Mi        34Gi        47Gi
Swap:          8.0Gi          0B       8.0Gi
---------------------------------
[2024-10-30 15:03:32] Memory change detected: 137 MB
               total        used        free      shared  buff/cache   available
Mem:            62Gi        14Gi        13Gi       253Mi        34Gi        47Gi
Swap:          8.0Gi          0B       8.0Gi
---------------------------------
[2024-10-30 15:03:32] Memory change detected: 101 MB
               total        used        free      shared  buff/cache   available
Mem:            62Gi        14Gi        13Gi       253Mi        34Gi        46Gi
Swap:          8.0Gi          0B       8.0Gi
---------------------------------
[2024-10-30 15:03:33] Memory change detected: 114 MB
               total        used        free      shared  buff/cache   available
Mem:            62Gi        14Gi        13Gi       253Mi        34Gi        46Gi
Swap:          8.0Gi          0B       8.0Gi
---------------------------------
[2024-10-30 15:03:33] Memory change detected: 102 MB
               total        used        free      shared  buff/cache   available
Mem:            62Gi        14Gi        12Gi       253Mi        34Gi        46Gi
Swap:          8.0Gi          0B       8.0Gi
---------------------------------
[2024-10-30 15:03:34] Memory change detected: 129 MB
               total        used        free      shared  buff/cache   available
Mem:            62Gi        14Gi        12Gi       253Mi        34Gi        46Gi
Swap:          8.0Gi          0B       8.0Gi
---------------------------------
[2024-10-30 15:03:34] Memory change detected: 162 MB
               total        used        free      shared  buff/cache   available
Mem:            62Gi        15Gi        12Gi       255Mi        34Gi        46Gi
Swap:          8.0Gi          0B       8.0Gi
---------------------------------
[2024-10-30 15:03:35] Memory change detected: 103 MB
               total        used        free      shared  buff/cache   available
Mem:            62Gi        15Gi        12Gi       255Mi        34Gi        46Gi
Swap:          8.0Gi          0B       8.0Gi
---------------------------------
[2024-10-30 15:03:36] Memory change detected: 104 MB
               total        used        free      shared  buff/cache   available
Mem:            62Gi        15Gi        12Gi       255Mi        34Gi        46Gi
Swap:          8.0Gi          0B       8.0Gi
---------------------------------
[2024-10-30 15:03:36] Memory change detected: 168 MB
               total        used        free      shared  buff/cache   available
Mem:            62Gi        15Gi        12Gi       255Mi        34Gi        46Gi
Swap:          8.0Gi          0B       8.0Gi
---------------------------------
[2024-10-30 15:03:36] Memory change detected: -164 MB
               total        used        free      shared  buff/cache   available
Mem:            62Gi        15Gi        12Gi       255Mi        34Gi        46Gi
Swap:          8.0Gi          0B       8.0Gi
---------------------------------
[2024-10-30 15:03:36] Memory change detected: 100 MB
               total        used        free      shared  buff/cache   available
Mem:            62Gi        15Gi        12Gi       255Mi        34Gi        46Gi
Swap:          8.0Gi          0B       8.0Gi
---------------------------------
[2024-10-30 15:03:37] Memory change detected: 101 MB
               total        used        free      shared  buff/cache   available
Mem:            62Gi        15Gi        12Gi       255Mi        34Gi        46Gi
Swap:          8.0Gi          0B       8.0Gi
---------------------------------
[2024-10-30 15:03:38] Memory change detected: 104 MB
               total        used        free      shared  buff/cache   available
Mem:            62Gi        15Gi        12Gi       255Mi        34Gi        45Gi
Swap:          8.0Gi          0B       8.0Gi
---------------------------------
[2024-10-30 15:03:38] Memory change detected: 117 MB
               total        used        free      shared  buff/cache   available
Mem:            62Gi        15Gi        12Gi       255Mi        34Gi        45Gi
Swap:          8.0Gi          0B       8.0Gi
---------------------------------
[2024-10-30 15:03:38] Memory change detected: 136 MB
               total        used        free      shared  buff/cache   available
Mem:            62Gi        15Gi        11Gi       255Mi        34Gi        45Gi
Swap:          8.0Gi          0B       8.0Gi
---------------------------------
[2024-10-30 15:03:39] Memory change detected: -284 MB
               total        used        free      shared  buff/cache   available
Mem:            62Gi        15Gi        12Gi       255Mi        34Gi        45Gi
Swap:          8.0Gi          0B       8.0Gi
---------------------------------
[2024-10-30 15:03:39] Memory change detected: 109 MB
               total        used        free      shared  buff/cache   available
Mem:            62Gi        15Gi        12Gi       255Mi        34Gi        45Gi
Swap:          8.0Gi          0B       8.0Gi
---------------------------------
[2024-10-30 15:03:40] Memory change detected: 128 MB
               total        used        free      shared  buff/cache   available
Mem:            62Gi        15Gi        11Gi       253Mi        34Gi        45Gi
Swap:          8.0Gi          0B       8.0Gi
---------------------------------
[2024-10-30 15:03:40] Memory change detected: 287 MB
               total        used        free      shared  buff/cache   available
Mem:            62Gi        16Gi        11Gi       253Mi        34Gi        45Gi
Swap:          8.0Gi          0B       8.0Gi
---------------------------------
[2024-10-30 15:03:42] Memory change detected: -102 MB
               total        used        free      shared  buff/cache   available
Mem:            62Gi        15Gi        11Gi       253Mi        34Gi        45Gi
Swap:          8.0Gi          0B       8.0Gi
---------------------------------
[2024-10-30 15:03:42] Memory change detected: -152 MB
               total        used        free      shared  buff/cache   available
Mem:            62Gi        15Gi        11Gi       253Mi        34Gi        45Gi
Swap:          8.0Gi          0B       8.0Gi
---------------------------------
[2024-10-30 15:03:43] Memory change detected: 100 MB
               total        used        free      shared  buff/cache   available
Mem:            62Gi        15Gi        11Gi       253Mi        34Gi        45Gi
Swap:          8.0Gi          0B       8.0Gi
---------------------------------
[2024-10-30 15:03:43] Memory change detected: 100 MB
               total        used        free      shared  buff/cache   available
Mem:            62Gi        16Gi        11Gi       253Mi        34Gi        45Gi
Swap:          8.0Gi          0B       8.0Gi
---------------------------------
[2024-10-30 15:03:44] Memory change detected: 106 MB
               total        used        free      shared  buff/cache   available
Mem:            62Gi        16Gi        11Gi       253Mi        34Gi        45Gi
Swap:          8.0Gi          0B       8.0Gi
---------------------------------
[2024-10-30 15:03:48] Memory change detected: 109 MB
               total        used        free      shared  buff/cache   available
Mem:            62Gi        16Gi        11Gi       253Mi        34Gi        45Gi
Swap:          8.0Gi          0B       8.0Gi
---------------------------------
[2024-10-30 15:03:51] Memory change detected: -104 MB
               total        used        free      shared  buff/cache   available
Mem:            62Gi        16Gi        11Gi       253Mi        34Gi        45Gi
Swap:          8.0Gi          0B       8.0Gi
---------------------------------
[2024-10-30 15:03:56] Memory change detected: 211 MB
               total        used        free      shared  buff/cache   available
Mem:            62Gi        16Gi        11Gi       261Mi        34Gi        45Gi
Swap:          8.0Gi          0B       8.0Gi
---------------------------------
[2024-10-30 15:03:57] Memory change detected: 227 MB
               total        used        free      shared  buff/cache   available
Mem:            62Gi        16Gi        11Gi       261Mi        34Gi        44Gi
Swap:          8.0Gi          0B       8.0Gi
---------------------------------
[2024-10-30 15:03:57] Memory change detected: 264 MB
               total        used        free      shared  buff/cache   available
Mem:            62Gi        16Gi        10Gi       260Mi        34Gi        44Gi
Swap:          8.0Gi          0B       8.0Gi
---------------------------------
[2024-10-30 15:03:57] Memory change detected: 389 MB
               total        used        free      shared  buff/cache   available
Mem:            62Gi        17Gi        10Gi       260Mi        34Gi        44Gi
Swap:          8.0Gi          0B       8.0Gi
---------------------------------
[2024-10-30 15:03:57] Memory change detected: -493 MB
               total        used        free      shared  buff/cache   available
Mem:            62Gi        16Gi        11Gi       261Mi        34Gi        44Gi
Swap:          8.0Gi          0B       8.0Gi
---------------------------------
[2024-10-30 15:03:57] Memory change detected: 100 MB
               total        used        free      shared  buff/cache   available
Mem:            62Gi        16Gi        10Gi       261Mi        34Gi        44Gi
Swap:          8.0Gi          0B       8.0Gi
---------------------------------
[2024-10-30 15:03:58] Memory change detected: -116 MB
               total        used        free      shared  buff/cache   available
Mem:            62Gi        16Gi        11Gi       261Mi        34Gi        44Gi
Swap:          8.0Gi          0B       8.0Gi
---------------------------------
[2024-10-30 15:03:58] Memory change detected: -532 MB
               total        used        free      shared  buff/cache   available
Mem:            62Gi        16Gi        11Gi       261Mi        34Gi        45Gi
Swap:          8.0Gi          0B       8.0Gi
---------------------------------
[2024-10-30 15:04:00] Memory change detected: -102 MB
               total        used        free      shared  buff/cache   available
Mem:            62Gi        16Gi        11Gi       261Mi        34Gi        45Gi
Swap:          8.0Gi          0B       8.0Gi
---------------------------------
[2024-10-30 15:04:28] Memory change detected: 106 MB
               total        used        free      shared  buff/cache   available
Mem:            62Gi        16Gi        11Gi       261Mi        34Gi        45Gi
Swap:          8.0Gi          0B       8.0Gi
---------------------------------
[2024-10-30 15:04:29] Memory change detected: 128 MB
               total        used        free      shared  buff/cache   available
Mem:            62Gi        16Gi        11Gi       261Mi        34Gi        45Gi
Swap:          8.0Gi          0B       8.0Gi
---------------------------------
[2024-10-30 15:04:29] Memory change detected: 183 MB
               total        used        free      shared  buff/cache   available
Mem:            62Gi        16Gi        11Gi       261Mi        34Gi        45Gi
Swap:          8.0Gi          0B       8.0Gi
---------------------------------
[2024-10-30 15:04:29] Memory change detected: 105 MB
               total        used        free      shared  buff/cache   available
Mem:            62Gi        16Gi        11Gi       261Mi        34Gi        44Gi
Swap:          8.0Gi          0B       8.0Gi
---------------------------------
[2024-10-30 15:04:33] Memory change detected: 105 MB
               total        used        free      shared  buff/cache   available
Mem:            62Gi        16Gi        10Gi       252Mi        34Gi        44Gi
Swap:          8.0Gi          0B       8.0Gi
---------------------------------
[2024-10-30 15:04:35] Memory change detected: -100 MB
               total        used        free      shared  buff/cache   available
Mem:            62Gi        16Gi        11Gi       252Mi        34Gi        44Gi
Swap:          8.0Gi          0B       8.0Gi
---------------------------------
[2024-10-30 15:05:02] Memory change detected: 213 MB
               total        used        free      shared  buff/cache   available
Mem:            62Gi        16Gi        10Gi       252Mi        34Gi        44Gi
Swap:          8.0Gi          0B       8.0Gi
---------------------------------
[2024-10-30 15:05:02] Memory change detected: 122 MB
               total        used        free      shared  buff/cache   available
Mem:            62Gi        16Gi        10Gi       252Mi        34Gi        44Gi
Swap:          8.0Gi          0B       8.0Gi
---------------------------------
[2024-10-30 15:05:03] Memory change detected: 125 MB
               total        used        free      shared  buff/cache   available
Mem:            62Gi        17Gi        10Gi       252Mi        34Gi        44Gi
Swap:          8.0Gi          0B       8.0Gi
---------------------------------
[2024-10-30 15:05:03] Memory change detected: 206 MB
               total        used        free      shared  buff/cache   available
Mem:            62Gi        17Gi        10Gi       252Mi        34Gi        44Gi
Swap:          8.0Gi          0B       8.0Gi
---------------------------------
[2024-10-30 15:05:03] Memory change detected: 173 MB
               total        used        free      shared  buff/cache   available
Mem:            62Gi        17Gi        10Gi       252Mi        34Gi        44Gi
Swap:          8.0Gi          0B       8.0Gi
---------------------------------
[2024-10-30 15:05:03] Memory change detected: 162 MB
               total        used        free      shared  buff/cache   available
Mem:            62Gi        17Gi       9.8Gi       260Mi        35Gi        43Gi
Swap:          8.0Gi          0B       8.0Gi
---------------------------------
[2024-10-30 15:05:03] Memory change detected: 150 MB
               total        used        free      shared  buff/cache   available
Mem:            62Gi        17Gi       9.5Gi       262Mi        35Gi        43Gi
Swap:          8.0Gi          0B       8.0Gi
---------------------------------
[2024-10-30 15:05:03] Memory change detected: 108 MB
               total        used        free      shared  buff/cache   available
Mem:            62Gi        17Gi       9.4Gi       262Mi        35Gi        43Gi
Swap:          8.0Gi          0B       8.0Gi
---------------------------------
[2024-10-30 15:05:03] Memory change detected: 140 MB
               total        used        free      shared  buff/cache   available
Mem:            62Gi        18Gi       9.2Gi       262Mi        35Gi        43Gi
Swap:          8.0Gi          0B       8.0Gi
---------------------------------
[2024-10-30 15:05:04] Memory change detected: 146 MB
               total        used        free      shared  buff/cache   available
Mem:            62Gi        18Gi       9.1Gi       262Mi        35Gi        43Gi
Swap:          8.0Gi          0B       8.0Gi
---------------------------------
[2024-10-30 15:05:04] Memory change detected: 133 MB
               total        used        free      shared  buff/cache   available
Mem:            62Gi        18Gi       8.9Gi       262Mi        35Gi        43Gi
Swap:          8.0Gi          0B       8.0Gi
---------------------------------
[2024-10-30 15:05:04] Memory change detected: 120 MB
               total        used        free      shared  buff/cache   available
Mem:            62Gi        18Gi       8.9Gi       262Mi        35Gi        43Gi
Swap:          8.0Gi          0B       8.0Gi
---------------------------------
[2024-10-30 15:05:04] Memory change detected: 107 MB
               total        used        free      shared  buff/cache   available
Mem:            62Gi        18Gi       8.6Gi       262Mi        35Gi        43Gi
Swap:          8.0Gi          0B       8.0Gi
---------------------------------
[2024-10-30 15:05:04] Memory change detected: 130 MB
               total        used        free      shared  buff/cache   available
Mem:            62Gi        18Gi       8.5Gi       262Mi        35Gi        42Gi
Swap:          8.0Gi          0B       8.0Gi
---------------------------------
[2024-10-30 15:05:04] Memory change detected: 161 MB
               total        used        free      shared  buff/cache   available
Mem:            62Gi        18Gi       8.2Gi       262Mi        35Gi        42Gi
Swap:          8.0Gi          0B       8.0Gi
---------------------------------
[2024-10-30 15:05:04] Memory change detected: 172 MB
               total        used        free      shared  buff/cache   available
Mem:            62Gi        18Gi       8.0Gi       262Mi        35Gi        42Gi
Swap:          8.0Gi          0B       8.0Gi
---------------------------------
[2024-10-30 15:05:05] Memory change detected: 112 MB
               total        used        free      shared  buff/cache   available
Mem:            62Gi        19Gi       7.9Gi       260Mi        35Gi        42Gi
Swap:          8.0Gi          0B       8.0Gi
---------------------------------
[2024-10-30 15:05:05] Memory change detected: 166 MB
               total        used        free      shared  buff/cache   available
Mem:            62Gi        19Gi       7.7Gi       260Mi        35Gi        42Gi
Swap:          8.0Gi          0B       8.0Gi
---------------------------------
[2024-10-30 15:05:05] Memory change detected: 146 MB
               total        used        free      shared  buff/cache   available
Mem:            62Gi        19Gi       7.5Gi       260Mi        35Gi        42Gi
Swap:          8.0Gi          0B       8.0Gi
---------------------------------
[2024-10-30 15:05:05] Memory change detected: 117 MB
               total        used        free      shared  buff/cache   available
Mem:            62Gi        19Gi       7.3Gi       260Mi        35Gi        42Gi
Swap:          8.0Gi          0B       8.0Gi
---------------------------------
[2024-10-30 15:05:05] Memory change detected: 109 MB
               total        used        free      shared  buff/cache   available
Mem:            62Gi        19Gi       7.2Gi       268Mi        35Gi        41Gi
Swap:          8.0Gi          0B       8.0Gi
---------------------------------
[2024-10-30 15:05:05] Memory change detected: 152 MB
               total        used        free      shared  buff/cache   available
Mem:            62Gi        19Gi       7.0Gi       268Mi        35Gi        41Gi
Swap:          8.0Gi          0B       8.0Gi
---------------------------------
[2024-10-30 15:05:05] Memory change detected: -536 MB
               total        used        free      shared  buff/cache   available
Mem:            62Gi        19Gi       7.6Gi       268Mi        35Gi        42Gi
Swap:          8.0Gi          0B       8.0Gi
---------------------------------
[2024-10-30 15:05:06] Memory change detected: 184 MB
               total        used        free      shared  buff/cache   available
Mem:            62Gi        19Gi       7.3Gi       264Mi        35Gi        42Gi
Swap:          8.0Gi          0B       8.0Gi
---------------------------------
[2024-10-30 15:05:06] Memory change detected: 111 MB
               total        used        free      shared  buff/cache   available
Mem:            62Gi        19Gi       7.2Gi       264Mi        35Gi        42Gi
Swap:          8.0Gi          0B       8.0Gi
---------------------------------
[2024-10-30 15:05:06] Memory change detected: 212 MB
               total        used        free      shared  buff/cache   available
Mem:            62Gi        19Gi       7.0Gi       264Mi        35Gi        41Gi
Swap:          8.0Gi          0B       8.0Gi
---------------------------------
[2024-10-30 15:05:06] Memory change detected: 146 MB
               total        used        free      shared  buff/cache   available
Mem:            62Gi        19Gi       6.8Gi       266Mi        35Gi        41Gi
Swap:          8.0Gi          0B       8.0Gi
---------------------------------
[2024-10-30 15:05:06] Memory change detected: 108 MB
               total        used        free      shared  buff/cache   available
Mem:            62Gi        19Gi       6.6Gi       266Mi        35Gi        41Gi
Swap:          8.0Gi          0B       8.0Gi
---------------------------------
[2024-10-30 15:05:06] Memory change detected: 116 MB
               total        used        free      shared  buff/cache   available
Mem:            62Gi        20Gi       6.5Gi       266Mi        35Gi        41Gi
Swap:          8.0Gi          0B       8.0Gi
---------------------------------
[2024-10-30 15:05:07] Memory change detected: 109 MB
               total        used        free      shared  buff/cache   available
Mem:            62Gi        20Gi       6.3Gi       266Mi        36Gi        41Gi
Swap:          8.0Gi          0B       8.0Gi
---------------------------------
[2024-10-30 15:05:07] Memory change detected: 138 MB
               total        used        free      shared  buff/cache   available
Mem:            62Gi        20Gi       6.2Gi       266Mi        36Gi        41Gi
Swap:          8.0Gi          0B       8.0Gi
---------------------------------
[2024-10-30 15:05:07] Memory change detected: 154 MB
               total        used        free      shared  buff/cache   available
Mem:            62Gi        20Gi       6.0Gi       266Mi        36Gi        41Gi
Swap:          8.0Gi          0B       8.0Gi
---------------------------------
[2024-10-30 15:05:07] Memory change detected: 149 MB
               total        used        free      shared  buff/cache   available
Mem:            62Gi        20Gi       5.8Gi       266Mi        36Gi        40Gi
Swap:          8.0Gi          0B       8.0Gi
---------------------------------
[2024-10-30 15:05:07] Memory change detected: 148 MB
               total        used        free      shared  buff/cache   available
Mem:            62Gi        20Gi       5.7Gi       266Mi        36Gi        40Gi
Swap:          8.0Gi          0B       8.0Gi
---------------------------------
[2024-10-30 15:05:07] Memory change detected: 102 MB
               total        used        free      shared  buff/cache   available
Mem:            62Gi        20Gi       5.6Gi       266Mi        36Gi        40Gi
Swap:          8.0Gi          0B       8.0Gi
---------------------------------
[2024-10-30 15:05:07] Memory change detected: 112 MB
               total        used        free      shared  buff/cache   available
Mem:            62Gi        20Gi       5.5Gi       266Mi        36Gi        40Gi
Swap:          8.0Gi          0B       8.0Gi
---------------------------------
[2024-10-30 15:05:08] Memory change detected: 102 MB
               total        used        free      shared  buff/cache   available
Mem:            62Gi        21Gi       5.3Gi       266Mi        36Gi        40Gi
Swap:          8.0Gi          0B       8.0Gi
---------------------------------
[2024-10-30 15:05:08] Memory change detected: 102 MB
               total        used        free      shared  buff/cache   available
Mem:            62Gi        21Gi       5.1Gi       267Mi        36Gi        40Gi
Swap:          8.0Gi          0B       8.0Gi
---------------------------------
[2024-10-30 15:05:09] Memory change detected: 117 MB
               total        used        free      shared  buff/cache   available
Mem:            62Gi        21Gi       5.0Gi       268Mi        36Gi        40Gi
Swap:          8.0Gi          0B       8.0Gi
---------------------------------
[2024-10-30 15:05:19] Memory change detected: 271 MB
               total        used        free      shared  buff/cache   available
Mem:            62Gi        21Gi       4.9Gi       268Mi        36Gi        40Gi
Swap:          8.0Gi          0B       8.0Gi
---------------------------------
[2024-10-30 15:05:20] Memory change detected: 127 MB
               total        used        free      shared  buff/cache   available
Mem:            62Gi        21Gi       4.6Gi       268Mi        36Gi        39Gi
Swap:          8.0Gi          0B       8.0Gi
---------------------------------
[2024-10-30 15:05:20] Memory change detected: 113 MB
               total        used        free      shared  buff/cache   available
Mem:            62Gi        21Gi       4.5Gi       268Mi        36Gi        39Gi
Swap:          8.0Gi          0B       8.0Gi
---------------------------------
[2024-10-30 15:05:20] Memory change detected: 119 MB
               total        used        free      shared  buff/cache   available
Mem:            62Gi        21Gi       4.3Gi       268Mi        36Gi        39Gi
Swap:          8.0Gi          0B       8.0Gi
---------------------------------
[2024-10-30 15:05:20] Memory change detected: 100 MB
               total        used        free      shared  buff/cache   available
Mem:            62Gi        21Gi       4.3Gi       268Mi        36Gi        39Gi
Swap:          8.0Gi          0B       8.0Gi
---------------------------------
[2024-10-30 15:05:21] Memory change detected: 122 MB
               total        used        free      shared  buff/cache   available
Mem:            62Gi        22Gi       4.1Gi       268Mi        36Gi        39Gi
Swap:          8.0Gi          0B       8.0Gi
---------------------------------
[2024-10-30 15:05:21] Memory change detected: 134 MB
               total        used        free      shared  buff/cache   available
Mem:            62Gi        22Gi       4.0Gi       268Mi        36Gi        39Gi
Swap:          8.0Gi          0B       8.0Gi
---------------------------------
[2024-10-30 15:05:21] Memory change detected: 113 MB
               total        used        free      shared  buff/cache   available
Mem:            62Gi        22Gi       3.9Gi       268Mi        36Gi        39Gi
Swap:          8.0Gi          0B       8.0Gi
---------------------------------
[2024-10-30 15:05:21] Memory change detected: 108 MB
               total        used        free      shared  buff/cache   available
Mem:            62Gi        22Gi       3.8Gi       268Mi        36Gi        39Gi
Swap:          8.0Gi          0B       8.0Gi
---------------------------------
[2024-10-30 15:05:22] Memory change detected: 435 MB
               total        used        free      shared  buff/cache   available
Mem:            62Gi        23Gi       3.2Gi       268Mi        36Gi        38Gi
Swap:          8.0Gi          0B       8.0Gi
---------------------------------
[2024-10-30 15:05:22] Memory change detected: 650 MB
               total        used        free      shared  buff/cache   available
Mem:            62Gi        23Gi       2.8Gi       268Mi        36Gi        38Gi
Swap:          8.0Gi          0B       8.0Gi
---------------------------------
[2024-10-30 15:05:22] Memory change detected: -221 MB
               total        used        free      shared  buff/cache   available
Mem:            62Gi        23Gi       3.1Gi       268Mi        36Gi        38Gi
Swap:          8.0Gi          0B       8.0Gi
---------------------------------
[2024-10-30 15:05:22] Memory change detected: -306 MB
               total        used        free      shared  buff/cache   available
Mem:            62Gi        22Gi       3.2Gi       268Mi        36Gi        38Gi
Swap:          8.0Gi          0B       8.0Gi
---------------------------------
[2024-10-30 15:05:22] Memory change detected: 221 MB
               total        used        free      shared  buff/cache   available
Mem:            62Gi        23Gi       3.0Gi       268Mi        36Gi        38Gi
Swap:          8.0Gi          0B       8.0Gi
---------------------------------
[2024-10-30 15:05:22] Memory change detected: 279 MB
               total        used        free      shared  buff/cache   available
Mem:            62Gi        23Gi       2.7Gi       269Mi        36Gi        38Gi
Swap:          8.0Gi          0B       8.0Gi
---------------------------------
[2024-10-30 15:05:22] Memory change detected: -189 MB
               total        used        free      shared  buff/cache   available
Mem:            62Gi        23Gi       2.9Gi       268Mi        36Gi        38Gi
Swap:          8.0Gi          0B       8.0Gi
---------------------------------
[2024-10-30 15:05:22] Memory change detected: 209 MB
               total        used        free      shared  buff/cache   available
Mem:            62Gi        23Gi       2.7Gi       268Mi        36Gi        38Gi
Swap:          8.0Gi          0B       8.0Gi
---------------------------------
[2024-10-30 15:05:22] Memory change detected: 164 MB
               total        used        free      shared  buff/cache   available
Mem:            62Gi        23Gi       2.6Gi       268Mi        36Gi        37Gi
Swap:          8.0Gi          0B       8.0Gi
---------------------------------
[2024-10-30 15:05:23] Memory change detected: -136 MB
               total        used        free      shared  buff/cache   available
Mem:            62Gi        23Gi       2.7Gi       268Mi        36Gi        38Gi
Swap:          8.0Gi          0B       8.0Gi
---------------------------------
[2024-10-30 15:05:23] Memory change detected: 127 MB
               total        used        free      shared  buff/cache   available
Mem:            62Gi        23Gi       2.6Gi       268Mi        36Gi        37Gi
Swap:          8.0Gi          0B       8.0Gi
---------------------------------
[2024-10-30 15:05:37] Memory change detected: 185 MB
               total        used        free      shared  buff/cache   available
Mem:            62Gi        23Gi       2.4Gi       268Mi        36Gi        37Gi
Swap:          8.0Gi          0B       8.0Gi
---------------------------------
[2024-10-30 15:05:37] Memory change detected: -443 MB
               total        used        free      shared  buff/cache   available
Mem:            62Gi        23Gi       2.8Gi       268Mi        36Gi        38Gi
Swap:          8.0Gi          0B       8.0Gi
---------------------------------
[2024-10-30 15:05:37] Memory change detected: 132 MB
               total        used        free      shared  buff/cache   available
Mem:            62Gi        23Gi       2.7Gi       268Mi        36Gi        37Gi
Swap:          8.0Gi          0B       8.0Gi
---------------------------------
[2024-10-30 15:05:37] Memory change detected: 153 MB
               total        used        free      shared  buff/cache   available
Mem:            62Gi        23Gi       2.6Gi       268Mi        36Gi        37Gi
Swap:          8.0Gi          0B       8.0Gi
---------------------------------
[2024-10-30 15:05:43] Memory change detected: 100 MB
               total        used        free      shared  buff/cache   available
Mem:            62Gi        23Gi       2.5Gi       268Mi        36Gi        37Gi
Swap:          8.0Gi          0B       8.0Gi
---------------------------------
[2024-10-30 15:05:54] Memory change detected: 175 MB
               total        used        free      shared  buff/cache   available
Mem:            62Gi        23Gi       2.5Gi       268Mi        36Gi        37Gi
Swap:          8.0Gi          0B       8.0Gi
---------------------------------
[2024-10-30 15:05:55] Memory change detected: 108 MB
               total        used        free      shared  buff/cache   available
Mem:            62Gi        24Gi       2.2Gi       268Mi        36Gi        37Gi
Swap:          8.0Gi          0B       8.0Gi
---------------------------------
[2024-10-30 15:05:55] Memory change detected: 110 MB
               total        used        free      shared  buff/cache   available
Mem:            62Gi        24Gi       2.1Gi       268Mi        36Gi        37Gi
Swap:          8.0Gi          0B       8.0Gi
---------------------------------
[2024-10-30 15:05:55] Memory change detected: 128 MB
               total        used        free      shared  buff/cache   available
Mem:            62Gi        24Gi       2.0Gi       268Mi        36Gi        37Gi
Swap:          8.0Gi          0B       8.0Gi
---------------------------------
[2024-10-30 15:05:56] Memory change detected: 100 MB
               total        used        free      shared  buff/cache   available
Mem:            62Gi        24Gi       1.9Gi       268Mi        36Gi        37Gi
Swap:          8.0Gi          0B       8.0Gi
---------------------------------
[2024-10-30 15:05:56] Memory change detected: 179 MB
               total        used        free      shared  buff/cache   available
Mem:            62Gi        24Gi       1.6Gi       268Mi        36Gi        36Gi
Swap:          8.0Gi          0B       8.0Gi
---------------------------------
[2024-10-30 15:05:57] Memory change detected: 355 MB
               total        used        free      shared  buff/cache   available
Mem:            62Gi        24Gi       2.0Gi       268Mi        36Gi        37Gi
Swap:          8.0Gi          0B       8.0Gi
---------------------------------
[2024-10-30 15:05:57] Memory change detected: -507 MB
               total        used        free      shared  buff/cache   available
Mem:            62Gi        24Gi       1.8Gi       268Mi        36Gi        37Gi
Swap:          8.0Gi          0B       8.0Gi
---------------------------------
[2024-10-30 15:05:57] Memory change detected: 230 MB
               total        used        free      shared  buff/cache   available
Mem:            62Gi        24Gi       1.6Gi       268Mi        36Gi        36Gi
Swap:          8.0Gi          0B       8.0Gi
---------------------------------
[2024-10-30 15:05:57] Memory change detected: 273 MB
               total        used        free      shared  buff/cache   available
Mem:            62Gi        24Gi       1.3Gi       268Mi        36Gi        36Gi
Swap:          8.0Gi          0B       8.0Gi
---------------------------------
[2024-10-30 15:05:57] Memory change detected: -665 MB
               total        used        free      shared  buff/cache   available
Mem:            62Gi        24Gi       2.0Gi       268Mi        36Gi        37Gi
Swap:          8.0Gi          0B       8.0Gi
---------------------------------
[2024-10-30 15:05:57] Memory change detected: 147 MB
               total        used        free      shared  buff/cache   available
Mem:            62Gi        24Gi       1.8Gi       268Mi        36Gi        37Gi
Swap:          8.0Gi          0B       8.0Gi
---------------------------------
[2024-10-30 15:06:13] Memory change detected: 106 MB
               total        used        free      shared  buff/cache   available
Mem:            62Gi        24Gi       1.7Gi       268Mi        36Gi        37Gi
Swap:          8.0Gi          0B       8.0Gi
---------------------------------
[2024-10-30 15:06:13] Memory change detected: 137 MB
               total        used        free      shared  buff/cache   available
Mem:            62Gi        24Gi       1.8Gi       268Mi        36Gi        37Gi
Swap:          8.0Gi          0B       8.0Gi
---------------------------------
[2024-10-30 15:06:14] Memory change detected: 161 MB
               total        used        free      shared  buff/cache   available
Mem:            62Gi        24Gi       1.5Gi       268Mi        36Gi        36Gi
Swap:          8.0Gi          0B       8.0Gi
---------------------------------
[2024-10-30 15:06:14] Memory change detected: 104 MB
               total        used        free      shared  buff/cache   available
Mem:            62Gi        24Gi       1.4Gi       268Mi        36Gi        36Gi
Swap:          8.0Gi          0B       8.0Gi
---------------------------------
[2024-10-30 15:06:15] Memory change detected: 113 MB
               total        used        free      shared  buff/cache   available
Mem:            62Gi        24Gi       1.2Gi       268Mi        36Gi        36Gi
Swap:          8.0Gi          0B       8.0Gi
---------------------------------
[2024-10-30 15:06:15] Memory change detected: 103 MB
               total        used        free      shared  buff/cache   available
Mem:            62Gi        25Gi       1.1Gi       268Mi        36Gi        36Gi
Swap:          8.0Gi          0B       8.0Gi
---------------------------------
[2024-10-30 15:06:15] Memory change detected: 101 MB
               total        used        free      shared  buff/cache   available
Mem:            62Gi        25Gi       1.0Gi       268Mi        36Gi        36Gi
Swap:          8.0Gi          0B       8.0Gi
---------------------------------
[2024-10-30 15:06:16] Memory change detected: -214 MB
               total        used        free      shared  buff/cache   available
Mem:            62Gi        24Gi       1.2Gi       268Mi        36Gi        36Gi
Swap:          8.0Gi          0B       8.0Gi
---------------------------------
[2024-10-30 15:06:16] Memory change detected: 181 MB
               total        used        free      shared  buff/cache   available
Mem:            62Gi        25Gi       1.0Gi       268Mi        36Gi        36Gi
Swap:          8.0Gi          0B       8.0Gi
---------------------------------
[2024-10-30 15:06:16] Memory change detected: 250 MB
               total        used        free      shared  buff/cache   available
Mem:            62Gi        25Gi       840Mi       268Mi        36Gi        36Gi
Swap:          8.0Gi          0B       8.0Gi
---------------------------------
[2024-10-30 15:06:16] Memory change detected: 116 MB
               total        used        free      shared  buff/cache   available
Mem:            62Gi        25Gi       702Mi       268Mi        36Gi        36Gi
Swap:          8.0Gi          0B       8.0Gi
---------------------------------
[2024-10-30 15:06:16] Memory change detected: 243 MB
               total        used        free      shared  buff/cache   available
Mem:            62Gi        25Gi       1.0Gi       268Mi        36Gi        36Gi
Swap:          8.0Gi          0B       8.0Gi
---------------------------------
[2024-10-30 15:06:16] Memory change detected: -678 MB
               total        used        free      shared  buff/cache   available
Mem:            62Gi        25Gi       1.1Gi       268Mi        36Gi        36Gi
Swap:          8.0Gi          0B       8.0Gi
---------------------------------
[2024-10-30 15:06:16] Memory change detected: -107 MB
               total        used        free      shared  buff/cache   available
Mem:            62Gi        24Gi       1.2Gi       268Mi        36Gi        36Gi
Swap:          8.0Gi          0B       8.0Gi
---------------------------------
[2024-10-30 15:06:17] Memory change detected: -121 MB
               total        used        free      shared  buff/cache   available
Mem:            62Gi        24Gi       1.4Gi       268Mi        36Gi        36Gi
Swap:          8.0Gi          0B       8.0Gi
---------------------------------
[2024-10-30 15:06:18] Memory change detected: -190 MB
               total        used        free      shared  buff/cache   available
Mem:            62Gi        24Gi       1.5Gi       268Mi        36Gi        36Gi
Swap:          8.0Gi          0B       8.0Gi
---------------------------------
[2024-10-30 15:06:18] Memory change detected: 101 MB
               total        used        free      shared  buff/cache   available
Mem:            62Gi        24Gi       1.4Gi       268Mi        36Gi        36Gi
Swap:          8.0Gi          0B       8.0Gi
---------------------------------
[2024-10-30 15:06:18] Memory change detected: 114 MB
               total        used        free      shared  buff/cache   available
Mem:            62Gi        24Gi       1.3Gi       268Mi        36Gi        36Gi
Swap:          8.0Gi          0B       8.0Gi
---------------------------------
[2024-10-30 15:06:18] Memory change detected: 154 MB
               total        used        free      shared  buff/cache   available
Mem:            62Gi        25Gi       1.2Gi       268Mi        36Gi        36Gi
Swap:          8.0Gi          0B       8.0Gi
---------------------------------
[2024-10-30 15:06:21] Memory change detected: 100 MB
               total        used        free      shared  buff/cache   available
Mem:            62Gi        25Gi       1.1Gi       268Mi        36Gi        36Gi
Swap:          8.0Gi          0B       8.0Gi
---------------------------------
[2024-10-30 15:06:23] Memory change detected: 109 MB
               total        used        free      shared  buff/cache   available
Mem:            62Gi        25Gi       1.0Gi       268Mi        36Gi        36Gi
Swap:          8.0Gi          0B       8.0Gi
---------------------------------
[2024-10-30 15:06:23] Memory change detected: 111 MB
               total        used        free      shared  buff/cache   available
Mem:            62Gi        25Gi       899Mi       268Mi        36Gi        36Gi
Swap:          8.0Gi          0B       8.0Gi
---------------------------------
[2024-10-30 15:06:24] Memory change detected: 122 MB
               total        used        free      shared  buff/cache   available
Mem:            62Gi        25Gi       713Mi       268Mi        36Gi        36Gi
Swap:          8.0Gi          0B       8.0Gi
---------------------------------
[2024-10-30 15:06:24] Memory change detected: 166 MB
               total        used        free      shared  buff/cache   available
Mem:            62Gi        25Gi       609Mi       268Mi        36Gi        35Gi
Swap:          8.0Gi          0B       8.0Gi
---------------------------------
[2024-10-30 15:06:25] Memory change detected: 101 MB
               total        used        free      shared  buff/cache   available
Mem:            62Gi        25Gi       481Mi       268Mi        36Gi        35Gi
Swap:          8.0Gi          0B       8.0Gi
---------------------------------
[2024-10-30 15:06:25] Memory change detected: 151 MB
               total        used        free      shared  buff/cache   available
Mem:            62Gi        25Gi       474Mi       268Mi        36Gi        35Gi
Swap:          8.0Gi          0B       8.0Gi
---------------------------------
[2024-10-30 15:06:25] Memory change detected: 106 MB
               total        used        free      shared  buff/cache   available
Mem:            62Gi        25Gi       653Mi       268Mi        35Gi        35Gi
Swap:          8.0Gi          0B       8.0Gi
---------------------------------
[2024-10-30 15:06:25] Memory change detected: 114 MB
               total        used        free      shared  buff/cache   available
Mem:            62Gi        26Gi       787Mi       268Mi        35Gi        34Gi
Swap:          8.0Gi          0B       8.0Gi
---------------------------------
[2024-10-30 15:06:26] Memory change detected: 106 MB
               total        used        free      shared  buff/cache   available
Mem:            62Gi        26Gi       1.1Gi       268Mi        35Gi        35Gi
Swap:          8.0Gi          0B       8.0Gi
---------------------------------
[2024-10-30 15:06:26] Memory change detected: 124 MB
               total        used        free      shared  buff/cache   available
Mem:            62Gi        26Gi       953Mi       268Mi        35Gi        35Gi
Swap:          8.0Gi          0B       8.0Gi
---------------------------------
[2024-10-30 15:06:26] Memory change detected: 114 MB
               total        used        free      shared  buff/cache   available
Mem:            62Gi        26Gi       825Mi       268Mi        35Gi        35Gi
Swap:          8.0Gi          0B       8.0Gi
---------------------------------
[2024-10-30 15:06:26] Memory change detected: 168 MB
               total        used        free      shared  buff/cache   available
Mem:            62Gi        26Gi       641Mi       268Mi        35Gi        34Gi
Swap:          8.0Gi          0B       8.0Gi
---------------------------------
[2024-10-30 15:06:26] Memory change detected: 123 MB
               total        used        free      shared  buff/cache   available
Mem:            62Gi        26Gi       656Mi       268Mi        35Gi        34Gi
Swap:          8.0Gi          0B       8.0Gi
---------------------------------
[2024-10-30 15:06:27] Memory change detected: 125 MB
               total        used        free      shared  buff/cache   available
Mem:            62Gi        26Gi       529Mi       268Mi        35Gi        34Gi
Swap:          8.0Gi          0B       8.0Gi
---------------------------------
[2024-10-30 15:06:41] Memory change detected: 102 MB
               total        used        free      shared  buff/cache   available
Mem:            62Gi        26Gi       657Mi       256Mi        34Gi        34Gi
Swap:          8.0Gi       0.0Ki       8.0Gi
---------------------------------
[2024-10-30 15:06:42] Memory change detected: 150 MB
               total        used        free      shared  buff/cache   available
Mem:            62Gi        26Gi       808Mi       256Mi        34Gi        34Gi
Swap:          8.0Gi       0.0Ki       8.0Gi
---------------------------------
[2024-10-30 15:06:43] Memory change detected: 106 MB
               total        used        free      shared  buff/cache   available
Mem:            62Gi        27Gi       584Mi       256Mi        34Gi        34Gi
Swap:          8.0Gi       0.0Ki       8.0Gi
---------------------------------
[2024-10-30 15:06:44] Memory change detected: 143 MB
               total        used        free      shared  buff/cache   available
Mem:            62Gi        27Gi       826Mi       256Mi        34Gi        34Gi
Swap:          8.0Gi       0.0Ki       8.0Gi
---------------------------------
[2024-10-30 15:06:45] Memory change detected: 112 MB
               total        used        free      shared  buff/cache   available
Mem:            62Gi        27Gi       931Mi       256Mi        34Gi        34Gi
Swap:          8.0Gi       0.0Ki       8.0Gi
---------------------------------
[2024-10-30 15:06:45] Memory change detected: 212 MB
               total        used        free      shared  buff/cache   available
Mem:            62Gi        27Gi       700Mi       256Mi        34Gi        33Gi
Swap:          8.0Gi       0.0Ki       8.0Gi
---------------------------------
[2024-10-30 15:06:45] Memory change detected: -124 MB
               total        used        free      shared  buff/cache   available
Mem:            62Gi        27Gi       922Mi       256Mi        33Gi        33Gi
Swap:          8.0Gi       0.0Ki       8.0Gi
---------------------------------
[2024-10-30 15:06:45] Memory change detected: -165 MB
               total        used        free      shared  buff/cache   available
Mem:            62Gi        27Gi       1.1Gi       256Mi        33Gi        34Gi
Swap:          8.0Gi       0.0Ki       8.0Gi
---------------------------------
[2024-10-30 15:06:45] Memory change detected: 264 MB
               total        used        free      shared  buff/cache   available
Mem:            62Gi        27Gi       911Mi       256Mi        33Gi        33Gi
Swap:          8.0Gi       0.0Ki       8.0Gi
---------------------------------
[2024-10-30 15:06:45] Memory change detected: -134 MB
               total        used        free      shared  buff/cache   available
Mem:            62Gi        27Gi       979Mi       256Mi        33Gi        33Gi
Swap:          8.0Gi       0.0Ki       8.0Gi
---------------------------------
[2024-10-30 15:06:45] Memory change detected: 205 MB
               total        used        free      shared  buff/cache   available
Mem:            62Gi        27Gi       846Mi       256Mi        33Gi        33Gi
Swap:          8.0Gi       0.0Ki       8.0Gi
---------------------------------
[2024-10-30 15:06:45] Memory change detected: 110 MB
               total        used        free      shared  buff/cache   available
Mem:            62Gi        27Gi       744Mi       256Mi        33Gi        33Gi
Swap:          8.0Gi       0.0Ki       8.0Gi
---------------------------------
[2024-10-30 15:06:46] Memory change detected: -214 MB
               total        used        free      shared  buff/cache   available
Mem:            62Gi        27Gi       952Mi       256Mi        33Gi        33Gi
Swap:          8.0Gi       0.0Ki       8.0Gi
---------------------------------
[2024-10-30 15:06:46] Memory change detected: -756 MB
               total        used        free      shared  buff/cache   available
Mem:            62Gi        26Gi       1.7Gi       256Mi        33Gi        34Gi
Swap:          8.0Gi       0.0Ki       8.0Gi
---------------------------------
[2024-10-30 15:06:49] Memory change detected: -108 MB
               total        used        free      shared  buff/cache   available
Mem:            62Gi        26Gi       1.8Gi       256Mi        33Gi        34Gi
Swap:          8.0Gi       0.0Ki       8.0Gi
---------------------------------
[2024-10-30 15:07:02] Memory change detected: 109 MB
               total        used        free      shared  buff/cache   available
Mem:            62Gi        26Gi       1.7Gi       256Mi        33Gi        34Gi
Swap:          8.0Gi       0.0Ki       8.0Gi
---------------------------------
[2024-10-30 15:07:15] Memory change detected: 103 MB
               total        used        free      shared  buff/cache   available
Mem:            62Gi        26Gi       1.6Gi       259Mi        33Gi        34Gi
Swap:          8.0Gi       0.0Ki       8.0Gi
---------------------------------
[2024-10-30 15:07:31] Memory change detected: 101 MB
               total        used        free      shared  buff/cache   available
Mem:            62Gi        27Gi       1.5Gi       269Mi        34Gi        34Gi
Swap:          8.0Gi       0.0Ki       8.0Gi
---------------------------------
[2024-10-30 15:07:31] Memory change detected: 110 MB
               total        used        free      shared  buff/cache   available
Mem:            62Gi        27Gi       1.3Gi       269Mi        34Gi        34Gi
Swap:          8.0Gi       0.0Ki       8.0Gi
---------------------------------
[2024-10-30 15:07:32] Memory change detected: 101 MB
               total        used        free      shared  buff/cache   available
Mem:            62Gi        27Gi       1.2Gi       267Mi        34Gi        34Gi
Swap:          8.0Gi       0.0Ki       8.0Gi
---------------------------------
[2024-10-30 15:07:33] Memory change detected: 101 MB
               total        used        free      shared  buff/cache   available
Mem:            62Gi        27Gi       1.1Gi       267Mi        34Gi        34Gi
Swap:          8.0Gi       0.0Ki       8.0Gi
---------------------------------
[2024-10-30 15:07:48] Memory change detected: 106 MB
               total        used        free      shared  buff/cache   available
Mem:            62Gi        27Gi       999Mi       266Mi        34Gi        34Gi
Swap:          8.0Gi       0.0Ki       8.0Gi
---------------------------------
[2024-10-30 15:07:53] Memory change detected: -102 MB
               total        used        free      shared  buff/cache   available
Mem:            62Gi        27Gi       1.1Gi       266Mi        34Gi        34Gi
Swap:          8.0Gi       0.0Ki       8.0Gi
---------------------------------
[2024-10-30 15:07:56] Memory change detected: 101 MB
               total        used        free      shared  buff/cache   available
Mem:            62Gi        27Gi       1.0Gi       263Mi        34Gi        34Gi
Swap:          8.0Gi       0.0Ki       8.0Gi
---------------------------------
[2024-10-30 15:08:00] Memory change detected: -112 MB
               total        used        free      shared  buff/cache   available
Mem:            62Gi        27Gi       1.1Gi       263Mi        34Gi        34Gi
Swap:          8.0Gi       0.0Ki       8.0Gi
---------------------------------
[2024-10-30 15:08:20] Memory change detected: 105 MB
               total        used        free      shared  buff/cache   available
Mem:            62Gi        27Gi       1.0Gi       260Mi        34Gi        34Gi
Swap:          8.0Gi       0.0Ki       8.0Gi
---------------------------------
[2024-10-30 15:08:52] Memory change detected: 125 MB
               total        used        free      shared  buff/cache   available
Mem:            62Gi        27Gi       891Mi       266Mi        34Gi        33Gi
Swap:          8.0Gi       0.0Ki       8.0Gi
---------------------------------
[2024-10-30 15:08:59] Memory change detected: -103 MB
               total        used        free      shared  buff/cache   available
Mem:            62Gi        27Gi       993Mi       261Mi        34Gi        34Gi
Swap:          8.0Gi       0.0Ki       8.0Gi
---------------------------------
[2024-10-30 15:09:15] Memory change detected: 107 MB
               total        used        free      shared  buff/cache   available
Mem:            62Gi        27Gi       897Mi       268Mi        34Gi        33Gi
Swap:          8.0Gi       0.0Ki       8.0Gi
---------------------------------
[2024-10-30 15:09:21] Memory change detected: -100 MB
               total        used        free      shared  buff/cache   available
Mem:            62Gi        27Gi       973Mi       263Mi        34Gi        34Gi
Swap:          8.0Gi       0.0Ki       8.0Gi
---------------------------------
[2024-10-30 15:09:25] Memory change detected: 110 MB
               total        used        free      shared  buff/cache   available
Mem:            62Gi        27Gi       918Mi       239Mi        34Gi        34Gi
Swap:          8.0Gi       0.0Ki       8.0Gi
---------------------------------
[2024-10-30 15:09:43] Memory change detected: -108 MB
               total        used        free      shared  buff/cache   available
Mem:            62Gi        27Gi       1.0Gi       239Mi        34Gi        34Gi
Swap:          8.0Gi       0.0Ki       8.0Gi
---------------------------------
[2024-10-30 15:09:45] Memory change detected: 100 MB
               total        used        free      shared  buff/cache   available
Mem:            62Gi        27Gi       908Mi       249Mi        34Gi        33Gi
Swap:          8.0Gi       0.0Ki       8.0Gi
---------------------------------
[2024-10-30 15:09:57] Memory change detected: 106 MB
               total        used        free      shared  buff/cache   available
Mem:            62Gi        27Gi       810Mi       239Mi        34Gi        33Gi
Swap:          8.0Gi       0.0Ki       8.0Gi
---------------------------------
[2024-10-30 15:10:09] Memory change detected: -102 MB
               total        used        free      shared  buff/cache   available
Mem:            62Gi        27Gi       903Mi       239Mi        34Gi        33Gi
Swap:          8.0Gi       0.0Ki       8.0Gi
---------------------------------
[2024-10-30 15:10:30] Memory change detected: 115 MB
               total        used        free      shared  buff/cache   available
Mem:            62Gi        27Gi       790Mi       239Mi        34Gi        33Gi
Swap:          8.0Gi       0.0Ki       8.0Gi
---------------------------------
[2024-10-30 15:10:41] Memory change detected: -104 MB
               total        used        free      shared  buff/cache   available
Mem:            62Gi        27Gi       889Mi       239Mi        34Gi        33Gi
Swap:          8.0Gi       0.0Ki       8.0Gi
---------------------------------
[2024-10-30 15:10:54] Memory change detected: 104 MB
               total        used        free      shared  buff/cache   available
Mem:            62Gi        27Gi       781Mi       245Mi        34Gi        33Gi
Swap:          8.0Gi       0.0Ki       8.0Gi
---------------------------------
[2024-10-30 15:10:57] Memory change detected: -100 MB
               total        used        free      shared  buff/cache   available
Mem:            62Gi        27Gi       874Mi       249Mi        34Gi        33Gi
Swap:          8.0Gi       0.0Ki       8.0Gi
---------------------------------
[2024-10-30 15:11:01] Memory change detected: 100 MB
               total        used        free      shared  buff/cache   available
Mem:            62Gi        27Gi       799Mi       241Mi        34Gi        33Gi
Swap:          8.0Gi       0.0Ki       8.0Gi
---------------------------------
[2024-10-30 15:11:36] Memory change detected: 110 MB
               total        used        free      shared  buff/cache   available
Mem:            62Gi        27Gi       673Mi       247Mi        34Gi        33Gi
Swap:          8.0Gi       0.0Ki       8.0Gi
---------------------------------
[2024-10-30 15:11:48] Memory change detected: -125 MB
               total        used        free      shared  buff/cache   available
Mem:            62Gi        27Gi       990Mi       245Mi        33Gi        33Gi
Swap:          8.0Gi       0.0Ki       8.0Gi
---------------------------------
[2024-10-30 15:12:02] Memory change detected: 100 MB
               total        used        free      shared  buff/cache   available
Mem:            62Gi        27Gi       906Mi       239Mi        33Gi        33Gi
Swap:          8.0Gi       0.0Ki       8.0Gi
---------------------------------
[2024-10-30 15:12:41] Memory change detected: 100 MB
               total        used        free      shared  buff/cache   available
Mem:            62Gi        27Gi       786Mi       239Mi        33Gi        33Gi
Swap:          8.0Gi       0.0Ki       8.0Gi
---------------------------------
[2024-10-30 15:12:45] Memory change detected: -113 MB
               total        used        free      shared  buff/cache   available
Mem:            62Gi        27Gi       891Mi       239Mi        33Gi        33Gi
Swap:          8.0Gi       0.0Ki       8.0Gi
---------------------------------
[2024-10-30 15:13:14] Memory change detected: 102 MB
               total        used        free      shared  buff/cache   available
Mem:            62Gi        27Gi       796Mi       239Mi        33Gi        33Gi
Swap:          8.0Gi       0.0Ki       8.0Gi
---------------------------------
[2024-10-30 15:13:19] Memory change detected: -101 MB
               total        used        free      shared  buff/cache   available
Mem:            62Gi        27Gi       880Mi       239Mi        33Gi        33Gi
Swap:          8.0Gi       0.0Ki       8.0Gi
---------------------------------
[2024-10-30 15:13:46] Memory change detected: 129 MB
               total        used        free      shared  buff/cache   available
Mem:            62Gi        27Gi       753Mi       239Mi        33Gi        33Gi
Swap:          8.0Gi       0.0Ki       8.0Gi
---------------------------------
[2024-10-30 15:14:55] Memory change detected: -116 MB
               total        used        free      shared  buff/cache   available
Mem:            62Gi        27Gi       845Mi       239Mi        33Gi        33Gi
Swap:          8.0Gi       0.0Ki       8.0Gi
---------------------------------
[2024-10-30 15:15:19] Memory change detected: 109 MB
               total        used        free      shared  buff/cache   available
Mem:            62Gi        27Gi       706Mi       235Mi        33Gi        33Gi
Swap:          8.0Gi       0.0Ki       8.0Gi
---------------------------------
[2024-10-30 15:15:20] Memory change detected: 122 MB
               total        used        free      shared  buff/cache   available
Mem:            62Gi        27Gi       762Mi       235Mi        33Gi        33Gi
Swap:          8.0Gi       0.0Ki       8.0Gi
---------------------------------
[2024-10-30 15:15:20] Memory change detected: 102 MB
               total        used        free      shared  buff/cache   available
Mem:            62Gi        28Gi       660Mi       235Mi        33Gi        33Gi
Swap:          8.0Gi       0.0Ki       8.0Gi
---------------------------------
[2024-10-30 15:15:20] Memory change detected: 100 MB
               total        used        free      shared  buff/cache   available
Mem:            62Gi        28Gi       769Mi       235Mi        33Gi        33Gi
Swap:          8.0Gi       0.0Ki       8.0Gi
---------------------------------
[2024-10-30 15:15:20] Memory change detected: 105 MB
               total        used        free      shared  buff/cache   available
Mem:            62Gi        28Gi       672Mi       235Mi        33Gi        33Gi
Swap:          8.0Gi       0.0Ki       8.0Gi
---------------------------------
[2024-10-30 15:15:20] Memory change detected: 128 MB
               total        used        free      shared  buff/cache   available
Mem:            62Gi        28Gi       727Mi       235Mi        33Gi        33Gi
Swap:          8.0Gi       0.0Ki       8.0Gi
---------------------------------
[2024-10-30 15:15:21] Memory change detected: 132 MB
               total        used        free      shared  buff/cache   available
Mem:            62Gi        28Gi       783Mi       235Mi        33Gi        33Gi
Swap:          8.0Gi       0.0Ki       8.0Gi
---------------------------------
[2024-10-30 15:15:21] Memory change detected: 111 MB
               total        used        free      shared  buff/cache   available
Mem:            62Gi        28Gi       686Mi       235Mi        33Gi        32Gi
Swap:          8.0Gi       0.0Ki       8.0Gi
---------------------------------
[2024-10-30 15:15:21] Memory change detected: 123 MB
               total        used        free      shared  buff/cache   available
Mem:            62Gi        28Gi       754Mi       235Mi        32Gi        32Gi
Swap:          8.0Gi       0.0Ki       8.0Gi
---------------------------------
[2024-10-30 15:15:21] Memory change detected: 110 MB
               total        used        free      shared  buff/cache   available
Mem:            62Gi        28Gi       756Mi       235Mi        32Gi        32Gi
Swap:          8.0Gi       0.0Ki       8.0Gi
---------------------------------
[2024-10-30 15:15:21] Memory change detected: 135 MB
               total        used        free      shared  buff/cache   available
Mem:            62Gi        29Gi       708Mi       235Mi        32Gi        32Gi
Swap:          8.0Gi       0.0Ki       8.0Gi
---------------------------------
[2024-10-30 15:15:22] Memory change detected: 141 MB
               total        used        free      shared  buff/cache   available
Mem:            62Gi        29Gi       767Mi       235Mi        32Gi        32Gi
Swap:          8.0Gi       0.0Ki       8.0Gi
---------------------------------
[2024-10-30 15:15:22] Memory change detected: 106 MB
               total        used        free      shared  buff/cache   available
Mem:            62Gi        29Gi       658Mi       235Mi        32Gi        32Gi
Swap:          8.0Gi       0.0Ki       8.0Gi
---------------------------------
[2024-10-30 15:15:22] Memory change detected: 138 MB
               total        used        free      shared  buff/cache   available
Mem:            62Gi        29Gi       723Mi       235Mi        32Gi        32Gi
Swap:          8.0Gi       0.0Ki       8.0Gi
---------------------------------
[2024-10-30 15:15:22] Memory change detected: 148 MB
               total        used        free      shared  buff/cache   available
Mem:            62Gi        29Gi       765Mi       235Mi        32Gi        32Gi
Swap:          8.0Gi       0.0Ki       8.0Gi
---------------------------------
[2024-10-30 15:15:22] Memory change detected: 109 MB
               total        used        free      shared  buff/cache   available
Mem:            62Gi        29Gi       663Mi       235Mi        32Gi        31Gi
Swap:          8.0Gi       0.0Ki       8.0Gi
---------------------------------
[2024-10-30 15:15:23] Memory change detected: 139 MB
               total        used        free      shared  buff/cache   available
Mem:            62Gi        29Gi       713Mi       235Mi        32Gi        31Gi
Swap:          8.0Gi       0.0Ki       8.0Gi
---------------------------------
[2024-10-30 15:15:23] Memory change detected: 133 MB
               total        used        free      shared  buff/cache   available
Mem:            62Gi        29Gi       772Mi       235Mi        31Gi        31Gi
Swap:          8.0Gi       0.0Ki       8.0Gi
---------------------------------
[2024-10-30 15:15:23] Memory change detected: 110 MB
               total        used        free      shared  buff/cache   available
Mem:            62Gi        30Gi       857Mi       235Mi        31Gi        31Gi
Swap:          8.0Gi       0.0Ki       8.0Gi
---------------------------------
[2024-10-30 15:15:23] Memory change detected: 115 MB
               total        used        free      shared  buff/cache   available
Mem:            62Gi        30Gi       745Mi       235Mi        31Gi        31Gi
Swap:          8.0Gi       0.0Ki       8.0Gi
---------------------------------
[2024-10-30 15:15:23] Memory change detected: 103 MB
               total        used        free      shared  buff/cache   available
Mem:            62Gi        30Gi       844Mi       235Mi        31Gi        31Gi
Swap:          8.0Gi       0.0Ki       8.0Gi
---------------------------------
[2024-10-30 15:15:23] Memory change detected: 100 MB
               total        used        free      shared  buff/cache   available
Mem:            62Gi        30Gi       741Mi       235Mi        31Gi        31Gi
Swap:          8.0Gi       0.0Ki       8.0Gi
---------------------------------
[2024-10-30 15:15:24] Memory change detected: 129 MB
               total        used        free      shared  buff/cache   available
Mem:            62Gi        30Gi       801Mi       235Mi        31Gi        31Gi
Swap:          8.0Gi       0.0Ki       8.0Gi
---------------------------------
[2024-10-30 15:15:24] Memory change detected: 105 MB
               total        used        free      shared  buff/cache   available
Mem:            62Gi        30Gi       683Mi       235Mi        31Gi        30Gi
Swap:          8.0Gi       0.0Ki       8.0Gi
---------------------------------
[2024-10-30 15:15:24] Memory change detected: 101 MB
               total        used        free      shared  buff/cache   available
Mem:            62Gi        30Gi       802Mi       235Mi        31Gi        30Gi
Swap:          8.0Gi       0.0Ki       8.0Gi
---------------------------------
[2024-10-30 15:15:24] Memory change detected: 117 MB
               total        used        free      shared  buff/cache   available
Mem:            62Gi        30Gi       674Mi       235Mi        31Gi        30Gi
Swap:          8.0Gi       0.0Ki       8.0Gi
---------------------------------
[2024-10-30 15:15:24] Memory change detected: 143 MB
               total        used        free      shared  buff/cache   available
Mem:            62Gi        30Gi       727Mi       235Mi        30Gi        30Gi
Swap:          8.0Gi       0.0Ki       8.0Gi
---------------------------------
[2024-10-30 15:15:25] Memory change detected: 133 MB
               total        used        free      shared  buff/cache   available
Mem:            62Gi        31Gi       788Mi       235Mi        30Gi        30Gi
Swap:          8.0Gi       0.0Ki       8.0Gi
---------------------------------
[2024-10-30 15:15:25] Memory change detected: 104 MB
               total        used        free      shared  buff/cache   available
Mem:            62Gi        31Gi       686Mi       235Mi        30Gi        30Gi
Swap:          8.0Gi       0.0Ki       8.0Gi
---------------------------------
[2024-10-30 15:15:25] Memory change detected: 137 MB
               total        used        free      shared  buff/cache   available
Mem:            62Gi        31Gi       740Mi       235Mi        30Gi        30Gi
Swap:          8.0Gi       0.0Ki       8.0Gi
---------------------------------
[2024-10-30 15:15:25] Memory change detected: 131 MB
               total        used        free      shared  buff/cache   available
Mem:            62Gi        31Gi       791Mi       235Mi        30Gi        30Gi
Swap:          8.0Gi       0.0Ki       8.0Gi
---------------------------------
[2024-10-30 15:15:25] Memory change detected: 117 MB
               total        used        free      shared  buff/cache   available
Mem:            62Gi        31Gi       691Mi       235Mi        30Gi        30Gi
Swap:          8.0Gi       0.0Ki       8.0Gi
---------------------------------
[2024-10-30 15:15:26] Memory change detected: 134 MB
               total        used        free      shared  buff/cache   available
Mem:            62Gi        31Gi       754Mi       235Mi        30Gi        29Gi
Swap:          8.0Gi       0.0Ki       8.0Gi
---------------------------------
[2024-10-30 15:15:26] Memory change detected: 108 MB
               total        used        free      shared  buff/cache   available
Mem:            62Gi        31Gi       770Mi       235Mi        29Gi        29Gi
Swap:          8.0Gi       0.0Ki       8.0Gi
---------------------------------
[2024-10-30 15:15:26] Memory change detected: 143 MB
               total        used        free      shared  buff/cache   available
Mem:            62Gi        31Gi       704Mi       235Mi        29Gi        29Gi
Swap:          8.0Gi       0.0Ki       8.0Gi
---------------------------------
[2024-10-30 15:15:26] Memory change detected: 132 MB
               total        used        free      shared  buff/cache   available
Mem:            62Gi        32Gi       765Mi       235Mi        29Gi        29Gi
Swap:          8.0Gi       0.0Ki       8.0Gi
---------------------------------
[2024-10-30 15:15:26] Memory change detected: 104 MB
               total        used        free      shared  buff/cache   available
Mem:            62Gi        32Gi       659Mi       235Mi        29Gi        29Gi
Swap:          8.0Gi       0.0Ki       8.0Gi
---------------------------------
[2024-10-30 15:15:26] Memory change detected: 141 MB
               total        used        free      shared  buff/cache   available
Mem:            62Gi        32Gi       707Mi       235Mi        29Gi        29Gi
Swap:          8.0Gi       0.0Ki       8.0Gi
---------------------------------
[2024-10-30 15:15:27] Memory change detected: 104 MB
               total        used        free      shared  buff/cache   available
Mem:            62Gi        32Gi       821Mi       235Mi        29Gi        29Gi
Swap:          8.0Gi       0.0Ki       8.0Gi
---------------------------------
[2024-10-30 15:15:27] Memory change detected: 146 MB
               total        used        free      shared  buff/cache   available
Mem:            62Gi        32Gi       674Mi       235Mi        29Gi        29Gi
Swap:          8.0Gi       0.0Ki       8.0Gi
---------------------------------
[2024-10-30 15:15:27] Memory change detected: 116 MB
               total        used        free      shared  buff/cache   available
Mem:            62Gi        32Gi       755Mi       235Mi        29Gi        28Gi
Swap:          8.0Gi       0.0Ki       8.0Gi
---------------------------------
[2024-10-30 15:15:27] Memory change detected: 102 MB
               total        used        free      shared  buff/cache   available
Mem:            62Gi        32Gi       859Mi       235Mi        28Gi        28Gi
Swap:          8.0Gi       0.0Ki       8.0Gi
---------------------------------
[2024-10-30 15:15:27] Memory change detected: 136 MB
               total        used        free      shared  buff/cache   available
Mem:            62Gi        32Gi       713Mi       235Mi        28Gi        28Gi
Swap:          8.0Gi       0.0Ki       8.0Gi
---------------------------------
[2024-10-30 15:15:28] Memory change detected: 102 MB
               total        used        free      shared  buff/cache   available
Mem:            62Gi        32Gi       810Mi       235Mi        28Gi        28Gi
Swap:          8.0Gi       0.0Ki       8.0Gi
---------------------------------
[2024-10-30 15:15:28] Memory change detected: 136 MB
               total        used        free      shared  buff/cache   available
Mem:            62Gi        33Gi       773Mi       235Mi        28Gi        28Gi
Swap:          8.0Gi       0.0Ki       8.0Gi
---------------------------------
[2024-10-30 15:15:28] Memory change detected: 129 MB
               total        used        free      shared  buff/cache   available
Mem:            62Gi        33Gi       743Mi       235Mi        28Gi        28Gi
Swap:          8.0Gi       0.0Ki       8.0Gi
---------------------------------
[2024-10-30 15:15:28] Memory change detected: 142 MB
               total        used        free      shared  buff/cache   available
Mem:            62Gi        33Gi       801Mi       235Mi        28Gi        28Gi
Swap:          8.0Gi       0.0Ki       8.0Gi
---------------------------------
[2024-10-30 15:15:28] Memory change detected: 103 MB
               total        used        free      shared  buff/cache   available
Mem:            62Gi        33Gi       702Mi       235Mi        28Gi        28Gi
Swap:          8.0Gi       0.0Ki       8.0Gi
---------------------------------
[2024-10-30 15:15:29] Memory change detected: 141 MB
               total        used        free      shared  buff/cache   available
Mem:            62Gi        33Gi       758Mi       235Mi        28Gi        27Gi
Swap:          8.0Gi       0.0Ki       8.0Gi
---------------------------------
[2024-10-30 15:15:29] Memory change detected: 146 MB
               total        used        free      shared  buff/cache   available
Mem:            62Gi        33Gi       803Mi       235Mi        27Gi        27Gi
Swap:          8.0Gi       0.0Ki       8.0Gi
---------------------------------
[2024-10-30 15:15:29] Memory change detected: 106 MB
               total        used        free      shared  buff/cache   available
Mem:            62Gi        33Gi       694Mi       235Mi        27Gi        27Gi
Swap:          8.0Gi       0.0Ki       8.0Gi
---------------------------------
[2024-10-30 15:15:29] Memory change detected: 151 MB
               total        used        free      shared  buff/cache   available
Mem:            62Gi        33Gi       745Mi       235Mi        27Gi        27Gi
Swap:          8.0Gi       0.0Ki       8.0Gi
---------------------------------
[2024-10-30 15:15:29] Memory change detected: 132 MB
               total        used        free      shared  buff/cache   available
Mem:            62Gi        34Gi       808Mi       235Mi        27Gi        27Gi
Swap:          8.0Gi       0.0Ki       8.0Gi
---------------------------------
[2024-10-30 15:15:30] Memory change detected: 103 MB
               total        used        free      shared  buff/cache   available
Mem:            62Gi        34Gi       761Mi       235Mi        27Gi        27Gi
Swap:          8.0Gi       0.0Ki       8.0Gi
---------------------------------
[2024-10-30 15:15:30] Memory change detected: 139 MB
               total        used        free      shared  buff/cache   available
Mem:            62Gi        34Gi       748Mi       235Mi        27Gi        27Gi
Swap:          8.0Gi       0.0Ki       8.0Gi
---------------------------------
[2024-10-30 15:15:30] Memory change detected: 144 MB
               total        used        free      shared  buff/cache   available
Mem:            62Gi        34Gi       830Mi       235Mi        27Gi        27Gi
Swap:          8.0Gi       0.0Ki       8.0Gi
---------------------------------
[2024-10-30 15:15:30] Memory change detected: 120 MB
               total        used        free      shared  buff/cache   available
Mem:            62Gi        34Gi       883Mi       235Mi        27Gi        26Gi
Swap:          8.0Gi       0.0Ki       8.0Gi
---------------------------------
[2024-10-30 15:15:30] Memory change detected: 102 MB
               total        used        free      shared  buff/cache   available
Mem:            62Gi        34Gi       774Mi       235Mi        27Gi        26Gi
Swap:          8.0Gi       0.0Ki       8.0Gi
---------------------------------
[2024-10-30 15:15:31] Memory change detected: 154 MB
               total        used        free      shared  buff/cache   available
Mem:            62Gi        34Gi       819Mi       235Mi        26Gi        26Gi
Swap:          8.0Gi       0.0Ki       8.0Gi
---------------------------------
[2024-10-30 15:15:31] Memory change detected: 123 MB
               total        used        free      shared  buff/cache   available
Mem:            62Gi        34Gi       867Mi       235Mi        26Gi        26Gi
Swap:          8.0Gi       0.0Ki       8.0Gi
---------------------------------
[2024-10-30 15:15:31] Memory change detected: 108 MB
               total        used        free      shared  buff/cache   available
Mem:            62Gi        35Gi       764Mi       235Mi        26Gi        26Gi
Swap:          8.0Gi       0.0Ki       8.0Gi
---------------------------------
[2024-10-30 15:15:31] Memory change detected: 148 MB
               total        used        free      shared  buff/cache   available
Mem:            62Gi        35Gi       818Mi       235Mi        26Gi        26Gi
Swap:          8.0Gi       0.0Ki       8.0Gi
---------------------------------
[2024-10-30 15:15:31] Memory change detected: 145 MB
               total        used        free      shared  buff/cache   available
Mem:            62Gi        35Gi       845Mi       235Mi        26Gi        26Gi
Swap:          8.0Gi       0.0Ki       8.0Gi
---------------------------------
[2024-10-30 15:15:32] Memory change detected: 106 MB
               total        used        free      shared  buff/cache   available
Mem:            62Gi        35Gi       734Mi       235Mi        26Gi        26Gi
Swap:          8.0Gi       0.0Ki       8.0Gi
---------------------------------
[2024-10-30 15:15:32] Memory change detected: 116 MB
               total        used        free      shared  buff/cache   available
Mem:            62Gi        35Gi       794Mi       235Mi        26Gi        25Gi
Swap:          8.0Gi       0.0Ki       8.0Gi
---------------------------------
[2024-10-30 15:15:32] Memory change detected: 129 MB
               total        used        free      shared  buff/cache   available
Mem:            62Gi        35Gi       810Mi       235Mi        26Gi        25Gi
Swap:          8.0Gi       0.0Ki       8.0Gi
---------------------------------
[2024-10-30 15:15:32] Memory change detected: 132 MB
               total        used        free      shared  buff/cache   available
Mem:            62Gi        35Gi       754Mi       235Mi        25Gi        25Gi
Swap:          8.0Gi       0.0Ki       8.0Gi
---------------------------------
[2024-10-30 15:15:32] Memory change detected: 137 MB
               total        used        free      shared  buff/cache   available
Mem:            62Gi        35Gi       798Mi       235Mi        25Gi        25Gi
Swap:          8.0Gi       0.0Ki       8.0Gi
---------------------------------
[2024-10-30 15:15:33] Memory change detected: 101 MB
               total        used        free      shared  buff/cache   available
Mem:            62Gi        36Gi       786Mi       235Mi        25Gi        25Gi
Swap:          8.0Gi       0.0Ki       8.0Gi
---------------------------------
[2024-10-30 15:15:33] Memory change detected: 105 MB
               total        used        free      shared  buff/cache   available
Mem:            62Gi        36Gi       769Mi       235Mi        25Gi        25Gi
Swap:          8.0Gi       0.0Ki       8.0Gi
---------------------------------
[2024-10-30 15:15:33] Memory change detected: 140 MB
               total        used        free      shared  buff/cache   available
Mem:            62Gi        36Gi       790Mi       235Mi        25Gi        25Gi
Swap:          8.0Gi       0.0Ki       8.0Gi
---------------------------------
[2024-10-30 15:15:33] Memory change detected: 147 MB
               total        used        free      shared  buff/cache   available
Mem:            62Gi        36Gi       797Mi       235Mi        25Gi        25Gi
Swap:          8.0Gi       0.0Ki       8.0Gi
---------------------------------
[2024-10-30 15:15:33] Memory change detected: 138 MB
               total        used        free      shared  buff/cache   available
Mem:            62Gi        36Gi       754Mi       235Mi        25Gi        24Gi
Swap:          8.0Gi       0.0Ki       8.0Gi
---------------------------------
[2024-10-30 15:15:34] Memory change detected: 128 MB
               total        used        free      shared  buff/cache   available
Mem:            62Gi        36Gi       771Mi       235Mi        25Gi        24Gi
Swap:          8.0Gi       0.0Ki       8.0Gi
---------------------------------
[2024-10-30 15:15:34] Memory change detected: 105 MB
               total        used        free      shared  buff/cache   available
Mem:            62Gi        36Gi       730Mi       235Mi        24Gi        24Gi
Swap:          8.0Gi       0.0Ki       8.0Gi
---------------------------------
[2024-10-30 15:15:34] Memory change detected: 110 MB
               total        used        free      shared  buff/cache   available
Mem:            62Gi        36Gi       809Mi       235Mi        24Gi        24Gi
Swap:          8.0Gi       0.0Ki       8.0Gi
---------------------------------
[2024-10-30 15:15:34] Memory change detected: 127 MB
               total        used        free      shared  buff/cache   available
Mem:            62Gi        37Gi       725Mi       235Mi        24Gi        24Gi
Swap:          8.0Gi       0.0Ki       8.0Gi
---------------------------------
[2024-10-30 15:15:34] Memory change detected: 138 MB
               total        used        free      shared  buff/cache   available
Mem:            62Gi        37Gi       726Mi       235Mi        24Gi        24Gi
Swap:          8.0Gi       0.0Ki       8.0Gi
---------------------------------
[2024-10-30 15:15:35] Memory change detected: 148 MB
               total        used        free      shared  buff/cache   available
Mem:            62Gi        37Gi       729Mi       235Mi        24Gi        24Gi
Swap:          8.0Gi       0.0Ki       8.0Gi
---------------------------------
[2024-10-30 15:15:35] Memory change detected: 125 MB
               total        used        free      shared  buff/cache   available
Mem:            62Gi        37Gi       727Mi       235Mi        24Gi        24Gi
Swap:          8.0Gi       0.0Ki       8.0Gi
---------------------------------
[2024-10-30 15:15:35] Memory change detected: 115 MB
               total        used        free      shared  buff/cache   available
Mem:            62Gi        37Gi       739Mi       235Mi        24Gi        23Gi
Swap:          8.0Gi       0.0Ki       8.0Gi
---------------------------------
[2024-10-30 15:15:35] Memory change detected: 104 MB
               total        used        free      shared  buff/cache   available
Mem:            62Gi        37Gi       756Mi       235Mi        24Gi        23Gi
Swap:          8.0Gi       0.0Ki       8.0Gi
---------------------------------
[2024-10-30 15:15:35] Memory change detected: 135 MB
               total        used        free      shared  buff/cache   available
Mem:            62Gi        37Gi       697Mi       235Mi        24Gi        23Gi
Swap:          8.0Gi       0.0Ki       8.0Gi
---------------------------------
[2024-10-30 15:15:36] Memory change detected: 139 MB
               total        used        free      shared  buff/cache   available
Mem:            62Gi        37Gi       728Mi       235Mi        23Gi        23Gi
Swap:          8.0Gi       0.0Ki       8.0Gi
---------------------------------
[2024-10-30 15:15:36] Memory change detected: 134 MB
               total        used        free      shared  buff/cache   available
Mem:            62Gi        38Gi       712Mi       235Mi        23Gi        23Gi
Swap:          8.0Gi       0.0Ki       8.0Gi
---------------------------------
[2024-10-30 15:15:36] Memory change detected: 121 MB
               total        used        free      shared  buff/cache   available
Mem:            62Gi        38Gi       721Mi       235Mi        23Gi        23Gi
Swap:          8.0Gi       0.0Ki       8.0Gi
---------------------------------
[2024-10-30 15:15:36] Memory change detected: 124 MB
               total        used        free      shared  buff/cache   available
Mem:            62Gi        38Gi       694Mi       235Mi        23Gi        23Gi
Swap:          8.0Gi       0.0Ki       8.0Gi
---------------------------------
[2024-10-30 15:15:36] Memory change detected: 103 MB
               total        used        free      shared  buff/cache   available
Mem:            62Gi        38Gi       737Mi       235Mi        23Gi        23Gi
Swap:          8.0Gi       0.0Ki       8.0Gi
---------------------------------
[2024-10-30 15:15:36] Memory change detected: 111 MB
               total        used        free      shared  buff/cache   available
Mem:            62Gi        38Gi       747Mi       235Mi        23Gi        23Gi
Swap:          8.0Gi       0.0Ki       8.0Gi
---------------------------------
[2024-10-30 15:15:37] Memory change detected: 134 MB
               total        used        free      shared  buff/cache   available
Mem:            62Gi        38Gi       694Mi       235Mi        23Gi        22Gi
Swap:          8.0Gi       0.0Ki       8.0Gi
---------------------------------
[2024-10-30 15:15:37] Memory change detected: 143 MB
               total        used        free      shared  buff/cache   available
Mem:            62Gi        38Gi       728Mi       236Mi        23Gi        22Gi
Swap:          8.0Gi       0.0Ki       8.0Gi
---------------------------------
[2024-10-30 15:15:37] Memory change detected: 147 MB
               total        used        free      shared  buff/cache   available
Mem:            62Gi        38Gi       742Mi       236Mi        22Gi        22Gi
Swap:          8.0Gi       0.0Ki       8.0Gi
---------------------------------
[2024-10-30 15:15:37] Memory change detected: 133 MB
               total        used        free      shared  buff/cache   available
Mem:            62Gi        39Gi       737Mi       235Mi        22Gi        22Gi
Swap:          8.0Gi       0.0Ki       8.0Gi
---------------------------------
[2024-10-30 15:15:38] Memory change detected: 143 MB
               total        used        free      shared  buff/cache   available
Mem:            62Gi        39Gi       704Mi       235Mi        22Gi        22Gi
Swap:          8.0Gi       0.0Ki       8.0Gi
---------------------------------
[2024-10-30 15:15:38] Memory change detected: 142 MB
               total        used        free      shared  buff/cache   available
Mem:            62Gi        39Gi       731Mi       235Mi        22Gi        22Gi
Swap:          8.0Gi       0.0Ki       8.0Gi
---------------------------------
[2024-10-30 15:15:38] Memory change detected: 110 MB
               total        used        free      shared  buff/cache   available
Mem:            62Gi        39Gi       719Mi       235Mi        22Gi        22Gi
Swap:          8.0Gi       0.0Ki       8.0Gi
---------------------------------
[2024-10-30 15:15:38] Memory change detected: 129 MB
               total        used        free      shared  buff/cache   available
Mem:            62Gi        39Gi       705Mi       235Mi        22Gi        21Gi
Swap:          8.0Gi       0.0Ki       8.0Gi
---------------------------------
[2024-10-30 15:15:38] Memory change detected: 148 MB
               total        used        free      shared  buff/cache   available
Mem:            62Gi        39Gi       747Mi       235Mi        22Gi        21Gi
Swap:          8.0Gi       0.0Ki       8.0Gi
---------------------------------
[2024-10-30 15:15:39] Memory change detected: 106 MB
               total        used        free      shared  buff/cache   available
Mem:            62Gi        39Gi       767Mi       235Mi        21Gi        21Gi
Swap:          8.0Gi       0.0Ki       8.0Gi
---------------------------------
[2024-10-30 15:15:39] Memory change detected: 128 MB
               total        used        free      shared  buff/cache   available
Mem:            62Gi        39Gi       764Mi       235Mi        21Gi        21Gi
Swap:          8.0Gi       0.0Ki       8.0Gi
---------------------------------
[2024-10-30 15:15:39] Memory change detected: 102 MB
               total        used        free      shared  buff/cache   available
Mem:            62Gi        40Gi       747Mi       235Mi        21Gi        21Gi
Swap:          8.0Gi       0.0Ki       8.0Gi
---------------------------------
[2024-10-30 15:15:39] Memory change detected: 111 MB
               total        used        free      shared  buff/cache   available
Mem:            62Gi        40Gi       721Mi       235Mi        21Gi        21Gi
Swap:          8.0Gi       0.0Ki       8.0Gi
---------------------------------
[2024-10-30 15:16:27] Memory change detected: -2561 MB
               total        used        free      shared  buff/cache   available
Mem:            62Gi        37Gi       3.9Gi       620Mi        21Gi        24Gi
Swap:          8.0Gi       1.0Mi       8.0Gi
---------------------------------
[2024-10-30 15:16:27] Memory change detected: -2954 MB
               total        used        free      shared  buff/cache   available
Mem:            62Gi        34Gi       6.8Gi       620Mi        21Gi        27Gi
Swap:          8.0Gi       1.0Mi       8.0Gi
---------------------------------
[2024-10-30 15:16:27] Memory change detected: -2390 MB
               total        used        free      shared  buff/cache   available
Mem:            62Gi        31Gi       9.0Gi       620Mi        21Gi        29Gi
Swap:          8.0Gi       1.0Mi       8.0Gi
---------------------------------
[2024-10-30 15:16:27] Memory change detected: -1256 MB
               total        used        free      shared  buff/cache   available
Mem:            62Gi        31Gi        10Gi       235Mi        21Gi        30Gi
Swap:          8.0Gi       1.0Mi       8.0Gi
---------------------------------
[2024-10-30 15:16:27] Memory change detected: -743 MB
               total        used        free      shared  buff/cache   available
Mem:            62Gi        30Gi        11Gi       234Mi        21Gi        31Gi
Swap:          8.0Gi       1.0Mi       8.0Gi
---------------------------------
[2024-10-30 15:16:28] Memory change detected: -1045 MB
               total        used        free      shared  buff/cache   available
Mem:            62Gi        29Gi        11Gi       234Mi        21Gi        32Gi
Swap:          8.0Gi       1.0Mi       8.0Gi
---------------------------------
[2024-10-30 15:16:28] Memory change detected: -3983 MB
               total        used        free      shared  buff/cache   available
Mem:            62Gi        24Gi        17Gi       234Mi        21Gi        37Gi
Swap:          8.0Gi       1.0Mi       8.0Gi
---------------------------------
[2024-10-30 15:16:28] Memory change detected: -4620 MB
               total        used        free      shared  buff/cache   available
Mem:            62Gi        20Gi        20Gi       224Mi        21Gi        40Gi
Swap:          8.0Gi       1.0Mi       8.0Gi
---------------------------------
[2024-10-30 15:16:28] Memory change detected: -284 MB
               total        used        free      shared  buff/cache   available
Mem:            62Gi        20Gi        20Gi       214Mi        21Gi        40Gi
Swap:          8.0Gi       1.0Mi       8.0Gi
---------------------------------
[2024-10-30 15:16:50] Memory change detected: -1670 MB
               total        used        free      shared  buff/cache   available
Mem:            62Gi        18Gi        22Gi       214Mi        21Gi        43Gi
Swap:          8.0Gi       1.0Mi       8.0Gi
---------------------------------
[2024-10-30 15:16:50] Memory change detected: -3541 MB
               total        used        free      shared  buff/cache   available
Mem:            62Gi        15Gi        25Gi       214Mi        21Gi        46Gi
Swap:          8.0Gi       1.0Mi       8.0Gi
---------------------------------
[2024-10-30 15:16:51] Memory change detected: -3379 MB
               total        used        free      shared  buff/cache   available
Mem:            62Gi        11Gi        28Gi       214Mi        21Gi        49Gi
Swap:          8.0Gi       1.0Mi       8.0Gi
---------------------------------
[2024-10-30 15:16:51] Memory change detected: -3366 MB
               total        used        free      shared  buff/cache   available
Mem:            62Gi       8.6Gi        32Gi       214Mi        21Gi        53Gi
Swap:          8.0Gi       1.0Mi       8.0Gi
---------------------------------
[2024-10-30 15:16:51] Memory change detected: -1253 MB
               total        used        free      shared  buff/cache   available
Mem:            62Gi       7.9Gi        32Gi       214Mi        21Gi        53Gi
Swap:          8.0Gi       1.0Mi       8.0Gi
---------------------------------
[2024-10-30 15:17:02] Memory change detected: -1467 MB
               total        used        free      shared  buff/cache   available
Mem:            62Gi       6.4Gi        34Gi       207Mi        22Gi        55Gi
Swap:          8.0Gi       1.0Mi       8.0Gi
---------------------------------
[2024-10-30 15:25:01] Memory change detected: 102 MB
               total        used        free      shared  buff/cache   available
Mem:            62Gi       6.5Gi        33Gi       206Mi        22Gi        55Gi
Swap:          8.0Gi       1.0Mi       8.0Gi
---------------------------------
[2024-10-30 15:25:02] Memory change detected: -123 MB
               total        used        free      shared  buff/cache   available
Mem:            62Gi       6.4Gi        33Gi       206Mi        22Gi        55Gi
Swap:          8.0Gi       1.0Mi       8.0Gi
---------------------------------
[2024-10-30 15:25:03] Memory change detected: 129 MB
               total        used        free      shared  buff/cache   available
Mem:            62Gi       6.5Gi        33Gi       206Mi        22Gi        55Gi
Swap:          8.0Gi       1.0Mi       8.0Gi
---------------------------------
[2024-10-30 15:25:04] Memory change detected: 128 MB
               total        used        free      shared  buff/cache   available
Mem:            62Gi       6.7Gi        33Gi       206Mi        22Gi        54Gi
Swap:          8.0Gi       1.0Mi       8.0Gi
---------------------------------
[2024-10-30 15:25:04] Memory change detected: 139 MB
               total        used        free      shared  buff/cache   available
Mem:            62Gi       6.8Gi        33Gi       206Mi        22Gi        54Gi
Swap:          8.0Gi       1.0Mi       8.0Gi
---------------------------------
[2024-10-30 15:25:06] Memory change detected: 130 MB
               total        used        free      shared  buff/cache   available
Mem:            62Gi       6.9Gi        33Gi       206Mi        22Gi        54Gi
Swap:          8.0Gi       1.0Mi       8.0Gi
---------------------------------
[2024-10-30 15:25:06] Memory change detected: 188 MB
               total        used        free      shared  buff/cache   available
Mem:            62Gi       7.1Gi        33Gi       206Mi        22Gi        54Gi
Swap:          8.0Gi       1.0Mi       8.0Gi
---------------------------------
[2024-10-30 15:25:06] Memory change detected: 105 MB
               total        used        free      shared  buff/cache   available
Mem:            62Gi       7.2Gi        33Gi       206Mi        22Gi        54Gi
Swap:          8.0Gi       1.0Mi       8.0Gi
---------------------------------
[2024-10-30 15:25:06] Memory change detected: 137 MB
               total        used        free      shared  buff/cache   available
Mem:            62Gi       7.3Gi        32Gi       206Mi        22Gi        54Gi
Swap:          8.0Gi       1.0Mi       8.0Gi
---------------------------------
[2024-10-30 15:25:06] Memory change detected: 101 MB
               total        used        free      shared  buff/cache   available
Mem:            62Gi       7.4Gi        32Gi       206Mi        22Gi        54Gi
Swap:          8.0Gi       1.0Mi       8.0Gi
---------------------------------
[2024-10-30 15:25:06] Memory change detected: 105 MB
               total        used        free      shared  buff/cache   available
Mem:            62Gi       7.6Gi        32Gi       206Mi        22Gi        54Gi
Swap:          8.0Gi       1.0Mi       8.0Gi
---------------------------------
[2024-10-30 15:25:08] Memory change detected: 189 MB
               total        used        free      shared  buff/cache   available
Mem:            62Gi       7.7Gi        32Gi       206Mi        22Gi        53Gi
Swap:          8.0Gi       1.0Mi       8.0Gi
---------------------------------
[2024-10-30 15:25:09] Memory change detected: 147 MB
               total        used        free      shared  buff/cache   available
Mem:            62Gi       7.9Gi        32Gi       206Mi        22Gi        53Gi
Swap:          8.0Gi       1.0Mi       8.0Gi
---------------------------------
[2024-10-30 15:25:10] Memory change detected: -100 MB
               total        used        free      shared  buff/cache   available
Mem:            62Gi       7.8Gi        32Gi       207Mi        22Gi        53Gi
Swap:          8.0Gi       1.0Mi       8.0Gi
---------------------------------
[2024-10-30 15:25:11] Memory change detected: 175 MB
               total        used        free      shared  buff/cache   available
Mem:            62Gi       7.9Gi        32Gi       207Mi        22Gi        53Gi
Swap:          8.0Gi       1.0Mi       8.0Gi
---------------------------------
[2024-10-30 15:25:11] Memory change detected: 112 MB
               total        used        free      shared  buff/cache   available
Mem:            62Gi       8.0Gi        32Gi       207Mi        22Gi        53Gi
Swap:          8.0Gi       1.0Mi       8.0Gi
---------------------------------
[2024-10-30 15:25:11] Memory change detected: 130 MB
               total        used        free      shared  buff/cache   available
Mem:            62Gi       8.2Gi        31Gi       207Mi        22Gi        53Gi
Swap:          8.0Gi       1.0Mi       8.0Gi
---------------------------------
[2024-10-30 15:25:12] Memory change detected: 115 MB
               total        used        free      shared  buff/cache   available
Mem:            62Gi       8.3Gi        31Gi       207Mi        22Gi        53Gi
Swap:          8.0Gi       1.0Mi       8.0Gi
---------------------------------
[2024-10-30 15:25:12] Memory change detected: 127 MB
               total        used        free      shared  buff/cache   available
Mem:            62Gi       8.4Gi        31Gi       206Mi        22Gi        53Gi
Swap:          8.0Gi       1.0Mi       8.0Gi
---------------------------------
[2024-10-30 15:25:12] Memory change detected: 117 MB
               total        used        free      shared  buff/cache   available
Mem:            62Gi       8.6Gi        31Gi       206Mi        22Gi        53Gi
Swap:          8.0Gi       1.0Mi       8.0Gi
---------------------------------
[2024-10-30 15:25:12] Memory change detected: 125 MB
               total        used        free      shared  buff/cache   available
Mem:            62Gi       8.7Gi        31Gi       206Mi        22Gi        52Gi
Swap:          8.0Gi       1.0Mi       8.0Gi
---------------------------------
[2024-10-30 15:25:12] Memory change detected: 112 MB
               total        used        free      shared  buff/cache   available
Mem:            62Gi       8.8Gi        30Gi       207Mi        22Gi        52Gi
Swap:          8.0Gi       1.0Mi       8.0Gi
---------------------------------
[2024-10-30 15:25:12] Memory change detected: 106 MB
               total        used        free      shared  buff/cache   available
Mem:            62Gi       8.9Gi        30Gi       207Mi        22Gi        52Gi
Swap:          8.0Gi       1.0Mi       8.0Gi
---------------------------------
[2024-10-30 15:25:13] Memory change detected: 149 MB
               total        used        free      shared  buff/cache   available
Mem:            62Gi       9.0Gi        30Gi       206Mi        22Gi        52Gi
Swap:          8.0Gi       1.0Mi       8.0Gi
---------------------------------
[2024-10-30 15:25:13] Memory change detected: 139 MB
               total        used        free      shared  buff/cache   available
Mem:            62Gi       9.1Gi        30Gi       206Mi        22Gi        52Gi
Swap:          8.0Gi       1.0Mi       8.0Gi
---------------------------------
[2024-10-30 15:25:13] Memory change detected: 137 MB
               total        used        free      shared  buff/cache   available
Mem:            62Gi       9.3Gi        30Gi       207Mi        23Gi        52Gi
Swap:          8.0Gi       1.0Mi       8.0Gi
---------------------------------
[2024-10-30 15:25:13] Memory change detected: 119 MB
               total        used        free      shared  buff/cache   available
Mem:            62Gi       9.4Gi        29Gi       207Mi        23Gi        52Gi
Swap:          8.0Gi       1.0Mi       8.0Gi
---------------------------------
[2024-10-30 15:25:13] Memory change detected: 157 MB
               total        used        free      shared  buff/cache   available
Mem:            62Gi       9.5Gi        29Gi       206Mi        23Gi        52Gi
Swap:          8.0Gi       1.0Mi       8.0Gi
---------------------------------
[2024-10-30 15:25:13] Memory change detected: 134 MB
               total        used        free      shared  buff/cache   available
Mem:            62Gi       9.7Gi        29Gi       207Mi        23Gi        51Gi
Swap:          8.0Gi       1.0Mi       8.0Gi
---------------------------------
[2024-10-30 15:25:14] Memory change detected: 156 MB
               total        used        free      shared  buff/cache   available
Mem:            62Gi       9.8Gi        29Gi       207Mi        23Gi        51Gi
Swap:          8.0Gi       1.0Mi       8.0Gi
---------------------------------
[2024-10-30 15:25:14] Memory change detected: 183 MB
               total        used        free      shared  buff/cache   available
Mem:            62Gi         9Gi        29Gi       207Mi        23Gi        51Gi
Swap:          8.0Gi       1.0Mi       8.0Gi
---------------------------------
[2024-10-30 15:25:14] Memory change detected: 193 MB
               total        used        free      shared  buff/cache   available
Mem:            62Gi        10Gi        28Gi       207Mi        23Gi        51Gi
Swap:          8.0Gi       1.0Mi       8.0Gi
---------------------------------
[2024-10-30 15:25:14] Memory change detected: 117 MB
               total        used        free      shared  buff/cache   available
Mem:            62Gi        10Gi        28Gi       207Mi        23Gi        51Gi
Swap:          8.0Gi       1.0Mi       8.0Gi
---------------------------------
[2024-10-30 15:25:14] Memory change detected: 148 MB
               total        used        free      shared  buff/cache   available
Mem:            62Gi        10Gi        28Gi       207Mi        23Gi        51Gi
Swap:          8.0Gi       1.0Mi       8.0Gi
---------------------------------
[2024-10-30 15:25:14] Memory change detected: 138 MB
               total        used        free      shared  buff/cache   available
Mem:            62Gi        10Gi        28Gi       206Mi        23Gi        50Gi
Swap:          8.0Gi       1.0Mi       8.0Gi
---------------------------------
[2024-10-30 15:25:14] Memory change detected: 120 MB
               total        used        free      shared  buff/cache   available
Mem:            62Gi        10Gi        27Gi       207Mi        23Gi        50Gi
Swap:          8.0Gi       1.0Mi       8.0Gi
---------------------------------
[2024-10-30 15:25:15] Memory change detected: 102 MB
               total        used        free      shared  buff/cache   available
Mem:            62Gi        10Gi        27Gi       207Mi        23Gi        50Gi
Swap:          8.0Gi       1.0Mi       8.0Gi
---------------------------------
[2024-10-30 15:25:15] Memory change detected: 129 MB
               total        used        free      shared  buff/cache   available
Mem:            62Gi        10Gi        27Gi       206Mi        23Gi        50Gi
Swap:          8.0Gi       1.0Mi       8.0Gi
---------------------------------
[2024-10-30 15:25:15] Memory change detected: 159 MB
               total        used        free      shared  buff/cache   available
Mem:            62Gi        11Gi        27Gi       207Mi        24Gi        50Gi
Swap:          8.0Gi       1.0Mi       8.0Gi
---------------------------------
[2024-10-30 15:25:15] Memory change detected: 158 MB
               total        used        free      shared  buff/cache   available
Mem:            62Gi        11Gi        27Gi       207Mi        24Gi        50Gi
Swap:          8.0Gi       1.0Mi       8.0Gi
---------------------------------
[2024-10-30 15:25:15] Memory change detected: 122 MB
               total        used        free      shared  buff/cache   available
Mem:            62Gi        11Gi        27Gi       207Mi        24Gi        50Gi
Swap:          8.0Gi       1.0Mi       8.0Gi
---------------------------------
[2024-10-30 15:25:15] Memory change detected: 141 MB
               total        used        free      shared  buff/cache   available
Mem:            62Gi        11Gi        26Gi       206Mi        24Gi        50Gi
Swap:          8.0Gi       1.0Mi       8.0Gi
---------------------------------
[2024-10-30 15:25:15] Memory change detected: 114 MB
               total        used        free      shared  buff/cache   available
Mem:            62Gi        11Gi        26Gi       207Mi        24Gi        49Gi
Swap:          8.0Gi       1.0Mi       8.0Gi
---------------------------------
[2024-10-30 15:25:15] Memory change detected: 160 MB
               total        used        free      shared  buff/cache   available
Mem:            62Gi        11Gi        26Gi       207Mi        24Gi        49Gi
Swap:          8.0Gi       1.0Mi       8.0Gi
---------------------------------
[2024-10-30 15:25:16] Memory change detected: 138 MB
               total        used        free      shared  buff/cache   available
Mem:            62Gi        11Gi        26Gi       207Mi        24Gi        49Gi
Swap:          8.0Gi       1.0Mi       8.0Gi
---------------------------------
[2024-10-30 15:25:16] Memory change detected: 149 MB
               total        used        free      shared  buff/cache   available
Mem:            62Gi        12Gi        25Gi       207Mi        24Gi        49Gi
Swap:          8.0Gi       1.0Mi       8.0Gi
---------------------------------
[2024-10-30 15:25:16] Memory change detected: 218 MB
               total        used        free      shared  buff/cache   available
Mem:            62Gi        12Gi        25Gi       207Mi        24Gi        49Gi
Swap:          8.0Gi       1.0Mi       8.0Gi
---------------------------------
[2024-10-30 15:25:16] Memory change detected: 110 MB
               total        used        free      shared  buff/cache   available
Mem:            62Gi        12Gi        25Gi       207Mi        24Gi        49Gi
Swap:          8.0Gi       1.0Mi       8.0Gi
---------------------------------
[2024-10-30 15:25:16] Memory change detected: 156 MB
               total        used        free      shared  buff/cache   available
Mem:            62Gi        12Gi        25Gi       207Mi        24Gi        49Gi
Swap:          8.0Gi       1.0Mi       8.0Gi
---------------------------------
[2024-10-30 15:25:16] Memory change detected: 154 MB
               total        used        free      shared  buff/cache   available
Mem:            62Gi        12Gi        24Gi       207Mi        24Gi        48Gi
Swap:          8.0Gi       1.0Mi       8.0Gi
---------------------------------
[2024-10-30 15:25:16] Memory change detected: 153 MB
               total        used        free      shared  buff/cache   available
Mem:            62Gi        12Gi        24Gi       207Mi        24Gi        48Gi
Swap:          8.0Gi       1.0Mi       8.0Gi
---------------------------------
[2024-10-30 15:25:17] Memory change detected: 205 MB
               total        used        free      shared  buff/cache   available
Mem:            62Gi        13Gi        24Gi       207Mi        25Gi        48Gi
Swap:          8.0Gi       1.0Mi       8.0Gi
---------------------------------
[2024-10-30 15:25:17] Memory change detected: 154 MB
               total        used        free      shared  buff/cache   available
Mem:            62Gi        13Gi        24Gi       207Mi        25Gi        48Gi
Swap:          8.0Gi       1.0Mi       8.0Gi
---------------------------------
[2024-10-30 15:25:17] Memory change detected: 152 MB
               total        used        free      shared  buff/cache   available
Mem:            62Gi        13Gi        23Gi       206Mi        25Gi        48Gi
Swap:          8.0Gi       1.0Mi       8.0Gi
---------------------------------
[2024-10-30 15:25:17] Memory change detected: 159 MB
               total        used        free      shared  buff/cache   available
Mem:            62Gi        13Gi        23Gi       206Mi        25Gi        48Gi
Swap:          8.0Gi       1.0Mi       8.0Gi
---------------------------------
[2024-10-30 15:25:17] Memory change detected: 134 MB
               total        used        free      shared  buff/cache   available
Mem:            62Gi        13Gi        23Gi       206Mi        25Gi        47Gi
Swap:          8.0Gi       1.0Mi       8.0Gi
---------------------------------
[2024-10-30 15:25:17] Memory change detected: 110 MB
               total        used        free      shared  buff/cache   available
Mem:            62Gi        13Gi        23Gi       207Mi        25Gi        47Gi
Swap:          8.0Gi       1.0Mi       8.0Gi
---------------------------------
[2024-10-30 15:25:17] Memory change detected: 145 MB
               total        used        free      shared  buff/cache   available
Mem:            62Gi        13Gi        23Gi       207Mi        25Gi        47Gi
Swap:          8.0Gi       1.0Mi       8.0Gi
---------------------------------
[2024-10-30 15:25:17] Memory change detected: 102 MB
               total        used        free      shared  buff/cache   available
Mem:            62Gi        13Gi        22Gi       207Mi        25Gi        47Gi
Swap:          8.0Gi       1.0Mi       8.0Gi
---------------------------------
[2024-10-30 15:25:17] Memory change detected: 105 MB
               total        used        free      shared  buff/cache   available
Mem:            62Gi        14Gi        22Gi       207Mi        25Gi        47Gi
Swap:          8.0Gi       1.0Mi       8.0Gi
---------------------------------
[2024-10-30 15:25:18] Memory change detected: 144 MB
               total        used        free      shared  buff/cache   available
Mem:            62Gi        14Gi        22Gi       206Mi        25Gi        47Gi
Swap:          8.0Gi       1.0Mi       8.0Gi
---------------------------------
[2024-10-30 15:25:18] Memory change detected: 166 MB
               total        used        free      shared  buff/cache   available
Mem:            62Gi        14Gi        22Gi       207Mi        25Gi        47Gi
Swap:          8.0Gi       1.0Mi       8.0Gi
---------------------------------
[2024-10-30 15:25:18] Memory change detected: 110 MB
               total        used        free      shared  buff/cache   available
Mem:            62Gi        14Gi        22Gi       207Mi        25Gi        47Gi
Swap:          8.0Gi       1.0Mi       8.0Gi
---------------------------------
[2024-10-30 15:25:18] Memory change detected: 203 MB
               total        used        free      shared  buff/cache   available
Mem:            62Gi        14Gi        21Gi       206Mi        25Gi        46Gi
Swap:          8.0Gi       1.0Mi       8.0Gi
---------------------------------
[2024-10-30 15:25:18] Memory change detected: 111 MB
               total        used        free      shared  buff/cache   available
Mem:            62Gi        14Gi        21Gi       207Mi        26Gi        46Gi
Swap:          8.0Gi       1.0Mi       8.0Gi
---------------------------------
[2024-10-30 15:25:18] Memory change detected: 270 MB
               total        used        free      shared  buff/cache   available
Mem:            62Gi        15Gi        21Gi       207Mi        26Gi        46Gi
Swap:          8.0Gi       1.0Mi       8.0Gi
---------------------------------
[2024-10-30 15:25:19] Memory change detected: 282 MB
               total        used        free      shared  buff/cache   available
Mem:            62Gi        15Gi        21Gi       206Mi        26Gi        46Gi
Swap:          8.0Gi       1.0Mi       8.0Gi
---------------------------------
[2024-10-30 15:25:19] Memory change detected: -187 MB
               total        used        free      shared  buff/cache   available
Mem:            62Gi        15Gi        21Gi       207Mi        26Gi        46Gi
Swap:          8.0Gi       1.0Mi       8.0Gi
---------------------------------
[2024-10-30 15:25:19] Memory change detected: 267 MB
               total        used        free      shared  buff/cache   available
Mem:            62Gi        15Gi        20Gi       207Mi        26Gi        46Gi
Swap:          8.0Gi       1.0Mi       8.0Gi
---------------------------------
[2024-10-30 15:25:19] Memory change detected: 138 MB
               total        used        free      shared  buff/cache   available
Mem:            62Gi        15Gi        20Gi       207Mi        26Gi        46Gi
Swap:          8.0Gi       1.0Mi       8.0Gi
---------------------------------
[2024-10-30 15:25:19] Memory change detected: 149 MB
               total        used        free      shared  buff/cache   available
Mem:            62Gi        15Gi        20Gi       206Mi        26Gi        45Gi
Swap:          8.0Gi       1.0Mi       8.0Gi
---------------------------------
[2024-10-30 15:25:19] Memory change detected: 107 MB
               total        used        free      shared  buff/cache   available
Mem:            62Gi        15Gi        20Gi       207Mi        26Gi        45Gi
Swap:          8.0Gi       1.0Mi       8.0Gi
---------------------------------
[2024-10-30 15:25:20] Memory change detected: 118 MB
               total        used        free      shared  buff/cache   available
Mem:            62Gi        15Gi        20Gi       207Mi        26Gi        45Gi
Swap:          8.0Gi       1.0Mi       8.0Gi
---------------------------------
[2024-10-30 15:25:20] Memory change detected: 116 MB
               total        used        free      shared  buff/cache   available
Mem:            62Gi        15Gi        19Gi       206Mi        26Gi        45Gi
Swap:          8.0Gi       1.0Mi       8.0Gi
---------------------------------
[2024-10-30 15:25:20] Memory change detected: 163 MB
               total        used        free      shared  buff/cache   available
Mem:            62Gi        16Gi        19Gi       207Mi        26Gi        45Gi
Swap:          8.0Gi       1.0Mi       8.0Gi
---------------------------------
[2024-10-30 15:25:20] Memory change detected: 112 MB
               total        used        free      shared  buff/cache   available
Mem:            62Gi        16Gi        19Gi       207Mi        26Gi        45Gi
Swap:          8.0Gi       1.0Mi       8.0Gi
---------------------------------
[2024-10-30 15:25:21] Memory change detected: 103 MB
               total        used        free      shared  buff/cache   available
Mem:            62Gi        16Gi        19Gi       207Mi        26Gi        45Gi
Swap:          8.0Gi       1.0Mi       8.0Gi
---------------------------------
[2024-10-30 15:25:21] Memory change detected: 113 MB
               total        used        free      shared  buff/cache   available
Mem:            62Gi        16Gi        19Gi       207Mi        26Gi        45Gi
Swap:          8.0Gi       1.0Mi       8.0Gi
---------------------------------
[2024-10-30 15:25:22] Memory change detected: 136 MB
               total        used        free      shared  buff/cache   available
Mem:            62Gi        16Gi        19Gi       207Mi        26Gi        44Gi
Swap:          8.0Gi       1.0Mi       8.0Gi
---------------------------------
[2024-10-30 15:25:22] Memory change detected: 184 MB
               total        used        free      shared  buff/cache   available
Mem:            62Gi        16Gi        18Gi       207Mi        26Gi        44Gi
Swap:          8.0Gi       1.0Mi       8.0Gi
---------------------------------
[2024-10-30 15:25:22] Memory change detected: 274 MB
               total        used        free      shared  buff/cache   available
Mem:            62Gi        17Gi        18Gi       207Mi        26Gi        44Gi
Swap:          8.0Gi       1.0Mi       8.0Gi
---------------------------------
[2024-10-30 15:25:22] Memory change detected: 403 MB
               total        used        free      shared  buff/cache   available
Mem:            62Gi        17Gi        18Gi       207Mi        26Gi        43Gi
Swap:          8.0Gi       1.0Mi       8.0Gi
---------------------------------
[2024-10-30 15:25:22] Memory change detected: 210 MB
               total        used        free      shared  buff/cache   available
Mem:            62Gi        17Gi        17Gi       207Mi        26Gi        43Gi
Swap:          8.0Gi       1.0Mi       8.0Gi
---------------------------------
[2024-10-30 15:25:23] Memory change detected: -497 MB
               total        used        free      shared  buff/cache   available
Mem:            62Gi        17Gi        18Gi       206Mi        26Gi        44Gi
Swap:          8.0Gi       1.0Mi       8.0Gi
---------------------------------
[2024-10-30 15:25:23] Memory change detected: 112 MB
               total        used        free      shared  buff/cache   available
Mem:            62Gi        17Gi        18Gi       206Mi        26Gi        44Gi
Swap:          8.0Gi       1.0Mi       8.0Gi
---------------------------------
[2024-10-30 15:25:23] Memory change detected: 103 MB
               total        used        free      shared  buff/cache   available
Mem:            62Gi        17Gi        18Gi       206Mi        26Gi        44Gi
Swap:          8.0Gi       1.0Mi       8.0Gi
---------------------------------
[2024-10-30 15:25:23] Memory change detected: 100 MB
               total        used        free      shared  buff/cache   available
Mem:            62Gi        17Gi        18Gi       207Mi        26Gi        44Gi
Swap:          8.0Gi       1.0Mi       8.0Gi
---------------------------------
[2024-10-30 15:25:24] Memory change detected: -302 MB
               total        used        free      shared  buff/cache   available
Mem:            62Gi        17Gi        18Gi       207Mi        26Gi        44Gi
Swap:          8.0Gi       1.0Mi       8.0Gi
---------------------------------
[2024-10-30 15:25:24] Memory change detected: -863 MB
               total        used        free      shared  buff/cache   available
Mem:            62Gi        16Gi        19Gi       207Mi        26Gi        45Gi
Swap:          8.0Gi       1.0Mi       8.0Gi
---------------------------------
[2024-10-30 15:25:24] Memory change detected: -233 MB
               total        used        free      shared  buff/cache   available
Mem:            62Gi        16Gi        19Gi       207Mi        26Gi        45Gi
Swap:          8.0Gi       1.0Mi       8.0Gi
---------------------------------
[2024-10-30 15:25:25] Memory change detected: -554 MB
               total        used        free      shared  buff/cache   available
Mem:            62Gi        15Gi        20Gi       207Mi        26Gi        46Gi
Swap:          8.0Gi       1.0Mi       8.0Gi
---------------------------------
[2024-10-30 15:25:25] Memory change detected: -585 MB
               total        used        free      shared  buff/cache   available
Mem:            62Gi        14Gi        20Gi       207Mi        26Gi        46Gi
Swap:          8.0Gi       1.0Mi       8.0Gi
---------------------------------
[2024-10-30 15:25:26] Memory change detected: -139 MB
               total        used        free      shared  buff/cache   available
Mem:            62Gi        14Gi        20Gi       207Mi        26Gi        46Gi
Swap:          8.0Gi       1.0Mi       8.0Gi
---------------------------------
[2024-10-30 15:27:16] Memory change detected: 108 MB
               total        used        free      shared  buff/cache   available
Mem:            62Gi        14Gi        20Gi       207Mi        27Gi        46Gi
Swap:          8.0Gi       1.0Mi       8.0Gi
---------------------------------
[2024-10-30 15:27:17] Memory change detected: -115 MB
               total        used        free      shared  buff/cache   available
Mem:            62Gi        14Gi        20Gi       207Mi        27Gi        46Gi
Swap:          8.0Gi       1.0Mi       8.0Gi
---------------------------------
[2024-10-30 15:35:15] Memory change detected: -171 MB
               total        used        free      shared  buff/cache   available
Mem:            62Gi        14Gi        20Gi       207Mi        27Gi        47Gi
Swap:          8.0Gi       1.0Mi       8.0Gi
---------------------------------
[2024-10-30 15:35:15] Memory change detected: -282 MB
               total        used        free      shared  buff/cache   available
Mem:            62Gi        14Gi        20Gi       200Mi        27Gi        47Gi
Swap:          8.0Gi       1.0Mi       8.0Gi
---------------------------------
[2024-10-30 15:35:18] Memory change detected: -430 MB
               total        used        free      shared  buff/cache   available
Mem:            62Gi        14Gi        21Gi       192Mi        27Gi        47Gi
Swap:          8.0Gi       1.0Mi       8.0Gi
---------------------------------
[2024-10-30 15:35:30] Memory change detected: 105 MB
               total        used        free      shared  buff/cache   available
Mem:            62Gi        14Gi        20Gi       192Mi        27Gi        47Gi
Swap:          8.0Gi       1.0Mi       8.0Gi
---------------------------------
[2024-10-30 15:35:30] Memory change detected: 104 MB
               total        used        free      shared  buff/cache   available
Mem:            62Gi        14Gi        20Gi       192Mi        27Gi        47Gi
Swap:          8.0Gi       1.0Mi       8.0Gi
---------------------------------
[2024-10-30 15:35:31] Memory change detected: 116 MB
               total        used        free      shared  buff/cache   available
Mem:            62Gi        14Gi        20Gi       192Mi        27Gi        47Gi
Swap:          8.0Gi       1.0Mi       8.0Gi
---------------------------------
[2024-10-30 15:35:31] Memory change detected: 120 MB
               total        used        free      shared  buff/cache   available
Mem:            62Gi        14Gi        20Gi       192Mi        27Gi        47Gi
Swap:          8.0Gi       1.0Mi       8.0Gi
---------------------------------
[2024-10-30 15:35:31] Memory change detected: 163 MB
               total        used        free      shared  buff/cache   available
Mem:            62Gi        14Gi        19Gi       192Mi        28Gi        46Gi
Swap:          8.0Gi       1.0Mi       8.0Gi
---------------------------------
[2024-10-30 15:35:32] Memory change detected: 108 MB
               total        used        free      shared  buff/cache   available
Mem:            62Gi        14Gi        19Gi       192Mi        28Gi        46Gi
Swap:          8.0Gi       1.0Mi       8.0Gi
---------------------------------
[2024-10-30 15:35:32] Memory change detected: 119 MB
               total        used        free      shared  buff/cache   available
Mem:            62Gi        14Gi        19Gi       192Mi        28Gi        46Gi
Swap:          8.0Gi       1.0Mi       8.0Gi
---------------------------------
[2024-10-30 15:35:33] Memory change detected: 104 MB
               total        used        free      shared  buff/cache   available
Mem:            62Gi        14Gi        19Gi       192Mi        28Gi        46Gi
Swap:          8.0Gi       1.0Mi       8.0Gi
---------------------------------
[2024-10-30 15:35:33] Memory change detected: 103 MB
               total        used        free      shared  buff/cache   available
Mem:            62Gi        15Gi        18Gi       192Mi        28Gi        46Gi
Swap:          8.0Gi       1.0Mi       8.0Gi
---------------------------------
[2024-10-30 15:35:34] Memory change detected: 109 MB
               total        used        free      shared  buff/cache   available
Mem:            62Gi        15Gi        18Gi       192Mi        28Gi        46Gi
Swap:          8.0Gi       1.0Mi       8.0Gi
---------------------------------
[2024-10-30 15:35:35] Memory change detected: 104 MB
               total        used        free      shared  buff/cache   available
Mem:            62Gi        15Gi        18Gi       192Mi        28Gi        46Gi
Swap:          8.0Gi       1.0Mi       8.0Gi
---------------------------------
[2024-10-30 15:35:35] Memory change detected: 103 MB
               total        used        free      shared  buff/cache   available
Mem:            62Gi        15Gi        18Gi       192Mi        28Gi        46Gi
Swap:          8.0Gi       1.0Mi       8.0Gi
---------------------------------
[2024-10-30 15:35:36] Memory change detected: 101 MB
               total        used        free      shared  buff/cache   available
Mem:            62Gi        15Gi        18Gi       192Mi        28Gi        46Gi
Swap:          8.0Gi       1.0Mi       8.0Gi
---------------------------------
[2024-10-30 15:35:36] Memory change detected: 149 MB
               total        used        free      shared  buff/cache   available
Mem:            62Gi        15Gi        18Gi       192Mi        28Gi        46Gi
Swap:          8.0Gi       1.0Mi       8.0Gi
---------------------------------
[2024-10-30 15:35:36] Memory change detected: -191 MB
               total        used        free      shared  buff/cache   available
Mem:            62Gi        15Gi        18Gi       192Mi        28Gi        46Gi
Swap:          8.0Gi       1.0Mi       8.0Gi
---------------------------------
[2024-10-30 15:35:36] Memory change detected: 156 MB
               total        used        free      shared  buff/cache   available
Mem:            62Gi        15Gi        18Gi       192Mi        28Gi        46Gi
Swap:          8.0Gi       1.0Mi       8.0Gi
---------------------------------
[2024-10-30 15:35:37] Memory change detected: 100 MB
               total        used        free      shared  buff/cache   available
Mem:            62Gi        15Gi        17Gi       192Mi        28Gi        45Gi
Swap:          8.0Gi       1.0Mi       8.0Gi
---------------------------------
[2024-10-30 15:35:38] Memory change detected: 103 MB
               total        used        free      shared  buff/cache   available
Mem:            62Gi        15Gi        17Gi       192Mi        28Gi        45Gi
Swap:          8.0Gi       1.0Mi       8.0Gi
---------------------------------
[2024-10-30 15:35:38] Memory change detected: 110 MB
               total        used        free      shared  buff/cache   available
Mem:            62Gi        15Gi        17Gi       192Mi        28Gi        45Gi
Swap:          8.0Gi       1.0Mi       8.0Gi
---------------------------------
[2024-10-30 15:35:38] Memory change detected: 115 MB
               total        used        free      shared  buff/cache   available
Mem:            62Gi        15Gi        17Gi       192Mi        28Gi        45Gi
Swap:          8.0Gi       1.0Mi       8.0Gi
---------------------------------
[2024-10-30 15:35:39] Memory change detected: -230 MB
               total        used        free      shared  buff/cache   available
Mem:            62Gi        15Gi        17Gi       192Mi        28Gi        45Gi
Swap:          8.0Gi       1.0Mi       8.0Gi
---------------------------------
[2024-10-30 15:35:39] Memory change detected: 101 MB
               total        used        free      shared  buff/cache   available
Mem:            62Gi        15Gi        17Gi       192Mi        29Gi        45Gi
Swap:          8.0Gi       1.0Mi       8.0Gi
---------------------------------
[2024-10-30 15:35:40] Memory change detected: 127 MB
               total        used        free      shared  buff/cache   available
Mem:            62Gi        15Gi        17Gi       192Mi        29Gi        45Gi
Swap:          8.0Gi       1.0Mi       8.0Gi
---------------------------------
[2024-10-30 15:35:41] Memory change detected: 316 MB
               total        used        free      shared  buff/cache   available
Mem:            62Gi        16Gi        17Gi       192Mi        29Gi        45Gi
Swap:          8.0Gi       1.0Mi       8.0Gi
---------------------------------
[2024-10-30 15:35:42] Memory change detected: -116 MB
               total        used        free      shared  buff/cache   available
Mem:            62Gi        16Gi        17Gi       192Mi        29Gi        45Gi
Swap:          8.0Gi       1.0Mi       8.0Gi
---------------------------------
[2024-10-30 15:35:42] Memory change detected: -150 MB
               total        used        free      shared  buff/cache   available
Mem:            62Gi        15Gi        17Gi       192Mi        29Gi        45Gi
Swap:          8.0Gi       1.0Mi       8.0Gi
---------------------------------
[2024-10-30 15:35:43] Memory change detected: 113 MB
               total        used        free      shared  buff/cache   available
Mem:            62Gi        16Gi        17Gi       192Mi        29Gi        45Gi
Swap:          8.0Gi       1.0Mi       8.0Gi
---------------------------------
[2024-10-30 15:35:44] Memory change detected: 150 MB
               total        used        free      shared  buff/cache   available
Mem:            62Gi        16Gi        16Gi       192Mi        29Gi        45Gi
Swap:          8.0Gi       1.0Mi       8.0Gi
---------------------------------
[2024-10-30 15:35:44] Memory change detected: 100 MB
               total        used        free      shared  buff/cache   available
Mem:            62Gi        16Gi        16Gi       192Mi        29Gi        45Gi
Swap:          8.0Gi       1.0Mi       8.0Gi
---------------------------------
[2024-10-30 15:35:55] Memory change detected: -100 MB
               total        used        free      shared  buff/cache   available
Mem:            62Gi        16Gi        16Gi       192Mi        29Gi        45Gi
Swap:          8.0Gi       1.0Mi       8.0Gi
---------------------------------
[2024-10-30 15:36:05] Memory change detected: -100 MB
               total        used        free      shared  buff/cache   available
Mem:            62Gi        16Gi        17Gi       192Mi        29Gi        45Gi
Swap:          8.0Gi       1.0Mi       8.0Gi
---------------------------------
[2024-10-30 15:36:30] Memory change detected: -135 MB
               total        used        free      shared  buff/cache   available
Mem:            62Gi        16Gi        17Gi       192Mi        29Gi        45Gi
Swap:          8.0Gi       1.0Mi       8.0Gi
---------------------------------
[2024-10-30 15:38:39] Memory change detected: 103 MB
               total        used        free      shared  buff/cache   available
Mem:            62Gi        16Gi        16Gi       193Mi        29Gi        45Gi
Swap:          8.0Gi       1.0Mi       8.0Gi
---------------------------------
[2024-10-30 15:38:39] Memory change detected: 106 MB
               total        used        free      shared  buff/cache   available
Mem:            62Gi        16Gi        16Gi       210Mi        29Gi        45Gi
Swap:          8.0Gi       1.0Mi       8.0Gi
---------------------------------
[2024-10-30 15:38:39] Memory change detected: 183 MB
               total        used        free      shared  buff/cache   available
Mem:            62Gi        16Gi        16Gi       285Mi        29Gi        45Gi
Swap:          8.0Gi       1.0Mi       8.0Gi
---------------------------------
[2024-10-30 15:38:40] Memory change detected: 216 MB
               total        used        free      shared  buff/cache   available
Mem:            62Gi        16Gi        16Gi       295Mi        29Gi        44Gi
Swap:          8.0Gi       1.0Mi       8.0Gi
---------------------------------
[2024-10-30 15:38:40] Memory change detected: 108 MB
               total        used        free      shared  buff/cache   available
Mem:            62Gi        16Gi        15Gi       304Mi        29Gi        44Gi
Swap:          8.0Gi       1.0Mi       8.0Gi
---------------------------------
[2024-10-30 15:38:41] Memory change detected: 150 MB
               total        used        free      shared  buff/cache   available
Mem:            62Gi        16Gi        15Gi       320Mi        29Gi        44Gi
Swap:          8.0Gi       1.0Mi       8.0Gi
---------------------------------
[2024-10-30 15:38:42] Memory change detected: 209 MB
               total        used        free      shared  buff/cache   available
Mem:            62Gi        16Gi        15Gi       334Mi        29Gi        44Gi
Swap:          8.0Gi       1.0Mi       8.0Gi
---------------------------------
[2024-10-30 15:38:42] Memory change detected: -106 MB
               total        used        free      shared  buff/cache   available
Mem:            62Gi        16Gi        15Gi       324Mi        29Gi        44Gi
Swap:          8.0Gi       1.0Mi       8.0Gi
---------------------------------
[2024-10-30 15:38:42] Memory change detected: 222 MB
               total        used        free      shared  buff/cache   available
Mem:            62Gi        17Gi        15Gi       340Mi        29Gi        44Gi
Swap:          8.0Gi       1.0Mi       8.0Gi
---------------------------------
[2024-10-30 15:38:42] Memory change detected: -118 MB
               total        used        free      shared  buff/cache   available
Mem:            62Gi        17Gi        15Gi       352Mi        30Gi        44Gi
Swap:          8.0Gi       1.0Mi       8.0Gi
---------------------------------
[2024-10-30 15:38:44] Memory change detected: 127 MB
               total        used        free      shared  buff/cache   available
Mem:            62Gi        17Gi        15Gi       370Mi        30Gi        44Gi
Swap:          8.0Gi       1.0Mi       8.0Gi
---------------------------------
[2024-10-30 15:38:51] Memory change detected: 110 MB
               total        used        free      shared  buff/cache   available
Mem:            62Gi        17Gi        15Gi       350Mi        30Gi        44Gi
Swap:          8.0Gi       1.0Mi       8.0Gi
---------------------------------
[2024-10-30 15:38:54] Memory change detected: 103 MB
               total        used        free      shared  buff/cache   available
Mem:            62Gi        17Gi        14Gi       352Mi        30Gi        44Gi
Swap:          8.0Gi       1.0Mi       8.0Gi
---------------------------------
[2024-10-30 15:38:55] Memory change detected: 112 MB
               total        used        free      shared  buff/cache   available
Mem:            62Gi        17Gi        14Gi       349Mi        30Gi        43Gi
Swap:          8.0Gi       1.0Mi       8.0Gi
---------------------------------
[2024-10-30 15:39:11] Memory change detected: -101 MB
               total        used        free      shared  buff/cache   available
Mem:            62Gi        17Gi        14Gi       341Mi        30Gi        44Gi
Swap:          8.0Gi       1.0Mi       8.0Gi
---------------------------------
[2024-10-30 15:39:21] Memory change detected: -107 MB
               total        used        free      shared  buff/cache   available
Mem:            62Gi        17Gi        15Gi       341Mi        30Gi        44Gi
Swap:          8.0Gi       1.0Mi       8.0Gi
---------------------------------
[2024-10-30 15:41:04] Memory change detected: -100 MB
               total        used        free      shared  buff/cache   available
Mem:            62Gi        17Gi        15Gi       316Mi        30Gi        44Gi
Swap:          8.0Gi       1.0Mi       8.0Gi
---------------------------------
[2024-10-30 15:45:11] Memory change detected: 107 MB
               total        used        free      shared  buff/cache   available
Mem:            62Gi        17Gi        14Gi       313Mi        30Gi        44Gi
Swap:          8.0Gi       1.0Mi       8.0Gi
---------------------------------
[2024-10-30 15:45:11] Memory change detected: 101 MB
               total        used        free      shared  buff/cache   available
Mem:            62Gi        17Gi        14Gi       313Mi        30Gi        44Gi
Swap:          8.0Gi       1.0Mi       8.0Gi
---------------------------------
[2024-10-30 15:45:42] Memory change detected: -107 MB
               total        used        free      shared  buff/cache   available
Mem:            62Gi        17Gi        14Gi       312Mi        30Gi        44Gi
Swap:          8.0Gi       1.0Mi       8.0Gi
---------------------------------
[2024-10-30 15:45:55] Memory change detected: 102 MB
               total        used        free      shared  buff/cache   available
Mem:            62Gi        17Gi        14Gi       310Mi        30Gi        44Gi
Swap:          8.0Gi       1.0Mi       8.0Gi
---------------------------------
[2024-10-30 15:45:59] Memory change detected: 111 MB
               total        used        free      shared  buff/cache   available
Mem:            62Gi        17Gi        14Gi       318Mi        30Gi        43Gi
Swap:          8.0Gi       1.0Mi       8.0Gi
---------------------------------
[2024-10-30 15:45:59] Memory change detected: 171 MB
               total        used        free      shared  buff/cache   available
Mem:            62Gi        17Gi        14Gi       318Mi        30Gi        43Gi
Swap:          8.0Gi       1.0Mi       8.0Gi
---------------------------------
[2024-10-30 15:45:59] Memory change detected: 269 MB
               total        used        free      shared  buff/cache   available
Mem:            62Gi        18Gi        13Gi       318Mi        30Gi        43Gi
Swap:          8.0Gi       1.0Mi       8.0Gi
---------------------------------
[2024-10-30 15:45:59] Memory change detected: 361 MB
               total        used        free      shared  buff/cache   available
Mem:            62Gi        18Gi        13Gi       318Mi        30Gi        43Gi
Swap:          8.0Gi       1.0Mi       8.0Gi
---------------------------------
[2024-10-30 15:45:59] Memory change detected: 271 MB
               total        used        free      shared  buff/cache   available
Mem:            62Gi        18Gi        13Gi       318Mi        30Gi        42Gi
Swap:          8.0Gi       1.0Mi       8.0Gi
---------------------------------
[2024-10-30 15:45:59] Memory change detected: -504 MB
               total        used        free      shared  buff/cache   available
Mem:            62Gi        18Gi        13Gi       318Mi        30Gi        43Gi
Swap:          8.0Gi       1.0Mi       8.0Gi
---------------------------------
[2024-10-30 15:46:00] Memory change detected: 120 MB
               total        used        free      shared  buff/cache   available
Mem:            62Gi        18Gi        13Gi       318Mi        30Gi        43Gi
Swap:          8.0Gi       1.0Mi       8.0Gi
---------------------------------
[2024-10-30 15:46:00] Memory change detected: -543 MB
               total        used        free      shared  buff/cache   available
Mem:            62Gi        17Gi        14Gi       318Mi        30Gi        43Gi
Swap:          8.0Gi       1.0Mi       8.0Gi
---------------------------------
[2024-10-30 15:46:04] Memory change detected: -104 MB
               total        used        free      shared  buff/cache   available
Mem:            62Gi        17Gi        14Gi       318Mi        30Gi        43Gi
Swap:          8.0Gi       1.0Mi       8.0Gi
---------------------------------
[2024-10-30 15:46:31] Memory change detected: 110 MB
               total        used        free      shared  buff/cache   available
Mem:            62Gi        17Gi        14Gi       318Mi        30Gi        43Gi
Swap:          8.0Gi       1.0Mi       8.0Gi
---------------------------------
[2024-10-30 15:46:31] Memory change detected: 120 MB
               total        used        free      shared  buff/cache   available
Mem:            62Gi        17Gi        14Gi       318Mi        30Gi        43Gi
Swap:          8.0Gi       1.0Mi       8.0Gi
---------------------------------
[2024-10-30 15:46:31] Memory change detected: 156 MB
               total        used        free      shared  buff/cache   available
Mem:            62Gi        17Gi        13Gi       318Mi        30Gi        43Gi
Swap:          8.0Gi       1.0Mi       8.0Gi
---------------------------------
[2024-10-30 15:46:32] Memory change detected: 101 MB
               total        used        free      shared  buff/cache   available
Mem:            62Gi        18Gi        13Gi       318Mi        30Gi        43Gi
Swap:          8.0Gi       1.0Mi       8.0Gi
---------------------------------
[2024-10-30 15:47:05] Memory change detected: 165 MB
               total        used        free      shared  buff/cache   available
Mem:            62Gi        18Gi        13Gi       318Mi        30Gi        43Gi
Swap:          8.0Gi       1.0Mi       8.0Gi
---------------------------------
[2024-10-30 15:47:05] Memory change detected: 137 MB
               total        used        free      shared  buff/cache   available
Mem:            62Gi        18Gi        13Gi       318Mi        30Gi        43Gi
Swap:          8.0Gi       1.0Mi       8.0Gi
---------------------------------
[2024-10-30 15:47:05] Memory change detected: 169 MB
               total        used        free      shared  buff/cache   available
Mem:            62Gi        18Gi        13Gi       318Mi        30Gi        42Gi
Swap:          8.0Gi       1.0Mi       8.0Gi
---------------------------------
[2024-10-30 15:47:05] Memory change detected: 147 MB
               total        used        free      shared  buff/cache   available
Mem:            62Gi        18Gi        13Gi       325Mi        30Gi        42Gi
Swap:          8.0Gi       1.0Mi       8.0Gi
---------------------------------
[2024-10-30 15:47:05] Memory change detected: 134 MB
               total        used        free      shared  buff/cache   available
Mem:            62Gi        18Gi        13Gi       325Mi        30Gi        42Gi
Swap:          8.0Gi       1.0Mi       8.0Gi
---------------------------------
[2024-10-30 15:47:05] Memory change detected: 127 MB
               total        used        free      shared  buff/cache   available
Mem:            62Gi        18Gi        12Gi       325Mi        30Gi        42Gi
Swap:          8.0Gi       1.0Mi       8.0Gi
---------------------------------
[2024-10-30 15:47:05] Memory change detected: 144 MB
               total        used        free      shared  buff/cache   available
Mem:            62Gi        19Gi        12Gi       326Mi        30Gi        42Gi
Swap:          8.0Gi       1.0Mi       8.0Gi
---------------------------------
[2024-10-30 15:47:05] Memory change detected: 140 MB
               total        used        free      shared  buff/cache   available
Mem:            62Gi        19Gi        12Gi       326Mi        30Gi        42Gi
Swap:          8.0Gi       1.0Mi       8.0Gi
---------------------------------
[2024-10-30 15:47:06] Memory change detected: 152 MB
               total        used        free      shared  buff/cache   available
Mem:            62Gi        19Gi        12Gi       326Mi        30Gi        42Gi
Swap:          8.0Gi       1.0Mi       8.0Gi
---------------------------------
[2024-10-30 15:47:06] Memory change detected: 175 MB
               total        used        free      shared  buff/cache   available
Mem:            62Gi        19Gi        12Gi       326Mi        30Gi        41Gi
Swap:          8.0Gi       1.0Mi       8.0Gi
---------------------------------
[2024-10-30 15:47:06] Memory change detected: 146 MB
               total        used        free      shared  buff/cache   available
Mem:            62Gi        19Gi        12Gi       326Mi        30Gi        41Gi
Swap:          8.0Gi       1.0Mi       8.0Gi
---------------------------------
[2024-10-30 15:47:06] Memory change detected: 155 MB
               total        used        free      shared  buff/cache   available
Mem:            62Gi        19Gi        12Gi       326Mi        30Gi        41Gi
Swap:          8.0Gi       1.0Mi       8.0Gi
---------------------------------
[2024-10-30 15:47:06] Memory change detected: 132 MB
               total        used        free      shared  buff/cache   available
Mem:            62Gi        19Gi        11Gi       326Mi        30Gi        41Gi
Swap:          8.0Gi       1.0Mi       8.0Gi
---------------------------------
[2024-10-30 15:47:06] Memory change detected: 124 MB
               total        used        free      shared  buff/cache   available
Mem:            62Gi        20Gi        11Gi       326Mi        30Gi        41Gi
Swap:          8.0Gi       1.0Mi       8.0Gi
---------------------------------
[2024-10-30 15:47:07] Memory change detected: 297 MB
               total        used        free      shared  buff/cache   available
Mem:            62Gi        20Gi        11Gi       326Mi        30Gi        40Gi
Swap:          8.0Gi       1.0Mi       8.0Gi
---------------------------------
[2024-10-30 15:47:07] Memory change detected: 322 MB
               total        used        free      shared  buff/cache   available
Mem:            62Gi        20Gi        11Gi       334Mi        30Gi        40Gi
Swap:          8.0Gi       1.0Mi       8.0Gi
---------------------------------
[2024-10-30 15:47:07] Memory change detected: 109 MB
               total        used        free      shared  buff/cache   available
Mem:            62Gi        20Gi        11Gi       334Mi        30Gi        40Gi
Swap:          8.0Gi       1.0Mi       8.0Gi
---------------------------------
[2024-10-30 15:47:07] Memory change detected: 132 MB
               total        used        free      shared  buff/cache   available
Mem:            62Gi        20Gi        10Gi       334Mi        30Gi        40Gi
Swap:          8.0Gi       1.0Mi       8.0Gi
---------------------------------
[2024-10-30 15:47:07] Memory change detected: 129 MB
               total        used        free      shared  buff/cache   available
Mem:            62Gi        21Gi        10Gi       336Mi        30Gi        40Gi
Swap:          8.0Gi       1.0Mi       8.0Gi
---------------------------------
[2024-10-30 15:47:07] Memory change detected: 166 MB
               total        used        free      shared  buff/cache   available
Mem:            62Gi        21Gi        10Gi       336Mi        30Gi        40Gi
Swap:          8.0Gi       1.0Mi       8.0Gi
---------------------------------
[2024-10-30 15:47:07] Memory change detected: 223 MB
               total        used        free      shared  buff/cache   available
Mem:            62Gi        21Gi        10Gi       336Mi        30Gi        39Gi
Swap:          8.0Gi       1.0Mi       8.0Gi
---------------------------------
[2024-10-30 15:47:07] Memory change detected: 230 MB
               total        used        free      shared  buff/cache   available
Mem:            62Gi        21Gi        10Gi       336Mi        30Gi        39Gi
Swap:          8.0Gi       1.0Mi       8.0Gi
---------------------------------
[2024-10-30 15:47:08] Memory change detected: -376 MB
               total        used        free      shared  buff/cache   available
Mem:            62Gi        21Gi        10Gi       336Mi        30Gi        40Gi
Swap:          8.0Gi       1.0Mi       8.0Gi
---------------------------------
[2024-10-30 15:47:08] Memory change detected: 125 MB
               total        used        free      shared  buff/cache   available
Mem:            62Gi        21Gi        10Gi       336Mi        30Gi        40Gi
Swap:          8.0Gi       1.0Mi       8.0Gi
---------------------------------
[2024-10-30 15:47:08] Memory change detected: 143 MB
               total        used        free      shared  buff/cache   available
Mem:            62Gi        21Gi        10Gi       336Mi        30Gi        39Gi
Swap:          8.0Gi       1.0Mi       8.0Gi
---------------------------------
[2024-10-30 15:47:08] Memory change detected: 153 MB
               total        used        free      shared  buff/cache   available
Mem:            62Gi        21Gi        10Gi       336Mi        30Gi        39Gi
Swap:          8.0Gi       1.0Mi       8.0Gi
---------------------------------
[2024-10-30 15:47:08] Memory change detected: 142 MB
               total        used        free      shared  buff/cache   available
Mem:            62Gi        21Gi        10Gi       336Mi        30Gi        39Gi
Swap:          8.0Gi       1.0Mi       8.0Gi
---------------------------------
[2024-10-30 15:47:08] Memory change detected: 130 MB
               total        used        free      shared  buff/cache   available
Mem:            62Gi        21Gi       9.9Gi       336Mi        30Gi        39Gi
Swap:          8.0Gi       1.0Mi       8.0Gi
---------------------------------
[2024-10-30 15:47:08] Memory change detected: 179 MB
               total        used        free      shared  buff/cache   available
Mem:            62Gi        22Gi       9.8Gi       336Mi        30Gi        39Gi
Swap:          8.0Gi       1.0Mi       8.0Gi
---------------------------------
[2024-10-30 15:47:09] Memory change detected: 114 MB
               total        used        free      shared  buff/cache   available
Mem:            62Gi        22Gi       9.7Gi       336Mi        30Gi        39Gi
Swap:          8.0Gi       1.0Mi       8.0Gi
---------------------------------
[2024-10-30 15:47:09] Memory change detected: 101 MB
               total        used        free      shared  buff/cache   available
Mem:            62Gi        22Gi       9.6Gi       336Mi        30Gi        39Gi
Swap:          8.0Gi       1.0Mi       8.0Gi
---------------------------------
[2024-10-30 15:47:10] Memory change detected: 106 MB
               total        used        free      shared  buff/cache   available
Mem:            62Gi        22Gi       9.5Gi       336Mi        30Gi        39Gi
Swap:          8.0Gi       1.0Mi       8.0Gi
---------------------------------
[2024-10-30 15:47:11] Memory change detected: 102 MB
               total        used        free      shared  buff/cache   available
Mem:            62Gi        22Gi       9.4Gi       338Mi        30Gi        38Gi
Swap:          8.0Gi       1.0Mi       8.0Gi
---------------------------------
[2024-10-30 15:47:21] Memory change detected: 103 MB
               total        used        free      shared  buff/cache   available
Mem:            62Gi        22Gi       9.2Gi       351Mi        30Gi        38Gi
Swap:          8.0Gi       1.0Mi       8.0Gi
---------------------------------
[2024-10-30 15:47:21] Memory change detected: 152 MB
               total        used        free      shared  buff/cache   available
Mem:            62Gi        22Gi       9.2Gi       352Mi        30Gi        38Gi
Swap:          8.0Gi       1.0Mi       8.0Gi
---------------------------------
[2024-10-30 15:47:22] Memory change detected: 107 MB
               total        used        free      shared  buff/cache   available
Mem:            62Gi        22Gi       9.0Gi       352Mi        30Gi        38Gi
Swap:          8.0Gi       1.0Mi       8.0Gi
---------------------------------
[2024-10-30 15:47:22] Memory change detected: 105 MB
               total        used        free      shared  buff/cache   available
Mem:            62Gi        22Gi       8.9Gi       350Mi        30Gi        38Gi
Swap:          8.0Gi       1.0Mi       8.0Gi
---------------------------------
[2024-10-30 15:47:22] Memory change detected: 101 MB
               total        used        free      shared  buff/cache   available
Mem:            62Gi        23Gi       8.8Gi       350Mi        30Gi        38Gi
Swap:          8.0Gi       1.0Mi       8.0Gi
---------------------------------
[2024-10-30 15:47:23] Memory change detected: 102 MB
               total        used        free      shared  buff/cache   available
Mem:            62Gi        23Gi       8.7Gi       350Mi        30Gi        38Gi
Swap:          8.0Gi       1.0Mi       8.0Gi
---------------------------------
[2024-10-30 15:47:23] Memory change detected: 114 MB
               total        used        free      shared  buff/cache   available
Mem:            62Gi        23Gi       8.6Gi       350Mi        30Gi        38Gi
Swap:          8.0Gi       1.0Mi       8.0Gi
---------------------------------
[2024-10-30 15:47:24] Memory change detected: 482 MB
               total        used        free      shared  buff/cache   available
Mem:            62Gi        23Gi       8.1Gi       350Mi        30Gi        37Gi
Swap:          8.0Gi       1.0Mi       8.0Gi
---------------------------------
[2024-10-30 15:47:24] Memory change detected: 223 MB
               total        used        free      shared  buff/cache   available
Mem:            62Gi        23Gi       8.1Gi       347Mi        30Gi        37Gi
Swap:          8.0Gi       1.0Mi       8.0Gi
---------------------------------
[2024-10-30 15:47:24] Memory change detected: -479 MB
               total        used        free      shared  buff/cache   available
Mem:            62Gi        23Gi       8.3Gi       347Mi        30Gi        37Gi
Swap:          8.0Gi       1.0Mi       8.0Gi
---------------------------------
[2024-10-30 15:47:24] Memory change detected: 192 MB
               total        used        free      shared  buff/cache   available
Mem:            62Gi        23Gi       8.1Gi       347Mi        30Gi        37Gi
Swap:          8.0Gi       1.0Mi       8.0Gi
---------------------------------
[2024-10-30 15:47:24] Memory change detected: 170 MB
               total        used        free      shared  buff/cache   available
Mem:            62Gi        23Gi       8.0Gi       347Mi        30Gi        37Gi
Swap:          8.0Gi       1.0Mi       8.0Gi
---------------------------------
[2024-10-30 15:47:24] Memory change detected: 104 MB
               total        used        free      shared  buff/cache   available
Mem:            62Gi        24Gi       7.8Gi       347Mi        30Gi        37Gi
Swap:          8.0Gi       1.0Mi       8.0Gi
---------------------------------
[2024-10-30 15:47:24] Memory change detected: 106 MB
               total        used        free      shared  buff/cache   available
Mem:            62Gi        24Gi       7.8Gi       347Mi        30Gi        37Gi
Swap:          8.0Gi       1.0Mi       8.0Gi
---------------------------------
[2024-10-30 15:47:25] Memory change detected: 121 MB
               total        used        free      shared  buff/cache   available
Mem:            62Gi        24Gi       7.7Gi       347Mi        30Gi        37Gi
Swap:          8.0Gi       1.0Mi       8.0Gi
---------------------------------
[2024-10-30 15:47:25] Memory change detected: 124 MB
               total        used        free      shared  buff/cache   available
Mem:            62Gi        24Gi       7.6Gi       347Mi        30Gi        37Gi
Swap:          8.0Gi       1.0Mi       8.0Gi
---------------------------------
[2024-10-30 15:47:29] Memory change detected: -103 MB
               total        used        free      shared  buff/cache   available
Mem:            62Gi        24Gi       7.6Gi       353Mi        30Gi        37Gi
Swap:          8.0Gi       1.0Mi       8.0Gi
---------------------------------
[2024-10-30 15:47:35] Memory change detected: 109 MB
               total        used        free      shared  buff/cache   available
Mem:            62Gi        24Gi       7.6Gi       344Mi        30Gi        37Gi
Swap:          8.0Gi       1.0Mi       8.0Gi
---------------------------------
[2024-10-30 15:47:38] Memory change detected: 227 MB
               total        used        free      shared  buff/cache   available
Mem:            62Gi        24Gi       7.3Gi       344Mi        30Gi        36Gi
Swap:          8.0Gi       1.0Mi       8.0Gi
---------------------------------
[2024-10-30 15:47:38] Memory change detected: -432 MB
               total        used        free      shared  buff/cache   available
Mem:            62Gi        24Gi       7.7Gi       344Mi        30Gi        37Gi
Swap:          8.0Gi       1.0Mi       8.0Gi
---------------------------------
[2024-10-30 15:47:38] Memory change detected: 124 MB
               total        used        free      shared  buff/cache   available
Mem:            62Gi        24Gi       7.6Gi       344Mi        30Gi        37Gi
Swap:          8.0Gi       1.0Mi       8.0Gi
---------------------------------
[2024-10-30 15:47:38] Memory change detected: 133 MB
               total        used        free      shared  buff/cache   available
Mem:            62Gi        24Gi       7.5Gi       344Mi        30Gi        37Gi
Swap:          8.0Gi       1.0Mi       8.0Gi
---------------------------------
[2024-10-30 15:47:52] Memory change detected: 102 MB
               total        used        free      shared  buff/cache   available
Mem:            62Gi        24Gi       7.4Gi       342Mi        30Gi        37Gi
Swap:          8.0Gi       1.0Mi       8.0Gi
---------------------------------
[2024-10-30 15:47:56] Memory change detected: 146 MB
               total        used        free      shared  buff/cache   available
Mem:            62Gi        24Gi       7.4Gi       337Mi        30Gi        37Gi
Swap:          8.0Gi       1.0Mi       8.0Gi
---------------------------------
[2024-10-30 15:47:56] Memory change detected: 107 MB
               total        used        free      shared  buff/cache   available
Mem:            62Gi        24Gi       7.1Gi       336Mi        30Gi        36Gi
Swap:          8.0Gi       1.0Mi       8.0Gi
---------------------------------
[2024-10-30 15:47:56] Memory change detected: 107 MB
               total        used        free      shared  buff/cache   available
Mem:            62Gi        24Gi       7.0Gi       341Mi        30Gi        36Gi
Swap:          8.0Gi       1.0Mi       8.0Gi
---------------------------------
[2024-10-30 15:47:57] Memory change detected: 103 MB
               total        used        free      shared  buff/cache   available
Mem:            62Gi        24Gi       6.9Gi       341Mi        30Gi        36Gi
Swap:          8.0Gi       1.0Mi       8.0Gi
---------------------------------
[2024-10-30 15:47:57] Memory change detected: 102 MB
               total        used        free      shared  buff/cache   available
Mem:            62Gi        25Gi       6.8Gi       342Mi        30Gi        36Gi
Swap:          8.0Gi       1.0Mi       8.0Gi
---------------------------------
[2024-10-30 15:47:58] Memory change detected: 206 MB
               total        used        free      shared  buff/cache   available
Mem:            62Gi        25Gi       6.6Gi       340Mi        30Gi        36Gi
Swap:          8.0Gi       1.0Mi       8.0Gi
---------------------------------
[2024-10-30 15:47:58] Memory change detected: 320 MB
               total        used        free      shared  buff/cache   available
Mem:            62Gi        25Gi       6.8Gi       340Mi        30Gi        36Gi
Swap:          8.0Gi       1.0Mi       8.0Gi
---------------------------------
[2024-10-30 15:47:58] Memory change detected: -477 MB
               total        used        free      shared  buff/cache   available
Mem:            62Gi        25Gi       6.8Gi       340Mi        30Gi        36Gi
Swap:          8.0Gi       1.0Mi       8.0Gi
---------------------------------
[2024-10-30 15:47:58] Memory change detected: 221 MB
               total        used        free      shared  buff/cache   available
Mem:            62Gi        25Gi       6.5Gi       340Mi        30Gi        36Gi
Swap:          8.0Gi       1.0Mi       8.0Gi
---------------------------------
[2024-10-30 15:47:58] Memory change detected: 239 MB
               total        used        free      shared  buff/cache   available
Mem:            62Gi        25Gi       6.4Gi       339Mi        30Gi        35Gi
Swap:          8.0Gi       1.0Mi       8.0Gi
---------------------------------
[2024-10-30 15:47:58] Memory change detected: -662 MB
               total        used        free      shared  buff/cache   available
Mem:            62Gi        24Gi       7.0Gi       340Mi        30Gi        36Gi
Swap:          8.0Gi       1.0Mi       8.0Gi
---------------------------------
[2024-10-30 15:47:58] Memory change detected: 118 MB
               total        used        free      shared  buff/cache   available
Mem:            62Gi        25Gi       6.8Gi       340Mi        30Gi        36Gi
Swap:          8.0Gi       1.0Mi       8.0Gi
---------------------------------
[2024-10-30 15:47:59] Memory change detected: 108 MB
               total        used        free      shared  buff/cache   available
Mem:            62Gi        25Gi       6.8Gi       340Mi        30Gi        36Gi
Swap:          8.0Gi       1.0Mi       8.0Gi
---------------------------------
[2024-10-30 15:48:15] Memory change detected: 143 MB
               total        used        free      shared  buff/cache   available
Mem:            62Gi        25Gi       6.6Gi       337Mi        30Gi        36Gi
Swap:          8.0Gi       1.0Mi       8.0Gi
---------------------------------
[2024-10-30 15:48:16] Memory change detected: 108 MB
               total        used        free      shared  buff/cache   available
Mem:            62Gi        25Gi       6.5Gi       337Mi        30Gi        36Gi
Swap:          8.0Gi       1.0Mi       8.0Gi
---------------------------------
[2024-10-30 15:48:16] Memory change detected: 101 MB
               total        used        free      shared  buff/cache   available
Mem:            62Gi        25Gi       6.4Gi       337Mi        30Gi        36Gi
Swap:          8.0Gi       1.0Mi       8.0Gi
---------------------------------
[2024-10-30 15:48:17] Memory change detected: 105 MB
               total        used        free      shared  buff/cache   available
Mem:            62Gi        25Gi       6.3Gi       337Mi        30Gi        35Gi
Swap:          8.0Gi       1.0Mi       8.0Gi
---------------------------------
[2024-10-30 15:48:17] Memory change detected: 109 MB
               total        used        free      shared  buff/cache   available
Mem:            62Gi        25Gi       6.2Gi       337Mi        30Gi        35Gi
Swap:          8.0Gi       1.0Mi       8.0Gi
---------------------------------
[2024-10-30 15:48:18] Memory change detected: 102 MB
               total        used        free      shared  buff/cache   available
Mem:            62Gi        25Gi       6.1Gi       337Mi        30Gi        35Gi
Swap:          8.0Gi       1.0Mi       8.0Gi
---------------------------------
[2024-10-30 15:48:18] Memory change detected: 256 MB
               total        used        free      shared  buff/cache   available
Mem:            62Gi        25Gi       6.0Gi       337Mi        30Gi        35Gi
Swap:          8.0Gi       1.0Mi       8.0Gi
---------------------------------
[2024-10-30 15:48:18] Memory change detected: 187 MB
               total        used        free      shared  buff/cache   available
Mem:            62Gi        25Gi       5.9Gi       337Mi        30Gi        35Gi
Swap:          8.0Gi       1.0Mi       8.0Gi
---------------------------------
[2024-10-30 15:48:18] Memory change detected: -501 MB
               total        used        free      shared  buff/cache   available
Mem:            62Gi        25Gi       6.1Gi       336Mi        30Gi        35Gi
Swap:          8.0Gi       1.0Mi       8.0Gi
---------------------------------
[2024-10-30 15:48:18] Memory change detected: 248 MB
               total        used        free      shared  buff/cache   available
Mem:            62Gi        25Gi       5.9Gi       337Mi        30Gi        35Gi
Swap:          8.0Gi       1.0Mi       8.0Gi
---------------------------------
[2024-10-30 15:48:18] Memory change detected: -172 MB
               total        used        free      shared  buff/cache   available
Mem:            62Gi        25Gi       6.1Gi       337Mi        30Gi        35Gi
Swap:          8.0Gi       1.0Mi       8.0Gi
---------------------------------
[2024-10-30 15:48:20] Memory change detected: -157 MB
               total        used        free      shared  buff/cache   available
Mem:            62Gi        25Gi       6.3Gi       337Mi        30Gi        35Gi
Swap:          8.0Gi       1.0Mi       8.0Gi
---------------------------------
[2024-10-30 15:48:21] Memory change detected: 136 MB
               total        used        free      shared  buff/cache   available
Mem:            62Gi        25Gi       6.1Gi       337Mi        30Gi        35Gi
Swap:          8.0Gi       1.0Mi       8.0Gi
---------------------------------
[2024-10-30 15:48:21] Memory change detected: 226 MB
               total        used        free      shared  buff/cache   available
Mem:            62Gi        25Gi       5.9Gi       337Mi        30Gi        35Gi
Swap:          8.0Gi       1.0Mi       8.0Gi
---------------------------------
[2024-10-30 15:48:26] Memory change detected: 139 MB
               total        used        free      shared  buff/cache   available
Mem:            62Gi        26Gi       5.8Gi       337Mi        30Gi        35Gi
Swap:          8.0Gi       1.0Mi       8.0Gi
---------------------------------
[2024-10-30 15:48:26] Memory change detected: 100 MB
               total        used        free      shared  buff/cache   available
Mem:            62Gi        26Gi       5.7Gi       337Mi        30Gi        35Gi
Swap:          8.0Gi       1.0Mi       8.0Gi
---------------------------------
[2024-10-30 15:48:27] Memory change detected: 145 MB
               total        used        free      shared  buff/cache   available
Mem:            62Gi        26Gi       5.5Gi       337Mi        30Gi        35Gi
Swap:          8.0Gi       1.0Mi       8.0Gi
---------------------------------
[2024-10-30 15:48:27] Memory change detected: 137 MB
               total        used        free      shared  buff/cache   available
Mem:            62Gi        26Gi       5.4Gi       337Mi        30Gi        34Gi
Swap:          8.0Gi       1.0Mi       8.0Gi
---------------------------------
[2024-10-30 15:48:27] Memory change detected: 141 MB
               total        used        free      shared  buff/cache   available
Mem:            62Gi        26Gi       5.3Gi       337Mi        30Gi        34Gi
Swap:          8.0Gi       1.0Mi       8.0Gi
---------------------------------
[2024-10-30 15:48:27] Memory change detected: 136 MB
               total        used        free      shared  buff/cache   available
Mem:            62Gi        26Gi       5.2Gi       337Mi        30Gi        34Gi
Swap:          8.0Gi       1.0Mi       8.0Gi
---------------------------------
[2024-10-30 15:48:27] Memory change detected: 100 MB
               total        used        free      shared  buff/cache   available
Mem:            62Gi        26Gi       5.0Gi       337Mi        30Gi        34Gi
Swap:          8.0Gi       1.0Mi       8.0Gi
---------------------------------
[2024-10-30 15:48:28] Memory change detected: 127 MB
               total        used        free      shared  buff/cache   available
Mem:            62Gi        26Gi       4.9Gi       337Mi        30Gi        34Gi
Swap:          8.0Gi       1.0Mi       8.0Gi
---------------------------------
[2024-10-30 15:48:28] Memory change detected: 136 MB
               total        used        free      shared  buff/cache   available
Mem:            62Gi        27Gi       4.8Gi       337Mi        30Gi        34Gi
Swap:          8.0Gi       1.0Mi       8.0Gi
---------------------------------
[2024-10-30 15:48:28] Memory change detected: 101 MB
               total        used        free      shared  buff/cache   available
Mem:            62Gi        27Gi       4.7Gi       337Mi        30Gi        34Gi
Swap:          8.0Gi       1.0Mi       8.0Gi
---------------------------------
[2024-10-30 15:48:28] Memory change detected: 125 MB
               total        used        free      shared  buff/cache   available
Mem:            62Gi        27Gi       4.6Gi       337Mi        30Gi        34Gi
Swap:          8.0Gi       1.0Mi       8.0Gi
---------------------------------
[2024-10-30 15:48:28] Memory change detected: 135 MB
               total        used        free      shared  buff/cache   available
Mem:            62Gi        27Gi       4.4Gi       337Mi        30Gi        34Gi
Swap:          8.0Gi       1.0Mi       8.0Gi
---------------------------------
[2024-10-30 15:48:28] Memory change detected: 125 MB
               total        used        free      shared  buff/cache   available
Mem:            62Gi        27Gi       4.3Gi       337Mi        30Gi        33Gi
Swap:          8.0Gi       1.0Mi       8.0Gi
---------------------------------
[2024-10-30 15:48:36] Memory change detected: 105 MB
               total        used        free      shared  buff/cache   available
Mem:            62Gi        27Gi       4.2Gi       337Mi        30Gi        33Gi
Swap:          8.0Gi       1.0Mi       8.0Gi
---------------------------------
[2024-10-30 15:48:42] Memory change detected: 104 MB
               total        used        free      shared  buff/cache   available
Mem:            62Gi        27Gi       4.1Gi       330Mi        30Gi        33Gi
Swap:          8.0Gi       1.0Mi       8.0Gi
---------------------------------
[2024-10-30 15:48:46] Memory change detected: 189 MB
               total        used        free      shared  buff/cache   available
Mem:            62Gi        28Gi       3.8Gi       343Mi        30Gi        33Gi
Swap:          8.0Gi       1.0Mi       8.0Gi
---------------------------------
[2024-10-30 15:48:47] Memory change detected: -108 MB
               total        used        free      shared  buff/cache   available
Mem:            62Gi        27Gi       3.9Gi       343Mi        30Gi        33Gi
Swap:          8.0Gi       1.0Mi       8.0Gi
---------------------------------
[2024-10-30 15:48:47] Memory change detected: 194 MB
               total        used        free      shared  buff/cache   available
Mem:            62Gi        28Gi       3.8Gi       343Mi        30Gi        33Gi
Swap:          8.0Gi       1.0Mi       8.0Gi
---------------------------------
[2024-10-30 15:48:48] Memory change detected: 101 MB
               total        used        free      shared  buff/cache   available
Mem:            62Gi        28Gi       3.7Gi       343Mi        30Gi        33Gi
Swap:          8.0Gi       1.0Mi       8.0Gi
---------------------------------
[2024-10-30 15:48:49] Memory change detected: -110 MB
               total        used        free      shared  buff/cache   available
Mem:            62Gi        28Gi       3.8Gi       343Mi        30Gi        33Gi
Swap:          8.0Gi       1.0Mi       8.0Gi
---------------------------------
[2024-10-30 15:48:49] Memory change detected: 312 MB
               total        used        free      shared  buff/cache   available
Mem:            62Gi        28Gi       3.4Gi       343Mi        30Gi        33Gi
Swap:          8.0Gi       1.0Mi       8.0Gi
---------------------------------
[2024-10-30 15:48:50] Memory change detected: -305 MB
               total        used        free      shared  buff/cache   available
Mem:            62Gi        28Gi       3.7Gi       343Mi        30Gi        33Gi
Swap:          8.0Gi       1.0Mi       8.0Gi
---------------------------------
[2024-10-30 15:48:50] Memory change detected: 180 MB
               total        used        free      shared  buff/cache   available
Mem:            62Gi        28Gi       3.6Gi       343Mi        30Gi        33Gi
Swap:          8.0Gi       1.0Mi       8.0Gi
---------------------------------
[2024-10-30 15:48:50] Memory change detected: 130 MB
               total        used        free      shared  buff/cache   available
Mem:            62Gi        28Gi       3.5Gi       343Mi        30Gi        33Gi
Swap:          8.0Gi       1.0Mi       8.0Gi
---------------------------------
[2024-10-30 15:48:51] Memory change detected: -713 MB
               total        used        free      shared  buff/cache   available
Mem:            62Gi        27Gi       4.2Gi       343Mi        30Gi        33Gi
Swap:          8.0Gi       1.0Mi       8.0Gi
---------------------------------
[2024-10-30 15:48:53] Memory change detected: 100 MB
               total        used        free      shared  buff/cache   available
Mem:            62Gi        27Gi       4.1Gi       344Mi        30Gi        33Gi
Swap:          8.0Gi       1.0Mi       8.0Gi
---------------------------------
[2024-10-30 15:49:34] Memory change detected: -103 MB
               total        used        free      shared  buff/cache   available
Mem:            62Gi        27Gi       4.0Gi       338Mi        30Gi        33Gi
Swap:          8.0Gi       1.0Mi       8.0Gi
---------------------------------
[2024-10-30 15:49:42] Memory change detected: 108 MB
               total        used        free      shared  buff/cache   available
Mem:            62Gi        27Gi       3.9Gi       338Mi        30Gi        33Gi
Swap:          8.0Gi       1.0Mi       8.0Gi
---------------------------------
[2024-10-30 15:49:53] Memory change detected: 103 MB
               total        used        free      shared  buff/cache   available
Mem:            62Gi        27Gi       3.8Gi       343Mi        30Gi        33Gi
Swap:          8.0Gi       1.0Mi       8.0Gi
---------------------------------
[2024-10-30 15:52:09] Memory change detected: 109 MB
               total        used        free      shared  buff/cache   available
Mem:            62Gi        27Gi       3.6Gi       343Mi        30Gi        33Gi
Swap:          8.0Gi       1.0Mi       8.0Gi
---------------------------------
[2024-10-30 15:53:17] Memory change detected: 104 MB
               total        used        free      shared  buff/cache   available
Mem:            62Gi        28Gi       3.5Gi       343Mi        30Gi        33Gi
Swap:          8.0Gi       1.0Mi       8.0Gi
---------------------------------
[2024-10-30 15:53:22] Memory change detected: -101 MB
               total        used        free      shared  buff/cache   available
Mem:            62Gi        27Gi       3.6Gi       343Mi        30Gi        33Gi
Swap:          8.0Gi       1.0Mi       8.0Gi
---------------------------------
[2024-10-30 15:54:22] Memory change detected: 109 MB
               total        used        free      shared  buff/cache   available
Mem:            62Gi        28Gi       3.5Gi       343Mi        30Gi        33Gi
Swap:          8.0Gi       1.0Mi       8.0Gi
---------------------------------
[2024-10-30 15:54:27] Memory change detected: -101 MB
               total        used        free      shared  buff/cache   available
Mem:            62Gi        27Gi       3.6Gi       339Mi        30Gi        33Gi
Swap:          8.0Gi       1.0Mi       8.0Gi
---------------------------------
[2024-10-30 15:54:42] Memory change detected: 105 MB
               total        used        free      shared  buff/cache   available
Mem:            62Gi        28Gi       3.4Gi       338Mi        30Gi        33Gi
Swap:          8.0Gi       1.0Mi       8.0Gi
---------------------------------
[2024-10-30 15:54:54] Memory change detected: 101 MB
               total        used        free      shared  buff/cache   available
Mem:            62Gi        28Gi       3.3Gi       343Mi        30Gi        33Gi
Swap:          8.0Gi       1.0Mi       8.0Gi
---------------------------------
[2024-10-30 15:55:28] Memory change detected: -101 MB
               total        used        free      shared  buff/cache   available
Mem:            62Gi        28Gi       3.4Gi       338Mi        30Gi        33Gi
Swap:          8.0Gi       1.0Mi       8.0Gi
---------------------------------
[2024-10-30 15:55:57] Memory change detected: 106 MB
               total        used        free      shared  buff/cache   available
Mem:            62Gi        28Gi       3.3Gi       343Mi        30Gi        33Gi
Swap:          8.0Gi       1.0Mi       8.0Gi
---------------------------------
[2024-10-30 15:56:04] Memory change detected: -100 MB
               total        used        free      shared  buff/cache   available
Mem:            62Gi        28Gi       3.4Gi       343Mi        31Gi        33Gi
Swap:          8.0Gi       1.0Mi       8.0Gi
---------------------------------
[2024-10-30 15:57:26] Memory change detected: 135 MB
               total        used        free      shared  buff/cache   available
Mem:            62Gi        28Gi       3.2Gi       334Mi        31Gi        33Gi
Swap:          8.0Gi       1.0Mi       8.0Gi
---------------------------------
[2024-10-30 15:57:26] Memory change detected: 110 MB
               total        used        free      shared  buff/cache   available
Mem:            62Gi        28Gi       3.2Gi       334Mi        31Gi        33Gi
Swap:          8.0Gi       1.0Mi       8.0Gi
---------------------------------
[2024-10-30 15:57:32] Memory change detected: 132 MB
               total        used        free      shared  buff/cache   available
Mem:            62Gi        28Gi       3.0Gi       328Mi        31Gi        33Gi
Swap:          8.0Gi       1.0Mi       8.0Gi
---------------------------------
[2024-10-30 15:57:32] Memory change detected: 139 MB
               total        used        free      shared  buff/cache   available
Mem:            62Gi        28Gi       2.9Gi       328Mi        31Gi        32Gi
Swap:          8.0Gi       1.0Mi       8.0Gi
---------------------------------
[2024-10-30 15:57:32] Memory change detected: 103 MB
               total        used        free      shared  buff/cache   available
Mem:            62Gi        28Gi       2.8Gi       328Mi        31Gi        32Gi
Swap:          8.0Gi       1.0Mi       8.0Gi
---------------------------------
[2024-10-30 15:57:33] Memory change detected: -1229 MB
               total        used        free      shared  buff/cache   available
Mem:            62Gi        26Gi       5.0Gi       328Mi        31Gi        34Gi
Swap:          8.0Gi       1.0Mi       8.0Gi
---------------------------------
[2024-10-30 15:57:33] Memory change detected: -1496 MB
               total        used        free      shared  buff/cache   available
Mem:            62Gi        26Gi       5.4Gi       321Mi        30Gi        35Gi
Swap:          8.0Gi       1.0Mi       8.0Gi
---------------------------------
[2024-10-30 15:57:34] Memory change detected: -103 MB
               total        used        free      shared  buff/cache   available
Mem:            62Gi        25Gi       5.6Gi       321Mi        30Gi        35Gi
Swap:          8.0Gi       1.0Mi       8.0Gi
---------------------------------
[2024-10-30 15:57:41] Memory change detected: 111 MB
               total        used        free      shared  buff/cache   available
Mem:            62Gi        26Gi       5.4Gi       321Mi        30Gi        35Gi
Swap:          8.0Gi       1.0Mi       8.0Gi
---------------------------------
[2024-10-30 15:57:41] Memory change detected: 105 MB
               total        used        free      shared  buff/cache   available
Mem:            62Gi        26Gi       5.4Gi       321Mi        30Gi        35Gi
Swap:          8.0Gi       1.0Mi       8.0Gi
---------------------------------
[2024-10-30 15:57:42] Memory change detected: 101 MB
               total        used        free      shared  buff/cache   available
Mem:            62Gi        26Gi       5.3Gi       320Mi        30Gi        35Gi
Swap:          8.0Gi       1.0Mi       8.0Gi
---------------------------------
[2024-10-30 15:57:43] Memory change detected: 108 MB
               total        used        free      shared  buff/cache   available
Mem:            62Gi        26Gi       5.2Gi       320Mi        30Gi        35Gi
Swap:          8.0Gi       1.0Mi       8.0Gi
---------------------------------
[2024-10-30 15:57:43] Memory change detected: 173 MB
               total        used        free      shared  buff/cache   available
Mem:            62Gi        26Gi       4.9Gi       320Mi        30Gi        34Gi
Swap:          8.0Gi       1.0Mi       8.0Gi
---------------------------------
[2024-10-30 15:57:43] Memory change detected: -142 MB
               total        used        free      shared  buff/cache   available
Mem:            62Gi        26Gi       5.1Gi       320Mi        30Gi        35Gi
Swap:          8.0Gi       1.0Mi       8.0Gi
---------------------------------
[2024-10-30 15:57:43] Memory change detected: 239 MB
               total        used        free      shared  buff/cache   available
Mem:            62Gi        26Gi       4.9Gi       320Mi        30Gi        34Gi
Swap:          8.0Gi       1.0Mi       8.0Gi
---------------------------------
[2024-10-30 15:57:43] Memory change detected: 118 MB
               total        used        free      shared  buff/cache   available
Mem:            62Gi        26Gi       4.8Gi       321Mi        30Gi        34Gi
Swap:          8.0Gi       1.0Mi       8.0Gi
---------------------------------
[2024-10-30 15:57:44] Memory change detected: 113 MB
               total        used        free      shared  buff/cache   available
Mem:            62Gi        26Gi       4.7Gi       321Mi        30Gi        34Gi
Swap:          8.0Gi       1.0Mi       8.0Gi
---------------------------------
[2024-10-30 15:57:44] Memory change detected: -555 MB
               total        used        free      shared  buff/cache   available
Mem:            62Gi        26Gi       5.4Gi       321Mi        30Gi        35Gi
Swap:          8.0Gi       1.0Mi       8.0Gi
---------------------------------
[2024-10-30 15:57:44] Memory change detected: -239 MB
               total        used        free      shared  buff/cache   available
Mem:            62Gi        26Gi       5.5Gi       321Mi        30Gi        35Gi
Swap:          8.0Gi       1.0Mi       8.0Gi
---------------------------------
[2024-10-30 15:58:52] Memory change detected: 100 MB
               total        used        free      shared  buff/cache   available
Mem:            62Gi        26Gi       5.3Gi       336Mi        31Gi        35Gi
Swap:          8.0Gi       1.0Mi       8.0Gi
---------------------------------
[2024-10-30 15:59:04] Memory change detected: -100 MB
               total        used        free      shared  buff/cache   available
Mem:            62Gi        26Gi       5.4Gi       339Mi        31Gi        35Gi
Swap:          8.0Gi       1.0Mi       8.0Gi
---------------------------------
[2024-10-30 16:00:02] Memory change detected: 111 MB
               total        used        free      shared  buff/cache   available
Mem:            62Gi        26Gi       5.3Gi       344Mi        31Gi        35Gi
Swap:          8.0Gi       1.0Mi       8.0Gi
---------------------------------
[2024-10-30 16:02:45] Memory change detected: 125 MB
               total        used        free      shared  buff/cache   available
Mem:            62Gi        26Gi       5.2Gi       353Mi        31Gi        35Gi
Swap:          8.0Gi       1.0Mi       8.0Gi
---------------------------------
[2024-10-30 16:02:59] Memory change detected: -100 MB
               total        used        free      shared  buff/cache   available
Mem:            62Gi        26Gi       5.3Gi       350Mi        31Gi        35Gi
Swap:          8.0Gi       1.0Mi       8.0Gi
---------------------------------
[2024-10-30 16:08:31] Memory change detected: -100 MB
               total        used        free      shared  buff/cache   available
Mem:            62Gi        26Gi       5.4Gi       336Mi        31Gi        35Gi
Swap:          8.0Gi       1.0Mi       8.0Gi
---------------------------------
[2024-10-30 16:08:45] Memory change detected: 104 MB
               total        used        free      shared  buff/cache   available
Mem:            62Gi        26Gi       5.3Gi       332Mi        31Gi        35Gi
Swap:          8.0Gi       1.0Mi       8.0Gi
---------------------------------
[2024-10-30 16:15:02] Memory change detected: 104 MB
               total        used        free      shared  buff/cache   available
Mem:            62Gi        26Gi       5.2Gi       345Mi        31Gi        35Gi
Swap:          8.0Gi       1.0Mi       8.0Gi
---------------------------------
[2024-10-30 16:15:14] Memory change detected: -100 MB
               total        used        free      shared  buff/cache   available
Mem:            62Gi        26Gi       5.3Gi       344Mi        31Gi        35Gi
Swap:          8.0Gi       1.0Mi       8.0Gi
---------------------------------
[2024-10-30 16:15:15] Memory change detected: 107 MB
               total        used        free      shared  buff/cache   available
Mem:            62Gi        26Gi       5.2Gi       344Mi        31Gi        35Gi
Swap:          8.0Gi       1.0Mi       8.0Gi
---------------------------------
[2024-10-30 16:15:23] Memory change detected: -101 MB
               total        used        free      shared  buff/cache   available
Mem:            62Gi        26Gi       5.3Gi       341Mi        31Gi        35Gi
Swap:          8.0Gi       1.0Mi       8.0Gi
---------------------------------
[2024-10-30 16:19:05] Memory change detected: 103 MB
               total        used        free      shared  buff/cache   available
Mem:            62Gi        26Gi       5.2Gi       337Mi        31Gi        35Gi
Swap:          8.0Gi       1.0Mi       8.0Gi
---------------------------------
[2024-10-30 16:19:22] Memory change detected: -105 MB
               total        used        free      shared  buff/cache   available
Mem:            62Gi        26Gi       5.3Gi       335Mi        31Gi        35Gi
Swap:          8.0Gi       1.0Mi       8.0Gi
---------------------------------
[2024-10-30 16:19:57] Memory change detected: 103 MB
               total        used        free      shared  buff/cache   available
Mem:            62Gi        26Gi       5.2Gi       337Mi        31Gi        35Gi
Swap:          8.0Gi       1.0Mi       8.0Gi
---------------------------------
[2024-10-30 16:20:27] Memory change detected: -103 MB
               total        used        free      shared  buff/cache   available
Mem:            62Gi        26Gi       5.3Gi       333Mi        31Gi        35Gi
Swap:          8.0Gi       1.0Mi       8.0Gi
---------------------------------
[2024-10-30 16:20:52] Memory change detected: 114 MB
               total        used        free      shared  buff/cache   available
Mem:            62Gi        26Gi       5.2Gi       334Mi        31Gi        35Gi
Swap:          8.0Gi       1.0Mi       8.0Gi
---------------------------------
[2024-10-30 16:21:31] Memory change detected: -101 MB
               total        used        free      shared  buff/cache   available
Mem:            62Gi        26Gi       5.3Gi       332Mi        31Gi        35Gi
Swap:          8.0Gi       1.0Mi       8.0Gi
---------------------------------
[2024-10-30 16:21:54] Memory change detected: 109 MB
               total        used        free      shared  buff/cache   available
Mem:            62Gi        26Gi       5.2Gi       337Mi        31Gi        35Gi
Swap:          8.0Gi       1.0Mi       8.0Gi
---------------------------------
[2024-10-30 16:22:34] Memory change detected: -108 MB
               total        used        free      shared  buff/cache   available
Mem:            62Gi        26Gi       5.3Gi       332Mi        31Gi        35Gi
Swap:          8.0Gi       1.0Mi       8.0Gi
---------------------------------
[2024-10-30 16:22:46] Memory change detected: 108 MB
               total        used        free      shared  buff/cache   available
Mem:            62Gi        26Gi       5.2Gi       332Mi        31Gi        35Gi
Swap:          8.0Gi       1.0Mi       8.0Gi
---------------------------------
[2024-10-30 16:29:12] Memory change detected: 105 MB
               total        used        free      shared  buff/cache   available
Mem:            62Gi        26Gi       5.1Gi       337Mi        31Gi        35Gi
Swap:          8.0Gi       1.0Mi       8.0Gi
---------------------------------
[2024-10-30 16:32:26] Memory change detected: -107 MB
               total        used        free      shared  buff/cache   available
Mem:            62Gi        26Gi       5.2Gi       326Mi        31Gi        35Gi
Swap:          8.0Gi       1.0Mi       8.0Gi
---------------------------------
[2024-10-30 16:38:42] Memory change detected: 132 MB
               total        used        free      shared  buff/cache   available
Mem:            62Gi        26Gi       5.0Gi       334Mi        31Gi        35Gi
Swap:          8.0Gi       1.0Mi       8.0Gi
---------------------------------
[2024-10-30 16:38:44] Memory change detected: -100 MB
               total        used        free      shared  buff/cache   available
Mem:            62Gi        26Gi       5.1Gi       334Mi        31Gi        35Gi
Swap:          8.0Gi       1.0Mi       8.0Gi
---------------------------------
[2024-10-30 16:47:27] Memory change detected: -104 MB
               total        used        free      shared  buff/cache   available
Mem:            62Gi        26Gi       5.3Gi       321Mi        31Gi        35Gi
Swap:          8.0Gi       1.0Mi       8.0Gi
---------------------------------
[2024-10-30 16:47:45] Memory change detected: 101 MB
               total        used        free      shared  buff/cache   available
Mem:            62Gi        26Gi       5.2Gi       334Mi        31Gi        35Gi
Swap:          8.0Gi       1.0Mi       8.0Gi
---------------------------------
[2024-10-30 16:51:45] Memory change detected: -103 MB
               total        used        free      shared  buff/cache   available
Mem:            62Gi        26Gi       5.3Gi       321Mi        31Gi        35Gi
Swap:          8.0Gi       1.0Mi       8.0Gi
---------------------------------
[2024-10-30 16:52:55] Memory change detected: 103 MB
               total        used        free      shared  buff/cache   available
Mem:            62Gi        26Gi       5.2Gi       326Mi        31Gi        35Gi
Swap:          8.0Gi       1.0Mi       8.0Gi
---------------------------------
[2024-10-30 16:53:27] Memory change detected: -102 MB
               total        used        free      shared  buff/cache   available
Mem:            62Gi        26Gi       5.2Gi       321Mi        31Gi        35Gi
Swap:          8.0Gi       1.0Mi       8.0Gi
---------------------------------
[2024-10-30 16:57:53] Memory change detected: 104 MB
               total        used        free      shared  buff/cache   available
Mem:            62Gi        26Gi       5.1Gi       334Mi        31Gi        35Gi
Swap:          8.0Gi       1.0Mi       8.0Gi
---------------------------------
[2024-10-30 17:03:26] Memory change detected: -100 MB
               total        used        free      shared  buff/cache   available
Mem:            62Gi        26Gi       5.2Gi       326Mi        31Gi        35Gi
Swap:          8.0Gi       1.0Mi       8.0Gi
---------------------------------
[2024-10-30 17:15:17] Memory change detected: 101 MB
               total        used        free      shared  buff/cache   available
Mem:            62Gi        26Gi       5.1Gi       335Mi        31Gi        35Gi
Swap:          8.0Gi       1.0Mi       8.0Gi
---------------------------------
[2024-10-30 17:15:52] Memory change detected: -101 MB
               total        used        free      shared  buff/cache   available
Mem:            62Gi        26Gi       5.2Gi       326Mi        31Gi        35Gi
Swap:          8.0Gi       1.0Mi       8.0Gi
---------------------------------
[2024-10-30 17:18:32] Memory change detected: 147 MB
               total        used        free      shared  buff/cache   available
Mem:            62Gi        26Gi       5.0Gi       340Mi        31Gi        35Gi
Swap:          8.0Gi       1.0Mi       8.0Gi
---------------------------------
[2024-10-30 17:18:49] Memory change detected: 114 MB
               total        used        free      shared  buff/cache   available
Mem:            62Gi        26Gi       4.9Gi       349Mi        31Gi        34Gi
Swap:          8.0Gi       1.0Mi       8.0Gi
---------------------------------
[2024-10-30 17:18:57] Memory change detected: 108 MB
               total        used        free      shared  buff/cache   available
Mem:            62Gi        26Gi       4.8Gi       347Mi        31Gi        34Gi
Swap:          8.0Gi       1.0Mi       8.0Gi
---------------------------------
[2024-10-30 17:18:57] Memory change detected: 106 MB
               total        used        free      shared  buff/cache   available
Mem:            62Gi        26Gi       4.7Gi       351Mi        31Gi        34Gi
Swap:          8.0Gi       1.0Mi       8.0Gi
---------------------------------
[2024-10-30 17:18:57] Memory change detected: 103 MB
               total        used        free      shared  buff/cache   available
Mem:            62Gi        26Gi       4.6Gi       359Mi        31Gi        34Gi
Swap:          8.0Gi       1.0Mi       8.0Gi
---------------------------------
[2024-10-30 17:19:01] Memory change detected: 102 MB
               total        used        free      shared  buff/cache   available
Mem:            62Gi        26Gi       4.4Gi       362Mi        31Gi        34Gi
Swap:          8.0Gi       1.0Mi       8.0Gi
---------------------------------
[2024-10-30 17:19:02] Memory change detected: 242 MB
               total        used        free      shared  buff/cache   available
Mem:            62Gi        27Gi       4.1Gi       362Mi        31Gi        34Gi
Swap:          8.0Gi       1.0Mi       8.0Gi
---------------------------------
[2024-10-30 17:19:03] Memory change detected: 138 MB
               total        used        free      shared  buff/cache   available
Mem:            62Gi        27Gi       3.5Gi       362Mi        31Gi        34Gi
Swap:          8.0Gi       1.0Mi       8.0Gi
---------------------------------
[2024-10-30 17:19:03] Memory change detected: 140 MB
               total        used        free      shared  buff/cache   available
Mem:            62Gi        27Gi       3.3Gi       362Mi        31Gi        34Gi
Swap:          8.0Gi       1.0Mi       8.0Gi
---------------------------------
[2024-10-30 17:19:03] Memory change detected: 147 MB
               total        used        free      shared  buff/cache   available
Mem:            62Gi        27Gi       2.9Gi       359Mi        32Gi        33Gi
Swap:          8.0Gi       1.0Mi       8.0Gi
---------------------------------
[2024-10-30 17:19:03] Memory change detected: 114 MB
               total        used        free      shared  buff/cache   available
Mem:            62Gi        27Gi       2.5Gi       361Mi        32Gi        33Gi
Swap:          8.0Gi       1.0Mi       8.0Gi
---------------------------------
[2024-10-30 17:19:03] Memory change detected: 102 MB
               total        used        free      shared  buff/cache   available
Mem:            62Gi        27Gi       2.3Gi       359Mi        32Gi        33Gi
Swap:          8.0Gi       1.0Mi       8.0Gi
---------------------------------
[2024-10-30 17:19:04] Memory change detected: 104 MB
               total        used        free      shared  buff/cache   available
Mem:            62Gi        27Gi       1.4Gi       361Mi        33Gi        33Gi
Swap:          8.0Gi       1.0Mi       8.0Gi
---------------------------------
[2024-10-30 17:19:05] Memory change detected: 102 MB
               total        used        free      shared  buff/cache   available
Mem:            62Gi        27Gi       1.0Gi       361Mi        33Gi        33Gi
Swap:          8.0Gi       1.0Mi       8.0Gi
---------------------------------
[2024-10-30 17:19:06] Memory change detected: 101 MB
               total        used        free      shared  buff/cache   available
Mem:            62Gi        28Gi       731Mi       358Mi        33Gi        33Gi
Swap:          8.0Gi       1.0Mi       8.0Gi
---------------------------------
[2024-10-30 17:19:06] Memory change detected: 126 MB
               total        used        free      shared  buff/cache   available
Mem:            62Gi        28Gi       776Mi       358Mi        33Gi        33Gi
Swap:          8.0Gi       1.0Mi       8.0Gi
---------------------------------
[2024-10-30 17:19:06] Memory change detected: 120 MB
               total        used        free      shared  buff/cache   available
Mem:            62Gi        28Gi       847Mi       356Mi        33Gi        33Gi
Swap:          8.0Gi       1.0Mi       8.0Gi
---------------------------------
[2024-10-30 17:19:07] Memory change detected: 113 MB
               total        used        free      shared  buff/cache   available
Mem:            62Gi        28Gi       735Mi       356Mi        33Gi        33Gi
Swap:          8.0Gi       1.0Mi       8.0Gi
---------------------------------
[2024-10-30 17:19:07] Memory change detected: 100 MB
               total        used        free      shared  buff/cache   available
Mem:            62Gi        28Gi       822Mi       355Mi        33Gi        32Gi
Swap:          8.0Gi       1.0Mi       8.0Gi
---------------------------------
[2024-10-30 17:19:08] Memory change detected: 107 MB
               total        used        free      shared  buff/cache   available
Mem:            62Gi        28Gi       735Mi       355Mi        33Gi        32Gi
Swap:          8.0Gi       1.0Mi       8.0Gi
---------------------------------
[2024-10-30 17:19:08] Memory change detected: 116 MB
               total        used        free      shared  buff/cache   available
Mem:            62Gi        28Gi       797Mi       355Mi        32Gi        32Gi
Swap:          8.0Gi       1.0Mi       8.0Gi
---------------------------------
[2024-10-30 17:19:08] Memory change detected: 123 MB
               total        used        free      shared  buff/cache   available
Mem:            62Gi        28Gi       865Mi       355Mi        32Gi        32Gi
Swap:          8.0Gi       1.0Mi       8.0Gi
---------------------------------
[2024-10-30 17:19:09] Memory change detected: -163 MB
               total        used        free      shared  buff/cache   available
Mem:            62Gi        28Gi       1.0Gi       355Mi        32Gi        32Gi
Swap:          8.0Gi       1.0Mi       8.0Gi
---------------------------------
[2024-10-30 17:19:09] Memory change detected: 114 MB
               total        used        free      shared  buff/cache   available
Mem:            62Gi        28Gi       924Mi       355Mi        32Gi        32Gi
Swap:          8.0Gi       1.0Mi       8.0Gi
---------------------------------
[2024-10-30 17:19:10] Memory change detected: 101 MB
               total        used        free      shared  buff/cache   available
Mem:            62Gi        28Gi       801Mi       355Mi        32Gi        32Gi
Swap:          8.0Gi       1.0Mi       8.0Gi
---------------------------------
[2024-10-30 17:19:10] Memory change detected: 104 MB
               total        used        free      shared  buff/cache   available
Mem:            62Gi        28Gi       696Mi       355Mi        32Gi        32Gi
Swap:          8.0Gi       1.0Mi       8.0Gi
---------------------------------
[2024-10-30 17:19:10] Memory change detected: 123 MB
               total        used        free      shared  buff/cache   available
Mem:            62Gi        29Gi       772Mi       354Mi        32Gi        32Gi
Swap:          8.0Gi       3.0Mi       8.0Gi
---------------------------------
[2024-10-30 17:19:10] Memory change detected: 105 MB
               total        used        free      shared  buff/cache   available
Mem:            62Gi        29Gi       833Mi       354Mi        32Gi        32Gi
Swap:          8.0Gi       3.0Mi       8.0Gi
---------------------------------
[2024-10-30 17:19:10] Memory change detected: 104 MB
               total        used        free      shared  buff/cache   available
Mem:            62Gi        29Gi       776Mi       354Mi        32Gi        32Gi
Swap:          8.0Gi       3.0Mi       8.0Gi
---------------------------------
[2024-10-30 17:19:10] Memory change detected: 109 MB
               total        used        free      shared  buff/cache   available
Mem:            62Gi        29Gi       850Mi       354Mi        32Gi        32Gi
Swap:          8.0Gi       3.0Mi       8.0Gi
---------------------------------
[2024-10-30 17:19:11] Memory change detected: 106 MB
               total        used        free      shared  buff/cache   available
Mem:            62Gi        29Gi       740Mi       354Mi        32Gi        31Gi
Swap:          8.0Gi       3.0Mi       8.0Gi
---------------------------------
[2024-10-30 17:19:11] Memory change detected: 100 MB
               total        used        free      shared  buff/cache   available
Mem:            62Gi        29Gi       824Mi       354Mi        32Gi        31Gi
Swap:          8.0Gi       3.0Mi       8.0Gi
---------------------------------
[2024-10-30 17:19:11] Memory change detected: 108 MB
               total        used        free      shared  buff/cache   available
Mem:            62Gi        29Gi       740Mi       354Mi        32Gi        31Gi
Swap:          8.0Gi       3.0Mi       8.0Gi
---------------------------------
[2024-10-30 17:19:12] Memory change detected: 111 MB
               total        used        free      shared  buff/cache   available
Mem:            62Gi        29Gi       808Mi       354Mi        31Gi        31Gi
Swap:          8.0Gi       3.0Mi       8.0Gi
---------------------------------
[2024-10-30 17:19:12] Memory change detected: 138 MB
               total        used        free      shared  buff/cache   available
Mem:            62Gi        29Gi       826Mi       354Mi        31Gi        31Gi
Swap:          8.0Gi       3.0Mi       8.0Gi
---------------------------------
[2024-10-30 17:19:13] Memory change detected: 114 MB
               total        used        free      shared  buff/cache   available
Mem:            62Gi        30Gi       851Mi       354Mi        31Gi        31Gi
Swap:          8.0Gi       3.0Mi       8.0Gi
---------------------------------
[2024-10-30 17:19:14] Memory change detected: 103 MB
               total        used        free      shared  buff/cache   available
Mem:            62Gi        30Gi       906Mi       354Mi        31Gi        31Gi
Swap:          8.0Gi       3.0Mi       8.0Gi
---------------------------------
[2024-10-30 17:19:14] Memory change detected: 103 MB
               total        used        free      shared  buff/cache   available
Mem:            62Gi        30Gi       766Mi       354Mi        31Gi        31Gi
Swap:          8.0Gi       3.0Mi       8.0Gi
---------------------------------
[2024-10-30 17:19:17] Memory change detected: 100 MB
               total        used        free      shared  buff/cache   available
Mem:            62Gi        30Gi       805Mi       362Mi        31Gi        31Gi
Swap:          8.0Gi       3.0Mi       8.0Gi
---------------------------------
[2024-10-30 17:19:19] Memory change detected: -391 MB
               total        used        free      shared  buff/cache   available
Mem:            62Gi        29Gi       1.4Gi       352Mi        31Gi        31Gi
Swap:          8.0Gi       3.0Mi       8.0Gi
---------------------------------
[2024-10-30 17:19:21] Memory change detected: 103 MB
               total        used        free      shared  buff/cache   available
Mem:            62Gi        30Gi       1.1Gi       351Mi        31Gi        31Gi
Swap:          8.0Gi       3.0Mi       8.0Gi
---------------------------------
[2024-10-30 17:19:22] Memory change detected: 118 MB
               total        used        free      shared  buff/cache   available
Mem:            62Gi        30Gi       972Mi       351Mi        31Gi        31Gi
Swap:          8.0Gi       3.0Mi       8.0Gi
---------------------------------
[2024-10-30 17:19:22] Memory change detected: 103 MB
               total        used        free      shared  buff/cache   available
Mem:            62Gi        30Gi       827Mi       351Mi        31Gi        31Gi
Swap:          8.0Gi       3.0Mi       8.0Gi
---------------------------------
[2024-10-30 17:19:23] Memory change detected: 111 MB
               total        used        free      shared  buff/cache   available
Mem:            62Gi        30Gi       851Mi       351Mi        31Gi        31Gi
Swap:          8.0Gi       3.0Mi       8.0Gi
---------------------------------
[2024-10-30 17:19:23] Memory change detected: 105 MB
               total        used        free      shared  buff/cache   available
Mem:            62Gi        30Gi       812Mi       347Mi        31Gi        30Gi
Swap:          8.0Gi       3.0Mi       8.0Gi
---------------------------------
[2024-10-30 17:19:24] Memory change detected: 110 MB
               total        used        free      shared  buff/cache   available
Mem:            62Gi        30Gi       856Mi       347Mi        31Gi        30Gi
Swap:          8.0Gi       3.0Mi       8.0Gi
---------------------------------
[2024-10-30 17:19:24] Memory change detected: 107 MB
               total        used        free      shared  buff/cache   available
Mem:            62Gi        30Gi       920Mi       348Mi        30Gi        30Gi
Swap:          8.0Gi       3.0Mi       8.0Gi
---------------------------------
[2024-10-30 17:19:25] Memory change detected: 110 MB
               total        used        free      shared  buff/cache   available
Mem:            62Gi        30Gi       785Mi       352Mi        30Gi        30Gi
Swap:          8.0Gi       3.0Mi       8.0Gi
---------------------------------
[2024-10-30 17:19:25] Memory change detected: 105 MB
               total        used        free      shared  buff/cache   available
Mem:            62Gi        30Gi       860Mi       353Mi        30Gi        30Gi
Swap:          8.0Gi       3.0Mi       8.0Gi
---------------------------------
[2024-10-30 17:19:26] Memory change detected: 101 MB
               total        used        free      shared  buff/cache   available
Mem:            62Gi        31Gi       883Mi       351Mi        30Gi        30Gi
Swap:          8.0Gi       3.0Mi       8.0Gi
---------------------------------
[2024-10-30 17:19:26] Memory change detected: 102 MB
               total        used        free      shared  buff/cache   available
Mem:            62Gi        31Gi       769Mi       351Mi        30Gi        30Gi
Swap:          8.0Gi       3.0Mi       8.0Gi
---------------------------------
[2024-10-30 17:19:27] Memory change detected: -758 MB
               total        used        free      shared  buff/cache   available
Mem:            62Gi        30Gi       1.5Gi       351Mi        30Gi        31Gi
Swap:          8.0Gi       3.0Mi       8.0Gi
---------------------------------
[2024-10-30 17:19:30] Memory change detected: -100 MB
               total        used        free      shared  buff/cache   available
Mem:            62Gi        30Gi       1.5Gi       353Mi        30Gi        31Gi
Swap:          8.0Gi       3.0Mi       8.0Gi
---------------------------------
[2024-10-30 17:19:31] Memory change detected: -195 MB
               total        used        free      shared  buff/cache   available
Mem:            62Gi        30Gi       1.6Gi       351Mi        30Gi        31Gi
Swap:          8.0Gi       3.0Mi       8.0Gi
---------------------------------
[2024-10-30 17:19:38] Memory change detected: -115 MB
               total        used        free      shared  buff/cache   available
Mem:            62Gi        29Gi       1.6Gi       348Mi        30Gi        31Gi
Swap:          8.0Gi       3.0Mi       8.0Gi
---------------------------------
[2024-10-30 17:19:49] Memory change detected: 103 MB
               total        used        free      shared  buff/cache   available
Mem:            62Gi        30Gi       1.5Gi       348Mi        30Gi        31Gi
Swap:          8.0Gi       3.0Mi       8.0Gi
---------------------------------
[2024-10-30 17:21:07] Memory change detected: -234 MB
               total        used        free      shared  buff/cache   available
Mem:            62Gi        29Gi       2.2Gi       340Mi        30Gi        32Gi
Swap:          8.0Gi       3.0Mi       8.0Gi
---------------------------------
[2024-10-30 17:21:07] Memory change detected: -2775 MB
               total        used        free      shared  buff/cache   available
Mem:            62Gi        26Gi       4.9Gi       340Mi        30Gi        34Gi
Swap:          8.0Gi       3.0Mi       8.0Gi
---------------------------------
[2024-10-30 17:21:08] Memory change detected: -2909 MB
               total        used        free      shared  buff/cache   available
Mem:            62Gi        23Gi       7.7Gi       340Mi        30Gi        37Gi
Swap:          8.0Gi       3.0Mi       8.0Gi
---------------------------------
[2024-10-30 17:21:08] Memory change detected: -2413 MB
               total        used        free      shared  buff/cache   available
Mem:            62Gi        21Gi       9.9Gi       340Mi        30Gi        39Gi
Swap:          8.0Gi       3.0Mi       8.0Gi
---------------------------------
[2024-10-30 17:21:08] Memory change detected: -1141 MB
               total        used        free      shared  buff/cache   available
Mem:            62Gi        20Gi        10Gi       340Mi        30Gi        40Gi
Swap:          8.0Gi       3.0Mi       8.0Gi
---------------------------------
[2024-10-30 17:21:08] Memory change detected: -958 MB
               total        used        free      shared  buff/cache   available
Mem:            62Gi        19Gi        11Gi       340Mi        30Gi        41Gi
Swap:          8.0Gi       3.0Mi       8.0Gi
---------------------------------
[2024-10-30 17:21:08] Memory change detected: -902 MB
               total        used        free      shared  buff/cache   available
Mem:            62Gi        19Gi        12Gi       340Mi        30Gi        42Gi
Swap:          8.0Gi       3.0Mi       8.0Gi
---------------------------------
[2024-10-30 17:21:15] Memory change detected: -1665 MB
               total        used        free      shared  buff/cache   available
Mem:            62Gi        15Gi        15Gi       340Mi        30Gi        45Gi
Swap:          8.0Gi       3.0Mi       8.0Gi
---------------------------------
[2024-10-30 17:21:16] Memory change detected: -6047 MB
               total        used        free      shared  buff/cache   available
Mem:            62Gi        10Gi        20Gi       331Mi        30Gi        50Gi
Swap:          8.0Gi       3.0Mi       8.0Gi
---------------------------------
[2024-10-30 17:21:16] Memory change detected: -764 MB
               total        used        free      shared  buff/cache   available
Mem:            62Gi        10Gi        20Gi       321Mi        30Gi        50Gi
Swap:          8.0Gi       3.0Mi       8.0Gi
---------------------------------
[2024-10-30 17:21:17] Memory change detected: -110 MB
               total        used        free      shared  buff/cache   available
Mem:            62Gi        10Gi        20Gi       323Mi        30Gi        50Gi
Swap:          8.0Gi       3.0Mi       8.0Gi
---------------------------------
[2024-10-30 17:21:18] Memory change detected: 129 MB
               total        used        free      shared  buff/cache   available
Mem:            62Gi        10Gi        20Gi       323Mi        30Gi        50Gi
Swap:          8.0Gi       3.0Mi       8.0Gi
---------------------------------
[2024-10-30 17:21:19] Memory change detected: 188 MB
               total        used        free      shared  buff/cache   available
Mem:            62Gi        10Gi        20Gi       320Mi        30Gi        50Gi
Swap:          8.0Gi       3.0Mi       8.0Gi
---------------------------------
[2024-10-30 17:21:19] Memory change detected: 115 MB
               total        used        free      shared  buff/cache   available
Mem:            62Gi        11Gi        20Gi       320Mi        30Gi        50Gi
Swap:          8.0Gi       3.0Mi       8.0Gi
---------------------------------
[2024-10-30 17:21:20] Memory change detected: 113 MB
               total        used        free      shared  buff/cache   available
Mem:            62Gi        11Gi        20Gi       322Mi        30Gi        50Gi
Swap:          8.0Gi       3.0Mi       8.0Gi
---------------------------------
[2024-10-30 17:21:20] Memory change detected: 165 MB
               total        used        free      shared  buff/cache   available
Mem:            62Gi        11Gi        20Gi       322Mi        30Gi        50Gi
Swap:          8.0Gi       3.0Mi       8.0Gi
---------------------------------
[2024-10-30 17:21:20] Memory change detected: 115 MB
               total        used        free      shared  buff/cache   available
Mem:            62Gi        11Gi        20Gi       320Mi        30Gi        50Gi
Swap:          8.0Gi       3.0Mi       8.0Gi
---------------------------------
[2024-10-30 17:21:21] Memory change detected: 135 MB
               total        used        free      shared  buff/cache   available
Mem:            62Gi        11Gi        19Gi       319Mi        30Gi        49Gi
Swap:          8.0Gi       3.0Mi       8.0Gi
---------------------------------
[2024-10-30 17:21:21] Memory change detected: 102 MB
               total        used        free      shared  buff/cache   available
Mem:            62Gi        11Gi        19Gi       320Mi        30Gi        49Gi
Swap:          8.0Gi       3.0Mi       8.0Gi
---------------------------------
[2024-10-30 17:21:21] Memory change detected: 103 MB
               total        used        free      shared  buff/cache   available
Mem:            62Gi        11Gi        19Gi       320Mi        30Gi        49Gi
Swap:          8.0Gi       3.0Mi       8.0Gi
---------------------------------
[2024-10-30 17:21:22] Memory change detected: 105 MB
               total        used        free      shared  buff/cache   available
Mem:            62Gi        11Gi        19Gi       320Mi        30Gi        49Gi
Swap:          8.0Gi       3.0Mi       8.0Gi
---------------------------------
[2024-10-30 17:21:23] Memory change detected: 117 MB
               total        used        free      shared  buff/cache   available
Mem:            62Gi        11Gi        19Gi       320Mi        30Gi        49Gi
Swap:          8.0Gi       3.0Mi       8.0Gi
---------------------------------
[2024-10-30 17:21:24] Memory change detected: 148 MB
               total        used        free      shared  buff/cache   available
Mem:            62Gi        12Gi        19Gi       320Mi        30Gi        49Gi
Swap:          8.0Gi       3.0Mi       8.0Gi
---------------------------------
[2024-10-30 17:21:25] Memory change detected: -137 MB
               total        used        free      shared  buff/cache   available
Mem:            62Gi        11Gi        19Gi       320Mi        30Gi        49Gi
Swap:          8.0Gi       3.0Mi       8.0Gi
---------------------------------
[2024-10-30 17:21:25] Memory change detected: 192 MB
               total        used        free      shared  buff/cache   available
Mem:            62Gi        12Gi        19Gi       320Mi        30Gi        49Gi
Swap:          8.0Gi       3.0Mi       8.0Gi
---------------------------------
[2024-10-30 17:21:25] Memory change detected: 140 MB
               total        used        free      shared  buff/cache   available
Mem:            62Gi        12Gi        19Gi       320Mi        30Gi        49Gi
Swap:          8.0Gi       3.0Mi       8.0Gi
---------------------------------
[2024-10-30 17:21:25] Memory change detected: 145 MB
               total        used        free      shared  buff/cache   available
Mem:            62Gi        12Gi        19Gi       320Mi        30Gi        48Gi
Swap:          8.0Gi       3.0Mi       8.0Gi
---------------------------------
[2024-10-30 17:21:26] Memory change detected: 111 MB
               total        used        free      shared  buff/cache   available
Mem:            62Gi        12Gi        18Gi       320Mi        30Gi        48Gi
Swap:          8.0Gi       3.0Mi       8.0Gi
---------------------------------
[2024-10-30 17:21:26] Memory change detected: 109 MB
               total        used        free      shared  buff/cache   available
Mem:            62Gi        12Gi        18Gi       320Mi        30Gi        48Gi
Swap:          8.0Gi       3.0Mi       8.0Gi
---------------------------------
[2024-10-30 17:21:26] Memory change detected: 158 MB
               total        used        free      shared  buff/cache   available
Mem:            62Gi        12Gi        18Gi       320Mi        30Gi        48Gi
Swap:          8.0Gi       3.0Mi       8.0Gi
---------------------------------
[2024-10-30 17:21:26] Memory change detected: 121 MB
               total        used        free      shared  buff/cache   available
Mem:            62Gi        12Gi        18Gi       320Mi        30Gi        48Gi
Swap:          8.0Gi       3.0Mi       8.0Gi
---------------------------------
[2024-10-30 17:21:26] Memory change detected: 135 MB
               total        used        free      shared  buff/cache   available
Mem:            62Gi        13Gi        18Gi       320Mi        30Gi        48Gi
Swap:          8.0Gi       3.0Mi       8.0Gi
---------------------------------
[2024-10-30 17:21:27] Memory change detected: 236 MB
               total        used        free      shared  buff/cache   available
Mem:            62Gi        13Gi        18Gi       320Mi        30Gi        48Gi
Swap:          8.0Gi       3.0Mi       8.0Gi
---------------------------------
[2024-10-30 17:21:27] Memory change detected: 119 MB
               total        used        free      shared  buff/cache   available
Mem:            62Gi        13Gi        18Gi       320Mi        30Gi        48Gi
Swap:          8.0Gi       3.0Mi       8.0Gi
---------------------------------
[2024-10-30 17:21:27] Memory change detected: 130 MB
               total        used        free      shared  buff/cache   available
Mem:            62Gi        13Gi        17Gi       320Mi        30Gi        47Gi
Swap:          8.0Gi       3.0Mi       8.0Gi
---------------------------------
[2024-10-30 17:21:27] Memory change detected: 220 MB
               total        used        free      shared  buff/cache   available
Mem:            62Gi        13Gi        17Gi       317Mi        30Gi        47Gi
Swap:          8.0Gi       3.0Mi       8.0Gi
---------------------------------
[2024-10-30 17:21:27] Memory change detected: 111 MB
               total        used        free      shared  buff/cache   available
Mem:            62Gi        13Gi        17Gi       317Mi        30Gi        47Gi
Swap:          8.0Gi       3.0Mi       8.0Gi
---------------------------------
[2024-10-30 17:21:27] Memory change detected: 109 MB
               total        used        free      shared  buff/cache   available
Mem:            62Gi        13Gi        17Gi       316Mi        30Gi        47Gi
Swap:          8.0Gi       3.0Mi       8.0Gi
---------------------------------
[2024-10-30 17:21:27] Memory change detected: 228 MB
               total        used        free      shared  buff/cache   available
Mem:            62Gi        14Gi        17Gi       316Mi        30Gi        47Gi
Swap:          8.0Gi       3.0Mi       8.0Gi
---------------------------------
[2024-10-30 17:21:27] Memory change detected: 138 MB
               total        used        free      shared  buff/cache   available
Mem:            62Gi        14Gi        17Gi       316Mi        30Gi        47Gi
Swap:          8.0Gi       3.0Mi       8.0Gi
---------------------------------
[2024-10-30 17:21:27] Memory change detected: 116 MB
               total        used        free      shared  buff/cache   available
Mem:            62Gi        14Gi        17Gi       316Mi        30Gi        46Gi
Swap:          8.0Gi       3.0Mi       8.0Gi
---------------------------------
[2024-10-30 17:21:28] Memory change detected: 110 MB
               total        used        free      shared  buff/cache   available
Mem:            62Gi        14Gi        16Gi       316Mi        30Gi        46Gi
Swap:          8.0Gi       3.0Mi       8.0Gi
---------------------------------
[2024-10-30 17:21:28] Memory change detected: 181 MB
               total        used        free      shared  buff/cache   available
Mem:            62Gi        14Gi        16Gi       316Mi        30Gi        46Gi
Swap:          8.0Gi       3.0Mi       8.0Gi
---------------------------------
[2024-10-30 17:21:28] Memory change detected: 179 MB
               total        used        free      shared  buff/cache   available
Mem:            62Gi        14Gi        16Gi       316Mi        30Gi        46Gi
Swap:          8.0Gi       3.0Mi       8.0Gi
---------------------------------
[2024-10-30 17:21:28] Memory change detected: 108 MB
               total        used        free      shared  buff/cache   available
Mem:            62Gi        15Gi        16Gi       317Mi        30Gi        46Gi
Swap:          8.0Gi       3.0Mi       8.0Gi
---------------------------------
[2024-10-30 17:21:28] Memory change detected: 114 MB
               total        used        free      shared  buff/cache   available
Mem:            62Gi        15Gi        16Gi       317Mi        30Gi        46Gi
Swap:          8.0Gi       3.0Mi       8.0Gi
---------------------------------
[2024-10-30 17:21:28] Memory change detected: 101 MB
               total        used        free      shared  buff/cache   available
Mem:            62Gi        15Gi        16Gi       316Mi        30Gi        46Gi
Swap:          8.0Gi       3.0Mi       8.0Gi
---------------------------------
[2024-10-30 17:21:28] Memory change detected: 126 MB
               total        used        free      shared  buff/cache   available
Mem:            62Gi        15Gi        16Gi       316Mi        30Gi        46Gi
Swap:          8.0Gi       3.0Mi       8.0Gi
---------------------------------
[2024-10-30 17:21:28] Memory change detected: 117 MB
               total        used        free      shared  buff/cache   available
Mem:            62Gi        15Gi        16Gi       316Mi        30Gi        45Gi
Swap:          8.0Gi       3.0Mi       8.0Gi
---------------------------------
[2024-10-30 17:21:28] Memory change detected: 105 MB
               total        used        free      shared  buff/cache   available
Mem:            62Gi        15Gi        15Gi       316Mi        30Gi        45Gi
Swap:          8.0Gi       3.0Mi       8.0Gi
---------------------------------
[2024-10-30 17:21:28] Memory change detected: 183 MB
               total        used        free      shared  buff/cache   available
Mem:            62Gi        15Gi        15Gi       316Mi        30Gi        45Gi
Swap:          8.0Gi       3.0Mi       8.0Gi
---------------------------------
[2024-10-30 17:21:29] Memory change detected: 117 MB
               total        used        free      shared  buff/cache   available
Mem:            62Gi        15Gi        15Gi       316Mi        30Gi        45Gi
Swap:          8.0Gi       3.0Mi       8.0Gi
---------------------------------
[2024-10-30 17:21:29] Memory change detected: 116 MB
               total        used        free      shared  buff/cache   available
Mem:            62Gi        16Gi        15Gi       316Mi        30Gi        45Gi
Swap:          8.0Gi       3.0Mi       8.0Gi
---------------------------------
[2024-10-30 17:21:29] Memory change detected: 103 MB
               total        used        free      shared  buff/cache   available
Mem:            62Gi        16Gi        15Gi       316Mi        30Gi        45Gi
Swap:          8.0Gi       3.0Mi       8.0Gi
---------------------------------
[2024-10-30 17:21:29] Memory change detected: 115 MB
               total        used        free      shared  buff/cache   available
Mem:            62Gi        16Gi        15Gi       317Mi        30Gi        45Gi
Swap:          8.0Gi       3.0Mi       8.0Gi
---------------------------------
[2024-10-30 17:21:29] Memory change detected: 192 MB
               total        used        free      shared  buff/cache   available
Mem:            62Gi        16Gi        15Gi       317Mi        30Gi        45Gi
Swap:          8.0Gi       3.0Mi       8.0Gi
---------------------------------
[2024-10-30 17:21:29] Memory change detected: 163 MB
               total        used        free      shared  buff/cache   available
Mem:            62Gi        16Gi        14Gi       316Mi        30Gi        44Gi
Swap:          8.0Gi       3.0Mi       8.0Gi
---------------------------------
[2024-10-30 17:21:29] Memory change detected: 117 MB
               total        used        free      shared  buff/cache   available
Mem:            62Gi        16Gi        14Gi       316Mi        30Gi        44Gi
Swap:          8.0Gi       3.0Mi       8.0Gi
---------------------------------
[2024-10-30 17:21:29] Memory change detected: 164 MB
               total        used        free      shared  buff/cache   available
Mem:            62Gi        16Gi        14Gi       316Mi        30Gi        44Gi
Swap:          8.0Gi       3.0Mi       8.0Gi
---------------------------------
[2024-10-30 17:21:29] Memory change detected: 153 MB
               total        used        free      shared  buff/cache   available
Mem:            62Gi        16Gi        14Gi       316Mi        30Gi        44Gi
Swap:          8.0Gi       3.0Mi       8.0Gi
---------------------------------
[2024-10-30 17:21:29] Memory change detected: 136 MB
               total        used        free      shared  buff/cache   available
Mem:            62Gi        16Gi        14Gi       316Mi        30Gi        44Gi
Swap:          8.0Gi       3.0Mi       8.0Gi
---------------------------------
[2024-10-30 17:21:30] Memory change detected: 180 MB
               total        used        free      shared  buff/cache   available
Mem:            62Gi        17Gi        14Gi       316Mi        30Gi        44Gi
Swap:          8.0Gi       3.0Mi       8.0Gi
---------------------------------
[2024-10-30 17:21:30] Memory change detected: 128 MB
               total        used        free      shared  buff/cache   available
Mem:            62Gi        17Gi        14Gi       316Mi        30Gi        44Gi
Swap:          8.0Gi       3.0Mi       8.0Gi
---------------------------------
[2024-10-30 17:21:30] Memory change detected: 177 MB
               total        used        free      shared  buff/cache   available
Mem:            62Gi        17Gi        13Gi       316Mi        30Gi        43Gi
Swap:          8.0Gi       3.0Mi       8.0Gi
---------------------------------
[2024-10-30 17:21:30] Memory change detected: 246 MB
               total        used        free      shared  buff/cache   available
Mem:            62Gi        17Gi        13Gi       316Mi        30Gi        43Gi
Swap:          8.0Gi       3.0Mi       8.0Gi
---------------------------------
[2024-10-30 17:21:30] Memory change detected: 204 MB
               total        used        free      shared  buff/cache   available
Mem:            62Gi        18Gi        13Gi       316Mi        30Gi        43Gi
Swap:          8.0Gi       3.0Mi       8.0Gi
---------------------------------
[2024-10-30 17:21:30] Memory change detected: 191 MB
               total        used        free      shared  buff/cache   available
Mem:            62Gi        18Gi        13Gi       316Mi        30Gi        43Gi
Swap:          8.0Gi       3.0Mi       8.0Gi
---------------------------------
[2024-10-30 17:21:30] Memory change detected: 150 MB
               total        used        free      shared  buff/cache   available
Mem:            62Gi        18Gi        13Gi       316Mi        30Gi        43Gi
Swap:          8.0Gi       3.0Mi       8.0Gi
---------------------------------
[2024-10-30 17:21:31] Memory change detected: 149 MB
               total        used        free      shared  buff/cache   available
Mem:            62Gi        18Gi        13Gi       316Mi        30Gi        43Gi
Swap:          8.0Gi       3.0Mi       8.0Gi
---------------------------------
[2024-10-30 17:21:31] Memory change detected: 154 MB
               total        used        free      shared  buff/cache   available
Mem:            62Gi        18Gi        12Gi       316Mi        30Gi        42Gi
Swap:          8.0Gi       3.0Mi       8.0Gi
---------------------------------
[2024-10-30 17:21:31] Memory change detected: 112 MB
               total        used        free      shared  buff/cache   available
Mem:            62Gi        18Gi        12Gi       316Mi        30Gi        42Gi
Swap:          8.0Gi       3.0Mi       8.0Gi
---------------------------------
[2024-10-30 17:21:31] Memory change detected: 136 MB
               total        used        free      shared  buff/cache   available
Mem:            62Gi        18Gi        12Gi       316Mi        30Gi        42Gi
Swap:          8.0Gi       3.0Mi       8.0Gi
---------------------------------
[2024-10-30 17:21:31] Memory change detected: 108 MB
               total        used        free      shared  buff/cache   available
Mem:            62Gi        18Gi        12Gi       316Mi        30Gi        42Gi
Swap:          8.0Gi       3.0Mi       8.0Gi
---------------------------------
[2024-10-30 17:21:31] Memory change detected: 158 MB
               total        used        free      shared  buff/cache   available
Mem:            62Gi        19Gi        12Gi       316Mi        30Gi        42Gi
Swap:          8.0Gi       3.0Mi       8.0Gi
---------------------------------
[2024-10-30 17:21:31] Memory change detected: 123 MB
               total        used        free      shared  buff/cache   available
Mem:            62Gi        19Gi        12Gi       316Mi        30Gi        42Gi
Swap:          8.0Gi       3.0Mi       8.0Gi
---------------------------------
[2024-10-30 17:21:31] Memory change detected: 119 MB
               total        used        free      shared  buff/cache   available
Mem:            62Gi        19Gi        12Gi       316Mi        30Gi        42Gi
Swap:          8.0Gi       3.0Mi       8.0Gi
---------------------------------
[2024-10-30 17:21:31] Memory change detected: 108 MB
               total        used        free      shared  buff/cache   available
Mem:            62Gi        19Gi        11Gi       316Mi        30Gi        41Gi
Swap:          8.0Gi       3.0Mi       8.0Gi
---------------------------------
[2024-10-30 17:21:31] Memory change detected: 206 MB
               total        used        free      shared  buff/cache   available
Mem:            62Gi        19Gi        11Gi       316Mi        30Gi        41Gi
Swap:          8.0Gi       3.0Mi       8.0Gi
---------------------------------
[2024-10-30 17:21:32] Memory change detected: 125 MB
               total        used        free      shared  buff/cache   available
Mem:            62Gi        19Gi        11Gi       316Mi        30Gi        41Gi
Swap:          8.0Gi       3.0Mi       8.0Gi
---------------------------------
[2024-10-30 17:21:32] Memory change detected: 135 MB
               total        used        free      shared  buff/cache   available
Mem:            62Gi        19Gi        11Gi       316Mi        30Gi        41Gi
Swap:          8.0Gi       3.0Mi       8.0Gi
---------------------------------
[2024-10-30 17:21:32] Memory change detected: 141 MB
               total        used        free      shared  buff/cache   available
Mem:            62Gi        20Gi        11Gi       316Mi        30Gi        41Gi
Swap:          8.0Gi       3.0Mi       8.0Gi
---------------------------------
[2024-10-30 17:21:32] Memory change detected: 103 MB
               total        used        free      shared  buff/cache   available
Mem:            62Gi        20Gi        11Gi       316Mi        30Gi        41Gi
Swap:          8.0Gi       3.0Mi       8.0Gi
---------------------------------
[2024-10-30 17:21:33] Memory change detected: 128 MB
               total        used        free      shared  buff/cache   available
Mem:            62Gi        20Gi        11Gi       316Mi        30Gi        41Gi
Swap:          8.0Gi       3.0Mi       8.0Gi
---------------------------------
[2024-10-30 17:21:33] Memory change detected: 169 MB
               total        used        free      shared  buff/cache   available
Mem:            62Gi        20Gi        11Gi       316Mi        30Gi        40Gi
Swap:          8.0Gi       3.0Mi       8.0Gi
---------------------------------
[2024-10-30 17:21:33] Memory change detected: 130 MB
               total        used        free      shared  buff/cache   available
Mem:            62Gi        20Gi        10Gi       316Mi        30Gi        40Gi
Swap:          8.0Gi       3.0Mi       8.0Gi
---------------------------------
[2024-10-30 17:21:33] Memory change detected: 119 MB
               total        used        free      shared  buff/cache   available
Mem:            62Gi        20Gi        10Gi       316Mi        30Gi        40Gi
Swap:          8.0Gi       3.0Mi       8.0Gi
---------------------------------
[2024-10-30 17:21:34] Memory change detected: 114 MB
               total        used        free      shared  buff/cache   available
Mem:            62Gi        20Gi        10Gi       316Mi        30Gi        40Gi
Swap:          8.0Gi       3.0Mi       8.0Gi
---------------------------------
[2024-10-30 17:21:34] Memory change detected: 123 MB
               total        used        free      shared  buff/cache   available
Mem:            62Gi        21Gi        10Gi       316Mi        30Gi        40Gi
Swap:          8.0Gi       3.0Mi       8.0Gi
---------------------------------
[2024-10-30 17:21:34] Memory change detected: 281 MB
               total        used        free      shared  buff/cache   available
Mem:            62Gi        21Gi        10Gi       316Mi        30Gi        40Gi
Swap:          8.0Gi       3.0Mi       8.0Gi
---------------------------------
[2024-10-30 17:21:34] Memory change detected: 248 MB
               total        used        free      shared  buff/cache   available
Mem:            62Gi        21Gi       9.9Gi       316Mi        30Gi        39Gi
Swap:          8.0Gi       3.0Mi       8.0Gi
---------------------------------
[2024-10-30 17:21:34] Memory change detected: 446 MB
               total        used        free      shared  buff/cache   available
Mem:            62Gi        21Gi       9.6Gi       316Mi        30Gi        39Gi
Swap:          8.0Gi       3.0Mi       8.0Gi
---------------------------------
[2024-10-30 17:21:34] Memory change detected: -425 MB
               total        used        free      shared  buff/cache   available
Mem:            62Gi        21Gi        10Gi       316Mi        30Gi        39Gi
Swap:          8.0Gi       3.0Mi       8.0Gi
---------------------------------
[2024-10-30 17:21:35] Memory change detected: 122 MB
               total        used        free      shared  buff/cache   available
Mem:            62Gi        21Gi       9.9Gi       316Mi        30Gi        39Gi
Swap:          8.0Gi       3.0Mi       8.0Gi
---------------------------------
[2024-10-30 17:21:35] Memory change detected: 106 MB
               total        used        free      shared  buff/cache   available
Mem:            62Gi        21Gi       9.8Gi       316Mi        30Gi        39Gi
Swap:          8.0Gi       3.0Mi       8.0Gi
---------------------------------
[2024-10-30 17:21:35] Memory change detected: 101 MB
               total        used        free      shared  buff/cache   available
Mem:            62Gi        21Gi       9.7Gi       316Mi        30Gi        39Gi
Swap:          8.0Gi       3.0Mi       8.0Gi
---------------------------------
[2024-10-30 17:21:36] Memory change detected: -779 MB
               total        used        free      shared  buff/cache   available
Mem:            62Gi        20Gi        10Gi       316Mi        30Gi        40Gi
Swap:          8.0Gi       3.0Mi       8.0Gi
---------------------------------
[2024-10-30 17:21:36] Memory change detected: -628 MB
               total        used        free      shared  buff/cache   available
Mem:            62Gi        20Gi        11Gi       316Mi        30Gi        41Gi
Swap:          8.0Gi       3.0Mi       8.0Gi
---------------------------------
[2024-10-30 17:21:36] Memory change detected: -116 MB
               total        used        free      shared  buff/cache   available
Mem:            62Gi        20Gi        11Gi       316Mi        30Gi        41Gi
Swap:          8.0Gi       3.0Mi       8.0Gi
---------------------------------
[2024-10-30 17:21:37] Memory change detected: -319 MB
               total        used        free      shared  buff/cache   available
Mem:            62Gi        19Gi        11Gi       316Mi        30Gi        41Gi
Swap:          8.0Gi       3.0Mi       8.0Gi
---------------------------------
[2024-10-30 17:21:37] Memory change detected: -683 MB
               total        used        free      shared  buff/cache   available
Mem:            62Gi        19Gi        12Gi       316Mi        30Gi        42Gi
Swap:          8.0Gi       3.0Mi       8.0Gi
---------------------------------
[2024-10-30 17:21:37] Memory change detected: -265 MB
               total        used        free      shared  buff/cache   available
Mem:            62Gi        19Gi        12Gi       316Mi        30Gi        42Gi
Swap:          8.0Gi       3.0Mi       8.0Gi
---------------------------------
[2024-10-30 17:21:37] Memory change detected: -114 MB
               total        used        free      shared  buff/cache   available
Mem:            62Gi        18Gi        12Gi       316Mi        30Gi        42Gi
Swap:          8.0Gi       3.0Mi       8.0Gi
---------------------------------
[2024-10-30 17:25:15] Memory change detected: 110 MB
               total        used        free      shared  buff/cache   available
Mem:            62Gi        19Gi        12Gi       315Mi        30Gi        42Gi
Swap:          8.0Gi       3.0Mi       8.0Gi
---------------------------------
[2024-10-30 17:25:17] Memory change detected: 106 MB
               total        used        free      shared  buff/cache   available
Mem:            62Gi        19Gi        12Gi       315Mi        30Gi        42Gi
Swap:          8.0Gi       3.0Mi       8.0Gi
---------------------------------
[2024-10-30 17:25:17] Memory change detected: 105 MB
               total        used        free      shared  buff/cache   available
Mem:            62Gi        19Gi        12Gi       315Mi        30Gi        42Gi
Swap:          8.0Gi       3.0Mi       8.0Gi
---------------------------------
[2024-10-30 17:25:17] Memory change detected: 103 MB
               total        used        free      shared  buff/cache   available
Mem:            62Gi        19Gi        12Gi       315Mi        30Gi        42Gi
Swap:          8.0Gi       3.0Mi       8.0Gi
---------------------------------
[2024-10-30 17:25:18] Memory change detected: 275 MB
               total        used        free      shared  buff/cache   available
Mem:            62Gi        19Gi        11Gi       315Mi        30Gi        41Gi
Swap:          8.0Gi       3.0Mi       8.0Gi
---------------------------------
[2024-10-30 17:25:18] Memory change detected: 105 MB
               total        used        free      shared  buff/cache   available
Mem:            62Gi        19Gi        11Gi       315Mi        30Gi        41Gi
Swap:          8.0Gi       3.0Mi       8.0Gi
---------------------------------
[2024-10-30 17:25:19] Memory change detected: 106 MB
               total        used        free      shared  buff/cache   available
Mem:            62Gi        19Gi        11Gi       313Mi        30Gi        41Gi
Swap:          8.0Gi       3.0Mi       8.0Gi
---------------------------------
[2024-10-30 17:25:19] Memory change detected: 102 MB
               total        used        free      shared  buff/cache   available
Mem:            62Gi        19Gi        11Gi       312Mi        30Gi        41Gi
Swap:          8.0Gi       3.0Mi       8.0Gi
---------------------------------
[2024-10-30 17:25:20] Memory change detected: 100 MB
               total        used        free      shared  buff/cache   available
Mem:            62Gi        20Gi        11Gi       312Mi        30Gi        41Gi
Swap:          8.0Gi       3.0Mi       8.0Gi
---------------------------------
[2024-10-30 17:25:20] Memory change detected: 103 MB
               total        used        free      shared  buff/cache   available
Mem:            62Gi        20Gi        11Gi       312Mi        30Gi        41Gi
Swap:          8.0Gi       3.0Mi       8.0Gi
---------------------------------
[2024-10-30 17:25:20] Memory change detected: 101 MB
               total        used        free      shared  buff/cache   available
Mem:            62Gi        20Gi        11Gi       312Mi        30Gi        41Gi
Swap:          8.0Gi       3.0Mi       8.0Gi
---------------------------------
[2024-10-30 17:25:21] Memory change detected: 103 MB
               total        used        free      shared  buff/cache   available
Mem:            62Gi        20Gi        11Gi       313Mi        30Gi        41Gi
Swap:          8.0Gi       3.0Mi       8.0Gi
---------------------------------
[2024-10-30 17:25:22] Memory change detected: 105 MB
               total        used        free      shared  buff/cache   available
Mem:            62Gi        20Gi        11Gi       313Mi        30Gi        41Gi
Swap:          8.0Gi       3.0Mi       8.0Gi
---------------------------------
[2024-10-30 17:25:22] Memory change detected: 111 MB
               total        used        free      shared  buff/cache   available
Mem:            62Gi        20Gi        10Gi       313Mi        30Gi        40Gi
Swap:          8.0Gi       3.0Mi       8.0Gi
---------------------------------
[2024-10-30 17:25:22] Memory change detected: -235 MB
               total        used        free      shared  buff/cache   available
Mem:            62Gi        20Gi        11Gi       313Mi        30Gi        41Gi
Swap:          8.0Gi       3.0Mi       8.0Gi
---------------------------------
[2024-10-30 17:25:22] Memory change detected: 102 MB
               total        used        free      shared  buff/cache   available
Mem:            62Gi        20Gi        11Gi       313Mi        30Gi        41Gi
Swap:          8.0Gi       3.0Mi       8.0Gi
---------------------------------
[2024-10-30 17:25:22] Memory change detected: 110 MB
               total        used        free      shared  buff/cache   available
Mem:            62Gi        20Gi        10Gi       313Mi        30Gi        40Gi
Swap:          8.0Gi       3.0Mi       8.0Gi
---------------------------------
[2024-10-30 17:25:23] Memory change detected: 106 MB
               total        used        free      shared  buff/cache   available
Mem:            62Gi        20Gi        10Gi       313Mi        30Gi        40Gi
Swap:          8.0Gi       3.0Mi       8.0Gi
---------------------------------
[2024-10-30 17:25:24] Memory change detected: 100 MB
               total        used        free      shared  buff/cache   available
Mem:            62Gi        20Gi        10Gi       313Mi        30Gi        40Gi
Swap:          8.0Gi       3.0Mi       8.0Gi
---------------------------------
[2024-10-30 17:25:24] Memory change detected: 113 MB
               total        used        free      shared  buff/cache   available
Mem:            62Gi        20Gi        10Gi       313Mi        30Gi        40Gi
Swap:          8.0Gi       3.0Mi       8.0Gi
---------------------------------
[2024-10-30 17:25:24] Memory change detected: 164 MB
               total        used        free      shared  buff/cache   available
Mem:            62Gi        21Gi        10Gi       313Mi        30Gi        40Gi
Swap:          8.0Gi       3.0Mi       8.0Gi
---------------------------------
[2024-10-30 17:25:24] Memory change detected: -262 MB
               total        used        free      shared  buff/cache   available
Mem:            62Gi        20Gi        10Gi       313Mi        30Gi        40Gi
Swap:          8.0Gi       3.0Mi       8.0Gi
---------------------------------
[2024-10-30 17:25:25] Memory change detected: 131 MB
               total        used        free      shared  buff/cache   available
Mem:            62Gi        20Gi        10Gi       312Mi        30Gi        40Gi
Swap:          8.0Gi       3.0Mi       8.0Gi
---------------------------------
[2024-10-30 17:25:26] Memory change detected: 310 MB
               total        used        free      shared  buff/cache   available
Mem:            62Gi        21Gi        10Gi       313Mi        30Gi        40Gi
Swap:          8.0Gi       3.0Mi       8.0Gi
---------------------------------
[2024-10-30 17:25:28] Memory change detected: -188 MB
               total        used        free      shared  buff/cache   available
Mem:            62Gi        21Gi        10Gi       312Mi        30Gi        40Gi
Swap:          8.0Gi       3.0Mi       8.0Gi
---------------------------------
[2024-10-30 17:25:29] Memory change detected: 104 MB
               total        used        free      shared  buff/cache   available
Mem:            62Gi        21Gi        10Gi       313Mi        30Gi        40Gi
Swap:          8.0Gi       3.0Mi       8.0Gi
---------------------------------
[2024-10-30 17:25:29] Memory change detected: 103 MB
               total        used        free      shared  buff/cache   available
Mem:            62Gi        21Gi        10Gi       313Mi        30Gi        40Gi
Swap:          8.0Gi       3.0Mi       8.0Gi
---------------------------------
[2024-10-30 17:25:30] Memory change detected: 109 MB
               total        used        free      shared  buff/cache   available
Mem:            62Gi        21Gi        10Gi       317Mi        30Gi        40Gi
Swap:          8.0Gi       3.0Mi       8.0Gi
---------------------------------
[2024-10-30 17:25:32] Memory change detected: -132 MB
               total        used        free      shared  buff/cache   available
Mem:            62Gi        21Gi        10Gi       318Mi        30Gi        40Gi
Swap:          8.0Gi       3.0Mi       8.0Gi
---------------------------------
[2024-10-30 17:25:40] Memory change detected: -110 MB
               total        used        free      shared  buff/cache   available
Mem:            62Gi        21Gi        10Gi       317Mi        30Gi        40Gi
Swap:          8.0Gi       3.0Mi       8.0Gi
---------------------------------
[2024-10-30 17:26:08] Memory change detected: 101 MB
               total        used        free      shared  buff/cache   available
Mem:            62Gi        21Gi        10Gi       313Mi        30Gi        40Gi
Swap:          8.0Gi       3.0Mi       8.0Gi
---------------------------------
[2024-10-30 17:26:11] Memory change detected: 103 MB
               total        used        free      shared  buff/cache   available
Mem:            62Gi        21Gi        10Gi       320Mi        30Gi        40Gi
Swap:          8.0Gi       3.0Mi       8.0Gi
---------------------------------
[2024-10-30 17:26:11] Memory change detected: 173 MB
               total        used        free      shared  buff/cache   available
Mem:            62Gi        21Gi         9Gi       320Mi        30Gi        39Gi
Swap:          8.0Gi       3.0Mi       8.0Gi
---------------------------------
[2024-10-30 17:26:11] Memory change detected: 272 MB
               total        used        free      shared  buff/cache   available
Mem:            62Gi        21Gi       9.8Gi       320Mi        30Gi        39Gi
Swap:          8.0Gi       3.0Mi       8.0Gi
---------------------------------
[2024-10-30 17:26:11] Memory change detected: 377 MB
               total        used        free      shared  buff/cache   available
Mem:            62Gi        22Gi       9.3Gi       320Mi        30Gi        39Gi
Swap:          8.0Gi       3.0Mi       8.0Gi
---------------------------------
[2024-10-30 17:26:11] Memory change detected: 217 MB
               total        used        free      shared  buff/cache   available
Mem:            62Gi        22Gi       9.2Gi       320Mi        30Gi        39Gi
Swap:          8.0Gi       3.0Mi       8.0Gi
---------------------------------
[2024-10-30 17:26:12] Memory change detected: -514 MB
               total        used        free      shared  buff/cache   available
Mem:            62Gi        21Gi       9.7Gi       320Mi        30Gi        39Gi
Swap:          8.0Gi       3.0Mi       8.0Gi
---------------------------------
[2024-10-30 17:26:43] Memory change detected: 100 MB
               total        used        free      shared  buff/cache   available
Mem:            62Gi        21Gi       9.6Gi       316Mi        30Gi        39Gi
Swap:          8.0Gi       3.0Mi       8.0Gi
---------------------------------
[2024-10-30 17:26:43] Memory change detected: 134 MB
               total        used        free      shared  buff/cache   available
Mem:            62Gi        21Gi       9.6Gi       316Mi        30Gi        39Gi
Swap:          8.0Gi       3.0Mi       8.0Gi
---------------------------------
[2024-10-30 17:26:44] Memory change detected: 117 MB
               total        used        free      shared  buff/cache   available
Mem:            62Gi        22Gi       9.4Gi       316Mi        30Gi        39Gi
Swap:          8.0Gi       3.0Mi       8.0Gi
---------------------------------
[2024-10-30 17:26:44] Memory change detected: 106 MB
               total        used        free      shared  buff/cache   available
Mem:            62Gi        22Gi       9.3Gi       316Mi        30Gi        39Gi
Swap:          8.0Gi       3.0Mi       8.0Gi
---------------------------------
[2024-10-30 17:26:44] Memory change detected: 118 MB
               total        used        free      shared  buff/cache   available
Mem:            62Gi        22Gi       9.1Gi       316Mi        30Gi        39Gi
Swap:          8.0Gi       3.0Mi       8.0Gi
---------------------------------
[2024-10-30 17:26:44] Memory change detected: 117 MB
               total        used        free      shared  buff/cache   available
Mem:            62Gi        22Gi       9.0Gi       316Mi        30Gi        38Gi
Swap:          8.0Gi       3.0Mi       8.0Gi
---------------------------------
[2024-10-30 17:26:44] Memory change detected: 116 MB
               total        used        free      shared  buff/cache   available
Mem:            62Gi        22Gi       8.9Gi       317Mi        30Gi        38Gi
Swap:          8.0Gi       3.0Mi       8.0Gi
---------------------------------
[2024-10-30 17:26:44] Memory change detected: 125 MB
               total        used        free      shared  buff/cache   available
Mem:            62Gi        22Gi       8.8Gi       317Mi        31Gi        38Gi
Swap:          8.0Gi       3.0Mi       8.0Gi
---------------------------------
[2024-10-30 17:26:45] Memory change detected: 100 MB
               total        used        free      shared  buff/cache   available
Mem:            62Gi        22Gi       8.7Gi       316Mi        31Gi        38Gi
Swap:          8.0Gi       3.0Mi       8.0Gi
---------------------------------
[2024-10-30 17:26:45] Memory change detected: 121 MB
               total        used        free      shared  buff/cache   available
Mem:            62Gi        22Gi       8.5Gi       316Mi        31Gi        38Gi
Swap:          8.0Gi       3.0Mi       8.0Gi
---------------------------------
[2024-10-30 17:26:45] Memory change detected: 106 MB
               total        used        free      shared  buff/cache   available
Mem:            62Gi        23Gi       8.4Gi       316Mi        31Gi        38Gi
Swap:          8.0Gi       3.0Mi       8.0Gi
---------------------------------
[2024-10-30 17:26:45] Memory change detected: 105 MB
               total        used        free      shared  buff/cache   available
Mem:            62Gi        23Gi       8.3Gi       317Mi        31Gi        38Gi
Swap:          8.0Gi       3.0Mi       8.0Gi
---------------------------------
[2024-10-30 17:26:45] Memory change detected: 131 MB
               total        used        free      shared  buff/cache   available
Mem:            62Gi        23Gi       8.2Gi       316Mi        31Gi        38Gi
Swap:          8.0Gi       3.0Mi       8.0Gi
---------------------------------
[2024-10-30 17:26:46] Memory change detected: 103 MB
               total        used        free      shared  buff/cache   available
Mem:            62Gi        23Gi       8.1Gi       316Mi        31Gi        38Gi
Swap:          8.0Gi       3.0Mi       8.0Gi
---------------------------------
[2024-10-30 17:26:46] Memory change detected: 105 MB
               total        used        free      shared  buff/cache   available
Mem:            62Gi        23Gi       8.0Gi       319Mi        31Gi        37Gi
Swap:          8.0Gi       3.0Mi       8.0Gi
---------------------------------
[2024-10-30 17:26:46] Memory change detected: 121 MB
               total        used        free      shared  buff/cache   available
Mem:            62Gi        23Gi       7.9Gi       324Mi        31Gi        37Gi
Swap:          8.0Gi       3.0Mi       8.0Gi
---------------------------------
[2024-10-30 17:26:46] Memory change detected: 125 MB
               total        used        free      shared  buff/cache   available
Mem:            62Gi        23Gi       7.8Gi       322Mi        31Gi        37Gi
Swap:          8.0Gi       3.0Mi       8.0Gi
---------------------------------
[2024-10-30 17:26:46] Memory change detected: 105 MB
               total        used        free      shared  buff/cache   available
Mem:            62Gi        23Gi       7.7Gi       323Mi        31Gi        37Gi
Swap:          8.0Gi       3.0Mi       8.0Gi
---------------------------------
[2024-10-30 17:26:47] Memory change detected: 127 MB
               total        used        free      shared  buff/cache   available
Mem:            62Gi        23Gi       7.5Gi       321Mi        31Gi        37Gi
Swap:          8.0Gi       3.0Mi       8.0Gi
---------------------------------
[2024-10-30 17:26:47] Memory change detected: 100 MB
               total        used        free      shared  buff/cache   available
Mem:            62Gi        24Gi       7.4Gi       322Mi        31Gi        37Gi
Swap:          8.0Gi       3.0Mi       8.0Gi
---------------------------------
[2024-10-30 17:26:47] Memory change detected: 110 MB
               total        used        free      shared  buff/cache   available
Mem:            62Gi        24Gi       7.3Gi       322Mi        31Gi        37Gi
Swap:          8.0Gi       3.0Mi       8.0Gi
---------------------------------
[2024-10-30 17:26:47] Memory change detected: 132 MB
               total        used        free      shared  buff/cache   available
Mem:            62Gi        24Gi       7.2Gi       322Mi        31Gi        37Gi
Swap:          8.0Gi       3.0Mi       8.0Gi
---------------------------------
[2024-10-30 17:26:48] Memory change detected: 100 MB
               total        used        free      shared  buff/cache   available
Mem:            62Gi        24Gi       7.1Gi       322Mi        31Gi        37Gi
Swap:          8.0Gi       3.0Mi       8.0Gi
---------------------------------
[2024-10-30 17:26:48] Memory change detected: 101 MB
               total        used        free      shared  buff/cache   available
Mem:            62Gi        24Gi       7.0Gi       322Mi        31Gi        36Gi
Swap:          8.0Gi       3.0Mi       8.0Gi
---------------------------------
[2024-10-30 17:26:48] Memory change detected: 112 MB
               total        used        free      shared  buff/cache   available
Mem:            62Gi        24Gi       6.9Gi       321Mi        31Gi        36Gi
Swap:          8.0Gi       3.0Mi       8.0Gi
---------------------------------
[2024-10-30 17:26:48] Memory change detected: 115 MB
               total        used        free      shared  buff/cache   available
Mem:            62Gi        24Gi       6.8Gi       322Mi        31Gi        36Gi
Swap:          8.0Gi       3.0Mi       8.0Gi
---------------------------------
[2024-10-30 17:26:49] Memory change detected: 107 MB
               total        used        free      shared  buff/cache   available
Mem:            62Gi        24Gi       6.7Gi       322Mi        31Gi        36Gi
Swap:          8.0Gi       3.0Mi       8.0Gi
---------------------------------
[2024-10-30 17:26:49] Memory change detected: 124 MB
               total        used        free      shared  buff/cache   available
Mem:            62Gi        24Gi       6.6Gi       322Mi        31Gi        36Gi
Swap:          8.0Gi       3.0Mi       8.0Gi
---------------------------------
[2024-10-30 17:26:49] Memory change detected: 108 MB
               total        used        free      shared  buff/cache   available
Mem:            62Gi        25Gi       6.5Gi       322Mi        31Gi        36Gi
Swap:          8.0Gi       3.0Mi       8.0Gi
---------------------------------
[2024-10-30 17:26:49] Memory change detected: 127 MB
               total        used        free      shared  buff/cache   available
Mem:            62Gi        25Gi       6.3Gi       322Mi        31Gi        36Gi
Swap:          8.0Gi       3.0Mi       8.0Gi
---------------------------------
[2024-10-30 17:26:50] Memory change detected: 125 MB
               total        used        free      shared  buff/cache   available
Mem:            62Gi        25Gi       6.2Gi       322Mi        31Gi        36Gi
Swap:          8.0Gi       3.0Mi       8.0Gi
---------------------------------
[2024-10-30 17:26:50] Memory change detected: 103 MB
               total        used        free      shared  buff/cache   available
Mem:            62Gi        25Gi       6.1Gi       322Mi        31Gi        36Gi
Swap:          8.0Gi       3.0Mi       8.0Gi
---------------------------------
[2024-10-30 17:26:50] Memory change detected: 130 MB
               total        used        free      shared  buff/cache   available
Mem:            62Gi        25Gi       6.0Gi       319Mi        31Gi        35Gi
Swap:          8.0Gi       3.0Mi       8.0Gi
---------------------------------
[2024-10-30 17:26:50] Memory change detected: 146 MB
               total        used        free      shared  buff/cache   available
Mem:            62Gi        25Gi       5.8Gi       319Mi        31Gi        35Gi
Swap:          8.0Gi       3.0Mi       8.0Gi
---------------------------------
[2024-10-30 17:26:51] Memory change detected: 132 MB
               total        used        free      shared  buff/cache   available
Mem:            62Gi        25Gi       5.7Gi       319Mi        31Gi        35Gi
Swap:          8.0Gi       3.0Mi       8.0Gi
---------------------------------
[2024-10-30 17:26:51] Memory change detected: 118 MB
               total        used        free      shared  buff/cache   available
Mem:            62Gi        25Gi       5.6Gi       319Mi        31Gi        35Gi
Swap:          8.0Gi       3.0Mi       8.0Gi
---------------------------------
[2024-10-30 17:26:51] Memory change detected: 106 MB
               total        used        free      shared  buff/cache   available
Mem:            62Gi        25Gi       5.5Gi       319Mi        31Gi        35Gi
Swap:          8.0Gi       3.0Mi       8.0Gi
---------------------------------
[2024-10-30 17:26:51] Memory change detected: 106 MB
               total        used        free      shared  buff/cache   available
Mem:            62Gi        26Gi       5.4Gi       319Mi        31Gi        35Gi
Swap:          8.0Gi       3.0Mi       8.0Gi
---------------------------------
[2024-10-30 17:26:51] Memory change detected: 102 MB
               total        used        free      shared  buff/cache   available
Mem:            62Gi        26Gi       5.3Gi       319Mi        31Gi        35Gi
Swap:          8.0Gi       3.0Mi       8.0Gi
---------------------------------
[2024-10-30 17:26:52] Memory change detected: 115 MB
               total        used        free      shared  buff/cache   available
Mem:            62Gi        26Gi       5.2Gi       319Mi        31Gi        35Gi
Swap:          8.0Gi       3.0Mi       8.0Gi
---------------------------------
[2024-10-30 17:26:52] Memory change detected: 110 MB
               total        used        free      shared  buff/cache   available
Mem:            62Gi        26Gi       5.1Gi       319Mi        31Gi        35Gi
Swap:          8.0Gi       3.0Mi       8.0Gi
---------------------------------
[2024-10-30 17:26:52] Memory change detected: 106 MB
               total        used        free      shared  buff/cache   available
Mem:            62Gi        26Gi       5.0Gi       319Mi        31Gi        34Gi
Swap:          8.0Gi       3.0Mi       8.0Gi
---------------------------------
[2024-10-30 17:26:52] Memory change detected: 134 MB
               total        used        free      shared  buff/cache   available
Mem:            62Gi        26Gi       4.8Gi       319Mi        31Gi        34Gi
Swap:          8.0Gi       3.0Mi       8.0Gi
---------------------------------
[2024-10-30 17:26:53] Memory change detected: 114 MB
               total        used        free      shared  buff/cache   available
Mem:            62Gi        26Gi       4.7Gi       319Mi        31Gi        34Gi
Swap:          8.0Gi       3.0Mi       8.0Gi
---------------------------------
[2024-10-30 17:26:53] Memory change detected: 124 MB
               total        used        free      shared  buff/cache   available
Mem:            62Gi        26Gi       4.6Gi       319Mi        31Gi        34Gi
Swap:          8.0Gi       3.0Mi       8.0Gi
---------------------------------
[2024-10-30 17:26:53] Memory change detected: 100 MB
               total        used        free      shared  buff/cache   available
Mem:            62Gi        26Gi       4.5Gi       318Mi        31Gi        34Gi
Swap:          8.0Gi       3.0Mi       8.0Gi
---------------------------------
[2024-10-30 17:26:53] Memory change detected: 126 MB
               total        used        free      shared  buff/cache   available
Mem:            62Gi        27Gi       4.4Gi       319Mi        31Gi        34Gi
Swap:          8.0Gi       3.0Mi       8.0Gi
---------------------------------
[2024-10-30 17:26:54] Memory change detected: 101 MB
               total        used        free      shared  buff/cache   available
Mem:            62Gi        27Gi       4.3Gi       319Mi        31Gi        34Gi
Swap:          8.0Gi       3.0Mi       8.0Gi
---------------------------------
[2024-10-30 17:26:54] Memory change detected: 104 MB
               total        used        free      shared  buff/cache   available
Mem:            62Gi        27Gi       4.2Gi       319Mi        31Gi        34Gi
Swap:          8.0Gi       3.0Mi       8.0Gi
---------------------------------
[2024-10-30 17:26:54] Memory change detected: 108 MB
               total        used        free      shared  buff/cache   available
Mem:            62Gi        27Gi       4.1Gi       319Mi        31Gi        34Gi
Swap:          8.0Gi       3.0Mi       8.0Gi
---------------------------------
[2024-10-30 17:26:54] Memory change detected: 120 MB
               total        used        free      shared  buff/cache   available
Mem:            62Gi        27Gi       3.9Gi       319Mi        31Gi        33Gi
Swap:          8.0Gi       3.0Mi       8.0Gi
---------------------------------
[2024-10-30 17:26:55] Memory change detected: 102 MB
               total        used        free      shared  buff/cache   available
Mem:            62Gi        27Gi       3.8Gi       319Mi        31Gi        33Gi
Swap:          8.0Gi       3.0Mi       8.0Gi
---------------------------------
[2024-10-30 17:26:55] Memory change detected: 131 MB
               total        used        free      shared  buff/cache   available
Mem:            62Gi        27Gi       3.7Gi       319Mi        31Gi        33Gi
Swap:          8.0Gi       3.0Mi       8.0Gi
---------------------------------
[2024-10-30 17:26:55] Memory change detected: 106 MB
               total        used        free      shared  buff/cache   available
Mem:            62Gi        27Gi       3.6Gi       319Mi        31Gi        33Gi
Swap:          8.0Gi       3.0Mi       8.0Gi
---------------------------------
[2024-10-30 17:26:55] Memory change detected: 125 MB
               total        used        free      shared  buff/cache   available
Mem:            62Gi        27Gi       3.5Gi       318Mi        31Gi        33Gi
Swap:          8.0Gi       3.0Mi       8.0Gi
---------------------------------
[2024-10-30 17:26:56] Memory change detected: 122 MB
               total        used        free      shared  buff/cache   available
Mem:            62Gi        28Gi       3.4Gi       319Mi        31Gi        33Gi
Swap:          8.0Gi       3.0Mi       8.0Gi
---------------------------------
[2024-10-30 17:26:56] Memory change detected: 138 MB
               total        used        free      shared  buff/cache   available
Mem:            62Gi        28Gi       3.2Gi       319Mi        31Gi        33Gi
Swap:          8.0Gi       3.0Mi       8.0Gi
---------------------------------
[2024-10-30 17:26:56] Memory change detected: 100 MB
               total        used        free      shared  buff/cache   available
Mem:            62Gi        28Gi       3.1Gi       319Mi        31Gi        33Gi
Swap:          8.0Gi       3.0Mi       8.0Gi
---------------------------------
[2024-10-30 17:26:56] Memory change detected: 112 MB
               total        used        free      shared  buff/cache   available
Mem:            62Gi        28Gi       3.0Gi       319Mi        31Gi        33Gi
Swap:          8.0Gi       3.0Mi       8.0Gi
---------------------------------
[2024-10-30 17:26:57] Memory change detected: 110 MB
               total        used        free      shared  buff/cache   available
Mem:            62Gi        28Gi       3.0Gi       319Mi        31Gi        32Gi
Swap:          8.0Gi       3.0Mi       8.0Gi
---------------------------------
[2024-10-30 17:26:57] Memory change detected: 123 MB
               total        used        free      shared  buff/cache   available
Mem:            62Gi        28Gi       2.8Gi       319Mi        31Gi        32Gi
Swap:          8.0Gi       3.0Mi       8.0Gi
---------------------------------
[2024-10-30 17:26:57] Memory change detected: 107 MB
               total        used        free      shared  buff/cache   available
Mem:            62Gi        28Gi       2.7Gi       319Mi        31Gi        32Gi
Swap:          8.0Gi       3.0Mi       8.0Gi
---------------------------------
[2024-10-30 17:26:57] Memory change detected: 137 MB
               total        used        free      shared  buff/cache   available
Mem:            62Gi        28Gi       2.6Gi       319Mi        31Gi        32Gi
Swap:          8.0Gi       3.0Mi       8.0Gi
---------------------------------
[2024-10-30 17:26:58] Memory change detected: 113 MB
               total        used        free      shared  buff/cache   available
Mem:            62Gi        29Gi       2.5Gi       319Mi        31Gi        32Gi
Swap:          8.0Gi       3.0Mi       8.0Gi
---------------------------------
[2024-10-30 17:26:58] Memory change detected: 119 MB
               total        used        free      shared  buff/cache   available
Mem:            62Gi        29Gi       2.4Gi       319Mi        31Gi        32Gi
Swap:          8.0Gi       3.0Mi       8.0Gi
---------------------------------
[2024-10-30 17:26:58] Memory change detected: 121 MB
               total        used        free      shared  buff/cache   available
Mem:            62Gi        29Gi       2.2Gi       319Mi        31Gi        32Gi
Swap:          8.0Gi       3.0Mi       8.0Gi
---------------------------------
[2024-10-30 17:26:58] Memory change detected: 103 MB
               total        used        free      shared  buff/cache   available
Mem:            62Gi        29Gi       2.1Gi       319Mi        31Gi        32Gi
Swap:          8.0Gi       3.0Mi       8.0Gi
---------------------------------
[2024-10-30 17:26:59] Memory change detected: 137 MB
               total        used        free      shared  buff/cache   available
Mem:            62Gi        29Gi       2.0Gi       318Mi        31Gi        31Gi
Swap:          8.0Gi       3.0Mi       8.0Gi
---------------------------------
[2024-10-30 17:26:59] Memory change detected: 100 MB
               total        used        free      shared  buff/cache   available
Mem:            62Gi        29Gi       1.9Gi       319Mi        31Gi        31Gi
Swap:          8.0Gi       3.0Mi       8.0Gi
---------------------------------
[2024-10-30 17:26:59] Memory change detected: 110 MB
               total        used        free      shared  buff/cache   available
Mem:            62Gi        29Gi       1.8Gi       319Mi        31Gi        31Gi
Swap:          8.0Gi       3.0Mi       8.0Gi
---------------------------------
[2024-10-30 17:26:59] Memory change detected: 112 MB
               total        used        free      shared  buff/cache   available
Mem:            62Gi        29Gi       1.7Gi       319Mi        31Gi        31Gi
Swap:          8.0Gi       3.0Mi       8.0Gi
---------------------------------
[2024-10-30 17:27:00] Memory change detected: 125 MB
               total        used        free      shared  buff/cache   available
Mem:            62Gi        29Gi       1.6Gi       319Mi        31Gi        31Gi
Swap:          8.0Gi       3.0Mi       8.0Gi
---------------------------------
[2024-10-30 17:27:00] Memory change detected: 113 MB
               total        used        free      shared  buff/cache   available
Mem:            62Gi        30Gi       1.5Gi       319Mi        31Gi        31Gi
Swap:          8.0Gi       3.0Mi       8.0Gi
---------------------------------
[2024-10-30 17:27:00] Memory change detected: 102 MB
               total        used        free      shared  buff/cache   available
Mem:            62Gi        30Gi       1.3Gi       319Mi        31Gi        31Gi
Swap:          8.0Gi       3.0Mi       8.0Gi
---------------------------------
[2024-10-30 17:27:00] Memory change detected: 118 MB
               total        used        free      shared  buff/cache   available
Mem:            62Gi        30Gi       1.3Gi       319Mi        31Gi        31Gi
Swap:          8.0Gi       3.0Mi       8.0Gi
---------------------------------
[2024-10-30 17:27:01] Memory change detected: 104 MB
               total        used        free      shared  buff/cache   available
Mem:            62Gi        30Gi       1.1Gi       319Mi        31Gi        31Gi
Swap:          8.0Gi       3.0Mi       8.0Gi
---------------------------------
[2024-10-30 17:27:01] Memory change detected: 109 MB
               total        used        free      shared  buff/cache   available
Mem:            62Gi        30Gi       1.0Gi       319Mi        31Gi        31Gi
Swap:          8.0Gi       3.0Mi       8.0Gi
---------------------------------
[2024-10-30 17:27:01] Memory change detected: 105 MB
               total        used        free      shared  buff/cache   available
Mem:            62Gi        30Gi       931Mi       319Mi        31Gi        30Gi
Swap:          8.0Gi       3.0Mi       8.0Gi
---------------------------------
[2024-10-30 17:27:01] Memory change detected: 104 MB
               total        used        free      shared  buff/cache   available
Mem:            62Gi        30Gi       832Mi       319Mi        31Gi        30Gi
Swap:          8.0Gi       3.0Mi       8.0Gi
---------------------------------
[2024-10-30 17:27:02] Memory change detected: 114 MB
               total        used        free      shared  buff/cache   available
Mem:            62Gi        30Gi       750Mi       319Mi        31Gi        30Gi
Swap:          8.0Gi       3.0Mi       8.0Gi
---------------------------------
[2024-10-30 17:27:02] Memory change detected: 128 MB
               total        used        free      shared  buff/cache   available
Mem:            62Gi        30Gi       1.1Gi       318Mi        30Gi        30Gi
Swap:          8.0Gi       3.0Mi       8.0Gi
---------------------------------
[2024-10-30 17:27:02] Memory change detected: 109 MB
               total        used        free      shared  buff/cache   available
Mem:            62Gi        31Gi       995Mi       318Mi        30Gi        30Gi
Swap:          8.0Gi       3.0Mi       8.0Gi
---------------------------------
[2024-10-30 17:27:02] Memory change detected: -821 MB
               total        used        free      shared  buff/cache   available
Mem:            62Gi        29Gi       2.2Gi       319Mi        30Gi        31Gi
Swap:          8.0Gi       3.0Mi       8.0Gi
---------------------------------
[2024-10-30 17:27:02] Memory change detected: -2187 MB
               total        used        free      shared  buff/cache   available
Mem:            62Gi        27Gi       4.3Gi       319Mi        30Gi        33Gi
Swap:          8.0Gi       3.0Mi       8.0Gi
---------------------------------
[2024-10-30 17:27:02] Memory change detected: -2212 MB
               total        used        free      shared  buff/cache   available
Mem:            62Gi        25Gi       6.6Gi       319Mi        30Gi        36Gi
Swap:          8.0Gi       3.0Mi       8.0Gi
---------------------------------
[2024-10-30 17:27:02] Memory change detected: -2277 MB
               total        used        free      shared  buff/cache   available
Mem:            62Gi        23Gi       8.8Gi       319Mi        30Gi        38Gi
Swap:          8.0Gi       3.0Mi       8.0Gi
---------------------------------
[2024-10-30 17:27:03] Memory change detected: -673 MB
               total        used        free      shared  buff/cache   available
Mem:            62Gi        23Gi       9.0Gi       319Mi        30Gi        38Gi
Swap:          8.0Gi       3.0Mi       8.0Gi
---------------------------------
[2024-10-30 17:27:04] Memory change detected: -181 MB
               total        used        free      shared  buff/cache   available
Mem:            62Gi        22Gi       9.5Gi       319Mi        30Gi        38Gi
Swap:          8.0Gi       3.0Mi       8.0Gi
---------------------------------
[2024-10-30 17:27:04] Memory change detected: -863 MB
               total        used        free      shared  buff/cache   available
Mem:            62Gi        22Gi        10Gi       319Mi        30Gi        39Gi
Swap:          8.0Gi       3.0Mi       8.0Gi
---------------------------------
[2024-10-30 17:27:05] Memory change detected: -104 MB
               total        used        free      shared  buff/cache   available
Mem:            62Gi        21Gi        10Gi       319Mi        30Gi        39Gi
Swap:          8.0Gi       3.0Mi       8.0Gi
---------------------------------
[2024-10-30 17:27:18] Memory change detected: 119 MB
               total        used        free      shared  buff/cache   available
Mem:            62Gi        22Gi         9Gi       330Mi        30Gi        39Gi
Swap:          8.0Gi       3.0Mi       8.0Gi
---------------------------------
[2024-10-30 17:27:18] Memory change detected: 176 MB
               total        used        free      shared  buff/cache   available
Mem:            62Gi        22Gi       9.8Gi       330Mi        30Gi        39Gi
Swap:          8.0Gi       3.0Mi       8.0Gi
---------------------------------
[2024-10-30 17:27:18] Memory change detected: 108 MB
               total        used        free      shared  buff/cache   available
Mem:            62Gi        22Gi       9.7Gi       330Mi        30Gi        39Gi
Swap:          8.0Gi       3.0Mi       8.0Gi
---------------------------------
[2024-10-30 17:27:18] Memory change detected: 105 MB
               total        used        free      shared  buff/cache   available
Mem:            62Gi        22Gi       9.5Gi       330Mi        30Gi        39Gi
Swap:          8.0Gi       3.0Mi       8.0Gi
---------------------------------
[2024-10-30 17:27:18] Memory change detected: 144 MB
               total        used        free      shared  buff/cache   available
Mem:            62Gi        22Gi       9.5Gi       329Mi        30Gi        38Gi
Swap:          8.0Gi       3.0Mi       8.0Gi
---------------------------------
[2024-10-30 17:27:18] Memory change detected: 232 MB
               total        used        free      shared  buff/cache   available
Mem:            62Gi        22Gi       9.3Gi       337Mi        30Gi        38Gi
Swap:          8.0Gi       3.0Mi       8.0Gi
---------------------------------
[2024-10-30 17:27:19] Memory change detected: 129 MB
               total        used        free      shared  buff/cache   available
Mem:            62Gi        22Gi       9.1Gi       337Mi        30Gi        38Gi
Swap:          8.0Gi       3.0Mi       8.0Gi
---------------------------------
[2024-10-30 17:27:19] Memory change detected: 125 MB
               total        used        free      shared  buff/cache   available
Mem:            62Gi        23Gi       9.0Gi       336Mi        30Gi        38Gi
Swap:          8.0Gi       3.0Mi       8.0Gi
---------------------------------
[2024-10-30 17:27:19] Memory change detected: 119 MB
               total        used        free      shared  buff/cache   available
Mem:            62Gi        23Gi       8.8Gi       336Mi        30Gi        38Gi
Swap:          8.0Gi       3.0Mi       8.0Gi
---------------------------------
[2024-10-30 17:27:19] Memory change detected: 187 MB
               total        used        free      shared  buff/cache   available
Mem:            62Gi        23Gi       8.7Gi       337Mi        30Gi        38Gi
Swap:          8.0Gi       3.0Mi       8.0Gi
---------------------------------
[2024-10-30 17:27:19] Memory change detected: 118 MB
               total        used        free      shared  buff/cache   available
Mem:            62Gi        23Gi       8.5Gi       337Mi        30Gi        37Gi
Swap:          8.0Gi       3.0Mi       8.0Gi
---------------------------------
[2024-10-30 17:27:19] Memory change detected: 154 MB
               total        used        free      shared  buff/cache   available
Mem:            62Gi        23Gi       8.4Gi       338Mi        30Gi        37Gi
Swap:          8.0Gi       3.0Mi       8.0Gi
---------------------------------
[2024-10-30 17:27:20] Memory change detected: 138 MB
               total        used        free      shared  buff/cache   available
Mem:            62Gi        23Gi       8.2Gi       338Mi        30Gi        37Gi
Swap:          8.0Gi       3.0Mi       8.0Gi
---------------------------------
[2024-10-30 17:27:20] Memory change detected: 125 MB
               total        used        free      shared  buff/cache   available
Mem:            62Gi        23Gi       8.2Gi       338Mi        30Gi        37Gi
Swap:          8.0Gi       3.0Mi       8.0Gi
---------------------------------
[2024-10-30 17:27:20] Memory change detected: 135 MB
               total        used        free      shared  buff/cache   available
Mem:            62Gi        24Gi       8.0Gi       336Mi        30Gi        37Gi
Swap:          8.0Gi       3.0Mi       8.0Gi
---------------------------------
[2024-10-30 17:27:20] Memory change detected: 252 MB
               total        used        free      shared  buff/cache   available
Mem:            62Gi        24Gi       7.8Gi       336Mi        30Gi        37Gi
Swap:          8.0Gi       3.0Mi       8.0Gi
---------------------------------
[2024-10-30 17:27:20] Memory change detected: 202 MB
               total        used        free      shared  buff/cache   available
Mem:            62Gi        24Gi       7.6Gi       338Mi        30Gi        37Gi
Swap:          8.0Gi       3.0Mi       8.0Gi
---------------------------------
[2024-10-30 17:27:21] Memory change detected: 107 MB
               total        used        free      shared  buff/cache   available
Mem:            62Gi        24Gi       7.5Gi       338Mi        30Gi        36Gi
Swap:          8.0Gi       3.0Mi       8.0Gi
---------------------------------
[2024-10-30 17:27:21] Memory change detected: 100 MB
               total        used        free      shared  buff/cache   available
Mem:            62Gi        24Gi       7.4Gi       338Mi        30Gi        36Gi
Swap:          8.0Gi       3.0Mi       8.0Gi
---------------------------------
[2024-10-30 17:27:21] Memory change detected: 106 MB
               total        used        free      shared  buff/cache   available
Mem:            62Gi        24Gi       7.3Gi       338Mi        30Gi        36Gi
Swap:          8.0Gi       3.0Mi       8.0Gi
---------------------------------
[2024-10-30 17:27:21] Memory change detected: 183 MB
               total        used        free      shared  buff/cache   available
Mem:            62Gi        24Gi       7.1Gi       342Mi        30Gi        36Gi
Swap:          8.0Gi       3.0Mi       8.0Gi
---------------------------------
[2024-10-30 17:27:21] Memory change detected: 152 MB
               total        used        free      shared  buff/cache   available
Mem:            62Gi        25Gi       6.9Gi       350Mi        30Gi        36Gi
Swap:          8.0Gi       3.0Mi       8.0Gi
---------------------------------
[2024-10-30 17:27:21] Memory change detected: 122 MB
               total        used        free      shared  buff/cache   available
Mem:            62Gi        25Gi       6.8Gi       347Mi        30Gi        36Gi
Swap:          8.0Gi       3.0Mi       8.0Gi
---------------------------------
[2024-10-30 17:27:21] Memory change detected: 149 MB
               total        used        free      shared  buff/cache   available
Mem:            62Gi        25Gi       6.7Gi       347Mi        30Gi        36Gi
Swap:          8.0Gi       3.0Mi       8.0Gi
---------------------------------
[2024-10-30 17:27:22] Memory change detected: 147 MB
               total        used        free      shared  buff/cache   available
Mem:            62Gi        25Gi       6.5Gi       347Mi        30Gi        35Gi
Swap:          8.0Gi       3.0Mi       8.0Gi
---------------------------------
[2024-10-30 17:27:22] Memory change detected: 191 MB
               total        used        free      shared  buff/cache   available
Mem:            62Gi        25Gi       6.3Gi       352Mi        30Gi        35Gi
Swap:          8.0Gi       3.0Mi       8.0Gi
---------------------------------
[2024-10-30 17:27:22] Memory change detected: 174 MB
               total        used        free      shared  buff/cache   available
Mem:            62Gi        25Gi       6.4Gi       352Mi        30Gi        35Gi
Swap:          8.0Gi       3.0Mi       8.0Gi
---------------------------------
[2024-10-30 17:27:22] Memory change detected: -519 MB
               total        used        free      shared  buff/cache   available
Mem:            62Gi        25Gi       6.6Gi       352Mi        30Gi        36Gi
Swap:          8.0Gi       3.0Mi       8.0Gi
---------------------------------
[2024-10-30 17:27:22] Memory change detected: 195 MB
               total        used        free      shared  buff/cache   available
Mem:            62Gi        25Gi       6.5Gi       353Mi        30Gi        35Gi
Swap:          8.0Gi       3.0Mi       8.0Gi
---------------------------------
[2024-10-30 17:27:22] Memory change detected: 139 MB
               total        used        free      shared  buff/cache   available
Mem:            62Gi        25Gi       6.3Gi       353Mi        30Gi        35Gi
Swap:          8.0Gi       3.0Mi       8.0Gi
---------------------------------
[2024-10-30 17:27:23] Memory change detected: 135 MB
               total        used        free      shared  buff/cache   available
Mem:            62Gi        25Gi       6.2Gi       352Mi        30Gi        35Gi
Swap:          8.0Gi       3.0Mi       8.0Gi
---------------------------------
[2024-10-30 17:27:23] Memory change detected: 105 MB
               total        used        free      shared  buff/cache   available
Mem:            62Gi        25Gi       6.1Gi       352Mi        30Gi        35Gi
Swap:          8.0Gi       3.0Mi       8.0Gi
---------------------------------
[2024-10-30 17:27:23] Memory change detected: 108 MB
               total        used        free      shared  buff/cache   available
Mem:            62Gi        25Gi       6.0Gi       352Mi        30Gi        35Gi
Swap:          8.0Gi       3.0Mi       8.0Gi
---------------------------------
[2024-10-30 17:27:24] Memory change detected: 124 MB
               total        used        free      shared  buff/cache   available
Mem:            62Gi        26Gi       5.9Gi       350Mi        30Gi        35Gi
Swap:          8.0Gi       3.0Mi       8.0Gi
---------------------------------
[2024-10-30 17:27:24] Memory change detected: 115 MB
               total        used        free      shared  buff/cache   available
Mem:            62Gi        26Gi       5.8Gi       350Mi        30Gi        35Gi
Swap:          8.0Gi       3.0Mi       8.0Gi
---------------------------------
[2024-10-30 17:27:25] Memory change detected: 103 MB
               total        used        free      shared  buff/cache   available
Mem:            62Gi        26Gi       5.7Gi       343Mi        30Gi        35Gi
Swap:          8.0Gi       3.0Mi       8.0Gi
---------------------------------
[2024-10-30 17:27:26] Memory change detected: 101 MB
               total        used        free      shared  buff/cache   available
Mem:            62Gi        26Gi       5.6Gi       344Mi        30Gi        35Gi
Swap:          8.0Gi       3.0Mi       8.0Gi
---------------------------------
[2024-10-30 17:27:28] Memory change detected: 112 MB
               total        used        free      shared  buff/cache   available
Mem:            62Gi        26Gi       5.5Gi       344Mi        30Gi        34Gi
Swap:          8.0Gi       3.0Mi       8.0Gi
---------------------------------
[2024-10-30 17:27:39] Memory change detected: 100 MB
               total        used        free      shared  buff/cache   available
Mem:            62Gi        26Gi       5.3Gi       348Mi        30Gi        34Gi
Swap:          8.0Gi       3.0Mi       8.0Gi
---------------------------------
[2024-10-30 17:27:40] Memory change detected: 150 MB
               total        used        free      shared  buff/cache   available
Mem:            62Gi        26Gi       5.2Gi       348Mi        30Gi        34Gi
Swap:          8.0Gi       3.0Mi       8.0Gi
---------------------------------
[2024-10-30 17:27:40] Memory change detected: 112 MB
               total        used        free      shared  buff/cache   available
Mem:            62Gi        26Gi       5.1Gi       347Mi        30Gi        34Gi
Swap:          8.0Gi       3.0Mi       8.0Gi
---------------------------------
[2024-10-30 17:27:41] Memory change detected: 112 MB
               total        used        free      shared  buff/cache   available
Mem:            62Gi        26Gi       5.0Gi       348Mi        30Gi        34Gi
Swap:          8.0Gi       3.0Mi       8.0Gi
---------------------------------
[2024-10-30 17:27:41] Memory change detected: 105 MB
               total        used        free      shared  buff/cache   available
Mem:            62Gi        27Gi       4.9Gi       345Mi        30Gi        34Gi
Swap:          8.0Gi       3.0Mi       8.0Gi
---------------------------------
[2024-10-30 17:27:42] Memory change detected: 122 MB
               total        used        free      shared  buff/cache   available
Mem:            62Gi        27Gi       4.8Gi       344Mi        30Gi        34Gi
Swap:          8.0Gi       3.0Mi       8.0Gi
---------------------------------
[2024-10-30 17:27:42] Memory change detected: 376 MB
               total        used        free      shared  buff/cache   available
Mem:            62Gi        27Gi       4.3Gi       345Mi        30Gi        33Gi
Swap:          8.0Gi       3.0Mi       8.0Gi
---------------------------------
[2024-10-30 17:27:42] Memory change detected: 285 MB
               total        used        free      shared  buff/cache   available
Mem:            62Gi        27Gi       4.5Gi       345Mi        30Gi        33Gi
Swap:          8.0Gi       3.0Mi       8.0Gi
---------------------------------
[2024-10-30 17:27:42] Memory change detected: -194 MB
               total        used        free      shared  buff/cache   available
Mem:            62Gi        27Gi       4.6Gi       344Mi        30Gi        34Gi
Swap:          8.0Gi       3.0Mi       8.0Gi
---------------------------------
[2024-10-30 17:27:42] Memory change detected: -234 MB
               total        used        free      shared  buff/cache   available
Mem:            62Gi        27Gi       4.5Gi       344Mi        30Gi        33Gi
Swap:          8.0Gi       3.0Mi       8.0Gi
---------------------------------
[2024-10-30 17:27:42] Memory change detected: 162 MB
               total        used        free      shared  buff/cache   available
Mem:            62Gi        27Gi       4.4Gi       344Mi        30Gi        33Gi
Swap:          8.0Gi       3.0Mi       8.0Gi
---------------------------------
[2024-10-30 17:27:42] Memory change detected: 209 MB
               total        used        free      shared  buff/cache   available
Mem:            62Gi        27Gi       4.2Gi       344Mi        30Gi        33Gi
Swap:          8.0Gi       3.0Mi       8.0Gi
---------------------------------
[2024-10-30 17:27:43] Memory change detected: 221 MB
               total        used        free      shared  buff/cache   available
Mem:            62Gi        28Gi       3.9Gi       345Mi        30Gi        33Gi
Swap:          8.0Gi       3.0Mi       8.0Gi
---------------------------------
[2024-10-30 17:27:43] Memory change detected: 106 MB
               total        used        free      shared  buff/cache   available
Mem:            62Gi        28Gi       3.9Gi       345Mi        30Gi        33Gi
Swap:          8.0Gi       3.0Mi       8.0Gi
---------------------------------
[2024-10-30 17:27:43] Memory change detected: 107 MB
               total        used        free      shared  buff/cache   available
Mem:            62Gi        28Gi       3.8Gi       344Mi        30Gi        33Gi
Swap:          8.0Gi       3.0Mi       8.0Gi
---------------------------------
[2024-10-30 17:27:43] Memory change detected: 158 MB
               total        used        free      shared  buff/cache   available
Mem:            62Gi        28Gi       3.7Gi       345Mi        30Gi        33Gi
Swap:          8.0Gi       3.0Mi       8.0Gi
---------------------------------
[2024-10-30 17:27:59] Memory change detected: 200 MB
               total        used        free      shared  buff/cache   available
Mem:            62Gi        28Gi       3.4Gi       364Mi        30Gi        32Gi
Swap:          8.0Gi       3.0Mi       8.0Gi
---------------------------------
[2024-10-30 17:27:59] Memory change detected: -440 MB
               total        used        free      shared  buff/cache   available
Mem:            62Gi        28Gi       3.8Gi       364Mi        30Gi        33Gi
Swap:          8.0Gi       3.0Mi       8.0Gi
---------------------------------
[2024-10-30 17:27:59] Memory change detected: 215 MB
               total        used        free      shared  buff/cache   available
Mem:            62Gi        28Gi       3.6Gi       364Mi        30Gi        33Gi
Swap:          8.0Gi       3.0Mi       8.0Gi
---------------------------------
[2024-10-30 17:28:08] Memory change detected: 117 MB
               total        used        free      shared  buff/cache   available
Mem:            62Gi        28Gi       3.5Gi       374Mi        30Gi        32Gi
Swap:          8.0Gi       3.0Mi       8.0Gi
---------------------------------
[2024-10-30 17:28:17] Memory change detected: 110 MB
               total        used        free      shared  buff/cache   available
Mem:            62Gi        28Gi       3.4Gi       371Mi        30Gi        32Gi
Swap:          8.0Gi       3.0Mi       8.0Gi
---------------------------------
[2024-10-30 17:28:17] Memory change detected: 106 MB
               total        used        free      shared  buff/cache   available
Mem:            62Gi        28Gi       3.3Gi       371Mi        30Gi        32Gi
Swap:          8.0Gi       3.0Mi       8.0Gi
---------------------------------
[2024-10-30 17:28:17] Memory change detected: 115 MB
               total        used        free      shared  buff/cache   available
Mem:            62Gi        28Gi       3.2Gi       369Mi        30Gi        32Gi
Swap:          8.0Gi       3.0Mi       8.0Gi
---------------------------------
[2024-10-30 17:28:18] Memory change detected: 121 MB
               total        used        free      shared  buff/cache   available
Mem:            62Gi        28Gi       3.1Gi       373Mi        30Gi        32Gi
Swap:          8.0Gi       3.0Mi       8.0Gi
---------------------------------
[2024-10-30 17:28:18] Memory change detected: 121 MB
               total        used        free      shared  buff/cache   available
Mem:            62Gi        28Gi       2.9Gi       382Mi        30Gi        32Gi
Swap:          8.0Gi       3.0Mi       8.0Gi
---------------------------------
[2024-10-30 17:28:19] Memory change detected: 293 MB
               total        used        free      shared  buff/cache   available
Mem:            62Gi        29Gi       2.5Gi       381Mi        30Gi        32Gi
Swap:          8.0Gi       3.0Mi       8.0Gi
---------------------------------
[2024-10-30 17:28:19] Memory change detected: 242 MB
               total        used        free      shared  buff/cache   available
Mem:            62Gi        29Gi       2.8Gi       381Mi        30Gi        32Gi
Swap:          8.0Gi       3.0Mi       8.0Gi
---------------------------------
[2024-10-30 17:28:19] Memory change detected: -232 MB
               total        used        free      shared  buff/cache   available
Mem:            62Gi        29Gi       2.6Gi       381Mi        30Gi        32Gi
Swap:          8.0Gi       3.0Mi       8.0Gi
---------------------------------
[2024-10-30 17:28:19] Memory change detected: 243 MB
               total        used        free      shared  buff/cache   available
Mem:            62Gi        29Gi       2.4Gi       381Mi        30Gi        31Gi
Swap:          8.0Gi       3.0Mi       8.0Gi
---------------------------------
[2024-10-30 17:28:19] Memory change detected: -667 MB
               total        used        free      shared  buff/cache   available
Mem:            62Gi        28Gi       3.0Gi       381Mi        30Gi        32Gi
Swap:          8.0Gi       3.0Mi       8.0Gi
---------------------------------
[2024-10-30 17:28:19] Memory change detected: 215 MB
               total        used        free      shared  buff/cache   available
Mem:            62Gi        29Gi       2.8Gi       380Mi        30Gi        32Gi
Swap:          8.0Gi       3.0Mi       8.0Gi
---------------------------------
[2024-10-30 17:28:23] Memory change detected: 102 MB
               total        used        free      shared  buff/cache   available
Mem:            62Gi        29Gi       2.7Gi       392Mi        30Gi        32Gi
Swap:          8.0Gi       3.0Mi       8.0Gi
---------------------------------
[2024-10-30 17:28:28] Memory change detected: -109 MB
               total        used        free      shared  buff/cache   available
Mem:            62Gi        29Gi       2.8Gi       376Mi        30Gi        32Gi
Swap:          8.0Gi       3.0Mi       8.0Gi
---------------------------------
[2024-10-30 17:28:36] Memory change detected: 121 MB
               total        used        free      shared  buff/cache   available
Mem:            62Gi        29Gi       2.7Gi       383Mi        30Gi        32Gi
Swap:          8.0Gi       3.0Mi       8.0Gi
---------------------------------
[2024-10-30 17:28:37] Memory change detected: 135 MB
               total        used        free      shared  buff/cache   available
Mem:            62Gi        29Gi       2.6Gi       378Mi        30Gi        32Gi
Swap:          8.0Gi       3.0Mi       8.0Gi
---------------------------------
[2024-10-30 17:28:37] Memory change detected: 107 MB
               total        used        free      shared  buff/cache   available
Mem:            62Gi        29Gi       2.5Gi       375Mi        30Gi        31Gi
Swap:          8.0Gi       3.0Mi       8.0Gi
---------------------------------
[2024-10-30 17:28:38] Memory change detected: 111 MB
               total        used        free      shared  buff/cache   available
Mem:            62Gi        29Gi       2.4Gi       379Mi        30Gi        31Gi
Swap:          8.0Gi       3.0Mi       8.0Gi
---------------------------------
[2024-10-30 17:28:38] Memory change detected: 112 MB
               total        used        free      shared  buff/cache   available
Mem:            62Gi        29Gi       2.3Gi       379Mi        30Gi        31Gi
Swap:          8.0Gi       3.0Mi       8.0Gi
---------------------------------
[2024-10-30 17:28:39] Memory change detected: 115 MB
               total        used        free      shared  buff/cache   available
Mem:            62Gi        29Gi       2.1Gi       380Mi        30Gi        31Gi
Swap:          8.0Gi       3.0Mi       8.0Gi
---------------------------------
[2024-10-30 17:28:39] Memory change detected: -235 MB
               total        used        free      shared  buff/cache   available
Mem:            62Gi        29Gi       2.4Gi       380Mi        30Gi        31Gi
Swap:          8.0Gi       3.0Mi       8.0Gi
---------------------------------
[2024-10-30 17:28:39] Memory change detected: 245 MB
               total        used        free      shared  buff/cache   available
Mem:            62Gi        29Gi       2.1Gi       380Mi        30Gi        31Gi
Swap:          8.0Gi       3.0Mi       8.0Gi
---------------------------------
[2024-10-30 17:28:39] Memory change detected: 175 MB
               total        used        free      shared  buff/cache   available
Mem:            62Gi        30Gi       1.9Gi       380Mi        30Gi        31Gi
Swap:          8.0Gi       3.0Mi       8.0Gi
---------------------------------
[2024-10-30 17:28:39] Memory change detected: -383 MB
               total        used        free      shared  buff/cache   available
Mem:            62Gi        29Gi       2.3Gi       381Mi        30Gi        31Gi
Swap:          8.0Gi       3.0Mi       8.0Gi
---------------------------------
[2024-10-30 17:28:39] Memory change detected: 269 MB
               total        used        free      shared  buff/cache   available
Mem:            62Gi        29Gi       2.0Gi       381Mi        30Gi        31Gi
Swap:          8.0Gi       3.0Mi       8.0Gi
---------------------------------
[2024-10-30 17:28:40] Memory change detected: 110 MB
               total        used        free      shared  buff/cache   available
Mem:            62Gi        29Gi       2.0Gi       376Mi        30Gi        31Gi
Swap:          8.0Gi       3.0Mi       8.0Gi
---------------------------------
[2024-10-30 17:28:40] Memory change detected: 127 MB
               total        used        free      shared  buff/cache   available
Mem:            62Gi        30Gi       1.8Gi       377Mi        30Gi        31Gi
Swap:          8.0Gi       3.0Mi       8.0Gi
---------------------------------
[2024-10-30 17:28:40] Memory change detected: 129 MB
               total        used        free      shared  buff/cache   available
Mem:            62Gi        30Gi       1.7Gi       376Mi        30Gi        31Gi
Swap:          8.0Gi       3.0Mi       8.0Gi
---------------------------------
[2024-10-30 17:28:41] Memory change detected: 109 MB
               total        used        free      shared  buff/cache   available
Mem:            62Gi        30Gi       1.6Gi       376Mi        30Gi        31Gi
Swap:          8.0Gi       3.0Mi       8.0Gi
---------------------------------
[2024-10-30 17:28:41] Memory change detected: 105 MB
               total        used        free      shared  buff/cache   available
Mem:            62Gi        30Gi       1.5Gi       375Mi        30Gi        30Gi
Swap:          8.0Gi       3.0Mi       8.0Gi
---------------------------------
[2024-10-30 17:28:41] Memory change detected: 120 MB
               total        used        free      shared  buff/cache   available
Mem:            62Gi        30Gi       1.4Gi       374Mi        30Gi        30Gi
Swap:          8.0Gi       3.0Mi       8.0Gi
---------------------------------
[2024-10-30 17:28:41] Memory change detected: -1230 MB
               total        used        free      shared  buff/cache   available
Mem:            62Gi        29Gi       2.6Gi       374Mi        30Gi        32Gi
Swap:          8.0Gi       3.0Mi       8.0Gi
---------------------------------
[2024-10-30 17:28:41] Memory change detected: -203 MB
               total        used        free      shared  buff/cache   available
Mem:            62Gi        29Gi       2.8Gi       374Mi        30Gi        32Gi
Swap:          8.0Gi       3.0Mi       8.0Gi
---------------------------------
[2024-10-30 17:28:42] Memory change detected: 129 MB
               total        used        free      shared  buff/cache   available
Mem:            62Gi        29Gi       2.7Gi       371Mi        30Gi        32Gi
Swap:          8.0Gi       3.0Mi       8.0Gi
---------------------------------
[2024-10-30 17:28:42] Memory change detected: 173 MB
               total        used        free      shared  buff/cache   available
Mem:            62Gi        29Gi       2.5Gi       371Mi        30Gi        31Gi
Swap:          8.0Gi       3.0Mi       8.0Gi
---------------------------------
[2024-10-30 17:28:44] Memory change detected: 102 MB
               total        used        free      shared  buff/cache   available
Mem:            62Gi        29Gi       2.4Gi       374Mi        30Gi        31Gi
Swap:          8.0Gi       3.0Mi       8.0Gi
---------------------------------
[2024-10-30 17:28:45] Memory change detected: 144 MB
               total        used        free      shared  buff/cache   available
Mem:            62Gi        29Gi       2.2Gi       374Mi        30Gi        31Gi
Swap:          8.0Gi       3.0Mi       8.0Gi
---------------------------------
[2024-10-30 17:28:47] Memory change detected: 101 MB
               total        used        free      shared  buff/cache   available
Mem:            62Gi        29Gi       2.2Gi       371Mi        30Gi        31Gi
Swap:          8.0Gi       3.0Mi       8.0Gi
---------------------------------
[2024-10-30 17:28:50] Memory change detected: -782 MB
               total        used        free      shared  buff/cache   available
Mem:            62Gi        28Gi       3.4Gi       371Mi        30Gi        32Gi
Swap:          8.0Gi       3.0Mi       8.0Gi
---------------------------------
[2024-10-30 17:28:50] Memory change detected: -2611 MB
               total        used        free      shared  buff/cache   available
Mem:            62Gi        26Gi       5.9Gi       371Mi        30Gi        35Gi
Swap:          8.0Gi       3.0Mi       8.0Gi
---------------------------------
[2024-10-30 17:28:50] Memory change detected: -2505 MB
               total        used        free      shared  buff/cache   available
Mem:            62Gi        23Gi       8.4Gi       371Mi        30Gi        37Gi
Swap:          8.0Gi       3.0Mi       8.0Gi
---------------------------------
[2024-10-30 17:28:51] Memory change detected: -1936 MB
               total        used        free      shared  buff/cache   available
Mem:            62Gi        21Gi        10Gi       371Mi        30Gi        39Gi
Swap:          8.0Gi       3.0Mi       8.0Gi
---------------------------------
[2024-10-30 17:28:51] Memory change detected: -1372 MB
               total        used        free      shared  buff/cache   available
Mem:            62Gi        20Gi        11Gi       371Mi        30Gi        40Gi
Swap:          8.0Gi       3.0Mi       8.0Gi
---------------------------------
[2024-10-30 17:28:51] Memory change detected: -473 MB
               total        used        free      shared  buff/cache   available
Mem:            62Gi        20Gi        11Gi       371Mi        30Gi        41Gi
Swap:          8.0Gi       3.0Mi       8.0Gi
---------------------------------
[2024-10-30 17:28:51] Memory change detected: -1030 MB
               total        used        free      shared  buff/cache   available
Mem:            62Gi        19Gi        12Gi       371Mi        30Gi        42Gi
Swap:          8.0Gi       3.0Mi       8.0Gi
---------------------------------
[2024-10-30 17:28:51] Memory change detected: -161 MB
               total        used        free      shared  buff/cache   available
Mem:            62Gi        19Gi        12Gi       371Mi        30Gi        42Gi
Swap:          8.0Gi       3.0Mi       8.0Gi
---------------------------------
[2024-10-30 17:28:53] Memory change detected: -104 MB
               total        used        free      shared  buff/cache   available
Mem:            62Gi        19Gi        12Gi       364Mi        30Gi        42Gi
Swap:          8.0Gi       3.0Mi       8.0Gi
---------------------------------
[2024-10-30 17:32:22] Memory change detected: 116 MB
               total        used        free      shared  buff/cache   available
Mem:            62Gi        19Gi        12Gi       353Mi        30Gi        42Gi
Swap:          8.0Gi       3.0Mi       8.0Gi
---------------------------------
[2024-10-30 17:32:50] Memory change detected: -108 MB
               total        used        free      shared  buff/cache   available
Mem:            62Gi        19Gi        12Gi       348Mi        30Gi        42Gi
Swap:          8.0Gi       3.0Mi       8.0Gi
---------------------------------
[2024-10-30 17:34:33] Memory change detected: 108 MB
               total        used        free      shared  buff/cache   available
Mem:            62Gi        19Gi        12Gi       340Mi        30Gi        42Gi
Swap:          8.0Gi       3.0Mi       8.0Gi
---------------------------------
[2024-10-30 17:34:34] Memory change detected: 106 MB
               total        used        free      shared  buff/cache   available
Mem:            62Gi        19Gi        12Gi       340Mi        30Gi        42Gi
Swap:          8.0Gi       3.0Mi       8.0Gi
---------------------------------
[2024-10-30 17:34:34] Memory change detected: -155 MB
               total        used        free      shared  buff/cache   available
Mem:            62Gi        19Gi        12Gi       339Mi        30Gi        42Gi
Swap:          8.0Gi       3.0Mi       8.0Gi
---------------------------------
[2024-10-30 17:34:35] Memory change detected: 128 MB
               total        used        free      shared  buff/cache   available
Mem:            62Gi        19Gi        12Gi       340Mi        30Gi        42Gi
Swap:          8.0Gi       3.0Mi       8.0Gi
---------------------------------
[2024-10-30 17:34:36] Memory change detected: 103 MB
               total        used        free      shared  buff/cache   available
Mem:            62Gi        19Gi        12Gi       340Mi        30Gi        42Gi
Swap:          8.0Gi       3.0Mi       8.0Gi
---------------------------------
[2024-10-30 17:34:36] Memory change detected: 148 MB
               total        used        free      shared  buff/cache   available
Mem:            62Gi        19Gi        12Gi       340Mi        30Gi        41Gi
Swap:          8.0Gi       3.0Mi       8.0Gi
---------------------------------
[2024-10-30 17:34:38] Memory change detected: 170 MB
               total        used        free      shared  buff/cache   available
Mem:            62Gi        19Gi        12Gi       340Mi        30Gi        41Gi
Swap:          8.0Gi       3.0Mi       8.0Gi
---------------------------------
[2024-10-30 17:34:38] Memory change detected: 141 MB
               total        used        free      shared  buff/cache   available
Mem:            62Gi        19Gi        12Gi       340Mi        30Gi        41Gi
Swap:          8.0Gi       3.0Mi       8.0Gi
---------------------------------
[2024-10-30 17:34:38] Memory change detected: 120 MB
               total        used        free      shared  buff/cache   available
Mem:            62Gi        19Gi        12Gi       339Mi        30Gi        41Gi
Swap:          8.0Gi       3.0Mi       8.0Gi
---------------------------------
[2024-10-30 17:34:38] Memory change detected: 132 MB
               total        used        free      shared  buff/cache   available
Mem:            62Gi        20Gi        11Gi       340Mi        30Gi        41Gi
Swap:          8.0Gi       3.0Mi       8.0Gi
---------------------------------
[2024-10-30 17:34:38] Memory change detected: 136 MB
               total        used        free      shared  buff/cache   available
Mem:            62Gi        20Gi        11Gi       339Mi        30Gi        41Gi
Swap:          8.0Gi       3.0Mi       8.0Gi
---------------------------------
[2024-10-30 17:34:39] Memory change detected: 102 MB
               total        used        free      shared  buff/cache   available
Mem:            62Gi        20Gi        11Gi       338Mi        30Gi        41Gi
Swap:          8.0Gi       3.0Mi       8.0Gi
---------------------------------
[2024-10-30 17:34:40] Memory change detected: 171 MB
               total        used        free      shared  buff/cache   available
Mem:            62Gi        20Gi        11Gi       340Mi        30Gi        41Gi
Swap:          8.0Gi       3.0Mi       8.0Gi
---------------------------------
[2024-10-30 17:34:41] Memory change detected: 145 MB
               total        used        free      shared  buff/cache   available
Mem:            62Gi        20Gi        11Gi       340Mi        30Gi        40Gi
Swap:          8.0Gi       3.0Mi       8.0Gi
---------------------------------
[2024-10-30 17:34:42] Memory change detected: -137 MB
               total        used        free      shared  buff/cache   available
Mem:            62Gi        20Gi        11Gi       340Mi        30Gi        41Gi
Swap:          8.0Gi       3.0Mi       8.0Gi
---------------------------------
[2024-10-30 17:34:43] Memory change detected: 194 MB
               total        used        free      shared  buff/cache   available
Mem:            62Gi        20Gi        11Gi       340Mi        30Gi        40Gi
Swap:          8.0Gi       3.0Mi       8.0Gi
---------------------------------
[2024-10-30 17:34:43] Memory change detected: 166 MB
               total        used        free      shared  buff/cache   available
Mem:            62Gi        20Gi        11Gi       339Mi        30Gi        40Gi
Swap:          8.0Gi       3.0Mi       8.0Gi
---------------------------------
[2024-10-30 17:34:43] Memory change detected: 179 MB
               total        used        free      shared  buff/cache   available
Mem:            62Gi        20Gi        11Gi       340Mi        30Gi        40Gi
Swap:          8.0Gi       3.0Mi       8.0Gi
---------------------------------
[2024-10-30 17:34:43] Memory change detected: 125 MB
               total        used        free      shared  buff/cache   available
Mem:            62Gi        21Gi        10Gi       340Mi        30Gi        40Gi
Swap:          8.0Gi       3.0Mi       8.0Gi
---------------------------------
[2024-10-30 17:34:44] Memory change detected: 164 MB
               total        used        free      shared  buff/cache   available
Mem:            62Gi        21Gi        10Gi       340Mi        30Gi        40Gi
Swap:          8.0Gi       3.0Mi       8.0Gi
---------------------------------
[2024-10-30 17:34:44] Memory change detected: 105 MB
               total        used        free      shared  buff/cache   available
Mem:            62Gi        21Gi        10Gi       340Mi        30Gi        40Gi
Swap:          8.0Gi       3.0Mi       8.0Gi
---------------------------------
[2024-10-30 17:34:44] Memory change detected: 116 MB
               total        used        free      shared  buff/cache   available
Mem:            62Gi        21Gi        10Gi       340Mi        30Gi        39Gi
Swap:          8.0Gi       3.0Mi       8.0Gi
---------------------------------
[2024-10-30 17:34:44] Memory change detected: 113 MB
               total        used        free      shared  buff/cache   available
Mem:            62Gi        21Gi        10Gi       340Mi        30Gi        39Gi
Swap:          8.0Gi       3.0Mi       8.0Gi
---------------------------------
[2024-10-30 17:34:45] Memory change detected: 125 MB
               total        used        free      shared  buff/cache   available
Mem:            62Gi        21Gi        10Gi       340Mi        30Gi        39Gi
Swap:          8.0Gi       3.0Mi       8.0Gi
---------------------------------
[2024-10-30 17:34:45] Memory change detected: 114 MB
               total        used        free      shared  buff/cache   available
Mem:            62Gi        21Gi        10Gi       340Mi        30Gi        39Gi
Swap:          8.0Gi       3.0Mi       8.0Gi
---------------------------------
[2024-10-30 17:34:45] Memory change detected: 140 MB
               total        used        free      shared  buff/cache   available
Mem:            62Gi        21Gi         9Gi       340Mi        30Gi        39Gi
Swap:          8.0Gi       3.0Mi       8.0Gi
---------------------------------
[2024-10-30 17:34:45] Memory change detected: 101 MB
               total        used        free      shared  buff/cache   available
Mem:            62Gi        22Gi       9.9Gi       339Mi        30Gi        39Gi
Swap:          8.0Gi       3.0Mi       8.0Gi
---------------------------------
[2024-10-30 17:34:45] Memory change detected: 126 MB
               total        used        free      shared  buff/cache   available
Mem:            62Gi        22Gi       9.8Gi       339Mi        30Gi        39Gi
Swap:          8.0Gi       3.0Mi       8.0Gi
---------------------------------
[2024-10-30 17:34:45] Memory change detected: 115 MB
               total        used        free      shared  buff/cache   available
Mem:            62Gi        22Gi       9.7Gi       339Mi        30Gi        39Gi
Swap:          8.0Gi       3.0Mi       8.0Gi
---------------------------------
[2024-10-30 17:34:45] Memory change detected: 131 MB
               total        used        free      shared  buff/cache   available
Mem:            62Gi        22Gi       9.6Gi       339Mi        30Gi        39Gi
Swap:          8.0Gi       3.0Mi       8.0Gi
---------------------------------
[2024-10-30 17:34:46] Memory change detected: 137 MB
               total        used        free      shared  buff/cache   available
Mem:            62Gi        22Gi       9.4Gi       340Mi        30Gi        38Gi
Swap:          8.0Gi       3.0Mi       8.0Gi
---------------------------------
[2024-10-30 17:34:46] Memory change detected: 132 MB
               total        used        free      shared  buff/cache   available
Mem:            62Gi        22Gi       9.3Gi       340Mi        30Gi        38Gi
Swap:          8.0Gi       3.0Mi       8.0Gi
---------------------------------
[2024-10-30 17:34:46] Memory change detected: 108 MB
               total        used        free      shared  buff/cache   available
Mem:            62Gi        22Gi       9.2Gi       340Mi        30Gi        38Gi
Swap:          8.0Gi       3.0Mi       8.0Gi
---------------------------------
[2024-10-30 17:34:46] Memory change detected: 138 MB
               total        used        free      shared  buff/cache   available
Mem:            62Gi        22Gi       9.1Gi       339Mi        30Gi        38Gi
Swap:          8.0Gi       3.0Mi       8.0Gi
---------------------------------
[2024-10-30 17:34:46] Memory change detected: 127 MB
               total        used        free      shared  buff/cache   available
Mem:            62Gi        23Gi       8.9Gi       340Mi        30Gi        38Gi
Swap:          8.0Gi       3.0Mi       8.0Gi
---------------------------------
[2024-10-30 17:34:46] Memory change detected: 185 MB
               total        used        free      shared  buff/cache   available
Mem:            62Gi        23Gi       8.8Gi       340Mi        30Gi        38Gi
Swap:          8.0Gi       3.0Mi       8.0Gi
---------------------------------
[2024-10-30 17:34:46] Memory change detected: 172 MB
               total        used        free      shared  buff/cache   available
Mem:            62Gi        23Gi       8.6Gi       340Mi        30Gi        38Gi
Swap:          8.0Gi       3.0Mi       8.0Gi
---------------------------------
[2024-10-30 17:34:46] Memory change detected: 148 MB
               total        used        free      shared  buff/cache   available
Mem:            62Gi        23Gi       8.4Gi       342Mi        30Gi        37Gi
Swap:          8.0Gi       3.0Mi       8.0Gi
---------------------------------
[2024-10-30 17:34:47] Memory change detected: 141 MB
               total        used        free      shared  buff/cache   available
Mem:            62Gi        23Gi       8.3Gi       340Mi        30Gi        37Gi
Swap:          8.0Gi       3.0Mi       8.0Gi
---------------------------------
[2024-10-30 17:34:47] Memory change detected: 128 MB
               total        used        free      shared  buff/cache   available
Mem:            62Gi        23Gi       8.1Gi       342Mi        30Gi        37Gi
Swap:          8.0Gi       3.0Mi       8.0Gi
---------------------------------
[2024-10-30 17:34:47] Memory change detected: 182 MB
               total        used        free      shared  buff/cache   available
Mem:            62Gi        23Gi       8.0Gi       340Mi        30Gi        37Gi
Swap:          8.0Gi       3.0Mi       8.0Gi
---------------------------------
[2024-10-30 17:34:47] Memory change detected: 104 MB
               total        used        free      shared  buff/cache   available
Mem:            62Gi        24Gi       7.8Gi       342Mi        30Gi        37Gi
Swap:          8.0Gi       3.0Mi       8.0Gi
---------------------------------
[2024-10-30 17:34:47] Memory change detected: -104 MB
               total        used        free      shared  buff/cache   available
Mem:            62Gi        24Gi       7.9Gi       341Mi        30Gi        37Gi
Swap:          8.0Gi       3.0Mi       8.0Gi
---------------------------------
[2024-10-30 17:34:47] Memory change detected: 257 MB
               total        used        free      shared  buff/cache   available
Mem:            62Gi        24Gi       7.7Gi       340Mi        30Gi        37Gi
Swap:          8.0Gi       3.0Mi       8.0Gi
---------------------------------
[2024-10-30 17:34:47] Memory change detected: 149 MB
               total        used        free      shared  buff/cache   available
Mem:            62Gi        24Gi       7.6Gi       340Mi        30Gi        37Gi
Swap:          8.0Gi       3.0Mi       8.0Gi
---------------------------------
[2024-10-30 17:34:47] Memory change detected: 119 MB
               total        used        free      shared  buff/cache   available
Mem:            62Gi        24Gi       7.5Gi       340Mi        30Gi        36Gi
Swap:          8.0Gi       3.0Mi       8.0Gi
---------------------------------
[2024-10-30 17:34:47] Memory change detected: 169 MB
               total        used        free      shared  buff/cache   available
Mem:            62Gi        24Gi       7.3Gi       340Mi        30Gi        36Gi
Swap:          8.0Gi       3.0Mi       8.0Gi
---------------------------------
[2024-10-30 17:34:47] Memory change detected: 136 MB
               total        used        free      shared  buff/cache   available
Mem:            62Gi        24Gi       7.2Gi       340Mi        30Gi        36Gi
Swap:          8.0Gi       3.0Mi       8.0Gi
---------------------------------
[2024-10-30 17:34:48] Memory change detected: 109 MB
               total        used        free      shared  buff/cache   available
Mem:            62Gi        24Gi       7.1Gi       339Mi        30Gi        36Gi
Swap:          8.0Gi       3.0Mi       8.0Gi
---------------------------------
[2024-10-30 17:34:48] Memory change detected: 190 MB
               total        used        free      shared  buff/cache   available
Mem:            62Gi        25Gi       6.9Gi       340Mi        30Gi        36Gi
Swap:          8.0Gi       3.0Mi       8.0Gi
---------------------------------
[2024-10-30 17:34:48] Memory change detected: 159 MB
               total        used        free      shared  buff/cache   available
Mem:            62Gi        25Gi       6.8Gi       339Mi        30Gi        36Gi
Swap:          8.0Gi       3.0Mi       8.0Gi
---------------------------------
[2024-10-30 17:34:48] Memory change detected: 217 MB
               total        used        free      shared  buff/cache   available
Mem:            62Gi        25Gi       6.5Gi       339Mi        30Gi        36Gi
Swap:          8.0Gi       3.0Mi       8.0Gi
---------------------------------
[2024-10-30 17:34:48] Memory change detected: 142 MB
               total        used        free      shared  buff/cache   available
Mem:            62Gi        25Gi       6.4Gi       339Mi        30Gi        35Gi
Swap:          8.0Gi       3.0Mi       8.0Gi
---------------------------------
[2024-10-30 17:34:48] Memory change detected: 124 MB
               total        used        free      shared  buff/cache   available
Mem:            62Gi        25Gi       6.2Gi       339Mi        30Gi        35Gi
Swap:          8.0Gi       3.0Mi       8.0Gi
---------------------------------
[2024-10-30 17:34:48] Memory change detected: 184 MB
               total        used        free      shared  buff/cache   available
Mem:            62Gi        25Gi       6.1Gi       340Mi        30Gi        35Gi
Swap:          8.0Gi       3.0Mi       8.0Gi
---------------------------------
[2024-10-30 17:34:48] Memory change detected: 297 MB
               total        used        free      shared  buff/cache   available
Mem:            62Gi        26Gi       5.9Gi       340Mi        30Gi        35Gi
Swap:          8.0Gi       3.0Mi       8.0Gi
---------------------------------
[2024-10-30 17:34:49] Memory change detected: 132 MB
               total        used        free      shared  buff/cache   available
Mem:            62Gi        26Gi       5.6Gi       340Mi        30Gi        35Gi
Swap:          8.0Gi       3.0Mi       8.0Gi
---------------------------------
[2024-10-30 17:34:49] Memory change detected: 166 MB
               total        used        free      shared  buff/cache   available
Mem:            62Gi        26Gi       5.5Gi       340Mi        30Gi        34Gi
Swap:          8.0Gi       3.0Mi       8.0Gi
---------------------------------
[2024-10-30 17:34:49] Memory change detected: 130 MB
               total        used        free      shared  buff/cache   available
Mem:            62Gi        26Gi       5.4Gi       340Mi        30Gi        34Gi
Swap:          8.0Gi       3.0Mi       8.0Gi
---------------------------------
[2024-10-30 17:34:49] Memory change detected: 173 MB
               total        used        free      shared  buff/cache   available
Mem:            62Gi        26Gi       5.2Gi       340Mi        30Gi        34Gi
Swap:          8.0Gi       3.0Mi       8.0Gi
---------------------------------
[2024-10-30 17:34:49] Memory change detected: 171 MB
               total        used        free      shared  buff/cache   available
Mem:            62Gi        26Gi       5.1Gi       340Mi        30Gi        34Gi
Swap:          8.0Gi       3.0Mi       8.0Gi
---------------------------------
[2024-10-30 17:34:49] Memory change detected: 114 MB
               total        used        free      shared  buff/cache   available
Mem:            62Gi        27Gi       4.9Gi       340Mi        30Gi        34Gi
Swap:          8.0Gi       3.0Mi       8.0Gi
---------------------------------
[2024-10-30 17:34:49] Memory change detected: 156 MB
               total        used        free      shared  buff/cache   available
Mem:            62Gi        27Gi       4.8Gi       340Mi        30Gi        34Gi
Swap:          8.0Gi       3.0Mi       8.0Gi
---------------------------------
[2024-10-30 17:34:49] Memory change detected: 211 MB
               total        used        free      shared  buff/cache   available
Mem:            62Gi        27Gi       4.6Gi       339Mi        30Gi        34Gi
Swap:          8.0Gi       3.0Mi       8.0Gi
---------------------------------
[2024-10-30 17:34:50] Memory change detected: 181 MB
               total        used        free      shared  buff/cache   available
Mem:            62Gi        27Gi       4.4Gi       339Mi        30Gi        33Gi
Swap:          8.0Gi       3.0Mi       8.0Gi
---------------------------------
[2024-10-30 17:34:50] Memory change detected: 166 MB
               total        used        free      shared  buff/cache   available
Mem:            62Gi        27Gi       4.2Gi       340Mi        30Gi        33Gi
Swap:          8.0Gi       3.0Mi       8.0Gi
---------------------------------
[2024-10-30 17:34:50] Memory change detected: 144 MB
               total        used        free      shared  buff/cache   available
Mem:            62Gi        27Gi       4.1Gi       340Mi        30Gi        33Gi
Swap:          8.0Gi       3.0Mi       8.0Gi
---------------------------------
[2024-10-30 17:34:50] Memory change detected: 177 MB
               total        used        free      shared  buff/cache   available
Mem:            62Gi        28Gi       3.8Gi       340Mi        30Gi        33Gi
Swap:          8.0Gi       3.0Mi       8.0Gi
---------------------------------
[2024-10-30 17:34:50] Memory change detected: 105 MB
               total        used        free      shared  buff/cache   available
Mem:            62Gi        28Gi       3.7Gi       340Mi        30Gi        33Gi
Swap:          8.0Gi       3.0Mi       8.0Gi
---------------------------------
[2024-10-30 17:34:50] Memory change detected: 161 MB
               total        used        free      shared  buff/cache   available
Mem:            62Gi        28Gi       3.6Gi       340Mi        30Gi        33Gi
Swap:          8.0Gi       3.0Mi       8.0Gi
---------------------------------
[2024-10-30 17:34:50] Memory change detected: 250 MB
               total        used        free      shared  buff/cache   available
Mem:            62Gi        28Gi       3.4Gi       340Mi        30Gi        32Gi
Swap:          8.0Gi       3.0Mi       8.0Gi
---------------------------------
[2024-10-30 17:34:51] Memory change detected: 266 MB
               total        used        free      shared  buff/cache   available
Mem:            62Gi        28Gi       3.1Gi       340Mi        30Gi        32Gi
Swap:          8.0Gi       3.0Mi       8.0Gi
---------------------------------
[2024-10-30 17:34:51] Memory change detected: 161 MB
               total        used        free      shared  buff/cache   available
Mem:            62Gi        28Gi       3.0Gi       340Mi        30Gi        32Gi
Swap:          8.0Gi       3.0Mi       8.0Gi
---------------------------------
[2024-10-30 17:34:51] Memory change detected: 117 MB
               total        used        free      shared  buff/cache   available
Mem:            62Gi        29Gi       2.9Gi       340Mi        30Gi        32Gi
Swap:          8.0Gi       3.0Mi       8.0Gi
---------------------------------
[2024-10-30 17:34:51] Memory change detected: 102 MB
               total        used        free      shared  buff/cache   available
Mem:            62Gi        29Gi       2.8Gi       340Mi        30Gi        32Gi
Swap:          8.0Gi       3.0Mi       8.0Gi
---------------------------------
[2024-10-30 17:34:52] Memory change detected: 121 MB
               total        used        free      shared  buff/cache   available
Mem:            62Gi        29Gi       2.6Gi       340Mi        30Gi        32Gi
Swap:          8.0Gi       3.0Mi       8.0Gi
---------------------------------
[2024-10-30 17:34:52] Memory change detected: 191 MB
               total        used        free      shared  buff/cache   available
Mem:            62Gi        29Gi       2.4Gi       340Mi        30Gi        31Gi
Swap:          8.0Gi       3.0Mi       8.0Gi
---------------------------------
[2024-10-30 17:34:52] Memory change detected: 345 MB
               total        used        free      shared  buff/cache   available
Mem:            62Gi        29Gi       2.2Gi       340Mi        30Gi        31Gi
Swap:          8.0Gi       3.0Mi       8.0Gi
---------------------------------
[2024-10-30 17:34:52] Memory change detected: 373 MB
               total        used        free      shared  buff/cache   available
Mem:            62Gi        30Gi       1.6Gi       340Mi        30Gi        31Gi
Swap:          8.0Gi       3.0Mi       8.0Gi
---------------------------------
[2024-10-30 17:34:52] Memory change detected: 165 MB
               total        used        free      shared  buff/cache   available
Mem:            62Gi        30Gi       1.6Gi       340Mi        30Gi        31Gi
Swap:          8.0Gi       3.0Mi       8.0Gi
---------------------------------
[2024-10-30 17:34:52] Memory change detected: -487 MB
               total        used        free      shared  buff/cache   available
Mem:            62Gi        29Gi       2.1Gi       340Mi        30Gi        31Gi
Swap:          8.0Gi       3.0Mi       8.0Gi
---------------------------------
[2024-10-30 17:34:52] Memory change detected: 122 MB
               total        used        free      shared  buff/cache   available
Mem:            62Gi        29Gi       2.0Gi       340Mi        30Gi        31Gi
Swap:          8.0Gi       3.0Mi       8.0Gi
---------------------------------
[2024-10-30 17:34:53] Memory change detected: 138 MB
               total        used        free      shared  buff/cache   available
Mem:            62Gi        30Gi       1.8Gi       340Mi        30Gi        31Gi
Swap:          8.0Gi       3.0Mi       8.0Gi
---------------------------------
[2024-10-30 17:34:53] Memory change detected: -176 MB
               total        used        free      shared  buff/cache   available
Mem:            62Gi        29Gi       2.2Gi       340Mi        30Gi        31Gi
Swap:          8.0Gi       3.0Mi       8.0Gi
---------------------------------
[2024-10-30 17:34:54] Memory change detected: -686 MB
               total        used        free      shared  buff/cache   available
Mem:            62Gi        29Gi       2.7Gi       340Mi        30Gi        32Gi
Swap:          8.0Gi       3.0Mi       8.0Gi
---------------------------------
[2024-10-30 17:34:55] Memory change detected: -281 MB
               total        used        free      shared  buff/cache   available
Mem:            62Gi        28Gi       3.1Gi       340Mi        30Gi        32Gi
Swap:          8.0Gi       3.0Mi       8.0Gi
---------------------------------
[2024-10-30 17:34:55] Memory change detected: -712 MB
               total        used        free      shared  buff/cache   available
Mem:            62Gi        28Gi       3.8Gi       340Mi        30Gi        33Gi
Swap:          8.0Gi       3.0Mi       8.0Gi
---------------------------------
[2024-10-30 17:34:55] Memory change detected: -173 MB
               total        used        free      shared  buff/cache   available
Mem:            62Gi        28Gi       3.8Gi       340Mi        30Gi        33Gi
Swap:          8.0Gi       3.0Mi       8.0Gi
---------------------------------
[2024-10-30 17:34:55] Memory change detected: -103 MB
               total        used        free      shared  buff/cache   available
Mem:            62Gi        28Gi       3.9Gi       340Mi        30Gi        33Gi
Swap:          8.0Gi       3.0Mi       8.0Gi
---------------------------------
[2024-10-30 17:35:20] Memory change detected: -100 MB
               total        used        free      shared  buff/cache   available
Mem:            62Gi        27Gi       4.0Gi       340Mi        30Gi        33Gi
Swap:          8.0Gi       3.0Mi       8.0Gi
---------------------------------
[2024-10-30 17:36:05] Memory change detected: 119 MB
               total        used        free      shared  buff/cache   available
Mem:            62Gi        28Gi       3.9Gi       350Mi        30Gi        33Gi
Swap:          8.0Gi       3.0Mi       8.0Gi
---------------------------------
[2024-10-30 17:36:07] Memory change detected: 126 MB
               total        used        free      shared  buff/cache   available
Mem:            62Gi        28Gi       3.7Gi       352Mi        30Gi        33Gi
Swap:          8.0Gi       3.0Mi       8.0Gi
---------------------------------
[2024-10-30 17:36:08] Memory change detected: 104 MB
               total        used        free      shared  buff/cache   available
Mem:            62Gi        28Gi       3.6Gi       352Mi        30Gi        33Gi
Swap:          8.0Gi       3.0Mi       8.0Gi
---------------------------------
[2024-10-30 17:36:08] Memory change detected: 109 MB
               total        used        free      shared  buff/cache   available
Mem:            62Gi        28Gi       3.6Gi       352Mi        30Gi        33Gi
Swap:          8.0Gi       3.0Mi       8.0Gi
---------------------------------
[2024-10-30 17:36:08] Memory change detected: 234 MB
               total        used        free      shared  buff/cache   available
Mem:            62Gi        28Gi       3.3Gi       352Mi        30Gi        32Gi
Swap:          8.0Gi       3.0Mi       8.0Gi
---------------------------------
[2024-10-30 17:36:09] Memory change detected: 101 MB
               total        used        free      shared  buff/cache   available
Mem:            62Gi        28Gi       3.2Gi       350Mi        30Gi        32Gi
Swap:          8.0Gi       3.0Mi       8.0Gi
---------------------------------
[2024-10-30 17:36:09] Memory change detected: 105 MB
               total        used        free      shared  buff/cache   available
Mem:            62Gi        28Gi       3.1Gi       346Mi        30Gi        32Gi
Swap:          8.0Gi       3.0Mi       8.0Gi
---------------------------------
[2024-10-30 17:36:09] Memory change detected: 104 MB
               total        used        free      shared  buff/cache   available
Mem:            62Gi        28Gi       3.0Gi       347Mi        30Gi        32Gi
Swap:          8.0Gi       3.0Mi       8.0Gi
---------------------------------
[2024-10-30 17:36:10] Memory change detected: 119 MB
               total        used        free      shared  buff/cache   available
Mem:            62Gi        28Gi       3.0Gi       346Mi        30Gi        32Gi
Swap:          8.0Gi       3.0Mi       8.0Gi
---------------------------------
[2024-10-30 17:36:10] Memory change detected: 105 MB
               total        used        free      shared  buff/cache   available
Mem:            62Gi        29Gi       2.9Gi       347Mi        30Gi        32Gi
Swap:          8.0Gi       3.0Mi       8.0Gi
---------------------------------
[2024-10-30 17:36:11] Memory change detected: 123 MB
               total        used        free      shared  buff/cache   available
Mem:            62Gi        29Gi       2.7Gi       346Mi        30Gi        32Gi
Swap:          8.0Gi       3.0Mi       8.0Gi
---------------------------------
[2024-10-30 17:36:12] Memory change detected: 108 MB
               total        used        free      shared  buff/cache   available
Mem:            62Gi        29Gi       2.6Gi       346Mi        30Gi        32Gi
Swap:          8.0Gi       3.0Mi       8.0Gi
---------------------------------
[2024-10-30 17:36:12] Memory change detected: 107 MB
               total        used        free      shared  buff/cache   available
Mem:            62Gi        29Gi       2.5Gi       346Mi        30Gi        31Gi
Swap:          8.0Gi       3.0Mi       8.0Gi
---------------------------------
[2024-10-30 17:36:12] Memory change detected: -106 MB
               total        used        free      shared  buff/cache   available
Mem:            62Gi        29Gi       2.5Gi       346Mi        30Gi        32Gi
Swap:          8.0Gi       3.0Mi       8.0Gi
---------------------------------
[2024-10-30 17:36:12] Memory change detected: 196 MB
               total        used        free      shared  buff/cache   available
Mem:            62Gi        29Gi       2.5Gi       346Mi        30Gi        31Gi
Swap:          8.0Gi       3.0Mi       8.0Gi
---------------------------------
[2024-10-30 17:36:13] Memory change detected: 101 MB
               total        used        free      shared  buff/cache   available
Mem:            62Gi        29Gi       2.3Gi       346Mi        30Gi        31Gi
Swap:          8.0Gi       3.0Mi       8.0Gi
---------------------------------
[2024-10-30 17:36:14] Memory change detected: 119 MB
               total        used        free      shared  buff/cache   available
Mem:            62Gi        29Gi       2.2Gi       346Mi        30Gi        31Gi
Swap:          8.0Gi       3.0Mi       8.0Gi
---------------------------------
[2024-10-30 17:36:15] Memory change detected: 102 MB
               total        used        free      shared  buff/cache   available
Mem:            62Gi        29Gi       2.1Gi       346Mi        30Gi        31Gi
Swap:          8.0Gi       3.0Mi       8.0Gi
---------------------------------
[2024-10-30 17:36:15] Memory change detected: -206 MB
               total        used        free      shared  buff/cache   available
Mem:            62Gi        29Gi       2.3Gi       346Mi        30Gi        31Gi
Swap:          8.0Gi       3.0Mi       8.0Gi
---------------------------------
[2024-10-30 17:36:15] Memory change detected: 114 MB
               total        used        free      shared  buff/cache   available
Mem:            62Gi        29Gi       2.2Gi       346Mi        30Gi        31Gi
Swap:          8.0Gi       3.0Mi       8.0Gi
---------------------------------
[2024-10-30 17:36:16] Memory change detected: 123 MB
               total        used        free      shared  buff/cache   available
Mem:            62Gi        29Gi       2.0Gi       344Mi        30Gi        31Gi
Swap:          8.0Gi       3.0Mi       8.0Gi
---------------------------------
[2024-10-30 17:36:17] Memory change detected: 102 MB
               total        used        free      shared  buff/cache   available
Mem:            62Gi        30Gi       1.9Gi       344Mi        30Gi        31Gi
Swap:          8.0Gi       3.0Mi       8.0Gi
---------------------------------
[2024-10-30 17:36:17] Memory change detected: 208 MB
               total        used        free      shared  buff/cache   available
Mem:            62Gi        30Gi       1.8Gi       344Mi        30Gi        31Gi
Swap:          8.0Gi       3.0Mi       8.0Gi
---------------------------------
[2024-10-30 17:36:18] Memory change detected: -122 MB
               total        used        free      shared  buff/cache   available
Mem:            62Gi        30Gi       1.9Gi       344Mi        30Gi        31Gi
Swap:          8.0Gi       3.0Mi       8.0Gi
---------------------------------
[2024-10-30 17:36:18] Memory change detected: -135 MB
               total        used        free      shared  buff/cache   available
Mem:            62Gi        29Gi       2.0Gi       344Mi        30Gi        31Gi
Swap:          8.0Gi       3.0Mi       8.0Gi
---------------------------------
[2024-10-30 17:36:19] Memory change detected: 106 MB
               total        used        free      shared  buff/cache   available
Mem:            62Gi        30Gi       1.9Gi       344Mi        30Gi        31Gi
Swap:          8.0Gi       3.0Mi       8.0Gi
---------------------------------
[2024-10-30 17:36:20] Memory change detected: 143 MB
               total        used        free      shared  buff/cache   available
Mem:            62Gi        30Gi       1.8Gi       344Mi        30Gi        31Gi
Swap:          8.0Gi       3.0Mi       8.0Gi
---------------------------------
[2024-10-30 17:36:21] Memory change detected: 136 MB
               total        used        free      shared  buff/cache   available
Mem:            62Gi        30Gi       1.6Gi       344Mi        30Gi        31Gi
Swap:          8.0Gi       3.0Mi       8.0Gi
---------------------------------
[2024-10-30 17:36:40] Memory change detected: -102 MB
               total        used        free      shared  buff/cache   available
Mem:            62Gi        30Gi       1.7Gi       344Mi        30Gi        31Gi
Swap:          8.0Gi       3.0Mi       8.0Gi
---------------------------------
[2024-10-30 17:36:57] Memory change detected: -101 MB
               total        used        free      shared  buff/cache   available
Mem:            62Gi        30Gi       1.8Gi       344Mi        30Gi        31Gi
Swap:          8.0Gi       3.0Mi       8.0Gi
---------------------------------
[2024-10-30 17:37:10] Memory change detected: -105 MB
               total        used        free      shared  buff/cache   available
Mem:            62Gi        30Gi       1.9Gi       340Mi        30Gi        31Gi
Swap:          8.0Gi       3.0Mi       8.0Gi
---------------------------------
[2024-10-30 17:38:32] Memory change detected: 108 MB
               total        used        free      shared  buff/cache   available
Mem:            62Gi        30Gi       1.8Gi       342Mi        30Gi        31Gi
Swap:          8.0Gi       3.0Mi       8.0Gi
---------------------------------
[2024-10-30 17:38:33] Memory change detected: 163 MB
               total        used        free      shared  buff/cache   available
Mem:            62Gi        30Gi       1.6Gi       342Mi        30Gi        31Gi
Swap:          8.0Gi       3.0Mi       8.0Gi
---------------------------------
[2024-10-30 17:38:33] Memory change detected: 127 MB
               total        used        free      shared  buff/cache   available
Mem:            62Gi        30Gi       1.5Gi       348Mi        30Gi        31Gi
Swap:          8.0Gi       3.0Mi       8.0Gi
---------------------------------
[2024-10-30 17:38:34] Memory change detected: 265 MB
               total        used        free      shared  buff/cache   available
Mem:            62Gi        30Gi       1.2Gi       348Mi        30Gi        30Gi
Swap:          8.0Gi       3.0Mi       8.0Gi
---------------------------------
[2024-10-30 17:38:34] Memory change detected: 212 MB
               total        used        free      shared  buff/cache   available
Mem:            62Gi        30Gi       1.0Gi       348Mi        30Gi        30Gi
Swap:          8.0Gi       3.0Mi       8.0Gi
---------------------------------
[2024-10-30 17:38:34] Memory change detected: -158 MB
               total        used        free      shared  buff/cache   available
Mem:            62Gi        30Gi       1.2Gi       348Mi        30Gi        30Gi
Swap:          8.0Gi       3.0Mi       8.0Gi
---------------------------------
[2024-10-30 17:38:34] Memory change detected: 252 MB
               total        used        free      shared  buff/cache   available
Mem:            62Gi        31Gi       953Mi       348Mi        30Gi        30Gi
Swap:          8.0Gi       3.0Mi       8.0Gi
---------------------------------
[2024-10-30 17:38:34] Memory change detected: 289 MB
               total        used        free      shared  buff/cache   available
Mem:            62Gi        31Gi       1.0Gi       348Mi        30Gi        30Gi
Swap:          8.0Gi       3.0Mi       8.0Gi
---------------------------------
[2024-10-30 17:38:34] Memory change detected: 157 MB
               total        used        free      shared  buff/cache   available
Mem:            62Gi        31Gi       1.1Gi       348Mi        29Gi        30Gi
Swap:          8.0Gi       3.0Mi       8.0Gi
---------------------------------
[2024-10-30 17:38:34] Memory change detected: 114 MB
               total        used        free      shared  buff/cache   available
Mem:            62Gi        31Gi       1.0Gi       348Mi        29Gi        29Gi
Swap:          8.0Gi       3.0Mi       8.0Gi
---------------------------------
[2024-10-30 17:38:34] Memory change detected: 126 MB
               total        used        free      shared  buff/cache   available
Mem:            62Gi        31Gi       1.1Gi       348Mi        29Gi        29Gi
Swap:          8.0Gi       3.0Mi       8.0Gi
---------------------------------
[2024-10-30 17:38:35] Memory change detected: 112 MB
               total        used        free      shared  buff/cache   available
Mem:            62Gi        31Gi       988Mi       348Mi        29Gi        29Gi
Swap:          8.0Gi       3.0Mi       8.0Gi
---------------------------------
[2024-10-30 17:38:35] Memory change detected: 276 MB
               total        used        free      shared  buff/cache   available
Mem:            62Gi        32Gi       1.0Gi       347Mi        29Gi        29Gi
Swap:          8.0Gi       3.0Mi       8.0Gi
---------------------------------
[2024-10-30 17:38:35] Memory change detected: 216 MB
               total        used        free      shared  buff/cache   available
Mem:            62Gi        32Gi       1.0Gi       347Mi        29Gi        29Gi
Swap:          8.0Gi       3.0Mi       8.0Gi
---------------------------------
[2024-10-30 17:38:35] Memory change detected: 366 MB
               total        used        free      shared  buff/cache   available
Mem:            62Gi        32Gi       710Mi       348Mi        29Gi        28Gi
Swap:          8.0Gi       3.0Mi       8.0Gi
---------------------------------
[2024-10-30 17:38:36] Memory change detected: 164 MB
               total        used        free      shared  buff/cache   available
Mem:            62Gi        32Gi       817Mi       348Mi        28Gi        28Gi
Swap:          8.0Gi       3.0Mi       8.0Gi
---------------------------------
[2024-10-30 17:38:36] Memory change detected: -501 MB
               total        used        free      shared  buff/cache   available
Mem:            62Gi        32Gi       1.3Gi       348Mi        28Gi        29Gi
Swap:          8.0Gi       3.0Mi       8.0Gi
---------------------------------
[2024-10-30 17:38:36] Memory change detected: 177 MB
               total        used        free      shared  buff/cache   available
Mem:            62Gi        32Gi       1.2Gi       347Mi        28Gi        29Gi
Swap:          8.0Gi       3.0Mi       8.0Gi
---------------------------------
[2024-10-30 17:38:38] Memory change detected: -593 MB
               total        used        free      shared  buff/cache   available
Mem:            62Gi        31Gi       1.7Gi       348Mi        28Gi        29Gi
Swap:          8.0Gi       3.0Mi       8.0Gi
---------------------------------
[2024-10-30 17:38:42] Memory change detected: 109 MB
               total        used        free      shared  buff/cache   available
Mem:            62Gi        31Gi       1.7Gi       348Mi        28Gi        29Gi
Swap:          8.0Gi       3.0Mi       8.0Gi
---------------------------------
[2024-10-30 17:38:42] Memory change detected: -117 MB
               total        used        free      shared  buff/cache   available
Mem:            62Gi        31Gi       1.7Gi       357Mi        28Gi        29Gi
Swap:          8.0Gi       3.0Mi       8.0Gi
---------------------------------
[2024-10-30 17:38:56] Memory change detected: 122 MB
               total        used        free      shared  buff/cache   available
Mem:            62Gi        31Gi       1.6Gi       354Mi        28Gi        29Gi
Swap:          8.0Gi       3.0Mi       8.0Gi
---------------------------------
[2024-10-30 17:38:57] Memory change detected: 104 MB
               total        used        free      shared  buff/cache   available
Mem:            62Gi        32Gi       1.4Gi       352Mi        28Gi        29Gi
Swap:          8.0Gi       3.0Mi       8.0Gi
---------------------------------
[2024-10-30 17:39:03] Memory change detected: 246 MB
               total        used        free      shared  buff/cache   available
Mem:            62Gi        32Gi       1.1Gi       352Mi        29Gi        29Gi
Swap:          8.0Gi       3.0Mi       8.0Gi
---------------------------------
[2024-10-30 17:39:13] Memory change detected: 115 MB
               total        used        free      shared  buff/cache   available
Mem:            62Gi        32Gi       1.1Gi       359Mi        29Gi        29Gi
Swap:          8.0Gi       3.0Mi       8.0Gi
---------------------------------
[2024-10-30 17:39:15] Memory change detected: 100 MB
               total        used        free      shared  buff/cache   available
Mem:            62Gi        32Gi       1.0Gi       358Mi        29Gi        28Gi
Swap:          8.0Gi       3.0Mi       8.0Gi
---------------------------------
[2024-10-30 17:39:18] Memory change detected: 152 MB
               total        used        free      shared  buff/cache   available
Mem:            62Gi        32Gi       994Mi       355Mi        29Gi        28Gi
Swap:          8.0Gi       3.0Mi       8.0Gi
---------------------------------
[2024-10-30 17:39:19] Memory change detected: 124 MB
               total        used        free      shared  buff/cache   available
Mem:            62Gi        32Gi       728Mi       355Mi        29Gi        28Gi
Swap:          8.0Gi       3.0Mi       8.0Gi
---------------------------------
[2024-10-30 17:39:19] Memory change detected: 162 MB
               total        used        free      shared  buff/cache   available
Mem:            62Gi        32Gi       676Mi       356Mi        28Gi        28Gi
Swap:          8.0Gi       3.0Mi       8.0Gi
---------------------------------
[2024-10-30 17:39:19] Memory change detected: 163 MB
               total        used        free      shared  buff/cache   available
Mem:            62Gi        33Gi       790Mi       356Mi        28Gi        28Gi
Swap:          8.0Gi       3.0Mi       8.0Gi
---------------------------------
[2024-10-30 17:39:19] Memory change detected: 113 MB
               total        used        free      shared  buff/cache   available
Mem:            62Gi        33Gi       787Mi       356Mi        28Gi        28Gi
Swap:          8.0Gi       3.0Mi       8.0Gi
---------------------------------
[2024-10-30 17:39:19] Memory change detected: 129 MB
               total        used        free      shared  buff/cache   available
Mem:            62Gi        33Gi       747Mi       356Mi        28Gi        28Gi
Swap:          8.0Gi       3.0Mi       8.0Gi
---------------------------------
[2024-10-30 17:39:20] Memory change detected: 145 MB
               total        used        free      shared  buff/cache   available
Mem:            62Gi        33Gi       746Mi       356Mi        28Gi        27Gi
Swap:          8.0Gi       3.0Mi       8.0Gi
---------------------------------
[2024-10-30 17:39:20] Memory change detected: 101 MB
               total        used        free      shared  buff/cache   available
Mem:            62Gi        33Gi       680Mi       356Mi        28Gi        27Gi
Swap:          8.0Gi       3.0Mi       8.0Gi
---------------------------------
[2024-10-30 17:39:20] Memory change detected: 138 MB
               total        used        free      shared  buff/cache   available
Mem:            62Gi        33Gi       770Mi       356Mi        28Gi        27Gi
Swap:          8.0Gi       3.0Mi       8.0Gi
---------------------------------
[2024-10-30 17:39:20] Memory change detected: 146 MB
               total        used        free      shared  buff/cache   available
Mem:            62Gi        33Gi       743Mi       356Mi        27Gi        27Gi
Swap:          8.0Gi       3.0Mi       8.0Gi
---------------------------------
[2024-10-30 17:39:20] Memory change detected: 144 MB
               total        used        free      shared  buff/cache   available
Mem:            62Gi        33Gi       801Mi       356Mi        27Gi        27Gi
Swap:          8.0Gi       3.0Mi       8.0Gi
---------------------------------
[2024-10-30 17:39:20] Memory change detected: 108 MB
               total        used        free      shared  buff/cache   available
Mem:            62Gi        34Gi       748Mi       356Mi        27Gi        27Gi
Swap:          8.0Gi       3.0Mi       8.0Gi
---------------------------------
[2024-10-30 17:39:20] Memory change detected: -182 MB
               total        used        free      shared  buff/cache   available
Mem:            62Gi        33Gi       922Mi       356Mi        27Gi        27Gi
Swap:          8.0Gi       3.0Mi       8.0Gi
---------------------------------
[2024-10-30 17:39:21] Memory change detected: 206 MB
               total        used        free      shared  buff/cache   available
Mem:            62Gi        34Gi       700Mi       356Mi        27Gi        27Gi
Swap:          8.0Gi       3.0Mi       8.0Gi
---------------------------------
[2024-10-30 17:39:21] Memory change detected: 214 MB
               total        used        free      shared  buff/cache   available
Mem:            62Gi        34Gi       688Mi       356Mi        27Gi        27Gi
Swap:          8.0Gi       3.0Mi       8.0Gi
---------------------------------
[2024-10-30 17:39:21] Memory change detected: 235 MB
               total        used        free      shared  buff/cache   available
Mem:            62Gi        34Gi       737Mi       356Mi        27Gi        26Gi
Swap:          8.0Gi       3.0Mi       8.0Gi
---------------------------------
[2024-10-30 17:39:21] Memory change detected: -200 MB
               total        used        free      shared  buff/cache   available
Mem:            62Gi        34Gi       1.2Gi       356Mi        27Gi        27Gi
Swap:          8.0Gi       3.0Mi       8.0Gi
---------------------------------
[2024-10-30 17:39:21] Memory change detected: 169 MB
               total        used        free      shared  buff/cache   available
Mem:            62Gi        34Gi       804Mi       356Mi        27Gi        26Gi
Swap:          8.0Gi       3.0Mi       8.0Gi
---------------------------------
[2024-10-30 17:39:21] Memory change detected: 165 MB
               total        used        free      shared  buff/cache   available
Mem:            62Gi        34Gi       684Mi       356Mi        27Gi        26Gi
Swap:          8.0Gi       3.0Mi       8.0Gi
---------------------------------
[2024-10-30 17:39:22] Memory change detected: 130 MB
               total        used        free      shared  buff/cache   available
Mem:            62Gi        34Gi       813Mi       356Mi        26Gi        26Gi
Swap:          8.0Gi       3.0Mi       8.0Gi
---------------------------------
[2024-10-30 17:39:22] Memory change detected: -307 MB
               total        used        free      shared  buff/cache   available
Mem:            62Gi        34Gi       1.4Gi       356Mi        26Gi        27Gi
Swap:          8.0Gi       3.0Mi       8.0Gi
---------------------------------
[2024-10-30 17:39:22] Memory change detected: -506 MB
               total        used        free      shared  buff/cache   available
Mem:            62Gi        34Gi       1.6Gi       356Mi        26Gi        27Gi
Swap:          8.0Gi       3.0Mi       8.0Gi
---------------------------------
[2024-10-30 17:39:30] Memory change detected: 140 MB
               total        used        free      shared  buff/cache   available
Mem:            62Gi        34Gi       1.5Gi       363Mi        26Gi        27Gi
Swap:          8.0Gi       3.0Mi       8.0Gi
---------------------------------
[2024-10-30 17:39:30] Memory change detected: 101 MB
               total        used        free      shared  buff/cache   available
Mem:            62Gi        34Gi       1.3Gi       365Mi        26Gi        27Gi
Swap:          8.0Gi       3.0Mi       8.0Gi
---------------------------------
[2024-10-30 17:39:30] Memory change detected: 114 MB
               total        used        free      shared  buff/cache   available
Mem:            62Gi        34Gi       1.2Gi       365Mi        26Gi        27Gi
Swap:          8.0Gi       3.0Mi       8.0Gi
---------------------------------
[2024-10-30 17:39:31] Memory change detected: 121 MB
               total        used        free      shared  buff/cache   available
Mem:            62Gi        34Gi       1.0Gi       365Mi        26Gi        26Gi
Swap:          8.0Gi       3.0Mi       8.0Gi
---------------------------------
[2024-10-30 17:39:31] Memory change detected: 111 MB
               total        used        free      shared  buff/cache   available
Mem:            62Gi        34Gi       972Mi       365Mi        26Gi        26Gi
Swap:          8.0Gi       3.0Mi       8.0Gi
---------------------------------
[2024-10-30 17:39:31] Memory change detected: 143 MB
               total        used        free      shared  buff/cache   available
Mem:            62Gi        34Gi       841Mi       364Mi        26Gi        26Gi
Swap:          8.0Gi       3.0Mi       8.0Gi
---------------------------------
[2024-10-30 17:39:31] Memory change detected: 104 MB
               total        used        free      shared  buff/cache   available
Mem:            62Gi        34Gi       726Mi       365Mi        26Gi        26Gi
Swap:          8.0Gi       3.0Mi       8.0Gi
---------------------------------
[2024-10-30 17:39:32] Memory change detected: 103 MB
               total        used        free      shared  buff/cache   available
Mem:            62Gi        34Gi       939Mi       365Mi        26Gi        26Gi
Swap:          8.0Gi       3.0Mi       8.0Gi
---------------------------------
[2024-10-30 17:39:32] Memory change detected: 115 MB
               total        used        free      shared  buff/cache   available
Mem:            62Gi        35Gi       834Mi       365Mi        26Gi        26Gi
Swap:          8.0Gi       3.0Mi       8.0Gi
---------------------------------
[2024-10-30 17:39:32] Memory change detected: 107 MB
               total        used        free      shared  buff/cache   available
Mem:            62Gi        35Gi       725Mi       363Mi        26Gi        26Gi
Swap:          8.0Gi       3.0Mi       8.0Gi
---------------------------------
[2024-10-30 17:39:32] Memory change detected: 129 MB
               total        used        free      shared  buff/cache   available
Mem:            62Gi        35Gi       702Mi       369Mi        26Gi        26Gi
Swap:          8.0Gi       3.0Mi       8.0Gi
---------------------------------
[2024-10-30 17:39:33] Memory change detected: 107 MB
               total        used        free      shared  buff/cache   available
Mem:            62Gi        35Gi       747Mi       371Mi        26Gi        26Gi
Swap:          8.0Gi       3.0Mi       8.0Gi
---------------------------------
[2024-10-30 17:39:33] Memory change detected: 109 MB
               total        used        free      shared  buff/cache   available
Mem:            62Gi        35Gi       917Mi       371Mi        26Gi        25Gi
Swap:          8.0Gi       3.0Mi       8.0Gi
---------------------------------
[2024-10-30 17:39:33] Memory change detected: 120 MB
               total        used        free      shared  buff/cache   available
Mem:            62Gi        35Gi       855Mi       371Mi        26Gi        25Gi
Swap:          8.0Gi       3.0Mi       8.0Gi
---------------------------------
[2024-10-30 17:39:33] Memory change detected: 155 MB
               total        used        free      shared  buff/cache   available
Mem:            62Gi        35Gi       761Mi       371Mi        25Gi        25Gi
Swap:          8.0Gi       3.0Mi       8.0Gi
---------------------------------
[2024-10-30 17:39:34] Memory change detected: 127 MB
               total        used        free      shared  buff/cache   available
Mem:            62Gi        35Gi       893Mi       370Mi        25Gi        25Gi
Swap:          8.0Gi       3.0Mi       8.0Gi
---------------------------------
[2024-10-30 17:39:34] Memory change detected: 134 MB
               total        used        free      shared  buff/cache   available
Mem:            62Gi        36Gi       725Mi       370Mi        25Gi        25Gi
Swap:          8.0Gi       3.0Mi       8.0Gi
---------------------------------
[2024-10-30 17:39:34] Memory change detected: 140 MB
               total        used        free      shared  buff/cache   available
Mem:            62Gi        36Gi       949Mi       368Mi        25Gi        25Gi
Swap:          8.0Gi       3.0Mi       8.0Gi
---------------------------------
[2024-10-30 17:39:35] Memory change detected: 173 MB
               total        used        free      shared  buff/cache   available
Mem:            62Gi        36Gi       789Mi       367Mi        25Gi        25Gi
Swap:          8.0Gi       3.0Mi       8.0Gi
---------------------------------
[2024-10-30 17:39:35] Memory change detected: 136 MB
               total        used        free      shared  buff/cache   available
Mem:            62Gi        36Gi       882Mi       367Mi        25Gi        24Gi
Swap:          8.0Gi       3.0Mi       8.0Gi
---------------------------------
[2024-10-30 17:39:35] Memory change detected: 102 MB
               total        used        free      shared  buff/cache   available
Mem:            62Gi        36Gi       727Mi       367Mi        25Gi        24Gi
Swap:          8.0Gi       3.0Mi       8.0Gi
---------------------------------
[2024-10-30 17:39:35] Memory change detected: 108 MB
               total        used        free      shared  buff/cache   available
Mem:            62Gi        36Gi       867Mi       367Mi        24Gi        24Gi
Swap:          8.0Gi       3.0Mi       8.0Gi
---------------------------------
[2024-10-30 17:39:35] Memory change detected: 135 MB
               total        used        free      shared  buff/cache   available
Mem:            62Gi        36Gi       726Mi       363Mi        24Gi        24Gi
Swap:          8.0Gi       3.0Mi       8.0Gi
---------------------------------
[2024-10-30 17:39:36] Memory change detected: 162 MB
               total        used        free      shared  buff/cache   available
Mem:            62Gi        36Gi       735Mi       363Mi        24Gi        24Gi
Swap:          8.0Gi       3.0Mi       8.0Gi
---------------------------------
[2024-10-30 17:39:36] Memory change detected: 105 MB
               total        used        free      shared  buff/cache   available
Mem:            62Gi        37Gi       812Mi       363Mi        24Gi        24Gi
Swap:          8.0Gi       3.0Mi       8.0Gi
---------------------------------
[2024-10-30 17:39:36] Memory change detected: 103 MB
               total        used        free      shared  buff/cache   available
Mem:            62Gi        37Gi       742Mi       360Mi        24Gi        24Gi
Swap:          8.0Gi       3.0Mi       8.0Gi
---------------------------------
[2024-10-30 17:39:36] Memory change detected: 120 MB
               total        used        free      shared  buff/cache   available
Mem:            62Gi        37Gi       710Mi       360Mi        24Gi        24Gi
Swap:          8.0Gi       3.0Mi       8.0Gi
---------------------------------
[2024-10-30 17:39:36] Memory change detected: 108 MB
               total        used        free      shared  buff/cache   available
Mem:            62Gi        37Gi       744Mi       360Mi        24Gi        24Gi
Swap:          8.0Gi       3.0Mi       8.0Gi
---------------------------------
[2024-10-30 17:39:37] Memory change detected: 151 MB
               total        used        free      shared  buff/cache   available
Mem:            62Gi        37Gi       1.2Gi       360Mi        23Gi        23Gi
Swap:          8.0Gi       3.0Mi       8.0Gi
---------------------------------
[2024-10-30 17:39:37] Memory change detected: 190 MB
               total        used        free      shared  buff/cache   available
Mem:            62Gi        37Gi       1.2Gi       360Mi        23Gi        23Gi
Swap:          8.0Gi       3.0Mi       8.0Gi
---------------------------------
[2024-10-30 17:39:37] Memory change detected: -134 MB
               total        used        free      shared  buff/cache   available
Mem:            62Gi        37Gi       1.4Gi       360Mi        23Gi        23Gi
Swap:          8.0Gi       3.0Mi       8.0Gi
---------------------------------
[2024-10-30 17:39:37] Memory change detected: 154 MB
               total        used        free      shared  buff/cache   available
Mem:            62Gi        37Gi       1.2Gi       368Mi        23Gi        23Gi
Swap:          8.0Gi       3.0Mi       8.0Gi
---------------------------------
[2024-10-30 17:39:37] Memory change detected: 154 MB
               total        used        free      shared  buff/cache   available
Mem:            62Gi        37Gi       1.1Gi       368Mi        23Gi        23Gi
Swap:          8.0Gi       3.0Mi       8.0Gi
---------------------------------
[2024-10-30 17:39:38] Memory change detected: 100 MB
               total        used        free      shared  buff/cache   available
Mem:            62Gi        38Gi       957Mi       368Mi        23Gi        23Gi
Swap:          8.0Gi       3.0Mi       8.0Gi
---------------------------------
[2024-10-30 17:39:38] Memory change detected: 149 MB
               total        used        free      shared  buff/cache   available
Mem:            62Gi        38Gi       923Mi       367Mi        23Gi        23Gi
Swap:          8.0Gi       3.0Mi       8.0Gi
---------------------------------
[2024-10-30 17:39:38] Memory change detected: 186 MB
               total        used        free      shared  buff/cache   available
Mem:            62Gi        38Gi       1.1Gi       371Mi        23Gi        23Gi
Swap:          8.0Gi       3.0Mi       8.0Gi
---------------------------------
[2024-10-30 17:39:38] Memory change detected: 128 MB
               total        used        free      shared  buff/cache   available
Mem:            62Gi        38Gi       1.0Gi       371Mi        23Gi        22Gi
Swap:          8.0Gi       3.0Mi       8.0Gi
---------------------------------
[2024-10-30 17:39:38] Memory change detected: 131 MB
               total        used        free      shared  buff/cache   available
Mem:            62Gi        38Gi       1.2Gi       371Mi        22Gi        22Gi
Swap:          8.0Gi       3.0Mi       8.0Gi
---------------------------------
[2024-10-30 17:39:38] Memory change detected: 149 MB
               total        used        free      shared  buff/cache   available
Mem:            62Gi        38Gi       1.3Gi       371Mi        22Gi        22Gi
Swap:          8.0Gi       3.0Mi       8.0Gi
---------------------------------
[2024-10-30 17:39:39] Memory change detected: 188 MB
               total        used        free      shared  buff/cache   available
Mem:            62Gi        38Gi       1.1Gi       371Mi        22Gi        22Gi
Swap:          8.0Gi       3.0Mi       8.0Gi
---------------------------------
[2024-10-30 17:39:39] Memory change detected: 174 MB
               total        used        free      shared  buff/cache   available
Mem:            62Gi        39Gi       1.1Gi       373Mi        22Gi        22Gi
Swap:          8.0Gi       3.0Mi       8.0Gi
---------------------------------
[2024-10-30 17:39:39] Memory change detected: 112 MB
               total        used        free      shared  buff/cache   available
Mem:            62Gi        39Gi       1.0Gi       373Mi        22Gi        22Gi
Swap:          8.0Gi       3.0Mi       8.0Gi
---------------------------------
[2024-10-30 17:39:39] Memory change detected: 145 MB
               total        used        free      shared  buff/cache   available
Mem:            62Gi        39Gi       1.2Gi       372Mi        22Gi        22Gi
Swap:          8.0Gi       3.0Mi       8.0Gi
---------------------------------
[2024-10-30 17:39:39] Memory change detected: 218 MB
               total        used        free      shared  buff/cache   available
Mem:            62Gi        39Gi       1.2Gi       373Mi        21Gi        21Gi
Swap:          8.0Gi       3.0Mi       8.0Gi
---------------------------------
[2024-10-30 17:39:39] Memory change detected: 160 MB
               total        used        free      shared  buff/cache   available
Mem:            62Gi        39Gi       1.1Gi       373Mi        21Gi        21Gi
Swap:          8.0Gi       3.0Mi       8.0Gi
---------------------------------
[2024-10-30 17:39:39] Memory change detected: 126 MB
               total        used        free      shared  buff/cache   available
Mem:            62Gi        39Gi       1.1Gi       373Mi        21Gi        21Gi
Swap:          8.0Gi       3.0Mi       8.0Gi
---------------------------------
[2024-10-30 17:39:39] Memory change detected: 171 MB
               total        used        free      shared  buff/cache   available
Mem:            62Gi        40Gi       1.3Gi       373Mi        21Gi        21Gi
Swap:          8.0Gi       3.0Mi       8.0Gi
---------------------------------
[2024-10-30 17:39:40] Memory change detected: 160 MB
               total        used        free      shared  buff/cache   available
Mem:            62Gi        40Gi       1.1Gi       373Mi        21Gi        21Gi
Swap:          8.0Gi       3.0Mi       8.0Gi
---------------------------------
[2024-10-30 17:39:40] Memory change detected: 129 MB
               total        used        free      shared  buff/cache   available
Mem:            62Gi        40Gi       1.0Gi       382Mi        21Gi        21Gi
Swap:          8.0Gi       3.0Mi       8.0Gi
---------------------------------
[2024-10-30 17:39:40] Memory change detected: 274 MB
               total        used        free      shared  buff/cache   available
Mem:            62Gi        40Gi       1.2Gi       375Mi        20Gi        20Gi
Swap:          8.0Gi       3.0Mi       8.0Gi
---------------------------------
[2024-10-30 17:39:40] Memory change detected: 134 MB
               total        used        free      shared  buff/cache   available
Mem:            62Gi        40Gi       1.1Gi       378Mi        20Gi        20Gi
Swap:          8.0Gi       3.0Mi       8.0Gi
---------------------------------
[2024-10-30 17:39:40] Memory change detected: 114 MB
               total        used        free      shared  buff/cache   available
Mem:            62Gi        40Gi       1.1Gi       380Mi        20Gi        20Gi
Swap:          8.0Gi       3.0Mi       8.0Gi
---------------------------------
[2024-10-30 17:39:41] Memory change detected: 144 MB
               total        used        free      shared  buff/cache   available
Mem:            62Gi        40Gi       1.2Gi       381Mi        20Gi        20Gi
Swap:          8.0Gi       3.0Mi       8.0Gi
---------------------------------
[2024-10-30 17:39:41] Memory change detected: 104 MB
               total        used        free      shared  buff/cache   available
Mem:            62Gi        41Gi       1.1Gi       381Mi        20Gi        20Gi
Swap:          8.0Gi       3.0Mi       8.0Gi
---------------------------------
[2024-10-30 17:39:41] Memory change detected: 105 MB
               total        used        free      shared  buff/cache   available
Mem:            62Gi        41Gi       1.2Gi       380Mi        20Gi        20Gi
Swap:          8.0Gi       3.0Mi       8.0Gi
---------------------------------
[2024-10-30 17:39:41] Memory change detected: 134 MB
               total        used        free      shared  buff/cache   available
Mem:            62Gi        41Gi       1.1Gi       380Mi        20Gi        20Gi
Swap:          8.0Gi       3.0Mi       8.0Gi
---------------------------------
[2024-10-30 17:39:41] Memory change detected: 118 MB
               total        used        free      shared  buff/cache   available
Mem:            62Gi        41Gi       1.2Gi       380Mi        19Gi        20Gi
Swap:          8.0Gi       3.0Mi       8.0Gi
---------------------------------
[2024-10-30 17:39:42] Memory change detected: 155 MB
               total        used        free      shared  buff/cache   available
Mem:            62Gi        41Gi       1.2Gi       380Mi        19Gi        19Gi
Swap:          8.0Gi       3.0Mi       8.0Gi
---------------------------------
[2024-10-30 17:39:42] Memory change detected: 223 MB
               total        used        free      shared  buff/cache   available
Mem:            62Gi        41Gi       1.1Gi       377Mi        19Gi        19Gi
Swap:          8.0Gi       7.0Mi       8.0Gi
---------------------------------
[2024-10-30 17:39:42] Memory change detected: -555 MB
               total        used        free      shared  buff/cache   available
Mem:            62Gi        41Gi       1.7Gi       377Mi        19Gi        20Gi
Swap:          8.0Gi       7.0Mi       8.0Gi
---------------------------------
[2024-10-30 17:39:42] Memory change detected: 177 MB
               total        used        free      shared  buff/cache   available
Mem:            62Gi        41Gi       1.6Gi       377Mi        19Gi        20Gi
Swap:          8.0Gi       7.0Mi       8.0Gi
---------------------------------
[2024-10-30 17:39:43] Memory change detected: 140 MB
               total        used        free      shared  buff/cache   available
Mem:            62Gi        41Gi       1.4Gi       377Mi        19Gi        19Gi
Swap:          8.0Gi       7.0Mi       8.0Gi
---------------------------------
[2024-10-30 17:39:43] Memory change detected: 137 MB
               total        used        free      shared  buff/cache   available
Mem:            62Gi        41Gi       1.3Gi       377Mi        19Gi        19Gi
Swap:          8.0Gi       7.0Mi       8.0Gi
---------------------------------
[2024-10-30 17:39:43] Memory change detected: 119 MB
               total        used        free      shared  buff/cache   available
Mem:            62Gi        41Gi       1.2Gi       377Mi        19Gi        19Gi
Swap:          8.0Gi       7.0Mi       8.0Gi
---------------------------------
[2024-10-30 17:39:44] Memory change detected: 107 MB
               total        used        free      shared  buff/cache   available
Mem:            62Gi        41Gi       1.2Gi       377Mi        19Gi        19Gi
Swap:          8.0Gi       7.0Mi       8.0Gi
---------------------------------
[2024-10-30 17:39:44] Memory change detected: 123 MB
               total        used        free      shared  buff/cache   available
Mem:            62Gi        41Gi       1.5Gi       377Mi        19Gi        19Gi
Swap:          8.0Gi        12Mi       8.0Gi
---------------------------------
[2024-10-30 17:39:44] Memory change detected: 145 MB
               total        used        free      shared  buff/cache   available
Mem:            62Gi        42Gi       1.4Gi       377Mi        19Gi        19Gi
Swap:          8.0Gi        12Mi       8.0Gi
---------------------------------
[2024-10-30 17:39:45] Memory change detected: 118 MB
               total        used        free      shared  buff/cache   available
Mem:            62Gi        42Gi       1.3Gi       377Mi        19Gi        19Gi
Swap:          8.0Gi        12Mi       8.0Gi
---------------------------------
[2024-10-30 17:39:45] Memory change detected: 129 MB
               total        used        free      shared  buff/cache   available
Mem:            62Gi        42Gi       1.4Gi       377Mi        18Gi        18Gi
Swap:          8.0Gi        13Mi       8.0Gi
---------------------------------
[2024-10-30 17:39:45] Memory change detected: 117 MB
               total        used        free      shared  buff/cache   available
Mem:            62Gi        42Gi       1.4Gi       377Mi        18Gi        18Gi
Swap:          8.0Gi        13Mi       8.0Gi
---------------------------------
[2024-10-30 17:39:46] Memory change detected: 101 MB
               total        used        free      shared  buff/cache   available
Mem:            62Gi        42Gi       1.4Gi       377Mi        18Gi        18Gi
Swap:          8.0Gi        15Mi       8.0Gi
---------------------------------
[2024-10-30 17:39:46] Memory change detected: 100 MB
               total        used        free      shared  buff/cache   available
Mem:            62Gi        42Gi       1.4Gi       377Mi        18Gi        18Gi
Swap:          8.0Gi        16Mi       8.0Gi
---------------------------------
[2024-10-30 17:39:46] Memory change detected: 118 MB
               total        used        free      shared  buff/cache   available
Mem:            62Gi        42Gi       1.3Gi       377Mi        18Gi        18Gi
Swap:          8.0Gi        16Mi       8.0Gi
---------------------------------
[2024-10-30 17:39:46] Memory change detected: 137 MB
               total        used        free      shared  buff/cache   available
Mem:            62Gi        42Gi       1.4Gi       377Mi        18Gi        18Gi
Swap:          8.0Gi        17Mi       8.0Gi
---------------------------------
[2024-10-30 17:39:46] Memory change detected: 147 MB
               total        used        free      shared  buff/cache   available
Mem:            62Gi        43Gi       1.2Gi       379Mi        18Gi        18Gi
Swap:          8.0Gi        17Mi       8.0Gi
---------------------------------
[2024-10-30 17:39:47] Memory change detected: 107 MB
               total        used        free      shared  buff/cache   available
Mem:            62Gi        43Gi       1.4Gi       379Mi        17Gi        18Gi
Swap:          8.0Gi        17Mi       8.0Gi
---------------------------------
[2024-10-30 17:39:47] Memory change detected: 175 MB
               total        used        free      shared  buff/cache   available
Mem:            62Gi        43Gi       1.2Gi       377Mi        17Gi        17Gi
Swap:          8.0Gi        17Mi       8.0Gi
---------------------------------
[2024-10-30 17:39:47] Memory change detected: 143 MB
               total        used        free      shared  buff/cache   available
Mem:            62Gi        43Gi       1.1Gi       377Mi        17Gi        17Gi
Swap:          8.0Gi        17Mi       8.0Gi
---------------------------------
[2024-10-30 17:39:47] Memory change detected: 123 MB
               total        used        free      shared  buff/cache   available
Mem:            62Gi        43Gi       1.3Gi       377Mi        17Gi        17Gi
Swap:          8.0Gi        17Mi       8.0Gi
---------------------------------
[2024-10-30 17:39:47] Memory change detected: 176 MB
               total        used        free      shared  buff/cache   available
Mem:            62Gi        43Gi       1.2Gi       377Mi        17Gi        17Gi
Swap:          8.0Gi        17Mi       8.0Gi
---------------------------------
[2024-10-30 17:39:48] Memory change detected: 119 MB
               total        used        free      shared  buff/cache   available
Mem:            62Gi        43Gi       1.2Gi       377Mi        17Gi        17Gi
Swap:          8.0Gi        18Mi       8.0Gi
---------------------------------
[2024-10-30 17:39:48] Memory change detected: 158 MB
               total        used        free      shared  buff/cache   available
Mem:            62Gi        44Gi       1.1Gi       377Mi        17Gi        17Gi
Swap:          8.0Gi        18Mi       8.0Gi
---------------------------------
[2024-10-30 17:39:48] Memory change detected: 148 MB
               total        used        free      shared  buff/cache   available
Mem:            62Gi        44Gi       1.1Gi       377Mi        17Gi        17Gi
Swap:          8.0Gi        20Mi       8.0Gi
---------------------------------
[2024-10-30 17:39:48] Memory change detected: 129 MB
               total        used        free      shared  buff/cache   available
Mem:            62Gi        44Gi       1.0Gi       377Mi        17Gi        17Gi
Swap:          8.0Gi        38Mi       8.0Gi
---------------------------------
[2024-10-30 17:39:48] Memory change detected: -100 MB
               total        used        free      shared  buff/cache   available
Mem:            62Gi        44Gi       1.2Gi       380Mi        17Gi        17Gi
Swap:          8.0Gi       357Mi       7.7Gi
---------------------------------
[2024-10-30 17:39:49] Memory change detected: 105 MB
               total        used        free      shared  buff/cache   available
Mem:            62Gi        44Gi       1.0Gi       380Mi        17Gi        17Gi
Swap:          8.0Gi       357Mi       7.7Gi
---------------------------------
[2024-10-30 17:39:49] Memory change detected: 129 MB
               total        used        free      shared  buff/cache   available
Mem:            62Gi        44Gi       1.1Gi       380Mi        16Gi        16Gi
Swap:          8.0Gi       422Mi       7.6Gi
---------------------------------
[2024-10-30 17:39:49] Memory change detected: 127 MB
               total        used        free      shared  buff/cache   available
Mem:            62Gi        44Gi       1.1Gi       380Mi        16Gi        16Gi
Swap:          8.0Gi       422Mi       7.6Gi
---------------------------------
[2024-10-30 17:39:49] Memory change detected: 122 MB
               total        used        free      shared  buff/cache   available
Mem:            62Gi        44Gi       1.0Gi       379Mi        16Gi        16Gi
Swap:          8.0Gi       477Mi       7.5Gi
---------------------------------
[2024-10-30 17:39:49] Memory change detected: -101 MB
               total        used        free      shared  buff/cache   available
Mem:            62Gi        44Gi       1.2Gi       380Mi        16Gi        16Gi
Swap:          8.0Gi       636Mi       7.4Gi
---------------------------------
[2024-10-30 17:39:49] Memory change detected: 170 MB
               total        used        free      shared  buff/cache   available
Mem:            62Gi        44Gi       1.0Gi       380Mi        16Gi        16Gi
Swap:          8.0Gi       636Mi       7.4Gi
---------------------------------
[2024-10-30 17:39:50] Memory change detected: 100 MB
               total        used        free      shared  buff/cache   available
Mem:            62Gi        44Gi       1.1Gi       380Mi        16Gi        16Gi
Swap:          8.0Gi       780Mi       7.2Gi
---------------------------------
[2024-10-30 17:39:50] Memory change detected: -123 MB
               total        used        free      shared  buff/cache   available
Mem:            62Gi        44Gi       1.3Gi       380Mi        16Gi        16Gi
Swap:          8.0Gi       1.0Gi       7.0Gi
---------------------------------
[2024-10-30 17:39:50] Memory change detected: 138 MB
               total        used        free      shared  buff/cache   available
Mem:            62Gi        44Gi       1.2Gi       377Mi        16Gi        16Gi
Swap:          8.0Gi       1.1Gi       6.9Gi
---------------------------------
[2024-10-30 17:39:51] Memory change detected: 141 MB
               total        used        free      shared  buff/cache   available
Mem:            62Gi        45Gi       1.0Gi       377Mi        16Gi        16Gi
Swap:          8.0Gi       1.2Gi       6.8Gi
---------------------------------
[2024-10-30 17:39:51] Memory change detected: 161 MB
               total        used        free      shared  buff/cache   available
Mem:            62Gi        45Gi       1.0Gi       377Mi        16Gi        16Gi
Swap:          8.0Gi       1.3Gi       6.7Gi
---------------------------------
[2024-10-30 17:39:51] Memory change detected: -139 MB
               total        used        free      shared  buff/cache   available
Mem:            62Gi        44Gi       1.3Gi       376Mi        16Gi        15Gi
Swap:          8.0Gi       1.6Gi       6.4Gi
---------------------------------
[2024-10-30 17:39:51] Memory change detected: -122 MB
               total        used        free      shared  buff/cache   available
Mem:            62Gi        44Gi       1.4Gi       376Mi        16Gi        15Gi
Swap:          8.0Gi       1.7Gi       6.3Gi
---------------------------------
[2024-10-30 17:39:51] Memory change detected: 120 MB
               total        used        free      shared  buff/cache   available
Mem:            62Gi        45Gi       1.4Gi       376Mi        16Gi        16Gi
Swap:          8.0Gi       1.8Gi       6.2Gi
---------------------------------
[2024-10-30 17:39:52] Memory change detected: 121 MB
               total        used        free      shared  buff/cache   available
Mem:            62Gi        45Gi       1.8Gi       376Mi        15Gi        16Gi
Swap:          8.0Gi       1.8Gi       6.2Gi
---------------------------------
[2024-10-30 17:39:52] Memory change detected: 121 MB
               total        used        free      shared  buff/cache   available
Mem:            62Gi        45Gi       2.0Gi       376Mi        15Gi        16Gi
Swap:          8.0Gi       1.8Gi       6.1Gi
---------------------------------
[2024-10-30 17:39:52] Memory change detected: 165 MB
               total        used        free      shared  buff/cache   available
Mem:            62Gi        45Gi       1.8Gi       376Mi        15Gi        15Gi
Swap:          8.0Gi       1.8Gi       6.1Gi
---------------------------------
[2024-10-30 17:39:52] Memory change detected: 242 MB
               total        used        free      shared  buff/cache   available
Mem:            62Gi        45Gi       1.6Gi       375Mi        15Gi        15Gi
Swap:          8.0Gi       1.8Gi       6.1Gi
---------------------------------
[2024-10-30 17:39:52] Memory change detected: -310 MB
               total        used        free      shared  buff/cache   available
Mem:            62Gi        45Gi       1.9Gi       376Mi        15Gi        16Gi
Swap:          8.0Gi       1.8Gi       6.1Gi
---------------------------------
[2024-10-30 17:39:52] Memory change detected: 114 MB
               total        used        free      shared  buff/cache   available
Mem:            62Gi        45Gi       1.8Gi       363Mi        15Gi        15Gi
Swap:          8.0Gi       1.9Gi       6.1Gi
---------------------------------
[2024-10-30 17:39:53] Memory change detected: 109 MB
               total        used        free      shared  buff/cache   available
Mem:            62Gi        45Gi       1.7Gi       351Mi        15Gi        15Gi
Swap:          8.0Gi       1.9Gi       6.1Gi
---------------------------------
[2024-10-30 17:39:53] Memory change detected: 121 MB
               total        used        free      shared  buff/cache   available
Mem:            62Gi        45Gi       1.6Gi       345Mi        15Gi        15Gi
Swap:          8.0Gi       1.9Gi       6.1Gi
---------------------------------
[2024-10-30 17:39:53] Memory change detected: 109 MB
               total        used        free      shared  buff/cache   available
Mem:            62Gi        45Gi       1.5Gi       322Mi        15Gi        15Gi
Swap:          8.0Gi       1.9Gi       6.1Gi
---------------------------------
[2024-10-30 17:39:53] Memory change detected: 128 MB
               total        used        free      shared  buff/cache   available
Mem:            62Gi        45Gi       1.4Gi       302Mi        15Gi        15Gi
Swap:          8.0Gi       2.0Gi       6.0Gi
---------------------------------
[2024-10-30 17:39:54] Memory change detected: 127 MB
               total        used        free      shared  buff/cache   available
Mem:            62Gi        46Gi       1.3Gi       302Mi        15Gi        15Gi
Swap:          8.0Gi       2.0Gi       6.0Gi
---------------------------------
[2024-10-30 17:39:54] Memory change detected: 113 MB
               total        used        free      shared  buff/cache   available
Mem:            62Gi        46Gi       1.1Gi       300Mi        15Gi        15Gi
Swap:          8.0Gi       2.0Gi       6.0Gi
---------------------------------
[2024-10-30 17:39:54] Memory change detected: 220 MB
               total        used        free      shared  buff/cache   available
Mem:            62Gi        46Gi       994Mi       300Mi        15Gi        15Gi
Swap:          8.0Gi       2.1Gi       5.9Gi
---------------------------------
[2024-10-30 17:39:54] Memory change detected: -284 MB
               total        used        free      shared  buff/cache   available
Mem:            62Gi        46Gi       1.5Gi       300Mi        14Gi        15Gi
Swap:          8.0Gi       2.1Gi       5.9Gi
---------------------------------
[2024-10-30 17:39:54] Memory change detected: 102 MB
               total        used        free      shared  buff/cache   available
Mem:            62Gi        46Gi       1.4Gi       296Mi        14Gi        15Gi
Swap:          8.0Gi       2.1Gi       5.9Gi
---------------------------------
[2024-10-30 17:39:55] Memory change detected: 111 MB
               total        used        free      shared  buff/cache   available
Mem:            62Gi        46Gi       1.3Gi       300Mi        14Gi        15Gi
Swap:          8.0Gi       2.1Gi       5.9Gi
---------------------------------
[2024-10-30 17:39:55] Memory change detected: 104 MB
               total        used        free      shared  buff/cache   available
Mem:            62Gi        46Gi       1.4Gi       300Mi        14Gi        15Gi
Swap:          8.0Gi       2.1Gi       5.9Gi
---------------------------------
[2024-10-30 17:39:55] Memory change detected: 102 MB
               total        used        free      shared  buff/cache   available
Mem:            62Gi        46Gi       1.4Gi       300Mi        14Gi        14Gi
Swap:          8.0Gi       2.1Gi       5.9Gi
---------------------------------
[2024-10-30 17:39:55] Memory change detected: 134 MB
               total        used        free      shared  buff/cache   available
Mem:            62Gi        46Gi       1.5Gi       301Mi        14Gi        14Gi
Swap:          8.0Gi       2.1Gi       5.9Gi
---------------------------------
[2024-10-30 17:39:56] Memory change detected: 117 MB
               total        used        free      shared  buff/cache   available
Mem:            62Gi        46Gi       1.4Gi       304Mi        14Gi        14Gi
Swap:          8.0Gi       2.1Gi       5.9Gi
---------------------------------
[2024-10-30 17:39:56] Memory change detected: 110 MB
               total        used        free      shared  buff/cache   available
Mem:            62Gi        46Gi       1.4Gi       304Mi        14Gi        14Gi
Swap:          8.0Gi       2.1Gi       5.9Gi
---------------------------------
[2024-10-30 17:39:56] Memory change detected: 108 MB
               total        used        free      shared  buff/cache   available
Mem:            62Gi        46Gi       1.3Gi       304Mi        14Gi        14Gi
Swap:          8.0Gi       2.1Gi       5.9Gi
---------------------------------
[2024-10-30 17:39:56] Memory change detected: 119 MB
               total        used        free      shared  buff/cache   available
Mem:            62Gi        47Gi       1.2Gi       304Mi        14Gi        14Gi
Swap:          8.0Gi       2.1Gi       5.9Gi
---------------------------------
[2024-10-30 17:39:57] Memory change detected: 110 MB
               total        used        free      shared  buff/cache   available
Mem:            62Gi        47Gi       1.3Gi       303Mi        14Gi        14Gi
Swap:          8.0Gi       2.1Gi       5.9Gi
---------------------------------
[2024-10-30 17:39:57] Memory change detected: 122 MB
               total        used        free      shared  buff/cache   available
Mem:            62Gi        47Gi       1.3Gi       304Mi        13Gi        14Gi
Swap:          8.0Gi       2.1Gi       5.9Gi
---------------------------------
[2024-10-30 17:39:57] Memory change detected: 151 MB
               total        used        free      shared  buff/cache   available
Mem:            62Gi        47Gi       1.4Gi       303Mi        13Gi        14Gi
Swap:          8.0Gi       2.1Gi       5.9Gi
---------------------------------
[2024-10-30 17:39:57] Memory change detected: 177 MB
               total        used        free      shared  buff/cache   available
Mem:            62Gi        47Gi       1.1Gi       303Mi        13Gi        13Gi
Swap:          8.0Gi       2.1Gi       5.9Gi
---------------------------------
[2024-10-30 17:39:57] Memory change detected: 243 MB
               total        used        free      shared  buff/cache   available
Mem:            62Gi        47Gi       1.2Gi       300Mi        13Gi        13Gi
Swap:          8.0Gi       2.1Gi       5.9Gi
---------------------------------
[2024-10-30 17:39:57] Memory change detected: -310 MB
               total        used        free      shared  buff/cache   available
Mem:            62Gi        47Gi       1.7Gi       300Mi        13Gi        13Gi
Swap:          8.0Gi       2.1Gi       5.9Gi
---------------------------------
[2024-10-30 17:39:58] Memory change detected: 134 MB
               total        used        free      shared  buff/cache   available
Mem:            62Gi        47Gi       1.6Gi       301Mi        13Gi        13Gi
Swap:          8.0Gi       2.1Gi       5.9Gi
---------------------------------
[2024-10-30 17:39:58] Memory change detected: 118 MB
               total        used        free      shared  buff/cache   available
Mem:            62Gi        47Gi       1.5Gi       301Mi        13Gi        13Gi
Swap:          8.0Gi       2.1Gi       5.9Gi
---------------------------------
[2024-10-30 17:39:58] Memory change detected: 113 MB
               total        used        free      shared  buff/cache   available
Mem:            62Gi        47Gi       1.3Gi       301Mi        13Gi        13Gi
Swap:          8.0Gi       2.1Gi       5.9Gi
---------------------------------
[2024-10-30 17:39:59] Memory change detected: 126 MB
               total        used        free      shared  buff/cache   available
Mem:            62Gi        48Gi       1.4Gi       298Mi        13Gi        13Gi
Swap:          8.0Gi       2.1Gi       5.9Gi
---------------------------------
[2024-10-30 17:39:59] Memory change detected: 124 MB
               total        used        free      shared  buff/cache   available
Mem:            62Gi        48Gi       1.3Gi       298Mi        13Gi        13Gi
Swap:          8.0Gi       2.1Gi       5.9Gi
---------------------------------
[2024-10-30 17:39:59] Memory change detected: 117 MB
               total        used        free      shared  buff/cache   available
Mem:            62Gi        48Gi       1.3Gi       297Mi        12Gi        13Gi
Swap:          8.0Gi       2.1Gi       5.9Gi
---------------------------------
[2024-10-30 17:40:00] Memory change detected: 103 MB
               total        used        free      shared  buff/cache   available
Mem:            62Gi        48Gi       1.6Gi       297Mi        12Gi        13Gi
Swap:          8.0Gi       2.2Gi       5.8Gi
---------------------------------
[2024-10-30 17:40:00] Memory change detected: 133 MB
               total        used        free      shared  buff/cache   available
Mem:            62Gi        48Gi       2.0Gi       297Mi        11Gi        13Gi
Swap:          8.0Gi       2.2Gi       5.8Gi
---------------------------------
[2024-10-30 17:40:00] Memory change detected: 139 MB
               total        used        free      shared  buff/cache   available
Mem:            62Gi        48Gi       2.1Gi       292Mi        11Gi        12Gi
Swap:          8.0Gi       2.2Gi       5.8Gi
---------------------------------
[2024-10-30 17:40:01] Memory change detected: 132 MB
               total        used        free      shared  buff/cache   available
Mem:            62Gi        48Gi       2.1Gi       292Mi        11Gi        12Gi
Swap:          8.0Gi       2.2Gi       5.8Gi
---------------------------------
[2024-10-30 17:40:01] Memory change detected: 110 MB
               total        used        free      shared  buff/cache   available
Mem:            62Gi        48Gi       2.0Gi       292Mi        11Gi        12Gi
Swap:          8.0Gi       2.2Gi       5.8Gi
---------------------------------
[2024-10-30 17:40:01] Memory change detected: 101 MB
               total        used        free      shared  buff/cache   available
Mem:            62Gi        48Gi       2.1Gi       292Mi        11Gi        12Gi
Swap:          8.0Gi       2.2Gi       5.8Gi
---------------------------------
[2024-10-30 17:40:01] Memory change detected: 117 MB
               total        used        free      shared  buff/cache   available
Mem:            62Gi        49Gi       2.1Gi       280Mi        11Gi        12Gi
Swap:          8.0Gi       2.3Gi       5.7Gi
---------------------------------
[2024-10-30 17:40:02] Memory change detected: 106 MB
               total        used        free      shared  buff/cache   available
Mem:            62Gi        49Gi       2.1Gi       280Mi        11Gi        12Gi
Swap:          8.0Gi       2.3Gi       5.7Gi
---------------------------------
[2024-10-30 17:40:02] Memory change detected: 100 MB
               total        used        free      shared  buff/cache   available
Mem:            62Gi        49Gi       2.1Gi       280Mi        11Gi        12Gi
Swap:          8.0Gi       2.3Gi       5.7Gi
---------------------------------
[2024-10-30 17:40:02] Memory change detected: 104 MB
               total        used        free      shared  buff/cache   available
Mem:            62Gi        49Gi       2.0Gi       281Mi        11Gi        12Gi
Swap:          8.0Gi       2.3Gi       5.7Gi
---------------------------------
[2024-10-30 17:40:02] Memory change detected: 112 MB
               total        used        free      shared  buff/cache   available
Mem:            62Gi        49Gi       2.1Gi       280Mi        10Gi        12Gi
Swap:          8.0Gi       2.3Gi       5.7Gi
---------------------------------
[2024-10-30 17:40:03] Memory change detected: 115 MB
               total        used        free      shared  buff/cache   available
Mem:            62Gi        49Gi       1.9Gi       280Mi        10Gi        11Gi
Swap:          8.0Gi       2.3Gi       5.7Gi
---------------------------------
[2024-10-30 17:40:03] Memory change detected: 121 MB
               total        used        free      shared  buff/cache   available
Mem:            62Gi        49Gi       1.8Gi       281Mi        10Gi        11Gi
Swap:          8.0Gi       2.3Gi       5.7Gi
---------------------------------
[2024-10-30 17:40:03] Memory change detected: 116 MB
               total        used        free      shared  buff/cache   available
Mem:            62Gi        49Gi       2.0Gi       257Mi        10Gi        11Gi
Swap:          8.0Gi       2.3Gi       5.7Gi
---------------------------------
[2024-10-30 17:40:04] Memory change detected: 134 MB
               total        used        free      shared  buff/cache   available
Mem:            62Gi        49Gi       1.9Gi       255Mi        10Gi        11Gi
Swap:          8.0Gi       2.3Gi       5.7Gi
---------------------------------
[2024-10-30 17:40:04] Memory change detected: 121 MB
               total        used        free      shared  buff/cache   available
Mem:            62Gi        50Gi       2.2Gi       237Mi        10Gi        11Gi
Swap:          8.0Gi       2.4Gi       5.6Gi
---------------------------------
[2024-10-30 17:40:04] Memory change detected: 102 MB
               total        used        free      shared  buff/cache   available
Mem:            62Gi        50Gi       2.6Gi       233Mi       9.7Gi        11Gi
Swap:          8.0Gi       2.4Gi       5.6Gi
---------------------------------
[2024-10-30 17:40:05] Memory change detected: 114 MB
               total        used        free      shared  buff/cache   available
Mem:            62Gi        50Gi       2.8Gi       233Mi       9.3Gi        11Gi
Swap:          8.0Gi       2.4Gi       5.6Gi
---------------------------------
[2024-10-30 17:40:05] Memory change detected: 136 MB
               total        used        free      shared  buff/cache   available
Mem:            62Gi        50Gi       3.2Gi       233Mi       8.8Gi        11Gi
Swap:          8.0Gi       2.4Gi       5.6Gi
---------------------------------
[2024-10-30 17:40:05] Memory change detected: 124 MB
               total        used        free      shared  buff/cache   available
Mem:            62Gi        50Gi       3.3Gi       233Mi       8.6Gi        10Gi
Swap:          8.0Gi       2.5Gi       5.5Gi
---------------------------------
[2024-10-30 17:40:06] Memory change detected: 108 MB
               total        used        free      shared  buff/cache   available
Mem:            62Gi        50Gi       3.5Gi       233Mi       8.3Gi        10Gi
Swap:          8.0Gi       2.5Gi       5.5Gi
---------------------------------
[2024-10-30 17:40:06] Memory change detected: 103 MB
               total        used        free      shared  buff/cache   available
Mem:            62Gi        50Gi       4.3Gi       233Mi       7.4Gi        10Gi
Swap:          8.0Gi       2.6Gi       5.4Gi
---------------------------------
[2024-10-30 17:40:07] Memory change detected: 136 MB
               total        used        free      shared  buff/cache   available
Mem:            62Gi        50Gi       4.7Gi       233Mi       6.9Gi        10Gi
Swap:          8.0Gi       2.8Gi       5.2Gi
---------------------------------
[2024-10-30 17:40:07] Memory change detected: 118 MB
               total        used        free      shared  buff/cache   available
Mem:            62Gi        50Gi       4.8Gi       233Mi       6.7Gi        10Gi
Swap:          8.0Gi       2.8Gi       5.2Gi
---------------------------------
[2024-10-30 17:40:08] Memory change detected: 102 MB
               total        used        free      shared  buff/cache   available
Mem:            62Gi        51Gi       4.9Gi       233Mi       6.5Gi        10Gi
Swap:          8.0Gi       2.9Gi       5.1Gi
---------------------------------
[2024-10-30 17:40:08] Memory change detected: 117 MB
               total        used        free      shared  buff/cache   available
Mem:            62Gi        51Gi       5.0Gi       233Mi       6.2Gi        10Gi
Swap:          8.0Gi       3.1Gi       4.9Gi
---------------------------------
[2024-10-30 17:40:09] Memory change detected: 120 MB
               total        used        free      shared  buff/cache   available
Mem:            62Gi        51Gi       5.0Gi       229Mi       6.2Gi        10Gi
Swap:          8.0Gi       3.1Gi       4.9Gi
---------------------------------
[2024-10-30 17:40:09] Memory change detected: 105 MB
               total        used        free      shared  buff/cache   available
Mem:            62Gi        51Gi       5.0Gi       229Mi       6.1Gi        10Gi
Swap:          8.0Gi       3.2Gi       4.8Gi
---------------------------------
[2024-10-30 17:40:10] Memory change detected: 138 MB
               total        used        free      shared  buff/cache   available
Mem:            62Gi        51Gi       5.2Gi       229Mi       5.7Gi         9Gi
Swap:          8.0Gi       3.4Gi       4.6Gi
---------------------------------
[2024-10-30 17:40:10] Memory change detected: 178 MB
               total        used        free      shared  buff/cache   available
Mem:            62Gi        51Gi       5.1Gi       230Mi       5.7Gi       9.8Gi
Swap:          8.0Gi       3.4Gi       4.6Gi
---------------------------------
[2024-10-30 17:40:10] Memory change detected: -465 MB
               total        used        free      shared  buff/cache   available
Mem:            62Gi        51Gi       5.5Gi       230Mi       5.6Gi        10Gi
Swap:          8.0Gi       3.4Gi       4.6Gi
---------------------------------
[2024-10-30 17:40:10] Memory change detected: 201 MB
               total        used        free      shared  buff/cache   available
Mem:            62Gi        51Gi       5.3Gi       230Mi       5.6Gi        10Gi
Swap:          8.0Gi       3.4Gi       4.6Gi
---------------------------------
[2024-10-30 17:40:10] Memory change detected: 108 MB
               total        used        free      shared  buff/cache   available
Mem:            62Gi        51Gi       5.3Gi       230Mi       5.6Gi         9Gi
Swap:          8.0Gi       3.6Gi       4.4Gi
---------------------------------
[2024-10-30 17:40:11] Memory change detected: 120 MB
               total        used        free      shared  buff/cache   available
Mem:            62Gi        51Gi       5.2Gi       230Mi       5.6Gi       9.9Gi
Swap:          8.0Gi       3.7Gi       4.3Gi
---------------------------------
[2024-10-30 17:40:12] Memory change detected: 128 MB
               total        used        free      shared  buff/cache   available
Mem:            62Gi        51Gi       5.1Gi       229Mi       5.5Gi       9.7Gi
Swap:          8.0Gi       3.8Gi       4.2Gi
---------------------------------
[2024-10-30 17:40:13] Memory change detected: 135 MB
               total        used        free      shared  buff/cache   available
Mem:            62Gi        51Gi       5.0Gi       227Mi       5.5Gi       9.6Gi
Swap:          8.0Gi       4.3Gi       3.7Gi
---------------------------------
[2024-10-30 17:40:16] Memory change detected: 113 MB
               total        used        free      shared  buff/cache   available
Mem:            62Gi        52Gi       4.9Gi       223Mi       5.5Gi       9.5Gi
Swap:          8.0Gi       5.4Gi       2.6Gi
---------------------------------
[2024-10-30 17:40:17] Memory change detected: 107 MB
               total        used        free      shared  buff/cache   available
Mem:            62Gi        52Gi       4.9Gi       223Mi       5.5Gi       9.4Gi
Swap:          8.0Gi       5.7Gi       2.3Gi
---------------------------------
[2024-10-30 17:40:18] Memory change detected: 106 MB
               total        used        free      shared  buff/cache   available
Mem:            62Gi        52Gi       4.8Gi       223Mi       5.4Gi       9.3Gi
Swap:          8.0Gi       5.8Gi       2.2Gi
---------------------------------
[2024-10-30 17:40:18] Memory change detected: 118 MB
               total        used        free      shared  buff/cache   available
Mem:            62Gi        52Gi       4.7Gi       223Mi       5.4Gi       9.2Gi
Swap:          8.0Gi       6.0Gi       2.0Gi
---------------------------------
[2024-10-30 17:40:19] Memory change detected: 102 MB
               total        used        free      shared  buff/cache   available
Mem:            62Gi        52Gi       4.6Gi       224Mi       5.4Gi       9.1Gi
Swap:          8.0Gi       6.1Gi       1.9Gi
---------------------------------
[2024-10-30 17:40:20] Memory change detected: 107 MB
               total        used        free      shared  buff/cache   available
Mem:            62Gi        52Gi       4.5Gi       223Mi       5.4Gi       9.0Gi
Swap:          8.0Gi       6.2Gi       1.8Gi
---------------------------------
[2024-10-30 17:40:20] Memory change detected: 119 MB
               total        used        free      shared  buff/cache   available
Mem:            62Gi        52Gi       4.3Gi       223Mi       5.4Gi       8.8Gi
Swap:          8.0Gi       6.2Gi       1.8Gi
---------------------------------
[2024-10-30 17:40:20] Memory change detected: 102 MB
               total        used        free      shared  buff/cache   available
Mem:            62Gi        52Gi       4.2Gi       222Mi       5.4Gi       8.8Gi
Swap:          8.0Gi       6.3Gi       1.7Gi
---------------------------------
[2024-10-30 17:40:21] Memory change detected: 104 MB
               total        used        free      shared  buff/cache   available
Mem:            62Gi        52Gi       4.2Gi       215Mi       5.4Gi       8.7Gi
Swap:          8.0Gi       6.4Gi       1.6Gi
---------------------------------
[2024-10-30 17:40:21] Memory change detected: 100 MB
               total        used        free      shared  buff/cache   available
Mem:            62Gi        53Gi       4.0Gi       214Mi       5.4Gi       8.4Gi
Swap:          8.0Gi       6.5Gi       1.5Gi
---------------------------------
[2024-10-30 17:40:22] Memory change detected: 132 MB
               total        used        free      shared  buff/cache   available
Mem:            62Gi        53Gi       3.9Gi       214Mi       5.4Gi       8.4Gi
Swap:          8.0Gi       6.6Gi       1.4Gi
---------------------------------
[2024-10-30 17:40:22] Memory change detected: 115 MB
               total        used        free      shared  buff/cache   available
Mem:            62Gi        53Gi       3.8Gi       214Mi       5.4Gi       8.3Gi
Swap:          8.0Gi       6.6Gi       1.4Gi
---------------------------------
[2024-10-30 17:40:23] Memory change detected: 108 MB
               total        used        free      shared  buff/cache   available
Mem:            62Gi        53Gi       3.7Gi       214Mi       5.4Gi       8.2Gi
Swap:          8.0Gi       6.6Gi       1.4Gi
---------------------------------
[2024-10-30 17:40:23] Memory change detected: 102 MB
               total        used        free      shared  buff/cache   available
Mem:            62Gi        53Gi       3.6Gi       214Mi       5.4Gi       8.1Gi
Swap:          8.0Gi       6.6Gi       1.4Gi
---------------------------------
[2024-10-30 17:40:23] Memory change detected: 102 MB
               total        used        free      shared  buff/cache   available
Mem:            62Gi        53Gi       3.5Gi       214Mi       5.4Gi       8.1Gi
Swap:          8.0Gi       6.6Gi       1.4Gi
---------------------------------
[2024-10-30 17:40:23] Memory change detected: 101 MB
               total        used        free      shared  buff/cache   available
Mem:            62Gi        53Gi       3.4Gi       214Mi       5.4Gi       7.9Gi
Swap:          8.0Gi       6.6Gi       1.4Gi
---------------------------------
[2024-10-30 17:40:24] Memory change detected: 119 MB
               total        used        free      shared  buff/cache   available
Mem:            62Gi        53Gi       3.3Gi       214Mi       5.4Gi       7.8Gi
Swap:          8.0Gi       6.6Gi       1.4Gi
---------------------------------
[2024-10-30 17:40:24] Memory change detected: 129 MB
               total        used        free      shared  buff/cache   available
Mem:            62Gi        53Gi       3.2Gi       211Mi       5.4Gi       7.7Gi
Swap:          8.0Gi       6.7Gi       1.3Gi
---------------------------------
[2024-10-30 17:40:24] Memory change detected: 100 MB
               total        used        free      shared  buff/cache   available
Mem:            62Gi        53Gi       3.1Gi       211Mi       5.4Gi       7.6Gi
Swap:          8.0Gi       6.7Gi       1.3Gi
---------------------------------
[2024-10-30 17:40:25] Memory change detected: 104 MB
               total        used        free      shared  buff/cache   available
Mem:            62Gi        54Gi       3.0Gi       211Mi       5.4Gi       7.5Gi
Swap:          8.0Gi       6.7Gi       1.3Gi
---------------------------------
[2024-10-30 17:40:25] Memory change detected: 131 MB
               total        used        free      shared  buff/cache   available
Mem:            62Gi        54Gi       2.9Gi       211Mi       5.4Gi       7.4Gi
Swap:          8.0Gi       6.7Gi       1.3Gi
---------------------------------
[2024-10-30 17:40:25] Memory change detected: 101 MB
               total        used        free      shared  buff/cache   available
Mem:            62Gi        54Gi       2.7Gi       211Mi       5.4Gi       7.3Gi
Swap:          8.0Gi       6.7Gi       1.3Gi
---------------------------------
[2024-10-30 17:40:26] Memory change detected: 106 MB
               total        used        free      shared  buff/cache   available
Mem:            62Gi        54Gi       2.6Gi       211Mi       5.4Gi       7.1Gi
Swap:          8.0Gi       6.7Gi       1.3Gi
---------------------------------
[2024-10-30 17:40:26] Memory change detected: 113 MB
               total        used        free      shared  buff/cache   available
Mem:            62Gi        54Gi       2.5Gi       203Mi       5.4Gi       7.1Gi
Swap:          8.0Gi       6.7Gi       1.3Gi
---------------------------------
[2024-10-30 17:40:26] Memory change detected: 111 MB
               total        used        free      shared  buff/cache   available
Mem:            62Gi        54Gi       2.4Gi       203Mi       5.4Gi       6.9Gi
Swap:          8.0Gi       6.8Gi       1.2Gi
---------------------------------
[2024-10-30 17:40:27] Memory change detected: 110 MB
               total        used        free      shared  buff/cache   available
Mem:            62Gi        54Gi       2.3Gi       203Mi       5.4Gi       6.8Gi
Swap:          8.0Gi       6.8Gi       1.2Gi
---------------------------------
[2024-10-30 17:40:27] Memory change detected: 129 MB
               total        used        free      shared  buff/cache   available
Mem:            62Gi        54Gi       2.2Gi       203Mi       5.4Gi       6.7Gi
Swap:          8.0Gi       6.8Gi       1.2Gi
---------------------------------
[2024-10-30 17:40:27] Memory change detected: 104 MB
               total        used        free      shared  buff/cache   available
Mem:            62Gi        54Gi       2.1Gi       203Mi       5.4Gi       6.6Gi
Swap:          8.0Gi       6.8Gi       1.2Gi
---------------------------------
[2024-10-30 17:40:28] Memory change detected: 127 MB
               total        used        free      shared  buff/cache   available
Mem:            62Gi        55Gi       2.0Gi       203Mi       5.4Gi       6.5Gi
Swap:          8.0Gi       6.8Gi       1.2Gi
---------------------------------
[2024-10-30 17:40:28] Memory change detected: 139 MB
               total        used        free      shared  buff/cache   available
Mem:            62Gi        55Gi       1.8Gi       203Mi       5.4Gi       6.3Gi
Swap:          8.0Gi       6.8Gi       1.2Gi
---------------------------------
[2024-10-30 17:40:28] Memory change detected: 104 MB
               total        used        free      shared  buff/cache   available
Mem:            62Gi        55Gi       1.8Gi       203Mi       5.4Gi       6.2Gi
Swap:          8.0Gi       6.8Gi       1.2Gi
---------------------------------
[2024-10-30 17:40:29] Memory change detected: 106 MB
               total        used        free      shared  buff/cache   available
Mem:            62Gi        55Gi       1.7Gi       203Mi       5.4Gi       6.1Gi
Swap:          8.0Gi       6.8Gi       1.2Gi
---------------------------------
[2024-10-30 17:40:29] Memory change detected: 101 MB
               total        used        free      shared  buff/cache   available
Mem:            62Gi        55Gi       1.6Gi       203Mi       5.3Gi       6.0Gi
Swap:          8.0Gi       6.8Gi       1.2Gi
---------------------------------
[2024-10-30 17:40:29] Memory change detected: 133 MB
               total        used        free      shared  buff/cache   available
Mem:            62Gi        55Gi       1.5Gi       202Mi       5.3Gi       5.9Gi
Swap:          8.0Gi       6.8Gi       1.2Gi
---------------------------------
[2024-10-30 17:40:29] Memory change detected: 113 MB
               total        used        free      shared  buff/cache   available
Mem:            62Gi        55Gi       1.5Gi       203Mi       5.3Gi       5.8Gi
Swap:          8.0Gi       6.8Gi       1.2Gi
---------------------------------
[2024-10-30 17:40:30] Memory change detected: 116 MB
               total        used        free      shared  buff/cache   available
Mem:            62Gi        55Gi       1.3Gi       202Mi       5.2Gi       5.7Gi
Swap:          8.0Gi       6.8Gi       1.2Gi
---------------------------------
[2024-10-30 17:40:30] Memory change detected: 192 MB
               total        used        free      shared  buff/cache   available
Mem:            62Gi        56Gi       1.3Gi       202Mi       5.1Gi       5.5Gi
Swap:          8.0Gi       6.8Gi       1.2Gi
---------------------------------
[2024-10-30 17:40:30] Memory change detected: 128 MB
               total        used        free      shared  buff/cache   available
Mem:            62Gi        56Gi       1.2Gi       203Mi       5.1Gi       5.4Gi
Swap:          8.0Gi       6.8Gi       1.2Gi
---------------------------------
[2024-10-30 17:40:30] Memory change detected: 109 MB
               total        used        free      shared  buff/cache   available
Mem:            62Gi        56Gi       1.1Gi       202Mi       5.0Gi       5.3Gi
Swap:          8.0Gi       6.8Gi       1.2Gi
---------------------------------
[2024-10-30 17:40:31] Memory change detected: 116 MB
               total        used        free      shared  buff/cache   available
Mem:            62Gi        56Gi       1.1Gi       202Mi       5.0Gi       5.2Gi
Swap:          8.0Gi       6.9Gi       1.1Gi
---------------------------------
[2024-10-30 17:40:31] Memory change detected: 100 MB
               total        used        free      shared  buff/cache   available
Mem:            62Gi        56Gi       1.2Gi       202Mi       4.8Gi       5.1Gi
Swap:          8.0Gi       6.9Gi       1.1Gi
---------------------------------
[2024-10-30 17:40:32] Memory change detected: 126 MB
               total        used        free      shared  buff/cache   available
Mem:            62Gi        56Gi       1.4Gi       202Mi       4.5Gi       5.0Gi
Swap:          8.0Gi       7.0Gi       1.0Gi
---------------------------------
[2024-10-30 17:40:33] Memory change detected: 121 MB
               total        used        free      shared  buff/cache   available
Mem:            62Gi        56Gi       1.5Gi       202Mi       4.3Gi       4.8Gi
Swap:          8.0Gi       7.3Gi       690Mi
---------------------------------
[2024-10-30 17:40:33] Memory change detected: 115 MB
               total        used        free      shared  buff/cache   available
Mem:            62Gi        56Gi       1.4Gi       202Mi       4.2Gi       4.7Gi
Swap:          8.0Gi       7.4Gi       568Mi
---------------------------------
[2024-10-30 17:40:34] Memory change detected: -281 MB
               total        used        free      shared  buff/cache   available
Mem:            62Gi        56Gi       1.7Gi       202Mi       4.1Gi       4.9Gi
Swap:          8.0Gi       7.6Gi       438Mi
---------------------------------
[2024-10-30 17:40:34] Memory change detected: 174 MB
               total        used        free      shared  buff/cache   available
Mem:            62Gi        56Gi       1.4Gi       202Mi       4.1Gi       4.7Gi
Swap:          8.0Gi       7.6Gi       438Mi
---------------------------------
[2024-10-30 17:40:34] Memory change detected: 428 MB
               total        used        free      shared  buff/cache   available
Mem:            62Gi        57Gi       1.0Gi       202Mi       4.1Gi       4.3Gi
Swap:          8.0Gi       7.6Gi       438Mi
---------------------------------
[2024-10-30 17:40:34] Memory change detected: 283 MB
               total        used        free      shared  buff/cache   available
Mem:            62Gi        57Gi       1.0Gi       202Mi       4.0Gi       3.9Gi
Swap:          8.0Gi       7.8Gi       245Mi
---------------------------------
[2024-10-30 17:40:34] Memory change detected: -211 MB
               total        used        free      shared  buff/cache   available
Mem:            62Gi        57Gi       1.2Gi       202Mi       3.9Gi       3.9Gi
Swap:          8.0Gi       7.8Gi       182Mi
---------------------------------
[2024-10-30 17:40:34] Memory change detected: -440 MB
               total        used        free      shared  buff/cache   available
Mem:            62Gi        56Gi       2.0Gi       202Mi       3.9Gi       4.5Gi
Swap:          8.0Gi       8.0Gi       2.0Mi
---------------------------------
[2024-10-30 17:40:34] Memory change detected: 158 MB
               total        used        free      shared  buff/cache   available
Mem:            62Gi        57Gi       1.6Gi       201Mi       3.8Gi       4.3Gi
Swap:          8.0Gi       8.0Gi          0B
---------------------------------
[2024-10-30 17:40:35] Memory change detected: 136 MB
               total        used        free      shared  buff/cache   available
Mem:            62Gi        57Gi       1.7Gi       201Mi       3.8Gi       4.6Gi
Swap:          8.0Gi       8.0Gi       0.0Ki
---------------------------------
[2024-10-30 17:40:35] Memory change detected: 110 MB
               total        used        free      shared  buff/cache   available
Mem:            62Gi        57Gi       1.4Gi       201Mi       3.8Gi       4.4Gi
Swap:          8.0Gi       8.0Gi       0.0Ki
---------------------------------
[2024-10-30 17:40:35] Memory change detected: 129 MB
               total        used        free      shared  buff/cache   available
Mem:            62Gi        57Gi       1.3Gi       202Mi       3.8Gi       4.2Gi
Swap:          8.0Gi       8.0Gi       0.0Ki
---------------------------------
[2024-10-30 17:40:35] Memory change detected: 142 MB
               total        used        free      shared  buff/cache   available
Mem:            62Gi        57Gi       1.2Gi       202Mi       3.8Gi       4.1Gi
Swap:          8.0Gi       8.0Gi       1.0Mi
---------------------------------
[2024-10-30 17:40:35] Memory change detected: 116 MB
               total        used        free      shared  buff/cache   available
Mem:            62Gi        57Gi       1.1Gi       202Mi       3.8Gi       4.0Gi
Swap:          8.0Gi       8.0Gi       1.0Mi
---------------------------------
[2024-10-30 17:40:36] Memory change detected: -128 MB
               total        used        free      shared  buff/cache   available
Mem:            62Gi        57Gi       1.7Gi       202Mi       3.6Gi       4.1Gi
Swap:          8.0Gi       8.0Gi       0.0Ki
---------------------------------
[2024-10-30 17:40:36] Memory change detected: -558 MB
               total        used        free      shared  buff/cache   available
Mem:            62Gi        56Gi       2.2Gi       202Mi       3.4Gi       4.6Gi
Swap:          8.0Gi       8.0Gi       0.0Ki
---------------------------------
[2024-10-30 17:40:36] Memory change detected: 129 MB
               total        used        free      shared  buff/cache   available
Mem:            62Gi        57Gi       2.3Gi       202Mi       3.2Gi       4.5Gi
Swap:          8.0Gi       8.0Gi       0.0Ki
---------------------------------
[2024-10-30 17:40:36] Memory change detected: 126 MB
               total        used        free      shared  buff/cache   available
Mem:            62Gi        57Gi       2.5Gi       202Mi       2.8Gi       4.4Gi
Swap:          8.0Gi       8.0Gi       0.0Ki
---------------------------------
[2024-10-30 17:40:37] Memory change detected: 144 MB
               total        used        free      shared  buff/cache   available
Mem:            62Gi        57Gi       2.6Gi       202Mi       2.5Gi       4.3Gi
Swap:          8.0Gi       8.0Gi       0.0Ki
---------------------------------
[2024-10-30 17:40:37] Memory change detected: 121 MB
               total        used        free      shared  buff/cache   available
Mem:            62Gi        57Gi       2.5Gi       202Mi       2.5Gi       4.1Gi
Swap:          8.0Gi       8.0Gi       0.0Ki
---------------------------------
[2024-10-30 17:40:37] Memory change detected: 117 MB
               total        used        free      shared  buff/cache   available
Mem:            62Gi        57Gi       2.4Gi       201Mi       2.6Gi       4.0Gi
Swap:          8.0Gi       8.0Gi       0.0Ki
---------------------------------
[2024-10-30 17:40:38] Memory change detected: 114 MB
               total        used        free      shared  buff/cache   available
Mem:            62Gi        57Gi       2.2Gi       201Mi       2.6Gi       3.9Gi
Swap:          8.0Gi       8.0Gi       0.0Ki
---------------------------------
[2024-10-30 17:40:38] Memory change detected: 122 MB
               total        used        free      shared  buff/cache   available
Mem:            62Gi        57Gi       2.1Gi       201Mi       2.6Gi       3.8Gi
Swap:          8.0Gi       8.0Gi       0.0Ki
---------------------------------
[2024-10-30 17:40:38] Memory change detected: 134 MB
               total        used        free      shared  buff/cache   available
Mem:            62Gi        57Gi       2.0Gi       202Mi       2.6Gi       3.7Gi
Swap:          8.0Gi       8.0Gi       0.0Ki
---------------------------------
[2024-10-30 17:40:39] Memory change detected: 119 MB
               total        used        free      shared  buff/cache   available
Mem:            62Gi        58Gi       1.9Gi       201Mi       2.6Gi       3.6Gi
Swap:          8.0Gi       8.0Gi       0.0Ki
---------------------------------
[2024-10-30 17:40:39] Memory change detected: 128 MB
               total        used        free      shared  buff/cache   available
Mem:            62Gi        58Gi       1.7Gi       201Mi       2.6Gi       3.4Gi
Swap:          8.0Gi       8.0Gi       0.0Ki
---------------------------------
[2024-10-30 17:40:39] Memory change detected: 116 MB
               total        used        free      shared  buff/cache   available
Mem:            62Gi        58Gi       1.6Gi       202Mi       2.6Gi       3.3Gi
Swap:          8.0Gi       8.0Gi       0.0Ki
---------------------------------
[2024-10-30 17:40:40] Memory change detected: 120 MB
               total        used        free      shared  buff/cache   available
Mem:            62Gi        58Gi       1.6Gi       202Mi       2.5Gi       3.2Gi
Swap:          8.0Gi       8.0Gi       0.0Ki
---------------------------------
[2024-10-30 17:40:40] Memory change detected: 106 MB
               total        used        free      shared  buff/cache   available
Mem:            62Gi        58Gi       1.6Gi       202Mi       2.4Gi       3.1Gi
Swap:          8.0Gi       8.0Gi       0.0Ki
---------------------------------
[2024-10-30 17:40:40] Memory change detected: 110 MB
               total        used        free      shared  buff/cache   available
Mem:            62Gi        58Gi       1.5Gi       202Mi       2.4Gi       3.0Gi
Swap:          8.0Gi       8.0Gi       0.0Ki
---------------------------------
[2024-10-30 17:40:41] Memory change detected: 110 MB
               total        used        free      shared  buff/cache   available
Mem:            62Gi        58Gi       1.4Gi       202Mi       2.4Gi       2.9Gi
Swap:          8.0Gi       8.0Gi       0.0Ki
---------------------------------
[2024-10-30 17:40:41] Memory change detected: 122 MB
               total        used        free      shared  buff/cache   available
Mem:            62Gi        58Gi       1.6Gi       202Mi       2.0Gi       2.7Gi
Swap:          8.0Gi       8.0Gi       0.0Ki
---------------------------------
[2024-10-30 17:40:41] Memory change detected: 112 MB
               total        used        free      shared  buff/cache   available
Mem:            62Gi        58Gi       1.6Gi       202Mi       1.9Gi       2.7Gi
Swap:          8.0Gi       8.0Gi       0.0Ki
---------------------------------
[2024-10-30 17:40:42] Memory change detected: 103 MB
               total        used        free      shared  buff/cache   available
Mem:            62Gi        59Gi       1.8Gi       201Mi       1.6Gi       2.6Gi
Swap:          8.0Gi       8.0Gi       0.0Ki
---------------------------------
[2024-10-30 17:40:42] Memory change detected: 109 MB
               total        used        free      shared  buff/cache   available
Mem:            62Gi        59Gi       2.0Gi       201Mi       1.3Gi       2.4Gi
Swap:          8.0Gi       8.0Gi       0.0Ki
---------------------------------
[2024-10-30 17:40:42] Memory change detected: 100 MB
               total        used        free      shared  buff/cache   available
Mem:            62Gi        59Gi       2.1Gi       202Mi       1.2Gi       2.3Gi
Swap:          8.0Gi       8.0Gi       0.0Ki
---------------------------------
[2024-10-30 17:40:43] Memory change detected: 110 MB
               total        used        free      shared  buff/cache   available
Mem:            62Gi        59Gi       2.0Gi       202Mi       1.2Gi       2.2Gi
Swap:          8.0Gi       8.0Gi       0.0Ki
---------------------------------
[2024-10-30 17:40:43] Memory change detected: 114 MB
               total        used        free      shared  buff/cache   available
Mem:            62Gi        59Gi       1.8Gi       202Mi       1.2Gi       2.1Gi
Swap:          8.0Gi       8.0Gi       0.0Ki
---------------------------------
[2024-10-30 17:40:43] Memory change detected: 115 MB
               total        used        free      shared  buff/cache   available
Mem:            62Gi        59Gi       1.8Gi       202Mi       1.1Gi       2.0Gi
Swap:          8.0Gi       8.0Gi       0.0Ki
---------------------------------
[2024-10-30 17:40:43] Memory change detected: 107 MB
               total        used        free      shared  buff/cache   available
Mem:            62Gi        59Gi       1.7Gi       202Mi       1.1Gi       2.0Gi
Swap:          8.0Gi       8.0Gi       0.0Ki
---------------------------------
[2024-10-30 17:40:44] Memory change detected: 128 MB
               total        used        free      shared  buff/cache   available
Mem:            62Gi        59Gi       1.6Gi       202Mi       1.1Gi       1.9Gi
Swap:          8.0Gi       8.0Gi       0.0Ki
---------------------------------
[2024-10-30 17:40:44] Memory change detected: 122 MB
               total        used        free      shared  buff/cache   available
Mem:            62Gi        59Gi       1.5Gi       202Mi       1.1Gi       1.7Gi
Swap:          8.0Gi       8.0Gi       0.0Ki
---------------------------------
[2024-10-30 17:40:44] Memory change detected: 128 MB
               total        used        free      shared  buff/cache   available
Mem:            62Gi        60Gi       1.3Gi       202Mi       1.1Gi       1.6Gi
Swap:          8.0Gi       8.0Gi       0.0Ki
---------------------------------
[2024-10-30 17:40:45] Memory change detected: 139 MB
               total        used        free      shared  buff/cache   available
Mem:            62Gi        60Gi       1.2Gi       202Mi       1.1Gi       1.5Gi
Swap:          8.0Gi       8.0Gi       0.0Ki
---------------------------------
[2024-10-30 17:40:45] Memory change detected: 113 MB
               total        used        free      shared  buff/cache   available
Mem:            62Gi        60Gi       1.1Gi       202Mi       1.1Gi       1.3Gi
Swap:          8.0Gi       8.0Gi       0.0Ki
---------------------------------
[2024-10-30 17:40:46] Memory change detected: 116 MB
               total        used        free      shared  buff/cache   available
Mem:            62Gi        60Gi       1.0Gi       202Mi       1.0Gi       1.2Gi
Swap:          8.0Gi       8.0Gi       0.0Ki
---------------------------------
[2024-10-30 17:40:47] Memory change detected: 109 MB
               total        used        free      shared  buff/cache   available
Mem:            62Gi        60Gi       954Mi       203Mi       1.0Gi       1.1Gi
Swap:          8.0Gi       8.0Gi       0.0Ki
---------------------------------
[2024-10-30 17:40:50] Memory change detected: 109 MB
               total        used        free      shared  buff/cache   available
Mem:            62Gi        60Gi       781Mi       204Mi       1.1Gi       1.0Gi
Swap:          8.0Gi       8.0Gi       0.0Ki
---------------------------------
[2024-10-30 17:40:50] Memory change detected: 104 MB
               total        used        free      shared  buff/cache   available
Mem:            62Gi        60Gi       718Mi       203Mi       1.0Gi       927Mi
Swap:          8.0Gi       8.0Gi       0.0Ki
---------------------------------
[2024-10-30 17:40:51] Memory change detected: 126 MB
               total        used        free      shared  buff/cache   available
Mem:            62Gi        60Gi       616Mi       203Mi       1.0Gi       800Mi
Swap:          8.0Gi       8.0Gi       0.0Ki
---------------------------------
[2024-10-30 17:40:52] Memory change detected: 126 MB
               total        used        free      shared  buff/cache   available
Mem:            62Gi        60Gi       553Mi       203Mi       1.0Gi       760Mi
Swap:          8.0Gi       8.0Gi       0.0Ki
---------------------------------
[2024-10-30 17:40:53] Memory change detected: 160 MB
               total        used        free      shared  buff/cache   available
Mem:            62Gi        61Gi       344Mi       203Mi       1.0Gi       554Mi
Swap:          8.0Gi       8.0Gi       0.0Ki
---------------------------------
[2024-10-30 17:40:58] Memory change detected: -2108 MB
               total        used        free      shared  buff/cache   available
Mem:            62Gi        58Gi       2.7Gi       203Mi       1.2Gi       3.1Gi
Swap:          8.0Gi       8.0Gi       1.0Mi
---------------------------------
[2024-10-30 17:40:58] Memory change detected: -2622 MB
               total        used        free      shared  buff/cache   available
Mem:            62Gi        56Gi       5.1Gi       204Mi       1.3Gi       5.5Gi
Swap:          8.0Gi       8.0Gi       1.0Mi
---------------------------------
[2024-10-30 17:40:58] Memory change detected: -2032 MB
               total        used        free      shared  buff/cache   available
Mem:            62Gi        54Gi       7.0Gi       203Mi       1.3Gi       7.5Gi
Swap:          8.0Gi       8.0Gi       2.0Mi
---------------------------------
[2024-10-30 17:40:58] Memory change detected: -1976 MB
               total        used        free      shared  buff/cache   available
Mem:            62Gi        52Gi       8.8Gi       204Mi       1.3Gi       9.3Gi
Swap:          8.0Gi       8.0Gi       2.0Mi
---------------------------------
[2024-10-30 17:40:58] Memory change detected: -1137 MB
               total        used        free      shared  buff/cache   available
Mem:            62Gi        51Gi       9.8Gi       203Mi       1.4Gi        10Gi
Swap:          8.0Gi       8.0Gi       2.0Mi
---------------------------------
[2024-10-30 17:40:58] Memory change detected: -892 MB
               total        used        free      shared  buff/cache   available
Mem:            62Gi        50Gi        10Gi       202Mi       1.4Gi        11Gi
Swap:          8.0Gi       8.0Gi       2.0Mi
---------------------------------
[2024-10-30 17:40:58] Memory change detected: -715 MB
               total        used        free      shared  buff/cache   available
Mem:            62Gi        49Gi        11Gi       202Mi       1.4Gi        11Gi
Swap:          8.0Gi       8.0Gi       2.0Mi
---------------------------------
[2024-10-30 17:40:58] Memory change detected: -2056 MB
               total        used        free      shared  buff/cache   available
Mem:            62Gi        47Gi        13Gi       202Mi       1.4Gi        14Gi
Swap:          8.0Gi       8.0Gi       2.0Mi
---------------------------------
[2024-10-30 17:40:58] Memory change detected: -2649 MB
               total        used        free      shared  buff/cache   available
Mem:            62Gi        44Gi        16Gi       202Mi       1.4Gi        16Gi
Swap:          8.0Gi       8.0Gi       2.0Mi
---------------------------------
[2024-10-30 17:40:59] Memory change detected: -2616 MB
               total        used        free      shared  buff/cache   available
Mem:            62Gi        42Gi        18Gi       202Mi       1.4Gi        19Gi
Swap:          8.0Gi       8.0Gi       2.0Mi
---------------------------------
[2024-10-30 17:40:59] Memory change detected: -2520 MB
               total        used        free      shared  buff/cache   available
Mem:            62Gi        39Gi        21Gi       202Mi       1.4Gi        21Gi
Swap:          8.0Gi       8.0Gi       3.0Mi
---------------------------------
[2024-10-30 17:40:59] Memory change detected: -2806 MB
               total        used        free      shared  buff/cache   available
Mem:            62Gi        36Gi        24Gi       202Mi       1.4Gi        24Gi
Swap:          8.0Gi       8.0Gi       3.0Mi
---------------------------------
[2024-10-30 17:40:59] Memory change detected: -3907 MB
               total        used        free      shared  buff/cache   available
Mem:            62Gi        32Gi        28Gi       202Mi       1.4Gi        28Gi
Swap:          8.0Gi       8.0Gi       3.0Mi
---------------------------------
[2024-10-30 17:40:59] Memory change detected: -3985 MB
               total        used        free      shared  buff/cache   available
Mem:            62Gi        29Gi        31Gi       202Mi       1.4Gi        32Gi
Swap:          8.0Gi       8.0Gi       3.0Mi
---------------------------------
[2024-10-30 17:40:59] Memory change detected: -3661 MB
               total        used        free      shared  buff/cache   available
Mem:            62Gi        25Gi        35Gi       202Mi       1.4Gi        36Gi
Swap:          8.0Gi       8.0Gi       3.0Mi
---------------------------------
[2024-10-30 17:40:59] Memory change detected: -3212 MB
               total        used        free      shared  buff/cache   available
Mem:            62Gi        23Gi        37Gi       203Mi       1.4Gi        38Gi
Swap:          8.0Gi       8.0Gi       3.0Mi
---------------------------------
[2024-10-30 17:41:00] Memory change detected: -189 MB
               total        used        free      shared  buff/cache   available
Mem:            62Gi        22Gi        38Gi       203Mi       1.5Gi        38Gi
Swap:          8.0Gi       8.0Gi       3.0Mi
---------------------------------
[2024-10-30 17:41:00] Memory change detected: 106 MB
               total        used        free      shared  buff/cache   available
Mem:            62Gi        23Gi        37Gi       203Mi       1.5Gi        38Gi
Swap:          8.0Gi       8.0Gi       3.0Mi
---------------------------------
[2024-10-30 17:41:00] Memory change detected: 201 MB
               total        used        free      shared  buff/cache   available
Mem:            62Gi        23Gi        37Gi       203Mi       1.5Gi        38Gi
Swap:          8.0Gi       8.0Gi       3.0Mi
---------------------------------
[2024-10-30 17:41:01] Memory change detected: 114 MB
               total        used        free      shared  buff/cache   available
Mem:            62Gi        23Gi        37Gi       203Mi       1.6Gi        38Gi
Swap:          8.0Gi       8.0Gi       3.0Mi
---------------------------------
[2024-10-30 17:41:03] Memory change detected: 107 MB
               total        used        free      shared  buff/cache   available
Mem:            62Gi        23Gi        37Gi       203Mi       1.7Gi        38Gi
Swap:          8.0Gi       8.0Gi       3.0Mi
---------------------------------
[2024-10-30 17:41:04] Memory change detected: 123 MB
               total        used        free      shared  buff/cache   available
Mem:            62Gi        23Gi        37Gi       203Mi       1.7Gi        37Gi
Swap:          8.0Gi       8.0Gi       3.0Mi
---------------------------------
[2024-10-30 17:41:11] Memory change detected: 168 MB
               total        used        free      shared  buff/cache   available
Mem:            62Gi        23Gi        36Gi       197Mi       2.1Gi        37Gi
Swap:          8.0Gi       8.0Gi       3.0Mi
---------------------------------
[2024-10-30 17:41:11] Memory change detected: 110 MB
               total        used        free      shared  buff/cache   available
Mem:            62Gi        23Gi        36Gi       197Mi       2.1Gi        37Gi
Swap:          8.0Gi       8.0Gi       3.0Mi
---------------------------------
[2024-10-30 17:41:11] Memory change detected: 111 MB
               total        used        free      shared  buff/cache   available
Mem:            62Gi        23Gi        36Gi       197Mi       2.1Gi        37Gi
Swap:          8.0Gi       8.0Gi       3.0Mi
---------------------------------
[2024-10-30 17:41:12] Memory change detected: 100 MB
               total        used        free      shared  buff/cache   available
Mem:            62Gi        24Gi        36Gi       197Mi       2.1Gi        37Gi
Swap:          8.0Gi       8.0Gi       3.0Mi
---------------------------------
[2024-10-30 17:41:12] Memory change detected: 104 MB
               total        used        free      shared  buff/cache   available
Mem:            62Gi        24Gi        36Gi       197Mi       2.1Gi        37Gi
Swap:          8.0Gi       8.0Gi       3.0Mi
---------------------------------
[2024-10-30 17:41:12] Memory change detected: 115 MB
               total        used        free      shared  buff/cache   available
Mem:            62Gi        24Gi        36Gi       197Mi       2.1Gi        37Gi
Swap:          8.0Gi       8.0Gi       3.0Mi
---------------------------------
[2024-10-30 17:41:13] Memory change detected: 786 MB
               total        used        free      shared  buff/cache   available
Mem:            62Gi        25Gi        35Gi       196Mi       2.1Gi        36Gi
Swap:          8.0Gi       8.0Gi       3.0Mi
---------------------------------
[2024-10-30 17:41:13] Memory change detected: 720 MB
               total        used        free      shared  buff/cache   available
Mem:            62Gi        25Gi        34Gi       196Mi       2.1Gi        35Gi
Swap:          8.0Gi       8.0Gi       3.0Mi
---------------------------------
[2024-10-30 17:41:13] Memory change detected: -1364 MB
               total        used        free      shared  buff/cache   available
Mem:            62Gi        24Gi        35Gi       197Mi       2.1Gi        37Gi
Swap:          8.0Gi       8.0Gi       3.0Mi
---------------------------------
[2024-10-30 17:41:13] Memory change detected: 211 MB
               total        used        free      shared  buff/cache   available
Mem:            62Gi        24Gi        35Gi       197Mi       2.1Gi        36Gi
Swap:          8.0Gi       8.0Gi       3.0Mi
---------------------------------
[2024-10-30 17:41:13] Memory change detected: 255 MB
               total        used        free      shared  buff/cache   available
Mem:            62Gi        24Gi        35Gi       196Mi       2.1Gi        36Gi
Swap:          8.0Gi       8.0Gi       4.0Mi
---------------------------------
[2024-10-30 17:41:13] Memory change detected: -145 MB
               total        used        free      shared  buff/cache   available
Mem:            62Gi        24Gi        36Gi       197Mi       2.1Gi        37Gi
Swap:          8.0Gi       8.0Gi       4.0Mi
---------------------------------
[2024-10-30 17:41:13] Memory change detected: -379 MB
               total        used        free      shared  buff/cache   available
Mem:            62Gi        24Gi        36Gi       197Mi       2.1Gi        37Gi
Swap:          8.0Gi       8.0Gi       4.0Mi
---------------------------------
[2024-10-30 17:41:25] Memory change detected: 127 MB
               total        used        free      shared  buff/cache   available
Mem:            62Gi        24Gi        35Gi       197Mi       2.1Gi        37Gi
Swap:          8.0Gi       8.0Gi       5.0Mi
---------------------------------
[2024-10-30 17:41:25] Memory change detected: 106 MB
               total        used        free      shared  buff/cache   available
Mem:            62Gi        24Gi        35Gi       197Mi       2.1Gi        37Gi
Swap:          8.0Gi       8.0Gi       5.0Mi
---------------------------------
[2024-10-30 17:41:27] Memory change detected: 487 MB
               total        used        free      shared  buff/cache   available
Mem:            62Gi        25Gi        35Gi       197Mi       2.1Gi        36Gi
Swap:          8.0Gi       8.0Gi       5.0Mi
---------------------------------
[2024-10-30 17:41:27] Memory change detected: 718 MB
               total        used        free      shared  buff/cache   available
Mem:            62Gi        25Gi        34Gi       197Mi       2.1Gi        35Gi
Swap:          8.0Gi       8.0Gi       5.0Mi
---------------------------------
[2024-10-30 17:41:27] Memory change detected: -1671 MB
               total        used        free      shared  buff/cache   available
Mem:            62Gi        24Gi        36Gi       197Mi       2.1Gi        37Gi
Swap:          8.0Gi       8.0Gi       5.0Mi
---------------------------------
[2024-10-30 17:43:00] Memory change detected: 101 MB
               total        used        free      shared  buff/cache   available
Mem:            62Gi        24Gi        35Gi       209Mi       2.3Gi        37Gi
Swap:          8.0Gi       7.9Gi       116Mi
---------------------------------
[2024-10-30 17:43:23] Memory change detected: -494 MB
               total        used        free      shared  buff/cache   available
Mem:            62Gi        23Gi        36Gi       209Mi       2.3Gi        37Gi
Swap:          8.0Gi       7.9Gi       131Mi
---------------------------------
[2024-10-30 17:43:26] Memory change detected: -100 MB
               total        used        free      shared  buff/cache   available
Mem:            62Gi        23Gi        36Gi       209Mi       2.4Gi        37Gi
Swap:          8.0Gi       7.9Gi       133Mi
---------------------------------
