2025-03-30 16:17:39,781 - Timestamp, Before_X, Before_Y, Before_Z, Before_Yaw_Deg, After_X, After_Y, After_Z, After_Yaw_Deg
2025-03-30 16:17:39,854 - 2025-03-30T16:17:39.853965, 3.1241821930962113, 0.0, -0.766224065089494, 51.12958370797331, 48.94065790849501, -50.806830049584576, 0.0016000000400000006, 38.87041629202669
2025-03-30 16:17:59,453 - 2025-03-30T16:17:59.453293, 3.1294933051674225, 0.0, -0.7701879127867493, 51.17328370799239, 49.11851434381029, -50.68209682577759, 0.0016000000400000006, 38.82671629200761
2025-03-30 16:18:00,053 - 2025-03-30T16:18:00.053286, 3.1352659475763476, 0.0, -0.7748351269650158, 51.21698370801147, 49.312154463173236, -50.535419954010415, 0.0016000000400000006, 38.78301629198853
2025-03-30 16:18:00,134 - 2025-03-30T16:18:00.134804, 3.1411205617522553, 0.0, -0.7796903811140035, 51.247483708024795, 49.50868181372763, -50.38200601754511, 0.0016000000400000006, 38.752516291975205
2025-03-30 16:18:00,193 - 2025-03-30T16:18:00.193561, 3.1470647227611903, 0.0, -0.7848948935695415, 51.14248370797895, 49.70848132124868, -50.217235331324495, 0.0016000000400000006, 38.85751629202106
2025-03-30 16:18:00,233 - 2025-03-30T16:18:00.233636, 3.1520858230946978, 0.0, -0.7887326730630573, 51.1412837079784, 49.87671346067437, -50.09635194102424, 0.0016000000400000006, 38.8587162920216
2025-03-30 16:18:00,273 - 2025-03-30T16:18:00.273708, 3.1574196603640443, 0.0, -0.7931201757678004, 51.00818370792033, 50.05572467331531, -49.95775966204573, 0.0016000000400000006, 38.99181629207967
2025-03-30 16:18:00,314 - 2025-03-30T16:18:00.314265, 3.1625895540994264, 0.0, -0.7970915985311011, 51.24878370802536, 50.228961423573416, -49.8326415124635, 0.0016000000400000006, 38.75121629197464
2025-03-30 16:18:00,353 - 2025-03-30T16:18:00.353148, 3.167633379631069, 0.0, -0.8013530330321048, 51.297683708046726, 50.39834834032478, -49.69789906699173, 0.0016000000400000006, 38.702316291953274
2025-03-30 16:18:00,397 - 2025-03-30T16:18:00.397404, 3.1727364517315593, 0.0, -0.8053988524963422, 51.2657837080328, 50.569467710941915, -49.57027861199332, 0.0016000000400000006, 38.7342162919672
2025-03-30 16:18:00,475 - 2025-03-30T16:18:00.475291, 3.1782783289716274, 0.0, -0.8097043834341022, 51.35368370807124, 50.755215988281016, -49.43457356420627, 0.0016000000400000006, 38.64631629192876
2025-03-30 16:18:01,095 - 2025-03-30T16:18:01.095601, 3.1726696300966672, 0.0, -0.8054732491972789, 51.27278370803585, 50.567350331300936, -49.56777630657713, 0.0016000000400000006, 38.72721629196415
2025-03-30 16:18:01,175 - 2025-03-30T16:18:01.175077, 3.167484586229195, 0.0, -0.8012193897623208, 51.418183708099434, 50.39334372949239, -49.702133826273666, 0.0016000000400000006, 38.581816291900566
2025-03-30 16:18:01,233 - 2025-03-30T16:18:01.233549, 3.1619943804919286, 0.0, -0.796557025451964, 51.484683708128536, 50.20894298024378, -49.849580549591295, 0.0016000000400000006, 38.51531629187147
2025-03-30 16:18:01,293 - 2025-03-30T16:18:01.293864, 3.1548977475982234, 0.0, -0.7909894585172985, 51.494083708132656, 49.97103121493964, -50.02513088478162, 0.0016000000400000006, 38.505916291867344
2025-03-30 16:18:01,353 - 2025-03-30T16:18:01.353629, 3.1472879128640026, 0.0, -0.785095358474218, 51.66118370820588, 49.71598823749729, -50.210883192401575, 0.0016000000400000006, 38.33881629179412
2025-03-30 16:18:01,393 - 2025-03-30T16:18:01.393614, 3.1421621155653767, 0.0, -0.7806258840024927, 51.72278370823289, 49.54371408955447, -50.3523627025715, 0.0016000000400000006, 38.27721629176711
2025-03-30 16:18:01,434 - 2025-03-30T16:18:01.434279, 3.1370514683988415, 0.0, -0.7764388462024261, 51.91718370831824, 49.372209793162114, -50.484602842627076, 0.0016000000400000006, 38.08281629168176
2025-03-30 16:18:01,474 - 2025-03-30T16:18:01.474763, 3.131814753028568, 0.0, -0.7725418201400629, 52.06748370838435, 49.19685566326306, -50.60721868679309, 0.0016000000400000006, 37.93251629161565
2025-03-30 16:18:01,533 - 2025-03-30T16:18:01.533289, 3.124866913536737, 0.0, -0.7671078964751818, 52.17148370843011, 48.963948508791304, -50.77853426270146, 0.0016000000400000006, 37.82851629156989
2025-03-30 16:18:01,593 - 2025-03-30T16:18:01.593387, 3.1183654542505295, 0.0, -0.7620749026196534, 52.32678370849856, 48.74605518681678, -50.937145560763994, 0.0016000000400000006, 37.67321629150144
2025-03-30 16:18:02,533 - 2025-03-30T16:18:02.533295, 3.1238921813585074, 0.0, -0.7660979968857555, 52.28368370847956, 48.93103361260544, -50.81067988309127, 0.0016000000400000006, 37.71631629152044
2025-03-30 16:18:02,594 - 2025-03-30T16:18:02.594408, 3.12942648353253, 0.0, -0.7702623094876868, 52.32628370849834, 49.1163969641693, -50.67959452036138, 0.0016000000400000006, 37.67371629150166
2025-03-30 16:18:02,655 - 2025-03-30T16:18:02.655633, 3.135987189387585, 0.0, -0.7750796883064486, 52.210883708447476, 49.33602274000958, -50.52810521277223, 0.0016000000400000006, 37.789116291552524
2025-03-30 16:18:02,713 - 2025-03-30T16:18:02.713814, 3.1432477658152553, 0.0, -0.7810633351825569, 52.12638370841025, 49.57970896769661, -50.339080748185616, 0.0016000000400000006, 37.87361629158975
2025-03-30 16:18:02,773 - 2025-03-30T16:18:02.773406, 3.1509471473825035, 0.0, -0.7873066935321882, 52.0737837083871, 49.838024102105614, -50.14197169081034, 0.0016000000400000006, 37.9262162916129
2025-03-30 16:18:02,815 - 2025-03-30T16:18:02.814970, 3.156147341382066, 0.0, -0.7918429896388055, 52.06918370838509, 50.01280055546463, -49.998374800999436, 0.0016000000400000006, 37.93081629161491
2025-03-30 16:18:02,853 - 2025-03-30T16:18:02.853347, 3.1612352633504655, 0.0, -0.7956063724313842, 52.17258370843059, 50.183150074531284, -49.87999371611538, 0.0016000000400000006, 37.82741629156941
2025-03-30 16:18:02,915 - 2025-03-30T16:18:02.915403, 3.1681755277762518, 0.0, -0.8008990777604357, 52.20078370844303, 50.41567230322782, -49.713297825264185, 0.0016000000400000006, 37.79921629155697
2025-03-30 16:18:03,634 - 2025-03-30T16:18:03.634225, 3.162566828901291, 0.0, -0.7966679435236124, 52.23278370845713, 50.22780664624773, -49.846500567635054, 0.0016000000400000006, 37.76721629154287
2025-03-30 16:18:03,714 - 2025-03-30T16:18:03.714148, 3.1562885597178956, 0.0, -0.7918354145727609, 52.307983708490276, 50.017420240521815, -49.99875972677465, 0.0016000000400000006, 37.692016291509724
2025-03-30 16:18:03,773 - 2025-03-30T16:18:03.773859, 3.1501439338042845, 0.0, -0.7868540922200333, 52.395683708528935, 49.81126859407786, -50.1560234967467, 0.0016000000400000006, 37.604316291471065
2025-03-30 16:18:03,836 - 2025-03-30T16:18:03.836045, 3.1426753174058923, 0.0, -0.7809524171109077, 52.51738370858267, 49.560845301692666, -50.34216073014187, 0.0016000000400000006, 37.48261629141733
2025-03-30 16:18:03,873 - 2025-03-30T16:18:03.873233, 3.13764664200634, 0.0, -0.7769734192815632, 52.62598370863066, 49.392228236491746, -50.467663805499285, 0.0016000000400000006, 37.37401629136934
2025-03-30 16:18:03,914 - 2025-03-30T16:18:03.914439, 3.132253558168146, 0.0, -0.7728015316135863, 52.77588370869697, 49.211484569985046, -50.59913409400443, 0.0016000000400000006, 37.22411629130303
2025-03-30 16:18:03,954 - 2025-03-30T16:18:03.953951, 3.127083664432764, 0.0, -0.768830108850286, 52.82458370871855, 49.03824781972696, -50.72425224358664, 0.0016000000400000006, 37.17541629128145
2025-03-30 16:18:03,993 - 2025-03-30T16:18:03.993655, 3.121772552361553, 0.0, -0.7648662611530312, 52.92168370876155, 48.8603913844117, -50.848985467393604, 0.0016000000400000006, 37.07831629123845
2025-03-30 16:18:04,053 - 2025-03-30T16:18:04.053794, 3.1160970318517, 0.0, -0.7607095236171451, 52.951883708774936, 48.67040834779061, -50.979685904348266, 0.0016000000400000006, 37.048116291225064
2025-03-30 16:18:09,393 - 2025-03-30T16:18:09.393425, 3.1222857542020686, 0.0, -0.7651927942614463, 53.02318370880656, 48.87752259654989, -50.838783494963984, 0.0016000000400000006, 36.97681629119344
2025-03-30 16:18:09,454 - 2025-03-30T16:18:09.454000, 3.1280129462147226, 0.0, -0.7689926984247366, 53.21658370889243, 49.068853161261444, -50.71982473353987, 0.0016000000400000006, 36.78341629110757
2025-03-30 16:18:09,515 - 2025-03-30T16:18:09.515924, 3.1350717037782023, 0.0, -0.7738541736802551, 53.53508370903416, 49.30484029768945, -50.56737282363544, 0.0016000000400000006, 36.46491629096584
2025-03-30 16:18:09,574 - 2025-03-30T16:18:09.574138, 3.142687759618954, 0.0, -0.7785441303357636, 53.89258370919374, 49.55892124857091, -50.4210803018891, 0.0016000000400000006, 36.10741629080626
2025-03-30 16:18:09,613 - 2025-03-30T16:18:09.613340, 3.1477605314552632, 0.0, -0.7820250764566836, 54.19168370932761, 49.728500916087114, -50.31193858711939, 0.0016000000400000006, 35.80831629067239
2025-03-30 16:18:09,673 - 2025-03-30T16:18:09.673633, 3.154870960521545, 0.0, -0.7865297183396063, 54.74248370957511, 49.965835580605635, -50.171228352745516, 0.0016000000400000006, 35.25751629042489
2025-03-30 16:18:09,736 - 2025-03-30T16:18:09.736225, 3.1618174460538615, 0.0, -0.7906182802810862, 55.31118370983194, 50.19739578274127, -50.043992247767925, 0.0016000000400000006, 34.68881629016806
2025-03-30 16:18:09,794 - 2025-03-30T16:18:09.794359, 3.1679014714391114, 0.0, -0.7944698559471779, 55.70198371000919, 50.40046802298338, -49.923685958253316, 0.0016000000400000006, 34.29801628999081
2025-03-30 16:18:09,853 - 2025-03-30T16:18:09.853168, 3.174119140094146, 0.0, -0.798172638211395, 56.14698371021183, 50.607775022507475, -49.80838427957112, 0.0016000000400000006, 33.85301628978817
2025-03-30 16:18:09,919 - 2025-03-30T16:18:09.919487, 3.1806343955529295, 0.0, -0.8021427070151814, 56.59908371041855, 50.82509124369635, -49.684613082324994, 0.0016000000400000006, 33.40091628958145
2025-03-30 16:18:09,974 - 2025-03-30T16:18:09.974454, 3.187350115916389, 0.0, -0.8058895857161552, 57.04038371062121, 51.048759603808136, -49.56834880132751, 0.0016000000400000006, 32.95961628937879
2025-03-30 16:18:10,033 - 2025-03-30T16:18:10.033650, 3.1944226696524445, 0.0, -0.8096881359199308, 57.35238371076497, 51.28416963945048, -49.45073699223952, 0.0016000000400000006, 32.64761628923503
2025-03-30 16:18:10,093 - 2025-03-30T16:18:10.093328, 3.2014435518856983, 0.0, -0.8138435194963032, 57.68198371091731, 51.51823214700233, -49.32138350762094, 0.0016000000400000006, 32.31801628908269
2025-03-30 16:18:10,134 - 2025-03-30T16:18:10.134241, 3.206486023457827, 0.0, -0.8167595922739057, 57.8416837109913, 51.68627211141761, -49.23072053307995, 0.0016000000400000006, 32.1583162890087
2025-03-30 16:18:10,173 - 2025-03-30T16:18:10.173790, 3.211728959934632, 0.0, -0.8194524749486964, 58.04408371108525, 51.8606642147558, -49.147564474787565, 0.0016000000400000006, 31.95591628891475
2025-03-30 16:18:10,220 - 2025-03-30T16:18:10.219955, 3.2167865816388512, 0.0, -0.8226509843979573, 58.1022837111123, 52.029474030721545, -49.04766213013223, 0.0016000000400000006, 31.897716288887704
2025-03-30 16:18:10,274 - 2025-03-30T16:18:10.274654, 3.2238894356390873, 0.0, -0.8270144079450508, 58.203883711159534, 52.26642376946482, -48.91157158081552, 0.0016000000400000006, 31.79611628884047
2025-03-30 16:18:10,333 - 2025-03-30T16:18:10.333550, 3.230835921171404, 0.0, -0.8311029698865307, 58.16538371114163, 52.49798397160046, -48.78433547583792, 0.0016000000400000006, 31.83461628885837
2025-03-30 16:18:10,393 - 2025-03-30T16:18:10.393107, 3.2380875685735147, 0.0, -0.8356000367034078, 58.208083711161514, 52.739938321176155, -48.64401016723929, 0.0016000000400000006, 31.791916288838486
2025-03-30 16:18:10,437 - 2025-03-30T16:18:10.437732, 3.2431224650795984, 0.0, -0.8383748911451807, 58.17808371114752, 52.90759335981619, -48.557966877755476, 0.0016000000400000006, 31.821916288852478
2025-03-30 16:18:10,493 - 2025-03-30T16:18:10.493262, 3.249712117239319, 0.0, -0.8424117815838592, 58.23298371117308, 53.12741188642128, -48.43207830086838, 0.0016000000400000006, 31.767016288826923
2025-03-30 16:18:10,553 - 2025-03-30T16:18:10.553359, 3.256814971239555, 0.0, -0.8467752051309523, 58.18448371115051, 53.364361625164555, -48.295987751551685, 0.0016000000400000006, 31.815516288849487
2025-03-30 16:18:10,616 - 2025-03-30T16:18:10.616505, 3.2637022102030246, 0.0, -0.8510793821091984, 58.217983711166106, 53.59418937343445, -48.16162965610072, 0.0016000000400000006, 31.782016288833894
2025-03-30 16:18:10,674 - 2025-03-30T16:18:10.674858, 3.270820214335351, 0.0, -0.8557252423279507, 58.12028371112065, 53.831908963728175, -48.01629973666965, 0.0016000000400000006, 31.879716288879354
2025-03-30 16:18:10,737 - 2025-03-30T16:18:10.737095, 3.277774274933713, 0.0, -0.8599550226052592, 58.021283711074666, 54.063854091639065, -47.8844439466349, 0.0016000000400000006, 31.978716288925334
2025-03-30 16:18:10,793 - 2025-03-30T16:18:10.793947, 3.284512720495308, 0.0, -0.8641255563137218, 57.888483711013016, 54.28867722907656, -47.754320610465875, 0.0016000000400000006, 32.111516288986984
2025-03-30 16:18:10,855 - 2025-03-30T16:18:10.855802, 3.2912663161889935, 0.0, -0.8685785266938426, 57.688683710920415, 54.5142702180645, -47.6149579041825, 0.0016000000400000006, 32.311316289079585
2025-03-30 16:18:10,917 - 2025-03-30T16:18:10.917266, 3.2977223250789303, 0.0, -0.8727642105343949, 57.50658371083617, 54.729853985387656, -47.48406471646303, 0.0016000000400000006, 32.49341628916383
2025-03-30 16:18:10,974 - 2025-03-30T16:18:10.974026, 3.304334702436786, 0.0, -0.8772247559805608, 57.4074837107904, 54.950827289318426, -47.34431708440443, 0.0016000000400000006, 32.5925162892096
2025-03-30 16:18:11,034 - 2025-03-30T16:18:11.034677, 3.310939504728597, 0.0, -0.8815440830908976, 57.26158371072309, 55.171415667473966, -47.209189137403, 0.0016000000400000006, 32.73841628927691
2025-03-30 16:18:11,096 - 2025-03-30T16:18:11.096821, 3.3175594571524982, 0.0, -0.8861458468728927, 57.1383837106663, 55.39277389717998, -47.064821820287236, 0.0016000000400000006, 32.8616162893337
2025-03-30 16:18:11,154 - 2025-03-30T16:18:11.154814, 3.324410174745257, 0.0, -0.8910892938953934, 56.89488371055428, 55.622023968909836, -46.90948267919137, 0.0016000000400000006, 33.10511628944572
2025-03-30 16:18:11,213 - 2025-03-30T16:18:11.213457, 3.3309040589654186, 0.0, -0.8959810694150931, 56.658683710445864, 55.83953236510912, -46.75549106618599, 0.0016000000400000006, 33.341316289554136
2025-03-30 16:18:11,273 - 2025-03-30T16:18:11.273835, 3.3376576546591044, 0.0, -0.900434039795214, 56.498883710372645, 56.06512535409709, -46.616128359902625, 0.0016000000400000006, 33.501116289627355
2025-03-30 16:18:11,333 - 2025-03-30T16:18:11.333479, 3.3442700320169605, 0.0, -0.9048945852413794, 56.40618371033025, 56.286098658027875, -46.47638072784403, 0.0016000000400000006, 33.59381628966975
2025-03-30 16:18:11,394 - 2025-03-30T16:18:11.394222, 3.350748766105032, 0.0, -0.90950392408942, 56.299883710281655, 56.502837202676695, -46.33162848495302, 0.0016000000400000006, 33.700116289718345
2025-03-30 16:18:11,456 - 2025-03-30T16:18:11.456079, 3.357458265361961, 0.0, -0.9144549461779663, 56.118183710198686, 56.727467589349374, -46.17590441808191, 0.0016000000400000006, 33.881816289801314
2025-03-30 16:18:11,514 - 2025-03-30T16:18:11.514162, 3.3638626027490957, 0.0, -0.9189974633911144, 55.94388371011925, 56.941703828581986, -46.03326955483189, 0.0016000000400000006, 34.05611628988075
2025-03-30 16:18:11,573 - 2025-03-30T16:18:11.573658, 3.370415733538105, 0.0, -0.9236736238740471, 55.71968371001724, 57.160944678647034, -45.88639993229991, 0.0016000000400000006, 34.28031628998276
2025-03-30 16:18:11,633 - 2025-03-30T16:18:11.633276, 3.376953714195024, 0.0, -0.928067347685321, 55.57998370995381, 57.37941567716161, -45.74876967988228, 0.0016000000400000006, 34.4200162900462
2025-03-30 16:18:11,694 - 2025-03-30T16:18:11.694226, 3.3836480633198622, 0.0, -0.932735933102208, 55.474783709906085, 57.60327621228382, -45.602284983125536, 0.0016000000400000006, 34.525216290093915
2025-03-30 16:18:11,753 - 2025-03-30T16:18:11.753657, 3.390342412444701, 0.0, -0.937404518519096, 55.349983709849504, 57.827136747406044, -45.45580028636876, 0.0016000000400000006, 34.650016290150496
2025-03-30 16:18:11,813 - 2025-03-30T16:18:11.813914, 3.3971263084025667, 0.0, -0.9424223622425338, 55.19728370978039, 58.0542694394949, -45.297958839856705, 0.0016000000400000006, 34.80271629021961
2025-03-30 16:18:11,874 - 2025-03-30T16:18:11.874714, 3.403910204360433, 0.0, -0.9474402059659721, 55.030583709705056, 58.28140213158378, -45.14011739334463, 0.0016000000400000006, 34.969416290294944
2025-03-30 16:18:11,934 - 2025-03-30T16:18:11.934194, 3.4106789501862087, 0.0, -0.9521756130177517, 54.8451837096214, 58.50776497212221, -44.99151531694691, 0.0016000000400000006, 35.1548162903786
2025-03-30 16:18:11,994 - 2025-03-30T16:18:11.994495, 3.4173884494431377, 0.0, -0.9571266351062979, 54.673183709543885, 58.73239535879488, -44.8357912500758, 0.0016000000400000006, 35.326816290456115
2025-03-30 16:18:12,054 - 2025-03-30T16:18:12.054180, 3.4242391670358954, 0.0, -0.9620700821287986, 54.55448370949049, 58.96164543052472, -44.680452108979935, 0.0016000000400000006, 35.44551629050951
2025-03-30 16:18:12,114 - 2025-03-30T16:18:12.114685, 3.4306586545551205, 0.0, -0.9668950360136059, 54.401883709421924, 59.17665152130782, -44.52857787561554, 0.0016000000400000006, 35.598116290578076
2025-03-30 16:18:12,173 - 2025-03-30T16:18:12.173310, 3.437293757111112, 0.0, -0.9717792364672597, 54.36068370940342, 59.39877960256429, -44.37497118838542, 0.0016000000400000006, 35.63931629059658
2025-03-30 16:18:12,236 - 2025-03-30T16:18:12.236484, 3.443944009799194, 0.0, -0.9769458735925722, 54.21548370933829, 59.62167753537121, -44.21212513104094, 0.0016000000400000006, 35.78451629066171
2025-03-30 16:18:12,293 - 2025-03-30T16:18:12.293382, 3.4505047156542483, 0.0, -0.9817632524113344, 54.10298370928788, 59.84130331121148, -44.060635823451776, 0.0016000000400000006, 35.89701629071212
2025-03-30 16:18:12,353 - 2025-03-30T16:18:12.353446, 3.4570578464432575, 0.0, -0.9864394128942671, 53.97408370923017, 60.06054416127652, -43.913766200919795, 0.0016000000400000006, 36.02591629076983
2025-03-30 16:18:12,418 - 2025-03-30T16:18:12.418255, 3.463626127364357, 0.0, -0.991398010048858, 53.85198370917559, 60.28055486289202, -43.75765720827348, 0.0016000000400000006, 36.14801629082441
2025-03-30 16:18:12,473 - 2025-03-30T16:18:12.473594, 3.4698224247807703, 0.0, -0.9960224990289888, 53.69978370910762, 60.4880540374265, -43.612135113832004, 0.0016000000400000006, 36.30021629089238
2025-03-30 16:18:12,534 - 2025-03-30T16:18:12.534598, 3.4763238840669777, 0.0, -1.0010554928845172, 53.59588370906126, 60.70594735940102, -43.453523815769465, 0.0016000000400000006, 36.40411629093874
2025-03-30 16:18:12,593 - 2025-03-30T16:18:12.593876, 3.4828177682871395, 0.0, -1.0059472684042166, 53.51748370902632, 60.92345575560031, -43.299532202764105, 0.0016000000400000006, 36.48251629097368
2025-03-30 16:18:12,653 - 2025-03-30T16:18:12.653457, 3.489178009237518, 0.0, -1.0109878373257901, 53.304783708931645, 61.13672939251769, -43.140535978926344, 0.0016000000400000006, 36.695216291068355
2025-03-30 16:18:12,714 - 2025-03-30T16:18:12.714081, 3.495597496756743, 0.0, -1.0158127912105974, 53.119183708849185, 61.35173548330076, -42.98866174556195, 0.0016000000400000006, 36.880816291150815
2025-03-30 16:18:12,773 - 2025-03-30T16:18:12.773157, 3.5020397094741034, 0.0, -1.0210614001028926, 52.9102837087565, 61.567896351409544, -42.82292845702603, 0.0016000000400000006, 37.0897162912435
2025-03-30 16:18:12,834 - 2025-03-30T16:18:12.834380, 3.508689962162185, 0.0, -1.026228037228205, 52.856583708732714, 61.790794284216474, -42.660082399681556, 0.0016000000400000006, 37.143416291267286
2025-03-30 16:18:12,895 - 2025-03-30T16:18:12.895025, 3.5151170247474552, 0.0, -1.0311942094488415, 52.8201837087166, 62.0061853007748, -42.50358848125999, 0.0016000000400000006, 37.1798162912834
2025-03-30 16:18:12,954 - 2025-03-30T16:18:12.954299, 3.521328472295959, 0.0, -1.036101135100631, 52.70338370866488, 62.21445432685974, -42.34882701670417, 0.0016000000400000006, 37.29661629133512
2025-03-30 16:18:13,015 - 2025-03-30T16:18:13.015567, 3.5276294666774897, 0.0, -1.0413573190589713, 52.42258370854083, 62.42599550991134, -42.18270880239302, 0.0016000000400000006, 37.57741629145917
2025-03-30 16:18:13,073 - 2025-03-30T16:18:13.073811, 3.5336177241231814, 0.0, -1.0460637798060848, 52.33118370850051, 62.62675761974767, -42.03429947676011, 0.0016000000400000006, 37.66881629149949
2025-03-30 16:18:13,136 - 2025-03-30T16:18:13.136871, 3.5399779650735597, 0.0, -1.0511043487276583, 52.182183708434835, 62.840031256665036, -41.87530325292234, 0.0016000000400000006, 37.817816291565165
2025-03-30 16:18:13,196 - 2025-03-30T16:18:13.196464, 3.5461301660532163, 0.0, -1.0562268894162141, 51.98458370834788, 63.046567828884235, -41.71341979789315, 0.0016000000400000006, 38.01541629165212
2025-03-30 16:18:13,253 - 2025-03-30T16:18:13.253284, 3.5526164752073335, 0.0, -1.0609774466000843, 52.14718370841942, 63.2636912993083, -41.56404786994496, 0.0016000000400000006, 37.85281629158058
2025-03-30 16:18:13,313 - 2025-03-30T16:18:13.313269, 3.5589918662898015, 0.0, -1.0663004521933166, 51.90198370831157, 63.47773478777609, -41.39581227599284, 0.0016000000400000006, 38.09801629168843
2025-03-30 16:18:13,374 - 2025-03-30T16:18:13.373971, 3.565560147210901, 0.0, -1.0712590493479075, 51.794683708264444, 63.6977454893916, -41.23970328334652, 0.0016000000400000006, 38.205316291735556
2025-03-30 16:18:13,436 - 2025-03-30T16:18:13.436194, 3.571883866790568, 0.0, -1.076938888313736, 51.590883708175056, 63.91044144976891, -41.05972601386384, 0.0016000000400000006, 38.409116291824944
2025-03-30 16:18:13,494 - 2025-03-30T16:18:13.494124, 3.5781772861060537, 0.0, -1.0820538539362472, 51.44068370810929, 64.12159770704528, -40.898227484609855, 0.0016000000400000006, 38.55931629189071
2025-03-30 16:18:13,553 - 2025-03-30T16:18:13.553363, 3.5846711703262155, 0.0, -1.086945629455946, 51.42838370810389, 64.33910610324457, -40.74423587160451, 0.0016000000400000006, 38.57161629189611
2025-03-30 16:18:13,614 - 2025-03-30T16:18:13.614694, 3.590838521437963, 0.0, -1.092350606816161, 51.233383708018636, 64.54641252701424, -40.573113046460946, 0.0016000000400000006, 38.766616291981364
2025-03-30 16:18:13,677 - 2025-03-30T16:18:13.677775, 3.597332405658125, 0.0, -1.0972423823358604, 51.09468370795806, 64.76392092321353, -40.41912143345558, 0.0016000000400000006, 38.90531629204194
2025-03-30 16:18:13,734 - 2025-03-30T16:18:13.734497, 3.6037897685075757, 0.0, -1.1027734278998138, 50.9695837079035, 64.98085164287278, -40.244148774805325, 0.0016000000400000006, 39.0304162920965
2025-03-30 16:18:13,793 - 2025-03-30T16:18:13.793231, 3.6100163661881695, 0.0, -1.1079627902232625, 50.81308370783532, 65.18989052050817, -40.080147940135134, 0.0016000000400000006, 39.18691629216468
2025-03-30 16:18:13,853 - 2025-03-30T16:18:13.853931, 3.6163097855036552, 0.0, -1.1130777558457732, 50.75678370781082, 65.40104677778454, -39.91864941088117, 0.0016000000400000006, 39.24321629218918
2025-03-30 16:18:13,913 - 2025-03-30T16:18:13.913273, 3.622603204819141, 0.0, -1.1181927214682839, 50.63368370775727, 65.61220303506092, -39.75715088162721, 0.0016000000400000006, 39.36631629224273
2025-03-30 16:18:13,974 - 2025-03-30T16:18:13.974108, 3.6286810090978605, 0.0, -1.123248440521948, 50.657883707767795, 65.81623730186392, -39.59738480623898, 0.0016000000400000006, 39.342116292232205
2025-03-30 16:18:14,034 - 2025-03-30T16:18:14.034187, 3.63493033197659, 0.0, -1.1288614578528842, 50.50238370770023, 66.02643095682501, -39.41952491639728, 0.0016000000400000006, 39.49761629229977
2025-03-30 16:18:14,095 - 2025-03-30T16:18:14.095025, 3.6410749578902015, 0.0, -1.1338427802056108, 50.23578370758459, 66.23258260326898, -39.26226114642525, 0.0016000000400000006, 39.76421629241541
2025-03-30 16:18:14,154 - 2025-03-30T16:18:14.154260, 3.6474503489726695, 0.0, -1.139165785798843, 50.136583707541625, 66.44662609173679, -39.09402555247314, 0.0016000000400000006, 39.863416292458375
2025-03-30 16:18:14,213 - 2025-03-30T16:18:14.213256, 3.653394509981605, 0.0, -1.144370298254382, 49.914583707445594, 66.64642559925787, -38.929254866252485, 0.0016000000400000006, 40.085416292554406
2025-03-30 16:18:14,275 - 2025-03-30T16:18:14.275707, 3.65951018959055, 0.0, -1.1501321089871928, 49.79438370739366, 66.85238449493701, -38.74639036557837, 0.0016000000400000006, 40.20561629260634
2025-03-30 16:18:14,334 - 2025-03-30T16:18:14.333989, 3.665328282395746, 0.0, -1.155626633180435, 49.56178370729332, 67.04833416895134, -38.57199538346816, 0.0016000000400000006, 40.43821629270668
2025-03-30 16:18:14,394 - 2025-03-30T16:18:14.394040, 3.6714880584414478, 0.0, -1.1608903922048204, 49.6238837073201, 67.25525566694577, -38.40549224338178, 0.0016000000400000006, 40.3761162926799
2025-03-30 16:18:14,456 - 2025-03-30T16:18:14.456118, 3.677714656122042, 0.0, -1.1660797545282686, 49.423083707233594, 67.4642945445812, -38.24149140871161, 0.0016000000400000006, 40.576916292766406
2025-03-30 16:18:14,513 - 2025-03-30T16:18:14.513444, 3.6836815423291123, 0.0, -1.1717079219912954, 49.201283707138195, 67.66524882942792, -38.06286166731944, 0.0016000000400000006, 40.798716292861805
2025-03-30 16:18:14,574 - 2025-03-30T16:18:14.573983, 3.689640853470138, 0.0, -1.177194871118492, 49.06768370708082, 67.86581818849945, -37.88885161098447, 0.0016000000400000006, 40.93231629291918
2025-03-30 16:18:14,633 - 2025-03-30T16:18:14.633331, 3.695823354713975, 0.0, -1.1828822851503658, 48.80658370696888, 68.07389446381956, -37.708489415726554, 0.0016000000400000006, 41.19341629303112
2025-03-30 16:18:14,693 - 2025-03-30T16:18:14.693249, 3.702191170730398, 0.0, -1.188064072407769, 48.68728370691779, 68.28755302651213, -37.54487350683161, 0.0016000000400000006, 41.31271629308221
2025-03-30 16:18:14,755 - 2025-03-30T16:18:14.754977, 3.7084556437412175, 0.0, -1.1939595264103637, 48.44918370681598, 68.49851653302369, -37.35777424687555, 0.0016000000400000006, 41.55081629318402
2025-03-30 16:18:14,814 - 2025-03-30T16:18:14.814164, 3.714756638122749, 0.0, -1.199215710368704, 48.421883706804316, 68.71005771607531, -37.19165603256441, 0.0016000000400000006, 41.578116293195684
2025-03-30 16:18:14,873 - 2025-03-30T16:18:14.873773, 3.7207979210307567, 0.0, -1.2049106994666228, 48.24218370672763, 68.91351430633824, -37.01090891153127, 0.0016000000400000006, 41.75781629327237
2025-03-30 16:18:14,933 - 2025-03-30T16:18:14.933207, 3.726631163968043, 0.0, -1.2106876603315238, 47.95488370660525, 69.11023383190306, -36.8272745593067, 0.0016000000400000006, 42.04511629339475
2025-03-30 16:18:14,994 - 2025-03-30T16:18:14.994302, 3.732672446876051, 0.0, -1.2163826494294425, 47.91788370658951, 69.31369042216599, -36.64652743827356, 0.0016000000400000006, 42.08211629341049
2025-03-30 16:18:15,053 - 2025-03-30T16:18:15.053438, 3.738862523185933, 0.0, -1.2222112817971453, 47.75898370652196, 69.52215162326134, -36.46154555795847, 0.0016000000400000006, 42.24101629347804
2025-03-30 16:18:15,113 - 2025-03-30T16:18:15.113303, 3.7448294093930037, 0.0, -1.2278394492601716, 47.604283706456286, 69.7231059081081, -36.282915816566316, 0.0016000000400000006, 42.395716293543714
2025-03-30 16:18:15,173 - 2025-03-30T16:18:15.173642, 3.750721898899137, 0.0, -1.2334007950883068, 47.351083706348945, 69.92155788753863, -36.1064034548151, 0.0016000000400000006, 42.648916293651055
2025-03-30 16:18:15,236 - 2025-03-30T16:18:15.236389, 3.756555141836423, 0.0, -1.2391777559532073, 47.20798370628838, 70.11827741310341, -35.92276910259055, 0.0016000000400000006, 42.79201629371162
2025-03-30 16:18:15,294 - 2025-03-30T16:18:15.294499, 3.7621424694727628, 0.0, -1.244330596905944, 47.02798370621226, 70.30633524509393, -35.75934594446043, 0.0016000000400000006, 42.97201629378774
2025-03-30 16:18:15,353 - 2025-03-30T16:18:15.353381, 3.7677600973732823, 0.0, -1.250048311201998, 46.897083706156984, 70.49593278018534, -35.5774440461016, 0.0016000000400000006, 43.102916293843016
2025-03-30 16:18:15,414 - 2025-03-30T16:18:15.414358, 3.7734445469086944, 0.0, -1.2556916287971154, 46.66128370605755, 70.68764769491774, -35.39804445315895, 0.0016000000400000006, 43.33871629394245
2025-03-30 16:18:15,473 - 2025-03-30T16:18:15.473695, 3.7792550646478453, 0.0, -1.261044934654528, 46.461983705973644, 70.88321244315685, -35.228269156105924, 0.0016000000400000006, 43.538016294026356
2025-03-30 16:18:15,535 - 2025-03-30T16:18:15.535749, 3.7848058709134724, 0.0, -1.2668370456515192, 46.12528370583219, 71.07069259860728, -35.04386495233089, 0.0016000000400000006, 43.87471629416781
2025-03-30 16:18:15,594 - 2025-03-30T16:18:15.593968, 3.790438648946083, 0.0, -1.272837196619232, 45.72138370566295, 71.26105998524918, -34.85272368385771, 0.0016000000400000006, 44.278616294337056
2025-03-30 16:18:15,653 - 2025-03-30T16:18:15.653238, 3.795647771971205, 0.0, -1.2788600727850805, 45.383183705521624, 71.4375683167195, -34.66042763805883, 0.0016000000400000006, 44.616816294478376
2025-03-30 16:18:15,713 - 2025-03-30T16:18:15.713169, 3.801578136807564, 0.0, -1.2851275102923618, 44.77228370526722, 71.6379449250262, -34.46081685102176, 0.0016000000400000006, 45.22771629473278
2025-03-30 16:18:15,773 - 2025-03-30T16:18:15.773252, 3.8067431633959297, 0.0, -1.2916484381666358, 44.23248370504337, 71.8134906541813, -34.25215944463514, 0.0016000000400000006, 45.76751629495663
2025-03-30 16:18:15,833 - 2025-03-30T16:18:15.833887, 3.811975011619187, 0.0, -1.2980949693399717, 43.66968370481089, 71.99115376297733, -34.04600434366474, 0.0016000000400000006, 46.33031629518911
2025-03-30 16:18:15,895 - 2025-03-30T16:18:15.895506, 3.8170732165726604, 0.0, -1.3046902939151828, 43.058683704559556, 72.16458211249144, -33.83484463186193, 0.0016000000400000006, 46.941316295440444
2025-03-30 16:18:15,933 - 2025-03-30T16:18:15.933259, 3.8204299971403963, 0.0, -1.3091838475445576, 42.51178370433544, 72.27891773433194, -33.69086339203021, 0.0016000000400000006, 47.48821629566456
2025-03-30 16:18:15,993 - 2025-03-30T16:18:15.993182, 3.8251789437873187, 0.0, -1.315868718952796, 41.88358370407907, 72.44098933409072, -33.47643152326073, 0.0016000000400000006, 48.11641629592093
2025-03-30 16:18:16,034 - 2025-03-30T16:18:16.034389, 3.8286101210559917, 0.0, -1.3204290942170633, 41.36518370386831, 72.5578272613474, -33.33033290378802, 0.0016000000400000006, 48.63481629613169
2025-03-30 16:18:16,093 - 2025-03-30T16:18:16.093244, 3.833143452666148, 0.0, -1.3270547190564548, 40.62548370356882, 72.7127768706328, -33.11763348888429, 0.0016000000400000006, 49.37451629643118
2025-03-30 16:18:16,135 - 2025-03-30T16:18:16.135548, 3.836158549993378, 0.0, -1.331779037854687, 40.09368370335439, 72.8161406684932, -32.965760407028704, 0.0016000000400000006, 49.90631629664561
2025-03-30 16:18:16,173 - 2025-03-30T16:18:16.173912, 3.8392404689555004, 0.0, -1.3364289599519816, 39.457483703098795, 72.92162184599457, -32.81638963058934, 0.0016000000400000006, 50.542516296901205
2025-03-30 16:18:16,233 - 2025-03-30T16:18:16.233930, 3.84407896243545, 0.0, -1.3434630896667712, 38.58978370275185, 73.08696560272, -32.59060101206453, 0.0016000000400000006, 51.41021629724815
2025-03-30 16:18:16,276 - 2025-03-30T16:18:16.275989, 3.847012087995698, 0.0, -1.3479793684942818, 38.087983702552044, 73.18744216938897, -32.445464994907105, 0.0016000000400000006, 51.912016297447956
2025-03-30 16:18:16,313 - 2025-03-30T16:18:16.313512, 3.8501015820238655, 0.0, -1.3527705089274056, 37.56948370234624, 73.29330827266557, -32.291474533410565, 0.0016000000400000006, 52.43051629765376
2025-03-30 16:18:16,353 - 2025-03-30T16:18:16.353605, 3.8529086393803746, 0.0, -1.3575767994926204, 36.969483702108874, 73.38993500582785, -32.13671422036355, 0.0016000000400000006, 53.030516297891126
2025-03-30 16:18:16,394 - 2025-03-30T16:18:16.394160, 3.8558493400066673, 0.0, -1.3622342966559602, 36.41328370188957, 73.49079649827203, -31.98695851814895, 0.0016000000400000006, 53.58671629811043
2025-03-30 16:18:16,434 - 2025-03-30T16:18:16.434086, 3.8585000288952567, 0.0, -1.3667657256155614, 35.84238370166519, 73.58203369482666, -31.84105264944105, 0.0016000000400000006, 54.15761629833481
2025-03-30 16:18:16,473 - 2025-03-30T16:18:16.473414, 3.861307086251765, 0.0, -1.3715720161807754, 35.340683701468606, 73.67866042798889, -31.68629233639406, 0.0016000000400000006, 54.659316298531394
2025-03-30 16:18:16,516 - 2025-03-30T16:18:16.516171, 3.864188540309211, 0.0, -1.3764451283808823, 34.84458370127475, 73.77778946656734, -31.52941464370607, 0.0016000000400000006, 55.15541629872525
2025-03-30 16:18:16,553 - 2025-03-30T16:18:16.553763, 3.8669363510968733, 0.0, -1.3814670339828634, 34.17608370101437, 73.87268374586387, -31.367532340185672, 0.0016000000400000006, 55.82391629898563
2025-03-30 16:18:16,614 - 2025-03-30T16:18:16.614648, 3.8708682879930003, 0.0, -1.3887622291306903, 33.26458370066082, 74.0085769383805, -31.132312176536107, 0.0016000000400000006, 56.73541629933918
2025-03-30 16:18:16,656 - 2025-03-30T16:18:16.656504, 3.873415633875986, 0.0, -1.3940073248354832, 32.704983700444615, 74.0971190787541, -30.962922956767105, 0.0016000000400000006, 57.295016299555385
2025-03-30 16:18:16,693 - 2025-03-30T16:18:16.693703, 3.876304662999477, 0.0, -1.3990216553714192, 32.245283700267464, 74.19663304310777, -30.801425579021945, 0.0016000000400000006, 57.754716299732536
2025-03-30 16:18:16,737 - 2025-03-30T16:18:16.737183, 3.8787107905466334, 0.0, -1.4042743261422572, 31.61438370002499, 74.2805554984242, -30.631651433477714, 0.0016000000400000006, 58.38561629997502
2025-03-30 16:18:16,773 - 2025-03-30T16:18:16.773761, 3.881034946326807, 0.0, -1.409318956942374, 31.053583699810115, 74.36159072254918, -30.46861435263162, 0.0016000000400000006, 58.94641630018988
2025-03-30 16:18:16,814 - 2025-03-30T16:18:16.814301, 3.883269555273953, 0.0, -1.4140143294359397, 30.492083699595526, 74.4393537897075, -30.316934021540863, 0.0016000000400000006, 59.507916300404474
2025-03-30 16:18:16,855 - 2025-03-30T16:18:16.855740, 3.885370520951315, 0.0, -1.4188584953313796, 29.945183699387112, 74.51288209758386, -30.160249079617714, 0.0016000000400000006, 60.05481630061289
2025-03-30 16:18:16,893 - 2025-03-30T16:18:16.893705, 3.8876946767314893, 0.0, -1.4239031261314965, 29.479983699210223, 74.59391732170886, -29.99721199877162, 0.0016000000400000006, 60.52001630078978
2025-03-30 16:18:16,935 - 2025-03-30T16:18:16.935424, 3.8895359309353275, 0.0, -1.4291860971665153, 28.867883698978044, 74.65936103679655, -29.82589815012646, 0.0016000000400000006, 61.13211630102195
2025-03-30 16:18:16,993 - 2025-03-30T16:18:16.993250, 3.892538586049496, 0.0, -1.4363187027398912, 28.17568369871627, 74.76464888777872, -29.595105496523676, 0.0016000000400000006, 61.82431630128373
2025-03-30 16:18:17,033 - 2025-03-30T16:18:17.033731, 3.8947139484277953, 0.0, -1.441229690270224, 27.618083698505977, 74.84067950107128, -29.436303174959516, 0.0016000000400000006, 62.38191630149402
2025-03-30 16:18:17,094 - 2025-03-30T16:18:17.094221, 3.89759811040427, 0.0, -1.4487935259171332, 26.904983698237768, 74.94250244432196, -29.191266540409966, 0.0016000000400000006, 63.09501630176223
2025-03-30 16:18:17,154 - 2025-03-30T16:18:17.154335, 3.9004671222486547, 0.0, -1.456074924892384, 26.286083698005626, 75.04355553602217, -28.955469275974753, 0.0016000000400000006, 63.713916301994374
2025-03-30 16:18:17,196 - 2025-03-30T16:18:17.196791, 3.9023008013864477, 0.0, -1.4612166775915734, 25.84648369784111, 75.10861432533463, -28.788775112386773, 0.0016000000400000006, 64.15351630215889
2025-03-30 16:18:17,233 - 2025-03-30T16:18:17.233837, 3.9044988889628827, 0.0, -1.4665513201293936, 25.41348369767933, 75.1857997159529, -28.616113735651112, 0.0016000000400000006, 64.58651630232067
2025-03-30 16:18:17,273 - 2025-03-30T16:18:17.273496, 3.906458636304415, 0.0, -1.471403061090879, 24.89528369748608, 75.25470833877209, -28.45904386795272, 0.0016000000400000006, 65.10471630251392
2025-03-30 16:18:17,314 - 2025-03-30T16:18:17.314466, 3.908233068873362, 0.0, -1.476760428826835, 24.549483697357317, 75.31803467421885, -28.285227713891352, 0.0016000000400000006, 65.45051630264268
2025-03-30 16:18:17,373 - 2025-03-30T16:18:17.373397, 3.9110428341488994, 0.0, -1.4842574428388522, 23.951983697135287, 75.4173553120533, -28.042308458982774, 0.0016000000400000006, 66.04801630286471
2025-03-30 16:18:17,413 - 2025-03-30T16:18:17.413322, 3.9126684733159713, 0.0, -1.4894811673050241, 23.438183696944726, 75.47567703666762, -27.872727064203353, 0.0016000000400000006, 66.56181630305528
2025-03-30 16:18:17,453 - 2025-03-30T16:18:17.453867, 3.914427755752828, 0.0, -1.4945560983693214, 23.034383696795228, 75.5382335205639, -27.708150280256344, 0.0016000000400000006, 66.96561630320477
2025-03-30 16:18:17,493 - 2025-03-30T16:18:17.493240, 3.915986573285008, 0.0, -1.49985421953643, 22.674083696662006, 75.59443786553729, -27.536066580060744, 0.0016000000400000006, 67.32591630333799
2025-03-30 16:18:17,534 - 2025-03-30T16:18:17.534733, 3.91776858092, 0.0, -1.5053528056082155, 22.205083696488845, 75.65814912675924, -27.3576307409422, 0.0016000000400000006, 67.79491630351116
2025-03-30 16:18:17,573 - 2025-03-30T16:18:17.573725, 3.9195354384229013, 0.0, -1.5105689550083419, 21.74858369632056, 75.72109053643075, -27.188434271938018, 0.0016000000400000006, 68.25141630367943
2025-03-30 16:18:17,616 - 2025-03-30T16:18:17.616321, 3.9211018310211263, 0.0, -1.5160082945112805, 21.325983696165014, 75.77767980717934, -27.011730886685214, 0.0016000000400000006, 68.67401630383499
2025-03-30 16:18:17,654 - 2025-03-30T16:18:17.654239, 3.9226530734872616, 0.0, -1.52116519734256, 20.939583696022968, 75.83349922637746, -26.84426687154678, 0.0016000000400000006, 69.06041630397704
2025-03-30 16:18:17,717 - 2025-03-30T16:18:17.717413, 3.925061908953446, 0.0, -1.5291085915602007, 20.40248369582585, 75.92011558636611, -26.58633378414097, 0.0016000000400000006, 69.59751630417415
2025-03-30 16:18:17,753 - 2025-03-30T16:18:17.753589, 3.9263975363828143, 0.0, -1.5342062478226333, 19.886083695636586, 75.96881301509082, -26.420602222868276, 0.0016000000400000006, 70.11391630436341
2025-03-30 16:18:17,813 - 2025-03-30T16:18:17.813588, 3.9282855949424387, 0.0, -1.5416818905960294, 19.29578369542066, 76.03791323716604, -26.17749079294928, 0.0016000000400000006, 70.70421630457935
2025-03-30 16:18:17,857 - 2025-03-30T16:18:17.857038, 3.929695619072744, 0.0, -1.5468463684933544, 18.901983695276808, 76.08911297130699, -26.0096418520356, 0.0016000000400000006, 71.09801630472319
2025-03-30 16:18:17,893 - 2025-03-30T16:18:17.893637, 3.930897603232328, 0.0, -1.5520928181576616, 18.556683695150813, 76.13357564074977, -25.83890567993049, 0.0016000000400000006, 71.44331630484919
2025-03-30 16:18:17,934 - 2025-03-30T16:18:17.934609, 3.932382024063571, 0.0, -1.5573241176898782, 18.18388369501491, 76.18727768030695, -25.668939359375855, 0.0016000000400000006, 71.81611630498509
2025-03-30 16:18:17,973 - 2025-03-30T16:18:17.973814, 3.9337176514929393, 0.0, -1.5624217739523112, 17.77658369486661, 76.23597510903168, -25.503207798103148, 0.0016000000400000006, 72.22341630513338
2025-03-30 16:18:18,016 - 2025-03-30T16:18:18.016355, 3.9351579758874258, 0.0, -1.5681511251929532, 17.354283694713015, 76.28871454627358, -25.316880116960775, 0.0016000000400000006, 72.64571630528698
2025-03-30 16:18:18,053 - 2025-03-30T16:18:18.053198, 3.936634821652623, 0.0, -1.5732412063893406, 17.076983694612238, 76.34203166005548, -25.15153348146331, 0.0016000000400000006, 72.92301630538776
2025-03-30 16:18:18,095 - 2025-03-30T16:18:18.095030, 3.9379780241480367, 0.0, -1.5784800809876027, 16.77678369450325, 76.39111401455546, -24.98118223513343, 0.0016000000400000006, 73.22321630549675
2025-03-30 16:18:18,133 - 2025-03-30T16:18:18.133356, 3.9391800083076207, 0.0, -1.58372653065191, 16.321083694337922, 76.43557668399828, -24.810446063028323, 0.0016000000400000006, 73.67891630566209
2025-03-30 16:18:18,174 - 2025-03-30T16:18:18.174473, 3.940835947738874, 0.0, -1.5895151284613989, 16.02498369423064, 76.49543811171353, -24.62238592802021, 0.0016000000400000006, 73.97501630576936
2025-03-30 16:18:18,213 - 2025-03-30T16:18:18.213283, 3.9418298919277364, 0.0, -1.5948435498926887, 15.739683694127313, 76.53316371645818, -24.448762524723662, 0.0016000000400000006, 74.26031630587269
2025-03-30 16:18:18,253 - 2025-03-30T16:18:18.253233, 3.943106272788258, 0.0, -1.600156821191888, 15.419383694011392, 76.58012869131721, -24.275908972977582, 0.0016000000400000006, 74.58061630598861
2025-03-30 16:18:18,294 - 2025-03-30T16:18:18.294034, 3.9441670386120125, 0.0, -1.6054108459222403, 15.036383693872917, 76.61997167570283, -24.104787875097244, 0.0016000000400000006, 74.96361630612708
2025-03-30 16:18:18,333 - 2025-03-30T16:18:18.333522, 3.9454509945385787, 0.0, -1.610865335557269, 14.687883693747017, 76.66732157633703, -23.927314638293986, 0.0016000000400000006, 75.31211630625299
2025-03-30 16:18:18,373 - 2025-03-30T16:18:18.373659, 3.9465117603623336, 0.0, -1.6161193602876214, 14.448083693660422, 76.70716456072267, -23.75619354041365, 0.0016000000400000006, 75.55191630633958
2025-03-30 16:18:18,413 - 2025-03-30T16:18:18.413724, 3.9475725261860886, 0.0, -1.6213733850179732, 14.143683693550603, 76.74700754510832, -23.585072442533328, 0.0016000000400000006, 75.8563163064494
2025-03-30 16:18:18,455 - 2025-03-30T16:18:18.455163, 3.948492073674014, 0.0, -1.6266349848143706, 14.007683693501544, 76.78223084443678, -23.413566418877764, 0.0016000000400000006, 75.99231630649845
2025-03-30 16:18:18,493 - 2025-03-30T16:18:18.493894, 3.9496120860666157, 0.0, -1.6316733945079567, 13.766683693414656, 76.82380628268814, -23.249567311470795, 0.0016000000400000006, 76.23331630658535
2025-03-30 16:18:18,535 - 2025-03-30T16:18:18.535087, 3.9506136053215233, 0.0, -1.6371430342750757, 13.385083693277187, 76.86191681320801, -23.071324223117077, 0.0016000000400000006, 76.61491630672282
2025-03-30 16:18:18,573 - 2025-03-30T16:18:18.573454, 3.951607549510386, 0.0, -1.642471455706365, 13.168183693199106, 76.89964241795266, -22.897700819820543, 0.0016000000400000006, 76.83181630680089
2025-03-30 16:18:18,617 - 2025-03-30T16:18:18.617240, 3.9524086038606177, 0.0, -1.648164285576296, 12.864783693089908, 76.93140080954963, -22.711950815218213, 0.0016000000400000006, 77.1352163069101
2025-03-30 16:18:18,673 - 2025-03-30T16:18:18.673558, 3.9538061857778612, 0.0, -1.6557370502487645, 12.532583692970444, 76.98452459681235, -22.465182302557327, 0.0016000000400000006, 77.46741630702955
2025-03-30 16:18:18,733 - 2025-03-30T16:18:18.733417, 3.9551369460602133, 0.0, -1.663384211622171, 12.206283692853166, 77.03553100443409, -22.21591148448021, 0.0016000000400000006, 77.79371630714684
2025-03-30 16:18:18,773 - 2025-03-30T16:18:18.773471, 3.955840878511372, 0.0, -1.6685865648497216, 11.917683692749511, 77.06363231328912, -22.046137914690387, 0.0016000000400000006, 78.08231630725051
2025-03-30 16:18:18,813 - 2025-03-30T16:18:18.813653, 3.95668602929836, 0.0, -1.673781343011227, 11.573283692625854, 77.09635330720138, -21.876749270675788, 0.0016000000400000006, 78.42671630737415
2025-03-30 16:18:18,853 - 2025-03-30T16:18:18.853469, 3.9574719335165014, 0.0, -1.679191736209499, 11.372283692553745, 77.12734184724789, -21.700238636187816, 0.0016000000400000006, 78.62771630744625
2025-03-30 16:18:18,893 - 2025-03-30T16:18:18.893420, 3.958473452771409, 0.0, -1.684661375976618, 11.058783692441304, 77.16545237776776, -21.52199554783409, 0.0016000000400000006, 78.94121630755869
2025-03-30 16:18:18,937 - 2025-03-30T16:18:18.937268, 3.9592076854867484, 0.0, -1.6904286025474855, 10.728183692322798, 77.19509338972378, -21.333743237815575, 0.0016000000400000006, 79.2718163076772
2025-03-30 16:18:18,973 - 2025-03-30T16:18:18.973665, 3.960067986405827, 0.0, -1.6959058173806496, 10.445483692221506, 77.22858423518647, -21.155115223686632, 0.0016000000400000006, 79.5545163077785
2025-03-30 16:18:19,016 - 2025-03-30T16:18:19.016195, 3.9605638788862643, 0.0, -1.7011901423751827, 10.049283692079616, 77.2499484793434, -20.982454422705363, 0.0016000000400000006, 79.95071630792039
2025-03-30 16:18:19,053 - 2025-03-30T16:18:19.053900, 3.9612981116016037, 0.0, -1.7069573689460507, 9.832683692002108, 77.27958949129938, -20.794202112686833, 0.0016000000400000006, 80.1673163079979
2025-03-30 16:18:19,094 - 2025-03-30T16:18:19.093968, 3.961794004082041, 0.0, -1.7122416939405838, 9.51238369188751, 77.3009537354563, -20.621541311705567, 0.0016000000400000006, 80.4876163081125
2025-03-30 16:18:19,133 - 2025-03-30T16:18:19.133727, 3.962379443395506, 0.0, -1.7178752772416672, 9.198083691775112, 77.3255901365799, -20.437523760968993, 0.0016000000400000006, 80.80191630822489
2025-03-30 16:18:19,175 - 2025-03-30T16:18:19.175126, 3.9630468544759534, 0.0, -1.7237169005134727, 8.94818369168578, 77.3531137688949, -20.24676914553425, 0.0016000000400000006, 81.05181630831422
2025-03-30 16:18:19,213 - 2025-03-30T16:18:19.213507, 3.96368396529222, 0.0, -1.7289936504419603, 8.712383691601515, 77.379097698109, -20.07449327032823, 0.0016000000400000006, 81.28761630839848
2025-03-30 16:18:19,255 - 2025-03-30T16:18:19.255888, 3.9642542544735946, 0.0, -1.7343447970713854, 8.395283691488247, 77.40296424768215, -19.899715089705985, 0.0016000000400000006, 81.60471630851175
2025-03-30 16:18:19,294 - 2025-03-30T16:18:19.294019, 3.964542106983311, 0.0, -1.7397110938329012, 8.170483691407961, 77.41759142714093, -19.72416705753328, 0.0016000000400000006, 81.82951630859203
2025-03-30 16:18:19,334 - 2025-03-30T16:18:19.334267, 3.9648967811279183, 0.0, -1.745002993893479, 7.8888836913074565, 77.43433598624067, -19.5511213307768, 0.0016000000400000006, 82.11111630869254
2025-03-30 16:18:19,373 - 2025-03-30T16:18:19.373820, 3.9653258519734638, 0.0, -1.7503617155889493, 7.547883691185766, 77.4535828507566, -19.375958224379332, 0.0016000000400000006, 82.45211630881424
2025-03-30 16:18:19,413 - 2025-03-30T16:18:19.413604, 3.965621279549225, 0.0, -1.7558692306862937, 7.189683691058, 77.46859495599062, -19.195790507149475, 0.0016000000400000006, 82.810316308942
2025-03-30 16:18:19,456 - 2025-03-30T16:18:19.455975, 3.966355512264564, 0.0, -1.7616364572571617, 6.940283690969042, 77.49823596794661, -19.00753819713094, 0.0016000000400000006, 83.05971630903096
2025-03-30 16:18:19,513 - 2025-03-30T16:18:19.513206, 3.9669057841668325, 0.0, -1.7692546723259017, 6.425483690785545, 77.52364164486626, -18.758460129818655, 0.0016000000400000006, 83.57451630921447
2025-03-30 16:18:19,555 - 2025-03-30T16:18:19.555470, 3.9674912234802973, 0.0, -1.7748882556269852, 6.289283690737019, 77.54827804598986, -18.574442579082074, 0.0016000000400000006, 83.71071630926298
2025-03-30 16:18:19,594 - 2025-03-30T16:18:19.594206, 3.967779075990013, 0.0, -1.7802545523885005, 5.9657836906217785, 77.56290522544862, -18.398894546909382, 0.0016000000400000006, 84.03421630937822
2025-03-30 16:18:19,633 - 2025-03-30T16:18:19.633208, 3.968505733639307, 0.0, -1.7858805606235393, 5.747083690543882, 77.59216131162938, -18.215261921948024, 0.0016000000400000006, 84.25291630945611
2025-03-30 16:18:19,673 - 2025-03-30T16:18:19.673415, 3.968593121244347, 0.0, -1.7914700474878664, 5.445783690436601, 77.60043635216525, -18.032206973526716, 0.0016000000400000006, 84.5542163095634
2025-03-30 16:18:19,713 - 2025-03-30T16:18:19.713311, 3.9688885488201078, 0.0, -1.7969775625852114, 5.15518369033313, 77.61544845739922, -17.852039256296838, 0.0016000000400000006, 84.84481630966687
2025-03-30 16:18:19,754 - 2025-03-30T16:18:19.754501, 3.9691764013298236, 0.0, -1.8023438593467267, 4.854683690226188, 77.63007563685801, -17.676491224124145, 0.0016000000400000006, 85.14531630977382
2025-03-30 16:18:19,794 - 2025-03-30T16:18:19.794147, 3.9693381856358005, 0.0, -1.8080001678459459, 4.54528369011609, 77.64085298281006, -17.491318896061866, 0.0016000000400000006, 85.4547163098839
2025-03-30 16:18:19,834 - 2025-03-30T16:18:19.834541, 3.9694179981747952, 0.0, -1.8134484363744434, 4.201383689993747, 77.64874309757069, -17.312883632697744, 0.0016000000400000006, 85.79861631000625
2025-03-30 16:18:19,873 - 2025-03-30T16:18:19.873913, 3.9692746206109777, 0.0, -1.818696239998265, 3.940283689900893, 77.6491262960827, -17.140800508256532, 0.0016000000400000006, 86.0597163100991
2025-03-30 16:18:19,916 - 2025-03-30T16:18:19.913453, 3.969503226551847, 0.0, -1.8242781517965467, 3.657283689800247, 77.66202102167577, -16.95813048561046, 0.0016000000400000006, 86.34271631019975
2025-03-30 16:18:19,953 - 2025-03-30T16:18:19.953448, 3.9696574357917784, 0.0, -1.8297932419599368, 3.396983689707681, 77.67241344185257, -16.777577842605353, 0.0016000000400000006, 86.60301631029232
2025-03-30 16:18:19,996 - 2025-03-30T16:18:19.996399, 3.9695960299949435, 0.0, -1.8352490855544796, 3.041883689581434, 77.67568387155603, -16.598757653465995, 0.0016000000400000006, 86.95811631041856
2025-03-30 16:18:20,033 - 2025-03-30T16:18:20.033269, 3.9696014458330007, 0.0, -1.8406305324480854, 2.825183689504397, 77.68107168090044, -16.422439769742834, 0.0016000000400000006, 87.1748163104956
2025-03-30 16:18:20,074 - 2025-03-30T16:18:20.074797, 3.9693912466342915, 0.0, -1.8459527327728442, 2.489583689385128, 77.67933749977148, -16.24785433988542, 0.0016000000400000006, 87.51041631061487
2025-03-30 16:18:20,113 - 2025-03-30T16:18:20.113281, 3.9693222657714116, 0.0, -1.8512673580315575, 2.3087836893208586, 77.68222300369969, -16.073653835803245, 0.0016000000400000006, 87.69121631067914
2025-03-30 16:18:20,155 - 2025-03-30T16:18:20.155353, 3.96904524493781, 0.0, -1.856663955057254, 2.1005836892468976, 77.67837144292977, -15.896566100529611, 0.0016000000400000006, 87.8994163107531
2025-03-30 16:18:20,194 - 2025-03-30T16:18:20.194127, 3.968917017506083, 0.0, -1.8621941953527341, 1.7831836891340977, 77.67952449299226, -15.715243605974047, 0.0016000000400000006, 88.21681631086591
2025-03-30 16:18:20,233 - 2025-03-30T16:18:20.233812, 3.9687736399422655, 0.0, -1.8674419989765552, 1.4921836890306994, 77.67990769150427, -15.543160481532848, 0.0016000000400000006, 88.5078163109693
2025-03-30 16:18:20,273 - 2025-03-30T16:18:20.273649, 3.968630262378448, 0.0, -1.872689802600377, 1.1712836889166809, 77.68029089001627, -15.371077357091622, 0.0016000000400000006, 88.82871631108333
2025-03-30 16:18:20,313 - 2025-03-30T16:18:20.313207, 3.968435213311829, 0.0, -1.8782944395967944, 1.0591836888768842, 77.67932656043776, -15.187252557119859, 0.0016000000400000006, 88.94081631112311
2025-03-30 16:18:20,353 - 2025-03-30T16:18:20.353284, 3.968366232448949, 0.0, -1.883609064855508, 0.7584836887700419, 77.682212064366, -15.013052053037674, 0.0016000000400000006, 89.24151631122996
2025-03-30 16:18:20,393 - 2025-03-30T16:18:20.393032, 3.9677399533087967, 0.0, -1.8890952087142314, 0.40528368864456477, 77.66700375384073, -14.832692160797396, 0.0016000000400000006, 89.59471631135544
2025-03-30 16:18:20,433 - 2025-03-30T16:18:20.433721, 3.9678273409138365, 0.0, -1.8946846955785583, 0.08408368853047966, 77.6752787943766, -14.649637212376097, 0.0016000000400000006, 89.91591631146952
2025-03-30 16:18:20,474 - 2025-03-30T16:18:20.474149, 3.967483498445343, 0.0, -1.9001556893051919, -0.2391163115842872, 77.66930985396569, -14.470047171686263, 0.0016000000400000006, 90.23911631158428
2025-03-30 16:18:20,514 - 2025-03-30T16:18:20.514173, 3.967147231042895, 0.0, -1.9057679013676543, -0.5211163116844902, 77.66372583933003, -14.28583744593927, 0.0016000000400000006, 90.5211163116845
2025-03-30 16:18:20,553 - 2025-03-30T16:18:20.553426, 3.9670782501800144, 0.0, -1.9110825266263678, -0.7044163117496375, 77.66661134325821, -14.111636941857093, 0.0016000000400000006, 90.70441631174964
2025-03-30 16:18:20,593 - 2025-03-30T16:18:20.593628, 3.9665931893756916, 0.0, -1.9165610954190462, -1.0761163118816754, 77.65602271779017, -13.931661975392037, 0.0016000000400000006, 91.07611631188168
2025-03-30 16:18:20,634 - 2025-03-30T16:18:20.634118, 3.966197675404396, 0.0, -1.9223889225182758, -1.3129163119657985, 77.64870624928872, -13.740330259171644, 0.0016000000400000006, 91.3129163119658
2025-03-30 16:18:20,677 - 2025-03-30T16:18:20.677421, 3.965512149695397, 0.0, -1.9280906814137655, -1.7544163121226384, 77.63176548489774, -13.552848376457995, 0.0016000000400000006, 91.75441631212266
2025-03-30 16:18:20,713 - 2025-03-30T16:18:20.713084, 3.965286800364597, 0.0, -1.9331304450668658, -2.000816312210217, 77.62926145221833, -13.387502316714928, 0.0016000000400000006, 92.00081631221022
2025-03-30 16:18:20,757 - 2025-03-30T16:18:20.756950, 3.964578549457462, 0.0, -1.9384085489548677, -2.1383163122590494, 77.61116591050161, -13.213879489172793, 0.0016000000400000006, 92.13831631225905
2025-03-30 16:18:20,793 - 2025-03-30T16:18:20.793326, 3.9640190919522023, 0.0, -1.943820296112654, -2.492216312384826, 77.59807497961734, -13.036021902348718, 0.0016000000400000006, 92.49221631238483
2025-03-30 16:18:20,833 - 2025-03-30T16:18:20.833564, 3.963585702650681, 0.0, -1.9489420315327364, -2.58561631241806, 77.58883388223975, -12.867788611414221, 0.0016000000400000006, 92.58561631241805
2025-03-30 16:18:20,873 - 2025-03-30T16:18:20.873910, 3.9629594235105285, 0.0, -1.95442817539146, -2.945716312546062, 77.5736255717145, -12.68742871917393, 0.0016000000400000006, 92.94571631254607
2025-03-30 16:18:20,916 - 2025-03-30T16:18:20.916353, 3.9627051278750627, 0.0, -1.9602484274246441, -3.2602163126578274, 77.57092878827027, -12.496481928728787, 0.0016000000400000006, 93.26021631265783
2025-03-30 16:18:20,973 - 2025-03-30T16:18:20.973726, 3.961411986345504, 0.0, -1.9678239000161417, -3.8163163128555966, 77.5358936336714, -12.24701951139568, 0.0016000000400000006, 93.81631631285559
2025-03-30 16:18:21,017 - 2025-03-30T16:18:21.017273, 3.9609937471760728, 0.0, -1.9732280721078828, -4.081616312949918, 77.52742238784428, -12.069546850346823, 0.0016000000400000006, 94.08161631294992
2025-03-30 16:18:21,053 - 2025-03-30T16:18:21.053682, 3.9601291278010184, 0.0, -1.9782313143902712, -4.364416313050537, 77.50393730951997, -11.904778467143814, 0.0016000000400000006, 94.36441631305054
2025-03-30 16:18:21,095 - 2025-03-30T16:18:21.095329, 3.959785285332525, 0.0, -1.9837023081169045, -4.6869163131652325, 77.49796836910905, -11.725188426453993, 0.0016000000400000006, 94.68691631316523
2025-03-30 16:18:21,133 - 2025-03-30T16:18:21.133918, 3.9587945977537315, 0.0, -1.988995562136997, -4.879016313233624, 77.47063345727801, -11.550795747361397, 0.0016000000400000006, 94.87901631323362
2025-03-30 16:18:21,176 - 2025-03-30T16:18:21.176682, 3.958265440512652, 0.0, -1.9949721826381006, -5.140116313326555, 77.45908222949467, -11.354459420308611, 0.0016000000400000006, 95.14011631332656
2025-03-30 16:18:21,214 - 2025-03-30T16:18:21.214323, 3.957549614539472, 0.0, -2.000109068190273, -5.4510163134372664, 77.44060176200273, -11.185456277823658, 0.0016000000400000006, 95.45101631343726
2025-03-30 16:18:21,257 - 2025-03-30T16:18:21.257125, 3.956879238962563, 0.0, -2.006093263757422, -5.739716313540043, 77.42443084916218, -10.988735024995641, 0.0016000000400000006, 95.73971631354004
2025-03-30 16:18:21,293 - 2025-03-30T16:18:21.293715, 3.9561709880554283, 0.0, -2.0113713676454243, -6.031216313643866, 77.40633530744549, -10.815112197453502, 0.0016000000400000006, 96.03121631364387
2025-03-30 16:18:21,335 - 2025-03-30T16:18:21.335631, 3.955054232272896, 0.0, -2.0169546334032207, -6.293616313737357, 77.37515056210775, -10.63109522247132, 0.0016000000400000006, 96.29361631373736
2025-03-30 16:18:21,373 - 2025-03-30T16:18:21.373466, 3.9541379413950395, 0.0, -2.022314709058205, -6.486616313806102, 77.3503179556929, -10.454585163737757, 0.0016000000400000006, 96.4866163138061
2025-03-30 16:18:21,415 - 2025-03-30T16:18:21.414981, 3.9530880072473993, 0.0, -2.027823578115064, -6.821716313925581, 77.32125058999611, -10.273070494171781, 0.0016000000400000006, 96.82171631392558
2025-03-30 16:18:21,453 - 2025-03-30T16:18:21.453474, 3.952320509771418, 0.0, -2.033317297039833, -7.198416314059884, 77.30142259441368, -10.092325676156262, 0.0016000000400000006, 97.19841631405988
2025-03-30 16:18:21,493 - 2025-03-30T16:18:21.493941, 3.951270575623777, 0.0, -2.0388261660966918, -7.401316314132251, 77.2723552287169, -9.910811006590285, 0.0016000000400000006, 97.40131631413225
2025-03-30 16:18:21,536 - 2025-03-30T16:18:21.536822, 3.9500126015054158, 0.0, -2.044417006920533, -7.777316314266382, 77.23655079832199, -9.726409105832873, 0.0016000000400000006, 97.7773163142664
2025-03-30 16:18:21,594 - 2025-03-30T16:18:21.594070, 3.9487938566767937, 0.0, -2.052059301146923, -8.143316314397051, 77.2040179491393, -9.474829308858801, 0.0016000000400000006, 98.14331631439705
2025-03-30 16:18:21,634 - 2025-03-30T16:18:21.634662, 3.9477363474631084, 0.0, -2.0574269518679524, -8.42111631449622, 77.17456565766727, -9.297934324349997, 0.0016000000400000006, 98.42111631449622
2025-03-30 16:18:21,675 - 2025-03-30T16:18:21.675681, 3.9465224697815033, 0.0, -2.062519740983369, -8.600016314560152, 77.13972382958762, -9.12989378418031, 0.0016000000400000006, 98.60001631456015
2025-03-30 16:18:21,713 - 2025-03-30T16:18:21.713244, 3.9453905638668805, 0.0, -2.067820570069506, -8.801616314632215, 77.1077692326994, -8.955116179312498, 0.0016000000400000006, 98.80161631463221
2025-03-30 16:18:21,753 - 2025-03-30T16:18:21.753902, 3.944273808084348, 0.0, -2.0734038358273024, -9.162116314761034, 77.07658448736166, -8.771099204330316, 0.0016000000400000006, 99.16211631476104
2025-03-30 16:18:21,793 - 2025-03-30T16:18:21.793655, 3.9431494772357705, 0.0, -2.078845883249269, -9.382516314839853, 77.04501481624867, -8.591701914405318, 0.0016000000400000006, 99.38251631483985
2025-03-30 16:18:21,834 - 2025-03-30T16:18:21.834933, 3.941750284781579, 0.0, -2.084444299139156, -9.719516314960433, 77.00459070079654, -8.406915087872664, 0.0016000000400000006, 99.71951631496043
2025-03-30 16:18:21,874 - 2025-03-30T16:18:21.874044, 3.940900815538615, 0.0, -2.089729978093203, -10.020316315068001, 76.98187547402269, -8.232907334555309, 0.0016000000400000006, 100.020316315068
2025-03-30 16:18:21,913 - 2025-03-30T16:18:21.913551, 3.939627691288163, 0.0, -2.0950383822453857, -10.220216315139602, 76.9453011920773, -8.057744803912241, 0.0016000000400000006, 100.2202163151396
2025-03-30 16:18:21,954 - 2025-03-30T16:18:21.954099, 3.9381616771990795, 0.0, -2.10071119483621, -10.555216315259601, 76.9027596969842, -7.870455671963394, 0.0016000000400000006, 100.5552163152596
2025-03-30 16:18:21,994 - 2025-03-30T16:18:21.994295, 3.937096592919349, 0.0, -2.10593762722141, -10.827716315357254, 76.87292247973697, -7.698180372511777, 0.0016000000400000006, 100.82771631535725
2025-03-30 16:18:22,035 - 2025-03-30T16:18:22.035782, 3.9354742103623463, 0.0, -2.1113355782066203, -11.09301631545239, 76.82499144803626, -7.519745684902045, 0.0016000000400000006, 101.09301631545239
2025-03-30 16:18:22,073 - 2025-03-30T16:18:22.073878, 3.934260332680741, 0.0, -2.1164283673220363, -11.329916315537314, 76.79014961995658, -7.351705144732371, 0.0016000000400000006, 101.32991631553732
2025-03-30 16:18:22,118 - 2025-03-30T16:18:22.118022, 3.9332028234670555, 0.0, -2.121796018043066, -11.54891631561589, 76.76069732848455, -7.174810160223581, 0.0016000000400000006, 101.54891631561588
2025-03-30 16:18:22,153 - 2025-03-30T16:18:22.153291, 3.9320709175524327, 0.0, -2.1270968471292035, -11.732316315681738, 76.72874273159636, -7.000032555355743, 0.0016000000400000006, 101.73231631568174
2025-03-30 16:18:22,193 - 2025-03-30T16:18:22.193956, 3.930715821534998, 0.0, -2.1321972113106646, -12.104416315815357, 76.6892812184595, -6.83160708941084, 0.0016000000400000006, 102.10441631581536
2025-03-30 16:18:22,233 - 2025-03-30T16:18:22.233651, 3.9291602606128873, 0.0, -2.137520765594938, -12.402816315922596, 76.64346756639975, -6.655674707217315, 0.0016000000400000006, 102.40281631592259
2025-03-30 16:18:22,274 - 2025-03-30T16:18:22.274176, 3.9274042347861005, 0.0, -2.1430675099820227, -12.701416316029913, 76.59130177541712, -6.472235408775184, 0.0016000000400000006, 102.7014163160299
2025-03-30 16:18:22,317 - 2025-03-30T16:18:22.317513, 3.926049138768666, 0.0, -2.1481678741634838, -12.869016316090182, 76.55184026228027, -6.303809942830282, 0.0016000000400000006, 102.86901631609018
2025-03-30 16:18:22,354 - 2025-03-30T16:18:22.354404, 3.9245087279786453, 0.0, -2.153773865119416, -13.100116316173343, 76.506796461771, -6.1186381905223985, 0.0016000000400000006, 103.10011631617334
2025-03-30 16:18:22,393 - 2025-03-30T16:18:22.393519, 3.9229531670565345, 0.0, -2.1590974194036887, -13.257616316230061, 76.46098280971125, -5.942705808328888, 0.0016000000400000006, 103.25761631623006
2025-03-30 16:18:22,434 - 2025-03-30T16:18:22.434539, 3.921538824470253, 0.0, -2.1644133986219165, -13.594716316351496, 76.41978884270868, -5.767158351910593, 0.0016000000400000006, 103.5947163163515
2025-03-30 16:18:22,473 - 2025-03-30T16:18:22.473509, 3.920206453650954, 0.0, -2.169937417810866, -13.84181631644052, 76.38148210689752, -5.5848738307941606, 0.0016000000400000006, 103.84181631644051
2025-03-30 16:18:22,513 - 2025-03-30T16:18:22.513621, 3.9187177143637353, 0.0, -2.1751865753942017, -13.9330163164734, 76.33778583447875, -5.411443754016843, 0.0016000000400000006, 103.9330163164734
2025-03-30 16:18:22,553 - 2025-03-30T16:18:22.553682, 3.9170057849737048, 0.0, -2.1802352680728614, -14.271816316595602, 76.28658264581136, -5.244365816162435, 0.0016000000400000006, 104.2718163165956
2025-03-30 16:18:22,613 - 2025-03-30T16:18:22.613776, 3.9147316901593854, 0.0, -2.1880049844625042, -14.592216316711257, 76.21959462158749, -4.987589233345542, 0.0016000000400000006, 104.59221631671126
2025-03-30 16:18:22,653 - 2025-03-30T16:18:22.653430, 3.9131761292372746, 0.0, -2.193328538746777, -14.741816316765286, 76.17378096952774, -4.8116568511520175, 0.0016000000400000006, 104.74181631676528
2025-03-30 16:18:22,693 - 2025-03-30T16:18:22.693796, 3.9116054181830733, 0.0, -2.1983696563593913, -14.850616316804555, 76.12719746591753, -4.644963839072853, 0.0016000000400000006, 104.85061631680455
2025-03-30 16:18:22,754 - 2025-03-30T16:18:22.754285, 3.9095910348422773, 0.0, -2.205700567609456, -15.091216316891488, 76.0682940344823, -4.402816162977933, 0.0016000000400000006, 105.09121631689149
2025-03-30 16:18:22,793 - 2025-03-30T16:18:22.793265, 3.9080203237880764, 0.0, -2.2107416852220703, -15.210916316934773, 76.0217105308721, -4.2361231508987816, 0.0016000000400000006, 105.21091631693477
2025-03-30 16:18:22,855 - 2025-03-30T16:18:22.855771, 3.9060059404472804, 0.0, -2.218072596472135, -15.367216316991275, 75.96280709943689, -3.9939754748038623, 0.0016000000400000006, 105.36721631699127
2025-03-30 16:18:22,893 - 2025-03-30T16:18:22.893491, 3.9045096260940166, 0.0, -2.2231805357196412, -15.380616316996118, 75.9187259012429, -3.825165083083732, 0.0016000000400000006, 105.38061631699611
2025-03-30 16:18:22,933 - 2025-03-30T16:18:22.933515, 3.9030133117407524, 0.0, -2.228288474967148, -15.589016317071557, 75.87464470304887, -3.6563546913635725, 0.0016000000400000006, 105.58901631707155
2025-03-30 16:18:22,974 - 2025-03-30T16:18:22.974302, 3.9015245724535337, 0.0, -2.2335376325504837, -15.702516317112615, 75.83094843063009, -3.48292461458627, 0.0016000000400000006, 105.70251631711261
2025-03-30 16:18:23,014 - 2025-03-30T16:18:23.014737, 3.8999538613993328, 0.0, -2.238578750163098, -15.678116317103767, 75.78436492701988, -3.3162316025071044, 0.0016000000400000006, 105.67811631710379
2025-03-30 16:18:23,053 - 2025-03-30T16:18:23.053840, 3.8982495070753473, 0.0, -2.2437686611775867, -15.921516317191902, 75.73354666412774, -3.144533979595524, 0.0016000000400000006, 105.9215163171919
2025-03-30 16:18:23,094 - 2025-03-30T16:18:23.093890, 3.896619549452299, 0.0, -2.2490253938269675, -15.921216317191835, 75.68523070665177, -2.9707189770429787, 0.0016000000400000006, 105.92121631719183
2025-03-30 16:18:23,134 - 2025-03-30T16:18:23.133978, 3.8951383852311254, 0.0, -2.254415769746133, -16.09671631725535, 75.64191936000823, -2.792669215208475, 0.0016000000400000006, 106.09671631725536
2025-03-30 16:18:23,173 - 2025-03-30T16:18:23.173702, 3.8934416059731856, 0.0, -2.259746899096451, -16.118216317263215, 75.5914860228913, -2.616351907239737, 0.0016000000400000006, 106.11821631726323
2025-03-30 16:18:23,214 - 2025-03-30T16:18:23.214104, 3.8918784699850293, 0.0, -2.2649292350448946, -16.00881631722356, 75.54528744505632, -2.445039210103385, 0.0016000000400000006, 106.00881631722356
2025-03-30 16:18:23,253 - 2025-03-30T16:18:23.253725, 3.8904792775308383, 0.0, -2.270527650934781, -16.118116317263123, 75.50486332960422, -2.260252383570745, 0.0016000000400000006, 106.11811631726313
2025-03-30 16:18:23,295 - 2025-03-30T16:18:23.295197, 3.888774923206853, 0.0, -2.27571756194927, -16.162916317279354, 75.45404506671206, -2.0885547606591786, 0.0016000000400000006, 106.16291631727935
2025-03-30 16:18:23,333 - 2025-03-30T16:18:23.333597, 3.8869445006791286, 0.0, -2.2811974847014627, -16.11151631726074, 75.3993769703132, -1.907232841858011, 0.0016000000400000006, 106.11151631726074
2025-03-30 16:18:23,375 - 2025-03-30T16:18:23.375240, 3.88545576139191, 0.0, -2.2864466422847984, -16.08671631725174, 75.35568069789441, -1.7338027650806942, 0.0016000000400000006, 106.08671631725176
2025-03-30 16:18:23,413 - 2025-03-30T16:18:23.413850, 3.883825803768862, 0.0, -2.2917033749341793, -16.144116317272598, 75.30736474041848, -1.559987762528149, 0.0016000000400000006, 106.14411631727259
2025-03-30 16:18:23,453 - 2025-03-30T16:18:23.453339, 3.8824707077514273, 0.0, -2.296803739115641, -16.13791631727032, 75.26790322728164, -1.3915622965832326, 0.0016000000400000006, 106.13791631727032
2025-03-30 16:18:23,516 - 2025-03-30T16:18:23.515989, 3.8807084608181093, 0.0, -2.3035546268902976, -16.03291631723229, 75.21669946285985, -1.1686632122675014, 0.0016000000400000006, 106.03291631723229
2025-03-30 16:18:23,696 - 2025-03-30T16:18:23.696294, 3.8787292448885107, 0.0, -2.308900906372706, -16.338416317342972, 75.15702675562858, -0.991576052748278, 0.0016000000400000006, 106.33841631734299
2025-03-30 16:18:23,775 - 2025-03-30T16:18:23.775352, 3.877048969722175, 0.0, -2.3158598341180845, -16.12511631726566, 75.1087102223982, -0.7619399037343952, 0.0016000000400000006, 106.12511631726566
2025-03-30 16:18:23,813 - 2025-03-30T16:18:23.813658, 3.8757682704056777, 0.0, -2.3210270199344376, -16.070016317245702, 75.0717510146776, -0.5913970581485146, 0.0016000000400000006, 106.0700163172457
2025-03-30 16:18:23,855 - 2025-03-30T16:18:23.855857, 3.8741837631789005, 0.0, -2.327131062598795, -16.063216317243295, 75.02574461185301, -0.38986394525289336, 0.0016000000400000006, 106.0632163172433
2025-03-30 16:18:23,893 - 2025-03-30T16:18:23.893287, 3.8720571078069415, 0.0, -2.3336890605348204, -16.039116317234512, 74.96241424612543, -0.17293207408485678, 0.0016000000400000006, 106.03911631723452
2025-03-30 16:18:23,935 - 2025-03-30T16:18:23.935453, 3.8701839428019746, 0.0, -2.34101239671884, -15.98241631721398, 74.9081304997474, 0.06883067623483452, 0.0016000000400000006, 105.98241631721397
2025-03-30 16:18:23,973 - 2025-03-30T16:18:23.973099, 3.8681241090649077, 0.0, -2.3474959979539283, -16.169516317281733, 74.8469175136608, 0.2832602419866781, 0.0016000000400000006, 106.16951631728173
2025-03-30 16:18:24,015 - 2025-03-30T16:18:24.015211, 3.8669556817795736, 0.0, -2.3534360970843204, -15.998816317219896, 74.81438524023253, 0.479018892499413, 0.0016000000400000006, 105.99881631721989
2025-03-30 16:18:24,053 - 2025-03-30T16:18:24.053270, 3.865526189061202, 0.0, -2.35846963963089, -15.894516317182138, 74.7724214216795, 0.6453269788033649, 0.0016000000400000006, 105.89451631718214
2025-03-30 16:18:24,133 - 2025-03-30T16:18:24.133774, 3.864216543440038, 0.0, -2.3644173138273272, -15.871216317173669, 74.73526946319406, 0.8414705550913282, 0.0016000000400000006, 105.87121631717368
2025-03-30 16:18:24,613 - 2025-03-30T16:18:24.613315, 3.8626168860811707, 0.0, -2.3702389198200255, -15.869716317173133, 74.68849320881901, 1.0337642978725765, 0.0016000000400000006, 105.86971631717313
2025-03-30 16:18:24,713 - 2025-03-30T16:18:24.713387, 3.8612845152618718, 0.0, -2.3757629390089745, -15.759916317133372, 74.65018647300789, 1.2160488189890093, 0.0016000000400000006, 105.75991631713337
2025-03-30 16:18:25,114 - 2025-03-30T16:18:25.114082, 3.8600706375802663, 0.0, -2.380855728124391, -15.725516317120913, 74.61534464492823, 1.3840893591586978, 0.0016000000400000006, 105.7255163171209
2025-03-30 16:18:25,414 - 2025-03-30T16:18:25.414059, 3.858782363197724, 0.0, -2.385881695604915, -15.686216317106737, 74.57800051143236, 1.550012519687392, 0.0016000000400000006, 105.68621631710674
2025-03-30 16:18:27,216 - 2025-03-30T16:18:27.216251, 3.8575181679728314, 0.0, -2.3926766798163284, -15.614316317080705, 74.54315810759832, 1.7738742063184172, 0.0016000000400000006, 105.61431631708071
2025-03-30 16:18:27,273 - 2025-03-30T16:18:27.273683, 3.8552213479603767, 0.0, -2.4000227411984834, -15.693116317109236, 74.47501530604873, 2.0167917339637933, 0.0016000000400000006, 105.69311631710924
2025-03-30 16:18:27,313 - 2025-03-30T16:18:27.313123, 3.8537415376987174, 0.0, -2.40675847884105, -15.4663163170272, 74.43305091174129, 2.238920966729082, 0.0016000000400000006, 105.46631631702721
2025-03-30 16:18:27,353 - 2025-03-30T16:18:27.353545, 3.8521508093654093, 0.0, -2.414066664892979, -15.118316316901343, 74.3880065354776, 2.479913865498288, 0.0016000000400000006, 105.11831631690134
2025-03-30 16:18:27,394 - 2025-03-30T16:18:27.394861, 3.8510216113698155, 0.0, -2.4220582174259193, -14.665716316737763, 74.3587458432616, 2.7428504122276975, 0.0016000000400000006, 104.66571631673776
2025-03-30 16:18:27,433 - 2025-03-30T16:18:27.433908, 3.849669223271409, 0.0, -2.4298493050541836, -14.126816316543271, 74.32197823479697, 2.9994348200341854, 0.0016000000400000006, 104.12681631654327
2025-03-30 16:18:27,473 - 2025-03-30T16:18:27.473413, 3.8482713847767323, 0.0, -2.4367930826674717, -13.679216316381956, 74.28290107168097, 3.2283011174976255, 0.0016000000400000006, 103.67921631638195
2025-03-30 16:18:27,513 - 2025-03-30T16:18:27.513861, 3.847089161318822, 0.0, -2.4437961068496064, -13.227916316219341, 74.25094589903833, 3.4588998688267876, 0.0016000000400000006, 103.22791631621934
2025-03-30 16:18:27,553 - 2025-03-30T16:18:27.553735, 3.8462107457711916, 0.0, -2.4498622741837375, -12.628316316003666, 74.22803792149966, 3.6585083528462383, 0.0016000000400000006, 102.62831631600366
2025-03-30 16:18:27,594 - 2025-03-30T16:18:27.594557, 3.845302029959381, 0.0, -2.455363568174551, -12.302416315886518, 74.20359024086005, 3.8396380966369716, 0.0016000000400000006, 102.30241631588652
2025-03-30 16:18:27,633 - 2025-03-30T16:18:27.633590, 3.844653025621093, 0.0, -2.460426057025787, -11.978416315770064, 74.1872271530091, 4.0061389337057465, 0.0016000000400000006, 101.97841631577006
2025-03-30 16:18:27,695 - 2025-03-30T16:18:27.695566, 3.843663692001814, 0.0, -2.467064672769281, -11.512616315602838, 74.16123919351418, 4.224611083729128, 0.0016000000400000006, 101.51261631560284
2025-03-30 16:18:27,753 - 2025-03-30T16:18:27.753728, 3.8425331400467053, 0.0, -2.4737108635788196, -11.075116315445936, 74.13063154896204, 4.443468159527739, 0.0016000000400000006, 101.07511631544594
2025-03-30 16:18:27,813 - 2025-03-30T16:18:27.813319, 3.8417153250274363, 0.0, -2.4809067775995857, -10.585616315270494, 74.11080297762521, 4.680034124004595, 0.0016000000400000006, 100.58561631527051
2025-03-30 16:18:27,873 - 2025-03-30T16:18:27.873752, 3.8405634018337067, 0.0, -2.488474675125038, -10.231416315143633, 74.08038750808352, 4.929111615562475, 0.0016000000400000006, 100.23141631514363
2025-03-30 16:18:27,913 - 2025-03-30T16:18:27.913198, 3.8398627259926172, 0.0, -2.4938939973488696, -10.087916315092247, 74.06267689214206, 5.107354128161786, 0.0016000000400000006, 100.08791631509224
2025-03-30 16:18:27,955 - 2025-03-30T16:18:27.955613, 3.839192350415708, 0.0, -2.4998781929160185, -9.909516315028357, 74.04650597930151, 5.304075380989802, 0.0016000000400000006, 99.90951631502836
2025-03-30 16:18:27,993 - 2025-03-30T16:18:27.993324, 3.838402127741591, 0.0, -2.5049482568332992, -9.75371631497261, 74.02552320639339, 5.47096114383379, 0.0016000000400000006, 99.7537163149726
2025-03-30 16:18:28,039 - 2025-03-30T16:18:28.039384, 3.837233700456257, 0.0, -2.5108883559636914, -9.701016314953744, 73.99299093296513, 5.666719794346525, 0.0016000000400000006, 99.70101631495375
2025-03-30 16:18:28,073 - 2025-03-30T16:18:28.073919, 3.836756214717979, 0.0, -2.5165081430921994, -9.6380163149312, 73.98278723327226, 5.851314445868761, 0.0016000000400000006, 99.6380163149312
2025-03-30 16:18:28,114 - 2025-03-30T16:18:28.114373, 3.8358550739722133, 0.0, -2.522150655418842, -9.657016314938033, 73.9587244784079, 6.037063874716666, 0.0016000000400000006, 99.65701631493803
2025-03-30 16:18:28,154 - 2025-03-30T16:18:28.154177, 3.8350207548613393, 0.0, -2.5277187710445483, -9.59381631491541, 73.93677910318449, 6.220310998148394, 0.0016000000400000006, 99.59381631491541
2025-03-30 16:18:28,213 - 2025-03-30T16:18:28.213578, 3.8342318861467364, 0.0, -2.53413419668523, -9.431316314857291, 73.91714328261246, 6.431276231923167, 0.0016000000400000006, 99.4313163148573
2025-03-30 16:18:28,294 - 2025-03-30T16:18:28.294572, 3.833212252263277, 0.0, -2.540207939085407, -9.464216314869063, 73.8896156200166, 6.631269641717861, 0.0016000000400000006, 99.46421631486906
2025-03-30 16:18:28,374 - 2025-03-30T16:18:28.374017, 3.831999728541186, 0.0, -2.5466460899242245, -9.468716314870672, 73.85612074427306, 6.84338965281832, 0.0016000000400000006, 99.46871631487068
2025-03-30 16:18:28,433 - 2025-03-30T16:18:28.433602, 3.830661136615356, 0.0, -2.5533742525007455, -9.570816314907212, 73.8187760350228, 7.065133959808366, 0.0016000000400000006, 99.57081631490722
2025-03-30 16:18:28,473 - 2025-03-30T16:18:28.473351, 3.8299453106421764, 0.0, -2.558511138052918, -9.544116314897618, 73.80029556753088, 7.234137102293319, 0.0016000000400000006, 99.54411631489762
2025-03-30 16:18:28,513 - 2025-03-30T16:18:28.513353, 3.8287693082907968, 0.0, -2.564310018847481, -9.629916314928332, 73.76737836832737, 7.425276067748882, 0.0016000000400000006, 99.62991631492834
2025-03-30 16:18:28,553 - 2025-03-30T16:18:28.553643, 3.8279652894441036, 0.0, -2.570443007816505, -9.536616314894934, 73.74697269620489, 7.627001931409312, 0.0016000000400000006, 99.53661631489493
2025-03-30 16:18:28,594 - 2025-03-30T16:18:28.594329, 3.8270427774597167, 0.0, -2.5770072268590614, -9.61651631492354, 73.72310211635093, 7.842971776016501, 0.0016000000400000006, 99.61651631492356
2025-03-30 16:18:28,633 - 2025-03-30T16:18:28.633743, 3.8259411718092746, 0.0, -2.5828729292885164, -9.699816314953326, 73.69268722256365, 8.036228121113028, 0.0016000000400000006, 99.69981631495332
2025-03-30 16:18:28,674 - 2025-03-30T16:18:28.674182, 3.8250186598248876, 0.0, -2.589437148331073, -9.838916315003141, 73.66881664270966, 8.252197965720217, 0.0016000000400000006, 99.83891631500315
2025-03-30 16:18:28,713 - 2025-03-30T16:18:28.713886, 3.823917054174445, 0.0, -2.5953028507605276, -9.868716315013797, 73.63840174892236, 8.445454310816732, 0.0016000000400000006, 99.8687163150138
2025-03-30 16:18:28,754 - 2025-03-30T16:18:28.754391, 3.8224510400853617, 0.0, -2.6009756633513517, -9.90601631502714, 73.59586025382927, 8.632743442765594, 0.0016000000400000006, 99.90601631502714
2025-03-30 16:18:28,793 - 2025-03-30T16:18:28.793355, 3.821950829148949, 0.0, -2.6061717954723713, -9.89691631502388, 73.58450177681075, 8.803479039116283, 0.0016000000400000006, 99.89691631502387
2025-03-30 16:18:28,834 - 2025-03-30T16:18:28.833969, 3.8211013599059847, 0.0, -2.6114574744264187, -10.017116315066849, 73.56178655003689, 8.977486792433652, 0.0016000000400000006, 100.01711631506684
2025-03-30 16:18:28,876 - 2025-03-30T16:18:28.876031, 3.8200362756262543, 0.0, -2.6166839068116188, -10.024916315069701, 73.53194933278964, 9.149762091885268, 0.0016000000400000006, 100.0249163150697
2025-03-30 16:18:28,934 - 2025-03-30T16:18:28.934137, 3.8186460121976222, 0.0, -2.623768902760736, -10.15221631511525, 73.49325709544885, 9.38324807440588, 0.0016000000400000006, 100.15221631511525
2025-03-30 16:18:28,993 - 2025-03-30T16:18:28.993444, 3.8172633238350357, 0.0, -2.630995117045683, -10.050816315078984, 73.45494978388331, 9.621353741983665, 0.0016000000400000006, 100.05081631507899
2025-03-30 16:18:29,034 - 2025-03-30T16:18:29.034719, 3.816123842854368, 0.0, -2.636154727795991, -10.37481631519498, 73.42261026121986, 9.791511661794305, 0.0016000000400000006, 100.37481631519498
2025-03-30 16:18:29,073 - 2025-03-30T16:18:29.073797, 3.8152895237434943, 0.0, -2.641722843421697, -10.404716315205677, 73.40066488599646, 9.974758785226031, 0.0016000000400000006, 100.40471631520568
2025-03-30 16:18:29,113 - 2025-03-30T16:18:29.113635, 3.8142244394637634, 0.0, -2.6469492758068975, -10.496516315238589, 73.3708276687492, 10.147034084677664, 0.0016000000400000006, 100.49651631523861
2025-03-30 16:18:29,153 - 2025-03-30T16:18:29.153733, 3.812981615477492, 0.0, -2.6528225533023972, -10.6076163152784, 73.33579308990473, 10.340675355549418, 0.0016000000400000006, 100.60761631527842
2025-03-30 16:18:29,193 - 2025-03-30T16:18:29.193351, 3.8115748479572558, 0.0, -2.6582797508564546, -10.687616315306995, 73.2949840486774, 10.520842497024887, 0.0016000000400000006, 100.687616315307
2025-03-30 16:18:29,233 - 2025-03-30T16:18:29.233829, 3.810324448904939, 0.0, -2.6640118100161256, -10.844216315363157, 73.2595645440577, 10.709864082839486, 0.0016000000400000006, 100.84421631536316
2025-03-30 16:18:29,279 - 2025-03-30T16:18:29.279018, 3.8092669396912537, 0.0, -2.6693794607371553, -10.903516315384406, 73.23011225258568, 10.886759067348276, 0.0016000000400000006, 100.90351631538441
2025-03-30 16:18:29,335 - 2025-03-30T16:18:29.335179, 3.8072449812844122, 0.0, -2.67656915365139, -11.201616315491274, 73.17082389537522, 11.124287058385994, 0.0016000000400000006, 101.20161631549128
2025-03-30 16:18:29,373 - 2025-03-30T16:18:29.373596, 3.8059945822320955, 0.0, -2.682301212811061, -11.165716315478429, 73.13540439075553, 11.313308644200593, 0.0016000000400000006, 101.16571631547845
2025-03-30 16:18:29,413 - 2025-03-30T16:18:29.413756, 3.8053758781579887, 0.0, -2.687928575005614, -11.02451631542779, 73.12058100600551, 11.498288221498054, 0.0016000000400000006, 101.02451631542779
2025-03-30 16:18:29,453 - 2025-03-30T16:18:29.453879, 3.8039691106377522, 0.0, -2.6933857725596715, -11.20771631549351, 73.07977196477816, 11.678455362973523, 0.0016000000400000006, 101.20771631549351
2025-03-30 16:18:29,493 - 2025-03-30T16:18:29.493719, 3.8025699181835613, 0.0, -2.6989841884495576, -11.296916315525506, 73.03934784932605, 11.863242189506149, 0.0016000000400000006, 101.29691631552551
2025-03-30 16:18:29,533 - 2025-03-30T16:18:29.533616, 3.8017355990726873, 0.0, -2.7045523040752637, -11.489416315594562, 73.01740247410265, 12.046489312937876, 0.0016000000400000006, 101.48941631559458
2025-03-30 16:18:29,574 - 2025-03-30T16:18:29.574323, 3.8004700498882804, 0.0, -2.710001926563276, -11.463116315585124, 72.98121311793247, 12.226271528638115, 0.0016000000400000006, 101.46311631558513
2025-03-30 16:18:29,613 - 2025-03-30T16:18:29.613827, 3.7992637472727204, 0.0, -2.715235934014521, -11.585716315629085, 72.94675621562806, 12.39893175386496, 0.0016000000400000006, 101.58571631562909
2025-03-30 16:18:29,654 - 2025-03-30T16:18:29.654619, 3.7981318413580976, 0.0, -2.7205367631006587, -11.741516315685036, 72.91480161873983, 12.573709358732787, 0.0016000000400000006, 101.74151631568503
2025-03-30 16:18:29,713 - 2025-03-30T16:18:29.713204, 3.7964970165880327, 0.0, -2.7283430008610132, -11.875016315732962, 72.86879464016087, 12.831063618089745, 0.0016000000400000006, 101.87501631573296
2025-03-30 16:18:29,754 - 2025-03-30T16:18:29.754068, 3.7951419205705985, 0.0, -2.7334433650424748, -11.949616315759746, 72.82933312702404, 12.99948908403466, 0.0016000000400000006, 101.94961631575974
2025-03-30 16:18:29,793 - 2025-03-30T16:18:29.793664, 3.7940100146559756, 0.0, -2.738744194128612, -12.041016315792554, 72.7973785301358, 13.174266688902472, 0.0016000000400000006, 102.04101631579255
2025-03-30 16:18:29,836 - 2025-03-30T16:18:29.836095, 3.7927444654715687, 0.0, -2.744193816616624, -12.146416315830438, 72.76118917396565, 13.354048904602712, 0.0016000000400000006, 102.14641631583044
2025-03-30 16:18:29,873 - 2025-03-30T16:18:29.873554, 3.791322547819242, 0.0, -2.7493685774990224, -12.223016315857954, 72.71961028118784, 13.52497667596382, 0.0016000000400000006, 102.22301631585796
2025-03-30 16:18:29,913 - 2025-03-30T16:18:29.913574, 3.7902650386055567, 0.0, -2.7547362282200525, -12.300116315885667, 72.69015798971584, 13.701871660472639, 0.0016000000400000006, 102.30011631588567
2025-03-30 16:18:29,953 - 2025-03-30T16:18:29.953233, 3.7886275059164634, 0.0, -2.7598517425336038, -12.551216315975953, 72.64145710646464, 13.871066977967999, 0.0016000000400000006, 102.55121631597595
2025-03-30 16:18:29,994 - 2025-03-30T16:18:29.994120, 3.7876519684697603, 0.0, -2.765427433225355, -12.566816315981555, 72.61489204618407, 14.054699027174953, 0.0016000000400000006, 102.56681631598155
2025-03-30 16:18:30,033 - 2025-03-30T16:18:30.033246, 3.786312022584416, 0.0, -2.770810234078475, -12.753916316048802, 72.57620038459768, 14.2323638632342, 0.0016000000400000006, 102.7539163160488
2025-03-30 16:18:30,074 - 2025-03-30T16:18:30.074290, 3.7850981449028107, 0.0, -2.775903023193891, -12.655816316013523, 72.54135855651803, 14.400404403403874, 0.0016000000400000006, 102.65581631601354
2025-03-30 16:18:30,113 - 2025-03-30T16:18:30.113673, 3.7838098705202685, 0.0, -2.7809289906744152, -12.793016316062849, 72.5040144230222, 14.566327563932596, 0.0016000000400000006, 102.79301631606285
2025-03-30 16:18:30,154 - 2025-03-30T16:18:30.153986, 3.7826855396716907, 0.0, -2.786371038096382, -12.979216316129895, 72.4724447519092, 14.745724853857594, 0.0016000000400000006, 102.9792163161299
2025-03-30 16:18:30,194 - 2025-03-30T16:18:30.194052, 3.781353168852392, 0.0, -2.7918950572853314, -12.923316316109776, 72.43413801609807, 14.92800937497404, 0.0016000000400000006, 102.92331631610978
2025-03-30 16:18:30,233 - 2025-03-30T16:18:30.233665, 3.7800132229670473, 0.0, -2.797277858138451, -13.166016316197075, 72.39544635451168, 15.105674211033287, 0.0016000000400000006, 103.16601631619707
2025-03-30 16:18:30,293 - 2025-03-30T16:18:30.293478, 3.7780139897583416, 0.0, -2.8048912060601747, -13.284616316239775, 72.33731277462694, 15.357061257242567, 0.0016000000400000006, 103.28461631623978
2025-03-30 16:18:30,333 - 2025-03-30T16:18:30.333480, 3.7765252504711233, 0.0, -2.8101403636435105, -13.37291631627157, 72.29361650220817, 15.530491334019882, 0.0016000000400000006, 103.37291631627157
2025-03-30 16:18:30,393 - 2025-03-30T16:18:30.393642, 3.7746520854661565, 0.0, -2.8174636998275298, -13.400516316281518, 72.2393327558301, 15.77225408433956, 0.0016000000400000006, 103.40051631628151
2025-03-30 16:18:30,453 - 2025-03-30T16:18:30.453468, 3.7730537820668033, 0.0, -2.8246306675436297, -13.569716316342465, 72.1939034537912, 16.008627298051607, 0.0016000000400000006, 103.56971631634246
2025-03-30 16:18:30,494 - 2025-03-30T16:18:30.494442, 3.7719962728531176, 0.0, -2.8299983182646593, -13.548216316334702, 72.16445116231917, 16.1855222825604, 0.0016000000400000006, 103.5482163163347
2025-03-30 16:18:30,553 - 2025-03-30T16:18:30.553740, 3.7700790114113945, 0.0, -2.837819706157104, -13.700816316389705, 72.10920481362585, 16.443646393467812, 0.0016000000400000006, 103.7008163163897
2025-03-30 16:18:30,595 - 2025-03-30T16:18:30.595132, 3.7685158754232386, 0.0, -2.8430020421055477, -13.722916316397702, 72.06300623579088, 16.614959090604163, 0.0016000000400000006, 103.7229163163977
2025-03-30 16:18:30,634 - 2025-03-30T16:18:30.634785, 3.7671166829690472, 0.0, -2.8486004579954343, -13.71391631639443, 72.02258212033877, 16.799745917136804, 0.0016000000400000006, 103.71391631639443
2025-03-30 16:18:30,673 - 2025-03-30T16:18:30.673855, 3.765776737083703, 0.0, -2.8539832588485545, -13.771216316415048, 71.9838904587524, 16.977410753196065, 0.0016000000400000006, 103.77121631641505
2025-03-30 16:18:30,715 - 2025-03-30T16:18:30.715721, 3.764213601095547, 0.0, -2.859165594796998, -13.763416316412297, 71.93769188091741, 17.148723450332405, 0.0016000000400000006, 103.7634163164123
2025-03-30 16:18:30,753 - 2025-03-30T16:18:30.753859, 3.762888805342293, 0.0, -2.8648308323217764, -13.844916316441632, 71.89977007088152, 17.33562765650601, 0.0016000000400000006, 103.84491631644163
2025-03-30 16:18:30,796 - 2025-03-30T16:18:30.796236, 3.7613256693541373, 0.0, -2.87001316827022, -13.794216316423347, 71.85357149304653, 17.50694035364236, 0.0016000000400000006, 103.79421631642334
2025-03-30 16:18:30,834 - 2025-03-30T16:18:30.834313, 3.7598369300669185, 0.0, -2.875262325853556, -13.726116316398853, 71.80987522062776, 17.68037043041968, 0.0016000000400000006, 103.72611631639887
2025-03-30 16:18:30,875 - 2025-03-30T16:18:30.875903, 3.7586382025174037, 0.0, -2.8806375516406306, -13.804616316427115, 71.77580324409857, 17.857650340703696, 0.0016000000400000006, 103.80461631642711
2025-03-30 16:18:30,913 - 2025-03-30T16:18:30.913357, 3.757349928134861, 0.0, -2.885663519121155, -13.723716316397965, 71.73845911060269, 18.02357350123242, 0.0016000000400000006, 103.72371631639798
2025-03-30 16:18:30,953 - 2025-03-30T16:18:30.953749, 3.756009982249517, 0.0, -2.891046319974275, -13.78811631642116, 71.69976744901633, 18.201238337291677, 0.0016000000400000006, 103.78811631642117
2025-03-30 16:18:30,994 - 2025-03-30T16:18:30.994018, 3.7545288180283434, 0.0, -2.89643669589344, -13.703816316390778, 71.6564561023728, 18.379288099126182, 0.0016000000400000006, 103.70381631639079
2025-03-30 16:18:31,033 - 2025-03-30T16:18:31.033367, 3.7529656820401875, 0.0, -2.9016190318418835, -13.651516316371968, 71.61025752453781, 18.550600796262504, 0.0016000000400000006, 103.65151631637197
2025-03-30 16:18:31,074 - 2025-03-30T16:18:31.074534, 3.7519005977604567, 0.0, -2.906845464227084, -13.727216316399234, 71.58042030729057, 18.72287609571414, 0.0016000000400000006, 103.72721631639924
2025-03-30 16:18:31,113 - 2025-03-30T16:18:31.113488, 3.7507762669118794, 0.0, -2.912287511649051, -13.678216316381564, 71.54885063617758, 18.90227338563915, 0.0016000000400000006, 103.67821631638157
2025-03-30 16:18:31,173 - 2025-03-30T16:18:31.173641, 3.748777033703173, 0.0, -2.919900859570774, -13.85301631644455, 71.49071705629282, 19.153660431848397, 0.0016000000400000006, 103.85301631644455
2025-03-30 16:18:31,213 - 2025-03-30T16:18:31.213687, 3.7475783061536587, 0.0, -2.925276085357849, -13.813916316430454, 71.45664507976363, 19.33094034213243, 0.0016000000400000006, 103.81391631643045
2025-03-30 16:18:31,253 - 2025-03-30T16:18:31.253450, 3.7462383602683142, 0.0, -2.930658886210969, -13.784416316419811, 71.41795341817726, 19.50860517819169, 0.0016000000400000006, 103.78441631641981
2025-03-30 16:18:31,293 - 2025-03-30T16:18:31.293933, 3.745024482586709, 0.0, -2.935751675326385, -13.750816316407716, 71.3831115900976, 19.676645718361364, 0.0016000000400000006, 103.75081631640774
2025-03-30 16:18:31,334 - 2025-03-30T16:18:31.334255, 3.7436025649343825, 0.0, -2.9409264362087835, -13.80521631642735, 71.34153269731979, 19.84757348972249, 0.0016000000400000006, 103.80521631642735
2025-03-30 16:18:31,374 - 2025-03-30T16:18:31.374204, 3.742478234085805, 0.0, -2.94636848363075, -13.896016316460074, 71.30996302620682, 20.026970779647485, 0.0016000000400000006, 103.89601631646008
2025-03-30 16:18:31,413 - 2025-03-30T16:18:31.413448, 3.740981919732541, 0.0, -2.951476422878257, -13.85091631644378, 71.2658818280128, 20.19578117136763, 0.0016000000400000006, 103.85091631644377
2025-03-30 16:18:31,453 - 2025-03-30T16:18:31.453310, 3.739850013817918, 0.0, -2.9567772519643944, -13.828416316435726, 71.2339272311246, 20.370558776235455, 0.0016000000400000006, 103.82841631643572
2025-03-30 16:18:31,494 - 2025-03-30T16:18:31.494384, 3.738561739435376, 0.0, -2.9618032194449184, -13.75961631641091, 71.19658309762872, 20.536481936764165, 0.0016000000400000006, 103.75961631641091
2025-03-30 16:18:31,533 - 2025-03-30T16:18:31.533328, 3.737139821783049, 0.0, -2.966977980327317, -13.778416316417665, 71.15500420485093, 20.707409708125276, 0.0016000000400000006, 103.77841631641766
2025-03-30 16:18:31,574 - 2025-03-30T16:18:31.574088, 3.735866697532597, 0.0, -2.9722863844794998, -13.844716316441554, 71.11842992290553, 20.88257223876834, 0.0016000000400000006, 103.84471631644155
2025-03-30 16:18:31,613 - 2025-03-30T16:18:31.613218, 3.7345494768453884, 0.0, -2.978092840340108, -13.773116316415742, 71.08089303864486, 21.074096129999134, 0.0016000000400000006, 103.77311631641574
2025-03-30 16:18:31,674 - 2025-03-30T16:18:31.674433, 3.733181938614892, 0.0, -2.985601491296713, -13.730216316400307, 71.04335557862977, 21.321441167691262, 0.0016000000400000006, 103.7302163164003
2025-03-30 16:18:31,714 - 2025-03-30T16:18:31.714072, 3.73189366423235, 0.0, -2.9906274587772375, -13.653116316372493, 71.00601144513394, 21.48736432821997, 0.0016000000400000006, 103.65311631637249
2025-03-30 16:18:31,755 - 2025-03-30T16:18:31.755027, 3.730746608185637, 0.0, -2.995645851191716, -13.653516316372649, 70.97328699669524, 21.652902562973438, 0.0016000000400000006, 103.65351631637265
2025-03-30 16:18:31,793 - 2025-03-30T16:18:31.793616, 3.7293990872342473, 0.0, -3.0008874337090066, -13.742516316404771, 70.93421040933364, 21.825947713975523, 0.0016000000400000006, 103.74251631640479
2025-03-30 16:18:31,834 - 2025-03-30T16:18:31.834319, 3.7283340029545164, 0.0, -3.006113866094207, -13.653116316372493, 70.9043731920864, 21.998223013427157, 0.0016000000400000006, 103.65311631637249
2025-03-30 16:18:31,874 - 2025-03-30T16:18:31.874114, 3.7270608787040644, 0.0, -3.0114222702463898, -13.629716316364089, 70.86779891014099, 22.17338554407021, 0.0016000000400000006, 103.6297163163641
2025-03-30 16:18:31,916 - 2025-03-30T16:18:31.916432, 3.7258029045857026, 0.0, -3.017013111070231, -13.699616316389235, 70.83199447974606, 22.357787444827622, 0.0016000000400000006, 103.69961631638924
2025-03-30 16:18:31,953 - 2025-03-30T16:18:31.953769, 3.724797066874819, 0.0, -3.0220239284186645, -13.57601631634473, 70.80388971636455, 22.52294075380586, 0.0016000000400000006, 103.57601631634473
2025-03-30 16:18:31,993 - 2025-03-30T16:18:31.993604, 3.723724407529043, 0.0, -3.027109142468036, -13.546516316334088, 70.77366757334208, 22.69059636820032, 0.0016000000400000006, 103.5465163163341
2025-03-30 16:18:32,053 - 2025-03-30T16:18:32.053616, 3.7220151860580413, 0.0, -3.034848558593498, -13.459916316302907, 70.7251582893469, 22.945833247916283, 0.0016000000400000006, 103.45991631630291
2025-03-30 16:18:32,093 - 2025-03-30T16:18:32.093500, 3.7205932684057146, 0.0, -3.0400233194758965, -13.248216316226685, 70.6835793965691, 23.11676101927741, 0.0016000000400000006, 103.2482163162267
2025-03-30 16:18:32,133 - 2025-03-30T16:18:32.133210, 3.7193869657901546, 0.0, -3.045257326927142, -13.360216316267001, 70.64912249426467, 23.289421244504254, 0.0016000000400000006, 103.360216316267
2025-03-30 16:18:32,173 - 2025-03-30T16:18:32.173839, 3.717980198269918, 0.0, -3.050714524481199, -13.293416316242968, 70.60831345303733, 23.469588385979723, 0.0016000000400000006, 103.29341631624297
2025-03-30 16:18:32,222 - 2025-03-30T16:18:32.222185, 3.716744949349692, 0.0, -3.056729020312529, -13.172016316199274, 70.5736637999681, 23.667849341908664, 0.0016000000400000006, 103.17201631619928
2025-03-30 16:18:32,254 - 2025-03-30T16:18:32.254903, 3.715672290003916, 0.0, -3.0618142343618997, -13.22131631621696, 70.54344165694562, 23.83550495630311, 0.0016000000400000006, 103.22131631621696
2025-03-30 16:18:32,298 - 2025-03-30T16:18:32.297954, 3.7140347573148227, 0.0, -3.0669297486754514, -12.96031631612305, 70.49474077369445, 24.004700273798484, 0.0016000000400000006, 102.96031631612307
2025-03-30 16:18:32,334 - 2025-03-30T16:18:32.334718, 3.713126041503012, 0.0, -3.072431042666265, -12.935516316114148, 70.47029309305483, 24.185830017589232, 0.0016000000400000006, 102.93551631611415
2025-03-30 16:18:32,373 - 2025-03-30T16:18:32.373433, 3.711629727149748, 0.0, -3.0775389819137713, -12.900216316101387, 70.42621189486081, 24.35464040930936, 0.0016000000400000006, 102.90021631610139
2025-03-30 16:18:32,416 - 2025-03-30T16:18:32.415967, 3.7103490278332507, 0.0, -3.082706167730125, -12.78941631606159, 70.38925268714019, 24.525183254895243, 0.0016000000400000006, 102.78941631606159
2025-03-30 16:18:32,453 - 2025-03-30T16:18:32.453912, 3.709573955291224, 0.0, -3.0880586683190643, -12.662916316016101, 70.36903976578253, 24.70130838785359, 0.0016000000400000006, 102.6629163160161
2025-03-30 16:18:32,494 - 2025-03-30T16:18:32.494434, 3.7083903778737994, 0.0, -3.0937163307777977, -12.646716316010263, 70.3357376408038, 24.887827668251965, 0.0016000000400000006, 102.64671631601027
2025-03-30 16:18:32,533 - 2025-03-30T16:18:32.533762, 3.7071248286893925, 0.0, -3.0991659532658096, -12.59131631599034, 70.29954828463364, 25.067609883952194, 0.0016000000400000006, 102.59131631599034
2025-03-30 16:18:32,574 - 2025-03-30T16:18:32.574618, 3.7064758243511045, 0.0, -3.104228442117045, -12.5103163159612, 70.28318519678268, 25.234110721020954, 0.0016000000400000006, 102.51031631596122
2025-03-30 16:18:32,613 - 2025-03-30T16:18:32.613576, 3.7050614817648233, 0.0, -3.109544421335273, -12.439216315935635, 70.24199122978013, 25.409658177439233, 0.0016000000400000006, 102.43921631593564
2025-03-30 16:18:32,654 - 2025-03-30T16:18:32.654477, 3.7035727424776046, 0.0, -3.1147935789186088, -12.427916315931563, 70.19829495736136, 25.583088254216552, 0.0016000000400000006, 102.42791631593158
2025-03-30 16:18:32,693 - 2025-03-30T16:18:32.693533, 3.7030132849723443, 0.0, -3.1202053260763956, -12.399016315921209, 70.18520402647705, 25.760945841040648, 0.0016000000400000006, 102.39901631592122
2025-03-30 16:18:32,753 - 2025-03-30T16:18:32.753606, 3.700806011792917, 0.0, -3.127900645765101, -12.439116315935596, 70.12033338189414, 26.015220118441334, 0.0016000000400000006, 102.43911631593559
2025-03-30 16:18:32,793 - 2025-03-30T16:18:32.793261, 3.699473640973618, 0.0, -3.1334246649540503, -12.319716315892736, 70.08202664608301, 26.19750463955778, 0.0016000000400000006, 102.31971631589273
2025-03-30 16:18:32,833 - 2025-03-30T16:18:32.833734, 3.6985497750297167, 0.0, -3.138643522273205, -12.360416315907306, 70.05680911389294, 26.369395013234172, 0.0016000000400000006, 102.3604163159073
2025-03-30 16:18:32,873 - 2025-03-30T16:18:32.873501, 3.6976334841518606, 0.0, -3.14400359792819, -12.33391631589779, 70.03197650747809, 26.545905071967745, 0.0016000000400000006, 102.3339163158978
2025-03-30 16:18:32,913 - 2025-03-30T16:18:32.913602, 3.6965243034353734, 0.0, -3.1497280820218156, -12.285416315880367, 70.00117668791557, 26.734541732007102, 0.0016000000400000006, 102.28541631588037
2025-03-30 16:18:32,953 - 2025-03-30T16:18:32.953548, 3.6953331509519036, 0.0, -3.1552445261447195, -12.297016315884504, 69.9674896371616, 26.91644132734829, 0.0016000000400000006, 102.2970163158845
2025-03-30 16:18:32,993 - 2025-03-30T16:18:32.993824, 3.6943273132410197, 0.0, -3.1602553434931533, -12.237516315863177, 69.9393848737801, 27.081594636326546, 0.0016000000400000006, 102.23751631586318
2025-03-30 16:18:33,054 - 2025-03-30T16:18:33.054329, 3.6925436950690806, 0.0, -3.1679279379837237, -12.196916315848593, 69.88837328436873, 27.33471413640156, 0.0016000000400000006, 102.1969163158486
2025-03-30 16:18:33,093 - 2025-03-30T16:18:33.093433, 3.691411789154458, 0.0, -3.173228767069861, -12.102616315814702, 69.8564186874805, 27.509491741269372, 0.0016000000400000006, 102.1026163158147
2025-03-30 16:18:33,133 - 2025-03-30T16:18:33.133861, 3.6904362517077547, 0.0, -3.178804457761612, -12.073316315804139, 69.82985362719992, 27.693123790476324, 0.0016000000400000006, 102.07331631580414
2025-03-30 16:18:33,174 - 2025-03-30T16:18:33.174489, 3.6894607142610516, 0.0, -3.1843801484533634, -12.051716315796389, 69.80328856691935, 27.87675583968328, 0.0016000000400000006, 102.05171631579638
2025-03-30 16:18:33,218 - 2025-03-30T16:18:33.218905, 3.688328808346429, 0.0, -3.189680977539501, -11.93101631575307, 69.77133397003114, 28.051533444551104, 0.0016000000400000006, 101.93101631575307
2025-03-30 16:18:33,260 - 2025-03-30T16:18:33.260385, 3.687546160738357, 0.0, -3.194892259792611, -11.865216315729478, 69.75073612289825, 28.223038892452266, 0.0016000000400000006, 101.8652163157295
2025-03-30 16:18:33,297 - 2025-03-30T16:18:33.297113, 3.6863322830567515, 0.0, -3.199985048908027, -11.834616315718458, 69.71589429481858, 28.39107943262194, 0.0016000000400000006, 101.83461631571846
2025-03-30 16:18:33,339 - 2025-03-30T16:18:33.339241, 3.6857804006175368, 0.0, -3.2055380144016428, -11.747016315686988, 69.70318828970952, 28.57355670450321, 0.0016000000400000006, 101.747016315687
2025-03-30 16:18:33,378 - 2025-03-30T16:18:33.378137, 3.684596823200112, 0.0, -3.211195676860376, -11.713716315675061, 69.6698861647308, 28.760075984901587, 0.0016000000400000006, 101.71371631567506
2025-03-30 16:18:33,434 - 2025-03-30T16:18:33.434150, 3.6833629282394003, 0.0, -3.218555534415107, -11.65921631565549, 69.63658346399765, 29.002416411761313, 0.0016000000400000006, 101.65921631565548
2025-03-30 16:18:33,473 - 2025-03-30T16:18:33.473908, 3.6823722406606065, 0.0, -3.2238487884351996, -11.53961631561255, 69.6092485521666, 29.17680909085391, 0.0016000000400000006, 101.53961631561255
2025-03-30 16:18:33,536 - 2025-03-30T16:18:33.536841, 3.680997127364065, 0.0, -3.2312162210559756, -11.493016315595872, 69.5713261663763, 29.419534443488867, 0.0016000000400000006, 101.49301631559587
2025-03-30 16:18:33,596 - 2025-03-30T16:18:33.596409, 3.679198359060036, 0.0, -3.238606378874887, -11.520816315605847, 69.51954472541448, 29.663414573449508, 0.0016000000400000006, 101.52081631560584
2025-03-30 16:18:33,653 - 2025-03-30T16:18:33.653867, 3.6778446170021155, 0.0, -3.2450521047797496, -11.401416315562935, 69.48143016461373, 29.87591951032521, 0.0016000000400000006, 101.40141631556295
2025-03-30 16:18:33,713 - 2025-03-30T16:18:33.713331, 3.6762387385367172, 0.0, -3.25207785416002, -11.274716315517521, 69.43561593679959, 30.107673038980074, 0.0016000000400000006, 101.27471631551752
2025-03-30 16:18:33,754 - 2025-03-30T16:18:33.753994, 3.675374119161663, 0.0, -3.257081096442409, -11.28611631552158, 69.41213085847525, 30.27244142218311, 0.0016000000400000006, 101.28611631552158
2025-03-30 16:18:33,813 - 2025-03-30T16:18:33.813482, 3.673783390828355, 0.0, -3.2643892824943377, -11.24061631550528, 69.36708648221155, 30.513434320952317, 0.0016000000400000006, 101.24061631550528
2025-03-30 16:18:33,853 - 2025-03-30T16:18:33.853164, 3.6728595248844536, 0.0, -3.269608139813493, -11.144916315470942, 69.34186895002148, 30.685324694628704, 0.0016000000400000006, 101.14491631547094
2025-03-30 16:18:33,913 - 2025-03-30T16:18:33.913200, 3.6709119631785496, 0.0, -3.2768646543626203, -11.076316315446356, 69.28508289822724, 30.924970065307416, 0.0016000000400000006, 101.07631631544635
2025-03-30 16:18:33,955 - 2025-03-30T16:18:33.955375, 3.6697056605629896, 0.0, -3.282098661813866, -10.995716315417475, 69.25062599592282, 31.097630290534276, 0.0016000000400000006, 100.99571631541747
2025-03-30 16:18:34,014 - 2025-03-30T16:18:34.013972, 3.6683973689013403, 0.0, -3.2893916977337048, -10.926516315392654, 69.21482098977349, 31.337853337753028, 0.0016000000400000006, 100.92651631539266
2025-03-30 16:18:34,056 - 2025-03-30T16:18:34.056125, 3.667570624856512, 0.0, -3.29510103169524, -10.834016315359518, 69.19326054032531, 31.525720146241927, 0.0016000000400000006, 100.83401631535952
2025-03-30 16:18:34,093 - 2025-03-30T16:18:34.093887, 3.6666467589126106, 0.0, -3.300319889014395, -10.71681631531752, 69.16804300813524, 31.697610519918314, 0.0016000000400000006, 100.71681631531752
2025-03-30 16:18:34,134 - 2025-03-30T16:18:34.134131, 3.6655072779319426, 0.0, -3.3054794997647035, -10.733216315323386, 69.1357034854718, 31.86776843972897, 0.0016000000400000006, 100.73321631532339
2025-03-30 16:18:34,194 - 2025-03-30T16:18:34.194304, 3.664487644048483, 0.0, -3.3115532421648797, -10.677316315303317, 69.10817582287592, 32.06776184952365, 0.0016000000400000006, 100.67731631530332
2025-03-30 16:18:34,253 - 2025-03-30T16:18:34.253614, 3.66352725673387, 0.0, -3.3174113695282896, -10.571416315265388, 69.0823806141458, 32.26063326884495, 0.0016000000400000006, 100.5714163152654
2025-03-30 16:18:34,314 - 2025-03-30T16:18:34.314665, 3.6624105009513377, 0.0, -3.3229946352860855, -10.570516315265087, 69.05119586880805, 32.44465024382711, 0.0016000000400000006, 100.57051631526508
2025-03-30 16:18:34,373 - 2025-03-30T16:18:34.373359, 3.661146305726445, 0.0, -3.3297896194974994, -10.534116315251996, 69.016353464974, 32.66851193045815, 0.0016000000400000006, 100.53411631525199
2025-03-30 16:18:34,413 - 2025-03-30T16:18:34.413944, 3.660296836483481, 0.0, -3.3350752984515464, -10.529516315250397, 68.99363823820012, 32.84251968377551, 0.0016000000400000006, 100.5295163152504
2025-03-30 16:18:34,456 - 2025-03-30T16:18:34.456556, 3.658838397460443, 0.0, -3.3408893293781996, -10.474316315230604, 68.95148166888228, 33.03442850078153, 0.0016000000400000006, 100.47431631523061
2025-03-30 16:18:34,493 - 2025-03-30T16:18:34.493515, 3.658070899984461, 0.0, -3.346383048302968, -10.485816315234754, 68.93165367329983, 33.21517331879705, 0.0016000000400000006, 100.48581631523476
2025-03-30 16:18:34,534 - 2025-03-30T16:18:34.534730, 3.6571849093707858, 0.0, -3.35230799730127, -10.359516315189495, 68.90836076998593, 33.41016211775933, 0.0016000000400000006, 100.3595163151895
2025-03-30 16:18:34,574 - 2025-03-30T16:18:34.574026, 3.6559572355166043, 0.0, -3.358463711468429, -10.384216315198307, 68.8740960426919, 33.61304275874544, 0.0016000000400000006, 100.3842163151983
2025-03-30 16:18:34,614 - 2025-03-30T16:18:34.614226, 3.6549300265670994, 0.0, -3.364396235532776, -10.305016315169974, 68.84618345432081, 33.80841648348295, 0.0016000000400000006, 100.30501631517
2025-03-30 16:18:34,653 - 2025-03-30T16:18:34.653615, 3.654103282522271, 0.0, -3.3701055694943114, -10.19981631513227, 68.82462300487265, 33.996283291971835, 0.0016000000400000006, 100.19981631513227
2025-03-30 16:18:34,693 - 2025-03-30T16:18:34.693398, 3.652770911702972, 0.0, -3.375629588683261, -10.290016315164607, 68.78631626906152, 34.17856781308828, 0.0016000000400000006, 100.2900163151646
2025-03-30 16:18:34,735 - 2025-03-30T16:18:34.735083, 3.6521963040656216, 0.0, -3.3807588991693884, -10.189216315128524, 68.77245548662677, 34.347186029798, 0.0016000000400000006, 100.18921631512852
2025-03-30 16:18:34,773 - 2025-03-30T16:18:34.773339, 3.651621696428271, 0.0, -3.385888209655516, -10.035616315073538, 68.75859470419202, 34.51580424650773, 0.0016000000400000006, 100.03561631507354
2025-03-30 16:18:34,833 - 2025-03-30T16:18:34.833166, 3.650454623102451, 0.0, -3.3931736705093094, -10.056516315081014, 68.72740938309984, 34.75564236795125, 0.0016000000400000006, 100.05651631508101
2025-03-30 16:18:34,896 - 2025-03-30T16:18:34.896168, 3.649190427877558, 0.0, -3.3999686547207233, -9.988516315056662, 68.69256697926579, 34.97950405458229, 0.0016000000400000006, 99.98851631505666
2025-03-30 16:18:34,933 - 2025-03-30T16:18:34.933357, 3.6485489986053157, 0.0, -3.405172361907788, -9.981516315054174, 68.67658881719008, 35.150624576708225, 0.0016000000400000006, 99.9815163150542
2025-03-30 16:18:34,974 - 2025-03-30T16:18:34.974318, 3.6477663509972436, 0.0, -3.410383644160898, -9.932816315036723, 68.65599097005718, 35.32213002460937, 0.0016000000400000006, 99.93281631503672
2025-03-30 16:18:35,034 - 2025-03-30T16:18:35.034317, 3.646614427803514, 0.0, -3.4179515416863504, -9.991516315057735, 68.62557550051547, 35.57120751616726, 0.0016000000400000006, 99.99151631505774
2025-03-30 16:18:35,073 - 2025-03-30T16:18:35.073519, 3.6459729985312714, 0.0, -3.423155248873415, -9.85701631500957, 68.60959733843976, 35.74232803829318, 0.0016000000400000006, 99.85701631500957
2025-03-30 16:18:35,113 - 2025-03-30T16:18:35.113523, 3.6449306394496763, 0.0, -3.4288053362661035, -9.783516314983268, 68.58091489851822, 35.928462392916344, 0.0016000000400000006, 99.78351631498327
2025-03-30 16:18:35,153 - 2025-03-30T16:18:35.153288, 3.6439323768048375, 0.0, -3.4339573719503664, -9.859816315010566, 68.55319506091192, 36.09823538695176, 0.0016000000400000006, 99.85981631501056
2025-03-30 16:18:35,193 - 2025-03-30T16:18:35.193232, 3.643157304262811, 0.0, -3.439309872539306, -9.86741631501334, 68.53298213955428, 36.274360519910104, 0.0016000000400000006, 99.86741631501336
2025-03-30 16:18:35,233 - 2025-03-30T16:18:35.233348, 3.6418690298802683, 0.0, -3.44433584001983, -9.816916314995234, 68.49563800605841, 36.440283680438796, 0.0016000000400000006, 99.81691631499524
2025-03-30 16:18:35,274 - 2025-03-30T16:18:35.274052, 3.640937588870322, 0.0, -3.4494134790031556, -9.874616315015855, 68.47003554809311, 36.607554369058015, 0.0016000000400000006, 99.87461631501586
2025-03-30 16:18:35,317 - 2025-03-30T16:18:35.317324, 3.639731286254762, 0.0, -3.4546474864544012, -10.008816315063953, 68.4355786457887, 36.78021459428487, 0.0016000000400000006, 100.00881631506395
2025-03-30 16:18:35,353 - 2025-03-30T16:18:35.353614, 3.638814995376906, 0.0, -3.4600075621093858, -9.890216315021458, 68.41074603937386, 36.95672465301845, 0.0016000000400000006, 99.89021631502146
2025-03-30 16:18:35,394 - 2025-03-30T16:18:35.394170, 3.6377650612292656, 0.0, -3.465516431166245, -9.91271631502951, 68.38167867367707, 37.138239322584425, 0.0016000000400000006, 99.91271631502951
2025-03-30 16:18:35,433 - 2025-03-30T16:18:35.433655, 3.636648305446733, 0.0, -3.471099696924041, -10.032216315072308, 68.35049392833929, 37.3222562975666, 0.0016000000400000006, 100.0322163150723
2025-03-30 16:18:35,474 - 2025-03-30T16:18:35.474482, 3.63551639953211, 0.0, -3.4764005260101785, -9.961116315046844, 68.31853933145109, 37.49703390243442, 0.0016000000400000006, 99.96111631504684
2025-03-30 16:18:35,533 - 2025-03-30T16:18:35.533718, 3.6340593144685864, 0.0, -3.4835599186602333, -10.017616315067096, 68.27772971446933, 37.73302219037124, 0.0016000000400000006, 100.0176163150671
2025-03-30 16:18:35,575 - 2025-03-30T16:18:35.575703, 3.633366213693542, 0.0, -3.489120459219894, -9.95031631504302, 68.26040402430311, 37.91588438802772, 0.0016000000400000006, 99.95031631504303
2025-03-30 16:18:35,613 - 2025-03-30T16:18:35.613717, 3.6320779393109994, 0.0, -3.494146426700418, -9.957616315045625, 68.22305989080725, 38.081807548556434, 0.0016000000400000006, 99.95761631504563
2025-03-30 16:18:35,654 - 2025-03-30T16:18:35.654368, 3.631258770332216, 0.0, -3.4999969789977827, -10.129016315106975, 68.20188436713431, 38.274294042102504, 0.0016000000400000006, 100.12901631510698
2025-03-30 16:18:35,693 - 2025-03-30T16:18:35.693418, 3.6301936860524853, 0.0, -3.5052234113829828, -10.289216315164344, 68.17204714988705, 38.446569341554124, 0.0016000000400000006, 100.28921631516434
2025-03-30 16:18:35,734 - 2025-03-30T16:18:35.734297, 3.6291361768388, 0.0, -3.5105910621040124, -10.492116315236967, 68.14259485841504, 38.62346432606292, 0.0016000000400000006, 100.49211631523697
2025-03-30 16:18:35,773 - 2025-03-30T16:18:35.773443, 3.6281454892600067, 0.0, -3.515884316124105, -10.54981631525769, 68.115259946584, 38.79785700515552, 0.0016000000400000006, 100.54981631525769
2025-03-30 16:18:35,814 - 2025-03-30T16:18:35.814283, 3.6269391866444467, 0.0, -3.5211183235753505, -10.580416315268609, 68.08080304427958, 38.970517230382384, 0.0016000000400000006, 100.58041631526861
2025-03-30 16:18:35,853 - 2025-03-30T16:18:35.853765, 3.625740459094932, 0.0, -3.526493549362425, -10.792816315344751, 68.0467310677504, 39.1477971406664, 0.0016000000400000006, 100.79281631534475
2025-03-30 16:18:35,894 - 2025-03-30T16:18:35.894279, 3.624854468481256, 0.0, -3.532418498360727, -10.814716315352568, 68.02343816443647, 39.342785939628676, 0.0016000000400000006, 100.81471631535257
2025-03-30 16:18:35,933 - 2025-03-30T16:18:35.933192, 3.623216935792163, 0.0, -3.537534012674279, -11.111516315458976, 67.9747372811853, 39.51198125712405, 0.0016000000400000006, 101.11151631545897
2025-03-30 16:18:35,974 - 2025-03-30T16:18:35.974274, 3.622323370112442, 0.0, -3.5433177433367513, -11.136816315468074, 67.95105945209613, 39.70235037102914, 0.0016000000400000006, 101.13681631546808
2025-03-30 16:18:36,013 - 2025-03-30T16:18:36.013183, 3.6209393277903414, 0.0, -3.5491985958982966, -11.226616315500253, 67.9114051881945, 39.89637656767614, 0.0016000000400000006, 101.22661631550025
2025-03-30 16:18:36,053 - 2025-03-30T16:18:36.053625, 3.6198074218757186, 0.0, -3.554499424984434, -11.35551631554653, 67.87945059130627, 40.07115417254397, 0.0016000000400000006, 101.35551631554654
2025-03-30 16:18:36,094 - 2025-03-30T16:18:36.094244, 3.6185935441941135, 0.0, -3.55959221409985, -11.533716315610443, 67.84460876322663, 40.23919471271364, 0.0016000000400000006, 101.53371631561045
2025-03-30 16:18:36,133 - 2025-03-30T16:18:36.133581, 3.617186776673877, 0.0, -3.5650494116539075, -11.759516315691478, 67.80379972199927, 40.41936185418913, 0.0016000000400000006, 101.75951631569149
2025-03-30 16:18:36,173 - 2025-03-30T16:18:36.173503, 3.615653940949902, 0.0, -3.5707966209456687, -11.893916315739757, 67.75914084726523, 40.609153291554165, 0.0016000000400000006, 101.89391631573976
2025-03-30 16:18:36,213 - 2025-03-30T16:18:36.213511, 3.614105955093836, 0.0, -3.5762613935657708, -12.147716315830897, 67.7137121209807, 40.78970535880486, 0.0016000000400000006, 102.14771631583089
2025-03-30 16:18:36,254 - 2025-03-30T16:18:36.254252, 3.612766009208492, 0.0, -3.581644194418891, -12.36011631590724, 67.67502045939435, 40.967370194864124, 0.0016000000400000006, 102.36011631590723
2025-03-30 16:18:36,293 - 2025-03-30T16:18:36.293643, 3.61149288495804, 0.0, -3.5869525985710737, -12.56501631598085, 67.63844617744894, 41.14253272550719, 0.0016000000400000006, 102.56501631598086
2025-03-30 16:18:36,333 - 2025-03-30T16:18:36.333586, 3.6100117207368663, 0.0, -3.5923429744902386, -12.707116316031993, 67.59513483080539, 41.32058248734167, 0.0016000000400000006, 102.707116316032
2025-03-30 16:18:36,373 - 2025-03-30T16:18:36.373264, 3.6085229814496476, 0.0, -3.5975921320735744, -12.926716316111007, 67.55143855838662, 41.49401256411898, 0.0016000000400000006, 102.92671631611101
2025-03-30 16:18:36,414 - 2025-03-30T16:18:36.414092, 3.6074957725001426, 0.0, -3.6035246561379215, -13.221516316217038, 67.52352597001553, 41.68938628885649, 0.0016000000400000006, 103.22151631621703
2025-03-30 16:18:36,453 - 2025-03-30T16:18:36.453303, 3.6059250614459413, 0.0, -3.608565773750536, -13.674216316380098, 67.47694246640532, 41.85607930093567, 0.0016000000400000006, 103.6742163163801
2025-03-30 16:18:36,496 - 2025-03-30T16:18:36.496276, 3.6043770755898756, 0.0, -3.614030546370638, -13.897216316460494, 67.4315137401208, 42.03663136818635, 0.0016000000400000006, 103.89721631646049
2025-03-30 16:18:36,533 - 2025-03-30T16:18:36.533710, 3.6027395429007827, 0.0, -3.61914606068419, -14.336316316618888, 67.38281285686963, 42.20582668568172, 0.0016000000400000006, 104.3363163166189
2025-03-30 16:18:36,573 - 2025-03-30T16:18:36.573524, 3.6010579137749326, 0.0, -3.624759626706167, -14.790016316782644, 67.33314937130316, 42.39138336376483, 0.0016000000400000006, 104.79001631678264
2025-03-30 16:18:36,613 - 2025-03-30T16:18:36.613658, 3.599145519480226, 0.0, -3.630031509487638, -15.236816316944156, 67.27559404371286, 42.56596821786785, 0.0016000000400000006, 105.23681631694416
2025-03-30 16:18:36,653 - 2025-03-30T16:18:36.653176, 3.597173878616672, 0.0, -3.635519007305876, -15.75441631713142, 67.21630626225681, 42.74767506244423, 0.0016000000400000006, 105.75441631713142
2025-03-30 16:18:36,693 - 2025-03-30T16:18:36.693638, 3.594852979446568, 0.0, -3.6410960519571414, -16.38681631736051, 67.14566173104544, 42.93265406398729, 0.0016000000400000006, 106.38681631736053
2025-03-30 16:18:36,734 - 2025-03-30T16:18:36.734013, 3.592398437006679, 0.0, -3.646821890010281, -17.09171631761637, 67.07078244055212, 43.122637676362736, 0.0016000000400000006, 107.09171631761637
2025-03-30 16:18:36,773 - 2025-03-30T16:18:36.773215, 3.590359974508233, 0.0, -3.6523837845294564, -17.729516317848233, 67.00937727945511, 43.30684682635534, 0.0016000000400000006, 107.72951631784824
2025-03-30 16:18:36,818 - 2025-03-30T16:18:36.818109, 3.5877049671636683, 0.0, -3.658332812685408, -18.50171631812955, 66.92814585003887, 43.50433735497941, 0.0016000000400000006, 108.50171631812957
2025-03-30 16:18:36,853 - 2025-03-30T16:18:36.853134, 3.5852201244595987, 0.0, -3.6634937773952307, -19.18551631837913, 66.85172685644463, 43.67584222712618, 0.0016000000400000006, 109.18551631837913
2025-03-30 16:18:36,873 - 2025-03-30T16:18:36.873844, 3.583810649020334, 0.0, -3.666260251502485, -19.672116318557098, 66.80822391054508, 43.76785042674005, 0.0016000000400000006, 109.6721163185571
2025-03-30 16:18:36,916 - 2025-03-30T16:18:36.916628, 3.580895930202246, 0.0, -3.672648084798015, -20.426016318833227, 66.7189078883402, 43.97996986208612, 0.0016000000400000006, 110.42601631883323
2025-03-30 16:18:36,953 - 2025-03-30T16:18:36.953075, 3.5777125708850748, 0.0, -3.6779881431738928, -21.23511631913037, 66.6197753952353, 44.1580190481662, 0.0016000000400000006, 111.23511631913037
2025-03-30 16:18:36,994 - 2025-03-30T16:18:36.993971, 3.5746263334669766, 0.0, -3.6838186781921505, -22.093216319446356, 66.5242999848723, 44.3520446690588, 0.0016000000400000006, 112.09321631944636
2025-03-30 16:18:37,033 - 2025-03-30T16:18:37.033391, 3.5715690423535444, 0.0, -3.688868724830324, -22.92891631975499, 66.42901732527412, 44.520469559249285, 0.0016000000400000006, 112.92891631975499
2025-03-30 16:18:37,074 - 2025-03-30T16:18:37.074459, 3.5680880962326245, 0.0, -3.6939414966666333, -23.778116320069575, 66.31987561050441, 44.69004922676548, 0.0016000000400000006, 113.77811632006957
2025-03-30 16:18:37,096 - 2025-03-30T16:18:37.096051, 3.566336937552854, 0.0, -3.696938735942745, -24.325316320272762, 66.26540084062478, 44.78994926840322, 0.0016000000400000006, 114.32531632027276
2025-03-30 16:18:37,134 - 2025-03-30T16:18:37.134206, 3.563205249738485, 0.0, -3.7019219609460263, -25.15881632058308, 66.1676158756104, 44.95625677895275, 0.0016000000400000006, 115.15881632058309
2025-03-30 16:18:37,177 - 2025-03-30T16:18:37.177075, 3.55973187868361, 0.0, -3.707135951118165, -26.103716320936126, 66.05885908661591, 45.13045613152614, 0.0016000000400000006, 116.10371632093613
2025-03-30 16:18:37,213 - 2025-03-30T16:18:37.213643, 3.5565182191022586, 0.0, -3.711911136150725, -26.934716321247702, 65.95818689041012, 45.2900265773775, 0.0016000000400000006, 116.9347163212477
2025-03-30 16:18:37,255 - 2025-03-30T16:18:37.255903, 3.5531633411850776, 0.0, -3.7166938962493306, -27.81291632157818, 65.85289500914712, 45.44998194900411, 0.0016000000400000006, 117.81291632157817
2025-03-30 16:18:37,273 - 2025-03-30T16:18:37.273293, 3.5515231005769556, 0.0, -3.7191186871160795, -28.347116321779836, 65.80150022122373, 45.53101832463792, 0.0016000000400000006, 118.34711632177984
2025-03-30 16:18:37,314 - 2025-03-30T16:18:37.314042, 3.5478933610541614, 0.0, -3.7240578156826043, -29.30681632214326, 65.68735389562163, 45.69636323287216, 0.0016000000400000006, 119.30681632214326
2025-03-30 16:18:37,353 - 2025-03-30T16:18:37.353371, 3.5445384831369804, 0.0, -3.7288405757812098, -30.232716322495374, 65.58206201435863, 45.85631860449878, 0.0016000000400000006, 120.23271632249538
2025-03-30 16:18:37,393 - 2025-03-30T16:18:37.393111, 3.5408343469132486, 0.0, -3.733712882712843, -31.179116322856945, 65.46541338334032, 46.01954613309206, 0.0016000000400000006, 121.17911632285694
2025-03-30 16:18:37,434 - 2025-03-30T16:18:37.434460, 3.5371515819281383, 0.0, -3.7376634829285624, -32.08281632320372, 65.34857257731159, 46.15255324592608, 0.0016000000400000006, 122.08281632320372
2025-03-30 16:18:37,453 - 2025-03-30T16:18:37.453782, 3.5352289046483576, 0.0, -3.7401034239274016, -32.595716323401255, 65.28793841927384, 46.23435947311034, 0.0016000000400000006, 122.59571632340126
2025-03-30 16:18:37,493 - 2025-03-30T16:18:37.493414, 3.5313456747585708, 0.0, -3.744277214245933, -33.65311632381008, 65.16474547432219, 46.37487350219296, 0.0016000000400000006, 123.65311632381008
2025-03-30 16:18:37,537 - 2025-03-30T16:18:37.537071, 3.5271359117603684, 0.0, -3.7489642064049797, -34.689416324212985, 65.03135055694092, 46.532518743413775, 0.0016000000400000006, 124.68941632421298
2025-03-30 16:18:37,573 - 2025-03-30T16:18:37.573705, 3.522777355360292, 0.0, -3.7535175552942426, -35.66821632459565, 64.89295102872724, 46.68592922535265, 0.0016000000400000006, 125.66821632459565
2025-03-30 16:18:37,597 - 2025-03-30T16:18:37.597565, 3.520541941144672, 0.0, -3.7554077730818545, -36.2157163248106, 64.8215377974742, 46.75002656385867, 0.0016000000400000006, 126.2157163248106
2025-03-30 16:18:37,613 - 2025-03-30T16:18:37.613450, 3.5183216770611425, 0.0, -3.757580427541125, -36.70951632500503, 64.75089441777166, 46.823363272479035, 0.0016000000400000006, 126.70951632500503
2025-03-30 16:18:37,634 - 2025-03-30T16:18:37.634261, 3.5161896058511264, 0.0, -3.7587569785835453, -37.19611632519725, 64.68217624269965, 46.863977259923935, 0.0016000000400000006, 127.19611632519725
2025-03-30 16:18:37,654 - 2025-03-30T16:18:37.654725, 3.5140147921638674, 0.0, -3.761776943057792, -37.75371632541805, 64.61384241764847, 46.96503207888735, 0.0016000000400000006, 127.75371632541805
2025-03-30 16:18:37,674 - 2025-03-30T16:18:37.674143, 3.5117049812473105, 0.0, -3.763600339210512, -38.29331632563251, 64.53992688097927, 47.0270120377524, 0.0016000000400000006, 128.2933163256325
2025-03-30 16:18:37,713 - 2025-03-30T16:18:37.713427, 3.5074573429188827, 0.0, -3.767581239690412, -39.37661632606517, 64.40460733472185, 47.16155885368733, 0.0016000000400000006, 129.37661632606518
2025-03-30 16:18:37,755 - 2025-03-30T16:18:37.755432, 3.5028755964159943, 0.0, -3.7719341236749986, -40.51741632652397, 64.25870089025955, 47.30861719670329, 0.0016000000400000006, 130.51741632652397
2025-03-30 16:18:37,793 - 2025-03-30T16:18:37.793878, 3.498025209414023, 0.0, -3.7752392327399327, -41.63571632697696, 64.10297797489726, 47.42160529045327, 0.0016000000400000006, 131.63571632697696
2025-03-30 16:18:37,834 - 2025-03-30T16:18:37.834164, 3.493182397478097, 0.0, -3.778685560140696, -42.738416327427, 63.94763998531019, 47.539213069260434, 0.0016000000400000006, 132.738416327427
2025-03-30 16:18:37,873 - 2025-03-30T16:18:37.873126, 3.488473228811955, 0.0, -3.781983094139585, -43.75251632784384, 63.796536755005064, 47.651816237235195, 0.0016000000400000006, 133.75251632784384
2025-03-30 16:18:37,893 - 2025-03-30T16:18:37.893236, 3.4860738710623704, 0.0, -3.783457231985754, -44.286216328064384, 63.71934906136917, 47.702439446344904, 0.0016000000400000006, 134.28621632806437
2025-03-30 16:18:37,914 - 2025-03-30T16:18:37.914118, 3.483756485079768, 0.0, -3.7851394098026443, -44.858916328301994, 63.64504859892472, 47.75979972015276, 0.0016000000400000006, 134.85891632830203
2025-03-30 16:18:37,933 - 2025-03-30T16:18:37.933548, 3.4813495522641382, 0.0, -3.7864723293129843, -45.35501632850862, 63.567475979513596, 47.8058032442053, 0.0016000000400000006, 135.3550163285086
2025-03-30 16:18:37,953 - 2025-03-30T16:18:37.953192, 3.4788909479457066, 0.0, -3.78816208219592, -45.894416328734195, 63.48855583201196, 47.8635484437884, 0.0016000000400000006, 135.8944163287342
2025-03-30 16:18:37,973 - 2025-03-30T16:18:37.973366, 3.476521890460303, 0.0, -3.7902010933854062, -46.47761632897897, 63.412907841477015, 47.93265039312682, 0.0016000000400000006, 136.47761632897897
2025-03-30 16:18:38,014 - 2025-03-30T16:18:38.014032, 3.4714180130913395, 0.0, -3.792740864202347, -47.4459163293879, 63.2481383067652, 48.02080760772518, 0.0016000000400000006, 137.4459163293879
2025-03-30 16:18:38,053 - 2025-03-30T16:18:38.053683, 3.466699915399638, 0.0, -3.794551818142005, -48.514616329842724, 63.09530319834874, 48.08471161971197, 0.0016000000400000006, 138.51461632984274
2025-03-30 16:18:38,073 - 2025-03-30T16:18:38.073941, 3.4645464729510005, 0.0, -3.796650075900338, -49.21961633014483, 63.02677719828714, 48.15554602291611, 0.0016000000400000006, 139.21961633014485
2025-03-30 16:18:38,116 - 2025-03-30T16:18:38.116824, 3.4597829248630285, 0.0, -3.79761371982502, -49.88081633042978, 62.87163253521931, 48.19173192455985, 0.0016000000400000006, 139.88081633042978
2025-03-30 16:18:38,133 - 2025-03-30T16:18:38.133559, 3.4574490347888216, 0.0, -3.7976680992468506, -51.30561633104896, 62.79521526888829, 48.19577335732257, 0.0016000000400000006, 141.30561633104895
2025-03-30 16:18:38,154 - 2025-03-30T16:18:38.154798, 3.455228770705292, 0.0, -3.799840753706121, -51.79781633126459, 62.724571889185725, 48.26911006594294, 0.0016000000400000006, 141.79781633126458
2025-03-30 16:18:38,194 - 2025-03-30T16:18:38.193973, 3.4506973417456908, 0.0, -3.8024914425947105, -52.452916331553006, 62.578666020477826, 48.36034726249756, 0.0016000000400000006, 142.45291633155304
2025-03-30 16:18:38,213 - 2025-03-30T16:18:38.213801, 3.448125111436582, 0.0, -3.8020629204402057, -53.39531633197066, 62.49397198634773, 48.348797186222995, 0.0016000000400000006, 143.39531633197066
2025-03-30 16:18:38,233 - 2025-03-30T16:18:38.233131, 3.445851821890736, 0.0, -3.803247046548671, -53.93701633221236, 62.42063412621855, 48.38979609944314, 0.0016000000400000006, 143.93701633221235
2025-03-30 16:18:38,254 - 2025-03-30T16:18:38.254710, 3.443156231296917, 0.0, -3.805799259578673, -54.48371633245743, 62.334784163253964, 48.476029260919745, 0.0016000000400000006, 144.48371633245745
2025-03-30 16:18:38,293 - 2025-03-30T16:18:38.293236, 3.437647362240058, 0.0, -3.804749325431033, -55.83881633307022, 62.153269493688, 48.44696189522296, 0.0016000000400000006, 145.8388163330702
2025-03-30 16:18:38,314 - 2025-03-30T16:18:38.314049, 3.4350613357583732, 0.0, -3.805383728328271, -56.82211633351963, 62.069152560343554, 48.470251919764856, 0.0016000000400000006, 146.82211633351963
2025-03-30 16:18:38,357 - 2025-03-30T16:18:38.356830, 3.429630925280994, 0.0, -3.8084367009857267, -57.399516333785485, 61.89418105320208, 48.5755403465014, 0.0016000000400000006, 147.3995163337855
2025-03-30 16:18:38,373 - 2025-03-30T16:18:38.373803, 3.4266653402285776, 0.0, -3.808595777372675, -58.05011633408684, 61.79716766700138, 48.58362378778125, 0.0016000000400000006, 148.05011633408685
2025-03-30 16:18:38,393 - 2025-03-30T16:18:38.393541, 3.4233807971337913, 0.0, -3.8094092739359686, -59.32611633468334, 61.690337234146284, 48.61345812625648, 0.0016000000400000006, 149.32611633468335
2025-03-30 16:18:38,435 - 2025-03-30T16:18:38.435310, 3.417227790885661, 0.0, -3.81087232352859, -60.004816335003746, 61.49015049783238, 48.66735234082404, 0.0016000000400000006, 150.00481633500374
2025-03-30 16:18:38,456 - 2025-03-30T16:18:38.456021, 3.413846125891802, 0.0, -3.811195343449503, -60.697216335332875, 61.37966298223539, 48.68121024448676, 0.0016000000400000006, 150.69721633533288
2025-03-30 16:18:38,473 - 2025-03-30T16:18:38.473714, 3.410575378969591, 0.0, -3.810945914961054, -61.428016335682806, 61.27225544859463, 48.67620448214555, 0.0016000000400000006, 151.4280163356828
2025-03-30 16:18:38,493 - 2025-03-30T16:18:38.493411, 3.4074988758455262, 0.0, -3.8116774397573643, -62.08331633599882, 61.17216208043769, 48.703151589429325, 0.0016000000400000006, 152.08331633599883
2025-03-30 16:18:38,535 - 2025-03-30T16:18:38.535741, 3.401069654032268, 0.0, -3.8119514960945042, -63.313316336597914, 60.961773947448556, 48.71835586967373, 0.0016000000400000006, 153.31331633659792
2025-03-30 16:18:38,573 - 2025-03-30T16:18:38.573670, 3.3953389488321113, 0.0, -3.812046458765589, -64.32081633709457, 60.77409931397006, 48.72701583598483, 0.0016000000400000006, 154.32081633709458
2025-03-30 16:18:38,615 - 2025-03-30T16:18:38.615836, 3.3894759543216852, 0.0, -3.81363557656195, -65.32921633759722, 60.58353687354575, 48.78475988405911, 0.0016000000400000006, 155.32921633759722
2025-03-30 16:18:38,657 - 2025-03-30T16:18:38.657611, 3.38428117616018, 0.0, -3.814480727348938, -66.07251633797138, 60.414148229531165, 48.81748087797136, 0.0016000000400000006, 156.07251633797136
2025-03-30 16:18:38,693 - 2025-03-30T16:18:38.693547, 3.381062100740771, 0.0, -3.8138744654878924, -66.65781633826822, 60.30808822398091, 48.80073344009958, 0.0016000000400000006, 156.65781633826822
2025-03-30 16:18:38,793 - 2025-03-30T16:18:38.793785, 3.37843819892886, 0.0, -3.813802776705984, -67.16871633852894, 60.2220466617603, 48.80092503935559, 0.0016000000400000006, 157.16871633852895
2025-03-30 16:18:38,913 - 2025-03-30T16:18:38.913371, 3.3741789236558444, 0.0, -3.8136063736798507, -67.6780163387904, 60.08230133271934, 48.798613757441, 0.0016000000400000006, 157.6780163387904
2025-03-30 16:18:38,993 - 2025-03-30T16:18:38.993454, 3.369125363830168, 0.0, -3.8144439494007933, -67.99291633895281, 59.917532373761915, 48.830949825577996, 0.0016000000400000006, 157.9929163389528
2025-03-30 16:18:39,054 - 2025-03-30T16:18:39.054415, 3.3633732873913904, 0.0, -3.8154606187877915, -68.2183163390695, 59.73004991529384, 48.86983020764835, 0.0016000000400000006, 158.2183163390695
2025-03-30 16:18:39,093 - 2025-03-30T16:18:39.093580, 3.358164713057309, 0.0, -3.8173686946265226, -68.42701633917774, 59.5612383720649, 48.93739130237704, 0.0016000000400000006, 158.42701633917773
2025-03-30 16:18:39,133 - 2025-03-30T16:18:39.133725, 3.351826392036593, 0.0, -3.8193373709936145, -68.61331633927465, 59.35546934837853, 49.00803180330756, 0.0016000000400000006, 158.61331633927466
2025-03-30 16:18:39,174 - 2025-03-30T16:18:39.174114, 3.3446697073055667, 0.0, -3.8205710093768936, -68.87581633941149, 59.12217496511392, 49.05538112818739, 0.0016000000400000006, 158.87581633941147
2025-03-30 16:18:39,214 - 2025-03-30T16:18:39.214151, 3.337766512941533, 0.0, -3.8225699860081663, -69.13711633954816, 58.89792720119886, 49.12756133221885, 0.0016000000400000006, 159.13711633954816
2025-03-30 16:18:39,256 - 2025-03-30T16:18:39.255960, 3.3307296753077154, 0.0, -3.8247177560413137, -69.39391633968296, 58.66944467800185, 49.204746147082716, 0.0016000000400000006, 159.39391633968296
2025-03-30 16:18:39,294 - 2025-03-30T16:18:39.293966, 3.3239008776446193, 0.0, -3.8267835543074784, -69.62501633980455, 58.447699219503, 49.27904373075514, 0.0016000000400000006, 159.62501633980455
2025-03-30 16:18:39,333 - 2025-03-30T16:18:39.333185, 3.317696199893687, 0.0, -3.828603437272696, -69.86661633993207, 58.24616495509857, 49.34467962085326, 0.0016000000400000006, 159.8666163399321
2025-03-30 16:18:39,373 - 2025-03-30T16:18:39.373323, 3.3116919870474315, 0.0, -3.830200130135102, -70.08941634005, 58.050982829617084, 49.402808594702776, 0.0016000000400000006, 160.08941634004998
2025-03-30 16:18:39,414 - 2025-03-30T16:18:39.414329, 3.3064682625812596, 0.0, -3.8318257693021742, -70.31321634016876, 57.88140143483766, 49.46113031931711, 0.0016000000400000006, 160.31321634016876
2025-03-30 16:18:39,473 - 2025-03-30T16:18:39.473425, 3.299408699749306, 0.0, -3.8335498843278333, -70.57341634030725, 57.65176413431496, 49.52445607900944, 0.0016000000400000006, 160.57341634030723
2025-03-30 16:18:39,533 - 2025-03-30T16:18:39.533740, 3.292639148655057, 0.0, -3.8354000675572317, -70.84461634045208, 57.43175112968184, 49.5916316722085, 0.0016000000400000006, 160.8446163404521
2025-03-30 16:18:39,594 - 2025-03-30T16:18:39.594223, 3.2862264309334037, 0.0, -3.8373019222894316, -71.08391634058027, 57.22347980057929, 49.660154793498045, 0.0016000000400000006, 161.08391634058032
2025-03-30 16:18:39,653 - 2025-03-30T16:18:39.653149, 3.279999027984336, 0.0, -3.838698150247161, -71.31721634070567, 57.02079075884916, 49.71193162842463, 0.0016000000400000006, 161.31721634070567
2025-03-30 16:18:39,675 - 2025-03-30T16:18:39.675440, 3.2765159226354283, 0.0, -3.8490111506412465, -71.319716340707, 56.91665192764866, 50.05320949460681, 0.0016000000400000006, 161.319716340707
2025-03-30 16:18:39,733 - 2025-03-30T16:18:39.733875, 3.26944878473743, 0.0, -3.8505940473310765, -71.54031634082585, 56.68662970135073, 50.11191556924197, 0.0016000000400000006, 161.54031634082585
2025-03-30 16:18:39,775 - 2025-03-30T16:18:39.775459, 3.2639653487977345, 0.0, -3.852658491637727, -71.93211634103777, 56.508963713782634, 50.18486620057829, 0.0016000000400000006, 161.93211634103778
2025-03-30 16:18:39,833 - 2025-03-30T16:18:39.833563, 3.256243790723391, 0.0, -3.853922430285187, -72.18051634117275, 56.25719059028933, 50.233755228559055, 0.0016000000400000006, 162.18051634117273
2025-03-30 16:18:39,873 - 2025-03-30T16:18:39.873516, 3.2504324677157665, 0.0, -3.8551547147089513, -72.5544163413766, 56.06797567795552, 50.27975760110277, 0.0016000000400000006, 162.5544163413766
2025-03-30 16:18:39,913 - 2025-03-30T16:18:39.913423, 3.244911156445846, 0.0, -3.856513067336455, -72.88861634155968, 55.888385061511315, 50.32960980715322, 0.0016000000400000006, 162.8886163415597
2025-03-30 16:18:39,955 - 2025-03-30T16:18:39.955388, 3.2391969553372943, 0.0, -3.8582358284026, -73.29141634178136, 55.7028272319194, 50.391588614509445, 0.0016000000400000006, 163.29141634178137
2025-03-30 16:18:39,993 - 2025-03-30T16:18:39.993332, 3.2338017122711125, 0.0, -3.8593041692924, -73.81661634207221, 55.527086448981876, 50.43181652467031, 0.0016000000400000006, 163.81661634207222
2025-03-30 16:18:40,033 - 2025-03-30T16:18:40.033854, 3.2283244974379484, 0.0, -3.8601644702114783, -74.29781634234038, 55.34845843485293, 50.46530737013302, 0.0016000000400000006, 164.29781634234038
2025-03-30 16:18:40,075 - 2025-03-30T16:18:40.075179, 3.222772885903847, 0.0, -3.8609579494956647, -74.83421634264137, 55.16732811530778, 50.49668083595475, 0.0016000000400000006, 164.83421634264135
2025-03-30 16:18:40,113 - 2025-03-30T16:18:40.113871, 3.2163120098668943, 0.0, -3.859321770766086, -75.34241634292856, 54.95405332688162, 50.44932690503968, 0.0016000000400000006, 165.34241634292857
2025-03-30 16:18:40,133 - 2025-03-30T16:18:40.133659, 3.21325687798145, 0.0, -3.859131588846483, -75.90701634324991, 54.853767783714254, 50.4460535965642, 0.0016000000400000006, 165.9070163432499
2025-03-30 16:18:40,176 - 2025-03-30T16:18:40.176105, 3.2074579971868875, 0.0, -3.857955586495104, -76.5469163436171, 54.66262881825871, 50.4131363973607, 0.0016000000400000006, 166.5469163436171
2025-03-30 16:18:40,213 - 2025-03-30T16:18:40.213757, 3.2021950434309754, 0.0, -3.8575297722596282, -77.1805163439839, 54.48977584226702, 50.40428022575838, 0.0016000000400000006, 167.1805163439839
2025-03-30 16:18:40,253 - 2025-03-30T16:18:40.253202, 3.197051936772272, 0.0, -3.85801808967402, -77.7956163443431, 54.32173472634293, 50.42525954414005, 0.0016000000400000006, 167.7956163443431
2025-03-30 16:18:40,293 - 2025-03-30T16:18:40.293844, 3.19131365650607, 0.0, -3.8579718340092755, -78.57541634480296, 54.13367516708921, 50.429299825393954, 0.0016000000400000006, 168.57541634480296
2025-03-30 16:18:40,333 - 2025-03-30T16:18:40.333302, 3.1855753762398686, 0.0, -3.857925578344531, -79.41461634530364, 53.94561560783552, 50.43334010664788, 0.0016000000400000006, 169.41461634530364
2025-03-30 16:18:40,373 - 2025-03-30T16:18:40.373538, 3.1798295209076217, 0.0, -3.857738104343957, -80.2872163458307, 53.75717112280657, 50.432760702844604, 0.0016000000400000006, 170.2872163458307
2025-03-30 16:18:40,414 - 2025-03-30T16:18:40.414110, 3.1738088039697616, 0.0, -3.857706998811303, -81.02691634628283, 53.5598721934385, 50.43757083564898, 0.0016000000400000006, 171.02691634628283
2025-03-30 16:18:40,453 - 2025-03-30T16:18:40.453730, 3.1682268921714796, 0.0, -3.857935604752172, -81.59621634663422, 53.37720217079244, 50.45046556124201, 0.0016000000400000006, 171.5962163466342
2025-03-30 16:18:40,495 - 2025-03-30T16:18:40.495627, 3.1623549686354937, 0.0, -3.8580381424893018, -82.1919163470051, 53.18490785225677, 50.45951045332833, 0.0016000000400000006, 172.1919163470051
2025-03-30 16:18:40,534 - 2025-03-30T16:18:40.534241, 3.1566394135674276, 0.0, -3.858415541832045, -82.59001634725496, 52.99800307032875, 50.47740978975375, 0.0016000000400000006, 172.59001634725496
2025-03-30 16:18:40,574 - 2025-03-30T16:18:40.574452, 3.1506262716956126, 0.0, -3.85852565463522, -83.03751634753756, 52.801089066735926, 50.48683960761531, 0.0016000000400000006, 173.03751634753758
2025-03-30 16:18:40,613 - 2025-03-30T16:18:40.613817, 3.1453343716350344, 0.0, -3.8588803287798283, -83.39281634776327, 52.62804333997943, 50.503584166715065, 0.0016000000400000006, 173.39281634776327
2025-03-30 16:18:40,653 - 2025-03-30T16:18:40.653512, 3.139968074873519, 0.0, -3.859168181289544, -83.7380163479838, 52.45249530780673, 50.51821134617383, 0.0016000000400000006, 173.7380163479838
2025-03-30 16:18:40,694 - 2025-03-30T16:18:40.694738, 3.1347278463157426, 0.0, -3.8591660220615562, -84.1607163482555, 52.28079710914075, 50.52321422974302, 0.0016000000400000006, 174.1607163482555
2025-03-30 16:18:40,733 - 2025-03-30T16:18:40.733908, 3.129703232794733, 0.0, -3.859223109402415, -84.48761634846689, 52.11622090094816, 50.52994956717796, 0.0016000000400000006, 174.4876163484669
2025-03-30 16:18:40,774 - 2025-03-30T16:18:40.774579, 3.1243961826020645, 0.0, -3.8592953468753644, -84.8867163487264, 51.94240532264119, 50.53745475616334, 0.0016000000400000006, 174.8867163487264
2025-03-30 16:18:40,833 - 2025-03-30T16:18:40.833608, 3.117461334014336, 0.0, -3.8593840884399184, -85.23591634895482, 51.7152709032891, 50.54707674903531, 0.0016000000400000006, 175.23591634895482
2025-03-30 16:18:40,913 - 2025-03-30T16:18:40.913240, 3.1117306288141795, 0.0, -3.8594790511110033, -85.46621634910616, 51.52759626981062, 50.5557367153464, 0.0016000000400000006, 175.46621634910616
2025-03-30 16:18:40,993 - 2025-03-30T16:18:40.993227, 3.1051526135990466, 0.0, -3.8596194641783588, -85.68561634925089, 51.31220352598907, 50.56670623630886, 0.0016000000400000006, 175.6856163492509
2025-03-30 16:18:41,054 - 2025-03-30T16:18:41.054107, 3.09891628162442, 0.0, -3.859529112076858, -85.97121634944003, 51.10778260614764, 50.56978391524749, 0.0016000000400000006, 175.97121634944003
2025-03-30 16:18:41,093 - 2025-03-30T16:18:41.093348, 3.0938992431694556, 0.0, -3.859727417753546, -86.15131634955975, 50.943591323730274, 50.581138937739595, 0.0016000000400000006, 176.15131634955975
2025-03-30 16:18:41,134 - 2025-03-30T16:18:41.134394, 3.087878526231595, 0.0, -3.859696312220892, -86.36461634970199, 50.74629239436221, 50.585949070543975, 0.0016000000400000006, 176.36461634970198
2025-03-30 16:18:41,173 - 2025-03-30T16:18:41.173192, 3.0817393161560407, 0.0, -3.8600964367617707, -86.52111634980672, 50.54552855726266, 50.6050031842951, 0.0016000000400000006, 176.52111634980673
2025-03-30 16:18:41,213 - 2025-03-30T16:18:41.213365, 3.0754878340493237, 0.0, -3.8597236479886106, -86.77611634997787, 50.34033778587075, 50.59884149311937, 0.0016000000400000006, 176.77611634997788
2025-03-30 16:18:41,253 - 2025-03-30T16:18:41.253372, 3.0689690654030377, 0.0, -3.8596484460191998, -87.02811635014768, 50.12667749591495, 50.60268902360848, 0.0016000000400000006, 177.02811635014768
2025-03-30 16:18:41,293 - 2025-03-30T16:18:41.293474, 3.062599090158627, 0.0, -3.859706887319573, -87.21391635027341, 49.91802181679156, 50.61077131337951, 0.0016000000400000006, 177.2139163502734
2025-03-30 16:18:41,335 - 2025-03-30T16:18:41.335296, 3.05634760805191, 0.0, -3.8593340985464133, -87.41121635040729, 49.71283104539967, 50.604609622203796, 0.0016000000400000006, 177.4112163504073
2025-03-30 16:18:41,373 - 2025-03-30T16:18:41.373276, 3.0507581211875827, 0.0, -3.8594214861514526, -87.59871635053494, 49.52977609697836, 50.61288466273963, 0.0016000000400000006, 177.59871635053494
2025-03-30 16:18:41,413 - 2025-03-30T16:18:41.413658, 3.045153484191165, 0.0, -3.8592264370848337, -87.81271635068117, 49.345951297006586, 50.611920333161144, 0.0016000000400000006, 177.81271635068117
2025-03-30 16:18:41,454 - 2025-03-30T16:18:41.454422, 3.0399056805673434, 0.0, -3.8590830595210166, -87.96011635078219, 49.17386817256537, 50.61230353167316, 0.0016000000400000006, 177.9601163507822
2025-03-30 16:18:41,493 - 2025-03-30T16:18:41.493687, 3.0347915202133064, 0.0, -3.858790888555325, -88.1399163509057, 49.006019807406105, 50.60768211935278, 0.0016000000400000006, 178.1399163509057
2025-03-30 16:18:41,553 - 2025-03-30T16:18:41.553812, 3.027410291419954, 0.0, -3.858478700310526, -88.37681635106904, 48.76387155555678, 50.604599834378895, 0.0016000000400000006, 178.37681635106904
2025-03-30 16:18:41,614 - 2025-03-30T16:18:41.614039, 3.0201034593275393, 0.0, -3.8582333337006194, -88.57281635120466, 48.52422560912368, 50.60363492904598, 0.0016000000400000006, 178.57281635120466
2025-03-30 16:18:41,653 - 2025-03-30T16:18:41.653457, 3.0150044491055925, 0.0, -3.8582235994065863, -88.74171635132193, 48.35714709551487, 50.60825288683995, 0.0016000000400000006, 178.74171635132194
2025-03-30 16:18:41,694 - 2025-03-30T16:18:41.694661, 3.009964685452492, 0.0, -3.8579982500757866, -88.94371635146258, 48.1918010357718, 50.60574885416053, 0.0016000000400000006, 178.94371635146257
2025-03-30 16:18:41,736 - 2025-03-30T16:18:41.736602, 3.0046424851277336, 0.0, -3.857788050877077, -89.06871635154994, 48.01721560591439, 50.60401467303157, 0.0016000000400000006, 179.06871635154994
2025-03-30 16:18:41,777 - 2025-03-30T16:18:41.777592, 2.999402256569957, 0.0, -3.8577858916490895, -89.30371635171451, 47.8455174072484, 50.609017556600776, 0.0016000000400000006, 179.3037163517145
2025-03-30 16:18:41,813 - 2025-03-30T16:18:41.813609, 2.993998084478216, 0.0, -3.8573676524796583, -89.52841635187258, 47.66804474619955, 50.600546310773645, 0.0016000000400000006, 179.52841635187258
2025-03-30 16:18:41,854 - 2025-03-30T16:18:41.854567, 2.9881778324450323, 0.0, -3.8571133568441924, -89.72891635201408, 47.47709795575442, 50.597849527329416, 0.0016000000400000006, 179.7289163520141
2025-03-30 16:18:41,893 - 2025-03-30T16:18:41.893649, 2.982640017083507, 0.0, -3.856843911076636, -89.90381635213797, 47.295390535423635, 50.59438289233471, 0.0016000000400000006, 179.90381635213797
2025-03-30 16:18:41,934 - 2025-03-30T16:18:41.934387, 2.9771097767880264, 0.0, -3.856715683644909, -90.15431627090204, 47.11406804086805, 50.5955359423972, 0.0016000000400000006, 180.15431627090203
2025-03-30 16:18:41,978 - 2025-03-30T16:18:41.978607, 2.970932691382247, 0.0, -3.8564097165066413, -90.38681627106646, 46.911379574892365, 50.59149163086245, 0.0016000000400000006, 180.38681627106646
2025-03-30 16:18:42,013 - 2025-03-30T16:18:42.013495, 2.9657517093933174, 0.0, -3.8561919422418867, -90.59901627121596, 46.74141383009212, 50.58937252395825, 0.0016000000400000006, 180.59901627121596
2025-03-30 16:18:42,054 - 2025-03-30T16:18:42.054375, 2.959864635725241, 0.0, -3.856012043307358, -90.7927162713519, 46.548349660006, 50.58917804593021, 0.0016000000400000006, 180.7927162713519
2025-03-30 16:18:42,093 - 2025-03-30T16:18:42.093823, 2.9537695220864437, 0.0, -3.8559141161398114, -90.99561627149383, 46.348548425221736, 50.59187079909361, 0.0016000000400000006, 180.99561627149382
2025-03-30 16:18:42,134 - 2025-03-30T16:18:42.134152, 2.948023666754197, 0.0, -3.8557266421392375, -91.20191627163766, 46.16010394019279, 50.591291395290355, 0.0016000000400000006, 181.20191627163766
2025-03-30 16:18:42,176 - 2025-03-30T16:18:42.176679, 2.9424190297577795, 0.0, -3.8555315930726186, -91.39541627177209, 45.976279140221024, 50.59032706571186, 0.0016000000400000006, 181.3954162717721
2025-03-30 16:18:42,213 - 2025-03-30T16:18:42.213575, 2.9368068176953166, 0.0, -3.85519532567017, -91.64521627194497, 45.792069414474014, 50.58474305107619, 0.0016000000400000006, 181.64521627194497
2025-03-30 16:18:42,254 - 2025-03-30T16:18:42.254152, 2.9312021806988993, 0.0, -3.8550002766035507, -91.82271627206734, 45.608244614502254, 50.583778721497666, 0.0016000000400000006, 181.82271627206734
2025-03-30 16:18:42,293 - 2025-03-30T16:18:42.293798, 2.926080445278817, 0.0, -3.85456688730203, -92.04581627222069, 45.440011323567774, 50.57453762412011, 0.0016000000400000006, 182.0458162722207
2025-03-30 16:18:42,354 - 2025-03-30T16:18:42.354571, 2.9183864795496257, 0.0, -3.853704975846004, -92.30541627239838, 45.18708399850318, 50.553746450468, 0.0016000000400000006, 182.3054162723984
2025-03-30 16:18:42,413 - 2025-03-30T16:18:42.413236, 2.911123743893967, 0.0, -3.852961557527672, -92.5562162725693, 44.948400654385324, 50.53642018454736, 0.0016000000400000006, 182.55621627256934
2025-03-30 16:18:42,473 - 2025-03-30T16:18:42.473595, 2.9036529682675876, 0.0, -3.8523001109763224, -92.74091627269475, 44.702980245569336, 50.52198114981815, 0.0016000000400000006, 182.74091627269473
2025-03-30 16:18:42,513 - 2025-03-30T16:18:42.513383, 2.8983080427446932, 0.0, -3.851666256770125, -92.95811627284172, 44.52724003838623, 50.50638791351766, 0.0016000000400000006, 182.95811627284172
2025-03-30 16:18:42,553 - 2025-03-30T16:18:42.553966, 2.8929114457189975, 0.0, -3.851389235936524, -93.12071627295143, 44.35015230311262, 50.50253635274775, 0.0016000000400000006, 183.12071627295143
2025-03-30 16:18:42,593 - 2025-03-30T16:18:42.593218, 2.8875740952621483, 0.0, -3.8508966000661555, -93.27941627305823, 44.17479702170475, 50.49156280150443, 0.0016000000400000006, 183.27941627305825
2025-03-30 16:18:42,633 - 2025-03-30T16:18:42.633262, 2.8820059796364426, 0.0, -3.8500622809552816, -93.42751627315762, 43.991549898273036, 50.46961742628102, 0.0016000000400000006, 183.4275162731576
2025-03-30 16:18:42,673 - 2025-03-30T16:18:42.673592, 2.8766610541135487, 0.0, -3.849428426749084, -93.572916273255, 43.815809691089925, 50.45402418998052, 0.0016000000400000006, 183.572916273255
2025-03-30 16:18:42,715 - 2025-03-30T16:18:42.715208, 2.8709000486492116, 0.0, -3.8489585160768516, -93.74811627337203, 43.62659535451052, 50.444205416062914, 0.0016000000400000006, 183.74811627337203
2025-03-30 16:18:42,753 - 2025-03-30T16:18:42.753310, 2.8654883014914247, 0.0, -3.8483990585715917, -93.81291627341524, 43.44873776768644, 50.43111448517863, 0.0016000000400000006, 183.81291627341523
2025-03-30 16:18:42,794 - 2025-03-30T16:18:42.794507, 2.8600097326987464, 0.0, -3.8479139977672685, -93.97411627352245, 43.26876280122138, 50.42052585971056, 0.0016000000400000006, 183.97411627352244
2025-03-30 16:18:42,833 - 2025-03-30T16:18:42.833267, 2.8546723822418976, 0.0, -3.8474213618969006, -94.06001627357952, 43.09340751981351, 50.40955230846725, 0.0016000000400000006, 184.06001627357952
2025-03-30 16:18:42,877 - 2025-03-30T16:18:42.877479, 2.8490450200473445, 0.0, -3.8468026578227934, -94.19961627367198, 42.90842794251605, 50.39472892371722, 0.0016000000400000006, 184.19961627367198
2025-03-30 16:18:42,913 - 2025-03-30T16:18:42.913259, 2.844020406526335, 0.0, -3.8468597451636524, -94.30701627374306, 42.74385173432344, 50.40146426115214, 0.0016000000400000006, 184.30701627374305
2025-03-30 16:18:42,956 - 2025-03-30T16:18:42.956160, 2.839009589177901, 0.0, -3.8458539074527684, -94.35251627377315, 42.578698425345195, 50.37335949777064, 0.0016000000400000006, 184.35251627377315
2025-03-30 16:18:42,993 - 2025-03-30T16:18:42.993242, 2.8336949639191875, 0.0, -3.8457849265898885, -94.43251627382587, 42.404497921263015, 50.376245001698855, 0.0016000000400000006, 184.43251627382585
2025-03-30 16:18:43,054 - 2025-03-30T16:18:43.054356, 2.8264398033295746, 0.0, -3.845182726607386, -94.53021627389025, 42.16619950292042, 50.36353842083541, 0.0016000000400000006, 184.53021627389023
2025-03-30 16:18:43,094 - 2025-03-30T16:18:43.094009, 2.821243671208555, 0.0, -3.8446825156709727, -94.51841627388252, 41.99546390656972, 50.352179943816864, 0.0016000000400000006, 184.5184162738825
2025-03-30 16:18:43,134 - 2025-03-30T16:18:43.134339, 2.816203907555455, 0.0, -3.844457166340173, -94.4689162738499, 41.83011784682666, 50.349675911137446, 0.0016000000400000006, 184.4689162738499
2025-03-30 16:18:43,173 - 2025-03-30T16:18:43.173247, 2.8111489937702645, 0.0, -3.8439493803377145, -94.52641627388775, 41.66400193553312, 50.33793250834367, 0.0016000000400000006, 184.52641627388775
2025-03-30 16:18:43,233 - 2025-03-30T16:18:43.233531, 2.803678218143885, 0.0, -3.8432879337863652, -94.57431627391934, 41.418581526717155, 50.32349347361447, 0.0016000000400000006, 184.57431627391935
2025-03-30 16:18:43,274 - 2025-03-30T16:18:43.274581, 2.7981404027823595, 0.0, -3.8430184880188087, -94.56581627391365, 41.23687410638635, 50.32002683861976, 0.0016000000400000006, 184.56581627391364
2025-03-30 16:18:43,313 - 2025-03-30T16:18:43.313732, 2.793070338865079, 0.0, -3.8422282653446915, -94.61781627394792, 41.06998834354236, 50.29904406571164, 0.0016000000400000006, 184.61781627394794
2025-03-30 16:18:43,353 - 2025-03-30T16:18:43.353658, 2.787807385109167, 0.0, -3.8418024511092157, -94.68891627399466, 40.897135367550696, 50.2901878941093, 0.0016000000400000006, 184.68891627399466
2025-03-30 16:18:43,394 - 2025-03-30T16:18:43.394014, 2.7826780746230395, 0.0, -3.841227843471865, -94.6943162739982, 40.72851715084097, 50.276327111674554, 0.0016000000400000006, 184.6943162739982
2025-03-30 16:18:43,433 - 2025-03-30T16:18:43.433335, 2.777065862560577, 0.0, -3.8408915760694167, -94.74661627403253, 40.544307425093976, 50.27074309703888, 0.0016000000400000006, 184.74661627403253
2025-03-30 16:18:43,473 - 2025-03-30T16:18:43.473707, 2.771862155373512, 0.0, -3.840250146797174, -94.77661627405217, 40.37318690296803, 50.25476493496316, 0.0016000000400000006, 184.77661627405217
2025-03-30 16:18:43,513 - 2025-03-30T16:18:43.513196, 2.7666067766836457, 0.0, -3.8399655508975274, -94.9476162741642, 40.200718852751606, 50.25052844841801, 0.0016000000400000006, 184.9476162741642
2025-03-30 16:18:43,556 - 2025-03-30T16:18:43.556382, 2.760763799452326, 0.0, -3.8392876002545733, -94.93001627415268, 40.00861728498075, 50.23397260980224, 0.0016000000400000006, 184.93001627415268
2025-03-30 16:18:43,593 - 2025-03-30T16:18:43.593873, 2.755731610865271, 0.0, -3.839203469259603, -94.95621627416982, 39.84365615101293, 50.23608826217999, 0.0016000000400000006, 184.95621627416983
2025-03-30 16:18:43,654 - 2025-03-30T16:18:43.654039, 2.748535696844505, 0.0, -3.8383856542403336, -95.07681627424861, 39.60709018653607, 50.21625969084314, 0.0016000000400000006, 185.0768162742486
2025-03-30 16:18:43,694 - 2025-03-30T16:18:43.694126, 2.7435110833234955, 0.0, -3.8384427415811926, -95.06141627423857, 39.44251397834347, 50.22299502827808, 0.0016000000400000006, 185.06141627423858
2025-03-30 16:18:43,757 - 2025-03-30T16:18:43.757908, 2.736813221011155, 0.0, -3.8376690229986803, -95.11701627427485, 39.22230937445435, 50.204129059256516, 0.0016000000400000006, 185.11701627427485
2025-03-30 16:18:43,813 - 2025-03-30T16:18:43.813850, 2.731327077152431, 0.0, -3.837042743858528, -95.21121627433628, 39.041949482214044, 50.18892074873127, 0.0016000000400000006, 185.2112162743363
2025-03-30 16:18:43,873 - 2025-03-30T16:18:43.873482, 2.725209238315498, 0.0, -3.8365211616834936, -95.32631627441114, 38.84099347010409, 50.17775444672314, 0.0016000000400000006, 185.32631627441114
2025-03-30 16:18:43,934 - 2025-03-30T16:18:43.934346, 2.7193070145153317, 0.0, -3.836058826077306, -95.33401627441614, 38.64715944846752, 50.16832059858075, 0.0016000000400000006, 185.33401627441614
2025-03-30 16:18:44,013 - 2025-03-30T16:18:44.013892, 2.7136796523207787, 0.0, -3.835440122003199, -95.4126162744672, 38.46217987117006, 50.15349721383071, 0.0016000000400000006, 185.4126162744672
2025-03-30 16:18:44,153 - 2025-03-30T16:18:44.153775, 2.7084607950016233, 0.0, -3.8345162560592976, -95.4829162745128, 38.29028949749365, 50.12827968164065, 0.0016000000400000006, 185.4829162745128
2025-03-30 16:19:05,016 - 2025-03-30T16:19:05.016603, 2.709749069384166, 0.0, -3.8294902885787736, -95.48451627451384, 38.32763363098951, 49.96235652111194, 0.0016000000400000006, 185.48451627451385
2025-03-30 16:19:29,333 - 2025-03-30T16:19:29.333577, 2.7040080811989355, 0.0, -3.826753309467226, -95.53101627454402, 38.13688016706358, 49.87823786050428, 0.0016000000400000006, 185.53101627454402
2025-03-30 16:19:29,413 - 2025-03-30T16:19:29.413515, 2.698395869136473, 0.0, -3.8264170420647776, -95.58161627457676, 37.95267044131659, 49.872653845868605, 0.0016000000400000006, 185.58161627457676
2025-03-30 16:19:30,117 - 2025-03-30T16:19:30.117537, 2.6930660937456694, 0.0, -3.826065624530239, -95.60841627459413, 37.77770008568395, 49.86629997968247, 0.0016000000400000006, 185.60841627459413
2025-03-30 16:19:30,193 - 2025-03-30T16:19:30.193719, 2.687587524952991, 0.0, -3.825580563725916, -95.71761627466475, 37.59772511921891, 49.85571135421439, 0.0016000000400000006, 185.71761627466475
2025-03-30 16:19:30,254 - 2025-03-30T16:19:30.254277, 2.6825477612998907, 0.0, -3.8253552143951164, -95.60481627459181, 37.432379059475835, 49.853207321534974, 0.0016000000400000006, 185.60481627459183
2025-03-30 16:19:31,173 - 2025-03-30T16:19:31.173262, 2.688316341830273, 0.0, -3.825966343403178, -95.60611627459262, 37.62197832183047, 49.867645780509754, 0.0016000000400000006, 185.60611627459264
2025-03-30 16:19:31,236 - 2025-03-30T16:19:31.236737, 2.6934305021843103, 0.0, -3.8262585143688703, -95.62131627460249, 37.789826686989734, 49.872267192830165, 0.0016000000400000006, 185.6213162746025
2025-03-30 16:19:35,073 - 2025-03-30T16:19:35.073529, 2.6876997969841536, 0.0, -3.8263534770399548, -95.46701627450256, 37.60215205351124, 49.88092715914124, 0.0016000000400000006, 185.46701627450256
2025-03-30 16:19:35,113 - 2025-03-30T16:19:35.113604, 2.6822212281914757, 0.0, -3.825868416235632, -95.26651627437225, 37.42217708704621, 49.87033853367317, 0.0016000000400000006, 185.26651627437224
2025-03-30 16:19:35,153 - 2025-03-30T16:19:35.153363, 2.6757251847433254, 0.0, -3.826216869273709, -94.93111627415341, 37.209671574416106, 49.88804511933379, 0.0016000000400000006, 184.9311162741534
2025-03-30 16:19:35,193 - 2025-03-30T16:19:35.193899, 2.668374256214154, 0.0, -3.8264695543722276, -94.36721627378277, 36.96906302566771, 49.903441574588605, 0.0016000000400000006, 184.3672162737828
2025-03-30 16:19:35,233 - 2025-03-30T16:19:35.233171, 2.6611204495840552, 0.0, -3.827212716113127, -93.51121627321373, 36.732111559661206, 49.93481446465594, 0.0016000000400000006, 183.51121627321373
2025-03-30 16:19:35,273 - 2025-03-30T16:19:35.273606, 2.654565159567058, 0.0, -3.8277767841879706, -92.88501627279231, 36.51787359316536, 49.95964304078994, 0.0016000000400000006, 182.8850162727923
2025-03-30 16:19:35,315 - 2025-03-30T16:19:35.315598, 2.648864754631082, 0.0, -3.8284366202023725, -92.15341627229445, 36.3317386627878, 49.98678174732973, 0.0016000000400000006, 182.15341627229446
2025-03-30 16:19:35,353 - 2025-03-30T16:19:35.353344, 2.6437216479723786, 0.0, -3.828924937616765, -91.51371627185401, 36.16369754686372, 50.00776106571143, 0.0016000000400000006, 181.513716271854
2025-03-30 16:19:35,394 - 2025-03-30T16:19:35.393983, 2.6388017314164864, 0.0, -3.8296137199358333, -90.89941627142663, 36.003163347188234, 50.03509252301604, 0.0016000000400000006, 180.89941627142662
2025-03-30 16:19:35,453 - 2025-03-30T16:19:35.453231, 2.6327885895446714, 0.0, -3.8297238327390084, -90.4142162710858, 35.80624934359541, 50.04452234087758, 0.0016000000400000006, 180.41421627108582
2025-03-30 16:19:35,513 - 2025-03-30T16:19:35.513866, 2.6269910627096227, 0.0, -3.8298931921110304, -90.03171627081508, 35.61645733047594, 50.05568461260487, 0.0016000000400000006, 180.03171627081508
2025-03-30 16:19:35,573 - 2025-03-30T16:19:35.573682, 2.620502594327518, 0.0, -3.830382863484937, -89.33341635173537, 35.40433674362108, 50.078010883322676, 0.0016000000400000006, 179.33341635173537
2025-03-30 16:19:35,614 - 2025-03-30T16:19:35.614213, 2.615500706004644, 0.0, -3.830863605833284, -88.82721635138138, 35.24091531275419, 50.09860527592913, 0.0016000000400000006, 178.82721635138137
2025-03-30 16:19:35,653 - 2025-03-30T16:19:35.653232, 2.610015916105435, 0.0, -3.831582688416533, -88.2743163509983, 35.061902372850014, 50.12747643633467, 0.0016000000400000006, 178.2743163509983
2025-03-30 16:19:35,696 - 2025-03-30T16:19:35.696769, 2.6043823328043505, 0.0, -3.832168127729998, -87.84551635070359, 34.8778848221134, 50.15211283745825, 0.0016000000400000006, 177.84551635070358
2025-03-30 16:19:35,733 - 2025-03-30T16:19:35.733204, 2.5983175194297337, 0.0, -3.8326350739057693, -87.62301635055154, 34.679623290430065, 50.173284330850365, 0.0016000000400000006, 177.62301635055155
2025-03-30 16:19:35,773 - 2025-03-30T16:19:35.773386, 2.592044666084395, 0.0, -3.8331839918485224, -87.4309163504207, 34.47462469404857, 50.19734305543389, 0.0016000000400000006, 177.43091635042074
2025-03-30 16:19:35,813 - 2025-03-30T16:19:35.813453, 2.5858903058767506, 0.0, -3.8333016797177426, -87.33861635035798, 34.27309100539856, 50.20715779907066, 0.0016000000400000006, 177.338616350358
2025-03-30 16:19:35,854 - 2025-03-30T16:19:35.854005, 2.57953548076443, 0.0, -3.8336425576897746, -87.16261635023865, 34.065205177825625, 50.22447945895605, 0.0016000000400000006, 177.16261635023864
2025-03-30 16:19:35,894 - 2025-03-30T16:19:35.894026, 2.573470667389813, 0.0, -3.834109503865546, -87.13681635022121, 33.866943646142296, 50.24565095234817, 0.0016000000400000006, 177.1368163502212
2025-03-30 16:19:35,933 - 2025-03-30T16:19:35.933814, 2.567531922218935, 0.0, -3.834286438303613, -87.1650163502403, 33.67253194796565, 50.25719814985069, 0.0016000000400000006, 177.1650163502403
2025-03-30 16:19:35,973 - 2025-03-30T16:19:35.973148, 2.5617343953838865, 0.0, -3.834455797675635, -87.15751635023517, 33.48273993484621, 50.26836042157798, 0.0016000000400000006, 177.15751635023517
2025-03-30 16:19:36,013 - 2025-03-30T16:19:36.013579, 2.556293701921434, 0.0, -3.8346768285504584, -87.17681635024829, 33.304689597257315, 50.28087022139576, 0.0016000000400000006, 177.1768163502483
2025-03-30 16:19:36,053 - 2025-03-30T16:19:36.053792, 2.550837858326891, 0.0, -3.834615422753624, -87.24991635029774, 33.12586940811795, 50.28414065109923, 0.0016000000400000006, 177.24991635029772
2025-03-30 16:19:36,093 - 2025-03-30T16:19:36.093665, 2.5453303432295464, 0.0, -3.834910850329385, -87.40321635040186, 32.94570169088808, 50.29915275633322, 0.0016000000400000006, 177.40321635040186
2025-03-30 16:19:36,133 - 2025-03-30T16:19:36.133606, 2.5398076780001113, 0.0, -3.834923841233487, -87.45671635043824, 32.76476412210775, 50.30492549145287, 0.0016000000400000006, 177.45671635043826
2025-03-30 16:19:36,174 - 2025-03-30T16:19:36.174650, 2.5346569962753627, 0.0, -3.83527094031205, -87.53311635049026, 32.59633808040843, 50.32128512477738, 0.0016000000400000006, 177.53311635049027
2025-03-30 16:19:36,214 - 2025-03-30T16:19:36.213986, 2.5295579860534154, 0.0, -3.835261206018017, -87.70311635060618, 32.42925956679962, 50.325903082571344, 0.0016000000400000006, 177.7031163506062
2025-03-30 16:19:36,254 - 2025-03-30T16:19:36.254203, 2.524243360794702, 0.0, -3.835192225155137, -87.88531635073085, 32.25505906271744, 50.32878858649957, 0.0016000000400000006, 177.88531635073085
2025-03-30 16:19:36,293 - 2025-03-30T16:19:36.293352, 2.518669024062465, 0.0, -3.8355620494318354, -88.08541635086821, 32.072773965846594, 50.346302997149785, 0.0016000000400000006, 178.08541635086823
2025-03-30 16:19:36,333 - 2025-03-30T16:19:36.333740, 2.513264851970724, 0.0, -3.8351438102624043, -88.12061635089239, 31.895301304797748, 50.33783175132267, 0.0016000000400000006, 178.1206163508924
2025-03-30 16:19:36,373 - 2025-03-30T16:19:36.373533, 2.507965376844101, 0.0, -3.835357266071183, -88.26541635099211, 31.721870652266034, 50.34995662536524, 0.0016000000400000006, 178.2654163509921
2025-03-30 16:19:36,415 - 2025-03-30T16:19:36.415093, 2.502309068344881, 0.0, -3.83551905037716, -88.52851635117392, 31.536698324203726, 50.3607339713173, 0.0016000000400000006, 178.52851635117392
2025-03-30 16:19:36,453 - 2025-03-30T16:19:36.453395, 2.4967788280494014, 0.0, -3.835390822945433, -88.59841635122243, 31.35537582964819, 50.36188702137978, 0.0016000000400000006, 178.59841635122243
2025-03-30 16:19:36,495 - 2025-03-30T16:19:36.495172, 2.491479352922778, 0.0, -3.8356042787542117, -88.74521635132436, 31.181945177116468, 50.37401189542235, 0.0016000000400000006, 178.74521635132436
2025-03-30 16:19:36,534 - 2025-03-30T16:19:36.534807, 2.486023509328235, 0.0, -3.835542872957377, -88.90401635143488, 31.00312498797709, 50.3772823251258, 0.0016000000400000006, 178.90401635143488
2025-03-30 16:19:36,577 - 2025-03-30T16:19:36.577266, 2.4804188723318177, 0.0, -3.835347823890758, -88.99711635149984, 30.81930018800533, 50.37631799554731, 0.0016000000400000006, 178.99711635149984
2025-03-30 16:19:36,613 - 2025-03-30T16:19:36.613415, 2.475260615541024, 0.0, -3.835553704633491, -89.18051635162814, 30.650489220530794, 50.38805794381464, 0.0016000000400000006, 179.18051635162814
2025-03-30 16:19:36,653 - 2025-03-30T16:19:36.653917, 2.4701313050548963, 0.0, -3.8349790969961406, -89.35121635174788, 30.48187100382107, 50.37419716137988, 0.0016000000400000006, 179.3512163517479
2025-03-30 16:19:36,693 - 2025-03-30T16:19:36.693131, 2.464698186658489, 0.0, -3.8353413462067936, -89.47191635183273, 30.3042055920074, 50.39132664625485, 0.0016000000400000006, 179.47191635183273
2025-03-30 16:19:36,733 - 2025-03-30T16:19:36.733483, 2.459442807968622, 0.0, -3.835056750307147, -89.61501635193363, 30.131737541790947, 50.3870901597097, 0.0016000000400000006, 179.61501635193363
2025-03-30 16:19:36,773 - 2025-03-30T16:19:36.773764, 2.454038635876881, 0.0, -3.834638511137716, -89.75851635203499, 29.95426488074211, 50.37861891388258, 0.0016000000400000006, 179.75851635203497
2025-03-30 16:19:36,814 - 2025-03-30T16:19:36.814411, 2.448464299144644, 0.0, -3.8350083354144147, -89.86081635210743, 29.77197978387126, 50.3961333245328, 0.0016000000400000006, 179.86081635210743
2025-03-30 16:19:36,854 - 2025-03-30T16:19:36.854323, 2.4428445120161366, 0.0, -3.8345308496761366, -90.01361627080219, 29.587385132349034, 50.38592962483995, 0.0016000000400000006, 180.01361627080217
2025-03-30 16:19:36,894 - 2025-03-30T16:19:36.894069, 2.437663530027207, 0.0, -3.8343130754113823, -90.16671627091083, 29.41741938754879, 50.383810517935764, 0.0016000000400000006, 180.16671627091083
2025-03-30 16:19:36,933 - 2025-03-30T16:19:36.933309, 2.431850853060068, 0.0, -3.8341999981117456, -90.26411627097977, 29.226857522878873, 50.38573341954871, 0.0016000000400000006, 180.26411627097977
2025-03-30 16:19:36,974 - 2025-03-30T16:19:36.974829, 2.4264618311004176, 0.0, -3.8340641956139736, -90.3524162710422, 29.050154713380486, 50.386501543835955, 0.0016000000400000006, 180.35241627104222
2025-03-30 16:19:37,013 - 2025-03-30T16:19:37.013864, 2.4211472058417036, 0.0, -3.833995214751093, -90.49561627114313, 28.8759542092983, 50.38938704776415, 0.0016000000400000006, 180.49561627114318
2025-03-30 16:19:37,074 - 2025-03-30T16:19:37.074785, 2.4141972071218847, 0.0, -3.8338015196439885, -90.56511627119205, 28.648049938395737, 50.389769670521765, 0.0016000000400000006, 180.56511627119204
2025-03-30 16:19:37,153 - 2025-03-30T16:19:37.153845, 2.4091498684027397, 0.0, -3.8334349519773596, -90.70061627128727, 28.482318952877442, 50.382645952785175, 0.0016000000400000006, 180.7006162712873
2025-03-30 16:19:37,333 - 2025-03-30T16:19:37.333421, 2.402623524690409, 0.0, -3.8332185316721192, -90.8584162713979, 28.268273737146423, 50.38187379821709, 0.0016000000400000006, 180.8584162713979
2025-03-30 16:19:37,393 - 2025-03-30T16:19:37.393382, 2.3962459743799527, 0.0, -3.8331357546366633, -90.96711627147391, 28.059233132247805, 50.38533640293095, 0.0016000000400000006, 180.9671162714739
2025-03-30 16:19:37,454 - 2025-03-30T16:19:37.454272, 2.3892291540252417, 0.0, -3.833016456230496, -91.1266162715852, 27.829211481704277, 50.38822133110477, 0.0016000000400000006, 181.12661627158522
2025-03-30 16:19:37,513 - 2025-03-30T16:19:37.513731, 2.3822123336705308, 0.0, -3.832897157824328, -91.2676162716833, 27.599189831160736, 50.391106259278565, 0.0016000000400000006, 181.2676162716833
2025-03-30 16:19:37,553 - 2025-03-30T16:19:37.553886, 2.37778911486355, 0.0, -3.832284674856752, -91.77441627203412, 27.4536700397369, 50.37532084796767, 0.0016000000400000006, 181.7744162720341
2025-03-30 16:19:37,574 - 2025-03-30T16:19:37.574150, 2.374926872816737, 0.0, -3.831730084498508, -92.42471627247977, 27.359351709717217, 50.359920938186406, 0.0016000000400000006, 182.42471627247977
2025-03-30 16:19:37,613 - 2025-03-30T16:19:37.613616, 2.3696246897710855, 0.0, -3.829252816860484, -93.5536162732421, 27.183227152513297, 50.283886870367404, 0.0016000000400000006, 183.55361627324208
2025-03-30 16:19:37,633 - 2025-03-30T16:19:37.633673, 2.3667410764856514, 0.0, -3.8296199332181535, -94.19521627366908, 27.08910099750402, 50.29870737634539, 0.0016000000400000006, 184.19521627366908
2025-03-30 16:19:37,653 - 2025-03-30T16:19:37.653609, 2.3633883577964583, 0.0, -3.8291624647589826, -94.95681627417025, 26.978806232671843, 50.28696454930602, 0.0016000000400000006, 184.95681627417025
2025-03-30 16:19:37,673 - 2025-03-30T16:19:37.673224, 2.3606962803901412, 0.0, -3.82781981095461, -95.60771627459371, 26.889300338474165, 50.24557898304746, 0.0016000000400000006, 185.6077162745937
2025-03-30 16:19:37,694 - 2025-03-30T16:19:37.694135, 2.3584430081234027, 0.0, -3.8267368686237604, -96.272916275022, 26.814423350998474, 50.21227800957754, 0.0016000000400000006, 186.272916275022
2025-03-30 16:19:37,713 - 2025-03-30T16:19:37.713878, 2.3558253274180228, 0.0, -3.8254610364542794, -97.20061627561186, 26.727419762216996, 50.17300982295991, 0.0016000000400000006, 187.20061627561188
2025-03-30 16:19:37,736 - 2025-03-30T16:19:37.736110, 2.353490083384301, 0.0, -3.8241700541527086, -97.99911627611293, 26.64965554354984, 50.13297178479186, 0.0016000000400000006, 187.99911627611294
2025-03-30 16:19:37,754 - 2025-03-30T16:19:37.754432, 2.3510060459487057, 0.0, -3.8227454285813534, -98.95571627670526, 26.56688671405032, 50.08869898734185, 0.0016000000400000006, 188.95571627670526
2025-03-30 16:19:37,773 - 2025-03-30T16:19:37.773261, 2.3483063934763435, 0.0, -3.821261556441151, -99.64311627712571, 26.47699589407741, 50.04269373602609, 0.0016000000400000006, 189.64311627712573
2025-03-30 16:19:37,793 - 2025-03-30T16:19:37.793382, 2.3456143160700265, 0.0, -3.8199189026367786, -100.42251627759727, 26.38748999987974, 50.001308169767526, 0.0016000000400000006, 190.42251627759725
2025-03-30 16:19:37,813 - 2025-03-30T16:19:37.813251, 2.3429298137297545, 0.0, -3.818717467168235, -101.2997162781217, 26.298369031457277, 49.96454228856612, 0.0016000000400000006, 191.2997162781217
2025-03-30 16:19:37,834 - 2025-03-30T16:19:37.834314, 2.340237736323437, 0.0, -3.817374813363862, -102.18121627864211, 26.208863137259584, 49.92315672230753, 0.0016000000400000006, 192.18121627864215
2025-03-30 16:19:37,854 - 2025-03-30T16:19:37.854582, 2.3375305087850298, 0.0, -3.8157497228878308, -103.02681627913523, 26.11858739151144, 49.87253178593461, 0.0016000000400000006, 193.02681627913523
2025-03-30 16:19:37,873 - 2025-03-30T16:19:37.873281, 2.334979649714542, 0.0, -3.8143994940174126, -103.81251627958834, 26.033701182370933, 49.83076129390079, 0.0016000000400000006, 193.81251627958835
2025-03-30 16:19:37,893 - 2025-03-30T16:19:37.893471, 2.332361969009162, 0.0, -3.813123661847932, -104.63351628005655, 25.946697593589455, 49.791493107283195, 0.0016000000400000006, 194.63351628005654
2025-03-30 16:19:37,914 - 2025-03-30T16:19:37.914078, 2.329729138171692, 0.0, -3.8115653930067923, -105.43161628050684, 25.85892415325752, 49.742985550551225, 0.0016000000400000006, 195.43161628050683
2025-03-30 16:19:37,933 - 2025-03-30T16:19:37.933407, 2.3271782791012043, 0.0, -3.8102151641363746, -106.32401628100466, 25.774037944117012, 49.70121505851742, 0.0016000000400000006, 196.32401628100467
2025-03-30 16:19:37,955 - 2025-03-30T16:19:37.955329, 2.3242189151553188, 0.0, -3.809170097135751, -107.26811628152501, 25.676062531355434, 49.66983871392366, 0.0016000000400000006, 197.268116281525
2025-03-30 16:19:37,974 - 2025-03-30T16:19:37.974793, 2.3209998397359097, 0.0, -3.8085638352747053, -108.16381628201293, 25.5700025258052, 49.65309127605188, 0.0016000000400000006, 198.16381628201293
2025-03-30 16:19:37,993 - 2025-03-30T16:19:37.993740, 2.3176546961127618, 0.0, -3.8082475851513635, -109.29391628262071, 25.460092686748247, 49.64596813406968, 0.0016000000400000006, 199.29391628262073
2025-03-30 16:19:38,014 - 2025-03-30T16:19:38.014049, 2.3145238135668667, 0.0, -3.8066452198734675, -110.18321628309305, 25.35595788582858, 49.59649797502245, 0.0016000000400000006, 200.18321628309303
2025-03-30 16:19:38,034 - 2025-03-30T16:19:38.034045, 2.3125819242764525, 0.0, -3.8047666390304435, -110.71231628337162, 25.290513019232044, 49.53682641929998, 0.0016000000400000006, 200.71231628337162
2025-03-30 16:19:38,053 - 2025-03-30T16:19:38.053394, 2.3099566685050275, 0.0, -3.803349588525134, -111.41901628374096, 25.203124504675337, 49.49293854762521, 0.0016000000400000006, 201.41901628374097
2025-03-30 16:19:38,073 - 2025-03-30T16:19:38.073291, 2.306833361025177, 0.0, -3.801888441583067, -112.08441628408588, 25.099374629530885, 49.448088073635134, 0.0016000000400000006, 202.08441628408588
2025-03-30 16:19:38,093 - 2025-03-30T16:19:38.093339, 2.304370694828203, 0.0, -3.7995421092957984, -112.64831628437607, 25.01641362502096, 49.37359486042587, 0.0016000000400000006, 202.64831628437605
2025-03-30 16:19:38,114 - 2025-03-30T16:19:38.114752, 2.302235915699158, 0.0, -3.7980279368914154, -113.35381628473648, 24.945001545276746, 49.326049906009175, 0.0016000000400000006, 203.3538162847365
2025-03-30 16:19:38,153 - 2025-03-30T16:19:38.153503, 2.297973932507113, 0.0, -3.7951408104184794, -114.36911628525009, 24.802562311563555, 49.23557968223301, 0.0016000000400000006, 204.36911628525007
2025-03-30 16:19:38,173 - 2025-03-30T16:19:38.173403, 2.296188411684619, 0.0, -3.793537091181069, -114.94381628553819, 24.742506981574664, 49.18476257084967, 0.0016000000400000006, 204.9438162855382
2025-03-30 16:19:38,214 - 2025-03-30T16:19:38.214434, 2.2925732736028746, 0.0, -3.7908277044146734, -115.88031628600376, 24.621433719281626, 49.0994897086707, 0.0016000000400000006, 205.88031628600376
2025-03-30 16:19:38,234 - 2025-03-30T16:19:38.234127, 2.290936546182255, 0.0, -3.7893576284470476, -116.47731628629806, 24.566383000125136, 49.052907356569314, 0.0016000000400000006, 206.47731628629805
2025-03-30 16:19:38,273 - 2025-03-30T16:19:38.273219, 2.2877815844787097, 0.0, -3.785986246438262, -117.51381628680456, 24.459746469543674, 48.94549867141975, 0.0016000000400000006, 207.51381628680457
2025-03-30 16:19:38,294 - 2025-03-30T16:19:38.293975, 2.286211678692982, 0.0, -3.7844417737696983, -118.0396162870594, 24.406813130028155, 48.896414013902145, 0.0016000000400000006, 208.0396162870594
2025-03-30 16:19:38,313 - 2025-03-30T16:19:38.313373, 2.284426157870488, 0.0, -3.782838054532288, -118.65021628735353, 24.346757800039278, 48.84559690251879, 0.0016000000400000006, 208.65021628735354
2025-03-30 16:19:38,334 - 2025-03-30T16:19:38.334014, 2.282699883616841, 0.0, -3.7810187202581114, -119.30331628766615, 24.288434923916142, 48.78765780066209, 0.0016000000400000006, 209.30331628766615
2025-03-30 16:19:38,353 - 2025-03-30T16:19:38.353265, 2.2810480060641307, 0.0, -3.7792662076188264, -119.81031628790733, 24.232614353209193, 48.731836078446335, 0.0016000000400000006, 209.8103162879073
2025-03-30 16:19:38,373 - 2025-03-30T16:19:38.373216, 2.2793293068765292, 0.0, -3.777588091680479, -120.52791628824669, 24.174676402861294, 48.67851666164678, 0.0016000000400000006, 210.52791628824667
2025-03-30 16:19:38,393 - 2025-03-30T16:19:38.393374, 2.2776030326228818, 0.0, -3.775768757406302, -121.11541628852265, 24.116353526738138, 48.620577559790064, 0.0016000000400000006, 211.11541628852265
2025-03-30 16:19:38,413 - 2025-03-30T16:19:38.413419, 2.276010401639019, 0.0, -3.7738006297302507, -121.8026162888435, 24.062265409896938, 48.557633847100945, 0.0016000000400000006, 211.8026162888435
2025-03-30 16:19:38,435 - 2025-03-30T16:19:38.435505, 2.274202155618389, 0.0, -3.7717732554853516, -122.45841628914765, 24.001055302582365, 48.49295768054605, 0.0016000000400000006, 212.45841628914764
2025-03-30 16:19:38,455 - 2025-03-30T16:19:38.454997, 2.272535127933589, 0.0, -3.7697383061744083, -123.15041628946649, 23.944464880324958, 48.42789658821596, 0.0016000000400000006, 213.15041628946648
2025-03-30 16:19:38,478 - 2025-03-30T16:19:38.477986, 2.2703548984082733, 0.0, -3.7673768237550496, -123.95441628983441, 23.870743245929376, 48.35263352345623, 0.0016000000400000006, 213.9544162898344
2025-03-30 16:19:38,496 - 2025-03-30T16:19:38.496500, 2.2688366641253475, 0.0, -3.76547551771389, -124.49111629007847, 23.81915743450437, 48.29180719040806, 0.0016000000400000006, 214.49111629007848
2025-03-30 16:19:38,513 - 2025-03-30T16:19:38.513694, 2.2671772115065925, 0.0, -3.7635817867387757, -125.2396162904168, 23.762951938022205, 48.231365783135125, 0.0016000000400000006, 215.2396162904168
2025-03-30 16:19:38,533 - 2025-03-30T16:19:38.533137, 2.2652869937189806, 0.0, -3.761346372523156, -125.95281629073709, 23.698854599516196, 48.15995255188212, 0.0016000000400000006, 215.9528162907371
2025-03-30 16:19:38,553 - 2025-03-30T16:19:38.553229, 2.2633223792304316, 0.0, -3.759044136672644, -126.73891629108776, 23.632254955593986, 48.08642194098812, 0.0016000000400000006, 216.7389162910878
2025-03-30 16:19:38,573 - 2025-03-30T16:19:38.573801, 2.2614989830777117, 0.0, -3.756734325756087, -127.4696162914116, 23.57027499672894, 48.01250640431889, 0.0016000000400000006, 217.4696162914116
2025-03-30 16:19:38,594 - 2025-03-30T16:19:38.594837, 2.259883626895713, 0.0, -3.7543425430725472, -128.3342162917921, 23.515032102562046, 47.935703636458236, 0.0016000000400000006, 218.3342162917921
2025-03-30 16:19:38,613 - 2025-03-30T16:19:38.613727, 2.2581862989467325, 0.0, -3.7517427204182865, -129.00371629208485, 23.456901977203742, 47.85216380389944, 0.0016000000400000006, 219.00371629208485
2025-03-30 16:19:38,633 - 2025-03-30T16:19:38.633572, 2.2565633676986887, 0.0, -3.749209719398918, -129.86871629246068, 23.401274157261604, 47.770741350981595, 0.0016000000400000006, 219.86871629246068
2025-03-30 16:19:38,654 - 2025-03-30T16:19:38.654023, 2.2549404364506453, 0.0, -3.7466767183795486, -130.66621629280482, 23.345646337319486, 47.68931889806376, 0.0016000000400000006, 220.66621629280482
2025-03-30 16:19:38,674 - 2025-03-30T16:19:38.674734, 2.2531611367346818, 0.0, -3.7438688557545663, -131.51441629316844, 23.284628980769725, 47.59904200080681, 0.0016000000400000006, 221.51441629316844
2025-03-30 16:19:38,694 - 2025-03-30T16:19:38.694016, 2.2518282172243422, 0.0, -3.7414619229389365, -132.25001629348185, 23.238625456717187, 47.52146938139568, 0.0016000000400000006, 222.25001629348185
2025-03-30 16:19:38,713 - 2025-03-30T16:19:38.713451, 2.2501308892753613, 0.0, -3.7388621002846754, -133.15511629386504, 23.180495331358863, 47.43792954883687, 0.0016000000400000006, 223.15511629386504
2025-03-30 16:19:38,733 - 2025-03-30T16:19:38.733183, 2.24857477966221, 0.0, -3.7362547025643695, -133.80801629413983, 23.126984891057717, 47.35400479050284, 0.0016000000400000006, 223.80801629413986
2025-03-30 16:19:38,753 - 2025-03-30T16:19:38.753502, 2.2469518484141666, 0.0, -3.7337217015450004, -134.72751629452458, 23.071357071115607, 47.272582337585, 0.0016000000400000006, 224.72751629452458
2025-03-30 16:19:38,776 - 2025-03-30T16:19:38.776683, 2.245536957136844, 0.0, -3.7311067287586495, -135.5061162948483, 23.022466315871604, 47.18827265347574, 0.0016000000400000006, 225.5061162948483
2025-03-30 16:19:38,793 - 2025-03-30T16:19:38.793177, 2.24404009409254, 0.0, -3.7282837160015765, -136.26451629516197, 22.97068832943623, 47.09722590466832, 0.0016000000400000006, 226.26451629516197
2025-03-30 16:19:38,814 - 2025-03-30T16:19:38.814093, 2.242610052683127, 0.0, -3.7253863065435664, -137.07481629549525, 22.92102772264178, 47.003676850444684, 0.0016000000400000006, 227.07481629549525
2025-03-30 16:19:38,833 - 2025-03-30T16:19:38.833181, 2.241485173143509, 0.0, -3.7228974019609544, -137.80931629579572, 22.88176126328738, 46.92321699984215, 0.0016000000400000006, 227.80931629579572
2025-03-30 16:19:38,855 - 2025-03-30T16:19:38.855645, 2.24050151193972, 0.0, -3.720400922312297, -138.62041629612588, 22.84711448899018, 46.84237222346436, 0.0016000000400000006, 228.62041629612588
2025-03-30 16:19:38,874 - 2025-03-30T16:19:38.874139, 2.2393022356991645, 0.0, -3.7178451960947925, -139.4181162964488, 22.805345724219585, 46.75979499322082, 0.0016000000400000006, 229.41811629644883
2025-03-30 16:19:38,893 - 2025-03-30T16:19:38.893386, 2.2381773561595466, 0.0, -3.7153562915121805, -139.99941629668308, 22.766079264865212, 46.67933514261828, 0.0016000000400000006, 229.99941629668308
2025-03-30 16:19:38,913 - 2025-03-30T16:19:38.913471, 2.2371192982548203, 0.0, -3.712792990228631, -140.78891629699993, 22.72893018515179, 46.59637298659951, 0.0016000000400000006, 230.78891629699993
2025-03-30 16:19:38,933 - 2025-03-30T16:19:38.933485, 2.236128061984986, 0.0, -3.710155292244144, -141.55211629730468, 22.69389848507933, 46.51090852516454, 0.0016000000400000006, 231.55211629730468
2025-03-30 16:19:38,953 - 2025-03-30T16:19:38.953695, 2.235136825715152, 0.0, -3.7075175942596577, -142.31141629760654, 22.658866785006893, 46.4254440637296, 0.0016000000400000006, 232.31141629760654
2025-03-30 16:19:38,973 - 2025-03-30T16:19:38.973431, 2.2342275612123004, 0.0, -3.705087936245892, -143.01191629788377, 22.626722316125885, 46.346716666992776, 0.0016000000400000006, 233.01191629788377
2025-03-30 16:19:38,994 - 2025-03-30T16:19:38.993991, 2.2334519399792327, 0.0, -3.7025094848302524, -143.7006162981553, 22.59881260652682, 46.26298465942355, 0.0016000000400000006, 233.7006162981553
2025-03-30 16:19:39,013 - 2025-03-30T16:19:39.013687, 2.232542675476381, 0.0, -3.700079826816487, -144.35341629841162, 22.5666681376458, 46.184257262686735, 0.0016000000400000006, 234.3534162984116
2025-03-30 16:19:39,033 - 2025-03-30T16:19:39.033387, 2.2314921926377003, 0.0, -3.697657743868767, -145.05871629868753, 22.52990398370762, 46.10591479172517, 0.0016000000400000006, 235.05871629868753
2025-03-30 16:19:39,053 - 2025-03-30T16:19:39.053204, 2.2305905032008937, 0.0, -3.695369304190831, -145.74141629895354, 22.49814444060184, 46.03180708004553, 0.0016000000400000006, 235.74141629895357
2025-03-30 16:19:39,073 - 2025-03-30T16:19:39.073788, 2.2298451822320073, 0.0, -3.6933557261185084, -146.3025162991715, 22.471774434103715, 45.966553812705, 0.0016000000400000006, 236.30251629917151
2025-03-30 16:19:39,094 - 2025-03-30T16:19:39.094526, 2.229017889496138, 0.0, -3.6911341080754645, -146.86991629939118, 22.44251719641413, 45.89456348066633, 0.0016000000400000006, 236.8699162993912
2025-03-30 16:19:39,113 - 2025-03-30T16:19:39.113584, 2.228272568527251, 0.0, -3.689120530003142, -147.38141629958872, 22.416147189915996, 45.829310213325826, 0.0016000000400000006, 237.3814162995887
2025-03-30 16:19:39,153 - 2025-03-30T16:19:39.153048, 2.226938295057397, 0.0, -3.685368235464111, -148.36671629996775, 22.368796713527352, 45.7076581229839, 0.0016000000400000006, 238.36671629996775
2025-03-30 16:19:39,195 - 2025-03-30T16:19:39.195533, 2.2258347867564, 0.0, -3.6819576241655856, -149.1786163002787, 22.329338079162547, 45.596977856622104, 0.0016000000400000006, 239.17861630027872
2025-03-30 16:19:39,233 - 2025-03-30T16:19:39.233152, 2.2250288652591514, 0.0, -3.678814299406628, -149.96991630058054, 22.299888666462557, 45.49476710882416, 0.0016000000400000006, 239.96991630058054
2025-03-30 16:19:39,273 - 2025-03-30T16:19:39.273812, 2.2242153686958583, 0.0, -3.6755297563118416, -150.87801630092565, 22.27005432798734, 45.38793667596907, 0.0016000000400000006, 240.87801630092562
2025-03-30 16:19:39,315 - 2025-03-30T16:19:39.315031, 2.2232303535325553, 0.0, -3.6716879149397825, -151.79341630127206, 22.234060601354017, 45.26301242866048, 0.0016000000400000006, 241.79341630127206
2025-03-30 16:19:39,334 - 2025-03-30T16:19:39.334058, 2.222975509206049, 0.0, -3.669577214968388, -152.352716301483, 22.22366702966839, 45.194102078578084, 0.0016000000400000006, 242.35271630148304
2025-03-30 16:19:39,353 - 2025-03-30T16:19:39.353789, 2.2225794465437128, 0.0, -3.667474090063038, -152.94521630170595, 22.20865377292558, 45.1255766542709, 0.0016000000400000006, 242.94521630170595
2025-03-30 16:19:39,373 - 2025-03-30T16:19:39.373268, 2.2223170271511608, 0.0, -3.665222171755813, -153.48801630190968, 22.197875275464696, 45.0520466191313, 0.0016000000400000006, 243.48801630190965
2025-03-30 16:19:39,394 - 2025-03-30T16:19:39.394309, 2.2218389927218425, 0.0, -3.662911006879742, -154.11871630214588, 22.179974787530462, 44.976784130125985, 0.0016000000400000006, 244.11871630214586
2025-03-30 16:19:39,413 - 2025-03-30T16:19:39.413473, 2.2212197399566946, 0.0, -3.6606074170697154, -154.71941630237026, 22.157454614539027, 44.90190656689588, 0.0016000000400000006, 244.71941630237026
2025-03-30 16:19:39,433 - 2025-03-30T16:19:39.433739, 2.220741705527376, 0.0, -3.658296252193644, -155.32651630259653, 22.139554126604764, 44.82664407789056, 0.0016000000400000006, 245.32651630259653
2025-03-30 16:19:39,453 - 2025-03-30T16:19:39.453240, 2.2204641360027337, 0.0, -3.6557618972147607, -155.93051630282108, 22.128005777593437, 44.74387467263661, 0.0016000000400000006, 245.9305163028211
2025-03-30 16:19:39,473 - 2025-03-30T16:19:39.473785, 2.2200453481422624, 0.0, -3.653235117301923, -156.5816163030626, 22.11183774352493, 44.6614901931579, 0.0016000000400000006, 246.5816163030626
2025-03-30 16:19:39,495 - 2025-03-30T16:19:39.495861, 2.2198938468213596, 0.0, -3.650410750585336, -157.37581630335643, 22.10413922802033, 44.56909649201439, 0.0016000000400000006, 247.37581630335646
2025-03-30 16:19:39,513 - 2025-03-30T16:19:39.513702, 2.2196011271646268, 0.0, -3.647593958934794, -158.1105163036275, 22.091821027458522, 44.47708771664609, 0.0016000000400000006, 248.1105163036275
2025-03-30 16:19:39,533 - 2025-03-30T16:19:39.533730, 2.2193008324418493, 0.0, -3.644635948948423, -158.90241630391898, 22.0791179011215, 44.38045925622063, 0.0016000000400000006, 248.90241630391898
2025-03-30 16:19:39,553 - 2025-03-30T16:19:39.553167, 2.219000537719072, 0.0, -3.6416779389620517, -159.72801630422202, 22.06641477478447, 44.28383079579516, 0.0016000000400000006, 249.72801630422202
2025-03-30 16:19:39,574 - 2025-03-30T16:19:39.574076, 2.2186926679302488, 0.0, -3.638578710639851, -160.54281630452033, 22.053326722672217, 44.1825826503125, 0.0016000000400000006, 250.54281630452033
2025-03-30 16:19:39,596 - 2025-03-30T16:19:39.596169, 2.2188160282149596, 0.0, -3.6355979754553442, -161.32011630480426, 22.054482651506724, 44.08479941256134, 0.0016000000400000006, 251.32011630480426
2025-03-30 16:19:39,613 - 2025-03-30T16:19:39.613627, 2.2186569518280113, 0.0, -3.632632390402928, -162.15051630510686, 22.046399210226888, 43.98778602636064, 0.0016000000400000006, 252.1505163051069
2025-03-30 16:19:39,633 - 2025-03-30T16:19:39.633123, 2.218698340345739, 0.0, -3.6294436152477, -163.00561630541776, 22.044667907869943, 43.88326572391134, 0.0016000000400000006, 253.0056163054178
2025-03-30 16:19:39,653 - 2025-03-30T16:19:39.653676, 2.2186804822946202, 0.0, -3.626470455129238, -163.84391630572188, 22.04120415164728, 43.7858674119354, 0.0016000000400000006, 253.84391630572188
2025-03-30 16:19:39,673 - 2025-03-30T16:19:39.673694, 2.2187370209444386, 0.0, -3.6235641166456687, -164.63491630600825, 22.040242700840807, 43.69058647960044, 0.0016000000400000006, 254.63491630600828
2025-03-30 16:19:39,695 - 2025-03-30T16:19:39.695011, 2.2187191628933194, 0.0, -3.620590956527207, -165.39981630628463, 22.036778944618128, 43.59318816762451, 0.0016000000400000006, 255.39981630628463
2025-03-30 16:19:39,713 - 2025-03-30T16:19:39.713654, 2.2187681264770927, 0.0, -3.6175433997078086, -166.2231163065817, 22.035432568036427, 43.49328755023239, 0.0016000000400000006, 256.2231163065817
2025-03-30 16:19:39,733 - 2025-03-30T16:19:39.733791, 2.2190402801636777, 0.0, -3.614696307793086, -166.9663163068493, 22.041593107703342, 43.39973907176317, 0.0016000000400000006, 256.9663163068493
2025-03-30 16:19:39,753 - 2025-03-30T16:19:39.753647, 2.219096818813496, 0.0, -3.6117899693095166, -167.66811630710168, 22.04063165689687, 43.304458139428206, 0.0016000000400000006, 257.6681163071017
2025-03-30 16:19:39,773 - 2025-03-30T16:19:39.773498, 2.2191609325293595, 0.0, -3.6090248491617762, -168.3924163073618, 22.040055131865643, 43.21379689215041, 0.0016000000400000006, 258.3924163073618
2025-03-30 16:19:39,794 - 2025-03-30T16:19:39.794200, 2.219433086215944, 0.0, -3.6061777572470537, -169.29251630768462, 22.046215671532536, 43.1202484136812, 0.0016000000400000006, 259.29251630768465
2025-03-30 16:19:39,814 - 2025-03-30T16:19:39.814093, 2.2197872116695114, 0.0, -3.6035387053030528, -169.91771630790853, 22.055263442390874, 43.03343699991014, 0.0016000000400000006, 259.91771630790856
2025-03-30 16:19:39,833 - 2025-03-30T16:19:39.833178, 2.2199181470202674, 0.0, -3.6006991884543758, -170.80351630822545, 22.056804297000625, 42.940273447216164, 0.0016000000400000006, 260.8035163082254
2025-03-30 16:19:40,373 - 2025-03-30T16:19:40.373447, 2.2203163689105914, 0.0, -3.5975620848019494, -171.33851630841667, 22.066814670174246, 42.83710067285737, 0.0016000000400000006, 261.3385163084167
2025-03-30 16:19:40,413 - 2025-03-30T16:19:40.413564, 2.2208041376339427, 0.0, -3.5947742394560738, -172.3444163087758, 22.080097200314533, 42.745284648253886, 0.0016000000400000006, 262.3444163087758
2025-03-30 16:19:40,433 - 2025-03-30T16:19:40.433560, 2.2211809882856457, 0.0, -3.5925588425195607, -172.89791630897327, 22.090299748498573, 42.67233228965434, 0.0016000000400000006, 262.89791630897327
2025-03-30 16:19:40,453 - 2025-03-30T16:19:40.453737, 2.221586785242015, 0.0, -3.5895629572029635, -173.58671630921882, 22.100695047447438, 42.57377920035271, 0.0016000000400000006, 263.5867163092188
2025-03-30 16:19:40,473 - 2025-03-30T16:19:40.473390, 2.2218727351011758, 0.0, -3.585652940236498, -174.30831630947586, 22.106278486328698, 42.445390621067055, 0.0016000000400000006, 264.30831630947586
2025-03-30 16:19:40,496 - 2025-03-30T16:19:40.496596, 2.222053987995219, 0.0, -3.5811112282918236, -175.06731630974608, 22.107819916692833, 42.296405921911735, 0.0016000000400000006, 265.06731630974605
2025-03-30 16:19:40,513 - 2025-03-30T16:19:40.513595, 2.2221243228176135, 0.0, -3.5771419647565117, -175.67411630996196, 22.10628136510074, 42.166284888760345, 0.0016000000400000006, 265.67411630996196
2025-03-30 16:19:40,533 - 2025-03-30T16:19:40.533858, 2.2227960523540364, 0.0, -3.572503130912764, -176.635816310304, 22.123799230277378, 42.013643106863114, 0.0016000000400000006, 266.63581631030405
2025-03-30 16:19:40,554 - 2025-03-30T16:19:40.554298, 2.224158723437516, 0.0, -3.5675439850671324, -177.32511631054902, 22.163645669189428, 41.849837325975386, 0.0016000000400000006, 267.325116310549
2025-03-30 16:19:40,574 - 2025-03-30T16:19:40.574341, 2.2250006176144352, 0.0, -3.5621170877772554, -178.66611631102552, 22.185975970188075, 41.67120988760083, 0.0016000000400000006, 268.6661163110255
2025-03-30 16:19:40,593 - 2025-03-30T16:19:40.593339, 2.2258576619234445, 0.0, -3.5569726271590376, -179.6811163113861, 22.209076122737173, 41.50182181934065, 0.0016000000400000006, 269.68111631138606
2025-03-30 16:19:40,613 - 2025-03-30T16:19:40.613872, 2.226981992772022, 0.0, -3.551530579737071, 179.42198368829528, 22.240645793850156, 41.32242452941565, 0.0016000000400000006, -89.42198368829528
2025-03-30 16:19:40,633 - 2025-03-30T16:19:40.633660, 2.2280016266554816, 0.0, -3.545456837336894, 178.351583687915, 22.268173456446014, 41.122431119620956, 0.0016000000400000006, -88.351583687915
2025-03-30 16:19:40,653 - 2025-03-30T16:19:40.653297, 2.229555833618078, 0.0, -3.53878792132922, 177.26858368753014, 22.31264015616965, 40.90241926649666, 0.0016000000400000006, -87.26858368753014
2025-03-30 16:19:40,674 - 2025-03-30T16:19:40.674012, 2.2300030190921754, 0.0, -3.5326032608573947, 176.0975836871138, 22.321304152761584, 40.699345874745724, 0.0016000000400000006, -86.0975836871138
2025-03-30 16:19:40,693 - 2025-03-30T16:19:40.693251, 2.230594130821131, 0.0, -3.5291017487663274, 174.34368368648967, 22.337281739082904, 40.58404649908114, 0.0016000000400000006, -84.34368368648967
2025-03-30 16:19:40,713 - 2025-03-30T16:19:40.713471, 2.231326460885915, 0.0, -3.525592661609215, 173.76818368628466, 22.357879010461396, 40.46836219764133, 0.0016000000400000006, -83.76818368628466
2025-03-30 16:19:40,733 - 2025-03-30T16:19:40.733198, 2.232698060994954, 0.0, -3.5221200958228134, 172.79408368593744, 22.399457327484775, 40.353255572741546, 0.0016000000400000006, -82.79408368593745
2025-03-30 16:19:40,753 - 2025-03-30T16:19:40.753103, 2.2342349585974723, 0.0, -3.5204089717012566, 171.84358368559828, 22.448157059227157, 40.29570254816886, 0.0016000000400000006, -81.84358368559828
2025-03-30 16:19:40,773 - 2025-03-30T16:19:40.773489, 2.236411126244245, 0.0, -3.5187343689504114, 171.10158368533322, 22.51783783661444, 40.23872720013624, 0.0016000000400000006, -81.10158368533324
2025-03-30 16:19:40,794 - 2025-03-30T16:19:40.793980, 2.238520472256126, 0.0, -3.5171341629005033, 170.05088368495743, 22.585401234360745, 40.18425415751982, 0.0016000000400000006, -80.05088368495743
2025-03-30 16:19:40,813 - 2025-03-30T16:19:40.813484, 2.23989342632468, 0.0, -3.5150069588375032, 168.99118368457783, 22.628326503720267, 40.11322700355082, 0.0016000000400000006, -78.99118368457783
2025-03-30 16:19:40,833 - 2025-03-30T16:19:40.833184, 2.241132737123449, 0.0, -3.5130285481763783, 168.4953836844, 22.66701701379781, 40.04720446041426, 0.0016000000400000006, -78.4953836844
2025-03-30 16:19:40,853 - 2025-03-30T16:19:40.853261, 2.242074461118469, 0.0, -3.510782850975685, 167.82828368416043, 22.695698302210538, 39.972712398713796, 0.0016000000400000006, -77.82828368416043
2025-03-30 16:19:40,873 - 2025-03-30T16:19:40.873918, 2.243477715451203, 0.0, -3.5092205202560023, 167.29778368396978, 22.74016327467097, 39.92016398497351, 0.0016000000400000006, -77.29778368396978
2025-03-30 16:19:40,894 - 2025-03-30T16:19:40.893975, 2.2448506695197565, 0.0, -3.5070933161930027, 166.47008368367187, 22.783088544030477, 39.84913683100454, 0.0016000000400000006, -76.47008368367189
2025-03-30 16:19:40,915 - 2025-03-30T16:19:40.915173, 2.246097555384571, 0.0, -3.505256123867707, 165.96258368348896, 22.822163979883264, 39.78773397292515, 0.0016000000400000006, -75.96258368348896
2025-03-30 16:19:40,933 - 2025-03-30T16:19:40.933317, 2.2471288262126183, 0.0, -3.5033596849735638, 165.19878368321326, 22.854117425262658, 39.72459866098001, 0.0016000000400000006, -75.19878368321326
2025-03-30 16:19:40,953 - 2025-03-30T16:19:40.953718, 2.248375712077433, 0.0, -3.501522492648268, 164.4835836829547, 22.893192861115445, 39.6631958029006, 0.0016000000400000006, -74.4835836829547
2025-03-30 16:19:40,973 - 2025-03-30T16:19:40.973745, 2.2495557763073553, 0.0, -3.4997596970239093, 163.9195836827505, 22.930150917327268, 39.60429525023741, 0.0016000000400000006, -73.9195836827505
2025-03-30 16:19:40,994 - 2025-03-30T16:19:40.994535, 2.2507358405372777, 0.0, -3.4979969013995507, 163.29538368252418, 22.96710897353909, 39.545394697574224, 0.0016000000400000006, -73.29538368252418
2025-03-30 16:19:41,014 - 2025-03-30T16:19:41.014024, 2.2519159047672, 0.0, -3.4962341057751924, 162.56338368225826, 23.0040670297509, 39.48649414491104, 0.0016000000400000006, -72.56338368225826
2025-03-30 16:19:41,033 - 2025-03-30T16:19:41.033252, 2.253222037200861, 0.0, -3.49418129841313, 161.98298368204706, 23.04487491946943, 39.41796929635828, 0.0016000000400000006, -71.98298368204706
2025-03-30 16:19:41,053 - 2025-03-30T16:19:41.053399, 2.2547059093410633, 0.0, -3.4914816459407674, 161.18578368175645, 23.090880170785177, 39.32807847638534, 0.0016000000400000006, -71.18578368175645
2025-03-30 16:19:41,073 - 2025-03-30T16:19:41.073656, 2.2565466148538613, 0.0, -3.488833664971207, 160.3808836814623, 23.14862709763149, 39.23953518450295, 0.0016000000400000006, -70.38088368146231
2025-03-30 16:19:41,093 - 2025-03-30T16:19:41.093836, 2.2583797453006147, 0.0, -3.486044465665817, 159.52128368114745, 23.205989098702574, 39.14637220756337, 0.0016000000400000006, -69.52128368114745
2025-03-30 16:19:41,116 - 2025-03-30T16:19:41.116093, 2.2603616691492423, 0.0, -3.4833889096302113, 158.75128368086462, 23.268355710606073, 39.05744398990573, 0.0016000000400000006, -68.75128368086462
2025-03-30 16:19:41,133 - 2025-03-30T16:19:41.133453, 2.262744522807222, 0.0, -3.4802869733889823, 157.7412836804926, 23.34342660035538, 38.95350193975087, 0.0016000000400000006, -67.74128368049259
2025-03-30 16:19:41,153 - 2025-03-30T16:19:41.153241, 2.26601120785089, 0.0, -3.4765003167072273, 156.64408368008696, 23.446793276987826, 38.826269289299724, 0.0016000000400000006, -66.64408368008696
2025-03-30 16:19:41,173 - 2025-03-30T16:19:41.173654, 2.270927062528239, 0.0, -3.471775449217955, 155.5726836796893, 23.60328661965498, 38.66669941920276, 0.0016000000400000006, -65.5726836796893
2025-03-30 16:19:41,213 - 2025-03-30T16:19:41.213681, 2.2769147712828897, 0.0, -3.4685509579604887, 155.37218367961472, 23.796351941249895, 38.55525160430809, 0.0016000000400000006, -65.37218367961472
2025-03-30 16:19:41,236 - 2025-03-30T16:19:41.236636, 2.28011598865118, 0.0, -3.4661840597030724, 154.20598367917972, 23.898948190577478, 38.47460073020393, 0.0016000000400000006, -64.20598367917972
2025-03-30 16:19:41,253 - 2025-03-30T16:19:41.253386, 2.282410649435646, 0.0, -3.4640782268786943, 153.35048367885935, 23.972093875696224, 38.40338140122456, 0.0016000000400000006, -63.350483678859355
2025-03-30 16:19:41,273 - 2025-03-30T16:19:41.273396, 2.283844204032561, 0.0, -3.463080769502329, 152.75148367863434, 24.018098551257573, 38.369311727712976, 0.0016000000400000006, -62.751483678634344
2025-03-30 16:19:41,293 - 2025-03-30T16:19:41.293688, 2.2853886767011247, 0.0, -3.461510863716602, 151.8768836783048, 24.06718320877519, 38.31637838819748, 0.0016000000400000006, -61.87688367830481
2025-03-30 16:19:41,314 - 2025-03-30T16:19:41.314120, 2.2880628960563225, 0.0, -3.459880357402513, 151.2172836780554, 24.153225346750183, 38.260365642480124, 0.0016000000400000006, -61.217283678055395
2025-03-30 16:19:41,334 - 2025-03-30T16:19:41.334892, 2.290261788901231, 0.0, -3.4586294096591557, 150.4915836777802, 24.22406090146317, 38.217249349619024, 0.0016000000400000006, -60.4915836777802
2025-03-30 16:19:41,354 - 2025-03-30T16:19:41.354029, 2.2928767616875825, 0.0, -3.4572145183818335, 149.8609836775403, 24.308370585572426, 38.16835859437505, 0.0016000000400000006, -59.860983677540304
2025-03-30 16:19:41,374 - 2025-03-30T16:19:41.374105, 2.2953580912041494, 0.0, -3.455948420506386, 149.0511836772312, 24.388445510399755, 38.12447244996348, 0.0016000000400000006, -59.051183677231194
2025-03-30 16:19:41,393 - 2025-03-30T16:19:41.393642, 2.297683052252797, 0.0, -3.454407461025325, 148.31278367694827, 24.46313089861944, 38.0717318612128, 0.0016000000400000006, -58.31278367694828
2025-03-30 16:19:41,413 - 2025-03-30T16:19:41.413945, 2.299866794965615, 0.0, -3.4528740766103088, 147.55318367665615, 24.533196601781945, 38.01937619823734, 0.0016000000400000006, -57.55318367665615
2025-03-30 16:19:41,435 - 2025-03-30T16:19:41.435283, 2.3023102491519563, 0.0, -3.450901887055714, 146.70978367633046, 24.611346897733114, 37.95239162853989, 0.0016000000400000006, -56.70978367633046
2025-03-30 16:19:41,453 - 2025-03-30T16:19:41.453648, 2.304612485002468, 0.0, -3.448937272567165, 146.0502836760748, 24.684877508627117, 37.88579198461768, 0.0016000000400000006, -56.050283676074805
2025-03-30 16:19:41,473 - 2025-03-30T16:19:41.473838, 2.307487169262343, 0.0, -3.4470835761502645, 145.03178367567818, 24.777271785525052, 37.822272322651706, 0.0016000000400000006, -55.031783675678184
2025-03-30 16:19:41,494 - 2025-03-30T16:19:41.494782, 2.3101462384854505, 0.0, -3.4451706331645173, 144.1511836753335, 24.862544071949586, 37.75702020682001, 0.0016000000400000006, -54.1511836753335
2025-03-30 16:19:41,514 - 2025-03-30T16:19:41.513980, 2.3131545660151094, 0.0, -3.4431681433457424, 143.10248367492076, 24.959173108129463, 37.68849593402165, 0.0016000000400000006, -53.10248367492076
2025-03-30 16:19:41,533 - 2025-03-30T16:19:41.533640, 2.3158804568731095, 0.0, -3.4411808036590577, 142.1018836745246, 25.046562774194996, 37.62074151277373, 0.0016000000400000006, -52.1018836745246
2025-03-30 16:19:41,553 - 2025-03-30T16:19:41.553256, 2.3188887844027684, 0.0, -3.4391783138402827, 141.05018367410563, 25.143191810374873, 37.55221723997537, 0.0016000000400000006, -51.050183674105625
2025-03-30 16:19:41,573 - 2025-03-30T16:19:41.573651, 2.321963933567319, 0.0, -3.4371014273205702, 140.01278367368965, 25.241938226195714, 37.481190661760785, 0.0016000000400000006, -50.012783673689654
2025-03-30 16:19:41,593 - 2025-03-30T16:19:41.593626, 2.3251210544988523, 0.0, -3.43523258077158, 139.00208367328176, 25.343571873208006, 37.416901148244364, 0.0016000000400000006, -49.00208367328176
2025-03-30 16:19:41,613 - 2025-03-30T16:19:41.613415, 2.328568187168089, 0.0, -3.433489802426328, 137.87718367282466, 25.45482981610985, 37.35646146823465, 0.0016000000400000006, -47.87718367282466
2025-03-30 16:19:41,633 - 2025-03-30T16:19:41.633486, 2.331858951369407, 0.0, -3.4314721624754627, 136.8965836724233, 25.560698222404085, 37.287167343885834, 0.0016000000400000006, -46.896583672423304
2025-03-30 16:19:41,653 - 2025-03-30T16:19:41.653527, 2.335098044067922, 0.0, -3.429811355897193, 135.83888367198736, 25.6652191006078, 37.229614895067535, 0.0016000000400000006, -45.83888367198736
2025-03-30 16:19:41,675 - 2025-03-30T16:19:41.675251, 2.3390948999483863, 0.0, -3.427755840616102, 134.73818367153024, 25.794185932187908, 37.15839614184256, 0.0016000000400000006, -44.73818367153024
2025-03-30 16:19:41,694 - 2025-03-30T16:19:41.694396, 2.342066706107334, 0.0, -3.4263926208415816, 133.83098367115068, 25.890237291827752, 37.1108529146891, 0.0016000000400000006, -43.830983671150676
2025-03-30 16:19:41,713 - 2025-03-30T16:19:41.713623, 2.345387770572832, 0.0, -3.424939854234034, 132.82048367072488, 25.997645401222897, 37.060037530568984, 0.0016000000400000006, -42.82048367072488
2025-03-30 16:19:41,733 - 2025-03-30T16:19:41.733637, 2.348345780559203, 0.0, -3.4246395595112564, 131.56328367019057, 26.094273861648354, 37.047334404231954, 0.0016000000400000006, -41.56328367019057
2025-03-30 16:19:41,753 - 2025-03-30T16:19:41.753830, 2.3514966803842055, 0.0, -3.4239748563498376, 130.92738366991827, 26.19686953522151, 37.022504676589136, 0.0016000000400000006, -40.92738366991827
2025-03-30 16:19:41,773 - 2025-03-30T16:19:41.773842, 2.353836791564943, 0.0, -3.422716333540435, 130.17408366959393, 26.272324774991667, 36.97900345795281, 0.0016000000400000006, -40.17408366959393
2025-03-30 16:19:41,797 - 2025-03-30T16:19:41.797351, 2.3562953958833748, 0.0, -3.4210265806574993, 129.37298366924682, 26.351244922493294, 36.921258258369704, 0.0016000000400000006, -39.37298366924682
2025-03-30 16:19:41,813 - 2025-03-30T16:19:41.813507, 2.358658232262248, 0.0, -3.420191712855585, 128.653183668933, 26.427854939589125, 36.89161609490492, 0.0016000000400000006, -38.653183668932996
2025-03-30 16:19:41,833 - 2025-03-30T16:19:41.833139, 2.3606112098062093, 0.0, -3.4183166452000635, 128.01178366865176, 26.490028800727814, 36.82828860794936, 0.0016000000400000006, -38.01178366865176
2025-03-30 16:19:41,853 - 2025-03-30T16:19:41.853416, 2.3620296142710333, 0.0, -3.4170367511520396, 127.49418366842364, 26.53526362473869, 36.784979564323436, 0.0016000000400000006, -37.494183668423645
2025-03-30 16:19:41,874 - 2025-03-30T16:19:41.874278, 2.362688901594395, 0.0, -3.4148062040834364, 126.94958366818256, 26.554705543037073, 36.71125735417343, 0.0016000000400000006, -36.949583668182555
2025-03-30 16:19:41,894 - 2025-03-30T16:19:41.894359, 2.3627089188735018, 0.0, -3.4125391356441215, 126.14788366782557, 26.55316641569057, 36.63695746748338, 0.0016000000400000006, -36.14788366782557
2025-03-30 16:19:41,914 - 2025-03-30T16:19:41.914465, 2.3626469643856263, 0.0, -3.4100640272340854, 125.63588366759625, 26.548740057152607, 36.555920516095185, 0.0016000000400000006, -35.63588366759625
2025-03-30 16:19:41,953 - 2025-03-30T16:19:41.953620, 2.367782495978285, 0.0, -3.409434491483864, 125.19288366739698, 26.716396247301482, 36.530321512656315, 0.0016000000400000006, -35.192883667396984
2025-03-30 16:19:41,973 - 2025-03-30T16:19:41.973400, 2.3696851559789582, 0.0, -3.4092616189243397, 124.15828366692847, 26.778569532685715, 36.52281517216211, 0.0016000000400000006, -34.15828366692847
2025-03-30 16:19:41,993 - 2025-03-30T16:19:41.993387, 2.371765555686173, 0.0, -3.4084419012545157, 123.6428836666934, 26.84594017966721, 36.49394286024778, 0.0016000000400000006, -33.64288366669339
2025-03-30 16:19:42,035 - 2025-03-30T16:19:42.035204, 2.374661611184669, 0.0, -3.4056664981217017, 122.78358366629897, 26.93814228155474, 36.40020278252255, 0.0016000000400000006, -32.783583666298966
2025-03-30 16:19:42,074 - 2025-03-30T16:19:42.074035, 2.379106201230271, 0.0, -3.405357274373365, 121.87948366588044, 27.083469897968172, 36.3857677780742, 0.0016000000400000006, -31.879483665880443
2025-03-30 16:19:42,113 - 2025-03-30T16:19:42.113667, 2.3840550640908287, 0.0, -3.4038880036742123, 121.11318366552281, 27.244196848408464, 36.3328355900675, 0.0016000000400000006, -31.11318366552281
2025-03-30 16:19:42,155 - 2025-03-30T16:19:42.155767, 2.390083356094734, 0.0, -3.4040603275426955, 120.43128366520233, 27.441880703551746, 36.332645142320295, 0.0016000000400000006, -30.43128366520233
2025-03-30 16:19:42,193 - 2025-03-30T16:19:42.193432, 2.3959174043004943, 0.0, -3.403251698126419, 119.56598366479248, 27.63225039321125, 36.30050182494809, 0.0016000000400000006, -29.565983664792483
2025-03-30 16:19:42,213 - 2025-03-30T16:19:42.213522, 2.398971182226424, 0.0, -3.40209651832262, 119.05378366454819, 27.731188984042525, 36.25969566249279, 0.0016000000400000006, -29.053783664548188
2025-03-30 16:19:42,256 - 2025-03-30T16:19:42.256435, 2.404767355101958, 0.0, -3.4005817972271966, 117.78778366393877, 27.91963404482587, 36.204453919834705, 0.0016000000400000006, -27.787783663938768
2025-03-30 16:19:42,273 - 2025-03-30T16:19:42.273481, 2.4077770365911313, 0.0, -3.3999246691318232, 117.06138366358543, 28.017610033341846, 36.180009117967124, 0.0016000000400000006, -27.061383663585435
2025-03-30 16:19:42,293 - 2025-03-30T16:19:42.293151, 2.410832168476575, 0.0, -3.4001148510514256, 116.30448366321428, 28.117895576509213, 36.183282426442595, 0.0016000000400000006, -26.304483663214285
2025-03-30 16:19:42,313 - 2025-03-30T16:19:42.313197, 2.4138280537931722, 0.0, -3.4005206480077947, 115.36458366274921, 28.216448665810844, 36.19367772539146, 0.0016000000400000006, -25.36458366274921
2025-03-30 16:19:42,334 - 2025-03-30T16:19:42.334192, 2.4171731974163198, 0.0, -3.4008368981311365, 114.37278366225318, 28.326358504867777, 36.20080086737365, 0.0016000000400000006, -24.372783662253184
2025-03-30 16:19:42,354 - 2025-03-30T16:19:42.354177, 2.4206292591111165, 0.0, -3.4005806998451154, 113.14618366163195, 28.439348325880978, 36.189060343351905, 0.0016000000400000006, -23.14618366163195
2025-03-30 16:19:42,376 - 2025-03-30T16:19:42.376384, 2.4242189640756973, 0.0, -3.40017570815722, 112.22738366116086, 28.55657290617613, 36.17231520849776, 0.0016000000400000006, -22.227383661160857
2025-03-30 16:19:42,393 - 2025-03-30T16:19:42.393669, 2.428009133944954, 0.0, -3.3995475263665127, 111.32158366069145, 28.680149625394193, 36.148063157394986, 0.0016000000400000006, -21.321583660691445
2025-03-30 16:19:42,413 - 2025-03-30T16:19:42.413614, 2.4319405221500405, 0.0, -3.3989117695097604, 110.1571836600805, 28.80834602966943, 36.12342618051701, 0.0016000000400000006, -20.157183660080506
2025-03-30 16:19:42,433 - 2025-03-30T16:19:42.433893, 2.4360282788230467, 0.0, -3.3985508742586212, 109.13508365953705, 28.94193197055231, 36.10764364797813, 0.0016000000400000006, -19.135083659537045
2025-03-30 16:19:42,453 - 2025-03-30T16:19:42.453739, 2.440413622299802, 0.0, -3.398457265547051, 107.83468365883553, 29.0855271331, 36.10033063400315, 0.0016000000400000006, -17.83468365883553
2025-03-30 16:19:42,473 - 2025-03-30T16:19:42.473857, 2.444865787411449, 0.0, -3.3982892601345434, 106.83018365828569, 29.231239675288677, 36.09051531461196, 0.0016000000400000006, -16.83018365828569
2025-03-30 16:19:42,493 - 2025-03-30T16:19:42.493363, 2.449125062684465, 0.0, -3.3984856631606766, 105.60088365760294, 29.370985004329654, 36.09282659652656, 0.0016000000400000006, -15.600883657602935
2025-03-30 16:19:42,513 - 2025-03-30T16:19:42.513206, 2.4535407064254007, 0.0, -3.3989569277924234, 104.40688365692908, 29.51611986997826, 36.103992322780286, 0.0016000000400000006, -14.406883656929082
2025-03-30 16:19:42,534 - 2025-03-30T16:19:42.534009, 2.458105143568211, 0.0, -3.3995618356939548, 103.29178365628982, 29.6662593464593, 36.11939280831595, 0.0016000000400000006, -13.291783656289823
2025-03-30 16:19:42,555 - 2025-03-30T16:19:42.555136, 2.462528362375192, 0.0, -3.400174318661531, 101.97668365552315, 29.81177913788315, 36.135178219626866, 0.0016000000400000006, -11.976683655523146
2025-03-30 16:19:42,573 - 2025-03-30T16:19:42.573747, 2.4662303393709353, 0.0, -3.4005422402876744, 101.04118365496905, 29.93343065247064, 36.143648889699556, 0.0016000000400000006, -11.041183654969046
2025-03-30 16:19:42,593 - 2025-03-30T16:19:42.593866, 2.469865494731787, 0.0, -3.400984558614755, 99.95598365431685, 30.052964787417174, 36.154621865188474, 0.0016000000400000006, -9.955983654316855
2025-03-30 16:19:42,613 - 2025-03-30T16:19:42.613938, 2.473544746529395, 0.0, -3.4009288252334104, 98.83118365362985, 30.173461524678984, 36.14923348008964, 0.0016000000400000006, -8.83118365362985
2025-03-30 16:19:42,633 - 2025-03-30T16:19:42.633324, 2.4772164232609586, 0.0, -3.400731873516236, 97.90638365305625, 30.293573336165572, 36.13922540993363, 0.0016000000400000006, -7.9063836530562535
2025-03-30 16:19:42,654 - 2025-03-30T16:19:42.654363, 2.480910825190657, 0.0, -3.4009585768065502, 97.08388365253934, 30.414839924977834, 36.14307639494917, 0.0016000000400000006, -7.083883652539342
2025-03-30 16:19:42,674 - 2025-03-30T16:19:42.674854, 2.484137475676111, 0.0, -3.401706057003425, 96.02698365186538, 30.521284856303296, 36.16444351787811, 0.0016000000400000006, -6.02698365186538
2025-03-30 16:19:42,694 - 2025-03-30T16:19:42.694138, 2.4872821543945824, 0.0, -3.402245497229578, 95.08528365125537, 30.62484255643733, 36.179073576108905, 0.0016000000400000006, -5.0852836512553665
2025-03-30 16:19:42,714 - 2025-03-30T16:19:42.713628, 2.4901065211111693, 0.0, -3.4020939959086753, 94.14278365063558, 30.717236257580844, 36.1713750606043, 0.0016000000400000006, -4.142783650635579
2025-03-30 16:19:42,733 - 2025-03-30T16:19:42.733394, 2.49303423083336, 0.0, -3.4012288278425804, 93.27708365005792, 30.812325014905404, 36.14019319403857, 0.0016000000400000006, -3.277083650057918
2025-03-30 16:19:42,755 - 2025-03-30T16:19:42.755237, 2.4955231354159726, 0.0, -3.400103948302962, 92.7124836496767, 30.892784865507963, 36.10092673468418, 0.0016000000400000006, -2.712483649676699
2025-03-30 16:19:42,774 - 2025-03-30T16:19:42.774085, 2.498020969024144, 0.0, -3.4004656488225744, 91.54148364887448, 30.974976594221836, 36.110359431317754, 0.0016000000400000006, -1.5414836488744754
2025-03-30 16:19:42,813 - 2025-03-30T16:19:42.813485, 2.5033886197451736, 0.0, -3.40152315803626, 90.40678364808177, 31.151871578730642, 36.13981172278977, 0.0016000000400000006, -0.40678364808177037
2025-03-30 16:19:42,833 - 2025-03-30T16:19:42.833353, 2.505128690171397, 0.0, -3.4022795672586943, 89.88658372912694, 31.20961735406815, 36.16291072383005, 0.0016000000400000006, 0.11341627087305994
2025-03-30 16:19:42,853 - 2025-03-30T16:19:42.853703, 2.5075080306418744, 0.0, -3.40307249785184, 89.11288372858199, 31.288344175050554, 36.1865874014104, 0.0016000000400000006, 0.8871162714180088
2025-03-30 16:19:42,893 - 2025-03-30T16:19:42.893799, 2.5112478829678446, 0.0, -3.40414651115713, 88.4406837281144, 31.411920318514227, 36.21815649676897, 0.0016000000400000006, 1.5593162718856064
2025-03-30 16:19:42,914 - 2025-03-30T16:19:42.914472, 2.5134040333355103, 0.0, -3.4047389768455996, 87.90118372774293, 31.483140223248007, 36.23548103542639, 0.0016000000400000006, 2.098816272257068
2025-03-30 16:19:42,953 - 2025-03-30T16:19:42.953441, 2.516437793982333, 0.0, -3.4058508654811153, 87.11768372720947, 31.583617941425793, 36.26897475966113, 0.0016000000400000006, 2.8823162727905327
2025-03-30 16:19:42,973 - 2025-03-30T16:19:42.973903, 2.5183934794453227, 0.0, -3.4066665212723963, 86.60548372686446, 31.648485707236667, 36.29380621456714, 0.0016000000400000006, 3.3945162731355367
2025-03-30 16:19:42,996 - 2025-03-30T16:19:42.996432, 2.5204159865432048, 0.0, -3.4074077803627407, 86.07648372651117, 31.71547085268852, 36.316135364057, 0.0016000000400000006, 3.9235162734888296
2025-03-30 16:19:43,013 - 2025-03-30T16:19:43.013721, 2.522274550107122, 0.0, -3.4077329595116415, 85.59028372618913, 31.77668153575751, 36.324990384150496, 0.0016000000400000006, 4.409716273810872
2025-03-30 16:19:43,033 - 2025-03-30T16:19:43.033828, 2.5240890172342825, 0.0, -3.408556190368968, 85.09888372586622, 31.836929616511213, 36.35020676483177, 0.0016000000400000006, 4.901116274133784
2025-03-30 16:19:43,054 - 2025-03-30T16:19:43.054146, 2.526037127631227, 0.0, -3.4092306278244195, 84.4127837254196, 31.901412456546858, 36.37041853468061, 0.0016000000400000006, 5.587216274580399
2025-03-30 16:19:43,073 - 2025-03-30T16:19:43.073690, 2.528498439868687, 0.0, -3.410231598388287, 83.83648372504817, 31.983026508720698, 36.40083227695911, 0.0016000000400000006, 6.1635162749518315
2025-03-30 16:19:43,094 - 2025-03-30T16:19:43.094183, 2.5308336839024084, 0.0, -3.411522580689858, 83.17138372462365, 32.06079072738783, 36.44087031512718, 0.0016000000400000006, 6.828616275376348
2025-03-30 16:19:43,113 - 2025-03-30T16:19:43.113594, 2.5332205994389314, 0.0, -3.412456729618833, 82.38968372413026, 32.139902474145465, 36.46916667776469, 0.0016000000400000006, 7.610316275869736
2025-03-30 16:19:43,133 - 2025-03-30T16:19:43.133381, 2.535689486742436, 0.0, -3.4135989185185296, 81.80388372376437, 32.221901452094535, 36.504200105100345, 0.0016000000400000006, 8.196116276235628
2025-03-30 16:19:43,153 - 2025-03-30T16:19:43.153434, 2.5383147425138617, 0.0, -3.4150159690238397, 81.0098837232736, 32.30928996665126, 36.54808797677513, 0.0016000000400000006, 8.990116276726397
2025-03-30 16:19:43,174 - 2025-03-30T16:19:43.174283, 2.540842876386214, 0.0, -3.4159425428867696, 80.27208372282273, 32.39302139846606, 36.575999413637405, 0.0016000000400000006, 9.727916277177274
2025-03-30 16:19:43,193 - 2025-03-30T16:19:43.193118, 2.5436169255595136, 0.0, -3.4174932366618638, 79.50768372236075, 32.485414523855184, 36.62412204459413, 0.0016000000400000006, 10.492316277639247
2025-03-30 16:19:43,213 - 2025-03-30T16:19:43.213563, 2.5464502213016598, 0.0, -3.4188283154001917, 78.60128372181953, 32.579540103110034, 36.66512268507749, 0.0016000000400000006, 11.398716278180473
2025-03-30 16:19:43,233 - 2025-03-30T16:19:43.233764, 2.549216695408914, 0.0, -3.4202377908394563, 77.82398372136096, 32.67154830272392, 36.70862563097703, 0.0016000000400000006, 12.17601627863904
2025-03-30 16:19:43,253 - 2025-03-30T16:19:43.253229, 2.551998319648259, 0.0, -3.42192970295038, 77.01938372089153, 32.764326353888286, 36.761367946990944, 0.0016000000400000006, 12.980616279108476
2025-03-30 16:19:43,274 - 2025-03-30T16:19:43.274154, 2.5547875189536486, 0.0, -3.423762833397133, 76.12908372037819, 32.85748933082785, 36.81872994806202, 0.0016000000400000006, 13.87091627962181
2025-03-30 16:19:43,296 - 2025-03-30T16:19:43.296055, 2.5574947464920563, 0.0, -3.4253879238731644, 75.32648371992073, 32.947765076576, 36.869354884434955, 0.0016000000400000006, 14.673516280079271
2025-03-30 16:19:43,314 - 2025-03-30T16:19:43.314003, 2.5602612205993105, 0.0, -3.4267973993124294, 74.53258371947307, 33.039773276189884, 36.91285783033451, 0.0016000000400000006, 15.467416280526933
2025-03-30 16:19:43,334 - 2025-03-30T16:19:43.334316, 2.5630428448386553, 0.0, -3.428489311423353, 73.70248371901002, 33.132551327354236, 36.96560014634839, 0.0016000000400000006, 16.29751628098998
2025-03-30 16:19:43,354 - 2025-03-30T16:19:43.353975, 2.5656088540412334, 0.0, -3.4301219769654296, 72.90398371856934, 33.2182073880452, 37.01661000849657, 0.0016000000400000006, 17.096016281430664
2025-03-30 16:19:43,375 - 2025-03-30T16:19:43.375084, 2.5681231917410097, 0.0, -3.4321114758801023, 72.10258371813157, 33.30251592064566, 37.079361546175285, 0.0016000000400000006, 17.89741628186843
2025-03-30 16:19:43,393 - 2025-03-30T16:19:43.393917, 2.5705555576738037, 0.0, -3.4338929348240534, 71.30648371770108, 33.38393722205469, 37.13537601915585, 0.0016000000400000006, 18.693516282298916
2025-03-30 16:19:43,413 - 2025-03-30T16:19:43.413456, 2.572972773474507, 0.0, -3.4353919570963463, 70.61018371732808, 33.46458867191324, 37.182151122022084, 0.0016000000400000006, 19.389816282671916
2025-03-30 16:19:43,433 - 2025-03-30T16:19:43.433358, 2.5753458928384543, 0.0, -3.4373890310770636, 69.82948371691367, 33.544277519456536, 37.245287585476014, 0.0016000000400000006, 20.17051628308633
2025-03-30 16:19:43,454 - 2025-03-30T16:19:43.454544, 2.5774882470335445, 0.0, -3.4390444218172758, 69.12968371654551, 33.61607452497598, 37.29745222494988, 0.0016000000400000006, 20.870316283454486
2025-03-30 16:19:43,476 - 2025-03-30T16:19:43.476471, 2.579905462834248, 0.0, -3.4405434440895686, 68.48538371620931, 33.696725974834536, 37.34422732781609, 0.0016000000400000006, 21.514616283790687
2025-03-30 16:19:43,496 - 2025-03-30T16:19:43.495995, 2.582181460299122, 0.0, -3.442050041427906, 67.82028371586492, 33.77275773963592, 37.39138735645754, 0.0016000000400000006, 22.179716284135083
2025-03-30 16:19:43,513 - 2025-03-30T16:19:43.513330, 2.5841674460262927, 0.0, -3.4434305705625046, 67.21758371555516, 33.839165208547726, 37.43469755159227, 0.0016000000400000006, 22.782416284444835
2025-03-30 16:19:43,534 - 2025-03-30T16:19:43.534053, 2.5858861452138946, 0.0, -3.445108686500852, 66.63638371525849, 33.89710315889564, 37.488016968391804, 0.0016000000400000006, 23.36361628474151
2025-03-30 16:19:43,554 - 2025-03-30T16:19:43.554937, 2.5877233375391904, 0.0, -3.4463555723656665, 65.9448837149081, 33.958506016975036, 37.5270924042446, 0.0016000000400000006, 24.0551162850919
2025-03-30 16:19:43,573 - 2025-03-30T16:19:43.573240, 2.5895012832956392, 0.0, -3.4478180732672477, 65.42648371464722, 34.018176421188684, 37.57328983057078, 0.0016000000400000006, 24.57351628535278
2025-03-30 16:19:43,593 - 2025-03-30T16:19:43.593419, 2.591286804118133, 0.0, -3.449421792504658, 64.8267837143473, 34.07823175117756, 37.62410694195412, 0.0016000000400000006, 25.173216285652703
2025-03-30 16:19:43,614 - 2025-03-30T16:19:43.614503, 2.5932059682104116, 0.0, -3.450876718340194, 64.262683714067, 34.1425218404484, 37.669919442505055, 0.0016000000400000006, 25.737316285933005
2025-03-30 16:19:43,633 - 2025-03-30T16:19:43.633448, 2.594775873996139, 0.0, -3.4524211910087574, 63.67128371377498, 34.1954551799639, 37.71900410002266, 0.0016000000400000006, 26.328716286225017
2025-03-30 16:19:43,654 - 2025-03-30T16:19:43.654576, 2.5963457797818665, 0.0, -3.453965663677321, 63.113883713501465, 34.24838851947941, 37.76808875754026, 0.0016000000400000006, 26.886116286498535
2025-03-30 16:19:43,693 - 2025-03-30T16:19:43.693124, 2.5995372628561233, 0.0, -3.4566977756418513, 62.1530837130338, 34.35560272660093, 37.854516397044904, 0.0016000000400000006, 27.8469162869662
2025-03-30 16:19:43,713 - 2025-03-30T16:19:43.713864, 2.6011071686418505, 0.0, -3.458242248310415, 61.64008371278605, 34.408536066116426, 37.90360105456251, 0.0016000000400000006, 28.35991628721395
2025-03-30 16:19:43,733 - 2025-03-30T16:19:43.733687, 2.6025951026605956, 0.0, -3.459578681008257, 61.130683712541334, 34.45858217444049, 37.94594864738196, 0.0016000000400000006, 28.86931628745867
2025-03-30 16:19:43,775 - 2025-03-30T16:19:43.775097, 2.6057273391660054, 0.0, -3.4625264080095546, 60.12228371206067, 34.56406392769627, 38.039498277359996, 0.0016000000400000006, 29.877716287939332
2025-03-30 16:19:43,813 - 2025-03-30T16:19:43.813362, 2.608510317364865, 0.0, -3.4655636818438795, 59.07768371156785, 34.65818893119674, 38.136320064304684, 0.0016000000400000006, 30.922316288432153
2025-03-30 16:19:43,833 - 2025-03-30T16:19:43.833243, 2.6100953732826824, 0.0, -3.4673905911841016, 58.44568371127218, 34.7118921222627, 38.194644091936645, 0.0016000000400000006, 31.55431628872782
2025-03-30 16:19:43,853 - 2025-03-30T16:19:43.853525, 2.611903619303312, 0.0, -3.469417965429, 57.74158371094491, 34.773102229577276, 38.2593202584915, 0.0016000000400000006, 32.25841628905509
2025-03-30 16:19:43,873 - 2025-03-30T16:19:43.873820, 2.613771111892788, 0.0, -3.4712297246371318, 57.126483710660814, 34.83604479075759, 38.31687443457301, 0.0016000000400000006, 32.873516289339186
2025-03-30 16:19:43,894 - 2025-03-30T16:19:43.894147, 2.615520111344571, 0.0, -3.4734727139187966, 56.398983710326945, 34.89552244420643, 38.38867259160124, 0.0016000000400000006, 33.601016289673055
2025-03-30 16:19:43,913 - 2025-03-30T16:19:43.913550, 2.6172691107963537, 0.0, -3.475715703200462, 55.587283709957106, 34.95500009765527, 38.460470748629504, 0.0016000000400000006, 34.412716290042894
2025-03-30 16:19:43,933 - 2025-03-30T16:19:43.933383, 2.6193005469197947, 0.0, -3.477943542350036, 54.750283709578625, 35.02371712121845, 38.531499054107286, 0.0016000000400000006, 35.249716290421375
2025-03-30 16:19:43,953 - 2025-03-30T16:19:43.953144, 2.6212134899055424, 0.0, -3.4806026115731443, 53.92098370920642, 35.088969237050165, 38.61677134053184, 0.0016000000400000006, 36.07901629079358
2025-03-30 16:19:43,974 - 2025-03-30T16:19:43.974310, 2.6231188578252445, 0.0, -3.483120462460423, 53.04248370881514, 35.15383642710662, 38.697423941899224, 0.0016000000400000006, 36.95751629118486
2025-03-30 16:19:43,994 - 2025-03-30T16:19:43.993984, 2.6251137725779747, 0.0, -3.485987571654252, 52.109283708402735, 35.22197577412978, 38.78943329302191, 0.0016000000400000006, 37.890716291597265
2025-03-30 16:19:44,014 - 2025-03-30T16:19:44.014542, 2.6270342906297675, 0.0, -3.48878785921319, 51.213683708010024, 35.28761281573672, 38.87932526450365, 0.0016000000400000006, 38.786316291989976
2025-03-30 16:19:44,033 - 2025-03-30T16:19:44.033364, 2.628895562112713, 0.0, -3.4918037618088933, 50.30518370761465, 35.3515174034779, 38.97633922645874, 0.0016000000400000006, 39.69481629238535
2025-03-30 16:19:44,053 - 2025-03-30T16:19:44.053894, 2.6308236552305506, 0.0, -3.49474526770366, 49.31118370718545, 35.41753937086007, 39.070850882997654, 0.0016000000400000006, 40.68881629281455
2025-03-30 16:19:44,074 - 2025-03-30T16:19:44.073979, 2.6326925017795415, 0.0, -3.497902388635193, 48.323283706762226, 35.4818288843765, 39.172484530009925, 0.0016000000400000006, 41.676716293237774
2025-03-30 16:19:44,093 - 2025-03-30T16:19:44.093566, 2.6343533083578103, 0.0, -3.501141481333709, 47.39248370636646, 35.53938133319477, 39.277005408213654, 0.0016000000400000006, 42.60751629363354
2025-03-30 16:19:44,113 - 2025-03-30T16:19:44.113212, 2.636140183139819, 0.0, -3.504090562294521, 46.492183705986335, 35.60078361551976, 39.37190199052778, 0.0016000000400000006, 43.507816294013665
2025-03-30 16:19:44,134 - 2025-03-30T16:19:44.134178, 2.637949783119963, 0.0, -3.5074632982628207, 45.36078370551226, 35.663340675170446, 39.480657628013454, 0.0016000000400000006, 44.63921629448774
2025-03-30 16:19:44,153 - 2025-03-30T16:19:44.153522, 2.6396105896982323, 0.0, -3.5107023909613364, 44.384483705106334, 35.72089312398871, 39.58517850621716, 0.0016000000400000006, 45.615516294893666
2025-03-30 16:19:44,175 - 2025-03-30T16:19:44.175250, 2.641405039546286, 0.0, -3.513792690257977, 43.57568370477215, 35.78268033208895, 39.68469477358846, 0.0016000000400000006, 46.42431629522785
2025-03-30 16:19:44,194 - 2025-03-30T16:19:44.194603, 2.6429990244896633, 0.0, -3.5171061796574303, 42.58418370436508, 35.83811540126625, 39.7917179572084, 0.0016000000400000006, 47.41581629563492
2025-03-30 16:19:44,213 - 2025-03-30T16:19:44.213434, 2.644444216031166, 0.0, -3.5202860257870987, 41.563483703948854, 35.88854585961114, 39.89450638154636, 0.0016000000400000006, 48.436516296051146
2025-03-30 16:19:44,233 - 2025-03-30T16:19:44.233307, 2.6458225859377764, 0.0, -3.5235402686177046, 40.67368370358828, 35.93685893831506, 39.99979711130054, 0.0016000000400000006, 49.32631629641172
2025-03-30 16:19:44,254 - 2025-03-30T16:19:44.254043, 2.6470521624425123, 0.0, -3.5266608681785265, 39.77758370322726, 35.98016740618657, 40.10085308177277, 0.0016000000400000006, 50.22241629677275
2025-03-30 16:19:44,275 - 2025-03-30T16:19:44.275082, 2.6484002320849425, 0.0, -3.529350237665815, 38.76248370282076, 36.02694078178958, 40.18766507129825, 0.0016000000400000006, 51.23751629717924
2025-03-30 16:19:44,293 - 2025-03-30T16:19:44.293394, 2.6491985785161454, 0.0, -3.5323523440889426, 38.06428370254264, 36.05600526871433, 40.28525613403899, 0.0016000000400000006, 51.93571629745736
2025-03-30 16:19:44,314 - 2025-03-30T16:19:44.314257, 2.650271786552962, 0.0, -3.5351980820441513, 37.29678370223825, 36.093924199978204, 40.377457660172105, 0.0016000000400000006, 52.703216297761756
2025-03-30 16:19:44,333 - 2025-03-30T16:19:44.333785, 2.6514937879916527, 0.0, -3.538177463269143, 36.419683701892076, 36.13684774207449, 40.47389394558715, 0.0016000000400000006, 53.580316298107924
2025-03-30 16:19:44,354 - 2025-03-30T16:19:44.354767, 2.6522177377219185, 0.0, -3.541112748057379, 35.65108370159017, 36.16340992358304, 40.56936762868693, 0.0016000000400000006, 54.34891629840983
2025-03-30 16:19:44,374 - 2025-03-30T16:19:44.374666, 2.652993358954986, 0.0, -3.543691199473019, 34.95508370131787, 36.19131963318212, 40.65309963625616, 0.0016000000400000006, 55.04491629868213
2025-03-30 16:19:44,393 - 2025-03-30T16:19:44.393697, 2.6541258135606496, 0.0, -3.5463213223914605, 34.15428370100588, 36.230971018311735, 40.73817917191589, 0.0016000000400000006, 55.84571629899412
2025-03-30 16:19:44,413 - 2025-03-30T16:19:44.413768, 2.6551170498304835, 0.0, -3.5489590203759476, 33.402383700714154, 36.26600271838418, 40.823643633350855, 0.0016000000400000006, 56.597616299285846
2025-03-30 16:19:44,434 - 2025-03-30T16:19:44.434745, 2.655959492698443, 0.0, -3.5514630750906497, 32.78098370047393, 36.296029807624215, 40.90487333550386, 0.0016000000400000006, 57.21901629952607
2025-03-30 16:19:44,453 - 2025-03-30T16:19:44.453370, 2.656794360500357, 0.0, -3.553825911469523, 32.080383700204024, 36.32567197108901, 40.98148335259972, 0.0016000000400000006, 57.919616299795976
2025-03-30 16:19:44,473 - 2025-03-30T16:19:44.473419, 2.657346791630613, 0.0, -3.5562038979804864, 31.470083699969628, 36.34607476443947, 41.058863221246, 0.0016000000400000006, 58.52991630003037
2025-03-30 16:19:44,493 - 2025-03-30T16:19:44.493460, 2.6576911827901473, 0.0, -3.5586638562584323, 30.688483699670538, 36.35974049309176, 41.139130321083734, 0.0016000000400000006, 59.311516300329465
2025-03-30 16:19:44,516 - 2025-03-30T16:19:44.516779, 2.658310435555295, 0.0, -3.560967446068459, 30.010483699411957, 36.3822606660832, 41.214007884313844, 0.0016000000400000006, 59.98951630058804
2025-03-30 16:19:44,533 - 2025-03-30T16:19:44.533585, 2.658855291619506, 0.0, -3.563204214243593, 29.452083699199623, 36.402278533658425, 41.28676806790297, 0.0016000000400000006, 60.547916300800374
2025-03-30 16:19:44,553 - 2025-03-30T16:19:44.553664, 2.6593484761809147, 0.0, -3.5657978157913233, 28.829383698963472, 36.420948873143146, 41.37126992702266, 0.0016000000400000006, 61.17061630103653
2025-03-30 16:19:44,573 - 2025-03-30T16:19:44.573745, 2.659818935544188, 0.0, -3.5679677623315653, 28.194683698723434, 36.438464435302166, 41.441912730970806, 0.0016000000400000006, 61.80531630127657
2025-03-30 16:19:44,593 - 2025-03-30T16:19:44.593794, 2.6603045450395513, 0.0, -3.570420145543466, 27.424883698433238, 36.45674984901163, 41.52179490503331, 0.0016000000400000006, 62.57511630156676
2025-03-30 16:19:44,613 - 2025-03-30T16:19:44.613222, 2.660790154534915, 0.0, -3.572872528755367, 26.750483698179757, 36.47503526272112, 41.60167707909582, 0.0016000000400000006, 63.24951630182024
2025-03-30 16:19:44,633 - 2025-03-30T16:19:44.633662, 2.6612833390963235, 0.0, -3.575466130303097, 26.021683697906642, 36.49370560220582, 41.6861789382155, 0.0016000000400000006, 63.97831630209337
2025-03-30 16:19:44,654 - 2025-03-30T16:19:44.654249, 2.6616353053219033, 0.0, -3.5780673069168722, 25.320183697644506, 36.50775625663337, 41.77106572311042, 0.0016000000400000006, 64.67981630235549
2025-03-30 16:19:44,673 - 2025-03-30T16:19:44.673840, 2.6621284898833117, 0.0, -3.580660908464602, 24.52398369734786, 36.52642659611807, 41.855567582230094, 0.0016000000400000006, 65.47601630265214
2025-03-30 16:19:44,693 - 2025-03-30T16:19:44.693304, 2.6625624278758737, 0.0, -3.583470125049099, 23.860283697101245, 36.54336448173704, 41.94719143182316, 0.0016000000400000006, 66.13971630289876
2025-03-30 16:19:44,713 - 2025-03-30T16:19:44.713938, 2.66298879080239, 0.0, -3.5861381232977663, 23.074883696810204, 36.55991744158079, 42.03419559635904, 0.0016000000400000006, 66.9251163031898
2025-03-30 16:19:44,733 - 2025-03-30T16:19:44.733198, 2.6633331819619244, 0.0, -3.588598081575712, 22.393783696558476, 36.57358317023307, 42.114462696196775, 0.0016000000400000006, 67.60621630344153
2025-03-30 16:19:44,753 - 2025-03-30T16:19:44.753181, 2.663669998055414, 0.0, -3.590916821517829, 21.731183696314147, 36.58686397311016, 42.19011011097735, 0.0016000000400000006, 68.26881630368585
2025-03-30 16:19:44,774 - 2025-03-30T16:19:44.774665, 2.663947567580056, 0.0, -3.593451176496712, 21.109183696085292, 36.598412322121504, 42.27287951623128, 0.0016000000400000006, 68.8908163039147
2025-03-30 16:19:44,794 - 2025-03-30T16:19:44.794839, 2.6641507404037608, 0.0, -3.595918709840703, 20.49948369586141, 36.607458365716624, 42.35353154184424, 0.0016000000400000006, 69.50051630413859
2025-03-30 16:19:44,818 - 2025-03-30T16:19:44.818294, 2.6644724063651593, 0.0, -3.597955013111161, 19.869283695630436, 36.61996931704323, 42.41993958651046, 0.0016000000400000006, 70.13071630436957
2025-03-30 16:19:44,833 - 2025-03-30T16:19:44.833175, 2.6646680041228192, 0.0, -3.6002813281193227, 19.32088369542983, 36.62863043486313, 42.49597192706625, 0.0016000000400000006, 70.67911630457019
2025-03-30 16:19:44,873 - 2025-03-30T16:19:44.873276, 2.6650213243079133, 0.0, -3.6042278664564993, 18.364683695080807, 36.64402804162678, 42.62493818289196, 0.0016000000400000006, 71.6353163049192
2025-03-30 16:19:44,894 - 2025-03-30T16:19:44.894584, 2.6651941968674375, 0.0, -3.606130526457173, 17.81738369488145, 36.651534382120985, 42.68711146827621, 0.0016000000400000006, 72.18261630511856
2025-03-30 16:19:44,934 - 2025-03-30T16:19:44.934045, 2.665473120351594, 0.0, -3.6100102431594574, 16.905883694550113, 36.66442968346843, 42.813960344460945, 0.0016000000400000006, 73.09411630544989
2025-03-30 16:19:44,973 - 2025-03-30T16:19:44.973432, 2.665551578931074, 0.0, -3.614113149964554, 15.857283694169876, 36.67097284589294, 42.948316136894285, 0.0016000000400000006, 74.14271630583012
2025-03-30 16:19:44,993 - 2025-03-30T16:19:44.993594, 2.6656727799877964, 0.0, -3.6163726433378236, 15.224183693940795, 36.67713165829663, 43.02223109780911, 0.0016000000400000006, 74.7758163060592
2025-03-30 16:19:45,015 - 2025-03-30T16:19:45.015060, 2.6655266945049503, 0.0, -3.6189297235148423, 14.581083693708432, 36.67482095213643, 43.10615528038875, 0.0016000000400000006, 75.41891630629156
2025-03-30 16:19:45,033 - 2025-03-30T16:19:45.033493, 2.6653137873872126, 0.0, -3.621561200392798, 13.897183693461713, 36.67039286633527, 43.192581768384585, 0.0016000000400000006, 76.10281630653829
2025-03-30 16:19:45,053 - 2025-03-30T16:19:45.053734, 2.6654577136420707, 0.0, -3.624244348773556, 13.197683693209695, 36.677706456064655, 43.28035578447093, 0.0016000000400000006, 76.8023163067903
2025-03-30 16:19:45,074 - 2025-03-30T16:19:45.074515, 2.665393599926207, 0.0, -3.6270094689212957, 12.539783692973035, 36.67828298109588, 43.37101703174871, 0.0016000000400000006, 77.46021630702697
2025-03-30 16:19:45,096 - 2025-03-30T16:19:45.096198, 2.6652034180066044, 0.0, -3.63006460080674, 11.85688369272765, 36.67500967262041, 43.471302574916066, 0.0016000000400000006, 78.14311630727235
2025-03-30 16:19:45,113 - 2025-03-30T16:19:45.113368, 2.664841717486992, 0.0, -3.6325624344149117, 11.219283692498866, 36.665576975986845, 43.55349430362996, 0.0016000000400000006, 78.78071630750114
2025-03-30 16:19:45,133 - 2025-03-30T16:19:45.133703, 2.664636385435299, 0.0, -3.6353351296286966, 10.459583692226547, 36.6615338159609, 43.64454047668297, 0.0016000000400000006, 79.54041630777346
2025-03-30 16:19:45,153 - 2025-03-30T16:19:45.153356, 2.664438628449651, 0.0, -3.638249043178311, 9.647483691935836, 36.65787558171019, 43.74020633479316, 0.0016000000400000006, 80.35251630806417
2025-03-30 16:19:45,173 - 2025-03-30T16:19:45.173790, 2.664032831493282, 0.0, -3.6412449284949084, 8.895083691666809, 36.64748028276132, 43.83875942409479, 0.0016000000400000006, 81.10491630833319
2025-03-30 16:19:45,193 - 2025-03-30T16:19:45.193535, 2.663693856171805, 0.0, -3.644166417110568, 8.030883691358127, 36.639202363453435, 43.93481020798021, 0.0016000000400000006, 81.96911630864187
2025-03-30 16:19:45,215 - 2025-03-30T16:19:45.215397, 2.6630056225437775, 0.0, -3.6471774525592555, 7.2384836910753885, 36.61956769439024, 44.0341331488323, 0.0016000000400000006, 82.76151630892461
2025-03-30 16:19:45,233 - 2025-03-30T16:19:45.233331, 2.662525428886471, 0.0, -3.6501065162409603, 6.392183690773694, 36.60667009002518, 44.13056885849294, 0.0016000000400000006, 83.60781630922631
2025-03-30 16:19:45,253 - 2025-03-30T16:19:45.253846, 2.6616367303537665, 0.0, -3.6533407417924595, 5.490283690452432, 36.58068328203904, 44.23739871559364, 0.0016000000400000006, 84.50971630954757
2025-03-30 16:19:45,273 - 2025-03-30T16:19:45.273271, 2.661171686828551, 0.0, -3.656552242145823, 4.541083690114597, 36.56855552922447, 44.34307379536863, 0.0016000000400000006, 85.45891630988541
2025-03-30 16:19:45,293 - 2025-03-30T16:19:45.293463, 2.6602981384279367, 0.0, -3.660068904368981, 3.471183689734054, 36.54333857278879, 44.45914302258369, 0.0016000000400000006, 86.52881631026595
2025-03-30 16:19:45,315 - 2025-03-30T16:19:45.315244, 2.6596918765668915, 0.0, -3.6632879797883895, 2.651683689442733, 36.52659113491702, 44.56520302813392, 0.0016000000400000006, 87.34831631055727
2025-03-30 16:19:45,333 - 2025-03-30T16:19:45.333405, 2.6586771098304482, 0.0, -3.6668122170775925, 1.6773836890965148, 36.49675449342417, 44.6816571811242, 0.0016000000400000006, 88.32261631090348
2025-03-30 16:19:45,353 - 2025-03-30T16:19:45.353663, 2.6580859981014933, 0.0, -3.67031372916866, 0.7571836887695834, 36.480776907102864, 44.796956556788786, 0.0016000000400000006, 89.24281631123041
2025-03-30 16:19:45,373 - 2025-03-30T16:19:45.373310, 2.6569300130292204, 0.0, -3.673845541523908, -0.07921631152749346, 36.446320580552836, 44.913795635554294, 0.0016000000400000006, 90.07921631152749
2025-03-30 16:19:45,393 - 2025-03-30T16:19:45.393458, 2.655907671226732, 0.0, -3.6772285604772814, -1.0644163118774987, 36.41609901328477, 45.02563010348739, 0.0016000000400000006, 91.0644163118775
2025-03-30 16:19:45,415 - 2025-03-30T16:19:45.415186, 2.6547289609563243, 0.0, -3.6803367178250417, -2.1555163122651773, 36.38048790940907, 45.12861012708138, 0.0016000000400000006, 92.15551631226518
2025-03-30 16:19:45,433 - 2025-03-30T16:19:45.433513, 2.653557825751961, 0.0, -3.683586093508631, -3.0228163125734695, 36.345261731308575, 45.236209835732545, 0.0016000000400000006, 93.02281631257347
2025-03-30 16:19:45,453 - 2025-03-30T16:19:45.453393, 2.6524459371164455, 0.0, -3.686619854155454, -3.888716312881315, 36.31176800707385, 45.336687553910316, 0.0016000000400000006, 93.88871631288131
2025-03-30 16:19:45,473 - 2025-03-30T16:19:45.473093, 2.6512596517799922, 0.0, -3.6895867931673845, -4.796716313204332, 36.275771977422906, 45.435047892447116, 0.0016000000400000006, 94.79671631320433
2025-03-30 16:19:45,494 - 2025-03-30T16:19:45.494083, 2.6500885165756296, 0.0, -3.692836168850974, -5.61111631349424, 36.240545799322426, 45.54264760109828, 0.0016000000400000006, 95.61111631349424
2025-03-30 16:19:45,516 - 2025-03-30T16:19:45.516222, 2.6489917780722037, 0.0, -3.6961523661694553, -6.445616313791514, 36.20782192663815, 45.652364689390396, 0.0016000000400000006, 96.44561631379153
2025-03-30 16:19:45,533 - 2025-03-30T16:19:45.533320, 2.647723520968768, 0.0, -3.698911265210665, -7.285316314090876, 36.16893866579578, 45.74398796322907, 0.0016000000400000006, 97.28531631409088
2025-03-30 16:19:45,553 - 2025-03-30T16:19:45.553135, 2.6463960172964858, 0.0, -3.7018857792886406, -8.08701631437698, 36.128322951087654, 45.8427332275411, 0.0016000000400000006, 98.08701631437698
2025-03-30 16:19:45,573 - 2025-03-30T16:19:45.573340, 2.645053363492113, 0.0, -3.7045778566949576, -8.87461631465827, 36.08693738482908, 45.93223912173879, 0.0016000000400000006, 98.87461631465827
2025-03-30 16:19:45,593 - 2025-03-30T16:19:45.593588, 2.643643888052848, 0.0, -3.707344330802212, -9.716616314959348, 36.04343443892952, 46.02424732135266, 0.0016000000400000006, 99.71661631495935
2025-03-30 16:19:45,614 - 2025-03-30T16:19:45.614632, 2.642234412613583, 0.0, -3.7101108049094664, -10.558216315260676, 35.99993149302997, 46.116255520966554, 0.0016000000400000006, 100.55821631526068
2025-03-30 16:19:45,634 - 2025-03-30T16:19:45.634443, 2.6408841837431654, 0.0, -3.7126616639799543, -11.269516315515686, 35.95816100099618, 46.201141730107075, 0.0016000000400000006, 101.26951631551569
2025-03-30 16:19:45,653 - 2025-03-30T16:19:45.653653, 2.6396007765076392, 0.0, -3.7151381263495047, -11.969916315767039, 35.91850788860332, 46.283525633831374, 0.0016000000400000006, 101.96991631576704
2025-03-30 16:19:45,673 - 2025-03-30T16:19:45.673192, 2.6383097942060685, 0.0, -3.717473370383226, -12.697516316028537, 35.87846985043527, 46.361289852498494, 0.0016000000400000006, 102.69751631602854
2025-03-30 16:19:45,694 - 2025-03-30T16:19:45.694391, 2.6371600302403264, 0.0, -3.719801039350902, -13.450716316299609, 35.84305149732436, 46.438669145390406, 0.0016000000400000006, 103.4507163162996
2025-03-30 16:19:45,713 - 2025-03-30T16:19:45.713727, 2.6358538978066655, 0.0, -3.721853846712964, -14.106616316535968, 35.80224360760585, 46.507193993943154, 0.0016000000400000006, 104.10661631653596
2025-03-30 16:19:45,733 - 2025-03-30T16:19:45.733437, 2.6346965587748787, 0.0, -3.724040297344811, -14.761516316772344, 35.766440328719725, 46.579953601777895, 0.0016000000400000006, 104.76151631677234
2025-03-30 16:19:45,753 - 2025-03-30T16:19:45.753290, 2.6333311797723704, 0.0, -3.72630871974364, -15.329316316977597, 35.72389998513545, 46.65560044080405, 0.0016000000400000006, 105.3293163169776
2025-03-30 16:19:45,773 - 2025-03-30T16:19:45.773173, 2.632017472272664, 0.0, -3.728220308769873, -16.06121631724251, 35.682707169641695, 46.71950560429964, 0.0016000000400000006, 106.06121631724251
2025-03-30 16:19:45,793 - 2025-03-30T16:19:45.793549, 2.6307781614738945, 0.0, -3.7301987194309985, -16.626016317447302, 35.64401665956414, 46.78552814743622, 0.0016000000400000006, 106.6260163174473
2025-03-30 16:19:45,813 - 2025-03-30T16:19:45.813837, 2.629538850675125, 0.0, -3.732177130092124, -17.237116317669212, 35.60532614948658, 46.851550690572786, 0.0016000000400000006, 107.23711631766922
2025-03-30 16:19:45,833 - 2025-03-30T16:19:45.833552, 2.6285151549131225, 0.0, -3.7342147873220957, -17.82201631788188, 35.573757629882394, 46.9193056875751, 0.0016000000400000006, 107.82201631788188
2025-03-30 16:19:45,853 - 2025-03-30T16:19:45.853398, 2.6273426657492456, 0.0, -3.736118801282284, -18.359516318077706, 35.537184499445814, 46.98282592529547, 0.0016000000400000006, 108.35951631807772
2025-03-30 16:19:45,873 - 2025-03-30T16:19:45.873107, 2.62622184808817, 0.0, -3.737665981869876, -18.940516318289657, 35.50195889709974, 47.034604487485275, 0.0016000000400000006, 108.94051631828965
2025-03-30 16:19:45,893 - 2025-03-30T16:19:45.893918, 2.6249005655224185, 0.0, -3.7394363525602796, -19.500616318494334, 35.460381155830746, 47.09388996592371, 0.0016000000400000006, 109.50061631849434
2025-03-30 16:19:45,914 - 2025-03-30T16:19:45.914010, 2.6238024730594782, 0.0, -3.7414071881553594, -20.070316318702826, 35.42631033081036, 47.15952758328504, 0.0016000000400000006, 110.07031631870282
2025-03-30 16:19:45,933 - 2025-03-30T16:19:45.933659, 2.622622408829556, 0.0, -3.743169983779718, -20.64181631891243, 35.38935227459855, 47.21842813594823, 0.0016000000400000006, 110.64181631891243
2025-03-30 16:19:45,973 - 2025-03-30T16:19:45.973355, 2.6203139518725136, 0.0, -3.7463387416558396, -21.49031631922425, 35.31678369026544, 47.324487565744064, 0.0016000000400000006, 111.49031631922425
2025-03-30 16:19:46,016 - 2025-03-30T16:19:46.016936, 2.617663811674965, 0.0, -3.7497382647008175, -22.584616319627735, 35.23324328195222, 47.43843883756372, 0.0016000000400000006, 112.58461631962774
2025-03-30 16:19:46,053 - 2025-03-30T16:19:46.053543, 2.6156150661914452, 0.0, -3.7524682174373605, -23.388316319925053, 35.168759290407756, 47.52986936063757, 0.0016000000400000006, 113.38831631992505
2025-03-30 16:19:46,093 - 2025-03-30T16:19:46.093702, 2.612957350927852, 0.0, -3.7557265221465097, -24.344616320279968, 35.08483395631932, 47.63920094740008, 0.0016000000400000006, 114.34461632027997
2025-03-30 16:19:46,113 - 2025-03-30T16:19:46.113842, 2.6115616716611627, 0.0, -3.757430071202021, -24.856816320470514, 35.04075390963412, 47.6963690461975, 0.0016000000400000006, 114.85681632047051
2025-03-30 16:19:46,133 - 2025-03-30T16:19:46.133312, 2.61036645729915, 0.0, -3.758910430154721, -25.425916320682738, 35.00302600187184, 47.746030228746356, 0.0016000000400000006, 115.42591632068273
2025-03-30 16:19:46,153 - 2025-03-30T16:19:46.153040, 2.608837134762677, 0.0, -3.7607627726121073, -26.00931632090077, 34.95471119590469, 47.80820293837621, 0.0016000000400000006, 116.00931632090077
2025-03-30 16:19:46,174 - 2025-03-30T16:19:46.173982, 2.6071665938903745, 0.0, -3.7626226901355384, -26.643716321138477, 34.90177670488038, 47.8707605737813, 0.0016000000400000006, 116.64371632113847
2025-03-30 16:19:46,193 - 2025-03-30T16:19:46.193384, 2.605362409748288, 0.0, -3.7646314010608446, -27.333316321397557, 34.844607454574124, 47.9383228200188, 0.0016000000400000006, 117.33331632139756
2025-03-30 16:19:46,213 - 2025-03-30T16:19:46.213598, 2.60382551214577, 0.0, -3.7663425251824014, -27.95811632163293, 34.795907722831764, 47.99587584459148, 0.0016000000400000006, 117.95811632163293
2025-03-30 16:19:46,233 - 2025-03-30T16:19:46.233249, 2.6016720696971323, 0.0, -3.7684407829407345, -28.687516321908515, 34.72738172277016, 48.066710247795626, 0.0016000000400000006, 118.68751632190852
2025-03-30 16:19:46,253 - 2025-03-30T16:19:46.253434, 2.5993105872777735, 0.0, -3.7706210124660506, -29.432116322190822, 34.65211865801044, 48.140431882191244, 0.0016000000400000006, 119.43211632219082
2025-03-30 16:19:46,274 - 2025-03-30T16:19:46.273966, 2.597416856302659, 0.0, -3.7722804650848056, -30.231616322494993, 34.5916772507375, 48.19663737867341, 0.0016000000400000006, 120.231616322495
2025-03-30 16:19:46,294 - 2025-03-30T16:19:46.294274, 2.595204167285175, 0.0, -3.7745943378799054, -30.96381632277453, 34.521418796810174, 48.27459377235093, 0.0016000000400000006, 120.96381632277453
2025-03-30 16:19:46,313 - 2025-03-30T16:19:46.313916, 2.592835109799771, 0.0, -3.776633349069392, -31.876616323124463, 34.44577080627522, 48.343695721689365, 0.0016000000400000006, 121.87661632312447
2025-03-30 16:19:46,333 - 2025-03-30T16:19:46.333569, 2.5904584772483217, 0.0, -3.778531141923049, -32.6775163234328, 34.369737889965016, 48.4081779859706, 0.0016000000400000006, 122.6775163234328
2025-03-30 16:19:46,353 - 2025-03-30T16:19:46.353521, 2.588163816463855, 0.0, -3.7806369747474275, -33.56691632377672, 34.296592204846256, 48.47939731494999, 0.0016000000400000006, 123.56691632377672
2025-03-30 16:19:46,373 - 2025-03-30T16:19:46.373653, 2.5857279373435587, 0.0, -3.7827503826378512, -34.2967163240601, 34.21882683467031, 48.55100156970462, 0.0016000000400000006, 124.2967163240601
2025-03-30 16:19:46,394 - 2025-03-30T16:19:46.394010, 2.5832176615223252, 0.0, -3.784796968893383, -35.329216324462934, 34.13855915907817, 48.62048844481826, 0.0016000000400000006, 125.32921632446293
2025-03-30 16:19:46,414 - 2025-03-30T16:19:46.414174, 2.580684660502956, 0.0, -3.7864199001414267, -35.934716324700204, 34.05713670616032, 48.676116264760395, 0.0016000000400000006, 125.9347163247002
2025-03-30 16:19:46,434 - 2025-03-30T16:19:46.434109, 2.578075908823136, 0.0, -3.786630648031177, -36.82441632505041, 33.971864995490186, 48.68554723413076, 0.0016000000400000006, 126.82441632505041
2025-03-30 16:19:46,533 - 2025-03-30T16:19:46.533301, 2.579146408940924, 0.0, -3.786785662539582, -36.314416324849425, 34.00709002208187, 48.68958981840228, 0.0016000000400000006, 126.31441632484942
2025-03-30 16:19:46,573 - 2025-03-30T16:19:46.573588, 2.5811310407085797, 0.0, -3.7868208299507793, -35.788716324642905, 34.07215053865755, 48.68882054260623, 0.0016000000400000006, 125.7887163246429
2025-03-30 16:19:46,853 - 2025-03-30T16:19:46.853349, 2.579161559073014, 0.0, -3.7870680992112407, -36.35601632486583, 34.00785987363233, 48.698829188516626, 0.0016000000400000006, 126.35601632486582
2025-03-30 16:19:46,913 - 2025-03-30T16:19:46.913909, 2.5780180162138033, 0.0, -3.7881916247913447, -36.9405163250962, 33.97147949396055, 48.73674869553492, 0.0016000000400000006, 126.9405163250962
2025-03-30 16:19:46,953 - 2025-03-30T16:19:46.953573, 2.5754925902604797, 0.0, -3.7899557743752177, -37.85941632546002, 33.89044196681796, 48.79699620053422, 0.0016000000400000006, 127.85941632546002
2025-03-30 16:19:46,976 - 2025-03-30T16:19:46.976593, 2.573226875780679, 0.0, -3.791281118819512, -38.35821632565839, 33.81748903246401, 48.84261479881152, 0.0016000000400000006, 128.3582163256584
2025-03-30 16:19:46,993 - 2025-03-30T16:19:46.993211, 2.5715411847762866, 0.0, -3.792858599671285, -38.96571632590073, 33.763784689889235, 48.89593306410225, 0.0016000000400000006, 128.96571632590073
2025-03-30 16:19:47,013 - 2025-03-30T16:19:47.013464, 2.568919990883404, 0.0, -3.795477634336179, -39.562116326139574, 33.68043703234082, 48.984283605219844, 0.0016000000400000006, 129.56211632613957
2025-03-30 16:19:47,033 - 2025-03-30T16:19:47.033557, 2.5657855951500066, 0.0, -3.797770135892658, -40.3727163264656, 33.57995816265424, 49.062432173907794, 0.0016000000400000006, 130.3727163264656
2025-03-30 16:19:47,053 - 2025-03-30T16:19:47.053695, 2.562666349548699, 0.0, -3.8003450741207954, -41.08181632675222, 33.48024914451811, 49.149820112710096, 0.0016000000400000006, 131.08181632675223
2025-03-30 16:19:47,073 - 2025-03-30T16:19:47.073564, 2.5592798174078233, 0.0, -3.803217599152682, -41.97321632711438, 33.3720706078181, 49.24721727317722, 0.0016000000400000006, 131.9732163271144
2025-03-30 16:19:47,093 - 2025-03-30T16:19:47.093794, 2.5554696302594593, 0.0, -3.806112849382704, -42.86841632748027, 33.25003301594655, 49.345769210970026, 0.0016000000400000006, 132.86841632748028
2025-03-30 16:19:47,115 - 2025-03-30T16:19:47.115744, 2.551451403140374, 0.0, -3.8090900713797087, -43.77641632785372, 33.12125835937686, 49.44720837995428, 0.0016000000400000006, 133.77641632785372
2025-03-30 16:19:47,133 - 2025-03-30T16:19:47.133906, 2.5478492559627313, 0.0, -3.8119033498427477, -44.62741632820585, 33.00595783220346, 49.542873086555645, 0.0016000000400000006, 134.62741632820584
2025-03-30 16:19:47,153 - 2025-03-30T16:19:47.153151, 2.54394952198134, 0.0, -3.8144493417662195, -45.46121632855297, 32.88064808336524, 49.63006827459316, 0.0016000000400000006, 135.46121632855298
2025-03-30 16:19:47,173 - 2025-03-30T16:19:47.173362, 2.539841748029227, 0.0, -3.8170773054566727, -46.36671632893236, 32.74860126982888, 49.72015069382205, 0.0016000000400000006, 136.36671632893237
2025-03-30 16:19:47,193 - 2025-03-30T16:19:47.193569, 2.536016410748773, 0.0, -3.8196901190150365, -47.28791632932096, 32.62579382640688, 49.809463261500525, 0.0016000000400000006, 137.28791632932095
2025-03-30 16:19:47,213 - 2025-03-30T16:19:47.213485, 2.5323915383729947, 0.0, -3.8220797424705877, -48.230716329721524, 32.50933852190777, 49.891268912930364, 0.0016000000400000006, 138.23071632972153
2025-03-30 16:19:47,233 - 2025-03-30T16:19:47.233465, 2.528469079193468, 0.0, -3.8242020793865708, -48.98111633004249, 32.382873995743886, 49.96460504579632, 0.0016000000400000006, 138.98111633004248
2025-03-30 16:19:47,253 - 2025-03-30T16:19:47.253383, 2.5245831413846527, 0.0, -3.8256851462582997, -50.02791633049337, 32.25698714612003, 50.01696013301739, 0.0016000000400000006, 140.02791633049338
2025-03-30 16:19:47,273 - 2025-03-30T16:19:47.273215, 2.5211284336493707, 0.0, -3.8272867062677216, -50.93661633088795, 32.14534427744294, 50.07278012796991, 0.0016000000400000006, 140.93661633088794
2025-03-30 16:19:47,293 - 2025-03-30T16:19:47.293155, 2.517763272747116, 0.0, -3.829237524583695, -51.661116331204624, 32.03697356573252, 50.13995687267778, 0.0016000000400000006, 141.66111633120462
2025-03-30 16:19:47,313 - 2025-03-30T16:19:47.313555, 2.514865863289106, 0.0, -3.8306675659931075, -52.31361633149156, 31.94342451150888, 50.189617479472204, 0.0016000000400000006, 142.31361633149157
2025-03-30 16:19:47,333 - 2025-03-30T16:19:47.333573, 2.5119608787650507, 0.0, -3.831956389066691, -52.95341633177438, 31.849490531510035, 50.234658401209465, 0.0016000000400000006, 142.95341633177438
2025-03-30 16:19:47,373 - 2025-03-30T16:19:47.373317, 2.5060475667113367, 0.0, -3.8352477019590485, -54.062316332268416, 31.6589275153313, 50.34822359574508, 0.0016000000400000006, 144.0623163322684
2025-03-30 16:19:47,393 - 2025-03-30T16:19:47.393505, 2.5029421172826054, 0.0, -3.8367597151354436, -54.67651633254417, 31.558641396409534, 50.40077143373097, 0.0016000000400000006, 144.67651633254417
2025-03-30 16:19:47,413 - 2025-03-30T16:19:47.413519, 2.498870864701204, 0.0, -3.8387484087816426, -55.34061633284404, 31.427172259413226, 50.46987280731498, 0.0016000000400000006, 145.34061633284404
2025-03-30 16:19:47,454 - 2025-03-30T16:19:47.454089, 2.492064792236243, 0.0, -3.841237862055295, -56.57351633340564, 31.206581578240048, 50.55802944615892, 0.0016000000400000006, 146.57351633340565
2025-03-30 16:19:47,474 - 2025-03-30T16:19:47.474312, 2.4891446575800975, 0.0, -3.8422442484572197, -57.21601633370087, 31.11187774669073, 50.593830997781836, 0.0016000000400000006, 147.21601633370088
2025-03-30 16:19:47,493 - 2025-03-30T16:19:47.493389, 2.486388466457917, 0.0, -3.843666714800587, -57.92341633402799, 31.022948377524287, 50.64310667880103, 0.0016000000400000006, 147.923416334028
2025-03-30 16:19:47,533 - 2025-03-30T16:19:47.533412, 2.4820788736416137, 0.0, -3.845172506870451, -58.865016334466915, 30.883202472728918, 50.696616543347794, 0.0016000000400000006, 148.86501633446693
2025-03-30 16:19:47,573 - 2025-03-30T16:19:47.573579, 2.4782294572035095, 0.0, -3.8460163036979247, -59.81571633491429, 30.757893299645104, 50.72799058492391, 0.0016000000400000006, 149.8157163349143
2025-03-30 16:19:47,614 - 2025-03-30T16:19:47.614021, 2.474603230868217, 0.0, -3.847060565430075, -60.66061633531543, 30.6400910428099, 50.76571676542298, 0.0016000000400000006, 150.66061633531544
2025-03-30 16:19:47,633 - 2025-03-30T16:19:47.633756, 2.472492530896822, 0.0, -3.8473154097565816, -61.167216335557626, 30.57118069272748, 50.77611033710862, 0.0016000000400000006, 151.1672163355576
2025-03-30 16:19:47,673 - 2025-03-30T16:19:47.673887, 2.4687250862257004, 0.0, -3.848367246554777, -62.16801633603984, 30.448758750835104, 50.81422144338292, 0.0016000000400000006, 152.16801633603984
2025-03-30 16:19:47,693 - 2025-03-30T16:19:47.693587, 2.4666219613203504, 0.0, -3.848763309217113, -62.76781633633122, 30.38023332652792, 50.82923470012573, 0.0016000000400000006, 152.76781633633124
2025-03-30 16:19:47,714 - 2025-03-30T16:19:47.714292, 2.464370043013126, 0.0, -3.849025728609665, -63.306916336594796, 30.306703291388352, 50.840013197586615, 0.0016000000400000006, 153.30691633659478
2025-03-30 16:19:47,735 - 2025-03-30T16:19:47.735651, 2.462200096472884, 0.0, -3.8494961879729384, -63.91511633689394, 30.23606048744019, 50.85752875974562, 0.0016000000400000006, 153.91511633689393
2025-03-30 16:19:47,753 - 2025-03-30T16:19:47.753151, 2.45994817816566, 0.0, -3.84975860736549, -64.54631633720648, 30.162530452300608, 50.86830725720649, 0.0016000000400000006, 154.54631633720646
2025-03-30 16:19:47,774 - 2025-03-30T16:19:47.774190, 2.4574062481207313, 0.0, -3.849894958554303, -65.19531633753014, 30.079376121271437, 50.875235921160645, 0.0016000000400000006, 155.19531633753013
2025-03-30 16:19:47,794 - 2025-03-30T16:19:47.794088, 2.454812646573001, 0.0, -3.850388143115712, -65.87891633787359, 29.994874262151747, 50.89390626064536, 0.0016000000400000006, 155.8789163378736
2025-03-30 16:19:47,813 - 2025-03-30T16:19:47.813550, 2.452062676557351, 0.0, -3.8506064660715067, -66.53701633820674, 29.904982866424426, 50.90372215579094, 0.0016000000400000006, 156.53701633820674
2025-03-30 16:19:47,833 - 2025-03-30T16:19:47.833946, 2.449394678308684, 0.0, -3.851032828998023, -67.32841633861074, 29.81797870188855, 50.920275115634674, 0.0016000000400000006, 157.32841633861074
2025-03-30 16:19:47,853 - 2025-03-30T16:19:47.853523, 2.446436668322313, 0.0, -3.851333123720801, -68.05961633898728, 29.721350241463078, 50.93297824197171, 0.0016000000400000006, 158.05961633898727
2025-03-30 16:19:47,873 - 2025-03-30T16:19:47.873894, 2.4434786583359416, 0.0, -3.8516334184435785, -68.91331633943106, 29.624721781037607, 50.945681368308726, 0.0016000000400000006, 158.91331633943105
2025-03-30 16:19:47,893 - 2025-03-30T16:19:47.893506, 2.440446251648633, 0.0, -3.851866891531464, -69.68031633983368, 29.525591015195943, 50.956267115004785, 0.0016000000400000006, 159.68031633983367
2025-03-30 16:19:47,913 - 2025-03-30T16:19:47.913279, 2.437205804990603, 0.0, -3.852182336386332, -70.49831634026724, 29.419723184656107, 50.969740092892266, 0.0016000000400000006, 160.49831634026725
2025-03-30 16:19:47,937 - 2025-03-30T16:19:47.937018, 2.4336753465948693, 0.0, -3.852371713037461, -71.39081634074525, 29.304231058226705, 50.979363237273034, 0.0016000000400000006, 161.39081634074526
2025-03-30 16:19:47,953 - 2025-03-30T16:19:47.953116, 2.430702186476408, 0.0, -3.8523895710885796, -72.20491634118598, 29.206832746250775, 50.98282699349571, 0.0016000000400000006, 162.204916341186
2025-03-30 16:19:47,993 - 2025-03-30T16:19:47.993490, 2.42608743179031, 0.0, -3.853486858283046, -72.83781634153179, 29.056692694015354, 51.0232476544214, 0.0016000000400000006, 162.8378163415318
2025-03-30 16:19:48,094 - 2025-03-30T16:19:48.094538, 2.421053889243741, 0.0, -3.8520573655646744, -72.87061634154978, 28.89038460771141, 50.98128383586836, 0.0016000000400000006, 162.87061634154978
2025-03-30 16:19:48,133 - 2025-03-30T16:19:48.133141, 2.419993123419986, 0.0, -3.846803340834322, -73.24131634175374, 28.850541623325782, 50.81016273798803, 0.0016000000400000006, 163.24131634175376
2025-03-30 16:19:48,153 - 2025-03-30T16:19:48.153473, 2.420496042275428, 0.0, -3.844297932160105, -73.73151634202488, 28.864594005016542, 50.72758608349889, 0.0016000000400000006, 163.73151634202486
2025-03-30 16:19:48,173 - 2025-03-30T16:19:48.173394, 2.4216685314393054, 0.0, -3.8423939181999174, -74.33921634236357, 28.901167135453136, 50.66406584577853, 0.0016000000400000006, 164.33921634236356
2025-03-30 16:19:48,193 - 2025-03-30T16:19:48.193231, 2.4229608677003904, 0.0, -3.8414040358895973, -74.87101634266209, 28.94255212595729, 50.63038109804219, 0.0016000000400000006, 164.87101634266207
2025-03-30 16:19:48,234 - 2025-03-30T16:19:48.234168, 2.4279792601148693, 0.0, -3.8425510919363104, -75.71921634314275, 29.108090360710776, 50.663105546480864, 0.0016000000400000006, 165.71921634314276
2025-03-30 16:19:48,273 - 2025-03-30T16:19:48.273678, 2.4340811435512384, 0.0, -3.849375827720864, -76.49481634358712, 29.31462635717557, 50.88081014797142, 0.0016000000400000006, 166.4948163435871
2025-03-30 16:19:48,313 - 2025-03-30T16:19:48.313690, 2.4390697843925775, 0.0, -3.857888962428839, -77.640116344252, 29.486321677069526, 51.15491299670896, 0.0016000000400000006, 167.640116344252
2025-03-30 16:19:48,333 - 2025-03-30T16:19:48.333352, 2.4410584780387765, 0.0, -3.86196021501024, -78.45381634473088, 29.55542305065353, 51.28638213370526, 0.0016000000400000006, 168.45381634473088
2025-03-30 16:19:48,353 - 2025-03-30T16:19:48.353434, 2.442734434749136, 0.0, -3.8654817443804146, -79.4906163453493, 29.613745351022274, 51.40014238202333, 0.0016000000400000006, 169.49061634534928
2025-03-30 16:19:48,373 - 2025-03-30T16:19:48.373285, 2.4440976545236563, 0.0, -3.868453550539362, -80.57131634600378, 29.661288578175736, 51.496193741663156, 0.0016000000400000006, 170.57131634600378
2025-03-30 16:19:48,393 - 2025-03-30T16:19:48.393862, 2.445438149100041, 0.0, -3.871001701690821, -81.49761634657314, 29.707677028003488, 51.57838604613146, 0.0016000000400000006, 171.49761634657312
2025-03-30 16:19:48,414 - 2025-03-30T16:19:48.414142, 2.4467483434122457, 0.0, -3.8729849794989626, -82.24871634704068, 29.75252577473036, 51.64209961037104, 0.0016000000400000006, 172.24871634704067
2025-03-30 16:19:48,433 - 2025-03-30T16:19:48.433245, 2.4478201974895475, 0.0, -3.8744853557307697, -82.92241634746468, 29.78909775365812, 51.690221665573375, 0.0016000000400000006, 172.9224163474647
2025-03-30 16:19:48,454 - 2025-03-30T16:19:48.454122, 2.448296877959352, 0.0, -3.8754511588834397, -83.65801634793262, 29.805651289256275, 51.72140468364791, 0.0016000000400000006, 173.65801634793263
2025-03-30 16:19:48,473 - 2025-03-30T16:19:48.473464, 2.449277831244112, 0.0, -3.875256915085294, -84.23981634830655, 29.837604158881263, 51.71409051816411, 0.0016000000400000006, 174.23981634830653
2025-03-30 16:19:48,493 - 2025-03-30T16:19:48.493507, 2.4496257355911486, 0.0, -3.873822006528865, -84.82851634868844, 29.847613956300485, 51.666738890266664, 0.0016000000400000006, 174.82851634868842
2025-03-30 16:19:48,518 - 2025-03-30T16:19:48.517979, 2.4505598845201235, 0.0, -3.871435090992342, -85.44951634909513, 29.875910318937997, 51.58762714350902, 0.0016000000400000006, 175.44951634909515
2025-03-30 16:19:48,553 - 2025-03-30T16:19:48.553182, 2.453178370493977, 0.0, -3.866125332880645, -86.34841634969116, 29.956564071814185, 51.41111766052986, 0.0016000000400000006, 176.34841634969115
2025-03-30 16:19:48,593 - 2025-03-30T16:19:48.593423, 2.456724784290275, 0.0, -3.859632802619997, -87.07401635017875, 30.066476213888755, 51.19495621666667, 0.0016000000400000006, 177.07401635017874
2025-03-30 16:19:48,634 - 2025-03-30T16:19:48.634000, 2.461000014963855, 0.0, -3.8535260520366115, -87.59981635053568, 30.200641558574894, 50.99072919909885, 0.0016000000400000006, 177.59981635053566
2025-03-30 16:19:48,676 - 2025-03-30T16:19:48.676396, 2.4647558226903885, 0.0, -3.8482969117323824, -87.72331635062, 30.31863771768373, 50.81575999497501, 0.0016000000400000006, 177.72331635062
2025-03-30 16:19:48,713 - 2025-03-30T16:19:48.713783, 2.4681472219782807, 0.0, -3.8428748815895224, -87.67061635058398, 30.424507275486754, 50.63482357770349, 0.0016000000400000006, 177.670616350584
2025-03-30 16:19:48,753 - 2025-03-30T16:19:48.753073, 2.471602734982037, 0.0, -3.8346877312989225, -88.01621635082064, 30.529800308258565, 50.3632259131542, 0.0016000000400000006, 178.01621635082063
2025-03-30 16:19:48,775 - 2025-03-30T16:19:48.775142, 2.473173446036238, 0.0, -3.8296466136863083, -88.4345163511089, 30.576383811868773, 50.19653290107504, 0.0016000000400000006, 178.4345163511089
2025-03-30 16:19:48,813 - 2025-03-30T16:19:48.813196, 2.4754916372873135, 0.0, -3.8213788455882396, -88.9645163514771, 30.644334438407917, 49.923394957670396, 0.0016000000400000006, 178.9645163514771
2025-03-30 16:19:48,853 - 2025-03-30T16:19:48.853169, 2.476801282908477, 0.0, -3.8154311713918023, -89.09831635157059, 30.68148639689337, 49.72725138138243, 0.0016000000400000006, 179.0983163515706
2025-03-30 16:19:48,915 - 2025-03-30T16:19:48.915589, 2.478932000158979, 0.0, -3.812909258625981, -89.7393163520214, 30.748857619629263, 49.642557923006734, 0.0016000000400000006, 179.7393163520214
2025-03-30 16:19:48,973 - 2025-03-30T16:19:48.973244, 2.4812672441927006, 0.0, -3.814200240927552, -90.39531627107245, 30.826621838296397, 49.68259596117482, 0.0016000000400000006, 180.39531627107243
2025-03-30 16:19:49,093 - 2025-03-30T16:19:49.093373, 2.484740615247575, 0.0, -3.8089862507554137, -91.01501627150739, 30.93537862729086, 49.50839660860145, 0.0016000000400000006, 181.0150162715074
2025-03-30 16:19:49,133 - 2025-03-30T16:19:49.133590, 2.4836460359721375, 0.0, -3.807062219516119, -91.91311627212957, 30.897651871037404, 49.446415498227594, 0.0016000000400000006, 181.91311627212957
2025-03-30 16:19:49,173 - 2025-03-30T16:19:49.173790, 2.482671303793908, 0.0, -3.806052319926692, -92.60671627260365, 30.864736974851517, 49.41426987783777, 0.0016000000400000006, 182.60671627260365
2025-03-30 16:19:49,313 - 2025-03-30T16:19:49.313420, 2.487968071001503, 0.0, -3.8031481406711105, -92.55691627256984, 31.035473722711046, 49.313986061933626, 0.0016000000400000006, 182.55691627256982
2025-03-30 16:19:49,394 - 2025-03-30T16:19:49.394088, 2.4925690295150247, 0.0, -3.803113778528387, -92.00281627219117, 31.186190875732116, 49.30840550182437, 0.0016000000400000006, 182.00281627219118
2025-03-30 16:19:49,453 - 2025-03-30T16:19:49.453495, 2.494649429222239, 0.0, -3.802294060858563, -91.51221627185302, 31.253561522713603, 49.27953318991004, 0.0016000000400000006, 181.51221627185302
2025-03-30 16:19:49,594 - 2025-03-30T16:19:49.594089, 2.4964722766839182, 0.0, -3.7966729197705407, -91.81211627206008, 31.307844693337238, 49.0935915860517, 0.0016000000400000006, 181.81211627206008
2025-03-30 16:19:49,633 - 2025-03-30T16:19:49.633243, 2.496179557027186, 0.0, -3.793856128119999, -92.68841627265911, 31.29552649277545, 49.001582810683416, 0.0016000000400000006, 182.6884162726591
2025-03-30 16:19:49,673 - 2025-03-30T16:19:49.673351, 2.495850315999742, 0.0, -3.791678606513712, -93.31471627308198, 31.282630615673604, 48.930555080960026, 0.0016000000400000006, 183.31471627308198
2025-03-30 16:19:49,833 - 2025-03-30T16:19:49.833707, 2.4968450654570784, 0.0, -3.7904214376638237, -92.58701627259028, 31.314006384512965, 48.888400814659796, 0.0016000000400000006, 182.5870162725903
2025-03-30 16:19:49,877 - 2025-03-30T16:19:49.877161, 2.4964441356477254, 0.0, -3.7908678178694473, -92.04881627222274, 31.301302106667116, 48.90341464715703, 0.0016000000400000006, 182.04881627222272
2025-03-30 16:19:49,934 - 2025-03-30T16:19:49.934209, 2.4944243364688723, 0.0, -3.792817282225906, -91.48891627183687, 31.23701086588749, 48.96924443952878, 0.0016000000400000006, 181.48891627183687
2025-03-30 16:19:49,994 - 2025-03-30T16:19:49.994253, 2.4922040723853427, 0.0, -3.7949899366851767, -90.89881627142618, 31.166367486184924, 49.04258114814913, 0.0016000000400000006, 180.8988162714262
2025-03-30 16:19:50,053 - 2025-03-30T16:19:50.053196, 2.4907642966818972, 0.0, -3.7971915374491134, -90.21041627094179, 31.121324837184453, 49.11611060753431, 0.0016000000400000006, 180.21041627094178
2025-03-30 16:19:50,113 - 2025-03-30T16:19:50.113744, 2.488789947899315, 0.0, -3.799988311820549, -89.69621635199094, 31.059343151056197, 49.209658510249135, 0.0016000000400000006, 179.69621635199093
2025-03-30 16:19:50,213 - 2025-03-30T16:19:50.213606, 2.483658478185199, 0.0, -3.8046539327409743, -89.22001635165577, 30.89572781791565, 49.36749592648035, 0.0016000000400000006, 179.22001635165577
2025-03-30 16:19:50,394 - 2025-03-30T16:19:50.394054, 2.4801975493433863, 0.0, -3.807459636137969, -89.83421635208856, 30.785046975799432, 49.46277570730651, 0.0016000000400000006, 179.83421635208856
2025-03-30 16:19:50,557 - 2025-03-30T16:19:50.557195, 2.478392011241785, 0.0, -3.8081229853398733, -90.35041627104076, 30.726530773157066, 49.48625848261321, 0.0016000000400000006, 180.35041627104076
2025-03-30 16:19:50,694 - 2025-03-30T16:19:50.694020, 2.476056767208064, 0.0, -3.8068320030383025, -90.85791627139754, 30.64876655448994, 49.44622044444516, 0.0016000000400000006, 180.85791627139753
2025-03-30 16:19:50,915 - 2025-03-30T16:19:50.915029, 2.4815705034119397, 0.0, -3.805332432074969, -91.08601627155689, 30.82797224515894, 49.39174855333752, 0.0016000000400000006, 181.0860162715569
2025-03-30 16:19:50,962 - 2025-03-30T16:19:50.962321, 2.483359537421936, 0.0, -3.8030412844780046, -92.34481627242532, 30.884371643914733, 49.31494693698568, 0.0016000000400000006, 182.3448162724253
2025-03-30 16:19:50,994 - 2025-03-30T16:19:50.994200, 2.4831501434917005, 0.0, -3.8017778945215857, -93.43821627316483, 30.87628762688049, 49.27375469724633, 0.0016000000400000006, 183.4382162731648
2025-03-30 16:19:51,017 - 2025-03-30T16:19:51.017584, 2.482501944421886, 0.0, -3.8002547930916437, -94.06311627358156, 30.85357470312423, 49.224477864718324, 0.0016000000400000006, 184.06311627358156
2025-03-30 16:19:51,054 - 2025-03-30T16:19:51.054826, 2.4809458348087348, 0.0, -3.7976473953713374, -94.79651627406527, 30.8000642628231, 49.140553106384274, 0.0016000000400000006, 184.79651627406525
2025-03-30 16:19:51,093 - 2025-03-30T16:19:51.093107, 2.479486847094656, 0.0, -3.795530474293411, -95.48261627451264, 30.750210905263827, 49.072604782862726, 0.0016000000400000006, 185.48261627451262
2025-03-30 16:19:51,155 - 2025-03-30T16:19:51.155602, 2.4791197307369863, 0.0, -3.7926468610079773, -96.0090162748526, 30.73539039928584, 48.97847862785348, 0.0016000000400000006, 186.0090162748526
2025-03-30 16:19:51,293 - 2025-03-30T16:19:51.293322, 2.482260347576915, 0.0, -3.7891502160639265, -95.46011627449806, 30.834907242411553, 48.860870273291916, 0.0016000000400000006, 185.46011627449806
2025-03-30 16:19:51,353 - 2025-03-30T16:19:51.353412, 2.482513837943907, 0.0, -3.78991555431192, -94.777816274053, 30.843953861761094, 48.885701152443524, 0.0016000000400000006, 184.777816274053
2025-03-30 16:19:51,393 - 2025-03-30T16:19:51.393718, 2.4818607717270766, 0.0, -3.7909419579929513, -94.15751627364413, 30.823549916901833, 48.919963576719915, 0.0016000000400000006, 184.15751627364415
2025-03-30 16:19:51,433 - 2025-03-30T16:19:51.433113, 2.480970719234858, 0.0, -3.792830821821049, -93.39541627313615, 30.79621615657959, 48.982713962889825, 0.0016000000400000006, 183.39541627313616
2025-03-30 16:19:51,473 - 2025-03-30T16:19:51.473425, 2.479962173604946, 0.0, -3.79515091572268, -92.54621627256253, 30.765417488525884, 49.05970833000649, 0.0016000000400000006, 182.54621627256253
2025-03-30 16:19:51,513 - 2025-03-30T16:19:51.513228, 2.47850724776941, 0.0, -3.797070079814958, -91.7682162720298, 30.719604987974947, 49.123998419277314, 0.0016000000400000006, 181.7682162720298
2025-03-30 16:19:51,553 - 2025-03-30T16:19:51.553548, 2.476859432095243, 0.0, -3.7993536523458777, -90.95631627146638, 30.66782527427631, 49.20041510985394, 0.0016000000400000006, 180.9563162714664
2025-03-30 16:19:51,593 - 2025-03-30T16:19:51.593649, 2.4750476728871114, 0.0, -3.801221144935354, -90.12251627087946, 30.61027109819483, 49.26335767103426, 0.0016000000400000006, 180.12251627087946
2025-03-30 16:19:51,614 - 2025-03-30T16:19:51.613985, 2.4741638415014235, 0.0, -3.80190586537588, -89.63601635194841, 30.581975311311723, 49.28664827133055, 0.0016000000400000006, 179.6360163519484
2025-03-30 16:19:51,633 - 2025-03-30T16:19:51.633585, 2.4732951602478264, 0.0, -3.802873022488064, -89.11601635158301, 30.554449375979075, 49.31917824174119, 0.0016000000400000006, 179.11601635158303
2025-03-30 16:19:51,657 - 2025-03-30T16:19:51.657834, 2.4722776855923545, 0.0, -3.803706536330464, -88.61571635123444, 30.52191882981402, 49.3474734528699, 0.0016000000400000006, 178.61571635123443
2025-03-30 16:19:51,693 - 2025-03-30T16:19:51.693412, 2.4701759146465188, 0.0, -3.8054479607162017, -87.7872163506637, 30.454740357842944, 49.40656618054351, 0.0016000000400000006, 177.7872163506637
2025-03-30 16:19:51,733 - 2025-03-30T16:19:51.733780, 2.4684158269411887, 0.0, -3.806958619933082, -86.95021635009513, 30.39853370985196, 49.457767066193256, 0.0016000000400000006, 176.95021635009513
2025-03-30 16:19:51,773 - 2025-03-30T16:19:51.773520, 2.4672798591480234, 0.0, -3.8082233638490153, -86.14171634955335, 30.362538255955428, 49.50030625826871, 0.0016000000400000006, 176.14171634955335
2025-03-30 16:19:51,833 - 2025-03-30T16:19:51.833866, 2.4660316193236946, 0.0, -3.80871519445091, -85.31811634900875, 30.322115867766534, 49.51762964541733, 0.0016000000400000006, 175.31811634900873
2025-03-30 16:19:51,915 - 2025-03-30T16:19:51.915615, 2.465029294800313, 0.0, -3.809831144964969, -84.72441634862062, 30.29035517315195, 49.555164226660395, 0.0016000000400000006, 174.72441634862062
2025-03-30 16:19:51,953 - 2025-03-30T16:19:51.953247, 2.465156716963566, 0.0, -3.8108864949506662, -84.05151634818515, 30.295551958994757, 49.58961940170159, 0.0016000000400000006, 174.05151634818515
2025-03-30 16:19:51,993 - 2025-03-30T16:19:51.993313, 2.4654859579910102, 0.0, -3.8130640165569534, -83.26201634768002, 30.308447836096605, 49.660647131424966, 0.0016000000400000006, 173.26201634768
2025-03-30 16:19:52,013 - 2025-03-30T16:19:52.013304, 2.465636105352399, 0.0, -3.814543021550139, -82.77301634737022, 30.314799399265127, 49.70896136163771, 0.0016000000400000006, 172.77301634737023
2025-03-30 16:19:52,034 - 2025-03-30T16:19:52.034320, 2.4658682244807704, 0.0, -3.816230066514046, -82.26061634704814, 30.324038193625064, 49.76401265654858, 0.0016000000400000006, 172.26061634704814
2025-03-30 16:19:52,073 - 2025-03-30T16:19:52.073251, 2.4662277657723948, 0.0, -3.818972461463651, -81.53551634659664, 30.33847377382783, 49.853519126500686, 0.0016000000400000006, 171.53551634659664
2025-03-30 16:19:52,173 - 2025-03-30T16:19:52.173251, 2.4665102024440535, 0.0, -3.8189573113315602, -82.1464163469767, 30.347713143942187, 49.85274927495021, 0.0016000000400000006, 172.1464163469767
2025-03-30 16:19:52,233 - 2025-03-30T16:19:52.233575, 2.46668658819108, 0.0, -3.816965104497859, -82.76961634736807, 30.351563553203306, 49.78730383259928, 0.0016000000400000006, 172.76961634736807
2025-03-30 16:19:52,333 - 2025-03-30T16:19:52.333451, 2.466508848484539, 0.0, -3.817611949608159, -83.27651634768921, 30.34636619160608, 49.80866980401943, 0.0016000000400000006, 173.2765163476892
2025-03-30 16:19:52,394 - 2025-03-30T16:19:52.393974, 2.465543045331869, 0.0, -3.818088630077963, -83.76551634800144, 30.31518317353153, 49.82522333961757, 0.0016000000400000006, 173.76551634800143
2025-03-30 16:19:52,733 - 2025-03-30T16:19:52.733805, 2.4666679248714876, 0.0, -3.8205775346605755, -84.56431634851658, 30.35444963288593, 49.90568319022013, 0.0016000000400000006, 174.56431634851657
2025-03-30 16:19:52,774 - 2025-03-30T16:19:52.774289, 2.466986882913858, 0.0, -3.8199231144842303, -85.28591634898758, 30.364266679540343, 49.88393229302475, 0.0016000000400000006, 175.2859163489876
2025-03-30 16:19:52,813 - 2025-03-30T16:19:52.813311, 2.467172197686444, 0.0, -3.81941748770976, -85.93391634941524, 30.369848966912798, 49.8671860066618, 0.0016000000400000006, 175.93391634941526
2025-03-30 16:19:52,856 - 2025-03-30T16:19:52.856603, 2.4674608554646333, 0.0, -3.8181981941900975, -86.73341634994918, 30.378126310466264, 49.82695636923771, 0.0016000000400000006, 176.73341634994918
2025-03-30 16:19:52,893 - 2025-03-30T16:19:52.893649, 2.467741938176778, 0.0, -3.8168376823346057, -87.53931635049447, 30.386018728244515, 49.78210704675647, 0.0016000000400000006, 177.53931635049446
2025-03-30 16:19:52,935 - 2025-03-30T16:19:52.935596, 2.4684831972671217, 0.0, -3.814815175236724, -88.32401635103258, 30.408347877734336, 49.71512190130462, 0.0016000000400000006, 178.32401635103258
2025-03-30 16:19:52,974 - 2025-03-30T16:19:52.974604, 2.469121113351862, 0.0, -3.813506334884034, -88.90111635143292, 30.427981971043145, 49.671620106913885, 0.0016000000400000006, 178.9011163514329
2025-03-30 16:19:53,053 - 2025-03-30T16:19:53.053230, 2.469134909524438, 0.0, -3.8124434098322912, -89.44231635181193, 30.427404870257497, 49.636780006097446, 0.0016000000400000006, 179.44231635181194
2025-03-30 16:19:53,133 - 2025-03-30T16:19:53.133405, 2.467871519568019, 0.0, -3.812652803762527, -89.99861635220523, 30.386212630518145, 49.6448640231317, 0.0016000000400000006, 179.99861635220523
2025-03-30 16:19:53,193 - 2025-03-30T16:19:53.193512, 2.4652703429542435, 0.0, -3.8130047699881064, -90.56621627119283, 30.301325845623225, 49.65891467755923, 0.0016000000400000006, 180.56621627119287
2025-03-30 16:19:53,273 - 2025-03-30T16:19:53.273260, 2.459888896060638, 0.0, -3.8130101858261636, -91.22391627165294, 30.125007961900067, 49.66430248690365, 0.0016000000400000006, 181.22391627165294
2025-03-30 16:19:53,354 - 2025-03-30T16:19:53.354007, 2.454492299034942, 0.0, -3.8127331649925624, -91.30481627170917, 29.947920226626444, 49.66045092613373, 0.0016000000400000006, 181.30481627170917
2025-03-30 16:19:53,433 - 2025-03-30T16:19:53.433913, 2.449417367970645, 0.0, -3.8144924474294184, -91.30921627171222, 29.783343442679453, 49.723007410029986, 0.0016000000400000006, 181.30921627171222
2025-03-30 16:19:53,493 - 2025-03-30T16:19:53.493314, 2.445256568556216, 0.0, -3.8161318827690667, -90.8136162713665, 29.648602148716485, 49.78075203385869, 0.0016000000400000006, 180.8136162713665
2025-03-30 16:19:53,533 - 2025-03-30T16:19:53.533359, 2.4446283867655088, 0.0, -3.81234171289981, -91.3414162717346, 29.624350097613714, 49.657175314640625, 0.0016000000400000006, 181.3414162717346
2025-03-30 16:19:53,573 - 2025-03-30T16:19:53.573504, 2.4451210226358766, 0.0, -3.8070043624429606, -91.83191627207374, 29.635323648857018, 49.48182003323274, 0.0016000000400000006, 181.83191627207373
2025-03-30 16:19:53,654 - 2025-03-30T16:19:53.654054, 2.450893116353761, 0.0, -3.8037206246166475, -91.28921627169838, 29.821266979978567, 49.36863976447234, 0.0016000000400000006, 181.28921627169836
2025-03-30 16:19:53,776 - 2025-03-30T16:19:53.776638, 2.4515034400933495, 0.0, -3.8045376343674433, -90.75261627132377, 29.84205527485866, 49.394818171714476, 0.0016000000400000006, 180.75261627132377
2025-03-30 16:19:53,854 - 2025-03-30T16:19:53.854069, 2.451340850518899, 0.0, -3.8054669161494017, -91.47981627183056, 29.83762776481189, 49.42542351324897, 0.0016000000400000006, 181.47981627183054
2025-03-30 16:19:54,033 - 2025-03-30T16:19:54.033176, 2.455133179616144, 0.0, -3.799598505800918, -91.82181627206673, 29.95620160046078, 49.22947326348022, 0.0016000000400000006, 181.82181627206674
2025-03-30 16:19:54,153 - 2025-03-30T16:19:54.153467, 2.453672837942551, 0.0, -3.796136222999591, -91.29921627170529, 29.905001290565423, 49.117445469027906, 0.0016000000400000006, 181.2992162717053
2025-03-30 16:19:54,253 - 2025-03-30T16:19:54.253324, 2.450327694319403, 0.0, -3.795819972876249, -90.74161627131605, 29.79509145150847, 49.110322327045715, 0.0016000000400000006, 180.74161627131605
2025-03-30 16:19:54,574 - 2025-03-30T16:19:54.574105, 2.4554342796073954, 0.0, -3.795970925506112, -91.04071627152534, 29.962554890892505, 49.110324054308926, 0.0016000000400000006, 181.04071627152538
2025-03-30 16:20:53,014 - 2025-03-30T16:20:53.014022, 2.456794791462887, 0.0, -3.7962520082182563, -91.77381627203367, 30.00740421337376, 49.118216472087184, 0.0016000000400000006, 181.77381627203368
2025-03-30 16:20:53,056 - 2025-03-30T16:20:53.056960, 2.4562437142921456, 0.0, -3.7952193834306938, -92.6193162726122, 29.98834837235941, 49.084916074371655, 0.0016000000400000006, 182.6193162726122
