2025-04-01 16:40:07,460 - Timestamp, Before_X, Before_Y, Before_Z, Before_Yaw_Deg, After_X, After_Y, After_Z, After_Yaw_Deg
2025-04-01 16:40:07,520 - 2025-04-01T16:40:07.520162, 0.10611479022496972, 0.0, -2.0643703633648607, 179.16788368820502, -48.68945621338278, -5.350945084276525, 0.0016000000400000006, -89.16788368820502
2025-04-01 17:10:28,639 - 2025-04-01T17:10:28.639677, 0.10579447822308508, 0.0, -2.0636794218178043, -179.43601631129906, -48.700620212373295, -5.373273658011943, 0.0016000000400000006, 269.43601631129906
2025-04-01 17:10:28,679 - 2025-04-01T17:10:28.679703, 0.10525233007790336, 0.0, -2.064133377089473, 179.69468368839213, -48.7179441752763, -5.357874899739499, 0.0016000000400000006, -89.69468368839213
2025-04-01 17:10:28,699 - 2025-04-01T17:10:28.699628, 0.10820276499822956, 0.0, -2.063691864030866, 178.3051836878985, -48.62170064062605, -5.375197711133696, 0.0016000000400000006, -88.3051836878985
2025-04-01 17:10:28,719 - 2025-04-01T17:10:28.719640, 0.10786108175772346, 0.0, -2.0639226291997224, 177.71078368768727, -48.632672464606166, -5.367305869109873, 0.0016000000400000006, -87.71078368768728
2025-04-01 17:10:28,799 - 2025-04-01T17:10:28.799655, 0.10149923027039831, 0.0, -2.072053240840505, 176.5680836872811, -48.83324642971292, -5.0947467537540865, 0.0016000000400000006, -86.5680836872811
2025-04-01 17:10:28,819 - 2025-04-01T17:10:28.819590, 0.1003659703962616, 0.0, -2.076008708203241, 175.80908368701117, -48.866547978937234, -4.9640486198170475, 0.0016000000400000006, -85.80908368701117
2025-04-01 17:10:28,839 - 2025-04-01T17:10:28.839650, 0.09906254588162877, 0.0, -2.0807522390121065, 174.89408368668563, -48.90466196398356, -4.807364829402683, 0.0016000000400000006, -84.89408368668563
2025-04-01 17:10:28,859 - 2025-04-01T17:10:28.859609, 0.09700893325109261, 0.0, -2.0860316968596226, 173.78098368628926, -48.966836976631036, -4.632395049524453, 0.0016000000400000006, -83.78098368628926
2025-04-01 17:10:28,879 - 2025-04-01T17:10:28.879683, 0.0959589991034524, 0.0, -2.0915405659164814, 172.1949836857237, -48.99590434232782, -4.450880379958477, 0.0016000000400000006, -82.19498368572371
2025-04-01 17:10:28,899 - 2025-04-01T17:10:28.899628, 0.09428494504364737, 0.0, -2.0972953502742877, 169.97658368493083, -49.04518290211906, -4.260704016818193, 0.0016000000400000006, -79.97658368493083
2025-04-01 17:10:28,919 - 2025-04-01T17:10:28.919613, 0.09021017927474384, 0.0, -2.1031789107548615, 167.61008368408204, -49.17299610788228, -4.063983915498999, 0.0016000000400000006, -77.61008368408204
2025-04-01 17:10:28,939 - 2025-04-01T17:10:28.939584, 0.08681742602733733, 0.0, -2.1072555791743204, 165.9199836834736, -49.280212618021416, -3.9271269691582633, 0.0016000000400000006, -75.91998368347359
2025-04-01 17:10:28,959 - 2025-04-01T17:10:28.959640, 0.08283707423847764, 0.0, -2.1109388928504718, 164.75788368305393, -49.407062645714966, -3.8025893748881305, 0.0016000000400000006, -74.75788368305393
2025-04-01 17:10:28,979 - 2025-04-01T17:10:28.979632, 0.08142759879921257, 0.0, -2.113705366957726, 163.81838368271383, -49.45056559161452, -3.7105811752742475, 0.0016000000400000006, -73.81838368271383
2025-04-01 17:10:28,999 - 2025-04-01T17:10:28.999746, 0.07830213209137415, 0.0, -2.1174844485734354, 162.8999836823806, -49.54931258318978, -3.5837334505983267, 0.0016000000400000006, -72.8999836823806
2025-04-01 17:10:29,019 - 2025-04-01T17:10:29.019627, 0.07329673058099795, 0.0, -2.1218600577561575, 161.971783682043, -49.709078082823595, -3.435520330256671, 0.0016000000400000006, -71.971783682043
2025-04-01 17:10:29,039 - 2025-04-01T17:10:29.039630, 0.07096554842581959, 0.0, -2.1246051606247907, 160.90458368165375, -49.7828014444824, -3.3433199556323827, 0.0016000000400000006, -70.90458368165375
2025-04-01 17:10:29,059 - 2025-04-01T17:10:29.059652, 0.06869361283948816, 0.0, -2.127134648456657, 159.67158368120255, -49.854792352275474, -3.2582415714814594, 0.0016000000400000006, -69.67158368120255
2025-04-01 17:10:29,079 - 2025-04-01T17:10:29.079639, 0.0643109772817616, 0.0, -2.129918980615031, 158.46578368075956, -49.995693610150965, -3.162769615644882, 0.0016000000400000006, -68.46578368075956
2025-04-01 17:10:29,099 - 2025-04-01T17:10:29.099589, 0.06353941792723727, 0.0, -2.1313766143695947, 157.43348368037894, -50.0195624627417, -3.114263210421762, 0.0016000000400000006, -67.43348368037894
2025-04-01 17:10:29,119 - 2025-04-01T17:10:29.119560, 0.060657158601317374, 0.0, -2.1330890924506662, 156.6338836800832, -50.11234166541487, -3.055363233512958, 0.0016000000400000006, -66.63388368008319
2025-04-01 17:10:29,139 - 2025-04-01T17:10:29.139692, 0.05621392251522961, 0.0, -2.1347436779224047, 155.9304836798223, -50.2563223294922, -2.9968487581338152, 0.0016000000400000006, -65.93048367982229
2025-04-01 17:10:29,159 - 2025-04-01T17:10:29.159652, 0.056273169084076535, 0.0, -2.1345280628856385, 155.14818367953131, -50.25458987562646, -3.0039707486071805, 0.0016000000400000006, -65.14818367953131
2025-04-01 17:10:29,179 - 2025-04-01T17:10:29.179850, 0.05506145063045942, 0.0, -2.1343806234432776, 154.5313836793013, -50.2944345872753, -3.007628407103505, 0.0016000000400000006, -64.53138367930133
2025-04-01 17:10:29,199 - 2025-04-01T17:10:29.199754, 0.05239345238179238, 0.0, -2.1348069863697945, 154.01858367910964, -50.38143875181118, -2.991075447259751, 0.0016000000400000006, -64.01858367910964
2025-04-01 17:10:29,239 - 2025-04-01T17:10:29.239676, 0.04795643740223543, 0.0, -2.135257428453961, 153.25488367882346, -50.526381442449384, -2.972020757754221, 0.0016000000400000006, -63.25488367882346
2025-04-01 17:10:29,339 - 2025-04-01T17:10:29.339605, 0.04923713671873253, 0.0, -2.130090242637608, 152.9731836787177, -50.489422234728764, -3.1425636033400877, 0.0016000000400000006, -62.9731836787177
2025-04-01 17:10:29,459 - 2025-04-01T17:10:29.459611, 0.055053326873374164, 0.0, -2.1263084531028693, 152.29808367846366, -50.30251630129192, -3.2721052326882325, 0.0016000000400000006, -62.298083678463655
2025-04-01 17:10:29,499 - 2025-04-01T17:10:29.499660, 0.05830134859744884, 0.0, -2.1261342265838308, 151.57868367819214, -50.19626354497687, -3.280958525518541, 0.0016000000400000006, -61.578683678192135
2025-04-01 17:10:29,559 - 2025-04-01T17:10:29.559683, 0.06087493286607204, 0.0, -2.127908110461737, 151.0036836779745, -50.11022255851068, -3.2253289783132058, 0.0016000000400000006, -61.00368367797449
2025-04-01 17:10:29,659 - 2025-04-01T17:10:29.659684, 0.06617846987123821, 0.0, -2.1317307398231624, 151.2596836780715, -49.93275104897064, -3.105215439563405, 0.0016000000400000006, -61.2596836780715
2025-04-01 17:10:29,699 - 2025-04-01T17:10:29.699667, 0.06905586205014114, 0.0, -2.132567766853065, 152.19348367842423, -49.8376628674005, -3.080576159667781, 0.0016000000400000006, -62.19348367842423
2025-04-01 17:10:29,719 - 2025-04-01T17:10:29.719600, 0.07199872190442269, 0.0, -2.1319850354586287, 152.8095836786562, -49.741804258525484, -3.1025186561191505, 0.0016000000400000006, -62.8095836786562
2025-04-01 17:10:29,739 - 2025-04-01T17:10:29.739583, 0.07431746184653898, 0.0, -2.131648219365139, 153.64808367897092, -49.66615684374493, -3.1157994589962406, 0.0016000000400000006, -63.64808367897092
2025-04-01 17:10:29,759 - 2025-04-01T17:10:29.759591, 0.0748230886210095, 0.0, -2.1318335341377255, 154.5216836792977, -49.64941055738196, -3.1102171716237743, 0.0016000000400000006, -64.5216836792977
2025-04-01 17:10:29,779 - 2025-04-01T17:10:29.779610, 0.07594526024159931, 0.0, -2.1316317152735347, 155.3612836796107, -49.61283800269978, -3.1179162628828023, 0.0016000000400000006, -65.3612836796107
2025-04-01 17:10:29,799 - 2025-04-01T17:10:29.799797, 0.07795126324787649, 0.0, -2.1307451759688183, 156.2893836799555, -49.5479696611345, -3.1489059544381384, 0.0016000000400000006, -66.2893836799555
2025-04-01 17:10:29,819 - 2025-04-01T17:10:29.819615, 0.0796672545164494, 0.0, -2.1297325684603634, 157.28558368032432, -49.49272561545881, -3.183745479500147, 0.0016000000400000006, -67.28558368032432
2025-04-01 17:10:29,839 - 2025-04-01T17:10:29.839590, 0.08101883734638182, 0.0, -2.1285270711132767, 158.24058368067662, -49.44960817108889, -3.2245522177098795, 0.0016000000400000006, -68.24058368067662
2025-04-01 17:10:29,859 - 2025-04-01T17:10:29.859748, 0.08164917836507746, 0.0, -2.127077012424758, 159.20318368103068, -49.4303590035553, -3.272673697157772, 0.0016000000400000006, -69.20318368103068
2025-04-01 17:10:29,879 - 2025-04-01T17:10:29.879732, 0.08294016066664778, 0.0, -2.1247417683910363, 160.11038368136334, -49.39032096538726, -3.350437915824924, 0.0016000000400000006, -70.11038368136334
2025-04-01 17:10:29,899 - 2025-04-01T17:10:29.899702, 0.08454252594454426, 0.0, -2.1216108858451412, 160.88708368164737, -49.34085080634001, -3.454572716744587, 0.0016000000400000006, -70.88708368164737
2025-04-01 17:10:29,919 - 2025-04-01T17:10:29.919655, 0.08645627419876512, 0.0, -2.1176843647870713, 161.57228368189746, -49.2819485264136, -3.5850780999168035, 0.0016000000400000006, -71.57228368189746
2025-04-01 17:10:29,939 - 2025-04-01T17:10:29.939629, 0.0878568206124708, 0.0, -2.1134313106205864, 162.34388368217844, -49.24017745862538, -3.7257854555186443, 0.0016000000400000006, -72.34388368217844
2025-04-01 17:10:29,959 - 2025-04-01T17:10:29.959581, 0.08895978022242712, 0.0, -2.1089109699145325, 163.20498368249136, -49.20841561250199, -3.8749623296844007, 0.0016000000400000006, -73.20498368249136
2025-04-01 17:10:29,979 - 2025-04-01T17:10:29.979596, 0.08927467638625419, 0.0, -2.104220464567983, 164.19908368285172, -49.20263942285591, -4.028951639672153, 0.0016000000400000006, -74.19908368285172
2025-04-01 17:10:29,999 - 2025-04-01T17:10:29.999866, 0.08990853059245163, 0.0, -2.098875539045089, 165.11328368318237, -49.18704618655542, -4.204691846855243, 0.0016000000400000006, -75.11328368318237
2025-04-01 17:10:30,019 - 2025-04-01T17:10:30.019704, 0.08962067808273577, 0.0, -2.0935092422835737, 165.9008836834667, -49.20167336601419, -4.380239879027942, 0.0016000000400000006, -75.9008836834667
2025-04-01 17:10:30,039 - 2025-04-01T17:10:30.039596, 0.08951814034560579, 0.0, -2.0876373187475883, 166.72418368376336, -49.210718258100506, -4.572534197563594, 0.0016000000400000006, -76.72418368376336
2025-04-01 17:10:30,059 - 2025-04-01T17:10:30.059630, 0.0907155139356064, 0.0, -2.0809167312371115, 167.44488368402267, -49.17799323390742, -4.793893578778426, 0.0016000000400000006, -77.44488368402267
2025-04-01 17:10:30,079 - 2025-04-01T17:10:30.079561, 0.09011492449005143, 0.0, -2.0750007112643694, 168.23758368430742, -49.20339948658146, -4.987150499629357, 0.0016000000400000006, -78.23758368430742
2025-04-01 17:10:30,099 - 2025-04-01T17:10:30.099703, 0.09156443448752993, 0.0, -2.067700100278485, 169.01578368458664, -49.16297479537495, -5.227758472623349, 0.0016000000400000006, -79.01578368458664
2025-04-01 17:10:30,119 - 2025-04-01T17:10:30.119671, 0.09074065493916317, 0.0, -2.0615836154010663, 169.7716836848575, -49.195887964297604, -5.427367532397203, 0.0016000000400000006, -79.77168368485749
2025-04-01 17:10:30,139 - 2025-04-01T17:10:30.139701, 0.09129118341886366, 0.0, -2.054685288184049, 170.33628368505958, -49.18452891152466, -5.653924275209259, 0.0016000000400000006, -80.33628368505958
2025-04-01 17:10:30,159 - 2025-04-01T17:10:30.159626, 0.08984328395833252, 0.0, -2.048814718607578, 171.24508368538451, -49.23765327454176, -5.844871641408791, 0.0016000000400000006, -81.24508368538451
2025-04-01 17:10:30,179 - 2025-04-01T17:10:30.179570, 0.09193963906611069, 0.0, -2.0416918473282344, 172.13478368570222, -49.17586261191512, -6.080282252805573, 0.0016000000400000006, -82.13478368570222
2025-04-01 17:10:30,199 - 2025-04-01T17:10:30.199868, 0.0898903448915509, 0.0, -2.0364908480601986, 172.9229836859834, -49.24804339170096, -6.248708870259283, 0.0016000000400000006, -82.92298368598341
2025-04-01 17:10:30,219 - 2025-04-01T17:10:30.219669, 0.08852441719800153, 0.0, -2.0308283184544487, 173.99128368636417, -49.29828052352665, -6.432919171760679, 0.0016000000400000006, -83.99128368636417
2025-04-01 17:10:30,239 - 2025-04-01T17:10:30.239577, 0.08717363963654323, 0.0, -2.025448225520357, 175.26558368681785, -49.34774780380185, -6.607890103147744, 0.0016000000400000006, -85.26558368681785
2025-04-01 17:10:30,259 - 2025-04-01T17:10:30.259637, 0.08577876563832776, 0.0, -2.0205661842946907, 176.2215836871579, -49.398177686392344, -6.766499673947071, 0.0016000000400000006, -86.2215836871579
2025-04-01 17:10:30,279 - 2025-04-01T17:10:30.279632, 0.08234136726312391, 0.0, -2.0172099524179954, 177.13548368748283, -49.51405358708816, -6.873138507546167, 0.0016000000400000006, -87.13548368748283
2025-04-01 17:10:30,299 - 2025-04-01T17:10:30.299734, 0.07702403408538183, 0.0, -2.014450248108313, 177.83638368773194, -49.690947995842556, -6.958411945479512, 0.0016000000400000006, -87.83638368773194
2025-04-01 17:10:30,319 - 2025-04-01T17:10:30.319607, 0.0760831153588355, 0.0, -2.010110355027829, 178.36578368792001, -49.725979120160595, -7.099697553375807, 0.0016000000400000006, -88.36578368792001
2025-04-01 17:10:30,339 - 2025-04-01T17:10:30.339642, 0.07084153284154437, 0.0, -2.0087628340764394, 178.87838368810216, -49.89902427116269, -7.138774140737416, 0.0016000000400000006, -88.87838368810216
2025-04-01 17:10:30,359 - 2025-04-01T17:10:30.359598, 0.06930057336048323, 0.0, -2.0064378730277914, 179.5388836883368, -49.951764859913375, -7.213459528957131, 0.0016000000400000006, -89.5388836883368
2025-04-01 17:10:30,379 - 2025-04-01T17:10:30.379611, 0.0639115514008326, 0.0, -2.00630207053002, 179.99848368850007, -50.12846766941176, -7.212691404669856, 0.0016000000400000006, -89.99848368850007
2025-04-01 17:10:30,399 - 2025-04-01T17:10:30.399691, 0.06118295262380391, 0.0, -2.005598686769902, -179.6653163113805, -50.218551240149495, -7.233095925283522, 0.0016000000400000006, 269.6653163113805
2025-04-01 17:10:30,419 - 2025-04-01T17:10:30.419695, 0.05494039954264629, 0.0, -2.006712478055973, -179.51381631132668, -50.42201013343006, -7.190558460471278, 0.0016000000400000006, 269.51381631132665
2025-04-01 17:10:30,459 - 2025-04-01T17:10:30.459694, 0.04996123641790762, 0.0, -2.0076168754118076, 179.8712836884549, -50.58427678697127, -7.156105012693304, 0.0016000000400000006, -89.8712836884549
2025-04-01 17:10:30,499 - 2025-04-01T17:10:30.499713, 0.04479811248009691, 0.0, -2.0103722612655144, 179.51828368832946, -50.750778775548845, -7.060825807621564, 0.0016000000400000006, -89.51828368832946
2025-04-01 17:10:30,539 - 2025-04-01T17:10:30.539653, 0.048365092246542396, 0.0, -2.0095436145701306, 178.97088368813505, -50.63470897257938, -7.091429997647254, 0.0016000000400000006, -88.97088368813505
2025-04-01 17:10:30,559 - 2025-04-01T17:10:30.559637, 0.059799715570176826, 0.0, -2.0048939490502695, 178.7828836880682, -50.26455533995644, -7.254847398233292, 0.0016000000400000006, -88.78288368806821
2025-04-01 17:10:30,579 - 2025-04-01T17:10:30.579603, 0.065498766546638, 0.0, -2.0028887513124656, 178.54018368798202, -50.07976736191499, -7.3260655757038915, 0.0016000000400000006, -88.54018368798204
2025-04-01 17:10:30,619 - 2025-04-01T17:10:30.619675, 0.07304745206145746, 0.0, -1.9997221526643325, 178.29328368789427, -49.835500578915884, -7.437127889068901, 0.0016000000400000006, -88.29328368789427
2025-04-01 17:10:30,679 - 2025-04-01T17:10:30.679600, 0.0815846659270818, 0.0, -1.9965025285538829, 177.8886836877505, -49.55889600051656, -7.550884682860538, 0.0016000000400000006, -87.8886836877505
2025-04-01 17:10:31,039 - 2025-04-01T17:10:31.039705, 0.08242575483552717, 0.0, -1.9976612215451839, 178.59308368800077, -49.530215863612625, -7.513734451638323, 0.0016000000400000006, -88.59308368800077
2025-04-01 17:10:31,659 - 2025-04-01T17:10:31.659657, 0.08282533068536546, 0.0, -1.9958694796161591, 179.0972836881799, -49.51885853810289, -7.572827755066324, 0.0016000000400000006, -89.09728368817991
2025-04-01 17:10:32,039 - 2025-04-01T17:10:32.039673, 0.08341373449529232, 0.0, -1.989677244078289, 178.7841836880687, -49.505574856453784, -7.776286072592477, 0.0016000000400000006, -88.78418368806871
2025-04-01 17:10:32,099 - 2025-04-01T17:10:32.099610, 0.08411225110839382, 0.0, -1.9894981504122335, 179.34818368826907, -49.48286135694313, -7.782830386525819, 0.0016000000400000006, -89.34818368826907
2025-04-01 17:10:32,439 - 2025-04-01T17:10:32.439666, 0.08472122088846756, 0.0, -1.9889697984396277, 178.80708368807683, -49.463420014399155, -7.80073145021447, 0.0016000000400000006, -88.80708368807683
2025-04-01 17:10:32,939 - 2025-04-01T17:10:32.939772, 0.08498228632150484, 0.0, -1.9898763550234504, 179.38698368828284, -49.4539884692744, -7.771280886005687, 0.0016000000400000006, -89.38698368828284
2025-04-01 17:10:33,139 - 2025-04-01T17:10:33.139673, 0.08378571799997836, 0.0, -1.9900113522527492, 178.88778368810551, -49.49306332937277, -7.765699174387624, 0.0016000000400000006, -88.88778368810551
2025-04-01 17:10:33,739 - 2025-04-01T17:10:33.739624, 0.08117209917314128, 0.0, -1.9927716052534727, 178.38968368792854, -49.57602606114593, -7.672728948212865, 0.0016000000400000006, -88.38968368792854
2025-04-01 17:10:34,439 - 2025-04-01T17:10:34.439690, 0.08239625983982046, 0.0, -1.9905107579206889, 178.89808368810915, -49.53810540261883, -7.747990861463782, 0.0016000000400000006, -88.89808368810915
2025-04-01 17:10:34,659 - 2025-04-01T17:10:34.659665, 0.0832029866055417, 0.0, -1.9870684923984683, 178.33738368790998, -49.515005825824154, -7.86155778326264, 0.0016000000400000006, -88.33738368790998
2025-04-01 17:10:35,139 - 2025-04-01T17:10:35.139671, 0.08648752970032847, 0.0, -1.9862549958351754, 178.82818368808432, -49.40817539296904, -7.891392121737845, 0.0016000000400000006, -88.82818368808432
2025-04-01 17:10:35,179 - 2025-04-01T17:10:35.179616, 0.08765650567670313, 0.0, -1.988245848709362, 179.48528368831776, -49.367946331299386, -7.827293631723026, 0.0016000000400000006, -89.48528368831776
2025-04-01 17:10:35,279 - 2025-04-01T17:10:35.279650, 0.09389825348938752, 0.0, -1.9937176477044687, 179.34448368826773, -49.15813760211351, -7.654053426938515, 0.0016000000400000006, -89.34448368826773
2025-04-01 17:10:35,379 - 2025-04-01T17:10:35.379741, 0.09552118473743132, 0.0, -1.9962506487238376, 178.7655836880621, -49.10250978217138, -7.572630974020678, 0.0016000000400000006, -88.7655836880621
2025-04-01 17:10:35,539 - 2025-04-01T17:10:35.539716, 0.10056230235004548, 0.0, -1.9978213597780388, 179.1656836882042, -48.935816770092224, -7.52604747041046, 0.0016000000400000006, -89.16568368820421
2025-04-01 17:10:35,599 - 2025-04-01T17:10:35.599677, 0.10115125485101295, 0.0, -1.9995600762447476, 179.69178368839113, -48.914836300201706, -7.4696486474090715, 0.0016000000400000006, -89.69178368839114
2025-04-01 17:10:37,579 - 2025-04-01T17:10:37.579639, 0.10632817496139912, 0.0, -1.995741765339298, 179.54038368833736, -48.7489114124098, -7.599767953297238, 0.0016000000400000006, -89.54038368833737
2025-04-01 17:10:42,759 - 2025-04-01T17:10:42.759784, 0.111439627396408, 0.0, -1.9933432128581872, 179.55828368834372, -48.58375695192274, -7.683305482838428, 0.0016000000400000006, -89.55828368834374
2025-04-01 17:14:01,760 - 2025-04-01T17:14:01.760668, 0.11646559487693198, 0.0, -1.9946314872407296, 179.6472836883753, -48.41783379139403, -7.645961349342569, 0.0016000000400000006, -89.6472836883753
2025-04-01 17:16:20,120 - 2025-04-01T17:16:20.120909, 0.11620668867188177, 0.0, -1.9884847020991299, 179.54578368833924, -48.432268220088005, -7.84711011221735, 0.0016000000400000006, -89.54578368833924
2025-04-01 17:16:20,180 - 2025-04-01T17:16:20.180778, 0.11660842374970848, 0.0, -1.9814527316123287, 179.4217836882952, -48.42591377814745, -8.077901614311335, 0.0016000000400000006, -89.42178368829519
2025-04-01 17:16:20,220 - 2025-04-01T17:16:20.220664, 0.11687786951726498, 0.0, -1.9759149162508034, 179.25078368823446, -48.422447143152745, -8.259609034642134, 0.0016000000400000006, -89.25078368823446
2025-04-01 17:16:20,260 - 2025-04-01T17:16:20.260633, 0.11690897504991904, 0.0, -1.969894199312943, 179.15418368820016, -48.427257275957125, -8.4569079640102, 0.0016000000400000006, -89.15418368820016
2025-04-01 17:16:20,303 - 2025-04-01T17:16:20.303873, 0.11746707859566508, 0.0, -1.963137090431755, 178.92228368811774, -48.415513297408936, -8.678845021765085, 0.0016000000400000006, -88.92228368811774
2025-04-01 17:16:20,340 - 2025-04-01T17:16:20.340371, 0.11751333426040977, 0.0, -1.9573988101655537, 178.7717836880643, -48.41955357866285, -8.866904581018778, 0.0016000000400000006, -88.77178368806429
2025-04-01 17:16:20,381 - 2025-04-01T17:16:20.381168, 0.11789369809961459, 0.0, -1.9512885463946663, 178.52418368797635, -48.4130069617119, -9.067475667353493, 0.0016000000400000006, -88.52418368797635
2025-04-01 17:16:20,420 - 2025-04-01T17:16:20.420592, 0.11807359703414377, 0.0, -1.9454014727265898, 178.41648368793807, -48.41281248368385, -9.260539837439632, 0.0016000000400000006, -88.41648368793807
2025-04-01 17:16:20,460 - 2025-04-01T17:16:20.460659, 0.1184994112696196, 0.0, -1.9401385189706783, 178.2541836878804, -48.40395631208152, -9.433392813431293, 0.0016000000400000006, -88.25418368788041
2025-04-01 17:16:20,500 - 2025-04-01T17:16:20.500849, 0.11857596719854469, 0.0, -1.934965112047794, 177.97348368778066, -48.40645689023451, -9.602973632456305, 0.0016000000400000006, -87.97348368778066
2025-04-01 17:16:20,560 - 2025-04-01T17:16:20.560822, 0.11920089237918274, 0.0, -1.9281336064656691, 177.9002836877546, -48.392595532045355, -9.827412995627373, 0.0016000000400000006, -87.90028368775461
2025-04-01 17:16:20,620 - 2025-04-01T17:16:20.620865, 0.11953580582211698, 0.0, -1.9211760326798046, 177.66768368767197, -48.38835846974578, -10.055702192305173, 0.0016000000400000006, -87.66768368767197
2025-04-01 17:16:20,680 - 2025-04-01T17:16:20.680360, 0.12016073100275504, 0.0, -1.9143445270976795, 177.3990836875765, -48.374497111556636, -10.28014155547625, 0.0016000000400000006, -87.3990836875765
2025-04-01 17:16:20,720 - 2025-04-01T17:16:20.720631, 0.12044532690240128, 0.0, -1.909089148407813, 177.34918368755876, -48.37026062501148, -10.45260960569269, 0.0016000000400000006, -87.34918368755876
2025-04-01 17:16:20,781 - 2025-04-01T17:16:20.781487, 0.12109162332166035, 0.0, -1.901335936109775, 177.08008368746312, -48.35659144183275, -10.707269384623014, 0.0016000000400000006, -87.08008368746312
2025-04-01 17:16:20,820 - 2025-04-01T17:16:20.820622, 0.1217027523297225, 0.0, -1.8955673555793928, 176.91548368740462, -48.34215298285795, -10.89686864697765, 0.0016000000400000006, -86.91548368740462
2025-04-01 17:16:20,862 - 2025-04-01T17:16:20.862549, 0.12197977316332409, 0.0, -1.8901707585536967, 176.77428368735443, -48.338301422088016, -11.07395638225127, 0.0016000000400000006, -86.77428368735443
2025-04-01 17:16:20,901 - 2025-04-01T17:16:20.901619, 0.12253165560253887, 0.0, -1.884617793060081, 176.5671836872808, -48.32559541697897, -11.256433654132532, 0.0016000000400000006, -86.56718368728079
2025-04-01 17:16:20,941 - 2025-04-01T17:16:20.941076, 0.12278595123800562, 0.0, -1.8787975410268973, 176.38648368721653, -48.322898633534706, -11.447380444577663, 0.0016000000400000006, -86.38648368721653
2025-04-01 17:16:20,980 - 2025-04-01T17:16:20.980565, 0.12341223037815707, 0.0, -1.8733113971681732, 176.27538368717703, -48.307690323009474, -11.627740336817967, 0.0016000000400000006, -86.27538368717703
2025-04-01 17:16:21,020 - 2025-04-01T17:16:21.020872, 0.12396411281737274, 0.0, -1.8677584316745581, 176.15598368713455, -48.29498431790041, -11.810217608699203, 0.0016000000400000006, -86.15598368713455
2025-04-01 17:16:21,061 - 2025-04-01T17:16:21.061049, 0.12474676042544486, 0.0, -1.8625471494214478, 176.01808368708552, -48.2743864707675, -11.981723056600377, 0.0016000000400000006, -86.01808368708554
2025-04-01 17:16:21,100 - 2025-04-01T17:16:21.100812, 0.12514984946278496, 0.0, -1.8568605406580478, 175.98438368707355, -48.26668507649087, -12.168435087763584, 0.0016000000400000006, -85.98438368707355
2025-04-01 17:16:21,140 - 2025-04-01T17:16:21.140853, 0.12570930696804572, 0.0, -1.8514487935002624, 175.84908368702543, -48.25359414560657, -12.34629267458764, 0.0016000000400000006, -85.84908368702543
2025-04-01 17:16:21,180 - 2025-04-01T17:16:21.180519, 0.1262611894072605, 0.0, -1.845895828006646, 175.77398368699872, -48.240888140497525, -12.528769946468916, 0.0016000000400000006, -85.77398368699872
2025-04-01 17:16:21,220 - 2025-04-01T17:16:21.220425, 0.12654578530690674, 0.0, -1.8406404493167792, 175.7289836869827, -48.23665165395238, -12.701237996685364, 0.0016000000400000006, -85.7289836869827
2025-04-01 17:16:21,280 - 2025-04-01T17:16:21.280605, 0.12727405349314846, 0.0, -1.8330952769894622, 175.5718836869268, -48.2200952395822, -12.949160710917551, 0.0016000000400000006, -85.57188368692681
2025-04-01 17:16:21,321 - 2025-04-01T17:16:21.321024, 0.1278927575672557, 0.0, -1.82746791479491, 175.47398368689198, -48.205271854832176, -13.134140288214994, 0.0016000000400000006, -85.47398368689198
2025-04-01 17:16:21,360 - 2025-04-01T17:16:21.360574, 0.12837781837157847, 0.0, -1.8219893460022314, 175.4661836868892, -48.194683229364095, -13.314115254680049, 0.0016000000400000006, -85.4661836868892
2025-04-01 17:16:21,401 - 2025-04-01T17:16:21.401922, 0.1291377407815153, 0.0, -1.8163544087416335, 175.38928368686186, -48.175240159556886, -13.49947975775274, 0.0016000000400000006, -85.38928368686186
2025-04-01 17:16:21,440 - 2025-04-01T17:16:21.440639, 0.12977159498771274, 0.0, -1.8110094832187396, 175.31628368683587, -48.159646923256396, -13.675219964935838, 0.0016000000400000006, -85.31628368683587
2025-04-01 17:16:21,481 - 2025-04-01T17:16:21.481078, 0.1302642308580806, 0.0, -1.8056721327618899, 175.21448368679964, -48.14867337201309, -13.850575246343736, 0.0016000000400000006, -85.21448368679964
2025-04-01 17:16:21,520 - 2025-04-01T17:16:21.520834, 0.13088293493218783, 0.0, -1.8000447705673368, 175.13578368677165, -48.13384998726307, -14.035554823641199, 0.0016000000400000006, -85.13578368677165
2025-04-01 17:16:21,561 - 2025-04-01T17:16:21.561145, 0.13150163900629508, 0.0, -1.7944174083727846, 175.07038368674836, -48.11902660251304, -14.220534400938634, 0.0016000000400000006, -85.07038368674836
2025-04-01 17:16:21,602 - 2025-04-01T17:16:21.602799, 0.1318151812106083, 0.0, -1.7883815413028334, 174.95138368670598, -48.114597365203046, -14.418603181857177, 0.0016000000400000006, -84.95138368670598
2025-04-01 17:16:21,640 - 2025-04-01T17:16:21.640572, 0.1325826786865898, 0.0, -1.7828878223780649, 174.91878368669438, -48.09476936962062, -14.599347999872691, 0.0016000000400000006, -84.91878368669438
2025-04-01 17:16:21,680 - 2025-04-01T17:16:21.680521, 0.1332013827606966, 0.0, -1.7772604601835118, 174.88018368668065, -48.079945984870605, -14.784327577170153, 0.0016000000400000006, -84.88018368668067
2025-04-01 17:16:21,721 - 2025-04-01T17:16:21.721020, 0.13361962193012733, 0.0, -1.7718562880917705, 174.80508368665394, -48.07147473904351, -14.96180023821901, 0.0016000000400000006, -84.80508368665394
2025-04-01 17:16:21,760 - 2025-04-01T17:16:21.760277, 0.13411983286654072, 0.0, -1.7666601559707509, 174.8482836866693, -48.06011626202496, -15.132535834569705, 0.0016000000400000006, -84.8482836866693
2025-04-01 17:16:21,800 - 2025-04-01T17:16:21.800774, 0.1344120038322325, 0.0, -1.7615459956167139, 174.90068368668796, -48.05549484970456, -15.300384199728967, 0.0016000000400000006, -84.90068368668796
2025-04-01 17:16:21,843 - 2025-04-01T17:16:21.843001, 0.13462977809698717, 0.0, -1.7563650136277844, 174.82418368666072, -48.05337574280037, -15.470349944529207, 0.0016000000400000006, -84.82418368666072
2025-04-01 17:16:21,881 - 2025-04-01T17:16:21.881287, 0.13512998903340057, 0.0, -1.7511688815067648, 174.83718368666536, -48.04201726578182, -15.641085540879905, 0.0016000000400000006, -84.83718368666536
2025-04-01 17:16:21,943 - 2025-04-01T17:16:21.943299, 0.13605114705827326, 0.0, -1.7432593007408066, 174.79038368664868, -48.01949363826396, -15.90113485641788, 0.0016000000400000006, -84.79038368664868
2025-04-01 17:16:21,980 - 2025-04-01T17:16:21.980575, 0.13661817962957867, 0.0, -1.7379887719188503, 174.7390836866304, -48.00601778160445, -16.07437275818477, 0.0016000000400000006, -84.73908368663041
2025-04-01 17:16:22,020 - 2025-04-01T17:16:22.020365, 0.13711839056599207, 0.0, -1.7327926397978306, 174.79818368665147, -47.9946593045859, -16.245108354535468, 0.0016000000400000006, -84.79818368665147
2025-04-01 17:16:22,060 - 2025-04-01T17:16:22.060608, 0.13783421653917172, 0.0, -1.7276557542456574, 174.85928368667322, -47.97617883709399, -16.41411149702044, 0.0016000000400000006, -84.85928368667322
2025-04-01 17:16:22,100 - 2025-04-01T17:16:22.100569, 0.13820078420580062, 0.0, -1.722608415526512, 174.84528368666824, -47.9690551193574, -16.579842482538737, 0.0016000000400000006, -84.84528368666825
2025-04-01 17:16:22,140 - 2025-04-01T17:16:22.140852, 0.13861902337523135, 0.0, -1.7172042434347707, 174.90748368669037, -47.9605838735303, -16.757315143587594, 0.0016000000400000006, -84.90748368669037
2025-04-01 17:16:22,184 - 2025-04-01T17:16:22.184049, 0.13922257731724885, 0.0, -1.7112944445685594, 174.9490836867052, -47.94653034033071, -16.951534090999402, 0.0016000000400000006, -84.9490836867052
2025-04-01 17:16:22,220 - 2025-04-01T17:16:22.220380, 0.13992325315833787, 0.0, -1.705875122344728, 174.95728368670808, -47.928819724389264, -17.129776603598707, 0.0016000000400000006, -84.95728368670808
2025-04-01 17:16:22,260 - 2025-04-01T17:16:22.260434, 0.140467560531508, 0.0, -1.7001809385152828, 174.91188368669194, -47.916498645055434, -17.31687356053714, 0.0016000000400000006, -84.91188368669194
2025-04-01 17:16:22,300 - 2025-04-01T17:16:22.300881, 0.14054411646043308, 0.0, -1.695007531592399, 175.049683686741, -47.91899922320843, -17.486454379562144, 0.0016000000400000006, -85.049683686741
2025-04-01 17:16:22,341 - 2025-04-01T17:16:22.341597, 0.14101402713266564, 0.0, -1.6892465261280618, 174.90008368668774, -47.90918044929081, -17.675668716141544, 0.0016000000400000006, -84.90008368668775
2025-04-01 17:16:22,381 - 2025-04-01T17:16:22.381392, 0.14141711617000663, 0.0, -1.6835599173646623, 174.94708368670447, -47.90147905501414, -17.862380747304737, 0.0016000000400000006, -84.94708368670447
2025-04-01 17:16:22,420 - 2025-04-01T17:16:22.420572, 0.1416714118054725, 0.0, -1.6777396653314778, 174.93248368669927, -47.898782271569914, -18.0533275377499, 0.0016000000400000006, -84.93248368669927
2025-04-01 17:16:22,460 - 2025-04-01T17:16:22.460525, 0.14214132247770506, 0.0, -1.6719786598671407, 174.886783686683, -47.8889634976523, -18.24254187432931, 0.0016000000400000006, -84.886783686683
2025-04-01 17:16:22,500 - 2025-04-01T17:16:22.500805, 0.1430059418527594, 0.0, -1.6669754175847524, 175.01598368672902, -47.86547841932797, -18.407310257532313, 0.0016000000400000006, -85.01598368672902
2025-04-01 17:16:22,560 - 2025-04-01T17:16:22.560572, 0.14338495173244992, 0.0, -1.6595197920904625, 174.98718368671874, -47.860278754713136, -18.65196081479785, 0.0016000000400000006, -84.98718368671874
2025-04-01 17:16:22,600 - 2025-04-01T17:16:22.600866, 0.1435875758651144, 0.0, -1.6540563734298748, 175.07458368674986, -47.8589294993594, -18.831165929712427, 0.0016000000400000006, -85.07458368674986
2025-04-01 17:16:22,640 - 2025-04-01T17:16:22.640625, 0.14428067664015876, 0.0, -1.6484958328702142, 175.10938368676227, -47.84160380919317, -19.01402812736891, 0.0016000000400000006, -85.10938368676227
2025-04-01 17:16:22,682 - 2025-04-01T17:16:22.681993, 0.1446913407435444, 0.0, -1.6429504424426433, 175.164883686782, -47.8335174891413, -19.196120473474945, 0.0016000000400000006, -85.16488368678199
2025-04-01 17:16:22,720 - 2025-04-01T17:16:22.720440, 0.14523564811671452, 0.0, -1.6372562586131987, 175.24228368680951, -47.82119640980746, -19.383217430413367, 0.0016000000400000006, -85.24228368680953
2025-04-01 17:16:22,760 - 2025-04-01T17:16:22.760514, 0.1456538872861448, 0.0, -1.631852086521457, 175.30308368683114, -47.812725163980375, -19.560690091462234, 0.0016000000400000006, -85.30308368683114
2025-04-01 17:16:22,800 - 2025-04-01T17:16:22.800942, 0.1463697132593249, 0.0, -1.6267152009692847, 175.44138368688039, -47.79424469648844, -19.72969323394718, 0.0016000000400000006, -85.44138368688039
2025-04-01 17:16:22,841 - 2025-04-01T17:16:22.841542, 0.14645384425429553, 0.0, -1.62168301238223, 175.46348368688822, -47.796360348866195, -19.89465436791501, 0.0016000000400000006, -85.46348368688822
2025-04-01 17:16:22,881 - 2025-04-01T17:16:22.881160, 0.1467976867227887, 0.0, -1.6162120186555966, 175.52868368691142, -47.7903914084553, -20.074244408604834, 0.0016000000400000006, -85.52868368691142
2025-04-01 17:16:22,920 - 2025-04-01T17:16:22.920523, 0.14733441902991373, 0.0, -1.6103766164903224, 175.5937836869346, -47.7784552548967, -20.265961050600435, 0.0016000000400000006, -85.59378368693459
2025-04-01 17:16:22,960 - 2025-04-01T17:16:22.960706, 0.14725460649091904, 0.0, -1.604928347961824, 175.59728368693587, -47.78634536965733, -20.444396313964585, 0.0016000000400000006, -85.59728368693587
2025-04-01 17:16:23,001 - 2025-04-01T17:16:23.001583, 0.14796285739805404, 0.0, -1.599650244073822, 175.66358368695944, -47.768249827940636, -20.618019141506718, 0.0016000000400000006, -85.66358368695944
2025-04-01 17:16:23,041 - 2025-04-01T17:16:23.041255, 0.14839624669957496, 0.0, -1.5945285086537395, 175.71908368697916, -47.759008730563075, -20.786252432441213, 0.0016000000400000006, -85.71908368697916
2025-04-01 17:16:23,081 - 2025-04-01T17:16:23.081386, 0.14895570420483528, 0.0, -1.5891167614959536, 175.66988368696164, -47.745917799678786, -20.964110019265284, 0.0016000000400000006, -85.66988368696164
2025-04-01 17:16:23,120 - 2025-04-01T17:16:23.120840, 0.14944076500915804, 0.0, -1.5836381927032752, 175.7253836869814, -47.73532917421071, -21.144084985730338, 0.0016000000400000006, -85.72538368698139
2025-04-01 17:16:23,160 - 2025-04-01T17:16:23.160543, 0.1496433891418225, 0.0, -1.578174774042687, 175.746683686989, -47.733979918856974, -21.323290100644932, 0.0016000000400000006, -85.746683686989
2025-04-01 17:16:23,201 - 2025-04-01T17:16:23.201185, 0.15021042171312793, 0.0, -1.5729042452207302, 175.75468368699183, -47.72050406219746, -21.49652800241183, 0.0016000000400000006, -85.75468368699183
2025-04-01 17:16:23,240 - 2025-04-01T17:16:23.240628, 0.15047986748068443, 0.0, -1.5673664298592054, 175.77358368699853, -47.717037427202754, -21.678235422742606, 0.0016000000400000006, -85.77358368699853
2025-04-01 17:16:23,280 - 2025-04-01T17:16:23.280608, 0.15075688831428602, 0.0, -1.5619698328335092, 175.80728368701054, -47.713185866432816, -21.855323158016233, 0.0016000000400000006, -85.80728368701054
2025-04-01 17:16:23,320 - 2025-04-01T17:16:23.320890, 0.15124952418465387, 0.0, -1.55663248237666, 175.94828368706067, -47.70221231518951, -22.03067843942412, 0.0016000000400000006, -85.94828368706067
2025-04-01 17:16:23,360 - 2025-04-01T17:16:23.360618, 0.15160851678523768, 0.0, -1.5514439253216854, 175.94188368705844, -47.69547352322815, -22.201029109999585, 0.0016000000400000006, -85.94188368705844
2025-04-01 17:16:23,401 - 2025-04-01T17:16:23.400991, 0.15173674421696504, 0.0, -1.5459136850262052, 175.97778368707122, -47.696626573290615, -22.38235160455515, 0.0016000000400000006, -85.97778368707122
2025-04-01 17:16:23,460 - 2025-04-01T17:16:23.460763, 0.15263030989668502, 0.0, -1.5401299543637323, 176.05348368709812, -47.67294874420149, -22.57272071846026, 0.0016000000400000006, -86.05348368709812
2025-04-01 17:16:23,560 - 2025-04-01T17:16:23.560660, 0.15298930249726927, 0.0, -1.5349413973087582, 176.1071836871172, -47.66620995224011, -22.743071389035716, 0.0016000000400000006, -86.10718368711721
2025-04-01 17:16:23,680 - 2025-04-01T17:16:23.680769, 0.15298388665921214, 0.0, -1.5295599504151522, 176.1847836871448, -47.67159776158453, -22.91938927275888, 0.0016000000400000006, -86.18478368714482
2025-04-01 17:16:23,781 - 2025-04-01T17:16:23.781056, 0.153497893768201, 0.0, -1.5233008932423902, 176.306183687188, -47.66081638535165, -23.124964969926012, 0.0016000000400000006, -86.306183687188
2025-04-01 17:16:23,861 - 2025-04-01T17:16:23.861085, 0.15304609772452027, 0.0, -1.5175185165394316, 176.5278836872668, -47.681218027193296, -23.31398713149501, 0.0016000000400000006, -86.52788368726681
2025-04-01 17:16:36,541 - 2025-04-01T17:16:36.541023, 0.15220094693753294, 0.0, -1.5123237383779262, 176.94178368741396, -47.71393902110551, -23.483375775509607, 0.0016000000400000006, -86.94178368741396
2025-04-01 17:16:36,621 - 2025-04-01T17:16:36.621014, 0.15155139390820382, 0.0, -1.5094552752245822, 177.45288368759566, -47.73799889719788, -23.57673207896842, 0.0016000000400000006, -87.45288368759566
2025-04-01 17:16:36,700 - 2025-04-01T17:16:36.700406, 0.15146671422219304, 0.0, -1.5065565118070583, 177.99798368778934, -47.74358003306152, -23.671628085528138, 0.0016000000400000006, -87.99798368778936
2025-04-01 17:16:36,800 - 2025-04-01T17:16:36.800740, 0.15066836779099013, 0.0, -1.5035544053839307, 178.50628368796993, -47.77264451998628, -23.769219148268874, 0.0016000000400000006, -88.50628368796993
2025-04-01 17:16:36,880 - 2025-04-01T17:16:36.880444, 0.15027095116913936, 0.0, -1.500105918755179, 179.03918368815928, -47.78900472906521, -23.881824043506857, 0.0016000000400000006, -89.03918368815928
2025-04-01 17:16:36,940 - 2025-04-01T17:16:36.940493, 0.14953807241331463, 0.0, -1.4956840539077123, 179.74338368840944, -47.817298788685086, -24.0259968825946, 0.0016000000400000006, -89.74338368840944
2025-04-01 17:16:36,960 - 2025-04-01T17:16:36.960958, 0.14901594154723963, 0.0, -1.4938709407400665, -179.94921631148134, -47.83616187893461, -24.084898011012193, 0.0016000000400000006, 269.94921631148134
2025-04-01 17:16:37,002 - 2025-04-01T17:16:37.002392, 0.1484318561932887, 0.0, -1.4895827191623843, -179.27651631124235, -47.859451327722105, -24.224836090817984, 0.0016000000400000006, 269.27651631124235
2025-04-01 17:16:37,040 - 2025-04-01T17:16:37.040465, 0.14746063720256197, 0.0, -1.4846779527385827, -178.51171631097068, -47.896022155141054, -24.384600438942996, 0.0016000000400000006, 268.51171631097066
2025-04-01 17:16:37,080 - 2025-04-01T17:16:37.080354, 0.14625865304297747, 0.0, -1.4794315030742755, -177.65081631066477, -47.94048482458387, -24.555336611048105, 0.0016000000400000006, 267.65081631066477
2025-04-01 17:16:37,120 - 2025-04-01T17:16:37.120686, 0.1447363568815092, 0.0, -1.4734941118629115, -176.6739163103175, -47.99611149301717, -24.748401356888646, 0.0016000000400000006, 266.6739163103175
2025-04-01 17:16:37,160 - 2025-04-01T17:16:37.160897, 0.14280555584464283, 0.0, -1.4678618825213423, -175.67621630996268, -48.064827365071544, -24.931071955289113, 0.0016000000400000006, 265.6762163099627
2025-04-01 17:16:37,180 - 2025-04-01T17:16:37.180493, 0.14165037604084407, 0.0, -1.4648081045954129, -175.13981630977187, -48.105633527526855, -25.03001054612037, 0.0016000000400000006, 265.13981630977185
2025-04-01 17:16:37,220 - 2025-04-01T17:16:37.220839, 0.14021005164635802, 0.0, -1.4590787533547704, -174.1541163094209, -48.15837296476873, -25.216338227262757, 0.0016000000400000006, 264.15411630942094
2025-04-01 17:16:37,261 - 2025-04-01T17:16:37.261238, 0.13904458885748516, 0.0, -1.4531930336462087, -173.29711630911558, -48.20225795767149, -25.408055445012767, 0.0016000000400000006, 263.2971163091156
2025-04-01 17:16:37,301 - 2025-04-01T17:16:37.301406, 0.1372033346536461, 0.0, -1.4479100626111898, -172.40921630879893, -48.26770167275921, -25.579369293657926, 0.0016000000400000006, 262.40921630879893
2025-04-01 17:16:37,320 - 2025-04-01T17:16:37.320355, 0.13650211012151647, 0.0, -1.445398432830443, -171.9213163086248, -48.29310907694205, -25.660983921586148, 0.0016000000400000006, 261.9213163086248
2025-04-01 17:16:37,341 - 2025-04-01T17:16:37.341185, 0.1354667774149254, 0.0, -1.443258786554381, -171.395316308437, -48.32910337932978, -25.730087022433395, 0.0016000000400000006, 261.39531630843703
2025-04-01 17:16:37,380 - 2025-04-01T17:16:37.380466, 0.13430266858556728, 0.0, -1.4387184285692207, -170.54761630813397, -48.37164141989643, -25.877724769252616, 0.0016000000400000006, 260.54761630813397
2025-04-01 17:16:37,421 - 2025-04-01T17:16:37.421128, 0.13240974287892637, 0.0, -1.4337922909067977, -169.64191630780982, -48.43843266307466, -26.03729694236722, 0.0016000000400000006, 259.6419163078098
2025-04-01 17:16:37,461 - 2025-04-01T17:16:37.461101, 0.13041347416668225, 0.0, -1.4295798199895668, -168.79481630750618, -48.507918962433905, -26.17338576442072, 0.0016000000400000006, 258.79481630750615
2025-04-01 17:16:37,480 - 2025-04-01T17:16:37.480643, 0.1293781414600912, 0.0, -1.4274401737135056, -168.29061630732528, -48.54391326482164, -26.242488865267937, 0.0016000000400000006, 258.2906163073253
2025-04-01 17:16:37,520 - 2025-04-01T17:16:37.520500, 0.12664548080452054, 0.0, -1.4227007047831832, -167.4400163070197, -48.63803769256766, -26.395131798673976, 0.0016000000400000006, 257.44001630701973
2025-04-01 17:16:37,540 - 2025-04-01T17:16:37.540365, 0.12574379136771352, 0.0, -1.4204122651052473, -166.93651630683857, -48.66979723567345, -26.46923951035361, 0.0016000000400000006, 256.9365163068386
2025-04-01 17:16:37,580 - 2025-04-01T17:16:37.580497, 0.1231964454847283, 0.0, -1.4151671694004544, -166.04841630651867, -48.75833937604703, -26.638628730122612, 0.0016000000400000006, 256.04841630651873
2025-04-01 17:16:37,620 - 2025-04-01T17:16:37.620808, 0.12124427320924092, 0.0, -1.410456646774799, -165.2770163062403, -48.82686307309099, -26.791078912763812, 0.0016000000400000006, 255.2770163062403
2025-04-01 17:16:37,660 - 2025-04-01T17:16:37.660678, 0.11970953483471014, 0.0, -1.406927542338579, -164.6212163060033, -48.88056568840257, -26.905224086857125, 0.0016000000400000006, 254.6212163060033
2025-04-01 17:16:37,720 - 2025-04-01T17:16:37.720278, 0.11841800384209877, 0.0, -1.4013318343677206, -164.31151630589122, -48.92830051481204, -27.08731700871757, 0.0016000000400000006, 254.31151630589125
2025-04-01 17:16:37,780 - 2025-04-01T17:16:37.780465, 0.11577353606004026, 0.0, -1.3955962620205478, -164.00591630578054, -49.02049973792753, -27.27268266329907, 0.0016000000400000006, 254.00591630578057
2025-04-01 17:16:37,840 - 2025-04-01T17:16:37.840907, 0.11329165785243234, 0.0, -1.3889314078914161, -163.54351630561294, -49.108271450996256, -27.488653659415064, 0.0016000000400000006, 253.54351630561294
2025-04-01 17:16:37,901 - 2025-04-01T17:16:37.900985, 0.11047431751084957, 0.0, -1.3812931755435693, -163.003616305417, -49.20797701460596, -27.73619259938083, 0.0016000000400000006, 253.003616305417
2025-04-01 17:16:37,961 - 2025-04-01T17:16:37.960998, 0.10853458744842426, 0.0, -1.374174366142769, -162.72481630531576, -49.27842476477166, -27.967562353769285, 0.0016000000400000006, 252.72481630531576
2025-04-01 17:16:38,004 - 2025-04-01T17:16:38.004735, 0.10923526328951416, 0.0, -1.368755043918938, -163.07151630544166, -49.26071414883018, -28.145804866368582, 0.0016000000400000006, 253.07151630544166
2025-04-01 17:16:38,061 - 2025-04-01T17:16:38.061660, 0.10673201384328479, 0.0, -1.36301189650572, -162.94721630539655, -49.34829368688852, -28.3315554467253, 0.0016000000400000006, 252.94721630539658
2025-04-01 17:16:38,120 - 2025-04-01T17:16:38.120461, 0.10293372021694225, 0.0, -1.3555679079560186, -162.75281630532592, -49.4799521201232, -28.57178022120728, 0.0016000000400000006, 252.75281630532592
2025-04-01 17:16:38,161 - 2025-04-01T17:16:38.161750, 0.10167871059504208, 0.0, -1.3493329299409056, -162.63031630528138, -49.527109269992614, -28.774854188712638, 0.0016000000400000006, 252.63031630528138
2025-04-01 17:16:38,201 - 2025-04-01T17:16:38.200987, 0.09935320085535349, 0.0, -1.3429429374173876, -162.68551630530146, -49.609491446453724, -28.98197074048951, 0.0016000000400000006, 252.6855163053015
2025-04-01 17:16:38,240 - 2025-04-01T17:16:38.240365, 0.09698981578543986, 0.0, -1.335846853214723, -162.7222163053148, -49.69379825179096, -29.21218571755226, 0.0016000000400000006, 252.7222163053148
2025-04-01 17:16:38,280 - 2025-04-01T17:16:38.280588, 0.09515478268813204, 0.0, -1.329359738792132, -162.85191630536193, -49.76020399343954, -29.42295935207103, 0.0016000000400000006, 252.85191630536195
2025-04-01 17:16:38,320 - 2025-04-01T17:16:38.320649, 0.09334247478895952, 0.0, -1.3232962793770295, -162.98301630540954, -49.82545495776243, -29.619873931418265, 0.0016000000400000006, 252.98301630540954
2025-04-01 17:16:38,360 - 2025-04-01T17:16:38.360615, 0.09152259182374234, 0.0, -1.3170916016260978, -163.06201630543825, -49.89109084786054, -29.82140819582267, 0.0016000000400000006, 253.06201630543825
2025-04-01 17:16:38,401 - 2025-04-01T17:16:38.401451, 0.08973300912270465, 0.0, -1.3114517972184827, -163.31761630553098, -49.955187034857765, -30.004463719998395, 0.0016000000400000006, 253.31761630553095
2025-04-01 17:16:38,460 - 2025-04-01T17:16:38.460681, 0.08750326732257507, 0.0, -1.3042069196139439, -163.37001630555005, -50.03525908091306, -30.239683307893543, 0.0016000000400000006, 253.37001630555005
2025-04-01 17:16:38,502 - 2025-04-01T17:16:38.502699, 0.08638325492997367, 0.0, -1.2991685099203578, -163.65961630565508, -50.076834519164414, -30.403682415300516, 0.0016000000400000006, 253.65961630565508
2025-04-01 17:16:38,560 - 2025-04-01T17:16:38.560832, 0.08395304822516758, 0.0, -1.2921468224186308, -164.03631630579156, -50.163258704142635, -30.631395086947048, 0.0016000000400000006, 254.03631630579156
2025-04-01 17:16:38,600 - 2025-04-01T17:16:38.600831, 0.08230468385995993, 0.0, -1.286499442944971, -164.37901630591566, -50.22273520608266, -30.814835536897988, 0.0016000000400000006, 254.37901630591566
2025-04-01 17:16:38,642 - 2025-04-01T17:16:38.642021, 0.08145953307297171, 0.0, -1.2813046647834652, -164.76431630605506, -50.25545619999491, -30.9842241809126, 0.0016000000400000006, 254.76431630605506
2025-04-01 17:16:38,701 - 2025-04-01T17:16:38.701492, 0.08007710128781875, 0.0, -1.2740143367826553, -165.3387163062626, -50.30781013570713, -31.221753323459133, 0.0016000000400000006, 255.3387163062626
2025-04-01 17:16:38,740 - 2025-04-01T17:16:38.740507, 0.07923952556687519, 0.0, -1.2689607769569786, -165.91171630646937, -50.340146203844164, -31.386522282416575, 0.0016000000400000006, 255.91171630646937
2025-04-01 17:16:38,780 - 2025-04-01T17:16:38.780873, 0.0786768114515457, 0.0, -1.2637508486633835, -166.54341630669705, -50.36362782764206, -31.556680777981608, 0.0016000000400000006, 256.54341630669705
2025-04-01 17:16:38,821 - 2025-04-01T17:16:38.821173, 0.07795015380225179, 0.0, -1.2581248404283452, -167.29741630696842, -50.39288391382281, -31.740313402942963, 0.0016000000400000006, 257.29741630696844
2025-04-01 17:16:38,862 - 2025-04-01T17:16:38.861779, 0.07758790459159881, 0.0, -1.2526917220319378, -168.0664163072448, -50.41001339869778, -31.917978814756626, 0.0016000000400000006, 258.0664163072448
2025-04-01 17:16:38,901 - 2025-04-01T17:16:38.901138, 0.07735172358468434, 0.0, -1.2469685918978257, -168.86331630753077, -50.42329305006606, -32.105268522459895, 0.0016000000400000006, 258.8633163075308
2025-04-01 17:16:38,921 - 2025-04-01T17:16:38.921915, 0.07741583730054735, 0.0, -1.2442034717500858, -169.41031630772684, -50.42386957509731, -32.195929769737674, 0.0016000000400000006, 259.4103163077268
2025-04-01 17:16:38,962 - 2025-04-01T17:16:38.962326, 0.07710525959269665, 0.0, -1.238413519981083, -170.38541630807595, -50.43965153188176, -32.385336857081874, 0.0016000000400000006, 260.38541630807595
2025-04-01 17:16:39,000 - 2025-04-01T17:16:39.000596, 0.0775372949347033, 0.0, -1.2319464228375985, -171.44231630845374, -50.4317573868403, -32.59764961894719, 0.0016000000400000006, 261.44231630845377
2025-04-01 17:16:39,021 - 2025-04-01T17:16:39.021153, 0.07814355679574936, 0.0, -1.2287273474181903, -171.9843163086473, -50.4150099489685, -32.7037096244974, 0.0016000000400000006, 261.9843163086473
2025-04-01 17:16:39,060 - 2025-04-01T17:16:39.060625, 0.08293821041637539, 0.0, -1.2217429865556477, -172.78701630893372, -50.26467541870505, -32.9371944555092, 0.0016000000400000006, 262.78701630893374
2025-04-01 17:16:39,080 - 2025-04-01T17:16:39.080762, 0.0825345726879938, 0.0, -1.2194986433144686, -173.37221630914235, -50.28007360122311, -33.010339564873554, 0.0016000000400000006, 263.37221630914235
2025-04-01 17:16:39,121 - 2025-04-01T17:16:39.121156, 0.08405983334592415, 0.0, -1.2136102156868778, -174.0928163093991, -50.235799652264284, -33.20475068729579, 0.0016000000400000006, 264.0928163093991
2025-04-01 17:16:39,141 - 2025-04-01T17:16:39.141016, 0.08468882040510506, 0.0, -1.2108147952749575, -174.73471630962766, -50.21789743706682, -33.29695163767448, 0.0016000000400000006, 264.73471630962763
2025-04-01 17:16:39,160 - 2025-04-01T17:16:39.160617, 0.08497612422378031, 0.0, -1.2082501400318932, -175.25981630981454, -50.210967045849436, -33.38126074602936, 0.0016000000400000006, 265.25981630981454
2025-04-01 17:16:39,182 - 2025-04-01T17:16:39.182555, 0.0855307145820241, 0.0, -1.2053878979850805, -175.8690163100313, -50.19556713606817, -33.47557907604904, 0.0016000000400000006, 265.86901631003127
2025-04-01 17:16:39,200 - 2025-04-01T17:16:39.200613, 0.08616727670725055, 0.0, -1.2027336959089894, -176.5587163102766, -50.17727999509547, -33.563160341370555, 0.0016000000400000006, 266.5587163102766
2025-04-01 17:16:39,221 - 2025-04-01T17:16:39.221276, 0.0869450571683057, 0.0, -1.2000719187668532, -177.22911631051488, -50.1543731690656, -33.65112653246731, 0.0016000000400000006, 267.2291163105149
2025-04-01 17:16:39,241 - 2025-04-01T17:16:39.241286, 0.08758161929353125, 0.0, -1.1974177166907611, -177.88741631074885, -50.13608602809292, -33.73870779778886, 0.0016000000400000006, 267.88741631074885
2025-04-01 17:16:39,260 - 2025-04-01T17:16:39.260565, 0.08830015318573992, 0.0, -1.1949715545853912, -178.64811631101912, -50.11491165592878, -33.819551998412244, 0.0016000000400000006, 268.6481163110191
2025-04-01 17:16:39,280 - 2025-04-01T17:16:39.280564, 0.08901111201190304, 0.0, -1.192384174144192, -179.31081631125454, -50.09412220953988, -33.9050158840928, 0.0016000000400000006, 269.31081631125454
2025-04-01 17:16:39,303 - 2025-04-01T17:16:39.303028, 0.08977374234086888, 0.0, -1.1894399603303971, 179.89868368846462, -50.071985235060446, -34.002221445303896, 0.0016000000400000006, -89.89868368846462
2025-04-01 17:16:39,320 - 2025-04-01T17:16:39.320318, 0.09068516607170762, 0.0, -1.1866293897863853, 179.1660836882044, -50.04484364974866, -34.095192247233086, 0.0016000000400000006, -89.1660836882044
2025-04-01 17:16:39,340 - 2025-04-01T17:16:39.340925, 0.09138097476578144, 0.0, -1.1837595726735284, 178.43178368794347, -50.02482405491019, -34.18989550302797, 0.0016000000400000006, -88.43178368794347
2025-04-01 17:16:39,361 - 2025-04-01T17:16:39.360973, 0.09195071525611498, 0.0, -1.181179767298374, 177.642483687663, -50.00865429357847, -34.2749744629333, 0.0016000000400000006, -87.642483687663
2025-04-01 17:16:39,380 - 2025-04-01T17:16:39.380650, 0.09328579399444292, 0.0, -1.1783464715562277, 176.83408368737568, -49.96765365309512, -34.36910004218815, 0.0016000000400000006, -86.83408368737568
2025-04-01 17:16:39,401 - 2025-04-01T17:16:39.401470, 0.09456920122996859, 0.0, -1.1758700091866765, 176.0691836871037, -49.928000540702286, -34.45148394591248, 0.0016000000400000006, -86.0691836871037
2025-04-01 17:16:39,420 - 2025-04-01T17:16:39.420298, 0.0954213783919613, 0.0, -1.1732750536794323, 175.2736836868207, -49.90259140925621, -34.53733275736826, 0.0016000000400000006, -85.2736836868207
2025-04-01 17:16:39,443 - 2025-04-01T17:16:39.443570, 0.09633280212280093, 0.0, -1.1704644831354214, 174.4900836865418, -49.875449823944386, -34.630303559297424, 0.0016000000400000006, -84.4900836865418
2025-04-01 17:16:39,460 - 2025-04-01T17:16:39.460434, 0.0974005943215599, 0.0, -1.1679287741970237, 173.70918368626363, -49.842918702024946, -34.71441991688748, 0.0016000000400000006, -83.70918368626363
2025-04-01 17:16:39,480 - 2025-04-01T17:16:39.480353, 0.09882521989291515, 0.0, -1.1654447367614282, 172.93918368598918, -49.79864590457493, -34.797188746387, 0.0016000000400000006, -82.93918368598918
2025-04-01 17:16:39,501 - 2025-04-01T17:16:39.501391, 0.09995983372656703, 0.0, -1.1628346311220938, 172.17678368571723, -49.763997403014486, -34.88380740939324, 0.0016000000400000006, -82.17678368571723
2025-04-01 17:16:39,520 - 2025-04-01T17:16:39.520437, 0.10059639585179259, 0.0, -1.1601804290460018, 171.40788368544267, -49.7457102620418, -34.97138867471479, 0.0016000000400000006, -81.40788368544267
2025-04-01 17:16:39,541 - 2025-04-01T17:16:39.541821, 0.10150781958263266, 0.0, -1.157369858501991, 170.59388368515172, -49.718568676729966, -35.06435947664395, 0.0016000000400000006, -80.59388368515172
2025-04-01 17:16:39,560 - 2025-04-01T17:16:39.560596, 0.10163117986734305, 0.0, -1.1543891233174843, 169.78228368486128, -49.717412747895466, -35.16214271439511, 0.0016000000400000006, -79.78228368486128
2025-04-01 17:16:39,580 - 2025-04-01T17:16:39.580468, 0.09966521141927931, 0.0, -1.150741525743571, 168.73438368448575, -49.78535934415379, -35.279752796219896, 0.0016000000400000006, -78.73438368448575
2025-04-01 17:16:39,601 - 2025-04-01T17:16:39.601016, 0.10155001336883407, 0.0, -1.1475954930655852, 168.03598368423505, -49.7266498149922, -35.38465744869003, 0.0016000000400000006, -78.03598368423506
2025-04-01 17:16:39,620 - 2025-04-01T17:16:39.620782, 0.10234294396198029, 0.0, -1.1452161525951077, 167.2478836839518, -49.702973137411846, -35.46338426967243, 0.0016000000400000006, -77.24788368395181
2025-04-01 17:16:39,640 - 2025-04-01T17:16:39.640665, 0.10384196623427222, 0.0, -1.1427989367944038, 166.40558368364862, -49.65619803454565, -35.544035719531, 0.0016000000400000006, -76.40558368364862
2025-04-01 17:16:39,660 - 2025-04-01T17:16:39.660731, 0.10513916964237469, 0.0, -1.139259549373111, 165.7955836834287, -49.61712202293844, -35.661259724071726, 0.0016000000400000006, -75.7955836834287
2025-04-01 17:16:39,680 - 2025-04-01T17:16:39.680609, 0.10686138201747841, 0.0, -1.1370427984770832, 165.1280836831877, -49.56284000382363, -35.735559035007384, 0.0016000000400000006, -75.1280836831877
2025-04-01 17:16:39,701 - 2025-04-01T17:16:39.701850, 0.10855464808791648, 0.0, -1.1356065359611405, 164.44498368294074, -49.50875073547361, -35.78425761524093, 0.0016000000400000006, -74.44498368294074
2025-04-01 17:16:39,721 - 2025-04-01T17:16:39.721138, 0.11021761389417373, 0.0, -1.1336054001018798, 163.79838368270657, -49.45620117022453, -35.851434935703196, 0.0016000000400000006, -73.79838368270659
2025-04-01 17:16:39,741 - 2025-04-01T17:16:39.741503, 0.11188057970043053, 0.0, -1.1316042642426187, 163.14498368246956, -49.40365160497546, -35.91861225616547, 0.0016000000400000006, -73.14498368246956
2025-04-01 17:16:39,760 - 2025-04-01T17:16:39.760568, 0.11348429893784084, 0.0, -1.1298187434201248, 162.51828368224187, -49.35283449359212, -35.97866758615435, 0.0016000000400000006, -72.51828368224187
2025-04-01 17:16:39,781 - 2025-04-01T17:16:39.781101, 0.11493922477337737, 0.0, -1.1278995793278463, 161.83958368199487, -49.30702199304116, -36.042957675425185, 0.0016000000400000006, -71.83958368199487
2025-04-01 17:16:39,801 - 2025-04-01T17:16:39.801335, 0.11645339717775949, 0.0, -1.1257648001988012, 161.22308368177005, -49.2594770386245, -36.1143697551694, 0.0016000000400000006, -71.22308368177005
2025-04-01 17:16:39,821 - 2025-04-01T17:16:39.821042, 0.11782635124631335, 0.0, -1.123637596135802, 160.59278368153983, -49.21655176926499, -36.18539690913836, 0.0016000000400000006, -70.59278368153983
2025-04-01 17:16:39,843 - 2025-04-01T17:16:39.843701, 0.11961538525630955, 0.0, -1.1213464485388371, 159.87448368127693, -49.160152370509195, -36.26219852549023, 0.0016000000400000006, -69.87448368127693
2025-04-01 17:16:39,860 - 2025-04-01T17:16:39.860625, 0.12128592612861189, 0.0, -1.1194865310154056, 159.22708368103946, -49.107217879484885, -36.32475616089532, 0.0016000000400000006, -69.22708368103946
2025-04-01 17:16:39,880 - 2025-04-01T17:16:39.880913, 0.1230157135697616, 0.0, -1.1174109984552079, 158.50538368077417, -49.05255093459481, -36.394435786773776, 0.0016000000400000006, -68.50538368077417
2025-04-01 17:16:39,901 - 2025-04-01T17:16:39.901275, 0.12480474757975779, 0.0, -1.1151198508582434, 157.87188368054075, -48.99615153583901, -36.47123740312563, 0.0016000000400000006, -67.87188368054075
2025-04-01 17:16:39,920 - 2025-04-01T17:16:39.920904, 0.12652695995486196, 0.0, -1.112903099962216, 157.1221836802639, -48.94186951672419, -36.54553671406127, 0.0016000000400000006, -67.12218368026392
2025-04-01 17:16:39,941 - 2025-04-01T17:16:39.941758, 0.12839039066579572, 0.0, -1.1106787740001436, 156.37808367998835, -48.88296781255218, -36.62022095077214, 0.0016000000400000006, -66.37808367998835
2025-04-01 17:16:39,960 - 2025-04-01T17:16:39.960717, 0.13013532823903562, 0.0, -1.108885678111604, 155.64668367971683, -48.82753101611166, -36.68066120653627, 0.0016000000400000006, -65.64668367971683
2025-04-01 17:16:39,980 - 2025-04-01T17:16:39.980334, 0.1317087472122651, 0.0, -1.1065352839457931, 154.93598367945225, -48.77825360782924, -36.75919527675384, 0.0016000000400000006, -64.93598367945225
2025-04-01 17:16:40,000 - 2025-04-01T17:16:40.000429, 0.13350535628830684, 0.0, -1.1043853546846578, 154.2245836791867, -48.721469283298205, -36.831377208048515, 0.0016000000400000006, -64.22458367918671
2025-04-01 17:16:40,020 - 2025-04-01T17:16:40.020491, 0.13542803356808708, 0.0, -1.1019454136858187, 153.41788367888464, -48.66083512526047, -36.913183435232774, 0.0016000000400000006, -63.417883678884635
2025-04-01 17:16:40,041 - 2025-04-01T17:16:40.041320, 0.13736586097995795, 0.0, -1.0997879093586382, 152.7234836786238, -48.59943111567226, -36.98575029230268, 0.0016000000400000006, -62.72348367862381
2025-04-01 17:16:40,060 - 2025-04-01T17:16:40.060662, 0.13958612506348755, 0.0, -1.0976152548993676, 151.97548367834202, -48.5287877359697, -37.059087000923036, 0.0016000000400000006, -61.97548367834201
2025-04-01 17:16:40,080 - 2025-04-01T17:16:40.080414, 0.1418139642130627, 0.0, -1.0955838187759266, 151.26958367807524, -48.4577594304919, -37.127804024486224, 0.0016000000400000006, -61.269583678075236
2025-04-01 17:16:40,101 - 2025-04-01T17:16:40.101464, 0.144242268267313, 0.0, -1.0933291925496729, 150.5086836777867, -48.38037898609121, -37.204027964298035, 0.0016000000400000006, -60.508683677786706
2025-04-01 17:16:40,121 - 2025-04-01T17:16:40.120966, 0.14625449238012145, 0.0, -1.091238509857385, 149.9242836775644, -48.316472671086785, -37.27447744172696, 0.0016000000400000006, -59.924283677564404
2025-04-01 17:16:40,140 - 2025-04-01T17:16:40.140431, 0.14803595132407255, 0.0, -1.0888061439245909, 149.30768367732924, -48.26045819810622, -37.35589874313599, 0.0016000000400000006, -59.307683677329244
2025-04-01 17:16:40,160 - 2025-04-01T17:16:40.160467, 0.1503306121085397, 0.0, -1.0867003111002127, 148.81878367714225, -48.18731251298745, -37.42711807211536, 0.0016000000400000006, -58.81878367714226
2025-04-01 17:16:40,180 - 2025-04-01T17:16:40.180890, 0.15232768608925706, 0.0, -1.0843271917362651, 148.2039836769065, -48.12417604953352, -37.506806919658665, 0.0016000000400000006, -58.20398367690649
2025-04-01 17:16:40,201 - 2025-04-01T17:16:40.201096, 0.15419869186623592, 0.0, -1.0822440841100223, 147.6873836767078, -48.06488941958627, -37.57687147131236, 0.0016000000400000006, -57.68738367670781
2025-04-01 17:16:40,240 - 2025-04-01T17:16:40.240320, 0.15814874339091478, 0.0, -1.0779958970905539, 146.87418367639407, -47.93957909499366, -37.71988780581118, 0.0016000000400000006, -56.87418367639407
2025-04-01 17:16:40,281 - 2025-04-01T17:16:40.281168, 0.16181635824393492, 0.0, -1.0737628602031752, 146.23918367614812, -47.8235081405154, -37.86213428875957, 0.0016000000400000006, -56.239183676148116
2025-04-01 17:16:40,320 - 2025-04-01T17:16:40.320491, 0.16520153642529678, 0.0, -1.0695449734478881, 145.56428367588583, -47.71667655615147, -38.00361092015745, 0.0016000000400000006, -55.56428367588583
2025-04-01 17:16:40,360 - 2025-04-01T17:16:40.360672, 0.16875065814062307, 0.0, -1.0657431666340424, 144.83708367560214, -47.6040705094047, -38.13161342215908, 0.0016000000400000006, -54.837083675602145
2025-04-01 17:16:40,401 - 2025-04-01T17:16:40.401893, 0.17251539489271606, 0.0, -1.0620006063890446, 144.26248367537715, -47.48434247218454, -38.257883470294935, 0.0016000000400000006, -54.262483675377155
2025-04-01 17:16:40,460 - 2025-04-01T17:16:40.460764, 0.1779279473189761, 0.0, -1.055974473613127, 143.6229836751259, -47.312834721265745, -38.46057020900743, 0.0016000000400000006, -53.62298367512591
2025-04-01 17:16:40,521 - 2025-04-01T17:16:40.521374, 0.18322200660754184, 0.0, -1.0503795709107426, 143.04768367489913, -47.14479187807845, -38.64901296677315, 0.0016000000400000006, -53.04768367489913
2025-04-01 17:16:40,580 - 2025-04-01T17:16:40.580638, 0.18856773739890942, 0.0, -1.044427834835762, 142.53028367469452, -46.97540150680065, -38.849197400069436, 0.0016000000400000006, -52.530283674694516
2025-04-01 17:16:40,640 - 2025-04-01T17:16:40.640292, 0.19360073125443833, 0.0, -1.0379263755495551, 142.04868367450345, -46.816790208738105, -39.06709072204396, 0.0016000000400000006, -52.04868367450345
2025-04-01 17:16:40,701 - 2025-04-01T17:16:40.701062, 0.19962225346077256, 0.0, -1.0313718908010312, 141.5640836743107, -46.62584111527533, -39.287678524445106, 0.0016000000400000006, -51.564083674310695
2025-04-01 17:16:40,761 - 2025-04-01T17:16:40.761212, 0.2051835992889064, 0.0, -1.0254794012948976, 141.1957836741638, -46.44932875352415, -39.486130503875664, 0.0016000000400000006, -51.195783674163806
2025-04-01 17:16:40,820 - 2025-04-01T17:16:40.820750, 0.21036538654630954, 0.0, -1.0191115852784742, 140.92698367405637, -46.28571284462921, -39.69978906656824, 0.0016000000400000006, -50.92698367405637
2025-04-01 17:16:40,880 - 2025-04-01T17:16:40.880715, 0.21575521377443474, 0.0, -1.0126617974950696, 140.7559836739879, -46.115359871036084, -39.91633486045223, 0.0016000000400000006, -50.75598367398791
2025-04-01 17:16:40,940 - 2025-04-01T17:16:40.940394, 0.22094457609788254, 0.0, -1.0064351998144754, 140.67268367395454, -45.95135903636593, -40.125373738087646, 0.0016000000400000006, -50.67268367395454
2025-04-01 17:16:41,000 - 2025-04-01T17:16:41.000649, 0.22621591018831344, 0.0, -1.0004166421046032, 140.57478367391533, -45.7844709705043, -40.327675551024896, 0.0016000000400000006, -50.574783673915334
2025-04-01 17:16:41,060 - 2025-04-01T17:16:41.060813, 0.23133845087686966, 0.0, -0.9942644411249466, 140.62198367393427, -45.622587515475104, -40.534212123244096, 0.0016000000400000006, -50.62198367393427
2025-04-01 17:16:41,120 - 2025-04-01T17:16:41.120698, 0.2362302263965681, 0.0, -0.9877705569047843, 140.71708367397235, -45.468595902469765, -40.75172051944339, 0.0016000000400000006, -50.717083673972354
2025-04-01 17:16:41,182 - 2025-04-01T17:16:41.182221, 0.24147126022281862, 0.0, -0.9811871258515947, 140.9252836740557, -45.30324753970906, -40.97250107260934, 0.0016000000400000006, -50.92528367405569
2025-04-01 17:16:41,241 - 2025-04-01T17:16:41.241654, 0.24632516041229113, 0.0, -0.9739871499522854, 141.22448367417525, -45.151180555579884, -41.21310789409453, 0.0016000000400000006, -51.22448367417525
2025-04-01 17:16:41,281 - 2025-04-01T17:16:41.281227, 0.24913031511824535, 0.0, -0.9695171267895195, 141.7572836743876, -45.06359756299513, -41.36228419250587, 0.0016000000400000006, -51.757283674387594
2025-04-01 17:16:41,341 - 2025-04-01T17:16:41.341238, 0.25364253206721354, 0.0, -0.9625479160590675, 142.24138367457996, -44.922502402846, -41.594999171967196, 0.0016000000400000006, -52.241383674579964
2025-04-01 17:16:41,380 - 2025-04-01T17:16:41.380619, 0.2567149733127354, 0.0, -0.9577803060925518, 142.7968836748, -44.82644989169738, -41.75418469204337, 0.0016000000400000006, -52.7968836748
2025-04-01 17:16:41,420 - 2025-04-01T17:16:41.420240, 0.2597205929233657, 0.0, -0.9530870928269746, 143.3397836750144, -44.7325147601897, -41.910867906703295, 0.0016000000400000006, -53.33978367501439
2025-04-01 17:16:41,460 - 2025-04-01T17:16:41.460520, 0.2619016277171551, 0.0, -0.9488629849651558, 143.89858367523433, -44.6651429616994, -42.051382511540325, 0.0016000000400000006, -53.898583675234335
2025-04-01 17:16:41,520 - 2025-04-01T17:16:41.520968, 0.2647281536617303, 0.0, -0.9434712550864761, 144.6155836755155, -44.577752144125064, -42.230779225710926, 0.0016000000400000006, -54.615583675515495
2025-04-01 17:16:41,580 - 2025-04-01T17:16:41.580588, 0.2663670403103371, 0.0, -0.939701102496326, 145.1524836757253, -44.5277043085378, -42.355895072275516, 0.0016000000400000006, -55.15248367572531
2025-04-01 17:16:41,700 - 2025-04-01T17:16:41.700907, 0.2691418947521105, 0.0, -0.9346662059902426, 145.56278367588527, -44.44166101905397, -42.52355011091555, 0.0016000000400000006, -55.56278367588527
2025-04-01 17:16:41,781 - 2025-04-01T17:16:41.781759, 0.27108594327051216, 0.0, -0.9313045582754902, 146.0741836760841, -44.38121903602664, -42.63557675385907, 0.0016000000400000006, -56.07418367608409
2025-04-01 17:16:41,880 - 2025-04-01T17:16:41.880482, 0.2722570784748757, 0.0, -0.9280551825919008, 146.71078367633086, -44.34599285792614, -42.74317646251022, 0.0016000000400000006, -56.71078367633086
2025-04-01 17:16:46,100 - 2025-04-01T17:16:46.100484, 0.2671504931868829, 0.0, -0.9279042299620381, 146.78028367635775, -44.5134562973102, -42.743178189773445, 0.0016000000400000006, -56.780283676357755
2025-04-01 17:16:53,840 - 2025-04-01T17:16:53.840842, 0.2620969333612071, 0.0, -0.9287418056829813, 146.768083676353, -44.67822525626761, -42.71084212163643, 0.0016000000400000006, -56.768083676353
2025-04-01 17:16:58,181 - 2025-04-01T17:16:58.181478, 0.25913892337483624, 0.0, -0.9290421004057592, 147.50068367663593, -44.77485371669306, -42.698138995299395, 0.0016000000400000006, -57.50068367663592
2025-04-01 17:16:58,220 - 2025-04-01T17:16:58.220458, 0.2572679175978574, 0.0, -0.9311252080320025, 148.4452836769991, -44.834140346640304, -42.62807444364569, 0.0016000000400000006, -58.445283676999104
2025-04-01 17:16:58,240 - 2025-04-01T17:16:58.240531, 0.25618497526700734, 0.0, -0.9333784802987406, 149.110883677254, -44.86744132011023, -42.55319745617002, 0.0016000000400000006, -59.11088367725401
2025-04-01 17:16:58,261 - 2025-04-01T17:16:58.261172, 0.2544854880900389, 0.0, -0.9360188862022563, 149.83588367753075, -44.920568561899366, -42.46503909006283, 0.0016000000400000006, -59.83588367753075
2025-04-01 17:16:58,280 - 2025-04-01T17:16:58.280882, 0.25193869089809384, 0.0, -0.9387047425020429, 150.67068367784822, -45.00141391403156, -42.37457116930426, 0.0016000000400000006, -60.67068367784822
2025-04-01 17:16:58,300 - 2025-04-01T17:16:58.300655, 0.2485673088893079, 0.0, -0.9418597042055876, 151.55968367818494, -45.108822599181124, -42.267934638722814, 0.0016000000400000006, -61.55968367818494
2025-04-01 17:16:58,320 - 2025-04-01T17:16:58.320961, 0.24482529733535063, 0.0, -0.9460259194580738, 152.46058367852484, -45.227395859075585, -42.12780553541541, 0.0016000000400000006, -62.46058367852484
2025-04-01 17:16:58,340 - 2025-04-01T17:16:58.340561, 0.24097236770974462, 0.0, -0.9507645831199225, 153.3799836788704, -45.3490491009263, -41.96881276610409, 0.0016000000400000006, -63.37998367887039
2025-04-01 17:16:58,361 - 2025-04-01T17:16:58.361213, 0.2371056419115627, 0.0, -0.9565661718335141, 154.32298367922346, -45.470125241991376, -41.774979895976315, 0.0016000000400000006, -64.32298367922346
2025-04-01 17:16:58,380 - 2025-04-01T17:16:58.380633, 0.23364877494829184, 0.0, -0.9634079604007129, 155.38728367962037, -45.5767652270993, -41.5474617023578, 0.0016000000400000006, -65.38728367962037
2025-04-01 17:16:58,400 - 2025-04-01T17:16:58.400548, 0.23133815876326125, 0.0, -0.9718169468346103, 156.82118368015256, -45.64433092786322, -41.269704073895994, 0.0016000000400000006, -66.82118368015256
2025-04-01 17:16:58,420 - 2025-04-01T17:16:58.420439, 0.22856736620003115, 0.0, -0.9808879285108985, 158.4109836807394, -45.72633336033873, -40.96981062246357, 0.0016000000400000006, -68.4109836807394
2025-04-01 17:16:58,440 - 2025-04-01T17:16:58.440856, 0.22488244198693286, 0.0, -0.9900787572843943, 160.1141836813647, -45.83817128279826, -40.66510531096357, 0.0016000000400000006, -70.1141836813647
2025-04-01 17:16:58,460 - 2025-04-01T17:16:58.460512, 0.21965926621180154, 0.0, -0.999635348456045, 161.77158368197007, -46.00005588933628, -40.3469264458217, 0.0016000000400000006, -71.77158368197007
2025-04-01 17:16:58,480 - 2025-04-01T17:16:58.480865, 0.21383469572264158, 0.0, -1.0098615099361323, 163.42368368257073, -46.18099691264304, -40.00622683193395, 0.0016000000400000006, -73.42368368257073
2025-04-01 17:16:58,501 - 2025-04-01T17:16:58.501160, 0.2079887539948606, 0.0, -1.021009378132132, 165.08598368317254, -46.36174576093939, -39.635306802286976, 0.0016000000400000006, -75.08598368317254
2025-04-01 17:16:58,520 - 2025-04-01T17:16:58.520559, 0.20265601410759526, 0.0, -1.0324837794365473, 166.71208368375903, -46.52536339709755, -39.25418480021037, 0.0016000000400000006, -76.71208368375903
2025-04-01 17:16:58,540 - 2025-04-01T17:16:58.540393, 0.1976663114203494, 0.0, -1.0450727772955068, 168.34768368434698, -46.676662256939515, -38.836875169226815, 0.0016000000400000006, -78.34768368434698
2025-04-01 17:16:58,560 - 2025-04-01T17:16:58.560412, 0.19271448406333036, 0.0, -1.0583678668336138, 169.9180836849099, -46.826036487905306, -38.39646711295735, 0.0016000000400000006, -79.9180836849099
2025-04-01 17:16:58,580 - 2025-04-01T17:16:58.580881, 0.18708686529134377, 0.0, -1.0722657050452633, 171.39178368543688, -46.99696944105609, -37.93565568758306, 0.0016000000400000006, -81.39178368543688
2025-04-01 17:16:58,600 - 2025-04-01T17:16:58.600572, 0.1808427016732388, 0.0, -1.0865506768936894, 172.67768368589591, -47.18772866252607, -37.46156288357728, 0.0016000000400000006, -82.67768368589591
2025-04-01 17:16:58,620 - 2025-04-01T17:16:58.620737, 0.17381182856851884, 0.0, -1.1020108458250215, 173.7884836862919, -47.403126588137255, -36.94820304446271, 0.0016000000400000006, -83.7884836862919
2025-04-01 17:16:58,641 - 2025-04-01T17:16:58.641036, 0.16682640586006947, 0.0, -1.1183183247713298, 174.75068368663457, -47.61621495909707, -36.40712509500507, 0.0016000000400000006, -84.75068368663457
2025-04-01 17:16:58,660 - 2025-04-01T17:16:58.660908, 0.1599759803809193, 0.0, -1.135822372039165, 175.56898368692575, -47.82372161843882, -35.82697228544905, 0.0016000000400000006, -85.56898368692575
2025-04-01 17:16:58,681 - 2025-04-01T17:16:58.681571, 0.15297054039336366, 0.0, -1.1543969194247885, 176.2367836871633, -48.035270862052094, -35.21159444930135, 0.0016000000400000006, -86.2367836871633
2025-04-01 17:16:58,700 - 2025-04-01T17:16:58.700254, 0.146129043939772, 0.0, -1.1733875467518535, 176.76208368735013, -48.24104564328253, -34.58274248375739, 0.0016000000400000006, -86.76208368735013
2025-04-01 17:16:58,721 - 2025-04-01T17:16:58.721288, 0.13928132637964996, 0.0, -1.1935823174664915, 177.25908368752675, -48.44585839795208, -33.914430732339795, 0.0016000000400000006, -87.25908368752675
2025-04-01 17:16:58,740 - 2025-04-01T17:16:58.740926, 0.133013632294936, 0.0, -1.2140292245886077, 177.7074836876861, -48.631422560842445, -33.23841931390877, 0.0016000000400000006, -87.7074836876861
2025-04-01 17:16:58,760 - 2025-04-01T17:16:58.760664, 0.12714822197908893, 0.0, -1.2353751132285016, 178.18768368785675, -48.802935493550876, -32.533342257044175, 0.0016000000400000006, -88.18768368785675
2025-04-01 17:16:58,780 - 2025-04-01T17:16:58.780561, 0.121729191868865, 0.0, -1.2571219316777484, 178.697783688038, -48.95943459376209, -31.81556092233374, 0.0016000000400000006, -88.69778368803799
2025-04-01 17:16:58,800 - 2025-04-01T17:16:58.800543, 0.11698595317360683, 0.0, -1.2782660014534515, 179.1746836882074, -49.09437497178837, -31.118182956728177, 0.0016000000400000006, -89.17468368820741
2025-04-01 17:16:58,822 - 2025-04-01T17:16:58.821970, 0.112807587821667, 0.0, -1.2993797709649741, 179.6187836883652, -49.21083660958591, -30.422344694223536, 0.0016000000400000006, -89.61878368836521
2025-04-01 17:16:58,840 - 2025-04-01T17:16:58.840819, 0.10944623222052252, 0.0, -1.3198832167369083, -179.94831631148105, -49.30111984014131, -29.747294726598987, 0.0016000000400000006, 269.94831631148105
2025-04-01 17:16:58,860 - 2025-04-01T17:16:58.860928, 0.1063080667221894, 0.0, -1.3405871274135195, -179.5476163113387, -49.383896154448124, -29.065892620051496, 0.0016000000400000006, 269.5476163113387
2025-04-01 17:16:58,880 - 2025-04-01T17:16:58.880304, 0.10380917126811084, 0.0, -1.3613275594608414, -179.20171631121582, -49.445691423110034, -28.383912836963987, 0.0016000000400000006, 269.2017163112158
2025-04-01 17:16:58,900 - 2025-04-01T17:16:58.900826, 0.10146664428195251, 0.0, -1.382342853113777, -178.9210163111161, -49.502097155164286, -27.69307860953734, 0.0016000000400000006, 268.92101631111615
2025-04-01 17:16:58,920 - 2025-04-01T17:16:58.920552, 0.0994506504042092, 0.0, -1.4028449449261973, -178.69971631103746, -49.54830091478891, -27.019375594248885, 0.0016000000400000006, 268.6997163110375
2025-04-01 17:16:58,940 - 2025-04-01T17:16:58.940253, 0.09756829979624992, 0.0, -1.423198243336743, -178.5263163109759, -49.5902699151316, -26.35067718979284, 0.0016000000400000006, 268.52631631097586
2025-04-01 17:16:58,960 - 2025-04-01T17:16:58.960480, 0.09590156422505691, 0.0, -1.4436107883161347, -178.3950163109292, -49.62511692500092, -25.680246331471082, 0.0016000000400000006, 268.39501631092924
2025-04-01 17:16:58,981 - 2025-04-01T17:16:58.981060, 0.09423482865386479, 0.0, -1.4640233332955277, -178.30931631089874, -49.65996393487021, -25.00981547314928, 0.0016000000400000006, 268.30931631089874
2025-04-01 17:16:59,000 - 2025-04-01T17:16:59.000717, 0.09271688648454646, 0.0, -1.484569521544704, -178.30641631089773, -49.68980633390712, -24.335149855545563, 0.0016000000400000006, 268.3064163108977
2025-04-01 17:16:59,021 - 2025-04-01T17:16:59.021258, 0.09134016265105771, 0.0, -1.505108134727836, -178.4428163109462, -49.715029047886844, -23.66086916371705, 0.0016000000400000006, 268.4428163109462
2025-04-01 17:16:59,041 - 2025-04-01T17:16:59.041365, 0.09012738235153428, 0.0, -1.5260628278524107, -178.7167163110435, -49.73447729948368, -22.973114342492245, 0.0016000000400000006, 268.7167163110435
2025-04-01 17:16:59,061 - 2025-04-01T17:16:59.061146, 0.08906961656041501, 0.0, -1.5459470208591966, -179.0300163111548, -49.74988296680903, -22.320584547859138, 0.0016000000400000006, 269.0300163111548
2025-04-01 17:16:59,081 - 2025-04-01T17:16:59.081101, 0.08845823097492067, 0.0, -1.566232143675336, -179.37571631127759, -49.750274801637104, -21.655350475380164, 0.0016000000400000006, 269.3757163112776
2025-04-01 17:16:59,100 - 2025-04-01T17:16:59.100226, 0.08803973522805686, 0.0, -1.586152858052834, -179.66041631137875, -49.74469942331751, -21.002243004206992, 0.0016000000400000006, 269.6604163113788
2025-04-01 17:16:59,120 - 2025-04-01T17:16:59.120754, 0.08798564791983399, 0.0, -1.6062664622689629, -179.9505163114818, -49.72699744369215, -20.343168319886132, 0.0016000000400000006, 269.9505163114818
2025-04-01 17:16:59,140 - 2025-04-01T17:16:59.140691, 0.08829461509073777, 0.0, -1.625227594600322, 179.81228368843392, -49.698515815097096, -19.722205893348356, 0.0016000000400000006, -89.81228368843392
2025-04-01 17:16:59,160 - 2025-04-01T17:16:59.160828, 0.08844721379372267, 0.0, -1.6439138653260672, 179.70058368839426, -49.67542372310967, -19.110097911149722, 0.0016000000400000006, -89.70058368839426
2025-04-01 17:16:59,180 - 2025-04-01T17:16:59.180521, 0.08859223743066158, 0.0, -1.6624589177159836, 179.71218368839837, -49.65271655689749, -18.502609614008243, 0.0016000000400000006, -89.71218368839837
2025-04-01 17:16:59,200 - 2025-04-01T17:16:59.200490, 0.08836527756291446, 0.0, -1.6806698619314386, 179.8204836884368, -49.64252091776632, -17.90570821507166, 0.0016000000400000006, -89.82048368843681
2025-04-01 17:16:59,221 - 2025-04-01T17:16:59.221181, 0.08784073089141886, 0.0, -1.698613519607326, 179.9808836884938, -49.64233450029995, -17.31727633469894, 0.0016000000400000006, -89.9808836884938
2025-04-01 17:16:59,240 - 2025-04-01T17:16:59.240558, 0.08768681376509457, 0.0, -1.7155459237342718, -179.84901631144575, -49.63098350808869, -16.762337027052165, 0.0016000000400000006, 269.8490163114458
2025-04-01 17:16:59,260 - 2025-04-01T17:16:59.260583, 0.08734622790667013, 0.0, -1.7316385929122875, -179.68871631138882, -49.62656175558599, -16.234730903973194, 0.0016000000400000006, 269.6887163113888
2025-04-01 17:16:59,281 - 2025-04-01T17:16:59.281010, 0.08741414692364335, 0.0, -1.7474261002205083, -179.56581631134515, -49.60905079946222, -15.717518928334282, 0.0016000000400000006, 269.56581631134515
2025-04-01 17:16:59,301 - 2025-04-01T17:16:59.301036, 0.08753373744341886, 0.0, -1.7628567741561336, -179.4877163113174, -49.590192315247926, -15.212048628225919, 0.0016000000400000006, 269.4877163113174
2025-04-01 17:16:59,321 - 2025-04-01T17:16:59.321070, 0.087355741159445, 0.0, -1.77802016155219, -179.34561631126692, -49.58134305269846, -14.715047846681463, 0.0016000000400000006, 269.3456163112669
2025-04-01 17:16:59,340 - 2025-04-01T17:16:59.340691, 0.08775641439136406, 0.0, -1.7920903236323231, -179.1023163111805, -49.55459215070594, -14.254426869054361, 0.0016000000400000006, 269.1023163111805
2025-04-01 17:16:59,361 - 2025-04-01T17:16:59.361426, 0.08902712283639591, 0.0, -1.8065386903236735, -178.85171631109145, -49.49896836104463, -13.782256390907115, 0.0016000000400000006, 268.8517163110914
2025-04-01 17:16:59,380 - 2025-04-01T17:16:59.380736, 0.09042389948516583, 0.0, -1.820697045277321, -178.66981631102686, -49.43949473787664, -13.319710208649418, 0.0016000000400000006, 268.66981631102686
2025-04-01 17:16:59,401 - 2025-04-01T17:16:59.401645, 0.09167188273206195, 0.0, -1.8347217569611831, -178.5714163109919, -49.38502572554104, -12.861398785673709, 0.0016000000400000006, 268.57141631099194
2025-04-01 17:16:59,420 - 2025-04-01T17:16:59.420579, 0.09256167864684706, 0.0, -1.8473494354188427, -178.58471631099658, -49.343645341072126, -12.448514361719278, 0.0016000000400000006, 268.58471631099655
2025-04-01 17:16:59,440 - 2025-04-01T17:16:59.440462, 0.09298994422391837, 0.0, -1.85929374739549, -178.72021631104474, -49.3180486406509, -12.057573585725066, 0.0016000000400000006, 268.72021631104474
2025-04-01 17:16:59,460 - 2025-04-01T17:16:59.460732, 0.09354427800472953, 0.0, -1.870948047634434, -179.00941631114748, -49.28860210672292, -11.676257105620413, 0.0016000000400000006, 269.00941631114745
2025-04-01 17:16:59,481 - 2025-04-01T17:16:59.481063, 0.09406831152135897, 0.0, -1.8820374745300605, -179.3185163112573, -49.260695275895905, -11.313419365744476, 0.0016000000400000006, 269.3185163112573
2025-04-01 17:16:59,501 - 2025-04-01T17:16:59.501192, 0.09450279820496199, 0.0, -1.8927776431191368, -179.531716311333, -49.236060602035515, -10.961938375623843, 0.0016000000400000006, 269.531716311333
2025-04-01 17:16:59,520 - 2025-04-01T17:16:59.520455, 0.0953306396318716, 0.0, -1.9029302131667594, -179.60941631136066, -49.19910657610455, -10.630090903057633, 0.0016000000400000006, 269.60941631136063
2025-04-01 17:16:59,541 - 2025-04-01T17:16:59.541359, 0.09628454926252106, 0.0, -1.9127927714766793, -179.61491631136258, -49.158302716666846, -10.307867726380966, 0.0016000000400000006, 269.61491631136255
2025-04-01 17:16:59,561 - 2025-04-01T17:16:59.561007, 0.09683617512430231, 0.0, -1.9217563482688202, -179.5215163113294, -49.131550087411114, -10.014710188137904, 0.0016000000400000006, 269.5215163113294
2025-04-01 17:16:59,580 - 2025-04-01T17:16:59.580792, 0.09700824241535333, 0.0, -1.930244598550672, -179.3207163112581, -49.11769391101161, -9.736759233156862, 0.0016000000400000006, 269.32071631125814
2025-04-01 17:16:59,601 - 2025-04-01T17:16:59.601067, 0.09659271116495072, 0.0, -1.9383394940892158, -179.02371631115258, -49.12347125216651, -9.471127630246443, 0.0016000000400000006, 269.0237163111526
2025-04-01 17:16:59,620 - 2025-04-01T17:16:59.620487, 0.09600566131453858, 0.0, -1.945877091350487, -178.62281631101013, -49.13540798147951, -9.223589841789497, 0.0016000000400000006, 268.6228163110101
2025-04-01 17:16:59,641 - 2025-04-01T17:16:59.641634, 0.09569347306974008, 0.0, -1.9532583201438396, -178.160916310846, -49.13849026645338, -8.981441589940168, 0.0016000000400000006, 268.160916310846
2025-04-01 17:16:59,660 - 2025-04-01T17:16:59.660274, 0.09555902453148235, 0.0, -1.9599927038268916, -177.66801631067088, -49.13637518983002, -8.760659309511006, 0.0016000000400000006, 267.66801631067085
2025-04-01 17:16:59,681 - 2025-04-01T17:16:59.681370, 0.09580278060444147, 0.0, -1.9658570522968324, -177.1962163105032, -49.12271061268654, -8.568749916750567, 0.0016000000400000006, 267.1962163105032
2025-04-01 17:16:59,720 - 2025-04-01T17:16:59.720458, 0.09520950964749852, 0.0, -1.974598792945676, -176.46081631024174, -49.133685315438655, -8.281752342420003, 0.0016000000400000006, 266.46081631024174
2025-04-01 17:16:59,760 - 2025-04-01T17:16:59.760366, 0.09312072960576545, 0.0, -1.9818628825608484, -176.03121631008898, -49.195091052290074, -8.041722045966077, 0.0016000000400000006, 266.031216310089
2025-04-01 17:16:59,800 - 2025-04-01T17:16:59.800412, 0.09077088413099421, 0.0, -1.9882204155921979, -175.84811631002387, -49.26592833426628, -7.831142313720934, 0.0016000000400000006, 265.8481163100239
2025-04-01 17:16:59,861 - 2025-04-01T17:16:59.861256, 0.0888357646381519, 0.0, -1.993068643366181, -176.57841631028356, -49.32463843918227, -7.670416514789449, 0.0016000000400000006, 266.57841631028356
2025-04-01 17:16:59,900 - 2025-04-01T17:16:59.900755, 0.08857740712414319, 0.0, -1.994852810229161, -177.3774163105676, -49.33137607963482, -7.611708137136676, 0.0016000000400000006, 267.3774163105676
2025-04-01 17:16:59,940 - 2025-04-01T17:16:59.940505, 0.0887640758562438, 0.0, -1.995692545178092, -178.0218163107966, -49.32444683992625, -7.584374952568843, 0.0016000000400000006, 268.02181631079657
2025-04-01 17:17:00,101 - 2025-04-01T17:17:00.101165, 0.08956106832793242, 0.0, -1.9973492898778185, -178.5813163109954, -49.29672930533759, -7.530863360758876, 0.0016000000400000006, 268.58131631099536
2025-04-01 17:17:00,220 - 2025-04-01T17:17:00.220593, 0.09523658883778463, 0.0, -2.0015060274137046, -178.71641631104342, -49.10674626871655, -7.400162923804223, 0.0016000000400000006, 268.7164163110434
2025-04-01 17:17:00,281 - 2025-04-01T17:17:00.281060, 0.10041541159872613, 0.0, -2.0069640302362357, -178.70551631103953, -48.93177764034712, -7.226345618234036, 0.0016000000400000006, 268.70551631103956
2025-04-01 17:17:00,340 - 2025-04-01T17:17:00.340487, 0.10612123237275872, 0.0, -2.011685641115439, -179.4385163112999, -48.740254900625146, -7.077166441050679, 0.0016000000400000006, 269.4385163112999
2025-04-01 17:17:00,380 - 2025-04-01T17:17:00.380420, 0.10708081441889838, 0.0, -2.0124131040332065, 179.90248368846596, -48.70810985598972, -7.054260190775224, 0.0016000000400000006, -89.90248368846596
2025-04-01 17:17:00,420 - 2025-04-01T17:17:00.420564, 0.10861149091488542, 0.0, -2.011906123299222, 179.32878368826218, -48.65844809768649, -7.072353429474281, 0.0016000000400000006, -89.32878368826218
2025-04-01 17:17:00,560 - 2025-04-01T17:17:00.560470, 0.10868804684381095, 0.0, -2.0067327163763378, 179.0105836881491, -48.660948675839464, -7.2419342484993, 0.0016000000400000006, -89.0105836881491
2025-04-01 17:17:01,060 - 2025-04-01T17:17:01.060345, 0.10649537510543317, 0.0, -2.006779520732123, 179.59148368835548, -48.73274625711332, -7.238277741511796, 0.0016000000400000006, -89.59148368835548
2025-04-01 17:17:01,120 - 2025-04-01T17:17:01.120527, 0.10603519872723366, 0.0, -2.007441515974513, -179.76981631141763, -48.74718298882489, -7.216141918541215, 0.0016000000400000006, 269.7698163114176
2025-04-01 17:17:01,360 - 2025-04-01T17:17:01.360570, 0.1063920320998295, 0.0, -2.0074931874773148, 179.9512836884833, -48.73544131329434, -7.214794390450693, 0.0016000000400000006, -89.9512836884833
2025-04-01 17:17:01,640 - 2025-04-01T17:17:01.640622, 0.10596080202629654, 0.0, -2.007374694339621, 179.45588368830732, -48.74968529424109, -7.21825929818218, 0.0016000000400000006, -89.45588368830732
2025-04-01 17:17:01,961 - 2025-04-01T17:17:01.961312, 0.10552199688671804, 0.0, -2.0071149828660975, 178.91568368811542, -48.764314200963085, -7.226343890970839, 0.0016000000400000006, -88.91568368811544
2025-04-01 17:17:11,380 - 2025-04-01T17:17:11.380526, 0.11057555671239383, 0.0, -2.006277407145155, 179.25238368823503, -48.59954524200568, -7.258679959107848, 0.0016000000400000006, -89.25238368823503
2025-04-01 17:17:35,560 - 2025-04-01T17:17:35.560356, 0.11413089953425137, 0.0, -2.0012714569437375, 179.14708368819763, -48.48790122181976, -7.426142246983082, 0.0016000000400000006, -89.14708368819763
2025-04-01 17:17:35,660 - 2025-04-01T17:17:35.660587, 0.1145567137697272, 0.0, -1.9960085031878259, 178.9527836881286, -48.47904505021743, -7.59899522297475, 0.0016000000400000006, -88.95278368812859
2025-04-01 17:17:35,740 - 2025-04-01T17:17:35.740905, 0.11452857273353478, 0.0, -1.990203401286732, 178.68188368803234, -48.48558763688753, -7.789172161869438, 0.0016000000400000006, -88.68188368803234
2025-04-01 17:17:35,821 - 2025-04-01T17:17:35.820959, 0.11523546968115461, 0.0, -1.9835799356753283, 178.15538368784527, -48.46883904750696, -8.006874460342363, 0.0016000000400000006, -88.15538368784527
2025-04-01 17:17:35,900 - 2025-04-01T17:17:35.900369, 0.1162323783664796, 0.0, -1.9770825382676644, 177.6201836876551, -48.44246616223678, -8.22072692530856, 0.0016000000400000006, -87.6201836876551
2025-04-01 17:17:35,980 - 2025-04-01T17:17:35.980666, 0.1173112588187859, 0.0, -1.970793180830721, 176.9991836874344, -48.41320604577518, -8.42784232557663, 0.0016000000400000006, -86.9991836874344
2025-04-01 17:17:36,061 - 2025-04-01T17:17:36.061329, 0.11844181077389448, 0.0, -1.9641469900211823, 176.3598836872071, -48.38259840122306, -8.646699401375242, 0.0016000000400000006, -86.35988368720709
2025-04-01 17:17:36,120 - 2025-04-01T17:17:36.120829, 0.11961781312527364, 0.0, -1.9583481092266193, 175.76288368699477, -48.349681202019575, -8.837838366830805, 0.0016000000400000006, -85.76288368699477
2025-04-01 17:17:36,180 - 2025-04-01T17:17:36.180426, 0.12107489818879769, 0.0, -1.951188716576565, 175.11248368676334, -48.308871585037814, -9.073826654767602, 0.0016000000400000006, -85.11248368676334
2025-04-01 17:17:36,220 - 2025-04-01T17:17:36.220768, 0.1218575457968698, 0.0, -1.9459774343234546, 174.68068368660963, -48.288273737904916, -9.245332102668778, 0.0016000000400000006, -84.68068368660963
2025-04-01 17:17:36,260 - 2025-04-01T17:17:36.260309, 0.1230486982803396, 0.0, -1.9404609902005507, 174.11348368640768, -48.254586687150955, -9.427231698009976, 0.0016000000400000006, -84.11348368640768
2025-04-01 17:17:36,300 - 2025-04-01T17:17:36.300651, 0.12409105736193426, 0.0, -1.9348109028078624, 173.5386836862029, -48.225904247229415, -9.613366052633124, 0.0016000000400000006, -83.5386836862029
2025-04-01 17:17:36,340 - 2025-04-01T17:17:36.340619, 0.1252746347793594, 0.0, -1.9291532403491287, 173.01628368601666, -48.19260212225067, -9.799885333031515, 0.0016000000400000006, -83.01628368601666
2025-04-01 17:17:36,380 - 2025-04-01T17:17:36.380761, 0.12667382723355036, 0.0, -1.923554824459242, 172.44058368581133, -48.152178006798565, -9.984672159564163, 0.0016000000400000006, -82.44058368581133
2025-04-01 17:17:36,421 - 2025-04-01T17:17:36.421502, 0.12799104792075866, 0.0, -1.9177483685986338, 171.90448368562, -48.114641122537904, -10.176196050794953, 0.0016000000400000006, -81.90448368562
2025-04-01 17:17:36,460 - 2025-04-01T17:17:36.460785, 0.12938266530890496, 0.0, -1.9120087343729184, 171.3391836854181, -48.074601932861015, -10.365602562384758, 0.0016000000400000006, -81.3391836854181
2025-04-01 17:17:36,500 - 2025-04-01T17:17:36.500624, 0.1309747476017269, 0.0, -1.9060459100443907, 170.76928368521442, -48.028210604261226, -10.562515990223186, 0.0016000000400000006, -80.76928368521442
2025-04-01 17:17:36,540 - 2025-04-01T17:17:36.540916, 0.13273834849455968, 0.0, -1.9006403839931347, 170.25198368502942, -47.97565988750331, -10.74133560360816, 0.0016000000400000006, -80.25198368502942
2025-04-01 17:17:36,580 - 2025-04-01T17:17:36.580703, 0.13458392115437423, 0.0, -1.895442897912601, 169.80468368486927, -47.92022193955399, -10.913418152294955, 0.0016000000400000006, -79.80468368486927
2025-04-01 17:17:36,621 - 2025-04-01T17:17:36.621054, 0.1357234021350422, 0.0, -1.8902832871622923, 169.4003836847245, -47.887882416890534, -11.083576072105622, 0.0016000000400000006, -79.40038368472449
2025-04-01 17:17:36,661 - 2025-04-01T17:17:36.661220, 0.13701167651758484, 0.0, -1.8852573196817688, 169.01148368458513, -47.85053828339467, -11.24949923263431, 0.0016000000400000006, -79.01148368458513
2025-04-01 17:17:36,701 - 2025-04-01T17:17:36.701100, 0.1381511574982528, 0.0, -1.8800977089314603, 168.65758368445816, -47.81819876073122, -11.41965715244497, 0.0016000000400000006, -78.65758368445816
2025-04-01 17:17:36,760 - 2025-04-01T17:17:36.760297, 0.14030675917487745, 0.0, -1.8727592226153504, 168.1780836842861, -47.754675644238844, -11.662189754315117, 0.0016000000400000006, -78.1780836842861
2025-04-01 17:17:36,800 - 2025-04-01T17:17:36.800863, 0.1418030735281417, 0.0, -1.867651283367844, 167.9314836841975, -47.71059444604483, -11.831000146035255, 0.0016000000400000006, -77.9314836841975
2025-04-01 17:17:36,841 - 2025-04-01T17:17:36.841349, 0.14301695120974722, 0.0, -1.8625584942524287, 167.75218368413312, -47.67575261796516, -11.999040686204914, 0.0016000000400000006, -77.75218368413312
2025-04-01 17:17:36,880 - 2025-04-01T17:17:36.880393, 0.1445056904969655, 0.0, -1.8573093366690925, 167.56298368406513, -47.6320563455464, -12.172470762982245, 0.0016000000400000006, -77.56298368406513
2025-04-01 17:17:36,921 - 2025-04-01T17:17:36.921015, 0.14577881474741794, 0.0, -1.8520009325169098, 167.39638368400523, -47.595482063601, -12.347633293625298, 0.0016000000400000006, -77.39638368400523
2025-04-01 17:17:36,960 - 2025-04-01T17:17:36.960681, 0.1470670891299597, 0.0, -1.8469749650363854, 167.2478836839518, -47.55813793010516, -12.513556454154022, 0.0016000000400000006, -77.24788368395181
2025-04-01 17:17:37,000 - 2025-04-01T17:17:37.000372, 0.148697046753008, 0.0, -1.8417182323870045, 167.15788368391944, -47.509821972629204, -12.687371456706567, 0.0016000000400000006, -77.15788368391944
2025-04-01 17:17:37,041 - 2025-04-01T17:17:37.041584, 0.15010381427324448, 0.0, -1.8362610348329473, 167.08988368389498, -47.469012931401856, -12.867538598182028, 0.0016000000400000006, -77.08988368389498
2025-04-01 17:17:37,081 - 2025-04-01T17:17:37.081310, 0.15116889855297488, 0.0, -1.8310346024477469, 167.08818368389439, -47.43917571415462, -13.03981389763366, 0.0016000000400000006, -77.08818368389439
2025-04-01 17:17:37,120 - 2025-04-01T17:17:37.120787, 0.15222640776666063, 0.0, -1.8256669517267174, 167.09318368389617, -47.409723422682596, -13.21670888214245, 0.0016000000400000006, -77.09318368389617
2025-04-01 17:17:37,162 - 2025-04-01T17:17:37.162030, 0.15364075035294267, 0.0, -1.82035097250849, 167.18718368393002, -47.368529455680005, -13.392256338560724, 0.0016000000400000006, -77.18718368393002
2025-04-01 17:17:37,202 - 2025-04-01T17:17:37.202184, 0.15454189109870775, 0.0, -1.8147084601818464, 167.30408368397204, -47.34446670081565, -13.578005767408658, 0.0016000000400000006, -77.30408368397204
2025-04-01 17:17:37,242 - 2025-04-01T17:17:37.242589, 0.1553837852756268, 0.0, -1.8092815628919698, 167.44938368402427, -47.322136399817005, -13.7566332057832, 0.0016000000400000006, -77.44938368402427
2025-04-01 17:17:37,280 - 2025-04-01T17:17:37.280611, 0.15615885781765382, 0.0, -1.8039290623030309, 167.70308368411548, -47.301923478459344, -13.932758338741525, 0.0016000000400000006, -77.70308368411548
2025-04-01 17:17:37,320 - 2025-04-01T17:17:37.320814, 0.15712682019831137, 0.0, -1.7982121532754496, 167.85548368417022, -47.275743343954, -14.12101007300568, 0.0016000000400000006, -77.85548368417022
2025-04-01 17:17:37,360 - 2025-04-01T17:17:37.360446, 0.1578426461714919, 0.0, -1.7930752677232773, 168.36088368435173, -47.25726287646206, -14.290013215490621, 0.0016000000400000006, -78.36088368435173
2025-04-01 17:17:37,400 - 2025-04-01T17:17:37.400229, 0.15805284537020103, 0.0, -1.7877530673985182, 168.8164836845152, -47.25552869533311, -14.464598645348048, 0.0016000000400000006, -78.81648368451519
2025-04-01 17:17:37,440 - 2025-04-01T17:17:37.440408, 0.1582630445689106, 0.0, -1.78243086707376, 169.46458368474748, -47.253794514204145, -14.639184075205446, 0.0016000000400000006, -79.46458368474748
2025-04-01 17:17:37,480 - 2025-04-01T17:17:37.480398, 0.15869643387043153, 0.0, -1.777309131653677, 170.12558368498418, -47.244553416826584, -14.807417366139957, 0.0016000000400000006, -80.12558368498418
2025-04-01 17:17:37,521 - 2025-04-01T17:17:37.521145, 0.1589583045719425, 0.0, -1.7716300979563226, 170.78278368521927, -47.24147170760712, -14.99374447152792, 0.0016000000400000006, -80.78278368521927
2025-04-01 17:17:37,561 - 2025-04-01T17:17:37.561291, 0.15872212356502846, 0.0, -1.7659069678222115, 171.63818368552492, -47.25475135897538, -15.181034179231164, 0.0016000000400000006, -81.63818368552492
2025-04-01 17:17:37,602 - 2025-04-01T17:17:37.602604, 0.15810773794689714, 0.0, -1.7610538729012117, 172.498483685832, -47.27958051086379, -15.339450999265669, 0.0016000000400000006, -82.49848368583201
2025-04-01 17:17:37,640 - 2025-04-01T17:17:37.640207, 0.157797160239046, 0.0, -1.755263921132208, 173.2605836861038, -47.295362467648246, -15.5288580866099, 0.0016000000400000006, -83.26058368610379
2025-04-01 17:17:37,660 - 2025-04-01T17:17:37.660332, 0.15766838411627848, 0.0, -1.7528632094231091, 173.75248368627908, -47.30190620582717, -15.60739273258189, 0.0016000000400000006, -83.75248368627908
2025-04-01 17:17:37,701 - 2025-04-01T17:17:37.701298, 0.15714976643770528, 0.0, -1.7471552294210881, 174.6134836865857, -47.32442522730979, -15.793912588734683, 0.0016000000400000006, -84.61348368658571
2025-04-01 17:17:37,720 - 2025-04-01T17:17:37.720840, 0.1569465936140002, 0.0, -1.7446876960770972, 175.136783686772, -47.33347127090493, -15.874564614347646, 0.0016000000400000006, -85.13678368677199
2025-04-01 17:17:37,741 - 2025-04-01T17:17:37.741295, 0.15652023068748422, 0.0, -1.7420196978284301, 175.67408368696314, -47.350024230748645, -15.96156877888352, 0.0016000000400000006, -85.67408368696314
2025-04-01 17:17:37,760 - 2025-04-01T17:17:37.760194, 0.1562199359647063, 0.0, -1.7390616878420588, 176.16958368713944, -47.36272735708568, -16.058197239308992, 0.0016000000400000006, -86.16958368713944
2025-04-01 17:17:37,781 - 2025-04-01T17:17:37.781342, 0.15578599797214432, 0.0, -1.7362524712575622, 176.72838368733812, -47.379665242704654, -16.149821088902048, 0.0016000000400000006, -86.72838368733812
2025-04-01 17:17:37,820 - 2025-04-01T17:17:37.820667, 0.15501524388609367, 0.0, -1.7311245147309489, 177.62438368765658, -47.409883931200696, -16.317092353275676, 0.0016000000400000006, -87.62438368765658
2025-04-01 17:17:37,860 - 2025-04-01T17:17:37.860160, 0.15402129969723077, 0.0, -1.7257960932996586, 178.492283687965, -47.447609535945354, -16.490715756572243, 0.0016000000400000006, -88.49228368796501
2025-04-01 17:17:37,900 - 2025-04-01T17:17:37.900739, 0.15336903874887353, 0.0, -1.7202369066995122, 179.29018368824845, -47.47436331670992, -16.672231001892612, 0.0016000000400000006, -89.29018368824845
2025-04-01 17:17:37,940 - 2025-04-01T17:17:37.940312, 0.15250873782979557, 0.0, -1.7147596918663481, -179.81891631143506, -47.50785416217261, -16.850859016021566, 0.0016000000400000006, 269.81891631143503
2025-04-01 17:17:37,980 - 2025-04-01T17:17:37.980740, 0.15144797200604065, 0.0, -1.7095056671359963, -179.00261631114506, -47.54769714655824, -17.021980113901886, 0.0016000000400000006, 269.00261631114506
2025-04-01 17:17:38,020 - 2025-04-01T17:17:38.020688, 0.15107814772934214, 0.0, -1.7039313304037593, -178.28201631088905, -47.56521155720846, -17.20426521077273, 0.0016000000400000006, 268.28201631088905
2025-04-01 17:17:38,060 - 2025-04-01T17:17:38.060672, 0.14966812359903736, 0.0, -1.6987668525064348, -177.5823163106404, -47.61641129134938, -17.372114151686397, 0.0016000000400000006, 267.5823163106404
2025-04-01 17:17:38,100 - 2025-04-01T17:17:38.100417, 0.14875615117715713, 0.0, -1.6936464710458665, -176.970616310423, -47.65124966490261, -17.539000490284796, 0.0016000000400000006, 266.970616310423
2025-04-01 17:17:38,140 - 2025-04-01T17:17:38.140351, 0.1480963151627548, 0.0, -1.687946066109891, -176.36091631020622, -47.678388371442395, -17.72513542066234, 0.0016000000400000006, 266.3609163102062
2025-04-01 17:17:38,180 - 2025-04-01T17:17:38.180612, 0.14687918087107965, 0.0, -1.6824171797739247, -175.88971631003864, -47.72362089243569, -17.90511096288181, 0.0016000000400000006, 265.88971631003864
2025-04-01 17:17:38,220 - 2025-04-01T17:17:38.220879, 0.1458928117482623, 0.0, -1.6772299766784644, -175.40101630986481, -47.760961571405105, -18.074114681121184, 0.0016000000400000006, 265.4010163098648
2025-04-01 17:17:38,260 - 2025-04-01T17:17:38.260536, 0.1448988675593994, 0.0, -1.671901555247175, -174.91681630969245, -47.79868717614977, -18.247738084417712, 0.0016000000400000006, 264.9168163096924
2025-04-01 17:17:38,301 - 2025-04-01T17:17:38.301221, 0.14376370503470826, 0.0, -1.6665807088819307, -174.51661630955002, -47.841032465951564, -18.42097656193902, 0.0016000000400000006, 264.51661630955005
2025-04-01 17:17:38,343 - 2025-04-01T17:17:38.343590, 0.14305977258354918, 0.0, -1.6613783556543802, -174.11151630940574, -47.86913377480665, -18.590750131728846, 0.0016000000400000006, 264.1115163094057
2025-04-01 17:17:38,380 - 2025-04-01T17:17:38.380266, 0.1422662932993628, 0.0, -1.655826744120279, -173.7521163092777, -47.900507240628386, -18.771880451273994, 0.0016000000400000006, 263.7521163092777
2025-04-01 17:17:38,421 - 2025-04-01T17:17:38.421482, 0.14110840557653503, 0.0, -1.650082242747546, -173.47691630917964, -47.944007307755925, -18.95897798396685, 0.0016000000400000006, 263.4769163091796
2025-04-01 17:17:38,462 - 2025-04-01T17:17:38.462160, 0.14053054132911535, 0.0, -1.644589877782292, -173.26651630910467, -47.96825878310427, -19.138375849646238, 0.0016000000400000006, 263.26651630910465
2025-04-01 17:17:38,500 - 2025-04-01T17:17:38.500363, 0.13968539054212714, 0.0, -1.6393950996207867, -172.91241630897844, -48.000979777016525, -19.307764493660837, 0.0016000000400000006, 262.91241630897844
2025-04-01 17:17:38,541 - 2025-04-01T17:17:38.540984, 0.1386990214193098, 0.0, -1.634207896525326, -172.57891630885945, -48.03832045598594, -19.476768211900215, 0.0016000000400000006, 262.57891630885945
2025-04-01 17:17:38,581 - 2025-04-01T17:17:38.581707, 0.13798751390210562, 0.0, -1.6288643249619459, -172.4214163088033, -48.06680669061625, -19.651161466747222, 0.0016000000400000006, 262.42141630880326
2025-04-01 17:17:38,640 - 2025-04-01T17:17:38.640655, 0.13610703040852679, 0.0, -1.6215299005243793, -172.1653163087119, -48.13552198691622, -19.88965321160904, 0.0016000000400000006, 262.1653163087119
2025-04-01 17:17:38,680 - 2025-04-01T17:17:38.680826, 0.13512823635175497, 0.0, -1.6164839157647486, -172.014416308658, -48.17247774011039, -20.05403724479123, 0.0016000000400000006, 262.01441630865804
2025-04-01 17:17:38,760 - 2025-04-01T17:17:38.760336, 0.13426036036663103, 0.0, -1.610865482595755, -171.78641630857663, -48.20635351134834, -20.237284943977357, 0.0016000000400000006, 261.78641630857663
2025-04-01 17:17:43,720 - 2025-04-01T17:17:43.720478, 0.1325010779297746, 0.0, -1.6057905515314577, -171.9507163086353, -48.26890999524462, -20.401861727924366, 0.0016000000400000006, 261.95071630863526
2025-04-01 17:17:43,800 - 2025-04-01T17:17:43.800267, 0.13204928188609388, 0.0, -1.6000081748284996, -172.1647163087117, -48.28931163708626, -20.59088388949335, 0.0016000000400000006, 262.1647163087117
2025-04-01 17:17:43,860 - 2025-04-01T17:17:43.860258, 0.13162778610659354, 0.0, -1.594790671468859, -172.54181630884622, -48.30817357582699, -20.76142731083363, 0.0016000000400000006, 262.54181630884625
2025-04-01 17:17:43,940 - 2025-04-01T17:17:43.940368, 0.13102719666103813, 0.0, -1.5888746514961158, -172.96881630899856, -48.333579828501044, -20.95468423168459, 0.0016000000400000006, 262.96881630899856
2025-04-01 17:17:44,040 - 2025-04-01T17:17:44.040575, 0.13071661895318742, 0.0, -1.583084699727113, -173.35621630913664, -48.34936178528549, -21.144091319028792, 0.0016000000400000006, 263.35621630913664
2025-04-01 17:17:44,160 - 2025-04-01T17:17:44.160494, 0.13068090285094902, 0.0, -1.5771383794901896, -173.817316309301, -48.356289297730854, -21.338887942980666, 0.0016000000400000006, 263.81731630930096
2025-04-01 17:17:44,240 - 2025-04-01T17:17:44.240695, 0.13044472184403544, 0.0, -1.571415249356079, -174.2321163094487, -48.3695689490991, -21.526177650683895, 0.0016000000400000006, 264.2321163094487
2025-04-01 17:17:44,300 - 2025-04-01T17:17:44.300556, 0.1306170457125191, 0.0, -1.5653869573521737, -174.68491630960992, -48.36975939684629, -21.72386150582718, 0.0016000000400000006, 264.6849163096099
2025-04-01 17:17:44,360 - 2025-04-01T17:17:44.360935, 0.1305510293461003, 0.0, -1.5588757637719324, -175.21911630980006, -48.378226612392574, -21.93713687000778, 0.0016000000400000006, 265.21911630980003
2025-04-01 17:17:44,420 - 2025-04-01T17:17:44.420870, 0.1305291094164387, 0.0, -1.551866518483267, -175.7197163099782, -48.38573122562355, -22.166773594776064, 0.0016000000400000006, 265.7197163099782
2025-04-01 17:17:44,480 - 2025-04-01T17:17:44.480699, 0.1308337225951921, 0.0, -1.544344071354085, -176.41681631022612, -48.38303386642492, -22.413541531682576, 0.0016000000400000006, 266.4168163102261
2025-04-01 17:17:44,540 - 2025-04-01T17:17:44.540812, 0.1311383357739455, 0.0, -1.536821624224904, -177.0178163104398, -48.38033650722627, -22.660309468589055, 0.0016000000400000006, 267.0178163104398
2025-04-01 17:17:44,581 - 2025-04-01T17:17:44.581028, 0.13169779327920628, 0.0, -1.5314098770671176, -177.4430163105909, -48.36724557634197, -22.838167055413134, 0.0016000000400000006, 267.4430163105909
2025-04-01 17:17:44,622 - 2025-04-01T17:17:44.622804, 0.1323833189882051, 0.0, -1.5257081181716274, -178.02951631079935, -48.350304811950984, -23.025648938126803, 0.0016000000400000006, 268.02951631079935
2025-04-01 17:17:44,661 - 2025-04-01T17:17:44.661689, 0.1331432413981415, 0.0, -1.5200731809110297, -178.66931631102668, -48.33086174214378, -23.21101344119948, 0.0016000000400000006, 268.6693163110267
2025-04-01 17:17:44,703 - 2025-04-01T17:17:44.703081, 0.13389558874203233, 0.0, -1.514297025314602, -179.27391631124144, -48.31180359811183, -23.400997629329357, 0.0016000000400000006, 269.27391631124146
2025-04-01 17:17:44,740 - 2025-04-01T17:17:44.740784, 0.134707182654771, 0.0, -1.508305254681408, -179.87151631145372, -48.29101300021411, -23.598103807932603, 0.0016000000400000006, 269.8715163114537
2025-04-01 17:17:44,761 - 2025-04-01T17:17:44.761197, 0.13518737631207722, 0.0, -1.5053761909997028, 179.7687836884185, -48.278115395849056, -23.694539517593263, 0.0016000000400000006, -89.76878368841851
2025-04-01 17:17:44,801 - 2025-04-01T17:17:44.801406, 0.13579850532013937, 0.0, -1.4996076104693206, 179.10878368818402, -48.26367693687425, -23.8841387799479, 0.0016000000400000006, -89.10878368818402
2025-04-01 17:17:44,841 - 2025-04-01T17:17:44.841681, 0.1369076860366265, 0.0, -1.493883126375695, 178.4481836879493, -48.23287711731173, -24.07277543998725, 0.0016000000400000006, -88.4481836879493
2025-04-01 17:17:44,881 - 2025-04-01T17:17:44.881022, 0.13781640184843846, 0.0, -1.4883818323848814, 177.72078368769087, -48.20842943667209, -24.25390518377799, 0.0016000000400000006, -87.72078368769087
2025-04-01 17:17:44,922 - 2025-04-01T17:17:44.921982, 0.13852465275557257, 0.0, -1.4831037284968795, 177.10948368747358, -48.190333894955415, -24.427528011320117, 0.0016000000400000006, -87.1094836874736
2025-04-01 17:17:44,960 - 2025-04-01T17:17:44.960504, 0.13957458690321323, 0.0, -1.4775948594400203, 176.57498368728355, -48.161266529258626, -24.6090426808861, 0.0016000000400000006, -86.57498368728355
2025-04-01 17:17:45,000 - 2025-04-01T17:17:45.000711, 0.1406169459848079, 0.0, -1.4719447720473315, 175.9806836870722, -48.13258408933709, -24.79517703550927, 0.0016000000400000006, -85.9806836870722
2025-04-01 17:17:45,040 - 2025-04-01T17:17:45.040352, 0.14154838699475425, 0.0, -1.4668671330640062, 175.46378368688838, -48.10698163137179, -24.96244772412847, 0.0016000000400000006, -85.46378368688838
2025-04-01 17:17:45,080 - 2025-04-01T17:17:45.080441, 0.14290348301218936, 0.0, -1.461766768882545, 175.0378836867368, -48.06752011823494, -25.130873190073373, 0.0016000000400000006, -85.03788368673679
2025-04-01 17:17:45,120 - 2025-04-01T17:17:45.120248, 0.14381977389004508, 0.0, -1.4564066932275601, 174.61198368658518, -48.04268751182011, -25.307383248806957, 0.0016000000400000006, -84.61198368658518
2025-04-01 17:17:45,160 - 2025-04-01T17:17:45.160334, 0.1446099965641623, 0.0, -1.4513366293102798, 174.2673836864625, -48.021704738911986, -25.47426901165093, 0.0016000000400000006, -84.2673836864625
2025-04-01 17:17:45,200 - 2025-04-01T17:17:45.200650, 0.14557795894482073, 0.0, -1.4456197202826995, 173.9762836863588, -47.99552460440662, -25.66252074591505, 0.0016000000400000006, -83.97628368635881
2025-04-01 17:17:45,240 - 2025-04-01T17:17:45.240436, 0.14649424982267645, 0.0, -1.440259644627715, 173.71198368626466, -47.97069199799179, -25.83903080464862, 0.0016000000400000006, -83.71198368626466
2025-04-01 17:17:45,281 - 2025-04-01T17:17:45.281004, 0.1474256908326228, 0.0, -1.4351820056443887, 173.45648368617358, -47.9450895400265, -26.006301493267852, 0.0016000000400000006, -83.45648368617358
2025-04-01 17:17:45,320 - 2025-04-01T17:17:45.320911, 0.1481339417397578, 0.0, -1.4299039017563868, 173.22958368609272, -47.9269939983098, -26.179924320809985, 0.0016000000400000006, -83.22958368609272
2025-04-01 17:17:45,360 - 2025-04-01T17:17:45.360550, 0.14869339924501812, 0.0, -1.424492154598601, 173.07618368603804, -47.91390306742551, -26.357781907634045, 0.0016000000400000006, -83.07618368603805
2025-04-01 17:17:45,403 - 2025-04-01T17:17:45.403103, 0.14954286848798182, 0.0, -1.4192064756445535, 172.9939836860087, -47.89118784065165, -26.53178966095142, 0.0016000000400000006, -82.9939836860087
2025-04-01 17:17:45,440 - 2025-04-01T17:17:45.440738, 0.15075674616958779, 0.0, -1.4141136865291375, 172.91318368597993, -47.85634601257197, -26.699830201121095, 0.0016000000400000006, -82.91318368597993
2025-04-01 17:17:45,480 - 2025-04-01T17:17:45.480574, 0.15104891713527868, 0.0, -1.4089995261751, 172.89448368597326, -47.85172460025161, -26.867678566280365, 0.0016000000400000006, -82.89448368597326
2025-04-01 17:17:45,520 - 2025-04-01T17:17:45.520587, 0.1516979214735672, 0.0, -1.4039370373238649, 172.86278368596194, -47.83536151240064, -27.03417940334911, 0.0016000000400000006, -82.86278368596194
2025-04-01 17:17:45,560 - 2025-04-01T17:17:45.560751, 0.15252466551839516, 0.0, -1.3982277033623287, 172.83308368595135, -47.813801062952486, -27.22204621183803, 0.0016000000400000006, -82.83308368595135
2025-04-01 17:17:45,600 - 2025-04-01T17:17:45.600551, 0.15329973806042174, 0.0, -1.3928752027733893, 172.8247836859484, -47.793588141594824, -27.398171344796378, 0.0016000000400000006, -82.8247836859484
2025-04-01 17:17:45,641 - 2025-04-01T17:17:45.640985, 0.15406723553640367, 0.0, -1.3873814838486211, 172.83678368595267, -47.773760146012386, -27.57891616281187, 0.0016000000400000006, -82.83678368595267
2025-04-01 17:17:45,680 - 2025-04-01T17:17:45.680514, 0.15442622813698792, 0.0, -1.3821929267936466, 173.02798368602086, -47.767021354051, -27.749266833387345, 0.0016000000400000006, -83.02798368602086
2025-04-01 17:17:45,720 - 2025-04-01T17:17:45.720684, 0.15461370213756176, 0.0, -1.3764470714613997, 173.28298368611175, -47.766441950247746, -27.937711318416287, 0.0016000000400000006, -83.28298368611175
2025-04-01 17:17:45,761 - 2025-04-01T17:17:45.761378, 0.15445191783158485, 0.0, -1.3707907629621805, 173.5041836861906, -47.77721929619981, -28.122883646478567, 0.0016000000400000006, -83.5041836861906
2025-04-01 17:17:45,801 - 2025-04-01T17:17:45.801089, 0.15522699037361143, 0.0, -1.3654382623732415, 173.78878368629202, -47.75700637484215, -28.299008779436893, 0.0016000000400000006, -83.78878368629202
2025-04-01 17:17:45,842 - 2025-04-01T17:17:45.842034, 0.15557840790815058, 0.0, -1.360108486982437, 173.97718368635915, -47.750652508656, -28.473979135069563, 0.0016000000400000006, -83.97718368635915
2025-04-01 17:17:45,880 - 2025-04-01T17:17:45.880888, 0.15585542874175173, 0.0, -1.3547118899567412, 174.19418368643642, -47.746800947886086, -28.65106687034317, 0.0016000000400000006, -84.19418368643642
2025-04-01 17:17:45,920 - 2025-04-01T17:17:45.920474, 0.1563329144800294, 0.0, -1.3490921028282332, 174.54668368656192, -47.736597248193235, -28.835661521865408, 0.0016000000400000006, -84.54668368656192
2025-04-01 17:17:45,960 - 2025-04-01T17:17:45.960611, 0.15681040021830794, 0.0, -1.3434723156997257, 174.715383686622, -47.72639354850036, -29.02025617338763, 0.0016000000400000006, -84.715383686622
2025-04-01 17:17:46,000 - 2025-04-01T17:17:46.000863, 0.15673058767931325, 0.0, -1.3380240471712281, 175.04668368673993, -47.73428366326099, -29.19869143675175, 0.0016000000400000006, -85.04668368673993
2025-04-01 17:17:46,060 - 2025-04-01T17:17:46.060238, 0.15695322909108445, 0.0, -1.330293560071325, 175.52228368690913, -47.734473535253784, -29.452196438356395, 0.0016000000400000006, -85.52228368690913
2025-04-01 17:17:46,120 - 2025-04-01T17:17:46.120554, 0.1571910206349454, 0.0, -1.3228455096430811, 176.20578368715226, -47.73389355569613, -29.696462069846678, 0.0016000000400000006, -86.20578368715226
2025-04-01 17:17:46,180 - 2025-04-01T17:17:46.180739, 0.15719804700994944, 0.0, -1.3150557759743307, 176.74138368734273, -47.74120541816231, -29.951699525317082, 0.0016000000400000006, -86.74138368734273
2025-04-01 17:17:46,240 - 2025-04-01T17:17:46.240588, 0.15714582681610745, 0.0, -1.3074816573423478, 177.35118368755948, -47.750249734494204, -30.199814990314078, 0.0016000000400000006, -87.35118368755948
2025-04-01 17:17:46,280 - 2025-04-01T17:17:46.280549, 0.15693994607337425, 0.0, -1.3023234005515545, 177.66338368767043, -47.76198968276154, -30.368625957788606, 0.0016000000400000006, -87.66338368767043
2025-04-01 17:17:46,323 - 2025-04-01T17:17:46.323320, 0.15636208182595412, 0.0, -1.2968310355862998, 177.9867836877854, -47.7862411581099, -30.548023823468025, 0.0016000000400000006, -87.98678368778539
2025-04-01 17:17:46,360 - 2025-04-01T17:17:46.360227, 0.15613347588508564, 0.0, -1.2912491237880177, 178.47278368795804, -47.799135883702924, -30.730693846114097, 0.0016000000400000006, -88.47278368795804
2025-04-01 17:17:46,400 - 2025-04-01T17:17:46.400528, 0.15588214474608142, 0.0, -1.2852435569822478, 178.7656836880621, -47.81318538662163, -30.9272229239317, 0.0016000000400000006, -88.7656836880621
2025-04-01 17:17:46,441 - 2025-04-01T17:17:46.440961, 0.15537110213355332, 0.0, -1.2796767953160564, 179.19378368821418, -47.835319482329034, -31.109123095027307, 0.0016000000400000006, -89.19378368821418
2025-04-01 17:17:46,480 - 2025-04-01T17:17:46.480493, 0.15538083642758638, 0.0, -1.2745777850941091, 179.53968368833708, -47.839937440122995, -31.276201608636118, 0.0016000000400000006, -89.53968368833708
2025-04-01 17:17:46,520 - 2025-04-01T17:17:46.520373, 0.15517495568485273, 0.0, -1.269419528303315, 179.86308368845198, -47.851677388390335, -31.445012576110674, 0.0016000000400000006, -89.863083688452
2025-04-01 17:17:46,540 - 2025-04-01T17:17:46.540851, 0.1550978510648875, 0.0, -1.2666619832216206, -179.87141631145371, -47.856873598478735, -31.535288897613203, 0.0016000000400000006, 269.8714163114537
2025-04-01 17:17:46,580 - 2025-04-01T17:17:46.580443, 0.15456408325422366, 0.0, -1.2606715665479404, -179.5099163113253, -47.88016247151183, -31.731048123880363, 0.0016000000400000006, 269.5099163113253
2025-04-01 17:17:46,620 - 2025-04-01T17:17:46.620322, 0.15399379407284863, 0.0, -1.2553204199185148, -179.17571631120657, -47.90402902108497, -31.90582630450261, 0.0016000000400000006, 269.17571631120654
2025-04-01 17:17:46,660 - 2025-04-01T17:17:46.660644, 0.1531486432858613, 0.0, -1.25012564175701, -178.80401631107452, -47.93675001499719, -32.07521494851719, 0.0016000000400000006, 268.8040163110745
2025-04-01 17:17:46,700 - 2025-04-01T17:17:46.700866, 0.1524522859007469, 0.0, -1.2450645068652886, -178.41941631093786, -47.96446639807706, -32.240368833249846, 0.0016000000400000006, 268.4194163109379
2025-04-01 17:17:46,740 - 2025-04-01T17:17:46.740296, 0.1524241448645549, 0.0, -1.2392594049641952, -178.15311631084327, -47.971008984747144, -32.43054577214452, 0.0016000000400000006, 268.1531163108433
2025-04-01 17:17:46,780 - 2025-04-01T17:17:46.780696, 0.15169748721526055, 0.0, -1.2336333967291568, -177.92271631076142, -48.00026507092792, -32.614178397105874, 0.0016000000400000006, 267.9227163107614
2025-04-01 17:17:46,820 - 2025-04-01T17:17:46.820780, 0.15135038813669732, 0.0, -1.2284827150044078, -177.66941631067135, -48.016624704252436, -32.78260443880519, 0.0016000000400000006, 267.66941631067135
2025-04-01 17:17:46,880 - 2025-04-01T17:17:46.880622, 0.15060722639579893, 0.0, -1.221228908374309, -177.3318163105514, -48.04799759431976, -33.01955590481169, 0.0016000000400000006, 267.3318163105514
2025-04-01 17:17:46,920 - 2025-04-01T17:17:46.920686, 0.15047574235400285, 0.0, -1.2161374732184074, -177.17311631049498, -48.057235237170886, -33.18624949264525, 0.0016000000400000006, 267.17311631049495
2025-04-01 17:17:46,960 - 2025-04-01T17:17:46.960750, 0.1506266949838646, 0.0, -1.211030887930415, -177.02341631044177, -48.0572335099077, -33.3537129320293, 0.0016000000400000006, 267.02341631044186
2025-04-01 17:17:47,000 - 2025-04-01T17:17:47.000352, 0.1503312674081041, 0.0, -1.2055233728330705, -176.93381631040992, -48.07224561514168, -33.53388064925917, 0.0016000000400000006, 266.93381631040995
2025-04-01 17:17:47,040 - 2025-04-01T17:17:47.040684, 0.14961975989089993, 0.0, -1.2001798012696905, -176.83511631037484, -48.10073184977199, -33.70827390410617, 0.0016000000400000006, 266.8351163103748
2025-04-01 17:17:47,081 - 2025-04-01T17:17:47.081655, 0.14902674551139006, 0.0, -1.194404999632778, -176.74451631034265, -48.1257531766708, -33.89691113989992, 0.0016000000400000006, 266.74451631034265
2025-04-01 17:17:47,121 - 2025-04-01T17:17:47.121826, 0.14851570289886196, 0.0, -1.1888382379665856, -176.49711631025468, -48.14788727237819, -34.07881131099555, 0.0016000000400000006, 266.4971163102547
2025-04-01 17:17:47,163 - 2025-04-01T17:17:47.163302, 0.14808663205331696, 0.0, -1.1834795162711158, -176.45821631024083, -48.167134136894134, -34.253974417392996, 0.0016000000400000006, 266.4582163102408
2025-04-01 17:17:47,200 - 2025-04-01T17:17:47.200407, 0.14716708456539163, 0.0, -1.1782179164747184, -176.3054163101865, -48.202357436222584, -34.42548044104857, 0.0016000000400000006, 266.3054163101865
2025-04-01 17:17:47,240 - 2025-04-01T17:17:47.240842, 0.14642527678400707, 0.0, -1.172309471568021, -176.11931631012033, -48.23238337395381, -34.618352436124276, 0.0016000000400000006, 266.1193163101203
2025-04-01 17:17:47,280 - 2025-04-01T17:17:47.280435, 0.1459293843035696, 0.0, -1.1670251465734882, -176.04301631009318, -48.25374761811074, -34.79101323710553, 0.0016000000400000006, 266.0430163100932
2025-04-01 17:17:47,320 - 2025-04-01T17:17:47.320703, 0.14529227348730256, 0.0, -1.1617483966449997, -175.88061631003544, -48.27973154732484, -34.963289112311585, 0.0016000000400000006, 265.8806163100354
2025-04-01 17:17:47,360 - 2025-04-01T17:17:47.360935, 0.1449224492106045, 0.0, -1.1561740599127632, -175.79841631000616, -48.29724595797504, -35.14557420918241, 0.0016000000400000006, 265.79841631000613
2025-04-01 17:17:47,400 - 2025-04-01T17:17:47.400731, 0.14425503813015705, 0.0, -1.1503324366409577, -175.71611630997688, -48.324769590290074, -35.33632882461716, 0.0016000000400000006, 265.7161163099769
2025-04-01 17:17:47,440 - 2025-04-01T17:17:47.440588, 0.1437364204515843, 0.0, -1.1446244566389367, -175.53271630991165, -48.34728861177268, -35.52284868076995, 0.0016000000400000006, 265.5327163099116
2025-04-01 17:17:47,480 - 2025-04-01T17:17:47.480819, 0.1435305397088511, 0.0, -1.139466199848143, -175.50401630990146, -48.35902856004001, -35.69165964824449, 0.0016000000400000006, 265.50401630990143
2025-04-01 17:17:47,523 - 2025-04-01T17:17:47.523119, 0.1429010039586296, 0.0, -1.134330668255485, -175.43991630987864, -48.38462756347888, -35.85931583839333, 0.0016000000400000006, 265.43991630987864
2025-04-01 17:17:47,560 - 2025-04-01T17:17:47.560293, 0.1423899613461015, 0.0, -1.1287639065892932, -175.3811163098577, -48.40676165918628, -36.04121600948895, 0.0016000000400000006, 265.3811163098577
2025-04-01 17:17:47,600 - 2025-04-01T17:17:47.600441, 0.1422509022382603, 0.0, -1.1235312530975619, -175.34581630984516, -48.416384227812635, -36.2125292823797, 0.0016000000400000006, 265.3458163098452
2025-04-01 17:17:47,660 - 2025-04-01T17:17:47.660636, 0.14199064207369672, 0.0, -1.1160391062325612, -175.31451630983403, -48.43216560884268, -36.45775751618527, 0.0016000000400000006, 265.31451630983406
2025-04-01 17:17:47,701 - 2025-04-01T17:17:47.701118, 0.14153884603001599, 0.0, -1.110256729529603, -175.40911630986767, -48.452567250684325, -36.64677967775425, 0.0016000000400000006, 265.40911630986767
2025-04-01 17:17:47,741 - 2025-04-01T17:17:47.741181, 0.14065581991280185, 0.0, -1.1043558596889511, -175.4533163098834, -48.487212873472735, -36.83926674705472, 0.0016000000400000006, 265.4533163098834
2025-04-01 17:17:47,784 - 2025-04-01T17:17:47.784132, 0.14023432413330195, 0.0, -1.09913835632931, -175.48551630989485, -48.50607481221345, -37.00981016839502, 0.0016000000400000006, 265.4855163098948
2025-04-01 17:17:47,820 - 2025-04-01T17:17:47.820621, 0.1402957299301364, 0.0, -1.093682512734767, -175.52661630990949, -48.50934524191691, -37.188630357534386, 0.0016000000400000006, 265.5266163099095
2025-04-01 17:17:47,860 - 2025-04-01T17:17:47.860667, 0.13999272728833034, 0.0, -1.0880337793015928, -175.63311630994735, -48.52474227292613, -37.373417759821436, 0.0016000000400000006, 265.63311630994735
2025-04-01 17:17:47,900 - 2025-04-01T17:17:47.900761, 0.1400541330851648, 0.0, -1.0825779357070497, -175.82921631001716, -48.5280127026296, -37.5522379489608, 0.0016000000400000006, 265.82921631001716
2025-04-01 17:17:47,940 - 2025-04-01T17:17:47.940526, 0.13931232530378113, 0.0, -1.0766694908003531, -175.8777163100344, -48.5580386403608, -37.745109944036486, 0.0016000000400000006, 265.87771631003443
2025-04-01 17:17:47,980 - 2025-04-01T17:17:47.980528, 0.13924008783083108, 0.0, -1.0713624406076843, -175.9961163100765, -48.56554382934622, -37.91892552234345, 0.0016000000400000006, 265.9961163100765
2025-04-01 17:17:48,020 - 2025-04-01T17:17:48.020540, 0.13902663202205234, 0.0, -1.0660629654810605, -176.01911631008468, -48.57766870338879, -38.09235617487519, 0.0016000000400000006, 266.01911631008466
2025-04-01 17:17:48,060 - 2025-04-01T17:17:48.060754, 0.13874635457838203, 0.0, -1.0608378870553752, -176.1696163101382, -48.591910957072315, -38.263284521990684, 0.0016000000400000006, 266.16961631013817
2025-04-01 17:17:48,105 - 2025-04-01T17:17:48.104845, 0.13878503517708074, 0.0, -1.0549583884533433, -176.37341631021067, -48.59633616410148, -38.45596376630161, 0.0016000000400000006, 266.3734163102107
2025-04-01 17:17:48,141 - 2025-04-01T17:17:48.141023, 0.13835596433153619, 0.0, -1.0495996667578735, -176.35311631020346, -48.61558302861741, -38.631126872699056, 0.0016000000400000006, 266.35311631020346
2025-04-01 17:17:48,180 - 2025-04-01T17:17:48.180426, 0.13835054849347905, 0.0, -1.0442182198642684, -176.54821631027284, -48.62097083796183, -38.80744475642219, 0.0016000000400000006, 266.54821631027284
2025-04-01 17:17:48,220 - 2025-04-01T17:17:48.220846, 0.13812194255261057, 0.0, -1.0386363080659864, -176.58421631028563, -48.63386556355484, -38.99011477906827, 0.0016000000400000006, 266.5842163102856
2025-04-01 17:17:48,260 - 2025-04-01T17:17:48.260302, 0.1379828834447685, 0.0, -1.0334036545742546, -176.7059163103289, -48.64348813218123, -39.16142805195904, 0.0016000000400000006, 266.7059163103289
2025-04-01 17:17:48,300 - 2025-04-01T17:17:48.300243, 0.13834945111139785, 0.0, -1.0283563158551097, -176.89651631039663, -48.63636441444463, -39.32715903747733, 0.0016000000400000006, 266.89651631039663
2025-04-01 17:17:48,340 - 2025-04-01T17:17:48.340386, 0.13798720190074443, 0.0, -1.0229231974587023, -176.8376163103757, -48.65349389931961, -39.50482444929099, 0.0016000000400000006, 266.83761631037567
2025-04-01 17:17:48,380 - 2025-04-01T17:17:48.380410, 0.137632527756137, 0.0, -1.0176312973981245, -176.95641631041792, -48.67023845841934, -39.67787017604747, 0.0016000000400000006, 266.9564163104179
2025-04-01 17:17:48,420 - 2025-04-01T17:17:48.420796, 0.13770908368506163, 0.0, -1.0124578904752402, -177.05531631045312, -48.672739036572345, -39.847450995072485, 0.0016000000400000006, 267.0553163104531
2025-04-01 17:17:48,461 - 2025-04-01T17:17:48.461246, 0.13762927114606738, 0.0, -1.0070096219467422, -177.18411631049887, -48.68062915133295, -40.025886258436614, 0.0016000000400000006, 267.1841163104989
2025-04-01 17:17:48,520 - 2025-04-01T17:17:48.520290, 0.1375694758861794, 0.0, -0.9992942849789297, -177.35201631055855, -48.69005839344011, -40.2786214084908, 0.0016000000400000006, 267.35201631055855
2025-04-01 17:17:48,560 - 2025-04-01T17:17:48.560628, 0.13714798010667995, 0.0, -0.994076781619289, -177.5344163106234, -48.70892033218081, -40.449164829831076, 0.0016000000400000006, 267.53441631062344
2025-04-01 17:17:48,600 - 2025-04-01T17:17:48.600710, 0.13658526599135, 0.0, -0.988866853325693, -177.648716310664, -48.732401955978716, -40.619323325396145, 0.0016000000400000006, 267.648716310664
2025-04-01 17:17:48,641 - 2025-04-01T17:17:48.641004, 0.13662394659004917, 0.0, -0.982987354723662, -177.81621631072355, -48.736827163007874, -40.81200256970703, 0.0016000000400000006, 267.8162163107236
2025-04-01 17:17:48,681 - 2025-04-01T17:17:48.681303, 0.13612047904356706, 0.0, -0.9775618113932998, -177.79171631071486, -48.75857633294001, -40.98928305574547, 0.0016000000400000006, 267.79171631071483
2025-04-01 17:17:48,721 - 2025-04-01T17:17:48.721773, 0.13601794130643707, 0.0, -0.9716898878573139, -178.039716310803, -48.76762122502633, -41.181577374281126, 0.0016000000400000006, 268.039716310803
2025-04-01 17:17:48,765 - 2025-04-01T17:17:48.765764, 0.13583343180232443, 0.0, -0.9656099243506069, -178.09501631082261, -48.77955334830409, -41.380608757514935, 0.0016000000400000006, 268.09501631082264
2025-04-01 17:17:48,820 - 2025-04-01T17:17:48.820612, 0.13608637347827646, 0.0, -0.9584443105940212, -178.3168163109014, -48.77820351719595, -41.61563501889087, 0.0016000000400000006, 268.3168163109014
2025-04-01 17:17:48,860 - 2025-04-01T17:17:48.860692, 0.13593216423834464, 0.0, -0.9529292204306317, -178.3513163109137, -48.788595937372776, -41.796187661895964, 0.0016000000400000006, 268.3513163109137
2025-04-01 17:17:48,900 - 2025-04-01T17:17:48.900664, 0.1357187084295659, 0.0, -0.9476297453040079, -178.4696163109557, -48.80072081141535, -41.96961831442769, 0.0016000000400000006, 268.4696163109557
2025-04-01 17:17:48,941 - 2025-04-01T17:17:48.941360, 0.13612937253295154, 0.0, -0.9420843548764375, -178.6557163110218, -48.79263449136348, -42.15171066053372, 0.0016000000400000006, 268.6557163110219
2025-04-01 17:17:49,001 - 2025-04-01T17:17:49.001450, 0.13601033070421753, 0.0, -0.9345846329453917, -178.70331631103875, -48.803796187336346, -42.397323820114515, 0.0016000000400000006, 268.70331631103875
2025-04-01 17:17:49,042 - 2025-04-01T17:17:49.042749, 0.13605658636896178, 0.0, -0.9288463526791899, -178.93921631112255, -48.80783646859027, -42.58538337936824, 0.0016000000400000006, 268.93921631112255
2025-04-01 17:17:49,080 - 2025-04-01T17:17:49.080665, 0.13576115879320128, 0.0, -0.9233388375818454, -179.00501631114594, -48.82284857382425, -42.765551096598095, 0.0016000000400000006, 269.00501631114594
2025-04-01 17:17:49,120 - 2025-04-01T17:17:49.120437, 0.13618697302867666, 0.0, -0.9180758838259337, -179.0410163111587, -48.813992402221935, -42.93840407258977, 0.0016000000400000006, 269.0410163111588
2025-04-01 17:17:49,160 - 2025-04-01T17:17:49.160552, 0.13612988568781725, 0.0, -0.9130512703049236, -179.1198163111867, -48.82072773965688, -43.10298028078238, 0.0016000000400000006, 269.1198163111867
2025-04-01 17:17:49,200 - 2025-04-01T17:17:49.200926, 0.13619886655069768, 0.0, -0.9077366450462101, -179.14331631119506, -48.823613243585086, -43.27718078486456, 0.0016000000400000006, 269.14331631119506
2025-04-01 17:17:49,240 - 2025-04-01T17:17:49.240496, 0.13655028408523684, 0.0, -0.9024068696554064, -179.37721631127815, -48.81725937739894, -43.45215114049721, 0.0016000000400000006, 269.3772163112782
2025-04-01 17:17:49,280 - 2025-04-01T17:17:49.280394, 0.1363884997792595, 0.0, -0.8967505611561872, -179.43011631129696, -48.828036723351005, -43.63732346855948, 0.0016000000400000006, 269.43011631129696
2025-04-01 17:17:49,320 - 2025-04-01T17:17:49.320507, 0.13679916388264468, 0.0, -0.8912051707286164, -179.5749163113484, -48.81995040329915, -43.81941581466552, 0.0016000000400000006, 269.5749163113484
2025-04-01 17:17:49,361 - 2025-04-01T17:17:49.361306, 0.13713543128509365, 0.0, -0.885592958666154, -179.7045163113944, -48.81436638866346, -44.003625540412514, 0.0016000000400000006, 269.7045163113944
2025-04-01 17:17:49,401 - 2025-04-01T17:17:49.401031, 0.13706319381214493, 0.0, -0.880285908473486, -179.74641631140932, -48.821871577648835, -44.17744111871945, 0.0016000000400000006, 269.74641631140935
2025-04-01 17:17:49,441 - 2025-04-01T17:17:49.441418, 0.1371838461778263, 0.0, -0.8746144498421762, -179.9414163114786, -48.823409553486556, -44.363383298332195, 0.0016000000400000006, 269.94141631147863
2025-04-01 17:17:49,480 - 2025-04-01T17:17:49.480432, 0.13709645857278652, 0.0, -0.869024962977849, -179.94521631147992, -48.83168459402241, -44.5464382467535, 0.0016000000400000006, 269.94521631147995
2025-04-01 17:17:49,500 - 2025-04-01T17:17:49.500578, 0.1371757224207406, 0.0, -0.8665422795017679, 179.96948368848976, -48.83149126750318, -44.627860123916925, 0.0016000000400000006, -89.96948368848976
2025-04-01 17:17:49,540 - 2025-04-01T17:17:49.540311, 0.13722955315152996, 0.0, -0.8609452175713952, 179.86418368845236, -48.835146622981874, -44.811299998113476, 0.0016000000400000006, -89.86418368845236
2025-04-01 17:17:49,581 - 2025-04-01T17:17:49.581688, 0.13784825722563765, 0.0, -0.855317855376843, 179.81658368843546, -48.82032323823183, -44.99627957541091, 0.0016000000400000006, -89.81658368843546
2025-04-01 17:17:49,621 - 2025-04-01T17:17:49.621331, 0.13792481315456318, 0.0, -0.8501444484539586, 179.69898368839367, -48.822823816384805, -45.165860394435924, 0.0016000000400000006, -89.69898368839368
2025-04-01 17:17:49,662 - 2025-04-01T17:17:49.662809, 0.1379118222504605, 0.0, -0.8446217832245235, 179.62848368836865, -48.82859655150447, -45.34679796321627, 0.0016000000400000006, -89.62848368836865
2025-04-01 17:17:49,700 - 2025-04-01T17:17:49.700808, 0.13806277488032226, 0.0, -0.8395151979365312, 179.48618368831808, -48.82859482424128, -45.514261402600305, 0.0016000000400000006, -89.48618368831808
2025-04-01 17:17:49,740 - 2025-04-01T17:17:49.740482, 0.13839146721672613, 0.0, -0.8337617675382392, 179.33858368826563, -48.823395735380814, -45.703090813404486, 0.0016000000400000006, -89.33858368826563
2025-04-01 17:17:49,780 - 2025-04-01T17:17:49.780345, 0.13839362644471453, 0.0, -0.8285215389804632, 179.3505836882699, -48.82839861894999, -45.87478901207045, 0.0016000000400000006, -89.35058368826991
2025-04-01 17:17:49,820 - 2025-04-01T17:17:49.820534, 0.1387450439792528, 0.0, -0.8231917635896591, 179.29168368824895, -48.82204475276387, -46.0497593677031, 0.0016000000400000006, -89.29168368824895
2025-04-01 17:17:49,861 - 2025-04-01T17:17:49.861006, 0.13915570808263844, 0.0, -0.8176463731620887, 179.16038368820233, -48.81395843271199, -46.23185171380913, 0.0016000000400000006, -89.16038368820233
2025-04-01 17:17:49,902 - 2025-04-01T17:17:49.902079, 0.13972274065394386, 0.0, -0.8123758443401319, 179.0754836881722, -48.800482576052474, -46.40508961557603, 0.0016000000400000006, -89.0754836881722
2025-04-01 17:17:49,942 - 2025-04-01T17:17:49.942747, 0.14014855488942013, 0.0, -0.8071128905842202, 178.98248368813915, -48.79162640445013, -46.5779425915677, 0.0016000000400000006, -88.98248368813915
2025-04-01 17:17:49,980 - 2025-04-01T17:17:49.980741, 0.14008389248251518, 0.0, -0.8019470587273805, 178.92278368811793, -48.79874666766032, -46.74713848481749, 0.0016000000400000006, -88.92278368811793
2025-04-01 17:17:50,020 - 2025-04-01T17:17:50.020892, 0.13965482163697063, 0.0, -0.7965883370319102, 178.80058368807454, -48.817993532176246, -46.92230159121496, 0.0016000000400000006, -88.80058368807455
2025-04-01 17:17:50,060 - 2025-04-01T17:17:50.060696, 0.1396494057989135, 0.0, -0.7912068901383051, 178.66108368802497, -48.823381341520665, -47.0986194749381, 0.0016000000400000006, -88.66108368802497
2025-04-01 17:17:50,100 - 2025-04-01T17:17:50.100548, 0.1397776332306404, 0.0, -0.7856766498428245, 178.57388368799394, -48.82453439158314, -47.27994196949367, 0.0016000000400000006, -88.57388368799394
2025-04-01 17:17:50,164 - 2025-04-01T17:17:50.164828, 0.14060166935644025, 0.0, -0.7772765924344869, 178.36718368792054, -48.80566784680718, -47.555967719844126, 0.0016000000400000006, -88.36718368792054
2025-04-01 17:17:50,200 - 2025-04-01T17:17:50.200420, 0.14081944362119447, 0.0, -0.772095610445557, 178.27158368788656, -48.803548739903, -47.725933464644385, 0.0016000000400000006, -88.27158368788656
2025-04-01 17:17:50,240 - 2025-04-01T17:17:50.240275, 0.14100691762176876, 0.0, -0.7663497551133105, 178.16428368784847, -48.80296933609973, -47.91437794967332, 0.0016000000400000006, -88.16428368784847
2025-04-01 17:17:50,280 - 2025-04-01T17:17:50.280674, 0.14141000665910974, 0.0, -0.7606631463499105, 178.04358368780555, -48.79526794182306, -48.10108998083653, 0.0016000000400000006, -88.04358368780555
2025-04-01 17:17:50,320 - 2025-04-01T17:17:50.320579, 0.14112215414939344, 0.0, -0.7552968495883956, 177.98118368778339, -48.809895121281855, -48.27663801300921, 0.0016000000400000006, -87.98118368778339
2025-04-01 17:17:50,360 - 2025-04-01T17:17:50.360304, 0.14176358342163642, 0.0, -0.7500931424013308, 177.8644836877419, -48.79391695920612, -48.44775853513514, 0.0016000000400000006, -87.86448368774191
2025-04-01 17:17:50,400 - 2025-04-01T17:17:50.400566, 0.14175059251753375, 0.0, -0.7445704771718953, 177.86168368774094, -48.799689694325785, -48.62869610391549, 0.0016000000400000006, -87.86168368774094
2025-04-01 17:17:50,440 - 2025-04-01T17:17:50.440858, 0.142109585118118, 0.0, -0.7393819201169212, 177.68108368767673, -48.7929509023644, -48.79904677449095, 0.0016000000400000006, -87.68108368767673
2025-04-01 17:17:50,480 - 2025-04-01T17:17:50.480526, 0.1426097960545305, 0.0, -0.7341857879959011, 177.6102836876516, -48.78159242534589, -48.96978237084165, 0.0016000000400000006, -87.61028368765159
2025-04-01 17:17:50,521 - 2025-04-01T17:17:50.521019, 0.14268635198345647, 0.0, -0.7290123810730171, 177.54148368762714, -48.784093003498846, -49.13936318986666, 0.0016000000400000006, -87.54148368762715
2025-04-01 17:17:50,560 - 2025-04-01T17:17:50.560636, 0.14294822268496699, 0.0, -0.7233333473756622, 177.304683687543, -48.7810112942794, -49.325690295254624, 0.0016000000400000006, -87.30468368754299
2025-04-01 17:17:50,620 - 2025-04-01T17:17:50.620395, 0.14322524351856858, 0.0, -0.7179367503499661, 177.34148368755606, -48.77715973350947, -49.502778030528255, 0.0016000000400000006, -87.34148368755606
2025-04-01 17:17:51,260 - 2025-04-01T17:17:51.260907, 0.14407335880201844, 0.0, -0.7113057096725175, 177.21588368751142, -48.7557914590717, -49.720865254776406, 0.0016000000400000006, -87.21588368751142
2025-04-01 17:17:51,320 - 2025-04-01T17:17:51.320463, 0.14464661247985466, 0.0, -0.7048310374629887, 177.20368368750707, -48.74327762897307, -49.93356294241692, 0.0016000000400000006, -87.20368368750707
2025-04-01 17:17:51,360 - 2025-04-01T17:17:51.360945, 0.14510894808604213, 0.0, -0.6989288136628224, 177.08138368746359, -48.73384378083068, -50.127396964053496, 0.0016000000400000006, -87.08138368746359
2025-04-01 17:17:51,400 - 2025-04-01T17:17:51.400641, 0.14557750479876042, 0.0, -0.6918224464750837, 176.9803836874277, -48.725371959249166, -50.36069077156369, 0.0016000000400000006, -86.98038368742769
2025-04-01 17:17:51,440 - 2025-04-01T17:17:51.440288, 0.14616455464917255, 0.0, -0.684284849213812, 176.77138368735342, -48.71343522993617, -50.60822856002064, 0.0016000000400000006, -86.77138368735342
2025-04-01 17:17:51,482 - 2025-04-01T17:17:51.482541, 0.14707056254195505, 0.0, -0.6760928317761947, 176.54568368727314, -48.69168145396877, -50.87751724567299, 0.0016000000400000006, -86.54568368727314
2025-04-01 17:17:51,520 - 2025-04-01T17:17:51.520634, 0.14771685896121411, 0.0, -0.6683396194781568, 176.410283687225, -48.678012270790035, -51.13217702460331, 0.0016000000400000006, -86.41028368722499
2025-04-01 17:17:51,563 - 2025-04-01T17:17:51.563171, 0.1479773757032108, 0.0, -0.6613152240574007, 176.3470836872025, -48.676277513906676, -51.362583600922065, 0.0016000000400000006, -86.34708368720251
2025-04-01 17:17:51,601 - 2025-04-01T17:17:51.601406, 0.14875866935176862, 0.0, -0.6547585800808893, 176.08608368710972, -48.65702661910988, -51.57816851975402, 0.0016000000400000006, -86.08608368710972
2025-04-01 17:17:51,640 - 2025-04-01T17:17:51.640532, 0.14902054005328003, 0.0, -0.6490795463835348, 176.05368368709821, -48.653944909890406, -51.76449562514199, 0.0016000000400000006, -86.05368368709821
2025-04-01 17:17:51,680 - 2025-04-01T17:17:51.680475, 0.14987000929624417, 0.0, -0.6437938674294874, 175.8695836870327, -48.63122968311653, -51.93850337845935, 0.0016000000400000006, -85.8695836870327
2025-04-01 17:17:51,721 - 2025-04-01T17:17:51.721040, 0.15079387524014543, 0.0, -0.6385750101103325, 175.77788368700007, -48.60601215092647, -52.110393752135735, 0.0016000000400000006, -85.77788368700007
2025-04-01 17:17:51,781 - 2025-04-01T17:17:51.781079, 0.151285157150999, 0.0, -0.6318922979300816, 175.58528368693158, -48.59638555201927, -52.32982850447442, 0.0016000000400000006, -85.58528368693158
2025-04-01 17:17:51,840 - 2025-04-01T17:17:51.840492, 0.1518432606967446, 0.0, -0.6251351890488941, 175.42728368687537, -48.5846415734711, -52.55176556222928, 0.0016000000400000006, -85.42728368687537
2025-04-01 17:17:51,900 - 2025-04-01T17:17:51.900301, 0.1526686507820596, 0.0, -0.6180804933639577, 175.32018368683725, -48.56442807635901, -52.78371184164896, 0.0016000000400000006, -85.32018368683725
2025-04-01 17:17:51,961 - 2025-04-01T17:17:51.961818, 0.15355328743622065, 0.0, -0.6108101826422545, 175.21778368680083, -48.542482125381206, -53.02278011154202, 0.0016000000400000006, -85.21778368680083
2025-04-01 17:17:52,004 - 2025-04-01T17:17:52.004907, 0.154179566576373, 0.0, -0.6053240387835301, 175.03228368673481, -48.527273814855945, -53.20314000378232, 0.0016000000400000006, -85.03228368673481
2025-04-01 17:17:52,040 - 2025-04-01T17:17:52.040341, 0.15461295587789392, 0.0, -0.600202303363448, 174.88528368668247, -48.518032717478384, -53.37137329471681, 0.0016000000400000006, -84.88528368668247
2025-04-01 17:17:52,080 - 2025-04-01T17:17:52.080226, 0.15552924675575008, 0.0, -0.5948422277084635, 174.75968368663777, -48.493200111063544, -53.54788335345038, 0.0016000000400000006, -84.75968368663777
2025-04-01 17:17:52,120 - 2025-04-01T17:17:52.120322, 0.15607355412891977, 0.0, -0.5891480438790184, 174.56728368656925, -48.48087903172973, -53.73498031038882, 0.0016000000400000006, -84.56728368656925
2025-04-01 17:17:52,160 - 2025-04-01T17:17:52.160608, 0.15661786150209034, 0.0, -0.5834538600495738, 174.3218836864819, -48.468557952395884, -53.92207726732724, 0.0016000000400000006, -84.3218836864819
2025-04-01 17:17:52,200 - 2025-04-01T17:17:52.200328, 0.15716974394130512, 0.0, -0.5779008945559578, 174.0969836864018, -48.45585194728684, -54.10455453920851, 0.0016000000400000006, -84.09698368640181
2025-04-01 17:17:52,261 - 2025-04-01T17:17:52.260962, 0.15793724141728704, 0.0, -0.5724071756311893, 173.8487836863134, -48.43602395170439, -54.28529935722401, 0.0016000000400000006, -83.8487836863134
2025-04-01 17:17:52,321 - 2025-04-01T17:17:52.321067, 0.15886110736118786, 0.0, -0.5671883183120339, 173.59358368622244, -48.410806419514344, -54.45718973090042, 0.0016000000400000006, -83.59358368622244
2025-04-01 17:17:52,400 - 2025-04-01T17:17:52.400536, 0.15978497330508912, 0.0, -0.5619694609928789, 173.20968368608564, -48.385588887324275, -54.6290801045768, 0.0016000000400000006, -83.20968368608564
2025-04-01 17:17:52,481 - 2025-04-01T17:17:52.480996, 0.16198602537798568, 0.0, -0.5554782846917452, 172.58628368586332, -48.31975621618049, -54.84389459610389, 0.0016000000400000006, -82.58628368586332
2025-04-01 17:17:52,540 - 2025-04-01T17:17:52.540449, 0.16339901400475298, 0.0, -0.5488169437501162, 171.91248368562287, -48.279909201514016, -55.063521523452955, 0.0016000000400000006, -81.91248368562287
2025-04-01 17:17:52,580 - 2025-04-01T17:17:52.580676, 0.1648133565910337, 0.0, -0.543500964531888, 171.4530836854588, -48.23871523451147, -55.23906897987125, 0.0016000000400000006, -81.45308368545881
2025-04-01 17:17:52,621 - 2025-04-01T17:17:52.621087, 0.16584056554053905, 0.0, -0.5375684404675409, 170.7829836852193, -48.21080264614036, -55.43444270460876, 0.0016000000400000006, -80.7829836852193
2025-04-01 17:17:52,660 - 2025-04-01T17:17:52.660649, 0.16764068780408303, 0.0, -0.5315236443720313, 170.14538368499126, -48.157674252842405, -55.63424336363862, 0.0016000000400000006, -80.14538368499126
2025-04-01 17:17:52,700 - 2025-04-01T17:17:52.700485, 0.16950763170251903, 0.0, -0.5254044515755836, 169.39278368472176, -48.10242847990349, -55.836546328084694, 0.0016000000400000006, -79.39278368472176
2025-04-01 17:17:52,741 - 2025-04-01T17:17:52.740973, 0.1715901906377213, 0.0, -0.5193445053479828, 168.64218368445268, -48.04006071649119, -56.03711683866502, 0.0016000000400000006, -78.64218368445269
2025-04-01 17:17:52,781 - 2025-04-01T17:17:52.781005, 0.17431201961717813, 0.0, -0.5133210804910942, 167.82238368415832, -47.956711907434, -56.23710967270529, 0.0016000000400000006, -77.82238368415832
2025-04-01 17:17:52,820 - 2025-04-01T17:17:52.820770, 0.17641730375051612, 0.0, -0.5076847892709817, 167.02648368387216, -47.89318936669599, -56.42382112811409, 0.0016000000400000006, -77.02648368387216
2025-04-01 17:17:52,860 - 2025-04-01T17:17:52.860461, 0.17859698458479167, 0.0, -0.5021153196857617, 166.1299836835493, -47.827164520541785, -56.608415203881904, 0.0016000000400000006, -76.12998368354931
2025-04-01 17:17:52,900 - 2025-04-01T17:17:52.900315, 0.1806581722813725, 0.0, -0.4969770801740747, 165.44048368330056, -47.7646045821191, -56.778765298702965, 0.0016000000400000006, -75.44048368330056
2025-04-01 17:17:52,940 - 2025-04-01T17:17:52.940957, 0.18321741168637962, 0.0, -0.491882937099144, 164.64678368301375, -47.68568328310864, -56.94815279120876, 0.0016000000400000006, -74.64678368301375
2025-04-01 17:17:52,980 - 2025-04-01T17:17:52.980240, 0.1856430078216018, 0.0, -0.4869375874260884, 163.87218368273332, -47.61099674338015, -57.112535672882125, 0.0016000000400000006, -73.87218368273332
2025-04-01 17:17:53,020 - 2025-04-01T17:17:53.020385, 0.18816572585589686, 0.0, -0.4824827143954127, 163.06898368244197, -47.53265312090975, -57.260942119743, 0.0016000000400000006, -73.06898368244197
2025-04-01 17:17:53,060 - 2025-04-01T17:17:53.060496, 0.1909040589269586, 0.0, -0.4780870879335839, 162.18688368212133, -47.44718750796598, -57.40761611273814, 0.0016000000400000006, -72.18688368212133
2025-04-01 17:17:53,081 - 2025-04-01T17:17:53.081320, 0.19241823133134117, 0.0, -0.47595230880453876, 161.66948368193286, -47.399642553549306, -57.47902819248235, 0.0016000000400000006, -71.66948368193286
2025-04-01 17:17:53,120 - 2025-04-01T17:17:53.120931, 0.19521581097124985, 0.0, -0.4713410673059433, 160.62508368155164, -47.31244448673979, -57.632824175950866, 0.0016000000400000006, -70.62508368155164
2025-04-01 17:17:53,160 - 2025-04-01T17:17:53.160875, 0.19836264891770927, 0.0, -0.46664027897432003, 159.5906836811729, -47.21388967017495, -57.78989231638605, 0.0016000000400000006, -69.59068368117289
2025-04-01 17:17:53,184 - 2025-04-01T17:17:53.183901, 0.2000848612928139, 0.0, -0.46442352807829357, 159.03108368096747, -47.159607651060114, -57.864191627321674, 0.0016000000400000006, -69.03108368096747
2025-04-01 17:17:53,200 - 2025-04-01T17:17:53.200352, 0.2017326769669805, 0.0, -0.46213995554737375, 158.45548368075578, -47.107827937361506, -57.94060831789831, 0.0016000000400000006, -68.45548368075578
2025-04-01 17:17:53,220 - 2025-04-01T17:17:53.220277, 0.20351413591093204, 0.0, -0.4597075896145797, 157.88998368054743, -47.05181346438092, -58.02202961930733, 0.0016000000400000006, -67.88998368054743
2025-04-01 17:17:53,240 - 2025-04-01T17:17:53.240473, 0.20493118641624175, 0.0, -0.45708233384315466, 157.22158368030065, -47.00792559270615, -58.10941813386404, 0.0016000000400000006, -67.22158368030065
2025-04-01 17:17:53,260 - 2025-04-01T17:17:53.260553, 0.2064970303234266, 0.0, -0.4545907213415137, 156.63138368008225, -46.95903311019895, -58.19257188913881, 0.0016000000400000006, -66.63138368008225
2025-04-01 17:17:53,280 - 2025-04-01T17:17:53.280498, 0.20806287423061098, 0.0, -0.4520991088398736, 156.06768367987323, -46.91014062769177, -58.275725644413555, 0.0016000000400000006, -66.06768367987323
2025-04-01 17:17:53,301 - 2025-04-01T17:17:53.301152, 0.20985190824060718, 0.0, -0.44980796124290867, 155.33698367960162, -46.853741228935974, -58.35252726076541, 0.0016000000400000006, -65.33698367960163
2025-04-01 17:17:53,320 - 2025-04-01T17:17:53.320559, 0.21156654554966625, 0.0, -0.44744999201105173, 154.74078367937946, -46.79984413559637, -58.43144625675824, 0.0016000000400000006, -64.74078367937946
2025-04-01 17:17:53,341 - 2025-04-01T17:17:53.340966, 0.21336315462570798, 0.0, -0.4453000627499164, 154.00798367910568, -46.74305981106534, -58.50362818805292, 0.0016000000400000006, -64.00798367910568
2025-04-01 17:17:53,360 - 2025-04-01T17:17:53.360359, 0.2151673387677948, 0.0, -0.44329135182461066, 153.46108367890082, -46.68589056075907, -58.571190434290415, 0.0016000000400000006, -63.46108367890083
2025-04-01 17:17:53,381 - 2025-04-01T17:17:53.381015, 0.2171719878145577, 0.0, -0.4410594507964931, 152.74618367863235, -46.62236917152989, -58.64625959677652, 0.0016000000400000006, -62.746183678632356
2025-04-01 17:17:53,400 - 2025-04-01T17:17:53.400225, 0.2190505686575812, 0.0, -0.4391175615060794, 152.18798367842214, -46.562697615807444, -58.71170446337303, 0.0016000000400000006, -62.18798367842215
2025-04-01 17:17:53,421 - 2025-04-01T17:17:53.421191, 0.2212784078071559, 0.0, -0.43708612538263836, 151.4522836781443, -46.49166931032965, -58.78042148693622, 0.0016000000400000006, -61.45228367814431
2025-04-01 17:17:53,440 - 2025-04-01T17:17:53.440681, 0.22344700038788368, 0.0, -0.4352703042959636, 150.88938367793116, -46.4223734587176, -58.84201652002602, 0.0016000000400000006, -60.889383677931164
2025-04-01 17:17:53,460 - 2025-04-01T17:17:53.460317, 0.22567483953745882, 0.0, -0.4332388681725221, 150.16758367765703, -46.3513451532398, -58.91073354358922, 0.0016000000400000006, -60.16758367765704
2025-04-01 17:17:53,480 - 2025-04-01T17:17:53.480944, 0.2276050918832846, 0.0, -0.430940145509513, 149.6361836774546, -46.29032606942682, -58.98792008571628, 0.0016000000400000006, -59.636183677454596
2025-04-01 17:17:53,500 - 2025-04-01T17:17:53.500770, 0.22969171269702926, 0.0, -0.42891628445211616, 148.90988367717713, -46.22391744900623, -59.056252183504256, 0.0016000000400000006, -58.909883677177135
2025-04-01 17:17:53,522 - 2025-04-01T17:17:53.522124, 0.23178590857682035, 0.0, -0.42703364173054936, 148.38728367697686, -46.15712390281036, -59.119964596235036, 0.0016000000400000006, -58.387283676976864
2025-04-01 17:17:53,540 - 2025-04-01T17:17:53.540547, 0.23379813268962835, 0.0, -0.4249429590382614, 147.6446836766914, -46.09321758780596, -59.19041407366396, 0.0016000000400000006, -57.644683676691386
2025-04-01 17:17:53,560 - 2025-04-01T17:17:53.560282, 0.2358847535033739, 0.0, -0.42291909798086547, 147.0996836764812, -46.026808967385335, -59.25874617145191, 0.0016000000400000006, -57.09968367648119
2025-04-01 17:17:53,580 - 2025-04-01T17:17:53.580368, 0.23783015598128987, 0.0, -0.4209028119895142, 146.41948367621802, -45.9650200320219, -59.32669334346464, 0.0016000000400000006, -56.41948367621802
2025-04-01 17:17:53,600 - 2025-04-01T17:17:53.600437, 0.23985753022618805, 0.0, -0.4190945659688845, 145.8878836760117, -45.900343865467036, -59.38790345077923, 0.0016000000400000006, -55.88788367601171
2025-04-01 17:17:53,620 - 2025-04-01T17:17:53.620519, 0.24180293270410402, 0.0, -0.4170782799775332, 145.19038367574012, -45.8385549301036, -59.455850622791964, 0.0016000000400000006, -55.19038367574012
2025-04-01 17:17:53,640 - 2025-04-01T17:17:53.640354, 0.24425396195649052, 0.0, -0.4152473087587687, 144.61518367551534, -45.7600197083772, -59.51821550743222, 0.0016000000400000006, -54.61518367551534
2025-04-01 17:17:53,660 - 2025-04-01T17:17:53.660642, 0.24655619780700277, 0.0, -0.41328269427021924, 143.89978367523477, -45.68648909748319, -59.584815151354434, 0.0016000000400000006, -53.89978367523477
2025-04-01 17:17:53,680 - 2025-04-01T17:17:53.680439, 0.24879161202262257, 0.0, -0.41139247648260735, 143.26538367498503, -45.61507586623018, -59.64891248986045, 0.0016000000400000006, -53.26538367498503
2025-04-01 17:17:53,700 - 2025-04-01T17:17:53.700703, 0.25118339470616213, 0.0, -0.4097771203006091, 142.64678367474062, -45.53827309836951, -59.70415538402733, 0.0016000000400000006, -52.64678367474062
2025-04-01 17:17:53,720 - 2025-04-01T17:17:53.720247, 0.2537012455934402, 0.0, -0.40787175238090656, 141.8655836744307, -45.457620497002154, -59.76902257408381, 0.0016000000400000006, -51.865583674430695
2025-04-01 17:17:53,742 - 2025-04-01T17:17:53.742914, 0.256011056509998, 0.0, -0.4060483562281876, 141.32448367421514, -45.383704960332906, -59.83100253294883, 0.0016000000400000006, -51.324483674215145
2025-04-01 17:17:53,760 - 2025-04-01T17:17:53.760807, 0.25817964909072577, 0.0, -0.40423253514151236, 140.58048367391763, -45.31440910872086, -59.892597566038646, 0.0016000000400000006, -50.58048367391763
2025-04-01 17:17:53,783 - 2025-04-01T17:17:53.783226, 0.260979936649663, 0.0, -0.40231201708971964, 139.88208367363708, -45.22451713723913, -59.958234607645586, 0.0016000000400000006, -49.882083673637084
2025-04-01 17:17:53,800 - 2025-04-01T17:17:53.800353, 0.26337929439924723, 0.0, -0.40083787924355097, 139.26048367338632, -45.14732944360326, -60.00885781675529, 0.0016000000400000006, -49.260483673386325
2025-04-01 17:17:53,820 - 2025-04-01T17:17:53.820562, 0.2656298587469572, 0.0, -0.39923009812759735, 138.59918367311846, -45.075146360799785, -60.06371578514696, 0.0016000000400000006, -48.59918367311847
2025-04-01 17:17:53,840 - 2025-04-01T17:17:53.840543, 0.26800649129840703, 0.0, -0.39733230527394037, 137.92618367284462, -44.999113444489566, -60.1281980494282, 0.0016000000400000006, -47.926183672844616
2025-04-01 17:17:53,860 - 2025-04-01T17:17:53.860451, 0.27026463071216167, 0.0, -0.39586574249381634, 137.3015836725894, -44.926545435910874, -60.178436332762686, 0.0016000000400000006, -47.3015836725894
2025-04-01 17:17:53,881 - 2025-04-01T17:17:53.881328, 0.27292369993526977, 0.0, -0.3939527995080687, 136.54038367227687, -44.84127314948632, -60.2436884485944, 0.0016000000400000006, -46.540383672276874
2025-04-01 17:17:53,900 - 2025-04-01T17:17:53.900931, 0.2756874661234954, 0.0, -0.39267155150053057, 135.93038367202521, -44.75195885454465, -60.28834444455643, 0.0016000000400000006, -45.93038367202522
2025-04-01 17:17:53,922 - 2025-04-01T17:17:53.922584, 0.27842850711358613, 0.0, -0.390966648485505, 135.08118367167307, -44.66379933692865, -60.346859495689976, 0.0016000000400000006, -45.08118367167308
2025-04-01 17:17:53,941 - 2025-04-01T17:17:53.941041, 0.2809615081329553, 0.0, -0.38934371723746164, 134.50208367143168, -44.582376884010806, -60.40248731563209, 0.0016000000400000006, -44.50208367143168
2025-04-01 17:17:53,961 - 2025-04-01T17:17:53.961218, 0.28363572748815313, 0.0, -0.38771321092337274, 133.77738367112818, -44.49633474603581, -60.45850006134945, 0.0016000000400000006, -43.77738367112818
2025-04-01 17:17:53,980 - 2025-04-01T17:17:53.980240, 0.28668193034803746, 0.0, -0.3864168127837444, 133.14088367086023, -44.39778108097978, -60.503925908861945, 0.0016000000400000006, -43.140883670860234
2025-04-01 17:17:54,001 - 2025-04-01T17:17:54.001887, 0.289245231631587, 0.0, -0.38535875487901805, 132.47618367057908, -44.314818924961024, -60.54107498857537, 0.0016000000400000006, -42.476183670579076
2025-04-01 17:17:54,020 - 2025-04-01T17:17:54.020628, 0.29164458938117166, 0.0, -0.38388461703284893, 131.79968367029144, -44.23763123132513, -60.591698197685076, 0.0016000000400000006, -41.799683670291444
2025-04-01 17:17:54,041 - 2025-04-01T17:17:54.041693, 0.29440835556939726, 0.0, -0.3826033690253108, 131.15768367001704, -44.14831693638346, -60.636354193647115, 0.0016000000400000006, -41.157683670017036
2025-04-01 17:17:54,061 - 2025-04-01T17:17:54.061153, 0.29710530012273173, 0.0, -0.38139651771871064, 130.5573836697592, -44.06112002108273, -60.67850788419292, 0.0016000000400000006, -40.55738366975919
2025-04-01 17:17:54,080 - 2025-04-01T17:17:54.080744, 0.29963072607605445, 0.0, -0.3796323681348377, 129.86568366946057, -43.98008249394016, -60.738755389192214, 0.0016000000400000006, -39.865683669460566
2025-04-01 17:17:54,100 - 2025-04-01T17:17:54.100528, 0.3023200955633434, 0.0, -0.3782842984924075, 129.2145836691779, -43.89327050441468, -60.78552876479522, 0.0016000000400000006, -39.2145836691779
2025-04-01 17:17:54,120 - 2025-04-01T17:17:54.120438, 0.3050094650506323, 0.0, -0.3769362288499778, 128.53338366888056, -43.80645851488919, -60.83230214039821, 0.0016000000400000006, -38.53338366888056
2025-04-01 17:17:54,140 - 2025-04-01T17:17:54.140863, 0.30770640960396545, 0.0, -0.37572937754337676, 128.0407836686645, -43.7192615995885, -60.874455830944044, 0.0016000000400000006, -38.04078366866449
2025-04-01 17:17:54,160 - 2025-04-01T17:17:54.160314, 0.3103289574563619, 0.0, -0.3744557046018837, 127.44908366840372, -43.634566989704, -60.91872690113085, 0.0016000000400000006, -37.449083668403716
2025-04-01 17:17:54,181 - 2025-04-01T17:17:54.181231, 0.3127510404040823, 0.0, -0.37340522176320334, 126.88698366815477, -43.55622451874241, -60.95549105506902, 0.0016000000400000006, -36.88698366815477
2025-04-01 17:17:54,200 - 2025-04-01T17:17:54.200413, 0.3152399449866943, 0.0, -0.3722803422235854, 126.23918366786634, -43.47576466813987, -60.99475751442339, 0.0016000000400000006, -36.23918366786634
2025-04-01 17:17:54,221 - 2025-04-01T17:17:54.221483, 0.3179520396721185, 0.0, -0.3713559275886431, 125.66158366760779, -43.38779790128869, -61.02767183485488, 0.0016000000400000006, -35.661583667607786
2025-04-01 17:17:54,240 - 2025-04-01T17:17:54.240954, 0.3206565592914976, 0.0, -0.37029029461787166, 124.94658366728584, -43.30021606021275, -61.06520584034352, 0.0016000000400000006, -34.946583667285836
2025-04-01 17:17:54,261 - 2025-04-01T17:17:54.260998, 0.3232274356410918, 0.0, -0.3693734550489749, 124.43568366705452, -43.21686897841877, -61.09773523499977, 0.0016000000400000006, -34.43568366705452
2025-04-01 17:17:54,280 - 2025-04-01T17:17:54.280387, 0.32572391528974975, 0.0, -0.3683897938451861, 123.73638366673613, -43.13602420204097, -61.132382009296975, 0.0016000000400000006, -33.73638366673613
2025-04-01 17:17:54,320 - 2025-04-01T17:17:54.320598, 0.3310661328936151, 0.0, -0.36633292460458033, 122.68438366625318, -42.96297789953008, -61.20494771485808, 0.0016000000400000006, -32.68438366625318
2025-04-01 17:17:54,360 - 2025-04-01T17:17:54.360595, 0.3363491039286335, 0.0, -0.3644916704007417, 121.79348366584044, -42.79166405088493, -61.27039142994578, 0.0016000000400000006, -31.79348366584044
2025-04-01 17:17:54,380 - 2025-04-01T17:17:54.380658, 0.33883800851124546, 0.0, -0.36336679086112333, 121.12268366552728, -42.711204200282396, -61.309657889300176, 0.0016000000400000006, -31.12268366552728
2025-04-01 17:17:54,420 - 2025-04-01T17:17:54.420403, 0.3440390077792821, 0.0, -0.36131749668656354, 120.23998366511206, -42.542777582828656, -61.38183866908603, 0.0016000000400000006, -30.239983665112067
2025-04-01 17:17:54,460 - 2025-04-01T17:17:54.460840, 0.3493963755152376, 0.0, -0.3595430641176165, 119.3165836646737, -42.36896142876731, -61.445165004532775, 0.0016000000400000006, -29.3165836646737
2025-04-01 17:17:54,500 - 2025-04-01T17:17:54.500923, 0.3546717714842118, 0.0, -0.3575605915779483, 118.40438366423658, -42.19803250589736, -61.515228404677664, 0.0016000000400000006, -28.404383664236576
2025-04-01 17:17:54,540 - 2025-04-01T17:17:54.540515, 0.36021445399275365, 0.0, -0.35528053223453115, 117.70738366389979, -42.01863406446355, -61.59530102648736, 0.0016000000400000006, -27.70738366389979
2025-04-01 17:17:54,580 - 2025-04-01T17:17:54.580849, 0.36572061513058385, 0.0, -0.35363974293536904, 117.04818366357895, -41.839813299569784, -61.65439260265215, 0.0016000000400000006, -27.048183663578953
2025-04-01 17:17:54,621 - 2025-04-01T17:17:54.621553, 0.37093676453071023, 0.0, -0.35187288543246753, 116.28568366320503, -41.67061683056561, -61.717334012323654, 0.0016000000400000006, -26.285683663205035
2025-04-01 17:17:54,660 - 2025-04-01T17:17:54.660327, 0.3763609539015582, 0.0, -0.35002405616258336, 115.60298366286764, -41.494683296863286, -61.78316265318661, 0.0016000000400000006, -25.602983662867643
2025-04-01 17:17:54,700 - 2025-04-01T17:17:54.700954, 0.38186711503938886, 0.0, -0.3483832668634208, 115.01368366257432, -41.31586253196951, -61.842254229351404, 0.0016000000400000006, -25.013683662574323
2025-04-01 17:17:54,740 - 2025-04-01T17:17:54.740235, 0.386867649402749, 0.0, -0.34655716279167237, 114.3211836622272, -41.1537880534387, -61.906928092888656, 0.0016000000400000006, -24.3211836622272
2025-04-01 17:17:54,781 - 2025-04-01T17:17:54.781809, 0.3921506204377678, 0.0, -0.3447159085878342, 113.78158366195484, -40.98247420479353, -61.97237180797634, 0.0016000000400000006, -23.78158366195484
2025-04-01 17:17:54,820 - 2025-04-01T17:17:54.820410, 0.39702508659738855, 0.0, -0.3431798162537891, 113.22698366167315, -40.824249559769456, -62.02742137562402, 0.0016000000400000006, -23.226983661673145
2025-04-01 17:17:54,861 - 2025-04-01T17:17:54.861059, 0.4020634962909737, 0.0, -0.34205980386118684, 112.6897836613986, -40.66025045236252, -62.06899681387541, 0.0016000000400000006, -22.689783661398593
2025-04-01 17:17:54,920 - 2025-04-01T17:17:54.920805, 0.40963490700392846, 0.0, -0.3393168602205421, 112.02178366105474, -40.41482889203772, -62.16620007206888, 0.0016000000400000006, -22.02178366105474
2025-04-01 17:17:54,980 - 2025-04-01T17:17:54.980268, 0.4173551111187579, 0.0, -0.3367075598496809, 111.42268366074408, -40.16440272088051, -62.259168570980435, 0.0016000000400000006, -21.422683660744084
2025-04-01 17:17:55,020 - 2025-04-01T17:17:55.020661, 0.4223783706802533, 0.0, -0.3353051107854208, 110.84698366044347, -40.00117346502401, -62.30998337934614, 0.0016000000400000006, -20.84698366044347
2025-04-01 17:17:55,060 - 2025-04-01T17:17:55.060952, 0.4278177101831915, 0.0, -0.33373871818719536, 110.39718366020712, -39.824470079771224, -62.366572650094746, 0.0016000000400000006, -20.39718366020712
2025-04-01 17:17:55,100 - 2025-04-01T17:17:55.100475, 0.43319022805123764, 0.0, -0.3322467222899075, 110.010583660003, -39.6498840741594, -62.42065961542712, 0.0016000000400000006, -20.010583660002993
2025-04-01 17:17:55,141 - 2025-04-01T17:17:55.141058, 0.43828030924762507, 0.0, -0.3307698765247098, 109.5597836597637, -39.48453743866194, -62.47397672920904, 0.0016000000400000006, -19.559783659763696
2025-04-01 17:17:55,180 - 2025-04-01T17:17:55.180926, 0.44344478714495006, 0.0, -0.32935985239440413, 109.16458365955285, -39.31668849774826, -62.52517646335, 0.0016000000400000006, -19.164583659552846
2025-04-01 17:17:55,220 - 2025-04-01T17:17:55.220555, 0.44869123680925727, 0.0, -0.32815786823482007, 108.7687836593406, -39.14595232564315, -62.5696391327928, 0.0016000000400000006, -18.7687836593406
2025-04-01 17:17:55,260 - 2025-04-01T17:17:55.260852, 0.45378131800564425, 0.0, -0.32668102246962194, 108.34668365911311, -38.9806056901457, -62.622956246574745, 0.0016000000400000006, -18.34668365911311
2025-04-01 17:17:55,301 - 2025-04-01T17:17:55.300934, 0.45902776766995235, 0.0, -0.32547903831003877, 107.95188365889923, -38.809869518040564, -62.66741891601752, 0.0016000000400000006, -17.951883658899234
2025-04-01 17:17:55,343 - 2025-04-01T17:17:55.342975, 0.4644078606040436, 0.0, -0.32412826074858003, 107.5801836586969, -38.63489858665352, -62.716886196292734, 0.0016000000400000006, -17.580183658696896
2025-04-01 17:17:55,400 - 2025-04-01T17:17:55.400888, 0.4716754634067182, 0.0, -0.3223221739559383, 107.04138365840187, -38.398524221432666, -62.7830991871765, 0.0016000000400000006, -17.04138365840187
2025-04-01 17:17:55,441 - 2025-04-01T17:17:55.441486, 0.4769143380049803, 0.0, -0.3209789714605247, 106.65008365818635, -38.228172975102794, -62.83218154167649, 0.0016000000400000006, -16.650083658186347
2025-04-01 17:17:55,500 - 2025-04-01T17:17:55.500621, 0.48435345940766483, 0.0, -0.3197301829451553, 106.1271836578966, -37.98563922172385, -62.88030071810678, 0.0016000000400000006, -16.127183657896595
2025-04-01 17:17:55,540 - 2025-04-01T17:17:55.540294, 0.48968945590499935, 0.0, -0.318877457092122, 105.74738365768489, -37.81163089265208, -62.91340663779425, 0.0016000000400000006, -15.747383657684892
2025-04-01 17:17:55,580 - 2025-04-01T17:17:55.580511, 0.4950846989711817, 0.0, -0.31780911620232244, 105.36158365746873, -37.635890109714545, -62.9536345479551, 0.0016000000400000006, -15.361583657468728
2025-04-01 17:17:55,648 - 2025-04-01T17:17:55.647932, 0.5027167102124972, 0.0, -0.3161959192483117, 104.85408365718273, -37.38738914318792, -63.0138803256912, 0.0016000000400000006, -14.854083657182727
2025-04-01 17:17:55,680 - 2025-04-01T17:17:55.680822, 0.5079783100088942, 0.0, -0.3152763717603859, 104.43338365694416, -37.21588311953237, -63.04910362501966, 0.0016000000400000006, -14.433383656944159
2025-04-01 17:17:55,721 - 2025-04-01T17:17:55.721066, 0.5135891681118423, 0.0, -0.3142672774394333, 104.17338365679603, -37.03302034612148, -63.087599081314764, 0.0016000000400000006, -14.173383656796036
2025-04-01 17:17:55,761 - 2025-04-01T17:17:55.761067, 0.5188507679082401, 0.0, -0.31334772995150795, 103.87408365662485, -36.861514322465894, -63.12282238064321, 0.0016000000400000006, -13.874083656624848
2025-04-01 17:17:55,800 - 2025-04-01T17:17:55.800428, 0.5241867644055747, 0.0, -0.31249500409847464, 103.39458365634916, -36.68750599339414, -63.155928300330686, 0.0016000000400000006, -13.394583656349155
2025-04-01 17:17:55,840 - 2025-04-01T17:17:55.840324, 0.5295227609029101, 0.0, -0.31164227824544133, 102.94038365608634, -36.513497664322344, -63.189034220018165, 0.0016000000400000006, -12.94038365608634
2025-04-01 17:17:55,880 - 2025-04-01T17:17:55.880404, 0.5352824124077324, 0.0, -0.3107668271942723, 102.42598365578667, -36.325630280079054, -63.223294917031346, 0.0016000000400000006, -12.425983655786666
2025-04-01 17:17:55,920 - 2025-04-01T17:17:55.920693, 0.5410344888465102, 0.0, -0.3097501578072741, 101.91588365548736, -36.138147821610985, -63.26217529910169, 0.0016000000400000006, -11.915883655487363
2025-04-01 17:17:55,960 - 2025-04-01T17:17:55.960509, 0.5464600321768724, 0.0, -0.309246690260792, 101.45128365521283, -35.960867335572544, -63.283924469033835, 0.0016000000400000006, -11.451283655212833
2025-04-01 17:17:56,000 - 2025-04-01T17:17:56.000924, 0.5518780004411896, 0.0, -0.30860200437847984, 100.94788365491337, -35.78397177530934, -63.31029332402317, 0.0016000000400000006, -10.947883654913369
2025-04-01 17:17:56,041 - 2025-04-01T17:17:56.041742, 0.5572291470706148, 0.0, -0.3080317151971057, 100.46668365462506, -35.609193594687106, -63.334159873596285, 0.0016000000400000006, -10.466683654625058
2025-04-01 17:17:56,080 - 2025-04-01T17:17:56.080706, 0.5624983219330577, 0.0, -0.3072533860450095, 100.015683654353, -35.437302645256295, -63.364763487867556, 0.0016000000400000006, -10.015683654352998
2025-04-01 17:17:56,120 - 2025-04-01T17:17:56.120743, 0.5675746069568688, 0.0, -0.3068394653315547, 99.60948365410644, -35.2713789089732, -63.38324050083304, 0.0016000000400000006, -9.609483654106441
2025-04-01 17:17:56,160 - 2025-04-01T17:17:56.160771, 0.5728665070174466, 0.0, -0.30648479118694594, 99.12988365381341, -35.09833318221672, -63.39998505993281, 0.0016000000400000006, -9.129883653813408
2025-04-01 17:17:56,200 - 2025-04-01T17:17:56.200643, 0.5784559938817737, 0.0, -0.3063974035819066, 98.63428365350839, -34.91527823379541, -63.40826010046866, 0.0016000000400000006, -8.63428365350839
2025-04-01 17:17:56,260 - 2025-04-01T17:17:56.260239, 0.5862898239872805, 0.0, -0.3059063782484861, 97.96538365309308, -34.659078176009736, -63.43193332352256, 0.0016000000400000006, -7.965383653093085
2025-04-01 17:17:56,300 - 2025-04-01T17:17:56.300579, 0.5920053790553461, 0.0, -0.3055289789057425, 97.44888365276952, -34.472173394081736, -63.449832659947994, 0.0016000000400000006, -7.448883652769524
2025-04-01 17:17:56,340 - 2025-04-01T17:17:56.340647, 0.5972456076131225, 0.0, -0.30553113813373, 96.851383652392, -34.30047519541575, -63.4548355435172, 0.0016000000400000006, -6.851383652392002
2025-04-01 17:17:56,380 - 2025-04-01T17:17:56.380605, 0.6030431344481713, 0.0, -0.305361778761708, 96.32128365205415, -34.11068318229629, -63.46599781524449, 0.0016000000400000006, -6.321283652054149
2025-04-01 17:17:56,421 - 2025-04-01T17:17:56.420969, 0.6087145930794811, 0.0, -0.30548243112739026, 95.83398365174111, -33.92474100268355, -63.46753579108218, 0.0016000000400000006, -5.833983651741107
2025-04-01 17:17:56,464 - 2025-04-01T17:17:56.464631, 0.6145424201787102, 0.0, -0.3058779450986857, 95.22698365134771, -33.73340928646317, -63.46021932258077, 0.0016000000400000006, -5.226983651347709
2025-04-01 17:17:56,500 - 2025-04-01T17:17:56.500818, 0.6198418953053335, 0.0, -0.3056644892899074, 94.64388365096627, -33.55997863393144, -63.472344196623325, 0.0016000000400000006, -4.6438836509662735
2025-04-01 17:17:56,540 - 2025-04-01T17:17:56.540471, 0.6254616824338415, 0.0, -0.30614197502818463, 93.95388365051024, -33.37538398240921, -63.46214049693049, 0.0016000000400000006, -3.9538836505102353
2025-04-01 17:17:56,580 - 2025-04-01T17:17:56.580290, 0.6308734295916274, 0.0, -0.30670143253344495, 93.30138365007423, -33.19752639558514, -63.449049566046206, 0.0016000000400000006, -3.3013836500742286
2025-04-01 17:17:56,620 - 2025-04-01T17:17:56.620747, 0.6364112449531527, 0.0, -0.306970878301001, 92.46468364950825, -33.01581897525435, -63.44558293105151, 0.0016000000400000006, -2.4646836495082454
2025-04-01 17:17:56,660 - 2025-04-01T17:17:56.660858, 0.6423058936872739, 0.0, -0.30729199557135933, 91.74168364901276, -32.822369879392994, -63.4407687679663, 0.0016000000400000006, -1.7416836490127565
2025-04-01 17:17:56,700 - 2025-04-01T17:17:56.700826, 0.6476659693422588, 0.0, -0.30820828644921594, 91.03678364852381, -32.64585982065941, -63.415936161551436, 0.0016000000400000006, -1.0367836485238087
2025-04-01 17:17:56,741 - 2025-04-01T17:17:56.741059, 0.6530108948651532, 0.0, -0.30884214065541293, 90.33118364802839, -32.4701196134763, -63.40034292525097, 0.0016000000400000006, -0.33118364802838585
2025-04-01 17:17:56,780 - 2025-04-01T17:17:56.780296, 0.658088533848479, 0.0, -0.30977358166535973, 89.6408837289531, -32.30284892485709, -63.374740467285655, 0.0016000000400000006, 0.3591162710469007
2025-04-01 17:17:56,821 - 2025-04-01T17:17:56.821308, 0.6637827176779241, 0.0, -0.3103178890385294, 88.92738372845243, -32.11575196791865, -63.36241938795184, 0.0016000000400000006, 1.0726162715475738
2025-04-01 17:17:56,840 - 2025-04-01T17:17:56.840764, 0.6663549479870321, 0.0, -0.31074641119303337, 88.43248372810872, -32.03105793378859, -63.35086931167731, 0.0016000000400000006, 1.5675162718912787
2025-04-01 17:17:56,880 - 2025-04-01T17:17:56.880479, 0.6714477371024485, 0.0, -0.31196028887463934, 87.64868372757029, -31.863017393618893, -63.31602748359763, 0.0016000000400000006, 2.351316272429713
2025-04-01 17:17:56,920 - 2025-04-01T17:17:56.920630, 0.6766149229188021, 0.0, -0.31324098819113644, 86.86928372704179, -31.692474548033008, -63.279068275877016, 0.0016000000400000006, 3.1307162729582103
2025-04-01 17:17:56,960 - 2025-04-01T17:17:56.960811, 0.6822725853775355, 0.0, -0.31442456560856114, 86.04818372649235, -31.505955267634626, -63.24576615089828, 0.0016000000400000006, 3.9518162735076454
2025-04-01 17:17:57,002 - 2025-04-01T17:17:57.002214, 0.6878710012674216, 0.0, -0.31582375806275165, 85.22258372594727, -31.321168441102003, -63.205342035446186, 0.0016000000400000006, 4.777416274052726
2025-04-01 17:17:57,022 - 2025-04-01T17:17:57.022035, 0.6907408183802799, 0.0, -0.316519566756825, 84.70848372561149, -31.226465185307088, -63.185322440607735, 0.0016000000400000006, 5.291516274388513
2025-04-01 17:17:57,061 - 2025-04-01T17:17:57.061078, 0.6960567975985081, 0.0, -0.3179339093431066, 83.87828372507498, -31.05091772888878, -63.144128473605164, 0.0016000000400000006, 6.121716274925021
2025-04-01 17:17:57,105 - 2025-04-01T17:17:57.105095, 0.7017523353874671, 0.0, -0.31982357843967746, 82.94968372448314, -30.862473819614255, -63.087727923340566, 0.0016000000400000006, 7.050316275516863
2025-04-01 17:17:57,140 - 2025-04-01T17:17:57.140565, 0.7065626878312248, 0.0, -0.3210526062533732, 82.23928372403603, -30.70367264955892, -63.052116243710444, 0.0016000000400000006, 7.760716275963972
2025-04-01 17:17:57,160 - 2025-04-01T17:17:57.160448, 0.7093140118063888, 0.0, -0.3221796450209795, 81.72638372371624, -30.612434301495497, -63.01785266792524, 0.0016000000400000006, 8.27361627628376
2025-04-01 17:17:57,200 - 2025-04-01T17:17:57.200900, 0.7145858945878598, 0.0, -0.32409203931568653, 80.90378372320846, -30.437849447392495, -62.960297340334925, 0.0016000000400000006, 9.096216276791537
2025-04-01 17:17:57,241 - 2025-04-01T17:17:57.241268, 0.7199245990042238, 0.0, -0.325930036909456, 80.02558372267318, -30.261147213648492, -62.905244318160825, 0.0016000000400000006, 9.974416277326824
2025-04-01 17:17:57,280 - 2025-04-01T17:17:57.280831, 0.7251813316536047, 0.0, -0.3275599945325043, 79.14908372214578, -30.087332211095948, -62.85692836068487, 0.0016000000400000006, 10.850916277854227
2025-04-01 17:17:57,320 - 2025-04-01T17:17:57.320349, 0.7302451744643541, 0.0, -0.3295543605941931, 78.31498372165004, -29.919484421691095, -62.796485801903145, 0.0016000000400000006, 11.685016278349963
2025-04-01 17:17:57,360 - 2025-04-01T17:17:57.360388, 0.7358966158165567, 0.0, -0.33194208139918935, 77.51898372118238, -29.732003114731842, -62.72372389105081, 0.0016000000400000006, 12.48101627881762
2025-04-01 17:17:57,400 - 2025-04-01T17:17:57.400525, 0.7413324421319927, 0.0, -0.33427055563533914, 76.68638372069879, -29.551643798245966, -62.65269443406421, 0.0016000000400000006, 13.313616279301216
2025-04-01 17:17:57,421 - 2025-04-01T17:17:57.421903, 0.7445149961806901, 0.0, -0.33551608754063933, 76.0978837203603, -29.446161469235776, -62.61496595054753, 0.0016000000400000006, 13.9021162796397
2025-04-01 17:17:57,461 - 2025-04-01T17:17:57.461081, 0.7503744775036139, 0.0, -0.33782183657865383, 75.19278371984501, -29.251943097578387, -62.5450912708866, 0.0016000000400000006, 14.807216280154991
2025-04-01 17:17:57,500 - 2025-04-01T17:17:57.500966, 0.7561822873237367, 0.0, -0.34048441898926374, 74.30888371934779, -29.05907225401147, -62.463474915695144, 0.0016000000400000006, 15.69111628065221
2025-04-01 17:17:57,540 - 2025-04-01T17:17:57.540261, 0.7612764303986665, 0.0, -0.3430436583942704, 73.49878371889716, -28.889684761505706, -62.3845536166847, 0.0016000000400000006, 16.501216281102842
2025-04-01 17:17:57,580 - 2025-04-01T17:17:57.580500, 0.7665710383782738, 0.0, -0.3453797076964653, 72.78568371850442, -28.71394513007699, -62.31313923392286, 0.0016000000400000006, 17.214316281495584
2025-04-01 17:17:57,621 - 2025-04-01T17:17:57.621036, 0.7710410615410392, 0.0, -0.34818486240241864, 72.1013837181309, -28.56476883166567, -62.22555624133813, 0.0016000000400000006, 17.898616281869096
2025-04-01 17:17:57,661 - 2025-04-01T17:17:57.661677, 0.7765285593592779, 0.0, -0.3501565032659735, 71.39238371774732, -28.383061987089253, -62.166268459882055, 0.0016000000400000006, 18.60761628225268
2025-04-01 17:17:57,700 - 2025-04-01T17:17:57.700850, 0.7821056040105434, 0.0, -0.3524774024360777, 70.8789837174717, -28.198082985546193, -62.09562392867069, 0.0016000000400000006, 19.121016282528302
2025-04-01 17:17:57,761 - 2025-04-01T17:17:57.761047, 0.7892146791173098, 0.0, -0.35563668259559833, 70.11608371706534, -27.962095273363815, -61.99899316522762, 0.0016000000400000006, 19.883916282934663
2025-04-01 17:17:57,841 - 2025-04-01T17:17:57.841245, 0.7953125006751365, 0.0, -0.3584253332099476, 69.71178371685153, -27.75960013390732, -61.91352697652943, 0.0016000000400000006, 20.288216283148472
2025-04-01 17:17:57,920 - 2025-04-01T17:17:57.920602, 0.8008302987575551, 0.0, -0.360961847416819, 69.4934837167365, -27.57635358623, -61.835760454844674, 0.0016000000400000006, 20.506516283263494
2025-04-01 17:17:57,981 - 2025-04-01T17:17:57.981830, 0.8061993034380985, 0.0, -0.36336471835390594, 69.13818371654996, -27.398111649385115, -61.762228692441866, 0.0016000000400000006, 20.86181628345004
2025-04-01 17:17:58,040 - 2025-04-01T17:17:58.040365, 0.8134268716825597, 0.0, -0.366092768439894, 68.86018371640456, -27.15865902947122, -61.67984190994554, 0.0016000000400000006, 21.139816283595437
2025-04-01 17:17:58,080 - 2025-04-01T17:17:58.080802, 0.8184466180565528, 0.0, -0.36858518621000824, 68.69588371631887, -26.99177384238164, -61.60303799057608, 0.0016000000400000006, 21.304116283681125
2025-04-01 17:17:58,122 - 2025-04-01T17:17:58.122047, 0.8240904843427104, 0.0, -0.3708316886791758, 68.50328371621862, -26.80467746119761, -61.5348957647809, 0.0016000000400000006, 21.49671628378138
2025-04-01 17:17:58,161 - 2025-04-01T17:17:58.161008, 0.829608282425129, 0.0, -0.3733682028860468, 68.24948371608684, -26.621430913520296, -61.457129243096155, 0.0016000000400000006, 21.750516283913157
2025-04-01 17:17:58,200 - 2025-04-01T17:17:58.200323, 0.8353341204782683, 0.0, -0.37582274532593507, 68.09698371600787, -26.43144730114486, -61.38224995260285, 0.0016000000400000006, 21.90301628399213
2025-04-01 17:17:58,240 - 2025-04-01T17:17:58.240291, 0.8412831486342203, 0.0, -0.37847775267050077, 67.83668371587339, -26.233956772520774, -61.3010185231866, 0.0016000000400000006, 22.16331628412661
2025-04-01 17:17:58,280 - 2025-04-01T17:17:58.280617, 0.8470089866873605, 0.0, -0.38093229511038906, 67.73088371581883, -26.043973160145306, -61.2261392326933, 0.0016000000400000006, 22.269116284181166
2025-04-01 17:17:58,321 - 2025-04-01T17:17:58.321276, 0.8525267847697786, 0.0, -0.38346880931726, 67.546583715724, -25.860726612468, -61.14837271100854, 0.0016000000400000006, 22.453416284276006
2025-04-01 17:17:58,360 - 2025-04-01T17:17:58.360437, 0.8579701861512596, 0.0, -0.38593850188923895, 67.48278371569118, -25.6799823702069, -61.07272356896477, 0.0016000000400000006, 22.51721628430882
2025-04-01 17:17:58,421 - 2025-04-01T17:17:58.420967, 0.8652280546599016, 0.0, -0.3892314253185445, 67.31078371560292, -25.43899004719208, -60.971858046239724, 0.0016000000400000006, 22.68921628439708
2025-04-01 17:17:58,480 - 2025-04-01T17:17:58.480516, 0.8723371297666689, 0.0, -0.392390705478066, 67.1265837155086, -25.203002335009664, -60.87522728279663, 0.0016000000400000006, 22.873416284491398
2025-04-01 17:17:58,541 - 2025-04-01T17:17:58.541255, 0.879356658040408, 0.0, -0.3952007273310363, 67.02888371545863, -24.97028677979394, -60.789953269108864, 0.0016000000400000006, 22.971116284541367
2025-04-01 17:17:58,600 - 2025-04-01T17:17:58.600480, 0.8860496532057325, 0.0, -0.3985239510245222, 66.89248371538898, -24.747773197007827, -60.6875480432829, 0.0016000000400000006, 23.107516284611023
2025-04-01 17:17:58,664 - 2025-04-01T17:17:58.664294, 0.8929203880775973, 0.0, -0.40120032960770846, 66.75068371531668, -24.5200622526245, -60.60650878887708, 0.0016000000400000006, 23.249316284683317
2025-04-01 17:17:58,721 - 2025-04-01T17:17:58.721180, 0.8999033949806257, 0.0, -0.40464962150493333, 66.60518371524263, -24.287924373948798, -60.50025372954441, 0.0016000000400000006, 23.39481628475737
2025-04-01 17:17:58,780 - 2025-04-01T17:17:58.780320, 0.9071612634892672, 0.0, -0.40794254493423887, 66.40028371513856, -24.04693205093399, -60.39938820681937, 0.0016000000400000006, 23.599716284861444
2025-04-01 17:17:58,820 - 2025-04-01T17:17:58.820835, 0.9124558714688735, 0.0, -0.4102785942364333, 66.3370837151065, -23.871192419505306, -60.32797382405755, 0.0016000000400000006, 23.662916284893498
2025-04-01 17:17:58,860 - 2025-04-01T17:17:58.860823, 0.918032916120139, 0.0, -0.412599493406538, 66.24718371506096, -23.686213417962243, -60.25732929284617, 0.0016000000400000006, 23.752816284939044
2025-04-01 17:17:58,901 - 2025-04-01T17:17:58.901353, 0.923342674231836, 0.0, -0.4152179793803912, 66.1646837150192, -23.509703934983083, -60.17667553997, 0.0016000000400000006, 23.835316284980806
2025-04-01 17:17:58,940 - 2025-04-01T17:17:58.940937, 0.9285553104444602, 0.0, -0.41734598871186446, 66.12178371499749, -23.33685153474582, -60.11199822190632, 0.0016000000400000006, 23.87821628500251
2025-04-01 17:17:58,980 - 2025-04-01T17:17:58.980873, 0.9335750568184538, 0.0, -0.4198384064819791, 66.03408371495316, -23.169966347656224, -60.035194302536844, 0.0016000000400000006, 23.965916285046845
2025-04-01 17:17:59,020 - 2025-04-01T17:17:59.020931, 0.9385948031924474, 0.0, -0.42233082425209423, 65.97468371492315, -23.003081160566634, -59.958390383167355, 0.0016000000400000006, 24.025316285076855
2025-04-01 17:17:59,080 - 2025-04-01T17:17:59.080936, 0.9455702350294297, 0.0, -0.42563889781348996, 65.805883714838, -22.77132820766619, -59.85675500889186, 0.0016000000400000006, 24.194116285161996
2025-04-01 17:17:59,140 - 2025-04-01T17:17:59.140233, 0.9524712701654754, 0.0, -0.4288801497399932, 65.77168371482078, -22.54207756018193, -59.757237014257335, 0.0016000000400000006, 24.22831628517922
2025-04-01 17:17:59,205 - 2025-04-01T17:17:59.205178, 0.9595954954043333, 0.0, -0.432321866571173, 65.53668371470255, -22.305319996449047, -59.6513668806999, 0.0016000000400000006, 24.463316285297452
2025-04-01 17:17:59,241 - 2025-04-01T17:17:59.241020, 0.9647185847839297, 0.0, -0.43410061759609553, 65.57108371471983, -22.135739753178456, -59.598046312391546, 0.0016000000400000006, 24.428916285280167
2025-04-01 17:17:59,302 - 2025-04-01T17:17:59.302218, 0.9715603733511289, 0.0, -0.4375574845593664, 65.44068371465433, -21.908221559559927, -59.49140632728361, 0.0016000000400000006, 24.559316285345673
2025-04-01 17:17:59,361 - 2025-04-01T17:17:59.361344, 0.9786177769550939, 0.0, -0.4410735980914833, 65.36698371461736, -21.673581375468046, -59.383033888309974, 0.0016000000400000006, 24.633016285382638
2025-04-01 17:17:59,400 - 2025-04-01T17:17:59.400615, 0.9837484414007358, 0.0, -0.44299356745223495, 65.27978371457365, -21.503616206422215, -59.325093634944444, 0.0016000000400000006, 24.720216285426346
2025-04-01 17:17:59,460 - 2025-04-01T17:17:59.460657, 0.9912219249461436, 0.0, -0.44634573745038697, 65.13788371450262, -21.255501892934042, -59.22249565835367, 0.0016000000400000006, 24.86211628549738
2025-04-01 17:17:59,520 - 2025-04-01T17:17:59.520384, 0.9983688753831368, 0.0, -0.45021110928905506, 65.08488371447613, -21.017589551875467, -59.1027664696247, 0.0016000000400000006, 24.915116285523865
2025-04-01 17:17:59,560 - 2025-04-01T17:17:59.560449, 1.0037895515664825, 0.0, -0.4522571468535457, 64.99808371443277, -20.83800008694005, -59.04097638275246, 0.0016000000400000006, 25.001916285567233
2025-04-01 17:17:59,600 - 2025-04-01T17:17:59.600512, 1.00895809134235, 0.0, -0.45488320789344483, 64.96188371441468, -20.66611028901807, -58.95993770410103, 0.0016000000400000006, 25.03811628558532
2025-04-01 17:17:59,660 - 2025-04-01T17:17:59.660447, 1.016156713282145, 0.0, -0.4583917463595166, 64.84138371435458, -20.42685041986899, -58.85195019090261, 0.0016000000400000006, 25.158616285645422
2025-04-01 17:17:59,700 - 2025-04-01T17:17:59.700407, 1.0215105678305982, 0.0, -0.4605121806249448, 64.86228371436498, -20.24937833457456, -58.78765779861417, 0.0016000000400000006, 25.137716285635026
2025-04-01 17:17:59,760 - 2025-04-01T17:17:59.760501, 1.0281443164270758, 0.0, -0.4640510193551983, 64.81108371433945, -20.028597205654187, -58.6781305823148, 0.0016000000400000006, 25.188916285660554
2025-04-01 17:17:59,800 - 2025-04-01T17:17:59.800269, 1.033238459502006, 0.0, -0.4666102587602041, 64.81518371434152, -19.859209713148402, -58.599209283304376, 0.0016000000400000006, 25.18481628565849
2025-04-01 17:17:59,860 - 2025-04-01T17:17:59.860734, 1.0402290414710795, 0.0, -0.4702007689932586, 64.77388371432093, -19.62668690869748, -58.488334538914536, 0.0016000000400000006, 25.22611628567907
2025-04-01 17:17:59,921 - 2025-04-01T17:17:59.921487, 1.0472788700089999, 0.0, -0.47357566418954633, 64.7936837143308, -19.392431650380807, -58.38458178499806, 0.0016000000400000006, 25.206316285669203
2025-04-01 17:17:59,980 - 2025-04-01T17:17:59.980279, 1.0541950552771358, 0.0, -0.4770993527877083, 64.8712837143695, -19.1624111513461, -58.27582442024919, 0.0016000000400000006, 25.128716285630503
2025-04-01 17:18:00,040 - 2025-04-01T17:18:00.040327, 1.0613268555820379, 0.0, -0.4806822879547177, 64.86548371436659, -18.92526866183801, -58.16533460163457, 0.0016000000400000006, 25.13451628563341
2025-04-01 17:18:00,100 - 2025-04-01T17:18:00.100797, 1.0688079141934912, 0.0, -0.48417567628869973, 64.84038371435409, -18.676769422574594, -58.058116939986604, 0.0016000000400000006, 25.15961628564591
2025-04-01 17:18:00,160 - 2025-04-01T17:18:00.160528, 1.0761477544691158, 0.0, -0.48767663968872643, 64.81428371434106, -18.432889868368328, -57.95051435256341, 0.0016000000400000006, 25.18571628565894
2025-04-01 17:18:00,200 - 2025-04-01T17:18:00.200744, 1.0811599257770639, 0.0, -0.49002783912301195, 64.75478371431144, -18.266389607053974, -57.87833011825111, 0.0016000000400000006, 25.245216285688556
2025-04-01 17:18:00,260 - 2025-04-01T17:18:00.260916, 1.0883585477168585, 0.0, -0.49353637758908375, 64.74028371430418, -18.0271297379049, -57.7703426050527, 0.0016000000400000006, 25.259716285695816
2025-04-01 17:18:00,320 - 2025-04-01T17:18:00.320877, 1.0958396063283122, 0.0, -0.4970297659230658, 64.67418371427128, -17.77863049864147, -57.66312494340473, 0.0016000000400000006, 25.32581628572872
2025-04-01 17:18:00,381 - 2025-04-01T17:18:00.381301, 1.1033950616407027, 0.0, -0.500589975891939, 64.71718371429272, -17.52762895396185, -57.553789902115824, 0.0016000000400000006, 25.282816285707284
2025-04-01 17:18:00,441 - 2025-04-01T17:18:00.441688, 1.1109429418870476, 0.0, -0.5040089675249835, 64.79278371433037, -17.277012335057478, -57.449074545884066, 0.0016000000400000006, 25.20721628566963
2025-04-01 17:18:00,500 - 2025-04-01T17:18:00.500489, 1.1179107986579853, 0.0, -0.5071758227505496, 64.81888371434337, -17.04564430793225, -57.35205885666575, 0.0016000000400000006, 25.18111628565663
2025-04-01 17:18:00,562 - 2025-04-01T17:18:00.561977, 1.1248194088600765, 0.0, -0.5105582930128825, 64.83568371435173, -16.81600873467275, -57.24792117697405, 0.0016000000400000006, 25.16431628564827
2025-04-01 17:18:00,620 - 2025-04-01T17:18:00.620559, 1.1317204439961221, 0.0, -0.5137995449393866, 64.81778371434281, -16.586758087188493, -57.14840318233951, 0.0016000000400000006, 25.18221628565719
2025-04-01 17:18:00,680 - 2025-04-01T17:18:00.680580, 1.1387702725340425, 0.0, -0.5171744401356744, 64.88918371437842, -16.352502828871827, -57.04465042842304, 0.0016000000400000006, 25.11081628562158
2025-04-01 17:18:00,742 - 2025-04-01T17:18:00.742498, 1.1458201010719624, 0.0, -0.5205493353319617, 64.9488837144082, -16.11824757055517, -56.94089767450658, 0.0016000000400000006, 25.051116285591803
2025-04-01 17:18:00,801 - 2025-04-01T17:18:00.800964, 1.152980847681531, 0.0, -0.5233517821188869, 64.99278371443013, -15.880912330282264, -56.856008586594044, 0.0016000000400000006, 25.007216285569868
2025-04-01 17:18:00,844 - 2025-04-01T17:18:00.844576, 1.1584834956318595, 0.0, -0.5256058596540996, 64.97088371441917, -15.698435634155402, -56.787481435023636, 0.0016000000400000006, 25.029116285580827
2025-04-01 17:18:00,900 - 2025-04-01T17:18:00.900572, 1.1650125472632187, 0.0, -0.5285130034061427, 65.0397837144536, -15.48169651375217, -56.698550338593975, 0.0016000000400000006, 24.960216285546394
2025-04-01 17:18:00,941 - 2025-04-01T17:18:00.941160, 1.1700991152721039, 0.0, -0.5309310244753198, 65.09598371448168, -15.312693947021621, -56.62424872464071, 0.0016000000400000006, 24.904016285518328
2025-04-01 17:18:00,981 - 2025-04-01T17:18:00.981149, 1.1755273665214951, 0.0, -0.5331182803756396, 65.06308371446525, -15.13271955631096, -56.55783895271131, 0.0016000000400000006, 24.93691628553475
2025-04-01 17:18:01,040 - 2025-04-01T17:18:01.040413, 1.1827032632631544, 0.0, -0.5362031638342244, 65.1789837145232, -14.894614464487582, -56.46371049468439, 0.0016000000400000006, 24.8210162854768
2025-04-01 17:18:01,100 - 2025-04-01T17:18:01.100901, 1.190199472006698, 0.0, -0.5399789888398643, 65.26878371456816, -14.645345373673706, -56.34725346292209, 0.0016000000400000006, 24.73121628543184
2025-04-01 17:18:01,140 - 2025-04-01T17:18:01.140809, 1.195650448454224, 0.0, -0.5425898997476728, 65.25088371455918, -14.464216205637378, -56.26698463582113, 0.0016000000400000006, 24.74911628544082
2025-04-01 17:18:01,182 - 2025-04-01T17:18:01.182494, 1.2008479345347585, 0.0, -0.5444354724074874, 65.43518371465157, -14.292133656950554, -56.21154668787182, 0.0016000000400000006, 24.564816285348428
2025-04-01 17:18:01,240 - 2025-04-01T17:18:01.240663, 1.2075774510707933, 0.0, -0.5471194260567187, 65.613183714741, -14.069042397624422, -56.13012250769076, 0.0016000000400000006, 24.386816285259002
2025-04-01 17:18:01,300 - 2025-04-01T17:18:01.300370, 1.2148201694473455, 0.0, -0.5501299128143655, 65.89398371488242, -13.828819926160051, -56.03849635508006, 0.0016000000400000006, 24.106016285117576
2025-04-01 17:18:01,360 - 2025-04-01T17:18:01.360442, 1.222011216321095, 0.0, -0.5534972329446082, 66.13248371500289, -13.5899449827862, -55.935128526938826, 0.0016000000400000006, 23.867516284997112
2025-04-01 17:18:01,420 - 2025-04-01T17:18:01.420359, 1.2294695497344126, 0.0, -0.5565669662711019, 66.42658371515189, -13.342600520848485, -55.84176992046239, 0.0016000000400000006, 23.573416284848108
2025-04-01 17:18:01,481 - 2025-04-01T17:18:01.481694, 1.2366530215421165, 0.0, -0.5597930680655145, 66.66768371527444, -13.104110503249892, -55.74302177737835, 0.0016000000400000006, 23.332316284725565
2025-04-01 17:18:01,540 - 2025-04-01T17:18:01.540570, 1.2436573996837668, 0.0, -0.562320653246827, 66.9234837154048, -12.872164799584581, -55.66698713380491, 0.0016000000400000006, 23.0765162845952
2025-04-01 17:18:01,600 - 2025-04-01T17:18:01.600356, 1.251190129798022, 0.0, -0.5654572082082128, 67.18898371554053, -12.622318032230645, -55.57151114768751, 0.0016000000400000006, 22.81101628445947
2025-04-01 17:18:01,640 - 2025-04-01T17:18:01.640693, 1.25652125914834, 0.0, -0.5671539874661526, 67.36958371563307, -12.4460007242619, -55.5210778105706, 0.0016000000400000006, 22.63041628436693
2025-04-01 17:18:01,681 - 2025-04-01T17:18:01.681211, 1.261867538630748, 0.0, -0.5691332033957512, 67.46518371568214, -12.268913564742704, -55.461405103339324, 0.0016000000400000006, 22.534816284317856
2025-04-01 17:18:01,720 - 2025-04-01T17:18:01.720658, 1.2671469964782647, 0.0, -0.5711868160262874, 67.65888371578176, -12.093943784864457, -55.399230090691844, 0.0016000000400000006, 22.341116284218245
2025-04-01 17:18:01,760 - 2025-04-01T17:18:01.760951, 1.2722776609239062, 0.0, -0.5731067853870391, 67.8558837158833, -11.92397861581864, -55.34128983732632, 0.0016000000400000006, 22.144116284116706
2025-04-01 17:18:01,820 - 2025-04-01T17:18:01.820662, 1.2798028159721162, 0.0, -0.5761021220125953, 68.00568371596066, -11.674516774239933, -55.25043353626611, 0.0016000000400000006, 21.994316284039343
2025-04-01 17:18:01,862 - 2025-04-01T17:18:01.862307, 1.2849927269866046, 0.0, -0.5778064763365811, 68.13148371602571, -11.502819151328367, -55.19961527337394, 0.0016000000400000006, 21.868516283974287
2025-04-01 17:18:01,920 - 2025-04-01T17:18:01.920687, 1.2921610486622197, 0.0, -0.5807501414593359, 68.23558371607965, -11.265098985280197, -55.110106500404214, 0.0016000000400000006, 21.764416283920355
2025-04-01 17:18:01,960 - 2025-04-01T17:18:01.960753, 1.2972097413408785, 0.0, -0.582462070849366, 68.48278371620795, -11.098021047425817, -55.05890331173684, 0.0016000000400000006, 21.517216283792052
2025-04-01 17:18:02,001 - 2025-04-01T17:18:02.001409, 1.302615267392134, 0.0, -0.5842256717421983, 68.67088371630585, -10.919201434040858, -55.00635259497894, 0.0016000000400000006, 21.329116283694148
2025-04-01 17:18:02,042 - 2025-04-01T17:18:02.042579, 1.3078354786708033, 0.0, -0.5864948994095012, 68.87448371641203, -10.745964108028367, -54.937055591858076, 0.0016000000400000006, 21.12551628358797
2025-04-01 17:18:02,100 - 2025-04-01T17:18:02.100586, 1.315263511819941, 0.0, -0.588999759392677, 69.14458371655333, -10.500159349191549, -54.86217572561036, 0.0016000000400000006, 20.855416283446672
2025-04-01 17:18:02,141 - 2025-04-01T17:18:02.141535, 1.3204458477683847, 0.0, -0.5905628953808337, 69.29688371663319, -10.328846652055205, -54.815977147775364, 0.0016000000400000006, 20.70311628336681
2025-04-01 17:18:02,200 - 2025-04-01T17:18:02.200742, 1.3272346108732673, 0.0, -0.5930312339932979, 69.58148371678283, -10.104022938863302, -54.74167495806771, 0.0016000000400000006, 20.418516283217173
2025-04-01 17:18:02,240 - 2025-04-01T17:18:02.240608, 1.3322757284858815, 0.0, -0.5946019450474989, 69.72938371686081, -9.937329926784145, -54.695091454457504, 0.0016000000400000006, 20.27061628313919
2025-04-01 17:18:02,300 - 2025-04-01T17:18:02.300417, 1.339829829838758, 0.0, -0.5968167932929718, 70.03668371702327, -9.687675334440613, -54.62983588409935, 0.0016000000400000006, 19.963316282976738
2025-04-01 17:18:02,340 - 2025-04-01T17:18:02.340646, 1.3449453441523098, 0.0, -0.5984543259820647, 70.22058371712076, -9.51848001694524, -54.58113500084818, 0.0016000000400000006, 19.77941628287924
2025-04-01 17:18:02,403 - 2025-04-01T17:18:02.403386, 1.353146290615486, 0.0, -0.600846913934078, 70.5139837172768, -9.24745945318157, -54.51068206889281, 0.0016000000400000006, 19.4860162827232
2025-04-01 17:18:02,461 - 2025-04-01T17:18:02.461417, 1.3609084319390838, 0.0, -0.6029797904125678, 70.82938371744515, -8.991067796139902, -54.44831372972611, 0.0016000000400000006, 19.17061628255485
2025-04-01 17:18:02,501 - 2025-04-01T17:18:02.501647, 1.3660907678875271, 0.0, -0.6045429264007236, 71.09718371758863, -8.819755099003572, -54.40211515189114, 0.0016000000400000006, 18.902816282411365
2025-04-01 17:18:02,542 - 2025-04-01T17:18:02.542761, 1.3713991720397098, 0.0, -0.6058160506511756, 71.28098371768736, -8.644592568360515, -54.36554086994574, 0.0016000000400000006, 18.719016282312637
2025-04-01 17:18:02,581 - 2025-04-01T17:18:02.581636, 1.3768563695937672, 0.0, -0.6072228181714121, 71.45338371778018, -8.464425426885043, -54.3247318287184, 0.0016000000400000006, 18.546616282219816
2025-04-01 17:18:02,620 - 2025-04-01T17:18:02.620206, 1.3823287172799148, 0.0, -0.6089120223633073, 71.57968371784833, -8.28348843385912, -54.2746834173767, 0.0016000000400000006, 18.420316282151674
2025-04-01 17:18:02,663 - 2025-04-01T17:18:02.663633, 1.387377409958574, 0.0, -0.6106239517533378, 71.79358371796397, -8.116410496004725, -54.223480228709306, 0.0016000000400000006, 18.20641628203603
2025-04-01 17:18:02,720 - 2025-04-01T17:18:02.720507, 1.394790292975621, 0.0, -0.612846375064855, 72.07978371811919, -7.871375588718379, -54.15783973257596, 0.0016000000400000006, 17.920216281880812
2025-04-01 17:18:02,760 - 2025-04-01T17:18:02.760226, 1.3998830820910375, 0.0, -0.6140602527464605, 72.30748371824306, -7.703335048548688, -54.12299790449629, 0.0016000000400000006, 17.692516281756937
2025-04-01 17:18:02,822 - 2025-04-01T17:18:02.822476, 1.4075040050788057, 0.0, -0.6162007042909954, 72.61818371841271, -7.451563076564199, -54.06024463955436, 0.0016000000400000006, 17.38181628158729
2025-04-01 17:18:02,860 - 2025-04-01T17:18:02.860338, 1.4126939160932945, 0.0, -0.6179050586149808, 72.81788371852207, -7.279865453652626, -54.009426376662205, 0.0016000000400000006, 17.18211628147793
2025-04-01 17:18:02,922 - 2025-04-01T17:18:02.922727, 1.4200172522773138, 0.0, -0.6197782236199476, 73.20858371873689, -7.03810270333296, -53.95514263028415, 0.0016000000400000006, 16.79141628126311
2025-04-01 17:18:02,980 - 2025-04-01T17:18:02.980298, 1.4272737668264415, 0.0, -0.6217257853258515, 73.40528371884547, -6.7984573326542375, -53.89835657848991, 0.0016000000400000006, 16.594716281154533
2025-04-01 17:18:03,020 - 2025-04-01T17:18:03.020374, 1.4327977860153904, 0.0, -0.6230581561451505, 73.63658371897347, -6.616172811537815, -53.86004984267877, 0.0016000000400000006, 16.36341628102653
2025-04-01 17:18:03,060 - 2025-04-01T17:18:03.060526, 1.4381061901675736, 0.0, -0.6243312803956025, 73.86068371909788, -6.441010280894737, -53.82347556073338, 0.0016000000400000006, 16.139316280902122
2025-04-01 17:18:03,100 - 2025-04-01T17:18:03.100709, 1.4434297444518465, 0.0, -0.6258868413177132, 73.91508371912812, -6.265077898701222, -53.777661908673636, 0.0016000000400000006, 16.08491628087188
2025-04-01 17:18:03,144 - 2025-04-01T17:18:03.144349, 1.4499422919916012, 0.0, -0.6271661866746965, 74.13648371925149, -6.050455582184554, -53.74204965328911, 0.0016000000400000006, 15.863516280748513
2025-04-01 17:18:03,181 - 2025-04-01T17:18:03.181253, 1.4550502312391074, 0.0, -0.6286625010279603, 74.32318371935578, -5.881645190464418, -53.6979684550951, 0.0016000000400000006, 15.67681628064422
2025-04-01 17:18:03,220 - 2025-04-01T17:18:03.220424, 1.4600837737856764, 0.0, -0.6300919937463321, 74.38388371938976, -5.71533710416049, -53.656004636542065, 0.0016000000400000006, 15.61611628061024
2025-04-01 17:18:03,260 - 2025-04-01T17:18:03.260579, 1.4650870160680651, 0.0, -0.630956613121386, 74.62908371952724, -5.550568720957472, -53.63251955821775, 0.0016000000400000006, 15.370916280472755
2025-04-01 17:18:03,321 - 2025-04-01T17:18:03.321790, 1.4723359555511473, 0.0, -0.6327629564914612, 74.83328371964205, -5.3113082760539925, -53.58035319148067, 0.0016000000400000006, 15.166716280357946
2025-04-01 17:18:03,360 - 2025-04-01T17:18:03.360521, 1.477443894798654, 0.0, -0.634259270844725, 74.99608371973385, -5.142497884333849, -53.536271993286654, 0.0016000000400000006, 15.003916280266154
2025-04-01 17:18:03,400 - 2025-04-01T17:18:03.400800, 1.4825594091122052, 0.0, -0.635896803533818, 75.18928371984303, -4.973302566838484, -53.48757111003549, 0.0016000000400000006, 14.810716280156965
2025-04-01 17:18:03,440 - 2025-04-01T17:18:03.440340, 1.4881350998039569, 0.0, -0.636872340980521, 75.30028371990588, -4.789670517631521, -53.4610060497549, 0.0016000000400000006, 14.69971628009412
2025-04-01 17:18:03,500 - 2025-04-01T17:18:03.500383, 1.4955920792577602, 0.0, -0.6385967125836136, 75.52878372003555, -4.543673008029899, -53.411726914209254, 0.0016000000400000006, 14.471216279964452
2025-04-01 17:18:03,540 - 2025-04-01T17:18:03.540954, 1.5008336617750504, 0.0, -0.6399442335350027, 75.61178372008277, -4.370627857027834, -53.37265032684766, 0.0016000000400000006, 14.388216279917229
2025-04-01 17:18:03,585 - 2025-04-01T17:18:03.585097, 1.5058444791234842, 0.0, -0.6409500712458867, 75.63748372009739, -4.20547454804958, -53.344545563466156, 0.0016000000400000006, 14.362516279902605
2025-04-01 17:18:03,621 - 2025-04-01T17:18:03.621022, 1.5109965148077475, 0.0, -0.641948333890725, 75.68238372012297, -4.03570155401416, -53.316825725859886, 0.0016000000400000006, 14.317616279877031
2025-04-01 17:18:03,660 - 2025-04-01T17:18:03.660929, 1.5162380973250378, 0.0, -0.6432958548421146, 75.72188372014547, -3.862656403012082, -53.27774913849827, 0.0016000000400000006, 14.278116279854531
2025-04-01 17:18:03,721 - 2025-04-01T17:18:03.721012, 1.5241414569844656, 0.0, -0.6454211562545593, 75.79138372018508, -3.6016450609132136, -53.215765725106806, 0.0016000000400000006, 14.20861627981492
2025-04-01 17:18:03,761 - 2025-04-01T17:18:03.760964, 1.5294271359385125, 0.0, -0.6462706254975235, 75.74658372015955, -3.427637307595859, -53.19305049833294, 0.0016000000400000006, 14.253416279840451
2025-04-01 17:18:03,800 - 2025-04-01T17:18:03.800297, 1.5347947866595422, 0.0, -0.6473281347112088, 75.81208372019691, -3.25074232308706, -53.163598206860925, 0.0016000000400000006, 14.18791627980309
2025-04-01 17:18:03,860 - 2025-04-01T17:18:03.860367, 1.5420740264068051, 0.0, -0.6496993514246014, 75.78168372017957, -3.0099421750826565, -53.09295309989513, 0.0016000000400000006, 14.218316279820428
2025-04-01 17:18:03,900 - 2025-04-01T17:18:03.900352, 1.5473824305589878, 0.0, -0.6509724756750535, 75.87668372023377, -2.8347796444395925, -53.056378817949735, 0.0016000000400000006, 14.123316279766229
2025-04-01 17:18:03,940 - 2025-04-01T17:18:03.940291, 1.5526984097772156, 0.0, -0.6523868182613346, 75.92198372025965, -2.6592321880213063, -53.01518485094717, 0.0016000000400000006, 14.078016279740353
2025-04-01 17:18:03,980 - 2025-04-01T17:18:03.980391, 1.5583409221038589, 0.0, -0.6532879590071001, 75.9449837202728, -2.473482759173386, -52.99112209608281, 0.0016000000400000006, 14.055016279727198
2025-04-01 17:18:04,021 - 2025-04-01T17:18:04.021331, 1.563634176123951, 0.0, -0.6542786465858939, 75.97658372029088, -2.299090080080795, -52.96378718425175, 0.0016000000400000006, 14.023416279709124
2025-04-01 17:18:04,080 - 2025-04-01T17:18:04.080398, 1.5714038925135938, 0.0, -0.6565527414002128, 75.90438372024961, -2.0423134972639048, -52.89679916002788, 0.0016000000400000006, 14.095616279750388
2025-04-01 17:18:04,120 - 2025-04-01T17:18:04.120761, 1.5770464048402375, 0.0, -0.6574538821459788, 75.89388372024361, -1.8565640684159632, -52.87273640516351, 0.0016000000400000006, 14.106116279756392
2025-04-01 17:18:04,160 - 2025-04-01T17:18:04.160716, 1.5826599708622142, 0.0, -0.6591355112718285, 75.87308372023172, -1.6710073903328677, -52.82307291959705, 0.0016000000400000006, 14.126916279768281
2025-04-01 17:18:04,201 - 2025-04-01T17:18:04.201612, 1.5876935134087833, 0.0, -0.6605650039902002, 75.87908372023516, -1.5046993040289394, -52.78110910104401, 0.0016000000400000006, 14.120916279764842
2025-04-01 17:18:04,261 - 2025-04-01T17:18:04.261084, 1.5930687391958585, 0.0, -0.6617637315397151, 75.88258372023715, -1.32741939374489, -52.74703712451482, 0.0016000000400000006, 14.11741627976285
2025-04-01 17:18:04,320 - 2025-04-01T17:18:04.320456, 1.5986823052178352, 0.0, -0.6634453606655653, 75.87378372023213, -1.1418627156617944, -52.697373638948356, 0.0016000000400000006, 14.126216279767874
2025-04-01 17:18:04,382 - 2025-04-01T17:18:04.382086, 1.604370267940749, 0.0, -0.6651938114263074, 75.79388372018651, -0.9538037321624984, -52.645592773740916, 0.0016000000400000006, 14.206116279813486
2025-04-01 17:18:04,440 - 2025-04-01T17:18:04.440296, 1.611477989088002, 0.0, -0.6670077298624273, 75.67618372011943, -0.719162972316191, -52.593041481228596, 0.0016000000400000006, 14.323816279880575
2025-04-01 17:18:04,500 - 2025-04-01T17:18:04.500349, 1.6187496537692199, 0.0, -0.66923772823999, 75.49188372001458, -0.47874775008701675, -52.527016059320005, 0.0016000000400000006, 14.508116279985416
2025-04-01 17:18:04,540 - 2025-04-01T17:18:04.540338, 1.624281248024214, 0.0, -0.670711317395118, 75.2879837198989, -0.2960783031953582, -52.4840896384517, 0.0016000000400000006, 14.712016280101096
2025-04-01 17:18:04,581 - 2025-04-01T17:18:04.581207, 1.6299692107471286, 0.0, -0.6724597681558602, 75.17568371983533, -0.10801931969603373, -52.43230877324426, 0.0016000000400000006, 14.824316280164666
2025-04-01 17:18:04,620 - 2025-04-01T17:18:04.620493, 1.6353671617323386, 0.0, -0.6740821507128629, 74.91928371969053, 0.0704153679136823, -52.384377741543545, 0.0016000000400000006, 15.080716280309476
2025-04-01 17:18:04,660 - 2025-04-01T17:18:04.660740, 1.6414043827618037, 0.0, -0.6757410546405773, 74.71278371957428, 0.26983110116831455, -52.33586903330277, 0.0016000000400000006, 15.287216280425724
2025-04-01 17:18:04,700 - 2025-04-01T17:18:04.700338, 1.646735512112122, 0.0, -0.6774378338985176, 74.55458371948541, 0.44614840913707354, -52.28543569618584, 0.0016000000400000006, 15.445416280514593
2025-04-01 17:18:04,740 - 2025-04-01T17:18:04.740315, 1.6524462000331712, 0.0, -0.6796099396667472, 74.29788371934163, 0.6353621699620575, -52.219795775806894, 0.0016000000400000006, 15.702116280658375
2025-04-01 17:18:04,780 - 2025-04-01T17:18:04.780946, 1.6579702192221206, 0.0, -0.6809423104860466, 74.1798837192757, 0.817646691078501, -52.181489039995746, 0.0016000000400000006, 15.820116280724308
2025-04-01 17:18:04,840 - 2025-04-01T17:18:04.840564, 1.6655470457731325, 0.0, -0.6835808137390069, 73.85178371909294, 1.0684560607477138, -52.10237441446608, 0.0016000000400000006, 16.148216280907064
2025-04-01 17:18:04,901 - 2025-04-01T17:18:04.900981, 1.6729158323534228, 0.0, -0.6863012887589499, 73.57168371893752, 1.3125283657187694, -52.02037255774498, 0.0016000000400000006, 16.42831628106248
2025-04-01 17:18:04,960 - 2025-04-01T17:18:04.960944, 1.680277043867668, 0.0, -0.6888805454430633, 73.27578371877397, 1.55621574491461, -51.94299038608105, 0.0016000000400000006, 16.724216281226035
2025-04-01 17:18:05,020 - 2025-04-01T17:18:05.020802, 1.6872146003744253, 0.0, -0.6914825273253125, 72.89598371856493, 1.7860440689389208, -51.86445343709143, 0.0016000000400000006, 17.104016281435065
2025-04-01 17:18:05,060 - 2025-04-01T17:18:05.060409, 1.6922784431851752, 0.0, -0.6934768933870012, 72.7863837185048, 1.9538918583437876, -51.8040108783097, 0.0016000000400000006, 17.21361628149521
2025-04-01 17:18:05,100 - 2025-04-01T17:18:05.100885, 1.6975503259666458, 0.0, -0.6953892876817083, 72.60728371840673, 2.1284767124467763, -51.746455550719396, 0.0016000000400000006, 17.392716281593266
2025-04-01 17:18:05,143 - 2025-04-01T17:18:05.143323, 1.7030894952876858, 0.0, -0.6970040951726659, 72.40048371829376, 2.3115310851136854, -51.698909444793905, 0.0016000000400000006, 17.599516281706244
2025-04-01 17:18:05,183 - 2025-04-01T17:18:05.183252, 1.708138187966345, 0.0, -0.698716024562696, 72.18828371817817, 2.4786090229680795, -51.647706256126526, 0.0016000000400000006, 17.811716281821834
2025-04-01 17:18:05,220 - 2025-04-01T17:18:05.220928, 1.7134617422506184, 0.0, -0.7002715854848072, 72.02808371809108, 2.654541405161602, -51.60189260406678, 0.0016000000400000006, 17.971916281908918
2025-04-01 17:18:05,280 - 2025-04-01T17:18:05.280575, 1.7207637071960162, 0.0, -0.7030664572056873, 71.73758371793365, 2.8964963304916864, -51.51738844192947, 0.0016000000400000006, 18.262416282066354
2025-04-01 17:18:05,340 - 2025-04-01T17:18:05.340410, 1.7281476439083971, 0.0, -0.706069368897289, 71.37408371773748, 3.141338487013215, -51.426147215094005, 0.0016000000400000006, 18.625916282262523
2025-04-01 17:18:05,381 - 2025-04-01T17:18:05.381011, 1.7331963365870569, 0.0, -0.7077812982873191, 71.15258371761836, 3.308416424867623, -51.37494402642664, 0.0016000000400000006, 18.847416282381644
2025-04-01 17:18:05,440 - 2025-04-01T17:18:05.440580, 1.740431479897563, 0.0, -0.7106505667091367, 70.90388371748502, 3.5482539705567433, -51.28793755887311, 0.0016000000400000006, 19.096116282514984
2025-04-01 17:18:05,500 - 2025-04-01T17:18:05.500402, 1.7475846514410867, 0.0, -0.7133117951602324, 70.67708371736379, 3.7852042850544265, -51.20766815601776, 0.0016000000400000006, 19.322916282636214
2025-04-01 17:18:05,563 - 2025-04-01T17:18:05.562715, 1.7550278347223145, 0.0, -0.7160990918150674, 70.44628371724076, 4.031778895441697, -51.12354891965568, 0.0016000000400000006, 19.55371628275924
2025-04-01 17:18:05,601 - 2025-04-01T17:18:05.601212, 1.760225320802848, 0.0, -0.7179446644748819, 70.27288371714853, 4.203861444128485, -51.06811097170635, 0.0016000000400000006, 19.72711628285147
2025-04-01 17:18:05,640 - 2025-04-01T17:18:05.640496, 1.7652967386796434, 0.0, -0.7200802488724003, 69.96448371698504, 4.372094159308595, -51.003048727867444, 0.0016000000400000006, 20.035516283014957
2025-04-01 17:18:05,701 - 2025-04-01T17:18:05.701446, 1.772821893727853, 0.0, -0.7230755854979569, 69.7001837168454, 4.6215560008872885, -50.912192426807216, 0.0016000000400000006, 20.2998162831546
2025-04-01 17:18:05,742 - 2025-04-01T17:18:05.742162, 1.7779828584376758, 0.0, -0.725560428202026, 69.4160837166958, 4.793060873034051, -50.835773433212985, 0.0016000000400000006, 20.583916283304205
2025-04-01 17:18:05,780 - 2025-04-01T17:18:05.780749, 1.7833883844889313, 0.0, -0.7273240290948584, 69.2200837165929, 4.9718804864190105, -50.783222716455086, 0.0016000000400000006, 20.779916283407104
2025-04-01 17:18:05,820 - 2025-04-01T17:18:05.820340, 1.7885341990666634, 0.0, -0.7295264351272692, 69.0098837164828, 5.1426155070153, -50.716043092975184, 0.0016000000400000006, 20.990116283517196
2025-04-01 17:18:05,860 - 2025-04-01T17:18:05.860416, 1.7937619854113782, 0.0, -0.7319368811304008, 68.83548371639166, 5.316237758803034, -50.64212640479717, 0.0016000000400000006, 21.164516283608336
2025-04-01 17:18:05,900 - 2025-04-01T17:18:05.900248, 1.7991309900919221, 0.0, -0.7343397520674881, 68.6640837163023, 5.494479695647939, -50.56859464239435, 0.0016000000400000006, 21.3359162836977
2025-04-01 17:18:05,941 - 2025-04-01T17:18:05.941294, 1.8041355863338246, 0.0, -0.7365497331659436, 68.43568371618348, 5.66059503118705, -50.50103009313924, 0.0016000000400000006, 21.564316283816524
2025-04-01 17:18:06,000 - 2025-04-01T17:18:06.000379, 1.8113266332075741, 0.0, -0.7399170532961863, 68.18468371605326, 5.899469974560887, -50.397662264998004, 0.0016000000400000006, 21.815316283946743
2025-04-01 17:18:06,060 - 2025-04-01T17:18:06.060774, 1.8180120533068536, 0.0, -0.7430990586538435, 67.88548371589854, 6.121598631571771, -50.2998767242292, 0.0016000000400000006, 22.114516284101455
2025-04-01 17:18:06,121 - 2025-04-01T17:18:06.121470, 1.8250543067787284, 0.0, -0.7463327355143017, 67.58498371574372, 6.3554689641132, -50.20074365536991, 0.0016000000400000006, 22.415016284256282
2025-04-01 17:18:06,163 - 2025-04-01T17:18:06.163510, 1.8302820931234427, 0.0, -0.7487431815174332, 67.3327837156142, 6.5290912159009125, -50.12682696719189, 0.0016000000400000006, 22.667216284385802
2025-04-01 17:18:06,221 - 2025-04-01T17:18:06.221037, 1.8372423748283353, 0.0, -0.7517688184071707, 67.03518371546184, 6.760074317250918, -50.03443096303074, 0.0016000000400000006, 22.96481628453816
2025-04-01 17:18:06,280 - 2025-04-01T17:18:06.280460, 1.8440097666945967, 0.0, -0.7551588637355486, 66.66328371527219, 6.985090205453226, -49.929908357563804, 0.0016000000400000006, 23.336716284727814
2025-04-01 17:18:06,323 - 2025-04-01T17:18:06.322712, 1.8491707314044192, 0.0, -0.7576437064396178, 66.37628371512638, 7.156595077599981, -49.853489363969565, 0.0016000000400000006, 23.623716284873623
2025-04-01 17:18:06,381 - 2025-04-01T17:18:06.381007, 1.8563101067753673, 0.0, -0.7613678599424567, 66.0072837149396, 7.394122492883319, -49.73837986029776, 0.0016000000400000006, 23.992716285060396
2025-04-01 17:18:06,421 - 2025-04-01T17:18:06.420966, 1.8614710714851896, 0.0, -0.7638527026465258, 65.75628371481301, 7.565627365030068, -49.66196086670353, 0.0016000000400000006, 24.24371628518699
2025-04-01 17:18:06,480 - 2025-04-01T17:18:06.480400, 1.8689748552947787, 0.0, -0.7677697459879957, 65.35518371461144, 7.815281381619194, -49.540884149884036, 0.0016000000400000006, 24.644816285388558
2025-04-01 17:18:06,541 - 2025-04-01T17:18:06.541391, 1.876396667337385, 0.0, -0.771478749358744, 64.9594837144135, 8.062048167016876, -49.426544497762706, 0.0016000000400000006, 25.04051628558651
2025-04-01 17:18:06,580 - 2025-04-01T17:18:06.580245, 1.8814088386453331, 0.0, -0.7738299487930291, 64.62648371424758, 8.228548428331223, -49.35436026345041, 0.0016000000400000006, 25.373516285752416
2025-04-01 17:18:06,620 - 2025-04-01T17:18:06.620401, 1.8865698033551555, 0.0, -0.7763147914970983, 64.41468371414237, 8.400053300477971, -49.27794126985617, 0.0016000000400000006, 25.58531628585763
2025-04-01 17:18:06,661 - 2025-04-01T17:18:06.661047, 1.8915895497291488, 0.0, -0.7788072092672129, 64.26378371406753, 8.566938487567562, -49.201137350486704, 0.0016000000400000006, 25.73621628593247
2025-04-01 17:18:06,721 - 2025-04-01T17:18:06.721007, 1.8989596902689536, 0.0, -0.7828730460105571, 63.86878371387228, 8.812357744874731, -49.075056022834815, 0.0016000000400000006, 26.131216286127717
2025-04-01 17:18:06,781 - 2025-04-01T17:18:06.781015, 1.9060990656399008, 0.0, -0.786597199513396, 63.60378371374177, 9.049885160158048, -48.959946519163005, 0.0016000000400000006, 26.39621628625823
2025-04-01 17:18:06,841 - 2025-04-01T17:18:06.840979, 1.9132460160768938, 0.0, -0.7904625713520637, 63.237683713562085, 9.287797501216602, -48.84021733043404, 0.0016000000400000006, 26.762316286437915
2025-04-01 17:18:06,900 - 2025-04-01T17:18:06.900865, 1.9204005415799317, 0.0, -0.7944691615265604, 62.785083713340896, 9.526094768050392, -48.71586845664791, 0.0016000000400000006, 27.214916286659104
2025-04-01 17:18:06,960 - 2025-04-01T17:18:06.960372, 1.9278223536225383, 0.0, -0.7981781648973092, 62.44588371317582, 9.772861553448081, -48.60152880452656, 0.0016000000400000006, 27.554116286824183
2025-04-01 17:18:07,022 - 2025-04-01T17:18:07.022289, 1.9352744659293257, 0.0, -0.802452041611375, 62.0015837129605, 10.021168041946694, -48.46871041217652, 0.0016000000400000006, 27.998416287039497
2025-04-01 17:18:07,080 - 2025-04-01T17:18:07.080905, 1.9425033881333007, 0.0, -0.8065254534207642, 61.650483712791065, 10.261967614196678, -48.3422441587494, 0.0016000000400000006, 28.349516287208935
2025-04-01 17:18:07,122 - 2025-04-01T17:18:07.122671, 1.9476719279091683, 0.0, -0.8091515144606629, 61.42218371268122, 10.433857412118662, -48.261205480097985, 0.0016000000400000006, 28.577816287318782
2025-04-01 17:18:07,180 - 2025-04-01T17:18:07.180675, 1.9549008501131437, 0.0, -0.8132249262700526, 61.10918371253103, 10.67465698436866, -48.13473922667085, 0.0016000000400000006, 28.890816287468976
2025-04-01 17:18:07,222 - 2025-04-01T17:18:07.222097, 1.9601362115239036, 0.0, -0.8157765906090138, 60.8404837124025, 10.848664161931623, -48.05620285343565, 0.0016000000400000006, 29.159516287597498
2025-04-01 17:18:07,286 - 2025-04-01T17:18:07.282316, 1.9675518024599792, 0.0, -0.8206897373673341, 60.44718371221498, 11.096392973890175, -47.9024034154407, 0.0016000000400000006, 29.552816287785017
2025-04-01 17:18:07,321 - 2025-04-01T17:18:07.321597, 1.9728174641349194, 0.0, -0.8238062750496127, 60.23898371211603, 11.271939854554056, -47.80538830197679, 0.0016000000400000006, 29.761016287883965
2025-04-01 17:18:07,381 - 2025-04-01T17:18:07.381408, 1.9800022899021383, 0.0, -0.8283777385674278, 59.749983711884425, 11.511776824488784, -47.66256068796193, 0.0016000000400000006, 30.25001628811557
2025-04-01 17:18:07,420 - 2025-04-01T17:18:07.420348, 1.9851191581752043, 0.0, -0.8313606329799228, 59.516183711774104, 11.682319094320263, -47.56978033377994, 0.0016000000400000006, 30.4838162882259
2025-04-01 17:18:07,480 - 2025-04-01T17:18:07.480618, 1.9920291223368094, 0.0, -0.8360884649656568, 59.104383711580404, 11.913301619915842, -47.42156318315746, 0.0016000000400000006, 30.8956162884196
2025-04-01 17:18:07,541 - 2025-04-01T17:18:07.541031, 1.9987599928323592, 0.0, -0.8401177803382889, 58.88118371147573, 12.137739831578102, -47.29605953204564, 0.0016000000400000006, 31.118816288524272
2025-04-01 17:18:07,601 - 2025-04-01T17:18:07.601261, 2.005164330219494, 0.0, -0.8446602975514379, 58.45598371127698, 12.351976070810743, -47.15342466879559, 0.0016000000400000006, 31.544016288723025
2025-04-01 17:18:07,660 - 2025-04-01T17:18:07.660623, 2.0121108157518104, 0.0, -0.8487488594929173, 58.13368371112689, 12.583536272946382, -47.02618856381802, 0.0016000000400000006, 31.866316288873104
2025-04-01 17:18:07,721 - 2025-04-01T17:18:07.721386, 2.019421709722768, 0.0, -0.8530303112730282, 57.92478371102986, 12.827223076387796, -46.892985245692735, 0.0016000000400000006, 32.07521628897014
2025-04-01 17:18:07,781 - 2025-04-01T17:18:07.781782, 2.026198030614589, 0.0, -0.8579069366606373, 57.51688371084094, 13.053970842701446, -46.739763484237834, 0.0016000000400000006, 32.48311628915906
2025-04-01 17:18:07,840 - 2025-04-01T17:18:07.840843, 2.033041173141302, 0.0, -0.8627091653473089, 57.0675837106337, 13.282835988656068, -46.58904402819914, 0.0016000000400000006, 32.9324162893663
2025-04-01 17:18:07,900 - 2025-04-01T17:18:07.900215, 2.040248724106656, 0.0, -0.8677042838726114, 56.680983710456104, 13.52382773591647, -46.43235735901276, 0.0016000000400000006, 33.319016289543896
2025-04-01 17:18:07,960 - 2025-04-01T17:18:07.960771, 2.047263385233379, 0.0, -0.8730638108365554, 56.26938371026772, 13.758852270029188, -46.2635440885206, 0.0016000000400000006, 33.73061628973229
2025-04-01 17:18:08,020 - 2025-04-01T17:18:08.020596, 2.0543145677308132, 0.0, -0.8777840677562443, 55.91868371010778, 13.994454480681938, -46.11571186367335, 0.0016000000400000006, 34.08131628989222
2025-04-01 17:18:08,080 - 2025-04-01T17:18:08.080654, 2.0612396820245094, 0.0, -0.8827943364136375, 55.50548370991999, 14.226206857828025, -45.958255342936496, 0.0016000000400000006, 34.49451629008001
2025-04-01 17:18:08,142 - 2025-04-01T17:18:08.142328, 2.067823113077699, 0.0, -0.8880353702398871, 55.04728370971259, 14.44698741099397, -45.792906980175815, 0.0016000000400000006, 34.95271629028741
2025-04-01 17:18:08,200 - 2025-04-01T17:18:08.200782, 2.074532612334628, 0.0, -0.8929863923284338, 54.65738370953678, 14.671617797666656, -45.6371829133047, 0.0016000000400000006, 35.34261629046322
2025-04-01 17:18:08,260 - 2025-04-01T17:18:08.260581, 2.0808928532850057, 0.0, -0.8980269612500074, 54.285083709369495, 14.884891434583999, -45.47818668946694, 0.0016000000400000006, 35.714916290630505
2025-04-01 17:18:08,320 - 2025-04-01T17:18:08.320635, 2.087089150701419, 0.0, -0.9026514502301382, 53.94808370921854, 15.092390609118475, -45.33266459502546, 0.0016000000400000006, 36.05191629078146
2025-04-01 17:18:08,381 - 2025-04-01T17:18:08.381106, 2.0936422814904283, 0.0, -0.9073276107130708, 53.49948370901831, 15.311631459183523, -45.18579497249348, 0.0016000000400000006, 36.50051629098169
2025-04-01 17:18:08,440 - 2025-04-01T17:18:08.440778, 2.099868879171022, 0.0, -0.912516973036519, 53.04678370881705, 15.520670336818917, -45.021794137823306, 0.0016000000400000006, 36.95321629118295
2025-04-01 17:18:08,501 - 2025-04-01T17:18:08.501161, 2.1060286552167238, 0.0, -0.9177807320609044, 52.65348370864281, 15.72759183481336, -44.85529099773693, 0.0016000000400000006, 37.34651629135719
2025-04-01 17:18:08,562 - 2025-04-01T17:18:08.562815, 2.112448142735949, 0.0, -0.9226056859457117, 52.199283708442344, 15.942597925596445, -44.70341676437254, 0.0016000000400000006, 37.800716291557656
2025-04-01 17:18:08,620 - 2025-04-01T17:18:08.620930, 2.118600343715605, 0.0, -0.9277282266342675, 51.78598370826063, 16.14913449781563, -44.54153330934334, 0.0016000000400000006, 38.21401629173937
2025-04-01 17:18:08,700 - 2025-04-01T17:18:08.700573, 2.1252216500990206, 0.0, -0.9336753521396641, 51.302883708048995, 16.37183967985775, -44.35308652129678, 0.0016000000400000006, 38.697116291951005
2025-04-01 17:18:08,781 - 2025-04-01T17:18:08.780980, 2.1310989894730636, 0.0, -0.9389542612961401, 50.92638370788467, 16.569521807737836, -44.18581352965993, 0.0016000000400000006, 39.07361629211533
2025-04-01 17:18:08,881 - 2025-04-01T17:18:08.881216, 2.1365740450782402, 0.0, -0.9433341889348381, 50.69918370778576, 16.75315270543598, -44.04760617645666, 0.0016000000400000006, 39.30081629221424
2025-04-01 17:18:08,981 - 2025-04-01T17:18:08.980953, 2.142199248044805, 0.0, -0.9491931215667213, 50.35868370763785, 16.943135166302625, -43.86108459304066, 0.0016000000400000006, 39.64131629236215
2025-04-01 17:18:09,041 - 2025-04-01T17:18:09.041162, 2.1472809489066735, 0.0, -0.954160647746872, 50.09368370752306, 17.11444671193015, -43.70324372228299, 0.0016000000400000006, 39.90631629247694
2025-04-01 17:18:09,101 - 2025-04-01T17:18:09.101505, 2.154051048691964, 0.0, -0.9602414165220532, 49.786083707390084, 17.3421565048047, -43.51056217495447, 0.0016000000400000006, 40.213916292609916
2025-04-01 17:18:09,161 - 2025-04-01T17:18:09.161010, 2.160635833704668, 0.0, -0.9668278120717044, 49.572783707298065, 17.56428401030675, -43.301134341263, 0.0016000000400000006, 40.427216292701935
2025-04-01 17:18:09,220 - 2025-04-01T17:18:09.220462, 2.1676291235927696, 0.0, -0.9731090457515612, 49.545083707286146, 17.799500719429872, -43.10210065501159, 0.0016000000400000006, 40.454916292713854
2025-04-01 17:18:09,280 - 2025-04-01T17:18:09.280281, 2.1745039203431777, 0.0, -0.9798215095049523, 49.47848370725743, 18.031252520821525, -42.888822987813384, 0.0016000000400000006, 40.52151629274257
2025-04-01 17:18:09,341 - 2025-04-01T17:18:09.341567, 2.1813408417633595, 0.0, -0.9858278815791954, 49.38868370721879, 18.261079693337003, -42.69864374590109, 0.0016000000400000006, 40.61131629278121
2025-04-01 17:18:09,400 - 2025-04-01T17:18:09.400831, 2.187582589576044, 0.0, -0.9912996805743028, 49.347983707201266, 18.470888422522883, -42.52540354111654, 0.0016000000400000006, 40.652016292798734
2025-04-01 17:18:09,460 - 2025-04-01T17:18:09.460436, 2.193267039111456, 0.0, -0.9969429981694193, 49.28788370717543, 18.66260333725527, -42.34600394817393, 0.0016000000400000006, 40.71211629282457
2025-04-01 17:18:09,520 - 2025-04-01T17:18:09.520894, 2.1987572448487223, 0.0, -1.0016053624797765, 49.18088370712944, 18.84700408650388, -42.19855722485628, 0.0016000000400000006, 40.81911629287056
2025-04-01 17:18:09,580 - 2025-04-01T17:18:09.580664, 2.2045677625878732, 0.0, -1.0069586683371892, 49.11628370710169, 19.04256883474298, -42.02878192780325, 0.0016000000400000006, 40.88371629289831
2025-04-01 17:18:09,640 - 2025-04-01T17:18:09.640951, 2.210080693523275, 0.0, -1.0120446876550333, 49.08908370709001, 19.228124361317256, -41.867476149314115, 0.0016000000400000006, 40.91091629290999
2025-04-01 17:18:09,700 - 2025-04-01T17:18:09.700823, 2.216374112838761, 0.0, -1.0171596532775444, 48.98128370704374, 19.439280618593642, -41.70597762006014, 0.0016000000400000006, 41.01871629295626
2025-04-01 17:18:09,761 - 2025-04-01T17:18:09.761094, 2.2226385858495807, 0.0, -1.0230551072801397, 48.81538370697263, 19.65024412510521, -41.51887836010407, 0.0016000000400000006, 41.18461629302737
2025-04-01 17:18:09,821 - 2025-04-01T17:18:09.821080, 2.2291627703339234, 0.0, -1.028511756143156, 48.71558370692989, 19.86929222440542, -41.346408006870014, 0.0016000000400000006, 41.28441629307011
2025-04-01 17:18:09,880 - 2025-04-01T17:18:09.880585, 2.2349140415042275, 0.0, -1.0340806770373359, 48.52168370684696, 20.063124518778785, -41.169510719343585, 0.0016000000400000006, 41.47831629315304
2025-04-01 17:18:09,940 - 2025-04-01T17:18:09.940436, 2.2406122872122154, 0.0, -1.0386610695807095, 48.613883706886384, 20.25426233272553, -41.024951227217414, 0.0016000000400000006, 41.386116293113616
2025-04-01 17:18:10,343 - 2025-04-01T17:18:10.343206, 2.245857931608049, 0.0, -1.0440446757023034, 48.37618370678481, 20.43134834073593, -40.85363622706343, 0.0016000000400000006, 41.62381629321519
2025-04-01 17:18:10,420 - 2025-04-01T17:18:10.420443, 2.252456512793329, 0.0, -1.0495681462002122, 48.54828370685834, 20.65289874545236, -40.67904849418839, 0.0016000000400000006, 41.45171629314166
2025-04-01 17:18:10,481 - 2025-04-01T17:18:10.481350, 2.2582959768371462, 0.0, -1.0541409636775407, 48.7396837069402, 20.84865624445628, -40.53487392783745, 0.0016000000400000006, 41.2603162930598
2025-04-01 17:18:10,540 - 2025-04-01T17:18:10.540412, 2.2634066240036814, 0.0, -1.0583280014776077, 48.5739837068693, 21.020160540848643, -40.40263378778186, 0.0016000000400000006, 41.42601629313071
2025-04-01 17:18:10,600 - 2025-04-01T17:18:10.600502, 2.2691124447777145, 0.0, -1.0630496123568114, 48.6655837069085, 21.211683280570618, -40.25345461059849, 0.0016000000400000006, 41.3344162930915
2025-04-01 17:18:10,661 - 2025-04-01T17:18:10.661181, 2.275516782164849, 0.0, -1.0675921295699595, 48.934583707023734, 21.425919519803244, -40.11081974734846, 0.0016000000400000006, 41.065416292976266
2025-04-01 17:18:10,721 - 2025-04-01T17:18:10.721373, 2.2820182414510564, 0.0, -1.072625123425488, 49.158683707119906, 21.643812841777773, -39.95220844928592, 0.0016000000400000006, 40.841316292880094
2025-04-01 17:18:10,780 - 2025-04-01T17:18:10.780456, 2.288653344007048, 0.0, -1.0775093238791422, 49.56468370729456, 21.865940923034238, -39.79860176205578, 0.0016000000400000006, 40.43531629270544
2025-04-01 17:18:10,841 - 2025-04-01T17:18:10.841165, 2.29530359669513, 0.0, -1.0826759610044547, 49.87158370742699, 22.088838855841175, -39.63575570471131, 0.0016000000400000006, 40.12841629257301
2025-04-01 17:18:10,901 - 2025-04-01T17:18:10.901031, 2.301894602814365, 0.0, -1.0880582131665344, 50.19778370756812, 22.310004334782363, -39.46578765689344, 0.0016000000400000006, 39.80221629243188
2025-04-01 17:18:10,962 - 2025-04-01T17:18:10.962409, 2.3085297053703564, 0.0, -1.0929424136201886, 50.60288370774388, 22.532132416038834, -39.3121809696633, 0.0016000000400000006, 39.39711629225613
2025-04-01 17:18:11,020 - 2025-04-01T17:18:11.020705, 2.314949192889581, 0.0, -1.0977673675049955, 51.00068370791706, 22.74713850682192, -39.16030673629893, 0.0016000000400000006, 38.99931629208294
2025-04-01 17:18:11,081 - 2025-04-01T17:18:11.081651, 2.3212942837078687, 0.0, -1.1025254997549103, 51.36418370807581, 22.959642292188803, -39.01054988257551, 0.0016000000400000006, 38.63581629192419
2025-04-01 17:18:11,140 - 2025-04-01T17:18:11.140446, 2.327773017795941, 0.0, -1.1071348386029505, 51.76918370825326, 23.176380836837637, -38.865797639684516, 0.0016000000400000006, 38.23081629174674
2025-04-01 17:18:11,200 - 2025-04-01T17:18:11.200380, 2.3336124818397583, 0.0, -1.1117076560802799, 51.98278370834709, 23.37213833584157, -38.72162307333354, 0.0016000000400000006, 38.01721629165291
2025-04-01 17:18:11,262 - 2025-04-01T17:18:11.262499, 2.3404707744985616, 0.0, -1.1167923214386097, 52.32178370849635, 23.601773333346642, -38.56166424718051, 0.0016000000400000006, 37.67821629150365
2025-04-01 17:18:11,322 - 2025-04-01T17:18:11.322690, 2.346949508586633, 0.0, -1.1214016602866503, 52.65718370864447, 23.81851187799547, -38.41691200428949, 0.0016000000400000006, 37.34281629135553
2025-04-01 17:18:11,381 - 2025-04-01T17:18:11.381147, 2.3537106793463645, 0.0, -1.1259958490026007, 53.03808370881318, 24.044489792758682, -38.27292961294894, 0.0016000000400000006, 36.96191629118682
2025-04-01 17:18:11,440 - 2025-04-01T17:18:11.440627, 2.3603533569684005, 0.0, -1.1310212677920837, 53.36038370895638, 24.26700279979036, -38.11470324066165, 0.0016000000400000006, 36.63961629104362
2025-04-01 17:18:11,503 - 2025-04-01T17:18:11.503740, 2.367055281159284, 0.0, -1.1358310715448003, 53.714983709114385, 24.491248260687797, -37.963598858847725, 0.0016000000400000006, 36.285016290885615
2025-04-01 17:18:11,561 - 2025-04-01T17:18:11.561208, 2.373325975276635, 0.0, -1.1405223821598236, 54.03568370925774, 24.701249740638495, -37.81595938476528, 0.0016000000400000006, 35.96431629074226
2025-04-01 17:18:11,621 - 2025-04-01T17:18:11.621075, 2.3800051742693835, 0.0, -1.1449085309050524, 54.36208370940404, 24.924340424210257, -37.67871405812287, 0.0016000000400000006, 35.63791629059596
2025-04-01 17:18:11,680 - 2025-04-01T17:18:11.680411, 2.386789070227249, 0.0, -1.1499263746284907, 54.66668370954098, 25.151473116299123, -37.5208726116108, 0.0016000000400000006, 35.33331629045902
2025-04-01 17:18:11,740 - 2025-04-01T17:18:11.740915, 2.3934758442860424, 0.0, -1.1544537417095486, 54.825383709612474, 25.3749487256461, -37.379007599911226, 0.0016000000400000006, 35.174616290387526
2025-04-01 17:18:11,800 - 2025-04-01T17:18:11.800796, 2.400183989583457, 0.0, -1.1580594020746933, 55.06898370972239, 25.598232159982672, -37.26736300397092, 0.0016000000400000006, 34.93101629027761
2025-04-01 17:18:11,860 - 2025-04-01T17:18:11.860953, 2.40638028699987, 0.0, -1.162683891054824, 55.344083709846835, 25.80573133451714, -37.121840909529446, 0.0016000000400000006, 34.655916290153165
2025-04-01 17:18:11,920 - 2025-04-01T17:18:11.920541, 2.412918267656789, 0.0, -1.167077614866098, 55.74678371002957, 26.024202333031724, -36.98421065711182, 0.0016000000400000006, 34.25321628997043
2025-04-01 17:18:11,980 - 2025-04-01T17:18:11.980571, 2.4198055066202584, 0.0, -1.171381791844344, 56.09658371018885, 26.254030081301615, -36.84985256166086, 0.0016000000400000006, 33.90341628981115
2025-04-01 17:18:12,041 - 2025-04-01T17:18:12.041370, 2.426179543743213, 0.0, -1.1753594357141752, 56.407883710331014, 26.46672661743333, -36.725696438639524, 0.0016000000400000006, 33.592116289668986
2025-04-01 17:18:12,100 - 2025-04-01T17:18:12.100883, 2.4326507027652395, 0.0, -1.1798275562263862, 56.51158371037849, 26.683080236306928, -36.585563880805694, 0.0016000000400000006, 33.48841628962151
2025-04-01 17:18:12,160 - 2025-04-01T17:18:12.160350, 2.4402364583418104, 0.0, -1.1839526395385773, 56.738683710482576, 26.93562148408747, -36.45775009928807, 0.0016000000400000006, 33.261316289517424
2025-04-01 17:18:12,220 - 2025-04-01T17:18:12.220939, 2.4469232324006045, 0.0, -1.1884800066196357, 57.06258371063141, 27.159097093434475, -36.315885087588484, 0.0016000000400000006, 32.93741628936859
2025-04-01 17:18:12,280 - 2025-04-01T17:18:12.280335, 2.454226551305517, 0.0, -1.192620240063917, 57.35358371076551, 27.402398971100673, -36.187301454520394, 0.0016000000400000006, 32.64641628923449
2025-04-01 17:18:12,340 - 2025-04-01T17:18:12.340501, 2.4616710885462587, 0.0, -1.1967528984421536, 57.62288371088995, 27.650320533824036, -36.05910274722752, 0.0016000000400000006, 32.377116289110056
2025-04-01 17:18:12,401 - 2025-04-01T17:18:12.401528, 2.4687587924144045, 0.0, -1.2008338853175875, 57.85158371099589, 27.886500421016855, -35.932251568025194, 0.0016000000400000006, 32.14841628900411
2025-04-01 17:18:12,460 - 2025-04-01T17:18:12.460823, 2.4754228412750625, 0.0, -1.204937597391158, 58.190683711153426, 28.108821253038144, -35.80424561149713, 0.0016000000400000006, 31.809316288846574
2025-04-01 17:18:12,521 - 2025-04-01T17:18:12.521334, 2.4819608219319815, 0.0, -1.209331321202432, 58.495583711295446, 28.32729225155272, -35.6666153590795, 0.0016000000400000006, 31.50441628870455
2025-04-01 17:18:12,580 - 2025-04-01T17:18:12.580228, 2.488558049157747, 0.0, -1.2135094299769387, 58.82598371144991, 28.54749570393303, -35.53610709713527, 0.0016000000400000006, 31.174016288550096
2025-04-01 17:18:12,620 - 2025-04-01T17:18:12.620533, 2.4935853705977857, 0.0, -1.216143066082883, 58.929983711498586, 28.71476581679785, -35.454683492708604, 0.0016000000400000006, 31.07001628850141
2025-04-01 17:18:12,680 - 2025-04-01T17:18:12.680652, 2.4998698608877117, 0.0, -1.2197714516461629, 59.228083711638504, 28.924190195962872, -35.34188411944261, 0.0016000000400000006, 30.7719162883615
2025-04-01 17:18:12,741 - 2025-04-01T17:18:12.741665, 2.5070684828275067, 0.0, -1.2232799901122346, 59.52648371177895, 29.163450065111952, -35.2338966062442, 0.0016000000400000006, 30.47351628822105
2025-04-01 17:18:12,800 - 2025-04-01T17:18:12.800245, 2.514066639862625, 0.0, -1.2270117186811187, 59.84018371192707, 29.396357795338098, -35.11840217679716, 0.0016000000400000006, 30.159816288072932
2025-04-01 17:18:12,860 - 2025-04-01T17:18:12.860546, 2.5211846439949515, 0.0, -1.2316575788998705, 60.090183712045445, 29.634077385631848, -34.97307225736611, 0.0016000000400000006, 29.909816287954552
2025-04-01 17:18:12,902 - 2025-04-01T17:18:12.902360, 2.5261968153028995, 0.0, -1.2340087783341556, 60.32578371215727, 29.800577646946188, -34.90088802305382, 0.0016000000400000006, 29.674216287842732
2025-04-01 17:18:12,960 - 2025-04-01T17:18:12.960343, 2.5331584509673064, 0.0, -1.2383797769472942, 60.55928371226837, 30.032907700632293, -34.764412547961875, 0.0016000000400000006, 29.440716287731636
2025-04-01 17:18:13,020 - 2025-04-01T17:18:13.020619, 2.5405878380759583, 0.0, -1.2422299986538716, 60.818283712391896, 30.280059411805226, -34.64545321078337, 0.0016000000400000006, 29.181716287608104
2025-04-01 17:18:13,081 - 2025-04-01T17:18:13.080957, 2.5476452416799233, 0.0, -1.245746112185989, 61.065383712510055, 30.514699595897106, -34.53708077180972, 0.0016000000400000006, 28.934616287489945
2025-04-01 17:18:13,140 - 2025-04-01T17:18:13.140779, 2.5543761121754733, 0.0, -1.2497754275586215, 61.24598371259661, 30.73913780755936, -34.41157712069788, 0.0016000000400000006, 28.754016287403388
2025-04-01 17:18:13,201 - 2025-04-01T17:18:13.201289, 2.561753827781323, 0.0, -1.2539824826377952, 61.379383712660655, 30.98494199064175, -34.28087610798881, 0.0016000000400000006, 28.620616287339345
2025-04-01 17:18:13,260 - 2025-04-01T17:18:13.260796, 2.568253933108016, 0.0, -1.2576701147699225, 61.445083712692224, 31.201488360280173, -34.166344280857054, 0.0016000000400000006, 28.554916287307776
2025-04-01 17:18:13,320 - 2025-04-01T17:18:13.320471, 2.5758989352534343, 0.0, -1.261579583045347, 61.60578371276953, 31.45576206192647, -34.04565248981281, 0.0016000000400000006, 28.39421628723047
2025-04-01 17:18:13,381 - 2025-04-01T17:18:13.381082, 2.5831051322592744, 0.0, -1.2652293398472483, 61.75528371284156, 31.69540685685078, -33.93304529155722, 0.0016000000400000006, 28.24471628715844
2025-04-01 17:18:13,440 - 2025-04-01T17:18:13.440459, 2.589798127424599, 0.0, -1.2685525635407346, 61.963483712942086, 31.917920439636895, -33.83064006573124, 0.0016000000400000006, 28.036516287057914
2025-04-01 17:18:13,502 - 2025-04-01T17:18:13.502157, 2.597086296197421, 0.0, -1.2724103603133572, 62.074883712995934, 32.16045246575262, -33.71129580277751, 0.0016000000400000006, 27.925116287004066
2025-04-01 17:18:13,560 - 2025-04-01T17:18:13.560821, 2.603794441494835, 0.0, -1.2760160206785018, 62.223283713067815, 32.38373590008918, -33.599651206837194, 0.0016000000400000006, 27.776716286932185
2025-04-01 17:18:13,620 - 2025-04-01T17:18:13.620466, 2.6111494319025494, 0.0, -1.2797994207501873, 62.27268371309178, 32.62838530584589, -33.48280924929966, 0.0016000000400000006, 27.72731628690822
2025-04-01 17:18:13,680 - 2025-04-01T17:18:13.680613, 2.61821441057256, 0.0, -1.2834567526181337, 62.38518371314636, 32.86341041571302, -33.36981712526884, 0.0016000000400000006, 27.61481628685364
2025-04-01 17:18:13,721 - 2025-04-01T17:18:13.721486, 2.623360225150292, 0.0, -1.2856591586505446, 62.51038371320714, 33.03414543630931, -33.30263750178894, 0.0016000000400000006, 27.48961628679286
2025-04-01 17:18:13,783 - 2025-04-01T17:18:13.783834, 2.630789612258944, 0.0, -1.2895093803571216, 62.69698371329796, 33.28129714748223, -33.183678164610455, 0.0016000000400000006, 27.30301628670204
2025-04-01 17:18:13,820 - 2025-04-01T17:18:13.820541, 2.6357942085008466, 0.0, -1.2917193614555775, 62.7737837133354, 33.44741248302134, -33.116113615355324, 0.0016000000400000006, 27.226216286664602
2025-04-01 17:18:13,881 - 2025-04-01T17:18:13.881767, 2.64278479046992, 0.0, -1.295309871688632, 62.84328371336927, 33.67993528747227, -33.00523887096548, 0.0016000000400000006, 27.156716286630733
2025-04-01 17:18:13,940 - 2025-04-01T17:18:13.940858, 2.6504373676813833, 0.0, -1.299360558299886, 62.904983713399375, 33.934593914893796, -32.87992739486405, 0.0016000000400000006, 27.095016286600625
2025-04-01 17:18:14,001 - 2025-04-01T17:18:14.001282, 2.657458249914637, 0.0, -1.3035159418762579, 62.92078371340709, 34.168656422445636, -32.750573910245485, 0.0016000000400000006, 27.07921628659291
2025-04-01 17:18:14,060 - 2025-04-01T17:18:14.060466, 2.6645156535186025, 0.0, -1.3070320554083747, 62.99158371344167, 34.40329660653753, -32.64220147127185, 0.0016000000400000006, 27.00841628655833
2025-04-01 17:18:14,121 - 2025-04-01T17:18:14.121000, 2.6715062354876755, 0.0, -1.3106225656414292, 62.998183713444895, 34.63581941098845, -32.53132672688199, 0.0016000000400000006, 27.001816286555105
2025-04-01 17:18:14,180 - 2025-04-01T17:18:14.180424, 2.678437570887902, 0.0, -1.3144286909112504, 63.01308371345218, 34.86660976157362, -32.41332999201875, 0.0016000000400000006, 26.986916286547817
2025-04-01 17:18:14,241 - 2025-04-01T17:18:14.241164, 2.685227687952299, 0.0, -1.3182423912471162, 62.96128371342687, 35.09278042710163, -32.29494833138031, 0.0016000000400000006, 27.038716286573127
2025-04-01 17:18:14,302 - 2025-04-01T17:18:14.302288, 2.692723896695843, 0.0, -1.322018216252757, 62.882783713388534, 35.34204951791553, -32.17849129961799, 0.0016000000400000006, 27.117216286611466
2025-04-01 17:18:14,360 - 2025-04-01T17:18:14.360649, 2.6995064386941943, 0.0, -1.3256906982527932, 62.914083713403805, 35.567835257668285, -32.06472932403672, 0.0016000000400000006, 27.085916286596195
2025-04-01 17:18:14,421 - 2025-04-01T17:18:14.420988, 2.706824907731197, 0.0, -1.3301133683687336, 62.87548371338499, 35.81190698688493, -31.926906320854265, 0.0016000000400000006, 27.124516286615012
2025-04-01 17:18:14,481 - 2025-04-01T17:18:14.481704, 2.7137562431314235, 0.0, -1.3339194936385548, 62.81638371335616, 36.04269733747012, -31.808909585991024, 0.0016000000400000006, 27.183616286643844
2025-04-01 17:18:14,540 - 2025-04-01T17:18:14.540404, 2.720821221801434, 0.0, -1.3375768255065013, 62.71878371330858, 36.27772244733725, -31.695917461960207, 0.0016000000400000006, 27.281216286691418
2025-04-01 17:18:14,600 - 2025-04-01T17:18:14.600665, 2.727626488997921, 0.0, -1.3416729625140258, 62.616083713258575, 36.50466296441571, -31.5682964312074, 0.0016000000400000006, 27.383916286741425
2025-04-01 17:18:14,663 - 2025-04-01T17:18:14.663147, 2.7347658643688693, 0.0, -1.3453971160168647, 62.4943837131994, 36.74219037969905, -31.45318692753559, 0.0016000000400000006, 27.505616286800603
2025-04-01 17:18:14,721 - 2025-04-01T17:18:14.721177, 2.7417047748351404, 0.0, -1.349344459622515, 62.36258371313537, 36.97336565605946, -31.33057050761519, 0.0016000000400000006, 27.637416286864628
2025-04-01 17:18:14,780 - 2025-04-01T17:18:14.780888, 2.74857686366652, 0.0, -1.3533661999291025, 62.249183713080384, 37.2024235527789, -31.205451782278583, 0.0016000000400000006, 27.750816286919616
2025-04-01 17:18:14,840 - 2025-04-01T17:18:14.840308, 2.7538122250772794, 0.0, -1.355917864268064, 62.14978371303223, 37.37643073034185, -31.126915409043367, 0.0016000000400000006, 27.850216286967772
2025-04-01 17:18:15,241 - 2025-04-01T17:18:15.241430, 2.759011065117328, 0.0, -1.3591087986512802, 61.866083712895026, 37.54986023136477, -31.02739799016324, 0.0016000000400000006, 28.133916287104977
2025-04-01 17:18:15,301 - 2025-04-01T17:18:15.301227, 2.764603259900684, 0.0, -1.3617121344930436, 61.96178371294127, 37.73560908445828, -30.94751408883751, 0.0016000000400000006, 28.03821628705873
2025-04-01 17:18:15,345 - 2025-04-01T17:18:15.345186, 2.770158933313328, 0.0, -1.3649547403790612, 61.79198371285928, 37.92078026101175, -30.84664914186689, 0.0016000000400000006, 28.208016287140723
2025-04-01 17:18:15,383 - 2025-04-01T17:18:15.383301, 2.7761823581702165, 0.0, -1.367676569358518, 61.748483712838286, 38.12077309505201, -30.763300332809695, 0.0016000000400000006, 28.251516287161714
2025-04-01 17:18:15,420 - 2025-04-01T17:18:15.420330, 2.783106118504398, 0.0, -1.37134147629251, 61.65238371279199, 38.351178519861975, -30.649923283003627, 0.0016000000400000006, 28.347616287208012
2025-04-01 17:18:15,460 - 2025-04-01T17:18:15.460602, 2.789836988999948, 0.0, -1.3753707916651425, 61.55848371274675, 38.57561673152423, -30.524419631891796, 0.0016000000400000006, 28.44151628725325
2025-04-01 17:18:15,500 - 2025-04-01T17:18:15.500553, 2.796627106064345, 0.0, -1.3791844920010088, 61.395583712668426, 38.80178739705224, -30.406037971253326, 0.0016000000400000006, 28.604416287331574
2025-04-01 17:18:15,540 - 2025-04-01T17:18:15.540364, 2.8026732561193692, 0.0, -1.382329975987954, 61.25058371259882, 39.002935008418206, -30.30883010702459, 0.0016000000400000006, 28.74941628740118
2025-04-01 17:18:15,580 - 2025-04-01T17:18:15.580180, 2.8087118311083485, 0.0, -1.38533424163907, 61.24328371259532, 39.203697694008945, -30.21624192785303, 0.0016000000400000006, 28.756716287404682
2025-04-01 17:18:15,620 - 2025-04-01T17:18:15.620434, 2.8137543026804774, 0.0, -1.3882503144166725, 61.27918371261254, 39.37173765842422, -30.125578953312033, 0.0016000000400000006, 28.720816287387457
2025-04-01 17:18:15,680 - 2025-04-01T17:18:15.680458, 2.8208936780514247, 0.0, -1.3919744679195114, 61.295283712620275, 39.60926507370754, -30.010469449640222, 0.0016000000400000006, 28.70471628737972
2025-04-01 17:18:15,740 - 2025-04-01T17:18:15.740548, 2.8266725415668805, 0.0, -1.395417538710205, 61.21228371258046, 39.801943166509616, -29.903252363746695, 0.0016000000400000006, 28.787716287419542
2025-04-01 17:18:15,841 - 2025-04-01T17:18:15.841891, 2.8317742597078563, 0.0, -1.3981179964510413, 61.22228371258524, 39.97171558479064, -29.819711379679063, 0.0016000000400000006, 28.777716287414762
2025-04-01 17:18:15,941 - 2025-04-01T17:18:15.941052, 2.8380739001298734, 0.0, -1.40202881868598, 61.12128371253684, 40.181909815506145, -29.697672636298712, 0.0016000000400000006, 28.878716287463167
2025-04-01 17:18:16,020 - 2025-04-01T17:18:16.020595, 2.8449976604640543, 0.0, -1.4056937256199715, 61.07978371251697, 40.41231524031608, -29.584295586492658, 0.0016000000400000006, 28.920216287483033
2025-04-01 17:18:16,082 - 2025-04-01T17:18:16.082852, 2.8500477071022283, 0.0, -1.4087510167334036, 61.08978371252175, 40.5807401305066, -29.489012926894475, 0.0016000000400000006, 28.91021628747825
2025-04-01 17:18:16,161 - 2025-04-01T17:18:16.161066, 2.856057335786541, 0.0, -1.4125357707646033, 61.11688371253474, 40.781310065332505, -29.370824017020837, 0.0016000000400000006, 28.883116287465267
2025-04-01 17:18:16,643 - 2025-04-01T17:18:16.643380, 2.8627730561500004, 0.0, -1.4162826494655771, 60.993883712475835, 41.0049784254443, -29.254559736023356, 0.0016000000400000006, 29.006116287524165
2025-04-01 17:18:16,700 - 2025-04-01T17:18:16.700582, 2.8688419314031606, 0.0, -1.4198517884600106, 60.87088371241703, 41.20728081413596, -29.143492816623084, 0.0016000000400000006, 29.129116287582967
2025-04-01 17:18:16,742 - 2025-04-01T17:18:16.742313, 2.8748439850214282, 0.0, -1.4234953241553812, 60.753883712361144, 41.40746582318664, -29.02992359180661, 0.0016000000400000006, 29.246116287638856
2025-04-01 17:18:16,782 - 2025-04-01T17:18:16.782209, 2.880838463573651, 0.0, -1.4269976415149221, 60.63008371230211, 41.60726590646211, -28.920974052047328, 0.0016000000400000006, 29.36991628769789
2025-04-01 17:18:16,821 - 2025-04-01T17:18:16.821657, 2.8871973505645143, 0.0, -1.430692848713094, 60.46828371222503, 41.81919259104335, -28.80605729914036, 0.0016000000400000006, 29.53171628777497
2025-04-01 17:18:16,860 - 2025-04-01T17:18:16.860499, 2.893787002724235, 0.0, -1.4347297391517722, 60.266483712129094, 42.03901111764844, -28.680168722253285, 0.0016000000400000006, 29.73351628787091
2025-04-01 17:18:16,900 - 2025-04-01T17:18:16.900515, 2.9002430116141715, 0.0, -1.4389154229923249, 60.04468371202388, 42.25459488497157, -28.549275534533795, 0.0016000000400000006, 29.95531628797612
2025-04-01 17:18:16,940 - 2025-04-01T17:18:16.940352, 2.90608869676452, 0.0, -1.4422840970820818, 59.93268371197084, 42.449390357414636, -28.444560754056443, 0.0016000000400000006, 30.067316288029158
2025-04-01 17:18:16,980 - 2025-04-01T17:18:16.980214, 2.911384658703641, 0.0, -1.4459655081076779, 59.7240837118722, 42.62647694117944, -28.32906690036383, 0.0016000000400000006, 30.275916288127807
2025-04-01 17:18:17,021 - 2025-04-01T17:18:17.021152, 2.9165091020427516, 0.0, -1.449089620856002, 59.60978371181823, 42.79740413678613, -28.231666861124676, 0.0016000000400000006, 30.390216288181772
2025-04-01 17:18:17,080 - 2025-04-01T17:18:17.080742, 2.9229575358666433, 0.0, -1.4531340863607252, 59.32068371168204, 43.01260297833406, -28.105393358462372, 0.0016000000400000006, 30.67931628831796
2025-04-01 17:18:17,140 - 2025-04-01T17:18:17.140510, 2.9286923029453424, 0.0, -1.4570752088598447, 59.14548371159971, 43.20431846882085, -27.98181491198109, 0.0016000000400000006, 30.85451628840029
2025-04-01 17:18:17,201 - 2025-04-01T17:18:17.201754, 2.93434509825706, 0.0, -1.4608082913882425, 58.83378371145355, 43.39314672811622, -27.86497353019796, 0.0016000000400000006, 31.166216288546455
2025-04-01 17:18:17,281 - 2025-04-01T17:18:17.281288, 2.9405627669120937, 0.0, -1.46451107365246, 58.548383711320106, 43.60045372764028, -27.749671851515753, 0.0016000000400000006, 31.451616288679897
2025-04-01 17:18:25,842 - 2025-04-01T17:18:25.842401, 2.946303755097324, 0.0, -1.4672480527640075, 58.51318371130369, 43.7912071915662, -27.665553190908085, 0.0016000000400000006, 31.486816288696307
2025-04-01 17:18:25,942 - 2025-04-01T17:18:25.942684, 2.952246562146745, 0.0, -1.4711072034961443, 58.27728371119371, 43.989659746751144, -27.54486197561824, 0.0016000000400000006, 31.722716288806293
2025-04-01 17:18:26,001 - 2025-04-01T17:18:26.001809, 2.958330587531995, 0.0, -1.4749587791622365, 58.09418371110852, 44.19273198699327, -27.424555686103616, 0.0016000000400000006, 31.905816288891483
2025-04-01 17:18:26,060 - 2025-04-01T17:18:26.060403, 2.965522988365259, 0.0, -1.4796714610158803, 57.69918371092529, 44.43295388270322, -27.277108387031593, 0.0016000000400000006, 32.30081628907471
2025-04-01 17:18:26,120 - 2025-04-01T17:18:26.120828, 2.972656142629676, 0.0, -1.4845997579062908, 57.36958371077291, 44.671443324547425, -27.12253909748619, 0.0016000000400000006, 32.63041628922709
2025-04-01 17:18:26,183 - 2025-04-01T17:18:26.183139, 2.979670803756399, 0.0, -1.4899592848702348, 56.927983710569514, 44.90646785866014, -26.95372582699402, 0.0016000000400000006, 33.072016289430486
2025-04-01 17:18:26,241 - 2025-04-01T17:18:26.241164, 2.9865731928519588, 0.0, -1.49454589852014, 56.704783710467005, 45.1370654584805, -26.810128361428692, 0.0016000000400000006, 33.295216289532995
2025-04-01 17:18:26,300 - 2025-04-01T17:18:26.300790, 2.9930443518739853, 0.0, -1.499014019032351, 56.41048371033221, 45.35341907735409, -26.669995803594865, 0.0016000000400000006, 33.58951628966779
2025-04-01 17:18:26,360 - 2025-04-01T17:18:26.360458, 2.999374292560183, 0.0, -1.5034897146106072, 56.23628371025259, 45.56515301117053, -26.52947831998581, 0.0016000000400000006, 33.76371628974741
2025-04-01 17:18:26,422 - 2025-04-01T17:18:26.422205, 3.0057193833784708, 0.0, -1.508247846860522, 55.871883710086465, 45.777656796537414, -26.379721466262403, 0.0016000000400000006, 34.128116289913535
2025-04-01 17:18:26,480 - 2025-04-01T17:18:26.480916, 3.0119900774958213, 0.0, -1.5129391574755449, 55.554083709942034, 45.9876582764881, -26.23208199217996, 0.0016000000400000006, 34.445916290057966
2025-04-01 17:18:26,540 - 2025-04-01T17:18:26.540443, 3.018342743380154, 0.0, -1.5178385080612897, 55.21778370978967, 46.20054698763021, -26.07770545339935, 0.0016000000400000006, 34.78221629021033
2025-04-01 17:18:26,600 - 2025-04-01T17:18:26.600309, 3.0247773810314693, 0.0, -1.5229458986177553, 54.93978370966406, 46.41632292996377, -25.916591849920614, 0.0016000000400000006, 35.06021629033594
2025-04-01 17:18:26,660 - 2025-04-01T17:18:26.660342, 3.0314352087855965, 0.0, -1.5282537540788974, 54.63498370952671, 46.639605788545936, -25.74912610751896, 0.0016000000400000006, 35.36501629047329
2025-04-01 17:18:26,721 - 2025-04-01T17:18:26.721464, 3.037713477968992, 0.0, -1.5330862830297494, 54.445583709441536, 46.84999219427185, -25.596866948379343, 0.0016000000400000006, 35.554416290558464
2025-04-01 17:18:26,780 - 2025-04-01T17:18:26.780456, 3.0439325005835407, 0.0, -1.5381344270173685, 54.11298370929235, 47.05864614613203, -25.437485798766343, 0.0016000000400000006, 35.88701629070765
2025-04-01 17:18:26,840 - 2025-04-01T17:18:26.840547, 3.050426384803703, 0.0, -1.5430262025370678, 53.8432837091717, 47.27615454233133, -25.28349418576098, 0.0016000000400000006, 36.1567162908283
2025-04-01 17:18:26,900 - 2025-04-01T17:18:26.900432, 3.056370545812638, 0.0, -1.5482307149926058, 53.52948370903166, 47.475954049852376, -25.118723499540355, 0.0016000000400000006, 36.47051629096834
2025-04-01 17:18:26,961 - 2025-04-01T17:18:26.961837, 3.0625895684271867, 0.0, -1.5532788589802249, 53.288583708924456, 47.68460800171254, -24.959342349927354, 0.0016000000400000006, 36.711416291075544
2025-04-01 17:18:27,020 - 2025-04-01T17:18:27.020759, 3.0687417694068433, 0.0, -1.5584013996687807, 52.99768370879527, 47.89114457393174, -24.797458894898156, 0.0016000000400000006, 37.00231629120473
2025-04-01 17:18:27,080 - 2025-04-01T17:18:27.080698, 3.0752508037590953, 0.0, -1.5635756118601387, 52.68718370865772, 48.10942282168148, -24.63422791177844, 0.0016000000400000006, 37.31281629134228
2025-04-01 17:18:27,140 - 2025-04-01T17:18:27.140454, 3.080420697494478, 0.0, -1.567547034623439, 52.40858370853465, 48.2826595719396, -24.509109762196225, 0.0016000000400000006, 37.59141629146535
2025-04-01 17:18:27,220 - 2025-04-01T17:18:27.220333, 3.0866548702411167, 0.0, -1.5728776152827164, 52.138083708415415, 48.49208337535022, -24.34048924246888, 0.0016000000400000006, 37.861916291584585
2025-04-01 17:18:27,301 - 2025-04-01T17:18:27.301198, 3.093320273061289, 0.0, -1.578326689079688, 51.80628370826955, 48.715751159707615, -24.168403815010038, 0.0016000000400000006, 38.19371629173045
2025-04-01 17:18:27,361 - 2025-04-01T17:18:27.361288, 3.099033668901367, 0.0, -1.5831895182947209, 51.59898370817861, 48.90765882520483, -24.014604952769496, 0.0016000000400000006, 38.40101629182139
2025-04-01 17:18:27,420 - 2025-04-01T17:18:27.420522, 3.1053573884810337, 0.0, -1.588869357260549, 51.36578370807651, 49.12035478558213, -23.834627683286826, 0.0016000000400000006, 38.63421629192349
2025-04-01 17:18:27,480 - 2025-04-01T17:18:27.480627, 3.11217158470308, 0.0, -1.5944520743273047, 51.28178370803978, 49.34902718077193, -23.65830749654605, 0.0016000000400000006, 38.71821629196022
2025-04-01 17:18:27,541 - 2025-04-01T17:18:27.541199, 3.119327464165633, 0.0, -1.5998040262252031, 51.22888370801667, 49.58867139994183, -23.48987915182912, 0.0016000000400000006, 38.77111629198333
2025-04-01 17:18:27,600 - 2025-04-01T17:18:27.600752, 3.126200906956526, 0.0, -1.6051711282551926, 51.20358370800561, 49.81907624899736, -23.320680955561706, 0.0016000000400000006, 38.79641629199439
2025-04-01 17:18:27,660 - 2025-04-01T17:18:27.660485, 3.1327250914408693, 0.0, -1.610627777118209, 51.10818370796396, 50.038124348297586, -23.14821060232765, 0.0016000000400000006, 38.89181629203604
2025-04-01 17:18:27,724 - 2025-04-01T17:18:27.724491, 3.1391673041582293, 0.0, -1.615876386010504, 51.047883707937665, 50.25428521640636, -22.982477313791733, 0.0016000000400000006, 38.952116292062335
2025-04-01 17:18:27,783 - 2025-04-01T17:18:27.783603, 3.1457583102774644, 0.0, -1.6212586381725833, 50.921483707882544, 50.47545069534756, -22.812509265973873, 0.0016000000400000006, 39.078516292117456
2025-04-01 17:18:27,840 - 2025-04-01T17:18:27.840775, 3.151805814292003, 0.0, -1.62574948388293, 50.962083707900234, 50.67794525904962, -22.671221930814347, 0.0016000000400000006, 39.037916292099766
2025-04-01 17:18:27,900 - 2025-04-01T17:18:27.900687, 3.1578836185707226, 0.0, -1.6308052029365943, 50.945883707893174, 50.881979525852636, -22.51145585542611, 0.0016000000400000006, 39.054116292106826
2025-04-01 17:18:27,960 - 2025-04-01T17:18:27.960734, 3.16438507785693, 0.0, -1.6358381967921227, 50.93938370789034, 51.09987284782716, -22.35284455736357, 0.0016000000400000006, 39.060616292109664
2025-04-01 17:18:28,020 - 2025-04-01T17:18:28.020394, 3.1708197155082454, 0.0, -1.6409455873485879, 51.04608370793686, 51.315648790160715, -22.191730953884854, 0.0016000000400000006, 38.95391629206314
2025-04-01 17:18:28,080 - 2025-04-01T17:18:28.080948, 3.177269503291651, 0.0, -1.6463354145767126, 51.03778370793325, 51.53219458404472, -22.02137798029175, 0.0016000000400000006, 38.96221629206675
2025-04-01 17:18:28,140 - 2025-04-01T17:18:28.140367, 3.1834217042713076, 0.0, -1.6514579552652688, 51.064883707945064, 51.73873115626393, -21.859494525262548, 0.0016000000400000006, 38.935116292054936
2025-04-01 17:18:28,200 - 2025-04-01T17:18:28.200581, 3.190056806827299, 0.0, -1.6563421557189226, 51.16928370799062, 51.96085923752038, -21.705887838032424, 0.0016000000400000006, 38.83071629200938
2025-04-01 17:18:28,263 - 2025-04-01T17:18:28.263691, 3.1963729513409205, 0.0, -1.6618807763489216, 51.19398370800142, 52.173170272122455, -21.530530253606923, 0.0016000000400000006, 38.80601629199858
2025-04-01 17:18:28,320 - 2025-04-01T17:18:28.320427, 3.2027331922912983, 0.0, -1.6669213452704952, 51.23738370802038, 52.386443909039805, -21.371534029769162, 0.0016000000400000006, 38.76261629197962
2025-04-01 17:18:28,380 - 2025-04-01T17:18:28.380810, 3.2089294897077116, 0.0, -1.671545834250626, 51.30348370804928, 52.59394308357429, -21.22601193532769, 0.0016000000400000006, 38.69651629195072
2025-04-01 17:18:28,440 - 2025-04-01T17:18:28.440495, 3.2150148690524762, 0.0, -1.6767427716401198, 51.30358370804932, 52.798362276152524, -21.061626174882267, 0.0016000000400000006, 38.69641629195068
2025-04-01 17:18:28,501 - 2025-04-01T17:18:28.501179, 3.2215831499735756, 0.0, -1.6817013687947107, 51.43698370810766, 53.01837297776801, -20.905517182235954, 0.0016000000400000006, 38.56301629189234
2025-04-01 17:18:28,561 - 2025-04-01T17:18:28.561144, 3.228002637492801, 0.0, -1.686526322679518, 51.50478370813735, 53.233379068551116, -20.75364294887155, 0.0016000000400000006, 38.49521629186265
2025-04-01 17:18:28,620 - 2025-04-01T17:18:28.620560, 3.234072866705475, 0.0, -1.6914408233973526, 51.562183708162486, 53.43702840957888, -20.5984965585405, 0.0016000000400000006, 38.437816291837514
2025-04-01 17:18:28,680 - 2025-04-01T17:18:28.680494, 3.2405150794228352, 0.0, -1.6966894322896477, 51.615283708185764, 53.65318927768765, -20.432763270004585, 0.0016000000400000006, 38.384716291814236
2025-04-01 17:18:28,740 - 2025-04-01T17:18:28.740848, 3.247083360343934, 0.0, -1.701648029444239, 51.634583708194214, 53.873199979303145, -20.276654277358254, 0.0016000000400000006, 38.365416291805786
2025-04-01 17:18:28,801 - 2025-04-01T17:18:28.801206, 3.2535179979952495, 0.0, -1.7067554200007047, 51.71138370822789, 54.0889759216367, -20.115540673879515, 0.0016000000400000006, 38.28861629177211
2025-04-01 17:18:28,860 - 2025-04-01T17:18:28.860583, 3.25962610253815, 0.0, -1.7123760123976859, 51.69528370822084, 54.29454989154062, -19.93729585826259, 0.0016000000400000006, 38.30471629177916
2025-04-01 17:18:28,920 - 2025-04-01T17:18:28.920931, 3.2661943834592493, 0.0, -1.7173346095522772, 51.73348370823759, 54.514560593156126, -19.781186865616252, 0.0016000000400000006, 38.26651629176241
2025-04-01 17:18:28,982 - 2025-04-01T17:18:28.982134, 3.27248022770869, 0.0, -1.7223083568389588, 51.64388370819829, 54.72533192465727, -19.62430802141946, 0.0016000000400000006, 38.35611629180171
2025-04-01 17:18:29,041 - 2025-04-01T17:18:29.041324, 3.278966536862807, 0.0, -1.727058914022829, 51.75528370824715, 54.94245539508134, -19.474936093471264, 0.0016000000400000006, 38.24471629175285
2025-04-01 17:18:29,100 - 2025-04-01T17:18:29.100605, 3.285185559477356, 0.0, -1.7321070580104476, 51.84658370828724, 55.1511093469415, -19.31555494385827, 0.0016000000400000006, 38.15341629171276
2025-04-01 17:18:29,160 - 2025-04-01T17:18:29.160896, 3.2911662418570025, 0.0, -1.7366723004217315, 51.835883708282545, 55.3514865310026, -19.171765303282545, 0.0016000000400000006, 38.164116291717455
2025-04-01 17:18:29,220 - 2025-04-01T17:18:29.220369, 3.297518907741335, 0.0, -1.741571651007476, 51.78518370826026, 55.56437524214473, -19.01738876450195, 0.0016000000400000006, 38.21481629173974
2025-04-01 17:18:29,280 - 2025-04-01T17:18:29.280664, 3.3035967120200547, 0.0, -1.7466273700611397, 51.78508370826025, 55.76840950894772, -18.857622689113725, 0.0016000000400000006, 38.21491629173975
2025-04-01 17:18:29,340 - 2025-04-01T17:18:29.340754, 3.3103137863430288, 0.0, -1.751719610485515, 51.793183708263776, 55.993424821395635, -18.69727893718545, 0.0016000000400000006, 38.206816291736224
2025-04-01 17:18:29,400 - 2025-04-01T17:18:29.400298, 3.3169640390311104, 0.0, -1.756886247610828, 51.85298370829003, 56.21632275420256, -18.534432879840963, 0.0016000000400000006, 38.14701629170997
2025-04-01 17:18:29,460 - 2025-04-01T17:18:29.460804, 3.3234579232512726, 0.0, -1.761778023130527, 51.98818370834947, 56.43383115040186, -18.38044126683561, 0.0016000000400000006, 38.01181629165053
2025-04-01 17:18:29,525 - 2025-04-01T17:18:29.525180, 3.3303906126110134, 0.0, -1.7669295101237497, 52.04268370837344, 56.66596845332314, -18.21836506104158, 0.0016000000400000006, 37.95731629162656
2025-04-01 17:18:29,581 - 2025-04-01T17:18:29.581226, 3.336832825328374, 0.0, -1.7721781190160448, 52.11068370840336, 56.882129321431925, -18.052631772505663, 0.0016000000400000006, 37.88931629159664
2025-04-01 17:18:29,641 - 2025-04-01T17:18:29.641008, 3.3433342846145813, 0.0, -1.7772111128715733, 52.19148370843894, 57.10002264340645, -17.894020474443124, 0.0016000000400000006, 37.80851629156106
2025-04-01 17:18:29,700 - 2025-04-01T17:18:29.700679, 3.349494060660283, 0.0, -1.7824748718959587, 52.31548370849357, 57.306944141400876, -17.72751733435675, 0.0016000000400000006, 37.68451629150643
2025-04-01 17:18:29,763 - 2025-04-01T17:18:29.763593, 3.356411599887933, 0.0, -1.7873439222175223, 52.507383708578246, 57.538311592771706, -17.574680498677086, 0.0016000000400000006, 37.492616291421754
2025-04-01 17:18:29,820 - 2025-04-01T17:18:29.820473, 3.362630622502482, 0.0, -1.7923920662051414, 52.63328370863388, 57.74696554463187, -17.415299349064085, 0.0016000000400000006, 37.36671629136612
2025-04-01 17:18:29,880 - 2025-04-01T17:18:29.880567, 3.368997084559391, 0.0, -1.796228491739143, 52.878483708742415, 57.95927715498836, -17.29576291109993, 0.0016000000400000006, 37.121516291257585
2025-04-01 17:18:29,940 - 2025-04-01T17:18:29.940409, 3.3756762835521386, 0.0, -1.8006146404843713, 53.07438370882929, 58.18236783856009, -17.158517584457545, 0.0016000000400000006, 36.92561629117071
2025-04-01 17:18:30,001 - 2025-04-01T17:18:30.001829, 3.382890055624024, 0.0, -1.8044056156221022, 53.331183708943385, 58.42239755925963, -17.041290701144764, 0.0016000000400000006, 36.668816291056615
2025-04-01 17:18:30,060 - 2025-04-01T17:18:30.060389, 3.3891772538329787, 0.0, -1.8107247246321854, 53.55818370904446, 58.63451584309688, -16.840332386017177, 0.0016000000400000006, 36.44181629095554
2025-04-01 17:18:30,120 - 2025-04-01T17:18:30.120488, 3.3958943281559533, 0.0, -1.8158169650565608, 53.78858370914724, 58.85953115554479, -16.679988634088904, 0.0016000000400000006, 36.21141629085276
2025-04-01 17:18:30,181 - 2025-04-01T17:18:30.181027, 3.4029455106533875, 0.0, -1.8205372219762497, 54.106083709289265, 59.09513336619755, -16.53215640924165, 0.0016000000400000006, 35.893916290710735
2025-04-01 17:18:30,222 - 2025-04-01T17:18:30.222911, 3.408167075891571, 0.0, -1.8241518113669537, 54.28088370936762, 59.26971764454615, -16.418779935190003, 0.0016000000400000006, 35.71911629063238
2025-04-01 17:18:30,280 - 2025-04-01T17:18:30.280431, 3.4145638382126604, 0.0, -1.8285531102442731, 54.57658370950042, 59.48356895800355, -16.28076475699713, 0.0016000000400000006, 35.42341629049958
2025-04-01 17:18:30,340 - 2025-04-01T17:18:30.340252, 3.42160744564405, 0.0, -1.833132148828133, 54.82188370961087, 59.718786242881094, -16.137552217207052, 0.0016000000400000006, 35.17811629038913
2025-04-01 17:18:30,400 - 2025-04-01T17:18:30.400808, 3.428294219702843, 0.0, -1.8376595159091909, 55.07678370972593, 59.94226185222807, -15.995687205507481, 0.0016000000400000006, 34.92321629027407
2025-04-01 17:18:30,461 - 2025-04-01T17:18:30.461217, 3.4348322003597622, 0.0, -1.8420532397204648, 55.410683709877, 60.16073285074265, -15.858056953089847, 0.0016000000400000006, 34.589316290123
2025-04-01 17:18:30,520 - 2025-04-01T17:18:30.520396, 3.4417118642571864, 0.0, -1.8462161983628818, 55.76828371003934, 60.390175673237316, -15.728318542696062, 0.0016000000400000006, 34.23171628996066
2025-04-01 17:18:30,584 - 2025-04-01T17:18:30.584224, 3.4490895798630365, 0.0, -1.8504232534420555, 56.118183710198686, 60.63597985631972, -15.59761752998699, 0.0016000000400000006, 33.881816289801314
2025-04-01 17:18:30,644 - 2025-04-01T17:18:30.644099, 3.4558872719934786, 0.0, -1.8543781721137509, 56.69248371046137, 60.862535447622946, -15.474616184291351, 0.0016000000400000006, 33.30751628953863
2025-04-01 17:18:30,700 - 2025-04-01T17:18:30.700687, 3.4627517857588126, 0.0, -1.858258694084509, 57.12808371066157, 61.091208418567156, -15.354117144011926, 0.0016000000400000006, 32.87191628933843
2025-04-01 17:18:30,740 - 2025-04-01T17:18:30.740501, 3.4677715321328058, 0.0, -1.8607511118546234, 57.51418371083968, 61.25809360565673, -15.277313224642462, 0.0016000000400000006, 32.48581628916032
2025-04-01 17:18:30,801 - 2025-04-01T17:18:30.801216, 3.474019501052021, 0.0, -1.8650187674621583, 58.12068371112086, 61.466940308281735, -15.143532805731542, 0.0016000000400000006, 31.87931628887914
2025-04-01 17:18:30,840 - 2025-04-01T17:18:30.840806, 3.4792548624627804, 0.0, -1.8675704318011197, 58.412483711256705, 61.640947485844684, -15.064996432496326, 0.0016000000400000006, 31.5875162887433
2025-04-01 17:18:30,901 - 2025-04-01T17:18:30.901073, 3.4866098528704947, 0.0, -1.8713538318728054, 59.03978371155008, 61.885596891601395, -14.948154474958786, 0.0016000000400000006, 30.96021628844992
2025-04-01 17:18:30,960 - 2025-04-01T17:18:30.960457, 3.493466791569784, 0.0, -1.875093135507734, 59.55708371179338, 62.113884936770376, -14.832275119736533, 0.0016000000400000006, 30.442916288206618
2025-04-01 17:18:31,000 - 2025-04-01T17:18:31.000575, 3.4985533595786693, 0.0, -1.8775111565769111, 60.044483712023776, 62.28288750350093, -14.757973505783276, 0.0016000000400000006, 29.955516287976224
2025-04-01 17:18:31,041 - 2025-04-01T17:18:31.041174, 3.5035579558205723, 0.0, -1.879721137675367, 60.36708371217691, 62.449002839040055, -14.690408956528149, 0.0016000000400000006, 29.632916287823093
2025-04-01 17:18:31,100 - 2025-04-01T17:18:31.100391, 3.510756577760367, 0.0, -1.8832296761414393, 60.886983712424716, 62.68826270818912, -14.582421443329725, 0.0016000000400000006, 29.113016287575284
2025-04-01 17:18:31,140 - 2025-04-01T17:18:31.140271, 3.515976789039036, 0.0, -1.8854989038087417, 61.19728371257326, 62.8615000342016, -14.513124440208873, 0.0016000000400000006, 28.802716287426744
2025-04-01 17:18:31,180 - 2025-04-01T17:18:31.180966, 3.521078507180012, 0.0, -1.888199361549578, 61.52458371273044, 63.03127245248264, -14.429583456141245, 0.0016000000400000006, 28.47541628726956
2025-04-01 17:18:31,240 - 2025-04-01T17:18:31.240946, 3.528135910783977, 0.0, -1.8917154750816951, 61.96188371294131, 63.26591263657452, -14.321211017167599, 0.0016000000400000006, 28.038116287058692
2025-04-01 17:18:31,280 - 2025-04-01T17:18:31.280373, 3.533214903726817, 0.0, -1.8939922778150429, 62.22168371306704, 63.43453027752984, -14.251529088271514, 0.0016000000400000006, 27.778316286932963
2025-04-01 17:18:31,320 - 2025-04-01T17:18:31.320302, 3.538307692842233, 0.0, -1.8952061554966482, 62.50838371320618, 63.60257081769951, -14.216687260191854, 0.0016000000400000006, 27.49161628679382
2025-04-01 17:18:31,380 - 2025-04-01T17:18:31.380612, 3.5455882865490107, 0.0, -1.8989227339334414, 62.82988371336275, 63.84471791804004, -14.101962682295301, 0.0016000000400000006, 27.170116286637253
2025-04-01 17:18:31,440 - 2025-04-01T17:18:31.440633, 3.5525788685180837, 0.0, -1.9025132441664958, 63.34448371361443, 64.07724072249094, -13.99108793790544, 0.0016000000400000006, 26.65551628638557
2025-04-01 17:18:31,501 - 2025-04-01T17:18:31.501344, 3.5599111337276623, 0.0, -1.9058729892306931, 63.7598837138186, 64.32073535092195, -13.88810503553944, 0.0016000000400000006, 26.240116286181397
2025-04-01 17:18:31,560 - 2025-04-01T17:18:31.560882, 3.5668045937976633, 0.0, -1.9089730228213675, 64.19798371403495, 64.549601072631, -13.793206725962083, 0.0016000000400000006, 25.802016285965053
2025-04-01 17:18:31,601 - 2025-04-01T17:18:31.601589, 3.571883586740503, 0.0, -1.9112498255547155, 64.49528371418236, 64.71821871358631, -13.72352479706599, 0.0016000000400000006, 25.504716285817636
2025-04-01 17:18:31,645 - 2025-04-01T17:18:31.645577, 3.5771933448522, 0.0, -1.913868311528569, 64.71728371429275, 64.89472819656547, -13.642871044189802, 0.0016000000400000006, 25.282716285707252
2025-04-01 17:18:31,701 - 2025-04-01T17:18:31.701833, 3.584287269826877, 0.0, -1.9167451550164314, 64.95538371441145, 65.12994605719742, -13.555479650861066, 0.0016000000400000006, 25.044616285588546
2025-04-01 17:18:31,760 - 2025-04-01T17:18:31.760615, 3.5905931313554245, 0.0, -1.9194518338637983, 65.20668371453705, 65.33917826135203, -13.472900693354319, 0.0016000000400000006, 24.79331628546295
2025-04-01 17:18:31,841 - 2025-04-01T17:18:31.841718, 3.5965497345774216, 0.0, -1.9222480595441924, 65.32778371459771, 65.53705371575134, -13.387049578880923, 0.0016000000400000006, 24.672216285402286
2025-04-01 17:18:31,921 - 2025-04-01T17:18:31.921816, 3.602349969331499, 0.0, -1.9247694236189732, 65.38538371462658, 65.72953963354303, -13.310052908746636, 0.0016000000400000006, 24.614616285373415
2025-04-01 17:18:31,982 - 2025-04-01T17:18:31.982653, 3.6083065725534955, 0.0, -1.9275656492993676, 65.37908371462343, 65.92741508794232, -13.224201794273224, 0.0016000000400000006, 24.620916285376566
2025-04-01 17:18:32,040 - 2025-04-01T17:18:32.040695, 3.615512769559335, 0.0, -1.931215406101269, 65.304383714586, 66.16705988286662, -13.111594596017628, 0.0016000000400000006, 24.695616285414005
2025-04-01 17:18:32,080 - 2025-04-01T17:18:32.080948, 3.621112539408736, 0.0, -1.9339599602788615, 65.16228371451486, 66.35319366173536, -13.027091009634725, 0.0016000000400000006, 24.837716285485143
2025-04-01 17:18:32,121 - 2025-04-01T17:18:32.121331, 3.626712309258137, 0.0, -1.9367045144564543, 64.88258371437512, 66.5393274406041, -12.942587423251823, 0.0016000000400000006, 25.117416285624884
2025-04-01 17:18:32,160 - 2025-04-01T17:18:32.160620, 3.632817705882008, 0.0, -1.939634383406633, 64.82788371434783, 66.74220750583581, -12.85250154949646, 0.0016000000400000006, 25.172116285652166
2025-04-01 17:18:32,201 - 2025-04-01T17:18:32.201190, 3.6383733792946527, 0.0, -1.942876989292651, 64.45178371416077, 66.92737868238927, -12.751636602525826, 0.0016000000400000006, 25.54821628583923
2025-04-01 17:18:32,240 - 2025-04-01T17:18:32.240602, 3.6440399707789455, 0.0, -1.945547146769306, 64.30998371409044, 67.115629840899, -12.669635321559145, 0.0016000000400000006, 25.690016285909564
2025-04-01 17:18:32,280 - 2025-04-01T17:18:32.280902, 3.649603219257635, 0.0, -1.948930970991153, 63.91408371389464, 67.3011859432277, -12.564150689531338, 0.0016000000400000006, 26.08591628610536
2025-04-01 17:18:32,321 - 2025-04-01T17:18:32.321264, 3.6546897872665203, 0.0, -1.9513489920603306, 63.64538371376224, 67.47018850995825, -12.48984907557806, 0.0016000000400000006, 26.354616286237757
2025-04-01 17:18:32,380 - 2025-04-01T17:18:32.380747, 3.6615026295290525, 0.0, -1.9555863474036848, 63.15388371352103, 67.69751395281195, -12.357608359768069, 0.0016000000400000006, 26.846116286478967
2025-04-01 17:18:32,443 - 2025-04-01T17:18:32.443115, 3.6678766666520066, 0.0, -1.9595639912735154, 62.697483713298205, 67.91021048894366, -12.233452236746757, 0.0016000000400000006, 27.302516286701795
2025-04-01 17:18:32,500 - 2025-04-01T17:18:32.500604, 3.674258278841006, 0.0, -1.9636828534791761, 62.18878371305112, 68.12329195085059, -12.104676428668231, 0.0016000000400000006, 27.811216286948877
2025-04-01 17:18:32,561 - 2025-04-01T17:18:32.561010, 3.680639891030005, 0.0, -1.9678017156848362, 61.58328371275871, 68.33637341275752, -11.975900620589735, 0.0016000000400000006, 28.416716287241293
2025-04-01 17:18:32,621 - 2025-04-01T17:18:32.621124, 3.68690301008131, 0.0, -1.9723518079640296, 60.82998371239747, 68.54598996693298, -11.832880831564479, 0.0016000000400000006, 29.170016287602525
2025-04-01 17:18:32,661 - 2025-04-01T17:18:32.661811, 3.6911877184714905, 0.0, -1.9756625894444542, 60.23238371211291, 68.68958397797186, -11.728551552616754, 0.0016000000400000006, 29.767616287887087
2025-04-01 17:18:32,701 - 2025-04-01T17:18:32.701032, 3.6956880418984372, 0.0, -1.9790326174937252, 59.51068371177151, 68.84029997948412, -11.622489819803306, 0.0016000000400000006, 30.489316288228483
2025-04-01 17:18:32,740 - 2025-04-01T17:18:32.740400, 3.6999210787858154, 0.0, -1.9827002323467453, 58.68158371138234, 68.98254646243248, -11.506418865325045, 0.0016000000400000006, 31.318416288617662
2025-04-01 17:18:32,780 - 2025-04-01T17:18:32.780751, 3.7043104841411134, 0.0, -1.986642708805379, 57.824683710983415, 69.13018248198851, -11.381493466507667, 0.0016000000400000006, 32.175316289016585
2025-04-01 17:18:32,821 - 2025-04-01T17:18:32.821179, 3.708617917729429, 0.0, -1.9903771452932917, 56.92098371056629, 69.27493127035308, -11.26330513238841, 0.0016000000400000006, 33.07901628943371
2025-04-01 17:18:32,841 - 2025-04-01T17:18:32.841210, 3.71063420372078, 0.0, -1.9923225477712077, 56.43398371034297, 69.34287844236582, -11.201516197024976, 0.0016000000400000006, 33.56601628965703
2025-04-01 17:18:32,860 - 2025-04-01T17:18:32.860769, 3.7127400365451586, 0.0, -1.9946172085556744, 55.86918371008523, 69.41409777134521, -11.128370511906217, 0.0016000000400000006, 34.13081628991477
2025-04-01 17:18:32,880 - 2025-04-01T17:18:32.880283, 3.7144738858648507, 0.0, -1.9965777611656808, 55.37858370986246, 69.47280557324356, -11.065811724992326, 0.0016000000400000006, 34.62141629013754
2025-04-01 17:18:32,900 - 2025-04-01T17:18:32.900291, 3.7164901718562016, 0.0, -1.998523163643597, 54.810883709605925, 69.54075274525628, -11.004022789628877, 0.0016000000400000006, 35.189116290394075
2025-04-01 17:18:32,920 - 2025-04-01T17:18:32.920248, 3.718506457847553, 0.0, -2.000468566121513, 54.314983709382915, 69.608699917269, -10.94223385426544, 0.0016000000400000006, 35.685016290617085
2025-04-01 17:18:32,940 - 2025-04-01T17:18:32.940735, 3.7202478822332905, 0.0, -2.0025703370673487, 53.76598370913717, 69.66779264494264, -10.875055382294363, 0.0016000000400000006, 36.23401629086283
2025-04-01 17:18:32,960 - 2025-04-01T17:18:32.960660, 3.721930060050181, 0.0, -2.0048877230499507, 53.17988370887612, 69.7251529187505, -10.800754919849918, 0.0016000000400000006, 36.82011629112388
2025-04-01 17:18:32,981 - 2025-04-01T17:18:32.981327, 3.7238870994726847, 0.0, -2.0070487405646333, 52.59528370861708, 69.79136763689746, -10.73184399401309, 0.0016000000400000006, 37.40471629138292
2025-04-01 17:18:33,000 - 2025-04-01T17:18:33.000302, 3.7254204838877008, 0.0, -2.0092324832774517, 51.95418370833451, 69.84372329987292, -10.661778290850577, 0.0016000000400000006, 38.04581629166549
2025-04-01 17:18:33,022 - 2025-04-01T17:18:33.022012, 3.727035840069699, 0.0, -2.011624265960991, 51.351783708070386, 69.89896619403982, -10.584975522989925, 0.0016000000400000006, 38.648216291929614
2025-04-01 17:18:33,040 - 2025-04-01T17:18:33.040404, 3.7286360461196075, 0.0, -2.0137336119728717, 50.77978370782082, 69.95343923665625, -10.51741212524362, 0.0016000000400000006, 39.22021629217918
2025-04-01 17:18:33,060 - 2025-04-01T17:18:33.060412, 3.7301694305346236, 0.0, -2.0159173546856897, 50.114883707532236, 70.00579489963171, -10.447346422081106, 0.0016000000400000006, 39.885116292467764
2025-04-01 17:18:33,081 - 2025-04-01T17:18:33.081113, 3.7317103900156843, 0.0, -2.018242315734337, 49.5273837072785, 70.05853548838238, -10.37266103386142, 0.0016000000400000006, 40.4726162927215
2025-04-01 17:18:33,100 - 2025-04-01T17:18:33.100407, 3.733274074694881, 0.0, -2.0209909317904726, 48.83418370698071, 70.11243085445878, -10.284116590470202, 0.0016000000400000006, 41.16581629301929
2025-04-01 17:18:33,121 - 2025-04-01T17:18:33.121237, 3.734666240774068, 0.0, -2.023182249569336, 48.22488370672026, 70.16016683237706, -10.21366596153246, 0.0016000000400000006, 41.77511629327974
2025-04-01 17:18:33,140 - 2025-04-01T17:18:33.140314, 3.7362664468239757, 0.0, -2.0252915955812165, 47.49088370640817, 70.21463987499348, -10.146102563786167, 0.0016000000400000006, 42.50911629359183
2025-04-01 17:18:33,161 - 2025-04-01T17:18:33.161005, 3.7375993663343157, 0.0, -2.0276985283968463, 46.92978370617078, 70.26064339904602, -10.068529944375046, 0.0016000000400000006, 43.07021629382922
2025-04-01 17:18:33,181 - 2025-04-01T17:18:33.181058, 3.739140325815377, 0.0, -2.030023489445494, 46.176183705853525, 70.3133839877967, -9.99384455615536, 0.0016000000400000006, 43.823816294146475
2025-04-01 17:18:33,201 - 2025-04-01T17:18:33.201252, 3.740852803896448, 0.0, -2.0329057487714137, 45.58528370560602, 70.37228396470549, -9.901065353482185, 0.0016000000400000006, 44.41471629439399
2025-04-01 17:18:33,220 - 2025-04-01T17:18:33.220357, 3.7421857234067875, 0.0, -2.0353126815870435, 44.88548370531429, 70.41828748875803, -9.823492734071076, 0.0016000000400000006, 45.11451629468571
2025-04-01 17:18:33,241 - 2025-04-01T17:18:33.241073, 3.7432286311794236, 0.0, -2.0375935461989343, 44.22828370504165, 70.45466671692097, -9.74976994816667, 0.0016000000400000006, 45.77171629495835
2025-04-01 17:18:33,261 - 2025-04-01T17:18:33.261177, 3.7446359473907003, 0.0, -2.040067300649456, 43.48778370473596, 70.5031725463897, -9.67007994911457, 0.0016000000400000006, 46.51221629526404
2025-04-01 17:18:33,280 - 2025-04-01T17:18:33.280258, 3.7457015803614717, 0.0, -2.042771820268835, 42.835383704467944, 70.54070655187837, -9.582498108038632, 0.0016000000400000006, 47.164616295532056
2025-04-01 17:18:33,301 - 2025-04-01T17:18:33.301447, 3.747175718207641, 0.0, -2.04517117801842, 42.1169837041742, 70.59132976098809, -9.50531041440274, 0.0016000000400000006, 47.8830162958258
2025-04-01 17:18:33,320 - 2025-04-01T17:18:33.320509, 3.748300597747259, 0.0, -2.047660082601032, 41.48888370391853, 70.63059622034247, -9.424850563800195, 0.0016000000400000006, 48.51111629608147
2025-04-01 17:18:33,341 - 2025-04-01T17:18:33.341347, 3.749425477286877, 0.0, -2.0501489871836442, 40.707583703601976, 70.66986267969685, -9.344390713197637, 0.0016000000400000006, 49.292416296398024
2025-04-01 17:18:33,360 - 2025-04-01T17:18:33.360812, 3.750863093762335, 0.0, -2.0531876149774835, 40.01628370332322, 70.71990821226653, -9.246221973916834, 0.0016000000400000006, 49.98371629667678
2025-04-01 17:18:33,383 - 2025-04-01T17:18:33.383017, 3.75171311169634, 0.0, -2.0558328880280152, 39.28858370303112, 70.7503202272818, -9.160372586706647, 0.0016000000400000006, 50.71141629696888
2025-04-01 17:18:33,401 - 2025-04-01T17:18:33.401204, 3.7526223761991915, 0.0, -2.0582625460417807, 38.59798370275514, 70.7824646961628, -9.081645189969827, 0.0016000000400000006, 51.40201629724487
2025-04-01 17:18:33,420 - 2025-04-01T17:18:33.420413, 3.753754830804855, 0.0, -2.0608926689602223, 37.92568370248757, 70.82211608129242, -8.996565654310096, 0.0016000000400000006, 52.07431629751243
2025-04-01 17:18:33,440 - 2025-04-01T17:18:33.440895, 3.755020928680302, 0.0, -2.0633739984767896, 37.20188370220072, 70.866002225704, -8.916490729482767, 0.0016000000400000006, 52.79811629779928
2025-04-01 17:18:33,461 - 2025-04-01T17:18:33.461078, 3.7563097517538853, 0.0, -2.0662789830008443, 36.45718370190684, 70.91104314744123, -8.822556749483935, 0.0016000000400000006, 53.542816298093165
2025-04-01 17:18:33,481 - 2025-04-01T17:18:33.481759, 3.756966879849259, 0.0, -2.0692886644900175, 35.763083701634066, 70.93548794930884, -8.72458076096794, 0.0016000000400000006, 54.236916298365934
2025-04-01 17:18:33,500 - 2025-04-01T17:18:33.500295, 3.757883719418156, 0.0, -2.071859540839612, 35.03538370134925, 70.96801734396507, -8.641233679173961, 0.0016000000400000006, 54.96461629865075
2025-04-01 17:18:33,526 - 2025-04-01T17:18:33.526809, 3.7591649674256935, 0.0, -2.074623307027838, 34.24608370104157, 71.01267333992709, -8.551919384232272, 0.0016000000400000006, 55.75391629895843
2025-04-01 17:18:33,542 - 2025-04-01T17:18:33.542765, 3.760007410293653, 0.0, -2.0771273617425408, 33.57278370078017, 71.04270042916713, -8.470689682079259, 0.0016000000400000006, 56.42721629921983
2025-04-01 17:18:33,560 - 2025-04-01T17:18:33.560438, 3.760664538389027, 0.0, -2.0801370432317134, 32.805083700483245, 71.06714523103471, -8.372713693563291, 0.0016000000400000006, 57.194916299516755
2025-04-01 17:18:33,583 - 2025-04-01T17:18:33.583676, 3.7616860749230416, 0.0, -2.0833396145595175, 32.007483700175975, 71.1037166342081, -8.268770491899616, 0.0016000000400000006, 57.992516299824025
2025-04-01 17:18:33,600 - 2025-04-01T17:18:33.600353, 3.7624541210900637, 0.0, -2.085776847639328, 31.271083699893396, 71.1312414180319, -8.189658169387567, 0.0016000000400000006, 58.728916300106604
2025-04-01 17:18:33,620 - 2025-04-01T17:18:33.620571, 3.7632600425873117, 0.0, -2.0889201723982853, 30.572483699626208, 71.16069083073191, -8.087447421589642, 0.0016000000400000006, 59.4275163003738
2025-04-01 17:18:33,641 - 2025-04-01T17:18:33.641136, 3.7641252106534067, 0.0, -2.091847882120476, 29.79718369933078, 71.19187269729761, -7.992358664265112, 0.0016000000400000006, 60.20281630066922
2025-04-01 17:18:33,660 - 2025-04-01T17:18:33.660211, 3.7648491603836725, 0.0, -2.094783166908712, 29.056083699049363, 71.21843487880619, -7.896884981165324, 0.0016000000400000006, 60.94391630095064
2025-04-01 17:18:33,681 - 2025-04-01T17:18:33.681851, 3.7653058235743697, 0.0, -2.0980160385006963, 28.284683698757448, 71.23652754175083, -7.791402076400735, 0.0016000000400000006, 61.71531630124255
2025-04-01 17:18:33,701 - 2025-04-01T17:18:33.701025, 3.7660965949395275, 0.0, -2.100876926587995, 27.624483698508385, 71.26520710290038, -7.698430698717155, 0.0016000000400000006, 62.375516301491615
2025-04-01 17:18:33,721 - 2025-04-01T17:18:33.721494, 3.7667537230349013, 0.0, -2.1038866080771683, 26.871683698225258, 71.28965190476795, -7.600454710201174, 0.0016000000400000006, 63.128316301774746
2025-04-01 17:18:33,740 - 2025-04-01T17:18:33.740287, 3.767187661027463, 0.0, -2.1066958246616645, 26.298083698010124, 71.30658979038691, -7.50883086060813, 0.0016000000400000006, 63.701916301989876
2025-04-01 17:18:33,760 - 2025-04-01T17:18:33.760914, 3.7678964606256384, 0.0, -2.109348672778242, 25.58198369774224, 71.33238212034502, -7.422596547622701, 0.0016000000400000006, 64.41801630225777
2025-04-01 17:18:33,780 - 2025-04-01T17:18:33.780740, 3.7686872319907962, 0.0, -2.1122095608655402, 25.050583697543946, 71.36106168149453, -7.329625169939121, 0.0016000000400000006, 64.94941630245606
2025-04-01 17:18:33,800 - 2025-04-01T17:18:33.800474, 3.7691955666842953, 0.0, -2.115085599084929, 24.358883697286434, 71.38050187252972, -7.235883940705098, 0.0016000000400000006, 65.64111630271357
2025-04-01 17:18:33,820 - 2025-04-01T17:18:33.820925, 3.7696370797429024, 0.0, -2.118036034005255, 23.86538369710314, 71.39782468392391, -7.139640406054854, 0.0016000000400000006, 66.13461630289686
2025-04-01 17:18:33,840 - 2025-04-01T17:18:33.840836, 3.770130264304311, 0.0, -2.1206296355529854, 23.20908369685988, 71.41649502340863, -7.0551385469351615, 0.0016000000400000006, 66.79091630314012
2025-04-01 17:18:33,862 - 2025-04-01T17:18:33.862226, 3.770712995698747, 0.0, -2.123572495407266, 22.58778369663013, 71.43843751986, -6.959279938060159, 0.0016000000400000006, 67.41221630336987
2025-04-01 17:18:33,880 - 2025-04-01T17:18:33.880310, 3.771347398595985, 0.0, -2.126158521888951, 22.09278369644742, 71.4617275444019, -6.8751630047157235, 0.0016000000400000006, 67.90721630355259
2025-04-01 17:18:33,900 - 2025-04-01T17:18:33.900315, 3.771914979858331, 0.0, -2.1288189450715733, 21.603683696267197, 71.4829001893028, -6.788543765955051, 0.0016000000400000006, 68.3963163037328
2025-04-01 17:18:33,940 - 2025-04-01T17:18:33.940523, 3.773065292515114, 0.0, -2.134422228108477, 20.681583695928225, 71.5260153306551, -6.606065918319379, 0.0016000000400000006, 69.31841630407177
2025-04-01 17:18:33,960 - 2025-04-01T17:18:33.960939, 3.773424833806738, 0.0, -2.137164623058081, 20.18208369574502, 71.54045091085786, -6.516559448367314, 0.0016000000400000006, 69.81791630425498
2025-04-01 17:18:34,001 - 2025-04-01T17:18:34.001555, 3.774783186434242, 0.0, -2.142685934328002, 19.43888369547296, 71.5903031169083, -6.336968831923075, 0.0016000000400000006, 70.56111630452705
2025-04-01 17:18:34,040 - 2025-04-01T17:18:34.040877, 3.7760003207259163, 0.0, -2.1482148206639677, 18.695383695201414, 71.63553563790157, -6.156993289703624, 0.0016000000400000006, 71.30461630479859
2025-04-01 17:18:34,080 - 2025-04-01T17:18:34.080317, 3.777417919922267, 0.0, -2.153520516897122, 18.13618369499752, 71.68712029781774, -5.984524663732765, 0.0016000000400000006, 71.86381630500247
2025-04-01 17:18:34,120 - 2025-04-01T17:18:34.120345, 3.778553082446959, 0.0, -2.158841363262366, 17.61828369480899, 71.72946558761957, -5.811286186211465, 0.0016000000400000006, 72.381716305191
2025-04-01 17:18:34,160 - 2025-04-01T17:18:34.160645, 3.779747491540498, 0.0, -2.1639465945908443, 17.16298369464349, 71.77354333128714, -5.64516969916353, 0.0016000000400000006, 72.83701630535651
2025-04-01 17:18:34,200 - 2025-04-01T17:18:34.200630, 3.78088265406519, 0.0, -2.1692674409560886, 16.786083694506615, 71.81588862108899, -5.4719312216422145, 0.0016000000400000006, 73.21391630549338
2025-04-01 17:18:34,240 - 2025-04-01T17:18:34.240713, 3.7818097766191605, 0.0, -2.1746702590883156, 16.45128369438514, 71.85149684619266, -5.295805512929464, 0.0016000000400000006, 73.54871630561486
2025-04-01 17:18:34,280 - 2025-04-01T17:18:34.280281, 3.7830041857126995, 0.0, -2.179775490416793, 16.07488369424869, 71.89557458986023, -5.129689025881542, 0.0016000000400000006, 73.92511630575132
2025-04-01 17:18:34,321 - 2025-04-01T17:18:34.321282, 3.7839981299015624, 0.0, -2.185103911848083, 15.760583694134866, 71.93330019460488, -4.956065622584999, 0.0016000000400000006, 74.23941630586513
2025-04-01 17:18:34,360 - 2025-04-01T17:18:34.360797, 3.7851408674922995, 0.0, -2.1905659765491565, 15.43178369401587, 71.97603041018195, -4.778207460006526, 0.0016000000400000006, 74.56821630598414
2025-04-01 17:18:34,403 - 2025-04-01T17:18:34.403451, 3.7862760300169915, 0.0, -2.195886822914401, 15.163483693918845, 72.01837569998378, -4.604968982485211, 0.0016000000400000006, 74.83651630608115
2025-04-01 17:18:34,441 - 2025-04-01T17:18:34.441698, 3.7874704391105305, 0.0, -2.200992054242879, 14.964283693846859, 72.06245344365135, -4.438852495437276, 0.0016000000400000006, 75.03571630615315
2025-04-01 17:18:34,480 - 2025-04-01T17:18:34.480667, 3.788590451503132, 0.0, -2.2060304639364645, 14.776283693778929, 72.10402888190272, -4.274853388030319, 0.0016000000400000006, 75.22371630622108
2025-04-01 17:18:34,520 - 2025-04-01T17:18:34.520501, 3.7898592572976084, 0.0, -2.2112025168998346, 14.671583693741114, 72.1506089309865, -4.10661952134142, 0.0016000000400000006, 75.32841630625889
2025-04-01 17:18:34,560 - 2025-04-01T17:18:34.560839, 3.791210034859067, 0.0, -2.216582609833926, 14.55858369370033, 72.2000762112617, -3.9316485899543685, 0.0016000000400000006, 75.44141630629967
2025-04-01 17:18:34,601 - 2025-04-01T17:18:34.601336, 3.7925532373544804, 0.0, -2.221821484432188, 14.575383693706376, 72.24915856576169, -3.7612973436244888, 0.0016000000400000006, 75.42461630629363
2025-04-01 17:18:34,660 - 2025-04-01T17:18:34.660472, 3.794300077578275, 0.0, -2.2293047022716292, 14.43738369365656, 72.31363910277972, -3.5178009879302548, 0.0016000000400000006, 75.56261630634344
2025-04-01 17:18:34,720 - 2025-04-01T17:18:34.720904, 3.7963293544737287, 0.0, -2.2367727699789803, 14.433083693655004, 72.3873590099121, -3.2750744837864914, 0.0016000000400000006, 75.566916306345
2025-04-01 17:18:34,760 - 2025-04-01T17:18:34.760406, 3.7975389136993574, 0.0, -2.2421604379791167, 14.397083693642019, 72.4322066051301, -3.0997186266242114, 0.0016000000400000006, 75.60291630635798
2025-04-01 17:18:34,800 - 2025-04-01T17:18:34.800339, 3.7989565128957086, 0.0, -2.247466134212271, 14.549583693697057, 72.4837912650463, -2.927250000653368, 0.0016000000400000006, 75.45041630630294
2025-04-01 17:18:34,840 - 2025-04-01T17:18:34.840429, 3.8003224405892575, 0.0, -2.253128663818021, 14.426383693652607, 72.53402839687197, -2.7430396991519577, 0.0016000000400000006, 75.57361630634739
2025-04-01 17:18:34,900 - 2025-04-01T17:18:34.900677, 3.802426114185648, 0.0, -2.260663553160264, 14.47048369366851, 72.61025060942056, -2.4981958153672155, 0.0016000000400000006, 75.52951630633149
2025-04-01 17:18:34,940 - 2025-04-01T17:18:34.940310, 3.8040669034848107, 0.0, -2.2661697142980946, 14.537083693692542, 72.66934218558536, -2.3193750504734485, 0.0016000000400000006, 75.46291630630748
2025-04-01 17:18:34,980 - 2025-04-01T17:18:34.980858, 3.805581624580234, 0.0, -2.2719658871736286, 14.613683693720212, 72.72458392824342, -2.130929989690109, 0.0016000000400000006, 75.38631630627978
2025-04-01 17:18:35,021 - 2025-04-01T17:18:35.021175, 3.8072072637473062, 0.0, -2.2771896116398005, 14.563783693702188, 72.78290565285776, -1.9613485949106866, 0.0016000000400000006, 75.43621630629781
2025-04-01 17:18:35,060 - 2025-04-01T17:18:35.060820, 3.8084836446078274, 0.0, -2.2825028829389997, 14.609083693718537, 72.82987062771677, -1.7884950431645996, 0.0016000000400000006, 75.39091630628148
2025-04-01 17:18:35,101 - 2025-04-01T17:18:35.101924, 3.809983215571161, 0.0, -2.2880166191428755, 14.649483693733144, 72.88434251882438, -1.6092893524956051, 0.0016000000400000006, 75.35051630626685
2025-04-01 17:18:35,142 - 2025-04-01T17:18:35.142838, 3.811482786534494, 0.0, -2.2935303553467508, 14.644083693731206, 72.93881440993201, -1.4300836618266097, 0.0016000000400000006, 75.3559163062688
2025-04-01 17:18:35,180 - 2025-04-01T17:18:35.180523, 3.81275159232897, 0.0, -2.298702408310121, 14.730683693762462, 72.98539445901578, -1.2618497951377092, 0.0016000000400000006, 75.26931630623754
2025-04-01 17:18:35,241 - 2025-04-01T17:18:35.241541, 3.8148401157932703, 0.0, -2.3059548609807052, 14.803783693788862, 73.06084682001391, -1.0262452814673115, 0.0016000000400000006, 75.19621630621114
2025-04-01 17:18:35,280 - 2025-04-01T17:18:35.280814, 3.816391358259405, 0.0, -2.3111117638119847, 14.80068369378775, 73.11666623921204, -0.8587812663288821, 0.0016000000400000006, 75.19931630621225
2025-04-01 17:18:35,320 - 2025-04-01T17:18:35.320655, 3.81794260072554, 0.0, -2.316268666643264, 14.870883693813116, 73.17248565841015, -0.6913172511904526, 0.0016000000400000006, 75.12911630618689
2025-04-01 17:18:35,381 - 2025-04-01T17:18:35.381646, 3.8203287109935893, 0.0, -2.323788405853417, 14.954383693843285, 73.25794724107308, -0.44724321895616725, 0.0016000000400000006, 75.04561630615672
2025-04-01 17:18:35,420 - 2025-04-01T17:18:35.420345, 3.8216643384229574, 0.0, -2.32888606211585, 14.901683693824241, 73.30664466979783, -0.28151165768344555, 0.0016000000400000006, 75.09831630617576
2025-04-01 17:18:35,480 - 2025-04-01T17:18:35.480612, 3.8237528618872583, 0.0, -2.3361385147864344, 14.804383693789097, 73.38209703079596, -0.045907144013062506, 0.0016000000400000006, 75.19561630621091
2025-04-01 17:18:35,520 - 2025-04-01T17:18:35.520249, 3.8254528977552673, 0.0, -2.3414290608874984, 14.795883693785997, 73.44292106082648, 0.125791630407325, 0.0016000000400000006, 75.204116306214
2025-04-01 17:18:35,560 - 2025-04-01T17:18:35.560247, 3.826862921885573, 0.0, -2.346593538784823, 14.824783693796453, 73.49412079496744, 0.29364057132099664, 0.0016000000400000006, 75.17521630620355
2025-04-01 17:18:35,600 - 2025-04-01T17:18:35.600620, 3.828288096147969, 0.0, -2.352040453353806, 14.845883693804085, 73.54609038065885, 0.4707288823490132, 0.0016000000400000006, 75.15411630619592
2025-04-01 17:18:35,640 - 2025-04-01T17:18:35.640892, 3.8299288854471314, 0.0, -2.357546614491637, 14.785483693782252, 73.60518195682366, 0.6495496472427797, 0.0016000000400000006, 75.21451630621775
2025-04-01 17:18:35,682 - 2025-04-01T17:18:35.682509, 3.8314208813444193, 0.0, -2.362919132359683, 14.664383693738523, 73.65926892215603, 0.8241356528546029, 0.0016000000400000006, 75.33561630626147
2025-04-01 17:18:35,721 - 2025-04-01T17:18:35.721355, 3.8327565087737874, 0.0, -2.3680167886221155, 14.538083693692908, 73.70796635088078, 0.9898672141272957, 0.0016000000400000006, 75.46191630630709
2025-04-01 17:18:35,760 - 2025-04-01T17:18:35.760506, 3.8338248496635874, 0.0, -2.3734120316882974, 14.479783693671873, 73.74819426104165, 1.1656079970648183, 0.0016000000400000006, 75.52021630632812
2025-04-01 17:18:35,821 - 2025-04-01T17:18:35.821733, 3.835108805590154, 0.0, -2.378866521323326, 14.231683693582331, 73.79554416167588, 1.3430812338680767, 0.0016000000400000006, 75.76831630641767
2025-04-01 17:18:35,900 - 2025-04-01T17:18:35.900604, 3.8365126086139285, 0.0, -2.385235142608223, 14.137483693548353, 73.8477059223777, 1.5503899606553477, 0.0016000000400000006, 75.86251630645167
2025-04-01 17:18:35,961 - 2025-04-01T17:18:35.961924, 3.837000926028321, 0.0, -2.3903782492669263, 13.735483693403426, 73.86868524075939, 1.718431076579439, 0.0016000000400000006, 76.26451630659658
2025-04-01 17:18:36,021 - 2025-04-01T17:18:36.021326, 3.8382118392134648, 0.0, -2.3971112789904643, 13.404983693284347, 73.91487978831356, 1.937866404672504, 0.0016000000400000006, 76.59501630671565
2025-04-01 17:18:36,060 - 2025-04-01T17:18:36.060757, 3.8383281731231707, 0.0, -2.4019202774747073, 12.823683693075129, 73.92334757961422, 2.095320622391729, 0.0016000000400000006, 77.17631630692487
2025-04-01 17:18:36,102 - 2025-04-01T17:18:36.102319, 3.839121652407357, 0.0, -2.407471889008809, 12.345883692903328, 73.95472104543595, 2.2764509419368943, 0.0016000000400000006, 77.65411630709667
2025-04-01 17:18:36,140 - 2025-04-01T17:18:36.140833, 3.8395658733849922, 0.0, -2.413113047375938, 11.550583692617723, 73.97473776150235, 2.46085341844871, 0.0016000000400000006, 78.44941630738228
2025-04-01 17:18:36,182 - 2025-04-01T17:18:36.182367, 3.840047969692854, 0.0, -2.4194602974222135, 10.64268369229215, 73.99667910644493, 2.6683543202464, 0.0016000000400000006, 79.35731630770785
2025-04-01 17:18:36,220 - 2025-04-01T17:18:36.220484, 3.839682755985739, 0.0, -2.4258529978647596, 9.64008369193319, 73.99090234104443, 2.878164776695461, 0.0016000000400000006, 80.35991630806681
2025-04-01 17:18:36,241 - 2025-04-01T17:18:36.241085, 3.839775010737795, 0.0, -2.4288929796181136, 9.089883691736436, 73.9968684026833, 2.9776804683123834, 0.0016000000400000006, 80.91011630826357
2025-04-01 17:18:36,260 - 2025-04-01T17:18:36.260904, 3.839792868788914, 0.0, -2.431866139736575, 8.5762836915529, 74.00033215890598, 3.075078780288313, 0.0016000000400000006, 81.4237163084471
2025-04-01 17:18:36,281 - 2025-04-01T17:18:36.281686, 3.8394538934674367, 0.0, -2.4347876283522347, 8.020783691354527, 73.99205423959809, 3.1711295641737345, 0.0016000000400000006, 81.97921630864548
2025-04-01 17:18:36,300 - 2025-04-01T17:18:36.300384, 3.839345683314817, 0.0, -2.4380508002084005, 7.511983691172948, 73.99166816231406, 3.278152172039251, 0.0016000000400000006, 82.48801630882707
2025-04-01 17:18:36,320 - 2025-04-01T17:18:36.320300, 3.8393711164319813, 0.0, -2.441165178662691, 6.929483690965192, 73.99551684431196, 3.3801701690723522, 0.0016000000400000006, 83.07051630903482
2025-04-01 17:18:36,360 - 2025-04-01T17:18:36.360575, 3.8387007408550717, 0.0, -2.44714937422984, 5.897083690597306, 73.97934593147141, 3.576891421900368, 0.0016000000400000006, 84.1029163094027
2025-04-01 17:18:36,401 - 2025-04-01T17:18:36.401075, 3.8382384052488847, 0.0, -2.4530515980300063, 4.922383690250269, 73.96991208332904, 3.7707254435369464, 0.0016000000400000006, 85.07761630974973
2025-04-01 17:18:36,422 - 2025-04-01T17:18:36.422196, 3.8379586764962546, 0.0, -2.4557574716088997, 4.422783690072499, 73.96336661788689, 3.8596542369489883, 0.0016000000400000006, 85.57721630992751
2025-04-01 17:18:36,460 - 2025-04-01T17:18:36.460350, 3.8373399724221473, 0.0, -2.4613848338034527, 3.5095836897477244, 73.94854323313686, 4.044633814246452, 0.0016000000400000006, 86.49041631025227
2025-04-01 17:18:36,481 - 2025-04-01T17:18:36.481059, 3.837045093537427, 0.0, -2.463808270710687, 3.0165836895724376, 73.94122791614427, 4.124323237544135, 0.0016000000400000006, 86.98341631042756
2025-04-01 17:18:36,522 - 2025-04-01T17:18:36.522084, 3.836203199360508, 0.0, -2.4692351680005635, 2.060983689232808, 73.91889761514562, 4.302950675918676, 0.0016000000400000006, 87.93901631076719
2025-04-01 17:18:36,541 - 2025-04-01T17:18:36.541149, 3.835923470607878, 0.0, -2.471941041579457, 1.5380836890470284, 73.91235214970348, 4.391879469330732, 0.0016000000400000006, 88.46191631095297
2025-04-01 17:18:36,580 - 2025-04-01T17:18:36.580710, 3.834791564693255, 0.0, -2.477241870665594, 0.6086836887168489, 73.88039755281525, 4.566657074198543, 0.0016000000400000006, 89.39131631128315
2025-04-01 17:18:36,622 - 2025-04-01T17:18:36.622464, 3.8338752738153987, 0.0, -2.4826019463205786, -0.3434163116213843, 73.85556494640042, 4.743167132932118, 0.0016000000400000006, 90.34341631162138
2025-04-01 17:18:36,660 - 2025-04-01T17:18:36.660752, 3.8325277528640096, 0.0, -2.4878435288378693, -1.3220163119690074, 73.81648835903883, 4.916212283934192, 0.0016000000400000006, 91.32201631196901
2025-04-01 17:18:36,700 - 2025-04-01T17:18:36.700557, 3.8313958469493867, 0.0, -2.493144357924007, -2.2318163122922714, 73.7845337621506, 5.0909898888020315, 0.0016000000400000006, 92.23181631229227
2025-04-01 17:18:36,720 - 2025-04-01T17:18:36.720698, 3.8305588199194847, 0.0, -2.4960217501029103, -2.7728163124845824, 73.759894482255, 5.186078070372172, 0.0016000000400000006, 92.77281631248458
2025-04-01 17:18:36,760 - 2025-04-01T17:18:36.760894, 3.829144477333203, 0.0, -2.501337729321138, -3.7196163128211714, 73.71870051525241, 5.361625526790469, 0.0016000000400000006, 93.71961631282117
2025-04-01 17:18:36,800 - 2025-04-01T17:18:36.800910, 3.8275889164110923, 0.0, -2.506661283605411, -4.621116313141846, 73.67288686319267, 5.537557908983979, 0.0016000000400000006, 94.62111631314184
2025-04-01 17:18:36,840 - 2025-04-01T17:18:36.840622, 3.826048505621072, 0.0, -2.5122672745613426, -5.479316313447285, 73.62784306268338, 5.722729661291847, 0.0016000000400000006, 95.47931631344728
2025-04-01 17:18:36,880 - 2025-04-01T17:18:36.880899, 3.8246417381008353, 0.0, -2.5177244721154, -6.238516313717704, 73.58703402145605, 5.902896802767316, 0.0016000000400000006, 96.23851631371771
2025-04-01 17:18:36,924 - 2025-04-01T17:18:36.924787, 3.8233169423475815, 0.0, -2.5233897096401785, -6.994516313987175, 73.54911221142014, 6.0898010089409205, 0.0016000000400000006, 96.99451631398718
2025-04-01 17:18:36,960 - 2025-04-01T17:18:36.960292, 3.8216945597905783, 0.0, -2.528787660625389, -7.690116314235271, 73.50118117971941, 6.2682356965506525, 0.0016000000400000006, 97.69011631423527
2025-04-01 17:18:37,001 - 2025-04-01T17:18:37.001190, 3.820280217204297, 0.0, -2.5341036398436168, -8.364816314476148, 73.45998721271685, 6.443783152968948, 0.0016000000400000006, 98.36481631447614
2025-04-01 17:18:37,040 - 2025-04-01T17:18:37.040484, 3.819007092953845, 0.0, -2.5394120439957995, -8.896016314665943, 73.42341293077145, 6.618945683612001, 0.0016000000400000006, 98.89601631466594
2025-04-01 17:18:37,080 - 2025-04-01T17:18:37.080666, 3.817510778600581, 0.0, -2.5445199832433056, -9.52781631489179, 73.37933173257744, 6.787756075332132, 0.0016000000400000006, 99.5278163148918
2025-04-01 17:18:37,120 - 2025-04-01T17:18:37.120398, 3.816170832715237, 0.0, -2.549902784096426, -10.099616315096474, 73.34064007099107, 6.965420911391407, 0.0016000000400000006, 100.09961631509647
2025-04-01 17:18:37,160 - 2025-04-01T17:18:37.160529, 3.814548450158234, 0.0, -2.5553007350816364, -10.587516315271188, 73.29270903929036, 7.143855599001139, 0.0016000000400000006, 100.58751631527119
2025-04-01 17:18:37,200 - 2025-04-01T17:18:37.200658, 3.8133345724766285, 0.0, -2.5603935241970524, -11.03601631543189, 73.2578672112107, 7.311896139170813, 0.0016000000400000006, 101.0360163154319
2025-04-01 17:18:37,242 - 2025-04-01T17:18:37.242095, 3.8118458331894103, 0.0, -2.565642681780388, -11.425016315571469, 73.21417093879194, 7.485326215948129, 0.0016000000400000006, 101.42501631557147
2025-04-01 17:18:37,281 - 2025-04-01T17:18:37.281162, 3.8104907371719756, 0.0, -2.570743045961849, -11.810016315709634, 73.1747094256551, 7.653751681893031, 0.0016000000400000006, 101.81001631570963
2025-04-01 17:18:37,320 - 2025-04-01T17:18:37.320516, 3.80892760118382, 0.0, -2.575925381910293, -12.157916315834536, 73.12851084782011, 7.825064379029369, 0.0016000000400000006, 102.15791631583456
2025-04-01 17:18:37,360 - 2025-04-01T17:18:37.360862, 3.807498108465448, 0.0, -2.580958924456862, -12.469916315946696, 73.08654702926708, 7.991372465333306, 0.0016000000400000006, 102.46991631594669
2025-04-01 17:18:37,400 - 2025-04-01T17:18:37.400848, 3.8060761908131213, 0.0, -2.5861336853392607, -12.778716316057704, 73.04496813648927, 8.16230023669443, 0.0016000000400000006, 102.77871631605771
2025-04-01 17:18:37,440 - 2025-04-01T17:18:37.440521, 3.8047879164305787, 0.0, -2.5911596528197847, -12.95921631612267, 73.00762400299342, 8.328223397223125, 0.0016000000400000006, 102.95921631612268
2025-04-01 17:18:37,502 - 2025-04-01T17:18:37.502759, 3.80235745314834, 0.0, -2.598654507603814, -13.47111631630699, 72.93524644216191, 8.5761455357009, 0.0016000000400000006, 103.47111631630699
2025-04-01 17:18:37,544 - 2025-04-01T17:18:37.544873, 3.8007350705913368, 0.0, -2.6040524585890243, -13.709916316393016, 72.88731541046118, 8.754580223310633, 0.0016000000400000006, 103.70991631639302
2025-04-01 17:18:37,602 - 2025-04-01T17:18:37.602228, 3.7985202223458643, 0.0, -2.6116065599419005, -14.09751631653276, 72.82205984010304, 9.004234815654147, 0.0016000000400000006, 104.09751631653276
2025-04-01 17:18:37,640 - 2025-04-01T17:18:37.640750, 3.7966746496860497, 0.0, -2.616804046022435, -14.21501631657508, 72.76662189215371, 9.176317364340969, 0.0016000000400000006, 104.21501631657507
2025-04-01 17:18:37,681 - 2025-04-01T17:18:37.681704, 3.7952678821658132, 0.0, -2.622261243576492, -14.383216316635785, 72.72581285092636, 9.356484505816423, 0.0016000000400000006, 104.38321631663578
2025-04-01 17:18:37,723 - 2025-04-01T17:18:37.723687, 3.79378671794464, 0.0, -2.6276516194956567, -14.573816316704557, 72.68250150428284, 9.534534267650912, 0.0016000000400000006, 104.57381631670455
2025-04-01 17:18:37,765 - 2025-04-01T17:18:37.764958, 3.7924316219272054, 0.0, -2.6327519836771183, -14.607316316716714, 72.643039991146, 9.70295973359583, 0.0016000000400000006, 104.60731631671672
2025-04-01 17:18:37,800 - 2025-04-01T17:18:37.800531, 3.790824389502293, 0.0, -2.6384323713339874, -14.71061631675398, 72.59587881099574, 9.890633791319905, 0.0016000000400000006, 104.71061631675398
2025-04-01 17:18:37,840 - 2025-04-01T17:18:37.840471, 3.789343225281119, 0.0, -2.6438227472531524, -14.804116316787761, 72.5525674643522, 10.068683553154393, 0.0016000000400000006, 104.80411631678776
2025-04-01 17:18:37,920 - 2025-04-01T17:18:37.920915, 3.787432184945927, 0.0, -2.650439991758025, -14.889316316818546, 72.496359089098, 10.287347878188195, 0.0016000000400000006, 104.88931631681855
2025-04-01 17:18:38,001 - 2025-04-01T17:18:38.001794, 3.7858552527851947, 0.0, -2.656685252758211, -14.818916316793102, 72.45073761204866, 10.493500676140975, 0.0016000000400000006, 104.8189163167931
2025-04-01 17:18:38,060 - 2025-04-01T17:18:38.060588, 3.784635153997059, 0.0, -2.6629821852611997, -14.861916316808625, 72.41685781052988, 10.701001002184261, 0.0016000000400000006, 104.86191631680862
2025-04-01 17:18:38,120 - 2025-04-01T17:18:38.120368, 3.782821235560939, 0.0, -2.6700899064084522, -14.81441631679149, 72.36430651801757, 10.935641762030558, 0.0016000000400000006, 104.8144163167915
2025-04-01 17:18:38,160 - 2025-04-01T17:18:38.160440, 3.7810652097341517, 0.0, -2.6756366507955374, -14.794516316784254, 72.31214072703492, 11.119081060472706, 0.0016000000400000006, 104.79451631678425
2025-04-01 17:18:38,200 - 2025-04-01T17:18:38.200476, 3.7798223857478805, 0.0, -2.681509928291037, -14.847016316803245, 72.27710614819046, 11.312722331344446, 0.0016000000400000006, 104.84701631680325
2025-04-01 17:18:38,240 - 2025-04-01T17:18:38.240488, 3.7783122752220404, 0.0, -2.6876807925902866, -14.791016316783036, 72.23360205078208, 11.516372823881047, 0.0016000000400000006, 104.79101631678304
2025-04-01 17:18:38,281 - 2025-04-01T17:18:38.281923, 3.776260016551019, 0.0, -2.6943056121612043, -14.777216316778036, 72.17277399047072, 11.735422074690062, 0.0016000000400000006, 104.77721631677804
2025-04-01 17:18:38,340 - 2025-04-01T17:18:38.340442, 3.7749579459959004, 0.0, -2.700394504693471, -14.554516316697656, 72.1360069577605, 11.936185336035212, 0.0016000000400000006, 104.55451631669766
2025-04-01 17:18:38,540 - 2025-04-01T17:18:38.540685, 3.773655875440782, 0.0, -2.706483397225738, -14.59381631671178, 72.09923992505027, 12.136948597380362, 0.0016000000400000006, 104.59381631671178
2025-04-01 17:18:38,600 - 2025-04-01T17:18:38.600342, 3.7718922745479495, 0.0, -2.711888923276993, -14.712016316754527, 72.04668920829238, 12.31576821076531, 0.0016000000400000006, 104.71201631675453
2025-04-01 17:18:38,664 - 2025-04-01T17:18:38.664015, 3.7696925764345677, 0.0, -2.719725461301528, -14.599216316713795, 71.9822034894847, 12.574662173223166, 0.0016000000400000006, 104.5992163167138
2025-04-01 17:18:38,700 - 2025-04-01T17:18:38.700453, 3.7680639727710337, 0.0, -2.7263275556743105, -14.545316316694306, 71.93523448434485, 12.792556646706512, 0.0016000000400000006, 104.54531631669433
2025-04-01 17:18:38,740 - 2025-04-01T17:18:38.740604, 3.7664656693716805, 0.0, -2.7334945233904104, -14.453816316661257, 71.88980518230593, 13.02892986041856, 0.0016000000400000006, 104.45381631666126
2025-04-01 17:18:38,781 - 2025-04-01T17:18:38.781109, 3.765023734440247, 0.0, -2.7409363527121235, -14.322816316614006, 71.84976541687465, 13.274157518469723, 0.0016000000400000006, 104.32281631661402
2025-04-01 17:18:38,821 - 2025-04-01T17:18:38.820987, 3.763484677609741, 0.0, -2.7478877053914568, -14.24571631658619, 71.80606856870146, 13.503408741708377, 0.0016000000400000006, 104.2457163165862
2025-04-01 17:18:38,861 - 2025-04-01T17:18:38.861499, 3.7616921304122424, 0.0, -2.754073719822796, -14.256016316589921, 71.75332510117876, 13.707829085795419, 0.0016000000400000006, 104.25601631658992
2025-04-01 17:18:38,901 - 2025-04-01T17:18:38.901353, 3.7605540033910887, 0.0, -2.7605786922965057, -14.170816316559186, 71.7223325308514, 13.922066476536857, 0.0016000000400000006, 104.17081631655918
2025-04-01 17:18:38,940 - 2025-04-01T17:18:38.940825, 3.7586567592284723, 0.0, -2.766133011749636, -14.170416316559031, 71.66554705481155, 14.105890700754218, 0.0016000000400000006, 104.17041631655903
2025-04-01 17:18:38,980 - 2025-04-01T17:18:38.980521, 3.757732893284571, 0.0, -2.771351869068791, -14.08931631652975, 71.6403295226215, 14.277781074430607, 0.0016000000400000006, 104.08931631652975
2025-04-01 17:18:39,040 - 2025-04-01T17:18:39.040750, 3.7561862613880197, 0.0, -2.7781620034122945, -13.997716316496712, 71.59624774867308, 14.502412612612089, 0.0016000000400000006, 103.9977163164967
2025-04-01 17:18:39,100 - 2025-04-01T17:18:39.100954, 3.7544088643226114, 0.0, -2.784630454515293, -13.911016316465442, 71.54427413270083, 14.716072326813489, 0.0016000000400000006, 103.91101631646544
2025-04-01 17:18:39,161 - 2025-04-01T17:18:39.161053, 3.7526617675213836, 0.0, -2.7916637789616088, -13.948816316479132, 71.49384021982951, 14.948210781243594, 0.0016000000400000006, 103.94881631647914
2025-04-01 17:18:39,201 - 2025-04-01T17:18:39.201518, 3.7516559298105, 0.0, -2.796674596310042, -13.92731631647137, 71.465735456448, 15.113364090221832, 0.0016000000400000006, 103.92731631647138
2025-04-01 17:18:39,261 - 2025-04-01T17:18:39.261476, 3.749656696601794, 0.0, -2.804287944231765, -13.89991631646145, 71.40760187656323, 15.364751136431082, 0.0016000000400000006, 103.89991631646146
2025-04-01 17:18:39,304 - 2025-04-01T17:18:39.304022, 3.748398722483432, 0.0, -2.809878785055607, -13.826316316434955, 71.37179744616829, 15.549153037188507, 0.0016000000400000006, 103.82631631643495
2025-04-01 17:18:39,340 - 2025-04-01T17:18:39.340919, 3.7471924198678725, 0.0, -2.815112792506852, -13.695716316387859, 71.33734054386389, 15.721813262415353, 0.0016000000400000006, 103.69571631638786
2025-04-01 17:18:39,380 - 2025-04-01T17:18:39.380671, 3.7455183658080675, 0.0, -2.8208675768646585, -13.61011631635702, 71.28806198407264, 15.911989625555638, 0.0016000000400000006, 103.61011631635702
2025-04-01 17:18:39,420 - 2025-04-01T17:18:39.420339, 3.744141898552012, 0.0, -2.826889647762033, -13.647216316370384, 71.24879264594622, 16.110635507259794, 0.0016000000400000006, 103.6472163163704
2025-04-01 17:18:39,460 - 2025-04-01T17:18:39.460674, 3.7429658962006327, 0.0, -2.832688528556596, -13.630516316364352, 71.21587544674273, 16.30177447271536, 0.0016000000400000006, 103.63051631636435
2025-04-01 17:18:39,501 - 2025-04-01T17:18:39.501523, 3.741417910344567, 0.0, -2.8381533011766984, -13.614816316358759, 71.17044672045822, 16.482326539966067, 0.0016000000400000006, 103.61481631635876
2025-04-01 17:18:39,540 - 2025-04-01T17:18:39.540432, 3.740576016167648, 0.0, -2.843580198466575, -13.505916316319505, 71.14811641945958, 16.660953978340608, 0.0016000000400000006, 103.5059163163195
2025-04-01 17:18:39,580 - 2025-04-01T17:18:39.580277, 3.7392284952162584, 0.0, -2.8488217809838656, -13.372816316271582, 71.10903983209798, 16.833999129342697, 0.0016000000400000006, 103.37281631627158
2025-04-01 17:18:39,621 - 2025-04-01T17:18:39.621077, 3.7378885493309144, 0.0, -2.854204581836986, -13.3216163162531, 71.07034817051161, 17.011663965401958, 0.0016000000400000006, 103.3216163162531
2025-04-01 17:18:39,660 - 2025-04-01T17:18:39.660806, 3.7368537653153644, 0.0, -2.8599958875655034, -13.292416316242628, 71.04205065636529, 17.20241800508228, 0.0016000000400000006, 103.29241631624262
2025-04-01 17:18:39,720 - 2025-04-01T17:18:39.720349, 3.73553789858767, 0.0, -2.867147705149513, -13.149316316191092, 71.00586072444072, 17.43802136724387, 0.0016000000400000006, 103.14931631619109
2025-04-01 17:18:39,762 - 2025-04-01T17:18:39.762192, 3.7342496242051273, 0.0, -2.872173672630037, -13.176116316200726, 70.96851659094486, 17.603944527772576, 0.0016000000400000006, 103.17611631620073
2025-04-01 17:18:39,801 - 2025-04-01T17:18:39.801747, 3.732961349822585, 0.0, -2.877199640110561, -13.075016316164374, 70.93117245744901, 17.769867688301286, 0.0016000000400000006, 103.0750163161644
2025-04-01 17:18:39,860 - 2025-04-01T17:18:39.860500, 3.7315194148911517, 0.0, -2.884641469432274, -13.00931631614072, 70.89113269201772, 18.015095346352435, 0.0016000000400000006, 103.00931631614073
2025-04-01 17:18:39,900 - 2025-04-01T17:18:39.900637, 3.730097497238825, 0.0, -2.889816230314673, -12.996516316136113, 70.84955379923991, 18.18602311771356, 0.0016000000400000006, 102.99651631613611
2025-04-01 17:18:39,940 - 2025-04-01T17:18:39.940594, 3.729129534858167, 0.0, -2.895533139342253, -12.880416316094342, 70.82337366473456, 18.374274851977674, 0.0016000000400000006, 102.88041631609434
2025-04-01 17:18:39,980 - 2025-04-01T17:18:39.980546, 3.728064450578436, 0.0, -2.9007595717274537, -12.813916316070376, 70.79353644748731, 18.546550151429305, 0.0016000000400000006, 102.81391631607038
2025-04-01 17:18:40,040 - 2025-04-01T17:18:40.040363, 3.726288407472542, 0.0, -2.908573384553853, -12.64251631600872, 70.74290978385116, 18.804289336561478, 0.0016000000400000006, 102.64251631600872
2025-04-01 17:18:40,080 - 2025-04-01T17:18:40.080884, 3.7254465132956236, 0.0, -2.9140002818437294, -12.577616315985379, 70.72057948285254, 18.98291677493602, 0.0016000000400000006, 102.57761631598538
2025-04-01 17:18:40,120 - 2025-04-01T17:18:40.120826, 3.724232635614018, 0.0, -2.9190930709591454, -12.511316315961592, 70.68573765477288, 19.150957315105693, 0.0016000000400000006, 102.5113163159616
2025-04-01 17:18:40,161 - 2025-04-01T17:18:40.161334, 3.7231675513342877, 0.0, -2.9243195033443463, -12.48431631595188, 70.65590043752564, 19.323232614557337, 0.0016000000400000006, 102.48431631595187
2025-04-01 17:18:40,200 - 2025-04-01T17:18:40.200494, 3.7223924787922607, 0.0, -2.9296720039332853, -12.445716315937979, 70.63568751616796, 19.499357747515656, 0.0016000000400000006, 102.44571631593797
2025-04-01 17:18:40,243 - 2025-04-01T17:18:40.243777, 3.7213501197106655, 0.0, -2.9353220913259737, -12.2952163158839, 70.60700507624641, 19.68549210213882, 0.0016000000400000006, 102.2952163158839
2025-04-01 17:18:40,300 - 2025-04-01T17:18:40.300440, 3.7196257481075734, 0.0, -2.9427790707797774, -12.12311631582202, 70.55772594070078, 19.93148961174044, 0.0016000000400000006, 102.12311631582202
2025-04-01 17:18:40,340 - 2025-04-01T17:18:40.340889, 3.718835525433456, 0.0, -2.947849134697058, -12.141516315828671, 70.53674316779265, 20.09837537458443, 0.0016000000400000006, 102.14151631582867
2025-04-01 17:18:40,381 - 2025-04-01T17:18:40.381583, 3.717844837854663, 0.0, -2.9531423887171506, -12.052916315796859, 70.5094082559616, 20.272768053677027, 0.0016000000400000006, 102.05291631579688
2025-04-01 17:18:40,440 - 2025-04-01T17:18:40.440458, 3.716135616383661, 0.0, -2.9608818048426127, -11.975016315768833, 70.46089897196643, 20.52800493339299, 0.0016000000400000006, 101.97501631576884
2025-04-01 17:18:40,481 - 2025-04-01T17:18:40.481512, 3.7152117504397597, 0.0, -2.966100662161768, -11.88551631573672, 70.43568143977637, 20.699895307069394, 0.0016000000400000006, 101.88551631573672
2025-04-01 17:18:40,520 - 2025-04-01T17:18:40.520570, 3.713738161284631, 0.0, -2.971632256416762, -11.85591631572609, 70.39275501890805, 20.882564753961056, 0.0016000000400000006, 101.85591631572609
2025-04-01 17:18:40,561 - 2025-04-01T17:18:40.561083, 3.7132531004803084, 0.0, -2.977110825209441, -11.767516315694357, 70.38216639343997, 21.062539720426116, 0.0016000000400000006, 101.76751631569435
2025-04-01 17:18:40,602 - 2025-04-01T17:18:40.602104, 3.7121880162005776, 0.0, -2.982337257594641, -11.627016315643893, 70.35232917619273, 21.234815019877736, 0.0016000000400000006, 101.62701631564389
2025-04-01 17:18:40,640 - 2025-04-01T17:18:40.640948, 3.7109148919501256, 0.0, -2.9876456617468237, -11.646916315651078, 70.31575489424733, 21.409977550520786, 0.0016000000400000006, 101.64691631565108
2025-04-01 17:18:40,681 - 2025-04-01T17:18:40.681370, 3.7102293662411263, 0.0, -2.993347420642314, -11.611116315638222, 70.29881412985632, 21.59745943323446, 0.0016000000400000006, 101.61111631563823
2025-04-01 17:18:40,740 - 2025-04-01T17:18:40.740281, 3.708430597937097, 0.0, -3.0007375784612256, -11.536516315611438, 70.24703268889449, 21.841339563195113, 0.0016000000400000006, 101.53651631561144
2025-04-01 17:18:40,780 - 2025-04-01T17:18:40.780415, 3.707663100461115, 0.0, -3.006231297385994, -11.383516315556534, 70.22720469331206, 22.022084381210618, 0.0016000000400000006, 101.38351631555653
2025-04-01 17:18:40,820 - 2025-04-01T17:18:40.820760, 3.7062336077427434, 0.0, -3.011264839932563, -11.375416315553665, 70.18524087475902, 22.188392467514557, 0.0016000000400000006, 101.37541631555366
2025-04-01 17:18:40,861 - 2025-04-01T17:18:40.861080, 3.7052656453620854, 0.0, -3.016981748960144, -11.317216315532747, 70.15906074025366, 22.3766442017787, 0.0016000000400000006, 101.31721631553275
2025-04-01 17:18:40,901 - 2025-04-01T17:18:40.901266, 3.7040744928786156, 0.0, -3.022498193083048, -11.273016315516905, 70.1253736894997, 22.55854379711989, 0.0016000000400000006, 101.27301631551691
2025-04-01 17:18:40,941 - 2025-04-01T17:18:40.941922, 3.7029728872281735, 0.0, -3.028363895512503, -11.216916315496809, 70.09495879571242, 22.75180014221643, 0.0016000000400000006, 101.2169163154968
2025-04-01 17:18:40,981 - 2025-04-01T17:18:40.981677, 3.7021158429191643, 0.0, -3.033508356130721, -11.096916315453765, 70.07185864316332, 22.921188210476615, 0.0016000000400000006, 101.09691631545377
2025-04-01 17:18:41,041 - 2025-04-01T17:18:41.041903, 3.70030949954909, 0.0, -3.040757295613803, -11.064016315441943, 70.01969227642624, 23.160448655380097, 0.0016000000400000006, 101.06401631544195
2025-04-01 17:18:41,082 - 2025-04-01T17:18:41.082715, 3.699608823708, 0.0, -3.0461766178376344, -10.973716315409568, 70.00198166048477, 23.33869116797941, 0.0016000000400000006, 100.97371631540958
2025-04-01 17:18:41,120 - 2025-04-01T17:18:41.120572, 3.6988413262320186, 0.0, -3.0516703367624034, -10.906316315385402, 69.98215366490234, 23.519435985994928, 0.0016000000400000006, 100.9063163153854
2025-04-01 17:18:41,160 - 2025-04-01T17:18:41.160376, 3.6976653238806394, 0.0, -3.057469217556966, -10.829016315357713, 69.94923646569885, 23.710574951450475, 0.0016000000400000006, 100.8290163153577
2025-04-01 17:18:41,200 - 2025-04-01T17:18:41.200326, 3.6968978264046575, 0.0, -3.0629629364817346, -10.802216315348128, 69.92940847011641, 23.89131976946598, 0.0016000000400000006, 100.80221631534815
2025-04-01 17:18:41,241 - 2025-04-01T17:18:41.241245, 3.6960483571616933, 0.0, -3.068248615435782, -10.712916315316093, 69.90669324334254, 24.065327522783363, 0.0016000000400000006, 100.7129163153161
2025-04-01 17:18:41,300 - 2025-04-01T17:18:41.300262, 3.6950514484763692, 0.0, -3.0747460128434465, -10.536516315252937, 69.88032035807238, 24.279179987749576, 0.0016000000400000006, 100.53651631525294
2025-04-01 17:18:41,380 - 2025-04-01T17:18:41.380325, 3.693949842825927, 0.0, -3.0806117152729016, -10.512116315244192, 69.84990546428509, 24.4724363328461, 0.0016000000400000006, 100.51211631524419
2025-04-01 17:18:41,460 - 2025-04-01T17:18:41.460909, 3.69253685419916, 0.0, -3.0872730562145305, -10.462516315226388, 69.81005844961862, 24.69206326019517, 0.0016000000400000006, 100.4625163152264
2025-04-01 17:18:41,520 - 2025-04-01T17:18:41.520632, 3.6911906872072846, 0.0, -3.093860000455223, -10.281116315161425, 69.77232881459312, 24.90918788212806, 0.0016000000400000006, 100.28111631516143
2025-04-01 17:18:41,560 - 2025-04-01T17:18:41.560931, 3.690356368096411, 0.0, -3.0994281160809285, -10.248016315149577, 69.75038343936973, 25.09243500555977, 0.0016000000400000006, 100.24801631514958
2025-04-01 17:18:41,600 - 2025-04-01T17:18:41.600780, 3.689871307292088, 0.0, -3.1049066848736073, -10.199616315132243, 69.73979481390163, 25.272409972024832, 0.0016000000400000006, 100.19961631513225
2025-04-01 17:18:41,640 - 2025-04-01T17:18:41.640387, 3.688189678166238, 0.0, -3.110520250895584, -10.174416315123235, 69.69013132833518, 25.45796665010793, 0.0016000000400000006, 100.17441631512324
2025-04-01 17:18:41,680 - 2025-04-01T17:18:41.680865, 3.6869103328092554, 0.0, -3.1170327984353388, -10.194916315130554, 69.65451907295065, 25.672588966624595, 0.0016000000400000006, 100.19491631513056
2025-04-01 17:18:41,720 - 2025-04-01T17:18:41.720661, 3.6861882857295445, 0.0, -3.1233738273750835, -10.137316315109972, 69.6370006320196, 25.881051894983162, 0.0016000000400000006, 100.13731631510997
2025-04-01 17:18:41,760 - 2025-04-01T17:18:41.760245, 3.685473813715879, 0.0, -3.129856074650658, -10.134316315108848, 69.61986711686379, 26.094134508398916, 0.0016000000400000006, 100.13431631510885
2025-04-01 17:18:41,800 - 2025-04-01T17:18:41.800862, 3.684431454634284, 0.0, -3.135506162043346, -10.130116315107355, 69.59118467694225, 26.28026886302208, 0.0016000000400000006, 100.13011631510736
2025-04-01 17:18:41,860 - 2025-04-01T17:18:41.860380, 3.683271956374509, 0.0, -3.142932841232969, -10.171916315122306, 69.56038428162529, 26.52472666952277, 0.0016000000400000006, 100.1719163151223
2025-04-01 17:18:41,900 - 2025-04-01T17:18:41.900919, 3.681716395452398, 0.0, -3.148256395517242, -10.140216315110957, 69.51457062956555, 26.700659051716283, 0.0016000000400000006, 100.14021631511096
2025-04-01 17:18:41,961 - 2025-04-01T17:18:41.961003, 3.6806161437614704, 0.0, -3.1554674596700982, -10.240516315146893, 69.48550268811437, 26.93799486774361, 0.0016000000400000006, 100.24051631514689
2025-04-01 17:18:42,021 - 2025-04-01T17:18:42.021380, 3.679531042202633, 0.0, -3.1629609604946136, -10.231116315143515, 69.45720459821364, 27.18457005388528, 0.0016000000400000006, 100.23111631514351
2025-04-01 17:18:42,061 - 2025-04-01T17:18:42.061339, 3.67839913628801, 0.0, -3.168261789580751, -10.254016315151723, 69.42525000132541, 27.35934765875312, 0.0016000000400000006, 100.25401631515173
2025-04-01 17:18:42,120 - 2025-04-01T17:18:42.120440, 3.6771803914593884, 0.0, -3.175904083807141, -10.23291631514417, 69.39271715214274, 27.610927455727193, 0.0016000000400000006, 100.23291631514417
2025-04-01 17:18:42,162 - 2025-04-01T17:18:42.162211, 3.676494865750389, 0.0, -3.181605842702631, -10.22481631514125, 69.37577638775174, 27.798409338440862, 0.0016000000400000006, 100.22481631514125
2025-04-01 17:18:42,220 - 2025-04-01T17:18:42.220548, 3.6750605058850008, 0.0, -3.1891888903601737, -10.224216315141016, 69.33612154809569, 28.048256681549198, 0.0016000000400000006, 100.22421631514102
2025-04-01 17:18:42,262 - 2025-04-01T17:18:42.262259, 3.673712984933611, 0.0, -3.194430472877464, -10.31131631517224, 69.2970449607341, 28.221301832551273, 0.0016000000400000006, 100.31131631517223
2025-04-01 17:18:42,300 - 2025-04-01T17:18:42.300453, 3.6732430742613786, 0.0, -3.200191478341801, -10.170916315121914, 69.28722618681647, 28.41051616913068, 0.0016000000400000006, 100.17091631512191
2025-04-01 17:18:42,341 - 2025-04-01T17:18:42.341539, 3.6720367716458187, 0.0, -3.2054254857930466, -10.155816315116558, 69.25276928451206, 28.58317639435754, 0.0016000000400000006, 100.15581631511655
2025-04-01 17:18:42,400 - 2025-04-01T17:18:42.400591, 3.6703124000427265, 0.0, -3.2128824652468504, -10.12851631510678, 69.20349014896641, 28.829173903959163, 0.0016000000400000006, 100.12851631510678
2025-04-01 17:18:42,440 - 2025-04-01T17:18:42.440870, 3.6694553557337173, 0.0, -3.218026925865068, -10.138216315110274, 69.18038999641732, 28.998561972219356, 0.0016000000400000006, 100.13821631511027
2025-04-01 17:18:42,483 - 2025-04-01T17:18:42.483397, 3.6681973816153555, 0.0, -3.2236177666889096, -10.159216315117789, 69.14458556602239, 29.18296387297677, 0.0016000000400000006, 100.15921631511779
2025-04-01 17:18:42,520 - 2025-04-01T17:18:42.520934, 3.667273515671454, 0.0, -3.228836624008065, -10.195916315130896, 69.11936803383232, 29.354854246653172, 0.0016000000400000006, 100.1959163151309
2025-04-01 17:18:42,560 - 2025-04-01T17:18:42.560803, 3.6662676779605703, 0.0, -3.233847441356499, -10.130016315107316, 69.09126327045081, 29.520007555631413, 0.0016000000400000006, 100.13001631510731
2025-04-01 17:18:42,600 - 2025-04-01T17:18:42.600339, 3.665403058585516, 0.0, -3.238850683638887, -10.106616315098911, 69.06777819212647, 29.68477593883442, 0.0016000000400000006, 100.1066163150989
2025-04-01 17:18:42,640 - 2025-04-01T17:18:42.640484, 3.6644047959406776, 0.0, -3.24400271932315, -10.111616315100768, 69.0400583545202, 29.854548932869832, 0.0016000000400000006, 100.11161631510078
2025-04-01 17:18:42,680 - 2025-04-01T17:18:42.680364, 3.6632577398939645, 0.0, -3.249021111737629, -10.13511631510911, 69.00733390608153, 30.020087167623313, 0.0016000000400000006, 100.13511631510912
2025-04-01 17:18:42,720 - 2025-04-01T17:18:42.720675, 3.6624750922858924, 0.0, -3.2542323939907387, -10.196216315131013, 68.98673605894862, 30.19159261552447, 0.0016000000400000006, 100.19621631513101
2025-04-01 17:18:42,780 - 2025-04-01T17:18:42.780657, 3.6614189370317214, 0.0, -3.26094540643517, -10.166816315120462, 68.95863071981273, 30.412567070964062, 0.0016000000400000006, 100.16681631512046
2025-04-01 17:18:42,840 - 2025-04-01T17:18:42.840289, 3.660103070304027, 0.0, -3.2680972240191792, -10.075616315087835, 68.92244078788815, 30.64817043312564, 0.0016000000400000006, 100.07561631508784
2025-04-01 17:18:42,901 - 2025-04-01T17:18:42.901281, 3.6588161498809986, 0.0, -3.274468553223105, -10.051916315079364, 68.88644360672839, 30.858173064585134, 0.0016000000400000006, 100.05191631507937
2025-04-01 17:18:42,960 - 2025-04-01T17:18:42.960522, 3.6574624078230786, 0.0, -3.2809142791279675, -10.028016315070763, 68.84832904592767, 31.070678001460834, 0.0016000000400000006, 100.02801631507076
2025-04-01 17:18:43,020 - 2025-04-01T17:18:43.020349, 3.6557380362199865, 0.0, -3.2883712585817713, -10.036116315073683, 68.79904991038204, 31.31667551106247, 0.0016000000400000006, 100.03611631507368
2025-04-01 17:18:43,082 - 2025-04-01T17:18:43.082159, 3.654586113026257, 0.0, -3.2959391561072238, -10.01251631506525, 68.76863444084034, 31.565753002620347, 0.0016000000400000006, 100.01251631506527
2025-04-01 17:18:43,140 - 2025-04-01T17:18:43.140574, 3.653174478359004, 0.0, -3.3039458587722543, -9.976716315052446, 68.73013437850997, 31.829459400900202, 0.0016000000400000006, 99.97671631505244
2025-04-01 17:18:43,200 - 2025-04-01T17:18:43.200364, 3.6518358864331737, 0.0, -3.3106740213487758, -9.96731631504907, 68.6927896692597, 32.05120370789026, 0.0016000000400000006, 99.96731631504908
2025-04-01 17:18:43,261 - 2025-04-01T17:18:43.261874, 3.650668813107354, 0.0, -3.3179594822025695, -9.970916315050378, 68.66160434816754, 32.2910418293338, 0.0016000000400000006, 99.97091631505037
2025-04-01 17:18:43,320 - 2025-04-01T17:18:43.320889, 3.6495382611522453, 0.0, -3.3246056730121083, -9.972916315051059, 68.63099670361544, 32.509898905132395, 0.0016000000400000006, 99.97291631505107
2025-04-01 17:18:43,380 - 2025-04-01T17:18:43.380500, 3.6482375445566415, 0.0, -3.3320399272677763, -9.946416315041594, 68.59557662324133, 32.75474163740833, 0.0016000000400000006, 99.94641631504159
2025-04-01 17:18:43,440 - 2025-04-01T17:18:43.440817, 3.646929252894992, 0.0, -3.339332963187615, -9.949716315042783, 68.559771617092, 32.99496468462709, 0.0016000000400000006, 99.94971631504278
2025-04-01 17:18:43,500 - 2025-04-01T17:18:43.500393, 3.6454204963286663, 0.0, -3.346849189210266, -9.878416315017242, 68.51761447201972, 33.24269464809445, 0.0016000000400000006, 99.87841631501725
2025-04-01 17:18:43,541 - 2025-04-01T17:18:43.541317, 3.644563452019657, 0.0, -3.3519936498284837, -9.932716315036684, 68.49451431947062, 33.41208271635465, 0.0016000000400000006, 99.93271631503669
2025-04-01 17:18:43,581 - 2025-04-01T17:18:43.581646, 3.644063241083244, 0.0, -3.3571897819495033, -9.926516315034458, 68.48315584245208, 33.58281831270535, 0.0016000000400000006, 99.92651631503446
2025-04-01 17:18:43,640 - 2025-04-01T17:18:43.640700, 3.642703277918793, 0.0, -3.364839651241938, -9.948116315042208, 68.44600330821223, 33.83478303545465, 0.0016000000400000006, 99.94811631504223
2025-04-01 17:18:43,707 - 2025-04-01T17:18:43.707871, 3.6414404366534145, 0.0, -3.372979997176753, -9.921216315032586, 68.41250785671429, 34.10272419301648, 0.0016000000400000006, 99.92121631503258
2025-04-01 17:18:43,760 - 2025-04-01T17:18:43.760904, 3.640018519001088, 0.0, -3.3781547580591518, -9.9445163150409, 68.37092896393648, 34.273651964377585, 0.0016000000400000006, 99.9445163150409
2025-04-01 17:18:44,020 - 2025-04-01T17:18:44.020599, 3.6393329932920886, 0.0, -3.3838565169546415, -9.857416315009727, 68.35398819954548, 34.46113384709124, 0.0016000000400000006, 99.85741631500973
2025-04-01 17:18:44,101 - 2025-04-01T17:18:44.101121, 3.638068798067196, 0.0, -3.3906515011660554, -9.831116315000338, 68.31914579571142, 34.68499553372228, 0.0016000000400000006, 99.83111631500036
2025-04-01 17:18:44,141 - 2025-04-01T17:18:44.141360, 3.636989917614889, 0.0, -3.3969408586029983, -9.864716315012332, 68.2898856792498, 34.89211093399034, 0.0016000000400000006, 99.86471631501233
2025-04-01 17:18:44,180 - 2025-04-01T17:18:44.180784, 3.635563132815546, 0.0, -3.40466512459637, -9.89921631502468, 68.25061576536899, 35.146577962155845, 0.0016000000400000006, 99.89921631502467
2025-04-01 17:18:44,221 - 2025-04-01T17:18:44.221107, 3.63453863178507, 0.0, -3.41328837210752, -9.907216315027558, 68.22539708167011, 35.430110628754925, 0.0016000000400000006, 99.90721631502755
2025-04-01 17:18:44,260 - 2025-04-01T17:18:44.260648, 3.6329644075433665, 0.0, -3.4222243565545094, -9.99221631505796, 68.18246950929299, 35.724422368569286, 0.0016000000400000006, 99.99221631505796
2025-04-01 17:18:44,301 - 2025-04-01T17:18:44.301361, 3.6312930614025904, 0.0, -3.4306698643591185, -10.062816315083278, 68.13588485417397, 36.002757673571146, 0.0016000000400000006, 100.06281631508328
2025-04-01 17:18:44,340 - 2025-04-01T17:18:44.340235, 3.6300074949390764, 0.0, -3.438386555286445, -10.155316315116362, 68.1012346253503, 36.256839775961424, 0.0016000000400000006, 100.15531631511637
2025-04-01 17:18:44,380 - 2025-04-01T17:18:44.380435, 3.628699203277427, 0.0, -3.445679591206284, -10.181216315125646, 68.06542961920097, 36.49706282318019, 0.0016000000400000006, 100.18121631512565
2025-04-01 17:18:44,422 - 2025-04-01T17:18:44.422020, 3.6275748724288497, 0.0, -3.451121638628251, -10.183216315126378, 68.03385994808798, 36.676460113105186, 0.0016000000400000006, 100.18321631512637
2025-04-01 17:18:44,462 - 2025-04-01T17:18:44.462108, 3.62638371994538, 0.0, -3.456638082751155, -10.171816315122268, 68.00017289733404, 36.858359708446386, 0.0016000000400000006, 100.17181631512227
2025-04-01 17:18:44,501 - 2025-04-01T17:18:44.501542, 3.625891084075012, 0.0, -3.4619754332080044, -10.238416315146122, 67.98919934609073, 37.033714989854275, 0.0016000000400000006, 100.23841631514613
2025-04-01 17:18:44,561 - 2025-04-01T17:18:44.560991, 3.6246420389822096, 0.0, -3.4690528540910766, -10.224416315141093, 67.95512679380712, 37.26681604659965, 0.0016000000400000006, 100.22441631514111
2025-04-01 17:18:44,621 - 2025-04-01T17:18:44.621125, 3.623437090326164, 0.0, -3.4756322232657233, -10.240516315146893, 67.9220168438388, 37.4835557427573, 0.0016000000400000006, 100.24051631514689
2025-04-01 17:18:44,680 - 2025-04-01T17:18:44.680385, 3.622232141670118, 0.0, -3.48221159244037, -10.262216315154681, 67.88890689387048, 37.70029543891493, 0.0016000000400000006, 100.26221631515469
2025-04-01 17:18:44,741 - 2025-04-01T17:18:44.741186, 3.62081293193682, 0.0, -3.4900770767695715, -10.279616315160888, 67.85002190576489, 37.95938215213762, 0.0016000000400000006, 100.27961631516091
2025-04-01 17:18:44,780 - 2025-04-01T17:18:44.780207, 3.619822244358027, 0.0, -3.495370330789664, -10.34651631518481, 67.82268699393386, 38.13377483123023, 0.0016000000400000006, 100.34651631518481
2025-04-01 17:18:44,822 - 2025-04-01T17:18:44.822310, 3.618579420371755, 0.0, -3.501243608285164, -10.376216315195478, 67.78765241508938, 38.327416102101985, 0.0016000000400000006, 100.37621631519548
2025-04-01 17:18:44,860 - 2025-04-01T17:18:44.860539, 3.6176190330571423, 0.0, -3.5071017356485736, -10.38271631519777, 67.76185720635925, 38.520287521423285, 0.0016000000400000006, 100.38271631519777
2025-04-01 17:18:44,900 - 2025-04-01T17:18:44.900443, 3.616383784136916, 0.0, -3.5131162314799034, -10.470316315229189, 67.72720755329001, 38.71854847735223, 0.0016000000400000006, 100.47031631522918
2025-04-01 17:18:44,940 - 2025-04-01T17:18:44.940647, 3.6152821784864737, 0.0, -3.5189819339093584, -10.419716315211044, 67.69679265950272, 38.91180482244876, 0.0016000000400000006, 100.41971631521105
2025-04-01 17:18:44,980 - 2025-04-01T17:18:44.980508, 3.614863939317043, 0.0, -3.5243861060010993, -10.506416315242111, 67.6883214136756, 39.0892774834976, 0.0016000000400000006, 100.5064163152421
2025-04-01 17:18:45,021 - 2025-04-01T17:18:45.020956, 3.6134420216647163, 0.0, -3.529560866883498, -10.568916315264511, 67.6467425208978, 39.26020525485872, 0.0016000000400000006, 100.56891631526453
2025-04-01 17:18:45,063 - 2025-04-01T17:18:45.063589, 3.612325265882184, 0.0, -3.5351441326412942, -10.57481631526662, 67.61555777556006, 39.4442222298409, 0.0016000000400000006, 100.57481631526662
2025-04-01 17:18:45,100 - 2025-04-01T17:18:45.100186, 3.611557768406202, 0.0, -3.540637851566063, -10.706616315313829, 67.5957297799776, 39.62496704785641, 0.0016000000400000006, 100.70661631531382
2025-04-01 17:18:45,163 - 2025-04-01T17:18:45.163695, 3.6104285704106083, 0.0, -3.548629404099003, -10.825016315356246, 67.56646908776162, 39.88790359458582, 0.0016000000400000006, 100.82501631535627
2025-04-01 17:18:45,201 - 2025-04-01T17:18:45.201105, 3.6092966644959854, 0.0, -3.553930233185141, -11.007716315421769, 67.53451449087339, 40.06268119945364, 0.0016000000400000006, 101.00771631542179
2025-04-01 17:18:45,242 - 2025-04-01T17:18:45.242237, 3.60776382877201, 0.0, -3.559677442476902, -11.051416315437415, 67.48985561613934, 40.2524726368187, 0.0016000000400000006, 101.05141631543742
2025-04-01 17:18:45,280 - 2025-04-01T17:18:45.280329, 3.606847537894154, 0.0, -3.5650375181318865, -11.19621631548936, 67.46502300972449, 40.428982695552264, 0.0016000000400000006, 101.19621631548938
2025-04-01 17:18:45,320 - 2025-04-01T17:18:45.320663, 3.605276826839953, 0.0, -3.5700786357445007, -11.487916315594026, 67.41843950611428, 40.59567570763143, 0.0016000000400000006, 101.48791631559402
2025-04-01 17:18:45,360 - 2025-04-01T17:18:45.360480, 3.6044122074648985, 0.0, -3.5750818780268894, -11.643316315649768, 67.39495442778995, 40.760444090834454, 0.0016000000400000006, 101.64331631564977
2025-04-01 17:18:45,424 - 2025-04-01T17:18:45.424012, 3.602397824124102, 0.0, -3.5824127892769537, -12.187616315845204, 67.33605099635473, 41.002591766929356, 0.0016000000400000006, 102.1876163158452
2025-04-01 17:18:45,480 - 2025-04-01T17:18:45.480642, 3.6000114572786197, 0.0, -3.589409592352558, -12.655716316013484, 67.26463603783849, 41.23415254481941, 0.0016000000400000006, 102.65571631601348
2025-04-01 17:18:45,540 - 2025-04-01T17:18:45.540544, 3.597573418930336, 0.0, -3.596763228800758, -13.123616316181838, 67.19187355123174, 41.47745499824001, 0.0016000000400000006, 103.12361631618184
2025-04-01 17:18:45,602 - 2025-04-01T17:18:45.602400, 3.595209777282989, 0.0, -3.60418368688385, -13.643716316369115, 67.12161337004122, 41.72287483130158, 0.0016000000400000006, 103.64371631636911
2025-04-01 17:18:45,642 - 2025-04-01T17:18:45.642557, 3.5934978478929587, 0.0, -3.60923237956251, -14.002416316498401, 67.07041018137383, 41.88995276915599, 0.0016000000400000006, 104.0024163164984
2025-04-01 17:18:45,700 - 2025-04-01T17:18:45.700573, 3.5907697978069706, 0.0, -3.6164599478069706, -14.544116316693888, 66.98802339887749, 42.129405389069866, 0.0016000000400000006, 104.54411631669389
2025-04-01 17:18:45,741 - 2025-04-01T17:18:45.741051, 3.588998621848093, 0.0, -3.6217242555223965, -14.999816316858478, 66.93508775634436, 42.30360531739764, 0.0016000000400000006, 104.99981631685849
2025-04-01 17:18:45,781 - 2025-04-01T17:18:45.781657, 3.586945009217557, 0.0, -3.627003713369913, -15.333316316979062, 66.87291274369687, 42.478575097275886, 0.0016000000400000006, 105.33331631697907
2025-04-01 17:18:45,840 - 2025-04-01T17:18:45.840820, 3.583898001089199, 0.0, -3.634885701790719, -16.07061631724594, 66.78070891454615, 42.73977861438514, 0.0016000000400000006, 106.07061631724594
2025-04-01 17:18:45,880 - 2025-04-01T17:18:45.880301, 3.5821860716991685, 0.0, -3.6399343944693787, -16.474116317392216, 66.72950572587877, 42.906856552239546, 0.0016000000400000006, 106.47411631739222
2025-04-01 17:18:45,921 - 2025-04-01T17:18:45.921367, 3.5799092689658205, 0.0, -3.645013387412219, -16.90371631754811, 66.65982379698266, 43.07547419319487, 0.0016000000400000006, 106.90371631754812
2025-04-01 17:18:45,963 - 2025-04-01T17:18:45.963218, 3.5778480812692393, 0.0, -3.650151626923906, -17.442216317743767, 66.59726385855996, 43.245824288015925, 0.0016000000400000006, 107.44221631774379
2025-04-01 17:18:46,003 - 2025-04-01T17:18:46.003447, 3.575540978271711, 0.0, -3.6546657465234285, -17.940716317925126, 66.52604222656295, 43.39596318874255, 0.0016000000400000006, 107.94071631792512
2025-04-01 17:18:46,043 - 2025-04-01T17:18:46.043329, 3.573428119072328, 0.0, -3.6601608194077113, -18.399616318092296, 66.46213476004974, 43.57805495909415, 0.0016000000400000006, 108.39961631809231
2025-04-01 17:18:46,080 - 2025-04-01T17:18:46.080878, 3.571107219902223, 0.0, -3.665737864058977, -19.104916318349687, 66.39149022883836, 43.763033960637216, 0.0016000000400000006, 109.1049163183497
2025-04-01 17:18:46,120 - 2025-04-01T17:18:46.120316, 3.5682806939576484, 0.0, -3.671129593937656, -19.799216318603587, 66.30409941126402, 43.94243067480781, 0.0016000000400000006, 109.79921631860358
2025-04-01 17:18:46,162 - 2025-04-01T17:18:46.162147, 3.5655285647140103, 0.0, -3.6765881454512277, -20.56911631888573, 66.21921089910589, 44.12394476861938, 0.0016000000400000006, 110.56911631888575
2025-04-01 17:18:46,200 - 2025-04-01T17:18:46.200828, 3.5627096138354806, 0.0, -3.6821210936657365, -21.38211631918445, 66.1322050073068, 44.30796116784716, 0.0016000000400000006, 111.38211631918445
2025-04-01 17:18:46,242 - 2025-04-01T17:18:46.242016, 3.559675047920184, 0.0, -3.6875947953113983, -22.298916319522213, 66.0380771250343, 44.49024511320919, 0.0016000000400000006, 112.29891631952222
2025-04-01 17:18:46,281 - 2025-04-01T17:18:46.281070, 3.5563731954653193, 0.0, -3.693366083760809, -23.230916319866743, 65.93547972419792, 44.68253828023604, 0.0016000000400000006, 113.23091631986675
2025-04-01 17:18:46,322 - 2025-04-01T17:18:46.322037, 3.5530120964416074, 0.0, -3.6993529872469866, -24.218016320232863, 65.8311498694958, 44.881953437736264, 0.0016000000400000006, 114.21801632023286
2025-04-01 17:18:46,360 - 2025-04-01T17:18:46.360889, 3.5496434223518505, 0.0, -3.705198672397335, -25.19611632059703, 65.72643508901847, 45.076748910179326, 0.0016000000400000006, 115.19611632059703
2025-04-01 17:18:46,400 - 2025-04-01T17:18:46.400385, 3.5461927764951113, 0.0, -3.7108363175769616, -26.223716320981, 65.61883307734968, 45.26480731792423, 0.0016000000400000006, 116.223716320981
2025-04-01 17:18:46,440 - 2025-04-01T17:18:46.440549, 3.5424142435704424, 0.0, -3.7156418028737024, -27.214516321352896, 65.49968214091518, 45.42591746687653, 0.0016000000400000006, 117.21451632135289
2025-04-01 17:18:46,461 - 2025-04-01T17:18:46.461442, 3.5405962632557797, 0.0, -3.718713438850751, -27.72681632154572, 65.44308999139454, 45.528319813930466, 0.0016000000400000006, 117.72681632154571
2025-04-01 17:18:46,500 - 2025-04-01T17:18:46.500380, 3.5371594135716165, 0.0, -3.723288158978635, -28.750216321932268, 65.33491087894012, 45.681538120858924, 0.0016000000400000006, 118.75021632193227
2025-04-01 17:18:46,540 - 2025-04-01T17:18:46.540224, 3.5335434702213977, 0.0, -3.727164362493417, -29.785316322325077, 65.22018745255237, 45.81204292827674, 0.0016000000400000006, 119.78531632232507
2025-04-01 17:18:46,580 - 2025-04-01T17:18:46.580378, 3.5296829655297466, 0.0, -3.7317618078194363, -30.886016322744762, 65.09814928492642, 45.966416012530885, 0.0016000000400000006, 120.88601632274477
2025-04-01 17:18:46,620 - 2025-04-01T17:18:46.620726, 3.525621995933419, 0.0, -3.7365824432482677, -31.981716323164825, 64.96975897837754, 46.12829601303366, 0.0016000000400000006, 121.98171632316482
2025-04-01 17:18:46,660 - 2025-04-01T17:18:46.660422, 3.5216354230380285, 0.0, -3.741469900311991, -33.011416323561676, 64.84387097724489, 46.29229339317741, 0.0016000000400000006, 123.01141632356168
2025-04-01 17:18:46,681 - 2025-04-01T17:18:46.681585, 3.51930424088285, 0.0, -3.7442150031806243, -33.60501632379144, 64.77014761558607, 46.3844937678017, 0.0016000000400000006, 123.60501632379145
2025-04-01 17:18:46,720 - 2025-04-01T17:18:46.720502, 3.515339039226081, 0.0, -3.748180753528434, -34.6943163242149, 64.644067439443, 46.518270732186174, 0.0016000000400000006, 124.6943163242149
2025-04-01 17:18:46,741 - 2025-04-01T17:18:46.741243, 3.5133268151132726, 0.0, -3.7502714362207223, -35.189316324408175, 64.58016112443858, 46.58872020961511, 0.0016000000400000006, 125.18931632440817
2025-04-01 17:18:46,760 - 2025-04-01T17:18:46.760705, 3.5111809477306806, 0.0, -3.752510912314885, -35.84501632466501, 64.51202005015223, 46.66417429787645, 0.0016000000400000006, 125.84501632466501
2025-04-01 17:18:46,800 - 2025-04-01T17:18:46.800687, 3.5070001310371444, 0.0, -3.756417416093848, -36.9405163250962, 64.37881788353576, 46.79621880839519, 0.0016000000400000006, 126.9405163250962
2025-04-01 17:18:46,822 - 2025-04-01T17:18:46.822549, 3.504905935157354, 0.0, -3.758300058815415, -37.45541632529981, 64.31202433733992, 46.859931221125976, 0.0016000000400000006, 127.45541632529981
2025-04-01 17:18:46,841 - 2025-04-01T17:18:46.841295, 3.5026629458756893, 0.0, -3.7600490582671977, -38.20531632559752, 64.24022618031168, 46.91940887457481, 0.0016000000400000006, 128.20531632559752
2025-04-01 17:18:46,880 - 2025-04-01T17:18:46.880908, 3.498482129182153, 0.0, -3.7639555620461604, -39.32921632604619, 64.1070240136952, 47.05145338509354, 0.0016000000400000006, 129.3292163260462
2025-04-01 17:18:46,900 - 2025-04-01T17:18:46.900343, 3.4963135366014253, 0.0, -3.765771383132835, -39.909916326279195, 64.03772816208316, 47.11304841818335, 0.0016000000400000006, 129.9099163262792
2025-04-01 17:18:46,922 - 2025-04-01T17:18:46.922529, 3.4937212890132097, 0.0, -3.7676099294176453, -40.60191632655805, 63.954573255299586, 47.17579822859885, 0.0016000000400000006, 130.60191632655804
2025-04-01 17:18:46,940 - 2025-04-01T17:18:46.940510, 3.491447999467364, 0.0, -3.7687940555261106, -41.18681632679473, 63.88123539517041, 47.21679714181897, 0.0016000000400000006, 131.1868163267947
2025-04-01 17:18:46,964 - 2025-04-01T17:18:46.964856, 3.4890562167838244, 0.0, -3.770409411708109, -41.75401632702509, 63.804432627309744, 47.27204003598587, 0.0016000000400000006, 131.75401632702508
2025-04-01 17:18:46,981 - 2025-04-01T17:18:46.981778, 3.486731255735177, 0.0, -3.77195037118917, -42.36891632727582, 63.72974723909005, 47.32478062473655, 0.0016000000400000006, 132.36891632727583
2025-04-01 17:18:47,000 - 2025-04-01T17:18:47.000557, 3.4844062946865297, 0.0, -3.773491330670231, -43.03181632754729, 63.65506185087038, 47.377521213487235, 0.0016000000400000006, 133.0318163275473
2025-04-01 17:18:47,021 - 2025-04-01T17:18:47.021772, 3.4816198033001684, 0.0, -3.774348923670281, -43.76431632784872, 63.56459277860301, 47.40831815427774, 0.0016000000400000006, 133.76431632784872
2025-04-01 17:18:47,041 - 2025-04-01T17:18:47.041038, 3.4792872671854758, 0.0, -3.775748664815513, -44.36901632809871, 63.48952246460809, 47.45643905797125, 0.0016000000400000006, 134.36901632809872
2025-04-01 17:18:47,063 - 2025-04-01T17:18:47.063745, 3.476813512734954, 0.0, -3.77715598102679, -45.112716328407636, 63.40983246555599, 47.50494488744, 0.0016000000400000006, 135.11271632840763
2025-04-01 17:18:47,080 - 2025-04-01T17:18:47.080380, 3.4744885516863064, 0.0, -3.778696940507851, -45.61071632861546, 63.33514707733631, 47.557685476190684, 0.0016000000400000006, 135.61071632861547
2025-04-01 17:18:47,100 - 2025-04-01T17:18:47.100540, 3.4720223723018298, 0.0, -3.7802454750549574, -46.326016328915244, 63.25584200405945, 47.6108109907166, 0.0016000000400000006, 136.32601632891524
2025-04-01 17:18:47,140 - 2025-04-01T17:18:47.140647, 3.466970166435668, 0.0, -3.7824284124993017, -47.577416329443636, 63.09241999743813, 47.6872265297844, 0.0016000000400000006, 137.57741632944362
2025-04-01 17:18:47,161 - 2025-04-01T17:18:47.161948, 3.464548083487948, 0.0, -3.783478895337983, -48.133516329680084, 63.01407752647655, 47.72399068372259, 0.0016000000400000006, 138.13351632968008
2025-04-01 17:18:47,180 - 2025-04-01T17:18:47.180501, 3.4617615921015865, 0.0, -3.784336488338033, -48.994316330048115, 62.92360845420917, 47.75478762451309, 0.0016000000400000006, 138.99431633004812
2025-04-01 17:18:47,200 - 2025-04-01T17:18:47.200703, 3.459205865884082, 0.0, -3.7855357645785883, -49.64101633032622, 62.84103122396566, 47.79655638928369, 0.0016000000400000006, 139.6410163303262
2025-04-01 17:18:47,221 - 2025-04-01T17:18:47.221014, 3.4565164963967936, 0.0, -3.786883834221018, -50.51991633070663, 62.75421923444017, 47.843329764886676, 0.0016000000400000006, 140.51991633070662
2025-04-01 17:18:47,240 - 2025-04-01T17:18:47.240379, 3.4537300050104323, 0.0, -3.787741427221068, -51.050316330937484, 62.66375016217282, 47.87412670567716, 0.0016000000400000006, 141.05031633093748
2025-04-01 17:18:47,261 - 2025-04-01T17:18:47.261778, 3.4509510886901165, 0.0, -3.7887402385569473, -51.948016331330564, 62.573666015680686, 47.90954333152485, 0.0016000000400000006, 141.94801633133056
2025-04-01 17:18:47,301 - 2025-04-01T17:18:47.301256, 3.4454297774201956, 0.0, -3.790098591184451, -53.33971633194598, 62.39407539923645, 47.9593955375753, 0.0016000000400000006, 143.339716331946
2025-04-01 17:18:47,320 - 2025-04-01T17:18:47.320801, 3.4424276709970676, 0.0, -3.790896937615654, -54.12011633229432, 62.296484336495695, 47.98846002450004, 0.0016000000400000006, 144.12011633229432
2025-04-01 17:18:47,340 - 2025-04-01T17:18:47.340391, 3.439492386208832, 0.0, -3.7916208873459194, -54.94281633266422, 62.20101065339592, 48.01502220600859, 0.0016000000400000006, 144.94281633266422
2025-04-01 17:18:47,361 - 2025-04-01T17:18:47.360973, 3.436333911317784, 0.0, -3.792144372171509, -55.74291633302659, 62.09803005404753, 48.035232248594234, 0.0016000000400000006, 145.74291633302659
2025-04-01 17:18:47,380 - 2025-04-01T17:18:47.380413, 3.4333986265295486, 0.0, -3.792868321901775, -56.413516333332375, 62.00255637094775, 48.0617944301028, 0.0016000000400000006, 146.4135163333324
2025-04-01 17:18:47,401 - 2025-04-01T17:18:47.401035, 3.4303889450403755, 0.0, -3.7935254499971482, -57.25811633372027, 61.904580382431774, 48.08623923197037, 0.0016000000400000006, 147.25811633372027
2025-04-01 17:18:47,420 - 2025-04-01T17:18:47.420297, 3.427320016982356, 0.0, -3.7943981931292883, -58.065316334093865, 61.80487194005007, 48.11780602431132, 0.0016000000400000006, 148.06531633409386
2025-04-01 17:18:47,443 - 2025-04-01T17:18:47.443684, 3.4244136784987864, 0.0, -3.79434165447947, -58.98131633452144, 61.709591007715105, 48.11876747511779, 0.0016000000400000006, 148.98131633452144
2025-04-01 17:18:47,460 - 2025-04-01T17:18:47.460918, 3.421738105184074, 0.0, -3.794626799070157, -59.645316334833794, 61.62220191740399, 48.13070074990436, 0.0016000000400000006, 149.6453163348338
2025-04-01 17:18:47,480 - 2025-04-01T17:18:47.480276, 3.418988135168424, 0.0, -3.7948451220259525, -60.3246163351555, 61.53231052167666, 48.14051664504995, 0.0016000000400000006, 150.3246163351555
2025-04-01 17:18:47,500 - 2025-04-01T17:18:47.500820, 3.4160225501160077, 0.0, -3.795004198412901, -61.2100163355781, 61.43529713547596, 48.1486000863298, 0.0016000000400000006, 151.2100163355781
2025-04-01 17:18:47,520 - 2025-04-01T17:18:47.520416, 3.41299636453523, 0.0, -3.7940335281132143, -61.83281633587778, 61.33520434307342, 48.119726047152234, 0.0016000000400000006, 151.8328163358778
2025-04-01 17:18:47,541 - 2025-04-01T17:18:47.541043, 3.4103573125912288, 0.0, -3.793679402659647, -62.66141633627941, 61.24839292930235, 48.110678276293896, 0.0016000000400000006, 152.66141633627942
2025-04-01 17:18:47,560 - 2025-04-01T17:18:47.560700, 3.407621138748155, 0.0, -3.7928348005636994, -63.35551633661862, 61.15792443278938, 48.08565407062304, 0.0016000000400000006, 153.35551633661862
2025-04-01 17:18:47,580 - 2025-04-01T17:18:47.580342, 3.4047072251985404, 0.0, -3.792637043578052, -64.13721633700371, 61.0622585746792, 48.08199583637234, 0.0016000000400000006, 154.1372163370037
2025-04-01 17:18:47,600 - 2025-04-01T17:18:47.600345, 3.4018752834159085, 0.0, -3.7926473265631255, -64.77991633732272, 60.96947994776044, 48.08507466681978, 0.0016000000400000006, 154.77991633732273
2025-04-01 17:18:47,620 - 2025-04-01T17:18:47.620220, 3.399081216963502, 0.0, -3.7933637012273462, -65.48811633767693, 60.87862594971784, 48.11125192255311, 0.0016000000400000006, 155.48811633767693
2025-04-01 17:18:47,641 - 2025-04-01T17:18:47.640954, 3.3964938365223025, 0.0, -3.7926527424011827, -66.08331633797678, 60.79316206403728, 48.0904624761642, 0.0016000000400000006, 156.08331633797678
2025-04-01 17:18:47,660 - 2025-04-01T17:18:47.660571, 3.393446279702904, 0.0, -3.7926037788174094, -66.92021633840191, 60.693261446645145, 48.0918088527459, 0.0016000000400000006, 156.92021633840193
2025-04-01 17:18:47,700 - 2025-04-01T17:18:47.700885, 3.3880648328092984, 0.0, -3.792609194655467, -68.19321633905646, 60.51694356292201, 48.09719666209033, 0.0016000000400000006, 158.19321633905645
2025-04-01 17:18:47,723 - 2025-04-01T17:18:47.723414, 3.3852618373313326, 0.0, -3.7918389892604565, -68.68131633931003, 60.424357686768076, 48.074674761835674, 0.0016000000400000006, 158.68131633931003
2025-04-01 17:18:47,740 - 2025-04-01T17:18:47.740684, 3.3825270174477726, 0.0, -3.7923397488879105, -69.49391633973552, 60.33523614259119, 48.09373002709562, 0.0016000000400000006, 159.4939163397355
2025-04-01 17:18:47,763 - 2025-04-01T17:18:47.763738, 3.379115052189733, 0.0, -3.7920978954655062, -70.10201634005666, 60.223208923893274, 48.08910919052964, 0.0016000000400000006, 160.10201634005665
2025-04-01 17:18:47,780 - 2025-04-01T17:18:47.780639, 3.376609643515516, 0.0, -3.7915949766100643, -70.73271634039226, 60.14063226940416, 48.07505680883888, 0.0016000000400000006, 160.73271634039224
2025-04-01 17:18:47,800 - 2025-04-01T17:18:47.800215, 3.374260603309219, 0.0, -3.791366919360236, -71.25851634067408, 60.06344515152268, 48.069858871487256, 0.0016000000400000006, 161.25851634067408
2025-04-01 17:18:47,820 - 2025-04-01T17:18:47.820583, 3.3715409335577498, 0.0, -3.7921501156593487, -71.97141634105913, 59.975093458896275, 48.09815350686155, 0.0016000000400000006, 161.97141634105913
2025-04-01 17:18:47,860 - 2025-04-01T17:18:47.860878, 3.3669172498460926, 0.0, -3.791760822794584, -73.02691634163565, 59.82322152854952, 48.08987501179926, 0.0016000000400000006, 163.02691634163565
2025-04-01 17:18:47,901 - 2025-04-01T17:18:47.900993, 3.362910110980555, 0.0, -3.7909843962930427, -73.58881634194576, 59.69117586652197, 48.068315138105476, 0.0016000000400000006, 163.58881634194574
2025-04-01 17:18:47,960 - 2025-04-01T17:18:47.960392, 3.3568163513012714, 0.0, -3.792231830848898, -74.10901634223491, 59.4927215840738, 48.11508736219967, 0.0016000000400000006, 164.1090163422349
2025-04-01 17:18:48,020 - 2025-04-01T17:18:48.020695, 3.3503065116805453, 0.0, -3.7936432089387178, -74.74671634259212, 59.28079317222934, 48.167634048676724, 0.0016000000400000006, 164.74671634259212
2025-04-01 17:18:48,060 - 2025-04-01T17:18:48.060587, 3.3454155414293196, 0.0, -3.7935515028777025, -75.23741634286905, 59.12045172331868, 48.16936477527926, 0.0016000000400000006, 165.23741634286904
2025-04-01 17:18:48,100 - 2025-04-01T17:18:48.100853, 3.3403330352989773, 0.0, -3.7951695669787293, -75.75241634316166, 58.955490013596446, 48.22730157411836, 0.0016000000400000006, 165.75241634316166
2025-04-01 17:18:48,161 - 2025-04-01T17:18:48.161437, 3.334483836961127, 0.0, -3.795695759723347, -76.26081634345253, 58.764350472386475, 48.250205521376195, 0.0016000000400000006, 166.26081634345252
2025-04-01 17:18:48,221 - 2025-04-01T17:18:48.221133, 3.329147840463792, 0.0, -3.7965484855763805, -76.50981634359574, 58.59034214331471, 48.28331144106368, 0.0016000000400000006, 166.50981634359573
2025-04-01 17:18:48,280 - 2025-04-01T17:18:48.280800, 3.3233137922580323, 0.0, -3.797357114992657, -76.71151634371206, 58.39997245365521, 48.31545475843588, 0.0016000000400000006, 166.71151634371205
2025-04-01 17:18:48,340 - 2025-04-01T17:18:48.340252, 3.3164546943307553, 0.0, -3.7988580399155047, -77.07911634392498, 58.17668729205541, 48.3712736018796, 0.0016000000400000006, 167.07911634392497
2025-04-01 17:18:48,402 - 2025-04-01T17:18:48.401942, 3.3087848077592135, 0.0, -3.7997651451903685, -77.45821634414567, 57.926261696652624, 48.4084209543298, 0.0016000000400000006, 167.45821634414568
2025-04-01 17:18:48,443 - 2025-04-01T17:18:48.443290, 3.3019668417722317, 0.0, -3.8125938372437447, -77.4675163441511, 57.71529185684261, 48.83535430544854, 0.0016000000400000006, 167.46751634415108
2025-04-01 17:18:48,480 - 2025-04-01T17:18:48.480539, 3.2963484086032384, 0.0, -3.813461713228868, -77.6439163442542, 57.53204415765649, 48.86923007668648, 0.0016000000400000006, 167.6439163442542
2025-04-01 17:18:48,521 - 2025-04-01T17:18:48.521081, 3.2908119472012274, 0.0, -3.8145376291847133, -77.71041634429318, 57.3516836896618, 48.909842912622565, 0.0016000000400000006, 167.71041634429318
2025-04-01 17:18:48,560 - 2025-04-01T17:18:48.560215, 3.2849930491275576, 0.0, -3.8156286952726486, -77.82921634436282, 57.16208385155276, 48.95122560010912, 0.0016000000400000006, 167.8292163443628
2025-04-01 17:18:48,600 - 2025-04-01T17:18:48.600439, 3.2788765642501385, 0.0, -3.816452474821016, -77.83091634436384, 56.96247479177889, 48.98413876903178, 0.0016000000400000006, 167.83091634436386
2025-04-01 17:18:48,640 - 2025-04-01T17:18:48.640284, 3.2732140346443885, 0.0, -3.8178184025145647, -77.85191634437615, 56.77826449027748, 49.034375900857455, 0.0016000000400000006, 167.85191634437615
2025-04-01 17:18:48,680 - 2025-04-01T17:18:48.680679, 3.2674922584697916, 0.0, -3.81939994524488, -77.8610163443815, 56.59232173491035, 49.091735023156495, 0.0016000000400000006, 167.86101634438148
2025-04-01 17:18:48,720 - 2025-04-01T17:18:48.720644, 3.262289905242241, 0.0, -3.820103877696039, -77.90561634440762, 56.422548165120524, 49.11983633201157, 0.0016000000400000006, 167.90561634440763
2025-04-01 17:18:48,762 - 2025-04-01T17:18:48.762134, 3.2567685939723203, 0.0, -3.821462230323543, -78.00741634446744, 56.24295754867629, 49.16968853806202, 0.0016000000400000006, 168.00741634446746
2025-04-01 17:18:48,801 - 2025-04-01T17:18:48.801047, 3.251745334410825, 0.0, -3.822864679387803, -77.95171634443474, 56.079728292819794, 49.22050334642773, 0.0016000000400000006, 167.95171634443474
2025-04-01 17:18:48,861 - 2025-04-01T17:18:48.861004, 3.244802910757051, 0.0, -3.822812202616528, -77.95821634443855, 55.85220894769246, 49.22550565424252, 0.0016000000400000006, 167.95821634443857
2025-04-01 17:18:48,920 - 2025-04-01T17:18:48.920375, 3.2395199397220327, 0.0, -3.8246534568203665, -77.97131634444628, 55.68089509904732, 49.290949369330235, 0.0016000000400000006, 167.97131634444628
2025-04-01 17:18:48,980 - 2025-04-01T17:18:48.980561, 3.2334930016776413, 0.0, -3.825826494675284, -78.08651634451407, 55.484558196240116, 49.33521928800821, 0.0016000000400000006, 168.08651634451405
2025-04-01 17:18:49,041 - 2025-04-01T17:18:49.041108, 3.226916340422023, 0.0, -3.8273122694660415, -78.0871163445144, 55.27051240475469, 49.390268279901484, 0.0016000000400000006, 168.0871163445144
2025-04-01 17:18:49,100 - 2025-04-01T17:18:49.100759, 3.2196260124212133, 0.0, -3.828694701251195, -78.1118163445289, 55.03298326220815, 49.44262221561372, 0.0016000000400000006, 168.1118163445289
2025-04-01 17:18:49,140 - 2025-04-01T17:18:49.140961, 3.214097126085247, 0.0, -3.829911835542869, -78.16041634455762, 54.85300771998868, 49.48785473660698, 0.0016000000400000006, 168.16041634455763
2025-04-01 17:18:49,182 - 2025-04-01T17:18:49.182402, 3.208404296215316, 0.0, -3.8307128898931007, -78.19941634458058, 54.66725771538635, 49.519613128203936, 0.0016000000400000006, 168.19941634458058
2025-04-01 17:18:49,221 - 2025-04-01T17:18:49.221182, 3.202801013178413, 0.0, -3.8318632025498833, -78.3043163446425, 54.48477986775069, 49.562728269556246, 0.0016000000400000006, 168.3043163446425
2025-04-01 17:18:49,260 - 2025-04-01T17:18:49.260665, 3.1964323918935165, 0.0, -3.8332670055736577, -78.48031634474661, 54.27747114096342, 49.61489003025806, 0.0016000000400000006, 168.48031634474663
2025-04-01 17:18:49,300 - 2025-04-01T17:18:49.300508, 3.190107867045376, 0.0, -3.834172756889007, -78.58741634481005, 54.071125016491415, 49.65069043037216, 0.0016000000400000006, 168.58741634481004
2025-04-01 17:18:49,340 - 2025-04-01T17:18:49.340698, 3.184266243773571, 0.0, -3.8348401679694546, -78.70121634487764, 53.88037040105667, 49.67821406268718, 0.0016000000400000006, 168.70121634487765
2025-04-01 17:18:49,381 - 2025-04-01T17:18:49.381175, 3.178195209292423, 0.0, -3.8365112575327975, -78.79631634493413, 53.68307089593421, 49.73884534195289, 0.0016000000400000006, 168.79631634493413
2025-04-01 17:18:49,420 - 2025-04-01T17:18:49.420643, 3.1729852809988275, 0.0, -3.837073971648127, -78.90921634500141, 53.512912400369146, 49.76232696575078, 0.0016000000400000006, 168.90921634500143
2025-04-01 17:18:49,462 - 2025-04-01T17:18:49.462046, 3.1676492845014925, 0.0, -3.8379266975011603, -79.0402163450795, 53.338904071297364, 49.79543288543826, 0.0016000000400000006, 169.0402163450795
2025-04-01 17:18:49,500 - 2025-04-01T17:18:49.500642, 3.162187219800419, 0.0, -3.8390694350918975, -79.17241634515852, 53.16104590871889, 49.838163101015326, 0.0016000000400000006, 169.17241634515852
2025-04-01 17:18:49,542 - 2025-04-01T17:18:49.542753, 3.1567175800333, 0.0, -3.8400709543468055, -79.34311634526073, 52.98280282036517, 49.87627363153523, 0.0016000000400000006, 169.34311634526074
2025-04-01 17:18:49,600 - 2025-04-01T17:18:49.600263, 3.149211636995723, 0.0, -3.841394139563112, -79.58661634540701, 52.73815168734524, 49.92689511338171, 0.0016000000400000006, 169.586616345407
2025-04-01 17:18:49,640 - 2025-04-01T17:18:49.640500, 3.1438604903662983, 0.0, -3.8419644287444865, -79.7435163455015, 52.56337350672301, 49.95076166295483, 0.0016000000400000006, 169.74351634550152
2025-04-01 17:18:49,680 - 2025-04-01T17:18:49.680611, 3.138806930540622, 0.0, -3.8428020044654296, -79.7937163455318, 52.3986045477656, 49.98309773109185, 0.0016000000400000006, 169.7937163455318
2025-04-01 17:18:49,721 - 2025-04-01T17:18:49.721347, 3.133627302511207, 0.0, -3.8439295919240766, -79.9354163456174, 52.229985755301456, 50.02505809511845, 0.0016000000400000006, 169.9354163456174
2025-04-01 17:18:49,761 - 2025-04-01T17:18:49.761637, 3.1280681159110606, 0.0, -3.8445818528724334, -80.07601634570251, 52.04847050998108, 50.051811875883004, 0.0016000000400000006, 170.0760163457025
2025-04-01 17:18:49,802 - 2025-04-01T17:18:49.801950, 3.1229401593844472, 0.0, -3.8453526069584845, -80.29171634583342, 51.881199245607455, 50.08203056437905, 0.0016000000400000006, 170.29171634583344
2025-04-01 17:18:49,840 - 2025-04-01T17:18:49.840944, 3.1173217262154536, 0.0, -3.846220482943608, -80.47491634594495, 51.69795154642132, 50.11590633561699, 0.0016000000400000006, 170.47491634594496
2025-04-01 17:18:49,880 - 2025-04-01T17:18:49.880526, 3.112044976286966, 0.0, -3.8468575937598746, -80.64891634605118, 51.5256756712153, 50.14189026483109, 0.0016000000400000006, 170.64891634605118
2025-04-01 17:18:49,920 - 2025-04-01T17:18:49.920938, 3.1064782146207746, 0.0, -3.8473686363724022, -80.81941634615548, 51.3437755001197, 50.16402436053848, 0.0016000000400000006, 170.81941634615552
2025-04-01 17:18:49,960 - 2025-04-01T17:18:49.960892, 3.1008446313196907, 0.0, -3.8479540756858674, -80.96741634624624, 51.15975794938311, 50.188660761662064, 0.0016000000400000006, 170.96741634624624
2025-04-01 17:18:50,001 - 2025-04-01T17:18:50.001179, 3.095693949594942, 0.0, -3.8483011747644302, -81.14071634635286, 50.991331907683794, 50.20502039498658, 0.0016000000400000006, 171.14071634635286
2025-04-01 17:18:50,041 - 2025-04-01T17:18:50.041946, 3.090350378031562, 0.0, -3.849012682281634, -81.40231634651418, 50.81693865283679, 50.233506629616876, 0.0016000000400000006, 171.40231634651417
2025-04-01 17:18:50,081 - 2025-04-01T17:18:50.081222, 3.0852968182058857, 0.0, -3.849850258002577, -81.5777163466228, 50.652169693879365, 50.2658426977539, 0.0016000000400000006, 171.5777163466228
2025-04-01 17:18:50,121 - 2025-04-01T17:18:50.121007, 3.080138561415092, 0.0, -3.8500561387453107, -81.74791634672836, 50.483358726404816, 50.27758264602124, 0.0016000000400000006, 171.74791634672835
2025-04-01 17:18:50,160 - 2025-04-01T17:18:50.160350, 3.0745717997489006, 0.0, -3.8505671813578384, -81.90841634682818, 50.301458555309225, 50.29971674172862, 0.0016000000400000006, 171.90841634682818
2025-04-01 17:18:50,201 - 2025-04-01T17:18:50.201104, 3.0690718597176008, 0.0, -3.851003827269429, -82.14101634697336, 50.12167576385456, 50.3193485320198, 0.0016000000400000006, 172.14101634697334
2025-04-01 17:18:50,240 - 2025-04-01T17:18:50.240284, 3.0635794947523465, 0.0, -3.8515816915168486, -82.40761634714029, 49.94227789817516, 50.34360000736817, 0.0016000000400000006, 172.40761634714028
2025-04-01 17:18:50,280 - 2025-04-01T17:18:50.280329, 3.0580203081521997, 0.0, -3.8522339524652054, -82.66901634730469, 49.76076265285477, 50.37035378813271, 0.0016000000400000006, 172.6690163473047
2025-04-01 17:18:50,321 - 2025-04-01T17:18:50.321514, 3.0522303563831965, 0.0, -3.852544530173057, -82.87531634743488, 49.57135556551055, 50.38613574491718, 0.0016000000400000006, 172.87531634743488
2025-04-01 17:18:50,362 - 2025-04-01T17:18:50.362551, 3.0464479796802384, 0.0, -3.8529963262167377, -83.20331634764277, 49.382333403941566, 50.406537386758835, 0.0016000000400000006, 173.20331634764278
2025-04-01 17:18:50,400 - 2025-04-01T17:18:50.400675, 3.0414233661592287, 0.0, -3.8530534135575967, -83.38701634775957, 49.21775719574896, 50.41327272419376, 0.0016000000400000006, 173.38701634775958
2025-04-01 17:18:50,442 - 2025-04-01T17:18:50.442595, 3.0360205480270017, 0.0, -3.853980536111567, -83.56191634787115, 49.04163148703621, 50.44888094929743, 0.0016000000400000006, 173.56191634787115
2025-04-01 17:18:50,480 - 2025-04-01T17:18:50.480434, 3.0304462112947648, 0.0, -3.8543503603882656, -83.80131634802437, 48.85934639016538, 50.46639535994765, 0.0016000000400000006, 173.80131634802441
2025-04-01 17:18:50,520 - 2025-04-01T17:18:50.520558, 3.0247230811606536, 0.0, -3.8545865413951796, -84.09781634821493, 48.67205668246213, 50.47967501131592, 0.0016000000400000006, 174.09781634821493
2025-04-01 17:18:50,560 - 2025-04-01T17:18:50.560351, 3.01893312939165, 0.0, -3.8548971191030312, -84.37031634839086, 48.48264959511789, 50.49545696810038, 0.0016000000400000006, 174.37031634839087
2025-04-01 17:18:50,600 - 2025-04-01T17:18:50.600514, 3.0134772857971073, 0.0, -3.854835713306196, -84.51701634848588, 48.30382940597855, 50.49872739780382, 0.0016000000400000006, 174.51701634848587
2025-04-01 17:18:50,640 - 2025-04-01T17:18:50.640712, 3.008036592334655, 0.0, -3.8550567441810197, -84.90031634873525, 48.125779068389654, 50.51123719762162, 0.0016000000400000006, 174.90031634873526
2025-04-01 17:18:50,680 - 2025-04-01T17:18:50.680243, 3.002462255602418, 0.0, -3.8554265684577183, -85.0931163488612, 47.943493971518805, 50.52875160827183, 0.0016000000400000006, 175.0931163488612
2025-04-01 17:18:50,721 - 2025-04-01T17:18:50.721222, 2.996880343804136, 0.0, -3.855655174398587, -85.41381634907164, 47.760823948872726, 50.54164633386487, 0.0016000000400000006, 175.41381634907162
2025-04-01 17:18:50,760 - 2025-04-01T17:18:50.760387, 2.9913425284426105, 0.0, -3.8553857286310307, -85.6150163492042, 47.579116528541924, 50.53817969887016, 0.0016000000400000006, 175.6150163492042
2025-04-01 17:18:50,800 - 2025-04-01T17:18:50.800873, 2.986043053315987, 0.0, -3.8555991844398094, -85.76251634930168, 47.4056858760102, 50.55030457291273, 0.0016000000400000006, 175.76251634930168
2025-04-01 17:18:50,841 - 2025-04-01T17:18:50.841418, 2.980245526480939, 0.0, -3.8557685438118314, -86.09351634952128, 47.21589386289076, 50.561466844640016, 0.0016000000400000006, 176.09351634952128
2025-04-01 17:18:50,881 - 2025-04-01T17:18:50.881283, 2.974730436317549, 0.0, -3.8559227530517632, -86.24501634962216, 47.035341219885645, 50.57185926481685, 0.0016000000400000006, 176.24501634962218
2025-04-01 17:18:50,921 - 2025-04-01T17:18:50.921218, 2.96956460446071, 0.0, -3.8559874154586673, -86.58441634984912, 46.86614532663588, 50.578979528027006, 0.0016000000400000006, 176.58441634984914
2025-04-01 17:18:50,960 - 2025-04-01T17:18:50.960527, 2.9642651293340867, 0.0, -3.856200871267446, -86.84991635002754, 46.69271467410416, 50.591104402069575, 0.0016000000400000006, 176.84991635002754
2025-04-01 17:18:51,000 - 2025-04-01T17:18:51.000680, 2.9590249007763103, 0.0, -3.856198712039458, -87.02071635014269, 46.52101647543818, 50.596107285638766, 0.0016000000400000006, 177.0207163501427
2025-04-01 17:18:51,040 - 2025-04-01T17:18:51.040504, 2.954015437387391, 0.0, -3.8565382360519758, -87.2449163502944, 46.35721011879603, 50.612081993188056, 0.0016000000400000006, 177.2449163502944
2025-04-01 17:18:51,101 - 2025-04-01T17:18:51.100980, 2.948343978756081, 0.0, -3.856417583686294, -87.48881635046008, 46.17126793918329, 50.61361996902577, 0.0016000000400000006, 177.48881635046007
2025-04-01 17:18:51,160 - 2025-04-01T17:18:51.160880, 2.9424872053521858, 0.0, -3.8568025580950827, -87.6819163505917, 45.979743472198095, 50.63190423122644, 0.0016000000400000006, 177.6819163505917
2025-04-01 17:18:51,220 - 2025-04-01T17:18:51.220402, 2.936153751478486, 0.0, -3.8562217293512013, -88.05661635084839, 45.77166546961475, 50.61900547535256, 0.0016000000400000006, 178.0566163508484
2025-04-01 17:18:51,261 - 2025-04-01T17:18:51.261353, 2.9310774664546746, 0.0, -3.856635650064656, -88.27411635099813, 45.60574173333164, 50.63748248831806, 0.0016000000400000006, 178.27411635099813
2025-04-01 17:18:51,300 - 2025-04-01T17:18:51.300929, 2.925881334333655, 0.0, -3.8561354391282427, -88.4976163511526, 45.43500613698094, 50.62612401129951, 0.0016000000400000006, 178.4976163511526
2025-04-01 17:18:51,341 - 2025-04-01T17:18:51.341793, 2.920143054067453, 0.0, -3.8560891834634985, -88.607916351229, 45.24694657772723, 50.63016429255343, 0.0016000000400000006, 178.607916351229
2025-04-01 17:18:51,381 - 2025-04-01T17:18:51.381287, 2.914122337129593, 0.0, -3.856058077930844, -88.85861635140324, 45.04964764835916, 50.63497442535778, 0.0016000000400000006, 178.85861635140324
2025-04-01 17:18:51,420 - 2025-04-01T17:18:51.420731, 2.908361331665256, 0.0, -3.8555881672586114, -89.22041635165608, 44.86043331177976, 50.62515565144018, 0.0016000000400000006, 179.22041635165607
2025-04-01 17:18:51,460 - 2025-04-01T17:18:51.460226, 2.902325464595305, 0.0, -3.855274625054298, -89.44421635181322, 44.66236453086123, 50.62072641413019, 0.0016000000400000006, 179.44421635181322
2025-04-01 17:18:51,500 - 2025-04-01T17:18:51.500861, 2.896638855831905, 0.0, -3.854871536016958, -89.80871635207058, 44.47565249969802, 50.613025019853545, 0.0016000000400000006, 179.80871635207058
2025-04-01 17:18:51,540 - 2025-04-01T17:18:51.540426, 2.89110104047038, 0.0, -3.8546020902494016, -90.03961627082067, 44.293945079367234, 50.60955838485885, 0.0016000000400000006, 180.0396162708207
2025-04-01 17:18:51,580 - 2025-04-01T17:18:51.580927, 2.8854144317069803, 0.0, -3.854199001212061, -90.2175162709468, 44.10723304820404, 50.601856990582206, 0.0016000000400000006, 180.21751627094682
2025-04-01 17:18:51,620 - 2025-04-01T17:18:51.620834, 2.8801514779510686, 0.0, -3.8537731869765848, -90.42721627109492, 43.93438007221236, 50.59300081897985, 0.0016000000400000006, 180.42721627109492
2025-04-01 17:18:51,660 - 2025-04-01T17:18:51.660424, 2.8746136625895433, 0.0, -3.8535037412090287, -90.60271627121848, 43.75267265188158, 50.589534183985165, 0.0016000000400000006, 180.60271627121847
2025-04-01 17:18:51,700 - 2025-04-01T17:18:51.700855, 2.8694919271694608, 0.0, -3.8530703519075074, -90.73631627131235, 43.58443936094707, 50.58029308660758, 0.0016000000400000006, 180.73631627131235
2025-04-01 17:18:51,742 - 2025-04-01T17:18:51.742831, 2.8644521635163605, 0.0, -3.8528450025767076, -91.0223162715125, 43.41909330120401, 50.57778905392817, 0.0016000000400000006, 181.0223162715125
2025-04-01 17:18:51,782 - 2025-04-01T17:18:51.782781, 2.85890677308879, 0.0, -3.852434338473322, -91.25041627167137, 43.23700095509798, 50.569702733876284, 0.0016000000400000006, 181.25041627167138
2025-04-01 17:18:51,820 - 2025-04-01T17:18:51.820486, 2.8537106409677704, 0.0, -3.851934127536909, -91.41351627178463, 43.06626535874728, 50.55834425685775, 0.0016000000400000006, 181.41351627178463
2025-04-01 17:18:51,860 - 2025-04-01T17:18:51.860213, 2.848314043942074, 0.0, -3.8516571067033074, -91.72001627199657, 42.88917762347365, 50.55449269608783, 0.0016000000400000006, 181.72001627199657
2025-04-01 17:18:51,900 - 2025-04-01T17:18:51.900383, 2.8429766934852254, 0.0, -3.851164470832939, -91.99001627218239, 42.71382234206579, 50.5435191448445, 0.0016000000400000006, 181.9900162721824
2025-04-01 17:18:51,940 - 2025-04-01T17:18:51.940446, 2.837297659787871, 0.0, -3.850902600131428, -92.31881627240755, 42.52749523667783, 50.54043743562504, 0.0016000000400000006, 182.31881627240756
2025-04-01 17:18:51,980 - 2025-04-01T17:18:51.980677, 2.8318342411272823, 0.0, -3.8506999759987637, -92.4108162724703, 42.34829012176321, 50.53908818027131, 0.0016000000400000006, 182.4108162724703
2025-04-01 17:18:52,021 - 2025-04-01T17:18:52.021317, 2.826407343837406, 0.0, -3.8498580818218446, -92.62081627261324, 42.16966268338869, 50.51675787927266, 0.0016000000400000006, 182.62081627261324
2025-04-01 17:18:52,061 - 2025-04-01T17:18:52.061217, 2.820802706840989, 0.0, -3.8496630327552257, -92.81381627274416, 41.98583788341692, 50.51579354969417, 0.0016000000400000006, 182.81381627274416
2025-04-01 17:18:52,102 - 2025-04-01T17:18:52.102811, 2.8153317131143556, 0.0, -3.849319190286732, -92.96621627284723, 41.8062478427271, 50.509824609283264, 0.0016000000400000006, 182.96621627284725
2025-04-01 17:18:52,141 - 2025-04-01T17:18:52.141708, 2.809629954218865, 0.0, -3.848633664577733, -93.27421627305478, 41.61876596001342, 50.49288384489227, 0.0016000000400000006, 183.27421627305478
2025-04-01 17:18:52,182 - 2025-04-01T17:18:52.182901, 2.8041589604922317, 0.0, -3.848289822109239, -93.44921627317218, 41.439175919323596, 50.48691490448136, 0.0016000000400000006, 183.44921627317217
2025-04-01 17:18:52,220 - 2025-04-01T17:18:52.220363, 2.7986135700646617, 0.0, -3.8478791580058536, -93.65971627331302, 41.2570835732176, 50.47882858442949, 0.0016000000400000006, 183.65971627331302
2025-04-01 17:18:52,260 - 2025-04-01T17:18:52.260872, 2.7931122760738476, 0.0, -3.8469704421940425, -93.95201627350774, 41.07595382942684, 50.45438090378988, 0.0016000000400000006, 183.95201627350775
2025-04-01 17:18:52,300 - 2025-04-01T17:18:52.300307, 2.7872844489746185, 0.0, -3.846574928222747, -94.10121627360681, 40.88462211320646, 50.44706443528846, 0.0016000000400000006, 184.1012162736068
2025-04-01 17:18:52,340 - 2025-04-01T17:18:52.340615, 2.7821475634224457, 0.0, -3.8458591022495674, -94.37451627378762, 40.71561897072151, 50.42858396779654, 0.0016000000400000006, 184.3745162737876
2025-04-01 17:18:52,380 - 2025-04-01T17:18:52.380449, 2.7767282411986143, 0.0, -3.845158426408478, -94.51931627388308, 40.537376458122196, 50.41087335185509, 0.0016000000400000006, 184.51931627388308
2025-04-01 17:18:52,421 - 2025-04-01T17:18:52.421344, 2.7715321090775946, 0.0, -3.8446582154720645, -94.70851627400754, 40.366640861771494, 50.39951487483654, 0.0016000000400000006, 184.70851627400754
2025-04-01 17:18:52,460 - 2025-04-01T17:18:52.460756, 2.7662615802556374, 0.0, -3.844091182900759, -94.81291627407602, 40.19340296000458, 50.38603901817703, 0.0016000000400000006, 184.81291627407603
2025-04-01 17:18:52,500 - 2025-04-01T17:18:52.500566, 2.7609759013015904, 0.0, -3.843241713657795, -94.91411627414227, 40.01939520668723, 50.363323791403154, 0.0016000000400000006, 184.91411627414226
2025-04-01 17:18:52,540 - 2025-04-01T17:18:52.540428, 2.7556461259107863, 0.0, -3.8428902961232563, -95.11491627427347, 39.84442485105457, 50.35696992521702, 0.0016000000400000006, 185.11491627427347
2025-04-01 17:18:52,580 - 2025-04-01T17:18:52.580535, 2.750516815424659, 0.0, -3.8423156884859058, -95.20151627432993, 39.67580663434485, 50.34310914278228, 0.0016000000400000006, 185.20151627432998
2025-04-01 17:18:52,621 - 2025-04-01T17:18:52.621070, 2.745246286602702, 0.0, -3.841748655914601, -95.28631627438514, 39.50256873257794, 50.329633286122785, 0.0016000000400000006, 185.28631627438514
2025-04-01 17:18:52,661 - 2025-04-01T17:18:52.661201, 2.7398421145109606, 0.0, -3.8413304167451696, -95.438516274484, 39.32509607152909, 50.321162040295654, 0.0016000000400000006, 185.43851627448402
2025-04-01 17:18:52,700 - 2025-04-01T17:18:52.700631, 2.7346308322578508, 0.0, -3.8405477691370975, -95.44441627448785, 39.15359062362793, 50.300564193162764, 0.0016000000400000006, 185.44441627448785
2025-04-01 17:18:52,741 - 2025-04-01T17:18:52.741472, 2.729367878501939, 0.0, -3.8401219549016217, -95.5986162745878, 38.98073764763626, 50.291708021560424, 0.0016000000400000006, 185.5986162745878
2025-04-01 17:18:52,780 - 2025-04-01T17:18:52.780351, 2.7243646362195504, 0.0, -3.8392573355265673, -95.73521627467612, 38.81596926443325, 50.2682229432361, 0.0016000000400000006, 185.73521627467613
2025-04-01 17:18:52,820 - 2025-04-01T17:18:52.820812, 2.718826820858025, 0.0, -3.838987889759011, -95.80341627472015, 38.63426184410245, 50.2647563082414, 0.0016000000400000006, 185.80341627472015
2025-04-01 17:18:52,860 - 2025-04-01T17:18:52.860850, 2.7135335668379326, 0.0, -3.8379972021802176, -95.87801627476826, 38.459869165009856, 50.237421396410355, 0.0016000000400000006, 185.87801627476824
2025-04-01 17:18:52,900 - 2025-04-01T17:18:52.900434, 2.708121819680146, 0.0, -3.8374377446749577, -95.90761627478733, 38.28201157818577, 50.22433046552609, 0.0016000000400000006, 185.90761627478733
2025-04-01 17:18:52,941 - 2025-04-01T17:18:52.941223, 2.7026508259535134, 0.0, -3.8370939022064636, -95.95291627481647, 38.102421537495964, 50.218361525115164, 0.0016000000400000006, 185.95291627481646
2025-04-01 17:18:52,981 - 2025-04-01T17:18:52.981846, 2.697491215203205, 0.0, -3.8359544212257957, -96.048516274878, 37.932263617685294, 50.18602200245171, 0.0016000000400000006, 186.048516274878
2025-04-01 17:18:53,020 - 2025-04-01T17:18:53.020494, 2.6920718929793734, 0.0, -3.835253745384706, -96.13201627493163, 37.75402110508598, 50.168311386510254, 0.0016000000400000006, 186.13201627493163
2025-04-01 17:18:53,060 - 2025-04-01T17:18:53.060422, 2.6863701340838833, 0.0, -3.834568219675707, -96.2008162749758, 37.56653922237233, 50.15137062211925, 0.0016000000400000006, 186.2008162749758
2025-04-01 17:18:53,101 - 2025-04-01T17:18:53.101305, 2.6812924951005574, 0.0, -3.8336367786657606, -96.22941627499407, 37.39926853375311, 50.12576816415396, 0.0016000000400000006, 186.22941627499407
2025-04-01 17:18:53,141 - 2025-04-01T17:18:53.140949, 2.675457092935283, 0.0, -3.833100046358636, -96.32031627505232, 37.2075518917575, 50.113832010595374, 0.0016000000400000006, 186.32031627505236
2025-04-01 17:18:53,180 - 2025-04-01T17:18:53.180435, 2.6699709490765597, 0.0, -3.8324737672184837, -96.39681627510123, 37.02719199951722, 50.098623700070114, 0.0016000000400000006, 186.39681627510123
2025-04-01 17:18:53,220 - 2025-04-01T17:18:53.220372, 2.6642616151150245, 0.0, -3.831647023173655, -96.30521627504264, 36.83932519102832, 50.077063250621926, 0.0016000000400000006, 186.30521627504268
2025-04-01 17:18:53,263 - 2025-04-01T17:18:53.263157, 2.659139879694942, 0.0, -3.831213633872134, -96.28831627503185, 36.67109190009382, 50.06782215324437, 0.0016000000400000006, 186.28831627503183
2025-04-01 17:18:53,301 - 2025-04-01T17:18:53.301264, 2.653936172507877, 0.0, -3.830572204599891, -96.32501627505533, 36.49997137796789, 50.05184399116864, 0.0016000000400000006, 186.32501627505533
2025-04-01 17:18:53,340 - 2025-04-01T17:18:53.340818, 2.6486063971170735, 0.0, -3.830220787065352, -96.341716275066, 36.32500102233526, 50.0454901249825, 0.0016000000400000006, 186.341716275066
2025-04-01 17:18:53,381 - 2025-04-01T17:18:53.381089, 2.643253896528134, 0.0, -3.8294457145233256, -96.40881627510888, 36.14887588937691, 50.02527720362485, 0.0016000000400000006, 186.40881627510888
2025-04-01 17:18:53,420 - 2025-04-01T17:18:53.420644, 2.637983367706177, 0.0, -3.82887868195202, -96.47901627515374, 35.97563798761, 50.01180134696533, 0.0016000000400000006, 186.47901627515375
2025-04-01 17:18:53,460 - 2025-04-01T17:18:53.460778, 2.632772085453067, 0.0, -3.8280960343439485, -96.50881627517279, 35.80413253970885, 49.99120349983245, 0.0016000000400000006, 186.5088162751728
2025-04-01 17:18:53,500 - 2025-04-01T17:18:53.500261, 2.6275759533320473, 0.0, -3.827595823407535, -96.59541627522799, 35.63339694335815, 49.9798450228139, 0.0016000000400000006, 186.595416275228
2025-04-01 17:18:53,540 - 2025-04-01T17:18:53.540468, 2.621807372801665, 0.0, -3.826984694399473, -96.55341627520126, 35.44379768100351, 49.96540656383911, 0.0016000000400000006, 186.55341627520124
2025-04-01 17:18:53,580 - 2025-04-01T17:18:53.580795, 2.616410775775969, 0.0, -3.8267076735658714, -96.57191627521303, 35.266709945729886, 49.961555003069165, 0.0016000000400000006, 186.57191627521303
2025-04-01 17:18:53,620 - 2025-04-01T17:18:53.620820, 2.6108426601502632, 0.0, -3.825873354454998, -96.49881627516643, 35.08346282229817, 49.93960962784577, 0.0016000000400000006, 186.49881627516643
2025-04-01 17:18:53,661 - 2025-04-01T17:18:53.661188, 2.605602431592487, 0.0, -3.82587119522701, -96.36631627508174, 34.91176462363219, 49.94461251141496, 0.0016000000400000006, 186.36631627508174
2025-04-01 17:18:53,700 - 2025-04-01T17:18:53.700602, 2.5999674943318887, 0.0, -3.8251112728170735, -96.54901627519841, 34.7264001205595, 49.925169441607764, 0.0016000000400000006, 186.54901627519843
2025-04-01 17:18:53,740 - 2025-04-01T17:18:53.740284, 2.594406953772228, 0.0, -3.824418172042029, -96.45701627513972, 34.54353792290301, 49.90784375144154, 0.0016000000400000006, 186.45701627513972
2025-04-01 17:18:53,780 - 2025-04-01T17:18:53.780373, 2.589069603315379, 0.0, -3.823925536171661, -96.45351627513749, 34.36818264149514, 49.896870200198215, 0.0016000000400000006, 186.45351627513747
2025-04-01 17:18:53,820 - 2025-04-01T17:18:53.820700, 2.5836654312236376, 0.0, -3.82350729700223, -96.53671627519054, 34.19070998044628, 49.888398954371105, 0.0016000000400000006, 186.53671627519054
2025-04-01 17:18:53,860 - 2025-04-01T17:18:53.860257, 2.5785209706054197, 0.0, -3.822650252693221, -96.39101627509753, 34.0213219121861, 49.86529880182202, 0.0016000000400000006, 186.39101627509754
2025-04-01 17:18:53,900 - 2025-04-01T17:18:53.900376, 2.5727599651410826, 0.0, -3.822180342020988, -96.41401627511225, 33.83210757560669, 49.855480027904385, 0.0016000000400000006, 186.41401627511226
2025-04-01 17:18:53,941 - 2025-04-01T17:18:53.941344, 2.5670657813116375, 0.0, -3.821636034647818, -96.3816162750915, 33.64501061866825, 49.843158948570576, 0.0016000000400000006, 186.38161627509152
2025-04-01 17:18:53,980 - 2025-04-01T17:18:53.980834, 2.5617132807226985, 0.0, -3.820860962105791, -96.30891627504506, 33.46888548570993, 49.82294602721289, 0.0016000000400000006, 186.30891627504508
2025-04-01 17:18:54,020 - 2025-04-01T17:18:54.020883, 2.5560859185281455, 0.0, -3.8202422580316844, -96.20701627497974, 33.28390590841247, 49.80812264246289, 0.0016000000400000006, 186.20701627497974
2025-04-01 17:18:54,064 - 2025-04-01T17:18:54.063997, 2.5507485680712962, 0.0, -3.819749622161316, -96.11871627492312, 33.108550627004576, 49.797149091219566, 0.0016000000400000006, 186.11871627492312
2025-04-01 17:18:54,120 - 2025-04-01T17:18:54.120877, 2.542697768969509, 0.0, -3.8188360392024885, -96.09041627490495, 32.843881626409434, 49.77501038947694, 0.0016000000400000006, 186.09041627490495
2025-04-01 17:18:54,160 - 2025-04-01T17:18:54.160558, 2.5372192001768306, 0.0, -3.8183509783981657, -96.04451627487542, 32.66390665994438, 49.764421764008866, 0.0016000000400000006, 186.04451627487543
2025-04-01 17:18:54,201 - 2025-04-01T17:18:54.201367, 2.5320457932539466, 0.0, -3.8182744224692406, -96.04501627487576, 32.49432584091938, 49.76692234216185, 0.0016000000400000006, 186.04501627487576
2025-04-01 17:18:54,241 - 2025-04-01T17:18:54.241311, 2.5267752644319894, 0.0, -3.817707389897935, -95.9561162748186, 32.32108793915246, 49.75344648550232, 0.0016000000400000006, 185.9561162748186
2025-04-01 17:18:54,282 - 2025-04-01T17:18:54.282570, 2.521586707377015, 0.0, -3.8173483972973514, -95.93281627480357, 32.150737268577004, 49.746707693540976, 0.0016000000400000006, 185.93281627480357
2025-04-01 17:18:54,320 - 2025-04-01T17:18:54.320796, 2.5161673851531834, 0.0, -3.8166477214562615, -95.90451627478531, 31.972494755977692, 49.7289970775995, 0.0016000000400000006, 185.9045162747853
2025-04-01 17:18:54,361 - 2025-04-01T17:18:54.361519, 2.510881706199136, 0.0, -3.8157982522132974, -95.860616274757, 31.79848700266031, 49.70628185082563, 0.0016000000400000006, 185.860616274757
2025-04-01 17:18:54,400 - 2025-04-01T17:18:54.400513, 2.505336315771566, 0.0, -3.8153875881099117, -95.83991627474366, 31.616394656554313, 49.69819553077376, 0.0016000000400000006, 185.83991627474364
2025-04-01 17:18:54,460 - 2025-04-01T17:18:54.460846, 2.4990848336648486, 0.0, -3.815014799336752, -95.8646162747596, 31.411203885162394, 49.69203383959803, 0.0016000000400000006, 185.8646162747596
2025-04-01 17:18:54,781 - 2025-04-01T17:18:54.781076, 2.4935835396740345, 0.0, -3.814106083524941, -95.79921627471744, 31.230074141371645, 49.66758615895843, 0.0016000000400000006, 185.79921627471742
2025-04-01 17:18:54,840 - 2025-04-01T17:18:54.840793, 2.4874278255068756, 0.0, -3.81287840967076, -95.82241627473242, 31.027193500385515, 49.63332143166442, 0.0016000000400000006, 185.8224162747324
2025-04-01 17:18:54,880 - 2025-04-01T17:18:54.880784, 2.4811839184662037, 0.0, -3.8126468392334294, -95.80231627471942, 30.82238765476886, 49.63177942554588, 0.0016000000400000006, 185.80231627471943
2025-04-01 17:18:54,922 - 2025-04-01T17:18:54.922292, 2.473772389408671, 0.0, -3.811769777645313, -95.78331627470719, 30.57869969981862, 49.61021840034329, 0.0016000000400000006, 185.7833162747072
2025-04-01 17:18:54,963 - 2025-04-01T17:18:54.963037, 2.466294038716246, 0.0, -3.810967112758134, -95.74691627468366, 30.332894365227403, 49.59115968055691, 0.0016000000400000006, 185.74691627468366
2025-04-01 17:18:55,000 - 2025-04-01T17:18:55.000375, 2.4586303732512356, 0.0, -3.810670074645426, -95.73471627467578, 30.081506743263738, 49.588847247133494, 0.0016000000400000006, 185.73471627467578
2025-04-01 17:18:55,040 - 2025-04-01T17:18:55.040631, 2.451159597624856, 0.0, -3.8100086280940766, -95.55031627455651, 29.83608633444775, 49.574408212404315, 0.0016000000400000006, 185.5503162745565
2025-04-01 17:18:55,080 - 2025-04-01T17:18:55.080784, 2.4443053668445955, 0.0, -3.80896004790595, -95.48501627451418, 29.61049219395099, 49.546687799043625, 0.0016000000400000006, 185.48501627451418
2025-04-01 17:18:55,121 - 2025-04-01T17:18:55.121014, 2.437853419833202, 0.0, -3.8088104492356023, -95.38241627444762, 29.398949283636163, 49.54803302411652, 0.0016000000400000006, 185.38241627444762
2025-04-01 17:18:55,161 - 2025-04-01T17:18:55.161054, 2.432218482572604, 0.0, -3.808050526825666, -95.3750162744428, 29.213584780563473, 49.52858995430931, 0.0016000000400000006, 185.3750162744428
2025-04-01 17:18:55,221 - 2025-04-01T17:18:55.221041, 2.4246216387424853, 0.0, -3.8076790920120205, -95.30781627439912, 28.964314538240785, 49.5237752154697, 0.0016000000400000006, 185.3078162743991
2025-04-01 17:18:55,280 - 2025-04-01T17:18:55.280624, 2.4183625815697227, 0.0, -3.8071650849030307, -95.2752162743779, 28.758738841073637, 49.512993839236785, 0.0016000000400000006, 185.2752162743779
2025-04-01 17:18:55,340 - 2025-04-01T17:18:55.340713, 2.4114642543527056, 0.0, -3.8066145564233302, -95.16221627430436, 28.5321820982616, 49.50163478646385, 0.0016000000400000006, 185.16221627430434
2025-04-01 17:18:55,400 - 2025-04-01T17:18:55.400284, 2.4044398589319496, 0.0, -3.8063540396813336, -95.12641627428097, 28.301775521942844, 49.49990002958049, 0.0016000000400000006, 185.12641627428098
2025-04-01 17:18:55,461 - 2025-04-01T17:18:55.461068, 2.396701796766002, 0.0, -3.805990179933733, -94.9828162741872, 28.04788559456297, 49.49547021651609, 0.0016000000400000006, 184.9828162741872
2025-04-01 17:18:55,500 - 2025-04-01T17:18:55.500378, 2.3914236928779995, 0.0, -3.8052819290265982, -94.90281627413489, 27.87426276702083, 49.47737467479941, 0.0016000000400000006, 184.9028162741349
2025-04-01 17:18:55,541 - 2025-04-01T17:18:55.541289, 2.385796330683447, 0.0, -3.804663224952491, -94.86121627410766, 27.689283189723376, 49.46255129004938, 0.0016000000400000006, 184.86121627410768
2025-04-01 17:18:55,580 - 2025-04-01T17:18:55.580758, 2.3794931770739276, 0.0, -3.8046472695519267, -94.78901627406034, 27.48274489024095, 49.46813127440421, 0.0016000000400000006, 184.78901627406034
2025-04-01 17:18:55,624 - 2025-04-01T17:18:55.624942, 2.372995779666263, 0.0, -3.8036503608666026, -94.75611627403875, 27.268892425274743, 49.441758389134044, 0.0016000000400000006, 184.75611627403873
2025-04-01 17:18:55,661 - 2025-04-01T17:18:55.661938, 2.3676735793415045, 0.0, -3.8034401616678934, -94.61311627394481, 27.09430699541734, 49.4400242080051, 0.0016000000400000006, 184.6131162739448
2025-04-01 17:18:55,700 - 2025-04-01T17:18:55.700476, 2.362068942345087, 0.0, -3.803245112601274, -94.51341627387924, 26.910482195445574, 49.439059878426576, 0.0016000000400000006, 184.51341627387924
2025-04-01 17:18:55,740 - 2025-04-01T17:18:55.740392, 2.356374758515642, 0.0, -3.8027008052281044, -94.45651627384173, 26.723385238507134, 49.42673879909276, 0.0016000000400000006, 184.45651627384174
2025-04-01 17:18:55,780 - 2025-04-01T17:18:55.780822, 2.3511937765267126, 0.0, -3.8024830309633497, -94.36591627378196, 26.553419493706883, 49.42461969218857, 0.0016000000400000006, 184.36591627378198
2025-04-01 17:18:55,820 - 2025-04-01T17:18:55.820404, 2.346161587939658, 0.0, -3.802398899968379, -94.32081627375219, 26.38845835973907, 49.42673534456632, 0.0016000000400000006, 184.3208162737522
2025-04-01 17:18:55,860 - 2025-04-01T17:18:55.860318, 2.3407498407818714, 0.0, -3.8018394424631192, -94.28181627372636, 26.21060077291498, 49.41364441368204, 0.0016000000400000006, 184.28181627372635
2025-04-01 17:18:55,900 - 2025-04-01T17:18:55.900908, 2.335360818822221, 0.0, -3.801703639965347, -94.23581627369597, 26.0338979634166, 49.41441253796929, 0.0016000000400000006, 184.23581627369597
2025-04-01 17:18:55,940 - 2025-04-01T17:18:55.940210, 2.3300386184974617, 0.0, -3.8014934407666376, -94.14871627363834, 25.859312533559176, 49.41267835684033, 0.0016000000400000006, 184.14871627363834
2025-04-01 17:18:56,000 - 2025-04-01T17:18:56.000498, 2.322226159630577, 0.0, -3.801062759384145, -94.06451627358246, 25.60292030076311, 49.40613116413497, 0.0016000000400000006, 184.06451627358246
2025-04-01 17:18:56,040 - 2025-04-01T17:18:56.040398, 2.3170224524435117, 0.0, -3.8004213301119023, -93.99441627353596, 25.431799778637163, 49.39015300205925, 0.0016000000400000006, 183.99441627353596
2025-04-01 17:18:56,080 - 2025-04-01T17:18:56.080901, 2.311856620586673, 0.0, -3.800485992518807, -93.90801627347855, 25.2626038853874, 49.39727326526942, 0.0016000000400000006, 183.90801627347855
2025-04-01 17:18:56,120 - 2025-04-01T17:18:56.120265, 2.3063856268600396, 0.0, -3.800142150050313, -93.87891627345915, 25.083013844697582, 49.39130432485852, 0.0016000000400000006, 183.87891627345914
2025-04-01 17:18:56,160 - 2025-04-01T17:18:56.160830, 2.3007582646654865, 0.0, -3.799523445976206, -93.81541627341687, 24.898034267400107, 49.37648094010849, 0.0016000000400000006, 183.81541627341687
2025-04-01 17:18:56,200 - 2025-04-01T17:18:56.200196, 2.2951612027351143, 0.0, -3.799469615245416, -93.78341627339553, 24.71459439320357, 49.380136295587164, 0.0016000000400000006, 183.78341627339552
2025-04-01 17:18:56,241 - 2025-04-01T17:18:56.241025, 2.2894077723368227, 0.0, -3.7991409229090127, -93.70741627334489, 24.525764982399416, 49.37493720672673, 0.0016000000400000006, 183.70741627334493
2025-04-01 17:18:56,281 - 2025-04-01T17:18:56.281238, 2.284226790347893, 0.0, -3.798923148644258, -93.57551627325672, 24.35579923759917, 49.372818099822524, 0.0016000000400000006, 183.5755162732567
2025-04-01 17:18:56,344 - 2025-04-01T17:18:56.344234, 2.276807686224315, 0.0, -3.797904868720313, -93.33941627309854, 24.11172635687369, 49.34663738956278, 0.0016000000400000006, 183.33941627309855
2025-04-01 17:18:56,381 - 2025-04-01T17:18:56.381160, 2.271025309521357, 0.0, -3.7983566647639937, -93.29781627307058, 23.922704195304703, 49.367039031404424, 0.0016000000400000006, 183.2978162730706
2025-04-01 17:18:56,421 - 2025-04-01T17:18:56.421645, 2.2656211374296156, 0.0, -3.7979384255945625, -93.16601627298195, 23.74523153425585, 49.358567785577314, 0.0016000000400000006, 183.16601627298195
2025-04-01 17:18:56,480 - 2025-04-01T17:18:56.480438, 2.2581730870013716, 0.0, -3.7977006340507016, -92.99691627286796, 23.500965902765564, 49.35798780601965, 0.0016000000400000006, 182.99691627286796
2025-04-01 17:18:56,520 - 2025-04-01T17:18:56.520689, 2.252917708311505, 0.0, -3.7974160381510544, -92.82041627274864, 23.32849785254912, 49.35375131947447, 0.0016000000400000006, 182.82041627274864
2025-04-01 17:18:56,561 - 2025-04-01T17:18:56.561016, 2.2473798929499798, 0.0, -3.7971465923834984, -92.68161627265451, 23.14679043221834, 49.35028468447978, 0.0016000000400000006, 182.6816162726545
2025-04-01 17:18:56,601 - 2025-04-01T17:18:56.601362, 2.2417828310196075, 0.0, -3.7970927616527086, -92.5229162725467, 22.9633505580218, 49.35394003995847, 0.0016000000400000006, 182.5229162725467
2025-04-01 17:18:56,660 - 2025-04-01T17:18:56.660440, 2.233517770840568, 0.0, -3.7974652938484357, -92.35591627243286, 22.692906519289366, 49.37414835528089, 0.0016000000400000006, 182.35591627243286
2025-04-01 17:18:56,720 - 2025-04-01T17:18:56.720382, 2.2260697204123234, 0.0, -3.797227502304574, -92.07791627224269, 22.44864088779908, 49.373568375723195, 0.0016000000400000006, 182.0779162722427
2025-04-01 17:18:56,781 - 2025-04-01T17:18:56.781342, 2.2187704633859537, 0.0, -3.797123354030497, -91.86741627209813, 22.209379867141188, 49.37722315544749, 0.0016000000400000006, 181.86741627209813
2025-04-01 17:18:56,821 - 2025-04-01T17:18:56.821554, 2.213566756198889, 0.0, -3.796481924758254, -91.73681627200818, 22.038259345015256, 49.361244993371756, 0.0016000000400000006, 181.73681627200818
2025-04-01 17:18:56,860 - 2025-04-01T17:18:56.860874, 2.2079924194666525, 0.0, -3.7968517490349525, -91.65161627194937, 21.855974248144435, 49.37875940402196, 0.0016000000400000006, 181.65161627194937
2025-04-01 17:18:56,900 - 2025-04-01T17:18:56.900356, 2.2026109725730465, 0.0, -3.7968571648730096, -91.48961627183735, 21.679656364421263, 49.38414721336638, 0.0016000000400000006, 181.48961627183735
2025-04-01 17:18:56,940 - 2025-04-01T17:18:56.940392, 2.197221950613396, 0.0, -3.7967213623752376, -91.36691627175227, 21.502953554922883, 49.38491533765363, 0.0016000000400000006, 181.36691627175227
2025-04-01 17:18:56,982 - 2025-04-01T17:18:56.981982, 2.192063693822602, 0.0, -3.796927243117971, -91.24291627166619, 21.334142587448348, 49.39665528592096, 0.0016000000400000006, 181.2429162716662
2025-04-01 17:18:57,020 - 2025-04-01T17:18:57.020914, 2.1864817820243196, 0.0, -3.79715584905884, -91.2020162716377, 21.151472564802255, 49.409550011514014, 0.0016000000400000006, 181.20201627163772
2025-04-01 17:18:57,060 - 2025-04-01T17:18:57.060429, 2.1812415534665437, 0.0, -3.7971536898308518, -90.9856162714868, 20.979774366136283, 49.41455289508319, 0.0016000000400000006, 180.9856162714868
2025-04-01 17:18:57,101 - 2025-04-01T17:18:57.101122, 2.1760013249087673, 0.0, -3.7971515306028643, -90.76581627133302, 20.808076167470304, 49.419555778652395, 0.0016000000400000006, 180.76581627133302
2025-04-01 17:18:57,140 - 2025-04-01T17:18:57.140893, 2.1704194131104853, 0.0, -3.797380136543733, -90.70211627128832, 20.625406144824225, 49.43245050424542, 0.0016000000400000006, 180.70211627128833
2025-04-01 17:18:57,181 - 2025-04-01T17:18:57.181467, 2.164955994449897, 0.0, -3.7971775124110687, -90.58051627120291, 20.44620102990963, 49.431101248891686, 0.0016000000400000006, 180.5805162712029
2025-04-01 17:18:57,221 - 2025-04-01T17:18:57.221305, 2.1593513574534797, 0.0, -3.7969824633444498, -90.38341627106402, 20.262376229937864, 49.430136919313185, 0.0016000000400000006, 180.38341627106402
2025-04-01 17:18:57,260 - 2025-04-01T17:18:57.260429, 2.15385141742218, 0.0, -3.7974191092560403, -90.2804162709913, 20.082593438483208, 49.44976870960438, 0.0016000000400000006, 180.2804162709913
2025-04-01 17:18:57,300 - 2025-04-01T17:18:57.300529, 2.1484031488936823, 0.0, -3.7974989217950346, -90.02721627081189, 19.904158175119086, 49.45765882436499, 0.0016000000400000006, 180.0272162708119
2025-04-01 17:18:57,361 - 2025-04-01T17:18:57.361028, 2.1408366053277446, 0.0, -3.7976923603247066, -89.90991635214229, 19.65642763589733, 49.47132282575408, 0.0016000000400000006, 179.9099163521423
2025-04-01 17:18:57,400 - 2025-04-01T17:18:57.400617, 2.1356191019681035, 0.0, -3.7981138561042065, -89.72031635200801, 19.485884214557032, 49.4901847644948, 0.0016000000400000006, 179.720316352008
2025-04-01 17:18:57,440 - 2025-04-01T17:18:57.440304, 2.1305276668122017, 0.0, -3.7982453401460026, -89.59941635192259, 19.31919062672346, 49.499422407345925, 0.0016000000400000006, 179.59941635192257
2025-04-01 17:18:57,480 - 2025-04-01T17:18:57.480471, 2.1252206166195333, 0.0, -3.798317577618952, -89.47621635183579, 19.14537504841651, 49.50692759633134, 0.0016000000400000006, 179.4762163518358
2025-04-01 17:18:57,520 - 2025-04-01T17:18:57.520736, 2.1194155147184395, 0.0, -3.7983457186551446, -89.35491635175046, 18.955198109521824, 49.51347018300144, 0.0016000000400000006, 179.35491635175046
2025-04-01 17:18:57,560 - 2025-04-01T17:18:57.560463, 2.1136331380154814, 0.0, -3.7987975146988253, -89.25481635168025, 18.76617594795284, 49.53387182484309, 0.0016000000400000006, 179.25481635168023
2025-04-01 17:18:57,600 - 2025-04-01T17:18:57.600534, 2.108490031356778, 0.0, -3.7992858321132177, -89.11101635157948, 18.598134832028748, 49.554851143224774, 0.0016000000400000006, 179.11101635157948
2025-04-01 17:18:57,640 - 2025-04-01T17:18:57.640669, 2.1033910211348306, 0.0, -3.7992760978191846, -88.93571635145702, 18.431056318419934, 49.559469101018735, 0.0016000000400000006, 178.93571635145702
2025-04-01 17:18:57,681 - 2025-04-01T17:18:57.681776, 2.097883506037486, 0.0, -3.7995715253949456, -88.84091635139097, 18.250888601190077, 49.57448120625274, 0.0016000000400000006, 178.84091635139097
2025-04-01 17:18:57,720 - 2025-04-01T17:18:57.720353, 2.0921528008373294, 0.0, -3.7996664880660305, -88.74671635132542, 18.063213967711583, 49.58314117256382, 0.0016000000400000006, 178.7467163513254
2025-04-01 17:18:57,761 - 2025-04-01T17:18:57.761953, 2.086645285739985, 0.0, -3.7999619156417914, -88.6083163512293, 17.883046250481726, 49.59815327779783, 0.0016000000400000006, 178.60831635122932
2025-04-01 17:18:57,800 - 2025-04-01T17:18:57.800390, 2.0812789889784695, 0.0, -3.8002497681515073, -88.53981635118181, 17.707498218309027, 49.612780457256605, 0.0016000000400000006, 178.5398163511818
2025-04-01 17:18:57,840 - 2025-04-01T17:18:57.840607, 2.076195128888613, 0.0, -3.800522470529133, -88.41971635109867, 17.541189556250686, 49.62663778516491, 0.0016000000400000006, 178.41971635109866
2025-04-01 17:18:57,880 - 2025-04-01T17:18:57.880524, 2.0708212570610525, 0.0, -3.8006691047030197, -88.35191635105181, 17.365256598302757, 49.636645279566515, 0.0016000000400000006, 178.3519163510518
2025-04-01 17:18:57,920 - 2025-04-01T17:18:57.920273, 2.065521781934429, 0.0, -3.8008825605117984, -88.1952163509437, 17.191825945771036, 49.648770153609085, 0.0016000000400000006, 178.1952163509437
2025-04-01 17:18:57,960 - 2025-04-01T17:18:57.960395, 2.059999116704994, 0.0, -3.8008955514159006, -88.14361635090822, 17.010888376990692, 49.654542888728734, 0.0016000000400000006, 178.14361635090822
2025-04-01 17:18:58,000 - 2025-04-01T17:18:58.000690, 2.05435038327182, 0.0, -3.8011985540577067, -88.05081635084443, 16.82610097470365, 49.66993991973797, 0.0016000000400000006, 178.05081635084443
2025-04-01 17:18:58,041 - 2025-04-01T17:18:58.041310, 2.049125304846134, 0.0, -3.8014788315013774, -87.91301635074983, 16.655172627588136, 49.684182173421505, 0.0016000000400000006, 177.91301635074984
2025-04-01 17:18:58,081 - 2025-04-01T17:18:58.081341, 2.0437514330185733, 0.0, -3.801625465675264, -87.85461635070986, 16.479239669640208, 49.69418966782311, 0.0016000000400000006, 177.85461635070988
2025-04-01 17:18:58,120 - 2025-04-01T17:18:58.120606, 2.038184671352382, 0.0, -3.8021365082877914, -87.70321635060627, 16.297339498544602, 49.716323763530475, 0.0016000000400000006, 177.70321635060628
2025-04-01 17:18:58,168 - 2025-04-01T17:18:58.168550, 2.0316293813353847, 0.0, -3.8027005763626356, -87.53141635048914, 16.083101532048744, 49.74115233966449, 0.0016000000400000006, 177.53141635048914
2025-04-01 17:18:58,220 - 2025-04-01T17:18:58.220643, 2.02449406784298, 0.0, -3.803012508030001, -87.4518163504349, 15.849614973773747, 49.75828124878506, 0.0016000000400000006, 177.4518163504349
2025-04-01 17:18:58,260 - 2025-04-01T17:18:58.260828, 2.018912156044698, 0.0, -3.80324111397087, -87.30871635033772, 15.666944951127668, 49.77117597437808, 0.0016000000400000006, 177.3087163503377
2025-04-01 17:18:58,300 - 2025-04-01T17:18:58.300218, 2.013278572743614, 0.0, -3.8038265532843347, -87.25691635030252, 15.482927400391077, 49.795812375501676, 0.0016000000400000006, 177.2569163503025
2025-04-01 17:18:58,340 - 2025-04-01T17:18:58.340703, 2.0075630176755483, 0.0, -3.8042039526270783, -87.11641635020742, 15.29602261846307, 49.81371171192712, 0.0016000000400000006, 177.11641635020743
2025-04-01 17:18:58,380 - 2025-04-01T17:18:58.380353, 2.0020038310754016, 0.0, -3.8048562135754356, -86.94001635008823, 15.11450737314268, 49.84046549269168, 0.0016000000400000006, 176.94001635008823
2025-04-01 17:18:58,421 - 2025-04-01T17:18:58.421043, 1.9963475225761824, 0.0, -3.8050179978814125, -86.8987163500604, 14.929335045080407, 49.851242838643735, 0.0016000000400000006, 176.8987163500604
2025-04-01 17:18:58,460 - 2025-04-01T17:18:58.460911, 1.9908551576109281, 0.0, -3.805595862128832, -86.70201634992802, 14.749937179400987, 49.8754943139921, 0.0016000000400000006, 176.70201634992802
2025-04-01 17:18:58,501 - 2025-04-01T17:18:58.501018, 1.985630079185242, 0.0, -3.805876139572503, -86.64161634988746, 14.579008832285481, 49.889736567675634, 0.0016000000400000006, 176.64161634988744
2025-04-01 17:18:58,543 - 2025-04-01T17:18:58.543330, 1.9794391976068857, 0.0, -3.8066330974859777, -86.62421634987581, 14.376897467095404, 49.92053235695732, 0.0016000000400000006, 176.6242163498758
2025-04-01 17:18:58,580 - 2025-04-01T17:18:58.580931, 1.9739985041444332, 0.0, -3.8068541283608015, -86.50611634979661, 14.198847129506511, 49.93304215677512, 0.0016000000400000006, 176.50611634979663
2025-04-01 17:18:58,620 - 2025-04-01T17:18:58.620558, 1.9683497707112592, 0.0, -3.8071571310026076, -86.47761634977756, 14.014059727219468, 49.948439187784345, 0.0016000000400000006, 176.47761634977758
2025-04-01 17:18:58,661 - 2025-04-01T17:18:58.661017, 1.9625005723734086, 0.0, -3.807683323747226, -86.39881634972485, 13.822920186009483, 49.971343135042204, 0.0016000000400000006, 176.39881634972485
2025-04-01 17:18:58,700 - 2025-04-01T17:18:58.700895, 1.956628648837423, 0.0, -3.807785861484356, -86.29891634965809, 13.630625867473832, 49.98038802712853, 0.0016000000400000006, 176.2989163496581
2025-04-01 17:18:58,741 - 2025-04-01T17:18:58.741505, 1.9512623520759076, 0.0, -3.8080737139940717, -86.35621634969635, 13.455077835301147, 49.995015206587304, 0.0016000000400000006, 176.35621634969635
2025-04-01 17:18:58,781 - 2025-04-01T17:18:58.781412, 1.9455619471399317, 0.0, -3.8087335500084736, -86.3761163497097, 13.268942904923584, 50.02215391312708, 0.0016000000400000006, 176.37611634970972
2025-04-01 17:18:58,820 - 2025-04-01T17:18:58.820859, 1.9404036903491377, 0.0, -3.8089394307512072, -86.2920163496535, 13.100131937449042, 50.03389386139442, 0.0016000000400000006, 176.2920163496535
2025-04-01 17:18:58,861 - 2025-04-01T17:18:58.861009, 1.9347625319820088, 0.0, -3.809383651728843, -86.21761634960389, 12.915729460937222, 50.05391057746084, 0.0016000000400000006, 176.21761634960387
2025-04-01 17:18:58,920 - 2025-04-01T17:18:58.920574, 1.9271443169132692, 0.0, -3.8099339236311107, -86.25241634962704, 12.666651393624946, 50.07931625438049, 0.0016000000400000006, 176.25241634962703
2025-04-01 17:18:58,960 - 2025-04-01T17:18:58.960440, 1.9216443768819695, 0.0, -3.810370569542701, -86.1101163495323, 12.486868602170297, 50.098948044671644, 0.0016000000400000006, 176.1101163495323
2025-04-01 17:18:59,001 - 2025-04-01T17:18:59.001025, 1.9163297516232558, 0.0, -3.810301588679821, -86.09501634952227, 12.312668098088118, 50.10183354859987, 0.0016000000400000006, 176.09501634952227
2025-04-01 17:18:59,040 - 2025-04-01T17:18:59.040883, 1.9107781400891546, 0.0, -3.811095067964007, -86.08781634951752, 12.131537778542963, 50.133207014421615, 0.0016000000400000006, 176.08781634951754
2025-04-01 17:18:59,080 - 2025-04-01T17:18:59.080749, 1.9052554748597195, 0.0, -3.81110805886811, -86.00011634945919, 11.950600209762626, 50.13897974954128, 0.0016000000400000006, 176.00011634945918
2025-04-01 17:18:59,121 - 2025-04-01T17:18:59.121076, 1.8998299315293572, 0.0, -3.811611526414592, -85.97091634943982, 11.773319723724192, 50.16072891947341, 0.0016000000400000006, 175.97091634943982
2025-04-01 17:18:59,160 - 2025-04-01T17:18:59.160919, 1.894345141630148, 0.0, -3.8123306089978413, -85.91481634940257, 11.594306783820016, 50.18960007987896, 0.0016000000400000006, 175.91481634940257
2025-04-01 17:18:59,200 - 2025-04-01T17:18:59.200932, 1.8891049130723716, 0.0, -3.8123284497698533, -85.94131634942018, 11.422608585154038, 50.19460296344813, 0.0016000000400000006, 175.94131634942016
2025-04-01 17:18:59,240 - 2025-04-01T17:18:59.240510, 1.8837461913769016, 0.0, -3.8127575206153983, -85.97501634944254, 11.247445478756575, 50.21384982796408, 0.0016000000400000006, 175.97501634944254
2025-04-01 17:18:59,280 - 2025-04-01T17:18:59.280884, 1.8782386762795569, 0.0, -3.8130529481911597, -85.92081634940659, 11.067277761526704, 50.228861933198104, 0.0016000000400000006, 175.92081634940664
2025-04-01 17:18:59,322 - 2025-04-01T17:18:59.322074, 1.8726416143491846, 0.0, -3.81299911746037, -85.96071634943307, 10.883837887330166, 50.23251728867677, 0.0016000000400000006, 175.96071634943308
2025-04-01 17:18:59,360 - 2025-04-01T17:18:59.360331, 1.8670824277490379, 0.0, -3.8136513784087267, -85.93271634941446, 10.702322642009783, 50.259271069441326, 0.0016000000400000006, 175.93271634941448
2025-04-01 17:18:59,400 - 2025-04-01T17:18:59.400314, 1.86179052768846, 0.0, -3.814006052553335, -85.95851634943159, 10.529276915253305, 50.27601562854108, 0.0016000000400000006, 175.9585163494316
2025-04-01 17:18:59,461 - 2025-04-01T17:18:59.461568, 1.8539566975829533, 0.0, -3.8144970778867555, -86.0478163494909, 10.273076857467622, 50.29968885159498, 0.0016000000400000006, 176.04781634949092
2025-04-01 17:18:59,504 - 2025-04-01T17:18:59.504416, 1.8488576873610065, 0.0, -3.8144873435927225, -86.0396163494854, 10.105998343858829, 50.30430680938894, 0.0016000000400000006, 176.03961634948544
2025-04-01 17:18:59,540 - 2025-04-01T17:18:59.540629, 1.8437738272711501, 0.0, -3.814760045970348, -86.14351634955456, 9.939689681800495, 50.318164137297245, 0.0016000000400000006, 176.14351634955455
2025-04-01 17:18:59,580 - 2025-04-01T17:18:59.580735, 1.8381175187719307, 0.0, -3.814921830276325, -86.21501634960217, 9.754517353738208, 50.32894148324931, 0.0016000000400000006, 176.21501634960217
2025-04-01 17:18:59,620 - 2025-04-01T17:18:59.620550, 1.8328483439094883, 0.0, -3.8157001594284212, -86.1808163495794, 9.582626404307419, 50.35954509752058, 0.0016000000400000006, 176.1808163495794
2025-04-01 17:18:59,681 - 2025-04-01T17:18:59.681360, 1.8250737603728284, 0.0, -3.8159755697250755, -86.33491634968216, 9.328158800387484, 50.37609633010111, 0.0016000000400000006, 176.33491634968215
2025-04-01 17:18:59,720 - 2025-04-01T17:18:59.720345, 1.8199306537141249, 0.0, -3.8164638871394674, -86.32161634967333, 9.160117684463401, 50.3970756484828, 0.0016000000400000006, 176.32161634967332
2025-04-01 17:18:59,760 - 2025-04-01T17:18:59.760837, 1.8146904251563487, 0.0, -3.81646172791148, -86.41171634973342, 8.988419485797422, 50.402078532052, 0.0016000000400000006, 176.4117163497334
2025-04-01 17:18:59,800 - 2025-04-01T17:18:59.800778, 1.8092573067599411, 0.0, -3.816823977122133, -86.54531634982287, 8.810754073983752, 50.41920801692697, 0.0016000000400000006, 176.54531634982288
2025-04-01 17:18:59,840 - 2025-04-01T17:18:59.840502, 1.8037573667286415, 0.0, -3.8172606230337234, -86.59401634985558, 8.630971282529117, 50.43883980721815, 0.0016000000400000006, 176.5940163498556
2025-04-01 17:18:59,880 - 2025-04-01T17:18:59.880523, 1.7980934831633772, 0.0, -3.8172811890038707, -86.6775163499116, 8.445414028691609, 50.44499746811302, 0.0016000000400000006, 176.6775163499116
2025-04-01 17:18:59,920 - 2025-04-01T17:18:59.920678, 1.79266036476697, 0.0, -3.8176434382145237, -86.70601634993075, 8.267748616877952, 50.462126952987994, 0.0016000000400000006, 176.70601634993074
2025-04-01 17:18:59,961 - 2025-04-01T17:18:59.961278, 1.7872789178733641, 0.0, -3.817648854052581, -86.83921635002035, 8.09143073315478, 50.467514762332414, 0.0016000000400000006, 176.83921635002037
2025-04-01 17:19:00,000 - 2025-04-01T17:19:00.000497, 1.7818457994769568, 0.0, -3.8180111032632342, -86.95041635009525, 7.913765321341117, 50.4846442472074, 0.0016000000400000006, 176.95041635009525
2025-04-01 17:19:00,040 - 2025-04-01T17:19:00.040948, 1.7765538994163785, 0.0, -3.818365777407842, -86.98571635011912, 7.740719594584625, 50.50138880630714, 0.0016000000400000006, 176.9857163501191
2025-04-01 17:19:00,080 - 2025-04-01T17:19:00.080338, 1.7707412224492396, 0.0, -3.8182527001082054, -87.12011635020988, 7.550157729914702, 50.50331170792008, 0.0016000000400000006, 177.12011635020988
2025-04-01 17:19:00,120 - 2025-04-01T17:19:00.120267, 1.7650256673811735, 0.0, -3.818630099450949, -87.16271635023874, 7.3632529479866875, 50.52121104434553, 0.0016000000400000006, 177.16271635023872
2025-04-01 17:19:00,160 - 2025-04-01T17:19:00.160707, 1.7598749856564244, 0.0, -3.818977198529512, -87.24181635029232, 7.194826906287361, 50.53757067767004, 0.0016000000400000006, 177.2418163502923
2025-04-01 17:19:00,200 - 2025-04-01T17:19:00.200411, 1.7546271820326034, 0.0, -3.8188338209656947, -87.38091635038671, 7.0227437818461595, 50.53795387618206, 0.0016000000400000006, 177.3809163503867
2025-04-01 17:19:00,241 - 2025-04-01T17:19:00.241120, 1.7489708735333842, 0.0, -3.818995605271671, -87.41891635041254, 6.837571453783887, 50.54873122213411, 0.0016000000400000006, 177.41891635041253
2025-04-01 17:19:00,281 - 2025-04-01T17:19:00.281145, 1.7435226050048862, 0.0, -3.819075417810666, -87.53201635048947, 6.659136190419744, 50.556621336894736, 0.0016000000400000006, 177.53201635048947
2025-04-01 17:19:00,320 - 2025-04-01T17:19:00.320795, 1.7380150899075417, 0.0, -3.819370845386427, -87.5492163505012, 6.478968473189887, 50.571633442128736, 0.0016000000400000006, 177.54921635050118
2025-04-01 17:19:00,380 - 2025-04-01T17:19:00.380280, 1.7300248913341152, 0.0, -3.819587009114234, -87.67251635058534, 6.217378878796573, 50.58645222084352, 0.0016000000400000006, 177.67251635058534
2025-04-01 17:19:00,420 - 2025-04-01T17:19:00.420819, 1.7249927027470604, 0.0, -3.819502878119264, -87.73101635062525, 6.052417744828745, 50.58856787322127, 0.0016000000400000006, 177.73101635062525
2025-04-01 17:19:00,460 - 2025-04-01T17:19:00.460664, 1.7199756642920963, 0.0, -3.819701183795952, -87.88851635073306, 5.888226462411389, 50.599922895713384, 0.0016000000400000006, 177.88851635073306
2025-04-01 17:19:00,502 - 2025-04-01T17:19:00.502356, 1.714616942596626, 0.0, -3.8201302546414975, -87.93981635076823, 5.713063356013919, 50.61916976022933, 0.0016000000400000006, 177.93981635076824
2025-04-01 17:19:00,541 - 2025-04-01T17:19:00.541066, 1.709294742271867, 0.0, -3.819920055442788, -88.04141635083795, 5.538477926156496, 50.61743557910037, 0.0016000000400000006, 178.04141635083795
2025-04-01 17:19:00,581 - 2025-04-01T17:19:00.581208, 1.7039132953782614, 0.0, -3.819925471280845, -88.07011635085765, 5.362160042433345, 50.62282338844479, 0.0016000000400000006, 178.07011635085763
2025-04-01 17:19:00,622 - 2025-04-01T17:19:00.622820, 1.698405780280917, 0.0, -3.8202208988566064, -88.20681635095175, 5.181992325203481, 50.6378354936788, 0.0016000000400000006, 178.20681635095175
2025-04-01 17:19:00,662 - 2025-04-01T17:19:00.662667, 1.6931807018552307, 0.0, -3.820501176300277, -88.2317163509689, 5.011063978087954, 50.65207774736235, 0.0016000000400000006, 178.2317163509689
2025-04-01 17:19:00,700 - 2025-04-01T17:19:00.700605, 1.6876580366257956, 0.0, -3.8205141672043794, -88.30861635102197, 4.830126409307617, 50.65785048248199, 0.0016000000400000006, 178.30861635102198
2025-04-01 17:19:00,740 - 2025-04-01T17:19:00.740488, 1.6818529347247018, 0.0, -3.8205423082405723, -88.39681635108283, 4.63994947041293, 50.66439306915211, 0.0016000000400000006, 178.39681635108283
2025-04-01 17:19:00,780 - 2025-04-01T17:19:00.780588, 1.6765534595980789, 0.0, -3.820755764049351, -88.49701635115217, 4.466518817881223, 50.67651794319468, 0.0016000000400000006, 178.49701635115218
2025-04-01 17:19:00,820 - 2025-04-01T17:19:00.820694, 1.670807604265832, 0.0, -3.8205682900487767, -88.63501635124781, 4.27807433285227, 50.6759385393914, 0.0016000000400000006, 178.63501635124783
2025-04-01 17:19:00,860 - 2025-04-01T17:19:00.860599, 1.665426157372226, 0.0, -3.820573705886834, -88.74661635132532, 4.101756449129105, 50.68132634873582, 0.0016000000400000006, 178.74661635132532
2025-04-01 17:19:00,901 - 2025-04-01T17:19:00.901545, 1.660319572084234, 0.0, -3.8204227532569712, -88.81111635137019, 3.934293009745076, 50.6813246214726, 0.0016000000400000006, 178.81111635137017
2025-04-01 17:19:00,940 - 2025-04-01T17:19:00.940908, 1.6549457002566736, 0.0, -3.820569387430858, -88.89881635143131, 3.7583600517971547, 50.691332115874204, 0.0016000000400000006, 178.89881635143132
2025-04-01 17:19:01,000 - 2025-04-01T17:19:01.000639, 1.6472303632888607, 0.0, -3.8206291826907455, -89.08121635155865, 3.5056249017429693, 50.70076135798134, 0.0016000000400000006, 179.08121635155865
2025-04-01 17:19:01,040 - 2025-04-01T17:19:01.040910, 1.6416925479273354, 0.0, -3.82035973692319, -89.18491635163119, 3.323917481412167, 50.69729472298667, 0.0016000000400000006, 179.1849163516312
2025-04-01 17:19:01,100 - 2025-04-01T17:19:01.100437, 1.6354045444499072, 0.0, -3.820626218194284, -89.28091635169851, 3.118149033480236, 50.71211407745582, 0.0016000000400000006, 179.28091635169855
2025-04-01 17:19:01,380 - 2025-04-01T17:19:01.380904, 1.6287218322696564, 0.0, -3.8201349362834303, -89.47361635183391, 2.898714281141551, 50.70248747854864, 0.0016000000400000006, 179.47361635183393
2025-04-01 17:19:01,440 - 2025-04-01T17:19:01.440874, 1.6221954885573258, 0.0, -3.8199185159781903, -89.60521635192669, 2.6846690654105316, 50.70171532398056, 0.0016000000400000006, 179.60521635192669
2025-04-01 17:19:01,480 - 2025-04-01T17:19:01.480539, 1.6163462902194756, 0.0, -3.820444708722808, -89.76261635203791, 2.493529524200575, 50.724619271238396, 0.0016000000400000006, 179.76261635203792
2025-04-01 17:19:01,520 - 2025-04-01T17:19:01.520282, 1.6098867681420366, 0.0, -3.8201538917166307, -89.8807163521216, 2.2816016881105057, 50.72134481125412, 0.0016000000400000006, 179.8807163521216
2025-04-01 17:19:01,561 - 2025-04-01T17:19:01.561211, 1.6031220841948035, 0.0, -3.819454569835055, -89.93921635216309, 2.0592797045804048, 50.70498114764874, 0.0016000000400000006, 179.9392163521631
2025-04-01 17:19:01,601 - 2025-04-01T17:19:01.601229, 1.595614787197713, 0.0, -3.8194323933279604, -90.13311627088703, 1.8132816192243908, 50.711523158564454, 0.0016000000400000006, 180.13311627088703
2025-04-01 17:19:01,641 - 2025-04-01T17:19:01.641275, 1.5878326285950082, 0.0, -3.8195665852887855, -90.42491627109331, 1.558429089529234, 50.723454706087814, 0.0016000000400000006, 180.4249162710933
2025-04-01 17:19:01,683 - 2025-04-01T17:19:01.682979, 1.5801097165611506, 0.0, -3.8194851622128434, -90.67611627127009, 1.3053090136998264, 50.72826426313776, 0.0016000000400000006, 180.67611627127008
2025-04-01 17:19:01,721 - 2025-04-01T17:19:01.721818, 1.5735833728488196, 0.0, -3.819268741907603, -90.79081627135055, 1.0912637979687858, 50.72749210856968, 0.0016000000400000006, 180.79081627135054
2025-04-01 17:19:01,763 - 2025-04-01T17:19:01.763429, 1.5670418790043983, 0.0, -3.8187698849307044, -90.84411627138786, 0.8764487306873008, 50.717480583887244, 0.0016000000400000006, 180.84411627138786
2025-04-01 17:19:01,800 - 2025-04-01T17:19:01.800557, 1.561437242007981, 0.0, -3.818574835864085, -90.8632162714013, 0.6926239307155342, 50.71651625430874, 0.0016000000400000006, 180.8632162714013
2025-04-01 17:19:01,840 - 2025-04-01T17:19:01.840628, 1.5564050534209262, 0.0, -3.818490704869115, -91.05441627153489, 0.5276627967476983, 50.71863190668651, 0.0016000000400000006, 181.05441627153488
2025-04-01 17:19:01,900 - 2025-04-01T17:19:01.900360, 1.548972153124772, 0.0, -3.818535349996912, -91.15061627160193, 0.2841670168078636, 50.72729129724319, 0.0016000000400000006, 181.15061627160193
2025-04-01 17:19:01,960 - 2025-04-01T17:19:01.960947, 1.5418506358049435, 0.0, -3.817784356612535, -91.2831162716941, 0.050103357747218524, 50.70958010554733, 0.0016000000400000006, 181.2831162716941
2025-04-01 17:19:02,020 - 2025-04-01T17:19:02.020407, 1.5350418554209537, 0.0, -3.8175830864393854, -91.42991627179599, -0.17318122809817282, 50.7095778025297, 0.0016000000400000006, 181.429916271796
2025-04-01 17:19:02,080 - 2025-04-01T17:19:02.080424, 1.5275786548606196, 0.0, -3.8170628582238653, -91.53781627187068, -0.41821671113891057, 50.69975845285768, 0.0016000000400000006, 181.53781627187067
2025-04-01 17:19:02,120 - 2025-04-01T17:19:02.120462, 1.5225464662735644, 0.0, -3.8169787272288946, -91.71501627199314, -0.5831778451067535, 50.70187410523543, 0.0016000000400000006, 181.71501627199314
2025-04-01 17:19:02,160 - 2025-04-01T17:19:02.160313, 1.517298662649743, 0.0, -3.8168353496650775, -91.79481627204811, -0.7552609695479688, 50.70225730374745, 0.0016000000400000006, 181.7948162720481
2025-04-01 17:19:02,200 - 2025-04-01T17:19:02.200533, 1.5119020656240472, 0.0, -3.8165583288314755, -91.8802162721069, -0.9323487048215711, 50.6984057429775, 0.0016000000400000006, 181.8802162721069
2025-04-01 17:19:02,240 - 2025-04-01T17:19:02.240362, 1.5063642502625219, 0.0, -3.81628888306392, -91.95861627216082, -1.1140561251523664, 50.694939107982826, 0.0016000000400000006, 181.95861627216084
2025-04-01 17:19:02,280 - 2025-04-01T17:19:02.280625, 1.5008264349009965, 0.0, -3.8160194372963634, -92.1097162722645, -1.2957635454831617, 50.69147247298812, 0.0016000000400000006, 182.1097162722645
2025-04-01 17:19:02,321 - 2025-04-01T17:19:02.321332, 1.4953630162404083, 0.0, -3.815816813163699, -92.2160162723373, -1.4749686603977565, 50.69012321763439, 0.0016000000400000006, 182.2160162723373
2025-04-01 17:19:02,540 - 2025-04-01T17:19:02.540830, 1.4901820342514793, 0.0, -3.8155990388989443, -92.1985162723253, -1.6449344051979793, 50.6880041107302, 0.0016000000400000006, 182.19851627232532
2025-04-01 17:19:02,640 - 2025-04-01T17:19:02.640777, 1.4844286038531869, 0.0, -3.8152703465625413, -92.2794162723806, -1.8337638160021754, 50.68280502186976, 0.0016000000400000006, 182.27941627238062
2025-04-01 17:19:02,701 - 2025-04-01T17:19:02.701035, 1.477181018329619, 0.0, -3.8148093649158676, -92.47161627251174, -2.071677308569548, 50.67471812606346, 0.0016000000400000006, 182.47161627251174
2025-04-01 17:19:02,741 - 2025-04-01T17:19:02.741197, 1.471063179492686, 0.0, -3.8142877827408332, -92.57531627258228, -2.2726333206795033, 50.66355182405533, 0.0016000000400000006, 182.57531627258228
2025-04-01 17:19:02,780 - 2025-04-01T17:19:02.780220, 1.4640980306407774, 0.0, -3.81381165096207, -92.74011627269422, -2.5013074431325037, 50.65469507669859, 0.0016000000400000006, 182.74011627269422
2025-04-01 17:19:02,821 - 2025-04-01T17:19:02.821022, 1.456716801847425, 0.0, -3.813499462717271, -92.90451627280555, -2.743455694981833, 50.651612791724716, 0.0016000000400000006, 182.90451627280555
2025-04-01 17:19:02,861 - 2025-04-01T17:19:02.861834, 1.448956014483341, 0.0, -3.8127119479621827, -93.09191627293205, -2.9985003996874084, 50.6333239234888, 0.0016000000400000006, 183.09191627293205
2025-04-01 17:19:02,900 - 2025-04-01T17:19:02.900536, 1.441559635557899, 0.0, -3.8121173230457255, -93.23361627302747, -3.241418503087182, 50.62100226840059, 0.0016000000400000006, 183.23361627302745
2025-04-01 17:19:02,940 - 2025-04-01T17:19:02.940300, 1.435002991581388, 0.0, -3.811336029397168, -93.40101627313987, -3.4570034219191186, 50.6017513736038, 0.0016000000400000006, 183.40101627313987
2025-04-01 17:19:02,980 - 2025-04-01T17:19:02.980431, 1.4288775776784095, 0.0, -3.810673228886304, -93.58031627325998, -3.6583443598043246, 50.58596538653848, 0.0016000000400000006, 183.58031627326
2025-04-01 17:19:03,020 - 2025-04-01T17:19:03.020958, 1.423332187250839, 0.0, -3.810262564782918, -93.73581627336381, -3.840436705910342, 50.5778790664866, 0.0016000000400000006, 183.7358162733638
2025-04-01 17:19:03,080 - 2025-04-01T17:19:03.080278, 1.4157201932886303, 0.0, -3.809608693297614, -93.92811627349187, -4.090476799783495, 50.56382495753263, 0.0016000000400000006, 183.92811627349187
2025-04-01 17:19:03,140 - 2025-04-01T17:19:03.140296, 1.4092530961451462, 0.0, -3.8091766579556072, -93.98061627352673, -4.302789561648787, 50.555930812491184, 0.0016000000400000006, 183.98061627352672
2025-04-01 17:19:03,204 - 2025-04-01T17:19:03.204079, 1.4026296305337431, 0.0, -3.808469761007987, -94.17751627365736, -4.520491860121695, 50.5391822231106, 0.0016000000400000006, 184.17751627365737
2025-04-01 17:19:03,260 - 2025-04-01T17:19:03.260963, 1.3952332516083001, 0.0, -3.8078751360915293, -94.27791627372382, -4.763409963521497, 50.52686056802236, 0.0016000000400000006, 184.27791627372383
2025-04-01 17:19:03,301 - 2025-04-01T17:19:03.301362, 1.3898959011514513, 0.0, -3.807382500221161, -94.3834162737935, -4.938765244929364, 50.51588701677904, 0.0016000000400000006, 184.3834162737935
2025-04-01 17:19:03,340 - 2025-04-01T17:19:03.340885, 1.384253388824808, 0.0, -3.806481359475395, -94.56001627390987, -5.124514673777284, 50.49182426191466, 0.0016000000400000006, 184.56001627390987
2025-04-01 17:19:03,380 - 2025-04-01T17:19:03.380708, 1.3785075334925612, 0.0, -3.8062938854748216, -94.61051627394313, -5.312959158806237, 50.491244858111415, 0.0016000000400000006, 184.61051627394312
2025-04-01 17:19:03,420 - 2025-04-01T17:19:03.420407, 1.372575009428214, 0.0, -3.8052666765253162, -94.79451627406392, -5.508332883543744, 50.463332269740306, 0.0016000000400000006, 184.79451627406394
2025-04-01 17:19:03,461 - 2025-04-01T17:19:03.461029, 1.3664647456573262, 0.0, -3.8048863126861114, -94.9312162741535, -5.708903969878463, 50.456785652789364, 0.0016000000400000006, 184.93121627415348
2025-04-01 17:19:03,500 - 2025-04-01T17:19:03.500244, 1.3612017919014145, 0.0, -3.804460498450635, -95.0432162742267, -5.881756945870137, 50.447929481187, 0.0016000000400000006, 185.0432162742267
2025-04-01 17:19:03,540 - 2025-04-01T17:19:03.540397, 1.3552251714003107, 0.0, -3.8039313412095557, -95.21011627433555, -6.078093272922928, 50.43637825340365, 0.0016000000400000006, 185.21011627433555
2025-04-01 17:19:03,584 - 2025-04-01T17:19:03.584589, 1.3488992925926562, 0.0, -3.803491730801504, -95.24701627435957, -6.2857863497310404, 50.42809918258697, 0.0016000000400000006, 185.24701627435957
2025-04-01 17:19:03,621 - 2025-04-01T17:19:03.621036, 1.343836803741421, 0.0, -3.802842726463216, -95.35111627442727, -6.452287186799786, 50.41173609473601, 0.0016000000400000006, 185.3511162744273
2025-04-01 17:19:03,661 - 2025-04-01T17:19:03.660958, 1.3382914133138502, 0.0, -3.8024320623598307, -95.33851627441908, -6.634379532905818, 50.403649774684155, 0.0016000000400000006, 185.33851627441908
2025-04-01 17:19:03,720 - 2025-04-01T17:19:03.720831, 1.3303150109130004, 0.0, -3.801585301035895, -95.46281627449979, -6.896546228084752, 50.38362845258249, 0.0016000000400000006, 185.4628162744998
2025-04-01 17:19:03,760 - 2025-04-01T17:19:03.760860, 1.32526009712781, 0.0, -3.8010775150334366, -95.49581627452116, -7.062662139378283, 50.371885049788716, 0.0016000000400000006, 185.49581627452116
2025-04-01 17:19:03,800 - 2025-04-01T17:19:03.800692, 1.320182458144484, 0.0, -3.8001460740234903, -95.5282162745422, -7.2299328279975015, 50.346282591823424, 0.0016000000400000006, 185.52821627454222
2025-04-01 17:19:03,841 - 2025-04-01T17:19:03.841786, 1.3149195043885724, 0.0, -3.799720259788014, -95.53531627454682, -7.402785803989168, 50.33742642022107, 0.0016000000400000006, 185.53531627454683
2025-04-01 17:19:03,880 - 2025-04-01T17:19:03.880776, 1.3093665388949565, 0.0, -3.799168377348799, -95.52751627454172, -7.5852630758704365, 50.324720415112026, 0.0016000000400000006, 185.52751627454174
2025-04-01 17:19:03,921 - 2025-04-01T17:19:03.921521, 1.3041704067739368, 0.0, -3.7986681664123854, -95.57691627457375, -7.755998672221132, 50.313361938093465, 0.0016000000400000006, 185.5769162745738
2025-04-01 17:19:03,960 - 2025-04-01T17:19:03.960822, 1.298833056317088, 0.0, -3.7981755305420175, -95.56171627456388, -7.9313539536290065, 50.30238838685016, 0.0016000000400000006, 185.56171627456388
2025-04-01 17:19:04,000 - 2025-04-01T17:19:04.000430, 1.2935549524290857, 0.0, -3.7974672796348825, -95.57331627457143, -8.104976781171146, 50.28429284513346, 0.0016000000400000006, 185.57331627457143
2025-04-01 17:19:04,040 - 2025-04-01T17:19:04.040529, 1.2878015220307941, 0.0, -3.7971385872984795, -95.59641627458633, -8.293806191975307, 50.27909375627303, 0.0016000000400000006, 185.59641627458632
2025-04-01 17:19:04,081 - 2025-04-01T17:19:04.081656, 1.2822485565371782, 0.0, -3.7965867048592647, -95.59591627458603, -8.476283463856568, 50.26638775116398, 0.0016000000400000006, 185.59591627458605
2025-04-01 17:19:04,120 - 2025-04-01T17:19:04.120423, 1.2766955910435622, 0.0, -3.7960348224200495, -95.60211627459003, -8.658760735737843, 50.25368174605493, 0.0016000000400000006, 185.60211627459003
2025-04-01 17:19:04,160 - 2025-04-01T17:19:04.160626, 1.2715738556234801, 0.0, -3.795601433118528, -95.5770162745738, -8.826994026672324, 50.24444064867735, 0.0016000000400000006, 185.5770162745738
2025-04-01 17:19:04,201 - 2025-04-01T17:19:04.201025, 1.2664218199392172, 0.0, -3.79460317047369, -95.53881627454905, -8.996767020707743, 50.216720811071085, 0.0016000000400000006, 185.53881627454905
2025-04-01 17:19:04,241 - 2025-04-01T17:19:04.241610, 1.2608171829427999, 0.0, -3.794408121407071, -95.58481627457883, -9.180591820679503, 50.21575648149258, 0.0016000000400000006, 185.58481627457883
2025-04-01 17:19:04,281 - 2025-04-01T17:19:04.281377, 1.2555542291868877, 0.0, -3.7939823071715946, -95.56021627456288, -9.35344479667119, 50.206900309890244, 0.0016000000400000006, 185.5602162745629
2025-04-01 17:19:04,322 - 2025-04-01T17:19:04.322165, 1.2503202217356422, 0.0, -3.7927760045560346, -95.56841627456824, -9.526105021898047, 50.17244340758582, 0.0016000000400000006, 185.56841627456822
2025-04-01 17:19:04,361 - 2025-04-01T17:19:04.361899, 1.2452136364476503, 0.0, -3.7926250519261724, -95.55711627456091, -9.693568461282076, 50.17244168032261, 0.0016000000400000006, 185.5571162745609
2025-04-01 17:19:04,400 - 2025-04-01T17:19:04.400811, 1.2400919010275677, 0.0, -3.792191662624651, -95.55111627455703, -9.861801752216579, 50.16320058294504, 0.0016000000400000006, 185.55111627455705
2025-04-01 17:19:04,440 - 2025-04-01T17:19:04.440279, 1.2349109190386387, 0.0, -3.7919738883598963, -95.56521627456617, -10.031767497016801, 50.161081476040835, 0.0016000000400000006, 185.56521627456618
2025-04-01 17:19:04,482 - 2025-04-01T17:19:04.482947, 1.229342803412933, 0.0, -3.7911395692490224, -95.5778162745743, -10.215014620448507, 50.139136100817424, 0.0016000000400000006, 185.5778162745743
2025-04-01 17:19:04,540 - 2025-04-01T17:19:04.540320, 1.221700509186543, 0.0, -3.789920824420401, -95.55121627455706, -10.466594417422613, 50.10660325163475, 0.0016000000400000006, 185.5512162745571
2025-04-01 17:19:04,581 - 2025-04-01T17:19:04.581196, 1.2162963370948021, 0.0, -3.78950258525097, -95.51921627453633, -10.644067078471444, 50.098132005807656, 0.0016000000400000006, 185.51921627453638
2025-04-01 17:19:04,621 - 2025-04-01T17:19:04.621226, 1.210974136770043, 0.0, -3.789292386052261, -95.46161627449901, -10.818652508328874, 50.09639782467871, 0.0016000000400000006, 185.46161627449905
2025-04-01 17:19:04,661 - 2025-04-01T17:19:04.661358, 1.2055548145462116, 0.0, -3.788591710211171, -95.51511627453371, -10.996895020928186, 50.078687208737236, 0.0016000000400000006, 185.5151162745337
2025-04-01 17:19:04,701 - 2025-04-01T17:19:04.701095, 1.2000913958856239, 0.0, -3.788389086078507, -95.55291627455819, -11.176100135842766, 50.07733795338352, 0.0016000000400000006, 185.55291627455819
2025-04-01 17:19:04,740 - 2025-04-01T17:19:04.740832, 1.194843592261802, 0.0, -3.7882457085146894, -95.50571627452759, -11.348183260283996, 50.077721151895524, 0.0016000000400000006, 185.5057162745276
2025-04-01 17:19:04,782 - 2025-04-01T17:19:04.782958, 1.1894835166068174, 0.0, -3.7873294176368333, -95.41131627446633, -11.524693319017565, 50.052888545480684, 0.0016000000400000006, 185.41131627446634
2025-04-01 17:19:04,820 - 2025-04-01T17:19:04.820853, 1.184235712982996, 0.0, -3.787186040073016, -95.39791627445767, -11.696776443458774, 50.0532717439927, 0.0016000000400000006, 185.39791627445766
2025-04-01 17:19:04,860 - 2025-04-01T17:19:04.860225, 1.1786007757223982, 0.0, -3.78642611766308, -95.3995162744587, -11.88214094653145, 50.0338286741855, 0.0016000000400000006, 185.3995162744587
2025-04-01 17:19:04,900 - 2025-04-01T17:19:04.900546, 1.1734046436013785, 0.0, -3.7859259067266664, -95.36321627443512, -12.052876542882153, 50.02247019716695, 0.0016000000400000006, 185.36321627443513
2025-04-01 17:19:04,941 - 2025-04-01T17:19:04.941127, 1.1677256099040236, 0.0, -3.785664036025155, -95.31351627440283, -12.239203648270127, 50.01938848794748, 0.0016000000400000006, 185.31351627440284
2025-04-01 17:19:04,980 - 2025-04-01T17:19:04.980641, 1.1620982477094706, 0.0, -3.785045331951048, -95.37031627443979, -12.424183225567596, 50.00456510319746, 0.0016000000400000006, 185.3703162744398
2025-04-01 17:19:05,020 - 2025-04-01T17:19:05.020412, 1.1568352939535589, 0.0, -3.784619517715572, -95.28321627438312, -12.59703620155927, 49.99570893159512, 0.0016000000400000006, 185.2832162743831
2025-04-01 17:19:05,060 - 2025-04-01T17:19:05.060954, 1.1517728051023233, 0.0, -3.7839705133772843, -95.21561627433907, -12.76353703862803, 49.97934584374417, 0.0016000000400000006, 185.2156162743391
2025-04-01 17:19:05,101 - 2025-04-01T17:19:05.101152, 1.1461530179738157, 0.0, -3.7834930276390066, -95.21381627433796, -12.948131690150248, 49.969142144051325, 0.0016000000400000006, 185.21381627433794
2025-04-01 17:19:05,141 - 2025-04-01T17:19:05.141090, 1.1402810944378299, 0.0, -3.783595565376136, -95.0408162742251, -13.140426008685907, 49.97818703613763, 0.0016000000400000006, 185.0408162742251
2025-04-01 17:19:05,181 - 2025-04-01T17:19:05.181039, 1.135002990549828, 0.0, -3.7828873144690016, -95.095816274261, -13.314048836228032, 49.96009149442095, 0.0016000000400000006, 185.09581627426098
2025-04-01 17:19:05,222 - 2025-04-01T17:19:05.222662, 1.1295988184580867, 0.0, -3.782469075299571, -94.99541627419545, -13.491521497276885, 49.951620248593834, 0.0016000000400000006, 184.99541627419546
2025-04-01 17:19:05,262 - 2025-04-01T17:19:05.262471, 1.1245514797389418, 0.0, -3.782102507632942, -94.9056162741367, -13.657252482795172, 49.94449653085724, 0.0016000000400000006, 184.90561627413675
2025-04-01 17:19:05,301 - 2025-04-01T17:19:05.301272, 1.1193036761151203, 0.0, -3.7819591300691244, -94.9260162741501, -13.82933560723638, 49.94487972936925, 0.0016000000400000006, 184.9260162741501
2025-04-01 17:19:05,340 - 2025-04-01T17:19:05.340183, 1.1140923938620104, 0.0, -3.7811764824610528, -94.91361627414193, -14.000841055137542, 49.92428188223637, 0.0016000000400000006, 184.91361627414193
2025-04-01 17:19:05,380 - 2025-04-01T17:19:05.380727, 1.1085835248051512, 0.0, -3.780126548313412, -94.84811627409907, -14.182355724703527, 49.89521451653958, 0.0016000000400000006, 184.84811627409908
2025-04-01 17:19:05,421 - 2025-04-01T17:19:05.421241, 1.1027784229040574, 0.0, -3.7801546893496045, -94.77291627404976, -14.372532663598214, 49.90175710320968, 0.0016000000400000006, 184.77291627404975
2025-04-01 17:19:05,460 - 2025-04-01T17:19:05.460679, 1.0975822907830373, 0.0, -3.7796544784131916, -94.67531627398571, -14.543268259948924, 49.89039862619115, 0.0016000000400000006, 184.67531627398571
2025-04-01 17:19:05,500 - 2025-04-01T17:19:05.500205, 1.0924681304290003, 0.0, -3.7793623074475, -94.70931627400805, -14.71111662510819, 49.88577721387075, 0.0016000000400000006, 184.70931627400805
2025-04-01 17:19:05,541 - 2025-04-01T17:19:05.541250, 1.086930315067475, 0.0, -3.7790928616799437, -94.63121627395674, -14.892824045438978, 49.882310578876066, 0.0016000000400000006, 184.63121627395674
2025-04-01 17:19:05,584 - 2025-04-01T17:19:05.584347, 1.0813697745078144, 0.0, -3.7783997609048994, -94.55941627390948, -15.075686243095461, 49.86498488870984, 0.0016000000400000006, 184.55941627390948
2025-04-01 17:19:05,622 - 2025-04-01T17:19:05.622518, 1.0757058909425496, 0.0, -3.7784203268750467, -94.5568162739078, -15.261243496932977, 49.87114254960471, 0.0016000000400000006, 184.5568162739078
2025-04-01 17:19:05,681 - 2025-04-01T17:19:05.681041, 1.0681758687473235, 0.0, -3.7779744953604637, -94.43031627382445, -15.508396359614686, 49.863825505348885, 0.0016000000400000006, 184.43031627382445
2025-04-01 17:19:05,721 - 2025-04-01T17:19:05.721966, 1.0626229032537076, 0.0, -3.7774226129212485, -94.36391627378062, -15.690873631495954, 49.85111950023983, 0.0016000000400000006, 184.3639162737806
2025-04-01 17:19:05,780 - 2025-04-01T17:19:05.780382, 1.0553525925320044, 0.0, -3.7765379762670874, -94.1578162736443, -15.929941901389014, 49.82917354926202, 0.0016000000400000006, 184.1578162736443
2025-04-01 17:19:05,841 - 2025-04-01T17:19:05.841564, 1.048669880351754, 0.0, -3.776046694356234, -94.09031627359958, -16.14937665372768, 49.81954695035483, 0.0016000000400000006, 184.0903162735996
2025-04-01 17:19:05,883 - 2025-04-01T17:19:05.883224, 1.0432960085241931, 0.0, -3.77619332853012, -94.05831627357834, -16.325309611675614, 49.82955444475642, 0.0016000000400000006, 184.05831627357833
2025-04-01 17:19:05,920 - 2025-04-01T17:19:05.920472, 1.037535003059856, 0.0, -3.7757234178578876, -93.98571627353016, -16.514523948255018, 49.819735670838796, 0.0016000000400000006, 183.98571627353016
2025-04-01 17:19:05,980 - 2025-04-01T17:19:05.980647, 1.030079377565567, 0.0, -3.775344407978197, -93.85011627343994, -16.759174505520527, 49.81453600622396, 0.0016000000400000006, 183.85011627343994
2025-04-01 17:19:06,022 - 2025-04-01T17:19:06.022170, 1.0243851937361224, 0.0, -3.774800100605027, -93.73201627336125, -16.946271462458945, 49.80221492689013, 0.0016000000400000006, 183.73201627336124
2025-04-01 17:19:06,062 - 2025-04-01T17:19:06.062306, 1.0193302799509314, 0.0, -3.774292314602569, -93.5931162732685, -17.11238737375249, 49.79047152409637, 0.0016000000400000006, 183.5931162732685
2025-04-01 17:19:06,100 - 2025-04-01T17:19:06.100561, 1.0139336829252357, 0.0, -3.774015293768967, -93.56941627325266, -17.289475109026107, 49.786619963326416, 0.0016000000400000006, 183.5694162732527
2025-04-01 17:19:06,140 - 2025-04-01T17:19:06.140235, 1.008603907534432, 0.0, -3.773663876234428, -93.48801627319817, -17.464445464658745, 49.780266097140284, 0.0016000000400000006, 183.48801627319818
2025-04-01 17:19:06,180 - 2025-04-01T17:19:06.180484, 1.0030068456040593, 0.0, -3.7736100455036388, -93.4258162731565, -17.647885338855296, 49.783921452618976, 0.0016000000400000006, 183.4258162731565
2025-04-01 17:19:06,220 - 2025-04-01T17:19:06.220432, 0.9972534152057677, 0.0, -3.773281353167235, -93.39571627313632, -17.836714749659457, 49.77872236375852, 0.0016000000400000006, 183.39571627313632
2025-04-01 17:19:06,262 - 2025-04-01T17:19:06.262767, 0.9915075598735208, 0.0, -3.7730938791666615, -93.28251627306031, -18.025159234688402, 49.77814295995527, 0.0016000000400000006, 183.2825162730603
2025-04-01 17:19:06,300 - 2025-04-01T17:19:06.300450, 0.9861336880459604, 0.0, -3.773240513340548, -93.18741627299633, -18.201092192636324, 49.788150454356874, 0.0016000000400000006, 183.18741627299633
2025-04-01 17:19:06,340 - 2025-04-01T17:19:06.340185, 0.9808039126551562, 0.0, -3.772889095806009, -93.1341162729605, -18.376062548268976, 49.78179658817073, 0.0016000000400000006, 183.1341162729605
2025-04-01 17:19:06,380 - 2025-04-01T17:19:06.380530, 0.974775620651251, 0.0, -3.7727167719375254, -93.03901627289636, -18.573746403412265, 49.78198703591792, 0.0016000000400000006, 183.03901627289636
2025-04-01 17:19:06,420 - 2025-04-01T17:19:06.420421, 0.9690524905171398, 0.0, -3.7729529529444394, -92.94471627283271, -18.761036111115512, 49.79526668728617, 0.0016000000400000006, 182.9447162728327
2025-04-01 17:19:06,461 - 2025-04-01T17:19:06.461689, 0.9632322384839553, 0.0, -3.7726986573089736, -92.90981627280911, -18.951982901560676, 49.79256990384195, 0.0016000000400000006, 182.9098162728091
2025-04-01 17:19:06,501 - 2025-04-01T17:19:06.501434, 0.9572783431809873, 0.0, -3.7725931550753824, -92.75491627270425, -19.147164451287765, 49.79487773123012, 0.0016000000400000006, 182.75491627270424
2025-04-01 17:19:06,543 - 2025-04-01T17:19:06.543064, 0.9518149245203991, 0.0, -3.772390530942718, -92.60531627260269, -19.326369566202356, 49.79352847587639, 0.0016000000400000006, 182.6053162726027
2025-04-01 17:19:06,600 - 2025-04-01T17:19:06.600325, 0.9442849023251729, 0.0, -3.7719446994281354, -92.52841627255043, -19.573522428884065, 49.78621143162057, 0.0016000000400000006, 182.52841627255043
2025-04-01 17:19:06,640 - 2025-04-01T17:19:06.640896, 0.9390446737673961, 0.0, -3.771942540200147, -92.42911627248277, -19.745220627550065, 49.79121431518975, 0.0016000000400000006, 182.42911627248276
2025-04-01 17:19:06,682 - 2025-04-01T17:19:06.682126, 0.9337376235747281, 0.0, -3.772014777673096, -92.34161627242314, -19.919036205857005, 49.798719504175146, 0.0016000000400000006, 182.34161627242315
2025-04-01 17:19:06,720 - 2025-04-01T17:19:06.720735, 0.9284898199509066, 0.0, -3.771871400109279, -92.18751627231774, -20.091119330298213, 49.799102702687165, 0.0016000000400000006, 182.18751627231774
2025-04-01 17:19:06,760 - 2025-04-01T17:19:06.760849, 0.9232420163270851, 0.0, -3.771728022545462, -92.08821627224977, -20.263202454739428, 49.79948590119918, 0.0016000000400000006, 182.08821627224978
2025-04-01 17:19:06,801 - 2025-04-01T17:19:06.801051, 0.917845419301389, 0.0, -3.77145100171186, -92.04221627221821, -20.440290190013055, 49.79563434042923, 0.0016000000400000006, 182.0422162722182
2025-04-01 17:19:06,847 - 2025-04-01T17:19:06.847033, 0.9120403174002951, 0.0, -3.7714791427480527, -91.90771627212588, -20.630467128907735, 49.802176927099346, 0.0016000000400000006, 181.90771627212587
2025-04-01 17:19:06,880 - 2025-04-01T17:19:06.880413, 0.9069261570462577, 0.0, -3.771186971782361, -91.78771627204324, -20.798315494067012, 49.79755551477896, 0.0016000000400000006, 181.78771627204324
2025-04-01 17:19:06,920 - 2025-04-01T17:19:06.920298, 0.901403491816823, 0.0, -3.771199962686463, -91.79231627204642, -20.979253062847334, 49.80332824989861, 0.0016000000400000006, 181.79231627204643
2025-04-01 17:19:06,960 - 2025-04-01T17:19:06.960421, 0.8950638168365921, 0.0, -3.771823277330154, -91.73411627200632, -21.18636903886981, 49.829889279898346, 0.0016000000400000006, 181.7341162720063
2025-04-01 17:19:07,000 - 2025-04-01T17:19:07.000818, 0.8900013279853565, 0.0, -3.7711742729918662, -91.58831627190563, -21.35286987593857, 49.8135261920474, 0.0016000000400000006, 181.58831627190563
2025-04-01 17:19:07,041 - 2025-04-01T17:19:07.041365, 0.8847535243615354, 0.0, -3.7710308954280487, -91.39971627177505, -21.52495300037977, 49.81390939055942, 0.0016000000400000006, 181.39971627177505
2025-04-01 17:19:07,100 - 2025-04-01T17:19:07.100691, 0.8773647205021384, 0.0, -3.7705774888474206, -91.29051627169925, -21.76748617800431, 49.80620742052836, 0.0016000000400000006, 181.29051627169923
2025-04-01 17:19:07,140 - 2025-04-01T17:19:07.140649, 0.8719391771717757, 0.0, -3.771080956393903, -91.14981627160132, -21.94476666404276, 49.827956590460516, 0.0016000000400000006, 181.1498162716013
2025-04-01 17:19:07,180 - 2025-04-01T17:19:07.180749, 0.8659108851678705, 0.0, -3.7709086325254195, -91.05811627153746, -22.142450519186045, 49.82814703820771, 0.0016000000400000006, 181.05811627153747
2025-04-01 17:19:07,221 - 2025-04-01T17:19:07.221264, 0.8601726049016691, 0.0, -3.7708623768606753, -90.97721627148097, -22.33051007843975, 49.83218731946162, 0.0016000000400000006, 180.97721627148098
2025-04-01 17:19:07,260 - 2025-04-01T17:19:07.260937, 0.8546802399364144, 0.0, -3.771440241108095, -90.83421627138098, -22.50990794411917, 49.85643879480998, 0.0016000000400000006, 180.83421627138097
2025-04-01 17:19:07,321 - 2025-04-01T17:19:07.321842, 0.8472170393760794, 0.0, -3.770920012892575, -90.67831627127161, -22.754943427159937, 49.84661944513796, 0.0016000000400000006, 180.67831627127163
2025-04-01 17:19:07,361 - 2025-04-01T17:19:07.361522, 0.8420209072550602, 0.0, -3.7704198019561614, -90.62311627123289, -22.92567902351062, 49.835260968119414, 0.0016000000400000006, 180.6231162712329
2025-04-01 17:19:07,401 - 2025-04-01T17:19:07.401056, 0.8367958288293744, 0.0, -3.770700079399832, -90.49981627114616, -23.09660737062613, 49.84950322180295, 0.0016000000400000006, 180.49981627114616
2025-04-01 17:19:07,443 - 2025-04-01T17:19:07.443544, 0.8309390554254787, 0.0, -3.771085053808621, -90.51531627115702, -23.28813183761133, 49.867787484003635, 0.0016000000400000006, 180.51531627115702
2025-04-01 17:19:07,500 - 2025-04-01T17:19:07.500472, 0.8236549485311992, 0.0, -3.7712633422062023, -90.40911627108218, -23.52662300671876, 49.88068163384226, 0.0016000000400000006, 180.40911627108218
2025-04-01 17:19:07,541 - 2025-04-01T17:19:07.541080, 0.8183995698413327, 0.0, -3.7709787463065556, -90.35941627104714, -23.6990910569352, 49.87644514729709, 0.0016000000400000006, 180.35941627104714
2025-04-01 17:19:07,581 - 2025-04-01T17:19:07.581335, 0.8132110127863581, 0.0, -3.770619753705972, -90.26801627098253, -23.869441727510672, 49.86970635533572, 0.0016000000400000006, 180.2680162709825
2025-04-01 17:19:07,623 - 2025-04-01T17:19:07.623592, 0.8077778943899507, 0.0, -3.770982002916625, -90.17801627091882, -24.047107139324336, 49.88683584021071, 0.0016000000400000006, 180.17801627091882
2025-04-01 17:19:07,660 - 2025-04-01T17:19:07.660568, 0.801615959116261, 0.0, -3.7709584724500163, -90.17101627091388, -24.249025753749578, 49.89203089879032, 0.0016000000400000006, 180.1710162709139
2025-04-01 17:19:07,700 - 2025-04-01T17:19:07.700642, 0.7959596506170414, 0.0, -3.771120256755993, -90.16291627090817, -24.434198081811868, 49.90280824474238, 0.0016000000400000006, 180.16291627090817
2025-04-01 17:19:07,740 - 2025-04-01T17:19:07.740231, 0.7907862436941575, 0.0, -3.771043700827067, -90.10791627086917, -24.603778900836865, 49.905308822895336, 0.0016000000400000006, 180.10791627086917
2025-04-01 17:19:07,781 - 2025-04-01T17:19:07.781323, 0.7855460151363816, 0.0, -3.7710415415990797, -90.01821627080552, -24.775477099502833, 49.91031170646454, 0.0016000000400000006, 180.0182162708055
2025-04-01 17:19:07,820 - 2025-04-01T17:19:07.820334, 0.7800536501711268, 0.0, -3.771619405846499, -89.89051635212849, -24.954874965182253, 49.93456318181288, 0.0016000000400000006, 179.8905163521285
2025-04-01 17:19:07,860 - 2025-04-01T17:19:07.860283, 0.7745158348096015, 0.0, -3.7713499600789433, -89.95531635217448, -25.136582385513048, 49.93109654681821, 0.0016000000400000006, 179.9553163521745
2025-04-01 17:19:07,901 - 2025-04-01T17:19:07.901130, 0.7689704443820311, 0.0, -3.7709392959755577, -89.94501635216719, -25.31867473161907, 49.92301022676632, 0.0016000000400000006, 179.9450163521672
2025-04-01 17:19:07,940 - 2025-04-01T17:19:07.940430, 0.7633141358828119, 0.0, -3.771101080281534, -89.89611635213251, -25.503847059681345, 49.93378757271837, 0.0016000000400000006, 179.8961163521325
2025-04-01 17:19:07,980 - 2025-04-01T17:19:07.980647, 0.7573602405798439, 0.0, -3.770995578047943, -89.96101635217855, -25.699028609408433, 49.93609540010656, 0.0016000000400000006, 179.96101635217855
2025-04-01 17:19:08,021 - 2025-04-01T17:19:08.021532, 0.7518603005485445, 0.0, -3.7714322239595335, -90.01711627080468, -25.878811400863068, 49.95572719039774, 0.0016000000400000006, 180.01711627080468
2025-04-01 17:19:08,062 - 2025-04-01T17:19:08.062924, 0.7463300602530638, 0.0, -3.771303996527806, -90.06751627084046, -26.060133895418648, 49.9568802404602, 0.0016000000400000006, 180.06751627084046
2025-04-01 17:19:08,101 - 2025-04-01T17:19:08.101080, 0.7411566533301799, 0.0, -3.7712274405988806, -90.04791627082658, -26.22971471444365, 49.959380818613184, 0.0016000000400000006, 180.0479162708266
2025-04-01 17:19:08,140 - 2025-04-01T17:19:08.140467, 0.7359012746403133, 0.0, -3.7709428446992344, -90.0928162708584, -26.402182764660086, 49.95514433206802, 0.0016000000400000006, 180.0928162708584
2025-04-01 17:19:08,180 - 2025-04-01T17:19:08.180603, 0.7303634592787875, 0.0, -3.7706733989316783, -90.17451627091637, -26.5838901849909, 49.95167769707334, 0.0016000000400000006, 180.17451627091637
2025-04-01 17:19:08,220 - 2025-04-01T17:19:08.220410, 0.7249454910144704, 0.0, -3.7713180848139896, -90.1179162708763, -26.760785745254104, 49.978046552062644, 0.0016000000400000006, 180.1179162708763
2025-04-01 17:19:08,261 - 2025-04-01T17:19:08.261337, 0.7196901123246042, 0.0, -3.771033488914343, -90.20681627093926, -26.933253795470527, 49.97381006551749, 0.0016000000400000006, 180.20681627093927
2025-04-01 17:19:08,300 - 2025-04-01T17:19:08.300709, 0.7143010903649532, 0.0, -3.7708976864165713, -90.33001627102635, -27.109956604968925, 49.97457818980475, 0.0016000000400000006, 180.33001627102635
2025-04-01 17:19:08,342 - 2025-04-01T17:19:08.342547, 0.7085035635299044, 0.0, -3.771067045788593, -90.35221627104202, -27.299748618088383, 49.985740461532025, 0.0016000000400000006, 180.35221627104204
2025-04-01 17:19:08,381 - 2025-04-01T17:19:08.381718, 0.7031069665042087, 0.0, -3.7707900249549917, -90.46711627112312, -27.476836353361993, 49.9818889007621, 0.0016000000400000006, 180.46711627112313
2025-04-01 17:19:08,421 - 2025-04-01T17:19:08.421033, 0.6970270029975012, 0.0, -3.770974534459104, -90.5168162711581, -27.675867736595812, 49.993821024039846, 0.0016000000400000006, 180.51681627115815
2025-04-01 17:19:08,460 - 2025-04-01T17:19:08.460483, 0.6915408591387777, 0.0, -3.770348255318951, -90.63791627124327, -27.85622762883609, 49.978612713514586, 0.0016000000400000006, 180.63791627124328
2025-04-01 17:19:08,500 - 2025-04-01T17:19:08.500422, 0.6858845506395586, 0.0, -3.7705100396249285, -90.754316271325, -28.041399956898367, 49.98939005946664, 0.0016000000400000006, 180.754316271325
2025-04-01 17:19:08,540 - 2025-04-01T17:19:08.540411, 0.6804879536138624, 0.0, -3.770233018791327, -90.80681627136175, -28.218487692171987, 49.98553849869672, 0.0016000000400000006, 180.80681627136175
2025-04-01 17:19:08,604 - 2025-04-01T17:19:08.604623, 0.6728759596516536, 0.0, -3.7695791473060227, -90.92981627144785, -28.46852778604514, 49.971484389742756, 0.0016000000400000006, 180.9298162714479
2025-04-01 17:19:08,641 - 2025-04-01T17:19:08.641167, 0.6675461842608499, 0.0, -3.769227729771484, -91.01501627150739, -28.643498141677785, 49.96513052355662, 0.0016000000400000006, 181.0150162715074
2025-04-01 17:19:08,681 - 2025-04-01T17:19:08.681173, 0.6622391340681815, 0.0, -3.769299967244433, -91.12461627158382, -28.817313719984732, 49.972635712542, 0.0016000000400000006, 181.12461627158382
2025-04-01 17:19:08,720 - 2025-04-01T17:19:08.720573, 0.6568349619764402, 0.0, -3.7688817280750024, -91.25871627167712, -28.99478638103359, 49.964164466714905, 0.0016000000400000006, 181.25871627167712
2025-04-01 17:19:08,761 - 2025-04-01T17:19:08.761300, 0.6514610901488793, 0.0, -3.7690283622488887, -91.34151627173469, -29.17071933898153, 49.9741719611165, 0.0016000000400000006, 181.3415162717347
2025-04-01 17:19:08,802 - 2025-04-01T17:19:08.802017, 0.6460417679250483, 0.0, -3.7683276864077992, -91.57831627189871, -29.348961851580825, 49.956461345175036, 0.0016000000400000006, 181.5783162718987
2025-04-01 17:19:08,840 - 2025-04-01T17:19:08.840669, 0.6408683610021639, 0.0, -3.768251130478874, -91.67011627196216, -29.518542670605832, 49.958961923328026, 0.0016000000400000006, 181.67011627196217
2025-04-01 17:19:08,900 - 2025-04-01T17:19:08.900785, 0.6349937295471495, 0.0, -3.765662944769201, -92.33751627242026, -29.713530893813708, 49.87984787355275, 0.0016000000400000006, 182.33751627242026
2025-04-01 17:19:08,940 - 2025-04-01T17:19:08.940346, 0.6281208354472962, 0.0, -3.768226794743791, -92.41821627247539, -29.936238954627854, 49.97050681781291, 0.0016000000400000006, 182.4182162724754
2025-04-01 17:19:09,004 - 2025-04-01T17:19:09.004224, 0.621436769307532, 0.0, -3.766390151109536, -92.78651627272563, -30.15702065930261, 49.916800747974925, 0.0016000000400000006, 182.78651627272563
2025-04-01 17:19:09,041 - 2025-04-01T17:19:09.041069, 0.6188101595765922, 0.0, -3.7636277388808246, -93.34741627310396, -30.245756126195438, 49.82883340536936, 0.0016000000400000006, 183.34741627310396
2025-04-01 17:19:09,081 - 2025-04-01T17:19:09.081805, 0.6137503786443852, 0.0, -3.7656694579893397, -93.40771627314437, -30.409563058591992, 49.90062925937998, 0.0016000000400000006, 183.4077162731444
2025-04-01 17:19:09,121 - 2025-04-01T17:19:09.121610, 0.6062114274235992, 0.0, -3.763737046415526, -94.24791627370398, -30.658447799385044, 49.844613059136194, 0.0016000000400000006, 184.247916273704
2025-04-01 17:19:09,160 - 2025-04-01T17:19:09.160522, 0.6004366257866867, 0.0, -3.764330060795036, -94.39281627379972, -30.847085035178793, 49.86963438603501, 0.0016000000400000006, 184.39281627379972
2025-04-01 17:19:09,200 - 2025-04-01T17:19:09.200949, 0.5940501464506704, 0.0, -3.7627607037003497, -94.68061627398917, -31.05785751818876, 49.82439783476093, 0.0016000000400000006, 184.6806162739892
2025-04-01 17:19:09,240 - 2025-04-01T17:19:09.240323, 0.5895573980897688, 0.0, -3.7595318939869076, -95.36351627443528, -31.208188593925794, 49.72295578700464, 0.0016000000400000006, 185.36351627443528
2025-04-01 17:19:09,302 - 2025-04-01T17:19:09.301968, 0.5844432377357314, 0.0, -3.7592397230212153, -95.96021627482116, -31.376036959085067, 49.71833437468423, 0.0016000000400000006, 185.96021627482116
2025-04-01 17:19:09,342 - 2025-04-01T17:19:09.342464, 0.577725358144284, 0.0, -3.7607330728780175, -96.27701627502462, -31.59470243562767, 49.77376829235273, 0.0016000000400000006, 186.27701627502464
2025-04-01 17:19:09,380 - 2025-04-01T17:19:09.380518, 0.5730245698126613, 0.0, -3.7575862349315585, -96.82531627537423, -31.75177057606284, 49.6752134757879, 0.0016000000400000006, 186.82531627537423
2025-04-01 17:19:09,420 - 2025-04-01T17:19:09.420714, 0.5670706745096927, 0.0, -3.757480732697967, -96.81771627536943, -31.94695212578994, 49.67752130317606, 0.0016000000400000006, 186.81771627536943
2025-04-01 17:19:09,480 - 2025-04-01T17:19:09.480314, 0.5591080682814193, 0.0, -3.755571046322289, -97.50571627580406, -32.20969592175451, 49.62265988025797, 0.0016000000400000006, 187.50571627580405
2025-04-01 17:19:09,520 - 2025-04-01T17:19:09.520785, 0.5528628072812327, 0.0, -3.7539941141615567, -97.90571627605462, -32.4158487197073, 49.57703840320863, 0.0016000000400000006, 187.90571627605462
2025-04-01 17:19:09,580 - 2025-04-01T17:19:09.580632, 0.5455849214934845, 0.0, -3.752968259171566, -98.37801627634856, -32.655301915375574, 49.55047276717364, 0.0016000000400000006, 188.37801627634855
2025-04-01 17:19:09,620 - 2025-04-01T17:19:09.620477, 0.5401490951780481, 0.0, -3.7506397849354163, -98.70291627654953, -32.835661231861465, 49.47944331018704, 0.0016000000400000006, 188.70291627654953
2025-04-01 17:19:09,661 - 2025-04-01T17:19:09.661051, 0.533994734970404, 0.0, -3.7507574728046364, -98.96601627671158, -33.03719492051147, 49.48925805382382, 0.0016000000400000006, 188.96601627671157
2025-04-01 17:19:09,701 - 2025-04-01T17:19:09.701912, 0.5286333053559047, 0.0, -3.748495820203379, -99.41691627698778, -33.21505193158116, 49.4203459764782, 0.0016000000400000006, 189.41691627698776
2025-04-01 17:19:09,741 - 2025-04-01T17:19:09.741772, 0.5223363728529162, 0.0, -3.7472757214152432, -99.7963162772188, -33.42255225762445, 49.38646617495942, 0.0016000000400000006, 189.7963162772188
2025-04-01 17:19:09,782 - 2025-04-01T17:19:09.782092, 0.5169838722639768, 0.0, -3.7465006488732167, -100.11611627741254, -33.59867739058279, 49.36625325360176, 0.0016000000400000006, 190.11611627741254
2025-04-01 17:19:09,820 - 2025-04-01T17:19:09.820924, 0.5115190996438748, 0.0, -3.7449526630171506, -100.48791627763659, -33.77922945783348, 49.32082452731723, 0.0016000000400000006, 190.4879162776366
2025-04-01 17:19:09,860 - 2025-04-01T17:19:09.860288, 0.5057794654181591, 0.0, -3.7435610456290043, -100.93461627790427, -33.96863596942329, 49.28078533764034, 0.0016000000400000006, 190.93461627790427
2025-04-01 17:19:09,920 - 2025-04-01T17:19:09.920755, 0.49993378026781077, 0.0, -3.7401923715392478, -101.67251627834261, -34.16343144186635, 49.17607055716301, 0.0016000000400000006, 191.6725162783426
2025-04-01 17:19:09,961 - 2025-04-01T17:19:09.961406, 0.49305195714239813, 0.0, -3.7412696414546067, -101.90921627848222, -34.387871380791836, 49.21803034543519, 0.0016000000400000006, 191.90921627848223
2025-04-01 17:19:10,001 - 2025-04-01T17:19:10.001708, 0.48892361722013744, 0.0, -3.738233721579797, -102.45081627879995, -34.526075855223084, 49.122555510826636, 0.0016000000400000006, 192.45081627879995
2025-04-01 17:19:10,060 - 2025-04-01T17:19:10.060496, 0.4814363375021533, 0.0, -3.7359444766333865, -102.81441627901192, -34.77361306792563, 49.05479763505227, 0.0016000000400000006, 192.81441627901194
2025-04-01 17:19:10,100 - 2025-04-01T17:19:10.100289, 0.47583792161226723, 0.0, -3.7345452841791955, -103.21981627924703, -34.95839989445825, 49.01437351960016, 0.0016000000400000006, 193.21981627924703
2025-04-01 17:19:10,140 - 2025-04-01T17:19:10.140817, 0.4698007005828022, 0.0, -3.732886380251481, -103.68391627951455, -35.15781562771289, 48.96586481135939, 0.0016000000400000006, 193.6839162795146
2025-04-01 17:19:10,200 - 2025-04-01T17:19:10.200856, 0.4621570523968983, 0.0, -3.730322273699458, -104.19741627980851, -35.41074237702308, 48.889252491245934, 0.0016000000400000006, 194.19741627980852
2025-04-01 17:19:10,240 - 2025-04-01T17:19:10.240832, 0.456661979512615, 0.0, -3.728209414500075, -104.62191628005003, -35.59283414737471, 48.8253450247327, 0.0016000000400000006, 194.62191628005002
2025-04-01 17:19:10,280 - 2025-04-01T17:19:10.280536, 0.45147964356417125, 0.0, -3.726646278511919, -104.97651628025068, -35.76414684451105, 48.77914644689774, 0.0016000000400000006, 194.97651628025068
2025-04-01 17:19:10,320 - 2025-04-01T17:19:10.320543, 0.44635655418457487, 0.0, -3.724867527486997, -105.45801628052162, -35.93372708778165, 48.72582587858938, 0.0016000000400000006, 195.45801628052163
2025-04-01 17:19:10,360 - 2025-04-01T17:19:10.360276, 0.4407278380305075, 0.0, -3.722903461689488, -105.80961628071839, -36.120053617415216, 48.66692302290856, 0.0016000000400000006, 195.8096162807184
2025-04-01 17:19:10,402 - 2025-04-01T17:19:10.402684, 0.4348759317736284, 0.0, -3.720738930987303, -106.19251628093166, -36.31388706329739, 48.601668028304836, 0.0016000000400000006, 196.19251628093167
2025-04-01 17:19:10,441 - 2025-04-01T17:19:10.441151, 0.4293808588893451, 0.0, -3.71862607178792, -106.63401628117623, -36.49597883364902, 48.537760561791615, 0.0016000000400000006, 196.63401628117623
2025-04-01 17:19:10,482 - 2025-04-01T17:19:10.482429, 0.42402700434089224, 0.0, -3.7165056375224914, -107.13261628145077, -36.673450918943445, 48.473468169503136, 0.0016000000400000006, 197.13261628145077
2025-04-01 17:19:10,520 - 2025-04-01T17:19:10.520244, 0.4187475464933752, 0.0, -3.7144520248919557, -107.60771628171074, -36.848420698821705, 48.41129315685568, 0.0016000000400000006, 197.60771628171074
2025-04-01 17:19:10,581 - 2025-04-01T17:19:10.581007, 0.41143043141588675, 0.0, -3.711374716499417, -108.34731628211225, -37.09114547570225, 48.31754962460401, 0.0016000000400000006, 198.34731628211225
2025-04-01 17:19:10,621 - 2025-04-01T17:19:10.621626, 0.40627704177211, 0.0, -3.709031092131177, -108.76891628233946, -37.26226542207375, 48.24575031606696, 0.0016000000400000006, 198.76891628233946
2025-04-01 17:19:10,681 - 2025-04-01T17:19:10.681123, 0.3992196381681441, 0.0, -3.7055149785990595, -109.45321628270572, -37.49690560616567, 48.13737787709331, 0.0016000000400000006, 199.45321628270574
2025-04-01 17:19:10,720 - 2025-04-01T17:19:10.720285, 0.3940813986564575, 0.0, -3.7034537909024783, -109.91901628295325, -37.667255700986715, 48.07481793867059, 0.0016000000400000006, 199.91901628295324
2025-04-01 17:19:10,761 - 2025-04-01T17:19:10.761843, 0.38894315914477007, 0.0, -3.701392603205897, -110.32181628316617, -37.8376057958078, 48.012258000247876, 0.0016000000400000006, 200.32181628316619
2025-04-01 17:19:10,802 - 2025-04-01T17:19:10.802061, 0.3840722061726516, 0.0, -3.699033828705567, -110.83741628343728, -37.999486372064965, 47.93968884016035, 0.0016000000400000006, 200.83741628343728
2025-04-01 17:19:10,840 - 2025-04-01T17:19:10.840396, 0.3795656616391736, 0.0, -3.696867944043868, -111.37211628371654, -38.14924034701636, 47.87308689322053, 0.0016000000400000006, 201.37211628371654
2025-04-01 17:19:10,882 - 2025-04-01T17:19:10.882647, 0.3747388051038123, 0.0, -3.694011117835112, -111.88491628398278, -38.31015832095823, 47.78415637254526, 0.0016000000400000006, 201.88491628398276
2025-04-01 17:19:10,920 - 2025-04-01T17:19:10.920787, 0.3696522370949267, 0.0, -3.691593096765935, -112.42871628426332, -38.4791608876888, 47.709854758592, 0.0016000000400000006, 202.42871628426332
2025-04-01 17:19:10,981 - 2025-04-01T17:19:10.981223, 0.3622152749202301, 0.0, -3.687601656723528, -113.2505162846839, -38.72669752463693, 47.586275736356306, 0.0016000000400000006, 203.2505162846839
2025-04-01 17:19:11,040 - 2025-04-01T17:19:11.040364, 0.3548678595785604, 0.0, -3.683959474987672, -113.91031628501874, -38.97096200461843, 47.474053463875954, 0.0016000000400000006, 203.91031628501872
2025-04-01 17:19:11,080 - 2025-04-01T17:19:11.080392, 0.34997418140830705, 0.0, -3.6811770454798536, -114.45951628529552, -39.13399735820127, 47.3876252486169, 0.0016000000400000006, 204.45951628529556
2025-04-01 17:19:11,120 - 2025-04-01T17:19:11.120457, 0.3450729281720073, 0.0, -3.6782533976362055, -115.01951628557605, -39.297417637559384, 47.29657734830065, 0.0016000000400000006, 205.01951628557606
2025-04-01 17:19:11,160 - 2025-04-01T17:19:11.160489, 0.34003045659987885, 0.0, -3.675337324858603, -115.66741628589837, -39.46545760197465, 47.20591437375966, 0.0016000000400000006, 205.66741628589835
2025-04-01 17:19:11,201 - 2025-04-01T17:19:11.201142, 0.3350548066626424, 0.0, -3.6723468553800633, -116.31161628621656, -39.63138018674894, 47.112749093802464, 0.0016000000400000006, 206.31161628621658
2025-04-01 17:19:11,241 - 2025-04-01T17:19:11.241848, 0.33048766160080323, 0.0, -3.669051224031729, -116.91461628651244, -39.7842135679022, 47.0091896664052, 0.0016000000400000006, 206.91461628651248
2025-04-01 17:19:11,280 - 2025-04-01T17:19:11.280431, 0.3258688450361631, 0.0, -3.6661124260559914, -117.45241628677475, -39.93839447714592, 46.91737191453853, 0.0016000000400000006, 207.45241628677473
2025-04-01 17:19:11,320 - 2025-04-01T17:19:11.320432, 0.3212348783394323, 0.0, -3.662891191408595, -118.11411628709541, -40.09334523794013, 46.81631479255749, 0.0016000000400000006, 208.1141162870954
2025-04-01 17:19:11,360 - 2025-04-01T17:19:11.360532, 0.31650378974362825, 0.0, -3.6591794801188176, -118.8118162874311, -40.251953081476245, 46.69928123576392, 0.0016000000400000006, 208.8118162874311
2025-04-01 17:19:11,400 - 2025-04-01T17:19:11.400569, 0.3125242432232427, 0.0, -3.656277203513791, -119.45081628773646, -40.38515294507506, 46.60804116043729, 0.0016000000400000006, 209.45081628773647
2025-04-01 17:19:11,440 - 2025-04-01T17:19:11.440373, 0.3079495230953584, 0.0, -3.652840353829628, -120.16621628807592, -40.53837125200355, 46.49986204798287, 0.0016000000400000006, 210.16621628807593
2025-04-01 17:19:11,480 - 2025-04-01T17:19:11.480364, 0.3030255446609238, 0.0, -3.649493050978492, -120.82781628838774, -40.70294630868733, 46.39495509249511, 0.0016000000400000006, 210.82781628838774
2025-04-01 17:19:11,521 - 2025-04-01T17:19:11.521053, 0.2989261510433292, 0.0, -3.6456766427235974, -121.55361628872747, -40.840958032353775, 46.273879527184434, 0.0016000000400000006, 211.55361628872748
2025-04-01 17:19:11,561 - 2025-04-01T17:19:11.560966, 0.2946338675871041, 0.0, -3.642224642907344, -122.31231628908003, -40.98493696916788, 46.16493056317955, 0.0016000000400000006, 212.31231628908003
2025-04-01 17:19:11,603 - 2025-04-01T17:19:11.603551, 0.29018521566295963, 0.0, -3.6384977814854764, -123.09451628944083, -41.13430544258962, 46.047127154835536, 0.0016000000400000006, 213.09451628944083
2025-04-01 17:19:11,640 - 2025-04-01T17:19:11.640436, 0.2857882352416161, 0.0, -3.634414086691014, -123.97051628984174, -41.28232638792087, 45.917582070961004, 0.0016000000400000006, 213.97051628984173
2025-04-01 17:19:11,680 - 2025-04-01T17:19:11.680257, 0.28169641669006706, 0.0, -3.6307388967719483, -124.71021629017774, -41.41995318581206, 45.8011261907075, 0.0016000000400000006, 214.71021629017778
2025-04-01 17:19:11,701 - 2025-04-01T17:19:11.701366, 0.27953891236288664, 0.0, -3.628801069360077, -125.22601629041067, -41.49252004288197, 45.73972218111928, 0.0016000000400000006, 215.22601629041066
2025-04-01 17:19:11,740 - 2025-04-01T17:19:11.740760, 0.27549119024809476, 0.0, -3.6246278277325867, -126.09781629080199, -41.62918423845787, 45.60690494027806, 0.0016000000400000006, 216.09781629080197
2025-04-01 17:19:11,780 - 2025-04-01T17:19:11.780317, 0.2713993716965457, 0.0, -3.620952637813521, -126.91091629116416, -41.76681103634907, 45.49044906002456, 0.0016000000400000006, 216.91091629116414
2025-04-01 17:19:11,820 - 2025-04-01T17:19:11.820248, 0.2672772528808163, 0.0, -3.616712574551138, -127.76591629154234, -41.90597753734118, 45.35551443954235, 0.0016000000400000006, 217.76591629154234
2025-04-01 17:19:11,860 - 2025-04-01T17:19:11.860441, 0.2633858992339433, 0.0, -3.6128141945292613, -128.57011629189543, -42.03725219630947, 45.231551643040255, 0.0016000000400000006, 218.57011629189543
2025-04-01 17:19:11,900 - 2025-04-01T17:19:11.900774, 0.25938984862195325, 0.0, -3.6082841195291744, -129.34291629223253, -42.17256886379486, 45.086992726668456, 0.0016000000400000006, 219.34291629223253
2025-04-01 17:19:11,920 - 2025-04-01T17:19:11.920533, 0.2576635743683062, 0.0, -3.606464785254998, -129.83241629244492, -42.23089173991799, 45.02905362481175, 0.0016000000400000006, 219.83241629244492
2025-04-01 17:19:11,960 - 2025-04-01T17:19:11.960598, 0.25396511056006466, 0.0, -3.602201996794479, -130.62021629278502, -42.35619918573858, 44.892964227003844, 0.0016000000400000006, 220.62021629278502
2025-04-01 17:19:12,000 - 2025-04-01T17:19:12.000468, 0.2504898368546349, 0.0, -3.598139673238637, -131.4867162931566, -42.47399971531056, 44.76322696811886, 0.0016000000400000006, 221.4867162931566
2025-04-01 17:19:12,040 - 2025-04-01T17:19:12.040814, 0.24757186142647702, 0.0, -3.593905831082785, -132.33011629351586, -42.573706430429084, 44.62733032107579, 0.0016000000400000006, 222.33011629351589
2025-04-01 17:19:12,080 - 2025-04-01T17:19:12.080755, 0.24465388599832005, 0.0, -3.5896719889269333, -133.11871629384967, -42.67341314554756, 44.49143367403272, 0.0016000000400000006, 223.11871629384967
2025-04-01 17:19:12,101 - 2025-04-01T17:19:12.101236, 0.24303852981632135, 0.0, -3.5872802062433937, -133.60481629405444, -42.728656039714465, 44.41463090617206, 0.0016000000400000006, 223.60481629405444
2025-04-01 17:19:12,140 - 2025-04-01T17:19:12.140458, 0.24011297932211884, 0.0, -3.5829051457517127, -134.5110162944342, -42.828747680608195, 44.27411457407181, 0.0016000000400000006, 224.5110162944342
2025-04-01 17:19:12,180 - 2025-04-01T17:19:12.180469, 0.2371206071930243, 0.0, -3.5786044819609684, -135.39511629480228, -42.9309567011429, 44.13610054738776, 0.0016000000400000006, 225.39511629480228
2025-04-01 17:19:12,220 - 2025-04-01T17:19:12.220303, 0.23369700499039592, 0.0, -3.5741853250325306, -136.28271629516948, -43.04740970262438, 43.99462161297223, 0.0016000000400000006, 226.28271629516948
2025-04-01 17:19:12,260 - 2025-04-01T17:19:12.260892, 0.23046629262639895, 0.0, -3.5694017596654515, -137.22551629555701, -43.15789549095817, 43.84101607725091, 0.0016000000400000006, 227.22551629555701
2025-04-01 17:19:12,300 - 2025-04-01T17:19:12.300870, 0.22765166020384564, 0.0, -3.5644542507644075, -138.14721629593345, -43.25490714989563, 43.68163607914672, 0.0016000000400000006, 228.14721629593345
2025-04-01 17:19:12,322 - 2025-04-01T17:19:12.322128, 0.22594675718881918, 0.0, -3.561713209774317, -138.77541629618872, -43.3134222010292, 43.593476561530736, 0.0016000000400000006, 228.77541629618872
2025-04-01 17:19:12,361 - 2025-04-01T17:19:12.361051, 0.22284968809460715, 0.0, -3.556780851005364, -139.7208162965709, -43.41967323008102, 43.434866414977016, 0.0016000000400000006, 229.7208162965709
2025-04-01 17:19:12,403 - 2025-04-01T17:19:12.403050, 0.22013082361161151, 0.0, -3.550978457023299, -140.82171629701304, -43.5143747586127, 43.247383380754556, 0.0016000000400000006, 230.82171629701304
2025-04-01 17:19:12,440 - 2025-04-01T17:19:12.440307, 0.21681056441458724, 0.0, -3.545845633349669, -141.7522162973844, -43.62813270391315, 43.082421095277915, 0.0016000000400000006, 231.7522162973844
2025-04-01 17:19:12,480 - 2025-04-01T17:19:12.480466, 0.21404002842878933, 0.0, -3.5404000727401996, -142.88151629783226, -43.72418176053537, 42.90667973658598, 0.0016000000400000006, 232.8815162978323
2025-04-01 17:19:12,520 - 2025-04-01T17:19:12.520805, 0.2112770675090374, 0.0, -3.5350957304665593, -143.87971629822567, -43.81984589138234, 42.73555806295122, 0.0016000000400000006, 233.87971629822565
2025-04-01 17:19:12,560 - 2025-04-01T17:19:12.560478, 0.20858850329022216, 0.0, -3.529858209827812, -144.90801629862864, -43.91300771681312, 42.56655376895746, 0.0016000000400000006, 234.90801629862864
2025-04-01 17:19:12,602 - 2025-04-01T17:19:12.602740, 0.20610797904212896, 0.0, -3.524538717422082, -145.84171629899254, -43.99943247754574, 42.39466224377227, 0.0016000000400000006, 235.84171629899254
2025-04-01 17:19:12,640 - 2025-04-01T17:19:12.640822, 0.2039174665317396, 0.0, -3.5193452932200904, -146.7329162993382, -44.076232942388756, 42.226620552093756, 0.0016000000400000006, 236.7329162993382
2025-04-01 17:19:12,683 - 2025-04-01T17:19:12.683072, 0.20157058555343044, 0.0, -3.513877007412486, -147.66131629969658, -44.15842294383943, 42.04972441607616, 0.0016000000400000006, 237.66131629969658
2025-04-01 17:19:12,720 - 2025-04-01T17:19:12.720323, 0.19980372805052893, 0.0, -3.5086608580123597, -148.5913163000539, -44.221364353510936, 41.88052794707198, 0.0016000000400000006, 238.5913163000539
2025-04-01 17:19:12,740 - 2025-04-01T17:19:12.740632, 0.19893855998443355, 0.0, -3.505733148290169, -149.0876163002439, -44.25254622007668, 41.78543918974742, 0.0016000000400000006, 239.08761630024387
2025-04-01 17:19:12,781 - 2025-04-01T17:19:12.781062, 0.19680729404289066, 0.0, -3.5003241090514114, -149.92571630056372, -44.327614231053985, 41.61027550759556, 0.0016000000400000006, 239.92571630056372
2025-04-01 17:19:12,823 - 2025-04-01T17:19:12.823361, 0.1946684530353031, 0.0, -3.4947738514768245, -150.75301630087824, -44.403067167806505, 41.43049214038653, 0.0016000000400000006, 240.75301630087824
2025-04-01 17:19:12,861 - 2025-04-01T17:19:12.861796, 0.19275280213052737, 0.0, -3.4894240588069136, -151.57541630118968, -44.47101318831041, 41.25706091210039, 0.0016000000400000006, 241.5754163011897
2025-04-01 17:19:12,900 - 2025-04-01T17:19:12.900594, 0.19056986468618264, 0.0, -3.484371852940752, -152.35671630148454, -44.54742872737822, 41.09363890547908, 0.0016000000400000006, 242.35671630148457
2025-04-01 17:19:12,941 - 2025-04-01T17:19:12.940988, 0.18872861048234402, 0.0, -3.4790888819057333, -153.0751163017548, -44.61287244246593, 40.92232505683393, 0.0016000000400000006, 243.0751163017548
2025-04-01 17:19:12,980 - 2025-04-01T17:19:12.980739, 0.1869541779133974, 0.0, -3.4737315141697773, -153.70681630199172, -44.67619877791267, 40.748508902772556, 0.0016000000400000006, 243.70681630199172
2025-04-01 17:19:13,020 - 2025-04-01T17:19:13.020254, 0.18503852700862167, 0.0, -3.468381721499867, -154.26251630219966, -44.74414479841657, 40.57507767448645, 0.0016000000400000006, 244.26251630219966
2025-04-01 17:19:13,060 - 2025-04-01T17:19:13.060242, 0.18353895604528825, 0.0, -3.4628679852959907, -154.8511163024194, -44.798616689524195, 40.39587198381742, 0.0016000000400000006, 244.85111630241943
2025-04-01 17:19:13,100 - 2025-04-01T17:19:13.100950, 0.18183134511123367, 0.0, -3.4574362208590976, -155.5449163026778, -44.85982564532996, 40.219553524339865, 0.0016000000400000006, 245.54491630267782
2025-04-01 17:19:13,140 - 2025-04-01T17:19:13.140450, 0.1797744758706279, 0.0, -3.4520940032552323, -156.0011163028473, -44.932391350891066, 40.04650722182898, 0.0016000000400000006, 246.00111630284727
2025-04-01 17:19:13,180 - 2025-04-01T17:19:13.180429, 0.17829763010543065, 0.0, -3.447003922058845, -156.6002163030695, -44.985708464672975, 39.88116058633152, 0.0016000000400000006, 246.6002163030695
2025-04-01 17:19:13,220 - 2025-04-01T17:19:13.220291, 0.17685730571094416, 0.0, -3.4412745708182024, -157.04511630323418, -45.038447901914864, 39.69483290518913, 0.0016000000400000006, 247.04511630323415
2025-04-01 17:19:13,260 - 2025-04-01T17:19:13.260729, 0.17501605150710597, 0.0, -3.4359915997831836, -157.41781630337192, -45.10389161700256, 39.52351905654397, 0.0016000000400000006, 247.41781630337192
2025-04-01 17:19:13,305 - 2025-04-01T17:19:13.305011, 0.17316722223722136, 0.0, -3.430567410412336, -157.85781630353435, -45.16972025786552, 39.347585522841655, 0.0016000000400000006, 247.85781630353435
2025-04-01 17:19:13,360 - 2025-04-01T17:19:13.360250, 0.17064746869938796, 0.0, -3.4231964646040574, -158.43081630374547, -45.25941659981039, 39.10851610143977, 0.0016000000400000006, 248.43081630374544
2025-04-01 17:19:13,400 - 2025-04-01T17:19:13.400565, 0.16952745630678612, 0.0, -3.4181580549104718, -158.7276163038547, -45.30099203806177, 38.94451699403281, 0.0016000000400000006, 248.72761630385472
2025-04-01 17:19:13,440 - 2025-04-01T17:19:13.440530, 0.16776817386993015, 0.0, -3.4130831238461745, -159.01111630395891, -45.36354852195803, 38.779940210085805, 0.0016000000400000006, 249.01111630395891
2025-04-01 17:19:13,480 - 2025-04-01T17:19:13.480940, 0.1664249713745165, 0.0, -3.407844249247913, -159.44391630411783, -45.41263087645802, 38.60958896375594, 0.0016000000400000006, 249.44391630411783
2025-04-01 17:19:13,521 - 2025-04-01T17:19:13.521011, 0.16508176887910286, 0.0, -3.4026053746496503, -159.79161630424534, -45.461713230958004, 38.439237717426046, 0.0016000000400000006, 249.79161630424537
2025-04-01 17:19:13,561 - 2025-04-01T17:19:13.561787, 0.16364144448461682, 0.0, -3.3968760234090087, -160.12911630436898, -45.51445266819987, 38.25291003628369, 0.0016000000400000006, 250.12911630436898
2025-04-01 17:19:13,622 - 2025-04-01T17:19:13.622656, 0.16132215585145948, 0.0, -3.3892818874979183, -160.54061630451955, -45.59779687122183, 38.00633369863319, 0.0016000000400000006, 250.54061630451957
2025-04-01 17:19:13,660 - 2025-04-01T17:19:13.660886, 0.15977091338532512, 0.0, -3.384124984666639, -160.93031630466197, -45.65361629041995, 37.838869683494764, 0.0016000000400000006, 250.93031630466197
2025-04-01 17:19:13,700 - 2025-04-01T17:19:13.700736, 0.1584718073266682, 0.0, -3.3783880583599517, -161.2561163047809, -45.70173604260465, 37.65215707657716, 0.0016000000400000006, 251.2561163047809
2025-04-01 17:19:13,740 - 2025-04-01T17:19:13.740830, 0.1569281399265785, 0.0, -3.373372373864501, -161.5034163048711, -45.757170536027544, 37.48931274649588, 0.0016000000400000006, 251.50341630487114
2025-04-01 17:19:13,782 - 2025-04-01T17:19:13.782788, 0.155487815532092, 0.0, -3.3676430226238594, -161.96131630503797, -45.809909973269434, 37.30298506535352, 0.0016000000400000006, 251.96131630503797
2025-04-01 17:19:13,820 - 2025-04-01T17:19:13.820328, 0.15436022807344552, 0.0, -3.362463394594444, -162.26351630514802, -45.85187033729602, 37.13436627288939, 0.0016000000400000006, 252.26351630514802
2025-04-01 17:19:13,860 - 2025-04-01T17:19:13.860500, 0.15280141054126473, 0.0, -3.357165273427335, -162.5728163052605, -45.908074682269394, 36.96228257269376, 0.0016000000400000006, 252.5728163052605
2025-04-01 17:19:13,901 - 2025-04-01T17:19:13.901539, 0.15124259300908527, 0.0, -3.3518671522602257, -162.91421630538457, -45.96427902724274, 36.790198872498124, 0.0016000000400000006, 252.91421630538457
2025-04-01 17:19:13,940 - 2025-04-01T17:19:13.940629, 0.15045668879094398, 0.0, -3.3464567590619536, -163.22391630549703, -45.99526756728925, 36.61368823801015, 0.0016000000400000006, 253.22391630549706
2025-04-01 17:19:13,980 - 2025-04-01T17:19:13.980456, 0.14894954276156547, 0.0, -3.340801804522249, -163.5249163056062, -46.0501243841721, 36.429862862284, 0.0016000000400000006, 253.5249163056062
2025-04-01 17:19:14,021 - 2025-04-01T17:19:14.021031, 0.14801484514154994, 0.0, -3.335257768054193, -163.87141630573186, -46.08611753505101, 36.24911746851407, 0.0016000000400000006, 253.87141630573186
2025-04-01 17:19:14,061 - 2025-04-01T17:19:14.060991, 0.14680528591592035, 0.0, -3.3298701000540563, -164.21911630585777, -46.13096513026905, 36.07376161135179, 0.0016000000400000006, 254.2191163058578
2025-04-01 17:19:14,100 - 2025-04-01T17:19:14.100854, 0.1456033017563363, 0.0, -3.3246236503897495, -164.53981630597383, -46.175427799711855, 35.9030254392467, 0.0016000000400000006, 254.53981630597383
2025-04-01 17:19:14,140 - 2025-04-01T17:19:14.140685, 0.14426009926092265, 0.0, -3.3193847757914874, -164.86641630609196, -46.22451015421184, 35.73267419291682, 0.0016000000400000006, 254.86641630609196
2025-04-01 17:19:14,180 - 2025-04-01T17:19:14.180903, 0.1434666199767367, 0.0, -3.313833164257386, -165.1131163061811, -46.25588362003356, 35.55154387337167, 0.0016000000400000006, 255.11311630618113
2025-04-01 17:19:14,221 - 2025-04-01T17:19:14.221367, 0.14233145745204512, 0.0, -3.3085123178921414, -165.33841630626247, -46.29822890983537, 35.378305395850354, 0.0016000000400000006, 255.33841630626247
2025-04-01 17:19:14,261 - 2025-04-01T17:19:14.261579, 0.14147115653296582, 0.0, -3.3030351030589777, -165.7401163064075, -46.33171975529811, 35.19967738172141, 0.0016000000400000006, 255.7401163064075
2025-04-01 17:19:14,321 - 2025-04-01T17:19:14.321753, 0.14020099677897546, 0.0, -3.296517688372206, -166.20121630657377, -46.37964675671799, 34.98736404410171, 0.0016000000400000006, 256.20121630657377
2025-04-01 17:19:14,380 - 2025-04-01T17:19:14.380956, 0.13884264415147163, 0.0, -3.290996377102285, -166.3997163066453, -46.429498962768434, 34.80777342765747, 0.0016000000400000006, 256.3997163066453
2025-04-01 17:19:14,440 - 2025-04-01T17:19:14.440364, 0.1377212777993564, 0.0, -3.2846126056852984, -166.7573163067741, -46.472421353355884, 34.59969484931975, 0.0016000000400000006, 256.7573163067741
2025-04-01 17:19:14,501 - 2025-04-01T17:19:14.501823, 0.13667430814817694, 0.0, -3.278295655903203, -167.10451630689903, -46.512841438527175, 34.393733650622956, 0.0016000000400000006, 257.10451630689903
2025-04-01 17:19:14,680 - 2025-04-01T17:19:14.680377, 0.13597795076306296, 0.0, -3.2732345210114824, -167.31221630697377, -46.540557821607024, 34.22857976589032, 0.0016000000400000006, 257.31221630697377
2025-04-01 17:19:14,840 - 2025-04-01T17:19:14.840263, 0.1351252249100301, 0.0, -3.2678985245141474, -167.52521630705033, -46.57366374129449, 34.054571436818556, 0.0016000000400000006, 257.5252163070503
2025-04-01 17:19:14,900 - 2025-04-01T17:19:14.900614, 0.13387779035417458, 0.0, -3.261804764834864, -167.88291630717885, -46.620435965388694, 33.85611715437039, 0.0016000000400000006, 257.88291630717885
2025-04-01 17:19:14,940 - 2025-04-01T17:19:14.940201, 0.13317385790301595, 0.0, -3.2566024116073136, -167.9050163071868, -46.64853727424375, 33.686343584580555, 0.0016000000400000006, 257.90501630718677
2025-04-01 17:19:15,000 - 2025-04-01T17:19:15.000494, 0.13202219128671944, 0.0, -3.249653766847009, -168.25541630731263, -46.692999367932146, 33.4597862660141, 0.0016000000400000006, 258.25541630731266
2025-04-01 17:19:15,700 - 2025-04-01T17:19:15.700796, 0.1318149565844715, 0.0, -3.2431501483328136, -168.46121630738648, -46.7060862685356, 33.24689582760877, 0.0016000000400000006, 258.4612163073865
2025-04-01 17:19:15,761 - 2025-04-01T17:19:15.761628, 0.13132663917007958, 0.0, -3.23800704167411, -168.60261630743724, -46.72706558691728, 33.078854711684684, 0.0016000000400000006, 258.60261630743724
2025-04-01 17:19:15,820 - 2025-04-01T17:19:15.820611, 0.1300186040858633, 0.0, -3.2307835353081917, -168.82961630751865, -46.77691721721332, 32.84344294877911, 0.0016000000400000006, 258.8296163075187
2025-04-01 17:19:15,860 - 2025-04-01T17:19:15.860771, 0.12912800290260407, 0.0, -3.22474144713171, -169.14311630763106, -46.81194776577695, 32.64633619442145, 0.0016000000400000006, 259.1431163076311
2025-04-01 17:19:15,901 - 2025-04-01T17:19:15.901045, 0.1276346530458019, 0.0, -3.2180235675402633, -169.2637163076743, -46.86738168344544, 32.42767071787887, 0.0016000000400000006, 259.26371630767426
2025-04-01 17:19:15,940 - 2025-04-01T17:19:15.940500, 0.1264754113634603, 0.0, -3.2109337044441286, -169.56891630778364, -46.91222870290906, 32.19649371425521, 0.0016000000400000006, 259.56891630778364
2025-04-01 17:19:15,982 - 2025-04-01T17:19:15.982302, 0.12550905951974967, 0.0, -3.2034794329093543, -169.73381630784272, -46.951108509225, 31.953190109325828, 0.0016000000400000006, 259.73381630784274
2025-04-01 17:19:16,022 - 2025-04-01T17:19:16.022377, 0.12446831097510147, 0.0, -3.1959583397396862, -169.91451630790743, -46.992490620957156, 31.707769124755412, 0.0016000000400000006, 259.91451630790743
2025-04-01 17:19:16,062 - 2025-04-01T17:19:16.062046, 0.12345786269463455, 0.0, -3.189002119913337, -170.07521630796492, -47.03233302958837, 31.480826880413737, 0.0016000000400000006, 260.0752163079649
2025-04-01 17:19:16,101 - 2025-04-01T17:19:16.101167, 0.1224928648104382, 0.0, -3.1828932101019634, -170.30961630804885, -47.0698658835682, 31.28160274641511, 0.0016000000400000006, 260.3096163080488
2025-04-01 17:19:16,140 - 2025-04-01T17:19:16.140342, 0.12155059212437713, 0.0, -3.177207955298078, -170.43581630809396, -47.10624396022235, 31.09623766758803, 0.0016000000400000006, 260.435816308094
2025-04-01 17:19:16,180 - 2025-04-01T17:19:16.180800, 0.12112152127883169, 0.0, -3.1718492336026074, -170.56301630813945, -47.12549082473831, 30.921074561190547, 0.0016000000400000006, 260.5630163081395
2025-04-01 17:19:16,241 - 2025-04-01T17:19:16.241462, 0.12051957787376244, 0.0, -3.1645878519064636, -170.76741630821255, -47.15224402974845, 30.683738169408816, 0.0016000000400000006, 260.76741630821255
2025-04-01 17:19:16,301 - 2025-04-01T17:19:16.301421, 0.11973231969610731, 0.0, -3.15783209698479, -170.9958163082942, -47.18457952213105, 30.46314806399005, 0.0016000000400000006, 260.9958163082942
2025-04-01 17:19:16,360 - 2025-04-01T17:19:16.360334, 0.11851383144491834, 0.0, -3.1509578489254233, -171.19191630836428, -47.23115899546043, 30.239093050839827, 0.0016000000400000006, 261.1919163083643
2025-04-01 17:19:16,420 - 2025-04-01T17:19:16.420827, 0.11762187630214482, 0.0, -3.1435703990255406, -171.43381630845073, -47.26753649636017, 29.99790682555138, 0.0016000000400000006, 261.43381630845073
2025-04-01 17:19:16,480 - 2025-04-01T17:19:16.480337, 0.11693038606404782, 0.0, -3.1359597590228456, -171.63101630852114, -47.297561858336984, 29.749213684014325, 0.0016000000400000006, 261.6310163085211
2025-04-01 17:19:16,520 - 2025-04-01T17:19:16.520516, 0.1165605617873493, 0.0, -3.1303854222906087, -171.81171630858566, -47.315076268987205, 29.566928587143476, 0.0016000000400000006, 261.8117163085857
2025-04-01 17:19:16,560 - 2025-04-01T17:19:16.560816, 0.11569268580222536, 0.0, -3.124766989121615, -172.04761630866992, -47.34895204022516, 29.383680887957347, 0.0016000000400000006, 262.04761630866994
2025-04-01 17:19:16,601 - 2025-04-01T17:19:16.600925, 0.11533043659157238, 0.0, -3.1193338707252076, -172.2167163087302, -47.36608152510013, 29.20601547614368, 0.0016000000400000006, 262.2167163087302
2025-04-01 17:19:16,640 - 2025-04-01T17:19:16.640640, 0.11458105374414318, 0.0, -3.113284207482681, -172.3621163087821, -47.39649238860656, 29.008523796010792, 0.0016000000400000006, 262.3621163087821
2025-04-01 17:19:16,682 - 2025-04-01T17:19:16.682394, 0.11392121772974084, 0.0, -3.1075838025467055, -172.53091630884234, -47.42363109514636, 28.822388865633254, 0.0016000000400000006, 262.53091630884234
2025-04-01 17:19:16,720 - 2025-04-01T17:19:16.720292, 0.11347699675210476, 0.0, -3.101942644179576, -172.7551163089223, -47.44364781121279, 28.637986389121426, 0.0016000000400000006, 262.7551163089223
2025-04-01 17:19:16,760 - 2025-04-01T17:19:16.760563, 0.11273518897072021, 0.0, -3.096034199272879, -172.8263163089477, -47.47367374894401, 28.44511439404572, 0.0016000000400000006, 262.8263163089477
2025-04-01 17:19:16,800 - 2025-04-01T17:19:16.800547, 0.11229854305913012, 0.0, -3.090534259241579, -173.0377163090231, -47.49330553923518, 28.265331602591065, 0.0016000000400000006, 263.0377163090231
2025-04-01 17:19:16,840 - 2025-04-01T17:19:16.840649, 0.11157946047588085, 0.0, -3.08504946934237, -173.29781630911583, -47.52217669964072, 28.086318662686892, 0.0016000000400000006, 263.29781630911583
2025-04-01 17:19:16,880 - 2025-04-01T17:19:16.880827, 0.11109871812753358, 0.0, -3.080047581019496, -173.4688163091768, -47.54277109224718, 27.922897231820002, 0.0016000000400000006, 263.46881630917676
2025-04-01 17:19:16,920 - 2025-04-01T17:19:16.920599, 0.1106393470178082, 0.0, -3.074123985980709, -173.6061163092257, -47.563557659864045, 27.72925538519384, 0.0016000000400000006, 263.60611630922574
2025-04-01 17:19:16,962 - 2025-04-01T17:19:16.962000, 0.10998708606945096, 0.0, -3.068564799380562, -173.84281630931005, -47.59031144062861, 27.547740139873447, 0.0016000000400000006, 263.84281630931
2025-04-01 17:19:17,001 - 2025-04-01T17:19:17.001229, 0.10984045189556424, 0.0, -3.063190927553001, -174.04191630938092, -47.60031893503022, 27.371807181925508, 0.0016000000400000006, 264.0419163093809
2025-04-01 17:19:17,041 - 2025-04-01T17:19:17.041397, 0.10941895611606434, 0.0, -3.05797342419336, -174.20921630944054, -47.61918087377092, 27.201263760585206, 0.0016000000400000006, 264.20921630944054
2025-04-01 17:19:17,080 - 2025-04-01T17:19:17.080347, 0.10890791350353668, 0.0, -3.052406662527169, -174.4140163095135, -47.64131496947831, 27.01936358948963, 0.0016000000400000006, 264.4140163095135
2025-04-01 17:19:17,120 - 2025-04-01T17:19:17.120498, 0.10817368078819722, 0.0, -3.046639435956301, -174.51951630955108, -47.6709559814343, 26.8311112794711, 0.0016000000400000006, 264.5195163095511
2025-04-01 17:19:17,160 - 2025-04-01T17:19:17.160556, 0.10802704661431095, 0.0, -3.0412655641287403, -174.73791630962882, -47.68096347583589, 26.655178321523156, 0.0016000000400000006, 264.7379163096288
2025-04-01 17:19:17,200 - 2025-04-01T17:19:17.200483, 0.10759797576876551, 0.0, -3.03590684243327, -174.88771630968213, -47.700210340351845, 26.480015215125682, 0.0016000000400000006, 264.8877163096821
2025-04-01 17:19:17,240 - 2025-04-01T17:19:17.240675, 0.10772620320049242, 0.0, -3.03037660213779, -175.1563163097777, -47.70136339041432, 26.298692720570127, 0.0016000000400000006, 265.1563163097777
2025-04-01 17:19:17,281 - 2025-04-01T17:19:17.280986, 0.10743077562473147, 0.0, -3.0248690870404458, -175.3178163098352, -47.71637549564833, 26.11852500334027, 0.0016000000400000006, 265.31781630983517
2025-04-01 17:19:17,320 - 2025-04-01T17:19:17.320215, 0.10741020965458414, 0.0, -3.019205203475181, -175.47301630989043, -47.7225331565432, 25.932967749502755, 0.0016000000400000006, 265.47301630989045
2025-04-01 17:19:17,360 - 2025-04-01T17:19:17.360591, 0.10725600041465233, 0.0, -3.0136901133117915, -175.6925163099685, -47.732925576720035, 25.75241510649767, 0.0016000000400000006, 265.6925163099685
2025-04-01 17:19:17,402 - 2025-04-01T17:19:17.401957, 0.1068042043709716, 0.0, -3.007907736608833, -175.94541631005848, -47.75332721856168, 25.563392944928655, 0.0016000000400000006, 265.9454163100585
2025-04-01 17:19:17,441 - 2025-04-01T17:19:17.440982, 0.10708122520457275, 0.0, -3.002511139583137, -176.1893163101452, -47.74947565779175, 25.386305209655056, 0.0016000000400000006, 266.18931631014516
2025-04-01 17:19:17,481 - 2025-04-01T17:19:17.481676, 0.10707580936651562, 0.0, -2.9971296926895317, -176.4133163102249, -47.75486346713617, 25.2099873259319, 0.0016000000400000006, 266.4133163102249
2025-04-01 17:19:17,523 - 2025-04-01T17:19:17.523181, 0.10671356015586264, 0.0, -2.9916965742931234, -176.55841631027644, -47.77199295201114, 25.032321914118207, 0.0016000000400000006, 266.55841631027647
2025-04-01 17:19:17,560 - 2025-04-01T17:19:17.560355, 0.10657450104802102, 0.0, -2.986463920801393, -176.68961631032312, -47.781615520637516, 24.86100864122748, 0.0016000000400000006, 266.6896163103231
2025-04-01 17:19:17,600 - 2025-04-01T17:19:17.600779, 0.10648711344298167, 0.0, -2.980874433937066, -176.9434163104133, -47.789890561173365, 24.677953692806174, 0.0016000000400000006, 266.94341631041334
2025-04-01 17:19:17,640 - 2025-04-01T17:19:17.640379, 0.10626608256815784, 0.0, -2.975433740474613, -177.15941631049012, -47.802400360991165, 24.499903355217267, 0.0016000000400000006, 267.1594163104901
2025-04-01 17:19:17,680 - 2025-04-01T17:19:17.680928, 0.10625309166405517, 0.0, -2.969911075245178, -177.36641631056366, -47.80817309611082, 24.318965786436923, 0.0016000000400000006, 267.36641631056364
2025-04-01 17:19:17,720 - 2025-04-01T17:19:17.720365, 0.10646329086276429, 0.0, -2.964588874920419, -177.55111631062934, -47.806438914981875, 24.144380356579504, 0.0016000000400000006, 267.55111631062937
2025-04-01 17:19:17,761 - 2025-04-01T17:19:17.761238, 0.10666591499542921, 0.0, -2.959125456259831, -177.76941631070693, -47.80508965962813, 23.965175241664927, 0.0016000000400000006, 267.7694163107069
2025-04-01 17:19:17,800 - 2025-04-01T17:19:17.800581, 0.10657852739038942, 0.0, -2.953535969395504, -177.9343163107655, -47.813364700163994, 23.78212029324362, 0.0016000000400000006, 267.9343163107655
2025-04-01 17:19:17,840 - 2025-04-01T17:19:17.840481, 0.10636507158161068, 0.0, -2.9482364942688806, -178.15231631084293, -47.825489574206564, 23.608689640711898, 0.0016000000400000006, 268.15231631084293
2025-04-01 17:19:17,880 - 2025-04-01T17:19:17.880664, 0.10641132724635538, 0.0, -2.942498214002679, -178.36891631091993, -47.829529855460464, 23.420630081458192, 0.0016000000400000006, 268.36891631091993
2025-04-01 17:19:17,921 - 2025-04-01T17:19:17.921650, 0.10668077301391143, 0.0, -2.9369603986411534, -178.53731631097978, -47.82606322046578, 23.23892266112738, 0.0016000000400000006, 268.5373163109798
2025-04-01 17:19:17,960 - 2025-04-01T17:19:17.960762, 0.10666020704376455, 0.0, -2.931296515075889, -178.75681631105778, -47.832220881360634, 23.053365407289878, 0.0016000000400000006, 268.7568163110578
2025-04-01 17:19:18,003 - 2025-04-01T17:19:18.003566, 0.10684010597829285, 0.0, -2.9254094414078127, -178.91751631111484, -47.83202640333262, 22.86030123720374, 0.0016000000400000006, 268.9175163111148
2025-04-01 17:19:18,040 - 2025-04-01T17:19:18.040516, 0.1067754435713888, 0.0, -2.9202436095509743, -179.0849163111743, -47.83914666654278, 22.691105343953993, 0.0016000000400000006, 269.0849163111743
2025-04-01 17:19:18,080 - 2025-04-01T17:19:18.080750, 0.10698564277009792, 0.0, -2.9149214092262152, -179.38831631128213, -47.83741248541383, 22.51651991409656, 0.0016000000400000006, 269.3883163112821
2025-04-01 17:19:18,120 - 2025-04-01T17:19:18.120541, 0.10726266360369996, 0.0, -2.9095248122005195, -179.51421631132683, -47.833560924643876, 22.33943217882296, 0.0016000000400000006, 269.51421631132683
2025-04-01 17:19:18,160 - 2025-04-01T17:19:18.160118, 0.10769605290522088, 0.0, -2.904403076780437, -179.71701631139888, -47.824319827266315, 22.171198887888448, 0.0016000000400000006, 269.7170163113989
2025-04-01 17:19:18,200 - 2025-04-01T17:19:18.200820, 0.10795034854068675, 0.0, -2.898582824747253, -179.9770163114912, -47.821623043822086, 21.980252097443305, 0.0016000000400000006, 269.9770163114912
2025-04-01 17:19:18,220 - 2025-04-01T17:19:18.220899, 0.10794764062165862, 0.0, -2.8958921013004497, 179.9464836884816, -47.82431694849428, 21.89209315558172, 0.0016000000400000006, -89.9464836884816
2025-04-01 17:19:18,262 - 2025-04-01T17:19:18.262083, 0.10786782808266393, 0.0, -2.890443832771952, 179.78918368842574, -47.83220706325491, 21.7136578922176, 0.0016000000400000006, -89.78918368842574
2025-04-01 17:19:18,300 - 2025-04-01T17:19:18.300780, 0.10835288888698669, 0.0, -2.884965263979274, 179.4664836883111, -47.82161843778683, 21.53368292575255, 0.0016000000400000006, -89.46648368831109
2025-04-01 17:19:18,340 - 2025-04-01T17:19:18.340515, 0.10842944481591177, 0.0, -2.87979185705639, 179.381783688281, -47.82411901593983, 21.364102106727547, 0.0016000000400000006, -89.38178368828099
2025-04-01 17:19:18,380 - 2025-04-01T17:19:18.380631, 0.10878086235045048, 0.0, -2.8744620816655857, 179.11628368818668, -47.81776514975369, 21.189131751094884, 0.0016000000400000006, -89.11628368818668
2025-04-01 17:19:18,420 - 2025-04-01T17:19:18.420771, 0.10913227988498964, 0.0, -2.869132306274782, 178.98098368813862, -47.811411283567544, 21.01416139546225, 0.0016000000400000006, -88.98098368813862
2025-04-01 17:19:18,460 - 2025-04-01T17:19:18.460714, 0.10955051905442037, 0.0, -2.8637281341830407, 178.7272836880485, -47.80294003774044, 20.836688734413396, 0.0016000000400000006, -88.72728368804849
2025-04-01 17:19:18,500 - 2025-04-01T17:19:18.500899, 0.11002800479269803, 0.0, -2.858108347054533, 178.54388368798328, -47.7927363380476, 20.652094082891175, 0.0016000000400000006, -88.54388368798328
2025-04-01 17:19:18,541 - 2025-04-01T17:19:18.540969, 0.10994061718765868, 0.0, -2.852518860190206, 178.29698368789562, -47.801011378583446, 20.469039134469867, 0.0016000000400000006, -88.29698368789562
2025-04-01 17:19:18,580 - 2025-04-01T17:19:18.580303, 0.11056689632781058, 0.0, -2.8470327163314826, 177.9891836877862, -47.7858030680582, 20.28867924222959, 0.0016000000400000006, -87.98918368778621
2025-04-01 17:19:18,620 - 2025-04-01T17:19:18.620159, 0.11105195713213378, 0.0, -2.841554147538804, 177.77308368770943, -47.77521444259011, 20.108704275764527, 0.0016000000400000006, -87.77308368770943
2025-04-01 17:19:18,660 - 2025-04-01T17:19:18.660354, 0.11125458126479826, 0.0, -2.836090728878216, 177.61768368765422, -47.77386518723638, 19.929499160849936, 0.0016000000400000006, -87.61768368765422
2025-04-01 17:19:18,700 - 2025-04-01T17:19:18.700640, 0.11173964206912101, 0.0, -2.830612160085537, 177.44478368759275, -47.7632765617683, 19.749524194384872, 0.0016000000400000006, -87.44478368759275
2025-04-01 17:19:18,740 - 2025-04-01T17:19:18.740692, 0.11194226620178549, 0.0, -2.8251487414249494, 177.3072836875439, -47.76192730641457, 19.570319079470295, 0.0016000000400000006, -87.3072836875439
2025-04-01 17:19:18,780 - 2025-04-01T17:19:18.780684, 0.11287370721173184, 0.0, -2.8200711024416236, 177.1015836874708, -47.73632484844927, 19.40304839085108, 0.0016000000400000006, -87.1015836874708
2025-04-01 17:19:18,821 - 2025-04-01T17:19:18.821063, 0.11329194638116258, 0.0, -2.8146669303498824, 176.85178368738198, -47.72785360262216, 19.225575729802223, 0.0016000000400000006, -86.85178368738198
2025-04-01 17:19:18,861 - 2025-04-01T17:19:18.861941, 0.11392580058736002, 0.0, -2.8093220048269885, 176.6490836873099, -47.71226036632168, 19.04983552261912, 0.0016000000400000006, -86.64908368730991
2025-04-01 17:19:18,902 - 2025-04-01T17:19:18.902734, 0.11456722985960255, 0.0, -2.8041182976399233, 176.49708368725584, -47.69628220424596, 18.878715000493187, 0.0016000000400000006, -86.49708368725584
2025-04-01 17:19:18,940 - 2025-04-01T17:19:18.940528, 0.11505229066392575, 0.0, -2.7986397288472453, 176.230283687161, -47.68569357877787, 18.698740034028138, 0.0016000000400000006, -86.230283687161
2025-04-01 17:19:18,980 - 2025-04-01T17:19:18.980302, 0.11581978813990768, 0.0, -2.7931460099224763, 176.0610836871008, -47.66586558319543, 18.51799521601262, 0.0016000000400000006, -86.0610836871008
2025-04-01 17:19:19,020 - 2025-04-01T17:19:19.020714, 0.11623802730933797, 0.0, -2.787741837830735, 175.8622836870301, -47.657394337368345, 18.340522554963762, 0.0016000000400000006, -85.8622836870301
2025-04-01 17:19:19,061 - 2025-04-01T17:19:19.060988, 0.11673823824575136, 0.0, -2.7825457057097154, 175.66818368696104, -47.6460358603498, 18.16978695861306, 0.0016000000400000006, -85.66818368696104
2025-04-01 17:19:19,100 - 2025-04-01T17:19:19.100940, 0.11751331078777794, 0.0, -2.777193205120776, 175.55648368692133, -47.625822938992144, 17.993661825654726, 0.0016000000400000006, -85.55648368692133
2025-04-01 17:19:19,140 - 2025-04-01T17:19:19.140343, 0.11800594665814623, 0.0, -2.7718558546639276, 175.34248368684516, -47.614849387748826, 17.818306544246862, 0.0016000000400000006, -85.34248368684516
2025-04-01 17:19:19,181 - 2025-04-01T17:19:19.181182, 0.11870662249923525, 0.0, -2.7664365324400957, 175.12628368676826, -47.59713877180738, 17.640064031647537, 0.0016000000400000006, -85.12628368676826
2025-04-01 17:19:19,220 - 2025-04-01T17:19:19.220933, 0.11926608000449601, 0.0, -2.7610247852823093, 174.95468368670714, -47.58404784092308, 17.46220644482347, 0.0016000000400000006, -84.95468368670714
2025-04-01 17:19:19,260 - 2025-04-01T17:19:19.260418, 0.11989993421069345, 0.0, -2.755679859759415, 174.79928368665188, -47.568454604622595, 17.286466237640347, 0.0016000000400000006, -84.79928368665188
2025-04-01 17:19:19,300 - 2025-04-01T17:19:19.300346, 0.12074940345365759, 0.0, -2.750394180805368, 174.64038368659527, -47.54573937784872, 17.112458484322996, 0.0016000000400000006, -84.64038368659527
2025-04-01 17:19:19,340 - 2025-04-01T17:19:19.340327, 0.12116006755704278, 0.0, -2.744848790377797, 174.51278368654985, -47.53765305779686, 16.930366138216954, 0.0016000000400000006, -84.51278368654985
2025-04-01 17:19:19,380 - 2025-04-01T17:19:19.380597, 0.12157073166042887, 0.0, -2.739303399950227, 174.3831836865037, -47.52956673774498, 16.74827379211094, 0.0016000000400000006, -84.38318368650371
2025-04-01 17:19:19,420 - 2025-04-01T17:19:19.420854, 0.1226874874429611, 0.0, -2.733720134192431, 174.2508836864566, -47.498381992407225, 16.564256817128772, 0.0016000000400000006, -84.2508836864566
2025-04-01 17:19:19,461 - 2025-04-01T17:19:19.461162, 0.12352938161988014, 0.0, -2.728293236902554, 174.1581836864236, -47.47605169140858, 16.385629378754217, 0.0016000000400000006, -84.1581836864236
2025-04-01 17:19:19,500 - 2025-04-01T17:19:19.500512, 0.12394762078931132, 0.0, -2.722889064810813, 174.03118368637834, -47.46758044558146, 16.208156717705375, 0.0016000000400000006, -84.03118368637834
2025-04-01 17:19:19,541 - 2025-04-01T17:19:19.540980, 0.12479709003227546, 0.0, -2.7176033858567656, 173.926383686341, -47.4448652188076, 16.034148964388006, 0.0016000000400000006, -83.92638368634101
2025-04-01 17:19:19,581 - 2025-04-01T17:19:19.580963, 0.12530487603473395, 0.0, -2.7125484720715756, 173.88208368632525, -47.43312181601382, 15.86803305309449, 0.0016000000400000006, -83.88208368632525
2025-04-01 17:19:19,621 - 2025-04-01T17:19:19.620966, 0.12607237351071543, 0.0, -2.7070547531468065, 173.8122836863004, -47.41329382043139, 15.687288235078954, 0.0016000000400000006, -83.81228368630039
2025-04-01 17:19:19,661 - 2025-04-01T17:19:19.660977, 0.12658015951317347, 0.0, -2.7019998393616165, 173.71778368626673, -47.40155041763763, 15.521172323785438, 0.0016000000400000006, -83.71778368626673
2025-04-01 17:19:19,701 - 2025-04-01T17:19:19.700973, 0.12728841042030803, 0.0, -2.6967217354736137, 173.58258368621853, -47.38345487592095, 15.347549496243284, 0.0016000000400000006, -83.58258368621853
2025-04-01 17:19:19,741 - 2025-04-01T17:19:19.741237, 0.1278554429916139, 0.0, -2.6914512066516574, 173.49318368618668, -47.369979019261415, 15.1743115944764, 0.0016000000400000006, -83.49318368618668
2025-04-01 17:19:19,780 - 2025-04-01T17:19:19.780332, 0.1286821870364423, 0.0, -2.685741872690122, 173.48838368618496, -47.34841856981325, 14.986444785987516, 0.0016000000400000006, -83.48838368618496
2025-04-01 17:19:19,821 - 2025-04-01T17:19:19.821281, 0.12936771274544157, 0.0, -2.6800401137946315, 173.34638368613435, -47.331477805422246, 14.79896290327383, 0.0016000000400000006, -83.34638368613435
2025-04-01 17:19:19,860 - 2025-04-01T17:19:19.860664, 0.1297935269809174, 0.0, -2.6747771600387202, 173.3086836861209, -47.322621633819914, 14.626109927282176, 0.0016000000400000006, -83.3086836861209
2025-04-01 17:19:19,901 - 2025-04-01T17:19:19.901675, 0.13007054781451943, 0.0, -2.669380563013024, 173.36528368614108, -47.31877007304997, 14.449022192008549, 0.0016000000400000006, -83.36528368614108
2025-04-01 17:19:19,942 - 2025-04-01T17:19:19.942038, 0.13069682695467133, 0.0, -2.6638944191543006, 173.31608368612353, -47.30356176252472, 14.268662299768271, 0.0016000000400000006, -83.31608368612353
2025-04-01 17:19:19,981 - 2025-04-01T17:19:19.981761, 0.13144917429856262, 0.0, -2.6581182635578733, 173.32308368612607, -47.28450361849276, 14.078678111638409, 0.0016000000400000006, -83.32308368612607
2025-04-01 17:19:20,022 - 2025-04-01T17:19:20.022379, 0.13214227507360699, 0.0, -2.6525577229982122, 173.22118368608972, -47.267177928326525, 13.89581591398191, 0.0016000000400000006, -83.22118368608972
2025-04-01 17:19:20,081 - 2025-04-01T17:19:20.081155, 0.1327609791477138, 0.0, -2.6469303608036596, 173.21928368608903, -47.25235454357651, 13.71083633668446, 0.0016000000400000006, -83.21928368608903
2025-04-01 17:19:20,340 - 2025-04-01T17:19:20.340587, 0.13331286158692945, 0.0, -2.6413773953100437, 173.16458368606956, -47.239648538467435, 13.52835906480319, 0.0016000000400000006, -83.16458368606956
2025-04-01 17:19:20,403 - 2025-04-01T17:19:20.403134, 0.13422915246478562, 0.0, -2.6360173196550596, 173.1142836860516, -47.214815932052595, 13.351849006069644, 0.0016000000400000006, -83.1142836860516
2025-04-01 17:19:20,460 - 2025-04-01T17:19:20.460473, 0.13607201720557116, 0.0, -2.6281291101277224, 173.08358368604067, -47.16207188877549, 13.09160751552125, 0.0016000000400000006, -83.08358368604067
2025-04-01 17:19:20,500 - 2025-04-01T17:19:20.500592, 0.13642208078059603, 0.0, -2.6214539730135176, 173.1231836860548, -47.157064974925454, 12.872557688957816, 0.0016000000400000006, -83.1231836860548
2025-04-01 17:19:20,540 - 2025-04-01T17:19:20.540798, 0.13709867746403592, 0.0, -2.6142656340587966, 173.23408368609435, -47.14185608864579, 12.636376650256187, 0.0016000000400000006, -83.23408368609437
2025-04-01 17:19:20,580 - 2025-04-01T17:19:20.580591, 0.13795301385401615, 0.0, -2.606430449993775, 173.22518368609113, -47.12144984076891, 12.378829640134407, 0.0016000000400000006, -83.22518368609113
2025-04-01 17:19:20,620 - 2025-04-01T17:19:20.620817, 0.13861446040536585, 0.0, -2.598959674367396, 173.35788368613845, -47.1070108060397, 12.133409231318435, 0.0016000000400000006, -83.35788368613845
2025-04-01 17:19:20,661 - 2025-04-01T17:19:20.661517, 0.1394990970595269, 0.0, -2.591689363645693, 173.18988368607856, -47.085064855061894, 11.894340961425385, 0.0016000000400000006, -83.18988368607856
2025-04-01 17:19:20,700 - 2025-04-01T17:19:20.700281, 0.13987188583268706, 0.0, -2.5854378815389754, 173.32508368612673, -47.07890316388617, 11.689150190033468, 0.0016000000400000006, -83.32508368612673
2025-04-01 17:19:20,740 - 2025-04-01T17:19:20.740217, 0.140727576182182, 0.0, -2.578948059197356, 173.38098368614666, -47.057149963673176, 11.475682650842487, 0.0016000000400000006, -83.38098368614666
2025-04-01 17:19:20,780 - 2025-04-01T17:19:20.780655, 0.1410121720818287, 0.0, -2.5736926805074893, 173.4405836861679, -47.052913477128016, 11.303214600626045, 0.0016000000400000006, -83.44058368616791
2025-04-01 17:19:20,820 - 2025-04-01T17:19:20.820296, 0.14201800979271217, 0.0, -2.568681863159056, 173.4528836861723, -47.02480871374651, 11.138061291647807, 0.0016000000400000006, -83.4528836861723
2025-04-01 17:19:20,881 - 2025-04-01T17:19:20.881175, 0.14262778484126004, 0.0, -2.5615679209052717, 173.6466836862414, -47.011717207107814, 10.904382558362357, 0.0016000000400000006, -83.6466836862414
2025-04-01 17:19:20,940 - 2025-04-01T17:19:20.940519, 0.14318588838700608, 0.0, -2.554810812024084, 173.6646836862478, -46.99997322855964, 10.682445500607503, 0.0016000000400000006, -83.6646836862478
2025-04-01 17:19:21,001 - 2025-04-01T17:19:21.001203, 0.1438852102685808, 0.0, -2.5480461280768516, 173.74238368627547, -46.9836095649543, 10.460123517077406, 0.0016000000400000006, -83.74238368627547
2025-04-01 17:19:21,081 - 2025-04-01T17:19:21.081362, 0.14435512094081338, 0.0, -2.542285122612514, 173.83878368630982, -46.97379079103668, 10.270909180497984, 0.0016000000400000006, -83.83878368630982
2025-04-01 17:19:21,262 - 2025-04-01T17:19:21.262370, 0.14496624994887597, 0.0, -2.536516542082132, 173.89548368633004, -46.95935233206187, 10.081309918143349, 0.0016000000400000006, -83.89548368633004
2025-04-01 17:19:21,341 - 2025-04-01T17:19:21.341828, 0.1449381089126831, 0.0, -2.5307114401810384, 174.09328368640047, -46.96589491873198, 9.891132979248676, 0.0016000000400000006, -84.09328368640047
2025-04-01 17:19:21,420 - 2025-04-01T17:19:21.420500, 0.14528817248770798, 0.0, -2.5240363030668327, 174.10998368640645, -46.960888004881944, 9.672083152685229, 0.0016000000400000006, -84.10998368640645
2025-04-01 17:19:21,480 - 2025-04-01T17:19:21.480920, 0.14676040768332177, 0.0, -2.517159347088437, 174.12038368641012, -46.919308536349746, 9.445334234862782, 0.0016000000400000006, -84.12038368641012
2025-04-01 17:19:21,541 - 2025-04-01T17:19:21.541617, 0.1472654857667517, 0.0, -2.509413709856444, 174.44558368652594, -46.910259038228176, 9.191059381707692, 0.0016000000400000006, -84.44558368652594
2025-04-01 17:19:21,581 - 2025-04-01T17:19:21.581053, 0.1475638778389743, 0.0, -2.503095406114835, 174.69268368661395, -46.906599652468664, 8.983751230674825, 0.0016000000400000006, -84.69268368661395
2025-04-01 17:19:21,621 - 2025-04-01T17:19:21.621581, 0.14753573680278143, 0.0, -2.497290304213741, 175.0066836867257, -46.91314223913878, 8.79357429178011, 0.0016000000400000006, -85.0066836867257
2025-04-01 17:19:21,660 - 2025-04-01T17:19:21.660935, 0.14747729550240818, 0.0, -2.4909203289693296, 175.3101836868337, -46.92122452890982, 8.58491861265672, 0.0016000000400000006, -85.31018368683371
2025-04-01 17:19:21,700 - 2025-04-01T17:19:21.700704, 0.14766476950298246, 0.0, -2.485174473637083, 175.60788368693963, -46.920645125106546, 8.396474127627785, 0.0016000000400000006, -85.60788368693963
2025-04-01 17:19:21,740 - 2025-04-01T17:19:21.740743, 0.14777027173657364, 0.0, -2.479220578334115, 175.93938368705753, -46.92295295249472, 8.201292577900697, 0.0016000000400000006, -85.93938368705753
2025-04-01 17:19:21,785 - 2025-04-01T17:19:21.784989, 0.14760091236455164, 0.0, -2.4734230514990667, 176.19948368715004, -46.934115224222005, 8.011500564781253, 0.0016000000400000006, -86.19948368715004
2025-04-01 17:19:21,822 - 2025-04-01T17:19:21.822039, 0.14808597316887484, 0.0, -2.467944482706388, 176.41658368722725, -46.923526598753924, 7.83152559831619, 0.0016000000400000006, -86.41658368722726
2025-04-01 17:19:21,881 - 2025-04-01T17:19:21.881060, 0.14760387686101328, 0.0, -2.461597232660112, 176.90738368740176, -46.94546794369649, 7.624024696518486, 0.0016000000400000006, -86.90738368740176
2025-04-01 17:19:22,001 - 2025-04-01T17:19:22.001379, 0.14753921445410922, 0.0, -2.456431400803273, 177.17248368749597, -46.952588206906654, 7.454828803268709, 0.0016000000400000006, -87.17248368749597
2025-04-01 17:19:22,160 - 2025-04-01T17:19:22.160358, 0.1475337986160521, 0.0, -2.451049953909667, 177.25868368752663, -46.957976016251074, 7.278510919545539, 0.0016000000400000006, -87.25868368752663
2025-04-01 17:19:22,240 - 2025-04-01T17:19:22.240816, 0.14795961285152792, 0.0, -2.4457870001537554, 177.28658368753653, -46.94911984464874, 7.1056579435538705, 0.0016000000400000006, -87.28658368753653
2025-04-01 17:19:22,360 - 2025-04-01T17:19:22.360399, 0.1480210186483628, 0.0, -2.4403311565592123, 177.2808836875345, -46.95239027435219, 6.926837754414507, 0.0016000000400000006, -87.2808836875345
2025-04-01 17:19:22,460 - 2025-04-01T17:19:22.460237, 0.14795635624145875, 0.0, -2.435165324702374, 177.3449836875573, -46.95951053756235, 6.757641861164759, 0.0016000000400000006, -87.34498368755729
2025-04-01 17:19:22,562 - 2025-04-01T17:19:22.562430, 0.14794336533735608, 0.0, -2.429642659472939, 177.4057836875789, -46.96528327268201, 6.576704292384417, 0.0016000000400000006, -87.40578368757889
2025-04-01 17:19:22,640 - 2025-04-01T17:19:22.640504, 0.14836917957283235, 0.0, -2.424379705717027, 177.470783687602, -46.95642710107966, 6.403851316392747, 0.0016000000400000006, -87.470783687602
2025-04-01 17:19:22,780 - 2025-04-01T17:19:22.780282, 0.14790980846310653, 0.0, -2.418456110678239, 177.60378368764924, -46.977213668696535, 6.210209469766559, 0.0016000000400000006, -87.60378368764925
2025-04-01 17:19:22,880 - 2025-04-01T17:19:22.880523, 0.1478968175590043, 0.0, -2.412933445448804, 177.98658368778527, -46.98298640381618, 6.029271900986231, 0.0016000000400000006, -87.98658368778527
2025-04-01 17:20:18,661 - 2025-04-01T17:20:18.661407, 0.14931873521133054, 0.0, -2.4077586845664056, 177.97888368778257, -46.94140751103839, 5.858344129625122, 0.0016000000400000006, -87.97888368778257
2025-04-01 17:20:18,783 - 2025-04-01T17:20:18.783843, 0.14996773954961862, 0.0, -2.40269619571517, 178.1024836878265, -46.92504442318743, 5.691843292556361, 0.0016000000400000006, -88.10248368782649
2025-04-01 17:20:18,980 - 2025-04-01T17:20:18.980331, 0.14962064047105583, 0.0, -2.397545513990422, 178.25038368787904, -46.94140405651194, 5.52341725085707, 0.0016000000400000006, -88.25038368787904
2025-04-01 17:20:19,181 - 2025-04-01T17:20:19.181453, 0.15008297607724286, 0.0, -2.391643290190255, 178.33138368790782, -46.93197020836957, 5.329583229220477, 0.0016000000400000006, -88.33138368790782
2025-04-01 17:20:19,240 - 2025-04-01T17:20:19.240618, 0.15018847831083493, 0.0, -2.3856893948872866, 178.472583687958, -46.93427803575772, 5.134401679493374, 0.0016000000400000006, -88.47258368795801
2025-04-01 17:20:19,285 - 2025-04-01T17:20:19.285514, 0.15035322711327304, 0.0, -2.379519884547552, 178.67768368803084, -46.934853409280166, 4.932098139292908, 0.0016000000400000006, -88.67768368803084
2025-04-01 17:20:19,320 - 2025-04-01T17:20:19.320925, 0.14950807632628527, 0.0, -2.374325106386047, 178.90138368811031, -46.967574403192394, 4.762709495278322, 0.0016000000400000006, -88.90138368811031
2025-04-01 17:20:19,360 - 2025-04-01T17:20:19.360697, 0.14897430851562188, 0.0, -2.368334689712367, 179.22138368822402, -46.990863276225475, 4.566950269011183, 0.0016000000400000006, -89.22138368822402
2025-04-01 17:20:19,400 - 2025-04-01T17:20:19.400713, 0.14853630864451706, 0.0, -2.361489387957666, 179.71848368840057, -47.01184201885277, 4.343088006625755, 0.0016000000400000006, -89.71848368840057
2025-04-01 17:20:19,440 - 2025-04-01T17:20:19.440433, 0.14820300573853062, 0.0, -2.3552757811811746, -179.68231631138653, -47.028778752962914, 4.139821864109994, 0.0016000000400000006, 269.68231631138656
2025-04-01 17:20:19,480 - 2025-04-01T17:20:19.480435, 0.14813834333162612, 0.0, -2.3501099493243354, -179.26721631123908, -47.03589901617309, 3.970625970860218, 0.0016000000400000006, 269.26721631123905
2025-04-01 17:20:19,520 - 2025-04-01T17:20:19.520436, 0.14700453476644837, 0.0, -2.346134464682492, -178.7296163110481, -47.07689735363881, 3.8414669642696886, 0.0016000000400000006, 268.72961631104806
2025-04-01 17:20:19,580 - 2025-04-01T17:20:19.580427, 0.14699911892839124, 0.0, -2.3407530177888867, -178.62711631101166, -47.082285162983226, 3.6651490805465325, 0.0016000000400000006, 268.62711631101166
2025-04-01 17:20:19,661 - 2025-04-01T17:20:19.661511, 0.14621943581678076, 0.0, -2.334138481203043, -177.95841631077406, -47.11423572959061, 3.4491786601849688, 0.0016000000400000006, 267.95841631077406
2025-04-01 17:20:19,700 - 2025-04-01T17:20:19.700286, 0.14526336695814424, 0.0, -2.3295161514508997, -177.35991631056137, -47.1500367054591, 3.298653682174286, 0.0016000000400000006, 267.3599163105614
2025-04-01 17:20:19,740 - 2025-04-01T17:20:19.740253, 0.14453048820231862, 0.0, -2.3250942866034334, -176.6642163103141, -47.17833076507901, 3.154480843086555, 0.0016000000400000006, 266.6642163103141
2025-04-01 17:20:19,781 - 2025-04-01T17:20:19.781139, 0.14340290074367212, 0.0, -2.3199146585740182, -175.88541631003713, -47.2202911291056, 2.985862050622412, 0.0016000000400000006, 265.88541631003716
2025-04-01 17:20:19,800 - 2025-04-01T17:20:19.800258, 0.14289456605017303, 0.0, -2.3170386203546296, -175.37251630985466, -47.23973132014077, 2.8921208213883896, 0.0016000000400000006, 265.37251630985463
2025-04-01 17:20:19,841 - 2025-04-01T17:20:19.840994, 0.14143909152359635, 0.0, -2.3110268324423284, -174.48831630953993, -47.29324060893312, 2.696553770131656, 0.0016000000400000006, 264.4883163095399
2025-04-01 17:20:19,860 - 2025-04-01T17:20:19.860877, 0.14056634839145632, 0.0, -2.307957904384309, -173.9275163093402, -47.32480740127407, 2.596845327749939, 0.0016000000400000006, 263.9275163093402
2025-04-01 17:20:19,901 - 2025-04-01T17:20:19.901094, 0.13847917888667016, 0.0, -2.302050813437125, -172.8863163089691, -47.398912809936085, 2.4053202850103124, 0.0016000000400000006, 262.88631630896907
2025-04-01 17:20:19,940 - 2025-04-01T17:20:19.940612, 0.1365029274535332, 0.0, -2.2955712740805803, -171.9042163086187, -47.469938236641845, 2.1949315762667965, 0.0016000000400000006, 261.9042163086187
2025-04-01 17:20:19,980 - 2025-04-01T17:20:19.980391, 0.13448257958363907, 0.0, -2.28958978643246, -170.97301630828608, -47.54192626566289, 2.000904228110991, 0.0016000000400000006, 260.9730163082861
2025-04-01 17:20:20,020 - 2025-04-01T17:20:20.020352, 0.13261860018166471, 0.0, -2.283883160389953, -170.16171630799587, -47.6085247580763, 1.8157313242943014, 0.0016000000400000006, 260.1617163079959
2025-04-01 17:20:20,060 - 2025-04-01T17:20:20.060693, 0.1304205126052298, 0.0, -2.2785485178521325, -169.42801630773315, -47.68571014869457, 1.6430699475586346, 0.0016000000400000006, 259.4280163077332
2025-04-01 17:20:20,100 - 2025-04-01T17:20:20.100354, 0.12875077700140158, 0.0, -2.273822845094386, -168.52161630740818, -47.74499447562416, 1.4898499133669498, 0.0016000000400000006, 258.5216163074082
2025-04-01 17:20:20,142 - 2025-04-01T17:20:20.142154, 0.1264417713533179, 0.0, -2.269060650965928, -167.71551630711872, -47.825259848198684, 1.3360522026352142, 0.0016000000400000006, 257.7155163071187
2025-04-01 17:20:20,181 - 2025-04-01T17:20:20.181347, 0.12493597928345368, 0.0, -2.264751058149624, -167.06091630688334, -47.878769712745445, 1.1963062978398185, 0.0016000000400000006, 257.0609163068833
2025-04-01 17:20:20,223 - 2025-04-01T17:20:20.223182, 0.12266484896559593, 0.0, -2.2606949557003135, -166.32171630661722, -47.957110456443814, 1.0656070123939863, 0.0016000000400000006, 256.3217163066172
2025-04-01 17:20:20,260 - 2025-04-01T17:20:20.260497, 0.12109223526084012, 0.0, -2.2564597595849474, -165.59301630635443, -48.01273770063151, 0.9283634130148115, 0.0016000000400000006, 255.59301630635443
2025-04-01 17:20:20,300 - 2025-04-01T17:20:20.300760, 0.11919930955419966, 0.0, -2.251533621922525, -164.9100163061077, -48.079528943809734, 0.7687912399002184, 0.0016000000400000006, 254.9100163061077
2025-04-01 17:20:20,340 - 2025-04-01T17:20:20.340439, 0.11636952699955527, 0.0, -2.246303676349822, -164.2661163058748, -48.17731045429768, 0.6001718716816724, 0.0016000000400000006, 254.2661163058748
2025-04-01 17:20:20,380 - 2025-04-01T17:20:20.380226, 0.11427613638823875, 0.0, -2.2416007287902113, -163.6757163056609, -48.25045383639881, 0.44810661481568703, 0.0016000000400000006, 253.67571630566093
2025-04-01 17:20:20,421 - 2025-04-01T17:20:20.421498, 0.11261397585045474, 0.0, -2.2370162743682944, -163.044816305432, -48.3093532375532, 0.29950626568118943, 0.0016000000400000006, 253.04481630543202
2025-04-01 17:20:20,460 - 2025-04-01T17:20:20.460541, 0.11071347507776919, 0.0, -2.2319489183700423, -162.4609163052198, -48.376529406506656, 0.13531440750940993, 0.0016000000400000006, 252.4609163052198
2025-04-01 17:20:20,500 - 2025-04-01T17:20:20.500915, 0.10887222087393056, 0.0, -2.2266659473350234, -161.83651630499253, -48.44197312159436, -0.03599944113574911, 0.0016000000400000006, 251.83651630499253
2025-04-01 17:20:20,560 - 2025-04-01T17:20:20.560571, 0.10586199069371638, 0.0, -2.219392123425818, -161.24781630477787, -48.54764589835175, -0.271411779795727, 0.0016000000400000006, 251.24781630477787
2025-04-01 17:20:20,601 - 2025-04-01T17:20:20.601057, 0.10320994784561321, 0.0, -2.2135153327428156, -160.90941630465431, -48.64023004724247, -0.4613971194344121, 0.0016000000400000006, 250.90941630465434
2025-04-01 17:20:20,663 - 2025-04-01T17:20:20.663282, 0.09925528575135045, 0.0, -2.205796482587501, -160.60251630454218, -48.77727801708481, -0.7104763382555015, 0.0016000000400000006, 250.60251630454218
2025-04-01 17:20:20,700 - 2025-04-01T17:20:20.700507, 0.09774813972197238, 0.0, -2.200141528047796, -160.4500163044864, -48.83213483396765, -0.894301713981669, 0.0016000000400000006, 250.4500163044864
2025-04-01 17:20:20,740 - 2025-04-01T17:20:20.740305, 0.09556520227762766, 0.0, -2.1950893221816337, -160.22721630440486, -48.90855037303547, -1.0577237206030055, 0.0016000000400000006, 250.22721630440486
2025-04-01 17:20:20,781 - 2025-04-01T17:20:20.780963, 0.09373152313983457, 0.0, -2.189947569482445, -160.1267163043681, -48.97360916234793, -1.2244178841909643, 0.0016000000400000006, 250.1267163043681
2025-04-01 17:20:20,842 - 2025-04-01T17:20:20.842433, 0.09365035664132604, 0.0, -2.1831539392305452, -160.37201630445787, -48.982846229444654, -1.4469326184858993, 0.0016000000400000006, 250.3720163044579
2025-04-01 17:20:20,920 - 2025-04-01T17:20:20.920687, 0.0902694969159401, 0.0, -2.176891368870281, -160.49071630450126, -49.09968358094696, -1.6488523844199445, 0.0016000000400000006, 250.4907163045013
2025-04-01 17:20:20,981 - 2025-04-01T17:20:20.981167, 0.08830839561489334, 0.0, -2.1706942661853943, -160.3037163044329, -49.169939156102245, -1.8500017230491157, 0.0016000000400000006, 250.30371630443292
2025-04-01 17:20:21,040 - 2025-04-01T17:20:21.040473, 0.08522376873374249, 0.0, -2.1633536206412964, -160.31111630443561, -49.278114238275826, -2.087531441350073, 0.0016000000400000006, 250.31111630443561
2025-04-01 17:20:21,082 - 2025-04-01T17:20:21.082054, 0.08326266743269484, 0.0, -2.157156517956409, -160.4193163044752, -49.34836981343115, -2.2886807799792863, 0.0016000000400000006, 250.4193163044752
2025-04-01 17:20:21,120 - 2025-04-01T17:20:21.120490, 0.08140490913725174, 0.0, -2.150245748526331, -160.5870163045365, -49.41593033240542, -2.513313469669547, 0.0016000000400000006, 250.58701630453646
2025-04-01 17:20:21,161 - 2025-04-01T17:20:21.161028, 0.07977034094462043, 0.0, -2.1435354440009284, -160.79901630461399, -49.475983935131076, -2.731594020436927, 0.0016000000400000006, 250.79901630461399
2025-04-01 17:20:21,200 - 2025-04-01T17:20:21.200391, 0.07734770930585944, 0.0, -2.1366549748350305, -160.98581630468223, -49.56202319433407, -2.954687007026302, 0.0016000000400000006, 250.98581630468223
2025-04-01 17:20:21,240 - 2025-04-01T17:20:21.240571, 0.07501462450012575, 0.0, -2.1301237639756825, -161.25281630477969, -49.6447902965704, -3.166423243860368, 0.0016000000400000006, 251.25281630477966
2025-04-01 17:20:21,281 - 2025-04-01T17:20:21.281363, 0.07277866159346535, 0.0, -2.124083029758715, -161.41511630483888, -49.72390031606482, -3.3621830458819244, 0.0016000000400000006, 251.41511630483888
2025-04-01 17:20:21,320 - 2025-04-01T17:20:21.320272, 0.07122606516781671, 0.0, -2.117580765204035, -161.60121630490676, -49.78106668759903, -3.5737265319511256, 0.0016000000400000006, 251.60121630490676
2025-04-01 17:20:21,361 - 2025-04-01T17:20:21.361433, 0.06984498734217714, 0.0, -2.111635798926626, -161.8340163049916, -49.83207367097518, -3.7671762035668936, 0.0016000000400000006, 251.8340163049916
2025-04-01 17:20:21,401 - 2025-04-01T17:20:21.401577, 0.06766204989783287, 0.0, -2.106583593060464, -162.05551630507227, -49.90848921004298, -3.9305982101882164, 0.0016000000400000006, 252.05551630507227
2025-04-01 17:20:21,441 - 2025-04-01T17:20:21.441225, 0.06680932404479956, 0.0, -2.1012475965631294, -162.31791630516778, -49.94159512973046, -4.104606539259974, 0.0016000000400000006, 252.31791630516778
2025-04-01 17:20:21,500 - 2025-04-01T17:20:21.500781, 0.06459473237676017, 0.0, -2.094285155630249, -162.89871630537894, -50.02089732423529, -4.330586757040785, 0.0016000000400000006, 252.89871630537894
2025-04-01 17:20:21,542 - 2025-04-01T17:20:21.542130, 0.06389837499164663, 0.0, -2.0892240207385275, -163.29261630552196, -50.04861370731513, -4.49574064177344, 0.0016000000400000006, 253.292616305522
2025-04-01 17:20:21,600 - 2025-04-01T17:20:21.600512, 0.06202546656411245, 0.0, -2.08203081463679, -163.93631630575535, -50.11694407783988, -4.7296127015780876, 0.0016000000400000006, 253.93631630575533
2025-04-01 17:20:21,640 - 2025-04-01T17:20:21.640213, 0.06155229928181072, 0.0, -2.0771701446497453, -164.47071630594883, -50.13715354467111, -4.88841444738782, 0.0016000000400000006, 254.47071630594883
2025-04-01 17:20:21,680 - 2025-04-01T17:20:21.680705, 0.06072229862691314, 0.0, -2.0722578031598986, -165.04551630615669, -50.169104687032885, -5.048563721288062, 0.0016000000400000006, 255.04551630615669
2025-04-01 17:20:21,720 - 2025-04-01T17:20:21.720353, 0.059936394408771854, 0.0, -2.066847409961627, -165.7343163064054, -50.20009322707939, -5.225074355776027, 0.0016000000400000006, 255.73431630640542
2025-04-01 17:20:21,760 - 2025-04-01T17:20:21.760561, 0.05929170852645971, 0.0, -2.0614294416973094, -166.47211630667138, -50.22646208206873, -5.401969916039233, 0.0016000000400000006, 256.4721163066714
2025-04-01 17:20:21,784 - 2025-04-01T17:20:21.784105, 0.05910990694137608, 0.0, -2.0580402016374046, -166.98091630685457, -50.23570030067427, -5.51284235741148, 0.0016000000400000006, 256.98091630685457
2025-04-01 17:20:21,820 - 2025-04-01T17:20:21.820280, 0.05860643939489352, 0.0, -2.0526146583070424, -167.73581630712604, -50.257449470606424, -5.690122843449915, 0.0016000000400000006, 257.735816307126
2025-04-01 17:20:21,860 - 2025-04-01T17:20:21.860532, 0.058326161951222755, 0.0, -2.0473895798813566, -168.64081630745096, -50.271691724289965, -5.861051190565428, 0.0016000000400000006, 258.64081630745096
2025-04-01 17:20:21,901 - 2025-04-01T17:20:21.901427, 0.058149227513155655, 0.0, -2.041450834710479, -169.59811630779413, -50.28323892179248, -6.055462888742045, 0.0016000000400000006, 259.59811630779416
2025-04-01 17:20:21,921 - 2025-04-01T17:20:21.921187, 0.058339409432758504, 0.0, -2.038395702825035, -170.08821630796956, -50.279965613316996, -6.1557484319094105, 0.0016000000400000006, 260.08821630796956
2025-04-01 17:20:21,941 - 2025-04-01T17:20:21.940995, 0.0583215513816393, 0.0, -2.0354225427065735, -170.69401630818632, -50.28342936953968, -6.253146743885339, 0.0016000000400000006, 260.6940163081863
2025-04-01 17:20:21,961 - 2025-04-01T17:20:21.961234, 0.058429761534259494, 0.0, -2.0321593708504078, -171.2602163083887, -50.28304329225563, -6.36016935175087, 0.0016000000400000006, 261.2602163083887
2025-04-01 17:20:22,000 - 2025-04-01T17:20:22.000936, 0.06303774642278581, 0.0, -2.0243352750389345, -171.77011630857083, -50.139638001700725, -6.62098736733048, 0.0016000000400000006, 261.77011630857083
2025-04-01 17:20:22,020 - 2025-04-01T17:20:22.020652, 0.0638231019498865, 0.0, -2.0218147162326274, -172.7629163089251, -50.11634624989562, -6.704333873370071, 0.0016000000400000006, 262.7629163089251
2025-04-01 17:20:22,040 - 2025-04-01T17:20:22.040639, 0.06466012897978857, 0.0, -2.018937324053724, -173.33251630912818, -50.09170697000001, -6.799422054940212, 0.0016000000400000006, 263.3325163091282
2025-04-01 17:20:22,080 - 2025-04-01T17:20:22.080689, 0.06411121103703543, 0.0, -2.0126644707083856, -174.28981630946924, -50.11576569458354, -7.004420651321709, 0.0016000000400000006, 264.28981630946924
2025-04-01 17:20:22,100 - 2025-04-01T17:20:22.100911, 0.06479186959901773, 0.0, -2.009512216923869, -174.8492163096684, -50.09651595129558, -7.108363277230967, 0.0016000000400000006, 264.8492163096684
2025-04-01 17:20:22,120 - 2025-04-01T17:20:22.120369, 0.06486355838092672, 0.0, -2.0068883151119588, -175.59181630993265, -50.09670755055157, -7.1944048394515585, 0.0016000000400000006, 265.59181630993265
2025-04-01 17:20:22,140 - 2025-04-01T17:20:22.140770, 0.06557451720708984, 0.0, -2.004300934670759, -176.11931631012033, -50.075918104162675, -7.279868725132128, 0.0016000000400000006, 266.1193163101203
2025-04-01 17:20:22,160 - 2025-04-01T17:20:22.160712, 0.0661215324992881, 0.0, -2.001297474288117, -176.8406163103768, -50.060903120156645, -7.378806740208985, 0.0016000000400000006, 266.8406163103768
2025-04-01 17:20:22,180 - 2025-04-01T17:20:22.180331, 0.06669127298962207, 0.0, -1.9987176689129629, -177.48351631060532, -50.04473335882493, -7.463885700114311, 0.0016000000400000006, 267.4835163106053
2025-04-01 17:20:22,202 - 2025-04-01T17:20:22.202557, 0.06747662851672276, 0.0, -1.9961971101066558, -178.28351631088955, -50.02144160701982, -7.547232206153887, 0.0016000000400000006, 268.2835163108896
2025-04-01 17:20:22,220 - 2025-04-01T17:20:22.220783, 0.06839562731360749, 0.0, -1.9935277578984736, -178.8946163111067, -49.99391509593276, -7.635583323025892, 0.0016000000400000006, 268.8946163111067
2025-04-01 17:20:22,240 - 2025-04-01T17:20:22.240568, 0.06909143600768042, 0.0, -1.990657940785616, -179.64911631137477, -49.973895501094326, -7.730286578820791, 0.0016000000400000006, 269.64911631137477
2025-04-01 17:20:22,260 - 2025-04-01T17:20:22.260739, 0.06994361316967312, 0.0, -1.9880629852783713, 179.68228368838774, -49.94848636964825, -7.816135390276588, 0.0016000000400000006, -89.68228368838774
2025-04-01 17:20:22,281 - 2025-04-01T17:20:22.281189, 0.07056502516280894, 0.0, -1.9851263465306217, 178.8706836880994, -49.930969080226006, -7.912956025712452, 0.0016000000400000006, -88.8706836880994
2025-04-01 17:20:22,300 - 2025-04-01T17:20:22.300254, 0.07104521882011561, 0.0, -1.9821972828489165, 178.261483687883, -49.91807147586094, -8.009391735373116, 0.0016000000400000006, -88.26148368788299
2025-04-01 17:20:22,321 - 2025-04-01T17:20:22.321586, 0.07204618938398255, 0.0, -1.9797359706114568, 177.453983687596, -49.887657733582465, -8.09100578754694, 0.0016000000400000006, -87.45398368759601
2025-04-01 17:20:22,340 - 2025-04-01T17:20:22.340525, 0.07335232181764395, 0.0, -1.9776831632493939, 176.74738368734486, -49.84684984386393, -8.159530636099735, 0.0016000000400000006, -86.74738368734486
2025-04-01 17:20:22,360 - 2025-04-01T17:20:22.360432, 0.07492574079087344, 0.0, -1.9753327690835825, 175.9389836870574, -49.79757243558152, -8.238064706317315, 0.0016000000400000006, -85.9389836870574
2025-04-01 17:20:22,380 - 2025-04-01T17:20:22.380647, 0.0761196011933718, 0.0, -1.9725070484074814, 175.24938368681208, -49.761191480155354, -8.331805359796935, 0.0016000000400000006, -85.24938368681208
2025-04-01 17:20:22,402 - 2025-04-01T17:20:22.402299, 0.07694147809118412, 0.0, -1.9693472195569193, 174.41248368651415, -49.73732205181018, -8.436132911481435, 0.0016000000400000006, -84.41248368651415
2025-04-01 17:20:22,420 - 2025-04-01T17:20:22.420848, 0.0775112185815181, 0.0, -1.9667674141817653, 173.80898368629923, -49.721152290478464, -8.521211871386761, 0.0016000000400000006, -83.80898368629923
2025-04-01 17:20:22,440 - 2025-04-01T17:20:22.440542, 0.07879462581704377, 0.0, -1.964290951812215, 172.97868368600328, -49.68149917808563, -8.603595775111057, 0.0016000000400000006, -82.97868368600328
2025-04-01 17:20:22,461 - 2025-04-01T17:20:22.461039, 0.08022682645444412, 0.0, -1.9619481327124484, 172.2327836857372, -49.63684145486039, -8.681744919553424, 0.0016000000400000006, -82.23278368573719
2025-04-01 17:20:22,480 - 2025-04-01T17:20:22.480600, 0.08113067511923866, 0.0, -1.9589963438326081, 171.48028368546852, -49.61008479532379, -8.779335406539758, 0.0016000000400000006, -81.48028368546852
2025-04-01 17:20:22,500 - 2025-04-01T17:20:22.500781, 0.08141040387186882, 0.0, -1.956290470253715, 170.79868368522494, -49.60353932988165, -8.8682641999518, 0.0016000000400000006, -80.79868368522494
2025-04-01 17:20:22,521 - 2025-04-01T17:20:22.521391, 0.08232940266875355, 0.0, -1.9536211180455334, 169.97178368492914, -49.5760128187946, -8.956615316823791, 0.0016000000400000006, -79.97178368492914
2025-04-01 17:20:22,540 - 2025-04-01T17:20:22.540841, 0.08296596479398, 0.0, -1.9509669159694418, 169.22288368466087, -49.55772567782189, -9.044196582145325, 0.0016000000400000006, -79.22288368466087
2025-04-01 17:20:22,560 - 2025-04-01T17:20:22.560750, 0.08149804805434124, 0.0, -1.9473634148322847, 168.30798368433273, -49.6093109134925, -9.160844061654846, 0.0016000000400000006, -78.30798368433273
2025-04-01 17:20:22,580 - 2025-04-01T17:20:22.580844, 0.08009695294959496, 0.0, -1.9436855169941913, 166.98058368385566, -49.65877876952212, -9.279993846580531, 0.0016000000400000006, -76.98058368385566
2025-04-01 17:20:22,620 - 2025-04-01T17:20:22.620325, 0.08735427276719587, 0.0, -1.9390474884189173, 165.77248368342038, -49.42548323474871, -9.438985464383062, 0.0016000000400000006, -75.77248368342038
2025-04-01 17:20:22,641 - 2025-04-01T17:20:22.641075, 0.08773383133792789, 0.0, -1.9395228149292074, 164.94158368312034, -49.41258678189244, -9.42377888112101, 0.0016000000400000006, -74.94158368312034
2025-04-01 17:20:22,661 - 2025-04-01T17:20:22.660988, 0.09042806797223246, 0.0, -1.9356252401758036, 164.23758368286568, -49.32808377126397, -9.554091513528425, 0.0016000000400000006, -74.23758368286568
2025-04-01 17:20:22,680 - 2025-04-01T17:20:22.680751, 0.09246030936414806, 0.0, -1.9312674890442008, 163.43078368257326, -49.26571658360606, -9.698840877647394, 0.0016000000400000006, -73.43078368257326
2025-04-01 17:20:22,700 - 2025-04-01T17:20:22.700340, 0.09358734813175396, 0.0, -1.9285161650690368, 162.7725836823343, -49.23145300782087, -9.79007922571082, 0.0016000000400000006, -72.7725836823343
2025-04-01 17:20:22,721 - 2025-04-01T17:20:22.721005, 0.09442437516165647, 0.0, -1.9256387728901334, 162.1304836821008, -49.206813727925244, -9.885167407280969, 0.0016000000400000006, -72.13048368210079
2025-04-01 17:20:22,740 - 2025-04-01T17:20:22.740559, 0.09584900073301172, 0.0, -1.923154735454538, 161.38368368182867, -49.16254093047523, -9.967936236780494, 0.0016000000400000006, -71.38368368182867
2025-04-01 17:20:22,760 - 2025-04-01T17:20:22.760601, 0.09702906496293329, 0.0, -1.921391939830179, 160.76388368160238, -49.125582874263436, -10.026836789443692, 0.0016000000400000006, -70.76388368160238
2025-04-01 17:20:22,780 - 2025-04-01T17:20:22.780866, 0.09841716916357779, 0.0, -1.9195471724388384, 160.02008368133025, -49.08188775335345, -10.088624573298306, 0.0016000000400000006, -70.02008368133025
2025-04-01 17:20:22,801 - 2025-04-01T17:20:22.801162, 0.09973087666328384, 0.0, -1.9176355834126046, 159.49428368113752, -49.0406949378597, -10.152529736793928, 0.0016000000400000006, -69.49428368113752
2025-04-01 17:20:22,820 - 2025-04-01T17:20:22.820585, 0.10126019919975748, 0.0, -1.9157832409552191, 158.7327836808578, -48.992380131892546, -10.214702446423763, 0.0016000000400000006, -68.7327836808578
2025-04-01 17:20:22,841 - 2025-04-01T17:20:22.841186, 0.10278194667018514, 0.0, -1.9137896801620033, 158.08928368062092, -48.944450251700644, -10.281494841110806, 0.0016000000400000006, -68.08928368062092
2025-04-01 17:20:22,860 - 2025-04-01T17:20:22.860601, 0.10471977408205602, 0.0, -1.9116321758348231, 157.4110836803707, -48.883046242112435, -10.354061698180699, 0.0016000000400000006, -67.4110836803707
2025-04-01 17:20:22,880 - 2025-04-01T17:20:22.880467, 0.10644956152320528, 0.0, -1.9095566432746252, 156.7200836801151, -48.828379297222384, -10.42374132405917, 0.0016000000400000006, -66.7200836801151
2025-04-01 17:20:22,900 - 2025-04-01T17:20:22.900370, 0.10832056730018413, 0.0, -1.907473535648382, 156.04358367986427, -48.769092667275146, -10.493805875712871, 0.0016000000400000006, -66.04358367986427
2025-04-01 17:20:22,922 - 2025-04-01T17:20:22.922062, 0.11039961304788415, 0.0, -1.9053084562551565, 155.29138367958464, -48.703068972629765, -10.566757658558007, 0.0016000000400000006, -65.29138367958464
2025-04-01 17:20:22,941 - 2025-04-01T17:20:22.941445, 0.11221137225601607, 0.0, -1.9034409636656795, 154.61648367933307, -48.64551479654828, -10.629700219738341, 0.0016000000400000006, -64.61648367933307
2025-04-01 17:20:22,961 - 2025-04-01T17:20:22.961075, 0.11429799306976118, 0.0, -1.9014171026082836, 153.87008367905406, -48.57910617612767, -10.698032317526291, 0.0016000000400000006, -63.87008367905407
2025-04-01 17:20:22,981 - 2025-04-01T17:20:22.981022, 0.11617657391278513, 0.0, -1.8994752133178698, 153.2128836788077, -48.5194346204052, -10.763477184122811, 0.0016000000400000006, -63.21288367880772
2025-04-01 17:20:23,001 - 2025-04-01T17:20:23.001069, 0.11826319472653113, 0.0, -1.897451352260474, 152.36698367848962, -48.45302599998456, -10.831809281910761, 0.0016000000400000006, -62.36698367848962
2025-04-01 17:20:23,020 - 2025-04-01T17:20:23.020762, 0.12084786724870122, 0.0, -1.8954715876398338, 151.65788367822208, -48.370256018976235, -10.899178777383458, 0.0016000000400000006, -61.65788367822207
2025-04-01 17:20:23,040 - 2025-04-01T17:20:23.040687, 0.1230013096973388, 0.0, -1.8933733298815008, 150.89718367793412, -48.30173001891464, -10.970013180587609, 0.0016000000400000006, -60.89718367793412
2025-04-01 17:20:23,064 - 2025-04-01T17:20:23.064809, 0.12536279211669799, 0.0, -1.891193100356185, 150.00998367759706, -48.2264669541549, -11.043734814983202, 0.0016000000400000006, -60.00998367759706
2025-04-01 17:20:23,081 - 2025-04-01T17:20:23.081171, 0.12703333298900032, 0.0, -1.889333182832754, 149.41248367736924, -48.173532463130584, -11.10629245038828, 0.0016000000400000006, -59.41248367736924
2025-04-01 17:20:23,100 - 2025-04-01T17:20:23.100871, 0.12911237873670034, 0.0, -1.8871681034395282, 148.6071836770612, -48.10750876848521, -11.179244233233423, 0.0016000000400000006, -58.60718367706119
2025-04-01 17:20:23,120 - 2025-04-01T17:20:23.120901, 0.13142218965325725, 0.0, -1.8853447072868081, 147.92588367679957, -48.03359323181599, -11.241224192098462, 0.0016000000400000006, -57.92588367679957
2025-04-01 17:20:23,140 - 2025-04-01T17:20:23.140660, 0.1335163855330479, 0.0, -1.8834620645652416, 147.10398367648284, -47.966799685620146, -11.304936604829239, 0.0016000000400000006, -57.10398367648284
2025-04-01 17:20:23,161 - 2025-04-01T17:20:23.161247, 0.13595983971938885, 0.0, -1.8814898750106472, 146.45118367623033, -47.888649389668984, -11.37192117452668, 0.0016000000400000006, -56.45118367623033
2025-04-01 17:20:23,180 - 2025-04-01T17:20:23.180749, 0.1381801038029189, 0.0, -1.8793172205513768, 145.71378367594403, -47.81800600996641, -11.445257883147038, 0.0016000000400000006, -55.71378367594403
2025-04-01 17:20:23,201 - 2025-04-01T17:20:23.201425, 0.14048233965343115, 0.0, -1.8773526060628272, 145.02218367567446, -47.7444753990724, -11.511857527069273, 0.0016000000400000006, -55.022183675674455
2025-04-01 17:20:23,220 - 2025-04-01T17:20:23.220883, 0.1427253289350956, 0.0, -1.8756036066110449, 144.3413836754081, -47.67267724204417, -11.571335180518098, 0.0016000000400000006, -54.34138367540811
2025-04-01 17:20:23,240 - 2025-04-01T17:20:23.240739, 0.14475270317999422, 0.0, -1.8737953605904154, 143.6262836751272, -47.6080010754893, -11.632545287832668, 0.0016000000400000006, -53.62628367512721
2025-04-01 17:20:23,261 - 2025-04-01T17:20:23.261374, 0.1473449507682103, 0.0, -1.8719568143056051, 142.92268367484974, -47.52484616870571, -11.695295098248174, 0.0016000000400000006, -52.922683674849736
2025-04-01 17:20:23,281 - 2025-04-01T17:20:23.281169, 0.14964718661872212, 0.0, -1.8699921998170561, 142.30738367460614, -47.45131555781172, -11.761894742170385, 0.0016000000400000006, -52.30738367460614
2025-04-01 17:20:23,300 - 2025-04-01T17:20:23.300632, 0.15182335426549498, 0.0, -1.8683175970662105, 141.66618367435134, -47.38163478042444, -11.818870090203026, 0.0016000000400000006, -51.666183674351345
2025-04-01 17:20:23,341 - 2025-04-01T17:20:23.341238, 0.1565766193683933, 0.0, -1.8645220113588963, 140.59048367392163, -47.22956894780405, -11.947834618765508, 0.0016000000400000006, -50.590483673921625
2025-04-01 17:20:23,360 - 2025-04-01T17:20:23.360647, 0.15875278701516615, 0.0, -1.8628474086080509, 140.09318367372202, -47.15988817041678, -12.00480996679814, 0.0016000000400000006, -50.093183673722024
2025-04-01 17:20:23,400 - 2025-04-01T17:20:23.400802, 0.16318709407569454, 0.0, -1.8597062430770812, 139.21208367336678, -47.017639384450774, -12.11202359816527, 0.0016000000400000006, -49.21208367336678
2025-04-01 17:20:23,420 - 2025-04-01T17:20:23.420355, 0.16513249655361006, 0.0, -1.8576899570857301, 138.71798367316666, -46.95585044908736, -12.179970770177997, 0.0016000000400000006, -48.71798367316666
2025-04-01 17:20:23,462 - 2025-04-01T17:20:23.462404, 0.16918724504340732, 0.0, -1.8540734650444715, 137.97058367286272, -46.82649811597759, -12.302390984807138, 0.0016000000400000006, -47.970583672862716
2025-04-01 17:20:23,500 - 2025-04-01T17:20:23.500704, 0.1730718288927089, 0.0, -1.8512450364493418, 137.3020836725896, -46.70195821868983, -12.398825542958967, 0.0016000000400000006, -47.30208367258959
2025-04-01 17:20:23,541 - 2025-04-01T17:20:23.541055, 0.17731946722113667, 0.0, -1.8472641359694415, 136.68908367233803, -46.566638672432404, -12.533372358893915, 0.0016000000400000006, -46.68908367233803
2025-04-01 17:20:23,580 - 2025-04-01T17:20:23.580297, 0.1812329973751039, 0.0, -1.8436552189942272, 136.1103836720996, -46.44190602437985, -12.655407647747847, 0.0016000000400000006, -46.1103836720996
2025-04-01 17:20:23,620 - 2025-04-01T17:20:23.620363, 0.18560048280073937, 0.0, -1.8405884501641951, 135.55968367187177, -46.30177461805485, -12.760118973698761, 0.0016000000400000006, -45.55968367187177
2025-04-01 17:20:23,680 - 2025-04-01T17:20:23.680629, 0.19162335896658833, 0.0, -1.8353793271390733, 134.90968367160167, -46.10947857225595, -12.936627305169113, 0.0016000000400000006, -44.90968367160167
2025-04-01 17:20:23,742 - 2025-04-01T17:20:23.742852, 0.19803958987574388, 0.0, -1.8295826055724986, 134.22858367131732, -45.90486317438647, -13.132769154193852, 0.0016000000400000006, -44.22858367131733
2025-04-01 17:20:23,801 - 2025-04-01T17:20:23.801125, 0.2041368627425295, 0.0, -1.8244403041822683, 133.68658367109003, -45.71006482317139, -13.307160106023238, 0.0016000000400000006, -43.686583671090034
2025-04-01 17:20:23,860 - 2025-04-01T17:20:23.860839, 0.21072461225169503, 0.0, -1.819200880892966, 133.15408367086582, -45.499290037143815, -13.485208140594503, 0.0016000000400000006, -43.154083670865816
2025-04-01 17:20:23,921 - 2025-04-01T17:20:23.920991, 0.21731236176086055, 0.0, -1.813961457603663, 132.65968367065685, -45.288515251116245, -13.663256175165795, 0.0016000000400000006, -42.65968367065685
2025-04-01 17:20:23,980 - 2025-04-01T17:20:23.980861, 0.22341720969369172, 0.0, -1.8089603745492626, 132.11098367042396, -45.09333197412592, -13.83302744193799, 0.0016000000400000006, -42.11098367042396
2025-04-01 17:20:24,040 - 2025-04-01T17:20:24.040745, 0.2296557008963065, 0.0, -1.8038104980929872, 131.66978367023603, -44.89391393785367, -14.00780331954261, 0.0016000000400000006, -41.66978367023603
2025-04-01 17:20:24,102 - 2025-04-01T17:20:24.102265, 0.23645906544223871, 0.0, -1.7986303213725314, 131.31018367008238, -44.67601716135271, -14.184118900248146, 0.0016000000400000006, -41.31018367008238
2025-04-01 17:20:24,160 - 2025-04-01T17:20:24.160715, 0.2429131716816202, 0.0, -1.7935396914851038, 131.05618366997354, -44.469477134607075, -14.357162323986996, 0.0016000000400000006, -41.056183669973535
2025-04-01 17:20:24,220 - 2025-04-01T17:20:24.220191, 0.24879482951163912, 0.0, -1.7883381435260266, 130.79648366986206, -44.28180077386538, -14.533285729682126, 0.0016000000400000006, -40.79648366986206
2025-04-01 17:20:24,280 - 2025-04-01T17:20:24.280354, 0.25489210237842475, 0.0, -1.7831958421357967, 130.66638366980612, -44.0870024226503, -14.707676681511504, 0.0016000000400000006, -40.66638366980612
2025-04-01 17:20:24,340 - 2025-04-01T17:20:24.340357, 0.2607586100763535, 0.0, -1.7777118575050612, 130.6137836697835, -43.900095913459054, -14.893039457320972, 0.0016000000400000006, -40.61378366978349
2025-04-01 17:20:24,400 - 2025-04-01T17:20:24.400918, 0.2662620632951551, 0.0, -1.773380344759096, 130.64148366979543, -43.72396905323751, -15.040289975347347, 0.0016000000400000006, -40.641483669795434
2025-04-01 17:20:24,760 - 2025-04-01T17:20:24.760671, 0.2712736859120626, 0.0, -1.7678005921888018, 130.44758366971192, -43.56516558016455, -15.22796288156261, 0.0016000000400000006, -40.44758366971192
2025-04-01 17:20:24,840 - 2025-04-01T17:20:24.840813, 0.2769954620866595, 0.0, -1.7662190494584866, 130.2981836696475, -43.37922282479742, -15.285322003861651, 0.0016000000400000006, -40.2981836696475
2025-04-01 17:20:24,901 - 2025-04-01T17:20:24.901569, 0.27985093433590036, 0.0, -1.7600468311997228, 130.7279836698326, -43.291639256458275, -15.490319448734347, 0.0016000000400000006, -40.72798366983262
2025-04-01 17:20:25,000 - 2025-04-01T17:20:25.000501, 0.2852358944170086, 0.0, -1.756146548527291, 131.18458367002856, -43.118977303968194, -15.62332598581395, 0.0016000000400000006, -41.184583670028566
2025-04-01 17:20:35,265 - 2025-04-01T17:20:35.265111, 0.3150191671044258, 0.0, -1.7556111346435053, 131.85248367031394, -42.14364665611837, -15.669705223571247, 0.0016000000400000006, -41.852483670313944
2025-04-01 17:20:36,420 - 2025-04-01T17:20:36.420259, 0.3204330734902001, 0.0, -1.7509303635909896, 131.65068367022786, -41.97079195286348, -15.828312491352934, 0.0016000000400000006, -41.65068367022786
2025-04-01 17:20:36,880 - 2025-04-01T17:20:36.880766, 0.32563893990525283, 0.0, -1.7463315643054558, 131.61738367021368, -41.804674314306745, -15.984032527943198, 0.0016000000400000006, -41.617383670213684
2025-04-01 17:20:37,340 - 2025-04-01T17:20:37.340691, 0.3307704096193689, 0.0, -1.7416659433850303, 131.48388367015664, -41.64105898116619, -16.14186994417442, 0.0016000000400000006, -41.483883670156644
2025-04-01 17:20:38,520 - 2025-04-01T17:20:38.520858, 0.3353811024269233, 0.0, -1.7365325710203594, 131.30348367007946, -41.49495978593909, -16.31452901789248, 0.0016000000400000006, -41.30348367007946
2025-04-01 17:20:38,720 - 2025-04-01T17:20:38.720695, 0.34101819891550944, 0.0, -1.7320522648725198, 130.93578366992188, -41.31459816643558, -16.466784146751248, 0.0016000000400000006, -40.935783669921875
2025-04-01 17:20:38,900 - 2025-04-01T17:20:38.900931, 0.34646998063150924, 0.0, -1.7280775854991504, 130.67758366981096, -41.13981883430455, -16.602292989247065, 0.0016000000400000006, -40.67758366981096
2025-04-01 17:20:39,080 - 2025-04-01T17:20:39.080563, 0.35208435192195964, 0.0, -1.7231736243438225, 130.53438366974933, -40.96061199212674, -16.768407173277375, 0.0016000000400000006, -40.53438366974933
2025-04-01 17:20:39,241 - 2025-04-01T17:20:39.241800, 0.35723854683421097, 0.0, -1.7189316584308845, 130.39838366969073, -40.79584188166049, -16.912385534337094, 0.0016000000400000006, -40.39838366969073
2025-04-01 17:20:39,421 - 2025-04-01T17:20:39.421010, 0.3624519883153088, 0.0, -1.7144740774811806, 130.3187836696564, -40.62933931732853, -17.063485885870158, 0.0016000000400000006, -40.3187836696564
2025-04-01 17:20:39,540 - 2025-04-01T17:20:39.540414, 0.36746496489173053, 0.0, -1.7102396866342877, 130.32678366965982, -40.46918889191947, -17.207079321154648, 0.0016000000400000006, -40.32678366965982
2025-04-01 17:20:40,121 - 2025-04-01T17:20:40.121060, 0.3727024855304779, 0.0, -1.707551122415473, 129.93568366949088, -40.30018459792572, -17.300241146585407, 0.0016000000400000006, -39.935683669490885
2025-04-01 17:20:40,561 - 2025-04-01T17:20:40.561057, 0.37790213083900026, 0.0, -1.704156466517511, 129.45608366928295, -40.13310493280809, -17.416501397302067, 0.0016000000400000006, -39.45608366928295
2025-04-01 17:20:40,920 - 2025-04-01T17:20:40.920617, 0.38298192905031403, 0.0, -1.6998476789696815, 129.2496836691932, -39.97083712775806, -17.562597138002737, 0.0016000000400000006, -39.24968366919319
2025-04-01 17:20:41,340 - 2025-04-01T17:20:41.340524, 0.38798733056069024, 0.0, -1.695472069786959, 129.12218366913768, -39.811071628124246, -17.710810258344406, 0.0016000000400000006, -39.122183669137684
2025-04-01 17:20:41,641 - 2025-04-01T17:20:41.641301, 0.39303818246733746, 0.0, -1.6919437706192135, 128.89128366903702, -39.64899657383904, -17.83130526834299, 0.0016000000400000006, -38.89128366903702
2025-04-01 17:20:42,120 - 2025-04-01T17:20:42.120353, 0.3983260206493733, 0.0, -1.6875530113044013, 128.66748366893924, -39.47999170409085, -17.980288240235105, 0.0016000000400000006, -38.66748366893924
2025-04-01 17:20:43,000 - 2025-04-01T17:20:43.000397, 0.40273002744572084, 0.0, -1.6838469724301146, 128.17408366872309, -39.33928262122578, -18.105980611830923, 0.0016000000400000006, -38.17408366872309
2025-04-01 17:20:43,640 - 2025-04-01T17:20:43.640895, 0.40496895484884243, 0.0, -1.678061887808128, 127.93738366861899, -39.271525321205864, -18.29769667807212, 0.0016000000400000006, -37.93738366861899
2025-04-01 17:20:43,720 - 2025-04-01T17:20:43.720644, 0.4080854925311219, 0.0, -1.6727962261331872, 127.67908366850523, -39.174510207741925, -18.473243558736012, 0.0016000000400000006, -37.67908366850523
2025-04-01 17:20:43,781 - 2025-04-01T17:20:43.781717, 0.4133657556471122, 0.0, -1.6682642484825458, 127.42438366839282, -39.005890263768976, -18.626846215685298, 0.0016000000400000006, -37.42438366839282
2025-04-01 17:20:43,840 - 2025-04-01T17:20:43.840392, 0.4209103792833879, 0.0, -1.6610615646642084, 127.07578366823853, -38.765664337778205, -18.870146941842677, 0.0016000000400000006, -37.07578366823853
2025-04-01 17:20:43,940 - 2025-04-01T17:20:43.940314, 0.4250078702504272, 0.0, -1.6556016591911225, 126.74968366809378, -38.636696354689285, -19.053007987990355, 0.0016000000400000006, -36.74968366809378
2025-04-01 17:20:44,760 - 2025-04-01T17:20:44.760261, 0.4305857201701664, 0.0, -1.6513369680800492, 126.73158366808572, -38.45806718905152, -19.19814112637576, 0.0016000000400000006, -36.73158366808572
2025-04-01 17:20:44,960 - 2025-04-01T17:20:44.960203, 0.4357474901484619, 0.0, -1.6472362205029407, 126.57178366801463, -38.292912152810075, -19.337499802378293, 0.0016000000400000006, -36.57178366801463
2025-04-01 17:20:45,520 - 2025-04-01T17:20:45.520237, 0.4409988069597861, 0.0, -1.6434847312323835, 126.36258366792143, -38.124484959601936, -19.46550172862548, 0.0016000000400000006, -36.36258366792143
2025-04-01 17:20:50,640 - 2025-04-01T17:20:50.640632, 0.44234010680464486, 0.0, -1.6394472921026648, 127.00658366820787, -38.08444634567945, -19.599087093753962, 0.0016000000400000006, -37.00658366820787
2025-04-01 17:20:50,680 - 2025-04-01T17:20:50.680517, 0.44287603384329577, 0.0, -1.6401974802185681, 127.82798366857084, -38.06616035621557, -19.5750260661528, 0.0016000000400000006, -37.82798366857084
2025-04-01 17:20:50,700 - 2025-04-01T17:20:50.700218, 0.4427878409697823, 0.0, -1.6411935836354186, 128.4054836688246, -38.06808556084614, -19.542303344977345, 0.0016000000400000006, -38.40548366882459
2025-04-01 17:20:50,720 - 2025-04-01T17:20:50.720224, 0.4425660048264848, 0.0, -1.6423384804541437, 129.18078366916322, -38.074245524758645, -19.504576012969476, 0.0016000000400000006, -39.18078366916322
2025-04-01 17:20:50,741 - 2025-04-01T17:20:50.741559, 0.4413026148700663, 0.0, -1.6425478743843795, 130.13328366957631, -38.11543776449798, -19.496491995935212, 0.0016000000400000006, -40.133283669576315
2025-04-01 17:20:50,760 - 2025-04-01T17:20:50.760280, 0.43940752993543697, 0.0, -1.6428619652797334, 131.16238367001904, -38.177226124107044, -19.484365970383827, 0.0016000000400000006, -41.16238367001904
2025-04-01 17:20:50,780 - 2025-04-01T17:20:50.780349, 0.43678362812352667, 0.0, -1.6427902764978244, 132.2159836704686, -38.26326768632764, -19.48417437112783, 0.0016000000400000006, -42.2159836704686
2025-04-01 17:20:50,801 - 2025-04-01T17:20:50.800969, 0.43338681299757686, 0.0, -1.6428308597470789, 133.2981836709266, -38.374525053475104, -19.47955583757946, 0.0016000000400000006, -43.29818367092659
2025-04-01 17:20:50,820 - 2025-04-01T17:20:50.820369, 0.42964831463112185, 0.0, -1.6431022081651903, 134.44068367140605, -38.49675424460264, -19.467045462007253, 0.0016000000400000006, -44.44068367140605
2025-04-01 17:20:50,840 - 2025-04-01T17:20:50.840258, 0.42597041679302805, 0.0, -1.6445033032699365, 135.7034836719313, -38.61590402952835, -19.41757760597763, 0.0016000000400000006, -45.70348367193131
2025-04-01 17:20:50,860 - 2025-04-01T17:20:50.860199, 0.42218917594933014, 0.0, -1.646618065119874, 137.06398367249201, -38.73774887063509, -19.34462639888692, 0.0016000000400000006, -47.063983672492014
2025-04-01 17:20:50,881 - 2025-04-01T17:20:50.881660, 0.41835626360283085, 0.0, -1.6490896603424083, 138.44238367305476, -38.86094123983233, -19.25993351626563, 0.0016000000400000006, -48.44238367305476
2025-04-01 17:20:50,900 - 2025-04-01T17:20:50.900616, 0.4141665178837357, 0.0, -1.6515095840621408, 139.6867836735584, -38.995875284560114, -19.176588161734845, 0.0016000000400000006, -49.68678367355841
2025-04-01 17:20:50,920 - 2025-04-01T17:20:50.920380, 0.40904749038268173, 0.0, -1.6537669182074222, 140.9555836740678, -39.1614146708224, -19.097670317250845, 0.0016000000400000006, -50.95558367406781
2025-04-01 17:20:50,940 - 2025-04-01T17:20:50.940517, 0.40347450760995907, 0.0, -1.6554821042075214, 142.29008367459926, -39.34235281535715, -19.036076435669866, 0.0016000000400000006, -52.290083674599266
2025-04-01 17:20:50,960 - 2025-04-01T17:20:50.960582, 0.39616280837052775, 0.0, -1.657786242708589, 143.71848367516353, -39.579689782893276, -18.953502084198348, 0.0016000000400000006, -53.718483675163526
2025-04-01 17:20:50,981 - 2025-04-01T17:20:50.981217, 0.38834548235662636, 0.0, -1.6599050664370698, 145.22228367575255, -39.833773036792365, -18.876510020099307, 0.0016000000400000006, -55.22228367575255
2025-04-01 17:20:51,000 - 2025-04-01T17:20:51.000521, 0.3796732712617028, 0.0, -1.6619281222259925, 146.6974836763257, -40.11595932680976, -18.801828086406044, 0.0016000000400000006, -56.6974836763257
2025-04-01 17:20:51,020 - 2025-04-01T17:20:51.020860, 0.3715824376017016, 0.0, -1.6655486761457943, 148.07608367685737, -40.37755007271188, -18.675367014768582, 0.0016000000400000006, -58.07608367685736
2025-04-01 17:20:51,040 - 2025-04-01T17:20:51.040467, 0.361930627181533, 0.0, -1.6691113374562638, 149.45698367738623, -40.690342280018136, -18.549291444660746, 0.0016000000400000006, -59.45698367738623
2025-04-01 17:20:51,060 - 2025-04-01T17:20:51.060499, 0.35354978178382757, 0.0, -1.6726058231723266, 150.90488367793702, -40.96155732180985, -18.426680206529994, 0.0016000000400000006, -60.90488367793702
2025-04-01 17:20:51,080 - 2025-04-01T17:20:51.080330, 0.3444476945748858, 0.0, -1.6758557475469562, 152.37108367849117, -41.25664064043788, -18.31138370963745, 0.0016000000400000006, -62.371083678491175
2025-04-01 17:20:51,100 - 2025-04-01T17:20:51.100429, 0.3343129825783815, 0.0, -1.6796567490923282, 153.8466836790453, -41.58502435678144, -18.17703137173053, 0.0016000000400000006, -63.84668367904529
2025-04-01 17:20:51,120 - 2025-04-01T17:20:51.120550, 0.3240219021139583, 0.0, -1.6831828890320861, 155.2506836795695, -41.91879760973261, -18.05153347816274, 0.0016000000400000006, -65.2506836795695
2025-04-01 17:20:51,140 - 2025-04-01T17:20:51.140886, 0.31431842019098744, 0.0, -1.6871023837151515, 156.66488368009465, -42.2329373451294, -17.91371623252435, 0.0016000000400000006, -66.66488368009465
2025-04-01 17:20:51,160 - 2025-04-01T17:20:51.160346, 0.30393157178700525, 0.0, -1.6914834087359303, 158.17318368065182, -42.56902072848638, -17.76011530283829, 0.0016000000400000006, -68.17318368065182
2025-04-01 17:20:51,180 - 2025-04-01T17:20:51.180589, 0.2939242819537542, 0.0, -1.6963397602669996, 159.68928368120905, -42.89220765898712, -17.591307789890163, 0.0016000000400000006, -69.68928368120905
2025-04-01 17:20:51,200 - 2025-04-01T17:20:51.200286, 0.2852396286457699, 0.0, -1.7007711028310664, 161.12308368173356, -43.17246989588274, -17.437706284449686, 0.0016000000400000006, -71.12308368173356
2025-04-01 17:20:51,220 - 2025-04-01T17:20:51.220550, 0.2762876887982162, 0.0, -1.7055000321988816, 162.449883682217, -43.461201651342286, -17.274095557344403, 0.0016000000400000006, -72.449883682217
2025-04-01 17:20:51,240 - 2025-04-01T17:20:51.240726, 0.26726135224972536, 0.0, -1.7101621399318052, 163.70938368267434, -43.75243571221802, -17.112602209880084, 0.0016000000400000006, -73.70938368267434
2025-04-01 17:20:51,260 - 2025-04-01T17:20:51.260387, 0.25787818232863957, 0.0, -1.714772576161927, 164.9356836831182, -44.0554114486243, -16.95245639050627, 0.0016000000400000006, -74.93568368311821
2025-04-01 17:20:51,280 - 2025-04-01T17:20:51.280817, 0.24834621900567821, 0.0, -1.7192493691222648, 166.10638368354083, -44.363391795862995, -16.7965453304144, 0.0016000000400000006, -76.10638368354083
2025-04-01 17:20:51,300 - 2025-04-01T17:20:51.300598, 0.23910426742042112, 0.0, -1.723852230286341, 167.24598368395115, -44.661747847212105, -16.636784436815837, 0.0016000000400000006, -77.24598368395115
2025-04-01 17:20:51,320 - 2025-04-01T17:20:51.320827, 0.23009308100402093, 0.0, -1.728796774690923, 168.3215836843376, -44.95221205653738, -16.46605171923718, 0.0016000000400000006, -78.32158368433761
2025-04-01 17:20:51,340 - 2025-04-01T17:20:51.340231, 0.22152827479324477, 0.0, -1.7341422489048584, 169.34388368470422, -45.22766243336541, -16.282614723812653, 0.0016000000400000006, -79.34388368470422
2025-04-01 17:20:51,360 - 2025-04-01T17:20:51.360259, 0.21332030195506402, 0.0, -1.7395393946215947, 170.2304836850217, -45.491371134662906, -16.09783020029764, 0.0016000000400000006, -80.23048368502171
2025-04-01 17:20:51,380 - 2025-04-01T17:20:51.380420, 0.20574402409509274, 0.0, -1.7448318433732135, 171.03068368530788, -45.734483716090715, -15.917087685299748, 0.0016000000400000006, -81.03068368530788
2025-04-01 17:20:51,400 - 2025-04-01T17:20:51.400415, 0.19838336127188816, 0.0, -1.7501835386936793, 171.76598368557057, -45.97047430704515, -15.734612716436114, 0.0016000000400000006, -81.76598368557057
2025-04-01 17:20:51,420 - 2025-04-01T17:20:51.420358, 0.19132028525243294, 0.0, -1.755802520553713, 172.4692836858216, -46.196455676334764, -15.543668229008599, 0.0016000000400000006, -82.46928368582161
2025-04-01 17:20:51,440 - 2025-04-01T17:20:51.440623, 0.18468843930651024, 0.0, -1.7615399955514413, 173.16658368607025, -46.40819306467763, -15.34925883384958, 0.0016000000400000006, -83.16658368607025
2025-04-01 17:20:51,461 - 2025-04-01T17:20:51.461083, 0.1784802483680763, 0.0, -1.7672547453510337, 173.83348368630794, -46.60607139784896, -15.156004216016271, 0.0016000000400000006, -83.83348368630794
2025-04-01 17:20:51,480 - 2025-04-01T17:20:51.480881, 0.1730222455455448, 0.0, -1.7724335681119747, 174.48808368654107, -46.77988870341915, -14.981035587646854, 0.0016000000400000006, -84.48808368654107
2025-04-01 17:20:51,502 - 2025-04-01T17:20:51.502589, 0.16699179431365163, 0.0, -1.7775014728012675, 175.21358368679932, -46.97256967499324, -14.809146941233674, 0.0016000000400000006, -85.21358368679932
2025-04-01 17:20:51,520 - 2025-04-01T17:20:51.520847, 0.1621654864693305, 0.0, -1.7825755985970915, 175.99148368707608, -47.12579086069373, -14.638220321381358, 0.0016000000400000006, -85.99148368707608
2025-04-01 17:20:51,540 - 2025-04-01T17:20:51.540451, 0.15812724207113815, 0.0, -1.7878198890334103, 176.79358368736126, -47.25302638991691, -14.462481265707074, 0.0016000000400000006, -86.79358368736126
2025-04-01 17:20:51,561 - 2025-04-01T17:20:51.561274, 0.15437143434460454, 0.0, -1.7930490293376398, 177.5548836876319, -47.37102254902574, -14.28751206158322, 0.0016000000400000006, -87.5548836876319
2025-04-01 17:20:51,581 - 2025-04-01T17:20:51.581060, 0.15108337806231598, 0.0, -1.7977573927353077, 178.227783687871, -47.474197050647746, -14.130058995372822, 0.0016000000400000006, -88.22778368787101
2025-04-01 17:20:51,600 - 2025-04-01T17:20:51.600451, 0.14763895331210763, 0.0, -1.8021908945273628, 178.86398368809705, -47.5827610888774, -13.981460373501514, 0.0016000000400000006, -88.86398368809705
2025-04-01 17:20:51,620 - 2025-04-01T17:20:51.620711, 0.1441125567949162, 0.0, -1.806416356348695, 179.47078368831262, -47.6942123582985, -13.839598816328406, 0.0016000000400000006, -89.47078368831262
2025-04-01 17:20:51,641 - 2025-04-01T17:20:51.641054, 0.14071980354750968, 0.0, -1.810493024768154, -179.94831631148105, -47.80142886843764, -13.702741869987655, 0.0016000000400000006, 269.94831631148105
2025-04-01 17:20:51,660 - 2025-04-01T17:20:51.660916, 0.1374758437019774, 0.0, -1.814703336457397, -179.46021631130768, -47.90364076774438, -13.561650164364975, 0.0016000000400000006, 269.4602163113077
2025-04-01 17:20:51,700 - 2025-04-01T17:20:51.700657, 0.13104717057976067, 0.0, -1.822908344799116, -178.91841631111518, -48.10633211249208, -13.286588743593011, 0.0016000000400000006, 268.91841631111515
2025-04-01 17:20:51,740 - 2025-04-01T17:20:51.740727, 0.1269434585061906, 0.0, -1.829572393659774, -178.62871631101223, -48.23433806902013, -13.064267911571713, 0.0016000000400000006, 268.6287163110122
2025-04-01 17:20:51,780 - 2025-04-01T17:20:51.780338, 0.12465285960026629, 0.0, -1.8357143116543568, -178.3299163109061, -48.3034428971306, -12.860810169799949, 0.0016000000400000006, 268.3299163109061
2025-04-01 17:20:51,841 - 2025-04-01T17:20:51.841660, 0.12420567412616945, 0.0, -1.8418989721261818, -178.09541631082274, -48.312106893722515, -12.657736778049026, 0.0016000000400000006, 268.09541631082277
2025-04-01 17:20:51,900 - 2025-04-01T17:20:51.900809, 0.12398032479536925, 0.0, -1.8469387357792817, -178.1859163108549, -48.314610926401954, -12.492390718305964, 0.0016000000400000006, 268.1859163108549
2025-04-01 17:20:52,000 - 2025-04-01T17:20:52.000617, 0.1275616494254317, 0.0, -1.852978116036735, -177.97771631078092, -48.19142143597672, -12.297977868620514, 0.0016000000400000006, 267.9777163107809
2025-04-01 17:20:52,082 - 2025-04-01T17:20:52.081243, 0.13328126637203974, 0.0, -1.8566368018641954, -178.18431631085434, -48.00047579704042, -12.183638792253591, 0.0016000000400000006, 268.18431631085434
2025-04-01 17:20:52,161 - 2025-04-01T17:20:52.161227, 0.13507571622009396, 0.0, -1.8597271011608367, -178.8557163110929, -47.938688588940174, -12.084122524882279, 0.0016000000400000006, 268.8557163110929
2025-04-01 17:20:52,260 - 2025-04-01T17:20:52.260539, 0.13721049534913865, 0.0, -1.861241273565219, -179.42501631129514, -47.867276509195975, -12.036577570465617, 0.0016000000400000006, 269.42501631129517
2025-04-01 17:20:52,341 - 2025-04-01T17:20:52.341159, 0.1380426552320242, 0.0, -1.8609133864972898, -179.92201631147165, -47.84032825040339, -12.048126495231338, 0.0016000000400000006, 269.9220163114717
2025-04-01 17:20:52,580 - 2025-04-01T17:20:52.580714, 0.13673381487933467, 0.0, -1.860275470412549, 179.97538368849186, -47.88383004479411, -12.067760588540159, 0.0016000000400000006, -89.97538368849186
2025-04-01 17:20:52,680 - 2025-04-01T17:20:52.680520, 0.13694185485005628, 0.0, -1.8601934986455673, 179.42098368829494, -47.87709298009596, -12.070647819731574, 0.0016000000400000006, -89.42098368829494
2025-04-01 17:20:52,981 - 2025-04-01T17:20:52.981749, 0.1368006365142267, 0.0, -1.860201073711612, 179.94208368848, -47.88171266515314, -12.07026289395636, 0.0016000000400000006, -89.94208368848001
2025-04-01 17:20:53,080 - 2025-04-01T17:20:53.080468, 0.13730626328869766, 0.0, -1.8603863884841982, -179.97851631149172, -47.86496637879016, -12.064680606583893, 0.0016000000400000006, 269.9785163114917
2025-04-01 17:21:08,841 - 2025-04-01T17:21:08.840962, 0.14232194778414753, 0.0, -1.8588427210841083, -179.72871631140302, -47.70212204870891, -12.120115100006792, 0.0016000000400000006, 269.728716311403
2025-04-01 17:21:31,482 - 2025-04-01T17:21:31.482508, 0.14736657858426438, 0.0, -1.8565185653039347, -179.7056163113948, -47.53908496786282, -12.201150324131772, 0.0016000000400000006, 269.7056163113948
2025-04-01 17:22:15,120 - 2025-04-01T17:22:15.120837, 0.152426359516471, 0.0, -1.8544768461954195, -179.68731631138834, -47.37527803546629, -12.272946178142403, 0.0016000000400000006, 269.6873163113884
