2025-03-31 13:31:00,272 - Timestamp, Before_X, Before_Y, Before_Z, Before_Yaw_Deg, After_X, After_Y, After_Z, After_Yaw_Deg
2025-03-31 13:31:00,320 - 2025-03-31T13:31:00.320174, 0.13259262619767043, 0.0, -1.9995730316126754, 179.83318368844138, -47.88464710820584, -7.499665948824199, 0.0016000000400000006, -89.83318368844138
2025-03-31 13:34:40,962 - 2025-03-31T13:34:40.962622, 0.1325872103596133, 0.0, -1.9941915847190699, 179.76198368841608, -47.89003491755026, -7.675983832547355, 0.0016000000400000006, -89.76198368841608
2025-03-31 13:34:41,080 - 2025-03-31T13:34:41.080361, 0.1326410410904031, 0.0, -1.9885945227886979, 179.72788368840398, -47.89369027302894, -7.859423706743891, 0.0016000000400000006, -89.72788368840398
2025-03-31 13:34:41,160 - 2025-03-31T13:34:41.160346, 0.1328877616598243, 0.0, -1.982633052419684, 179.6776836883861, -47.89137841535992, -8.054990182246222, 0.0016000000400000006, -89.67768368838613
2025-03-31 13:34:41,220 - 2025-03-31T13:34:41.220917, 0.13266673078500002, 0.0, -1.9771923589572313, 179.6542836883778, -47.90388821517774, -8.233040519835127, 0.0016000000400000006, -89.6542836883778
2025-03-31 13:34:41,320 - 2025-03-31T13:34:41.320404, 0.1328617798516194, 0.0, -1.9715877219608138, 179.54758368833987, -47.90292388559922, -8.416865319806892, 0.0016000000400000006, -89.54758368833987
2025-03-31 13:34:42,060 - 2025-03-31T13:34:42.060625, 0.13266212021541657, 0.0, -1.965225321782448, 179.67758368838605, -47.91562586042745, -8.625136073155053, 0.0016000000400000006, -89.67758368838605
2025-03-31 13:34:42,120 - 2025-03-31T13:34:42.120866, 0.13272352601225146, 0.0, -1.9597694781879054, 179.497183688322, -47.918896290130895, -8.803956262294403, 0.0016000000400000006, -89.497183688322
2025-03-31 13:34:42,181 - 2025-03-31T13:34:42.181359, 0.13309009367888036, 0.0, -1.9547221394687602, 179.29878368825152, -47.911772572394305, -8.969687247812692, 0.0016000000400000006, -89.29878368825152
2025-03-31 13:34:42,301 - 2025-03-31T13:34:42.301066, 0.1332258961766528, 0.0, -1.9493331175091093, 179.03058368815624, -47.91254069668154, -9.146390057311082, 0.0016000000400000006, -89.03058368815624
2025-03-31 13:34:43,440 - 2025-03-31T13:34:43.440706, 0.13305653680463125, 0.0, -1.9435355906740606, 178.93858368812354, -47.92370296840881, -9.336182070430542, 0.0016000000400000006, -88.93858368812354
2025-03-31 13:34:43,501 - 2025-03-31T13:34:43.501020, 0.13349614721268255, 0.0, -1.937209711866406, 178.7241836880474, -47.91542389759214, -9.543875147238651, 0.0016000000400000006, -88.72418368804739
2025-03-31 13:34:43,540 - 2025-03-31T13:34:43.540833, 0.13386271487931145, 0.0, -1.932162373147261, 178.54478368798362, -47.90830017985555, -9.70960613275694, 0.0016000000400000006, -88.54478368798362
2025-03-31 13:34:43,580 - 2025-03-31T13:34:43.580860, 0.1342506537845618, 0.0, -1.926193327712202, 178.3901836879287, -47.90136863712936, -9.905557534034505, 0.0016000000400000006, -88.3901836879287
2025-03-31 13:34:43,620 - 2025-03-31T13:34:43.620781, 0.13472678556332562, 0.0, -1.9192281788602932, 178.2077836878639, -47.892511889772614, -10.134231656487513, 0.0016000000400000006, -88.2077836878639
2025-03-31 13:34:43,661 - 2025-03-31T13:34:43.661633, 0.1350692740723045, 0.0, -1.9124118234102587, 177.97008368777944, -47.887889901697825, -10.357901168108118, 0.0016000000400000006, -87.97008368777944
2025-03-31 13:34:43,700 - 2025-03-31T13:34:43.700715, 0.13547100915013077, 0.0, -1.9053798529234571, 177.76948368770817, -47.88153545975728, -10.588692670202123, 0.0016000000400000006, -87.76948368770817
2025-03-31 13:34:43,741 - 2025-03-31T13:34:43.741888, 0.1360215376298317, 0.0, -1.89848152570644, 177.51118368761635, -47.87017640698433, -10.815249413014165, 0.0016000000400000006, -87.51118368761635
2025-03-31 13:34:43,780 - 2025-03-31T13:34:43.780798, 0.13649766940859553, 0.0, -1.8915163768545313, 177.3086836875444, -47.86131965962757, -11.043923535467172, 0.0016000000400000006, -87.3086836875444
2025-03-31 13:34:43,820 - 2025-03-31T13:34:43.820936, 0.13714531978736888, 0.0, -1.8851085262798946, 177.172583687496, -47.846303524112734, -11.254503843466711, 0.0016000000400000006, -87.172583687496
2025-03-31 13:34:43,861 - 2025-03-31T13:34:43.861092, 0.13789009206521508, 0.0, -1.8791911523476377, 176.90978368740258, -47.82763030585599, -11.44910771665376, 0.0016000000400000006, -86.90978368740258
2025-03-31 13:34:43,902 - 2025-03-31T13:34:43.902188, 0.13824150959975334, 0.0, -1.8738613769568335, 176.8543836873829, -47.82127643966987, -11.624078072286416, 0.0016000000400000006, -86.85438368738289
2025-03-31 13:34:43,940 - 2025-03-31T13:34:43.940687, 0.13917295060970014, 0.0, -1.8687837379735075, 176.7077836873308, -47.79567398170456, -11.79134876090564, 0.0016000000400000006, -86.70778368733079
2025-03-31 13:34:44,001 - 2025-03-31T13:34:44.001437, 0.13907663397910142, 0.0, -1.8617076710499503, 176.76188368735, -47.80568090035174, -12.023102865314884, 0.0016000000400000006, -86.76188368735001
2025-03-31 13:34:44,061 - 2025-03-31T13:34:44.061506, 0.13918078225317831, 0.0, -1.8544084140235801, 177.0999836874702, -47.809335680076025, -12.262363885972784, 0.0016000000400000006, -87.0999836874702
2025-03-31 13:34:44,100 - 2025-03-31T13:34:44.100782, 0.139131269978364, 0.0, -1.8495250188383996, 177.58978368764429, -47.81568609173574, -12.422320409108217, 0.0016000000400000006, -87.58978368764429
2025-03-31 13:34:44,140 - 2025-03-31T13:34:44.140853, 0.13830126932346687, 0.0, -1.8446126773485532, 178.35428368791597, -47.847637234097505, -12.582469683008451, 0.0016000000400000006, -88.35428368791597
2025-03-31 13:34:44,180 - 2025-03-31T13:34:44.180855, 0.13724807856575705, 0.0, -1.8394998709540302, 179.2277836882263, -47.887095292707905, -12.748971095831607, 0.0016000000400000006, -89.22778368822631
2025-03-31 13:34:44,201 - 2025-03-31T13:34:44.201084, 0.13688853727413264, 0.0, -1.836757476004426, 179.83288368844126, -47.90153087291067, -12.838477565783679, 0.0016000000400000006, -89.83288368844126
2025-03-31 13:34:44,221 - 2025-03-31T13:34:44.221158, 0.13617216260991194, 0.0, -1.8339634095520192, -179.67681631138458, -47.92770812864399, -12.929331563826294, 0.0016000000400000006, 269.6768163113846
2025-03-31 13:34:44,241 - 2025-03-31T13:34:44.241208, 0.13538139124475412, 0.0, -1.8311025214647207, -179.13961631119372, -47.95638768979352, -13.022302941509867, 0.0016000000400000006, 269.1396163111937
2025-03-31 13:34:44,260 - 2025-03-31T13:34:44.260867, 0.13494745325219215, 0.0, -1.828293304880224, -178.62211631100988, -47.973325575412495, -13.113926791102932, 0.0016000000400000006, 268.6221163110099
2025-03-31 13:34:44,280 - 2025-03-31T13:34:44.280516, 0.1340154635512052, 0.0, -1.8254399918589708, -177.9559163107732, -48.0066248216192, -13.20651324301127, 0.0016000000400000006, 267.9559163107732
2025-03-31 13:34:44,321 - 2025-03-31T13:34:44.321458, 0.13282105445766623, 0.0, -1.8203347605304931, -176.9838163104277, -48.05070256528676, -13.372629730059192, 0.0016000000400000006, 266.9838163104277
2025-03-31 13:34:44,360 - 2025-03-31T13:34:44.360852, 0.13183468533484932, 0.0, -1.8151475574350329, -176.45041631023804, -48.08804324425617, -13.541633448298557, 0.0016000000400000006, 266.45041631023804
2025-03-31 13:34:44,400 - 2025-03-31T13:34:44.400621, 0.13130849259023103, 0.0, -1.8092983590971827, -176.33191631019594, -48.11094719151402, -13.732772989508515, 0.0016000000400000006, 266.33191631019594
2025-03-31 13:34:44,440 - 2025-03-31T13:34:44.440557, 0.13121352991914614, 0.0, -1.8035676538970256, -176.2818163101781, -48.119607157825115, -13.920447622987023, 0.0016000000400000006, 266.2818163101781
2025-03-31 13:34:44,480 - 2025-03-31T13:34:44.480409, 0.13127493571598103, 0.0, -1.7981118103024825, -176.31471631018982, -48.12287758752857, -14.099267812126387, 0.0016000000400000006, 266.31471631018985
2025-03-31 13:34:44,520 - 2025-03-31T13:34:44.520836, 0.1309354117034629, 0.0, -1.7931023469135634, -176.37441631021102, -48.13885229507787, -14.263074168768512, 0.0016000000400000006, 266.374416310211
2025-03-31 13:34:44,561 - 2025-03-31T13:34:44.561489, 0.13051391592396255, 0.0, -1.7878848435539223, -176.4027163102211, -48.15771423381859, -14.433617590108812, 0.0016000000400000006, 266.4027163102211
2025-03-31 13:34:44,601 - 2025-03-31T13:34:44.601261, 0.12998772317934515, 0.0, -1.7820356452160722, -176.4146163102253, -48.18061818107642, -14.62475713131877, 0.0016000000400000006, 266.4146163102253
2025-03-31 13:34:44,660 - 2025-03-31T13:34:44.660556, 0.12974261314687174, 0.0, -1.7748259350227302, -176.39111631021694, -48.19562971055601, -14.86074599500998, 0.0016000000400000006, 266.39111631021694
2025-03-31 13:34:44,702 - 2025-03-31T13:34:44.702395, 0.12966280060787705, 0.0, -1.7693776664942322, -176.4666163102438, -48.20351982531665, -15.039181258374114, 0.0016000000400000006, 266.4666163102438
2025-03-31 13:34:44,740 - 2025-03-31T13:34:44.740654, 0.1292261546962865, 0.0, -1.7638777264629328, -176.41251631022462, -48.223151615607826, -15.21896404982875, 0.0016000000400000006, 266.41251631022465
2025-03-31 13:34:44,781 - 2025-03-31T13:34:44.781510, 0.12907952052240024, 0.0, -1.758503854635372, -176.47821631024794, -48.23315911000941, -15.394897007776684, 0.0016000000400000006, 266.47821631024794
2025-03-31 13:34:44,820 - 2025-03-31T13:34:44.820635, 0.1288584896475764, 0.0, -1.7530631611729195, -176.43181631023143, -48.24566890982722, -15.572947345365584, 0.0016000000400000006, 266.4318163102314
2025-03-31 13:34:44,864 - 2025-03-31T13:34:44.864710, 0.12841426866994032, 0.0, -1.7474220028057905, -176.46931631024478, -48.265685625893646, -15.7573498218774, 0.0016000000400000006, 266.4693163102448
2025-03-31 13:34:44,920 - 2025-03-31T13:34:44.920503, 0.12758156009601418, 0.0, -1.739818937869141, -176.43701631023328, -48.30033067292763, -16.00565803763922, 0.0016000000400000006, 266.4370163102333
2025-03-31 13:34:44,961 - 2025-03-31T13:34:44.961515, 0.12722688595140585, 0.0, -1.7345270378085629, -176.42931631023055, -48.317075232027385, -16.17870376439571, 0.0016000000400000006, 266.42931631023055
2025-03-31 13:34:45,001 - 2025-03-31T13:34:45.001238, 0.127013430142628, 0.0, -1.72922756268194, -176.44791631023716, -48.329200106069926, -16.352134416927424, 0.0016000000400000006, 266.44791631023713
2025-03-31 13:34:45,042 - 2025-03-31T13:34:45.042427, 0.12679997433384882, 0.0, -1.7239280875553167, -176.52831631026575, -48.34132498011252, -16.525565069459144, 0.0016000000400000006, 266.5283163102657
2025-03-31 13:34:45,081 - 2025-03-31T13:34:45.081015, 0.12637847855434936, 0.0, -1.7187105841956756, -176.5425163102708, -48.360186918853216, -16.696108490799443, 0.0016000000400000006, 266.5425163102708
2025-03-31 13:34:45,120 - 2025-03-31T13:34:45.120807, 0.12629866601535422, 0.0, -1.7132623156671776, -176.57951631028396, -48.36807703361386, -16.87454375416358, 0.0016000000400000006, 266.57951631028396
2025-03-31 13:34:45,161 - 2025-03-31T13:34:45.160995, 0.12557958343210496, 0.0, -1.7077775257679688, -176.60301631029233, -48.3969481940194, -17.053556694067744, 0.0016000000400000006, 266.60301631029233
2025-03-31 13:34:45,201 - 2025-03-31T13:34:45.201258, 0.12551492102520134, 0.0, -1.7026116939111295, -176.6711163103165, -48.40406845722954, -17.222752587317526, 0.0016000000400000006, 266.6711163103165
2025-03-31 13:34:45,240 - 2025-03-31T13:34:45.240832, 0.12540480822202582, 0.0, -1.6965985520393145, -176.73131631033795, -48.4134982750911, -17.419666590910357, 0.0016000000400000006, 266.73131631033795
2025-03-31 13:34:45,282 - 2025-03-31T13:34:45.282001, 0.1252430239160489, 0.0, -1.6909422435400954, -176.8235163103707, -48.424275621043165, -17.60483891897263, 0.0016000000400000006, 266.8235163103707
2025-03-31 13:34:45,320 - 2025-03-31T13:34:45.320710, 0.12523003301194668, 0.0, -1.6854195783106602, -176.87731631038983, -48.430048356162814, -17.785776487752965, 0.0016000000400000006, 266.8773163103898
2025-03-31 13:34:45,360 - 2025-03-31T13:34:45.360901, 0.12500142707107775, 0.0, -1.6798376665123782, -177.0119163104377, -48.44294308175584, -17.968446510399044, 0.0016000000400000006, 267.0119163104377
2025-03-31 13:34:45,401 - 2025-03-31T13:34:45.401266, 0.12450553459064073, 0.0, -1.674553341517845, -177.0252163104424, -48.464307325912756, -18.141107311380306, 0.0016000000400000006, 267.0252163104424
2025-03-31 13:34:45,440 - 2025-03-31T13:34:45.440463, 0.12435890041675401, 0.0, -1.6691794696902846, -177.05931631045453, -48.474314820314355, -18.317040269328235, 0.0016000000400000006, 267.0593163104545
2025-03-31 13:34:45,480 - 2025-03-31T13:34:45.480677, 0.12421984130891284, 0.0, -1.6639468161985538, -177.00911631043672, -48.48393738894072, -18.488353542218977, 0.0016000000400000006, 267.00911631043675
2025-03-31 13:34:45,521 - 2025-03-31T13:34:45.521236, 0.1237756203312772, 0.0, -1.6583056578314248, -177.0724163104592, -48.50395410500713, -18.67275601873079, 0.0016000000400000006, 267.0724163104592
2025-03-31 13:34:45,560 - 2025-03-31T13:34:45.560640, 0.12362141109134539, 0.0, -1.6527905676680348, -177.03671631044648, -48.51434652518396, -18.8533086617359, 0.0016000000400000006, 267.0367163104465
2025-03-31 13:34:45,601 - 2025-03-31T13:34:45.601419, 0.12334870871372017, 0.0, -1.6477067075781786, -176.922816310406, -48.52820385309226, -19.019617323794225, 0.0016000000400000006, 266.922816310406
2025-03-31 13:34:45,640 - 2025-03-31T13:34:45.640724, 0.12346178601335644, 0.0, -1.6418940306110397, -176.98821631042927, -48.53012675470521, -19.210179188464142, 0.0016000000400000006, 266.98821631042927
2025-03-31 13:34:45,681 - 2025-03-31T13:34:45.681450, 0.12275027849615228, 0.0, -1.6365504590476596, -176.88941631039413, -48.558612989335515, -19.384572443311146, 0.0016000000400000006, 266.88941631039415
2025-03-31 13:34:45,720 - 2025-03-31T13:34:45.720832, 0.12225438601571526, 0.0, -1.631266134053127, -176.917116310404, -48.579977233492436, -19.557233244292405, 0.0016000000400000006, 266.917116310404
2025-03-31 13:34:45,760 - 2025-03-31T13:34:45.760608, 0.12204093020693652, 0.0, -1.6259666589265032, -176.90181631039854, -48.592102107535005, -19.73066389682414, 0.0016000000400000006, 266.90181631039854
2025-03-31 13:34:45,804 - 2025-03-31T13:34:45.804915, 0.12132942268973235, 0.0, -1.620623087363123, -176.79891631036196, -48.62058834216531, -19.905057151671144, 0.0016000000400000006, 266.79891631036196
2025-03-31 13:34:45,841 - 2025-03-31T13:34:45.840954, 0.12110839181490851, 0.0, -1.6151823939006706, -176.79631631036102, -48.63309814198312, -20.083107489260044, 0.0016000000400000006, 266.796316310361
2025-03-31 13:34:45,880 - 2025-03-31T13:34:45.880941, 0.12116222254569875, 0.0, -1.6095853319702988, -176.71301631033145, -48.636753497461775, -20.26654736345656, 0.0016000000400000006, 266.71301631033145
2025-03-31 13:34:45,920 - 2025-03-31T13:34:45.920370, 0.12052511172943214, 0.0, -1.6043085820418104, -176.72551631033585, -48.66273742667587, -20.438823238662618, 0.0016000000400000006, 266.7255163103358
2025-03-31 13:34:45,960 - 2025-03-31T13:34:45.960401, 0.12043772412439191, 0.0, -1.5987190951774837, -176.84801631037942, -48.671012467211746, -20.621878187083908, 0.0016000000400000006, 266.8480163103794
2025-03-31 13:34:46,001 - 2025-03-31T13:34:46.001756, 0.12030624008259627, 0.0, -1.593627660021582, -176.74181631034165, -48.68025011006286, -20.78857177491748, 0.0016000000400000006, 266.7418163103416
2025-03-31 13:34:46,041 - 2025-03-31T13:34:46.041253, 0.11979519747006817, 0.0, -1.58806089835539, -176.7601163103482, -48.70238420577026, -20.97047194601309, 0.0016000000400000006, 266.76011631034817
2025-03-31 13:34:46,080 - 2025-03-31T13:34:46.080418, 0.11941022306127946, 0.0, -1.5822041249514944, -176.72781631033666, -48.72066846797094, -21.161996412998295, 0.0016000000400000006, 266.72781631033666
2025-03-31 13:34:46,122 - 2025-03-31T13:34:46.122275, 0.11904797385062649, 0.0, -1.576771006555087, -176.751216310345, -48.7377979528459, -21.33966182481196, 0.0016000000400000006, 266.751216310345
2025-03-31 13:34:46,161 - 2025-03-31T13:34:46.161131, 0.11881179284371202, 0.0, -1.5710478764209754, -176.77381631035306, -48.751077604214174, -21.526951532515223, 0.0016000000400000006, 266.773816310353
2025-03-31 13:34:46,220 - 2025-03-31T13:34:46.220318, 0.11849228611030194, 0.0, -1.563771344592742, -176.62721631030092, -48.768591439109954, -21.765057775847392, 0.0016000000400000006, 266.6272163103009
2025-03-31 13:34:46,260 - 2025-03-31T13:34:46.260808, 0.11833807687036968, 0.0, -1.5582562544293515, -176.64341631030666, -48.7789838592868, -21.945610418852514, 0.0016000000400000006, 266.64341631030663
2025-03-31 13:34:46,301 - 2025-03-31T13:34:46.301102, 0.11789385589273405, 0.0, -1.5526150960622225, -176.5101163102593, -48.79900057535322, -22.130012895364327, 0.0016000000400000006, 266.51011631025926
2025-03-31 13:34:46,344 - 2025-03-31T13:34:46.344885, 0.11773964665280223, 0.0, -1.547100005898833, -176.37501631021127, -48.80939299553004, -22.31056553836942, 0.0016000000400000006, 266.37501631021127
2025-03-31 13:34:46,422 - 2025-03-31T13:34:46.421978, 0.11639644415738859, 0.0, -1.5418611313005708, -175.9207163100497, -48.858475350030034, -22.4809167846993, 0.0016000000400000006, 265.92071631004967
2025-03-31 13:34:48,744 - 2025-03-31T13:34:48.744071, 0.11582615497601445, 0.0, -1.5365099846711456, -176.17781631014114, -48.88234189960314, -22.655694965321537, 0.0016000000400000006, 266.1778163101411
2025-03-31 13:34:48,801 - 2025-03-31T13:34:48.801119, 0.11504025075787316, 0.0, -1.5310995914728736, -176.18531631014378, -48.91333043964965, -22.832205599809512, 0.0016000000400000006, 266.1853163101438
2025-03-31 13:34:48,860 - 2025-03-31T13:34:48.860818, 0.11495150919331953, 0.0, -1.5241647428851457, -176.30491631018631, -48.9229524325216, -23.059340019161585, 0.0016000000400000006, 266.3049163101863
2025-03-31 13:34:48,900 - 2025-03-31T13:34:48.900624, 0.11508731169109154, 0.0, -1.5187757209254942, -176.42981631023073, -48.923720556808846, -23.236042828659997, 0.0016000000400000006, 266.42981631023076
2025-03-31 13:34:48,962 - 2025-03-31T13:34:48.962004, 0.1144274756766892, 0.0, -1.5130753159895187, -176.5274163102654, -48.95085926334865, -23.42217775903754, 0.0016000000400000006, 266.5274163102654
2025-03-31 13:35:05,503 - 2025-03-31T13:35:05.503144, 0.1093712079319844, 0.0, -1.5112221682636586, -176.44101631023472, -49.11832212697828, -23.47800063276211, 0.0016000000400000006, 266.4410163102347
2025-03-31 13:36:29,740 - 2025-03-31T13:36:29.740744, 0.10769254330259637, 0.0, -1.5050099154466814, -176.5943163102892, -49.17933833201921, -23.67991982294176, 0.0016000000400000006, 266.5943163102892
2025-03-31 13:36:29,800 - 2025-03-31T13:36:29.800522, 0.10785593814552019, 0.0, -1.4974950433835454, -176.8850163103926, -49.181260657877765, -23.926302834073013, 0.0016000000400000006, 266.8850163103926
2025-03-31 13:36:29,841 - 2025-03-31T13:36:29.841110, 0.10825902718286118, 0.0, -1.4918084346201455, -177.20241631050538, -49.173559263601106, -24.11301486523622, 0.0016000000400000006, 267.2024163105054
2025-03-31 13:36:29,881 - 2025-03-31T13:36:29.880952, 0.10846029735601093, 0.0, -1.484999654236156, -177.6188163106534, -49.17355696058348, -24.336299451081597, 0.0016000000400000006, 267.6188163106534
2025-03-31 13:36:29,921 - 2025-03-31T13:36:29.920967, 0.10897430446499978, 0.0, -1.4787405970633936, -178.18391631085422, -49.162775584350605, -24.541875148248735, 0.0016000000400000006, 268.1839163108542
2025-03-31 13:36:29,961 - 2025-03-31T13:36:29.961016, 0.10933951817211529, 0.0, -1.472347896620847, -178.794116311071, -49.15699881895008, -24.75168560469782, 0.0016000000400000006, 268.794116311071
2025-03-31 13:36:30,002 - 2025-03-31T13:36:30.002073, 0.11012838688671778, 0.0, -1.465932470980165, -179.55191631134022, -49.13736299837807, -24.96265083847259, 0.0016000000400000006, 269.5519163113402
2025-03-31 13:36:30,040 - 2025-03-31T13:36:30.040871, 0.11138636100507959, 0.0, -1.4603416301563237, 179.63888368837232, -49.10155856798314, -25.147052739229995, 0.0016000000400000006, -89.63888368837232
2025-03-31 13:36:30,080 - 2025-03-31T13:36:30.080566, 0.11239219871596351, 0.0, -1.45533081280789, 178.84348368808975, -49.07345380460163, -25.31220604820825, 0.0016000000400000006, -88.84348368808975
2025-03-31 13:36:30,120 - 2025-03-31T13:36:30.120873, 0.11298953155144931, 0.0, -1.4506251573292501, 178.04188368780495, -49.0584382448412, -25.46696520974645, 0.0016000000400000006, -88.04188368780495
2025-03-31 13:36:30,160 - 2025-03-31T13:36:30.160432, 0.11418203799443338, 0.0, -1.4464540749297479, 177.2352836875183, -49.02340424175113, -25.604785334156855, 0.0016000000400000006, -87.23528368751829
2025-03-31 13:36:30,200 - 2025-03-31T13:36:30.200385, 0.1154110658081291, 0.0, -1.4416437224859902, 176.37958368721408, -48.98779256212101, -25.763586504212192, 0.0016000000400000006, -86.37958368721408
2025-03-31 13:36:30,240 - 2025-03-31T13:36:30.240955, 0.11700450206046531, 0.0, -1.4370262598808639, 175.42418368687424, -48.94005428118511, -25.916420461119834, 0.0016000000400000006, -85.42418368687424
2025-03-31 13:36:30,260 - 2025-03-31T13:36:30.260448, 0.11792350085735048, 0.0, -1.434356907672682, 174.85148368667043, -48.91252777009805, -26.004771577991825, 0.0016000000400000006, -84.85148368667043
2025-03-31 13:36:30,300 - 2025-03-31T13:36:30.300448, 0.11957618367853406, 0.0, -1.4295238300307895, 173.75108368627858, -48.86305703529641, -26.164727525372832, 0.0016000000400000006, -83.75108368627858
2025-03-31 13:36:30,320 - 2025-03-31T13:36:30.320481, 0.12071079751218461, 0.0, -1.4269137243914543, 173.22888368609247, -48.828408533736, -26.2513461883791, 0.0016000000400000006, -83.22888368609247
2025-03-31 13:36:30,340 - 2025-03-31T13:36:30.340632, 0.1219198080467736, 0.0, -1.4243704403870119, 172.62348368587658, -48.791257726759355, -26.335847471744366, 0.0016000000400000006, -82.6234836858766
2025-03-31 13:36:30,362 - 2025-03-31T13:36:30.361992, 0.12325488678510155, 0.0, -1.4215371446448657, 171.88168368561185, -48.750257086276, -26.429973050999223, 0.0016000000400000006, -81.88168368561185
2025-03-31 13:36:30,380 - 2025-03-31T13:36:30.380294, 0.12444874718759946, 0.0, -1.4187114239687642, 171.37738368543177, -48.71387613084984, -26.523713704478855, 0.0016000000400000006, -81.37738368543177
2025-03-31 13:36:30,401 - 2025-03-31T13:36:30.401112, 0.1254345676193762, 0.0, -1.4159676750596453, 170.6779836851818, -48.68423224012182, -26.614567126767046, 0.0016000000400000006, -80.6779836851818
2025-03-31 13:36:30,420 - 2025-03-31T13:36:30.420813, 0.12642796311719895, 0.0, -1.413365144486356, 170.08008368496786, -48.65420342361854, -26.700800863998058, 0.0016000000400000006, -80.08008368496786
2025-03-31 13:36:30,440 - 2025-03-31T13:36:30.440950, 0.1277554667894809, 0.0, -1.4103906304083798, 169.34918368470616, -48.613587708910444, -26.799546128310105, 0.0016000000400000006, -79.34918368470616
2025-03-31 13:36:30,462 - 2025-03-31T13:36:30.462405, 0.12916494222874597, 0.0, -1.4076241563011256, 168.73578368448625, -48.57008476301089, -26.89155432792398, 0.0016000000400000006, -78.73578368448625
2025-03-31 13:36:30,480 - 2025-03-31T13:36:30.480598, 0.13050002096707392, 0.0, -1.4047908605589794, 168.10628368426032, -48.529084122527536, -26.985679907178838, 0.0016000000400000006, -78.10628368426032
2025-03-31 13:36:30,500 - 2025-03-31T13:36:30.500475, 0.13176827807050895, 0.0, -1.4020319615177694, 167.45488368402627, -48.490200861685175, -27.077303181017513, 0.0016000000400000006, -77.45488368402627
2025-03-31 13:36:30,520 - 2025-03-31T13:36:30.520582, 0.133177753509774, 0.0, -1.3992654874105153, 166.83388368380287, -48.44669791578562, -27.169311380631395, 0.0016000000400000006, -76.83388368380287
2025-03-31 13:36:30,540 - 2025-03-31T13:36:30.540674, 0.13459480401508372, 0.0, -1.3966402316390902, 166.27108368360015, -48.40281004411085, -27.256699895188106, 0.0016000000400000006, -76.27108368360015
2025-03-31 13:36:30,562 - 2025-03-31T13:36:30.562588, 0.1360042794543488, 0.0, -1.3938737575318356, 165.60488368335987, -48.359307098211296, -27.348708094801996, 0.0016000000400000006, -75.60488368335987
2025-03-31 13:36:30,580 - 2025-03-31T13:36:30.580900, 0.137629369930381, 0.0, -1.3911665299934288, 165.03928368315567, -48.30868216183834, -27.438983840550122, 0.0016000000400000006, -75.03928368315567
2025-03-31 13:36:30,602 - 2025-03-31T13:36:30.602903, 0.13896444866870805, 0.0, -1.3883332342512817, 164.23728368286555, -48.26768152135501, -27.533109419805005, 0.0016000000400000006, -74.23728368286555
2025-03-31 13:36:30,620 - 2025-03-31T13:36:30.620641, 0.1405227175098478, 0.0, -1.385700403413812, 163.68828368266668, -48.21917396462304, -27.62088286013693, 0.0016000000400000006, -73.68828368266668
2025-03-31 13:36:30,642 - 2025-03-31T13:36:30.642930, 0.14188809651235568, 0.0, -1.3834319810149824, 163.03858368243093, -48.17663362103879, -27.696529699163104, 0.0016000000400000006, -73.03858368243093
2025-03-31 13:36:30,680 - 2025-03-31T13:36:30.680530, 0.14456582905505622, 0.0, -1.3779066078665188, 162.08518368208428, -48.09424741429686, -27.880161172615647, 0.0016000000400000006, -72.08518368208428
2025-03-31 13:36:30,701 - 2025-03-31T13:36:30.701315, 0.14613167296224105, 0.0, -1.3754149953648787, 161.56038368189311, -48.04535493178966, -27.963314927890387, 0.0016000000400000006, -71.56038368189311
2025-03-31 13:36:30,720 - 2025-03-31T13:36:30.720736, 0.1477794886364081, 0.0, -1.3731314228339588, 161.07188368171487, -47.99357521809103, -28.039731618467016, 0.0016000000400000006, -71.07188368171487
2025-03-31 13:36:30,760 - 2025-03-31T13:36:30.760704, 0.15028705653861252, 0.0, -1.368394113131624, 160.28158368142599, -47.91600144717111, -28.197377435442256, 0.0016000000400000006, -70.28158368142599
2025-03-31 13:36:30,800 - 2025-03-31T13:36:30.800458, 0.15335949778413527, 0.0, -1.3636265031651091, 159.65758368119742, -47.819948936022456, -28.356562955518406, 0.0016000000400000006, -69.65758368119742
2025-03-31 13:36:30,841 - 2025-03-31T13:36:30.840981, 0.15551023231374383, 0.0, -1.3588375219599733, 159.11468368099816, -47.75411684063309, -28.515556300584127, 0.0016000000400000006, -69.11468368099817
2025-03-31 13:36:30,880 - 2025-03-31T13:36:30.880338, 0.1577580887424257, 0.0, -1.3545390173972174, 158.61308368081376, -47.68462766250181, -28.658573210837357, 0.0016000000400000006, -68.61308368081376
2025-03-31 13:36:30,940 - 2025-03-31T13:36:30.940929, 0.16142299567641727, 0.0, -1.347615257063036, 158.03048368059922, -47.571250612695756, -28.888978635647316, 0.0016000000400000006, -68.03048368059922
2025-03-31 13:36:31,000 - 2025-03-31T13:36:31.000756, 0.16522912094623798, 0.0, -1.3406839216628095, 157.49888368040308, -47.45325387783253, -29.119768986232508, 0.0016000000400000006, -67.49888368040308
2025-03-31 13:36:31,043 - 2025-03-31T13:36:31.043565, 0.1682864120596701, 0.0, -1.3356338750246355, 157.0870836802509, -47.35797121823435, -29.288193876423012, 0.0016000000400000006, -67.08708368025091
2025-03-31 13:36:31,100 - 2025-03-31T13:36:31.100642, 0.1720105655625086, 0.0, -1.3284944996536883, 156.64088368008578, -47.24286171456256, -29.52572129170633, 0.0016000000400000006, -66.64088368008578
2025-03-31 13:36:31,160 - 2025-03-31T13:36:31.160575, 0.17580911576628422, 0.0, -1.3214219459176326, 156.27038367994845, -47.12524990547456, -29.76113132734868, 0.0016000000400000006, -66.27038367994845
2025-03-31 13:36:31,220 - 2025-03-31T13:36:31.220515, 0.1794588725681856, 0.0, -1.3142157489117925, 155.98018367984074, -47.01264270721897, -30.000776122272995, 0.0016000000400000006, -65.98018367984075
2025-03-31 13:36:31,280 - 2025-03-31T13:36:31.280430, 0.18274422093144604, 0.0, -1.3068166620673218, 155.77228367976352, -46.91216211026916, -30.246388130344968, 0.0016000000400000006, -65.77228367976352
2025-03-31 13:36:31,340 - 2025-03-31T13:36:31.340537, 0.18618593776262582, 0.0, -1.2996924368284644, 155.6863836797316, -46.80629197671171, -30.48314569407784, 0.0016000000400000006, -65.68638367973159
2025-03-31 13:36:31,380 - 2025-03-31T13:36:31.380574, 0.1879646887875488, 0.0, -1.2945693474488675, 155.6371836797133, -46.75297140840335, -30.652725937348443, 0.0016000000400000006, -65.6371836797133
2025-03-31 13:36:31,440 - 2025-03-31T13:36:31.440803, 0.1914656521875755, 0.0, -1.2872295071732438, 155.66038367972195, -46.64536882098016, -30.89660549155468, 0.0016000000400000006, -65.66038367972195
2025-03-31 13:36:31,504 - 2025-03-31T13:36:31.504382, 0.19426052390845516, 0.0, -1.279927542227845, 155.66398367972326, -46.560864658842874, -31.138560416884783, 0.0016000000400000006, -65.66398367972326
2025-03-31 13:36:31,540 - 2025-03-31T13:36:31.540632, 0.1966041482766956, 0.0, -1.274774152584068, 155.81738367978028, -46.48906535030579, -31.309680363256305, 0.0016000000400000006, -65.81738367978028
2025-03-31 13:36:31,601 - 2025-03-31T13:36:31.601106, 0.1996146350343424, 0.0, -1.2675314342075166, 156.15368367990516, -46.39743919769511, -31.54990283472066, 0.0016000000400000006, -66.15368367990516
2025-03-31 13:36:31,680 - 2025-03-31T13:36:31.680852, 0.20235161414588942, 0.0, -1.2617904460222862, 156.03778367986212, -46.31332053708745, -31.740656298646584, 0.0016000000400000006, -66.03778367986212
2025-03-31 13:36:31,740 - 2025-03-31T13:36:31.740886, 0.2038996000019555, 0.0, -1.2563256734021842, 156.60928368007407, -46.26789181080292, -31.92120836589727, 0.0016000000400000006, -66.60928368007407
2025-03-31 13:36:31,800 - 2025-03-31T13:36:31.800793, 0.20574381870225578, 0.0, -1.249782825598249, 157.51298368040833, -46.21380081518969, -32.137370385514856, 0.0016000000400000006, -67.51298368040833
2025-03-31 13:36:31,840 - 2025-03-31T13:36:31.840372, 0.20610281130283914, 0.0, -1.2445942685432736, 158.29588368069702, -46.207062023228346, -32.30772105609036, 0.0016000000400000006, -68.29588368069702
2025-03-31 13:36:31,861 - 2025-03-31T13:36:31.861682, 0.20688059176389428, 0.0, -1.241932491401137, 158.79548368088086, -46.18415519719848, -32.39568724718712, 0.0016000000400000006, -68.79548368088086
2025-03-31 13:36:31,901 - 2025-03-31T13:36:31.901339, 0.20809446944550025, 0.0, -1.2368397022857214, 159.5887836811722, -46.1493133691188, -32.563727787356775, 0.0016000000400000006, -69.5887836811722
2025-03-31 13:36:31,942 - 2025-03-31T13:36:31.942230, 0.20917334989780656, 0.0, -1.2305503448487785, 160.58598368153733, -46.12005325265721, -32.770843187624834, 0.0016000000400000006, -70.58598368153733
2025-03-31 13:36:31,960 - 2025-03-31T13:36:31.960524, 0.20943792851834608, 0.0, -1.2275620345982268, 161.1439836817412, -46.114277638765536, -32.86901135115122, 0.0016000000400000006, -71.1439836817412
2025-03-31 13:36:31,980 - 2025-03-31T13:36:31.980824, 0.20970250713888605, 0.0, -1.2245737243476742, 161.68588368193883, -46.10850202487386, -32.96717951467764, 0.0016000000400000006, -71.68588368193883
2025-03-31 13:36:32,000 - 2025-03-31T13:36:32.000443, 0.21024194736503965, 0.0, -1.2214290456292032, 162.24218368214144, -46.09387196664304, -33.07073721481165, 0.0016000000400000006, -72.24218368214144
2025-03-31 13:36:32,022 - 2025-03-31T13:36:32.022164, 0.21040940408650677, 0.0, -1.2179502587362712, 162.78698368233955, -46.09175343549326, -33.18488181315055, 0.0016000000400000006, -72.78698368233955
2025-03-31 13:36:32,040 - 2025-03-31T13:36:32.040628, 0.21053276437121715, 0.0, -1.2149695235517646, 163.46878368258706, -46.09059750665875, -33.282665050901706, 0.0016000000400000006, -73.46878368258706
2025-03-31 13:36:32,060 - 2025-03-31T13:36:32.060688, 0.2108641646266487, 0.0, -1.2119068166002749, 163.99848368277907, -46.08270451312612, -33.38333551984432, 0.0016000000400000006, -73.99848368277907
2025-03-31 13:36:32,100 - 2025-03-31T13:36:32.100919, 0.21154211526960287, 0.0, -1.2060638393689556, 165.08018368317045, -46.066148674510345, -33.57543708761516, 0.0016000000400000006, -75.08018368317045
2025-03-31 13:36:32,140 - 2025-03-31T13:36:32.140617, 0.21178126077297854, 0.0, -1.1999611506641128, 166.11148368354264, -46.06422174261657, -33.775623248174654, 0.0016000000400000006, -76.11148368354264
2025-03-31 13:36:32,161 - 2025-03-31T13:36:32.160991, 0.21177855285394953, 0.0, -1.19727042721731, 166.66128368374072, -46.066915647288795, -33.86378219003623, 0.0016000000400000006, -76.66128368374072
2025-03-31 13:36:32,180 - 2025-03-31T13:36:32.180709, 0.2113294647292978, 0.0, -1.1941787739611547, 167.2106836839384, -46.08462338445821, -33.964645409743646, 0.0016000000400000006, -77.21068368393841
2025-03-31 13:36:32,201 - 2025-03-31T13:36:32.201359, 0.21161676854797307, 0.0, -1.1916141187180909, 167.74078368412904, -46.07769299324084, -34.04895451809851, 0.0016000000400000006, -77.74078368412904
2025-03-31 13:36:32,223 - 2025-03-31T13:36:32.223693, 0.21166573213174633, 0.0, -1.1885665618986923, 168.24468368431002, -46.07903936982253, -34.14885513549064, 0.0016000000400000006, -78.24468368431002
2025-03-31 13:36:32,260 - 2025-03-31T13:36:32.260845, 0.21189865652859163, 0.0, -1.1836680165814215, 169.22978368466335, -46.07615041136787, -34.30958151017653, 0.0016000000400000006, -79.22978368466335
2025-03-31 13:36:32,300 - 2025-03-31T13:36:32.300505, 0.21146201061700065, 0.0, -1.1781680765501221, 170.1038836849764, -46.09578220165907, -34.489364301631156, 0.0016000000400000006, -80.10388368497641
2025-03-31 13:36:32,321 - 2025-03-31T13:36:32.321096, 0.21169006786682987, 0.0, -1.175819036343825, 170.66478368517704, -46.09058426430741, -34.56655141951264, 0.0016000000400000006, -80.66478368517704
2025-03-31 13:36:32,340 - 2025-03-31T13:36:32.340736, 0.21118173317333033, 0.0, -1.172942998124436, 171.1521836853513, -46.1100244553426, -34.66029264874668, 0.0016000000400000006, -81.1521836853513
2025-03-31 13:36:32,381 - 2025-03-31T13:36:32.381821, 0.2110502491315338, 0.0, -1.1678515629685338, 172.08158368568323, -46.119262098193744, -34.82698623658027, 0.0016000000400000006, -82.08158368568323
2025-03-31 13:36:32,423 - 2025-03-31T13:36:32.423525, 0.21047238488411413, 0.0, -1.16235919800328, 173.0068836860133, -46.143513573542094, -35.00638410225966, 0.0016000000400000006, -83.00688368601331
2025-03-31 13:36:32,441 - 2025-03-31T13:36:32.440987, 0.2099048036217681, 0.0, -1.1596987748206575, 173.56388368621185, -46.16468621844301, -35.09300334102032, 0.0016000000400000006, -83.56388368621185
2025-03-31 13:36:32,460 - 2025-03-31T13:36:32.460907, 0.20982769900180243, 0.0, -1.1569412297389627, 174.1202836864101, -46.16988242853142, -35.18327966252287, 0.0016000000400000006, -84.12028368641009
2025-03-31 13:36:32,480 - 2025-03-31T13:36:32.480939, 0.2096989228790349, 0.0, -1.1545405180298642, 174.63808368659448, -46.176426166710336, -35.26181430849485, 0.0016000000400000006, -84.63808368659448
2025-03-31 13:36:32,520 - 2025-03-31T13:36:32.520797, 0.20969350704097733, 0.0, -1.1491590711362578, 175.57828368692907, -46.18181397605477, -35.43813219221803, 0.0016000000400000006, -85.57828368692907
2025-03-31 13:36:32,540 - 2025-03-31T13:36:32.540387, 0.2094007873842454, 0.0, -1.1463422794857165, 176.12928368712508, -46.19413217661655, -35.530140967586306, 0.0016000000400000006, -86.12928368712508
2025-03-31 13:36:32,561 - 2025-03-31T13:36:32.561251, 0.2090185208944848, 0.0, -1.1431762295286232, 176.64568368730872, -46.20972253414503, -35.63350649270994, 0.0016000000400000006, -86.64568368730872
2025-03-31 13:36:32,581 - 2025-03-31T13:36:32.581682, 0.2086148831661041, 0.0, -1.1409318862874445, 177.19118368750262, -46.225120716663056, -35.70665160207428, 0.0016000000400000006, -87.19118368750262
2025-03-31 13:36:32,620 - 2025-03-31T13:36:32.620578, 0.207464570509321, 0.0, -1.135328603250541, 178.22838368787123, -46.26823585801537, -35.889129449709955, 0.0016000000400000006, -88.22838368787123
2025-03-31 13:36:32,660 - 2025-03-31T13:36:32.660526, 0.20558544097525644, 0.0, -1.1293395405363755, 179.26428368823923, -46.335604201979244, -36.08354172364099, 0.0016000000400000006, -89.26428368823923
2025-03-31 13:36:32,701 - 2025-03-31T13:36:32.701543, 0.2044502784505653, 0.0, -1.1240186941711312, -179.6417163113721, -46.377949491781045, -36.2567802011623, 0.0016000000400000006, 269.6417163113721
2025-03-31 13:36:32,720 - 2025-03-31T13:36:32.720917, 0.2037339037863437, 0.0, -1.1212246277187243, -179.13621631119256, -46.404126747514404, -36.34763419920491, 0.0016000000400000006, 269.1362163111926
2025-03-31 13:36:32,740 - 2025-03-31T13:36:32.740836, 0.20315117239190794, 0.0, -1.1182817678644437, -178.5028163109675, -46.426069243965756, -36.44349280807992, 0.0016000000400000006, 268.5028163109675
2025-03-31 13:36:32,781 - 2025-03-31T13:36:32.781884, 0.2021345030049102, 0.0, -1.1125296914256664, -177.55191631062962, -46.464949626036095, -36.63097526654796, 0.0016000000400000006, 267.5519163106296
2025-03-31 13:36:32,825 - 2025-03-31T13:36:32.825889, 0.2010082695057771, 0.0, -1.1086954251196528, -176.79011631035883, -46.5055630377266, -36.75551458808131, 0.0016000000400000006, 266.7901163103588
2025-03-31 13:36:32,860 - 2025-03-31T13:36:32.860369, 0.20012795130759198, 0.0, -1.1054852787258032, -176.06261631010014, -46.53751475584279, -36.85984271552022, 0.0016000000400000006, 266.0626163101001
2025-03-31 13:36:32,921 - 2025-03-31T13:36:32.921314, 0.19940400157732618, 0.0, -1.1025499939375676, -175.5238163099085, -46.564076937351345, -36.955316398619985, 0.0016000000400000006, 265.5238163099085
2025-03-31 13:36:41,060 - 2025-03-31T13:36:41.060463, 0.1974924125510933, 0.0, -1.101236286437861, -175.03551630973473, -46.627982100846936, -36.99650921411375, 0.0016000000400000006, 265.0355163097347
2025-03-31 13:36:41,380 - 2025-03-31T13:36:41.380796, 0.19678361295291769, 0.0, -1.0985834383212838, -174.41681630951447, -46.653774430805036, -37.08274352709918, 0.0016000000400000006, 264.4168163095145
2025-03-31 13:36:41,442 - 2025-03-31T13:36:41.441954, 0.1956725295858761, 0.0, -1.095031608686929, -173.80321630929595, -46.69361799094504, -37.198043478518166, 0.0016000000400000006, 263.803216309296
2025-03-31 13:36:41,481 - 2025-03-31T13:36:41.481814, 0.19490448341885358, 0.0, -1.0925943756071188, -173.1062163090475, -46.721142774768886, -37.277155801030204, 0.0016000000400000006, 263.1062163090475
2025-03-31 13:36:41,520 - 2025-03-31T13:36:41.520918, 0.19362323541131587, 0.0, -1.0898306094188932, -172.55261630885013, -46.76579877073091, -37.36647009597188, 0.0016000000400000006, 262.55261630885013
2025-03-31 13:36:41,563 - 2025-03-31T13:36:41.563013, 0.1923936589065791, 0.0, -1.0867100098580709, -171.9630163086397, -46.809107238602444, -37.46752606644412, 0.0016000000400000006, 261.96301630863974
2025-03-31 13:36:41,600 - 2025-03-31T13:36:41.600767, 0.19132045086976301, 0.0, -1.083864271902863, -171.40701630844114, -46.84702616986631, -37.559727592577225, 0.0016000000400000006, 261.40701630844114
2025-03-31 13:36:41,640 - 2025-03-31T13:36:41.640495, 0.19035193979806397, 0.0, -1.0816502289258643, -170.8816163082534, -46.880903092613075, -37.63133299884066, 0.0016000000400000006, 260.8816163082534
2025-03-31 13:36:41,701 - 2025-03-31T13:36:41.701291, 0.18926358162915724, 0.0, -1.0785220542989968, -170.19941630800938, -46.919591875427415, -37.732773895088144, 0.0016000000400000006, 260.1994163080094
2025-03-31 13:36:41,760 - 2025-03-31T13:36:41.760715, 0.18819037359234114, 0.0, -1.075676316343789, -169.60421630779632, -46.95751080669128, -37.82497542122124, 0.0016000000400000006, 259.6042163077963
2025-03-31 13:36:41,820 - 2025-03-31T13:36:41.820489, 0.18699867241783075, 0.0, -1.0732618084621142, -169.07971630760832, -46.99889464568664, -37.90293296640759, 0.0016000000400000006, 259.07971630760835
2025-03-31 13:36:41,881 - 2025-03-31T13:36:41.881275, 0.18538953734236285, 0.0, -1.0696658823910021, -168.36401630735162, -47.05509956641442, -38.01919552014187, 0.0016000000400000006, 258.3640163073516
2025-03-31 13:36:41,925 - 2025-03-31T13:36:41.925482, 0.18378040226689585, 0.0, -1.066069956319891, -167.5908163070739, -47.111304487142164, -38.13545807387613, 0.0016000000400000006, 257.5908163070739
2025-03-31 13:36:41,960 - 2025-03-31T13:36:41.960489, 0.18242475755842014, 0.0, -1.0632393684967725, -166.95001630684345, -47.15846278852042, -38.2268897484588, 0.0016000000400000006, 256.95001630684345
2025-03-31 13:36:42,000 - 2025-03-31T13:36:42.000444, 0.1810022912150533, 0.0, -1.0604831773745924, -166.34691630662627, -47.207738469539606, -38.31581911762523, 0.0016000000400000006, 256.34691630662627
2025-03-31 13:36:42,040 - 2025-03-31T13:36:42.040404, 0.18001998397077879, 0.0, -1.0593320594493365, -165.76261630641562, -47.24103829150071, -38.35258442307222, 0.0016000000400000006, 255.76261630641565
2025-03-31 13:36:42,102 - 2025-03-31T13:36:42.102601, 0.1792229914990897, 0.0, -1.0576753147496096, -165.2465163062293, -47.268755826089375, -38.406096014882195, 0.0016000000400000006, 255.24651630622932
2025-03-31 13:36:42,281 - 2025-03-31T13:36:42.281386, 0.1778370465264345, 0.0, -1.0542798535831746, -164.75211630605062, -47.31745383056851, -38.51600642969355, 0.0016000000400000006, 254.75211630605062
2025-03-31 13:36:42,324 - 2025-03-31T13:36:42.324369, 0.17540197267461188, 0.0, -1.0498076711924207, -163.9502163057604, -47.40156903664975, -38.66017984453568, 0.0016000000400000006, 253.9502163057604
2025-03-31 13:36:42,360 - 2025-03-31T13:36:42.360337, 0.1724536969822732, 0.0, -1.0450089556932514, -162.85471630536293, -47.50281545486919, -38.81455523180747, 0.0016000000400000006, 252.85471630536293
2025-03-31 13:36:42,381 - 2025-03-31T13:36:42.381169, 0.1705104537323452, 0.0, -1.0417850131268258, -162.23371630513714, -47.569607273801815, -38.91830625846073, 0.0016000000400000006, 252.23371630513714
2025-03-31 13:36:42,400 - 2025-03-31T13:36:42.400574, 0.16871600388429142, 0.0, -1.0386947138301847, -161.53021630488087, -47.63139448190205, -39.01782252583203, 0.0016000000400000006, 251.53021630488087
2025-03-31 13:36:42,422 - 2025-03-31T13:36:42.422805, 0.16661639216644408, 0.0, -1.035195909658146, -160.74601630459463, -47.7035758374423, -39.13042799682441, 0.0016000000400000006, 250.74601630459463
2025-03-31 13:36:42,441 - 2025-03-31T13:36:42.440967, 0.16438313717881226, 0.0, -1.0318458988879815, -160.04701630433888, -47.77999195226451, -39.23802885698438, 0.0016000000400000006, 250.0470163043389
2025-03-31 13:36:42,461 - 2025-03-31T13:36:42.461065, 0.1623579221619016, 0.0, -1.0284139163508348, -159.1840163040224, -47.849671002388575, -39.348516948335785, 0.0016000000400000006, 249.18401630402244
2025-03-31 13:36:42,480 - 2025-03-31T13:36:42.480904, 0.15983465543656594, 0.0, -1.0249378373769318, -158.31791630370392, -47.935711413100364, -39.45996764200245, 0.0016000000400000006, 248.31791630370392
2025-03-31 13:36:42,500 - 2025-03-31T13:36:42.500652, 0.15775019385080835, 0.0, -1.0217214698765513, -157.4494163033836, -48.00712291709018, -39.56333374288048, 0.0016000000400000006, 247.4494163033836
2025-03-31 13:36:42,520 - 2025-03-31T13:36:42.520753, 0.15574770403203386, 0.0, -1.0187131423468925, -156.64601630308644, -48.075647189888535, -39.65996277906036, 0.0016000000400000006, 246.64601630308644
2025-03-31 13:36:42,541 - 2025-03-31T13:36:42.541156, 0.15344762740950957, 0.0, -1.0154375282776655, -155.77731630276418, -48.15418068435172, -39.76506133380413, 0.0016000000400000006, 245.77731630276418
2025-03-31 13:36:42,560 - 2025-03-31T13:36:42.560460, 0.15157120579447314, 0.0, -1.0121391890103024, -155.00501630247675, -48.218855123643394, -39.8713146658736, 0.0016000000400000006, 245.00501630247678
2025-03-31 13:36:42,581 - 2025-03-31T13:36:42.581193, 0.14950946940685172, 0.0, -1.0093464765174103, -154.25531630219695, -48.28911185030749, -39.960821711580095, 0.0016000000400000006, 244.25531630219695
2025-03-31 13:36:42,601 - 2025-03-31T13:36:42.601181, 0.14703165307778665, 0.0, -1.0067177075584834, -153.56061630193693, -48.372842706367905, -40.044554294903705, 0.0016000000400000006, 243.56061630193693
2025-03-31 13:36:42,620 - 2025-03-31T13:36:42.620373, 0.14484384848642584, 0.0, -1.0042150068032951, -152.9060163016912, -48.446949266538724, -40.124437044720615, 0.0016000000400000006, 242.9060163016912
2025-03-31 13:36:42,640 - 2025-03-31T13:36:42.640612, 0.1428792339978764, 0.0, -1.0019127709527829, -152.2552163014463, -48.513548910460955, -40.197967655614626, 0.0016000000400000006, 242.25521630144632
2025-03-31 13:36:42,660 - 2025-03-31T13:36:42.660447, 0.14078097623954378, 0.0, -0.9997593285041457, -151.61341630120407, -48.58438331366508, -40.2664936556762, 0.0016000000400000006, 241.61341630120407
2025-03-31 13:36:42,680 - 2025-03-31T13:36:42.680447, 0.1389059085840212, 0.0, -0.9978063509601847, -151.11371630101496, -48.647710800620665, -40.32866751681486, 0.0016000000400000006, 241.11371630101496
2025-03-31 13:36:42,700 - 2025-03-31T13:36:42.700378, 0.13709008749734686, 0.0, -0.9956377583794565, -150.51921630078948, -48.70930583371047, -40.39796336842693, 0.0016000000400000006, 240.51921630078948
2025-03-31 13:36:42,720 - 2025-03-31T13:36:42.720817, 0.1353045666748529, 0.0, -0.9940340391420466, -149.98871630058773, -48.769361163699344, -40.44878047981026, 0.0016000000400000006, 239.98871630058775
2025-03-31 13:36:42,740 - 2025-03-31T13:36:42.740465, 0.13420998739941492, 0.0, -0.9921100079027512, -149.45841630038558, -48.80708791995282, -40.51076159018413, 0.0016000000400000006, 239.45841630038558
2025-03-31 13:36:42,780 - 2025-03-31T13:36:42.780498, 0.1308545607911933, 0.0, -0.9889618159967779, -148.61031630006116, -48.92007658945721, -40.61066335908506, 0.0016000000400000006, 238.61031630006116
2025-03-31 13:36:42,820 - 2025-03-31T13:36:42.820902, 0.12755080568577437, 0.0, -0.9854567907182084, -147.7436162997283, -49.03171773087106, -40.72230680351655, 0.0016000000400000006, 237.74361629972833
2025-03-31 13:36:42,840 - 2025-03-31T13:36:42.840902, 0.12577285992932552, 0.0, -0.9839942898166272, -147.20111629951913, -49.09138813508471, -40.76850422984272, 0.0016000000400000006, 237.20111629951913
2025-03-31 13:36:42,881 - 2025-03-31T13:36:42.881094, 0.12292306009557397, 0.0, -0.9810314126832393, -146.21631629913804, -49.18763051822615, -40.86282371137121, 0.0016000000400000006, 236.21631629913804
2025-03-31 13:36:42,900 - 2025-03-31T13:36:42.900879, 0.1208551026014213, 0.0, -0.9794428435779192, -145.59461629889643, -49.256925218329386, -40.91287097120409, 0.0016000000400000006, 235.59461629889645
2025-03-31 13:36:42,960 - 2025-03-31T13:36:42.960446, 0.11869353639569757, 0.0, -0.9734689309958444, -145.10371629870505, -49.33353293240762, -41.10651339358466, 0.0016000000400000006, 235.10371629870505
2025-03-31 13:36:43,001 - 2025-03-31T13:36:43.001395, 0.11518309527907089, 0.0, -0.9713912392076582, -144.29561629838892, -49.45056418618354, -41.17119013589395, 0.0016000000400000006, 234.2956162983889
2025-03-31 13:36:43,040 - 2025-03-31T13:36:43.040476, 0.1091293701580014, 0.0, -0.9681045368848835, -143.40191629803763, -49.65209672332473, -41.273017685179866, 0.0016000000400000006, 233.40191629803763
2025-03-31 13:36:43,061 - 2025-03-31T13:36:43.061134, 0.10699459102895581, 0.0, -0.966590364480501, -142.7134162977658, -49.72350880306897, -41.32056263959654, 0.0016000000400000006, 232.71341629776583
2025-03-31 13:36:43,080 - 2025-03-31T13:36:43.080954, 0.10381825808679013, 0.0, -0.9641406891876292, -142.02501629749287, -49.829953158639995, -41.39775090898682, 0.0016000000400000006, 232.02501629749287
2025-03-31 13:36:43,100 - 2025-03-31T13:36:43.100473, 0.10114755191909452, 0.0, -0.9618763286673429, -141.4233162972534, -49.919651227848085, -41.469356891004665, 0.0016000000400000006, 231.42331629725342
2025-03-31 13:36:43,120 - 2025-03-31T13:36:43.120770, 0.09837972385232563, 0.0, -0.9591214915046766, -140.8123162970093, -50.01300637979808, -41.55693930783501, 0.0016000000400000006, 230.8123162970093
2025-03-31 13:36:43,140 - 2025-03-31T13:36:43.140669, 0.09549340264786288, 0.0, -0.9567978844155434, -140.0554162967056, -50.10982643947956, -41.63027774371859, 0.0016000000400000006, 230.05541629670557
2025-03-31 13:36:43,160 - 2025-03-31T13:36:43.160869, 0.09204978316612733, 0.0, -0.9546457959264196, -139.30661629640375, -50.22474031361454, -41.69745679144409, 0.0016000000400000006, 229.30661629640377
2025-03-31 13:36:43,182 - 2025-03-31T13:36:43.182330, 0.08803993638156093, 0.0, -0.951178645978076, -138.48521629607097, -50.35947988031429, -41.80717560699942, 0.0016000000400000006, 228.48521629607097
2025-03-31 13:36:43,203 - 2025-03-31T13:36:43.203123, 0.08461768813844728, 0.0, -0.9481048507730394, -137.6305162957227, -50.47458592945965, -41.90457507048417, 0.0016000000400000006, 227.6305162957227
2025-03-31 13:36:43,220 - 2025-03-31T13:36:43.220763, 0.08081723528411722, 0.0, -0.9459010907811147, -136.96781629545134, -50.601241479125136, -41.97310164630016, 0.0016000000400000006, 226.96781629545134
2025-03-31 13:36:43,241 - 2025-03-31T13:36:43.241034, 0.07597522861666439, 0.0, -0.9427618279007004, -135.99571629505098, -50.76292930461751, -42.071271537089764, 0.0016000000400000006, 225.99571629505098
2025-03-31 13:36:43,261 - 2025-03-31T13:36:43.260977, 0.07016606483702814, 0.0, -0.9387538837666889, -135.1500162947005, -50.957147100520494, -42.19696736321202, 0.0016000000400000006, 225.1500162947005
2025-03-31 13:36:43,280 - 2025-03-31T13:36:43.280955, 0.06454492374900633, 0.0, -0.9369310363050101, -134.20901629430793, -51.143088704378826, -42.251250533835645, 0.0016000000400000006, 224.20901629430796
2025-03-31 13:36:43,300 - 2025-03-31T13:36:43.300578, 0.060732028681613315, 0.0, -0.9371355630882285, -132.37461629353476, -51.26782020092259, -42.24085753790444, 0.0016000000400000006, 222.37461629353476
2025-03-31 13:36:43,320 - 2025-03-31T13:36:43.320516, 0.05988878054518043, 0.0, -0.9412170986547039, -132.9946162937973, -51.29149745425733, -42.106309570460674, 0.0016000000400000006, 222.9946162937973
2025-03-31 13:36:43,425 - 2025-03-31T13:36:43.425590, 0.06374035621127216, 0.0, -0.935133073269454, -133.02221629380892, -51.171191164742716, -42.30938181070279, 0.0016000000400000006, 223.02221629380892
2025-03-31 13:36:43,481 - 2025-03-31T13:36:43.481574, 0.05965746668528249, 0.0, -0.9329444634096191, -133.61881629406034, -51.30708608452258, -42.37713853496833, 0.0016000000400000006, 223.61881629406034
2025-03-31 13:36:43,541 - 2025-03-31T13:36:43.541161, 0.06104070373891002, 0.0, -0.9336492011292519, -133.12621629385285, -51.26108198471563, -42.35538706201855, 0.0016000000400000006, 223.12621629385285
2025-03-31 13:36:45,261 - 2025-03-31T13:36:45.260974, 0.059001692549423446, 0.0, -0.931280143643848, -133.64501629407133, -51.33018393405405, -42.4310350525535, 0.0016000000400000006, 223.64501629407133
2025-03-31 13:36:45,320 - 2025-03-31T13:36:45.320869, 0.060429026039807265, 0.0, -0.9314868296550549, -134.1664162942901, -51.28321723193183, -42.42564494019147, 0.0016000000400000006, 224.1664162942901
2025-03-31 13:36:45,460 - 2025-03-31T13:36:45.460606, 0.06012386417001325, 0.0, -0.9310783247796572, -134.65291629449342, -51.29361137937187, -42.438734143812525, 0.0016000000400000006, 224.65291629449342
2025-03-31 13:36:47,981 - 2025-03-31T13:36:47.981708, 0.05473078033181933, 0.0, -0.9269064371116804, -134.28431629433942, -51.47435504587858, -42.57020443231767, 0.0016000000400000006, 224.28431629433942
2025-03-31 13:36:48,040 - 2025-03-31T13:36:48.040443, 0.05153172219151747, 0.0, -0.9240331068113203, -134.77111629454276, -51.58195417877533, -42.66125175687949, 0.0016000000400000006, 224.77111629454276
2025-03-31 13:36:48,741 - 2025-03-31T13:36:48.741699, 0.057260268163686234, 0.0, -0.9291783726980118, -134.45761629441188, -51.38927666172765, -42.498213524524594, 0.0016000000400000006, 224.45761629441188
2025-03-31 13:36:48,820 - 2025-03-31T13:36:48.820433, 0.06384505317638967, 0.0, -0.9357647682476635, -134.04531629423934, -51.167149156225605, -42.28878569083311, 0.0016000000400000006, 224.04531629423937
2025-03-31 13:36:48,881 - 2025-03-31T13:36:48.881431, 0.07010952618720978, 0.0, -0.9416602222502588, -133.87261629416693, -50.95618564971403, -42.101686430877045, 0.0016000000400000006, 223.87261629416693
2025-03-31 13:36:48,923 - 2025-03-31T13:36:48.922909, 0.07532487031886248, 0.0, -0.9464789550285344, -133.62901629406463, -50.780639344804555, -41.9488501709518, 0.0016000000400000006, 223.62901629406463
2025-03-31 13:36:48,960 - 2025-03-31T13:36:48.960617, 0.0820998372511692, 0.0, -0.9500102186927419, -134.14691629428194, -50.55523853082701, -41.83970788042769, 0.0016000000400000006, 224.14691629428194
2025-03-31 13:36:49,021 - 2025-03-31T13:36:49.021306, 0.08482627680021038, 0.0, -0.9559538310106368, -133.78621629413064, -50.460152076520075, -41.64760516114803, 0.0016000000400000006, 223.78621629413064
2025-03-31 13:36:49,081 - 2025-03-31T13:36:49.081199, 0.09068846604216274, 0.0, -0.9609503034954536, -133.78281629412928, -50.26323980019046, -41.489571539625544, 0.0016000000400000006, 223.78281629412928
2025-03-31 13:36:49,120 - 2025-03-31T13:36:49.120521, 0.09582941347287832, 0.0, -0.9657022146388377, -133.69331629409166, -50.09019580069719, -41.338852659341256, 0.0016000000400000006, 223.69331629409166
2025-03-31 13:36:49,180 - 2025-03-31T13:36:49.180403, 0.10303831839774658, 0.0, -0.9720426948875414, -133.52721629402183, -49.847857101100686, -41.1380865192241, 0.0016000000400000006, 223.52721629402183
2025-03-31 13:36:49,241 - 2025-03-31T13:36:49.241053, 0.11012115511887632, 0.0, -0.9786731868739498, -133.56221629403655, -49.609368235010876, -40.927696083217334, 0.0016000000400000006, 223.56221629403655
2025-03-31 13:36:49,300 - 2025-03-31T13:36:49.300906, 0.11530755294586248, 0.0, -0.98427240803231, -133.41421629397428, -49.434014680866234, -40.74925909258999, 0.0016000000400000006, 223.4142162939743
2025-03-31 13:36:50,460 - 2025-03-31T13:36:50.460385, 0.12043335024448831, 0.0, -0.9887418825040357, -133.32851629393815, -49.261740532923405, -40.607779582420044, 0.0016000000400000006, 223.32851629393815
2025-03-31 13:36:50,620 - 2025-03-31T13:36:50.620476, 0.12625901811572948, 0.0, -0.9943776250331076, -133.1695162938711, -49.06540593313384, -40.42876491525264, 0.0016000000400000006, 223.1695162938711
2025-03-31 13:36:50,680 - 2025-03-31T13:36:50.680511, 0.12897788259872467, 0.0, -1.000180019015172, -132.42501629355615, -48.97070440460216, -40.2412818810302, 0.0016000000400000006, 222.42501629355615
2025-03-31 13:36:50,720 - 2025-03-31T13:36:50.720835, 0.13434066617273777, 0.0, -1.0037870333398313, -132.26461629348805, -48.791500441196376, -40.128290332753764, 0.0016000000400000006, 222.26461629348805
2025-03-31 13:36:50,801 - 2025-03-31T13:36:50.801364, 0.1393706955318046, 0.0, -1.0091113928925775, -132.09781629341717, -48.621536423659364, -39.95870778646555, 0.0016000000400000006, 222.09781629341717
2025-03-31 13:37:04,720 - 2025-03-31T13:37:04.720307, 0.13432471077217345, 0.0, -1.0100901869493502, -132.04511629339476, -48.78592045684155, -39.92175203327135, 0.0016000000400000006, 222.04511629339476
2025-03-31 13:37:11,160 - 2025-03-31T13:37:11.160400, 0.13474214467313095, 0.0, -1.0112716051387869, -132.57121629361814, -48.771099375109145, -39.88344702472343, 0.0016000000400000006, 222.57121629361814
2025-03-31 13:37:11,224 - 2025-03-31T13:37:11.224768, 0.13755271521714185, 0.0, -1.0121830288696265, -133.62211629406173, -48.678128573179976, -39.85630543941161, 0.0016000000400000006, 223.62211629406173
2025-03-31 13:37:11,243 - 2025-03-31T13:37:11.243175, 0.13917429250567137, 0.0, -1.0133706681655936, -134.3710162943757, -48.62384770557396, -39.818962457424576, 0.0016000000400000006, 224.3710162943757
2025-03-31 13:37:11,260 - 2025-03-31T13:37:11.260861, 0.14071525198673207, 0.0, -1.0156956292142407, -135.42221629481352, -48.571107116823285, -39.7442770692049, 0.0016000000400000006, 225.42221629481352
2025-03-31 13:37:11,280 - 2025-03-31T13:37:11.280619, 0.14215286846219044, 0.0, -1.0187342570080808, -136.46341629524395, -48.521061584253594, -39.64610832992407, 0.0016000000400000006, 226.46341629524395
2025-03-31 13:37:11,300 - 2025-03-31T13:37:11.300714, 0.14414913717443412, 0.0, -1.0229467279253117, -137.3153162955938, -48.45157528489437, -39.51001950787058, 0.0016000000400000006, 227.3153162955938
2025-03-31 13:37:11,320 - 2025-03-31T13:37:11.320545, 0.1456259829396318, 0.0, -1.0280368091216996, -138.09811629591348, -48.398258171112445, -39.3446728723731, 0.0016000000400000006, 228.09811629591348
2025-03-31 13:37:11,340 - 2025-03-31T13:37:11.340777, 0.14728192237088455, 0.0, -1.033825406931188, -138.82811629621008, -48.33839674339719, -39.156612737365, 0.0016000000400000006, 228.82811629621008
2025-03-31 13:37:11,360 - 2025-03-31T13:37:11.360389, 0.1492657488700666, 0.0, -1.0404461646235625, -139.71281629656767, -48.26698639091621, -38.9416043435643, 0.0016000000400000006, 229.7128162965677
2025-03-31 13:37:11,380 - 2025-03-31T13:37:11.380254, 0.1513101758976103, 0.0, -1.0481966690025728, -140.8109162970087, -48.192496632233365, -38.68963846930617, 0.0016000000400000006, 230.8109162970087
2025-03-31 13:37:11,400 - 2025-03-31T13:37:11.400402, 0.15335595688466874, 0.0, -1.0572925351049838, -142.00291629748406, -48.116659921214406, -38.39359312411726, 0.0016000000400000006, 232.00291629748403
2025-03-31 13:37:11,420 - 2025-03-31T13:37:11.420393, 0.15510550502749165, 0.0, -1.0674664763912283, -143.25941629798146, -48.049485479524186, -38.06193782656144, 0.0016000000400000006, 233.25941629798146
2025-03-31 13:37:11,440 - 2025-03-31T13:37:11.440770, 0.1568412569977391, 0.0, -1.0787033427292148, -144.61911629851568, -47.9817339370483, -37.6954424281892, 0.0016000000400000006, 234.6191162985157
2025-03-31 13:37:11,463 - 2025-03-31T13:37:11.463169, 0.15852047031816774, 0.0, -1.0928465475507712, -146.24241629914818, -47.91302094376596, -37.233666097482, 0.0016000000400000006, 236.24241629914818
2025-03-31 13:37:11,481 - 2025-03-31T13:37:11.481106, 0.15985664643857733, 0.0, -1.1058751558177833, -147.7739162997399, -47.85662672679979, -36.80807739568173, 0.0016000000400000006, 237.77391629973994
2025-03-31 13:37:11,501 - 2025-03-31T13:37:11.501010, 0.1611803803459244, 0.0, -1.121312050859939, -149.56391630042586, -47.798308456711894, -36.30356912213425, 0.0016000000400000006, 239.56391630042586
2025-03-31 13:37:11,520 - 2025-03-31T13:37:11.520495, 0.16250546821278622, 0.0, -1.1380943076254963, -151.4619163011468, -47.738643234287885, -35.75498137765598, 0.0016000000400000006, 241.4619163011468
2025-03-31 13:37:11,540 - 2025-03-31T13:37:11.540628, 0.16354189830145804, 0.0, -1.156095857910716, -153.33681630185302, -47.68725535541736, -35.166163995753635, 0.0016000000400000006, 243.33681630185302
2025-03-31 13:37:11,561 - 2025-03-31T13:37:11.561368, 0.16417117747424692, 0.0, -1.1757479317891315, -155.21781630255603, -47.647609727831785, -34.52287299548045, 0.0016000000400000006, 245.21781630255603
2025-03-31 13:37:11,581 - 2025-03-31T13:37:11.581060, 0.1645786205037374, 0.0, -1.1965449024862722, -157.0503163032361, -47.61412406415875, -33.841854663199385, 0.0016000000400000006, 247.0503163032361
2025-03-31 13:37:11,600 - 2025-03-31T13:37:11.600335, 0.16474150219179595, 0.0, -1.2180631149946493, -158.77501630387215, -47.58795314172388, -33.136968054082004, 0.0016000000400000006, 248.77501630387215
2025-03-31 13:37:11,621 - 2025-03-31T13:37:11.621076, 0.16496498440821483, 0.0, -1.2407110741896616, -160.36321630445465, -47.558702813087194, -32.3951239645072, 0.0016000000400000006, 250.36321630445465
2025-03-31 13:37:11,640 - 2025-03-31T13:37:11.640601, 0.16453540040780412, 0.0, -1.2643854370657053, -161.81251630498375, -47.54985642930973, -31.619017450656006, 0.0016000000400000006, 251.81251630498372
2025-03-31 13:37:11,660 - 2025-03-31T13:37:11.660418, 0.1638020084971128, 0.0, -1.2889966567897528, -163.11351630545695, -47.550057240636235, -30.81192066949508, 0.0016000000400000006, 253.11351630545695
2025-03-31 13:37:11,680 - 2025-03-31T13:37:11.680471, 0.16274208347800645, 0.0, -1.3141210783543156, -164.2247163058598, -47.56046002439236, -29.987692676195977, 0.0016000000400000006, 254.22471630585977
2025-03-31 13:37:11,701 - 2025-03-31T13:37:11.701156, 0.16144517218351195, 0.0, -1.3401079600659447, -165.21321630621728, -47.57779262361147, -29.13497672100335, 0.0016000000400000006, 255.21321630621728
2025-03-31 13:37:11,720 - 2025-03-31T13:37:11.720946, 0.15987339928340427, 0.0, -1.3662512102454936, -166.12321630654563, -47.60397966716968, -28.276871229203092, 0.0016000000400000006, 256.1232163065456
2025-03-31 13:37:11,740 - 2025-03-31T13:37:11.740605, 0.1580494899758187, 0.0, -1.3929744839004505, -167.01861630686815, -47.637866377741325, -27.399517145623648, 0.0016000000400000006, 257.0186163068681
2025-03-31 13:37:11,760 - 2025-03-31T13:37:11.760844, 0.15624830586636795, 0.0, -1.420121412562895, -167.85311630716816, -47.67059831098729, -26.508304006872695, 0.0016000000400000006, 257.8531163071682
2025-03-31 13:37:11,780 - 2025-03-31T13:37:11.780509, 0.15494517346534264, 0.0, -1.447312437662097, -168.53681630741363, -47.68696888364552, -25.616128265806438, 0.0016000000400000006, 258.53681630741363
2025-03-31 13:37:11,800 - 2025-03-31T13:37:11.800540, 0.1535083977945333, 0.0, -1.4746522561631723, -169.1950163076497, -47.70757421558569, -24.7189479139078, 0.0016000000400000006, 259.19501630764967
2025-03-31 13:37:11,820 - 2025-03-31T13:37:11.820525, 0.15219769032746333, 0.0, -1.5017020629265443, -169.8873163078977, -47.724329714019134, -23.831391857898737, 0.0016000000400000006, 259.88731630789766
2025-03-31 13:37:11,840 - 2025-03-31T13:37:11.840364, 0.1513030628018357, 0.0, -1.5285879261559514, -170.50631630811918, -47.7276110830563, -22.949610264272547, 0.0016000000400000006, 260.50631630811915
2025-03-31 13:37:11,860 - 2025-03-31T13:37:11.860799, 0.150542078545993, 0.0, -1.5553249959834843, -170.91461630826518, -47.7266576928115, -22.072833281478754, 0.0016000000400000006, 260.9146163082652
2025-03-31 13:37:11,881 - 2025-03-31T13:37:11.881233, 0.15022747449577345, 0.0, -1.5824629956203697, -171.12251630833947, -47.71069047006948, -21.183352020839123, 0.0016000000400000006, 261.12251630833947
2025-03-31 13:37:11,901 - 2025-03-31T13:37:11.901132, 0.14989772031346282, 0.0, -1.609318558585596, -171.33711630841617, -47.69549309887796, -20.303110130313858, 0.0016000000400000006, 261.33711630841617
2025-03-31 13:37:11,920 - 2025-03-31T13:37:11.920750, 0.14941159766323375, 0.0, -1.6358992599452091, -171.5897163085064, -47.68568526429402, -19.43172268412771, 0.0016000000400000006, 261.5897163085064
2025-03-31 13:37:11,940 - 2025-03-31T13:37:11.940459, 0.14929610455817555, 0.0, -1.6614687077558807, -171.77551630857275, -47.664712854965224, -18.5938278106675, 0.0016000000400000006, 261.7755163085727
2025-03-31 13:37:11,963 - 2025-03-31T13:37:11.963688, 0.14923499087494863, 0.0, -1.6893720456407602, -171.97231630864303, -47.63969901287367, -17.679515670876235, 0.0016000000400000006, 261.97231630864303
2025-03-31 13:37:11,980 - 2025-03-31T13:37:11.980534, 0.14913680712996902, 0.0, -1.7099837015653145, -172.20841630872727, -47.62295963556358, -17.004079625967638, 0.0016000000400000006, 262.20841630872724
2025-03-31 13:37:12,001 - 2025-03-31T13:37:12.001381, 0.1487954160030709, 0.0, -1.7326619610245073, -172.64371630888257, -47.612188047155584, -16.260695833291916, 0.0016000000400000006, 262.6437163088826
2025-03-31 13:37:12,020 - 2025-03-31T13:37:12.020864, 0.1482673561440735, 0.0, -1.75450048553477, -173.29021630911313, -47.60834569845611, -15.544645225183999, 0.0016000000400000006, 263.29021630911313
2025-03-31 13:37:12,041 - 2025-03-31T13:37:12.041466, 0.14746443467946158, 0.0, -1.7764953785129514, -174.11781630940803, -47.6133577940958, -14.823205080468467, 0.0016000000400000006, 264.117816309408
2025-03-31 13:37:12,060 - 2025-03-31T13:37:12.060501, 0.14706244302420268, 0.0, -1.7980438912855097, -174.8947163096846, -47.60566561188963, -14.116778768250137, 0.0016000000400000006, 264.8947163096846
2025-03-31 13:37:12,081 - 2025-03-31T13:37:12.081398, 0.1470992565085214, 0.0, -1.8198521155315908, -175.52131630990758, -47.5833445229615, -13.402267863243168, 0.0016000000400000006, 265.52131630990755
2025-03-31 13:37:12,101 - 2025-03-31T13:37:12.101151, 0.14699349769749714, 0.0, -1.8403225531203162, -175.97801631007007, -47.56699007142663, -12.731451503391742, 0.0016000000400000006, 265.9780163100701
2025-03-31 13:37:12,120 - 2025-03-31T13:37:12.120458, 0.14674652055064286, 0.0, -1.8608005657750861, -176.36681631020832, -47.55525530494896, -12.060250217765102, 0.0016000000400000006, 266.3668163102083
2025-03-31 13:37:12,141 - 2025-03-31T13:37:12.141056, 0.14632802480377904, 0.0, -1.880721280152584, -176.65411631031049, -47.549679926629366, -11.407142746591923, 0.0016000000400000006, 266.6541163103105
2025-03-31 13:37:12,160 - 2025-03-31T13:37:12.160485, 0.14559679212107524, 0.0, -1.900092271318855, -176.8035163103636, -47.55488362152507, -10.771744164096988, 0.0016000000400000006, 266.8035163103636
2025-03-31 13:37:12,180 - 2025-03-31T13:37:12.180670, 0.14440402910065897, 0.0, -1.9187798960041147, -176.81661631036826, -47.57587100046842, -10.15828922956224, 0.0016000000400000006, 266.81661631036826
2025-03-31 13:37:12,200 - 2025-03-31T13:37:12.200446, 0.14260851740669844, 0.0, -1.9367917292744081, -176.810316310366, -47.61726174851666, -9.566393017212457, 0.0016000000400000006, 266.81031631036603
2025-03-31 13:37:12,221 - 2025-03-31T13:37:12.221835, 0.14052299397503454, 0.0, -1.9546774943409628, -177.03821631044704, -47.66827679245447, -8.97834663836937, 0.0016000000400000006, 267.03821631044707
2025-03-31 13:37:12,240 - 2025-03-31T13:37:12.240482, 0.13860763518386587, 0.0, -1.971775195961388, -177.49871631061072, -47.7144794005703, -8.416285916003615, 0.0016000000400000006, 267.4987163106107
2025-03-31 13:37:12,260 - 2025-03-31T13:37:12.260837, 0.13694441280017555, 0.0, -1.9882928741064059, -178.0781163108166, -47.752982341672684, -7.87347378541702, 0.0016000000400000006, 268.0781163108166
2025-03-31 13:37:12,280 - 2025-03-31T13:37:12.280406, 0.13617259686821814, 0.0, -2.0042670501467272, -178.66591631102546, -47.76280457011673, -7.3493325700695324, 0.0016000000400000006, 268.66591631102546
2025-03-31 13:37:12,301 - 2025-03-31T13:37:12.301482, 0.13610687261540733, 0.0, -2.0202033508568227, -179.20251631121607, -47.749528373274906, -6.827115983598216, 0.0016000000400000006, 269.2025163112161
2025-03-31 13:37:12,320 - 2025-03-31T13:37:12.320463, 0.13649374967475092, 0.0, -2.0353364379886987, -179.6630163113797, -47.72220037049673, -6.33165490515468, 0.0016000000400000006, 269.6630163113797
2025-03-31 13:37:12,340 - 2025-03-31T13:37:12.340859, 0.1367910799010672, 0.0, -2.050120266814024, 179.86108368845126, -47.69814452468521, -5.847550576466469, 0.0016000000400000006, -89.86108368845127
2025-03-31 13:37:12,360 - 2025-03-31T13:37:12.360351, 0.13715387780276078, 0.0, -2.0634843372150105, 179.38318368828146, -47.673318251568844, -5.410028024125236, 0.0016000000400000006, -89.38318368828146
2025-03-31 13:37:12,381 - 2025-03-31T13:37:12.381811, 0.1382151923175563, 0.0, -2.076669313949942, 178.99288368814283, -47.62577847894181, -4.979049785717345, 0.0016000000400000006, -88.99288368814283
2025-03-31 13:37:12,400 - 2025-03-31T13:37:12.400486, 0.13931167424354873, 0.0, -2.087869658917217, 178.79768368807348, -47.579007982110845, -4.613132063885151, 0.0016000000400000006, -88.79768368807348
2025-03-31 13:37:12,421 - 2025-03-31T13:37:12.420982, 0.14035648466673978, 0.0, -2.099426837257089, 178.70438368804034, -47.53358501337037, -4.23547266652239, 0.0016000000400000006, -88.70438368804034
2025-03-31 13:37:12,440 - 2025-03-31T13:37:12.440403, 0.1410431077578198, 0.0, -2.1095869823707574, 178.69178368803588, -47.501250672496596, -3.9032402681809217, 0.0016000000400000006, -88.69178368803588
2025-03-31 13:37:12,460 - 2025-03-31T13:37:12.460417, 0.1411118320432676, 0.0, -2.1187888993978, 178.7166836880447, -47.49008955227809, -3.6018059621387897, 0.0016000000400000006, -88.71668368804471
2025-03-31 13:37:12,480 - 2025-03-31T13:37:12.480512, 0.1412095026333806, 0.0, -2.1272103280447596, 178.76478368806178, -47.47873568129481, -3.3259723867987248, 0.0016000000400000006, -88.76478368806178
2025-03-31 13:37:12,500 - 2025-03-31T13:37:12.500352, 0.14095791491694287, 0.0, -2.135721303524746, 178.8260836880836, -47.478738560066844, -3.046866654492024, 0.0016000000400000006, -88.8260836880836
2025-03-31 13:37:12,520 - 2025-03-31T13:37:12.520652, 0.1404163154628022, 0.0, -2.1441062108009943, 178.91068368811364, -47.48836573472843, -2.7716107556919978, 0.0016000000400000006, -88.91068368811364
2025-03-31 13:37:12,540 - 2025-03-31T13:37:12.540714, 0.13971077247469577, 0.0, -2.1520750381357994, 178.962383688132, -47.50376737177292, -2.509828986288272, 0.0016000000400000006, -88.96238368813201
2025-03-31 13:37:12,560 - 2025-03-31T13:37:12.560559, 0.13895977909031876, 0.0, -2.159196555455628, 178.8870836881053, -47.52147856346879, -2.2757653272276372, 0.0016000000400000006, -88.88708368810529
2025-03-31 13:37:12,580 - 2025-03-31T13:37:12.580400, 0.13821500681247256, 0.0, -2.1651139293878847, 178.67558368803012, -47.540151781725534, -2.081161454040587, 0.0016000000400000006, -88.67558368803012
2025-03-31 13:37:12,601 - 2025-03-31T13:37:12.601243, 0.13721674416763374, 0.0, -2.170265965072148, 178.6025836880042, -47.56787161933181, -1.9113884600051483, 0.0016000000400000006, -88.60258368800419
2025-03-31 13:37:12,620 - 2025-03-31T13:37:12.620656, 0.13592846978509154, 0.0, -2.175291932552672, 178.73348368805068, -47.60521575282766, -1.7454652994764537, 0.0016000000400000006, -88.73348368805068
2025-03-31 13:37:12,660 - 2025-03-31T13:37:12.660362, 0.13294206218509474, 0.0, -2.1843036676601124, 178.8870836881053, -47.694340175776546, -1.4473043019097918, 0.0016000000400000006, -88.88708368810529
2025-03-31 13:37:12,700 - 2025-03-31T13:37:12.700547, 0.13033115127728623, 0.0, -2.189754644107639, 178.59338368800093, -47.774609002877504, -1.2661751338734473, 0.0016000000400000006, -88.59338368800093
2025-03-31 13:37:12,841 - 2025-03-31T13:37:12.841901, 0.12529815742175776, 0.0, -2.196256103393847, 178.39068368792886, -47.93322030094004, -1.0482818118989092, 0.0016000000400000006, -88.39068368792886
2025-03-31 13:37:12,920 - 2025-03-31T13:37:12.920783, 0.11889572268517767, 0.0, -2.2009898999086785, 178.64138368801798, -48.13841279959518, -0.8869800636906109, 0.0016000000400000006, -88.641383688018
2025-03-31 13:37:12,942 - 2025-03-31T13:37:12.942475, 0.11716458128451412, 0.0, -2.201720070745475, 179.14518368819694, -48.19442669682134, -0.8613799087429319, 0.0016000000400000006, -89.14518368819694
2025-03-31 13:37:13,140 - 2025-03-31T13:37:13.140508, 0.11826673562599721, 0.0, -2.2037853203205993, 179.6826836883879, -48.156315014792625, -0.7947791133119054, 0.0016000000400000006, -89.6826836883879
2025-03-31 13:37:13,200 - 2025-03-31T13:37:13.200459, 0.11801459921851887, 0.0, -2.2043653437960073, -179.79531631142666, -48.164014681806066, -0.7755305215327313, 0.0016000000400000006, 269.79531631142663
2025-03-31 13:37:13,240 - 2025-03-31T13:37:13.240268, 0.11822399314875476, 0.0, -2.205628733752426, -179.00631631114638, -48.15593066477181, -0.7343382817933959, 0.0016000000400000006, 269.00631631114646
2025-03-31 13:37:13,280 - 2025-03-31T13:37:13.280503, 0.11842581201294555, 0.0, -2.206750905373016, -178.37741631092294, -48.148231573512774, -0.6977657271111901, 0.0016000000400000006, 268.37741631092297
2025-03-31 13:37:13,680 - 2025-03-31T13:37:13.680557, 0.11756199790636446, 0.0, -2.205168557374227, -178.9891163111403, -48.17806648774241, -0.7487750135049495, 0.0016000000400000006, 268.98911631114026
2025-03-31 13:37:13,840 - 2025-03-31T13:37:13.840532, 0.11711561770074086, 0.0, -2.2047676275648738, -179.47831631131407, -48.19308032023964, -0.7614792913507951, 0.0016000000400000006, 269.4783163113141
2025-03-31 13:37:23,600 - 2025-03-31T13:37:23.600339, 0.12212372713014608, 0.0, -2.203082741828955, -179.0345163111564, -48.0306209159336, -0.8215334698308658, 0.0016000000400000006, 269.0345163111564
2025-03-31 13:37:51,420 - 2025-03-31T13:37:51.420353, 0.12713805766608255, 0.0, -2.2001937127054636, -179.081216311173, -47.869123538188425, -0.9210474341845646, 0.0016000000400000006, 269.08121631117297
2025-03-31 13:38:05,740 - 2025-03-31T13:38:05.740456, 0.12839603178444436, 0.0, -2.194602871881622, -179.1698163112045, -47.833319107793486, -1.1054493349419623, 0.0016000000400000006, 269.1698163112045
2025-03-31 13:38:05,800 - 2025-03-31T13:38:05.800414, 0.12874744931898308, 0.0, -2.1892730964908185, -179.31271631125523, -47.826965241607354, -1.2804196905746101, 0.0016000000400000006, 269.31271631125526
2025-03-31 13:38:05,861 - 2025-03-31T13:38:05.861366, 0.1293510032609997, 0.0, -2.1833632976246067, -179.54841631133897, -47.812911708407796, -1.4746386379864318, 0.0016000000400000006, 269.548416311339
2025-03-31 13:38:05,920 - 2025-03-31T13:38:05.920848, 0.12921816525968932, 0.0, -2.1769265007453034, -179.90491631146563, -47.823496303595036, -1.6854116967507866, 0.0016000000400000006, 269.9049163114656
2025-03-31 13:38:05,960 - 2025-03-31T13:38:05.960528, 0.12948896498675921, 0.0, -2.1727340471071797, 179.8983836884645, -47.81868271626425, -1.8230396461507854, 0.0016000000400000006, -89.89838368846449
2025-03-31 13:38:06,020 - 2025-03-31T13:38:06.020775, 0.12997402579108241, 0.0, -2.1672554783145013, 179.61098368836244, -47.80809409079617, -2.003014612615848, 0.0016000000400000006, -89.61098368836244
2025-03-31 13:38:06,101 - 2025-03-31T13:38:06.101119, 0.13021317129445853, 0.0, -2.1611527896096585, 179.22768368822625, -47.806167158902376, -2.2032007731753507, 0.0016000000400000006, -89.22768368822625
2025-03-31 13:38:06,181 - 2025-03-31T13:38:06.181172, 0.1306830819666911, 0.0, -2.155391784145321, 178.84008368808853, -47.79634838498476, -2.392415109754758, 0.0016000000400000006, -88.84008368808853
2025-03-31 13:38:06,240 - 2025-03-31T13:38:06.240584, 0.13121981427381568, 0.0, -2.149556381980047, 178.47668368795942, -47.784412231426174, -2.5841317517503577, 0.0016000000400000006, -88.47668368795942
2025-03-31 13:38:06,300 - 2025-03-31T13:38:06.300810, 0.1320162580544637, 0.0, -2.1432821746751944, 178.07178368781558, -47.76439148507892, -2.79047730046796, 0.0016000000400000006, -88.07178368781558
2025-03-31 13:38:06,361 - 2025-03-31T13:38:06.360993, 0.13281892294164255, 0.0, -2.1358038239827692, 177.5104836876161, -47.745332765292545, -3.036282635059175, 0.0016000000400000006, -87.5104836876161
2025-03-31 13:38:06,401 - 2025-03-31T13:38:06.401171, 0.13386128202323766, 0.0, -2.1301537365900813, 177.11578368747578, -47.71665032537099, -3.222416989682323, 0.0016000000400000006, -87.11578368747578
2025-03-31 13:38:06,441 - 2025-03-31T13:38:06.441781, 0.1345984792350392, 0.0, -2.124095144321995, 176.82528368737255, -47.69836203288946, -3.4216405479265464, 0.0016000000400000006, -86.82528368737255
2025-03-31 13:38:06,483 - 2025-03-31T13:38:06.482995, 0.13548446984871454, 0.0, -2.1181701953236933, 176.48308368725085, -47.675069129575554, -3.61662934688881, 0.0016000000400000006, -86.48308368725085
2025-03-31 13:38:06,521 - 2025-03-31T13:38:06.521152, 0.13625954239074112, 0.0, -2.1128176947347534, 176.09738368711373, -47.6548562082179, -3.7927544798471717, 0.0016000000400000006, -86.09738368711373
2025-03-31 13:38:06,561 - 2025-03-31T13:38:06.561030, 0.1367962746978657, 0.0, -2.106982292569479, 175.7396836869865, -47.642920054659314, -3.9844711218427715, 0.0016000000400000006, -85.7396836869865
2025-03-31 13:38:06,600 - 2025-03-31T13:38:06.600534, 0.13768226531154104, 0.0, -2.1010573435711777, 175.32218368683795, -47.619627151345405, -4.179459920805036, 0.0016000000400000006, -85.32218368683795
2025-03-31 13:38:06,640 - 2025-03-31T13:38:06.640776, 0.13844976278752297, 0.0, -2.095563624646409, 175.0446836867392, -47.59979915576296, -4.360204738820541, 0.0016000000400000006, -85.0446836867392
2025-03-31 13:38:06,680 - 2025-03-31T13:38:06.680814, 0.1390016452267382, 0.0, -2.090010659152793, 174.71648368662238, -47.58709315065391, -4.542682010701812, 0.0016000000400000006, -84.71648368662238
2025-03-31 13:38:06,720 - 2025-03-31T13:38:06.720473, 0.1402823445432353, 0.0, -2.0848434733364396, 174.378283686502, -47.55013394293328, -4.713224856287693, 0.0016000000400000006, -84.37828368650199
2025-03-31 13:38:06,760 - 2025-03-31T13:38:06.760435, 0.14048496867589977, 0.0, -2.079380054675852, 174.09848368640232, -47.54878468757955, -4.8924299712022705, 0.0016000000400000006, -84.09848368640232
2025-03-31 13:38:06,801 - 2025-03-31T13:38:06.801139, 0.14168369622541466, 0.0, -2.0740048288887767, 173.80198368629672, -47.51471271105036, -5.069709881486317, 0.0016000000400000006, -83.80198368629672
2025-03-31 13:38:06,840 - 2025-03-31T13:38:06.840551, 0.14283075227212771, 0.0, -2.0689864364742983, 173.62878368623498, -47.48198826261167, -5.2352481162397835, 0.0016000000400000006, -83.62878368623498
2025-03-31 13:38:06,880 - 2025-03-31T13:38:06.880912, 0.14326414157364864, 0.0, -2.0638647010542153, 173.36208368613995, -47.47274716523411, -5.403481407174294, 0.0016000000400000006, -83.36208368613995
2025-03-31 13:38:06,920 - 2025-03-31T13:38:06.920437, 0.14431407572128885, 0.0, -2.0583558319973565, 173.11188368605073, -47.443679799537335, -5.58499607674027, 0.0016000000400000006, -83.11188368605073
2025-03-31 13:38:06,960 - 2025-03-31T13:38:06.960465, 0.14523036659914546, 0.0, -2.052995756342372, 172.9467836859919, -47.418847193122474, -5.761506135473832, 0.0016000000400000006, -82.9467836859919
2025-03-31 13:38:07,005 - 2025-03-31T13:38:07.005743, 0.14639121881843442, 0.0, -2.0469144388761507, 172.76128368592575, -47.386699845469444, -5.9618844710437395, 0.0016000000400000006, -82.76128368592575
2025-03-31 13:38:07,060 - 2025-03-31T13:38:07.060459, 0.14739434861028977, 0.0, -2.039212898080914, 172.68758368589945, -47.36128898676014, -6.215196721883562, 0.0016000000400000006, -82.68758368589945
2025-03-31 13:38:07,100 - 2025-03-31T13:38:07.100925, 0.1485186794588671, 0.0, -2.033770850658947, 172.60228368586903, -47.32971931564717, -6.394594011808573, 0.0016000000400000006, -82.60228368586903
2025-03-31 13:38:07,142 - 2025-03-31T13:38:07.142293, 0.14912980846692925, 0.0, -2.0280022701285647, 172.54158368584737, -47.31528085667236, -6.584193274163209, 0.0016000000400000006, -82.54158368584737
2025-03-31 13:38:07,180 - 2025-03-31T13:38:07.180513, 0.14968926597218912, 0.0, -2.022590522970779, 172.5783836858605, -47.30218992578809, -6.762050860987278, 0.0016000000400000006, -82.5783836858605
2025-03-31 13:38:07,220 - 2025-03-31T13:38:07.220431, 0.150821171886812, 0.0, -2.0172896938846407, 172.6310836858793, -47.270235328899865, -6.936828465855117, 0.0016000000400000006, -82.6310836858793
2025-03-31 13:38:07,261 - 2025-03-31T13:38:07.261225, 0.15136547925998212, 0.0, -2.0115955100551957, 172.781583685933, -47.25791424956604, -7.12392542279356, 0.0016000000400000006, -82.78158368593299
2025-03-31 13:38:07,301 - 2025-03-31T13:38:07.301048, 0.15204342990293584, 0.0, -2.0057525328238768, 172.9175836859815, -47.24135841095028, -7.316026990564374, 0.0016000000400000006, -82.9175836859815
2025-03-31 13:38:07,342 - 2025-03-31T13:38:07.342226, 0.15214135707048237, 0.0, -1.9996574191850789, 173.16088368606825, -47.24405116411368, -7.515828225348648, 0.0016000000400000006, -83.16088368606825
2025-03-31 13:38:07,381 - 2025-03-31T13:38:07.381177, 0.1524776244729309, 0.0, -1.9940452071226162, 173.54388368620477, -47.238467149478, -7.700037951095655, 0.0016000000400000006, -83.54388368620477
2025-03-31 13:38:07,420 - 2025-03-31T13:38:07.420873, 0.15333466878194013, 0.0, -1.9889007465043984, 173.82948368630653, -47.2153669969289, -7.869426019355837, 0.0016000000400000006, -83.82948368630653
2025-03-31 13:38:07,463 - 2025-03-31T13:38:07.463003, 0.15324728117690034, 0.0, -1.9833112596400715, 174.26468368646152, -47.223642037464764, -8.052480967777143, 0.0016000000400000006, -84.26468368646152
2025-03-31 13:38:07,500 - 2025-03-31T13:38:07.500394, 0.15331626203978077, 0.0, -1.9779966343813578, 174.7327836866282, -47.22652754139297, -8.22668147185932, 0.0016000000400000006, -84.73278368662821
2025-03-31 13:38:07,540 - 2025-03-31T13:38:07.540498, 0.15358570780733682, 0.0, -1.9724588190198324, 175.22288368680265, -47.223060906398274, -8.40838889219012, 0.0016000000400000006, -85.22288368680265
2025-03-31 13:38:07,580 - 2025-03-31T13:38:07.580879, 0.1522197801137879, 0.0, -1.9667962894140825, 175.830983687019, -47.27329803822394, -8.592599193691516, 0.0016000000400000006, -85.83098368701901
2025-03-31 13:38:07,620 - 2025-03-31T13:38:07.620581, 0.1515826692975213, 0.0, -1.9615195394855944, 176.46698368724518, -47.29928196743805, -8.764875068897565, 0.0016000000400000006, -86.46698368724518
2025-03-31 13:38:07,660 - 2025-03-31T13:38:07.660478, 0.151361638422697, 0.0, -1.956078846023142, 177.13378368748218, -47.311791767255855, -8.942925406486458, 0.0016000000400000006, -87.13378368748218
2025-03-31 13:38:07,701 - 2025-03-31T13:38:07.701182, 0.15021132576591478, 0.0, -1.9504755629862385, 177.715583687689, -47.35490690860814, -9.125403254122123, 0.0016000000400000006, -87.71558368768899
2025-03-31 13:38:07,740 - 2025-03-31T13:38:07.740715, 0.15014666335901117, 0.0, -1.9453097311293999, 178.34968368791434, -47.36202717181829, -9.294599147371887, 0.0016000000400000006, -88.34968368791434
2025-03-31 13:38:07,780 - 2025-03-31T13:38:07.780889, 0.14936968816642926, 0.0, -1.9413859179903585, 179.03868368815907, -47.39128383375347, -9.422410625871901, 0.0016000000400000006, -89.03868368815907
2025-03-31 13:38:07,840 - 2025-03-31T13:38:07.840325, 0.14881454911714487, 0.0, -1.9363172080325923, 179.3240836882605, -47.41438053177613, -9.587949436379777, 0.0016000000400000006, -89.32408368826049
2025-03-31 13:38:07,943 - 2025-03-31T13:38:07.943313, 0.14844472484044635, 0.0, -1.9307428713003554, 179.78548368842442, -47.43189494242635, -9.770234533250628, 0.0016000000400000006, -89.78548368842442
2025-03-31 13:38:08,020 - 2025-03-31T13:38:08.020757, 0.1485123517438125, 0.0, -1.9240828843182403, -179.9274163114736, -47.43612739869066, -9.988514508263604, 0.0016000000400000006, 269.9274163114736
2025-03-31 13:38:08,080 - 2025-03-31T13:38:08.080430, 0.14796965490758973, 0.0, -1.9166058875853298, -179.39951631128608, -47.461148149835076, -10.232972890518708, 0.0016000000400000006, 269.3995163112861
2025-03-31 13:38:08,120 - 2025-03-31T13:38:08.120624, 0.14742073696483615, 0.0, -1.9103330342399913, -179.05051631116208, -47.48520687441862, -10.437971486900205, 0.0016000000400000006, 269.0505163111621
2025-03-31 13:38:08,162 - 2025-03-31T13:38:08.162608, 0.14677469712301017, 0.0, -1.903569704252273, -178.70951631104097, -47.51292268174405, -10.658946518094192, 0.0016000000400000006, 268.70951631104094
2025-03-31 13:38:08,204 - 2025-03-31T13:38:08.204292, 0.146418669018888, 0.0, -1.8969324424682934, -178.29301631089297, -47.53101419317989, -10.876071715781476, 0.0016000000400000006, 268.293016310893
2025-03-31 13:38:08,240 - 2025-03-31T13:38:08.240628, 0.14612946254965786, 0.0, -1.8902207839833767, -177.92061631076064, -47.54698832497477, -11.095699218884961, 0.0016000000400000006, 267.92061631076064
2025-03-31 13:38:08,281 - 2025-03-31T13:38:08.280975, 0.14536492957013758, 0.0, -1.8838886840691913, -177.49541631060956, -47.578169040031696, -11.302430269132195, 0.0016000000400000006, 267.4954163106096
2025-03-31 13:38:08,320 - 2025-03-31T13:38:08.320434, 0.14503920173019536, 0.0, -1.877816295628529, -177.30971631054354, -47.594720848366634, -11.501076726590775, 0.0016000000400000006, 267.30971631054354
2025-03-31 13:38:08,360 - 2025-03-31T13:38:08.360433, 0.1443945158478841, 0.0, -1.8723983273642122, -176.9765163104251, -47.62108970335595, -11.677972286853969, 0.0016000000400000006, 266.9765163104251
2025-03-31 13:38:08,400 - 2025-03-31T13:38:08.400761, 0.1438393767985997, 0.0, -1.8673296174064458, -176.63931631030525, -47.64418640137862, -11.843511097361853, 0.0016000000400000006, 266.6393163103053
2025-03-31 13:38:08,440 - 2025-03-31T13:38:08.440389, 0.14335863445025243, 0.0, -1.8623277290835714, -176.4382163102337, -47.66478079398508, -12.006932528228765, 0.0016000000400000006, 266.4382163102337
2025-03-31 13:38:08,480 - 2025-03-31T13:38:08.480831, 0.14292956360470743, 0.0, -1.8569690073881011, -176.24291631016428, -47.68402765850102, -12.18209563462623, 0.0016000000400000006, 266.2429163101643
2025-03-31 13:38:08,542 - 2025-03-31T13:38:08.542359, 0.14228352376288145, 0.0, -1.8502056774003828, -176.01671631008384, -47.71174346582646, -12.403070665820222, 0.0016000000400000006, 266.01671631008384
2025-03-31 13:38:08,600 - 2025-03-31T13:38:08.600526, 0.1418696030494262, 0.0, -1.8451293923765708, -175.86201631002876, -47.73022047879195, -12.568994402103348, 0.0016000000400000006, 265.86201631002876
2025-03-31 13:38:08,660 - 2025-03-31T13:38:08.660700, 0.14149220370668258, 0.0, -1.8394138373085047, -175.741716309986, -47.74811981521739, -12.755899184031364, 0.0016000000400000006, 265.74171630998603
2025-03-31 13:38:08,722 - 2025-03-31T13:38:08.722475, 0.14098738220068574, 0.0, -1.8326429322547408, -175.68791630996688, -47.77121593748566, -12.977259141000593, 0.0016000000400000006, 265.6879163099669
2025-03-31 13:38:08,781 - 2025-03-31T13:38:08.781096, 0.1403930138616616, 0.0, -1.8255227688944267, -175.59621630993425, -47.79758421672057, -13.209975847725136, 0.0016000000400000006, 265.5962163099342
2025-03-31 13:38:08,824 - 2025-03-31T13:38:08.824713, 0.13980757454819726, 0.0, -1.819889185593343, -175.52351630990836, -47.82222061784414, -13.393993398461717, 0.0016000000400000006, 265.52351630990836
2025-03-31 13:38:08,860 - 2025-03-31T13:38:08.860895, 0.13940745000731747, 0.0, -1.8137499755177886, -175.42811630987444, -47.8412747315953, -13.59475723556127, 0.0016000000400000006, 265.42811630987444
2025-03-31 13:38:08,900 - 2025-03-31T13:38:08.900628, 0.13917884406644898, 0.0, -1.8081680637195068, -175.3628163098512, -47.85416945718831, -13.777427258207343, 0.0016000000400000006, 265.3628163098512
2025-03-31 13:38:08,940 - 2025-03-31T13:38:08.940675, 0.13848870778786626, 0.0, -1.8019027854402134, -175.27521630982002, -47.882847866829024, -13.98204092881361, 0.0016000000400000006, 265.27521630982005
2025-03-31 13:38:08,980 - 2025-03-31T13:38:08.980352, 0.13718960172920935, 0.0, -1.7961658591335263, -175.20441630979485, -47.93096761901373, -14.168753535731208, 0.0016000000400000006, 265.20441630979485
2025-03-31 13:38:09,021 - 2025-03-31T13:38:09.021053, 0.13680462732042065, 0.0, -1.7903090857296302, -175.14491630977366, -47.949251881214394, -14.360278002716424, 0.0016000000400000006, 265.14491630977363
2025-03-31 13:38:09,061 - 2025-03-31T13:38:09.061169, 0.13659117151164146, 0.0, -1.7850096106030073, -175.12951630976818, -47.961376755256985, -14.533708655248136, 0.0016000000400000006, 265.1295163097682
2025-03-31 13:38:09,100 - 2025-03-31T13:38:09.100728, 0.13587208892839264, 0.0, -1.7795248207037981, -175.27561630982015, -47.99024791566251, -14.712721595152308, 0.0016000000400000006, 265.2756163098202
2025-03-31 13:38:09,141 - 2025-03-31T13:38:09.141136, 0.1355766613526317, 0.0, -1.7740173056064532, -175.21351630979805, -48.00526002089651, -14.892889312382186, 0.0016000000400000006, 265.213516309798
2025-03-31 13:38:09,181 - 2025-03-31T13:38:09.181069, 0.13516274063917644, 0.0, -1.7689410205826421, -175.17601630978476, -48.023737033862005, -15.058813048665284, 0.0016000000400000006, 265.17601630978476
2025-03-31 13:38:09,220 - 2025-03-31T13:38:09.220536, 0.13431001478614357, 0.0, -1.7636050240853072, -175.20281630979426, -48.05684295354948, -15.232821377737064, 0.0016000000400000006, 265.20281630979423
2025-03-31 13:38:09,263 - 2025-03-31T13:38:09.262977, 0.1339629157075808, 0.0, -1.7584543423605585, -175.1875163097888, -48.07320258687398, -15.401247419436377, 0.0016000000400000006, 265.1875163097888
2025-03-31 13:38:09,320 - 2025-03-31T13:38:09.320684, 0.13348704050625004, 0.0, -1.7509029489267105, -175.23231630980476, -48.096105958377436, -15.648208107107694, 0.0016000000400000006, 265.2323163098048
2025-03-31 13:38:09,360 - 2025-03-31T13:38:09.360420, 0.1332584345653811, 0.0, -1.745321037128429, -175.3021163098296, -48.10900068397046, -15.83087812975376, 0.0016000000400000006, 265.30211630982956
2025-03-31 13:38:09,401 - 2025-03-31T13:38:09.401191, 0.13317862202638642, 0.0, -1.739872768599931, -175.35391630984802, -48.11689079873109, -16.009313393117893, 0.0016000000400000006, 265.35391630984805
2025-03-31 13:38:09,460 - 2025-03-31T13:38:09.460658, 0.13266000434781366, 0.0, -1.73416478859791, -175.4979163098993, -48.13940982021371, -16.19583324927068, 0.0016000000400000006, 265.4979163098993
2025-03-31 13:38:09,541 - 2025-03-31T13:38:09.541436, 0.13260291700695515, 0.0, -1.7291401750769007, -175.48151630989344, -48.146145157648625, -16.360409457463273, 0.0016000000400000006, 265.48151630989344
2025-03-31 13:38:09,620 - 2025-03-31T13:38:09.620685, 0.13181565882929913, 0.0, -1.722384420155227, -175.5005163099002, -48.17848065003125, -16.58099956288204, 0.0016000000400000006, 265.5005163099002
2025-03-31 13:38:09,682 - 2025-03-31T13:38:09.681961, 0.13154160249215918, 0.0, -1.7159551983419687, -175.67181630996114, -48.19368493027567, -16.791387695871176, 0.0016000000400000006, 265.6718163099612
2025-03-31 13:38:09,720 - 2025-03-31T13:38:09.720794, 0.13146936501921003, 0.0, -1.7106481481493003, -175.8286163100169, -48.20119011926106, -16.965203274178133, 0.0016000000400000006, 265.8286163100169
2025-03-31 13:38:09,760 - 2025-03-31T13:38:09.760528, 0.13130758071323356, 0.0, -1.7049918396500816, -175.88721631003776, -48.2119674652131, -17.1503756022404, 0.0016000000400000006, 265.88721631003773
2025-03-31 13:38:09,800 - 2025-03-31T13:38:09.800792, 0.13146475444962702, 0.0, -1.6986811109745172, -176.07451631010437, -48.21292776451075, -17.357298827498052, 0.0016000000400000006, 266.0745163101044
2025-03-31 13:38:09,842 - 2025-03-31T13:38:09.842687, 0.13081113954175505, 0.0, -1.6917765626509684, -176.28291631017848, -48.241028497611445, -17.58289354374925, 0.0016000000400000006, 266.28291631017856
2025-03-31 13:38:09,882 - 2025-03-31T13:38:09.882240, 0.13059632977346203, 0.0, -1.685131725800944, -176.45291631023892, -48.25450032399012, -17.800403667211757, 0.0016000000400000006, 266.45291631023895
2025-03-31 13:38:09,921 - 2025-03-31T13:38:09.921767, 0.1304937920363325, 0.0, -1.6792598022649585, -176.62541631030027, -48.26354521607642, -17.9926979857474, 0.0016000000400000006, 266.62541631030024
2025-03-31 13:38:09,960 - 2025-03-31T13:38:09.960947, 0.13058414413783348, 0.0, -1.6730234702903317, -176.67971631031958, -48.26662289501506, -18.19711890558884, 0.0016000000400000006, 266.6797163103196
2025-03-31 13:38:10,000 - 2025-03-31T13:38:10.000641, 0.13013234809415275, 0.0, -1.6672410935873732, -176.89791631039716, -48.287024536856705, -18.38614106715784, 0.0016000000400000006, 266.89791631039714
2025-03-31 13:38:10,041 - 2025-03-31T13:38:10.041017, 0.12969570218256266, 0.0, -1.6617411535560742, -176.970616310423, -48.30665632714787, -18.565923858612464, 0.0016000000400000006, 266.970616310423
2025-03-31 13:38:10,080 - 2025-03-31T13:38:10.080465, 0.1294078496728468, 0.0, -1.6563748567945584, -177.021216310441, -48.32128350660664, -18.74147189078517, 0.0016000000400000006, 267.021216310441
2025-03-31 13:38:10,121 - 2025-03-31T13:38:10.121423, 0.1296772954404024, 0.0, -1.6508370414330327, -177.29251631053745, -48.31781687161197, -18.923179311115977, 0.0016000000400000006, 267.29251631053745
2025-03-31 13:38:10,180 - 2025-03-31T13:38:10.180544, 0.12964022537865105, 0.0, -1.643545359472709, -177.4227163105837, -48.32609133639339, -19.1620554059986, 0.0016000000400000006, 267.4227163105837
2025-03-31 13:38:10,220 - 2025-03-31T13:38:10.220412, 0.12944191970196206, 0.0, -1.638528321017744, -177.55421631063044, -48.33744635888552, -19.32624668841599, 0.0016000000400000006, 267.5542163106304
2025-03-31 13:38:10,260 - 2025-03-31T13:38:10.260723, 0.12929528552807623, 0.0, -1.633154449190184, -177.75231631070085, -48.34745385328709, -19.502179646363896, 0.0016000000400000006, 267.75231631070085
2025-03-31 13:38:10,320 - 2025-03-31T13:38:10.320697, 0.1298671852463973, 0.0, -1.625334415257253, -177.87971631074612, -48.33628697552459, -19.75895680493522, 0.0016000000400000006, 267.8797163107461
2025-03-31 13:38:10,362 - 2025-03-31T13:38:10.362062, 0.12977979764135794, 0.0, -1.6197449283929255, -178.00111631078926, -48.344562016060436, -19.942011753356535, 0.0016000000400000006, 268.00111631078926
2025-03-31 13:38:10,404 - 2025-03-31T13:38:10.404795, 0.12941754843070497, 0.0, -1.6143118099965186, -178.10641631082666, -48.36169150093541, -20.119677165170184, 0.0016000000400000006, 268.10641631082666
2025-03-31 13:38:10,440 - 2025-03-31T13:38:10.440852, 0.12927091425681825, 0.0, -1.6089379381689577, -178.1313163108355, -48.371698995337006, -20.295610123118127, 0.0016000000400000006, 268.1313163108355
2025-03-31 13:38:10,481 - 2025-03-31T13:38:10.481174, 0.12933989511969823, 0.0, -1.6036233129102446, -178.30071631089572, -48.374584499265225, -20.469810627200296, 0.0016000000400000006, 268.3007163108957
2025-03-31 13:38:10,521 - 2025-03-31T13:38:10.521087, 0.12940130091653357, 0.0, -1.5981674693157015, -178.45701631095125, -48.37785492896867, -20.64863081633966, 0.0016000000400000006, 268.45701631095125
2025-03-31 13:38:10,560 - 2025-03-31T13:38:10.560781, 0.12953710341430513, 0.0, -1.5927784473560505, -178.53071631097743, -48.37862305325592, -20.825333625838052, 0.0016000000400000006, 268.5307163109774
2025-03-31 13:38:10,600 - 2025-03-31T13:38:10.600444, 0.12945729087531133, 0.0, -1.5873301788275533, -178.62111631100956, -48.38651316801653, -21.003768889202167, 0.0016000000400000006, 268.6211163110096
2025-03-31 13:38:10,641 - 2025-03-31T13:38:10.641853, 0.12937747833631663, 0.0, -1.581881910299055, -178.67371631102822, -48.39440328277716, -21.182204152566314, 0.0016000000400000006, 268.6737163110282
2025-03-31 13:38:10,681 - 2025-03-31T13:38:10.681424, 0.12931281592941257, 0.0, -1.576716078442216, -178.78251631106687, -48.40152354598732, -21.351400045816085, 0.0016000000400000006, 268.78251631106684
2025-03-31 13:38:10,721 - 2025-03-31T13:38:10.721503, 0.12853448677731638, 0.0, -1.5714469035797736, -178.89241631110593, -48.432127160258595, -21.523290995246875, 0.0016000000400000006, 268.89241631110593
2025-03-31 13:38:10,763 - 2025-03-31T13:38:10.763666, 0.12896030101279266, 0.0, -1.5661839498238619, -178.95751631112904, -48.42327098865625, -21.696143971238545, 0.0016000000400000006, 268.95751631112904
2025-03-31 13:38:10,800 - 2025-03-31T13:38:10.800315, 0.1293709651161783, 0.0, -1.560638559396291, -179.05381631116325, -48.41518466860438, -21.878236317344587, 0.0016000000400000006, 269.05381631116325
2025-03-31 13:38:10,840 - 2025-03-31T13:38:10.840504, 0.12943237091301274, 0.0, -1.555182715801748, -179.2270163112248, -48.41845509830784, -22.05705650648395, 0.0016000000400000006, 269.2270163112248
2025-03-31 13:38:10,881 - 2025-03-31T13:38:10.881109, 0.12929331180517156, 0.0, -1.549950062310017, -179.31611631125642, -48.42807766693419, -22.22836977937469, 0.0016000000400000006, 269.31611631125645
2025-03-31 13:38:10,920 - 2025-03-31T13:38:10.920359, 0.12907228093034773, 0.0, -1.5445093688475642, -179.37641631127786, -48.440587466752, -22.4064201169636, 0.0016000000400000006, 269.37641631127786
2025-03-31 13:38:10,960 - 2025-03-31T13:38:10.960397, 0.12969098500445497, 0.0, -1.5388820066530116, -179.4966163113206, -48.425764082001976, -22.591399694261046, 0.0016000000400000006, 269.4966163113206
2025-03-31 13:38:11,001 - 2025-03-31T13:38:11.000999, 0.12987088393898327, 0.0, -1.5329949329849355, -179.63161631136853, -48.425569603973955, -22.784463864347163, 0.0016000000400000006, 269.63161631136853
2025-03-31 13:38:11,041 - 2025-03-31T13:38:11.041332, 0.13004320780746736, 0.0, -1.5269666409810299, -179.82931631143876, -48.42576005172113, -22.982147719490463, 0.0016000000400000006, 269.8293163114388
2025-03-31 13:38:11,080 - 2025-03-31T13:38:11.080554, 0.13038705027596098, 0.0, -1.5214956472543966, -179.90571631146588, -48.41979111131023, -23.16173776018029, 0.0016000000400000006, 269.9057163114659
2025-03-31 13:38:11,100 - 2025-03-31T13:38:11.100452, 0.13023554895505818, 0.0, -1.5186712805378102, 179.97028368849004, -48.42748962681483, -23.254131461323794, 0.0016000000400000006, -89.97028368849004
2025-03-31 13:38:11,140 - 2025-03-31T13:38:11.140516, 0.1301481613500184, 0.0, -1.5130817936734826, 179.82738368843928, -48.435764667350696, -23.437186409745113, 0.0016000000400000006, -89.82738368843928
2025-03-31 13:38:11,180 - 2025-03-31T13:38:11.180451, 0.13028396384779084, 0.0, -1.507692771713832, 179.8259836884388, -48.43653279163793, -23.613889219243493, 0.0016000000400000006, -89.82598368843881
2025-03-31 13:38:11,220 - 2025-03-31T13:38:11.220690, 0.130560984681392, 0.0, -1.5022961746881358, 179.7012836883945, -48.432681230868006, -23.790976954517117, 0.0016000000400000006, -89.70128368839451
2025-03-31 13:38:11,260 - 2025-03-31T13:38:11.260436, 0.13084558058103868, 0.0, -1.4970407959982688, 179.56528368834614, -48.428444744322846, -23.963445004733572, 0.0016000000400000006, -89.56528368834614
2025-03-31 13:38:11,301 - 2025-03-31T13:38:11.301015, 0.13134579151745163, 0.0, -1.4918446638772496, 179.4403836883018, -48.41708626730431, -24.134180601084257, 0.0016000000400000006, -89.44038368830181
2025-03-31 13:38:11,340 - 2025-03-31T13:38:11.340500, 0.1315484156501161, 0.0, -1.4863812452166618, 179.26398368823916, -48.41573701195058, -24.31338571599884, 0.0016000000400000006, -89.26398368823916
2025-03-31 13:38:11,400 - 2025-03-31T13:38:11.400736, 0.1317786321279324, 0.0, -1.4787919764525879, 179.12408368818944, -48.415541958168134, -24.562271032546313, 0.0016000000400000006, -89.12408368818944
2025-03-31 13:38:11,440 - 2025-03-31T13:38:11.440485, 0.13172154478707343, 0.0, -1.4737673629315782, 178.97428368813624, -48.422277295603074, -24.72684724073892, 0.0016000000400000006, -88.97428368813624
2025-03-31 13:38:11,481 - 2025-03-31T13:38:11.481224, 0.1317161289490163, 0.0, -1.468385916037973, 178.93918368812376, -48.427665104947486, -24.903165124462053, 0.0016000000400000006, -88.93918368812376
2025-03-31 13:38:11,520 - 2025-03-31T13:38:11.520708, 0.1323499831552133, 0.0, -1.4630409905150779, 178.6926836880362, -48.41207186864701, -25.078905331645192, 0.0016000000400000006, -88.6926836880362
2025-03-31 13:38:11,561 - 2025-03-31T13:38:11.561255, 0.13246306045485, 0.0, -1.4572283135479394, 178.59208368800043, -48.413994770259954, -25.2694671963151, 0.0016000000400000006, -88.59208368800043
2025-03-31 13:38:11,602 - 2025-03-31T13:38:11.602330, 0.1327325062224065, 0.0, -1.451690498186414, 178.57768368799532, -48.410528135265245, -25.451174616645893, 0.0016000000400000006, -88.57768368799532
2025-03-31 13:38:11,642 - 2025-03-31T13:38:11.642726, 0.13293513035507099, 0.0, -1.4462270795258259, 178.40298368793324, -48.40917887991151, -25.630379731560485, 0.0016000000400000006, -88.40298368793324
2025-03-31 13:38:11,682 - 2025-03-31T13:38:11.682142, 0.1334126160933482, 0.0, -1.4406072923973179, 178.30638368789894, -48.39897518021868, -25.814974383082728, 0.0016000000400000006, -88.30638368789894
2025-03-31 13:38:11,720 - 2025-03-31T13:38:11.720846, 0.1342393601381775, 0.0, -1.4348979584357826, 178.0594836878112, -48.37741473077048, -26.00284119157162, 0.0016000000400000006, -88.0594836878112
2025-03-31 13:38:11,761 - 2025-03-31T13:38:11.761233, 0.13393635749637056, 0.0, -1.4292492250026085, 178.02578368779928, -48.39281176177974, -26.187628593858662, 0.0016000000400000006, -88.02578368779928
2025-03-31 13:38:11,800 - 2025-03-31T13:38:11.800888, 0.13441384323464867, 0.0, -1.4236294378741006, 177.87998368774743, -48.38260806208688, -26.372223245380905, 0.0016000000400000006, -87.87998368774743
2025-03-31 13:38:11,840 - 2025-03-31T13:38:11.840549, 0.13475011063709674, 0.0, -1.4180172258116381, 177.82228368772692, -48.377024047451215, -26.556432971127897, 0.0016000000400000006, -87.82228368772692
2025-03-31 13:38:11,880 - 2025-03-31T13:38:11.880419, 0.13517592487257346, 0.0, -1.412754272055727, 177.76018368770485, -48.368167875848854, -26.729285947119553, 0.0016000000400000006, -87.76018368770485
2025-03-31 13:38:11,921 - 2025-03-31T13:38:11.921814, 0.13572780731178824, 0.0, -1.407201306562111, 177.55088368763046, -48.355461870739816, -26.911763219000814, 0.0016000000400000006, -87.55088368763046
2025-03-31 13:38:11,961 - 2025-03-31T13:38:11.960997, 0.13593800651049737, 0.0, -1.4018791062373523, 177.5014836876129, -48.353727689610864, -27.086348648858227, 0.0016000000400000006, -87.5014836876129
2025-03-31 13:38:12,001 - 2025-03-31T13:38:12.001734, 0.13680262588555214, 0.0, -1.3968758639549637, 177.45878368759776, -48.33024261128652, -27.251117032061245, 0.0016000000400000006, -87.45878368759776
2025-03-31 13:38:12,040 - 2025-03-31T13:38:12.040846, 0.13687160674843213, 0.0, -1.3915612386962501, 177.35168368755967, -48.33312811521474, -27.425317536143428, 0.0016000000400000006, -87.35168368755967
2025-03-31 13:38:12,080 - 2025-03-31T13:38:12.080900, 0.13708938101318635, 0.0, -1.3863802567073207, 177.1897836875021, -48.33100900831056, -27.59528328094367, 0.0016000000400000006, -87.18978368750211
2025-03-31 13:38:12,121 - 2025-03-31T13:38:12.121135, 0.13749247005052734, 0.0, -1.3806936479439211, 177.1295836874807, -48.32330761403391, -27.78199531210686, 0.0016000000400000006, -87.1295836874807
2025-03-31 13:38:12,160 - 2025-03-31T13:38:12.160577, 0.1377619158180834, 0.0, -1.3751558325823958, 177.07758368746227, -48.31984097903921, -27.963702732437653, 0.0016000000400000006, -87.07758368746227
2025-03-31 13:38:12,200 - 2025-03-31T13:38:12.200808, 0.1385369883601104, 0.0, -1.3698033319934564, 177.05558368745443, -48.299628057681545, -28.139827865395993, 0.0016000000400000006, -87.05558368745443
2025-03-31 13:38:12,240 - 2025-03-31T13:38:12.240757, 0.13866521579183777, 0.0, -1.3642730916979762, 177.0200836874418, -48.300781107744, -28.321150359951556, 0.0016000000400000006, -87.0200836874418
2025-03-31 13:38:12,281 - 2025-03-31T13:38:12.281000, 0.13900905826033094, 0.0, -1.3588020979713429, 176.91098368740305, -48.29481216733311, -28.500740400641384, 0.0016000000400000006, -86.91098368740305
2025-03-31 13:38:12,322 - 2025-03-31T13:38:12.322654, 0.13951684426278943, 0.0, -1.3537471841861528, 176.89928368739885, -48.28306876453934, -28.666856311934904, 0.0016000000400000006, -86.89928368739885
2025-03-31 13:38:12,361 - 2025-03-31T13:38:12.361392, 0.1396374966284708, 0.0, -1.348075725554843, 176.84378368737913, -48.284606740377065, -28.852798491547645, 0.0016000000400000006, -86.84378368737913
2025-03-31 13:38:12,401 - 2025-03-31T13:38:12.401574, 0.13984012076113572, 0.0, -1.3426123068942553, 176.80578368736565, -48.283257485023306, -29.03200360646223, 0.0016000000400000006, -86.80578368736565
2025-03-31 13:38:12,440 - 2025-03-31T13:38:12.440653, 0.14010956652869222, 0.0, -1.33707449153273, 176.8372836873768, -48.279790850028604, -29.21371102679302, 0.0016000000400000006, -86.83728368737681
2025-03-31 13:38:12,480 - 2025-03-31T13:38:12.480772, 0.140661448967907, 0.0, -1.331521526039114, 176.8020836873643, -48.26708484491956, -29.396188298674293, 0.0016000000400000006, -86.8020836873643
2025-03-31 13:38:12,521 - 2025-03-31T13:38:12.521288, 0.14127257797596915, 0.0, -1.3257529455087318, 176.76598368735148, -48.252646385944765, -29.58578756102892, 0.0016000000400000006, -86.76598368735148
2025-03-31 13:38:12,561 - 2025-03-31T13:38:12.561217, 0.14183961054727412, 0.0, -1.320482416686775, 176.7699836873529, -48.23917052928525, -29.759025462795826, 0.0016000000400000006, -86.76998368735289
2025-03-31 13:38:12,601 - 2025-03-31T13:38:12.601049, 0.14190101634410945, 0.0, -1.315026573092232, 176.7696836873528, -48.24244095898869, -29.937845651935188, 0.0016000000400000006, -86.7696836873528
2025-03-31 13:38:12,640 - 2025-03-31T13:38:12.640781, 0.1419548470748988, 0.0, -1.3094295111618601, 176.63748368730577, -48.24609631446739, -30.12128552613171, 0.0016000000400000006, -86.63748368730579
2025-03-31 13:38:12,681 - 2025-03-31T13:38:12.681019, 0.14279674125181785, 0.0, -1.3040026138719827, 176.69538368732634, -48.22376601346874, -30.29991296450628, 0.0016000000400000006, -86.69538368732634
2025-03-31 13:38:12,740 - 2025-03-31T13:38:12.740571, 0.14316817606546328, 0.0, -1.2964057700418645, 176.71388368733295, -48.218951274629134, -30.54918320682896, 0.0016000000400000006, -86.71388368733295
2025-03-31 13:38:12,780 - 2025-03-31T13:38:12.780674, 0.14358641523489446, 0.0, -1.2910015979501233, 176.71158368733214, -48.21048002880202, -30.726655867877806, 0.0016000000400000006, -86.71158368733214
2025-03-31 13:38:12,820 - 2025-03-31T13:38:12.820602, 0.14414587274015433, 0.0, -1.285589850792337, 176.71258368733248, -48.197389097917736, -30.904513454701892, 0.0016000000400000006, -86.71258368733248
2025-03-31 13:38:12,861 - 2025-03-31T13:38:12.861536, 0.1445641119095855, 0.0, -1.280185678700596, 176.68938368732424, -48.188917852090626, -31.081986115750734, 0.0016000000400000006, -86.68938368732425
2025-03-31 13:38:12,908 - 2025-03-31T13:38:12.906703, 0.14469991440735708, 0.0, -1.2747966567409446, 176.711283687332, -48.18968597637789, -31.25868892524914, 0.0016000000400000006, -86.71128368733201
2025-03-31 13:38:12,949 - 2025-03-31T13:38:12.949899, 0.14504375687585114, 0.0, -1.2693256630143117, 176.638183687306, -48.183717035966964, -31.438278965938952, 0.0016000000400000006, -86.638183687306
2025-03-31 13:38:12,984 - 2025-03-31T13:38:12.984334, 0.14498666953499262, 0.0, -1.264301049493302, 176.5590836872779, -48.19045237340188, -31.602855174131548, 0.0016000000400000006, -86.5590836872779
2025-03-31 13:38:13,023 - 2025-03-31T13:38:13.023249, 0.1451817186016111, 0.0, -1.2586964124968847, 176.60838368729546, -48.1894880438234, -31.78667997410331, 0.0016000000400000006, -86.60838368729546
2025-03-31 13:38:13,060 - 2025-03-31T13:38:13.060742, 0.14618755631249458, 0.0, -1.253685595148451, 176.57608368728393, -48.16138328044191, -31.951833283081566, 0.0016000000400000006, -86.57608368728393
2025-03-31 13:38:13,100 - 2025-03-31T13:38:13.100737, 0.14617456540839235, 0.0, -1.2481629299190158, 176.52778368726678, -48.16715601556156, -32.1327708518619, 0.0016000000400000006, -86.52778368726678
2025-03-31 13:38:13,141 - 2025-03-31T13:38:13.141285, 0.1465259829429315, 0.0, -1.2428331545282116, 176.52198368726474, -48.160802149375414, -32.30774120749456, 0.0016000000400000006, -86.52198368726474
2025-03-31 13:38:13,181 - 2025-03-31T13:38:13.181417, 0.1469290719802716, 0.0, -1.237146545764812, 176.5305836872678, -48.15310075509878, -32.49445323865774, 0.0016000000400000006, -86.53058368726781
2025-03-31 13:38:13,220 - 2025-03-31T13:38:13.220911, 0.14735488621574744, 0.0, -1.2318835920089, 176.60158368729302, -48.144244583496445, -32.66730621464943, 0.0016000000400000006, -86.60158368729302
2025-03-31 13:38:13,261 - 2025-03-31T13:38:13.261525, 0.14798116535590022, 0.0, -1.226397448150177, 176.4206836872287, -48.12903627297117, -32.84766610688969, 0.0016000000400000006, -86.42068368722869
2025-03-31 13:38:13,303 - 2025-03-31T13:38:13.303354, 0.14796059938575246, 0.0, -1.2207335645849122, 176.4530836872402, -48.13519393386606, -33.03322336072721, 0.0016000000400000006, -86.4530836872402
2025-03-31 13:38:13,343 - 2025-03-31T13:38:13.343122, 0.14831201692029117, 0.0, -1.2154037891941085, 176.46938368724597, -48.12884006767993, -33.20819371635986, 0.0016000000400000006, -86.46938368724597
2025-03-31 13:38:13,380 - 2025-03-31T13:38:13.380433, 0.1490202678274266, 0.0, -1.2101256853061066, 176.5697836872817, -48.11074452596321, -33.381816543901984, 0.0016000000400000006, -86.5697836872817
2025-03-31 13:38:13,441 - 2025-03-31T13:38:13.441161, 0.14954049604294584, 0.0, -1.2026624847457716, 176.63518368730496, -48.10092517629122, -33.62685202694275, 0.0016000000400000006, -86.63518368730496
2025-03-31 13:38:13,480 - 2025-03-31T13:38:13.480720, 0.14969144867280848, 0.0, -1.1975558994577797, 176.75898368734897, -48.100923449027995, -33.79431546632678, 0.0016000000400000006, -86.75898368734897
2025-03-31 13:38:13,520 - 2025-03-31T13:38:13.520659, 0.14961163613381379, 0.0, -1.1921076309292822, 176.87398368738985, -48.10881356378863, -33.9727507296909, 0.0016000000400000006, -86.87398368738985
2025-03-31 13:38:13,560 - 2025-03-31T13:38:13.560892, 0.14945742689388242, 0.0, -1.1865925407658922, 176.8757836873905, -48.11920598396545, -34.15330337269601, 0.0016000000400000006, -86.87578368739051
2025-03-31 13:38:13,601 - 2025-03-31T13:38:13.601683, 0.1504329643405855, 0.0, -1.181016850074141, 176.98078368742782, -48.09264092368486, -34.336935421902965, 0.0016000000400000006, -86.98078368742782
2025-03-31 13:38:13,640 - 2025-03-31T13:38:13.640828, 0.15065073860534017, 0.0, -1.175835868085212, 177.03728368744788, -48.09052181678067, -34.50690116670319, 0.0016000000400000006, -87.03728368744788
2025-03-31 13:38:13,680 - 2025-03-31T13:38:13.680661, 0.15070456933612997, 0.0, -1.1702388061548392, 177.11548368747572, -48.09417717225935, -34.69034104089974, 0.0016000000400000006, -87.11548368747572
2025-03-31 13:38:13,720 - 2025-03-31T13:38:13.720883, 0.1510408367385785, 0.0, -1.1646265940923772, 177.25898368752672, -48.08859315762367, -34.87455076664672, 0.0016000000400000006, -87.25898368752672
2025-03-31 13:38:13,760 - 2025-03-31T13:38:13.760436, 0.15154104767499188, 0.0, -1.1594304619713576, 177.29758368754045, -48.07723468060513, -35.045286362997416, 0.0016000000400000006, -87.29758368754045
2025-03-31 13:38:13,801 - 2025-03-31T13:38:13.801395, 0.1518104934425475, 0.0, -1.1538926466098318, 177.41818368758328, -48.07376804561045, -35.22699378332822, 0.0016000000400000006, -87.41818368758328
2025-03-31 13:38:13,840 - 2025-03-31T13:38:13.840792, 0.15222873261197867, 0.0, -1.148488474518091, 177.47888368760488, -48.065296799783326, -35.404466444377064, 0.0016000000400000006, -87.47888368760488
2025-03-31 13:38:13,883 - 2025-03-31T13:38:13.882967, 0.15248302824744497, 0.0, -1.1426682224849065, 177.52388368762087, -48.06260001633909, -35.595413234822225, 0.0016000000400000006, -87.52388368762087
2025-03-31 13:38:13,920 - 2025-03-31T13:38:13.920491, 0.15204638233585444, 0.0, -1.1371682824536071, 177.60548368764987, -48.08223180663026, -35.77519602627685, 0.0016000000400000006, -87.60548368764987
2025-03-31 13:38:13,961 - 2025-03-31T13:38:13.961135, 0.15210021306664423, 0.0, -1.1315712205232349, 177.68178368767698, -48.085887162108946, -35.95863590047339, 0.0016000000400000006, -87.68178368767698
2025-03-31 13:38:14,001 - 2025-03-31T13:38:14.001784, 0.15250330210398477, 0.0, -1.1258846117598353, 177.74728368770027, -48.078185767832295, -36.145347931636586, 0.0016000000400000006, -87.74728368770027
2025-03-31 13:38:14,040 - 2025-03-31T13:38:14.040379, 0.15256470790081922, 0.0, -1.1204287681652922, 177.7909836877158, -48.08145619753576, -36.32416812077595, 0.0016000000400000006, -87.7909836877158
2025-03-31 13:38:14,080 - 2025-03-31T13:38:14.080535, 0.15278248216557389, 0.0, -1.1152477861763623, 177.84408368773467, -48.07933709063157, -36.49413386557621, 0.0016000000400000006, -87.84408368773467
2025-03-31 13:38:14,120 - 2025-03-31T13:38:14.120806, 0.15277706632751675, 0.0, -1.1098663392827568, 177.9966836877889, -48.08472489997599, -36.67045174929936, 0.0016000000400000006, -87.9966836877889
2025-03-31 13:38:14,161 - 2025-03-31T13:38:14.161157, 0.1529128688252892, 0.0, -1.1044773173231062, 178.06028368781148, -48.08549302426322, -36.84715455879774, 0.0016000000400000006, -88.06028368781148
2025-03-31 13:38:14,201 - 2025-03-31T13:38:14.201359, 0.1529956458607451, 0.0, -1.0980997670126498, 178.06268368781232, -48.08895562897709, -37.056195163696366, 0.0016000000400000006, -88.06268368781232
2025-03-31 13:38:14,241 - 2025-03-31T13:38:14.241649, 0.15264854678218187, 0.0, -1.0929490852879011, 178.14498368784157, -48.105315262301616, -37.22462120539568, 0.0016000000400000006, -88.14498368784157
2025-03-31 13:38:14,280 - 2025-03-31T13:38:14.280937, 0.15315633278464036, 0.0, -1.0878941715027106, 178.2603836878826, -48.09357185950784, -37.3907371166892, 0.0016000000400000006, -88.26038368788261
2025-03-31 13:38:14,320 - 2025-03-31T13:38:14.320654, 0.15378261192479314, 0.0, -1.0824080276439871, 178.3710836879219, -48.078363548982566, -37.57109700892949, 0.0016000000400000006, -88.3710836879219
2025-03-31 13:38:14,381 - 2025-03-31T13:38:14.381369, 0.15391706046305087, 0.0, -1.0756736439609345, 178.447283687949, -48.08047862560592, -37.79187928935868, 0.0016000000400000006, -88.44728368794902
2025-03-31 13:38:14,441 - 2025-03-31T13:38:14.441107, 0.15375527615707396, 0.0, -1.0700173354617157, 178.51728368797387, -48.091255971557985, -37.97705161742094, 0.0016000000400000006, -88.51728368797387
2025-03-31 13:38:14,540 - 2025-03-31T13:38:14.540480, 0.1536830386841248, 0.0, -1.0647102852690473, 178.64628368801968, -48.098761160543376, -38.15086719572789, 0.0016000000400000006, -88.64628368801968
2025-03-31 13:38:43,964 - 2025-03-31T13:38:43.964228, 0.1544711021302536, 0.0, -1.064880449909543, 179.26088368823807, -48.072775504066065, -38.1460547599059, 0.0016000000400000006, -89.26088368823807
2025-03-31 13:38:44,021 - 2025-03-31T13:38:44.020987, 0.15371117972031767, 0.0, -1.0705153871701412, 179.34118368826657, -48.092218573873254, -37.9606902568332, 0.0016000000400000006, -89.34118368826657
2025-03-31 13:38:44,060 - 2025-03-31T13:38:44.060377, 0.15211558423999305, 0.0, -1.0803730783330439, 179.3499836882697, -48.134953971239966, -37.63615810125958, 0.0016000000400000006, -89.3499836882697
2025-03-31 13:38:44,081 - 2025-03-31T13:38:44.081567, 0.14992968229918668, 0.0, -1.0871466913058363, 179.3739836882782, -48.200016790833295, -37.412104239618145, 0.0016000000400000006, -89.3739836882782
2025-03-31 13:38:44,100 - 2025-03-31T13:38:44.100319, 0.14910429221387256, 0.0, -1.0942013869907723, 179.52118368833052, -48.220230287945355, -37.18015796019848, 0.0016000000400000006, -89.52118368833052
2025-03-31 13:38:44,120 - 2025-03-31T13:38:44.120435, 0.14763341097777305, 0.0, -1.10242370469257, 179.6706836883836, -48.260462804141454, -36.90932957144522, 0.0016000000400000006, -89.6706836883836
2025-03-31 13:38:44,141 - 2025-03-31T13:38:44.141746, 0.14651314200773768, 0.0, -1.1119018372847411, 179.761783688416, -48.287991618246146, -36.59769386872785, 0.0016000000400000006, -89.76178368841599
2025-03-31 13:38:44,160 - 2025-03-31T13:38:44.160380, 0.14515588676231594, 0.0, -1.122242430023979, 179.72918368840442, -48.32245024781376, -36.25757020411695, 0.0016000000400000006, -89.72918368840442
2025-03-31 13:38:44,180 - 2025-03-31T13:38:44.180348, 0.14385923204525408, 0.0, -1.1337127694498506, 179.55438368834228, -48.35382947117958, -35.88048905904868, 0.0016000000400000006, -89.55438368834228
2025-03-31 13:38:44,200 - 2025-03-31T13:38:44.200646, 0.14291318959425814, 0.0, -1.1464389237660972, 179.24408368823208, -48.37250499245393, -35.462600600016245, 0.0016000000400000006, -89.24408368823208
2025-03-31 13:38:44,220 - 2025-03-31T13:38:44.220548, 0.14187895426974872, 0.0, -1.1601611814991948, 178.89298368810736, -48.39310571835886, -35.01198941980834, 0.0016000000400000006, -88.89298368810736
2025-03-31 13:38:44,240 - 2025-03-31T13:38:44.240474, 0.1404148428312202, 0.0, -1.1751103078179983, 178.55068368798572, -48.42660347287445, -34.52076367640117, 0.0016000000400000006, -88.55068368798572
2025-03-31 13:38:44,260 - 2025-03-31T13:38:44.260595, 0.1391449751908378, 0.0, -1.1910403874215638, 178.17458368785208, -48.45278706190621, -33.997585063368945, 0.0016000000400000006, -88.17458368785208
2025-03-31 13:38:44,280 - 2025-03-31T13:38:44.280407, 0.13800252971370774, 0.0, -1.2080258170108258, 177.76218368770552, -48.4737738650952, -33.439951275295556, 0.0016000000400000006, -87.76218368770552
2025-03-31 13:38:44,301 - 2025-03-31T13:38:44.301868, 0.13684628806400267, 0.0, -1.226074171651831, 177.3348836875537, -48.4941835674985, -32.84747738640571, 0.0016000000400000006, -87.33488368755371
2025-03-31 13:38:44,320 - 2025-03-31T13:38:44.320390, 0.13572792174452264, 0.0, -1.244828617971982, 176.9629836874215, -48.51266864102568, -32.23190507223001, 0.0016000000400000006, -86.96298368742151
2025-03-31 13:38:44,341 - 2025-03-31T13:38:44.341124, 0.13452893761757467, 0.0, -1.264720386044814, 176.63688368730558, -48.532693993408174, -31.578990351821652, 0.0016000000400000006, -86.63688368730558
2025-03-31 13:38:44,361 - 2025-03-31T13:38:44.361437, 0.13313706365199618, 0.0, -1.2849765625562872, 176.3959836872199, -48.55868655893834, -30.913949030107485, 0.0016000000400000006, -86.39598368721991
2025-03-31 13:38:44,381 - 2025-03-31T13:38:44.381034, 0.13181958638735436, 0.0, -1.305299560702652, 176.23538368716282, -48.58217681905232, -30.246790328752372, 0.0016000000400000006, -86.23538368716282
2025-03-31 13:38:44,400 - 2025-03-31T13:38:44.400367, 0.13102288602927326, 0.0, -1.326090310293262, 176.14058368712907, -48.588150941252884, -29.56480996991044, 0.0016000000400000006, -86.14058368712907
2025-03-31 13:38:44,420 - 2025-03-31T13:38:44.420905, 0.13042042946933785, 0.0, -1.3478620131686316, 176.1003836871148, -48.58681089796964, -28.850876741443514, 0.0016000000400000006, -86.1003836871148
2025-03-31 13:38:44,440 - 2025-03-31T13:38:44.440563, 0.12940946803400388, 0.0, -1.3699388779137953, 176.16208368713674, -48.5985600583075, -28.12654936553655, 0.0016000000400000006, -86.16208368713674
2025-03-31 13:38:44,460 - 2025-03-31T13:38:44.460208, 0.12798242665722848, 0.0, -1.3921796861929243, 176.30098368718615, -48.6237833480416, -27.396447527246707, 0.0016000000400000006, -86.30098368718615
2025-03-31 13:38:44,480 - 2025-03-31T13:38:44.480775, 0.12628052367483855, 0.0, -1.4145768629399735, 176.44008368723559, -48.657861082114856, -26.660956152349204, 0.0016000000400000006, -86.44008368723559
2025-03-31 13:38:44,500 - 2025-03-31T13:38:44.500339, 0.12437058072172702, 0.0, -1.437056011454004, 176.49628368725558, -48.69867588088626, -25.9225775462603, 0.0016000000400000006, -86.49628368725558
2025-03-31 13:38:44,520 - 2025-03-31T13:38:44.520430, 0.12268382787142817, 0.0, -1.4597356248727111, 176.44508368723737, -48.73198376340903, -25.17784680124847, 0.0016000000400000006, -86.44508368723737
2025-03-31 13:38:44,541 - 2025-03-31T13:38:44.540994, 0.12093025338623598, 0.0, -1.4824896349923558, 176.266883687174, -48.76740902557281, -24.43061375082043, 0.0016000000400000006, -86.26688368717399
2025-03-31 13:38:44,560 - 2025-03-31T13:38:44.560699, 0.11896106386427796, 0.0, -1.505184398543153, 176.0443836870949, -48.80995627820995, -23.685113154258147, 0.0016000000400000006, -86.04438368709489
2025-03-31 13:38:44,580 - 2025-03-31T13:38:44.580449, 0.11670186260461612, 0.0, -1.5277530938902117, 175.90368368704483, -48.86212782673667, -22.943462391202555, 0.0016000000400000006, -85.90368368704483
2025-03-31 13:38:44,601 - 2025-03-31T13:38:44.601328, 0.11429386794307961, 0.0, -1.550188145967486, 175.81068368701176, -48.9193039860958, -22.206046387428927, 0.0016000000400000006, -85.81068368701176
2025-03-31 13:38:44,620 - 2025-03-31T13:38:44.620308, 0.11225650282671529, 0.0, -1.5716119444958196, 175.55318368692016, -48.96531557071001, -21.502122956381207, 0.0016000000400000006, -85.55318368692016
2025-03-31 13:38:44,642 - 2025-03-31T13:38:44.642645, 0.11046640697081234, 0.0, -1.5950052246597188, 175.1056836867609, -49.00131850941382, -20.73390886030826, 0.0016000000400000006, -85.1056836867609
2025-03-31 13:38:44,660 - 2025-03-31T13:38:44.660527, 0.10908075411176421, 0.0, -1.6140572577836196, 174.68778368661216, -49.02827310150487, -20.10832732446773, 0.0016000000400000006, -84.68778368661216
2025-03-31 13:38:44,680 - 2025-03-31T13:38:44.680285, 0.10722870376798577, 0.0, -1.6349754295374828, 174.28688368646942, -49.06870239874663, -19.421150179782977, 0.0016000000400000006, -84.28688368646942
2025-03-31 13:38:44,702 - 2025-03-31T13:38:44.702266, 0.10533255698745103, 0.0, -1.6563916529997709, 173.95808368635232, -49.11009429830366, -18.7176116745105, 0.0016000000400000006, -83.95808368635232
2025-03-31 13:38:44,720 - 2025-03-31T13:38:44.720664, 0.10391795782373636, 0.0, -1.6762241745037554, 173.73958368627447, -49.13724164115955, -18.066429407967895, 0.0016000000400000006, -83.73958368627449
2025-03-31 13:38:44,740 - 2025-03-31T13:38:44.740635, 0.10266730219398612, 0.0, -1.696472775949183, 173.61858368623135, -49.158614521632565, -17.401773012028972, 0.0016000000400000006, -83.61858368623135
2025-03-31 13:38:44,761 - 2025-03-31T13:38:44.761468, 0.10177347993683306, 0.0, -1.7167730488974127, 173.60448368622633, -49.168245726575, -16.735769087999543, 0.0016000000400000006, -83.60448368622633
2025-03-31 13:38:44,780 - 2025-03-31T13:38:44.780474, 0.10168909236442936, 0.0, -1.7363217797702246, 173.6913836862573, -49.15208345005056, -16.095173143907378, 0.0016000000400000006, -83.6913836862573
2025-03-31 13:38:44,800 - 2025-03-31T13:38:44.800383, 0.10153788315713363, 0.0, -1.7559449073439737, 173.7988836862956, -49.13803855316709, -15.452074894399013, 0.0016000000400000006, -83.7988836862956
2025-03-31 13:38:44,820 - 2025-03-31T13:38:44.820904, 0.10171320705825382, 0.0, -1.7750548330772067, 173.8768836863234, -49.11379168385397, -14.826107857028859, 0.0016000000400000006, -83.8768836863234
2025-03-31 13:38:44,840 - 2025-03-31T13:38:44.840586, 0.1014862471905067, 0.0, -1.7932657772926621, 173.94208368634662, -49.103596044722806, -14.229206458092259, 0.0016000000400000006, -83.94208368634662
2025-03-31 13:38:44,860 - 2025-03-31T13:38:44.860431, 0.10116216542368717, 0.0, -1.8109862448657377, 174.03378368637928, -49.097057488333526, -13.648281493968149, 0.0016000000400000006, -84.03378368637928
2025-03-31 13:38:44,880 - 2025-03-31T13:38:44.880549, 0.10087460502757839, 0.0, -1.8280674423945582, 174.13378368641492, -49.08994125540421, -13.08833757548896, 0.0016000000400000006, -84.13378368641492
2025-03-31 13:38:44,901 - 2025-03-31T13:38:44.901483, 0.10100312457291327, 0.0, -1.8449846963894139, 174.21538368644397, -49.069350893078585, -12.534168119392646, 0.0016000000400000006, -84.21538368644397
2025-03-31 13:38:44,920 - 2025-03-31T13:38:44.920542, 0.1019638040011337, 0.0, -1.8615740633163402, 174.2533836864575, -49.02181227196037, -11.991547588062053, 0.0016000000400000006, -84.25338368645751
2025-03-31 13:38:44,941 - 2025-03-31T13:38:44.941042, 0.10321449516705838, 0.0, -1.8782894984470055, 174.25908368645952, -48.964649354952556, -11.445077223224752, 0.0016000000400000006, -84.25908368645952
2025-03-31 13:38:44,960 - 2025-03-31T13:38:44.960336, 0.10454580414045056, 0.0, -1.8938676118249913, 174.2390836864524, -48.90594615908944, -10.935949264620076, 0.0016000000400000006, -84.2390836864524
2025-03-31 13:38:44,981 - 2025-03-31T13:38:44.981379, 0.10610030321665453, 0.0, -1.9096461901076522, 174.19348368643614, -48.839736046977706, -10.420469167092522, 0.0016000000400000006, -84.19348368643614
2025-03-31 13:38:45,000 - 2025-03-31T13:38:45.000367, 0.10786148830406583, 0.0, -1.9239974348999302, 174.10278368640388, -48.76813582250393, -9.951955771687159, 0.0016000000400000006, -84.10278368640388
2025-03-31 13:38:45,020 - 2025-03-31T13:38:45.020324, 0.11004632839896544, 0.0, -1.9383259544940727, 174.00668368636966, -48.68267654285861, -9.484597153607496, 0.0016000000400000006, -84.00668368636966
2025-03-31 13:38:45,041 - 2025-03-31T13:38:45.041845, 0.1124619336627215, 0.0, -1.9529961573287202, 173.937483686345, -48.58932542118946, -9.006266711547752, 0.0016000000400000006, -83.93748368634499
2025-03-31 13:38:45,060 - 2025-03-31T13:38:45.060675, 0.11441465462924949, 0.0, -1.9656376319589555, 173.89088368632835, -48.5131049359041, -8.59395938837897, 0.0016000000400000006, -83.89088368632835
2025-03-31 13:38:45,080 - 2025-03-31T13:38:45.080912, 0.11630055396088546, 0.0, -1.978353503290128, 173.83718368630926, -48.43900183025971, -8.179149759793994, 0.0016000000400000006, -83.83718368630926
2025-03-31 13:38:45,101 - 2025-03-31T13:38:45.101216, 0.11831252149626081, 0.0, -1.9907793628835968, 173.8025836862969, -48.361048891108595, -7.7739644270985915, 0.0016000000400000006, -83.80258368629691
2025-03-31 13:38:45,120 - 2025-03-31T13:38:45.120348, 0.12030176383350044, 0.0, -2.0027815674695777, 173.80068368629622, -48.28425072928318, -7.3826381495747055, 0.0016000000400000006, -83.80068368629622
2025-03-31 13:38:45,140 - 2025-03-31T13:38:45.140352, 0.12227585603864943, 0.0, -2.0145013353838994, 173.8712836863214, -48.208222419008244, -7.000551242165192, 0.0016000000400000006, -83.87128368632139
2025-03-31 13:38:45,162 - 2025-03-31T13:38:45.162922, 0.12423479811170868, 0.0, -2.0259386666265624, 174.0475836863842, -48.132963960283746, -6.627703704870037, 0.0016000000400000006, -84.0475836863842
2025-03-31 13:38:45,180 - 2025-03-31T13:38:45.180492, 0.1259478248838204, 0.0, -2.0367518779570615, 174.25248368645717, -48.06636719513356, -6.275067361669307, 0.0016000000400000006, -84.25248368645717
2025-03-31 13:38:45,200 - 2025-03-31T13:38:45.200338, 0.1275410045587244, 0.0, -2.046650957637692, 174.4479836865268, -48.00458229005095, -5.9522665084526185, 0.0016000000400000006, -84.44798368652681
2025-03-31 13:38:45,220 - 2025-03-31T13:38:45.220754, 0.12939389570715099, 0.0, -2.0561112321787443, 174.68318368661056, -47.934712792179695, -5.644094561957917, 0.0016000000400000006, -84.68318368661056
2025-03-31 13:38:45,240 - 2025-03-31T13:38:45.240296, 0.13129088329233474, 0.0, -2.065073455011371, 174.97078368671293, -47.86388069199315, -5.352283976050954, 0.0016000000400000006, -84.97078368671293
2025-03-31 13:38:45,260 - 2025-03-31T13:38:45.260228, 0.13290543420585932, 0.0, -2.0740508279760883, 175.24378368681005, -47.80228796192097, -5.059703538593533, 0.0016000000400000006, -85.24378368681005
2025-03-31 13:38:45,280 - 2025-03-31T13:38:45.280884, 0.13386556494303914, 0.0, -2.0827092428984355, 175.48698368689662, -47.76244612904415, -4.7769401477905085, 0.0016000000400000006, -85.48698368689662
2025-03-31 13:38:45,300 - 2025-03-31T13:38:45.300711, 0.1345129587443794, 0.0, -2.0908179346095555, 175.72568368698154, -47.73338336938262, -4.511885645665716, 0.0016000000400000006, -85.72568368698154
2025-03-31 13:38:45,320 - 2025-03-31T13:38:45.320551, 0.13506323064664727, 0.0, -2.0984361496782955, 175.93498368705596, -47.707977692462975, -4.262807578353433, 0.0016000000400000006, -85.93498368705596
2025-03-31 13:38:45,340 - 2025-03-31T13:38:45.340922, 0.13539788751214799, 0.0, -2.105995118178188, 176.01788368708546, -47.68969400601672, -4.0154619649069, 0.0016000000400000006, -86.01788368708546
2025-03-31 13:38:45,360 - 2025-03-31T13:38:45.360473, 0.13554587564554943, 0.0, -2.1127143517291507, 176.0044836870807, -47.67833955927901, -3.7954495360281597, 0.0016000000400000006, -86.0044836870807
2025-03-31 13:38:45,380 - 2025-03-31T13:38:45.380439, 0.13524748357332683, 0.0, -2.1190326554707593, 175.89768368704267, -47.68199894503852, -3.5881413849953065, 0.0016000000400000006, -85.89768368704267
2025-03-31 13:38:45,401 - 2025-03-31T13:38:45.401151, 0.134725901398292, 0.0, -2.125150494307692, 175.7528836869912, -47.693165247046664, -3.387185372885347, 0.0016000000400000006, -85.7528836869912
2025-03-31 13:38:45,420 - 2025-03-31T13:38:45.420296, 0.133498227544111, 0.0, -2.1313062084748515, 175.54728368691804, -47.727429974340666, -3.184304731899218, 0.0016000000400000006, -85.54728368691804
2025-03-31 13:38:45,440 - 2025-03-31T13:38:45.440358, 0.13226297862388448, 0.0, -2.137320704306181, 175.29018368682657, -47.76207962740991, -2.98604377597029, 0.0016000000400000006, -85.29018368682657
2025-03-31 13:38:45,460 - 2025-03-31T13:38:45.460382, 0.130403609791494, 0.0, -2.1435811154384576, 175.0165836867292, -47.8169404745736, -2.77912112646704, 0.0016000000400000006, -85.0165836867292
2025-03-31 13:38:45,480 - 2025-03-31T13:38:45.480483, 0.12817983252046217, 0.0, -2.1496486367321035, 174.80038368665228, -47.88392792304307, -2.5781656901114705, 0.0016000000400000006, -84.80038368665228
2025-03-31 13:38:45,500 - 2025-03-31T13:38:45.500365, 0.12600015168618706, 0.0, -2.155218106317323, 174.7639836866393, -47.94995276919726, -2.393571614343667, 0.0016000000400000006, -84.7639836866393
2025-03-31 13:38:45,540 - 2025-03-31T13:38:45.540742, 0.12311844105130776, 0.0, -2.1648615364029737, 175.24238368680957, -48.035035183629034, -2.074814496907309, 0.0016000000400000006, -85.24238368680957
2025-03-31 13:38:45,560 - 2025-03-31T13:38:45.560342, 0.12214154964509083, 0.0, -2.1690918653713234, 175.73388368698443, -48.0629471962457, -1.935261918631154, 0.0016000000400000006, -85.73388368698443
2025-03-31 13:38:45,580 - 2025-03-31T13:38:45.580929, 0.12123147987376504, 0.0, -2.173247797638736, 176.27158368717565, -48.08874182922143, -1.7982116457711912, 0.0016000000400000006, -86.27158368717565
2025-03-31 13:38:45,600 - 2025-03-31T13:38:45.600411, 0.12023943833545747, 0.0, -2.177195689935427, 176.896883687398, -48.117423693388574, -1.6678984376093944, 0.0016000000400000006, -86.896883687398
2025-03-31 13:38:45,620 - 2025-03-31T13:38:45.620567, 0.11938104006693395, 0.0, -2.180994788830243, 177.53248368762394, -48.14187079827378, -1.542589840279998, 0.0016000000400000006, -87.53248368762394
2025-03-31 13:38:45,641 - 2025-03-31T13:38:45.641548, 0.11867143520028511, 0.0, -2.184927530994844, 178.07228368781574, -48.16131329232657, -1.4130464836686438, 0.0016000000400000006, -88.07228368781574
2025-03-31 13:38:45,680 - 2025-03-31T13:38:45.680288, 0.11858108309878324, 0.0, -2.191163862969471, 179.00958368814875, -48.15823561338796, -1.2086255638271972, 0.0016000000400000006, -89.00958368814875
2025-03-31 13:38:45,720 - 2025-03-31T13:38:45.720404, 0.11875044247080568, 0.0, -2.1969613898045193, 179.93488368847747, -48.14707334166066, -1.0188335507077535, 0.0016000000400000006, -89.93488368847747
2025-03-31 13:38:45,740 - 2025-03-31T13:38:45.740401, 0.11940757056617946, 0.0, -2.1999710712936924, -179.67821631138506, -48.12262853979307, -0.9208575621917727, 0.0016000000400000006, 269.6782163113851
2025-03-31 13:38:45,780 - 2025-03-31T13:38:45.780449, 0.12075077306159265, 0.0, -2.205209945891955, -179.12321631118792, -48.073546185293104, -0.7505063158618791, 0.0016000000400000006, 269.1232163111879
2025-03-31 13:38:45,821 - 2025-03-31T13:38:45.821111, 0.12273189164174658, 0.0, -2.2091399801375267, -178.546416310983, -48.004829737484314, -0.6236568639227482, 0.0016000000400000006, 268.546416310983
2025-03-31 13:38:45,860 - 2025-03-31T13:38:45.860400, 0.1247784778972787, 0.0, -2.21165025595876, -177.96591631077675, -47.93534286237065, -0.5433891883306107, 0.0016000000400000006, 267.9659163107767
2025-03-31 13:38:45,920 - 2025-03-31T13:38:45.920458, 0.1279410146668689, 0.0, -2.2151628563033747, -177.46481631059862, -47.828321406013956, -0.43136081812388666, 0.0016000000400000006, 267.4648163105986
2025-03-31 13:38:46,021 - 2025-03-31T13:38:46.021137, 0.13164083243462432, 0.0, -2.2207710064872943, -177.97911631078142, -47.70166700785727, -0.25119194938520795, 0.0016000000400000006, 267.9791163107815
2025-03-31 13:38:46,101 - 2025-03-31T13:38:46.101119, 0.13114413468571362, 0.0, -2.222072271773939, -178.56181631098846, -47.71668141610889, -0.2080750807697025, 0.0016000000400000006, 268.56181631098843
2025-03-31 13:38:46,140 - 2025-03-31T13:38:46.140490, 0.1308251766433437, 0.0, -2.2227266919502844, -179.1152163111851, -47.72649846276329, -0.18632418357432148, 0.0016000000400000006, 269.1152163111851
2025-03-31 13:38:46,180 - 2025-03-31T13:38:46.180661, 0.1303498501330531, 0.0, -2.2231062505210155, -179.69121631138967, -47.741705046025345, -0.17342773071808393, 0.0016000000400000006, 269.69121631138967
2025-03-31 13:38:46,221 - 2025-03-31T13:38:46.221071, 0.12965133351995162, 0.0, -2.2232853441870706, 179.86118368845132, -47.76441854553599, -0.16688341678475585, 0.0016000000400000006, -89.86118368845132
2025-03-31 13:38:46,420 - 2025-03-31T13:38:46.420513, 0.1306853122670284, 0.0, -2.224079628739731, -179.9770163114912, -47.72977119548436, -0.14185978686829323, 0.0016000000400000006, 269.9770163114912
2025-03-31 13:38:46,600 - 2025-03-31T13:38:46.600847, 0.1309525988065965, 0.0, -2.2237820419359817, 179.99548368849904, -47.72130167692048, -0.15186900853312243, 0.0016000000400000006, -89.99548368849904
2025-03-31 13:38:46,760 - 2025-03-31T13:38:46.760508, 0.13110139220847072, 0.0, -2.2239156852057658, -179.99481631149754, -47.71629706608809, -0.14763424925117835, 0.0016000000400000006, 269.9948163114975
2025-03-31 13:38:51,480 - 2025-03-31T13:38:51.480399, 0.13239372846955666, 0.0, -2.2229258028954466, 179.97388368849133, -47.67491207558389, -0.1813189969875031, 0.0016000000400000006, -89.97388368849133
2025-03-31 13:38:51,640 - 2025-03-31T13:38:51.640658, 0.13240887860164685, 0.0, -2.223208239567105, -179.9924163114967, -47.67414222403344, -0.17207962687315861, 0.0016000000400000006, 269.9924163114967
2025-03-31 13:38:51,660 - 2025-03-31T13:38:51.660466, 0.13247570023653887, 0.0, -2.2231338428661678, 179.98038368849367, -47.67202484439246, -0.1745819322893517, 0.0016000000400000006, -89.98038368849367
2025-03-31 13:38:51,700 - 2025-03-31T13:38:51.700747, 0.132052045229051, 0.0, -2.223156568064303, -179.92121631147143, -47.68588389956399, -0.1734271549636668, 0.0016000000400000006, 269.9212163114714
2025-03-31 13:38:51,820 - 2025-03-31T13:38:51.820481, 0.12717000400338474, 0.0, -2.2245514420625185, 179.87908368845768, -47.84449347036331, -0.12299727237316858, 0.0016000000400000006, -89.87908368845768
2025-03-31 13:38:51,960 - 2025-03-31T13:38:51.960423, 0.12537204096782917, 0.0, -2.2253560096002523, -179.9854163114942, -47.90262474723044, -0.09489481200929654, 0.0016000000400000006, 269.9854163114942
2025-03-31 13:38:52,000 - 2025-03-31T13:38:52.000660, 0.12454745615098828, 0.0, -2.225825115004011, -179.34901631126814, -47.92918808024782, -0.07872620218638117, 0.0016000000400000006, 269.34901631126814
2025-03-31 13:40:23,401 - 2025-03-31T13:40:23.401300, 0.12425202857522732, 0.0, -2.220317599906666, -179.1063163111819, -47.94420018548181, -0.258893919416267, 0.0016000000400000006, 269.1063163111819
2025-03-31 13:40:23,562 - 2025-03-31T13:40:23.562504, 0.12444707764184626, 0.0, -2.214712962910249, -179.16321631120215, -47.943235855903325, -0.44271871938803076, 0.0016000000400000006, 269.16321631120223
2025-03-31 13:40:23,660 - 2025-03-31T13:40:23.660898, 0.12446303304241013, 0.0, -2.20840980930073, -179.24601631123153, -47.948815840258156, -0.6492570188704414, 0.0016000000400000006, 269.24601631123153
2025-03-31 13:40:23,720 - 2025-03-31T13:40:23.720506, 0.12461398567227278, 0.0, -2.203303224012738, -179.33391631126278, -47.94881411299494, -0.8167204582544674, 0.0016000000400000006, 269.3339163112628
2025-03-31 13:40:23,781 - 2025-03-31T13:40:23.781547, 0.12473463803795459, 0.0, -2.1976317653814283, -179.51451631132693, -47.950352088832645, -1.0026626378672103, 0.0016000000400000006, 269.51451631132693
2025-03-31 13:40:23,840 - 2025-03-31T13:40:23.840466, 0.12471407206780727, 0.0, -2.1919678818161636, -179.59001631135374, -47.956509749727516, -1.1882198917047393, 0.0016000000400000006, 269.59001631135374
2025-03-31 13:40:23,900 - 2025-03-31T13:40:23.900803, 0.12453713762974017, 0.0, -2.186029136645286, -179.65251631137593, -47.96805694723003, -1.3826315898813417, 0.0016000000400000006, 269.65251631137596
2025-03-31 13:40:23,960 - 2025-03-31T13:40:23.960893, 0.12467294012751218, 0.0, -2.1806401146856347, -179.83261631143992, -47.96882507151729, -1.5593343993797544, 0.0016000000400000006, 269.8326163114399
2025-03-31 13:40:24,020 - 2025-03-31T13:40:24.020783, 0.1250243576620509, 0.0, -2.1753103392948314, -179.9273163114736, -47.962471205331155, -1.734304755012388, 0.0016000000400000006, 269.9273163114736
2025-03-31 13:40:24,041 - 2025-03-31T13:40:24.041627, 0.12500027850440087, 0.0, -2.173541322563942, 179.98418368849497, -47.96497293499296, -1.792243281114704, 0.0016000000400000006, -89.98418368849497
2025-03-31 13:40:24,082 - 2025-03-31T13:40:24.082181, 0.12486392731558826, 0.0, -2.170999392519014, -179.99141631149632, -47.971901598947106, -1.8753976121438605, 0.0016000000400000006, 269.9914163114963
2025-03-31 13:40:24,101 - 2025-03-31T13:40:24.100944, 0.12485635224954317, 0.0, -2.1708581741831843, 179.8920836884623, -47.972286524722335, -1.880017297201047, 0.0016000000400000006, -89.8920836884623
2025-03-31 13:40:24,260 - 2025-03-31T13:40:24.260628, 0.12509955963146124, 0.0, -2.1687915706485454, -179.97341631148993, -47.966318735820266, -1.947965044968192, 0.0016000000400000006, 269.9734163114899
2025-03-31 13:40:24,280 - 2025-03-31T13:40:24.280724, 0.12494183720402763, 0.0, -2.167171347319531, 179.89718368846408, -47.97305522476399, -2.0008989602380796, 0.0016000000400000006, -89.89718368846408
2025-03-31 13:40:24,361 - 2025-03-31T13:40:24.360982, 0.12520992901206984, 0.0, -2.1602881702346037, 179.7417836884089, -47.970935542105394, -2.2266858514996786, 0.0016000000400000006, -89.7417836884089
2025-03-31 13:40:24,402 - 2025-03-31T13:40:24.402765, 0.12587272952293382, 0.0, -2.1541627563316257, 179.57438368834943, -47.95514955504008, -2.428026789384866, 0.0016000000400000006, -89.57438368834943
2025-03-31 13:40:24,441 - 2025-03-31T13:40:24.441682, 0.12582943835465077, 0.0, -2.1480752177588736, 179.38938368828371, -47.96246199326066, -2.627443098393897, 0.0016000000400000006, -89.38938368828371
2025-03-31 13:40:24,480 - 2025-03-31T13:40:24.480669, 0.1264316383371531, 0.0, -2.1408200571692606, 179.16308368820327, -47.9497554123972, -2.865741516736504, 0.0016000000400000006, -89.16308368820327
2025-03-31 13:40:24,520 - 2025-03-31T13:40:24.520596, 0.12704898845174606, 0.0, -2.1338473332513064, 178.96048368813132, -47.936278979983285, -3.0948005649647388, 0.0016000000400000006, -88.96048368813132
2025-03-31 13:40:24,560 - 2025-03-31T13:40:24.560626, 0.12694509675510135, 0.0, -2.126630047991919, 178.69718368803777, -47.94667082440572, -3.331174354431204, 0.0016000000400000006, -88.69718368803777
2025-03-31 13:40:24,600 - 2025-03-31T13:40:24.600332, 0.1272724351319905, 0.0, -2.1195312558702253, 178.5100836879713, -47.94281868788138, -3.564083236166168, 0.0016000000400000006, -88.5100836879713
2025-03-31 13:40:24,640 - 2025-03-31T13:40:24.640452, 0.12759977350887963, 0.0, -2.112432463748532, 178.37848368792456, -47.93896655135703, -3.7969921179011323, 0.0016000000400000006, -88.37848368792456
2025-03-31 13:40:24,680 - 2025-03-31T13:40:24.680646, 0.12770527574247126, 0.0, -2.1064785684455636, 178.1559836878455, -47.9412743787452, -3.9921736676282342, 0.0016000000400000006, -88.15598368784549
2025-03-31 13:40:24,720 - 2025-03-31T13:40:24.720485, 0.12796714644398266, 0.0, -2.100799534748209, 178.04158368780486, -47.938192669525726, -4.178500773016191, 0.0016000000400000006, -88.04158368780487
2025-03-31 13:40:24,760 - 2025-03-31T13:40:24.760944, 0.1282365922115387, 0.0, -2.095261719386684, 178.11238368782998, -47.93472603453103, -4.36020819334699, 0.0016000000400000006, -88.11238368782998
2025-03-31 13:40:24,820 - 2025-03-31T13:40:24.820509, 0.128705148924257, 0.0, -2.0881553521989455, 177.84258368773413, -47.926254212949516, -4.5935020008571685, 0.0016000000400000006, -87.84258368773415
2025-03-31 13:40:24,880 - 2025-03-31T13:40:24.880531, 0.12974615404633782, 0.0, -2.0811599030828556, 177.6263836876573, -47.89891872536407, -4.823715826411116, 0.0016000000400000006, -87.6263836876573
2025-03-31 13:40:24,941 - 2025-03-31T13:40:24.941596, 0.13028153239394813, 0.0, -2.0739791391941793, 177.44138368759155, -47.88832952414159, -5.059511939337531, 0.0016000000400000006, -87.44138368759155
2025-03-31 13:40:24,983 - 2025-03-31T13:40:24.983399, 0.13022444505308917, 0.0, -2.06895452567317, 177.37648368756848, -47.89506486157652, -5.224088147530121, 0.0016000000400000006, -87.37648368756848
2025-03-31 13:40:25,020 - 2025-03-31T13:40:25.020739, 0.130724655989503, 0.0, -2.06375839355215, 177.18398368750007, -47.88370638455796, -5.394823743880839, 0.0016000000400000006, -87.18398368750007
2025-03-31 13:40:25,060 - 2025-03-31T13:40:25.060885, 0.13092728012216703, 0.0, -2.0582949748915627, 177.05708368745496, -47.882357129204244, -5.574028858795403, 0.0016000000400000006, -87.05708368745496
2025-03-31 13:40:25,105 - 2025-03-31T13:40:25.105176, 0.1320591860367899, 0.0, -2.0529941458054246, 176.8878836873948, -47.850402532316025, -5.748806463663242, 0.0016000000400000006, -86.8878836873948
2025-03-31 13:40:25,143 - 2025-03-31T13:40:25.143755, 0.1325883432778694, 0.0, -2.0470175253043212, 176.7514836873463, -47.83885130453267, -5.945142790716014, 0.0016000000400000006, -86.75148368734631
2025-03-31 13:40:25,182 - 2025-03-31T13:40:25.182381, 0.133191897219886, 0.0, -2.0411077264381094, 176.57938368728514, -47.82479777133311, -6.139361738127836, 0.0016000000400000006, -86.57938368728514
2025-03-31 13:40:25,222 - 2025-03-31T13:40:25.222810, 0.13351301449024433, 0.0, -2.0352130777039883, 176.38038368721436, -47.81998360824789, -6.332810833989187, 0.0016000000400000006, -86.38038368721436
2025-03-31 13:40:25,261 - 2025-03-31T13:40:25.261039, 0.13390095339549424, 0.0, -2.0292440322689296, 176.33918368719972, -47.81305206552171, -6.528762235266745, 0.0016000000400000006, -86.33918368719972
2025-03-31 13:40:25,301 - 2025-03-31T13:40:25.301286, 0.13437086406772725, 0.0, -2.0234830268045925, 176.3404836872002, -47.80323329160409, -6.717976571846153, 0.0016000000400000006, -86.3404836872002
2025-03-31 13:40:25,340 - 2025-03-31T13:40:25.340563, 0.13512321141161854, 0.0, -2.017706871208165, 176.08588368710963, -47.784175147572114, -6.907960759976016, 0.0016000000400000006, -86.08588368710964
2025-03-31 13:40:25,380 - 2025-03-31T13:40:25.380956, 0.13575706561781642, 0.0, -2.0123619456852713, 175.99068368707577, -47.76858191127161, -7.083700967159107, 0.0016000000400000006, -85.99068368707577
2025-03-31 13:40:25,420 - 2025-03-31T13:40:25.420773, 0.13623455135609364, 0.0, -2.0067421585567633, 175.86698368703176, -47.75837821157879, -7.268295618681341, 0.0016000000400000006, -85.86698368703176
2025-03-31 13:40:25,460 - 2025-03-31T13:40:25.460938, 0.13651157218969523, 0.0, -2.001345561531067, 175.75728368699274, -47.75452665080885, -7.445383353954968, 0.0016000000400000006, -85.75728368699274
2025-03-31 13:40:25,500 - 2025-03-31T13:40:25.500585, 0.13664737468746724, 0.0, -1.9959565395714165, 175.78708368700336, -47.7552947750961, -7.6220861634533525, 0.0016000000400000006, -85.78708368700336
2025-03-31 13:40:25,541 - 2025-03-31T13:40:25.540963, 0.1374375973615849, 0.0, -1.9908864756541358, 175.67948368696509, -47.73431200218795, -7.788971926297342, 0.0016000000400000006, -85.67948368696509
2025-03-31 13:40:25,582 - 2025-03-31T13:40:25.582513, 0.13771461819518604, 0.0, -1.9854898786284396, 175.61608368694255, -47.73046044141803, -7.966059661570968, 0.0016000000400000006, -85.61608368694255
2025-03-31 13:40:25,620 - 2025-03-31T13:40:25.620784, 0.13857923757024038, 0.0, -1.9804866363460514, 175.56318368692368, -47.706975363093704, -8.130828044773963, 0.0016000000400000006, -85.56318368692368
2025-03-31 13:40:25,660 - 2025-03-31T13:40:25.660911, 0.13921309177643737, 0.0, -1.9751417108231568, 175.50618368690343, -47.691382126793236, -8.306568251957083, 0.0016000000400000006, -85.50618368690343
2025-03-31 13:40:25,701 - 2025-03-31T13:40:25.701737, 0.1394825375439943, 0.0, -1.9696038954616313, 175.59758368693596, -47.68791549179851, -8.488275672287882, 0.0016000000400000006, -85.59758368693596
2025-03-31 13:40:25,740 - 2025-03-31T13:40:25.740554, 0.13981122988039774, 0.0, -1.9638504650633395, 175.5017836869019, -47.68271640293807, -8.67710508309206, 0.0016000000400000006, -85.50178368690189
2025-03-31 13:40:25,780 - 2025-03-31T13:40:25.780664, 0.13993945731212465, 0.0, -1.9583202247678595, 175.4309836868767, -47.68386945300054, -8.858427577647618, 0.0016000000400000006, -85.43098368687669
2025-03-31 13:40:25,820 - 2025-03-31T13:40:25.820866, 0.13994161654011217, 0.0, -1.953079996210083, 175.33728368684334, -47.688872336569744, -9.0301257763136, 0.0016000000400000006, -85.33728368684334
2025-03-31 13:40:25,861 - 2025-03-31T13:40:25.861195, 0.14076078551889593, 0.0, -1.9472294439127187, 175.49608368689982, -47.66769681289679, -9.222612269859658, 0.0016000000400000006, -85.49608368689982
2025-03-31 13:40:25,900 - 2025-03-31T13:40:25.900751, 0.14093310938737913, 0.0, -1.941201151908813, 175.4563836868857, -47.66788726064401, -9.42029612500296, 0.0016000000400000006, -85.45638368688569
2025-03-31 13:40:25,941 - 2025-03-31T13:40:25.941160, 0.14177500356429817, 0.0, -1.9357742546189365, 175.34708368684684, -47.64555695964536, -9.5989235633775, 0.0016000000400000006, -85.34708368684684
2025-03-31 13:40:25,981 - 2025-03-31T13:40:25.981631, 0.14205202439789977, 0.0, -1.9303776575932408, 175.34918368684757, -47.64170539887543, -9.776011298651113, 0.0016000000400000006, -85.34918368684757
2025-03-31 13:40:26,020 - 2025-03-31T13:40:26.020949, 0.14254466026826806, 0.0, -1.9250403071363915, 175.31488368683534, -47.63073184763211, -9.951366580058997, 0.0016000000400000006, -85.31488368683534
2025-03-31 13:40:26,081 - 2025-03-31T13:40:26.081043, 0.14296776658471533, 0.0, -1.917086629933677, 175.37578368685703, -47.62456958070199, -10.212378497912244, 0.0016000000400000006, -85.37578368685703
2025-03-31 13:40:26,121 - 2025-03-31T13:40:26.121175, 0.14297750087874883, 0.0, -1.9119876197117303, 175.29228368682735, -47.629187538495934, -10.37945701152104, 0.0016000000400000006, -85.29228368682735
2025-03-31 13:40:26,160 - 2025-03-31T13:40:26.160479, 0.14350665811982832, 0.0, -1.9060109992106264, 175.30108368683045, -47.61763631071258, -10.575793338573828, 0.0016000000400000006, -85.30108368683047
2025-03-31 13:40:26,200 - 2025-03-31T13:40:26.200515, 0.1442968807939451, 0.0, -1.9009409352933457, 175.42848368687578, -47.596653537804464, -10.742679101417815, 0.0016000000400000006, -85.42848368687578
2025-03-31 13:40:26,240 - 2025-03-31T13:40:26.240632, 0.14458147669359178, 0.0, -1.8956855566034787, 175.41658368687155, -47.592417051259304, -10.91514715163427, 0.0016000000400000006, -85.41658368687155
2025-03-31 13:40:26,280 - 2025-03-31T13:40:26.280426, 0.14499971586302296, 0.0, -1.8902813845117374, 175.4254836868747, -47.58394580543218, -11.092619812683127, 0.0016000000400000006, -85.42548368687471
2025-03-31 13:40:26,321 - 2025-03-31T13:40:26.321078, 0.14555159830223818, 0.0, -1.8847284190181224, 175.59728368693587, -47.57123980032313, -11.275097084564361, 0.0016000000400000006, -85.59728368693587
2025-03-31 13:40:26,361 - 2025-03-31T13:40:26.361278, 0.1458134690037487, 0.0, -1.879049385320767, 175.6303836869476, -47.56815809110367, -11.461424189952353, 0.0016000000400000006, -85.6303836869476
2025-03-31 13:40:26,400 - 2025-03-31T13:40:26.400670, 0.14629852980807145, 0.0, -1.8735708165280887, 175.78258368700176, -47.5575694656356, -11.641399156417409, 0.0016000000400000006, -85.78258368700176
2025-03-31 13:40:26,442 - 2025-03-31T13:40:26.442723, 0.14685798731333177, 0.0, -1.8681590693703025, 175.76708368699624, -47.54447853475132, -11.819256743241485, 0.0016000000400000006, -85.76708368699624
2025-03-31 13:40:26,480 - 2025-03-31T13:40:26.480866, 0.14732789798556478, 0.0, -1.8623980639059659, 175.76988368699725, -47.534659760833684, -12.008471079820872, 0.0016000000400000006, -85.76988368699725
2025-03-31 13:40:26,520 - 2025-03-31T13:40:26.520504, 0.147545672250319, 0.0, -1.8572170819170362, 175.89538368704189, -47.5325406539295, -12.178436824621127, 0.0016000000400000006, -85.89538368704189
2025-03-31 13:40:26,560 - 2025-03-31T13:40:26.560449, 0.14761465311319943, 0.0, -1.8519024566583226, 175.9276836870534, -47.535426157857714, -12.352637328703302, 0.0016000000400000006, -85.92768368705339
2025-03-31 13:40:26,600 - 2025-03-31T13:40:26.600499, 0.1478840988807555, 0.0, -1.8463646412967973, 176.07208368710474, -47.53195952286302, -12.534344749034101, 0.0016000000400000006, -86.07208368710474
2025-03-31 13:40:26,662 - 2025-03-31T13:40:26.662380, 0.14847872379721272, 0.0, -1.8389682623713548, 176.18838368714609, -47.5196378677748, -12.777262852433882, 0.0016000000400000006, -86.18838368714609
2025-03-31 13:40:26,703 - 2025-03-31T13:40:26.703738, 0.14874816956476966, 0.0, -1.83343044700983, 176.31368368719066, -47.516171232780074, -12.95897027276466, 0.0016000000400000006, -86.31368368719066
2025-03-31 13:40:26,741 - 2025-03-31T13:40:26.741100, 0.14932277720212017, 0.0, -1.8283011365237019, 176.39858368722085, -47.502310450345334, -13.127588489474407, 0.0016000000400000006, -86.39858368722085
2025-03-31 13:40:26,780 - 2025-03-31T13:40:26.780380, 0.14945100463384708, 0.0, -1.8227708962282223, 176.42098368722878, -47.503463500407804, -13.308910984029948, 0.0016000000400000006, -86.42098368722878
2025-03-31 13:40:26,820 - 2025-03-31T13:40:26.820530, 0.1498024221683858, 0.0, -1.8174411208374182, 176.56758368728094, -47.49710963422167, -13.483881339662604, 0.0016000000400000006, -86.56758368728094
2025-03-31 13:40:26,860 - 2025-03-31T13:40:26.860717, 0.15022823640386207, 0.0, -1.8121781670815067, 176.62478368730126, -47.488253462619326, -13.656734315654266, 0.0016000000400000006, -86.62478368730126
2025-03-31 13:40:26,900 - 2025-03-31T13:40:26.900848, 0.1504460106686163, 0.0, -1.8069971850925772, 176.75888368734894, -47.48613435571515, -13.826700060454506, 0.0016000000400000006, -86.75888368734894
2025-03-31 13:40:26,941 - 2025-03-31T13:40:26.941258, 0.1504481698966047, 0.0, -1.8017569565348008, 176.84958368738117, -47.49113723928433, -13.99839825912049, 0.0016000000400000006, -86.84958368738117
2025-03-31 13:40:26,981 - 2025-03-31T13:40:26.981197, 0.15043517899250203, 0.0, -1.7962342913053653, 176.8594836873847, -47.49690997440399, -14.17933582790084, 0.0016000000400000006, -86.85948368738472
2025-03-31 13:40:27,021 - 2025-03-31T13:40:27.021602, 0.1506302280591214, 0.0, -1.7906296543089484, 177.03028368744543, -47.495945644825476, -14.363160627872588, 0.0016000000400000006, -87.03028368744543
2025-03-31 13:40:27,080 - 2025-03-31T13:40:27.080829, 0.1510836346397486, 0.0, -1.783240850449551, 177.11358368747503, -47.488243674794454, -14.605693805497147, 0.0016000000400000006, -87.11358368747503
2025-03-31 13:40:27,120 - 2025-03-31T13:40:27.120913, 0.15143505217428777, 0.0, -1.7779110750587472, 177.2583836875265, -47.48188980860831, -14.780664161129781, 0.0016000000400000006, -87.2583836875265
2025-03-31 13:40:27,160 - 2025-03-31T13:40:27.160599, 0.15177131957673629, 0.0, -1.7722988629962844, 177.32388368754977, -47.47630579397263, -14.964873886876795, 0.0016000000400000006, -87.32388368754977
2025-03-31 13:40:27,201 - 2025-03-31T13:40:27.201197, 0.15218198368012192, 0.0, -1.7667534725687144, 177.37028368756626, -47.468219473920755, -15.1469662329828, 0.0016000000400000006, -87.37028368756626
2025-03-31 13:40:27,241 - 2025-03-31T13:40:27.241730, 0.15233293630998412, 0.0, -1.7616468872807216, 177.51678368761836, -47.46821774665755, -15.314429672366854, 0.0016000000400000006, -87.51678368761836
2025-03-31 13:40:27,323 - 2025-03-31T13:40:27.323129, 0.15213463063329602, 0.0, -1.7566298488257575, 177.6364836876609, -47.47957276914965, -15.47862095478421, 0.0016000000400000006, -87.6364836876609
2025-03-31 13:40:27,663 - 2025-03-31T13:40:27.663187, 0.15244817283760925, 0.0, -1.7505939817558067, 177.57508368763908, -47.475143531839656, -15.67668973570274, 0.0016000000400000006, -87.57508368763908
2025-03-31 13:40:27,701 - 2025-03-31T13:40:27.701696, 0.15253230383257899, 0.0, -1.7455617931687515, 177.5768836876397, -47.47725918421743, -15.841650869670586, 0.0016000000400000006, -87.57688368763971
2025-03-31 13:40:27,742 - 2025-03-31T13:40:27.742494, 0.15259993073594513, 0.0, -1.7389018061866368, 177.72038368769068, -47.48149164048174, -16.05993084468355, 0.0016000000400000006, -87.72038368769068
2025-03-31 13:40:27,780 - 2025-03-31T13:40:27.780866, 0.15333577398823195, 0.0, -1.7314978521951492, 177.70158368768404, -47.46455030033634, -16.303233873858563, 0.0016000000400000006, -87.70158368768404
2025-03-31 13:40:27,820 - 2025-03-31T13:40:27.820446, 0.1532987039264797, 0.0, -1.7242061702348246, 177.80828368772197, -47.47282476511779, -16.542109968741215, 0.0016000000400000006, -87.80828368772197
2025-03-31 13:40:27,861 - 2025-03-31T13:40:27.861264, 0.15400424691458614, 0.0, -1.71623734290002, 177.77938368771166, -47.4574231280733, -16.80389173814492, 0.0016000000400000006, -87.77938368771166
2025-03-31 13:40:27,900 - 2025-03-31T13:40:27.900538, 0.15374398675002166, 0.0, -1.7087451960350188, 177.86428368774185, -47.47320450910338, -17.049119971950493, 0.0016000000400000006, -87.86428368774185
2025-03-31 13:40:27,940 - 2025-03-31T13:40:27.940736, 0.1537964635212976, 0.0, -1.701802772381245, 177.98288368778398, -47.478206816918146, -17.27663931707783, 0.0016000000400000006, -87.98288368778398
2025-03-31 13:40:27,980 - 2025-03-31T13:40:27.980736, 0.15418440242654752, 0.0, -1.6958337269461867, 177.97368368778072, -47.471275274191974, -17.472590718355374, 0.0016000000400000006, -87.97368368778072
2025-03-31 13:40:28,020 - 2025-03-31T13:40:28.020953, 0.15423823315733776, 0.0, -1.6902366650158145, 178.1391836878395, -47.47493062967064, -17.656030592551907, 0.0016000000400000006, -88.1391836878395
2025-03-31 13:40:28,080 - 2025-03-31T13:40:28.080486, 0.1542679847304771, 0.0, -1.6828705863545528, 178.29548368789509, -47.48108771481114, -17.89740899285076, 0.0016000000400000006, -88.29548368789509
2025-03-31 13:40:28,142 - 2025-03-31T13:40:28.142015, 0.15384513499146246, 0.0, -1.6763077212715105, 178.46568368795556, -47.501296605887966, -18.112031885121837, 0.0016000000400000006, -88.46568368795556
2025-03-31 13:40:28,201 - 2025-03-31T13:40:28.201076, 0.15432884183627094, 0.0, -1.6694837907554305, 178.54398368798334, -47.492054932756, -18.336086322517684, 0.0016000000400000006, -88.54398368798334
2025-03-31 13:40:28,260 - 2025-03-31T13:40:28.260603, 0.1544178399782581, 0.0, -1.661902097057402, 178.6561836880232, -47.49647956403073, -18.584586713289923, 0.0016000000400000006, -88.65618368802319
2025-03-31 13:40:28,301 - 2025-03-31T13:40:28.301076, 0.15462803917696766, 0.0, -1.6565798967326435, 178.81978368808134, -47.494745382901755, -18.759172143147328, 0.0016000000400000006, -88.81978368808134
2025-03-31 13:40:28,340 - 2025-03-31T13:40:28.340835, 0.1549050600105688, 0.0, -1.6511832997069478, 178.80458368807595, -47.49089382213184, -18.93625987842094, 0.0016000000400000006, -88.80458368807595
2025-03-31 13:40:28,380 - 2025-03-31T13:40:28.380373, 0.15462478256689893, 0.0, -1.6459582212812616, 178.92118368811734, -47.50513607581535, -19.10718822553647, 0.0016000000400000006, -88.92118368811734
2025-03-31 13:40:28,420 - 2025-03-31T13:40:28.420798, 0.15554864851079975, 0.0, -1.6407393639621066, 179.0034836881466, -47.4799185436253, -19.279078599212852, 0.0016000000400000006, -89.00348368814659
2025-03-31 13:40:28,460 - 2025-03-31T13:40:28.460579, 0.15530489243784062, 0.0, -1.6348750154921663, 179.0546836881648, -47.49358312076878, -19.470987991973267, 0.0016000000400000006, -89.0546836881648
2025-03-31 13:40:28,500 - 2025-03-31T13:40:28.500679, 0.15503841116674577, 0.0, -1.6285870120147372, 179.14968368819854, -47.50840247523797, -19.676756439905237, 0.0016000000400000006, -89.14968368819854
2025-03-31 13:40:28,541 - 2025-03-31T13:40:28.541303, 0.15550074677293368, 0.0, -1.622684788214571, 179.1187836881876, -47.49896862709558, -19.87059046154181, 0.0016000000400000006, -89.11878368818759
2025-03-31 13:40:28,580 - 2025-03-31T13:40:28.580897, 0.15556215256976813, 0.0, -1.6172289446200274, 179.21818368822287, -47.502239056799034, -20.049410650681192, 0.0016000000400000006, -89.21818368822287
2025-03-31 13:40:28,622 - 2025-03-31T13:40:28.622439, 0.15535627182703493, 0.0, -1.6120706878292341, 179.4054836882894, -47.51397900506636, -20.21822161815572, 0.0016000000400000006, -89.4054836882894
2025-03-31 13:40:28,660 - 2025-03-31T13:40:28.660599, 0.1554617740606261, 0.0, -1.6061167925262652, 179.47238368831316, -47.51628683245455, -20.413403167882834, 0.0016000000400000006, -89.47238368831316
2025-03-31 13:40:28,700 - 2025-03-31T13:40:28.700787, 0.15523316811975718, 0.0, -1.6005348807279836, 179.48328368831704, -47.529181558047576, -20.596073190528898, 0.0016000000400000006, -89.48328368831704
2025-03-31 13:40:28,740 - 2025-03-31T13:40:28.740361, 0.15502728737702398, 0.0, -1.5953766239371898, 179.5334836883349, -47.54092150631491, -20.764884158003433, 0.0016000000400000006, -89.53348368833491
2025-03-31 13:40:28,780 - 2025-03-31T13:40:28.780399, 0.15553507337948247, 0.0, -1.5903217101519993, 179.5863836883537, -47.52917810352113, -20.931000069296967, 0.0016000000400000006, -89.58638368835369
2025-03-31 13:40:28,820 - 2025-03-31T13:40:28.820645, 0.15561162930840755, 0.0, -1.585148303229115, 179.76988368841884, -47.53167868167412, -21.10058088832198, 0.0016000000400000006, -89.76988368841884
2025-03-31 13:40:28,860 - 2025-03-31T13:40:28.860684, 0.1560222934117932, 0.0, -1.5796029128015445, 179.75248368841267, -47.52359236162224, -21.282673234428007, 0.0016000000400000006, -89.75248368841267
2025-03-31 13:40:28,900 - 2025-03-31T13:40:28.900806, 0.15596520607093423, 0.0, -1.5745782992805348, 179.86928368845417, -47.530327699057175, -21.447249442620603, 0.0016000000400000006, -89.86928368845417
2025-03-31 13:40:28,941 - 2025-03-31T13:40:28.941178, 0.15583372202913814, 0.0, -1.5694868641246336, 179.9351836884776, -47.5395653419083, -21.61394303045416, 0.0016000000400000006, -89.93518368847761
2025-03-31 13:40:28,980 - 2025-03-31T13:40:28.980819, 0.15567951278920633, 0.0, -1.563971773961243, 179.90978368846856, -47.549957762085135, -21.794495673459277, 0.0016000000400000006, -89.90978368846856
2025-03-31 13:40:29,021 - 2025-03-31T13:40:29.021483, 0.1554660569804276, 0.0, -1.5586722988346198, -179.9395163114779, -47.562082636127705, -21.967926325991005, 0.0016000000400000006, 269.93951631147786
2025-03-31 13:40:29,060 - 2025-03-31T13:40:29.060734, 0.1553710943093427, 0.0, -1.5529415936344635, -179.84131631144305, -47.5707426024388, -22.155600959469478, 0.0016000000400000006, 269.84131631144305
2025-03-31 13:40:29,100 - 2025-03-31T13:40:29.100838, 0.15492687333170707, 0.0, -1.5473004352673345, -179.79921631142807, -47.59075931850522, -22.340003435981302, 0.0016000000400000006, 269.79921631142804
2025-03-31 13:40:29,143 - 2025-03-31T13:40:29.142990, 0.15571709600582428, 0.0, -1.5422303713500538, -179.731416311404, -47.56977654559708, -22.506889198825288, 0.0016000000400000006, 269.731416311404
2025-03-31 13:40:29,182 - 2025-03-31T13:40:29.182141, 0.15555531169984782, 0.0, -1.5365740628508346, -179.88671631145917, -47.58055389154913, -22.69206152688756, 0.0016000000400000006, 269.88671631145917
2025-03-31 13:40:29,240 - 2025-03-31T13:40:29.240288, 0.15556991314089696, 0.0, -1.5289255475179142, -179.66761631138132, -47.58748082824009, -22.942679297300764, 0.0016000000400000006, 269.6676163113813
2025-03-31 13:40:29,281 - 2025-03-31T13:40:29.281002, 0.15547495046981252, 0.0, -1.5231948423177575, -179.67711631138465, -47.59614079455116, -23.130353930779258, 0.0016000000400000006, 269.6771163113847
2025-03-31 13:40:29,320 - 2025-03-31T13:40:29.320659, 0.15497148292332996, 0.0, -1.5177692989873957, -179.55031631133963, -47.61788996448332, -23.30763441681768, 0.0016000000400000006, 269.55031631133966
2025-03-31 13:40:29,361 - 2025-03-31T13:40:29.361070, 0.15469878054570385, 0.0, -1.5126854388975386, -179.49911631132147, -47.631747292391644, -23.473943078876033, 0.0016000000400000006, 269.4991163113215
2025-03-31 13:40:29,400 - 2025-03-31T13:40:29.400846, 0.15463411813880024, 0.0, -1.5075196070406998, -179.42671631129573, -47.63886755560179, -23.643138972125804, 0.0016000000400000006, 269.42671631129576
2025-03-31 13:40:29,441 - 2025-03-31T13:40:29.441085, 0.15454673053376045, 0.0, -1.5019301201763726, -179.35081631126877, -47.64714259613765, -23.826193920547112, 0.0016000000400000006, 269.3508163112688
2025-03-31 13:40:29,482 - 2025-03-31T13:40:29.482852, 0.1544744930608113, 0.0, -1.4966230699837046, -179.26571631123855, -47.65464778512304, -24.000009498854045, 0.0016000000400000006, 269.2657163112385
2025-03-31 13:40:29,520 - 2025-03-31T13:40:29.520431, 0.15475908896045798, 0.0, -1.491367691293838, -179.18551631121005, -47.65041129857788, -24.172477549070486, 0.0016000000400000006, 269.18551631121005
2025-03-31 13:40:29,560 - 2025-03-31T13:40:29.560623, 0.154396839749805, 0.0, -1.4859345728974303, -179.0693163111688, -47.66754078345285, -24.35014296088417, 0.0016000000400000006, 269.0693163111688
2025-03-31 13:40:29,600 - 2025-03-31T13:40:29.600840, 0.15402701547310604, 0.0, -1.4803602361651933, -179.01171631114832, -47.68505519410308, -24.532428057755016, 0.0016000000400000006, 269.01171631114835
2025-03-31 13:40:29,641 - 2025-03-31T13:40:29.641078, 0.15388038129921933, 0.0, -1.4749863643376324, -178.9354163111212, -47.695062688504684, -24.708361015702955, 0.0016000000400000006, 268.93541631112123
2025-03-31 13:40:29,680 - 2025-03-31T13:40:29.680696, 0.15387496546116264, 0.0, -1.4696049174440273, -178.726516311047, -47.700450497849076, -24.884678899426092, 0.0016000000400000006, 268.726516311047
2025-03-31 13:40:29,720 - 2025-03-31T13:40:29.720598, 0.15364635952029415, 0.0, -1.4640230056457453, -178.69891631103718, -47.7133452234421, -25.06734892207217, 0.0016000000400000006, 268.6989163110372
2025-03-31 13:40:29,762 - 2025-03-31T13:40:29.762560, 0.153499725346407, 0.0, -1.4586491338181848, -178.60431631100357, -47.72335271784372, -25.243281880020092, 0.0016000000400000006, 268.6043163110036
2025-03-31 13:40:29,800 - 2025-03-31T13:40:29.800345, 0.153137476135754, 0.0, -1.453216015421777, -178.4935163109642, -47.74048220271869, -25.42094729183377, 0.0016000000400000006, 268.4935163109642
2025-03-31 13:40:29,841 - 2025-03-31T13:40:29.841275, 0.15327327863352647, 0.0, -1.4478269934621264, -178.4076163109337, -47.74125032700592, -25.597650101332153, 0.0016000000400000006, 268.4076163109337
2025-03-31 13:40:29,900 - 2025-03-31T13:40:29.900931, 0.1529386217680253, 0.0, -1.4402680249622337, -178.33551631090805, -47.75953401345219, -25.844995714778687, 0.0016000000400000006, 268.335516310908
2025-03-31 13:40:29,941 - 2025-03-31T13:40:29.941027, 0.15271759089320147, 0.0, -1.4348273314997813, -178.24481631087582, -47.77204381326998, -26.02304605236758, 0.0016000000400000006, 268.2448163108758
2025-03-31 13:40:29,982 - 2025-03-31T13:40:29.982848, 0.15234019155045742, 0.0, -1.4291117764317152, -178.2317163108712, -47.789943149695446, -26.2099508342956, 0.0016000000400000006, 268.2317163108712
2025-03-31 13:40:30,020 - 2025-03-31T13:40:30.020552, 0.15176990236908283, 0.0, -1.4237606298022896, -178.18971631085626, -47.81380969926857, -26.384729014917852, 0.0016000000400000006, 268.1897163108563
2025-03-31 13:40:30,060 - 2025-03-31T13:40:30.060477, 0.15160811806310592, 0.0, -1.4181043213030704, -178.07211631081447, -47.82458704522063, -26.569901342980124, 0.0016000000400000006, 268.07211631081447
2025-03-31 13:40:30,100 - 2025-03-31T13:40:30.100596, 0.150881460413812, 0.0, -1.412478313068032, -178.03881631080262, -47.85384313140138, -26.753533967941475, 0.0016000000400000006, 268.03881631080264
2025-03-31 13:40:30,140 - 2025-03-31T13:40:30.140429, 0.1510765094804314, 0.0, -1.4068736760716147, -177.91921631076013, -47.852878801822875, -26.93735876791324, 0.0016000000400000006, 267.91921631076013
2025-03-31 13:40:30,180 - 2025-03-31T13:40:30.180590, 0.15136868044612273, 0.0, -1.4017595157175773, -177.90551631075527, -47.84825738950249, -27.105207133072508, 0.0016000000400000006, 267.9055163107553
2025-03-31 13:40:30,220 - 2025-03-31T13:40:30.220446, 0.15080596633079368, 0.0, -1.3965495874239817, -177.81231631072217, -47.87173901330038, -27.275365628637562, 0.0016000000400000006, 267.81231631072217
2025-03-31 13:40:30,261 - 2025-03-31T13:40:30.260985, 0.15038447055129334, 0.0, -1.3913320840643406, -177.70951631068561, -47.89060095204111, -27.445909049977853, 0.0016000000400000006, 267.7095163106856
2025-03-31 13:40:30,300 - 2025-03-31T13:40:30.300516, 0.15002222134064036, 0.0, -1.3858989656679332, -177.63321631065853, -47.90773043691607, -27.62357446179152, 0.0016000000400000006, 267.63321631065855
2025-03-31 13:40:30,340 - 2025-03-31T13:40:30.340404, 0.14966754719603248, 0.0, -1.380607065607355, -177.61671631065266, -47.92447499601582, -27.79662018854802, 0.0016000000400000006, 267.6167163106527
2025-03-31 13:40:30,401 - 2025-03-31T13:40:30.401109, 0.14979577462775895, 0.0, -1.3750768253118748, -177.47511631060232, -47.92562804607831, -27.97794268310358, 0.0016000000400000006, 267.4751163106023
2025-03-31 13:40:30,480 - 2025-03-31T13:40:30.480532, 0.14982688016041346, 0.0, -1.3690561083740147, -177.35921631056112, -47.93043817888267, -28.17524161247164, 0.0016000000400000006, 267.3592163105611
2025-03-31 13:40:30,560 - 2025-03-31T13:40:30.560665, 0.149092647445074, 0.0, -1.3632888818031463, -177.23131631051564, -47.96007919083867, -28.363493922490186, 0.0016000000400000006, 267.23131631051564
2025-03-31 13:40:30,701 - 2025-03-31T13:40:30.701095, 0.14891571300700646, 0.0, -1.3573501366322684, -177.14061631048344, -47.97162638834121, -28.55790562066681, 0.0016000000400000006, 267.14061631048344
2025-03-31 13:40:30,781 - 2025-03-31T13:40:30.781011, 0.14885862566614838, 0.0, -1.3523255231112592, -177.15191631048745, -47.978361725776104, -28.7224818288594, 0.0016000000400000006, 267.1519163104874
2025-03-31 13:40:30,900 - 2025-03-31T13:40:30.900412, 0.148370308251756, 0.0, -1.3471824164525557, -177.12991631047964, -47.9993410441578, -28.890522944783484, 0.0016000000400000006, 267.12991631047964
2025-03-31 13:40:30,981 - 2025-03-31T13:40:30.981274, 0.1478895659034083, 0.0, -1.3421805281296812, -177.14661631048554, -48.01993543676428, -29.053944375650396, 0.0016000000400000006, 267.14661631048557
2025-03-31 13:40:31,041 - 2025-03-31T13:40:31.041140, 0.1478993001974418, 0.0, -1.337081517907734, -177.07841631046134, -48.024553394558225, -29.221022889259206, 0.0016000000400000006, 267.0784163104613
2025-03-31 13:40:31,101 - 2025-03-31T13:40:31.101471, 0.14784843396311365, 0.0, -1.3308527609991523, -177.085916310464, -48.032250758554035, -29.425058883325416, 0.0016000000400000006, 267.085916310464
2025-03-31 13:40:31,161 - 2025-03-31T13:40:31.161353, 0.1474710346203696, 0.0, -1.3251372059310862, -177.10851631047203, -48.05015009497949, -29.611963665253434, 0.0016000000400000006, 267.10851631047206
2025-03-31 13:40:31,222 - 2025-03-31T13:40:31.222024, 0.14704196377482504, 0.0, -1.3197784842356164, -177.03511631044594, -48.06939695949542, -29.78712677165089, 0.0016000000400000006, 267.0351163104459
2025-03-31 13:40:31,462 - 2025-03-31T13:40:31.462177, 0.14682850796604585, 0.0, -1.3144790091089926, -176.9684163104222, -48.081521833538005, -29.960557424182625, 0.0016000000400000006, 266.9684163104222
2025-03-31 13:40:31,641 - 2025-03-31T13:40:31.641905, 0.14656960176099654, 0.0, -1.3083322239673936, -176.92831631040795, -48.09595626223195, -30.16170618705739, 0.0016000000400000006, 266.9283163104079
2025-03-31 13:40:31,703 - 2025-03-31T13:40:31.703860, 0.1457003718163583, 0.0, -1.3013684290749987, -176.7239163103353, -48.13117898580601, -30.38903335717431, 0.0016000000400000006, 266.7239163103353
2025-03-31 13:40:31,740 - 2025-03-31T13:40:31.740568, 0.1445121838293506, 0.0, -1.295059054358949, -176.4730163102461, -48.17621875603444, -30.594609630095842, 0.0016000000400000006, 266.47301631024607
2025-03-31 13:40:31,781 - 2025-03-31T13:40:31.780968, 0.14400736232335376, 0.0, -1.2882881493051848, -176.16341631013597, -48.1993148783027, -30.815969587065084, 0.0016000000400000006, 266.163416310136
2025-03-31 13:40:31,823 - 2025-03-31T13:40:31.823520, 0.1426249305381999, 0.0, -1.2809978213043745, -175.7696163099959, -48.25166881401495, -31.05349872961164, 0.0016000000400000006, 265.7696163099959
2025-03-31 13:40:31,860 - 2025-03-31T13:40:31.860378, 0.14174055046147194, 0.0, -1.2737515897403213, -175.317316309835, -48.28766138913945, -31.290065269842884, 0.0016000000400000006, 265.317316309835
2025-03-31 13:40:31,900 - 2025-03-31T13:40:31.900394, 0.14061160904331071, 0.0, -1.2672265999875045, -174.87051630967602, -48.33096870550216, -31.50276353323782, 0.0016000000400000006, 264.870516309676
2025-03-31 13:40:31,944 - 2025-03-31T13:40:31.944298, 0.1394675174930593, 0.0, -1.2604191735630295, -174.2789163094654, -48.375045873415324, -31.724701166747092, 0.0016000000400000006, 264.2789163094654
2025-03-31 13:40:31,980 - 2025-03-31T13:40:31.980421, 0.1383840264711691, 0.0, -1.2547414938251893, -173.69341630925678, -48.41604363512664, -31.909681319798953, 0.0016000000400000006, 263.6934163092568
2025-03-31 13:40:32,020 - 2025-03-31T13:40:32.020656, 0.13729296038323424, 0.0, -1.2489225957515195, -173.15071630906337, -48.457426322613166, -32.09928115790799, 0.0016000000400000006, 263.15071630906334
2025-03-31 13:40:32,062 - 2025-03-31T13:40:32.062841, 0.13621839838690297, 0.0, -1.2447314960729097, -172.49951630883115, -48.49669220621317, -32.2355621549719, 0.0016000000400000006, 262.4995163088312
2025-03-31 13:40:32,141 - 2025-03-31T13:40:32.141085, 0.13456245895565022, 0.0, -1.2389428982634207, -171.787416308577, -48.556553633928424, -32.42362228998001, 0.0016000000400000006, 261.787416308577
2025-03-31 13:40:37,820 - 2025-03-31T13:40:37.820913, 0.13069112258788396, 0.0, -1.2327774498022284, -171.53361630848633, -48.68936742024323, -32.621884973172186, 0.0016000000400000006, 261.53361630848633
2025-03-31 13:40:37,880 - 2025-03-31T13:40:37.880525, 0.13036539474794262, 0.0, -1.2267050613615664, -171.71551630855132, -48.705919228578146, -32.82053143063075, 0.0016000000400000006, 261.7155163085513
2025-03-31 13:40:37,940 - 2025-03-31T13:40:37.940406, 0.1299198198107927, 0.0, -1.2197185412710363, -172.07361630867916, -48.72728289698067, -33.049013378073354, 0.0016000000400000006, 262.07361630867916
2025-03-31 13:40:38,001 - 2025-03-31T13:40:38.001190, 0.12926620490292162, 0.0, -1.2128139929474884, -172.38041630878865, -48.755383630081326, -33.27460809432453, 0.0016000000400000006, 262.38041630878865
2025-03-31 13:40:38,060 - 2025-03-31T13:40:38.060442, 0.12877653352901453, 0.0, -1.2063255245653832, -172.70261630890363, -48.77770990079914, -33.4867286811794, 0.0016000000400000006, 262.70261630890366
2025-03-31 13:40:38,121 - 2025-03-31T13:40:38.121514, 0.12839913418627136, 0.0, -1.2006099694973176, -172.96321630899652, -48.79560923722457, -33.67363346310741, 0.0016000000400000006, 262.9632163089965
2025-03-31 13:40:38,200 - 2025-03-31T13:40:38.200463, 0.12797628444725673, 0.0, -1.1940471044142749, -173.27281630910693, -48.8158181283014, -33.888256355378495, 0.0016000000400000006, 263.27281630910693
2025-03-31 13:40:38,261 - 2025-03-31T13:40:38.261612, 0.1276064601705591, 0.0, -1.1884727676820384, -173.52371630919635, -48.83333253895159, -34.07054145224933, 0.0016000000400000006, 263.52371630919635
2025-03-31 13:40:38,320 - 2025-03-31T13:40:38.320642, 0.12777878403904275, 0.0, -1.1824444756781332, -173.8558163093147, -48.83352298669878, -34.26822530739261, 0.0016000000400000006, 263.8558163093147
2025-03-31 13:40:38,360 - 2025-03-31T13:40:38.360344, 0.12743926002652461, 0.0, -1.1774350122892132, -174.1242163094103, -48.84949769424808, -34.432031664034774, 0.0016000000400000006, 264.12421630941026
2025-03-31 13:40:38,401 - 2025-03-31T13:40:38.401255, 0.12736702255357546, 0.0, -1.1721279620965448, -174.38071630950162, -48.85700288323347, -34.605847242341724, 0.0016000000400000006, 264.3807163095016
2025-03-31 13:40:38,440 - 2025-03-31T13:40:38.440846, 0.12713841661270608, 0.0, -1.1665460502982627, -174.71221630961963, -48.86989760882651, -34.7885172649878, 0.0016000000400000006, 264.71221630961963
2025-03-31 13:40:38,480 - 2025-03-31T13:40:38.480663, 0.12718467227745034, 0.0, -1.160807770032061, -175.1321163097691, -48.873937890080434, -34.976576824241526, 0.0016000000400000006, 265.1321163097691
2025-03-31 13:40:38,520 - 2025-03-31T13:40:38.520687, 0.12694091620449166, 0.0, -1.1549434215621206, -175.49271630989742, -48.88760246722391, -35.16848621700194, 0.0016000000400000006, 265.49271630989745
2025-03-31 13:40:38,561 - 2025-03-31T13:40:38.561196, 0.12718763677391243, 0.0, -1.1489819511931074, -175.91241631004672, -48.8852906095549, -35.36405269250425, 0.0016000000400000006, 265.91241631004675
2025-03-31 13:40:38,601 - 2025-03-31T13:40:38.601115, 0.12744950747542383, 0.0, -1.1433029174957525, -176.28811631018036, -48.88220890033543, -35.550379797892234, 0.0016000000400000006, 266.2881163101804
2025-03-31 13:40:38,640 - 2025-03-31T13:40:38.640943, 0.12749576314016808, 0.0, -1.1375646372295507, -176.83351631037428, -48.88624918158935, -35.73843935714595, 0.0016000000400000006, 266.8335163103743
2025-03-31 13:40:38,681 - 2025-03-31T13:40:38.681082, 0.12825568555010491, 0.0, -1.1319296999689525, -177.2823163105338, -48.86680611178213, -35.92380386021865, 0.0016000000400000006, 267.2823163105338
2025-03-31 13:40:38,720 - 2025-03-31T13:40:38.720922, 0.12866634965349055, 0.0, -1.1263843095413826, -177.76301631070461, -48.85871979173026, -36.10589620632465, 0.0016000000400000006, 267.76301631070464
2025-03-31 13:40:38,761 - 2025-03-31T13:40:38.761389, 0.1285045653475141, 0.0, -1.120728001042163, -178.25271631087864, -48.8694971376823, -36.291068534386945, 0.0016000000400000006, 268.25271631087867
2025-03-31 13:40:38,801 - 2025-03-31T13:40:38.801000, 0.12913841955371153, 0.0, -1.115383075519269, -178.68351631103172, -48.85390390138182, -36.46680874157005, 0.0016000000400000006, 268.6835163110317
2025-03-31 13:40:38,841 - 2025-03-31T13:40:38.841667, 0.1296159052919892, 0.0, -1.109763288390761, -179.18351631120936, -48.84370020168897, -36.65140339309228, 0.0016000000400000006, 269.18351631120936
2025-03-31 13:40:38,880 - 2025-03-31T13:40:38.880925, 0.13002656939537482, 0.0, -1.1042178979631907, -179.65391631137643, -48.8356138816371, -36.8334957391983, 0.0016000000400000006, 269.6539163113764
2025-03-31 13:40:38,920 - 2025-03-31T13:40:38.920485, 0.13059360196668068, 0.0, -1.098947369141234, 179.91168368846925, -48.82213802497757, -37.006733640965194, 0.0016000000400000006, -89.91168368846925
2025-03-31 13:40:38,965 - 2025-03-31T13:40:38.965288, 0.1310483625068226, 0.0, -1.092903927005238, 179.39258368828482, -48.81308910261043, -37.205187347658956, 0.0016000000400000006, -89.39258368828482
2025-03-31 13:40:39,021 - 2025-03-31T13:40:39.020982, 0.13191784902889303, 0.0, -1.0853511796118753, 178.76838368806307, -48.79191300318309, -37.453494987666396, 0.0016000000400000006, -88.76838368806307
2025-03-31 13:40:39,060 - 2025-03-31T13:40:39.060648, 0.13275974320581163, 0.0, -1.0799242823219988, 178.4058836879343, -48.769582702184465, -37.63212242604094, 0.0016000000400000006, -88.4058836879343
2025-03-31 13:40:39,100 - 2025-03-31T13:40:39.100759, 0.13317040730919816, 0.0, -1.0743788918944293, 178.0779836878178, -48.761496382132556, -37.81421477214693, 0.0016000000400000006, -88.0779836878178
2025-03-31 13:40:39,140 - 2025-03-31T13:40:39.140636, 0.13386350808424208, 0.0, -1.0688183513347678, 177.80458368772062, -48.744170691966346, -37.99707696980344, 0.0016000000400000006, -87.80458368772062
2025-03-31 13:40:39,180 - 2025-03-31T13:40:39.180436, 0.1342073505527357, 0.0, -1.063347357608135, 177.52278368762046, -48.73820175155544, -38.17666701049325, 0.0016000000400000006, -87.52278368762046
2025-03-31 13:40:39,221 - 2025-03-31T13:40:39.221035, 0.1351236414305923, 0.0, -1.0579872819531504, 177.23038368751656, -48.71336914514059, -38.35317706922682, 0.0016000000400000006, -87.23038368751656
2025-03-31 13:40:39,260 - 2025-03-31T13:40:39.260812, 0.1357499205707442, 0.0, -1.0525011380944265, 177.029083687445, -48.69816083461535, -38.533536961467114, 0.0016000000400000006, -87.029083687445
2025-03-31 13:40:39,301 - 2025-03-31T13:40:39.300956, 0.136443021345789, 0.0, -1.0469405975347659, 176.82588368737277, -48.680835144449105, -38.7163991591236, 0.0016000000400000006, -86.82588368737277
2025-03-31 13:40:39,340 - 2025-03-31T13:40:39.340670, 0.13701005391709398, 0.0, -1.041670068712809, 176.58808368728822, -48.6673592877896, -38.88963706089049, 0.0016000000400000006, -86.58808368728822
2025-03-31 13:40:39,380 - 2025-03-31T13:40:39.380614, 0.13742829308652516, 0.0, -1.0362658966210678, 176.3789836872139, -48.658888041962484, -39.067109721939346, 0.0016000000400000006, -86.37898368721389
2025-03-31 13:40:39,420 - 2025-03-31T13:40:39.420600, 0.1380621472927226, 0.0, -1.0309209710981735, 176.134683687127, -48.643294805661995, -39.24284992912246, 0.0016000000400000006, -86.134683687127
2025-03-31 13:40:39,461 - 2025-03-31T13:40:39.461038, 0.13848038646215288, 0.0, -1.0255167990064322, 176.03418368709126, -48.634823559834906, -39.42032259017132, 0.0016000000400000006, -86.03418368709126
2025-03-31 13:40:39,500 - 2025-03-31T13:40:39.500427, 0.13941182747209968, 0.0, -1.0204391600231064, 175.87138368703336, -48.60922110186959, -39.58759327879053, 0.0016000000400000006, -85.87138368703336
2025-03-31 13:40:39,540 - 2025-03-31T13:40:39.540472, 0.13982249157548488, 0.0, -1.0148937695955365, 175.75668368699255, -48.601134781817734, -39.76968562489654, 0.0016000000400000006, -85.75668368699255
2025-03-31 13:40:39,580 - 2025-03-31T13:40:39.580342, 0.14051559235052968, 0.0, -1.0093332290358754, 175.73898368698624, -48.583809091651496, -39.952547822553036, 0.0016000000400000006, -85.73898368698624
2025-03-31 13:40:39,621 - 2025-03-31T13:40:39.621250, 0.14056942308131948, 0.0, -1.0037361671055032, 175.64958368695446, -48.587464447130166, -40.135987696749574, 0.0016000000400000006, -85.64958368695446
2025-03-31 13:40:39,660 - 2025-03-31T13:40:39.660508, 0.14097251211866002, 0.0, -0.9980495583421032, 175.71648368697825, -48.57976305285352, -40.32269972791278, 0.0016000000400000006, -85.71648368697825
2025-03-31 13:40:39,700 - 2025-03-31T13:40:39.700922, 0.14153196962392078, 0.0, -0.9926378111843173, 175.61838368694333, -48.56667212196922, -40.50055731473684, 0.0016000000400000006, -85.61838368694333
2025-03-31 13:40:39,740 - 2025-03-31T13:40:39.740486, 0.14246341063386625, 0.0, -0.987560172200991, 175.5937836869346, -48.54106966400395, -40.66782800335608, 0.0016000000400000006, -85.59378368693459
2025-03-31 13:40:39,781 - 2025-03-31T13:40:39.781225, 0.14311241497215432, 0.0, -0.9824976833497554, 175.7301836869831, -48.524706576152994, -40.83432884042483, 0.0016000000400000006, -85.73018368698311
2025-03-31 13:40:39,822 - 2025-03-31T13:40:39.821963, 0.14345625744064838, 0.0, -0.9770266896231221, 175.72118368697988, -48.51873763574208, -41.01391888111466, 0.0016000000400000006, -85.72118368697988
2025-03-31 13:40:39,863 - 2025-03-31T13:40:39.862950, 0.14357690980632976, 0.0, -0.9713552309918128, 175.82858368701812, -48.52027561157979, -41.19986106072739, 0.0016000000400000006, -85.82858368701812
2025-03-31 13:40:39,920 - 2025-03-31T13:40:39.920514, 0.1450188447377636, 0.0, -0.9639134016700992, 175.7317836869837, -48.4802358461485, -41.44508871877856, 0.0016000000400000006, -85.7317836869837
2025-03-31 13:40:39,960 - 2025-03-31T13:40:39.960922, 0.1456602740100057, 0.0, -0.9587096944830344, 175.88138368703687, -48.4642576840728, -41.61620924090449, 0.0016000000400000006, -85.88138368703687
2025-03-31 13:40:40,000 - 2025-03-31T13:40:40.000432, 0.1456624332379941, 0.0, -0.9534694659252585, 175.90528368704537, -48.469260567641975, -41.78790743957046, 0.0016000000400000006, -85.90528368704537
2025-03-31 13:40:40,040 - 2025-03-31T13:40:40.040522, 0.1457011138366937, 0.0, -0.9475899673232275, 175.90458368704512, -48.47368577467111, -41.98058668388135, 0.0016000000400000006, -85.90458368704512
2025-03-31 13:40:40,100 - 2025-03-31T13:40:40.100577, 0.1463033138191956, 0.0, -0.9403348067336141, 176.06508368710226, -48.460979193807674, -42.218885102223965, 0.0016000000400000006, -86.06508368710226
2025-03-31 13:40:40,140 - 2025-03-31T13:40:40.140682, 0.14693716802539347, 0.0, -0.9349898812107202, 176.02798368708903, -48.44538595750716, -42.39462530940706, 0.0016000000400000006, -86.02798368708903
2025-03-31 13:40:40,180 - 2025-03-31T13:40:40.180526, 0.1471549422901477, 0.0, -0.9298088992217908, 176.18048368714327, -48.44326685060299, -42.5645910542073, 0.0016000000400000006, -86.18048368714327
2025-03-31 13:40:40,240 - 2025-03-31T13:40:40.240510, 0.14737000863587424, 0.0, -0.921937193786059, 176.30318368718693, -48.44384164837099, -42.82271574086911, 0.0016000000400000006, -86.30318368718693
2025-03-31 13:40:40,280 - 2025-03-31T13:40:40.280386, 0.14770627603832232, 0.0, -0.9163249817235961, 176.29748368718487, -48.438257633735326, -43.00692546661611, 0.0016000000400000006, -86.29748368718487
2025-03-31 13:40:40,321 - 2025-03-31T13:40:40.321091, 0.14832498011242956, 0.0, -0.910697619529043, 176.39948368722116, -48.4234342489853, -43.19190504391357, 0.0016000000400000006, -86.39948368722116
2025-03-31 13:40:40,360 - 2025-03-31T13:40:40.360772, 0.14823759250738977, 0.0, -0.9051081326647159, 176.48468368725148, -48.43170928952116, -43.37495999233488, 0.0016000000400000006, -86.48468368725148
2025-03-31 13:40:40,400 - 2025-03-31T13:40:40.400727, 0.14837339500516222, 0.0, -0.8997191107050653, 176.59568368729094, -48.4324774138084, -43.55166280183327, 0.0016000000400000006, -86.59568368729094
2025-03-31 13:40:40,440 - 2025-03-31T13:40:40.440890, 0.14858359420387135, 0.0, -0.8943969103803067, 176.72938368733847, -48.43074323267945, -43.72624823169067, 0.0016000000400000006, -86.72938368733847
2025-03-31 13:40:40,480 - 2025-03-31T13:40:40.480940, 0.14892743667236497, 0.0, -0.8889259166536734, 176.87648368739076, -48.424774292268545, -43.9058382723805, 0.0016000000400000006, -86.87648368739077
2025-03-31 13:40:40,520 - 2025-03-31T13:40:40.520915, 0.14927885420690323, 0.0, -0.8835961412628692, 177.04158368744942, -48.41842042608242, -44.08080862801315, 0.0016000000400000006, -87.04158368744942
2025-03-31 13:40:40,560 - 2025-03-31T13:40:40.560643, 0.14933268493769392, 0.0, -0.8779990793324974, 177.12628368747954, -48.42207578156107, -44.264248502209675, 0.0016000000400000006, -87.12628368747954
2025-03-31 13:40:40,601 - 2025-03-31T13:40:40.601261, 0.14941681593266365, 0.0, -0.8729668907454422, 177.31938368754817, -48.424191433938844, -44.429209636177525, 0.0016000000400000006, -87.31938368754817
2025-03-31 13:40:40,642 - 2025-03-31T13:40:40.642538, 0.14953746829834547, 0.0, -0.8672954321141324, 177.42708368758647, -48.42572940977656, -44.61515181579026, 0.0016000000400000006, -87.42708368758647
2025-03-31 13:40:40,680 - 2025-03-31T13:40:40.680465, 0.14966569573007238, 0.0, -0.8617651918186526, 177.5132836876171, -48.42688245983903, -44.79647431034582, 0.0016000000400000006, -87.5132836876171
2025-03-31 13:40:40,720 - 2025-03-31T13:40:40.720574, 0.14980149822784483, 0.0, -0.856376169859002, 177.76478368770645, -48.42765058412627, -44.9731771198442, 0.0016000000400000006, -87.76478368770645
2025-03-31 13:40:40,760 - 2025-03-31T13:40:40.760693, 0.1495956174851112, 0.0, -0.8512179130682078, 177.90008368775455, -48.43939053239361, -45.14198808731875, 0.0016000000400000006, -87.90008368775455
2025-03-31 13:40:40,801 - 2025-03-31T13:40:40.801549, 0.14979824161777566, 0.0, -0.8457544944076196, 178.10718368782813, -48.43804127703988, -45.321193202233346, 0.0016000000400000006, -88.10718368782813
2025-03-31 13:40:40,840 - 2025-03-31T13:40:40.840356, 0.14965160744388895, 0.0, -0.8403806225800587, 178.3220836879045, -48.44804877144148, -45.49712616018129, 0.0016000000400000006, -88.3220836879045
2025-03-31 13:40:40,880 - 2025-03-31T13:40:40.880341, 0.14972058830676893, 0.0, -0.8350659973213457, 178.4104836879359, -48.4509342753697, -45.671326664263454, 0.0016000000400000006, -88.41048368793591
2025-03-31 13:40:40,921 - 2025-03-31T13:40:40.921190, 0.14971517246871224, 0.0, -0.8296845504277401, 178.601983688004, -48.4563220847141, -45.847644547986604, 0.0016000000400000006, -88.601983688004
2025-03-31 13:40:40,960 - 2025-03-31T13:40:40.960881, 0.14970218156460957, 0.0, -0.8241618851983046, 178.79388368807213, -48.462094819833766, -46.028582116766955, 0.0016000000400000006, -88.79388368807213
2025-03-31 13:40:41,001 - 2025-03-31T13:40:41.000979, 0.14977116242748956, 0.0, -0.8188472599395915, 178.97918368813797, -48.464980323761985, -46.20278262084913, 0.0016000000400000006, -88.97918368813797
2025-03-31 13:40:41,041 - 2025-03-31T13:40:41.041361, 0.1494013381507906, 0.0, -0.8132729232073541, 179.07718368817282, -48.482494734412214, -46.38506771771999, 0.0016000000400000006, -89.07718368817282
2025-03-31 13:40:41,081 - 2025-03-31T13:40:41.081117, 0.14954471571460815, 0.0, -0.8080251195835326, 179.18488368821104, -48.48287793292422, -46.55715084216119, 0.0016000000400000006, -89.18488368821104
2025-03-31 13:40:41,121 - 2025-03-31T13:40:41.121396, 0.14924171307280254, 0.0, -0.802376386150359, 179.37228368827763, -48.49827496393344, -46.741938244448235, 0.0016000000400000006, -89.37228368827763
2025-03-31 13:40:41,161 - 2025-03-31T13:40:41.161411, 0.14908750383287073, 0.0, -0.7968612959869694, 179.51258368832745, -48.50866738411026, -46.92249088745332, 0.0016000000400000006, -89.51258368832745
2025-03-31 13:40:41,200 - 2025-03-31T13:40:41.200551, 0.14937967479856296, 0.0, -0.791747135632932, 179.58918368835467, -48.50404597178986, -47.090339252612594, 0.0016000000400000006, -89.58918368835467
2025-03-31 13:40:41,240 - 2025-03-31T13:40:41.240606, 0.14941835539726167, 0.0, -0.7858676370309006, 179.76328368841652, -48.50847117881902, -47.283018496923496, 0.0016000000400000006, -89.76328368841652
2025-03-31 13:40:41,280 - 2025-03-31T13:40:41.280772, 0.1490485311205636, 0.0, -0.7802933002986641, 179.89678368846396, -48.525985589469215, -47.46530359379433, 0.0016000000400000006, -89.89678368846396
2025-03-31 13:40:41,301 - 2025-03-31T13:40:41.301418, 0.1487785366619665, 0.0, -0.7779001636556102, -179.9936163114971, -48.53714901270533, -47.5434533139911, 0.0016000000400000006, 269.99361631149714
2025-03-31 13:40:41,340 - 2025-03-31T13:40:41.340397, 0.14846038388807026, 0.0, -0.771968993550777, -179.82991631143895, -48.553315895265015, -47.73748008639251, 0.0016000000400000006, 269.829916311439
2025-03-31 13:40:41,380 - 2025-03-31T13:40:41.380601, 0.14852936475095024, 0.0, -0.7666543682920639, -179.66971631138205, -48.556201399193235, -47.91168059047468, 0.0016000000400000006, 269.66971631138205
2025-03-31 13:40:41,421 - 2025-03-31T13:40:41.420977, 0.1480775687072695, 0.0, -0.7608719915891058, -179.56741631134574, -48.57660304103487, -48.10070275204367, 0.0016000000400000006, 269.5674163113457
2025-03-31 13:40:41,461 - 2025-03-31T13:40:41.461066, 0.14780486632964385, 0.0, -0.7557881314992492, -179.4238163112947, -48.590460368943184, -48.26701141410201, 0.0016000000400000006, 269.4238163112947
2025-03-31 13:40:41,502 - 2025-03-31T13:40:41.502897, 0.14808188716324588, 0.0, -0.750391534473553, -179.2487163112325, -48.58660880817324, -48.44409914937564, 0.0016000000400000006, 269.2487163112325
2025-03-31 13:40:41,560 - 2025-03-31T13:40:41.560815, 0.1478292020647265, 0.0, -0.7430406059443815, -179.16591631120312, -48.60200526342809, -48.68470769812403, 0.0016000000400000006, 269.1659163112031
2025-03-31 13:40:41,601 - 2025-03-31T13:40:41.600994, 0.1479725796285436, 0.0, -0.73779280232056, -179.04241631115923, -48.60238846194011, -48.856790822565245, 0.0016000000400000006, 269.04241631115923
2025-03-31 13:40:41,640 - 2025-03-31T13:40:41.640604, 0.14795958872444182, 0.0, -0.7322701370911253, -179.04031631115845, -48.608161197059744, -49.03772839134556, 0.0016000000400000006, 269.04031631115845
2025-03-31 13:40:41,680 - 2025-03-31T13:40:41.680808, 0.1478949263175373, 0.0, -0.7271043052342856, -179.01121631114813, -48.61528146026992, -49.20692428459536, 0.0016000000400000006, 269.01121631114813
2025-03-31 13:40:41,720 - 2025-03-31T13:40:41.720944, 0.14755540230501962, 0.0, -0.7220948418453665, -178.86511631109624, -48.6312561678192, -49.370730641237486, 0.0016000000400000006, 268.86511631109624
2025-03-31 13:40:41,760 - 2025-03-31T13:40:41.760578, 0.14774287630559346, 0.0, -0.7163489865131196, -178.87991631110148, -48.630676764015945, -49.55917512626643, 0.0016000000400000006, 268.8799163111015
2025-03-31 13:40:41,820 - 2025-03-31T13:40:41.820800, 0.1478318744475806, 0.0, -0.7087672928150917, -178.9956163111426, -48.63510139529066, -49.80767551703865, 0.0016000000400000006, 268.9956163111426
2025-03-31 13:40:41,860 - 2025-03-31T13:40:41.860657, 0.14772933671045063, 0.0, -0.7028953692791058, -179.02701631115374, -48.644146287376984, -49.99996983557431, 0.0016000000400000006, 269.0270163111537
2025-03-31 13:40:41,900 - 2025-03-31T13:40:41.900689, 0.14750830583562724, 0.0, -0.6974546758166533, -179.00141631114468, -48.656656087194776, -50.178020173163205, 0.0016000000400000006, 269.0014163111447
2025-03-31 13:40:41,940 - 2025-03-31T13:40:41.940700, 0.1474133431645419, 0.0, -0.6917239706164966, -179.07961631117243, -48.665316053505876, -50.3656948066417, 0.0016000000400000006, 269.07961631117246
2025-03-31 13:40:41,980 - 2025-03-31T13:40:41.980555, 0.14674593208409492, 0.0, -0.6858823473446916, -179.04181631115898, -48.69283968582089, -50.556449422076426, 0.0016000000400000006, 269.041816311159
2025-03-31 13:40:42,020 - 2025-03-31T13:40:42.020534, 0.14659929791020776, 0.0, -0.6805084755171307, -179.0843163111741, -48.702847180222506, -50.73238238002437, 0.0016000000400000006, 269.0843163111741
2025-03-31 13:40:42,061 - 2025-03-31T13:40:42.061586, 0.14694314037870182, 0.0, -0.6750374817904974, -179.12081631118707, -48.69687823981158, -50.911972420714186, 0.0016000000400000006, 269.12081631118707
2025-03-31 13:40:42,100 - 2025-03-31T13:40:42.100461, 0.14687090290575266, 0.0, -0.6697304315978294, -179.15291631119848, -48.70438342879697, -51.08578799902113, 0.0016000000400000006, 269.1529163111985
2025-03-31 13:40:42,141 - 2025-03-31T13:40:42.141816, 0.1470735270384167, 0.0, -0.6642670129372412, -179.28951631124698, -48.70303417344326, -51.264993113935724, 0.0016000000400000006, 269.289516311247
2025-03-31 13:40:42,180 - 2025-03-31T13:40:42.180699, 0.14748419114180278, 0.0, -0.6587216225096708, -179.42731631129595, -48.69494785339136, -51.44708546004174, 0.0016000000400000006, 269.42731631129595
2025-03-31 13:40:42,220 - 2025-03-31T13:40:42.220368, 0.14712951699719445, 0.0, -0.653429722449093, -179.51461631132696, -48.71169241249112, -51.620131186798226, 0.0016000000400000006, 269.51461631132696
2025-03-31 13:40:42,260 - 2025-03-31T13:40:42.260777, 0.147272894561012, 0.0, -0.6481819188252711, -179.66211631137938, -48.71207561100312, -51.792214311239455, 0.0016000000400000006, 269.66211631137935
2025-03-31 13:40:42,300 - 2025-03-31T13:40:42.300831, 0.147341875423892, 0.0, -0.6428672935665576, -179.7262163114021, -48.71496111493134, -51.966414815321635, 0.0016000000400000006, 269.7262163114022
2025-03-31 13:40:42,341 - 2025-03-31T13:40:42.341205, 0.14740328122072643, 0.0, -0.6374114499720145, -179.90241631146472, -48.718231544634804, -52.145235004461, 0.0016000000400000006, 269.9024163114647
2025-03-31 13:40:42,381 - 2025-03-31T13:40:42.381124, 0.14805850666554532, 0.0, -0.6311448177332064, 179.93928368847904, -48.70283048334473, -52.351195627403385, 0.0016000000400000006, -89.93928368847904
2025-03-31 13:40:42,420 - 2025-03-31T13:40:42.420706, 0.14820188422936287, 0.0, -0.6258970141093858, 179.7890836884257, -48.70321368185673, -52.52327875184457, 0.0016000000400000006, -89.7890836884257
2025-03-31 13:40:42,460 - 2025-03-31T13:40:42.460644, 0.14869452009973072, 0.0, -0.6205596636525366, 179.5950836883568, -48.69224013061343, -52.698634033252446, 0.0016000000400000006, -89.5950836883568
2025-03-31 13:40:42,500 - 2025-03-31T13:40:42.500909, 0.1488151724654121, 0.0, -0.6148882050212268, 179.364883688275, -48.69377810645115, -52.884576212865205, 0.0016000000400000006, -89.364883688275
2025-03-31 13:40:42,541 - 2025-03-31T13:40:42.541055, 0.14899507139994128, 0.0, -0.6090011313531507, 179.09268368817828, -48.6935836284231, -53.077640382951316, 0.0016000000400000006, -89.09268368817828
2025-03-31 13:40:42,580 - 2025-03-31T13:40:42.580826, 0.1495545289052016, 0.0, -0.6035893841953648, 178.84488368809025, -48.68049269753881, -53.255497969775384, 0.0016000000400000006, -88.84488368809025
2025-03-31 13:40:42,621 - 2025-03-31T13:40:42.621338, 0.15012156147650657, 0.0, -0.5983188553734076, 178.5209836879752, -48.66701684087931, -53.428735871542294, 0.0016000000400000006, -88.52098368797519
2025-03-31 13:40:42,661 - 2025-03-31T13:40:42.661441, 0.1500190237393766, 0.0, -0.5924469318374217, 178.26248368788333, -48.67606173296563, -53.62103019007796, 0.0016000000400000006, -88.26248368788333
2025-03-31 13:40:42,701 - 2025-03-31T13:40:42.701928, 0.15072727464651203, 0.0, -0.5871688279494198, 177.92428368776316, -48.65796619124892, -53.794653017620085, 0.0016000000400000006, -87.92428368776316
2025-03-31 13:40:42,741 - 2025-03-31T13:40:42.741049, 0.15144310061969168, 0.0, -0.5820319423972471, 177.60568368764993, -48.639485723757005, -53.96365616010504, 0.0016000000400000006, -87.60568368764993
2025-03-31 13:40:42,781 - 2025-03-31T13:40:42.781055, 0.15230771999474602, 0.0, -0.5770287001148584, 177.24618368752218, -48.61600064543268, -54.128424543308064, 0.0016000000400000006, -87.24618368752218
2025-03-31 13:40:42,821 - 2025-03-31T13:40:42.821383, 0.1528079309311594, 0.0, -0.5718325679938387, 176.82748368737333, -48.60464216841413, -54.29916013965876, 0.0016000000400000006, -86.82748368737334
2025-03-31 13:40:42,861 - 2025-03-31T13:40:42.861568, 0.15379861850995225, 0.0, -0.5665393139737458, 176.42258368722938, -48.577307256583104, -54.47355281875138, 0.0016000000400000006, -86.42258368722938
2025-03-31 13:40:42,900 - 2025-03-31T13:40:42.900806, 0.15464808775291639, 0.0, -0.5612536350196993, 176.06648368710273, -48.554592029809235, -54.64756057206872, 0.0016000000400000006, -86.06648368710273
2025-03-31 13:40:42,942 - 2025-03-31T13:40:42.942108, 0.1561368270401351, 0.0, -0.556004477436363, 175.50988368690474, -48.51089575739046, -54.82099064884605, 0.0016000000400000006, -85.50988368690474
2025-03-31 13:40:42,980 - 2025-03-31T13:40:42.980440, 0.157142664751019, 0.0, -0.5509936600879297, 174.97028368671275, -48.482790994008944, -54.98614395782428, 0.0016000000400000006, -84.97028368671275
2025-03-31 13:40:43,020 - 2025-03-31T13:40:43.020600, 0.15869065060708465, 0.0, -0.5455288874678272, 174.30458368647572, -48.437362267724424, -55.166696025074984, 0.0016000000400000006, -84.30458368647572
2025-03-31 13:40:43,061 - 2025-03-31T13:40:43.060969, 0.16003817155847422, 0.0, -0.540287304950537, 173.56098368621085, -48.398285680362825, -55.339741176077055, 0.0016000000400000006, -83.56098368621085
2025-03-31 13:40:43,100 - 2025-03-31T13:40:43.100522, 0.161727375750369, 0.0, -0.534814957264389, 172.74888368592133, -48.34823726902114, -55.52067816910299, 0.0016000000400000006, -82.74888368592133
2025-03-31 13:40:43,141 - 2025-03-31T13:40:43.141464, 0.16335733337341685, 0.0, -0.5295582246150081, 171.8537836856019, -48.2999213115452, -55.69449317165554, 0.0016000000400000006, -81.85378368560191
2025-03-31 13:40:43,180 - 2025-03-31T13:40:43.180633, 0.165410946003953, 0.0, -0.524278766767492, 170.87308368525154, -48.23774629889772, -55.86946295153377, 0.0016000000400000006, -80.87308368525154
2025-03-31 13:40:43,221 - 2025-03-31T13:40:43.221256, 0.1675238052033361, 0.0, -0.5187836938832082, 169.88558368489828, -48.17383883238449, -56.05155472188542, 0.0016000000400000006, -79.8855836848983
2025-03-31 13:40:43,260 - 2025-03-31T13:40:43.260451, 0.16958499289991735, 0.0, -0.5136454543715212, 168.84608368452578, -48.11127889396178, -56.221904816706484, 0.0016000000400000006, -78.84608368452578
2025-03-31 13:40:43,300 - 2025-03-31T13:40:43.300721, 0.17183907043513003, 0.0, -0.5081428064211932, 167.87558368417746, -48.042751742391374, -56.40438151283332, 0.0016000000400000006, -77.87558368417746
2025-03-31 13:40:43,340 - 2025-03-31T13:40:43.340759, 0.17424951643826248, 0.0, -0.5029150200764789, 166.9158836838324, -47.96883505421333, -56.578003764621045, 0.0016000000400000006, -76.91588368383239
2025-03-31 13:40:43,360 - 2025-03-31T13:40:43.360952, 0.1755177735416975, 0.0, -0.5001561210352694, 166.34738368362764, -47.929951793370975, -56.66962703845971, 0.0016000000400000006, -76.34738368362764
2025-03-31 13:40:43,381 - 2025-03-31T13:40:43.381261, 0.17707604238283725, 0.0, -0.4975232901977993, 165.85088368344864, -47.881444236639, -56.75740047879165, 0.0016000000400000006, -75.85088368344864
2025-03-31 13:40:43,400 - 2025-03-31T13:40:43.400749, 0.1780770129467042, 0.0, -0.49506197796033913, 165.25608368323395, -47.85103049436052, -56.83901453096549, 0.0016000000400000006, -75.25608368323395
2025-03-31 13:40:43,420 - 2025-03-31T13:40:43.420797, 0.17921920184640072, 0.0, -0.4925930906568339, 164.7337836830452, -47.81599706702486, -56.921013508914555, 0.0016000000400000006, -74.7337836830452
2025-03-31 13:40:43,440 - 2025-03-31T13:40:43.440462, 0.18085186738847714, 0.0, -0.4900270814542558, 164.1332836828279, -47.76498720487671, -57.00666956960552, 0.0016000000400000006, -74.13328368282791
2025-03-31 13:40:43,460 - 2025-03-31T13:40:43.460786, 0.18206087792306613, 0.0, -0.4874837974498134, 163.6044836826363, -47.72783639790006, -57.09117085297079, 0.0016000000400000006, -73.6044836826363
2025-03-31 13:40:43,481 - 2025-03-31T13:40:43.481387, 0.1833518602246369, 0.0, -0.48514855341609175, 163.05558368243712, -47.68779835973201, -57.16893507163794, 0.0016000000400000006, -73.05558368243712
2025-03-31 13:40:43,520 - 2025-03-31T13:40:43.520626, 0.18634232970317655, 0.0, -0.4801729034788549, 162.00268368205425, -47.59463307977481, -57.33485765641225, 0.0016000000400000006, -72.00268368205425
2025-03-31 13:40:43,540 - 2025-03-31T13:40:43.540587, 0.18785650210756, 0.0, -0.47803812434981063, 161.42368368184327, -47.5470881253581, -57.40626973615644, 0.0016000000400000006, -71.42368368184327
2025-03-31 13:40:43,560 - 2025-03-31T13:40:43.560663, 0.1892811276789148, 0.0, -0.47555408691421475, 160.8555836816359, -47.5028153279081, -57.489038565655974, 0.0016000000400000006, -70.85558368163589
2025-03-31 13:40:43,603 - 2025-03-31T13:40:43.602997, 0.19220477552256243, 0.0, -0.47065283367791544, 159.83828368126365, -47.41176742759188, -57.652458845014074, 0.0016000000400000006, -69.83828368126366
2025-03-31 13:40:43,620 - 2025-03-31T13:40:43.620734, 0.1938374410646393, 0.0, -0.4680868244753378, 159.28948368106236, -47.36075756544371, -57.73811490570503, 0.0016000000400000006, -69.28948368106236
2025-03-31 13:40:43,640 - 2025-03-31T13:40:43.640423, 0.19521039513319272, 0.0, -0.46595962041233774, 158.74028368086059, -47.317832296084205, -57.80914205967402, 0.0016000000400000006, -68.74028368086059
2025-03-31 13:40:43,660 - 2025-03-31T13:40:43.660374, 0.19706625077808093, 0.0, -0.4635940761144357, 158.1969836806606, -47.25931551768744, -57.88844598144208, 0.0016000000400000006, -68.1969836806606
2025-03-31 13:40:43,680 - 2025-03-31T13:40:43.680465, 0.19863966975131087, 0.0, -0.4612436819486243, 157.70778368048022, -47.21003810940502, -57.96698005165967, 0.0016000000400000006, -67.70778368048022
2025-03-31 13:40:43,700 - 2025-03-31T13:40:43.700427, 0.2000794454547563, 0.0, -0.45904208118468715, 157.06928368024435, -47.16499546040455, -58.04050951104485, 0.0016000000400000006, -67.06928368024435
2025-03-31 13:40:43,740 - 2025-03-31T13:40:43.740758, 0.20344189843798288, 0.0, -0.4544005394219117, 156.07108367987448, -47.05931865336631, -58.19584519761427, 0.0016000000400000006, -66.07108367987448
2025-03-31 13:40:43,781 - 2025-03-31T13:40:43.781026, 0.2069455697570377, 0.0, -0.44975142259308987, 154.9607836794615, -46.94902216127093, -58.35156580995896, 0.0016000000400000006, -64.96078367946151
2025-03-31 13:40:43,801 - 2025-03-31T13:40:43.801350, 0.20860853556329495, 0.0, -0.44775028673382966, 154.45758367927377, -46.89647259602185, -58.41874313042121, 0.0016000000400000006, -64.45758367927377
2025-03-31 13:40:43,820 - 2025-03-31T13:40:43.820345, 0.21033074793839956, 0.0, -0.44553353583780275, 153.82378367903675, -46.84219057690701, -58.49304244135684, 0.0016000000400000006, -63.82378367903675
2025-03-31 13:40:43,861 - 2025-03-31T13:40:43.861074, 0.21408790962444701, 0.0, -0.44164975725697486, 152.71868367862203, -46.722847465462095, -58.6239321745499, 0.0016000000400000006, -62.71868367862203
2025-03-31 13:40:43,880 - 2025-03-31T13:40:43.880607, 0.2162489271391297, 0.0, -0.43969271783447095, 152.232583678439, -46.65393653962527, -58.69014689269688, 0.0016000000400000006, -62.232583678439
2025-03-31 13:40:43,901 - 2025-03-31T13:40:43.901298, 0.2177630995435127, 0.0, -0.4375579387054258, 151.60758367820307, -46.606391585208584, -58.761558972441094, 0.0016000000400000006, -61.60758367820306
2025-03-31 13:40:43,921 - 2025-03-31T13:40:43.921256, 0.21955970861955443, 0.0, -0.4354080094442905, 150.97208367796253, -46.54960726067755, -58.83374090373577, 0.0016000000400000006, -60.97208367796254
2025-03-31 13:40:43,960 - 2025-03-31T13:40:43.960528, 0.22313777663954681, 0.0, -0.430825714250362, 149.78598367751172, -46.43680846316596, -58.98734413643945, 0.0016000000400000006, -59.78598367751172
2025-03-31 13:40:43,980 - 2025-03-31T13:40:43.980589, 0.22508317911746278, 0.0, -0.4288094282590107, 149.29698367732516, -46.37501952780252, -59.05529130845218, 0.0016000000400000006, -59.29698367732515
2025-03-31 13:40:44,000 - 2025-03-31T13:40:44.000496, 0.22702100652933366, 0.0, -0.42665192393183027, 148.58908367705422, -46.313615518214306, -59.127858165522085, 0.0016000000400000006, -58.58908367705423
2025-03-31 13:40:44,020 - 2025-03-31T13:40:44.020650, 0.22902565557609655, 0.0, -0.4244200229037127, 148.01618367683434, -46.25009412898514, -59.202927328008194, 0.0016000000400000006, -58.01618367683435
2025-03-31 13:40:44,040 - 2025-03-31T13:40:44.040527, 0.23117152295868904, 0.0, -0.42218054680954964, 147.33868367657345, -46.18195305469877, -59.27838141626954, 0.0016000000400000006, -57.338683676573446
2025-03-31 13:40:44,060 - 2025-03-31T13:40:44.060795, 0.23481154546655736, 0.0, -0.42007336002565676, 146.77578367635599, -46.064727898649224, -59.35094769758504, 0.0016000000400000006, -56.775783676355985
2025-03-31 13:40:44,080 - 2025-03-31T13:40:44.080850, 0.23682376957936535, 0.0, -0.4179826773333688, 146.07178367608316, -46.00082158364481, -59.42139717501396, 0.0016000000400000006, -56.07178367608316
2025-03-31 13:40:44,101 - 2025-03-31T13:40:44.101407, 0.23920797719685982, 0.0, -0.4162261028155414, 145.51918367586828, -45.924403741559374, -59.48125975423802, 0.0016000000400000006, -55.51918367586828
2025-03-31 13:40:44,120 - 2025-03-31T13:40:44.120768, 0.2418518962878773, 0.0, -0.4140307231581346, 144.75608367557047, -45.83990130668529, -59.55575124018409, 0.0016000000400000006, -54.756083675570466
2025-03-31 13:40:44,141 - 2025-03-31T13:40:44.140966, 0.24407973543745198, 0.0, -0.4119992870346936, 144.23468367536626, -45.76887300120751, -59.62446826374727, 0.0016000000400000006, -54.234683675366256
2025-03-31 13:40:44,160 - 2025-03-31T13:40:44.160784, 0.24638197128796424, 0.0, -0.41003467254614456, 143.58668367511166, -45.6953423903135, -59.69106790766948, 0.0016000000400000006, -53.58668367511166
2025-03-31 13:40:44,180 - 2025-03-31T13:40:44.180917, 0.2485581389347371, 0.0, -0.40836006979529893, 142.9448836748585, -45.62566161292622, -59.748043255702115, 0.0016000000400000006, -52.94488367485849
2025-03-31 13:40:44,200 - 2025-03-31T13:40:44.200827, 0.25100159312107806, 0.0, -0.4063878802407044, 142.29128367459975, -45.54751131697506, -59.81502782539957, 0.0016000000400000006, -52.291283674599754
2025-03-31 13:40:44,220 - 2025-03-31T13:40:44.220447, 0.25337822567252744, 0.0, -0.4044900873870474, 141.69258367436183, -45.471478400664864, -59.879510089680814, 0.0016000000400000006, -51.69258367436183
2025-03-31 13:40:44,240 - 2025-03-31T13:40:44.240391, 0.2558960765598055, 0.0, -0.40258471946734486, 141.06548367411173, -45.3908257992975, -59.94437727973729, 0.0016000000400000006, -51.06548367411173
2025-03-31 13:40:44,261 - 2025-03-31T13:40:44.261251, 0.2580646691405333, 0.0, -0.4007688983806701, 140.45118367386578, -45.32152994768546, -60.0059723128271, 0.0016000000400000006, -50.451183673865785
2025-03-31 13:40:44,280 - 2025-03-31T13:40:44.280767, 0.26030765842219905, 0.0, -0.39901989892888823, 139.79608367360245, -45.24973179065718, -60.065449966275914, 0.0016000000400000006, -49.79608367360245
2025-03-31 13:40:44,300 - 2025-03-31T13:40:44.300333, 0.26277383780667574, 0.0, -0.39747136438178154, 139.24578367338037, -45.17042671738032, -60.118575480801844, 0.0016000000400000006, -49.24578367338037
2025-03-31 13:40:44,320 - 2025-03-31T13:40:44.320801, 0.2653068388260449, 0.0, -0.3958484331337382, 138.5800836731107, -45.089004264462474, -60.174203300743955, 0.0016000000400000006, -48.58008367311069
2025-03-31 13:40:44,341 - 2025-03-31T13:40:44.341355, 0.2676393749407371, 0.0, -0.39444869198850663, 138.05778367289827, -45.01393395046757, -60.222324204437456, 0.0016000000400000006, -48.05778367289827
2025-03-31 13:40:44,360 - 2025-03-31T13:40:44.360780, 0.26983069271960014, 0.0, -0.3930565259093197, 137.40158367263032, -44.94348332152983, -60.27006018235575, 0.0016000000400000006, -47.40158367263032
2025-03-31 13:40:44,402 - 2025-03-31T13:40:44.402778, 0.2741162063782534, 0.0, -0.389781717108566, 136.2618836721621, -44.806239146396265, -60.381508573004815, 0.0016000000400000006, -46.2618836721621
2025-03-31 13:40:44,440 - 2025-03-31T13:40:44.440395, 0.2786552104039002, 0.0, -0.3872722465558063, 135.12368367169074, -44.65994835191312, -60.46812608450225, 0.0016000000400000006, -45.12368367169074
2025-03-31 13:40:44,461 - 2025-03-31T13:40:44.461331, 0.28112138978837686, 0.0, -0.38572371200870004, 134.62708367148386, -44.580643278636266, -60.52125159902817, 0.0016000000400000006, -44.62708367148386
2025-03-31 13:40:44,480 - 2025-03-31T13:40:44.480506, 0.28349802233982624, 0.0, -0.3838259191550426, 134.04458367124028, -44.50461036232606, -60.58573386330942, 0.0016000000400000006, -44.044583671240275
2025-03-31 13:40:44,500 - 2025-03-31T13:40:44.500633, 0.2860902699280419, 0.0, -0.381987372870233, 133.55748367103575, -44.421455455542485, -60.648483673724904, 0.0016000000400000006, -43.55748367103576
2025-03-31 13:40:44,520 - 2025-03-31T13:40:44.520431, 0.28843038110877917, 0.0, -0.3807288500608301, 132.95458367078157, -44.34600021577235, -60.69198489236125, 0.0016000000400000006, -42.954583670781574
2025-03-31 13:40:44,542 - 2025-03-31T13:40:44.542188, 0.29097095719419386, 0.0, -0.37924713714861635, 132.26168367048803, -44.264192837079264, -60.74299302724618, 0.0016000000400000006, -42.261683670488026
2025-03-31 13:40:44,580 - 2025-03-31T13:40:44.580933, 0.2956360294235787, 0.0, -0.37644765485815235, 131.0914836699887, -44.114052209089444, -60.83923483463321, 0.0016000000400000006, -41.09148366998869
2025-03-31 13:40:44,620 - 2025-03-31T13:40:44.620445, 0.3006655100916049, 0.0, -0.37384106240631976, 129.90948366947956, -43.95178497979383, -60.92950942887255, 0.0016000000400000006, -39.909483669479556
2025-03-31 13:40:44,640 - 2025-03-31T13:40:44.640467, 0.30314683960817224, 0.0, -0.3725749645308727, 129.368783669245, -43.87171005496649, -60.973395573284094, 0.0016000000400000006, -39.368783669245005
2025-03-31 13:40:44,660 - 2025-03-31T13:40:44.660576, 0.3057693874605687, 0.0, -0.3713012915893801, 128.70158366895416, -43.78701544508199, -61.01766664347089, 0.0016000000400000006, -38.70158366895416
2025-03-31 13:40:44,701 - 2025-03-31T13:40:44.701110, 0.3112893447709748, 0.0, -0.36859757723847464, 127.56278366845393, -43.608771780973875, -61.11159832045213, 0.0016000000400000006, -37.56278366845393
2025-03-31 13:40:44,742 - 2025-03-31T13:40:44.742455, 0.31681687714742646, 0.0, -0.36603508122339834, 126.55138366800556, -43.43014319109052, -61.200910312376195, 0.0016000000400000006, -36.551383668005556
2025-03-31 13:40:44,780 - 2025-03-31T13:40:44.780837, 0.32221834132013916, 0.0, -0.36376259694602675, 125.57748366757002, -43.255364434713876, -61.28059800841066, 0.0016000000400000006, -35.57748366757002
2025-03-31 13:40:44,820 - 2025-03-31T13:40:44.820933, 0.3275378337258692, 0.0, -0.36128207269793355, 124.59758366712794, -43.08347290952868, -61.36702276914327, 0.0016000000400000006, -34.597583667127935
2025-03-31 13:40:44,860 - 2025-03-31T13:40:44.860942, 0.3327829294306617, 0.0, -0.35873472681494745, 123.64798366669574, -42.91408368975969, -61.45556490951687, 0.0016000000400000006, -33.64798366669574
2025-03-31 13:40:44,900 - 2025-03-31T13:40:44.900382, 0.3380356002014997, 0.0, -0.35632859926779137, 122.83998366632494, -42.74430954421546, -61.539487364833285, 0.0016000000400000006, -32.83998366632494
2025-03-31 13:40:44,928 - 2025-03-31T13:40:44.928438, 0.34114862469627694, 0.0, -0.3549578044272259, 122.30578366607824, -42.64363849951844, -61.58741551776198, 0.0016000000400000006, -32.30578366607824
2025-03-31 13:40:44,963 - 2025-03-31T13:40:44.963724, 0.3462828023294211, 0.0, -0.35298290695360324, 121.33928366562861, -42.477329261705684, -61.65709399213163, 0.0016000000400000006, -31.339283665628614
2025-03-31 13:40:45,000 - 2025-03-31T13:40:45.000725, 0.3514169799625648, 0.0, -0.3510080094799801, 120.60598366528465, -42.31102002389296, -61.72677246650129, 0.0016000000400000006, -30.605983665284654
2025-03-31 13:40:45,040 - 2025-03-31T13:40:45.040479, 0.35662555429664655, 0.0, -0.349099933641249, 119.82658366491628, -42.14220848066399, -61.79433356122998, 0.0016000000400000006, -29.82658366491629
2025-03-31 13:40:45,080 - 2025-03-31T13:40:45.080802, 0.36253264524382933, 0.0, -0.3470127641364633, 118.97818366451202, -41.9506834379244, -61.86843896989199, 0.0016000000400000006, -28.97818366451202
2025-03-31 13:40:45,120 - 2025-03-31T13:40:45.120950, 0.3681421493872632, 0.0, -0.3446583080921086, 118.16428366412083, -41.769167616849614, -61.9510138971179, 0.0016000000400000006, -28.16428366412083
2025-03-31 13:40:45,161 - 2025-03-31T13:40:45.161734, 0.3735814888902018, 0.0, -0.34309191549388407, 117.54658366382172, -41.59246423159681, -62.00760316786647, 0.0016000000400000006, -27.54658366382172
2025-03-31 13:40:45,200 - 2025-03-31T13:40:45.200607, 0.37851520161866903, 0.0, -0.3413402081230723, 116.8808836634972, -41.432507132707, -62.06977472598753, 0.0016000000400000006, -26.8808836634972
2025-03-31 13:40:45,240 - 2025-03-31T13:40:45.240471, 0.3835901326829667, 0.0, -0.3395809256862159, 116.16888366314747, -41.267930348759975, -62.13233120988381, 0.0016000000400000006, -26.16888366314747
2025-03-31 13:40:45,280 - 2025-03-31T13:40:45.280434, 0.38909629382079736, 0.0, -0.33794013638705334, 115.6222836628772, -41.089109583866204, -62.191422786048605, 0.0016000000400000006, -25.622283662877194
2025-03-31 13:40:45,320 - 2025-03-31T13:40:45.320520, 0.39437926485581576, 0.0, -0.33609888218321426, 114.9581836625466, -40.917795735221056, -62.25686650113633, 0.0016000000400000006, -24.958183662546602
2025-03-31 13:40:45,361 - 2025-03-31T13:40:45.360974, 0.3994617709861581, 0.0, -0.3344808180821879, 114.35068366224205, -40.75283402549882, -62.3148032999754, 0.0016000000400000006, -24.350683662242048
2025-03-31 13:40:45,401 - 2025-03-31T13:40:45.401099, 0.4047598921532676, 0.0, -0.33292200055000754, 113.70758366191735, -40.580750325303185, -62.371007644948776, 0.0016000000400000006, -23.707583661917354
2025-03-31 13:40:45,440 - 2025-03-31T13:40:45.440434, 0.40988649472036576, 0.0, -0.3308058847405553, 113.12678366162207, -40.414826013265696, -62.44530580437561, 0.0016000000400000006, -23.12678366162207
2025-03-31 13:40:45,482 - 2025-03-31T13:40:45.482488, 0.4151177942525832, 0.0, -0.32932146390931294, 112.57658366134049, -40.24485969271103, -62.499007843932745, 0.0016000000400000006, -22.576583661340493
2025-03-31 13:40:45,540 - 2025-03-31T13:40:45.540517, 0.4227863268646108, 0.0, -0.3270689969110476, 111.87038366097646, -39.99578104964433, -62.580234667313746, 0.0016000000400000006, -21.870383660976458
2025-03-31 13:40:45,581 - 2025-03-31T13:40:45.581011, 0.42766079302423066, 0.0, -0.32553290457700257, 111.32678366069415, -39.83755640462027, -62.63528423496142, 0.0016000000400000006, -21.326783660694147
2025-03-31 13:40:45,620 - 2025-03-31T13:40:45.620877, 0.432750874220619, 0.0, -0.3240560588118053, 110.86818366045458, -39.67220976912278, -62.68860134874333, 0.0016000000400000006, -20.868183660454577
2025-03-31 13:40:45,660 - 2025-03-31T13:40:45.660439, 0.4381309671547102, 0.0, -0.3227052812503466, 110.38928366020298, -39.497238837735736, -62.73806862901855, 0.0016000000400000006, -20.38928366020298
2025-03-31 13:40:45,701 - 2025-03-31T13:40:45.701195, 0.4436447033585855, 0.0, -0.32120571028701317, 109.93728365996415, -39.31803314706675, -62.79254052012617, 0.0016000000400000006, -19.93728365996415
2025-03-31 13:40:45,741 - 2025-03-31T13:40:45.741174, 0.44868311305217157, 0.0, -0.32008569789441177, 109.50718365973569, -39.15403403965978, -62.83411595837753, 0.0016000000400000006, -19.507183659735688
2025-03-31 13:40:45,780 - 2025-03-31T13:40:45.780516, 0.45384759094949656, 0.0, -0.31867567376410655, 108.99338365946117, -38.9861850987461, -62.885315692518475, 0.0016000000400000006, -18.993383659461173
2025-03-31 13:40:45,820 - 2025-03-31T13:40:45.820849, 0.45866281054027036, 0.0, -0.3173551964668282, 108.49108365919108, -38.82969290758776, -62.93324326969277, 0.0016000000400000006, -18.491083659191077
2025-03-31 13:40:45,861 - 2025-03-31T13:40:45.861234, 0.46398365690551424, 0.0, -0.31622003394213616, 108.01688365893452, -38.656454430066475, -62.975588559494604, 0.0016000000400000006, -18.016883658934518
2025-03-31 13:40:45,900 - 2025-03-31T13:40:45.900825, 0.4692452567019121, 0.0, -0.3153004864542108, 107.54478365867756, -38.484948406410886, -63.010811858823054, 0.0016000000400000006, -17.54478365867756
2025-03-31 13:40:45,941 - 2025-03-31T13:40:45.940997, 0.47504900464349165, 0.0, -0.3139269836946168, 107.04228365840237, -38.296118419852306, -63.06143391642395, 0.0016000000400000006, -17.04228365840237
2025-03-31 13:40:45,980 - 2025-03-31T13:40:45.980831, 0.4806371375483045, 0.0, -0.3124942343661754, 106.60728365816269, -38.114410423767104, -63.11378842789061, 0.0016000000400000006, -16.607283658162686
2025-03-31 13:40:46,020 - 2025-03-31T13:40:46.020815, 0.48610677731542307, 0.0, -0.31149271511126786, 106.10008365788151, -37.9361673354134, -63.151898958410484, 0.0016000000400000006, -16.100083657881513
2025-03-31 13:40:46,060 - 2025-03-31T13:40:46.060767, 0.49092957197224196, 0.0, -0.3103134561498191, 105.59808365760136, -37.77929021847983, -63.1952068505276, 0.0016000000400000006, -15.598083657601364
2025-03-31 13:40:46,100 - 2025-03-31T13:40:46.100510, 0.496466033374253, 0.0, -0.309237540193974, 105.0411836572884, -37.59892975048514, -63.235819686463685, 0.0016000000400000006, -15.0411836572884
2025-03-31 13:40:46,140 - 2025-03-31T13:40:46.140654, 0.5020100698423096, 0.0, -0.30830284257395846, 104.5758836570251, -37.41818435671521, -63.271812837342594, 0.0016000000400000006, -14.575883657025102
2025-03-31 13:40:46,180 - 2025-03-31T13:40:46.180499, 0.5075024348075643, 0.0, -0.30772497832653833, 104.10818365675877, -37.23878649103579, -63.296064312690966, 0.0016000000400000006, -14.108183656758769
2025-03-31 13:40:46,221 - 2025-03-31T13:40:46.221080, 0.5127564595379162, 0.0, -0.3066642125027834, 103.62438365648151, -37.067665393155465, -63.335907297076595, 0.0016000000400000006, -13.624383656481513
2025-03-31 13:40:46,260 - 2025-03-31T13:40:46.260387, 0.5179739628975573, 0.0, -0.3062427167232835, 103.17378365622159, -36.89712197181517, -63.3547692358173, 0.0016000000400000006, -13.173783656221588
2025-03-31 13:40:46,300 - 2025-03-31T13:40:46.300926, 0.5233616308976936, 0.0, -0.30503315749765436, 102.68278365593655, -36.721766114652894, -63.39961683103533, 0.0016000000400000006, -12.682783655936547
2025-03-31 13:40:46,341 - 2025-03-31T13:40:46.340983, 0.5287720240959652, 0.0, -0.3042472532795131, 102.06648365557594, -36.545255480164926, -63.43060537108184, 0.0016000000400000006, -12.066483655575936
2025-03-31 13:40:46,380 - 2025-03-31T13:40:46.380696, 0.5340563490904988, 0.0, -0.30375136079907605, 101.63708365532285, -36.37259467918365, -63.45196961523876, 0.0016000000400000006, -11.637083655322854
2025-03-31 13:40:46,420 - 2025-03-31T13:40:46.420486, 0.539348249151077, 0.0, -0.30339668665446773, 101.21648365507345, -36.19954895242715, -63.468714174338515, 0.0016000000400000006, -11.216483655073446
2025-03-31 13:40:46,461 - 2025-03-31T13:40:46.461036, 0.5443577125399961, 0.0, -0.30305716264195004, 100.79948365482468, -36.035742595785024, -63.48468888188779, 0.0016000000400000006, -10.799483654824684
2025-03-31 13:40:46,501 - 2025-03-31T13:40:46.501183, 0.5497164342354668, 0.0, -0.3026280917964055, 100.37988365457285, -35.86057948938755, -63.50393574640372, 0.0016000000400000006, -10.37988365457285
2025-03-31 13:40:46,540 - 2025-03-31T13:40:46.540560, 0.5553424424705047, 0.0, -0.30190143414711024, 99.9946836543403, -35.67694686442621, -63.53319183258452, 0.0016000000400000006, -9.994683654340308
2025-03-31 13:40:46,580 - 2025-03-31T13:40:46.580536, 0.5605006992612989, 0.0, -0.30169555340437704, 99.34618365394583, -35.508135896951664, -63.54493178085185, 0.0016000000400000006, -9.346183653945829
2025-03-31 13:40:46,620 - 2025-03-31T13:40:46.620613, 0.5663574726651945, 0.0, -0.3013105789955888, 98.83878365363451, -35.31661142996646, -63.5632160430525, 0.0016000000400000006, -8.838783653634508
2025-03-31 13:40:46,661 - 2025-03-31T13:40:46.661851, 0.5719469595295212, 0.0, -0.30122319139054854, 98.43108365338269, -35.13355648154516, -63.57149108358838, 0.0016000000400000006, -8.431083653382686
2025-03-31 13:40:46,700 - 2025-03-31T13:40:46.700812, 0.5774696247589564, 0.0, -0.3012102004864463, 97.73478365294895, -34.952618912764834, -63.577263818708026, 0.0016000000400000006, -7.734783652948948
2025-03-31 13:40:46,740 - 2025-03-31T13:40:46.740656, 0.5834827666307718, 0.0, -0.30110008768327123, 97.12388365256463, -34.75570490917199, -63.58669363656957, 0.0016000000400000006, -7.123883652564629
2025-03-31 13:40:46,780 - 2025-03-31T13:40:46.780443, 0.5896674271025972, 0.0, -0.30154727315736896, 96.5255836521847, -34.55263151742105, -63.57802963997763, 0.0016000000400000006, -6.525583652184693
2025-03-31 13:40:46,800 - 2025-03-31T13:40:46.800625, 0.592491793819184, 0.0, -0.3013957718364657, 96.03618365187127, -34.46023781627753, -63.58572815548225, 0.0016000000400000006, -6.036183651871269
2025-03-31 13:40:46,840 - 2025-03-31T13:40:46.840369, 0.5980888557495558, 0.0, -0.3014496025672555, 95.41248365146835, -34.276797942081004, -63.58938351096093, 0.0016000000400000006, -5.412483651468349
2025-03-31 13:40:46,880 - 2025-03-31T13:40:46.880746, 0.6037754645129558, 0.0, -0.30185269160459605, 94.672383650985, -34.09008591091781, -63.581682116684284, 0.0016000000400000006, -4.672383650984997
2025-03-31 13:40:46,921 - 2025-03-31T13:40:46.921102, 0.6095364699772929, 0.0, -0.3023226022768286, 94.00828365054636, -33.900871574338396, -63.57186334276667, 0.0016000000400000006, -4.00828365054636
2025-03-31 13:40:46,961 - 2025-03-31T13:40:46.961245, 0.6150818604048633, 0.0, -0.3027332663802138, 93.29508365007, -33.71877922823238, -63.56377702271481, 0.0016000000400000006, -3.295083650069998
2025-03-31 13:40:47,000 - 2025-03-31T13:40:47.000639, 0.6207016475333713, 0.0, -0.30321075211849147, 92.69968364966802, -33.53418457671014, -63.553573323021965, 0.0016000000400000006, -2.6996836496680174
2025-03-31 13:40:47,041 - 2025-03-31T13:40:47.041104, 0.6256821646176247, 0.0, -0.3036517164860584, 92.08888364925146, -33.3705709708328, -63.543947299869146, 0.0016000000400000006, -2.088883649251457
2025-03-31 13:40:47,080 - 2025-03-31T13:40:47.080512, 0.6312275550451947, 0.0, -0.304062380589444, 91.45358364881362, -33.1884786247268, -63.535860979817265, 0.0016000000400000006, -1.4535836488136198
2025-03-31 13:40:47,120 - 2025-03-31T13:40:47.120572, 0.636572480568089, 0.0, -0.30469623479564145, 90.80188364835954, -33.01273841754369, -63.52026774351678, 0.0016000000400000006, -0.8018836483595351
2025-03-31 13:40:47,161 - 2025-03-31T13:40:47.161093, 0.6417093661202617, 0.0, -0.30541206076882155, 90.06618364784076, -32.84373527505873, -63.50178727602485, 0.0016000000400000006, -0.06618364784075936
2025-03-31 13:40:47,200 - 2025-03-31T13:40:47.200844, 0.6470618667092012, 0.0, -0.3061871333108481, 89.36778372876074, -32.667610142100386, -63.481574354667195, 0.0016000000400000006, 0.6322162712392583
2025-03-31 13:40:47,241 - 2025-03-31T13:40:47.241905, 0.6522579988302208, 0.0, -0.3066873442472615, 88.62528372824228, -32.49687454574969, -63.47021587764865, 0.0016000000400000006, 1.3747162717577197
2025-03-31 13:40:47,280 - 2025-03-31T13:40:47.280702, 0.6581388513917661, 0.0, -0.3080713865693623, 87.91118372774982, -32.30284834910269, -63.430561613747, 0.0016000000400000006, 2.0888162722501846
2025-03-31 13:40:47,320 - 2025-03-31T13:40:47.320520, 0.6636993919514271, 0.0, -0.30876448734440665, 87.11878372721021, -32.1199861514462, -63.41323592358078, 0.0016000000400000006, 2.8812162727897856
2025-03-31 13:40:47,360 - 2025-03-31T13:40:47.360878, 0.6697731343516029, 0.0, -0.3097841212278656, 86.42768372674537, -31.919992741651537, -63.385708260984934, 0.0016000000400000006, 3.5723162732546285
2025-03-31 13:40:47,400 - 2025-03-31T13:40:47.400845, 0.6758317266196894, 0.0, -0.31052131843966757, 85.66918372624122, -31.72076918340731, -63.3674199685034, 0.0016000000400000006, 4.330816273758785
2025-03-31 13:40:47,440 - 2025-03-31T13:40:47.440500, 0.6813557458086388, 0.0, -0.3118536892589665, 84.92348372575155, -31.538484662290866, -63.329113232692265, 0.0016000000400000006, 5.076516274248448
2025-03-31 13:40:47,480 - 2025-03-31T13:40:47.480562, 0.6866124784580201, 0.0, -0.31348364688201436, 84.19988372528198, -31.364669659738308, -63.28079727521632, 0.0016000000400000006, 5.800116274718022
2025-03-31 13:40:47,520 - 2025-03-31T13:40:47.520466, 0.6919952793111399, 0.0, -0.3148235927673584, 83.42838372478717, -31.187004823679054, -63.24210561362996, 0.0016000000400000006, 6.571616275212833
2025-03-31 13:40:47,561 - 2025-03-31T13:40:47.561321, 0.6972368618284297, 0.0, -0.31617111371874795, 82.71188372433294, -31.01395967267699, -63.203029026268354, 0.0016000000400000006, 7.288116275667066
2025-03-31 13:40:47,601 - 2025-03-31T13:40:47.601156, 0.7026272377475951, 0.0, -0.3176522779399211, 81.97758372387253, -30.835909910842492, -63.15971767962482, 0.0016000000400000006, 8.022416276127473
2025-03-31 13:40:47,640 - 2025-03-31T13:40:47.640769, 0.7078839703969768, 0.0, -0.31928223556296986, 81.23578372341265, -30.66209490828992, -63.11140172214885, 0.0016000000400000006, 8.764216276587348
2025-03-31 13:40:47,680 - 2025-03-31T13:40:47.680828, 0.7133638931491686, 0.0, -0.3211126580906938, 80.60748372302709, -30.48077298948879, -63.05673362574999, 0.0016000000400000006, 9.392516276972913
2025-03-31 13:40:47,720 - 2025-03-31T13:40:47.720489, 0.7189106375362537, 0.0, -0.322868683917481, 79.9510837226281, -30.29733369104665, -63.00456783476732, 0.0016000000400000006, 10.048916277371902
2025-03-31 13:40:47,760 - 2025-03-31T13:40:47.760534, 0.7241749452516797, 0.0, -0.32463985987635846, 79.25638372220997, -30.123133762718876, -62.9516321922342, 0.0016000000400000006, 10.743616277790025
2025-03-31 13:40:47,780 - 2025-03-31T13:40:47.780532, 0.7269338442928888, 0.0, -0.32590811697979394, 78.75628372191157, -30.031510488880222, -62.912748931391825, 0.0016000000400000006, 11.243716278088428
2025-03-31 13:40:47,820 - 2025-03-31T13:40:47.820685, 0.7322801237752974, 0.0, -0.32788733290939254, 77.97388372144898, -29.854423329361005, -62.85307622416056, 0.0016000000400000006, 12.026116278551015
2025-03-31 13:40:47,860 - 2025-03-31T13:40:47.860629, 0.7378861147312294, 0.0, -0.3294277436994135, 77.4247837211274, -29.669251577053124, -62.808032423651255, 0.0016000000400000006, 12.575216278872603
2025-03-31 13:40:47,900 - 2025-03-31T13:40:47.900424, 0.7433219410466658, 0.0, -0.33175621793556376, 76.70098372070723, -29.488892260567233, -62.73700296666463, 0.0016000000400000006, 13.299016279292772
2025-03-31 13:40:47,940 - 2025-03-31T13:40:47.940643, 0.7491586971714539, 0.0, -0.33363831196608906, 76.07058372034466, -29.295828666235536, -62.680987342175285, 0.0016000000400000006, 13.929416279655342
2025-03-31 13:40:47,980 - 2025-03-31T13:40:47.980645, 0.7546537700557372, 0.0, -0.33575117116547215, 75.45528371999379, -29.113736895883907, -62.617079875662064, 0.0016000000400000006, 14.544716280006215
2025-03-31 13:40:48,020 - 2025-03-31T13:40:48.020458, 0.7600820213051276, 0.0, -0.33793842706579236, 74.8340837196425, -28.93376250517328, -62.55067010373264, 0.0016000000400000006, 15.165916280357493
2025-03-31 13:40:48,060 - 2025-03-31T13:40:48.060421, 0.7653690542186893, 0.0, -0.3401332580321581, 74.26258371932191, -28.7584077995198, -62.48387540602797, 0.0016000000400000006, 15.737416280678092
2025-03-31 13:40:48,100 - 2025-03-31T13:40:48.100639, 0.7705741153652688, 0.0, -0.3421200490278018, 73.85078371909239, -28.585940325057752, -62.423817773021476, 0.0016000000400000006, 16.14921628090761
2025-03-31 13:40:48,140 - 2025-03-31T13:40:48.140519, 0.7758019017099831, 0.0, -0.3445304950309338, 73.18728371872515, -28.412318073270036, -62.349901084843445, 0.0016000000400000006, 16.812716281274845
2025-03-31 13:40:48,180 - 2025-03-31T13:40:48.180776, 0.781237728025419, 0.0, -0.34685896926708404, 72.61448371841068, -28.23195875678416, -62.27887162785683, 0.0016000000400000006, 17.385516281589318
2025-03-31 13:40:48,220 - 2025-03-31T13:40:48.220423, 0.7862347492012765, 0.0, -0.34892773202970995, 72.04498371810027, -28.066228347020285, -62.2159267636589, 0.0016000000400000006, 17.95501628189973
2025-03-31 13:40:48,260 - 2025-03-31T13:40:48.260505, 0.7913213172101625, 0.0, -0.35134575309888794, 71.54848371783149, -27.8972257802897, -62.14162514970561, 0.0016000000400000006, 18.451516282168512
2025-03-31 13:40:48,321 - 2025-03-31T13:40:48.321648, 0.7987872256895252, 0.0, -0.3545567047612104, 70.9624837175164, -27.649496392576754, -62.04364685817202, 0.0016000000400000006, 19.037516282483594
2025-03-31 13:40:48,361 - 2025-03-31T13:40:48.361140, 0.8037918219314277, 0.0, -0.35676668585966587, 70.54808371729499, -27.48338105703765, -61.976082308916915, 0.0016000000400000006, 19.451916282705014
2025-03-31 13:40:48,420 - 2025-03-31T13:40:48.420603, 0.8111984838419444, 0.0, -0.3601932525587559, 70.00058371700413, -27.23738412319041, -61.87098202690992, 0.0016000000400000006, 19.999416282995867
2025-03-31 13:40:48,480 - 2025-03-31T13:40:48.480578, 0.8183227090808018, 0.0, -0.36363496938993567, 69.51108371674577, -27.00062655945754, -61.765111893352476, 0.0016000000400000006, 20.488916283254227
2025-03-31 13:40:48,520 - 2025-03-31T13:40:48.520551, 0.8234244272217777, 0.0, -0.36633542713077194, 69.18588371657498, -26.830854141176516, -61.681570909284844, 0.0016000000400000006, 20.814116283425022
2025-03-31 13:40:48,560 - 2025-03-31T13:40:48.560463, 0.8285550916674191, 0.0, -0.36825539649152406, 68.82448371638593, -26.660888972130696, -61.6236306559193, 0.0016000000400000006, 21.175516283614073
2025-03-31 13:40:48,601 - 2025-03-31T13:40:48.601074, 0.8336340846102597, 0.0, -0.370532199224872, 68.49748371621558, -26.492271331175363, -61.55394872702321, 0.0016000000400000006, 21.502516283784416
2025-03-31 13:40:48,660 - 2025-03-31T13:40:48.660485, 0.8408327065500543, 0.0, -0.37404073769094337, 68.09058371600456, -26.253011462026297, -61.445961213824816, 0.0016000000400000006, 21.90941628399544
2025-03-31 13:40:48,700 - 2025-03-31T13:40:48.700643, 0.8459116994928939, 0.0, -0.3763175404242918, 67.81718371586334, -26.084393821070993, -61.37627928492871, 0.0016000000400000006, 22.182816284136663
2025-03-31 13:40:48,740 - 2025-03-31T13:40:48.740656, 0.8511987324064556, 0.0, -0.3785123713906571, 67.55348371572752, -25.909039115417514, -61.309484587224055, 0.0016000000400000006, 22.446516284272477
2025-03-31 13:40:48,801 - 2025-03-31T13:40:48.801089, 0.8587466126528014, 0.0, -0.3819313630237011, 67.08148371548552, -25.65842249651311, -61.20476923099232, 0.0016000000400000006, 22.91851628451448
2025-03-31 13:40:48,840 - 2025-03-31T13:40:48.840706, 0.8638924272305335, 0.0, -0.3841337690561124, 66.91168371539877, -25.487687475916815, -61.1375896075124, 0.0016000000400000006, 23.088316284601234
2025-03-31 13:40:48,900 - 2025-03-31T13:40:48.900569, 0.8712246924401121, 0.0, -0.3874935141203091, 66.60048371524024, -25.24419284748581, -61.03460670514642, 0.0016000000400000006, 23.399516284759756
2025-03-31 13:40:48,960 - 2025-03-31T13:40:48.960374, 0.8786906009194748, 0.0, -0.3907044657826324, 66.36948371512294, -24.996463459772865, -60.936628413612816, 0.0016000000400000006, 23.63051628487706
2025-03-31 13:40:49,021 - 2025-03-31T13:40:49.021188, 0.8854882930499173, 0.0, -0.3946593844543278, 65.96968371492063, -24.769907868469613, -60.813627067917174, 0.0016000000400000006, 24.030316285079365
2025-03-31 13:40:49,080 - 2025-03-31T13:40:49.080532, 0.8924712999529456, 0.0, -0.39810867635155267, 65.58388371472627, -24.537769989793915, -60.70737200858451, 0.0016000000400000006, 24.416116285273734
2025-03-31 13:40:49,140 - 2025-03-31T13:40:49.140604, 0.8997518936597224, 0.0, -0.4018252547883465, 65.38588371462683, -24.295622889453426, -60.592647430687926, 0.0016000000400000006, 24.61411628537317
2025-03-31 13:40:49,180 - 2025-03-31T13:40:49.180284, 0.9047792150997607, 0.0, -0.4044588908942903, 65.22808371454778, -24.12835277658861, -60.511223826261286, 0.0016000000400000006, 24.77191628545222
2025-03-31 13:40:49,221 - 2025-03-31T13:40:49.221814, 0.9099918513123852, 0.0, -0.4065869002257636, 65.10658371448697, -23.95550037635134, -60.446546508197606, 0.0016000000400000006, 24.893416285513027
2025-03-31 13:40:49,280 - 2025-03-31T13:40:49.280558, 0.916707571675845, 0.0, -0.41033377892673784, 64.8949837143813, -23.73183201623953, -60.33028222720011, 0.0016000000400000006, 25.105016285618703
2025-03-31 13:40:49,341 - 2025-03-31T13:40:49.341680, 0.9239213437477298, 0.0, -0.4141247540644688, 64.7173837142928, -23.491802295540005, -60.213055343887326, 0.0016000000400000006, 25.282616285707206
2025-03-31 13:40:49,401 - 2025-03-31T13:40:49.401752, 0.9310531440526328, 0.0, -0.4177076892314777, 64.65908371426379, -23.2546598060319, -60.102565525272716, 0.0016000000400000006, 25.340916285736213
2025-03-31 13:40:49,461 - 2025-03-31T13:40:49.461217, 0.9382517659924274, 0.0, -0.42121622769754996, 64.52028371419478, -23.01539993688283, -59.99457801207429, 0.0016000000400000006, 25.479716285805225
2025-03-31 13:40:49,520 - 2025-03-31T13:40:49.520615, 0.9453167446624375, 0.0, -0.424873559565496, 64.39188371413104, -22.780374827015716, -59.88158588804348, 0.0016000000400000006, 25.60811628586896
2025-03-31 13:40:49,580 - 2025-03-31T13:40:49.580793, 0.9523741482664025, 0.0, -0.4283896730976129, 64.27208371407164, -22.545734642923833, -59.77321344906984, 0.0016000000400000006, 25.72791628592836
2025-03-31 13:40:49,620 - 2025-03-31T13:40:49.620815, 0.9573787445083055, 0.0, -0.43059965419606927, 64.19988371403589, -22.379619307384708, -59.70564889981471, 0.0016000000400000006, 25.80011628596411
2025-03-31 13:40:49,680 - 2025-03-31T13:40:49.680836, 0.9644285730462254, 0.0, -0.4339745493923566, 64.14058371400655, -22.145364049068053, -59.60189614589825, 0.0016000000400000006, 25.859416285993447
2025-03-31 13:40:49,720 - 2025-03-31T13:40:49.720934, 0.9695378662532463, 0.0, -0.43681622546902155, 64.07868371397595, -21.975206705011807, -59.51373547677347, 0.0016000000400000006, 25.92131628602405
2025-03-31 13:40:49,780 - 2025-03-31T13:40:49.780412, 0.9769445281637625, 0.0, -0.4402427921681116, 64.06028371396683, -21.729209771164584, -59.40863519476647, 0.0016000000400000006, 25.939716286033175
2025-03-31 13:40:49,840 - 2025-03-31T13:40:49.840373, 0.9839351101328364, 0.0, -0.44383330240116603, 63.916783713895974, -21.496686966713646, -59.297760450376614, 0.0016000000400000006, 26.083216286104026
2025-03-31 13:40:49,880 - 2025-03-31T13:40:49.880384, 0.9889548565068291, 0.0, -0.44632572017128025, 63.97088371392267, -21.32980177962407, -59.220956531007154, 0.0016000000400000006, 26.029116286077333
2025-03-31 13:40:49,941 - 2025-03-31T13:40:49.941654, 0.9960942318777768, 0.0, -0.45004987367411875, 63.85498371386548, -21.092274364340753, -59.10584702733536, 0.0016000000400000006, 26.14501628613452
2025-03-31 13:40:50,001 - 2025-03-31T13:40:50.001906, 1.0033080039496616, 0.0, -0.4538408488118497, 63.80768371384214, -20.852244643641228, -58.98862014402258, 0.0016000000400000006, 26.192316286157862
2025-03-31 13:40:50,061 - 2025-03-31T13:40:50.061141, 1.010432229188519, 0.0, -0.4572825656430295, 63.81108371384383, -20.615487079908355, -58.88275001046514, 0.0016000000400000006, 26.18891628615617
2025-03-31 13:40:50,101 - 2025-03-31T13:40:50.101442, 1.015608344030432, 0.0, -0.46004984501875734, 63.735983713806824, -20.443212356211134, -58.797091646756556, 0.0016000000400000006, 26.264016286193176
2025-03-31 13:40:50,140 - 2025-03-31T13:40:50.140491, 1.0207617336742092, 0.0, -0.4623934693869973, 63.86748371387165, -20.27209240983961, -58.7252923382195, 0.0016000000400000006, 26.13251628612835
2025-03-31 13:40:50,180 - 2025-03-31T13:40:50.180737, 1.0259226983840324, 0.0, -0.4648783120910669, 63.88558371388057, -20.10058753769283, -58.648873344625244, 0.0016000000400000006, 26.11441628611943
2025-03-31 13:40:50,220 - 2025-03-31T13:40:50.220430, 1.0310685129617645, 0.0, -0.4670807181234782, 63.96228371391843, -19.929852517096542, -58.581693721145335, 0.0016000000400000006, 26.03771628608157
2025-03-31 13:40:50,263 - 2025-03-31T13:40:50.263297, 1.0363631209413708, 0.0, -0.4694167674256722, 63.98548371392989, -19.75411288566785, -58.510279338383526, 0.0016000000400000006, 26.014516286070112
2025-03-31 13:40:50,320 - 2025-03-31T13:40:50.320553, 1.0437773579179326, 0.0, -0.47298455246059135, 64.04578371395966, -19.507731026045384, -58.40055937131937, 0.0016000000400000006, 25.954216286040335
2025-03-31 13:40:50,380 - 2025-03-31T13:40:50.380487, 1.0499874515069214, 0.0, -0.47654611638897926, 64.07708371397514, -19.30080895229657, -58.28987737769434, 0.0016000000400000006, 25.922916286024858
2025-03-31 13:40:50,440 - 2025-03-31T13:40:50.440419, 1.0568809115769215, 0.0, -0.4796461499796534, 64.1145837139937, -19.07194323058755, -58.194979068116986, 0.0016000000400000006, 25.885416286006304
2025-03-31 13:40:50,500 - 2025-03-31T13:40:50.500680, 1.064205601720456, 0.0, -0.4828646767080218, 64.22058371404614, -18.828833527931742, -58.09661585080815, 0.0016000000400000006, 25.779416285953857
2025-03-31 13:40:50,560 - 2025-03-31T13:40:50.560694, 1.0718506038658737, 0.0, -0.4867741449834462, 64.2515837140615, -18.574559826285466, -57.975924059763905, 0.0016000000400000006, 25.748416285938504
2025-03-31 13:40:50,601 - 2025-03-31T13:40:50.601871, 1.0774352235831848, 0.0, -0.48923626248938046, 64.35148371411101, -18.389195898967166, -57.90065984349535, 0.0016000000400000006, 25.648516285888988
2025-03-31 13:40:50,660 - 2025-03-31T13:40:50.660567, 1.0844774770550596, 0.0, -0.4924699393498382, 64.35528371411289, -18.155325566425745, -57.801526774636066, 0.0016000000400000006, 25.644716285887114
2025-03-31 13:40:50,720 - 2025-03-31T13:40:50.720626, 1.0912965404241226, 0.0, -0.4955031513056207, 64.59248371423065, -17.928962150132925, -57.70874584469968, 0.0016000000400000006, 25.40751628576935
2025-03-31 13:40:50,780 - 2025-03-31T13:40:50.780673, 1.0988444206704684, 0.0, -0.4989221429386652, 64.6711837142698, -17.678345531228523, -57.60403048846792, 0.0016000000400000006, 25.3288162857302
2025-03-31 13:40:50,840 - 2025-03-31T13:40:50.840361, 1.1063179042158762, 0.0, -0.5022743129368172, 64.74648371430727, -17.430231217740342, -57.501432511877155, 0.0016000000400000006, 25.253516285692726
2025-03-31 13:40:50,900 - 2025-03-31T13:40:50.900705, 1.1139629063612948, 0.0, -0.5061837812122416, 64.85788371436283, -17.175957516094037, -57.38074072083291, 0.0016000000400000006, 25.142116285637172
2025-03-31 13:40:50,961 - 2025-03-31T13:40:50.961424, 1.1209231880661874, 0.0, -0.5092094181019791, 64.90568371438664, -16.944974414744046, -57.28834471667175, 0.0016000000400000006, 25.094316285613363
2025-03-31 13:40:51,001 - 2025-03-31T13:40:51.001803, 1.1259353593741355, 0.0, -0.5115606175362641, 64.9610837144143, -16.778474153429684, -57.216160482359456, 0.0016000000400000006, 25.0389162855857
2025-03-31 13:40:51,060 - 2025-03-31T13:40:51.060590, 1.1328288194441356, 0.0, -0.5146606511269383, 65.13208371449974, -16.549608431720678, -57.1212621727821, 0.0016000000400000006, 24.867916285500257
2025-03-31 13:40:51,120 - 2025-03-31T13:40:51.120747, 1.1402279062886067, 0.0, -0.5179459994901987, 65.23498371455122, -16.303996423648684, -57.020781575832295, 0.0016000000400000006, 24.76501628544878
2025-03-31 13:40:51,163 - 2025-03-31T13:40:51.163307, 1.1454997890700773, 0.0, -0.5198583937849048, 65.46718371466766, -16.129411569545695, -56.96322624824201, 0.0016000000400000006, 24.532816285332345
2025-03-31 13:40:51,220 - 2025-03-31T13:40:51.220738, 1.1528244792136113, 0.0, -0.5230769205132733, 65.5946837147317, -15.886301866889902, -56.864863030933165, 0.0016000000400000006, 24.4053162852683
2025-03-31 13:40:51,281 - 2025-03-31T13:40:51.281279, 1.1600079510213162, 0.0, -0.5263030223076863, 65.64108371475503, -15.64781184929128, -56.76611488784911, 0.0016000000400000006, 24.358916285244973
2025-03-31 13:40:51,321 - 2025-03-31T13:40:51.321397, 1.1650276973953089, 0.0, -0.528795440077801, 65.71858371479401, -15.48092666220171, -56.68931096847963, 0.0016000000400000006, 24.281416285205992
2025-03-31 13:40:51,380 - 2025-03-31T13:40:51.380474, 1.1722111692030133, 0.0, -0.532021541872215, 65.86828371486946, -15.242436644603103, -56.59056282539555, 0.0016000000400000006, 24.131716285130537
2025-03-31 13:40:51,420 - 2025-03-31T13:40:51.420542, 1.1772825870798087, 0.0, -0.5341571262697333, 65.99748371493466, -15.074203929422993, -56.52550058155664, 0.0016000000400000006, 24.00251628506534
2025-03-31 13:40:51,460 - 2025-03-31T13:40:51.460606, 1.182435976723586, 0.0, -0.5365007506379733, 66.13358371500344, -14.903083983051474, -56.453701273019576, 0.0016000000400000006, 23.86641628499656
2025-03-31 13:40:51,521 - 2025-03-31T13:40:51.521620, 1.1896938452322274, 0.0, -0.5397936740672789, 66.2835837150794, -14.662091660036673, -56.35283575029453, 0.0016000000400000006, 23.716416284920598
2025-03-31 13:40:51,581 - 2025-03-31T13:40:51.581909, 1.196780195140859, 0.0, -0.5425292992193111, 66.44678371516216, -14.42725872517996, -56.270064042023, 0.0016000000400000006, 23.553216284837845
2025-03-31 13:40:51,620 - 2025-03-31T13:40:51.620806, 1.2019928313534831, 0.0, -0.5446573085507849, 66.50158371518997, -14.2544063249427, -56.2053867239593, 0.0016000000400000006, 23.498416284810034
2025-03-31 13:40:51,680 - 2025-03-31T13:40:51.680365, 1.2091687280951429, 0.0, -0.5477421920093692, 66.7210837153016, -14.0163012331193, -56.111258265932406, 0.0016000000400000006, 23.278916284698397
2025-03-31 13:40:51,720 - 2025-03-31T13:40:51.720886, 1.2142993925407848, 0.0, -0.5496621613701209, 66.79788371534075, -13.84633606407347, -56.053318012566876, 0.0016000000400000006, 23.202116284659255
2025-03-31 13:40:51,780 - 2025-03-31T13:40:51.780737, 1.2217425758220117, 0.0, -0.5524494580249555, 66.98888371543819, -13.599761453686227, -55.96919877620481, 0.0016000000400000006, 23.01111628456181
2025-03-31 13:40:51,822 - 2025-03-31T13:40:51.822161, 1.226798843566717, 0.0, -0.5543026057508156, 67.07748371548347, -13.432298590056575, -55.91337590248024, 0.0016000000400000006, 22.922516284516533
2025-03-31 13:40:51,880 - 2025-03-31T13:40:51.880930, 1.2342344517818993, 0.0, -0.5569486840698215, 67.28058371558744, -13.186108905444542, -55.833876351175334, 0.0016000000400000006, 22.71941628441256
2025-03-31 13:40:51,940 - 2025-03-31T13:40:51.940906, 1.2419676468008305, 0.0, -0.559862048928395, 67.38178371563934, -12.929909999167698, -55.74590728130656, 0.0016000000400000006, 22.618216284360656
2025-03-31 13:40:52,000 - 2025-03-31T13:40:52.000351, 1.249046421643417, 0.0, -0.5624564557445986, 67.68358371579447, -12.695461990086216, -55.66775525809218, 0.0016000000400000006, 22.31641628420553
2025-03-31 13:40:52,060 - 2025-03-31T13:40:52.060822, 1.256273989887878, 0.0, -0.5651845058305867, 67.9209837159169, -12.456009370172325, -55.58536847559584, 0.0016000000400000006, 22.079016284083096
2025-03-31 13:40:52,100 - 2025-03-31T13:40:52.100833, 1.2616946660712234, 0.0, -0.5672305433950773, 68.03898371597786, -12.27641990523692, -55.5235783887236, 0.0016000000400000006, 21.961016284022136
2025-03-31 13:40:52,140 - 2025-03-31T13:40:52.140911, 1.2668770020196671, 0.0, -0.5687936793832336, 68.16848371604488, -12.105107208100577, -55.47737981088861, 0.0016000000400000006, 21.831516283955125
2025-03-31 13:40:52,180 - 2025-03-31T13:40:52.180786, 1.2720972132983368, 0.0, -0.5710629070505364, 68.33988371613373, -11.931869882088073, -55.40808280776775, 0.0016000000400000006, 21.660116283866273
2025-03-31 13:40:52,241 - 2025-03-31T13:40:52.240998, 1.2794659998786275, 0.0, -0.5737833820704794, 68.57658371625672, -11.687797577116989, -55.32608095104665, 0.0016000000400000006, 21.423416283743283
2025-03-31 13:40:52,280 - 2025-03-31T13:40:52.280847, 1.2850127442657118, 0.0, -0.5755394078972662, 68.82778371638766, -11.504358278674879, -55.273915160063986, 0.0016000000400000006, 21.172216283612343
2025-03-31 13:40:52,321 - 2025-03-31T13:40:52.321040, 1.2900765870764621, 0.0, -0.5775337739589559, 69.03098371649385, -11.336510489269997, -55.21347260128223, 0.0016000000400000006, 20.96901628350615
2025-03-31 13:40:52,360 - 2025-03-31T13:40:52.360819, 1.2951769512579232, 0.0, -0.5788888699763897, 69.15848371656061, -11.168085023325098, -55.17401108814543, 0.0016000000400000006, 20.84151628343939
2025-03-31 13:40:52,421 - 2025-03-31T13:40:52.421030, 1.3026277096051957, 0.0, -0.5818173849670543, 69.39868371668666, -10.921125487162612, -55.08527216672617, 0.0016000000400000006, 20.601316283313338
2025-03-31 13:40:52,480 - 2025-03-31T13:40:52.480820, 1.3103306043599465, 0.0, -0.5841658764823103, 69.68398371683686, -10.66646628398668, -55.015781837086095, 0.0016000000400000006, 20.316016283163137
2025-03-31 13:40:52,540 - 2025-03-31T13:40:52.540641, 1.3175505975383626, 0.0, -0.5867527082324693, 69.96068371698303, -10.427398589848018, -54.93801473964693, 0.0016000000400000006, 20.039316283016973
2025-03-31 13:40:52,580 - 2025-03-31T13:40:52.580483, 1.3230077950924204, 0.0, -0.5881594757527058, 70.1082837170612, -10.247231448372531, -54.897205698419576, 0.0016000000400000006, 19.891716282938802
2025-03-31 13:40:52,620 - 2025-03-31T13:40:52.620717, 1.328346499508783, 0.0, -0.5899974733464752, 70.28168371715321, -10.070529214628571, -54.84215267624549, 0.0016000000400000006, 19.718316282846786
2025-03-31 13:40:52,666 - 2025-03-31T13:40:52.666046, 1.3334620138223348, 0.0, -0.5916350060355686, 70.55668371729956, -9.901333897133199, -54.7934517929943, 0.0016000000400000006, 19.443316282700437
2025-03-31 13:40:52,700 - 2025-03-31T13:40:52.700879, 1.3385699530698414, 0.0, -0.5931313203888324, 70.67708371736379, -9.732523505413056, -54.7493705948003, 0.0016000000400000006, 19.322916282636214
2025-03-31 13:40:52,740 - 2025-03-31T13:40:52.740619, 1.344049875822034, 0.0, -0.5949617429165572, 70.86398371746368, -9.551201586611896, -54.694702498401405, 0.0016000000400000006, 19.136016282536318
2025-03-31 13:40:52,781 - 2025-03-31T13:40:52.781053, 1.349247361902568, 0.0, -0.5968073155763713, 70.92368371749563, -9.379119037925093, -54.6392645504521, 0.0016000000400000006, 19.076316282504365
2025-03-31 13:40:52,820 - 2025-03-31T13:40:52.820600, 1.3547348597208058, 0.0, -0.5987789564399253, 71.15768371762111, -9.197412193348704, -54.57997676899605, 0.0016000000400000006, 18.84231628237889
2025-03-31 13:40:52,860 - 2025-03-31T13:40:52.860711, 1.3599247707352946, 0.0, -0.6004833107639103, 71.2696837176813, -9.025714570437131, -54.529158506103904, 0.0016000000400000006, 18.730316282318697
2025-03-31 13:40:52,920 - 2025-03-31T13:40:52.920508, 1.3671144636495298, 0.0, -0.6025052691707513, 71.50628371780873, -8.788186579399394, -54.46987014889345, 0.0016000000400000006, 18.493716282191272
2025-03-31 13:40:52,960 - 2025-03-31T13:40:52.960455, 1.3722451280951717, 0.0, -0.6044252385315039, 71.63008371787554, -8.618221410353563, -54.4119298955279, 0.0016000000400000006, 18.369916282124464
2025-03-31 13:40:53,021 - 2025-03-31T13:40:53.021156, 1.3797324078131559, 0.0, -0.606714483477913, 71.88528371801362, -8.370684197651016, -54.34417201975357, 0.0016000000400000006, 18.114716281986375
2025-03-31 13:40:53,061 - 2025-03-31T13:40:53.061180, 1.3849223188276447, 0.0, -0.6084188378018984, 72.07818371811832, -8.198986574739436, -54.29335375686141, 0.0016000000400000006, 17.921816281881675
2025-03-31 13:40:53,120 - 2025-03-31T13:40:53.120797, 1.3924764201805213, 0.0, -0.6106336860473709, 72.2983837182381, -7.949331982395911, -54.228098186503274, 0.0016000000400000006, 17.7016162817619
2025-03-31 13:40:53,161 - 2025-03-31T13:40:53.161380, 1.3977696742006138, 0.0, -0.6116243736261646, 72.44348371831725, -7.774939303303313, -54.20076327467222, 0.0016000000400000006, 17.556516281682747
2025-03-31 13:40:53,220 - 2025-03-31T13:40:53.220779, 1.404312522004549, 0.0, -0.6134685923264649, 72.68978371845189, -7.558777283685728, -54.14667227905899, 0.0016000000400000006, 17.310216281548108
2025-03-31 13:40:53,480 - 2025-03-31T13:40:53.480723, 1.4099336630925707, 0.0, -0.6152914397881437, 72.79268371850827, -7.3728356798274035, -54.09238910843537, 0.0016000000400000006, 17.207316281491728
2025-03-31 13:40:53,560 - 2025-03-31T13:40:53.560743, 1.4164765108965063, 0.0, -0.617135658488444, 72.88998371856164, -7.156673660209798, -54.03829811282214, 0.0016000000400000006, 17.110016281438362
2025-03-31 13:40:53,600 - 2025-03-31T13:40:53.600548, 1.4221417484212853, 0.0, -0.6184604542416983, 72.91908371857762, -6.969769454036175, -54.000376302786236, 0.0016000000400000006, 17.080916281422375
2025-03-31 13:40:53,640 - 2025-03-31T13:40:53.640570, 1.4289153613940773, 0.0, -0.6206463561825042, 73.02778371863737, -6.7457155923947525, -53.93531348319291, 0.0016000000400000006, 16.972216281362634
2025-03-31 13:40:53,681 - 2025-03-31T13:40:53.681135, 1.4355326058989504, 0.0, -0.6225573965176969, 73.01598371863086, -6.527051267360932, -53.8791051079387, 0.0016000000400000006, 16.984016281369136
2025-03-31 13:40:53,721 - 2025-03-31T13:40:53.721002, 1.442283493673607, 0.0, -0.6243196434510145, 73.06638371865859, -6.304152183045197, -53.82790134351692, 0.0016000000400000006, 16.933616281341415
2025-03-31 13:40:53,761 - 2025-03-31T13:40:53.761705, 1.4493471183841034, 0.0, -0.6266316135955599, 73.07668371866426, -6.07047402551418, -53.758988690416885, 0.0016000000400000006, 16.923316281335744
2025-03-31 13:40:53,800 - 2025-03-31T13:40:53.800691, 1.456023609457823, 0.0, -0.6283270388939854, 73.20708371873607, -5.850077246614632, -53.70990230563607, 0.0016000000400000006, 16.792916281263928
2025-03-31 13:40:53,840 - 2025-03-31T13:40:53.840402, 1.4623584172910369, 0.0, -0.6302532293612684, 73.25658371876337, -5.64065229169519, -53.652924078831404, 0.0016000000400000006, 16.743416281236634
2025-03-31 13:40:53,880 - 2025-03-31T13:40:53.880645, 1.4676668214432191, 0.0, -0.6315263536117204, 73.36518371882332, -5.465489761052147, -53.61634979688602, 0.0016000000400000006, 16.634816281176683
2025-03-31 13:40:53,940 - 2025-03-31T13:40:53.940963, 1.4741655728103984, 0.0, -0.6338686240204461, 73.45318371887195, -5.250290343749818, -53.54589744068505, 0.0016000000400000006, 16.546816281128045
2025-03-31 13:40:54,002 - 2025-03-31T13:40:54.002656, 1.4806932704822433, 0.0, -0.6354304060490876, 73.61328371896057, -5.034898175682692, -53.50104581518619, 0.0016000000400000006, 16.38671628103943
2025-03-31 13:40:54,060 - 2025-03-31T13:40:54.060959, 1.487318090053161, 0.0, -0.6374826647201095, 73.69988371900858, -4.815848924873663, -53.440217754874816, 0.0016000000400000006, 16.300116280991418
2025-03-31 13:40:54,120 - 2025-03-31T13:40:54.120970, 1.4944333862664592, 0.0, -0.639437801492059, 73.79138371905937, -4.580823239252133, -53.383046777305324, 0.0016000000400000006, 16.208616280940632
2025-03-31 13:40:54,180 - 2025-03-31T13:40:54.180836, 1.5016974758816315, 0.0, -0.641526581533792, 73.93398371913867, -4.3407929427981955, -53.321641040453905, 0.0016000000400000006, 16.066016280861334
2025-03-31 13:40:54,220 - 2025-03-31T13:40:54.220388, 1.5067978400630926, 0.0, -0.6428816775512267, 74.02528371918949, -4.172367476853296, -53.28217952731707, 0.0016000000400000006, 15.974716280810513
2025-03-31 13:40:54,260 - 2025-03-31T13:40:54.260571, 1.512596720857656, 0.0, -0.6440576799026063, 74.10628371923465, -3.9812285113977097, -53.249262328113566, 0.0016000000400000006, 15.893716280765346
2025-03-31 13:40:54,300 - 2025-03-31T13:40:54.300439, 1.518053918411713, 0.0, -0.6454644474228424, 74.1900837192814, -3.801061369922259, -53.20845328688623, 0.0016000000400000006, 15.809916280718598
2025-03-31 13:40:54,340 - 2025-03-31T13:40:54.340501, 1.5233850477620314, 0.0, -0.6471612266807827, 74.3276837193583, -3.6247440619535, -53.1580199497693, 0.0016000000400000006, 15.672316280641697
2025-03-31 13:40:54,381 - 2025-03-31T13:40:54.381123, 1.529124681987747, 0.0, -0.6485528440689285, 74.33388371936178, -3.435337550363691, -53.11798076009242, 0.0016000000400000006, 15.66611628063822
2025-03-31 13:40:54,421 - 2025-03-31T13:40:54.421550, 1.5346638513087867, 0.0, -0.6501676515598858, 74.4614837194332, -3.252283177696789, -53.07043465416695, 0.0016000000400000006, 15.538516280566796
2025-03-31 13:40:54,460 - 2025-03-31T13:40:54.460330, 1.5398386121911853, 0.0, -0.6515895692122129, 74.55018371948293, -3.0813554063356676, -53.02885576138914, 0.0016000000400000006, 15.449816280517071
2025-03-31 13:40:54,501 - 2025-03-31T13:40:54.501499, 1.545347481248044, 0.0, -0.6526395033598531, 74.55238371948417, -2.899840736769704, -52.999788395692356, 0.0016000000400000006, 15.44761628051583
2025-03-31 13:40:54,541 - 2025-03-31T13:40:54.541428, 1.5505373922625334, 0.0, -0.6543438576838385, 74.6181837195211, -2.728143113858117, -52.9489701328002, 0.0016000000400000006, 15.381816280478903
2025-03-31 13:40:54,600 - 2025-03-31T13:40:54.600590, 1.557891028710733, 0.0, -0.6567818960321223, 74.6088837195159, -2.484840660437527, -52.87620764619346, 0.0016000000400000006, 15.391116280484098
2025-03-31 13:40:54,640 - 2025-03-31T13:40:54.640512, 1.5633998977675918, 0.0, -0.657831830179763, 74.6836837195579, -2.3033259908715564, -52.84714028049666, 0.0016000000400000006, 15.316316280442097
2025-03-31 13:40:54,680 - 2025-03-31T13:40:54.680670, 1.5684926868830082, 0.0, -0.6590457078613685, 74.82888371963958, -2.135285450701865, -52.812298452417, 0.0016000000400000006, 15.171116280360424
2025-03-31 13:40:54,740 - 2025-03-31T13:40:54.740861, 1.5761880065717135, 0.0, -0.661252981040795, 74.93848371970137, -1.8810111733011823, -52.74742780783411, 0.0016000000400000006, 15.061516280298633
2025-03-31 13:40:54,780 - 2025-03-31T13:40:54.780633, 1.5813627674541126, 0.0, -0.6626748986931221, 75.02848371975213, -1.7100834019400537, -52.70584891505629, 0.0016000000400000006, 14.971516280247867
2025-03-31 13:40:54,820 - 2025-03-31T13:40:54.820397, 1.5865299532704653, 0.0, -0.6639555980096192, 75.14458371981775, -1.53954055635419, -52.66888970733567, 0.0016000000400000006, 14.855416280182256
2025-03-31 13:40:54,861 - 2025-03-31T13:40:54.861313, 1.5917122892189095, 0.0, -0.6655187339977751, 75.19538371984648, -1.368227859217832, -52.6226911295007, 0.0016000000400000006, 14.804616280153523
2025-03-31 13:40:54,902 - 2025-03-31T13:40:54.902321, 1.5968794750352626, 0.0, -0.6667994333142726, 75.1586837198257, -1.1976850136319612, -52.58573192178006, 0.0016000000400000006, 14.841316280174297
2025-03-31 13:40:54,943 - 2025-03-31T13:40:54.943144, 1.6020542359176617, 0.0, -0.6682213509665988, 75.20378371985123, -1.0267572422708255, -52.544153029002274, 0.0016000000400000006, 14.79621628014877
2025-03-31 13:40:55,001 - 2025-03-31T13:40:55.001204, 1.6094671189347083, 0.0, -0.6704437742781164, 75.09638371979048, -0.7817223349844937, -52.478512532868905, 0.0016000000400000006, 14.90361628020952
2025-03-31 13:40:55,041 - 2025-03-31T13:40:55.041011, 1.6149911381236577, 0.0, -0.6717761450974158, 75.11988371980378, -0.5994378138680503, -52.44020579705776, 0.0016000000400000006, 14.88011628019622
2025-03-31 13:40:55,080 - 2025-03-31T13:40:55.080946, 1.6202327206409484, 0.0, -0.6731236660488049, 75.05168371976524, -0.42639266286596467, -52.40112920969616, 0.0016000000400000006, 14.948316280234764
2025-03-31 13:40:55,121 - 2025-03-31T13:40:55.121137, 1.625645821758249, 0.0, -0.6750284852774668, 74.95428371971028, -0.2471881237057758, -52.34395880788107, 0.0016000000400000006, 15.045716280289724
2025-03-31 13:40:55,161 - 2025-03-31T13:40:55.161934, 1.6312215124499998, 0.0, -0.6760040227241699, 74.79358371961972, -0.06355607449884104, -52.317393747600505, 0.0016000000400000006, 15.206416280380282
2025-03-31 13:40:55,205 - 2025-03-31T13:40:55.205141, 1.636470670033336, 0.0, -0.6774927620113886, 74.67748371955443, 0.10987400227848809, -52.27369747518172, 0.0016000000400000006, 15.32251628044557
2025-03-31 13:40:55,240 - 2025-03-31T13:40:55.240333, 1.6417274026827169, 0.0, -0.6791227196344365, 74.63658371953143, 0.2836890048310323, -52.225381517705785, 0.0016000000400000006, 15.36341628046857
2025-03-31 13:40:55,281 - 2025-03-31T13:40:55.281265, 1.6467974665999976, 0.0, -0.6799129423085537, 74.50888371945979, 0.4505747676750218, -52.20439874479764, 0.0016000000400000006, 15.49111628054021
2025-03-31 13:40:55,342 - 2025-03-31T13:40:55.342577, 1.6544486898519466, 0.0, -0.6826182671964061, 74.33528371936255, 0.7038864427604423, -52.12316673962702, 0.0016000000400000006, 15.66471628063745
2025-03-31 13:40:55,380 - 2025-03-31T13:40:55.380581, 1.6594898074645603, 0.0, -0.6841889782506074, 74.30438371934527, 0.8705794548395858, -52.0765832360168, 0.0016000000400000006, 15.695616280654734
2025-03-31 13:40:55,420 - 2025-03-31T13:40:55.420526, 1.6648877584497712, 0.0, -0.6858113608076102, 74.1615837192655, 1.0490141424493302, -52.02865220431608, 0.0016000000400000006, 15.838416280734506
2025-03-31 13:40:55,461 - 2025-03-31T13:40:55.461360, 1.6703449560038282, 0.0, -0.6872181283278467, 74.04408371919996, 1.2291812839247882, -51.98784316308873, 0.0016000000400000006, 15.95591628080004
2025-03-31 13:40:55,520 - 2025-03-31T13:40:55.520485, 1.6774829774152615, 0.0, -0.6895969201072836, 73.93798371914087, 1.4653617468720128, -51.91681313034774, 0.0016000000400000006, 16.062016280859126
2025-03-31 13:40:55,560 - 2025-03-31T13:40:55.560438, 1.6828065316995349, 0.0, -0.6911524810293947, 73.8207837190757, 1.6412941290655354, -51.87099947828798, 0.0016000000400000006, 16.179216280924294
2025-03-31 13:40:55,600 - 2025-03-31T13:40:55.600654, 1.6879888676479782, 0.0, -0.6927156170175506, 73.71818371901874, 1.812606826201872, -51.824800900453006, 0.0016000000400000006, 16.28181628098126
2025-03-31 13:40:55,664 - 2025-03-31T13:40:55.664345, 1.6959817741404328, 0.0, -0.695190176736546, 73.56048371893131, 2.076890325267378, -51.75146073730621, 0.0016000000400000006, 16.43951628106869
2025-03-31 13:40:55,720 - 2025-03-31T13:40:55.720575, 1.70340980728957, 0.0, -0.6976950367197223, 73.35838371881955, 2.3226950841041827, -51.67658087105848, 0.0016000000400000006, 16.641616281180447
2025-03-31 13:40:55,780 - 2025-03-31T13:40:55.780437, 1.710994208906627, 0.0, -0.7004747583085122, 73.17048371871589, 2.573889379548625, -51.592846560471635, 0.0016000000400000006, 16.829516281284114
2025-03-31 13:40:55,820 - 2025-03-31T13:40:55.820777, 1.7163997349578826, 0.0, -0.7022383592013446, 72.99398371861878, 2.7527089929335844, -51.540295843713736, 0.0016000000400000006, 17.00601628138122
2025-03-31 13:40:55,860 - 2025-03-31T13:40:55.860502, 1.7217976859430926, 0.0, -0.7038607417583469, 72.80618371851565, 2.9311436805433004, -51.49236481201304, 0.0016000000400000006, 17.193816281484345
2025-03-31 13:40:55,920 - 2025-03-31T13:40:55.920506, 1.7292925407271222, 0.0, -0.7062912050405861, 72.56488371838354, 3.1790658190210834, -51.41998725118151, 0.0016000000400000006, 17.43511628161646
2025-03-31 13:40:55,980 - 2025-03-31T13:40:55.980895, 1.7367949705771966, 0.0, -0.7088628866586544, 72.47038371833193, 3.4273728832740886, -51.34299000529282, 0.0016000000400000006, 17.52961628166807
2025-03-31 13:40:56,040 - 2025-03-31T13:40:56.040653, 1.7438220739169812, 0.0, -0.7118141268474538, 72.22598371819866, 3.6604733642650586, -51.25309630654788, 0.0016000000400000006, 17.774016281801337
2025-03-31 13:40:56,080 - 2025-03-31T13:40:56.080730, 1.7488859167277315, 0.0, -0.7138084929091435, 72.02748371809076, 3.8283211536699397, -51.19265374776613, 0.0016000000400000006, 17.972516281909236
2025-03-31 13:40:56,122 - 2025-03-31T13:40:56.122158, 1.7540014310412828, 0.0, -0.7154460255982364, 71.8728837180069, 3.997516471165298, -51.14395286451496, 0.0016000000400000006, 18.127116281993096
2025-03-31 13:40:56,160 - 2025-03-31T13:40:56.160852, 1.7591396705529703, 0.0, -0.7175072132948177, 71.71978371792403, 4.1678665659863725, -51.08139292609225, 0.0016000000400000006, 18.28021628207597
2025-03-31 13:40:56,203 - 2025-03-31T13:40:56.203919, 1.7643371566335042, 0.0, -0.7193527859546327, 71.4887837177993, 4.339949114673175, -51.0259549781429, 0.0016000000400000006, 18.511216282200706
2025-03-31 13:40:56,260 - 2025-03-31T13:40:56.260728, 1.7716542717109927, 0.0, -0.7224300943471711, 71.22868371765925, 4.582673891553732, -50.93221144589126, 0.0016000000400000006, 18.77131628234075
2025-03-31 13:40:56,300 - 2025-03-31T13:40:56.300460, 1.7767849361566346, 0.0, -0.7243500637079232, 70.99838371753565, 4.752639060599563, -50.87427119252572, 0.0016000000400000006, 19.001616282464354
2025-03-31 13:40:56,340 - 2025-03-31T13:40:56.340812, 1.7819899973032132, 0.0, -0.7263368547035673, 70.76068371740844, 4.92510653506158, -50.81421355951921, 0.0016000000400000006, 19.23931628259156
2025-03-31 13:40:56,400 - 2025-03-31T13:40:56.400786, 1.789232715679765, 0.0, -0.7293473414612142, 70.47388371725545, 5.165329006525951, -50.72258740690852, 0.0016000000400000006, 19.526116282744553
2025-03-31 13:40:56,461 - 2025-03-31T13:40:56.460991, 1.796215722582793, 0.0, -0.732796633358439, 70.22468371712294, 5.397466885201638, -50.61633234757585, 0.0016000000400000006, 19.775316282877057
2025-03-31 13:40:56,521 - 2025-03-31T13:40:56.521085, 1.8035920842291282, 0.0, -0.7356583267142112, 69.89278371694712, 5.641924115947923, -50.52971080579757, 0.0016000000400000006, 20.10721628305288
2025-03-31 13:40:56,561 - 2025-03-31T13:40:56.561826, 1.8088715420766452, 0.0, -0.7377119393447473, 69.6893837168397, 5.816893895826183, -50.467535793150084, 0.0016000000400000006, 20.3106162831603
2025-03-31 13:40:56,601 - 2025-03-31T13:40:56.601139, 1.814135849792071, 0.0, -0.7394831153036248, 69.40518371669008, 5.99109382415395, -50.41460015061696, 0.0016000000400000006, 20.594816283309925
2025-03-31 13:40:56,661 - 2025-03-31T13:40:56.661012, 1.821668579906326, 0.0, -0.7426196702650105, 69.0270837164918, 6.240940591507879, -50.319124164499556, 0.0016000000400000006, 20.972916283508198
2025-03-31 13:40:56,720 - 2025-03-31T13:40:56.720634, 1.829000845115905, 0.0, -0.7459794153292081, 68.52728371623108, 6.484435219938902, -50.21614126213355, 0.0016000000400000006, 21.472716283768918
2025-03-31 13:40:56,780 - 2025-03-31T13:40:56.780633, 1.8362738637566371, 0.0, -0.7495547754301719, 68.00508371596034, 6.726197394504183, -50.106036369294166, 0.0016000000400000006, 21.994916284039665
2025-03-31 13:40:56,820 - 2025-03-31T13:40:56.820965, 1.841286035064585, 0.0, -0.751905974864457, 67.78538371584693, 6.892697655818523, -50.03385213498188, 0.0016000000400000006, 22.214616284153067
2025-03-31 13:40:56,861 - 2025-03-31T13:40:56.861233, 1.846365028007425, 0.0, -0.7541827775978049, 67.45528371567707, 7.061315296773849, -49.96417020608578, 0.0016000000400000006, 22.54471628432293
2025-03-31 13:40:56,900 - 2025-03-31T13:40:56.900703, 1.85145159601631, 0.0, -0.756600798666982, 67.15778371552454, 7.230317863504389, -49.889868592132515, 0.0016000000400000006, 22.842216284475455
2025-03-31 13:40:56,942 - 2025-03-31T13:40:56.942391, 1.8565974105940422, 0.0, -0.7588032046993929, 66.86278371537384, 7.401052884100679, -49.82268896865263, 0.0016000000400000006, 23.137216284626163
2025-03-31 13:40:57,000 - 2025-03-31T13:40:57.000367, 1.8638036075998823, 0.0, -0.7624529615012938, 66.336083715106, 7.6406976790249885, -49.71008177039705, 0.0016000000400000006, 23.663916284894
2025-03-31 13:40:57,040 - 2025-03-31T13:40:57.040783, 1.869031393944597, 0.0, -0.7648634075044263, 66.03848371495536, 7.814319930812729, -49.636165082219, 0.0016000000400000006, 23.961516285044638
2025-03-31 13:40:57,100 - 2025-03-31T13:40:57.100473, 1.8762451660164823, 0.0, -0.7686543826421572, 65.60518371473697, 8.054349651512261, -49.51893819890622, 0.0016000000400000006, 24.394816285263033
2025-03-31 13:40:57,160 - 2025-03-31T13:40:57.160841, 1.8833845413874297, 0.0, -0.7723785361449953, 65.20088371453414, 8.291877066795585, -49.403828695234445, 0.0016000000400000006, 24.799116285465857
2025-03-31 13:40:57,220 - 2025-03-31T13:40:57.220573, 1.8908807501309735, 0.0, -0.7761543611506356, 64.79828371433308, 8.541146157609468, -49.28737166347213, 0.0016000000400000006, 25.201716285666922
2025-03-31 13:40:57,281 - 2025-03-31T13:40:57.281135, 1.8981689189037958, 0.0, -0.7800121579232586, 64.39648371413332, 8.783678183725208, -49.16802740051838, 0.0016000000400000006, 25.603516285866675
2025-03-31 13:40:57,340 - 2025-03-31T13:40:57.340370, 1.9055239093115097, 0.0, -0.783795557994944, 63.94758371391117, 9.028327589481897, -49.05118544298085, 0.0016000000400000006, 26.052416286088828
2025-03-31 13:40:57,380 - 2025-03-31T13:40:57.380641, 1.9106924490873776, 0.0, -0.7864216190348428, 63.63108371375522, 9.200217387403889, -48.970146764329435, 0.0016000000400000006, 26.368916286244783
2025-03-31 13:40:57,440 - 2025-03-31T13:40:57.440565, 1.918426998065823, 0.0, -0.7906803456168179, 63.220883713553846, 9.457763246016846, -48.83809822352986, 0.0016000000400000006, 26.779116286446154
2025-03-31 13:40:57,502 - 2025-03-31T13:40:57.502667, 1.9257378920367811, 0.0, -0.7949617973969292, 62.755883713326654, 9.70145004945828, -48.70489490540458, 0.0016000000400000006, 27.244116286673346
2025-03-31 13:40:57,540 - 2025-03-31T13:40:57.540536, 1.9307879386749547, 0.0, -0.7980190885103609, 62.44798371317684, 9.869874939648781, -48.60961224580641, 0.0016000000400000006, 27.55201628682316
2025-03-31 13:40:57,580 - 2025-03-31T13:40:57.580883, 1.9360976967866521, 0.0, -0.800637574484214, 62.14938371303202, 10.046384422627952, -48.528958492930236, 0.0016000000400000006, 27.850616286967977
2025-03-31 13:40:57,640 - 2025-03-31T13:40:57.640714, 1.9434829874585466, 0.0, -0.8049858478992169, 61.82078371287318, 10.292573531485573, -48.393637795164, 0.0016000000400000006, 28.17921628712682
2025-03-31 13:40:57,701 - 2025-03-31T13:40:57.701247, 1.9508682781304418, 0.0, -0.8093341213142202, 61.30458371262473, 10.538762640343215, -48.258317097397736, 0.0016000000400000006, 28.695416287375267
2025-03-31 13:40:57,760 - 2025-03-31T13:40:57.760580, 1.9577706672260018, 0.0, -0.8139207349641255, 60.87288371241797, 10.769360240163572, -48.114719631832415, 0.0016000000400000006, 29.12711628758203
2025-03-31 13:40:57,820 - 2025-03-31T13:40:57.820400, 1.9647247278243638, 0.0, -0.8181505152414346, 60.532683712255675, 11.001305368074455, -47.98286384179766, 0.0016000000400000006, 29.467316287744328
2025-03-31 13:40:57,880 - 2025-03-31T13:40:57.880779, 1.9712627084812828, 0.0, -0.822544239052708, 60.09618371204828, 11.219776366589024, -47.845233589380044, 0.0016000000400000006, 29.90381628795172
2025-03-31 13:40:57,940 - 2025-03-31T13:40:57.940848, 1.9780831258098597, 0.0, -0.8269228127318913, 59.71808371186936, 11.447486735217929, -47.70837318851289, 0.0016000000400000006, 30.28191628813064
2025-03-31 13:40:58,002 - 2025-03-31T13:40:58.002921, 1.9852755266431235, 0.0, -0.831635494585536, 59.18478371161816, 11.687708630927872, -47.56092588944084, 0.0016000000400000006, 30.81521628838184
2025-03-31 13:40:58,060 - 2025-03-31T13:40:58.060699, 1.9924527773442975, 0.0, -0.8360657397675211, 58.828583711451124, 11.927160675087372, -47.42271796048317, 0.0016000000400000006, 31.17141628854888
2025-03-31 13:40:58,120 - 2025-03-31T13:40:58.120589, 1.9997636713152551, 0.0, -0.8403471915476319, 58.43908371126911, 12.170847478528806, -47.289514642357894, 0.0016000000400000006, 31.560916288730887
2025-03-31 13:40:58,181 - 2025-03-31T13:40:58.180988, 2.006681210542905, 0.0, -0.8452162418691955, 57.94608371103973, 12.402214929899614, -47.13667780667823, 0.0016000000400000006, 32.05391628896027
2025-03-31 13:40:58,241 - 2025-03-31T13:40:58.241175, 2.01408165134689, 0.0, -0.8498469519558571, 57.563483710862485, 12.649173890307708, -46.99211773879763, 0.0016000000400000006, 32.436516289137515
2025-03-31 13:40:58,300 - 2025-03-31T13:40:58.300414, 2.0209247938736037, 0.0, -0.8546491806425287, 57.15278371067293, 12.878039036262344, -46.84139828275894, 0.0016000000400000006, 32.84721628932707
2025-03-31 13:40:58,361 - 2025-03-31T13:40:58.361406, 2.027783086532407, 0.0, -0.8597338460008594, 56.66808371045018, 13.107674033767417, -46.68143945660588, 0.0016000000400000006, 33.33191628954982
2025-03-31 13:40:58,420 - 2025-03-31T13:40:58.420696, 2.0344181890883983, 0.0, -0.8646180464545132, 56.17168371022311, 13.329802115023888, -46.527832769375756, 0.0016000000400000006, 33.82831628977689
2025-03-31 13:40:58,480 - 2025-03-31T13:40:58.480797, 2.041179359848129, 0.0, -0.8692122351704632, 55.72498371001965, 13.555780029787066, -46.38385037803522, 0.0016000000400000006, 34.27501628998035
2025-03-31 13:40:58,540 - 2025-03-31T13:40:58.540787, 2.0477111193985174, 0.0, -0.8748101023693096, 55.18208370977352, 13.775213054862533, -46.206760339743965, 0.0016000000400000006, 34.81791629022648
2025-03-31 13:40:58,600 - 2025-03-31T13:40:58.600641, 2.0539742384498223, 0.0, -0.8793601946485028, 54.79718370959974, 13.984829609037966, -46.06374055071871, 0.0016000000400000006, 35.20281629040026
2025-03-31 13:40:58,660 - 2025-03-31T13:40:58.660477, 2.0604832728020748, 0.0, -0.8845344068398604, 54.26068370935854, 14.203107856787732, -45.900509567599, 0.0016000000400000006, 35.73931629064146
2025-03-31 13:40:58,722 - 2025-03-31T13:40:58.722877, 2.0672974690241217, 0.0, -0.8901171239066161, 53.77698370914209, 14.431780251977528, -45.72418938085821, 0.0016000000400000006, 36.22301629085791
2025-03-31 13:40:58,781 - 2025-03-31T13:40:58.780962, 2.07351649163867, 0.0, -0.8951652678942352, 53.52508370902971, 14.640434203837692, -45.564808231245216, 0.0016000000400000006, 36.47491629097029
2025-03-31 13:40:58,840 - 2025-03-31T13:40:58.840351, 2.0798843076550932, 0.0, -0.9003470551516379, 53.059883708822845, 14.854092766530272, -45.40119232235028, 0.0016000000400000006, 36.940116291177155
2025-03-31 13:40:58,901 - 2025-03-31T13:40:58.901285, 2.086028933568705, 0.0, -0.905328377504365, 52.58808370861391, 15.060244412974242, -45.243928552378236, 0.0016000000400000006, 37.41191629138609
2025-03-31 13:40:58,960 - 2025-03-31T13:40:58.960604, 2.092768733089815, 0.0, -0.9108442729362283, 52.15458370842267, 15.286414502747874, -45.06972574527845, 0.0016000000400000006, 37.84541629157733
2025-03-31 13:40:59,020 - 2025-03-31T13:40:59.020511, 2.0992777674420666, 0.0, -0.9160184851275863, 51.79038370826255, 15.504692750497597, -44.90649476215872, 0.0016000000400000006, 38.20961629173745
2025-03-31 13:40:59,081 - 2025-03-31T13:40:59.081017, 2.1054299684217233, 0.0, -0.9211410258161425, 51.44328370811041, 15.711229322716804, -44.744611307129524, 0.0016000000400000006, 38.55671629188959
2025-03-31 13:40:59,140 - 2025-03-31T13:40:59.140523, 2.1113741294306587, 0.0, -0.926345538271681, 51.10868370796418, 15.91102883023786, -44.57984062090888, 0.0016000000400000006, 38.89131629203582
2025-03-31 13:40:59,200 - 2025-03-31T13:40:59.200868, 2.116969032133043, 0.0, -0.9316395975602467, 50.725283707797125, 16.09947158800359, -44.411797777721596, 0.0016000000400000006, 39.274716292202875
2025-03-31 13:40:59,261 - 2025-03-31T13:40:59.260982, 2.122615606338229, 0.0, -0.9365768234762171, 50.50958370770336, 16.28926187385982, -44.25549661006484, 0.0016000000400000006, 39.49041629229664
2025-03-31 13:40:59,320 - 2025-03-31T13:40:59.320665, 2.1282773306755054, 0.0, -0.9417964860638457, 50.307283707615575, 16.479822011266513, -44.08995607229375, 0.0016000000400000006, 39.692716292384425
2025-03-31 13:40:59,381 - 2025-03-31T13:40:59.381369, 2.1338205618750883, 0.0, -0.9474473787250077, 50.04488370750193, 16.666917240941743, -43.91017155357589, 0.0016000000400000006, 39.95511629249807
2025-03-31 13:40:59,441 - 2025-03-31T13:40:59.441070, 2.139921091351943, 0.0, -0.9529267527861598, 49.96238370746625, 16.872106285070437, -43.73654642301613, 0.0016000000400000006, 40.03761629253375
2025-03-31 13:40:59,501 - 2025-03-31T13:40:59.501016, 2.1458211559241214, 0.0, -0.9586293169501232, 49.72478370736362, 17.07094319027621, -43.55541437620778, 0.0016000000400000006, 40.27521629263638
2025-03-31 13:40:59,560 - 2025-03-31T13:40:59.560470, 2.1518548637660837, 0.0, -0.9641830877122128, 49.606983707312814, 17.274014854763905, -43.37928694023181, 0.0016000000400000006, 40.393016292687186
2025-03-31 13:40:59,621 - 2025-03-31T13:40:59.621275, 2.1582681301787776, 0.0, -0.9702121849845922, 49.461783707250255, 17.489982972107875, -43.187952920993794, 0.0016000000400000006, 40.538216292749745
2025-03-31 13:40:59,680 - 2025-03-31T13:40:59.680572, 2.1645023029254173, 0.0, -0.97554276564387, 49.455083707247375, 17.699406775518526, -43.019332401266446, 0.0016000000400000006, 40.544916292752625
2025-03-31 13:40:59,740 - 2025-03-31T13:40:59.740404, 2.170654503905073, 0.0, -0.9806653063324258, 49.43238370723759, 17.905943347737697, -42.85744894623725, 0.0016000000400000006, 40.56761629276241
2025-03-31 13:40:59,801 - 2025-03-31T13:40:59.801241, 2.176390624943287, 0.0, -0.9859517905549464, 49.37988370721499, 18.099005790560604, -42.68979102882519, 0.0016000000400000006, 40.62011629278501
2025-03-31 13:40:59,861 - 2025-03-31T13:40:59.861021, 2.1825944974257454, 0.0, -0.9907174978709063, 49.22758370714952, 18.306889890870316, -42.539649249326544, 0.0016000000400000006, 40.77241629285048
2025-03-31 13:40:59,921 - 2025-03-31T13:40:59.921376, 2.1882486466969766, 0.0, -0.9957959421227063, 49.14648370711466, 18.497065102501793, -42.37872839661261, 0.0016000000400000006, 40.85351629288534
2025-03-31 13:40:59,980 - 2025-03-31T13:40:59.980568, 2.1943491761738314, 0.0, -1.0012753161838583, 49.09358370709195, 18.702254146630473, -42.205103266052845, 0.0016000000400000006, 40.90641629290805
2025-03-31 13:41:00,041 - 2025-03-31T13:41:00.041395, 2.200806539023282, 0.0, -1.0068063617478122, 49.08678370708901, 18.91918486628971, -42.03013060740258, 0.0016000000400000006, 40.91321629291099
2025-03-31 13:41:00,101 - 2025-03-31T13:41:00.101117, 2.206914643566182, 0.0, -1.0124269541447934, 49.108983707098545, 19.124758836193635, -41.851885791785655, 0.0016000000400000006, 40.891016292901455
2025-03-31 13:41:00,160 - 2025-03-31T13:41:00.160425, 2.2137288397882293, 0.0, -1.0180096712115492, 49.08268370708725, 19.35343123138346, -41.67556560504487, 0.0016000000400000006, 40.91731629291275
2025-03-31 13:41:00,220 - 2025-03-31T13:41:00.220770, 2.2201118059367424, 0.0, -1.0234738951406106, 49.088183707089634, 19.567859645626484, -41.50271032603558, 0.0016000000400000006, 40.911816292910366
2025-03-31 13:41:00,282 - 2025-03-31T13:41:00.282325, 2.2262791570484897, 0.0, -1.0288788725008255, 49.1691837071244, 19.775166069396164, -41.33158750089203, 0.0016000000400000006, 40.8308162928756
2025-03-31 13:41:00,341 - 2025-03-31T13:41:00.340954, 2.2322977147583623, 0.0, -1.0341502065912564, 49.32848370719289, 19.97746788233342, -41.16469943503041, 0.0016000000400000006, 40.67151629280712
2025-03-31 13:41:00,400 - 2025-03-31T13:41:00.400906, 2.2389252422483086, 0.0, -1.0388931887090807, 49.40118370722417, 20.199211037814663, -41.01571243285747, 0.0016000000400000006, 40.59881629277583
2025-03-31 13:41:00,460 - 2025-03-31T13:41:00.460597, 2.244394076746954, 0.0, -1.044477259735351, 49.40418370722545, 20.38380396207367, -40.83804529378057, 0.0016000000400000006, 40.59581629277455
2025-03-31 13:41:00,520 - 2025-03-31T13:41:00.520757, 2.2508059892001335, 0.0, -1.0491609952843284, 49.487183707261195, 20.598425127081534, -40.69079074547337, 0.0016000000400000006, 40.512816292738805
2025-03-31 13:41:00,581 - 2025-03-31T13:41:00.581032, 2.2569733403118803, 0.0, -1.0545659726445438, 49.58588370730371, 20.805731550851192, -40.519667920329795, 0.0016000000400000006, 40.41411629269629
2025-03-31 13:41:00,643 - 2025-03-31T13:41:00.643519, 2.263534046166934, 0.0, -1.059383351463305, 49.7754837073855, 21.025357326691434, -40.36817861274066, 0.0016000000400000006, 40.2245162926145
2025-03-31 13:41:00,700 - 2025-03-31T13:41:00.700794, 2.2698350405484655, 0.0, -1.0646395354216454, 49.84718370741646, 21.23689850974305, -40.202060398429516, 0.0016000000400000006, 40.15281629258354
2025-03-31 13:41:00,761 - 2025-03-31T13:41:00.761393, 2.275846023192293, 0.0, -1.0697696511762467, 50.049683707503995, 21.438815396905078, -40.039792017625075, 0.0016000000400000006, 39.950316292496005
2025-03-31 13:41:00,820 - 2025-03-31T13:41:00.820916, 2.2821104962031127, 0.0, -1.0756651051788415, 50.04458370750179, 21.649778903416646, -39.852692757669026, 0.0016000000400000006, 39.95541629249821
2025-03-31 13:41:00,881 - 2025-03-31T13:41:00.880974, 2.2881201248874254, 0.0, -1.0794498592100417, 50.32078370762142, 21.850348838242567, -39.73450384779537, 0.0016000000400000006, 39.67921629237858
2025-03-31 13:41:00,940 - 2025-03-31T13:41:00.940872, 2.2943618727001094, 0.0, -1.0849216582051486, 50.335383707627756, 22.06015756742842, -39.56126364301085, 0.0016000000400000006, 39.664616292372244
2025-03-31 13:41:01,003 - 2025-03-31T13:41:01.002965, 2.3009604538853896, 0.0, -1.090445128703057, 50.41648370766294, 22.28170797214485, -39.38667591013581, 0.0016000000400000006, 39.58351629233706
2025-03-31 13:41:01,061 - 2025-03-31T13:41:01.061030, 2.307082354600866, 0.0, -1.0950027960482958, 50.61008370774703, 22.486704841263133, -39.24327119533531, 0.0016000000400000006, 39.38991629225297
2025-03-31 13:41:01,121 - 2025-03-31T13:41:01.121063, 2.313345473652171, 0.0, -1.0995528883274894, 50.80868370783342, 22.696321395438567, -39.10025140631004, 0.0016000000400000006, 39.19131629216658
2025-03-31 13:41:01,180 - 2025-03-31T13:41:01.180393, 2.3194900995657823, 0.0, -1.104534210680216, 51.07918370795132, 22.90247304188255, -38.94298763633802, 0.0016000000400000006, 38.920816292048684
2025-03-31 13:41:01,241 - 2025-03-31T13:41:01.241554, 2.326296720721784, 0.0, -1.1099757094111422, 51.33738370806409, 23.13076051129712, -38.77128713465442, 0.0016000000400000006, 38.66261629193591
2025-03-31 13:41:01,300 - 2025-03-31T13:41:01.300699, 2.332983494780577, 0.0, -1.1145030764922002, 51.578483708169614, 23.354236120644096, -38.62942212295485, 0.0016000000400000006, 38.421516291830386
2025-03-31 13:41:01,361 - 2025-03-31T13:41:01.361520, 2.339521475437496, 0.0, -1.1188968003034745, 51.904583708312714, 23.57270711915867, -38.491791870537206, 0.0016000000400000006, 38.095416291687286
2025-03-31 13:41:01,420 - 2025-03-31T13:41:01.420750, 2.3459258128246305, 0.0, -1.1234393175166222, 52.16908370842906, 23.78694335839129, -38.3491570072872, 0.0016000000400000006, 37.83091629157094
2025-03-31 13:41:01,480 - 2025-03-31T13:41:01.480609, 2.3525306151164416, 0.0, -1.127758644626959, 52.458883708556826, 24.007531736546845, -38.21402906028577, 0.0016000000400000006, 37.541116291443174
2025-03-31 13:41:01,541 - 2025-03-31T13:41:01.541407, 2.358660090897963, 0.0, -1.1324575303080273, 52.70708370866654, 24.212913531440357, -38.066004660428085, 0.0016000000400000006, 37.29291629133346
2025-03-31 13:41:01,600 - 2025-03-31T13:41:01.600549, 2.3650720033511425, 0.0, -1.137141265857005, 53.04538370881643, 24.42753469644822, -37.91875011212087, 0.0016000000400000006, 36.95461629118357
2025-03-31 13:41:01,660 - 2025-03-31T13:41:01.660421, 2.3719743924467025, 0.0, -1.14172787950691, 53.36348370895777, 24.658132296268576, -37.77515264655556, 0.0016000000400000006, 36.63651629104223
2025-03-31 13:41:01,721 - 2025-03-31T13:41:01.721349, 2.3785275232357117, 0.0, -1.1464040399898425, 53.69748370910659, 24.877373146333603, -37.628283024023574, 0.0016000000400000006, 36.30251629089341
2025-03-31 13:41:01,781 - 2025-03-31T13:41:01.781696, 2.385935539105742, 0.0, -1.1511759684123337, 54.02818370925439, 25.12471703251694, -37.4791032710858, 0.0016000000400000006, 35.97181629074561
2025-03-31 13:41:01,841 - 2025-03-31T13:41:01.841141, 2.3929336961408607, 0.0, -1.1549076969812173, 54.45228370944457, 25.3576247627431, -37.36360884163878, 0.0016000000400000006, 35.54771629055543
2025-03-31 13:41:01,901 - 2025-03-31T13:41:01.901715, 2.399635620331744, 0.0, -1.159717500733934, 54.78838370959579, 25.58187022364053, -37.212504459824856, 0.0016000000400000006, 35.21161629040421
2025-03-31 13:41:01,960 - 2025-03-31T13:41:01.960815, 2.40623284755751, 0.0, -1.1638956095084412, 55.10148370973708, 25.802073676020854, -37.081996197880606, 0.0016000000400000006, 34.89851629026292
2025-03-31 13:41:02,020 - 2025-03-31T13:41:02.020469, 2.413551316594513, 0.0, -1.1683182796243816, 55.40678370987524, 26.046145405237503, -36.94417319469815, 0.0016000000400000006, 34.59321629012476
2025-03-31 13:41:02,080 - 2025-03-31T13:41:02.080638, 2.4205418985635863, 0.0, -1.1719087898574356, 55.72188371001826, 26.278668209688426, -36.83329845030831, 0.0016000000400000006, 34.27811628998174
2025-03-31 13:41:02,141 - 2025-03-31T13:41:02.141045, 2.4270950293525955, 0.0, -1.1765849503403687, 56.1488837102127, 26.497909059753475, -36.68642882777632, 0.0016000000400000006, 33.8511162897873
2025-03-31 13:41:02,201 - 2025-03-31T13:41:02.201190, 2.4338713502444165, 0.0, -1.181461575727977, 56.643283710438816, 26.72465682606711, -36.53320706632144, 0.0016000000400000006, 33.356716289561184
2025-03-31 13:41:02,260 - 2025-03-31T13:41:02.260681, 2.4410258757474543, 0.0, -1.1854681659024742, 57.21738371070271, 26.9629540929009, -36.40885819253529, 0.0016000000400000006, 32.78261628929729
2025-03-31 13:41:02,321 - 2025-03-31T13:41:02.321087, 2.447749171176959, 0.0, -1.1893562629392775, 57.47118371081981, 27.187007378787925, -36.28797422648063, 0.0016000000400000006, 32.52881628918019
2025-03-31 13:41:02,380 - 2025-03-31T13:41:02.380718, 2.453796675191498, 0.0, -1.1938471086496247, 57.86438371100184, 27.389501942490007, -36.14668689132108, 0.0016000000400000006, 32.13561628899816
2025-03-31 13:41:02,440 - 2025-03-31T13:41:02.440632, 2.460668764022877, 0.0, -1.1978688489562122, 58.26158371118639, 27.618559839209432, -36.021568165984476, 0.0016000000400000006, 31.738416288813614
2025-03-31 13:41:02,500 - 2025-03-31T13:41:02.500930, 2.4676972213221764, 0.0, -1.2021654508684132, 58.67108371137741, 27.853007272536523, -35.88759499630875, 0.0016000000400000006, 31.32891628862259
2025-03-31 13:41:02,561 - 2025-03-31T13:41:02.561153, 2.474747049860096, 0.0, -1.205540346064701, 59.13918371159673, 28.087262530853174, -35.78384224239228, 0.0016000000400000006, 30.860816288403274
2025-03-31 13:41:02,620 - 2025-03-31T13:41:02.620378, 2.4818499038603323, 0.0, -1.209903769611794, 59.456283711745876, 28.32421226959645, -35.64775169307558, 0.0016000000400000006, 30.543716288254124
2025-03-31 13:41:02,680 - 2025-03-31T13:41:02.680401, 2.488647595990775, 0.0, -1.2138586882834899, 59.706383711863836, 28.550767860899697, -35.52475034737993, 0.0016000000400000006, 30.293616288136164
2025-03-31 13:41:02,741 - 2025-03-31T13:41:02.740998, 2.495594081523091, 0.0, -1.2179472502249693, 59.92618371196776, 28.782328063035337, -35.39751424240236, 0.0016000000400000006, 30.07381628803224
2025-03-31 13:41:02,800 - 2025-03-31T13:41:02.800650, 2.502525416923318, 0.0, -1.2217533754947905, 60.152783712075134, 29.013118413620525, -35.27951750753912, 0.0016000000400000006, 29.84721628792487
2025-03-31 13:41:02,860 - 2025-03-31T13:41:02.860646, 2.5096647922942656, 0.0, -1.225477528997629, 60.348783712168185, 29.250645828903856, -35.16440800386733, 0.0016000000400000006, 29.651216287831815
2025-03-31 13:41:02,921 - 2025-03-31T13:41:02.921443, 2.5167676462945017, 0.0, -1.2298409525447225, 60.63058371230233, 29.487595567647134, -35.02831745455062, 0.0016000000400000006, 29.36941628769767
2025-03-31 13:41:02,964 - 2025-03-31T13:41:02.964110, 2.5223598410778574, 0.0, -1.2324442883864855, 60.805583712385825, 29.673344420740634, -34.948433553224895, 0.0016000000400000006, 29.19441628761417
2025-03-31 13:41:03,004 - 2025-03-31T13:41:03.004018, 2.527372012385805, 0.0, -1.2347954878207705, 60.979083712468764, 29.83984468205498, -34.876249318912606, 0.0016000000400000006, 29.020916287531236
2025-03-31 13:41:03,061 - 2025-03-31T13:41:03.061027, 2.533849392514363, 0.0, -1.2380594649454095, 61.17188371256109, 30.055236274367715, -34.775576546952394, 0.0016000000400000006, 28.82811628743891
2025-03-31 13:41:03,120 - 2025-03-31T13:41:03.120754, 2.5407139062796973, 0.0, -1.2419399869161678, 61.48858371271313, 30.283909245311925, -34.65507750667295, 0.0016000000400000006, 28.51141628728687
2025-03-31 13:41:03,180 - 2025-03-31T13:41:03.180802, 2.5480020750525196, 0.0, -1.2457977836887908, 61.68538371280787, 30.52644127142767, -34.53573324371921, 0.0016000000400000006, 28.31461628719213
2025-03-31 13:41:03,220 - 2025-03-31T13:41:03.220605, 2.553036971558603, 0.0, -1.2485726381305637, 61.94908371293515, 30.694096310067714, -34.44968995423539, 0.0016000000400000006, 28.05091628706485
2025-03-31 13:41:03,283 - 2025-03-31T13:41:03.283647, 2.5605407553681916, 0.0, -1.2524896814720337, 62.17568371304477, 30.94375032665681, -34.328613237415894, 0.0016000000400000006, 27.82431628695523
2025-03-31 13:41:03,341 - 2025-03-31T13:41:03.341228, 2.5673598187372546, 0.0, -1.2555228934278153, 62.500883713202555, 31.170113742949624, -34.23583230747954, 0.0016000000400000006, 27.499116286797445
2025-03-31 13:41:03,381 - 2025-03-31T13:41:03.381571, 2.5724539618121853, 0.0, -1.2580821328328224, 62.61408371325759, 31.339501235455415, -34.15691100846907, 0.0016000000400000006, 27.385916286742408
2025-03-31 13:41:03,440 - 2025-03-31T13:41:03.440840, 2.5793777221463663, 0.0, -1.261747039766814, 62.84568371337044, 31.569906660265367, -34.04353395866302, 0.0016000000400000006, 27.15431628662956
2025-03-31 13:41:03,480 - 2025-03-31T13:41:03.480416, 2.584538686856189, 0.0, -1.2642318824708836, 63.008883713450125, 31.741411532412123, -33.967114965068774, 0.0016000000400000006, 26.991116286549875
2025-03-31 13:41:03,540 - 2025-03-31T13:41:03.540945, 2.5920941421685795, 0.0, -1.2677920924397572, 63.14148371351498, 31.992413077091754, -33.85777992377985, 0.0016000000400000006, 26.85851628648502
2025-03-31 13:41:03,601 - 2025-03-31T13:41:03.601017, 2.5990027523706702, 0.0, -1.27117456270209, 63.214683713550805, 32.22204865035123, -33.75364224408815, 0.0016000000400000006, 26.785316286449195
2025-03-31 13:41:03,660 - 2025-03-31T13:41:03.660843, 2.6058596910699596, 0.0, -1.2749138663370192, 63.41448371364878, 32.45033669552022, -33.63776288886589, 0.0016000000400000006, 26.585516286351226
2025-03-31 13:41:03,700 - 2025-03-31T13:41:03.700332, 2.610902162642088, 0.0, -1.2778299391146213, 63.343283713613836, 32.61837665993549, -33.5470999143249, 0.0016000000400000006, 26.656716286386164
2025-03-31 13:41:03,760 - 2025-03-31T13:41:03.760451, 2.617810772844179, 0.0, -1.2812124093769541, 63.538483713709674, 32.848012233194964, -33.44296223463321, 0.0016000000400000006, 26.461516286290326
2025-03-31 13:41:03,821 - 2025-03-31T13:41:03.821230, 2.6250837914849106, 0.0, -1.2847877694779184, 63.52538371370322, 33.08977440776024, -33.33285734179381, 0.0016000000400000006, 26.47461628629678
2025-03-31 13:41:03,880 - 2025-03-31T13:41:03.880734, 2.631709965015343, 0.0, -1.2881853898723419, 63.657683713768286, 33.31017061090539, -33.227949810551635, 0.0016000000400000006, 26.342316286231718
2025-03-31 13:41:03,940 - 2025-03-31T13:41:03.940838, 2.6390284340523458, 0.0, -1.2926080599882819, 63.60158371374068, 33.55424234012203, -33.090126807369195, 0.0016000000400000006, 26.398416286259323
2025-03-31 13:41:03,982 - 2025-03-31T13:41:03.982442, 2.644055755492384, 0.0, -1.2952416960942257, 63.63148371375537, 33.72151245298685, -33.00870320294255, 0.0016000000400000006, 26.368516286244628
2025-03-31 13:41:04,042 - 2025-03-31T13:41:04.042675, 2.6513060489349805, 0.0, -1.2983934011877016, 63.696883713787585, 33.962119850226436, -32.91245736527469, 0.0016000000400000006, 26.303116286212415
2025-03-31 13:41:04,101 - 2025-03-31T13:41:04.101197, 2.6580217692984403, 0.0, -1.3021402798886759, 63.80948371384305, 34.18578821033823, -32.7961930842772, 0.0016000000400000006, 26.19051628615695
2025-03-31 13:41:04,160 - 2025-03-31T13:41:04.160869, 2.665443581341047, 0.0, -1.3058492832594242, 63.866483713871155, 34.43255499573592, -32.68185343215586, 0.0016000000400000006, 26.13351628612885
2025-03-31 13:41:04,220 - 2025-03-31T13:41:04.220502, 2.6722929449742905, 0.0, -1.3094473685585237, 63.68988371378413, 34.66045811512965, -32.57059376199078, 0.0016000000400000006, 26.310116286215873
2025-03-31 13:41:04,281 - 2025-03-31T13:41:04.281245, 2.6797891537178344, 0.0, -1.313223193564164, 63.71628371379715, 34.90972720594355, -32.45413673022847, 0.0016000000400000006, 26.283716286202853
2025-03-31 13:41:04,340 - 2025-03-31T13:41:04.340439, 2.687084897556702, 0.0, -1.3172222086726162, 63.58058371373037, 35.152644157834516, -32.33017278221755, 0.0016000000400000006, 26.419416286269634
2025-03-31 13:41:04,400 - 2025-03-31T13:41:04.400417, 2.6942394230597397, 0.0, -1.3212287988471134, 63.536283713708585, 35.390941424668306, -32.20582390843141, 0.0016000000400000006, 26.463716286291415
2025-03-31 13:41:04,440 - 2025-03-31T13:41:04.440447, 2.699266744499778, 0.0, -1.3238624349530572, 63.50768371369453, 35.558211537533104, -32.12440030400476, 0.0016000000400000006, 26.492316286305467
2025-03-31 13:41:04,480 - 2025-03-31T13:41:04.480693, 2.70439740894542, 0.0, -1.3257824043138093, 63.45968371367094, 35.72817670657895, -32.06646005063922, 0.0016000000400000006, 26.54031628632906
2025-03-31 13:41:04,541 - 2025-03-31T13:41:04.541827, 2.7113363194116915, 0.0, -1.3297297479194596, 63.21258371354978, 35.95935198293935, -31.943843630718817, 0.0016000000400000006, 26.787416286450217
2025-03-31 13:41:04,600 - 2025-03-31T13:41:04.600356, 2.7180520397751513, 0.0, -1.3334766266204334, 63.11538371350221, 36.18302034305117, -31.827579349721333, 0.0016000000400000006, 26.88461628649779
2025-03-31 13:41:04,660 - 2025-03-31T13:41:04.660526, 2.7248421568395482, 0.0, -1.3372903269562997, 62.930983713412076, 36.40919100857916, -31.709197689082874, 0.0016000000400000006, 27.069016286587924
2025-03-31 13:41:04,720 - 2025-03-31T13:41:04.720320, 2.7317810673058194, 0.0, -1.34123767056195, 62.74078371331929, 36.64036628493957, -31.58658126916247, 0.0016000000400000006, 27.25921628668071
2025-03-31 13:41:04,781 - 2025-03-31T13:41:04.781011, 2.7390692360786417, 0.0, -1.3450954673345725, 62.567683713235034, 36.8828983110553, -31.467237006208727, 0.0016000000400000006, 27.432316286764966
2025-03-31 13:41:04,841 - 2025-03-31T13:41:04.840980, 2.746008146544913, 0.0, -1.3490428109402233, 62.37408371314094, 37.1140735874157, -31.344620586288308, 0.0016000000400000006, 27.62591628685906
2025-03-31 13:41:04,880 - 2025-03-31T13:41:04.880709, 2.751027892918906, 0.0, -1.351535228710338, 62.37258371314023, 37.28095877450529, -31.267816666918836, 0.0016000000400000006, 27.62741628685977
2025-03-31 13:41:04,940 - 2025-03-31T13:41:04.940442, 2.7583160616917284, 0.0, -1.3553930254829605, 62.07658371299678, 37.52349080062102, -31.148472403965105, 0.0016000000400000006, 27.92341628700322
2025-03-31 13:41:05,002 - 2025-03-31T13:41:05.002762, 2.765611805530596, 0.0, -1.3593920405914126, 61.938083712929824, 37.766407752511995, -31.024508455954184, 0.0016000000400000006, 28.061916287070176
2025-03-31 13:41:05,061 - 2025-03-31T13:41:05.061193, 2.7726099625657143, 0.0, -1.3631237691602962, 61.72618371282754, 37.99931548273815, -30.90901402650716, 0.0016000000400000006, 28.27381628717246
2025-03-31 13:41:05,120 - 2025-03-31T13:41:05.120450, 2.779623269732923, 0.0, -1.3671379344008385, 61.59598371276483, 38.232993064514766, -30.784280226945782, 0.0016000000400000006, 28.404016287235173
2025-03-31 13:41:05,183 - 2025-03-31T13:41:05.183411, 2.7868597670029436, 0.0, -1.3713525645460574, 61.48418371271103, 38.474177562539985, -30.653194288461485, 0.0016000000400000006, 28.51581628728897
2025-03-31 13:41:05,240 - 2025-03-31T13:41:05.240807, 2.7938730741701523, 0.0, -1.3753667297865997, 61.35708371264996, 38.707855144316596, -30.52846048890011, 0.0016000000400000006, 28.64291628735004
2025-03-31 13:41:05,300 - 2025-03-31T13:41:05.300562, 2.8011171465062175, 0.0, -1.379722578267648, 61.2359837125918, 38.94942456811705, -30.392754865358622, 0.0016000000400000006, 28.764016287408197
2025-03-31 13:41:05,361 - 2025-03-31T13:41:05.361371, 2.808212425440409, 0.0, -1.3839447834789116, 61.11508371253385, 39.1859893810851, -30.26128400109911, 0.0016000000400000006, 28.884916287466147
2025-03-31 13:41:05,421 - 2025-03-31T13:41:05.421158, 2.814876474301067, 0.0, -1.3880484955524817, 60.8873837124249, 39.40831021310639, -30.13327804457106, 0.0016000000400000006, 29.1126162875751
2025-03-31 13:41:05,481 - 2025-03-31T13:41:05.481045, 2.8218229598333835, 0.0, -1.3921370574939615, 60.75718371236272, 39.63987041524204, -30.00604193959347, 0.0016000000400000006, 29.242816287637282
2025-03-31 13:41:05,540 - 2025-03-31T13:41:05.540580, 2.828435337191239, 0.0, -1.3965976029401275, 60.702783712336746, 39.860843719172806, -29.866294307534872, 0.0016000000400000006, 29.29721628766325
2025-03-31 13:41:05,600 - 2025-03-31T13:41:05.600580, 2.834950592650023, 0.0, -1.4005676717439135, 60.626283712300285, 40.0781599403617, -29.74252311028877, 0.0016000000400000006, 29.373716287699718
2025-03-31 13:41:05,660 - 2025-03-31T13:41:05.660486, 2.841458273042761, 0.0, -1.4043965222118695, 60.492883712236754, 40.295091235775345, -29.623371598099858, 0.0016000000400000006, 29.507116287763246
2025-03-31 13:41:05,720 - 2025-03-31T13:41:05.720899, 2.8483303618741402, 0.0, -1.4084182625184574, 60.38028371218317, 40.52414913249477, -29.49825287276324, 0.0016000000400000006, 29.61971628781683
2025-03-31 13:41:05,780 - 2025-03-31T13:41:05.780562, 2.8551280540045827, 0.0, -1.4123731811901532, 60.18798371209183, 40.75070472379802, -29.375251527067583, 0.0016000000400000006, 29.812016287908172
2025-03-31 13:41:05,841 - 2025-03-31T13:41:05.841520, 2.8622233329387736, 0.0, -1.4165953864014167, 59.968483711987794, 40.98726953676606, -29.24378066280807, 0.0016000000400000006, 30.031516288012206
2025-03-31 13:41:05,900 - 2025-03-31T13:41:05.900708, 2.8689693535664142, 0.0, -1.420907138445708, 59.72968371187485, 41.2124775999788, -29.109037641581885, 0.0016000000400000006, 30.270316288125155
2025-03-31 13:41:05,940 - 2025-03-31T13:41:05.940641, 2.8740634966413445, 0.0, -1.4234663778507146, 59.65618371184015, 41.381865092484574, -29.030116342571443, 0.0016000000400000006, 30.343816288159854
2025-03-31 13:41:06,000 - 2025-03-31T13:41:06.000703, 2.8811587755755355, 0.0, -1.4276885830619785, 59.46328371174918, 41.61842990545262, -28.89864547831191, 0.0016000000400000006, 30.536716288250823
2025-03-31 13:41:06,060 - 2025-03-31T13:41:06.060665, 2.8879791929041128, 0.0, -1.4320671567411623, 59.272183711659245, 41.846140274081534, -28.76178507744474, 0.0016000000400000006, 30.727816288340755
2025-03-31 13:41:06,120 - 2025-03-31T13:41:06.120688, 2.8948891570657183, 0.0, -1.4367949887268967, 59.08248371157011, 42.07712279967714, -28.613567926822242, 0.0016000000400000006, 30.91751628842989
2025-03-31 13:41:06,180 - 2025-03-31T13:41:06.180517, 2.9018507927301247, 0.0, -1.4411659873400349, 58.83168371145254, 42.30945285336323, -28.477092451730314, 0.0016000000400000006, 31.168316288547462
2025-03-31 13:41:06,240 - 2025-03-31T13:41:06.240552, 2.908753181825685, 0.0, -1.4457526009899397, 58.60978371134879, 42.5400504531836, -28.333494986165007, 0.0016000000400000006, 31.39021628865121
2025-03-31 13:41:06,300 - 2025-03-31T13:41:06.300547, 2.9156479958552, 0.0, -1.4501979963040155, 58.418183711259374, 42.77026312722873, -28.194517205656865, 0.0016000000400000006, 31.581816288740626
2025-03-31 13:41:06,361 - 2025-03-31T13:41:06.361085, 2.9223423449800383, 0.0, -1.454866581720903, 58.22558371116964, 42.99412366235095, -28.048032508900107, 0.0016000000400000006, 31.77441628883036
2025-03-31 13:41:06,420 - 2025-03-31T13:41:06.420631, 2.929229583943508, 0.0, -1.4591707586991491, 58.03548371108127, 43.22395141062085, -27.91367441344915, 0.0016000000400000006, 31.964516288918727
2025-03-31 13:41:06,480 - 2025-03-31T13:41:06.480469, 2.9356931678994895, 0.0, -1.463497660875531, 57.897783711017325, 43.43992010371922, -27.778161540672496, 0.0016000000400000006, 32.102216288982675
2025-03-31 13:41:06,541 - 2025-03-31T13:41:06.541066, 2.942387517024328, 0.0, -1.4681662462924185, 57.69758371092454, 43.66378063884142, -27.631676843915738, 0.0016000000400000006, 32.30241628907546
2025-03-31 13:41:06,601 - 2025-03-31T13:41:06.601222, 2.948925497681247, 0.0, -1.4725599701036924, 57.48348371082552, 43.88225163735599, -27.494046591498112, 0.0016000000400000006, 32.51651628917448
2025-03-31 13:41:06,660 - 2025-03-31T13:41:06.660458, 2.955761065141915, 0.0, -1.4772209804545344, 57.24158371071385, 44.110731857535384, -27.347946820516604, 0.0016000000400000006, 32.75841628928615
2025-03-31 13:41:06,720 - 2025-03-31T13:41:06.720705, 2.9624554142667536, 0.0, -1.4818895658714224, 57.09048371064424, 44.33459239265762, -27.201462123759832, 0.0016000000400000006, 32.90951628935576
2025-03-31 13:41:06,780 - 2025-03-31T13:41:06.780878, 2.9695734183990803, 0.0, -1.4865354260901738, 56.85178371053449, 44.572311982951355, -27.056132204328794, 0.0016000000400000006, 33.14821628946551
2025-03-31 13:41:06,840 - 2025-03-31T13:41:06.840534, 2.976118974122044, 0.0, -1.4910703682372772, 56.66538371044895, 44.791167907241146, -26.91388226685398, 0.0016000000400000006, 33.33461628955105
2025-03-31 13:41:06,901 - 2025-03-31T13:41:06.901337, 2.982962116648757, 0.0, -1.4958725969239488, 56.570283710405356, 45.020033053195775, -26.763162810815285, 0.0016000000400000006, 33.429716289594644
2025-03-31 13:41:06,960 - 2025-03-31T13:41:06.960708, 2.9897308624745325, 0.0, -1.5006080039757284, 56.41588371033468, 45.246395893734174, -26.614560734417562, 0.0016000000400000006, 33.58411628966532
2025-03-31 13:41:07,021 - 2025-03-31T13:41:07.021273, 2.9960015565918834, 0.0, -1.5052993145907512, 56.22378371024688, 45.45639737368487, -26.46692126033512, 0.0016000000400000006, 33.77621628975312
2025-03-31 13:41:07,080 - 2025-03-31T13:41:07.080537, 3.0026290840818297, 0.0, -1.5100422967085758, 56.03248371015962, 45.678140529166114, -26.31793425816217, 0.0016000000400000006, 33.96751628984038
2025-03-31 13:41:07,141 - 2025-03-31T13:41:07.141086, 3.009331008272713, 0.0, -1.5148521004612925, 55.95718371012531, 45.90238599006355, -26.166829876348245, 0.0016000000400000006, 34.04281628987469
2025-03-31 13:41:07,200 - 2025-03-31T13:41:07.200669, 3.0158992891938126, 0.0, -1.5198106976158838, 55.77728371004343, 46.12239669167905, -26.01072088370191, 0.0016000000400000006, 34.22271628995657
2025-03-31 13:41:07,261 - 2025-03-31T13:41:07.261334, 3.0225784881865607, 0.0, -1.5241968463611126, 55.6502837099857, 46.3454873752508, -25.87347555705951, 0.0016000000400000006, 34.3497162900143
2025-03-31 13:41:07,320 - 2025-03-31T13:41:07.320802, 3.028841607237866, 0.0, -1.5287469386403059, 55.466883709902476, 46.55510392942624, -25.730455768034254, 0.0016000000400000006, 34.533116290097524
2025-03-31 13:41:07,380 - 2025-03-31T13:41:07.380433, 3.035402313092921, 0.0, -1.533564317459068, 55.17008370976811, 46.77472970526653, -25.578966460445088, 0.0016000000400000006, 34.82991629023189
2025-03-31 13:41:07,440 - 2025-03-31T13:41:07.440789, 3.0420374156489123, 0.0, -1.5384485179127223, 55.018483709699574, 46.996857786523, -25.42535977321495, 0.0016000000400000006, 34.981516290300426
2025-03-31 13:41:07,500 - 2025-03-31T13:41:07.500343, 3.0488213116067784, 0.0, -1.5434663616361601, 54.815283709607904, 47.22399047861187, -25.26751832670289, 0.0016000000400000006, 35.184716290392096
2025-03-31 13:41:07,564 - 2025-03-31T13:41:07.564944, 3.055523235797662, 0.0, -1.5482761653888772, 54.63928370952865, 47.44823593950932, -25.116413944888954, 0.0016000000400000006, 35.36071629047135
2025-03-31 13:41:07,621 - 2025-03-31T13:41:07.621940, 3.061957873448977, 0.0, -1.5533835559453428, 54.46118370944856, 47.66401188184286, -24.95530034141022, 0.0016000000400000006, 35.53881629055144
2025-03-31 13:41:07,680 - 2025-03-31T13:41:07.680715, 3.068377360968202, 0.0, -1.5582085098301497, 54.30748370937955, 47.879017972625945, -24.803426108045837, 0.0016000000400000006, 35.69251629062045
2025-03-31 13:41:07,740 - 2025-03-31T13:41:07.740697, 3.0750641350269956, 0.0, -1.5627358769112076, 54.11528370929338, 48.10249358197294, -24.66156109634627, 0.0016000000400000006, 35.88471629070662
2025-03-31 13:41:07,802 - 2025-03-31T13:41:07.802903, 3.0812163360066522, 0.0, -1.5678584175997639, 53.888383709191864, 48.309030154192136, -24.499677641317064, 0.0016000000400000006, 36.111616290808136
2025-03-31 13:41:07,860 - 2025-03-31T13:41:07.860312, 3.0876206733937868, 0.0, -1.5724009348129124, 53.66778370909333, 48.52326639342477, -24.357042778067022, 0.0016000000400000006, 36.33221629090667
2025-03-31 13:41:07,920 - 2025-03-31T13:41:07.920498, 3.0937880245055336, 0.0, -1.577805912173127, 53.46778370900418, 48.73057281719443, -24.185919952923477, 0.0016000000400000006, 36.53221629099582
2025-03-31 13:41:07,981 - 2025-03-31T13:41:07.981464, 3.10041555199548, 0.0, -1.5825488942909516, 53.246783708905866, 48.95231597267566, -24.036932950750526, 0.0016000000400000006, 36.753216291094134
2025-03-31 13:41:08,041 - 2025-03-31T13:41:08.040974, 3.10699898304867, 0.0, -1.5877899281172017, 53.17258370887288, 49.17309652584162, -23.871584587989837, 0.0016000000400000006, 36.82741629112712
2025-03-31 13:41:08,100 - 2025-03-31T13:41:08.100583, 3.1132772522320655, 0.0, -1.592622457068054, 52.99738370879513, 49.38348293156754, -23.71932542885021, 0.0016000000400000006, 37.00261629120487
2025-03-31 13:41:08,161 - 2025-03-31T13:41:08.161440, 3.119771136452228, 0.0, -1.597514232587753, 52.8445837087274, 49.600991327766835, -23.565333815844863, 0.0016000000400000006, 37.1554162912726
2025-03-31 13:41:08,220 - 2025-03-31T13:41:08.220520, 3.1261465275346962, 0.0, -1.6028372381809857, 52.66588370864831, 49.81503481623466, -23.397098221892733, 0.0016000000400000006, 37.33411629135169
2025-03-31 13:41:08,280 - 2025-03-31T13:41:08.280648, 3.132729958587886, 0.0, -1.6080782720072353, 52.41408370853706, 50.0358153694006, -23.23174985913206, 0.0016000000400000006, 37.58591629146294
2025-03-31 13:41:08,340 - 2025-03-31T13:41:08.340506, 3.139231417874093, 0.0, -1.6131112658627638, 52.23558370845835, 50.253708691375124, -23.07313856106952, 0.0016000000400000006, 37.76441629154165
2025-03-31 13:41:08,400 - 2025-03-31T13:41:08.400573, 3.146015313831959, 0.0, -1.618129109586202, 52.0969837083973, 50.480841383463996, -22.915297114557447, 0.0016000000400000006, 37.9030162916027
2025-03-31 13:41:08,460 - 2025-03-31T13:41:08.460351, 3.1523907049144277, 0.0, -1.6234521151794343, 52.076183708388164, 50.69488487193182, -22.747061520605328, 0.0016000000400000006, 37.923816291611836
2025-03-31 13:41:08,521 - 2025-03-31T13:41:08.521020, 3.1587660959968957, 0.0, -1.628775120772667, 52.03548370837026, 50.90892836039963, -22.578825926653195, 0.0016000000400000006, 37.96451629162974
2025-03-31 13:41:08,581 - 2025-03-31T13:41:08.581488, 3.1649926936774895, 0.0, -1.6339644830961149, 51.87148370829817, 51.11796723803502, -22.414825091983037, 0.0016000000400000006, 38.12851629170183
2025-03-31 13:41:08,640 - 2025-03-31T13:41:08.640744, 3.171368084759958, 0.0, -1.6392874886893476, 51.866883708296136, 51.332010726502844, -22.246589498030904, 0.0016000000400000006, 38.133116291703864
2025-03-31 13:41:08,700 - 2025-03-31T13:41:08.700515, 3.1777434758424263, 0.0, -1.6446104942825799, 51.838183708283545, 51.54605421497065, -22.07835390407879, 0.0016000000400000006, 38.161816291716455
2025-03-31 13:41:08,760 - 2025-03-31T13:41:08.760848, 3.1843861534644633, 0.0, -1.6496359130720633, 51.90778370831412, 51.76856722200236, -21.92012753179148, 0.0016000000400000006, 38.09221629168588
2025-03-31 13:41:08,820 - 2025-03-31T13:41:08.820391, 3.190582450880876, 0.0, -1.654260402052194, 51.96508370833929, 51.97606639653683, -21.774605437350008, 0.0016000000400000006, 38.03491629166071
2025-03-31 13:41:08,880 - 2025-03-31T13:41:08.880933, 3.1973146753359405, 0.0, -1.6596350791482282, 51.852783708289955, 52.201851560535204, -21.60502231530738, 0.0016000000400000006, 38.147216291710045
2025-03-31 13:41:08,940 - 2025-03-31T13:41:08.940774, 3.203228536080695, 0.0, -1.6642747182604491, 51.74138370824107, 52.400111364955336, -21.458730369315454, 0.0016000000400000006, 38.25861629175893
2025-03-31 13:41:09,000 - 2025-03-31T13:41:09.000451, 3.2099531854697143, 0.0, -1.6695081770206541, 51.68568370821662, 52.62551160317847, -21.293766932329994, 0.0016000000400000006, 38.314316291783385
2025-03-31 13:41:09,061 - 2025-03-31T13:41:09.061174, 3.215949017981451, 0.0, -1.6743558561035967, 51.72778370823508, 52.82665863879003, -21.140737921639914, 0.0016000000400000006, 38.27221629176492
2025-03-31 13:41:09,120 - 2025-03-31T13:41:09.120549, 3.222599270669533, 0.0, -1.6795224932289097, 51.76258370825034, 53.04955657159695, -20.977891864295426, 0.0016000000400000006, 38.23741629174966
2025-03-31 13:41:09,183 - 2025-03-31T13:41:09.183193, 3.2290414833868937, 0.0, -1.6847711021212044, 51.636683708195136, 53.26571743970575, -20.812158575759522, 0.0016000000400000006, 38.363316291804864
2025-03-31 13:41:09,241 - 2025-03-31T13:41:09.241024, 3.2353349027023794, 0.0, -1.6898860677437155, 51.625783708190355, 53.476873696982125, -20.650660046505543, 0.0016000000400000006, 38.374216291809645
2025-03-31 13:41:09,300 - 2025-03-31T13:41:09.300639, 3.2421856202951376, 0.0, -1.6948295147662162, 51.56918370816556, 53.706123768711976, -20.495320905409677, 0.0016000000400000006, 38.43081629183444
2025-03-31 13:41:09,360 - 2025-03-31T13:41:09.360773, 3.2484790396106233, 0.0, -1.6999444803887274, 51.59858370817843, 53.91728002598835, -20.3338223761557, 0.0016000000400000006, 38.40141629182157
2025-03-31 13:41:09,421 - 2025-03-31T13:41:09.421530, 3.2549136772619387, 0.0, -1.705051870945193, 51.661083708205815, 54.133055968321905, -20.17270877267697, 0.0016000000400000006, 38.338916291794185
2025-03-31 13:41:09,481 - 2025-03-31T13:41:09.481084, 3.261207096577425, 0.0, -1.710166836567704, 51.64298370819791, 54.34421222559828, -20.01121024342299, 0.0016000000400000006, 38.35701629180209
2025-03-31 13:41:09,540 - 2025-03-31T13:41:09.540514, 3.2675673375278027, 0.0, -1.7152074054892776, 51.77428370825548, 54.55748586251563, -19.852214019585226, 0.0016000000400000006, 38.225716291744526
2025-03-31 13:41:09,600 - 2025-03-31T13:41:09.600469, 3.274202440083794, 0.0, -1.7200916059429314, 51.8760837083002, 54.7796139437721, -19.69860733235511, 0.0016000000400000006, 38.1239162916998
2025-03-31 13:41:09,661 - 2025-03-31T13:41:09.661546, 3.28048070926719, 0.0, -1.7249241348937838, 52.003383708356154, 54.99000034949801, -19.54634817321548, 0.0016000000400000006, 37.996616291643846
2025-03-31 13:41:09,720 - 2025-03-31T13:41:09.720963, 3.286974593487352, 0.0, -1.7298159104134831, 52.060083708381065, 55.2075087456973, -19.392356560210114, 0.0016000000400000006, 37.939916291618935
2025-03-31 13:41:09,780 - 2025-03-31T13:41:09.780518, 3.2934092311386673, 0.0, -1.7349233009699487, 52.175683708431954, 55.423284688030854, -19.231242956731382, 0.0016000000400000006, 37.824316291568046
2025-03-31 13:41:09,844 - 2025-03-31T13:41:09.844425, 3.2997694720890456, 0.0, -1.7399638698915227, 52.25918370846877, 55.63655832494822, -19.072246732893603, 0.0016000000400000006, 37.74081629153123
2025-03-31 13:41:09,900 - 2025-03-31T13:41:09.900865, 3.306478971345974, 0.0, -1.7449148919800685, 52.32998370849997, 55.861188711620876, -18.916522666022516, 0.0016000000400000006, 37.67001629150003
2025-03-31 13:41:09,960 - 2025-03-31T13:41:09.960412, 3.3126752687623875, 0.0, -1.7495393809601993, 52.5056837085775, 56.06868788615536, -18.771000571581045, 0.0016000000400000006, 37.4943162914225
2025-03-31 13:41:10,023 - 2025-03-31T13:41:10.023766, 3.3192070283127757, 0.0, -1.7551372481590453, 52.652883708642555, 56.28812091123081, -18.593910533289804, 0.0016000000400000006, 37.347116291357445
2025-03-31 13:41:10,080 - 2025-03-31T13:41:10.080949, 3.3254109007952337, 0.0, -1.7599029554750056, 52.812383708713135, 56.49600501154052, -18.443768753791147, 0.0016000000400000006, 37.187616291286865
2025-03-31 13:41:10,140 - 2025-03-31T13:41:10.140657, 3.332046003351225, 0.0, -1.7647871559286594, 52.82528370871885, 56.71813309279699, -18.290162066561024, 0.0016000000400000006, 37.17471629128115
2025-03-31 13:41:10,202 - 2025-03-31T13:41:10.201990, 3.338324272534621, 0.0, -1.7696196848795114, 52.858783708733704, 56.92851949852292, -18.137902907421417, 0.0016000000400000006, 37.141216291266296
2025-03-31 13:41:10,260 - 2025-03-31T13:41:10.260287, 3.344610116784062, 0.0, -1.7745934321661934, 52.95758370877748, 57.139290830024045, -17.98102406322461, 0.0016000000400000006, 37.04241629122252
2025-03-31 13:41:10,320 - 2025-03-31T13:41:10.320449, 3.3509552076023494, 0.0, -1.7793515644161082, 53.02328370880662, 57.35179461539094, -17.8312672095012, 0.0016000000400000006, 36.97671629119338
2025-03-31 13:41:10,381 - 2025-03-31T13:41:10.381113, 3.3575751600262507, 0.0, -1.7839533281981037, 53.12118370885007, 57.57315284509694, -17.686899892385416, 0.0016000000400000006, 36.87881629114993
2025-03-31 13:41:10,440 - 2025-03-31T13:41:10.440686, 3.364135865881305, 0.0, -1.7887707070168655, 53.04758370881739, 57.79277862093721, -17.535410584796264, 0.0016000000400000006, 36.95241629118261
2025-03-31 13:41:10,500 - 2025-03-31T13:41:10.500495, 3.370547778334485, 0.0, -1.7934544425658432, 53.147183708861604, 58.007399785945076, -17.38815603648905, 0.0016000000400000006, 36.852816291138396
2025-03-31 13:41:10,562 - 2025-03-31T13:41:10.562619, 3.377516989064937, 0.0, -1.797966659514811, 53.38038370896528, 58.24011476540641, -17.24706087633994, 0.0016000000400000006, 36.61961629103472
2025-03-31 13:41:10,620 - 2025-03-31T13:41:10.620427, 3.384716964964246, 0.0, -1.8028205597042843, 53.65388370908714, 58.480721586891576, -17.09499389221073, 0.0016000000400000006, 36.34611629091286
2025-03-31 13:41:10,680 - 2025-03-31T13:41:10.680352, 3.3918501192286628, 0.0, -1.8077488565946949, 53.91528370920388, 58.719211028735785, -16.94042460266533, 0.0016000000400000006, 36.08471629079612
2025-03-31 13:41:10,741 - 2025-03-31T13:41:10.741373, 3.3987525083242227, 0.0, -1.8123354702446002, 54.026583709253664, 58.94980862855614, -16.7968271371, 0.0016000000400000006, 35.973416290746336
2025-03-31 13:41:10,800 - 2025-03-31T13:41:10.800370, 3.4057368691867653, 0.0, -1.8171301238652264, 54.3300837093897, 59.18329345956794, -16.64649260683655, 0.0016000000400000006, 35.6699162906103
2025-03-31 13:41:10,860 - 2025-03-31T13:41:10.860412, 3.4125648615813877, 0.0, -1.8216499158802395, 54.70568370955853, 59.41138875397209, -16.5050125209122, 0.0016000000400000006, 35.29431629044147
2025-03-31 13:41:10,920 - 2025-03-31T13:41:10.920515, 3.4193336074071636, 0.0, -1.826385322932019, 55.03778370970831, 59.63775159451052, -16.356410444514477, 0.0016000000400000006, 34.96221629029169
2025-03-31 13:41:10,980 - 2025-03-31T13:41:10.980426, 3.4263028181376156, 0.0, -1.8308975398809868, 55.340383709845156, 59.870466573971854, -16.21531528436536, 0.0016000000400000006, 34.659616290154844
2025-03-31 13:41:11,040 - 2025-03-31T13:41:11.040373, 3.4330261135671205, 0.0, -1.8347856369177902, 55.76978371004003, 60.09451985985888, -16.094431318310694, 0.0016000000400000006, 34.23021628995997
2025-03-31 13:41:11,101 - 2025-03-31T13:41:11.101401, 3.44005457086642, 0.0, -1.8390822388299912, 56.176783710225436, 60.32896729318596, -15.960458148634967, 0.0016000000400000006, 33.823216289774564
2025-03-31 13:41:11,160 - 2025-03-31T13:41:11.160412, 3.446569826325203, 0.0, -1.8430523076337773, 56.53698371039012, 60.54628351437484, -15.836686951388863, 0.0016000000400000006, 33.46301628960988
2025-03-31 13:41:11,221 - 2025-03-31T13:41:11.221914, 3.4533006968207527, 0.0, -1.8470816230064098, 56.97888371059289, 60.770721726037095, -15.711183300277028, 0.0016000000400000006, 33.02111628940711
2025-03-31 13:41:11,280 - 2025-03-31T13:41:11.280467, 3.4602623324851596, 0.0, -1.851452621619548, 57.468583710818635, 61.00305177972319, -15.5747078251851, 0.0016000000400000006, 32.531416289181365
2025-03-31 13:41:11,340 - 2025-03-31T13:41:11.340497, 3.467044874483512, 0.0, -1.8551251036195848, 57.9155837110256, 61.22883751947598, -15.460945849603814, 0.0016000000400000006, 32.0844162889744
2025-03-31 13:41:11,380 - 2025-03-31T13:41:11.380337, 3.472146592624487, 0.0, -1.8578255613604209, 58.278283711194156, 61.39860993775699, -15.377404865536189, 0.0016000000400000006, 31.721716288805844
2025-03-31 13:41:11,442 - 2025-03-31T13:41:11.442486, 3.479219146360543, 0.0, -1.861624111564197, 58.724583711402445, 61.634019973399354, -15.259793056448178, 0.0016000000400000006, 31.275416288597558
2025-03-31 13:41:11,500 - 2025-03-31T13:41:11.500545, 3.486142906694724, 0.0, -1.8652890184981885, 59.239483711643864, 61.864425398209285, -15.146416006642125, 0.0016000000400000006, 30.760516288356136
2025-03-31 13:41:11,560 - 2025-03-31T13:41:11.560595, 3.4928221056874724, 0.0, -1.8696751672434173, 59.63288371182916, 62.08751608178105, -15.009170679999727, 0.0016000000400000006, 30.367116288170838
2025-03-31 13:41:11,620 - 2025-03-31T13:41:11.620781, 3.4995894975537336, 0.0, -1.873065212571795, 60.21758371210589, 62.312531969983354, -14.904648074532805, 0.0016000000400000006, 29.782416287894105
2025-03-31 13:41:11,680 - 2025-03-31T13:41:11.680693, 3.5066241759595633, 0.0, -1.8761576710964243, 60.60218371228881, 62.546017376749546, -14.810134690730681, 0.0016000000400000006, 29.397816287711187
2025-03-31 13:41:11,741 - 2025-03-31T13:41:11.741167, 3.51339914289187, 0.0, -1.8796889347606316, 61.10518371252913, 62.7714181907271, -14.70099240020658, 0.0016000000400000006, 28.894816287470867
2025-03-31 13:41:11,800 - 2025-03-31T13:41:11.800475, 3.520969748336351, 0.0, -1.8835315814011642, 61.5514837127434, 63.02318958695719, -14.582417988803297, 0.0016000000400000006, 28.448516287256606
2025-03-31 13:41:11,840 - 2025-03-31T13:41:11.840682, 3.525974344578254, 0.0, -1.8857415624996197, 61.914083712918234, 63.18930492249632, -14.514853439548183, 0.0016000000400000006, 28.085916287081766
2025-03-31 13:41:11,900 - 2025-03-31T13:41:11.900362, 3.533098569817111, 0.0, -1.8891832793307999, 62.31498371311227, 63.42606248622916, -14.40898330599073, 0.0016000000400000006, 27.68501628688773
2025-03-31 13:41:11,940 - 2025-03-31T13:41:11.940327, 3.53845999943161, 0.0, -1.8914449319320574, 62.52228371321295, 63.60391949729884, -14.340071228645103, 0.0016000000400000006, 27.47771628678705
2025-03-31 13:41:11,980 - 2025-03-31T13:41:11.980312, 3.54353899237445, 0.0, -1.8937217346654052, 62.68138371329037, 63.772537138254165, -14.270389299749016, 0.0016000000400000006, 27.318616286709627
2025-03-31 13:41:12,020 - 2025-03-31T13:41:12.020797, 3.54877435378521, 0.0, -1.8962733990043668, 62.9199837134067, 63.94654431581713, -14.191852926513802, 0.0016000000400000006, 27.0800162865933
2025-03-31 13:41:12,063 - 2025-03-31T13:41:12.063293, 3.5540765368308618, 0.0, -1.8987506666423908, 63.087883713488765, 64.12266887302106, -14.115818858694793, 0.0016000000400000006, 26.912116286511235
2025-03-31 13:41:12,120 - 2025-03-31T13:41:12.120695, 3.56139365190835, 0.0, -1.9018279750349296, 63.33318371360889, 64.36539364990162, -14.022075326443135, 0.0016000000400000006, 26.66681628639111
2025-03-31 13:41:12,180 - 2025-03-31T13:41:12.180677, 3.568941532154696, 0.0, -1.9052469666679739, 63.59158371373577, 64.61601026880601, -13.91735997021139, 0.0016000000400000006, 26.408416286264227
2025-03-31 13:41:12,240 - 2025-03-31T13:41:12.240539, 3.5763557691312573, 0.0, -1.9088147517028928, 63.86328371386957, 64.86239212842847, -13.80764000314723, 0.0016000000400000006, 26.13671628613043
2025-03-31 13:41:12,300 - 2025-03-31T13:41:12.300609, 3.5837700061078186, 0.0, -1.912382536737812, 64.03668371395518, 65.10877398805093, -13.697920036083062, 0.0016000000400000006, 25.963316286044815
2025-03-31 13:41:12,340 - 2025-03-31T13:41:12.340475, 3.588774602349721, 0.0, -1.9145925178362677, 64.2390837140553, 65.27488932359002, -13.630355486827948, 0.0016000000400000006, 25.760916285944703
2025-03-31 13:41:12,402 - 2025-03-31T13:41:12.401955, 3.5960173207262724, 0.0, -1.9176030045939143, 64.38648371412835, 65.51511179505437, -13.538729334217269, 0.0016000000400000006, 25.613516285871654
2025-03-31 13:41:12,460 - 2025-03-31T13:41:12.460646, 3.60314154596513, 0.0, -1.921044721425094, 64.5438837142065, 65.75186935878725, -13.432859200659824, 0.0016000000400000006, 25.456116285793502
2025-03-31 13:41:12,520 - 2025-03-31T13:41:12.520547, 3.610280921336078, 0.0, -1.9247688749279328, 64.57008371421954, 65.98939677407057, -13.317749696988027, 0.0016000000400000006, 25.429916285780465
2025-03-31 13:41:12,560 - 2025-03-31T13:41:12.560517, 3.615419160847765, 0.0, -1.926830062624514, 64.62368371424616, 66.15974686889163, -13.255189758565315, 0.0016000000400000006, 25.376316285753845
2025-03-31 13:41:12,600 - 2025-03-31T13:41:12.600409, 3.6205133039226953, 0.0, -1.9293893020295205, 64.64158371425508, 66.32913436139742, -13.176268459554878, 0.0016000000400000006, 25.358416285744923
2025-03-31 13:41:12,662 - 2025-03-31T13:41:12.662919, 3.6279351159653013, 0.0, -1.9330983054002688, 64.5697837142194, 66.57590114679509, -13.061928807433539, 0.0016000000400000006, 25.430216285780602
2025-03-31 13:41:12,720 - 2025-03-31T13:41:12.720665, 3.634992519569267, 0.0, -1.9366144189323862, 64.39958371413485, 66.81054133088699, -12.953556368459886, 0.0016000000400000006, 25.60041628586515
2025-03-31 13:41:12,780 - 2025-03-31T13:41:12.780386, 3.6423626601090717, 0.0, -1.9406802556757303, 64.13138371400198, 67.05596058819417, -12.827475040807995, 0.0016000000400000006, 25.868616285998016
2025-03-31 13:41:12,840 - 2025-03-31T13:41:12.840608, 3.6493911174083706, 0.0, -1.9449768575879314, 63.78528371383113, 67.29040802152124, -12.693501871132266, 0.0016000000400000006, 26.214716286168873
2025-03-31 13:41:12,900 - 2025-03-31T13:41:12.900547, 3.656255631173705, 0.0, -1.9488573795586897, 63.339783713612135, 67.51908099246545, -12.573002830852834, 0.0016000000400000006, 26.660216286387865
2025-03-31 13:41:12,961 - 2025-03-31T13:41:12.961203, 3.6619979733184493, 0.0, -1.9529397203936387, 62.73308371331554, 67.71118140872747, -12.444804699314368, 0.0016000000400000006, 27.266916286684463
2025-03-31 13:41:13,020 - 2025-03-31T13:41:13.020924, 3.6669811983217313, 0.0, -1.9560714082080075, 62.20298371305798, 67.877488919277, -12.347019734300005, 0.0016000000400000006, 27.797016286942018
2025-03-31 13:41:13,080 - 2025-03-31T13:41:13.080541, 3.671600014886372, 0.0, -1.9590102061837456, 61.71338371282138, 68.03166982852076, -12.255201982433304, 0.0016000000400000006, 28.286616287178617
2025-03-31 13:41:13,120 - 2025-03-31T13:41:13.120391, 3.675081509698332, 0.0, -1.9618683863520157, 61.144583712548005, 68.14850833153184, -12.164924509421933, 0.0016000000400000006, 28.855416287451995
2025-03-31 13:41:13,160 - 2025-03-31T13:41:13.160685, 3.6790762063508087, 0.0, -1.965053099628701, 60.511383712245554, 68.28247804668116, -12.064445063980937, 0.0016000000400000006, 29.488616287754446
2025-03-31 13:41:13,201 - 2025-03-31T13:41:13.201085, 3.6829296846674553, 0.0, -1.968245387971431, 59.8300837119223, 68.41182807677326, -11.96358069276473, 0.0016000000400000006, 30.1699162880777
2025-03-31 13:41:13,241 - 2025-03-31T13:41:13.241410, 3.6868727098171297, 0.0, -1.9717869346207124, 59.02218371154181, 68.54445026383206, -11.851359571793168, 0.0016000000400000006, 30.977816288458197
2025-03-31 13:41:13,281 - 2025-03-31T13:41:13.281382, 3.6911801434054454, 0.0, -1.9755213711086248, 58.17208371114474, 68.68919905219664, -11.733171237673925, 0.0016000000400000006, 31.827916288855263
2025-03-31 13:41:13,322 - 2025-03-31T13:41:13.322397, 3.6957107670965725, 0.0, -1.9794562725012135, 57.30488371074305, 68.84145475680981, -11.608630764631776, 0.0016000000400000006, 32.69511628925695
2025-03-31 13:41:13,340 - 2025-03-31T13:41:13.340321, 3.6982402549284394, 0.0, -1.9817282080875445, 56.81348371051689, 68.92653314096074, -11.536639856838718, 0.0016000000400000006, 33.18651628948311
2025-03-31 13:41:13,380 - 2025-03-31T13:41:13.380861, 3.702429195379061, 0.0, -1.98589387464899, 55.92418371011026, 69.06781702159384, -11.404207541772717, 0.0016000000400000006, 34.07581628988974
2025-03-31 13:41:13,420 - 2025-03-31T13:41:13.420462, 3.706990119334369, 0.0, -1.9903936493848964, 54.904083709647935, 69.22161242930794, -11.261188328501849, 0.0016000000400000006, 35.095916290352065
2025-03-31 13:41:13,440 - 2025-03-31T13:41:13.440414, 3.7091551987275944, 0.0, -1.9924726951325966, 54.395383709418994, 69.29456421215306, -11.195164633856457, 0.0016000000400000006, 35.604616290581006
2025-03-31 13:41:13,460 - 2025-03-31T13:41:13.460781, 3.711327853186865, 0.0, -1.994692959216126, 53.87498370918585, 69.36790092077344, -11.124521254153905, 0.0016000000400000006, 36.12501629081415
2025-03-31 13:41:13,480 - 2025-03-31T13:41:13.480504, 3.7131436742735398, 0.0, -1.9968615517968538, 53.33678370894589, 69.42949595386324, -11.055225402541861, 0.0016000000400000006, 36.66321629105411
2025-03-31 13:41:13,520 - 2025-03-31T13:41:13.520494, 3.7171472999515753, 0.0, -2.0015328451327696, 52.315983708493796, 69.56519754712387, -10.90604680111291, 0.0016000000400000006, 37.684016291506204
2025-03-31 13:41:13,560 - 2025-03-31T13:41:13.560369, 3.720853338825862, 0.0, -2.0059368519291176, 51.272483708035736, 69.6908899187197, -10.76533771824783, 0.0016000000400000006, 38.727516291964264
2025-03-31 13:41:13,581 - 2025-03-31T13:41:13.580991, 3.7228999250813937, 0.0, -2.0084471277503506, 50.72428370779669, 69.76037679383336, -10.685070042655692, 0.0016000000400000006, 39.27571629220331
2025-03-31 13:41:13,600 - 2025-03-31T13:41:13.600470, 3.7248645395699427, 0.0, -2.010749363600863, 50.220383707577916, 69.82697643775555, -10.611539431761692, 0.0016000000400000006, 39.779616292422084
2025-03-31 13:41:13,621 - 2025-03-31T13:41:13.621319, 3.7266135390217254, 0.0, -2.0129923528825278, 49.63698370732576, 69.8864540912044, -10.53974127473344, 0.0016000000400000006, 40.36301629267424
2025-03-31 13:41:13,640 - 2025-03-31T13:41:13.640743, 3.7282213201376786, 0.0, -2.015242917230238, 49.11978370710319, 69.94131205959604, -10.467558191929948, 0.0016000000400000006, 40.88021629289681
2025-03-31 13:41:13,660 - 2025-03-31T13:41:13.660431, 3.729821526187587, 0.0, -2.0173522632421186, 48.51038370684215, 69.9957851022125, -10.399994794183655, 0.0016000000400000006, 41.48961629315785
2025-03-31 13:41:13,680 - 2025-03-31T13:41:13.680681, 3.731837812178938, 0.0, -2.0192976657200346, 48.011583706629395, 70.06373227422522, -10.33820585882022, 0.0016000000400000006, 41.988416293370605
2025-03-31 13:41:13,700 - 2025-03-31T13:41:13.700357, 3.733378771659999, 0.0, -2.021622626768682, 47.43018370638246, 70.1164728629759, -10.263520470600534, 0.0016000000400000006, 42.56981629361754
2025-03-31 13:41:13,720 - 2025-03-31T13:41:13.720510, 3.7344809260014817, 0.0, -2.023687876343806, 46.9238837061683, 70.1545845450046, -10.196919675169507, 0.0016000000400000006, 43.0761162938317
2025-03-31 13:41:13,740 - 2025-03-31T13:41:13.740389, 3.736088707117435, 0.0, -2.0259384406915166, 46.32878370591764, 70.20944251339625, -10.124736592366014, 0.0016000000400000006, 43.67121629408237
2025-03-31 13:41:13,760 - 2025-03-31T13:41:13.760773, 3.7378377065692177, 0.0, -2.0281814299731815, 45.79858370569526, 70.26892016684509, -10.052938435337763, 0.0016000000400000006, 44.20141629430474
2025-03-31 13:41:13,780 - 2025-03-31T13:41:13.780346, 3.7394606378172615, 0.0, -2.0307144309925507, 45.2752837054766, 70.32454798678722, -9.971515982419927, 0.0016000000400000006, 44.7247162945234
2025-03-31 13:41:13,800 - 2025-03-31T13:41:13.800570, 3.740495970523852, 0.0, -2.032854077268612, 44.73928370525353, 70.36054228917493, -9.902412881572706, 0.0016000000400000006, 45.26071629474647
2025-03-31 13:41:13,823 - 2025-03-31T13:41:13.823066, 3.7421037516398052, 0.0, -2.0351046416163223, 44.232083705043216, 70.41540025756659, -9.830229798769214, 0.0016000000400000006, 45.767916294956784
2025-03-31 13:41:13,841 - 2025-03-31T13:41:13.841689, 3.743726682887849, 0.0, -2.037637642635691, 43.624683704792346, 70.47102807750872, -9.748807345851377, 0.0016000000400000006, 46.375316295207654
2025-03-31 13:41:13,860 - 2025-03-31T13:41:13.860861, 3.744918384062359, 0.0, -2.040052150517366, 43.127183704587665, 70.51241191650408, -9.67084980066504, 0.0016000000400000006, 46.872816295412335
2025-03-31 13:41:13,882 - 2025-03-31T13:41:13.882789, 3.7461769068717614, 0.0, -2.0423922616981036, 42.5825837043644, 70.5559131351404, -9.595394560894883, 0.0016000000400000006, 47.4174162956356
2025-03-31 13:41:13,900 - 2025-03-31T13:41:13.900692, 3.7474278546151187, 0.0, -2.0445911545430118, 42.05418370414858, 70.5990294280015, -9.524559006181926, 0.0016000000400000006, 47.94581629585142
2025-03-31 13:41:13,920 - 2025-03-31T13:41:13.920392, 3.748835170826396, 0.0, -2.047064908993534, 41.42468370389246, 70.64753525747025, -9.444869007129812, 0.0016000000400000006, 48.57531629610754
2025-03-31 13:41:13,940 - 2025-03-31T13:41:13.940660, 3.749893228731122, 0.0, -2.0496282102770835, 40.88898370367533, 70.68468433718367, -9.361906851111062, 0.0016000000400000006, 49.11101629632467
2025-03-31 13:41:13,960 - 2025-03-31T13:41:13.960443, 3.751300544942399, 0.0, -2.0521019647276053, 40.263383703422726, 70.7331901666524, -9.282216852058975, 0.0016000000400000006, 49.736616296577274
2025-03-31 13:41:13,981 - 2025-03-31T13:41:13.981027, 3.752507396249, 0.0, -2.054798909280939, 39.712183703201, 70.77534385719824, -9.195019936758266, 0.0016000000400000006, 50.287816296799
2025-03-31 13:41:14,000 - 2025-03-31T13:41:14.000501, 3.7534318108839417, 0.0, -2.057511003966363, 39.05228370293656, 70.80825817762971, -9.1070531699071, 0.0016000000400000006, 50.94771629706344
2025-03-31 13:41:14,022 - 2025-03-31T13:41:14.022911, 3.755129138832922, 0.0, -2.060110826620624, 38.45728370269905, 70.86638830298801, -9.023513337348298, 0.0016000000400000006, 51.54271629730095
2025-03-31 13:41:14,040 - 2025-03-31T13:41:14.040406, 3.7564847835413975, 0.0, -2.062941414443742, 37.8544837024593, 70.91354660436625, -8.932081662765645, 0.0016000000400000006, 52.1455162975407
2025-03-31 13:41:14,061 - 2025-03-31T13:41:14.061021, 3.757632388279151, 0.0, -2.065853974033842, 37.23808370221503, 70.95396784104634, -8.837762756991555, 0.0016000000400000006, 52.76191629778497
2025-03-31 13:41:14,080 - 2025-03-31T13:41:14.080418, 3.758906061220644, 0.0, -2.0684765218862387, 36.58968370195904, 70.99823891123314, -8.753068147107054, 0.0016000000400000006, 53.41031629804096
2025-03-31 13:41:14,103 - 2025-03-31T13:41:14.103467, 3.7599124476225683, 0.0, -2.071396656542384, 35.92708370169842, 71.03404046285604, -8.658364315557737, 0.0016000000400000006, 54.07291629830158
2025-03-31 13:41:14,120 - 2025-03-31T13:41:14.120603, 3.7609036838924026, 0.0, -2.0740343545268707, 35.32558370146269, 71.06907216292848, -8.572899854122781, 0.0016000000400000006, 54.67441629853731
2025-03-31 13:41:14,140 - 2025-03-31T13:41:14.140816, 3.7618949201622365, 0.0, -2.0766720525113573, 34.72858370122948, 71.10410386300093, -8.487435392687821, 0.0016000000400000006, 55.27141629877052
2025-03-31 13:41:14,160 - 2025-03-31T13:41:14.160934, 3.7632354147386216, 0.0, -2.0792202036628167, 34.09978370098471, 71.1504923128287, -8.405243088219528, 0.0016000000400000006, 55.90021629901529
2025-03-31 13:41:14,180 - 2025-03-31T13:41:14.180499, 3.764308622775438, 0.0, -2.082065941618025, 33.429683700724716, 71.18841124409259, -8.313041562086404, 0.0016000000400000006, 56.570316299275284
2025-03-31 13:41:14,201 - 2025-03-31T13:41:14.201888, 3.765114544272686, 0.0, -2.085209266376982, 32.940983700535725, 71.21786065679257, -8.210830814288494, 0.0016000000400000006, 57.059016299464275
2025-03-31 13:41:14,220 - 2025-03-31T13:41:14.220480, 3.7663062454471965, 0.0, -2.087623774258657, 32.24508370026738, 71.25924449578793, -8.132873269102143, 0.0016000000400000006, 57.75491629973262
2025-03-31 13:41:14,240 - 2025-03-31T13:41:14.240469, 3.7670818666802637, 0.0, -2.090202225674297, 31.73648370007186, 71.28715420538698, -8.049141261532908, 0.0016000000400000006, 58.263516299928135
2025-03-31 13:41:14,260 - 2025-03-31T13:41:14.260454, 3.767931884614269, 0.0, -2.092847498724829, 31.11328369983297, 71.31756622040227, -7.963291874322721, 0.0016000000400000006, 58.88671630016703
2025-03-31 13:41:14,280 - 2025-03-31T13:41:14.280411, 3.769138735920869, 0.0, -2.0955444432781625, 30.53618369961237, 71.35971991094807, -7.876094959022012, 0.0016000000400000006, 59.46381630038763
2025-03-31 13:41:14,300 - 2025-03-31T13:41:14.300655, 3.7700707256218564, 0.0, -2.098397756299416, 29.92968369938119, 71.39301915715478, -7.783508507113675, 0.0016000000400000006, 60.070316300618806
2025-03-31 13:41:14,320 - 2025-03-31T13:41:14.320921, 3.7706458819502475, 0.0, -2.101199397817868, 29.437283699194, 71.41457672783093, -7.692269583295831, 0.0016000000400000006, 60.562716300805995
2025-03-31 13:41:14,341 - 2025-03-31T13:41:14.341136, 3.771637118220082, 0.0, -2.103837095802354, 28.799283698952085, 71.44960842790337, -7.606805121860887, 0.0016000000400000006, 61.20071630104791
2025-03-31 13:41:14,381 - 2025-03-31T13:41:14.381691, 3.773203510818307, 0.0, -2.1092764353052926, 27.701583698537444, 71.50619769865196, -7.430101736608085, 0.0016000000400000006, 62.29841630146255
2025-03-31 13:41:14,422 - 2025-03-31T13:41:14.422580, 3.774643835212793, 0.0, -2.1150057865459346, 26.683983698154798, 71.55893713589383, -7.24377405546571, 0.0016000000400000006, 63.3160163018452
2025-03-31 13:41:14,460 - 2025-03-31T13:41:14.460785, 3.7763287209487117, 0.0, -2.12001389597534, 25.81528369782942, 71.6189913143739, -7.081314651159681, 0.0016000000400000006, 64.18471630217059
2025-03-31 13:41:14,480 - 2025-03-31T13:41:14.480411, 3.776896302211058, 0.0, -2.122674319157962, 25.294783697635012, 71.64016395927483, -6.9946954123990235, 0.0016000000400000006, 64.70521630236499
2025-03-31 13:41:14,520 - 2025-03-31T13:41:14.520450, 3.7781651080055343, 0.0, -2.127846372121332, 24.42198369730991, 71.6867440083586, -6.826461545710123, 0.0016000000400000006, 65.57801630269009
2025-03-31 13:41:14,561 - 2025-03-31T13:41:14.561474, 3.779649528836777, 0.0, -2.133077671653549, 23.654383697024876, 71.74044604791575, -6.6564952251554725, 0.0016000000400000006, 66.34561630297512
2025-03-31 13:41:14,601 - 2025-03-31T13:41:14.601430, 3.7812159214350025, 0.0, -2.138517011156487, 22.964883696769526, 71.79703531866436, -6.479791839902685, 0.0016000000400000006, 67.03511630323048
2025-03-31 13:41:14,641 - 2025-03-31T13:41:14.641257, 3.7823510839596945, 0.0, -2.1438378575217314, 22.3472836965413, 71.83938060846617, -6.3065533623813845, 0.0016000000400000006, 67.6527163034587
2025-03-31 13:41:14,680 - 2025-03-31T13:41:14.680574, 3.7838947513597843, 0.0, -2.1488535420171817, 21.834183696352085, 71.89481510188908, -6.143709032300113, 0.0016000000400000006, 68.16581630364792
2025-03-31 13:41:14,720 - 2025-03-31T13:41:14.720621, 3.785253103987288, 0.0, -2.1543748532871025, 21.27178369614508, 71.94466730793953, -5.964118415855875, 0.0016000000400000006, 68.72821630385492
2025-03-31 13:41:14,760 - 2025-03-31T13:41:14.760478, 3.786745099884576, 0.0, -2.1597473711551487, 20.890083696004798, 71.9987542732719, -5.789532410244067, 0.0016000000400000006, 69.1099163039952
2025-03-31 13:41:14,801 - 2025-03-31T13:41:14.801473, 3.788021480745097, 0.0, -2.165060642454348, 20.3603836958104, 72.04571924813092, -5.61667885849798, 0.0016000000400000006, 69.6396163041896
2025-03-31 13:41:14,840 - 2025-03-31T13:41:14.840359, 3.7899522817819635, 0.0, -2.1706928717959175, 19.947383695659052, 72.11443512018529, -5.434008260097498, 0.0016000000400000006, 70.05261630434094
2025-03-31 13:41:14,880 - 2025-03-31T13:41:14.880578, 3.7906637892991677, 0.0, -2.1760364433592976, 19.5843836955262, 72.1429213548156, -5.259615005250497, 0.0016000000400000006, 70.4156163044738
2025-03-31 13:41:14,920 - 2025-03-31T13:41:14.920942, 3.7926462618388355, 0.0, -2.181311839328271, 19.221583695393548, 72.21298475496047, -5.088686082380567, 0.0016000000400000006, 70.77841630460645
2025-03-31 13:41:14,960 - 2025-03-31T13:41:14.960486, 3.7940046144663393, 0.0, -2.1868331505981917, 18.886483695271142, 72.26283696101092, -4.909095465936343, 0.0016000000400000006, 71.11351630472888
2025-03-31 13:41:15,001 - 2025-03-31T13:41:15.000951, 3.7951990235598783, 0.0, -2.1919383819266693, 18.512683695134747, 72.30691470467848, -4.742978978888422, 0.0016000000400000006, 71.48731630486526
2025-03-31 13:41:15,042 - 2025-03-31T13:41:15.042519, 3.796973456128825, 0.0, -2.1972957496626253, 18.211183695024868, 72.37024104012522, -4.569162824827055, 0.0016000000400000006, 71.78881630497513
2025-03-31 13:41:15,081 - 2025-03-31T13:41:15.081152, 3.7982498369893465, 0.0, -2.2026090209618245, 17.923283694919988, 72.41720601498423, -4.396309273080984, 0.0016000000400000006, 72.07671630508001
2025-03-31 13:41:15,123 - 2025-03-31T13:41:15.123804, 3.7995854644187146, 0.0, -2.207706677224257, 17.68328369483265, 72.46590344370898, -4.230577711808291, 0.0016000000400000006, 72.31671630516735
2025-03-31 13:41:15,161 - 2025-03-31T13:41:15.161342, 3.80113670688485, 0.0, -2.212863580055537, 17.500883694766305, 72.52172286290711, -4.063113696669833, 0.0016000000400000006, 72.4991163052337
2025-03-31 13:41:15,200 - 2025-03-31T13:41:15.200494, 3.8026135526500475, 0.0, -2.2179536612519244, 17.328883694703777, 72.57503997668906, -3.897767061172369, 0.0016000000400000006, 72.67111630529622
2025-03-31 13:41:15,240 - 2025-03-31T13:41:15.240562, 3.804090398415245, 0.0, -2.223043742448312, 17.17868369464918, 72.62835709047096, -3.7324204256749045, 0.0016000000400000006, 72.82131630535082
2025-03-31 13:41:15,281 - 2025-03-31T13:41:15.280980, 3.805649215947425, 0.0, -2.228341863615421, 17.013383694589127, 72.68456143544432, -3.5603367254792886, 0.0016000000400000006, 72.98661630541088
2025-03-31 13:41:15,341 - 2025-03-31T13:41:15.341092, 3.8080504763475647, 0.0, -2.2361440394972325, 16.866283694535745, 72.77079286965773, -3.3070233231306445, 0.0016000000400000006, 73.13371630546426
2025-03-31 13:41:15,400 - 2025-03-31T13:41:15.400854, 3.810012931608126, 0.0, -2.2436865039055207, 16.664583694462525, 72.84239539714913, -3.061794513570674, 0.0016000000400000006, 73.33541630553748
2025-03-31 13:41:15,440 - 2025-03-31T13:41:15.440499, 3.811497352439369, 0.0, -2.2489178034377373, 16.51988369441003, 72.89609743670627, -2.891828193016037, 0.0016000000400000006, 73.48011630558999
2025-03-31 13:41:15,480 - 2025-03-31T13:41:15.480273, 3.812996923402702, 0.0, -2.254431539641613, 16.38838369436233, 72.9505693278139, -2.712622502347042, 0.0016000000400000006, 73.61161630563767
2025-03-31 13:41:15,520 - 2025-03-31T13:41:15.520470, 3.8144737691678996, 0.0, -2.2595216208380005, 16.41468369437187, 73.00388644159582, -2.5472758668495774, 0.0016000000400000006, 73.58531630562813
2025-03-31 13:41:15,567 - 2025-03-31T13:41:15.567058, 3.815921668628431, 0.0, -2.265392190414472, 16.269183694319114, 73.05701080461293, -2.3563285006500165, 0.0016000000400000006, 73.73081630568089
2025-03-31 13:41:15,620 - 2025-03-31T13:41:15.620877, 3.8177870019899194, 0.0, -2.2724441781803804, 16.13598369427085, 73.12495624936244, -2.127076125902541, 0.0016000000400000006, 73.86401630572915
2025-03-31 13:41:15,660 - 2025-03-31T13:41:15.660454, 3.819197026120225, 0.0, -2.277608656077705, 16.044983694237867, 73.17615598350338, -1.9592271849888694, 0.0016000000400000006, 73.95501630576213
2025-03-31 13:41:15,700 - 2025-03-31T13:41:15.700915, 3.820622200382621, 0.0, -2.2830555706466886, 15.842683694164588, 73.22812556919479, -1.782138873960839, 0.0016000000400000006, 74.15731630583541
2025-03-31 13:41:15,740 - 2025-03-31T13:41:15.740909, 3.822032224512926, 0.0, -2.288220048544013, 15.76928369413802, 73.27932530333574, -1.6142899330471812, 0.0016000000400000006, 74.23071630586198
2025-03-31 13:41:15,800 - 2025-03-31T13:41:15.800425, 3.8241434731753623, 0.0, -2.295896156222086, 15.620883694084307, 73.35593244165956, -1.3648263642052525, 0.0016000000400000006, 74.37911630591569
2025-03-31 13:41:15,841 - 2025-03-31T13:41:15.841087, 3.825687140575452, 0.0, -2.3009118407175357, 15.58118369406995, 73.41136693508247, -1.2019820341239957, 0.0016000000400000006, 74.41881630593005
2025-03-31 13:41:15,901 - 2025-03-31T13:41:15.901716, 3.827515952566229, 0.0, -2.3086030985276986, 15.404983694006184, 73.4787347032919, -0.9517486137316098, 0.0016000000400000006, 74.59501630599382
2025-03-31 13:41:15,941 - 2025-03-31T13:41:15.941283, 3.829134016667256, 0.0, -2.3136856046580414, 15.293883693966016, 73.53667150213101, -0.7867869040093596, 0.0016000000400000006, 74.70611630603399
2025-03-31 13:41:16,001 - 2025-03-31T13:41:16.001197, 3.8308140352561586, 0.0, -2.32124321919842, 15.024883693868743, 73.59903465950808, -0.5407882428989321, 0.0016000000400000006, 74.97511630613126
2025-03-31 13:41:16,040 - 2025-03-31T13:41:16.040584, 3.8320904161166798, 0.0, -2.3265564904976186, 14.958583693844803, 73.64599963436706, -0.367934691152874, 0.0016000000400000006, 75.0414163061552
2025-03-31 13:41:16,100 - 2025-03-31T13:41:16.100652, 3.833636791435798, 0.0, -2.334262898439872, 14.789083693783562, 73.70412803246217, -0.11693141921001748, 0.0016000000400000006, 75.21091630621643
2025-03-31 13:41:16,140 - 2025-03-31T13:41:16.140438, 3.8354931957717273, 0.0, -2.3398283061465492, 14.722983693759675, 73.77034159910036, 0.06362179954948566, 0.0016000000400000006, 75.27701630624033
2025-03-31 13:41:16,181 - 2025-03-31T13:41:16.181555, 3.8363383465587155, 0.0, -2.345023084308055, 14.633583693727397, 73.8030625930126, 0.2330104435640994, 0.0016000000400000006, 75.3664163062726
2025-03-31 13:41:16,220 - 2025-03-31T13:41:16.220310, 3.837681549054129, 0.0, -2.3502619589063167, 14.510583693682975, 73.85214494751258, 0.40336168989396404, 0.0016000000400000006, 75.48941630631703
2025-03-31 13:41:16,261 - 2025-03-31T13:41:16.261054, 3.8387347398118385, 0.0, -2.35537476530084, 14.360883693628955, 73.89160300612298, 0.5698631027171279, 0.0016000000400000006, 75.63911630637105
2025-03-31 13:41:16,300 - 2025-03-31T13:41:16.300609, 3.8397438341327916, 0.0, -2.360985623403788, 14.03258369351051, 73.9300984624181, 0.7527258761280153, 0.0016000000400000006, 75.9674163064895
2025-03-31 13:41:16,340 - 2025-03-31T13:41:16.340315, 3.8411097618263406, 0.0, -2.366648153009538, 13.816683693432694, 73.98033559424377, 0.9369361776294114, 0.0016000000400000006, 76.1833163065673
2025-03-31 13:41:16,380 - 2025-03-31T13:41:16.380860, 3.841538832671886, 0.0, -2.3720068747050083, 13.382583693276285, 73.99958245875973, 1.1120992840268822, 0.0016000000400000006, 76.61741630672371
2025-03-31 13:41:16,421 - 2025-03-31T13:41:16.421820, 3.8424886804239917, 0.0, -2.377833347844723, 12.924083693111232, 74.03634546118909, 1.3020840479111495, 0.0016000000400000006, 77.07591630688877
2025-03-31 13:41:16,466 - 2025-03-31T13:41:16.466728, 3.8432973098402683, 0.0, -2.383667396050483, 12.315283692892333, 74.06848877856129, 1.4924537375706595, 0.0016000000400000006, 77.68471630710766
2025-03-31 13:41:16,503 - 2025-03-31T13:41:16.503517, 3.8431690824085414, 0.0, -2.3891976363459637, 11.540583692614137, 74.06964182862376, 1.6737762321262304, 0.0016000000400000006, 78.45941630738587
2025-03-31 13:41:16,541 - 2025-03-31T13:41:16.541012, 3.8439549866266827, 0.0, -2.3946080295442354, 10.93248369239602, 74.10063036867027, 1.8502868666141952, 0.0016000000400000006, 79.06751630760398
2025-03-31 13:41:16,580 - 2025-03-31T13:41:16.580618, 3.8438860057638027, 0.0, -2.399922654802949, 10.153983692117123, 74.10351587259848, 2.024487370696372, 0.0016000000400000006, 79.84601630788288
2025-03-31 13:41:16,621 - 2025-03-31T13:41:16.621029, 3.8444046234423754, 0.0, -2.40563063480497, 9.496683691881895, 74.1260348940811, 2.2110072268491665, 0.0016000000400000006, 80.5033163081181
2025-03-31 13:41:16,660 - 2025-03-31T13:41:16.660482, 3.844766872653029, 0.0, -2.4110637532013772, 8.80828369163578, 74.14316437895607, 2.3886726386628303, 0.0016000000400000006, 81.19171630836422
2025-03-31 13:41:16,700 - 2025-03-31T13:41:16.700553, 3.844831535059933, 0.0, -2.4162295850582165, 8.150283691400759, 74.15028464216626, 2.557868531912621, 0.0016000000400000006, 81.84971630859924
2025-03-31 13:41:16,740 - 2025-03-31T13:41:16.740647, 3.844777704329143, 0.0, -2.4218266469885887, 7.486683691163926, 74.15393999764493, 2.7413084061091566, 0.0016000000400000006, 82.51331630883607
2025-03-31 13:41:16,780 - 2025-03-31T13:41:16.780573, 3.844641901831371, 0.0, -2.4272156689482394, 6.81318369092375, 74.15470812193217, 2.918011215607527, 0.0016000000400000006, 83.18681630907625
2025-03-31 13:41:16,820 - 2025-03-31T13:41:16.820507, 3.8445956461666264, 0.0, -2.432953949214441, 6.077383690661532, 74.15874840318608, 3.106070774861249, 0.0016000000400000006, 83.92261630933847
2025-03-31 13:41:16,861 - 2025-03-31T13:41:16.861481, 3.844623787202819, 0.0, -2.438759051115535, 5.3450836904007355, 74.16529098985617, 3.296247713755936, 0.0016000000400000006, 84.65491630959926
2025-03-31 13:41:16,900 - 2025-03-31T13:41:16.900683, 3.844005083128712, 0.0, -2.444386413310088, 4.608983690138756, 74.15046760510617, 3.481227291053399, 0.0016000000400000006, 85.39101630986124
2025-03-31 13:41:16,942 - 2025-03-31T13:41:16.942340, 3.8435792688932358, 0.0, -2.449649367066, 3.883883689880832, 74.14161143350381, 3.654080267045068, 0.0016000000400000006, 86.11611631011917
2025-03-31 13:41:16,982 - 2025-03-31T13:41:16.982857, 3.843079057956823, 0.0, -2.4548454991870194, 3.141383689616803, 74.1302529564853, 3.824815863395772, 0.0016000000400000006, 86.8586163103832
2025-03-31 13:41:17,023 - 2025-03-31T13:41:17.023011, 3.8424011073138686, 0.0, -2.4606884764183388, 2.3817836893468125, 74.11369711786952, 4.0169174311666005, 0.0016000000400000006, 87.61821631065318
2025-03-31 13:41:17,060 - 2025-03-31T13:41:17.060438, 3.84157436326904, 0.0, -2.466397810379874, 1.6720836890946418, 74.09213666842135, 4.204784239655499, 0.0016000000400000006, 88.32791631090535
2025-03-31 13:41:17,100 - 2025-03-31T13:41:17.100729, 3.8409480841288874, 0.0, -2.4718839542385975, 0.9293836888307636, 74.07692835789608, 4.3851441318957765, 0.0016000000400000006, 89.07061631116923
2025-03-31 13:41:17,140 - 2025-03-31T13:41:17.140670, 3.840552570157592, 0.0, -2.4777117813378267, 0.178783688564121, 74.06961188939466, 4.5764758481161625, 0.0016000000400000006, 89.82121631143588
2025-03-31 13:41:17,180 - 2025-03-31T13:41:17.180582, 3.8392945960392306, 0.0, -2.483302622161668, -0.5691163117015655, 74.03380745899973, 4.760877748873574, 0.0016000000400000006, 90.56911631170156
2025-03-31 13:41:17,220 - 2025-03-31T13:41:17.220628, 3.8384754270604473, 0.0, -2.489153174459033, -1.3156163119667545, 74.01263193532681, 4.953364242419646, 0.0016000000400000006, 91.31561631196675
2025-03-31 13:41:17,260 - 2025-03-31T13:41:17.260350, 3.837744450955177, 0.0, -2.494007623339547, -2.0540163122291264, 73.99338161628442, 5.113128014790254, 0.0016000000400000006, 92.05401631222912
2025-03-31 13:41:17,300 - 2025-03-31T13:41:17.300838, 3.836693162848022, 0.0, -2.4981711306730046, -2.6102163124267816, 73.96296729825153, 5.250563213425432, 0.0016000000400000006, 92.6102163124268
2025-03-31 13:41:17,360 - 2025-03-31T13:41:17.360517, 3.8360379374032036, 0.0, -2.504437762911812, -2.9550163125493496, 73.94756623696145, 5.456523836367804, 0.0016000000400000006, 92.95501631254935
2025-03-31 13:41:17,422 - 2025-03-31T13:41:17.422186, 3.8350486037839246, 0.0, -2.511076378655306, -3.5165163127489287, 73.92157827746651, 5.6749959863911865, 0.0016000000400000006, 93.51651631274895
2025-03-31 13:41:17,464 - 2025-03-31T13:41:17.464513, 3.833924272935347, 0.0, -2.516518426077273, -3.9791163129134755, 73.89000860635352, 5.854393276316198, 0.0016000000400000006, 93.97911631291348
2025-03-31 13:41:17,520 - 2025-03-31T13:41:17.520764, 3.833047211347231, 0.0, -2.523929955134806, -4.493216313096316, 73.86844758115095, 6.098081231266448, 0.0016000000400000006, 94.49321631309631
2025-03-31 13:41:17,560 - 2025-03-31T13:41:17.560475, 3.831989702133545, 0.0, -2.5292976058558354, -4.874816313232131, 73.8389952896789, 6.274976215775238, 0.0016000000400000006, 94.87481631323213
2025-03-31 13:41:17,602 - 2025-03-31T13:41:17.602257, 3.8311553830226712, 0.0, -2.534865721481541, -5.2564163133679465, 73.81704991445551, 6.458223339206951, 0.0016000000400000006, 95.25641631336795
2025-03-31 13:41:17,641 - 2025-03-31T13:41:17.641227, 3.8295557256638038, 0.0, -2.5406873274742394, -5.778716313553898, 73.77027366008048, 6.6505170819882, 0.0016000000400000006, 95.7787163135539
2025-03-31 13:41:17,681 - 2025-03-31T13:41:17.681497, 3.829011418290634, 0.0, -2.5463815113036845, -6.185716313698901, 73.75795258074666, 6.837614038926642, 0.0016000000400000006, 96.1857163136989
2025-03-31 13:41:17,723 - 2025-03-31T13:41:17.723515, 3.8277093477355155, 0.0, -2.5524704038359514, -6.670016313871491, 73.72118554803644, 7.038377300271792, 0.0016000000400000006, 96.67001631387149
2025-03-31 13:41:17,760 - 2025-03-31T13:41:17.760354, 3.827008671894426, 0.0, -2.557889726059783, -7.043016314004446, 73.70347493209499, 7.216619812871103, 0.0016000000400000006, 97.04301631400445
2025-03-31 13:41:17,800 - 2025-03-31T13:41:17.800427, 3.8253862893374233, 0.0, -2.563287677044993, -7.514416314172593, 73.65554390039428, 7.395054500480807, 0.0016000000400000006, 97.51441631417259
2025-03-31 13:41:17,840 - 2025-03-31T13:41:17.840291, 3.824767585263316, 0.0, -2.568915039239546, -7.889216314306304, 73.64072051564425, 7.58003407777827, 0.0016000000400000006, 97.88921631430631
2025-03-31 13:41:17,880 - 2025-03-31T13:41:17.880457, 3.8240000877873346, 0.0, -2.5744087581643145, -8.155816314401491, 73.62089252006183, 7.7607788957937895, 0.0016000000400000006, 98.15581631440149
2025-03-31 13:41:17,920 - 2025-03-31T13:41:17.920533, 3.822429376733133, 0.0, -2.579449875776929, -8.446816314505423, 73.57430901645161, 7.927471907872969, 0.0016000000400000006, 98.44681631450543
2025-03-31 13:41:17,960 - 2025-03-31T13:41:17.960429, 3.82145383928643, 0.0, -2.58502556646868, -8.68861631459181, 73.54774395617102, 8.111103957079896, 0.0016000000400000006, 98.68861631459181
2025-03-31 13:41:18,001 - 2025-03-31T13:41:18.001108, 3.8200243465680583, 0.0, -2.5900591090152494, -9.169916314763837, 73.50578013761799, 8.277412043383848, 0.0016000000400000006, 99.16991631476384
2025-03-31 13:41:18,041 - 2025-03-31T13:41:18.041182, 3.819234123893941, 0.0, -2.5951291729325296, -9.435816314858902, 73.48479736470986, 8.444297806227823, 0.0016000000400000006, 99.4358163148589
2025-03-31 13:41:18,080 - 2025-03-31T13:41:18.080815, 3.817760534738813, 0.0, -2.600660767187524, -9.623316314926, 73.44187094384156, 8.626967253119497, 0.0016000000400000006, 99.623316314926
2025-03-31 13:41:18,121 - 2025-03-31T13:41:18.121140, 3.8164722603562704, 0.0, -2.6056867346680486, -9.903116315026054, 73.40452681034569, 8.792890413648207, 0.0016000000400000006, 99.90311631502605
2025-03-31 13:41:18,165 - 2025-03-31T13:41:18.165362, 3.8152735328067555, 0.0, -2.611061960455123, -10.074616315087495, 73.3704548338165, 8.970170323932225, 0.0016000000400000006, 100.0746163150875
2025-03-31 13:41:18,203 - 2025-03-31T13:41:18.203322, 3.8138667652865195, 0.0, -2.6165191580091802, -10.35871631518918, 73.32964579258916, 9.150337465407691, 0.0016000000400000006, 100.35871631518918
2025-03-31 13:41:18,240 - 2025-03-31T13:41:18.240411, 3.8130916927444924, 0.0, -2.6218716585981197, -10.61341631528047, 73.3094328712315, 9.32646259836604, 0.0016000000400000006, 100.61341631528049
2025-03-31 13:41:18,280 - 2025-03-31T13:41:18.280666, 3.8115361318223817, 0.0, -2.627195212882393, -10.799216315347055, 73.26361921917174, 9.502394980559565, 0.0016000000400000006, 100.79921631534705
2025-03-31 13:41:18,320 - 2025-03-31T13:41:18.320689, 3.810255432505884, 0.0, -2.632362398698746, -10.924916315392078, 73.22666001145112, 9.672937826145446, 0.0016000000400000006, 100.92491631539208
2025-03-31 13:41:18,360 - 2025-03-31T13:41:18.360349, 3.80891548662054, 0.0, -2.637745199551866, -11.08701631545019, 73.18796834986475, 9.850602662204691, 0.0016000000400000006, 101.08701631545019
2025-03-31 13:41:18,400 - 2025-03-31T13:41:18.400483, 3.8073523506323843, 0.0, -2.6429275355003097, -11.320116315533781, 73.14176977202978, 10.021915359341044, 0.0016000000400000006, 101.32011631553378
2025-03-31 13:41:18,440 - 2025-03-31T13:41:18.440436, 3.8063843882517263, 0.0, -2.64864444452789, -11.533516315610365, 73.11558963752444, 10.210167093605172, 0.0016000000400000006, 101.53351631561037
2025-03-31 13:41:18,480 - 2025-03-31T13:41:18.480491, 3.8051188390673194, 0.0, -2.6540940670159023, -11.752216315688871, 73.07940028135425, 10.389949309305411, 0.0016000000400000006, 101.75221631568887
2025-03-31 13:41:18,520 - 2025-03-31T13:41:18.520400, 3.803555703079163, 0.0, -2.6592764029643456, -11.829116315716506, 73.03320170351927, 10.561262006441735, 0.0016000000400000006, 101.8291163157165
2025-03-31 13:41:18,560 - 2025-03-31T13:41:18.560494, 3.8024906187994327, 0.0, -2.664502835349546, -11.904416315743514, 73.00336448627203, 10.733537305893366, 0.0016000000400000006, 101.90441631574352
2025-03-31 13:41:18,600 - 2025-03-31T13:41:18.600750, 3.801076276213151, 0.0, -2.6698188145677744, -12.201016315850048, 72.96217051926945, 10.909084762311677, 0.0016000000400000006, 102.20101631585004
2025-03-31 13:41:18,640 - 2025-03-31T13:41:18.640476, 3.7998775486636363, 0.0, -2.675194040354849, -12.259716315871163, 72.92809854274026, 11.086364672595694, 0.0016000000400000006, 102.25971631587116
2025-03-31 13:41:18,681 - 2025-03-31T13:41:18.681022, 3.7986863961801665, 0.0, -2.680710484477753, -12.449716315939392, 72.89441149198629, 11.2682642679369, 0.0016000000400000006, 102.4497163159394
2025-03-31 13:41:18,720 - 2025-03-31T13:41:18.720907, 3.7974132719297145, 0.0, -2.6860188886299357, -12.532716315969264, 72.85783721004091, 11.443426798579953, 0.0016000000400000006, 102.53271631596927
2025-03-31 13:41:18,761 - 2025-03-31T13:41:18.761349, 3.795783314306666, 0.0, -2.691275621279317, -12.618116315999975, 72.80952125256496, 11.617241801132511, 0.0016000000400000006, 102.61811631599997
2025-03-31 13:41:18,800 - 2025-03-31T13:41:18.800773, 3.794725805092981, 0.0, -2.6966432720003466, -12.710316316033145, 72.78006896109295, 11.794136785641316, 0.0016000000400000006, 102.71031631603314
2025-03-31 13:41:18,840 - 2025-03-31T13:41:18.840936, 3.793103422535978, 0.0, -2.7020412229855566, -12.868916316090193, 72.73213792939222, 11.972571473251033, 0.0016000000400000006, 102.86891631609019
2025-03-31 13:41:18,881 - 2025-03-31T13:41:18.880771, 3.791956366489265, 0.0, -2.7070596154000355, -12.983316316131349, 72.69941348095355, 12.1381097080045, 0.0016000000400000006, 102.98331631613135
2025-03-31 13:41:18,920 - 2025-03-31T13:41:18.920525, 3.790883707143489, 0.0, -2.7121448294494064, -13.130516316184337, 72.66919133793107, 12.305765322398944, 0.0016000000400000006, 103.13051631618434
2025-03-31 13:41:18,960 - 2025-03-31T13:41:18.960369, 3.7893949678562704, 0.0, -2.717393987032742, -13.007916316140172, 72.6254950655123, 12.479195399176263, 0.0016000000400000006, 103.00791631614017
2025-03-31 13:41:19,021 - 2025-03-31T13:41:19.021309, 3.7876037746182862, 0.0, -2.7249253631874835, -13.183816316203488, 72.57409855032569, 12.727695214194103, 0.0016000000400000006, 103.18381631620349
2025-03-31 13:41:19,061 - 2025-03-31T13:41:19.061106, 3.7862486786008516, 0.0, -2.7300257273689446, -13.22141631621705, 72.53463703718884, 12.896120680139006, 0.0016000000400000006, 103.22141631621705
2025-03-31 13:41:19,100 - 2025-03-31T13:41:19.100371, 3.7846187209778033, 0.0, -2.7352824600183254, -13.275716316236593, 72.4863210797129, 13.06993568269155, 0.0016000000400000006, 103.2757163162366
2025-03-31 13:41:19,140 - 2025-03-31T13:41:19.140496, 3.783635608465055, 0.0, -2.740716932374247, -13.377116316273113, 72.45937109365708, 13.24894804684132, 0.0016000000400000006, 103.37711631627312
2025-03-31 13:41:19,201 - 2025-03-31T13:41:19.201537, 3.7816288001903042, 0.0, -2.748189061960141, -13.468816316306139, 72.4008525879971, 13.495715407993412, 0.0016000000400000006, 103.46881631630615
2025-03-31 13:41:19,241 - 2025-03-31T13:41:19.241000, 3.780222032670068, 0.0, -2.7536462595141984, -13.565516316340972, 72.36004354676976, 13.675882549468879, 0.0016000000400000006, 103.56551631634098
2025-03-31 13:41:19,281 - 2025-03-31T13:41:19.280998, 3.7791493733242922, 0.0, -2.7587314735635693, -13.582516316347073, 72.32982140374727, 13.843538163863325, 0.0016000000400000006, 103.58251631634707
2025-03-31 13:41:19,323 - 2025-03-31T13:41:19.322966, 3.777586237336136, 0.0, -2.763913809512013, -13.635716316366235, 72.28362282591229, 14.014850860999678, 0.0016000000400000006, 103.63571631636624
2025-03-31 13:41:19,360 - 2025-03-31T13:41:19.360416, 3.7767443431592174, 0.0, -2.7693407068018896, -13.675316316380478, 72.26129252491367, 14.193478299374217, 0.0016000000400000006, 103.67531631638047
2025-03-31 13:41:19,401 - 2025-03-31T13:41:19.401049, 3.7752859041361795, 0.0, -2.775154737728543, -13.730816316400542, 72.21913595559582, 14.385387116380237, 0.0016000000400000006, 103.73081631640055
2025-03-31 13:41:19,440 - 2025-03-31T13:41:19.440879, 3.773819890047096, 0.0, -2.7808275503193665, -13.71161631639363, 72.17659446050274, 14.57267624832907, 0.0016000000400000006, 103.71161631639363
2025-03-31 13:41:19,480 - 2025-03-31T13:41:19.480478, 3.772479944161752, 0.0, -2.7862103511724863, -13.773816316416015, 72.13790279891637, 14.750341084388332, 0.0016000000400000006, 103.77381631641602
2025-03-31 13:41:19,520 - 2025-03-31T13:41:19.520434, 3.7712887916782822, 0.0, -2.7917267952953906, -13.769516316414432, 72.1042157481624, 14.93224067972955, 0.0016000000400000006, 103.76951631641444
2025-03-31 13:41:19,560 - 2025-03-31T13:41:19.560435, 3.7693915475156654, 0.0, -2.797281114748521, -13.849216316443163, 72.04743027212254, 15.11606490394691, 0.0016000000400000006, 103.84921631644316
2025-03-31 13:41:19,600 - 2025-03-31T13:41:19.600330, 3.768393284870827, 0.0, -2.8024331504327837, -13.815916316431187, 72.0197104345163, 15.285837897982335, 0.0016000000400000006, 103.81591631643118
2025-03-31 13:41:19,640 - 2025-03-31T13:41:19.640597, 3.7669789422845454, 0.0, -2.8077491296510115, -13.937316316474982, 71.97851646751371, 15.461385354400617, 0.0016000000400000006, 103.93731631647498
2025-03-31 13:41:19,681 - 2025-03-31T13:41:19.681044, 3.765497778063372, 0.0, -2.8131395055701764, -13.839916316439826, 71.93520512087017, 15.639435116235106, 0.0016000000400000006, 103.83991631643983
2025-03-31 13:41:19,721 - 2025-03-31T13:41:19.721106, 3.764365872148749, 0.0, -2.818440334656314, -13.819416316432456, 71.90325052398194, 15.814212721102932, 0.0016000000400000006, 103.81941631643245
2025-03-31 13:41:19,780 - 2025-03-31T13:41:19.780416, 3.7625002822098277, 0.0, -2.825904889176163, -13.740816316404104, 71.84935170337914, 16.060595156479796, 0.0016000000400000006, 103.7408163164041
2025-03-31 13:41:19,841 - 2025-03-31T13:41:19.841051, 3.7605754457020595, 0.0, -2.8335850587327784, -13.813116316430191, 71.79372042891059, 16.314099582330037, 0.0016000000400000006, 103.8131163164302
2025-03-31 13:41:19,882 - 2025-03-31T13:41:19.882136, 3.7591459529836873, 0.0, -2.8386186012793475, -13.672516316379483, 71.75175661035755, 16.48040766863396, 0.0016000000400000006, 103.67251631637949
2025-03-31 13:41:19,941 - 2025-03-31T13:41:19.940991, 3.7572059663438284, 0.0, -2.8460163341643043, -13.651816316372035, 71.6953554843385, 16.72467272436986, 0.0016000000400000006, 103.65181631637203
2025-03-31 13:41:19,981 - 2025-03-31T13:41:19.981644, 3.756074060429206, 0.0, -2.8513171632504415, -13.571616316343158, 71.66340088745031, 16.89945032923767, 0.0016000000400000006, 103.57161631634315
2025-03-31 13:41:20,021 - 2025-03-31T13:41:20.021301, 3.7549648797127184, 0.0, -2.8570416473440674, -13.473216316307711, 71.63260106788778, 17.088086989277038, 0.0016000000400000006, 103.47321631630771
2025-03-31 13:41:20,061 - 2025-03-31T13:41:20.061789, 3.753416893856653, 0.0, -2.86250641996417, -13.54271631633275, 71.58717234160326, 17.268639056527736, 0.0016000000400000006, 103.54271631633276
2025-03-31 13:41:20,102 - 2025-03-31T13:41:20.102794, 3.7526342462485807, 0.0, -2.8677177022172797, -13.487716316312934, 71.56657449447036, 17.440144504428897, 0.0016000000400000006, 103.48771631631294
2025-03-31 13:41:20,143 - 2025-03-31T13:41:20.143157, 3.7513611219981287, 0.0, -2.8730261063694624, -13.44491631629754, 71.53000021252497, 17.61530703507195, 0.0016000000400000006, 103.44491631629754
2025-03-31 13:41:20,180 - 2025-03-31T13:41:20.180390, 3.7497235893090357, 0.0, -2.878141620683014, -13.357316316265967, 71.48129932927381, 17.784502352567323, 0.0016000000400000006, 103.35731631626597
2025-03-31 13:41:20,220 - 2025-03-31T13:41:20.220372, 3.7488224485632697, 0.0, -2.8837841330096574, -13.286716316240547, 71.45723657440941, 17.970251781415243, 0.0016000000400000006, 103.28671631624054
2025-03-31 13:41:20,280 - 2025-03-31T13:41:20.280769, 3.7472455164025376, 0.0, -2.8900293940098436, -13.255416316229251, 71.41161509736007, 18.176404579368022, 0.0016000000400000006, 103.25541631622926
2025-03-31 13:41:20,340 - 2025-03-31T13:41:20.340441, 3.745861474080437, 0.0, -2.895910246571389, -13.148916316190935, 71.37196083345842, 18.37043077601502, 0.0016000000400000006, 103.14891631619093
2025-03-31 13:41:20,404 - 2025-03-31T13:41:20.404461, 3.7446930467951027, 0.0, -2.901850345701781, -13.034616316149767, 71.33942856003017, 18.566189426527743, 0.0016000000400000006, 103.03461631614977
2025-03-31 13:41:20,461 - 2025-03-31T13:41:20.461500, 3.7428639782268927, 0.0, -2.9086756301773753, -13.138716316187244, 71.2861074159674, 18.791590816259696, 0.0016000000400000006, 103.13871631618724
2025-03-31 13:41:20,520 - 2025-03-31T13:41:20.520478, 3.7413400715284766, 0.0, -2.9159094195283672, -13.149316316191092, 71.24318041934467, 19.03008140961272, 0.0016000000400000006, 103.14931631619109
2025-03-31 13:41:20,560 - 2025-03-31T13:41:20.560433, 3.740156494111052, 0.0, -2.9215670819871007, -13.046116316153917, 71.20987829436595, 19.2166006900111, 0.0016000000400000006, 103.04611631615391
2025-03-31 13:41:20,600 - 2025-03-31T13:41:20.600792, 3.7389729166936276, 0.0, -2.927224744445834, -12.905016316103167, 71.17657616938723, 19.403119970409474, 0.0016000000400000006, 102.90501631610317
2025-03-31 13:41:20,640 - 2025-03-31T13:41:20.640524, 3.737804489408293, 0.0, -2.9331648435762263, -12.845516316081738, 71.14404389595894, 19.59887862092221, 0.0016000000400000006, 102.84551631608176
2025-03-31 13:41:20,680 - 2025-03-31T13:41:20.680827, 3.7364128720201473, 0.0, -2.9389044778019424, -12.596716315992303, 71.10400470628207, 19.788285132512037, 0.0016000000400000006, 102.5967163159923
2025-03-31 13:41:20,720 - 2025-03-31T13:41:20.720461, 3.7349985294338657, 0.0, -2.94422045702017, -12.577416315985351, 71.06281073927948, 19.96383258893032, 0.0016000000400000006, 102.57741631598535
2025-03-31 13:41:20,762 - 2025-03-31T13:41:20.762546, 3.7343130037248664, 0.0, -2.9499222159156604, -12.42631631593104, 71.04586997488849, 20.15131447164399, 0.0016000000400000006, 102.42631631593105
2025-03-31 13:41:20,801 - 2025-03-31T13:41:20.801574, 3.733322316146073, 0.0, -2.9552154699357525, -12.312816315890236, 71.01853506305744, 20.32570715073657, 0.0016000000400000006, 102.31281631589023
2025-03-31 13:41:20,842 - 2025-03-31T13:41:20.842211, 3.7319306987579273, 0.0, -2.9609551041614686, -12.229116315860141, 70.97849587338058, 20.5151136623264, 0.0016000000400000006, 102.22911631586014
2025-03-31 13:41:20,881 - 2025-03-31T13:41:20.881251, 3.731794896260155, 0.0, -2.966344126121119, -12.089416315809988, 70.97926399766783, 20.691816471824783, 0.0016000000400000006, 102.08941631580998
2025-03-31 13:41:20,940 - 2025-03-31T13:41:20.940727, 3.7304046328315232, 0.0, -2.973429122070237, -11.972916315768112, 70.94057176032706, 20.925302454345395, 0.0016000000400000006, 101.97291631576813
2025-03-31 13:41:21,000 - 2025-03-31T13:41:21.000547, 3.7290949872103596, 0.0, -2.979376796266674, -11.690616315666773, 70.9034198018416, 21.121446030633358, 0.0016000000400000006, 101.69061631566677
2025-03-31 13:41:21,242 - 2025-03-31T13:41:21.241823, 3.728527954639054, 0.0, -2.9846473250886314, -11.376616315554084, 70.88994394518208, 21.294683932400268, 0.0016000000400000006, 101.37661631555409
2025-03-31 13:41:21,341 - 2025-03-31T13:41:21.341328, 3.7272624054546473, 0.0, -2.9900969475766432, -11.477516315590256, 70.85375458901193, 21.474466148100497, 0.0016000000400000006, 101.47751631559025
2025-03-31 13:41:21,400 - 2025-03-31T13:41:21.400749, 3.7259313885948626, 0.0, -2.996966328488994, -11.368316315551137, 70.81679480553689, 21.700830140147726, 0.0016000000400000006, 101.36831631555114
2025-03-31 13:41:21,440 - 2025-03-31T13:41:21.440483, 3.724755386243483, 0.0, -3.002765209283557, -11.16331631547754, 70.78387760633339, 21.89196910560329, 0.0016000000400000006, 101.16331631547756
2025-03-31 13:41:21,480 - 2025-03-31T13:41:21.480501, 3.7237736276902496, 0.0, -3.00954504336288, -10.969216315407959, 70.7582745726137, 22.115060940683843, 0.0016000000400000006, 100.96921631540798
2025-03-31 13:41:21,520 - 2025-03-31T13:41:21.520396, 3.722814594335151, 0.0, -3.016748532449691, -10.861916315369532, 70.73382631621968, 22.352011830935943, 0.0016000000400000006, 100.86191631536953
2025-03-31 13:41:21,560 - 2025-03-31T13:41:21.560357, 3.7219967793158815, 0.0, -3.0239444464704572, -10.453716315223245, 70.71399774488282, 22.5885777954128, 0.0016000000400000006, 100.45371631522325
2025-03-31 13:41:21,600 - 2025-03-31T13:41:21.600604, 3.7207918306598358, 0.0, -3.030523815645104, -10.169116315121311, 70.6808877949145, 22.80531749157043, 0.0016000000400000006, 100.16911631512131
2025-03-31 13:41:21,642 - 2025-03-31T13:41:21.642623, 3.719638553506592, 0.0, -3.036746351447155, -9.773416314979666, 70.6491253730367, 23.010315512197526, 0.0016000000400000006, 99.77341631497967
2025-03-31 13:41:21,700 - 2025-03-31T13:41:21.700775, 3.7186933163240696, 0.0, -3.0428869154822236, -9.575916314909007, 70.62410001585704, 23.212426301633183, 0.0016000000400000006, 99.57591631490901
2025-03-31 13:41:21,940 - 2025-03-31T13:41:21.940283, 3.718349473855576, 0.0, -3.048357909208857, -9.248216314791817, 70.61813107544614, 23.392016342323004, 0.0016000000400000006, 99.24821631479182
2025-03-31 13:41:22,000 - 2025-03-31T13:41:22.000793, 3.71780652044192, 0.0, -3.055397454761703, -8.945016314683409, 70.60715694844842, 23.62319277019222, 0.0016000000400000006, 98.94501631468341
2025-03-31 13:41:22,040 - 2025-03-31T13:41:22.040715, 3.7169053796961546, 0.0, -3.0610399670883464, -8.64661631457678, 70.58309419358406, 23.808942199040153, 0.0016000000400000006, 98.64661631457678
2025-03-31 13:41:22,080 - 2025-03-31T13:41:22.080438, 3.716815027594653, 0.0, -3.067276299062973, -8.361616314474995, 70.58617187252267, 24.013363118881585, 0.0016000000400000006, 98.36161631447501
2025-03-31 13:41:22,121 - 2025-03-31T13:41:22.120963, 3.7157740224725724, 0.0, -3.074271748179063, -8.098716314381106, 70.55883638493722, 24.24357694443553, 0.0016000000400000006, 98.09871631438111
2025-03-31 13:41:22,160 - 2025-03-31T13:41:22.160390, 3.7147405924165366, 0.0, -3.0814084156309827, -7.787416314269983, 70.53188582312703, 24.478410455046667, 0.0016000000400000006, 97.78741631426999
2025-03-31 13:41:22,200 - 2025-03-31T13:41:22.200491, 3.714442200344314, 0.0, -3.0877267193725917, -7.591116314199946, 70.5282264373675, 24.685718606079533, 0.0016000000400000006, 97.59111631419995
2025-03-31 13:41:22,260 - 2025-03-31T13:41:22.260465, 3.713823496270207, 0.0, -3.0933540815671448, -7.355416314115898, 70.51340305261746, 24.870698183376998, 0.0016000000400000006, 97.3554163141159
2025-03-31 13:41:22,420 - 2025-03-31T13:41:22.420416, 3.7131303954951624, 0.0, -3.0989146221268054, -7.30641631409843, 70.49607736245125, 25.05356038103348, 0.0016000000400000006, 97.30641631409843
2025-03-31 13:41:22,501 - 2025-03-31T13:41:22.501173, 3.712794128092714, 0.0, -3.104526834189268, -7.252716314079274, 70.49049334781556, 25.237770106780474, 0.0016000000400000006, 97.2527163140793
2025-03-31 13:41:22,560 - 2025-03-31T13:41:22.560520, 3.711587825477154, 0.0, -3.1097608416405134, -7.189816314056819, 70.45603644551113, 25.410430332007333, 0.0016000000400000006, 97.18981631405681
2025-03-31 13:41:22,620 - 2025-03-31T13:41:22.620925, 3.7116676380161486, 0.0, -3.115209110169011, -7.1807163140535595, 70.46392656027177, 25.588865595371455, 0.0016000000400000006, 97.18071631405356
2025-03-31 13:41:22,721 - 2025-03-31T13:41:22.721073, 3.7106618003052647, 0.0, -3.1202199275174447, -7.191116314057278, 70.43582179689025, 25.754018904349692, 0.0016000000400000006, 97.1911163140573
2025-03-31 13:41:52,520 - 2025-03-31T13:41:52.520837, 3.710322276292747, 0.0, -3.115210464128525, -7.160916314046515, 70.41984708934098, 25.59021254770756, 0.0016000000400000006, 97.16091631404652
