2025-03-31 14:26:22,983 - Timestamp, Before_X, Before_Y, Before_Z, Before_Yaw_Deg, After_X, After_Y, After_Z, After_Yaw_Deg
2025-03-31 14:26:23,055 - 2025-03-31T14:26:23.055798, 0.1378353338090066, 0.0, -2.3270112914677235, -178.98221631113782, -47.39584146429592, 3.2237738159265668, 0.0016000000400000006, 268.9822163111378
2025-03-31 14:30:06,856 - 2025-03-31T14:30:06.856216, 0.1377038497672105, 0.0, -2.3219198563118217, -179.04621631116058, -47.405079107147046, 3.0570802280929974, 0.0016000000400000006, 269.0462163111606
2025-03-31 14:30:06,935 - 2025-03-31T14:30:06.935313, 0.13766813366497255, 0.0, -2.3159735360748988, -179.06091631116576, -47.412006619592404, 2.8622836041411386, 0.0016000000400000006, 269.0609163111658
2025-03-31 14:30:06,995 - 2025-03-31T14:30:06.995322, 0.1375958961920234, 0.0, -2.3106664858822303, -179.03411631115625, -47.419511808577795, 2.6884680258341755, 0.0016000000400000006, 269.03411631115625
2025-03-31 14:30:07,076 - 2025-03-31T14:30:07.075995, 0.13760427652654217, 0.0, -2.3042221139368815, -179.0567163111643, -47.425476718707856, 2.4773100412945785, 0.0016000000400000006, 269.05671631116434
2025-03-31 14:30:07,155 - 2025-03-31T14:30:07.155346, 0.13753961411963767, 0.0, -2.299056282080043, -179.05211631116265, -47.43259698191803, 2.3081141480448166, 0.0016000000400000006, 269.05211631116265
2025-03-31 14:30:07,316 - 2025-03-31T14:30:07.316548, 0.13731100817876873, 0.0, -2.293474370281761, -179.05431631116343, -47.44549170751106, 2.125444125398738, 0.0016000000400000006, 269.05431631116346
2025-03-31 14:30:07,415 - 2025-03-31T14:30:07.415312, 0.13735726384351343, 0.0, -2.287736090015559, -179.134716311192, -47.44953198876497, 1.93738456614503, 0.0016000000400000006, 269.134716311192
2025-03-31 14:30:07,475 - 2025-03-31T14:30:07.475287, 0.13750064140733098, 0.0, -2.2824882863917377, -179.04191631115904, -47.44991518727697, 1.7653014417038175, 0.0016000000400000006, 269.04191631115907
2025-03-31 14:30:07,535 - 2025-03-31T14:30:07.535477, 0.13727825657299286, 0.0, -2.2757022312058837, -178.9748163111352, -47.46377193943088, 1.5431716331841252, 0.0016000000400000006, 268.9748163111352
2025-03-31 14:30:07,577 - 2025-03-31T14:30:07.577433, 0.1371984440339986, 0.0, -2.270253962677386, -179.02511631115308, -47.4716620541915, 1.3647363698200043, 0.0016000000400000006, 269.02511631115306
2025-03-31 14:30:07,616 - 2025-03-31T14:30:07.616610, 0.13696226302708459, 0.0, -2.264530832543275, -178.8830163111026, -47.484941705559756, 1.1774466621167532, 0.0016000000400000006, 268.8830163111026
2025-03-31 14:30:07,655 - 2025-03-31T14:30:07.655461, 0.13680047872110768, 0.0, -2.2588745240440553, -178.75571631105737, -47.49571905151181, 0.9922743340544669, 0.0016000000400000006, 268.75571631105737
2025-03-31 14:30:07,696 - 2025-03-31T14:30:07.696204, 0.13654914758210301, 0.0, -2.2528689572382854, -178.7496163110552, -47.50976855443055, 0.7957452562368574, 0.0016000000400000006, 268.7496163110552
2025-03-31 14:30:07,735 - 2025-03-31T14:30:07.735378, 0.13679586815152378, 0.0, -2.2469074868692718, -178.70051631103775, -47.507456696761544, 0.6001787807345277, 0.0016000000400000006, 268.70051631103775
2025-03-31 14:30:07,775 - 2025-03-31T14:30:07.775646, 0.13648529044367264, 0.0, -2.241117535100269, -178.695516311036, -47.523238653545995, 0.4107716933903258, 0.0016000000400000006, 268.69551631103604
2025-03-31 14:30:07,816 - 2025-03-31T14:30:07.816193, 0.13618228780186614, 0.0, -2.2354688016670945, -178.64761631101896, -47.538635684555246, 0.22598429110326818, 0.0016000000400000006, 268.64761631101896
2025-03-31 14:30:07,855 - 2025-03-31T14:30:07.855380, 0.13610247526287145, 0.0, -2.230020533138597, -178.61021631100567, -47.54652579931588, 0.04754902773914757, 0.0016000000400000006, 268.6102163110057
2025-03-31 14:30:07,895 - 2025-03-31T14:30:07.895599, 0.13596341615503027, 0.0, -2.2247878796468656, -178.45821631095168, -47.556148367942235, -0.12376424515160814, 0.0016000000400000006, 268.4582163109517
2025-03-31 14:30:07,937 - 2025-03-31T14:30:07.936342, 0.1356907137774046, 0.0, -2.219704019557009, -178.357916310916, -47.57000569585055, -0.2900729072099488, 0.0016000000400000006, 268.35791631091604
2025-03-31 14:30:07,975 - 2025-03-31T14:30:07.975263, 0.13535118976488691, 0.0, -2.2146945561680895, -178.30271631089641, -47.58598040339983, -0.4538792638520964, 0.0016000000400000006, 268.3027163108964
2025-03-31 14:30:08,015 - 2025-03-31T14:30:08.015554, 0.1352865273579833, 0.0, -2.2095287243112502, -178.32551631090453, -47.593100666609985, -0.6230751571018733, 0.0016000000400000006, 268.3255163109045
2025-03-31 14:30:08,056 - 2025-03-31T14:30:08.056040, 0.13493942827942007, 0.0, -2.204378042586502, -178.16761631084844, -47.60946029993451, -0.7915011988011785, 0.0016000000400000006, 268.1676163108484
2025-03-31 14:30:08,095 - 2025-03-31T14:30:08.095435, 0.13459232920085684, 0.0, -2.199227360861753, -178.03271631080045, -47.62581993325904, -0.9599272405004979, 0.0016000000400000006, 268.0327163108004
2025-03-31 14:30:08,135 - 2025-03-31T14:30:08.135373, 0.13453524185999832, 0.0, -2.194202747340743, -178.01651631079474, -47.63255527069395, -1.124503448693117, 0.0016000000400000006, 268.0165163107947
2025-03-31 14:30:08,175 - 2025-03-31T14:30:08.175366, 0.13411374608049798, 0.0, -2.188985243981102, -177.92621631076264, -47.651417209434676, -1.2950468700334012, 0.0016000000400000006, 267.92621631076264
2025-03-31 14:30:08,215 - 2025-03-31T14:30:08.215728, 0.1337590719358901, 0.0, -2.1836933439205244, -177.91181631075753, -47.66816176853442, -1.468092596789879, 0.0016000000400000006, 267.91181631075756
2025-03-31 14:30:08,255 - 2025-03-31T14:30:08.255816, 0.13381290266667945, 0.0, -2.1780962819901517, -177.7438163106978, -47.67181712401311, -1.6515324709864285, 0.0016000000400000006, 267.7438163106978
2025-03-31 14:30:08,296 - 2025-03-31T14:30:08.296017, 0.13309382008343107, 0.0, -2.1726114920909425, -177.6437163106622, -47.70068828441862, -1.8305454108906014, 0.0016000000400000006, 267.64371631066217
2025-03-31 14:30:08,335 - 2025-03-31T14:30:08.335323, 0.13368979895940258, 0.0, -2.1665604748889016, -177.70331631068342, -47.68701967699429, -2.0293840433595953, 0.0016000000400000006, 267.7033163106834
2025-03-31 14:30:08,376 - 2025-03-31T14:30:08.376315, 0.13317875634687493, 0.0, -2.16099371322271, -177.58281631064062, -47.709153772701676, -2.211284214455189, 0.0016000000400000006, 267.5828163106406
2025-03-31 14:30:08,415 - 2025-03-31T14:30:08.415867, 0.13216966202592184, 0.0, -2.1553828551197616, -177.41061631057937, -47.7476492289968, -2.394146987866091, 0.0016000000400000006, 267.41061631057937
2025-03-31 14:30:08,455 - 2025-03-31T14:30:08.455253, 0.13222349275671208, 0.0, -2.1497857931893893, -177.33401631055216, -47.751304584475456, -2.5775868620626268, 0.0016000000400000006, 267.33401631055216
2025-03-31 14:30:08,496 - 2025-03-31T14:30:08.496132, 0.131779271779076, 0.0, -2.1441446348222604, -177.12041631047626, -47.771321300541885, -2.761989338574456, 0.0016000000400000006, 267.12041631047623
2025-03-31 14:30:08,535 - 2025-03-31T14:30:08.535933, 0.13178143100706396, 0.0, -2.1389044062644844, -177.13531631048153, -47.776324184111076, -2.9336875372404254, 0.0016000000400000006, 267.1353163104815
2025-03-31 14:30:08,575 - 2025-03-31T14:30:08.575536, 0.1315011535633932, 0.0, -2.1336793278387987, -177.10071631046924, -47.79056643779462, -3.1046158843559244, 0.0016000000400000006, 267.1007163104693
2025-03-31 14:30:08,615 - 2025-03-31T14:30:08.615258, 0.1316521061932554, 0.0, -2.128572742550806, -177.00791631043626, -47.790564710531406, -3.2720793237399923, 0.0016000000400000006, 267.00791631043626
2025-03-31 14:30:08,655 - 2025-03-31T14:30:08.655736, 0.13107424194583617, 0.0, -2.123080377585552, -176.97571631042481, -47.81481618587975, -3.4514771894193794, 0.0016000000400000006, 266.9757163104248
2025-03-31 14:30:08,695 - 2025-03-31T14:30:08.695248, 0.13029591279373998, 0.0, -2.117811202723109, -176.8558163103822, -47.84541980015103, -3.623368138850186, 0.0016000000400000006, 266.85581631038224
2025-03-31 14:30:08,735 - 2025-03-31T14:30:08.735810, 0.13023125038683547, 0.0, -2.1126453708662702, -176.79091631035914, -47.8525400633612, -3.7925640320999623, 0.0016000000400000006, 266.79091631035914
2025-03-31 14:30:08,775 - 2025-03-31T14:30:08.775524, 0.13000264444596654, 0.0, -2.107063459067988, -176.71001631033036, -47.86543478895423, -3.9752340547460268, 0.0016000000400000006, 266.7100163103304
2025-03-31 14:30:08,815 - 2025-03-31T14:30:08.815491, 0.12975888837300742, 0.0, -2.1011991105980474, -176.6114163102953, -47.87909936609772, -4.167143447506464, 0.0016000000400000006, 266.61141631029534
2025-03-31 14:30:08,855 - 2025-03-31T14:30:08.855914, 0.12909147729256043, 0.0, -2.0953574873262424, -176.4356163102328, -47.90662299841273, -4.357898062941189, 0.0016000000400000006, 266.43561631023283
2025-03-31 14:30:08,895 - 2025-03-31T14:30:08.895601, 0.1283055730744187, 0.0, -2.0899470941279708, -176.35891631020553, -47.93761153845925, -4.534408697429153, 0.0016000000400000006, 266.35891631020553
2025-03-31 14:30:08,935 - 2025-03-31T14:30:08.935866, 0.1278840772949188, 0.0, -2.0847295907683296, -176.3285163101947, -47.956473477199964, -4.704952118769452, 0.0016000000400000006, 266.3285163101947
2025-03-31 14:30:08,977 - 2025-03-31T14:30:08.977437, 0.1279303329596635, 0.0, -2.0789913105021283, -176.32091631019196, -47.96051375845387, -4.89301167802316, 0.0016000000400000006, 266.32091631019193
2025-03-31 14:30:09,015 - 2025-03-31T14:30:09.015812, 0.12748611198202786, 0.0, -2.073350152134999, -176.20271631014995, -47.980530474520286, -5.077414154534989, 0.0016000000400000006, 266.20271631015
2025-03-31 14:30:09,055 - 2025-03-31T14:30:09.055836, 0.12748827121001582, 0.0, -2.068109923577223, -176.18791631014471, -47.98553335808947, -5.249112353200959, 0.0016000000400000006, 266.1879163101447
2025-03-31 14:30:09,098 - 2025-03-31T14:30:09.098770, 0.12683601026165903, 0.0, -2.062550736977076, -176.0091163100811, -48.01228713885402, -5.430627598521353, 0.0016000000400000006, 266.00911631008114
2025-03-31 14:30:09,135 - 2025-03-31T14:30:09.135741, 0.1264661859849605, 0.0, -2.0569764002448396, -175.9598163100636, -48.02980154950424, -5.612912695392175, 0.0016000000400000006, 265.9598163100636
2025-03-31 14:30:09,175 - 2025-03-31T14:30:09.175959, 0.12602954007336997, 0.0, -2.05147646021354, -175.91021631004594, -48.04943333979543, -5.792695486846832, 0.0016000000400000006, 265.91021631004594
2025-03-31 14:30:09,215 - 2025-03-31T14:30:09.215749, 0.12538485419105827, 0.0, -2.0460584919492226, -175.8319163100181, -48.07580219478475, -5.96959104711004, 0.0016000000400000006, 265.8319163100181
2025-03-31 14:30:09,255 - 2025-03-31T14:30:09.255424, 0.12494820827946773, 0.0, -2.040558551917923, -175.7532163099901, -48.095433985075935, -6.149373838564682, 0.0016000000400000006, 265.7532163099901
2025-03-31 14:30:09,295 - 2025-03-31T14:30:09.295376, 0.12487597080651813, 0.0, -2.035251501725255, -175.6388163099494, -48.10293917406134, -6.323189416871631, 0.0016000000400000006, 265.6388163099494
2025-03-31 14:30:09,336 - 2025-03-31T14:30:09.336193, 0.12422370985816134, 0.0, -2.029692315125108, -175.58641630993074, -48.12969295482589, -6.504704662192011, 0.0016000000400000006, 265.58641630993077
2025-03-31 14:30:09,375 - 2025-03-31T14:30:09.375859, 0.12385388558146282, 0.0, -2.0241179783928716, -175.57821630992785, -48.1472073654761, -6.686989759062847, 0.0016000000400000006, 265.5782163099278
2025-03-31 14:30:09,415 - 2025-03-31T14:30:09.415624, 0.1231423780642591, 0.0, -2.0187744068294915, -175.457916309885, -48.1756936001064, -6.861383013909862, 0.0016000000400000006, 265.45791630988504
2025-03-31 14:30:09,455 - 2025-03-31T14:30:09.455359, 0.12255693875079432, 0.0, -2.013140823528408, -175.4392163098784, -48.20033000122998, -7.045400564646434, 0.0016000000400000006, 265.43921630987836
2025-03-31 14:30:09,495 - 2025-03-31T14:30:09.495451, 0.12282638451835037, 0.0, -2.007603008166882, -175.4418163098793, -48.19686336623529, -7.227107984977262, 0.0016000000400000006, 265.4418163098793
2025-03-31 14:30:09,535 - 2025-03-31T14:30:09.535710, 0.12232291697186781, 0.0, -2.00217746483652, -175.4845163098945, -48.21861253616744, -7.404388471015683, 0.0016000000400000006, 265.4845163098945
2025-03-31 14:30:09,575 - 2025-03-31T14:30:09.575533, 0.12209431103099933, 0.0, -1.996595553038238, -175.63081630994657, -48.23150726176046, -7.587058493661749, 0.0016000000400000006, 265.63081630994657
2025-03-31 14:30:09,615 - 2025-03-31T14:30:09.615780, 0.12146477528077737, 0.0, -1.991460021445579, -175.69541630996954, -48.25710626519934, -7.754714683810625, 0.0016000000400000006, 265.6954163099696
2025-03-31 14:30:09,656 - 2025-03-31T14:30:09.656320, 0.12096130773429481, 0.0, -1.9860344781152175, -175.7858163100017, -48.2788554351315, -7.931995169849032, 0.0016000000400000006, 265.7858163100017
2025-03-31 14:30:09,695 - 2025-03-31T14:30:09.695382, 0.12074785192551607, 0.0, -1.9807350029885944, -175.86971631003155, -48.29098030917407, -8.105425822380752, 0.0016000000400000006, 265.86971631003155
2025-03-31 14:30:09,736 - 2025-03-31T14:30:09.736104, 0.12080168265630586, 0.0, -1.9751379410582222, -175.98841631007377, -48.294635664652745, -8.288865696577288, 0.0016000000400000006, 265.9884163100738
2025-03-31 14:30:09,775 - 2025-03-31T14:30:09.775684, 0.12035746167867023, 0.0, -1.9694967826910927, -176.1873163101445, -48.31465238071915, -8.473268173089117, 0.0016000000400000006, 266.1873163101445
2025-03-31 14:30:09,815 - 2025-03-31T14:30:09.815946, 0.12018810230664823, 0.0, -1.963699255856044, -176.2950163101828, -48.32581465244645, -8.663060186208575, 0.0016000000400000006, 266.2950163101828
2025-03-31 14:30:09,855 - 2025-03-31T14:30:09.855582, 0.12031632973837514, 0.0, -1.958169015560564, -176.36131631020635, -48.326967702508924, -8.844382680764133, 0.0016000000400000006, 266.36131631020635
2025-03-31 14:30:09,895 - 2025-03-31T14:30:09.895881, 0.1193072354174225, 0.0, -1.952558157457616, -176.61261631029575, -48.365463158804026, -9.02724545417502, 0.0016000000400000006, 266.6126163102957
2025-03-31 14:30:09,936 - 2025-03-31T14:30:09.936091, 0.11908620454259866, 0.0, -1.9471174639951632, -176.74131631034146, -48.37797295862183, -9.205295791763927, 0.0016000000400000006, 266.7413163103415
2025-03-31 14:30:09,975 - 2025-03-31T14:30:09.975662, 0.11912488514129782, 0.0, -1.941237965393132, -176.9855163104283, -48.38239816565098, -9.397975036074822, 0.0016000000400000006, 266.9855163104283
2025-03-31 14:30:10,015 - 2025-03-31T14:30:10.015774, 0.11917871587208806, 0.0, -1.93564090346276, -177.1158163104746, -48.38605352112964, -9.58141491027135, 0.0016000000400000006, 267.1158163104746
2025-03-31 14:30:10,055 - 2025-03-31T14:30:10.055814, 0.11924012166892295, 0.0, -1.9301850598682169, -177.10881631047212, -48.389323950833095, -9.760235099410714, 0.0016000000400000006, 267.1088163104721
2025-03-31 14:30:10,095 - 2025-03-31T14:30:10.095624, 0.11953229263461429, 0.0, -1.9250708995141799, -177.37981631056846, -48.38470253851271, -9.928083464569974, 0.0016000000400000006, 267.3798163105685
2025-03-31 14:30:10,135 - 2025-03-31T14:30:10.135411, 0.119318836825836, 0.0, -1.9197714243875568, -177.47421631060197, -48.396827412555275, -10.101514117101688, 0.0016000000400000006, 267.47421631060195
2025-03-31 14:30:10,175 - 2025-03-31T14:30:10.175573, 0.11966267929432961, 0.0, -1.9143004306609235, -177.61421631065176, -48.39085847214437, -10.281104157791516, 0.0016000000400000006, 267.6142163106517
2025-03-31 14:30:10,215 - 2025-03-31T14:30:10.215278, 0.11930043008367663, 0.0, -1.908867312264516, -177.74141631069696, -48.407987957019344, -10.458769569605186, 0.0016000000400000006, 267.741416310697
2025-03-31 14:30:10,255 - 2025-03-31T14:30:10.255425, 0.11951820434843086, 0.0, -1.9036863302755864, -177.91321631075803, -48.405868850115155, -10.628735314405427, 0.0016000000400000006, 267.913216310758
2025-03-31 14:30:10,295 - 2025-03-31T14:30:10.295345, 0.11936399510849904, 0.0, -1.8981712401121966, -178.02591631079807, -48.41626127029199, -10.809287957410527, 0.0016000000400000006, 268.02591631079804
2025-03-31 14:30:10,335 - 2025-03-31T14:30:10.335229, 0.11929933270159543, 0.0, -1.8930054082553576, -178.14691631084105, -48.42338153350214, -10.978483850660304, 0.0016000000400000006, 268.14691631084105
2025-03-31 14:30:10,375 - 2025-03-31T14:30:10.375271, 0.11909345195886134, 0.0, -1.8878471514645632, -178.27471631088648, -48.4351214817695, -11.147294818134865, 0.0016000000400000006, 268.27471631088645
2025-03-31 14:30:10,416 - 2025-03-31T14:30:10.416707, 0.11908803612080465, 0.0, -1.882465704570958, -178.39621631092965, -48.4405092911139, -11.323612701858, 0.0016000000400000006, 268.3962163109296
2025-03-31 14:30:10,455 - 2025-03-31T14:30:10.455312, 0.11957309692512696, 0.0, -1.8769871357782795, -178.61261631100655, -48.42992066564584, -11.503587668323062, 0.0016000000400000006, 268.61261631100655
2025-03-31 14:30:10,495 - 2025-03-31T14:30:10.495499, 0.11935964111634911, 0.0, -1.8716876606516564, -178.76921631106214, -48.44204553968839, -11.677018320854783, 0.0016000000400000006, 268.7692163110621
2025-03-31 14:30:10,535 - 2025-03-31T14:30:10.535953, 0.11985227698671652, 0.0, -1.8663503101948071, -178.89611631110722, -48.4310719884451, -11.852373602262666, 0.0016000000400000006, 268.8961163111072
2025-03-31 14:30:10,575 - 2025-03-31T14:30:10.575312, 0.12019611945521014, 0.0, -1.8608793164681736, -179.0651163111673, -48.42510304803419, -12.031963642952494, 0.0016000000400000006, 269.0651163111673
2025-03-31 14:30:10,615 - 2025-03-31T14:30:10.615264, 0.12002676008318813, 0.0, -1.8550817896331255, -179.1806163112083, -48.43626531976148, -12.221755656071931, 0.0016000000400000006, 269.18061631120827
2025-03-31 14:30:10,655 - 2025-03-31T14:30:10.655935, 0.12020665901771732, 0.0, -1.8491947159650497, -179.31281631125526, -48.43607084173343, -12.414819826158046, 0.0016000000400000006, 269.31281631125523
2025-03-31 14:30:10,695 - 2025-03-31T14:30:10.695416, 0.12032731138339914, 0.0, -1.84352325733374, -179.41261631129072, -48.43760881757114, -12.60076200577079, 0.0016000000400000006, 269.4126163112907
2025-03-31 14:30:10,735 - 2025-03-31T14:30:10.735600, 0.12040386731232378, 0.0, -1.8383498504108555, -179.5158163113274, -48.44010939572414, -12.7703428247958, 0.0016000000400000006, 269.5158163113274
2025-03-31 14:30:10,775 - 2025-03-31T14:30:10.775782, 0.12081453141570986, 0.0, -1.8328044599832847, -179.6382163113709, -48.43202307567225, -12.952435170901843, 0.0016000000400000006, 269.6382163113709
2025-03-31 14:30:10,815 - 2025-03-31T14:30:10.815527, 0.12094275884743722, 0.0, -1.8272742196878051, -179.73501631140527, -48.43317612573472, -13.133757665457386, 0.0016000000400000006, 269.7350163114053
2025-03-31 14:30:10,855 - 2025-03-31T14:30:10.855706, 0.12087052137448717, 0.0, -1.8219671694951365, -179.86201631145036, -48.44068131472014, -13.307573243764347, 0.0016000000400000006, 269.86201631145036
2025-03-31 14:30:10,896 - 2025-03-31T14:30:10.895978, 0.12092435210527741, 0.0, -1.8163701075647642, 179.9906836884973, -48.444336670198794, -13.491013117960877, 0.0016000000400000006, -89.99068368849731
2025-03-31 14:30:10,936 - 2025-03-31T14:30:10.935998, 0.1214245630416908, 0.0, -1.8111739754437446, 179.91318368846976, -48.43297819318025, -13.661748714311582, 0.0016000000400000006, -89.91318368846976
2025-03-31 14:30:10,975 - 2025-03-31T14:30:10.975711, 0.12106988889708292, 0.0, -1.8058820753831668, 179.79438368842756, -48.44972275227999, -13.834794441068059, 0.0016000000400000006, -89.79438368842756
2025-03-31 14:30:11,015 - 2025-03-31T14:30:11.015772, 0.12177056473817194, 0.0, -1.8004627531593345, 179.72428368840266, -48.43201213633855, -14.013036953667399, 0.0016000000400000006, -89.72428368840266
2025-03-31 14:30:11,055 - 2025-03-31T14:30:11.055257, 0.12184712066709702, 0.0, -1.79528934623645, 179.60448368836012, -48.43451271449154, -14.18261777269241, 0.0016000000400000006, -89.60448368836012
2025-03-31 14:30:11,095 - 2025-03-31T14:30:11.095334, 0.12217581300350044, 0.0, -1.789535915838159, 179.46778368831156, -48.429313625631096, -14.371447183496562, 0.0016000000400000006, -89.46778368831156
2025-03-31 14:30:11,136 - 2025-03-31T14:30:11.136270, 0.12225236893242597, 0.0, -1.7843625089152746, 179.34088368826647, -48.43181420378407, -14.541028002521573, 0.0016000000400000006, -89.34088368826647
2025-03-31 14:30:11,175 - 2025-03-31T14:30:11.175232, 0.12239574649624263, 0.0, -1.7791147052914527, 179.2323836882279, -48.432197402296104, -14.713111126962799, 0.0016000000400000006, -89.23238368822791
2025-03-31 14:30:11,215 - 2025-03-31T14:30:11.215467, 0.12251639886192489, 0.0, -1.7734432466601429, 179.13218368819233, -48.4337353781338, -14.89905330657555, 0.0016000000400000006, -89.13218368819233
2025-03-31 14:30:11,255 - 2025-03-31T14:30:11.255689, 0.12300903473229274, 0.0, -1.7681058962032945, 179.0285836881555, -48.42276182689049, -15.074408587983404, 0.0016000000400000006, -89.02858368815549
2025-03-31 14:30:11,295 - 2025-03-31T14:30:11.295489, 0.1234940955366155, 0.0, -1.7626273274106161, 178.88118368810314, -48.41217320142242, -15.254383554448452, 0.0016000000400000006, -88.88118368810314
2025-03-31 14:30:11,335 - 2025-03-31T14:30:11.335914, 0.12363747310043349, 0.0, -1.757379523786795, 178.74978368805645, -48.41255639993441, -15.426466678889652, 0.0016000000400000006, -88.74978368805645
2025-03-31 14:30:11,375 - 2025-03-31T14:30:11.375423, 0.12412253390475625, 0.0, -1.7519009549941162, 178.62518368801216, -48.40196777446634, -15.606441645354721, 0.0016000000400000006, -88.62518368801216
2025-03-31 14:30:11,415 - 2025-03-31T14:30:11.415389, 0.12425076133648316, 0.0, -1.746370714698636, 178.45708368795246, -48.40312082452881, -15.787764139910285, 0.0016000000400000006, -88.45708368795246
2025-03-31 14:30:11,455 - 2025-03-31T14:30:11.455761, 0.12480264377569883, 0.0, -1.7408177492050205, 178.30338368789785, -48.390414819419746, -15.970241411791534, 0.0016000000400000006, -88.30338368789785
2025-03-31 14:30:11,495 - 2025-03-31T14:30:11.495546, 0.12486404957253283, 0.0, -1.7353619056104774, 178.2173836878673, -48.393685249123216, -16.149061600930903, 0.0016000000400000006, -88.21738368786731
2025-03-31 14:30:11,536 - 2025-03-31T14:30:11.536170, 0.1251486454721804, 0.0, -1.7301065269206113, 178.13998368783982, -48.38944876257803, -16.32152965114733, 0.0016000000400000006, -88.13998368783982
2025-03-31 14:30:11,575 - 2025-03-31T14:30:11.575663, 0.1261317579849277, 0.0, -1.7246720545646888, 178.03938368780405, -48.362498776522244, -16.50054201529713, 0.0016000000400000006, -88.03938368780405
2025-03-31 14:30:11,615 - 2025-03-31T14:30:11.615823, 0.12612634214687102, 0.0, -1.7192906076710837, 177.92958368776505, -48.36788658586666, -16.67685989902026, 0.0016000000400000006, -87.92958368776505
2025-03-31 14:30:11,655 - 2025-03-31T14:30:11.655809, 0.1265445813163013, 0.0, -1.7138864355793424, 177.7242836876921, -48.35941534003956, -16.854332560069118, 0.0016000000400000006, -87.7242836876921
2025-03-31 14:30:11,695 - 2025-03-31T14:30:11.695625, 0.12709646375551653, 0.0, -1.7083334700857264, 177.5942836876459, -48.3467093349305, -17.036809831950386, 0.0016000000400000006, -87.59428368764593
2025-03-31 14:30:11,735 - 2025-03-31T14:30:11.735420, 0.12701665121652272, 0.0, -1.702885201557229, 177.4974836876115, -48.35459944969111, -17.215245095314508, 0.0016000000400000006, -87.49748368761149
2025-03-31 14:30:11,776 - 2025-03-31T14:30:11.776494, 0.12764293035667462, 0.0, -1.6973990576985054, 177.327283687551, -48.33939113916586, -17.395604987554787, 0.0016000000400000006, -87.32728368755099
2025-03-31 14:30:11,815 - 2025-03-31T14:30:11.815634, 0.12791995119027577, 0.0, -1.6920024606728092, 177.26568368752908, -48.335539578395945, -17.57269272282841, 0.0016000000400000006, -87.26568368752908
2025-03-31 14:30:11,855 - 2025-03-31T14:30:11.855726, 0.12819697202387736, 0.0, -1.686605863647113, 177.08778368746587, -48.33168801762601, -17.749780458102038, 0.0016000000400000006, -87.08778368746587
2025-03-31 14:30:11,895 - 2025-03-31T14:30:11.895364, 0.12880810103193951, 0.0, -1.6808372831167309, 176.93808368741267, -48.317249558651206, -17.939379720456675, 0.0016000000400000006, -86.93808368741267
2025-03-31 14:30:11,935 - 2025-03-31T14:30:11.935353, 0.12915951856647823, 0.0, -1.6755075077259276, 176.93718368741233, -48.310895692465074, -18.114350076089295, 0.0016000000400000006, -86.93718368741233
2025-03-31 14:30:11,976 - 2025-03-31T14:30:11.976188, 0.12986776947361323, 0.0, -1.6702294038379248, 176.7143836873331, -48.29280015074837, -18.287972903631456, 0.0016000000400000006, -86.71438368733311
2025-03-31 14:30:12,015 - 2025-03-31T14:30:12.015305, 0.1306428420156398, 0.0, -1.6648769032489859, 176.61398368729743, -48.272587229390716, -18.46409803658978, 0.0016000000400000006, -86.61398368729743
2025-03-31 14:30:12,055 - 2025-03-31T14:30:12.055670, 0.13099425955017852, 0.0, -1.6595471278581817, 176.4726836872472, -48.266233363204584, -18.639068392222438, 0.0016000000400000006, -86.47268368724721
2025-03-31 14:30:12,095 - 2025-03-31T14:30:12.095794, 0.13182857866105246, 0.0, -1.653979012232476, 176.3520836872043, -48.24428798798117, -18.822315515654143, 0.0016000000400000006, -86.3520836872043
2025-03-31 14:30:12,135 - 2025-03-31T14:30:12.135687, 0.13224681783048364, 0.0, -1.6485748401407352, 176.24488368716618, -48.23581674215406, -18.999788176702985, 0.0016000000400000006, -86.24488368716618
2025-03-31 14:30:12,175 - 2025-03-31T14:30:12.175869, 0.1325982353650219, 0.0, -1.643245064749931, 176.08938368711085, -48.22946287596794, -19.174758532335638, 0.0016000000400000006, -86.08938368711085
2025-03-31 14:30:12,215 - 2025-03-31T14:30:12.215471, 0.13306814603725492, 0.0, -1.637484059285594, 176.02368368708753, -48.2196441020503, -19.363972868915045, 0.0016000000400000006, -86.02368368708753
2025-03-31 14:30:12,255 - 2025-03-31T14:30:12.255531, 0.13381291831510111, 0.0, -1.631566685353337, 175.93538368705612, -48.200970883793566, -19.55857674210209, 0.0016000000400000006, -85.93538368705612
2025-03-31 14:30:12,296 - 2025-03-31T14:30:12.296117, 0.13465481249201972, 0.0, -1.6261397880634605, 175.77218368699806, -48.17864058279494, -19.737204180476628, 0.0016000000400000006, -85.77218368699808
2025-03-31 14:30:12,335 - 2025-03-31T14:30:12.335948, 0.13520669493123494, 0.0, -1.6205868225698445, 175.59328368693443, -48.165934577685874, -19.9196814523579, 0.0016000000400000006, -85.59328368693443
2025-03-31 14:30:12,415 - 2025-03-31T14:30:12.415261, 0.1354609905667008, 0.0, -1.614766570536661, 175.48658368689647, -48.163237794241645, -20.110628242803028, 0.0016000000400000006, -85.48658368689647
2025-03-31 14:30:12,576 - 2025-03-31T14:30:12.575951, 0.13602802313800622, 0.0, -1.6094960417147037, 175.38288368685954, -48.14976193758213, -20.28386614456994, 0.0016000000400000006, -85.38288368685954
2025-03-31 14:30:12,716 - 2025-03-31T14:30:12.716139, 0.13677279541585197, 0.0, -1.6035786677824468, 175.37698368685747, -48.131088719325405, -20.47847001775699, 0.0016000000400000006, -85.37698368685747
2025-03-31 14:30:12,795 - 2025-03-31T14:30:12.795353, 0.13759953946068082, 0.0, -1.597869333820912, 175.3607836868517, -48.109528269877224, -20.666336826245868, 0.0016000000400000006, -85.3607836868517
2025-03-31 14:30:12,876 - 2025-03-31T14:30:12.876485, 0.1378083846998761, 0.0, -1.5912017717727522, 175.35438368684942, -48.10914104108436, -20.88500172703406, 0.0016000000400000006, -85.35438368684942
2025-03-31 14:30:12,935 - 2025-03-31T14:30:12.935398, 0.1385531569777223, 0.0, -1.5852843978404954, 175.31688368683606, -48.09046782282762, -21.079605600221107, 0.0016000000400000006, -85.31688368683606
2025-03-31 14:30:12,995 - 2025-03-31T14:30:12.995883, 0.13943779363188336, 0.0, -1.5780140871187918, 175.18608368678954, -48.06852187184982, -21.31867387011418, 0.0016000000400000006, -85.18608368678954
2025-03-31 14:30:13,035 - 2025-03-31T14:30:13.035533, 0.13992285443620656, 0.0, -1.5725355183261134, 175.1516836867773, -48.05793324638173, -21.49864883657923, 0.0016000000400000006, -85.15168368677729
2025-03-31 14:30:13,075 - 2025-03-31T14:30:13.075552, 0.14073444834894433, 0.0, -1.5665437476929194, 175.1182836867654, -48.037142648484036, -21.695755015182478, 0.0016000000400000006, -85.11828368676541
2025-03-31 14:30:13,115 - 2025-03-31T14:30:13.115416, 0.14145649542865568, 0.0, -1.5602027187531746, 175.10788368676168, -48.01962420755296, -21.904217943541045, 0.0016000000400000006, -85.10788368676168
2025-03-31 14:30:13,157 - 2025-03-31T14:30:13.157090, 0.1418217091357703, 0.0, -1.553810018310628, 175.13738368677218, -48.013847442152475, -22.114028399990126, 0.0016000000400000006, -85.13738368677218
2025-03-31 14:30:13,195 - 2025-03-31T14:30:13.195400, 0.14249965977872447, 0.0, -1.5479670410793083, 175.15548368677864, -47.9972916035367, -22.306129967760977, 0.0016000000400000006, -85.15548368677865
2025-03-31 14:30:13,235 - 2025-03-31T14:30:13.235814, 0.14281320198303726, 0.0, -1.541931174009357, 175.24228368680951, -47.99286236622673, -22.50419874867952, 0.0016000000400000006, -85.24228368680953
2025-03-31 14:30:13,275 - 2025-03-31T14:30:13.275567, 0.14285188258173642, 0.0, -1.5360516754073266, 175.32498368683898, -47.99728757325588, -22.696877992990395, 0.0016000000400000006, -85.32498368683899
2025-03-31 14:30:13,315 - 2025-03-31T14:30:13.315716, 0.14361938005771835, 0.0, -1.530557956482558, 175.17878368678694, -47.977459577673436, -22.877622811005907, 0.0016000000400000006, -85.17878368678694
2025-03-31 14:30:13,356 - 2025-03-31T14:30:13.356505, 0.14395564746016687, 0.0, -1.5249457444200956, 175.33198368684145, -47.97187556303777, -23.0618325367529, 0.0016000000400000006, -85.33198368684145
2025-03-31 14:30:13,395 - 2025-03-31T14:30:13.395921, 0.14389098505326237, 0.0, -1.5197799125632558, 175.41268368687014, -47.97899582624794, -23.231028430002695, 0.0016000000400000006, -85.41268368687014
2025-03-31 14:30:13,435 - 2025-03-31T14:30:13.435410, 0.14467363266133448, 0.0, -1.5145686303101464, 175.49808368690054, -47.958397979115034, -23.402533877903842, 0.0016000000400000006, -85.49808368690054
2025-03-31 14:30:13,476 - 2025-03-31T14:30:13.476522, 0.14503262526191785, 0.0, -1.5093800732551714, 175.58628368693192, -47.95165918715369, -23.572884548479326, 0.0016000000400000006, -85.58628368693192
2025-03-31 14:30:13,515 - 2025-03-31T14:30:13.515647, 0.1451167562568889, 0.0, -1.504347884668117, 175.63238368694834, -47.95377483953143, -23.737845682447137, 0.0016000000400000006, -85.63238368694834
2025-03-31 14:30:13,576 - 2025-03-31T14:30:13.576085, 0.14611988604874382, 0.0, -1.49664634387288, 175.72448368698107, -47.92836398082214, -23.991157933286974, 0.0016000000400000006, -85.72448368698107
2025-03-31 14:30:13,615 - 2025-03-31T14:30:13.615307, 0.14676131532098635, 0.0, -1.4914426366858153, 175.7548836869919, -47.91238581874642, -24.162278455412906, 0.0016000000400000006, -85.75488368699189
2025-03-31 14:30:13,676 - 2025-03-31T14:30:13.676435, 0.14672424525923455, 0.0, -1.4841509547254916, 175.87308368703395, -47.92066028352786, -24.40115455029553, 0.0016000000400000006, -85.87308368703397
2025-03-31 14:30:13,755 - 2025-03-31T14:30:13.755609, 0.14713490936262064, 0.0, -1.4786055642979208, 175.92218368705142, -47.91257396347597, -24.583246896401565, 0.0016000000400000006, -85.92218368705142
2025-03-31 14:30:14,056 - 2025-03-31T14:30:14.056054, 0.1479692284734937, 0.0, -1.4730374486722142, 175.87708368703537, -47.89062858825259, -24.766494019833306, 0.0016000000400000006, -85.87708368703537
2025-03-31 14:30:14,115 - 2025-03-31T14:30:14.115788, 0.14808230577312997, 0.0, -1.4672247717050757, 176.01618368708486, -47.89255148986554, -24.957055884503205, 0.0016000000400000006, -86.01618368708486
2025-03-31 14:30:14,175 - 2025-03-31T14:30:14.175914, 0.1488029988933266, 0.0, -1.4595383810419293, 176.03158368709035, -47.87638000127058, -25.209598283792573, 0.0016000000400000006, -86.03158368709035
2025-03-31 14:30:14,235 - 2025-03-31T14:30:14.235599, 0.149160637534397, 0.0, -1.4530044622635536, 175.9553836870632, -47.8709881616453, -25.42402842529883, 0.0016000000400000006, -85.9553836870632
2025-03-31 14:30:14,295 - 2025-03-31T14:30:14.295247, 0.1496002479424483, 0.0, -1.4466785834558986, 176.0606836871007, -47.86270909082863, -25.631721502106952, 0.0016000000400000006, -86.06068368710069
2025-03-31 14:30:14,356 - 2025-03-31T14:30:14.356101, 0.1503815415910057, 0.0, -1.4401219394793872, 176.0871836871101, -47.84345819603185, -25.847306420938907, 0.0016000000400000006, -86.0871836871101
2025-03-31 14:30:14,415 - 2025-03-31T14:30:14.415341, 0.15027764989436232, 0.0, -1.4329046542200006, 176.31278368719032, -47.85385004045424, -26.08368021040533, 0.0016000000400000006, -86.31278368719033
2025-03-31 14:30:14,455 - 2025-03-31T14:30:14.455681, 0.15068831399774796, 0.0, -1.4273592637924302, 176.5025836872578, -47.84576372040237, -26.265772556511354, 0.0016000000400000006, -86.50258368725781
2025-03-31 14:30:14,498 - 2025-03-31T14:30:14.498719, 0.15123262137091809, 0.0, -1.421665079962985, 176.69248368732534, -47.83344264106854, -26.45286951344979, 0.0016000000400000006, -86.69248368732534
2025-03-31 14:30:14,536 - 2025-03-31T14:30:14.536016, 0.15130917729984272, 0.0, -1.4164916730401007, 176.86128368738537, -47.83594321922154, -26.622450332474802, 0.0016000000400000006, -86.86128368738537
2025-03-31 14:30:14,576 - 2025-03-31T14:30:14.576156, 0.1507237379863784, 0.0, -1.4108580897390173, 177.0890836874663, -47.86057962034511, -26.806467883211376, 0.0016000000400000006, -87.08908368746631
2025-03-31 14:30:14,615 - 2025-03-31T14:30:14.615553, 0.15146851026422414, 0.0, -1.4049407158067604, 177.1919836875029, -47.841906402088384, -27.001071756398424, 0.0016000000400000006, -87.1919836875029
2025-03-31 14:30:14,655 - 2025-03-31T14:30:14.655455, 0.15164083413270824, 0.0, -1.3989124238028552, 177.4054836875788, -47.84209684983556, -27.198755611541714, 0.0016000000400000006, -87.4054836875788
2025-03-31 14:30:14,695 - 2025-03-31T14:30:14.695820, 0.15078053321362894, 0.0, -1.3934352089696902, 177.6511836876661, -47.8755876952983, -27.377383625670685, 0.0016000000400000006, -87.6511836876661
2025-03-31 14:30:14,735 - 2025-03-31T14:30:14.735385, 0.1513689370235558, 0.0, -1.3872429734318206, 177.79268368771642, -47.86230401364919, -27.58084194319683, 0.0016000000400000006, -87.79268368771642
2025-03-31 14:30:14,775 - 2025-03-31T14:30:14.775259, 0.1513042746166513, 0.0, -1.3820771415749808, 178.03798368780355, -47.86942427685936, -27.750037836446626, 0.0016000000400000006, -88.03798368780355
2025-03-31 14:30:14,835 - 2025-03-31T14:30:14.835344, 0.150902796116259, 0.0, -1.3745925697760257, 178.31528368790208, -47.889825342946565, -27.994881144476945, 0.0016000000400000006, -88.31528368790208
2025-03-31 14:30:14,876 - 2025-03-31T14:30:14.876033, 0.15169301879037533, 0.0, -1.369522505858745, 178.47478368795873, -47.86884257003847, -28.161766907320935, 0.0016000000400000006, -88.47478368795873
2025-03-31 14:30:14,936 - 2025-03-31T14:30:14.936012, 0.1511881972843785, 0.0, -1.3627516008049811, 178.72898368804906, -47.89193869230673, -28.38312686429017, 0.0016000000400000006, -88.72898368804906
2025-03-31 14:30:14,995 - 2025-03-31T14:30:14.995489, 0.15101883791235649, 0.0, -1.3569540739699328, 178.9603836881313, -47.90310096403402, -28.572918877409613, 0.0016000000400000006, -88.96038368813129
2025-03-31 14:30:15,075 - 2025-03-31T14:30:15.075369, 0.1515176948892556, 0.0, -1.3504125801255116, 179.1450836881969, -47.89308943935158, -28.787733944691112, 0.0016000000400000006, -89.1450836881969
2025-03-31 14:30:15,155 - 2025-03-31T14:30:15.155820, 0.15159425081818068, 0.0, -1.3452391732026272, 179.23998368823058, -47.89559001750457, -28.957314763716123, 0.0016000000400000006, -89.23998368823058
2025-03-31 14:30:15,235 - 2025-03-31T14:30:15.235853, 0.15096471506795917, 0.0, -1.3401036416099688, 179.35468368827136, -47.92118902094343, -29.12497095386497, 0.0016000000400000006, -89.35468368827136
2025-03-31 14:30:15,315 - 2025-03-31T14:30:15.315920, 0.15119628550529018, 0.0, -1.3338597345692969, 179.51178368832714, -47.919647014824875, -29.329776799481646, 0.0016000000400000006, -89.51178368832714
2025-03-31 14:30:15,375 - 2025-03-31T14:30:15.375517, 0.15084161136068186, 0.0, -1.328567834508719, 179.65088368837658, -47.936391573924624, -29.502822526238123, 0.0016000000400000006, -89.65088368837658
2025-03-31 14:30:15,435 - 2025-03-31T14:30:15.435288, 0.15105181055939143, 0.0, -1.32324563418396, 179.9028836884661, -47.934657392795664, -29.67740795609555, 0.0016000000400000006, -89.90288368846609
2025-03-31 14:30:15,455 - 2025-03-31T14:30:15.455295, 0.15096090976684984, 0.0, -1.321551014154008, -179.906016311466, -47.93927650209842, -29.732844176781654, 0.0016000000400000006, 269.90601631146603
2025-03-31 14:30:15,535 - 2025-03-31T14:30:15.535790, 0.15034517018920424, 0.0, -1.3153525575096068, -179.80751631143102, -47.96545260632294, -29.93534046774695, 0.0016000000400000006, 269.807516311431
2025-03-31 14:30:15,635 - 2025-03-31T14:30:15.635385, 0.1496853341748019, 0.0, -1.3096521525736304, -179.4778163113139, -47.99259131286274, -30.121475398124524, 0.0016000000400000006, 269.47781631131386
2025-03-31 14:30:15,715 - 2025-03-31T14:30:15.715798, 0.1496282468339425, 0.0, -1.3046275390526207, -178.85591631109295, -47.99932665029768, -30.286051606317127, 0.0016000000400000006, 268.855916311093
2025-03-31 14:30:15,755 - 2025-03-31T14:30:15.755614, 0.14926113047627343, 0.0, -1.301743925767187, -178.34471631091137, -48.014147156275655, -30.380177761326387, 0.0016000000400000006, 268.3447163109114
2025-03-31 14:30:15,795 - 2025-03-31T14:30:15.795886, 0.14814247204318542, 0.0, -1.2980508777970026, -177.85811631073844, -48.05437564219094, -30.500097397802556, 0.0016000000400000006, 267.8581163107384
2025-03-31 14:30:15,855 - 2025-03-31T14:30:15.855286, 0.14749156505434247, 0.0, -1.2938370529202574, -177.1243163104776, -48.0797824706194, -30.63753317219215, 0.0016000000400000006, 267.12431631047764
2025-03-31 14:30:15,915 - 2025-03-31T14:30:15.915586, 0.1473979563427723, 0.0, -1.2894517094435023, -176.51501631026102, -48.08709548459437, -30.781128334739844, 0.0016000000400000006, 266.515016310261
2025-03-31 14:30:15,995 - 2025-03-31T14:30:15.995340, 0.1458315637445473, 0.0, -1.2840123699405646, -175.88711631003773, -48.14368475534295, -30.95783171999262, 0.0016000000400000006, 265.88711631003775
2025-03-31 14:30:16,075 - 2025-03-31T14:30:16.075521, 0.14538112166038086, 0.0, -1.2795753549610072, -175.39081630986115, -48.16273944484849, -31.10277441063084, 0.0016000000400000006, 265.3908163098612
2025-03-31 14:30:16,197 - 2025-03-31T14:30:16.197924, 0.14368108579237182, 0.0, -1.2742848088599437, -174.78221630964458, -48.22356347487902, -31.274473185051214, 0.0016000000400000006, 264.7822163096446
2025-03-31 14:30:16,335 - 2025-03-31T14:30:16.335794, 0.1419155822489837, 0.0, -1.270414021183218, -174.19761630943643, -48.28515793221445, -31.39959018312463, 0.0016000000400000006, 264.1976163094364
2025-03-31 14:30:16,475 - 2025-03-31T14:30:16.475330, 0.14169725929318888, 0.0, -1.2676640511675683, -173.7083163092621, -48.294973827360025, -31.489481578851944, 0.0016000000400000006, 263.7083163092621
2025-03-31 14:30:19,575 - 2025-03-31T14:30:19.575575, 0.13796092015472183, 0.0, -1.2626951710279037, -173.2158163090866, -48.42220590205676, -31.648669401945707, 0.0016000000400000006, 263.21581630908656
2025-03-31 14:30:19,655 - 2025-03-31T14:30:19.655574, 0.13727349179516724, 0.0, -1.2591206161954132, -172.61201630887126, -48.44819040702528, -31.765124130690396, 0.0016000000400000006, 262.61201630887126
2025-03-31 14:30:20,275 - 2025-03-31T14:30:20.275313, 0.13578284985739408, 0.0, -1.2550934600507686, -172.08341630868264, -48.50093042002155, -31.89563066537142, 0.0016000000400000006, 262.0834163086827
2025-03-31 14:30:20,395 - 2025-03-31T14:30:20.395762, 0.13478268456199993, 0.0, -1.2509691820070508, -171.55001630849222, -48.53769399820534, -32.029794282794356, 0.0016000000400000006, 261.5500163084922
2025-03-31 14:30:20,496 - 2025-03-31T14:30:20.496513, 0.13385069486101342, 0.0, -1.2481158689857978, -171.02761630830557, -48.57099324441203, -32.12238073470268, 0.0016000000400000006, 261.0276163083056
2025-03-31 14:30:21,915 - 2025-03-31T14:30:21.915894, 0.13243309566466221, 0.0, -1.2428101727526433, -170.9383163082736, -48.622577904328224, -32.294849360673545, 0.0016000000400000006, 260.9383163082736
2025-03-31 14:30:22,056 - 2025-03-31T14:30:22.056030, 0.13155764461349406, 0.0, -1.2370505212478209, -170.80871630822733, -48.65683860134138, -32.482716744916836, 0.0016000000400000006, 260.8087163082273
2025-03-31 14:30:22,475 - 2025-03-31T14:30:22.475697, 0.13036323551995466, 0.0, -1.2319452899193428, -170.74921630820603, -48.700916345008956, -32.64883323196477, 0.0016000000400000006, 260.74921630820603
2025-03-31 14:30:22,576 - 2025-03-31T14:30:22.576840, 0.1301649298432661, 0.0, -1.2269282514643782, -170.76741630821255, -48.712271367501074, -32.813024514382136, 0.0016000000400000006, 260.76741630821255
2025-03-31 14:30:22,696 - 2025-03-31T14:30:22.696841, 0.1294382721939722, 0.0, -1.2213022432293394, -170.85021630824212, -48.741527453681826, -32.996657139343505, 0.0016000000400000006, 260.8502163082421
2025-03-31 14:30:22,835 - 2025-03-31T14:30:22.835921, 0.12863721784374027, 0.0, -1.2156094133594086, -170.97151630828554, -48.77328584527881, -33.18240714394583, 0.0016000000400000006, 260.9715163082856
2025-03-31 14:30:22,955 - 2025-03-31T14:30:22.955743, 0.1282825436991324, 0.0, -1.2103175132988309, -171.15481630835103, -48.79003040437855, -33.35545287070231, 0.0016000000400000006, 261.15481630835103
2025-03-31 14:30:23,035 - 2025-03-31T14:30:23.035943, 0.12849274289784152, 0.0, -1.2049953129740718, -171.41071630844246, -48.788296223249596, -33.53003830055974, 0.0016000000400000006, 261.4107163084425
2025-03-31 14:30:23,117 - 2025-03-31T14:30:23.116957, 0.12758699158249298, 0.0, -1.1986707881259324, -171.77281630857178, -48.82409662336366, -33.736384425031716, 0.0016000000400000006, 261.7728163085718
2025-03-31 14:30:23,175 - 2025-03-31T14:30:23.175755, 0.12731428920486687, 0.0, -1.1935869280360754, -172.05141630867124, -48.837953951272, -33.90269308709007, 0.0016000000400000006, 262.05141630867126
2025-03-31 14:30:23,237 - 2025-03-31T14:30:23.237338, 0.1265132348546354, 0.0, -1.187894098166145, -172.44571630881197, -48.86971234286896, -34.08844309169238, 0.0016000000400000006, 262.44571630881194
2025-03-31 14:30:23,296 - 2025-03-31T14:30:23.296156, 0.12600976730815283, 0.0, -1.1824685548357823, -172.863616308961, -48.89146151280111, -34.26572357773084, 0.0016000000400000006, 262.863616308961
2025-03-31 14:30:23,357 - 2025-03-31T14:30:23.357795, 0.12560964276727438, 0.0, -1.1763293447602283, -173.22381630908947, -48.91051562655223, -34.466487414830375, 0.0016000000400000006, 263.22381630908944
2025-03-31 14:30:23,416 - 2025-03-31T14:30:23.416399, 0.12588530964136124, 0.0, -1.1695873860111305, -173.75881630928012, -48.908011018118415, -34.687654621034795, 0.0016000000400000006, 263.7588163092801
2025-03-31 14:30:23,475 - 2025-03-31T14:30:23.475540, 0.12601218311357387, 0.0, -1.1627117839922492, -174.266516309461, -48.91051102051699, -34.913056586521144, 0.0016000000400000006, 264.266516309461
2025-03-31 14:30:23,517 - 2025-03-31T14:30:23.517216, 0.1253158257284599, 0.0, -1.1576506491005274, -174.65521630959935, -48.93822740359685, -35.07821047125381, 0.0016000000400000006, 264.6552163095994
2025-03-31 14:30:23,555 - 2025-03-31T14:30:23.555743, 0.12596483006674797, 0.0, -1.1525881602492927, -175.05891630974307, -48.92186431574589, -35.24471130832254, 0.0016000000400000006, 265.05891630974304
2025-03-31 14:30:23,595 - 2025-03-31T14:30:23.595268, 0.1260338109296275, 0.0, -1.1472735349905783, -175.47761630989203, -48.924749819674126, -35.41891181240475, 0.0016000000400000006, 265.477616309892
2025-03-31 14:30:23,635 - 2025-03-31T14:30:23.635417, 0.1259539983906337, 0.0, -1.1418252664620812, -175.88621631003738, -48.93263993443472, -35.597347075768866, 0.0016000000400000006, 265.8862163100374
2025-03-31 14:30:23,675 - 2025-03-31T14:30:23.675774, 0.1265802775307856, 0.0, -1.1363391226033577, -176.36621631020813, -48.91743162390948, -35.77770696800914, 0.0016000000400000006, 266.36621631020813
2025-03-31 14:30:23,716 - 2025-03-31T14:30:23.716044, 0.12690139480114437, 0.0, -1.1304444738692365, -176.85851631038315, -48.91261746082425, -35.971156063870495, 0.0016000000400000006, 266.8585163103832
2025-03-31 14:30:23,755 - 2025-03-31T14:30:23.755312, 0.1273196339705751, 0.0, -1.1250403017774948, -177.26391631052726, -48.90414621499715, -36.148628724919355, 0.0016000000400000006, 267.2639163105273
2025-03-31 14:30:23,795 - 2025-03-31T14:30:23.795786, 0.12707587789761554, 0.0, -1.1191759533075545, -177.7606163107038, -48.91781079214064, -36.34053811767977, 0.0016000000400000006, 267.76061631070377
2025-03-31 14:30:23,835 - 2025-03-31T14:30:23.835457, 0.12718895519725182, 0.0, -1.113363276340415, -178.3125163108999, -48.9197336937536, -36.53109998234971, 0.0016000000400000006, 268.3125163108999
2025-03-31 14:30:23,875 - 2025-03-31T14:30:23.875342, 0.12739157932991674, 0.0, -1.1078998576798273, -178.78021631106608, -48.91838443839985, -36.71030509726429, 0.0016000000400000006, 268.78021631106606
2025-03-31 14:30:23,916 - 2025-03-31T14:30:23.916306, 0.1281287765417174, 0.0, -1.1018412654117413, -179.19951631121504, -48.90009614591835, -36.9095286555085, 0.0016000000400000006, 269.199516311215
2025-03-31 14:30:23,955 - 2025-03-31T14:30:23.955279, 0.12862898747813079, 0.0, -1.096645133290722, -179.67931631138546, -48.88873766889981, -37.08026425185919, 0.0016000000400000006, 269.6793163113855
2025-03-31 14:30:23,996 - 2025-03-31T14:30:23.995976, 0.1292035951154813, 0.0, -1.0915158228045945, 179.820883688437, -48.87487688646506, -37.248882468568915, 0.0016000000400000006, -89.820883688437
2025-03-31 14:30:24,036 - 2025-03-31T14:30:24.036348, 0.13034307609614926, 0.0, -1.086356212054286, 179.33768368826532, -48.84253736380161, -37.41904038837958, 0.0016000000400000006, -89.33768368826532
2025-03-31 14:30:24,075 - 2025-03-31T14:30:24.075542, 0.1312076954712036, 0.0, -1.0813529697718978, 178.90608368811198, -48.819052285477284, -37.58380877158258, 0.0016000000400000006, -88.90608368811198
2025-03-31 14:30:24,115 - 2025-03-31T14:30:24.115466, 0.1315439628736521, 0.0, -1.075740757709435, 178.31398368790164, -48.813468270841604, -37.768018497329585, 0.0016000000400000006, -88.31398368790164
2025-03-31 14:30:24,155 - 2025-03-31T14:30:24.155930, 0.1325195003203552, 0.0, -1.070165067017684, 177.90448368775614, -48.78690321056103, -37.95165054653653, 0.0016000000400000006, -87.90448368775614
2025-03-31 14:30:24,195 - 2025-03-31T14:30:24.195467, 0.1330865328916606, 0.0, -1.0648945381957269, 177.38038368756986, -48.7734273539015, -38.12488844830344, 0.0016000000400000006, -87.38038368756986
2025-03-31 14:30:24,235 - 2025-03-31T14:30:24.235329, 0.1339435772006694, 0.0, -1.0597500775775086, 176.87438368739, -48.75032720135242, -38.29427651656364, 0.0016000000400000006, -86.87438368739001
2025-03-31 14:30:24,276 - 2025-03-31T14:30:24.276338, 0.13477789631154335, 0.0, -1.054181961951803, 176.4516836872397, -48.72838182612902, -38.477523639995354, 0.0016000000400000006, -86.4516836872397
2025-03-31 14:30:24,315 - 2025-03-31T14:30:24.315361, 0.13576100882429198, 0.0, -1.0487474895958817, 175.96578368706696, -48.701431840073184, -38.65653600414511, 0.0016000000400000006, -85.96578368706696
2025-03-31 14:30:24,355 - 2025-03-31T14:30:24.355641, 0.1369521613077609, 0.0, -1.043231045472977, 175.58438368693126, -48.66774478931925, -38.83843559948633, 0.0016000000400000006, -85.58438368693126
2025-03-31 14:30:24,395 - 2025-03-31T14:30:24.395567, 0.13793527382050996, 0.0, -1.0377965731170553, 175.21488368679977, -48.64079480326341, -39.0174479636361, 0.0016000000400000006, -85.21488368679977
2025-03-31 14:30:24,435 - 2025-03-31T14:30:24.435747, 0.13847958119367965, 0.0, -1.0321023892876102, 174.85758368667263, -48.628473723929595, -39.20454492057454, 0.0016000000400000006, -84.85758368667263
2025-03-31 14:30:24,475 - 2025-03-31T14:30:24.475918, 0.1394034471375809, 0.0, -1.0268835319684548, 174.53378368655734, -48.60325619173953, -39.37643529425093, 0.0016000000400000006, -84.53378368655734
2025-03-31 14:30:24,516 - 2025-03-31T14:30:24.516782, 0.14089218642479961, 0.0, -1.0216343743851195, 174.2393836864525, -48.55955991932075, -39.54986537102824, 0.0016000000400000006, -84.23938368645251
2025-03-31 14:30:24,555 - 2025-03-31T14:30:24.555837, 0.14258896568273993, 0.0, -1.016303245034801, 173.95438368635104, -48.50912658220383, -39.726182678997, 0.0016000000400000006, -83.95438368635104
2025-03-31 14:30:24,595 - 2025-03-31T14:30:24.595583, 0.1437284466634079, 0.0, -1.0111436342844926, 173.65438368624413, -48.47678705954037, -39.896340598807654, 0.0016000000400000006, -83.65438368624413
2025-03-31 14:30:24,635 - 2025-03-31T14:30:24.635656, 0.14449594413938938, 0.0, -1.005649915359724, 173.4292836861639, -48.456959063957946, -40.07708541682317, 0.0016000000400000006, -83.4292836861639
2025-03-31 14:30:24,675 - 2025-03-31T14:30:24.675584, 0.14492175837486565, 0.0, -1.0003869616038124, 173.26278368610454, -48.4481028923556, -40.24993839281484, 0.0016000000400000006, -83.26278368610454
2025-03-31 14:30:24,715 - 2025-03-31T14:30:24.715440, 0.1455556125810631, 0.0, -0.9950420360809185, 173.0774836860385, -48.43250965605511, -40.42567859999794, 0.0016000000400000006, -83.0774836860385
2025-03-31 14:30:24,755 - 2025-03-31T14:30:24.755490, 0.1463306851230901, 0.0, -0.989689535491979, 172.9366836859883, -48.41229673469744, -40.60180373295628, 0.0016000000400000006, -82.9366836859883
2025-03-31 14:30:24,815 - 2025-03-31T14:30:24.815439, 0.14704651109626932, 0.0, -0.9845526499398058, 172.83058368595044, -48.393816267205544, -40.77080687544125, 0.0016000000400000006, -82.83058368595044
2025-03-31 14:30:24,896 - 2025-03-31T14:30:24.896004, 0.14833478547881196, 0.0, -0.9795266824592823, 172.8480836859567, -48.35647213370968, -40.93673003596994, 0.0016000000400000006, -82.84808368595671
2025-03-31 14:30:24,975 - 2025-03-31T14:30:24.975660, 0.14882606738966553, 0.0, -0.9728439702790315, 172.79258368593693, -48.346845534802476, -41.156164788308615, 0.0016000000400000006, -82.79258368593693
2025-03-31 14:30:25,035 - 2025-03-31T14:30:25.035585, 0.14952538927124115, 0.0, -0.9660792863317988, 172.781583685933, -48.33048187119711, -41.37848677183871, 0.0016000000400000006, -82.78158368593299
2025-03-31 14:30:25,095 - 2025-03-31T14:30:25.095761, 0.15029775389423916, 0.0, -0.9580360622960562, 172.92558368598435, -48.31296285451166, -41.64277084665864, 0.0016000000400000006, -82.92558368598435
2025-03-31 14:30:25,137 - 2025-03-31T14:30:25.137074, 0.15151027761632996, 0.0, -0.951597911457239, 173.01818368601738, -48.27946797876812, -41.854890857759095, 0.0016000000400000006, -83.01818368601738
2025-03-31 14:30:25,175 - 2025-03-31T14:30:25.175513, 0.15186791625739948, 0.0, -0.9450639926788629, 173.18578368607712, -48.274076139142856, -42.069320999265365, 0.0016000000400000006, -83.18578368607712
2025-03-31 14:30:25,216 - 2025-03-31T14:30:25.216003, 0.1523440480361633, 0.0, -0.9380988438269537, 173.3335836861298, -48.26521939178611, -42.29799512171839, 0.0016000000400000006, -83.3335836861298
2025-03-31 14:30:25,255 - 2025-03-31T14:30:25.255822, 0.15189225199248257, 0.0, -0.9323164671239956, 173.79988368629597, -48.28562103362775, -42.48701728328737, 0.0016000000400000006, -83.79988368629597
2025-03-31 14:30:25,295 - 2025-03-31T14:30:25.295522, 0.15374404575882794, 0.0, -0.9259148376558897, 174.06458368639025, -48.231145112239304, -42.69855961784778, 0.0016000000400000006, -84.06458368639025
2025-03-31 14:30:25,335 - 2025-03-31T14:30:25.335605, 0.15327709958305702, 0.0, -0.9198500242812728, 174.4438836865253, -48.2523166056314, -42.89682114953113, 0.0016000000400000006, -84.44388368652531
2025-03-31 14:30:25,376 - 2025-03-31T14:30:25.376097, 0.15319728704406232, 0.0, -0.9144017557527748, 174.91518368669313, -48.260206720392034, -43.075256412895264, 0.0016000000400000006, -84.91518368669313
2025-03-31 14:30:25,415 - 2025-03-31T14:30:25.415223, 0.1532738429729874, 0.0, -0.9092283488298905, 175.25518368681412, -48.262707298545024, -43.24483723192027, 0.0016000000400000006, -85.25518368681412
2025-03-31 14:30:25,455 - 2025-03-31T14:30:25.455744, 0.15236187055110717, 0.0, -0.9041079673693222, 175.8828836870374, -48.29754567209824, -43.411723570518674, 0.0016000000400000006, -85.8828836870374
2025-03-31 14:30:25,495 - 2025-03-31T14:30:25.495410, 0.1527511634158718, 0.0, -0.8994842836576655, 176.5162836872627, -48.28926717703594, -43.56359550086542, 0.0016000000400000006, -86.5162836872627
2025-03-31 14:30:25,555 - 2025-03-31T14:30:25.555823, 0.15278849005505712, 0.0, -0.8922594233322334, 177.2657836875291, -48.29503933640119, -43.80035421610709, 0.0016000000400000006, -87.26578368752911
2025-03-31 14:30:25,595 - 2025-03-31T14:30:25.595319, 0.1524565411085841, 0.0, -0.8873911782791426, 177.79008368771548, -48.31062911817526, -43.95954088769207, 0.0016000000400000006, -87.79008368771548
2025-03-31 14:30:25,636 - 2025-03-31T14:30:25.636653, 0.15170093715462363, 0.0, -0.882545658424188, 178.32608368790594, -48.34007795512083, -44.117572781951345, 0.0016000000400000006, -88.32608368790594
2025-03-31 14:30:25,676 - 2025-03-31T14:30:25.676329, 0.15141308464490777, 0.0, -0.8771793616626726, 178.79288368807178, -48.35470513457961, -44.293120814124045, 0.0016000000400000006, -88.79288368807178
2025-03-31 14:30:25,715 - 2025-03-31T14:30:25.715788, 0.1512740255370666, 0.0, -0.8719467081709418, 179.31208368825622, -48.364327703205966, -44.46443408701478, 0.0016000000400000006, -89.31208368825622
2025-03-31 14:30:25,756 - 2025-03-31T14:30:25.756681, 0.15077813305662913, 0.0, -0.8666623831764091, 179.84138368844424, -48.38569194736289, -44.637094887996035, 0.0016000000400000006, -89.84138368844424
2025-03-31 14:30:25,775 - 2025-03-31T14:30:25.775510, 0.14978689678679524, 0.0, -0.864024685191922, -179.93171631147513, -48.420723647435324, -44.72255934943101, 0.0016000000400000006, 269.93171631147516
2025-03-31 14:30:25,815 - 2025-03-31T14:30:25.815238, 0.14930480047893369, 0.0, -0.8576774351456464, -179.42351631129463, -48.4426649923779, -44.9300602512287, 0.0016000000400000006, 269.42351631129463
2025-03-31 14:30:25,855 - 2025-03-31T14:30:25.855394, 0.14859329296172952, 0.0, -0.8523338635822664, -178.94651631112515, -48.47115122700821, -45.10445350607571, 0.0016000000400000006, 268.94651631112515
2025-03-31 14:30:25,895 - 2025-03-31T14:30:25.895371, 0.14805195008502192, 0.0, -0.846202228572758, -178.5494163109841, -48.494825025816496, -45.30483241740001, 0.0016000000400000006, 268.5494163109841
2025-03-31 14:30:25,936 - 2025-03-31T14:30:25.936748, 0.14780061894601726, 0.0, -0.8401966617669876, -178.11531631082983, -48.50887452873522, -45.50136149521762, 0.0016000000400000006, 268.1153163108298
2025-03-31 14:30:25,995 - 2025-03-31T14:30:25.995712, 0.14754035878145366, 0.0, -0.8327045149019869, -177.68141631067564, -48.52465590976527, -45.746589729023185, 0.0016000000400000006, 267.6814163106757
2025-03-31 14:30:26,036 - 2025-03-31T14:30:26.036437, 0.1473709994094312, 0.0, -0.8269069880669377, -177.35331631055905, -48.53581818149258, -45.93638174214266, 0.0016000000400000006, 267.3533163105591
2025-03-31 14:30:26,077 - 2025-03-31T14:30:26.077278, 0.14685238173085846, 0.0, -0.8211990080649167, -176.99441631043146, -48.55833720297519, -46.12290159829545, 0.0016000000400000006, 266.99441631043146
2025-03-31 14:30:26,115 - 2025-03-31T14:30:26.115489, 0.1462152709145923, 0.0, -0.8159222581364296, -176.7677163103509, -48.584321132189274, -46.295177473501454, 0.0016000000400000006, 266.7677163103509
2025-03-31 14:30:26,175 - 2025-03-31T14:30:26.175497, 0.14531574070577324, 0.0, -0.8083935899007169, -176.32531631019356, -48.62108355886426, -46.540983383847085, 0.0016000000400000006, 266.32531631019356
2025-03-31 14:30:26,215 - 2025-03-31T14:30:26.215589, 0.14496864162721002, 0.0, -0.8032429081759682, -176.0388163100917, -48.63744319218878, -46.7094094255464, 0.0016000000400000006, 266.0388163100917
2025-03-31 14:30:26,276 - 2025-03-31T14:30:26.276558, 0.14334786960715462, 0.0, -0.7954696785988227, -175.54681630991666, -48.69807389570009, -46.96253007713022, 0.0016000000400000006, 265.54681630991666
2025-03-31 14:30:26,338 - 2025-03-31T14:30:26.338141, 0.14165270088616166, 0.0, -0.7876296273867855, -175.15171630977608, -48.761206904627606, -47.21776810835501, 0.0016000000400000006, 265.1517163097761
2025-03-31 14:30:26,375 - 2025-03-31T14:30:26.375262, 0.14074072846428232, 0.0, -0.7825092459262177, -174.82861630966107, -48.79604527818079, -47.38465444695339, 0.0016000000400000006, 264.8286163096611
2025-03-31 14:30:26,416 - 2025-03-31T14:30:26.416475, 0.14043015075643073, 0.0, -0.7767192941572145, -174.5429163095594, -48.81182723496527, -47.574061534297606, 0.0016000000400000006, 264.54291630955936
2025-03-31 14:30:26,455 - 2025-03-31T14:30:26.455740, 0.13970349310713637, 0.0, -0.7710932859221757, -174.33641630948586, -48.84108332114604, -47.75769415925897, 0.0016000000400000006, 264.33641630948586
2025-03-31 14:30:26,495 - 2025-03-31T14:30:26.495832, 0.13792906053818976, 0.0, -0.7657359181862202, -174.13971630941577, -48.90440965659277, -47.93151031332031, 0.0016000000400000006, 264.1397163094158
2025-03-31 14:30:26,535 - 2025-03-31T14:30:26.535396, 0.13762605789638283, 0.0, -0.7600871847530457, -173.96041630935193, -48.91980668760203, -48.116297715607374, 0.0016000000400000006, 263.96041630935196
2025-03-31 14:30:26,575 - 2025-03-31T14:30:26.575782, 0.13634967703586165, 0.0, -0.754773913453846, -173.82151630930247, -48.96677166246103, -48.28915126735347, 0.0016000000400000006, 263.8215163093025
2025-03-31 14:30:26,615 - 2025-03-31T14:30:26.615494, 0.135340582714909, 0.0, -0.7491630553508988, -173.6684163092479, -49.00526711875614, -48.47201404076433, 0.0016000000400000006, 263.6684163092479
2025-03-31 14:30:26,655 - 2025-03-31T14:30:26.655942, 0.1354839602787261, 0.0, -0.7439152517270768, -173.50061630918813, -49.005650317268156, -48.64409716520556, 0.0016000000400000006, 263.5006163091881
2025-03-31 14:30:26,696 - 2025-03-31T14:30:26.695992, 0.1346312344256928, 0.0, -0.7385792552297423, -173.27071630910615, -49.038756236955635, -48.81810549427731, 0.0016000000400000006, 263.27071630910615
2025-03-31 14:30:26,735 - 2025-03-31T14:30:26.735345, 0.13389700171035335, 0.0, -0.732812028658874, -173.23901630909484, -49.06839724891163, -49.00635780429586, 0.0016000000400000006, 263.23901630909484
2025-03-31 14:30:26,775 - 2025-03-31T14:30:26.775430, 0.1336015741345924, 0.0, -0.7273045135615295, -173.17901630907346, -49.08340935414563, -49.18652552152573, 0.0016000000400000006, 263.17901630907346
2025-03-31 14:30:26,815 - 2025-03-31T14:30:26.815866, 0.13316492822300185, 0.0, -0.7218045735302296, -173.1797163090737, -49.103041144436816, -49.36630831298037, 0.0016000000400000006, 263.1797163090737
2025-03-31 14:30:26,856 - 2025-03-31T14:30:26.855997, 0.1323865990709061, 0.0, -0.7165353986677876, -173.2404163090954, -49.13364475870808, -49.538199262411155, 0.0016000000400000006, 263.2404163090954
2025-03-31 14:30:26,896 - 2025-03-31T14:30:26.896157, 0.13189828165651418, 0.0, -0.7113922920090836, -173.14101630905992, -49.15462407708976, -49.70624037833525, 0.0016000000400000006, 263.1410163090599
2025-03-31 14:30:26,956 - 2025-03-31T14:30:26.956219, 0.1307163147760364, 0.0, -0.7038787739054615, -173.30041630911677, -49.2006258738791, -49.95127643713041, 0.0016000000400000006, 263.30041630911677
2025-03-31 14:30:26,995 - 2025-03-31T14:30:26.995786, 0.13047255870307684, 0.0, -0.6980144254355207, -173.28781630911226, -49.214290451022606, -50.14318582989084, 0.0016000000400000006, 263.28781630911226
2025-03-31 14:30:27,035 - 2025-03-31T14:30:27.035408, 0.13027425302638873, 0.0, -0.6929973869805566, -173.39841630915166, -49.2256454735147, -50.3073771123082, 0.0016000000400000006, 263.3984163091517
2025-03-31 14:30:27,076 - 2025-03-31T14:30:27.076411, 0.13020959061948423, 0.0, -0.6878315551237173, -173.570416309213, -49.23276573672487, -50.47657300555798, 0.0016000000400000006, 263.570416309213
2025-03-31 14:30:27,115 - 2025-03-31T14:30:27.115508, 0.12899245632780998, 0.0, -0.6823026687877514, -173.74531630927532, -49.27799825771813, -50.65654854777745, 0.0016000000400000006, 263.7453163092753
2025-03-31 14:30:27,155 - 2025-03-31T14:30:27.155313, 0.12870460381809457, 0.0, -0.676936372026236, -173.90041630933058, -49.292625437176895, -50.83209657995014, 0.0016000000400000006, 263.90041630933064
2025-03-31 14:30:27,195 - 2025-03-31T14:30:27.195945, 0.12817841107347627, 0.0, -0.6710871736883859, -174.11091630940555, -49.315529384434754, -51.023236121160096, 0.0016000000400000006, 264.1109163094055
2025-03-31 14:30:27,235 - 2025-03-31T14:30:27.235416, 0.12823224180426562, 0.0, -0.6654901117580132, -174.4398163095227, -49.31918473991344, -51.20667599535665, 0.0016000000400000006, 264.4398163095227
2025-03-31 14:30:27,276 - 2025-03-31T14:30:27.276910, 0.12828607253505586, 0.0, -0.659893049827641, -174.69751630961446, -49.3228400953921, -51.390115869553185, 0.0016000000400000006, 264.69751630961446
2025-03-31 14:30:27,315 - 2025-03-31T14:30:27.315421, 0.12804989152814183, 0.0, -0.6541699196935298, -175.08881630975372, -49.33611974676036, -51.57740557725643, 0.0016000000400000006, 265.0888163097537
2025-03-31 14:30:27,355 - 2025-03-31T14:30:27.355395, 0.12789568228821002, 0.0, -0.6486548295301402, -175.5360163099128, -49.34651216693719, -51.75795822026152, 0.0016000000400000006, 265.53601630991284
2025-03-31 14:30:27,396 - 2025-03-31T14:30:27.396463, 0.1276670763473411, 0.0, -0.6430729177318582, -175.9193163100492, -49.359406892530224, -51.9406282429076, 0.0016000000400000006, 265.9193163100492
2025-03-31 14:30:27,435 - 2025-03-31T14:30:27.435340, 0.12869428529684557, 0.0, -0.6371403936675106, -176.408016310223, -49.33149430415914, -52.13600196764512, 0.0016000000400000006, 266.40801631022305
2025-03-31 14:30:27,475 - 2025-03-31T14:30:27.475395, 0.1294542077067824, 0.0, -0.6315054564069129, -176.98951631042974, -49.31205123435193, -52.3213664707178, 0.0016000000400000006, 266.98951631042974
2025-03-31 14:30:27,516 - 2025-03-31T14:30:27.516566, 0.12994684357715025, 0.0, -0.6261681059500637, -177.5620163106332, -49.30107768310863, -52.49672175212567, 0.0016000000400000006, 267.5620163106333
2025-03-31 14:30:27,556 - 2025-03-31T14:30:27.556109, 0.13036508274658187, 0.0, -0.6207639338583228, -178.1836163108541, -49.2926064372815, -52.67419441317452, 0.0016000000400000006, 268.18361631085406
2025-03-31 14:30:27,595 - 2025-03-31T14:30:27.595613, 0.13123727718768086, 0.0, -0.6159019099117637, -178.82361631108148, -49.26873643318196, -52.83434311132035, 0.0016000000400000006, 268.8236163110815
2025-03-31 14:30:27,635 - 2025-03-31T14:30:27.635749, 0.1316555163571116, 0.0, -0.6104977378200225, -179.57221631134743, -49.26026518735485, -53.01181577236921, 0.0016000000400000006, 269.57221631134746
2025-03-31 14:30:27,675 - 2025-03-31T14:30:27.675329, 0.1329286406075636, 0.0, -0.6051893336678393, 179.6944836883921, -49.223690905409455, -53.186978303012275, 0.0016000000400000006, -89.6944836883921
2025-03-31 14:30:27,715 - 2025-03-31T14:30:27.715252, 0.13378568491657328, 0.0, -0.600044873049622, 178.90968368811326, -49.20059075286035, -53.35636637127245, 0.0016000000400000006, -88.90968368811328
2025-03-31 14:30:27,756 - 2025-03-31T14:30:27.756116, 0.1346944007283839, 0.0, -0.5945435790588078, 178.07498368781668, -49.176143072220746, -53.537496115063206, 0.0016000000400000006, -88.07498368781668
2025-03-31 14:30:27,796 - 2025-03-31T14:30:27.796274, 0.13632435835143175, 0.0, -0.5892868464094265, 177.20078368750603, -49.127827114744804, -53.711311117615764, 0.0016000000400000006, -87.20078368750603
2025-03-31 14:30:27,835 - 2025-03-31T14:30:27.835546, 0.13830357428103124, 0.0, -0.5839405669270188, 176.2769836871776, -49.06815440751351, -53.888398277134954, 0.0016000000400000006, -86.27698368717759
2025-03-31 14:30:27,876 - 2025-03-31T14:30:27.876219, 0.13965109523241992, 0.0, -0.5786989844097281, 175.32158368683773, -49.029077820151926, -54.06144342813704, 0.0016000000400000006, -85.32158368683773
2025-03-31 14:30:27,895 - 2025-03-31T14:30:27.895578, 0.1405700940293051, 0.0, -0.5760296322015463, 174.76388368663925, -49.001551309064865, -54.14979454500904, 0.0016000000400000006, -84.76388368663925
2025-03-31 14:30:27,935 - 2025-03-31T14:30:27.935719, 0.14202853305234342, 0.0, -0.5702156012748931, 173.73158368627162, -48.959394739747005, -54.34170336201506, 0.0016000000400000006, -83.73158368627162
2025-03-31 14:30:27,975 - 2025-03-31T14:30:27.975236, 0.14341257537444418, 0.0, -0.5643347487133474, 172.71558368590942, -48.91974047584536, -54.53572955866206, 0.0016000000400000006, -82.71558368590942
2025-03-31 14:30:28,016 - 2025-03-31T14:30:28.016218, 0.1448117678286347, 0.0, -0.5587363328234609, 171.63688368552448, -48.879316360393275, -54.720516385194706, 0.0016000000400000006, -81.63688368552448
2025-03-31 14:30:28,035 - 2025-03-31T14:30:28.035896, 0.1460875999981157, 0.0, -0.556118652118081, 171.09888368533223, -48.84004817377566, -54.80751997397618, 0.0016000000400000006, -81.09888368533223
2025-03-31 14:30:28,055 - 2025-03-31T14:30:28.055676, 0.14702174892709108, 0.0, -0.5537317365815584, 170.55048368513616, -48.81175181113814, -54.88663172073381, 0.0016000000400000006, -80.55048368513616
2025-03-31 14:30:28,075 - 2025-03-31T14:30:28.075391, 0.14815636276074207, 0.0, -0.5511216309422236, 170.02018368494643, -48.77710330957772, -54.973250383740066, 0.0016000000400000006, -80.02018368494643
2025-03-31 14:30:28,095 - 2025-03-31T14:30:28.095351, 0.1497146316018818, 0.0, -0.5484888001047539, 169.42528368473342, -48.72859575284575, -55.06102382407199, 0.0016000000400000006, -79.42528368473342
2025-03-31 14:30:28,115 - 2025-03-31T14:30:28.115681, 0.15084167036948815, 0.0, -0.545737476129589, 168.86918368453408, -48.694332177060545, -55.15226217213544, 0.0016000000400000006, -78.86918368453408
2025-03-31 14:30:28,135 - 2025-03-31T14:30:28.135279, 0.15205068090407625, 0.0, -0.5431941921251466, 168.33458368434228, -48.657181370083926, -55.23676345550071, 0.0016000000400000006, -78.33458368434229
2025-03-31 14:30:28,155 - 2025-03-31T14:30:28.155653, 0.1534677314093864, 0.0, -0.5405689363537216, 167.7172836841206, -48.61329349840914, -55.324151970057414, 0.0016000000400000006, -77.71728368412059
2025-03-31 14:30:28,175 - 2025-03-31T14:30:28.175897, 0.15553162702499668, 0.0, -0.5381214202888374, 167.22978368394533, -48.54803965531421, -55.4063431230169, 0.0016000000400000006, -77.22978368394533
2025-03-31 14:30:28,195 - 2025-03-31T14:30:28.195510, 0.15603454588043864, 0.0, -0.5356160116146209, 166.58008368371148, -48.53398727362346, -55.48891977750601, 0.0016000000400000006, -76.58008368371148
2025-03-31 14:30:28,237 - 2025-03-31T14:30:28.237089, 0.1594562454325117, 0.0, -0.5307588548150783, 165.39598368328447, -48.42657801271949, -55.65137745454883, 0.0016000000400000006, -75.39598368328447
2025-03-31 14:30:28,275 - 2025-03-31T14:30:28.275415, 0.1609601348518206, 0.0, -0.5257921339034008, 164.29528368288658, -48.38211188875026, -55.81556816121181, 0.0016000000400000006, -74.29528368288658
2025-03-31 14:30:28,315 - 2025-03-31T14:30:28.315279, 0.16453820287181298, 0.0, -0.5212098387094719, 163.1767836824811, -48.269313091238665, -55.969171393915495, 0.0016000000400000006, -73.1767836824811
2025-03-31 14:30:28,335 - 2025-03-31T14:30:28.335401, 0.16574721340640197, 0.0, -0.5186665547050291, 162.6737836822984, -48.23216228426202, -56.05367267728078, 0.0016000000400000006, -72.67378368229839
2025-03-31 14:30:28,356 - 2025-03-31T14:30:28.356531, 0.16703062064192808, 0.0, -0.5161900923354787, 162.00058368205347, -48.19250917186918, -56.13605658100507, 0.0016000000400000006, -72.00058368205347
2025-03-31 14:30:28,395 - 2025-03-31T14:30:28.395351, 0.17074233193170452, 0.0, -0.5114590037396751, 160.9344836816647, -48.075475615075646, -56.294664424541175, 0.0016000000400000006, -70.93448368166469
2025-03-31 14:30:28,416 - 2025-03-31T14:30:28.416530, 0.17230060077284381, 0.0, -0.5088261729022046, 160.26378368141945, -48.0269680583437, -56.38243786487313, 0.0016000000400000006, -70.26378368141945
2025-03-31 14:30:28,435 - 2025-03-31T14:30:28.435200, 0.17366597977535214, 0.0, -0.5065577505033758, 159.7325836812249, -47.98442771475942, -56.458084703899274, 0.0016000000400000006, -69.7325836812249
2025-03-31 14:30:28,455 - 2025-03-31T14:30:28.455236, 0.17563275349188956, 0.0, -0.5036197577961112, 159.07948368098525, -47.922830954406386, -56.55625229167127, 0.0016000000400000006, -69.07948368098525
2025-03-31 14:30:28,476 - 2025-03-31T14:30:28.476506, 0.17734739080094863, 0.0, -0.5012617885642547, 158.5698836807979, -47.86893386106679, -56.635171287664086, 0.0016000000400000006, -68.56988368079789
2025-03-31 14:30:28,496 - 2025-03-31T14:30:28.496274, 0.17906960317605236, 0.0, -0.4990450376682274, 157.9148836805566, -47.81465184195198, -56.70947059859973, 0.0016000000400000006, -67.91488368055661
2025-03-31 14:30:28,515 - 2025-03-31T14:30:28.515525, 0.18080696568324672, 0.0, -0.49711072344385876, 157.33638368034306, -47.7595999712867, -56.77453053942102, 0.0016000000400000006, -67.33638368034306
2025-03-31 14:30:28,535 - 2025-03-31T14:30:28.535802, 0.1823955347885673, 0.0, -0.4950427659497061, 156.7343836801204, -47.709552711453796, -56.84382523952426, 0.0016000000400000006, -66.7343836801204
2025-03-31 14:30:28,576 - 2025-03-31T14:30:28.576160, 0.18505947115869148, 0.0, -0.4905803178529853, 155.5687836796879, -47.62658940392624, -56.99261661216036, 0.0016000000400000006, -65.5687836796879
2025-03-31 14:30:28,615 - 2025-03-31T14:30:28.615776, 0.18892755091638858, 0.0, -0.4861240908627953, 154.4496836792708, -47.50416631052504, -57.14237001135734, 0.0016000000400000006, -64.4496836792708
2025-03-31 14:30:28,635 - 2025-03-31T14:30:28.635411, 0.19093977502919612, 0.0, -0.4840334081705069, 153.92368367907414, -47.44025999552064, -57.21281948878628, 0.0016000000400000006, -63.92368367907415
2025-03-31 14:30:28,657 - 2025-03-31T14:30:28.657912, 0.19294442407595946, 0.0, -0.48180150714238934, 153.2519836788224, -47.37673860629145, -57.28788865127238, 0.0016000000400000006, -63.251983678822405
2025-03-31 14:30:28,675 - 2025-03-31T14:30:28.675589, 0.19481542985293787, 0.0, -0.47971839951614603, 152.61598367858338, -47.31745197634423, -57.35795320292608, 0.0016000000400000006, -62.61598367858338
2025-03-31 14:30:28,695 - 2025-03-31T14:30:28.695287, 0.19674568219876365, 0.0, -0.47741967685313647, 152.01248367835595, -47.25643289253125, -57.435139745053156, 0.0016000000400000006, -62.01248367835595
2025-03-31 14:30:28,716 - 2025-03-31T14:30:28.716306, 0.1988247279464641, 0.0, -0.47525459745991094, 151.4522836781443, -47.190409197885856, -57.508091527898294, 0.0016000000400000006, -61.45228367814431
2025-03-31 14:30:28,735 - 2025-03-31T14:30:28.735430, 0.2006213370225054, 0.0, -0.4731046681987756, 150.75348367787961, -47.13362487335483, -57.580273459192966, 0.0016000000400000006, -60.753483677879615
2025-03-31 14:30:28,755 - 2025-03-31T14:30:28.755878, 0.20312403777769372, 0.0, -0.4709168636074148, 150.12138367763947, -47.05374212353792, -57.654380019363785, 0.0016000000400000006, -60.12138367763948
2025-03-31 14:30:28,777 - 2025-03-31T14:30:28.777412, 0.20520308352539374, 0.0, -0.46875178421418884, 149.521883677411, -46.98771842889254, -57.72733180220894, 0.0016000000400000006, -59.52188367741101
2025-03-31 14:30:28,795 - 2025-03-31T14:30:28.795233, 0.20678407756466877, 0.0, -0.466542608384207, 148.89878367717287, -46.938056094834884, -57.80124618736934, 0.0016000000400000006, -58.89878367717287
2025-03-31 14:30:28,815 - 2025-03-31T14:30:28.815412, 0.20921238161891953, 0.0, -0.46428798215795375, 148.32998367695484, -46.86067565043418, -57.87747012718115, 0.0016000000400000006, -58.32998367695484
2025-03-31 14:30:28,835 - 2025-03-31T14:30:28.835822, 0.2109270189279786, 0.0, -0.46193001292609726, 147.65358367669484, -46.80677855709459, -57.95638912317396, 0.0016000000400000006, -57.653583676694836
2025-03-31 14:30:28,855 - 2025-03-31T14:30:28.855577, 0.21316243314359884, 0.0, -0.4600397951384858, 147.13908367649643, -46.735365325841556, -58.02048646167995, 0.0016000000400000006, -57.139083676496426
2025-03-31 14:30:28,875 - 2025-03-31T14:30:28.875306, 0.21495904221964013, 0.0, -0.45788986587735003, 146.5721836762772, -46.67858100131053, -58.092668392974645, 0.0016000000400000006, -56.572183676277206
2025-03-31 14:30:28,895 - 2025-03-31T14:30:28.895540, 0.21683762306266408, 0.0, -0.45594797658693675, 146.03748367606985, -46.618909445588066, -58.15811325957115, 0.0016000000400000006, -56.037483676069854
2025-03-31 14:30:28,915 - 2025-03-31T14:30:28.915803, 0.21929622738109522, 0.0, -0.45425822370400093, 145.42548367583177, -46.53998929808645, -58.21585845915425, 0.0016000000400000006, -55.42548367583177
2025-03-31 14:30:28,935 - 2025-03-31T14:30:28.935662, 0.22125677999110227, 0.0, -0.45252437438430837, 144.90458367562852, -46.47743051117253, -58.274566261052634, 0.0016000000400000006, -54.904583675628515
2025-03-31 14:30:28,955 - 2025-03-31T14:30:28.955410, 0.22321733260110843, 0.0, -0.45079052506461625, 144.26218367537703, -46.41487172425863, -58.333274062951006, 0.0016000000400000006, -54.26218367537703
2025-03-31 14:30:28,995 - 2025-03-31T14:30:28.995614, 0.22734647779184236, 0.0, -0.44724085465824936, 143.12228367492858, -46.28301708573269, -58.453576897939186, 0.0016000000400000006, -53.12228367492858
2025-03-31 14:30:29,035 - 2025-03-31T14:30:29.035502, 0.23181730622308194, 0.0, -0.4434604190830256, 142.10938367452758, -46.14019062322665, -58.5817715749512, 0.0016000000400000006, -52.10938367452758
2025-03-31 14:30:29,075 - 2025-03-31T14:30:29.075472, 0.2364369280561962, 0.0, -0.4398136267775854, 141.16718367415237, -45.9923595498882, -58.705731492681295, 0.0016000000400000006, -51.16718367415237
2025-03-31 14:30:29,095 - 2025-03-31T14:30:29.095766, 0.23880598554160049, 0.0, -0.43777461558809927, 140.65948367394927, -45.916711559353224, -58.7748334420197, 0.0016000000400000006, -50.659483673949275
2025-03-31 14:30:29,115 - 2025-03-31T14:30:29.115224, 0.24118261809304986, 0.0, -0.43587682273444184, 140.16798367375205, -45.84067864304303, -58.83931570630095, 0.0016000000400000006, -50.16798367375205
2025-03-31 14:30:29,135 - 2025-03-31T14:30:29.135301, 0.24304604880398317, 0.0, -0.4336524967723694, 139.5905836735196, -45.78177693887103, -58.913999943011824, 0.0016000000400000006, -49.5905836735196
2025-03-31 14:30:29,175 - 2025-03-31T14:30:29.175885, 0.2476732457031421, 0.0, -0.4301469228027588, 138.64648367313765, -45.633560939757366, -59.033340175684735, 0.0016000000400000006, -48.64648367313765
2025-03-31 14:30:29,215 - 2025-03-31T14:30:29.215656, 0.25245681107022167, 0.0, -0.42691621043876227, 137.64688367273064, -45.479955404036026, -59.143825964018504, 0.0016000000400000006, -47.64688367273064
2025-03-31 14:30:29,255 - 2025-03-31T14:30:29.255488, 0.25707643290333637, 0.0, -0.42326941813332253, 136.67888367233385, -45.33212433069756, -59.26778588174859, 0.0016000000400000006, -46.67888367233385
2025-03-31 14:30:29,296 - 2025-03-31T14:30:29.295981, 0.2614880147657286, 0.0, -0.419704597594865, 135.82548367198183, -45.19103032205729, -59.38885856828724, 0.0016000000400000006, -45.82548367198183
2025-03-31 14:30:29,335 - 2025-03-31T14:30:29.335670, 0.2660408149639508, 0.0, -0.4161322019903628, 134.9612836716232, -45.04531662835981, -59.5103161806011, 0.0016000000400000006, -44.9612836716232
2025-03-31 14:30:29,375 - 2025-03-31T14:30:29.375536, 0.2708243803310295, 0.0, -0.41290148962636586, 134.12608367127442, -44.891711092638495, -59.620801968934884, 0.0016000000400000006, -44.126083671274415
2025-03-31 14:30:29,415 - 2025-03-31T14:30:29.415742, 0.27542885203205403, 0.0, -0.40897226064926784, 133.38588367096352, -44.74464987085049, -59.754001256779304, 0.0016000000400000006, -43.38588367096352
2025-03-31 14:30:29,455 - 2025-03-31T14:30:29.455309, 0.28071804417360324, 0.0, -0.4059268630578572, 132.73398367068827, -44.57429804876622, -59.858904757740625, 0.0016000000400000006, -42.733983670688275
2025-03-31 14:30:29,475 - 2025-03-31T14:30:29.475836, 0.2827681436166367, 0.0, -0.4045422720447154, 132.19188367045837, -44.50846710488567, -59.90625580988368, 0.0016000000400000006, -42.19188367045837
2025-03-31 14:30:29,515 - 2025-03-31T14:30:29.515435, 0.2870839575394717, 0.0, -0.40183233658727957, 131.59278367020318, -44.369683226651134, -59.999225460304025, 0.0016000000400000006, -41.592783670203175
2025-03-31 14:30:29,555 - 2025-03-31T14:30:29.555954, 0.29158508623489166, 0.0, -0.3986167743553728, 130.9190836699147, -44.22531706104419, -60.10894139708736, 0.0016000000400000006, -40.9190836699147
2025-03-31 14:30:29,595 - 2025-03-31T14:30:29.595812, 0.2961681866972947, 0.0, -0.3956092520941876, 130.28328366964107, -44.07806366424577, -60.21192026917253, 0.0016000000400000006, -40.283283669641065
2025-03-31 14:30:29,636 - 2025-03-31T14:30:29.636042, 0.30075128715969734, 0.0, -0.39260172983300246, 129.73838366940544, -43.93081026744738, -60.314899141257705, 0.0016000000400000006, -39.73838366940544
2025-03-31 14:30:29,675 - 2025-03-31T14:30:29.675771, 0.3056987960607409, 0.0, -0.3897870974104487, 129.1361836691438, -43.7714302693432, -60.41191080019518, 0.0016000000400000006, -39.136183669143804
2025-03-31 14:30:29,695 - 2025-03-31T14:30:29.695494, 0.3079052639716946, 0.0, -0.3886773680029205, 128.6307836689232, -43.70020978885499, -60.45040740799912, 0.0016000000400000006, -38.630783668923186
2025-03-31 14:30:29,735 - 2025-03-31T14:30:29.735873, 0.31310490928021695, 0.0, -0.3852827121049591, 128.06438366867485, -43.533130123737365, -60.56666765871576, 0.0016000000400000006, -38.06438366867485
2025-03-31 14:30:29,775 - 2025-03-31T14:30:29.775352, 0.31763633823981774, 0.0, -0.38263202321637024, 127.49608366842448, -43.38722425502948, -60.65790485527036, 0.0016000000400000006, -37.496083668424475
2025-03-31 14:30:29,815 - 2025-03-31T14:30:29.815750, 0.32264309370970823, 0.0, -0.37960177575704934, 126.93268366817506, -43.22611180305956, -60.762038504681236, 0.0016000000400000006, -36.93268366817506
2025-03-31 14:30:29,856 - 2025-03-31T14:30:29.856091, 0.3274934807116794, 0.0, -0.3762966666921157, 126.40938366794228, -43.07038888769726, -60.875026598431205, 0.0016000000400000006, -36.40938366794228
2025-03-31 14:30:29,895 - 2025-03-31T14:30:29.895588, 0.33200975953919043, 0.0, -0.37336354113186765, 125.84088366768819, -42.92525287053982, -60.975503165100186, 0.0016000000400000006, -35.84088366768819
2025-03-31 14:30:29,935 - 2025-03-31T14:30:29.935517, 0.33683877530254014, 0.0, -0.3709801387828473, 125.2974836674441, -42.769337780167135, -61.058270843090895, 0.0016000000400000006, -35.2974836674441
2025-03-31 14:30:29,978 - 2025-03-31T14:30:29.978047, 0.3416374908017099, 0.0, -0.3680318630905086, 124.72788366718697, -42.614962392895336, -61.15951726131034, 0.0016000000400000006, -34.72788366718697
2025-03-31 14:30:30,035 - 2025-03-31T14:30:30.035426, 0.3488582892485992, 0.0, -0.3640331045594891, 124.09768366690088, -42.382244534661986, -61.29752783346796, 0.0016000000400000006, -34.09768366690088
2025-03-31 14:30:30,095 - 2025-03-31T14:30:30.095672, 0.3558634726587222, 0.0, -0.3599750994596236, 123.50788366663164, -42.156648666902, -61.437270859491306, 0.0016000000400000006, -33.50788366663164
2025-03-31 14:30:30,155 - 2025-03-31T14:30:30.155288, 0.3631435176744584, 0.0, -0.3557607258918378, 122.86158366633488, -41.9221983548029, -61.5824034221223, 0.0016000000400000006, -32.86158366633488
2025-03-31 14:30:30,215 - 2025-03-31T14:30:30.215549, 0.37028234435436547, 0.0, -0.35155392739009717, 122.36118366610388, -41.692367727760974, -61.727151058978066, 0.0016000000400000006, -32.361183666103884
2025-03-31 14:30:30,275 - 2025-03-31T14:30:30.275661, 0.3777855794729139, 0.0, -0.3475400187269879, 121.84618366586494, -41.45041049941325, -61.86593148268613, 0.0016000000400000006, -31.84618366586494
2025-03-31 14:30:30,335 - 2025-03-31T14:30:30.335742, 0.3847907628830365, 0.0, -0.3434820136271215, 121.33218366562531, -41.22481463165328, -62.005674508709504, 0.0016000000400000006, -31.332183665625312
2025-03-31 14:30:30,375 - 2025-03-31T14:30:30.375688, 0.39016192679156836, 0.0, -0.34064465600643246, 121.00328366547133, -41.051575578377566, -62.10384094497266, 0.0016000000400000006, -31.003283665471326
2025-03-31 14:30:30,435 - 2025-03-31T14:30:30.435489, 0.3972187817044932, 0.0, -0.33622981753397063, 120.5616836652638, -40.82463218252707, -62.25532564652657, 0.0016000000400000006, -30.5616836652638
2025-03-31 14:30:30,476 - 2025-03-31T14:30:30.476347, 0.40237568453577266, 0.0, -0.3346785750678354, 120.16858366507829, -40.65716816738863, -62.31114506572471, 0.0016000000400000006, -30.16858366507829
2025-03-31 14:30:30,536 - 2025-03-31T14:30:30.536143, 0.4090391847053896, 0.0, -0.3308513351368263, 119.73128366487106, -40.442544123608755, -62.44299624972422, 0.0016000000400000006, -29.731283664871057
2025-03-31 14:30:30,575 - 2025-03-31T14:30:30.575651, 0.4143359519129848, 0.0, -0.3279471558812448, 119.46988366474673, -40.271807375749226, -62.543280065628366, 0.0016000000400000006, -29.46988366474673
2025-03-31 14:30:30,635 - 2025-03-31T14:30:30.635283, 0.42142310709009, 0.0, -0.3240971907521, 119.04528366454413, -40.04332427679781, -62.67628602695358, 0.0016000000400000006, -29.045283664544126
2025-03-31 14:30:30,675 - 2025-03-31T14:30:30.675908, 0.42643121651949567, 0.0, -0.3224123050161811, 118.6539836643566, -39.880864872491756, -62.73634020543365, 0.0016000000400000006, -28.653983664356602
2025-03-31 14:30:30,735 - 2025-03-31T14:30:30.735825, 0.434023998471071, 0.0, -0.3187476546596226, 118.0242836640532, -39.635635487177396, -62.86376387938639, 0.0016000000400000006, -28.0242836640532
2025-03-31 14:30:30,779 - 2025-03-31T14:30:30.779846, 0.43955153084752263, 0.0, -0.3161851586445463, 117.47998366378937, -39.457006897294036, -62.95307587131046, 0.0016000000400000006, -27.47998366378937
2025-03-31 14:30:30,836 - 2025-03-31T14:30:30.835960, 0.4471002163623412, 0.0, -0.3130185599964128, 116.72208366341941, -39.21274011429495, -63.064138184675485, 0.0016000000400000006, -26.72208366341941
2025-03-31 14:30:30,876 - 2025-03-31T14:30:30.875984, 0.45255470599737047, 0.0, -0.311734604069847, 116.1775836631518, -39.03526687749168, -63.111488085309695, 0.0016000000400000006, -26.177583663151793
2025-03-31 14:30:30,915 - 2025-03-31T14:30:30.915507, 0.4574808436597926, 0.0, -0.3098416783632061, 115.5932836628628, -38.8756947043771, -63.17827932848793, 0.0016000000400000006, -25.593283662862802
2025-03-31 14:30:30,955 - 2025-03-31T14:30:30.955329, 0.4624586528250174, 0.0, -0.30759191928396934, 114.88138366250821, -38.71477500317198, -63.25681224719672, 0.0016000000400000006, -24.881383662508213
2025-03-31 14:30:30,996 - 2025-03-31T14:30:30.996023, 0.4680316355977401, 0.0, -0.3058767332838701, 114.21808366217529, -38.53383685863723, -63.318406128777696, 0.0016000000400000006, -24.21808366217529
2025-03-31 14:30:31,035 - 2025-03-31T14:30:31.035553, 0.4736790150713994, 0.0, -0.30422836891866245, 113.50648366181531, -38.35039640868631, -63.37788263071772, 0.0016000000400000006, -23.50648366181531
2025-03-31 14:30:31,075 - 2025-03-31T14:30:31.075348, 0.47899228637059865, 0.0, -0.30295198805814083, 112.70488366140633, -38.17754285694023, -63.42484760557673, 0.0016000000400000006, -22.704883661406328
2025-03-31 14:30:31,115 - 2025-03-31T14:30:31.115403, 0.4839184240330212, 0.0, -0.30105906235149993, 111.89998366099178, -38.01797068382564, -63.49163884875497, 0.0016000000400000006, -21.899983660991783
2025-03-31 14:30:31,156 - 2025-03-31T14:30:31.156194, 0.489351542429429, 0.0, -0.30069681314084695, 111.07288366056167, -37.84030527201196, -63.50876833362994, 0.0016000000400000006, -21.072883660561672
2025-03-31 14:30:31,195 - 2025-03-31T14:30:31.195658, 0.49522968707194526, 0.0, -0.29939013201614495, 110.24338366012603, -37.648972980037186, -63.55727301158987, 0.0016000000400000006, -20.243383660126028
2025-03-31 14:30:31,235 - 2025-03-31T14:30:31.235223, 0.4999036883268899, 0.0, -0.29807722978491213, 109.44668365970345, -37.497100473936015, -63.604815662988926, 0.0016000000400000006, -19.446683659703453
2025-03-31 14:30:31,276 - 2025-03-31T14:30:31.276094, 0.5053443817893428, 0.0, -0.29785619891008874, 108.54408365921965, -37.31905013634711, -63.61732546280671, 0.0016000000400000006, -18.544083659219652
2025-03-31 14:30:31,315 - 2025-03-31T14:30:31.315472, 0.5109628149583365, 0.0, -0.29698832292496524, 107.6894836587565, -37.135802437160976, -63.65120123404465, 0.0016000000400000006, -17.6894836587565
2025-03-31 14:30:31,337 - 2025-03-31T14:30:31.337125, 0.5137644564767876, 0.0, -0.2964131665965737, 107.12038365844525, -37.044563513343164, -63.67275880472081, 0.0016000000400000006, -17.12038365844525
2025-03-31 14:30:31,375 - 2025-03-31T14:30:31.375362, 0.5193084929448442, 0.0, -0.29547846897655816, 106.10748365788561, -36.863818119573224, -63.708751955599716, 0.0016000000400000006, -16.107483657885613
2025-03-31 14:30:31,415 - 2025-03-31T14:30:31.415599, 0.5251060197798929, 0.0, -0.29530910960453616, 105.10258365732301, -36.674026106453766, -63.719914227327, 0.0016000000400000006, -15.10258365732301
2025-03-31 14:30:31,456 - 2025-03-31T14:30:31.456910, 0.5308808214168059, 0.0, -0.29471609522502584, 104.02548365671153, -36.48538887066, -63.744935554225826, 0.0016000000400000006, -14.025483656711529
2025-03-31 14:30:31,495 - 2025-03-31T14:30:31.495520, 0.5365295548499796, 0.0, -0.29441309258321935, 102.97398365610583, -36.300601468372975, -63.760332585235076, 0.0016000000400000006, -12.97398365610583
2025-03-31 14:30:31,535 - 2025-03-31T14:30:31.535865, 0.5420673702115053, 0.0, -0.2946825383507763, 101.95208365550869, -36.118894048042165, -63.75686595024035, 0.0016000000400000006, -11.952083655508687
2025-03-31 14:30:31,555 - 2025-03-31T14:30:31.555954, 0.5448993119941377, 0.0, -0.2946722553657022, 101.39848365518155, -36.02611542112341, -63.7599447806878, 0.0016000000400000006, -11.39848365518155
2025-03-31 14:30:31,575 - 2025-03-31T14:30:31.575559, 0.5477161036446789, 0.0, -0.2943795357089698, 100.82618365484065, -35.934106645755136, -63.7722629812496, 0.0016000000400000006, -10.826183654840648
2025-03-31 14:30:31,596 - 2025-03-31T14:30:31.596113, 0.5503324303905446, 0.0, -0.29431000615504876, 100.32758365454136, -35.84845000930976, -63.77707426556279, 0.0016000000400000006, -10.327583654541357
2025-03-31 14:30:31,615 - 2025-03-31T14:30:31.615574, 0.5533283157071418, 0.0, -0.2947158031114183, 99.67848365414844, -35.749896920008126, -63.766678966613924, 0.0016000000400000006, -9.678483654148437
2025-03-31 14:30:31,635 - 2025-03-31T14:30:31.635376, 0.5565246659284147, 0.0, -0.2948984099649752, 98.96328365371112, -35.644991691783595, -63.763790583913696, 0.0016000000400000006, -8.963283653711116
2025-03-31 14:30:31,655 - 2025-03-31T14:30:31.655710, 0.5594826759147864, 0.0, -0.2945981152421986, 98.42138365337667, -35.54836323135811, -63.77649371025068, 0.0016000000400000006, -8.421383653376665
2025-03-31 14:30:31,675 - 2025-03-31T14:30:31.675843, 0.5625226576681399, 0.0, -0.2945058604901418, 97.79718365298802, -35.44884753974121, -63.78245977188958, 0.0016000000400000006, -7.797183652988025
2025-03-31 14:30:31,695 - 2025-03-31T14:30:31.695312, 0.5651844348102766, 0.0, -0.29528364095119697, 97.29038365266972, -35.36088134864445, -63.75955294585971, 0.0016000000400000006, -7.2903836526697186
2025-03-31 14:30:31,716 - 2025-03-31T14:30:31.716465, 0.5681727450608283, 0.0, -0.29554821957173694, 96.5329836521894, -35.26271318511806, -63.753777331968024, 0.0016000000400000006, -6.532983652189401
2025-03-31 14:30:31,755 - 2025-03-31T14:30:31.755284, 0.5743877057968341, 0.0, -0.29656027838915167, 95.3894836514534, -35.0581000902662, -63.72663459514739, 0.0016000000400000006, -5.3894836514534035
2025-03-31 14:30:31,775 - 2025-03-31T14:30:31.775513, 0.5770191826747904, 0.0, -0.2967731855068898, 94.85588365110537, -34.97167360227035, -63.72220650934622, 0.0016000000400000006, -4.855883651105373
2025-03-31 14:30:31,795 - 2025-03-31T14:30:31.795671, 0.5800074929253416, 0.0, -0.2970377641274293, 94.19168365066797, -34.87350543874398, -63.71643089545455, 0.0016000000400000006, -4.191683650667969
2025-03-31 14:30:31,815 - 2025-03-31T14:30:31.815940, 0.5828029133372623, 0.0, -0.29766675118661023, 93.6332836502966, -34.78130448836527, -63.698528680257084, 0.0016000000400000006, -3.633283650296605
2025-03-31 14:30:31,835 - 2025-03-31T14:30:31.835573, 0.5857244019529229, 0.0, -0.29800572650808776, 92.94308364983281, -34.685253704479834, -63.69025076094918, 0.0016000000400000006, -2.943083649832815
2025-03-31 14:30:31,855 - 2025-03-31T14:30:31.855406, 0.5885866439997347, 0.0, -0.29856031686633067, 92.37738364944872, -34.59093537446018, -63.674850851167946, 0.0016000000400000006, -2.377383649448717
2025-03-31 14:30:31,875 - 2025-03-31T14:30:31.875438, 0.5920289095219555, 0.0, -0.29936704363205235, 91.56988364889412, -34.477368452661324, -63.65175127437325, 0.0016000000400000006, -1.5698836488941197
2025-03-31 14:30:31,896 - 2025-03-31T14:30:31.896266, 0.5949655482697058, 0.0, -0.29998845562518817, 90.94388364845892, -34.38054781722544, -63.63423398495101, 0.0016000000400000006, -0.9438836484589217
2025-03-31 14:30:31,915 - 2025-03-31T14:30:31.915613, 0.5979690086523477, 0.0, -0.3005354709173873, 90.25858364797708, -34.281609802148594, -63.61921900094496, 0.0016000000400000006, -0.2585836479770762
2025-03-31 14:30:31,935 - 2025-03-31T14:30:31.935415, 0.6010468657359271, 0.0, -0.3011493078444776, 89.56718372890109, -34.18016948165554, -63.602086637297965, 0.0016000000400000006, 0.43281627109891474
2025-03-31 14:30:31,956 - 2025-03-31T14:30:31.956045, 0.6045711030251306, 0.0, -0.30216407458092087, 88.8195837283773, -34.06371532866524, -63.572249995805116, 0.0016000000400000006, 1.180416271622704
2025-03-31 14:30:31,976 - 2025-03-31T14:30:31.976187, 0.6079541219785036, 0.0, -0.3031864163834088, 88.18228372793608, -33.95188086073216, -63.54202842853706, 0.0016000000400000006, 1.817716272063919
2025-03-31 14:30:31,995 - 2025-03-31T14:30:31.995296, 0.6113144157337422, 0.0, -0.3037851031784098, 87.36738372737874, -33.841201170124734, -63.525665916440495, 0.0016000000400000006, 2.632616272621263
2025-03-31 14:30:32,016 - 2025-03-31T14:30:32.016323, 0.6144893947163941, 0.0, -0.3048894167478804, 86.7188837269406, -33.736103766889784, -63.492557117980994, 0.0016000000400000006, 3.2811162730593963
2025-03-31 14:30:32,036 - 2025-03-31T14:30:32.036291, 0.6177311953339384, 0.0, -0.3059193336164139, 86.01958372647337, -33.628888984013855, -63.46195062493769, 0.0016000000400000006, 3.9804162735266284
2025-03-31 14:30:32,056 - 2025-03-31T14:30:32.056065, 0.6209578458193925, 0.0, -0.30666681381328864, 85.33408372602045, -33.522444052688385, -63.440583502008735, 0.0016000000400000006, 4.665916273979548
2025-03-31 14:30:32,077 - 2025-03-31T14:30:32.077875, 0.6237608412973583, 0.0, -0.30743701920829913, 84.64928372557297, -33.429858176534445, -63.41806160175409, 0.0016000000400000006, 5.350716274427029
2025-03-31 14:30:32,096 - 2025-03-31T14:30:32.096163, 0.62692067014792, 0.0, -0.30825889610611057, 83.86138372506414, -33.32553062484996, -63.39419217340895, 0.0016000000400000006, 6.138616274935856
2025-03-31 14:30:32,135 - 2025-03-31T14:30:32.135556, 0.6329654662434301, 0.0, -0.31005901836965455, 82.63818372428648, -33.1257299658201, -63.34106378011101, 0.0016000000400000006, 7.3618162757135215
2025-03-31 14:30:32,155 - 2025-03-31T14:30:32.155295, 0.6360068019562979, 0.0, -0.31131212534099983, 82.06508372392713, -33.02486732186709, -63.30295037081908, 0.0016000000400000006, 7.93491627607287
2025-03-31 14:30:32,175 - 2025-03-31T14:30:32.175817, 0.6388476727644892, 0.0, -0.3127884224151565, 81.47108372355798, -32.93035681683702, -63.25733004527857, 0.0016000000400000006, 8.528916276442018
2025-03-31 14:30:32,195 - 2025-03-31T14:30:32.195774, 0.6414426282717338, 0.0, -0.3136405995771496, 80.83718372316761, -32.84450800538123, -63.231920913832475, 0.0016000000400000006, 9.16281627683239
2025-03-31 14:30:32,216 - 2025-03-31T14:30:32.216749, 0.6440678840431593, 0.0, -0.3150576500824598, 80.23928372280281, -32.75711949082449, -63.18803304215769, 0.0016000000400000006, 9.76071627719719
2025-03-31 14:30:32,235 - 2025-03-31T14:30:32.235858, 0.6465670716108449, 0.0, -0.3167647123254733, 79.5626837223938, -32.67358080977451, -63.13452087459334, 0.0016000000400000006, 10.4373162776062
2025-03-31 14:30:32,255 - 2025-03-31T14:30:32.255408, 0.6493183955860093, 0.0, -0.31789175109307966, 78.94868372202612, -32.58234246171108, -63.10025729880814, 0.0016000000400000006, 11.051316277973882
2025-03-31 14:30:32,276 - 2025-03-31T14:30:32.276563, 0.6519133510932535, 0.0, -0.3187439282550719, 78.41468372170898, -32.496493650255296, -63.07484816736208, 0.0016000000400000006, 11.585316278291018
2025-03-31 14:30:32,296 - 2025-03-31T14:30:32.296092, 0.6545599781032996, 0.0, -0.3192392720444688, 77.84928372137577, -32.40929731070901, -63.061180711446546, 0.0016000000400000006, 12.150716278624232
2025-03-31 14:30:32,335 - 2025-03-31T14:30:32.335678, 0.6593048628716791, 0.0, -0.3218880582825028, 76.72848372072309, -32.25126656795855, -62.97898725546945, 0.0016000000400000006, 13.271516279276911
2025-03-31 14:30:32,375 - 2025-03-31T14:30:32.375232, 0.6642061161079789, 0.0, -0.32481170612615085, 75.75268372016303, -32.08784628860043, -62.88793935515321, 0.0016000000400000006, 14.247316279836966
2025-03-31 14:30:32,415 - 2025-03-31T14:30:32.415421, 0.6690026723791598, 0.0, -0.32710365899158855, 74.81278371963052, -31.92846801775948, -62.81748757470667, 0.0016000000400000006, 15.187216280369483
2025-03-31 14:30:32,455 - 2025-03-31T14:30:32.455657, 0.6742153085917844, 0.0, -0.32923166832306183, 73.92118371913153, -31.755615617522203, -62.75281025664299, 0.0016000000400000006, 16.078816280868466
2025-03-31 14:30:32,495 - 2025-03-31T14:30:32.495660, 0.67884170022247, 0.0, -0.3323116846346301, 73.0818837186671, -31.601049782503228, -62.65637281971909, 0.0016000000400000006, 16.9181162813329
2025-03-31 14:30:32,516 - 2025-03-31T14:30:32.516090, 0.6815854491315894, 0.0, -0.3332975050664069, 72.54018371837005, -31.510196360215026, -62.62672892899108, 0.0016000000400000006, 17.459816281629955
2025-03-31 14:30:32,555 - 2025-03-31T14:30:32.555225, 0.686271087331122, 0.0, -0.3361619063412076, 71.74018371793505, -31.35389807133031, -62.537413482540586, 0.0016000000400000006, 18.259816282064946
2025-03-31 14:30:32,596 - 2025-03-31T14:30:32.596058, 0.6910752186683484, 0.0, -0.3385950775424753, 70.99068371753151, -31.194134874714113, -62.46234201703685, 0.0016000000400000006, 19.00931628246849
2025-03-31 14:30:32,635 - 2025-03-31T14:30:32.635751, 0.6965702915526313, 0.0, -0.34070793674185795, 70.23988371713102, -31.012043104362498, -62.398434550523646, 0.0016000000400000006, 19.760116282868978
2025-03-31 14:30:32,675 - 2025-03-31T14:30:32.675698, 0.7016127631247602, 0.0, -0.3436240095194605, 69.55708371676998, -30.844003139947215, -62.30777157598264, 0.0016000000400000006, 20.44291628323002
2025-03-31 14:30:32,715 - 2025-03-31T14:30:32.715854, 0.707071314638331, 0.0, -0.34637613876309814, 68.89168371642103, -30.66248904613567, -62.22288306382452, 0.0016000000400000006, 21.108316283578972
2025-03-31 14:30:32,755 - 2025-03-31T14:30:32.755788, 0.712016664311387, 0.0, -0.34880173489832034, 68.37848371615377, -30.49810616446229, -62.14819652409602, 0.0016000000400000006, 21.621516283846233
2025-03-31 14:30:32,795 - 2025-03-31T14:30:32.795711, 0.7168359457807045, 0.0, -0.35151734277124724, 67.80048371585471, -30.337573116295605, -62.063885688477924, 0.0016000000400000006, 22.199516284145293
2025-03-31 14:30:32,855 - 2025-03-31T14:30:32.855918, 0.7238568280139579, 0.0, -0.35567272634761826, 67.14738371551923, -30.103510608743772, -61.9345322038594, 0.0016000000400000006, 22.852616284480774
2025-03-31 14:30:32,915 - 2025-03-31T14:30:32.915404, 0.731122271588645, 0.0, -0.3591068681127534, 66.552783715216, -29.86213335995372, -61.82904699607717, 0.0016000000400000006, 23.447216284784005
2025-03-31 14:30:32,976 - 2025-03-31T14:30:32.976099, 0.7387748488001082, 0.0, -0.36315755472400735, 66.02358371494785, -29.607474732532204, -61.70373551997574, 0.0016000000400000006, 23.976416285052153
2025-03-31 14:30:33,015 - 2025-03-31T14:30:33.015283, 0.7438765669410832, 0.0, -0.3658580124648432, 65.73548371480253, -29.43770231425121, -61.62019453590812, 0.0016000000400000006, 24.264516285197477
2025-03-31 14:30:33,055 - 2025-03-31T14:30:33.055295, 0.7490967782197537, 0.0, -0.36812724013214604, 65.43888371465343, -29.26446498823867, -61.55089753278726, 0.0016000000400000006, 24.56111628534657
2025-03-31 14:30:33,115 - 2025-03-31T14:30:33.115399, 0.7563925220586207, 0.0, -0.37212625524059817, 64.97938371442342, -29.021548036347724, -61.426933584776336, 0.0016000000400000006, 25.02061628557658
2025-03-31 14:30:33,175 - 2025-03-31T14:30:33.175488, 0.7636882658974877, 0.0, -0.3761252703490503, 64.55128371421019, -28.778631084456766, -61.30296963676542, 0.0016000000400000006, 25.448716285789818
2025-03-31 14:30:33,237 - 2025-03-31T14:30:33.237433, 0.7708944629033283, 0.0, -0.3797750271509517, 64.27268371407195, -28.538986289532442, -61.19036243850983, 0.0016000000400000006, 25.727316285928055
2025-03-31 14:30:33,295 - 2025-03-31T14:30:33.295378, 0.7781750566101047, 0.0, -0.3834916055877451, 64.06418371396876, -28.29683918919196, -61.07563786061326, 0.0016000000400000006, 25.93581628603124
2025-03-31 14:30:33,356 - 2025-03-31T14:30:33.356013, 0.7858049086234327, 0.0, -0.3871186371915112, 63.862983713869426, -28.043335339096124, -60.964185439683355, 0.0016000000400000006, 26.137016286130574
2025-03-31 14:30:33,395 - 2025-03-31T14:30:33.395277, 0.7910478451002381, 0.0, -0.3898115198663019, 63.76258371381994, -27.86894323575792, -60.88102938139097, 0.0016000000400000006, 26.237416286180057
2025-03-31 14:30:33,435 - 2025-03-31T14:30:33.435579, 0.7966917113863947, 0.0, -0.39205802233546905, 63.7340837138059, -27.681846854573926, -60.8128871555958, 0.0016000000400000006, 26.2659162861941
2025-03-31 14:30:33,475 - 2025-03-31T14:30:33.475517, 0.8023507278046433, 0.0, -0.3945869614762949, 63.616583713748085, -27.49398062183941, -60.73550555968629, 0.0016000000400000006, 26.383416286251915
2025-03-31 14:30:33,535 - 2025-03-31T14:30:33.535323, 0.8085608213936317, 0.0, -0.3981485254046828, 63.68328371378088, -27.287058548090602, -60.62482356606126, 0.0016000000400000006, 26.31671628621912
2025-03-31 14:30:33,595 - 2025-03-31T14:30:33.595425, 0.8149272834505408, 0.0, -0.40198495093868436, 63.618683713749114, -27.07474693773412, -60.5052871280971, 0.0016000000400000006, 26.381316286250886
2025-03-31 14:30:33,635 - 2025-03-31T14:30:33.635696, 0.8200730980282733, 0.0, -0.40418735697109476, 63.65218371376557, -26.904011917137815, -60.43810750461723, 0.0016000000400000006, 26.347816286234433
2025-03-31 14:30:33,695 - 2025-03-31T14:30:33.695385, 0.8270561049313012, 0.0, -0.4076366488683201, 63.839883713858036, -26.671874038462132, -60.33185244528455, 0.0016000000400000006, 26.160116286141967
2025-03-31 14:30:33,735 - 2025-03-31T14:30:33.735810, 0.832238440879745, 0.0, -0.40919978485647635, 64.0259837139499, -26.500561341325785, -60.28565386744956, 0.0016000000400000006, 25.9740162860501
2025-03-31 14:30:33,796 - 2025-03-31T14:30:33.796405, 0.8400536076656593, 0.0, -0.4123211896857719, 64.22168371404668, -26.241475203857483, -60.19094773288261, 0.0016000000400000006, 25.778316285953323
2025-03-31 14:30:33,855 - 2025-03-31T14:30:33.855811, 0.847192983036607, 0.0, -0.41604534318861, 64.5967837142328, -26.003947788574155, -60.07583822921083, 0.0016000000400000006, 25.4032162857672
2025-03-31 14:30:33,915 - 2025-03-31T14:30:33.915481, 0.8546134411196991, 0.0, -0.4184089848359571, 65.11348371449044, -25.75852795551258, -60.005578048020276, 0.0016000000400000006, 24.886516285509558
2025-03-31 14:30:33,955 - 2025-03-31T14:30:33.955259, 0.8598639526625487, 0.0, -0.421243085846577, 65.40978371463883, -25.583750926399173, -59.91780230467072, 0.0016000000400000006, 24.590216285361166
2025-03-31 14:30:33,996 - 2025-03-31T14:30:33.996127, 0.8651647817486863, 0.0, -0.42237499176119986, 65.88378371487727, -25.40897332153134, -59.8858477077825, 0.0016000000400000006, 24.116216285122732
2025-03-31 14:30:34,056 - 2025-03-31T14:30:34.056323, 0.8728904017015724, 0.0, -0.42514713828394424, 66.4954837151869, -25.153159341029735, -59.80249832297089, 0.0016000000400000006, 23.504516284813107
2025-03-31 14:30:34,095 - 2025-03-31T14:30:34.095509, 0.8781106129802416, 0.0, -0.4274163659512471, 66.88928371538735, -24.97992201501724, -59.73320131985003, 0.0016000000400000006, 23.110716284612653
2025-03-31 14:30:34,135 - 2025-03-31T14:30:34.135846, 0.8838578222720033, 0.0, -0.42894920167522255, 67.24228371556782, -24.790130577652175, -59.68854244511597, 0.0016000000400000006, 22.757716284432178
2025-03-31 14:30:34,175 - 2025-03-31T14:30:34.175641, 0.8892254729930333, 0.0, -0.4300067108889083, 67.79498371585188, -24.61323559314336, -59.659090153643945, 0.0016000000400000006, 22.205016284148115
2025-03-31 14:30:34,237 - 2025-03-31T14:30:34.236937, 0.8961340831951237, 0.0, -0.43338918115124114, 68.33928371613341, -24.38360001988389, -59.554952473952255, 0.0016000000400000006, 21.66071628386659
2025-03-31 14:30:34,275 - 2025-03-31T14:30:34.275542, 0.9019102387915514, 0.0, -0.4341415284951329, 68.87928371641453, -24.193615831754013, -59.53589432992027, 0.0016000000400000006, 21.120716283585466
2025-03-31 14:30:34,335 - 2025-03-31T14:30:34.335950, 0.909323121808598, 0.0, -0.43636395180665, 69.54748371676494, -23.948580924467684, -59.47025383378691, 0.0016000000400000006, 20.452516283235056
2025-03-31 14:30:34,375 - 2025-03-31T14:30:34.375754, 0.9148319908654572, 0.0, -0.43741388595429065, 70.01408371701127, -23.7670662549017, -59.441186468090116, 0.0016000000400000006, 19.985916282988725
2025-03-31 14:30:34,415 - 2025-03-31T14:30:34.415629, 0.9200811484487925, 0.0, -0.4389026252415089, 70.50878371727403, -23.5936361781244, -59.39749019567135, 0.0016000000400000006, 19.491216282725972
2025-03-31 14:30:34,455 - 2025-03-31T14:30:34.455606, 0.9255521421754263, 0.0, -0.43924646771000253, 71.00958371754163, -23.414046137434557, -59.39152125526044, 0.0016000000400000006, 18.99041628245837
2025-03-31 14:30:34,496 - 2025-03-31T14:30:34.496167, 0.930868121393654, 0.0, -0.44066081029628457, 71.58838371785303, -23.238498681016274, -59.35032728825786, 0.0016000000400000006, 18.411616282146966
2025-03-31 14:30:34,535 - 2025-03-31T14:30:34.535416, 0.9364816874156312, 0.0, -0.44234243942213425, 72.04418371809984, -23.052942002933154, -59.3006638026914, 0.0016000000400000006, 17.955816281900155
2025-03-31 14:30:34,595 - 2025-03-31T14:30:34.595646, 0.9437974485336054, 0.0, -0.4440743860912715, 72.66838371844017, -22.811564178388714, -59.250999741370535, 0.0016000000400000006, 17.331616281559832
2025-03-31 14:30:34,635 - 2025-03-31T14:30:34.635850, 0.9492835923923288, 0.0, -0.4447006652314238, 73.0903837186718, -22.631204286148435, -59.23579143084528, 0.0016000000400000006, 16.909616281328198
2025-03-31 14:30:34,678 - 2025-03-31T14:30:34.678086, 0.9548668581501252, 0.0, -0.44581742101395605, 73.5161837189068, -22.44718731116625, -59.20460668550753, 0.0016000000400000006, 16.483816281093198
2025-03-31 14:30:34,716 - 2025-03-31T14:30:34.716470, 0.9601084406674159, 0.0, -0.4471649419653452, 73.82068371907565, -22.27414216016416, -59.16553009814594, 0.0016000000400000006, 16.179316280924354
2025-03-31 14:30:34,756 - 2025-03-31T14:30:34.756363, 0.9651344081479398, 0.0, -0.4484532163478878, 74.12018371924239, -22.108218999635458, -59.12818596465008, 0.0016000000400000006, 15.879816280757607
2025-03-31 14:30:34,795 - 2025-03-31T14:30:34.795255, 0.9705688805038615, 0.0, -0.44943632886063645, 74.45598371943014, -21.929206635485688, -59.101235978594254, 0.0016000000400000006, 15.544016280569863
2025-03-31 14:30:34,855 - 2025-03-31T14:30:34.855533, 0.9785239116660902, 0.0, -0.4512047969004849, 74.85148371965231, -21.66684776529634, -59.050994240733345, 0.0016000000400000006, 15.148516280347692
2025-03-31 14:30:34,896 - 2025-03-31T14:30:34.896250, 0.9836015506494165, 0.0, -0.4521362379104312, 75.01638371974532, -21.499577076677113, -59.02539178276805, 0.0016000000400000006, 14.98361628025468
2025-03-31 14:30:34,937 - 2025-03-31T14:30:34.937439, 0.9888279830346165, 0.0, -0.45320132219016207, 75.28218371989563, -21.327301777225493, -58.99555456552079, 0.0016000000400000006, 14.717816280104374
2025-03-31 14:30:34,975 - 2025-03-31T14:30:34.975740, 0.9943217019593855, 0.0, -0.453968819666144, 75.42768371997812, -21.146556959209967, -58.97572656993835, 0.0016000000400000006, 14.57231628002188
2025-03-31 14:30:35,035 - 2025-03-31T14:30:35.035384, 1.0015706414424672, 0.0, -0.45577516303621834, 75.66238372011156, -20.907296514306502, -58.92356020320129, 0.0016000000400000006, 14.337616279888437
2025-03-31 14:30:35,075 - 2025-03-31T14:30:35.075909, 1.0070795104993264, 0.0, -0.45682509718385855, 75.9671837202855, -20.725781844740524, -58.89449283750451, 0.0016000000400000006, 14.032816279714496
2025-03-31 14:30:35,115 - 2025-03-31T14:30:35.115260, 1.0121130530458955, 0.0, -0.45825458990223034, 76.1184837203721, -20.55947375843659, -58.85252901895147, 0.0016000000400000006, 13.881516279627903
2025-03-31 14:30:35,156 - 2025-03-31T14:30:35.156421, 1.0171465955924641, 0.0, -0.4596840826206017, 76.3042837204787, -20.393165672132675, -58.81056520039846, 0.0016000000400000006, 13.695716279521307
2025-03-31 14:30:35,198 - 2025-03-31T14:30:35.197964, 1.023411873871758, 0.0, -0.4589939463420194, 76.47658372057779, -20.18855200152639, -58.839243610039155, 0.0016000000400000006, 13.523416279422207
2025-03-31 14:30:35,235 - 2025-03-31T14:30:35.235931, 1.028765728420212, 0.0, -0.461114380607448, 76.4176837205439, -20.011079916231935, -58.77495121775069, 0.0016000000400000006, 13.582316279456094
2025-03-31 14:30:35,276 - 2025-03-31T14:30:35.275995, 1.0341774755779976, 0.0, -0.4616738381127079, 76.766383720745, -19.833222329407874, -58.761860286866415, 0.0016000000400000006, 13.233616279255003
2025-03-31 14:30:35,335 - 2025-03-31T14:30:35.335406, 1.0418576451346135, 0.0, -0.46359867462047655, 76.7552837207386, -19.579717903557622, -58.706229012397856, 0.0016000000400000006, 13.244716279261397
2025-03-31 14:30:35,375 - 2025-03-31T14:30:35.375279, 1.0471357490226154, 0.0, -0.46430692552761066, 76.97188372086397, -19.406095076015497, -58.68813347068119, 0.0016000000400000006, 13.028116279136029
2025-03-31 14:30:35,415 - 2025-03-31T14:30:35.415583, 1.0521692915691845, 0.0, -0.4657364182459829, 77.01448372088868, -19.23978698971156, -58.64616965212814, 0.0016000000400000006, 12.985516279111325
2025-03-31 14:30:35,475 - 2025-03-31T14:30:35.475398, 1.0597309679881057, 0.0, -0.4680924848272845, 77.11668372094799, -18.989747471592814, -58.57629439671282, 0.0016000000400000006, 12.88331627905201
2025-03-31 14:30:35,516 - 2025-03-31T14:30:35.516153, 1.0652322619789198, 0.0, -0.469001200639096, 77.25278372102716, -18.80861772780206, -58.5518467160732, 0.0016000000400000006, 12.747216278972843
2025-03-31 14:30:35,555 - 2025-03-31T14:30:35.555330, 1.0710159926413922, 0.0, -0.469894766318816, 77.34918372108329, -18.618248613896967, -58.52816888698407, 0.0016000000400000006, 12.650816278916707
2025-03-31 14:30:35,595 - 2025-03-31T14:30:35.595413, 1.0762059036558815, 0.0, -0.47159912064280185, 77.38978372110698, -18.44655099098538, -58.477350624091905, 0.0016000000400000006, 12.61021627889302
2025-03-31 14:30:35,638 - 2025-03-31T14:30:35.637976, 1.0816176508136675, 0.0, -0.4721585781480617, 77.4021837211142, -18.26869340416131, -58.46425969320762, 0.0016000000400000006, 12.597816278885801
2025-03-31 14:30:35,676 - 2025-03-31T14:30:35.675991, 1.0866511933602365, 0.0, -0.47358807086643306, 77.44628372113992, -18.102385317857383, -58.42229587465461, 0.0016000000400000006, 12.55371627886008
2025-03-31 14:30:35,716 - 2025-03-31T14:30:35.716360, 1.092368102387817, 0.0, -0.4745560332470915, 77.44608372113981, -17.914133583593255, -58.39611574014924, 0.0016000000400000006, 12.553916278860186
2025-03-31 14:30:35,755 - 2025-03-31T14:30:35.755883, 1.0975201380720803, 0.0, -0.4755542958919303, 77.39298372110883, -17.74436058955783, -58.368395902542964, 0.0016000000400000006, 12.607016278891166
2025-03-31 14:30:35,795 - 2025-03-31T14:30:35.795251, 1.1028815676865795, 0.0, -0.4778159484931881, 77.26158372103225, -17.56650357848813, -58.29948382519733, 0.0016000000400000006, 12.738416278967748
2025-03-31 14:30:35,835 - 2025-03-31T14:30:35.835464, 1.1083525614132124, 0.0, -0.4781597909616817, 77.16698372097724, -17.38691353779833, -58.293514884786426, 0.0016000000400000006, 12.833016279022758
2025-03-31 14:30:35,876 - 2025-03-31T14:30:35.876648, 1.1133571576551158, 0.0, -0.4803697720601372, 77.03258372089917, -17.220798202259196, -58.22595033553131, 0.0016000000400000006, 12.967416279100831
2025-03-31 14:30:35,915 - 2025-03-31T14:30:35.915510, 1.119230435150615, 0.0, -0.4816125960464084, 77.01778372089059, -17.02715693138746, -58.19091575668685, 0.0016000000400000006, 12.982216279109409
2025-03-31 14:30:35,955 - 2025-03-31T14:30:35.955551, 1.1247090039432939, 0.0, -0.4820976568507316, 76.86768372080361, -16.84718196492239, -58.18032713121876, 0.0016000000400000006, 13.13231627919639
2025-03-31 14:30:35,995 - 2025-03-31T14:30:35.995792, 1.1305457600680824, 0.0, -0.48397975088125733, 76.72988372072389, -16.65411837059068, -58.1243115067294, 0.0016000000400000006, 13.270116279276111
2025-03-31 14:30:36,055 - 2025-03-31T14:30:36.055291, 1.1380178896539759, 0.0, -0.4859865591560082, 76.54248372061576, -16.407351009438607, -58.06579300106941, 0.0016000000400000006, 13.457516279384237
2025-03-31 14:30:36,095 - 2025-03-31T14:30:36.095919, 1.1432897724354474, 0.0, -0.4878989534507152, 76.33828372049824, -16.23276615533559, -58.008237673479094, 0.0016000000400000006, 13.66171627950176
2025-03-31 14:30:36,138 - 2025-03-31T14:30:36.138165, 1.1488730381932437, 0.0, -0.48901570923324744, 76.22688372043426, -16.048749180353404, -57.97705292814134, 0.0016000000400000006, 13.773116279565741
2025-03-31 14:30:36,196 - 2025-03-31T14:30:36.196224, 1.1562859212102907, 0.0, -0.49123813254476456, 75.92558372026173, -15.803714273067065, -57.91141243200799, 0.0016000000400000006, 14.074416279738275
2025-03-31 14:30:36,235 - 2025-03-31T14:30:36.235875, 1.161869186968087, 0.0, -0.4923548883272977, 75.90498372024994, -15.61969729808488, -57.88022768667021, 0.0016000000400000006, 14.095016279750057
2025-03-31 14:30:36,295 - 2025-03-31T14:30:36.295381, 1.169081605080458, 0.0, -0.4948005017416275, 75.6745837201185, -15.38101452972144, -57.80708027428821, 0.0016000000400000006, 14.325416279881493
2025-03-31 14:30:36,335 - 2025-03-31T14:30:36.335803, 1.1741302977591168, 0.0, -0.4965124311316571, 75.57098372005956, -15.213936591867068, -57.75587708562086, 0.0016000000400000006, 14.42901627994044
2025-03-31 14:30:36,375 - 2025-03-31T14:30:36.375852, 1.1793567301443177, 0.0, -0.4975775154113884, 75.41918371997332, -15.041661292415426, -57.72603986837358, 0.0016000000400000006, 14.58081628002668
2025-03-31 14:30:36,415 - 2025-03-31T14:30:36.415518, 1.1846210378597437, 0.0, -0.4993486913702654, 75.235183719869, -14.867461364087653, -57.67310422584047, 0.0016000000400000006, 14.764816280131
2025-03-31 14:30:36,456 - 2025-03-31T14:30:36.456498, 1.1903530970194143, 0.0, -0.5005990904225817, 74.96078371971393, -14.678439778273074, -57.63768472122078, 0.0016000000400000006, 15.03921628028607
2025-03-31 14:30:36,495 - 2025-03-31T14:30:36.495335, 1.1958027195074261, 0.0, -0.501864639606989, 74.81818371963355, -14.498657562572845, -57.6014953650506, 0.0016000000400000006, 15.181816280366448
2025-03-31 14:30:36,535 - 2025-03-31T14:30:36.535433, 1.2008224658814193, 0.0, -0.5043570573771037, 74.65238371954031, -14.331772375483261, -57.524691445681135, 0.0016000000400000006, 15.34761628045969
2025-03-31 14:30:36,576 - 2025-03-31T14:30:36.576104, 1.2062569382373418, 0.0, -0.5053401698898523, 74.47168371943893, -14.152760011333463, -57.4977414596253, 0.0016000000400000006, 15.528316280561071
2025-03-31 14:30:36,615 - 2025-03-31T14:30:36.615337, 1.2113648774848476, 0.0, -0.5068364842431157, 74.23168371930464, -13.983949619613348, -57.45366026143132, 0.0016000000400000006, 15.768316280695359
2025-03-31 14:30:36,655 - 2025-03-31T14:30:36.655927, 1.21649554193049, 0.0, -0.5087564536038682, 74.12718371924629, -13.813984450567496, -57.39572000806576, 0.0016000000400000006, 15.87281628075371
2025-03-31 14:30:36,695 - 2025-03-31T14:30:36.695213, 1.2220044109873487, 0.0, -0.509806387751508, 74.05208371920442, -13.632469781001532, -57.366652642369, 0.0016000000400000006, 15.947916280795583
2025-03-31 14:30:36,735 - 2025-03-31T14:30:36.735477, 1.2270758288641437, 0.0, -0.5119419721490264, 73.92568371913403, -13.464237065821436, -57.30159039853008, 0.0016000000400000006, 16.074316280865972
2025-03-31 14:30:36,776 - 2025-03-31T14:30:36.776322, 1.2322581648125874, 0.0, -0.5135051081371826, 73.7285837190245, -13.292924368685092, -57.255391820695095, 0.0016000000400000006, 16.2714162809755
2025-03-31 14:30:36,816 - 2025-03-31T14:30:36.815975, 1.237396404324274, 0.0, -0.5155662958337635, 73.54338371892185, -13.12257427386404, -57.1928318822724, 0.0016000000400000006, 16.456616281078155
2025-03-31 14:30:36,875 - 2025-03-31T14:30:36.875264, 1.244868533910168, 0.0, -0.5175731041085143, 73.32758371880254, -12.875806912711958, -57.13431337661241, 0.0016000000400000006, 16.672416281197457
2025-03-31 14:30:36,935 - 2025-03-31T14:30:36.935337, 1.2523785388262878, 0.0, -0.5202860040624127, 73.10948371868231, -12.62711492268371, -57.05269644566651, 0.0016000000400000006, 16.890516281317687
2025-03-31 14:30:36,975 - 2025-03-31T14:30:36.975294, 1.2574575317691283, 0.0, -0.5225628067957606, 72.9668837186039, -12.45849728172837, -56.98301451677042, 0.0016000000400000006, 17.033116281396104
2025-03-31 14:30:37,017 - 2025-03-31T14:30:37.017456, 1.263063522725059, 0.0, -0.5241032175857807, 72.90008371856719, -12.273325529420532, -56.93797071626115, 0.0016000000400000006, 17.09991628143281
2025-03-31 14:30:37,077 - 2025-03-31T14:30:37.077221, 1.2705280772449083, 0.0, -0.5259688075247024, 72.680883718447, -12.02694309404366, -56.88407189565834, 0.0016000000400000006, 17.319116281552994
2025-03-31 14:30:37,135 - 2025-03-31T14:30:37.135551, 1.277822467124261, 0.0, -0.528622460909753, 72.4807837183376, -11.785373094488818, -56.80418741857821, 0.0016000000400000006, 17.519216281662395
2025-03-31 14:30:37,195 - 2025-03-31T14:30:37.195461, 1.2854006476347877, 0.0, -0.5326063258861149, 72.1460837181552, -11.533216772483478, -56.68099332211775, 0.0016000000400000006, 17.853916281844803
2025-03-31 14:30:37,235 - 2025-03-31T14:30:37.235404, 1.2905678334511408, 0.0, -0.533887025202612, 72.08488371812194, -11.3626739268976, -56.64403411439713, 0.0016000000400000006, 17.915116281878056
2025-03-31 14:30:37,276 - 2025-03-31T14:30:37.276147, 1.2958913877354141, 0.0, -0.5354425861247227, 71.91738371803102, -11.18674154470407, -56.59822046233738, 0.0016000000400000006, 18.08261628196898
2025-03-31 14:30:37,335 - 2025-03-31T14:30:37.335896, 1.303527460855273, 0.0, -0.5378654743409168, 71.58958371785367, -10.934199721169115, -56.52622782728109, 0.0016000000400000006, 18.41041628214633
2025-03-31 14:30:37,375 - 2025-03-31T14:30:37.375453, 1.3086732754330046, 0.0, -0.5400678803733272, 71.39518371774884, -10.76346470057284, -56.45904820380121, 0.0016000000400000006, 18.604816282251164
2025-03-31 14:30:37,415 - 2025-03-31T14:30:37.415602, 1.3140195549154132, 0.0, -0.5420470963029262, 71.29488371769484, -10.586377541053622, -56.39937549656993, 0.0016000000400000006, 18.705116282305156
2025-03-31 14:30:37,455 - 2025-03-31T14:30:37.455482, 1.3193506842657317, 0.0, -0.5437438755608666, 71.04408371756014, -10.41006023308487, -56.348942159452996, 0.0016000000400000006, 18.95591628243986
2025-03-31 14:30:37,495 - 2025-03-31T14:30:37.495801, 1.3246818136160496, 0.0, -0.5454406548188064, 70.96628371751844, -10.233742925116118, -56.29850882233608, 0.0016000000400000006, 19.033716282481564
2025-03-31 14:30:37,536 - 2025-03-31T14:30:37.536945, 1.3299095999607649, 0.0, -0.5478511008219389, 70.84588371745399, -10.06012067332837, -56.22459213415804, 0.0016000000400000006, 19.154116282546013
2025-03-31 14:30:37,595 - 2025-03-31T14:30:37.595323, 1.3374788514457316, 0.0, -0.5503483857390696, 70.57358371730855, -9.80969622943438, -56.15009719368555, 0.0016000000400000006, 19.42641628269145
2025-03-31 14:30:37,655 - 2025-03-31T14:30:37.655415, 1.3446698983194807, 0.0, -0.5537157058693123, 70.28868371715693, -9.570821286060557, -56.046729365544316, 0.0016000000400000006, 19.71131628284307
2025-03-31 14:30:37,695 - 2025-03-31T14:30:37.695563, 1.349785412633032, 0.0, -0.5553532385584057, 70.16978371709382, -9.401625968565199, -55.99802848229312, 0.0016000000400000006, 19.83021628290618
2025-03-31 14:30:37,755 - 2025-03-31T14:30:37.755849, 1.3575778542208106, 0.0, -0.5580509883802129, 69.9188837169609, -9.1436946084226, -55.91718140289772, 0.0016000000400000006, 20.081116283039094
2025-03-31 14:30:37,815 - 2025-03-31T14:30:37.815275, 1.365036187634129, 0.0, -0.5611207217067067, 69.76128371687763, -8.89635014648485, -55.82382279642129, 0.0016000000400000006, 20.238716283122372
2025-03-31 14:30:37,875 - 2025-03-31T14:30:37.875488, 1.3726205892511856, 0.0, -0.5639004432954962, 69.51588371674829, -8.645155851040421, -55.740088485834455, 0.0016000000400000006, 20.48411628325171
2025-03-31 14:30:37,936 - 2025-03-31T14:30:37.936061, 1.3800196760956567, 0.0, -0.5671857916587566, 69.26818371661814, -8.399543842968427, -55.63960788888465, 0.0016000000400000006, 20.73181628338186
2025-03-31 14:30:37,975 - 2025-03-31T14:30:37.975515, 1.3853583805120202, 0.0, -0.5690237892525261, 69.1250837165431, -8.222841609224439, -55.58455486671054, 0.0016000000400000006, 20.874916283456898
2025-03-31 14:30:38,035 - 2025-03-31T14:30:38.035892, 1.3921106222461908, 0.0, -0.5721313979092453, 68.91208371643168, -7.9985955725726114, -55.489271631357965, 0.0016000000400000006, 21.08791628356832
2025-03-31 14:30:38,075 - 2025-03-31T14:30:38.075263, 1.397145518752275, 0.0, -0.5749062523510187, 68.68718371631434, -7.830940533932541, -55.40322834187414, 0.0016000000400000006, 21.312816283685663
2025-03-31 14:30:38,115 - 2025-03-31T14:30:38.115632, 1.4023278547007183, 0.0, -0.5764693883391745, 68.53248371623378, -7.659627836796211, -55.35702976403916, 0.0016000000400000006, 21.467516283766216
2025-03-31 14:30:38,155 - 2025-03-31T14:30:38.155657, 1.4074585191463602, 0.0, -0.5783893576999266, 68.43368371618244, -7.489662667750373, -55.299089510673625, 0.0016000000400000006, 21.566316283817557
2025-03-31 14:30:38,215 - 2025-03-31T14:30:38.215359, 1.4145827443852177, 0.0, -0.5818310745311064, 68.20918371606595, -7.252905104017508, -55.193219377116186, 0.0016000000400000006, 21.79081628393405
2025-03-31 14:30:38,275 - 2025-03-31T14:30:38.275448, 1.4223235144701944, 0.0, -0.5848856577255095, 67.99658371595595, -6.996321271965428, -55.100630622190224, 0.0016000000400000006, 22.00341628404405
2025-03-31 14:30:38,336 - 2025-03-31T14:30:38.335988, 1.4300491344230806, 0.0, -0.5876578042482543, 67.90448371590837, -6.740507291463814, -55.017281237378604, 0.0016000000400000006, 22.09551628409163
2025-03-31 14:30:38,396 - 2025-03-31T14:30:38.396285, 1.437404124830795, 0.0, -0.5914412043199397, 67.55188371572672, -6.495857885707103, -54.90043927984107, 0.0016000000400000006, 22.448116284273283
2025-03-31 14:30:38,455 - 2025-03-31T14:30:38.455333, 1.444929279879005, 0.0, -0.5944365409454964, 67.40148371564943, -6.246396044128396, -54.80958297878084, 0.0016000000400000006, 22.598516284350566
2025-03-31 14:30:38,496 - 2025-03-31T14:30:38.496916, 1.450305859625594, 0.0, -0.5969806302184129, 67.22168371555726, -6.067769181508261, -54.73143153132085, 0.0016000000400000006, 22.778316284442738
2025-03-31 14:30:38,535 - 2025-03-31T14:30:38.535616, 1.4557113856768495, 0.0, -0.5987442311112448, 67.31238371560376, -5.888949568123309, -54.678880814562966, 0.0016000000400000006, 22.687616284396242
2025-03-31 14:30:38,575 - 2025-03-31T14:30:38.575772, 1.4608282539499151, 0.0, -0.6017271255237393, 67.13118371551093, -5.718407298291837, -54.586100460381, 0.0016000000400000006, 22.86881628448907
2025-03-31 14:30:38,636 - 2025-03-31T14:30:38.635961, 1.467238812443581, 0.0, -0.6050654993493159, 67.03058371545951, -5.5051330856200735, -54.48292538300457, 0.0016000000400000006, 22.969416284540486
2025-03-31 14:30:38,675 - 2025-03-31T14:30:38.675285, 1.472325380452466, 0.0, -0.607483520418493, 67.0070837154475, -5.336130518889526, -54.4086237690513, 0.0016000000400000006, 22.992916284552507
2025-03-31 14:30:38,715 - 2025-03-31T14:30:38.715881, 1.4779540966065334, 0.0, -0.6094475862160014, 66.93728371541184, -5.1498039892559575, -54.3497209133705, 0.0016000000400000006, 23.062716284588163
2025-03-31 14:30:38,775 - 2025-03-31T14:30:38.775342, 1.485643195188708, 0.0, -0.6128590027830008, 66.82638371535528, -4.894567685294398, -54.24539048291396, 0.0016000000400000006, 23.173616284644723
2025-03-31 14:30:38,835 - 2025-03-31T14:30:38.835858, 1.4934948833453334, 0.0, -0.6153411375680413, 66.73928371531086, -4.634903871286056, -54.171665393991944, 0.0016000000400000006, 23.26071628468914
2025-03-31 14:30:38,895 - 2025-03-31T14:30:38.895373, 1.5002698502776397, 0.0, -0.6188724012322488, 66.57218371522585, -4.409503057308527, -54.06252310346784, 0.0016000000400000006, 23.427816284774153
2025-03-31 14:30:38,956 - 2025-03-31T14:30:38.956093, 1.5078101554579404, 0.0, -0.6221501745294638, 66.5883837152341, -4.159271364179354, -53.96242743229326, 0.0016000000400000006, 23.4116162847659
2025-03-31 14:30:39,015 - 2025-03-31T14:30:39.015712, 1.5154689537759345, 0.0, -0.6249967177531452, 66.57278371522615, -3.905574763318704, -53.87657574206546, 0.0016000000400000006, 23.42721628477385
2025-03-31 14:30:39,076 - 2025-03-31T14:30:39.076057, 1.5223851390440708, 0.0, -0.6285204063513081, 66.5956837152378, -3.6755542642839742, -53.76781837731656, 0.0016000000400000006, 23.404316284762203
2025-03-31 14:30:39,137 - 2025-03-31T14:30:39.137155, 1.529390871145234, 0.0, -0.6323933532560209, 66.58968371523476, -3.4422616082826067, -53.64770426281237, 0.0016000000400000006, 23.410316284765244
2025-03-31 14:30:39,196 - 2025-03-31T14:30:39.196568, 1.5364028243529284, 0.0, -0.635062156773162, 66.5602837152198, -3.2099309788420953, -53.567049934181775, 0.0016000000400000006, 23.439716284780204
2025-03-31 14:30:39,236 - 2025-03-31T14:30:39.235978, 1.5417856252060482, 0.0, -0.6364021026585065, 66.56078371522005, -3.032266142782838, -53.5283582725954, 0.0016000000400000006, 23.439216284779945
2025-03-31 14:30:39,295 - 2025-03-31T14:30:39.295482, 1.5489250005769963, 0.0, -0.640126256161345, 66.54878371521397, -2.7947387274994995, -53.4132487689236, 0.0016000000400000006, 23.45121628478603
2025-03-31 14:30:39,336 - 2025-03-31T14:30:39.336025, 1.5540935403528637, 0.0, -0.6427523172012433, 66.53878371520888, -2.622848929577515, -53.3322100902722, 0.0016000000400000006, 23.46121628479112
2025-03-31 14:30:39,375 - 2025-03-31T14:30:39.375382, 1.5594839162720286, 0.0, -0.6442334814224173, 66.58538371523255, -2.444799167743035, -53.28889874362865, 0.0016000000400000006, 23.414616284767447
2025-03-31 14:30:39,435 - 2025-03-31T14:30:39.435946, 1.5665564700080847, 0.0, -0.6480320316261929, 66.59338371523663, -2.209389132100661, -53.17128693454065, 0.0016000000400000006, 23.406616284763377
2025-03-31 14:30:39,495 - 2025-03-31T14:30:39.495476, 1.574058899858159, 0.0, -0.6506037132442613, 66.55038371521479, -1.9610820678476557, -53.094289688651955, 0.0016000000400000006, 23.449616284785208
2025-03-31 14:30:39,535 - 2025-03-31T14:30:39.535798, 1.579063496100062, 0.0, -0.6528136943427172, 66.55978371521955, -1.7949667323085379, -53.02672513939683, 0.0016000000400000006, 23.440216284780448
2025-03-31 14:30:39,576 - 2025-03-31T14:30:39.576331, 1.5841790104136133, 0.0, -0.6544512270318101, 66.55938371521934, -1.6257714148131797, -52.97802425614566, 0.0016000000400000006, 23.44061628478066
2025-03-31 14:30:39,635 - 2025-03-31T14:30:39.635684, 1.5910738244431282, 0.0, -0.6588966223458863, 66.41668371514687, -1.3955587407680454, -52.83904647563751, 0.0016000000400000006, 23.583316284853126
2025-03-31 14:30:39,675 - 2025-03-31T14:30:39.675838, 1.5970945413809887, 0.0, -0.6589277278785404, 66.50538371519191, -1.1982598113999714, -52.84385660844188, 0.0016000000400000006, 23.49461628480809
2025-03-31 14:30:39,735 - 2025-03-31T14:30:39.735460, 1.603476153569988, 0.0, -0.6630465900842006, 66.51218371519536, -0.9851783494930331, -52.715080800363374, 0.0016000000400000006, 23.487816284804637
2025-03-31 14:30:39,795 - 2025-03-31T14:30:39.795310, 1.6103696136399885, 0.0, -0.6661466236748748, 66.5602837152198, -0.7563126277840126, -52.62018249078603, 0.0016000000400000006, 23.439716284780204
2025-03-31 14:30:39,855 - 2025-03-31T14:30:39.855923, 1.6180876585268296, 0.0, -0.66877755186179, 66.59288371523637, -0.500883573057628, -52.54145279103159, 0.0016000000400000006, 23.40711628476363
2025-03-31 14:30:39,915 - 2025-03-31T14:30:39.915448, 1.6253758272996515, 0.0, -0.672635348634413, 66.59938371523968, -0.25835154694189555, -52.42210852807784, 0.0016000000400000006, 23.400616284760318
2025-03-31 14:30:39,975 - 2025-03-31T14:30:39.975427, 1.6325227777366451, 0.0, -0.6765007204730806, 66.74438371531349, -0.020439205883313605, -52.30237933934888, 0.0016000000400000006, 23.25561628468651
2025-03-31 14:30:40,035 - 2025-03-31T14:30:40.035390, 1.6401009582471704, 0.0, -0.6804845854494426, 66.67408371527767, 0.23171711612197754, -52.17918524288842, 0.0016000000400000006, 23.325916284722325
2025-03-31 14:30:40,075 - 2025-03-31T14:30:40.075705, 1.6456249774361202, 0.0, -0.681816956268742, 66.7791837153312, 0.4140016372384352, -52.140878507077275, 0.0016000000400000006, 23.2208162846688
2025-03-31 14:30:40,135 - 2025-03-31T14:30:40.135703, 1.6526520807759049, 0.0, -0.6847681964575414, 66.81948371535177, 0.6471021182293981, -52.05098480833234, 0.0016000000400000006, 23.180516284648235
2025-03-31 14:30:40,175 - 2025-03-31T14:30:40.175792, 1.6587699196128378, 0.0, -0.6852897786325753, 66.9283837154073, 0.8480581303393606, -52.039818506324224, 0.0016000000400000006, 23.071616284592693
2025-03-31 14:30:40,235 - 2025-03-31T14:30:40.235359, 1.665983691684723, 0.0, -0.6890807537703063, 66.91518371540056, 1.0880878510388925, -51.92259162301145, 0.0016000000400000006, 23.08481628459944
2025-03-31 14:30:40,295 - 2025-03-31T14:30:40.295202, 1.6734206538594196, 0.0, -0.6930721938127133, 66.9526837154197, 1.3356244879870331, -51.79901260077576, 0.0016000000400000006, 23.047316284580305
2025-03-31 14:30:40,335 - 2025-03-31T14:30:40.335880, 1.6787076867729813, 0.0, -0.6952670247790786, 66.88338371538434, 1.510979193640516, -51.73221790307111, 0.0016000000400000006, 23.11661628461566
2025-03-31 14:30:40,395 - 2025-03-31T14:30:40.395762, 1.6860248018504698, 0.0, -0.6983443331716179, 66.94798371541731, 1.7537039705210589, -51.63847437081944, 0.0016000000400000006, 23.05201628458269
2025-03-31 14:30:40,455 - 2025-03-31T14:30:40.455772, 1.6937063253665996, 0.0, -0.7016145314027877, 66.93198371540913, 2.0085553487074037, -51.53876362542009, 0.0016000000400000006, 23.06801628459087
2025-03-31 14:30:40,495 - 2025-03-31T14:30:40.495750, 1.6989189615792242, 0.0, -0.703742540734261, 66.96428371542564, 2.181407748944679, -51.474086307356416, 0.0016000000400000006, 23.035716284574363
2025-03-31 14:30:40,555 - 2025-03-31T14:30:40.555413, 1.7061024333869281, 0.0, -0.7069686425286745, 66.9230837154046, 2.419897766543272, -51.37533816427234, 0.0016000000400000006, 23.0769162845954
2025-03-31 14:30:40,595 - 2025-03-31T14:30:40.595486, 1.7114411378032917, 0.0, -0.708806640122444, 66.87918371538221, 2.5966000002872605, -51.32028514209824, 0.0016000000400000006, 23.12081628461779
2025-03-31 14:30:40,655 - 2025-03-31T14:30:40.655496, 1.7186170345449505, 0.0, -0.7118915235810275, 66.87488371538, 2.8347050921106316, -51.22615668407136, 0.0016000000400000006, 23.125116284620006
2025-03-31 14:30:40,715 - 2025-03-31T14:30:40.715565, 1.7256592880168253, 0.0, -0.7151252004414861, 66.84798371536628, 3.0685754246520602, -51.12702361521207, 0.0016000000400000006, 23.152016284633717
2025-03-31 14:30:40,775 - 2025-03-31T14:30:40.775938, 1.7334668797366946, 0.0, -0.7181053869349521, 66.82098371535253, 3.3272766363451325, -51.03693716570231, 0.0016000000400000006, 23.179016284647474
2025-03-31 14:30:40,836 - 2025-03-31T14:30:40.836319, 1.741022335049085, 0.0, -0.7216655969038257, 66.80308371534339, 3.57827818102475, -50.92760212441338, 0.0016000000400000006, 23.19691628465661
2025-03-31 14:30:40,875 - 2025-03-31T14:30:40.875801, 1.7461013279919255, 0.0, -0.7239423996371741, 66.79308371533828, 3.7468958219800825, -50.85792019551727, 0.0016000000400000006, 23.206916284661716
2025-03-31 14:30:40,915 - 2025-03-31T14:30:40.915597, 1.7512760888743237, 0.0, -0.7253643172895003, 66.88088371538306, 3.9178235933411827, -50.81634130273949, 0.0016000000400000006, 23.119116284616936
2025-03-31 14:30:40,975 - 2025-03-31T14:30:40.975545, 1.7581998492085047, 0.0, -0.7290292242234919, 66.8456837153651, 4.148229018151127, -50.702964252933434, 0.0016000000400000006, 23.154316284634902
2025-03-31 14:30:41,016 - 2025-03-31T14:30:41.015975, 1.7635158284267325, 0.0, -0.7304435668097735, 66.89008371538775, 4.323776474569414, -50.66177028593086, 0.0016000000400000006, 23.109916284612257
2025-03-31 14:30:41,075 - 2025-03-31T14:30:41.075438, 1.770380342192067, 0.0, -0.7343240887805322, 66.79518371533936, 4.552449445513631, -50.54127124565141, 0.0016000000400000006, 23.204816284660637
2025-03-31 14:30:41,115 - 2025-03-31T14:30:41.115722, 1.7759560328838178, 0.0, -0.7352996262272349, 66.8138837153489, 4.7360814947205725, -50.51470618537084, 0.0016000000400000006, 23.186116284651106
2025-03-31 14:30:41,175 - 2025-03-31T14:30:41.175400, 1.7827537250142598, 0.0, -0.7392545448989303, 66.73688371530965, 4.962637086023797, -50.39170483967521, 0.0016000000400000006, 23.263116284690355
2025-03-31 14:30:41,236 - 2025-03-31T14:30:41.236160, 1.7906798098718224, 0.0, -0.7418035013188629, 66.74508371531383, 5.224803205448339, -50.31586237111221, 0.0016000000400000006, 23.254916284686175
2025-03-31 14:30:41,295 - 2025-03-31T14:30:41.295510, 1.7974409806315537, 0.0, -0.7463976900348133, 66.65008371526547, 5.450781120211545, -50.17187997977167, 0.0016000000400000006, 23.349916284734533
2025-03-31 14:30:41,355 - 2025-03-31T14:30:41.355866, 1.8041174717052728, 0.0, -0.7480931153332393, 66.62018371525026, 5.671177899111072, -50.12279359499084, 0.0016000000400000006, 23.379816284749737
2025-03-31 14:30:41,435 - 2025-03-31T14:30:41.435766, 1.8097172415546736, 0.0, -0.7508376695108319, 66.61878371524955, 5.857311677979816, -50.03829000860793, 0.0016000000400000006, 23.38121628475045
2025-03-31 14:30:41,495 - 2025-03-31T14:30:41.495411, 1.814728058903107, 0.0, -0.7518435072217153, 66.57138371522545, 6.022464986958056, -50.01018524522644, 0.0016000000400000006, 23.42861628477455
2025-03-31 14:30:41,575 - 2025-03-31T14:30:41.575232, 1.8216607482628482, 0.0, -0.7569949942149377, 66.49378371518601, 6.254602289879358, -49.84810903943242, 0.0016000000400000006, 23.506216284813988
2025-03-31 14:30:41,616 - 2025-03-31T14:30:41.616391, 1.826797633815021, 0.0, -0.7577108201881178, 66.40688371514192, 6.423605432364312, -49.829628571940496, 0.0016000000400000006, 23.593116284858084
2025-03-31 14:30:41,675 - 2025-03-31T14:30:41.675914, 1.8343392929548357, 0.0, -0.7623339552087343, 66.23118371505285, 6.675184077829584, -49.68545342983513, 0.0016000000400000006, 23.76881628494715
2025-03-31 14:30:41,716 - 2025-03-31T14:30:41.716044, 1.8395822294316404, 0.0, -0.765026837883525, 66.13018371500173, 6.84957618116777, -49.60229737154274, 0.0016000000400000006, 23.869816284998265
2025-03-31 14:30:41,756 - 2025-03-31T14:30:41.756169, 1.8458880909601882, 0.0, -0.7677335167308916, 65.95208371491174, 7.058808385322401, -49.519718414036, 0.0016000000400000006, 24.047916285088263
2025-03-31 14:30:41,797 - 2025-03-31T14:30:41.797070, 1.8516731755821747, 0.0, -0.7699724441340141, 65.91978371489544, 7.250524451563592, -49.45196111401606, 0.0016000000400000006, 24.080216285104555
2025-03-31 14:30:41,836 - 2025-03-31T14:30:41.835995, 1.8576752292004426, 0.0, -0.7736159798293842, 65.82768371484899, 7.450709460614291, -49.3383918891996, 0.0016000000400000006, 24.172316285151012
2025-03-31 14:30:41,875 - 2025-03-31T14:30:41.875688, 1.8633266705526452, 0.0, -0.776003700634381, 65.67998371477461, 7.6381907675735405, -49.26562997834725, 0.0016000000400000006, 24.320016285225392
2025-03-31 14:30:41,917 - 2025-03-31T14:30:41.917673, 1.8688671938331993, 0.0, -0.7789638698487402, 65.49268371468044, 7.822592092576556, -49.17400440149096, 0.0016000000400000006, 24.50731628531956
2025-03-31 14:30:41,976 - 2025-03-31T14:30:41.976323, 1.8759321725032096, 0.0, -0.7826212017166867, 65.24128371455438, 8.057617202443673, -49.061012277460144, 0.0016000000400000006, 24.758716285445615
2025-03-31 14:30:42,035 - 2025-03-31T14:30:42.035266, 1.8831383695090496, 0.0, -0.7862709585185881, 65.02908371444823, 8.297261997367983, -48.94840507920455, 0.0016000000400000006, 24.970916285551766
2025-03-31 14:30:42,095 - 2025-03-31T14:30:42.095835, 1.8903142662507086, 0.0, -0.789355841977172, 64.85258371436016, 8.535367089191354, -48.85427662117767, 0.0016000000400000006, 25.147416285639835
2025-03-31 14:30:42,155 - 2025-03-31T14:30:42.155525, 1.8965836064085448, 0.0, -0.7927017908687932, 64.68468371427652, 8.74402161680593, -48.75071661802602, 0.0016000000400000006, 25.315316285723483
2025-03-31 14:30:42,215 - 2025-03-31T14:30:42.215428, 1.9035893385097085, 0.0, -0.7965747377735068, 64.50938371418937, 8.97731427280732, -48.6306025035218, 0.0016000000400000006, 25.49061628581063
2025-03-31 14:30:42,275 - 2025-03-31T14:30:42.275388, 1.9104387021429523, 0.0, -0.8001728230726064, 64.32358371409715, 9.205217392201057, -48.51934283335672, 0.0016000000400000006, 25.676416285902846
2025-03-31 14:30:42,335 - 2025-03-31T14:30:42.335562, 1.917770967352531, 0.0, -0.803532568136804, 64.13628371400443, 9.448712020632065, -48.41635993099071, 0.0016000000400000006, 25.863716285995565
2025-03-31 14:30:42,395 - 2025-03-31T14:30:42.395403, 1.925015039688597, 0.0, -0.8078884166178515, 63.93988371390737, 9.690281444432543, -48.28065430744925, 0.0016000000400000006, 26.06011628609263
2025-03-31 14:30:42,436 - 2025-03-31T14:30:42.436320, 1.9301987295965546, 0.0, -0.8107969143294094, 63.742283713809954, 9.862941093904979, -48.19037625868346, 0.0016000000400000006, 26.257716286190046
2025-03-31 14:30:42,475 - 2025-03-31T14:30:42.475537, 1.9353596943063773, 0.0, -0.8132817570334785, 63.57568371372794, 10.034445966051742, -48.11395726508923, 0.0016000000400000006, 26.42431628627206
2025-03-31 14:30:42,535 - 2025-03-31T14:30:42.535511, 1.9428559030499206, 0.0, -0.8170575820391184, 63.243983713565136, 10.28371505686561, -47.99750023332693, 0.0016000000400000006, 26.756016286434864
2025-03-31 14:30:42,595 - 2025-03-31T14:30:42.595392, 1.950069675121806, 0.0, -0.8208485571768493, 63.05378371347207, 10.523744777565156, -47.88027335001416, 0.0016000000400000006, 26.946216286527928
2025-03-31 14:30:42,635 - 2025-03-31T14:30:42.635938, 1.9553277617307012, 0.0, -0.8238238765232988, 62.92408371340871, 10.6989067324538, -47.78787792160742, 0.0016000000400000006, 27.075916286591287
2025-03-31 14:30:42,695 - 2025-03-31T14:30:42.695653, 1.9621771253639446, 0.0, -0.8274219618223984, 62.646783713273535, 10.92680985184753, -47.676618251442335, 0.0016000000400000006, 27.353216286726465
2025-03-31 14:30:42,755 - 2025-03-31T14:30:42.755898, 1.969257254166046, 0.0, -0.831361730362004, 62.385683713146584, 11.162604813265133, -47.554386757297145, 0.0016000000400000006, 27.614316286853416
2025-03-31 14:30:42,816 - 2025-03-31T14:30:42.816023, 1.9765013265021114, 0.0, -0.8357175788430515, 62.075583712996284, 11.40417423706559, -47.41868113375569, 0.0016000000400000006, 27.924416287003716
2025-03-31 14:30:42,876 - 2025-03-31T14:30:42.876606, 1.9832473471297518, 0.0, -0.8400293308873432, 61.84528371288499, 11.629382300278316, -47.28393811252949, 0.0016000000400000006, 28.154716287115008
2025-03-31 14:30:42,915 - 2025-03-31T14:30:42.915844, 1.9889580350508016, 0.0, -0.8422014366555732, 61.65848371279491, 11.818596061103314, -47.21829819215053, 0.0016000000400000006, 28.34151628720509
2025-03-31 14:30:42,975 - 2025-03-31T14:30:42.975348, 1.9955779874747028, 0.0, -0.8468032004375687, 61.48708371271242, 12.039954290809327, -47.07393087503474, 0.0016000000400000006, 28.51291628728758
2025-03-31 14:30:43,035 - 2025-03-31T14:30:43.035365, 2.0024576513721275, 0.0, -0.8509661590799853, 61.30748371262612, 12.269397113303995, -46.94419246464096, 0.0016000000400000006, 28.692516287373873
2025-03-31 14:30:43,075 - 2025-03-31T14:30:43.075546, 2.0078115059205808, 0.0, -0.8530865933454135, 61.22788371258794, 12.446869198598435, -46.87990007235251, 0.0016000000400000006, 28.772116287412064
2025-03-31 14:30:43,135 - 2025-03-31T14:30:43.135476, 2.013207297677803, 0.0, -0.8599492044601926, 60.96758371246327, 12.630306769777341, -46.66027084198582, 0.0016000000400000006, 29.032416287536734
2025-03-31 14:30:43,175 - 2025-03-31T14:30:43.175494, 2.0191990683109973, 0.0, -0.8607607983729313, 60.850883712407466, 12.827412948380598, -46.63948024408809, 0.0016000000400000006, 29.14911628759253
2025-03-31 14:30:43,215 - 2025-03-31T14:30:43.215520, 2.0243751831529098, 0.0, -0.8635280777486596, 60.75488371236161, 12.999687672077798, -46.55382188037949, 0.0016000000400000006, 29.245116287638385
2025-03-31 14:30:43,275 - 2025-03-31T14:30:43.275601, 2.0312410508777585, 0.0, -0.8687539614428186, 60.4095837121971, 13.229707595358136, -46.38924336916929, 0.0016000000400000006, 29.590416287802906
2025-03-31 14:30:43,315 - 2025-03-31T14:30:43.315746, 2.037642680345864, 0.0, -0.870605755209164, 60.512183712245914, 13.441249929918527, -46.33476744778084, 0.0016000000400000006, 29.48781628775409
2025-03-31 14:30:43,375 - 2025-03-31T14:30:43.375924, 2.043594416420845, 0.0, -0.875951486000532, 60.177583712086886, 13.641434363214834, -46.16537707650302, 0.0016000000400000006, 29.822416287913118
2025-03-31 14:30:43,435 - 2025-03-31T14:30:43.435508, 2.0515370053700117, 0.0, -0.8801282408155253, 59.78958371190315, 13.905717286525928, -46.03621576689487, 0.0016000000400000006, 30.21041628809685
2025-03-31 14:30:43,496 - 2025-03-31T14:30:43.496174, 2.058046039722264, 0.0, -0.8853024530068829, 59.44578371174095, 14.123995534275679, -45.872984783775166, 0.0016000000400000006, 30.554216288259052
2025-03-31 14:30:43,535 - 2025-03-31T14:30:43.535920, 2.063109882533014, 0.0, -0.8872968190685722, 59.33698371168972, 14.291843323680546, -45.81254222499342, 0.0016000000400000006, 30.663016288310285
2025-03-31 14:30:43,595 - 2025-03-31T14:30:43.595574, 2.069462548417347, 0.0, -0.8921961696543166, 58.9745837115195, 14.50473203482266, -45.658165686212826, 0.0016000000400000006, 31.025416288480503
2025-03-31 14:30:43,635 - 2025-03-31T14:30:43.635339, 2.074697909828107, 0.0, -0.8947478339932777, 58.85968371146568, 14.678739212385636, -45.57962931297763, 0.0016000000400000006, 31.140316288534322
2025-03-31 14:30:43,696 - 2025-03-31T14:30:43.696123, 2.081600298923667, 0.0, -0.899334447643183, 58.66218371137326, 14.909336812205993, -45.4360318474123, 0.0016000000400000006, 31.337816288626744
2025-03-31 14:30:43,755 - 2025-03-31T14:30:43.755903, 2.0882870729824603, 0.0, -0.903861814724241, 58.4422837112706, 15.13281242155297, -45.29416683571274, 0.0016000000400000006, 31.557716288729402
2025-03-31 14:30:43,815 - 2025-03-31T14:30:43.815920, 2.0950482437421907, 0.0, -0.9084560034401914, 58.19598371115588, 15.358790336316147, -45.15018444437217, 0.0016000000400000006, 31.804016288844117
2025-03-31 14:30:43,876 - 2025-03-31T14:30:43.876659, 2.1016454709679566, 0.0, -0.9126341122146981, 57.95348371104319, 15.578993788696472, -45.01967618242794, 0.0016000000400000006, 32.04651628895681
2025-03-31 14:30:43,935 - 2025-03-31T14:30:43.935436, 2.109290473113375, 0.0, -0.916543580490123, 57.74208371094515, 15.833267490342756, -44.89898439138368, 0.0016000000400000006, 32.25791628905485
2025-03-31 14:30:43,996 - 2025-03-31T14:30:43.996474, 2.116288630148493, 0.0, -0.9202753090590066, 57.2943837107382, 16.0661752205689, -44.78348996193667, 0.0016000000400000006, 32.7056162892618
2025-03-31 14:30:44,056 - 2025-03-31T14:30:44.056439, 2.1223450631885914, 0.0, -0.9262527348285841, 57.091583710644755, 16.270401662382326, -44.593503470789166, 0.0016000000400000006, 32.908416289355245
2025-03-31 14:30:44,116 - 2025-03-31T14:30:44.116760, 2.129663532225594, 0.0, -0.930675404944524, 56.743783710484905, 16.51447339159897, -44.45568046760672, 0.0016000000400000006, 33.256216289515095
2025-03-31 14:30:44,175 - 2025-03-31T14:30:44.175527, 2.136565921321154, 0.0, -0.9352620185944294, 56.38998371032283, 16.74507099141934, -44.3120830020414, 0.0016000000400000006, 33.61001628967717
2025-03-31 14:30:44,236 - 2025-03-31T14:30:44.236298, 2.142777368869658, 0.0, -0.9401689442462189, 56.215183710242975, 16.95334001750429, -44.15732153748558, 0.0016000000400000006, 33.784816289757025
2025-03-31 14:30:44,296 - 2025-03-31T14:30:44.296812, 2.1494641429284513, 0.0, -0.9446963113272768, 55.939883710117435, 17.176815626851266, -44.01545652578601, 0.0016000000400000006, 34.060116289882565
2025-03-31 14:30:44,357 - 2025-03-31T14:30:44.357483, 2.1560689452202624, 0.0, -0.9490156384376136, 55.68218371000021, 17.39740400500682, -43.88032857878457, 0.0016000000400000006, 34.31781628999979
2025-03-31 14:30:44,415 - 2025-03-31T14:30:44.415645, 2.16161975148589, 0.0, -0.9548077494346048, 55.555583709942724, 17.584884160457264, -43.69592437500955, 0.0016000000400000006, 34.444416290057276
2025-03-31 14:30:44,476 - 2025-03-31T14:30:44.476131, 2.169033988462451, 0.0, -0.958375534469524, 55.31988370983588, 17.83126602007971, -43.58620440794539, 0.0016000000400000006, 34.68011629016412
2025-03-31 14:30:44,535 - 2025-03-31T14:30:44.535289, 2.175579544185415, 0.0, -0.962910476616627, 55.029183709704405, 18.0501219443695, -43.44395447047059, 0.0016000000400000006, 34.970816290295595
2025-03-31 14:30:44,595 - 2025-03-31T14:30:44.595274, 2.1819246350037025, 0.0, -0.9676686088665418, 54.83598370961724, 18.2626257297364, -43.29419761674718, 0.0016000000400000006, 35.16401629038276
2025-03-31 14:30:44,655 - 2025-03-31T14:30:44.655287, 2.187861220946593, 0.0, -0.9727319029862511, 54.74298370957533, 18.462040311482234, -43.13404661558371, 0.0016000000400000006, 35.25701629042467
2025-03-31 14:30:44,715 - 2025-03-31T14:30:44.715320, 2.193589766918761, 0.0, -0.9778771688729426, 54.443983709440836, 18.65471782852989, -42.97100838322882, 0.0016000000400000006, 35.556016290559164
2025-03-31 14:30:44,755 - 2025-03-31T14:30:44.755852, 2.1986170883588, 0.0, -0.9805108049788864, 54.4365837094375, 18.821987941394717, -42.88958477880217, 0.0016000000400000006, 35.5634162905625
2025-03-31 14:30:44,815 - 2025-03-31T14:30:44.815595, 2.204873986303574, 0.0, -0.9862650406456521, 54.153483709310485, 19.032566522131035, -42.70710520390329, 0.0016000000400000006, 35.846516290689515
2025-03-31 14:30:44,875 - 2025-03-31T14:30:44.875767, 2.211709553764242, 0.0, -0.9909260509964946, 53.92358370920759, 19.261046742310427, -42.56100543292176, 0.0016000000400000006, 36.07641629079241
2025-03-31 14:30:44,935 - 2025-03-31T14:30:44.935419, 2.218724214890965, 0.0, -0.996285577960438, 53.66278370909111, 19.496071276423145, -42.39219216242961, 0.0016000000400000006, 36.33721629090889
2025-03-31 14:30:44,996 - 2025-03-31T14:30:44.996875, 2.2246683758999, 0.0, -1.0014900904159765, 53.42298370898423, 19.695870783944194, -42.22742147620897, 0.0016000000400000006, 36.57701629101577
2025-03-31 14:30:45,057 - 2025-03-31T14:30:45.057290, 2.2311849853181975, 0.0, -1.0068055209431637, 53.19338370888212, 19.914533957469175, -42.059570808032085, 0.0016000000400000006, 36.80661629111788
2025-03-31 14:30:45,117 - 2025-03-31T14:30:45.117605, 2.2378125128081443, 0.0, -1.0115485030609883, 52.93888370876918, 20.13627711295043, -41.91058380585913, 0.0016000000400000006, 37.06111629123082
2025-03-31 14:30:45,175 - 2025-03-31T14:30:45.175812, 2.2438310705180164, 0.0, -1.0168198371514192, 52.706683708666354, 20.338578925887674, -41.74369573999751, 0.0016000000400000006, 37.293316291333646
2025-03-31 14:30:45,235 - 2025-03-31T14:30:45.235749, 2.2503249547381787, 0.0, -1.021711612671118, 52.57108370860638, 20.556087322086967, -41.58970412699216, 0.0016000000400000006, 37.42891629139362
2025-03-31 14:30:45,295 - 2025-03-31T14:30:45.295952, 2.256045925644302, 0.0, -1.0267156602219805, 52.50038370857517, 20.748379913359408, -41.43128557969444, 0.0016000000400000006, 37.49961629142483
2025-03-31 14:30:45,396 - 2025-03-31T14:30:45.396355, 2.261757967524866, 0.0, -1.030233127713612, 52.26878370847299, 20.938940626520505, -41.321566188384686, 0.0016000000400000006, 37.73121629152701
2025-03-31 14:30:45,476 - 2025-03-31T14:30:45.476128, 2.2669960368546542, 0.0, -1.0354755154993764, 52.11718370840621, 21.115641708755675, -41.15487087328789, 0.0016000000400000006, 37.88281629159379
2025-03-31 14:30:45,555 - 2025-03-31T14:30:45.555357, 2.2723298741240012, 0.0, -1.039863018204119, 52.03958370837207, 21.294652921396654, -41.0162785943094, 0.0016000000400000006, 37.96041629162793
2025-03-31 14:30:45,615 - 2025-03-31T14:30:45.615388, 2.278711486313, 0.0, -1.0439818804097794, 51.94378370832993, 21.50773438330357, -40.88750278623089, 0.0016000000400000006, 38.05621629167007
2025-03-31 14:30:45,675 - 2025-03-31T14:30:45.675693, 2.2859720627406706, 0.0, -1.049965527285888, 51.793783708264066, 21.7514206109906, -40.69847832164426, 0.0016000000400000006, 38.206216291735934
2025-03-31 14:30:45,716 - 2025-03-31T14:30:45.716228, 2.29123150330908, 0.0, -1.0542862083557387, 51.77938370825774, 21.92792951821535, -40.562003422306745, 0.0016000000400000006, 38.22061629174226
2025-03-31 14:30:45,776 - 2025-03-31T14:30:45.775986, 2.2988716383074816, 0.0, -1.0607451817421367, 51.56538370816389, 22.184512198758625, -40.35777237445809, 0.0016000000400000006, 38.43461629183611
2025-03-31 14:30:45,816 - 2025-03-31T14:30:45.816050, 2.304018806844728, 0.0, -1.0642929494979487, 51.4754837081245, 22.35659417169102, -40.24651328004741, 0.0016000000400000006, 38.5245162918755
2025-03-31 14:30:45,855 - 2025-03-31T14:30:45.855938, 2.30917355044802, 0.0, -1.0679819355895903, 51.5201837081441, 22.52906107039867, -40.13063450057955, 0.0016000000400000006, 38.4798162918559
2025-03-31 14:30:45,916 - 2025-03-31T14:30:45.916510, 2.3160394181728687, 0.0, -1.0732078192837498, 51.355283708071916, 22.759080993678985, -39.96605598936934, 0.0016000000400000006, 38.644716291928084
2025-03-31 14:30:45,976 - 2025-03-31T14:30:45.975987, 2.321767964145037, 0.0, -1.0783530851704413, 51.34388370806694, 22.951758510726656, -39.803017757014445, 0.0016000000400000006, 38.65611629193306
2025-03-31 14:30:46,036 - 2025-03-31T14:30:46.036001, 2.327414538350223, 0.0, -1.0832903110864112, 51.25678370802884, 23.14154879658289, -39.64671658935771, 0.0016000000400000006, 38.74321629197116
2025-03-31 14:30:46,095 - 2025-03-31T14:30:46.095545, 2.3335805355024553, 0.0, -1.087349926723225, 51.2094837080082, 23.347508268016426, -39.51967323514492, 0.0016000000400000006, 38.7905162919918
2025-03-31 14:30:46,157 - 2025-03-31T14:30:46.157281, 2.33901906973692, 0.0, -1.0923691244061775, 51.15028370798234, 23.530561489174524, -39.36048483629674, 0.0016000000400000006, 38.84971629201766
2025-03-31 14:30:46,215 - 2025-03-31T14:30:46.215376, 2.3453641605552082, 0.0, -1.0971272566560923, 51.181783707996104, 23.743065274541422, -39.21072798257334, 0.0016000000400000006, 38.818216292003896
2025-03-31 14:30:46,275 - 2025-03-31T14:30:46.275427, 2.3519613877809737, 0.0, -1.1013053654305995, 51.27398370803637, 23.963268726921733, -39.08021972062909, 0.0016000000400000006, 38.72601629196363
2025-03-31 14:30:46,335 - 2025-03-31T14:30:46.335662, 2.3579585742522253, 0.0, -1.1074984062369437, 51.26718370803343, 24.16576271486941, -38.88311123900821, 0.0016000000400000006, 38.73281629196657
2025-03-31 14:30:46,375 - 2025-03-31T14:30:46.375440, 2.3630678674592454, 0.0, -1.1103400823136087, 51.33888370806475, 24.33592005892563, -38.794950569883426, 0.0016000000400000006, 38.66111629193525
2025-03-31 14:30:46,435 - 2025-03-31T14:30:46.435370, 2.3692427936370377, 0.0, -1.1158862780096528, 51.37558370808081, 24.54361140847054, -38.6192080596827, 0.0016000000400000006, 38.62441629191919
2025-03-31 14:30:46,495 - 2025-03-31T14:30:46.495778, 2.376085936163751, 0.0, -1.1206885066963248, 51.52658370814689, 24.772476554425175, -38.46848860364399, 0.0016000000400000006, 38.47341629185311
2025-03-31 14:30:46,555 - 2025-03-31T14:30:46.555317, 2.3824461771141285, 0.0, -1.1257290756178984, 51.54378370815444, 24.985750191342497, -38.30949237980622, 0.0016000000400000006, 38.45621629184556
2025-03-31 14:30:46,616 - 2025-03-31T14:30:46.616156, 2.388806418064507, 0.0, -1.130769644539472, 51.449083708112965, 25.19902382825986, -38.15049615596846, 0.0016000000400000006, 38.550916291887035
2025-03-31 14:30:46,676 - 2025-03-31T14:30:46.675976, 2.395456670752589, 0.0, -1.1359362816647849, 51.52848370814773, 25.42192176106679, -37.98765009862397, 0.0016000000400000006, 38.47151629185227
2025-03-31 14:30:46,735 - 2025-03-31T14:30:46.735825, 2.400977176754036, 0.0, -1.1411635193184586, 51.52358370814559, 25.60786221341632, -37.82172463507765, 0.0016000000400000006, 38.47641629185441
2025-03-31 14:30:46,775 - 2025-03-31T14:30:46.775810, 2.4067912076806888, 0.0, -1.1426219583414965, 51.567483708164794, 25.799771030422328, -37.779568065759804, 0.0016000000400000006, 38.432516291835206
2025-03-31 14:30:46,835 - 2025-03-31T14:30:46.835744, 2.412260042179334, 0.0, -1.1482060293677665, 51.66968370820962, 25.984363954681335, -37.601900926682916, 0.0016000000400000006, 38.33031629179038
2025-03-31 14:30:46,895 - 2025-03-31T14:30:46.895286, 2.418969541436263, 0.0, -1.1531570514563128, 51.8446837082864, 26.208994341354014, -37.446176859811814, 0.0016000000400000006, 38.1553162917136
2025-03-31 14:30:46,955 - 2025-03-31T14:30:46.955575, 2.4256941908252827, 0.0, -1.1583905102165177, 51.87888370830142, 26.434394579577173, -37.281213422826355, 0.0016000000400000006, 38.12111629169858
2025-03-31 14:30:47,015 - 2025-03-31T14:30:47.015537, 2.4317933663426228, 0.0, -1.1625245225542682, 51.93638370832667, 26.638236671369746, -37.151667763197395, 0.0016000000400000006, 38.06361629167333
2025-03-31 14:30:47,075 - 2025-03-31T14:30:47.075389, 2.4380867856581085, 0.0, -1.1676394881767789, 52.02858370836723, 26.849392928646118, -36.990169233943426, 0.0016000000400000006, 37.97141629163277
2025-03-31 14:30:47,135 - 2025-03-31T14:30:47.135361, 2.4442755080084764, 0.0, -1.1721227588210805, 52.18038370843405, 27.056507177405358, -36.84926682455913, 0.0016000000400000006, 37.81961629156595
2025-03-31 14:30:47,195 - 2025-03-31T14:30:47.195955, 2.451185472170082, 0.0, -1.176850590806815, 52.32768370849894, 27.287489703000958, -36.70104967393664, 0.0016000000400000006, 37.67231629150106
2025-03-31 14:30:47,255 - 2025-03-31T14:30:47.255652, 2.4569077970357194, 0.0, -1.1832000000810785, 52.39888370853037, 27.4811292466095, -36.49855165570813, 0.0016000000400000006, 37.60111629146963
2025-03-31 14:30:47,295 - 2025-03-31T14:30:47.295698, 2.462736978094463, 0.0, -1.1849408757757751, 52.5101837085795, 27.67380791516598, -36.44715571627593, 0.0016000000400000006, 37.4898162914205
2025-03-31 14:30:47,355 - 2025-03-31T14:30:47.355736, 2.4685096205033883, 0.0, -1.1895880899540416, 52.6104837086238, 27.86744803452894, -36.30047884450876, 0.0016000000400000006, 37.3895162913762
2025-03-31 14:30:47,417 - 2025-03-31T14:30:47.417834, 2.4750035047235506, 0.0, -1.194479865473741, 52.8054837087101, 28.084956430728234, -36.14648723150339, 0.0016000000400000006, 37.1945162912899
2025-03-31 14:30:47,495 - 2025-03-31T14:30:47.495896, 2.481207377206009, 0.0, -1.199245572789701, 53.240183708902926, 28.29284053103796, -35.99634545200475, 0.0016000000400000006, 36.759816291097074
2025-03-31 14:30:47,575 - 2025-03-31T14:30:47.575706, 2.4869269941526175, 0.0, -1.2029042586171617, 53.436583708990305, 28.483786169974266, -35.88200637563783, 0.0016000000400000006, 36.563416291009695
2025-03-31 14:30:47,655 - 2025-03-31T14:30:47.655331, 2.492727228906695, 0.0, -1.2054256226919424, 53.57388370905147, 28.676272087765938, -35.80500970550354, 0.0016000000400000006, 36.42611629094853
2025-03-31 14:30:47,815 - 2025-03-31T14:30:47.815866, 2.497228906293156, 0.0, -1.2101410124646153, 54.09318370928347, 28.82833504161431, -35.654868501759296, 0.0016000000400000006, 35.90681629071653
2025-03-31 14:30:55,139 - 2025-03-31T14:30:55.139205, 2.503035362153764, 0.0, -1.2114582331518235, 54.64018370952905, 29.019858932845096, -35.617331617498635, 0.0016000000400000006, 35.35981629047095
2025-03-31 14:30:55,216 - 2025-03-31T14:30:55.216148, 2.5061297233289483, 0.0, -1.2136998684739746, 55.140583709754765, 29.123416057224738, -35.54688041280647, 0.0016000000400000006, 34.859416290245235
2025-03-31 14:30:55,315 - 2025-03-31T14:30:55.315234, 2.509640164445575, 0.0, -1.2157775602621603, 55.69368371000543, 29.24044731100065, -35.4822036704972, 0.0016000000400000006, 34.30631628999457
2025-03-31 14:30:55,656 - 2025-03-31T14:30:55.656511, 2.5141680802176736, 0.0, -1.2170217382079462, 56.1808837102273, 29.39000911094162, -35.44582213931662, 0.0016000000400000006, 33.8191162897727
2025-03-31 14:30:55,735 - 2025-03-31T14:30:55.735451, 2.5179685330720045, 0.0, -1.219225498199871, 56.706283710467694, 29.516664660607127, -35.37729556350064, 0.0016000000400000006, 33.293716289532306
2025-03-31 14:30:55,795 - 2025-03-31T14:30:55.795769, 2.522831910978078, 0.0, -1.221443054364372, 57.36798371077217, 29.678160311089066, -35.30934608847028, 0.0016000000400000006, 32.63201628922783
2025-03-31 14:30:55,836 - 2025-03-31T14:30:55.836388, 2.526290680591903, 0.0, -1.223877579525154, 57.90398371102018, 29.793844036774487, -35.232927670630446, 0.0016000000400000006, 32.09601628897982
2025-03-31 14:30:55,875 - 2025-03-31T14:30:55.875542, 2.5306181314593257, 0.0, -1.2253449475737512, 58.69788371138997, 29.93705369779255, -35.18903922320127, 0.0016000000400000006, 31.302116288610026
2025-03-31 14:30:55,916 - 2025-03-31T14:30:55.916107, 2.5349531573927933, 0.0, -1.226953533958178, 59.39318371171617, 30.080648284585827, -35.1405310907149, 0.0016000000400000006, 30.60681628828383
2025-03-31 14:30:55,955 - 2025-03-31T14:30:55.955605, 2.5401795897779937, 0.0, -1.2280186182379094, 60.30088371214543, 30.252923584037454, -35.11069387346764, 0.0016000000400000006, 29.699116287854576
2025-03-31 14:30:55,995 - 2025-03-31T14:30:55.995346, 2.544092314663487, 0.0, -1.2309952915438727, 61.095083712524286, 30.38400606799531, -35.01695149272481, 0.0016000000400000006, 28.904916287475714
2025-03-31 14:30:56,036 - 2025-03-31T14:30:56.035988, 2.5492064750175243, 0.0, -1.2312874625095644, 61.87068371289726, 30.551854433154574, -35.01233008040442, 0.0016000000400000006, 28.129316287102743
2025-03-31 14:30:56,075 - 2025-03-31T14:30:56.075437, 2.553520129712371, 0.0, -1.2338177556099046, 62.646783713273535, 30.69564119495827, -34.9336015321588, 0.0016000000400000006, 27.353216286726465
2025-03-31 14:30:56,115 - 2025-03-31T14:30:56.115923, 2.5588726303013103, 0.0, -1.2345928281519316, 63.41508371364907, 30.871766327916617, -34.91338861080113, 0.0016000000400000006, 26.584916286350932
2025-03-31 14:30:56,156 - 2025-03-31T14:30:56.156615, 2.5632455315650033, 0.0, -1.2369075062155055, 64.20888371404037, 31.01728554358605, -34.84178205302887, 0.0016000000400000006, 25.79111628595963
2025-03-31 14:30:56,195 - 2025-03-31T14:30:56.195485, 2.5684795390162494, 0.0, -1.2381138088310655, 64.94198371440476, 31.189945768812926, -34.807325150724445, 0.0016000000400000006, 25.058016285595244
2025-03-31 14:30:56,236 - 2025-03-31T14:30:56.236427, 2.574166147779649, 0.0, -1.238516897868406, 65.77068371482027, 31.37665779997611, -34.79962375644781, 0.0016000000400000006, 24.229316285179735
2025-03-31 14:30:56,275 - 2025-03-31T14:30:56.275304, 2.579810014065806, 0.0, -1.2407634003375732, 66.57538371522747, 31.563754181160135, -34.731481530652644, 0.0016000000400000006, 23.424616284772526
2025-03-31 14:30:56,315 - 2025-03-31T14:30:56.315447, 2.584717488408636, 0.0, -1.2424829047936488, 67.35808371562717, 31.726212433957357, -34.67989341621002, 0.0016000000400000006, 22.641916284372826
2025-03-31 14:30:56,356 - 2025-03-31T14:30:56.356568, 2.5898254276561428, 0.0, -1.2439792191469126, 68.19918371606077, 31.8950228256775, -34.63581221801602, 0.0016000000400000006, 21.800816283939227
2025-03-31 14:30:56,395 - 2025-03-31T14:30:56.395423, 2.595645679689327, 0.0, -1.2442335147823789, 68.95658371645494, 32.08596961612265, -34.63311543457177, 0.0016000000400000006, 21.043416283545056
2025-03-31 14:30:56,435 - 2025-03-31T14:30:56.435408, 2.6010360556084917, 0.0, -1.245714679003552, 69.6269837168068, 32.26401937795713, -34.58980408792824, 0.0016000000400000006, 20.373016283193195
2025-03-31 14:30:56,479 - 2025-03-31T14:30:56.479258, 2.6069382794086584, 0.0, -1.24617701460974, 70.31448371717065, 32.457853399593716, -34.58037023978584, 0.0016000000400000006, 19.685516282829354
2025-03-31 14:30:56,516 - 2025-03-31T14:30:56.516389, 2.612292133957112, 0.0, -1.2482974488751681, 70.90948371748802, 32.63532548488816, -34.51607784749739, 0.0016000000400000006, 19.090516282511985
2025-03-31 14:30:56,555 - 2025-03-31T14:30:56.555921, 2.617236129670654, 0.0, -1.2493776832869887, 71.48388371779664, 32.79836141422544, -34.48547077869969, 0.0016000000400000006, 18.516116282203356
2025-03-31 14:30:56,595 - 2025-03-31T14:30:56.595411, 2.6225218086247013, 0.0, -1.2502271525299529, 72.0306837180925, 32.97236916754281, -34.462755551925824, 0.0016000000400000006, 17.969316281907496
2025-03-31 14:30:56,635 - 2025-03-31T14:30:56.635268, 2.6276008015675414, 0.0, -1.2525039552633013, 72.38798371828695, 33.14098680849813, -34.393073623029714, 0.0016000000400000006, 17.612016281713053
2025-03-31 14:30:56,676 - 2025-03-31T14:30:56.676527, 2.633176492259292, 0.0, -1.253479492710004, 72.74938371848454, 33.32461885770507, -34.36650856274915, 0.0016000000400000006, 17.250616281515462
2025-03-31 14:30:56,715 - 2025-03-31T14:30:56.715446, 2.6385958144831236, 0.0, -1.2541801685510938, 73.03978371864395, 33.50286137030438, -34.34879794680768, 0.0016000000400000006, 16.960216281356054
2025-03-31 14:30:56,775 - 2025-03-31T14:30:56.775392, 2.6462608339076485, 0.0, -1.2558225683872033, 73.46748371887983, 33.75559594460415, -34.302406042453484, 0.0016000000400000006, 16.532516281120166
2025-03-31 14:30:56,815 - 2025-03-31T14:30:56.815224, 2.6512654301495515, 0.0, -1.2580325494856592, 73.77598371905081, 33.921711280143285, -34.23484149319837, 0.0016000000400000006, 16.224016280949186
2025-03-31 14:30:56,855 - 2025-03-31T14:30:56.855240, 2.6572634218892768, 0.0, -1.2576400000108254, 73.98708371916821, 34.117855432185664, -34.25351068117426, 0.0016000000400000006, 16.01291628083179
2025-03-31 14:30:56,895 - 2025-03-31T14:30:56.895622, 2.6626159224782153, 0.0, -1.258415072552852, 74.2113837192933, 34.29398056514397, -34.23329775981661, 0.0016000000400000006, 15.788616280706707
2025-03-31 14:30:56,955 - 2025-03-31T14:30:56.955537, 2.6709139908404644, 0.0, -1.2612981371472456, 74.49408371945148, 34.56865821164954, -34.146868393048734, 0.0016000000400000006, 15.505916280548519
2025-03-31 14:30:56,995 - 2025-03-31T14:30:56.995931, 2.676155573357755, 0.0, -1.2626456580986347, 74.73268371958544, 34.74170336265163, -34.10779180568714, 0.0016000000400000006, 15.267316280414564
2025-03-31 14:30:57,035 - 2025-03-31T14:30:57.035312, 2.682118397686283, 0.0, -1.264237740391457, 74.94208371970338, 34.938616790490066, -34.061400477087346, 0.0016000000400000006, 15.057916280296626
2025-03-31 14:30:57,075 - 2025-03-31T14:30:57.075809, 2.6875604451082498, 0.0, -1.2653620712400349, 75.0581837197689, 35.11801408041506, -34.02983080597435, 0.0016000000400000006, 14.941816280231095
2025-03-31 14:30:57,135 - 2025-03-31T14:30:57.135699, 2.6946770952810617, 0.0, -1.268662569735385, 75.15498371982362, 35.35438671837267, -33.92858035747409, 0.0016000000400000006, 14.845016280176381
2025-03-31 14:30:57,177 - 2025-03-31T14:30:57.177487, 2.699947624103019, 0.0, -1.269229602306691, 75.27678371989256, 35.52762462013959, -33.91510450081456, 0.0016000000400000006, 14.723216280107437
2025-03-31 14:30:57,215 - 2025-03-31T14:30:57.215653, 2.7050404132184354, 0.0, -1.2704434799882955, 75.31728371991551, 35.69566516030929, -33.88026267273493, 0.0016000000400000006, 14.68271628008449
2025-03-31 14:30:57,256 - 2025-03-31T14:30:57.256343, 2.7103122959999064, 0.0, -1.2723558742830026, 75.22658371986414, 35.87025001441229, -33.822707345144615, 0.0016000000400000006, 14.77341628013586
2025-03-31 14:30:57,295 - 2025-03-31T14:30:57.295234, 2.7158879866916577, 0.0, -1.273331411729706, 75.27988371989433, 36.05388206361925, -33.79614228486402, 0.0016000000400000006, 14.720116280105673
2025-03-31 14:30:57,335 - 2025-03-31T14:30:57.335372, 2.721405784774076, 0.0, -1.275867925936577, 75.08228371978254, 36.23712861129654, -33.71837576317927, 0.0016000000400000006, 14.91771628021746
2025-03-31 14:30:57,375 - 2025-03-31T14:30:57.375909, 2.7268767785007095, 0.0, -1.2762117684050707, 74.96068371971388, 36.41671865198638, -33.712406822768365, 0.0016000000400000006, 15.039316280286116
2025-03-31 14:30:57,415 - 2025-03-31T14:30:57.415485, 2.732230633049163, 0.0, -1.2783322026704989, 74.86138371965791, 36.59419073728081, -33.648114430479914, 0.0016000000400000006, 15.138616280342093
2025-03-31 14:30:57,460 - 2025-03-31T14:30:57.460138, 2.7378896494674105, 0.0, -1.2808611418113247, 74.69988371956703, 36.7820569700153, -33.5707328345704, 0.0016000000400000006, 15.300116280432974
2025-03-31 14:30:57,515 - 2025-03-31T14:30:57.515607, 2.7454134505561063, 0.0, -1.2825111167134797, 74.44658371942486, 37.0301718592579, -33.52395600444096, 0.0016000000400000006, 15.553416280575137
2025-03-31 14:30:57,575 - 2025-03-31T14:30:57.575228, 2.752864208903379, 0.0, -1.2854396317041439, 74.12408371924457, 37.27713139542039, -33.43521708302172, 0.0016000000400000006, 15.875916280755435
2025-03-31 14:30:57,635 - 2025-03-31T14:30:57.635751, 2.760731047192095, 0.0, -1.2882042031608432, 73.67778371899631, 37.537565060979205, -33.35225262398534, 0.0016000000400000006, 16.32221628100369
2025-03-31 14:30:57,697 - 2025-03-31T14:30:57.697443, 2.7681225589705205, 0.0, -1.2913483331882745, 73.13378371869568, 37.782792143275955, -33.2563917120927, 0.0016000000400000006, 16.866216281304318
2025-03-31 14:30:57,735 - 2025-03-31T14:30:57.735406, 2.773313823944524, 0.0, -1.294398049235661, 72.74778371848365, 37.955836718523635, -33.16149397826976, 0.0016000000400000006, 17.252216281516354
2025-03-31 14:30:57,775 - 2025-03-31T14:30:57.775678, 2.778845418199518, 0.0, -1.2958716383907891, 72.30878371824376, 38.1385061654153, -33.118567557401455, 0.0016000000400000006, 17.69121628175624
2025-03-31 14:30:57,816 - 2025-03-31T14:30:57.816599, 2.7835007561348704, 0.0, -1.2981711663222728, 71.72278371792567, 38.293264751199104, -33.047730851179665, 0.0016000000400000006, 18.277216282074335
2025-03-31 14:30:57,855 - 2025-03-31T14:30:57.855613, 2.7883427628023227, 0.0, -1.3013104292026871, 71.03218371755376, 38.454952576691454, -32.94956096039005, 0.0016000000400000006, 18.967816282446236
2025-03-31 14:30:57,895 - 2025-03-31T14:30:57.895611, 2.793064922372567, 0.0, -1.3035355604332333, 70.38848371720998, 38.61182854211622, -32.88122655958447, 0.0016000000400000006, 19.61151628279002
2025-03-31 14:30:57,935 - 2025-03-31T14:30:57.935269, 2.7980846687465597, 0.0, -1.3060279782033475, 69.6024837167939, 38.77871372920579, -32.80442264021501, 0.0016000000400000006, 20.3975162832061
2025-03-31 14:30:57,975 - 2025-03-31T14:30:57.975431, 2.8031044151205533, 0.0, -1.3085203959734626, 68.76688371635589, 38.945598916295374, -32.72761872084552, 0.0016000000400000006, 21.233116283644108
2025-03-31 14:30:58,016 - 2025-03-31T14:30:58.016679, 2.8072920016116605, 0.0, -1.311340700811506, 67.97698371594582, 39.08553584459236, -32.63926587671033, 0.0016000000400000006, 22.02301628405418
2025-03-31 14:30:58,035 - 2025-03-31T14:30:58.035304, 2.8095239026397785, 0.0, -1.3133453498582695, 67.45258371567569, 39.16060500707848, -32.57574448748114, 0.0016000000400000006, 22.547416284324314
2025-03-31 14:30:58,078 - 2025-03-31T14:30:58.078031, 2.813741789395066, 0.0, -1.3167305280396309, 66.58038371523003, 39.30208163847637, -32.46891290311723, 0.0016000000400000006, 23.419616284769972
2025-03-31 14:30:58,095 - 2025-03-31T14:30:58.095823, 2.8159282400269126, 0.0, -1.3178878670714171, 66.05518371496382, 39.3748412463111, -32.43310962423112, 0.0016000000400000006, 23.944816285036183
2025-03-31 14:30:58,115 - 2025-03-31T14:30:58.115405, 2.818538345666248, 0.0, -1.319022480905069, 65.52588371469713, 39.46145990931736, -32.39846112267068, 0.0016000000400000006, 24.47411628530287
2025-03-31 14:30:58,135 - 2025-03-31T14:30:58.135643, 2.8201385517161555, 0.0, -1.3211318269169494, 65.02718371444729, 39.51593295193378, -32.330897724924384, 0.0016000000400000006, 24.97281628555271
2025-03-31 14:30:58,155 - 2025-03-31T14:30:58.155505, 2.822065290874479, 0.0, -1.322727971088315, 64.50368371418652, 39.58060796697984, -32.28046553931626, 0.0016000000400000006, 25.496316285813478
2025-03-31 14:30:58,175 - 2025-03-31T14:30:58.175644, 2.8243412883393533, 0.0, -1.3242345684266525, 63.90378371388956, 39.656639731781226, -32.23330551067482, 0.0016000000400000006, 26.09621628611044
2025-03-31 14:30:58,195 - 2025-03-31T14:30:58.195675, 2.8261054379232258, 0.0, -1.3267599943799762, 63.40588371364454, 39.71688723678051, -32.15226798353222, 0.0016000000400000006, 26.594116286355458
2025-03-31 14:30:58,215 - 2025-03-31T14:30:58.215571, 2.8285226537239296, 0.0, -1.328259016652269, 62.784383713340546, 39.79753868663907, -32.10549288066599, 0.0016000000400000006, 27.215616286659454
2025-03-31 14:30:58,235 - 2025-03-31T14:30:58.235347, 2.8307166794218217, 0.0, -1.3295575740198848, 62.19698371305507, 39.870683220249035, -32.0650699167227, 0.0016000000400000006, 27.80301628694493
2025-03-31 14:30:58,255 - 2025-03-31T14:30:58.255652, 2.8326812939103707, 0.0, -1.331859809870397, 61.5535837127444, 39.937282864171245, -31.991539305828695, 0.0016000000400000006, 28.4464162872556
2025-03-31 14:30:58,276 - 2025-03-31T14:30:58.276231, 2.834838798237551, 0.0, -1.333797637282268, 60.920983712440965, 40.00984972124115, -31.930135296240486, 0.0016000000400000006, 29.07901628755904
2025-03-31 14:30:58,295 - 2025-03-31T14:30:58.295320, 2.836929480929839, 0.0, -1.3358098613950755, 60.25458371212344, 40.08029919867006, -31.866228981236095, 0.0016000000400000006, 29.74541628787656
2025-03-31 14:30:58,315 - 2025-03-31T14:30:58.315606, 2.8387377269504688, 0.0, -1.3378372356399741, 59.59618371181183, 40.141509305984655, -31.801552814681216, 0.0016000000400000006, 30.403816288188168
2025-03-31 14:30:58,335 - 2025-03-31T14:30:58.335370, 2.840895231277649, 0.0, -1.339775063051845, 58.889383711479574, 40.21407616305456, -31.74014880509301, 0.0016000000400000006, 31.11061628852043
2025-03-31 14:30:58,355 - 2025-03-31T14:30:58.355293, 2.8431271323057667, 0.0, -1.341779712098608, 58.26878371118975, 40.28914532554066, -31.67662741586383, 0.0016000000400000006, 31.731216288810252
2025-03-31 14:30:58,375 - 2025-03-31T14:30:58.375430, 2.845567073304606, 0.0, -1.3437023893783886, 57.578683710869505, 40.37095155272492, -31.61599325782608, 0.0016000000400000006, 32.421316289130495
2025-03-31 14:30:58,395 - 2025-03-31T14:30:58.395532, 2.8473828943912807, 0.0, -1.3458709819591164, 56.92758371056933, 40.43254658581473, -31.54669740621403, 0.0016000000400000006, 33.07241628943067
2025-03-31 14:30:58,415 - 2025-03-31T14:30:58.415358, 2.8489162788062967, 0.0, -1.3480547246719343, 56.20598371023876, 40.484902248790185, -31.476631703051524, 0.0016000000400000006, 33.79401628976124
2025-03-31 14:30:58,435 - 2025-03-31T14:30:58.435343, 2.850651482085503, 0.0, -1.351360639005342, 55.50588370992018, 40.54495700302466, -31.369993445206838, 0.0016000000400000006, 34.49411629007982
2025-03-31 14:30:58,455 - 2025-03-31T14:30:58.455522, 2.8529805050126935, 0.0, -1.3538557646944853, 54.791183709597036, 40.62368324825266, -31.29049562116515, 0.0016000000400000006, 35.208816290402964
2025-03-31 14:30:58,475 - 2025-03-31T14:30:58.475276, 2.8551896808426758, 0.0, -1.35543675873376, 54.11688370929411, 40.69759763341308, -31.24083328710751, 0.0016000000400000006, 35.88311629070589
2025-03-31 14:30:58,495 - 2025-03-31T14:30:58.495325, 2.8565150252869707, 0.0, -1.3577024732135605, 53.37488370896282, 40.7432162316904, -31.16788035275356, 0.0016000000400000006, 36.62511629103718
2025-03-31 14:30:58,515 - 2025-03-31T14:30:58.515649, 2.8577218765935712, 0.0, -1.360399417766894, 52.599983708619156, 40.785369922236214, -31.08068343745286, 0.0016000000400000006, 37.400016291380844
2025-03-31 14:30:58,535 - 2025-03-31T14:30:58.535815, 2.860102571023563, 0.0, -1.3625377100834415, 51.99768370835364, 40.865443695554724, -31.01292728894173, 0.0016000000400000006, 38.00231629164636
2025-03-31 14:30:58,555 - 2025-03-31T14:30:58.555373, 2.862542512022402, 0.0, -1.3644603873632222, 51.31118370805265, 40.94724992273898, -30.95229313090398, 0.0016000000400000006, 38.68881629194735
2025-03-31 14:30:58,577 - 2025-03-31T14:30:58.577446, 2.8642095397072023, 0.0, -1.3664953366741655, 50.56328370772669, 41.00384034499638, -30.88723203857388, 0.0016000000400000006, 39.43671629227331
2025-03-31 14:30:58,595 - 2025-03-31T14:30:58.595413, 2.8645111883894945, 0.0, -1.370798708383938, 49.87178370742709, 41.01789042366952, -30.746524107217628, 0.0016000000400000006, 40.12821629257291
2025-03-31 14:30:58,615 - 2025-03-31T14:30:58.615461, 2.866683842848765, 0.0, -1.3730189724674675, 49.134983707109726, 41.09122713228987, -30.67588072751507, 0.0016000000400000006, 40.865016292890274
2025-03-31 14:30:58,635 - 2025-03-31T14:30:58.635691, 2.8686849787080257, 0.0, -1.3746819382737252, 48.43898370681163, 41.158404452752144, -30.623331162265973, 0.0016000000400000006, 41.56101629318837
2025-03-31 14:30:58,655 - 2025-03-31T14:30:58.655509, 2.8702183631230413, 0.0, -1.3768656809865432, 47.80848370654301, 41.21076011572758, -30.553265459103464, 0.0016000000400000006, 42.19151629345699
2025-03-31 14:30:58,675 - 2025-03-31T14:30:58.675732, 2.8714996111305795, 0.0, -1.3796294471747688, 47.08908370623808, 41.25541611168962, -30.46395116416179, 0.0016000000400000006, 42.91091629376192
2025-03-31 14:30:58,696 - 2025-03-31T14:30:58.696560, 2.8728993522758115, 0.0, -1.3819619832894614, 46.41018370595187, 41.30353701538314, -30.388880850166878, 0.0016000000400000006, 43.58981629404813
2025-03-31 14:30:58,716 - 2025-03-31T14:30:58.716058, 2.874106203582412, 0.0, -1.384658927842795, 45.750583705675155, 41.34569070592896, -30.301683934866176, 0.0016000000400000006, 44.249416294324845
2025-03-31 14:30:58,735 - 2025-03-31T14:30:58.735644, 2.875840052902104, 0.0, -1.3866194804528011, 45.10598370540605, 41.40439850782732, -30.239125147952276, 0.0016000000400000006, 44.89401629459395
2025-03-31 14:30:58,756 - 2025-03-31T14:30:58.755993, 2.876987657639858, 0.0, -1.3895320400429014, 44.376783705103136, 41.444819744507406, -30.144806242178195, 0.0016000000400000006, 45.623216294896864
2025-03-31 14:30:58,776 - 2025-03-31T14:30:58.776301, 2.878320577150198, 0.0, -1.3919389728585316, 43.655883704805206, 41.49082326855996, -30.067233622767066, 0.0016000000400000006, 46.344116295194794
2025-03-31 14:30:58,795 - 2025-03-31T14:30:58.795447, 2.8796459215944923, 0.0, -1.3942046873383322, 42.942583704511904, 41.53644186683725, -29.994280688413117, 0.0016000000400000006, 47.057416295488096
2025-03-31 14:30:58,815 - 2025-03-31T14:30:58.815205, 2.8812020312076436, 0.0, -1.396812085058638, 42.365383704275615, 41.5899523071384, -29.910355930079085, 0.0016000000400000006, 47.634616295724385
2025-03-31 14:30:58,835 - 2025-03-31T14:30:58.835725, 2.883151495564103, 0.0, -1.3988318842374916, 41.609383703967495, 41.65578209951016, -29.84606468929944, 0.0016000000400000006, 48.390616296032505
2025-03-31 14:30:58,855 - 2025-03-31T14:30:58.855290, 2.884173032098117, 0.0, -1.4020344555652957, 41.00798370372348, 41.69235350268352, -29.742121487635767, 0.0016000000400000006, 48.99201629627652
2025-03-31 14:30:58,875 - 2025-03-31T14:30:58.875340, 2.88445060162276, 0.0, -1.4045688105441787, 40.28338370343079, 41.70390185169486, -29.659352082381833, 0.0016000000400000006, 49.71661629656921
2025-03-31 14:30:58,896 - 2025-03-31T14:30:58.896104, 2.8853825913237467, 0.0, -1.407422123565432, 39.52638370312645, 41.73720109790156, -29.566765630473498, 0.0016000000400000006, 50.47361629687355
2025-03-31 14:30:58,915 - 2025-03-31T14:30:58.915279, 2.8859880479163187, 0.0, -1.410788638427201, 38.74618370281424, 41.76029837167863, -29.457047966426956, 0.0016000000400000006, 51.253816297185764
2025-03-31 14:30:58,935 - 2025-03-31T14:30:58.935460, 2.8872100493550095, 0.0, -1.4137680196521933, 38.029983702529016, 41.80322191377491, -29.360611681011903, 0.0016000000400000006, 51.970016297470984
2025-03-31 14:30:58,959 - 2025-03-31T14:30:58.959600, 2.8896361941812723, 0.0, -1.416753621983717, 37.209783702203836, 41.885605241744805, -29.26513742215771, 0.0016000000400000006, 52.790216297796164
2025-03-31 14:30:58,975 - 2025-03-31T14:30:58.975557, 2.89041181541434, 0.0, -1.4193320733993566, 36.614783701968946, 41.91351495134387, -29.181405414588497, 0.0016000000400000006, 53.385216298031054
2025-03-31 14:30:58,995 - 2025-03-31T14:30:58.995282, 2.8913362300492818, 0.0, -1.4220441680847804, 35.89048370168406, 41.946429271775344, -29.09343864773734, 0.0016000000400000006, 54.10951629831594
2025-03-31 14:30:59,015 - 2025-03-31T14:30:59.015576, 2.8922454945521334, 0.0, -1.424473826098546, 35.25258370143414, 41.97857374065635, -29.014711251000517, 0.0016000000400000006, 54.74741629856586
2025-03-31 14:30:59,036 - 2025-03-31T14:30:59.036021, 2.894061315638808, 0.0, -1.4266424186792737, 34.47418370113037, 42.04016877374616, -28.945415399388466, 0.0016000000400000006, 55.525816298869636
2025-03-31 14:30:59,055 - 2025-03-31T14:30:59.055264, 2.895052551908642, 0.0, -1.4292801166637603, 33.89178370090391, 42.0752004738186, -28.85995093795351, 0.0016000000400000006, 56.10821629909609
2025-03-31 14:30:59,075 - 2025-03-31T14:30:59.075746, 2.895650433435169, 0.0, -1.4325054131897001, 33.13698370061147, 42.097912821820444, -28.754852958964143, 0.0016000000400000006, 56.86301629938853
2025-03-31 14:30:59,095 - 2025-03-31T14:30:59.095539, 2.8964412048003267, 0.0, -1.4353663012769986, 32.46158370035075, 42.126592382969974, -28.661881581280568, 0.0016000000400000006, 57.53841629964925
2025-03-31 14:30:59,115 - 2025-03-31T14:30:59.115419, 2.8971575794645474, 0.0, -1.4381603677294046, 31.808083700099353, 42.152769638703305, -28.57102758323798, 0.0016000000400000006, 58.19191629990065
2025-03-31 14:30:59,135 - 2025-03-31T14:30:59.135454, 2.8982748839381203, 0.0, -1.4405080539761879, 31.221983699874563, 42.19165117228245, -28.4951874176926, 0.0016000000400000006, 58.77801630012544
2025-03-31 14:30:59,156 - 2025-03-31T14:30:59.156012, 2.899987362019192, 0.0, -1.4433903133021073, 30.572083699626077, 42.25055114919125, -28.40240821501944, 0.0016000000400000006, 59.42791630037392
2025-03-31 14:30:59,175 - 2025-03-31T14:30:59.175573, 2.9003696285089515, 0.0, -1.4465563632591998, 30.02068369941585, 42.2661415067197, -28.299042689895835, 0.0016000000400000006, 59.97931630058415
2025-03-31 14:30:59,195 - 2025-03-31T14:30:59.195334, 2.900795991435468, 0.0, -1.4492243615078673, 29.394483699177744, 42.282694466563434, -28.21203852535994, 0.0016000000400000006, 60.60551630082226
2025-03-31 14:30:59,215 - 2025-03-31T14:30:59.215654, 2.9017052559383196, 0.0, -1.4516540195216328, 28.88948369898623, 42.31483893544444, -28.13331112862312, 0.0016000000400000006, 61.110516301013774
2025-03-31 14:30:59,235 - 2025-03-31T14:30:59.235234, 2.9030609006467953, 0.0, -1.4544846073447504, 28.28928369875917, 42.36199723682268, -28.04187945404048, 0.0016000000400000006, 61.71071630124083
2025-03-31 14:30:59,255 - 2025-03-31T14:30:59.255381, 2.903866822144043, 0.0, -1.4576279321037076, 27.779683698566874, 42.391446649522656, -27.939668706242557, 0.0016000000400000006, 62.22031630143313
2025-03-31 14:30:59,295 - 2025-03-31T14:30:59.295753, 2.9054104895441326, 0.0, -1.4626436165991583, 26.861183698221296, 42.44688114294556, -27.776824376161276, 0.0016000000400000006, 63.138816301778704
2025-03-31 14:30:59,335 - 2025-03-31T14:30:59.335663, 2.907266893880062, 0.0, -1.4682090243058354, 25.92598369787083, 42.513094709583726, -27.596271157401773, 0.0016000000400000006, 64.07401630212917
2025-03-31 14:30:59,375 - 2025-03-31T14:30:59.375671, 2.9089139042857552, 0.0, -1.4725110420560936, 25.29838369763637, 42.57122425918766, -27.456910178381627, 0.0016000000400000006, 64.70161630236363
2025-03-31 14:30:59,435 - 2025-03-31T14:30:59.435255, 2.9106794078291425, 0.0, -1.4763818297328188, 24.707383697416102, 42.632818716523055, -27.33179318030823, 0.0016000000400000006, 65.2926163025839
2025-03-31 14:30:59,518 - 2025-03-31T14:30:59.518181, 2.9120970070254932, 0.0, -1.481687525965973, 24.455283697322294, 42.68440337643924, -27.15932455433738, 0.0016000000400000006, 65.5447163026777
2025-03-31 14:30:59,595 - 2025-03-31T14:30:59.595680, 2.9136723286492776, 0.0, -1.4886134455281423, 24.152083697209587, 42.74272452529916, -26.933922013096616, 0.0016000000400000006, 65.84791630279041
2025-03-31 14:30:59,655 - 2025-03-31T14:30:59.655776, 2.9163622468276067, 0.0, -1.4951963278902909, 23.757783697063225, 42.83723330306602, -26.720838248172075, 0.0016000000400000006, 66.24221630293678
2025-03-31 14:30:59,695 - 2025-03-31T14:30:59.695308, 2.918270322666338, 0.0, -1.5004049022243726, 23.449283696948847, 42.90479439779472, -26.55202670494311, 0.0016000000400000006, 66.55071630305116
2025-03-31 14:30:59,735 - 2025-03-31T14:30:59.735580, 2.9202238489013395, 0.0, -1.50646078657343, 23.078283696811486, 42.97466504717478, -26.355497051371106, 0.0016000000400000006, 66.92171630318852
2025-03-31 14:30:59,777 - 2025-03-31T14:30:59.777028, 2.9228910418815337, 0.0, -1.5126200139280912, 22.71858369667845, 43.06801904761598, -26.156272341618077, 0.0016000000400000006, 67.28141630332155
2025-03-31 14:30:59,815 - 2025-03-31T14:30:59.815279, 2.9243768166722908, 0.0, -1.5191966751837094, 22.26038369650924, 43.12306803950924, -25.942226550132638, 0.0016000000400000006, 67.73961630349076
2025-03-31 14:30:59,855 - 2025-03-31T14:30:59.855563, 2.9276832796967387, 0.0, -1.5253924239090821, 21.949283696394506, 43.23740308559532, -25.74242416383956, 0.0016000000400000006, 68.0507163036055
2025-03-31 14:30:59,898 - 2025-03-31T14:30:59.898820, 2.929354369260082, 0.0, -1.5314634583902298, 21.62018369627328, 43.29803436486104, -25.54512465871709, 0.0016000000400000006, 68.37981630372673
2025-03-31 14:30:59,935 - 2025-03-31T14:30:59.935927, 2.9317012502383912, 0.0, -1.5369317441978345, 21.41328369619713, 43.380224366311715, -25.36822852269948, 0.0016000000400000006, 68.58671630380289
2025-03-31 14:30:59,975 - 2025-03-31T14:30:59.975671, 2.933393711040355, 0.0, -1.5420810719630689, 21.180283696111445, 43.440663470567, -25.20114943333627, 0.0016000000400000006, 68.81971630388855
2025-03-31 14:31:00,015 - 2025-03-31T14:31:00.015422, 2.9352349652441942, 0.0, -1.5473640429980877, 21.04298369606096, 43.50610718565473, -25.02983558469111, 0.0016000000400000006, 68.95701630393904
2025-03-31 14:31:00,097 - 2025-03-31T14:31:00.097783, 2.9373813813178273, 0.0, -1.5530555189085038, 20.91298369601321, 43.58194504818249, -24.8454325324249, 0.0016000000400000006, 69.08701630398679
2025-03-31 14:31:00,215 - 2025-03-31T14:31:00.215202, 2.9390738421197913, 0.0, -1.5582048466737386, 20.822883695980096, 43.642384152437785, -24.678353443061678, 0.0016000000400000006, 69.1771163040199
2025-03-31 14:31:00,315 - 2025-03-31T14:31:00.315429, 2.940559616910549, 0.0, -1.5647815079293572, 20.68948369593114, 43.69743314433105, -24.464307651576235, 0.0016000000400000006, 69.31051630406886
2025-03-31 14:31:00,375 - 2025-03-31T14:31:00.375336, 2.943419699729373, 0.0, -1.5705763268453765, 20.67748369592672, 43.7967543579199, -24.277209543129004, 0.0016000000400000006, 69.32251630407328
2025-03-31 14:31:00,436 - 2025-03-31T14:31:00.436239, 2.946244615137001, 0.0, -1.5783557775290529, 20.778483695963796, 43.89684484730483, -24.025050918106054, 0.0016000000400000006, 69.2215163040362
2025-03-31 14:31:00,475 - 2025-03-31T14:31:00.475277, 2.9496103247302963, 0.0, -1.584335911217659, 20.901583696009023, 44.01291234725667, -23.832370522286354, 0.0016000000400000006, 69.09841630399097
2025-03-31 14:31:00,515 - 2025-03-31T14:31:00.515604, 2.9517202194332177, 0.0, -1.5906666571723296, 21.229983696129693, 44.088172533244375, -23.62698642437524, 0.0016000000400000006, 68.7700163038703
2025-03-31 14:31:00,556 - 2025-03-31T14:31:00.556340, 2.9542689192757177, 0.0, -1.597257114600524, 21.56508369625299, 44.17806162595407, -23.413517733675434, 0.0016000000400000006, 68.434916303747
2025-03-31 14:31:00,596 - 2025-03-31T14:31:00.596087, 2.957210973861525, 0.0, -1.6032599734872655, 21.83848369635369, 44.28027007073438, -23.21968256053005, 0.0016000000400000006, 68.16151630364631
2025-03-31 14:31:00,635 - 2025-03-31T14:31:00.635794, 2.960250150346405, 0.0, -1.6097533090163871, 22.138783696464372, 44.38613559825657, -23.009870952572154, 0.0016000000400000006, 67.86121630353563
2025-03-31 14:31:00,675 - 2025-03-31T14:31:00.675672, 2.963020686332202, 0.0, -1.6151988696258561, 22.360483696546193, 44.482184654878765, -22.834129593880235, 0.0016000000400000006, 67.6395163034538
2025-03-31 14:31:00,715 - 2025-03-31T14:31:00.715582, 2.966482163865056, 0.0, -1.620324118233441, 22.893983696743273, 44.6005622852364, -22.669552234178823, 0.0016000000400000006, 67.10601630325672
2025-03-31 14:31:00,775 - 2025-03-31T14:31:00.775713, 2.969782405782974, 0.0, -1.6277240103463857, 23.339783696908288, 44.71585935788337, -22.430290062012123, 0.0016000000400000006, 66.66021630309172
2025-03-31 14:31:00,815 - 2025-03-31T14:31:00.815494, 2.973049639517682, 0.0, -1.6318683056692098, 24.026083697162793, 44.8269228227572, -22.297665571935724, 0.0016000000400000006, 65.97391630283721
2025-03-31 14:31:00,855 - 2025-03-31T14:31:00.855595, 2.974570581719636, 0.0, -1.6364603351571718, 24.544683697355538, 44.881202538854396, -22.14868029702599, 0.0016000000400000006, 65.45531630264446
2025-03-31 14:31:00,895 - 2025-03-31T14:31:00.895352, 2.9776965971185154, 0.0, -1.6406122055460415, 25.281083697629924, 44.98764631867107, -22.01567088117435, 0.0016000000400000006, 64.71891630237008
2025-03-31 14:31:00,937 - 2025-03-31T14:31:00.936984, 2.9801833424731394, 0.0, -1.6447275545642, 25.868883697849476, 45.0731090528428, -21.883239141862745, 0.0016000000400000006, 64.13111630215053
2025-03-31 14:31:00,975 - 2025-03-31T14:31:00.975366, 2.9834430011418025, 0.0, -1.648730631551195, 26.468183698073865, 45.18378759194139, -21.75523433684351, 0.0016000000400000006, 63.531816301926135
2025-03-31 14:31:01,015 - 2025-03-31T14:31:01.015320, 2.9867178099425558, 0.0, -1.6530161452098482, 27.204183698350207, 45.29523598259045, -21.61799016170994, 0.0016000000400000006, 62.79581630164979
2025-03-31 14:31:01,056 - 2025-03-31T14:31:01.056059, 2.9891453087283333, 0.0, -1.6573471092647734, 27.913283698617256, 45.378966262896455, -21.47843643192496, 0.0016000000400000006, 62.086716301382744
2025-03-31 14:31:01,095 - 2025-03-31T14:31:01.095274, 2.9931854557770805, 0.0, -1.6613791325564344, 28.720083698922075, 45.51524553269714, -21.350238876140914, 0.0016000000400000006, 61.279916301077925
2025-03-31 14:31:01,135 - 2025-03-31T14:31:01.135634, 2.996750276315538, 0.0, -1.665790714418827, 29.558783699240152, 45.63631821923579, -21.209144867500616, 0.0016000000400000006, 60.44121630075985
2025-03-31 14:31:01,175 - 2025-03-31T14:31:01.175424, 2.9993858150720367, 0.0, -1.6700397067067696, 30.316983699528755, 45.72678556423994, -21.072478368907074, 0.0016000000400000006, 59.683016300471245
2025-03-31 14:31:01,216 - 2025-03-31T14:31:01.216177, 3.003580976629189, 0.0, -1.6730012298806427, 31.132983699840484, 45.867107418312145, -20.9795058397147, 0.0016000000400000006, 58.86701630015953
2025-03-31 14:31:01,257 - 2025-03-31T14:31:01.257462, 3.0056654382149466, 0.0, -1.6762175973810232, 31.802083700097054, 45.93851892230196, -20.876139738836667, 0.0016000000400000006, 58.19791629990294
2025-03-31 14:31:01,296 - 2025-03-31T14:31:01.296296, 3.0080626367365433, 0.0, -1.6799836880926304, 32.47758370035692, 46.02070949950704, -20.7550647492804, 0.0016000000400000006, 57.52241629964308
2025-03-31 14:31:01,337 - 2025-03-31T14:31:01.337393, 3.0106589462033018, 0.0, -1.6821812269780243, 33.05558370058001, 46.10790526329893, -20.68557614690354, 0.0016000000400000006, 56.94441629942
2025-03-31 14:31:01,375 - 2025-03-31T14:31:01.375577, 3.0134267742700707, 0.0, -1.684936064140691, 33.582483700783925, 46.20126041524892, -20.597993730073185, 0.0016000000400000006, 56.417516299216075
2025-03-31 14:31:01,435 - 2025-03-31T14:31:01.435852, 3.017236156149961, 0.0, -1.6886264041918464, 34.47718370113152, 46.32964784302577, -20.48076799826924, 0.0016000000400000006, 55.52281629886848
2025-03-31 14:31:01,476 - 2025-03-31T14:31:01.476175, 3.019483207310169, 0.0, -1.690913489910268, 34.98438370132934, 46.40548685706234, -20.40800723892571, 0.0016000000400000006, 55.015616298670665
2025-03-31 14:31:01,538 - 2025-03-31T14:31:01.538261, 3.0225927186174433, 0.0, -1.6934375619040778, 35.75808370163211, 46.50981383299243, -20.328316664119196, 0.0016000000400000006, 54.24191629836789
2025-03-31 14:31:01,597 - 2025-03-31T14:31:01.597042, 3.024549758039947, 0.0, -1.69559857941876, 36.3866837018791, 46.5760285511394, -20.25940573828239, 0.0016000000400000006, 53.6133162981209
2025-03-31 14:31:01,815 - 2025-03-31T14:31:01.815656, 3.028661593870603, 0.0, -1.6970067008985108, 37.36118370226374, 46.71211622168407, -20.217249744718938, 0.0016000000400000006, 52.63881629773626
2025-03-31 14:31:04,196 - 2025-03-31T14:31:04.196066, 3.0283199106300973, 0.0, -1.6972374660673677, 37.91308370248258, 46.70114439770398, -20.209357902695103, 0.0016000000400000006, 52.08691629751742
2025-03-31 14:31:17,656 - 2025-03-31T14:31:17.656191, 3.0241585625246277, 0.0, -1.6909459494024368, 37.93378370249079, 46.55870631549961, -20.411470419393964, 0.0016000000400000006, 52.06621629750921
2025-03-31 14:31:17,756 - 2025-03-31T14:31:17.756403, 3.018674577893892, 0.0, -1.685079441704508, 38.11858370256424, 46.373343539690126, -20.59837692858521, 0.0016000000400000006, 51.88141629743576
2025-03-31 14:31:18,495 - 2025-03-31T14:31:18.495325, 3.014766720155415, 0.0, -1.6795532632875707, 38.131683702569426, 46.239952076835294, -20.77565856613246, 0.0016000000400000006, 51.868316297430574
2025-03-31 14:31:18,555 - 2025-03-31T14:31:18.555565, 3.0113052426225613, 0.0, -1.6744280146799864, 38.24418370261419, 46.121574446477666, -20.940235925833857, 0.0016000000400000006, 51.75581629738581
2025-03-31 14:31:18,615 - 2025-03-31T14:31:18.615620, 3.00595490126161, 0.0, -1.6684127135801834, 38.26088370262083, 45.94044642995014, -21.132147045857497, 0.0016000000400000006, 51.73911629737917
2025-03-31 14:31:18,675 - 2025-03-31T14:31:18.675641, 3.000729274144883, 0.0, -1.6607620390192745, 38.35028370265641, 45.76182129459322, -21.37776193270153, 0.0016000000400000006, 51.64971629734359
2025-03-31 14:31:18,716 - 2025-03-31T14:31:18.716373, 2.994903606273642, 0.0, -1.6551262964902027, 38.504183702717725, 45.56548669480365, -21.55677659986893, 0.0016000000400000006, 51.495816297282275
2025-03-31 14:31:18,755 - 2025-03-31T14:31:18.755396, 2.9908090798030647, 0.0, -1.6487603831243347, 38.647383702774846, 45.42516599224025, -21.761391421983998, 0.0016000000400000006, 51.352616297225154
2025-03-31 14:31:18,795 - 2025-03-31T14:31:18.795948, 2.985801775642133, 0.0, -1.6438596785790764, 38.73088370280815, 45.25635675202893, -21.917114913100683, 0.0016000000400000006, 51.26911629719185
2025-03-31 14:31:18,835 - 2025-03-31T14:31:18.835413, 2.9818270962687636, 0.0, -1.6384078968630762, 38.90398370287726, 45.120847909533104, -22.09189424523173, 0.0016000000400000006, 51.09601629712274
2025-03-31 14:31:18,895 - 2025-03-31T14:31:18.895413, 2.976595248045506, 0.0, -1.6319613656897398, 38.978483702907035, 44.94318480073706, -22.298049346202138, 0.0016000000400000006, 51.02151629709297
2025-03-31 14:31:18,955 - 2025-03-31T14:31:18.955369, 2.971638261427862, 0.0, -1.6253584660484837, 39.172383702984604, 44.77437613628013, -22.50959398378018, 0.0016000000400000006, 50.8276162970154
2025-03-31 14:31:19,015 - 2025-03-31T14:31:19.015875, 2.9666902038357774, 0.0, -1.6202421464664587, 39.397583703074794, 44.60729934993455, -22.672439465370253, 0.0016000000400000006, 50.602416296925206
2025-03-31 14:31:19,075 - 2025-03-31T14:31:19.075885, 2.961444559439944, 0.0, -1.6148585403448648, 39.4791837031075, 44.430213341924144, -22.843754465524224, 0.0016000000400000006, 50.5208162968925
2025-03-31 14:31:19,135 - 2025-03-31T14:31:19.135642, 2.958584476621119, 0.0, -1.609063721428845, 39.684883703190025, 44.330892128335286, -23.03085257397147, 0.0016000000400000006, 50.315116296809975
2025-03-31 14:31:20,237 - 2025-03-31T14:31:20.237305, 2.954252963875154, 0.0, -1.603560268210043, 39.70768370319919, 44.18364161030891, -23.206979434193023, 0.0016000000400000006, 50.29231629680081
2025-03-31 14:31:20,327 - 2025-03-31T14:31:20.327472, 2.9505834463715788, 0.0, -1.5985169913694408, 39.81808370324353, 44.05852691525314, -23.368669562703, 0.0016000000400000006, 50.18191629675647
2025-03-31 14:31:20,395 - 2025-03-31T14:31:20.395416, 2.9445483845701017, 0.0, -1.59161785888395, 40.037883703331914, 43.854108298429324, -23.588876469609755, 0.0016000000400000006, 49.962116296668086
2025-03-31 14:31:20,456 - 2025-03-31T14:31:20.456063, 2.9383266540365245, 0.0, -1.5838789914495282, 40.23158370340991, 43.64276044189693, -23.836416561084334, 0.0016000000400000006, 49.76841629659009
2025-03-31 14:31:20,495 - 2025-03-31T14:31:20.495728, 2.9332298030425656, 0.0, -1.5786290285977191, 40.33668370345226, 43.47067904471895, -24.00349680195634, 0.0016000000400000006, 49.66331629654774
2025-03-31 14:31:20,535 - 2025-03-31T14:31:20.535474, 2.9303028985888484, 0.0, -1.572908606382636, 40.60458370356037, 43.36924045148909, -24.188092604987396, 0.0016000000400000006, 49.39541629643963
2025-03-31 14:31:20,575 - 2025-03-31T14:31:20.575772, 2.9224498564727086, 0.0, -1.569081109874194, 40.621883703567356, 43.10822968514464, -24.305897164840218, 0.0016000000400000006, 49.378116296432644
2025-03-31 14:31:20,616 - 2025-03-31T14:31:20.616015, 2.920257990002805, 0.0, -1.5625423239488017, 40.89248370367675, 43.03008226796552, -24.518018327449482, 0.0016000000400000006, 49.10751629632325
2025-03-31 14:31:20,675 - 2025-03-31T14:31:20.675814, 2.9138888200268673, 0.0, -1.556015174967997, 41.08758370375573, 42.81507675293683, -24.72571370727523, 0.0016000000400000006, 48.912416296244274
2025-03-31 14:31:20,735 - 2025-03-31T14:31:20.735459, 2.908902887104557, 0.0, -1.5501927637068253, 41.34168370385877, 42.646075337715075, -24.911657614151174, 0.0016000000400000006, 48.65831629614123
2025-03-31 14:31:20,795 - 2025-03-31T14:31:20.795964, 2.9043847056264913, 0.0, -1.5438495755390926, 41.47438370391264, 42.491895579980145, -25.11511765894055, 0.0016000000400000006, 48.525616296087364
2025-03-31 14:31:20,855 - 2025-03-31T14:31:20.855482, 2.8991920866929743, 0.0, -1.5394544977683045, 41.50498370392506, 42.31750405239638, -25.254094863694284, 0.0016000000400000006, 48.49501629607494
2025-03-31 14:31:20,915 - 2025-03-31T14:31:20.915203, 2.8949046703837653, 0.0, -1.5334529928410774, 41.69298370400149, 42.171216136685274, -25.446583084503573, 0.0016000000400000006, 48.30701629599851
2025-03-31 14:31:20,975 - 2025-03-31T14:31:20.975615, 2.8902907209661413, 0.0, -1.5279646897543655, 41.794983704042984, 42.01472624854455, -25.62194009317468, 0.0016000000400000006, 48.205016295957016
2025-03-31 14:31:21,035 - 2025-03-31T14:31:21.035345, 2.884167466291151, 0.0, -1.5220616606857256, 41.95268370410721, 41.80838242709017, -25.809424278905958, 0.0016000000400000006, 48.04731629589279
2025-03-31 14:31:21,095 - 2025-03-31T14:31:21.095764, 2.878519538126451, 0.0, -1.515779073046354, 42.17758370419891, 41.61724518889783, -26.009804917493494, 0.0016000000400000006, 47.82241629580109
2025-03-31 14:31:21,155 - 2025-03-31T14:31:21.155536, 2.872373558253325, 0.0, -1.5094523889702263, 42.30848370425236, 41.409746590117756, -26.21114815839629, 0.0016000000400000006, 47.69151629574764
2025-03-31 14:31:21,215 - 2025-03-31T14:31:21.215388, 2.8665616865546597, 0.0, -1.5027537213894115, 42.315883704255384, 41.21283488954255, -26.425002926380138, 0.0016000000400000006, 47.684116295744616
2025-03-31 14:31:21,275 - 2025-03-31T14:31:21.275434, 2.8614786317332763, 0.0, -1.4964408334858592, 42.36208370427425, 41.040176391578896, -26.6269232680686, 0.0016000000400000006, 47.63791629572575
2025-03-31 14:31:21,335 - 2025-03-31T14:31:21.335520, 2.8551838584582763, 0.0, -1.489980506139947, 42.5656837043575, 40.82767318196642, -26.83250126825336, 0.0016000000400000006, 47.4343162956425
2025-03-31 14:31:21,395 - 2025-03-31T14:31:21.395510, 2.849573805623802, 0.0, -1.4844040101797225, 42.698283704411764, 40.63846057265024, -27.009783481555004, 0.0016000000400000006, 47.301716295588236
2025-03-31 14:31:21,456 - 2025-03-31T14:31:21.456138, 2.8437708629506964, 0.0, -1.4791919226581385, 42.71508370441865, 40.443280750186375, -27.17493909355088, 0.0016000000400000006, 47.28491629558135
2025-03-31 14:31:21,515 - 2025-03-31T14:31:21.515729, 2.8390963130047107, 0.0, -1.4725738728847921, 42.745383704431056, 40.283711455843786, -27.387253582679385, 0.0016000000400000006, 47.254616295568944
2025-03-31 14:31:21,579 - 2025-03-31T14:31:21.579922, 2.8340800798182197, 0.0, -1.4661865882803027, 42.79948370445322, 40.11317033752111, -27.59167622978405, 0.0016000000400000006, 47.20051629554678
2025-03-31 14:31:21,635 - 2025-03-31T14:31:21.635654, 2.828685642020512, 0.0, -1.4606693388889251, 42.921983704503454, 39.931079718678326, -27.767225989219952, 0.0016000000400000006, 47.078016295496546
2025-03-31 14:31:21,695 - 2025-03-31T14:31:21.695741, 2.8234613688632995, 0.0, -1.454364026051418, 43.023183704544955, 39.7538015356575, -27.968761405133186, 0.0016000000400000006, 46.976816295455045
2025-03-31 14:31:21,755 - 2025-03-31T14:31:21.755411, 2.8176357009920583, 0.0, -1.4487282835223465, 43.13388370459042, 39.55746693586794, -28.147776072300577, 0.0016000000400000006, 46.86611629540958
2025-03-31 14:31:21,815 - 2025-03-31T14:31:21.815499, 2.8128867543451355, 0.0, -1.4420434121141081, 43.23378370463146, 39.39539533610915, -28.362207941070047, 0.0016000000400000006, 46.76621629536854
2025-03-31 14:31:21,875 - 2025-03-31T14:31:21.875468, 2.807105182910651, 0.0, -1.4359096178766109, 43.323283704668256, 39.20002333863488, -28.55758396882518, 0.0016000000400000006, 46.676716295331744
2025-03-31 14:31:21,935 - 2025-03-31T14:31:21.935792, 2.8007222167621375, 0.0, -1.430445393947549, 43.430483704712366, 38.985594924391826, -28.730439247834486, 0.0016000000400000006, 46.569516295287634
2025-03-31 14:31:21,996 - 2025-03-31T14:31:21.996286, 2.7956391619407546, 0.0, -1.424132506043997, 43.669583704810854, 38.81293642642819, -28.932359589522935, 0.0016000000400000006, 46.330416295189146
2025-03-31 14:31:22,055 - 2025-03-31T14:31:22.055434, 2.7887140476470593, 0.0, -1.419122237386604, 43.73618370483832, 38.58118404928215, -29.08981611025978, 0.0016000000400000006, 46.26381629516168
2025-03-31 14:31:22,115 - 2025-03-31T14:31:22.115700, 2.783564171190784, 0.0, -1.4128837461839892, 43.87398370489518, 38.40640817167752, -29.289234146532035, 0.0016000000400000006, 46.12601629510482
2025-03-31 14:31:22,175 - 2025-03-31T14:31:22.175392, 2.778213829829833, 0.0, -1.4068684450841857, 44.02958370495948, 38.22528015515001, -29.481145266555682, 0.0016000000400000006, 45.97041629504052
2025-03-31 14:31:22,235 - 2025-03-31T14:31:22.235822, 2.772588626863268, 0.0, -1.4010095124523025, 44.24898370505019, 38.03529769428336, -29.66766684997168, 0.0016000000400000006, 45.75101629494981
2025-03-31 14:31:22,295 - 2025-03-31T14:31:22.295752, 2.7670605457957755, 0.0, -1.3956410564627992, 44.45908370513724, 37.848972316158594, -29.83821199857519, 0.0016000000400000006, 45.54091629486276
2025-03-31 14:31:22,355 - 2025-03-31T14:31:22.355789, 2.761345795996183, 0.0, -1.3894328655243648, 44.59448370519341, 37.655717698325276, -30.036090331746525, 0.0016000000400000006, 45.40551629480659
2025-03-31 14:31:22,415 - 2025-03-31T14:31:22.415341, 2.756678821116243, 0.0, -1.382956034086848, 44.73808370525301, 37.496533329757945, -30.243785135817845, 0.0016000000400000006, 45.26191629474699
2025-03-31 14:31:22,476 - 2025-03-31T14:31:22.476875, 2.7502441834649276, 0.0, -1.377848643530382, 44.85908370530331, 37.28075738742439, -30.40489873929659, 0.0016000000400000006, 45.14091629469669
2025-03-31 14:31:22,535 - 2025-03-31T14:31:22.535567, 2.7444323117662623, 0.0, -1.3711499759495678, 45.026583705372985, 37.08384568684917, -30.61875350728042, 0.0016000000400000006, 44.973416294627015
2025-03-31 14:31:22,598 - 2025-03-31T14:31:22.598036, 2.738406178990345, 0.0, -1.3657374235233082, 45.14478370542222, 36.88115894813671, -30.790261258199195, 0.0016000000400000006, 44.85521629457778
2025-03-31 14:31:22,656 - 2025-03-31T14:31:22.656604, 2.732752029719114, 0.0, -1.3606589792715083, 45.30038370548707, 36.69098373650523, -30.95118211091313, 0.0016000000400000006, 44.69961629451293
2025-03-31 14:31:22,715 - 2025-03-31T14:31:22.715692, 2.727044854985566, 0.0, -1.3545920066689034, 45.4341837055429, 36.49811404444714, -31.14444075902728, 0.0016000000400000006, 44.5658162944571
2025-03-31 14:31:22,775 - 2025-03-31T14:31:22.775740, 2.7207590107361255, 0.0, -1.349618259382222, 45.542283705588055, 36.28734271294599, -31.301319603224073, 0.0016000000400000006, 44.457716294411945
2025-03-31 14:31:22,835 - 2025-03-31T14:31:22.835412, 2.714249976383873, 0.0, -1.3444440471908639, 45.63718370562773, 36.06906446519624, -31.46455058634379, 0.0016000000400000006, 44.36281629437227
2025-03-31 14:31:22,876 - 2025-03-31T14:31:22.876082, 2.71210356031024, 0.0, -1.3387525712804473, 45.68138370564621, 35.993226602668486, -31.648953638610017, 0.0016000000400000006, 44.31861629435379
2025-03-31 14:31:22,937 - 2025-03-31T14:31:22.937192, 2.7064115357087832, 0.0, -1.3329680353495017, 45.8638837057226, 35.80112676216087, -31.8329729166098, 0.0016000000400000006, 44.1361162942774
2025-03-31 14:31:22,996 - 2025-03-31T14:31:22.996273, 2.7004446495017125, 0.0, -1.327339867886475, 45.99048370577563, 35.60017247731412, -32.011602658001976, 0.0016000000400000006, 44.00951629422437
2025-03-31 14:31:23,035 - 2025-03-31T14:31:23.035560, 2.6953870277974934, 0.0, -1.3241413584372137, 46.001383705780206, 35.43136266134838, -32.111505002657324, 0.0016000000400000006, 43.998616294219794
2025-03-31 14:31:23,095 - 2025-03-31T14:31:23.095647, 2.6898286464658203, 0.0, -1.318208029104393, 46.127183705832984, 35.243497580122686, -32.300528891489535, 0.0016000000400000006, 43.872816294167016
2025-03-31 14:31:23,155 - 2025-03-31T14:31:23.155519, 2.684062225163426, 0.0, -1.3123566715385548, 46.23658370587889, 35.048895434198876, -32.48666554913031, 0.0016000000400000006, 43.76341629412111
2025-03-31 14:31:23,215 - 2025-03-31T14:31:23.215729, 2.6780209422554186, 0.0, -1.306661682440636, 46.39228370594432, 34.84543884393594, -32.66741267016344, 0.0016000000400000006, 43.60771629405568
2025-03-31 14:31:23,276 - 2025-03-31T14:31:23.276164, 2.6724184644869893, 0.0, -1.3012264048162407, 46.49708370598841, 34.65661116039498, -32.840075198407916, 0.0016000000400000006, 43.50291629401159
2025-03-31 14:31:23,335 - 2025-03-31T14:31:23.335398, 2.666718864819487, 0.0, -1.295300650549465, 46.594283706029344, 34.464126394112135, -33.028714161464904, 0.0016000000400000006, 43.405716293970656
2025-03-31 14:31:23,395 - 2025-03-31T14:31:23.395752, 2.6610192651519844, 0.0, -1.2893748962826894, 46.62478370604218, 34.27164162782926, -33.217353124521885, 0.0016000000400000006, 43.37521629395782
2025-03-31 14:31:23,455 - 2025-03-31T14:31:23.455713, 2.6547775173393005, 0.0, -1.2839030972875825, 46.767183706102195, 34.061832898643395, -33.39059332930641, 0.0016000000400000006, 43.232816293897805
2025-03-31 14:31:23,515 - 2025-03-31T14:31:23.515566, 2.6486769878624457, 0.0, -1.2784237232264308, 46.941483706175724, 33.856643854514715, -33.564218459866154, 0.0016000000400000006, 43.058516293824276
2025-03-31 14:31:23,575 - 2025-03-31T14:31:23.575416, 2.643155127901484, 0.0, -1.271851123849355, 47.19238370628176, 33.66935644982908, -33.77422339434329, 0.0016000000400000006, 42.80761629371824
2025-03-31 14:31:23,616 - 2025-03-31T14:31:23.616763, 2.6375036865492816, 0.0, -1.2694634030443583, 47.156883706266754, 33.481875142869825, -33.84698530519564, 0.0016000000400000006, 42.843116293733246
2025-03-31 14:31:23,675 - 2025-03-31T14:31:23.675476, 2.6320789484873925, 0.0, -1.2633812803096633, 47.285783706321276, 33.29824482092608, -34.04101380486024, 0.0016000000400000006, 42.714216293678724
2025-03-31 14:31:23,735 - 2025-03-31T14:31:23.735367, 2.6266025389227026, 0.0, -1.2576559909475642, 47.46298370639635, 33.11326697089186, -34.2233006289943, 0.0016000000400000006, 42.53701629360365
2025-03-31 14:31:23,795 - 2025-03-31T14:31:23.795436, 2.620984911022183, 0.0, -1.2519382766515097, 47.663483706481415, 32.92366943580045, -34.40520252735315, 0.0016000000400000006, 42.336516293518585
2025-03-31 14:31:23,855 - 2025-03-31T14:31:23.855296, 2.6149512031802202, 0.0, -1.2463845058894205, 47.77908370653049, 32.72059777131272, -34.5813299633291, 0.0016000000400000006, 42.22091629346951
2025-03-31 14:31:23,915 - 2025-03-31T14:31:23.915374, 2.608709455367536, 0.0, -1.2409127068943135, 47.867783706568225, 32.51078904212685, -34.75457016811363, 0.0016000000400000006, 42.132216293431775
2025-03-31 14:31:23,975 - 2025-03-31T14:31:23.975686, 2.6031662241679534, 0.0, -1.2352618142331515, 48.03278370663841, 32.32369381245164, -34.93435468683149, 0.0016000000400000006, 41.96721629336159
2025-03-31 14:31:24,035 - 2025-03-31T14:31:24.035671, 2.596679915013836, 0.0, -1.2305112570492818, 48.11458370667324, 32.10657034202757, -35.08372661477967, 0.0016000000400000006, 41.88541629332676
2025-03-31 14:31:24,095 - 2025-03-31T14:31:24.095455, 2.5904230170690616, 0.0, -1.224757021382516, 48.24618370672935, 31.895991761291235, -35.266206189678556, 0.0016000000400000006, 41.75381629327065
2025-03-31 14:31:24,162 - 2025-03-31T14:31:24.162612, 2.58360124578097, 0.0, -1.2190330859799312, 48.33458370676706, 31.66693444032621, -35.4471460614765, 0.0016000000400000006, 41.66541629323294
2025-03-31 14:31:24,215 - 2025-03-31T14:31:24.215489, 2.5783404512530463, 0.0, -1.213367043186679, 48.360583706778165, 31.48907858076535, -35.62770043174482, 0.0016000000400000006, 41.639416293221835
2025-03-31 14:31:24,276 - 2025-03-31T14:31:24.276160, 2.5721806752073446, 0.0, -1.2081032841622936, 48.45828370681988, 31.282157082770922, -35.79420357183119, 0.0016000000400000006, 41.54171629318012
2025-03-31 14:31:24,336 - 2025-03-31T14:31:24.336223, 2.5657460375560293, 0.0, -1.202995893605828, 48.519583706846056, 31.066381140437365, -35.95531717530993, 0.0016000000400000006, 41.480416293153944
2025-03-31 14:31:24,397 - 2025-03-31T14:31:24.397061, 2.559756426150823, 0.0, -1.196944071135313, 48.65288370690306, 30.864272078264925, -36.14780597187364, 0.0016000000400000006, 41.34711629309694
2025-03-31 14:31:24,455 - 2025-03-31T14:31:24.455726, 2.5526535721505867, 0.0, -1.19258064758822, 48.77328370695461, 30.627322339521648, -36.283896521190336, 0.0016000000400000006, 41.22671629304539
2025-03-31 14:31:24,515 - 2025-03-31T14:31:24.515462, 2.5468871508481925, 0.0, -1.1867292900223818, 48.80648370696884, 30.432720193597824, -36.47003317883111, 0.0016000000400000006, 41.19351629303116
2025-03-31 14:31:24,576 - 2025-03-31T14:31:24.576216, 2.5411207295457983, 0.0, -1.1808779324565433, 48.81858370697399, 30.238118047674, -36.65616983647189, 0.0016000000400000006, 41.18141629302601
2025-03-31 14:31:24,636 - 2025-03-31T14:31:24.636124, 2.5351021718359257, 0.0, -1.1756065983661124, 48.8005837069663, 30.035816234736743, -36.82305790233351, 0.0016000000400000006, 41.1994162930337
2025-03-31 14:31:24,695 - 2025-03-31T14:31:24.695397, 2.529068463993963, 0.0, -1.1700528276040236, 48.96688370703758, 29.832744570249012, -36.999185338309445, 0.0016000000400000006, 41.03311629296242
2025-03-31 14:31:24,755 - 2025-03-31T14:31:24.755554, 2.5230347561520006, 0.0, -1.164499056841934, 49.07038370708197, 29.629672905761318, -37.17531277428542, 0.0016000000400000006, 40.92961629291803
2025-03-31 14:31:24,815 - 2025-03-31T14:31:24.815431, 2.515991148720611, 0.0, -1.1599200182580742, 49.123183707104644, 29.394455620883775, -37.3185253140755, 0.0016000000400000006, 40.876816292895356
2025-03-31 14:31:24,875 - 2025-03-31T14:31:24.875226, 2.510358370688001, 0.0, -1.1539198672903614, 49.238483707154195, 29.20408823424188, -37.50966658254868, 0.0016000000400000006, 40.761516292845805
2025-03-31 14:31:24,935 - 2025-03-31T14:31:24.935692, 2.5044280058516417, 0.0, -1.1476524297830801, 49.27898370717159, 29.003711625935196, -37.70927736958576, 0.0016000000400000006, 40.72101629282841
2025-03-31 14:31:24,995 - 2025-03-31T14:31:24.995472, 2.4984245982738598, 0.0, -1.142663532364308, 49.39078370721969, 28.802179664548397, -37.866926065333026, 0.0016000000400000006, 40.60921629278031
2025-03-31 14:31:25,055 - 2025-03-31T14:31:25.055652, 2.4921690542886, 0.0, -1.1382546584209443, 49.49778370726576, 28.592948036148194, -38.0053261693011, 0.0016000000400000006, 40.50221629273424
2025-03-31 14:31:25,115 - 2025-03-31T14:31:25.115650, 2.4853107616297963, 0.0, -1.133169993062614, 49.61398370731584, 28.363313038643085, -38.165284995454144, 0.0016000000400000006, 40.38601629268416
2025-03-31 14:31:25,176 - 2025-03-31T14:31:25.176383, 2.4803172536414406, 0.0, -1.1272063634656124, 49.8326837074102, 28.19392669764612, -38.355848587387285, 0.0016000000400000006, 40.1673162925898
2025-03-31 14:31:25,215 - 2025-03-31T14:31:25.215308, 2.4745094438213187, 0.0, -1.124543781055002, 49.86648370742481, 28.001055854079233, -38.43746494257876, 0.0016000000400000006, 40.13351629257519
2025-03-31 14:31:25,275 - 2025-03-31T14:31:25.275442, 2.469263799425485, 0.0, -1.1191601749334086, 50.034283707497345, 27.823969846068834, -38.60877994273272, 0.0016000000400000006, 39.965716292502655
2025-03-31 14:31:25,335 - 2025-03-31T14:31:25.335449, 2.462962805043954, 0.0, -1.1139039909750688, 50.217483707576655, 27.61242866301722, -38.77489815704386, 0.0016000000400000006, 39.782516292423345
2025-03-31 14:31:25,395 - 2025-03-31T14:31:25.395342, 2.4568774256991897, 0.0, -1.108707053585575, 50.424283707666326, 27.408009470438998, -38.93928391748927, 0.0016000000400000006, 39.575716292333674
2025-03-31 14:31:25,456 - 2025-03-31T14:31:25.456553, 2.4504944595506757, 0.0, -1.1032428296565135, 50.487583707693794, 27.193581056195946, -39.11213919649855, 0.0016000000400000006, 39.512416292306206
2025-03-31 14:31:25,515 - 2025-03-31T14:31:25.515478, 2.4452929115915993, 0.0, -1.0973611718264946, 50.686083707780064, 27.017457650500837, -39.29981555724026, 0.0016000000400000006, 39.313916292219936
2025-03-31 14:31:25,576 - 2025-03-31T14:31:25.576211, 2.4382644542923, 0.0, -1.0930645699142931, 50.7957837078278, 26.783010217173754, -39.433788726916, 0.0016000000400000006, 39.2042162921722
2025-03-31 14:31:25,635 - 2025-03-31T14:31:25.635838, 2.4314881334004794, 0.0, -1.0881879445266849, 50.842983707848354, 26.55626245086011, -39.58701048837088, 0.0016000000400000006, 39.157016292151646
2025-03-31 14:31:25,696 - 2025-03-31T14:31:25.696431, 2.425765808534842, 0.0, -1.081838535252421, 51.02658370792835, 26.362622907251577, -39.7895085065994, 0.0016000000400000006, 38.97341629207165
2025-03-31 14:31:25,755 - 2025-03-31T14:31:25.755508, 2.4196439078193652, 0.0, -1.0772808679071821, 50.995483707914794, 26.15762603813328, -39.93291322139989, 0.0016000000400000006, 39.004516292085206
2025-03-31 14:31:25,816 - 2025-03-31T14:31:25.816238, 2.412911683364301, 0.0, -1.071906190811148, 51.11258370796589, 25.931840874134906, -40.102496343442525, 0.0016000000400000006, 38.88741629203411
2025-03-31 14:31:25,875 - 2025-03-31T14:31:25.875505, 2.4071314658893312, 0.0, -1.0671177582970524, 51.21678370801139, 25.737815828996737, -40.253792900266866, 0.0016000000400000006, 38.78321629198861
2025-03-31 14:31:25,936 - 2025-03-31T14:31:25.936294, 2.400095433523987, 0.0, -1.0626799380490222, 51.19768370800304, 25.502983469894424, -40.392385754999765, 0.0016000000400000006, 38.80231629199696
2025-03-31 14:31:25,996 - 2025-03-31T14:31:25.996013, 2.3937868640764104, 0.0, -1.0572825357548523, 51.461083708118196, 25.291057361067587, -40.56312365436809, 0.0016000000400000006, 38.538916291881804
2025-03-31 14:31:26,056 - 2025-03-31T14:31:26.055964, 2.3873887477958067, 0.0, -1.0515358751541317, 51.554783708159235, 25.07585909527409, -40.74521830349175, 0.0016000000400000006, 38.445216291840765
2025-03-31 14:31:26,119 - 2025-03-31T14:31:26.119072, 2.3805318090965177, 0.0, -1.047796571519203, 51.66088370820574, 24.847571050105117, -40.861097658714, 0.0016000000400000006, 38.33911629179426
2025-03-31 14:31:26,177 - 2025-03-31T14:31:26.177821, 2.3742673360856985, 0.0, -1.0419011175166077, 51.70798370822641, 24.63660754359357, -41.048196918670065, 0.0016000000400000006, 38.29201629177359
2025-03-31 14:31:26,235 - 2025-03-31T14:31:26.235401, 2.3682260531776906, 0.0, -1.0362061284186894, 51.797483708265695, 24.43315095333061, -41.228944039703194, 0.0016000000400000006, 38.202516291734305
2025-03-31 14:31:26,295 - 2025-03-31T14:31:26.295454, 2.3617018686933475, 0.0, -1.0307494795556726, 52.01318370836045, 24.214102854030386, -41.40141439293727, 0.0016000000400000006, 37.98681629163955
2025-03-31 14:31:26,355 - 2025-03-31T14:31:26.355508, 2.355497996210889, 0.0, -1.0259837722397127, 52.02918370836748, 24.00621875372068, -41.5515561724359, 0.0016000000400000006, 37.97081629163252
2025-03-31 14:31:26,415 - 2025-03-31T14:31:26.415683, 2.3492789735963404, 0.0, -1.0209356282520936, 52.165283708427374, 23.797564801860503, -41.71093732204891, 0.0016000000400000006, 37.834716291572626
2025-03-31 14:31:26,475 - 2025-03-31T14:31:26.475387, 2.343387838049721, 0.0, -1.016719644147361, 52.18678370843686, 23.600459774766065, -41.8433702128693, 0.0016000000400000006, 37.81321629156314
2025-03-31 14:31:26,535 - 2025-03-31T14:31:26.535759, 2.33612104051552, 0.0, -1.0119401406588246, 52.12798370841095, 23.357735573639914, -41.99293489158231, 0.0016000000400000006, 37.87201629158905
2025-03-31 14:31:26,595 - 2025-03-31T14:31:26.595373, 2.3296485275339793, 0.0, -1.0061266584232125, 52.31818370849476, 23.140035002430217, -42.177146920346914, 0.0016000000400000006, 37.68181629150524
2025-03-31 14:31:26,655 - 2025-03-31T14:31:26.655259, 2.3228053850072663, 0.0, -1.001324429736541, 52.307183708489916, 22.911169856475595, -42.32786637638561, 0.0016000000400000006, 37.692816291510084
2025-03-31 14:31:26,718 - 2025-03-31T14:31:26.718315, 2.3167338018350776, 0.0, -0.9950645672953042, 52.54688370859571, 22.70617356311171, -42.52709223764747, 0.0016000000400000006, 37.45311629140429
2025-03-31 14:31:26,775 - 2025-03-31T14:31:26.775483, 2.3101820250055827, 0.0, -0.9917337685357732, 52.505183708577285, 22.488279665382784, -42.629882389248664, 0.0016000000400000006, 37.494816291422715
2025-03-31 14:31:26,836 - 2025-03-31T14:31:26.836604, 2.3036729906533306, 0.0, -0.9865595563444156, 52.63618370863517, 22.270001417633047, -42.79311337236837, 0.0016000000400000006, 37.36381629136483
2025-03-31 14:31:26,895 - 2025-03-31T14:31:26.895929, 2.29772125457835, 0.0, -0.9812138255530476, 52.77458370869639, 22.069816984336754, -42.96250374364618, 0.0016000000400000006, 37.22541629130361
2025-03-31 14:31:26,956 - 2025-03-31T14:31:26.956078, 2.2908781120516375, 0.0, -0.976411596866376, 52.78728370870203, 21.840951838382153, -43.113223199684874, 0.0016000000400000006, 37.21271629129797
2025-03-31 14:31:27,035 - 2025-03-31T14:31:27.035465, 2.2858494366520845, 0.0, -0.9724325990370306, 52.76128370869052, 21.67233477318122, -43.23872627504232, 0.0016000000400000006, 37.23871629130948
2025-03-31 14:31:33,636 - 2025-03-31T14:31:33.636664, 2.292566510975058, 0.0, -0.977524839461406, 52.556683708600026, 21.89735008562912, -43.07838252311404, 0.0016000000400000006, 37.443316291399974
2025-03-31 14:31:33,696 - 2025-03-31T14:31:33.696336, 2.298457646521677, 0.0, -0.9817408235661391, 52.43178370854486, 22.094455112723544, -42.94594963229363, 0.0016000000400000006, 37.56821629145514
2025-03-31 14:31:33,755 - 2025-03-31T14:31:33.755618, 2.3046463688720458, 0.0, -0.9862240942104408, 52.140783708416606, 22.301569361482812, -42.80504722290934, 0.0016000000400000006, 37.859216291583394
2025-03-31 14:31:33,818 - 2025-03-31T14:31:33.817954, 2.310174449939538, 0.0, -0.9915925501999441, 51.85898370829266, 22.48789473960757, -42.63450207430583, 0.0016000000400000006, 38.14101629170734
2025-03-31 14:31:33,896 - 2025-03-31T14:31:33.896029, 2.316595291418277, 0.0, -0.9977628658081525, 51.37668370808129, 22.704247782726767, -42.43854837001066, 0.0016000000400000006, 38.62331629191871
2025-03-31 14:31:33,975 - 2025-03-31T14:31:33.975511, 2.3231043257705295, 0.0, -1.0029370779995106, 50.691883707782594, 22.92252603047652, -42.27531738689094, 0.0016000000400000006, 39.308116292217406
2025-03-31 14:31:34,035 - 2025-03-31T14:31:34.035199, 2.3274875100192967, 0.0, -1.0080836978457164, 50.08278370751833, 23.0711240765934, -42.11093220219994, 0.0016000000400000006, 39.91721629248167
2025-03-31 14:31:34,076 - 2025-03-31T14:31:34.076091, 2.329854408276713, 0.0, -1.0112849152140058, 49.52698370727834, 23.151774950697558, -42.008335952872386, 0.0016000000400000006, 40.47301629272166
2025-03-31 14:31:34,135 - 2025-03-31T14:31:34.135698, 2.333053466417015, 0.0, -1.0141582455143663, 48.88018370700041, 23.259374083594317, -41.91728862831056, 0.0016000000400000006, 41.11981629299959
2025-03-31 14:31:34,215 - 2025-03-31T14:31:34.215353, 2.338692465556156, 0.0, -1.018954253094507, 48.2765837067423, 23.44877944367532, -41.765607145710995, 0.0016000000400000006, 41.7234162932577
2025-03-31 14:31:34,256 - 2025-03-31T14:31:34.256028, 2.3399385461524966, 0.0, -1.0237026510503888, 47.54928370643293, 23.494204715433405, -41.611232334193616, 0.0016000000400000006, 42.45071629356707
2025-03-31 14:31:34,275 - 2025-03-31T14:31:34.275896, 2.3405350737195088, 0.0, -1.025582585852927, 47.014983706206785, 23.51557011109913, -41.55021382613505, 0.0016000000400000006, 42.985016293793215
2025-03-31 14:31:34,316 - 2025-03-31T14:31:34.316865, 2.3436156387221168, 0.0, -1.0288871462268205, 45.87428370572695, 23.619704336264398, -41.44492252062646, 0.0016000000400000006, 44.12571629427305
2025-03-31 14:31:34,336 - 2025-03-31T14:31:34.336035, 2.344034426582588, 0.0, -1.0314139261396589, 45.2778837054777, 23.635872370332898, -41.36253804114774, 0.0016000000400000006, 44.7221162945223
2025-03-31 14:31:34,356 - 2025-03-31T14:31:34.356233, 2.3459473695683357, 0.0, -1.0340729953627665, 44.510883705158726, 23.70112448616461, -41.2772657547232, 0.0016000000400000006, 45.489116294841274
2025-03-31 14:31:34,375 - 2025-03-31T14:31:34.375476, 2.347637122451271, 0.0, -1.0365315996811981, 43.850883704885646, 23.758869685747698, -41.19834560722157, 0.0016000000400000006, 46.149116295114354
2025-03-31 14:31:34,395 - 2025-03-31T14:31:34.395622, 2.3496093120058656, 0.0, -1.0389750538675395, 43.13688370459164, 23.82585425544515, -41.1201953112704, 0.0016000000400000006, 46.86311629540837
2025-03-31 14:31:34,415 - 2025-03-31T14:31:34.415261, 2.351046928481323, 0.0, -1.0420136816613788, 42.35538370427152, 23.875899788014806, -41.0220265719896, 0.0016000000400000006, 47.64461629572848
2025-03-31 14:31:34,435 - 2025-03-31T14:31:34.435589, 2.351763303145544, 0.0, -1.0448077481137856, 41.67488370399413, 23.902077043748136, -40.93117257394699, 0.0016000000400000006, 48.32511629600587
2025-03-31 14:31:34,455 - 2025-03-31T14:31:34.455275, 2.353245016057758, 0.0, -1.047348324199199, 40.75648370362174, 23.95308517863309, -40.84936519525394, 0.0016000000400000006, 49.24351629637827
2025-03-31 14:31:34,475 - 2025-03-31T14:31:34.475194, 2.354081237819187, 0.0, -1.051056522301474, 39.99678370331538, 23.984074294433995, -40.728675707227296, 0.0016000000400000006, 50.00321629668462
2025-03-31 14:31:34,495 - 2025-03-31T14:31:34.495704, 2.3550359527183096, 0.0, -1.0543334903302153, 39.17708370298647, 24.0185283179664, -40.62223020014743, 0.0016000000400000006, 50.82291629701353
2025-03-31 14:31:34,515 - 2025-03-31T14:31:34.515784, 2.356406747558875, 0.0, -1.057446514824992, 38.26878370262398, 24.06645647089509, -40.521559155450426, 0.0016000000400000006, 51.73121629737602
2025-03-31 14:31:34,535 - 2025-03-31T14:31:34.535167, 2.3570122041514465, 0.0, -1.060813029686761, 37.49848370231812, 24.089553744672145, -40.411841491403884, 0.0016000000400000006, 52.50151629768188
2025-03-31 14:31:34,555 - 2025-03-31T14:31:34.555897, 2.358152233823155, 0.0, -1.0635843709410313, 36.57958370195505, 24.129590055577005, -40.322142270687, 0.0016000000400000006, 53.42041629804495
2025-03-31 14:31:34,575 - 2025-03-31T14:31:34.575476, 2.359181345423215, 0.0, -1.0669281606046654, 35.815783701654745, 24.16654638452559, -40.213579383966135, 0.0016000000400000006, 54.184216298345255
2025-03-31 14:31:34,595 - 2025-03-31T14:31:34.595384, 2.3601953068911845, 0.0, -1.06998951359664, 34.87558370128684, 24.202732861923728, -40.11425586735965, 0.0016000000400000006, 55.12441629871316
2025-03-31 14:31:34,615 - 2025-03-31T14:31:34.615421, 2.360733941848864, 0.0, -1.0734304251593465, 34.04838370096472, 24.223712756059818, -40.00203589789691, 0.0016000000400000006, 55.95161629903528
2025-03-31 14:31:34,635 - 2025-03-31T14:31:34.635311, 2.361280151872589, 0.0, -1.0770125550578822, 33.26458370066082, 24.245077575971152, -39.88519624337699, 0.0016000000400000006, 56.73541629933918
2025-03-31 14:31:34,655 - 2025-03-31T14:31:34.655237, 2.361952430100053, 0.0, -1.0803046732187136, 32.34558370030607, 24.2702922293892, -39.77798088474667, 0.0016000000400000006, 57.65441629969393
2025-03-31 14:31:34,676 - 2025-03-31T14:31:34.676068, 2.3661310875656008, 0.0, -1.0816383979975268, 31.60998370002332, 24.408497279574846, -39.73832719659943, 0.0016000000400000006, 58.39001629997668
2025-03-31 14:31:34,695 - 2025-03-31T14:31:34.695439, 2.366112424246008, 0.0, -1.0852508281602429, 30.728383699685786, 24.411383359257464, -39.6199478389786, 0.0016000000400000006, 59.271616300314214
2025-03-31 14:31:34,715 - 2025-03-31T14:31:34.715275, 2.3670885103837516, 0.0, -1.0876060894730712, 30.01758369941466, 24.445645207779435, -39.543722747657974, 0.0016000000400000006, 59.982416300585335
2025-03-31 14:31:34,735 - 2025-03-31T14:31:34.735419, 2.3684076337215156, 0.0, -1.0910759473404439, 29.083283699059688, 24.492225832617635, -39.43131002743041, 0.0016000000400000006, 60.91671630094031
2025-03-31 14:31:34,755 - 2025-03-31T14:31:34.755436, 2.3691467335838716, 0.0, -1.0942936688003382, 28.332583698775526, 24.519557865676646, -39.326596974216294, 0.0016000000400000006, 61.66741630122447
2025-03-31 14:31:34,775 - 2025-03-31T14:31:34.775424, 2.3704279815914098, 0.0, -1.0970574349885642, 27.494483698459437, 24.56421386163869, -39.23728267927461, 0.0016000000400000006, 62.50551630154056
2025-03-31 14:31:34,797 - 2025-03-31T14:31:34.796950, 2.37065387961325, 0.0, -1.099948623340043, 26.819583698205683, 24.574414682559507, -39.14277159849012, 0.0016000000400000006, 63.18041630179432
2025-03-31 14:31:34,815 - 2025-03-31T14:31:34.815864, 2.3706944628625046, 0.0, -1.1033454384659924, 25.94978369787972, 24.579033216107874, -39.03151423134267, 0.0016000000400000006, 64.05021630212028
2025-03-31 14:31:34,835 - 2025-03-31T14:31:34.835855, 2.3710691542862192, 0.0, -1.1063702700872557, 25.21548369760542, 24.59423864786109, -38.93276839127623, 0.0016000000400000006, 64.78451630239458
2025-03-31 14:31:34,857 - 2025-03-31T14:31:34.857201, 2.3721423623230358, 0.0, -1.109216008042464, 24.416683697307935, 24.63215757912497, -38.84056686514311, 0.0016000000400000006, 65.58331630269207
2025-03-31 14:31:34,875 - 2025-03-31T14:31:34.875877, 2.3719521804034334, 0.0, -1.1122711399279082, 23.79348369707647, 24.6288842706495, -38.740281321975736, 0.0016000000400000006, 66.20651630292353
2025-03-31 14:31:34,895 - 2025-03-31T14:31:34.895935, 2.3723117216950578, 0.0, -1.1150135348775128, 22.86208369673149, 24.643319850852258, -38.65077485202365, 0.0016000000400000006, 67.13791630326851
2025-03-31 14:31:34,917 - 2025-03-31T14:31:34.917212, 2.3719727463735807, 0.0, -1.1179350234931724, 22.217483696493424, 24.63504193154437, -38.55472406813824, 0.0016000000400000006, 67.78251630350658
2025-03-31 14:31:34,935 - 2025-03-31T14:31:34.935675, 2.3734393091537047, 0.0, -1.120193162906928, 21.374583696182885, 24.685280214878873, -38.482156059559514, 0.0016000000400000006, 68.62541630381712
2025-03-31 14:31:34,955 - 2025-03-31T14:31:34.955338, 2.373895972344402, 0.0, -1.1234260344989124, 20.752883695954402, 24.703372877823526, -38.376673154794936, 0.0016000000400000006, 69.24711630404559
2025-03-31 14:31:34,975 - 2025-03-31T14:31:34.975668, 2.3741218703662423, 0.0, -1.1263172228503917, 19.91178369564602, 24.71357369874434, -38.28216207401044, 0.0016000000400000006, 70.08821630435398
2025-03-31 14:31:34,995 - 2025-03-31T14:31:34.995576, 2.373307568534475, 0.0, -1.129618270036783, 19.300483695422376, 24.69008919617442, -38.17321483726876, 0.0016000000400000006, 70.69951630457763
2025-03-31 14:31:35,015 - 2025-03-31T14:31:35.015279, 2.3736443846279647, 0.0, -1.1319370099788997, 18.545283695146654, 24.703369999051503, -38.0975674224882, 0.0016000000400000006, 71.45471630485335
2025-03-31 14:31:35,037 - 2025-03-31T14:31:35.037089, 2.373788310882822, 0.0, -1.134620158359657, 17.899583694911364, 24.71068358878086, -38.00979340640186, 0.0016000000400000006, 72.10041630508864
2025-03-31 14:31:35,056 - 2025-03-31T14:31:35.056238, 2.3745122606130877, 0.0, -1.137555443147893, 17.147783694637965, 24.737245770289427, -37.91431972330208, 0.0016000000400000006, 72.85221630536203
2025-03-31 14:31:35,075 - 2025-03-31T14:31:35.075429, 2.374894527102848, 0.0, -1.1407214931049854, 16.545683694419402, 24.752836127817886, -37.810954198178464, 0.0016000000400000006, 73.45431630558059
2025-03-31 14:31:35,096 - 2025-03-31T14:31:35.095967, 2.3756260518991588, 0.0, -1.143797996229051, 15.874383694176093, 24.779783235101675, -37.7108608300215, 0.0016000000400000006, 74.12561630582391
2025-03-31 14:31:35,115 - 2025-03-31T14:31:35.115772, 2.3754951165484033, 0.0, -1.146637513077728, 15.334483693980674, 24.77824238049194, -37.61769727732753, 0.0016000000400000006, 74.66551630601933
2025-03-31 14:31:35,135 - 2025-03-31T14:31:35.135341, 2.3749997727590064, 0.0, -1.1492841400877745, 14.67608369374275, 24.764574924576408, -37.53050093778121, 0.0016000000400000006, 75.32391630625725
2025-03-31 14:31:35,158 - 2025-03-31T14:31:35.158420, 2.3741778958611945, 0.0, -1.1524439689383361, 14.015483693504345, 24.74070549623127, -37.42617338609673, 0.0016000000400000006, 75.98451630649565
2025-03-31 14:31:35,176 - 2025-03-31T14:31:35.175976, 2.3748122987584326, 0.0, -1.155029995420021, 13.496583693317334, 24.76399552077315, -37.34205645275229, 0.0016000000400000006, 76.50341630668267
2025-03-31 14:31:35,195 - 2025-03-31T14:31:35.195209, 2.3755135232905626, 0.0, -1.1575416252007686, 12.944583693118627, 24.789402924956008, -37.260441824824035, 0.0016000000400000006, 77.05541630688137
2025-03-31 14:31:35,215 - 2025-03-31T14:31:35.215492, 2.375122876466284, 0.0, -1.1608199471890246, 12.368283692911367, 24.779777477557623, -37.15264936540806, 0.0016000000400000006, 77.63171630708865
2025-03-31 14:31:35,235 - 2025-03-31T14:31:35.235268, 2.3749023942825005, 0.0, -1.1633102057311508, 11.776983692698993, 24.774964465981213, -37.0708425624694, 0.0016000000400000006, 78.22301630730101
2025-03-31 14:31:35,255 - 2025-03-31T14:31:35.255361, 2.375009799166648, 0.0, -1.166632624156163, 11.263683692514785, 24.781700379170573, -36.96208750073815, 0.0016000000400000006, 78.73631630748521
2025-03-31 14:31:35,275 - 2025-03-31T14:31:35.275520, 2.375718598764823, 0.0, -1.1692854722727404, 10.752183692331387, 24.807492709128653, -36.87585318775272, 0.0016000000400000006, 79.24781630766861
2025-03-31 14:31:35,316 - 2025-03-31T14:31:35.316871, 2.376088423041521, 0.0, -1.1748598090049773, 9.876383692017754, 24.825007119778853, -36.69356809088187, 0.0016000000400000006, 80.12361630798225
2025-03-31 14:31:35,356 - 2025-03-31T14:31:35.356260, 2.375320925565539, 0.0, -1.180353527929746, 9.074383691730898, 24.80517912419642, -36.51282327286636, 0.0016000000400000006, 80.9256163082691
2025-03-31 14:31:35,395 - 2025-03-31T14:31:35.395295, 2.375467559739426, 0.0, -1.1857273997573063, 8.31498369145956, 24.81518661859802, -36.336890314918435, 0.0016000000400000006, 81.68501630854044
2025-03-31 14:31:35,435 - 2025-03-31T14:31:35.435402, 2.3754137290086366, 0.0, -1.1913244616876786, 7.757983691260726, 24.818841974076705, -36.153450440721905, 0.0016000000400000006, 82.24201630873927
2025-03-31 14:31:35,475 - 2025-03-31T14:31:35.475749, 2.375694006452307, 0.0, -1.1965495401133648, 7.2275836910715, 24.83308422776024, -35.98252209360638, 0.0016000000400000006, 82.7724163089285
2025-03-31 14:31:35,515 - 2025-03-31T14:31:35.515186, 2.3749340840423705, 0.0, -1.202184477373963, 6.764683690906454, 24.81364115795305, -35.79715759053368, 0.0016000000400000006, 83.23531630909355
2025-03-31 14:31:35,555 - 2025-03-31T14:31:35.555353, 2.37551194828979, 0.0, -1.2076768423392172, 6.2788836907333, 24.837892633301394, -35.617759724854274, 0.0016000000400000006, 83.7211163092667
2025-03-31 14:31:35,596 - 2025-03-31T14:31:35.596302, 2.375717829032524, 0.0, -1.212835099130011, 5.702983690528182, 24.84963258156874, -35.44894875737974, 0.0016000000400000006, 84.29701630947181
2025-03-31 14:31:35,635 - 2025-03-31T14:31:35.635162, 2.375730819936626, 0.0, -1.218357764359446, 5.352583690403394, 24.855405316688383, -35.268011188599395, 0.0016000000400000006, 84.64741630959661
2025-03-31 14:31:35,676 - 2025-03-31T14:31:35.676328, 2.3749040758917976, 0.0, -1.2240670983209814, 4.919183690249143, 24.833844867240217, -35.080144380110504, 0.0016000000400000006, 85.08081630975086
2025-03-31 14:31:35,715 - 2025-03-31T14:31:35.715674, 2.375548761774109, 0.0, -1.2294850665852985, 4.548383690117203, 24.86021372222953, -34.9032488198473, 0.0016000000400000006, 85.4516163098828
2025-03-31 14:31:35,755 - 2025-03-31T14:31:35.755252, 2.3755025061093646, 0.0, -1.2352233468515, 4.2579836900138615, 24.864254003483452, -34.7151892605936, 0.0016000000400000006, 85.74201630998614
2025-03-31 14:31:35,796 - 2025-03-31T14:31:35.796000, 2.376177492255857, 0.0, -1.241206188459135, 3.8957836898850617, 24.8921625615737, -34.51981496010167, 0.0016000000400000006, 86.10421631011494
2025-03-31 14:31:35,835 - 2025-03-31T14:31:35.835142, 2.3758260747213185, 0.0, -1.2465359638499387, 3.5915836897768734, 24.88580869538756, -34.34484460446903, 0.0016000000400000006, 86.40841631022315
2025-03-31 14:31:35,895 - 2025-03-31T14:31:35.895613, 2.3767028797320013, 0.0, -1.2536409770781631, 3.2258836896468552, 24.921416344736834, -34.11289774929493, 0.0016000000400000006, 86.77411631035315
2025-03-31 14:31:35,955 - 2025-03-31T14:31:35.955246, 2.3767688960984197, 0.0, -1.2601521706584031, 2.95138368954926, 24.92988356028311, -33.899622385114384, 0.0016000000400000006, 87.04861631045074
2025-03-31 14:31:36,036 - 2025-03-31T14:31:36.036255, 2.376930680404397, 0.0, -1.2658084791576223, 2.798983689495099, 24.94066090623518, -33.714450057052105, 0.0016000000400000006, 87.2010163105049
2025-03-31 14:31:36,675 - 2025-03-31T14:31:36.675335, 2.376214854431217, 0.0, -1.270945364709795, 2.691883689457032, 24.922180438743254, -33.54544691456715, 0.0016000000400000006, 87.30811631054297
2025-03-31 14:31:41,655 - 2025-03-31T14:31:41.655391, 2.3776126929258936, 0.0, -1.2640015870965073, 2.742283689474946, 24.961257601859252, -33.77431321203057, 0.0016000000400000006, 87.25771631052505
2025-03-31 14:31:41,715 - 2025-03-31T14:31:41.715509, 2.3772642398878165, 0.0, -1.257505543648357, 2.9796836895593297, 24.943551016198633, -33.98681872466067, 0.0016000000400000006, 87.02031631044068
2025-03-31 14:31:41,755 - 2025-03-31T14:31:41.755635, 2.377236098851624, 0.0, -1.2517004417472637, 3.045383689582678, 24.937008429528518, -34.17699566355535, 0.0016000000400000006, 86.95461631041732
2025-03-31 14:31:41,800 - 2025-03-31T14:31:41.800880, 2.377221753988007, 0.0, -1.244832414794427, 3.149583689619736, 24.929888742072748, -34.40201270326648, 0.0016000000400000006, 86.85041631038027
2025-03-31 14:31:41,836 - 2025-03-31T14:31:41.836074, 2.376783754116903, 0.0, -1.237987113039726, 3.473483689734879, 24.908909999445484, -34.62587496565191, 0.0016000000400000006, 86.52651631026512
2025-03-31 14:31:41,876 - 2025-03-31T14:31:41.876904, 2.3754681439666414, 0.0, -1.2306223883379785, 3.614983689785176, 24.858673443374222, -34.86590641361466, 0.0016000000400000006, 86.38501631021482
2025-03-31 14:31:41,916 - 2025-03-31T14:31:41.916173, 2.375386977468133, 0.0, -1.2238287580860794, 3.8706836898761185, 24.849436376277495, -35.08842114790958, 0.0016000000400000006, 86.12931631012388
2025-03-31 14:31:41,955 - 2025-03-31T14:31:41.955599, 2.3753953578026517, 0.0, -1.217384386140731, 3.9722836899122598, 24.843471466147427, -35.299579132449175, 0.0016000000400000006, 86.02771631008774
2025-03-31 14:31:41,997 - 2025-03-31T14:31:41.997395, 2.3749056864287446, 0.0, -1.2108959177586258, 4.108683689960788, 24.821145195429608, -35.511699719304055, 0.0016000000400000006, 85.89131631003922
2025-03-31 14:31:42,035 - 2025-03-31T14:31:42.035336, 2.3745358621520465, 0.0, -1.2053215810263889, 4.2867836900241265, 24.803630784779408, -35.6939848161749, 0.0016000000400000006, 85.71321630997588
2025-03-31 14:31:42,076 - 2025-03-31T14:31:42.076069, 2.3750133478903246, 0.0, -1.1997017938978818, 4.446983690081114, 24.813834484472274, -35.87857946769711, 0.0016000000400000006, 85.55301630991889
2025-03-31 14:31:42,135 - 2025-03-31T14:31:42.135459, 2.3738389560758923, 0.0, -1.1923294941300888, 4.5251836901089275, 24.768217613458177, -36.1189958414351, 0.0016000000400000006, 85.47481630989107
2025-03-31 14:31:42,195 - 2025-03-31T14:31:42.195529, 2.374025076116952, 0.0, -1.1852382770744407, 4.762583690193413, 24.76745006492534, -36.35151979739483, 0.0016000000400000006, 85.23741630980659
2025-03-31 14:31:42,255 - 2025-03-31T14:31:42.255292, 2.3741595246552096, 0.0, -1.1785038933913885, 4.841283690221421, 24.76533498830198, -36.572302077824006, 0.0016000000400000006, 85.1587163097786
2025-03-31 14:31:42,298 - 2025-03-31T14:31:42.298359, 2.3728907188607335, 0.0, -1.1733318404280184, 4.988683690273878, 24.718754939218215, -36.740535944512914, 0.0016000000400000006, 85.01131630972613
2025-03-31 14:31:42,356 - 2025-03-31T14:31:42.356574, 2.3723480220245103, 0.0, -1.165854843695108, 5.138683690327277, 24.693734188073783, -36.98499432676802, 0.0016000000400000006, 84.86131630967273
2025-03-31 14:31:42,416 - 2025-03-31T14:31:42.416931, 2.373225083612627, 0.0, -1.1584433146375752, 5.526783690465434, 24.715295213276384, -37.22868228171826, 0.0016000000400000006, 84.47321630953456
2025-03-31 14:31:42,455 - 2025-03-31T14:31:42.455348, 2.3724316043284404, 0.0, -1.152891703103474, 5.891683690595368, 24.68392174745464, -37.409812601263404, 0.0016000000400000006, 84.10831630940463
2025-03-31 14:31:42,477 - 2025-03-31T14:31:42.477109, 2.3733581781913706, 0.0, -1.1503635692311218, 6.378383690768771, 24.71183318431693, -37.493544033078216, 0.0016000000400000006, 83.62161630923123
2025-03-31 14:31:42,515 - 2025-03-31T14:31:42.515314, 2.374125675667352, 0.0, -1.1448698503063528, 7.240483691076095, 24.731661179899348, -37.67428885109374, 0.0016000000400000006, 82.7595163089239
2025-03-31 14:31:42,536 - 2025-03-31T14:31:42.536749, 2.373758559309682, 0.0, -1.1419862370209186, 7.855083691295384, 24.716840673921347, -37.76841500610301, 0.0016000000400000006, 82.14491630870461
2025-03-31 14:31:42,555 - 2025-03-31T14:31:42.555623, 2.3747519548075045, 0.0, -1.1393837064476293, 8.394183691487841, 24.746869490424615, -37.854648743334025, 0.0016000000400000006, 81.60581630851216
2025-03-31 14:31:42,575 - 2025-03-31T14:31:42.575350, 2.374459235150772, 0.0, -1.1365669147970872, 8.90978369167206, 24.734551289862814, -37.946657518702324, 0.0016000000400000006, 81.09021630832794
2025-03-31 14:31:42,597 - 2025-03-31T14:31:42.597218, 2.3738689286902903, 0.0, -1.1334828366069774, 9.782883691984278, 24.712223867636204, -38.047135812634494, 0.0016000000400000006, 80.21711630801572
2025-03-31 14:31:42,616 - 2025-03-31T14:31:42.616183, 2.3753452257644474, 0.0, -1.1306419657987856, 10.345583692185727, 24.757844193176723, -38.14164631766458, 0.0016000000400000006, 79.65441630781427
2025-03-31 14:31:42,635 - 2025-03-31T14:31:42.635362, 2.374012306254108, 0.0, -1.1282350329831559, 11.022883692428435, 24.7118406691242, -38.2192189370757, 0.0016000000400000006, 78.97711630757156
2025-03-31 14:31:42,655 - 2025-03-31T14:31:42.655298, 2.373429574859671, 0.0, -1.1252921731288748, 11.737683692684868, 24.689898172672805, -38.31507754595072, 0.0016000000400000006, 78.26231630731513
2025-03-31 14:31:42,675 - 2025-03-31T14:31:42.675355, 2.374980268634766, 0.0, -1.1225181239555755, 12.419883692929929, 24.738020803629546, -38.40747067133982, 0.0016000000400000006, 77.58011630707007
2025-03-31 14:31:42,695 - 2025-03-31T14:31:42.695691, 2.375483187490208, 0.0, -1.1200127152813586, 13.119683693181631, 24.7520731853203, -38.490047325828954, 0.0016000000400000006, 76.88031630681837
2025-03-31 14:31:42,717 - 2025-03-31T14:31:42.717501, 2.3744099794533913, 0.0, -1.1171669773261503, 13.79138369342357, 24.714154254056425, -38.58224885196206, 0.0016000000400000006, 76.20861630657643
2025-03-31 14:31:42,735 - 2025-03-31T14:31:42.735709, 2.3753062530521403, 0.0, -1.1140739701104803, 14.536283693692255, 24.74052598781777, -38.6844590240056, 0.0016000000400000006, 75.46371630630775
2025-03-31 14:31:42,755 - 2025-03-31T14:31:42.755585, 2.3752442985642648, 0.0, -1.1115988617004442, 15.186183693927052, 24.73609962927982, -38.76549597539378, 0.0016000000400000006, 74.81381630607295
2025-03-31 14:31:42,775 - 2025-03-31T14:31:42.775240, 2.374699442500054, 0.0, -1.1093620935253101, 15.94508369420168, 24.716081761704594, -38.83825615898291, 0.0016000000400000006, 74.05491630579832
2025-03-31 14:31:42,795 - 2025-03-31T14:31:42.795601, 2.3761013428732745, 0.0, -1.1064544010822264, 16.704483694477013, 24.75919978182894, -38.93488404365397, 0.0016000000400000006, 73.295516305523
2025-03-31 14:31:42,815 - 2025-03-31T14:31:42.815378, 2.3760090881212177, 0.0, -1.1034144193288729, 17.46448369475306, 24.75323372019004, -39.03439973527087, 0.0016000000400000006, 72.53551630524696
2025-03-31 14:31:42,835 - 2025-03-31T14:31:42.835557, 2.374355856608994, 0.0, -1.1003165449661862, 18.07968369497696, 24.69606619714701, -39.134300928417424, 0.0016000000400000006, 71.92031630502304
2025-03-31 14:31:42,856 - 2025-03-31T14:31:42.856412, 2.37417405502391, 0.0, -1.0969273049062824, 18.949283695294067, 24.68682797854146, -39.245173369789626, 0.0016000000400000006, 71.05071630470593
2025-03-31 14:31:42,875 - 2025-03-31T14:31:42.875524, 2.3754498871933905, 0.0, -1.094309624200902, 19.638983695546163, 24.726096165159056, -39.332176958571125, 0.0016000000400000006, 70.36101630445386
2025-03-31 14:31:42,895 - 2025-03-31T14:31:42.895236, 2.3748671557989547, 0.0, -1.091366764346621, 20.353483695807874, 24.704153668707704, -39.42803556744614, 0.0016000000400000006, 69.64651630419212
2025-03-31 14:31:42,916 - 2025-03-31T14:31:42.916017, 2.3747900511789886, 0.0, -1.0886092192649262, 21.183383696112582, 24.69895745861927, -39.51831188894869, 0.0016000000400000006, 68.81661630388741
2025-03-31 14:31:42,935 - 2025-03-31T14:31:42.935425, 2.3743333879882913, 0.0, -1.0853763476729417, 21.79158369633641, 24.680864795674616, -39.623794793713266, 0.0016000000400000006, 68.2084163036636
2025-03-31 14:31:42,955 - 2025-03-31T14:31:42.955326, 2.3733421517184574, 0.0, -1.082738649688455, 22.564383696621473, 24.64583309560217, -39.70925925514823, 0.0016000000400000006, 67.43561630337852
2025-03-31 14:31:42,976 - 2025-03-31T14:31:42.976482, 2.3735171835059696, 0.0, -1.0794010811313521, 23.25338369687627, 24.64833655252719, -39.81878416842996, 0.0016000000400000006, 66.74661630312373
2025-03-31 14:31:42,995 - 2025-03-31T14:31:42.995343, 2.3733064356162195, 0.0, -1.076792329451532, 23.87708369710747, 24.638905583156827, -39.904055879100085, 0.0016000000400000006, 66.12291630289253
2025-03-31 14:31:43,015 - 2025-03-31T14:31:43.015342, 2.3717124506728418, 0.0, -1.0734788400520787, 24.5445836973555, 24.583470513979513, -40.011079062720015, 0.0016000000400000006, 65.4554163026445
2025-03-31 14:31:43,035 - 2025-03-31T14:31:43.035295, 2.371375634579353, 0.0, -1.071160100109962, 25.153883697582454, 24.57018971110245, -40.086726477500584, 0.0016000000400000006, 64.84611630241754
2025-03-31 14:31:43,055 - 2025-03-31T14:31:43.055396, 2.3714989948640635, 0.0, -1.0681793649254558, 25.808783697827, 24.571345639936958, -40.18450971525173, 0.0016000000400000006, 64.191216302173
2025-03-31 14:31:43,075 - 2025-03-31T14:31:43.075186, 2.3709238385356723, 0.0, -1.0653777234070039, 26.506783698088327, 24.549788069260813, -40.275748639069576, 0.0016000000400000006, 63.49321630191167
2025-03-31 14:31:43,095 - 2025-03-31T14:31:43.095612, 2.3708467339157067, 0.0, -1.062620178325309, 27.102583698312003, 24.5445918591724, -40.36602496057212, 0.0016000000400000006, 62.897416301688
2025-03-31 14:31:43,115 - 2025-03-31T14:31:43.115565, 2.3701606595156663, 0.0, -1.06039098521622, 27.790483698570952, 24.519954306539987, -40.438400218386015, 0.0016000000400000006, 62.20951630142905
2025-03-31 14:31:43,135 - 2025-03-31T14:31:43.135252, 2.3700684047636105, 0.0, -1.0573510034628666, 28.383783698794872, 24.513988244901128, -40.537915910002916, 0.0016000000400000006, 61.61621630120513
2025-03-31 14:31:43,156 - 2025-03-31T14:31:43.156085, 2.369663413075715, 0.0, -1.0537612984982854, 29.161483699089334, 24.497243110046966, -40.65514049029808, 0.0016000000400000006, 60.83851630091067
2025-03-31 14:31:43,175 - 2025-03-31T14:31:43.175318, 2.368679751871926, 0.0, -1.0512648188496283, 29.75808369931592, 24.46259633574975, -40.73598526667585, 0.0016000000400000006, 60.24191630068408
2025-03-31 14:31:43,195 - 2025-03-31T14:31:43.195329, 2.3677339659983625, 0.0, -1.0494744308801174, 30.32478369953171, 24.429874190328675, -40.79373161776777, 0.0016000000400000006, 59.67521630046829
2025-03-31 14:31:43,235 - 2025-03-31T14:31:43.235464, 2.3652788748674336, 0.0, -1.0472693169286784, 31.178083699857773, 24.34729811159398, -40.863605145919855, 0.0016000000400000006, 58.82191630014223
2025-03-31 14:31:43,275 - 2025-03-31T14:31:43.275405, 2.3664362138992203, 0.0, -1.0450828662968314, 31.791983700093148, 24.3831013904801, -40.93636475375459, 0.0016000000400000006, 58.20801629990685
2025-03-31 14:31:43,956 - 2025-03-31T14:31:43.956501, 2.3669288497695886, 0.0, -1.0397455158399826, 32.51488370037131, 24.394074941723424, -41.111720035162456, 0.0016000000400000006, 57.48511629962869
2025-03-31 14:31:43,996 - 2025-03-31T14:31:43.996034, 2.367214799628749, 0.0, -1.0358354988735172, 33.25748370065807, 24.399658380604677, -41.24010861444811, 0.0016000000400000006, 56.74251629934193
2025-03-31 14:31:44,035 - 2025-03-31T14:31:44.035373, 2.364884422742045, 0.0, -1.0319950114609728, 34.09188370098164, 24.319585183040573, -41.363685909420575, 0.0016000000400000006, 55.90811629901836
2025-03-31 14:31:44,055 - 2025-03-31T14:31:44.055416, 2.3641239516410675, 0.0, -1.0296989967169918, 34.72078370122645, 24.292445324991967, -41.43817854687545, 0.0016000000400000006, 55.27921629877355
2025-03-31 14:31:44,076 - 2025-03-31T14:31:44.076277, 2.3630658937363416, 0.0, -1.0271356954334427, 35.482883701524266, 24.255296245278558, -41.52114070289419, 0.0016000000400000006, 54.517116298475734
2025-03-31 14:31:44,095 - 2025-03-31T14:31:44.095432, 2.3620822325325523, 0.0, -1.0246392157847848, 36.15218370178684, 24.22064947098133, -41.60198547927199, 0.0016000000400000006, 53.84781629821316
2025-03-31 14:31:44,115 - 2025-03-31T14:31:44.115251, 2.3605626442901126, 0.0, -1.021392548020224, 36.88078370207385, 24.16771670722025, -41.70689128325095, 0.0016000000400000006, 53.11921629792615
2025-03-31 14:31:44,135 - 2025-03-31T14:31:44.135626, 2.358619401040184, 0.0, -1.0181686054537988, 37.68138370239061, 24.100924888287615, -41.81064230990419, 0.0016000000400000006, 52.31861629760939
2025-03-31 14:31:44,156 - 2025-03-31T14:31:44.156023, 2.3571893596307723, 0.0, -1.0152711959957887, 38.53958370273185, 24.051264281493182, -41.90419136412781, 0.0016000000400000006, 51.46041629726815
2025-03-31 14:31:44,175 - 2025-03-31T14:31:44.175257, 2.355766893287405, 0.0, -1.0125150048736082, 39.40918370307944, 24.00198860047398, -41.993120733294255, 0.0016000000400000006, 50.59081629692056
2025-03-31 14:31:44,196 - 2025-03-31T14:31:44.196910, 2.3543065516138117, 0.0, -1.0090527220722807, 40.336283703452104, 23.950788290578622, -42.10514852774659, 0.0016000000400000006, 49.663716296547896
2025-03-31 14:31:44,215 - 2025-03-31T14:31:44.215367, 2.351517352308422, 0.0, -1.0072195916255278, 41.17538370379133, 23.85762531363904, -42.16251052881767, 0.0016000000400000006, 48.82461629620867
2025-03-31 14:31:44,235 - 2025-03-31T14:31:44.235522, 2.349812449293396, 0.0, -1.0044785506354375, 42.000383704126634, 23.79911026250548, -42.250670046433655, 0.0016000000400000006, 47.999616295873366
2025-03-31 14:31:44,255 - 2025-03-31T14:31:44.255565, 2.34887153056685, 0.0, -1.0001386575549533, 42.914983704500585, 23.76407913818747, -42.391955654329955, 0.0016000000400000006, 47.085016295499415
2025-03-31 14:31:44,275 - 2025-03-31T14:31:44.275572, 2.3478878693630603, 0.0, -0.9976421779062958, 43.76578370485053, 23.729432363890226, -42.47280043070775, 0.0016000000400000006, 46.23421629514947
2025-03-31 14:31:44,295 - 2025-03-31T14:31:44.295437, 2.3453294352265273, 0.0, -0.9961507307000486, 44.62498370520608, 23.64416122897449, -42.519190607798734, 0.0016000000400000006, 45.37501629479392
2025-03-31 14:31:44,315 - 2025-03-31T14:31:44.315496, 2.3452523306065616, 0.0, -0.9933931856183538, 45.39798370552781, 23.638965018886076, -42.60946692930128, 0.0016000000400000006, 44.60201629447219
2025-03-31 14:31:44,336 - 2025-03-31T14:31:44.335959, 2.3441060798283226, 0.0, -0.9918259877516551, 45.97928370577094, 23.59989073454212, -42.65970636414456, 0.0016000000400000006, 44.02071629422906
2025-03-31 14:31:44,375 - 2025-03-31T14:31:44.375324, 2.341711589225754, 0.0, -0.9907506204868506, 46.65868370605646, 23.52039406200923, -42.69262241183926, 0.0016000000400000006, 43.34131629394354
2025-03-31 14:31:44,435 - 2025-03-31T14:31:44.435244, 2.3440427713809324, 0.0, -0.988005517618217, 47.213883706290865, 23.594117423668045, -42.784822786463565, 0.0016000000400000006, 42.786116293709135
2025-03-31 14:31:45,517 - 2025-03-31T14:31:45.517129, 2.348346143090705, 0.0, -0.9877038689359257, 47.81798370654703, 23.7348253550243, -42.79887286513667, 0.0016000000400000006, 42.18201629345297
2025-03-31 14:31:45,577 - 2025-03-31T14:31:45.577193, 2.3512110930565466, 0.0, -0.9909491827409718, 48.41798370680266, 23.831837589716194, -42.69531401349385, 0.0016000000400000006, 41.58201629319734
2025-03-31 14:31:45,615 - 2025-03-31T14:31:45.615533, 2.3533596683581672, 0.0, -0.9914004300936119, 49.05588370707576, 23.902672568674767, -42.6826091598936, 0.0016000000400000006, 40.94411629292425
2025-03-31 14:31:45,655 - 2025-03-31T14:31:45.655471, 2.3550632174136785, 0.0, -0.9927961093603006, 49.622583707319535, 23.959840667472193, -42.63852911320841, 0.0016000000400000006, 40.377416292680465
2025-03-31 14:31:45,697 - 2025-03-31T14:31:45.697166, 2.3557630879862947, 0.0, -0.9939623774176471, 50.16808370755526, 23.983901119318958, -42.60099395621095, 0.0016000000400000006, 39.83191629244474
2025-03-31 14:31:46,335 - 2025-03-31T14:31:46.335580, 2.3576733230530134, 0.0, -0.993930723193952, 50.689083707781364, 24.04645933047844, -42.60388061164798, 0.0016000000400000006, 39.310916292218636
2025-03-31 14:31:46,536 - 2025-03-31T14:31:46.536924, 2.360439797160268, 0.0, -0.9953401986332171, 51.18748370799859, 24.138467530092342, -42.560377665748426, 0.0016000000400000006, 38.81251629200141
2025-03-31 14:31:46,575 - 2025-03-31T14:31:46.575449, 2.363406736172199, 0.0, -0.9965264839696704, 51.71328370822871, 24.236827868629163, -42.52438163609748, 0.0016000000400000006, 38.28671629177129
2025-03-31 14:31:46,615 - 2025-03-31T14:31:46.615459, 2.3659272949785057, 0.0, -0.9973118394967706, 52.26268370847029, 24.320174374668724, -42.50108988429239, 0.0016000000400000006, 37.73731629152971
2025-03-31 14:31:46,656 - 2025-03-31T14:31:46.656418, 2.3674152289972508, 0.0, -0.9986482721946128, 52.81508370871434, 24.3702204829928, -42.45874229147293, 0.0016000000400000006, 37.18491629128566
2025-03-31 14:31:46,695 - 2025-03-31T14:31:46.695312, 2.369452886227223, 0.0, -0.9996719679566155, 53.329683708942724, 24.437975479995124, -42.427173771868745, 0.0016000000400000006, 36.670316291057276
2025-03-31 14:31:46,755 - 2025-03-31T14:31:46.755955, 2.3711185599525093, 0.0, -1.0003615555441576, 53.81898370916083, 24.493218949916425, -42.40619215046944, 0.0016000000400000006, 36.18101629083917
2025-03-31 14:31:54,695 - 2025-03-31T14:31:54.695372, 2.3737451696834486, 0.0, -1.003123967772869, 53.18878370888009, 24.58195441680924, -42.31822480786387, 0.0016000000400000006, 36.81121629111991
2025-03-31 14:31:54,775 - 2025-03-31T14:31:54.775440, 2.3759026740106286, 0.0, -1.0050617951847398, 52.687583708657904, 24.654521273879126, -42.25682079827566, 0.0016000000400000006, 37.312416291342096
2025-03-31 14:31:54,895 - 2025-03-31T14:31:54.895426, 2.3781862465415484, 0.0, -1.0067096108589069, 52.09478370839634, 24.730937964455755, -42.20504108457704, 0.0016000000400000006, 37.90521629160366
2025-03-31 14:31:55,115 - 2025-03-31T14:31:55.115529, 2.3797878065509703, 0.0, -1.0101643185941889, 51.523083708145364, 24.78675795940827, -42.09339821589995, 0.0016000000400000006, 38.476916291854636
2025-03-31 14:31:55,195 - 2025-03-31T14:31:55.195285, 2.382452291612136, 0.0, -1.0136328225020472, 50.705183707788365, 24.877418055177273, -41.98233244800849, 0.0016000000400000006, 39.294816292211635
2025-03-31 14:31:55,235 - 2025-03-31T14:31:55.235367, 2.3840690017536486, 0.0, -1.017369966908988, 49.95498370746305, 24.93400790168026, -41.861450209217054, 0.0016000000400000006, 40.04501629253695
2025-03-31 14:31:55,276 - 2025-03-31T14:31:55.276209, 2.3867624331194794, 0.0, -1.0200579824367626, 49.14978370711606, 25.024860748214024, -41.77598517202767, 0.0016000000400000006, 40.85021629288394
2025-03-31 14:31:55,295 - 2025-03-31T14:31:55.295192, 2.3878873126590983, 0.0, -1.022546887019375, 48.583983706873575, 25.06412720756844, -41.69552532142511, 0.0016000000400000006, 41.416016293126425
2025-03-31 14:31:55,315 - 2025-03-31T14:31:55.315449, 2.3890046171326715, 0.0, -1.0248945732661574, 48.08458370666047, 25.103008741147598, -41.61968515587974, 0.0016000000400000006, 41.91541629333953
2025-03-31 14:31:55,335 - 2025-03-31T14:31:55.335841, 2.39125788939941, 0.0, -1.0259775155970075, 47.44718370638965, 25.177885728623288, -41.586384182409816, 0.0016000000400000006, 42.55281629361035
2025-03-31 14:31:55,355 - 2025-03-31T14:31:55.355481, 2.392970367480481, 0.0, -1.028859774922927, 46.919583706166485, 25.23678570553207, -41.49360497973666, 0.0016000000400000006, 43.080416293833515
2025-03-31 14:31:55,375 - 2025-03-31T14:31:55.375185, 2.3941103971521898, 0.0, -1.031631116177198, 46.22088370587231, 25.276822016436917, -41.40390575901974, 0.0016000000400000006, 43.77911629412769
2025-03-31 14:31:55,395 - 2025-03-31T14:31:55.395944, 2.396187283671902, 0.0, -1.034706265341749, 45.580383705604, 25.347848594651488, -41.305159343198895, 0.0016000000400000006, 44.419616294396
2025-03-31 14:31:55,415 - 2025-03-31T14:31:55.415467, 2.3977433932850536, 0.0, -1.0373136630620547, 44.87958370531183, 25.401359034952648, -41.22123458486487, 0.0016000000400000006, 45.12041629468817
2025-03-31 14:31:55,435 - 2025-03-31T14:31:55.435670, 2.3996411861387106, 0.0, -1.0396902956135041, 44.22678370504101, 25.465841299233887, -41.14520166855466, 0.0016000000400000006, 45.77321629495899
2025-03-31 14:31:55,456 - 2025-03-31T14:31:55.456102, 2.4013763894179174, 0.0, -1.042996209946912, 43.46658370472722, 25.52589605346838, -41.038563410709976, 0.0016000000400000006, 46.53341629527278
2025-03-31 14:31:55,475 - 2025-03-31T14:31:55.475506, 2.402552940460337, 0.0, -1.045128281156928, 42.71928370442038, 25.566510040913258, -40.96984523563798, 0.0016000000400000006, 47.28071629557962
2025-03-31 14:31:55,495 - 2025-03-31T14:31:55.495279, 2.403210068555711, 0.0, -1.0481379626461012, 41.9904837041226, 25.590954842780846, -40.87186924712199, 0.0016000000400000006, 48.0095162958774
2025-03-31 14:31:55,517 - 2025-03-31T14:31:55.517452, 2.404922546636782, 0.0, -1.0510202219720206, 41.15288370378221, 25.649854819689637, -40.77909004444885, 0.0016000000400000006, 48.84711629621779
2025-03-31 14:31:55,535 - 2025-03-31T14:31:55.535686, 2.406887161125331, 0.0, -1.0533224578225324, 40.34638370345618, 25.71645446361184, -40.70555943355485, 0.0016000000400000006, 49.65361629654382
2025-03-31 14:31:55,555 - 2025-03-31T14:31:55.555839, 2.407626260987687, 0.0, -1.0565401792824272, 39.58358370314937, 25.743786496670857, -40.60084638034071, 0.0016000000400000006, 50.41641629685063
2025-03-31 14:31:55,576 - 2025-03-31T14:31:55.576070, 2.408558250688674, 0.0, -1.0593934923036805, 38.78818370283103, 25.77708574287756, -40.50825992843237, 0.0016000000400000006, 51.21181629716897
2025-03-31 14:31:55,595 - 2025-03-31T14:31:55.595186, 2.4104711936744216, 0.0, -1.0620525615267882, 37.98078370250944, 25.842337858709257, -40.42298764200783, 0.0016000000400000006, 52.01921629749056
2025-03-31 14:31:55,615 - 2025-03-31T14:31:55.615254, 2.4113880332433184, 0.0, -1.0646234378763832, 37.258583702223135, 25.874867253365508, -40.33964056021383, 0.0016000000400000006, 52.741416297776865
2025-03-31 14:31:55,636 - 2025-03-31T14:31:55.636765, 2.4125645842857386, 0.0, -1.0667555090863994, 36.530383701935676, 25.915481240810408, -40.27092238514184, 0.0016000000400000006, 53.469616298064324
2025-03-31 14:31:55,656 - 2025-03-31T14:31:55.656046, 2.4141055437667993, 0.0, -1.069080470135047, 35.83468370166217, 25.96822182956108, -40.196236996922146, 0.0016000000400000006, 54.16531629833783
2025-03-31 14:31:55,675 - 2025-03-31T14:31:55.675611, 2.4150954260771194, 0.0, -1.070372806396132, 35.289383701448536, 26.001906577297433, -40.15485200641798, 0.0016000000400000006, 54.710616298551464
2025-03-31 14:32:05,915 - 2025-03-31T14:32:05.915666, 2.416936680280958, 0.0, -1.0756557774311508, 35.11068370137865, 26.06735029238513, -39.98353815777282, 0.0016000000400000006, 54.88931629862135
2025-03-31 14:32:06,015 - 2025-03-31T14:32:06.015860, 2.419546785920293, 0.0, -1.0767903912648018, 35.69128370160591, 26.153968955391385, -39.9488896562124, 0.0016000000400000006, 54.308716298394096
2025-03-31 14:32:06,055 - 2025-03-31T14:32:06.055390, 2.421786262014456, 0.0, -1.0789362586473943, 36.2285837018169, 26.229423043652737, -39.88074858192604, 0.0016000000400000006, 53.7714162981831
2025-03-31 14:32:06,097 - 2025-03-31T14:32:06.097702, 2.4243749964151693, 0.0, -1.080992579196959, 36.98398370211461, 26.316233881669397, -39.81587966460635, 0.0016000000400000006, 53.01601629788539
2025-03-31 14:32:06,135 - 2025-03-31T14:32:06.135231, 2.4283028714327535, 0.0, -1.0842516891745815, 37.915183702483404, 26.448086217177718, -39.71289791374916, 0.0016000000400000006, 52.084816297516596
2025-03-31 14:32:06,155 - 2025-03-31T14:32:06.155654, 2.431678315320082, 0.0, -1.0851328126412403, 38.557283702738914, 26.55953575933558, -39.68729603153827, 0.0016000000400000006, 51.442716297261086
2025-03-31 14:32:06,175 - 2025-03-31T14:32:06.175575, 2.4333818643755936, 0.0, -1.0865284919079294, 39.23158370300831, 26.616703858133036, -39.643215984853065, 0.0016000000400000006, 50.76841629699169
2025-03-31 14:32:06,196 - 2025-03-31T14:32:06.196690, 2.435012370689682, 0.0, -1.0892027112631277, 39.83728370325126, 26.672716603850375, -39.557173846878044, 0.0016000000400000006, 50.16271629674874
2025-03-31 14:32:06,218 - 2025-03-31T14:32:06.218608, 2.438753576975166, 0.0, -1.0916220862918191, 40.67418370358848, 26.797639699650155, -39.48152528058868, 0.0016000000400000006, 49.32581629641152
2025-03-31 14:32:06,235 - 2025-03-31T14:32:06.235575, 2.440657590935354, 0.0, -1.092794575455696, 41.32228370385089, 26.861159937370523, -39.444952150152105, 0.0016000000400000006, 48.67771629614911
2025-03-31 14:32:06,255 - 2025-03-31T14:32:06.255579, 2.4431051070002385, 0.0, -1.0948584710713063, 41.926083704096385, 26.94335109033002, -39.37969830705717, 0.0016000000400000006, 48.073916295903615
2025-03-31 14:32:06,275 - 2025-03-31T14:32:06.275700, 2.4446522875878305, 0.0, -1.0959792887323818, 42.63938370438765, 26.99512965251982, -39.34447270471109, 0.0016000000400000006, 47.36061629561235
2025-03-31 14:32:06,295 - 2025-03-31T14:32:06.295494, 2.4460355246414576, 0.0, -1.0966840264520141, 43.12588370458713, 27.041133752326765, -39.32272123176132, 0.0016000000400000006, 46.87411629541287
2025-03-31 14:32:06,315 - 2025-03-31T14:32:06.315473, 2.4471742003536514, 0.0, -1.0981100059828837, 43.630883704794904, 27.079823110895504, -39.2771014819752, 0.0016000000400000006, 46.369116295205096
2025-03-31 14:32:07,115 - 2025-03-31T14:32:07.115243, 2.4496796090278687, 0.0, -1.0986129248383256, 44.11878370499633, 27.162399765384635, -39.26304910028444, 0.0016000000400000006, 45.88121629500367
2025-03-31 14:32:07,296 - 2025-03-31T14:32:07.296179, 2.453699738797509, 0.0, -1.1049120165693012, 44.08868370498388, 27.300218162531827, -39.06055165781036, 0.0016000000400000006, 45.91131629501612
2025-03-31 14:32:07,356 - 2025-03-31T14:32:07.356119, 2.459235394931046, 0.0, -1.1104216908946345, 44.194283705027566, 27.48692846643182, -38.885386824149656, 0.0016000000400000006, 45.805716294972434
2025-03-31 14:32:07,416 - 2025-03-31T14:32:07.416193, 2.4668011332285107, 0.0, -1.11681384264614, 44.63288370520935, 27.741008841558887, -38.68327315594199, 0.0016000000400000006, 45.36711629479065
2025-03-31 14:32:07,455 - 2025-03-31T14:32:07.455581, 2.4746817676898023, 0.0, -1.1185154890510969, 45.49938370557015, 28.00086540633204, -38.635148797722046, 0.0016000000400000006, 44.50061629442985
2025-03-31 14:32:07,475 - 2025-03-31T14:32:07.475268, 2.4778505255659233, 0.0, -1.1208239460081395, 46.07718370581199, 28.10692483612786, -38.56258021338893, 0.0016000000400000006, 43.92281629418801
2025-03-31 14:32:07,495 - 2025-03-31T14:32:07.495277, 2.4807368467703865, 0.0, -1.1231475530972728, 46.59628370603018, 28.20374489580935, -38.48924177750535, 0.0016000000400000006, 43.40371629396982
2025-03-31 14:32:07,515 - 2025-03-31T14:32:07.515416, 2.4842548629530583, 0.0, -1.125366463221288, 47.27408370631633, 28.321161075360493, -38.41994535013889, 0.0016000000400000006, 42.72591629368367
2025-03-31 14:32:07,535 - 2025-03-31T14:32:07.535687, 2.487719853673414, 0.0, -1.1265968449944976, 47.97588370661419, 28.435882774485016, -38.382986718172674, 0.0016000000400000006, 42.02411629338581
2025-03-31 14:32:07,555 - 2025-03-31T14:32:07.555437, 2.490984379489094, 0.0, -1.1280504168705194, 48.715983706930075, 28.544252334686654, -38.338521169957836, 0.0016000000400000006, 41.284016293069925
2025-03-31 14:32:07,575 - 2025-03-31T14:32:07.575305, 2.4933940202237523, 0.0, -1.1294082208069827, 49.40028370722377, 28.62451885876999, -38.29636575214879, 0.0016000000400000006, 40.59971629277623
2025-03-31 14:32:07,595 - 2025-03-31T14:32:07.595414, 2.4942075167870454, 0.0, -1.132692763901769, 50.020883707491535, 28.654353197245193, -38.189535319293704, 0.0016000000400000006, 39.979116292508465
2025-03-31 14:32:07,615 - 2025-03-31T14:32:07.615548, 2.4956348502774293, 0.0, -1.1328994499129763, 50.50878370770302, 28.701319899367412, -38.184145206931646, 0.0016000000400000006, 39.49121629229698
2025-03-31 14:32:07,655 - 2025-03-31T14:32:07.655835, 2.4968782229547415, 0.0, -1.1349571244220553, 51.06988370794725, 28.744051266453297, -38.117929337275854, 0.0016000000400000006, 38.93011629205275
2025-03-31 14:32:08,856 - 2025-03-31T14:32:08.856233, 2.500862636622144, 0.0, -1.1353098959161083, 51.75598370824748, 28.874942151155146, -38.110228518753615, 0.0016000000400000006, 38.24401629175252
2025-03-31 14:32:08,935 - 2025-03-31T14:32:08.935345, 2.502409817209736, 0.0, -1.1364307135771838, 52.291783708483116, 28.926720713344963, -38.07500291640754, 0.0016000000400000006, 37.708216291516884
2025-03-31 14:32:09,822 - 2025-03-31T14:32:09.822240, 2.5088782683127344, 0.0, -1.138208110642592, 52.66148370864635, 29.14038042754636, -38.02302930043528, 0.0016000000400000006, 37.33851629135365
2025-03-31 14:32:09,895 - 2025-03-31T14:32:09.895384, 2.515223359131022, 0.0, -1.142966242892507, 53.097183708839395, 29.352884212913246, -37.87327244671187, 0.0016000000400000006, 36.902816291160605
2025-03-31 14:32:09,936 - 2025-03-31T14:32:09.936307, 2.5207032818832147, 0.0, -1.1447966654202313, 53.69048370910347, 29.534206131714413, -37.818604350313, 0.0016000000400000006, 36.30951629089653
2025-03-31 14:32:09,975 - 2025-03-31T14:32:09.975287, 2.5262513802298137, 0.0, -1.1478980529704197, 54.57938370950169, 29.718992382492637, -37.72235908839956, 0.0016000000400000006, 35.420616290498316
2025-03-31 14:32:09,995 - 2025-03-31T14:32:09.995898, 2.5300201788604495, 0.0, -1.1481915778956258, 55.1556837097616, 29.84276127672112, -37.716390723743054, 0.0016000000400000006, 34.8443162902384
2025-03-31 14:32:10,015 - 2025-03-31T14:32:10.015233, 2.532912721171443, 0.0, -1.149311041597187, 55.854383710078515, 29.938619309841712, -37.68251207373308, 0.0016000000400000006, 34.145616289921485
2025-03-31 14:32:10,035 - 2025-03-31T14:32:10.035642, 2.535471155307976, 0.0, -1.1508024888034347, 56.517083710381, 30.023890444757463, -37.63612189664208, 0.0016000000400000006, 33.482916289619
2025-03-31 14:32:10,056 - 2025-03-31T14:32:10.056144, 2.5378594248040134, 0.0, -1.1530819994558108, 57.25148371071842, 30.104349143851195, -37.56374606307379, 0.0016000000400000006, 32.74851628928158
2025-03-31 14:32:10,075 - 2025-03-31T14:32:10.075645, 2.5414945801648647, 0.0, -1.1535243177828916, 57.972783711052124, 30.22388327879772, -37.55277308758489, 0.0016000000400000006, 32.027216288947876
2025-03-31 14:32:10,095 - 2025-03-31T14:32:10.095371, 2.543384797952477, 0.0, -1.1557597319985113, 58.67558371137953, 30.287980617303752, -37.48135985633186, 0.0016000000400000006, 31.32441628862047
2025-03-31 14:32:10,115 - 2025-03-31T14:32:10.115653, 2.5461726432983522, 0.0, -1.1562475007218627, 59.269983711658206, 30.379796641907213, -37.46807732619158, 0.0016000000400000006, 30.730016288341794
2025-03-31 14:32:10,135 - 2025-03-31T14:32:10.135355, 2.547704673753854, 0.0, -1.1570858817112795, 59.81948371191728, 30.43080535254657, -37.44209109395986, 0.0016000000400000006, 30.18051628808272
2025-03-31 14:32:10,175 - 2025-03-31T14:32:10.175853, 2.5504332725308827, 0.0, -1.1577892654713975, 60.57028371227359, 30.520888923284296, -37.42168657334619, 0.0016000000400000006, 29.42971628772641
2025-03-31 14:32:11,115 - 2025-03-31T14:32:11.115648, 2.553711594519138, 0.0, -1.1581799122956764, 61.07168371251306, 30.62868138270027, -37.412061125947794, 0.0016000000400000006, 28.928316287486943
2025-03-31 14:32:11,455 - 2025-03-31T14:32:11.455196, 2.554762077357819, 0.0, -1.1606019952433968, 60.5769837122768, 30.66544553663845, -37.33371865498621, 0.0016000000400000006, 29.4230162877232
2025-03-31 14:32:11,556 - 2025-03-31T14:32:11.556186, 2.5571779391990086, 0.0, -1.1607556557922876, 60.02918371201653, 30.744750034160916, -37.33102302305078, 0.0016000000400000006, 29.97081628798347
2025-03-31 14:32:12,096 - 2025-03-31T14:32:12.096308, 2.5612497404714505, 0.0, -1.1666979141506681, 59.42018371172888, 30.88391595939862, -37.14026725610722, 0.0016000000400000006, 30.579816288271118
2025-03-31 14:32:12,135 - 2025-03-31T14:32:12.135731, 2.5629684396590524, 0.0, -1.1683760300890156, 58.89408371148178, 30.941853909746534, -37.08694783930768, 0.0016000000400000006, 31.105916288518223
2025-03-31 14:32:12,175 - 2025-03-31T14:32:12.175730, 2.5650439722192506, 0.0, -1.1701058175301648, 58.281083711195485, 31.011533535625013, -37.03228089441763, 0.0016000000400000006, 31.718916288804518
2025-03-31 14:32:12,216 - 2025-03-31T14:32:12.216891, 2.567581035117162, 0.0, -1.1725189714523259, 57.61108371088449, 31.096996845551146, -36.95567030156737, 0.0016000000400000006, 32.38891628911551
2025-03-31 14:32:12,255 - 2025-03-31T14:32:12.255870, 2.570684325317906, 0.0, -1.1762471868337072, 56.67348371045266, 31.202285848042123, -36.836519940887264, 0.0016000000400000006, 33.32651628954734
2025-03-31 14:32:12,276 - 2025-03-31T14:32:12.276268, 2.5718243549896145, 0.0, -1.179018528087978, 56.1245837102016, 31.24232215894697, -36.74682072017036, 0.0016000000400000006, 33.8754162897984
2025-03-31 14:32:12,295 - 2025-03-31T14:32:12.295260, 2.574426885562904, 0.0, -1.1800119235858002, 55.62458370997403, 31.32855589617799, -36.7167919036671, 0.0016000000400000006, 34.37541629002597
2025-03-31 14:32:12,315 - 2025-03-31T14:32:12.315200, 2.5760346666788574, 0.0, -1.1822624879335102, 54.935283709662016, 31.383413864569647, -36.644608820863624, 0.0016000000400000006, 35.06471629033799
2025-03-31 14:32:12,336 - 2025-03-31T14:32:12.336369, 2.577850487765532, 0.0, -1.184431080514238, 54.33058370938992, 31.445008897659463, -36.575312969251584, 0.0016000000400000006, 35.66941629061008
2025-03-31 14:32:12,355 - 2025-03-31T14:32:12.355516, 2.5800823887936497, 0.0, -1.1864357295610009, 53.5584837090446, 31.520078060145558, -36.511791580022404, 0.0016000000400000006, 36.4415162909554
2025-03-31 14:32:12,375 - 2025-03-31T14:32:12.375669, 2.5825602051227143, 0.0, -1.1890644985199286, 52.896883708750565, 31.60380891620597, -36.428058996698766, 0.0016000000400000006, 37.103116291249435
2025-03-31 14:32:12,395 - 2025-03-31T14:32:12.395793, 2.5842058615688934, 0.0, -1.1920211545467851, 52.053283708378096, 31.660591513473783, -36.33277748860941, 0.0016000000400000006, 37.94671629162191
2025-03-31 14:32:12,415 - 2025-03-31T14:32:12.415871, 2.586483212993282, 0.0, -1.1948731136085242, 51.31078370805247, 31.737970230611275, -36.24153798903717, 0.0016000000400000006, 38.68921629194753
2025-03-31 14:32:12,435 - 2025-03-31T14:32:12.435203, 2.5892510410600504, 0.0, -1.1976279507711904, 50.47918370769015, 31.83132538256126, -36.15395557220684, 0.0016000000400000006, 39.52081629230985
2025-03-31 14:32:12,455 - 2025-03-31T14:32:12.455877, 2.591194284309979, 0.0, -1.2008518933376156, 49.68358370734585, 31.898117201493903, -36.05020454555359, 0.0016000000400000006, 40.31641629265415
2025-03-31 14:32:12,475 - 2025-03-31T14:32:12.475283, 2.592847515822203, 0.0, -1.2039497677003022, 48.83498370698102, 31.955284724536938, -35.95030335240703, 0.0016000000400000006, 41.16501629301898
2025-03-31 14:32:12,495 - 2025-03-31T14:32:12.495235, 2.5953845787201146, 0.0, -1.2063629216224627, 47.93278370659585, 32.04074803446309, -35.873692759556796, 0.0016000000400000006, 42.06721629340415
2025-03-31 14:32:12,515 - 2025-03-31T14:32:12.515940, 2.5971790285681684, 0.0, -1.2094532209191038, 47.143883706261256, 32.10253524256332, -35.77417649218549, 0.0016000000400000006, 42.856116293738744
2025-03-31 14:32:12,535 - 2025-03-31T14:32:12.535116, 2.5983417834380123, 0.0, -1.2126482171808628, 46.23898370587991, 32.14372633079386, -35.67061821629705, 0.0016000000400000006, 43.7610162941201
2025-03-31 14:32:12,555 - 2025-03-31T14:32:12.555217, 2.5998978930511636, 0.0, -1.215255614901169, 45.42048370553718, 32.19723677109499, -35.58669345796301, 0.0016000000400000006, 44.57951629446282
2025-03-31 14:32:12,575 - 2025-03-31T14:32:12.575939, 2.601943125347181, 0.0, -1.2164205289990009, 44.67538370522697, 32.26537669387254, -35.55050525330166, 0.0016000000400000006, 45.32461629477303
2025-03-31 14:32:12,595 - 2025-03-31T14:32:12.595771, 2.6037059209715396, 0.0, -1.217600593228923, 44.080583704980555, 32.324277246535736, -35.51354719708985, 0.0016000000400000006, 45.919416295019445
2025-03-31 14:32:12,615 - 2025-03-31T14:32:12.615301, 2.605386744828916, 0.0, -1.2185726174881242, 43.537483704756426, 32.38029056800751, -35.48332620557617, 0.0016000000400000006, 46.462516295243574
2025-03-31 14:32:12,656 - 2025-03-31T14:32:12.656738, 2.605804178729873, 0.0, -1.219754035677561, 43.030783704548085, 32.3951116497399, -35.445021197028254, 0.0016000000400000006, 46.969216295451915
2025-03-31 14:32:13,395 - 2025-03-31T14:32:13.395567, 2.6058826373093535, 0.0, -1.2238569424826573, 42.49388370432812, 32.40165481216444, -35.31066540459491, 0.0016000000400000006, 47.50611629567188
2025-03-31 14:32:13,436 - 2025-03-31T14:32:13.436918, 2.6051440861380377, 0.0, -1.2285701730273417, 41.89438370408345, 32.382019567346795, -35.15552131728148, 0.0016000000400000006, 48.10561629591655
2025-03-31 14:32:13,476 - 2025-03-31T14:32:13.476079, 2.607755545736887, 0.0, -1.2310501485843943, 41.05008370374056, 32.46998518268915, -35.076793344790275, 0.0016000000400000006, 48.94991629625944
2025-03-31 14:32:13,498 - 2025-03-31T14:32:13.498364, 2.6089169466472164, 0.0, -1.2328997831227522, 40.36118370346214, 32.50982931858359, -35.01731453983262, 0.0016000000400000006, 49.63881629653786
2025-03-31 14:32:13,516 - 2025-03-31T14:32:13.516002, 2.609811061017978, 0.0, -1.2350470044648585, 39.79858370323569, 32.54120393591414, -34.94782651321017, 0.0016000000400000006, 50.20141629676431
2025-03-31 14:32:13,535 - 2025-03-31T14:32:13.535273, 2.6110027621924883, 0.0, -1.2374615123465338, 39.042083702932466, 32.582587774909506, -34.8698689680238, 0.0016000000400000006, 50.957916297067534
2025-03-31 14:32:13,555 - 2025-03-31T14:32:13.555451, 2.611883080390674, 0.0, -1.240671658740383, 38.29018370263249, 32.6145394930257, -34.76554084058491, 0.0016000000400000006, 51.70981629736751
2025-03-31 14:32:13,575 - 2025-03-31T14:32:13.575374, 2.612562933684183, 0.0, -1.2441049952370444, 37.424683702288874, 32.64013907221898, -34.653705796897384, 0.0016000000400000006, 52.575316297711126
2025-03-31 14:32:13,595 - 2025-03-31T14:32:13.595336, 2.613792510188919, 0.0, -1.2472255947978659, 36.605683701965354, 32.68344754009049, -34.55264982642517, 0.0016000000400000006, 53.394316298034646
2025-03-31 14:32:13,615 - 2025-03-31T14:32:13.615730, 2.6153940701983416, 0.0, -1.2506803025331483, 35.563683701555924, 32.739267535043034, -34.44100695774806, 0.0016000000400000006, 54.436316298444076
2025-03-31 14:32:13,635 - 2025-03-31T14:32:13.635597, 2.616379085361644, 0.0, -1.254522143905207, 34.714283701223906, 32.77526126167633, -34.31608271043949, 0.0016000000400000006, 55.285716298776094
2025-03-31 14:32:13,655 - 2025-03-31T14:32:13.655509, 2.6173262251947222, 0.0, -1.257657893598119, 33.62098370079885, 32.80933035943352, -34.2142568884168, 0.0016000000400000006, 56.37901629920115
2025-03-31 14:32:13,677 - 2025-03-31T14:32:13.677229, 2.61958842648702, 0.0, -1.2602274159881994, 32.73878370045765, 32.885939225020536, -34.13225675895891, 0.0016000000400000006, 57.26121629954235
2025-03-31 14:32:13,695 - 2025-03-31T14:32:13.695927, 2.62139667250765, 0.0, -1.262254790233098, 31.87168370012379, 32.947149332335115, -34.067580592404035, 0.0016000000400000006, 58.12831629987621
2025-03-31 14:32:13,715 - 2025-03-31T14:32:13.715515, 2.621905007201149, 0.0, -1.2651308284524867, 31.178483699857903, 32.96658952337029, -33.97383936317, 0.0016000000400000006, 58.82151630014209
2025-03-31 14:32:13,735 - 2025-03-31T14:32:13.735502, 2.622138480289034, 0.0, -1.2681632351397951, 30.466083699585617, 32.97717527006632, -33.874708597328336, 0.0016000000400000006, 59.53391630041438
2025-03-31 14:32:13,755 - 2025-03-31T14:32:13.755484, 2.622274831477847, 0.0, -1.2707051651847232, 29.688383699289403, 32.98410393402049, -33.79155426629917, 0.0016000000400000006, 60.3116163007106
2025-03-31 14:32:13,800 - 2025-03-31T14:32:13.800474, 2.62481811548229, 0.0, -1.2719141757193118, 29.086883699061048, 33.068605217385766, -33.75440345932254, 0.0016000000400000006, 60.91311630093895
2025-03-31 14:32:14,515 - 2025-03-31T14:32:14.515435, 2.6243847261807685, 0.0, -1.2770359111393943, 29.34978369916079, 33.0593641200082, -33.58617016838804, 0.0016000000400000006, 60.65021630083921
2025-03-31 14:32:14,555 - 2025-03-31T14:32:14.555199, 2.628704601982146, 0.0, -1.2783620608521624, 30.00618369941032, 33.20218885525103, -33.54690140601603, 0.0016000000400000006, 59.99381630058968
2025-03-31 14:32:14,596 - 2025-03-31T14:32:14.596400, 2.631851988619646, 0.0, -1.2815922245251188, 30.97078369977844, 33.30844046005727, -33.44411240592365, 0.0016000000400000006, 59.02921630022156
2025-03-31 14:32:14,615 - 2025-03-31T14:32:14.615818, 2.6332290045667426, 0.0, -1.2835011056323236, 31.487783699976436, 33.35540658642508, -33.38290114710025, 0.0016000000400000006, 58.51221630002356
2025-03-31 14:32:14,635 - 2025-03-31T14:32:14.635149, 2.6344131306752074, 0.0, -1.2857743951781688, 32.05948370019596, 33.39640549964521, -33.309563286971084, 0.0016000000400000006, 57.94051629980403
2025-03-31 14:32:14,655 - 2025-03-31T14:32:14.655469, 2.6371506584777955, 0.0, -1.2879643589975176, 32.63788370041873, 33.48822094849428, -33.24045961036945, 0.0016000000400000006, 57.36211629958127
2025-03-31 14:32:14,675 - 2025-03-31T14:32:14.675498, 2.64057912782744, 0.0, -1.2898340108149822, 33.4778837007434, 33.602364971078764, -33.18251993275832, 0.0016000000400000006, 56.52211629925661
2025-03-31 14:32:14,695 - 2025-03-31T14:32:14.695772, 2.64338347726492, 0.0, -1.2919495779333943, 34.16178370100882, 33.696297799568804, -33.115918561572876, 0.0016000000400000006, 55.83821629899118
2025-03-31 14:32:14,715 - 2025-03-31T14:32:14.715955, 2.6444201639310254, 0.0, -1.2954345859328567, 34.911883701301015, 33.73363905429264, -33.00273598979487, 0.0016000000400000006, 55.08811629869899
2025-03-31 14:32:14,735 - 2025-03-31T14:32:14.735534, 2.6472913350033975, 0.0, -1.2974757563503312, 35.761483701633445, 33.829689262423656, -32.93863692402564, 0.0016000000400000006, 54.238516298366555
2025-03-31 14:32:14,755 - 2025-03-31T14:32:14.755428, 2.650786625987934, 0.0, -1.2992710114668586, 36.535083701937516, 33.94595066464912, -32.88319955183071, 0.0016000000400000006, 53.464916298062484
2025-03-31 14:32:14,775 - 2025-03-31T14:32:14.775833, 2.6532795924490893, 0.0, -1.3021822170974442, 37.21188370220466, 34.03045137225999, -32.79022759839274, 0.0016000000400000006, 52.78811629779534
2025-03-31 14:32:14,795 - 2025-03-31T14:32:14.795474, 2.655683012077217, 0.0, -1.30474416442148, 37.94248370249423, 34.11167992290418, -32.708612394710066, 0.0016000000400000006, 52.05751629750577
2025-03-31 14:32:14,815 - 2025-03-31T14:32:14.815283, 2.6592451246966458, 0.0, -1.3064650228370698, 38.79088370283211, 34.230058704770634, -32.65567732793135, 0.0016000000400000006, 51.20911629716789
2025-03-31 14:32:14,835 - 2025-03-31T14:32:14.835753, 2.662509650512325, 0.0, -1.3079185947130911, 39.436683703090466, 34.33842826497222, -32.61121177971653, 0.0016000000400000006, 50.563316296909534
2025-03-31 14:32:14,855 - 2025-03-31T14:32:14.855205, 2.6642738000961983, 0.0, -1.3104440206664147, 40.156783703379794, 34.398675769971554, -32.53017425257392, 0.0016000000400000006, 49.843216296620206
2025-03-31 14:32:14,875 - 2025-03-31T14:32:14.875303, 2.6669810276346055, 0.0, -1.3120691111424465, 40.864083703665244, 34.488951515719684, -32.47954931620099, 0.0016000000400000006, 49.135916296334756
2025-03-31 14:32:14,899 - 2025-03-31T14:32:14.899819, 2.670052663611654, 0.0, -1.3138870914571092, 41.56768370395055, 34.59135386277361, -32.42295716668036, 0.0016000000400000006, 48.43231629604945
2025-03-31 14:32:14,915 - 2025-03-31T14:32:14.915569, 2.6727598911500614, 0.0, -1.3155121819331406, 42.17128370419634, 34.68162960852175, -32.372332230307435, 0.0016000000400000006, 47.82871629580366
2025-03-31 14:32:14,935 - 2025-03-31T14:32:14.935380, 2.6741734284678698, 0.0, -1.3167817929960903, 42.75188370443373, 34.72917341142964, -32.33210201712897, 0.0016000000400000006, 47.24811629556627
2025-03-31 14:32:14,955 - 2025-03-31T14:32:14.955756, 2.676069867362012, 0.0, -1.317813063824138, 43.33728370467402, 34.79230872337476, -32.30014857174955, 0.0016000000400000006, 46.66271629532598
2025-03-31 14:32:14,995 - 2025-03-31T14:32:14.995265, 2.677700373676101, 0.0, -1.3204872831793364, 44.09968370498844, 34.84832146909211, -32.21410643377454, 0.0016000000400000006, 45.90031629501156
2025-03-31 14:32:15,176 - 2025-03-31T14:32:15.176052, 2.680875352658753, 0.0, -1.321591596748807, 44.6291837052078, 34.95341887232707, -32.180997635315045, 0.0016000000400000006, 45.3708162947922
2025-03-31 14:32:16,195 - 2025-03-31T14:32:16.195776, 2.6757330512685233, 0.0, -1.3154943238820218, 44.74198370525464, 34.7790279204977, -32.37579598653011, 0.0016000000400000006, 45.25801629474536
2025-03-31 14:32:16,275 - 2025-03-31T14:32:16.275550, 2.6689781016153233, 0.0, -1.3096959917784994, 44.82008370528709, 34.55208797917363, -32.559238163744276, 0.0016000000400000006, 45.17991629471291
2025-03-31 14:32:16,335 - 2025-03-31T14:32:16.335609, 2.663062886911055, 0.0, -1.3037109909428768, 44.90538370532255, 34.35248122241742, -32.749609580667, 0.0016000000400000006, 45.09461629467745
2025-03-31 14:32:16,396 - 2025-03-31T14:32:16.396539, 2.655846406920141, 0.0, -1.2972292923583435, 45.00968370536596, 34.10975759704566, -32.95499540584133, 0.0016000000400000006, 44.99031629463404
2025-03-31 14:32:16,435 - 2025-03-31T14:32:16.435793, 2.652243711051458, 0.0, -1.2921116188168038, 45.16068370542885, 33.986760281630865, -33.11918783976753, 0.0016000000400000006, 44.83931629457115
2025-03-31 14:32:16,475 - 2025-03-31T14:32:16.475213, 2.6469994206151384, 0.0, -1.2880733744186115, 45.19018370544112, 33.81102122595655, -33.246423368990705, 0.0016000000400000006, 44.80981629455888
2025-03-31 14:32:16,515 - 2025-03-31T14:32:16.515307, 2.6430991379427065, 0.0, -1.2826884143375037, 45.4784837055614, 33.67801468887695, -33.419085321480765, 0.0016000000400000006, 44.5215162944386
2025-03-31 14:32:16,575 - 2025-03-31T14:32:16.575536, 2.6360693266838933, 0.0, -1.277046450701901, 45.649583705632914, 33.44222030321377, -33.597137962087295, 0.0016000000400000006, 44.350416294367086
2025-03-31 14:32:16,635 - 2025-03-31T14:32:16.635553, 2.630436548651283, 0.0, -1.2710462997341883, 45.88808370573272, 33.25185291657188, -33.78827923056048, 0.0016000000400000006, 44.11191629426728
2025-03-31 14:32:16,695 - 2025-03-31T14:32:16.695495, 2.6247748243140068, 0.0, -1.2658266371465596, 46.05518370580276, 33.06129277916519, -33.95381976833156, 0.0016000000400000006, 43.94481629419724
2025-03-31 14:32:16,775 - 2025-03-31T14:32:16.775209, 2.619626301817246, 0.0, -1.260933507667346, 46.1870837058581, 32.8878638538967, -34.10915833367304, 0.0016000000400000006, 43.8129162941419
2025-03-31 14:32:17,555 - 2025-03-31T14:32:17.555301, 2.6216323048235233, 0.0, -1.26004696836263, 46.81488370612231, 32.95273219546197, -34.14014802522834, 0.0016000000400000006, 43.18511629387769
2025-03-31 14:32:17,599 - 2025-03-31T14:32:17.599314, 2.623477072214864, 0.0, -1.2614350725632737, 47.44358370638811, 33.014519979316596, -34.09645290431838, 0.0016000000400000006, 42.55641629361189
2025-03-31 14:32:17,635 - 2025-03-31T14:32:17.635309, 2.6269572130673104, 0.0, -1.2629478910081424, 48.21838370671749, 33.1300115299916, -34.0502549022378, 0.0016000000400000006, 41.78161629328251
2025-03-31 14:32:17,675 - 2025-03-31T14:32:17.675646, 2.630393257483, 0.0, -1.2649587611614357, 49.143783707113506, 33.244540478351304, -33.987695539569515, 0.0016000000400000006, 40.856216292886494
2025-03-31 14:32:17,695 - 2025-03-31T14:32:17.695658, 2.6329882129902447, 0.0, -1.2658109383234288, 49.66758370733895, 33.3303892898071, -33.962286408123425, 0.0016000000400000006, 40.33241629266105
2025-03-31 14:32:17,716 - 2025-03-31T14:32:17.716742, 2.6356651402644715, 0.0, -1.2668711554561427, 50.25138370759134, 33.41912533245432, -33.93014021197921, 0.0016000000400000006, 39.74861629240866
2025-03-31 14:32:17,735 - 2025-03-31T14:32:17.735332, 2.63807478099913, 0.0, -1.268228959392606, 50.87198370786096, 33.499391856537656, -33.887984794170166, 0.0016000000400000006, 39.12801629213904
2025-03-31 14:32:17,755 - 2025-03-31T14:32:17.755643, 2.640759283339402, 0.0, -1.2694303948611494, 51.48048370812671, 33.5885128249601, -33.85121891296876, 0.0016000000400000006, 38.519516291873295
2025-03-31 14:32:17,776 - 2025-03-31T14:32:17.776128, 2.6436001541475935, 0.0, -1.2709066919353065, 52.10738370840189, 33.683023329990206, -33.805598587428236, 0.0016000000400000006, 37.89261629159811
2025-03-31 14:32:17,795 - 2025-03-31T14:32:17.795409, 2.6468343796990927, 0.0, -1.2717953904680104, 52.821083708717, 33.7898531870909, -33.779611779442114, 0.0016000000400000006, 37.178916291283
2025-03-31 14:32:17,815 - 2025-03-31T14:32:17.815546, 2.650209823586421, 0.0, -1.2726765139346696, 53.47668370900815, 33.90130272924876, -33.754009897231214, 0.0016000000400000006, 36.52331629099185
2025-03-31 14:32:17,837 - 2025-03-31T14:32:17.837882, 2.6529990228918106, 0.0, -1.2745096443814221, 54.27278370936399, 33.99446570618833, -33.696647896160144, 0.0016000000400000006, 35.72721629063601
2025-03-31 14:32:17,855 - 2025-03-31T14:32:17.855783, 2.6557276216688392, 0.0, -1.2752130281415406, 54.79818370960022, 34.084549276926076, -33.67624337554647, 0.0016000000400000006, 35.20181629039978
2025-03-31 14:32:17,875 - 2025-03-31T14:32:17.875610, 2.658642889177968, 0.0, -1.2767561468505897, 55.51378370992375, 34.18156208737237, -33.628505670364966, 0.0016000000400000006, 34.48621629007626
2025-03-31 14:32:17,895 - 2025-03-31T14:32:17.895808, 2.661609828189899, 0.0, -1.277942432187043, 56.205183710238394, 34.27992242590918, -33.59250964071402, 0.0016000000400000006, 33.794816289761606
2025-03-31 14:32:17,915 - 2025-03-31T14:32:17.915523, 2.6649108753762905, 0.0, -1.2787567340188097, 56.86428371054023, 34.38886966265085, -33.569025138144106, 0.0016000000400000006, 33.13571628945977
2025-03-31 14:32:17,935 - 2025-03-31T14:32:17.935456, 2.6669347364336864, 0.0, -1.2808433548325553, 57.488083710827624, 34.45720176043881, -33.50261651772348, 0.0016000000400000006, 32.511916289172376
2025-03-31 14:32:17,955 - 2025-03-31T14:32:17.955582, 2.670020168583311, 0.0, -1.2815984100954751, 58.16288371114047, 34.5590270067071, -33.48086446901931, 0.0016000000400000006, 31.837116288859526
2025-03-31 14:32:17,976 - 2025-03-31T14:32:17.976179, 2.673000903767818, 0.0, -1.2817217703801855, 58.75178371141516, 34.65681024445827, -33.4797085401848, 0.0016000000400000006, 31.248216288584846
2025-03-31 14:32:17,996 - 2025-03-31T14:32:17.996075, 2.676197253989091, 0.0, -1.2819043772337428, 59.372183711706285, 34.761715472682795, -33.47682015748456, 0.0016000000400000006, 30.627816288293715
2025-03-31 14:32:18,015 - 2025-03-31T14:32:18.015291, 2.6787253878614434, 0.0, -1.2828309510966727, 60.00858371200678, 34.845446904497614, -33.44890872062228, 0.0016000000400000006, 29.99141628799322
2025-03-31 14:32:18,035 - 2025-03-31T14:32:18.035366, 2.6813720148714895, 0.0, -1.2833262948860695, 60.6535837123133, 34.9326432440439, -33.43524126470676, 0.0016000000400000006, 29.3464162876867
2025-03-31 14:32:18,075 - 2025-03-31T14:32:18.075639, 2.684674416017395, 0.0, -1.2854859584412375, 61.57138371275295, 35.04293743312168, -33.36767729120606, 0.0016000000400000006, 28.428616287247053
2025-03-31 14:32:18,116 - 2025-03-31T14:32:18.116581, 2.686786469948304, 0.0, -1.2865764758381322, 62.171883713042924, 35.11319473554018, -33.33399139196091, 0.0016000000400000006, 27.828116286957076
2025-03-31 14:32:18,235 - 2025-03-31T14:32:18.235535, 2.68940279669417, 0.0, -1.2865069462842116, 62.6984837132987, 35.198851371985576, -33.338802676274085, 0.0016000000400000006, 27.3015162867013
2025-03-31 14:32:19,776 - 2025-03-31T14:32:19.775973, 2.6839669703787337, 0.0, -1.2841784720480618, 62.94548371341916, 35.018492055499685, -33.40983213326069, 0.0016000000400000006, 27.054516286580842
2025-03-31 14:32:27,076 - 2025-03-31T14:32:27.076102, 2.6895315728169376, 0.0, -1.2889076579933105, 62.81308371335454, 35.205395110164496, -33.26026803030209, 0.0016000000400000006, 27.186916286645463
2025-03-31 14:32:27,136 - 2025-03-31T14:32:27.136798, 2.6955336264352057, 0.0, -1.2925511936886815, 62.570283713236286, 35.405580119215195, -33.146698805485606, 0.0016000000400000006, 27.429716286763718
2025-03-31 14:32:27,198 - 2025-03-31T14:32:27.198694, 2.7024649618354317, 0.0, -1.2963573189585023, 62.42538371316585, 35.63637046980037, -33.02870207062239, 0.0016000000400000006, 27.57461628683415
2025-03-31 14:32:27,256 - 2025-03-31T14:32:27.256275, 2.709314325468675, 0.0, -1.2999554042576018, 62.101383713008765, 35.8642735891941, -32.9174424004573, 0.0016000000400000006, 27.898616286991235
2025-03-31 14:32:27,315 - 2025-03-31T14:32:27.315710, 2.715434872224637, 0.0, -1.303167709879439, 61.809983712867954, 36.06792350597628, -32.8181171565876, 0.0016000000400000006, 28.190016287132046
2025-03-31 14:32:27,396 - 2025-03-31T14:32:27.396018, 2.7214596510410405, 0.0, -1.3072349005822974, 61.32548371263476, 36.26926329235266, -32.6906888765996, 0.0016000000400000006, 28.674516287365243
2025-03-31 14:32:27,475 - 2025-03-31T14:32:27.475426, 2.7281085497696083, 0.0, -1.3110561759842088, 60.72848371234903, 36.4908142728235, -32.57192229018591, 0.0016000000400000006, 29.271516287650968
2025-03-31 14:32:27,535 - 2025-03-31T14:32:27.535573, 2.733093128732404, 0.0, -1.3155332255219792, 60.0020837120037, 36.658468735709135, -32.430057854240744, 0.0016000000400000006, 29.997916287996297
2025-03-31 14:32:27,575 - 2025-03-31T14:32:27.575391, 2.7368797854141587, 0.0, -1.3187999105656472, 59.43158371173424, 36.78570138616027, -32.32669117760831, 0.0016000000400000006, 30.56841628826576
2025-03-31 14:32:27,615 - 2025-03-31T14:32:27.615206, 2.741067371905266, 0.0, -1.3216202154036911, 58.78808371143213, 36.92563831445725, -32.23833833347311, 0.0016000000400000006, 31.21191628856787
2025-03-31 14:32:27,656 - 2025-03-31T14:32:27.656206, 2.7446321924437234, 0.0, -1.3260317972660842, 58.095983711109376, 37.0467110009959, -32.09724432483279, 0.0016000000400000006, 31.904016288890624
2025-03-31 14:32:27,695 - 2025-03-31T14:32:27.695281, 2.7497049642800326, 0.0, -1.3295127433870038, 57.20358371069634, 37.216290668512094, -31.988102610063102, 0.0016000000400000006, 32.79641628930366
2025-03-31 14:32:27,735 - 2025-03-31T14:32:27.735872, 2.7541611912702226, 0.0, -1.3333808231447004, 56.273183710269464, 37.36604406770908, -31.865679516661917, 0.0016000000400000006, 33.726816289730536
2025-03-31 14:32:27,775 - 2025-03-31T14:32:27.775459, 2.7589742516330085, 0.0, -1.337300574405199, 55.35888370985355, 37.52753914243661, -31.741908895170216, 0.0016000000400000006, 34.64111629014645
2025-03-31 14:32:27,795 - 2025-03-31T14:32:27.795787, 2.7612288778592617, 0.0, -1.3397288784594497, 54.83958370961888, 37.60376308224841, -31.664528450769513, 0.0016000000400000006, 35.16041629038112
2025-03-31 14:32:27,835 - 2025-03-31T14:32:27.835525, 2.7650471887647114, 0.0, -1.3449057985698363, 53.84858370917406, 37.73388238813659, -31.49860356297759, 0.0016000000400000006, 36.15141629082594
2025-03-31 14:32:27,855 - 2025-03-31T14:32:27.855260, 2.767412733062613, 0.0, -1.3467616542147245, 53.36138370895682, 37.81318630990463, -31.440086784580824, 0.0016000000400000006, 36.63861629104318
2025-03-31 14:32:27,878 - 2025-03-31T14:32:27.878459, 2.769102485945549, 0.0, -1.349220258533156, 52.82978370872084, 37.87093150948773, -31.361166637079194, 0.0016000000400000006, 37.17021629127916
2025-03-31 14:32:27,915 - 2025-03-31T14:32:27.915227, 2.7733582480310623, 0.0, -1.3533115283936645, 51.92908370832348, 38.014332769761786, -31.231236627429393, 0.0016000000400000006, 38.07091629167652
2025-03-31 14:32:27,955 - 2025-03-31T14:32:27.955511, 2.7774135452119, 0.0, -1.3576259883569843, 50.973383707905164, 38.15138189111294, -31.093799701531, 0.0016000000400000006, 39.026616292094836
2025-03-31 14:32:28,007 - 2025-03-31T14:32:28.006999, 2.7806594077079874, 0.0, -1.3626919903957222, 49.986683707476764, 38.26263753099719, -30.930954795695325, 0.0016000000400000006, 40.013316292523236
2025-03-31 14:32:28,035 - 2025-03-31T14:32:28.035238, 2.784215299220885, 0.0, -1.3656169921988845, 49.24958370715895, 38.38197833942449, -30.838559943042974, 0.0016000000400000006, 40.75041629284105
2025-03-31 14:32:28,075 - 2025-03-31T14:32:28.075827, 2.787631326357468, 0.0, -1.3698949307914927, 48.38558370678882, 38.49804641513074, -30.70170069368464, 0.0016000000400000006, 41.61441629321118
2025-03-31 14:32:28,115 - 2025-03-31T14:32:28.115479, 2.7904900552167784, 0.0, -1.3743443879841113, 47.582583706447075, 38.59602067638349, -30.558682056168184, 0.0016000000400000006, 42.417416293552925
2025-03-31 14:32:28,155 - 2025-03-31T14:32:28.155768, 2.7933336339439987, 0.0, -1.3785114085050716, 46.784283706109406, 38.69322508608579, -30.424902788766065, 0.0016000000400000006, 43.215716293890594
2025-03-31 14:32:28,195 - 2025-03-31T14:32:28.195853, 2.7966601142475542, 0.0, -1.382440088791129, 45.99568370577782, 38.80602100482537, -30.299400289163046, 0.0016000000400000006, 44.004316294222185
2025-03-31 14:32:28,235 - 2025-03-31T14:32:28.235397, 2.8004178246246423, 0.0, -1.3864872622148807, 45.29078370548308, 38.9330609045117, -30.170432881828532, 0.0016000000400000006, 44.70921629451692
2025-03-31 14:32:28,275 - 2025-03-31T14:32:28.275401, 2.802793651907618, 0.0, -1.3911750596424013, 44.61748370520296, 39.015443656727186, -30.019137476513002, 0.0016000000400000006, 45.38251629479704
2025-03-31 14:32:28,316 - 2025-03-31T14:32:28.316131, 2.8065589373507516, 0.0, -1.3953634514019826, 43.974383704936656, 39.14286848218875, -29.885550384121302, 0.0016000000400000006, 46.025616295063344
2025-03-31 14:32:28,355 - 2025-03-31T14:32:28.355383, 2.8100266359901362, 0.0, -1.3992845566219954, 43.4035837047013, 39.2602840859855, -29.760432810293505, 0.0016000000400000006, 46.5964162952987
2025-03-31 14:32:28,415 - 2025-03-31T14:32:28.415659, 2.815481674316205, 0.0, -1.4059315527000074, 42.63978370438783, 39.44545411103015, -29.547925570400203, 0.0016000000400000006, 47.36021629561217
2025-03-31 14:32:28,475 - 2025-03-31T14:32:28.475746, 2.8209808090790314, 0.0, -1.4120804970695948, 41.97768370411741, 39.63158673839009, -29.351779691094606, 0.0016000000400000006, 48.02231629588259
2025-03-31 14:32:28,516 - 2025-03-31T14:32:28.516791, 2.82346890839317, 0.0, -1.4175412078111544, 41.55568370394567, 39.718396424897946, -29.175268480852225, 0.0016000000400000006, 48.44431629605433
2025-03-31 14:32:28,575 - 2025-03-31T14:32:28.575686, 2.828664235245716, 0.0, -1.4246270090287454, 41.0237837037299, 39.89548185715394, -28.948132334236913, 0.0016000000400000006, 48.9762162962701
2025-03-31 14:32:28,635 - 2025-03-31T14:32:28.635822, 2.8336060717312694, 0.0, -1.4309474719983428, 40.50618370352065, 40.06352067006039, -28.745827066773224, 0.0016000000400000006, 49.49381629647935
2025-03-31 14:32:28,696 - 2025-03-31T14:32:28.696777, 2.8390308097931585, 0.0, -1.4370295947330378, 40.063883703342405, 40.24715099200414, -28.55179856710861, 0.0016000000400000006, 49.936116296657595
2025-03-31 14:32:28,757 - 2025-03-31T14:32:28.757342, 2.8442626580164156, 0.0, -1.4434761259063742, 39.658683703179506, 40.42481410080017, -28.345643466138203, 0.0016000000400000006, 50.341316296820494
2025-03-31 14:32:28,815 - 2025-03-31T14:32:28.815949, 2.848721592925634, 0.0, -1.4500349291108736, 39.335883703050065, 40.57726140466936, -28.13506143087544, 0.0016000000400000006, 50.664116296949935
2025-03-31 14:32:28,876 - 2025-03-31T14:32:28.876409, 2.853834948011198, 0.0, -1.4569126903577434, 39.08318370294892, 40.75145960573392, -27.914662348958274, 0.0016000000400000006, 50.91681629705108
2025-03-31 14:32:28,938 - 2025-03-31T14:32:28.938250, 2.8581450895185423, 0.0, -1.4633378502924583, 38.94348370289307, 40.898902298770714, -27.708315072977463, 0.0016000000400000006, 51.05651629710693
2025-03-31 14:32:28,998 - 2025-03-31T14:32:28.998516, 2.864417137595407, 0.0, -1.4693745226308828, 38.91858370288311, 41.110250731057505, -27.516596127964227, 0.0016000000400000006, 51.08141629711689
2025-03-31 14:32:29,058 - 2025-03-31T14:32:29.058556, 2.8692329058772215, 0.0, -1.475984997338184, 38.87418370286536, 41.27443971045724, -27.304666564610955, 0.0016000000400000006, 51.12581629713464
2025-03-31 14:32:29,118 - 2025-03-31T14:32:29.118840, 2.874397932465587, 0.0, -1.4825059252124575, 38.87598370286609, 41.44998543961233, -27.096009158224348, 0.0016000000400000006, 51.12401629713391
2025-03-31 14:32:29,175 - 2025-03-31T14:32:29.175603, 2.8800382855642424, 0.0, -1.4886472945159999, 38.96108370290009, 41.64073775202944, -26.900248204693984, 0.0016000000400000006, 51.03891629709992
2025-03-31 14:32:29,235 - 2025-03-31T14:32:29.235552, 2.8849952721818863, 0.0, -1.4952501941572556, 38.950683702895944, 41.809546416486356, -26.688703567115947, 0.0016000000400000006, 51.049316297104056
2025-03-31 14:32:29,295 - 2025-03-31T14:32:29.295868, 2.890286366973991, 0.0, -1.5014811102938257, 39.14318370297291, 41.988941979148144, -26.489670456618914, 0.0016000000400000006, 50.85681629702709
2025-03-31 14:32:29,396 - 2025-03-31T14:32:29.396236, 2.8954651897349324, 0.0, -1.5069391131163563, 39.196983702994444, 42.16391060751758, -26.315853151048756, 0.0016000000400000006, 50.803016297005556
2025-03-31 14:32:29,555 - 2025-03-31T14:32:29.555564, 2.900176261051629, 0.0, -1.512917892845448, 39.572683703144996, 42.32405757840019, -26.124519707565153, 0.0016000000400000006, 50.427316296855004
2025-03-31 14:32:29,636 - 2025-03-31T14:32:29.636652, 2.9052944832842087, 0.0, -1.5172461489813438, 40.03578370333109, 42.49594680056776, -25.987659882452405, 0.0016000000400000006, 49.96421629666891
2025-03-31 14:32:29,675 - 2025-03-31T14:32:29.675842, 2.9092147832357482, 0.0, -1.5203640406231371, 40.625783703568935, 42.62741421030087, -25.889297816652377, 0.0016000000400000006, 49.374216296431065
2025-03-31 14:32:29,715 - 2025-03-31T14:32:29.715484, 2.9138639000645696, 0.0, -1.5238677119421924, 41.455883703905116, 42.78313482264555, -25.779001324556987, 0.0016000000400000006, 48.54411629609489
2025-03-31 14:32:29,755 - 2025-03-31T14:32:29.755920, 2.919354105801836, 0.0, -1.528530076252549, 42.31478370425493, 42.96753557189414, -25.63155460123936, 0.0016000000400000006, 47.68521629574507
2025-03-31 14:32:29,776 - 2025-03-31T14:32:29.776163, 2.921920115004414, 0.0, -1.530162741794626, 42.84618370447236, 43.05319163258512, -25.580544739091188, 0.0016000000400000006, 47.15381629552764
2025-03-31 14:32:29,815 - 2025-03-31T14:32:29.815755, 2.9263625458220277, 0.0, -1.535093746604065, 43.86468370489136, 43.20352213256772, -25.423281544873575, 0.0016000000400000006, 46.13531629510864
2025-03-31 14:32:29,835 - 2025-03-31T14:32:29.835285, 2.929226141828355, 0.0, -1.53699369868571, 44.37418370510204, 43.29918741492351, -25.363802164161527, 0.0016000000400000006, 45.62581629489796
2025-03-31 14:32:29,855 - 2025-03-31T14:32:29.855849, 2.9327138577468466, 0.0, -1.5386477354664083, 44.99248370535881, 43.41506389137374, -25.31298447702376, 0.0016000000400000006, 45.00751629464119
2025-03-31 14:32:29,875 - 2025-03-31T14:32:29.875330, 2.9359859586285713, 0.0, -1.5402425256782588, 45.524983705580844, 43.52381837735059, -25.263899243751766, 0.0016000000400000006, 44.475016294419156
2025-03-31 14:32:29,895 - 2025-03-31T14:32:29.895843, 2.939019719275394, 0.0, -1.541354414313775, 46.0838837058148, 43.62429609552836, -25.23040551951702, 0.0016000000400000006, 43.9161162941852
2025-03-31 14:32:29,935 - 2025-03-31T14:32:29.935685, 2.9443005310824244, 0.0, -1.5447533886677123, 46.99358370619771, 43.8006128277427, -25.12415103593876, 0.0016000000400000006, 43.006416293802296
2025-03-31 14:32:29,956 - 2025-03-31T14:32:29.956384, 2.9475712780046353, 0.0, -1.5450028171561616, 47.5460837064316, 43.90802036138346, -25.119145273597542, 0.0016000000400000006, 42.4539162935684
2025-03-31 14:32:29,995 - 2025-03-31T14:32:29.995574, 2.9525166276776913, 0.0, -1.5474284132913843, 48.41498370680139, 44.07240324305683, -25.044458733869043, 0.0016000000400000006, 41.58501629319861
2025-03-31 14:32:30,036 - 2025-03-31T14:32:30.036259, 2.9546630437513244, 0.0, -1.5531198892018008, 49.16598370712304, 44.1482411055846, -24.860055681602816, 0.0016000000400000006, 40.83401629287696
2025-03-31 14:32:30,075 - 2025-03-31T14:32:30.075230, 2.9595112715253076, 0.0, -1.555055008694643, 49.90558370744171, 44.308966904516076, -24.801345576686813, 0.0016000000400000006, 40.0944162925583
2025-03-31 14:32:30,115 - 2025-03-31T14:32:30.115206, 2.9630230666014485, 0.0, -1.55847806220623, 50.70658370778899, 44.427345110628096, -24.69258936344676, 0.0016000000400000006, 39.29341629221101
2025-03-31 14:32:30,157 - 2025-03-31T14:32:30.156941, 2.9681385809150003, 0.0, -1.5601155948953234, 51.45038370811352, 44.59654042812348, -24.643888480195578, 0.0016000000400000006, 38.54961629188649
2025-03-31 14:32:30,195 - 2025-03-31T14:32:30.195170, 2.972793918850352, 0.0, -1.5624151228268066, 52.218283708450734, 44.75129901390726, -24.573051773973795, 0.0016000000400000006, 37.781716291549266
2025-03-31 14:32:30,235 - 2025-03-31T14:32:30.235177, 2.977055902042397, 0.0, -1.565302249299743, 53.027483708808475, 44.89373824762045, -24.482581550197608, 0.0016000000400000006, 36.972516291191525
2025-03-31 14:32:30,255 - 2025-03-31T14:32:30.255210, 2.9802081558269133, 0.0, -1.5659829078617258, 53.5337837090336, 44.9976808735297, -24.463331806909625, 0.0016000000400000006, 36.4662162909664
2025-03-31 14:32:30,296 - 2025-03-31T14:32:30.295998, 2.9843805921859303, 0.0, -1.568520776028111, 54.36588370940576, 45.13684795027623, -24.384218332888775, 0.0016000000400000006, 35.63411629059424
2025-03-31 14:32:30,340 - 2025-03-31T14:32:30.340063, 2.9898832401362587, 0.0, -1.5707748535633232, 55.36038370985421, 45.319324646403096, -24.315691181318392, 0.0016000000400000006, 34.63961629014579
2025-03-31 14:32:30,376 - 2025-03-31T14:32:30.376008, 2.994196894831105, 0.0, -1.5733051466636638, 56.29018371027722, 45.46311140820678, -24.236962633072757, 0.0016000000400000006, 33.70981628972278
2025-03-31 14:32:30,416 - 2025-03-31T14:32:30.416700, 2.9997284890861, 0.0, -1.574778735818792, 57.25568371072037, 45.645780855098465, -24.194036212204452, 0.0016000000400000006, 32.74431628927963
2025-03-31 14:32:30,455 - 2025-03-31T14:32:30.455563, 3.0044279234582083, 0.0, -1.5765802120418502, 58.1880837111522, 45.80150204319754, -24.139560866570392, 0.0016000000400000006, 31.811916288847797
2025-03-31 14:32:30,495 - 2025-03-31T14:32:30.495357, 3.009684656107589, 0.0, -1.5782101696648985, 59.15178371160266, 45.97531704575008, -24.09124490909443, 0.0016000000400000006, 30.84821628839734
2025-03-31 14:32:30,515 - 2025-03-31T14:32:30.515469, 3.0130222246646916, 0.0, -1.5783852014524102, 59.78388371190046, 46.08484195903179, -24.08874145216943, 0.0016000000400000006, 30.216116288099542
2025-03-31 14:32:30,536 - 2025-03-31T14:32:30.536456, 3.0155579336030893, 0.0, -1.5794529936511696, 60.271283712131385, 46.16895831662184, -24.05621033024997, 0.0016000000400000006, 29.728716287868615
2025-03-31 14:32:30,555 - 2025-03-31T14:32:30.555304, 3.017633466163287, 0.0, -1.581182781092319, 60.811083712388466, 46.238637942500304, -24.001543385359916, 0.0016000000400000006, 29.188916287611534
2025-03-31 14:32:30,595 - 2025-03-31T14:32:30.595801, 3.023239457119219, 0.0, -1.58272319188234, 61.76808371284775, 46.423809694808185, -23.95649958485062, 0.0016000000400000006, 28.231916287152252
2025-03-31 14:32:30,615 - 2025-03-31T14:32:30.615380, 3.025277114349191, 0.0, -1.5837468876443426, 62.317983713113726, 46.491564691810495, -23.924931065246437, 0.0016000000400000006, 27.682016286886274
2025-03-31 14:32:30,635 - 2025-03-31T14:32:30.635248, 3.0282805747318333, 0.0, -1.5842939029365408, 62.86918371338191, 46.59050270688735, -23.909916081240414, 0.0016000000400000006, 27.130816286618092
2025-03-31 14:32:30,656 - 2025-03-31T14:32:30.656231, 3.03094235187397, 0.0, -1.585071683397596, 63.36878371362634, 46.67846889798411, -23.88700925521055, 0.0016000000400000006, 26.631216286373657
2025-03-31 14:32:30,675 - 2025-03-31T14:32:30.675388, 3.03338851397934, 0.0, -1.5857902172898046, 63.96018371391741, 46.75931309860749, -23.865834883046404, 0.0016000000400000006, 26.03981628608259
2025-03-31 14:32:30,716 - 2025-03-31T14:32:30.716356, 3.039023451239938, 0.0, -1.5865501396997415, 64.97528371442138, 46.94467760168018, -23.846391813239197, 0.0016000000400000006, 25.02471628557862
2025-03-31 14:32:30,755 - 2025-03-31T14:32:30.755440, 3.0440797189846425, 0.0, -1.588403287425601, 66.01238371494219, 47.11214046530981, -23.790568939514642, 0.0016000000400000006, 23.98761628505781
2025-03-31 14:32:30,780 - 2025-03-31T14:32:30.780127, 3.046829689000292, 0.0, -1.5881849644698058, 66.54248371521075, 47.20203186103713, -23.800384834660232, 0.0016000000400000006, 23.45751628478925
2025-03-31 14:32:30,796 - 2025-03-31T14:32:30.796493, 3.0491497829019227, 0.0, -1.5891935100997179, 67.05148371547018, 47.27902622815378, -23.769586166606523, 0.0016000000400000006, 22.948516284529816
2025-03-31 14:32:30,815 - 2025-03-31T14:32:30.815415, 3.0517812597798786, 0.0, -1.589406417217456, 67.59598371574941, 47.36545271614962, -23.765158080805353, 0.0016000000400000006, 22.404016284250588
2025-03-31 14:32:30,835 - 2025-03-31T14:32:30.835232, 3.0546951733294936, 0.0, -1.589604174203104, 68.16498371604307, 47.46111857425983, -23.76149984655464, 0.0016000000400000006, 21.835016283956932
2025-03-31 14:32:30,875 - 2025-03-31T14:32:30.875680, 3.059610222738369, 0.0, -1.5914648969950087, 69.15238371655741, 47.62396175283227, -23.705292047054847, 0.0016000000400000006, 20.84761628344259
2025-03-31 14:32:30,916 - 2025-03-31T14:32:30.916162, 3.064902122798947, 0.0, -1.5911102228504008, 70.19108371710512, 47.797007479588764, -23.72203660615459, 0.0016000000400000006, 19.808916282894884
2025-03-31 14:32:30,935 - 2025-03-31T14:32:30.935501, 3.0671478199996405, 0.0, -1.5920519468454213, 70.68648371736879, 47.871499541289225, -23.693355317741847, 0.0016000000400000006, 19.313516282631213
2025-03-31 14:32:30,955 - 2025-03-31T14:32:30.955356, 3.070120980118102, 0.0, -1.592034088794302, 71.36998371773527, 47.968897853265155, -23.696819073964527, 0.0016000000400000006, 18.630016282264734
2025-03-31 14:32:30,978 - 2025-03-31T14:32:30.978173, 3.0736349344222313, 0.0, -1.590216913748113, 72.07938371811896, 48.082273175808, -23.759761059390435, 0.0016000000400000006, 17.92061628188104
2025-03-31 14:32:31,015 - 2025-03-31T14:32:31.015101, 3.0767836750192457, 0.0, -1.5947924391444706, 72.99188371861761, 48.189871732950344, -23.61289258836727, 0.0016000000400000006, 17.008116281382385
2025-03-31 14:32:31,036 - 2025-03-31T14:32:31.036136, 3.078754510614326, 0.0, -1.5958905316074103, 73.5524837189269, 48.255509350311684, -23.578821763346898, 0.0016000000400000006, 16.447516281073106
2025-03-31 14:32:31,055 - 2025-03-31T14:32:31.055241, 3.0826328733570962, 0.0, -1.5942662463998527, 74.11778371924105, 48.38101127416031, -23.63579653562511, 0.0016000000400000006, 15.882216280758952
2025-03-31 14:32:31,100 - 2025-03-31T14:32:31.100771, 3.0871973104999064, 0.0, -1.5948711543013836, 74.97888371972414, 48.53115075064133, -23.62039605008945, 0.0016000000400000006, 15.021116280275862
2025-03-31 14:32:31,115 - 2025-03-31T14:32:31.115158, 3.090215921014639, 0.0, -1.5957006062652415, 75.47868372000708, 48.63085861726866, -23.59614169596905, 0.0016000000400000006, 14.521316279992918
2025-03-31 14:32:31,155 - 2025-03-31T14:32:31.155242, 3.0959087508845693, 0.0, -1.5948995519150095, 76.30238372047761, 48.81660862187097, -23.62790008756603, 0.0016000000400000006, 13.697616279522393
2025-03-31 14:32:31,199 - 2025-03-31T14:32:31.199576, 3.1024578197950357, 0.0, -1.5955396272277378, 77.16578372097655, 49.031808614927684, -23.613268877826414, 0.0016000000400000006, 12.834216279023451
2025-03-31 14:32:31,236 - 2025-03-31T14:32:31.236159, 3.106308590192654, 0.0, -1.5960411921236655, 77.9340837214256, 49.158464740347604, -23.600563448471767, 0.0016000000400000006, 12.065916278574406
2025-03-31 14:32:31,275 - 2025-03-31T14:32:31.275247, 3.1125373471012354, 0.0, -1.5959903258893373, 78.63168372183756, 49.36250073441381, -23.60826081246757, 0.0016000000400000006, 11.368316278162439
2025-03-31 14:32:31,316 - 2025-03-31T14:32:31.316272, 3.1182315309306805, 0.0, -1.596534633262507, 79.22618372219189, 49.54959769135225, -23.595939733133758, 0.0016000000400000006, 10.773816277808109
2025-03-31 14:32:31,355 - 2025-03-31T14:32:31.355208, 3.123257498411205, 0.0, -1.5978229076450496, 79.81948372254857, 49.71552085188096, -23.55859559963789, 0.0016000000400000006, 10.180516277451432
2025-03-31 14:32:31,395 - 2025-03-31T14:32:31.395163, 3.129522776690498, 0.0, -1.597132771366467, 80.29818372283859, 49.92013452248722, -23.587274009278605, 0.0016000000400000006, 9.701816277161413
2025-03-31 14:32:31,435 - 2025-03-31T14:32:31.435663, 3.134243582301228, 0.0, -1.5980125408736114, 80.90688372321036, 50.07566353557588, -23.56301907940382, 0.0016000000400000006, 9.093116276789644
2025-03-31 14:32:31,475 - 2025-03-31T14:32:31.475213, 3.140189902538151, 0.0, -1.5979768247713735, 81.27168372343476, 50.27046015952774, -23.569946591849167, 0.0016000000400000006, 8.728316276565238
2025-03-31 14:32:31,515 - 2025-03-31T14:32:31.515331, 3.1460025795052897, 0.0, -1.5980899020710102, 81.73468372372136, 50.46102202419765, -23.571869493462103, 0.0016000000400000006, 8.26531627627864
2025-03-31 14:32:31,556 - 2025-03-31T14:32:31.555981, 3.151503873496104, 0.0, -1.5989986178828213, 82.13748372397235, 50.642151767988416, -23.547421812822492, 0.0016000000400000006, 7.862516276027647
2025-03-31 14:32:31,615 - 2025-03-31T14:32:31.615416, 3.1575927660283707, 0.0, -1.6003006884379398, 82.5097837242057, 50.842915029333554, -23.510654780112272, 0.0016000000400000006, 7.490216275794296
2025-03-31 14:32:31,676 - 2025-03-31T14:32:31.675995, 3.1631016350852295, 0.0, -1.60135062258558, 82.81358372439709, 51.024429698899525, -23.481587414415493, 0.0016000000400000006, 7.186416275602909
2025-03-31 14:32:31,755 - 2025-03-31T14:32:31.755172, 3.1692925166635852, 0.0, -1.6005936646721053, 83.00708372451946, 51.226541064089574, -23.512383203697176, 0.0016000000400000006, 6.992916275480539
2025-03-31 14:32:31,835 - 2025-03-31T14:32:31.835270, 3.175685217106132, 0.0, -1.60095887837922, 83.12608372459489, 51.436351520538665, -23.506606438296693, 0.0016000000400000006, 6.873916275405108
2025-03-31 14:32:31,916 - 2025-03-31T14:32:31.916359, 3.182384433377987, 0.0, -1.6030779586851338, 83.2405837246676, 51.6579030767639, -23.443660998344342, 0.0016000000400000006, 6.7594162753323985
2025-03-31 14:32:31,976 - 2025-03-31T14:32:31.976029, 3.1883989292093164, 0.0, -1.60431320760536, 83.30118372470616, 51.85616403269283, -23.409011345275108, 0.0016000000400000006, 6.6988162752938365
2025-03-31 14:32:32,035 - 2025-03-31T14:32:32.035393, 3.194591164747187, 0.0, -1.6049016114152868, 83.26898372468567, 52.05962235021901, -23.395727663625994, 0.0016000000400000006, 6.7310162753143326
2025-03-31 14:32:32,095 - 2025-03-31T14:32:32.095704, 3.200702782477589, 0.0, -1.6066273369778932, 83.31358372471405, 52.261540388889834, -23.345101575744252, 0.0016000000400000006, 6.68641627528595
2025-03-31 14:32:32,155 - 2025-03-31T14:32:32.155196, 3.2076830814615884, 0.0, -1.6073859054283153, 83.21048372464848, 52.49098436289331, -23.327005458273163, 0.0016000000400000006, 6.789516275351517
2025-03-31 14:32:32,215 - 2025-03-31T14:32:32.215401, 3.211636389596337, 0.0, -1.6137593938602288, 82.44498372416498, 52.62668538039955, -23.122005710382854, 0.0016000000400000006, 7.5550162758350154
2025-03-31 14:32:32,235 - 2025-03-31T14:32:32.235546, 3.213808495364567, 0.0, -1.6080487059391793, 82.4279837241543, 52.692325300778506, -23.31121947120785, 0.0016000000400000006, 7.572016275845698
2025-03-31 14:32:32,315 - 2025-03-31T14:32:32.315144, 3.219838141327987, 0.0, -1.6095663915310645, 82.23928372403603, 52.89135610825792, -23.267330448024254, 0.0016000000400000006, 7.760716275963972
2025-03-31 14:32:32,375 - 2025-03-31T14:32:32.375194, 3.2248868340066457, 0.0, -1.611278320921095, 82.10918372395467, 53.0584340461123, -23.216127259356863, 0.0016000000400000006, 7.890816276045328
2025-03-31 14:32:32,435 - 2025-03-31T14:32:32.435608, 3.2305141962011987, 0.0, -1.6118970249952018, 82.00898372389211, 53.243413623409765, -23.20130387460685, 0.0016000000400000006, 7.991016276107886
2025-03-31 14:32:32,498 - 2025-03-31T14:32:32.498718, 3.2372044834474947, 0.0, -1.612529525241885, 81.8101837237683, 53.46323330152367, -23.187057590642468, 0.0016000000400000006, 8.189816276231696
2025-03-31 14:32:32,555 - 2025-03-31T14:32:32.555457, 3.244407972534306, 0.0, -1.6134885585969836, 81.40718372351844, 53.700184191775755, -23.16260933424845, 0.0016000000400000006, 8.592816276481557
2025-03-31 14:32:32,596 - 2025-03-31T14:32:32.596123, 3.249770756108319, 0.0, -1.6170955729216425, 81.03148372328688, 53.87938815518154, -23.04961778597203, 0.0016000000400000006, 8.968516276713117
2025-03-31 14:32:32,635 - 2025-03-31T14:32:32.635245, 3.255560707877322, 0.0, -1.6167849952137914, 80.54068372298629, 54.06879524252576, -23.06539974275649, 0.0016000000400000006, 9.459316277013713
2025-03-31 14:32:32,675 - 2025-03-31T14:32:32.675365, 3.2617239971105265, 0.0, -1.618153887403802, 80.09768372271688, 54.27206080928711, -23.026515330405303, 0.0016000000400000006, 9.90231627728312
2025-03-31 14:32:32,717 - 2025-03-31T14:32:32.717179, 3.2674712064022873, 0.0, -1.619686723127777, 79.64258372244191, 54.46185224665216, -22.981856455671263, 0.0016000000400000006, 10.357416277558087
2025-03-31 14:32:32,755 - 2025-03-31T14:32:32.755367, 3.27313779788658, 0.0, -1.6223568806044324, 78.97398372204121, 54.650103405161865, -22.89985517470456, 0.0016000000400000006, 11.026016277958789
2025-03-31 14:32:32,795 - 2025-03-31T14:32:32.795430, 3.279241840550937, 0.0, -1.6239413878312092, 78.36218372167791, 54.85163651805747, -22.853848771880003, 0.0016000000400000006, 11.637816278322092
2025-03-31 14:32:32,835 - 2025-03-31T14:32:32.835286, 3.284462051829607, 0.0, -1.626210615498512, 77.71128372129486, 55.02487384406998, -22.78455176875914, 0.0016000000400000006, 12.288716278705138
2025-03-31 14:32:32,855 - 2025-03-31T14:32:32.855364, 3.2872436760689516, 0.0, -1.6279025276094359, 77.17958372098457, 55.11765189523433, -22.731809452745228, 0.0016000000400000006, 12.820416279015433
2025-03-31 14:32:32,897 - 2025-03-31T14:32:32.897636, 3.2925748054192696, 0.0, -1.6295993068673762, 76.37578372051979, 55.29396920320307, -22.6813761156283, 0.0016000000400000006, 13.624216279480208
2025-03-31 14:32:32,936 - 2025-03-31T14:32:32.936744, 3.298068524344038, 0.0, -1.6303668043433577, 75.6003837200763, 55.474714021218574, -22.66154812004587, 0.0016000000400000006, 14.399616279923706
2025-03-31 14:32:32,975 - 2025-03-31T14:32:32.975294, 3.30256127270494, 0.0, -1.6335956140567998, 74.70028371956724, 55.62504509695562, -22.560106072289592, 0.0016000000400000006, 15.299716280432762
2025-03-31 14:32:33,015 - 2025-03-31T14:32:33.015524, 3.306903873704453, 0.0, -1.6353454187770557, 73.82918371908038, 55.769024609524145, -22.50697825474606, 0.0016000000400000006, 16.170816280919624
2025-03-31 14:32:33,060 - 2025-03-31T14:32:33.060603, 3.311499965070958, 0.0, -1.6378605617453057, 72.96868371860485, 55.92205074144219, -22.429019558050896, 0.0016000000400000006, 17.03131628139515
2025-03-31 14:32:33,076 - 2025-03-31T14:32:33.075973, 3.313470800666038, 0.0, -1.6389586542082455, 72.4633837183281, 55.98768835880353, -22.39494873303052, 0.0016000000400000006, 17.536616281671897
2025-03-31 14:32:33,095 - 2025-03-31T14:32:33.095281, 3.315819840872335, 0.0, -1.6391867114580738, 71.94178371804426, 56.064875476685025, -22.389750795678886, 0.0016000000400000006, 18.058216281955737
2025-03-31 14:32:33,135 - 2025-03-31T14:32:33.135767, 3.320075602957849, 0.0, -1.6432779813185823, 71.00118371753715, 56.208276736959085, -22.25982078602909, 0.0016000000400000006, 18.998816282462855
2025-03-31 14:32:33,155 - 2025-03-31T14:32:33.155543, 3.3222696286557407, 0.0, -1.6445765386861986, 70.4217837172277, 56.28142127056904, -22.219397822085792, 0.0016000000400000006, 19.578216282772303
2025-03-31 14:32:33,175 - 2025-03-31T14:32:33.175437, 3.3247233658271558, 0.0, -1.6454362909142364, 69.90378371695293, 56.36265039696765, -22.19360376486448, 0.0016000000400000006, 20.09621628304707
2025-03-31 14:32:33,195 - 2025-03-31T14:32:33.195439, 3.3271481566939047, 0.0, -1.647076531522358, 69.41668371669614, 56.44368677260144, -22.1422089769411, 0.0016000000400000006, 20.58331628330386
2025-03-31 14:32:33,215 - 2025-03-31T14:32:33.215226, 3.3295502223625175, 0.0, -1.648293117122992, 68.90698371642901, 56.52356837090952, -22.10467324418922, 0.0016000000400000006, 21.09301628357099
2025-03-31 14:32:33,235 - 2025-03-31T14:32:33.235230, 3.3320935063669603, 0.0, -1.6495021276575805, 68.22968371607658, 56.608069654274814, -22.06752243721259, 0.0016000000400000006, 21.77031628392342
2025-03-31 14:32:33,256 - 2025-03-31T14:32:33.256235, 3.3339912992206173, 0.0, -1.6518787602090295, 67.66688371578587, 56.67255191855604, -21.9914895209024, 0.0016000000400000006, 22.333116284214128
2025-03-31 14:32:33,275 - 2025-03-31T14:32:33.275355, 3.3362535005129157, 0.0, -1.6544482825991098, 67.05178371547032, 56.74916078414308, -21.909489391444524, 0.0016000000400000006, 22.94821628452968
2025-03-31 14:32:33,295 - 2025-03-31T14:32:33.295397, 3.3390123995541248, 0.0, -1.6557165397025457, 66.30078371508812, 56.84078405798173, -21.87060613060213, 0.0016000000400000006, 23.699216284911884
2025-03-31 14:32:33,315 - 2025-03-31T14:32:33.315404, 3.3407765491379977, 0.0, -1.6582419656558693, 65.51298371469063, 56.90103156298103, -21.78956860345953, 0.0016000000400000006, 24.487016285309366
2025-03-31 14:32:33,355 - 2025-03-31T14:32:33.355375, 3.346628455394877, 0.0, -1.6604064963580543, 64.36128371411584, 57.094865008863216, -21.724313608855795, 0.0016000000400000006, 25.638716285884158
2025-03-31 14:32:33,375 - 2025-03-31T14:32:33.375918, 3.3494087256747074, 0.0, -1.6607530467455764, 63.810683713843645, 57.186296107691454, -21.71565076377268, 0.0016000000400000006, 26.18931628615636
2025-03-31 14:32:33,416 - 2025-03-31T14:32:33.416231, 3.3529067245782724, 0.0, -1.6652390253089062, 62.76028371332879, 57.30525141458912, -21.572054449716187, 0.0016000000400000006, 27.23971628667121
2025-03-31 14:32:33,435 - 2025-03-31T14:32:33.435445, 3.3546267777253886, 0.0, -1.6682625029706557, 62.20528371305911, 57.364536317273135, -21.474655561985838, 0.0016000000400000006, 27.79471628694089
2025-03-31 14:32:33,455 - 2025-03-31T14:32:33.455361, 3.3567326105497672, 0.0, -1.670557163755122, 61.6646837127979, 57.43575564625253, -21.401509876867088, 0.0016000000400000006, 28.335316287202097
2025-03-31 14:32:33,475 - 2025-03-31T14:32:33.475684, 3.3596692492975175, 0.0, -1.6711785757482582, 61.13528371254355, 57.53257628168842, -21.383992587444837, 0.0016000000400000006, 28.864716287456453
2025-03-31 14:32:33,495 - 2025-03-31T14:32:33.495890, 3.3621898081038246, 0.0, -1.6719639312753585, 60.57898371227774, 57.615922787727996, -21.36070083563974, 0.0016000000400000006, 29.421016287722264
2025-03-31 14:32:33,515 - 2025-03-31T14:32:33.515280, 3.363507577482074, 0.0, -1.6740884274193295, 60.075883712038674, 57.66115646023008, -21.292367586342976, 0.0016000000400000006, 29.924116287961326
2025-03-31 14:32:33,539 - 2025-03-31T14:32:33.539661, 3.365636135504588, 0.0, -1.6768067432112845, 59.585283711806696, 57.73353056653516, -21.205362846052683, 0.0016000000400000006, 30.414716288193304
2025-03-31 14:32:33,555 - 2025-03-31T14:32:33.555328, 3.3673851349563706, 0.0, -1.6790497324929494, 59.04098371155065, 57.793008219983996, -21.133564689024432, 0.0016000000400000006, 30.959016288449348
2025-03-31 14:32:33,596 - 2025-03-31T14:32:33.596456, 3.371979872363361, 0.0, -1.6802195137377982, 58.19198371115401, 57.944687399565936, -21.09968546326005, 0.0016000000400000006, 31.80801628884599
2025-03-31 14:32:33,615 - 2025-03-31T14:32:33.615712, 3.3741587479291626, 0.0, -1.6812356344337553, 57.61218371088503, 58.017062081625426, -21.068501869431113, 0.0016000000400000006, 32.38781628911497
2025-03-31 14:32:33,635 - 2025-03-31T14:32:33.635792, 3.374891626684988, 0.0, -1.685657499281222, 56.988383710597276, 58.04535614124533, -20.92432903034337, 0.0016000000400000006, 33.011616289402724
2025-03-31 14:32:33,677 - 2025-03-31T14:32:33.677007, 3.3793051111979358, 0.0, -1.6913689924707453, 55.844283710073896, 58.195493890463126, -20.74146510542366, 0.0016000000400000006, 34.155716289926104
2025-03-31 14:32:33,695 - 2025-03-31T14:32:33.695411, 3.384909748194353, 0.0, -1.6915640415373643, 54.88038370963725, 58.37931869043489, -20.74050077584517, 0.0016000000400000006, 35.11961629036276
2025-03-31 14:32:33,735 - 2025-03-31T14:32:33.735759, 3.3878242104350083, 0.0, -1.6996927505275914, 54.23408370934664, 58.482681336786484, -20.476985401066894, 0.0016000000400000006, 35.76591629065336
2025-03-31 14:32:33,755 - 2025-03-31T14:32:33.755509, 3.3836220225028515, 0.0, -1.7045209610224674, 52.56428370860339, 58.34967134518045, -20.314720474788906, 0.0016000000400000006, 37.43571629139661
2025-03-31 14:32:33,775 - 2025-03-31T14:32:33.775385, 3.388296023757796, 0.0, -1.7032080587912346, 51.82658370827844, 58.50154385128161, -20.362263126187962, 0.0016000000400000006, 38.17341629172156
2025-03-31 14:32:33,795 - 2025-03-31T14:32:33.795274, 3.393842768144881, 0.0, -1.7049640846180218, 50.911683707878275, 58.68498314972374, -20.310097335205292, 0.0016000000400000006, 39.088316292121725
2025-03-31 14:32:33,815 - 2025-03-31T14:32:33.815578, 3.39548842459106, 0.0, -1.7079207406448789, 50.39408370765322, 58.741765746991554, -20.214815827115924, 0.0016000000400000006, 39.60591629234678
2025-03-31 14:32:33,838 - 2025-03-31T14:32:33.838943, 3.396487235926939, 0.0, -1.710699656965195, 49.29608370717895, 58.77718237283922, -20.124731680623782, 0.0016000000400000006, 40.70391629282105
2025-03-31 14:32:33,855 - 2025-03-31T14:32:33.855475, 3.3975969653344666, 0.0, -1.7129061248761484, 48.768983706952746, 58.81567898064314, -20.05351120013559, 0.0016000000400000006, 41.231016293047254
2025-03-31 14:32:33,875 - 2025-03-31T14:32:33.875460, 3.39936111491834, 0.0, -1.715431550829472, 47.94398370660062, 58.87592648564245, -19.972473672992987, 0.0016000000400000006, 42.05601629339938
2025-03-31 14:32:33,897 - 2025-03-31T14:32:33.897749, 3.4017645345464675, 0.0, -1.7179934981535072, 47.08988370623842, 58.95715503628666, -19.890858469310334, 0.0016000000400000006, 42.91011629376158
2025-03-31 14:32:33,916 - 2025-03-31T14:32:33.916124, 3.4028074423191033, 0.0, -1.720274362765398, 46.526483706000796, 58.99353426444961, -19.817135683405926, 0.0016000000400000006, 43.473516293999204
2025-03-31 14:32:33,935 - 2025-03-31T14:32:33.935150, 3.40419960839829, 0.0, -1.7224656805442615, 45.782883705688675, 59.0412702423679, -19.746685054468177, 0.0016000000400000006, 44.217116294311325
2025-03-31 14:32:33,957 - 2025-03-31T14:32:33.957215, 3.4058969363472706, 0.0, -1.7250655031985227, 45.113483705409195, 59.09940036772622, -19.66314522190936, 0.0016000000400000006, 44.886516294590805
2025-03-31 14:32:33,975 - 2025-03-31T14:32:33.975472, 3.407147884090628, 0.0, -1.7272643960434308, 44.39178370510935, 59.14251666058732, -19.592309667196396, 0.0016000000400000006, 45.60821629489065
2025-03-31 14:32:33,995 - 2025-03-31T14:32:33.995354, 3.4079903269585876, 0.0, -1.7297684507581335, 43.742383704840876, 59.17254374982736, -19.511079965043375, 0.0016000000400000006, 46.257616295159124
2025-03-31 14:32:34,016 - 2025-03-31T14:32:34.016162, 3.409315671402882, 0.0, -1.7320341652379336, 43.08288370456947, 59.218162348104656, -19.438127030689447, 0.0016000000400000006, 46.91711629543053
2025-03-31 14:32:34,035 - 2025-03-31T14:32:34.035271, 3.4111163423574666, 0.0, -1.7339203211470027, 42.42928370430172, 59.278987529644006, -19.378070549191747, 0.0016000000400000006, 47.57071629569829
2025-03-31 14:32:34,056 - 2025-03-31T14:32:34.056047, 3.4118175668895967, 0.0, -1.7364319509277504, 41.74948370402447, 59.30439493382686, -19.2964559212635, 0.0016000000400000006, 48.25051629597553
2025-03-31 14:32:34,076 - 2025-03-31T14:32:34.075995, 3.412808803159431, 0.0, -1.7390696489122375, 41.069783703748534, 59.339426633899315, -19.210991459828527, 0.0016000000400000006, 48.930216296251466
2025-03-31 14:32:34,095 - 2025-03-31T14:32:34.095498, 3.4141417226697706, 0.0, -1.7414765817278672, 40.496383703516685, 59.38543015795186, -19.133418840417413, 0.0016000000400000006, 49.503616296483315
2025-03-31 14:32:34,115 - 2025-03-31T14:32:34.115225, 3.415526313682912, 0.0, -1.7435266811709011, 39.804683703238155, 59.4327812100949, -19.067587896536843, 0.0016000000400000006, 50.19531629676185
2025-03-31 14:32:34,135 - 2025-03-31T14:32:34.135610, 3.416101470011303, 0.0, -1.7463283226893522, 39.23168370300835, 59.45433878077104, -18.976348972719027, 0.0016000000400000006, 50.76831629699165
2025-03-31 14:32:34,155 - 2025-03-31T14:32:34.155694, 3.4163273680331434, 0.0, -1.749219511040832, 38.557883702739126, 59.46453960169186, -18.88183789193451, 0.0016000000400000006, 51.442116297260874
2025-03-31 14:32:34,175 - 2025-03-31T14:32:34.175284, 3.4175783157765007, 0.0, -1.75141840388574, 37.919583702485156, 59.50765589455296, -18.81100233722155, 0.0016000000400000006, 52.080416297514844
2025-03-31 14:32:34,195 - 2025-03-31T14:32:34.195807, 3.4189112352868407, 0.0, -1.7538253367013699, 37.24818370221904, 59.55365941860551, -18.733429717810427, 0.0016000000400000006, 52.75181629778096
2025-03-31 14:32:34,215 - 2025-03-31T14:32:34.215248, 3.4198280748557375, 0.0, -1.7563962130509645, 36.640583701979104, 59.58618881326175, -18.65008263601644, 0.0016000000400000006, 53.359416298020896
2025-03-31 14:32:34,235 - 2025-03-31T14:32:34.235214, 3.421079022599095, 0.0, -1.758595105895873, 35.94258370170449, 59.62930510612285, -18.579247081303464, 0.0016000000400000006, 54.05741629829551
2025-03-31 14:32:34,256 - 2025-03-31T14:32:34.256098, 3.4223602706066325, 0.0, -1.7613588720840987, 35.2097837014174, 59.67396110208488, -18.489932786361788, 0.0016000000400000006, 54.7902162985826
2025-03-31 14:32:34,275 - 2025-03-31T14:32:34.275322, 3.422601318760563, 0.0, -1.7645324971072367, 34.56368370116521, 59.684931774556155, -18.386182335462937, 0.0016000000400000006, 55.43631629883479
2025-03-31 14:32:34,295 - 2025-03-31T14:32:34.295770, 3.423919088138813, 0.0, -1.7666569932512077, 33.86448370089331, 59.73016544705824, -18.317849086166174, 0.0016000000400000006, 56.13551629910669
2025-03-31 14:32:34,316 - 2025-03-31T14:32:34.316095, 3.4251107893133232, 0.0, -1.7690715011328826, 33.15288370061762, 59.771549286053606, -18.239891540979823, 0.0016000000400000006, 56.84711629938238
2025-03-31 14:32:34,335 - 2025-03-31T14:32:34.335748, 3.425269865700271, 0.0, -1.772037086185299, 32.37258370031647, 59.77963272733344, -18.142878154779122, 0.0016000000400000006, 57.62741629968353
2025-03-31 14:32:34,355 - 2025-03-31T14:32:34.355205, 3.4255109138542017, 0.0, -1.775210711208437, 31.678483700049597, 59.790603399804716, -18.03912770388027, 0.0016000000400000006, 58.3215162999504
2025-03-31 14:32:34,376 - 2025-03-31T14:32:34.376589, 3.4271930916710924, 0.0, -1.7775280971910394, 31.011083699793847, 59.84796367361259, -17.96482724143581, 0.0016000000400000006, 58.98891630020616
2025-03-31 14:32:34,395 - 2025-03-31T14:32:34.395671, 3.4287995188275318, 0.0, -1.7784332998153478, 30.42238369956893, 59.901474689668156, -17.936723629563126, 0.0016000000400000006, 59.57761630043107
2025-03-31 14:32:34,415 - 2025-03-31T14:32:34.415166, 3.428251149575819, 0.0, -1.7800913984745885, 29.785683699326402, 59.88511275332601, -17.88186508541706, 0.0016000000400000006, 60.214316300673595
2025-03-31 14:32:34,475 - 2025-03-31T14:32:34.475908, 3.4330352636339385, 0.0, -1.7847916381151712, 29.292683699139108, 60.04641507728873, -17.73249373322328, 0.0016000000400000006, 60.707316300860896
2025-03-31 14:32:34,535 - 2025-03-31T14:32:34.535315, 3.4316966717081083, 0.0, -1.7915198006916926, 28.583883698870547, 60.009070368038465, -17.510749426233225, 0.0016000000400000006, 61.416116301129456
2025-03-31 14:32:34,575 - 2025-03-31T14:32:34.575315, 3.432882151776088, 0.0, -1.7951384519609395, 27.89218369860927, 60.05141623359469, -17.39333209517326, 0.0016000000400000006, 62.10781630139073
2025-03-31 14:32:34,615 - 2025-03-31T14:32:34.615851, 3.434685530649701, 0.0, -1.7997153313168113, 27.117883698317744, 60.114935319806264, -17.245116671813992, 0.0016000000400000006, 62.88211630168225
2025-03-31 14:32:34,655 - 2025-03-31T14:32:34.655261, 3.4354790099338874, 0.0, -1.8052669428509125, 26.234583697986338, 60.146308785627994, -17.06398635226885, 0.0016000000400000006, 63.76541630201366
2025-03-31 14:32:34,695 - 2025-03-31T14:32:34.695759, 3.43810075251781, 0.0, -1.8105788601905977, 25.349183697655334, 60.23735323141779, -16.892479752858865, 0.0016000000400000006, 64.65081630234467
2025-03-31 14:32:34,736 - 2025-03-31T14:32:34.736414, 3.4396154736132334, 0.0, -1.816375033066132, 24.551083697357917, 60.29259497407587, -16.704034692075517, 0.0016000000400000006, 65.44891630264209
2025-03-31 14:32:34,775 - 2025-03-31T14:32:34.775125, 3.4409083585653595, 0.0, -1.823316102760391, 23.75898369706367, 60.34167675282144, -16.477862299284304, 0.0016000000400000006, 66.24101630293633
2025-03-31 14:32:34,815 - 2025-03-31T14:32:34.815377, 3.443388882813453, 0.0, -1.8286355951661215, 22.997883696781717, 60.42810151355407, -16.30597077409909, 0.0016000000400000006, 67.00211630321829
2025-03-31 14:32:34,835 - 2025-03-31T14:32:34.835336, 3.4437635742371677, 0.0, -1.8316604267873848, 22.44998369657922, 60.443306945307285, -16.20722493403265, 0.0016000000400000006, 67.55001630342078
2025-03-31 14:32:34,875 - 2025-03-31T14:32:34.875380, 3.446705628822975, 0.0, -1.8376632856741262, 21.784583696333822, 60.545515390087594, -16.013389760887254, 0.0016000000400000006, 68.21541630366617
2025-03-31 14:32:34,915 - 2025-03-31T14:32:34.915534, 3.4476189552043692, 0.0, -1.8441290288580956, 21.19758369611779, 60.5817007159769, -15.802423951358083, 0.0016000000400000006, 68.80241630388221
2025-03-31 14:32:34,955 - 2025-03-31T14:32:34.955207, 3.4492597445035322, 0.0, -1.8496351899959262, 20.749283695953093, 60.64079229214172, -15.62360318646431, 0.0016000000400000006, 69.2507163040469
2025-03-31 14:32:34,995 - 2025-03-31T14:32:34.995378, 3.451182970474353, 0.0, -1.8551262010016663, 20.198383695751, 60.70912323842086, -15.445552273121006, 0.0016000000400000006, 69.801616304249
2025-03-31 14:32:35,035 - 2025-03-31T14:32:35.035444, 3.4531061964451744, 0.0, -1.8606172120074063, 19.763883695591865, 60.777454184700005, -15.267501359777704, 0.0016000000400000006, 70.23611630440814
2025-03-31 14:32:35,077 - 2025-03-31T14:32:35.077528, 3.4536248141237476, 0.0, -1.8663251920094273, 19.386683695453883, 60.79997320618262, -15.080981503624916, 0.0016000000400000006, 70.61331630454612
2025-03-31 14:32:35,136 - 2025-03-31T14:32:35.136102, 3.456196239164383, 0.0, -1.8733393044451097, 18.892183695273225, 60.89101707621801, -14.853653757753598, 0.0016000000400000006, 71.10781630472678
2025-03-31 14:32:35,196 - 2025-03-31T14:32:35.196921, 3.4577577646155913, 0.0, -1.8813281490590215, 18.473083695120327, 60.94991532586358, -14.593411115696403, 0.0016000000400000006, 71.52691630487968
2025-03-31 14:32:35,256 - 2025-03-31T14:32:35.256346, 3.4606860230288223, 0.0, -1.8883939329975057, 18.112583694988935, 61.05270087142952, -14.36473584173457, 0.0016000000400000006, 71.88741630501107
2025-03-31 14:32:35,295 - 2025-03-31T14:32:35.295789, 3.460699013932925, 0.0, -1.8939165982269406, 17.809083694878424, 61.058473606549185, -14.183798272954242, 0.0016000000400000006, 72.19091630512158
2025-03-31 14:32:35,355 - 2025-03-31T14:32:35.355660, 3.4635239293405524, 0.0, -1.9016960489106167, 17.632183694814056, 61.158564095934096, -13.931639647931295, 0.0016000000400000006, 72.36781630518594
2025-03-31 14:32:35,415 - 2025-03-31T14:32:35.415256, 3.4665568847189014, 0.0, -1.9093935278273104, 17.43088369474084, 61.265391650017165, -13.682368254099787, 0.0016000000400000006, 72.56911630525916
2025-03-31 14:32:35,456 - 2025-03-31T14:32:35.456167, 3.4673579390691334, 0.0, -1.9150863576972408, 17.413783694734622, 61.297150041614145, -13.496618249497471, 0.0016000000400000006, 72.58621630526538
2025-03-31 14:32:35,495 - 2025-03-31T14:32:35.495318, 3.4696228482804603, 0.0, -1.9203466035341243, 17.20108369465732, 61.37645281187339, -13.326459178177997, 0.0016000000400000006, 72.79891630534269
2025-03-31 14:32:35,555 - 2025-03-31T14:32:35.555638, 3.4712360452344706, 0.0, -1.9279786147754399, 17.24318369467262, 61.43669858960946, -13.077958211651369, 0.0016000000400000006, 72.75681630532738
2025-03-31 14:32:35,595 - 2025-03-31T14:32:35.595300, 3.473434132810905, 0.0, -1.9333132573132603, 17.199083694656615, 61.51388398022772, -12.905296834915703, 0.0016000000400000006, 72.80091630534338
2025-03-31 14:32:35,636 - 2025-03-31T14:32:35.635972, 3.475922232125044, 0.0, -1.9387739680548197, 17.20828369465994, 61.600693666735566, -12.72878562467332, 0.0016000000400000006, 72.79171630534006
2025-03-31 14:32:35,675 - 2025-03-31T14:32:35.675927, 3.4764181246054813, 0.0, -1.9440582930493528, 17.152783694639773, 61.6220579108925, -12.556124823692056, 0.0016000000400000006, 72.84721630536023
2025-03-31 14:32:35,715 - 2025-03-31T14:32:35.715769, 3.478742280385655, 0.0, -1.9491029238494695, 17.297583694692406, 61.70309313501748, -12.39308774284597, 0.0016000000400000006, 72.7024163053076
2025-03-31 14:32:35,775 - 2025-03-31T14:32:35.775283, 3.4812696089895336, 0.0, -1.956615087993577, 17.506783694768462, 61.79317440273759, -12.149398636386927, 0.0016000000400000006, 72.49321630523156
2025-03-31 14:32:35,815 - 2025-03-31T14:32:35.815306, 3.481899144739755, 0.0, -1.9617506195862355, 17.677883694830687, 61.81877340617645, -11.981742446238062, 0.0016000000400000006, 72.32211630516933
2025-03-31 14:32:35,875 - 2025-03-31T14:32:35.875901, 3.4853316759679425, 0.0, -1.9676563565739043, 17.91328369491635, 61.93695828576926, -11.79156435583457, 0.0016000000400000006, 72.08671630508366
2025-03-31 14:32:35,935 - 2025-03-31T14:32:35.935729, 3.48745536684344, 0.0, -1.9729241774768327, 18.11778369499082, 62.01164137097132, -11.621020358739866, 0.0016000000400000006, 71.88221630500918
2025-03-31 14:32:36,196 - 2025-03-31T14:32:36.196067, 3.4892146492802967, 0.0, -1.9779991085411297, 18.468983695118823, 62.074197854867606, -11.456443574792875, 0.0016000000400000006, 71.53101630488118
2025-03-31 14:32:39,658 - 2025-03-31T14:32:39.658774, 3.4877302284490534, 0.0, -1.972767809008913, 18.458683695115067, 62.02049581531045, -11.62640989534751, 0.0016000000400000006, 71.54131630488493
2025-03-31 14:32:39,755 - 2025-03-31T14:32:39.755821, 3.4847943949697773, 0.0, -1.9655608067345993, 18.56978369515559, 61.917325343969274, -11.859704854366523, 0.0016000000400000006, 71.43021630484441
2025-03-31 14:32:39,816 - 2025-03-31T14:32:39.816015, 3.4834712097534704, 0.0, -1.9580548636970225, 18.585483695161308, 61.866703862122755, -12.104355987386443, 0.0016000000400000006, 71.41451630483868
2025-03-31 14:32:39,855 - 2025-03-31T14:32:39.855586, 3.4823498434013547, 0.0, -1.9516710922800353, 18.8638836952629, 61.8237814715353, -12.3124345657242, 0.0016000000400000006, 71.1361163047371
2025-03-31 14:32:39,895 - 2025-03-31T14:32:39.895398, 3.479816293690945, 0.0, -1.9453630715235, 19.045083695329055, 61.73466223037606, -12.51666388630963, 0.0016000000400000006, 70.95491630467095
2025-03-31 14:32:39,936 - 2025-03-31T14:32:39.936469, 3.477021678547498, 0.0, -1.9381484941831413, 19.0416836953278, 61.63611144409206, -12.750343771103864, 0.0016000000400000006, 70.9583163046722
2025-03-31 14:32:39,996 - 2025-03-31T14:32:39.996159, 3.4745838967766467, 0.0, -1.9309855883455844, 19.365283695446056, 61.549302333338616, -12.98267612780759, 0.0016000000400000006, 70.63471630455396
2025-03-31 14:32:40,035 - 2025-03-31T14:32:40.035430, 3.4715371452257218, 0.0, -1.9243510344806336, 19.466183695482943, 61.44305188004118, -13.197107420822658, 0.0016000000400000006, 70.53381630451706
2025-03-31 14:32:40,075 - 2025-03-31T14:32:40.075240, 3.4699253022312253, 0.0, -1.918064384962719, 19.697083695567425, 61.384153054641196, -13.401528916418515, 0.0016000000400000006, 70.30291630443257
2025-03-31 14:32:40,115 - 2025-03-31T14:32:40.115727, 3.4668130830049226, 0.0, -1.9128495895221067, 19.7934836956027, 61.27713217403892, -13.569378433086591, 0.0016000000400000006, 70.2065163043973
2025-03-31 14:32:40,155 - 2025-03-31T14:32:40.155823, 3.466494930231026, 0.0, -1.906918419417274, 19.993683695675994, 61.260965291479216, -13.763405205487992, 0.0016000000400000006, 70.006316304324
2025-03-31 14:32:40,215 - 2025-03-31T14:32:40.215488, 3.463343481714983, 0.0, -1.8996521705741136, 20.189583695747782, 61.150672829664664, -13.998432618372735, 0.0016000000400000006, 69.81041630425221
2025-03-31 14:32:40,275 - 2025-03-31T14:32:40.275432, 3.4612701083827733, 0.0, -1.892682154575188, 20.37108369581431, 61.07599032021701, -14.224797761928775, 0.0016000000400000006, 69.62891630418571
2025-03-31 14:32:40,335 - 2025-03-31T14:32:40.335204, 3.459047941648689, 0.0, -1.885578495306478, 20.54178369587694, 60.99630319993694, -14.455397664766759, 0.0016000000400000006, 69.45821630412306
2025-03-31 14:32:40,395 - 2025-03-31T14:32:40.395254, 3.4564765166080536, 0.0, -1.8785643828707954, 20.740083695949693, 60.90525932990156, -14.682725410638085, 0.0016000000400000006, 69.25991630405031
2025-03-31 14:32:40,455 - 2025-03-31T14:32:40.455198, 3.4525976051742426, 0.0, -1.8722577160737743, 20.843283695987605, 60.77206061781154, -14.88560777888741, 0.0016000000400000006, 69.15671630401239
2025-03-31 14:32:40,575 - 2025-03-31T14:32:40.575310, 3.4527409827380597, 0.0, -1.8670099124499528, 20.976783696036627, 60.77167741929951, -15.057690903328622, 0.0016000000400000006, 69.02321630396338
2025-03-31 14:32:54,815 - 2025-03-31T14:32:54.815543, 3.450735785000256, 0.0, -1.8613108614734915, 21.121483696089808, 60.70045924182892, -15.242478881370069, 0.0016000000400000006, 68.87851630391019
2025-03-31 14:32:54,855 - 2025-03-31T14:32:54.855758, 3.448098892284243, 0.0, -1.8557165074621476, 21.323783696164202, 60.60864494448867, -15.423224850894401, 0.0016000000400000006, 68.6762163038358
2025-03-31 14:32:54,895 - 2025-03-31T14:32:54.895380, 3.4466144714530005, 0.0, -1.8504852079299308, 21.383783696186285, 60.554942904931536, -15.593191171449046, 0.0016000000400000006, 68.61621630381372
2025-03-31 14:32:54,935 - 2025-03-31T14:32:54.935344, 3.4433307336266874, 0.0, -1.844713114212046, 21.594483696263822, 60.44176263617113, -15.779134502570603, 0.0016000000400000006, 68.40551630373618
2025-03-31 14:32:54,976 - 2025-03-31T14:32:54.976354, 3.4412649353605222, 0.0, -1.83788431654895, 21.733683696315076, 60.36746505249869, -16.000879961069455, 0.0016000000400000006, 68.26631630368493
2025-03-31 14:32:55,015 - 2025-03-31T14:32:55.015847, 3.4387754820868697, 0.0, -1.8310782440839892, 21.927383696386435, 60.279308413654746, -16.221470642242622, 0.0016000000400000006, 68.07261630361357
2025-03-31 14:32:55,055 - 2025-03-31T14:32:55.055409, 3.4359216203745753, 0.0, -1.8240792817803968, 21.954383696396402, 60.17902517350499, -16.44802853656349, 0.0016000000400000006, 68.0456163036036
2025-03-31 14:32:55,095 - 2025-03-31T14:32:55.095288, 3.4338344508697896, 0.0, -1.8181721908332142, 22.193183696484464, 60.10491976484298, -16.639553579303076, 0.0016000000400000006, 67.80681630351553
2025-03-31 14:32:55,156 - 2025-03-31T14:32:55.156179, 3.430951642852829, 0.0, -1.8119537169097062, 22.250183696505474, 60.00444377392841, -16.84051074292185, 0.0016000000400000006, 67.74981630349453
2025-03-31 14:32:55,635 - 2025-03-31T14:32:55.635572, 3.434018411682861, 0.0, -1.816321202335342, 22.823783696717324, 60.10915509987933, -16.700379336596836, 0.0016000000400000006, 67.17621630328267
2025-03-31 14:32:55,696 - 2025-03-31T14:32:55.696062, 3.4358418078355815, 0.0, -1.8186310132518992, 23.354383696913676, 60.17113505874438, -16.626463799927613, 0.0016000000400000006, 66.64561630308634
2025-03-31 14:32:55,755 - 2025-03-31T14:32:55.755255, 3.4383209781241604, 0.0, -1.822605143934228, 24.19938369722715, 60.25621286714089, -16.498651745673204, 0.0016000000400000006, 65.80061630277285
2025-03-31 14:32:55,795 - 2025-03-31T14:32:55.795491, 3.4410963812569744, 0.0, -1.8255011994327237, 24.975583697515987, 60.34995294486612, -16.406449643785677, 0.0016000000400000006, 65.02441630248401
2025-03-31 14:32:55,815 - 2025-03-31T14:32:55.815714, 3.4428302305766665, 0.0, -1.8274617520427299, 25.466783697699217, 60.40866074676448, -16.343890856871784, 0.0016000000400000006, 64.53321630230079
2025-03-31 14:32:55,835 - 2025-03-31T14:32:55.835880, 3.445121378173631, 0.0, -1.8292507860527265, 25.9833836978923, 60.485462363116326, -16.28749145811598, 0.0016000000400000006, 64.0166163021077
2025-03-31 14:32:55,855 - 2025-03-31T14:32:55.855509, 3.445941095843455, 0.0, -1.831331185759941, 26.50578369808796, 60.514334675030675, -16.22012081113449, 0.0016000000400000006, 63.49421630191204
2025-03-31 14:32:55,875 - 2025-03-31T14:32:55.875848, 3.447474480258471, 0.0, -1.8335149284727588, 27.214083698353907, 60.56669033800613, -16.150055107971987, 0.0016000000400000006, 62.78591630164609
2025-03-31 14:32:55,895 - 2025-03-31T14:32:55.895552, 3.450969771243008, 0.0, -1.835310183589286, 27.822383698582968, 60.682951740231594, -16.094617735777057, 0.0016000000400000006, 62.17761630141703
2025-03-31 14:32:55,916 - 2025-03-31T14:32:55.916240, 3.452949535863647, 0.0, -1.8378948561114568, 28.56758369886439, 60.75032123570427, -16.011847754768713, 0.0016000000400000006, 61.43241630113561
2025-03-31 14:32:55,935 - 2025-03-31T14:32:55.935853, 3.454580042177736, 0.0, -1.8405690754666548, 29.23038369911546, 60.80633398142162, -15.925805616793703, 0.0016000000400000006, 60.769616300884536
2025-03-31 14:32:55,955 - 2025-03-31T14:32:55.955713, 3.4561437268569324, 0.0, -1.8433176915227905, 30.01598369941406, 60.860229347498, -15.837261173402485, 0.0016000000400000006, 59.98401630058594
2025-03-31 14:32:55,978 - 2025-03-31T14:32:55.978855, 3.460472531683869, 0.0, -1.8461304212947893, 30.95858369977376, 61.00478596085216, -15.749293255042513, 0.0016000000400000006, 59.04141630022624
2025-03-31 14:32:55,995 - 2025-03-31T14:32:55.995844, 3.463418099457179, 0.0, -1.8482384133471559, 31.638883700034388, 61.103338474399386, -15.683076809632304, 0.0016000000400000006, 58.36111629996561
2025-03-31 14:32:56,015 - 2025-03-31T14:32:56.015413, 3.465315892310836, 0.0, -1.850615045898605, 32.4089837003305, 61.16782073868062, -15.60704389332211, 0.0016000000400000006, 57.5910162996695
2025-03-31 14:32:56,036 - 2025-03-31T14:32:56.036244, 3.467822654944567, 0.0, -1.8524633264774484, 33.247983700654395, 61.251744345505855, -15.548912040700568, 0.0016000000400000006, 56.752016299345605
2025-03-31 14:32:56,055 - 2025-03-31T14:32:56.055625, 3.4701062274754864, 0.0, -1.8541111421516154, 34.091483700981485, 61.32816103608247, -15.49713232700194, 0.0016000000400000006, 55.908516299018515
2025-03-31 14:32:56,075 - 2025-03-31T14:32:56.075792, 3.472339482463118, 0.0, -1.8574611529217797, 34.79468370125528, 61.404577150904665, -15.389531466841976, 0.0016000000400000006, 55.20531629874472
2025-03-31 14:32:56,095 - 2025-03-31T14:32:56.095915, 3.474445315287497, 0.0, -1.8597558137062467, 35.520483701539, 61.47579647988406, -15.316385781723211, 0.0016000000400000006, 54.479516298461
2025-03-31 14:32:56,116 - 2025-03-31T14:32:56.115979, 3.477368157862671, 0.0, -1.861440150751125, 36.31858370185229, 61.5731942161056, -15.264028391484548, 0.0016000000400000006, 53.68141629814771
2025-03-31 14:32:56,135 - 2025-03-31T14:32:56.135236, 3.480855873781162, 0.0, -1.8630941875318228, 37.05428370214236, 61.689070692555816, -15.213210704346796, 0.0016000000400000006, 52.94571629785764
2025-03-31 14:32:56,155 - 2025-03-31T14:32:56.155346, 3.4827233663706387, 0.0, -1.8649059467399547, 37.68448370239185, 61.75201325373614, -15.155656528265299, 0.0016000000400000006, 52.31551629760815
2025-03-31 14:32:56,175 - 2025-03-31T14:32:56.175797, 3.484145832714006, 0.0, -1.8676621378621352, 38.217383702603534, 61.80128893475534, -15.066727159098853, 0.0016000000400000006, 51.782616297396466
2025-03-31 14:32:56,195 - 2025-03-31T14:32:56.195570, 3.4863625836100334, 0.0, -1.8693843502372394, 38.89268370287276, 61.87558824569098, -15.012445139984033, 0.0016000000400000006, 51.10731629712724
2025-03-31 14:32:56,216 - 2025-03-31T14:32:56.216084, 3.4891517829154233, 0.0, -1.8712174806839927, 39.47708370310665, 61.968751222630566, -14.95508313891294, 0.0016000000400000006, 50.52291629689335
2025-03-31 14:32:56,235 - 2025-03-31T14:32:56.235832, 3.4912197404095764, 0.0, -1.8728060497893124, 40.08248370334987, 62.038045922733815, -14.90503587908007, 0.0016000000400000006, 49.91751629665013
2025-03-31 14:32:56,255 - 2025-03-31T14:32:56.255237, 3.4938815175517126, 0.0, -1.873583830250368, 40.78468370363315, 62.12601211383056, -14.88212905305019, 0.0016000000400000006, 49.21531629636685
2025-03-31 14:32:56,275 - 2025-03-31T14:32:56.275367, 3.49690770313249, 0.0, -1.8745545005500546, 41.39668370388109, 62.22610490623312, -14.853255013872623, 0.0016000000400000006, 48.60331629611891
2025-03-31 14:32:56,295 - 2025-03-31T14:32:56.295717, 3.4978459139400084, 0.0, -1.876203670183736, 41.998683704125945, 62.25844212587895, -14.800128347837898, 0.0016000000400000006, 48.001316295874055
2025-03-31 14:32:56,315 - 2025-03-31T14:32:56.315239, 3.499104436749411, 0.0, -1.8785437813644734, 42.51378370433628, 62.30194334451528, -14.724673108067755, 0.0016000000400000006, 47.48621629566372
2025-03-31 14:32:56,335 - 2025-03-31T14:32:56.335445, 3.502071375761341, 0.0, -1.8797300667009265, 43.03548370455, 62.40030368305207, -14.688677078416815, 0.0016000000400000006, 46.96451629545
2025-03-31 14:32:56,355 - 2025-03-31T14:32:56.355350, 3.5035076382772843, 0.0, -1.8814233327713645, 43.586683704776696, 62.44900226328562, -14.634587810066805, 0.0016000000400000006, 46.413316295223304
2025-03-31 14:32:56,375 - 2025-03-31T14:32:56.375404, 3.50597652558079, 0.0, -1.882565521671061, 44.18148370502227, 62.531001241234705, -14.599554382731144, 0.0016000000400000006, 45.81851629497773
2025-03-31 14:32:56,395 - 2025-03-31T14:32:56.395802, 3.508311769614511, 0.0, -1.8838565039726323, 44.67888370522844, 62.608765459901846, -14.559516344563068, 0.0016000000400000006, 45.32111629477156
2025-03-31 14:32:56,415 - 2025-03-31T14:32:56.415729, 3.5106242884500967, 0.0, -1.8847238312667152, 45.274483705476264, 62.68537490124327, -14.53333736156653, 0.0016000000400000006, 44.725516294523736
2025-03-31 14:32:56,455 - 2025-03-31T14:32:56.455392, 3.5154284197873236, 0.0, -1.8871570024679827, 46.302483705906575, 62.845138097859476, -14.458265896062802, 0.0016000000400000006, 43.697516294093425
2025-03-31 14:32:56,476 - 2025-03-31T14:32:56.476117, 3.5172731871786644, 0.0, -1.8885451066686265, 46.87928370614947, 62.9069258817141, -14.414570775152836, 0.0016000000400000006, 43.12071629385053
2025-03-31 14:32:56,515 - 2025-03-31T14:32:56.515719, 3.521290609029276, 0.0, -1.8921534749527997, 47.891783706578416, 63.04205037418909, -14.300232274540317, 0.0016000000400000006, 42.108216293421584
2025-03-31 14:32:56,535 - 2025-03-31T14:32:56.535237, 3.5242348228430713, 0.0, -1.8929161052817647, 48.41028370679937, 63.13925593540021, -14.278095300060906, 0.0016000000400000006, 41.58971629320063
2025-03-31 14:32:56,555 - 2025-03-31T14:32:56.555712, 3.5276467881011113, 0.0, -1.893157958704169, 49.099183707094355, 63.251283154098125, -14.273474463494928, 0.0016000000400000006, 40.900816292905645
2025-03-31 14:32:56,596 - 2025-03-31T14:32:56.596518, 3.5306467352962514, 0.0, -1.8975998408307424, 50.04258370750093, 63.35387710040807, -14.1308407517537, 0.0016000000400000006, 39.95741629249907
2025-03-31 14:32:56,635 - 2025-03-31T14:32:56.635417, 3.5359640684739935, 0.0, -1.9003595451404254, 50.860683707856055, 63.53077150916247, -14.045567313820333, 0.0016000000400000006, 39.139316292143945
2025-03-31 14:32:56,695 - 2025-03-31T14:32:56.695575, 3.5417229147103426, 0.0, -1.9060696843704343, 51.239483708021304, 63.72498872931105, -13.864050341236736, 0.0016000000400000006, 38.760516291978696
2025-03-31 14:32:56,735 - 2025-03-31T14:32:56.735790, 3.547114644589022, 0.0, -1.9088962103150093, 51.228983708016706, 63.904385443481644, -13.776659523662405, 0.0016000000400000006, 38.771016291983294
2025-03-31 14:32:56,795 - 2025-03-31T14:32:56.795674, 3.553518981976157, 0.0, -1.9134387275281575, 51.17448370799291, 64.11862168271429, -13.634024660412376, 0.0016000000400000006, 38.82551629200709
2025-03-31 14:32:56,838 - 2025-03-31T14:32:56.838467, 3.558532507243619, 0.0, -1.9171352886858442, 51.115883707967306, 64.28646889636474, -13.517760955169283, 0.0016000000400000006, 38.884116292032694
2025-03-31 14:32:56,895 - 2025-03-31T14:32:56.895441, 3.5646468328930494, 0.0, -1.9215517376952538, 50.97608370790633, 64.49108083970776, -13.378975925425957, 0.0016000000400000006, 39.02391629209367
2025-03-31 14:32:56,935 - 2025-03-31T14:32:56.935642, 3.5669709886732237, 0.0, -1.9265963684953702, 50.97958370790785, 64.57211606383277, -13.215938844579878, 0.0016000000400000006, 39.02041629209215
2025-03-31 14:32:56,975 - 2025-03-31T14:32:56.975228, 3.5720210353113977, 0.0, -1.9296536596088023, 50.91238370787857, 64.74054095402327, -13.120656184981696, 0.0016000000400000006, 39.08761629212143
2025-03-31 14:32:57,035 - 2025-03-31T14:32:57.035685, 3.578113989722207, 0.0, -1.9349918153341248, 50.75888370781174, 64.94534507237672, -12.95165073947912, 0.0016000000400000006, 39.24111629218826
2025-03-31 14:32:57,095 - 2025-03-31T14:32:57.095781, 3.584443930408404, 0.0, -1.939467510912381, 50.75148370780851, 65.15707900619313, -12.811133255870065, 0.0016000000400000006, 39.24851629219149
2025-03-31 14:32:57,155 - 2025-03-31T14:32:57.155699, 3.591019786395549, 0.0, -1.9445673264028018, 50.68658370778029, 65.37747463358389, -12.650404578166548, 0.0016000000400000006, 39.31341629221971
2025-03-31 14:32:57,215 - 2025-03-31T14:32:57.215523, 3.597446848980819, 0.0, -1.9495334986234383, 50.696283707784495, 65.5928656501422, -12.493910659744984, 0.0016000000400000006, 39.303716292215505
2025-03-31 14:32:57,275 - 2025-03-31T14:32:57.275383, 3.6035990499604758, 0.0, -1.9546560393119943, 50.79588370782784, 65.79940222236141, -12.332027204715788, 0.0016000000400000006, 39.20411629217216
2025-03-31 14:32:57,335 - 2025-03-31T14:32:57.335668, 3.6111696554049564, 0.0, -1.9584986859525269, 51.06918370794695, 66.05117361859149, -12.213452793312497, 0.0016000000400000006, 38.93081629205305
2025-03-31 14:32:57,375 - 2025-03-31T14:32:57.375548, 3.6142288491689434, 0.0, -1.9627249530423332, 51.60968370818329, 66.15550001876716, -12.07794107204467, 0.0016000000400000006, 38.39031629181671
2025-03-31 14:32:57,416 - 2025-03-31T14:32:57.416294, 3.6186534219354387, 0.0, -1.9646827977333112, 52.36298370851452, 66.30236676252713, -12.018076189802972, 0.0016000000400000006, 37.63701629148549
2025-03-31 14:32:57,455 - 2025-03-31T14:32:57.455945, 3.62489110786958, 0.0, -1.9661185115582138, 53.336883708945926, 66.50813463470467, -11.977074397810819, 0.0016000000400000006, 36.663116291054074
2025-03-31 14:32:57,475 - 2025-03-31T14:32:57.475757, 3.6268922437288404, 0.0, -1.967781477364471, 53.93608370921317, 66.57531195516694, -11.924524832561728, 0.0016000000400000006, 36.06391629078683
2025-03-31 14:32:57,495 - 2025-03-31T14:32:57.495618, 3.629561595937022, 0.0, -1.9687004761613558, 54.66008370953799, 66.66366307203893, -11.896998321474683, 0.0016000000400000006, 35.33991629046201
2025-03-31 14:32:57,515 - 2025-03-31T14:32:57.515496, 3.632855068057368, 0.0, -1.9693735596572934, 55.468283709903126, 66.77222538300535, -11.87813350396193, 0.0016000000400000006, 34.531716290096874
2025-03-31 14:32:57,535 - 2025-03-31T14:32:57.535794, 3.6346557390119525, 0.0, -1.9712597155663625, 56.17268371022355, 66.83305056454472, -11.81807702246423, 0.0016000000400000006, 33.82731628977645
2025-03-31 14:32:57,555 - 2025-03-31T14:32:57.555324, 3.637183872884305, 0.0, -1.9721862894292923, 56.95498371058192, 66.91678199635953, -11.790165585601958, 0.0016000000400000006, 33.04501628941808
2025-03-31 14:32:57,575 - 2025-03-31T14:32:57.575389, 3.6399868683622705, 0.0, -1.9729564948243028, 57.58568371087276, 67.00936787251345, -11.767643685347299, 0.0016000000400000006, 32.41431628912724
2025-03-31 14:32:57,595 - 2025-03-31T14:32:57.595371, 3.642507427168578, 0.0, -1.973741850351403, 58.29878371120374, 67.09271437855305, -11.74435193354221, 0.0016000000400000006, 31.70121628879626
2025-03-31 14:32:57,615 - 2025-03-31T14:32:57.615603, 3.6452360259456067, 0.0, -1.9744452341115213, 59.07968371156881, 67.18279794929077, -11.723947412928531, 0.0016000000400000006, 30.92031628843119
2025-03-31 14:32:57,635 - 2025-03-31T14:32:57.635879, 3.648365554531988, 0.0, -1.974702237666016, 59.707183711864225, 67.28558579787435, -11.718556724812082, 0.0016000000400000006, 30.292816288135775
2025-03-31 14:32:57,655 - 2025-03-31T14:32:57.655437, 3.6508571670336285, 0.0, -1.9762680815732003, 60.41788371220103, 67.36873955314911, -11.669664242304897, 0.0016000000400000006, 29.582116287798968
2025-03-31 14:32:57,677 - 2025-03-31T14:32:57.677298, 3.6540018457521004, 0.0, -1.976807521799354, 61.10738371253017, 67.47229725328316, -11.65503418407409, 0.0016000000400000006, 28.892616287469828
2025-03-31 14:32:57,695 - 2025-03-31T14:32:57.695947, 3.657108649140346, 0.0, -1.9766408703463605, 61.718183712823695, 67.57393032454102, -11.66350255112917, 0.0016000000400000006, 28.281816287176305
2025-03-31 14:32:57,715 - 2025-03-31T14:32:57.715231, 3.6583885431883694, 0.0, -1.978059274811185, 62.25568371308354, 67.61723936816693, -11.618267727118281, 0.0016000000400000006, 27.744316286916458
2025-03-31 14:32:57,736 - 2025-03-31T14:32:57.736048, 3.660330432478783, 0.0, -1.9799378556542087, 62.770983713334026, 67.68268423476346, -11.558596171395825, 0.0016000000400000006, 27.229016286665974
2025-03-31 14:32:57,775 - 2025-03-31T14:32:57.775665, 3.6659956700035616, 0.0, -1.9812626514074627, 63.577383713728786, 67.86958844093706, -11.520674361359914, 0.0016000000400000006, 26.422616286271214
2025-03-31 14:32:57,835 - 2025-03-31T14:32:57.835802, 3.6735573464224833, 0.0, -1.9836187179887643, 64.09088371398197, 68.11962795905583, -11.450799105944597, 0.0016000000400000006, 25.909116286018033
2025-03-31 14:32:57,896 - 2025-03-31T14:32:57.896039, 3.680622325092494, 0.0, -1.9872760498567108, 64.3046837140878, 68.35465306892294, -11.337806981913772, 0.0016000000400000006, 25.6953162859122
2025-03-31 14:32:57,955 - 2025-03-31T14:32:57.955535, 3.687248498622926, 0.0, -1.9906736702511338, 64.28098371407607, 68.57504927206809, -11.23289945067162, 0.0016000000400000006, 25.719016285923928
2025-03-31 14:32:58,015 - 2025-03-31T14:32:58.015930, 3.6941054373222153, 0.0, -1.9944129738860628, 64.01168371394283, 68.80333731723707, -11.11702009544936, 0.0016000000400000006, 25.98831628605717
2025-03-31 14:32:58,075 - 2025-03-31T14:32:58.075254, 3.700889333280081, 0.0, -1.999430817609501, 63.33508371360981, 69.03047000932594, -10.959178648937279, 0.0016000000400000006, 26.664916286390188
2025-03-31 14:32:58,115 - 2025-03-31T14:32:58.115415, 3.7051299452335043, 0.0, -2.0032396507983505, 62.558383713230505, 69.17310141804953, -10.838488009401845, 0.0016000000400000006, 27.441616286769495
2025-03-31 14:32:58,155 - 2025-03-31T14:32:58.155710, 3.708990998616197, 0.0, -2.0065731574769106, 61.55218371274373, 69.3028363739169, -10.733003953128435, 0.0016000000400000006, 28.447816287256273
2025-03-31 14:32:58,175 - 2025-03-31T14:32:58.175403, 3.71093288790661, 0.0, -2.008451738319934, 60.926083712443415, 69.36828124051341, -10.673332397405979, 0.0016000000400000006, 29.07391628755659
2025-03-31 14:32:58,195 - 2025-03-31T14:32:58.195554, 3.7122292860462385, 0.0, -2.011497941179819, 60.29838371214424, 69.41370708802592, -10.574778732349946, 0.0016000000400000006, 29.70161628785576
2025-03-31 14:32:58,215 - 2025-03-31T14:32:58.215568, 3.7141787504026973, 0.0, -2.0135177403586724, 59.68488371185368, 69.47953688039766, -10.51048749157029, 0.0016000000400000006, 30.315116288146317
2025-03-31 14:32:58,235 - 2025-03-31T14:32:58.235634, 3.717709208798431, 0.0, -2.013328363707543, 59.112783711584356, 69.59502900682706, -10.52011063595107, 0.0016000000400000006, 30.887216288415647
2025-03-31 14:32:58,255 - 2025-03-31T14:32:58.255770, 3.72043780757546, 0.0, -2.0140317474676612, 58.531983711312456, 69.6851125775648, -10.499706115337403, 0.0016000000400000006, 31.468016288687544
2025-03-31 14:32:58,276 - 2025-03-31T14:32:58.276286, 3.721852698852782, 0.0, -2.0166467202540126, 57.83148371098659, 69.73400333280878, -10.415396431228132, 0.0016000000400000006, 32.16851628901341
2025-03-31 14:32:58,295 - 2025-03-31T14:32:58.295741, 3.7220420755039108, 0.0, -2.0201771786497464, 57.18508371068782, 69.74362647718954, -10.299904304798726, 0.0016000000400000006, 32.81491628931218
2025-03-31 14:32:58,315 - 2025-03-31T14:32:58.315550, 3.7243194269282993, 0.0, -2.0230291377114855, 56.440983710346174, 69.82100519432703, -10.208664805226494, 0.0016000000400000006, 33.559016289653826
2025-03-31 14:32:58,335 - 2025-03-31T14:32:58.335345, 3.7269446826997243, 0.0, -2.0244461882167957, 55.76538371003802, 69.90839370888375, -10.16477693355171, 0.0016000000400000006, 34.23461628996198
2025-03-31 14:32:58,355 - 2025-03-31T14:32:58.355664, 3.728878996924093, 0.0, -2.0261835507239905, 55.052583709714995, 69.97345364970505, -10.109725062886412, 0.0016000000400000006, 34.947416290285005
2025-03-31 14:32:58,395 - 2025-03-31T14:32:58.395613, 3.733172634339833, 0.0, -2.030980912263645, 54.174683709319986, 70.11877953885526, -9.956696627950745, 0.0016000000400000006, 35.825316290680014
2025-03-31 14:32:58,435 - 2025-03-31T14:32:58.435474, 3.7390245405967115, 0.0, -2.03314544296583, 53.68038370909895, 70.31261298473743, -9.891441633347014, 0.0016000000400000006, 36.31961629090105
2025-03-31 14:32:58,495 - 2025-03-31T14:32:58.495313, 3.744664893695367, 0.0, -2.0392868122693724, 53.25828370891098, 70.50336529715455, -9.695680679816652, 0.0016000000400000006, 36.74171629108902
2025-03-31 14:32:58,538 - 2025-03-31T14:32:58.538203, 3.749790690993992, 0.0, -2.0437562867410977, 53.219783708893864, 70.67563944509736, -9.554201169646714, 0.0016000000400000006, 36.780216291106136
2025-03-31 14:32:58,595 - 2025-03-31T14:32:58.595785, 3.7562404787773978, 0.0, -2.049146113969222, 53.12458370885158, 70.89218523898137, -9.383848196053638, 0.0016000000400000006, 36.87541629114842
2025-03-31 14:32:58,655 - 2025-03-31T14:32:58.655847, 3.7635300015097344, 0.0, -2.0543492724652466, 53.12998370885398, 71.13606421743322, -9.22042446216909, 0.0016000000400000006, 36.87001629114602
2025-03-31 14:32:58,715 - 2025-03-31T14:32:58.715728, 3.769905392592203, 0.0, -2.0596722780584784, 52.94348370877121, 71.35010770590102, -9.05218886821698, 0.0016000000400000006, 37.05651629122879
2025-03-31 14:32:58,775 - 2025-03-31T14:32:58.775529, 3.7762063869737337, 0.0, -2.0649284620168187, 52.85778370873324, 71.56164888895263, -8.886070653905835, 0.0016000000400000006, 37.14221629126676
2025-03-31 14:32:58,835 - 2025-03-31T14:32:58.835297, 3.781473402608188, 0.0, -2.0693903614224993, 52.599583708619, 71.73854272195261, -8.744976069511122, 0.0016000000400000006, 37.400416291381
2025-03-31 14:32:58,895 - 2025-03-31T14:32:58.895553, 3.7881009300981345, 0.0, -2.074133343540324, 52.55508370859933, 71.96028587743385, -8.595989067338172, 0.0016000000400000006, 37.44491629140067
2025-03-31 14:32:58,955 - 2025-03-31T14:32:58.955810, 3.7940237198684486, 0.0, -2.0802595627117757, 52.35458370851082, 72.16027755996531, -8.400997965358279, 0.0016000000400000006, 37.64541629148918
2025-03-31 14:32:58,995 - 2025-03-31T14:32:58.995633, 3.7999803230904456, 0.0, -2.08305578839217, 52.41208370853617, 72.35815301436462, -8.315146850884869, 0.0016000000400000006, 37.58791629146383
2025-03-31 14:32:59,055 - 2025-03-31T14:32:59.055497, 3.806124949004057, 0.0, -2.0880371107448967, 52.23678370845887, 72.56430466080859, -8.157883080912839, 0.0016000000400000006, 37.76321629154113
2025-03-31 14:32:59,115 - 2025-03-31T14:32:59.115524, 3.8127083800572468, 0.0, -2.093278144571147, 52.10288370839992, 72.78508521397455, -7.99253471815215, 0.0016000000400000006, 37.89711629160008
2025-03-31 14:32:59,175 - 2025-03-31T14:32:59.175383, 3.8193965080755543, 0.0, -2.0991508733756064, 52.04568370837474, 73.00990777565764, -7.806590235521794, 0.0016000000400000006, 37.95431629162526
2025-03-31 14:32:59,235 - 2025-03-31T14:32:59.235573, 3.825065807478876, 0.0, -2.1045117542990646, 51.90848370831442, 73.20085283883957, -7.636430012693513, 0.0016000000400000006, 38.09151629168558
2025-03-31 14:32:59,295 - 2025-03-31T14:32:59.295639, 3.831960621508391, 0.0, -2.10895714961314, 51.84518370828662, 73.43106551288471, -7.497452232185378, 0.0016000000400000006, 38.15481629171338
2025-03-31 14:32:59,355 - 2025-03-31T14:32:59.355511, 3.8384179843578417, 0.0, -2.1144881951770937, 51.60598370818168, 73.64799623254396, -7.322479573535116, 0.0016000000400000006, 38.394016291818325
2025-03-31 14:32:59,415 - 2025-03-31T14:32:59.415713, 3.844205776898857, 0.0, -2.119417846027019, 51.336883708063866, 73.84240620345736, -7.1665633316535935, 0.0016000000400000006, 38.663116291936134
2025-03-31 14:32:59,475 - 2025-03-31T14:32:59.475474, 3.849943251896585, 0.0, -2.1260496919729412, 50.63168370775641, 74.03681559861636, -6.954825943310736, 0.0016000000400000006, 39.36831629224359
2025-03-31 14:32:59,515 - 2025-03-31T14:32:59.515829, 3.8527124339228678, 0.0, -2.130149890859009, 49.93548370745462, 74.13151770290244, -6.823164055549595, 0.0016000000400000006, 40.06451629254538
2025-03-31 14:32:59,555 - 2025-03-31T14:32:59.555709, 3.8554009981416826, 0.0, -2.1353874114977565, 48.982383707044214, 74.22467952833323, -6.654159761555834, 0.0016000000400000006, 41.017616292955786
2025-03-31 14:32:59,595 - 2025-03-31T14:32:59.595163, 3.859937842939341, 0.0, -2.138118169502773, 47.90848370658552, 74.37597320638554, -6.569079074387298, 0.0016000000400000006, 42.09151629341448
2025-03-31 14:32:59,635 - 2025-03-31T14:32:59.635301, 3.862157301754397, 0.0, -2.14253110532468, 47.019383706208636, 74.45296642199338, -6.4266381134109, 0.0016000000400000006, 42.980616293791364
2025-03-31 14:32:59,655 - 2025-03-31T14:32:59.655151, 3.8639579727089814, 0.0, -2.1444172612337495, 46.39118370594387, 74.51379160353274, -6.366581631913187, 0.0016000000400000006, 43.60881629405613
2025-03-31 14:32:59,695 - 2025-03-31T14:32:59.695664, 3.866238032052398, 0.0, -2.1499599437422914, 45.206583705447954, 74.59386422534243, -6.187183190479368, 0.0016000000400000006, 44.79341629455205
2025-03-31 14:32:59,715 - 2025-03-31T14:32:59.715264, 3.867719744964613, 0.0, -2.152500519827705, 44.59888370519524, 74.6448723602274, -6.105375811786318, 0.0016000000400000006, 45.40111629480476
2025-03-31 14:32:59,735 - 2025-03-31T14:32:59.735542, 3.86944601921826, 0.0, -2.154319854101882, 43.90148370490654, 74.70319523635054, -6.047436709929584, 0.0016000000400000006, 46.09851629509346
2025-03-31 14:32:59,755 - 2025-03-31T14:32:59.755260, 3.8702960371522646, 0.0, -2.156965127152414, 43.3520837046801, 74.73360725136578, -5.961587322719398, 0.0016000000400000006, 46.6479162953199
2025-03-31 14:32:59,775 - 2025-03-31T14:32:59.775803, 3.871628956662604, 0.0, -2.159372059968044, 42.50138370433119, 74.77961077541832, -5.884014703308261, 0.0016000000400000006, 47.49861629566881
2025-03-31 14:32:59,816 - 2025-03-31T14:32:59.816064, 3.875825472179271, 0.0, -2.163678944865319, 41.685083703998295, 74.92127958182667, -5.746962703185103, 0.0016000000400000006, 48.314916296001705
2025-03-31 14:32:59,856 - 2025-03-31T14:32:59.856021, 3.8780084096236154, 0.0, -2.168731150731481, 41.077383703751615, 74.99769512089445, -5.58354069656378, 0.0016000000400000006, 48.922616296248385
2025-03-31 14:32:59,895 - 2025-03-31T14:32:59.895720, 3.8832072496636636, 0.0, -2.1719220851146965, 40.670983703587176, 75.17112462191736, -5.484023277683676, 0.0016000000400000006, 49.329016296412824
2025-03-31 14:32:59,935 - 2025-03-31T14:32:59.935390, 3.8855389805098826, 0.0, -2.1771079342506425, 40.548583703537744, 75.25254477181758, -5.316366511780409, 0.0016000000400000006, 49.451416296462256
2025-03-31 14:32:59,995 - 2025-03-31T14:32:59.995496, 3.889850475976741, 0.0, -2.184878455908759, 40.35718370346054, 75.40133441719047, -5.065939764868811, 0.0016000000400000006, 49.64281629653946
2025-03-31 14:33:00,056 - 2025-03-31T14:33:00.056118, 3.8954240074405044, 0.0, -2.1910942219132385, 40.07918370334855, 75.58996934996662, -4.86767650592224, 0.0016000000400000006, 49.92081629665145
2025-03-31 14:33:00,115 - 2025-03-31T14:33:00.115379, 3.900172954087427, 0.0, -2.197779093321477, 39.83608370325079, 75.7520409497254, -4.653244637152769, 0.0016000000400000006, 50.16391629674921
2025-03-31 14:33:00,176 - 2025-03-31T14:33:00.176398, 3.904707639657097, 0.0, -2.20575007988427, 39.255383703017834, 75.9083375113469, -4.396465751318235, 0.0016000000400000006, 50.74461629698217
2025-03-31 14:33:00,217 - 2025-03-31T14:33:00.217295, 3.908747786705844, 0.0, -2.2097821031759315, 38.47768370270717, 76.04461678114755, -4.268268195534178, 0.0016000000400000006, 51.52231629729283
2025-03-31 14:33:00,235 - 2025-03-31T14:33:00.235343, 3.9094414361719294, 0.0, -2.2121525146208496, 37.965983702503586, 76.0696392595552, -4.191273252663121, 0.0016000000400000006, 52.034016297496414
2025-03-31 14:33:00,255 - 2025-03-31T14:33:00.255209, 3.9099497708654285, 0.0, -2.2150285528402383, 37.44378370229643, 76.08907945059036, -4.097532023429085, 0.0016000000400000006, 52.55621629770357
2025-03-31 14:33:00,275 - 2025-03-31T14:33:00.275641, 3.910376133791945, 0.0, -2.2176965510889057, 36.84838370206105, 76.10563241043413, -4.010527858893198, 0.0016000000400000006, 53.15161629793896
2025-03-31 14:33:00,295 - 2025-03-31T14:33:00.295321, 3.911783450003222, 0.0, -2.220170305539428, 36.07348370175593, 76.15413823990286, -3.930837859841098, 0.0016000000400000006, 53.92651629824407
2025-03-31 14:33:00,315 - 2025-03-31T14:33:00.315698, 3.911816458186431, 0.0, -2.2234259023295477, 35.53218370154356, 76.158371847676, -3.8242001777508237, 0.0016000000400000006, 54.46781629845644
2025-03-31 14:33:00,335 - 2025-03-31T14:33:00.335412, 3.912517682718561, 0.0, -2.225937532110296, 34.648183701198164, 76.18377925185885, -3.7425855498225666, 0.0016000000400000006, 55.351816298801836
2025-03-31 14:33:00,355 - 2025-03-31T14:33:00.355251, 3.9154178000956, 0.0, -2.227198214147686, 33.93368370092017, 76.2800222107547, -3.704087214755441, 0.0016000000400000006, 56.06631629907983
2025-03-31 14:33:00,375 - 2025-03-31T14:33:00.375414, 3.9172639214464553, 0.0, -2.229931680071731, 33.25448370065692, 76.34315694694541, -3.616312622914681, 0.0016000000400000006, 56.74551629934308
2025-03-31 14:33:00,395 - 2025-03-31T14:33:00.395825, 3.917281779497574, 0.0, -2.2329048401901925, 32.58008370039644, 76.34662070316807, -3.5189143109387513, 0.0016000000400000006, 57.41991629960356
2025-03-31 14:33:00,415 - 2025-03-31T14:33:00.415379, 3.9174408558845224, 0.0, -2.2358704252426094, 31.74388370007471, 76.35470414444794, -3.421900924738036, 0.0016000000400000006, 58.25611629992529
2025-03-31 14:33:00,435 - 2025-03-31T14:33:00.435824, 3.917733575541255, 0.0, -2.238687216893151, 31.038883699804483, 76.3670223450097, -3.3298921493697495, 0.0016000000400000006, 58.96111630019551
2025-03-31 14:33:00,455 - 2025-03-31T14:33:00.455307, 3.918717236745044, 0.0, -2.2411836965418086, 30.15798369946814, 76.40166911930694, -3.2490473729919636, 0.0016000000400000006, 59.84201630053186
2025-03-31 14:33:00,475 - 2025-03-31T14:33:00.475562, 3.9199316631176897, 0.0, -2.2440218594309713, 29.549283699236558, 76.444207735628, -3.157230772634097, 0.0016000000400000006, 60.45071630076344
2025-03-31 14:33:00,495 - 2025-03-31T14:33:00.495617, 3.9209153243214785, 0.0, -2.246518339079629, 28.675383698905172, 76.47885450992521, -3.0763859962562963, 0.0016000000400000006, 61.32461630109483
2025-03-31 14:33:00,515 - 2025-03-31T14:33:00.515202, 3.9206734708990743, 0.0, -2.249930304337669, 27.993383698647467, 76.47423367335922, -2.9643587775583797, 0.0016000000400000006, 62.00661630135253
2025-03-31 14:33:00,535 - 2025-03-31T14:33:00.535774, 3.921300298730267, 0.0, -2.2523751124835245, 27.121183698318987, 76.49713877212588, -2.8848615292711015, 0.0016000000400000006, 62.87881630168101
2025-03-31 14:33:00,555 - 2025-03-31T14:33:00.555874, 3.921949851759596, 0.0, -2.255243575636868, 26.471983698075277, 76.52119864821822, -2.791505225812293, 0.0016000000400000006, 63.52801630192472
2025-03-31 14:33:00,575 - 2025-03-31T14:33:00.575947, 3.9222501464823734, 0.0, -2.2582015856232394, 25.560983697734393, 76.53390177455526, -2.6948767653868346, 0.0016000000400000006, 64.4390163022656
2025-03-31 14:33:00,595 - 2025-03-31T14:33:00.595400, 3.922075114694861, 0.0, -2.261539154180342, 24.93298369750011, 76.53139831763025, -2.5853518521051106, 0.0016000000400000006, 65.0670163024999
2025-03-31 14:33:00,615 - 2025-03-31T14:33:00.615601, 3.9236009240438317, 0.0, -2.2635816785573306, 24.071583697179676, 76.58336905483046, -2.519905833999783, 0.0016000000400000006, 65.92841630282032
2025-03-31 14:33:00,655 - 2025-03-31T14:33:00.655841, 3.9249138262750645, 0.0, -2.2682556798122753, 22.726083696681208, 76.63091170622951, -2.3680333278986065, 0.0016000000400000006, 67.2739163033188
2025-03-31 14:33:00,675 - 2025-03-31T14:33:00.675650, 3.9259491589816555, 0.0, -2.2703953260883365, 22.179883696479532, 76.66690600861725, -2.298930227051387, 0.0016000000400000006, 67.82011630352046
2025-03-31 14:33:00,715 - 2025-03-31T14:33:00.715707, 3.924897870874501, 0.0, -2.274558833421794, 21.14608369609886, 76.63649169058436, -2.1614950284161965, 0.0016000000400000006, 68.85391630390114
2025-03-31 14:33:00,755 - 2025-03-31T14:33:00.755685, 3.9256962173057035, 0.0, -2.277560939844922, 20.372083695814677, 76.6655561775091, -2.0639039656754434, 0.0016000000400000006, 69.62791630418532
2025-03-31 14:33:00,835 - 2025-03-31T14:33:00.835560, 3.9271614261263132, 0.0, -2.278473717535276, 19.842483695620626, 76.71444750850749, -2.035415428027522, 0.0016000000400000006, 70.15751630437937
2025-03-31 14:33:01,116 - 2025-03-31T14:33:01.116026, 3.925338578664634, 0.0, -2.2840948586232983, 19.371783695448425, 76.66016433788386, -1.8494738241691824, 0.0016000000400000006, 70.62821630455157
2025-03-31 14:33:01,175 - 2025-03-31T14:33:01.175339, 3.925046407698942, 0.0, -2.2892090189773353, 18.48768369512564, 76.65554292556345, -1.681625459009914, 0.0016000000400000006, 71.51231630487436
2025-03-31 14:33:01,195 - 2025-03-31T14:33:01.195219, 3.925301252025449, 0.0, -2.2913197189487304, 17.984383694942245, 76.66593649724908, -1.6127151089275027, 0.0016000000400000006, 72.01561630505776
2025-03-31 14:33:01,215 - 2025-03-31T14:33:01.215201, 3.925103495039801, 0.0, -2.294233632498345, 17.343083694708934, 76.66227826299837, -1.517049250817324, 0.0016000000400000006, 72.65691630529106
2025-03-31 14:33:01,235 - 2025-03-31T14:33:01.235230, 3.924325714578746, 0.0, -2.2968954096404817, 16.69958369447522, 76.63937143696852, -1.4290830597205622, 0.0016000000400000006, 73.30041630552478
2025-03-31 14:33:01,255 - 2025-03-31T14:33:01.255311, 3.925198457710886, 0.0, -2.2999643376985013, 16.017883694228065, 76.67093822930948, -1.3293746173388445, 0.0016000000400000006, 73.98211630577194
2025-03-31 14:33:01,276 - 2025-03-31T14:33:01.275987, 3.9269853324928943, 0.0, -2.302913418659313, 15.360483693990098, 76.73234051163445, -1.2344780350247047, 0.0016000000400000006, 74.63951630600991
2025-03-31 14:33:01,295 - 2025-03-31T14:33:01.295763, 3.9273827491147446, 0.0, -2.306361905288065, 14.647683693732489, 76.74870072071337, -1.121873139786722, 0.0016000000400000006, 75.35231630626751
2025-03-31 14:33:01,316 - 2025-03-31T14:33:01.315967, 3.9260035739396604, 0.0, -2.3096932527386365, 13.791083693423452, 76.70673747791474, -1.0113861999441363, 0.0016000000400000006, 76.20891630657655
2025-03-31 14:33:01,335 - 2025-03-31T14:33:01.335372, 3.926013856924734, 0.0, -2.3125251945212684, 12.998783693138106, 76.70981630836219, -0.9186075730253931, 0.0016000000400000006, 77.00121630686189
2025-03-31 14:33:01,355 - 2025-03-31T14:33:01.355491, 3.9258980717060687, 0.0, -2.3156471480416045, 12.30488369288859, 76.70904530530294, -0.8162046502170486, 0.0016000000400000006, 77.6951163071114
2025-03-31 14:33:01,375 - 2025-03-31T14:33:01.375564, 3.926087448357198, 0.0, -2.3191776064373384, 11.413883692568671, 76.71866844968372, -0.700712523787645, 0.0016000000400000006, 78.58611630743133
2025-03-31 14:33:01,395 - 2025-03-31T14:33:01.395695, 3.9255480081310443, 0.0, -2.32232228515581, 10.60118369227729, 76.70403839145291, -0.5971548236536153, 0.0016000000400000006, 79.39881630772271
2025-03-31 14:33:01,415 - 2025-03-31T14:33:01.415289, 3.9248597745030165, 0.0, -2.3253333206044973, 9.936683692039344, 76.68440372238967, -0.4978318828015298, 0.0016000000400000006, 80.06331630796066
2025-03-31 14:33:01,435 - 2025-03-31T14:33:01.435798, 3.9253908343946513, 0.0, -2.328633013831374, 9.077583691732023, 76.70499869075056, -0.39023159839596255, 0.0016000000400000006, 80.92241630826797
2025-03-31 14:33:01,455 - 2025-03-31T14:33:01.455200, 3.925282624242031, 0.0, -2.3318961856875395, 8.40458369149156, 76.70461261346651, -0.28320899053046, 0.0016000000400000006, 81.59541630850845
2025-03-31 14:33:01,475 - 2025-03-31T14:33:01.475423, 3.9252260855922128, 0.0, -2.334802524171109, 7.671883691229996, 76.705574064273, -0.1879280581954954, 0.0016000000400000006, 82.32811630877
2025-03-31 14:33:01,495 - 2025-03-31T14:33:01.495320, 3.9253031902121784, 0.0, -2.337560069252804, 6.973783690980996, 76.71077027436138, -0.09765173669294525, 0.0016000000400000006, 83.026216309019
2025-03-31 14:33:01,515 - 2025-03-31T14:33:01.515221, 3.92410932980968, 0.0, -2.3403857899289053, 6.1999836907052135, 76.67438931893523, -0.0039110832133117945, 0.0016000000400000006, 83.80001630929479
2025-03-31 14:33:01,535 - 2025-03-31T14:33:01.535723, 3.923138659509994, 0.0, -2.343411975509683, 5.4627836904426506, 76.64551527975769, 0.09618170918923008, 0.0016000000400000006, 84.53721630955735
2025-03-31 14:33:01,555 - 2025-03-31T14:33:01.555703, 3.9234313791667264, 0.0, -2.3462287671602247, 4.688983690167223, 76.65783348031945, 0.1881904845575164, 0.0016000000400000006, 85.31101630983278
2025-03-31 14:33:01,575 - 2025-03-31T14:33:01.575363, 3.922594352136824, 0.0, -2.349106159339128, 3.9437836899021117, 76.63319420042384, 0.2832786661276727, 0.0016000000400000006, 86.0562163100979
2025-03-31 14:33:01,595 - 2025-03-31T14:33:01.595594, 3.9207915219542517, 0.0, -2.352460231987835, 3.1928836896351225, 76.57737190245369, 0.39492038329594337, 0.0016000000400000006, 86.80711631036488
2025-03-31 14:33:01,615 - 2025-03-31T14:33:01.615204, 3.920593764968604, 0.0, -2.35537414553745, 2.4472836893700824, 76.57371366820297, 0.4905862414061368, 0.0016000000400000006, 87.55271631062992
2025-03-31 14:33:01,635 - 2025-03-31T14:33:01.635662, 3.9205296512527403, 0.0, -2.35813926568519, 1.7227836891126478, 76.57429019323422, 0.581247488683915, 0.0016000000400000006, 88.27721631088735
2025-03-31 14:33:01,656 - 2025-03-31T14:33:01.656450, 3.9197883921623964, 0.0, -2.360161772783072, 1.0529836888746587, 76.5519610437444, 0.6482326341357809, 0.0016000000400000006, 88.94701631112534
2025-03-31 14:33:01,675 - 2025-03-31T14:33:01.675323, 3.91961200641537, 0.0, -2.3621539796167728, 0.44598368865903454, 76.54811063448327, 0.713678076486691, 0.0016000000400000006, 89.55401631134096
2025-03-31 14:33:01,715 - 2025-03-31T14:33:01.715718, 3.920372477516347, 0.0, -2.364449994360754, -0.3911163116383421, 76.57525049253188, 0.7881707139415686, 0.0016000000400000006, 90.39111631163834
2025-03-31 14:33:01,815 - 2025-03-31T14:33:01.815580, 3.9185834435063507, 0.0, -2.3667411419577187, -0.9707163118442492, 76.51885109377608, 0.8649723302934125, 0.0016000000400000006, 90.97071631184424
2025-03-31 14:33:02,595 - 2025-03-31T14:33:02.595296, 3.9179152271574296, 0.0, -2.367485108967091, -1.4697163120215304, 76.49767729736635, 0.889995384455458, 0.0016000000400000006, 91.46971631202153
2025-03-31 14:33:02,695 - 2025-03-31T14:33:02.695563, 3.917084421234058, 0.0, -2.369158357758422, -2.0718163122354385, 76.47207599090984, 0.9456237801519722, 0.0016000000400000006, 92.07181631223544
2025-03-31 14:33:02,795 - 2025-03-31T14:33:02.795553, 3.916759242085157, 0.0, -2.3710169213223393, -2.5801163124160578, 76.46322097081631, 1.0068344632209665, 0.0016000000400000006, 92.58011631241605
2025-03-31 14:33:03,415 - 2025-03-31T14:33:03.415181, 3.9147242927742134, 0.0, -2.3726839490071394, -3.121916312608682, 76.39815987848621, 1.0634248854783572, 0.0016000000400000006, 93.12191631260868
2025-03-31 14:33:03,456 - 2025-03-31T14:33:03.456133, 3.9126969185293152, 0.0, -2.374492195027769, -3.701516312814742, 76.33348371193136, 1.1246349927929482, 0.0016000000400000006, 93.70151631281476
2025-03-31 14:33:03,495 - 2025-03-31T14:33:03.495557, 3.912968266947426, 0.0, -2.378230693394224, -4.539516313112827, 76.34599408750353, 1.2468641839204895, 0.0016000000400000006, 94.53951631311283
2025-03-31 14:33:03,535 - 2025-03-31T14:33:03.535529, 3.9109573967941325, 0.0, -2.381666737809914, -5.547316313471484, 76.28343472483525, 1.3613931322802246, 0.0016000000400000006, 95.54731631347148
2025-03-31 14:33:03,555 - 2025-03-31T14:33:03.555602, 3.9100824944340045, 0.0, -2.3838380383096704, -6.1553163136880595, 76.2568708160635, 1.4333828885644766, 0.0016000000400000006, 96.15531631368806
2025-03-31 14:33:03,576 - 2025-03-31T14:33:03.576647, 3.9090071271692, 0.0, -2.3862325289122386, -6.861016313939554, 76.2239547683688, 1.512879561097351, 0.0016000000400000006, 96.86101631393957
2025-03-31 14:33:03,595 - 2025-03-31T14:33:03.595547, 3.908139799875117, 0.0, -2.388545047747824, -7.576716314194813, 76.19777578537224, 1.5894890024387758, 0.0016000000400000006, 97.57671631419481
2025-03-31 14:33:03,615 - 2025-03-31T14:33:03.615532, 3.9072132260121872, 0.0, -2.3910731816201762, -8.33161631446426, 76.16986434850998, 1.67322043425358, 0.0016000000400000006, 98.33161631446426
2025-03-31 14:33:03,635 - 2025-03-31T14:33:03.635301, 3.904882043857009, 0.0, -2.39381828448881, -9.167016314762751, 76.09614098685117, 1.7654208088778964, 0.0016000000400000006, 99.16701631476275
2025-03-31 14:33:03,655 - 2025-03-31T14:33:03.655406, 3.9038142516582495, 0.0, -2.396353993427207, -10.020516315068079, 76.06360986493169, 1.849537166467929, 0.0016000000400000006, 100.02051631506808
2025-03-31 14:33:03,676 - 2025-03-31T14:33:03.676316, 3.9026947879566887, 0.0, -2.3992465357382007, -10.905516315385139, 76.02973121492174, 1.9453951995885417, 0.0016000000400000006, 100.90551631538514
2025-03-31 14:33:03,695 - 2025-03-31T14:33:03.695951, 3.9014265308532527, 0.0, -2.4020054347794098, -11.762216315692484, 75.99084795407936, 2.0370184734271963, 0.0016000000400000006, 101.76221631569248
2025-03-31 14:33:03,715 - 2025-03-31T14:33:03.715397, 3.8993261138669317, 0.0, -2.4050922208885486, -12.647316316010498, 75.92501643444439, 2.1401906720315793, 0.0016000000400000006, 102.64731631601052
2025-03-31 14:33:03,735 - 2025-03-31T14:33:03.735829, 3.897649351888098, 0.0, -2.408156281799552, -13.573216316343734, 75.87304396998093, 2.242208093310292, 0.0016000000400000006, 103.57321631634373
2025-03-31 14:33:03,755 - 2025-03-31T14:33:03.755401, 3.8964554914856, 0.0, -2.410982002475653, -14.416216316647697, 75.83666301455477, 2.3359487467899114, 0.0016000000400000006, 104.41621631664769
2025-03-31 14:33:03,775 - 2025-03-31T14:33:03.775789, 3.894919947842596, 0.0, -2.4140384883206116, -15.40801631700604, 75.78931023514852, 2.437581242293381, 0.0016000000400000006, 105.40801631700604
2025-03-31 14:33:03,796 - 2025-03-31T14:33:03.796789, 3.8920087422120098, 0.0, -2.416531454781767, -16.28351631732309, 75.69633828171052, 2.5220819499042673, 0.0016000000400000006, 106.28351631732309
2025-03-31 14:33:03,815 - 2025-03-31T14:33:03.815258, 3.891246111883045, 0.0, -2.419475668595562, -17.18791631765131, 75.67420130723112, 2.6192875111153597, 0.0016000000400000006, 107.18791631765131
2025-03-31 14:33:03,835 - 2025-03-31T14:33:03.835895, 3.8899261832768075, 0.0, -2.422591401009367, -18.11191631798747, 75.63397051829823, 2.72265246048458, 0.0016000000400000006, 108.11191631798746
2025-03-31 14:33:03,855 - 2025-03-31T14:33:03.855245, 3.8868069376755, 0.0, -2.4251663392375047, -18.991016318308116, 75.5342615001621, 2.8100403992868874, 0.0016000000400000006, 108.99101631830811
2025-03-31 14:33:03,875 - 2025-03-31T14:33:03.875794, 3.8847506171259356, 0.0, -2.4277550736382185, -19.89451631863843, 75.4693925828424, 2.8968512373035606, 0.0016000000400000006, 109.89451631863844
2025-03-31 14:33:03,895 - 2025-03-31T14:33:03.895211, 3.8831103765178137, 0.0, -2.430179864504967, -20.683416318927712, 75.41799779491902, 2.9778876129373346, 0.0016000000400000006, 110.68341631892771
2025-03-31 14:33:03,916 - 2025-03-31T14:33:03.916186, 3.88143361453898, 0.0, -2.4332439254159706, -21.706216319303746, 75.36602533045556, 3.0799050342160474, 0.0016000000400000006, 111.70621631930376
2025-03-31 14:33:03,935 - 2025-03-31T14:33:03.935620, 3.879659730661074, 0.0, -2.4358175096845938, -22.438316319573673, 75.31039578325023, 3.16594602068225, 0.0016000000400000006, 112.43831631957367
2025-03-31 14:33:03,955 - 2025-03-31T14:33:03.955733, 3.877699178051068, 0.0, -2.437551359004286, -23.258716319877024, 75.24783699633633, 3.224653822580619, 0.0016000000400000006, 113.25871631987702
2025-03-31 14:33:03,975 - 2025-03-31T14:33:03.975295, 3.8763854705513614, 0.0, -2.439462948030519, -23.95601632013556, 75.20664418084259, 3.2885589860762123, 0.0016000000400000006, 113.95601632013556
2025-03-31 14:33:03,995 - 2025-03-31T14:33:03.995503, 3.874938119781871, 0.0, -2.441523330458627, -24.612416320379545, 75.16121660606687, 3.35746876040422, 0.0016000000400000006, 114.61241632037954
2025-03-31 14:33:04,036 - 2025-03-31T14:33:04.036052, 3.872436772986197, 0.0, -2.445056496773389, -25.777316320814, 75.08268080858608, 3.475654791505834, 0.0016000000400000006, 115.777316320814
2025-03-31 14:33:04,075 - 2025-03-31T14:33:04.075332, 3.8694284454565384, 0.0, -2.447058986592164, -26.656916321143395, 74.9860517724062, 3.5441790643042093, 0.0016000000400000006, 116.6569163211434
2025-03-31 14:33:04,115 - 2025-03-31T14:33:04.115507, 3.868873855098294, 0.0, -2.449921228638977, -27.158316321331743, 74.97065186262492, 3.6384973943238808, 0.0016000000400000006, 117.15831632133174
2025-03-31 14:33:04,515 - 2025-03-31T14:33:04.515725, 3.8670442378390435, 0.0, -2.448815561109992, -27.646116321515272, 74.90963393032075, 3.6040416435282787, 0.0016000000400000006, 117.64611632151527
2025-03-31 14:33:04,735 - 2025-03-31T14:33:04.735950, 3.8659385703100586, 0.0, -2.4506451783692427, -28.134616321699532, 74.87517817952515, 3.665059575832436, 0.0016000000400000006, 118.13461632169954
2025-03-31 14:33:04,775 - 2025-03-31T14:33:04.775658, 3.8626388770831817, 0.0, -2.451176238260877, -28.726916321923444, 74.76757789511959, 3.6856545441932966, 0.0016000000400000006, 118.72691632192344
2025-03-31 14:33:04,815 - 2025-03-31T14:33:04.815300, 3.8605460351629057, 0.0, -2.4544042427058455, -29.514416322222047, 74.70213130125985, 3.7934464278548803, 0.0016000000400000006, 119.51441632222205
2025-03-31 14:33:04,835 - 2025-03-31T14:33:04.835416, 3.8578415155435266, 0.0, -2.4554698756766165, -30.091916322441737, 74.61454946018392, 3.830980433343517, 0.0016000000400000006, 120.09191632244173
2025-03-31 14:33:04,855 - 2025-03-31T14:33:04.855844, 3.855798991166538, 0.0, -2.4569956850255874, -30.778316322703635, 74.54910344207858, 3.8829511705437354, 0.0016000000400000006, 120.77831632270363
2025-03-31 14:33:04,875 - 2025-03-31T14:33:04.875220, 3.8539796568923608, 0.0, -2.458721959279235, -31.510516322983932, 74.49116434022184, 3.9412740466668907, 0.0016000000400000006, 121.51051632298393
2025-03-31 14:33:04,895 - 2025-03-31T14:33:04.895447, 3.85153620270602, 0.0, -2.460694148833829, -32.380016323318074, 74.4130140442707, 4.008258616364339, 0.0016000000400000006, 122.38001632331807
2025-03-31 14:33:04,915 - 2025-03-31T14:33:04.915890, 3.8490107767526958, 0.0, -2.462458298417702, -33.25951632365761, 74.33197651712808, 4.068506121363637, 0.0016000000400000006, 123.2595163236576
2025-03-31 14:33:04,935 - 2025-03-31T14:33:04.935524, 3.846567322566355, 0.0, -2.4644304879722965, -34.18241632401557, 74.25382622117692, 4.135490691061085, 0.0016000000400000006, 124.18241632401556
2025-03-31 14:33:04,955 - 2025-03-31T14:33:04.955605, 3.845068300294062, 0.0, -2.466847703773, -34.93551632430904, 74.20705111831069, 4.2161421409196445, 0.0016000000400000006, 124.93551632430905
2025-03-31 14:33:04,975 - 2025-03-31T14:33:04.975490, 3.8432716912180207, 0.0, -2.468997633034135, -35.75531632462982, 74.15026679377966, 4.288324072214316, 0.0016000000400000006, 125.75531632462982
2025-03-31 14:33:04,995 - 2025-03-31T14:33:04.995760, 3.841400685441042, 0.0, -2.471080740660378, -36.443916324900414, 74.09098016383243, 4.358388623868009, 0.0016000000400000006, 126.44391632490041
2025-03-31 14:33:05,015 - 2025-03-31T14:33:05.015309, 3.8396405977357118, 0.0, -2.472591399877259, -37.04391632513701, 74.03477351584145, 4.409589509517771, 0.0016000000400000006, 127.043916325137
2025-03-31 14:33:05,035 - 2025-03-31T14:33:05.035823, 3.83813264643786, 0.0, -2.4735220356187315, -37.53711632533217, 73.98626653486389, 4.441541803388372, 0.0016000000400000006, 127.53711632533218
2025-03-31 14:33:05,075 - 2025-03-31T14:33:05.075279, 3.836328462295773, 0.0, -2.4755307465440373, -38.3646163256609, 73.92909728455763, 4.509104049625858, 0.0016000000400000006, 128.3646163256609
2025-03-31 14:33:05,175 - 2025-03-31T14:33:05.175735, 3.834084119054594, 0.0, -2.475934384272419, -38.861516325859085, 73.85595217519328, 4.524502232143913, 0.0016000000400000006, 128.8615163258591
2025-03-31 14:33:05,855 - 2025-03-31T14:33:05.855536, 3.8318010952147152, 0.0, -2.4822175206028305, -38.24041632561143, 73.78723227285806, 4.732579658972834, 0.0016000000400000006, 128.24041632561142
2025-03-31 14:33:05,895 - 2025-03-31T14:33:05.895322, 3.8285923027803803, 0.0, -2.4844432005244177, -37.37411632526765, 73.68425109775526, 4.808610848019832, 0.0016000000400000006, 127.37411632526765
2025-03-31 14:33:05,918 - 2025-03-31T14:33:05.917767, 3.8291536629361955, 0.0, -2.4883077670946117, -36.83071632505287, 73.70638576921706, 4.934689872654088, 0.0016000000400000006, 126.83071632505288
2025-03-31 14:33:05,938 - 2025-03-31T14:33:05.938731, 3.8279081310308953, 0.0, -2.491490321143309, -36.11731632477195, 73.66865728570036, 5.040172201664274, 0.0016000000400000006, 126.11731632477195
2025-03-31 14:33:05,955 - 2025-03-31T14:33:05.955160, 3.8268251887000457, 0.0, -2.4937435934100476, -35.431816324503025, 73.63535631223044, 5.115049189139961, 0.0016000000400000006, 125.43181632450303
2025-03-31 14:33:05,975 - 2025-03-31T14:33:05.975919, 3.8251925231579693, 0.0, -2.4963096026126257, -34.78161632424895, 73.58434645008231, 5.200705249830936, 0.0016000000400000006, 124.78161632424896
2025-03-31 14:33:05,995 - 2025-03-31T14:33:05.995671, 3.8237313762159024, 0.0, -2.4994329100924766, -34.00081632394503, 73.53949597609223, 5.3044551249754, 0.0016000000400000006, 124.00081632394503
2025-03-31 14:33:06,016 - 2025-03-31T14:33:06.016393, 3.822470694178512, 0.0, -2.502333027469515, -33.24361632365153, 73.5009976410251, 5.400698083871212, 0.0016000000400000006, 123.24361632365154
2025-03-31 14:33:06,035 - 2025-03-31T14:33:06.035911, 3.8223927842900727, 0.0, -2.5061610726689976, -32.47521632335476, 73.50215126684198, 5.526199431965431, 0.0016000000400000006, 122.47521632335476
2025-03-31 14:33:06,055 - 2025-03-31T14:33:06.055133, 3.8217575761243605, 0.0, -2.5101606364684903, -31.543416322996517, 73.48521107820537, 5.65786016821775, 0.0016000000400000006, 121.54341632299652
2025-03-31 14:33:06,076 - 2025-03-31T14:33:06.076162, 3.8197391309050217, 0.0, -2.5134554625483507, -30.749216322692487, 73.42226678976184, 5.7677694315203, 0.0016000000400000006, 120.74921632269249
2025-03-31 14:33:06,095 - 2025-03-31T14:33:06.095721, 3.8183523806638924, 0.0, -2.516645591663093, -29.964516322393248, 73.37991862118798, 5.873636686305713, 0.0016000000400000006, 119.96451632239325
2025-03-31 14:33:06,116 - 2025-03-31T14:33:06.116903, 3.817583529228396, 0.0, -2.5207939488644606, -29.263516322126804, 73.35874367326943, 6.010302033390447, 0.0016000000400000006, 119.2635163221268
2025-03-31 14:33:06,135 - 2025-03-31T14:33:06.135296, 3.8163379973230964, 0.0, -2.5239765029131576, -28.377916321791442, 73.32101518975276, 6.115784362400618, 0.0016000000400000006, 118.37791632179145
2025-03-31 14:33:06,155 - 2025-03-31T14:33:06.155311, 3.8163420592016393, 0.0, -2.528012588083362, -27.493816321457945, 73.32505604676108, 6.248022775192989, 0.0016000000400000006, 117.49381632145794
2025-03-31 14:33:06,175 - 2025-03-31T14:33:06.175825, 3.8154154853387094, 0.0, -2.530540721955714, -26.60481632112385, 73.2971446098988, 6.331754207007792, 0.0016000000400000006, 116.60481632112385
2025-03-31 14:33:06,195 - 2025-03-31T14:33:06.195959, 3.814809223477664, 0.0, -2.533759797375123, -25.87531632085061, 73.28039717202702, 6.4378142125580435, 0.0016000000400000006, 115.87531632085062
2025-03-31 14:33:06,215 - 2025-03-31T14:33:06.215331, 3.8131324614988307, 0.0, -2.5368238582861267, -25.331216320647368, 73.22842470756359, 6.539831633836742, 0.0016000000400000006, 115.33121632064737
2025-03-31 14:33:06,235 - 2025-03-31T14:33:06.235341, 3.811931026030287, 0.0, -2.5395083606263986, -24.61871632038186, 73.19165882636219, 6.628952602259188, 0.0016000000400000006, 114.61871632038186
2025-03-31 14:33:06,255 - 2025-03-31T14:33:06.255565, 3.811658872343702, 0.0, -2.542355452541121, -24.041816320167445, 73.18549828669526, 6.722501080728417, 0.0016000000400000006, 114.04181632016744
2025-03-31 14:33:06,275 - 2025-03-31T14:33:06.275234, 3.8122643289362736, 0.0, -2.54572196740289, -23.54801631998416, 73.20859556047233, 6.83221874477495, 0.0016000000400000006, 113.54801631998416
2025-03-31 14:33:06,295 - 2025-03-31T14:33:06.295205, 3.8106984850290893, 0.0, -2.5482135799045307, -22.948916319762418, 73.15970307796515, 6.915372500049703, 0.0016000000400000006, 112.94891631976242
2025-03-31 14:33:06,315 - 2025-03-31T14:33:06.315394, 3.8101287445387553, 0.0, -2.550793385279685, -22.438316319573673, 73.14353331663341, 7.000451459955043, 0.0016000000400000006, 112.43831631957367
2025-03-31 14:33:06,335 - 2025-03-31T14:33:06.335343, 3.810747997303903, 0.0, -2.5530969750897112, -21.858916319360006, 73.16605348962484, 7.075329023185135, 0.0016000000400000006, 111.85891631936
2025-03-31 14:33:06,395 - 2025-03-31T14:33:06.395598, 3.809167003264628, 0.0, -2.5553061509196935, -21.079416319073136, 73.11639115556719, 7.149243408345558, 0.0016000000400000006, 111.07941631907313
2025-03-31 14:33:07,175 - 2025-03-31T14:33:07.175683, 3.812506731049719, 0.0, -2.5502409541494293, -20.857316318991515, 73.22091318527973, 6.980048666604588, 0.0016000000400000006, 110.85731631899152
2025-03-31 14:33:07,255 - 2025-03-31T14:33:07.255227, 3.8166331683214243, 0.0, -2.544000560296259, -20.666316318921417, 73.35007391913346, 6.771586889754813, 0.0016000000400000006, 110.66631631892142
2025-03-31 14:33:07,295 - 2025-03-31T14:33:07.295395, 3.8166126023512765, 0.0, -2.538336676730995, -20.67691631892532, 73.34391625823858, 6.586029635917313, 0.0016000000400000006, 110.67691631892532
2025-03-31 14:33:07,355 - 2025-03-31T14:33:07.355572, 3.8202169087569073, 0.0, -2.530283169710179, -20.380816318816688, 73.45421390184279, 6.318666730649957, 0.0016000000400000006, 110.38081631881668
2025-03-31 14:33:07,395 - 2025-03-31T14:33:07.395263, 3.8230723810061487, 0.0, -2.5241109514514157, -20.309316318790458, 73.54179747018195, 6.113669285777281, 0.0016000000400000006, 110.30931631879045
2025-03-31 14:33:07,435 - 2025-03-31T14:33:07.435853, 3.825050242976233, 0.0, -2.5174193102456055, -20.199616318750227, 73.60012322507711, 5.892502655327258, 0.0016000000400000006, 110.19961631875023
2025-03-31 14:33:07,476 - 2025-03-31T14:33:07.476184, 3.8268276400416417, 0.0, -2.5109508591426075, -20.031616318688684, 73.65209684104937, 5.67884294112587, 0.0016000000400000006, 110.03161631868869
2025-03-31 14:33:07,515 - 2025-03-31T14:33:07.515859, 3.829980699094632, 0.0, -2.5050459274234127, -19.953816318660188, 73.74968963105334, 5.482315014817097, 0.0016000000400000006, 109.95381631866019
2025-03-31 14:33:07,555 - 2025-03-31T14:33:07.555658, 3.8319447648921403, 0.0, -2.4994172112693454, -19.838716318617994, 73.80859248673414, 5.295988485183528, 0.0016000000400000006, 109.83871631861801
2025-03-31 14:33:07,595 - 2025-03-31T14:33:07.595666, 3.8339012556236036, 0.0, -2.493647276779449, -19.77231631859371, 73.86711041663973, 5.105042270492788, 0.0016000000400000006, 109.77231631859371
2025-03-31 14:33:07,636 - 2025-03-31T14:33:07.636177, 3.835724103085283, 0.0, -2.4880261356914266, -19.6739163185577, 73.92139358726337, 4.919100666634449, 0.0016000000400000006, 109.6739163185577
2025-03-31 14:33:07,675 - 2025-03-31T14:33:07.675712, 3.8371308706055194, 0.0, -2.4825689381373692, -19.561816318516684, 73.9622026284907, 4.738933525158966, 0.0016000000400000006, 109.56181631851669
2025-03-31 14:33:07,736 - 2025-03-31T14:33:07.736506, 3.8404843945631857, 0.0, -2.4764408163153626, -19.459316318479225, 74.06614755741758, 4.53489868260157, 0.0016000000400000006, 109.45931631847922
2025-03-31 14:33:08,335 - 2025-03-31T14:33:08.335303, 3.8409762251650803, 0.0, -2.4776890561396914, -18.84351631825425, 74.08347094456619, 4.575321070790477, 0.0016000000400000006, 108.84351631825425
2025-03-31 14:33:08,375 - 2025-03-31T14:33:08.375615, 3.8413281913906596, 0.0, -2.480290232753467, -18.33811631806988, 74.09752159899372, 4.6602078556853845, 0.0016000000400000006, 108.33811631806988
2025-03-31 14:33:08,415 - 2025-03-31T14:33:08.415294, 3.8404987394268026, 0.0, -2.483308843268199, -17.634016317813515, 74.07326724487335, 4.759915722312698, 0.0016000000400000006, 107.63401631781352
2025-03-31 14:33:08,455 - 2025-03-31T14:33:08.455770, 3.840101871495993, 0.0, -2.487791308644027, -16.855816317530717, 74.06460382403583, 4.907167967602284, 0.0016000000400000006, 106.85581631753072
2025-03-31 14:33:08,475 - 2025-03-31T14:33:08.475858, 3.8410703825676915, 0.0, -2.4900053516210257, -16.299416317328863, 74.0984807467826, 4.978773373865726, 0.0016000000400000006, 106.29941631732886
2025-03-31 14:33:08,496 - 2025-03-31T14:33:08.496115, 3.8422923840063823, 0.0, -2.492984732846018, -15.726216317121187, 74.14140428887887, 5.075209659280779, 0.0016000000400000006, 105.72621631712119
2025-03-31 14:33:08,515 - 2025-03-31T14:33:08.515698, 3.840503349996386, 0.0, -2.4952758804429824, -15.178716316923124, 74.08500489012306, 5.152011275632623, 0.0016000000400000006, 105.17871631692313
2025-03-31 14:33:08,535 - 2025-03-31T14:33:08.535860, 3.839933609506052, 0.0, -2.497855685818137, -14.589316316710171, 74.06883512879133, 5.2370902355379645, 0.0016000000400000006, 104.58931631671017
2025-03-31 14:33:08,556 - 2025-03-31T14:33:08.556081, 3.840434369133506, 0.0, -2.5005905057016964, -14.025616316506778, 74.08789039405129, 5.326211779714814, 0.0016000000400000006, 104.02561631650678
2025-03-31 14:33:08,576 - 2025-03-31T14:33:08.575986, 3.8399390253441092, 0.0, -2.5032371327117424, -13.390816316278023, 74.07422293813576, 5.413408119261106, 0.0016000000400000006, 103.39081631627802
2025-03-31 14:33:08,595 - 2025-03-31T14:33:08.595734, 3.8406188786376183, 0.0, -2.5066704692084034, -12.724916316038357, 74.09982251732903, 5.525243162948618, 0.0016000000400000006, 102.72491631603836
2025-03-31 14:33:08,616 - 2025-03-31T14:33:08.616466, 3.840859926791549, 0.0, -2.5098440942315414, -12.016016315783572, 74.11079318980032, 5.62899361384747, 0.0016000000400000006, 102.01601631578357
2025-03-31 14:33:08,636 - 2025-03-31T14:33:08.636065, 3.8406924700700817, 0.0, -2.5133228811244734, -11.401716315563103, 74.10867465865053, 5.743138212186366, 0.0016000000400000006, 101.4017163155631
2025-03-31 14:33:08,655 - 2025-03-31T14:33:08.655814, 3.8415803633343124, 0.0, -2.516674245854152, -10.66211631529787, 74.14101130254195, 5.852086024682428, 0.0016000000400000006, 100.66211631529787
2025-03-31 14:33:08,675 - 2025-03-31T14:33:08.675665, 3.8426246250664624, 0.0, -2.520300472189444, -9.810116314992774, 74.178737483041, 5.969888281517633, 0.0016000000400000006, 99.81011631499277
2025-03-31 14:33:08,695 - 2025-03-31T14:33:08.695407, 3.841653954766776, 0.0, -2.523326657770222, -9.198416314774036, 74.14986344386345, 6.069981073920176, 0.0016000000400000006, 99.19841631477404
2025-03-31 14:33:08,715 - 2025-03-31T14:33:08.715698, 3.841813031153724, 0.0, -2.526292242822638, -8.398416314488141, 74.1579468851433, 6.166994460120877, 0.0016000000400000006, 98.39841631448816
2025-03-31 14:33:08,735 - 2025-03-31T14:33:08.735251, 3.841458905700157, 0.0, -2.528931294766639, -7.837216314287763, 74.14889911428496, 6.25380587389194, 0.0016000000400000006, 97.83721631428776
2025-03-31 14:33:08,755 - 2025-03-31T14:33:08.755300, 3.8414994889494114, 0.0, -2.532328109892589, -7.033416314001041, 74.15351764783333, 6.365063241039414, 0.0016000000400000006, 97.03341631400104
2025-03-31 14:33:08,775 - 2025-03-31T14:33:08.775322, 3.8435171289002765, 0.0, -2.535618874093906, -6.4435163137907425, 74.22281177218215, 6.470931647333621, 0.0016000000400000006, 96.44351631379074
2025-03-31 14:33:08,795 - 2025-03-31T14:33:08.795379, 3.8442486536965874, 0.0, -2.5386953772179712, -5.694616313523952, 74.24975887946593, 6.57102501549058, 0.0016000000400000006, 95.69461631352395
2025-03-31 14:33:08,815 - 2025-03-31T14:33:08.815468, 3.8438125564760375, 0.0, -2.541126389191251, -5.079916313305107, 74.23782387741616, 6.651099364563507, 0.0016000000400000006, 95.0799163133051
2025-03-31 14:33:08,835 - 2025-03-31T14:33:08.835569, 3.8441720977676623, 0.0, -2.5438687841408556, -4.394216313061092, 74.25225945761892, 6.740605834515599, 0.0016000000400000006, 94.3942163130611
2025-03-31 14:33:08,855 - 2025-03-31T14:33:08.855855, 3.844955294066775, 0.0, -2.5465884538923245, -3.721516312821865, 74.28055409299321, 6.828957527141979, 0.0016000000400000006, 93.72151631282186
2025-03-31 14:33:08,875 - 2025-03-31T14:33:08.875775, 3.8452252885253717, 0.0, -2.5489815905353783, -3.1070163126033536, 74.29171751622931, 6.907107247338749, 0.0016000000400000006, 93.10701631260335
2025-03-31 14:33:08,915 - 2025-03-31T14:33:08.915851, 3.845309968211383, 0.0, -2.5518803539529027, -2.155416312265138, 74.29729865209296, 7.0020032538984704, 0.0016000000400000006, 92.15541631226513
2025-03-31 14:33:08,955 - 2025-03-31T14:33:08.955467, 3.845713605939764, 0.0, -2.554124697194082, -1.6522163120863642, 74.31269683461102, 7.0751483632628265, 0.0016000000400000006, 91.65221631208637
2025-03-31 14:33:17,996 - 2025-03-31T14:33:17.996709, 3.8465146602899956, 0.0, -2.5598175270640127, -1.457116312017001, 74.34445522620797, 7.260898367865163, 0.0016000000400000006, 91.457116312017
2025-03-31 14:33:18,055 - 2025-03-31T14:33:18.055929, 3.8456576159809863, 0.0, -2.5649619876822305, -1.6807163120964612, 74.32135507365888, 7.430286436125346, 0.0016000000400000006, 91.68071631209646
2025-03-31 14:33:18,115 - 2025-03-31T14:33:18.115604, 3.845076787237105, 0.0, -2.57129544155593, -2.172716312271305, 74.30845631778502, 7.638364438708685, 0.0016000000400000006, 92.1727163122713
2025-03-31 14:33:18,175 - 2025-03-31T14:33:18.175743, 3.8439613854140866, 0.0, -2.578224069037128, -2.8568163125144386, 74.27861852478335, 7.8664608846216675, 0.0016000000400000006, 92.85681631251444
2025-03-31 14:33:18,216 - 2025-03-31T14:33:18.216080, 3.843409502974872, 0.0, -2.5837770345307436, -3.512316312747487, 74.2659125196743, 8.04893815650291, 0.0016000000400000006, 93.51231631274749
2025-03-31 14:33:18,256 - 2025-03-31T14:33:18.256230, 3.842878991774278, 0.0, -2.588408293308446, -4.115816312962096, 74.25301433955484, 8.20119501262491, 0.0016000000400000006, 94.1158163129621
2025-03-31 14:33:18,295 - 2025-03-31T14:33:18.295313, 3.8409955437842376, 0.0, -2.592899687709833, -4.844616313221368, 74.19565176272937, 8.350179136025844, 0.0016000000400000006, 94.84461631322137
2025-03-31 14:33:18,335 - 2025-03-31T14:33:18.335470, 3.8401750208459395, 0.0, -2.5974048782837964, -5.6443163135060255, 74.1731292867203, 8.498586158641116, 0.0016000000400000006, 95.64431631350602
2025-03-31 14:33:18,375 - 2025-03-31T14:33:18.375481, 3.8374215376427876, 0.0, -2.6015180680739665, -6.488316313806717, 74.08689382222607, 8.636020781521903, 0.0016000000400000006, 96.48831631380672
2025-03-31 14:33:18,415 - 2025-03-31T14:33:18.415619, 3.837039819844068, 0.0, -2.606282970121453, -7.418216314138262, 74.07900025293901, 8.792512396925847, 0.0016000000400000006, 97.41821631413826
2025-03-31 14:33:18,455 - 2025-03-31T14:33:18.455726, 3.8347995384814317, 0.0, -2.6107226930200387, -8.29641631445169, 74.00989600058296, 8.94014899223626, 0.0016000000400000006, 98.29641631445169
2025-03-31 14:33:18,476 - 2025-03-31T14:33:18.476043, 3.833775842719429, 0.0, -2.6127603502500105, -8.8031163146327, 73.97832748097878, 9.007903989238567, 0.0016000000400000006, 98.8031163146327
2025-03-31 14:33:18,515 - 2025-03-31T14:33:18.515404, 3.832316049736877, 0.0, -2.617229019453262, -9.73441631496571, 73.93482395932483, 9.155733335313787, 0.0016000000400000006, 99.73441631496571
2025-03-31 14:33:18,555 - 2025-03-31T14:33:18.555250, 3.829711359935599, 0.0, -2.6214758525132167, -10.698116315310804, 73.85359310566301, 9.297402717476533, 0.0016000000400000006, 100.6981163153108
2025-03-31 14:33:18,576 - 2025-03-31T14:33:18.576428, 3.828122790830279, 0.0, -2.6235438100073694, -11.192016315487868, 73.80354584583012, 9.366697417579754, 0.0016000000400000006, 101.19201631548786
2025-03-31 14:33:18,595 - 2025-03-31T14:33:18.595872, 3.827537900207855, 0.0, -2.625841178710865, -11.74101631568484, 73.78660623294792, 9.44253700737075, 0.0016000000400000006, 101.74101631568485
2025-03-31 14:33:18,615 - 2025-03-31T14:33:18.615774, 3.8271169531193956, 0.0, -2.628554627355803, -12.26671631587365, 73.77544108244862, 9.531850726558007, 0.0016000000400000006, 102.26671631587365
2025-03-31 14:33:18,635 - 2025-03-31T14:33:18.635359, 3.8253203440433543, 0.0, -2.6307045566169385, -12.81221631606976, 73.7186567579176, 9.60403265785268, 0.0016000000400000006, 102.81221631606977
2025-03-31 14:33:18,655 - 2025-03-31T14:33:18.655658, 3.824289073215306, 0.0, -2.632600995511081, -13.34121631626017, 73.68670331253819, 9.667167969797816, 0.0016000000400000006, 103.34121631626019
2025-03-31 14:33:18,675 - 2025-03-31T14:33:18.675352, 3.8232956777174842, 0.0, -2.635203526084371, -13.878016316453582, 73.65667449603492, 9.753401707028841, 0.0016000000400000006, 103.87801631645358
2025-03-31 14:33:18,695 - 2025-03-31T14:33:18.695534, 3.821945448847066, 0.0, -2.6377543851548584, -14.454916316661688, 73.6149040040011, 9.838287916169344, 0.0016000000400000006, 104.4549163166617
2025-03-31 14:33:18,715 - 2025-03-31T14:33:18.715709, 3.8203052082389446, 0.0, -2.6401791760216073, -15.026916316868283, 73.56350921607773, 9.919324291803132, 0.0016000000400000006, 105.02691631686828
2025-03-31 14:33:18,735 - 2025-03-31T14:33:18.735548, 3.819758192946746, 0.0, -2.643182636404249, -15.544316317055367, 73.54849423207169, 10.01826230687999, 0.0016000000400000006, 105.54431631705536
2025-03-31 14:33:18,755 - 2025-03-31T14:33:18.755379, 3.817894762235812, 0.0, -2.645406962366322, -16.148916317274274, 73.48959252789967, 10.09294654359087, 0.0016000000400000006, 106.14891631727427
2025-03-31 14:33:18,776 - 2025-03-31T14:33:18.776218, 3.815815716488112, 0.0, -2.647572041759547, -16.7005163174743, 73.4235688332543, 10.165898326435997, 0.0016000000400000006, 106.7005163174743
2025-03-31 14:33:18,796 - 2025-03-31T14:33:18.796764, 3.8145398843186316, 0.0, -2.650189722464927, -17.29571631769049, 73.3843006466367, 10.25290191521748, 0.0016000000400000006, 107.29571631769049
2025-03-31 14:33:18,815 - 2025-03-31T14:33:18.815531, 3.813330873784043, 0.0, -2.65273300646937, -17.862116317896522, 73.34714983966006, 10.337403198582756, 0.0016000000400000006, 107.86211631789652
2025-03-31 14:33:18,835 - 2025-03-31T14:33:18.835475, 3.811980644913625, 0.0, -2.655283865539858, -18.525416318138173, 73.30537934762626, 10.422289407723273, 0.0016000000400000006, 108.52541631813817
2025-03-31 14:33:18,855 - 2025-03-31T14:33:18.855507, 3.809865077795213, 0.0, -2.658088214977338, -19.036516318324672, 73.23877797644082, 10.516222236213311, 0.0016000000400000006, 109.03651631832467
2025-03-31 14:33:18,875 - 2025-03-31T14:33:18.875282, 3.8078528536824052, 0.0, -2.660178897669626, -19.679516318559795, 73.17487166143641, 10.586671713642232, 0.0016000000400000006, 109.67951631855979
2025-03-31 14:33:18,895 - 2025-03-31T14:33:18.895266, 3.806495049745942, 0.0, -2.6625885384042847, -20.263116318773477, 73.13271624362737, 10.666938237725564, 0.0016000000400000006, 110.26311631877348
2025-03-31 14:33:18,915 - 2025-03-31T14:33:18.915795, 3.8048775343359553, 0.0, -2.6654369842785215, -20.888616319003017, 73.08247623302967, 10.761833668530898, 0.0016000000400000006, 110.88861631900303
2025-03-31 14:33:18,935 - 2025-03-31T14:33:18.935492, 3.803170472092942, 0.0, -2.6679361718462076, -21.53301631923996, 73.02896406546532, 10.845372349580892, 0.0016000000400000006, 111.53301631923996
2025-03-31 14:33:18,956 - 2025-03-31T14:33:18.956149, 3.80153023148482, 0.0, -2.670360962712956, -22.13941631946344, 72.97756927754192, 10.92640872521468, 0.0016000000400000006, 112.13941631946344
2025-03-31 14:33:18,975 - 2025-03-31T14:33:18.975721, 3.8000312092125275, 0.0, -2.6727781785136595, -22.68181631966363, 72.9307941746757, 11.007060175073239, 0.0016000000400000006, 112.68181631966362
2025-03-31 14:33:18,995 - 2025-03-31T14:33:18.995300, 3.7983165719034684, 0.0, -2.6751361477455164, -23.27201631988193, 72.8768970813361, 11.085979171066063, 0.0016000000400000006, 113.27201631988193
2025-03-31 14:33:19,015 - 2025-03-31T14:33:19.015857, 3.796468291324625, 0.0, -2.677642910379247, -23.788316320073317, 72.81876522871455, 11.169902777891272, 0.0016000000400000006, 113.78831632007332
2025-03-31 14:33:19,036 - 2025-03-31T14:33:19.036020, 3.794753654015566, 0.0, -2.680000879611104, -24.33721632027717, 72.76486813537497, 11.24882177388411, 0.0016000000400000006, 114.33721632027718
2025-03-31 14:33:19,075 - 2025-03-31T14:33:19.075501, 3.79205319627473, 0.0, -2.6851025977520795, -25.145416320578086, 72.68132715130733, 11.418594192165116, 0.0016000000400000006, 115.14541632057808
2025-03-31 14:33:19,116 - 2025-03-31T14:33:19.116442, 3.7888471117594236, 0.0, -2.6900190011204694, -25.881116320852833, 72.58103988087676, 11.582784323073685, 0.0016000000400000006, 115.88111632085284
2025-03-31 14:33:19,156 - 2025-03-31T14:33:19.156384, 3.7848894851686996, 0.0, -2.6941259698041087, -26.553816321104783, 72.4553446305089, 11.721180972515334, 0.0016000000400000006, 116.55381632110478
2025-03-31 14:33:19,195 - 2025-03-31T14:33:19.195520, 3.7819506871929613, 0.0, -2.6987447863687493, -27.096816321308562, 72.36352687864222, 11.875361881759089, 0.0016000000400000006, 117.09681632130857
2025-03-31 14:33:19,255 - 2025-03-31T14:33:19.255244, 3.7773489234109663, 0.0, -2.7053647387926505, -27.742616321551704, 72.21915956152645, 12.0967201114651, 0.0016000000400000006, 117.74261632155171
2025-03-31 14:33:19,295 - 2025-03-31T14:33:19.295513, 3.7748640807068967, 0.0, -2.710525703502473, -28.080216321678982, 72.14274056793221, 12.268224983611843, 0.0016000000400000006, 118.08021632167899
2025-03-31 14:33:19,355 - 2025-03-31T14:33:19.355337, 3.7709835587361384, 0.0, -2.7173902172678073, -28.543016321853887, 72.02224152765277, 12.496897954556056, 0.0016000000400000006, 118.54301632185388
2025-03-31 14:33:19,415 - 2025-03-31T14:33:19.415742, 3.766910146926749, 0.0, -2.7246191394717822, -28.951516322008487, 71.89577527422566, 12.737697526806036, 0.0016000000400000006, 118.95151632200849
2025-03-31 14:33:19,475 - 2025-03-31T14:33:19.475774, 3.761609866531652, 0.0, -2.731418185561739, -29.306916322143298, 71.72869445759922, 12.965600070445388, 0.0016000000400000006, 119.3069163221433
2025-03-31 14:33:19,536 - 2025-03-31T14:33:19.536255, 3.7569564312468553, 0.0, -2.738394971358236, -29.552516322236517, 71.58297961239293, 13.19869997568195, 0.0016000000400000006, 119.55251632223651
2025-03-31 14:33:19,595 - 2025-03-31T14:33:19.595393, 3.7527569512337267, 0.0, -2.745913905299915, -29.73591632230623, 71.4526635254591, 13.449123843821518, 0.0016000000400000006, 119.73591632230624
2025-03-31 14:33:19,636 - 2025-03-31T14:33:19.636164, 3.7502645334636124, 0.0, -2.7509336516739085, -29.752416322312545, 71.37585960608962, 13.616009030911117, 0.0016000000400000006, 119.75241632231254
2025-03-31 14:33:19,695 - 2025-03-31T14:33:19.695658, 3.7458191381495367, 0.0, -2.7578284657034233, -29.856816322352223, 71.23688182558149, 13.846221704956244, 0.0016000000400000006, 119.85681632235223
2025-03-31 14:33:19,756 - 2025-03-31T14:33:19.756567, 3.741240099565677, 0.0, -2.7648720731348124, -29.825216322340253, 71.0936692857914, 14.08143898983377, 0.0016000000400000006, 119.82521632234025
2025-03-31 14:33:19,815 - 2025-03-31T14:33:19.815546, 3.737277605827936, 0.0, -2.7715285469294253, -29.710716322296665, 70.97028301432053, 14.303374896079834, 0.0016000000400000006, 119.71071632229666
2025-03-31 14:33:19,855 - 2025-03-31T14:33:19.855693, 3.735647648204888, 0.0, -2.776785279578806, -29.620316322262315, 70.9219670568446, 14.477189898632378, 0.0016000000400000006, 119.62031632226231
2025-03-31 14:33:19,915 - 2025-03-31T14:33:19.915295, 3.7320860842765, 0.0, -2.7829953731677954, -29.22451632211198, 70.81128506321954, 14.684111972381226, 0.0016000000400000006, 119.22451632211198
2025-03-31 14:33:19,976 - 2025-03-31T14:33:19.976016, 3.729484102394251, 0.0, -2.7899329296745528, -28.640616321890803, 70.73274811422993, 14.913940296405528, 0.0016000000400000006, 118.6406163218908
2025-03-31 14:33:20,035 - 2025-03-31T14:33:20.035659, 3.725527829763041, 0.0, -2.795385260081593, -28.13511632169973, 70.60839981619819, 15.096416416777963, 0.0016000000400000006, 118.13511632169973
2025-03-31 14:33:20,075 - 2025-03-31T14:33:20.075687, 3.7251902084010786, 0.0, -2.7996521104206544, -27.61901632150511, 70.60146884922642, 15.236546671594184, 0.0016000000400000006, 117.61901632150511
2025-03-31 14:33:20,136 - 2025-03-31T14:33:20.136254, 3.723558896818516, 0.0, -2.8035634813466337, -27.060716321295033, 70.55180593941435, 15.36628220321593, 0.0016000000400000006, 117.06071632129503
2025-03-31 14:33:20,295 - 2025-03-31T14:33:20.295481, 3.7219124351038633, 0.0, -2.8071924156009547, -26.54241632110047, 70.50137317805184, 15.486778364723346, 0.0016000000400000006, 116.54241632110048
2025-03-31 14:33:20,416 - 2025-03-31T14:33:20.416233, 3.7219770975107678, 0.0, -2.8123582474577935, -25.982516320890728, 70.508493441262, 15.655974257973106, 0.0016000000400000006, 115.98251632089072
2025-03-31 14:33:20,475 - 2025-03-31T14:33:20.475583, 3.7198842555904914, 0.0, -2.815586251902762, -25.413216320677968, 70.44304684740226, 15.76376614163469, 0.0016000000400000006, 115.41321632067796
2025-03-31 14:33:20,516 - 2025-03-31T14:33:20.516074, 3.719694073670889, 0.0, -2.818641383788206, -24.785216320443833, 70.43977353892677, 15.864051684802057, 0.0016000000400000006, 114.78521632044384
2025-03-31 14:33:20,576 - 2025-03-31T14:33:20.576650, 3.717555781354342, 0.0, -2.821022078218198, -24.148516320207058, 70.37201739041566, 15.944125458120563, 0.0016000000400000006, 114.14851632020707
2025-03-31 14:33:20,657 - 2025-03-31T14:33:20.657141, 3.7170390663263237, 0.0, -2.8245904119441576, -23.547616319984055, 70.35854210951055, 16.061542213426126, 0.0016000000400000006, 113.54761631998407
2025-03-31 14:33:31,515 - 2025-03-31T14:33:31.515565, 3.715609573607952, 0.0, -2.8296239544907267, -23.305316319894317, 70.31657829095752, 16.22785029973006, 0.0016000000400000006, 113.30531631989432
2025-03-31 14:33:32,175 - 2025-03-31T14:33:32.175822, 3.712307721153087, 0.0, -2.8353952429401375, -23.231116319866825, 70.21398089012114, 16.420143466756908, 0.0016000000400000006, 113.23111631986683
2025-03-31 14:33:32,275 - 2025-03-31T14:33:32.275858, 3.710916103764941, 0.0, -2.8411348771658536, -23.226316319865045, 70.17394170044426, 16.609549978346735, 0.0016000000400000006, 113.22631631986506
2025-03-31 14:33:32,875 - 2025-03-31T14:33:32.875172, 3.7093984181730564, 0.0, -2.8471645231292735, -22.851816319726463, 70.13005267726066, 16.80858078582613, 0.0016000000400000006, 112.85181631972647
2025-03-31 14:33:32,935 - 2025-03-31T14:33:32.935404, 3.708666088108272, 0.0, -2.850673610286386, -22.288516319518443, 70.10945540588219, 16.924265087265944, 0.0016000000400000006, 112.28851631951845
2025-03-31 14:33:32,975 - 2025-03-31T14:33:32.975738, 3.7077105679406754, 0.0, -2.853982232538822, -21.62411631927351, 70.0813512182551, 17.033597249782844, 0.0016000000400000006, 111.62411631927351
2025-03-31 14:33:32,995 - 2025-03-31T14:33:32.995805, 3.7075493323257396, 0.0, -2.856256876044182, -21.13141631909224, 70.07827066054443, 17.108282062248126, 0.0016000000400000006, 111.13141631909224
2025-03-31 14:33:33,035 - 2025-03-31T14:33:33.035209, 3.706467743954404, 0.0, -2.8598555100343224, -20.360316318809115, 70.0463166394106, 17.2272385206546, 0.0016000000400000006, 110.36031631880911
2025-03-31 14:33:33,076 - 2025-03-31T14:33:33.076001, 3.7051326652160763, 0.0, -2.862688805776469, -19.642416318546225, 70.00531599892726, 17.321364099909474, 0.0016000000400000006, 109.64241631854622
2025-03-31 14:33:33,116 - 2025-03-31T14:33:33.116242, 3.7054922065077007, 0.0, -2.865431200726073, -19.048116318328912, 70.01975157913003, 17.41087056986154, 0.0016000000400000006, 109.04811631832891
2025-03-31 14:33:33,656 - 2025-03-31T14:33:33.656031, 3.705665079067225, 0.0, -2.867333860726747, -18.550116318147186, 70.02725791962422, 17.473043855245816, 0.0016000000400000006, 108.55011631814719
2025-03-31 14:33:33,815 - 2025-03-31T14:33:33.815484, 3.7067988876324027, 0.0, -2.87130934536859, -17.854816317893814, 70.06825625708996, 17.60220286183633, 0.0016000000400000006, 107.8548163178938
2025-03-31 14:33:33,855 - 2025-03-31T14:33:33.855704, 3.7052481938573085, 0.0, -2.8740833945418895, -17.34081631770689, 70.02013362613323, 17.694595987225455, 0.0016000000400000006, 107.3408163177069
2025-03-31 14:33:33,895 - 2025-03-31T14:33:33.895284, 3.7067477648206415, 0.0, -2.8795971307457653, -16.387016317360587, 70.07460551724084, 17.873801677894452, 0.0016000000400000006, 106.38701631736059
2025-03-31 14:33:33,915 - 2025-03-31T14:33:33.915868, 3.706601679337796, 0.0, -2.882154210922784, -15.851216317166445, 70.07229481108064, 17.957725860474092, 0.0016000000400000006, 105.85121631716645
2025-03-31 14:33:33,935 - 2025-03-31T14:33:33.935723, 3.7050647817352775, 0.0, -2.883865335044341, -15.332816316978866, 70.02359507933826, 18.015278885046776, 0.0016000000400000006, 105.33281631697886
2025-03-31 14:33:33,955 - 2025-03-31T14:33:33.955287, 3.7053272011278295, 0.0, -2.886117253351565, -14.798216316785654, 70.03437357679915, 18.088808920186345, 0.0016000000400000006, 104.79821631678566
2025-03-31 14:33:33,977 - 2025-03-31T14:33:33.977888, 3.7054332520524618, 0.0, -2.888094310053176, -14.301216316606205, 70.0397625376524, 18.15348451098683, 0.0016000000400000006, 104.3012163166062
2025-03-31 14:33:34,015 - 2025-03-31T14:33:34.015685, 3.7043957601178827, 0.0, -2.891194892334891, -13.477616316309282, 70.00877111883385, 18.256079608805564, 0.0016000000400000006, 103.47761631630928
2025-03-31 14:33:34,055 - 2025-03-31T14:33:34.055214, 3.7045093861085605, 0.0, -2.893313167372331, -12.966416316125287, 70.01454500546231, 18.325374884663216, 0.0016000000400000006, 102.96641631612529
2025-03-31 14:33:34,415 - 2025-03-31T14:33:34.415293, 3.7052484859709165, 0.0, -2.896530888832226, -12.458516315942585, 70.04187703852133, 18.43008793787735, 0.0016000000400000006, 102.45851631594259
2025-03-31 14:33:34,875 - 2025-03-31T14:33:34.875920, 3.7057643957304607, 0.0, -2.8995481453874437, -11.896416315740634, 70.06170215533173, 18.528448852168545, 0.0016000000400000006, 101.89641631574064
2025-03-31 14:33:34,917 - 2025-03-31T14:33:34.917436, 3.706429098891879, 0.0, -2.9026990452124464, -11.236516315503827, 70.08653188297454, 18.63104452574171, 0.0016000000400000006, 101.23651631550382
2025-03-31 14:33:34,958 - 2025-03-31T14:33:34.957988, 3.7054887288563734, 0.0, -2.9062901041365414, -10.507016315242346, 70.0591975468979, 18.74961605837297, 0.0016000000400000006, 100.50701631524234
2025-03-31 14:33:34,999 - 2025-03-31T14:33:34.999835, 3.707000742032768, 0.0, -2.9093955535652727, -9.752316314972113, 70.11174538488376, 18.849902177294723, 0.0016000000400000006, 99.75231631497212
2025-03-31 14:33:35,035 - 2025-03-31T14:33:35.035504, 3.7054941446944305, 0.0, -2.911671551030147, -9.164616314761913, 70.06458535624233, 18.925933942096112, 0.0016000000400000006, 99.16461631476191
2025-03-31 14:33:35,078 - 2025-03-31T14:33:35.077923, 3.706395834131237, 0.0, -2.913959990708083, -8.656016314580159, 70.09634489934811, 19.000041653775746, 0.0016000000400000006, 98.65601631458016
2025-03-31 14:33:35,755 - 2025-03-31T14:33:35.755435, 3.706746446397302, 0.0, -2.9152158055984567, -8.148916314399042, 70.10904860143954, 19.040848967739883, 0.0016000000400000006, 98.14891631439905
2025-03-31 14:33:35,955 - 2025-03-31T14:33:35.955249, 3.707968447835993, 0.0, -2.918195186823449, -7.496716314166269, 70.15197214353582, 19.137285253154936, 0.0016000000400000006, 97.49671631416626
2025-03-31 14:33:35,995 - 2025-03-31T14:33:35.995419, 3.708053127522004, 0.0, -2.9210939502409734, -6.956916313973767, 70.15755327939945, 19.232181259714658, 0.0016000000400000006, 96.95691631397376
2025-03-31 14:33:36,036 - 2025-03-31T14:33:36.036056, 3.7083169008740704, 0.0, -2.9246912302715993, -6.248016313721121, 70.16967872919645, 19.34979076578504, 0.0016000000400000006, 96.24801631372112
2025-03-31 14:33:36,075 - 2025-03-31T14:33:36.075938, 3.7081645942846935, 0.0, -2.92845245383619, -5.391516313416042, 70.16833004959712, 19.47317473423828, 0.0016000000400000006, 95.39151631341605
2025-03-31 14:33:36,115 - 2025-03-31T14:33:36.115891, 3.7090008160461223, 0.0, -2.9321606519384646, -4.571416313124155, 70.19931916539804, 19.59386422226491, 0.0016000000400000006, 94.57141631312416
2025-03-31 14:33:36,155 - 2025-03-31T14:33:36.155389, 3.710333735556462, 0.0, -2.9345675847540944, -3.879016312877871, 70.24532268945056, 19.67143684167603, 0.0016000000400000006, 93.87901631287787
2025-03-31 14:33:36,215 - 2025-03-31T14:33:36.215920, 3.7087072911209162, 0.0, -2.9359294505691005, -3.3374163126852743, 70.19335080074154, 19.717633116493392, 0.0016000000400000006, 93.33741631268528
2025-03-31 14:33:37,078 - 2025-03-31T14:33:37.078846, 3.709836232539077, 0.0, -2.942454440321917, -3.0683163125896162, 70.23665811710423, 19.930331379888305, 0.0016000000400000006, 93.06831631258962
2025-03-31 14:33:37,135 - 2025-03-31T14:33:37.135169, 3.7092705539272863, 0.0, -2.949070330867275, -3.0323163125768353, 70.22452921278082, 20.147648752586, 0.0016000000400000006, 93.03231631257684
2025-03-31 14:33:37,175 - 2025-03-31T14:33:37.175435, 3.708644274787134, 0.0, -2.954556474725999, -3.037116312578512, 70.20932090225557, 20.328008644826294, 0.0016000000400000006, 93.03711631257852
2025-03-31 14:33:37,215 - 2025-03-31T14:33:37.215656, 3.70911879602895, 0.0, -2.960762506436445, -3.07131631259069, 70.2308773214229, 20.530889861566813, 0.0016000000400000006, 93.0713163125907
2025-03-31 14:33:37,255 - 2025-03-31T14:33:37.255347, 3.707528067695642, 0.0, -2.968070692488374, -3.1754163126276578, 70.1858329451592, 20.771882760336016, 0.0016000000400000006, 93.17541631262766
2025-03-31 14:33:37,295 - 2025-03-31T14:33:37.295481, 3.7082271329997845, 0.0, -2.9758225508268983, -3.158916312621855, 70.21624323291127, 21.02519558693026, 0.0016000000400000006, 93.15891631262186
2025-03-31 14:33:37,337 - 2025-03-31T14:33:37.336977, 3.7066956512353233, 0.0, -2.982915121842061, -3.2748163126630385, 70.17293131051332, 21.259066495226097, 0.0016000000400000006, 93.27481631266303
2025-03-31 14:33:37,376 - 2025-03-31T14:33:37.376389, 3.7074601842148436, 0.0, -2.989247221756246, -3.271116312661742, 70.20411202557025, 21.46579754547332, 0.0016000000400000006, 93.27111631266176
2025-03-31 14:33:37,415 - 2025-03-31T14:33:37.415678, 3.705623540580588, 0.0, -2.9959312878960107, -3.308716312675048, 70.15040595573223, 21.6865792501481, 0.0016000000400000006, 93.30871631267505
2025-03-31 14:33:37,456 - 2025-03-31T14:33:37.456907, 3.7059265432223945, 0.0, -3.001580021329185, -3.261016312658141, 70.16580298674148, 21.871366652435157, 0.0016000000400000006, 93.26101631265814
2025-03-31 14:33:37,497 - 2025-03-31T14:33:37.497518, 3.7044378039351757, 0.0, -3.006829178912521, -3.3532163126909045, 70.1221067143227, 22.04479672921247, 0.0016000000400000006, 93.3532163126909
2025-03-31 14:33:37,555 - 2025-03-31T14:33:37.555295, 3.7048241323034787, 0.0, -3.0140313140398174, -3.278116312664179, 70.14173792885947, 22.28040066712844, 0.0016000000400000006, 93.27811631266418
2025-03-31 14:33:37,615 - 2025-03-31T14:33:37.615368, 3.703872674014425, 0.0, -3.0213760214624585, -3.388916312703619, 70.11767459824068, 22.521971242437726, 0.0016000000400000006, 93.38891631270361
2025-03-31 14:33:37,676 - 2025-03-31T14:33:37.675978, 3.7029804622942186, 0.0, -3.028505113848332, -3.345316312688064, 70.09534372148764, 22.756419827273604, 0.0016000000400000006, 93.34531631268807
2025-03-31 14:33:37,735 - 2025-03-31T14:33:37.735483, 3.7023190157428694, 0.0, -3.0359758894747118, -3.572516312768884, 70.08090468675844, 23.001840236089574, 0.0016000000400000006, 93.57251631276888
2025-03-31 14:33:37,775 - 2025-03-31T14:33:37.775645, 3.702116391610205, 0.0, -3.0414393081353, -3.8446163128656154, 70.07955543140471, 23.18104535100417, 0.0016000000400000006, 93.84461631286561
2025-03-31 14:33:37,815 - 2025-03-31T14:33:37.815477, 3.7013110188039975, 0.0, -3.046226935380922, -4.3979163130624395, 70.05780280694611, 23.33869174373381, 0.0016000000400000006, 94.39791631306244
2025-03-31 14:33:37,855 - 2025-03-31T14:33:37.855534, 3.6974139927416347, 0.0, -3.051463650751196, -5.2959163133820475, 69.93518696278014, 23.51404587363288, 0.0016000000400000006, 95.29591631338205
2025-03-31 14:33:37,876 - 2025-03-31T14:33:37.876460, 3.69764746582952, 0.0, -3.0544960574385045, -5.830016313572215, 69.94577270947617, 23.613176639474545, 0.0016000000400000006, 95.83001631357222
2025-03-31 14:33:37,895 - 2025-03-31T14:33:37.895290, 3.6966464952656533, 0.0, -3.0569573696759647, -6.369616313764385, 69.9153589671977, 23.694790691648386, 0.0016000000400000006, 96.36961631376438
2025-03-31 14:33:37,915 - 2025-03-31T14:33:37.915718, 3.696433588147915, 0.0, -3.0595888465539205, -7.012716313993644, 69.91093088139652, 23.78121717964422, 0.0016000000400000006, 97.01271631399365
2025-03-31 14:33:37,935 - 2025-03-31T14:33:37.935656, 3.6941389273634484, 0.0, -3.061694679378299, -7.650016314220935, 69.83778519627776, 23.85243650862361, 0.0016000000400000006, 97.65001631422093
2025-03-31 14:33:37,956 - 2025-03-31T14:33:37.956587, 3.6926247549590654, 0.0, -3.0638294585073442, -8.43021631449953, 69.79024024186108, 23.92384858836783, 0.0016000000400000006, 98.43021631449953
2025-03-31 14:33:37,975 - 2025-03-31T14:33:37.975416, 3.693556744660053, 0.0, -3.0666827715285976, -9.033116314714922, 69.8235394880678, 24.01643504027618, 0.0016000000400000006, 99.03311631471492
2025-03-31 14:33:37,998 - 2025-03-31T14:33:37.998234, 3.6935821777772166, 0.0, -3.069797149982888, -9.728216314963484, 69.82738817006569, 24.11845303730927, 0.0016000000400000006, 99.7282163149635
2025-03-31 14:33:38,015 - 2025-03-31T14:33:38.015327, 3.6907894652843245, 0.0, -3.07185888637051, -10.301416315168717, 69.73788112435919, 24.18870976397338, 0.0016000000400000006, 100.30141631516872
2025-03-31 14:33:38,036 - 2025-03-31T14:33:38.036283, 3.6890080063403734, 0.0, -3.074291252303304, -10.939516315397288, 69.68186665137863, 24.27013106538241, 0.0016000000400000006, 100.93951631539728
2025-03-31 14:33:38,055 - 2025-03-31T14:33:38.055324, 3.6884306907839943, 0.0, -3.076729839342629, -11.63301631564609, 69.66531196427167, 24.350590340230564, 0.0016000000400000006, 101.63301631564609
2025-03-31 14:33:38,076 - 2025-03-31T14:33:38.076032, 3.687296076950343, 0.0, -3.079339944981964, -12.274116315876347, 69.63066346271124, 24.43720900323682, 0.0016000000400000006, 102.27411631587634
2025-03-31 14:33:38,095 - 2025-03-31T14:33:38.095760, 3.6853733996705627, 0.0, -3.0817798859808025, -12.923616316109841, 69.57002930467351, 24.51901523042106, 0.0016000000400000006, 102.92361631610984
2025-03-31 14:33:38,115 - 2025-03-31T14:33:38.115315, 3.683725583996395, 0.0, -3.084063458511722, -13.59641631635206, 69.51824959097485, 24.59543192099768, 0.0016000000400000006, 103.59641631635206
2025-03-31 14:33:38,135 - 2025-03-31T14:33:38.135311, 3.6835794985135495, 0.0, -3.0866205386887406, -14.226116316579072, 69.51593888481469, 24.679356103577305, 0.0016000000400000006, 104.22611631657907
2025-03-31 14:33:38,155 - 2025-03-31T14:33:38.155541, 3.6824145844157172, 0.0, -3.088665770984758, -14.79051631678284, 69.47975068015332, 24.74749602635486, 0.0016000000400000006, 104.79051631678284
2025-03-31 14:33:38,177 - 2025-03-31T14:33:38.177009, 3.6810113300829834, 0.0, -3.09022810170444, -15.342816316982478, 69.4352857076929, 24.800044440095128, 0.0016000000400000006, 105.34281631698248
2025-03-31 14:33:38,216 - 2025-03-31T14:33:38.216152, 3.6827313832300996, 0.0, -3.093251579366189, -16.026116317229828, 69.49457061037691, 24.89744332782546, 0.0016000000400000006, 106.02611631722982
2025-03-31 14:33:38,775 - 2025-03-31T14:33:38.775246, 3.677497375778854, 0.0, -3.0920452767506292, -16.158216317277663, 69.32191038515006, 24.862986425521036, 0.0016000000400000006, 106.15821631727766
2025-03-31 14:33:38,895 - 2025-03-31T14:33:38.895187, 3.6770902248629707, 0.0, -3.093695800343825, -16.67561631746531, 69.31016813386509, 24.91746004389188, 0.0016000000400000006, 106.67561631746531
2025-03-31 14:33:38,935 - 2025-03-31T14:33:38.935790, 3.67678019584616, 0.0, -3.0958368005794004, -17.225116317664867, 69.30208296532203, 24.987910097075204, 0.0016000000400000006, 107.22511631766487
2025-03-31 14:33:38,976 - 2025-03-31T14:33:38.976054, 3.674641903529613, 0.0, -3.0982174950093926, -17.959916317932088, 69.2343268168109, 25.06798387039373, 0.0016000000400000006, 107.95991631793208
2025-03-31 14:33:39,016 - 2025-03-31T14:33:39.015996, 3.6717547770566767, 0.0, -3.1024794782014373, -18.932716318286804, 69.14385659303473, 25.210423104106916, 0.0016000000400000006, 108.93271631828682
2025-03-31 14:33:39,055 - 2025-03-31T14:33:39.055457, 3.6700704400117985, 0.0, -3.1054023207766113, -19.873016318630565, 69.09149920279606, 25.30782084032844, 0.0016000000400000006, 109.87301631863056
2025-03-31 14:33:39,096 - 2025-03-31T14:33:39.096323, 3.668282759961316, 0.0, -3.1090388300969773, -20.790216318966905, 69.03644675637635, 25.428701927611073, 0.0016000000400000006, 110.79021631896691
2025-03-31 14:33:39,135 - 2025-03-31T14:33:39.135676, 3.6672514891332684, 0.0, -3.1109352689911205, -21.604016319266098, 69.00449331099693, 25.491837239556222, 0.0016000000400000006, 111.6040163192661
2025-03-31 14:33:39,175 - 2025-03-31T14:33:39.175948, 3.6680649856965615, 0.0, -3.114219812085907, -22.116516319454924, 69.03432764947216, 25.598667672411317, 0.0016000000400000006, 112.11651631945492
2025-03-31 14:33:39,395 - 2025-03-31T14:33:39.395921, 3.6641549687300965, 0.0, -3.113933862226746, -22.632016319645235, 68.9059390701865, 25.593084233530046, 0.0016000000400000006, 112.63201631964523
2025-03-31 14:35:09,255 - 2025-03-31T14:35:09.255531, 3.6630349563374947, 0.0, -3.10889545253316, -22.671216319659727, 68.86436363193513, 25.429085126123088, 0.0016000000400000006, 112.67121631965973
