2025-03-30 16:04:06,727 - Timestamp, Before_X, Before_Y, Before_Z, Before_Yaw_Deg, After_X, After_Y, After_Z, After_Yaw_Deg
2025-03-30 16:04:06,801 - 2025-03-30T16:04:06.801298, 0.14364083443223175, 0.0, -2.4603227544501456, -179.8295163114388, -47.07655100340877, 7.586103462236979, 0.0016000000400000006, 269.82951631143885
2025-03-30 16:04:24,261 - 2025-03-30T16:04:24.261176, 0.14320418852064165, 0.0, -2.454822814418846, -179.56391631134449, -47.09618279369994, 7.40632067078235, 0.0016000000400000006, 269.5639163113445
2025-03-30 16:04:24,321 - 2025-03-30T16:04:24.321374, 0.14302725408257455, 0.0, -2.4488840692479683, -179.29321631124833, -47.107729991202454, 7.21190897260572, 0.0016000000400000006, 269.29321631124833
2025-03-30 16:04:24,380 - 2025-03-30T16:04:24.380851, 0.14273182650681315, 0.0, -2.4433765541506234, -179.02381631115261, -47.12274209643647, 7.031741255375834, 0.0016000000400000006, 269.0238163111526
2025-03-30 16:04:24,461 - 2025-03-30T16:04:24.461094, 0.14203546912169962, 0.0, -2.4383154192589025, -178.82171631108082, -47.15045847951631, 6.866587370643207, 0.0016000000400000006, 268.8217163110808
2025-03-30 16:04:24,923 - 2025-03-30T16:04:24.923497, 0.14229733982321102, 0.0, -2.4326363855615476, -178.60051631100222, -47.14737677029683, 6.680260265255221, 0.0016000000400000006, 268.60051631100225
2025-03-30 16:04:25,041 - 2025-03-30T16:04:25.041474, 0.14157825723996176, 0.0, -2.4271515956623384, -178.4133163109357, -47.176247930702374, 6.5012473253510485, 0.0016000000400000006, 268.41331631093567
2025-03-30 16:04:25,520 - 2025-03-30T16:04:25.520952, 0.14180360657076152, 0.0, -2.4221118320092385, -178.2840163108898, -47.17374389802295, 6.335901265607988, 0.0016000000400000006, 268.2840163108898
2025-03-30 16:04:25,602 - 2025-03-30T16:04:25.602129, 0.14135181052708035, 0.0, -2.4163294553062804, -178.06561631081217, -47.19414553986461, 6.146879104039001, 0.0016000000400000006, 268.0656163108122
2025-03-30 16:04:25,661 - 2025-03-30T16:04:25.661467, 0.1407966714777964, 0.0, -2.411260745348514, -177.7806163107109, -47.217242237887255, 5.981340293531116, 0.0016000000400000006, 267.7806163107109
2025-03-30 16:04:25,741 - 2025-03-30T16:04:25.741258, 0.1404785187038997, 0.0, -2.405329575243681, -177.52961631062172, -47.23340912044696, 5.787313521129715, 0.0016000000400000006, 267.5296163106217
2025-03-30 16:04:25,902 - 2025-03-30T16:04:25.902544, 0.13983383282158757, 0.0, -2.399911606979364, -177.26011631052592, -47.25977797543629, 5.610417960866507, 0.0016000000400000006, 267.2601163105259
2025-03-30 16:04:26,101 - 2025-03-30T16:04:26.101127, 0.1395611304439628, 0.0, -2.394827746889507, -177.0086163104365, -47.273635303344584, 5.444109298808152, 0.0016000000400000006, 267.00861631043654
2025-03-30 16:04:26,241 - 2025-03-30T16:04:26.241364, 0.13921403136539956, 0.0, -2.3896770651647588, -176.70361631032807, -47.28999493666911, 5.27568325710886, 0.0016000000400000006, 266.7036163103281
2025-03-30 16:04:26,303 - 2025-03-30T16:04:26.303796, 0.13882905695661085, 0.0, -2.3838202917608626, -176.4415163102349, -47.308279198869776, 5.084158790123637, 0.0016000000400000006, 266.4415163102349
2025-03-30 16:04:26,361 - 2025-03-30T16:04:26.361386, 0.13812999165246875, 0.0, -2.376068433422339, -176.09691631011236, -47.338689486621824, 4.830845963529424, 0.0016000000400000006, 266.09691631011236
2025-03-30 16:04:26,401 - 2025-03-30T16:04:26.401212, 0.1371801439003626, 0.0, -2.370241960282624, -175.88541631003713, -47.375452489051206, 4.640861199645157, 0.0016000000400000006, 265.88541631003716
2025-03-30 16:04:26,442 - 2025-03-30T16:04:26.442375, 0.13643833611897804, 0.0, -2.3643335153759266, -175.6649163099587, -47.40547842678242, 4.44798920456944, 0.0016000000400000006, 265.6649163099587
2025-03-30 16:04:26,481 - 2025-03-30T16:04:26.481505, 0.1355553100017639, 0.0, -2.358432645535274, -175.39601630986303, -47.44012404957084, 4.2555021352689515, 0.0016000000400000006, 265.39601630986306
2025-03-30 16:04:26,520 - 2025-03-30T16:04:26.520910, 0.13474668058548778, 0.0, -2.3525985973295143, -175.1324163097692, -47.472267366943015, 4.065132445609455, 0.0016000000400000006, 265.1324163097692
2025-03-30 16:04:26,561 - 2025-03-30T16:04:26.561471, 0.13401244787014832, 0.0, -2.346831370758647, -174.9850163097168, -47.50190837889901, 3.8768801355909392, 0.0016000000400000006, 264.9850163097168
2025-03-30 16:04:26,601 - 2025-03-30T16:04:26.601050, 0.13330094035294415, 0.0, -2.3414877991952663, -174.71161630961944, -47.530394613529324, 3.7024868807439106, 0.0016000000400000006, 264.71161630961944
2025-03-30 16:04:26,643 - 2025-03-30T16:04:26.643398, 0.1327974728064616, 0.0, -2.3360622558649045, -174.58841630957556, -47.552143783461474, 3.5252063947054895, 0.0016000000400000006, 264.58841630957556
2025-03-30 16:04:26,701 - 2025-03-30T16:04:26.701286, 0.13179459959203932, 0.0, -2.329247254374384, -174.35861630949373, -47.59160126631747, 3.3028838354209884, 0.0016000000400000006, 264.35861630949375
2025-03-30 16:04:26,760 - 2025-03-30T16:04:26.760850, 0.1310893131813664, 0.0, -2.3226995394234327, -174.05671630938625, -47.62104952750864, 3.089030794700389, 0.0016000000400000006, 264.0567163093863
2025-03-30 16:04:26,821 - 2025-03-30T16:04:26.821109, 0.13028690487162065, 0.0, -2.3156613478301, -173.85121630931303, -47.65415487144171, 2.859201319167252, 0.0016000000400000006, 263.85121630931303
2025-03-30 16:04:26,881 - 2025-03-30T16:04:26.881175, 0.12938737466280203, 0.0, -2.308132679594388, -173.5468163092046, -47.69091729811668, 2.6133954088216473, 0.0016000000400000006, 263.5468163092046
2025-03-30 16:04:26,921 - 2025-03-30T16:04:26.921208, 0.12875026384653543, 0.0, -2.3028559296659, -173.54451630920374, -47.71690122733078, 2.441119533615612, 0.0016000000400000006, 263.54451630920374
2025-03-30 16:04:26,960 - 2025-03-30T16:04:26.960897, 0.1280904278321331, 0.0, -2.297155524729924, -173.3839163091465, -47.744039933870575, 2.2549846032380465, 0.0016000000400000006, 263.3839163091465
2025-03-30 16:04:27,002 - 2025-03-30T16:04:27.002663, 0.12742301675168566, 0.0, -2.291313901458119, -173.38951630914852, -47.77156356618559, 2.064229987803323, 0.0016000000400000006, 263.3895163091485
2025-03-30 16:04:27,041 - 2025-03-30T16:04:27.041693, 0.12668120897030155, 0.0, -2.285405456551422, -173.4900163091843, -47.80158950391681, 1.8713579927276192, 0.0016000000400000006, 263.4900163091843
2025-03-30 16:04:27,080 - 2025-03-30T16:04:27.080893, 0.125865004487979, 0.0, -2.279430190009832, -173.50141630918841, -47.834117747064255, 1.6763686180109236, 0.0016000000400000006, 263.5014163091884
2025-03-30 16:04:27,121 - 2025-03-30T16:04:27.121254, 0.12556200184617294, 0.0, -2.273781456576658, -173.50951630919127, -47.84951477807349, 1.49158121572388, 0.0016000000400000006, 263.50951630919127
2025-03-30 16:04:27,161 - 2025-03-30T16:04:27.161307, 0.12496898746666352, 0.0, -2.268006654939745, -173.61351630922834, -47.874536104972286, 1.3029439799301201, 0.0016000000400000006, 263.6135163092283
2025-03-30 16:04:27,200 - 2025-03-30T16:04:27.200941, 0.12411626161362976, 0.0, -2.2626706584424103, -173.65791630924417, -47.90764202465978, 1.1289356508583488, 0.0016000000400000006, 263.6579163092442
2025-03-30 16:04:27,240 - 2025-03-30T16:04:27.240758, 0.12354597243225518, 0.0, -2.2573195118129856, -173.81671630930074, -47.9315085742329, 0.9541574702361346, 0.0016000000400000006, 263.8167163093008
2025-03-30 16:04:27,283 - 2025-03-30T16:04:27.283480, 0.12281931478296082, 0.0, -2.2516935035779464, -173.88041630932346, -47.96076466041367, 0.770524845274762, 0.0016000000400000006, 263.88041630932344
2025-03-30 16:04:27,321 - 2025-03-30T16:04:27.321179, 0.12259828390813743, 0.0, -2.246252810115494, -173.9650163093536, -47.97327446023146, 0.5924745076858549, 0.0016000000400000006, 263.9650163093536
2025-03-30 16:04:27,361 - 2025-03-30T16:04:27.361793, 0.12264453957288168, 0.0, -2.2405145298492926, -173.97141630935585, -47.97731474148537, 0.4044149484321615, 0.0016000000400000006, 263.97141630935585
2025-03-30 16:04:27,401 - 2025-03-30T16:04:27.401060, 0.1220742503915071, 0.0, -2.2351633832198674, -174.0973163094007, -48.0011812910585, 0.22963676780991893, 0.0016000000400000006, 264.0973163094007
2025-03-30 16:04:27,441 - 2025-03-30T16:04:27.441917, 0.12206883455344997, 0.0, -2.229781936326262, -174.2728163094632, -48.00656910040292, 0.05331888408676283, 0.0016000000400000006, 264.2728163094632
2025-03-30 16:04:27,480 - 2025-03-30T16:04:27.480901, 0.12128293033530868, 0.0, -2.2243715431279893, -174.32571630948203, -48.03755764044943, -0.12319175040123034, 0.0016000000400000006, 264.325716309482
2025-03-30 16:04:27,523 - 2025-03-30T16:04:27.522554, 0.12072021621997875, 0.0, -2.219161614834394, -174.51471630954936, -48.061039264247334, -0.2933502459662719, 0.0016000000400000006, 264.5147163095494
2025-03-30 16:04:27,560 - 2025-03-30T16:04:27.560834, 0.12049161027911026, 0.0, -2.213579703036112, -174.6104163095834, -48.073933989840356, -0.476020268612337, 0.0016000000400000006, 264.6104163095834
2025-03-30 16:04:27,601 - 2025-03-30T16:04:27.601114, 0.12005496436752017, 0.0, -2.2080797630048123, -174.72291630962346, -48.09356578013153, -0.6558030600669946, 0.0016000000400000006, 264.72291630962343
2025-03-30 16:04:27,643 - 2025-03-30T16:04:27.643599, 0.11994485156434465, 0.0, -2.2020666211329973, -174.8792163096791, -48.102995597993086, -0.852717063659818, 0.0016000000400000006, 264.8792163096791
2025-03-30 16:04:27,702 - 2025-03-30T16:04:27.702204, 0.1194614012969688, 0.0, -2.19437400936332, -174.97331630971257, -48.12628389527176, -1.104297436388308, 0.0016000000400000006, 264.9733163097126
2025-03-30 16:04:27,742 - 2025-03-30T16:04:27.742501, 0.11909157702027073, 0.0, -2.1887996726310837, -175.1433163097731, -48.14379830592196, -1.2865825332591445, 0.0016000000400000006, 265.1433163097731
2025-03-30 16:04:27,781 - 2025-03-30T16:04:27.781531, 0.11902691461336667, 0.0, -2.1836338407742444, -175.2661163098168, -48.15091856913212, -1.455778426508921, 0.0016000000400000006, 265.26611630981677
2025-03-30 16:04:27,822 - 2025-03-30T16:04:27.822598, 0.11873906210365082, 0.0, -2.178267544012729, -175.31631630983466, -48.165545748590894, -1.6313264586816203, 0.0016000000400000006, 265.31631630983463
2025-03-30 16:04:27,862 - 2025-03-30T16:04:27.862154, 0.11866682463070166, 0.0, -2.17296049382006, -175.49271630989742, -48.173050937576285, -1.8051420369885833, 0.0016000000400000006, 265.49271630989745
2025-03-30 16:04:27,901 - 2025-03-30T16:04:27.901073, 0.11859458715775206, 0.0, -2.167653443627392, -175.64681630995227, -48.18055612656169, -1.9789576152955175, 0.0016000000400000006, 265.64681630995227
2025-03-30 16:04:27,942 - 2025-03-30T16:04:27.942011, 0.11817309137825172, 0.0, -2.1624359402677515, -175.75791630999177, -48.19941806530242, -2.149501036635802, 0.0016000000400000006, 265.75791630999174
2025-03-30 16:04:27,981 - 2025-03-30T16:04:27.981075, 0.11781841723364384, 0.0, -2.1571440402071733, -175.90051631004252, -48.21616262440216, -2.322546763392294, 0.0016000000400000006, 265.9005163100425
2025-03-30 16:04:28,026 - 2025-03-30T16:04:28.026320, 0.11780542632954205, 0.0, -2.151621374977738, -176.06161631009977, -48.221935359521794, -2.5034843321726368, 0.0016000000400000006, 266.0616163100998
2025-03-30 16:04:28,062 - 2025-03-30T16:04:28.062081, 0.11730195878305905, 0.0, -2.1461958316473755, -176.1365163101264, -48.24368452945396, -2.6807648182110864, 0.0016000000400000006, 266.1365163101264
2025-03-30 16:04:28,101 - 2025-03-30T16:04:28.101529, 0.11685773780542341, 0.0, -2.140554673280247, -176.25301631016788, -48.263701245520366, -2.8651672947228874, 0.0016000000400000006, 266.2530163101679
2025-03-30 16:04:28,141 - 2025-03-30T16:04:28.141904, 0.1169267186683034, 0.0, -2.135240048021533, -176.39951631021998, -48.26658674944859, -3.0393677988050927, 0.0016000000400000006, 266.39951631021995
2025-03-30 16:04:28,200 - 2025-03-30T16:04:28.200969, 0.11638537579159491, 0.0, -2.129108413012024, -176.55111631027387, -48.29026054825691, -3.2397467101294035, 0.0016000000400000006, 266.55111631027387
2025-03-30 16:04:28,721 - 2025-03-30T16:04:28.721675, 0.11675058949870998, 0.0, -2.1227157125694776, -176.74121631034146, -48.2844837828564, -3.4495571665784786, 0.0016000000400000006, 266.74121631034143
2025-03-30 16:04:28,760 - 2025-03-30T16:04:28.760870, 0.1170427604644022, 0.0, -2.117601552215441, -177.00951631043682, -48.279862370535994, -3.617405531737719, 0.0016000000400000006, 267.0095163104368
2025-03-30 16:04:28,804 - 2025-03-30T16:04:28.804065, 0.11698431916402852, 0.0, -2.1112315769710293, -177.0921163104662, -48.28794466030705, -3.8260612108611367, 0.0016000000400000006, 267.09211631046617
2025-03-30 16:04:28,841 - 2025-03-30T16:04:28.841593, 0.1166572373645729, 0.0, -2.1038138268069657, -177.33191631055143, -48.305843420978064, -4.068787139250497, 0.0016000000400000006, 267.33191631055143
2025-03-30 16:04:28,881 - 2025-03-30T16:04:28.881645, 0.11657471690654964, 0.0, -2.0956748348316654, -177.5291163106215, -48.316427440410905, -4.335381344476203, 0.0016000000400000006, 267.5291163106215
2025-03-30 16:04:28,921 - 2025-03-30T16:04:28.921660, 0.11583777627218161, 0.0, -2.0872168848139943, -177.6107163106505, -48.348762357039114, -4.611792596356318, 0.0016000000400000006, 267.6107163106505
2025-03-30 16:04:28,961 - 2025-03-30T16:04:28.961717, 0.1158964741499875, 0.0, -2.079070317772649, -177.70931631068555, -48.35472669141479, -4.878771727357239, 0.0016000000400000006, 267.70931631068555
2025-03-30 16:04:29,001 - 2025-03-30T16:04:29.001269, 0.11549499564959431, 0.0, -2.071585745973693, -177.78041631071082, -48.37512775750202, -5.1236150353875916, 0.0016000000400000006, 267.78041631071085
2025-03-30 16:04:29,041 - 2025-03-30T16:04:29.041365, 0.11556262255296046, 0.0, -2.064925758991578, -178.01501631079418, -48.379360213766326, -5.341895010400554, 0.0016000000400000006, 268.0150163107942
2025-03-30 16:04:29,082 - 2025-03-30T16:04:29.082625, 0.11537811304884782, 0.0, -2.0588457954848707, -178.18381631085416, -48.39129233704409, -5.540926393634371, 0.0016000000400000006, 268.1838163108541
2025-03-30 16:04:29,120 - 2025-03-30T16:04:29.120861, 0.11538027227683623, 0.0, -2.0536055669270947, -178.27741631088742, -48.39629522061326, -5.712624592300341, 0.0016000000400000006, 268.2774163108874
2025-03-30 16:04:29,183 - 2025-03-30T16:04:29.183945, 0.11535077728112864, 0.0, -2.0464551033025993, -178.42231631093887, -48.40418475961951, -5.946881002125827, 0.0016000000400000006, 268.42231631093887
2025-03-30 16:04:29,241 - 2025-03-30T16:04:29.241276, 0.11547765075334171, 0.0, -2.039579501283718, -178.60221631100282, -48.406684762018074, -6.17228296761217, 0.0016000000400000006, 268.60221631100285
2025-03-30 16:04:29,301 - 2025-03-30T16:04:29.301253, 0.11588696089721306, 0.0, -2.0326887491327454, -178.68971631103392, -48.3999453943023, -6.3984547846489965, 0.0016000000400000006, 268.689716311034
2025-03-30 16:04:29,361 - 2025-03-30T16:04:29.361207, 0.11586504096755146, 0.0, -2.0256795038440805, -178.8601163110945, -48.407450007533285, -6.628091509417269, 0.0016000000400000006, 268.8601163110945
2025-03-30 16:04:29,401 - 2025-03-30T16:04:29.401524, 0.11615721193324324, 0.0, -2.0205653434900426, -178.9745163111351, -48.402828595212895, -6.795939874576566, 0.0016000000400000006, 268.97451631113506
2025-03-30 16:04:29,441 - 2025-03-30T16:04:29.441584, 0.11622619279612278, 0.0, -2.015250718231329, -179.07571631117105, -48.40571409914113, -6.970140378658742, 0.0016000000400000006, 269.07571631117105
2025-03-30 16:04:29,481 - 2025-03-30T16:04:29.481841, 0.11614638025712853, 0.0, -2.0098024497028315, -179.36791631127485, -48.41360421390174, -7.1485756420228626, 0.0016000000400000006, 269.3679163112748
2025-03-30 16:04:29,521 - 2025-03-30T16:04:29.521037, 0.11646749752748686, 0.0, -2.0039078009687104, -179.52301631132994, -48.40879005081652, -7.3420247378842145, 0.0016000000400000006, 269.5230163113299
2025-03-30 16:04:29,560 - 2025-03-30T16:04:29.560827, 0.11663224632992542, 0.0, -1.9977382906289753, -179.59841631135674, -48.40936542433895, -7.544328278084681, 0.0016000000400000006, 269.59841631135674
2025-03-30 16:04:29,600 - 2025-03-30T16:04:29.600771, 0.11696093866632884, 0.0, -1.9919848602306836, -179.73601631140562, -48.4041663354785, -7.73315768888886, 0.0016000000400000006, 269.7360163114056
2025-03-30 16:04:29,641 - 2025-03-30T16:04:29.641594, 0.11706644089992002, 0.0, -1.986030964927715, -179.81151631143243, -48.40647416286668, -7.928339238615961, 0.0016000000400000006, 269.8115163114325
2025-03-30 16:04:29,680 - 2025-03-30T16:04:29.680861, 0.11745437980517037, 0.0, -1.9800619194926568, -179.99421631149735, -48.399542620140494, -8.124290639893506, 0.0016000000400000006, 269.9942163114973
2025-03-30 16:04:29,700 - 2025-03-30T16:04:29.700896, 0.11744409682009671, 0.0, -1.9772299777100244, 179.94308368848039, -48.40262145058794, -8.217069266812263, 0.0016000000400000006, -89.94308368848039
2025-03-30 16:04:29,743 - 2025-03-30T16:04:29.742998, 0.11749035248484097, 0.0, -1.9714916974438226, 179.81648368843543, -48.40666173184185, -8.405128826065985, 0.0016000000400000006, -89.81648368843543
2025-03-30 16:04:29,780 - 2025-03-30T16:04:29.780913, 0.11761857991656788, 0.0, -1.9659614571483426, 179.65748368837893, -48.407814781904335, -8.58645132062154, 0.0016000000400000006, -89.65748368837893
2025-03-30 16:04:29,821 - 2025-03-30T16:04:29.821734, 0.11803681908599906, 0.0, -1.9605572850566013, 179.53138368833413, -48.39934353607721, -8.763923981670397, 0.0016000000400000006, -89.53138368833413
2025-03-30 16:04:29,861 - 2025-03-30T16:04:29.861018, 0.11796458161304946, 0.0, -1.955250234863933, 179.38808368828325, -48.406848725062616, -8.937739559977345, 0.0016000000400000006, -89.38808368828325
2025-03-30 16:04:29,900 - 2025-03-30T16:04:29.900792, 0.1182416024466515, 0.0, -1.949853637838237, 179.25498368823597, -48.402997164292664, -9.114827295250965, 0.0016000000400000006, -89.25498368823597
2025-03-30 16:04:29,942 - 2025-03-30T16:04:29.942632, 0.11818451510579209, 0.0, -1.944829024317227, 178.9356836881225, -48.40973250172761, -9.27940350344357, 0.0016000000400000006, -88.93568368812251
2025-03-30 16:04:29,981 - 2025-03-30T16:04:29.981957, 0.11840228937054675, 0.0, -1.9396480423282978, 178.88548368810464, -48.407613394823414, -9.449369248243803, 0.0016000000400000006, -88.88548368810464
2025-03-30 16:04:30,021 - 2025-03-30T16:04:30.021054, 0.11859733843716569, 0.0, -1.9340434053318805, 178.68108368803206, -48.40664906524493, -9.633194048215566, 0.0016000000400000006, -88.68108368803206
2025-03-30 16:04:30,062 - 2025-03-30T16:04:30.062242, 0.11887435927076728, 0.0, -1.9286468083061845, 178.5798836879961, -48.402797504475, -9.810281783489186, 0.0016000000400000006, -88.5798836879961
2025-03-30 16:04:30,104 - 2025-03-30T16:04:30.104328, 0.11884621823457442, 0.0, -1.922841706405091, 178.44088368794672, -48.40934009114511, -10.000458722383867, 0.0016000000400000006, -88.44088368794672
2025-03-30 16:04:30,141 - 2025-03-30T16:04:30.141540, 0.11933127903889762, 0.0, -1.9173631376124125, 178.19938368786092, -48.39875146567702, -10.180433688848922, 0.0016000000400000006, -88.19938368786092
2025-03-30 16:04:30,181 - 2025-03-30T16:04:30.181828, 0.1196675464413457, 0.0, -1.9117509255499496, 178.0315836878013, -48.393167451041364, -10.364643414595928, 0.0016000000400000006, -88.03158368780129
2025-03-30 16:04:30,220 - 2025-03-30T16:04:30.220839, 0.11985502044192042, 0.0, -1.9060050702177032, 177.8430836877343, -48.39258804723807, -10.553087899624865, 0.0016000000400000006, -87.84308368773429
2025-03-30 16:04:30,261 - 2025-03-30T16:04:30.261084, 0.12076373625373105, 0.0, -1.9005037762268895, 177.68908368767958, -48.368140366598475, -10.734217643415597, 0.0016000000400000006, -87.68908368767958
2025-03-30 16:04:30,304 - 2025-03-30T16:04:30.304761, 0.12135971512970212, 0.0, -1.894452759024848, 177.49478368761055, -48.35447175917416, -10.933056275884606, 0.0016000000400000006, -87.49478368761055
2025-03-30 16:04:30,361 - 2025-03-30T16:04:30.361456, 0.12187236827917758, 0.0, -1.8868483401286844, 177.28898368753738, -48.345037335277354, -11.182711443982523, 0.0016000000400000006, -87.28898368753738
2025-03-30 16:04:30,401 - 2025-03-30T16:04:30.401666, 0.12200059571090494, 0.0, -1.8813180998332046, 177.1475836874871, -48.34619038533981, -11.36403393853808, 0.0016000000400000006, -87.14758368748711
2025-03-30 16:04:30,441 - 2025-03-30T16:04:30.441302, 0.12276809318688597, 0.0, -1.8758243809084352, 177.05468368745412, -48.326362389757406, -11.544778756553612, 0.0016000000400000006, -87.05468368745412
2025-03-30 16:04:30,481 - 2025-03-30T16:04:30.481563, 0.12311951072142513, 0.0, -1.8704946055176315, 177.00868368743778, -48.32000852357126, -11.719749112186253, 0.0016000000400000006, -87.00868368743778
2025-03-30 16:04:30,520 - 2025-03-30T16:04:30.520847, 0.12360457152574789, 0.0, -1.865016036724953, 176.94348368741458, -48.30941989810318, -11.899724078651309, 0.0016000000400000006, -86.94348368741458
2025-03-30 16:04:30,561 - 2025-03-30T16:04:30.561603, 0.12443889063662184, 0.0, -1.8594479210992472, 176.75898368734897, -48.28747452287977, -12.082971202083021, 0.0016000000400000006, -86.75898368734897
2025-03-30 16:04:30,601 - 2025-03-30T16:04:30.601465, 0.12463393970324121, 0.0, -1.85384328410283, 176.6601836873139, -48.28651019330126, -12.266796002054779, 0.0016000000400000006, -86.66018368731389
2025-03-30 16:04:30,641 - 2025-03-30T16:04:30.641430, 0.12513415063965416, 0.0, -1.8486471519818097, 176.61718368729856, -48.27515171628273, -12.437531598405505, 0.0016000000400000006, -86.61718368729856
2025-03-30 16:04:30,681 - 2025-03-30T16:04:30.681408, 0.12584240154678916, 0.0, -1.843369048093808, 176.58778368728812, -48.25705617456603, -12.611154425947623, 0.0016000000400000006, -86.58778368728812
2025-03-30 16:04:30,720 - 2025-03-30T16:04:30.720801, 0.1261194223803903, 0.0, -1.837972451068112, 176.52688368726643, -48.25320461379611, -12.78824216122125, 0.0016000000400000006, -86.52688368726643
2025-03-30 16:04:30,762 - 2025-03-30T16:04:30.762545, 0.12682009822148022, 0.0, -1.8325531288442807, 176.42888368723163, -48.23549399785464, -12.966484673820554, 0.0016000000400000006, -86.42888368723163
2025-03-30 16:04:30,801 - 2025-03-30T16:04:30.801456, 0.12694832565320668, 0.0, -1.8270228885488007, 176.30798368718862, -48.23664704791713, -13.147807168376112, 0.0016000000400000006, -86.30798368718862
2025-03-30 16:04:30,841 - 2025-03-30T16:04:30.841066, 0.12723292155285337, 0.0, -1.8217675098589332, 176.29568368718424, -48.23241056137197, -13.32027521859258, 0.0016000000400000006, -86.29568368718424
2025-03-30 16:04:30,881 - 2025-03-30T16:04:30.881195, 0.1278667757590508, 0.0, -1.8164225843360393, 176.1776836871423, -48.21681732507148, -13.496015425775678, 0.0016000000400000006, -86.17768368714229
2025-03-30 16:04:30,920 - 2025-03-30T16:04:30.920858, 0.12800257825682282, 0.0, -1.8110335623763887, 176.1849836871449, -48.21758544935873, -13.672718235274054, 0.0016000000400000006, -86.18498368714489
2025-03-30 16:04:30,963 - 2025-03-30T16:04:30.963670, 0.12899326583561654, 0.0, -1.8057403083562962, 176.02988368708972, -48.19025053752768, -13.84711091436666, 0.0016000000400000006, -86.02988368708972
2025-03-30 16:04:31,001 - 2025-03-30T16:04:31.001138, 0.12941150500504728, 0.0, -1.800336136264555, 176.06888368710358, -48.18177929170057, -14.024583575415514, 0.0016000000400000006, -86.0688836871036
2025-03-30 16:04:31,041 - 2025-03-30T16:04:31.041380, 0.12983731924052355, 0.0, -1.7950731825086432, 176.10318368711577, -48.172923120098226, -14.197436551407183, 0.0016000000400000006, -86.10318368711577
2025-03-30 16:04:31,080 - 2025-03-30T16:04:31.080880, 0.13046359838067545, 0.0, -1.7895870386499197, 176.01428368708417, -48.15771480957299, -14.37779644364746, 0.0016000000400000006, -86.01428368708417
2025-03-30 16:04:31,121 - 2025-03-30T16:04:31.121117, 0.13080744084916907, 0.0, -1.7841160449232865, 175.96998368706844, -48.15174586916208, -14.557386484337288, 0.0016000000400000006, -85.96998368706844
2025-03-30 16:04:31,161 - 2025-03-30T16:04:31.161526, 0.13137447342047448, 0.0, -1.7788455161013297, 175.9927836870765, -48.13827001250256, -14.730624386104184, 0.0016000000400000006, -85.9927836870765
2025-03-30 16:04:31,201 - 2025-03-30T16:04:31.201931, 0.13165149425407607, 0.0, -1.7734489190756335, 176.0157836870847, -48.13441845173263, -14.907712121377811, 0.0016000000400000006, -86.0157836870847
2025-03-30 16:04:31,240 - 2025-03-30T16:04:31.240926, 0.13193609015372276, 0.0, -1.7681935403857674, 176.02608368708835, -48.13018196518747, -15.080180171594238, 0.0016000000400000006, -86.02608368708835
2025-03-30 16:04:31,281 - 2025-03-30T16:04:31.280987, 0.13256994435992064, 0.0, -1.762848614862873, 176.06928368710376, -48.11458872888696, -15.25592037877735, 0.0016000000400000006, -86.06928368710376
2025-03-30 16:04:31,321 - 2025-03-30T16:04:31.321054, 0.13292136189445936, 0.0, -1.7575188394720689, 176.10808368711753, -48.108234862700826, -15.430890734410005, 0.0016000000400000006, -86.10808368711753
2025-03-30 16:04:31,363 - 2025-03-30T16:04:31.363476, 0.13335475119598028, 0.0, -1.7523971040519868, 176.10958368711806, -48.098993765323264, -15.599124025344487, 0.0016000000400000006, -86.10958368711806
2025-03-30 16:04:31,401 - 2025-03-30T16:04:31.401233, 0.1337881404975012, 0.0, -1.7472753686319042, 176.06318368710157, -48.0897526679457, -15.767357316278991, 0.0016000000400000006, -86.06318368710157
2025-03-30 16:04:31,441 - 2025-03-30T16:04:31.441557, 0.13400591476225587, 0.0, -1.7420943866429748, 176.01058368708286, -48.087633561041514, -15.937323061079232, 0.0016000000400000006, -86.01058368708286
2025-03-30 16:04:31,481 - 2025-03-30T16:04:31.481002, 0.13429808572794766, 0.0, -1.7369802262889378, 176.09408368711254, -48.08301214872112, -16.105171426238485, 0.0016000000400000006, -86.09408368711254
2025-03-30 16:04:31,521 - 2025-03-30T16:04:31.521546, 0.13465707832853147, 0.0, -1.7317916692339628, 176.01948368708602, -48.076273356759756, -16.27552209681397, 0.0016000000400000006, -86.01948368708602
2025-03-30 16:04:31,563 - 2025-03-30T16:04:31.563294, 0.13477773069421284, 0.0, -1.726120210602653, 176.05828368709982, -48.07781133259748, -16.461464276426717, 0.0016000000400000006, -86.05828368709982
2025-03-30 16:04:31,601 - 2025-03-30T16:04:31.601072, 0.1351367232947971, 0.0, -1.7209316535476789, 176.14098368712922, -48.0710725406361, -16.631814947002173, 0.0016000000400000006, -86.14098368712922
2025-03-30 16:04:31,644 - 2025-03-30T16:04:31.644651, 0.135599058900985, 0.0, -1.7150294297475126, 176.13308368712643, -48.0616386924937, -16.825648968638752, 0.0016000000400000006, -86.13308368712643
2025-03-30 16:04:31,682 - 2025-03-30T16:04:31.682469, 0.13581683316573923, 0.0, -1.7098484477585831, 176.11288368711922, -48.05951958558953, -16.995614713438993, 0.0016000000400000006, -86.11288368711922
2025-03-30 16:04:31,721 - 2025-03-30T16:04:31.721638, 0.13643553723984647, 0.0, -1.70422108556403, 175.96498368706665, -48.044696200839496, -17.180594290736455, 0.0016000000400000006, -85.96498368706665
2025-03-30 16:04:31,760 - 2025-03-30T16:04:31.760874, 0.13656376467157338, 0.0, -1.6986908452685503, 176.07008368710402, -48.04584925090197, -17.361916785292006, 0.0016000000400000006, -86.07008368710402
2025-03-30 16:04:31,802 - 2025-03-30T16:04:31.802100, 0.1372644405126633, 0.0, -1.6932715230447188, 175.95828368706424, -48.0281386349605, -17.540159297891318, 0.0016000000400000006, -85.95828368706424
2025-03-30 16:04:31,841 - 2025-03-30T16:04:31.841578, 0.13782389801792272, 0.0, -1.687859775886932, 176.07128368710443, -48.01504770407624, -17.718016884715414, 0.0016000000400000006, -86.07128368710443
2025-03-30 16:04:31,883 - 2025-03-30T16:04:31.882766, 0.1384501771580755, 0.0, -1.682373632028209, 176.04948368709668, -47.999839393550964, -17.898376776955686, 0.0016000000400000006, -86.04948368709668
2025-03-30 16:04:31,921 - 2025-03-30T16:04:31.921017, 0.1387271979916771, 0.0, -1.6769770350025128, 175.92638368705292, -47.99598783278103, -18.075464512229313, 0.0016000000400000006, -85.92638368705292
2025-03-30 16:04:31,961 - 2025-03-30T16:04:31.961069, 0.13892982212434157, 0.0, -1.6715136163419246, 176.0267836870886, -47.9946385774273, -18.254669627143905, 0.0016000000400000006, -86.0267836870886
2025-03-30 16:04:32,001 - 2025-03-30T16:04:32.001055, 0.13957882646262876, 0.0, -1.666451127490689, 176.05898368710004, -47.97827548957637, -18.421170464212665, 0.0016000000400000006, -86.05898368710004
2025-03-30 16:04:32,040 - 2025-03-30T16:04:32.040826, 0.13999706563206038, 0.0, -1.6610469553989482, 176.15418368713395, -47.96980424374923, -18.5986431252615, 0.0016000000400000006, -86.15418368713395
2025-03-30 16:04:32,082 - 2025-03-30T16:04:32.082211, 0.14010256786565156, 0.0, -1.6550930600959797, 176.1577836871352, -47.97211207113742, -18.7938246749886, 0.0016000000400000006, -86.15778368713521
2025-03-30 16:04:32,121 - 2025-03-30T16:04:32.120969, 0.14044641033414473, 0.0, -1.6496220663693464, 176.10278368711565, -47.96614313072652, -18.973414715678427, 0.0016000000400000006, -86.10278368711565
2025-03-30 16:04:32,161 - 2025-03-30T16:04:32.161215, 0.14107268947429707, 0.0, -1.6441359225106233, 176.148783687132, -47.95093482020127, -19.153774607918695, 0.0016000000400000006, -86.14878368713201
2025-03-30 16:04:32,201 - 2025-03-30T16:04:32.201280, 0.1415729004107109, 0.0, -1.6389397903896037, 176.2687836871747, -47.93957634318271, -19.324510204269394, 0.0016000000400000006, -86.2687836871747
2025-03-30 16:04:32,241 - 2025-03-30T16:04:32.241487, 0.1417755245433754, 0.0, -1.6334763717290155, 176.30228368718662, -47.93822708782897, -19.503715319183986, 0.0016000000400000006, -86.30228368718662
2025-03-30 16:04:32,281 - 2025-03-30T16:04:32.281594, 0.1419189021071925, 0.0, -1.628228568105194, 176.39448368721938, -47.93861028634099, -19.675798443625197, 0.0016000000400000006, -86.39448368721938
2025-03-30 16:04:32,322 - 2025-03-30T16:04:32.321973, 0.14220349800683918, 0.0, -1.622973189415327, 176.40588368722345, -47.93437379979583, -19.848266493841653, 0.0016000000400000006, -86.40588368722345
2025-03-30 16:04:32,361 - 2025-03-30T16:04:32.361511, 0.14225732873762853, 0.0, -1.6173761274849543, 176.47088368724656, -47.93802915527452, -20.0317063680382, 0.0016000000400000006, -86.47088368724656
2025-03-30 16:04:32,401 - 2025-03-30T16:04:32.401878, 0.14282436130893394, 0.0, -1.612105598662998, 176.5038836872583, -47.92455329861501, -20.204944269805086, 0.0016000000400000006, -86.50388368725831
2025-03-30 16:04:32,441 - 2025-03-30T16:04:32.441422, 0.14301941037555288, 0.0, -1.6065009616665806, 176.49398368725474, -47.92358896903651, -20.38876906977685, 0.0016000000400000006, -86.49398368725474
2025-03-30 16:04:32,481 - 2025-03-30T16:04:32.481008, 0.14308081617238777, 0.0, -1.6010451180720375, 176.66628368731602, -47.92685939873996, -20.567589258916218, 0.0016000000400000006, -86.66628368731602
2025-03-30 16:04:32,522 - 2025-03-30T16:04:32.522187, 0.1437222454446303, 0.0, -1.5958414108849723, 176.7021836873288, -47.910881236664245, -20.73870978104216, 0.0016000000400000006, -86.70218368732881
2025-03-30 16:04:32,560 - 2025-03-30T16:04:32.560925, 0.1436348578395914, 0.0, -1.5902519240206456, 176.75668368734816, -47.919156277200074, -20.921764729463455, 0.0016000000400000006, -86.75668368734816
2025-03-30 16:04:32,603 - 2025-03-30T16:04:32.603140, 0.1441274937099588, 0.0, -1.5849145735637964, 176.80858368736662, -47.908182725956785, -21.097120010871336, 0.0016000000400000006, -86.80858368736662
2025-03-30 16:04:32,641 - 2025-03-30T16:04:32.641464, 0.14447891124449752, 0.0, -1.5795847981729922, 176.87488368739017, -47.90182885977065, -21.272090366503992, 0.0016000000400000006, -86.87488368739017
2025-03-30 16:04:32,683 - 2025-03-30T16:04:32.682983, 0.14474835701205402, 0.0, -1.574046982811467, 177.03368368744663, -47.89836222477595, -21.453797786834784, 0.0016000000400000006, -87.03368368744663
2025-03-30 16:04:32,723 - 2025-03-30T16:04:32.722970, 0.14496613127680869, 0.0, -1.5688660008225384, 177.11118368747418, -47.89624311787175, -21.623763531634996, 0.0016000000400000006, -87.11118368747418
2025-03-30 16:04:32,764 - 2025-03-30T16:04:32.764423, 0.1450426872057342, 0.0, -1.5636925938996544, 177.15308368748907, -47.898743696024724, -21.793344350659993, 0.0016000000400000006, -87.15308368748907
2025-03-30 16:04:32,801 - 2025-03-30T16:04:32.801045, 0.14502969630163154, 0.0, -1.5581699286702189, 177.25068368752378, -47.904516431144394, -21.97428191944035, 0.0016000000400000006, -87.25068368752378
2025-03-30 16:04:32,843 - 2025-03-30T16:04:32.843052, 0.14531429220127823, 0.0, -1.5529145499803523, 177.3624836875635, -47.90027994459923, -22.14674996965679, 0.0016000000400000006, -87.3624836875635
2025-03-30 16:04:32,881 - 2025-03-30T16:04:32.881054, 0.14574768150279915, 0.0, -1.5477928145602697, 177.40088368757716, -47.891038847221665, -22.314983260591287, 0.0016000000400000006, -87.40088368757716
2025-03-30 16:04:32,922 - 2025-03-30T16:04:32.922006, 0.1460322774024463, 0.0, -1.5425374358704032, 177.47048368760187, -47.88680236067649, -22.487451310807728, 0.0016000000400000006, -87.47048368760187
2025-03-30 16:04:32,961 - 2025-03-30T16:04:32.961426, 0.14597519006158732, 0.0, -1.5375128223493935, 177.47818368760463, -47.893537698111416, -22.652027519000324, 0.0016000000400000006, -87.47818368760463
2025-03-30 16:04:33,000 - 2025-03-30T16:04:33.000901, 0.1461034174933138, 0.0, -1.5319825820539128, 177.52498368762124, -47.894690748173915, -22.833350013555908, 0.0016000000400000006, -87.52498368762124
2025-03-30 16:04:33,042 - 2025-03-30T16:04:33.042899, 0.14603118002036508, 0.0, -1.5266755318612448, 177.59388368764573, -47.90219593715929, -23.007165591862844, 0.0016000000400000006, -87.59388368764573
2025-03-30 16:04:33,100 - 2025-03-30T16:04:33.100774, 0.1465514082358852, 0.0, -1.5192123313009107, 177.65048368766585, -47.89237658748726, -23.25220107490358, 0.0016000000400000006, -87.65048368766585
2025-03-30 16:04:33,141 - 2025-03-30T16:04:33.141414, 0.1466947857997023, 0.0, -1.5139645276770888, 177.83608368773181, -47.89275978599928, -23.424284199344807, 0.0016000000400000006, -87.83608368773181
2025-03-30 16:04:33,181 - 2025-03-30T16:04:33.181129, 0.146741041464447, 0.0, -1.5082262474108874, 177.89038368775113, -47.896800067253196, -23.612343758598517, 0.0016000000400000006, -87.89038368775113
2025-03-30 16:04:33,221 - 2025-03-30T16:04:33.221033, 0.14680244726128144, 0.0, -1.5027704038163443, 177.9082836877575, -47.90007049695666, -23.79116394773788, 0.0016000000400000006, -87.90828368775749
2025-03-30 16:04:33,262 - 2025-03-30T16:04:33.262530, 0.14707189302883794, 0.0, -1.4972325884548185, 177.96368368777715, -47.89660386196195, -23.97287136806869, 0.0016000000400000006, -87.96368368777715
2025-03-30 16:04:33,300 - 2025-03-30T16:04:33.300959, 0.1474233105633762, 0.0, -1.4919028130640148, 177.97978368778286, -47.89024999577583, -24.147841723701326, 0.0016000000400000006, -87.97978368778286
2025-03-30 16:04:33,341 - 2025-03-30T16:04:33.341886, 0.1477671530318707, 0.0, -1.486431819337382, 178.05368368780915, -47.884281055364895, -24.32743176439114, 0.0016000000400000006, -88.05368368780917
2025-03-30 16:04:33,381 - 2025-03-30T16:04:33.381516, 0.14825221383619347, 0.0, -1.4809532505447032, 178.16968368785035, -47.87369242989682, -24.507406730856207, 0.0016000000400000006, -88.16968368785035
2025-03-30 16:04:33,420 - 2025-03-30T16:04:33.420839, 0.14838044126791994, 0.0, -1.475423010249223, 178.14728368784242, -47.87484547995931, -24.688729225411773, 0.0016000000400000006, -88.14728368784242
2025-03-30 16:04:33,465 - 2025-03-30T16:04:33.465556, 0.14857549033453932, 0.0, -1.4698183732528056, 178.24728368787794, -47.873881150380804, -24.872554025383536, 0.0016000000400000006, -88.24728368787794
2025-03-30 16:04:33,500 - 2025-03-30T16:04:33.500925, 0.1486520462634644, 0.0, -1.4646449663299217, 178.2640836878839, -47.876381728533794, -25.042134844408533, 0.0016000000400000006, -88.2640836878839
2025-03-30 16:04:33,542 - 2025-03-30T16:04:33.542670, 0.14899588873195801, 0.0, -1.4591739726032884, 178.419183687939, -47.87041278812289, -25.221724885098354, 0.0016000000400000006, -88.41918368793901
2025-03-30 16:04:33,581 - 2025-03-30T16:04:33.581554, 0.1492729095655596, 0.0, -1.4537773755775922, 178.46688368795594, -47.86656122735296, -25.39881262037198, 0.0016000000400000006, -88.46688368795594
2025-03-30 16:04:33,621 - 2025-03-30T16:04:33.621265, 0.14919309702656536, 0.0, -1.4483291070490951, 178.55858368798854, -47.874451342113574, -25.57724788373609, 0.0016000000400000006, -88.55858368798854
2025-03-30 16:04:33,661 - 2025-03-30T16:04:33.661796, 0.14862280784519077, 0.0, -1.44297796041967, 178.6633836880258, -47.8983178916867, -25.752026064358322, 0.0016000000400000006, -88.66338368802579
2025-03-30 16:04:33,701 - 2025-03-30T16:04:33.701137, 0.14876618540900788, 0.0, -1.437730156795848, 178.65268368802194, -47.89870109019873, -25.924109188799548, 0.0016000000400000006, -88.65268368802195
2025-03-30 16:04:33,741 - 2025-03-30T16:04:33.741448, 0.14854515453418404, 0.0, -1.4322894633333951, 178.78308368806833, -47.91121089001652, -26.102159526388455, 0.0016000000400000006, -88.78308368806833
2025-03-30 16:04:33,781 - 2025-03-30T16:04:33.781954, 0.14839094529425223, 0.0, -1.4267743731700055, 178.89218368810708, -47.921603310193355, -26.282712169393548, 0.0016000000400000006, -88.89218368810708
2025-03-30 16:04:33,820 - 2025-03-30T16:04:33.820890, 0.1484750762892224, 0.0, -1.4217421845829508, 178.94698368812652, -47.923718962571115, -26.44767330336138, 0.0016000000400000006, -88.94698368812652
2025-03-30 16:04:33,861 - 2025-03-30T16:04:33.861587, 0.14861087878699442, 0.0, -1.4163531626232997, 179.06608368816885, -47.92448708685836, -26.62437611285977, 0.0016000000400000006, -89.06608368816885
2025-03-30 16:04:33,901 - 2025-03-30T16:04:33.901860, 0.14860546294893773, 0.0, -1.4109717157296942, 179.17058368820597, -47.92987489620277, -26.80069399658293, 0.0016000000400000006, -89.17058368820597
2025-03-30 16:04:33,941 - 2025-03-30T16:04:33.941338, 0.14851807534389794, 0.0, -1.4053822288653675, 179.17528368820763, -47.93814993673863, -26.983748945004223, 0.0016000000400000006, -89.17528368820763
2025-03-30 16:04:33,982 - 2025-03-30T16:04:33.982047, 0.14857190607468773, 0.0, -1.3997851669349948, 179.28688368824731, -47.9418052922173, -27.16718881920077, 0.0016000000400000006, -89.28688368824733
2025-03-30 16:04:34,020 - 2025-03-30T16:04:34.020882, 0.14870770857245974, 0.0, -1.3943961449753437, 179.42898368829776, -47.94257341650456, -27.343891628699165, 0.0016000000400000006, -89.42898368829776
2025-03-30 16:04:34,063 - 2025-03-30T16:04:34.063477, 0.1490515510409538, 0.0, -1.3889251512487109, 179.53528368833548, -47.93660447609364, -27.52348166938898, 0.0016000000400000006, -89.53528368833548
2025-03-30 16:04:34,101 - 2025-03-30T16:04:34.101907, 0.14919492860477046, 0.0, -1.3836773476248894, 179.51588368832864, -47.936987674605675, -27.695564793830187, 0.0016000000400000006, -89.51588368832864
2025-03-30 16:04:34,142 - 2025-03-30T16:04:34.142056, 0.14898147279599216, 0.0, -1.3783778724982656, 179.6075836883612, -47.94911254864823, -27.86899544636192, 0.0016000000400000006, -89.60758368836119
2025-03-30 16:04:34,181 - 2025-03-30T16:04:34.181041, 0.14904287859282705, 0.0, -1.372922028903723, 179.6602836883799, -47.95238297835168, -28.04781563550128, 0.0016000000400000006, -89.6602836883799
2025-03-30 16:04:34,221 - 2025-03-30T16:04:34.221007, 0.14889624441894034, 0.0, -1.3675481570761625, 179.8496836884472, -47.96239047275328, -28.2237485934492, 0.0016000000400000006, -89.84968368844719
2025-03-30 16:04:34,261 - 2025-03-30T16:04:34.261503, 0.1490244718506677, 0.0, -1.3620179167806823, 179.90528368846694, -47.96354352281575, -28.405071088004764, 0.0016000000400000006, -89.90528368846694
2025-03-30 16:04:34,300 - 2025-03-30T16:04:34.300876, 0.14881101604188895, 0.0, -1.3567184416540594, 179.97758368849264, -47.97566839685832, -28.578501740536478, 0.0016000000400000006, -89.97758368849264
2025-03-30 16:04:34,321 - 2025-03-30T16:04:34.321845, 0.14880830812285994, 0.0, -1.3540277182072558, -179.90881631146698, -47.97836230153054, -28.666660682398074, 0.0016000000400000006, 269.908816311467
2025-03-30 16:04:34,361 - 2025-03-30T16:04:34.361571, 0.14852803067918963, 0.0, -1.3488026397815704, -179.88751631145945, -47.992604555214065, -28.837589029513577, 0.0016000000400000006, 269.8875163114594
2025-03-30 16:04:34,401 - 2025-03-30T16:04:34.401132, 0.14853776497322269, 0.0, -1.3437036295596236, -179.7770163114202, -47.997222513008026, -29.004667543122373, 0.0016000000400000006, 269.7770163114202
2025-03-30 16:04:34,443 - 2025-03-30T16:04:34.442974, 0.14832430916444395, 0.0, -1.3384041544329999, -179.7503163114107, -48.0093473870506, -29.178098195654115, 0.0016000000400000006, 269.7503163114107
2025-03-30 16:04:34,481 - 2025-03-30T16:04:34.481045, 0.14840844015941412, 0.0, -1.333371965845945, -179.69241631139013, -48.011463039428364, -29.34305932962194, 0.0016000000400000006, 269.69241631139016
2025-03-30 16:04:34,521 - 2025-03-30T16:04:34.521740, 0.14804619094876115, 0.0, -1.3279388474495377, -179.52661631133122, -48.028592524303335, -29.520724741435604, 0.0016000000400000006, 269.5266163113312
2025-03-30 16:04:34,581 - 2025-03-30T16:04:34.581033, 0.14813518909074785, 0.0, -1.3203571537515093, -179.51591631132743, -48.03301715557807, -29.769225132207843, 0.0016000000400000006, 269.51591631132743
2025-03-30 16:04:34,621 - 2025-03-30T16:04:34.621060, 0.14799612998290712, 0.0, -1.3151245002597785, -179.35971631127194, -48.04263972420442, -29.940538405098582, 0.0016000000400000006, 269.35971631127194
2025-03-30 16:04:34,660 - 2025-03-30T16:04:34.660916, 0.14785707087506506, 0.0, -1.3098918467680472, -179.2287163112254, -48.052262292830804, -30.11185167798934, 0.0016000000400000006, 269.2287163112254
2025-03-30 16:04:34,701 - 2025-03-30T16:04:34.701256, 0.14784407997096238, 0.0, -1.3043691815386116, -179.25631631123522, -48.05803502795047, -30.292789246769686, 0.0016000000400000006, 269.2563163112352
2025-03-30 16:04:34,741 - 2025-03-30T16:04:34.741199, 0.14763062416218453, 0.0, -1.2990697064119892, -179.17041631120466, -48.070159901993016, -30.46621989930138, 0.0016000000400000006, 269.1704163112047
2025-03-30 16:04:34,782 - 2025-03-30T16:04:34.782835, 0.14718640318454845, 0.0, -1.2934285480448602, -179.11461631118485, -48.090176618059445, -30.650622375813203, 0.0016000000400000006, 269.1146163111848
2025-03-30 16:04:34,821 - 2025-03-30T16:04:34.821393, 0.14696537230972506, 0.0, -1.2879878545824073, -179.02701631115374, -48.10268641787723, -30.82867271340211, 0.0016000000400000006, 269.0270163111537
2025-03-30 16:04:34,861 - 2025-03-30T16:04:34.861792, 0.1470192030405144, 0.0, -1.282390792652035, -178.9335163111205, -48.10634177335592, -31.012112587598644, 0.0016000000400000006, 268.9335163111205
2025-03-30 16:04:34,905 - 2025-03-30T16:04:34.905693, 0.14699863707036664, 0.0, -1.2767269090867703, -178.93591631112136, -48.112499434250815, -31.19766984143616, 0.0016000000400000006, 268.93591631112133
2025-03-30 16:04:34,940 - 2025-03-30T16:04:34.940741, 0.14677003112949816, 0.0, -1.2711449972884887, -178.87191631109866, -48.12539415984383, -31.380339864082224, 0.0016000000400000006, 268.87191631109863
2025-03-30 16:04:34,981 - 2025-03-30T16:04:34.981288, 0.1470394768970542, 0.0, -1.2656071819269634, -178.7978163110723, -48.121927524849134, -31.562047284413016, 0.0016000000400000006, 268.7978163110723
2025-03-30 16:04:35,021 - 2025-03-30T16:04:35.021045, 0.14716012926273647, 0.0, -1.2599357232956536, -178.7758163110645, -48.123465500686834, -31.747989464025768, 0.0016000000400000006, 268.7758163110645
2025-03-30 16:04:35,061 - 2025-03-30T16:04:35.061919, 0.14685712662092998, 0.0, -1.25428698986248, -178.73951631105163, -48.13886253169607, -31.932776866312803, 0.0016000000400000006, 268.7395163110516
2025-03-30 16:04:35,101 - 2025-03-30T16:04:35.101003, 0.14665124587819678, 0.0, -1.2491287330716854, -178.61791631100843, -48.1506024799634, -32.10158783378737, 0.0016000000400000006, 268.61791631100846
2025-03-30 16:04:35,141 - 2025-03-30T16:04:35.141122, 0.14629657173358845, 0.0, -1.2438368330111076, -178.46871631095541, -48.16734703906316, -32.27463356054385, 0.0016000000400000006, 268.4687163109554
2025-03-30 16:04:35,181 - 2025-03-30T16:04:35.181844, 0.14607554085876462, 0.0, -1.2383961395486547, -178.39821631093034, -48.17985683888096, -32.452683898132754, 0.0016000000400000006, 268.39821631093037
2025-03-30 16:04:35,221 - 2025-03-30T16:04:35.221417, 0.1459213316188328, 0.0, -1.232881049385265, -178.39531631092936, -48.19024925905779, -32.63323654113785, 0.0016000000400000006, 268.3953163109294
2025-03-30 16:04:35,261 - 2025-03-30T16:04:35.261223, 0.1454998358393329, 0.0, -1.227663546025624, -178.2796163108882, -48.2091111977985, -32.803779962478146, 0.0016000000400000006, 268.2796163108882
2025-03-30 16:04:35,301 - 2025-03-30T16:04:35.301794, 0.14507834005983256, 0.0, -1.2224460426659833, -178.17291631085027, -48.22797313653923, -32.97432338381842, 0.0016000000400000006, 268.17291631085027
2025-03-30 16:04:35,340 - 2025-03-30T16:04:35.340865, 0.14494685601803647, 0.0, -1.2173546075100816, -178.13111631083544, -48.23721077939037, -33.141016971652, 0.0016000000400000006, 268.1311163108354
2025-03-30 16:04:35,381 - 2025-03-30T16:04:35.381210, 0.14456945667529286, 0.0, -1.2116390524420155, -178.05931631080995, -48.2551101158158, -33.327921753580014, 0.0016000000400000006, 268.05931631080995
2025-03-30 16:04:35,424 - 2025-03-30T16:04:35.424072, 0.1446460126042184, 0.0, -1.2064656455191316, -177.9953163107872, -48.25761069396878, -33.497502572605015, 0.0016000000400000006, 267.9953163107872
2025-03-30 16:04:35,481 - 2025-03-30T16:04:35.481049, 0.14391177988887893, 0.0, -1.2006984189482632, -177.83161631072903, -48.287251705924774, -33.68575488262356, 0.0016000000400000006, 267.83161631072903
2025-03-30 16:04:35,581 - 2025-03-30T16:04:35.581296, 0.14369074901405554, 0.0, -1.1952577254858108, -177.78821631071358, -48.299761505742566, -33.863805220212456, 0.0016000000400000006, 267.7882163107136
2025-03-30 16:04:35,661 - 2025-03-30T16:04:35.661632, 0.14376595098346634, 0.0, -1.1887389568395252, -177.64991631066442, -48.30360903623166, -34.077465510168246, 0.0016000000400000006, 267.6499163106644
2025-03-30 16:04:35,721 - 2025-03-30T16:04:35.721156, 0.14351326588494695, 0.0, -1.1813880283103533, -177.63131631065784, -48.31900549148651, -34.31807405891665, 0.0016000000400000006, 267.63131631065784
2025-03-30 16:04:35,763 - 2025-03-30T16:04:35.763231, 0.143313606248745, 0.0, -1.175025628131988, -177.59841631064612, -48.331707466314704, -34.526344812264796, 0.0016000000400000006, 267.59841631064614
2025-03-30 16:04:35,802 - 2025-03-30T16:04:35.802451, 0.14267514147296367, 0.0, -1.1684035164800983, -177.58181631064025, -48.35903834786491, -34.742700158401625, 0.0016000000400000006, 267.58181631064025
2025-03-30 16:04:35,841 - 2025-03-30T16:04:35.841285, 0.14258639990841004, 0.0, -1.16146866789237, -177.52491631062003, -48.36866034073687, -34.969834577753716, 0.0016000000400000006, 267.52491631062003
2025-03-30 16:04:35,882 - 2025-03-30T16:04:35.882498, 0.14243083670896395, 0.0, -1.1546082160055788, -177.42041631058288, -48.3803997132498, -35.1944666916896, 0.0016000000400000006, 267.4204163105829
2025-03-30 16:04:35,921 - 2025-03-30T16:04:35.921542, 0.14150993526152433, 0.0, -1.1480012544857798, -177.36971631056483, -48.41696996491435, -35.41005218627596, 0.0016000000400000006, 267.36971631056485
2025-03-30 16:04:35,960 - 2025-03-30T16:04:35.960765, 0.14104298908575297, 0.0, -1.1419364411111625, -177.3378163105535, -48.43814145830647, -35.60831371795931, 0.0016000000400000006, 267.33781631055354
2025-03-30 16:04:36,001 - 2025-03-30T16:04:36.001133, 0.1404348245741529, 0.0, -1.1358792028025912, -177.35831631056084, -48.463932636755736, -35.80619032386741, 0.0016000000400000006, 267.35831631056084
2025-03-30 16:04:36,041 - 2025-03-30T16:04:36.041465, 0.14076351691055589, 0.0, -1.1301257724042992, -177.37441631056652, -48.4587335478953, -35.995019734671594, 0.0016000000400000006, 267.3744163105665
2025-03-30 16:04:36,081 - 2025-03-30T16:04:36.081940, 0.14019322772918175, 0.0, -1.1247746257748745, -177.28161631053354, -48.48260009746841, -36.16979791529381, 0.0016000000400000006, 267.28161631053354
2025-03-30 16:04:36,141 - 2025-03-30T16:04:36.141609, 0.139955692762753, 0.0, -1.1177061339173613, -177.29111631053692, -48.49722670117279, -36.40116709392787, 0.0016000000400000006, 267.29111631053695
2025-03-30 16:04:36,183 - 2025-03-30T16:04:36.182939, 0.13968299038512733, 0.0, -1.1126222738275042, -177.2429163105198, -48.511084029081104, -36.56747575598622, 0.0016000000400000006, 267.24291631051983
2025-03-30 16:04:36,240 - 2025-03-30T16:04:36.240861, 0.13951227705359104, 0.0, -1.1054793852690543, -177.260416310526, -48.5235932531445, -36.80134724003647, 0.0016000000400000006, 267.260416310526
2025-03-30 16:04:36,281 - 2025-03-30T16:04:36.281644, 0.1391727530410729, 0.0, -1.1004699218801353, -177.32701631054968, -48.5395679606938, -36.9651535966786, 0.0016000000400000006, 267.32701631054965
2025-03-30 16:04:36,321 - 2025-03-30T16:04:36.321239, 0.1388924755974026, 0.0, -1.0952448434544495, -177.1916163105016, -48.55381021437733, -37.1360819437941, 0.0016000000400000006, 267.19161631050156
2025-03-30 16:04:36,361 - 2025-03-30T16:04:36.361898, 0.13896145646028257, 0.0, -1.0899302181957355, -177.30671631054247, -48.55669571830554, -37.3102824478763, 0.0016000000400000006, 267.30671631054247
2025-03-30 16:04:36,402 - 2025-03-30T16:04:36.402347, 0.13858405711753852, 0.0, -1.0842146631276695, -177.31651631054595, -48.574595054731006, -37.49718722980431, 0.0016000000400000006, 267.3165163105459
2025-03-30 16:04:36,442 - 2025-03-30T16:04:36.442517, 0.13835545117667003, 0.0, -1.0786327513293874, -177.3389163105539, -48.58748978032402, -37.6798572524504, 0.0016000000400000006, 267.33891631055394
2025-03-30 16:04:36,480 - 2025-03-30T16:04:36.480801, 0.13805244853486442, 0.0, -1.0729840178962138, -177.35471631055952, -48.602886811333235, -37.86464465473743, 0.0016000000400000006, 267.3547163105595
2025-03-30 16:04:36,521 - 2025-03-30T16:04:36.521174, 0.13801673243262602, 0.0, -1.0670376976592904, -177.33021631055084, -48.6098143237786, -38.059441278689306, 0.0016000000400000006, 267.33021631055084
2025-03-30 16:04:36,561 - 2025-03-30T16:04:36.561320, 0.13791419469549648, 0.0, -1.061165774123305, -177.34011631055435, -48.6188592158649, -38.25173559722495, 0.0016000000400000006, 267.3401163105543
2025-03-30 16:04:36,601 - 2025-03-30T16:04:36.601307, 0.13783438215650134, 0.0, -1.055717505594807, -177.39701631057457, -48.62674933062555, -38.43017086058908, 0.0016000000400000006, 267.3970163105746
2025-03-30 16:04:36,642 - 2025-03-30T16:04:36.642407, 0.13760577621563286, 0.0, -1.0501355937965253, -177.53091631062216, -48.639644056218565, -38.61284088323515, 0.0016000000400000006, 267.5309163106222
2025-03-30 16:04:36,681 - 2025-03-30T16:04:36.681186, 0.13724352700497944, 0.0, -1.044702475400117, -177.45121631059382, -48.65677354109356, -38.79050629504884, 0.0016000000400000006, 267.45121631059385
2025-03-30 16:04:36,722 - 2025-03-30T16:04:36.722459, 0.13674763452454197, 0.0, -1.0394181504055844, -177.36911631056464, -48.67813778525048, -38.96316709603009, 0.0016000000400000006, 267.36911631056466
2025-03-30 16:04:36,760 - 2025-03-30T16:04:36.760774, 0.1366085754167008, 0.0, -1.0341854969138535, -177.5575163106316, -48.68776035387684, -39.13448036892083, 0.0016000000400000006, 267.5575163106316
2025-03-30 16:04:36,803 - 2025-03-30T16:04:36.803344, 0.13624632620604826, 0.0, -1.0287523785174462, -177.50771631061392, -48.7048898387518, -39.3121457807345, 0.0016000000400000006, 267.5077163106139
2025-03-30 16:04:36,841 - 2025-03-30T16:04:36.840995, 0.1361148421642513, 0.0, -1.023660943361544, -177.54801631062824, -48.71412748160295, -39.478839368568075, 0.0016000000400000006, 267.5480163106282
2025-03-30 16:04:36,881 - 2025-03-30T16:04:36.881481, 0.13646625969879045, 0.0, -1.0183311679707403, -177.5122163106155, -48.707773615416805, -39.65380972420072, 0.0016000000400000006, 267.5122163106155
2025-03-30 16:04:36,920 - 2025-03-30T16:04:36.920801, 0.13631205045885864, 0.0, -1.0128160778073503, -177.4697163106004, -48.71816603559363, -39.83436236720583, 0.0016000000400000006, 267.4697163106004
2025-03-30 16:04:36,961 - 2025-03-30T16:04:36.961796, 0.13560054294165447, 0.0, -1.0074725062439702, -177.6537163106658, -48.74665227022395, -40.00875562205283, 0.0016000000400000006, 267.6537163106658
2025-03-30 16:04:37,003 - 2025-03-30T16:04:37.003821, 0.13552830546870576, 0.0, -1.0021654560513023, -177.57401631063746, -48.75415745920931, -40.182571200359774, 0.0016000000400000006, 267.5740163106375
2025-03-30 16:04:37,042 - 2025-03-30T16:04:37.041992, 0.13544091786366597, 0.0, -0.9965759691869751, -177.56911631063574, -48.762432499745174, -40.36562614878108, 0.0016000000400000006, 267.56911631063576
2025-03-30 16:04:37,084 - 2025-03-30T16:04:37.084591, 0.13514549028790412, 0.0, -0.9910684540896297, -177.5786163106391, -48.77744460497921, -40.545793866010975, 0.0016000000400000006, 267.57861631063906
2025-03-30 16:04:37,121 - 2025-03-30T16:04:37.121805, 0.1350064311800634, 0.0, -0.9858358005978989, -177.44541631059178, -48.78706717360555, -40.71710713890171, 0.0016000000400000006, 267.4454163105918
2025-03-30 16:04:37,162 - 2025-03-30T16:04:37.162535, 0.13483707180804094, 0.0, -0.9800382737628501, -177.50561631061316, -48.79822944533286, -40.906899152021175, 0.0016000000400000006, 267.5056163106132
2025-03-30 16:04:37,201 - 2025-03-30T16:04:37.201032, 0.13455679436437062, 0.0, -0.9748131953371644, -177.4978163106104, -48.812471699016385, -41.07782749913668, 0.0016000000400000006, 267.4978163106104
2025-03-30 16:04:37,241 - 2025-03-30T16:04:37.241357, 0.134417735256529, 0.0, -0.9695805418454331, -177.479916310604, -48.82209426764276, -41.24914077202744, 0.0016000000400000006, 267.47991631060404
2025-03-30 16:04:37,281 - 2025-03-30T16:04:37.281202, 0.13418155424961498, 0.0, -0.9638574117113219, -177.47691631060297, -48.83537391901101, -41.43643047973069, 0.0016000000400000006, 267.476916310603
2025-03-30 16:04:37,321 - 2025-03-30T16:04:37.321509, 0.13410174171062028, 0.0, -0.9584091431828239, -177.52251631061915, -48.843264033771646, -41.614865743094825, 0.0016000000400000006, 267.52251631061915
2025-03-30 16:04:37,361 - 2025-03-30T16:04:37.361326, 0.1339626826027791, 0.0, -0.9531764896910935, -177.5236163106196, -48.85288660239801, -41.786179015985546, 0.0016000000400000006, 267.52361631061956
2025-03-30 16:04:37,400 - 2025-03-30T16:04:37.400964, 0.13382362349493748, 0.0, -0.9479438361993617, -177.50831631061413, -48.86250917102438, -41.95749228887631, 0.0016000000400000006, 267.50831631061413
2025-03-30 16:04:37,442 - 2025-03-30T16:04:37.442528, 0.13339455264939248, 0.0, -0.9425851145038919, -177.46651631059925, -48.88175603554032, -42.13265539527376, 0.0016000000400000006, 267.4665163105992
2025-03-30 16:04:37,480 - 2025-03-30T16:04:37.480837, 0.1331810968406133, 0.0, -0.9372856393772682, -177.53771631062457, -48.89388090958291, -42.3060860478055, 0.0016000000400000006, 267.53771631062455
2025-03-30 16:04:37,521 - 2025-03-30T16:04:37.521333, 0.13282642269600542, 0.0, -0.9319937393166899, -177.51601631061686, -48.91062546868265, -42.479131774562, 0.0016000000400000006, 267.51601631061686
2025-03-30 16:04:37,561 - 2025-03-30T16:04:37.561043, 0.13247174855139754, 0.0, -0.9267018392561122, -177.5319163106225, -48.92737002778239, -42.65217750131848, 0.0016000000400000006, 267.5319163106225
2025-03-30 16:04:37,600 - 2025-03-30T16:04:37.600798, 0.13233268944355636, 0.0, -0.9214691857643809, -177.66171631066862, -48.93699259640875, -42.82349077420923, 0.0016000000400000006, 267.6617163106686
2025-03-30 16:04:37,641 - 2025-03-30T16:04:37.641727, 0.13225287690456167, 0.0, -0.9160209172358833, -177.6444163106625, -48.944882711169384, -43.001926037573355, 0.0016000000400000006, 267.6444163106625
2025-03-30 16:04:37,681 - 2025-03-30T16:04:37.681157, 0.13204699616182847, 0.0, -0.9108626604450896, -177.58331631064075, -48.95662265943671, -43.17073700504789, 0.0016000000400000006, 267.5833163106407
2025-03-30 16:04:37,721 - 2025-03-30T16:04:37.721844, 0.1318183902209591, 0.0, -0.9052807486468071, -177.65251631066536, -48.96951738502976, -43.35340702769398, 0.0016000000400000006, 267.65251631066536
2025-03-30 16:04:37,761 - 2025-03-30T16:04:37.761179, 0.13132249774052163, 0.0, -0.899996423652274, -177.58291631064063, -48.99088162918668, -43.52606782867525, 0.0016000000400000006, 267.58291631064066
2025-03-30 16:04:37,801 - 2025-03-30T16:04:37.801622, 0.1314431501062039, 0.0, -0.8943249650209646, -177.69351631067994, -48.99241960502438, -43.71201000828799, 0.0016000000400000006, 267.69351631067997
2025-03-30 16:04:37,842 - 2025-03-30T16:04:37.842157, 0.13108090089555047, 0.0, -0.8888918466245572, -177.58461631064122, -49.00954908989936, -43.88967542010165, 0.0016000000400000006, 267.5846163106412
2025-03-30 16:04:37,883 - 2025-03-30T16:04:37.883936, 0.13100866342260176, 0.0, -0.8835847964318893, -177.56021631063257, -49.017054278884736, -44.06349099840859, 0.0016000000400000006, 267.56021631063254
2025-03-30 16:04:37,920 - 2025-03-30T16:04:37.920931, 0.13071323584684036, 0.0, -0.8780772813345443, -177.65441631066605, -49.03206638411875, -44.24365871563847, 0.0016000000400000006, 267.6544163106661
2025-03-30 16:04:37,961 - 2025-03-30T16:04:37.961103, 0.13041780827107896, 0.0, -0.8725697662371994, -177.63621631065956, -49.047078489352764, -44.423826432868346, 0.0016000000400000006, 267.63621631065956
2025-03-30 16:04:38,000 - 2025-03-30T16:04:38.000820, 0.1300479839943809, 0.0, -0.8669954295049629, -177.66031631066812, -49.064592900002964, -44.60611152973918, 0.0016000000400000006, 267.6603163106681
2025-03-30 16:04:38,041 - 2025-03-30T16:04:38.041908, 0.12995302132329645, 0.0, -0.8612647243048066, -177.63771631066012, -49.073252866314036, -44.79378616321765, 0.0016000000400000006, 267.63771631066015
2025-03-30 16:04:38,081 - 2025-03-30T16:04:38.080978, 0.12979881208336463, 0.0, -0.8557496341414166, -177.62311631065495, -49.08364528649087, -44.97433880622276, 0.0016000000400000006, 267.62311631065495
2025-03-30 16:04:38,120 - 2025-03-30T16:04:38.120787, 0.12964460284343282, 0.0, -0.8502345439780266, -177.70091631068257, -49.094037706667706, -45.154891449227875, 0.0016000000400000006, 267.7009163106826
2025-03-30 16:04:38,161 - 2025-03-30T16:04:38.161491, 0.12928992869882494, 0.0, -0.8449426439174488, -177.69671631068107, -49.11078226576745, -45.32793717598435, 0.0016000000400000006, 267.69671631068104
2025-03-30 16:04:38,201 - 2025-03-30T16:04:38.200988, 0.12915086959098332, 0.0, -0.839709990425717, -177.74281631069744, -49.12040483439382, -45.499250448875124, 0.0016000000400000006, 267.74281631069744
2025-03-30 16:04:38,242 - 2025-03-30T16:04:38.241964, 0.1291454537529262, 0.0, -0.8343285435321115, -177.69121631067915, -49.12579264373824, -45.675568332598274, 0.0016000000400000006, 267.6912163106791
2025-03-30 16:04:38,281 - 2025-03-30T16:04:38.281520, 0.1287907796083183, 0.0, -0.8290366434715337, -177.72681631069176, -49.14253720283798, -45.84861405935476, 0.0016000000400000006, 267.7268163106918
2025-03-30 16:04:38,321 - 2025-03-30T16:04:38.321348, 0.12857732379953957, 0.0, -0.82373716834491, -177.8129163107224, -49.154662076880555, -46.022044711886494, 0.0016000000400000006, 267.81291631072236
2025-03-30 16:04:38,361 - 2025-03-30T16:04:38.361104, 0.12849751126054443, 0.0, -0.8182888998164124, -177.85081631073587, -49.162552191641204, -46.20047997525061, 0.0016000000400000006, 267.85081631073587
2025-03-30 16:04:38,403 - 2025-03-30T16:04:38.403608, 0.12869256032716425, 0.0, -0.8126842628199951, -177.7829163107117, -49.161587862062675, -46.384304775222375, 0.0016000000400000006, 267.7829163107117
2025-03-30 16:04:38,441 - 2025-03-30T16:04:38.440972, 0.1286278979202602, 0.0, -0.8075184309631558, -177.81131631072182, -49.168708125272836, -46.55350066847216, 0.0016000000400000006, 267.81131631072185
2025-03-30 16:04:38,482 - 2025-03-30T16:04:38.481993, 0.12783441863607337, 0.0, -0.8019668194290546, -177.86741631074173, -49.20008159109459, -46.7346309880173, 0.0016000000400000006, 267.86741631074176
2025-03-30 16:04:38,521 - 2025-03-30T16:04:38.521540, 0.1276953595282322, 0.0, -0.7967341659373233, -177.8661163107413, -49.20970415972094, -46.90594426090806, 0.0016000000400000006, 267.8661163107413
2025-03-30 16:04:38,562 - 2025-03-30T16:04:38.562721, 0.12732553525153412, 0.0, -0.7911598292050868, -177.82041631072502, -49.22721857037115, -47.08822935777889, 0.0016000000400000006, 267.820416310725
2025-03-30 16:04:38,601 - 2025-03-30T16:04:38.601816, 0.12723814764649433, 0.0, -0.7855703423407601, -177.88291631074725, -49.235493610907014, -47.27128430620019, 0.0016000000400000006, 267.88291631074725
2025-03-30 16:04:38,641 - 2025-03-30T16:04:38.641006, 0.12722515674239165, 0.0, -0.7800476771113245, -177.9207163107607, -49.24126634602667, -47.45222187498054, 0.0016000000400000006, 267.92071631076067
2025-03-30 16:04:38,683 - 2025-03-30T16:04:38.683430, 0.12685533246569358, 0.0, -0.7744733403790875, -177.9252163107623, -49.25878075667687, -47.63450697185138, 0.0016000000400000006, 267.92521631076227
2025-03-30 16:04:38,721 - 2025-03-30T16:04:38.721698, 0.1270655316644027, 0.0, -0.7691511400543289, -177.98051631078192, -49.25704657554792, -47.8090924017088, 0.0016000000400000006, 267.9805163107819
2025-03-30 16:04:38,762 - 2025-03-30T16:04:38.762426, 0.12684450078957887, 0.0, -0.763710446591876, -177.98171631078236, -49.269556375365724, -47.98714273929771, 0.0016000000400000006, 267.98171631078236
2025-03-30 16:04:38,801 - 2025-03-30T16:04:38.801708, 0.12691348165245886, 0.0, -0.758395821333163, -178.1009163108247, -49.27244187929394, -48.16134324337987, 0.0016000000400000006, 268.1009163108247
2025-03-30 16:04:38,841 - 2025-03-30T16:04:38.841187, 0.12677442254461813, 0.0, -0.7531631678414317, -178.12821631083443, -49.28206444792029, -48.332656516270625, 0.0016000000400000006, 268.12821631083443
2025-03-30 16:04:38,881 - 2025-03-30T16:04:38.881572, 0.1264197484000098, 0.0, -0.7478712677808539, -178.25081631087798, -49.29880900702004, -48.5057022430271, 0.0016000000400000006, 268.250816310878
2025-03-30 16:04:38,921 - 2025-03-30T16:04:38.921068, 0.12663752266476447, 0.0, -0.742690285791924, -178.30831631089842, -49.29668990011585, -48.67566798782737, 0.0016000000400000006, 268.3083163108984
2025-03-30 16:04:38,963 - 2025-03-30T16:04:38.963470, 0.12634967015504817, 0.0, -0.7373239890304086, -178.33831631090908, -49.311317079574636, -48.85121602000006, 0.0016000000400000006, 268.3383163109091
2025-03-30 16:04:39,001 - 2025-03-30T16:04:39.001278, 0.1260618176453323, 0.0, -0.7319576922688928, -178.504216310968, -49.325944259033406, -49.026764052172766, 0.0016000000400000006, 268.504216310968
2025-03-30 16:04:39,042 - 2025-03-30T16:04:39.042169, 0.1259820051063385, 0.0, -0.7265094237403957, -178.5538163109856, -49.333834373794005, -49.20519931553687, 0.0016000000400000006, 268.5538163109856
2025-03-30 16:04:39,081 - 2025-03-30T16:04:39.081653, 0.12583537093245134, 0.0, -0.7211355519128348, -178.60671631100445, -49.343841868195625, -49.38113227348481, 0.0016000000400000006, 268.60671631100445
2025-03-30 16:04:39,121 - 2025-03-30T16:04:39.121847, 0.1260455701311609, 0.0, -0.7158133515880767, -178.7837163110673, -49.34210768706666, -49.55571770334221, 0.0016000000400000006, 268.7837163110674
2025-03-30 16:04:39,165 - 2025-03-30T16:04:39.165173, 0.12615107236475254, 0.0, -0.7098594562851082, -178.85461631109249, -49.34441551445482, -49.75089925306931, 0.0016000000400000006, 268.8546163110925
2025-03-30 16:04:39,221 - 2025-03-30T16:04:39.221500, 0.12638128884256883, 0.0, -0.7022701875210351, -179.0984163111791, -49.34422046067238, -49.999784569616764, 0.0016000000400000006, 269.0984163111791
2025-03-30 16:04:39,260 - 2025-03-30T16:04:39.260939, 0.1262863261714844, 0.0, -0.6965394823208784, -179.2129163112198, -49.35288042698346, -50.18745920309525, 0.0016000000400000006, 269.21291631121983
2025-03-30 16:04:39,302 - 2025-03-30T16:04:39.302053, 0.12613969199759767, 0.0, -0.6911656104933179, -179.3942163112842, -49.36288792138506, -50.36339216104317, 0.0016000000400000006, 269.3942163112842
2025-03-30 16:04:39,341 - 2025-03-30T16:04:39.341193, 0.1261191260274499, 0.0, -0.6855017269280532, -179.4941163113197, -49.36904558227995, -50.548949414880695, 0.0016000000400000006, 269.49411631131966
2025-03-30 16:04:39,383 - 2025-03-30T16:04:39.383256, 0.1264037219270966, 0.0, -0.6802463482381866, -179.66251631137953, -49.36480909573479, -50.72141746509713, 0.0016000000400000006, 269.66251631137953
2025-03-30 16:04:39,421 - 2025-03-30T16:04:39.421081, 0.12625708775321032, 0.0, -0.6748724764106266, -179.731416311404, -49.374816590136376, -50.89735042304504, 0.0016000000400000006, 269.731416311404
2025-03-30 16:04:39,460 - 2025-03-30T16:04:39.460958, 0.12645971188587435, 0.0, -0.669409057750038, -179.85041631144625, -49.37346733478266, -51.076555537959656, 0.0016000000400000006, 269.8504163114462
2025-03-30 16:04:39,501 - 2025-03-30T16:04:39.501627, 0.1265059675506186, 0.0, -0.6636707774838362, 179.93588368847787, -49.37750761603658, -51.264615097213365, 0.0016000000400000006, -89.93588368847787
2025-03-30 16:04:39,541 - 2025-03-30T16:04:39.540969, 0.1267754133181751, 0.0, -0.6581329621223113, 179.69688368839294, -49.37404098104187, -51.446322517544154, 0.0016000000400000006, -89.69688368839294
2025-03-30 16:04:39,581 - 2025-03-30T16:04:39.581348, 0.12704485908573115, 0.0, -0.652595146760786, 179.58518368835323, -49.37057434604718, -51.62802993787494, 0.0016000000400000006, -89.58518368835323
2025-03-30 16:04:39,623 - 2025-03-30T16:04:39.623349, 0.12752991989005436, 0.0, -0.6471165779681072, 179.3037836882533, -49.3599857205791, -51.80800490434002, 0.0016000000400000006, -89.3037836882533
2025-03-30 16:04:39,661 - 2025-03-30T16:04:39.661741, 0.12794815905948553, 0.0, -0.6417124058763664, 179.04708368816208, -49.35151447475198, -51.98547756538885, 0.0016000000400000006, -89.04708368816208
2025-03-30 16:04:39,706 - 2025-03-30T16:04:39.706556, 0.12835882316287117, 0.0, -0.636167015448796, 178.6822836880325, -49.3434281547001, -52.16756991149487, 0.0016000000400000006, -88.6822836880325
2025-03-30 16:04:39,747 - 2025-03-30T16:04:39.747600, 0.1287694872662568, 0.0, -0.6306216250212251, 178.41848368793876, -49.335341834648226, -52.34966225760091, 0.0016000000400000006, -88.41848368793876
2025-03-30 16:04:39,803 - 2025-03-30T16:04:39.803930, 0.12933381191853366, 0.0, -0.6226603727524656, 177.96568368777787, -49.32455988266092, -52.61105910122939, 0.0016000000400000006, -87.96568368777787
2025-03-30 16:04:39,841 - 2025-03-30T16:04:39.841655, 0.12997524119077575, 0.0, -0.6174566655654004, 177.74728368770027, -49.30858172058522, -52.782179623355326, 0.0016000000400000006, -87.74728368770027
2025-03-30 16:04:39,881 - 2025-03-30T16:04:39.881910, 0.13074273866675767, 0.0, -0.6119629466406318, 177.3114836875454, -49.28875372500278, -52.96292444137084, 0.0016000000400000006, -87.3114836875454
2025-03-30 16:04:39,921 - 2025-03-30T16:04:39.920998, 0.13122779947108087, 0.0, -0.6064843778479534, 177.012183687439, -49.27816509953469, -53.14289940783589, 0.0016000000400000006, -87.012183687439
2025-03-30 16:04:39,963 - 2025-03-30T16:04:39.963329, 0.13227015855267554, 0.0, -0.600834290455265, 176.59408368729035, -49.24948265961315, -53.32903376245904, 0.0016000000400000006, -86.59408368729035
2025-03-30 16:04:40,001 - 2025-03-30T16:04:40.001174, 0.13317887436448705, 0.0, -0.5953329964644514, 176.25408368716947, -49.225034978973525, -53.51016350624978, 0.0016000000400000006, -86.25408368716947
2025-03-30 16:04:40,041 - 2025-03-30T16:04:40.041859, 0.13422123344608217, 0.0, -0.5896829090717635, 175.77528368699916, -49.19635253905197, -53.696297860872924, 0.0016000000400000006, -85.77528368699916
2025-03-30 16:04:40,080 - 2025-03-30T16:04:40.080937, 0.13541238592955196, 0.0, -0.5841664649488587, 175.36128368685186, -49.16266548829801, -53.878197456214146, 0.0016000000400000006, -85.36128368685186
2025-03-30 16:04:40,121 - 2025-03-30T16:04:40.121433, 0.13617230833948835, 0.0, -0.5785315276882605, 174.90578368668974, -49.14322241849081, -54.063561959286844, 0.0016000000400000006, -84.90578368668974
2025-03-30 16:04:40,161 - 2025-03-30T16:04:40.161826, 0.13723739261921875, 0.0, -0.5733050953030605, 174.31468368647933, -49.113385201243574, -54.23583725873845, 0.0016000000400000006, -84.31468368647933
2025-03-30 16:04:40,201 - 2025-03-30T16:04:40.201005, 0.13836172346779696, 0.0, -0.5678630478810938, 173.6150836862301, -49.08181553013056, -54.41523454866345, 0.0016000000400000006, -83.6150836862301
2025-03-30 16:04:40,241 - 2025-03-30T16:04:40.241179, 0.139701669353141, 0.0, -0.562480247027974, 173.0914836860435, -49.0431238685442, -54.59289938472271, 0.0016000000400000006, -83.09148368604349
2025-03-30 16:04:40,281 - 2025-03-30T16:04:40.281864, 0.14112358700546723, 0.0, -0.5573054861455748, 172.42888368580716, -49.00154497576641, -54.76382715608384, 0.0016000000400000006, -82.42888368580716
2025-03-30 16:04:40,321 - 2025-03-30T16:04:40.321329, 0.14302840623412916, 0.0, -0.5518923850282746, 171.68108368554024, -48.94437457395133, -54.94303169524402, 0.0016000000400000006, -81.68108368554024
2025-03-30 16:04:40,362 - 2025-03-30T16:04:40.362113, 0.14473276055811457, 0.0, -0.5467024740137858, 171.0032836852981, -48.89355631105917, -55.11472931815559, 0.0016000000400000006, -81.0032836852981
2025-03-30 16:04:40,401 - 2025-03-30T16:04:40.401718, 0.14642953981605444, 0.0, -0.5413713446634674, 170.2083836850138, -48.84312297394226, -55.29104662612435, 0.0016000000400000006, -80.20838368501381
2025-03-30 16:04:40,442 - 2025-03-30T16:04:40.442803, 0.14833435904471592, 0.0, -0.5359582435461667, 169.42258368473244, -48.785952572127194, -55.47025116528454, 0.0016000000400000006, -79.42258368473244
2025-03-30 16:04:40,482 - 2025-03-30T16:04:40.482037, 0.15033630017245025, 0.0, -0.5310356190712464, 168.6830836844673, -48.72512508757022, -55.63347926963221, 0.0016000000400000006, -78.6830836844673
2025-03-30 16:04:40,522 - 2025-03-30T16:04:40.522083, 0.1525235560727709, 0.0, -0.5256073678218556, 167.8706836841757, -48.658715315640784, -55.81345366034286, 0.0016000000400000006, -77.8706836841757
2025-03-30 16:04:40,561 - 2025-03-30T16:04:40.561706, 0.1543691287325859, 0.0, -0.5204098817413221, 167.1045836839003, -48.60327736769145, -55.98553620902965, 0.0016000000400000006, -77.1045836839003
2025-03-30 16:04:40,601 - 2025-03-30T16:04:40.601060, 0.15642274136312162, 0.0, -0.5151304238938046, 166.39918368364633, -48.541102355043975, -56.16050598890793, 0.0016000000400000006, -76.39918368364633
2025-03-30 16:04:40,642 - 2025-03-30T16:04:40.642485, 0.15869196903042448, 0.0, -0.5099102126151358, 165.64718368337518, -48.47180535192311, -56.3337433149204, 0.0016000000400000006, -75.64718368337519
2025-03-30 16:04:40,663 - 2025-03-30T16:04:40.663902, 0.15982658286407592, 0.0, -0.507300106975801, 165.13338368318966, -48.437156850362676, -56.42036197792665, 0.0016000000400000006, -75.13338368318966
2025-03-30 16:04:40,701 - 2025-03-30T16:04:40.701294, 0.16189534562670227, 0.0, -0.5023030857999435, 164.35158368290692, -48.37421198616474, -56.586092387690535, 0.0016000000400000006, -74.35158368290692
2025-03-30 16:04:40,745 - 2025-03-30T16:04:40.745817, 0.1644545850317094, 0.0, -0.4972089427250128, 163.52968368260917, -48.29529068715428, -56.75547988019633, 0.0016000000400000006, -73.52968368260919
2025-03-30 16:04:40,781 - 2025-03-30T16:04:40.781355, 0.1667541129631922, 0.0, -0.4925536047896606, 162.71788368231444, -48.224453980932516, -56.91023846598012, 0.0016000000400000006, -72.71788368231444
2025-03-30 16:04:40,822 - 2025-03-30T16:04:40.822191, 0.1696033641059027, 0.0, -0.48758552991846926, 161.859183682002, -48.13590838603248, -57.07577612497919, 0.0016000000400000006, -71.859183682002
2025-03-30 16:04:40,861 - 2025-03-30T16:04:40.861717, 0.1721701785769545, 0.0, -0.48263260517936857, 161.0625836817115, -48.056602161246815, -57.24054393242779, 0.0016000000400000006, -71.0625836817115
2025-03-30 16:04:40,882 - 2025-03-30T16:04:40.881967, 0.17352798251341772, 0.0, -0.48022296444471024, 160.44408368148544, -48.014446743437766, -57.32081045651112, 0.0016000000400000006, -70.44408368148544
2025-03-30 16:04:40,922 - 2025-03-30T16:04:40.921978, 0.17645920542311044, 0.0, -0.4754629295442401, 159.59658368117505, -47.92301391734632, -57.479611050812046, 0.0016000000400000006, -69.59658368117505
2025-03-30 16:04:40,961 - 2025-03-30T16:04:40.961307, 0.17903359496020776, 0.0, -0.47065122314096897, 158.7411836808609, -47.84332276678539, -57.63975917320346, 0.0016000000400000006, -68.7411836808609
2025-03-30 16:04:41,000 - 2025-03-30T16:04:41.000909, 0.18181602446802536, 0.0, -0.46575754497071387, 157.91738368055752, -47.756894551526365, -57.80279452678635, 0.0016000000400000006, -67.91738368055752
2025-03-30 16:04:41,041 - 2025-03-30T16:04:41.041937, 0.18489604077959276, 0.0, -0.4611311533400282, 157.18278368028626, -47.660457114602494, -57.95736036180533, 0.0016000000400000006, -67.18278368028626
2025-03-30 16:04:41,062 - 2025-03-30T16:04:41.062937, 0.18631309128490292, 0.0, -0.45850589756860316, 156.60508368007248, -47.61656924292771, -58.04474887636204, 0.0016000000400000006, -66.60508368007248
2025-03-30 16:04:41,100 - 2025-03-30T16:04:41.100864, 0.18948265442949808, 0.0, -0.45422876424446823, 155.84998367979242, -47.51685964903717, -58.18795796162569, 0.0016000000400000006, -65.84998367979242
2025-03-30 16:04:41,141 - 2025-03-30T16:04:41.141275, 0.19242145240523634, 0.0, -0.4496099476798281, 154.92058367944654, -47.42504189717047, -58.34213887086943, 0.0016000000400000006, -64.92058367944654
2025-03-30 16:04:41,183 - 2025-03-30T16:04:41.182984, 0.19561996185449715, 0.0, -0.444552325975609, 154.10308367914126, -47.32513955251513, -58.51094868683516, 0.0016000000400000006, -64.10308367914126
2025-03-30 16:04:41,224 - 2025-03-30T16:04:41.224188, 0.1998372999187441, 0.0, -0.44000655215239126, 153.18308367879652, -47.191359709358636, -58.66397424299881, 0.0016000000400000006, -63.18308367879653
2025-03-30 16:04:41,262 - 2025-03-30T16:04:41.262062, 0.20300686306333926, 0.0, -0.43572941882825633, 152.36948367849055, -47.0916501154681, -58.80718332826246, 0.0016000000400000006, -62.36948367849056
2025-03-30 16:04:41,281 - 2025-03-30T16:04:41.281674, 0.2047958970733359, 0.0, -0.4334382712312923, 151.84638367829328, -47.035250716712284, -58.88398494461429, 0.0016000000400000006, -61.84638367829328
2025-03-30 16:04:41,321 - 2025-03-30T16:04:41.321102, 0.20844836179426585, 0.0, -0.42892279767225494, 150.92408367794434, -46.91994961378449, -59.03547079767703, 0.0016000000400000006, -60.92408367794434
2025-03-30 16:04:41,361 - 2025-03-30T16:04:41.361088, 0.21202642981425868, 0.0, -0.424340502478326, 150.02498367760276, -46.80715081627288, -59.189074030380716, 0.0016000000400000006, -60.02498367760276
2025-03-30 16:04:41,401 - 2025-03-30T16:04:41.401410, 0.2158352630031084, 0.0, -0.42009989052490226, 149.19288367728535, -46.686460176737434, -59.33170543910433, 0.0016000000400000006, -59.19288367728535
2025-03-30 16:04:41,421 - 2025-03-30T16:04:41.420997, 0.21797355531965534, 0.0, -0.41771919609491004, 148.69138367709343, -46.61870402822632, -59.41177921242284, 0.0016000000400000006, -58.69138367709343
2025-03-30 16:04:41,461 - 2025-03-30T16:04:41.461838, 0.22177481344245908, 0.0, -0.41333736580565716, 147.89768367678877, -46.49839831446612, -59.559030306203624, 0.0016000000400000006, -57.89768367678878
2025-03-30 16:04:41,500 - 2025-03-30T16:04:41.500815, 0.22573244003318393, 0.0, -0.4092303971220179, 146.85998367638854, -46.37270306409825, -59.697426955645284, 0.0016000000400000006, -56.85998367638854
2025-03-30 16:04:41,542 - 2025-03-30T16:04:41.542042, 0.22960809485692568, 0.0, -0.4049153884676575, 145.9085836760198, -46.24989504492184, -59.84256066978507, 0.0016000000400000006, -55.90858367601979
2025-03-30 16:04:41,584 - 2025-03-30T16:04:41.584551, 0.23406377315607507, 0.0, -0.400852516220775, 145.14328367572173, -46.10783843396626, -59.97999471691145, 0.0016000000400000006, -55.14328367572173
2025-03-30 16:04:41,621 - 2025-03-30T16:04:41.621233, 0.23830383641845776, 0.0, -0.3967303974050451, 144.15848367533636, -45.97290381348406, -60.119161217903574, 0.0016000000400000006, -54.158483675336356
2025-03-30 16:04:41,662 - 2025-03-30T16:04:41.662365, 0.2426623928185343, 0.0, -0.3921770485157823, 143.1742836749491, -45.834504285270384, -60.27257169984245, 0.0016000000400000006, -53.1742836749491
2025-03-30 16:04:41,701 - 2025-03-30T16:04:41.701161, 0.24661244434321272, 0.0, -0.3879288614963139, 142.25418367458505, -45.70919396067778, -60.41558803434128, 0.0016000000400000006, -52.25418367458505
2025-03-30 16:04:41,741 - 2025-03-30T16:04:41.741760, 0.25079326103674937, 0.0, -0.38402235771735116, 141.34428367422308, -45.575991794061295, -60.54763254486001, 0.0016000000400000006, -51.34428367422308
2025-03-30 16:04:41,781 - 2025-03-30T16:04:41.781487, 0.2554721294387101, 0.0, -0.3801599503751447, 140.42918367385695, -45.42642826685712, -60.67871445306347, 0.0016000000400000006, -50.42918367385696
2025-03-30 16:04:41,821 - 2025-03-30T16:04:41.820988, 0.25980173953412056, 0.0, -0.37638708986596603, 139.4901836734791, -45.28822148940826, -60.80652420430026, 0.0016000000400000006, -49.490183673479095
2025-03-30 16:04:41,863 - 2025-03-30T16:04:41.863668, 0.2646886479068038, 0.0, -0.3724427107567774, 138.56768367310568, -45.13192089750589, -60.940493343695145, 0.0016000000400000006, -48.56768367310568
2025-03-30 16:04:41,900 - 2025-03-30T16:04:41.900963, 0.26918977660222376, 0.0, -0.3692271485248706, 137.71168367275712, -44.98755473189894, -61.05020928047848, 0.0016000000400000006, -47.71168367275712
2025-03-30 16:04:41,920 - 2025-03-30T16:04:41.920959, 0.2715739842197178, 0.0, -0.36747057400704275, 137.22358367255742, -44.91113688981352, -61.11007185970254, 0.0016000000400000006, -47.223583672557425
2025-03-30 16:04:41,961 - 2025-03-30T16:04:41.961708, 0.27614950961607576, 0.0, -0.36432183341002844, 136.3518836721992, -44.76426841879034, -61.21767041684489, 0.0016000000400000006, -46.3518836721992
2025-03-30 16:04:42,001 - 2025-03-30T16:04:42.001019, 0.28056866654451307, 0.0, -0.36089823120740006, 135.36078367178925, -44.62278948437483, -61.33412341832637, 0.0016000000400000006, -45.36078367178925
2025-03-30 16:04:42,041 - 2025-03-30T16:04:42.041832, 0.28513661687482594, 0.0, -0.3576082722745566, 134.44938367140966, -44.476305939126874, -61.44634166052588, 0.0016000000400000006, -44.44938367140966
2025-03-30 16:04:42,081 - 2025-03-30T16:04:42.081290, 0.2895709239353548, 0.0, -0.3544671067435874, 133.5587836710363, -44.33405715316086, -61.55355529189299, 0.0016000000400000006, -43.55878367103631
2025-03-30 16:04:42,123 - 2025-03-30T16:04:42.123115, 0.29437721450056875, 0.0, -0.35166004938707873, 132.61348367063727, -44.17929684011387, -61.650182025055244, 0.0016000000400000006, -42.613483670637265
2025-03-30 16:04:42,161 - 2025-03-30T16:04:42.161369, 0.29890106839412445, 0.0, -0.34886814216266027, 131.7944836702892, -44.033775897181215, -61.74603890666703, 0.0016000000400000006, -41.794483670289196
2025-03-30 16:04:42,181 - 2025-03-30T16:04:42.181851, 0.3010104144060053, 0.0, -0.3472679361127522, 131.25238367005758, -43.9662124994349, -61.80051194928346, 0.0016000000400000006, -41.25238367005758
2025-03-30 16:04:42,221 - 2025-03-30T16:04:42.221613, 0.30531107819674874, 0.0, -0.3442755639836568, 130.39028366968722, -43.82819847275088, -61.90272096981819, 0.0016000000400000006, -40.39028366968722
2025-03-30 16:04:42,262 - 2025-03-30T16:04:42.262081, 0.30969371375447574, 0.0, -0.34149123182528385, 129.52698366931372, -43.68729721487538, -61.998192925654735, 0.0016000000400000006, -39.52698366931372
2025-03-30 16:04:42,301 - 2025-03-30T16:04:42.301781, 0.31591976274402844, 0.0, -0.33874964214415293, 128.57988366890092, -43.48595512548139, -62.09404923151212, 0.0016000000400000006, -38.57988366890092
2025-03-30 16:04:42,341 - 2025-03-30T16:04:42.341058, 0.3206668067403964, 0.0, -0.336158199824411, 127.7663836685437, -43.33292726630011, -62.18355397420098, 0.0016000000400000006, -37.766383668543696
2025-03-30 16:04:42,362 - 2025-03-30T16:04:42.362470, 0.3232149578918557, 0.0, -0.3348177052480259, 127.27498366832675, -43.25073496183181, -62.229942424028756, 0.0016000000400000006, -37.274983668326755
2025-03-30 16:04:42,401 - 2025-03-30T16:04:42.401292, 0.3284008070278017, 0.0, -0.3324859744018074, 126.32728366790568, -43.08307819592854, -62.31136257392896, 0.0016000000400000006, -36.327283667905675
2025-03-30 16:04:42,441 - 2025-03-30T16:04:42.441407, 0.3333558909948908, 0.0, -0.3298125603150823, 125.46138366751785, -42.92331327204913, -62.403754547809285, 0.0016000000400000006, -35.46138366751785
2025-03-30 16:04:42,481 - 2025-03-30T16:04:42.481558, 0.33845976836385416, 0.0, -0.32727278949814176, 124.56878366711489, -42.758543737337305, -62.491911762407646, 0.0016000000400000006, -34.568783667114886
2025-03-30 16:04:42,520 - 2025-03-30T16:04:42.520918, 0.3435043991639706, 0.0, -0.32494863371796834, 123.61938366668265, -42.59550665649123, -62.57294698653262, 0.0016000000400000006, -33.61938366668265
2025-03-30 16:04:42,561 - 2025-03-30T16:04:42.561872, 0.3488314666357457, 0.0, -0.3226093278057043, 122.7094836662648, -42.4232302055308, -62.65475206220807, 0.0016000000400000006, -32.7094836662648
2025-03-30 16:04:42,601 - 2025-03-30T16:04:42.601149, 0.35388367250190766, 0.0, -0.32042639036135956, 121.9471836659119, -42.25980819890948, -62.73116760127588, 0.0016000000400000006, -31.94718366591189
2025-03-30 16:04:42,620 - 2025-03-30T16:04:42.620954, 0.35649864528825903, 0.0, -0.3190114990840378, 121.3308836656247, -42.1754985148002, -62.78005835651984, 0.0016000000400000006, -31.3308836656247
2025-03-30 16:04:42,663 - 2025-03-30T16:04:42.663730, 0.3618408628921248, 0.0, -0.3169546298434325, 120.51678366524264, -42.002452212289306, -62.85262406208093, 0.0016000000400000006, -30.51678366524264
2025-03-30 16:04:42,701 - 2025-03-30T16:04:42.701171, 0.3675323388025409, 0.0, -0.3148082137697994, 119.60828366481259, -41.818049160023094, -62.92846192460868, 0.0016000000400000006, -29.60828366481259
2025-03-30 16:04:42,743 - 2025-03-30T16:04:42.743115, 0.37309017144317336, 0.0, -0.31281059109804144, 118.66118366436005, -41.63788086703881, -62.999295176304024, 0.0016000000400000006, -28.661183664360053
2025-03-30 16:04:42,780 - 2025-03-30T16:04:42.780914, 0.3787299758507876, 0.0, -0.3110210083970042, 117.67838366388568, -41.4548253428631, -63.063391363301236, 0.0016000000400000006, -27.678383663885683
2025-03-30 16:04:42,820 - 2025-03-30T16:04:42.820951, 0.38422098685652806, 0.0, -0.3090977824261829, 116.8894836635014, -41.27677442951979, -63.13172230958038, 0.0016000000400000006, -26.889483663501395
2025-03-30 16:04:42,841 - 2025-03-30T16:04:42.841797, 0.38722309327965565, 0.0, -0.30829943599497955, 116.31598366321995, -41.17918336677905, -63.16078679650515, 0.0016000000400000006, -26.315983663219953
2025-03-30 16:04:42,862 - 2025-03-30T16:04:42.862371, 0.39008398136695366, 0.0, -0.30750866462982174, 115.8091836629698, -41.08621198909549, -63.18946635765468, 0.0016000000400000006, -25.8091836629698
2025-03-30 16:04:42,901 - 2025-03-30T16:04:42.901075, 0.39588772930853366, 0.0, -0.30613516187022816, 114.982983662559, -40.897382002536894, -63.24008841525556, 0.0016000000400000006, -24.982983662558993
2025-03-30 16:04:42,941 - 2025-03-30T16:04:42.941782, 0.40146828714730187, 0.0, -0.30456119420595806, 113.99918366206485, -40.71605893222691, -63.297062611779374, 0.0016000000400000006, -23.99918366206485
2025-03-30 16:04:42,981 - 2025-03-30T16:04:42.981822, 0.4068483800813931, 0.0, -0.3032104166444993, 113.15348366163568, -40.54108800083986, -63.34652989205459, 0.0016000000400000006, -23.153483661635676
2025-03-30 16:04:43,021 - 2025-03-30T16:04:43.021789, 0.4124516631182962, 0.0, -0.3020601039877171, 112.28518366119066, -40.358610153204204, -63.389645033406886, 0.0016000000400000006, -22.285183661190658
2025-03-30 16:04:43,041 - 2025-03-30T16:04:43.041275, 0.415037689599981, 0.0, -0.30142570109047906, 111.75488366091663, -40.27449321985975, -63.412935057948765, 0.0016000000400000006, -21.754883660916633
2025-03-30 16:04:43,081 - 2025-03-30T16:04:43.081099, 0.4205665759359465, 0.0, -0.30020856679880437, 110.99048366051859, -40.094517677640304, -63.45816757894203, 0.0016000000400000006, -20.990483660518592
2025-03-30 16:04:43,121 - 2025-03-30T16:04:43.120975, 0.42596939406817347, 0.0, -0.2992814442448335, 110.0958836600481, -39.918391968927565, -63.493775804045725, 0.0016000000400000006, -20.095883660048102
2025-03-30 16:04:43,161 - 2025-03-30T16:04:43.161440, 0.4317290455729963, 0.0, -0.2984059931936649, 109.2082836595762, -39.73052458468426, -63.52803650105889, 0.0016000000400000006, -19.208283659576196
2025-03-30 16:04:43,201 - 2025-03-30T16:04:43.201363, 0.43699064536939325, 0.0, -0.2974864457057391, 108.39458365913899, -39.55901856102871, -63.56325980038736, 0.0016000000400000006, -18.394583659138988
2025-03-30 16:04:43,240 - 2025-03-30T16:04:43.240854, 0.44234179199881885, 0.0, -0.296916156524365, 107.56618365868927, -39.38424038040645, -63.58712634996047, 0.0016000000400000006, -17.56618365868927
2025-03-30 16:04:43,282 - 2025-03-30T16:04:43.282603, 0.4477597602631356, 0.0, -0.29627147064205284, 106.74458365823848, -39.20734482014326, -63.61349520494981, 0.0016000000400000006, -16.744583658238483
2025-03-30 16:04:43,321 - 2025-03-30T16:04:43.321248, 0.45289529185579447, 0.0, -0.2956419348918313, 105.86328365774959, -39.0396886299944, -63.63909420838867, 0.0016000000400000006, -15.863283657749593
2025-03-30 16:04:43,361 - 2025-03-30T16:04:43.361107, 0.4582540135512647, 0.0, -0.2952128640462863, 105.10828365732623, -38.86452552359693, -63.65834107290461, 0.0016000000400000006, -15.108283657326226
2025-03-30 16:04:43,402 - 2025-03-30T16:04:43.402155, 0.4634563667788152, 0.0, -0.2945089315951277, 104.32158365688052, -38.694751953807106, -63.686442381759676, 0.0016000000400000006, -14.32158365688052
2025-03-30 16:04:43,441 - 2025-03-30T16:04:43.441504, 0.4687999383421948, 0.0, -0.2937974240779231, 103.58748365646028, -38.520358698960116, -63.71492861639, 0.0016000000400000006, -13.587483656460279
2025-03-30 16:04:43,484 - 2025-03-30T16:04:43.484041, 0.4742179066065124, 0.0, -0.29315273819561183, 102.78668365599702, -38.34346313869689, -63.741297471379305, 0.0016000000400000006, -12.786683655997024
2025-03-30 16:04:43,520 - 2025-03-30T16:04:43.520905, 0.4790861516596019, 0.0, -0.2928207892491388, 102.14398365562145, -38.18427646711195, -63.75688725315338, 0.0016000000400000006, -12.143983655621454
2025-03-30 16:04:43,563 - 2025-03-30T16:04:43.563176, 0.48429607995319834, 0.0, -0.29225807513380975, 101.53488365526239, -38.01411797154687, -63.780368876951265, 0.0016000000400000006, -11.534883655262393
2025-03-30 16:04:43,600 - 2025-03-30T16:04:43.600859, 0.4894316115458568, 0.0, -0.29162853938358824, 100.89968365488458, -37.84646178139802, -63.80596788039013, 0.0016000000400000006, -10.899683654884583
2025-03-30 16:04:43,640 - 2025-03-30T16:04:43.640859, 0.4947310866724801, 0.0, -0.2914150835748095, 100.29998365452472, -37.67303112886629, -63.8180927544327, 0.0016000000400000006, -10.299983654524723
2025-03-30 16:04:43,681 - 2025-03-30T16:04:43.681183, 0.5002310267037795, 0.0, -0.2909784376632194, 99.65868365413638, -37.49324833741166, -63.83772454472387, 0.0016000000400000006, -9.658683654136382
2025-03-30 16:04:43,723 - 2025-03-30T16:04:43.723596, 0.5064522085463157, 0.0, -0.2907863530930612, 98.96448365371185, -37.28959726912069, -63.85004159377687, 0.0016000000400000006, -8.964483653711852
2025-03-30 16:04:43,760 - 2025-03-30T16:04:43.760946, 0.511818505307831, 0.0, -0.29049850058334536, 98.33288365332179, -37.114049236948, -63.86466877323564, 0.0016000000400000006, -8.332883653321787
2025-03-30 16:04:43,801 - 2025-03-30T16:04:43.801493, 0.5173928420400684, 0.0, -0.29012867630664774, 97.79998365298977, -36.93176414007713, -63.88218318388583, 0.0016000000400000006, -7.799983652989767
2025-03-30 16:04:43,841 - 2025-03-30T16:04:43.840971, 0.5231386973723149, 0.0, -0.29031615030722113, 97.23098365263226, -36.7433196550482, -63.88160378008258, 0.0016000000400000006, -7.230983652632261
2025-03-30 16:04:43,881 - 2025-03-30T16:04:43.881333, 0.5285793908347673, 0.0, -0.2900951194323973, 96.71948365230821, -36.56526931745931, -63.894113579900385, 0.0016000000400000006, -6.719483652308213
2025-03-30 16:04:43,921 - 2025-03-30T16:04:43.921084, 0.5338864410274362, 0.0, -0.29002288195944814, 96.21838365198825, -36.39145373915234, -63.901618768885776, 0.0016000000400000006, -6.218383651988248
2025-03-30 16:04:43,962 - 2025-03-30T16:04:43.962056, 0.5393347095559338, 0.0, -0.28994306942045345, 95.63498365161253, -36.21301847578822, -63.9095088836464, 0.0016000000400000006, -5.634983651612529
2025-03-30 16:04:44,003 - 2025-03-30T16:04:44.003059, 0.54506541475609, 0.0, -0.289848106749369, 95.142983651293, -36.02534384230974, -63.91816884995748, 0.0016000000400000006, -5.142983651292994
2025-03-30 16:04:44,040 - 2025-03-30T16:04:44.040809, 0.5501947252422177, 0.0, -0.2904227143867195, 94.53598365089529, -35.856725625600006, -63.904308067522734, 0.0016000000400000006, -4.5359836508952895
2025-03-30 16:04:44,082 - 2025-03-30T16:04:44.082015, 0.5555837472018688, 0.0, -0.2905585168844915, 94.0714836505883, -35.68002281610161, -63.90507619180998, 0.0016000000400000006, -4.071483650588306
2025-03-30 16:04:44,121 - 2025-03-30T16:04:44.121109, 0.5606235108549682, 0.0, -0.29078386621529084, 93.60728365027919, -35.51467675635857, -63.90257215913057, 0.0016000000400000006, -3.607283650279186
2025-03-30 16:04:44,160 - 2025-03-30T16:04:44.160820, 0.5656708495741141, 0.0, -0.29115043388192063, 93.22668365002403, -35.34894577084026, -63.89544844139395, 0.0016000000400000006, -3.226683650024029
2025-03-30 16:04:44,200 - 2025-03-30T16:04:44.200913, 0.5710006249649178, 0.0, -0.29150185141645935, 92.74998364970213, -35.17397541520761, -63.88909457520782, 0.0016000000400000006, -2.7499836497021306
2025-03-30 16:04:44,242 - 2025-03-30T16:04:44.242463, 0.57659768689529, 0.0, -0.29155568214724914, 92.2374836493532, -34.990535541011084, -63.892749930686506, 0.0016000000400000006, -2.2374836493531944
2025-03-30 16:04:44,281 - 2025-03-30T16:04:44.281743, 0.5823435422275365, 0.0, -0.291743156147823, 91.8260836490709, -34.802091055982146, -63.892170526883234, 0.0016000000400000006, -1.8260836490708954
2025-03-30 16:04:44,321 - 2025-03-30T16:04:44.321070, 0.5881196978239642, 0.0, -0.2924955034917138, 91.16688364861447, -34.61210686785227, -63.87311238285128, 0.0016000000400000006, -1.1668836486144727
2025-03-30 16:04:44,361 - 2025-03-30T16:04:44.361290, 0.5938655531562107, 0.0, -0.29268297749228767, 90.62778364823735, -34.42366238282334, -63.87253297904802, 0.0016000000400000006, -0.6277836482373544
2025-03-30 16:04:44,401 - 2025-03-30T16:04:44.401370, 0.5996341336865938, 0.0, -0.29329410650035026, 90.10608364786908, -34.234063120468676, -63.85809452007321, 0.0016000000400000006, -0.10608364786908453
2025-03-30 16:04:44,442 - 2025-03-30T16:04:44.442536, 0.6053283175160384, 0.0, -0.2938384138735204, 89.64168372895367, -34.04696616353024, -63.84577344073937, 0.0016000000400000006, 0.3583162710463341
2025-03-30 16:04:44,481 - 2025-03-30T16:04:44.481389, 0.6109405295785004, 0.0, -0.29417468127596846, 89.17198372862336, -33.862756437783275, -63.84018942610371, 0.0016000000400000006, 0.8280162713766401
2025-03-30 16:04:44,521 - 2025-03-30T16:04:44.521741, 0.6165830419051441, 0.0, -0.295075822021734, 88.59938372822431, -33.677007008935334, -63.816126671239346, 0.0016000000400000006, 1.4006162717756894
2025-03-30 16:04:44,562 - 2025-03-30T16:04:44.562195, 0.6222772257345888, 0.0, -0.2956201293949041, 88.113883727889, -33.489910051996915, -63.803805591905515, 0.0016000000400000006, 1.886116272110996
2025-03-30 16:04:44,601 - 2025-03-30T16:04:44.601621, 0.6276889728923751, 0.0, -0.296179586900164, 87.60068372753753, -33.31205246517283, -63.79071466102124, 0.0016000000400000006, 2.399316272462471
2025-03-30 16:04:44,645 - 2025-03-30T16:04:44.645261, 0.6332646635841264, 0.0, -0.2971551243468671, 87.0604837271708, -33.12842041596588, -63.764149600740666, 0.0016000000400000006, 2.939516272829195
2025-03-30 16:04:44,681 - 2025-03-30T16:04:44.681230, 0.6384091242023442, 0.0, -0.2980121686558772, 86.51858372680623, -32.959032347705694, -63.74104944819153, 0.0016000000400000006, 3.481416273193773
2025-03-30 16:04:44,720 - 2025-03-30T16:04:44.720941, 0.6434123664847329, 0.0, -0.29887678803093065, 86.1262837265443, -32.794263964502676, -63.71756436986723, 0.0016000000400000006, 3.873716273455699
2025-03-30 16:04:44,761 - 2025-03-30T16:04:44.761359, 0.6485568271029503, 0.0, -0.2997338323399399, 85.68318372625046, -32.6248758962425, -63.694464217318135, 0.0016000000400000006, 4.316816273749538
2025-03-30 16:04:44,804 - 2025-03-30T16:04:44.804243, 0.6544149544663607, 0.0, -0.30069421965455323, 85.18568372592307, -32.43200447692118, -63.668669008588, 0.0016000000400000006, 4.814316274076931
2025-03-30 16:04:44,841 - 2025-03-30T16:04:44.841128, 0.6594257718147944, 0.0, -0.3017000573654367, 84.68428372559575, -32.26685116794293, -63.640564245206505, 0.0016000000400000006, 5.315716274404252
2025-03-30 16:04:44,881 - 2025-03-30T16:04:44.881223, 0.6644365891632282, 0.0, -0.3027058950763206, 84.2127837252903, -32.101697858964684, -63.61245948182499, 0.0016000000400000006, 5.7872162747097065
2025-03-30 16:04:44,920 - 2025-03-30T16:04:44.920802, 0.6696705966144734, 0.0, -0.30391219769188016, 83.62618372491346, -31.929037633737842, -63.57800257952058, 0.0016000000400000006, 6.37381627508654
2025-03-30 16:04:44,961 - 2025-03-30T16:04:44.961385, 0.6749790007666565, 0.0, -0.30518532194233305, 83.17858372462821, -31.75387510309477, -63.541428297575166, 0.0016000000400000006, 6.821416275371789
2025-03-30 16:04:45,002 - 2025-03-30T16:04:45.002599, 0.680197858085811, 0.0, -0.30610918788623387, 82.64668372429183, -31.581984729418398, -63.51621076538511, 0.0016000000400000006, 7.353316275708167
2025-03-30 16:04:45,041 - 2025-03-30T16:04:45.041317, 0.685290647201227, 0.0, -0.3073230655678385, 82.18548372400235, -31.413944189248728, -63.48136893730547, 0.0016000000400000006, 7.814516275997648
2025-03-30 16:04:45,081 - 2025-03-30T16:04:45.080986, 0.6907326946231942, 0.0, -0.3084473964164167, 81.70608372370361, -31.234546899323714, -63.449799266192464, 0.0016000000400000006, 8.293916276296386
2025-03-30 16:04:45,121 - 2025-03-30T16:04:45.121327, 0.6961230705423591, 0.0, -0.3099285606375899, 81.11408372333767, -31.056497137489227, -63.40648791954893, 0.0016000000400000006, 8.885916276662329
2025-03-30 16:04:45,161 - 2025-03-30T16:04:45.161459, 0.7015726930303714, 0.0, -0.31119410982199724, 80.70388372308602, -30.876714921788984, -63.37029856337876, 0.0016000000400000006, 9.296116276913978
2025-03-30 16:04:45,201 - 2025-03-30T16:04:45.201502, 0.7068142755476625, 0.0, -0.3125416307733868, 80.11598372272798, -30.703669770786878, -63.33122197601715, 0.0016000000400000006, 9.884016277272025
2025-03-30 16:04:45,242 - 2025-03-30T16:04:45.242671, 0.7119966114961054, 0.0, -0.3141047667615422, 79.58238372240567, -30.532357073650562, -63.28502339818219, 0.0016000000400000006, 10.417616277594334
2025-03-30 16:04:45,281 - 2025-03-30T16:04:45.281555, 0.7171789474445491, 0.0, -0.315667902749698, 79.11608372212605, -30.36104437651422, -63.23882482034721, 0.0016000000400000006, 10.88391627787395
2025-03-30 16:04:45,321 - 2025-03-30T16:04:45.321315, 0.7227181167655892, 0.0, -0.3172827102406566, 78.59938372181838, -30.177990003847306, -63.1912787144217, 0.0016000000400000006, 11.400616278181616
2025-03-30 16:04:45,363 - 2025-03-30T16:04:45.363344, 0.7277516593121582, 0.0, -0.3187122029590279, 78.09578372152073, -30.011681917543374, -63.149314895868685, 0.0016000000400000006, 11.904216278479268
2025-03-30 16:04:45,400 - 2025-03-30T16:04:45.400734, 0.7328003519908179, 0.0, -0.3204241323490584, 77.6031837212316, -29.84460397968897, -63.0981117072013, 0.0016000000400000006, 12.396816278768398
2025-03-30 16:04:45,442 - 2025-03-30T16:04:45.441850, 0.7379902630053063, 0.0, -0.3221284866730434, 77.13348372095777, -29.672906356777407, -63.04729344430915, 0.0016000000400000006, 12.86651627904223
2025-03-30 16:04:45,481 - 2025-03-30T16:04:45.481041, 0.7432621457867779, 0.0, -0.3240408809677504, 76.67668372069319, -29.49832150267439, -62.98973811671883, 0.0016000000400000006, 13.32331627930681
2025-03-30 16:04:45,522 - 2025-03-30T16:04:45.522401, 0.7483852351663742, 0.0, -0.3258196319926734, 76.24468372044448, -29.3287412594038, -62.93641754841047, 0.0016000000400000006, 13.755316279555515
2025-03-30 16:04:45,561 - 2025-03-30T16:04:45.561150, 0.7535234746780621, 0.0, -0.32788081968925464, 75.70038372013323, -29.158391164582703, -62.87385760998775, 0.0016000000400000006, 14.299616279866768
2025-03-30 16:04:45,601 - 2025-03-30T16:04:45.601792, 0.7590033974302544, 0.0, -0.329711242216979, 75.22738371986458, -28.97706924578156, -62.819189513588896, 0.0016000000400000006, 14.772616280135423
2025-03-30 16:04:45,641 - 2025-03-30T16:04:45.641501, 0.7644164985475546, 0.0, -0.33161606144564004, 74.72018371957843, -28.79786470662139, -62.76201911177384, 0.0016000000400000006, 15.279816280421572
2025-03-30 16:04:45,681 - 2025-03-30T16:04:45.681320, 0.769621559694134, 0.0, -0.3336028524412842, 74.38458371939014, -28.62539723215934, -62.70196147876732, 0.0016000000400000006, 15.615416280609866
2025-03-30 16:04:45,721 - 2025-03-30T16:04:45.721061, 0.7748266208407131, 0.0, -0.33558964343692876, 74.05178371920425, -28.452929757697312, -62.641903845760794, 0.0016000000400000006, 15.948216280795748
2025-03-30 16:04:45,761 - 2025-03-30T16:04:45.761637, 0.7802397219580142, 0.0, -0.3374944626655907, 73.59448371895016, -28.27372521853711, -62.584733443945716, 0.0016000000400000006, 16.40551628104984
2025-03-30 16:04:45,821 - 2025-03-30T16:04:45.821144, 0.7878985202760083, 0.0, -0.3403410058892722, 73.15488371870731, -28.020028617676463, -62.49888175371791, 0.0016000000400000006, 16.84511628129269
2025-03-30 16:04:45,861 - 2025-03-30T16:04:45.861102, 0.7929623630867577, 0.0, -0.342335371950961, 72.89968371856698, -27.852180828271614, -62.43843919493619, 0.0016000000400000006, 17.100316281433024
2025-03-30 16:04:45,900 - 2025-03-30T16:04:45.900915, 0.7983830392701035, 0.0, -0.34438140951545204, 72.50778371835234, -27.672591363336196, -62.37664910806394, 0.0016000000400000006, 17.492216281647657
2025-03-30 16:04:45,942 - 2025-03-30T16:04:45.942360, 0.8036549220515745, 0.0, -0.34629380381015906, 72.12028371814118, -27.498006509233193, -62.31909378047362, 0.0016000000400000006, 17.87971628185882
2025-03-30 16:04:46,001 - 2025-03-30T16:04:46.001328, 0.8111725020337399, 0.0, -0.3491479220998861, 71.62278371787161, -27.248929593429708, -62.23285716447057, 0.0016000000400000006, 18.377216282128387
2025-03-30 16:04:46,048 - 2025-03-30T16:04:46.047938, 0.8161770982756424, 0.0, -0.3513579031983416, 71.37328371773705, -27.082814257890597, -62.16529261521547, 0.0016000000400000006, 18.626716282262947
2025-03-30 16:04:46,080 - 2025-03-30T16:04:46.080862, 0.8212485161524374, 0.0, -0.3534934875958604, 71.0935837175867, -26.914581542710508, -62.10023037137654, 0.0016000000400000006, 18.906416282413304
2025-03-30 16:04:46,120 - 2025-03-30T16:04:46.120899, 0.826319934029232, 0.0, -0.3556290719933788, 70.7699837174134, -26.746348827530426, -62.03516812753764, 0.0016000000400000006, 19.230016282586604
2025-03-30 16:04:46,161 - 2025-03-30T16:04:46.161208, 0.8313837768399819, 0.0, -0.357623438055068, 70.46448371725043, -26.57850103812556, -61.97472556875589, 0.0016000000400000006, 19.53551628274957
2025-03-30 16:04:46,203 - 2025-03-30T16:04:46.203272, 0.8368788497242647, 0.0, -0.3597362972544511, 70.14358371707993, -26.39640926777395, -61.91081810224267, 0.0016000000400000006, 19.856416282920065
2025-03-30 16:04:46,262 - 2025-03-30T16:04:46.262471, 0.8445527981743499, 0.0, -0.3628652771497918, 69.77578371688529, -26.141942815362817, -61.8157270419005, 0.0016000000400000006, 20.224216283114714
2025-03-30 16:04:46,321 - 2025-03-30T16:04:46.321131, 0.8517438450480994, 0.0, -0.36623259728003443, 69.2770837166228, -25.903067871988977, -61.71235921375926, 0.0016000000400000006, 20.722916283377202
2025-03-30 16:04:46,364 - 2025-03-30T16:04:46.364711, 0.856882084559786, 0.0, -0.36829378497661525, 69.0526837165052, -25.732717777167927, -61.64979927533656, 0.0016000000400000006, 20.9473162834948
2025-03-30 16:04:46,421 - 2025-03-30T16:04:46.421488, 0.8641399530684275, 0.0, -0.3715867084059208, 68.58708371626219, -25.491725454153123, -61.54893375261152, 0.0016000000400000006, 21.412916283737815
2025-03-30 16:04:46,482 - 2025-03-30T16:04:46.482120, 0.8714722182780066, 0.0, -0.37494645347011835, 68.18668371605432, -25.2482308257221, -61.44595085024551, 0.0016000000400000006, 21.81331628394568
2025-03-30 16:04:46,523 - 2025-03-30T16:04:46.523484, 0.8765739364189824, 0.0, -0.3776469112109542, 67.90988371591115, -25.078458407441076, -61.362409866177885, 0.0016000000400000006, 22.09011628408885
2025-03-30 16:04:46,581 - 2025-03-30T16:04:46.581723, 0.8837574082266868, 0.0, -0.3808730130053677, 67.47698371568823, -24.83996838984247, -61.26366172309382, 0.0016000000400000006, 22.523016284311765
2025-03-30 16:04:46,643 - 2025-03-30T16:04:46.643140, 0.8911640701372026, 0.0, -0.3842995797044573, 67.09178371549078, -24.593971455995263, -61.15856144108683, 0.0016000000400000006, 22.908216284509223
2025-03-30 16:04:46,700 - 2025-03-30T16:04:46.700913, 0.8980802554053389, 0.0, -0.3878232683026197, 66.73298371530767, -24.363950956960533, -61.04980407633795, 0.0016000000400000006, 23.267016284692332
2025-03-30 16:04:46,761 - 2025-03-30T16:04:46.761219, 0.9053456989800255, 0.0, -0.3912574100677544, 66.34358371510979, -24.1225737081705, -60.94431886855574, 0.0016000000400000006, 23.656416284890213
2025-03-30 16:04:46,821 - 2025-03-30T16:04:46.821209, 0.9123362809490989, 0.0, -0.3948479203008084, 65.95068371491104, -23.89005090371957, -60.83344412416591, 0.0016000000400000006, 24.049316285088963
2025-03-30 16:04:46,861 - 2025-03-30T16:04:46.861265, 0.9174228489579836, 0.0, -0.3972659413699855, 65.71418371479182, -23.721048336989035, -60.75914251021264, 0.0016000000400000006, 24.285816285208185
2025-03-30 16:04:46,921 - 2025-03-30T16:04:46.921527, 0.9248446610005905, 0.0, -0.4009749447407338, 65.34678371460724, -23.47428155159134, -60.64480285809131, 0.0016000000400000006, 24.65321628539276
2025-03-30 16:04:46,981 - 2025-03-30T16:04:46.981272, 0.9323560198762242, 0.0, -0.4050332064180333, 64.99088371442917, -23.224242609227, -60.51910645621463, 0.0016000000400000006, 25.00911628557083
2025-03-30 16:04:47,042 - 2025-03-30T16:04:47.042607, 0.9397034352178939, 0.0, -0.40867538815388915, 64.72208371429514, -22.979978129245506, -60.406884183734284, 0.0016000000400000006, 25.277916285704862
2025-03-30 16:04:47,101 - 2025-03-30T16:04:47.101024, 0.9464935522822908, 0.0, -0.4124890884897554, 64.39588371413302, -22.753807463717507, -60.288502523095815, 0.0016000000400000006, 25.60411628586698
2025-03-30 16:04:47,146 - 2025-03-30T16:04:47.146874, 0.9519672539279527, 0.0, -0.41552365440505223, 64.13348371400303, -22.571523518355473, -60.19437464082332, 0.0016000000400000006, 25.866516285996966
2025-03-30 16:04:47,201 - 2025-03-30T16:04:47.201929, 0.9584673592546458, 0.0, -0.4192112865371791, 63.927783713901405, -22.35497714871705, -60.07984281369158, 0.0016000000400000006, 26.072216286098595
2025-03-30 16:04:47,260 - 2025-03-30T16:04:47.260820, 0.9653911195888267, 0.0, -0.42287619347117067, 63.73258371380516, -22.124571723907106, -59.96646576388553, 0.0016000000400000006, 26.267416286194837
2025-03-30 16:04:47,321 - 2025-03-30T16:04:47.321323, 0.9723892766239453, 0.0, -0.42660792204005427, 63.497083713689335, -21.891663993680954, -59.850971334438505, 0.0016000000400000006, 26.502916286310665
2025-03-30 16:04:47,383 - 2025-03-30T16:04:47.383703, 0.9796106237618751, 0.0, -0.4305401155136144, 63.29048371358793, -21.651249347206196, -59.72912476606855, 0.0016000000400000006, 26.709516286412068
2025-03-30 16:04:47,441 - 2025-03-30T16:04:47.441724, 0.9863780156281363, 0.0, -0.4339301608419923, 63.24708371356665, -21.426233459003896, -59.624602160601626, 0.0016000000400000006, 26.752916286433347
2025-03-30 16:04:47,500 - 2025-03-30T16:04:47.500836, 0.9933093510283624, 0.0, -0.43773628611181303, 63.01738371345427, -21.19544310841873, -59.50660542573841, 0.0016000000400000006, 26.982616286545728
2025-03-30 16:04:47,561 - 2025-03-30T16:04:47.561047, 1.0002331113625438, 0.0, -0.4414011930458046, 62.916383713404954, -20.96503768360877, -59.39322837593235, 0.0016000000400000006, 27.083616286595046
2025-03-30 16:04:47,621 - 2025-03-30T16:04:47.621219, 1.0072388434637074, 0.0, -0.44527413995051823, 62.72388371331107, -20.73174502760738, -59.27311426142813, 0.0016000000400000006, 27.276116286688932
2025-03-30 16:04:47,661 - 2025-03-30T16:04:47.661057, 1.0122661649037457, 0.0, -0.4479077760564616, 62.648483713274324, -20.56447491474257, -59.1916906570015, 0.0016000000400000006, 27.351516286725676
2025-03-30 16:04:47,724 - 2025-03-30T16:04:47.724103, 1.0200448103189483, 0.0, -0.4516684509300122, 62.57378371323799, -20.30596645381432, -59.07600347678964, 0.0016000000400000006, 27.426216286762013
2025-03-30 16:04:47,781 - 2025-03-30T16:04:47.781285, 1.0268197772512546, 0.0, -0.45519971459421926, 62.51798371321086, -20.0805656398368, -58.96686118626554, 0.0016000000400000006, 27.48201628678914
2025-03-30 16:04:47,841 - 2025-03-30T16:04:47.841552, 1.034041124389185, 0.0, -0.45913190806777937, 62.46348371318437, -19.84015099336203, -58.84501461789559, 0.0016000000400000006, 27.536516286815633
2025-03-30 16:04:47,901 - 2025-03-30T16:04:47.901018, 1.041113678125241, 0.0, -0.46293045827155543, 62.41118371315896, -19.604740957719656, -58.72740280880758, 0.0016000000400000006, 27.588816286841038
2025-03-30 16:04:47,960 - 2025-03-30T16:04:47.960756, 1.0482606285622338, 0.0, -0.4667958301102235, 62.481783713193266, -19.366828616661103, -58.60767362007861, 0.0016000000400000006, 27.518216286806734
2025-03-30 16:04:48,004 - 2025-03-30T16:04:48.003981, 1.0532803749362265, 0.0, -0.46928824788033774, 62.43178371316897, -19.199943429571533, -58.53086970070915, 0.0016000000400000006, 27.56821628683103
2025-03-30 16:04:48,062 - 2025-03-30T16:04:48.062304, 1.0605609686430042, 0.0, -0.4730048263171316, 62.66328371328155, -18.957796329231016, -58.416145122812566, 0.0016000000400000006, 27.33671628671845
2025-03-30 16:04:48,104 - 2025-03-30T16:04:48.104412, 1.0658039051198087, 0.0, -0.47569770899192143, 62.62768371326422, -18.783404225892838, -58.332989064520206, 0.0016000000400000006, 27.37231628673578
2025-03-30 16:04:48,161 - 2025-03-30T16:04:48.161538, 1.0730176771916935, 0.0, -0.4794886841296524, 62.71128371330494, -18.543374505193313, -58.21576218120743, 0.0016000000400000006, 27.288716286695063
2025-03-30 16:04:48,220 - 2025-03-30T16:04:48.220817, 1.0803726675994083, 0.0, -0.48327208420133827, 62.76158371332945, -18.298725099436588, -58.098920223669886, 0.0016000000400000006, 27.23841628667055
2025-03-30 16:04:48,283 - 2025-03-30T16:04:48.283207, 1.08764568624014, 0.0, -0.48684744430230253, 62.76868371333289, -18.05696292487132, -57.98881533083049, 0.0016000000400000006, 27.23131628666711
2025-03-30 16:04:48,341 - 2025-03-30T16:04:48.341545, 1.0948443081799346, 0.0, -0.49035598276837433, 62.79958371334795, -17.817703055722248, -57.880827817632074, 0.0016000000400000006, 27.200416286652054
2025-03-30 16:04:48,382 - 2025-03-30T16:04:48.382530, 1.09991572605673, 0.0, -0.49249156716589315, 62.99318371344245, -17.649470340542145, -57.81576557379315, 0.0016000000400000006, 27.00681628655755
2025-03-30 16:04:48,440 - 2025-03-30T16:04:48.440906, 1.107032376229542, 0.0, -0.49579206566124334, 63.150183713519226, -17.413097702584516, -57.71451512529289, 0.0016000000400000006, 26.849816286480774
2025-03-30 16:04:48,501 - 2025-03-30T16:04:48.500986, 1.114164176534444, 0.0, -0.49937500082825226, 63.35918371362162, -17.175955213076442, -57.60402530667829, 0.0016000000400000006, 26.64081628637838
2025-03-30 16:04:48,561 - 2025-03-30T16:04:48.561459, 1.1215708384449607, 0.0, -0.5028015675273418, 63.602583713741176, -16.929958279229197, -57.4989250246713, 0.0016000000400000006, 26.397416286258824
2025-03-30 16:04:48,621 - 2025-03-30T16:04:48.621277, 1.1289699252894314, 0.0, -0.5060869158906023, 63.91978371389746, -16.684346271157224, -57.398444427721486, 0.0016000000400000006, 26.08021628610254
2025-03-30 16:04:48,663 - 2025-03-30T16:04:48.663624, 1.1339745215313348, 0.0, -0.5082968969890578, 64.14618371400931, -16.518230935618092, -57.33087987846638, 0.0016000000400000006, 25.85381628599069
2025-03-30 16:04:48,721 - 2025-03-30T16:04:48.721508, 1.1412172399078857, 0.0, -0.511307383746705, 64.3046837140878, -16.27800846415375, -57.23925372585567, 0.0016000000400000006, 25.6953162859122
2025-03-30 16:04:48,761 - 2025-03-30T16:04:48.761884, 1.1462218361497887, 0.0, -0.5135173648451605, 64.63918371425389, -16.111893128614632, -57.17168917660057, 0.0016000000400000006, 25.36081628574611
2025-03-30 16:04:48,823 - 2025-03-30T16:04:48.823226, 1.1537545662640438, 0.0, -0.5166539198065463, 65.0341837144508, -15.862046361260695, -57.07621319048317, 0.0016000000400000006, 24.965816285549195
2025-03-30 16:04:48,881 - 2025-03-30T16:04:48.881450, 1.1607740945377834, 0.0, -0.5194639416595166, 65.4226837146453, -15.629330806044962, -56.9909391767954, 0.0016000000400000006, 24.577316285354698
2025-03-30 16:04:48,921 - 2025-03-30T16:04:48.921730, 1.1658896088513346, 0.0, -0.5211014743486095, 65.73248371480103, -15.460135488549597, -56.94223829354423, 0.0016000000400000006, 24.267516285198965
2025-03-30 16:04:48,980 - 2025-03-30T16:04:48.980922, 1.1730427803948587, 0.0, -0.5237627027997056, 66.34238371510921, -15.223185174051906, -56.861968890688864, 0.0016000000400000006, 23.657616284890793
2025-03-30 16:04:49,021 - 2025-03-30T16:04:49.021255, 1.1782251163433024, 0.0, -0.5253258387878619, 66.65528371526813, -15.051872476915555, -56.81577031285387, 0.0016000000400000006, 23.344716284731877
2025-03-30 16:04:49,080 - 2025-03-30T16:04:49.080897, 1.1857199711273316, 0.0, -0.5277563020701006, 67.25788371557582, -14.803950338437787, -56.74339275202236, 0.0016000000400000006, 22.742116284424185
2025-03-30 16:04:49,141 - 2025-03-30T16:04:49.141060, 1.1930811826415773, 0.0, -0.530335558754214, 67.81338371586138, -14.560262959241939, -56.66601058035844, 0.0016000000400000006, 22.186616284138623
2025-03-30 16:04:49,181 - 2025-03-30T16:04:49.181167, 1.1982118470872192, 0.0, -0.5322555281149657, 68.17868371605016, -14.390297790196101, -56.60807032699291, 0.0016000000400000006, 21.82131628394984
2025-03-30 16:04:49,221 - 2025-03-30T16:04:49.221513, 1.203461004670555, 0.0, -0.5337442674021848, 68.45408371619303, -14.216867713418786, -56.56437405457413, 0.0016000000400000006, 21.545916283806974
2025-03-30 16:04:49,261 - 2025-03-30T16:04:49.261275, 1.2086433406189983, 0.0, -0.5353074033903411, 68.92888371644047, -14.04555501628245, -56.51817547673914, 0.0016000000400000006, 21.071116283559533
2025-03-30 16:04:49,323 - 2025-03-30T16:04:49.322959, 1.2163979068765505, 0.0, -0.5372990615330009, 69.5268837167541, -13.789548285016025, -56.460426822629636, 0.0016000000400000006, 20.4731162832459
2025-03-30 16:04:49,361 - 2025-03-30T16:04:49.361850, 1.2214162992910294, 0.0, -0.5384461175797144, 69.9611837169833, -13.624010050262548, -56.42770237419094, 0.0016000000400000006, 20.0388162830167
2025-03-30 16:04:49,401 - 2025-03-30T16:04:49.401216, 1.226932743413934, 0.0, -0.5396372700631842, 70.44398371723953, -13.442110454921327, -56.394015323436975, 0.0016000000400000006, 19.556016282760467
2025-03-30 16:04:49,444 - 2025-03-30T16:04:49.444612, 1.2321075042963328, 0.0, -0.5410591877155109, 70.88428371747452, -13.271182683560205, -56.352436430659175, 0.0016000000400000006, 19.115716282525483
2025-03-30 16:04:49,481 - 2025-03-30T16:04:49.481793, 1.2374903051494526, 0.0, -0.5423991336008549, 71.38798371774496, -13.093517847500955, -56.313744769072805, 0.0016000000400000006, 18.61201628225504
2025-03-30 16:04:49,521 - 2025-03-30T16:04:49.521415, 1.2428731060025724, 0.0, -0.5437390794861989, 72.01548371808427, -12.91585301144169, -56.27505310748645, 0.0016000000400000006, 17.98451628191573
2025-03-30 16:04:49,560 - 2025-03-30T16:04:49.560792, 1.2482483317896471, 0.0, -0.5449378070357138, 72.40888371829836, -12.73857310115767, -56.24098113095725, 0.0016000000400000006, 17.591116281701645
2025-03-30 16:04:49,601 - 2025-03-30T16:04:49.601318, 1.2534671891088025, 0.0, -0.5458616729796155, 72.90098371856767, -12.566682727481265, -56.21576359876717, 0.0016000000400000006, 17.099016281432327
2025-03-30 16:04:49,643 - 2025-03-30T16:04:49.643341, 1.2585524031581738, 0.0, -0.5469343323253915, 73.4185837188528, -12.399027113086802, -56.18554145574469, 0.0016000000400000006, 16.5814162811472
2025-03-30 16:04:49,681 - 2025-03-30T16:04:49.681375, 1.263920053879203, 0.0, -0.5479918415390768, 73.81438371907215, -12.222132128578025, -56.15608916427268, 0.0016000000400000006, 16.185616280927846
2025-03-30 16:04:49,721 - 2025-03-30T16:04:49.721688, 1.2690645144974213, 0.0, -0.548848885848086, 74.33908371936468, -12.05274406031782, -56.13298901172358, 0.0016000000400000006, 15.660916280635321
2025-03-30 16:04:49,761 - 2025-03-30T16:04:49.761774, 1.2744018649542697, 0.0, -0.5493415217184543, 74.83028371964038, -11.87738877890996, -56.122015460480256, 0.0016000000400000006, 15.169716280359625
2025-03-30 16:04:49,802 - 2025-03-30T16:04:49.802876, 1.2799031589450838, 0.0, -0.5502502375302649, 75.28588371989771, -11.696259035119212, -56.097567779840666, 0.0016000000400000006, 14.714116280102289
2025-03-30 16:04:49,841 - 2025-03-30T16:04:49.841218, 1.2853968778698524, 0.0, -0.5510177350062464, 75.77758372017722, -11.5155142171037, -56.07773978425824, 0.0016000000400000006, 14.222416279822783
2025-03-30 16:04:49,881 - 2025-03-30T16:04:49.881780, 1.2908389252918195, 0.0, -0.5521420658548246, 76.27358372046106, -11.336116927178686, -56.04617011314523, 0.0016000000400000006, 13.726416279538938
2025-03-30 16:04:49,920 - 2025-03-30T16:04:49.920892, 1.296391890785435, 0.0, -0.5526939482940394, 76.7412837207305, -11.15363965529744, -56.033464108036185, 0.0016000000400000006, 13.258716279269507
2025-03-30 16:04:49,961 - 2025-03-30T16:04:49.960974, 1.3020268280460332, 0.0, -0.5534538707039758, 77.19728372099486, -10.968275152224741, -56.014021038229, 0.0016000000400000006, 12.80271627900514
2025-03-30 16:04:50,001 - 2025-03-30T16:04:50.001157, 1.3075053968387116, 0.0, -0.553938931508299, 77.74338372131369, -10.788300185759688, -56.0034324127609, 0.0016000000400000006, 12.256616278686309
2025-03-30 16:04:50,040 - 2025-03-30T16:04:50.040809, 1.3131995806681567, 0.0, -0.5544832388814687, 78.30698372164531, -10.601203228821255, -55.99111133342709, 0.0016000000400000006, 11.69301627835469
2025-03-30 16:04:50,081 - 2025-03-30T16:04:50.081127, 1.3187601212278177, 0.0, -0.5551763396565135, 78.92048372200932, -10.418341031164758, -55.97378564326085, 0.0016000000400000006, 11.079516277990678
2025-03-30 16:04:50,122 - 2025-03-30T16:04:50.122041, 1.324297936589343, 0.0, -0.5554457854240695, 79.4571837223304, -10.236633610833962, -55.97031900826615, 0.0016000000400000006, 10.542816277669601
2025-03-30 16:04:50,160 - 2025-03-30T16:04:50.160854, 1.3297840804480665, 0.0, -0.5560720645642219, 79.99168372265267, -10.05627371859368, -55.95511069774089, 0.0016000000400000006, 10.008316277347333
2025-03-30 16:04:50,202 - 2025-03-30T16:04:50.202533, 1.3352474991086543, 0.0, -0.5562746886968863, 80.6431837230489, -9.8770686036791, -55.953761442387155, 0.0016000000400000006, 9.356816276951093
2025-03-30 16:04:50,241 - 2025-03-30T16:04:50.241349, 1.3403616594626917, 0.0, -0.5565668596625777, 81.2032837233926, -9.709220238519833, -55.949140030066786, 0.0016000000400000006, 8.796716276607398
2025-03-30 16:04:50,284 - 2025-03-30T16:04:50.284466, 1.345773406620478, 0.0, -0.557126317167838, 81.71148372370696, -9.531362651695751, -55.9360490991825, 0.0016000000400000006, 8.288516276293038
2025-03-30 16:04:50,320 - 2025-03-30T16:04:50.320963, 1.3507904450754427, 0.0, -0.5569280114911495, 82.26148372404992, -9.367171369278381, -55.94740412167461, 0.0016000000400000006, 7.738516275950076
2025-03-30 16:04:50,361 - 2025-03-30T16:04:50.361726, 1.3559790021304168, 0.0, -0.5572870040917337, 82.87798372443777, -9.196820698702922, -55.940665329713234, 0.0016000000400000006, 7.122016275562231
2025-03-30 16:04:50,401 - 2025-03-30T16:04:50.401515, 1.3610187657835167, 0.0, -0.557512353422533, 83.36848372474898, -9.031474638959864, -55.93816129703382, 0.0016000000400000006, 6.631516275251016
2025-03-30 16:04:50,441 - 2025-03-30T16:04:50.441108, 1.366385062545032, 0.0, -0.5572245009128176, 83.84788372505547, -8.855926606787165, -55.952788476492586, 0.0016000000400000006, 6.152116274944532
2025-03-30 16:04:50,481 - 2025-03-30T16:04:50.481664, 1.3717148379358362, 0.0, -0.5575759184473563, 84.31198372535438, -8.68095625115452, -55.946434610306454, 0.0016000000400000006, 5.688016274645619
2025-03-30 16:04:50,521 - 2025-03-30T16:04:50.521763, 1.377586761471822, 0.0, -0.5574733807102259, 84.71158372561348, -8.488661932618854, -55.95547950239278, 0.0016000000400000006, 5.28841627438652
2025-03-30 16:04:50,561 - 2025-03-30T16:04:50.561410, 1.3824701566570026, 0.0, -0.557423868435412, 85.23808372595744, -8.328705409483426, -55.96182991405248, 0.0016000000400000006, 4.761916274042562
2025-03-30 16:04:50,601 - 2025-03-30T16:04:50.601295, 1.388111315024131, 0.0, -0.5569796474577768, 85.73578372628523, -8.14430293297162, -55.98184663011888, 0.0016000000400000006, 4.264216273714766
2025-03-30 16:04:50,642 - 2025-03-30T16:04:50.642362, 1.3936932268224131, 0.0, -0.5567510415169079, 86.29568372665719, -7.961632910325541, -55.99474135571191, 0.0016000000400000006, 3.704316273342812
2025-03-30 16:04:50,680 - 2025-03-30T16:04:50.680886, 1.399133920284866, 0.0, -0.5565300106420841, 86.7646837269714, -7.783582572736634, -56.007251155529715, 0.0016000000400000006, 3.2353162730286016
2025-03-30 16:04:50,741 - 2025-03-30T16:04:50.741576, 1.4057711820688454, 0.0, -0.5561739825379619, 87.31058372734017, -7.56645737504936, -56.02534266696556, 0.0016000000400000006, 2.6894162726598267
2025-03-30 16:04:50,802 - 2025-03-30T16:04:50.802230, 1.4111085325256947, 0.0, -0.5566666184083298, 87.40288372740287, -7.391102093641479, -56.01436911572226, 0.0016000000400000006, 2.597116272597134
2025-03-30 16:04:50,861 - 2025-03-30T16:04:50.861262, 1.416846812791896, 0.0, -0.5567128740730745, 87.48018372745544, -7.2030425343877695, -56.01840939697616, 0.0016000000400000006, 2.51981627254456
2025-03-30 16:04:50,923 - 2025-03-30T16:04:50.922996, 1.4236631682419305, 0.0, -0.5570553625820533, 87.58408372752619, -6.97937302276717, -56.01378740890137, 0.0016000000400000006, 2.415916272473808
2025-03-30 16:04:50,981 - 2025-03-30T16:04:50.981628, 1.4312524370060045, 0.0, -0.5572855790598696, 87.83348372769659, -6.730487706219684, -56.01359235511894, 0.0016000000400000006, 2.1665162723034115
2025-03-30 16:04:51,022 - 2025-03-30T16:04:51.022471, 1.4367902523675293, 0.0, -0.5575550248274261, 87.94298372777162, -6.54878028588891, -56.01012572012423, 0.0016000000400000006, 2.057016272228381
2025-03-30 16:04:51,062 - 2025-03-30T16:04:51.062717, 1.4425953542686232, 0.0, -0.5575268837912337, 88.03648372783577, -6.358603346994222, -56.01666830679434, 0.0016000000400000006, 1.9635162721642276
2025-03-30 16:04:51,101 - 2025-03-30T16:04:51.101011, 1.4486160712064837, 0.0, -0.5575579893238882, 88.14208372790839, -6.161304417626148, -56.021478439598695, 0.0016000000400000006, 1.8579162720916145
2025-03-30 16:04:51,141 - 2025-03-30T16:04:51.141895, 1.4547931566122636, 0.0, -0.5578639564621559, 88.23508372797245, -5.958615951650451, -56.017434128063954, 0.0016000000400000006, 1.7649162720275484
2025-03-30 16:04:51,181 - 2025-03-30T16:04:51.181252, 1.460100206804932, 0.0, -0.5577917189892063, 88.32608372803521, -5.784800373343494, -56.02493931704936, 0.0016000000400000006, 1.6739162719647853
2025-03-30 16:04:51,243 - 2025-03-30T16:04:51.243819, 1.466819440355894, 0.0, -0.5576437308558053, 88.41888372809935, -5.564787944464776, -56.036293763787064, 0.0016000000400000006, 1.5811162719006546
2025-03-30 16:04:51,300 - 2025-03-30T16:04:51.300861, 1.472000422344823, 0.0, -0.55786150512056, 88.4740837281375, -5.394822199664553, -56.03417465688287, 0.0016000000400000006, 1.5259162718624992
2025-03-30 16:04:51,360 - 2025-03-30T16:04:51.360859, 1.4775974842751958, 0.0, -0.5579153358513498, 88.51558372816623, -5.211382325468001, -56.037830012361546, 0.0016000000400000006, 1.4844162718337657
2025-03-30 16:04:51,421 - 2025-03-30T16:04:51.421479, 1.4844062646591851, 0.0, -0.5581166060244995, 88.62118372823943, -4.988097739622624, -56.03782770934393, 0.0016000000400000006, 1.37881627176057
2025-03-30 16:04:51,461 - 2025-03-30T16:04:51.460991, 1.489705739785808, 0.0, -0.5579031502157208, 88.6509837282601, -4.814667087090918, -56.0499525833865, 0.0016000000400000006, 1.3490162717398988
2025-03-30 16:04:51,500 - 2025-03-30T16:04:51.500922, 1.4953771984171182, 0.0, -0.558023802581403, 88.76088372833647, -4.628724907478151, -56.0514905592242, 0.0016000000400000006, 1.2391162716635336
2025-03-30 16:04:51,541 - 2025-03-30T16:04:51.541549, 1.501107903617274, 0.0, -0.5579288399103182, 88.86988372841235, -4.441050273999693, -56.060150525535285, 0.0016000000400000006, 1.130116271587653
2025-03-30 16:04:51,581 - 2025-03-30T16:04:51.581281, 1.507187867123982, 0.0, -0.557744330406206, 88.95078372846875, -4.242018890765863, -56.07208264881304, 0.0016000000400000006, 1.0492162715312503
2025-03-30 16:04:51,620 - 2025-03-30T16:04:51.620813, 1.5129412975222736, 0.0, -0.5580730227426094, 89.05518372854165, -4.053189479961702, -56.066883559952586, 0.0016000000400000006, 0.9448162714583503
2025-03-30 16:04:51,661 - 2025-03-30T16:04:51.661352, 1.5188207961243045, 0.0, -0.5581117033413086, 89.13778372859943, -3.860510235650814, -56.07130876698174, 0.0016000000400000006, 0.8622162714005697
2025-03-30 16:04:51,701 - 2025-03-30T16:04:51.701121, 1.5246851445942453, 0.0, -0.5578679472683494, 89.36468372875854, -3.6686008428903847, -56.084973344125224, 0.0016000000400000006, 0.6353162712414644
2025-03-30 16:04:51,741 - 2025-03-30T16:04:51.741736, 1.530282206524618, 0.0, -0.5579217779991392, 89.38308372877148, -3.485160968693833, -56.08862869960391, 0.0016000000400000006, 0.6169162712285186
2025-03-30 16:04:51,780 - 2025-03-30T16:04:51.780825, 1.5355816816512409, 0.0, -0.5577083221903605, 89.47758372883796, -3.3117303161621265, -56.10075357364648, 0.0016000000400000006, 0.5224162711620437
2025-03-30 16:04:51,821 - 2025-03-30T16:04:51.821422, 1.5406062951722501, 0.0, -0.5576512348495015, 89.59418372892013, -3.147154107969534, -56.107488911081404, 0.0016000000400000006, 0.40581627107987117
2025-03-30 16:04:51,880 - 2025-03-30T16:04:51.880950, 1.5479131272646658, 0.0, -0.557896601459408, 89.78718372905651, -2.9075081615363985, -56.10652400574851, 0.0016000000400000006, 0.21281627094349176
2025-03-30 16:04:51,921 - 2025-03-30T16:04:51.921186, 1.5529301657196295, 0.0, -0.5576982957827195, 89.93658372916241, -2.7433168791190568, -56.11787902824062, 0.0016000000400000006, 0.0634162708375925
2025-03-30 16:04:51,964 - 2025-03-30T16:04:51.964505, 1.5581703942774063, 0.0, -0.5577004550107074, 90.0587836478355, -2.5716186804530636, -56.12288191180981, 0.0016000000400000006, -0.05878364783549728
2025-03-30 16:04:52,021 - 2025-03-30T16:04:52.021052, 1.5650384212302426, 0.0, -0.5576861101470909, 90.08008364785063, -2.3466016407419374, -56.13000159926556, 0.0016000000400000006, -0.08008364785062838
2025-03-30 16:04:52,061 - 2025-03-30T16:04:52.061160, 1.570530786195497, 0.0, -0.5571082458996712, 90.25158364797214, -2.1672037750625393, -56.15425307461391, 0.0016000000400000006, -0.25158364797214006
2025-03-30 16:04:52,101 - 2025-03-30T16:04:52.101004, 1.5757117681844264, 0.0, -0.5573260201644259, 90.3396836480344, -1.9972380302622952, -56.15213396770972, 0.0016000000400000006, -0.339683648034395
2025-03-30 16:04:52,142 - 2025-03-30T16:04:52.142244, 1.581226858347816, 0.0, -0.5571718109244941, 90.57938364820335, -1.816685387257202, -56.16252638788656, 0.0016000000400000006, -0.579383648203347
2025-03-30 16:04:52,180 - 2025-03-30T16:04:52.180942, 1.5867192233130702, 0.0, -0.5565939466770744, 90.72798364830773, -1.6372875215777967, -56.18677786323491, 0.0016000000400000006, -0.7279836483077275
2025-03-30 16:04:52,221 - 2025-03-30T16:04:52.220994, 1.5922267384104156, 0.0, -0.5562985191013134, 90.82998364837923, -1.4571198043479043, -56.201789968468916, 0.0016000000400000006, -0.8299836483792263
2025-03-30 16:04:52,263 - 2025-03-30T16:04:52.263063, 1.59773425350776, 0.0, -0.556003091525552, 91.09508364856445, -1.2769520871180404, -56.21680207370292, 0.0016000000400000006, -1.0950836485644544
2025-03-30 16:04:52,300 - 2025-03-30T16:04:52.300944, 1.603308590239997, 0.0, -0.555633267248854, 91.33368364873046, -1.094666990247191, -56.23431648435312, 0.0016000000400000006, -1.3336836487304566
2025-03-30 16:04:52,341 - 2025-03-30T16:04:52.341584, 1.6090909669429556, 0.0, -0.5551814712051732, 91.60218364891645, -0.9056448286781915, -56.25471812619477, 0.0016000000400000006, -1.6021836489164514
2025-03-30 16:04:52,381 - 2025-03-30T16:04:52.381128, 1.6144572637044705, 0.0, -0.554893618695457, 91.87048364910146, -0.7300967965055136, -56.26934530565355, 0.0016000000400000006, -1.8704836491014591
2025-03-30 16:04:52,421 - 2025-03-30T16:04:52.421114, 1.6199572037357703, 0.0, -0.5544569727838669, 92.11988364927268, -0.5503140050508577, -56.28897709594472, 0.0016000000400000006, -2.11988364927268
2025-03-30 16:04:52,462 - 2025-03-30T16:04:52.462270, 1.625539115534052, 0.0, -0.5542283668429979, 92.40408364946694, -0.36764398240479323, -56.301871821537745, 0.0016000000400000006, -2.404083649466941
2025-03-30 16:04:52,501 - 2025-03-30T16:04:52.501516, 1.6309054122955677, 0.0, -0.5539405143332821, 92.58708364959153, -0.19209595023208692, -56.31649900099652, 0.0016000000400000006, -2.587083649591534
2025-03-30 16:04:52,546 - 2025-03-30T16:04:52.546372, 1.6359741222533337, 0.0, -0.5533853752839977, 92.85358364977229, -0.02655713972421836, -56.33959569901919, 0.0016000000400000006, -2.85358364977229
2025-03-30 16:04:52,581 - 2025-03-30T16:04:52.581034, 1.6412508721818213, 0.0, -0.5527482644677311, 93.13948364996531, 0.14571873548180037, -56.36557962823329, 0.0016000000400000006, -3.139483649965314
2025-03-30 16:04:52,643 - 2025-03-30T16:04:52.643943, 1.6491287987240848, 0.0, -0.5517591874258847, 93.46208365018205, 0.40288139558276015, -56.405614211874926, 0.0016000000400000006, -3.462083650182052
2025-03-30 16:04:52,700 - 2025-03-30T16:04:52.700851, 1.6567394387267793, 0.0, -0.5510676971877873, 93.83838365043339, 0.6515745371198065, -56.43563957385176, 0.0016000000400000006, -3.8383836504333857
2025-03-30 16:04:52,741 - 2025-03-30T16:04:52.741621, 1.6622318036920336, 0.0, -0.550489832940368, 94.03248365056243, 0.8309724027992118, -56.459891049200095, 0.0016000000400000006, -4.032483650562426
2025-03-30 16:04:52,781 - 2025-03-30T16:04:52.781600, 1.6675009785544765, 0.0, -0.5497115037882718, 94.2306836506938, 1.0028633522300225, -56.49049466347138, 0.0016000000400000006, -4.2306836506938055
2025-03-30 16:04:52,821 - 2025-03-30T16:04:52.821610, 1.6728445501178562, 0.0, -0.5489999962710677, 94.50408365087428, 1.1772566070770125, -56.51898089810169, 0.0016000000400000006, -4.5040836508742785
2025-03-30 16:04:52,861 - 2025-03-30T16:04:52.861656, 1.6779132600756226, 0.0, -0.5484448572217833, 94.70628365100728, 1.3427954175848953, -56.54207759612435, 0.0016000000400000006, -4.706283651007283
2025-03-30 16:04:52,901 - 2025-03-30T16:04:52.901668, 1.6831080382371275, 0.0, -0.5475997064347955, 94.95098365116762, 1.512184061599477, -56.574798590036586, 0.0016000000400000006, -4.950983651167618
2025-03-30 16:04:52,942 - 2025-03-30T16:04:52.942201, 1.6883103914646784, 0.0, -0.5468957739836364, 95.21828365134208, 1.6819576313893165, -56.60289989889167, 0.0016000000400000006, -5.218283651342077
2025-03-30 16:04:52,980 - 2025-03-30T16:04:52.980826, 1.6940851931015914, 0.0, -0.5463027596041266, 95.37908365144666, 1.8705948671830726, -56.62792122579047, 0.0016000000400000006, -5.379083651446663
2025-03-30 16:04:53,021 - 2025-03-30T16:04:53.021085, 1.6997036262705851, 0.0, -0.545434883619003, 95.72488365167067, 2.0538425663692053, -56.66179699702841, 0.0016000000400000006, -5.724883651670666
2025-03-30 16:04:53,062 - 2025-03-30T16:04:53.062833, 1.704890829366045, 0.0, -0.5444485144961857, 95.96768365182722, 2.2228462846085577, -56.69913767599784, 0.0016000000400000006, -5.967683651827215
2025-03-30 16:04:53,100 - 2025-03-30T16:04:53.100821, 1.7105760841699307, 0.0, -0.5435062418101246, 96.22848365199471, 2.4082113634356546, -56.73551575265198, 0.0016000000400000006, -6.228483651994708
2025-03-30 16:04:53,140 - 2025-03-30T16:04:53.140713, 1.715763287265391, 0.0, -0.5425198726873068, 96.51518365217807, 2.5772150816750283, -56.77285643162142, 0.0016000000400000006, -6.515183652178067
2025-03-30 16:04:53,182 - 2025-03-30T16:04:53.182113, 1.721166105397618, 0.0, -0.5415927501333364, 96.82168365237315, 2.7533407903877745, -56.80846465672509, 0.0016000000400000006, -6.821683652373153
2025-03-30 16:04:53,221 - 2025-03-30T16:04:53.221403, 1.7264428553261055, 0.0, -0.5409556393170698, 97.14378365257721, 2.9256166655938003, -56.834448585939185, 0.0016000000400000006, -7.143783652577213
2025-03-30 16:04:53,261 - 2025-03-30T16:04:53.261034, 1.7315632367866738, 0.0, -0.5400436668951891, 97.32268365269009, 3.0925030041921886, -56.86928695949242, 0.0016000000400000006, -7.322683652690089
2025-03-30 16:04:53,300 - 2025-03-30T16:04:53.300765, 1.736750439882134, 0.0, -0.5390572977723718, 97.6540836528984, 3.2615067224315553, -56.906627638461835, 0.0016000000400000006, -7.654083652898393
2025-03-30 16:04:53,340 - 2025-03-30T16:04:53.340847, 1.742212504583208, 0.0, -0.5379145601816346, 97.83938365301441, 3.4393648850100504, -56.9493578540389, 0.0016000000400000006, -7.839383653014408
2025-03-30 16:04:53,381 - 2025-03-30T16:04:53.381565, 1.7472509142767936, 0.0, -0.5367945477890332, 98.15118365320886, 3.603363992417002, -56.99093329229025, 0.0016000000400000006, -8.15118365320886
2025-03-30 16:04:53,421 - 2025-03-30T16:04:53.421036, 1.752340995473181, 0.0, -0.5353177020238356, 98.50098365342596, 3.768710627914473, -57.04425040607218, 0.0016000000400000006, -8.500983653425962
2025-03-30 16:04:53,460 - 2025-03-30T16:04:53.460941, 1.7573945552988568, 0.0, -0.5344801263028924, 98.79508365360759, 3.9334795868718757, -57.07658647420919, 0.0016000000400000006, -8.795083653607591
2025-03-30 16:04:53,500 - 2025-03-30T16:04:53.500867, 1.7627746482329485, 0.0, -0.5331293487414337, 99.05788365376924, 4.108450518258941, -57.12605375448442, 0.0016000000400000006, -9.05788365376924
2025-03-30 16:04:53,541 - 2025-03-30T16:04:53.541398, 1.7679542762623632, 0.0, -0.5320017612827868, 99.36408365395678, 4.277069310723064, -57.16801411851102, 0.0016000000400000006, -9.364083653956783
2025-03-30 16:04:53,583 - 2025-03-30T16:04:53.583200, 1.773208300992716, 0.0, -0.5309409954590323, 99.6297836541188, 4.448190408603416, -57.20785710289664, 0.0016000000400000006, -9.629783654118796
2025-03-30 16:04:53,622 - 2025-03-30T16:04:53.622330, 1.7783576287579503, 0.0, -0.5292485346570683, 99.94868365431242, 4.615269497966622, -57.26829620715193, 0.0016000000400000006, -9.948683654312418
2025-03-30 16:04:53,661 - 2025-03-30T16:04:53.661718, 1.7836116534883026, 0.0, -0.5281877688333134, 100.28198365451387, 4.78639059584696, -57.308139191537556, 0.0016000000400000006, -10.281983654513866
2025-03-30 16:04:53,702 - 2025-03-30T16:04:53.702349, 1.7890812932554216, 0.0, -0.527186249578405, 100.52458365465985, 4.96463368420067, -57.34624972205747, 0.0016000000400000006, -10.52458365465985
2025-03-30 16:04:53,741 - 2025-03-30T16:04:53.741027, 1.794468961255558, 0.0, -0.5259766903527758, 100.9527836549163, 5.139989541362951, -57.3910973172755, 0.0016000000400000006, -10.952783654916303
2025-03-30 16:04:53,781 - 2025-03-30T16:04:53.781314, 1.7998490541896497, 0.0, -0.5246259127913175, 101.1461836550316, 5.314960472750009, -57.44056459755069, 0.0016000000400000006, -11.146183655031606
2025-03-30 16:04:53,821 - 2025-03-30T16:04:53.821631, 1.8052808186265428, 0.0, -0.522918301857263, 101.45618365521577, 5.491278932227573, -57.50177355335646, 0.0016000000400000006, -11.456183655215767
2025-03-30 16:04:53,861 - 2025-03-30T16:04:53.861013, 1.8106092400578322, 0.0, -0.5219243576684001, 101.84278365544428, 5.664902335524104, -57.53949915810113, 0.0016000000400000006, -11.84278365544428
2025-03-30 16:04:53,903 - 2025-03-30T16:04:53.903220, 1.8161897978966, 0.0, -0.52035039000413, 102.09208365559098, 5.846225405834083, -57.59647335462494, 0.0016000000400000006, -12.092083655590983
2025-03-30 16:04:53,940 - 2025-03-30T16:04:53.940769, 1.8214135223627714, 0.0, -0.5187247508370576, 102.43148365578988, 6.01580680061349, -57.65479507923927, 0.0016000000400000006, -12.431483655789876
2025-03-30 16:04:54,001 - 2025-03-30T16:04:54.001211, 1.8288588648719872, 0.0, -0.5162718189341158, 102.94768365609058, 6.257378527431577, -57.742374041543194, 0.0016000000400000006, -12.947683656090575
2025-03-30 16:04:54,041 - 2025-03-30T16:04:54.041155, 1.8340081926372218, 0.0, -0.5145793581321518, 103.22018365624844, 6.42445761679479, -57.80281314579849, 0.0016000000400000006, -13.220183656248437
2025-03-30 16:04:54,102 - 2025-03-30T16:04:54.102033, 1.8414611102124825, 0.0, -0.51226764456504, 103.6175836564776, 6.666414269388099, -57.88577242304521, 0.0016000000400000006, -13.617583656477606
2025-03-30 16:04:54,141 - 2025-03-30T16:04:54.141256, 1.846618013043762, 0.0, -0.5107164020989048, 103.94298365666431, 6.833878284526534, -57.94159184224335, 0.0016000000400000006, -13.942983656664312
2025-03-30 16:04:54,180 - 2025-03-30T16:04:54.180884, 1.851849312575979, 0.0, -0.5092319812676624, 104.18688365680372, 7.003844605081184, -57.995293881800485, 0.0016000000400000006, -14.186883656803715
2025-03-30 16:04:54,221 - 2025-03-30T16:04:54.221351, 1.8568649970714288, 0.0, -0.5076883138675723, 104.44838365695266, 7.166688935162433, -58.0507283752234, 0.0016000000400000006, -14.448383656952657
2025-03-30 16:04:54,261 - 2025-03-30T16:04:54.261056, 1.8622375149394752, 0.0, -0.506196317970284, 104.76868365713439, 7.341274940774255, -58.10481534055579, 0.0016000000400000006, -14.768683657134389
2025-03-30 16:04:54,301 - 2025-03-30T16:04:54.301215, 1.8675948826754314, 0.0, -0.5044218854013378, 105.05388365729554, 7.5150910948356255, -58.16814167600251, 0.0016000000400000006, -15.053883657295541
2025-03-30 16:04:54,342 - 2025-03-30T16:04:54.342725, 1.8727442104406655, 0.0, -0.502729424599373, 105.35718365746628, 7.682170184198824, -58.228580780257836, 0.0016000000400000006, -15.35718365746628
2025-03-30 16:04:54,401 - 2025-03-30T16:04:54.401032, 1.8801151562489435, 0.0, -0.50020967106154, 105.73748365767933, 7.9212396056006895, -58.318277122202694, 0.0016000000400000006, -15.737483657679334
2025-03-30 16:04:54,461 - 2025-03-30T16:04:54.461373, 1.8876941420279438, 0.0, -0.49760794575672396, 106.09978365788136, 8.167046091700733, -58.41086069533902, 0.0016000000400000006, -16.09978365788136
2025-03-30 16:04:54,501 - 2025-03-30T16:04:54.501141, 1.8928434697931782, 0.0, -0.49591548495475957, 106.30598365799587, 8.33412518106394, -58.47129979959433, 0.0016000000400000006, -16.305983657995867
2025-03-30 16:04:54,541 - 2025-03-30T16:04:54.541104, 1.8980444690612144, 0.0, -0.4938661907801998, 106.64288365818234, 8.502551798517658, -58.54348057938017, 0.0016000000400000006, -16.642883658182342
2025-03-30 16:04:54,601 - 2025-03-30T16:04:54.601389, 1.9057495230439532, 0.0, -0.4909744537376799, 106.99618365837703, 8.752208118124393, -58.64568844840607, 0.0016000000400000006, -16.996183658377035
2025-03-30 16:04:54,661 - 2025-03-30T16:04:54.661946, 1.9131128937861863, 0.0, -0.4883134818640169, 107.40638365860194, 8.990892613751043, -58.74000447540813, 0.0016000000400000006, -17.40638365860194
2025-03-30 16:04:54,720 - 2025-03-30T16:04:54.720795, 1.9206615793010056, 0.0, -0.48514688321588384, 107.89398365886777, 9.235159396750142, -58.85106678877314, 0.0016000000400000006, -17.893983658867768
2025-03-30 16:04:54,780 - 2025-03-30T16:04:54.780886, 1.9281434431809323, 0.0, -0.48205468126868745, 108.26478365906883, 9.477308800108261, -58.95962679672197, 0.0016000000400000006, -18.264783659068826
2025-03-30 16:04:54,821 - 2025-03-30T16:04:54.821596, 1.9333368673829237, 0.0, -0.47986416875829807, 108.51668365920487, 9.645350491786765, -59.036427261564995, 0.0016000000400000006, -18.516683659204872
2025-03-30 16:04:54,880 - 2025-03-30T16:04:54.880934, 1.9402614329855785, 0.0, -0.4769434854111121, 108.7605836593362, 9.86940608069142, -59.13882788135571, 0.0016000000400000006, -18.760583659336206
2025-03-30 16:04:54,941 - 2025-03-30T16:04:54.941542, 1.9476840502966581, 0.0, -0.4740668985006824, 109.17328365955746, 10.10982303018379, -59.24026589883115, 0.0016000000400000006, -19.173283659557455
2025-03-30 16:04:54,981 - 2025-03-30T16:04:54.981753, 1.9530035427023882, 0.0, -0.4715863742525892, 109.56138365976453, 10.281714555368985, -59.32669065956376, 0.0016000000400000006, -19.56138365976453
2025-03-30 16:04:55,022 - 2025-03-30T16:04:55.022518, 1.958048173502505, 0.0, -0.46926221847241534, 109.78838365988518, 10.44475163621508, -59.40772588368874, 0.0016000000400000006, -19.788383659885184
2025-03-30 16:04:55,061 - 2025-03-30T16:04:55.061805, 1.9633159944054335, 0.0, -0.467138527596918, 110.09618366004827, 10.615295633309785, -59.4824089688908, 0.0016000000400000006, -20.09618366004827
2025-03-30 16:04:55,104 - 2025-03-30T16:04:55.104652, 1.9687250336441913, 0.0, -0.4650072616553751, 110.37228366019401, 10.790459315461653, -59.55747697986811, 0.0016000000400000006, -20.372283660194014
2025-03-30 16:04:55,141 - 2025-03-30T16:04:55.141113, 1.9738592112773352, 0.0, -0.4630323641817524, 110.56008366029289, 10.956768553274387, -59.62715545423775, 0.0016000000400000006, -20.56008366029289
2025-03-30 16:04:55,182 - 2025-03-30T16:04:55.182630, 1.9791711286170202, 0.0, -0.4604106215978292, 110.90248366047253, 11.128275152684367, -59.718199900027564, 0.0016000000400000006, -20.902483660472527
2025-03-30 16:04:55,221 - 2025-03-30T16:04:55.221585, 1.9842977311841192, 0.0, -0.45829450578837694, 111.1933836606246, 11.294199464721885, -59.792498059454395, 0.0016000000400000006, -21.193383660624605
2025-03-30 16:04:55,281 - 2025-03-30T16:04:55.281383, 1.9915488298951893, 0.0, -0.4548606206006749, 111.5957836608341, 11.52845702605616, -59.91202989138331, 0.0016000000400000006, -21.5957836608341
2025-03-30 16:04:55,343 - 2025-03-30T16:04:55.343190, 1.9989562970741792, 0.0, -0.4517015970185869, 112.04498366106674, 11.7681041239981, -60.022707278973094, 0.0016000000400000006, -22.044983661066738
2025-03-30 16:04:55,401 - 2025-03-30T16:04:55.401039, 2.0061770955210685, 0.0, -0.44770283848756787, 112.41288366125639, 12.00082198223145, -60.160717851130705, 0.0016000000400000006, -22.412883661256387
2025-03-30 16:04:55,444 - 2025-03-30T16:04:55.444295, 2.0114221912258614, 0.0, -0.44515549260458265, 112.62858366136719, 12.170211202000452, -60.24925999150429, 0.0016000000400000006, -22.62858366136719
2025-03-30 16:04:55,501 - 2025-03-30T16:04:55.500963, 2.0184135784634085, 0.0, -0.4421604125564591, 112.96198366153791, 12.396384170546085, -60.35416291671121, 0.0016000000400000006, -22.961983661537914
2025-03-30 16:04:55,562 - 2025-03-30T16:04:55.561968, 2.025626801844253, 0.0, -0.43802043568961047, 113.33638366172887, 12.628717103004227, -60.49679317392601, 0.0016000000400000006, -23.336383661728874
2025-03-30 16:04:55,621 - 2025-03-30T16:04:55.621955, 2.032528642248772, 0.0, -0.4346760973349366, 113.58588366185563, 12.85161791458318, -60.61305284888824, 0.0016000000400000006, -23.585883661855632
2025-03-30 16:04:55,683 - 2025-03-30T16:04:55.683373, 2.038962731209047, 0.0, -0.43185253588682304, 113.88828366200882, 13.059697068675327, -60.71179638593707, 0.0016000000400000006, -23.888283662008817
2025-03-30 16:04:55,741 - 2025-03-30T16:04:55.741464, 2.0452253015693116, 0.0, -0.4284716761614371, 114.11098366212128, 13.261616834609384, -60.82863373743937, 0.0016000000400000006, -24.110983662121285
2025-03-30 16:04:55,802 - 2025-03-30T16:04:55.802126, 2.0515030220616666, 0.0, -0.42537325310771035, 114.23908366218585, 13.4643064520939, -60.93623171882731, 0.0016000000400000006, -24.23908366218585
2025-03-30 16:04:55,861 - 2025-03-30T16:04:55.861534, 2.0582636441303563, 0.0, -0.4220364898190816, 114.37978366225667, 13.682587578615681, -61.052106468014316, 0.0016000000400000006, -24.37978366225667
2025-03-30 16:04:55,920 - 2025-03-30T16:04:55.920938, 2.0654554962725795, 0.0, -0.41881821966814625, 114.49458366231438, 13.915112686084228, -61.164516309469846, 0.0016000000400000006, -24.494583662314383
2025-03-30 16:04:55,962 - 2025-03-30T16:04:55.962543, 2.0706930169113273, 0.0, -0.4161296554493319, 114.62328366237895, 14.084116980078, -61.2576781349006, 0.0016000000400000006, -24.623283662378952
2025-03-30 16:04:56,021 - 2025-03-30T16:04:56.020977, 2.078092909024272, 0.0, -0.4128294135314139, 114.73038366243264, 14.323379152244698, -61.372975207547576, 0.0016000000400000006, -24.730383662432647
2025-03-30 16:04:56,081 - 2025-03-30T16:04:56.081026, 2.0853288576032516, 0.0, -0.40911309167205356, 114.95358366254432, 14.556866862028507, -61.50174640959084, 0.0016000000400000006, -24.953583662544318
2025-03-30 16:04:56,142 - 2025-03-30T16:04:56.142356, 2.0923050947087085, 0.0, -0.40583557495227174, 115.01868366257682, 14.782269979023681, -61.615888704912095, 0.0016000000400000006, -25.01868366257682
2025-03-30 16:04:56,202 - 2025-03-30T16:04:56.202320, 2.099474221652796, 0.0, -0.4021936497938481, 115.05428366259461, 15.013640309166526, -61.742157601539176, 0.0016000000400000006, -25.054283662594617
2025-03-30 16:04:56,261 - 2025-03-30T16:04:56.261327, 2.106486980128964, 0.0, -0.39827686302981213, 115.11508366262494, 15.23962110270174, -61.87728094250532, 0.0016000000400000006, -25.11508366262494
2025-03-30 16:04:56,321 - 2025-03-30T16:04:56.321857, 2.112846672388301, 0.0, -0.3953864799468061, 114.99748366256625, 15.44519795137768, -61.978141859195134, 0.0016000000400000006, -24.997483662566253
2025-03-30 16:04:56,381 - 2025-03-30T16:04:56.381295, 2.118857106341088, 0.0, -0.39258564369682825, 114.9757836625554, 15.639418050298318, -62.07573061891826, 0.0016000000400000006, -24.9757836625554
2025-03-30 16:04:56,442 - 2025-03-30T16:04:56.442456, 2.1251499769655333, 0.0, -0.3897696573147602, 114.67378366240426, 15.842877519333292, -62.17408923019184, 0.0016000000400000006, -24.67378366240426
2025-03-30 16:04:56,501 - 2025-03-30T16:04:56.500835, 2.1324010756766034, 0.0, -0.38633577212705816, 114.553583662344, 16.077135080667574, -62.29362106212076, 0.0016000000400000006, -24.553583662343996
2025-03-30 16:04:56,543 - 2025-03-30T16:04:56.543229, 2.13744570647672, 0.0, -0.3840116163468843, 114.37718366225536, 16.240172161513655, -62.374656286245745, 0.0016000000400000006, -24.377183662255362
2025-03-30 16:04:56,581 - 2025-03-30T16:04:56.581508, 2.1428547457154776, 0.0, -0.38188035040534185, 114.30688366222002, 16.415335843665524, -62.449724297223035, 0.0016000000400000006, -24.306883662220017
2025-03-30 16:04:56,622 - 2025-03-30T16:04:56.622128, 2.1483078813909917, 0.0, -0.379251032755374, 114.20948366217095, 16.59146212813267, -62.541153668788056, 0.0016000000400000006, -24.209483662170953
2025-03-30 16:04:56,661 - 2025-03-30T16:04:56.661696, 2.1538505638995336, 0.0, -0.3769709734119573, 114.04258366208678, 16.770860569566487, -62.62122629059775, 0.0016000000400000006, -24.042583662086784
2025-03-30 16:04:56,701 - 2025-03-30T16:04:56.701200, 2.1590439881015246, 0.0, -0.374780460901567, 114.00028366206543, 16.938902261244976, -62.6980267554408, 0.0016000000400000006, -24.000283662065428
2025-03-30 16:04:56,741 - 2025-03-30T16:04:56.741795, 2.164601820742157, 0.0, -0.3727828382298086, 113.67548366190108, 17.119070554229253, -62.768860007136155, 0.0016000000400000006, -23.675483661901083
2025-03-30 16:04:56,782 - 2025-03-30T16:04:56.782025, 2.169921313147887, 0.0, -0.370302313981715, 113.61528366187055, 17.290962079414463, -62.855284767868774, 0.0016000000400000006, -23.61528366187055
2025-03-30 16:04:56,821 - 2025-03-30T16:04:56.821467, 2.1751815589847703, 0.0, -0.3680374047703885, 113.55988366184242, 17.461121150733923, -62.93458753812801, 0.0016000000400000006, -23.55988366184242
2025-03-30 16:04:56,861 - 2025-03-30T16:04:56.861088, 2.1804280086490775, 0.0, -0.3668354206108049, 113.38628366175425, 17.631857322839032, -62.97905020757079, 0.0016000000400000006, -23.38628366175425
2025-03-30 16:04:56,900 - 2025-03-30T16:04:56.900867, 2.1854802145152394, 0.0, -0.3646524831664597, 113.2211836616702, 17.795279329460357, -63.055465746638625, 0.0016000000400000006, -23.221183661670196
2025-03-30 16:04:56,961 - 2025-03-30T16:04:56.961924, 2.1929696534612115, 0.0, -0.36170149955509334, 112.82038366146547, 18.0378136585937, -63.15940606953025, 0.0016000000400000006, -22.82038366146547
2025-03-30 16:04:57,021 - 2025-03-30T16:04:57.020978, 2.2006822825099954, 0.0, -0.3589509808484035, 112.41608366125803, 18.287854903975663, -63.25699425349895, 0.0016000000400000006, -22.41608366125803
2025-03-30 16:04:57,062 - 2025-03-30T16:04:57.061950, 2.2059652535450143, 0.0, -0.3571097266445644, 112.12938366111032, 18.45916875262084, -63.32243796858667, 0.0016000000400000006, -22.129383661110325
2025-03-30 16:04:57,121 - 2025-03-30T16:04:57.121351, 2.213721979030555, 0.0, -0.35386115622944825, 111.79258366093617, 18.71017260031808, -63.43638751314314, 0.0016000000400000006, -21.792583660936174
2025-03-30 16:04:57,161 - 2025-03-30T16:04:57.161301, 2.2188196352929874, 0.0, -0.35252552880008015, 111.4728836607702, 18.875904161590775, -63.48508494186788, 0.0016000000400000006, -21.472883660770194
2025-03-30 16:04:57,201 - 2025-03-30T16:04:57.201630, 2.2243623178015293, 0.0, -0.350245469456663, 111.12008366058636, 19.055302603024593, -63.56515756367759, 0.0016000000400000006, -21.12008366058636
2025-03-30 16:04:57,241 - 2025-03-30T16:04:57.241755, 2.229734835669575, 0.0, -0.34875347355937514, 110.82798366043349, 19.229888608636386, -63.61924452900996, 0.0016000000400000006, -20.827983660433492
2025-03-30 16:04:57,281 - 2025-03-30T16:04:57.281239, 2.235114928603667, 0.0, -0.34740269599791596, 110.56008366029289, 19.404859540023466, -63.66871180928519, 0.0016000000400000006, -20.56008366029289
2025-03-30 16:04:57,321 - 2025-03-30T16:04:57.321554, 2.240189859667964, 0.0, -0.34564341356106, 110.21838366011282, 19.569436323970464, -63.73126829318146, 0.0016000000400000006, -20.21838366011282
2025-03-30 16:04:57,360 - 2025-03-30T16:04:57.360941, 2.245495555901118, 0.0, -0.3442258143647092, 109.83388365990935, 19.741904949941308, -63.78285295309764, 0.0016000000400000006, -19.833883659909347
2025-03-30 16:04:57,401 - 2025-03-30T16:04:57.401049, 2.250660033798443, 0.0, -0.34281579023440356, 109.41418365968613, 19.909753890854994, -63.8340526872386, 0.0016000000400000006, -19.41418365968613
2025-03-30 16:04:57,441 - 2025-03-30T16:04:57.441732, 2.2556908684259835, 0.0, -0.3415545595059726, 108.96298365944486, 20.073368072486723, -63.88024781054714, 0.0016000000400000006, -18.96298365944486
2025-03-30 16:04:57,480 - 2025-03-30T16:04:57.480891, 2.2608036748205067, 0.0, -0.3405013687482632, 108.47668365918331, 20.23986948530988, -63.919705869157525, 0.0016000000400000006, -18.47668365918331
2025-03-30 16:04:57,520 - 2025-03-30T16:04:57.520680, 2.2659316313471196, 0.0, -0.3397306146622121, 107.94248365889413, 20.407140749683492, -63.949924557653574, 0.0016000000400000006, -17.942483658894133
2025-03-30 16:04:57,581 - 2025-03-30T16:04:57.581446, 2.2736380392893727, 0.0, -0.33818423934309383, 107.19008365848352, 20.658144021626335, -64.00805295574868, 0.0016000000400000006, -17.190083658483516
2025-03-30 16:04:57,620 - 2025-03-30T16:04:57.620726, 2.278825242384833, 0.0, -0.33719787022027603, 106.7017836582149, 20.8271477398657, -64.04539363471811, 0.0016000000400000006, -16.701783658214893
2025-03-30 16:04:57,661 - 2025-03-30T16:04:57.661089, 2.2840792671151853, 0.0, -0.33613710439652156, 106.16798365791925, 20.99826883774604, -64.08523661910374, 0.0016000000400000006, -16.16798365791925
2025-03-30 16:04:57,701 - 2025-03-30T16:04:57.701542, 2.289556481948349, 0.0, -0.33527680347744315, 105.62758365761789, 21.17689685187497, -64.11872746456645, 0.0016000000400000006, -15.62758365761789
2025-03-30 16:04:57,741 - 2025-03-30T16:04:57.741540, 2.294818081744747, 0.0, -0.3343572559895178, 105.12498365733565, 21.34840287553056, -64.15395076389488, 0.0016000000400000006, -15.12498365733565
2025-03-30 16:04:57,781 - 2025-03-30T16:04:57.781194, 2.300495761482587, 0.0, -0.3332737649676272, 104.51118365698836, 21.533383028582413, -64.19494852560622, 0.0016000000400000006, -14.511183656988365
2025-03-30 16:04:57,821 - 2025-03-30T16:04:57.821013, 2.306188591352518, 0.0, -0.33247271061739614, 103.9815836566864, 21.719133033184754, -64.22670691720317, 0.0016000000400000006, -13.981583656686396
2025-03-30 16:04:57,861 - 2025-03-30T16:04:57.861217, 2.311673381251727, 0.0, -0.3317536280341469, 103.34238365631904, 21.898145973088923, -64.25557807760872, 0.0016000000400000006, -13.342383656319043
2025-03-30 16:04:57,901 - 2025-03-30T16:04:57.900996, 2.3173662111216577, 0.0, -0.3309525736839154, 102.87258365604697, 22.08389597769125, -64.28733646920567, 0.0016000000400000006, -12.87258365604697
2025-03-30 16:04:57,941 - 2025-03-30T16:04:57.941005, 2.3229922193566965, 0.0, -0.33022591603462104, 102.27478365569816, 22.267528602652604, -64.31659255538644, 0.0016000000400000006, -12.274783655698158
2025-03-30 16:04:57,982 - 2025-03-30T16:04:57.982782, 2.32864095278987, 0.0, -0.32992291339281454, 101.71618365536959, 22.452316004939632, -64.33198958639568, 0.0016000000400000006, -11.71618365536959
2025-03-30 16:04:58,020 - 2025-03-30T16:04:58.020822, 2.3342669610249094, 0.0, -0.3291962557435206, 101.14338365502994, 22.635948629901023, -64.36124567257643, 0.0016000000400000006, -11.143383655029936
2025-03-30 16:04:58,061 - 2025-03-30T16:04:58.061398, 2.3399976662250657, 0.0, -0.3291012930724362, 100.44248365461051, 22.82362326337949, -64.36990563888752, 0.0016000000400000006, -10.442483654610513
2025-03-30 16:04:58,101 - 2025-03-30T16:04:58.101026, 2.3453412377884453, 0.0, -0.328389785555232, 99.82688365423859, 22.998016518226486, -64.39839187351782, 0.0016000000400000006, -9.826883654238587
2025-03-30 16:04:58,140 - 2025-03-30T16:04:58.140920, 2.3511311895574494, 0.0, -0.32807920784738087, 99.28708365390969, 23.18742360557073, -64.41417383030227, 0.0016000000400000006, -9.28708365390969
2025-03-30 16:04:58,181 - 2025-03-30T16:04:58.181287, 2.3565050613850094, 0.0, -0.3279325736734937, 98.67878365353586, 23.363356563518643, -64.4241813247039, 0.0016000000400000006, -8.67878365353586
2025-03-30 16:04:58,221 - 2025-03-30T16:04:58.221227, 2.3618121115776782, 0.0, -0.32786033620054456, 98.04438365314238, 23.537172141825607, -64.43168651368929, 0.0016000000400000006, -8.044383653142376
2025-03-30 16:04:58,261 - 2025-03-30T16:04:58.261930, 2.367349926939203, 0.0, -0.3281297819681006, 97.42178365275248, 23.718879562156395, -64.42821987869459, 0.0016000000400000006, -7.421783652752481
2025-03-30 16:04:58,300 - 2025-03-30T16:04:58.300915, 2.3728801672346833, 0.0, -0.3282580093998275, 96.80618365236332, 23.900202056711947, -64.42937292875708, 0.0016000000400000006, -6.806183652363317
2025-03-30 16:04:58,342 - 2025-03-30T16:04:58.342237, 2.3786184475008856, 0.0, -0.32830426506457266, 96.08508365190268, 24.088261615965685, -64.43341321001097, 0.0016000000400000006, -6.0850836519026785
2025-03-30 16:04:58,381 - 2025-03-30T16:04:58.381148, 2.3840818661614733, 0.0, -0.3285068891972367, 95.46278365150098, 24.267466730880265, -64.43206395465724, 0.0016000000400000006, -5.462783651500985
2025-03-30 16:04:58,421 - 2025-03-30T16:04:58.420997, 2.389701653289981, 0.0, -0.3289843749355139, 94.76848365104809, 24.452061382402484, -64.42186025496441, 0.0016000000400000006, -4.768483651048086
2025-03-30 16:04:58,461 - 2025-03-30T16:04:58.461703, 2.3954475086222278, 0.0, -0.3291718489360882, 94.13098365062777, 24.640505867431436, -64.42128085116113, 0.0016000000400000006, -4.130983650627769
2025-03-30 16:04:58,500 - 2025-03-30T16:04:58.500907, 2.400859255780014, 0.0, -0.32973130644134896, 93.41498365015049, 24.81836345425552, -64.40818992027684, 0.0016000000400000006, -3.4149836501504893
2025-03-30 16:04:58,541 - 2025-03-30T16:04:58.541785, 2.4064790429085217, 0.0, -0.3302087921796266, 92.79758364973439, 25.002958105777736, -64.39798622058399, 0.0016000000400000006, -2.797583649734392
2025-03-30 16:04:58,581 - 2025-03-30T16:04:58.581436, 2.411890790066308, 0.0, -0.3307682496848865, 92.27818364938099, 25.180815692601826, -64.38489528969971, 0.0016000000400000006, -2.278183649380992
2025-03-30 16:04:58,621 - 2025-03-30T16:04:58.621404, 2.4176593705966902, 0.0, -0.3313793786929491, 91.5403836488737, 25.37041495495646, -64.37045683072489, 0.0016000000400000006, -1.5403836488737
2025-03-30 16:04:58,661 - 2025-03-30T16:04:58.661549, 2.4231379393893686, 0.0, -0.3318644394972714, 90.88148364841526, 25.550389921421505, -64.35986820525684, 0.0016000000400000006, -0.8814836484152551
2025-03-30 16:04:58,700 - 2025-03-30T16:04:58.700934, 2.4285648366792447, 0.0, -0.33270633367419045, 90.22078364795031, 25.729017359796032, -64.3375379042582, 0.0016000000400000006, -0.2207836479503129
2025-03-30 16:04:58,741 - 2025-03-30T16:04:58.741171, 2.4341770487417076, 0.0, -0.33304260107663897, 89.6207837289389, 25.913227085543042, -64.33195388962253, 0.0016000000400000006, 0.3792162710610967
2025-03-30 16:04:58,781 - 2025-03-30T16:04:58.781592, 2.439380755928773, 0.0, -0.3336840303488815, 88.89658372843095, 26.084347607668988, -64.31597572754681, 0.0016000000400000006, 1.1034162715690456
2025-03-30 16:04:58,821 - 2025-03-30T16:04:58.821006, 2.444689160080956, 0.0, -0.3349571545993335, 88.2136837279577, 26.259510138312052, -64.27940144560142, 0.0016000000400000006, 1.7863162720422991
2025-03-30 16:04:58,861 - 2025-03-30T16:04:58.861024, 2.450123632436877, 0.0, -0.3359402671120817, 87.62218372755218, 26.438522502461808, -64.25245145954561, 0.0016000000400000006, 2.3778162724478165
2025-03-30 16:04:58,901 - 2025-03-30T16:04:58.901062, 2.455342489756032, 0.0, -0.33686413305598295, 86.96978372710954, 26.6104128761382, -64.22723392735554, 0.0016000000400000006, 3.0302162728904563
2025-03-30 16:04:58,941 - 2025-03-30T16:04:58.941149, 2.460792112244045, 0.0, -0.3381296822403903, 86.3196837266732, 26.79019509183845, -64.19104457118536, 0.0016000000400000006, 3.6803162733267953
2025-03-30 16:04:58,981 - 2025-03-30T16:04:58.981837, 2.4658105046585233, 0.0, -0.33927673828710336, 85.77418372631065, 26.95573332659192, -64.15832012274667, 0.0016000000400000006, 4.225816273689347
2025-03-30 16:04:59,022 - 2025-03-30T16:04:59.022922, 2.4711037586786153, 0.0, -0.3402674258658962, 85.01568372581178, 27.130126005684502, -64.13098521091565, 0.0016000000400000006, 4.984316274188217
2025-03-30 16:04:59,060 - 2025-03-30T16:04:59.060938, 2.4763453411959064, 0.0, -0.34161494681728577, 84.34318372537454, 27.303171156686602, -64.09190862355405, 0.0016000000400000006, 5.656816274625456
2025-03-30 16:04:59,101 - 2025-03-30T16:04:59.101207, 2.4815201020783046, 0.0, -0.34303686446961246, 83.63628372491992, 27.47409892804771, -64.05032973077624, 0.0016000000400000006, 6.36371627508008
2025-03-30 16:04:59,141 - 2025-03-30T16:04:59.141640, 2.4869697245663174, 0.0, -0.34430241365401937, 82.9894837245083, 27.653881143747967, -64.01414037460609, 0.0016000000400000006, 7.010516275491696
2025-03-30 16:04:59,182 - 2025-03-30T16:04:59.182445, 2.492650112223186, 0.0, -0.3459096460789324, 82.28298372406337, 27.841555201472026, -63.96697919445581, 0.0016000000400000006, 7.717016275936629
2025-03-30 16:04:59,221 - 2025-03-30T16:04:59.221210, 2.4979660914414135, 0.0, -0.3473239886652135, 81.63608372366019, 28.017102657890298, -63.92578522745325, 0.0016000000400000006, 8.363916276339808
2025-03-30 16:04:59,260 - 2025-03-30T16:04:59.260671, 2.5032152490247492, 0.0, -0.34881272795243223, 80.97838372325425, 28.190532734667613, -63.88208895503447, 0.0016000000400000006, 9.021616276745746
2025-03-30 16:04:59,302 - 2025-03-30T16:04:59.302120, 2.5084795567401756, 0.0, -0.35058390391130967, 80.30228372284108, 28.3647326629954, -63.82915331250134, 0.0016000000400000006, 9.697716277158918
2025-03-30 16:04:59,341 - 2025-03-30T16:04:59.341399, 2.513743864455602, 0.0, -0.3523550798701871, 79.67458372246116, 28.538932591323203, -63.77621766996822, 0.0016000000400000006, 10.325416277538835
2025-03-30 16:04:59,381 - 2025-03-30T16:04:59.381447, 2.518792557134261, 0.0, -0.3540670092602176, 78.91888372200836, 28.70601052917757, -63.725014481300825, 0.0016000000400000006, 11.08111627799164
2025-03-30 16:04:59,421 - 2025-03-30T16:04:59.421105, 2.523923221579903, 0.0, -0.35598697862096973, 78.26638372162134, 28.875975698223414, -63.66707422793529, 0.0016000000400000006, 11.733616278378662
2025-03-30 16:04:59,460 - 2025-03-30T16:04:59.460830, 2.5289126676897156, 0.0, -0.3579145230477665, 77.57268372121376, 29.041321182212066, -63.60874904879453, 0.0016000000400000006, 12.427316278786236
2025-03-30 16:04:59,501 - 2025-03-30T16:04:59.501715, 2.534176975405142, 0.0, -0.3596856990066444, 77.01308372088786, 29.215521110539854, -63.55581340626139, 0.0016000000400000006, 12.986916279112137
2025-03-30 16:04:59,541 - 2025-03-30T16:04:59.541195, 2.5393744614856755, 0.0, -0.36153127166645893, 76.41978372054511, 29.38760365922665, -63.500375458312064, 0.0016000000400000006, 13.58021627945489
2025-03-30 16:04:59,582 - 2025-03-30T16:04:59.582628, 2.544713165902039, 0.0, -0.36336926926022883, 75.85678372022242, 29.56430589297063, -63.44532243613796, 0.0016000000400000006, 14.143216279777578
2025-03-30 16:04:59,621 - 2025-03-30T16:04:59.621025, 2.549918227048618, 0.0, -0.36535606025587253, 75.28518371989732, 29.73677336743267, -63.385264803131456, 0.0016000000400000006, 14.71481628010268
2025-03-30 16:04:59,662 - 2025-03-30T16:04:59.662036, 2.55504889149426, 0.0, -0.3672760296166242, 74.7382837195886, 29.9067385364785, -63.327324549765926, 0.0016000000400000006, 15.261716280411406
2025-03-30 16:04:59,704 - 2025-03-30T16:04:59.703965, 2.5601051592389648, 0.0, -0.3691291773424843, 74.20018371928705, 30.074201400108137, -63.27150167604136, 0.0016000000400000006, 15.799816280712946
2025-03-30 16:04:59,741 - 2025-03-30T16:04:59.741265, 2.565325370517634, 0.0, -0.3713984050097867, 73.80208371906532, 30.247438726120627, -63.20220467292051, 0.0016000000400000006, 16.197916280934678
2025-03-30 16:04:59,781 - 2025-03-30T16:04:59.781705, 2.570329966759537, 0.0, -0.3736083861082431, 73.34248371881078, 30.41355406165976, -63.13464012366537, 0.0016000000400000006, 16.657516281189217
2025-03-30 16:04:59,821 - 2025-03-30T16:04:59.821128, 2.575758218008928, 0.0, -0.37579564200856286, 72.73588371847714, 30.5935284523704, -63.06823035173597, 0.0016000000400000006, 17.26411628152286
2025-03-30 16:04:59,862 - 2025-03-30T16:04:59.862854, 2.5811120725573815, 0.0, -0.37791607627399104, 72.37668371828077, 30.77100053766484, -63.00393795944751, 0.0016000000400000006, 17.623316281719227
2025-03-30 16:04:59,901 - 2025-03-30T16:04:59.901025, 2.5860574222304376, 0.0, -0.38034167240921324, 71.79658371796559, 30.935383419338216, -62.92925141971902, 0.0016000000400000006, 18.20341628203441
2025-03-30 16:04:59,942 - 2025-03-30T16:04:59.942071, 2.5912700584430617, 0.0, -0.3824696817406865, 71.2767837176851, 31.108235819575484, -62.86457410165534, 0.0016000000400000006, 18.723216282314894
2025-03-30 16:04:59,981 - 2025-03-30T16:04:59.981014, 2.596274654684964, 0.0, -0.3846796628391429, 70.82478371744271, 31.2743511551146, -62.797009552400205, 0.0016000000400000006, 19.175216282557287
2025-03-30 16:05:00,021 - 2025-03-30T16:05:00.021027, 2.6014431944608325, 0.0, -0.3873057238790416, 70.40808371722042, 31.4462409530366, -62.71597087374879, 0.0016000000400000006, 19.59191628277958
2025-03-30 16:05:00,061 - 2025-03-30T16:05:00.061338, 2.6064629408348257, 0.0, -0.38979814164915627, 69.99618371700181, 31.613126140126184, -62.63916695437931, 0.0016000000400000006, 20.003816282998187
2025-03-30 16:05:00,120 - 2025-03-30T16:05:00.120955, 2.6135279195048358, 0.0, -0.3934554735171023, 69.3012837166355, 31.848151249993293, -62.5261748303485, 0.0016000000400000006, 20.698716283364504
2025-03-30 16:05:00,181 - 2025-03-30T16:05:00.181218, 2.621031703314425, 0.0, -0.3973725168585722, 68.7001837163211, 32.09780526658241, -62.40509811352901, 0.0016000000400000006, 21.299816283678894
2025-03-30 16:05:00,222 - 2025-03-30T16:05:00.222012, 2.6258358346516513, 0.0, -0.39980568805983996, 68.18748371605471, 32.25756846319861, -62.330026648025274, 0.0016000000400000006, 21.812516283945286
2025-03-30 16:05:00,261 - 2025-03-30T16:05:00.260970, 2.6308631560916895, 0.0, -0.4024393241657833, 67.85158371588106, 32.42483857606342, -62.24860304359864, 0.0016000000400000006, 22.148416284118937
2025-03-30 16:05:00,321 - 2025-03-30T16:05:00.321262, 2.6382181464994043, 0.0, -0.4062227242374692, 67.2166837155547, 32.66948798182015, -62.1317610860611, 0.0016000000400000006, 22.783316284445306
2025-03-30 16:05:00,361 - 2025-03-30T16:05:00.361190, 2.643297139442244, 0.0, -0.4084995269708167, 66.85368371536919, 32.83810562277545, -62.062079157165016, 0.0016000000400000006, 23.146316284630814
2025-03-30 16:05:00,421 - 2025-03-30T16:05:00.421914, 2.6501616532075785, 0.0, -0.41238004894157543, 66.37898371512775, 33.06677859371967, -61.94158011688557, 0.0016000000400000006, 23.621016284872255
2025-03-30 16:05:00,463 - 2025-03-30T16:05:00.463040, 2.654898962909913, 0.0, -0.41488761684377984, 65.79768371483387, 33.224424410694894, -61.86400634596565, 0.0016000000400000006, 24.202316285166134
2025-03-30 16:05:00,521 - 2025-03-30T16:05:00.521482, 2.662328350018565, 0.0, -0.4187378385503582, 65.30238371458498, 33.47157612186782, -61.74504700878712, 0.0016000000400000006, 24.697616285415023
2025-03-30 16:05:00,581 - 2025-03-30T16:05:00.581594, 2.6694828755216022, 0.0, -0.42274442872485496, 64.76688371431744, 33.709873388701595, -61.620698135000985, 0.0016000000400000006, 25.233116285682556
2025-03-30 16:05:00,641 - 2025-03-30T16:05:00.641200, 2.6767042226595326, 0.0, -0.42667662219841507, 64.17788371402501, 33.95028803517636, -61.49885156663104, 0.0016000000400000006, 25.822116285974985
2025-03-30 16:05:00,701 - 2025-03-30T16:05:00.701453, 2.6837175298267413, 0.0, -0.4306907874389574, 63.56708371372373, 34.183965616952975, -61.37411776706966, 0.0016000000400000006, 26.432916286276267
2025-03-30 16:05:00,760 - 2025-03-30T16:05:00.760960, 2.6907535621920853, 0.0, -0.435128607686988, 63.021383713456224, 34.418797976055274, -61.23552491233674, 0.0016000000400000006, 26.978616286543776
2025-03-30 16:05:00,821 - 2025-03-30T16:05:00.821625, 2.697707622790447, 0.0, -0.43935838796429705, 62.57218371323721, 34.65074310396615, -61.10366912230199, 0.0016000000400000006, 27.42781628676279
2025-03-30 16:05:00,880 - 2025-03-30T16:05:00.880946, 2.7045204650529793, 0.0, -0.44359574330765117, 61.988083712953966, 34.87806854681984, -60.971428406492, 0.0016000000400000006, 28.011916287046034
2025-03-30 16:05:00,941 - 2025-03-30T16:05:00.941158, 2.711415279082494, 0.0, -0.4480411386217269, 61.506483712721746, 35.10828122086497, -60.83245062598385, 0.0016000000400000006, 28.493516287278254
2025-03-30 16:05:01,001 - 2025-03-30T16:05:01.001225, 2.7180944780752423, 0.0, -0.45242728736695526, 60.96908371246398, 35.331371904436715, -60.69520529934147, 0.0016000000400000006, 29.030916287536026
2025-03-30 16:05:01,061 - 2025-03-30T16:05:01.061306, 2.724788827200081, 0.0, -0.4570958727838428, 60.46638371222413, 35.555232439558935, -60.54872060258472, 0.0016000000400000006, 29.533616287775875
2025-03-30 16:05:01,124 - 2025-03-30T16:05:01.124027, 2.7314012045579372, 0.0, -0.4615564182300087, 60.060283712031264, 35.77620574348972, -60.40897297052612, 0.0016000000400000006, 29.939716287968736
2025-03-30 16:05:01,181 - 2025-03-30T16:05:01.181061, 2.738296018587452, 0.0, -0.466001813544084, 59.56088371179518, 36.006418417534846, -60.269995190017994, 0.0016000000400000006, 30.439116288204822
2025-03-30 16:05:01,241 - 2025-03-30T16:05:01.240969, 2.7451240109820745, 0.0, -0.4705216055590977, 59.09858371157767, 36.234513711938995, -60.12851510409362, 0.0016000000400000006, 30.901416288422336
2025-03-30 16:05:01,301 - 2025-03-30T16:05:01.301638, 2.751921703112517, 0.0, -0.4744765242307931, 58.813383711444004, 36.46106930324224, -60.00551375839799, 0.0016000000400000006, 31.186616288556
2025-03-30 16:05:01,361 - 2025-03-30T16:05:01.361723, 2.758549230602463, 0.0, -0.47921950634861776, 58.415283711258006, 36.68281245872347, -59.85652675622504, 0.0016000000400000006, 31.58471628874199
2025-03-30 16:05:01,421 - 2025-03-30T16:05:01.421224, 2.7654743448961585, 0.0, -0.4842297750060105, 57.915083711025346, 36.91456483586952, -59.6990702354882, 0.0016000000400000006, 32.084916288974654
2025-03-30 16:05:01,481 - 2025-03-30T16:05:01.481302, 2.7723250624889166, 0.0, -0.48917322202851166, 57.51048371083798, 37.143814907599385, -59.54373109439233, 0.0016000000400000006, 32.48951628916202
2025-03-30 16:05:01,543 - 2025-03-30T16:05:01.542983, 2.779532613454271, 0.0, -0.4941683405538142, 57.039783710620895, 37.384806654859794, -59.38704442520595, 0.0016000000400000006, 32.960216289379105
2025-03-30 16:05:01,601 - 2025-03-30T16:05:01.601754, 2.786175291076307, 0.0, -0.49919375934329757, 56.687283710459, 37.607319661891474, -59.22881805291865, 0.0016000000400000006, 33.312716289541
2025-03-30 16:05:01,661 - 2025-03-30T16:05:01.661402, 2.792735996931362, 0.0, -0.5040111381620598, 56.26288371026474, 37.82694543773175, -59.077328745329474, 0.0016000000400000006, 33.73711628973526
2025-03-30 16:05:01,721 - 2025-03-30T16:05:01.721341, 2.7994379211222453, 0.0, -0.5088209419147764, 56.01138371015, 38.05119089862919, -58.92622436351555, 0.0016000000400000006, 33.98861628985
2025-03-30 16:05:01,782 - 2025-03-30T16:05:01.781956, 2.8053745070651352, 0.0, -0.5138842360344857, 55.70398371001013, 38.25060548037501, -58.766073362352095, 0.0016000000400000006, 34.29601628998987
2025-03-30 16:05:01,841 - 2025-03-30T16:05:01.841005, 2.811860816219253, 0.0, -0.5186347932183555, 55.35108370985001, 38.467728950799085, -58.61670143440391, 0.0016000000400000006, 34.64891629014999
2025-03-30 16:05:01,901 - 2025-03-30T16:05:01.901085, 2.8184959187752447, 0.0, -0.5235189936720097, 55.00048370969148, 38.68985703205557, -58.46309474717377, 0.0016000000400000006, 34.99951629030852
2025-03-30 16:05:01,962 - 2025-03-30T16:05:01.962421, 2.824982227929361, 0.0, -0.528269550855879, 54.756083709581226, 38.906980502479605, -58.3137228192256, 0.0016000000400000006, 35.243916290418774
2025-03-30 16:05:02,022 - 2025-03-30T16:05:02.022395, 2.831550508850461, 0.0, -0.5332281480104708, 54.42968370943442, 39.12699120409513, -58.15761382657926, 0.0016000000400000006, 35.57031629056558
2025-03-30 16:05:02,081 - 2025-03-30T16:05:02.081365, 2.8382600081073894, 0.0, -0.5381791700990162, 54.12698370929863, 39.351621590767785, -58.001889759708185, 0.0016000000400000006, 35.87301629070137
2025-03-30 16:05:02,141 - 2025-03-30T16:05:02.141199, 2.844694645758705, 0.0, -0.5432865606554822, 53.821883709162144, 39.56739753310134, -57.84077615622943, 0.0016000000400000006, 36.178116290837856
2025-03-30 16:05:02,204 - 2025-03-30T16:05:02.204254, 2.8511885299788675, 0.0, -0.5481783361751811, 53.591783709059456, 39.78490592930065, -57.68678454322408, 0.0016000000400000006, 36.408216290940544
2025-03-30 16:05:02,261 - 2025-03-30T16:05:02.261497, 2.857608017498092, 0.0, -0.5530032900599888, 53.23428370890031, 39.99991202008371, -57.53491030985967, 0.0016000000400000006, 36.76571629109969
2025-03-30 16:05:02,320 - 2025-03-30T16:05:02.320946, 2.8638573403768213, 0.0, -0.5586163073909249, 52.86118370873474, 40.21010567504482, -57.35705042001797, 0.0016000000400000006, 37.13881629126526
2025-03-30 16:05:02,381 - 2025-03-30T16:05:02.381428, 2.870150759692307, 0.0, -0.5637312730134356, 52.6305837086327, 40.421261932321194, -57.19555189076401, 0.0016000000400000006, 37.3694162913673
2025-03-30 16:05:02,442 - 2025-03-30T16:05:02.442934, 2.8764517540738384, 0.0, -0.5689874569717759, 52.33868370850381, 40.63280311537281, -57.02943367645286, 0.0016000000400000006, 37.66131629149619
2025-03-30 16:05:02,501 - 2025-03-30T16:05:02.501338, 2.88259637998745, 0.0, -0.5739687793245025, 52.27018370847361, 40.83895476181678, -56.87216990648084, 0.0016000000400000006, 37.72981629152639
2025-03-30 16:05:02,563 - 2025-03-30T16:05:02.562984, 2.888741005901061, 0.0, -0.5789501016772292, 52.005383708357016, 41.045106408260736, -56.714906136508816, 0.0016000000400000006, 37.994616291642984
2025-03-30 16:05:02,620 - 2025-03-30T16:05:02.620804, 2.8945956200769682, 0.0, -0.5838053558262173, 51.80908370827077, 41.24163375881511, -56.561492200043496, 0.0016000000400000006, 38.19091629172924
2025-03-30 16:05:02,681 - 2025-03-30T16:05:02.681567, 2.9004729594510117, 0.0, -0.5890842649826928, 51.521583708144696, 41.439315886695205, -56.39421920840665, 0.0016000000400000006, 38.478416291855304
2025-03-30 16:05:02,741 - 2025-03-30T16:05:02.741223, 2.90684835053348, 0.0, -0.5944072705759256, 51.341383708065834, 41.653359375163014, -56.22598361445453, 0.0016000000400000006, 38.658616291934166
2025-03-30 16:05:02,800 - 2025-03-30T16:05:02.800924, 2.9135061782876073, 0.0, -0.5997151260370677, 51.22308370801414, 41.87664223374518, -56.058517872052875, 0.0016000000400000006, 38.77691629198586
2025-03-30 16:05:02,861 - 2025-03-30T16:05:02.861856, 2.919933240872877, 0.0, -0.6046812982577037, 51.12508370797134, 42.0920332503035, -55.90202395363132, 0.0016000000400000006, 38.87491629202866
2025-03-30 16:05:02,920 - 2025-03-30T16:05:02.920815, 2.9265910686270042, 0.0, -0.6099891537188458, 51.09208370795694, 42.31531610888567, -55.73455821122966, 0.0016000000400000006, 38.90791629204306
2025-03-30 16:05:02,981 - 2025-03-30T16:05:02.981878, 2.9329072131406257, 0.0, -0.6155277743488448, 50.84728370785022, 42.527627143487734, -55.559200626804156, 0.0016000000400000006, 39.15271629214978
2025-03-30 16:05:03,041 - 2025-03-30T16:05:03.041820, 2.9395574658287074, 0.0, -0.6206944114741573, 50.80908370783357, 42.750525076294664, -55.39635456945969, 0.0016000000400000006, 39.19091629216643
2025-03-30 16:05:03,121 - 2025-03-30T16:05:03.121876, 2.9448837280320093, 0.0, -0.6249406958430712, 50.74558370780594, 42.92915136316039, -55.26238197553835, 0.0016000000400000006, 39.25441629219406
2025-03-30 16:05:03,343 - 2025-03-30T16:05:03.343504, 2.950322262266474, 0.0, -0.6299598935260238, 50.71498370779263, 43.11220458431849, -55.103193576690174, 0.0016000000400000006, 39.28501629220737
2025-03-30 16:05:03,401 - 2025-03-30T16:05:03.401161, 2.956764474983834, 0.0, -0.6352085024183189, 50.606783707745585, 43.32836545242726, -54.937460288154256, 0.0016000000400000006, 39.393216292254415
2025-03-30 16:05:03,442 - 2025-03-30T16:05:03.442212, 2.962023915552244, 0.0, -0.6395291834881696, 50.63768370775902, 43.504874359652035, -54.80098538881673, 0.0016000000400000006, 39.36231629224098
2025-03-30 16:05:03,481 - 2025-03-30T16:05:03.481346, 2.9677965579611687, 0.0, -0.6441763976664361, 50.60098370774306, 43.69851447901497, -54.65430851704956, 0.0016000000400000006, 39.39901629225694
2025-03-30 16:05:03,523 - 2025-03-30T16:05:03.523236, 2.9735175288672924, 0.0, -0.649180445217298, 50.572783707730814, 43.89080707028742, -54.49588996975185, 0.0016000000400000006, 39.427216292269186
2025-03-30 16:05:03,560 - 2025-03-30T16:05:03.560899, 2.9796470046488137, 0.0, -0.6538793308983664, 50.52468370770991, 44.09618886518094, -54.34786556989417, 0.0016000000400000006, 39.47531629229009
2025-03-30 16:05:03,601 - 2025-03-30T16:05:03.600983, 2.985560865393568, 0.0, -0.6585189700105869, 50.52288370770913, 44.294448669601046, -54.20157362390225, 0.0016000000400000006, 39.47711629229087
2025-03-30 16:05:03,642 - 2025-03-30T16:05:03.642262, 2.990671512560103, 0.0, -0.6627060078106539, 50.58848370773763, 44.46595296599342, -54.069333483846655, 0.0016000000400000006, 39.41151629226237
2025-03-30 16:05:03,701 - 2025-03-30T16:05:03.701009, 2.9973369153802754, 0.0, -0.6681550816076252, 50.57738370773279, 44.68962075035081, -53.89724805638783, 0.0016000000400000006, 39.42261629226721
2025-03-30 16:05:03,761 - 2025-03-30T16:05:03.761614, 3.0036076094976254, 0.0, -0.672846392222648, 50.496483707697664, 44.89962223030147, -53.749608582305385, 0.0016000000400000006, 39.503516292302336
2025-03-30 16:05:03,824 - 2025-03-30T16:05:03.824629, 3.0089490218330175, 0.0, -0.6773751132632206, 50.52798370771136, 45.079018368717676, -53.606396618269706, 0.0016000000400000006, 39.47201629228864
2025-03-30 16:05:03,902 - 2025-03-30T16:05:03.902814, 3.015904436390894, 0.0, -0.6829502552639313, 50.53368370771382, 45.31231044896467, -53.430461357304154, 0.0016000000400000006, 39.46631629228618
2025-03-30 16:05:03,961 - 2025-03-30T16:05:03.961323, 3.021387067062115, 0.0, -0.6874714012384584, 50.61308370774834, 45.49632627243802, -53.287634319043704, 0.0016000000400000006, 39.38691629225166
2025-03-30 16:05:04,020 - 2025-03-30T16:05:04.020953, 3.0275241179096812, 0.0, -0.6923115052553559, 50.59098370773871, 45.70209299310677, -53.13499023412884, 0.0016000000400000006, 39.40901629226129
2025-03-30 16:05:04,081 - 2025-03-30T16:05:04.081492, 3.0338995089921497, 0.0, -0.6976345108485882, 50.572783707730814, 45.916136481574576, -52.96675464017673, 0.0016000000400000006, 39.427216292269186
2025-03-30 16:05:04,141 - 2025-03-30T16:05:04.141027, 3.0404085433444017, 0.0, -0.7028087230399462, 50.572483707730676, 46.13441472932431, -52.80352365705701, 0.0016000000400000006, 39.427516292269324
2025-03-30 16:05:04,200 - 2025-03-30T16:05:04.200900, 3.0472075894343584, 0.0, -0.7081090034350428, 50.89218370786977, 46.362317272963665, -52.6364428404306, 0.0016000000400000006, 39.10781629213023
2025-03-30 16:05:04,260 - 2025-03-30T16:05:04.260887, 3.0534341871149526, 0.0, -0.713298365758491, 50.866783707858694, 46.57135615059909, -52.47244200576042, 0.0016000000400000006, 39.133216292141306
2025-03-30 16:05:04,321 - 2025-03-30T16:05:04.321051, 3.0595788130285637, 0.0, -0.7182796881112177, 50.938483707889944, 46.77750779704304, -52.3151782357884, 0.0016000000400000006, 39.061516292110056
2025-03-30 16:05:04,383 - 2025-03-30T16:05:04.383854, 3.065879807410095, 0.0, -0.7235358720695579, 50.91868370788132, 46.98904898009466, -52.149060021477254, 0.0016000000400000006, 39.08131629211868
2025-03-30 16:05:04,441 - 2025-03-30T16:05:04.441360, 3.072016858257661, 0.0, -0.7283759760864554, 50.995483707914794, 47.194815700763385, -51.9964159365624, 0.0016000000400000006, 39.004516292085206
2025-03-30 16:05:04,501 - 2025-03-30T16:05:04.501420, 3.0785624139806247, 0.0, -0.7329109182335585, 51.082583707952786, 47.413671625053176, -51.8541659990876, 0.0016000000400000006, 38.917416292047214
2025-03-30 16:05:04,561 - 2025-03-30T16:05:04.561761, 3.0847662864630836, 0.0, -0.7376766255495188, 51.05488370794071, 47.62155572536292, -51.70402421958895, 0.0016000000400000006, 38.94511629205929
2025-03-30 16:05:04,621 - 2025-03-30T16:05:04.621313, 3.091267745749291, 0.0, -0.7427096194050469, 51.206783708007016, 47.83944904733744, -51.54541292152643, 0.0016000000400000006, 38.793216291992984
2025-03-30 16:05:04,681 - 2025-03-30T16:05:04.681512, 3.0973607001601007, 0.0, -0.7480477751303702, 51.107783707963776, 48.04425316569089, -51.37640747602382, 0.0016000000400000006, 38.892216292036224
2025-03-30 16:05:04,740 - 2025-03-30T16:05:04.740731, 3.103951706279336, 0.0, -0.7534300272924495, 51.11788370796819, 48.26541864463209, -51.20643942820597, 0.0016000000400000006, 38.88211629203181
2025-03-30 16:05:04,802 - 2025-03-30T16:05:04.802325, 3.1103636187325154, 0.0, -0.7581137628414272, 51.16348370798812, 48.48003980963995, -51.05918487989876, 0.0016000000400000006, 38.83651629201188
2025-03-30 16:05:04,941 - 2025-03-30T16:05:04.941419, 3.1153998691981126, 0.0, -0.7622339790066013, 51.15768370798557, 48.64904180061607, -50.92906211948416, 0.0016000000400000006, 38.84231629201443
2025-03-30 16:05:05,080 - 2025-03-30T16:05:05.080884, 3.1211876617391283, 0.0, -0.7671636298565265, 51.325883708059074, 48.84345177152949, -50.77314587760263, 0.0016000000400000006, 38.674116291940926
2025-03-30 16:05:05,143 - 2025-03-30T16:05:05.143131, 3.127614724324399, 0.0, -0.7721298020771634, 51.343583708066795, 49.05884278808784, -50.61665195918106, 0.0016000000400000006, 38.656416291933205
2025-03-30 16:05:05,181 - 2025-03-30T16:05:05.180999, 3.132807343257916, 0.0, -0.7765248798479512, 51.461783708118524, 49.23323431567161, -50.47767475442734, 0.0016000000400000006, 38.538216291881476
2025-03-30 16:05:05,222 - 2025-03-30T16:05:05.222232, 3.138944394105482, 0.0, -0.7813649838648482, 51.42608370810288, 49.439001036340336, -50.3250306695125, 0.0016000000400000006, 38.57391629189712
2025-03-30 16:05:05,261 - 2025-03-30T16:05:05.261050, 3.145125541389805, 0.0, -0.7857070361733203, 51.53848370815211, 49.64573035932436, -50.188747945185376, 0.0016000000400000006, 38.46151629184789
2025-03-30 16:05:05,300 - 2025-03-30T16:05:05.300815, 3.1511578952722537, 0.0, -0.7899154452120083, 51.58968370817453, 49.84745507147597, -50.0566999801402, 0.0016000000400000006, 38.41031629182547
2025-03-30 16:05:05,340 - 2025-03-30T16:05:05.340885, 3.1567665941472143, 0.0, -0.794146579448832, 51.706683708225846, 50.035320728456064, -49.92349723776933, 0.0016000000400000006, 38.293316291774154
2025-03-30 16:05:05,380 - 2025-03-30T16:05:05.380751, 3.1619213377505058, 0.0, -0.7978355655404732, 51.678883708213654, 50.2077876271637, -49.807618458301484, 0.0016000000400000006, 38.321116291786346
2025-03-30 16:05:05,441 - 2025-03-30T16:05:05.441592, 3.168854027110246, 0.0, -0.8029870525336955, 51.879483708301684, 50.43992493008496, -49.64554225250746, 0.0016000000400000006, 38.120516291698316
2025-03-30 16:05:05,501 - 2025-03-30T16:05:05.501029, 3.174411054482405, 0.0, -0.8075750201431156, 52.079083708389426, 50.62644305897455, -49.50059783460602, 0.0016000000400000006, 37.920916291610574
2025-03-30 16:05:05,561 - 2025-03-30T16:05:05.561071, 3.17999702815923, 0.0, -0.8113824993724501, 52.24458370846231, 50.81315393862894, -49.38125414740671, 0.0016000000400000006, 37.75541629153769
2025-03-30 16:05:05,622 - 2025-03-30T16:05:05.622400, 3.185613302100235, 0.0, -0.815754851945103, 52.391983708527306, 51.00140452138425, -49.24343171997866, 0.0016000000400000006, 37.608016291472694
2025-03-30 16:05:05,682 - 2025-03-30T16:05:05.681999, 3.191437616011962, 0.0, -0.8200452327507737, 52.658083708644845, 51.196392168837704, -49.10849652374205, 0.0016000000400000006, 37.341916291355155
2025-03-30 16:05:05,741 - 2025-03-30T16:05:05.741287, 3.197775131764205, 0.0, -0.8246621466648589, 52.760983708690375, 51.40851102842937, -48.96335935507581, 0.0016000000400000006, 37.239016291309625
2025-03-30 16:05:05,803 - 2025-03-30T16:05:05.803735, 3.2046106992248724, 0.0, -0.8293231570157014, 53.12568370885206, 51.63699124860875, -48.817259584094295, 0.0016000000400000006, 36.87431629114795
2025-03-30 16:05:05,861 - 2025-03-30T16:05:05.861211, 3.21143111655345, 0.0, -0.8337017306948846, 53.509183709022636, 51.864701617237685, -48.68039918322714, 0.0016000000400000006, 36.490816290977364
2025-03-30 16:05:05,921 - 2025-03-30T16:05:05.921196, 3.218400327283902, 0.0, -0.8382139476438528, 54.01288370924754, 52.09741659669902, -48.53930402307801, 0.0016000000400000006, 35.98711629075246
2025-03-30 16:05:05,981 - 2025-03-30T16:05:05.981484, 3.225369538014354, 0.0, -0.8427261645928201, 54.439683709438896, 52.330131576160355, -48.39820886292891, 0.0016000000400000006, 35.560316290561104
2025-03-30 16:05:06,022 - 2025-03-30T16:05:06.022421, 3.230396859454393, 0.0, -0.8453598006987644, 54.85138370962419, 52.49740168902518, -48.31678525850225, 0.0016000000400000006, 35.14861629037581
2025-03-30 16:05:06,081 - 2025-03-30T16:05:06.080986, 3.237335769920664, 0.0, -0.8493071443044142, 55.296083709825105, 52.72857696538557, -48.19416883858185, 0.0016000000400000006, 34.703916290174895
2025-03-30 16:05:06,142 - 2025-03-30T16:05:06.142042, 3.2440514902841238, 0.0, -0.8530540230053885, 55.991383710140894, 52.95224532549739, -48.07790455758437, 0.0016000000400000006, 34.008616289859106
2025-03-30 16:05:06,201 - 2025-03-30T16:05:06.201167, 3.2507155391447813, 0.0, -0.8571577350789585, 56.64548371043983, 53.17456615751866, -47.94989860105632, 0.0016000000400000006, 33.35451628956017
2025-03-30 16:05:06,241 - 2025-03-30T16:05:06.241654, 3.25574286058482, 0.0, -0.8597913711849019, 57.08688371064258, 53.341836270383475, -47.868474996629686, 0.0016000000400000006, 32.91311628935742
2025-03-30 16:05:06,301 - 2025-03-30T16:05:06.301525, 3.262830564452966, 0.0, -0.8638723580603367, 57.62218371088963, 53.57801615757629, -47.741623817427325, 0.0016000000400000006, 32.37781628911037
2025-03-30 16:05:06,342 - 2025-03-30T16:05:06.341979, 3.267991529162788, 0.0, -0.8663572007644058, 57.90738371102177, 53.74952102972304, -47.66520482383309, 0.0016000000400000006, 32.09261628897823
2025-03-30 16:05:06,402 - 2025-03-30T16:05:06.402220, 3.2745067846215714, 0.0, -0.8703272695681918, 58.070983711097746, 53.966837250911915, -47.541433626586986, 0.0016000000400000006, 31.929016288902258
2025-03-30 16:05:06,462 - 2025-03-30T16:05:06.462267, 3.2807988499775433, 0.0, -0.8740968734673014, 58.25268371118224, 54.176646555852194, -47.42401456826381, 0.0016000000400000006, 31.747316288817757
2025-03-30 16:05:06,521 - 2025-03-30T16:05:06.521262, 3.286726506894874, 0.0, -0.8776735875277799, 58.37898371124109, 54.374329259486686, -47.312562723088305, 0.0016000000400000006, 31.62101628875891
2025-03-30 16:05:06,581 - 2025-03-30T16:05:06.581348, 3.29315221552063, 0.0, -0.8812943980250152, 58.66628371137517, 54.588373323708915, -47.20014827559752, 0.0016000000400000006, 31.333716288624824
2025-03-30 16:05:06,661 - 2025-03-30T16:05:06.661660, 3.298849107269103, 0.0, -0.8845294288449876, 58.90888371148872, 54.77816418531953, -47.09966825440213, 0.0016000000400000006, 31.09111628851128
2025-03-30 16:05:18,082 - 2025-03-30T16:05:18.082537, 3.3049407077203985, 0.0, -0.888522222846909, 58.96318371151416, 54.98162135133689, -46.97474227983034, 0.0016000000400000006, 31.03681628848584
2025-03-30 16:05:18,141 - 2025-03-30T16:05:18.141385, 3.311463538245227, 0.0, -0.8926335099865241, 58.86838371146975, 55.199322498301, -46.84635139752706, 0.0016000000400000006, 31.131616288530253
2025-03-30 16:05:18,181 - 2025-03-30T16:05:18.181688, 3.3170192116578714, 0.0, -0.8958761158725421, 58.863483711467445, 55.384493674854475, -46.74548645055643, 0.0016000000400000006, 31.136516288532555
2025-03-30 16:05:18,221 - 2025-03-30T16:05:18.221501, 3.322441241800731, 0.0, -0.8992675151604343, 58.7836837114301, 55.565430092125986, -46.639616892753395, 0.0016000000400000006, 31.2163162885699
2025-03-30 16:05:18,261 - 2025-03-30T16:05:18.261592, 3.32814570861525, 0.0, -0.9026437643162364, 58.771783711424526, 55.755605879511876, -46.534517186500814, 0.0016000000400000006, 31.228216288575478
2025-03-30 16:05:18,301 - 2025-03-30T16:05:18.301448, 3.333842600363724, 0.0, -0.9058787951362088, 58.627983711357295, 55.945396741122515, -46.43403716530543, 0.0016000000400000006, 31.372016288642705
2025-03-30 16:05:18,341 - 2025-03-30T16:05:18.341652, 3.339331452141476, 0.0, -0.9091957977231644, 58.63268371135949, 56.128450538035004, -46.33066991291858, 0.0016000000400000006, 31.36731628864051
2025-03-30 16:05:18,402 - 2025-03-30T16:05:18.402487, 3.3467243178794157, 0.0, -0.9136852894739964, 58.60328371134576, 56.37502457266787, -46.19072953009517, 0.0016000000400000006, 31.39671628865424
2025-03-30 16:05:18,461 - 2025-03-30T16:05:18.461047, 3.353165176637262, 0.0, -0.91758853664289, 58.557083711324175, 56.589838488440535, -46.06907571249005, 0.0016000000400000006, 31.442916288675825
2025-03-30 16:05:18,521 - 2025-03-30T16:05:18.521486, 3.3591823803876197, 0.0, -0.9215145090099193, 58.4735837112852, 56.790793349041685, -45.946267117559216, 0.0016000000400000006, 31.5264162887148
2025-03-30 16:05:18,581 - 2025-03-30T16:05:18.581307, 3.364983969101212, 0.0, -0.9253812348081016, 58.40408371125278, 56.98462621916948, -45.82519097649414, 0.0016000000400000006, 31.59591628874722
2025-03-30 16:05:18,641 - 2025-03-30T16:05:18.641132, 3.3711499662534443, 0.0, -0.929440850444915, 58.347083711226226, 57.19058569060303, -45.698147622281375, 0.0016000000400000006, 31.652916288773774
2025-03-30 16:05:18,702 - 2025-03-30T16:05:18.702830, 3.377880836748994, 0.0, -0.9334701658175479, 58.3678837112359, 57.41502390226527, -45.572643971169526, 0.0016000000400000006, 31.632116288764106
2025-03-30 16:05:18,764 - 2025-03-30T16:05:18.764295, 3.384775650778509, 0.0, -0.9379155611316232, 58.3519837112285, 57.645236576310424, -45.4336661906614, 0.0016000000400000006, 31.648016288771498
2025-03-30 16:05:18,821 - 2025-03-30T16:05:18.821175, 3.3920045729824846, 0.0, -0.9419889729410125, 58.40778371125451, 57.886036148560414, -45.30719993723428, 0.0016000000400000006, 31.59221628874549
2025-03-30 16:05:18,881 - 2025-03-30T16:05:18.881468, 3.3989813587789817, 0.0, -0.9466424082258098, 58.25158371118174, 58.11913605379698, -45.16148509202799, 0.0016000000400000006, 31.748416288818262
2025-03-30 16:05:18,940 - 2025-03-30T16:05:18.940837, 3.405801776107559, 0.0, -0.9510209819049935, 58.208083711161514, 58.3468464224259, -45.02462469116082, 0.0016000000400000006, 31.791916288838486
2025-03-30 16:05:19,002 - 2025-03-30T16:05:19.002311, 3.4126890150710287, 0.0, -0.9553251588832397, 58.18408371115033, 58.576674170695796, -44.89026659570986, 0.0016000000400000006, 31.81591628884967
2025-03-30 16:05:19,061 - 2025-03-30T16:05:19.061164, 3.4195094323996065, 0.0, -0.9597037325624234, 58.08148371110263, 58.80438453932473, -44.75340619484269, 0.0016000000400000006, 31.918516288897372
2025-03-30 16:05:19,121 - 2025-03-30T16:05:19.121623, 3.4265378896989054, 0.0, -0.9640003344746244, 57.977483711054326, 59.038831972651806, -44.619433025166956, 0.0016000000400000006, 32.022516288945674
2025-03-30 16:05:19,181 - 2025-03-30T16:05:19.181025, 3.433455428926556, 0.0, -0.9688693847961884, 57.96338371104778, 59.27019942402264, -44.46659618948728, 0.0016000000400000006, 32.03661628895222
2025-03-30 16:05:19,241 - 2025-03-30T16:05:19.241249, 3.440625104561684, 0.0, -0.9731584116423444, 57.95488371104381, 59.509266542406884, -44.333007945586786, 0.0016000000400000006, 32.04511628895619
2025-03-30 16:05:19,303 - 2025-03-30T16:05:19.303059, 3.4473346038186126, 0.0, -0.9781094337308902, 57.88518371101147, 59.73389692907955, -44.177283878715684, 0.0016000000400000006, 32.11481628898853
2025-03-30 16:05:19,363 - 2025-03-30T16:05:19.363488, 3.454370636183957, 0.0, -0.9825472539789208, 57.6581837109063, 59.96872928818186, -44.03869102398277, 0.0016000000400000006, 32.34181628909371
2025-03-30 16:05:19,421 - 2025-03-30T16:05:19.421943, 3.461339846914409, 0.0, -0.9870594709278881, 57.578083710869244, 60.2014442676432, -43.89759586383368, 0.0016000000400000006, 32.421916289130756
2025-03-30 16:05:19,481 - 2025-03-30T16:05:19.481205, 3.4683166327109065, 0.0, -0.9917129062126855, 57.43448371080286, 60.434544172879775, -43.75188101862738, 0.0016000000400000006, 32.56551628919714
2025-03-30 16:05:19,540 - 2025-03-30T16:05:19.540949, 3.475203871674376, 0.0, -0.9960170831909316, 57.38748371078116, 60.66437192114966, -43.61752292317642, 0.0016000000400000006, 32.612516289218846
2025-03-30 16:05:19,602 - 2025-03-30T16:05:19.602059, 3.4818982207992146, 0.0, -1.0006856686078192, 57.23708371071178, 60.88823245627187, -43.47103822641967, 0.0016000000400000006, 32.76291628928822
2025-03-30 16:05:19,661 - 2025-03-30T16:05:19.661411, 3.488436201456133, 0.0, -1.005079392419093, 57.07898371063895, 61.106703454786434, -43.333407974002036, 0.0016000000400000006, 32.92101628936105
2025-03-30 16:05:19,722 - 2025-03-30T16:05:19.722302, 3.4949817571790973, 0.0, -1.009614334566196, 56.91228371056227, 61.32555937907625, -43.19115803652724, 0.0016000000400000006, 33.08771628943773
2025-03-30 16:05:19,782 - 2025-03-30T16:05:19.782043, 3.5017277778067375, 0.0, -1.0139260866104873, 56.77218371049794, 61.550767442288965, -43.056415015301056, 0.0016000000400000006, 33.22781628950206
2025-03-30 16:05:19,841 - 2025-03-30T16:05:19.841190, 3.5082581833976114, 0.0, -1.018178592085932, 56.626883710431294, 61.768853515028326, -42.9234044479406, 0.0016000000400000006, 33.373116289568706
2025-03-30 16:05:19,901 - 2025-03-30T16:05:19.900982, 3.5153913376620283, 0.0, -1.0231068889763426, 56.45098371035073, 62.00734295687252, -42.76883515839519, 0.0016000000400000006, 33.54901628964927
2025-03-30 16:05:19,962 - 2025-03-30T16:05:19.962637, 3.5225837384952916, 0.0, -1.0278195708299869, 56.3323837102965, 62.24756485258244, -42.62138785932315, 0.0016000000400000006, 33.6676162897035
2025-03-30 16:05:20,021 - 2025-03-30T16:05:20.021453, 3.5292705125540853, 0.0, -1.0323469379110453, 56.11068371019527, 62.471040461929434, -42.479522847623564, 0.0016000000400000006, 33.88931628980473
2025-03-30 16:05:20,082 - 2025-03-30T16:05:20.081960, 3.5359800118110143, 0.0, -1.0372979599995915, 55.945783710120104, 62.69567084860213, -42.32379878075246, 0.0016000000400000006, 34.054216289879896
2025-03-30 16:05:20,141 - 2025-03-30T16:05:20.141693, 3.5425999642349155, 0.0, -1.0418997237815866, 55.84258371007313, 62.91702907830814, -42.17943146363669, 0.0016000000400000006, 34.15741628992687
2025-03-30 16:05:20,204 - 2025-03-30T16:05:20.204475, 3.549376285126736, 0.0, -1.0467763491691953, 55.69158371000448, 63.14377684462176, -42.026209702181795, 0.0016000000400000006, 34.30841628999552
2025-03-30 16:05:20,261 - 2025-03-30T16:05:20.261302, 3.555408639009185, 0.0, -1.0509847582078833, 55.63738370997986, 63.3455015567734, -41.89416173713662, 0.0016000000400000006, 34.36261629002014
2025-03-30 16:05:20,321 - 2025-03-30T16:05:20.321428, 3.5615897862935073, 0.0, -1.0553268105163554, 55.599083709962464, 63.552230879757396, -41.757879012809504, 0.0016000000400000006, 34.400916290037536
2025-03-30 16:05:20,382 - 2025-03-30T16:05:20.382243, 3.5677709335778305, 0.0, -1.059668862824827, 55.426883709884365, 63.75896020274142, -41.62159628848241, 0.0016000000400000006, 34.573116290115635
2025-03-30 16:05:20,441 - 2025-03-30T16:05:20.441865, 3.574034052629136, 0.0, -1.064218955104021, 55.25308370980564, 63.968576756916875, -41.47857649945712, 0.0016000000400000006, 34.74691629019436
2025-03-30 16:05:20,501 - 2025-03-30T16:05:20.501038, 3.580230350045549, 0.0, -1.0688434440841519, 55.05158370971453, 64.17607593145135, -41.33305440501565, 0.0016000000400000006, 34.94841629028547
2025-03-30 16:05:20,563 - 2025-03-30T16:05:20.563550, 3.5870066709373702, 0.0, -1.0737200694717606, 54.88408370963893, 64.402823697765, -41.17983264356076, 0.0016000000400000006, 35.11591629036107
2025-03-30 16:05:20,622 - 2025-03-30T16:05:20.622055, 3.5937085951282537, 0.0, -1.0785298732244772, 54.7994837096008, 64.62706915866244, -41.028728261746835, 0.0016000000400000006, 35.2005162903992
2025-03-30 16:05:20,681 - 2025-03-30T16:05:20.681521, 3.6004180943851827, 0.0, -1.0834808953130235, 54.55848370949231, 64.85169954533512, -40.873004194875726, 0.0016000000400000006, 35.44151629050769
2025-03-30 16:05:20,741 - 2025-03-30T16:05:20.741475, 3.6076332204165817, 0.0, -1.0886172321741556, 54.536783709482535, 65.09307621837075, -40.71169784063217, 0.0016000000400000006, 35.463216290517465
2025-03-30 16:05:20,802 - 2025-03-30T16:05:20.802014, 3.614558334710277, 0.0, -1.0936275008315484, 54.28268370936843, 65.3248285955168, -40.55424131989533, 0.0016000000400000006, 35.71731629063157
2025-03-30 16:05:20,861 - 2025-03-30T16:05:20.861348, 3.6213422306681435, 0.0, -1.0986453445549866, 54.082083709278514, 65.5519612876057, -40.39639987338326, 0.0016000000400000006, 35.917916290721486
2025-03-30 16:05:20,921 - 2025-03-30T16:05:20.921682, 3.6277844433855035, 0.0, -1.1038939534472818, 53.881983709189, 65.76812215571448, -40.23066658484734, 0.0016000000400000006, 36.118016290811
2025-03-30 16:05:20,986 - 2025-03-30T16:05:20.985977, 3.6346654612424425, 0.0, -1.1094022738131004, 53.72858370912045, 65.99891193054525, -40.05684870352275, 0.0016000000400000006, 36.27141629087955
2025-03-30 16:05:21,042 - 2025-03-30T16:05:21.042240, 3.64099540192864, 0.0, -1.113877969391356, 53.61038370906773, 66.21064586436167, -39.916331219913715, 0.0016000000400000006, 36.38961629093227
2025-03-30 16:05:21,101 - 2025-03-30T16:05:21.101493, 3.6475788329818295, 0.0, -1.1191190032176062, 53.42018370898299, 66.43142641752763, -39.750982857153026, 0.0016000000400000006, 36.57981629101701
2025-03-30 16:05:21,160 - 2025-03-30T16:05:21.160887, 3.653857102165225, 0.0, -1.1239515321684586, 53.22478370889608, 66.64181282325353, -39.5987236980134, 0.0016000000400000006, 36.77521629110392
2025-03-30 16:05:21,224 - 2025-03-30T16:05:21.224360, 3.660142946414666, 0.0, -1.12892527945514, 53.009783708800626, 66.85258415475468, -39.44184485381661, 0.0016000000400000006, 36.990216291199374
2025-03-30 16:05:21,281 - 2025-03-30T16:05:21.281823, 3.666146353992448, 0.0, -1.1339141768739123, 52.74088370868148, 67.05411611614149, -39.28419615806934, 0.0016000000400000006, 37.25911629131852
2025-03-30 16:05:21,347 - 2025-03-30T16:05:21.347709, 3.6733022334550007, 0.0, -1.139266128771811, 52.409683708535134, 67.29376033531139, -39.1157678133524, 0.0016000000400000006, 37.590316291464866
2025-03-30 16:05:21,402 - 2025-03-30T16:05:21.402308, 3.678910932329961, 0.0, -1.1434972630086344, 52.20698370844575, 67.48162599229146, -38.982565070981536, 0.0016000000400000006, 37.79301629155425
2025-03-30 16:05:21,462 - 2025-03-30T16:05:21.462119, 3.6853607201133665, 0.0, -1.1488870902367587, 51.93118370832441, 67.69817178617546, -38.812212097388446, 0.0016000000400000006, 38.06881629167559
2025-03-30 16:05:21,521 - 2025-03-30T16:05:21.521587, 3.691810507896772, 0.0, -1.154276917464883, 51.621183708188354, 67.91471758005949, -38.64185912379536, 0.0016000000400000006, 38.378816291811646
2025-03-30 16:05:21,581 - 2025-03-30T16:05:21.581398, 3.6981266524103935, 0.0, -1.159815538094882, 51.35338370807109, 68.12702861466155, -38.46650153936986, 0.0016000000400000006, 38.64661629192891
2025-03-30 16:05:21,644 - 2025-03-30T16:05:21.644914, 3.705082066968269, 0.0, -1.1653906800955927, 50.98898370791196, 68.36032069490852, -38.29056627840431, 0.0016000000400000006, 39.01101629208804
2025-03-30 16:05:21,703 - 2025-03-30T16:05:21.703675, 3.7110338030432497, 0.0, -1.1707364108869602, 50.63958370775986, 68.56050512820482, -38.1211759071265, 0.0016000000400000006, 39.36041629224014
2025-03-30 16:05:21,760 - 2025-03-30T16:05:21.760753, 3.7170006892503205, 0.0, -1.176364578349987, 50.25408370759252, 68.76145941305157, -37.942546165734335, 0.0016000000400000006, 39.74591629240748
2025-03-30 16:05:21,821 - 2025-03-30T16:05:21.821339, 3.7228339321876067, 0.0, -1.1821415392148884, 49.949583707460704, 68.95817893861636, -37.75891181350975, 0.0016000000400000006, 40.050416292539296
2025-03-30 16:05:21,881 - 2025-03-30T16:05:21.881753, 3.7288676400295695, 0.0, -1.1876953099769771, 49.562983707293846, 69.1612506031041, -37.58278437753381, 0.0016000000400000006, 40.437016292706154
2025-03-30 16:05:21,941 - 2025-03-30T16:05:21.941208, 3.7349164980036225, 0.0, -1.193531517410725, 49.149983707116164, 69.36509211914226, -37.3974175714435, 0.0016000000400000006, 40.850016292883836
2025-03-30 16:05:22,001 - 2025-03-30T16:05:22.001580, 3.740965355977675, 0.0, -1.1993677248444734, 48.70298370692452, 69.56893363518043, -37.21205076535317, 0.0016000000400000006, 41.29701629307548
2025-03-30 16:05:22,062 - 2025-03-30T16:05:22.062096, 3.7465237373093485, 0.0, -1.2053010541772942, 48.14598370668663, 69.75679871640611, -37.02302687652096, 0.0016000000400000006, 41.85401629331337
2025-03-30 16:05:22,122 - 2025-03-30T16:05:22.122343, 3.752446527079662, 0.0, -1.211427273348746, 47.68958370649248, 69.95679039893757, -36.828035774541064, 0.0016000000400000006, 42.31041629350752
2025-03-30 16:05:22,161 - 2025-03-30T16:05:22.161424, 3.75634545579258, 0.0, -1.215466871706452, 47.15518370626604, 70.08844998368107, -36.6994532929818, 0.0016000000400000006, 42.84481629373396
2025-03-30 16:05:22,220 - 2025-03-30T16:05:22.220828, 3.7618294404233152, 0.0, -1.2213333794043812, 46.61858370603955, 70.27381275949055, -36.51254678379054, 0.0016000000400000006, 43.38141629396045
2025-03-30 16:05:22,282 - 2025-03-30T16:05:22.282148, 3.7675593403549987, 0.0, -1.2278240070144735, 46.04538370579867, 70.46783722887434, -36.30542908050489, 0.0016000000400000006, 43.95461629420133
2025-03-30 16:05:22,341 - 2025-03-30T16:05:22.341210, 3.773043324985734, 0.0, -1.2336905147124027, 45.51418370557633, 70.65320000468381, -36.11852257131363, 0.0016000000400000006, 44.48581629442368
2025-03-30 16:05:22,401 - 2025-03-30T16:05:22.401884, 3.778483213179713, 0.0, -1.2400550741187564, 44.96438370534711, 70.83760017817801, -35.915254701534664, 0.0016000000400000006, 45.03561629465289
2025-03-30 16:05:22,461 - 2025-03-30T16:05:22.461061, 3.783938251505782, 0.0, -1.2467020701967693, 44.25908370505438, 71.02277020322265, -35.70274746164134, 0.0016000000400000006, 45.74091629494562
2025-03-30 16:05:22,521 - 2025-03-30T16:05:22.521467, 3.7893188931309143, 0.0, -1.2532822446398897, 43.63608370479704, 71.2054379228511, -35.492357601388996, 0.0016000000400000006, 46.36391629520296
2025-03-30 16:05:22,581 - 2025-03-30T16:05:22.581114, 3.794424673150433, 0.0, -1.2600187875509299, 43.08008370456832, 71.37925119814045, -35.27657820452901, 0.0016000000400000006, 46.91991629543168
2025-03-30 16:05:22,644 - 2025-03-30T16:05:22.644813, 3.799522878103906, 0.0, -1.266614112126141, 42.32318370425837, 71.55267954765455, -35.06541849272618, 0.0016000000400000006, 47.67681629574163
2025-03-30 16:05:22,701 - 2025-03-30T16:05:22.701311, 3.8044722896555045, 0.0, -1.2730757934315675, 41.654583703985864, 71.72110328633622, -34.85849354020532, 0.0016000000400000006, 48.345416296014136
2025-03-30 16:05:22,761 - 2025-03-30T16:05:22.761170, 3.809496097908041, 0.0, -1.279604296371886, 41.09088370375708, 71.89202933043413, -34.649451208043494, 0.0016000000400000006, 48.90911629624292
2025-03-30 16:05:22,801 - 2025-03-30T16:05:22.801623, 3.812629688372965, 0.0, -1.283897385096585, 40.58808370355371, 71.99885803602601, -34.51182210713468, 0.0016000000400000006, 49.41191629644629
2025-03-30 16:05:22,862 - 2025-03-30T16:05:22.862031, 3.8175866749906087, 0.0, -1.290500284737841, 39.9423837032935, 72.16766670048293, -34.300277469556626, 0.0016000000400000006, 50.0576162967065
2025-03-30 16:05:22,901 - 2025-03-30T16:05:22.901052, 3.8207946621564703, 0.0, -1.2948601950974319, 39.44488370309376, 72.27699771149102, -34.160530989006844, 0.0016000000400000006, 50.55511629690624
2025-03-30 16:05:22,967 - 2025-03-30T16:05:22.967785, 3.825327993766626, 0.0, -1.3014858199368233, 38.94798370289486, 72.4319473207764, -33.94783157410311, 0.0016000000400000006, 51.05201629710514
2025-03-30 16:05:23,001 - 2025-03-30T16:05:23.001443, 3.828394762596658, 0.0, -1.3058533053624597, 38.43688370269093, 72.53665864672732, -33.80770016777809, 0.0016000000400000006, 51.56311629730907
2025-03-30 16:05:23,044 - 2025-03-30T16:05:23.044030, 3.8314842566248255, 0.0, -1.3106444457955835, 37.899083702477, 72.64252475000393, -33.65370970628155, 0.0016000000400000006, 52.100916297523
2025-03-30 16:05:23,101 - 2025-03-30T16:05:23.101326, 3.835452714891664, 0.0, -1.3173003708991562, 37.29518370223763, 72.77899561906062, -33.439470588276876, 0.0016000000400000006, 52.70481629776237
2025-03-30 16:05:23,160 - 2025-03-30T16:05:23.160888, 3.8398599782980813, 0.0, -1.3242160074762515, 36.68238370199558, 72.93009539483931, -33.21714687748356, 0.0016000000400000006, 53.31761629800442
2025-03-30 16:05:23,222 - 2025-03-30T16:05:23.222083, 3.8443492134714803, 0.0, -1.3313396840240679, 35.94118370170395, 73.08408240180941, -32.9880861019921, 0.0016000000400000006, 54.05881629829605
2025-03-30 16:05:23,282 - 2025-03-30T16:05:23.282220, 3.8484072185713467, 0.0, -1.338344867434191, 35.29908370145233, 73.22382542783278, -32.76249023423211, 0.0016000000400000006, 54.70091629854767
2025-03-30 16:05:23,321 - 2025-03-30T16:05:23.321140, 3.851437466030667, 0.0, -1.3433516229040814, 34.841883701273694, 73.32795907724365, -32.6013777822622, 0.0016000000400000006, 55.158116298726306
2025-03-30 16:05:23,382 - 2025-03-30T16:05:23.382791, 3.8552206095249195, 0.0, -1.3505131747821242, 34.204583701025435, 73.45884765892787, -32.37039237789457, 0.0016000000400000006, 55.795416298974565
2025-03-30 16:05:23,421 - 2025-03-30T16:05:23.421450, 3.858117213714456, 0.0, -1.3556687236538894, 33.70778370083253, 73.55874654905679, -32.20427531509223, 0.0016000000400000006, 56.29221629916747
2025-03-30 16:05:23,463 - 2025-03-30T16:05:23.463805, 3.8608801746342083, 0.0, -1.3609730659275296, 33.15278370061758, 73.65441067990376, -32.03315364145748, 0.0016000000400000006, 56.84721629938242
2025-03-30 16:05:23,521 - 2025-03-30T16:05:23.521331, 3.864506949660541, 0.0, -1.3678597561999584, 32.61488370040985, 73.77990972498034, -31.81102268142899, 0.0016000000400000006, 57.38511629959015
2025-03-30 16:05:23,581 - 2025-03-30T16:05:23.581501, 3.8683052432868834, 0.0, -1.3753037447496599, 31.95818370015704, 73.91156815821505, -31.57079790694701, 0.0016000000400000006, 58.04181629984296
2025-03-30 16:05:23,640 - 2025-03-30T16:05:23.640933, 3.8718879218764597, 0.0, -1.382688486730514, 31.17248369985563, 74.03610460097636, -31.33230558633078, 0.0016000000400000006, 58.82751630014437
2025-03-30 16:05:23,683 - 2025-03-30T16:05:23.683154, 3.8744869392622476, 0.0, -1.3875767490627111, 30.676783699666053, 74.12599426944048, -31.174658042092336, 0.0016000000400000006, 59.32321630033395
2025-03-30 16:05:23,721 - 2025-03-30T16:05:23.721394, 3.87695231337825, 0.0, -1.392613804796782, 30.380083699552817, 74.21164917862262, -31.0120058870215, 0.0016000000400000006, 59.61991630044719
2025-03-30 16:05:23,762 - 2025-03-30T16:05:23.762508, 3.8793508658593616, 0.0, -1.3977252572317909, 29.72928369930497, 74.29518670816383, -30.84685142653444, 0.0016000000400000006, 60.270716300695035
2025-03-30 16:05:23,821 - 2025-03-30T16:05:23.821811, 3.882933544448938, 0.0, -1.4051099992126455, 29.123883699075087, 74.41972315092514, -30.608359105918197, 0.0016000000400000006, 60.87611630092491
2025-03-30 16:05:23,861 - 2025-03-30T16:05:23.861342, 3.885332096930049, 0.0, -1.410221451647654, 28.700583698914713, 74.50326068046633, -30.443204645431152, 0.0016000000400000006, 61.29941630108529
2025-03-30 16:05:23,921 - 2025-03-30T16:05:23.921203, 3.8888479538847327, 0.0, -1.4176805903294456, 27.98248369864335, 74.62567974358666, -30.202210019398713, 0.0016000000400000006, 62.01751630135665
2025-03-30 16:05:23,961 - 2025-03-30T16:05:23.961926, 3.890830426424401, 0.0, -1.422955986298419, 27.63548369851254, 74.69574314373153, -30.03128109652879, 0.0016000000400000006, 62.364516301487456
2025-03-30 16:05:24,005 - 2025-03-30T16:05:24.005740, 3.893244129037602, 0.0, -1.428349875405086, 27.264883698373023, 74.7800505248232, -29.85688726592739, 0.0016000000400000006, 62.73511630162698
2025-03-30 16:05:24,041 - 2025-03-30T16:05:24.041097, 3.8949290147735214, 0.0, -1.4333579848344913, 26.689983698157047, 74.84010470330327, -29.69442786162135, 0.0016000000400000006, 63.31001630184295
2025-03-30 16:05:24,101 - 2025-03-30T16:05:24.101516, 3.8980212167207173, 0.0, -1.4408398487144183, 26.052483697918152, 74.94866471125206, -29.452278458263226, 0.0016000000400000006, 63.94751630208185
2025-03-30 16:05:24,144 - 2025-03-30T16:05:24.144805, 3.8998700459906015, 0.0, -1.4462640380852667, 25.64868369776715, 75.01449335211504, -29.27634492456088, 0.0016000000400000006, 64.35131630223285
2025-03-30 16:05:24,201 - 2025-03-30T16:05:24.201246, 3.902590264433111, 0.0, -1.4534117937907332, 24.818083697457308, 75.11054183298282, -29.044782419407618, 0.0016000000400000006, 65.18191630254269
2025-03-30 16:05:24,244 - 2025-03-30T16:05:24.244216, 3.904736680506744, 0.0, -1.4591032697011492, 24.442283697317453, 75.18637969551057, -28.86037936714141, 0.0016000000400000006, 65.55771630268256
2025-03-30 16:05:24,281 - 2025-03-30T16:05:24.281222, 3.9065703596445376, 0.0, -1.4642450224003385, 24.008183697156134, 75.25143848482305, -28.69368520355343, 0.0016000000400000006, 65.99181630284386
2025-03-30 16:05:24,323 - 2025-03-30T16:05:24.323597, 3.908329642081394, 0.0, -1.4693199534646357, 23.502783696968663, 75.31399496871931, -28.52910841960642, 0.0016000000400000006, 66.49721630303134
2025-03-30 16:05:24,361 - 2025-03-30T16:05:24.361302, 3.9101040746503406, 0.0, -1.4746773212005917, 23.183483696850413, 75.37732130416606, -28.35529226554506, 0.0016000000400000006, 66.81651630314958
2025-03-30 16:05:24,403 - 2025-03-30T16:05:24.403828, 3.911744863949503, 0.0, -1.4801834823384223, 22.578783696626783, 75.43641288033086, -28.17647150065129, 0.0016000000400000006, 67.42121630337321
2025-03-30 16:05:24,460 - 2025-03-30T16:05:24.460782, 3.9142646174873366, 0.0, -1.4875544281467006, 22.018683696420094, 75.52610922227572, -27.937402079249416, 0.0016000000400000006, 67.9813163035799
2025-03-30 16:05:24,501 - 2025-03-30T16:05:24.501260, 3.9160314749902385, 0.0, -1.492770577546827, 21.54438369624539, 75.58905063194726, -27.768205610245236, 0.0016000000400000006, 68.45561630375461
2025-03-30 16:05:24,541 - 2025-03-30T16:05:24.541301, 3.9174414991205437, 0.0, -1.4979350554441515, 21.041483696060396, 75.6402503660882, -27.60035666933157, 0.0016000000400000006, 68.9585163039396
2025-03-30 16:05:24,581 - 2025-03-30T16:05:24.581678, 3.9192751782583373, 0.0, -1.5030768081433412, 20.633683695910655, 75.7053091554007, -27.433662505743584, 0.0016000000400000006, 69.36631630408935
2025-03-30 16:05:24,622 - 2025-03-30T16:05:24.622365, 3.9205364089867683, 0.0, -1.5081076427708817, 20.257283695772603, 75.75150427870923, -27.270048324111855, 0.0016000000400000006, 69.7427163042274
2025-03-30 16:05:24,661 - 2025-03-30T16:05:24.661464, 3.9220208298180115, 0.0, -1.5133389423030983, 19.858483695626486, 75.80520631826639, -27.10008200355722, 0.0016000000400000006, 70.14151630437351
2025-03-30 16:05:24,701 - 2025-03-30T16:05:24.701321, 3.923438429014362, 0.0, -1.5186446385362524, 19.343683695438155, 75.85679097818256, -26.927613377586376, 0.0016000000400000006, 70.65631630456184
2025-03-30 16:05:24,741 - 2025-03-30T16:05:24.741704, 3.9249304249116497, 0.0, -1.524017156404299, 18.999983695312583, 75.91087794351493, -26.75302737197454, 0.0016000000400000006, 71.00001630468742
2025-03-30 16:05:24,784 - 2025-03-30T16:05:24.784315, 3.926229530970307, 0.0, -1.5297540827109861, 18.572083695156415, 75.95899769569965, -26.566314765056944, 0.0016000000400000006, 71.42791630484359
2025-03-30 16:05:24,821 - 2025-03-30T16:05:24.821748, 3.927631980034567, 0.0, -1.5347773422724815, 18.179483695013314, 76.00981250406537, -26.40308550920045, 0.0016000000400000006, 71.82051630498668
2025-03-30 16:05:24,862 - 2025-03-30T16:05:24.862051, 3.9288263891281066, 0.0, -1.5398825736009591, 17.923483694920066, 76.05389024773294, -26.236969022152522, 0.0016000000400000006, 72.07651630507993
2025-03-30 16:05:24,900 - 2025-03-30T16:05:24.900922, 3.9300359483537353, 0.0, -1.545270241601096, 17.57508369479329, 76.09873784295098, -26.061613164990234, 0.0016000000400000006, 72.42491630520671
2025-03-30 16:05:24,944 - 2025-03-30T16:05:24.944157, 3.931245507579365, 0.0, -1.5506579096012327, 17.17818369464901, 76.14358543816901, -25.88625730782794, 0.0016000000400000006, 72.82181630535099
2025-03-30 16:05:24,981 - 2025-03-30T16:05:24.981878, 3.9322986983370742, 0.0, -1.5557707159957554, 16.739483694489707, 76.18304349677942, -25.71975589500479, 0.0016000000400000006, 73.2605163055103
2025-03-30 16:05:25,026 - 2025-03-30T16:05:25.026097, 3.933508257562704, 0.0, -1.5611583839958922, 16.43408369437891, 76.22789109199745, -25.544400037842497, 0.0016000000400000006, 73.56591630562109
2025-03-30 16:05:25,061 - 2025-03-30T16:05:25.061283, 3.935074650160929, 0.0, -1.5665977234988304, 16.06038369424344, 76.28448036274602, -25.36769665258971, 0.0016000000400000006, 73.93961630575656
2025-03-30 16:05:25,103 - 2025-03-30T16:05:25.103482, 3.936076169415837, 0.0, -1.572067363265949, 15.684283694107263, 76.32259089326593, -25.189453564236, 0.0016000000400000006, 74.31571630589274
2025-03-30 16:05:25,141 - 2025-03-30T16:05:25.141179, 3.9371369352395913, 0.0, -1.5773213879963017, 15.51818369404715, 76.36243387765154, -25.018332466355652, 0.0016000000400000006, 74.48181630595285
2025-03-30 16:05:25,183 - 2025-03-30T16:05:25.183805, 3.9382052761293913, 0.0, -1.5827166310624836, 15.10058369389611, 76.4026617878124, -24.842591683418135, 0.0016000000400000006, 74.89941630610389
2025-03-30 16:05:25,223 - 2025-03-30T16:05:25.223751, 3.9392887671512815, 0.0, -1.5883943108003233, 14.785983693782448, 76.44365954952372, -24.657611530366292, 0.0016000000400000006, 75.21401630621756
2025-03-30 16:05:25,260 - 2025-03-30T16:05:25.260945, 3.9402007395731617, 0.0, -1.5935146922608916, 14.398783693642633, 76.47849792307696, -24.490725191767893, 0.0016000000400000006, 75.60121630635737
2025-03-30 16:05:25,301 - 2025-03-30T16:05:25.301070, 3.941194683762024, 0.0, -1.5988431136921815, 13.998683693498299, 76.51622352782158, -24.317101788471348, 0.0016000000400000006, 76.00131630650172
2025-03-30 16:05:25,342 - 2025-03-30T16:05:25.342664, 3.942404242987654, 0.0, -1.6042307816923178, 13.740883693405362, 76.56107112303962, -24.141745931309067, 0.0016000000400000006, 76.25911630659463
2025-03-30 16:05:25,381 - 2025-03-30T16:05:25.380984, 3.943249393774642, 0.0, -1.6094255598538232, 13.449483693300383, 76.59379211695187, -23.972357287294475, 0.0016000000400000006, 76.55051630669962
2025-03-30 16:05:25,422 - 2025-03-30T16:05:25.422102, 3.944451377934226, 0.0, -1.6146720095181304, 13.0314836931499, 76.6382547863947, -23.80162111518937, 0.0016000000400000006, 76.96851630685012
2025-03-30 16:05:25,461 - 2025-03-30T16:05:25.461819, 3.9451553103853847, 0.0, -1.6198743627456809, 12.788283693062404, 76.66635609524975, -23.63184754539954, 0.0016000000400000006, 77.2117163069376
2025-03-30 16:05:25,501 - 2025-03-30T16:05:25.501674, 3.9462828978440316, 0.0, -1.625053990775096, 12.453483692942, 76.70831645927635, -23.463228752935407, 0.0016000000400000006, 77.546516307058
2025-03-30 16:05:25,541 - 2025-03-30T16:05:25.541211, 3.947202445331957, 0.0, -1.6303155905714934, 12.15388369283434, 76.74353975860478, -23.29172272927984, 0.0016000000400000006, 77.84611630716566
2025-03-30 16:05:25,583 - 2025-03-30T16:05:25.583327, 3.9481219928198823, 0.0, -1.6355771903678913, 12.00718369278165, 76.77876305793325, -23.120216705624262, 0.0016000000400000006, 77.99281630721835
2025-03-30 16:05:25,621 - 2025-03-30T16:05:25.621503, 3.948848650469177, 0.0, -1.6412031986029296, 11.649583692653252, 76.80801914411401, -22.936584080662918, 0.0016000000400000006, 78.35041630734675
2025-03-30 16:05:25,662 - 2025-03-30T16:05:25.662540, 3.949634554687318, 0.0, -1.6466135918012013, 11.233183692503856, 76.8390076841605, -22.760073446174953, 0.0016000000400000006, 78.76681630749614
2025-03-30 16:05:25,701 - 2025-03-30T16:05:25.700980, 3.950844113912947, 0.0, -1.652001259801338, 10.93248369239602, 76.88385527937854, -22.58471758901266, 0.0016000000400000006, 79.06751630760398
2025-03-30 16:05:25,740 - 2025-03-30T16:05:25.740835, 3.9512215132556907, 0.0, -1.6577168148694041, 10.465983692228852, 76.901754615804, -22.397812807084645, 0.0016000000400000006, 79.53401630777117
2025-03-30 16:05:25,781 - 2025-03-30T16:05:25.781344, 3.9520225676059226, 0.0, -1.6634096447393354, 10.142183692112882, 76.93351300740096, -22.2120628024823, 0.0016000000400000006, 79.85781630788712
2025-03-30 16:05:25,821 - 2025-03-30T16:05:25.821601, 3.9527416501891715, 0.0, -1.6688944346385446, 9.893083692023712, 76.96238416780649, -22.03304986257812, 0.0016000000400000006, 80.10691630797629
2025-03-30 16:05:25,860 - 2025-03-30T16:05:25.860943, 3.953185871166807, 0.0, -1.6745355930056736, 9.62998369192959, 76.98240088387291, -21.848647386066304, 0.0016000000400000006, 80.3700163080704
2025-03-30 16:05:25,902 - 2025-03-30T16:05:25.902675, 3.9539793504509935, 0.0, -1.6800872045397743, 9.312583691816052, 77.01377434969464, -21.667517066521167, 0.0016000000400000006, 80.68741630818394
2025-03-30 16:05:25,941 - 2025-03-30T16:05:25.941199, 3.9543932711644483, 0.0, -1.6851634895635863, 8.985083691698964, 77.03225136266012, -21.50159333023804, 0.0016000000400000006, 81.01491630830104
2025-03-30 16:05:25,983 - 2025-03-30T16:05:25.983025, 3.9551199288137426, 0.0, -1.6907894977986246, 8.671183691586798, 77.06150744884087, -21.317960705276697, 0.0016000000400000006, 81.3288163084132
2025-03-30 16:05:26,021 - 2025-03-30T16:05:26.021665, 3.9554002062574134, 0.0, -1.6960145762243108, 8.375883691481308, 77.07574970252443, -21.14703235816117, 0.0016000000400000006, 81.6241163085187
2025-03-30 16:05:26,061 - 2025-03-30T16:05:26.061562, 3.9558885236718053, 0.0, -1.7011576828830144, 8.126883691392406, 77.09672902090611, -20.978991242237093, 0.0016000000400000006, 81.87311630860759
2025-03-30 16:05:26,101 - 2025-03-30T16:05:26.101290, 3.9563995662843334, 0.0, -1.7067244445492058, 7.874983691302494, 77.11886311661351, -20.797091071141484, 0.0016000000400000006, 82.12501630869751
2025-03-30 16:05:26,141 - 2025-03-30T16:05:26.141253, 3.9567542404289413, 0.0, -1.712016344609784, 7.48568369116356, 77.13560767571326, -20.624045344384992, 0.0016000000400000006, 82.51431630883644
2025-03-30 16:05:26,181 - 2025-03-30T16:05:26.181129, 3.9575401446470826, 0.0, -1.717426737808056, 7.204083691063107, 77.16659621575977, -20.447534709897013, 0.0016000000400000006, 82.7959163089369
2025-03-30 16:05:26,223 - 2025-03-30T16:05:26.223655, 3.957827997156798, 0.0, -1.7227930345695714, 6.990383690986914, 77.18122339521851, -20.271986677724314, 0.0016000000400000006, 83.00961630901308
2025-03-30 16:05:26,261 - 2025-03-30T16:05:26.261366, 3.9579670562646396, 0.0, -1.7280256880613027, 6.696783690882243, 77.19084596384488, -20.100673404833564, 0.0016000000400000006, 83.30321630911776
2025-03-30 16:05:26,302 - 2025-03-30T16:05:26.302475, 3.9582473337083104, 0.0, -1.7332507664869885, 6.425883690785702, 77.20508821752844, -19.92974505771805, 0.0016000000400000006, 83.5741163092143
2025-03-30 16:05:26,341 - 2025-03-30T16:05:26.341367, 3.9583271462473046, 0.0, -1.7386990350154865, 6.150583690687615, 77.21297833228905, -19.75130979435392, 0.0016000000400000006, 83.84941630931239
2025-03-30 16:05:26,382 - 2025-03-30T16:05:26.382155, 3.9588381888598327, 0.0, -1.744265796681678, 5.780483690555771, 77.23511242799644, -19.56940962325831, 0.0016000000400000006, 84.21951630944423
2025-03-30 16:05:26,421 - 2025-03-30T16:05:26.421006, 3.958925576464872, 0.0, -1.749855283546005, 5.456783690440503, 77.24338746853232, -19.386354674837, 0.0016000000400000006, 84.5432163095595
2025-03-30 16:05:26,461 - 2025-03-30T16:05:26.461488, 3.959154182405741, 0.0, -1.755437195344287, 5.226683690358598, 77.25628219412533, -19.20368465219093, 0.0016000000400000006, 84.7733163096414
2025-03-30 16:05:26,501 - 2025-03-30T16:05:26.501045, 3.9593827883466104, 0.0, -1.7610191071425692, 4.83128369021786, 77.26917691971836, -19.02101462954485, 0.0016000000400000006, 85.16871630978214
2025-03-30 16:05:26,542 - 2025-03-30T16:05:26.542028, 3.9592697110469732, 0.0, -1.766831784109708, 4.565083690123135, 77.27109982133129, -18.83045276487493, 0.0016000000400000006, 85.43491630987687
2025-03-30 16:05:26,581 - 2025-03-30T16:05:26.581615, 3.9595727136887797, 0.0, -1.7724805175428822, 4.226083690002534, 77.28649685234053, -18.645665362587884, 0.0016000000400000006, 85.77391630999746
2025-03-30 16:05:26,621 - 2025-03-30T16:05:26.621600, 3.959526458024035, 0.0, -1.7782187978090835, 3.868383689875319, 77.29053713359444, -18.45760580333418, 0.0016000000400000006, 86.13161631012468
2025-03-30 16:05:26,664 - 2025-03-30T16:05:26.664219, 3.9595470239941823, 0.0, -1.7838826813743478, 3.5071836897468605, 77.29669479448933, -18.272048549496677, 0.0016000000400000006, 86.49281631025313
2025-03-30 16:05:26,701 - 2025-03-30T16:05:26.701363, 3.959611686401087, 0.0, -1.789048513231187, 3.2062836896398887, 77.3038150576995, -18.102852656246895, 0.0016000000400000006, 86.79371631036011
2025-03-30 16:05:26,741 - 2025-03-30T16:05:26.741031, 3.959691498940081, 0.0, -1.794496781759685, 3.0443836895823115, 77.31170517246011, -17.924417392882752, 0.0016000000400000006, 86.95561631041768
2025-03-30 16:05:26,781 - 2025-03-30T16:05:26.781251, 3.959540546310219, 0.0, -1.799603367047677, 2.7781836894877134, 77.31170344519691, -17.756953953498726, 0.0016000000400000006, 87.22181631051228
2025-03-30 16:05:26,821 - 2025-03-30T16:05:26.821016, 3.9593971687464014, 0.0, -1.8048511706714985, 2.407183689355848, 77.31208664370891, -17.584870829057515, 0.0016000000400000006, 87.59281631064415
2025-03-30 16:05:26,863 - 2025-03-30T16:05:26.863214, 3.959350913081657, 0.0, -1.8105894509376999, 2.0364836892240996, 77.31612692496284, -17.396811269803813, 0.0016000000400000006, 87.9635163107759
2025-03-30 16:05:26,921 - 2025-03-30T16:05:26.921212, 3.958912656633119, 0.0, -1.818260691468756, 1.568783689057911, 77.30919480648222, -17.145038722064903, 0.0016000000400000006, 88.43121631094209
2025-03-30 16:05:26,961 - 2025-03-30T16:05:26.961250, 3.9588512508362843, 0.0, -1.823716535063299, 1.287083688957851, 77.31246523618569, -16.96621853292555, 0.0016000000400000006, 88.71291631104215
2025-03-30 16:05:27,001 - 2025-03-30T16:05:27.001209, 3.958707873272467, 0.0, -1.8289643386871204, 0.9599836888416325, 77.31284843469771, -16.794135408484337, 0.0016000000400000006, 89.04001631115837
2025-03-30 16:05:27,042 - 2025-03-30T16:05:27.042124, 3.958654042541677, 0.0, -1.8345614006174924, 0.5914836887107209, 77.31650379017638, -16.610695534287807, 0.0016000000400000006, 89.40851631128928
2025-03-30 16:05:27,081 - 2025-03-30T16:05:27.081159, 3.958228228306201, 0.0, -1.8398243543734043, 0.4442836886584194, 77.30764761857404, -16.43784255829613, 0.0016000000400000006, 89.55571631134158
2025-03-30 16:05:27,120 - 2025-03-30T16:05:27.120950, 3.958159247443321, 0.0, -1.8451389796321178, 0.12628368854546076, 77.31053312250225, -16.263642054213946, 0.0016000000400000006, 89.87371631145456
2025-03-30 16:05:27,161 - 2025-03-30T16:05:27.161691, 3.9580978416464863, 0.0, -1.8505948232266607, -0.19121631156730196, 77.31380355220571, -16.08482186507459, 0.0016000000400000006, 90.1912163115673
2025-03-30 16:05:27,201 - 2025-03-30T16:05:27.201181, 3.95784354601102, 0.0, -1.856415075259845, -0.40821631164438, 77.31110676876145, -15.893875074629431, 0.0016000000400000006, 90.40821631164438
2025-03-30 16:05:27,240 - 2025-03-30T16:05:27.240850, 3.95728408850576, 0.0, -1.861826822417631, -0.8799163118119323, 77.29801583787719, -15.716017487805356, 0.0016000000400000006, 90.87991631181193
2025-03-30 16:05:27,281 - 2025-03-30T16:05:27.281328, 3.957096614505186, 0.0, -1.867572677749878, -1.0482163118717627, 77.29743643407389, -15.527573002776412, 0.0016000000400000006, 91.04821631187177
2025-03-30 16:05:27,321 - 2025-03-30T16:05:27.321652, 3.9563959386640963, 0.0, -1.8729919999737095, -1.400216311996795, 77.27972581813245, -15.3493304901771, 0.0016000000400000006, 91.4002163119968
2025-03-30 16:05:27,361 - 2025-03-30T16:05:27.361516, 3.95612649289654, 0.0, -1.8785298153352348, -1.7739163121296166, 77.27625918313774, -15.167623069846307, 0.0016000000400000006, 91.77391631212961
2025-03-30 16:05:27,407 - 2025-03-30T16:05:27.407077, 3.955358995420559, 0.0, -1.8840235342600034, -2.089416312241672, 77.25643118755534, -14.986878251830797, 0.0016000000400000006, 92.08941631224167
2025-03-30 16:05:27,441 - 2025-03-30T16:05:27.441112, 3.9550895496530023, 0.0, -1.8895613496215287, -2.301816312317152, 77.25296455256063, -14.805170831500003, 0.0016000000400000006, 92.30181631231716
2025-03-30 16:05:27,482 - 2025-03-30T16:05:27.482175, 3.95446327051285, 0.0, -1.8950474934802524, -2.641716312437952, 77.23775624203535, -14.624810939259714, 0.0016000000400000006, 92.64171631243795
2025-03-30 16:05:27,521 - 2025-03-30T16:05:27.521226, 3.9538218412406074, 0.0, -1.9002512006673173, -2.8249163125031114, 77.22177807995966, -14.453690417133775, 0.0016000000400000006, 92.8249163125031
2025-03-30 16:05:27,563 - 2025-03-30T16:05:27.563776, 3.9530391936325353, 0.0, -1.9054624829204272, -3.1020163126015983, 77.20118023282674, -14.28218496923262, 0.0016000000400000006, 93.10201631260159
2025-03-30 16:05:27,604 - 2025-03-30T16:05:27.604071, 3.9525692829603027, 0.0, -1.9112234883847643, -3.447316312724362, 77.19136145890914, -14.092970632653213, 0.0016000000400000006, 93.44731631272437
2025-03-30 16:05:27,661 - 2025-03-30T16:05:27.661010, 3.9515585781024023, 0.0, -1.9187838108441715, -3.7603163128356925, 77.16556567442461, -13.844278066870569, 0.0016000000400000006, 93.7603163128357
2025-03-30 16:05:27,705 - 2025-03-30T16:05:27.705609, 3.950924723896205, 0.0, -1.9241287363670656, -4.095416312954816, 77.14997243812411, -13.668537859687465, 0.0016000000400000006, 94.09541631295481
2025-03-30 16:05:27,741 - 2025-03-30T16:05:27.741533, 3.9501420762881327, 0.0, -1.929340018620176, -4.3160163130333045, 77.12937459099122, -13.49703241178629, 0.0016000000400000006, 94.3160163130333
2025-03-30 16:05:27,781 - 2025-03-30T16:05:27.781613, 3.949783083687549, 0.0, -1.9345285756751505, -4.584816313128947, 77.12263579902984, -13.32668174121082, 0.0016000000400000006, 94.58481631312895
2025-03-30 16:05:27,821 - 2025-03-30T16:05:27.821340, 3.948717999407818, 0.0, -1.9397550080603505, -4.773216313195991, 77.0927985817826, -13.154406441759203, 0.0016000000400000006, 94.77321631319599
2025-03-30 16:05:27,860 - 2025-03-30T16:05:27.860827, 3.9480765701355756, 0.0, -1.9449587152474153, -5.066416313300326, 77.07682041970689, -12.983285919633277, 0.0016000000400000006, 95.06641631330032
2025-03-30 16:05:27,902 - 2025-03-30T16:05:27.902111, 3.947442715929378, 0.0, -1.9503036407703094, -5.499216313454419, 77.0612271834064, -12.807545712450173, 0.0016000000400000006, 95.49921631345443
2025-03-30 16:05:27,946 - 2025-03-30T16:05:27.946116, 3.946392781781738, 0.0, -1.9558125098271684, -5.706816313528324, 77.03215981770964, -12.62603104288419, 0.0016000000400000006, 95.70681631352832
2025-03-30 16:05:27,981 - 2025-03-30T16:05:27.981861, 3.945617709239711, 0.0, -1.9611650104161078, -6.027116313642362, 77.01194689635196, -12.449905909925857, 0.0016000000400000006, 96.02711631364238
2025-03-30 16:05:28,022 - 2025-03-30T16:05:28.022856, 3.9445677750920707, 0.0, -1.9666738794729668, -6.289016313735708, 76.98287953065517, -12.26839124035988, 0.0016000000400000006, 96.28901631373571
2025-03-30 16:05:28,061 - 2025-03-30T16:05:28.061865, 3.9435770875132774, 0.0, -1.9719671334930595, -6.524716313819705, 76.95554461882415, -12.09399856126727, 0.0016000000400000006, 96.52471631381972
2025-03-30 16:05:28,104 - 2025-03-30T16:05:28.103973, 3.9428839867382326, 0.0, -1.9775276740527201, -7.017916313995528, 76.93821892865789, -11.911136363610785, 0.0016000000400000006, 97.01791631399553
2025-03-30 16:05:28,145 - 2025-03-30T16:05:28.145224, 3.9417079843868534, 0.0, -1.983326554847283, -7.290116314092604, 76.9053017294544, -11.719997398155236, 0.0016000000400000006, 97.2901163140926
2025-03-30 16:05:28,201 - 2025-03-30T16:05:28.201338, 3.9399911878498064, 0.0, -1.990924752636916, -7.750016314256653, 76.85640751968398, -11.46938020349643, 0.0016000000400000006, 97.75001631425665
2025-03-30 16:05:28,241 - 2025-03-30T16:05:28.241238, 3.939000500271013, 0.0, -1.9962180066570083, -7.904016314311593, 76.82907260785295, -11.294987524403833, 0.0016000000400000006, 97.90401631431159
2025-03-30 16:05:28,281 - 2025-03-30T16:05:28.281103, 3.9380917844592025, 0.0, -2.001719300647822, -8.219816314424326, 76.80462492721335, -11.113857780613085, 0.0016000000400000006, 98.21981631442432
2025-03-30 16:05:28,321 - 2025-03-30T16:05:28.321550, 3.937249890282283, 0.0, -2.0071461979376988, -8.371016314478373, 76.7822946262147, -10.935230342238544, 0.0016000000400000006, 98.37101631447837
2025-03-30 16:05:28,364 - 2025-03-30T16:05:28.364192, 3.935976766031831, 0.0, -2.0124546020898815, -8.40191631448941, 76.7457203442693, -10.76006781159549, 0.0016000000400000006, 98.40191631448941
2025-03-30 16:05:28,421 - 2025-03-30T16:05:28.421722, 3.9346092278013347, 0.0, -2.0199632530464866, -8.78271631462542, 76.70818288425423, -10.512722773903363, 0.0016000000400000006, 98.78271631462542
2025-03-30 16:05:28,484 - 2025-03-30T16:05:28.484266, 3.9328924312642877, 0.0, -2.02756145083612, -9.182516314768366, 76.65928867448382, -10.262105579244555, 0.0016000000400000006, 99.18251631476836
2025-03-30 16:05:28,521 - 2025-03-30T16:05:28.521409, 3.9318941686194493, 0.0, -2.032713486520383, -9.339816314824548, 76.63156883687755, -10.092332585209132, 0.0016000000400000006, 99.33981631482455
2025-03-30 16:05:28,564 - 2025-03-30T16:05:28.563994, 3.9307698377708715, 0.0, -2.0381555339423496, -9.452716314864963, 76.59999916576456, -9.912935295284134, 0.0016000000400000006, 99.45271631486496
2025-03-30 16:05:28,601 - 2025-03-30T16:05:28.601757, 3.9299279435939525, 0.0, -2.043582431232226, -9.68921631494953, 76.57766886476591, -9.734307856909593, 0.0016000000400000006, 99.68921631494955
2025-03-30 16:05:28,641 - 2025-03-30T16:05:28.641473, 3.9290116527160963, 0.0, -2.048942506887211, -9.943416315040519, 76.55283625835108, -9.557797798176018, 0.0016000000400000006, 99.94341631504052
2025-03-30 16:05:28,681 - 2025-03-30T16:05:28.681886, 3.9281029369042857, 0.0, -2.054443800878025, -10.150616315114673, 76.5283885777115, -9.37666805438527, 0.0016000000400000006, 100.15061631511468
2025-03-30 16:05:28,722 - 2025-03-30T16:05:28.722872, 3.9271866460264295, 0.0, -2.0598038765330093, -10.228616315142638, 76.50355597129663, -9.20015799565171, 0.0016000000400000006, 100.22861631514263
2025-03-30 16:05:28,763 - 2025-03-30T16:05:28.763273, 3.9259879184769146, 0.0, -2.0651791023200845, -10.414116315209053, 76.46948399476744, -9.022878085367662, 0.0016000000400000006, 100.41411631520906
2025-03-30 16:05:28,802 - 2025-03-30T16:05:28.802298, 3.9248787377604275, 0.0, -2.07090358641371, -10.514916315245136, 76.43868417520491, -8.834241425328306, 0.0016000000400000006, 100.51491631524513
2025-03-30 16:05:28,840 - 2025-03-30T16:05:28.840815, 3.9236207636420657, 0.0, -2.076494427237551, -10.865116315370685, 76.40287974481001, -8.64983952457091, 0.0016000000400000006, 100.86511631537068
2025-03-30 16:05:28,885 - 2025-03-30T16:05:28.885510, 3.922511582925578, 0.0, -2.082218911331177, -10.869516315372206, 76.37207992524748, -8.461202864531554, 0.0016000000400000006, 100.86951631537222
2025-03-30 16:05:28,921 - 2025-03-30T16:05:28.921257, 3.921364526878865, 0.0, -2.0872373037456557, -11.10201631545561, 76.33935547680878, -8.295664629778072, 0.0016000000400000006, 101.10201631545563
2025-03-30 16:05:28,963 - 2025-03-30T16:05:28.963410, 3.920299442599134, 0.0, -2.092463736130856, -11.183416315484752, 76.30951825956151, -8.123389330326454, 0.0016000000400000006, 101.18341631548475
2025-03-30 16:05:29,001 - 2025-03-30T16:05:29.001548, 3.918951921647745, 0.0, -2.0977053186481465, -11.270616315516067, 76.27044167219994, -7.950344179324366, 0.0016000000400000006, 101.27061631551607
2025-03-30 16:05:29,042 - 2025-03-30T16:05:29.042832, 3.918110027470826, 0.0, -2.103132215938023, -11.382516315556192, 76.24811137120129, -7.771716740949826, 0.0016000000400000006, 101.38251631555619
2025-03-30 16:05:29,080 - 2025-03-30T16:05:29.080956, 3.916829328154329, 0.0, -2.1082994017543766, -11.351316315544986, 76.21115216348068, -7.601173895363945, 0.0016000000400000006, 101.351316315545
2025-03-30 16:05:29,127 - 2025-03-30T16:05:29.126971, 3.915445285832228, 0.0, -2.114180254315922, -11.490516315594943, 76.17149789957901, -7.407147698716946, 0.0016000000400000006, 101.49051631559495
2025-03-30 16:05:29,181 - 2025-03-30T16:05:29.181494, 3.9135493956291256, 0.0, -2.121079935492453, -11.525016315607289, 76.11605937587528, -7.179244003568799, 0.0016000000400000006, 101.52501631560729
2025-03-30 16:05:29,221 - 2025-03-30T16:05:29.221728, 3.912573858182423, 0.0, -2.1266556261842045, -11.665716315657782, 76.0894943155947, -6.995611954361845, 0.0016000000400000006, 101.66571631565779
2025-03-30 16:05:29,262 - 2025-03-30T16:05:29.262374, 3.9110775438291587, 0.0, -2.1317635654317106, -11.74791631568734, 76.04541311740068, -6.826801562641714, 0.0016000000400000006, 101.74791631568733
2025-03-30 16:05:29,301 - 2025-03-30T16:05:29.301607, 3.9100276096815185, 0.0, -2.13727243448857, -11.800016315706072, 76.01634575170391, -6.645286893075724, 0.0016000000400000006, 101.80001631570607
2025-03-30 16:05:29,343 - 2025-03-30T16:05:29.343397, 3.9088364571980487, 0.0, -2.142788878611474, -11.88201631573545, 75.98265870094994, -6.463387297734519, 0.0016000000400000006, 101.88201631573546
2025-03-30 16:05:29,381 - 2025-03-30T16:05:29.381427, 3.9074965113127047, 0.0, -2.148171679464594, -11.897416315740974, 75.94396703936359, -6.285722461675259, 0.0016000000400000006, 101.89741631574097
2025-03-30 16:05:29,421 - 2025-03-30T16:05:29.421568, 3.90631293389528, 0.0, -2.1538293419233274, -12.015916315783585, 75.91066491438485, -6.0992031812768825, 0.0016000000400000006, 102.01591631578358
2025-03-30 16:05:29,460 - 2025-03-30T16:05:29.460963, 3.9051142063457656, 0.0, -2.159204567710402, -12.16321631583646, 75.87659293785566, -5.92192327099285, 0.0016000000400000006, 102.16321631583648
2025-03-30 16:05:29,501 - 2025-03-30T16:05:29.501192, 3.9039974505632324, 0.0, -2.1647878334681985, -12.216816315855729, 75.8454081925179, -5.7379062960106655, 0.0016000000400000006, 102.21681631585572
2025-03-30 16:05:29,541 - 2025-03-30T16:05:29.541319, 3.9026726548099786, 0.0, -2.170453070992977, -12.349316315903314, 75.80748638248198, -5.551002089837061, 0.0016000000400000006, 102.34931631590331
2025-03-30 16:05:29,581 - 2025-03-30T16:05:29.581097, 3.9012658872897426, 0.0, -2.1759102685470344, -12.455116315941407, 75.76667734125465, -5.370834948361593, 0.0016000000400000006, 102.45511631594141
2025-03-30 16:05:29,621 - 2025-03-30T16:05:29.621240, 3.9000671597402277, 0.0, -2.181285494334109, -12.560316315979161, 75.73260536472546, -5.193555038077561, 0.0016000000400000006, 102.56031631597916
2025-03-30 16:05:29,661 - 2025-03-30T16:05:29.661840, 3.898794035489775, 0.0, -2.186593898486292, -12.726716316039061, 75.69603108278005, -5.018392507434507, 0.0016000000400000006, 102.72671631603906
2025-03-30 16:05:29,702 - 2025-03-30T16:05:29.702798, 3.897379692903494, 0.0, -2.1919098777045196, -12.782116316058934, 75.6548371157775, -4.842845051016211, 0.0016000000400000006, 102.78211631605893
2025-03-30 16:05:29,741 - 2025-03-30T16:05:29.741236, 3.896106568653042, 0.0, -2.1972182818567023, -12.925916316110692, 75.6182628338321, -4.667682520373159, 0.0016000000400000006, 102.92591631611069
2025-03-30 16:05:29,781 - 2025-03-30T16:05:29.780966, 3.8947666227676976, 0.0, -2.2026010827098226, -12.880416316094342, 75.57957117224572, -4.490017684313884, 0.0016000000400000006, 102.88041631609434
2025-03-30 16:05:29,822 - 2025-03-30T16:05:29.822034, 3.8934191018163085, 0.0, -2.207842665227113, -13.017516316143627, 75.54049458488413, -4.316972533311809, 0.0016000000400000006, 103.01751631614363
2025-03-30 16:05:29,861 - 2025-03-30T16:05:29.861467, 3.8925028109384523, 0.0, -2.213202740882098, -13.060016316158904, 75.5156619784693, -4.140462474578234, 0.0016000000400000006, 103.06001631615891
2025-03-30 16:05:29,922 - 2025-03-30T16:05:29.922190, 3.8902803876269347, 0.0, -2.2206156238991444, -13.008116316140251, 75.45002148233593, -3.8954275672918928, 0.0016000000400000006, 103.00811631614025
2025-03-30 16:05:29,960 - 2025-03-30T16:05:29.960957, 3.889207728281159, 0.0, -2.2257008379485157, -13.100116316173343, 75.41979933931344, -3.7277719528974327, 0.0016000000400000006, 103.10011631617334
2025-03-30 16:05:30,001 - 2025-03-30T16:05:30.001863, 3.887711413927895, 0.0, -2.230808777196022, -13.176116316200726, 75.37571814111945, -3.5589615611773024, 0.0016000000400000006, 103.17611631620073
2025-03-30 16:05:30,041 - 2025-03-30T16:05:30.041155, 3.886438289677443, 0.0, -2.2361171813482046, -13.26581631623302, 75.33914385917404, -3.383799030534249, 0.0016000000400000006, 103.26581631623301
2025-03-30 16:05:30,082 - 2025-03-30T16:05:30.082331, 3.8854476020986493, 0.0, -2.241410435368297, -13.27821631623747, 75.311808947343, -3.209406351441652, 0.0016000000400000006, 103.27821631623749
2025-03-30 16:05:30,142 - 2025-03-30T16:05:30.142603, 3.8838568737653416, 0.0, -2.248718621420226, -13.438716316295315, 75.2667645710793, -2.968413452672433, 0.0016000000400000006, 103.43871631629531
2025-03-30 16:05:30,201 - 2025-03-30T16:05:30.201225, 3.8824438851385743, 0.0, -2.2553799623618556, -13.382916316275182, 75.22691755641284, -2.748786525323351, 0.0016000000400000006, 103.38291631627519
2025-03-30 16:05:30,264 - 2025-03-30T16:05:30.264316, 3.880822856541086, 0.0, -2.262123275070467, -13.429716316292042, 75.18033347704824, -2.5262723667828344, 0.0016000000400000006, 103.42971631629204
2025-03-30 16:05:30,321 - 2025-03-30T16:05:30.321197, 3.87914258137475, 0.0, -2.2690822028158455, -13.41731631628754, 75.13201694381786, -2.2966362177689517, 0.0016000000400000006, 103.41731631628754
2025-03-30 16:05:30,361 - 2025-03-30T16:05:30.361375, 3.8780699220289745, 0.0, -2.2741674168652164, -13.439716316295655, 75.10179480079539, -2.1289806033745062, 0.0016000000400000006, 103.43971631629566
2025-03-30 16:05:30,401 - 2025-03-30T16:05:30.401862, 3.876655579442693, 0.0, -2.279483396083444, -13.545416316333707, 75.06060083379282, -1.9534331469562103, 0.0016000000400000006, 103.54541631633371
2025-03-30 16:05:30,440 - 2025-03-30T16:05:30.440918, 3.8752488119224564, 0.0, -2.2849405936375016, -13.56211631633969, 75.01979179256547, -1.773266005480742, 0.0016000000400000006, 103.5621163163397
2025-03-30 16:05:30,482 - 2025-03-30T16:05:30.482508, 3.8738496194682654, 0.0, -2.290539009527388, -13.580916316346496, 74.97936767711337, -1.588479178948102, 0.0016000000400000006, 103.5809163163465
2025-03-30 16:05:30,521 - 2025-03-30T16:05:30.521063, 3.8726584669847957, 0.0, -2.2960554536502924, -13.478216316309517, 74.9456806263594, -1.4065795836068977, 0.0016000000400000006, 103.47821631630951
2025-03-30 16:05:30,561 - 2025-03-30T16:05:30.561222, 3.871184877829667, 0.0, -2.301587047905287, -13.592316316350606, 74.90275420549109, -1.2239101367152219, 0.0016000000400000006, 103.5923163163506
2025-03-30 16:05:30,601 - 2025-03-30T16:05:30.601683, 3.869978575214107, 0.0, -2.306821055356532, -13.583416316347375, 74.86829730318667, -1.0512499114883762, 0.0016000000400000006, 103.58341631634738
2025-03-30 16:05:30,640 - 2025-03-30T16:05:30.640891, 3.868764697532502, 0.0, -2.3119138444719485, -13.65811631637435, 74.83345547510702, -0.8832093713186882, 0.0016000000400000006, 103.65811631637435
2025-03-30 16:05:30,683 - 2025-03-30T16:05:30.683714, 3.867550819850897, 0.0, -2.3170066335873645, -13.531016316328524, 74.79861364702737, -0.7151688311490143, 0.0016000000400000006, 103.53101631632852
2025-03-30 16:05:30,740 - 2025-03-30T16:05:30.740888, 3.8655805329468573, 0.0, -2.323839493129004, -13.54521631633363, 74.74067281790742, -0.4893825156418332, 0.0016000000400000006, 103.54521631633364
2025-03-30 16:05:30,781 - 2025-03-30T16:05:30.781205, 3.8644334769001443, 0.0, -2.3288578855434823, -13.531216316328603, 74.70794836946874, -0.3238442808883666, 0.0016000000400000006, 103.5312163163286
2025-03-30 16:05:30,842 - 2025-03-30T16:05:30.842200, 3.8625086403923756, 0.0, -2.336538055100098, -13.487716316312934, 74.65231709500017, -0.07033985503813822, 0.0016000000400000006, 103.48771631631294
2025-03-30 16:05:30,882 - 2025-03-30T16:05:30.882173, 3.8610791476740043, 0.0, -2.3415715976466673, -13.581416316346692, 74.61035327644716, 0.09596823126581322, 0.0016000000400000006, 103.58141631634669
2025-03-30 16:05:30,921 - 2025-03-30T16:05:30.921118, 3.860103610227301, 0.0, -2.3471472883384186, -13.563116316340082, 74.58378821616657, 0.2796002804727684, 0.0016000000400000006, 103.56311631634009
2025-03-30 16:05:30,981 - 2025-03-30T16:05:30.981181, 3.85857212846284, 0.0, -2.354239859353581, -13.544916316333563, 74.54047629376862, 0.5134711887686088, 0.0016000000400000006, 103.54491631633357
2025-03-30 16:05:31,041 - 2025-03-30T16:05:31.041307, 3.8571880861407393, 0.0, -2.360120711915126, -13.523316316325761, 74.50082202986697, 0.7074973854155933, 0.0016000000400000006, 103.52331631632576
2025-03-30 16:05:31,101 - 2025-03-30T16:05:31.101650, 3.8559893585912244, 0.0, -2.365495937702201, -13.535416316330094, 74.46675005333779, 0.8847772956996258, 0.0016000000400000006, 103.53541631633011
2025-03-30 16:05:31,161 - 2025-03-30T16:05:31.161169, 3.8546128913351687, 0.0, -2.3715180085995753, -13.618916316360213, 74.42748071521137, 1.0834231774037826, 0.0016000000400000006, 103.61891631636021
2025-03-30 16:05:31,221 - 2025-03-30T16:05:31.221245, 3.853288095581915, 0.0, -2.3771832461243543, -13.580216316346222, 74.38955890517546, 1.270327383577416, 0.0016000000400000006, 103.58021631634622
2025-03-30 16:05:31,301 - 2025-03-30T16:05:31.301441, 3.8519557247626155, 0.0, -2.3827072653133032, -13.62381631636198, 74.3512521693643, 1.452611904693835, 0.0016000000400000006, 103.62381631636198
2025-03-30 16:05:31,401 - 2025-03-30T16:05:31.401089, 3.8502451493320993, 0.0, -2.389101319715364, -13.72881631639976, 74.30139593303304, 1.6637693134790288, 0.0016000000400000006, 103.72881631639976
2025-03-30 16:05:31,483 - 2025-03-30T16:05:31.483307, 3.8487426138723047, 0.0, -2.3954134023504428, -13.715216316394889, 74.25827676139991, 1.8720394910727864, 0.0016000000400000006, 103.71521631639489
2025-03-30 16:05:31,542 - 2025-03-30T16:05:31.542578, 3.847112656249257, 0.0, -2.4006701349998236, -13.712316316393855, 74.20996080392396, 2.0458544936253316, 0.0016000000400000006, 103.71231631639385
2025-03-30 16:05:31,601 - 2025-03-30T16:05:31.601468, 3.845373134514074, 0.0, -2.4078446777819686, -13.794016316423267, 74.15991181682786, 2.282612633112608, 0.0016000000400000006, 103.79401631642327
2025-03-30 16:05:31,643 - 2025-03-30T16:05:31.643879, 3.8441227354617578, 0.0, -2.413576736941639, -13.768716316414169, 74.12449231220816, 2.4716342189271776, 0.0016000000400000006, 103.76871631641417
2025-03-30 16:05:31,681 - 2025-03-30T16:05:31.681128, 3.8427903646424584, 0.0, -2.4191007561305886, -13.789916316421815, 74.08618557639701, 2.653918740043625, 0.0016000000400000006, 103.78991631642181
2025-03-30 16:05:31,722 - 2025-03-30T16:05:31.722110, 3.841205857415681, 0.0, -2.4252047987949457, -13.792316316422653, 74.04017917357245, 2.8554518529392316, 0.0016000000400000006, 103.79231631642266
2025-03-30 16:05:31,761 - 2025-03-30T16:05:31.761744, 3.8397549934586883, 0.0, -2.4311600480574285, -13.742616316404758, 73.99840753002982, 3.051980355002438, 0.0016000000400000006, 103.74261631640478
2025-03-30 16:05:31,802 - 2025-03-30T16:05:31.802591, 3.8380657892667935, 0.0, -2.436632395743576, -13.837816316439104, 73.94835911868815, 3.232917348028362, 0.0016000000400000006, 103.8378163164391
2025-03-30 16:05:31,842 - 2025-03-30T16:05:31.842018, 3.8367637187116745, 0.0, -2.442721288275843, -13.858016316446356, 73.9115920859779, 3.433680609373513, 0.0016000000400000006, 103.85801631644635
2025-03-30 16:05:31,880 - 2025-03-30T16:05:31.880927, 3.835431347892376, 0.0, -2.448245307464792, -13.906116316463725, 73.8732853501668, 3.615965130489931, 0.0016000000400000006, 103.90611631646372
2025-03-30 16:05:31,924 - 2025-03-30T16:05:31.924165, 3.8341885239061044, 0.0, -2.454118584960292, -14.013016316502249, 73.83825077132231, 3.8096064013617017, 0.0016000000400000006, 104.01301631650225
2025-03-30 16:05:31,981 - 2025-03-30T16:05:31.981204, 3.832523398871859, 0.0, -2.461359949377329, -13.883116316455428, 73.79070408964242, 4.048481920489943, 0.0016000000400000006, 103.88311631645543
2025-03-30 16:05:32,021 - 2025-03-30T16:05:32.021277, 3.8313763428251457, 0.0, -2.466378341791808, -13.95581631648162, 73.75797964120372, 4.214020155243423, 0.0016000000400000006, 103.95581631648162
2025-03-30 16:05:32,081 - 2025-03-30T16:05:32.081466, 3.829933053934198, 0.0, -2.47247480939012, -13.885316316456187, 73.71659292343634, 4.415168342363803, 0.0016000000400000006, 103.88531631645618
2025-03-30 16:05:32,162 - 2025-03-30T16:05:32.162223, 3.828652354617701, 0.0, -2.477641995206473, -13.915916316467209, 73.67963371571571, 4.585711187949668, 0.0016000000400000006, 103.9159163164672
2025-03-30 16:05:32,240 - 2025-03-30T16:05:32.240827, 3.8268963287909137, 0.0, -2.483188739593558, -14.000616316497798, 73.62746792473305, 4.7691504863918155, 0.0016000000400000006, 104.0006163164978
2025-03-30 16:05:32,301 - 2025-03-30T16:05:32.301344, 3.8253193966301815, 0.0, -2.4894340005937443, -14.031316316508859, 73.58184644768372, 4.975303284344594, 0.0016000000400000006, 104.03131631650888
2025-03-30 16:05:32,341 - 2025-03-30T16:05:32.341295, 3.824105518948577, 0.0, -2.4945267897091603, -14.067716316522, 73.54700461960408, 5.143343824514268, 0.0016000000400000006, 104.067716316522
2025-03-30 16:05:32,381 - 2025-03-30T16:05:32.381343, 3.8225134366557545, 0.0, -2.500489614037688, -14.019716316504619, 73.50061329100427, 5.340257252352702, 0.0016000000400000006, 104.01971631650461
2025-03-30 16:05:32,421 - 2025-03-30T16:05:32.421604, 3.82101090119596, 0.0, -2.506801696672767, -13.989816316493872, 73.45749411937115, 5.548527429946461, 0.0016000000400000006, 103.98981631649387
2025-03-30 16:05:32,462 - 2025-03-30T16:05:32.462396, 3.8197605021436427, 0.0, -2.5125337558324374, -13.9877163164931, 73.42207461475142, 5.73754901576103, 0.0016000000400000006, 103.9877163164931
2025-03-30 16:05:32,505 - 2025-03-30T16:05:32.505671, 3.818242816551758, 0.0, -2.5185634017958574, -14.00021631649764, 73.37818559156784, 5.936579823240444, 0.0016000000400000006, 104.00021631649764
2025-03-30 16:05:32,561 - 2025-03-30T16:05:32.561056, 3.816992417499441, 0.0, -2.524295460955528, -13.964116316484617, 73.34276608694813, 6.125601409055028, 0.0016000000400000006, 103.96411631648462
2025-03-30 16:05:32,660 - 2025-03-30T16:05:32.660845, 3.815236391672654, 0.0, -2.5298422053426126, -13.873916316452078, 73.29060029596546, 6.309040707497147, 0.0016000000400000006, 103.8739163164521
2025-03-30 16:05:32,801 - 2025-03-30T16:05:32.801072, 3.813770377583571, 0.0, -2.5355150179334367, -13.89081631645819, 73.24805880087237, 6.496329839446007, 0.0016000000400000006, 103.89081631645819
2025-03-30 16:05:32,900 - 2025-03-30T16:05:32.900936, 3.8122313207530647, 0.0, -2.54246637061277, -13.846516316442258, 73.2043619526992, 6.725581062684662, 0.0016000000400000006, 103.84651631644226
2025-03-30 16:05:32,960 - 2025-03-30T16:05:32.960960, 3.8102686089150706, 0.0, -2.5494404484902384, -13.928316316471712, 73.1468060493545, 6.955987063249015, 0.0016000000400000006, 103.92831631647171
2025-03-30 16:05:33,004 - 2025-03-30T16:05:33.004029, 3.809167003264628, 0.0, -2.5553061509196935, -13.806516316427809, 73.11639115556719, 7.149243408345558, 0.0016000000400000006, 103.8065163164278
2025-03-30 16:05:33,041 - 2025-03-30T16:05:33.041253, 3.807798111074618, 0.0, -2.5614694401528975, -13.81881631643222, 73.07750674321602, 7.3525089751069, 0.0016000000400000006, 103.81881631643222
2025-03-30 16:05:33,081 - 2025-03-30T16:05:33.081909, 3.806079960578056, 0.0, -2.5677222762191287, -13.884616316455913, 73.02726558110949, 7.5590466988349085, 0.0016000000400000006, 103.88461631645592
2025-03-30 16:05:33,121 - 2025-03-30T16:05:33.121524, 3.804235741877756, 0.0, -2.5742651240230643, -13.89181631645853, 72.97317458549628, 7.775208718452502, 0.0016000000400000006, 103.89181631645853
2025-03-30 16:05:33,161 - 2025-03-30T16:05:33.161257, 3.80301564308962, 0.0, -2.5805620565260523, -13.863116316448203, 72.9392947839775, 7.982709044495789, 0.0016000000400000006, 103.8631163164482
2025-03-30 16:05:33,201 - 2025-03-30T16:05:33.201579, 3.8013491640958605, 0.0, -2.586458059219688, -13.90551631646349, 72.89040114996149, 8.17750509269326, 0.0016000000400000006, 103.90551631646349
2025-03-30 16:05:33,243 - 2025-03-30T16:05:33.243389, 3.79996512177376, 0.0, -2.5923389117812334, -13.989216316493637, 72.85074688605985, 8.371531289340243, 0.0016000000400000006, 103.98921631649364
2025-03-30 16:05:33,281 - 2025-03-30T16:05:33.281742, 3.79861760082237, 0.0, -2.597580494298524, -13.963516316484382, 72.81167029869823, 8.544576440342333, 0.0016000000400000006, 103.9635163164844
2025-03-30 16:05:33,322 - 2025-03-30T16:05:33.322079, 3.797277654937026, 0.0, -2.602963295151644, -13.952616316480468, 72.77297863711189, 8.722241276401594, 0.0016000000400000006, 103.95261631648049
2025-03-30 16:05:33,380 - 2025-03-30T16:05:33.380905, 3.7951888748952927, 0.0, -2.6102273847668163, -14.116116316539436, 72.71157290026045, 8.962271572855519, 0.0016000000400000006, 104.11611631653943
2025-03-30 16:05:33,446 - 2025-03-30T16:05:33.446534, 3.7930484233507578, 0.0, -2.617848307754585, -14.112016316537982, 72.64881963531853, 9.214043544840024, 0.0016000000400000006, 104.11201631653799
2025-03-30 16:05:33,501 - 2025-03-30T16:05:33.501131, 3.7913529980523317, 0.0, -2.6245247988283045, -14.044616316513611, 72.5997332505377, 9.434440323739564, 0.0016000000400000006, 104.04461631651361
2025-03-30 16:05:33,541 - 2025-03-30T16:05:33.541185, 3.78992350533396, 0.0, -2.6295583413748735, -14.09611631653221, 72.55776943198467, 9.6007484100435, 0.0016000000400000006, 104.0961163165322
2025-03-30 16:05:33,601 - 2025-03-30T16:05:33.601235, 3.787842300358272, 0.0, -2.6369636493258755, -14.026716316507159, 72.49674862090848, 9.845398391554612, 0.0016000000400000006, 104.02671631650716
2025-03-30 16:05:33,641 - 2025-03-30T16:05:33.641505, 3.786635997742712, 0.0, -2.642197656777121, -14.201016316570051, 72.46229171860406, 10.018058616781474, 0.0016000000400000006, 104.20101631657005
2025-03-30 16:05:33,681 - 2025-03-30T16:05:33.681220, 3.7852216551564304, 0.0, -2.647513635995349, -14.17261631655979, 72.42109775160148, 10.193606073199755, 0.0016000000400000006, 104.1726163165598
2025-03-30 16:05:33,720 - 2025-03-30T16:05:33.720968, 3.7840305026729606, 0.0, -2.6530300801182527, -14.281216316598979, 72.38741070084751, 10.37550566854096, 0.0016000000400000006, 104.28121631659897
2025-03-30 16:05:33,761 - 2025-03-30T16:05:33.760987, 3.78247494175085, 0.0, -2.658353634402526, -14.493716316675668, 72.34159704878778, 10.551438050734482, 0.0016000000400000006, 104.49371631667569
2025-03-30 16:05:33,800 - 2025-03-30T16:05:33.800824, 3.781581376071129, 0.0, -2.6641373650649984, -14.395116316640092, 72.31791921969862, 10.741807164639576, 0.0016000000400000006, 104.3951163166401
2025-03-30 16:05:33,841 - 2025-03-30T16:05:33.841853, 3.7800333902150633, 0.0, -2.669602137685101, -14.477916316669987, 72.2724904934141, 10.922359231890272, 0.0016000000400000006, 104.47791631666999
2025-03-30 16:05:33,882 - 2025-03-30T16:05:33.882117, 3.7784702542269075, 0.0, -2.6747844736335447, -14.371816316631676, 72.22629191557913, 11.093671929026623, 0.0016000000400000006, 104.3718163166317
2025-03-30 16:05:33,921 - 2025-03-30T16:05:33.921022, 3.777538813216961, 0.0, -2.6798621126168705, -14.442816316657304, 72.20068945761383, 11.260942617645842, 0.0016000000400000006, 104.4428163166573
2025-03-30 16:05:34,001 - 2025-03-30T16:05:34.001535, 3.7762581139004636, 0.0, -2.6850292984332236, -14.5164163166839, 72.16373024989319, 11.43148546323171, 0.0016000000400000006, 104.5164163166839
2025-03-30 16:08:29,621 - 2025-03-30T16:08:29.621042, 3.774524813271812, 0.0, -2.6909996978277966, -14.547416316695028, 72.11271923623622, 11.62878381684537, 0.0016000000400000006, 104.54741631669503
2025-03-30 16:08:29,661 - 2025-03-30T16:08:29.661713, 3.773534125693019, 0.0, -2.696292951847889, -14.143816316549422, 72.0853843244052, 11.803176495937983, 0.0016000000400000006, 104.14381631654942
2025-03-30 16:08:29,701 - 2025-03-30T16:08:29.701257, 3.77255994220583, 0.0, -2.7032140042630415, -13.578816316345776, 72.06016621646071, 12.030888016075709, 0.0016000000400000006, 103.5788163163458
2025-03-30 16:08:29,721 - 2025-03-30T16:08:29.721152, 3.772340813981561, 0.0, -2.7070496245285693, -13.026516316146848, 72.0567001572204, 12.156774289945156, 0.0016000000400000006, 103.02651631614687
2025-03-30 16:08:29,741 - 2025-03-30T16:08:29.741897, 3.7720700142544903, 0.0, -2.7112420781666935, -12.485716315952377, 72.0518865698896, 12.29440223934517, 0.0016000000400000006, 102.48571631595237
2025-03-30 16:08:29,781 - 2025-03-30T16:08:29.781119, 3.771461593165457, 0.0, -2.7197013821438785, -11.443216315577988, 72.04014201558704, 12.572160443561376, 0.0016000000400000006, 101.44321631557798
2025-03-30 16:08:29,801 - 2025-03-30T16:08:29.801782, 3.771339586840261, 0.0, -2.724027479051786, -10.691116315308316, 72.04033303908864, 12.71402315224332, 0.0016000000400000006, 100.69111631530834
2025-03-30 16:08:29,821 - 2025-03-30T16:08:29.821570, 3.7714331955518317, 0.0, -2.728412822528542, -10.12841631510674, 72.0476460530636, 12.857618314791027, 0.0016000000400000006, 100.12841631510673
2025-03-30 16:08:29,840 - 2025-03-30T16:08:29.840806, 3.7714448324964196, 0.0, -2.7325901260345753, -9.599816314917557, 72.05207183584716, 12.99447641264057, 0.0016000000400000006, 99.59981631491758
2025-03-30 16:08:29,861 - 2025-03-30T16:08:29.861292, 3.7714413193089174, 0.0, -2.73648499286895, -8.971916314693033, 72.05572776708024, 13.122095140375755, 0.0016000000400000006, 98.97191631469303
2025-03-30 16:08:29,881 - 2025-03-30T16:08:29.881356, 3.77143023105537, 0.0, -2.7402386413674957, -8.474016314515165, 72.05899877253809, 13.24509418305378, 0.0016000000400000006, 98.47401631451518
2025-03-30 16:08:29,901 - 2025-03-30T16:08:29.901167, 3.7714267178678673, 0.0, -2.7441335082018705, -7.829916314285158, 72.06265470377116, 13.372712910788966, 0.0016000000400000006, 97.82991631428516
2025-03-30 16:08:29,921 - 2025-03-30T16:08:29.921744, 3.771831709555763, 0.0, -2.7477232131664513, -7.334516314108422, 72.07939983862533, 13.489937491084106, 0.0016000000400000006, 97.33451631410843
2025-03-30 16:08:29,961 - 2025-03-30T16:08:29.961605, 3.772283505599444, 0.0, -2.75350558986941, -6.459416313796412, 72.09980148046697, 13.678959652653107, 0.0016000000400000006, 96.45941631379641
2025-03-30 16:08:30,001 - 2025-03-30T16:08:30.001396, 3.772638179744052, 0.0, -2.7587974899299876, -5.532616313466284, 72.11654603956671, 13.852005379409599, 0.0016000000400000006, 95.53261631346628
2025-03-30 16:08:30,041 - 2025-03-30T16:08:30.041287, 3.7728730067914515, 0.0, -2.7631752583406977, -4.857716313226042, 72.12847873859886, 13.995215616182065, 0.0016000000400000006, 94.85771631322604
2025-03-30 16:08:30,081 - 2025-03-30T16:08:30.081313, 3.773271777372816, 0.0, -2.7679691066928505, -4.2088163129951734, 72.1461859000139, 14.15189998235082, 0.0016000000400000006, 94.20881631299517
2025-03-30 16:08:30,121 - 2025-03-30T16:08:30.121186, 3.7741382993984254, 0.0, -2.7722421781384425, -3.463716312730176, 72.17871471891573, 14.291068210606149, 0.0016000000400000006, 93.46371631273017
2025-03-30 16:08:30,162 - 2025-03-30T16:08:30.162741, 3.774157511409059, 0.0, -2.7765606999803056, -2.7380163124721695, 72.1835254274745, 14.432545993512878, 0.0016000000400000006, 92.73801631247217
2025-03-30 16:08:30,201 - 2025-03-30T16:08:30.201282, 3.7746231036253155, 0.0, -2.781280151631521, -2.171516312270835, 72.2033499685305, 14.586728054265425, 0.0016000000400000006, 92.17151631227084
2025-03-30 16:08:30,261 - 2025-03-30T16:08:30.261146, 3.775114128958736, 0.0, -2.789113981737027, -1.6385163120814548, 72.22702319158441, 14.842928112051087, 0.0016000000400000006, 91.63851631208145
2025-03-30 16:08:30,302 - 2025-03-30T16:08:30.302244, 3.7752531880665776, 0.0, -2.7943466352287585, -1.2344163119378933, 72.23664576021078, 15.014241384941842, 0.0016000000400000006, 91.23441631193789
2025-03-30 16:08:30,342 - 2025-03-30T16:08:30.342561, 3.7751249606348507, 0.0, -2.7998768755242387, -1.0258163118638008, 72.23779881027325, 15.1955638794974, 0.0016000000400000006, 91.0258163118638
2025-03-30 16:08:30,381 - 2025-03-30T16:08:30.381523, 3.775435538342702, 0.0, -2.8056668272932423, -0.8233163117918948, 72.25358076705771, 15.384970966841628, 0.0016000000400000006, 90.8233163117919
2025-03-30 16:08:30,421 - 2025-03-30T16:08:30.421310, 3.7754485292468045, 0.0, -2.811189492522677, -0.713816311752964, 72.25935350217738, 15.565908535621958, 0.0016000000400000006, 90.71381631175296
2025-03-30 16:08:30,461 - 2025-03-30T16:08:30.461517, 3.775253480180185, 0.0, -2.8167941295190944, -0.5831163117065417, 72.25838917259887, 15.74973333559372, 0.0016000000400000006, 90.58311631170655
2025-03-30 16:08:30,501 - 2025-03-30T16:08:30.501350, 3.775356017917315, 0.0, -2.8226660530550802, -0.48901631167308446, 72.26743406468518, 15.942027654129372, 0.0016000000400000006, 90.48901631167308
2025-03-30 16:08:30,542 - 2025-03-30T16:08:30.542442, 3.775369008821418, 0.0, -2.8281887182845153, -0.6592163117335573, 72.27320679980484, 16.122965222909716, 0.0016000000400000006, 90.65921631173356
2025-03-30 16:08:30,581 - 2025-03-30T16:08:30.580999, 3.775151234556663, 0.0, -2.833369700273445, -0.6944163117460759, 72.27108769290065, 16.292930967709964, 0.0016000000400000006, 90.69441631174608
2025-03-30 16:08:30,621 - 2025-03-30T16:08:30.621647, 3.7746510236202497, 0.0, -2.8385658323944645, -0.8402163117978544, 72.2597292158821, 16.463666564060652, 0.0016000000400000006, 90.84021631179786
2025-03-30 16:08:30,681 - 2025-03-30T16:08:30.681115, 3.7742871638726494, 0.0, -2.846303894560412, -1.3334163119730666, 72.25529940281773, 16.71755649144051, 0.0016000000400000006, 91.33341631197307
2025-03-30 16:08:30,741 - 2025-03-30T16:08:30.741037, 3.7734328274826687, 0.0, -2.8541390786254333, -1.953916312193522, 72.23489315494083, 16.975103501562295, 0.0016000000400000006, 91.95391631219353
2025-03-30 16:08:30,781 - 2025-03-30T16:08:30.781070, 3.7722857714359557, 0.0, -2.8591574710399117, -2.4772163123795092, 72.20216870650216, 17.14064173631576, 0.0016000000400000006, 92.47721631237951
2025-03-30 16:08:30,820 - 2025-03-30T16:08:30.820916, 3.7715031238278836, 0.0, -2.864368753293022, -2.989616312561633, 72.18157085936926, 17.312147184216936, 0.0016000000400000006, 92.98961631256164
2025-03-30 16:08:30,861 - 2025-03-30T16:08:30.861285, 3.770743201417947, 0.0, -2.87000369055362, -3.5719163127686486, 72.16212778956206, 17.497511687289627, 0.0016000000400000006, 93.57191631276865
2025-03-30 16:08:30,901 - 2025-03-30T16:08:30.901182, 3.769842060672181, 0.0, -2.8756462028802634, -3.952016312903825, 72.13806503469766, 17.683261116137547, 0.0016000000400000006, 93.95201631290382
2025-03-30 16:08:30,942 - 2025-03-30T16:08:30.941976, 3.768673633386847, 0.0, -2.8815863020106556, -4.665616313157651, 72.10553276126942, 17.87901976665028, 0.0016000000400000006, 94.66561631315767
2025-03-30 16:08:30,981 - 2025-03-30T16:08:30.981404, 3.7679805326118028, 0.0, -2.887146842570316, -5.218116313354315, 72.08820707110318, 18.061881964306767, 0.0016000000400000006, 95.21811631335432
2025-03-30 16:08:31,021 - 2025-03-30T16:08:31.021365, 3.766722558493441, 0.0, -2.8927376833941576, -5.719116313532685, 72.05240264070827, 18.24628386506418, 0.0016000000400000006, 95.71911631353268
2025-03-30 16:08:31,061 - 2025-03-30T16:08:31.061522, 3.7653901876741416, 0.0, -2.898261702583107, -6.175816313695378, 72.0140959048971, 18.42856838618061, 0.0016000000400000006, 96.17581631369538
2025-03-30 16:08:31,101 - 2025-03-30T16:08:31.101775, 3.764481471862331, 0.0, -2.9037629965739207, -6.58291631384042, 71.98964822425751, 18.60969812997136, 0.0016000000400000006, 96.58291631384041
2025-03-30 16:08:31,142 - 2025-03-30T16:08:31.142855, 3.763267594180726, 0.0, -2.908855785689337, -7.090916314021533, 71.95480639617786, 18.777738670141048, 0.0016000000400000006, 97.09091631402153
2025-03-30 16:08:31,181 - 2025-03-30T16:08:31.181190, 3.7620612915651654, 0.0, -2.9140897931405823, -7.402116314132514, 71.92034949387343, 18.95039889536788, 0.0016000000400000006, 97.40211631413251
2025-03-30 16:08:31,221 - 2025-03-30T16:08:31.221023, 3.7610416576817056, 0.0, -2.920163535540759, -7.66761631422722, 71.89282183127756, 19.150392305162573, 0.0016000000400000006, 97.66761631422722
2025-03-30 16:08:31,261 - 2025-03-30T16:08:31.261548, 3.7597533832991634, 0.0, -2.925189503021283, -7.9754163143371235, 71.85547769778171, 19.316315465691282, 0.0016000000400000006, 97.97541631433712
2025-03-30 16:08:31,303 - 2025-03-30T16:08:31.303811, 3.7588446674873524, 0.0, -2.9306907970120966, -8.15131631439988, 71.8310300171421, 19.497445209482017, 0.0016000000400000006, 98.15131631439988
2025-03-30 16:08:31,361 - 2025-03-30T16:08:31.361407, 3.7571278709503053, 0.0, -2.93828899480173, -8.539416314538496, 71.78213580737167, 19.748062404140835, 0.0016000000400000006, 98.5394163145385
2025-03-30 16:08:31,402 - 2025-03-30T16:08:31.401971, 3.75607036173662, 0.0, -2.9436566455227595, -8.853616314650756, 71.75268351589966, 19.924957388649624, 0.0016000000400000006, 98.85361631465075
2025-03-30 16:08:31,441 - 2025-03-30T16:08:31.441765, 3.7548199626843033, 0.0, -2.9493887046824305, -9.07771631473087, 71.71726401127997, 20.113978974464224, 0.0016000000400000006, 99.07771631473086
2025-03-30 16:08:31,480 - 2025-03-30T16:08:31.480888, 3.7536880567696804, 0.0, -2.9546895337685677, -9.22401631478315, 71.68530941439175, 20.288756579332034, 0.0016000000400000006, 99.22401631478314
2025-03-30 16:08:31,541 - 2025-03-30T16:08:31.541343, 3.752120053634508, 0.0, -2.962421374827985, -9.587316314913117, 71.64141981545376, 20.543608533272785, 0.0016000000400000006, 99.58731631491312
2025-03-30 16:08:31,581 - 2025-03-30T16:08:31.581860, 3.7509061759529025, 0.0, -2.967514163943401, -9.802116314989945, 71.6065779873741, 20.711649073442473, 0.0016000000400000006, 99.80211631498995
2025-03-30 16:08:31,625 - 2025-03-30T16:08:31.625365, 3.74977427003828, 0.0, -2.9728149930295387, -10.039316315074835, 71.57462339048587, 20.886426678310297, 0.0016000000400000006, 100.03931631507484
2025-03-30 16:08:31,661 - 2025-03-30T16:08:31.661218, 3.7485906926208554, 0.0, -2.978472655488272, -10.27021631515751, 71.54132126550715, 21.072945958708676, 0.0016000000400000006, 100.27021631515751
2025-03-30 16:08:31,702 - 2025-03-30T16:08:31.702321, 3.7471687749685287, 0.0, -2.9836474163706708, -10.38731631519947, 71.49974237272934, 21.2438737300698, 0.0016000000400000006, 100.38731631519947
2025-03-30 16:08:31,741 - 2025-03-30T16:08:31.741390, 3.7461780873897355, 0.0, -2.988940670390763, -10.569716315264825, 71.47240746089831, 21.41826640916238, 0.0016000000400000006, 100.56971631526483
2025-03-30 16:08:31,783 - 2025-03-30T16:08:31.783742, 3.7447788949355445, 0.0, -2.99453908628065, -10.778416315339618, 71.43198334544621, 21.603053235695036, 0.0016000000400000006, 100.77841631533961
2025-03-30 16:08:31,842 - 2025-03-30T16:08:31.842395, 3.7431440701654797, 0.0, -3.002345324041004, -11.026516315428523, 71.38597636686723, 21.860407495051966, 0.0016000000400000006, 101.02651631542852
2025-03-30 16:08:31,882 - 2025-03-30T16:08:31.882028, 3.741670481010351, 0.0, -3.007876918295999, -11.231116315501863, 71.3430499459989, 22.043076941943657, 0.0016000000400000006, 101.23111631550186
2025-03-30 16:08:31,921 - 2025-03-30T16:08:31.921425, 3.740821011767387, 0.0, -3.0131625972500458, -11.349416315544293, 71.32033471922503, 22.217084695261008, 0.0016000000400000006, 101.34941631554429
2025-03-30 16:08:31,961 - 2025-03-30T16:08:31.961604, 3.7391090823773565, 0.0, -3.018211289928705, -11.433316315574416, 71.26913153055764, 22.3841626331154, 0.0016000000400000006, 101.43331631557442
2025-03-30 16:08:32,001 - 2025-03-30T16:08:32.001796, 3.7379255049599323, 0.0, -3.023868952387439, -11.52161631560611, 71.23582940557893, 22.570681913513795, 0.0016000000400000006, 101.52161631560611
2025-03-30 16:08:32,041 - 2025-03-30T16:08:32.041153, 3.7367192023443723, 0.0, -3.029102959838684, -11.708316315673098, 71.2013725032745, 22.74334213874064, 0.0016000000400000006, 101.70831631567312
2025-03-30 16:08:32,084 - 2025-03-30T16:08:32.084452, 3.735379256459028, 0.0, -3.0344857606918043, -11.813016315710657, 71.16268084168814, 22.921006974799916, 0.0016000000400000006, 101.81301631571066
2025-03-30 16:08:32,121 - 2025-03-30T16:08:32.121366, 3.7340909820764856, 0.0, -3.0395117281723283, -11.959116315763163, 71.12533670819226, 23.086930135328622, 0.0016000000400000006, 101.95911631576318
2025-03-30 16:08:32,162 - 2025-03-30T16:08:32.162147, 3.7330334728628, 0.0, -3.044879378893358, -12.051716315796389, 71.09588441672025, 23.263825119837414, 0.0016000000400000006, 102.05171631579638
2025-03-30 16:08:32,221 - 2025-03-30T16:08:32.221125, 3.731085911156896, 0.0, -3.052135893442485, -12.238316315863491, 71.039098364926, 23.503470490516126, 0.0016000000400000006, 102.23831631586349
2025-03-30 16:08:32,281 - 2025-03-30T16:08:32.281354, 3.7295847296566156, 0.0, -3.059793337800965, -12.369216315910501, 70.99732614562897, 23.755820139040654, 0.0016000000400000006, 102.3692163159105
2025-03-30 16:08:32,321 - 2025-03-30T16:08:32.321652, 3.7280884153033518, 0.0, -3.0649012770484716, -12.543216315973021, 70.95324494743498, 23.924630530760815, 0.0016000000400000006, 102.54321631597304
2025-03-30 16:08:32,361 - 2025-03-30T16:08:32.361152, 3.7267484694180073, 0.0, -3.0702840779015914, -12.628316316003666, 70.9145532858486, 24.10229536682006, 0.0016000000400000006, 102.62831631600366
2025-03-30 16:08:32,402 - 2025-03-30T16:08:32.402176, 3.725698535270367, 0.0, -3.07579294695845, -12.687916316025081, 70.88548592015182, 24.283810036386036, 0.0016000000400000006, 102.68791631602508
2025-03-30 16:08:32,443 - 2025-03-30T16:08:32.443004, 3.7240169061445174, 0.0, -3.0814065129804273, -12.880216316094264, 70.83582243458537, 24.469366714469146, 0.0016000000400000006, 102.88021631609426
2025-03-30 16:08:32,501 - 2025-03-30T16:08:32.501105, 3.7223820813744526, 0.0, -3.089212750740782, -12.991216316134189, 70.78981545600638, 24.72672097382609, 0.0016000000400000006, 102.99121631613419
2025-03-30 16:08:32,541 - 2025-03-30T16:08:32.541765, 3.720975313854216, 0.0, -3.0946699482948388, -13.237816316222967, 70.74900641477905, 24.90688811530156, 0.0016000000400000006, 103.23781631622296
2025-03-30 16:08:32,582 - 2025-03-30T16:08:32.582087, 3.719761436172611, 0.0, -3.099762737410255, -13.354416316264881, 70.71416458669938, 25.074928655471247, 0.0016000000400000006, 103.35441631626489
2025-03-30 16:08:32,621 - 2025-03-30T16:08:32.621712, 3.7181466286816534, 0.0, -3.105301906731295, -13.438116316295078, 70.6666184807739, 25.25798302813814, 0.0016000000400000006, 103.43811631629508
2025-03-30 16:08:32,660 - 2025-03-30T16:08:32.660915, 3.7168583542991107, 0.0, -3.1103278742118188, -13.648916316371, 70.62927434727803, 25.423906188666848, 0.0016000000400000006, 103.648916316371
2025-03-30 16:08:32,704 - 2025-03-30T16:08:32.704014, 3.715369615011892, 0.0, -3.1155770317951546, -13.725916316398775, 70.58557807485926, 25.597336265444163, 0.0016000000400000006, 103.7259163163988
2025-03-30 16:08:32,741 - 2025-03-30T16:08:32.741822, 3.714163312396332, 0.0, -3.1208110392464, -13.786616316420623, 70.55112117255484, 25.769996490671023, 0.0016000000400000006, 103.78661631642062
2025-03-30 16:08:32,781 - 2025-03-30T16:08:32.781943, 3.712458958072347, 0.0, -3.126000950260889, -13.845916316442024, 70.50030290966271, 25.941694113582603, 0.0016000000400000006, 103.84591631644203
2025-03-30 16:08:32,821 - 2025-03-30T16:08:32.821366, 3.7114606954275082, 0.0, -3.131152985945152, -13.855816316445546, 70.47258307205641, 26.111467107618015, 0.0016000000400000006, 103.85581631644554
2025-03-30 16:08:32,864 - 2025-03-30T16:08:32.864830, 3.7099127095714426, 0.0, -3.1366177585652544, -13.990116316493989, 70.42715434577191, 26.29201917486871, 0.0016000000400000006, 103.990116316494
2025-03-30 16:08:32,901 - 2025-03-30T16:08:32.901772, 3.7088627754238024, 0.0, -3.1421266276221136, -13.984716316492026, 70.39808698007513, 26.4735338444347, 0.0016000000400000006, 103.98471631649203
2025-03-30 16:08:32,941 - 2025-03-30T16:08:32.941648, 3.7073664610705386, 0.0, -3.1472345668696198, -13.998416316496987, 70.35400578188111, 26.64234423615483, 0.0016000000400000006, 103.99841631649699
2025-03-30 16:08:32,981 - 2025-03-30T16:08:32.981149, 3.705944543418212, 0.0, -3.152409327752018, -14.030716316508624, 70.3124268891033, 26.813272007515927, 0.0016000000400000006, 104.03071631650863
2025-03-30 16:08:33,021 - 2025-03-30T16:08:33.021483, 3.7044709542630834, 0.0, -3.157940922007013, -13.957916316482342, 70.26950046823498, 26.995941454407617, 0.0016000000400000006, 103.95791631648234
2025-03-30 16:08:33,063 - 2025-03-30T16:08:33.063146, 3.703071761808892, 0.0, -3.1635393378968995, -14.019516316504593, 70.22907635278287, 27.180728280940258, 0.0016000000400000006, 104.01951631650459
2025-03-30 16:08:33,101 - 2025-03-30T16:08:33.101929, 3.7020810742300987, 0.0, -3.168832591916992, -13.993816316495337, 70.20174144095185, 27.355120960032853, 0.0016000000400000006, 103.99381631649534
2025-03-30 16:08:33,142 - 2025-03-30T16:08:33.142254, 3.700882346680584, 0.0, -3.1742078177040667, -13.97291631648781, 70.16766946442266, 27.532400870316884, 0.0016000000400000006, 103.97291631648781
2025-03-30 16:08:33,181 - 2025-03-30T16:08:33.181500, 3.6995424007952398, 0.0, -3.1795906185571865, -13.894116316459382, 70.12897780283629, 27.710065706376145, 0.0016000000400000006, 103.89411631645939
2025-03-30 16:08:33,221 - 2025-03-30T16:08:33.221543, 3.6982024549098953, 0.0, -3.1849734194103068, -13.899616316461383, 70.09028614124989, 27.887730542435406, 0.0016000000400000006, 103.89961631646139
2025-03-30 16:08:33,261 - 2025-03-30T16:08:33.261216, 3.696788112323614, 0.0, -3.1902893986285346, -14.01171631650179, 70.04909217424733, 28.063277998853703, 0.0016000000400000006, 104.01171631650179
2025-03-30 16:08:33,302 - 2025-03-30T16:08:33.302626, 3.6953069481024405, 0.0, -3.1956797745476995, -13.922216316469525, 70.0057808276038, 28.24132776068818, 0.0016000000400000006, 103.92221631646953
2025-03-30 16:08:33,342 - 2025-03-30T16:08:33.342398, 3.6942418638227097, 0.0, -3.2009062069329, -13.89311631645899, 69.97594361035655, 28.41360306013981, 0.0016000000400000006, 103.89311631645899
2025-03-30 16:08:33,381 - 2025-03-30T16:08:33.381171, 3.6928275212364285, 0.0, -3.2062221861511278, -13.985116316492183, 69.934749643354, 28.589150516558107, 0.0016000000400000006, 103.98511631649218
2025-03-30 16:08:33,422 - 2025-03-30T16:08:33.422916, 3.6913387819492094, 0.0, -3.2114713437344635, -13.993116316495064, 69.8910533709352, 28.76258059333542, 0.0016000000400000006, 103.99311631649506
2025-03-30 16:08:33,460 - 2025-03-30T16:08:33.460958, 3.690206876034587, 0.0, -3.216772172820601, -13.973816316488112, 69.859098774047, 28.937358198203246, 0.0016000000400000006, 103.97381631648811
2025-03-30 16:08:33,503 - 2025-03-30T16:08:33.503371, 3.6885693433454936, 0.0, -3.221887687134153, -14.025216316506622, 69.8103978907958, 29.10655351569862, 0.0016000000400000006, 104.02521631650663
2025-03-30 16:08:33,542 - 2025-03-30T16:08:33.542187, 3.6875194091978534, 0.0, -3.2273965561910116, -13.950916316479853, 69.78133052509901, 29.28806818526458, 0.0016000000400000006, 103.95091631647985
2025-03-30 16:08:33,601 - 2025-03-30T16:08:33.601108, 3.685371382587273, 0.0, -3.2348762608429507, -13.918416316468138, 69.71819233438185, 29.535220472191902, 0.0016000000400000006, 103.91841631646814
2025-03-30 16:08:33,642 - 2025-03-30T16:08:33.642131, 3.684098258336821, 0.0, -3.2401846649951334, -13.985016316492144, 69.68161805243646, 29.710383002834956, 0.0016000000400000006, 103.98501631649215
2025-03-30 16:08:33,701 - 2025-03-30T16:08:33.701363, 3.6823801078402596, 0.0, -3.246437501061365, -13.98321631649149, 69.63137689032995, 29.916920726562978, 0.0016000000400000006, 103.9832163164915
2025-03-30 16:08:33,761 - 2025-03-30T16:08:33.761334, 3.6804098209362204, 0.0, -3.253270360603004, -13.990916316494252, 69.57343606121, 30.142707042070143, 0.0016000000400000006, 103.99091631649425
2025-03-30 16:08:33,822 - 2025-03-30T16:08:33.822394, 3.6784181627935597, 0.0, -3.261024926860557, -14.019516316504593, 69.51568740710047, 30.398713773336592, 0.0016000000400000006, 104.01951631650459
2025-03-30 16:08:33,882 - 2025-03-30T16:08:33.882826, 3.6766559158602417, 0.0, -3.267775814635214, -14.047316316514618, 69.46448364267869, 30.621612857652337, 0.0016000000400000006, 104.04731631651462
2025-03-30 16:08:33,940 - 2025-03-30T16:08:33.940965, 3.674975640693906, 0.0, -3.274734742380592, -14.061516316519723, 69.41616710944831, 30.851249006666237, 0.0016000000400000006, 104.06151631651974
2025-03-30 16:08:34,000 - 2025-03-30T16:08:34.000950, 3.6729977787238215, 0.0, -3.281426383586402, -14.124016316542276, 69.35784135455316, 31.07241563711623, 0.0016000000400000006, 104.1240163165423
2025-03-30 16:08:34,063 - 2025-03-30T16:08:34.063423, 3.671199010419792, 0.0, -3.288816541405313, -14.128716316543965, 69.30605991359131, 31.316295767076873, 0.0016000000400000006, 104.12871631654397
2025-03-30 16:08:34,123 - 2025-03-30T16:08:34.123140, 3.6689311367120037, 0.0, -3.295382114407384, -14.098416316533061, 69.23810986280657, 31.533612564020167, 0.0016000000400000006, 104.09841631653306
2025-03-30 16:08:34,181 - 2025-03-30T16:08:34.181308, 3.6670428215749467, 0.0, -3.302423013919745, -14.069916316522761, 69.18305626487806, 31.766135944225496, 0.0016000000400000006, 104.06991631652278
2025-03-30 16:08:34,241 - 2025-03-30T16:08:34.241682, 3.664931316335078, 0.0, -3.3092634485274295, -14.063116316520299, 69.12049575070094, 31.992307185507908, 0.0016000000400000006, 104.0631163165203
2025-03-30 16:08:34,301 - 2025-03-30T16:08:34.300974, 3.6633178628036345, 0.0, -3.3161479795718707, -13.947316316478595, 69.07429659711156, 32.219441029105596, 0.0016000000400000006, 103.94731631647859
2025-03-30 16:08:34,361 - 2025-03-30T16:08:34.361077, 3.6615115194335597, 0.0, -3.323396919054953, -13.794016316423267, 69.02213023037447, 32.45870147400908, 0.0016000000400000006, 103.79401631642327
2025-03-30 16:08:34,421 - 2025-03-30T16:08:34.421520, 3.6596232042965027, 0.0, -3.3304378185673134, -13.696116316388016, 68.96707663244597, 32.6912248542144, 0.0016000000400000006, 103.69611631638801
2025-03-30 16:08:34,461 - 2025-03-30T16:08:34.461899, 3.6584837233158347, 0.0, -3.3355974293176214, -13.62151631636113, 68.93473710978253, 32.86138277402504, 0.0016000000400000006, 103.62151631636112
2025-03-30 16:08:34,501 - 2025-03-30T16:08:34.501215, 3.6572030239993376, 0.0, -3.340764615133975, -13.563616316340278, 68.8977779020619, 33.03192561961093, 0.0016000000400000006, 103.56361631634027
2025-03-30 16:08:34,541 - 2025-03-30T16:08:34.541613, 3.6559891463177325, 0.0, -3.345857404249391, -13.419916316288509, 68.86293607398224, 33.19996615978061, 0.0016000000400000006, 103.41991631628851
2025-03-30 16:08:34,581 - 2025-03-30T16:08:34.581857, 3.6549908836728937, 0.0, -3.3510094399336543, -13.397916316280602, 68.83521623637597, 33.36973915381603, 0.0016000000400000006, 103.3979163162806
2025-03-30 16:08:34,623 - 2025-03-30T16:08:34.623759, 3.653858977758271, 0.0, -3.356310269019792, -13.234316316221646, 68.80326163948774, 33.54451675868387, 0.0016000000400000006, 103.23431631622165
2025-03-30 16:08:34,661 - 2025-03-30T16:08:34.661915, 3.6530914802822894, 0.0, -3.3618039879445605, -12.998216316136729, 68.78343364390531, 33.725261576699374, 0.0016000000400000006, 102.99821631613673
2025-03-30 16:08:34,702 - 2025-03-30T16:08:34.702678, 3.6518776026006843, 0.0, -3.3668967770599765, -12.961816316123587, 68.74859181582568, 33.89330211686905, 0.0016000000400000006, 102.96181631612359
2025-03-30 16:08:34,741 - 2025-03-30T16:08:34.741007, 3.6503812882474205, 0.0, -3.372004716307483, -12.83831631607917, 68.70451061763166, 34.062112508589195, 0.0016000000400000006, 102.83831631607917
2025-03-30 16:08:34,781 - 2025-03-30T16:08:34.781508, 3.6496806124063306, 0.0, -3.3774240385313146, -12.751716316048041, 68.68680000169019, 34.240355021188506, 0.0016000000400000006, 102.75171631604806
2025-03-30 16:08:34,821 - 2025-03-30T16:08:34.820968, 3.6483923380237884, 0.0, -3.3824500060118385, -12.662616316015983, 68.64945586819434, 34.40627818171721, 0.0016000000400000006, 102.66261631601598
2025-03-30 16:08:34,861 - 2025-03-30T16:08:34.861122, 3.64740922551104, 0.0, -3.38788447836776, -12.516616315963516, 68.62250588213853, 34.58529054586698, 0.0016000000400000006, 102.51661631596352
2025-03-30 16:08:34,902 - 2025-03-30T16:08:34.902034, 3.646567331334121, 0.0, -3.3933113756576367, -12.496916315956408, 68.6001755811399, 34.76391798424152, 0.0016000000400000006, 102.49691631595641
2025-03-30 16:08:34,941 - 2025-03-30T16:08:34.941202, 3.6451454136817945, 0.0, -3.3984861365400354, -12.414216315926655, 68.55859668836209, 34.93484575560263, 0.0016000000400000006, 102.41421631592665
2025-03-30 16:08:35,000 - 2025-03-30T16:08:35.000854, 3.643583631653153, 0.0, -3.4050138342118803, -12.299616315885471, 68.51374506286322, 35.15023792366977, 0.0016000000400000006, 102.29961631588547
2025-03-30 16:08:35,061 - 2025-03-30T16:08:35.061714, 3.641926081684953, 0.0, -3.4123964169647465, -12.253716315869015, 68.46658330695855, 35.393733127855185, 0.0016000000400000006, 102.25371631586901
2025-03-30 16:08:35,122 - 2025-03-30T16:08:35.122439, 3.6404173251186274, 0.0, -3.419912642987397, -12.13251631582545, 68.4244261618863, 35.64146309132256, 0.0016000000400000006, 102.13251631582546
2025-03-30 16:08:35,161 - 2025-03-30T16:08:35.161103, 3.6396346775105552, 0.0, -3.4251239252405075, -11.971216315767498, 68.40382831475341, 35.81296853922372, 0.0016000000400000006, 101.97121631576749
2025-03-30 16:08:35,222 - 2025-03-30T16:08:35.222678, 3.638133496010275, 0.0, -3.4327813695989873, -11.920316315749234, 68.36205609545638, 36.06531818774826, 0.0016000000400000006, 101.92031631574923
2025-03-30 16:08:35,261 - 2025-03-30T16:08:35.261889, 3.637135233365436, 0.0, -3.43793340528325, -11.842416315721259, 68.33433625785008, 36.23509118178369, 0.0016000000400000006, 101.84241631572127
2025-03-30 16:08:35,301 - 2025-03-30T16:08:35.301454, 3.636018477582904, 0.0, -3.4435166710410465, -11.908116315744861, 68.30315151251234, 36.419108156765866, 0.0016000000400000006, 101.90811631574486
2025-03-30 16:08:35,341 - 2025-03-30T16:08:35.341885, 3.6350946116390026, 0.0, -3.448735528360202, -11.758016315690941, 68.27793398032227, 36.590998530442256, 0.0016000000400000006, 101.75801631569094
2025-03-30 16:08:35,382 - 2025-03-30T16:08:35.382115, 3.633903459155533, 0.0, -3.454251972483106, -11.648316315651575, 68.24424692956832, 36.77289812578346, 0.0016000000400000006, 101.64831631565157
2025-03-30 16:08:35,421 - 2025-03-30T16:08:35.421694, 3.632586238468324, 0.0, -3.460058428343714, -11.769516315695089, 68.20671004530763, 36.96442201701425, 0.0016000000400000006, 101.76951631569509
2025-03-30 16:08:35,461 - 2025-03-30T16:08:35.461666, 3.6318263160583877, 0.0, -3.465693365604312, -11.598716315633771, 68.18726697550045, 37.14978652008694, 0.0016000000400000006, 101.59871631563377
2025-03-30 16:08:35,501 - 2025-03-30T16:08:35.501673, 3.630679260011674, 0.0, -3.470711758018791, -11.533016315610219, 68.15454252706175, 37.315324754840425, 0.0016000000400000006, 101.53301631561023
2025-03-30 16:08:35,541 - 2025-03-30T16:08:35.541394, 3.6301198025064143, 0.0, -3.4761235051765773, -11.503416315599539, 68.14145159617746, 37.49318234166451, 0.0016000000400000006, 101.50341631559954
2025-03-30 16:08:35,601 - 2025-03-30T16:08:35.600998, 3.628744689209873, 0.0, -3.4834909377973533, -11.379016315554974, 68.10352921038717, 37.73590769429946, 0.0016000000400000006, 101.37901631555498
2025-03-30 16:08:35,641 - 2025-03-30T16:08:35.641887, 3.6278800698348186, 0.0, -3.4884941800797415, -11.382016315556047, 68.08004413206282, 37.90067607750246, 0.0016000000400000006, 101.38201631555604
2025-03-30 16:08:35,700 - 2025-03-30T16:08:35.700831, 3.6261632732977715, 0.0, -3.4960923778693744, -11.436716315575646, 68.03114992229243, 38.15129327216127, 0.0016000000400000006, 101.43671631557565
2025-03-30 16:08:35,741 - 2025-03-30T16:08:35.741783, 3.624756505777535, 0.0, -3.501549575423432, -11.432916315574259, 67.99034088106507, 38.331460413636734, 0.0016000000400000006, 101.43291631557426
2025-03-30 16:08:35,784 - 2025-03-30T16:08:35.784403, 3.623780968330832, 0.0, -3.507125266115183, -11.414316315567582, 67.96377582078449, 38.51509246284369, 0.0016000000400000006, 101.41431631556759
2025-03-30 16:08:35,821 - 2025-03-30T16:08:35.821040, 3.6224713227096683, 0.0, -3.5130729403116203, -11.540116315612746, 67.92662386229904, 38.711236039131656, 0.0016000000400000006, 101.54011631561275
2025-03-30 16:08:35,862 - 2025-03-30T16:08:35.862038, 3.6211313768243243, 0.0, -3.51845574116474, -11.520016315605533, 67.88793220071268, 38.8889008751909, 0.0016000000400000006, 101.52001631560553
2025-03-30 16:08:35,900 - 2025-03-30T16:08:35.900927, 3.620691766416272, 0.0, -3.5247816199723947, -11.600716315634452, 67.87965312989598, 39.096593951999026, 0.0016000000400000006, 101.60071631563447
2025-03-30 16:08:35,941 - 2025-03-30T16:08:35.941555, 3.6191954520630083, 0.0, -3.5298895592199013, -11.539016315612367, 67.83557193170198, 39.26540434371917, 0.0016000000400000006, 101.53901631561237
2025-03-30 16:08:35,980 - 2025-03-30T16:08:35.980966, 3.61819718941817, 0.0, -3.5350415949041643, -11.484516315592796, 67.80785209409571, 39.43517733775458, 0.0016000000400000006, 101.4845163155928
2025-03-30 16:08:36,021 - 2025-03-30T16:08:36.021011, 3.617132105138439, 0.0, -3.5402680272893647, -11.650316315652256, 67.77801487684846, 39.60745263720621, 0.0016000000400000006, 101.65031631565228
2025-03-30 16:08:36,062 - 2025-03-30T16:08:36.062141, 3.615918227456834, 0.0, -3.5453608164047807, -11.75461631568971, 67.7431730487688, 39.775493177375886, 0.0016000000400000006, 101.75461631568972
2025-03-30 16:08:36,101 - 2025-03-30T16:08:36.101132, 3.6149061686394193, 0.0, -3.5515757771407865, -11.833416315718038, 67.71603031194817, 39.98010627222775, 0.0016000000400000006, 101.83341631571804
2025-03-30 16:08:36,142 - 2025-03-30T16:08:36.142362, 3.6133506077173085, 0.0, -3.5568993314250594, -11.995016315776057, 67.67021665988844, 40.15603865442126, 0.0016000000400000006, 101.99501631577606
2025-03-30 16:08:36,181 - 2025-03-30T16:08:36.181523, 3.6122111267366406, 0.0, -3.562058942175368, -11.960316315763583, 67.63787713722498, 40.326196574231915, 0.0016000000400000006, 101.96031631576358
2025-03-30 16:08:36,261 - 2025-03-30T16:08:36.261235, 3.611019974253171, 0.0, -3.5675753862982718, -12.084216315808105, 67.60419008647101, 40.50809616957312, 0.0016000000400000006, 102.0842163158081
2025-03-30 16:08:36,340 - 2025-03-30T16:08:36.340884, 3.609628356865025, 0.0, -3.573315020523988, -12.1380163158274, 67.56415089679413, 40.697502681162945, 0.0016000000400000006, 102.1380163158274
2025-03-30 16:08:36,401 - 2025-03-30T16:08:36.401729, 3.6082808359136354, 0.0, -3.5785566030412785, -12.396416315920291, 67.52507430943254, 40.87054783216503, 0.0016000000400000006, 102.39641631592029
2025-03-30 16:08:36,461 - 2025-03-30T16:08:36.461116, 3.6063256991416863, 0.0, -3.585671899254576, -12.583516315987538, 67.46790333186306, 41.105573517786546, 0.0016000000400000006, 102.58351631598754
2025-03-30 16:08:36,501 - 2025-03-30T16:08:36.501733, 3.6048293847884225, 0.0, -3.590779838502083, -12.772616316055569, 67.42382213366906, 41.27438390950669, 0.0016000000400000006, 102.77261631605558
2025-03-30 16:08:36,540 - 2025-03-30T16:08:36.540865, 3.603178055926753, 0.0, -3.596958277867377, -13.014616316142593, 67.37569835120351, 41.4784193278185, 0.0016000000400000006, 103.0146163161426
2025-03-30 16:08:36,581 - 2025-03-30T16:08:36.580978, 3.601103072057596, 0.0, -3.603159442430807, -13.39691631628026, 67.31371551356645, 41.683609523456, 0.0016000000400000006, 103.39691631628025
2025-03-30 16:08:36,621 - 2025-03-30T16:08:36.621618, 3.5988276232837624, 0.0, -3.6095837970970486, -13.779316316417967, 67.24538053700645, 41.89630663534212, 0.0016000000400000006, 103.77931631641796
2025-03-30 16:08:36,661 - 2025-03-30T16:08:36.661154, 3.5968862826843893, 0.0, -3.615636168258604, -14.178616316561937, 67.18763245865134, 42.09649222014721, 0.0016000000400000006, 104.17861631656194
2025-03-30 16:08:36,706 - 2025-03-30T16:08:36.706108, 3.594752052246385, 0.0, -3.6220529478588, -14.642716316729464, 67.12391716714853, 42.30880440625809, 0.0016000000400000006, 104.64271631672946
2025-03-30 16:08:36,741 - 2025-03-30T16:08:36.741798, 3.59244008210184, 0.0, -3.629116572569296, -15.171916316920663, 67.0550045140485, 42.54248256378911, 0.0016000000400000006, 105.17191631692066
2025-03-30 16:08:36,781 - 2025-03-30T16:08:36.781767, 3.5907446568034143, 0.0, -3.635793063643016, -15.53831631705317, 67.00591812926768, 42.76287934268864, 0.0016000000400000006, 105.53831631705317
2025-03-30 16:08:36,822 - 2025-03-30T16:08:36.822826, 3.5885725510351842, 0.0, -3.6415037515640654, -15.954316317203835, 66.94027820888871, 42.95209310351365, 0.0016000000400000006, 105.95431631720383
2025-03-30 16:08:36,864 - 2025-03-30T16:08:36.864442, 3.586816525208397, 0.0, -3.64705049595115, -16.329016317339594, 66.88811241790606, 43.13553240195578, 0.0016000000400000006, 106.3290163173396
2025-03-30 16:08:36,900 - 2025-03-30T16:08:36.900901, 3.5850529243155647, 0.0, -3.6524560220024056, -16.72691631748393, 66.83556170114815, 43.31435201534074, 0.0016000000400000006, 106.72691631748393
2025-03-30 16:08:36,961 - 2025-03-30T16:08:36.960990, 3.582458517499361, 0.0, -3.659534796844992, -17.375416317719477, 66.75740967793377, 43.54880002442221, 0.0016000000400000006, 107.37541631771947
2025-03-30 16:08:37,021 - 2025-03-30T16:08:37.021365, 3.5794480307417142, 0.0, -3.6667775152215434, -18.053216317966047, 66.66578352532306, 43.789022495886556, 0.0016000000400000006, 108.05321631796605
2025-03-30 16:08:37,060 - 2025-03-30T16:08:37.060852, 3.5774095682432687, 0.0, -3.6723394097407187, -18.714816318207287, 66.60437836422608, 43.97323164587916, 0.0016000000400000006, 108.71481631820728
2025-03-30 16:08:37,100 - 2025-03-30T16:08:37.100959, 3.575058368808983, 0.0, -3.6773515810486668, -19.391116318454284, 66.53219412991376, 44.13973190719352, 0.0016000000400000006, 109.39111631845428
2025-03-30 16:08:37,142 - 2025-03-30T16:08:37.142092, 3.5722910894332554, 0.0, -3.6825276958905793, -20.08851631870955, 66.44653576620517, 44.31200663089072, 0.0016000000400000006, 110.08851631870955
2025-03-30 16:08:37,181 - 2025-03-30T16:08:37.181537, 3.569523810057527, 0.0, -3.687703810732492, -20.952216319026405, 66.36087740249657, 44.48428135458795, 0.0016000000400000006, 110.9522163190264
2025-03-30 16:08:37,222 - 2025-03-30T16:08:37.222277, 3.5666380375441054, 0.0, -3.693311155647938, -21.885016319369573, 66.27175413105651, 44.67080005923192, 0.0016000000400000006, 111.88501631936957
2025-03-30 16:08:37,261 - 2025-03-30T16:08:37.261742, 3.563431953028799, 0.0, -3.6982275590163276, -22.777016319698838, 66.17146686062594, 44.83499019014047, 0.0016000000400000006, 112.77701631969884
2025-03-30 16:08:37,282 - 2025-03-30T16:08:37.282568, 3.561650494084848, 0.0, -3.7006599249491217, -23.393616319926977, 66.11545238764535, 44.9164114915495, 0.0016000000400000006, 113.39361631992698
2025-03-30 16:08:37,321 - 2025-03-30T16:08:37.321524, 3.558303191233712, 0.0, -3.7055839033835563, -24.48471632033201, 66.01054543215758, 45.08098654823329, 0.0016000000400000006, 114.48471632033203
2025-03-30 16:08:37,361 - 2025-03-30T16:08:37.361370, 3.5544364654355296, 0.0, -3.711385492097148, -25.534216320723182, 65.88946929109251, 45.27481941836106, 0.0016000000400000006, 115.53421632072319
2025-03-30 16:08:37,407 - 2025-03-30T16:08:37.406958, 3.5508521763090064, 0.0, -3.7171719306786493, -26.58011632111463, 65.77763252014181, 45.467882436938375, 0.0016000000400000006, 116.58011632111463
2025-03-30 16:08:37,421 - 2025-03-30T16:08:37.421265, 3.5489887455980726, 0.0, -3.7193962566407217, -27.158316321331743, 65.71873081596979, 45.542566673649254, 0.0016000000400000006, 117.15831632133174
2025-03-30 16:08:37,441 - 2025-03-30T16:08:37.441482, 3.5471101647550487, 0.0, -3.7213381459311354, -27.738916321550306, 65.65905926024732, 45.608011540245776, 0.0016000000400000006, 117.7389163215503
2025-03-30 16:08:37,481 - 2025-03-30T16:08:37.481278, 3.5433908783992267, 0.0, -3.7259280161911095, -28.75921632193569, 65.54164077767855, 45.76199969872469, 0.0016000000400000006, 118.7592163219357
2025-03-30 16:08:37,501 - 2025-03-30T16:08:37.501397, 3.5413118326515267, 0.0, -3.728093095584335, -29.30541632214271, 65.47561708303317, 45.834951481569824, 0.0016000000400000006, 119.3054163221427
2025-03-30 16:08:37,521 - 2025-03-30T16:08:37.521814, 3.539314758670809, 0.0, -3.730466214948282, -29.829716322341962, 65.41248061957923, 45.91464032911312, 0.0016000000400000006, 119.82971632234197
2025-03-30 16:08:37,542 - 2025-03-30T16:08:37.542269, 3.537451327959875, 0.0, -3.7326905409103546, -30.41881632256635, 65.35357891540721, 45.98932456582399, 0.0016000000400000006, 120.41881632256636
2025-03-30 16:08:37,582 - 2025-03-30T16:08:37.582846, 3.533858109807792, 0.0, -3.736990399432625, -31.421216322949657, 65.24001026634517, 46.13368842841332, 0.0016000000400000006, 121.42121632294966
2025-03-30 16:08:37,620 - 2025-03-30T16:08:37.620836, 3.5301539735840604, 0.0, -3.741862706364258, -32.33331632330013, 65.12336163532683, 46.29691595700662, 0.0016000000400000006, 122.33331632330014
2025-03-30 16:08:37,665 - 2025-03-30T16:08:37.665645, 3.5254323627048567, 0.0, -3.747568527138291, -33.46991632373912, 64.97418245814346, 46.488438696728586, 0.0016000000400000006, 123.46991632373913
2025-03-30 16:08:37,701 - 2025-03-30T16:08:37.701009, 3.5219424875583774, 0.0, -3.751154718915369, -34.35601632408313, 64.86330886526243, 46.609319208256814, 0.0016000000400000006, 124.35601632408313
2025-03-30 16:08:37,723 - 2025-03-30T16:08:37.723247, 3.5196994982767125, 0.0, -3.752903718367152, -34.86851632428289, 64.79151070823418, 46.66879686170565, 0.0016000000400000006, 124.8685163242829
2025-03-30 16:08:37,761 - 2025-03-30T16:08:37.761536, 3.5158011182548354, 0.0, -3.7567950720140244, -35.90881632469001, 64.66754791173207, 46.800071520673924, 0.0016000000400000006, 125.90881632469001
2025-03-30 16:08:37,803 - 2025-03-30T16:08:37.803336, 3.5116278766273448, 0.0, -3.7608427941288167, -37.008816325123206, 64.53473067089084, 46.936735716249835, 0.0016000000400000006, 127.0088163251232
2025-03-30 16:08:37,842 - 2025-03-30T16:08:37.842630, 3.5070234049263207, 0.0, -3.764772023105915, -38.040116325531784, 64.38766944910286, 47.069935004094276, 0.0016000000400000006, 128.04011632553178
2025-03-30 16:08:37,861 - 2025-03-30T16:08:37.861609, 3.504787990710701, 0.0, -3.766662240893527, -38.61631632576124, 64.31625621784983, 47.13403234260027, 0.0016000000400000006, 128.61631632576123
2025-03-30 16:08:37,881 - 2025-03-30T16:08:37.881748, 3.5025374263629905, 0.0, -3.7682700220094807, -39.12391632596403, 64.24407313504634, 47.18889031099196, 0.0016000000400000006, 129.12391632596405
2025-03-30 16:08:37,901 - 2025-03-30T16:08:37.901800, 3.5002427655785238, 0.0, -3.7703758548338593, -39.624216326164465, 64.17092744992758, 47.26010963997135, 0.0016000000400000006, 129.62421632616446
2025-03-30 16:08:37,923 - 2025-03-30T16:08:37.923652, 3.498133419566643, 0.0, -3.7719760608837674, -40.22331632640534, 64.10336405218128, 47.314582682587776, 0.0016000000400000006, 130.22331632640535
2025-03-30 16:08:37,941 - 2025-03-30T16:08:37.941617, 3.495749211949149, 0.0, -3.7737326354015948, -40.739216326613565, 64.02694621009587, 47.37444526181183, 0.0016000000400000006, 130.73921632661356
2025-03-30 16:08:37,961 - 2025-03-30T16:08:37.961871, 3.493632290871223, 0.0, -3.7751916231156737, -41.29801632683982, 63.95899788657434, 47.42429861937108, 0.0016000000400000006, 131.29801632683981
2025-03-30 16:08:37,981 - 2025-03-30T16:08:37.981294, 3.4913300550207107, 0.0, -3.777156237604223, -41.814016327049515, 63.88546727568032, 47.4908982632933, 0.0016000000400000006, 131.8140163270495
2025-03-30 16:08:38,004 - 2025-03-30T16:08:38.004393, 3.4885965890966655, 0.0, -3.7790023589550783, -42.38541632728259, 63.79769268383957, 47.554032999484036, 0.0016000000400000006, 132.3854163272826
2025-03-30 16:08:38,021 - 2025-03-30T16:08:38.021514, 3.486768325796929, 0.0, -3.7792420531494946, -43.09081632757147, 63.7380217038715, 47.5636567196192, 0.0016000000400000006, 133.09081632757147
2025-03-30 16:08:38,041 - 2025-03-30T16:08:38.041665, 3.484139556838002, 0.0, -3.781719869478559, -43.76481632784891, 63.65428912054788, 47.6473875756796, 0.0016000000400000006, 133.7648163278489
2025-03-30 16:08:38,083 - 2025-03-30T16:08:38.083210, 3.4798451141537887, 0.0, -3.783508098220082, -45.08151632839465, 63.51531306730297, 47.71013681034071, 0.0016000000400000006, 135.08151632839466
2025-03-30 16:08:38,121 - 2025-03-30T16:08:38.120971, 3.4757538442932803, 0.0, -3.787763860305596, -46.04201632879599, 63.385383057653165, 47.85353807061478, 0.0016000000400000006, 136.042016328796
2025-03-30 16:08:38,161 - 2025-03-30T16:08:38.161553, 3.4711983361760295, 0.0, -3.7886455324632955, -47.7812163295302, 63.23697545928347, 47.88683674106707, 0.0016000000400000006, 137.7812163295302
2025-03-30 16:08:38,200 - 2025-03-30T16:08:38.200959, 3.4675837467853254, 0.0, -3.7938670977014795, -48.197216329707224, 63.12359898523184, 48.06142101941567, 0.0016000000400000006, 138.19721632970723
2025-03-30 16:08:38,241 - 2025-03-30T16:08:38.241337, 3.462613512686146, 0.0, -3.7962580751165453, -49.680516330343266, 62.96306420980195, 48.14457362318163, 0.0016000000400000006, 139.68051633034327
2025-03-30 16:08:38,262 - 2025-03-30T16:08:38.261946, 3.459946868396993, 0.0, -3.7980297997664634, -50.2727163305994, 62.87740699760217, 48.205206053956154, 0.0016000000400000006, 140.2727163305994
2025-03-30 16:08:38,301 - 2025-03-30T16:08:38.301209, 3.4550875523694624, 0.0, -3.7998483287721667, -51.409516331094444, 62.71995220412854, 48.26949499171818, 0.0016000000400000006, 141.40951633109444
2025-03-30 16:08:38,321 - 2025-03-30T16:08:38.321278, 3.4523086360491466, 0.0, -3.8008471401080457, -52.76971633169305, 62.629868057636415, 48.30491161756584, 0.0016000000400000006, 142.76971633169305
2025-03-30 16:08:38,360 - 2025-03-30T16:08:38.360901, 3.446855500373632, 0.0, -3.8034764577580136, -52.933616331765606, 62.453741773169256, 48.39634098913087, 0.0016000000400000006, 142.93361633176562
2025-03-30 16:08:38,381 - 2025-03-30T16:08:38.381116, 3.4439415868240175, 0.0, -3.803278700772366, -54.149016332307326, 62.35807591505908, 48.39268275488017, 0.0016000000400000006, 144.14901633230733
2025-03-30 16:08:38,401 - 2025-03-30T16:08:38.401147, 3.4405888681348245, 0.0, -3.802821232313195, -55.2575163328064, 62.247781150226885, 48.38093992784079, 0.0016000000400000006, 145.2575163328064
2025-03-30 16:08:38,442 - 2025-03-30T16:08:38.442521, 3.43463010568484, 0.0, -3.805265235190577, -56.05811633317008, 62.05490857939678, 48.466787012033365, 0.0016000000400000006, 146.05811633317006
2025-03-30 16:08:38,461 - 2025-03-30T16:08:38.461516, 3.4319304532124777, 0.0, -3.803781363050375, -56.87831633354546, 61.96501775942387, 48.42078176071762, 0.0016000000400000006, 146.87831633354546
2025-03-30 16:08:38,482 - 2025-03-30T16:08:38.482177, 3.429048193886558, 0.0, -3.805493841131446, -57.61651633388582, 61.8722385567507, 48.47968173762641, 0.0016000000400000006, 147.6165163338858
2025-03-30 16:08:38,500 - 2025-03-30T16:08:38.500964, 3.426774904340712, 0.0, -3.8066779672399114, -58.12171633412008, 61.79890069662152, 48.52068065084653, 0.0016000000400000006, 148.1217163341201
2025-03-30 16:08:38,523 - 2025-03-30T16:08:38.523160, 3.4236088543836196, 0.0, -3.807060233729671, -58.73341633440538, 61.69553517149791, 48.536271008374996, 0.0016000000400000006, 148.73341633440538
2025-03-30 16:08:38,560 - 2025-03-30T16:08:38.560870, 3.4176487379741203, 0.0, -3.808158874883652, -59.9865163349951, 61.50131564833168, 48.57803862163678, 0.0016000000400000006, 149.9865163349951
2025-03-30 16:08:38,601 - 2025-03-30T16:08:38.601557, 3.4119648371297493, 0.0, -3.810446509293114, -61.03841633549592, 61.31729752184071, 48.658496169221706, 0.0016000000400000006, 151.03841633549592
2025-03-30 16:08:38,642 - 2025-03-30T16:08:38.642357, 3.4059806415626004, 0.0, -3.809776133716205, -62.11531633601426, 61.120576269012695, 48.64232525638117, 0.0016000000400000006, 152.11531633601427
2025-03-30 16:08:38,660 - 2025-03-30T16:08:38.660953, 3.4029041384385352, 0.0, -3.810507658512516, -62.650616336274155, 61.02048290085573, 48.66927236366495, 0.0016000000400000006, 152.65061633627414
2025-03-30 16:08:38,701 - 2025-03-30T16:08:38.701258, 3.397604663311912, 0.0, -3.8107211143212947, -63.47241633667597, 60.84705224832401, 48.68139723770752, 0.0016000000400000006, 153.47241633667596
2025-03-30 16:08:38,722 - 2025-03-30T16:08:38.722254, 3.3948030217934604, 0.0, -3.811296270649686, -64.19351633703151, 60.755813324506185, 48.70295480838367, 0.0016000000400000006, 154.1935163370315
2025-03-30 16:08:38,761 - 2025-03-30T16:08:38.761000, 3.3901428167110916, 0.0, -3.8115462478291757, -65.07361633746929, 60.60336371761936, 48.71565735896628, 0.0016000000400000006, 155.0736163374693
2025-03-30 16:08:38,781 - 2025-03-30T16:08:38.781638, 3.3877269548699025, 0.0, -3.811392587280285, -65.6035163377349, 60.52405922009691, 48.712961727030866, 0.0016000000400000006, 155.6035163377349
2025-03-30 16:08:38,840 - 2025-03-30T16:08:38.840797, 3.3808740780491564, 0.0, -3.81168936881556, -66.6486163382635, 60.29981203193625, 48.72932078460097, 0.0016000000400000006, 156.64861633826348
2025-03-30 16:08:38,905 - 2025-03-30T16:08:38.905335, 3.3753238204745695, 0.0, -3.813828209823148, -67.68241633879263, 60.120028664727215, 48.8047737213535, 0.0016000000400000006, 157.68241633879262
2025-03-30 16:08:38,982 - 2025-03-30T16:08:38.982030, 3.369712962371621, 0.0, -3.814837304144101, -68.26521633909378, 59.93716589131631, 48.84326917764861, 0.0016000000400000006, 158.2652163390938
2025-03-30 16:08:39,060 - 2025-03-30T16:08:39.060924, 3.3634187377876614, 0.0, -3.8163079288027677, -68.81601633938027, 59.73235946994524, 48.89754831799141, 0.0016000000400000006, 158.81601633938027
2025-03-30 16:08:39,141 - 2025-03-30T16:08:39.140985, 3.358150916884733, 0.0, -3.818431619678265, -69.1324163395457, 59.56181547285055, 48.97223140319346, 0.0016000000400000006, 159.1324163395457
2025-03-30 16:08:39,203 - 2025-03-30T16:08:39.203150, 3.3524656620808475, 0.0, -3.819373892364326, -69.36491633966767, 59.376450394023436, 49.00860947984761, 0.0016000000400000006, 159.36491633966767
2025-03-30 16:08:39,262 - 2025-03-30T16:08:39.261970, 3.3454212493809847, 0.0, -3.821380444061644, -69.65391633981979, 59.147582945051205, 49.0811746096543, 0.0016000000400000006, 159.65391633981977
2025-03-30 16:08:39,301 - 2025-03-30T16:08:39.301860, 3.33959477624127, 0.0, -3.82233029181375, -69.79341633989337, 58.957598181166944, 49.11793761208367, 0.0016000000400000006, 159.79341633989338
2025-03-30 16:08:39,341 - 2025-03-30T16:08:39.341006, 3.333308126723355, 0.0, -3.823942134808246, -69.99421633999957, 58.75317668557108, 49.176836437483644, 0.0016000000400000006, 159.99421633999958
2025-03-30 16:08:39,382 - 2025-03-30T16:08:39.382593, 3.326575096999817, 0.0, -3.82515304799339, -70.19601634010647, 58.533741357478, 49.22303098503779, 0.0016000000400000006, 160.19601634010647
2025-03-30 16:08:39,421 - 2025-03-30T16:08:39.421042, 3.3200790535516673, 0.0, -3.825501501031467, -70.56911634030496, 58.321235844847905, 49.24073757069841, 0.0016000000400000006, 160.56911634030496
2025-03-30 16:08:39,462 - 2025-03-30T16:08:39.462642, 3.3122471260967155, 0.0, -3.8352688400928683, -70.75411634040374, 58.07407952763973, 49.56834740521066, 0.0016000000400000006, 160.75411634040375
2025-03-30 16:08:39,501 - 2025-03-30T16:08:39.501090, 3.306355185281623, 0.0, -3.837638446269313, -70.89811634048071, 57.883324336450606, 49.65169218398704, 0.0016000000400000006, 160.89811634048073
2025-03-30 16:08:39,540 - 2025-03-30T16:08:39.540803, 3.300322026130701, 0.0, -3.8400156275118027, -71.12981634060493, 57.687949460204294, 49.73542188853862, 0.0016000000400000006, 161.12981634060492
2025-03-30 16:08:39,584 - 2025-03-30T16:08:39.584349, 3.2944893318844555, 0.0, -3.842169618651481, -71.3359163407157, 57.4989267228809, 49.8116446768416, 0.0016000000400000006, 161.3359163407157
2025-03-30 16:08:39,641 - 2025-03-30T16:08:39.641486, 3.2877122057241603, 0.0, -3.8438785835450497, -71.77051634095024, 57.27852879247253, 49.87420058498348, 0.0016000000400000006, 161.77051634095025
2025-03-30 16:08:39,701 - 2025-03-30T16:08:39.701938, 3.281285691829931, 0.0, -3.8468433633289925, -72.0683163411117, 57.07083456415561, 49.977563807089474, 0.0016000000400000006, 162.0683163411117
2025-03-30 16:08:39,763 - 2025-03-30T16:08:39.763552, 3.2745602371724383, 0.0, -3.8481954948499655, -72.39741634129086, 56.85178416183778, 50.0283780397008, 0.0016000000400000006, 162.39741634129086
2025-03-30 16:08:39,822 - 2025-03-30T16:08:39.822235, 3.2674414277716384, 0.0, -3.8501352249123912, -72.6054163414045, 56.62041440744933, 50.09882578986651, 0.0016000000400000006, 162.60541634140452
2025-03-30 16:08:39,880 - 2025-03-30T16:08:39.880836, 3.2598838132312595, 0.0, -3.851815243501294, -73.1615163417097, 56.37441574633889, 50.16118894724356, 0.0016000000400000006, 163.1615163417097
2025-03-30 16:08:39,922 - 2025-03-30T16:08:39.922441, 3.2543928022255195, 0.0, -3.853738469472115, -73.50311634189835, 56.1963648329956, 50.22951989352269, 0.0016000000400000006, 163.50311634189836
2025-03-30 16:08:39,960 - 2025-03-30T16:08:39.960937, 3.249093327098896, 0.0, -3.8539519252808936, -74.11241634223686, 56.022934180463864, 50.24164476756526, 0.0016000000400000006, 164.11241634223686
2025-03-30 16:08:40,001 - 2025-03-30T16:08:40.001014, 3.2433867010563895, 0.0, -3.855815904682868, -74.5664163424908, 55.837761276647186, 50.30824325997868, 0.0016000000400000006, 164.5664163424908
2025-03-30 16:08:40,043 - 2025-03-30T16:08:40.042955, 3.237344612879908, 0.0, -3.8567065058661267, -75.19191634284323, 55.64065452228952, 50.3432738085423, 0.0016000000400000006, 165.19191634284323
2025-03-30 16:08:40,081 - 2025-03-30T16:08:40.081016, 3.2317930013458067, 0.0, -3.8574999851503136, -75.65951634310872, 55.45952420274439, 50.37464727436406, 0.0016000000400000006, 165.65951634310872
2025-03-30 16:08:40,122 - 2025-03-30T16:08:40.122771, 3.2260181997088937, 0.0, -3.8580929995298234, -76.20231634341893, 55.27088696695063, 50.39966860126287, 0.0016000000400000006, 166.20231634341894
2025-03-30 16:08:40,161 - 2025-03-30T16:08:40.161147, 3.2202509731380253, 0.0, -3.858827232245163, -76.61651634365724, 55.082634656932086, 50.42930961321886, 0.0016000000400000006, 166.61651634365722
2025-03-30 16:08:40,200 - 2025-03-30T16:08:40.200909, 3.2147069366699697, 0.0, -3.8597619298651784, -77.20351634399724, 54.901889263162175, 50.46530276409776, 0.0016000000400000006, 167.20351634399725
2025-03-30 16:08:40,242 - 2025-03-30T16:08:40.241966, 3.208857738332119, 0.0, -3.8602881226097967, -77.78261634433547, 54.71074972195221, 50.488206711355616, 0.0016000000400000006, 167.78261634433545
2025-03-30 16:08:40,281 - 2025-03-30T16:08:40.281542, 3.202976885770574, 0.0, -3.8589040802876955, -77.75821634432111, 54.51672352530521, 50.448552447453956, 0.0016000000400000006, 167.7582163443211
2025-03-30 16:08:40,302 - 2025-03-30T16:08:40.302301, 3.19975023528512, 0.0, -3.8581566000908207, -78.24761634460903, 54.41027859397976, 50.42718532452501, 0.0016000000400000006, 168.247616344609
2025-03-30 16:08:40,341 - 2025-03-30T16:08:40.341363, 3.1937660397179712, 0.0, -3.857486224513912, -78.88041634498423, 54.213557341151734, 50.411014411684484, 0.0016000000400000006, 168.88041634498424
2025-03-30 16:08:40,382 - 2025-03-30T16:08:40.382766, 3.1883253462555183, 0.0, -3.857707255388736, -78.94971634502548, 54.03550700356283, 50.42352421150228, 0.0016000000400000006, 168.94971634502548
2025-03-30 16:08:40,421 - 2025-03-30T16:08:40.421209, 3.1838353058136457, 0.0, -3.8571691691220966, -79.45511634532791, 53.887869832498026, 50.410241105607575, 0.0016000000400000006, 169.4551163453279
2025-03-30 16:08:40,462 - 2025-03-30T16:08:40.462062, 3.178759020789834, 0.0, -3.857583089835552, -79.87911634558338, 53.721946096214914, 50.42871811857308, 0.0016000000400000006, 169.87911634558338
2025-03-30 16:08:40,501 - 2025-03-30T16:08:40.501057, 3.17360076399904, 0.0, -3.857788970578285, -80.3738163458834, 53.55313512874035, 50.44045806684041, 0.0016000000400000006, 170.3738163458834
2025-03-30 16:08:40,543 - 2025-03-30T16:08:40.543021, 3.168152495470542, 0.0, -3.8578687831172798, -80.85281634617594, 53.374699865376215, 50.448348181601034, 0.0016000000400000006, 170.85281634617593
2025-03-30 16:08:40,581 - 2025-03-30T16:08:40.581800, 3.1625037620373684, 0.0, -3.858171785759086, -81.33571634647308, 53.189912463089186, 50.46374521261027, 0.0016000000400000006, 171.33571634647308
2025-03-30 16:08:40,622 - 2025-03-30T16:08:40.622018, 3.156423798530661, 0.0, -3.858356295263198, -81.76651634673992, 52.99088107985537, 50.475677335888015, 0.0016000000400000006, 171.76651634673993
2025-03-30 16:08:40,660 - 2025-03-30T16:08:40.660949, 3.150782640163532, 0.0, -3.8588005162408336, -82.25221634704292, 52.80647860334355, 50.49569405195442, 0.0016000000400000006, 172.25221634704292
2025-03-30 16:08:40,701 - 2025-03-30T16:08:40.701895, 3.144702676656825, 0.0, -3.8589850257449463, -82.74531634735276, 52.60744722010975, 50.50762617523218, 0.0016000000400000006, 172.74531634735274
2025-03-30 16:08:40,742 - 2025-03-30T16:08:40.741761, 3.1393288048292645, 0.0, -3.8591316599188326, -83.09411634757338, 52.43151426216182, 50.517633669633774, 0.0016000000400000006, 173.0941163475734
2025-03-30 16:08:40,781 - 2025-03-30T16:08:40.781528, 3.133479606491414, 0.0, -3.8596578526634504, -83.45781634780471, 52.240374720951856, 50.54053761689162, 0.0016000000400000006, 173.4578163478047
2025-03-30 16:08:40,820 - 2025-03-30T16:08:40.820942, 3.128023762896871, 0.0, -3.8595964468666155, -83.78071634801117, 52.06155453181249, 50.54380804659507, 0.0016000000400000006, 173.78071634801117
2025-03-30 16:08:40,860 - 2025-03-30T16:08:40.860787, 3.122441851098589, 0.0, -3.859825052807485, -84.07711634820159, 51.878884509166426, 50.55670277218811, 0.0016000000400000006, 174.0771163482016
2025-03-30 16:08:40,900 - 2025-03-30T16:08:40.900726, 3.1171348009059203, 0.0, -3.859897290280434, -84.35791634838284, 51.70506893085946, 50.56420796117351, 0.0016000000400000006, 174.35791634838284
2025-03-30 16:08:40,940 - 2025-03-30T16:08:40.940922, 3.1117609290783603, 0.0, -3.8600439244543203, -84.72061634861817, 51.52913597291155, 50.574215455575086, 0.0016000000400000006, 174.72061634861817
2025-03-30 16:08:40,981 - 2025-03-30T16:08:40.981601, 3.1064538788856915, 0.0, -3.86011616192727, -85.05971634883937, 51.35532039460459, 50.5817206445605, 0.0016000000400000006, 175.05971634883937
2025-03-30 16:08:41,020 - 2025-03-30T16:08:41.020809, 3.1010572818599957, 0.0, -3.8598391410936683, -85.30821634900227, 51.17823265933097, 50.57786908379056, 0.0016000000400000006, 175.30821634900227
2025-03-30 16:08:41,061 - 2025-03-30T16:08:41.061174, 3.095950696572004, 0.0, -3.859688188463806, -85.62381634921009, 51.01076921994695, 50.57786735652735, 0.0016000000400000006, 175.62381634921007
2025-03-30 16:08:41,101 - 2025-03-30T16:08:41.101137, 3.090487277911415, 0.0, -3.8594855643311416, -85.91331634940163, 50.83156410503234, 50.57651810117361, 0.0016000000400000006, 175.9133163494016
2025-03-30 16:08:41,141 - 2025-03-30T16:08:41.141676, 3.085046584448963, 0.0, -3.8597065952059655, -86.18201634958018, 50.65351376744345, 50.58902790099141, 0.0016000000400000006, 176.18201634958018
2025-03-30 16:08:41,183 - 2025-03-30T16:08:41.183918, 3.0796348372911764, 0.0, -3.859147137700705, -86.54681634982391, 50.47565618061937, 50.57593697010713, 0.0016000000400000006, 176.54681634982393
2025-03-30 16:08:41,220 - 2025-03-30T16:08:41.220961, 3.0744614303682924, 0.0, -3.85907058177178, -86.87501635004445, 50.30607536159436, 50.578437548260126, 0.0016000000400000006, 176.87501635004446
2025-03-30 16:08:41,261 - 2025-03-30T16:08:41.261299, 3.0690875585407316, 0.0, -3.859217215945667, -87.22971635028412, 50.13014240364642, 50.58844504266172, 0.0016000000400000006, 177.22971635028412
2025-03-30 16:08:41,301 - 2025-03-30T16:08:41.301018, 3.063690961515036, 0.0, -3.858940195112065, -87.54691635049964, 49.95305466837281, 50.58459348189179, 0.0016000000400000006, 177.54691635049966
2025-03-30 16:08:41,342 - 2025-03-30T16:08:41.342522, 3.057960256314879, 0.0, -3.85903515778315, -87.90921635074723, 49.76538003489433, 50.59325344820287, 0.0016000000400000006, 177.90921635074722
2025-03-30 16:08:41,381 - 2025-03-30T16:08:41.381530, 3.0524968376542914, 0.0, -3.8588325336504856, -88.26491635099177, 49.58617491997975, 50.59190419284914, 0.0016000000400000006, 178.26491635099177
2025-03-30 16:08:41,421 - 2025-03-30T16:08:41.420977, 3.0466765856211073, 0.0, -3.8585782380150198, -88.58561635121355, 49.395228129534594, 50.589207409404914, 0.0016000000400000006, 178.58561635121356
2025-03-30 16:08:41,462 - 2025-03-30T16:08:41.462136, 3.041138770259582, 0.0, -3.8583087922474633, -88.93411635145588, 49.213520709203806, 50.585740774410205, 0.0016000000400000006, 178.93411635145588
2025-03-30 16:08:41,500 - 2025-03-30T16:08:41.500893, 3.0356677765329487, 0.0, -3.8579649497789696, -89.22151635165682, 49.033930668513975, 50.579771833999295, 0.0016000000400000006, 179.22151635165682
2025-03-30 16:08:41,542 - 2025-03-30T16:08:41.542363, 3.029921921200702, 0.0, -3.857777475778396, -89.57131635190277, 48.845486183485036, 50.57919243019604, 0.0016000000400000006, 179.57131635190277
2025-03-30 16:08:41,581 - 2025-03-30T16:08:41.581658, 3.0247333641457272, 0.0, -3.857418483177812, -89.80341635206683, 48.67513551290956, 50.57245363823468, 0.0016000000400000006, 179.80341635206685
2025-03-30 16:08:41,622 - 2025-03-30T16:08:41.622073, 3.0192699454851395, 0.0, -3.8572158590451475, -90.0365162708185, 48.49593039799498, 50.57110438288094, 0.0016000000400000006, 180.03651627081848
2025-03-30 16:08:41,661 - 2025-03-30T16:08:41.661164, 3.0140145667952725, 0.0, -3.856931263145501, -90.26001627097689, 48.32346234777853, 50.56686789633577, 0.0016000000400000006, 180.2600162709769
2025-03-30 16:08:41,722 - 2025-03-30T16:08:41.722897, 3.0066257629358755, 0.0, -3.8564778565648727, -90.54731627117958, 48.08092917015399, 50.559165926304715, 0.0016000000400000006, 180.54731627117957
2025-03-30 16:08:41,761 - 2025-03-30T16:08:41.760975, 3.001511602581838, 0.0, -3.856185685599181, -90.7616162713301, 47.913080804994706, 50.55454451398433, 0.0016000000400000006, 180.7616162713301
2025-03-30 16:08:41,802 - 2025-03-30T16:08:41.802805, 2.9962713740240616, 0.0, -3.856183526371193, -90.93631627145238, 47.74138260632873, 50.55954739755352, 0.0016000000400000006, 180.93631627145237
2025-03-30 16:08:41,861 - 2025-03-30T16:08:41.861124, 2.988800598397682, 0.0, -3.8555220798198437, -91.18561627162629, 47.49596219751275, 50.54510836282433, 0.0016000000400000006, 181.1856162716263
2025-03-30 16:08:41,901 - 2025-03-30T16:08:41.901690, 2.983722959414356, 0.0, -3.8545906388098974, -91.3332162717289, 47.328691508893534, 50.51950590485902, 0.0016000000400000006, 181.3332162717289
2025-03-30 16:08:41,940 - 2025-03-30T16:08:41.940778, 2.9785571275575173, 0.0, -3.8546553012168014, -91.42931627179556, 47.15949561564376, 50.526626168069185, 0.0016000000400000006, 181.42931627179556
2025-03-30 16:08:42,001 - 2025-03-30T16:08:42.001297, 2.9706626969236494, 0.0, -3.8540165798635875, -91.66501627195863, 46.900216151656245, 50.51334191066568, 0.0016000000400000006, 181.66501627195862
2025-03-30 16:08:42,041 - 2025-03-30T16:08:42.041155, 2.9654665648026297, 0.0, -3.853516368927174, -91.85391627208882, 46.72948055530555, 50.50198343364713, 0.0016000000400000006, 181.85391627208884
2025-03-30 16:08:42,081 - 2025-03-30T16:08:42.081247, 2.9597951061713204, 0.0, -3.8533957165614923, -92.10751627226298, 46.54353837569281, 50.50352140948483, 0.0016000000400000006, 182.10751627226298
2025-03-30 16:08:42,121 - 2025-03-30T16:08:42.121284, 2.9538260607362616, 0.0, -3.853007777656242, -92.29191627238917, 46.34758697441525, 50.49658986675865, 0.0016000000400000006, 182.2919162723892
2025-03-30 16:08:42,161 - 2025-03-30T16:08:42.161528, 2.948206273607754, 0.0, -3.8525302919179643, -92.41141627247075, 46.16299232289303, 50.4863861670658, 0.0016000000400000006, 182.41141627247075
2025-03-30 16:08:42,201 - 2025-03-30T16:08:42.201253, 2.942735279881121, 0.0, -3.8521864494494706, -92.59371627259483, 45.98340228220321, 50.48041722665489, 0.0016000000400000006, 182.59371627259483
2025-03-30 16:08:42,242 - 2025-03-30T16:08:42.242445, 2.9371230678186584, 0.0, -3.851850182047022, -92.61831627261155, 45.79919255645622, 50.47483321201922, 0.0016000000400000006, 182.61831627261154
2025-03-30 16:08:42,281 - 2025-03-30T16:08:42.281286, 2.931778142295764, 0.0, -3.8512163278408247, -92.77411627271722, 45.6234523492731, 50.459239975718745, 0.0016000000400000006, 182.7741162727172
2025-03-30 16:08:42,324 - 2025-03-30T16:08:42.324785, 2.9259351650644447, 0.0, -3.8505383771978705, -92.89661627280017, 45.43135078150227, 50.44268413710297, 0.0016000000400000006, 182.89661627280017
2025-03-30 16:08:42,381 - 2025-03-30T16:08:42.381189, 2.9183534713664163, 0.0, -3.850449379055884, -93.04211627289844, 45.182850390730025, 50.4471087683777, 0.0016000000400000006, 183.04211627289845
2025-03-30 16:08:42,423 - 2025-03-30T16:08:42.423953, 2.913075367478414, 0.0, -3.8497411281487492, -93.14801627296985, 45.009227563187885, 50.42901322666102, 0.0016000000400000006, 183.14801627296987
2025-03-30 16:08:42,461 - 2025-03-30T16:08:42.461129, 2.907953632058332, 0.0, -3.849307738847228, -93.20731627300978, 44.840994272253404, 50.41977212928345, 0.0016000000400000006, 183.20731627300978
2025-03-30 16:08:42,501 - 2025-03-30T16:08:42.501374, 2.9027574999373122, 0.0, -3.8488075279108145, -93.28791627306396, 44.6702586759027, 50.408413652264905, 0.0016000000400000006, 183.28791627306396
2025-03-30 16:08:42,541 - 2025-03-30T16:08:42.541212, 2.8976281894511846, 0.0, -3.848232920273464, -93.36181627311362, 44.50164045919297, 50.394552869830164, 0.0016000000400000006, 183.36181627311362
2025-03-30 16:08:42,583 - 2025-03-30T16:08:42.583106, 2.891956730819875, 0.0, -3.848112267907782, -93.44501627316941, 44.31569827958023, 50.396090845667864, 0.0016000000400000006, 183.44501627316941
2025-03-30 16:08:42,643 - 2025-03-30T16:08:42.643499, 2.884121546754854, 0.0, -3.8472579315178015, -93.56471627324954, 44.05815126945846, 50.37568459779098, 0.0016000000400000006, 183.56471627324953
2025-03-30 16:08:42,701 - 2025-03-30T16:08:42.701277, 2.8767175927633666, 0.0, -3.846522088265515, -93.69101627333389, 43.81484824028345, 50.358743257645585, 0.0016000000400000006, 183.6910162733339
2025-03-30 16:08:42,745 - 2025-03-30T16:08:42.745168, 2.8713726672404727, 0.0, -3.8458882340593172, -93.71721627335143, 43.63910803310035, 50.34315002134508, 0.0016000000400000006, 183.71721627335143
2025-03-30 16:08:42,781 - 2025-03-30T16:08:42.781743, 2.865508318770532, 0.0, -3.846131990132277, -93.71731627335147, 43.44719864033993, 50.356814598488576, 0.0016000000400000006, 183.71731627335146
2025-03-30 16:08:42,841 - 2025-03-30T16:08:42.841248, 2.857405848165943, 0.0, -3.845575240546045, -93.82321627342206, 43.18118211165426, 50.3464175722765, 0.0016000000400000006, 183.82321627342208
2025-03-30 16:08:42,881 - 2025-03-30T16:08:42.881525, 2.8521353193439856, 0.0, -3.8450082079747396, -93.98341627352865, 43.00794420988735, 50.33294171561699, 0.0016000000400000006, 183.98341627352863
2025-03-30 16:08:42,921 - 2025-03-30T16:08:42.921400, 2.846887515720164, 0.0, -3.8448648304109225, -93.98521627352982, 42.83586108544613, 50.33332491412901, 0.0016000000400000006, 183.98521627352983
2025-03-30 16:08:42,964 - 2025-03-30T16:08:42.964021, 2.841059688620935, 0.0, -3.844469316439627, -94.12461627362234, 42.644529369225765, 50.32600844562759, 0.0016000000400000006, 184.12461627362234
2025-03-30 16:08:43,000 - 2025-03-30T16:08:43.000768, 2.8357374882961763, 0.0, -3.8442591172409175, -94.1066162736104, 42.469943939368356, 50.324274264498634, 0.0016000000400000006, 184.1066162736104
2025-03-30 16:08:43,041 - 2025-03-30T16:08:43.041641, 2.8304821096063097, 0.0, -3.843974521341271, -94.1326162736276, 42.29747588915192, 50.320037777953466, 0.0016000000400000006, 184.1326162736276
2025-03-30 16:08:43,081 - 2025-03-30T16:08:43.081638, 2.8251447591494605, 0.0, -3.843481885470903, -94.21051627367919, 42.12212060774402, 50.30906422671016, 0.0016000000400000006, 184.2105162736792
2025-03-30 16:08:43,122 - 2025-03-30T16:08:43.122001, 2.8198893804595944, 0.0, -3.8431972895712563, -94.19021627366574, 41.9496525575276, 50.304827740164995, 0.0016000000400000006, 184.19021627366573
2025-03-30 16:08:43,181 - 2025-03-30T16:08:43.181278, 2.812559823169044, 0.0, -3.8425282679538615, -94.29961627373812, 41.70885183376878, 50.29000377966055, 0.0016000000400000006, 184.29961627373814
2025-03-30 16:08:43,240 - 2025-03-30T16:08:43.240970, 2.805363909148278, 0.0, -3.8417104529345925, -94.3669162737826, 41.47228586929193, 50.27017520832373, 0.0016000000400000006, 184.3669162737826
2025-03-30 16:08:43,281 - 2025-03-30T16:08:43.281599, 2.8002497487942404, 0.0, -3.8414182819689007, -94.40191627380574, 41.30443750413266, 50.26555379600333, 0.0016000000400000006, 184.40191627380574
2025-03-30 16:08:43,340 - 2025-03-30T16:08:43.340836, 2.7928974663055546, 0.0, -3.840325605344018, -94.46711627384873, 41.06248200304816, 50.23687078032738, 0.0016000000400000006, 184.46711627384875
2025-03-30 16:08:43,381 - 2025-03-30T16:08:43.381193, 2.7876496626817335, 0.0, -3.8401822277802005, -94.47241627385223, 40.89039887860696, 50.237253978839384, 0.0016000000400000006, 184.47241627385225
2025-03-30 16:08:43,420 - 2025-03-30T16:08:43.420802, 2.782363983727686, 0.0, -3.8393327585372363, -94.53331627389232, 40.7163911252896, 50.21453875206551, 0.0016000000400000006, 184.53331627389232
2025-03-30 16:08:43,462 - 2025-03-30T16:08:43.462589, 2.7768337434322055, 0.0, -3.8392045311055094, -94.61691627394733, 40.53506863073401, 50.215691802127985, 0.0016000000400000006, 184.6169162739473
2025-03-30 16:08:43,501 - 2025-03-30T16:08:43.501238, 2.771637611311186, 0.0, -3.8387043201690965, -94.64971627396888, 40.36433303438332, 50.20433332510945, 0.0016000000400000006, 184.64971627396886
2025-03-30 16:08:43,541 - 2025-03-30T16:08:43.541162, 2.766233439219445, 0.0, -3.8382860809996657, -94.65861627397474, 40.186860373334476, 50.19586207928236, 0.0016000000400000006, 184.65861627397476
2025-03-30 16:08:43,580 - 2025-03-30T16:08:43.580926, 2.7608444172597943, 0.0, -3.8381502785018933, -94.74391627403071, 40.010157563836096, 50.19663020356958, 0.0016000000400000006, 184.7439162740307
2025-03-30 16:08:43,621 - 2025-03-30T16:08:43.620982, 2.7556482851387747, 0.0, -3.8376500675654803, -94.77371627405033, 39.83942196748539, 50.18527172655105, 0.0016000000400000006, 184.77371627405034
2025-03-30 16:08:43,661 - 2025-03-30T16:08:43.661248, 2.750118044843294, 0.0, -3.837521840133753, -94.82621627408469, 39.65809947292982, 50.18642477661353, 0.0016000000400000006, 184.8262162740847
2025-03-30 16:08:43,701 - 2025-03-30T16:08:43.701380, 2.745063131058104, 0.0, -3.837014054131295, -94.81171627407518, 39.4919835616363, 50.174681373819766, 0.0016000000400000006, 184.8117162740752
2025-03-30 16:08:43,741 - 2025-03-30T16:08:43.741286, 2.739569412133335, 0.0, -3.836246556655313, -94.92571627414988, 39.31123874362077, 50.15485337823732, 0.0016000000400000006, 184.92571627414986
2025-03-30 16:08:43,782 - 2025-03-30T16:08:43.782284, 2.734098418406702, 0.0, -3.8359027141868194, -94.87111627411413, 39.13164870293096, 50.14888443782641, 0.0016000000400000006, 184.87111627411412
2025-03-30 16:08:43,841 - 2025-03-30T16:08:43.841192, 2.7269920512189634, 0.0, -3.835434157474101, -94.87711627411811, 38.898354895420766, 50.140412616244895, 0.0016000000400000006, 184.87711627411815
2025-03-30 16:08:43,901 - 2025-03-30T16:08:43.901633, 2.721372264090456, 0.0, -3.8349566717358234, -94.85661627410464, 38.71376024389855, 50.130208916552064, 0.0016000000400000006, 184.85661627410462
2025-03-30 16:08:43,980 - 2025-03-30T16:08:43.980909, 2.7151800285525853, 0.0, -3.8343682679258966, -94.88411627412263, 38.51030192637237, 50.11692523490294, 0.0016000000400000006, 184.88411627412262
2025-03-30 16:08:44,043 - 2025-03-30T16:08:44.043400, 2.709560241424078, 0.0, -3.833890782187619, -94.8155162740777, 38.325707274850146, 50.106721535210106, 0.0016000000400000006, 184.8155162740777
2025-03-30 16:08:44,101 - 2025-03-30T16:08:44.101541, 2.702022644162806, 0.0, -3.833303732337207, -94.7696162740476, 38.07816948639319, 50.094784805897106, 0.0016000000400000006, 184.76961627404762
2025-03-30 16:08:44,142 - 2025-03-30T16:08:44.142615, 2.696194817063577, 0.0, -3.8329082183659113, -94.80741627407238, 37.886837770172825, 50.08746833739569, 0.0016000000400000006, 184.80741627407238
2025-03-30 16:08:44,181 - 2025-03-30T16:08:44.181310, 2.6896346598995633, 0.0, -3.8360217915517287, -95.18101627431656, 37.67490878257395, 50.195836170334104, 0.0016000000400000006, 185.18101627431656
2025-03-30 16:08:44,200 - 2025-03-30T16:08:44.200834, 2.6845900290994464, 0.0, -3.838345947331902, -94.1119162736139, 37.511871701727856, 50.27687139445907, 0.0016000000400000006, 184.1119162736139
2025-03-30 16:08:44,221 - 2025-03-30T16:08:44.221089, 2.6826405647429876, 0.0, -3.836326148153049, -95.00591627420232, 37.446041909356104, 50.212580153679426, 0.0016000000400000006, 185.00591627420232
2025-03-30 16:08:44,282 - 2025-03-30T16:08:44.282007, 2.6758393594250434, 0.0, -3.8362660963157285, -94.56631627391405, 37.22314224928596, 50.21719753571898, 0.0016000000400000006, 184.56631627391405
2025-03-30 16:08:44,340 - 2025-03-30T16:08:44.340851, 2.6702195722965354, 0.0, -3.835788610577451, -94.7638162740438, 37.038547597763724, 50.206993836026136, 0.0016000000400000006, 184.7638162740438
2025-03-30 16:08:44,422 - 2025-03-30T16:08:44.422776, 2.6637889965237633, 0.0, -3.834717305191189, -94.79441627406383, 36.82681251243851, 50.17811864533976, 0.0016000000400000006, 184.79441627406385
2025-03-30 16:08:44,480 - 2025-03-30T16:08:44.480970, 2.65831800279713, 0.0, -3.8343734627226955, -94.86691627411138, 36.64722247174867, 50.172149704928856, 0.0016000000400000006, 184.86691627411136
2025-03-30 16:08:44,542 - 2025-03-30T16:08:44.542147, 2.6514713470829148, 0.0, -3.8334661008703987, -94.99521627419533, 36.42201325702714, 50.14904897662535, 0.0016000000400000006, 184.99521627419534
2025-03-30 16:08:44,601 - 2025-03-30T16:08:44.601507, 2.644372554961221, 0.0, -3.83313876249351, -94.92661627415043, 36.189104375292175, 50.14519684010102, 0.0016000000400000006, 184.92661627415043
2025-03-30 16:08:44,663 - 2025-03-30T16:08:44.663112, 2.6378386361828454, 0.0, -3.83278112385244, -95.03211627421945, 35.97467423378591, 50.139805000475754, 0.0016000000400000006, 185.03211627421945
2025-03-30 16:08:44,901 - 2025-03-30T16:08:44.901259, 2.6327017506306727, 0.0, -3.8320652978792604, -94.98851627419097, 35.80567109130096, 50.12132453298384, 0.0016000000400000006, 184.98851627419097
2025-03-30 16:08:44,981 - 2025-03-30T16:08:44.981526, 2.6275648650785, 0.0, -3.8313494719060808, -95.01961627421124, 35.636667948816005, 50.10284406549193, 0.0016000000400000006, 185.01961627421124
2025-03-30 16:08:45,042 - 2025-03-30T16:08:45.042425, 2.6198192278465067, 0.0, -3.830844393822651, -95.01831627421038, 35.3823930956609, 50.09379456737036, 0.0016000000400000006, 185.01831627421038
2025-03-30 16:08:45,081 - 2025-03-30T16:08:45.081505, 2.613552595607699, 0.0, -3.830189168377832, -95.17091627431, 35.17643247271853, 50.078393506080275, 0.0016000000400000006, 185.17091627431
2025-03-30 16:08:45,121 - 2025-03-30T16:08:45.121134, 2.607806740275452, 0.0, -3.830001694377258, -94.8598162741067, 34.98798798768958, 50.07781410227701, 0.0016000000400000006, 184.85981627410672
2025-03-30 16:08:45,181 - 2025-03-30T16:08:45.181898, 2.6009828097593726, 0.0, -3.8295179875324497, -94.83731627409199, 34.76393355029374, 50.06857242914504, 0.0016000000400000006, 184.837316274092
2025-03-30 16:08:45,341 - 2025-03-30T16:08:45.341584, 2.595927895974182, 0.0, -3.829010201529991, -94.8840162741226, 34.59781763900021, 50.05682902635127, 0.0016000000400000006, 184.8840162741226
2025-03-30 16:08:45,661 - 2025-03-30T16:08:45.661204, 2.590642217020135, 0.0, -3.828160732287027, -94.8917162741276, 34.42380988568286, 50.03411379957739, 0.0016000000400000006, 184.8917162741276
2025-03-30 16:08:46,301 - 2025-03-30T16:08:46.301766, 2.5851560731614116, 0.0, -3.8275344531468747, -94.8169162740786, 34.24344999344258, 50.01890548905213, 0.0016000000400000006, 184.8169162740786
2025-03-30 16:08:49,781 - 2025-03-30T16:08:49.781065, 2.5783232136197722, 0.0, -3.8255641662428355, -94.9080162741383, 34.0176636779354, 49.9609646599322, 0.0016000000400000006, 184.9080162741383
2025-03-30 16:08:49,841 - 2025-03-30T16:08:49.841593, 2.570443933117995, 0.0, -3.82520788156128, -94.46551627384764, 33.75915406549835, 49.95691977264305, 0.0016000000400000006, 184.46551627384764
2025-03-30 16:08:49,881 - 2025-03-30T16:08:49.881373, 2.5634346878293286, 0.0, -3.825229801490942, -94.15171627364028, 33.52951734073004, 49.964424385874025, 0.0016000000400000006, 184.15171627364026
2025-03-30 16:08:49,920 - 2025-03-30T16:08:49.920868, 2.5554747895200833, 0.0, -3.8260108385620666, -93.15371627297372, 33.26946744943766, 49.997721904817524, 0.0016000000400000006, 183.15371627297372
2025-03-30 16:08:49,960 - 2025-03-30T16:08:49.960846, 2.547692630917379, 0.0, -3.8261450305228912, -92.48691627252215, 33.01461491974252, 50.00965345234085, 0.0016000000400000006, 182.48691627252214
2025-03-30 16:08:50,001 - 2025-03-30T16:08:50.001064, 2.540053044610018, 0.0, -3.8276170091410724, -91.4240162717919, 32.76572902744064, 50.06527954501977, 0.0016000000400000006, 181.4240162717919
2025-03-30 16:08:50,041 - 2025-03-30T16:08:50.041494, 2.532717266212937, 0.0, -3.82815213091125, -90.65581627125583, 32.52589033024272, 50.08991537038896, 0.0016000000400000006, 180.65581627125584
2025-03-30 16:08:50,061 - 2025-03-30T16:08:50.061029, 2.529358326417213, 0.0, -3.828898805839651, -90.12431627088078, 32.41655759197142, 50.1176323292232, 0.0016000000400000006, 180.1243162708808
2025-03-30 16:08:50,101 - 2025-03-30T16:08:50.101136, 2.5231825949709474, 0.0, -3.8299382004247846, -89.38881635177427, 32.21521607833183, 50.15766748861923, 0.0016000000400000006, 179.38881635177427
2025-03-30 16:08:50,140 - 2025-03-30T16:08:50.140914, 2.5178541735396576, 0.0, -3.830932144613647, -88.74551635132458, 32.04159267503527, 50.19539309336387, 0.0016000000400000006, 178.74551635132457
2025-03-30 16:08:50,181 - 2025-03-30T16:08:50.181711, 2.5130830503856405, 0.0, -3.8317545702025, -88.07961635086416, 31.886063086192216, 50.22695930995044, 0.0016000000400000006, 178.07961635086417
2025-03-30 16:08:50,241 - 2025-03-30T16:08:50.241486, 2.5075073596938893, 0.0, -3.830779032755797, -87.68931635059676, 31.70243103698526, 50.20039424966986, 0.0016000000400000006, 177.68931635059676
2025-03-30 16:08:50,302 - 2025-03-30T16:08:50.302893, 2.503442328219019, 0.0, -3.831563583014424, -87.04831635016134, 31.56999987342808, 50.230035837380264, 0.0016000000400000006, 177.04831635016134
2025-03-30 16:08:50,381 - 2025-03-30T16:08:50.381238, 2.4980911815895936, 0.0, -3.8321338721957985, -86.51701634980394, 31.395221692805833, 50.253902386953385, 0.0016000000400000006, 176.51701634980395
2025-03-30 16:08:50,442 - 2025-03-30T16:08:50.441957, 2.4905032667850344, 0.0, -3.833249017441384, -86.24431634962173, 31.147683328594482, 50.29778680410175, 0.0016000000400000006, 176.24431634962173
2025-03-30 16:08:50,481 - 2025-03-30T16:08:50.481032, 2.484140866606668, 0.0, -3.833448677077586, -86.01801634947108, 30.939412575246322, 50.31048877892995, 0.0016000000400000006, 176.01801634947108
2025-03-30 16:08:50,521 - 2025-03-30T16:08:50.521278, 2.4767609917728306, 0.0, -3.8344818505561893, -85.82981634934626, 30.6986112757331, 50.351485964886876, 0.0016000000400000006, 175.82981634934626
2025-03-30 16:08:50,562 - 2025-03-30T16:08:50.562265, 2.469024283566397, 0.0, -3.83546335253199, -85.73551634928387, 30.446068300689348, 50.39113562275327, 0.0016000000400000006, 175.73551634928387
2025-03-30 16:08:50,601 - 2025-03-30T16:08:50.600989, 2.461755326804208, 0.0, -3.83592407760123, -85.8608163493668, 30.208346983132387, 50.41326914270625, 0.0016000000400000006, 175.86081634936681
2025-03-30 16:08:50,641 - 2025-03-30T16:08:50.640995, 2.4539731682015034, 0.0, -3.836058269562055, -85.99751634945746, 29.95349445343723, 50.42520069022958, 0.0016000000400000006, 175.99751634945744
2025-03-30 16:08:50,682 - 2025-03-30T16:08:50.682696, 2.446473446270457, 0.0, -3.8361773113907893, -86.1484163495578, 29.707881293856424, 50.43636238620247, 0.0016000000400000006, 176.1484163495578
2025-03-30 16:08:50,721 - 2025-03-30T16:08:50.721237, 2.439368433042233, 0.0, -3.8370541164014726, -86.29361634965458, 29.47593443868235, 50.47197003555175, 0.0016000000400000006, 176.2936163496546
2025-03-30 16:08:50,761 - 2025-03-30T16:08:50.761288, 2.43294678629502, 0.0, -3.8374693910744417, -86.45671634976357, 29.265931231468436, 50.49179400085333, 0.0016000000400000006, 176.45671634976355
2025-03-30 16:08:50,801 - 2025-03-30T16:08:50.801782, 2.4263611960138425, 0.0, -3.837468585805968, -86.65451634989618, 29.05015356187168, 50.49814383675863, 0.0016000000400000006, 176.6545163498962
2025-03-30 16:08:50,841 - 2025-03-30T16:08:50.841140, 2.420006370901522, 0.0, -3.837809463778, -86.81551635000439, 28.84226773429875, 50.51546549664402, 0.0016000000400000006, 176.81551635000437
2025-03-30 16:08:50,881 - 2025-03-30T16:08:50.881008, 2.414142022431581, 0.0, -3.8380532198509596, -87.00351635013108, 28.65035834153833, 50.52913007378753, 0.0016000000400000006, 177.00351635013106
2025-03-30 16:08:50,923 - 2025-03-30T16:08:50.923799, 2.4087089040351737, 0.0, -3.8384154690616126, -87.1446163502265, 28.47269292972466, 50.5462595586625, 0.0016000000400000006, 177.1446163502265
2025-03-30 16:08:50,961 - 2025-03-30T16:08:50.961299, 2.4036767154481185, 0.0, -3.8383313380666424, -87.31491635034187, 28.307731795756816, 50.54837521104025, 0.0016000000400000006, 177.3149163503419
2025-03-30 16:08:51,001 - 2025-03-30T16:08:51.001571, 2.398375886361981, 0.0, -3.8371994321520195, -87.2909163503256, 28.132954190888988, 50.51642061415204, 0.0016000000400000006, 177.2909163503256
2025-03-30 16:08:51,041 - 2025-03-30T16:08:51.041271, 2.392621102004175, 0.0, -3.835525378092215, -87.38891635039214, 27.94277782774872, 50.46714205436081, 0.0016000000400000006, 177.38891635039215
2025-03-30 16:08:51,081 - 2025-03-30T16:08:51.081015, 2.386325523460701, 0.0, -3.83565064102748, -87.47661635045179, 27.736624454041525, 50.47734172377282, 0.0016000000400000006, 177.4766163504518
2025-03-30 16:08:51,122 - 2025-03-30T16:08:51.122826, 2.381181062842483, 0.0, -3.834793596718471, -87.58141635052313, 27.567236385781342, 50.45424157122372, 0.0016000000400000006, 177.58141635052314
2025-03-30 16:08:51,180 - 2025-03-30T16:08:51.180859, 2.3737922589830855, 0.0, -3.834340190137843, -87.78851635066457, 27.324703208156777, 50.446539601192654, 0.0016000000400000006, 177.78851635066457
2025-03-30 16:08:51,243 - 2025-03-30T16:08:51.243680, 2.366061771883183, 0.0, -3.8341175487260717, -88.04651635084147, 27.071198206552147, 50.44672947318545, 0.0016000000400000006, 178.04651635084147
2025-03-30 16:08:51,281 - 2025-03-30T16:08:51.281444, 2.3607395715584243, 0.0, -3.8339073495273626, -88.19231635094175, 26.896612776694738, 50.444995292056504, 0.0016000000400000006, 178.19231635094175
2025-03-30 16:08:51,321 - 2025-03-30T16:08:51.321794, 2.3553581246648188, 0.0, -3.8339127653654197, -88.42131635109976, 26.72029489297158, 50.450383101400924, 0.0016000000400000006, 178.42131635109976
2025-03-30 16:08:51,361 - 2025-03-30T16:08:51.361517, 2.3499539525730775, 0.0, -3.833494526195989, -88.64531635125495, 26.542822231922727, 50.44191185557381, 0.0016000000400000006, 178.64531635125496
2025-03-30 16:08:51,401 - 2025-03-30T16:08:51.401604, 2.3443720407747954, 0.0, -3.833723132136858, -88.84971635139706, 26.36015220927665, 50.454806581166835, 0.0016000000400000006, 178.84971635139706
2025-03-30 16:08:51,441 - 2025-03-30T16:08:51.441692, 2.338693007077441, 0.0, -3.8334612614353465, -89.05001635153681, 26.17382510388869, 50.45172487194736, 0.0016000000400000006, 179.0500163515368
2025-03-30 16:08:51,485 - 2025-03-30T16:08:51.485224, 2.333244738548943, 0.0, -3.8335410739743407, -89.24071635167034, 25.99538984052456, 50.459614986707976, 0.0016000000400000006, 179.24071635167036
2025-03-30 16:08:51,521 - 2025-03-30T16:08:51.521484, 2.3274169114497134, 0.0, -3.8331455600030457, -89.50921635185905, 25.804058124304156, 50.45229851820658, 0.0016000000400000006, 179.50921635185904
2025-03-30 16:08:51,561 - 2025-03-30T16:08:51.561938, 2.321604234482575, 0.0, -3.833032482703409, -89.69981635199346, 25.613496259634253, 50.45422141981951, 0.0016000000400000006, 179.69981635199346
2025-03-30 16:08:51,601 - 2025-03-30T16:08:51.600997, 2.3159403509173107, 0.0, -3.8330530486735563, -89.92041635214972, 25.42793900579676, 50.46037908071439, 0.0016000000400000006, 179.92041635214972
2025-03-30 16:08:51,641 - 2025-03-30T16:08:51.641744, 2.3101793454529735, 0.0, -3.8325831380013238, -90.04621627082534, 25.238724669217348, 50.45056030679678, 0.0016000000400000006, 180.04621627082534
2025-03-30 16:08:51,684 - 2025-03-30T16:08:51.684681, 2.304448640252817, 0.0, -3.8326781006724087, -90.178216270919, 25.051050035738854, 50.45922027310786, 0.0016000000400000006, 180.178216270919
2025-03-30 16:08:51,741 - 2025-03-30T16:08:51.741460, 2.296933768189681, 0.0, -3.8325147058294844, -90.41121627108366, 24.804667024607603, 50.46114259896639, 0.0016000000400000006, 180.41121627108367
2025-03-30 16:08:51,782 - 2025-03-30T16:08:51.782359, 2.2916783894998143, 0.0, -3.8322301099298377, -90.51461627115654, 24.63219897439116, 50.45690611242124, 0.0016000000400000006, 180.51461627115654
2025-03-30 16:08:51,821 - 2025-03-30T16:08:51.821012, 2.2864230108099477, 0.0, -3.831945514030191, -90.67461627126899, 24.45973092417472, 50.45266962587607, 0.0016000000400000006, 180.67461627126897
2025-03-30 16:08:51,865 - 2025-03-30T16:08:51.865233, 2.2809595921493595, 0.0, -3.831742889897527, -90.82951627137767, 24.280525809260126, 50.45132037052235, 0.0016000000400000006, 180.82951627137766
2025-03-30 16:08:51,901 - 2025-03-30T16:08:51.901401, 2.2754142017217887, 0.0, -3.8313322257941413, -90.94291627145701, 24.098433463154088, 50.443234050470465, 0.0016000000400000006, 180.94291627145702
2025-03-30 16:08:51,942 - 2025-03-30T16:08:51.942502, 2.270181548230058, 0.0, -3.8314712849019825, -91.05111627153258, 23.92712019026336, 50.45285661909683, 0.0016000000400000006, 181.05111627153258
2025-03-30 16:08:51,980 - 2025-03-30T16:08:51.980851, 2.2648441977732086, 0.0, -3.8309786490316142, -91.14991627160141, 23.75176490885547, 50.44188306785351, 0.0016000000400000006, 181.1499162716014
2025-03-30 16:08:52,021 - 2025-03-30T16:08:52.021136, 2.2593139574777283, 0.0, -3.8308504215998873, -91.33731627173172, 23.57044241429991, 50.44303611791599, 0.0016000000400000006, 181.3373162717317
2025-03-30 16:08:52,064 - 2025-03-30T16:08:52.064595, 2.2539249355180777, 0.0, -3.8307146191021153, -91.48651627183516, 23.39373960480153, 50.44380424220324, 0.0016000000400000006, 181.48651627183517
2025-03-30 16:08:52,101 - 2025-03-30T16:08:52.101010, 2.2488107751640403, 0.0, -3.8304224481364235, -91.6231162719297, 23.22589123964226, 50.439182829882846, 0.0016000000400000006, 181.6231162719297
2025-03-30 16:08:52,141 - 2025-03-30T16:08:52.141475, 2.243213713233668, 0.0, -3.8303686174056337, -91.85671627209078, 23.04245136544573, 50.44283818536153, 0.0016000000400000006, 181.85671627209078
2025-03-30 16:08:52,181 - 2025-03-30T16:08:52.181015, 2.2375863510391154, 0.0, -3.8297499133315265, -91.94951627215457, 22.85747178814826, 50.42801480061149, 0.0016000000400000006, 181.94951627215457
2025-03-30 16:08:52,221 - 2025-03-30T16:08:52.221522, 2.2317736740719765, 0.0, -3.8296368360318898, -92.06831627223612, 22.666909923478343, 50.42993770222443, 0.0016000000400000006, 182.06831627223613
2025-03-30 16:08:52,264 - 2025-03-30T16:08:52.264121, 2.2260126686076394, 0.0, -3.829166925359657, -92.29761627239309, 22.47769558689894, 50.42011892830682, 0.0016000000400000006, 182.2976162723931
2025-03-30 16:08:52,301 - 2025-03-30T16:08:52.301592, 2.2201999916405004, 0.0, -3.8290538480600205, -92.40491627246627, 22.287133722229022, 50.42204182991975, 0.0016000000400000006, 182.40491627246627
2025-03-30 16:08:52,341 - 2025-03-30T16:08:52.340985, 2.2145133828771004, 0.0, -3.82865075902268, -92.60641627260348, 22.100421691065826, 50.41434043564311, 0.0016000000400000006, 182.6064162726035
2025-03-30 16:08:52,381 - 2025-03-30T16:08:52.381627, 2.2086338842750695, 0.0, -3.8286120784239808, -92.71261627267556, 21.90774244675493, 50.41876564267225, 0.0016000000400000006, 182.7126162726756
2025-03-30 16:08:52,441 - 2025-03-30T16:08:52.441111, 2.202598017205119, 0.0, -3.828298536219668, -92.7065162726714, 21.70967366583642, 50.414336405362285, 0.0016000000400000006, 182.7065162726714
2025-03-30 16:08:52,660 - 2025-03-30T16:08:52.660941, 2.1965394249370327, 0.0, -3.8275613390078664, -92.85051627276899, 21.510450107592185, 50.39604811288075, 0.0016000000400000006, 182.85051627276897
2025-03-30 16:08:52,721 - 2025-03-30T16:08:52.721450, 2.190986459443417, 0.0, -3.8270094565686517, -92.88741627279397, 21.32797283571093, 50.38334210777171, 0.0016000000400000006, 182.88741627279398
2025-03-30 16:08:52,780 - 2025-03-30T16:08:52.780866, 2.1842369256282743, 0.0, -3.826592571358735, -93.11251627294598, 21.10642070373129, 50.376217814280714, 0.0016000000400000006, 183.11251627294598
2025-03-30 16:08:52,844 - 2025-03-30T16:08:52.844089, 2.178632288631857, 0.0, -3.826397522292116, -93.11331627294649, 20.92259590375952, 50.37525348470221, 0.0016000000400000006, 183.1133162729465
2025-03-30 16:08:52,961 - 2025-03-30T16:08:52.961349, 2.173525703343865, 0.0, -3.8262465696622536, -93.16461627298105, 20.7551324643755, 50.375251757439, 0.0016000000400000006, 183.16461627298105
2025-03-30 16:08:53,142 - 2025-03-30T16:08:53.142579, 2.167600754345563, 0.0, -3.825360579048578, -93.25731627304341, 20.56014366541322, 50.35195885412508, 0.0016000000400000006, 183.25731627304341
2025-03-30 16:08:53,201 - 2025-03-30T16:08:53.200980, 2.1604351405889775, 0.0, -3.825107637372626, -93.34401627310166, 20.32511740403728, 50.35060902301693, 0.0016000000400000006, 183.34401627310166
2025-03-30 16:08:53,241 - 2025-03-30T16:08:53.241042, 2.153929362846794, 0.0, -3.83055510063265, -93.80831627341216, 20.11722984920113, 50.53539412228636, 0.0016000000400000006, 183.80831627341217
2025-03-30 16:08:53,301 - 2025-03-30T16:08:53.301937, 2.147995484822933, 0.0, -3.828182529959744, -93.78131627339415, 19.920509172127524, 50.46340206298449, 0.0016000000400000006, 183.78131627339417
2025-03-30 16:08:53,341 - 2025-03-30T16:08:53.341243, 2.142385980679499, 0.0, -3.8305369860040983, -93.24101627303246, 19.73899335105274, 50.54597699021039, 0.0016000000400000006, 183.24101627303247
2025-03-30 16:08:53,901 - 2025-03-30T16:08:53.901078, 2.137173344466875, 0.0, -3.828408976672625, -93.46571627318323, 19.566140950815473, 50.48129967214671, 0.0016000000400000006, 183.46571627318323
2025-03-30 16:08:56,662 - 2025-03-30T16:08:56.662321, 2.131330367235555, 0.0, -3.827731026029671, -93.56231627324794, 19.374039383044632, 50.46474383353094, 0.0016000000400000006, 183.56231627324794
2025-03-30 16:08:56,721 - 2025-03-30T16:08:56.721042, 2.126119084982445, 0.0, -3.8269483784215987, -93.54411627323577, 19.20253393514347, 50.444145986398034, 0.0016000000400000006, 183.54411627323577
2025-03-30 16:08:56,762 - 2025-03-30T16:08:56.762024, 2.1210793213293453, 0.0, -3.8267230290907994, -93.50881627321212, 19.037187875400406, 50.44164195371863, 0.0016000000400000006, 183.50881627321212
2025-03-30 16:08:56,801 - 2025-03-30T16:08:56.801509, 2.115615902668757, 0.0, -3.826520404958135, -93.51801627321828, 18.857982760485818, 50.4402926983649, 0.0016000000400000006, 183.51801627321828
2025-03-30 16:08:56,841 - 2025-03-30T16:08:56.841098, 2.1093051739931927, 0.0, -3.826363231221742, -93.52851627322534, 18.651059535228164, 50.44125299766256, 0.0016000000400000006, 183.52851627322534
2025-03-30 16:08:56,881 - 2025-03-30T16:08:56.881054, 2.10303096668834, 0.0, -3.825566787441094, -93.50161627320728, 18.444713986510564, 50.4212322513153, 0.0016000000400000006, 183.50161627320728
2025-03-30 16:08:56,921 - 2025-03-30T16:08:56.921784, 2.0967126629467305, 0.0, -3.8252683953688713, -93.31481627308207, 18.23740583547768, 50.4175728655558, 0.0016000000400000006, 183.31481627308207
2025-03-30 16:08:56,961 - 2025-03-30T16:08:56.961498, 2.090609974241888, 0.0, -3.825029249865495, -93.3876162731309, 18.03721967491819, 50.415645933662, 0.0016000000400000006, 183.3876162731309
2025-03-30 16:08:57,001 - 2025-03-30T16:08:57.001502, 2.0847972972747493, 0.0, -3.8249161725658585, -93.2604162730455, 17.846657810248274, 50.41756883527494, 0.0016000000400000006, 183.2604162730455
2025-03-30 16:08:57,061 - 2025-03-30T16:08:57.061653, 2.0772672750795227, 0.0, -3.824470341051276, -93.13051627295806, 17.59950494756655, 50.41025179101913, 0.0016000000400000006, 183.13051627295806
2025-03-30 16:08:57,105 - 2025-03-30T16:08:57.105128, 2.071945074754764, 0.0, -3.8242601418525664, -93.08501627292742, 17.424919517709135, 50.40851760989017, 0.0016000000400000006, 183.08501627292742
2025-03-30 16:08:57,140 - 2025-03-30T16:08:57.140878, 2.0669053111016638, 0.0, -3.8240347925217666, -93.04881627290301, 17.25957345796607, 50.406013577210736, 0.0016000000400000006, 183.04881627290303
2025-03-30 16:08:57,201 - 2025-03-30T16:08:57.201844, 2.05945726067342, 0.0, -3.823797000977905, -93.00881627287599, 17.015307826475784, 50.40543359765307, 0.0016000000400000006, 183.008816272876
2025-03-30 16:08:57,242 - 2025-03-30T16:08:57.242352, 2.0543355252533373, 0.0, -3.823363611676384, -92.99671627286783, 16.84707453554129, 50.39619250027549, 0.0016000000400000006, 182.99671627286784
2025-03-30 16:08:57,301 - 2025-03-30T16:08:57.301860, 2.0467386814232187, 0.0, -3.8229921768627384, -92.88721627279384, 16.5978042932186, 50.391377761435876, 0.0016000000400000006, 182.88721627279384
2025-03-30 16:08:57,344 - 2025-03-30T16:08:57.344873, 2.040866757887233, 0.0, -3.8230947145998684, -92.78651627272563, 16.405509974682936, 50.400422653522206, 0.0016000000400000006, 182.78651627272563
2025-03-30 16:08:57,401 - 2025-03-30T16:08:57.401006, 2.0330694491524377, 0.0, -3.8229464698890343, -92.70131627266788, 16.149887593437313, 50.40311483093119, 0.0016000000400000006, 182.7013162726679
2025-03-30 16:08:57,442 - 2025-03-30T16:08:57.442588, 2.027367690256948, 0.0, -3.8222609441800355, -92.7456162726979, 15.962405710723665, 50.38617406654021, 0.0016000000400000006, 182.7456162726979
2025-03-30 16:08:57,481 - 2025-03-30T16:08:57.481355, 2.021362123451178, 0.0, -3.8225122753190397, -92.65061627263347, 15.765876632906071, 50.400223569458916, 0.0016000000400000006, 182.65061627263347
2025-03-30 16:08:57,521 - 2025-03-30T16:08:57.521822, 2.0157574864547603, 0.0, -3.8223172262524208, -92.64321627262842, 15.582051832934297, 50.39925923988042, 0.0016000000400000006, 182.64321627262842
2025-03-30 16:08:57,561 - 2025-03-30T16:08:57.561588, 2.0100116311225134, 0.0, -3.8221297522518465, -92.58351627258789, 15.393607347905345, 50.39867983607715, 0.0016000000400000006, 182.58351627258787
2025-03-30 16:08:57,601 - 2025-03-30T16:08:57.601440, 2.0042733508563115, 0.0, -3.8220834965871022, -92.44951627249667, 15.205547788651621, 50.40272011733107, 0.0016000000400000006, 182.44951627249668
2025-03-30 16:08:57,643 - 2025-03-30T16:08:57.643820, 1.9980962654505319, 0.0, -3.821777529448834, -92.47161627251174, 15.002859322675924, 50.39867580579631, 0.0016000000400000006, 182.47161627251174
2025-03-30 16:08:57,680 - 2025-03-30T16:08:57.680958, 1.992840886760665, 0.0, -3.821492933549188, -92.44251627249189, 14.830391272459487, 50.394439319251155, 0.0016000000400000006, 182.4425162724919
2025-03-30 16:08:57,721 - 2025-03-30T16:08:57.721448, 1.9873257965972755, 0.0, -3.821647142789119, -92.33501627241863, 14.649838629454386, 50.404831739427976, 0.0016000000400000006, 182.3350162724186
2025-03-30 16:08:57,761 - 2025-03-30T16:08:57.761289, 1.9817879812357502, 0.0, -3.821377697021563, -92.32071627240884, 14.468131209123598, 50.401365104433296, 0.0016000000400000006, 182.32071627240884
2025-03-30 16:08:57,821 - 2025-03-30T16:08:57.821580, 1.975127994253635, 0.0, -3.821310070118197, -92.30881627240073, 14.249851234110622, 50.40559756069759, 0.0016000000400000006, 182.30881627240075
2025-03-30 16:08:57,881 - 2025-03-30T16:08:57.881240, 1.9683784604384926, 0.0, -3.8208931849082806, -92.16911627230517, 14.028299102130987, 50.398473267206604, 0.0016000000400000006, 182.1691162723052
2025-03-30 16:08:57,922 - 2025-03-30T16:08:57.922099, 1.9633462718514376, 0.0, -3.8208090539133104, -92.13901627228458, 13.863337968163151, 50.40058891958436, 0.0016000000400000006, 182.13901627228458
2025-03-30 16:08:57,981 - 2025-03-30T16:08:57.981688, 1.9562474797297442, 0.0, -3.8204817155364212, -92.00681627219392, 13.630429086428187, 50.396736783060014, 0.0016000000400000006, 182.00681627219393
2025-03-30 16:08:58,023 - 2025-03-30T16:08:58.023344, 1.951014826238013, 0.0, -3.820620774644263, -91.78391627204063, 13.45911581353743, 50.40635935168639, 0.0016000000400000006, 181.78391627204067
2025-03-30 16:08:58,061 - 2025-03-30T16:08:58.060978, 1.9458414193151288, 0.0, -3.8205442187153373, -91.67631627196641, 13.289534994512422, 50.40885992983937, 0.0016000000400000006, 181.6763162719664
2025-03-30 16:08:58,101 - 2025-03-30T16:08:58.101164, 1.9402443573847565, 0.0, -3.820490387984548, -91.7406162720108, 13.106095120315892, 50.41251528531806, 0.0016000000400000006, 181.7406162720108
2025-03-30 16:08:58,143 - 2025-03-30T16:08:58.143014, 1.9344985020525098, 0.0, -3.8203029139839737, -91.62521627193112, 12.917650635286947, 50.41193588151478, 0.0016000000400000006, 181.62521627193112
2025-03-30 16:08:58,181 - 2025-03-30T16:08:58.181344, 1.9284185385458024, 0.0, -3.8204874234880863, -91.60991627192055, 12.71861925205313, 50.42386800479254, 0.0016000000400000006, 181.60991627192055
2025-03-30 16:08:58,223 - 2025-03-30T16:08:58.223358, 1.9226726832135559, 0.0, -3.820299949487512, -91.58961627190655, 12.5301747670242, 50.42328860098927, 0.0016000000400000006, 181.58961627190655
2025-03-30 16:08:58,261 - 2025-03-30T16:08:58.260986, 1.9172016894869226, 0.0, -3.819956107019019, -91.43041627179633, 12.350584726334375, 50.41731966057837, 0.0016000000400000006, 181.43041627179633
2025-03-30 16:08:58,301 - 2025-03-30T16:08:58.301645, 1.9112629443160447, 0.0, -3.820133041457086, -91.38261627176315, 12.156173028157752, 50.428866858080895, 0.0016000000400000006, 181.38261627176314
2025-03-30 16:08:58,340 - 2025-03-30T16:08:58.340890, 1.9054426922828605, 0.0, -3.8198787458216197, -91.41521627178581, 11.965226237712592, 50.42617007463665, 0.0016000000400000006, 181.41521627178582
2025-03-30 16:08:58,381 - 2025-03-30T16:08:58.381086, 1.8999792736222725, 0.0, -3.8196761216889557, -91.34151627173469, 11.786021122798012, 50.424820819282935, 0.0016000000400000006, 181.3415162717347
2025-03-30 16:08:58,420 - 2025-03-30T16:08:58.420899, 1.8943973618239904, 0.0, -3.8199047276298246, -91.3133162717151, 11.603351100151933, 50.43771554487596, 0.0016000000400000006, 181.3133162717151
2025-03-30 16:08:58,460 - 2025-03-30T16:08:58.460801, 1.8890083398643398, 0.0, -3.819768925132052, -91.20871627164236, 11.426648290653546, 50.43848366916319, 0.0016000000400000006, 181.20871627164234
2025-03-30 16:08:58,501 - 2025-03-30T16:08:58.501343, 1.8838197828093652, 0.0, -3.8194099325314683, -91.12221627158216, 11.256297620078072, 50.43174487720183, 0.0016000000400000006, 181.12221627158215
2025-03-30 16:08:58,540 - 2025-03-30T16:08:58.540822, 1.8785051575506513, 0.0, -3.8193409516685883, -91.04611627152909, 11.082097115995879, 50.43463038113004, 0.0016000000400000006, 181.0461162715291
2025-03-30 16:08:58,584 - 2025-03-30T16:08:58.584200, 1.8731905322919382, 0.0, -3.8192719708057083, -91.03411627152073, 10.907896611913714, 50.43751588505827, 0.0016000000400000006, 181.03411627152073
2025-03-30 16:08:58,621 - 2025-03-30T16:08:58.621127, 1.868091522069991, 0.0, -3.8192622365116753, -91.03231627151946, 10.7408180983049, 50.44213384285223, 0.0016000000400000006, 181.03231627151945
2025-03-30 16:08:58,660 - 2025-03-30T16:08:58.660767, 1.8626508286075385, 0.0, -3.819483267386499, -90.9060162714312, 10.562767760716007, 50.45464364267003, 0.0016000000400000006, 180.9060162714312
2025-03-30 16:08:58,703 - 2025-03-30T16:08:58.702979, 1.8573286282827794, 0.0, -3.8192730681877896, -90.84951627139166, 10.388182330858577, 50.45290946154107, 0.0016000000400000006, 180.84951627139168
2025-03-30 16:08:58,741 - 2025-03-30T16:08:58.741088, 1.8520140030240664, 0.0, -3.8192040873249096, -90.86211627140047, 10.213981826776411, 50.455794965469295, 0.0016000000400000006, 180.86211627140045
2025-03-30 16:08:58,780 - 2025-03-30T16:08:58.780891, 1.8467813495323349, 0.0, -3.819343146432751, -90.80081627135756, 10.042668553885655, 50.46541753409566, 0.0016000000400000006, 180.80081627135758
2025-03-30 16:08:58,822 - 2025-03-30T16:08:58.822491, 1.841392327572684, 0.0, -3.8192073439349787, -90.80651627136153, 9.86596574438726, 50.466185658382884, 0.0016000000400000006, 180.80651627136155
2025-03-30 16:08:58,861 - 2025-03-30T16:08:58.861475, 1.8360184557451236, 0.0, -3.8193539781088655, -90.63551627124161, 9.690032786439339, 50.47619315278449, 0.0016000000400000006, 180.6355162712416
2025-03-30 16:08:58,901 - 2025-03-30T16:08:58.901244, 1.8308450488222394, 0.0, -3.81927742217994, -90.60031627121683, 9.520451967414331, 50.47869373093747, 0.0016000000400000006, 180.60031627121683
2025-03-30 16:08:58,940 - 2025-03-30T16:08:58.940908, 1.8256792169654004, 0.0, -3.8193420845868444, -90.52971627116719, 9.35125607416456, 50.48581399414764, 0.0016000000400000006, 180.5297162711672
2025-03-30 16:08:58,980 - 2025-03-30T16:08:58.980850, 1.8201489766699201, 0.0, -3.8192138571551175, -90.5032162711485, 9.169933579608994, 50.48696704421012, 0.0016000000400000006, 180.50321627114852
2025-03-30 16:08:59,023 - 2025-03-30T16:08:59.023618, 1.8147675297763144, 0.0, -3.8192192729931747, -90.4843162711352, 8.993615695885829, 50.49235485355454, 0.0016000000400000006, 180.4843162711352
2025-03-30 16:08:59,060 - 2025-03-30T16:08:59.060797, 1.8094529045176007, 0.0, -3.819150292130294, -90.32181627102055, 8.81941519180365, 50.49524035748275, 0.0016000000400000006, 180.32181627102057
2025-03-30 16:08:59,101 - 2025-03-30T16:08:59.101296, 1.803937814354211, 0.0, -3.819304501370226, -90.30781627101068, 8.638862548798556, 50.505632777659585, 0.0016000000400000006, 180.30781627101067
2025-03-30 16:08:59,141 - 2025-03-30T16:08:59.141044, 1.79854879239456, 0.0, -3.819168698872454, -90.3305162710267, 8.462159739300155, 50.506400901946826, 0.0016000000400000006, 180.33051627102668
2025-03-30 16:08:59,180 - 2025-03-30T16:08:59.180874, 1.7928924838953408, 0.0, -3.819330483178431, -90.30731627101028, 8.276987411237876, 50.51717824789889, 0.0016000000400000006, 180.30731627101028
2025-03-30 16:08:59,222 - 2025-03-30T16:08:59.222655, 1.7871617786951846, 0.0, -3.819425445849516, -90.2278162709541, 8.089312777759403, 50.52583821420997, 0.0016000000400000006, 180.2278162709541
2025-03-30 16:08:59,280 - 2025-03-30T16:08:59.280810, 1.7795952351292468, 0.0, -3.819618884379188, -90.1533162709013, 7.841582238537647, 50.539502215599065, 0.0016000000400000006, 180.1533162709013
2025-03-30 16:08:59,321 - 2025-03-30T16:08:59.321029, 1.7742062131695957, 0.0, -3.8194830818814154, -90.13801627089052, 7.664879429039246, 50.54027033988631, 0.0016000000400000006, 180.13801627089052
2025-03-30 16:08:59,361 - 2025-03-30T16:08:59.361041, 1.768817191209945, 0.0, -3.819347279383643, -90.0307162708144, 7.488176619540859, 50.541038464173546, 0.0016000000400000006, 180.0307162708144
2025-03-30 16:08:59,401 - 2025-03-30T16:08:59.400986, 1.7635177160833213, 0.0, -3.8195607351924217, -89.89391635213093, 7.314745967009124, 50.553163338216116, 0.0016000000400000006, 179.89391635213093
2025-03-30 16:08:59,440 - 2025-03-30T16:08:59.440938, 1.7583594592925276, 0.0, -3.8197666159351558, -89.88761635212649, 7.145934999534589, 50.56490328648347, 0.0016000000400000006, 179.88761635212649
2025-03-30 16:08:59,481 - 2025-03-30T16:08:59.480980, 1.752903615697985, 0.0, -3.8197052101383204, -89.82291635208063, 6.967114810395238, 50.56817371618691, 0.0016000000400000006, 179.82291635208063
2025-03-30 16:08:59,522 - 2025-03-30T16:08:59.522894, 1.7476117156374067, 0.0, -3.8200598842829283, -89.75881635203521, 6.794069083638739, 50.584918275286654, 0.0016000000400000006, 179.7588163520352
2025-03-30 16:08:59,560 - 2025-03-30T16:08:59.560851, 1.742594677182442, 0.0, -3.820258189959617, -89.69961635199334, 6.629877801221369, 50.596273297778765, 0.0016000000400000006, 179.69961635199334
2025-03-30 16:08:59,601 - 2025-03-30T16:08:59.601357, 1.737436420391648, 0.0, -3.82046407070235, -89.5953163519197, 6.461066833746813, 50.60801324604609, 0.0016000000400000006, 179.5953163519197
2025-03-30 16:08:59,641 - 2025-03-30T16:08:59.641013, 1.7318317833952306, 0.0, -3.820269021635731, -89.66191635196677, 6.277242033775046, 50.607048916467605, 0.0016000000400000006, 179.66191635196677
2025-03-30 16:08:59,681 - 2025-03-30T16:08:59.681024, 1.7266735266044368, 0.0, -3.8204749023784648, -89.5920163519174, 6.108431066300511, 50.618788864734945, 0.0016000000400000006, 179.59201635191738
2025-03-30 16:08:59,721 - 2025-03-30T16:08:59.721465, 1.7213740514778135, 0.0, -3.820688358187243, -89.46071635182489, 5.935000413768783, 50.6309137387775, 0.0016000000400000006, 179.46071635182489
2025-03-30 16:08:59,767 - 2025-03-30T16:08:59.767951, 1.7149965011673571, 0.0, -3.8206055811517876, -89.51581635186366, 5.725959808870165, 50.63437634349139, 0.0016000000400000006, 179.51581635186366
2025-03-30 16:08:59,821 - 2025-03-30T16:08:59.821348, 1.7075636008712034, 0.0, -3.820650226279585, -89.46071635182489, 5.4824640289303375, 50.64303573404807, 0.0016000000400000006, 179.46071635182489
2025-03-30 16:08:59,862 - 2025-03-30T16:08:59.861956, 1.7018480458031369, 0.0, -3.821027625622328, -89.43401635180608, 5.295559247002302, 50.66093507047349, 0.0016000000400000006, 179.43401635180606
2025-03-30 16:08:59,902 - 2025-03-30T16:08:59.902002, 1.6963770520765036, 0.0, -3.8206837831538345, -89.53391635187641, 5.115969206312485, 50.65496613006259, 0.0016000000400000006, 179.53391635187643
2025-03-30 16:08:59,941 - 2025-03-30T16:08:59.941348, 1.690795140278222, 0.0, -3.8209123890947034, -89.44021635181043, 4.933299183666421, 50.66786085565562, 0.0016000000400000006, 179.44021635181042
2025-03-30 16:08:59,982 - 2025-03-30T16:08:59.982457, 1.6850720101441108, 0.0, -3.8211485701016175, -89.5301163518737, 4.74600947596317, 50.68114050702388, 0.0016000000400000006, 179.5301163518737
2025-03-30 16:09:00,021 - 2025-03-30T16:09:00.021662, 1.6796829881844597, 0.0, -3.821012767603845, -89.37751635176633, 4.569306666464776, 50.68190863131112, 0.0016000000400000006, 179.37751635176633
2025-03-30 16:09:00,061 - 2025-03-30T16:09:00.061591, 1.6742347196559622, 0.0, -3.8210925801428397, -89.37241635176271, 4.390871403100654, 50.689798746071745, 0.0016000000400000006, 179.3724163517627
2025-03-30 16:09:00,100 - 2025-03-30T16:09:00.100888, 1.6689276694632937, 0.0, -3.821164817615789, -89.45061635181777, 4.217055824793697, 50.69730393505714, 0.0016000000400000006, 179.45061635181776
2025-03-30 16:09:00,142 - 2025-03-30T16:09:00.142096, 1.6636130442045798, 0.0, -3.8210958367529093, -89.46351635182684, 4.04285532071151, 50.70018943898537, 0.0016000000400000006, 179.46351635182688
2025-03-30 16:09:00,185 - 2025-03-30T16:09:00.185346, 1.6577411206685944, 0.0, -3.821198374490039, -89.6119163519314, 3.8505610021758656, 50.70923433107168, 0.0016000000400000006, 179.6119163519314
2025-03-30 16:09:00,242 - 2025-03-30T16:09:00.241952, 1.6500257837007815, 0.0, -3.8212581697499264, -89.52351635186908, 3.597825852121666, 50.718663573178816, 0.0016000000400000006, 179.5235163518691
2025-03-30 16:09:00,285 - 2025-03-30T16:09:00.285651, 1.64428750343458, 0.0, -3.821211914085182, -89.61391635193284, 3.409766292867964, 50.72270385443274, 0.0016000000400000006, 179.61391635193286
2025-03-30 16:09:00,321 - 2025-03-30T16:09:00.321621, 1.6392553148475248, 0.0, -3.821127783090212, -89.55791635189334, 3.244805158900121, 50.72481950681049, 0.0016000000400000006, 179.55791635189334
2025-03-30 16:09:00,361 - 2025-03-30T16:09:00.361177, 1.6335990063483057, 0.0, -3.821289567396189, -89.63251635194598, 3.059632830837849, 50.735596852762555, 0.0016000000400000006, 179.63251635194598
2025-03-30 16:09:00,400 - 2025-03-30T16:09:00.400926, 1.6284255994254218, 0.0, -3.8212130114672633, -89.6985163519926, 2.8900520118128483, 50.73809743091554, 0.0016000000400000006, 179.6985163519926
2025-03-30 16:09:00,441 - 2025-03-30T16:09:00.441653, 1.6230593026639064, 0.0, -3.821500863976979, -89.66321635196762, 2.714503979640149, 50.7527246103743, 0.0016000000400000006, 179.6632163519676
2025-03-30 16:09:00,480 - 2025-03-30T16:09:00.480862, 1.617454665667489, 0.0, -3.8213058149103603, -89.68911635198596, 2.5306791796683825, 50.75176028079581, 0.0016000000400000006, 179.68911635198594
2025-03-30 16:09:00,521 - 2025-03-30T16:09:00.521536, 1.6118424536050262, 0.0, -3.8209695475079117, -89.71441635200387, 2.3464694539213795, 50.746176266160134, 0.0016000000400000006, 179.71441635200387
2025-03-30 16:09:00,561 - 2025-03-30T16:09:00.561033, 1.606119323470915, 0.0, -3.8212057285148258, -89.78051635205058, 2.159179746218136, 50.75945591752839, 0.0016000000400000006, 179.7805163520506
2025-03-30 16:09:00,600 - 2025-03-30T16:09:00.600799, 1.600812273278247, 0.0, -3.821277965987775, -89.83271635208752, 1.985364167911193, 50.76696110651378, 0.0016000000400000006, 179.83271635208752
2025-03-30 16:09:00,644 - 2025-03-30T16:09:00.644692, 1.5952744579167217, 0.0, -3.821008520220219, -89.88531635212482, 1.8036567475804048, 50.76349447151909, 0.0016000000400000006, 179.88531635212482
2025-03-30 16:09:00,681 - 2025-03-30T16:09:00.681231, 1.590049379491035, 0.0, -3.8212887976638896, -89.81811635207721, 1.6327284004648632, 50.77773672520264, 0.0016000000400000006, 179.8181163520772
2025-03-30 16:09:00,721 - 2025-03-30T16:09:00.721713, 1.5846527824653394, 0.0, -3.8210117768302885, -89.86731635211207, 1.455640665191254, 50.77388516443271, 0.0016000000400000006, 179.86731635211208
2025-03-30 16:09:00,761 - 2025-03-30T16:09:00.761009, 1.5789220772651826, 0.0, -3.8211067395013725, -89.96601635218208, 1.26796603171276, 50.782545130743785, 0.0016000000400000006, 179.96601635218207
2025-03-30 16:09:00,804 - 2025-03-30T16:09:00.804619, 1.5731169753640892, 0.0, -3.8211348805375653, -89.99171635220034, 1.0777890928180867, 50.7890877174139, 0.0016000000400000006, 179.99171635220034
2025-03-30 16:09:00,861 - 2025-03-30T16:09:00.861190, 1.5654684600311688, 0.0, -3.8211202790965157, -90.00561627079651, 0.8271713224048867, 50.796014654104845, 0.0016000000400000006, 180.0056162707965
2025-03-30 16:09:00,901 - 2025-03-30T16:09:00.901561, 1.5600794380715182, 0.0, -3.8209844765987437, -90.01861627080578, 0.6504685129064995, 50.796782778392085, 0.0016000000400000006, 180.01861627080578
2025-03-30 16:09:00,941 - 2025-03-30T16:09:00.941202, 1.5547055662439573, 0.0, -3.8211311107726305, -90.02841627081277, 0.4745355549585639, 50.80679027279369, 0.0016000000400000006, 180.02841627081278
2025-03-30 16:09:01,001 - 2025-03-30T16:09:01.001593, 1.5470494758449918, 0.0, -3.820975290995751, -90.0729162708443, 0.22353285877012752, 50.809097524427436, 0.0016000000400000006, 180.0729162708443
2025-03-30 16:09:01,043 - 2025-03-30T16:09:01.043893, 1.5420172872579365, 0.0, -3.820891160000781, -90.12971627088463, 0.058571724802284564, 50.811213176805204, 0.0016000000400000006, 180.12971627088461
2025-03-30 16:09:01,101 - 2025-03-30T16:09:01.101020, 1.5350156170353162, 0.0, -3.821054298266272, -90.16431627090913, -0.17068007419076991, 50.82333747509335, 0.0016000000400000006, 180.16431627090913
2025-03-30 16:09:01,161 - 2025-03-30T16:09:01.161153, 1.5279987966806052, 0.0, -3.8209349998601043, -90.23571627095968, -0.4007017247342972, 50.82622240326717, 0.0016000000400000006, 180.23571627095973
2025-03-30 16:09:01,201 - 2025-03-30T16:09:01.201205, 1.5226841714218917, 0.0, -3.8208660189972243, -90.27521627098763, -0.5749022288164838, 50.82910790719539, 0.0016000000400000006, 180.27521627098767
2025-03-30 16:09:01,241 - 2025-03-30T16:09:01.241366, 1.5173695461631778, 0.0, -3.8207970381343443, -90.3301162710264, -0.7491027328986846, 50.83199341112361, 0.0016000000400000006, 180.33011627102638
2025-03-30 16:09:01,283 - 2025-03-30T16:09:01.283415, 1.5114232259262548, 0.0, -3.8208327542365823, -90.46201627111954, -0.9438993568505367, 50.83892092356896, 0.0016000000400000006, 180.46201627111952
2025-03-30 16:09:01,321 - 2025-03-30T16:09:01.321440, 1.506019053834514, 0.0, -3.820414515067151, -90.5296162711671, -1.1213720178993754, 50.83044967774183, 0.0016000000400000006, 180.5296162711671
2025-03-30 16:09:01,361 - 2025-03-30T16:09:01.361139, 1.5003627453352948, 0.0, -3.820576299373128, -90.43351627109936, -1.3065443459616546, 50.8412270236939, 0.0016000000400000006, 180.43351627109936
2025-03-30 16:09:01,401 - 2025-03-30T16:09:01.401134, 1.4947656834049226, 0.0, -3.8205224686423387, -90.455616271115, -1.4899842201581919, 50.844882379172596, 0.0016000000400000006, 180.455616271115
2025-03-30 16:09:01,441 - 2025-03-30T16:09:01.441036, 1.489145896276415, 0.0, -3.8200449829040606, -90.56661627119314, -1.67457887168041, 50.83467867947973, 0.0016000000400000006, 180.56661627119314
2025-03-30 16:09:01,484 - 2025-03-30T16:09:01.483960, 1.4832739727404287, 0.0, -3.8201475206411906, -90.60911627122303, -1.866873190216083, 50.84372357156606, 0.0016000000400000006, 180.60911627122303
2025-03-30 16:09:01,521 - 2025-03-30T16:09:01.521224, 1.4773276525035057, 0.0, -3.8201832367434285, -90.65291627125383, -2.061669814167942, 50.8506510840114, 0.0016000000400000006, 180.65291627125384
2025-03-30 16:09:01,563 - 2025-03-30T16:09:01.563117, 1.4714998254042766, 0.0, -3.819787722772133, -90.61311627122582, -2.2530015303883175, 50.84333461550999, 0.0016000000400000006, 180.6131162712258
2025-03-30 16:09:01,602 - 2025-03-30T16:09:01.602617, 1.465479108466416, 0.0, -3.819756617239479, -90.60491627122006, -2.4503004597563915, 50.848144748314354, 0.0016000000400000006, 180.60491627122008
2025-03-30 16:09:01,641 - 2025-03-30T16:09:01.641516, 1.4600900865067654, 0.0, -3.8196208147417066, -90.60821627122236, -2.6270032692547716, 50.8489128726016, 0.0016000000400000006, 180.60821627122237
2025-03-30 16:09:01,682 - 2025-03-30T16:09:01.682437, 1.454849857948989, 0.0, -3.8196186555137186, -90.66981627126569, -2.7987014679207576, 50.85391575617079, 0.0016000000400000006, 180.6698162712657
2025-03-30 16:09:01,741 - 2025-03-30T16:09:01.741741, 1.4475354507905291, 0.0, -3.819232070567983, -90.63551627124161, -3.038732340129094, 50.84833116578071, 0.0016000000400000006, 180.6355162712416
2025-03-30 16:09:01,783 - 2025-03-30T16:09:01.783487, 1.4422359756639058, 0.0, -3.8194455263767617, -90.62551627123455, -3.212162992660822, 50.86045603982328, 0.0016000000400000006, 180.62551627123455
2025-03-30 16:09:01,840 - 2025-03-30T16:09:01.840860, 1.434929143571491, 0.0, -3.819200159766855, -90.54121627117526, -3.4518089390939295, 50.859491134490376, 0.0016000000400000006, 180.54121627117524
2025-03-30 16:09:01,881 - 2025-03-30T16:09:01.881055, 1.4298969549844363, 0.0, -3.819116028771884, -90.65311627125391, -3.6167700730617582, 50.861606786868116, 0.0016000000400000006, 180.6531162712539
2025-03-30 16:09:01,920 - 2025-03-30T16:09:01.920844, 1.4245823297257227, 0.0, -3.819047047909004, -90.65481627125513, -3.790970577143945, 50.86449229079634, 0.0016000000400000006, 180.65481627125513
2025-03-30 16:09:01,961 - 2025-03-30T16:09:01.961778, 1.4192601294009637, 0.0, -3.818836848710295, -90.74121627131579, -3.9655560070013607, 50.862758109667396, 0.0016000000400000006, 180.7412162713158
2025-03-30 16:09:02,001 - 2025-03-30T16:09:02.000987, 1.4142355158799544, 0.0, -3.818893936051154, -90.68261627127467, -4.130132215193953, 50.86949344710232, 0.0016000000400000006, 180.68261627127467
2025-03-30 16:09:02,062 - 2025-03-30T16:09:02.062382, 1.4069211087214941, 0.0, -3.818507351105418, -90.76101627132967, -4.370163087402304, 50.86390885671224, 0.0016000000400000006, 180.76101627132965
2025-03-30 16:09:02,120 - 2025-03-30T16:09:02.120813, 1.400201875170532, 0.0, -3.818655339238819, -90.7466162713196, -4.590175516281022, 50.875263303449955, 0.0016000000400000006, 180.7466162713196
2025-03-30 16:09:02,201 - 2025-03-30T16:09:02.200982, 1.394322376568501, 0.0, -3.8186166586401193, -90.73461627131117, -4.78285476059191, 50.87968851047908, 0.0016000000400000006, 180.73461627131115
2025-03-30 16:09:02,281 - 2025-03-30T16:09:02.281343, 1.3889106294107152, 0.0, -3.8180572011348595, -90.89551627142389, -4.960712347415985, 50.8665975795948, 0.0016000000400000006, 180.8955162714239
2025-03-30 16:09:02,344 - 2025-03-30T16:09:02.344012, 1.3831131025756664, 0.0, -3.818226560506881, -90.80921627136345, -5.150504360535443, 50.87775985132208, 0.0016000000400000006, 180.80921627136345
2025-03-30 16:09:02,401 - 2025-03-30T16:09:02.401116, 1.3765199372284438, 0.0, -3.818084536902578, -90.78151627134405, -5.366666955907441, 50.87949000217021, 0.0016000000400000006, 180.78151627134406
2025-03-30 16:09:02,442 - 2025-03-30T16:09:02.442326, 1.3711977369036847, 0.0, -3.817874337703869, -90.95481627146533, -5.541252385764857, 50.877755821041255, 0.0016000000400000006, 180.95481627146535
2025-03-30 16:09:02,480 - 2025-03-30T16:09:02.480923, 1.3658982617770614, 0.0, -3.8180877935126474, -90.97721627148097, -5.7146830382965845, 50.88988069508381, 0.0016000000400000006, 180.97721627148098
2025-03-30 16:09:02,521 - 2025-03-30T16:09:02.521410, 1.360717279788132, 0.0, -3.817870019247893, -91.02741627151602, -5.884648783096829, 50.887761588179636, 0.0016000000400000006, 181.02741627151602
2025-03-30 16:09:02,581 - 2025-03-30T16:09:02.581787, 1.3542729078427835, 0.0, -3.8178616389133744, -90.98761627148826, -6.095806767636425, 50.893726498309704, 0.0016000000400000006, 180.98761627148826
2025-03-30 16:09:02,680 - 2025-03-30T16:09:02.680914, 1.3488019141161502, 0.0, -3.8175177964448808, -91.02471627151414, -6.275396808326242, 50.8877575578988, 0.0016000000400000006, 181.02471627151414
2025-03-30 16:09:02,781 - 2025-03-30T16:09:02.781198, 1.3429740870169216, 0.0, -3.8171222824735853, -91.09861627156569, -6.46672852454661, 50.88044108939739, 0.0016000000400000006, 181.09861627156567
2025-03-30 16:09:02,841 - 2025-03-30T16:09:02.841567, 1.3372950533195667, 0.0, -3.816860411772074, -91.14651627159905, -6.653055629934585, 50.87735938017791, 0.0016000000400000006, 181.1465162715991
2025-03-30 16:09:02,880 - 2025-03-30T16:09:02.880957, 1.3320699748938805, 0.0, -3.817140689215745, -90.99081627149047, -6.823983977050105, 50.89160163386147, 0.0016000000400000006, 180.99081627149047
2025-03-30 16:09:02,941 - 2025-03-30T16:09:02.941387, 1.3263392696937246, 0.0, -3.81723565188683, -91.02291627151287, -7.0116586105285705, 50.90026160017255, 0.0016000000400000006, 181.02291627151288
2025-03-30 16:09:03,000 - 2025-03-30T16:09:03.000814, 1.3208910011652262, 0.0, -3.817315464425824, -91.04081627152539, -7.190093873892721, 50.90815171493316, 0.0016000000400000006, 181.0408162715254
2025-03-30 16:09:03,181 - 2025-03-30T16:09:03.181001, 1.3148992305320326, 0.0, -3.8165038705130856, -91.05371627153441, -7.387200052495956, 50.88736111703545, 0.0016000000400000006, 181.05371627153443
2025-03-30 16:09:03,241 - 2025-03-30T16:09:03.241923, 1.3085141051555311, 0.0, -3.8162798751418006, -91.05261627153362, -7.5966255831698035, 50.88620403669215, 0.0016000000400000006, 181.05261627153362
2025-03-30 16:09:03,282 - 2025-03-30T16:09:03.282825, 1.3024341416488237, 0.0, -3.8164643846459128, -91.0344162715209, -7.7956569664036195, 50.898136159969894, 0.0016000000400000006, 181.0344162715209
2025-03-30 16:09:03,323 - 2025-03-30T16:09:03.323410, 1.2953429245931756, 0.0, -3.816278264604853, -91.07471627154905, -8.028180922363347, 50.89890370850272, 0.0016000000400000006, 181.07471627154905
2025-03-30 16:09:03,361 - 2025-03-30T16:09:03.361003, 1.2894407007930089, 0.0, -3.8158159289986653, -90.94601627145913, -8.222014943999937, 50.88946986036033, 0.0016000000400000006, 180.94601627145914
2025-03-30 16:09:03,401 - 2025-03-30T16:09:03.401272, 1.2825058522052806, 0.0, -3.8159046705632194, -91.09741627156487, -8.449149363352028, 50.89909185323229, 0.0016000000400000006, 181.09741627156487
2025-03-30 16:09:03,447 - 2025-03-30T16:09:03.444892, 1.2765595319683576, 0.0, -3.8159403866654573, -90.99731627149501, -8.64394598730388, 50.906019365677636, 0.0016000000400000006, 180.997316271495
2025-03-30 16:09:03,481 - 2025-03-30T16:09:03.481202, 1.2708061015700656, 0.0, -3.8156116943290543, -91.1218162715819, -8.832775398108055, 50.900820276817214, 0.0016000000400000006, 181.1218162715819
2025-03-30 16:09:03,521 - 2025-03-30T16:09:03.521951, 1.265483901245307, 0.0, -3.8154014951303443, -91.18091627162302, -9.00736082796547, 50.899086095688226, 0.0016000000400000006, 181.18091627162303
2025-03-30 16:09:03,580 - 2025-03-30T16:09:03.580951, 1.258459505824551, 0.0, -3.8151409783883476, -91.11771627157903, -9.237767404284227, 50.897351338804874, 0.0016000000400000006, 181.117716271579
2025-03-30 16:09:03,644 - 2025-03-30T16:09:03.644146, 1.2518070939084809, 0.0, -3.815214569820811, -91.0728162715477, -9.455662453521974, 50.906203480126365, 0.0016000000400000006, 181.0728162715477
2025-03-30 16:09:03,721 - 2025-03-30T16:09:03.721217, 1.24592759530645, 0.0, -3.815175889222112, -91.07641627155022, -9.648341697832862, 50.91062868715552, 0.0016000000400000006, 181.07641627155022
2025-03-30 16:09:03,941 - 2025-03-30T16:09:03.941000, 1.2401438646439775, 0.0, -3.8142823235423915, -91.27111627168574, -9.838710811737954, 50.886950858066385, 0.0016000000400000006, 181.27111627168574
2025-03-30 16:09:04,000 - 2025-03-30T16:09:04.000922, 1.233424631093015, 0.0, -3.8144303116757916, -91.36991627175436, -10.058723240616693, 50.89830530480406, 0.0016000000400000006, 181.36991627175436
2025-03-30 16:09:04,040 - 2025-03-30T16:09:04.040759, 1.227337092520263, 0.0, -3.8144736028440747, -91.27861627169096, -10.258139549625717, 50.905617743024635, 0.0016000000400000006, 181.27861627169096
2025-03-30 16:09:04,083 - 2025-03-30T16:09:04.083355, 1.221457593918232, 0.0, -3.8144349222453755, -91.4201162717892, -10.450818793936605, 50.91004295005379, 0.0016000000400000006, 181.4201162717892
2025-03-30 16:09:04,120 - 2025-03-30T16:09:04.120882, 1.2145895669653952, 0.0, -3.8144492671089925, -91.42151627179015, -10.675835833647739, 50.917162637509556, 0.0016000000400000006, 181.42151627179015
2025-03-30 16:09:04,161 - 2025-03-30T16:09:04.161221, 1.2090593266699154, 0.0, -3.8143210396772655, -91.48881627183682, -10.857158328203283, 50.91831568757203, 0.0016000000400000006, 181.48881627183684
2025-03-30 16:09:04,202 - 2025-03-30T16:09:04.202865, 1.2037295512791117, 0.0, -3.8139696221427264, -91.5069162718493, -11.032128683835928, 50.91196182138589, 0.0016000000400000006, 181.50691627184932
2025-03-30 16:09:04,261 - 2025-03-30T16:09:04.261833, 1.1970695642969966, 0.0, -3.8139019952393607, -91.5148162718548, -11.250408658848905, 50.9161942776502, 0.0016000000400000006, 181.5148162718548
2025-03-30 16:09:04,322 - 2025-03-30T16:09:04.322909, 1.1917549390382831, 0.0, -3.8138330143764807, -91.48491627183408, -11.424609162931084, 50.919079781578425, 0.0016000000400000006, 181.4849162718341
2025-03-30 16:09:04,401 - 2025-03-30T16:09:04.401370, 1.1861503020418653, 0.0, -3.8136379653098613, -91.6182162719263, -11.608433962902865, 50.918115451999924, 0.0016000000400000006, 181.61821627192631
2025-03-30 16:09:04,862 - 2025-03-30T16:09:04.862599, 1.1807902263868812, 0.0, -3.812721674432005, -91.75071627201775, -11.78494402163642, 50.89328284558507, 0.0016000000400000006, 181.75071627201777
2025-03-30 16:09:04,923 - 2025-03-30T16:09:04.923650, 1.1737809810982154, 0.0, -3.812743594361667, -91.67911627196838, -12.014580746404718, 50.90078745881608, 0.0016000000400000006, 181.67911627196838
2025-03-30 16:09:04,960 - 2025-03-30T16:09:04.960775, 1.1687563675772057, 0.0, -3.812800681702526, -91.74901627201658, -12.179156954597325, 50.90752279625101, 0.0016000000400000006, 181.74901627201658
2025-03-30 16:09:05,001 - 2025-03-30T16:09:05.001788, 1.1637166039241054, 0.0, -3.8125753323717264, -91.79121627204567, -12.34450301434039, 50.90501876357159, 0.0016000000400000006, 181.7912162720457
2025-03-30 16:09:05,061 - 2025-03-30T16:09:05.061776, 1.1586995654691408, 0.0, -3.812773638048415, -91.79381627204747, -12.508694296757767, 50.9163737860637, 0.0016000000400000006, 181.79381627204748
2025-03-30 16:09:32,361 - 2025-03-30T16:09:32.361287, 1.1533181185755352, 0.0, -3.812779053886472, -91.98341627217788, -12.685012180480918, 50.92176159540812, 0.0016000000400000006, 181.98341627217786
2025-03-30 16:09:32,421 - 2025-03-30T16:09:32.421048, 1.1478395497828568, 0.0, -3.8122939930821493, -91.96791627216722, -12.864987146945971, 50.91117296994005, 0.0016000000400000006, 181.9679162721672
2025-03-30 16:09:32,481 - 2025-03-30T16:09:32.481122, 1.1402578560848284, 0.0, -3.812204994940162, -91.98521627217909, -13.113487537718207, 50.91559760121476, 0.0016000000400000006, 181.9852162721791
2025-03-30 16:09:32,521 - 2025-03-30T16:09:32.521638, 1.1340883457450937, 0.0, -3.812040246137724, -91.96371627216436, -13.315791077918675, 50.9161729747372, 0.0016000000400000006, 181.96371627216436
2025-03-30 16:09:32,561 - 2025-03-30T16:09:32.561238, 1.128060053741188, 0.0, -3.81186792226924, -91.92111627213505, -13.513474933061978, 50.91636342248438, 0.0016000000400000006, 181.92111627213507
2025-03-30 16:09:32,602 - 2025-03-30T16:09:32.602019, 1.1219725151684354, 0.0, -3.811911213437523, -92.00631627219356, -13.712891242071017, 50.923675860704975, 0.0016000000400000006, 182.00631627219354
2025-03-30 16:09:32,641 - 2025-03-30T16:09:32.641022, 1.1162342349022336, 0.0, -3.8118649577727783, -92.00421627219212, -13.90095080132474, 50.92771614195887, 0.0016000000400000006, 182.00421627219214
2025-03-30 16:09:32,680 - 2025-03-30T16:09:32.680826, 1.110711569672799, 0.0, -3.811877948676881, -91.97521627217222, -14.081888370105062, 50.93348887707853, 0.0016000000400000006, 181.97521627217222
2025-03-30 16:09:32,740 - 2025-03-30T16:09:32.740832, 1.1039103643548551, 0.0, -3.8118178968395604, -92.07161627223839, -14.304788030175189, 50.938106259118086, 0.0016000000400000006, 182.07161627223837
2025-03-30 16:09:32,801 - 2025-03-30T16:09:32.801166, 1.097376445576479, 0.0, -3.8114602581984904, -92.10071627225838, -14.519218171681459, 50.93271441949282, 0.0016000000400000006, 182.10071627225838
2025-03-30 16:09:32,861 - 2025-03-30T16:09:32.860985, 1.090485693425507, 0.0, -3.8110509480546195, -92.11941627227115, -14.745389988718273, 50.92597505177705, 0.0016000000400000006, 182.11941627227117
2025-03-30 16:09:32,902 - 2025-03-30T16:09:32.902180, 1.0854535048384522, 0.0, -3.810966817059649, -92.07561627224112, -14.910351122686102, 50.928090704154805, 0.0016000000400000006, 182.07561627224112
2025-03-30 16:09:32,961 - 2025-03-30T16:09:32.961050, 1.0779386327753158, 0.0, -3.8108034222167246, -92.07961627224385, -15.156734133817366, 50.930013030013335, 0.0016000000400000006, 182.0796162722439
2025-03-30 16:09:33,021 - 2025-03-30T16:09:33.021344, 1.071902765705365, 0.0, -3.810489880012412, -92.13651627228285, -15.354802914735899, 50.92558379270336, 0.0016000000400000006, 182.13651627228285
2025-03-30 16:09:33,161 - 2025-03-30T16:09:33.161063, 1.0666549620815435, 0.0, -3.8103465024485943, -91.9424162721497, -15.526886039177114, 50.92596699121536, 0.0016000000400000006, 181.9424162721497
2025-03-30 16:09:33,240 - 2025-03-30T16:09:33.240962, 1.0609532031860538, 0.0, -3.809660976739595, -92.39071627245657, -15.714367921890762, 50.90902622682436, 0.0016000000400000006, 182.3907162724566
2025-03-30 16:09:33,281 - 2025-03-30T16:09:33.281527, 1.0557722211971243, 0.0, -3.809443202474841, -92.29721627239277, -15.884333666690999, 50.906907119920184, 0.0016000000400000006, 182.29721627239277
2025-03-30 16:09:33,321 - 2025-03-30T16:09:33.321464, 1.049959544229985, 0.0, -3.8093301251752036, -92.22291627234203, -16.074895531360937, 50.908830021533106, 0.0016000000400000006, 182.22291627234205
2025-03-30 16:09:33,361 - 2025-03-30T16:09:33.361337, 1.0432251605469332, 0.0, -3.8091956766369464, -92.26561627237118, -16.2956778117901, 50.91094509815648, 0.0016000000400000006, 182.26561627237118
2025-03-30 16:09:33,400 - 2025-03-30T16:09:33.400816, 1.036051971724302, 0.0, -3.8088015166251648, -92.21111627233395, -16.531088998941286, 50.904975581991145, 0.0016000000400000006, 182.21111627233395
2025-03-30 16:09:33,441 - 2025-03-30T16:09:33.441319, 1.0287527146979323, 0.0, -3.808697368351088, -92.20711627233122, -16.770350019599164, 50.90863036171544, 0.0016000000400000006, 182.20711627233123
2025-03-30 16:09:33,483 - 2025-03-30T16:09:33.483014, 1.0213714859045808, 0.0, -3.8083851801062893, -92.37301627244456, -17.012498271448457, 50.90554807674157, 0.0016000000400000006, 182.37301627244454
2025-03-30 16:09:33,522 - 2025-03-30T16:09:33.522862, 1.0142878439149778, 0.0, -3.808340278401059, -92.3721162724439, -17.244637301632963, 50.91093531033157, 0.0016000000400000006, 182.37211627244392
2025-03-30 16:09:33,561 - 2025-03-30T16:09:33.561641, 1.0078799933403406, 0.0, -3.807692628022285, -92.64981627263289, -17.455217609632513, 50.895919174816726, 0.0016000000400000006, 182.6498162726329
2025-03-30 16:09:33,601 - 2025-03-30T16:09:33.601062, 1.0020004947383097, 0.0, -3.807653947423586, -92.56831627257756, -17.647896853943408, 50.90034438184586, 0.0016000000400000006, 182.56831627257756
2025-03-30 16:09:33,643 - 2025-03-30T16:09:33.643761, 0.9967526911144882, 0.0, -3.8075105698597684, -92.63011627261953, -17.819979978384623, 50.90072758035788, 0.0016000000400000006, 182.63011627261955
2025-03-30 16:09:33,701 - 2025-03-30T16:09:33.701090, 0.9901443756351749, 0.0, -3.807086109583807, -92.77711627271931, -18.03691242530708, 50.89321836109165, 0.0016000000400000006, 182.7771162727193
2025-03-30 16:09:33,761 - 2025-03-30T16:09:33.761092, 0.9842345767689635, 0.0, -3.8064825556417903, -92.76871627271358, -18.231131372718885, 50.8791648278921, 0.0016000000400000006, 182.76871627271356
2025-03-30 16:09:33,821 - 2025-03-30T16:09:33.821344, 0.9787698041488606, 0.0, -3.8049345697857246, -93.23451627302808, -18.4116834399696, 50.83373610160758, 0.0016000000400000006, 183.23451627302808
2025-03-30 16:09:33,861 - 2025-03-30T16:09:33.861465, 0.9736494226882928, 0.0, -3.805846542207605, -93.38061627312618, -18.578569778567978, 50.8685744751608, 0.0016000000400000006, 183.38061627312618
2025-03-30 16:09:33,900 - 2025-03-30T16:09:33.900816, 0.9684229903030928, 0.0, -3.804781457927874, -93.16521627298143, -18.750845078019594, 50.83873725791354, 0.0016000000400000006, 183.1652162729814
2025-03-30 16:09:33,941 - 2025-03-30T16:09:33.941772, 0.9626103133359538, 0.0, -3.8046683806282373, -93.10241627293912, -18.941406942689515, 50.84066015952648, 0.0016000000400000006, 183.10241627293914
2025-03-30 16:09:33,982 - 2025-03-30T16:09:33.982236, 0.9565971714641388, 0.0, -3.8047784934314124, -93.27651627305629, -19.13832094628234, 50.85008997738803, 0.0016000000400000006, 183.2765162730563
2025-03-30 16:09:34,022 - 2025-03-30T16:09:34.022305, 0.9503229641592861, 0.0, -3.803982049650765, -93.42901627315868, -19.34466649499994, 50.83006923104079, 0.0016000000400000006, 183.42901627315868
2025-03-30 16:09:34,061 - 2025-03-30T16:09:34.061400, 0.9440122354837217, 0.0, -3.8038248759143714, -93.36401627311504, -19.551589720257596, 50.83102953033844, 0.0016000000400000006, 183.36401627311506
2025-03-30 16:09:34,101 - 2025-03-30T16:09:34.101720, 0.9371807299015966, 0.0, -3.8031999507337333, -93.45571627317656, -19.776029083428675, 50.817168172149294, 0.0016000000400000006, 183.45571627317656
2025-03-30 16:09:34,141 - 2025-03-30T16:09:34.141701, 0.9309519729930149, 0.0, -3.8032508169680614, -93.590816273267, -19.980065077494885, 50.8248655361451, 0.0016000000400000006, 183.590816273267
2025-03-30 16:09:34,181 - 2025-03-30T16:09:34.181338, 0.9249602023598209, 0.0, -3.802439223055323, -93.64181627330107, -20.17717125609813, 50.80407493824737, 0.0016000000400000006, 183.6418162733011
2025-03-30 16:09:34,222 - 2025-03-30T16:09:34.222807, 0.9194223869982956, 0.0, -3.8021697772877667, -93.69621627333736, -20.358878676428922, 50.80060830325268, 0.0016000000400000006, 183.69621627333737
2025-03-30 16:09:34,281 - 2025-03-30T16:09:34.281199, 0.9115947779993201, 0.0, -3.8014566592336156, -93.82541627342354, -20.616040760775455, 50.78482174043298, 0.0016000000400000006, 183.82541627342354
2025-03-30 16:09:34,341 - 2025-03-30T16:09:34.341794, 0.9057745259661361, 0.0, -3.801202363598149, -93.90201627347452, -20.806987551220605, 50.78212495698871, 0.0016000000400000006, 183.90201627347452
2025-03-30 16:09:34,401 - 2025-03-30T16:09:34.401136, 0.8991586354207777, 0.0, -3.800636684986358, -93.94661627350415, -21.0243049239183, 50.76999605266532, 0.0016000000400000006, 183.9466162735042
2025-03-30 16:09:34,461 - 2025-03-30T16:09:34.461022, 0.8926171415763564, 0.0, -3.8001378280094595, -94.18281627366086, -21.239119991199793, 50.75998452798289, 0.0016000000400000006, 184.18281627366088
2025-03-30 16:09:34,501 - 2025-03-30T16:09:34.500989, 0.8875029812223194, 0.0, -3.7998456570437673, -94.25591627370925, -21.406968356359055, 50.755363115662476, 0.0016000000400000006, 184.25591627370926
2025-03-30 16:09:34,540 - 2025-03-30T16:09:34.540955, 0.8821063841966228, 0.0, -3.799568636210166, -94.30291627374034, -21.58405609163269, 50.751511554892566, 0.0016000000400000006, 184.30291627374032
2025-03-30 16:09:34,581 - 2025-03-30T16:09:34.581728, 0.8766202403378993, 0.0, -3.798942357070014, -94.39241627379947, -21.76441598387297, 50.7363032443673, 0.0016000000400000006, 184.39241627379948
2025-03-30 16:09:34,622 - 2025-03-30T16:09:34.622459, 0.8709928781433467, 0.0, -3.7983236529959066, -94.57501627391976, -21.949395561170427, 50.72147985961727, 0.0016000000400000006, 184.57501627391974
2025-03-30 16:09:34,661 - 2025-03-30T16:09:34.661100, 0.865298694313902, 0.0, -3.797779345622737, -94.47631627385478, -22.136492518108845, 50.70915878028345, 0.0016000000400000006, 184.4763162738548
2025-03-30 16:09:34,701 - 2025-03-30T16:09:34.701043, 0.8596120855505016, 0.0, -3.797376256585396, -94.61111627394352, -22.323204549272063, 50.7014573860068, 0.0016000000400000006, 184.61111627394354
2025-03-30 16:09:34,741 - 2025-03-30T16:09:34.741620, 0.8538359299540743, 0.0, -3.7966239092415046, -94.68211627399016, -22.513188737401926, 50.682399241974835, 0.0016000000400000006, 184.6821162739902
2025-03-30 16:09:34,782 - 2025-03-30T16:09:34.782391, 0.8478593094529709, 0.0, -3.7960947520004256, -94.73211627402299, -22.709525064454702, 50.67084801419149, 0.0016000000400000006, 184.73211627402299
2025-03-30 16:09:34,821 - 2025-03-30T16:09:34.820997, 0.8415258555792708, 0.0, -3.795513923256544, -94.86111627410757, -22.917603067038055, 50.6579492583176, 0.0016000000400000006, 184.8611162741076
2025-03-30 16:09:34,861 - 2025-03-30T16:09:34.861890, 0.8356904534139971, 0.0, -3.794977190949419, -94.95361627416808, -23.10931970903365, 50.646013104759014, 0.0016000000400000006, 184.9536162741681
2025-03-30 16:09:34,900 - 2025-03-30T16:09:34.900921, 0.8300038446505971, 0.0, -3.7945741019120787, -94.90581627413684, -23.296031740196852, 50.63831171048237, 0.0016000000400000006, 184.90581627413684
2025-03-30 16:09:34,941 - 2025-03-30T16:09:34.941799, 0.8244357290248909, 0.0, -3.7937397828012047, -95.0224162742131, -23.479278863628576, 50.61636633525896, 0.0016000000400000006, 185.0224162742131
2025-03-30 16:09:34,984 - 2025-03-30T16:09:34.984168, 0.819090803501997, 0.0, -3.7931059285950073, -95.0832162742528, -23.655019070811672, 50.60077309895846, 0.0016000000400000006, 185.0832162742528
2025-03-30 16:09:35,041 - 2025-03-30T16:09:35.041050, 0.8117612462114465, 0.0, -3.7924369069776125, -95.11181627427149, -23.89581979457049, 50.585949138454026, 0.0016000000400000006, 185.1118162742715
2025-03-30 16:09:35,081 - 2025-03-30T16:09:35.081578, 0.8063722242517959, 0.0, -3.792301104479841, -95.18621627431997, -24.072522604068872, 50.5867172627413, 0.0016000000400000006, 185.18621627431997
2025-03-30 16:09:35,121 - 2025-03-30T16:09:35.121563, 0.8013689819694072, 0.0, -3.791436485104786, -95.29071627438799, -24.237290987271884, 50.56323218441696, 0.0016000000400000006, 185.290716274388
2025-03-30 16:09:35,161 - 2025-03-30T16:09:35.161942, 0.796039206578603, 0.0, -3.791085067570247, -95.24901627436086, -24.412261342904543, 50.556878318230815, 0.0016000000400000006, 185.24901627436086
2025-03-30 16:09:35,200 - 2025-03-30T16:09:35.200764, 0.7909098960924754, 0.0, -3.7905104599328965, -95.43741627448333, -24.58087955961427, 50.54301753579606, 0.0016000000400000006, 185.43741627448333
2025-03-30 16:09:35,261 - 2025-03-30T16:09:35.261353, 0.7833495736330685, 0.0, -3.7894997550749965, -95.50741627452871, -24.829572125396908, 50.51722175131154, 0.0016000000400000006, 185.5074162745287
2025-03-30 16:09:35,300 - 2025-03-30T16:09:35.300758, 0.7781458664460037, 0.0, -3.788858325802754, -95.59231627458371, -25.000692647522836, 50.501243589235834, 0.0016000000400000006, 185.5923162745837
2025-03-30 16:09:35,341 - 2025-03-30T16:09:35.341273, 0.7728085159891545, 0.0, -3.788365689932386, -95.62571627460528, -25.176047928930725, 50.49027003799253, 0.0016000000400000006, 185.62571627460528
2025-03-30 16:09:35,380 - 2025-03-30T16:09:35.380871, 0.7676792055030268, 0.0, -3.787791082295036, -95.80681627472235, -25.344666145640453, 50.4764092555578, 0.0016000000400000006, 185.80681627472234
2025-03-30 16:09:35,424 - 2025-03-30T16:09:35.424171, 0.7621186649433667, 0.0, -3.7870979815199908, -95.71401627466243, -25.527528343296918, 50.459083565391545, 0.0016000000400000006, 185.7140162746624
2025-03-30 16:09:35,461 - 2025-03-30T16:09:35.461925, 0.7561344693762173, 0.0, -3.786427605943082, -95.91641627479302, -25.72424959612495, 50.442912652551016, 0.0016000000400000006, 185.91641627479302
2025-03-30 16:09:35,502 - 2025-03-30T16:09:35.502709, 0.7502839170788529, 0.0, -3.7856084369642984, -95.93271627480348, -25.91673608967101, 50.42173712887806, 0.0016000000400000006, 185.93271627480348
2025-03-30 16:09:35,540 - 2025-03-30T16:09:35.540880, 0.7446124584475435, 0.0, -3.785487784598617, -96.12041627492418, -26.102678269283746, 50.42327510471577, 0.0016000000400000006, 186.12041627492422
2025-03-30 16:09:35,581 - 2025-03-30T16:09:35.581262, 0.7392448077265135, 0.0, -3.7844302753849313, -96.2107162749821, -26.27957325379256, 50.39382281324375, 0.0016000000400000006, 186.2107162749821
2025-03-30 16:09:35,624 - 2025-03-30T16:09:35.624659, 0.7329857505537514, 0.0, -3.783916268275942, -96.28741627503125, -26.485148950959683, 50.38304143701085, 0.0016000000400000006, 186.28741627503126
2025-03-30 16:09:35,661 - 2025-03-30T16:09:35.661257, 0.7279232617025158, 0.0, -3.7832672639376543, -96.2160162749855, -26.651649788028443, 50.36667834915992, 0.0016000000400000006, 186.21601627498552
2025-03-30 16:09:35,706 - 2025-03-30T16:09:35.706786, 0.7225631860475312, 0.0, -3.782350973059798, -96.47681627515232, -26.828159846762013, 50.341845742745065, 0.0016000000400000006, 186.47681627515232
2025-03-30 16:09:35,742 - 2025-03-30T16:09:35.742048, 0.7173078073576646, 0.0, -3.7820663771601515, -96.41371627511207, -27.000627896978457, 50.33760925619991, 0.0016000000400000006, 186.41371627511205
2025-03-30 16:09:35,782 - 2025-03-30T16:09:35.782202, 0.7120813749724642, 0.0, -3.7810012928804206, -96.39941627510291, -27.172903196430084, 50.30777203895266, 0.0016000000400000006, 186.3994162751029
2025-03-30 16:09:35,821 - 2025-03-30T16:09:35.821648, 0.7066103812458304, 0.0, -3.780657450411927, -96.45421627513791, -27.352493237119926, 50.30180309854176, 0.0016000000400000006, 186.45421627513792
2025-03-30 16:09:35,882 - 2025-03-30T16:09:35.882471, 0.6994068921590197, 0.0, -3.779698417056829, -96.88731627541354, -27.589444127371994, 50.277354842147744, 0.0016000000400000006, 186.88731627541353
2025-03-30 16:09:35,941 - 2025-03-30T16:09:35.941252, 0.6920029381675321, 0.0, -3.7789625738045416, -96.8405162753839, -27.83274715654701, 50.26041350200233, 0.0016000000400000006, 186.8405162753839
2025-03-30 16:09:36,005 - 2025-03-30T16:09:36.005381, 0.6856240338975614, 0.0, -3.777534435045684, -97.39491627573435, -28.04313471378174, 50.2197966357854, 0.0016000000400000006, 187.39491627573435
2025-03-30 16:09:36,061 - 2025-03-30T16:09:36.061273, 0.678590709451246, 0.0, -3.7757873382444567, -97.65771627589943, -28.27527316821183, 50.16936272291408, 0.0016000000400000006, 187.65771627589942
2025-03-30 16:09:36,100 - 2025-03-30T16:09:36.100843, 0.6733580559595151, 0.0, -3.7759263973522983, -97.61151627587044, -28.446586441102568, 50.17898529154044, 0.0016000000400000006, 187.61151627587043
2025-03-30 16:09:36,162 - 2025-03-30T16:09:36.162654, 0.6653224069898176, 0.0, -3.7752952510651294, -97.15291627558172, -28.71048559014727, 50.166085959912174, 0.0016000000400000006, 187.15291627558176
2025-03-30 16:09:36,180 - 2025-03-30T16:09:36.180892, 0.6627047262844381, 0.0, -3.774019418895649, -97.75901627596294, -28.797489178928743, 50.12681777329456, 0.0016000000400000006, 187.75901627596295
2025-03-30 16:09:36,221 - 2025-03-30T16:09:36.221417, 0.6565427910107489, 0.0, -3.7739958884290394, -97.64541627589172, -28.999407793353967, 50.13201283187416, 0.0016000000400000006, 187.6454162758917
2025-03-30 16:09:36,245 - 2025-03-30T16:09:36.244947, 0.6534635799676547, 0.0, -3.772036689778548, -98.21111627624495, -29.102195066183146, 50.07080099729639, 0.0016000000400000006, 188.21111627624495
2025-03-30 16:09:36,280 - 2025-03-30T16:09:36.280788, 0.6470495082864871, 0.0, -3.7725931827873462, -98.05201627614592, -29.311813347621804, 50.09524464765514, 0.0016000000400000006, 188.05201627614596
2025-03-30 16:09:36,322 - 2025-03-30T16:09:36.322105, 0.6419264189068898, 0.0, -3.7708144317624233, -98.37951627634949, -29.481393590892424, 50.04192407934677, 0.0016000000400000006, 188.37951627634948
2025-03-30 16:09:36,343 - 2025-03-30T16:09:36.343225, 0.6384841533846699, 0.0, -3.7700077049967016, -98.8730162766544, -29.594960512691255, 50.01882450255208, 0.0016000000400000006, 188.8730162766544
2025-03-30 16:09:36,381 - 2025-03-30T16:09:36.381133, 0.6333396927664516, 0.0, -3.7691506606876928, -98.80401627661189, -29.764348580951456, 49.995724350002995, 0.0016000000400000006, 188.8040162766119
2025-03-30 16:09:36,421 - 2025-03-30T16:09:36.421013, 0.6274147437681497, 0.0, -3.768264670074017, -98.67741627653379, -29.959337379913734, 49.97243144668907, 0.0016000000400000006, 188.6774162765338
2025-03-30 16:09:36,481 - 2025-03-30T16:09:36.481276, 0.6199274640501655, 0.0, -3.7659754251276074, -99.43781627700055, -30.206874592616277, 49.90467357091473, 0.0016000000400000006, 189.43781627700056
2025-03-30 16:09:36,521 - 2025-03-30T16:09:36.521132, 0.6146266349640279, 0.0, -3.7648435192129845, -99.44541627700521, -30.381652197484108, 49.87271897402651, 0.0016000000400000006, 189.44541627700522
2025-03-30 16:09:36,561 - 2025-03-30T16:09:36.561164, 0.608985476596899, 0.0, -3.76528774019062, -99.36161627695405, -30.566054673995925, 49.89273569009292, 0.0016000000400000006, 189.3616162769541
2025-03-30 16:09:36,583 - 2025-03-30T16:09:36.583804, 0.6068279722697185, 0.0, -3.7633499127787493, -99.8696162772633, -30.63862153106583, 49.83133168050471, 0.0016000000400000006, 189.8696162772633
2025-03-30 16:09:36,640 - 2025-03-30T16:09:36.640779, 0.6005386148327756, 0.0, -3.762271032326443, -99.81731627723157, -30.84573693133389, 49.802071564043125, 0.0016000000400000006, 189.81731627723158
2025-03-30 16:09:36,663 - 2025-03-30T16:09:36.663578, 0.5981592743622981, 0.0, -3.7614781017332968, -100.31001627752953, -30.924463752316285, 49.77839488646276, 0.0016000000400000006, 190.31001627752954
2025-03-30 16:09:36,700 - 2025-03-30T16:09:36.700840, 0.592724802006376, 0.0, -3.7604949892205486, -100.32871627754083, -31.103476116466062, 49.751444900406966, 0.0016000000400000006, 190.32871627754082
2025-03-30 16:09:36,720 - 2025-03-30T16:09:36.720909, 0.5911548962206488, 0.0, -3.758950516551985, -100.83811627784655, -31.15640945598156, 49.70236024288936, 0.0016000000400000006, 190.83811627784655
2025-03-30 16:09:36,763 - 2025-03-30T16:09:36.762729, 0.5848820428753103, 0.0, -3.759499434494739, -100.62411627771839, -31.361408052363057, 49.7264189674729, 0.0016000000400000006, 190.62411627771837
2025-03-30 16:09:36,801 - 2025-03-30T16:09:36.801510, 0.5816161631001155, 0.0, -3.756700500895316, -101.29531627811906, -31.471124564900805, 49.63787394832728, 0.0016000000400000006, 191.29531627811906
2025-03-30 16:09:36,842 - 2025-03-30T16:09:36.842021, 0.574318260033261, 0.0, -3.75794171434464, -101.00521627794637, -31.70903863322256, 49.685608198982344, 0.0016000000400000006, 191.00521627794637
2025-03-30 16:09:36,881 - 2025-03-30T16:09:36.881171, 0.5700927982119279, 0.0, -3.754415317827449, -101.72971627837637, -31.850900190395695, 49.574156929561255, 0.0016000000400000006, 191.72971627837637
2025-03-30 16:09:36,921 - 2025-03-30T16:09:36.921077, 0.5648146943239252, 0.0, -3.753707066920314, -101.8550162784503, -32.02452301793785, 49.55606138784456, 0.0016000000400000006, 191.85501627845034
2025-03-30 16:09:36,961 - 2025-03-30T16:09:36.961554, 0.5584295689474246, 0.0, -3.753483071549029, -101.6057162783031, -32.23394854861168, 49.554904307501246, 0.0016000000400000006, 191.6057162783031
2025-03-30 16:09:36,981 - 2025-03-30T16:09:36.981251, 0.5563540363872259, 0.0, -3.7517532841078793, -102.12991627861199, -32.30362817449017, 49.50023736261119, 0.0016000000400000006, 192.12991627861197
2025-03-30 16:09:37,021 - 2025-03-30T16:09:37.021724, 0.5503546906879873, 0.0, -3.750800471859312, -102.47271627881275, -32.50111927886863, 49.4748270796563, 0.0016000000400000006, 192.47271627881275
2025-03-30 16:09:37,060 - 2025-03-30T16:09:37.060951, 0.5448747679357946, 0.0, -3.7489700493315876, -102.51951627884014, -32.68244119766979, 49.42015898325744, 0.0016000000400000006, 192.51951627884014
2025-03-30 16:09:37,102 - 2025-03-30T16:09:37.102572, 0.5392612019138174, 0.0, -3.7472884202057375, -103.17941627922367, -32.86799787575289, 49.37049549769096, 0.0016000000400000006, 193.1794162792237
2025-03-30 16:09:37,141 - 2025-03-30T16:09:37.141031, 0.5341911379965367, 0.0, -3.7464981975316203, -103.15421627920907, -33.03488363859688, 49.34951272478283, 0.0016000000400000006, 193.15421627920907
2025-03-30 16:09:37,181 - 2025-03-30T16:09:37.181945, 0.5279169306916844, 0.0, -3.7457017537509727, -103.50831627941355, -33.24122918731447, 49.3294919784356, 0.0016000000400000006, 193.50831627941355
2025-03-30 16:09:37,240 - 2025-03-30T16:09:37.240871, 0.5216186442291817, 0.0, -3.743136293239435, -103.65021627949514, -33.450076465693876, 49.25153270598602, 0.0016000000400000006, 193.65021627949514
2025-03-30 16:09:37,303 - 2025-03-30T16:09:37.303476, 0.5140859141149265, 0.0, -3.7399997382780494, -104.19381627980648, -33.699923233047805, 49.15605671986862, 0.0016000000400000006, 194.19381627980647
2025-03-30 16:09:37,361 - 2025-03-30T16:09:37.361170, 0.5063678692280855, 0.0, -3.7373688100911346, -104.5313162799986, -33.95535228777419, 49.077327020114204, 0.0016000000400000006, 194.5313162799986
2025-03-30 16:09:37,401 - 2025-03-30T16:09:37.401830, 0.5009106716740281, 0.0, -3.735962042570898, -104.84581628017683, -34.13551942924967, 49.036517978886856, 0.0016000000400000006, 194.84581628017685
2025-03-30 16:09:37,421 - 2025-03-30T16:09:37.421739, 0.4990734793487319, 0.0, -3.7347151567060832, -105.47131628052911, -34.19692228732907, 48.997442543034055, 0.0016000000400000006, 195.4713162805291
2025-03-30 16:09:37,464 - 2025-03-30T16:09:37.464366, 0.4935356639872066, 0.0, -3.7344457109385276, -105.05641628029578, -34.37862970765987, 48.99397590803937, 0.0016000000400000006, 195.05641628029576
2025-03-30 16:09:37,481 - 2025-03-30T16:09:37.481078, 0.4922922913098948, 0.0, -3.732388036429448, -105.77671628070006, -34.421361074745725, 48.927760038383575, 0.0016000000400000006, 195.77671628070007
2025-03-30 16:09:37,522 - 2025-03-30T16:09:37.522126, 0.4858038229277897, 0.0, -3.732877707803355, -105.20671628038046, -34.633481661600605, 48.95008630910136, 0.0016000000400000006, 195.20671628038048
2025-03-30 16:09:37,565 - 2025-03-30T16:09:37.565084, 0.48164518274134904, 0.0, -3.7292769145852267, -106.29451628098832, -34.77322583913275, 48.836132734264076, 0.0016000000400000006, 196.29451628098832
2025-03-30 16:09:37,621 - 2025-03-30T16:09:37.621218, 0.47539856778164813, 0.0, -3.7263546207010934, -106.98301628136859, -34.98072558942165, 48.74643178628395, 0.0016000000400000006, 196.98301628136858
2025-03-30 16:09:37,662 - 2025-03-30T16:09:37.662613, 0.4669998643328239, 0.0, -3.7268759462986942, -106.28501628098302, -35.25540438743603, 48.771644712438764, 0.0016000000400000006, 196.28501628098303
2025-03-30 16:09:37,682 - 2025-03-30T16:09:37.682275, 0.46554087661874544, 0.0, -3.7247590252207683, -106.94181628134588, -35.305257744995274, 48.70369638891722, 0.0016000000400000006, 196.9418162813459
2025-03-30 16:09:37,701 - 2025-03-30T16:09:37.701012, 0.4636733840292684, 0.0, -3.722947266012637, -107.71931628177151, -35.36820030617561, 48.646142212835734, 0.0016000000400000006, 197.7193162817715
2025-03-30 16:09:37,741 - 2025-03-30T16:09:37.741566, 0.45814178977427433, 0.0, -3.7214736768575083, -107.4895162816462, -35.55086975306727, 48.60321579196742, 0.0016000000400000006, 197.48951628164622
2025-03-30 16:09:37,763 - 2025-03-30T16:09:37.763035, 0.4559691353150037, 0.0, -3.7192534127739787, -108.03261628194183, -35.62420646168763, 48.532572412264855, 0.0016000000400000006, 198.03261628194184
2025-03-30 16:09:37,802 - 2025-03-30T16:09:37.802033, 0.4491452047989237, 0.0, -3.71876970592917, -108.05201628195239, -35.84826089908348, 48.5233307391329, 0.0016000000400000006, 198.05201628195238
2025-03-30 16:09:37,821 - 2025-03-30T16:09:37.821734, 0.4471881653764198, 0.0, -3.716608688414488, -108.55241628222288, -35.91447561723045, 48.454419813296084, 0.0016000000400000006, 198.55241628222288
2025-03-30 16:09:37,861 - 2025-03-30T16:09:37.861256, 0.4406025750952418, 0.0, -3.716607883146014, -107.92941628188578, -36.130253286827234, 48.46076964920137, 0.0016000000400000006, 197.92941628188578
2025-03-30 16:09:37,881 - 2025-03-30T16:09:37.881765, 0.4390616156141811, 0.0, -3.7142829220973663, -108.86001628238839, -36.18299387557791, 48.38608426098168, 0.0016000000400000006, 198.8600162823884
2025-03-30 16:09:37,922 - 2025-03-30T16:09:37.922204, 0.4328618050102655, 0.0, -3.7135532999516108, -109.19921628257012, -36.3868371188793, 48.36818089427541, 0.0016000000400000006, 199.19921628257012
2025-03-30 16:09:37,961 - 2025-03-30T16:09:37.961669, 0.42997412984628847, 0.0, -3.709884331139076, -109.76991628287418, -36.4850041308969, 48.25076298746104, 0.0016000000400000006, 199.7699162828742
2025-03-30 16:09:38,002 - 2025-03-30T16:09:38.002034, 0.4237894693744635, 0.0, -3.709437145664979, -109.25981628260251, -36.688077522647816, 48.24209899086911, 0.0016000000400000006, 199.25981628260251
2025-03-30 16:09:38,021 - 2025-03-30T16:09:38.021280, 0.42273898653578224, 0.0, -3.707015062717259, -109.83071628290644, -36.72484167658601, 48.16375651990754, 0.0016000000400000006, 199.83071628290648
2025-03-30 16:09:38,061 - 2025-03-30T16:09:38.060987, 0.4163828074639473, 0.0, -3.7060105789658895, -110.0358162830151, -36.93407445649504, 48.13699870886212, 0.0016000000400000006, 200.0358162830151
2025-03-30 16:09:38,103 - 2025-03-30T16:09:38.102959, 0.4123881108114711, 0.0, -3.702825865689204, -110.67411628335157, -37.06804417164434, 48.03651926342113, 0.0016000000400000006, 200.67411628335157
2025-03-30 16:09:38,141 - 2025-03-30T16:09:38.141676, 0.4062399717103573, 0.0, -3.7017394101708523, -110.53771628327986, -37.27053988685522, 48.0068742211843, 0.0016000000400000006, 200.53771628327988
2025-03-30 16:09:38,182 - 2025-03-30T16:09:38.182037, 0.40257180816629656, 0.0, -3.6980414950536518, -111.45031628375725, -37.39430762957488, 47.88926356360512, 0.0016000000400000006, 201.45031628375725
2025-03-30 16:09:38,221 - 2025-03-30T16:09:38.221398, 0.3962080540284165, 0.0, -3.6968957929664525, -111.2569162836565, -37.60392533525914, 47.85788606750253, 0.0016000000400000006, 201.2569162836565
2025-03-30 16:09:38,241 - 2025-03-30T16:09:38.240981, 0.39439980800778685, 0.0, -3.6948684187215544, -112.15971628412474, -37.66513544257373, 47.79320990094767, 0.0016000000400000006, 202.15971628412476
2025-03-30 16:09:38,281 - 2025-03-30T16:09:38.281155, 0.38812560070293367, 0.0, -3.6940719749409063, -111.51381628379026, -37.871480991291335, 47.77318915460041, 0.0016000000400000006, 201.51381628379028
2025-03-30 16:09:38,320 - 2025-03-30T16:09:38.320923, 0.38335799073641885, 0.0, -3.690999533695384, -112.26111628417704, -38.030666511367485, 47.67713664345178, 0.0016000000400000006, 202.26111628417704
2025-03-30 16:09:38,382 - 2025-03-30T16:09:38.382438, 0.3758466318607847, 0.0, -3.686941272018085, -112.5222162843114, -38.28070545373183, 47.55144024157511, 0.0016000000400000006, 202.5222162843114
2025-03-30 16:09:38,401 - 2025-03-30T16:09:38.401801, 0.37327304759216196, 0.0, -3.685167388140179, -113.07501628459443, -38.366746440198014, 47.49581069436977, 0.0016000000400000006, 203.07501628459443
2025-03-30 16:09:38,441 - 2025-03-30T16:09:38.441740, 0.367837221276726, 0.0, -3.682838913904029, -113.33981628472937, -38.54710575668389, 47.42478123738317, 0.0016000000400000006, 203.33981628472935
2025-03-30 16:09:38,500 - 2025-03-30T16:09:38.500852, 0.3604305593662094, 0.0, -3.67941234720494, -114.16761628514864, -38.79310269053113, 47.3196809553762, 0.0016000000400000006, 204.16761628514865
2025-03-30 16:09:38,561 - 2025-03-30T16:09:38.561338, 0.3537816606376416, 0.0, -3.6755910718030282, -114.41201628527168, -39.014653671001966, 47.200914368962486, 0.0016000000400000006, 204.41201628527168
2025-03-30 16:09:38,601 - 2025-03-30T16:09:38.601023, 0.34937845910976817, 0.0, -3.6727115203961374, -114.93301628553284, -39.16171258977231, 47.11082907096155, 0.0016000000400000006, 204.93301628553286
2025-03-30 16:09:38,661 - 2025-03-30T16:09:38.661726, 0.34246227384163186, 0.0, -3.6691878317979754, -115.43581628578336, -39.39173308880704, 47.00207170621269, 0.0016000000400000006, 205.43581628578337
2025-03-30 16:09:38,721 - 2025-03-30T16:09:38.721523, 0.33559018501025273, 0.0, -3.6651660914913875, -115.99991628606288, -39.62079098552646, 46.87695298087607, 0.0016000000400000006, 205.99991628606293
2025-03-30 16:09:38,782 - 2025-03-30T16:09:38.782408, 0.32796655410345554, 0.0, -3.66033491650005, -116.73081628642247, -39.87525686218317, 46.72604077407256, 0.0016000000400000006, 206.73081628642245
2025-03-30 16:09:38,820 - 2025-03-30T16:09:38.820919, 0.3229757540341285, 0.0, -3.657062010349851, -117.26591628668398, -40.041949298507944, 46.62363612400099, 0.0016000000400000006, 207.265916286684
2025-03-30 16:09:38,861 - 2025-03-30T16:09:38.861120, 0.3175537238912689, 0.0, -3.6536706110619583, -117.83571628696075, -40.22288571577945, 46.51776656619795, 0.0016000000400000006, 207.83571628696075
2025-03-30 16:09:38,900 - 2025-03-30T16:09:38.900839, 0.31241413042006716, 0.0, -3.650264061641976, -118.35651628721232, -40.394582762936636, 46.41112715684445, 0.0016000000400000006, 208.35651628721232
2025-03-30 16:09:38,941 - 2025-03-30T16:09:38.941168, 0.3073565087158481, 0.0, -3.647065552192714, -118.89421628747061, -40.563392578902366, 46.31122481218909, 0.0016000000400000006, 208.8942162874706
2025-03-30 16:09:38,981 - 2025-03-30T16:09:38.981820, 0.30264814531818063, 0.0, -3.6437774959104257, -119.42591628772456, -40.72084564511276, 46.208050310567074, 0.0016000000400000006, 209.42591628772456
2025-03-30 16:09:39,021 - 2025-03-30T16:09:39.021208, 0.2977241668837456, 0.0, -3.64043019305929, -119.91861628795871, -40.885420701796555, 46.103143355079325, 0.0016000000400000006, 209.9186162879587
2025-03-30 16:09:39,062 - 2025-03-30T16:09:39.062734, 0.29316459688795193, 0.0, -3.637275780046785, -120.5062162882364, -41.037869157174555, 46.004203612739246, 0.0016000000400000006, 210.5062162882364
2025-03-30 16:09:39,100 - 2025-03-30T16:09:39.100912, 0.2887462452279874, 0.0, -3.634113791968236, -121.13811628853328, -41.1856979274954, 45.90487894462397, 0.0016000000400000006, 211.1381162885333
2025-03-30 16:09:39,162 - 2025-03-30T16:09:39.162690, 0.28231160757667206, 0.0, -3.62900640141177, -121.97681628892447, -41.40147386982895, 45.74376534114522, 0.0016000000400000006, 211.97681628892445
2025-03-30 16:09:39,201 - 2025-03-30T16:09:39.201225, 0.2786661692307466, 0.0, -3.6257321413020573, -122.64581628923415, -41.524086835222924, 45.64001373873756, 0.0016000000400000006, 212.64581628923415
2025-03-30 16:09:39,241 - 2025-03-30T16:09:39.241418, 0.27465632244618066, 0.0, -3.6222649913537133, -123.29251628953173, -41.65882640192267, 45.530294923182204, 0.0016000000400000006, 213.29251628953173
2025-03-30 16:09:39,280 - 2025-03-30T16:09:39.280763, 0.2705872290927669, 0.0, -3.619013456442136, -123.95191628983324, -41.79529842248817, 45.427698098100244, 0.0016000000400000006, 213.95191628983324
2025-03-30 16:09:39,322 - 2025-03-30T16:09:39.322008, 0.26677784721287656, 0.0, -3.6153231163909805, -124.56561629011229, -41.92368585026502, 45.3104723662963, 0.0016000000400000006, 214.5656162901123
2025-03-30 16:09:39,343 - 2025-03-30T16:09:39.343415, 0.2643303311479923, 0.0, -3.61325922077537, -125.05761629033476, -42.00587700322451, 45.245218523201366, 0.0016000000400000006, 215.05761629033475
2025-03-30 16:09:39,381 - 2025-03-30T16:09:39.381324, 0.2604541276332104, 0.0, -3.6096432774251523, -125.83131629068266, -42.136381810642305, 45.130495096813625, 0.0016000000400000006, 215.83131629068265
2025-03-30 16:09:39,421 - 2025-03-30T16:09:39.421239, 0.2564139805844632, 0.0, -3.6056112541334904, -126.60921629103008, -42.272661080442994, 45.00229754102955, 0.0016000000400000006, 216.6092162910301
2025-03-30 16:09:39,461 - 2025-03-30T16:09:39.461041, 0.2523662584696704, 0.0, -3.6014380125059997, -127.3388162913538, -42.40932527601892, 44.86948030018832, 0.0016000000400000006, 217.3388162913538
2025-03-30 16:09:39,501 - 2025-03-30T16:09:39.500986, 0.24831853635487855, 0.0, -3.597264770878509, -128.1462162917096, -42.54598947159482, 44.736663059347094, 0.0016000000400000006, 218.1462162917096
2025-03-30 16:09:39,546 - 2025-03-30T16:09:39.546746, 0.24434521094102335, 0.0, -3.5931583508859104, -128.9271162920514, -42.68015136175454, 44.605963198146846, 0.0016000000400000006, 218.9271162920514
2025-03-30 16:09:39,581 - 2025-03-30T16:09:39.581241, 0.2405055287969522, 0.0, -3.5889031374914375, -129.77511629242014, -42.81007849263231, 44.470258726114196, 0.0016000000400000006, 219.77511629242014
2025-03-30 16:09:39,621 - 2025-03-30T16:09:39.621492, 0.23715632329526182, 0.0, -3.584550802197892, -130.59131629277263, -42.92402918869756, 44.330897171339636, 0.0016000000400000006, 220.59131629277263
2025-03-30 16:09:39,661 - 2025-03-30T16:09:39.661348, 0.2334427093549296, 0.0, -3.580005577065714, -131.43391629313405, -43.05010648606863, 44.18556840341737, 0.0016000000400000006, 221.43391629313405
2025-03-30 16:09:39,701 - 2025-03-30T16:09:39.701273, 0.22987788881647253, 0.0, -3.575593995203322, -132.24581629348006, -43.17117917260727, 44.044474394777076, 0.0016000000400000006, 222.24581629348006
2025-03-30 16:09:39,740 - 2025-03-30T16:09:39.740917, 0.2263130682780159, 0.0, -3.571182413340929, -133.01211629380467, -43.292251859145885, 43.90338038613677, 0.0016000000400000006, 223.01211629380467
2025-03-30 16:09:39,781 - 2025-03-30T16:09:39.781703, 0.22297901290841482, 0.0, -3.567112514719042, -133.86631629416428, -43.40543270366071, 43.77325820147657, 0.0016000000400000006, 223.8663162941643
2025-03-30 16:09:39,821 - 2025-03-30T16:09:39.821401, 0.21991981914442826, 0.0, -3.562886247629235, -134.67331629450194, -43.50975910383638, 43.63774648020873, 0.0016000000400000006, 224.67331629450194
2025-03-30 16:09:39,861 - 2025-03-30T16:09:39.861828, 0.21692744701533373, 0.0, -3.558585583838491, -135.33521629477744, -43.61196812437108, 43.49973245352468, 0.0016000000400000006, 225.33521629477744
2025-03-30 16:09:39,900 - 2025-03-30T16:09:39.900871, 0.21366021328062468, 0.0, -3.554441288515666, -136.01071629505722, -43.72303158924494, 43.36710796344826, 0.0016000000400000006, 226.01071629505722
2025-03-30 16:09:39,920 - 2025-03-30T16:09:39.920863, 0.2120524321646715, 0.0, -3.5521907241679562, -136.49911629525866, -43.77788955763659, 43.294924880644786, 0.0016000000400000006, 226.4991162952587
2025-03-30 16:09:39,961 - 2025-03-30T16:09:39.961731, 0.20877762336391825, 0.0, -3.5479052105093025, -137.291416295584, -43.88933794828564, 43.15768070551119, 0.0016000000400000006, 227.291416295584
2025-03-30 16:09:40,000 - 2025-03-30T16:09:40.000825, 0.2057108545338857, 0.0, -3.5435377250836666, -138.09451629591203, -43.99404927423657, 43.01754929918618, 0.0016000000400000006, 228.09451629591206
2025-03-30 16:09:40,041 - 2025-03-30T16:09:40.041878, 0.20291137224342304, 0.0, -3.5388726528542813, -138.76391629618408, -44.09029108162356, 42.86740867119635, 0.0016000000400000006, 228.76391629618408
2025-03-30 16:09:40,081 - 2025-03-30T16:09:40.081743, 0.199978246683175, 0.0, -3.534356374026771, -139.56931629650978, -44.19076764829254, 42.72227265403893, 0.0016000000400000006, 229.56931629650978
2025-03-30 16:09:40,121 - 2025-03-30T16:09:40.121019, 0.19717118932666633, 0.0, -3.5295500834615563, -140.37421629683368, -44.28739438145479, 42.567512340991904, 0.0016000000400000006, 230.37421629683368
2025-03-30 16:09:40,141 - 2025-03-30T16:09:40.141409, 0.19555583314466807, 0.0, -3.5271583007780167, -140.8834162970377, -44.34263727562168, 42.490709573131255, 0.0016000000400000006, 230.8834162970377
2025-03-30 16:09:40,184 - 2025-03-30T16:09:40.184566, 0.19259998238628429, 0.0, -3.522218366943018, -141.64811629734294, -44.44426861961635, 42.33171450080228, 0.0016000000400000006, 231.64811629734297
2025-03-30 16:09:40,221 - 2025-03-30T16:09:40.221037, 0.18977777489768544, 0.0, -3.5171296397061447, -142.2990162976016, -44.54166520432906, 42.16771481764092, 0.0016000000400000006, 232.29901629760164
2025-03-30 16:09:40,261 - 2025-03-30T16:09:40.261222, 0.18688874577419368, 0.0, -3.512115309170209, -142.95881629786277, -44.64117916868276, 42.006217439895785, 0.0016000000400000006, 232.95881629786277
2025-03-30 16:09:40,281 - 2025-03-30T16:09:40.281210, 0.18527338959219586, 0.0, -3.5097235264866695, -143.5228162980853, -44.69642206284963, 41.929414672035115, 0.0016000000400000006, 233.52281629808533
2025-03-30 16:09:40,320 - 2025-03-30T16:09:40.320783, 0.18272604370920975, 0.0, -3.5044784307818766, -144.32111629839895, -44.78496420322324, 41.76002545226611, 0.0016000000400000006, 234.32111629839895
2025-03-30 16:09:40,361 - 2025-03-30T16:09:40.361335, 0.18038673779694614, 0.0, -3.4991513633101015, -145.11661629871008, -44.86676927889867, 41.58774900130569, 0.0016000000400000006, 235.11661629871008
2025-03-30 16:09:40,400 - 2025-03-30T16:09:40.400899, 0.17776499521302336, 0.0, -3.4938394459704165, -145.90361629901662, -44.957813724688464, 41.41624240189571, 0.0016000000400000006, 235.90361629901665
2025-03-30 16:09:40,441 - 2025-03-30T16:09:40.441246, 0.1755593325705438, 0.0, -3.4883635850967663, -146.5557162992696, -45.035384041081954, 41.238961340102854, 0.0016000000400000006, 236.5557162992696
2025-03-30 16:09:40,484 - 2025-03-30T16:09:40.484777, 0.17321245159223464, 0.0, -3.482895299289162, -147.1714162995077, -45.117574042532624, 41.06206520408526, 0.0016000000400000006, 237.1714162995077
2025-03-30 16:09:40,521 - 2025-03-30T16:09:40.521113, 0.17066510570924853, 0.0, -3.4776502035843686, -147.92521629979817, -45.206116182906236, 40.89267598431624, 0.0016000000400000006, 237.9252162997982
2025-03-30 16:09:40,562 - 2025-03-30T16:09:40.562103, 0.16824382803000226, 0.0, -3.472115096141872, -148.63131630006924, -45.290808489773106, 40.71366246865765, 0.0016000000400000006, 238.63131630006924
2025-03-30 16:09:40,601 - 2025-03-30T16:09:40.601045, 0.16597134375263023, 0.0, -3.46671363196916, -149.18831630028237, -45.370496185807575, 40.538883712281034, 0.0016000000400000006, 239.18831630028237
2025-03-30 16:09:40,621 - 2025-03-30T16:09:40.621148, 0.16489813571581324, 0.0, -3.4638678940139513, -149.69721630047667, -45.40841511707147, 40.44668218614791, 0.0016000000400000006, 239.69721630047667
2025-03-30 16:09:40,661 - 2025-03-30T16:09:40.661410, 0.1625512547375041, 0.0, -3.458399608206347, -150.31391630071144, -45.49060511852214, 40.269786050130314, 0.0016000000400000006, 240.31391630071144
2025-03-30 16:09:40,701 - 2025-03-30T16:09:40.701383, 0.16054605699970104, 0.0, -3.4527005572298854, -150.9375163009482, -45.56182329599271, 40.08499807208885, 0.0016000000400000006, 240.93751630094823
2025-03-30 16:09:40,743 - 2025-03-30T16:09:40.743718, 0.15817022971672579, 0.0, -3.4480127598023644, -151.42741630113372, -45.64420604820819, 39.93370266677331, 0.0016000000400000006, 241.4274163011337
2025-03-30 16:09:40,800 - 2025-03-30T16:09:40.800830, 0.15538454359883813, 0.0, -3.442284762521237, -151.92111630132027, -45.741024956380855, 39.74872193796707, 0.0016000000400000006, 241.92111630132027
2025-03-30 16:09:40,921 - 2025-03-30T16:09:40.921285, 0.15308933412332992, 0.0, -3.436459643341036, -152.39821630150016, -45.82186742974104, 39.56008412641888, 0.0016000000400000006, 242.39821630150016
2025-03-30 16:09:41,001 - 2025-03-30T16:09:41.001095, 0.15175235273444754, 0.0, -3.4300166253552025, -152.9474163017068, -45.87191181080189, 39.35027309421541, 0.0016000000400000006, 242.94741630170682
2025-03-30 16:09:41,044 - 2025-03-30T16:09:41.044160, 0.15034990367018697, 0.0, -3.424993365793707, -153.40141630187725, -45.92272661916761, 39.18704383835891, 0.0016000000400000006, 243.40141630187725
2025-03-30 16:09:41,080 - 2025-03-30T16:09:41.080813, 0.14928913784643294, 0.0, -3.4197393410633543, -153.92131630207203, -45.96256960355322, 39.015922740478565, 0.0016000000400000006, 243.92131630207203
2025-03-30 16:09:41,121 - 2025-03-30T16:09:41.121370, 0.1452538579447018, 0.0, -3.4131578126607196, -154.5252163022978, -46.1011578522509, 38.80418592789011, 0.0016000000400000006, 244.5252163022978
2025-03-30 16:09:41,162 - 2025-03-30T16:09:41.162035, 0.14277197973709432, 0.0, -3.406492958531588, -154.9702163024638, -46.18892956531961, 38.58821493177411, 0.0016000000400000006, 244.9702163024638
2025-03-30 16:09:41,200 - 2025-03-30T16:09:41.200832, 0.13984372132386325, 0.0, -3.3994271745931037, -155.63771630271228, -46.291715110885555, 38.359539657812284, 0.0016000000400000006, 245.63771630271228
2025-03-30 16:09:41,242 - 2025-03-30T16:09:41.242464, 0.13736184311625532, 0.0, -3.392762320463973, -156.32241630296653, -46.37948682395428, 38.143568661696314, 0.0016000000400000006, 246.32241630296653
2025-03-30 16:09:41,281 - 2025-03-30T16:09:41.281163, 0.13511073007750474, 0.0, -3.386439149575347, -156.83001630315457, -46.45936669499916, 37.938569489560415, 0.0016000000400000006, 246.83001630315457
2025-03-30 16:09:41,321 - 2025-03-30T16:09:41.321293, 0.1328747671708439, 0.0, -3.3803984153583793, -157.49821630340162, -46.53847671449359, 37.742809687538845, 0.0016000000400000006, 247.4982163034016
2025-03-30 16:09:41,360 - 2025-03-30T16:09:41.360890, 0.13107003433771647, 0.0, -3.3744761742791063, -158.02901630359747, -46.60334275304126, 37.55051479324879, 0.0016000000400000006, 248.0290163035975
2025-03-30 16:09:41,401 - 2025-03-30T16:09:41.401409, 0.12943682010459945, 0.0, -3.3691112314771052, -158.41401630373932, -46.66204940343081, 37.37631371341221, 0.0016000000400000006, 248.41401630373932
2025-03-30 16:09:41,444 - 2025-03-30T16:09:41.444896, 0.12750601906773262, 0.0, -3.363479002135535, -158.85581630390183, -46.730765275485204, 37.1936431150117, 0.0016000000400000006, 248.85581630390183
2025-03-30 16:09:41,501 - 2025-03-30T16:09:41.501536, 0.12552219256855013, 0.0, -3.3568582444431603, -159.2746163040557, -46.8021756279662, 36.978634721210994, 0.0016000000400000006, 249.27461630405574
2025-03-30 16:09:41,561 - 2025-03-30T16:09:41.561291, 0.12381322767498171, 0.0, -3.3500811182828665, -159.90381630428644, -46.86473153610805, 36.75823679080267, 0.0016000000400000006, 249.9038163042864
2025-03-30 16:09:41,621 - 2025-03-30T16:09:41.621104, 0.12215593428421467, 0.0, -3.3429471587499755, -160.46111630449045, -46.925939916159415, 36.526097184863744, 0.0016000000400000006, 250.46111630449045
2025-03-30 16:09:41,661 - 2025-03-30T16:09:41.661445, 0.12117714022744197, 0.0, -3.3379011739903444, -160.84021630462905, -46.962895669353614, 36.36171315168154, 0.0016000000400000006, 250.84021630462905
2025-03-30 16:09:41,701 - 2025-03-30T16:09:41.701771, 0.12005712783484102, 0.0, -3.3328627642967588, -161.26861630478547, -47.004471107604964, 36.19771404427458, 0.0016000000400000006, 251.26861630478544
2025-03-30 16:09:41,741 - 2025-03-30T16:09:41.741053, 0.11842391360172355, 0.0, -3.3274978214947577, -161.71691630494894, -47.06317775799453, 36.023512964438005, 0.0016000000400000006, 251.7169163049489
2025-03-30 16:09:41,780 - 2025-03-30T16:09:41.780814, 0.117347997645878, 0.0, -3.3219613600927467, -162.15191630510736, -47.10379059393063, 35.84315249644331, 0.0016000000400000006, 252.1519163051074
2025-03-30 16:09:41,822 - 2025-03-30T16:09:41.822295, 0.11605646665326619, 0.0, -3.3163656521218883, -162.50661630523643, -47.15152542034011, 35.661059574582865, 0.0016000000400000006, 252.50661630523643
2025-03-30 16:09:41,861 - 2025-03-30T16:09:41.861209, 0.1147056890918079, 0.0, -3.3109855591877975, -162.92801630538958, -47.20099270061531, 35.48608864319584, 0.0016000000400000006, 252.92801630538958
2025-03-30 16:09:41,902 - 2025-03-30T16:09:41.902514, 0.11362977313596234, 0.0, -3.305449097785786, -163.265216305512, -47.24160553655141, 35.30572817520113, 0.0016000000400000006, 253.265216305512
2025-03-30 16:09:41,943 - 2025-03-30T16:09:41.942719, 0.11204823040564715, 0.0, -3.299727321611189, -163.6994163056695, -47.29896465885045, 35.11978541983399, 0.0016000000400000006, 253.6994163056695
2025-03-30 16:09:41,981 - 2025-03-30T16:09:41.981414, 0.1113215727563528, 0.0, -3.2941013133761508, -164.18721630584625, -47.32822074503122, 34.93615279487264, 0.0016000000400000006, 254.18721630584625
2025-03-30 16:09:42,024 - 2025-03-30T16:09:42.024616, 0.11029732830330952, 0.0, -3.2882080186015434, -164.57511630598663, -47.36748605287679, 34.744050651347386, 0.0016000000400000006, 254.57511630598663
2025-03-30 16:09:42,060 - 2025-03-30T16:09:42.060960, 0.10951142408516867, 0.0, -3.282797625403272, -164.96821630612874, -47.398474592923286, 34.56754001685942, 0.0016000000400000006, 254.96821630612874
2025-03-30 16:09:42,101 - 2025-03-30T16:09:42.101431, 0.1083686864944311, 0.0, -3.2773355607021983, -165.4609163063067, -47.44120480850036, 34.389681854280944, 0.0016000000400000006, 255.4609163063067
2025-03-30 16:09:42,140 - 2025-03-30T16:09:42.140952, 0.10721079877160422, 0.0, -3.2715910593294657, -165.82921630643963, -47.48470487562786, 34.2025843215881, 0.0016000000400000006, 255.82921630643963
2025-03-30 16:09:42,181 - 2025-03-30T16:09:42.181009, 0.10656611288929208, 0.0, -3.2661730910651476, -166.23111630658454, -47.5110737306172, 34.025688761324865, 0.0016000000400000006, 256.23111630658457
2025-03-30 16:09:42,221 - 2025-03-30T16:09:42.221600, 0.10569823690416813, 0.0, -3.2605546578961553, -166.70411630675494, -47.54494950185515, 33.842441062138775, 0.0016000000400000006, 256.70411630675494
2025-03-30 16:09:42,261 - 2025-03-30T16:09:42.261027, 0.10506112608790152, 0.0, -3.255277907967667, -167.0577163068822, -47.57093343106925, 33.67016518693273, 0.0016000000400000006, 257.0577163068822
2025-03-30 16:09:42,301 - 2025-03-30T16:09:42.301220, 0.10455765854141896, 0.0, -3.249852364637305, -167.5251163070503, -47.5926826010014, 33.49288470089431, 0.0016000000400000006, 257.5251163070503
2025-03-30 16:09:42,340 - 2025-03-30T16:09:42.340843, 0.10383857595816925, 0.0, -3.244367574738096, -167.9011163071854, -47.62155376140695, 33.31387176099013, 0.0016000000400000006, 257.90111630718536
2025-03-30 16:09:42,381 - 2025-03-30T16:09:42.381162, 0.10340950511262514, 0.0, -3.239008853042625, -168.236816307306, -47.640800625922864, 33.13870865459265, 0.0016000000400000006, 258.23681630730596
2025-03-30 16:09:42,421 - 2025-03-30T16:09:42.421901, 0.10289846250009704, 0.0, -3.2334420913764337, -168.67341630746265, -47.662934721630265, 32.956808483497056, 0.0016000000400000006, 258.6734163074626
2025-03-30 16:09:42,461 - 2025-03-30T16:09:42.461519, 0.10232817331872246, 0.0, -3.2280909447470085, -169.0664163076036, -47.686801271203386, 32.78203030287481, 0.0016000000400000006, 259.0664163076036
2025-03-30 16:09:42,501 - 2025-03-30T16:09:42.501558, 0.10168348743641031, 0.0, -3.2226729764826914, -169.45231630774185, -47.71317012619273, 32.605134742611604, 0.0016000000400000006, 259.45231630774185
2025-03-30 16:09:42,542 - 2025-03-30T16:09:42.542640, 0.10147003162763157, 0.0, -3.217373501356068, -169.87861630789456, -47.7252950002353, 32.43170409007988, 0.0016000000400000006, 259.87861630789456
2025-03-30 16:09:42,580 - 2025-03-30T16:09:42.580907, 0.10090731751230253, 0.0, -3.2121635730624725, -170.38991630807755, -47.74877662403318, 32.26154559451483, 0.0016000000400000006, 260.38991630807755
2025-03-30 16:09:42,621 - 2025-03-30T16:09:42.621542, 0.10026263162999038, 0.0, -3.2067456047981553, -170.68141630818178, -47.77514547902252, 32.084650034251624, 0.0016000000400000006, 260.6814163081818
2025-03-30 16:09:42,661 - 2025-03-30T16:09:42.661225, 0.10004160075516655, 0.0, -3.2013049113357024, -171.08141630832478, -47.78765527884032, 31.906599696662713, 0.0016000000400000006, 261.0814163083248
2025-03-30 16:09:42,701 - 2025-03-30T16:09:42.701211, 0.09975374824545069, 0.0, -3.195938614574188, -171.6732163085362, -47.80228245829909, 31.731051664490042, 0.0016000000400000006, 261.6732163085362
2025-03-30 16:09:42,743 - 2025-03-30T16:09:42.743136, 0.0993171023338606, 0.0, -3.190438674542888, -172.1337163087006, -47.82191424859026, 31.5512688730354, 0.0016000000400000006, 262.1337163087006
2025-03-30 16:09:42,781 - 2025-03-30T16:09:42.780966, 0.09894727805716252, 0.0, -3.1848643378106516, -172.48461630882582, -47.83942865924046, 31.368983776164562, 0.0016000000400000006, 262.4846163088258
2025-03-30 16:09:42,820 - 2025-03-30T16:09:42.820941, 0.09851063214557199, 0.0, -3.1793643977793518, -173.00011630900968, -47.85906044953165, 31.18920098470992, 0.0016000000400000006, 263.0001163090097
2025-03-30 16:09:42,861 - 2025-03-30T16:09:42.861166, 0.09856446287636134, 0.0, -3.173767335848979, -173.36271630913896, -47.86271580501034, 31.005761110513372, 0.0016000000400000006, 263.36271630913893
2025-03-30 16:09:42,901 - 2025-03-30T16:09:42.901013, 0.0984619251392318, 0.0, -3.1678954123129937, -173.77911630928733, -47.87176069709665, 30.813466791977717, 0.0016000000400000006, 263.77911630928736
2025-03-30 16:09:42,942 - 2025-03-30T16:09:42.942821, 0.09822574413231733, 0.0, -3.162172282178882, -174.19211630943445, -47.88504034846491, 30.626177084274453, 0.0016000000400000006, 264.19211630943454
2025-03-30 16:09:42,980 - 2025-03-30T16:09:42.980971, 0.09820517816217, 0.0, -3.1565083986136173, -174.64701630959644, -47.8911980093598, 30.44061983043694, 0.0016000000400000006, 264.64701630959644
2025-03-30 16:09:43,021 - 2025-03-30T16:09:43.021725, 0.09796899715525553, 0.0, -3.150785268479506, -175.03041630973294, -47.90447766072807, 30.25333012273369, 0.0016000000400000006, 265.0304163097329
2025-03-30 16:09:43,060 - 2025-03-30T16:09:43.060853, 0.09789675968230638, 0.0, -3.1454782182868377, -175.29211630982607, -47.91198284971345, 30.07951454442674, 0.0016000000400000006, 265.29211630982604
2025-03-30 16:09:43,101 - 2025-03-30T16:09:43.100971, 0.09782452220935722, 0.0, -3.1401711680941693, -175.67921630996378, -47.919488038698844, 29.90569896611979, 0.0016000000400000006, 265.67921630996375
2025-03-30 16:09:43,141 - 2025-03-30T16:09:43.141666, 0.09783425650339028, 0.0, -3.135072157872223, -175.94341631005773, -47.924105996492806, 29.738620452511007, 0.0016000000400000006, 265.9434163100577
2025-03-30 16:09:43,180 - 2025-03-30T16:09:43.180779, 0.09803688063605476, 0.0, -3.1296087392116343, -176.36951631020932, -47.92275674113907, 29.559415337596388, 0.0016000000400000006, 266.3695163102093
2025-03-30 16:09:43,220 - 2025-03-30T16:09:43.220967, 0.09802388973195209, 0.0, -3.124086073982199, -176.7171163103329, -47.92852947625873, 29.378477768816058, 0.0016000000400000006, 266.7171163103329
2025-03-30 16:09:43,260 - 2025-03-30T16:09:43.260924, 0.09829333549950858, 0.0, -3.118548258620674, -177.11141631047306, -47.92506284126403, 29.19677034848526, 0.0016000000400000006, 267.11141631047303
2025-03-30 16:09:43,301 - 2025-03-30T16:09:43.301248, 0.09857035633311018, 0.0, -3.113151661594978, -177.48761631060677, -47.92121128049409, 29.01968261321166, 0.0016000000400000006, 267.48761631060677
2025-03-30 16:09:43,341 - 2025-03-30T16:09:43.341415, 0.09878055553181975, 0.0, -3.1078294612702195, -177.634616310659, -47.919477099365125, 28.84509718335424, 0.0016000000400000006, 267.634616310659
2025-03-30 16:09:43,381 - 2025-03-30T16:09:43.381005, 0.09899075473052887, 0.0, -3.102507260945461, -177.96111631077503, -47.91774291823618, 28.670511753496836, 0.0016000000400000006, 267.961116310775
2025-03-30 16:09:43,420 - 2025-03-30T16:09:43.420923, 0.09904458546131822, 0.0, -3.0969101990150882, -178.37541631092228, -47.92139827371487, 28.487071879300288, 0.0016000000400000006, 268.3754163109223
2025-03-30 16:09:43,461 - 2025-03-30T16:09:43.461762, 0.09917281289304558, 0.0, -3.0913799587196085, -178.65741631102244, -47.922551323777334, 28.30574938474473, 0.0016000000400000006, 268.6574163110224
2025-03-30 16:09:43,500 - 2025-03-30T16:09:43.500921, 0.099501505229449, 0.0, -3.085626528321317, -178.90071631110888, -47.91735223491688, 28.116919973940565, 0.0016000000400000006, 268.9007163111089
2025-03-30 16:09:43,541 - 2025-03-30T16:09:43.541540, 0.09961458252908573, 0.0, -3.0798138513541775, -179.16391631120237, -47.919275136529826, 27.926358109270637, 0.0016000000400000006, 269.16391631120234
2025-03-30 16:09:43,581 - 2025-03-30T16:09:43.581118, 0.09974280996081264, 0.0, -3.0742836110586973, -179.49261631131915, -47.920428186592304, 27.74503561471508, 0.0016000000400000006, 269.4926163113191
2025-03-30 16:09:43,621 - 2025-03-30T16:09:43.621229, 0.09992270889534138, 0.0, -3.0683965373906217, -179.76991631141766, -47.92023370856427, 27.551971444628972, 0.0016000000400000006, 269.76991631141766
2025-03-30 16:09:43,663 - 2025-03-30T16:09:43.663245, 0.10046701626851107, 0.0, -3.0627023535611766, 179.8721836884552, -47.90791262923045, 27.36487448769053, 0.0016000000400000006, -89.87218368845521
2025-03-30 16:09:43,701 - 2025-03-30T16:09:43.701036, 0.10072888697002202, 0.0, -3.0570233198638213, 179.64058368837294, -47.904830920010994, 27.178547382302543, 0.0016000000400000006, -89.64058368837294
2025-03-30 16:09:43,742 - 2025-03-30T16:09:43.742658, 0.10106515437247099, 0.0, -3.051411107801359, 179.42738368829717, -47.8992469053753, 26.99433765655555, 0.0016000000400000006, -89.42738368829717
2025-03-30 16:09:43,781 - 2025-03-30T16:09:43.781570, 0.10111898510326034, 0.0, -3.045814045870986, 179.13448368819314, -47.90290226085399, 26.810897782359003, 0.0016000000400000006, -89.13448368819314
2025-03-30 16:09:43,821 - 2025-03-30T16:09:43.821666, 0.10161162097362864, 0.0, -3.040476695414138, 178.96288368813217, -47.891928709610674, 26.63554250095114, 0.0016000000400000006, -88.96288368813217
2025-03-30 16:09:43,861 - 2025-03-30T16:09:43.861474, 0.10211183191004158, 0.0, -3.0352805632931177, 178.76478368806178, -47.88057023259214, 26.464806904600437, 0.0016000000400000006, -88.76478368806178
2025-03-30 16:09:43,921 - 2025-03-30T16:09:43.921004, 0.10280357872557211, 0.0, -3.028374661010056, 178.45598368795208, -47.86459149476201, 26.237865236013164, 0.0016000000400000006, -88.45598368795208
2025-03-30 16:09:43,983 - 2025-03-30T16:09:43.983730, 0.10316121736664163, 0.0, -3.0218407422316798, 178.2055836878631, -47.85919965513674, 26.023435094506905, 0.0016000000400000006, -88.20558368786311
2025-03-30 16:09:44,261 - 2025-03-30T16:09:44.261820, 0.1040775082444978, 0.0, -3.0164806665766952, 177.861883687741, -47.83436704872191, 25.846925035773328, 0.0016000000400000006, -87.861883687741
2025-03-30 16:09:44,341 - 2025-03-30T16:09:44.341266, 0.10517775993542555, 0.0, -3.0092696024238386, 177.68228368767714, -47.80529910727072, 25.609589219746002, 0.0016000000400000006, -87.68228368767714
2025-03-30 16:09:44,384 - 2025-03-30T16:09:44.383265, 0.10542448050484632, 0.0, -3.0033081320548254, 177.6953836876818, -47.80298724960171, 25.414022744243685, 0.0016000000400000006, -87.69538368768181
2025-03-30 16:09:44,421 - 2025-03-30T16:09:44.421807, 0.10577454407987075, 0.0, -2.99663299494062, 177.43788368759027, -47.79798033575168, 25.194972917680253, 0.0016000000400000006, -87.43788368759027
2025-03-30 16:09:44,463 - 2025-03-30T16:09:44.463310, 0.10615355395956128, 0.0, -2.989177369446331, 177.172583687496, -47.792780671136846, 24.950322360414752, 0.0016000000400000006, -87.172583687496
2025-03-30 16:09:44,500 - 2025-03-30T16:09:44.500907, 0.10659938547414471, 0.0, -2.981647347251104, 176.9511836874173, -47.78546362688101, 24.703169497732997, 0.0016000000400000006, -86.95118368741731
2025-03-30 16:09:44,541 - 2025-03-30T16:09:44.541722, 0.10703006685663707, 0.0, -2.973834888384219, 176.79318368736114, -47.778916434175656, 24.446777264936944, 0.0016000000400000006, -86.79318368736114
2025-03-30 16:09:44,583 - 2025-03-30T16:09:44.583730, 0.1074242268684178, 0.0, -2.9666616995615884, 176.64918368730994, -47.772946918010355, 24.211366077785772, 0.0016000000400000006, -86.64918368730994
2025-03-30 16:09:44,621 - 2025-03-30T16:09:44.621177, 0.10810839861790322, 0.0, -2.9596145789426966, 176.4069836872238, -47.757353105955445, 23.979804724141317, 0.0016000000400000006, -86.4069836872238
2025-03-30 16:09:44,663 - 2025-03-30T16:09:44.663406, 0.10868165229573945, 0.0, -2.953139906733168, 176.28788368718145, -47.744839275856805, 23.767107036500807, 0.0016000000400000006, -86.28788368718145
2025-03-30 16:09:44,701 - 2025-03-30T16:09:44.701655, 0.10915156296797246, 0.0, -2.9473789012688307, 176.09658368711342, -47.735020501939175, 23.5778926999214, 0.0016000000400000006, -86.09658368711342
2025-03-30 16:09:44,742 - 2025-03-30T16:09:44.742056, 0.10956980213740275, 0.0, -2.9419747291770895, 175.957583687064, -47.72654925611209, 23.400420038872543, 0.0016000000400000006, -85.95758368706399
2025-03-30 16:09:44,801 - 2025-03-30T16:09:44.801759, 0.11017957718595062, 0.0, -2.934860786923306, 175.72318368698063, -47.71345774947339, 23.166741305587124, 0.0016000000400000006, -85.72318368698065
2025-03-30 16:09:44,861 - 2025-03-30T16:09:44.861147, 0.11104284260149067, 0.0, -2.9285121829175162, 175.60088368693715, -47.691319623485164, 22.957893451453327, 0.0016000000400000006, -85.60088368693715
2025-03-30 16:09:44,920 - 2025-03-30T16:09:44.920960, 0.11147487794349731, 0.0, -2.922045085774032, 175.62348368694515, -47.68342547844371, 22.74558068958803, 0.0016000000400000006, -85.62348368694515
2025-03-30 16:09:44,981 - 2025-03-30T16:09:44.981260, 0.11252345813162412, 0.0, -2.9151908549937717, 175.5169836869073, -47.655705065083005, 22.51998654909127, 0.0016000000400000006, -85.51698368690731
2025-03-30 16:09:45,040 - 2025-03-30T16:09:45.040782, 0.11305883647923398, 0.0, -2.908010091105096, 175.38758368686123, -47.64511586386054, 22.28419043616487, 0.0016000000400000006, -85.38758368686123
2025-03-30 16:09:45,101 - 2025-03-30T16:09:45.101691, 0.11380982986361099, 0.0, -2.9008885737852674, 175.26258368681675, -47.62740467216467, 22.05012677710422, 0.0016000000400000006, -85.26258368681675
2025-03-30 16:09:45,160 - 2025-03-30T16:09:45.160945, 0.11495417799129548, 0.0, -2.893179457923985, 175.15468368677836, -47.5973741283982, 21.79642960048914, 0.0016000000400000006, -85.15468368677836
2025-03-30 16:09:45,201 - 2025-03-30T16:09:45.201694, 0.11523119882489707, 0.0, -2.887782860898289, 175.1516836867773, -47.59352256762827, 21.619341865215528, 0.0016000000400000006, -85.15168368677729
2025-03-30 16:09:45,241 - 2025-03-30T16:09:45.241087, 0.11594702479807717, 0.0, -2.882645975346117, 175.08938368675513, -47.57504210013634, 21.45033872273059, 0.0016000000400000006, -85.08938368675513
2025-03-30 16:09:45,300 - 2025-03-30T16:09:45.300810, 0.11641558151079545, 0.0, -2.875539608158378, 175.11668368676484, -47.56657027855483, 21.217044915220395, 0.0016000000400000006, -85.11668368676484
2025-03-30 16:09:45,382 - 2025-03-30T16:09:45.382493, 0.11641774073878297, 0.0, -2.8702993796006018, 175.09538368675726, -47.57157316212403, 21.045346716554413, 0.0016000000400000006, -85.09538368675726
2025-03-30 16:09:45,721 - 2025-03-30T16:09:45.721941, 0.11792785126462313, 0.0, -2.8641285153013527, 174.94768368670472, -47.52806906471566, 20.841696224017827, 0.0016000000400000006, -84.94768368670472
2025-03-30 16:09:45,801 - 2025-03-30T16:09:45.801637, 0.11842048713499098, 0.0, -2.858791164844504, 174.8822836866814, -47.517095513472356, 20.666340942609963, 0.0016000000400000006, -84.8822836866814
2025-03-30 16:09:45,921 - 2025-03-30T16:09:45.921842, 0.11836339979413202, 0.0, -2.8537665513234938, 174.85758368667263, -47.52383085090729, 20.501764734417346, 0.0016000000400000006, -84.85758368667263
2025-03-30 16:09:48,601 - 2025-03-30T16:09:48.601249, 0.1202971653274596, 0.0, -2.847572961826109, 174.83758368666548, -47.46646769832741, 20.296959464555076, 0.0016000000400000006, -84.83758368666548
2025-03-30 16:09:48,681 - 2025-03-30T16:09:48.681370, 0.12078087217226896, 0.0, -2.8407490313100294, 174.80848368665514, -47.45722602519541, 20.07290502715924, 0.0016000000400000006, -84.80848368665514
2025-03-30 16:09:48,741 - 2025-03-30T16:09:48.741575, 0.12099107137097809, 0.0, -2.835426830985271, 174.89948368668755, -47.45549184406646, 19.89831959730182, 0.0016000000400000006, -84.89948368668755
2025-03-30 16:09:48,822 - 2025-03-30T16:09:48.822914, 0.1212453670064444, 0.0, -2.829606578952087, 175.09278368675632, -47.45279506062221, 19.70737280685668, 0.0016000000400000006, -85.09278368675632
2025-03-30 16:09:49,281 - 2025-03-30T16:09:49.281166, 0.122087261183363, 0.0, -2.8241796816622102, 175.13438368677112, -47.43046475962359, 19.528745368482138, 0.0016000000400000006, -85.13438368677112
2025-03-30 16:09:49,464 - 2025-03-30T16:09:49.464343, 0.12251307541883927, 0.0, -2.818916727906298, 175.246383686811, -47.42160858802124, 19.355892392490453, 0.0016000000400000006, -85.24638368681099
2025-03-30 16:09:49,700 - 2025-03-30T16:09:49.700769, 0.12273084968359393, 0.0, -2.813735745917369, 175.33758368684346, -47.41948948111704, 19.185926647690234, 0.0016000000400000006, -85.33758368684346
2025-03-30 16:09:49,981 - 2025-03-30T16:09:49.981403, 0.12334955375770074, 0.0, -2.8081083837228165, 175.3801836868586, -47.40466609636703, 19.000947070392773, 0.0016000000400000006, -85.3801836868586
2025-03-30 16:09:50,042 - 2025-03-30T16:09:50.042868, 0.1236114244592117, 0.0, -2.802429350025461, 175.58288368693073, -47.401584387147565, 18.814619965004788, 0.0016000000400000006, -85.58288368693073
2025-03-30 16:09:50,101 - 2025-03-30T16:09:50.100980, 0.12441408934639098, 0.0, -2.794950999333037, 175.69418368697032, -47.38252566736118, 18.568814630413584, 0.0016000000400000006, -85.69418368697032
2025-03-30 16:09:50,141 - 2025-03-30T16:09:50.141237, 0.1244010984422883, 0.0, -2.7894283341036017, 175.77888368700044, -47.38829840248084, 18.387877061633258, 0.0016000000400000006, -85.77888368700044
2025-03-30 16:09:50,184 - 2025-03-30T16:09:50.184166, 0.1244625042391232, 0.0, -2.7839724905090586, 175.80908368701117, -47.391568832184284, 18.209056872493896, 0.0016000000400000006, -85.80908368701117
2025-03-30 16:09:50,221 - 2025-03-30T16:09:50.221677, 0.12459830673689565, 0.0, -2.7785834685494075, 175.89498368704173, -47.392336956471524, 18.032354062995495, 0.0016000000400000006, -85.89498368704173
2025-03-30 16:09:50,282 - 2025-03-30T16:09:50.282342, 0.12495594537796473, 0.0, -2.772049549771032, 175.8973836870426, -47.38694511684628, 17.81792392148925, 0.0016000000400000006, -85.8973836870426
2025-03-30 16:09:50,360 - 2025-03-30T16:09:50.360881, 0.12526948758227752, 0.0, -2.7660136827010815, 176.03438368709132, -47.38251587953631, 17.619855140570728, 0.0016000000400000006, -86.03438368709132
2025-03-30 16:09:50,482 - 2025-03-30T16:09:50.482834, 0.1255540834819251, 0.0, -2.7607583040112145, 176.12898368712496, -47.37827939299111, 17.44738709035427, 0.0016000000400000006, -86.12898368712496
2025-03-30 16:09:50,582 - 2025-03-30T16:09:50.581942, 0.1257794328127244, 0.0, -2.7557185403581146, 176.25658368717035, -47.37577536031171, 17.28204103061121, 0.0016000000400000006, -86.25658368717036
2025-03-30 16:09:50,641 - 2025-03-30T16:09:50.641229, 0.12597448187934335, 0.0, -2.7501139033616973, 176.36328368720828, -47.37481103073322, 17.098216230639448, 0.0016000000400000006, -86.36328368720828
2025-03-30 16:09:50,701 - 2025-03-30T16:09:50.701938, 0.1262790950580972, 0.0, -2.7425914562325158, 176.4308836872323, -47.37211367153456, 16.85144829373295, 0.0016000000400000006, -86.4308836872323
2025-03-30 16:09:50,741 - 2025-03-30T16:09:50.741890, 0.12673385559823958, 0.0, -2.73654801409652, 176.5716836872824, -47.3630647491674, 16.6529945870392, 0.0016000000400000006, -86.57168368728239
2025-03-30 16:09:50,782 - 2025-03-30T16:09:50.782942, 0.12680148250160528, 0.0, -2.729888027114405, 176.67418368731882, -47.367297205431726, 16.434714612026223, 0.0016000000400000006, -86.67418368731882
2025-03-30 16:09:50,821 - 2025-03-30T16:09:50.821266, 0.12683880914079015, 0.0, -2.7226631667889727, 176.81968368737054, -47.373069364796976, 16.197955896784542, 0.0016000000400000006, -86.81968368737056
2025-03-30 16:09:50,861 - 2025-03-30T16:09:50.861946, 0.12675764264228162, 0.0, -2.715869536537073, 176.99578368743317, -47.382306431893696, 15.975441162489624, 0.0016000000400000006, -86.99578368743317
2025-03-30 16:09:50,900 - 2025-03-30T16:09:50.900931, 0.1268920911805389, 0.0, -2.709135152854021, 177.11618368747597, -47.38442150851707, 15.75465888206044, 0.0016000000400000006, -87.11618368747597
2025-03-30 16:09:50,941 - 2025-03-30T16:09:50.941030, 0.12724972982160887, 0.0, -2.702601234075645, 177.30978368754478, -47.379029668891796, 15.540228740554191, 0.0016000000400000006, -87.30978368754478
2025-03-30 16:09:50,981 - 2025-03-30T16:09:50.981012, 0.12742962875613761, 0.0, -2.696714160407569, 177.42808368758685, -47.37883519086376, 15.347164570468069, 0.0016000000400000006, -87.42808368758685
2025-03-30 16:09:51,021 - 2025-03-30T16:09:51.021934, 0.12741663785203494, 0.0, -2.691191495178134, 177.56568368763575, -47.384607925983424, 15.16622700168774, 0.0016000000400000006, -87.56568368763575
2025-03-30 16:09:51,061 - 2025-03-30T16:09:51.061529, 0.12756759048189759, 0.0, -2.686084909890142, 177.6148836876532, -47.384606198720206, 14.998763562303715, 0.0016000000400000006, -87.61488368765319
2025-03-30 16:09:51,121 - 2025-03-30T16:09:51.121200, 0.12760491712108335, 0.0, -2.67886004956471, 177.84258368773413, -47.39037835808543, 14.762004847062036, 0.0016000000400000006, -87.84258368773415
2025-03-30 16:09:51,163 - 2025-03-30T16:09:51.163063, 0.12725781804252057, 0.0, -2.673709367839961, 177.88038368774755, -47.40673799140994, 14.593578805362716, 0.0016000000400000006, -87.88038368774755
2025-03-30 16:09:51,221 - 2025-03-30T16:09:51.221082, 0.12743636301753458, 0.0, -2.6664769324484836, 178.1081836878285, -47.407890465718026, 14.356435164345822, 0.0016000000400000006, -88.1081836878285
2025-03-30 16:09:51,261 - 2025-03-30T16:09:51.261656, 0.12723805734084648, 0.0, -2.661459893993519, 178.31278368790123, -47.41924548821012, 14.192243881928446, 0.0016000000400000006, -88.31278368790123
2025-03-30 16:09:51,301 - 2025-03-30T16:09:51.301672, 0.12729946313768137, 0.0, -2.656004050398976, 178.25998368788245, -47.42251591791357, 14.013423692789083, 0.0016000000400000006, -88.25998368788245
2025-03-30 16:09:51,340 - 2025-03-30T16:09:51.340784, 0.12764330560617454, 0.0, -2.6505330566723426, 178.45218368795074, -47.416546977502676, 13.833833652099262, 0.0016000000400000006, -88.45218368795074
2025-03-30 16:09:51,381 - 2025-03-30T16:09:51.381364, 0.12754834293508965, 0.0, -2.644802351472186, 178.60448368800488, -47.42520694381377, 13.64615901862077, 0.0016000000400000006, -88.60448368800488
2025-03-30 16:09:51,421 - 2025-03-30T16:09:51.420977, 0.12774339200170903, 0.0, -2.6391977144757686, 178.58678368799858, -47.42424261423527, 13.462334218649005, 0.0016000000400000006, -88.58678368799858
2025-03-30 16:09:51,462 - 2025-03-30T16:09:51.462606, 0.12756645756364238, 0.0, -2.6332589693048907, 178.84658368809087, -47.43578981173777, 13.267922520472373, 0.0016000000400000006, -88.84658368809087
2025-03-30 16:09:51,502 - 2025-03-30T16:09:51.502410, 0.1276946849953693, 0.0, -2.6277287290094105, 178.83098368808533, -47.43694286180025, 13.086600025916804, 0.0016000000400000006, -88.83098368808533
2025-03-30 16:09:51,540 - 2025-03-30T16:09:51.540841, 0.12788215899594313, 0.0, -2.621982873677164, 178.87358368810044, -47.43636345799698, 12.898155540887867, 0.0016000000400000006, -88.87358368810044
2025-03-30 16:09:51,583 - 2025-03-30T16:09:51.583944, 0.12806963299651697, 0.0, -2.6162370183449166, 178.95618368812978, -47.435784054193725, 12.709711055858916, 0.0016000000400000006, -88.95618368812978
2025-03-30 16:09:51,621 - 2025-03-30T16:09:51.621284, 0.12842105053105568, 0.0, -2.6109072429541134, 178.9555836881296, -47.429430188007586, 12.534740700226283, 0.0016000000400000006, -88.9555836881296
2025-03-30 16:09:51,661 - 2025-03-30T16:09:51.661562, 0.12849003139393522, 0.0, -2.6055926176953994, 178.96388368813254, -47.43231569193582, 12.360540196144091, 0.0016000000400000006, -88.96388368813254
2025-03-30 16:09:51,702 - 2025-03-30T16:09:51.702757, 0.12855901225681565, 0.0, -2.600277992436686, 178.891983688107, -47.435201195864025, 12.186339692061901, 0.0016000000400000006, -88.89198368810699
2025-03-30 16:09:51,741 - 2025-03-30T16:09:51.741467, 0.12856117148480317, 0.0, -2.59503776387891, 178.9235836881182, -47.44020407943323, 12.014641493395946, 0.0016000000400000006, -88.92358368811821
2025-03-30 16:09:51,781 - 2025-03-30T16:09:51.781028, 0.12897941065423435, 0.0, -2.5896335917871687, 178.98248368813915, -47.43173283360611, 11.83716883234709, 0.0016000000400000006, -88.98248368813915
2025-03-30 16:09:51,821 - 2025-03-30T16:09:51.821497, 0.12913036328409655, 0.0, -2.584527006499176, 178.9852836881401, -47.43173110634291, 11.669705392963037, 0.0016000000400000006, -88.9852836881401
2025-03-30 16:09:51,860 - 2025-03-30T16:09:51.860858, 0.1290581258111474, 0.0, -2.579219956306508, 178.92198368811765, -47.43923629532829, 11.495889814656087, 0.0016000000400000006, -88.92198368811765
2025-03-30 16:09:51,902 - 2025-03-30T16:09:51.902592, 0.12891906670330622, 0.0, -2.5739873028147766, 178.87998368810273, -47.448858863954655, 11.324576541765332, 0.0016000000400000006, -88.87998368810273
2025-03-30 16:09:51,941 - 2025-03-30T16:09:51.941190, 0.12892122593129463, 0.0, -2.5687470742570007, 178.75318368805767, -47.45386174752383, 11.152878343099362, 0.0016000000400000006, -88.75318368805767
2025-03-30 16:09:51,981 - 2025-03-30T16:09:51.981912, 0.12939871166957184, 0.0, -2.5631272871284922, 178.73498368805122, -47.44365804783099, 10.968283691577113, 0.0016000000400000006, -88.73498368805122
2025-03-30 16:09:52,021 - 2025-03-30T16:09:52.021250, 0.12973497907202036, 0.0, -2.5575150750660303, 178.5885836879992, -47.43807403319532, 10.784073965830135, 0.0016000000400000006, -88.5885836879992
2025-03-30 16:09:52,061 - 2025-03-30T16:09:52.061109, 0.12957319476604345, 0.0, -2.551858766566811, 178.4816836879612, -47.44885137914738, 10.598901637767863, 0.0016000000400000006, -88.48168368796121
2025-03-30 16:09:52,102 - 2025-03-30T16:09:52.102598, 0.12970142219777037, 0.0, -2.5463285262713304, 178.38448368792666, -47.450004429209855, 10.417579143212278, 0.0016000000400000006, -88.38448368792666
2025-03-30 16:09:52,141 - 2025-03-30T16:09:52.141448, 0.1297704030606508, 0.0, -2.5410139010126174, 178.25428368788042, -47.45288993313807, 10.243378639130114, 0.0016000000400000006, -88.25428368788042
2025-03-30 16:09:52,202 - 2025-03-30T16:09:52.202303, 0.1299275767970438, 0.0, -2.534703172337053, 178.18558368785602, -47.453850232435734, 10.036455413872462, 0.0016000000400000006, -88.18558368785602
2025-03-30 16:09:52,281 - 2025-03-30T16:09:52.281245, 0.13040506253532147, 0.0, -2.529083385208545, 178.0988836878252, -47.44364653274288, 9.851860762350228, 0.0016000000400000006, -88.09888368782521
2025-03-30 16:09:52,360 - 2025-03-30T16:09:52.360764, 0.13089634444617593, 0.0, -2.5224006730282946, 177.90508368775636, -47.43401993383566, 9.632426010011564, 0.0016000000400000006, -87.90508368775636
2025-03-30 16:09:52,422 - 2025-03-30T16:09:52.422569, 0.13117336527977708, 0.0, -2.517004076002599, 177.7288836876937, -47.43016837306573, 9.455338274737953, 0.0016000000400000006, -87.7288836876937
2025-03-30 16:09:52,522 - 2025-03-30T16:09:52.522937, 0.1312940176454589, 0.0, -2.5113326173712895, 177.61908368765472, -47.43170634890345, 9.269396095125224, 0.0016000000400000006, -87.61908368765472
2025-03-30 16:09:52,661 - 2025-03-30T16:09:52.661917, 0.13136299850833888, 0.0, -2.5060179921125756, 177.66848368767228, -47.434591852831666, 9.095195591043018, 0.0016000000400000006, -87.66848368767228
2025-03-30 16:09:52,761 - 2025-03-30T16:09:52.761294, 0.13191488094755366, 0.0, -2.5004650266189596, 177.57348368763851, -47.42188584772262, 8.912718319161748, 0.0016000000400000006, -87.57348368763853
2025-03-30 16:09:52,822 - 2025-03-30T16:09:52.822181, 0.1323406951830295, 0.0, -2.4952020728630484, 177.5103836876161, -47.41302967612029, 8.739865343170093, 0.0016000000400000006, -87.5103836876161
2025-03-30 16:09:52,880 - 2025-03-30T16:09:52.880944, 0.13295182419109208, 0.0, -2.489433492332666, 177.32328368754958, -47.39859121714547, 8.550266080815458, 0.0016000000400000006, -87.32328368754958
2025-03-30 16:09:52,941 - 2025-03-30T16:09:52.941587, 0.13316066943028693, 0.0, -2.482765930284506, 177.279483687534, -47.39820398835263, 8.331601180027253, 0.0016000000400000006, -87.279483687534
2025-03-30 16:09:53,023 - 2025-03-30T16:09:53.023853, 0.13319177496294143, 0.0, -2.4767452133466454, 177.25518368752537, -47.40301412115699, 8.134302250659186, 0.0016000000400000006, -87.25518368752537
2025-03-30 16:09:53,222 - 2025-03-30T16:09:53.222794, 0.13427823048129328, 0.0, -2.470597074245532, 177.0782836874625, -47.373369078920156, 7.931806535448314, 0.0016000000400000006, -87.07828368746249
2025-03-30 16:09:53,301 - 2025-03-30T16:09:53.301190, 0.13460692281769626, 0.0, -2.4648436438472396, 176.92608368740838, -47.36816999005973, 7.7429771246441215, 0.0016000000400000006, -86.92608368740838
2025-03-30 16:09:53,401 - 2025-03-30T16:09:53.401091, 0.1345787817815034, 0.0, -2.4590385419461462, 176.91048368740283, -47.37471257672985, 7.552800185749449, 0.0016000000400000006, -86.91048368740283
2025-03-30 16:09:53,621 - 2025-03-30T16:09:53.621549, 0.13524915735841248, 0.0, -2.4530543463789973, 176.812383687368, -47.358541663889305, 7.3560789329214336, 0.0016000000400000006, -86.812383687368
2025-03-30 16:09:53,681 - 2025-03-30T16:09:53.681130, 0.1360593973116364, 0.0, -2.4457172140224017, 176.67768368732007, -47.339098018327704, 7.11489328338739, 0.0016000000400000006, -86.67768368732007
2025-03-30 16:09:53,721 - 2025-03-30T16:09:53.721271, 0.13619384584989458, 0.0, -2.4389828303393495, 176.59508368729072, -47.34121309495104, 6.894111002958207, 0.0016000000400000006, -86.59508368729072
2025-03-30 16:09:53,762 - 2025-03-30T16:09:53.762542, 0.13690696390404566, 0.0, -2.431155221340374, 176.449683687239, -47.32542653213133, 6.636948918611682, 0.0016000000400000006, -86.449683687239
2025-03-30 16:09:53,801 - 2025-03-30T16:09:53.801393, 0.1374864386884127, 0.0, -2.423476405743273, 176.2200836871574, -47.31387472859357, 6.384791445097559, 0.0016000000400000006, -86.2200836871574
2025-03-30 16:09:53,841 - 2025-03-30T16:09:53.841369, 0.1379839417057971, 0.0, -2.4155895501754503, 176.20758368715292, -47.30521015624724, 6.125896906885269, 0.0016000000400000006, -86.20758368715292
2025-03-30 16:09:53,880 - 2025-03-30T16:09:53.880811, 0.1389278249288055, 0.0, -2.408103624416981, 176.10708368711718, -47.281531751403676, 5.87970664651884, 0.0016000000400000006, -86.10708368711718
2025-03-30 16:09:53,922 - 2025-03-30T16:09:53.922151, 0.13953759997735338, 0.0, -2.400989682163197, 175.9244836870522, -47.26844024476498, 5.646027913233405, 0.0016000000400000006, -85.9244836870522
2025-03-30 16:09:53,961 - 2025-03-30T16:09:53.961743, 0.13982084191748578, 0.0, -2.394388941749929, 175.8655836870313, -47.26555071055593, 5.4294803920861785, 0.0016000000400000006, -85.86558368703129
2025-03-30 16:09:54,000 - 2025-03-30T16:09:54.000764, 0.14043954599159258, 0.0, -2.388761579555376, 175.78168368700145, -47.25072732580592, 5.244500814788715, 0.0016000000400000006, -85.78168368700145
2025-03-30 16:09:54,042 - 2025-03-30T16:09:54.042116, 0.14107340019779002, 0.0, -2.383416654032482, 175.76988368699725, -47.23513408950543, 5.06876060760561, 0.0016000000400000006, -85.76988368699725
2025-03-30 16:09:54,101 - 2025-03-30T16:09:54.101219, 0.14163150374353606, 0.0, -2.376659545151294, 175.65978368695806, -47.22339011095725, 4.846823549850727, 0.0016000000400000006, -85.65978368695806
2025-03-30 16:09:54,160 - 2025-03-30T16:09:54.160894, 0.1419147456836689, 0.0, -2.3700588047380258, 175.56638368692484, -47.22050057674817, 4.6302760287035, 0.0016000000400000006, -85.56638368692484
2025-03-30 16:09:54,221 - 2025-03-30T16:09:54.221150, 0.1424955744275498, 0.0, -2.363725350864326, 175.44338368688108, -47.207601820874316, 4.422198026120163, 0.0016000000400000006, -85.44338368688108
2025-03-30 16:09:54,281 - 2025-03-30T16:09:54.281188, 0.14326929301006253, 0.0, -2.357027488551986, 175.20268368679547, -47.18873585185275, 4.201993422231044, 0.0016000000400000006, -85.20268368679547
2025-03-30 16:09:54,320 - 2025-03-30T16:09:54.320904, 0.14370268231158345, 0.0, -2.351905753131903, 175.13888368677272, -47.179494754475186, 4.033760131296534, 0.0016000000400000006, -85.13888368677272
2025-03-30 16:09:54,360 - 2025-03-30T16:09:54.360760, 0.14456730168663778, 0.0, -2.3469025108495147, 175.02268368673137, -47.15600967615086, 3.868991748093524, 0.0016000000400000006, -85.02268368673137
2025-03-30 16:09:54,400 - 2025-03-30T16:09:54.400837, 0.14505236249096098, 0.0, -2.341423942056836, 174.9493836867053, -47.14542105068278, 3.6890167816284607, 0.0016000000400000006, -84.94938368670529
2025-03-30 16:09:54,443 - 2025-03-30T16:09:54.443723, 0.14509861815570568, 0.0, -2.3356856617906345, 174.85858368667297, -47.14946133193668, 3.500957222374753, 0.0016000000400000006, -84.85858368667297
2025-03-30 16:09:54,481 - 2025-03-30T16:09:54.481934, 0.1457765687986594, 0.0, -2.329842684559315, 174.67968368660928, -47.13290549332092, 3.3088556546039247, 0.0016000000400000006, -84.67968368660928
2025-03-30 16:09:54,521 - 2025-03-30T16:09:54.521154, 0.1465137660104605, 0.0, -2.3237840922912287, 174.67118368660627, -47.11461720083941, 3.1096320963596877, 0.0016000000400000006, -84.67118368660627
2025-03-30 16:09:54,560 - 2025-03-30T16:09:54.560933, 0.14711731995247757, 0.0, -2.3178742934250174, 174.43008368652042, -47.10056366763984, 2.9154131489478945, 0.0016000000400000006, -84.43008368652042
2025-03-30 16:09:54,601 - 2025-03-30T16:09:54.601282, 0.14799573550010736, 0.0, -2.3118081260908863, 174.25288368645732, -47.077655690101174, 2.715804664928444, 0.0016000000400000006, -84.25288368645732
2025-03-30 16:09:54,640 - 2025-03-30T16:09:54.640942, 0.14859171437607976, 0.0, -2.3057571088888453, 174.167783686427, -47.06398708267682, 2.5169660324594636, 0.0016000000400000006, -84.16778368642699
2025-03-30 16:09:54,680 - 2025-03-30T16:09:54.680916, 0.149210418450187, 0.0, -2.300129746694292, 174.02968368637784, -47.049163697926794, 2.331986455161972, 0.0016000000400000006, -84.02968368637784
2025-03-30 16:09:54,721 - 2025-03-30T16:09:54.721702, 0.1498366975903389, 0.0, -2.294643602835569, 174.0178836863736, -47.03395538740155, 2.1516265629217095, 0.0016000000400000006, -84.01788368637361
2025-03-30 16:09:54,762 - 2025-03-30T16:09:54.762250, 0.15074541340214997, 0.0, -2.289142308844755, 173.99568368636574, -47.00950770676194, 1.970496819130976, 0.0016000000400000006, -83.99568368636574
2025-03-30 16:09:54,801 - 2025-03-30T16:09:54.801482, 0.1513048709074103, 0.0, -2.2837305616869688, 173.89308368632916, -46.99641677587765, 1.7926392323068923, 0.0016000000400000006, -83.89308368632916
2025-03-30 16:09:54,841 - 2025-03-30T16:09:54.841198, 0.1522287368513111, 0.0, -2.2785117043678134, 173.64688368624144, -46.97119924368759, 1.6207488586304892, 0.0016000000400000006, -83.64688368624144
2025-03-30 16:09:54,881 - 2025-03-30T16:09:54.881882, 0.1527213727216794, 0.0, -2.273174353910964, 173.69878368625993, -46.960225692444276, 1.4453935772225985, 0.0016000000400000006, -83.69878368625993
2025-03-30 16:09:54,921 - 2025-03-30T16:09:54.921752, 0.1536452386655811, 0.0, -2.267955496591809, 173.57068368621432, -46.93500816025419, 1.273503203546223, 0.0016000000400000006, -83.57068368621432
2025-03-30 16:09:54,962 - 2025-03-30T16:09:54.962201, 0.15442031120760769, 0.0, -2.26260299600287, 173.47898368618158, -46.91479523889654, 1.0973780705878904, 0.0016000000400000006, -83.47898368618158
2025-03-30 16:09:55,001 - 2025-03-30T16:09:55.001143, 0.15485370050912906, 0.0, -2.2574812605827876, 173.3700836861428, -46.90555414151896, 0.9291447796533934, 0.0016000000400000006, -83.3700836861428
2025-03-30 16:09:55,042 - 2025-03-30T16:09:55.042810, 0.15555437635021852, 0.0, -2.252061938358956, 173.2424836860973, -46.88784352557751, 0.7509022670540814, 0.0016000000400000006, -83.2424836860973
2025-03-30 16:09:55,080 - 2025-03-30T16:09:55.080919, 0.1564038455931822, 0.0, -2.2467762594049088, 173.3100836861214, -46.86512829880365, 0.5768945137367135, 0.0016000000400000006, -83.3100836861214
2025-03-30 16:09:55,121 - 2025-03-30T16:09:55.121140, 0.15710452143427212, 0.0, -2.2413569371810773, 173.15788368606715, -46.84741768286218, 0.3986520011374011, 0.0016000000400000006, -83.15788368606715
2025-03-30 16:09:55,162 - 2025-03-30T16:09:55.162453, 0.15773837564046955, 0.0, -2.2360120116581834, 173.0937836860443, -46.8318244465617, 0.22291179395429647, 0.0016000000400000006, -83.0937836860443
2025-03-30 16:09:55,201 - 2025-03-30T16:09:55.200958, 0.15864709145228106, 0.0, -2.230510717667369, 172.90118368597564, -46.807376765922065, 0.04178205016353398, 0.0016000000400000006, -82.90118368597564
2025-03-30 16:09:55,241 - 2025-03-30T16:09:55.241803, 0.1593326171612799, 0.0, -2.224808958771879, 172.89138368597213, -46.79043600153108, -0.14569983255012203, 0.0016000000400000006, -82.89138368597213
2025-03-30 16:09:55,280 - 2025-03-30T16:09:55.280847, 0.16010011463726137, 0.0, -2.21931523984711, 172.868583685964, -46.77060800594865, -0.3264446505656413, 0.0016000000400000006, -82.86858368596401
2025-03-30 16:09:55,321 - 2025-03-30T16:09:55.321315, 0.16065957214252213, 0.0, -2.213903492689324, 172.73468368591625, -46.75751707506435, -0.5043022373897114, 0.0016000000400000006, -82.73468368591627
2025-03-30 16:09:55,366 - 2025-03-30T16:09:55.366726, 0.1616199594571346, 0.0, -2.2080453653259147, 172.58438368586263, -46.73172186633424, -0.6971736567109963, 0.0016000000400000006, -82.58438368586263
2025-03-30 16:09:55,401 - 2025-03-30T16:09:55.401463, 0.16226896379542222, 0.0, -2.202982876474679, 172.50898368583574, -46.71535877848329, -0.8636744937797565, 0.0016000000400000006, -82.50898368583574
2025-03-30 16:09:55,442 - 2025-03-30T16:09:55.442157, 0.1632596513742155, 0.0, -2.1976896224545865, 172.42438368580557, -46.68802386665226, -1.0380671728723672, 0.0016000000400000006, -82.42438368580557
2025-03-30 16:09:55,480 - 2025-03-30T16:09:55.480840, 0.1641166956832243, 0.0, -2.1925451618363683, 172.42178368580463, -46.664923714103175, -1.2074552411325628, 0.0016000000400000006, -82.42178368580463
2025-03-30 16:09:55,521 - 2025-03-30T16:09:55.521368, 0.16518177996295558, 0.0, -2.1873187294511682, 172.33638368577414, -46.635086496855905, -1.379730540584181, 0.0016000000400000006, -82.33638368577414
2025-03-30 16:09:55,564 - 2025-03-30T16:09:55.564606, 0.1660904957747662, 0.0, -2.181817435460354, 172.24668368574214, -46.61063881621631, -1.5608602843749284, 0.0016000000400000006, -82.24668368574214
2025-03-30 16:09:55,600 - 2025-03-30T16:09:55.600853, 0.1668063217479463, 0.0, -2.176680549908182, 172.14408368570554, -46.59215834872438, -1.729863426859882, 0.0016000000400000006, -82.14408368570555
2025-03-30 16:09:55,640 - 2025-03-30T16:09:55.640926, 0.16772261262580246, 0.0, -2.1713204742531973, 172.11828368569633, -46.56732574230954, -1.9063734855934436, 0.0016000000400000006, -82.11828368569633
2025-03-30 16:09:55,681 - 2025-03-30T16:09:55.681795, 0.16856450680272106, 0.0, -2.1658935769633203, 172.11968368569683, -46.54499544131092, -2.085000923967998, 0.0016000000400000006, -82.11968368569683
2025-03-30 16:09:55,721 - 2025-03-30T16:09:55.721174, 0.16927275770985606, 0.0, -2.1606154730753184, 171.9337836856305, -46.52689989959422, -2.258623751510124, 0.0016000000400000006, -81.93378368563049
2025-03-30 16:09:55,781 - 2025-03-30T16:09:55.781295, 0.17035785926869318, 0.0, -2.153121972250803, 171.83818368559633, -46.4986018096935, -2.5051989376518096, 0.0016000000400000006, -81.83818368559633
2025-03-30 16:09:55,821 - 2025-03-30T16:09:55.821032, 0.17120732851165776, 0.0, -2.147836293296756, 171.6598836855327, -46.47588658291962, -2.6792066909691643, 0.0016000000400000006, -81.65988368553269
2025-03-30 16:09:55,860 - 2025-03-30T16:09:55.860894, 0.1718411827178552, 0.0, -2.1424913677738617, 171.49048368547219, -46.460293346619125, -2.8549468981522828, 0.0016000000400000006, -81.49048368547219
2025-03-30 16:09:55,902 - 2025-03-30T16:09:55.902472, 0.17269065196081934, 0.0, -2.1372056888198143, 171.41908368544665, -46.43757811984526, -3.0289546514696513, 0.0016000000400000006, -81.41908368544665
2025-03-30 16:09:55,941 - 2025-03-30T16:09:55.941399, 0.17382255787544176, 0.0, -2.1319048597336767, 171.42608368544916, -46.40562352295706, -3.2037322563374757, 0.0016000000400000006, -81.42608368544916
2025-03-30 16:09:55,980 - 2025-03-30T16:09:55.980923, 0.17473127368725283, 0.0, -2.1264035657428635, 171.26998368539338, -46.38117584231744, -3.3848620001282095, 0.0016000000400000006, -81.26998368539338
2025-03-30 16:09:56,021 - 2025-03-30T16:09:56.021063, 0.175647564565109, 0.0, -2.1210434900878785, 171.1671836853567, -46.35634323590261, -3.561372058861785, 0.0016000000400000006, -81.16718368535669
2025-03-30 16:09:56,063 - 2025-03-30T16:09:56.063740, 0.1766899236467041, 0.0, -2.1153934026951906, 171.04438368531277, -46.32766079598105, -3.7475064134849334, 0.0016000000400000006, -81.04438368531277
2025-03-30 16:09:56,100 - 2025-03-30T16:09:56.100838, 0.17726453128405462, 0.0, -2.1102640922090625, 170.96378368528397, -46.313800013546306, -3.916124630194673, 0.0016000000400000006, -80.96378368528397
2025-03-30 16:09:56,141 - 2025-03-30T16:09:56.141401, 0.1782476437968028, 0.0, -2.1048296198531413, 170.78598368522037, -46.286850027490495, -4.095136994344427, 0.0016000000400000006, -80.78598368522037
2025-03-30 16:09:56,186 - 2025-03-30T16:09:56.186221, 0.17928242781235282, 0.0, -2.0990383141246234, 170.67698368518143, -46.25855251334417, -4.285891034024762, 0.0016000000400000006, -80.67698368518143
2025-03-30 16:09:56,220 - 2025-03-30T16:09:56.220910, 0.18021386882229917, 0.0, -2.093960675141297, 170.60298368515498, -46.23295005537887, -4.453161722643993, 0.0016000000400000006, -80.60298368515498
2025-03-30 16:09:56,260 - 2025-03-30T16:09:56.260760, 0.1812045564010929, 0.0, -2.088667421121205, 170.68098368518287, -46.205615143547824, -4.6275544017365755, 0.0016000000400000006, -80.68098368518287
2025-03-30 16:09:56,304 - 2025-03-30T16:09:56.304273, 0.1821132722129044, 0.0, -2.0831661271303914, 170.6855836851845, -46.18116746290819, -4.808684145527324, 0.0016000000400000006, -80.6855836851845
2025-03-30 16:09:56,360 - 2025-03-30T16:09:56.360961, 0.1831315521368495, 0.0, -2.0757470230068136, 170.4915836851151, -46.154986752648455, -5.052757026252788, 0.0016000000400000006, -80.4915836851151
2025-03-30 16:09:56,401 - 2025-03-30T16:09:56.401648, 0.18419663641658035, 0.0, -2.070520590621613, 170.45888368510342, -46.12514953540119, -5.22503232570442, 0.0016000000400000006, -80.45888368510342
2025-03-30 16:09:56,442 - 2025-03-30T16:09:56.442064, 0.1856109790028615, 0.0, -2.065204611403385, 170.30378368504793, -46.083955568398636, -5.4005797821227155, 0.0016000000400000006, -80.30378368504793
2025-03-30 16:09:56,482 - 2025-03-30T16:09:56.482787, 0.1865865164495646, 0.0, -2.059628920711634, 170.1904836850074, -46.057390508118054, -5.5842118313296565, 0.0016000000400000006, -80.1904836850074
2025-03-30 16:09:56,522 - 2025-03-30T16:09:56.522232, 0.18749523226137566, 0.0, -2.05412762672082, 170.0669836849632, -46.03294282747845, -5.765341575120405, 0.0016000000400000006, -80.0669836849632
2025-03-30 16:09:56,561 - 2025-03-30T16:09:56.561144, 0.188760781445783, 0.0, -2.048678004232808, 169.96438368492647, -45.99675347130827, -5.945123790820645, 0.0016000000400000006, -79.96438368492647
2025-03-30 16:09:56,603 - 2025-03-30T16:09:56.603774, 0.18935676032175452, 0.0, -2.042626987030767, 169.9803836849322, -45.98308486388394, -6.143962423289624, 0.0016000000400000006, -79.9803836849322
2025-03-30 16:09:56,640 - 2025-03-30T16:09:56.640819, 0.19077110290803612, 0.0, -2.0373110078125394, 169.79828368486702, -45.94189089688136, -6.319509879707907, 0.0016000000400000006, -79.79828368486702
2025-03-30 16:09:56,681 - 2025-03-30T16:09:56.681114, 0.19166466858775655, 0.0, -2.031527277150067, 169.81578368487328, -45.91821306779223, -6.509878993612998, 0.0016000000400000006, -79.81578368487328
2025-03-30 16:09:56,721 - 2025-03-30T16:09:56.721221, 0.19278142437028922, 0.0, -2.0259440113922706, 169.76968368485677, -45.88702832245446, -6.693895968595182, 0.0016000000400000006, -79.76968368485677
2025-03-30 16:09:56,761 - 2025-03-30T16:09:56.761026, 0.19410622012354306, 0.0, -2.0202787738674917, 169.61508368480142, -45.84910651241856, -6.880800174768815, 0.0016000000400000006, -79.61508368480142
2025-03-30 16:09:56,801 - 2025-03-30T16:09:56.801119, 0.19514857920513817, 0.0, -2.0146286864748033, 169.57808368478814, -45.820424072497005, -7.066934529391964, 0.0016000000400000006, -79.57808368478814
2025-03-30 16:09:56,844 - 2025-03-30T16:09:56.844246, 0.1964885250904822, 0.0, -2.0092458856216835, 169.3958836847229, -45.78173241091064, -7.244599365451224, 0.0016000000400000006, -79.39588368472289
2025-03-30 16:09:56,881 - 2025-03-30T16:09:56.881503, 0.19780574577769094, 0.0, -2.003439429761076, 169.32438368469727, -45.74419552664997, -7.436123256682001, 0.0016000000400000006, -79.32438368469727
2025-03-30 16:09:56,923 - 2025-03-30T16:09:56.923642, 0.19900447332720583, 0.0, -1.9980642039740004, 169.29508368468677, -45.71012355012077, -7.613403166966048, 0.0016000000400000006, -79.29508368468677
2025-03-30 16:09:56,961 - 2025-03-30T16:09:56.961573, 0.20021077594276582, 0.0, -1.9928301965227553, 169.2329836846645, -45.67566664781636, -7.786063392192894, 0.0016000000400000006, -79.2329836846645
2025-03-30 16:09:57,003 - 2025-03-30T16:09:57.003292, 0.20120903858760464, 0.0, -1.9876781608384926, 169.1467836846336, -45.647946810210065, -7.955836386228304, 0.0016000000400000006, -79.14678368463359
2025-03-30 16:09:57,041 - 2025-03-30T16:09:57.041096, 0.20228169793338058, 0.0, -1.9825929467891212, 169.03138368459224, -45.61772466718759, -8.123492000622765, 0.0016000000400000006, -79.03138368459224
2025-03-30 16:09:57,081 - 2025-03-30T16:09:57.081286, 0.2034060287819579, 0.0, -1.977150899367154, 168.9620836845674, -45.58615499607461, -8.302889290547775, 0.0016000000400000006, -78.9620836845674
2025-03-30 16:09:57,122 - 2025-03-30T16:09:57.122361, 0.20468672809845545, 0.0, -1.971983713550801, 168.96358368456794, -45.54919578835397, -8.473432136133642, 0.0016000000400000006, -78.96358368456794
2025-03-30 16:09:57,161 - 2025-03-30T16:09:57.161005, 0.205893030714015, 0.0, -1.9667497060995551, 168.83758368452274, -45.514738886049564, -8.646092361360516, 0.0016000000400000006, -78.83758368452276
2025-03-30 16:09:57,201 - 2025-03-30T16:09:57.201101, 0.20695053992770074, 0.0, -1.961382055378526, 168.70648368447576, -45.48528659457754, -8.822987345869292, 0.0016000000400000006, -78.70648368447576
2025-03-30 16:09:57,242 - 2025-03-30T16:09:57.242142, 0.20814169241117053, 0.0, -1.9558656112556219, 168.5453836844179, -45.451599543823576, -9.004886941210497, 0.0016000000400000006, -78.54538368441791
2025-03-30 16:09:57,281 - 2025-03-30T16:09:57.281285, 0.2090655583550718, 0.0, -1.9506467539364665, 168.46858368439038, -45.42638201163351, -9.176777314886907, 0.0016000000400000006, -78.46858368439038
2025-03-30 16:09:57,322 - 2025-03-30T16:09:57.322100, 0.21004867086781998, 0.0, -1.9452122815805446, 168.44598368438227, -45.3994320255777, -9.355789679036683, 0.0016000000400000006, -78.44598368438227
2025-03-30 16:09:57,361 - 2025-03-30T16:09:57.361415, 0.2109725368117208, 0.0, -1.9399934242613894, 168.1421836842732, -45.37421449338765, -9.527680052713071, 0.0016000000400000006, -78.14218368427319
2025-03-30 16:09:57,401 - 2025-03-30T16:09:57.401359, 0.21217883942728166, 0.0, -1.934759416810144, 168.00478368422387, -45.33975759108319, -9.700340277939926, 0.0016000000400000006, -78.00478368422387
2025-03-30 16:09:57,441 - 2025-03-30T16:09:57.441053, 0.21324392370701206, 0.0, -1.9295329844249438, 167.86138368417235, -45.30992037383596, -9.87261557739155, 0.0016000000400000006, -77.86138368417235
2025-03-30 16:09:57,481 - 2025-03-30T16:09:57.481610, 0.21470993779609504, 0.0, -1.92386017183412, 167.81578368415597, -45.26737887874288, -10.059904709340397, 0.0016000000400000006, -77.81578368415597
2025-03-30 16:09:57,522 - 2025-03-30T16:09:57.522246, 0.21577502207582588, 0.0, -1.9186337394489197, 167.72768368412432, -45.237541661495634, -10.232180008792016, 0.0016000000400000006, -77.72768368412432
2025-03-30 16:09:57,561 - 2025-03-30T16:09:57.560984, 0.21724861123095485, 0.0, -1.9131021451939252, 167.42478368401544, -45.1946152406273, -10.414849455683683, 0.0016000000400000006, -77.42478368401544
2025-03-30 16:09:57,601 - 2025-03-30T16:09:57.601511, 0.21850658534931622, 0.0, -1.9075113043700838, 167.43198368401804, -45.15881081023238, -10.599251356441096, 0.0016000000400000006, -77.43198368401804
2025-03-30 16:09:57,641 - 2025-03-30T16:09:57.641649, 0.21983138110257006, 0.0, -1.9018460668453048, 167.23158368394596, -45.12088900019647, -10.786155562614722, 0.0016000000400000006, -77.23158368394596
2025-03-30 16:09:57,680 - 2025-03-30T16:09:57.680913, 0.22108935522093187, 0.0, -1.8962552260214638, 167.12538368390776, -45.08508456980154, -10.970557463372119, 0.0016000000400000006, -77.12538368390776
2025-03-30 16:09:57,721 - 2025-03-30T16:09:57.721429, 0.2225188479393032, 0.0, -1.8912216834748943, 166.98698368385797, -45.04312075124852, -11.136865549676063, 0.0016000000400000006, -76.98698368385797
2025-03-30 16:09:57,763 - 2025-03-30T16:09:57.763157, 0.22400001216047727, 0.0, -1.8858313075557291, 166.8986836838262, -44.99980940460496, -11.31491531151056, 0.0016000000400000006, -76.89868368382619
2025-03-30 16:09:57,800 - 2025-03-30T16:09:57.800864, 0.225555573082588, 0.0, -1.880507753271456, 166.85398368381007, -44.95399575254522, -11.490847693704085, 0.0016000000400000006, -76.85398368381007
2025-03-30 16:09:57,842 - 2025-03-30T16:09:57.842707, 0.22682112226699536, 0.0, -1.8750581307834442, 166.76248368377716, -44.917806396375035, -11.67062990940431, 0.0016000000400000006, -76.76248368377716
2025-03-30 16:09:57,900 - 2025-03-30T16:09:57.900768, 0.22876868397289885, 0.0, -1.867801616234317, 166.66538368374222, -44.86102034458081, -11.910275280083015, 0.0016000000400000006, -76.66538368374222
2025-03-30 16:09:57,943 - 2025-03-30T16:09:57.943666, 0.23026499832616265, 0.0, -1.8626936769868105, 166.61188368372294, -44.8169391463868, -12.079085671803153, 0.0016000000400000006, -76.61188368372294
2025-03-30 16:09:57,981 - 2025-03-30T16:09:57.981331, 0.23182813431431848, 0.0, -1.8575113410383668, 166.40338368364783, -44.77074056855183, -12.250398368939496, 0.0016000000400000006, -76.40338368364783
2025-03-30 16:09:58,022 - 2025-03-30T16:09:58.022171, 0.23290079366009442, 0.0, -1.8524261269889961, 166.414883683652, -44.740518425529345, -12.418053983333936, 0.0016000000400000006, -76.414883683652
2025-03-30 16:09:58,081 - 2025-03-30T16:09:58.081336, 0.23477395866506123, 0.0, -1.8451027908049764, 166.23858368358844, -44.6862346791513, -12.659816733653626, 0.0016000000400000006, -76.23858368358844
2025-03-30 16:09:58,121 - 2025-03-30T16:09:58.121182, 0.2361139045504057, 0.0, -1.8397199899518564, 166.2445836835906, -44.647543017564914, -12.837481569712887, 0.0016000000400000006, -76.2445836835906
2025-03-30 16:09:58,164 - 2025-03-30T16:09:58.164738, 0.237743862173454, 0.0, -1.8344632573024753, 165.95218368348517, -44.599227060088964, -13.01129657226544, 0.0016000000400000006, -75.95218368348517
2025-03-30 16:09:58,201 - 2025-03-30T16:09:58.201363, 0.23909895819088822, 0.0, -1.8293628931210142, 166.0362836835155, -44.55976554695214, -13.179722038210349, 0.0016000000400000006, -76.0362836835155
2025-03-30 16:09:58,241 - 2025-03-30T16:09:58.241139, 0.24038723257343042, 0.0, -1.8243369256404902, 165.96898368349125, -44.52242141345629, -13.34564519873905, 0.0016000000400000006, -75.96898368349125
2025-03-30 16:09:58,283 - 2025-03-30T16:09:58.283801, 0.241801575159712, 0.0, -1.8190209464222624, 165.8648836834537, -44.481227446453715, -13.52119265515734, 0.0016000000400000006, -75.86488368345371
2025-03-30 16:09:58,321 - 2025-03-30T16:09:58.320999, 0.2432083426799485, 0.0, -1.8135637488682055, 165.7722836834203, -44.44041840522637, -13.701359796632794, 0.0016000000400000006, -75.77228368342031
2025-03-30 16:09:58,361 - 2025-03-30T16:09:58.361662, 0.24477147866810478, 0.0, -1.8083814129197617, 165.64978368337609, -44.39421982739138, -13.872672493769139, 0.0016000000400000006, -75.64978368337609
2025-03-30 16:09:58,402 - 2025-03-30T16:09:58.402005, 0.2461782461883404, 0.0, -1.802924215365704, 165.65448368337778, -44.35341078616406, -14.052839635244627, 0.0016000000400000006, -75.65448368337778
2025-03-30 16:09:58,441 - 2025-03-30T16:09:58.441003, 0.2478901755783709, 0.0, -1.7978755226870442, 165.53128368333333, -44.302207597496675, -14.219917573099028, 0.0016000000400000006, -75.53128368333333
2025-03-30 16:09:58,482 - 2025-03-30T16:09:58.482104, 0.24937891486559005, 0.0, -1.7926263651037093, 165.35158368326844, -44.25851132507789, -14.393347649876317, 0.0016000000400000006, -75.35158368326844
2025-03-30 16:09:58,521 - 2025-03-30T16:09:58.521068, 0.25080083251791674, 0.0, -1.7874516042213102, 165.41858368329264, -44.216932432300084, -14.564275421237449, 0.0016000000400000006, -75.41858368329264
2025-03-30 16:09:58,581 - 2025-03-30T16:09:58.581486, 0.2533725141359846, 0.0, -1.779949174371236, 165.18458368320813, -44.13993518641141, -14.812582485490452, 0.0016000000400000006, -75.18458368320813
2025-03-30 16:09:58,624 - 2025-03-30T16:09:58.624213, 0.25451199511665257, 0.0, -1.7747895636209279, 165.26028368323549, -44.10759566374795, -14.982740405301099, 0.0016000000400000006, -75.26028368323549
2025-03-30 16:09:58,682 - 2025-03-30T16:09:58.682120, 0.25672684336212503, 0.0, -1.7672354622680513, 165.07138368316726, -44.042340093389804, -15.232394997644626, 0.0016000000400000006, -75.07138368316726
2025-03-30 16:09:58,741 - 2025-03-30T16:09:58.741363, 0.2592241282792558, 0.0, -1.7596662107830845, 164.97008368313064, -43.96784515291733, -15.482819441538616, 0.0016000000400000006, -74.97008368313064
2025-03-30 16:09:58,802 - 2025-03-30T16:09:58.802545, 0.26143140145868315, 0.0, -1.7519708910943788, 164.81658368307515, -43.90297450833441, -15.73709371893931, 0.0016000000400000006, -74.81658368307515
2025-03-30 16:09:58,842 - 2025-03-30T16:09:58.842316, 0.26264527914028823, 0.0, -1.7468781019789628, 164.79558368306758, -43.86813268025476, -15.90513425910899, 0.0016000000400000006, -74.79558368306758
2025-03-30 16:09:58,880 - 2025-03-30T16:09:58.880894, 0.2639259784567858, 0.0, -1.7417109161626096, 164.63878368301084, -43.831173472534125, -16.075677104694865, 0.0016000000400000006, -74.63878368301084
2025-03-30 16:09:58,921 - 2025-03-30T16:09:58.921139, 0.26534789610911247, 0.0, -1.736536155280211, 164.61658368300283, -43.789594579756326, -16.24660487605598, 0.0016000000400000006, -74.61658368300283
2025-03-30 16:09:58,981 - 2025-03-30T16:09:58.981627, 0.2677039626904141, 0.0, -1.7289744788612893, 164.33938368290254, -43.719719324341014, -16.496644394174737, 0.0016000000400000006, -74.33938368290254
2025-03-30 16:09:59,021 - 2025-03-30T16:09:59.021144, 0.2693263452474173, 0.0, -1.7235765278760793, 164.44138368293943, -43.67178829264028, -16.675079081784453, 0.0016000000400000006, -74.44138368293943
2025-03-30 16:09:59,061 - 2025-03-30T16:09:59.061875, 0.27073311276765333, 0.0, -1.718119330322022, 164.30378368288964, -43.63097925141295, -16.855246223259922, 0.0016000000400000006, -74.30378368288964
2025-03-30 16:09:59,101 - 2025-03-30T16:09:59.101622, 0.2723554953246565, 0.0, -1.712721379336812, 164.13128368282722, -43.58304821971222, -17.033680910869638, 0.0016000000400000006, -74.13128368282722
2025-03-30 16:09:59,141 - 2025-03-30T16:09:59.141012, 0.27412667128353396, 0.0, -1.7074570716213855, 164.08978368281217, -43.53011257717909, -17.207880839197426, 0.0016000000400000006, -74.08978368281217
2025-03-30 16:09:59,181 - 2025-03-30T16:09:59.181052, 0.27560026043866204, 0.0, -1.7019254773663914, 163.94408368275938, -43.48718615631079, -17.39055028608908, 0.0016000000400000006, -73.94408368275938
2025-03-30 16:09:59,224 - 2025-03-30T16:09:59.224562, 0.27737901146358457, 0.0, -1.6968023879867937, 163.87978368273608, -43.43386558800243, -17.56013052935971, 0.0016000000400000006, -73.87978368273608
2025-03-30 16:09:59,261 - 2025-03-30T16:09:59.261298, 0.2788753258168484, 0.0, -1.691694448739288, 163.6902836826674, -43.389784389808426, -17.728940921079833, 0.0016000000400000006, -73.6902836826674
2025-03-30 16:09:59,301 - 2025-03-30T16:09:59.301702, 0.2806389267096807, 0.0, -1.6862889226880324, 163.51468368260373, -43.33723367305053, -17.90776053446479, 0.0016000000400000006, -73.51468368260373
2025-03-30 16:09:59,341 - 2025-03-30T16:09:59.340983, 0.28212009093085433, 0.0, -1.6808985467688675, 163.61578368264037, -43.29392232640698, -18.085810296299275, 0.0016000000400000006, -73.61578368264037
2025-03-30 16:09:59,381 - 2025-03-30T16:09:59.381586, 0.2835495836492261, 0.0, -1.6758650042222984, 163.56028368262028, -43.25195850785395, -18.252118382603207, 0.0016000000400000006, -73.56028368262028
2025-03-30 16:09:59,442 - 2025-03-30T16:09:59.442054, 0.2861805118361409, 0.0, -1.668146959335457, 163.46278368258493, -43.17322880809953, -18.507547437329613, 0.0016000000400000006, -73.46278368258493
2025-03-30 16:09:59,500 - 2025-03-30T16:09:59.500865, 0.2887521934542092, 0.0, -1.6606445294853822, 163.2615836825119, -43.09623156221083, -18.755854501582625, 0.0016000000400000006, -73.26158368251191
2025-03-30 16:09:59,542 - 2025-03-30T16:09:59.542566, 0.2901589609744457, 0.0, -1.6551873319313248, 163.1967836824884, -43.055422520983484, -18.936021643058098, 0.0016000000400000006, -73.19678368248839
2025-03-30 16:09:59,601 - 2025-03-30T16:09:59.601487, 0.29253017768783796, 0.0, -1.6479080921840623, 163.07608368244456, -42.9847774140177, -19.17682179106249, 0.0016000000400000006, -73.07608368244456
2025-03-30 16:09:59,642 - 2025-03-30T16:09:59.642046, 0.2944349969164999, 0.0, -1.6424949910667626, 162.93588368239367, -42.927607012202614, -19.356026330222644, 0.0016000000400000006, -72.93588368239367
2025-03-30 16:09:59,661 - 2025-03-30T16:09:59.661054, 0.29429107066164173, 0.0, -1.6398118426860044, 163.64828368265216, -42.934920601932006, -19.443800346309008, 0.0016000000400000006, -73.64828368265216
2025-03-30 16:09:59,740 - 2025-03-30T16:09:59.740896, 0.2942112581226475, 0.0, -1.6343635741575069, 163.3376836825395, -42.942810716692634, -19.622235609673126, 0.0016000000400000006, -73.3376836825395
2025-03-30 16:09:59,981 - 2025-03-30T16:09:59.981181, 0.29897696543860697, 0.0, -1.628159701675048, 162.84098368235917, -42.792668937194, -19.830119709982856, 0.0016000000400000006, -72.84098368235917
2025-03-30 16:10:00,021 - 2025-03-30T16:10:00.021532, 0.30080738796633133, 0.0, -1.6226797789228553, 162.55098368225376, -42.73800084079514, -20.011441628784016, 0.0016000000400000006, -72.55098368225376
2025-03-30 16:10:00,061 - 2025-03-30T16:10:00.061448, 0.3032908767108866, 0.0, -1.6161734524896318, 162.28548368215718, -42.662928799536985, -20.227025971861547, 0.0016000000400000006, -72.28548368215718
2025-03-30 16:10:00,101 - 2025-03-30T16:10:00.101580, 0.306397131408092, 0.0, -1.6080758490320592, 161.98918368204934, -42.56899251652051, -20.49535147944419, 0.0016000000400000006, -71.98918368204934
2025-03-30 16:10:00,140 - 2025-03-30T16:10:00.140841, 0.3091162524685207, 0.0, -1.5993617007283674, 161.81508368198593, -42.4883376121355, -20.78350325534604, 0.0016000000400000006, -71.81508368198593
2025-03-30 16:10:00,181 - 2025-03-30T16:10:00.181167, 0.3124078219383115, 0.0, -1.5907584704963242, 161.54878368188886, -42.38881904174658, -21.068575049291645, 0.0016000000400000006, -71.54878368188886
2025-03-30 16:10:00,221 - 2025-03-30T16:10:00.221902, 0.3152392150299024, 0.0, -1.582817235506671, 161.2497836817798, -42.303737203069254, -21.331511020266657, 0.0016000000400000006, -71.2497836817798
2025-03-30 16:10:00,262 - 2025-03-30T16:10:00.262557, 0.31805681194891866, 0.0, -1.575938925568761, 160.93608368166528, -42.21807826360622, -21.559606890425215, 0.0016000000400000006, -70.93608368166528
2025-03-30 16:10:00,300 - 2025-03-30T16:10:00.300765, 0.3199086057152636, 0.0, -1.569537296100655, 160.84848368163327, -42.163602342217786, -21.77114922498563, 0.0016000000400000006, -70.84848368163327
2025-03-30 16:10:00,341 - 2025-03-30T16:10:00.341030, 0.32165705647600573, 0.0, -1.5638493333777408, 160.8446836816319, -42.111821477010345, -21.95920820848494, 0.0016000000400000006, -70.84468368163189
2025-03-30 16:10:00,382 - 2025-03-30T16:10:00.382821, 0.32343580750092826, 0.0, -1.558726243998144, 160.6058836815446, -42.058500908701994, -22.128788451755543, 0.0016000000400000006, -70.60588368154461
2025-03-30 16:10:00,442 - 2025-03-30T16:10:00.442734, 0.325911721179438, 0.0, -1.5520786992290905, 160.57508368153336, -41.9838137932191, -22.348992479890274, 0.0016000000400000006, -70.57508368153336
2025-03-30 16:10:00,501 - 2025-03-30T16:10:00.501085, 0.3280762518816229, 0.0, -1.5462267929722118, 160.5114836815101, -41.91855879861535, -22.54282592577244, 0.0016000000400000006, -70.5114836815101
2025-03-30 16:10:00,564 - 2025-03-30T16:10:00.564066, 0.33030760421869987, 0.0, -1.5403004900143955, 160.4524836814885, -41.85118642437065, -22.73916167707082, 0.0016000000400000006, -70.4524836814885
2025-03-30 16:10:00,620 - 2025-03-30T16:10:00.620790, 0.3324494097227495, 0.0, -1.534024928750029, 160.27528368142367, -41.7870862070926, -22.94685417812451, 0.0016000000400000006, -70.27528368142367
2025-03-30 16:10:00,681 - 2025-03-30T16:10:00.681866, 0.3353338282766569, 0.0, -1.527072222111181, 160.00408368132437, -41.69930988798865, -23.177452353699298, 0.0016000000400000006, -70.00408368132437
2025-03-30 16:10:00,720 - 2025-03-30T16:10:00.720962, 0.33711257930157945, 0.0, -1.5219491327315842, 159.9677836813111, -41.64598931968028, -23.3470325969699, 0.0016000000400000006, -69.96778368131109
2025-03-30 16:10:00,761 - 2025-03-30T16:10:00.761734, 0.33798341978316504, 0.0, -1.515741747061624, 159.27998368105887, -41.62346626791682, -23.551260766046514, 0.0016000000400000006, -69.27998368105887
2025-03-30 16:10:00,800 - 2025-03-30T16:10:00.800872, 0.33811029325537767, 0.0, -1.508866145042742, 159.397483681102, -41.6259662703154, -23.77666273153287, 0.0016000000400000006, -69.39748368110199
2025-03-30 16:10:00,840 - 2025-03-30T16:10:00.840822, 0.3384906570945825, 0.0, -1.5027558812718542, 159.4677836811278, -41.61941965336445, -23.977233817867603, 0.0016000000400000006, -69.4677836811278
2025-03-30 16:10:00,882 - 2025-03-30T16:10:00.882796, 0.3409451995344712, 0.0, -1.4970300432187145, 159.2097836810331, -41.54454036287114, -24.167217430243063, 0.0016000000400000006, -69.20978368103309
2025-03-30 16:10:00,921 - 2025-03-30T16:10:00.921279, 0.3432874699431969, 0.0, -1.4905312918515352, 158.80638368088486, -41.47408800667018, -24.38241684754539, 0.0016000000400000006, -68.80638368088486
2025-03-30 16:10:00,960 - 2025-03-30T16:10:00.960917, 0.3468490338715853, 0.0, -1.4843211982625464, 158.5324836807841, -41.363406013045136, -24.589338921294217, 0.0016000000400000006, -68.53248368078411
2025-03-30 16:10:01,001 - 2025-03-30T16:10:01.000975, 0.34933252261614056, 0.0, -1.4778148718293225, 158.32148368070645, -41.288333971787, -24.80492326437176, 0.0016000000400000006, -68.32148368070645
2025-03-30 16:10:01,040 - 2025-03-30T16:10:01.040887, 0.3515866001513528, 0.0, -1.4723122238789945, 158.29828368069792, -41.219806820216604, -24.987399960498603, 0.0016000000400000006, -68.29828368069792
2025-03-30 16:10:01,101 - 2025-03-30T16:10:01.101763, 0.354322225303386, 0.0, -1.465225873970363, 158.02568368059744, -41.13703511194504, -25.222232895355315, 0.0016000000400000006, -68.02568368059744
2025-03-30 16:10:01,161 - 2025-03-30T16:10:01.161709, 0.3566569206460666, 0.0, -1.458585904267355, 157.83878368052856, -41.06696768151931, -25.442051997714795, 0.0016000000400000006, -67.83878368052856
2025-03-30 16:10:01,221 - 2025-03-30T16:10:01.221359, 0.35885039765291715, 0.0, -1.4519535096303917, 157.61878368044736, -41.00151993615078, -25.661486174299064, 0.0016000000400000006, -67.61878368044736
2025-03-30 16:10:01,281 - 2025-03-30T16:10:01.281750, 0.3612594896965349, 0.0, -1.4453803615622753, 157.46138368038928, -40.92895020030885, -25.879187897017594, 0.0016000000400000006, -67.46138368038929
2025-03-30 16:10:01,320 - 2025-03-30T16:10:01.320932, 0.36289702238562915, 0.0, -1.440264847248724, 157.38148368035974, -40.88024931705763, -26.048383214512963, 0.0016000000400000006, -67.38148368035974
2025-03-30 16:10:01,363 - 2025-03-30T16:10:01.363593, 0.3652330716878236, 0.0, -1.4349702392691177, 157.28608368032448, -40.80883493429582, -26.224122845941647, 0.0016000000400000006, -67.28608368032448
2025-03-30 16:10:01,401 - 2025-03-30T16:10:01.401170, 0.36756912099001804, 0.0, -1.4296756312895105, 157.12038368026322, -40.737420551533994, -26.39986247737037, 0.0016000000400000006, -67.12038368026322
2025-03-30 16:10:01,441 - 2025-03-30T16:10:01.441604, 0.3702241283345833, 0.0, -1.423726603133559, 156.98548368021332, -40.65618912211775, -26.59735300599444, 0.0016000000400000006, -66.98548368021332
2025-03-30 16:10:01,480 - 2025-03-30T16:10:01.480888, 0.3729535323800852, 0.0, -1.4178443966124994, 156.85518368016514, -40.57245538728533, -26.792726154977537, 0.0016000000400000006, -66.85518368016514
2025-03-30 16:10:01,521 - 2025-03-30T16:10:01.521310, 0.3752668564841444, 0.0, -1.4121261336254043, 156.6903836801041, -40.502195781849196, -26.982324841577775, 0.0016000000400000006, -66.6903836801041
2025-03-30 16:10:01,583 - 2025-03-30T16:10:01.583581, 0.37787641343243905, 0.0, -1.405329795454477, 157.61878368044736, -40.42327390708432, -27.20753348054489, 0.0016000000400000006, -67.61878368044736
2025-03-30 16:10:01,661 - 2025-03-30T16:10:01.661166, 0.37927560588663, 0.0, -1.39973137956459, 158.1101836806286, -40.38284979163222, -27.392320307077544, 0.0016000000400000006, -68.11018368062861
2025-03-30 16:10:01,721 - 2025-03-30T16:10:01.721072, 0.37968762394952993, 0.0, -1.3955313508604212, 159.0425836809717, -40.37341651924424, -27.53033318225277, 0.0016000000400000006, -69.04258368097169
2025-03-30 16:10:01,820 - 2025-03-30T16:10:01.820715, 0.3814209245781819, 0.0, -1.3895609514658487, 159.45148368112183, -40.322405505587255, -27.727631535866422, 0.0016000000400000006, -69.45148368112183
2025-03-30 16:10:01,881 - 2025-03-30T16:10:01.881282, 0.3834593870766274, 0.0, -1.3839990569466734, 159.65338368119586, -40.26100034449025, -27.911840685859016, 0.0016000000400000006, -69.65338368119586
2025-03-30 16:10:01,942 - 2025-03-30T16:10:01.942520, 0.3868570074710509, 0.0, -1.3773728834162409, 159.34398368108236, -40.15609281324808, -28.132236889004165, 0.0016000000400000006, -69.34398368108236
2025-03-30 16:10:01,981 - 2025-03-30T16:10:01.981498, 0.3900024914579965, 0.0, -1.371326733361217, 159.21208368103393, -40.05888494901933, -28.33338450037012, 0.0016000000400000006, -69.21208368103393
2025-03-30 16:10:02,020 - 2025-03-30T16:10:02.020814, 0.3953406471833181, 0.0, -1.3652337789504068, 158.70388368084718, -39.88987950351678, -28.53818861872359, 0.0016000000400000006, -68.70388368084718
2025-03-30 16:10:02,041 - 2025-03-30T16:10:02.041320, 0.3987120291921036, 0.0, -1.3620788172468616, 157.88488368054556, -39.78247081836723, -28.644825149305056, 0.0016000000400000006, -67.88488368054556
2025-03-30 16:10:02,080 - 2025-03-30T16:10:02.080825, 0.4044814149909599, 0.0, -1.3561043559737458, 157.68118368047038, -39.599221391917865, -28.84616435992704, 0.0016000000400000006, -67.68118368047038
2025-03-30 16:10:02,121 - 2025-03-30T16:10:02.121007, 0.40757251955607554, 0.0, -1.3477243158445154, 158.6100836808127, -39.50605496045183, -29.123729237624, 0.0016000000400000006, -68.61008368081269
2025-03-30 16:10:02,140 - 2025-03-30T16:10:02.140785, 0.4105491928620384, 0.0, -1.343811590959021, 157.6618836804633, -39.41231257970902, -29.254811721581888, 0.0016000000400000006, -67.66188368046329
2025-03-30 16:10:02,182 - 2025-03-30T16:10:02.182397, 0.4140287850234441, 0.0, -1.33739345739931, 157.3339836803422, -39.30451781727541, -29.468470860028877, 0.0016000000400000006, -67.33398368034219
2025-03-30 16:10:02,220 - 2025-03-30T16:10:02.220795, 0.4166156167736026, 0.0, -1.3301734642208944, 157.2314836803043, -39.22675071983627, -29.70753855416753, 0.0016000000400000006, -67.23148368030431
2025-03-30 16:10:02,260 - 2025-03-30T16:10:02.260779, 0.4196426076228539, 0.0, -1.324558544239403, 156.8527836801642, -39.13300776333901, -29.894442184586747, 0.0016000000400000006, -66.85278368016421
2025-03-30 16:10:02,300 - 2025-03-30T16:10:02.300908, 0.42211987526087835, 0.0, -1.3192563611937516, 156.66378368009427, -39.05697369551999, -30.07056674179066, 0.0016000000400000006, -66.66378368009427
2025-03-30 16:10:02,363 - 2025-03-30T16:10:02.362979, 0.4255250707213465, 0.0, -1.3127714059991487, 156.35528367997992, -38.95168123850261, -30.286343259878624, 0.0016000000400000006, -66.35528367997993
2025-03-30 16:10:02,421 - 2025-03-30T16:10:02.421315, 0.42818765313195684, 0.0, -1.3069635961790258, 156.07848367987725, -38.87006488331114, -30.479214103445543, 0.0016000000400000006, -66.07848367987725
2025-03-30 16:10:02,481 - 2025-03-30T16:10:02.481247, 0.43142268395192973, 0.0, -1.301266704430553, 155.8806836798038, -38.76958486211573, -30.669004965056157, 0.0016000000400000006, -65.88068367980381
2025-03-30 16:10:02,541 - 2025-03-30T16:10:02.541110, 0.43426300606908086, 0.0, -1.2948120495001305, 155.71928367974382, -38.68277114532704, -30.8832417800432, 0.0016000000400000006, -65.71928367974382
2025-03-30 16:10:02,602 - 2025-03-30T16:10:02.602114, 0.437668201529549, 0.0, -1.2883270943055276, 155.54728367967988, -38.577478688309654, -31.099018298131163, 0.0016000000400000006, -65.54728367967988
2025-03-30 16:10:02,641 - 2025-03-30T16:10:02.641584, 0.43987818262800493, 0.0, -1.283322498063625, 155.38058367961784, -38.50991413905452, -31.265133633670278, 0.0016000000400000006, -65.38058367961784
2025-03-30 16:10:02,682 - 2025-03-30T16:10:02.682088, 0.4428459269084093, 0.0, -1.2779231931189003, 155.0930836795108, -38.41790363642302, -31.444915273616104, 0.0016000000400000006, -65.09308367951081
2025-03-30 16:10:02,721 - 2025-03-30T16:10:02.721553, 0.44646673740564413, 0.0, -1.2714974844931448, 155.21838367955746, -38.30548918893225, -31.65895933783831, 0.0016000000400000006, -65.21838367955746
2025-03-30 16:10:02,760 - 2025-03-30T16:10:02.760823, 0.45050498180383647, 0.0, -1.2662531940568251, 155.55108367968128, -38.17825365970907, -31.83469839351262, 0.0016000000400000006, -65.55108367968128
2025-03-30 16:10:02,841 - 2025-03-30T16:10:02.841699, 0.45604495639334974, 0.0, -1.2612824112666057, 155.2372836795645, -38.001549122947466, -32.00292995718389, 0.0016000000400000006, -65.23728367956451
2025-03-30 16:10:02,922 - 2025-03-30T16:10:02.922605, 0.4612432477423569, 0.0, -1.2565423936452422, 154.93498367945188, -37.83581641016597, -32.163269678831334, 0.0016000000400000006, -64.93498367945188
2025-03-30 16:10:02,980 - 2025-03-30T16:10:02.980956, 0.46511754860658483, 0.0, -1.2508820232674802, 153.9133836790703, -37.71435534332564, -32.35248286390193, 0.0016000000400000006, -63.91338367907031
2025-03-30 16:10:03,000 - 2025-03-30T16:10:03.000955, 0.4665586782695441, 0.0, -1.2500257842269442, 153.28948367883646, -37.66796574198908, -32.381932852356336, 0.0016000000400000006, -63.28948367883646
2025-03-30 16:10:03,060 - 2025-03-30T16:10:03.060942, 0.469445804742481, 0.0, -1.2457638010349004, 152.50068367853999, -37.57749551821288, -32.5243720860695, 0.0016000000400000006, -62.50068367853999
2025-03-30 16:10:03,183 - 2025-03-30T16:10:03.183097, 0.4744498522933429, 0.0, -1.2400428301287767, 151.8506836782949, -37.41907697091517, -32.716664677341946, 0.0016000000400000006, -61.8506836782949
2025-03-30 16:10:03,241 - 2025-03-30T16:10:03.241088, 0.47815263455756085, 0.0, -1.2338251614737423, 151.18418367804287, -37.30377529223294, -32.92397167686602, 0.0016000000400000006, -61.18418367804287
2025-03-30 16:10:03,282 - 2025-03-30T16:10:03.282615, 0.4819676888529405, 0.0, -1.2283804061327466, 151.09628367800957, -37.1840466792584, -33.106062871463244, 0.0016000000400000006, -61.09628367800957
2025-03-30 16:10:03,321 - 2025-03-30T16:10:03.321817, 0.4862629368056277, 0.0, -1.220006587110046, 151.27578367807757, -37.05142046191877, -33.3845897757211, 0.0016000000400000006, -61.27578367807757
2025-03-30 16:10:03,361 - 2025-03-30T16:10:03.361063, 0.49228039713341865, 0.0, -1.2094160171913182, 151.4547836781453, -36.86451222546431, -33.73741599091462, 0.0016000000400000006, -61.454783678145304
2025-03-30 16:10:03,382 - 2025-03-30T16:10:03.382167, 0.4963386588107177, 0.0, -1.2019046583156845, 151.39818367812387, -36.73881582358766, -33.98745493327896, 0.0016000000400000006, -61.39818367812388
2025-03-30 16:10:03,401 - 2025-03-30T16:10:03.401126, 0.49461318982554436, 0.0, -1.19349973376033, 152.6563836785986, -36.80348853561608, -34.26117170473245, 0.0016000000400000006, -62.65638367859859
2025-03-30 16:10:03,423 - 2025-03-30T16:10:03.423051, 0.49690243477195395, 0.0, -1.1860124540423458, 152.00768367835417, -36.73573065984175, -34.50870891743499, 0.0016000000400000006, -62.00768367835417
2025-03-30 16:10:03,440 - 2025-03-30T16:10:03.440860, 0.49813768369218003, 0.0, -1.179997958211016, 152.63248367858958, -36.70108100677251, -34.70696987336394, 0.0016000000400000006, -62.63248367858958
2025-03-30 16:10:03,461 - 2025-03-30T16:10:03.461494, 0.4992620145407578, 0.0, -1.1745559107890493, 152.2199836784342, -36.66951133565952, -34.88636716328894, 0.0016000000400000006, -62.219983678434204
2025-03-30 16:10:03,500 - 2025-03-30T16:10:03.500891, 0.5039533251557806, 0.0, -1.1682852166716988, 152.10998367839272, -36.521871861577075, -35.09636864323962, 0.0016000000400000006, -62.10998367839272
2025-03-30 16:10:03,540 - 2025-03-30T16:10:03.540830, 0.5089600806256711, 0.0, -1.165254969212378, 151.82088367828365, -36.36075940960716, -35.20050229265049, 0.0016000000400000006, -61.82088367828366
2025-03-30 16:10:03,581 - 2025-03-30T16:10:03.581275, 0.5111687077646132, 0.0, -1.1589050112470742, 151.10198367801175, -36.294541812688124, -35.410697099120384, 0.0016000000400000006, -61.10198367801175
2025-03-30 16:10:03,601 - 2025-03-30T16:10:03.601963, 0.5113072181814138, 0.0, -1.156206712734226, 151.84038367829098, -36.292616032303165, -35.499240966757206, 0.0016000000400000006, -61.840383678290976
2025-03-30 16:10:03,661 - 2025-03-30T16:10:03.660987, 0.5125045917714144, 0.0, -1.14948612522375, 151.41398367812985, -36.259891008110074, -35.72060034797201, 0.0016000000400000006, -61.41398367812985
2025-03-30 16:10:03,721 - 2025-03-30T16:10:03.720978, 0.5149742843433933, 0.0, -1.1440427238422686, 151.51528367816817, -36.1842418660663, -35.90134459023313, 0.0016000000400000006, -61.515283678168174
2025-03-30 16:10:03,801 - 2025-03-30T16:10:03.801130, 0.5180164253247352, 0.0, -1.1387102405324363, 151.29698367808558, -36.08972905801858, -36.079008850537974, 0.0016000000400000006, -61.296983678085574
2025-03-30 16:10:03,881 - 2025-03-30T16:10:03.881374, 0.521169484377725, 0.0, -1.132805308813241, 151.18648367804374, -35.99213626801463, -36.27553677684678, 0.0016000000400000006, -61.18648367804375
2025-03-30 16:10:03,940 - 2025-03-30T16:10:03.940850, 0.5244940620307257, 0.0, -1.1274576753713186, 150.98998367796932, -35.88838408985255, -36.45397088870209, 0.0016000000400000006, -60.98998367796932
2025-03-30 16:10:04,003 - 2025-03-30T16:10:04.003416, 0.5276168208195351, 0.0, -1.1209878703088059, 150.7900836778935, -35.79233100294952, -36.66897755523959, 0.0016000000400000006, -60.790083677893506
2025-03-30 16:10:04,060 - 2025-03-30T16:10:04.060814, 0.531111563113031, 0.0, -1.1148521734207537, 150.5908836778179, -35.68376638896546, -36.87339732357223, 0.0016000000400000006, -60.59088367781791
2025-03-30 16:10:04,141 - 2025-03-30T16:10:04.141129, 0.5341234038301925, 0.0, -1.108954816767604, 150.15078367765065, -35.59079328401866, -37.06954032410579, 0.0016000000400000006, -60.15078367765065
2025-03-30 16:10:04,421 - 2025-03-30T16:10:04.421397, 0.5349858639772584, 0.0, -1.1091918030429917, 149.60578367744301, -35.562305322125155, -37.06261050864282, 0.0016000000400000006, -59.60578367744302
2025-03-30 16:10:04,561 - 2025-03-30T16:10:04.561291, 0.5346655519753742, 0.0, -1.1085008614959353, 149.05078367723104, -35.57346932111565, -37.084939082378234, 0.0016000000400000006, -59.05078367723104
2025-03-30 16:10:04,624 - 2025-03-30T16:10:04.624118, 0.5342481180744167, 0.0, -1.1073194433064986, 148.1706836768937, -35.58829040284806, -37.123244090926164, 0.0016000000400000006, -58.170683676893695
2025-03-30 16:10:04,661 - 2025-03-30T16:10:04.661578, 0.5342543391809476, 0.0, -1.1061152999189265, 147.4886836766313, -35.58925242940894, -37.162703876799775, 0.0016000000400000006, -57.4886836766313
2025-03-30 16:10:04,720 - 2025-03-30T16:10:04.720956, 0.534430724927974, 0.0, -1.1041230930852257, 146.72518367633643, -35.58540202014782, -37.22814931915069, 0.0016000000400000006, -56.72518367633643
2025-03-30 16:10:04,783 - 2025-03-30T16:10:04.782982, 0.5336185823241957, 0.0, -1.1021839117138401, 146.09538367609233, -35.613889406286916, -37.29090028107502, 0.0016000000400000006, -56.095383676092325
2025-03-30 16:10:04,881 - 2025-03-30T16:10:04.881474, 0.5352360977341815, 0.0, -1.0993354658396033, 145.3967836758206, -35.56364939568923, -37.385795711880334, 0.0016000000400000006, -55.396783675820586
2025-03-30 16:10:04,920 - 2025-03-30T16:10:04.920867, 0.5352258147491078, 0.0, -1.0965035240569714, 144.72648367555888, -35.56672822613667, -37.47857433879908, 0.0016000000400000006, -54.72648367555888
2025-03-30 16:10:04,961 - 2025-03-30T16:10:04.961630, 0.5360806998301295, 0.0, -1.0965992919965295, 143.79938367519532, -35.538625190018365, -37.4762642083933, 0.0016000000400000006, -53.799383675195315
2025-03-30 16:10:05,021 - 2025-03-30T16:10:05.021363, 0.5377182325192225, 0.0, -1.0914837776829778, 143.47048367506588, -35.48992430676719, -37.64545952588868, 0.0016000000400000006, -53.470483675065886
2025-03-30 16:10:05,040 - 2025-03-30T16:10:05.040911, 0.5376941533615724, 0.0, -1.0897147609520883, 142.71838367476894, -35.492426036428995, -37.703398051990995, 0.0016000000400000006, -52.718383674768944
2025-03-30 16:10:05,121 - 2025-03-30T16:10:05.121299, 0.5364845941359428, 0.0, -1.084327092951952, 142.70378367476317, -35.53727363164704, -37.87875390915327, 0.0016000000400000006, -52.70378367476317
2025-03-30 16:10:05,202 - 2025-03-30T16:10:05.202735, 0.5366341928062917, 0.0, -1.0778751459405584, 142.8769836748317, -35.53861885671991, -38.090296819468094, 0.0016000000400000006, -52.876983674831706
2025-03-30 16:10:05,241 - 2025-03-30T16:10:05.241298, 0.5382414252312038, 0.0, -1.0721947582836897, 143.09918367491946, -35.49145767656967, -38.27797087719216, 0.0016000000400000006, -53.09918367491946
2025-03-30 16:10:05,281 - 2025-03-30T16:10:05.281541, 0.5413944842841945, 0.0, -1.0662898265644944, 143.16108367494388, -35.39386488656569, -38.47449880350096, 0.0016000000400000006, -53.16108367494388
2025-03-30 16:10:05,320 - 2025-03-30T16:10:05.320916, 0.5457579078312875, 0.0, -1.059186972564258, 143.11148367492433, -35.25777433724899, -38.71144854224425, 0.0016000000400000006, -53.11148367492433
2025-03-30 16:10:05,362 - 2025-03-30T16:10:05.362164, 0.5543378641741548, 0.0, -1.0541239350219822, 143.38438367503196, -34.981554108870476, -38.88564616755439, 0.0016000000400000006, -53.38438367503196
2025-03-30 16:10:05,383 - 2025-03-30T16:10:05.383090, 0.5609448256939542, 0.0, -1.0532030335745426, 143.3177836750057, -34.765968614284105, -38.92221641921895, 0.0016000000400000006, -53.3177836750057
2025-03-30 16:10:05,402 - 2025-03-30T16:10:05.402701, 0.5699235526181852, 0.0, -1.0529338443844192, 143.07428367490962, -34.47204122449058, -38.939729678360344, 0.0016000000400000006, -53.07428367490962
2025-03-30 16:10:05,441 - 2025-03-30T16:10:05.440972, 0.5837472507063306, 0.0, -1.0439780992357561, 142.30188367460397, -34.02777872867918, -39.24654891497488, 0.0016000000400000006, -52.30188367460398
2025-03-30 16:10:05,460 - 2025-03-30T16:10:05.460935, 0.5828753128426643, 0.0, -1.034323580896558, 142.3392836746188, -34.06569535692543, -39.56203502695338, 0.0016000000400000006, -52.3392836746188
2025-03-30 16:10:05,481 - 2025-03-30T16:10:05.481738, 0.5841043406563595, 0.0, -1.0295132284528004, 144.1628836753381, -34.03008367729532, -39.720836197008715, 0.0016000000400000006, -54.162883675338094
2025-03-30 16:10:05,524 - 2025-03-30T16:10:05.524912, 0.5932897535917983, 0.0, -1.0278167057722936, 143.61438367512253, -33.73076617513975, -39.78531615827232, 0.0016000000400000006, -53.614383675122525
2025-03-30 16:10:05,561 - 2025-03-30T16:10:05.561397, 0.595112601053478, 0.0, -1.0221955646842722, 143.46208367506256, -33.67648300451609, -39.971257762130634, 0.0016000000400000006, -53.46208367506256
2025-03-30 16:10:05,621 - 2025-03-30T16:10:05.621824, 0.6005492326373871, 0.0, -1.0179384486392435, 143.17268367494844, -33.50247352393553, -40.11600597474082, 0.0016000000400000006, -53.172683674948445
2025-03-30 16:10:05,720 - 2025-03-30T16:10:05.720834, 0.6057764702910613, 0.0, -1.0124179426377968, 143.11078367492402, -33.33654806038919, -40.301946427090336, 0.0016000000400000006, -53.11078367492402
2025-03-30 16:10:05,802 - 2025-03-30T16:10:05.802146, 0.6082158625988598, 0.0, -1.006409667912998, 142.95968367486438, -33.26243862144633, -40.501169409580164, 0.0016000000400000006, -52.95968367486438
2025-03-30 16:10:05,861 - 2025-03-30T16:10:05.861688, 0.6119124237565461, 0.0, -1.0013961426455356, 142.728583674773, -33.14617491620326, -40.66901662323062, 0.0016000000400000006, -52.728583674773006
2025-03-30 16:10:05,922 - 2025-03-30T16:10:05.922774, 0.6172884548120945, 0.0, -0.9960092799138724, 142.59068367471843, -32.975244841824534, -40.850722316298196, 0.0016000000400000006, -52.59068367471844
2025-03-30 16:10:05,980 - 2025-03-30T16:10:05.980896, 0.622224326768551, 0.0, -0.9890173439852852, 142.4190836746504, -32.82029062650386, -41.08459207308522, 0.0016000000400000006, -52.41908367465041
2025-03-30 16:10:06,041 - 2025-03-30T16:10:06.041703, 0.6282747952795513, 0.0, -0.981682370856678, 142.17568367455388, -32.629148782276275, -41.33078060618844, 0.0016000000400000006, -52.17568367455388
2025-03-30 16:10:06,080 - 2025-03-30T16:10:06.080764, 0.6323874363786799, 0.0, -0.9765049020552503, 142.05778367450708, -32.49941094763692, -41.504402282221776, 0.0016000000400000006, -52.05778367450708
2025-03-30 16:10:06,120 - 2025-03-30T16:10:06.120777, 0.6363664342080253, 0.0, -0.9714762266556978, 141.8696836744323, -32.37390787227948, -41.67301934742269, 0.0016000000400000006, -51.86968367443231
2025-03-30 16:10:06,180 - 2025-03-30T16:10:06.180798, 0.6423425060180885, 0.0, -0.9640744318921985, 141.70738367436775, -32.185268333468095, -41.92132526016688, 0.0016000000400000006, -51.70738367436775
2025-03-30 16:10:06,244 - 2025-03-30T16:10:06.244681, 0.6478508263839071, 0.0, -0.9571934140352596, 141.4825836742782, -32.01145045214351, -42.152115034997664, 0.0016000000400000006, -51.4825836742782
2025-03-30 16:10:06,301 - 2025-03-30T16:10:06.301158, 0.6532558037441221, 0.0, -0.9510260629235132, 141.31998367421338, -31.84032762699995, -42.35942145876731, 0.0016000000400000006, -51.319983674213375
2025-03-30 16:10:06,361 - 2025-03-30T16:10:06.361874, 0.6582522762289389, 0.0, -0.94516387368156, 141.17448367415528, -31.682294005477466, -42.556333735096935, 0.0016000000400000006, -51.17448367415528
2025-03-30 16:10:06,422 - 2025-03-30T16:10:06.422094, 0.6630407087430341, 0.0, -0.9393836562065898, 140.9968836740843, -31.53099744865314, -42.75035878023511, 0.0016000000400000006, -50.9968836740843
2025-03-30 16:10:06,481 - 2025-03-30T16:10:06.481248, 0.6676954979873453, 0.0, -0.9337522321334935, 140.87668367403623, -31.38393565111076, -42.93937921454091, 0.0016000000400000006, -50.87668367403623
2025-03-30 16:10:06,542 - 2025-03-30T16:10:06.542084, 0.6721498223269808, 0.0, -0.9283439981632102, 140.703683673967, -31.24322599249127, -43.120892732598044, 0.0016000000400000006, -50.70368367396699
2025-03-30 16:10:06,600 - 2025-03-30T16:10:06.600810, 0.6767377899364, 0.0, -0.9227869707910514, 140.4559836738677, -31.09828157458985, -43.307410861487625, 0.0016000000400000006, -50.455983673867706
2025-03-30 16:10:06,664 - 2025-03-30T16:10:06.664043, 0.6814518257495585, 0.0, -0.9169399316811888, 140.2252836737751, -30.94948732318171, -43.503553286266786, 0.0016000000400000006, -50.225283673775095
2025-03-30 16:10:06,741 - 2025-03-30T16:10:06.741766, 0.6864117768636637, 0.0, -0.9117170124834906, 140.18408367375855, -30.792031378199283, -43.6794845169515, 0.0016000000400000006, -50.18408367375855
2025-03-30 16:10:06,821 - 2025-03-30T16:10:06.821126, 0.6916011391871124, 0.0, -0.9054904148028973, 139.9436836736619, -30.628030543529096, -43.8885233945869, 0.0016000000400000006, -49.943683673661894
2025-03-30 16:10:06,880 - 2025-03-30T16:10:06.880900, 0.697139759817111, 0.0, -0.8991742702892753, 139.69178367356042, -30.45267295910361, -44.10083442918898, 0.0016000000400000006, -49.69178367356042
2025-03-30 16:10:06,942 - 2025-03-30T16:10:06.941972, 0.7034209934969682, 0.0, -0.8921809804011738, 139.39198367343946, -30.25363927285218, -44.3360511383121, 0.0016000000400000006, -49.391983673439455
2025-03-30 16:10:07,000 - 2025-03-30T16:10:07.000806, 0.7089747642590578, 0.0, -0.8861472725592114, 139.00688367328374, -30.077511836876205, -44.5391228027998, 0.0016000000400000006, -49.00688367328374
2025-03-30 16:10:07,081 - 2025-03-30T16:10:07.080966, 0.7150631081002841, 0.0, -0.8795183911097504, 138.66958367314703, -29.884445363772457, -44.762212910617166, 0.0016000000400000006, -48.66958367314703
2025-03-30 16:10:07,141 - 2025-03-30T16:10:07.141656, 0.7208097687010042, 0.0, -0.8731202748291467, 138.54298367309562, -29.70235071464882, -44.97741117641066, 0.0016000000400000006, -48.54298367309562
2025-03-30 16:10:07,180 - 2025-03-30T16:10:07.180896, 0.724864517190801, 0.0, -0.8695037827878869, 137.78408367278666, -29.572998381539072, -45.099831391039835, 0.0016000000400000006, -47.784083672786664
2025-03-30 16:10:07,261 - 2025-03-30T16:10:07.261247, 0.7301585764793672, 0.0, -0.863908880085503, 137.42438367263964, -29.404955538351768, -45.28827414880555, 0.0016000000400000006, -47.424383672639635
2025-03-30 16:10:07,340 - 2025-03-30T16:10:07.340893, 0.7348815413180856, 0.0, -0.8595484210348721, 136.91388367243042, -29.254429408832284, -45.43571741759672, 0.0016000000400000006, -46.913883672430416
2025-03-30 16:10:07,421 - 2025-03-30T16:10:07.421878, 0.7406812273811214, 0.0, -0.8541388331050732, 136.43668367223415, -29.06964027928204, -45.61857788799001, 0.0016000000400000006, -46.43668367223415
2025-03-30 16:10:07,481 - 2025-03-30T16:10:07.481236, 0.7455895069924252, 0.0, -0.8492727472799708, 135.84288367198903, -28.91353186239011, -45.78276744314417, 0.0016000000400000006, -45.84288367198903
2025-03-30 16:10:07,540 - 2025-03-30T16:10:07.540796, 0.7511067563838032, 0.0, -0.8438783094822631, 135.47778367183778, -28.73798210295419, -45.96485806198696, 0.0016000000400000006, -45.477783671837784
2025-03-30 16:10:07,581 - 2025-03-30T16:10:07.581270, 0.7549610399689235, 0.0, -0.8404850075438155, 134.97848367163033, -28.614981908767376, -46.079771360367516, 0.0016000000400000006, -44.97848367163033
2025-03-30 16:10:07,640 - 2025-03-30T16:10:07.640824, 0.7615260642799537, 0.0, -0.8348219292470249, 134.35188367136888, -28.405361900065486, -46.271678450110315, 0.0016000000400000006, -44.35188367136888
2025-03-30 16:10:07,704 - 2025-03-30T16:10:07.704482, 0.7674807648513955, 0.0, -0.828341841199439, 133.81798367114524, -28.216530186243695, -46.48976394709525, 0.0016000000400000006, -43.81798367114524
2025-03-30 16:10:07,762 - 2025-03-30T16:10:07.762512, 0.7747305096029513, 0.0, -0.8235625942883358, 133.32678367093862, -27.983619577245513, -46.65337524995494, 0.0016000000400000006, -43.326783670938624
2025-03-30 16:10:07,820 - 2025-03-30T16:10:07.820891, 0.7802780592585101, 0.0, -0.8187330298339455, 132.8029836707175, -27.806530114708668, -46.816987128569046, 0.0016000000400000006, -42.802983670717516
2025-03-30 16:10:07,901 - 2025-03-30T16:10:07.901665, 0.7858469801526891, 0.0, -0.8129817586636405, 132.34138367052185, -27.62963282718227, -47.01081942294243, 0.0016000000400000006, -42.34138367052185
2025-03-30 16:10:07,984 - 2025-03-30T16:10:07.984690, 0.7909722287602743, 0.0, -0.8095202811307871, 131.84738367031179, -27.465055467480838, -47.12919705330004, 0.0016000000400000006, -41.847383670311785
2025-03-30 16:10:08,061 - 2025-03-30T16:10:08.061697, 0.7958894373971375, 0.0, -0.8061407753649159, 130.99508366994732, -27.307215172477576, -47.24468745246623, 0.0016000000400000006, -40.99508366994732
2025-03-30 16:10:08,120 - 2025-03-30T16:10:08.120892, 0.8010374112028575, 0.0, -0.8031029528395504, 130.3438836696672, -27.14148303545047, -47.34920602765232, 0.0016000000400000006, -40.34388366966721
2025-03-30 16:10:08,241 - 2025-03-30T16:10:08.241346, 0.8026184052421326, 0.0, -0.8008937770095685, 129.8384836694488, -27.091820701392813, -47.42312041281272, 0.0016000000400000006, -39.838483669448806
2025-03-30 16:10:08,281 - 2025-03-30T16:10:08.281327, 0.8022099003667349, 0.0, -0.8011989388793626, 129.3321836692291, -27.104909905013884, -47.41272626537268, 0.0016000000400000006, -39.332183669229096
2025-03-30 16:10:08,321 - 2025-03-30T16:10:08.321036, 0.8024268693630159, 0.0, -0.8026035471716111, 128.78258366898953, -27.096440962204394, -47.36691434057615, 0.0016000000400000006, -38.78258366898953
2025-03-30 16:10:08,361 - 2025-03-30T16:10:08.361302, 0.8036613130147683, 0.0, -0.8031746416214589, 127.9375836686191, -27.055441473229862, -47.34939762690833, 0.0016000000400000006, -37.9375836686191
2025-03-30 16:10:08,461 - 2025-03-30T16:10:08.461170, 0.8054200467605841, 0.0, -0.800318620681177, 127.29388366833513, -27.000581777574986, -47.44467798348889, 0.0016000000400000006, -37.29388366833513
2025-03-30 16:10:08,501 - 2025-03-30T16:10:08.501759, 0.8062294814453348, 0.0, -0.7995670786057598, 126.77968366810711, -26.974788296108073, -47.47008596342613, 0.0016000000400000006, -36.77968366810711
2025-03-30 16:10:08,601 - 2025-03-30T16:10:08.601448, 0.8069961736528422, 0.0, -0.8006589499621684, 126.12018366781321, -26.948610464620366, -47.435053111844894, 0.0016000000400000006, -36.12018366781321
2025-03-30 16:10:08,682 - 2025-03-30T16:10:08.682042, 0.8077312116366553, 0.0, -0.7998405862518587, 125.43318366750518, -26.925319288569664, -47.46257847142312, 0.0016000000400000006, -35.433183667505176
2025-03-30 16:10:08,721 - 2025-03-30T16:10:08.721322, 0.808364260574379, 0.0, -0.8010812510101419, 124.70648366717727, -26.903376216363885, -47.422541009009464, 0.0016000000400000006, -34.70648366717727
2025-03-30 16:10:08,767 - 2025-03-30T16:10:08.767240, 0.8093162675544727, 0.0, -0.8016674955920804, 123.91578366681802, -26.871616097503708, -47.40425444379118, 0.0016000000400000006, -33.915783666818015
2025-03-30 16:10:08,781 - 2025-03-30T16:10:08.781166, 0.8101787277015395, 0.0, -0.8019044818674685, 123.25918366651767, -26.84312813561018, -47.3973246283282, 0.0016000000400000006, -33.25918366651767
2025-03-30 16:10:08,801 - 2025-03-30T16:10:08.801436, 0.8115316644909858, 0.0, -0.8020443462437834, 122.23108366604363, -26.79866373890417, -47.39405189560714, 0.0016000000400000006, -32.23108366604363
2025-03-30 16:10:08,820 - 2025-03-30T16:10:08.820959, 0.8132565847851194, 0.0, -0.8025183187945593, 120.80208366537691, -26.741687815117107, -47.38019226468119, 0.0016000000400000006, -30.802083665376916
2025-03-30 16:10:08,841 - 2025-03-30T16:10:08.841340, 0.816363388173365, 0.0, -0.8023516673415654, 119.5451836647826, -26.64005474385923, -47.388660631736286, 0.0016000000400000006, -29.5451836647826
2025-03-30 16:10:08,860 - 2025-03-30T16:10:08.860934, 0.8187124283796621, 0.0, -0.8025797245913937, 117.5734836638348, -26.562867625977756, -47.38346269438466, 0.0016000000400000006, -27.573483663834807
2025-03-30 16:10:08,885 - 2025-03-30T16:10:08.885022, 0.8219315037990711, 0.0, -0.8031859864524398, 115.40658366277012, -26.456807620427508, -47.36671525651286, 0.0016000000400000006, -25.406583662770117
2025-03-30 16:10:08,901 - 2025-03-30T16:10:08.901366, 0.8258945462278526, 0.0, -0.8044604646624061, 113.13988366162873, -26.32572456071523, -47.32879402223137, 0.0016000000400000006, -23.13988366162873
2025-03-30 16:10:08,922 - 2025-03-30T16:10:08.922357, 0.8296481947263978, 0.0, -0.8044715529159534, 110.70418366036859, -26.20272551803723, -47.332065027689225, 0.0016000000400000006, -20.704183660368585
2025-03-30 16:10:08,941 - 2025-03-30T16:10:08.941582, 0.8349717490106707, 0.0, -0.8060271138380641, 107.90888365887587, -26.026793135843715, -47.286251375629476, 0.0016000000400000006, -17.908883658875865
2025-03-30 16:10:08,963 - 2025-03-30T16:10:08.963090, 0.8398640732214107, 0.0, -0.807464181622481, 105.00868365727005, -25.86510473459695, -47.24390263130122, 0.0016000000400000006, -15.008683657270055
2025-03-30 16:10:08,981 - 2025-03-30T16:10:08.981614, 0.8452985455773319, 0.0, -0.8084472941352288, 102.41828365578216, -25.686092370447195, -47.21695264524542, 0.0016000000400000006, -12.418283655782162
2025-03-30 16:10:09,001 - 2025-03-30T16:10:09.001024, 0.8506220998616056, 0.0, -0.8100028550573404, 99.79318365421813, -25.510159988253655, -47.17113899318564, 0.0016000000400000006, -9.793183654218126
2025-03-30 16:10:09,023 - 2025-03-30T16:10:09.022989, 0.8564209806561682, 0.0, -0.8111788574087195, 97.11648365255996, -25.3190210227981, -47.13822179398215, 0.0016000000400000006, -7.116483652559964
2025-03-30 16:10:09,041 - 2025-03-30T16:10:09.041397, 0.8619009034083609, 0.0, -0.8130092799364439, 94.81148365107627, -25.137699103996944, -47.083553697583284, 0.0016000000400000006, -4.811483651076273
2025-03-30 16:10:09,064 - 2025-03-30T16:10:09.064695, 0.8675447696945184, 0.0, -0.815255782405611, 91.7993836490525, -24.950602722812913, -47.01541147178812, 0.0016000000400000006, -1.7993836490525013
2025-03-30 16:10:09,081 - 2025-03-30T16:10:09.081058, 0.8723929974685016, 0.0, -0.8171909018984538, 89.78408372905432, -24.789876923881433, -46.95670136687211, 0.0016000000400000006, 0.21591627094568366
2025-03-30 16:10:09,100 - 2025-03-30T16:10:09.100741, 0.8775829084829905, 0.0, -0.8188952562224387, 87.42508372741794, -24.618179300969857, -46.90588310397996, 0.0016000000400000006, 2.5749162725820582
2025-03-30 16:10:09,121 - 2025-03-30T16:10:09.121071, 0.882721147994677, 0.0, -0.8209564439190196, 85.44438372609301, -24.447829206148814, -46.843323165557265, 0.0016000000400000006, 4.555616273906992
2025-03-30 16:10:09,141 - 2025-03-30T16:10:09.140982, 0.8872793640309569, 0.0, -0.8227654952081234, 83.32078372471861, -24.2967277031069, -46.78846289414797, 0.0016000000400000006, 6.679216275281391
2025-03-30 16:10:09,161 - 2025-03-30T16:10:09.161239, 0.8915551433955775, 0.0, -0.8245896966293169, 81.58948372363129, -24.15486557017935, -46.73283277118822, 0.0016000000400000006, 8.41051627636871
2025-03-30 16:10:09,182 - 2025-03-30T16:10:09.182810, 0.8949167911103295, 0.0, -0.8265337451477182, 79.88088372258564, -24.04283892723585, -46.672390788160904, 0.0016000000400000006, 10.119116277414363
2025-03-30 16:10:09,201 - 2025-03-30T16:10:09.201612, 0.8974235537440611, 0.0, -0.8283820257265613, 78.65278372185007, -23.958915320410608, -46.61425893553937, 0.0016000000400000006, 11.34721627814993
2025-03-30 16:10:09,220 - 2025-03-30T16:10:09.220830, 0.8992166496326006, 0.0, -0.8301269632998016, 77.63878372125242, -23.898475064646483, -46.55882213909883, 0.0016000000400000006, 12.361216278747577
2025-03-30 16:10:09,241 - 2025-03-30T16:10:09.241213, 0.9010021704550946, 0.0, -0.8317306825372119, 77.01118372088676, -23.838419734657602, -46.50800502771549, 0.0016000000400000006, 12.988816279113237
2025-03-30 16:10:09,262 - 2025-03-30T16:10:09.262502, 0.9027939123841189, 0.0, -0.8321302583870498, 76.37428372051895, -23.779326431229613, -46.49664770220577, 0.0016000000400000006, 13.625716279481054
2025-03-30 16:10:09,282 - 2025-03-30T16:10:09.282389, 0.9043259428396211, 0.0, -0.8329686393764666, 75.8197837202013, -23.728317720590244, -46.47066146997404, 0.0016000000400000006, 14.1802162797987
2025-03-30 16:10:09,300 - 2025-03-30T16:10:09.300775, 0.9047798981112902, 0.0, -0.8335107875216488, 75.17588371983547, -23.712918962317783, -46.453337507071026, 0.0016000000400000006, 14.824116280164532
2025-03-30 16:10:09,361 - 2025-03-30T16:10:09.360979, 0.9066549657668115, 0.0, -0.8354637650656098, 74.66398371954683, -23.649591475362243, -46.39116364593235, 0.0016000000400000006, 15.336016280453167
2025-03-30 16:10:09,400 - 2025-03-30T16:10:09.400919, 0.9078150127176268, 0.0, -0.8359680378805661, 73.99138371917059, -23.611094291803916, -46.3757643119055, 0.0016000000400000006, 16.008616280829415
2025-03-30 16:10:09,484 - 2025-03-30T16:10:09.484287, 0.9091844535986779, 0.0, -0.8377357006519413, 73.17708371871954, -23.564513091211328, -46.31917273813928, 0.0016000000400000006, 16.82291628128046
2025-03-30 16:10:09,521 - 2025-03-30T16:10:09.521795, 0.9098250776024464, 0.0, -0.8391175837460536, 72.62188371841472, -23.54218509323033, -46.274515590668464, 0.0016000000400000006, 17.378116281585278
2025-03-30 16:10:09,561 - 2025-03-30T16:10:09.561831, 0.9114769551551571, 0.0, -0.840870096385339, 71.70948371791846, -23.48636452252336, -46.2186938684527, 0.0016000000400000006, 18.29051628208154
2025-03-30 16:10:09,582 - 2025-03-30T16:10:09.582686, 0.9132914222823167, 0.0, -0.8416933272426648, 70.94868371750901, -23.42611644176969, -46.19347748777146, 0.0016000000400000006, 19.051316282490987
2025-03-30 16:10:09,601 - 2025-03-30T16:10:09.601108, 0.9142661544605466, 0.0, -0.8427032268320915, 70.32358371717548, -23.393201545583796, -46.161331867381634, 0.0016000000400000006, 19.67641628282452
2025-03-30 16:10:09,622 - 2025-03-30T16:10:09.621948, 0.9153152833397136, 0.0, -0.8437799480564108, 69.73478371686363, -23.35778434398171, -46.12706886735082, 0.0016000000400000006, 20.26521628313637
2025-03-30 16:10:09,641 - 2025-03-30T16:10:09.641671, 0.9169595858263779, 0.0, -0.8453912423598657, 68.81468371638083, -23.30234869905001, -46.07586683019226, 0.0016000000400000006, 21.185316283619173
2025-03-30 16:10:09,662 - 2025-03-30T16:10:09.662541, 0.9192507334233428, 0.0, -0.8471802763698624, 67.99558371595542, -23.225547082698153, -46.019467431436446, 0.0016000000400000006, 22.00441628404458
2025-03-30 16:10:09,683 - 2025-03-30T16:10:09.683774, 0.9215418810203069, 0.0, -0.8489693103798586, 67.06208371547561, -23.148745466346323, -45.96306803268065, 0.0016000000400000006, 22.93791628452439
2025-03-30 16:10:09,702 - 2025-03-30T16:10:09.702544, 0.924107890222885, 0.0, -0.850601975921935, 66.24068371505766, -23.063089405655354, -45.912058170532504, 0.0016000000400000006, 23.759316284942344
2025-03-30 16:10:09,720 - 2025-03-30T16:10:09.720746, 0.926473434520787, 0.0, -0.8524578315668241, 65.23338371455041, -22.983785483887296, -45.85354139213571, 0.0016000000400000006, 24.766616285449587
2025-03-30 16:10:09,740 - 2025-03-30T16:10:09.740794, 0.9287645821177519, 0.0, -0.8542468655768203, 64.39208371413112, -22.906983867535438, -45.79714199337992, 0.0016000000400000006, 25.607916285868882
2025-03-30 16:10:09,760 - 2025-03-30T16:10:09.760751, 0.931122551349608, 0.0, -0.8559615028858789, 63.42928371365603, -22.828064871542637, -45.74324490004033, 0.0016000000400000006, 26.570716286343973
2025-03-30 16:10:09,782 - 2025-03-30T16:10:09.782774, 0.9334061238805278, 0.0, -0.8576093185600464, 62.49628371320029, -22.751648180966, -45.691465186341695, 0.0016000000400000006, 27.50371628679971
2025-03-30 16:10:09,802 - 2025-03-30T16:10:09.802937, 0.9354968065728158, 0.0, -0.859621542672854, 61.60728371277025, -22.681198703537085, -45.6275588713373, 0.0016000000400000006, 28.392716287229753
2025-03-30 16:10:09,841 - 2025-03-30T16:10:09.841095, 0.9363998499691366, 0.0, -0.8632553440741915, 60.733383712351355, -22.648092208095196, -45.50937168872687, 0.0016000000400000006, 29.26661628764865
2025-03-30 16:10:09,882 - 2025-03-30T16:10:09.882868, 0.9375260834682688, 0.0, -0.867089610380205, 60.08218371204165, -22.607478796404713, -45.384832367193525, 0.0016000000400000006, 29.917816287958356
2025-03-30 16:10:09,903 - 2025-03-30T16:10:09.901024, 0.9379435173692263, 0.0, -0.8682710285696418, 59.552483711791226, -22.5926577146723, -45.34652735864561, 0.0016000000400000006, 30.447516288208774
2025-03-30 16:10:09,920 - 2025-03-30T16:10:09.920762, 0.9382651833306248, 0.0, -0.8703073318400993, 58.81878371144652, -22.5801467633457, -45.280119313979405, 0.0016000000400000006, 31.181216288553482
2025-03-30 16:10:09,941 - 2025-03-30T16:10:09.941228, 0.9386171495562046, 0.0, -0.8729085084538752, 58.186583711151485, -22.56609610891815, -45.195232529084464, 0.0016000000400000006, 31.81341628884851
2025-03-30 16:10:09,961 - 2025-03-30T16:10:09.961541, 0.9394292921599838, 0.0, -0.8748476898252604, 56.999483710602384, -22.537608722779026, -45.132481567160156, 0.0016000000400000006, 33.000516289397616
2025-03-30 16:10:09,981 - 2025-03-30T16:10:09.981013, 0.9405844719637821, 0.0, -0.8779014677511894, 55.33008370984051, -22.496802560323736, -45.033542976328924, 0.0016000000400000006, 34.66991629015949
2025-03-30 16:10:10,000 - 2025-03-30T16:10:10.000871, 0.9420448136373754, 0.0, -0.8813637505525169, 53.87018370918371, -22.44560225042837, -44.921515181876586, 0.0016000000400000006, 36.129816290816294
2025-03-30 16:10:10,021 - 2025-03-30T16:10:10.021125, 0.9440700286542856, 0.0, -0.8847957330896641, 52.44598370855114, -22.375923200304317, -44.811027090525165, 0.0016000000400000006, 37.55401629144886
2025-03-30 16:10:10,041 - 2025-03-30T16:10:10.040994, 0.9457384102986004, 0.0, -0.8881760441240085, 51.3677837080774, -22.317985825710803, -44.7018865272643, 0.0016000000400000006, 38.6322162919226
2025-03-30 16:10:10,121 - 2025-03-30T16:10:10.121734, 0.9462770452562799, 0.0, -0.8916169556867151, 52.508983708578974, -22.29700593157471, -44.58966655780155, 0.0016000000400000006, 37.491016291421026
2025-03-30 16:10:10,141 - 2025-03-30T16:10:10.141328, 0.944842136699851, 0.0, -0.8912690513396786, 53.60748370906644, -22.34435755947216, -44.599676355220765, 0.0016000000400000006, 36.39251629093356
2025-03-30 16:10:10,161 - 2025-03-30T16:10:10.161634, 0.9426267397633379, 0.0, -0.890892200687976, 54.750283709578625, -22.4173099180717, -44.6098789034048, 0.0016000000400000006, 35.249716290421375
2025-03-30 16:10:10,180 - 2025-03-30T16:10:10.180886, 0.940195727790059, 0.0, -0.8904561034674265, 55.60288370996421, -22.4973842671446, -44.621813905454566, 0.0016000000400000006, 34.39711629003579
2025-03-30 16:10:10,241 - 2025-03-30T16:10:10.241567, 0.9337562229917267, 0.0, -0.8878982180219337, 55.794983710051504, -22.710851230581184, -44.69938825212893, 0.0016000000400000006, 34.205016289948496
2025-03-30 16:10:10,280 - 2025-03-30T16:10:10.280895, 0.9301459520569981, 0.0, -0.8826393261445649, 56.15898371021732, -22.834233471771224, -44.86820037111228, 0.0016000000400000006, 33.84101628978268
2025-03-30 16:10:10,301 - 2025-03-30T16:10:10.301335, 0.9276970820325996, 0.0, -0.8792300688055534, 57.145083710669404, -22.91777157706682, -44.97753368513799, 0.0016000000400000006, 32.854916289330596
2025-03-30 16:10:10,321 - 2025-03-30T16:10:10.321033, 0.9251662402412193, 0.0, -0.8756127714958208, 57.996983711063365, -23.00419691355382, -45.09360406386185, 0.0016000000400000006, 32.003016288936635
2025-03-30 16:10:10,340 - 2025-03-30T16:10:10.340821, 0.9222785650772423, 0.0, -0.871943802683286, 58.56538371132806, -23.10236392557141, -45.21102197067623, 0.0016000000400000006, 31.43461628867194
2025-03-30 16:10:10,383 - 2025-03-30T16:10:10.383130, 0.916239990088263, 0.0, -0.8689395370321704, 58.0723837110984, -23.30312661116215, -45.30361014984778, 0.0016000000400000006, 31.927616288901607
2025-03-30 16:10:10,400 - 2025-03-30T16:10:10.400951, 0.9143146048894537, 0.0, -0.8686887545842068, 56.988683710597414, -23.366454673872106, -45.3099628645251, 0.0016000000400000006, 33.011316289402586
2025-03-30 16:10:10,420 - 2025-03-30T16:10:10.420909, 0.9135265414433245, 0.0, -0.8685185899437111, 55.59008370995838, -23.392440330349423, -45.314775300347094, 0.0016000000400000006, 34.40991629004162
2025-03-30 16:10:10,441 - 2025-03-30T16:10:10.441703, 0.9137711027847573, 0.0, -0.8677973481324739, 54.279883709367155, -23.385125589111237, -45.33864357718345, 0.0016000000400000006, 35.720116290632845
2025-03-30 16:10:10,461 - 2025-03-30T16:10:10.461407, 0.9153899721542582, 0.0, -0.8662942639816391, 53.163183708868715, -23.33353862617742, -45.38945953705795, 0.0016000000400000006, 36.836816291131285
2025-03-30 16:10:10,482 - 2025-03-30T16:10:10.482816, 0.9180993589206539, 0.0, -0.862679125899894, 52.19348370843982, -23.24826576399845, -45.51053279935101, 0.0016000000400000006, 37.80651629156018
2025-03-30 16:10:10,500 - 2025-03-30T16:10:10.500888, 0.9212007464708418, 0.0, -0.8571310275532946, 51.66738370820859, -23.15202050208502, -45.69531905012926, 0.0016000000400000006, 38.33261629179141
2025-03-30 16:10:10,520 - 2025-03-30T16:10:10.520802, 0.923802728353091, 0.0, -0.8501934710465378, 51.315483708054515, -23.07348355309539, -45.92514737415355, 0.0016000000400000006, 38.684516291945485
2025-03-30 16:10:10,541 - 2025-03-30T16:10:10.541105, 0.9254437742296862, 0.0, -0.8411830898986108, 51.31218370805307, -23.0284386010773, -46.22196141938413, 0.0016000000400000006, 38.68781629194693
2025-03-30 16:10:10,561 - 2025-03-30T16:10:10.561901, 0.9264000996657566, 0.0, -0.8312888773649973, 51.45478370811545, -23.006684249355477, -46.54707125149778, 0.0016000000400000006, 38.54521629188455
2025-03-30 16:10:10,583 - 2025-03-30T16:10:10.583051, 0.9263148712887053, 0.0, -0.8204591619428938, 51.61668370818636, -23.019962173460517, -46.90182439858507, 0.0016000000400000006, 38.38331629181364
2025-03-30 16:10:10,601 - 2025-03-30T16:10:10.601630, 0.9252624857994687, 0.0, -0.8087607652671926, 51.73318370823745, -23.065770067976228, -47.28410348100502, 0.0016000000400000006, 38.26681629176255
2025-03-30 16:10:10,620 - 2025-03-30T16:10:10.620936, 0.9238381168055465, 0.0, -0.7967282604170318, 51.87168370829828, -23.124089489572935, -47.676969461629795, 0.0016000000400000006, 38.12831629170172
2025-03-30 16:10:10,640 - 2025-03-30T16:10:10.640900, 0.9215071912278012, 0.0, -0.7849568209999083, 52.00528370835698, -23.211859475378446, -48.060403897129824, 0.0016000000400000006, 37.99471629164302
2025-03-30 16:10:10,661 - 2025-03-30T16:10:10.661669, 0.9186706388755859, 0.0, -0.7730000668101988, 52.103483708400184, -23.3163757475469, -48.4494206200023, 0.0016000000400000006, 37.896516291599816
2025-03-30 16:10:10,681 - 2025-03-30T16:10:10.681550, 0.9156563468168293, 0.0, -0.7616901577307886, 52.20008370844271, -23.426089381312597, -48.81707137145466, 0.0016000000400000006, 37.79991629155729
2025-03-30 16:10:10,701 - 2025-03-30T16:10:10.701345, 0.9126420547580723, 0.0, -0.7503802486513784, 52.265283708471436, -23.535803015078304, -49.18472212290701, 0.0016000000400000006, 37.734716291528564
2025-03-30 16:10:10,720 - 2025-03-30T16:10:10.720923, 0.9094348728606851, 0.0, -0.73943474801061, 52.29168370848308, -23.65148386199167, -49.54024627305357, 0.0016000000400000006, 37.70831629151692
2025-03-30 16:10:10,740 - 2025-03-30T16:10:10.740854, 0.9062428410953873, 0.0, -0.7287716840415, 52.21728370845029, -23.76639485735461, -49.886531053085776, 0.0016000000400000006, 37.78271629154971
2025-03-30 16:10:10,761 - 2025-03-30T16:10:10.761445, 0.9029991378272877, 0.0, -0.7184654534449857, 52.038583708371625, -23.882653380808055, -50.22107415758743, 0.0016000000400000006, 37.961416291628375
2025-03-30 16:10:10,781 - 2025-03-30T16:10:10.781588, 0.9001866646327223, 0.0, -0.7082777159861662, 51.752583708245965, -23.984667923314706, -50.55215235435758, 0.0016000000400000006, 38.247416291754035
2025-03-30 16:10:10,802 - 2025-03-30T16:10:10.802298, 0.897471313337229, 0.0, -0.6985804551697261, 51.39328370808853, -24.08302538307949, -50.86725411631524, 0.0016000000400000006, 38.60671629191147
2025-03-30 16:10:10,821 - 2025-03-30T16:10:10.821035, 0.8943991286691402, 0.0, -0.6888315228504842, 50.90008370787322, -24.193124518374805, -51.18370340636342, 0.0016000000400000006, 39.09991629212678
2025-03-30 16:10:10,840 - 2025-03-30T16:10:10.840771, 0.8910369322633471, 0.0, -0.6789565223275034, 50.30598370761501, -24.31284794955972, -51.50400252991831, 0.0016000000400000006, 39.69401629238499
2025-03-30 16:10:10,861 - 2025-03-30T16:10:10.861062, 0.8871022874481915, 0.0, -0.6689706037328738, 49.691683707349334, -24.451435046748575, -51.827381635429454, 0.0016000000400000006, 40.308316292650666
2025-03-30 16:10:10,882 - 2025-03-30T16:10:10.882718, 0.882364429054816, 0.0, -0.6585320838260897, 49.12048370710349, -24.61677765196521, -52.16481254687695, 0.0016000000400000006, 40.87951629289651
2025-03-30 16:10:10,902 - 2025-03-30T16:10:10.902287, 0.8776114205293508, 0.0, -0.6478111272476466, 48.586883706874836, -24.782890108732293, -52.51148282843881, 0.0016000000400000006, 41.413116293125164
2025-03-30 16:10:10,921 - 2025-03-30T16:10:10.921028, 0.8730072054057594, 0.0, -0.6372238139389883, 48.123583706677096, -24.943997954666997, -52.85391835071871, 0.0016000000400000006, 41.876416293322904
2025-03-30 16:10:10,941 - 2025-03-30T16:10:10.941225, 0.8678897884416528, 0.0, -0.6263099675219141, 47.66318370648127, -25.122237012739877, -53.20655584542824, 0.0016000000400000006, 42.33681629351873
2025-03-30 16:10:10,961 - 2025-03-30T16:10:10.961216, 0.8630334369105839, 0.0, -0.616302677688664, 47.219083706293056, -25.291044525687987, -53.52974277592895, 0.0016000000400000006, 42.78091629370695
2025-03-30 16:10:10,981 - 2025-03-30T16:10:10.981018, 0.8571582567645288, 0.0, -0.6057835399744116, 46.88258370615087, -25.493729537137256, -53.86871396623179, 0.0016000000400000006, 43.11741629384913
2025-03-30 16:10:11,002 - 2025-03-30T16:10:11.001973, 0.850561834807237, 0.0, -0.5950198409187273, 46.65928370605671, -25.720282825422856, -54.214999897772785, 0.0016000000400000006, 43.34071629394329
2025-03-30 16:10:11,021 - 2025-03-30T16:10:11.021550, 0.8443222462225406, 0.0, -0.5843078133658439, 46.393583705944884, -25.935094438177913, -54.55993830122329, 0.0016000000400000006, 43.606416294055116
2025-03-30 16:10:11,040 - 2025-03-30T16:10:11.040864, 0.838239026105764, 0.0, -0.5738706474185737, 46.06498370580688, -26.144516514325336, -54.896022260334696, 0.0016000000400000006, 43.93501629419312
2025-03-30 16:10:11,061 - 2025-03-30T16:10:11.061311, 0.8315392611428689, 0.0, -0.5638206151080811, 45.70788370565731, -26.37376485879195, -55.218824840814584, 0.0016000000400000006, 44.29211629434269
2025-03-30 16:10:11,080 - 2025-03-30T16:10:11.080914, 0.8249214679469548, 0.0, -0.5539786227683088, 45.342283705504556, -26.60012597206718, -55.53489035659637, 0.0016000000400000006, 44.657716294495444
2025-03-30 16:10:11,101 - 2025-03-30T16:10:11.101164, 0.8186012615547908, 0.0, -0.5444039169681059, 45.06248370538794, -26.81647786367755, -55.84248635381422, 0.0016000000400000006, 44.93751629461206
2025-03-30 16:10:11,123 - 2025-03-30T16:10:11.123241, 0.81222180859378, 0.0, -0.5350448262046696, 44.80618370528131, -27.034562209153663, -56.1429603605587, 0.0016000000400000006, 45.19381629471869
2025-03-30 16:10:11,141 - 2025-03-30T16:10:11.141189, 0.8061550925686074, 0.0, -0.5262354586524594, 44.54678370517361, -27.241867481414534, -56.42572547862497, 0.0016000000400000006, 45.45321629482639
2025-03-30 16:10:11,161 - 2025-03-30T16:10:11.161288, 0.79991821190294, 0.0, -0.5182141545463796, 44.34298370508913, -27.45398518949737, -56.682504940213875, 0.0016000000400000006, 45.65701629491087
2025-03-30 16:10:11,180 - 2025-03-30T16:10:11.180904, 0.7932955515600097, 0.0, -0.5109216673175814, 44.25088370505099, -27.678037323875607, -56.91503119919123, 0.0016000000400000006, 45.74911629494901
2025-03-30 16:10:11,201 - 2025-03-30T16:10:11.201616, 0.7867031914812612, 0.0, -0.504194053432101, 44.151883705010015, -27.900549755152877, -57.12907871793987, 0.0016000000400000006, 45.848116294989985
2025-03-30 16:10:11,221 - 2025-03-30T16:10:11.221169, 0.7806240332430274, 0.0, -0.49779297265503564, 43.91548370491233, -28.105930974291983, -57.33292426425889, 0.0016000000400000006, 46.08451629508767
2025-03-30 16:10:11,241 - 2025-03-30T16:10:11.241621, 0.7754376354160413, 0.0, -0.49219375149667544, 43.4922837047378, -28.28128452843663, -57.51136125488624, 0.0016000000400000006, 46.5077162952622
2025-03-30 16:10:11,261 - 2025-03-30T16:10:11.260982, 0.7703924559248838, 0.0, -0.48658695527226925, 43.099983704576495, -28.452018397524125, -57.690183171288844, 0.0016000000400000006, 46.900016295423505
2025-03-30 16:10:11,280 - 2025-03-30T16:10:11.280909, 0.765860478274242, 0.0, -0.48130669215627986, 42.832183704466615, -28.605621054473417, -57.858803115261765, 0.0016000000400000006, 47.167816295533385
2025-03-30 16:10:11,301 - 2025-03-30T16:10:11.301627, 0.7615516907264119, 0.0, -0.47622689394496565, 42.64358370438937, -28.751716795174108, -58.02107092031181, 0.0016000000400000006, 47.35641629561063
2025-03-30 16:10:11,342 - 2025-03-30T16:10:11.342544, 0.7536553574419895, 0.0, -0.46631185886377136, 42.212983704213364, -29.020039999739115, -58.338291789173645, 0.0016000000400000006, 47.787016295786636
2025-03-30 16:10:11,381 - 2025-03-30T16:10:11.381926, 0.7466366344367228, 0.0, -0.4569162467296226, 41.83968370406118, -29.259105390860174, -58.63934347245821, 0.0016000000400000006, 48.16031629593882
2025-03-30 16:10:11,421 - 2025-03-30T16:10:11.421053, 0.7418484585000611, 0.0, -0.4481799219188365, 42.08928370416289, -29.424448571831178, -58.92095323744434, 0.0016000000400000006, 47.91071629583711
2025-03-30 16:10:11,461 - 2025-03-30T16:10:11.461555, 0.7388823247566036, 0.0, -0.4404080463012052, 42.867283704481004, -29.529158746273296, -59.17272693669206, 0.0016000000400000006, 47.132716295518996
2025-03-30 16:10:11,500 - 2025-03-30T16:10:11.500956, 0.7358569444442997, 0.0, -0.4328517857203411, 42.93298370450797, -29.63560137458113, -59.417378645466385, 0.0016000000400000006, 47.06701629549203
2025-03-30 16:10:11,541 - 2025-03-30T16:10:11.541555, 0.7322136653263622, 0.0, -0.42433729705285206, 42.97388370452473, -29.763217223544295, -59.69282844654002, 0.0016000000400000006, 47.02611629547527
2025-03-30 16:10:11,580 - 2025-03-30T16:10:11.580926, 0.7277065721018445, 0.0, -0.4142404603865737, 43.22428370462756, -29.920667986737065, -60.01928753400742, 0.0016000000400000006, 46.77571629537244
2025-03-30 16:10:11,621 - 2025-03-30T16:10:11.621264, 0.7222047294199894, 0.0, -0.405400792570183, 43.51608370474761, -30.10949451876924, -60.30359235517461, 0.0016000000400000006, 46.48391629525239
2025-03-30 16:10:11,661 - 2025-03-30T16:10:11.661200, 0.7159237523175652, 0.0, -0.39787754017252874, 42.908883704498066, -30.322574829167355, -60.54401045617578, 0.0016000000400000006, 47.091116295501934
2025-03-30 16:10:11,681 - 2025-03-30T16:10:11.681548, 0.7126124221461003, 0.0, -0.3942312965581296, 42.289183704244465, -30.434600896356468, -60.660273585664456, 0.0016000000400000006, 47.710816295755535
2025-03-30 16:10:11,701 - 2025-03-30T16:10:11.701895, 0.7095835286462941, 0.0, -0.39056990281163984, 41.628583703975295, -30.53738759343122, -60.77730656670361, 0.0016000000400000006, 48.371416296024705
2025-03-30 16:10:11,727 - 2025-03-30T16:10:11.727282, 0.7061902267078466, 0.0, -0.38671561922651954, 40.971083703708565, -30.652300891811773, -60.90030676089043, 0.0016000000400000006, 49.028916296291435
2025-03-30 16:10:11,762 - 2025-03-30T16:10:11.762111, 0.6991920696727285, 0.0, -0.3829838906576355, 40.53868370353376, -30.88520862203792, -61.01580119033747, 0.0016000000400000006, 49.46131629646624
2025-03-30 16:10:11,800 - 2025-03-30T16:10:11.800927, 0.6920857024849907, 0.0, -0.3825153339449181, 40.46858370350549, -31.118502429548084, -61.02427301191895, 0.0016000000400000006, 49.53141629649451
2025-03-30 16:10:11,841 - 2025-03-30T16:10:11.841318, 0.6866387879160065, 0.0, -0.38394050820731307, 40.24228370341423, -31.295590740576138, -60.97230342622756, 0.0016000000400000006, 49.75771629658577
2025-03-30 16:10:11,881 - 2025-03-30T16:10:11.881225, 0.6806862465725527, 0.0, -0.3851803676971235, 40.47318370350732, -31.48942533796712, -60.92591612790859, 0.0016000000400000006, 49.52681629649268
2025-03-30 16:10:11,901 - 2025-03-30T16:10:11.901630, 0.677037295039125, 0.0, -0.3858009744217856, 40.98018370371226, -31.608382372128002, -60.90204900258106, 0.0016000000400000006, 49.01981629628774
2025-03-30 16:10:11,921 - 2025-03-30T16:10:11.921247, 0.673231975037778, 0.0, -0.3861467195408337, 41.68538370399839, -31.73272894289652, -60.88703632159266, 0.0016000000400000006, 48.31461629600161
2025-03-30 16:10:11,941 - 2025-03-30T16:10:11.941879, 0.6687129882912384, 0.0, -0.38638912165427897, 42.512383704335704, -31.880558864726172, -60.874718696785266, 0.0016000000400000006, 47.487616295664296
2025-03-30 16:10:11,961 - 2025-03-30T16:10:11.961122, 0.6637035249023193, 0.0, -0.38672864566679666, 43.381783704692324, -32.0443652213683, -60.85874398923598, 0.0016000000400000006, 46.618216295307676
2025-03-30 16:10:11,981 - 2025-03-30T16:10:11.981205, 0.6582704065059115, 0.0, -0.3870908948774501, 44.22368370503975, -32.22203063318198, -60.84161450436099, 0.0016000000400000006, 45.77631629496025
2025-03-30 16:10:12,001 - 2025-03-30T16:10:12.001108, 0.6512246398465344, 0.0, -0.38775208485136625, 44.970683705349735, -32.45224503449032, -60.81312884548511, 0.0016000000400000006, 45.029316294650265
2025-03-30 16:10:12,021 - 2025-03-30T16:10:12.021050, 0.64411962661831, 0.0, -0.3886288898620496, 45.63528370562693, -32.68419188966442, -60.77752119613582, 0.0016000000400000006, 44.36471629437307
2025-03-30 16:10:12,041 - 2025-03-30T16:10:12.041500, 0.636688080281671, 0.0, -0.3900188967132481, 46.25098370588494, -32.92634071726812, -60.72478233464836, 0.0016000000400000006, 43.74901629411506
2025-03-30 16:10:12,064 - 2025-03-30T16:10:12.064438, 0.6273311487462219, 0.0, -0.3911581211164825, 46.89208370615487, -33.23181760758182, -60.67839618783823, 0.0016000000400000006, 43.10791629384513
2025-03-30 16:10:12,081 - 2025-03-30T16:10:12.081335, 0.6175657123353755, 0.0, -0.39260250738951186, 47.52968370642462, -33.55038370151655, -60.621615893588036, 0.0016000000400000006, 42.47031629357538
2025-03-30 16:10:12,101 - 2025-03-30T16:10:12.101066, 0.6082163558659723, 0.0, -0.3938829501285763, 48.26778370673855, -33.855475666054986, -60.5706100617207, 0.0016000000400000006, 41.73221629326145
2025-03-30 16:10:12,122 - 2025-03-30T16:10:12.122021, 0.5978784710457634, 0.0, -0.39521641832995646, 49.07208370708272, -34.192905425993665, -60.51690974942677, 0.0016000000400000006, 40.92791629291728
2025-03-30 16:10:12,142 - 2025-03-30T16:10:12.142026, 0.5878154478311677, 0.0, -0.3963935180634168, 49.914483707445555, -34.52148074159324, -60.468598973740484, 0.0016000000400000006, 40.085516292554445
2025-03-30 16:10:12,160 - 2025-03-30T16:10:12.160933, 0.5778709177542658, 0.0, -0.3971393877233447, 50.84318370784843, -34.84659114946132, -60.43453217900093, 0.0016000000400000006, 39.15681629215157
2025-03-30 16:10:12,181 - 2025-03-30T16:10:12.181433, 0.5676288008736154, 0.0, -0.397617970843704, 51.81628370827392, -35.1817107789942, -60.40893490282527, 0.0016000000400000006, 38.18371629172608
2025-03-30 16:10:12,200 - 2025-03-30T16:10:12.200860, 0.5571407686920171, 0.0, -0.39747243405189847, 52.791983708704095, -35.52549210210141, -60.40354882074408, 0.0016000000400000006, 37.208016291295905
2025-03-30 16:10:12,221 - 2025-03-30T16:10:12.221716, 0.5468380512830056, 0.0, -0.3968212704856229, 53.75758370913342, -35.863691137836135, -60.414909025025835, 0.0016000000400000006, 36.24241629086658
2025-03-30 16:10:12,243 - 2025-03-30T16:10:12.243175, 0.5357989419306661, 0.0, -0.3956431089062553, 54.82298370961138, -36.226528301957686, -60.44282334066015, 0.0016000000400000006, 35.17701629038862
2025-03-30 16:10:12,261 - 2025-03-30T16:10:12.261016, 0.5260232225347465, 0.0, -0.3942555533966523, 55.720183710017466, -36.54817322633984, -60.47882167332871, 0.0016000000400000006, 34.279816289982534
2025-03-30 16:10:12,284 - 2025-03-30T16:10:12.284120, 0.514671376246568, 0.0, -0.39252766860605837, 56.73068371047891, -36.92178946367666, -60.524444877641244, 0.0016000000400000006, 33.26931628952109
2025-03-30 16:10:12,301 - 2025-03-30T16:10:12.301151, 0.5038175816668149, 0.0, -0.3908438802522207, 57.69048371092125, -37.27904434042574, -60.56910547963851, 0.0016000000400000006, 32.30951628907875
2025-03-30 16:10:12,323 - 2025-03-30T16:10:12.323800, 0.4918932869692738, 0.0, -0.38900507738997714, 58.82068371144742, -37.6715242437665, -60.61780866590733, 0.0016000000400000006, 31.179316288552577
2025-03-30 16:10:12,341 - 2025-03-30T16:10:12.341435, 0.48150102272723405, 0.0, -0.3880046555171508, 59.858083711935535, -38.01299543646791, -60.64052561994441, 0.0016000000400000006, 30.14191628806447
2025-03-30 16:10:12,362 - 2025-03-30T16:10:12.362464, 0.4705514602079224, 0.0, -0.387175752244334, 60.98778371247291, -38.37256044362279, -60.657083185823396, 0.0016000000400000006, 29.012216287527092
2025-03-30 16:10:12,380 - 2025-03-30T16:10:12.380954, 0.46032313949984793, 0.0, -0.3865914103129504, 62.10118371300868, -38.70825717394131, -60.66632601046419, 0.0016000000400000006, 27.89881628699132
2025-03-30 16:10:12,401 - 2025-03-30T16:10:12.401090, 0.4502663373917839, 0.0, -0.3865643666588392, 63.27248371357913, -39.037794516101734, -60.657475020651496, 0.0016000000400000006, 26.727516286420872
2025-03-30 16:10:12,421 - 2025-03-30T16:10:12.421224, 0.44065591548934213, 0.0, -0.3869382528140797, 64.55868371421384, -39.352318025764966, -60.635919752993, 0.0016000000400000006, 25.44131628578616
2025-03-30 16:10:12,442 - 2025-03-30T16:10:12.442132, 0.4313355053246051, 0.0, -0.38743820717306043, 65.96998371492079, -39.65721723953859, -60.61051465182774, 0.0016000000400000006, 24.030016285079213
2025-03-30 16:10:12,462 - 2025-03-30T16:10:12.462260, 0.42292922680973577, 0.0, -0.3878183144348326, 67.26808371558103, -39.932280963328196, -60.58992141073009, 0.0016000000400000006, 22.731916284418972
2025-03-30 16:10:12,482 - 2025-03-30T16:10:12.482332, 0.41482053509861627, 0.0, -0.3884657082361733, 68.60138371626965, -40.197335465452966, -60.560858651068536, 0.0016000000400000006, 21.398616283730348
2025-03-30 16:10:12,501 - 2025-03-30T16:10:12.501022, 0.40700943019124525, 0.0, -0.3893803885770821, 69.75968371687681, -40.45238074591293, -60.52332637284311, 0.0016000000400000006, 20.240316283123192
2025-03-30 16:10:12,521 - 2025-03-30T16:10:12.521307, 0.39970395205834475, 0.0, -0.3904803836905768, 70.91288371748983, -40.69067974000994, -60.48021180724523, 0.0016000000400000006, 19.087116282510166
2025-03-30 16:10:12,541 - 2025-03-30T16:10:12.541339, 0.3925548423933636, 0.0, -0.3918552404096851, 71.99448371807284, -40.92358919749932, -60.42824279730822, 0.0016000000400000006, 18.005516281927157
2025-03-30 16:10:12,562 - 2025-03-30T16:10:12.562009, 0.38589620937076274, 0.0, -0.39313297522972057, 73.05188371865061, -41.140522220176194, -60.37993087011312, 0.0016000000400000006, 16.948116281349385
2025-03-30 16:10:12,583 - 2025-03-30T16:10:12.583512, 0.3790219613113961, 0.0, -0.39435146348090955, 74.15868371926388, -41.36457723332642, -60.33335139678375, 0.0016000000400000006, 15.841316280736121
2025-03-30 16:10:12,601 - 2025-03-30T16:10:12.601146, 0.37347034977729443, 0.0, -0.3951449427650964, 75.20698371985304, -41.54570755287158, -60.301977930961996, 0.0016000000400000006, 14.79301628014696
2025-03-30 16:10:12,621 - 2025-03-30T16:10:12.621396, 0.3674206865347678, 0.0, -0.3958943256125256, 76.25388372044975, -41.74319923300446, -60.27156706745555, 0.0016000000400000006, 13.74611627955025
2025-03-30 16:10:12,641 - 2025-03-30T16:10:12.641182, 0.361296626591304, 0.0, -0.3965768868250632, 77.22068372100846, -41.943193218553546, -60.24327358359007, 0.0016000000400000006, 12.779316278991544
2025-03-30 16:10:12,660 - 2025-03-30T16:10:12.660869, 0.3554625783855436, 0.0, -0.3973855162413398, 78.14318372154864, -42.133562908213065, -60.21113026621787, 0.0016000000400000006, 11.856816278451364
2025-03-30 16:10:12,682 - 2025-03-30T16:10:12.682058, 0.3491456286034489, 0.0, -0.3984324858925188, 78.94908372202634, -42.33952410690983, -60.1707101810466, 0.0016000000400000006, 11.050916277973656
2025-03-30 16:10:12,703 - 2025-03-30T16:10:12.703619, 0.34375796060331254, 0.0, -0.3996420451181484, 79.60278372241793, -42.51487996407211, -60.12586258582856, 0.0016000000400000006, 10.397216277582075
2025-03-30 16:10:12,725 - 2025-03-30T16:10:12.724969, 0.33813330632778804, 0.0, -0.4017140644908439, 80.03908372268137, -42.697165636697356, -60.052527028717, 0.0016000000400000006, 9.960916277318631
2025-03-30 16:10:12,761 - 2025-03-30T16:10:12.761492, 0.3280226734889333, 0.0, -0.4072840827671045, 80.45018372293111, -43.02304762337913, -59.860236164707786, 0.0016000000400000006, 9.549816277068885
2025-03-30 16:10:12,802 - 2025-03-30T16:10:12.802049, 0.3186635827254971, 0.0, -0.41366353572811576, 80.35558372287352, -43.323521630123594, -59.642151819231664, 0.0016000000400000006, 9.644416277126481
2025-03-30 16:10:12,840 - 2025-03-30T16:10:12.840807, 0.30934994235833146, 0.0, -0.42089029870410366, 80.39478372289737, -43.6216860822167, -59.39634936341246, 0.0016000000400000006, 9.605216277102627
2025-03-30 16:10:12,882 - 2025-03-30T16:10:12.882113, 0.3001182737581485, 0.0, -0.42832510165081183, 80.9080837232111, -43.91696330311835, -59.143809842895145, 0.0016000000400000006, 9.091916276788895
2025-03-30 16:10:12,920 - 2025-03-30T16:10:12.920961, 0.2920755984134469, 0.0, -0.43548368903239343, 81.93618372384672, -44.17355058969687, -58.90147171905303, 0.0016000000400000006, 8.063816276153275
2025-03-30 16:10:12,940 - 2025-03-30T16:10:12.940817, 0.28626698332485034, 0.0, -0.43940669690296064, 82.64858372429303, -44.36007159735849, -58.76731040464773, 0.0016000000400000006, 7.351416275706966
2025-03-30 16:10:12,960 - 2025-03-30T16:10:12.960908, 0.28181130502570095, 0.0, -0.4434695691498427, 83.45858372480642, -44.502128208314076, -58.629876357521375, 0.0016000000400000006, 6.541416275193583
2025-03-30 16:10:12,981 - 2025-03-30T16:10:12.981318, 0.27698364322186597, 0.0, -0.44719833322226554, 84.2864837253379, -44.65669634635065, -58.503029208599834, 0.0016000000400000006, 5.713516274662098
2025-03-30 16:10:13,002 - 2025-03-30T16:10:13.002465, 0.2723350750840847, 0.0, -0.451625613907789, 85.18548372592292, -44.80472017045394, -58.353468560167684, 0.0016000000400000006, 4.814516274077079
2025-03-30 16:10:13,022 - 2025-03-30T16:10:13.021971, 0.2675604387425654, 0.0, -0.45634290633101626, 86.08768372651862, -44.956593828063916, -58.19428361584595, 0.0016000000400000006, 3.9123162734813803
2025-03-30 16:10:13,041 - 2025-03-30T16:10:13.041425, 0.2623332010888917, 0.0, -0.46186341233246386, 87.01138372713764, -45.12251929161023, -58.00834316349641, 0.0016000000400000006, 2.988616272862359
2025-03-30 16:10:13,060 - 2025-03-30T16:10:13.060781, 0.25761916527573314, 0.0, -0.46771045144232604, 87.95528372778006, -45.27131354301838, -57.81220073871726, 0.0016000000400000006, 2.0447162722199437
2025-03-30 16:10:13,081 - 2025-03-30T16:10:13.081056, 0.2535003030700729, 0.0, -0.4740920636313253, 88.89238372842804, -45.40008935109688, -57.59911927681032, 0.0016000000400000006, 1.1076162715719562
2025-03-30 16:10:13,101 - 2025-03-30T16:10:13.101263, 0.24929324799089958, 0.0, -0.4814697792371754, 89.84328372909624, -45.53079036380594, -57.353315093727915, 0.0016000000400000006, 0.15671627090375753
2025-03-30 16:10:13,121 - 2025-03-30T16:10:13.121214, 0.2454065049136096, 0.0, -0.489538436390081, 90.79778364835666, -45.650327377524526, -57.085182336910115, 0.0016000000400000006, -0.7977836483566563
2025-03-30 16:10:13,142 - 2025-03-30T16:10:13.142719, 0.2416030875628179, 0.0, -0.4991604952371107, 91.74948364901813, -45.765630207715525, -56.766233044463334, 0.0016000000400000006, -1.7494836490181316
2025-03-30 16:10:13,161 - 2025-03-30T16:10:13.161277, 0.2387062267958484, 0.0, -0.5085214886511018, 92.53608364955686, -45.85148247369775, -56.456715297141365, 0.0016000000400000006, -2.5360836495568577
2025-03-30 16:10:13,181 - 2025-03-30T16:10:13.181824, 0.23534296854414904, 0.0, -0.5197486206950561, 93.33898365009948, -45.95080944483067, -56.08560194097514, 0.0016000000400000006, -3.338983650099479
2025-03-30 16:10:13,201 - 2025-03-30T16:10:13.201636, 0.23273882743391194, 0.0, -0.5319264057595894, 94.14178365063492, -46.0243435102511, -55.684075418284856, 0.0016000000400000006, -4.14178365063492
2025-03-30 16:10:13,220 - 2025-03-30T16:10:13.220760, 0.23061136679347927, 0.0, -0.5450699939767927, 94.87808365111991, -46.08132404007338, -55.25136587752004, 0.0016000000400000006, -4.878083651119908
2025-03-30 16:10:13,240 - 2025-03-30T16:10:13.240915, 0.22929469479731068, 0.0, -0.5588074018419795, 95.5238836515406, -46.11116413609267, -54.7999848457617, 0.0016000000400000006, -5.523883651540601
2025-03-30 16:10:13,261 - 2025-03-30T16:10:13.261144, 0.22809029483230603, 0.0, -0.5733177230212054, 96.05328365188225, -46.13657729781958, -54.3233880090765, 0.0016000000400000006, -6.0532836518822535
2025-03-30 16:10:13,281 - 2025-03-30T16:10:13.281512, 0.22699816689846397, 0.0, -0.5886009575144708, 96.5939836522283, -46.15756352525414, -53.82157536746442, 0.0016000000400000006, -6.593983652228303
2025-03-30 16:10:13,301 - 2025-03-30T16:10:13.301306, 0.22548995902317914, 0.0, -0.6040481355417002, 97.1660836525913, -46.19202388208499, -53.31398826346951, 0.0016000000400000006, -7.166083652591298
2025-03-30 16:10:13,321 - 2025-03-30T16:10:13.321287, 0.224695417893086, 0.0, -0.6195986565745337, 97.74118365295297, -46.203000887854735, -52.80370610329356, 0.0016000000400000006, -7.741183652952969
2025-03-30 16:10:13,342 - 2025-03-30T16:10:13.342351, 0.22291992347823264, 0.0, -0.6353434214055125, 98.26898365328209, -46.24593076324949, -52.28610977763382, 0.0016000000400000006, -8.268983653282092
2025-03-30 16:10:13,361 - 2025-03-30T16:10:13.361464, 0.22150883750202066, 0.0, -0.6512810760751222, 98.820083653623, -46.276734037338436, -51.762546238826395, 0.0016000000400000006, -8.820083653623001
2025-03-30 16:10:13,382 - 2025-03-30T16:10:13.382400, 0.2200536550890515, 0.0, -0.6677167824531578, 99.31648365392766, -46.30849991374269, -51.22262133943122, 0.0016000000400000006, -9.316483653927662
2025-03-30 16:10:13,402 - 2025-03-30T16:10:13.402303, 0.2192894142231392, 0.0, -0.6838321768293083, 99.6440836541275, -46.31793721641151, -50.69386043902658, 0.0016000000400000006, -9.644083654127499
2025-03-30 16:10:13,420 - 2025-03-30T16:10:13.420850, 0.21680160702260798, 0.0, -0.700818960378085, 99.80998365422832, -46.383003490531266, -50.13487969861707, 0.0016000000400000006, -9.809983654228319
2025-03-30 16:10:13,440 - 2025-03-30T16:10:13.440904, 0.21564401141338863, 0.0, -0.7175219532956882, 99.95038365431347, -46.404760145270686, -49.58648528065803, 0.0016000000400000006, -9.95038365431347
2025-03-30 16:10:13,462 - 2025-03-30T16:10:13.462068, 0.21553419072382063, 0.0, -0.7339563057142091, 100.06718365438417, -46.392446550744154, -49.04790733359897, 0.0016000000400000006, -10.067183654384166
2025-03-30 16:10:13,484 - 2025-03-30T16:10:13.484007, 0.2145040172778545, 0.0, -0.7517146486175106, 100.24178365448962, -46.40900641964075, -48.465057740598716, 0.0016000000400000006, -10.241783654489623
2025-03-30 16:10:13,503 - 2025-03-30T16:10:13.503108, 0.21253427906485634, 0.0, -0.7664784601637291, 100.62168365471817, -46.45925046051927, -47.97941428456397, 0.0016000000400000006, -10.621683654718169
2025-03-30 16:10:13,521 - 2025-03-30T16:10:13.521828, 0.21129200376962487, 0.0, -0.7802826896638075, 101.1513836550347, -46.486588251122356, -47.52591587316468, 0.0016000000400000006, -11.151383655034707
2025-03-30 16:10:13,540 - 2025-03-30T16:10:13.540903, 0.2100056320376371, 0.0, -0.7945849708723127, 101.7278836553765, -46.51488864404072, -47.0560561011776, 0.0016000000400000006, -11.727883655376502
2025-03-30 16:10:13,560 - 2025-03-30T16:10:13.560886, 0.20851879540097373, 0.0, -0.8091104421836293, 102.31258365572032, -46.54954117588198, -46.578689412941934, 0.0016000000400000006, -12.312583655720317
2025-03-30 16:10:13,581 - 2025-03-30T16:10:13.581491, 0.20804943341978177, 0.0, -0.8228023996525451, 102.92388365607675, -46.551663161558196, -46.129617935834986, 0.0016000000400000006, -12.923883656076754
2025-03-30 16:10:13,600 - 2025-03-30T16:10:13.600712, 0.2067327614236132, 0.0, -0.8365398075177324, 103.66718365650613, -46.58150325757749, -45.67823690407663, 0.0016000000400000006, -13.667183656506126
2025-03-30 16:10:13,621 - 2025-03-30T16:10:13.621699, 0.20428634274081103, 0.0, -0.8503378159112813, 104.45288365695524, -46.64830083405415, -45.22377646611641, 0.0016000000400000006, -14.452883656955237
2025-03-30 16:10:13,641 - 2025-03-30T16:10:13.641288, 0.20279057707858694, 0.0, -0.8633767071633662, 105.1893836573719, -46.684685244006786, -44.79510893386873, 0.0016000000400000006, -15.189383657371907
2025-03-30 16:10:13,661 - 2025-03-30T16:10:13.661488, 0.20114601801448995, 0.0, -0.876281955145668, 105.86618365775121, -46.72607426479177, -44.370676160902974, 0.0016000000400000006, -15.86618365775121
2025-03-30 16:10:13,680 - 2025-03-30T16:10:13.680759, 0.1999023887597442, 0.0, -0.8887408229223452, 106.56008365813659, -46.75475900773097, -43.961257220434454, 0.0016000000400000006, -16.56008365813659
2025-03-30 16:10:13,700 - 2025-03-30T16:10:13.700881, 0.19761855965139175, 0.0, -0.9016095495339354, 107.320583658555, -46.81712907416089, -43.53740212400875, 0.0016000000400000006, -17.320583658554995
2025-03-30 16:10:13,721 - 2025-03-30T16:10:13.721318, 0.1956536885854101, 0.0, -0.9138238559691807, 108.1614836590129, -46.86968209393639, -43.1352979247784, 0.0016000000400000006, -18.161483659012905
2025-03-30 16:10:13,740 - 2025-03-30T16:10:13.740728, 0.19367366738733738, 0.0, -0.9257557257327669, 109.00308365946636, -46.92300496526237, -42.74243309566242, 0.0016000000400000006, -19.00308365946636
2025-03-30 16:10:13,762 - 2025-03-30T16:10:13.762336, 0.1910102797082538, 0.0, -0.9381491258340668, 109.88568365993683, -46.99827148454854, -42.33378458249876, 0.0016000000400000006, -19.88568365993683
2025-03-30 16:10:13,781 - 2025-03-30T16:10:13.781060, 0.18862039967526867, 0.0, -0.9490407957440459, 110.62958366032939, -47.06603051183171, -41.974605076873516, 0.0016000000400000006, -20.629583660329388
2025-03-30 16:10:13,801 - 2025-03-30T16:10:13.801056, 0.18633521660740238, 0.0, -0.9605641606322344, 111.47078366076913, -47.129747530597726, -41.5948294513786, 0.0016000000400000006, -21.47078366076913
2025-03-30 16:10:13,820 - 2025-03-30T16:10:13.820815, 0.1847409750865916, 0.0, -0.9717672135185378, 112.41338366125666, -47.171135975628346, -41.22621782487421, 0.0016000000400000006, -22.41338366125666
2025-03-30 16:10:13,841 - 2025-03-30T16:10:13.841887, 0.18140044203302752, 0.0, -0.98341800056998, 113.44918366178622, -47.269308169435575, -40.84124541353646, 0.0016000000400000006, -23.449183661786225
2025-03-30 16:10:13,861 - 2025-03-30T16:10:13.861562, 0.17957543534336073, 0.0, -0.9942793702157786, 114.49008366231212, -47.31858845649001, -40.48360561101214, 0.0016000000400000006, -24.490083662312117
2025-03-30 16:10:13,881 - 2025-03-30T16:10:13.881579, 0.17803286532535223, 0.0, -1.005125589729487, 115.55128366284197, -47.358629373430105, -40.12673566003827, 0.0016000000400000006, -25.55128366284197
2025-03-30 16:10:13,901 - 2025-03-30T16:10:13.901196, 0.1757766285621516, 0.0, -1.015868466237591, 116.57488366334722, -47.42215364143133, -39.772560765245466, 0.0016000000400000006, -26.574883663347222
2025-03-30 16:10:13,921 - 2025-03-30T16:10:13.921879, 0.17436012674788248, 0.0, -1.0264246740135952, 117.6793836638862, -47.458344724864695, -39.42531511016119, 0.0016000000400000006, -27.6793836638862
2025-03-30 16:10:13,943 - 2025-03-30T16:10:13.943541, 0.17321091147318146, 0.0, -1.0366832949858504, 118.99068366451797, -47.48606628973418, -39.08807867674174, 0.0016000000400000006, -28.99068366451797
2025-03-30 16:10:13,962 - 2025-03-30T16:10:13.962040, 0.17307781689443802, 0.0, -1.0447630403923043, 120.18258366508489, -47.48260426077473, -38.823216925381764, 0.0016000000400000006, -30.182583665084888
2025-03-30 16:10:13,980 - 2025-03-30T16:10:13.980814, 0.17179360439043867, 0.0, -1.0538250930430326, 121.72768366580982, -47.515907537262265, -38.52505535206069, 0.0016000000400000006, -31.72768366580982
2025-03-30 16:10:14,000 - 2025-03-30T16:10:14.000818, 0.17157853804471213, 0.0, -1.0616967984787644, 123.40278366658352, -47.51533273949426, -38.26693066539888, 0.0016000000400000006, -33.40278366658352
2025-03-30 16:10:14,020 - 2025-03-30T16:10:14.020921, 0.17101421339243572, 0.0, -1.069658050747524, 125.17788366739025, -47.52611469148156, -38.005533821770406, 0.0016000000400000006, -35.17788366739025
2025-03-30 16:10:14,040 - 2025-03-30T16:10:14.040902, 0.1698106186959043, 0.0, -1.0775827816455728, 127.01128366820993, -47.557877689113774, -37.744714654681964, 0.0016000000400000006, -37.01128366820993
2025-03-30 16:10:14,061 - 2025-03-30T16:10:14.061214, 0.16947570525296962, 0.0, -1.0845403554314363, 128.84758366901792, -47.562114751413354, -37.516425458004186, 0.0016000000400000006, -38.84758366901792
2025-03-30 16:10:14,081 - 2025-03-30T16:10:14.081494, 0.16878395843743954, 0.0, -1.091446257714499, 130.5779836697681, -47.57809348924348, -37.28948378941689, 0.0016000000400000006, -40.57798366976809
2025-03-30 16:10:14,102 - 2025-03-30T16:10:14.101986, 0.16824858008982968, 0.0, -1.0986270216031748, 132.0888836704146, -47.588682690465944, -37.05368767649049, 0.0016000000400000006, -42.08888367041459
2025-03-30 16:10:14,121 - 2025-03-30T16:10:14.121099, 0.16732606810544182, 0.0, -1.105191240645731, 133.44528367098854, -47.61255327031994, -36.83771783188333, 0.0016000000400000006, -43.445283670988545
2025-03-30 16:10:14,140 - 2025-03-30T16:10:14.140920, 0.16574913594471052, 0.0, -1.1114365016459171, 134.67358367150328, -47.65817474736925, -36.631565033930556, 0.0016000000400000006, -44.67358367150328
2025-03-30 16:10:14,161 - 2025-03-30T16:10:14.161164, 0.16371824851230965, 0.0, -1.117139614500922, 135.93508367202716, -47.71919498269105, -36.44273619888077, 0.0016000000400000006, -45.93508367202716
2025-03-30 16:10:14,180 - 2025-03-30T16:10:14.180953, 0.16103294090356357, 0.0, -1.1225237693135561, 137.45398367265176, -47.801966115208224, -36.263724410485416, 0.0016000000400000006, -47.45398367265176
2025-03-30 16:10:14,202 - 2025-03-30T16:10:14.202231, 0.1576263914835816, 0.0, -1.1276633627847579, 139.1612836733462, -47.9086055245617, -36.09202736332823, 0.0016000000400000006, -49.16128367334619
2025-03-30 16:10:14,221 - 2025-03-30T16:10:14.221393, 0.15437621053151807, 0.0, -1.1330778178615728, 140.9788836740771, -48.009855397307575, -35.91147587183194, 0.0016000000400000006, -50.97888367407711
2025-03-30 16:10:14,242 - 2025-03-30T16:10:14.242110, 0.15088904330406772, 0.0, -1.1393547330854537, 142.77468367479122, -48.11803508551639, -35.70243641844215, 0.0016000000400000006, -52.77468367479122
2025-03-30 16:10:14,261 - 2025-03-30T16:10:14.261442, 0.14775870944921277, 0.0, -1.1456833198121368, 144.18428367534648, -48.21447309819466, -35.49204943696182, 0.0016000000400000006, -54.18428367534648
2025-03-30 16:10:14,281 - 2025-03-30T16:10:14.281274, 0.1454832606753791, 0.0, -1.1521076744783785, 145.33978367579837, -48.282808074754655, -35.279352325075706, 0.0016000000400000006, -55.33978367579837
2025-03-30 16:10:14,301 - 2025-03-30T16:10:14.300982, 0.14155106720181942, 0.0, -1.1593290216163084, 146.26428367615787, -48.40465464312459, -35.038937678600945, 0.0016000000400000006, -56.26428367615787
2025-03-30 16:10:14,326 - 2025-03-30T16:10:14.326487, 0.13851920920555116, 0.0, -1.167493446708773, 147.15108367650106, -48.49608862072487, -34.76849479137734, 0.0016000000400000006, -57.15108367650107
2025-03-30 16:10:14,342 - 2025-03-30T16:10:14.342325, 0.13652619710337666, 0.0, -1.1739026512429245, 147.80298367675232, -48.55518422717049, -34.55656753104168, 0.0016000000400000006, -57.802983676752326
2025-03-30 16:10:14,364 - 2025-03-30T16:10:14.364375, 0.13488379726726674, 0.0, -1.1815676706674494, 148.65528367707964, -48.6015761315247, -34.30383295674192, 0.0016000000400000006, -58.65528367707964
2025-03-30 16:10:14,381 - 2025-03-30T16:10:14.381298, 0.13366505243864513, 0.0, -1.189209964893839, 149.52208367741108, -48.63410898070737, -34.05225315976783, 0.0016000000400000006, -59.52208367741108
2025-03-30 16:10:14,400 - 2025-03-30T16:10:14.400943, 0.1326102511439884, 0.0, -1.1972683390616714, 150.48128367777628, -48.660867367507166, -33.78719923339746, 0.0016000000400000006, -60.48128367777628
2025-03-30 16:10:14,421 - 2025-03-30T16:10:14.421061, 0.13214304839078395, 0.0, -1.2057200679728117, 151.4719836781518, -48.667992236752596, -33.50982595495646, 0.0016000000400000006, -61.47198367815179
2025-03-30 16:10:14,440 - 2025-03-30T16:10:14.440946, 0.13218147241205003, 0.0, -1.2143571116565375, 152.5010836785401, -48.658370819635046, -33.22687038914302, 0.0016000000400000006, -62.501083678540105
2025-03-30 16:10:14,461 - 2025-03-30T16:10:14.461192, 0.13279234484267954, 0.0, -1.2231050734119124, 153.52148367892346, -48.629885736513536, -32.940834841373324, 0.0016000000400000006, -63.52148367892346
2025-03-30 16:10:14,481 - 2025-03-30T16:10:14.481225, 0.1339088440477787, 0.0, -1.2320383499398728, 154.49558367928796, -48.584654367029096, -32.64921700623118, 0.0016000000400000006, -64.49558367928796
2025-03-30 16:10:14,502 - 2025-03-30T16:10:14.501946, 0.13575416013016017, 0.0, -1.2413574061450956, 155.38738367962037, -48.51516979493308, -32.345664744793666, 0.0016000000400000006, -65.38738367962037
2025-03-30 16:10:14,520 - 2025-03-30T16:10:14.520828, 0.1378150912493088, 0.0, -1.2507357089191657, 156.20948367992588, -48.438563232363656, -32.040380029490386, 0.0016000000400000006, -66.20948367992588
2025-03-30 16:10:14,541 - 2025-03-30T16:10:14.541059, 0.1401660341061608, 0.0, -1.2602400798969744, 156.9307836801931, -48.35233237390467, -31.73124548068042, 0.0016000000400000006, -66.9307836801931
2025-03-30 16:10:14,561 - 2025-03-30T16:10:14.561763, 0.1427401670658246, 0.0, -1.2699449157794591, 157.59728368043943, -48.258594599197075, -31.41575879294754, 0.0016000000400000006, -67.59728368043943
2025-03-30 16:10:14,582 - 2025-03-30T16:10:14.582328, 0.14553749012830064, 0.0, -1.2798502165666208, 158.34208368071407, -48.157349908240846, -31.09391996629172, 0.0016000000400000006, -68.34208368071407
2025-03-30 16:10:14,604 - 2025-03-30T16:10:14.604218, 0.14846223535402947, 0.0, -1.2908108673394803, 159.20068368102974, -48.050908431441826, -30.737625964594677, 0.0016000000400000006, -69.20068368102974
2025-03-30 16:10:14,621 - 2025-03-30T16:10:14.620976, 0.15136290142210918, 0.0, -1.3000025013814498, 159.8602836812717, -47.94696868430458, -30.439270488999977, 0.0016000000400000006, -69.86028368127171
2025-03-30 16:10:14,641 - 2025-03-30T16:10:14.641236, 0.15517147803352538, 0.0, -1.3102784317137832, 160.48018368149866, -47.81223142062245, -30.106267087599253, 0.0016000000400000006, -70.48018368149866
2025-03-30 16:10:14,660 - 2025-03-30T16:10:14.660841, 0.1596117496231515, 0.0, -1.3204496650809991, 160.9026836816531, -47.65689803707064, -29.777305694715643, 0.0016000000400000006, -70.90268368165309
2025-03-30 16:10:14,680 - 2025-03-30T16:10:14.680881, 0.1643268828183908, 0.0, -1.3304645299802944, 161.19538368175995, -47.49271020917972, -29.453733838439696, 0.0016000000400000006, -71.19538368175995
2025-03-30 16:10:14,701 - 2025-03-30T16:10:14.701387, 0.16867760757498917, 0.0, -1.3402865050409591, 161.3451836818146, -47.34064898259457, -29.136129195311423, 0.0016000000400000006, -71.3451836818146
2025-03-30 16:10:14,723 - 2025-03-30T16:10:14.722989, 0.17316197560137203, 0.0, -1.3499596866997496, 161.3522836818172, -47.184352996727476, -28.82352916301555, 0.0016000000400000006, -71.3522836818172
2025-03-30 16:10:14,741 - 2025-03-30T16:10:14.740997, 0.17763876856170935, 0.0, -1.35949165002271, 161.27688368178968, -47.028441936635616, -28.515548815776874, 0.0016000000400000006, -71.27688368178968
2025-03-30 16:10:14,760 - 2025-03-30T16:10:14.760707, 0.18201843962297515, 0.0, -1.3685331367032916, 161.22038368176908, -46.876187959285616, -28.223544903350657, 0.0016000000400000006, -71.22038368176908
2025-03-30 16:10:14,781 - 2025-03-30T16:10:14.781891, 0.1859593055446611, 0.0, -1.3773149119103487, 161.28548368179284, -46.73856288865766, -27.939625583713138, 0.0016000000400000006, -71.28548368179284
2025-03-30 16:10:14,803 - 2025-03-30T16:10:14.803530, 0.18890406804949755, 0.0, -1.3860084942438928, 161.48488368186557, -46.633660539205124, -27.657631468706175, 0.0016000000400000006, -71.48488368186557
2025-03-30 16:10:14,826 - 2025-03-30T16:10:14.826489, 0.1913948752826644, 0.0, -1.3941599284322552, 161.73878368195813, -46.544156948025076, -27.392961316602207, 0.0016000000400000006, -71.73878368195813
2025-03-30 16:10:14,841 - 2025-03-30T16:10:14.841056, 0.19342279821860364, 0.0, -1.4002826344162052, 162.01138368205744, -46.4717839932288, -27.194314283389215, 0.0016000000400000006, -72.01138368205744
2025-03-30 16:10:14,860 - 2025-03-30T16:10:14.860836, 0.19602452352341926, 0.0, -1.407861620195205, 162.4363836822121, -46.379200420092495, -26.948507797289192, 0.0016000000400000006, -72.4363836822121
2025-03-30 16:10:14,881 - 2025-03-30T16:10:14.881448, 0.19837275846124314, 0.0, -1.4146752677262109, 162.75478368232785, -46.2956634663057, -26.727532190340796, 0.0016000000400000006, -72.75478368232785
2025-03-30 16:10:14,900 - 2025-03-30T16:10:14.900904, 0.20040825646322658, 0.0, -1.420939192045989, 162.86168368236667, -46.222905585734225, -26.52426547207066, 0.0016000000400000006, -72.86168368236667
2025-03-30 16:10:14,922 - 2025-03-30T16:10:14.922210, 0.20249542596801273, 0.0, -1.4268462829931727, 162.8394836823586, -46.14880017707221, -26.33274042933104, 0.0016000000400000006, -72.8394836823586
2025-03-30 16:10:14,944 - 2025-03-30T16:10:14.944331, 0.2043442552378969, 0.0, -1.4322704723640207, 162.82878368235475, -46.08297153620926, -26.15680689562871, 0.0016000000400000006, -72.82878368235475
2025-03-30 16:10:14,961 - 2025-03-30T16:10:14.961721, 0.20554623939748096, 0.0, -1.437516922028328, 162.8619836823668, -46.038508866766456, -25.986070723523603, 0.0016000000400000006, -72.8619836823668
2025-03-30 16:10:15,001 - 2025-03-30T16:10:15.001549, 0.20608406908668675, 0.0, -1.4475434238722116, 163.2238836824982, -46.01117913672507, -25.6580730844641, 0.0016000000400000006, -73.22388368249821
2025-03-30 16:10:15,041 - 2025-03-30T16:10:15.041375, 0.2039084501309545, 0.0, -1.4571489786276364, 163.74168368268602, -46.07316312587095, -25.341240595903905, 0.0016000000400000006, -73.74168368268602
2025-03-30 16:10:15,081 - 2025-03-30T16:10:15.081574, 0.19983639228107952, 0.0, -1.465723262555013, 164.40068368292472, -46.19828242696197, -25.056361552723125, 0.0016000000400000006, -74.40068368292472
2025-03-30 16:10:15,120 - 2025-03-30T16:10:15.120741, 0.1940986607059192, 0.0, -1.4736079588948483, 165.0966836831764, -46.37864519797425, -24.79246413094163, 0.0016000000400000006, -75.09668368317641
2025-03-30 16:10:15,141 - 2025-03-30T16:10:15.141270, 0.19031119875569047, 0.0, -1.4769268641323579, 165.60718368336074, -46.499528012520116, -24.680053137977307, 0.0016000000400000006, -75.60718368336074
2025-03-30 16:10:15,161 - 2025-03-30T16:10:15.161163, 0.18602568509703632, 0.0, -1.4802016729331111, 166.29988368361055, -46.63677218765371, -24.568604747328255, 0.0016000000400000006, -76.29988368361055
2025-03-30 16:10:15,181 - 2025-03-30T16:10:15.181381, 0.18145773476672433, 0.0, -1.483491631865955, 167.12448368390744, -46.783255732901644, -24.456386505128727, 0.0016000000400000006, -77.12448368390746
2025-03-30 16:10:15,201 - 2025-03-30T16:10:15.201399, 0.1764585543628785, 0.0, -1.486663097661105, 167.92048368419358, -46.94398325909634, -24.347633170660686, 0.0016000000400000006, -77.92048368419358
2025-03-30 16:10:15,225 - 2025-03-30T16:10:15.225271, 0.1712589090543566, 0.0, -1.4900577535590664, 168.6381836844512, -47.111062924213954, -24.23137291994404, 0.0016000000400000006, -78.6381836844512
2025-03-30 16:10:15,240 - 2025-03-30T16:10:15.240886, 0.1661412355128169, 0.0, -1.4936604494277494, 169.30898368469175, -47.27525535814015, -24.108375604529247, 0.0016000000400000006, -79.30898368469177
2025-03-30 16:10:15,260 - 2025-03-30T16:10:15.260834, 0.1612543271401341, 0.0, -1.4976048285369377, 169.9926836849366, -47.431555950042494, -23.974406465134372, 0.0016000000400000006, -79.9926836849366
2025-03-30 16:10:15,282 - 2025-03-30T16:10:15.282585, 0.15609255716183856, 0.0, -1.5017055761140465, 170.63428368516614, -47.596710986283924, -23.835047789131824, 0.0016000000400000006, -80.63428368516614
2025-03-30 16:10:15,304 - 2025-03-30T16:10:15.304021, 0.15151081065894934, 0.0, -1.5060584600986333, 171.16458368535575, -47.74261743074625, -23.68798944611586, 0.0016000000400000006, -81.16458368535575
2025-03-30 16:10:15,320 - 2025-03-30T16:10:15.320802, 0.14721907589376526, 0.0, -1.5105374122869586, 171.78758368557826, -47.87889957931895, -23.537081269593195, 0.0016000000400000006, -81.78758368557826
2025-03-30 16:10:15,341 - 2025-03-30T16:10:15.341801, 0.14272687622390423, 0.0, -1.5152395545780957, 172.53138368584374, -48.02153386681458, -23.378666176821916, 0.0016000000400000006, -82.53138368584374
2025-03-30 16:10:15,361 - 2025-03-30T16:10:15.361195, 0.1382574017521785, 0.0, -1.520365351876721, 173.36888368614237, -48.16301337698453, -23.206392028879097, 0.0016000000400000006, -83.36888368614237
2025-03-30 16:10:15,381 - 2025-03-30T16:10:15.381510, 0.13409308915024765, 0.0, -1.5258996540507441, 174.21648368644435, -48.29409873971441, -23.02102867731522, 0.0016000000400000006, -84.21648368644435
2025-03-30 16:10:15,401 - 2025-03-30T16:10:15.401724, 0.13065759342559868, 0.0, -1.5318197359020296, 175.10998368676243, -48.40093089983273, -22.823730899455967, 0.0016000000400000006, -85.10998368676243
2025-03-30 16:10:15,425 - 2025-03-30T16:10:15.425230, 0.12745286286980617, 0.0, -1.5380815009938202, 175.9802836870721, -48.499871217927215, -22.615461297616626, 0.0016000000400000006, -85.9802836870721
2025-03-30 16:10:15,441 - 2025-03-30T16:10:15.441222, 0.12467178732150241, 0.0, -1.5443205408874765, 176.7384836873417, -48.58495248085015, -22.40834647310295, 0.0016000000400000006, -86.7384836873417
2025-03-30 16:10:15,460 - 2025-03-30T16:10:15.460890, 0.12239633854766874, 0.0, -1.5507448955537178, 177.45198368759532, -48.65328745741014, -22.19564936121685, 0.0016000000400000006, -87.45198368759532
2025-03-30 16:10:15,480 - 2025-03-30T16:10:15.480895, 0.12103502142370326, 0.0, -1.5570494031227509, 178.10488368782734, -48.6917869439861, -21.987764109398334, 0.0016000000400000006, -88.10488368782734
2025-03-30 16:10:15,501 - 2025-03-30T16:10:15.501260, 0.12037979597888482, 0.0, -1.563316035361559, 178.69308368803632, -48.707188005276166, -21.781803486455946, 0.0016000000400000006, -88.69308368803632
2025-03-30 16:10:15,521 - 2025-03-30T16:10:15.521387, 0.12035626551227585, 0.0, -1.5694779706352486, 179.31928368825882, -48.70199294669656, -21.579884872030707, 0.0016000000400000006, -89.31928368825882
2025-03-30 16:10:15,542 - 2025-03-30T16:10:15.542035, 0.12039955668055846, 0.0, -1.5755655092080003, -179.83071631143923, -48.694680508476, -21.38046856302169, 0.0016000000400000006, 269.83071631143923
2025-03-30 16:10:15,560 - 2025-03-30T16:10:15.560720, 0.12046421908746296, 0.0, -1.58073134106484, -179.2040163112166, -48.68756024526583, -21.211272669771894, 0.0016000000400000006, 269.2040163112166
2025-03-30 16:10:15,580 - 2025-03-30T16:10:15.580807, 0.12038766315853833, 0.0, -1.5859047479877244, -178.59811631100138, -48.68505966711282, -21.041691850746883, 0.0016000000400000006, 268.5981163110014
2025-03-30 16:10:15,600 - 2025-03-30T16:10:15.600704, 0.12100962384271385, 0.0, -1.5908990612445528, -177.93311631076506, -48.659845589449205, -20.878655345655226, 0.0016000000400000006, 267.93311631076506
2025-03-30 16:10:15,621 - 2025-03-30T16:10:15.621279, 0.12207038966646921, 0.0, -1.5961530859749056, -177.33711631055328, -48.62000260506356, -20.707534247774877, 0.0016000000400000006, 267.3371163105533
2025-03-30 16:10:15,641 - 2025-03-30T16:10:15.641900, 0.1235472354316669, 0.0, -1.601243167171293, -176.90021631039798, -48.56668549128163, -20.542187612277413, 0.0016000000400000006, 266.900216310398
2025-03-30 16:10:15,665 - 2025-03-30T16:10:15.664947, 0.12528514662990142, 0.0, -1.607239804951503, -176.62301631029945, -48.503936832374976, -20.347390412571155, 0.0016000000400000006, 266.6230163102995
2025-03-30 16:10:15,701 - 2025-03-30T16:10:15.701003, 0.1282602093989187, 0.0, -1.6164982606283655, -176.86261631038462, -48.39749477982151, -20.046917557335455, 0.0016000000400000006, 266.8626163103846
2025-03-30 16:10:15,721 - 2025-03-30T16:10:15.721492, 0.1298038767990075, 0.0, -1.621513945123815, -177.3427163105553, -48.34206028639864, -19.88407322725422, 0.0016000000400000006, 267.34271631055526
2025-03-30 16:10:15,740 - 2025-03-30T16:10:15.740939, 0.13099071082650182, 0.0, -1.6264779581164635, -177.98891631078487, -48.298367468506285, -19.722576425263462, 0.0016000000400000006, 267.9889163107849
2025-03-30 16:10:15,781 - 2025-03-30T16:10:15.781098, 0.12756414412741224, 0.0, -1.63388462002698, -178.01011631079245, -48.403467750513265, -19.47657949141623, 0.0016000000400000006, 268.01011631079245
2025-03-30 16:10:15,821 - 2025-03-30T16:10:15.821425, 0.12677392145329502, 0.0, -1.6389546839442608, -177.81961631072477, -48.42445052342139, -19.309693728572242, 0.0016000000400000006, 267.81961631072477
2025-03-30 16:10:15,862 - 2025-03-30T16:10:15.862507, 0.12398120896040288, 0.0, -1.6410164203318827, -178.45621631095094, -48.51395756912789, -19.23943700190813, 0.0016000000400000006, 268.45621631095094
2025-03-30 16:10:15,901 - 2025-03-30T16:10:15.901053, 0.11892142802819583, 0.0, -1.6430581394403978, -178.26121631088168, -48.67776450152444, -19.1676411478975, 0.0016000000400000006, 268.26121631088165
2025-03-30 16:10:16,042 - 2025-03-30T16:10:16.042224, 0.11566367201008809, 0.0, -1.6483313761813836, -178.73371631104953, -48.77939930004552, -18.991709341458378, 0.0016000000400000006, 268.73371631104953
2025-03-30 16:10:16,121 - 2025-03-30T16:10:16.121252, 0.11591094127054946, 0.0, -1.6503008578169491, -179.88101631145713, -48.769390654135115, -18.92741867643315, 0.0016000000400000006, 269.88101631145713
2025-03-30 16:10:16,140 - 2025-03-30T16:10:16.140864, 0.11629807490732658, 0.0, -1.6509174026630689, 179.4476836883044, -48.75610927550362, -18.907592408113917, 0.0016000000400000006, -89.44768368830441
2025-03-30 16:10:16,161 - 2025-03-30T16:10:16.161921, 0.11675960524504037, 0.0, -1.6516007691440797, 178.8720836880999, -48.74032559145594, -18.885648760153746, 0.0016000000400000006, -88.8720836880999
2025-03-30 16:10:16,182 - 2025-03-30T16:10:16.182434, 0.11715431394786169, 0.0, -1.6523585323260281, 178.3822836879259, -48.72665928704924, -18.861202806777356, 0.0016000000400000006, -88.3822836879259
2025-03-30 16:10:16,222 - 2025-03-30T16:10:16.222025, 0.11814419625818129, 0.0, -1.6536508685871136, 177.62308368765613, -48.69297453931291, -18.819817816273176, 0.0016000000400000006, -87.62308368765613
2025-03-30 16:10:16,421 - 2025-03-30T16:10:16.421122, 0.11714593361334291, 0.0, -1.6588029042713766, 178.20848368786415, -48.72069437691918, -18.65004482223776, 0.0016000000400000006, -88.20848368786415
2025-03-30 16:10:16,485 - 2025-03-30T16:10:16.485890, 0.11687648784578597, 0.0, -1.6643407196329019, 178.5761836879948, -48.72416101191389, -18.468337401906968, 0.0016000000400000006, -88.57618368799481
2025-03-30 16:10:16,541 - 2025-03-30T16:10:16.541806, 0.11663112123588038, 0.0, -1.671647551725317, 178.76368368806143, -48.725125917246764, -18.228691455473847, 0.0016000000400000006, -88.76368368806143
2025-03-30 16:10:16,582 - 2025-03-30T16:10:16.581978, 0.11684457704465823, 0.0, -1.6769470268519395, 178.46108368795387, -48.71300104320422, -18.055260802942144, 0.0016000000400000006, -88.46108368795387
2025-03-30 16:10:16,661 - 2025-03-30T16:10:16.661277, 0.11666467811012948, 0.0, -1.6828341005200156, 178.60318368800438, -48.71319552123226, -17.86219663285603, 0.0016000000400000006, -88.60318368800438
2025-03-30 16:10:16,720 - 2025-03-30T16:10:16.720847, 0.11658541426217583, 0.0, -1.6853167839960972, 179.09918368818063, -48.713388847751474, -17.780774755692597, 0.0016000000400000006, -89.09918368818063
2025-03-30 16:10:38,543 - 2025-03-30T16:10:38.543834, 0.12163004506229225, 0.0, -1.6829926282159233, 178.92878368812006, -48.55035176690539, -17.861809979817576, 0.0016000000400000006, -88.92878368812006
2025-03-30 16:11:04,861 - 2025-03-30T16:11:04.861278, 0.1266974010605444, 0.0, -1.6810921274432378, 178.93218368812126, -48.38615990873362, -17.928986148771028, 0.0016000000400000006, -88.93218368812126
2025-03-30 16:12:41,241 - 2025-03-30T16:12:41.241586, 0.13175718199275144, 0.0, -1.679050408334723, 178.88358368810404, -48.22235297633707, -18.000782002781644, 0.0016000000400000006, -88.88358368810404
2025-03-30 16:14:33,341 - 2025-03-30T16:14:33.341019, 0.1313389428233207, 0.0, -1.6844545804264643, 178.88658368810508, -48.23082422216417, -17.823309341732788, 0.0016000000400000006, -88.88658368810509
2025-03-30 16:14:37,100 - 2025-03-30T16:14:37.100760, 0.13255282050492534, 0.0, -1.679361791311048, 178.770983688064, -48.19598239408454, -17.991349881902476, 0.0016000000400000006, -88.770983688064
2025-03-30 16:14:39,300 - 2025-03-30T16:14:39.300813, 0.13215404992356117, 0.0, -1.674567942958895, 178.2370836878743, -48.21368955549955, -18.148034248071237, 0.0016000000400000006, -88.23708368787432
2025-03-30 16:14:39,363 - 2025-03-30T16:14:39.363331, 0.13123585639514967, 0.0, -1.6706517048858989, 177.56938368763704, -48.2475659024919, -18.275460800796022, 0.0016000000400000006, -87.56938368763704
2025-03-30 16:14:39,400 - 2025-03-30T16:14:39.400726, 0.130610382523471, 0.0, -1.6695522584634448, 177.07308368746064, -48.269124048922464, -18.3108785781525, 0.0016000000400000006, -87.07308368746064
2025-03-30 16:14:39,683 - 2025-03-30T16:14:39.683348, 0.13151207196027803, 0.0, -1.6718406981413807, 177.73258368769504, -48.23736450581666, -18.236770866472867, 0.0016000000400000006, -87.73258368769504
2025-03-30 16:14:39,721 - 2025-03-30T16:14:39.721180, 0.13207072419706467, 0.0, -1.673014541264772, 178.2494836878787, -48.21792373902708, -18.198850783700188, 0.0016000000400000006, -88.2494836878787
2025-03-30 16:14:39,780 - 2025-03-30T16:14:39.780919, 0.13257148382451867, 0.0, -1.6757493611483318, 178.94358368812533, -48.198868473767135, -18.109729239523315, 0.0016000000400000006, -88.94358368812533
2025-03-30 16:14:39,901 - 2025-03-30T16:14:39.901329, 0.1334972524189748, 0.0, -1.6798068175571572, 179.45048368830544, -48.16460720099956, -17.977683001741358, 0.0016000000400000006, -89.45048368830544
2025-03-30 16:14:54,920 - 2025-03-30T16:14:54.920817, 0.13277059476968, 0.0, -1.6741808093221184, 179.22268368822446, -48.19386328718034, -18.161315626702724, 0.0016000000400000006, -89.22268368822446
2025-03-30 16:14:54,982 - 2025-03-30T16:14:54.982817, 0.1329794400088753, 0.0, -1.6675132472739582, 179.12328368818916, -48.19347605838749, -18.37998052749093, 0.0016000000400000006, -89.12328368818916
2025-03-30 16:14:55,020 - 2025-03-30T16:14:55.020806, 0.13344177561506276, 0.0, -1.661611023473792, 178.9523836881284, -48.184042210245096, -18.5738145491275, 0.0016000000400000006, -88.9523836881284
2025-03-30 16:14:55,061 - 2025-03-30T16:14:55.061818, 0.13371744248914963, 0.0, -1.6548690647246942, 178.835683688087, -48.181537601811286, -18.794981755331918, 0.0016000000400000006, -88.83568368808699
2025-03-30 16:14:55,101 - 2025-03-30T16:14:55.101669, 0.13389598746416453, 0.0, -1.6476366293332165, 178.68068368803193, -48.18269007611934, -19.032125396348835, 0.0016000000400000006, -88.68068368803193
2025-03-30 16:14:55,141 - 2025-03-30T16:14:55.141241, 0.13443136581177528, 0.0, -1.6404558654445416, 178.55628368798773, -48.17210087489684, -19.267921509275208, 0.0016000000400000006, -88.55628368798773
2025-03-30 16:14:55,181 - 2025-03-30T16:14:55.181446, 0.13466915735563623, 0.0, -1.6330078150162972, 178.4683836879565, -48.171520895339185, -19.5121871407655, 0.0016000000400000006, -88.4683836879565
2025-03-30 16:14:55,221 - 2025-03-30T16:14:55.221317, 0.1352789324041841, 0.0, -1.6258938727625134, 178.3473836879135, -48.15842938870049, -19.745865874050928, 0.0016000000400000006, -88.34738368791349
2025-03-30 16:14:55,262 - 2025-03-30T16:14:55.262171, 0.13549670666893876, 0.0, -1.620712890773584, 178.30178368789728, -48.156310281796294, -19.91583161885117, 0.0016000000400000006, -88.30178368789728
2025-03-30 16:14:59,382 - 2025-03-30T16:14:59.382037, 0.1362566290788756, 0.0, -1.6150779535129862, 178.50738368797036, -48.136867211989085, -20.101196121923856, 0.0016000000400000006, -88.50738368797036
2025-03-30 16:14:59,501 - 2025-03-30T16:14:59.501885, 0.13618439160592555, 0.0, -1.6097709033203174, 178.75118368805695, -48.144372400974504, -20.275011700230817, 0.0016000000400000006, -88.75118368805695
2025-03-30 16:14:59,821 - 2025-03-30T16:14:59.821231, 0.13590411416225479, 0.0, -1.6045458248946307, 178.96698368813364, -48.15861465465805, -20.445940047346358, 0.0016000000400000006, -88.96698368813364
2025-03-30 16:15:00,141 - 2025-03-30T16:15:00.141364, 0.13612946349305455, 0.0, -1.5995060612415317, 179.13028368819167, -48.15611062197863, -20.611286107089384, 0.0016000000400000006, -89.13028368819167
2025-03-30 16:15:00,341 - 2025-03-30T16:15:00.341171, 0.1359084326182307, 0.0, -1.5940653677790788, 179.18138368820982, -48.168620421796426, -20.789336444678298, 0.0016000000400000006, -89.18138368820982
2025-03-30 16:15:00,421 - 2025-03-30T16:15:00.421396, 0.13582104501319137, 0.0, -1.5884758809147517, 179.21678368822236, -48.17689546233227, -20.9723913930996, 0.0016000000400000006, -89.21678368822236
2025-03-30 16:15:00,481 - 2025-03-30T16:15:00.481112, 0.1358004790430436, 0.0, -1.582811997349487, 179.31688368825795, -48.18305312322716, -21.15794864693712, 0.0016000000400000006, -89.31688368825795
2025-03-30 16:15:00,540 - 2025-03-30T16:15:00.540910, 0.13554914790403894, 0.0, -1.5768064305437175, 179.5447836883389, -48.19710262614589, -21.354477724754705, 0.0016000000400000006, -89.5447836883389
2025-03-30 16:15:00,602 - 2025-03-30T16:15:00.602403, 0.13515659842920558, 0.0, -1.5708084388039927, 179.85568368844935, -48.21577181412178, -21.550621876797074, 0.0016000000400000006, -89.85568368844935
2025-03-30 16:15:00,642 - 2025-03-30T16:15:00.642447, 0.13494449657994156, 0.0, -1.566854325400771, -179.92241631147184, -48.226549735828236, -21.679973058398, 0.0016000000400000006, 269.9224163114718
2025-03-30 16:15:00,701 - 2025-03-30T16:15:00.701409, 0.13479028734000975, 0.0, -1.561339235237381, -179.63721631137054, -48.23694215600507, -21.86052570140311, 0.0016000000400000006, 269.63721631137054
2025-03-30 16:15:00,762 - 2025-03-30T16:15:00.762645, 0.13422757322467982, 0.0, -1.556129306943785, -179.28001631124363, -48.26042377980298, -22.030684196968178, 0.0016000000400000006, 269.2800163112436
2025-03-30 16:15:00,821 - 2025-03-30T16:15:00.821141, 0.13423730751871288, 0.0, -1.5510302967218381, -179.07711631117155, -48.26504173759694, -22.197762710576978, 0.0016000000400000006, 269.07711631117155
2025-03-30 16:15:00,882 - 2025-03-30T16:15:00.882342, 0.1342608379853223, 0.0, -1.5448683614481489, -178.97911631113672, -48.27023679617653, -22.39968132500221, 0.0016000000400000006, 268.97911631113675
2025-03-30 16:15:00,941 - 2025-03-30T16:15:00.941089, 0.1340749745216958, 0.0, -1.5374430362180393, -178.74421631105326, -48.283515871790385, -22.642792179166825, 0.0016000000400000006, 268.74421631105326
2025-03-30 16:15:00,981 - 2025-03-30T16:15:00.981881, 0.13377197187988932, 0.0, -1.5317943027848657, -178.49981631096648, -48.29891290279963, -22.82757958145386, 0.0016000000400000006, 268.4998163109665
2025-03-30 16:15:01,021 - 2025-03-30T16:15:01.021578, 0.13303016409850477, 0.0, -1.5258858578781682, -178.2962163108941, -48.328938840530846, -23.02045157652957, 0.0016000000400000006, 268.2962163108941
2025-03-30 16:15:01,061 - 2025-03-30T16:15:01.061296, 0.13242199958690426, 0.0, -1.5198286195695965, -178.05371631080794, -48.354730018980135, -23.218328182437688, 0.0016000000400000006, 268.05371631080794
2025-03-30 16:15:01,100 - 2025-03-30T16:15:01.100927, 0.1319474783450878, 0.0, -1.5136225878591496, -177.75091631070032, -48.37628643814748, -23.421209399178228, 0.0016000000400000006, 267.7509163107003
2025-03-30 16:15:01,141 - 2025-03-30T16:15:01.141472, 0.1314212856004704, 0.0, -1.5077733895212995, -177.4548163105951, -48.399190385405305, -23.61234894038818, 0.0016000000400000006, 267.4548163105951
2025-03-30 16:15:01,181 - 2025-03-30T16:15:01.181226, 0.1310287361256366, 0.0, -1.501775397781575, -177.35741631056047, -48.41785957338121, -23.808493092430542, 0.0016000000400000006, 267.35741631056044
2025-03-30 16:15:01,221 - 2025-03-30T16:15:01.220981, 0.1305025433810183, 0.0, -1.495926199443724, -177.13871631048272, -48.44076352063906, -23.99963263364053, 0.0016000000400000006, 267.1387163104827
2025-03-30 16:15:01,261 - 2025-03-30T16:15:01.261112, 0.13014029417036488, 0.0, -1.4904930810473171, -177.06621631045698, -48.457893005514045, -24.17729804545418, 0.0016000000400000006, 267.066216310457
2025-03-30 16:15:01,302 - 2025-03-30T16:15:01.302246, 0.12949560828805362, 0.0, -1.485075112783, -176.86661631038604, -48.48426186050335, -24.354193605717388, 0.0016000000400000006, 266.866616310386
2025-03-30 16:15:01,341 - 2025-03-30T16:15:01.341032, 0.12885849747178701, 0.0, -1.479798362854512, -176.71161631033092, -48.510245789717445, -24.52646948092342, 0.0016000000400000006, 266.7116163103309
2025-03-30 16:15:01,382 - 2025-03-30T16:15:01.382469, 0.1283550299253049, 0.0, -1.4743728195241501, -176.55161631027403, -48.53199495964959, -24.703749966961844, 0.0016000000400000006, 266.551616310274
2025-03-30 16:15:01,421 - 2025-03-30T16:15:01.421095, 0.12822354588350793, 0.0, -1.469281384368248, -176.3755163102114, -48.54123260250074, -24.870443554795425, 0.0016000000400000006, 266.3755163102114
2025-03-30 16:15:01,461 - 2025-03-30T16:15:01.461001, 0.12774280353516154, 0.0, -1.464279496045374, -176.29881631018415, -48.56182699510719, -25.033864985662326, 0.0016000000400000006, 266.2988163101842
2025-03-30 16:15:01,500 - 2025-03-30T16:15:01.500906, 0.12725448612076917, 0.0, -1.4591363893866705, -176.30491631018631, -48.58280631348889, -25.20190610158641, 0.0016000000400000006, 266.3049163101863
2025-03-30 16:15:01,544 - 2025-03-30T16:15:01.544107, 0.12669934707148478, 0.0, -1.454067679428904, -176.2888163101806, -48.60590301151155, -25.367444912094292, 0.0016000000400000006, 266.2888163101806
2025-03-30 16:15:01,581 - 2025-03-30T16:15:01.581550, 0.12641906962781402, 0.0, -1.4488426010032178, -176.29231631018183, -48.62014526519509, -25.53837325920982, 0.0016000000400000006, 266.29231631018183
2025-03-30 16:15:01,620 - 2025-03-30T16:15:01.620930, 0.1261387921841428, 0.0, -1.443617522577532, -176.36711631020844, -48.63438751887865, -25.709301606325326, 0.0016000000400000006, 266.3671163102084
2025-03-30 16:15:01,661 - 2025-03-30T16:15:01.661395, 0.1257841180395345, 0.0, -1.4383256225169534, -176.42561631022923, -48.65113207797841, -25.88234733308184, 0.0016000000400000006, 266.4256163102292
2025-03-30 16:15:01,700 - 2025-03-30T16:15:01.700723, 0.1255630871647111, 0.0, -1.4328849290545014, -176.4604163102416, -48.663641877796195, -26.060397670670717, 0.0016000000400000006, 266.4604163102416
2025-03-30 16:15:01,741 - 2025-03-30T16:15:01.741067, 0.1254681244936262, 0.0, -1.4271542238543447, -176.41901631022688, -48.67230184410728, -26.248072304149204, 0.0016000000400000006, 266.4190163102269
2025-03-30 16:15:01,781 - 2025-03-30T16:15:01.781404, 0.12495708188109855, 0.0, -1.4215874621881528, -176.4151163102255, -48.69443593981467, -26.429972475244824, 0.0016000000400000006, 266.41511631022547
2025-03-30 16:15:01,820 - 2025-03-30T16:15:01.820932, 0.1248696942760592, 0.0, -1.4159979753238257, -176.62571631030036, -48.70271098035051, -26.613027423666132, 0.0016000000400000006, 266.6257163103004
2025-03-30 16:15:01,862 - 2025-03-30T16:15:01.862049, 0.12434350153144136, 0.0, -1.4101487769859755, -176.61711631029735, -48.725614927608355, -26.804166964876092, 0.0016000000400000006, 266.6171163102973
2025-03-30 16:15:01,901 - 2025-03-30T16:15:01.901815, 0.12447930402921381, 0.0, -1.4047597550263249, -176.7155163103323, -48.726383051895596, -26.98086977437447, 0.0016000000400000006, 266.7155163103323
2025-03-30 16:15:01,941 - 2025-03-30T16:15:01.941281, 0.12432509478928155, 0.0, -1.3992446648629349, -176.86181631038434, -48.73677547207244, -27.161422417379576, 0.0016000000400000006, 266.86181631038437
2025-03-30 16:15:01,981 - 2025-03-30T16:15:01.981048, 0.1238140521767539, 0.0, -1.393677903196743, -176.97161631042334, -48.75890956777982, -27.3433225884752, 0.0016000000400000006, 266.9716163104233
2025-03-30 16:15:02,021 - 2025-03-30T16:15:02.021595, 0.1237342396377592, 0.0, -1.388229634668245, -177.10641631047127, -48.76679968254045, -27.521757851839332, 0.0016000000400000006, 267.1064163104713
2025-03-30 16:15:02,060 - 2025-03-30T16:15:02.060872, 0.12337199042710623, 0.0, -1.382796516271838, -177.20901631050774, -48.78392916741542, -27.699423263652985, 0.0016000000400000006, 267.20901631050776
2025-03-30 16:15:02,102 - 2025-03-30T16:15:02.101517, 0.12329217788811153, 0.0, -1.37734824774334, -177.38461631057015, -48.79181928217606, -27.877858527017118, 0.0016000000400000006, 267.38461631057015
2025-03-30 16:15:02,140 - 2025-03-30T16:15:02.140921, 0.12348722695473091, 0.0, -1.3717436107469227, -177.51581631061677, -48.79085495259754, -28.061683326988884, 0.0016000000400000006, 267.51581631061674
2025-03-30 16:15:02,181 - 2025-03-30T16:15:02.181158, 0.1233330177147991, 0.0, -1.3662285205835327, -177.59071631064342, -48.80124737277438, -28.242235969993988, 0.0016000000400000006, 267.5907163106434
2025-03-30 16:15:02,221 - 2025-03-30T16:15:02.221339, 0.12317880847486773, 0.0, -1.3607134304201431, -177.77461631070878, -48.8116397929512, -28.42278861299908, 0.0016000000400000006, 267.7746163107088
2025-03-30 16:15:02,263 - 2025-03-30T16:15:02.262938, 0.12289853103119652, 0.0, -1.355488351994457, -177.71491631068753, -48.82588204663475, -28.59371696011461, 0.0016000000400000006, 267.7149163106875
2025-03-30 16:15:02,300 - 2025-03-30T16:15:02.300778, 0.12290069025918493, 0.0, -1.3502481234366805, -177.8949163107515, -48.83088493020393, -28.765415158780595, 0.0016000000400000006, 267.8949163107515
2025-03-30 16:15:02,341 - 2025-03-30T16:15:02.341450, 0.12297724618810957, 0.0, -1.3450747165137962, -178.03551631080146, -48.83338550835693, -28.934995977805606, 0.0016000000400000006, 268.0355163108014
2025-03-30 16:15:02,382 - 2025-03-30T16:15:02.382916, 0.12312062375192712, 0.0, -1.3398269128899751, -178.22581631086913, -48.83376870686894, -29.107079102246804, 0.0016000000400000006, 268.22581631086916
2025-03-30 16:15:02,421 - 2025-03-30T16:15:02.420976, 0.1231971796808522, 0.0, -1.3346535059670908, -178.3122163108998, -48.83626928502193, -29.276659921271815, 0.0016000000400000006, 268.31221631089977
2025-03-30 16:15:02,462 - 2025-03-30T16:15:02.462598, 0.12327373560977817, 0.0, -1.3294800990442068, -178.38661631092623, -48.83876986317489, -29.446240740296815, 0.0016000000400000006, 268.38661631092623
2025-03-30 16:15:02,520 - 2025-03-30T16:15:02.520808, 0.12337030881780997, 0.0, -1.322039623682008, -178.54821631098363, -48.842809568674404, -29.690121446011865, 0.0016000000400000006, 268.54821631098366
2025-03-30 16:15:02,562 - 2025-03-30T16:15:02.562524, 0.12352126144767261, 0.0, -1.3169330383940157, -178.65291631102085, -48.84280784141118, -29.857584885395905, 0.0016000000400000006, 268.6529163110208
2025-03-30 16:15:02,601 - 2025-03-30T16:15:02.601868, 0.12352342067566013, 0.0, -1.3116928098362393, -178.79981631107304, -48.847810724980384, -30.029283084061888, 0.0016000000400000006, 268.7998163110731
2025-03-30 16:15:02,640 - 2025-03-30T16:15:02.640865, 0.12359997660458566, 0.0, -1.3065194029133549, -178.79511631107138, -48.85031130313336, -30.198863903086902, 0.0016000000400000006, 268.7951163110714
2025-03-30 16:15:02,681 - 2025-03-30T16:15:02.681787, 0.12366895746746565, 0.0, -1.3012047776546414, -178.84441631108885, -48.85319680706158, -30.373064407169085, 0.0016000000400000006, 268.8444163110888
2025-03-30 16:15:02,722 - 2025-03-30T16:15:02.722893, 0.12334322962752342, 0.0, -1.295132389213979, -179.01201631114841, -48.869748615396524, -30.571710864627665, 0.0016000000400000006, 269.0120163111484
2025-03-30 16:15:02,760 - 2025-03-30T16:15:02.760869, 0.12347903212529587, 0.0, -1.289743367254328, -179.19201631121237, -48.870516739683765, -30.748413674126066, 0.0016000000400000006, 269.1920163112124
2025-03-30 16:15:02,801 - 2025-03-30T16:15:02.801230, 0.12338406945421099, 0.0, -1.284012662054172, -179.3278163112606, -48.87917670599485, -30.936088307604525, 0.0016000000400000006, 269.32781631126056
2025-03-30 16:15:02,845 - 2025-03-30T16:15:02.845347, 0.12334077828592793, 0.0, -1.2779251234814195, -179.5364163113347, -48.88648914421543, -31.13550461661357, 0.0016000000400000006, 269.53641631133473
2025-03-30 16:15:02,880 - 2025-03-30T16:15:02.880938, 0.12333536244787124, 0.0, -1.272543676587814, -179.6481163113744, -48.89187695355983, -31.311822500336717, 0.0016000000400000006, 269.6481163113744
2025-03-30 16:15:02,921 - 2025-03-30T16:15:02.921554, 0.12353041151448974, 0.0, -1.2669390395913962, -179.75441631141214, -48.89091262398136, -31.495647300308494, 0.0016000000400000006, 269.7544163114121
2025-03-30 16:15:02,961 - 2025-03-30T16:15:02.961642, 0.12359181731132507, 0.0, -1.2614831959968535, -179.83751631144168, -48.89418305368479, -31.674467489447853, 0.0016000000400000006, 269.83751631144173
2025-03-30 16:15:03,004 - 2025-03-30T16:15:03.004541, 0.12362427680349386, 0.0, -1.256807840782395, 179.9987836885002, -48.897646234153044, -31.827686947885113, 0.0016000000400000006, -89.9987836885002
2025-03-30 16:15:03,060 - 2025-03-30T16:15:03.060826, 0.12411555871434743, 0.0, -1.2501251286021438, 179.91008368846866, -48.888019635245854, -32.04712170022381, 0.0016000000400000006, -89.91008368846866
2025-03-30 16:15:03,122 - 2025-03-30T16:15:03.122087, 0.12404196728188355, 0.0, -1.2434727166860737, 179.708383688397, -48.89687177656736, -32.26501674946156, 0.0016000000400000006, -89.70838368839699
2025-03-30 16:15:03,180 - 2025-03-30T16:15:03.180765, 0.1239835259815103, 0.0, -1.2371027414416629, 179.64348368837395, -48.90495406633839, -32.47367242858493, 0.0016000000400000006, -89.64348368837395
2025-03-30 16:15:03,241 - 2025-03-30T16:15:03.241514, 0.12419237122070603, 0.0, -1.2304351793935036, 179.40178368828808, -48.904566837545524, -32.69233732937311, 0.0016000000400000006, -89.40178368828808
2025-03-30 16:15:03,301 - 2025-03-30T16:15:03.301637, 0.12423862688545029, 0.0, -1.2246968991273013, 179.32188368825973, -48.90860711879944, -32.88039688862685, 0.0016000000400000006, -89.32188368825973
2025-03-30 16:15:03,402 - 2025-03-30T16:15:03.402344, 0.12452322278509653, 0.0, -1.2194415204374347, 179.30968368825538, -48.90437063225429, -33.052864938843285, 0.0016000000400000006, -89.30968368825538
2025-03-30 16:15:03,980 - 2025-03-30T16:15:03.980795, 0.12488221538568078, 0.0, -1.2142529633824606, 179.201683688217, -48.89763184029292, -33.223215609418745, 0.0016000000400000006, -89.201683688217
2025-03-30 16:15:06,361 - 2025-03-30T16:15:06.361565, 0.12437874783919822, 0.0, -1.2088274200520979, 179.18228368821013, -48.91938101022507, -33.40049609545719, 0.0016000000400000006, -89.18228368821013
2025-03-30 16:15:06,501 - 2025-03-30T16:15:06.501768, 0.12465576867279982, 0.0, -1.2034308230264017, 179.09768368818007, -48.915529449455136, -33.577583830730816, 0.0016000000400000006, -89.09768368818007
2025-03-30 16:15:06,602 - 2025-03-30T16:15:06.602390, 0.12493278950640097, 0.0, -1.198034226000706, 178.97068368813495, -48.91167788868522, -33.75467156600443, 0.0016000000400000006, -88.97068368813495
2025-03-30 16:15:06,702 - 2025-03-30T16:15:06.702208, 0.12516435994373198, 0.0, -1.191790318960034, 178.88878368810586, -48.91013588256666, -33.9594774116211, 0.0016000000400000006, -88.88878368810586
2025-03-30 16:15:06,781 - 2025-03-30T16:15:06.781519, 0.12531531257359418, 0.0, -1.1866837336720417, 178.74478368805472, -48.910134155303446, -34.12694085100514, 0.0016000000400000006, -88.74478368805472
2025-03-30 16:15:06,882 - 2025-03-30T16:15:06.882092, 0.1255468830109252, 0.0, -1.1804398266313698, 178.63638368801617, -48.90859214918489, -34.331746696621806, 0.0016000000400000006, -88.63638368801617
2025-03-30 16:15:06,980 - 2025-03-30T16:15:06.980937, 0.1259864934189765, 0.0, -1.1741139478237148, 178.47298368795813, -48.900313078368214, -34.53943977342993, 0.0016000000400000006, -88.47298368795813
2025-03-30 16:15:07,061 - 2025-03-30T16:15:07.061476, 0.1259810775809198, 0.0, -1.1687325009301093, 178.278483687889, -48.90570088771261, -34.715757657153084, 0.0016000000400000006, -88.27848368788901
2025-03-30 16:15:07,144 - 2025-03-30T16:15:07.144133, 0.1265178098880444, 0.0, -1.1628970987648355, 178.12638368783496, -48.893764734154026, -34.90747429914868, 0.0016000000400000006, -88.12638368783496
2025-03-30 16:15:07,221 - 2025-03-30T16:15:07.221239, 0.12682377702631253, 0.0, -1.1567200133590552, 178.0164836877959, -48.88972042261927, -35.110162765124386, 0.0016000000400000006, -88.0164836877959
2025-03-30 16:15:07,282 - 2025-03-30T16:15:07.281908, 0.12721929099760754, 0.0, -1.1508921862598256, 177.82568368772812, -48.88240395411787, -35.30149448134478, 0.0016000000400000006, -87.82568368772812
2025-03-30 16:15:07,341 - 2025-03-30T16:15:07.341069, 0.12753905430845114, 0.0, -1.1436521758023033, 177.71128368768748, -48.87893674336877, -35.53902304813691, 0.0016000000400000006, -87.71128368768748
2025-03-30 16:15:07,380 - 2025-03-30T16:15:07.380748, 0.12762318530342132, 0.0, -1.1386199872152485, 177.70228368768426, -48.881052395746536, -35.70398418210473, 0.0016000000400000006, -87.70228368768426
2025-03-30 16:15:07,420 - 2025-03-30T16:15:07.420669, 0.12825703950961875, 0.0, -1.1332750616923537, 177.6007836876482, -48.86545915944605, -35.87972438928786, 0.0016000000400000006, -87.6007836876482
2025-03-30 16:15:07,461 - 2025-03-30T16:15:07.461237, 0.1289728654827993, 0.0, -1.1281381761401814, 177.3785836875692, -48.8469786919541, -36.04872753177281, 0.0016000000400000006, -87.37858368756922
2025-03-30 16:15:07,504 - 2025-03-30T16:15:07.504551, 0.12915276441732804, 0.0, -1.1222511024721058, 177.2678836875299, -48.84678421392607, -36.24179170185891, 0.0016000000400000006, -87.26788368752989
2025-03-30 16:15:07,540 - 2025-03-30T16:15:07.540891, 0.1298307150602822, 0.0, -1.116408125240786, 177.2060836875079, -48.8302283753103, -36.43389326962976, 0.0016000000400000006, -87.20608368750791
2025-03-30 16:15:07,582 - 2025-03-30T16:15:07.582067, 0.13044184406834436, 0.0, -1.1106395447104038, 177.20938368750907, -48.8157899163355, -36.6234925319844, 0.0016000000400000006, -87.20938368750907
2025-03-30 16:15:07,624 - 2025-03-30T16:15:07.624396, 0.13055492136798064, 0.0, -1.1048268677432649, 177.18628368750086, -48.81771281794845, -36.81405439665431, 0.0016000000400000006, -87.18628368750086
2025-03-30 16:15:07,661 - 2025-03-30T16:15:07.660977, 0.13131484377791658, 0.0, -1.0991919304826663, 177.02088368744208, -48.798269748141266, -36.999418899727026, 0.0016000000400000006, -87.02088368744208
2025-03-30 16:15:07,702 - 2025-03-30T16:15:07.701989, 0.13117578467007585, 0.0, -1.0939592769909354, 177.04818368745177, -48.80789231676761, -37.170732172617754, 0.0016000000400000006, -87.04818368745177
2025-03-30 16:15:07,742 - 2025-03-30T16:15:07.742399, 0.13174281724138126, 0.0, -1.0886887481689786, 176.89868368739866, -48.794416460108096, -37.34397007438466, 0.0016000000400000006, -86.89868368739866
2025-03-30 16:15:07,781 - 2025-03-30T16:15:07.781588, 0.1318193731703059, 0.0, -1.0835153412460943, 177.09088368746697, -48.7969170382611, -37.51355089340967, 0.0016000000400000006, -87.09088368746697
2025-03-30 16:15:07,821 - 2025-03-30T16:15:07.821228, 0.13238640574161176, 0.0, -1.0782448124241375, 176.879983687392, -48.78344118160156, -37.68678879517657, 0.0016000000400000006, -86.87998368739201
2025-03-30 16:15:07,863 - 2025-03-30T16:15:07.863683, 0.1328046449110425, 0.0, -1.0728406403323962, 176.75968368734922, -48.774969935774465, -37.86426145622542, 0.0016000000400000006, -86.75968368734922
2025-03-30 16:15:07,921 - 2025-03-30T16:15:07.921142, 0.13318365479073346, 0.0, -1.0653850148381068, 176.69988368732797, -48.76977027115961, -38.10891201349095, 0.0016000000400000006, -86.69988368732797
2025-03-30 16:15:07,964 - 2025-03-30T16:15:07.964068, 0.13344552549224398, 0.0, -1.0597059811407519, 176.73178368733932, -48.76668856194016, -38.295239118878925, 0.0016000000400000006, -86.73178368733932
2025-03-30 16:15:08,001 - 2025-03-30T16:15:08.001104, 0.13381209315887332, 0.0, -1.054658642421607, 176.7649836873511, -48.75956484420355, -38.46097010439721, 0.0016000000400000006, -86.7649836873511
2025-03-30 16:15:08,041 - 2025-03-30T16:15:08.041458, 0.13423033232830495, 0.0, -1.049254470329866, 176.7415836873428, -48.75109359837642, -38.63844276544605, 0.0016000000400000006, -86.7415836873428
2025-03-30 16:15:08,081 - 2025-03-30T16:15:08.081345, 0.13443295646096853, 0.0, -1.0437910516692774, 176.86838368738788, -48.74974434302271, -38.81764788036066, 0.0016000000400000006, -86.86838368738788
2025-03-30 16:15:08,121 - 2025-03-30T16:15:08.121514, 0.1348511956303997, 0.0, -1.038386879577537, 176.76658368735164, -48.741273097195595, -38.995120541409484, 0.0016000000400000006, -86.76658368735164
2025-03-30 16:15:08,161 - 2025-03-30T16:15:08.161003, 0.13497184799608108, 0.0, -1.0327154209462273, 176.8051836873654, -48.742811073033316, -39.181062721022236, 0.0016000000400000006, -86.8051836873654
2025-03-30 16:15:08,201 - 2025-03-30T16:15:08.201404, 0.13510007542780889, 0.0, -1.027185180650747, 176.88608368739418, -48.74396412309577, -39.362385215577795, 0.0016000000400000006, -86.88608368739418
2025-03-30 16:15:08,240 - 2025-03-30T16:15:08.240933, 0.1355927112981763, 0.0, -1.0218478301938978, 176.89168368739612, -48.732990571852476, -39.537740496985684, 0.0016000000400000006, -86.89168368739612
2025-03-30 16:15:08,282 - 2025-03-30T16:15:08.282727, 0.13564654202896564, 0.0, -1.0162507682635251, 177.1002836874703, -48.73664592733117, -39.72118037118223, 0.0016000000400000006, -87.1002836874703
2025-03-30 16:15:08,321 - 2025-03-30T16:15:08.321004, 0.13591598779652214, 0.0, -1.0107129529020003, 177.21168368750992, -48.733179292336466, -39.90288779151301, 0.0016000000400000006, -87.21168368750992
2025-03-30 16:15:08,361 - 2025-03-30T16:15:08.361150, 0.1362674053310613, 0.0, -1.0053831775111965, 177.31108368754522, -48.72682542615031, -40.07785814714565, 0.0016000000400000006, -87.31108368754522
2025-03-30 16:15:08,400 - 2025-03-30T16:15:08.400876, 0.1361800177260215, 0.0, -0.9997936906468698, 177.4775836876044, -48.73510046668618, -40.26091309556694, 0.0016000000400000006, -87.47758368760441
2025-03-30 16:15:08,440 - 2025-03-30T16:15:08.440935, 0.1362414235228564, 0.0, -0.9943378470523263, 177.66928368767253, -48.738370896389625, -40.43973328470632, 0.0016000000400000006, -87.66928368767253
2025-03-30 16:15:08,481 - 2025-03-30T16:15:08.481248, 0.13645919778761106, 0.0, -0.9891568650633973, 177.8025836877199, -48.736251789485436, -40.609699029506544, 0.0016000000400000006, -87.8025836877199
2025-03-30 16:15:08,542 - 2025-03-30T16:15:08.542802, 0.1364448529239941, 0.0, -0.9822888381105601, 178.0794836878183, -48.7433714769412, -40.8347160692177, 0.0016000000400000006, -88.07948368781831
2025-03-30 16:15:08,601 - 2025-03-30T16:15:08.601309, 0.13637261545104495, 0.0, -0.9769817879178921, 178.06188368781204, -48.75087666592659, -41.00853164752463, 0.0016000000400000006, -88.06188368781204
2025-03-30 16:15:08,664 - 2025-03-30T16:15:08.664702, 0.13633689934880744, 0.0, -0.9710354676809692, 178.3579836879173, -48.75780417837192, -41.203328271476494, 0.0016000000400000006, -88.35798368791731
2025-03-30 16:15:08,720 - 2025-03-30T16:15:08.720870, 0.13621163641354173, 0.0, -0.964739889137495, 178.75308368805764, -48.76800384778394, -41.40948164518369, 0.0016000000400000006, -88.75308368805764
2025-03-30 16:15:08,763 - 2025-03-30T16:15:08.763841, 0.13607257730570055, 0.0, -0.9595072356457641, 179.0961836881795, -48.7776264164103, -41.580794918074425, 0.0016000000400000006, -89.09618368817951
2025-03-30 16:15:08,821 - 2025-03-30T16:15:08.821591, 0.13555260566761307, 0.0, -0.9524538939203415, 179.51448368832814, -48.801492390229036, -41.81139424515801, 0.0016000000400000006, -89.51448368832814
2025-03-30 16:15:08,882 - 2025-03-30T16:15:08.882598, 0.1355458358700421, 0.0, -0.9457270853033348, 179.8460836884459, -48.80822715190954, -42.03179159981194, 0.0016000000400000006, -89.8460836884459
2025-03-30 16:15:08,940 - 2025-03-30T16:15:08.940957, 0.13533860116779417, 0.0, -0.939223466789139, -179.9217163114716, -48.82131405251299, -42.24468203821729, 0.0016000000400000006, 269.92171631147164
2025-03-30 16:15:09,001 - 2025-03-30T16:15:09.001380, 0.13497499799762647, 0.0, -0.9324449866693305, -179.42821631129627, -48.83979048972408, -42.46642692096174, 0.0016000000400000006, 269.4282163112963
2025-03-30 16:15:09,061 - 2025-03-30T16:15:09.061485, 0.13393424945297872, 0.0, -0.9249238934996633, -178.85391631109226, -48.88117260145622, -42.71184790553213, 0.0016000000400000006, 268.85391631109223
2025-03-30 16:15:09,100 - 2025-03-30T16:15:09.100873, 0.13359472544046147, 0.0, -0.9199144301107443, -178.4443163109467, -48.89714730900549, -42.875654262174265, 0.0016000000400000006, 268.4443163109467
2025-03-30 16:15:09,141 - 2025-03-30T16:15:09.140955, 0.1331064080260691, 0.0, -0.9147713234520403, -178.1340163108365, -48.91812662738719, -43.043695378098356, 0.0016000000400000006, 268.1340163108365
2025-03-30 16:15:09,202 - 2025-03-30T16:15:09.202560, 0.13237839641726046, 0.0, -0.9077999534936003, -177.63031631065746, -48.948729665904054, -43.2714074739905, 0.0016000000400000006, 267.63031631065746
2025-03-30 16:15:09,261 - 2025-03-30T16:15:09.261717, 0.13173993164147912, 0.0, -0.9011778418417107, -177.08091631046221, -48.976060547454274, -43.48776282012733, 0.0016000000400000006, 267.0809163104622
2025-03-30 16:15:09,321 - 2025-03-30T16:15:09.321035, 0.13055931872051652, 0.0, -0.8950096854614906, -176.49841631025512, -49.02071539190747, -43.688719407991684, 0.0016000000400000006, 266.49841631025515
2025-03-30 16:15:09,381 - 2025-03-30T16:15:09.381767, 0.1294379523684004, 0.0, -0.8886259140445039, -175.89411631004023, -49.06363778249496, -43.89679798632941, 0.0016000000400000006, 265.8941163100402
2025-03-30 16:15:09,441 - 2025-03-30T16:15:09.440990, 0.128644473084214, 0.0, -0.8830743025104018, -175.47221630989014, -49.095011248316695, -44.077928305874586, 0.0016000000400000006, 265.47221630989014
2025-03-30 16:15:16,941 - 2025-03-30T16:15:16.941499, 0.12481858711271876, 0.0, -0.8777561640641856, -175.18711630978868, -49.22551547998011, -44.2484728787237, 0.0016000000400000006, 265.1871163097887
2025-03-30 16:15:17,020 - 2025-03-30T16:15:17.020944, 0.12443361270393005, 0.0, -0.8718993906602903, -175.1987163097928, -49.243799742180784, -44.43999734570889, 0.0016000000400000006, 265.19871630979276
2025-03-30 16:15:17,080 - 2025-03-30T16:15:17.080909, 0.12393636626397875, 0.0, -0.8652697039423565, -175.18141630978667, -49.2665109386738, -44.65673761762092, 0.0016000000400000006, 265.18141630978664
2025-03-30 16:15:17,120 - 2025-03-30T16:15:17.120768, 0.12387927892311978, 0.0, -0.8602450904213468, -175.36071630985046, -49.27324627610873, -44.82131382581352, 0.0016000000400000006, 265.36071630985043
2025-03-30 16:15:17,182 - 2025-03-30T16:15:17.182334, 0.12335930728503275, 0.0, -0.8531917486959246, -175.46621630988798, -49.29711224992745, -45.05191315289709, 0.0016000000400000006, 265.46621630988795
2025-03-30 16:15:17,241 - 2025-03-30T16:15:17.241387, 0.12280281427623407, 0.0, -0.8467776770147561, -175.47671630989174, -49.32155590028622, -45.26153143433579, 0.0016000000400000006, 265.47671630989174
2025-03-30 16:15:17,322 - 2025-03-30T16:15:17.322186, 0.12230556783628277, 0.0, -0.8401479902968223, -175.54421630991575, -49.344267096779234, -45.47827170624781, 0.0016000000400000006, 265.5442163099158
2025-03-30 16:15:17,400 - 2025-03-30T16:15:17.400814, 0.12162300662374514, 0.0, -0.8340239303533585, -175.63341630994745, -49.372560580644716, -45.678265691796895, 0.0016000000400000006, 265.63341630994745
2025-03-30 16:15:17,481 - 2025-03-30T16:15:17.481268, 0.12167548339502021, 0.0, -0.8270815066995847, -175.71331630997588, -49.377562888459515, -45.90578503692423, 0.0016000000400000006, 265.7133163099759
2025-03-30 16:15:17,543 - 2025-03-30T16:15:17.543731, 0.12164598839931351, 0.0, -0.8199310430750892, -175.83551631001936, -49.38545242746572, -46.14004144674971, 0.0016000000400000006, 265.83551631001933
2025-03-30 16:15:17,580 - 2025-03-30T16:15:17.580764, 0.12127616412261455, 0.0, -0.8143567063428523, -175.8803163100353, -49.40296683811595, -46.322326543620555, 0.0016000000400000006, 265.8803163100353
2025-03-30 16:15:17,621 - 2025-03-30T16:15:17.621651, 0.12073482124590651, 0.0, -0.8082250713333434, -175.9078163100451, -49.42664063692425, -46.52270545494487, 0.0016000000400000006, 265.90781631004506
2025-03-30 16:15:17,661 - 2025-03-30T16:15:17.661884, 0.12011150660221581, 0.0, -0.8018853963531125, -176.0507163100959, -49.453201666923995, -46.729821430967355, 0.0016000000400000006, 266.05071631009594
2025-03-30 16:15:17,701 - 2025-03-30T16:15:17.700981, 0.11968865686320118, 0.0, -0.7953225312700707, -176.0810163101067, -49.47341055800082, -46.94444432323841, 0.0016000000400000006, 266.0810163101067
2025-03-30 16:15:17,742 - 2025-03-30T16:15:17.742546, 0.12006902070240688, 0.0, -0.7892122674991824, -176.42971631023067, -49.46686394104985, -47.145015409573155, 0.0016000000400000006, 266.4297163102307
2025-03-30 16:15:17,784 - 2025-03-30T16:15:17.784797, 0.11942298086058045, 0.0, -0.782448937511464, -176.5288163102659, -49.494579748375294, -47.36599044076715, 0.0016000000400000006, 266.52881631026594
2025-03-30 16:15:17,821 - 2025-03-30T16:15:17.821019, 0.11954363322626227, 0.0, -0.7767774788801542, -176.67361631031744, -49.496117724213, -47.55193262037989, 0.0016000000400000006, 266.67361631031747
2025-03-30 16:15:17,861 - 2025-03-30T16:15:17.861416, 0.11937427385424071, 0.0, -0.7709799520451064, -176.8229163103705, -49.50727999594027, -47.74172463349932, 0.0016000000400000006, 266.8229163103705
2025-03-30 16:15:17,902 - 2025-03-30T16:15:17.902649, 0.11930203638129111, 0.0, -0.7656729018524375, -176.93171631040917, -49.51478518492568, -47.915540211806295, 0.0016000000400000006, 266.9317163104092
2025-03-30 16:15:17,941 - 2025-03-30T16:15:17.941102, 0.11938616737626173, 0.0, -0.7606407132653832, -177.11781631047532, -49.516900837303425, -48.08050134577411, 0.0016000000400000006, 267.1178163104753
2025-03-30 16:15:17,981 - 2025-03-30T16:15:17.981666, 0.11932150496935678, 0.0, -0.7554748814085435, -177.31661631054598, -49.524021100513615, -48.2496972390239, 0.0016000000400000006, 267.316616310546
2025-03-30 16:15:18,040 - 2025-03-30T16:15:18.040748, 0.11912049137364011, 0.0, -0.7477671195067757, -177.58111631064, -49.538070027677925, -48.502047463302866, 0.0016000000400000006, 267.58111631064
2025-03-30 16:15:18,081 - 2025-03-30T16:15:18.081894, 0.11890703556486137, 0.0, -0.7424676443801532, -177.7348163106946, -49.550194901720495, -48.67547811583456, 0.0016000000400000006, 267.7348163106946
2025-03-30 16:15:18,120 - 2025-03-30T16:15:18.120880, 0.11919163146450806, 0.0, -0.7372122656902862, -177.91271631075782, -49.545958415175335, -48.84794616605102, 0.0016000000400000006, 267.9127163107578
2025-03-30 16:15:18,162 - 2025-03-30T16:15:18.162620, 0.11905257235666689, 0.0, -0.7319796121985553, -178.0837163108186, -49.55558098380169, -49.01925943894175, 0.0016000000400000006, 268.0837163108186
2025-03-30 16:15:18,201 - 2025-03-30T16:15:18.201071, 0.11890593818278061, 0.0, -0.7266057403709949, -178.1870163108553, -49.56558847820328, -49.19519239688968, 0.0016000000400000006, 268.1870163108553
2025-03-30 16:15:18,240 - 2025-03-30T16:15:18.240967, 0.11903416561450708, 0.0, -0.7210755000755142, -178.40471631093268, -49.56674152826578, -49.37651489144526, 0.0016000000400000006, 268.4047163109327
2025-03-30 16:15:18,281 - 2025-03-30T16:15:18.281445, 0.11931118644810912, 0.0, -0.7156789030498185, -178.63611631101486, -49.56288996749582, -49.55360262671886, 0.0016000000400000006, 268.63611631101486
2025-03-30 16:15:18,320 - 2025-03-30T16:15:18.320920, 0.11965502891660273, 0.0, -0.7102079093231857, -178.7443163110533, -49.55692102708492, -49.73319266740868, 0.0016000000400000006, 268.7443163110533
2025-03-30 16:15:18,365 - 2025-03-30T16:15:18.365125, 0.1197908314143743, 0.0, -0.7048188873635342, -179.03971631115826, -49.55768915137219, -49.90989547690708, 0.0016000000400000006, 269.03971631115826
2025-03-30 16:15:18,401 - 2025-03-30T16:15:18.401281, 0.12006027718193035, 0.0, -0.6992810720020093, -179.23411631122733, -49.55422251637749, -50.09160289723787, 0.0016000000400000006, 269.23411631122735
2025-03-30 16:15:18,441 - 2025-03-30T16:15:18.441603, 0.12021122981179344, 0.0, -0.6941744867140174, -179.35101631126884, -49.554220789114254, -50.2590663366219, 0.0016000000400000006, 269.35101631126884
2025-03-30 16:15:18,481 - 2025-03-30T16:15:18.481402, 0.12071144074820594, 0.0, -0.6889783545929973, -179.58051631135038, -49.542862312095735, -50.429801932972616, 0.0016000000400000006, 269.5805163113504
2025-03-30 16:15:18,521 - 2025-03-30T16:15:18.521084, 0.12092921501296106, 0.0, -0.6837973726040683, -179.7857163114233, -49.540743205191525, -50.59976767777283, 0.0016000000400000006, 269.7857163114233
2025-03-30 16:15:18,561 - 2025-03-30T16:15:18.561875, 0.12057454086835317, 0.0, -0.67850547254349, -179.8573163114487, -49.55748776429127, -50.77281340452933, 0.0016000000400000006, 269.8573163114487
2025-03-30 16:15:18,600 - 2025-03-30T16:15:18.600948, 0.1207998901991525, 0.0, -0.6734657088903897, 179.88468368845963, -49.55498373161186, -50.9381594642724, 0.0016000000400000006, -89.88468368845963
2025-03-30 16:15:18,641 - 2025-03-30T16:15:18.641298, 0.1210176644639076, 0.0, -0.6682847269014602, 179.73118368840514, -49.55286462470765, -51.10812520907265, 0.0016000000400000006, -89.73118368840514
2025-03-30 16:15:18,681 - 2025-03-30T16:15:18.681479, 0.1214359036333379, 0.0, -0.662880554809719, 179.34508368826798, -49.544393378880564, -51.2855978701215, 0.0016000000400000006, -89.34508368826798
2025-03-30 16:15:18,720 - 2025-03-30T16:15:18.720927, 0.12157170613111035, 0.0, -0.6574915328500688, 179.19058368821305, -49.545161503167805, -51.462300679619865, 0.0016000000400000006, -89.19058368821305
2025-03-30 16:15:18,761 - 2025-03-30T16:15:18.761517, 0.12197479516845133, 0.0, -0.6518049240866688, 178.84778368809128, -49.53746010889114, -51.649012710783076, 0.0016000000400000006, -88.84778368809128
2025-03-30 16:15:18,802 - 2025-03-30T16:15:18.802296, 0.12245985597277365, 0.0, -0.6463263552939904, 178.63938368801723, -49.52687148342308, -51.82898767724812, 0.0016000000400000006, -88.63938368801723
2025-03-30 16:15:18,840 - 2025-03-30T16:15:18.840923, 0.12272172667428549, 0.0, -0.6406473215966355, 178.39558368793067, -49.523789774203586, -52.01531478263611, 0.0016000000400000006, -88.39558368793067
2025-03-30 16:15:18,882 - 2025-03-30T16:15:18.882325, 0.1231172406455805, 0.0, -0.6348194944974059, 178.1204836878329, -49.51647330570219, -52.20664649885649, 0.0016000000400000006, -88.12048368783289
2025-03-30 16:15:18,921 - 2025-03-30T16:15:18.921932, 0.12359472638385816, 0.0, -0.6291997073688989, 177.84488368773495, -49.50626960600934, -52.3912411503787, 0.0016000000400000006, -87.84488368773495
2025-03-30 16:15:18,961 - 2025-03-30T16:15:18.961495, 0.1240053904872438, 0.0, -0.623654316941328, 177.59058368764457, -49.498183285957474, -52.57333349648474, 0.0016000000400000006, -87.59058368764457
2025-03-30 16:15:19,004 - 2025-03-30T16:15:19.004406, 0.12491410629905486, 0.0, -0.6181530229505139, 177.24808368752284, -49.473735605317856, -52.75446324027549, 0.0016000000400000006, -87.24808368752284
2025-03-30 16:15:19,041 - 2025-03-30T16:15:19.041078, 0.12555553557129784, 0.0, -0.6129493157634496, 176.99978368743456, -49.45775744324213, -52.92558376240141, 0.0016000000400000006, -86.99978368743456
2025-03-30 16:15:19,081 - 2025-03-30T16:15:19.081234, 0.1261893897774944, 0.0, -0.6076043902405548, 176.67358368731863, -49.44216420694167, -53.101323969584534, 0.0016000000400000006, -86.67358368731863
2025-03-30 16:15:19,121 - 2025-03-30T16:15:19.121441, 0.1268900656185843, 0.0, -0.6021850680167238, 176.31448368719094, -49.424453591000194, -53.279566482183824, 0.0016000000400000006, -86.31448368719094
2025-03-30 16:15:19,162 - 2025-03-30T16:15:19.161973, 0.12787317813133292, 0.0, -0.5967505956608021, 175.94568368705976, -49.39750360494437, -53.4585788463336, 0.0016000000400000006, -85.94568368705976
2025-03-30 16:15:19,202 - 2025-03-30T16:15:19.202562, 0.1288638657101262, 0.0, -0.5914573416407092, 175.5437836869168, -49.370168693113335, -53.632971525426214, 0.0016000000400000006, -85.54378368691681
2025-03-30 16:15:19,240 - 2025-03-30T16:15:19.240939, 0.1297057598870457, 0.0, -0.5860304443508331, 175.1301836867696, -49.34783839211468, -53.81159896380074, 0.0016000000400000006, -85.13018368676961
2025-03-30 16:15:19,280 - 2025-03-30T16:15:19.280927, 0.13077841923282119, 0.0, -0.5809452303014626, 174.63698368659408, -49.31761624909221, -53.97925457819517, 0.0016000000400000006, -84.63698368659408
2025-03-30 16:15:19,321 - 2025-03-30T16:15:19.321107, 0.1319103251474436, 0.0, -0.5756444012153246, 174.25688368645876, -49.285661652204006, -54.154032183063016, 0.0016000000400000006, -84.25688368645876
2025-03-30 16:15:19,361 - 2025-03-30T16:15:19.361549, 0.13302708092997628, 0.0, -0.5700611354575282, 173.71398368626535, -49.25447690686624, -54.338049158045195, 0.0016000000400000006, -83.71398368626535
2025-03-30 16:15:19,401 - 2025-03-30T16:15:19.401081, 0.13435187668323012, 0.0, -0.5643958979327497, 173.07128368603628, -49.216555096830334, -54.5249533642188, 0.0016000000400000006, -83.0712836860363
2025-03-30 16:15:19,440 - 2025-03-30T16:15:19.440957, 0.13567667243648396, 0.0, -0.5587306604079707, 172.386383685792, -49.17863328679444, -54.71185757039243, 0.0016000000400000006, -82.386383685792
2025-03-30 16:15:19,484 - 2025-03-30T16:15:19.484801, 0.13708343995672, 0.0, -0.5532734628539133, 171.68368368554118, -49.137824245567096, -54.892024711867904, 0.0016000000400000006, -81.68368368554118
2025-03-30 16:15:19,520 - 2025-03-30T16:15:19.520902, 0.1388546159155979, 0.0, -0.5480091551384878, 170.9744836852878, -49.08488860303395, -55.066224640195664, 0.0016000000400000006, -80.9744836852878
2025-03-30 16:15:19,561 - 2025-03-30T16:15:19.561547, 0.1408338318451965, 0.0, -0.5426628756560792, 170.16078368499677, -49.02521589580268, -55.243311799714874, 0.0016000000400000006, -80.16078368499679
2025-03-30 16:15:19,601 - 2025-03-30T16:15:19.601358, 0.14260500780407392, 0.0, -0.5373985679406528, 169.45548368474422, -48.97228025326956, -55.41751172804266, 0.0016000000400000006, -79.45548368474422
2025-03-30 16:15:19,641 - 2025-03-30T16:15:19.641375, 0.14458422373367297, 0.0, -0.5320522884582446, 168.6745836844643, -48.912607546038274, -55.59459888756187, 0.0016000000400000006, -78.6745836844643
2025-03-30 16:15:19,681 - 2025-03-30T16:15:19.681532, 0.14642222132744243, 0.0, -0.5267135840418811, 167.807483684153, -48.857554523864174, -55.771301121305854, 0.0016000000400000006, -77.807483684153
2025-03-30 16:15:19,723 - 2025-03-30T16:15:19.723940, 0.14888433883337626, 0.0, -0.5211289643245705, 166.94298368384213, -48.78229030759563, -55.95666504862414, 0.0016000000400000006, -76.94298368384213
2025-03-30 16:15:19,761 - 2025-03-30T16:15:19.761428, 0.15116871663276976, 0.0, -0.5161911897175595, 166.2120836835789, -48.7122234529243, -56.1206630045223, 0.0016000000400000006, -76.2120836835789
2025-03-30 16:15:19,781 - 2025-03-30T16:15:19.780977, 0.15231090553246585, 0.0, -0.5137223024140547, 165.70948368339762, -48.67719002558865, -56.20266198247135, 0.0016000000400000006, -75.70948368339762
2025-03-30 16:15:19,821 - 2025-03-30T16:15:19.821015, 0.15445406499602932, 0.0, -0.5087921028730888, 164.93368368311747, -48.61174285597451, -56.36627501259427, 0.0016000000400000006, -74.93368368311747
2025-03-30 16:15:19,861 - 2025-03-30T16:15:19.861865, 0.15673086772937772, 0.0, -0.5037131099302488, 164.1163836828218, -48.5420609270784, -56.53489265354959, 0.0016000000400000006, -74.1163836828218
2025-03-30 16:15:19,881 - 2025-03-30T16:15:19.881929, 0.15822231493562455, 0.0, -0.5011546757937158, 163.62118368264237, -48.49567074998743, -56.620163788465334, 0.0016000000400000006, -73.62118368264237
2025-03-30 16:15:19,920 - 2025-03-30T16:15:19.920787, 0.16087867623970364, 0.0, -0.49655100936116536, 162.68948368230411, -48.413092368235105, -56.773574846158624, 0.0016000000400000006, -72.68948368230411
2025-03-30 16:15:19,961 - 2025-03-30T16:15:19.961751, 0.1636686808135681, 0.0, -0.4917985495267412, 161.7249836819531, -48.326279227200786, -56.931990514684294, 0.0016000000400000006, -71.72498368195309
2025-03-30 16:15:20,002 - 2025-03-30T16:15:20.001991, 0.16646626045347634, 0.0, -0.4871873080281457, 160.88348368164608, -48.23908116039129, -57.08578649815281, 0.0016000000400000006, -70.88348368164608
2025-03-30 16:15:20,041 - 2025-03-30T16:15:20.041532, 0.16931551159618685, 0.0, -0.48221923315695436, 160.01768368132937, -48.15053556549125, -57.25132415715187, 0.0016000000400000006, -70.01768368132937
2025-03-30 16:15:20,081 - 2025-03-30T16:15:20.081388, 0.17189747619932882, 0.0, -0.47754874508951195, 159.14568368100956, -48.07045948915513, -57.40685259448613, 0.0016000000400000006, -69.14568368100956
2025-03-30 16:15:20,101 - 2025-03-30T16:15:20.101938, 0.17367893514327992, 0.0, -0.4751163791567179, 158.6147836808144, -48.014445016174555, -57.48827389589516, 0.0016000000400000006, -68.61478368081441
2025-03-30 16:15:20,141 - 2025-03-30T16:15:20.141245, 0.17654333641808018, 0.0, -0.47043074095718485, 157.74548368049412, -47.92512956972409, -57.64457218477989, 0.0016000000400000006, -67.74548368049413
2025-03-30 16:15:20,181 - 2025-03-30T16:15:20.181403, 0.17962335272964802, 0.0, -0.46580434932649917, 156.88938368017776, -47.8286921328002, -57.79913801979887, 0.0016000000400000006, -66.88938368017777
2025-03-30 16:15:20,221 - 2025-03-30T16:15:20.221749, 0.18248775400444917, 0.0, -0.461118711126967, 156.04198367986368, -47.73937668634971, -57.955436308683566, 0.0016000000400000006, -66.04198367986368
2025-03-30 16:15:20,261 - 2025-03-30T16:15:20.260973, 0.18577581028673817, 0.0, -0.4564103477292991, 155.18858367954638, -47.63620218472768, -58.11288937489397, 0.0016000000400000006, -65.18858367954638
2025-03-30 16:15:20,281 - 2025-03-30T16:15:20.281151, 0.18755726923068883, 0.0, -0.4539779817965046, 154.68908367936018, -47.58018771174713, -58.19431067630301, 0.0016000000400000006, -64.68908367936018
2025-03-30 16:15:20,322 - 2025-03-30T16:15:20.322551, 0.1912614054544206, 0.0, -0.44910567486487185, 153.6594836789752, -47.46353908072881, -58.35753820489628, 0.0016000000400000006, -63.6594836789752
2025-03-30 16:15:20,362 - 2025-03-30T16:15:20.361439, 0.19463143350369183, 0.0, -0.4446053514379251, 152.78078367864538, -47.35747734791536, -58.508254206408544, 0.0016000000400000006, -62.78078367864538
2025-03-30 16:15:20,401 - 2025-03-30T16:15:20.400947, 0.19791948978597995, 0.0, -0.4398969880402568, 151.79688367827458, -47.25430284629336, -58.66570727261896, 0.0016000000400000006, -61.79688367827458
2025-03-30 16:15:20,441 - 2025-03-30T16:15:20.441205, 0.20129709290129671, 0.0, -0.43553788294913964, 150.90588367793742, -47.147856187704676, -58.811803589074046, 0.0016000000400000006, -60.905883677937425
2025-03-30 16:15:20,481 - 2025-03-30T16:15:20.481494, 0.2050983510241009, 0.0, -0.43115605265988677, 149.99288367759056, -47.02755047394447, -58.95905468285482, 0.0016000000400000006, -59.992883677590555
2025-03-30 16:15:20,521 - 2025-03-30T16:15:20.521622, 0.20898158091388774, 0.0, -0.4269822623413555, 149.1275836772604, -46.90435752899283, -59.099568711937444, 0.0016000000400000006, -59.12758367726039
2025-03-30 16:15:20,563 - 2025-03-30T16:15:20.563588, 0.2127084423357557, 0.0, -0.4225336104172106, 148.19658367690366, -46.786554120648795, -59.248937185359196, 0.0016000000400000006, -58.19658367690366
2025-03-30 16:15:20,601 - 2025-03-30T16:15:20.601785, 0.2163168106199289, 0.0, -0.4185161885665991, 147.53108367664763, -46.672215620036276, -59.38406167783418, 0.0016000000400000006, -57.53108367664763
2025-03-30 16:15:20,621 - 2025-03-30T16:15:20.621050, 0.21840343143367358, 0.0, -0.41649232750920273, 146.82698367637582, -46.60580699961568, -59.45239377562214, 0.0016000000400000006, -56.82698367637582
2025-03-30 16:15:20,661 - 2025-03-30T16:15:20.661036, 0.22243545472533555, 0.0, -0.41245218046045506, 145.97258367604465, -46.47760944383161, -59.588673045422844, 0.0016000000400000006, -55.97258367604465
2025-03-30 16:15:20,701 - 2025-03-30T16:15:20.701468, 0.22645990295095197, 0.0, -0.40827081507587915, 145.0832836756983, -46.349796813822785, -59.729572000280676, 0.0016000000400000006, -55.08328367569832
2025-03-30 16:15:20,742 - 2025-03-30T16:15:20.742492, 0.23049950130865815, 0.0, -0.4043718863629615, 144.25908367537582, -46.221214332263514, -59.861231585024186, 0.0016000000400000006, -54.25908367537582
2025-03-30 16:15:20,781 - 2025-03-30T16:15:20.781277, 0.23467274293614881, 0.0, -0.4003241642481692, 143.30468367500055, -46.08839709142229, -59.997895780600096, 0.0016000000400000006, -53.30468367500055
2025-03-30 16:15:20,827 - 2025-03-30T16:15:20.827451, 0.2389052311324864, 0.0, -0.39606082709661017, 142.31148367460779, -45.95384739671531, -60.141681966649394, 0.0016000000400000006, -52.311483674607786
2025-03-30 16:15:20,860 - 2025-03-30T16:15:20.860924, 0.24324999135998748, 0.0, -0.39257040325908976, 141.57228367431398, -45.81487076771597, -60.260252347771846, 0.0016000000400000006, -51.57228367431399
2025-03-30 16:15:20,881 - 2025-03-30T16:15:20.881449, 0.2455522272104993, 0.0, -0.39060578877054075, 140.9823836740785, -45.74134015682199, -60.326851991694056, 0.0016000000400000006, -50.982383674078505
2025-03-30 16:15:20,923 - 2025-03-30T16:15:20.923670, 0.25003820577382907, 0.0, -0.3871077898669757, 140.12038367373296, -45.59774384276549, -60.445807298591724, 0.0016000000400000006, -50.12038367373296
2025-03-30 16:15:20,961 - 2025-03-30T16:15:20.961198, 0.2544422125701771, 0.0, -0.3834017509926886, 139.13128367333408, -45.45703475990041, -60.571499670187556, 0.0016000000400000006, -49.13128367333408
2025-03-30 16:15:21,001 - 2025-03-30T16:15:21.001354, 0.25885379443256973, 0.0, -0.3798369304542315, 138.22838367296774, -45.31594075126011, -60.692572356726195, 0.0016000000400000006, -48.22838367296774
2025-03-30 16:15:21,041 - 2025-03-30T16:15:21.041145, 0.2633624981940357, 0.0, -0.37676258655815476, 137.31048367259302, -45.1711896598779, -60.79766860845232, 0.0016000000400000006, -47.31048367259302
2025-03-30 16:15:21,081 - 2025-03-30T16:15:21.081161, 0.2673428499828949, 0.0, -0.3730792728820034, 136.51528367226652, -45.04433963218437, -60.92220620272246, 0.0016000000400000006, -46.51528367226652
2025-03-30 16:15:21,122 - 2025-03-30T16:15:21.122109, 0.2718439786783149, 0.0, -0.3698637106500966, 135.60148367188907, -44.899973466577414, -61.03192213950578, 0.0016000000400000006, -45.60148367188907
2025-03-30 16:15:21,161 - 2025-03-30T16:15:21.161513, 0.27642707914071796, 0.0, -0.3668561883889119, 134.7366836715296, -44.752720069779, -61.13490101159094, 0.0016000000400000006, -44.73668367152959
2025-03-30 16:15:21,181 - 2025-03-30T16:15:21.181325, 0.2788188618242571, 0.0, -0.36524083220691317, 134.2390836713217, -44.67591730191836, -61.19014390575784, 0.0016000000400000006, -44.23908367132171
2025-03-30 16:15:21,224 - 2025-03-30T16:15:21.224253, 0.28331241545363195, 0.0, -0.36188405163917725, 133.37298367095806, -44.531936062086636, -61.30447952759834, 0.0016000000400000006, -43.372983670958064
2025-03-30 16:15:21,261 - 2025-03-30T16:15:21.261331, 0.2879030909820801, 0.0, -0.3590177477138212, 132.53398367060356, -44.384297739512995, -61.402838714626334, 0.0016000000400000006, -42.53398367060356
2025-03-30 16:15:21,301 - 2025-03-30T16:15:21.301918, 0.29268665634915925, 0.0, -0.3557870353498247, 131.78988367028725, -44.230692203791676, -61.51332450296011, 0.0016000000400000006, -41.78988367028725
2025-03-30 16:15:21,321 - 2025-03-30T16:15:21.321725, 0.29516041079968103, 0.0, -0.3543797191385476, 131.24528367005456, -44.151002204739584, -61.561830332428855, 0.0016000000400000006, -41.24528367005456
2025-03-30 16:15:21,361 - 2025-03-30T16:15:21.361516, 0.3000259479337428, 0.0, -0.3513570467452727, 130.4827836697271, -43.99450943782683, -61.66557905606447, 0.0016000000400000006, -40.4827836697271
2025-03-30 16:15:21,401 - 2025-03-30T16:15:21.401717, 0.3046834450970821, 0.0, -0.3484163461189791, 129.71698366939614, -43.844753735612244, -61.76644054850869, 0.0016000000400000006, -39.71698366939614
2025-03-30 16:15:21,440 - 2025-03-30T16:15:21.440921, 0.3092665455594852, 0.0, -0.34540882385779437, 128.96278366906822, -43.69750033881383, -61.86941942059385, 0.0016000000400000006, -38.962783669068216
2025-03-30 16:15:21,481 - 2025-03-30T16:15:21.481253, 0.31408041119074515, 0.0, -0.3427429848371153, 128.11608366869757, -43.54235509999158, -61.96142646869892, 0.0016000000400000006, -38.11608366869757
2025-03-30 16:15:21,522 - 2025-03-30T16:15:21.522084, 0.3190947417266816, 0.0, -0.339853955713624, 127.33968366835536, -43.380857722246404, -62.06094043305261, 0.0016000000400000006, -37.33968366835537
2025-03-30 16:15:21,541 - 2025-03-30T16:15:21.541726, 0.3213604562064818, 0.0, -0.33852861126932954, 126.84758366813728, -43.30790478789247, -62.10655903132991, 0.0016000000400000006, -36.847583668137275
2025-03-30 16:15:21,581 - 2025-03-30T16:15:21.581893, 0.32597385693306435, 0.0, -0.3360859623514614, 126.0877836677987, -43.159111687993175, -62.19105916318639, 0.0016000000400000006, -36.0877836677987
2025-03-30 16:15:21,621 - 2025-03-30T16:15:21.621741, 0.33094409103224454, 0.0, -0.33369498493639593, 125.27578366743433, -42.998576912563266, -62.27421176695233, 0.0016000000400000006, -35.275783667434325
2025-03-30 16:15:21,660 - 2025-03-30T16:15:21.660958, 0.3359811467663154, 0.0, -0.33122961082039204, 124.54878366710584, -42.835924757492435, -62.35986667613451, 0.0016000000400000006, -34.54878366710584
2025-03-30 16:15:21,680 - 2025-03-30T16:15:21.680934, 0.33847762641497336, 0.0, -0.33024594961660414, 124.00638366685929, -42.755079981114626, -62.39451345043169, 0.0016000000400000006, -34.00638366685929
2025-03-30 16:15:21,721 - 2025-03-30T16:15:21.721621, 0.34359665391602734, 0.0, -0.32798861547132185, 123.21058366649537, -42.58954059485234, -62.47343129491572, 0.0016000000400000006, -33.210583666495374
2025-03-30 16:15:21,761 - 2025-03-30T16:15:21.761631, 0.3486412847161433, 0.0, -0.325664459691148, 122.50538366617054, -42.42650351400627, -62.55446651904071, 0.0016000000400000006, -32.505383666170545
2025-03-30 16:15:21,800 - 2025-03-30T16:15:21.800930, 0.3538271338520893, 0.0, -0.32333272884492903, 121.82978366585732, -42.25884674810301, -62.63588666894092, 0.0016000000400000006, -31.82978366585732
2025-03-30 16:15:21,841 - 2025-03-30T16:15:21.840986, 0.359295419659694, 0.0, -0.3209858478666203, 121.20508366556587, -42.08195061208539, -62.718076670391575, 0.0016000000400000006, -31.205083665565866
2025-03-30 16:15:21,881 - 2025-03-30T16:15:21.881409, 0.3646300621975147, 0.0, -0.31878776029018585, 120.40888366519177, -41.90928923534972, -62.795262061009836, 0.0016000000400000006, -30.408883665191766
2025-03-30 16:15:21,901 - 2025-03-30T16:15:21.901919, 0.3674758001527225, 0.0, -0.31771455225336886, 119.88168366494243, -41.81708770921662, -62.83318099227373, 0.0016000000400000006, -29.88168366494243
2025-03-30 16:15:21,940 - 2025-03-30T16:15:21.940893, 0.37232754111420796, 0.0, -0.31575480491183594, 119.208283664622, -41.660017841518226, -62.90208961509294, 0.0016000000400000006, -29.208283664622
2025-03-30 16:15:21,982 - 2025-03-30T16:15:21.982395, 0.37817538549254426, 0.0, -0.3138832504438165, 118.58818366432497, -41.470225252644354, -62.969073033281575, 0.0016000000400000006, -28.588183664324973
2025-03-30 16:15:22,002 - 2025-03-30T16:15:22.002243, 0.38088748017796803, 0.0, -0.31295883580887507, 118.09868366408917, -41.3822584857932, -63.00198735371303, 0.0016000000400000006, -28.098683664089165
2025-03-30 16:15:22,040 - 2025-03-30T16:15:22.040825, 0.38637091611766294, 0.0, -0.3108943915022242, 117.3947836637479, -41.20459249822513, -63.07493798504936, 0.0016000000400000006, -27.394783663747905
2025-03-30 16:15:22,081 - 2025-03-30T16:15:22.081229, 0.392069967094125, 0.0, -0.30888919376442114, 116.6991836634082, -41.01980452018366, -63.14615616251992, 0.0016000000400000006, -26.699183663408206
2025-03-30 16:15:22,125 - 2025-03-30T16:15:22.125003, 0.39727096636216075, 0.0, -0.30683989958986, 115.99098366305971, -40.85137790272995, -63.21833694230581, 0.0016000000400000006, -25.99098366305971
2025-03-30 16:15:22,161 - 2025-03-30T16:15:22.161198, 0.40240514399530536, 0.0, -0.30486500211623735, 115.27308366270364, -40.685068664917196, -63.28801541667546, 0.0016000000400000006, -25.27308366270364
2025-03-30 16:15:22,201 - 2025-03-30T16:15:22.201084, 0.40748765012564725, 0.0, -0.3032469380152105, 114.68948366241214, -40.520106955194976, -63.34595221551455, 0.0016000000400000006, -24.689483662412144
2025-03-30 16:15:22,241 - 2025-03-30T16:15:22.241796, 0.4128601679936934, 0.0, -0.30175494211792264, 114.00318366206689, -40.34552094958315, -63.40003918084693, 0.0016000000400000006, -24.00318366206689
2025-03-30 16:15:22,281 - 2025-03-30T16:15:22.281361, 0.41795024919008084, 0.0, -0.3002780963527245, 113.32338366172223, -40.18017431408568, -63.453356294628875, 0.0016000000400000006, -23.323383661722232
2025-03-30 16:15:22,325 - 2025-03-30T16:15:22.325074, 0.4232635204892805, 0.0, -0.29900171549220333, 112.68598366139663, -40.00732076233959, -63.50032126948787, 0.0016000000400000006, -22.685983661396634
2025-03-30 16:15:22,361 - 2025-03-30T16:15:22.361442, 0.4282867800507759, 0.0, -0.2975992664279432, 112.01528366105138, -39.844091506483096, -63.551136077853585, 0.0016000000400000006, -22.015283661051384
2025-03-30 16:15:22,401 - 2025-03-30T16:15:22.401696, 0.4333100396122713, 0.0, -0.29619681736368264, 111.3116836606863, -39.6808622506266, -63.601950886219306, 0.0016000000400000006, -21.3116836606863
2025-03-30 16:15:22,441 - 2025-03-30T16:15:22.441498, 0.43840769587470385, 0.0, -0.29486118993431454, 110.60468366031634, -39.51513068935391, -63.65064831494406, 0.0016000000400000006, -20.60468366031634
2025-03-30 16:15:22,481 - 2025-03-30T16:15:22.481043, 0.443520502269227, 0.0, -0.29380799917660516, 109.96828365998059, -39.348629276530744, -63.69010637355444, 0.0016000000400000006, -19.968283659980585
2025-03-30 16:15:22,522 - 2025-03-30T16:15:22.522322, 0.4487745269995793, 0.0, -0.29274723335285024, 109.3095836596303, -39.177508178650406, -63.72994935794008, 0.0016000000400000006, -19.309583659630306
2025-03-30 16:15:22,561 - 2025-03-30T16:15:22.561400, 0.4541621949997161, 0.0, -0.2915376741272211, 108.65508365927943, -39.00215232148811, -63.7747969531581, 0.0016000000400000006, -18.655083659279427
2025-03-30 16:15:22,601 - 2025-03-30T16:15:22.601941, 0.45949819149704973, 0.0, -0.29068494827418734, 107.97608365891237, -38.828143992416386, -63.807902872845595, 0.0016000000400000006, -17.976083658912373
2025-03-30 16:15:22,640 - 2025-03-30T16:15:22.640935, 0.46482661292834004, 0.0, -0.2896910040853249, 107.28888365853766, -38.65452058911981, -63.84562847759024, 0.0016000000400000006, -17.288883658537657
2025-03-30 16:15:22,681 - 2025-03-30T16:15:22.681269, 0.47036307433035107, 0.0, -0.2886150881294798, 106.48578365809549, -38.474160121125124, -63.88624131352633, 0.0016000000400000006, -16.485783658095485
2025-03-30 16:15:22,722 - 2025-03-30T16:15:22.722904, 0.4759815074993443, 0.0, -0.28774721214435584, 105.75018365768645, -38.29091242193901, -63.92011708476428, 0.0016000000400000006, -15.75018365768645
2025-03-30 16:15:22,761 - 2025-03-30T16:15:22.761268, 0.48090142405523606, 0.0, -0.2870584298252874, 104.98568365725707, -38.13037822226354, -63.94744854206889, 0.0016000000400000006, -14.98568365725707
2025-03-30 16:15:22,801 - 2025-03-30T16:15:22.801791, 0.4863269673855988, 0.0, -0.2865549622788053, 104.21738365682113, -37.95309773622509, -63.96919771200103, 0.0016000000400000006, -14.217383656821127
2025-03-30 16:15:22,841 - 2025-03-30T16:15:22.841839, 0.4917525107159606, 0.0, -0.2860514947323223, 103.48358365640046, -37.77581725018667, -63.990946881933205, 0.0016000000400000006, -13.483583656400455
2025-03-30 16:15:22,881 - 2025-03-30T16:15:22.881511, 0.4974529156519365, 0.0, -0.2853916587179204, 102.81758365601499, -37.58968231980911, -64.01808558847299, 0.0016000000400000006, -12.817583656014989
2025-03-30 16:15:22,920 - 2025-03-30T16:15:22.920947, 0.5030121022520837, 0.0, -0.2847393977695636, 102.18068365564301, -37.4081670744887, -64.04483936923754, 0.0016000000400000006, -12.180683655643008
2025-03-30 16:15:22,940 - 2025-03-30T16:15:22.940826, 0.5054796355960742, 0.0, -0.2845362249458585, 101.66228365533777, -37.32751504887575, -64.05388541283267, 0.0016000000400000006, -11.662283655337774
2025-03-30 16:15:22,981 - 2025-03-30T16:15:22.981659, 0.5105634956859313, 0.0, -0.2842635225682333, 101.03538365496557, -37.1612063868174, -64.06774274074097, 0.0016000000400000006, -11.035383654965571
2025-03-30 16:15:23,021 - 2025-03-30T16:15:23.020985, 0.5159222173814015, 0.0, -0.28383445172268784, 100.38118365457362, -36.986043280419935, -64.08698960525692, 0.0016000000400000006, -10.381183654573618
2025-03-30 16:15:23,061 - 2025-03-30T16:15:23.061479, 0.5215861009466658, 0.0, -0.2838138857525401, 99.80968365422815, -36.800486026582426, -64.09314726615182, 0.0016000000400000006, -9.809683654228152
2025-03-30 16:15:23,101 - 2025-03-30T16:15:23.101180, 0.5272348343798394, 0.0, -0.283510883110734, 99.06838365377567, -36.61569862429539, -64.10854429716105, 0.0016000000400000006, -9.068383653775669
2025-03-30 16:15:23,121 - 2025-03-30T16:15:23.121617, 0.5296355460889388, 0.0, -0.2833821069879665, 98.57858365347397, -36.537163978323385, -64.11508803533997, 0.0016000000400000006, -8.57858365347397
2025-03-30 16:15:23,161 - 2025-03-30T16:15:23.161193, 0.5351430611862833, 0.0, -0.28308667941220556, 97.8846836530427, -36.35699626109352, -64.13010014057397, 0.0016000000400000006, -7.884683653042699
2025-03-30 16:15:23,201 - 2025-03-30T16:15:23.201525, 0.5409633132194673, 0.0, -0.2833409750476714, 97.26738365265523, -36.166049470648375, -64.12740335712974, 0.0016000000400000006, -7.267383652655227
2025-03-30 16:15:23,241 - 2025-03-30T16:15:23.241665, 0.546627196784732, 0.0, -0.2833204090775241, 96.53428365219025, -35.98049221681085, -64.13356101802461, 0.0016000000400000006, -6.534283652190254
2025-03-30 16:15:23,280 - 2025-03-30T16:15:23.280925, 0.5522394088471945, 0.0, -0.2836566764799717, 95.85988365175777, -35.79628249106386, -64.12797700338896, 0.0016000000400000006, -5.8598836517577695
2025-03-30 16:15:23,322 - 2025-03-30T16:15:23.322272, 0.5580672359464236, 0.0, -0.2840521904512672, 95.12898365128387, -35.60495077484349, -64.12066053488755, 0.0016000000400000006, -5.128983651283875
2025-03-30 16:15:23,361 - 2025-03-30T16:15:23.361732, 0.5633226146362906, 0.0, -0.28433678635091386, 94.33258365076115, -35.432482724627036, -64.11642404834238, 0.0016000000400000006, -4.332583650761151
2025-03-30 16:15:23,401 - 2025-03-30T16:15:23.401924, 0.5689348266987531, 0.0, -0.2846730537533628, 93.6858836503317, -35.24827299888003, -64.1108400337067, 0.0016000000400000006, -3.685883650331703
2025-03-30 16:15:23,441 - 2025-03-30T16:15:23.441645, 0.5749114471998564, 0.0, -0.2852022109944423, 93.05438364990796, -35.051936671827264, -64.09928880592334, 0.0016000000400000006, -3.0543836499079617
2025-03-30 16:15:23,482 - 2025-03-30T16:15:23.482096, 0.5807619994972208, 0.0, -0.28602137997322563, 92.27088364937602, -34.8594501782812, -64.0781132822504, 0.0016000000400000006, -2.2708836493760174
2025-03-30 16:15:23,523 - 2025-03-30T16:15:23.523537, 0.5863817866257288, 0.0, -0.2864988657115033, 91.48688364883667, -34.67485552675897, -64.06790958255755, 0.0016000000400000006, -1.4868836488366668
2025-03-30 16:15:23,561 - 2025-03-30T16:15:23.561262, 0.5925740221635989, 0.0, -0.28708726952143016, 90.87828364841302, -34.471397209232805, -64.05462590090843, 0.0016000000400000006, -0.8782836484130173
2025-03-30 16:15:23,602 - 2025-03-30T16:15:23.602203, 0.5983426026939811, 0.0, -0.28769839852949186, 90.2721836479867, -34.28179794687817, -64.04018744193365, 0.0016000000400000006, -0.2721836479866937
2025-03-30 16:15:23,641 - 2025-03-30T16:15:23.641386, 0.6039851150206248, 0.0, -0.28859953927525783, 89.64258372895429, -34.09604851803024, -64.01612468706927, 0.0016000000400000006, 0.3574162710457074
2025-03-30 16:15:23,680 - 2025-03-30T16:15:23.680957, 0.6096200522812225, 0.0, -0.2893594616851942, 89.05378372854067, -33.91068401495755, -63.99668161726207, 0.0016000000400000006, 0.9462162714593347
2025-03-30 16:15:23,722 - 2025-03-30T16:15:23.722898, 0.615039374505054, 0.0, -0.2900601375262837, 88.52848372817517, -33.73244150235824, -63.97897100132061, 0.0016000000400000006, 1.4715162718248251
2025-03-30 16:15:23,763 - 2025-03-30T16:15:23.762954, 0.6205482435619136, 0.0, -0.29111007167392433, 88.02238372782611, -33.55092683279224, -63.94990363562382, 0.0016000000400000006, 1.9776162721738901
2025-03-30 16:15:23,801 - 2025-03-30T16:15:23.801065, 0.6257519507489779, 0.0, -0.29175150094616686, 87.41508372741116, -33.37980631066634, -63.9339254735481, 0.0016000000400000006, 2.584916272588842
2025-03-30 16:15:23,841 - 2025-03-30T16:15:23.841631, 0.6308964113671958, 0.0, -0.2926085452551761, 86.95868372710207, -33.21041824240615, -63.910825320999, 0.0016000000400000006, 3.04131627289793
2025-03-30 16:15:23,881 - 2025-03-30T16:15:23.881702, 0.6363233086570728, 0.0, -0.2934504394320956, 86.3859837267175, -33.03179080403159, -63.88849502000035, 0.0016000000400000006, 3.614016273282502
2025-03-30 16:15:23,921 - 2025-03-30T16:15:23.921064, 0.6415270158441375, 0.0, -0.2940918687043377, 85.94898372642649, -32.86067028190566, -63.87251685792465, 0.0016000000400000006, 4.051016273573509
2025-03-30 16:15:23,961 - 2025-03-30T16:15:23.961396, 0.646686626594446, 0.0, -0.29523134968500564, 85.46428372610609, -32.690512362095, -63.840177335261195, 0.0016000000400000006, 4.535716273893912
2025-03-30 16:15:24,003 - 2025-03-30T16:15:24.003353, 0.6523959605559808, 0.0, -0.29605809372983405, 84.97878372578768, -32.50264555360612, -63.81861688581303, 0.0016000000400000006, 5.021216274212321
2025-03-30 16:15:24,041 - 2025-03-30T16:15:24.041734, 0.6577560362109658, 0.0, -0.29697438460769066, 84.45168372544478, -32.32613549487254, -63.793784279398174, 0.0016000000400000006, 5.548316274555219
2025-03-30 16:15:24,081 - 2025-03-30T16:15:24.081774, 0.6631009617338597, 0.0, -0.2976082388138881, 83.94098372511526, -32.150395287689435, -63.778191043097685, 0.0016000000400000006, 6.059016274884741
2025-03-30 16:15:24,120 - 2025-03-30T16:15:24.120875, 0.6684761875209349, 0.0, -0.29880696636340254, 83.45568372480459, -31.973115377405403, -63.74411906656851, 0.0016000000400000006, 6.544316275195413
2025-03-30 16:15:24,162 - 2025-03-30T16:15:24.162079, 0.6741262749136232, 0.0, -0.2998493254449981, 82.97578372449962, -31.78698102278225, -63.71543662664695, 0.0016000000400000006, 7.024216275500379
2025-03-30 16:15:24,201 - 2025-03-30T16:15:24.201001, 0.6791295171960114, 0.0, -0.3007139448200524, 82.48968372419306, -31.622212639579242, -63.69195154832261, 0.0016000000400000006, 7.510316275806944
2025-03-30 16:15:24,241 - 2025-03-30T16:15:24.241003, 0.6845047429830857, 0.0, -0.30191267236956687, 82.09318372394466, -31.444932729295235, -63.65787957179344, 0.0016000000400000006, 7.906816276055337
2025-03-30 16:15:24,281 - 2025-03-30T16:15:24.281825, 0.6897463255003768, 0.0, -0.30326019332095644, 81.65168372366986, -31.27188757829313, -63.618802984431824, 0.0016000000400000006, 8.348316276330138
2025-03-30 16:15:24,321 - 2025-03-30T16:15:24.321291, 0.6952035230544342, 0.0, -0.3046669608411925, 81.15938372336555, -31.09172043681766, -63.5779939432045, 0.0016000000400000006, 8.84061627663445
2025-03-30 16:15:24,381 - 2025-03-30T16:15:24.381951, 0.7026088310054357, 0.0, -0.3067481658168809, 80.4476837229296, -30.847070455306554, -63.51697313212829, 0.0016000000400000006, 9.552316277070403
2025-03-30 16:15:24,423 - 2025-03-30T16:15:24.423140, 0.7079323852897086, 0.0, -0.3083037267389912, 79.96938372263917, -30.671138073113042, -63.471159480068565, 0.0016000000400000006, 10.030616277360835
2025-03-30 16:15:24,461 - 2025-03-30T16:15:24.461081, 0.7131071461721077, 0.0, -0.30972564439131833, 79.50608372235976, -30.50021030175191, -63.429580587290744, 0.0016000000400000006, 10.493916277640238
2025-03-30 16:15:24,501 - 2025-03-30T16:15:24.501688, 0.7181482637847219, 0.0, -0.3112963554455197, 78.93278372201664, -30.33351728967275, -63.38299708368053, 0.0016000000400000006, 11.067216277983363
2025-03-30 16:15:24,541 - 2025-03-30T16:15:24.541856, 0.7236798580397164, 0.0, -0.3127699446006478, 78.52168372177233, -30.150847842781076, -63.34007066281223, 0.0016000000400000006, 11.478316278227666
2025-03-30 16:15:24,581 - 2025-03-30T16:15:24.581372, 0.7290034123239892, 0.0, -0.3143255055227585, 78.18838372157529, -29.97491546058756, -63.29425701075248, 0.0016000000400000006, 11.811616278424708
2025-03-30 16:15:24,621 - 2025-03-30T16:15:24.621289, 0.734052105002649, 0.0, -0.31603743491278946, 77.73058372130617, -29.807837522733156, -63.24305382208508, 0.0016000000400000006, 12.269416278693825
2025-03-30 16:15:24,660 - 2025-03-30T16:15:24.660829, 0.7393756592869218, 0.0, -0.3175929958349002, 77.27068372103759, -29.63190514053964, -63.19724017002533, 0.0016000000400000006, 12.729316278962415
2025-03-30 16:15:24,701 - 2025-03-30T16:15:24.701075, 0.7445063237325633, 0.0, -0.3195129651956514, 76.7014837207075, -29.46193997149382, -63.13929991665982, 0.0016000000400000006, 13.2985162792925
2025-03-30 16:15:24,742 - 2025-03-30T16:15:24.742046, 0.75011988975454, 0.0, -0.32119459432150155, 76.21018372042468, -29.276383293410724, -63.08963643109335, 0.0016000000400000006, 13.78981627957532
2025-03-30 16:15:24,782 - 2025-03-30T16:15:24.782711, 0.755525415805796, 0.0, -0.32295819521433433, 75.79908372018949, -29.097563680025754, -63.03708571433544, 0.0016000000400000006, 14.200916279810514
2025-03-30 16:15:24,820 - 2025-03-30T16:15:24.820817, 0.7606560802514379, 0.0, -0.324878164575086, 75.34028371992855, -28.927598510979916, -62.97914546096992, 0.0016000000400000006, 14.65971628007145
2025-03-30 16:15:24,860 - 2025-03-30T16:15:24.860862, 0.7659872096017559, 0.0, -0.3265749438330263, 74.97678371972296, -28.751281203011175, -62.92871212385298, 0.0016000000400000006, 15.02321628027704
2025-03-30 16:15:24,902 - 2025-03-30T16:15:24.902798, 0.7710434773464607, 0.0, -0.3284280915588864, 74.61808371952105, -28.583818339381537, -62.87288925012841, 0.0016000000400000006, 15.381916280478949
2025-03-30 16:15:24,940 - 2025-03-30T16:15:24.940961, 0.7763153601279313, 0.0, -0.33034048585359255, 74.26048371932073, -28.40923348527855, -62.81533392253813, 0.0016000000400000006, 15.739516280679267
2025-03-30 16:15:24,982 - 2025-03-30T16:15:24.982672, 0.7815128462084662, 0.0, -0.33218605851340754, 73.88578371911184, -28.237150936591714, -62.75989597458879, 0.0016000000400000006, 16.114216280888158
2025-03-30 16:15:25,021 - 2025-03-30T16:15:25.021560, 0.7868591256908748, 0.0, -0.33416527444300614, 73.52438371891134, -28.060063777072497, -62.700223267357515, 0.0016000000400000006, 16.475616281088662
2025-03-30 16:15:25,060 - 2025-03-30T16:15:25.060888, 0.7919973652025614, 0.0, -0.3362264621395874, 73.17518371871849, -27.889713682251454, -62.63766332893481, 0.0016000000400000006, 16.824816281281514
2025-03-30 16:15:25,101 - 2025-03-30T16:15:25.101011, 0.7970612080133113, 0.0, -0.3382208282012771, 72.78598371850458, -27.721865892846587, -62.577220770153055, 0.0016000000400000006, 17.214016281495418
2025-03-30 16:15:25,141 - 2025-03-30T16:15:25.141563, 0.8021918724589532, 0.0, -0.34014079756202875, 72.51068371835392, -27.551900723800753, -62.51928051678753, 0.0016000000400000006, 17.489316281646083
2025-03-30 16:15:25,182 - 2025-03-30T16:15:25.182267, 0.8072708654017928, 0.0, -0.34241760029537627, 72.16788371816706, -27.38328308284545, -62.44959858789145, 0.0016000000400000006, 17.83211628183294
2025-03-30 16:15:25,240 - 2025-03-30T16:15:25.240791, 0.8147216237490662, 0.0, -0.34534611528604087, 71.67568371790018, -27.136323546682927, -62.36085966647219, 0.0016000000400000006, 18.324316282099815
2025-03-30 16:15:25,282 - 2025-03-30T16:15:25.282668, 0.8199418350277354, 0.0, -0.34761534295334373, 71.34688371772283, -26.963086220670434, -62.29156266335132, 0.0016000000400000006, 18.653116282277168
2025-03-30 16:15:25,341 - 2025-03-30T16:15:25.341073, 0.8271025816373045, 0.0, -0.35041778974026894, 70.92278371749514, -26.725750980397514, -62.20667357543879, 0.0016000000400000006, 19.077216282504864
2025-03-30 16:15:25,441 - 2025-03-30T16:15:25.441032, 0.8324640112518029, 0.0, -0.35267944234152626, 70.60528371732546, -26.547893969327852, -62.13776149809317, 0.0016000000400000006, 19.394716282674537
2025-03-30 16:15:25,902 - 2025-03-30T16:15:25.902260, 0.8374913326918416, 0.0, -0.35531307844747007, 70.3557837171926, -26.38062385646303, -62.05633789366652, 0.0016000000400000006, 19.644216282807406
2025-03-30 16:15:25,962 - 2025-03-30T16:15:25.962382, 0.8431944455468456, 0.0, -0.3573439658798705, 70.10468371705929, -26.191795021413274, -61.995317658344746, 0.0016000000400000006, 19.895316282940712
2025-03-30 16:15:26,021 - 2025-03-30T16:15:26.021424, 0.8489795301688332, 0.0, -0.359582893282993, 69.92788371696568, -26.00007895517205, -61.9275603583248, 0.0016000000400000006, 20.07211628303432
2025-03-30 16:15:26,081 - 2025-03-30T16:15:26.081322, 0.8552626664992449, 0.0, -0.36186591712287175, 69.67298371683107, -25.792001528343132, -61.85884045598958, 0.0016000000400000006, 20.32701628316893
2025-03-30 16:15:26,142 - 2025-03-30T16:15:26.142212, 0.8624826596776609, 0.0, -0.3644527488730307, 69.47428371672642, -25.552933834204467, -61.781073358550415, 0.0016000000400000006, 20.52571628327358
2025-03-30 16:15:26,180 - 2025-03-30T16:15:26.180846, 0.8676284742553926, 0.0, -0.3666551549054411, 69.3147837166426, -25.382198813608188, -61.71389373507053, 0.0016000000400000006, 20.685216283357406
2025-03-30 16:15:26,221 - 2025-03-30T16:15:26.221105, 0.8731311222057214, 0.0, -0.3689092324406529, 69.09358371652661, -25.19972211748132, -61.64536658350015, 0.0016000000400000006, 20.90641628347339
2025-03-30 16:15:26,262 - 2025-03-30T16:15:26.262413, 0.8789237818937532, 0.0, -0.37128937817960495, 68.84248371639532, -25.00762112546489, -61.57298959842302, 0.0016000000400000006, 21.15751628360468
2025-03-30 16:15:26,301 - 2025-03-30T16:15:26.301365, 0.884850084851569, 0.0, -0.3735207305166819, 68.70128371632167, -24.81128537416652, -61.50561722417832, 0.0016000000400000006, 21.29871628367833
2025-03-30 16:15:26,342 - 2025-03-30T16:15:26.342614, 0.8907247163065839, 0.0, -0.3761089162263547, 68.53278371623396, -24.61629715095864, -61.42650317440306, 0.0016000000400000006, 21.467216283766035
2025-03-30 16:15:26,382 - 2025-03-30T16:15:26.382393, 0.8960861459210832, 0.0, -0.37837056882761244, 68.30738371611687, -24.43844013988895, -61.35759109705742, 0.0016000000400000006, 21.692616283883126
2025-03-30 16:15:26,421 - 2025-03-30T16:15:26.421509, 0.9014551506016266, 0.0, -0.38077343976469935, 68.1547837160378, -24.260198203044062, -61.284059334654614, 0.0016000000400000006, 21.845216283962202
2025-03-30 16:15:26,460 - 2025-03-30T16:15:26.460917, 0.9065341435444667, 0.0, -0.3830502424980473, 67.85468371588267, -24.091580562088737, -61.214377405758526, 0.0016000000400000006, 22.14531628411733
2025-03-30 16:15:26,523 - 2025-03-30T16:15:26.523610, 0.9140076270898754, 0.0, -0.3864024124961998, 67.76718371583755, -23.84346624860053, -61.11177942916775, 0.0016000000400000006, 22.232816284162453
2025-03-30 16:15:26,580 - 2025-03-30T16:15:26.580904, 0.9209162372919657, 0.0, -0.3897848827585326, 67.4430837156708, -23.613830675341063, -61.00764174947605, 0.0016000000400000006, 22.556916284329205
2025-03-30 16:15:26,640 - 2025-03-30T16:15:26.640851, 0.9276609039600916, 0.0, -0.39275127307942226, 67.23558371556439, -23.38996956446445, -60.916978199180654, 0.0016000000400000006, 22.76441628443561
2025-03-30 16:15:26,701 - 2025-03-30T16:15:26.701772, 0.9345543640300922, 0.0, -0.3958513066700968, 67.0665837154779, -23.161103842755423, -60.822079889603295, 0.0016000000400000006, 22.933416284522096
2025-03-30 16:15:26,761 - 2025-03-30T16:15:26.761698, 0.9415373709331205, 0.0, -0.3993005985673217, 66.8150837153495, -22.928965964079726, -60.71582483027062, 0.0016000000400000006, 23.184916284650498
2025-03-30 16:15:26,802 - 2025-03-30T16:15:26.802846, 0.9466087888099155, 0.0, -0.4014361829648405, 66.62978371525514, -22.76073324889963, -60.6507625864317, 0.0016000000400000006, 23.370216284744856
2025-03-30 16:15:26,861 - 2025-03-30T16:15:26.860976, 0.953666192413881, 0.0, -0.4049522964969574, 66.41568371514637, -22.526093064807732, -60.542390147458065, 0.0016000000400000006, 23.584316284853628
2025-03-30 16:15:26,902 - 2025-03-30T16:15:26.902168, 0.9587376102906755, 0.0, -0.4070878808944758, 66.24348371505906, -22.357860349627657, -60.47732790361915, 0.0016000000400000006, 23.756516284940947
2025-03-30 16:15:26,941 - 2025-03-30T16:15:26.941247, 0.9638834248684076, 0.0, -0.4092902869268862, 66.00088371493638, -22.187125329031364, -60.41014828013927, 0.0016000000400000006, 23.99911628506362
2025-03-30 16:15:26,981 - 2025-03-30T16:15:26.981532, 0.9690519646442755, 0.0, -0.41191634796678533, 65.87268371487167, -22.015235531109372, -60.32910960148784, 0.0016000000400000006, 24.12731628512833
2025-03-30 16:15:27,041 - 2025-03-30T16:15:27.041027, 0.97625058658407, 0.0, -0.41542488643285713, 65.71018371478979, -21.775975661960302, -60.221122088289434, 0.0016000000400000006, 24.289816285210208
2025-03-30 16:15:27,106 - 2025-03-30T16:15:27.105930, 0.9838955887294887, 0.0, -0.4193343547082815, 65.57418371472139, -21.521701960313997, -60.10043029724518, 0.0016000000400000006, 24.425816285278614
2025-03-30 16:15:27,160 - 2025-03-30T16:15:27.160920, 0.991176182436265, 0.0, -0.4230509331450749, 65.30638371458699, -21.279554859973516, -59.985705719348616, 0.0016000000400000006, 24.693616285413015
2025-03-30 16:15:27,204 - 2025-03-30T16:15:27.203992, 0.9962035038763037, 0.0, -0.42568456925101916, 65.16658371451699, -21.11228474710869, -59.904282114921955, 0.0016000000400000006, 24.83341628548301
2025-03-30 16:15:27,260 - 2025-03-30T16:15:27.260873, 1.003186510779332, 0.0, -0.42913386114824403, 64.92398371439576, -20.880146868432995, -59.79802705558929, 0.0016000000400000006, 25.07601628560424
2025-03-30 16:15:27,321 - 2025-03-30T16:15:27.321779, 1.0102514894493426, 0.0, -0.4327911930161905, 64.71138371428981, -20.645121758565864, -59.68503493155846, 0.0016000000400000006, 25.28861628571019
2025-03-30 16:15:27,382 - 2025-03-30T16:15:27.382168, 1.0173164681193527, 0.0, -0.436448524884137, 64.4145837141423, -20.410096648698755, -59.57204280752764, 0.0016000000400000006, 25.585416285857704
2025-03-30 16:15:27,445 - 2025-03-30T16:15:27.445616, 1.024671458527067, 0.0, -0.4402319249558224, 64.18558371402882, -20.165447242942044, -59.455200849990106, 0.0016000000400000006, 25.814416285971177
2025-03-30 16:15:27,501 - 2025-03-30T16:15:27.501183, 1.0313720287584363, 0.0, -0.4436963669851379, 64.07008371397168, -19.942548734380715, -59.348175939106966, 0.0016000000400000006, 25.929916286028316
2025-03-30 16:15:27,563 - 2025-03-30T16:15:27.563589, 1.038793840801043, 0.0, -0.4474053703558858, 63.955583713915125, -19.69578194898302, -59.23383628698564, 0.0016000000400000006, 26.044416286084875
2025-03-30 16:15:27,621 - 2025-03-30T16:15:27.621419, 1.045784422770116, 0.0, -0.45099588058894025, 63.894283713884874, -19.463259144532103, -59.12296154259579, 0.0016000000400000006, 26.105716286115126
2025-03-30 16:15:27,681 - 2025-03-30T16:15:27.681463, 1.0528418263740815, 0.0, -0.4545119941210576, 63.81518371384587, -19.22861896044021, -59.014589103622136, 0.0016000000400000006, 26.184816286154135
2025-03-30 16:15:27,742 - 2025-03-30T16:15:27.742445, 1.0598248332771094, 0.0, -0.45796128601828245, 63.726283713802054, -18.99648108176453, -58.90833404428947, 0.0016000000400000006, 26.27371628619795
2025-03-30 16:15:27,801 - 2025-03-30T16:15:27.800993, 1.0667410185452453, 0.0, -0.46148497461644444, 63.68418371378134, -18.766460582729813, -58.7995766795406, 0.0016000000400000006, 26.315816286218663
2025-03-30 16:15:27,860 - 2025-03-30T16:15:27.860915, 1.0740808588208695, 0.0, -0.4649859380164716, 63.66028371376956, -18.52258102852356, -58.6919740921174, 0.0016000000400000006, 26.33971628623044
2025-03-30 16:15:27,921 - 2025-03-30T16:15:27.921842, 1.081346302395556, 0.0, -0.46842007978160627, 63.63648371375787, -18.281203779733524, -58.58648888433519, 0.0016000000400000006, 26.36351628624213
2025-03-30 16:15:27,962 - 2025-03-30T16:15:27.961672, 1.0864328704044413, 0.0, -0.47083810085078337, 63.5708837137256, -18.11220121300297, -58.51218727038193, 0.0016000000400000006, 26.4291162862744
2025-03-30 16:15:28,021 - 2025-03-30T16:15:28.020985, 1.0938546824470476, 0.0, -0.4745471042215321, 63.61838371374894, -17.865434427605294, -58.39784761826058, 0.0016000000400000006, 26.38161628625106
2025-03-30 16:15:28,081 - 2025-03-30T16:15:28.081197, 1.1010608794528882, 0.0, -0.4781968610234335, 63.68338371378092, -17.625789632680963, -58.28524042000498, 0.0016000000400000006, 26.31661628621908
2025-03-30 16:15:28,141 - 2025-03-30T16:15:28.141370, 1.1085722383285215, 0.0, -0.4822551227007321, 63.66518371377199, -17.375750690316643, -58.15954401812834, 0.0016000000400000006, 26.334816286228012
2025-03-30 16:15:28,182 - 2025-03-30T16:15:28.182015, 1.1135844096364695, 0.0, -0.4846063221350172, 63.80178371383927, -17.209250429002296, -58.08735978381605, 0.0016000000400000006, 26.19821628616073
2025-03-30 16:15:28,223 - 2025-03-30T16:15:28.223665, 1.1185890058783725, 0.0, -0.48681630323347314, 63.888083713881805, -17.04313509346317, -58.019795234560924, 0.0016000000400000006, 26.111916286118195
2025-03-30 16:15:28,281 - 2025-03-30T16:15:28.281451, 1.1261368861247183, 0.0, -0.49023529486651807, 63.97378371392411, -16.79251847455877, -57.91507987832916, 0.0016000000400000006, 26.026216286075893
2025-03-30 16:15:28,341 - 2025-03-30T16:15:28.341418, 1.1337667381380463, 0.0, -0.4938623264702833, 63.94608371391043, -16.539014624462936, -57.80362745739927, 0.0016000000400000006, 26.053916286089567
2025-03-30 16:15:28,401 - 2025-03-30T16:15:28.401868, 1.1412477967494996, 0.0, -0.4973557148042653, 63.99518371393468, -16.290515385199512, -57.69640979575131, 0.0016000000400000006, 26.00481628606532
2025-03-30 16:15:28,461 - 2025-03-30T16:15:28.461786, 1.1484905151260505, 0.0, -0.5003662015619117, 64.24458371405804, -16.050292913735177, -57.604783643140635, 0.0016000000400000006, 25.755416285941962
2025-03-30 16:15:28,522 - 2025-03-30T16:15:28.522097, 1.1558896019705216, 0.0, -0.5036515499251717, 64.45258371416116, -15.804680905663183, -57.504303046190834, 0.0016000000400000006, 25.547416285838835
2025-03-30 16:15:28,581 - 2025-03-30T16:15:28.581541, 1.163273538682902, 0.0, -0.5066544616167734, 64.87698371437232, -15.559838749141669, -57.41306181935538, 0.0016000000400000006, 25.123016285627685
2025-03-30 16:15:28,641 - 2025-03-30T16:15:28.641382, 1.1703082170887318, 0.0, -0.5097469201414024, 65.17788371452265, -15.32635334237547, -57.318548435553254, 0.0016000000400000006, 24.82211628547735
2025-03-30 16:15:28,701 - 2025-03-30T16:15:28.701019, 1.1779077688378794, 0.0, -0.5128090784018506, 65.5731837147209, -15.074389195380554, -57.22557475485207, 0.0016000000400000006, 24.426816285279102
2025-03-30 16:15:28,761 - 2025-03-30T16:15:28.761863, 1.1854997455209815, 0.0, -0.5157300183264697, 66.01738371494473, -14.822809974160876, -57.137220759208056, 0.0016000000400000006, 23.982616285055276
2025-03-30 16:15:28,821 - 2025-03-30T16:15:28.821354, 1.1927348888314877, 0.0, -0.5185992867482874, 66.43718371515727, -14.582972428471763, -57.050214291654534, 0.0016000000400000006, 23.562816284842725
2025-03-30 16:15:28,863 - 2025-03-30T16:15:28.863177, 1.1979916214808686, 0.0, -0.5202292443713357, 66.7903837153369, -14.409157425919211, -57.00189833417857, 0.0016000000400000006, 23.2096162846631
2025-03-30 16:15:28,921 - 2025-03-30T16:15:28.921658, 1.2053604080611589, 0.0, -0.5229497193912787, 67.25598371557484, -14.165085120948149, -56.91989647745746, 0.0016000000400000006, 22.744016284425157
2025-03-30 16:15:28,961 - 2025-03-30T16:15:28.961074, 1.2104166758058637, 0.0, -0.5248028671171383, 67.61208371575766, -13.997622257318518, -56.86407360373291, 0.0016000000400000006, 22.387916284242337
2025-03-30 16:15:29,002 - 2025-03-30T16:15:29.002598, 1.2154653684845234, 0.0, -0.5265147965071688, 68.00858371596215, -13.83054431946411, -56.81287041506552, 0.0016000000400000006, 21.991416284037854
2025-03-30 16:15:29,042 - 2025-03-30T16:15:29.042893, 1.220506486097137, 0.0, -0.5280855075613697, 68.32398371612547, -13.66385130738496, -56.76628691145532, 0.0016000000400000006, 21.67601628387453
2025-03-30 16:15:29,101 - 2025-03-30T16:15:29.101802, 1.227919369114185, 0.0, -0.5303079308728873, 68.82258371638494, -13.418816400098585, -56.70064641532194, 0.0016000000400000006, 21.17741628361506
2025-03-30 16:15:29,142 - 2025-03-30T16:15:29.142858, 1.2332945949012588, 0.0, -0.5315066584224022, 69.13598371654882, -13.241536489814585, -56.66657443879276, 0.0016000000400000006, 20.86401628345118
2025-03-30 16:15:29,181 - 2025-03-30T16:15:29.181477, 1.2381717689799085, 0.0, -0.5326612895351608, 69.65858371682347, -13.08061794011828, -56.633465064578836, 0.0016000000400000006, 20.341416283176528
2025-03-30 16:15:29,222 - 2025-03-30T16:15:29.222291, 1.2434725980660462, 0.0, -0.5337931954497828, 70.06218371703676, -12.905840335250453, -56.60151046769063, 0.0016000000400000006, 19.93781628296324
2025-03-30 16:15:29,260 - 2025-03-30T16:15:29.260895, 1.248557812115417, 0.0, -0.5348658547955587, 70.50688371727301, -12.738184720856005, -56.57128832466815, 0.0016000000400000006, 19.493116282726987
2025-03-30 16:15:29,301 - 2025-03-30T16:15:29.301782, 1.2536657513629237, 0.0, -0.5363621691488234, 70.93898371750383, -12.569374329135862, -56.527207126474124, 0.0016000000400000006, 19.06101628249617
2025-03-30 16:15:29,343 - 2025-03-30T16:15:29.343595, 1.2588997588141693, 0.0, -0.5375684717643834, 71.35008371772454, -12.396714103908998, -56.4927502241697, 0.0016000000400000006, 18.649916282275456
2025-03-30 16:15:29,381 - 2025-03-30T16:15:29.381184, 1.264282559667289, 0.0, -0.5389084176497274, 71.76578371794892, -12.21904926784974, -56.45405856258334, 0.0016000000400000006, 18.23421628205108
2025-03-30 16:15:29,422 - 2025-03-30T16:15:29.422020, 1.2695682386213365, 0.0, -0.5397578868926916, 72.31608371824774, -12.045041514532372, -56.431343335809466, 0.0016000000400000006, 17.683916281752264
2025-03-30 16:15:29,462 - 2025-03-30T16:15:29.462159, 1.275092257810286, 0.0, -0.5410902577119905, 72.81578371852092, -11.862756993415928, -56.39303659999834, 0.0016000000400000006, 17.18421628147908
2025-03-30 16:15:29,502 - 2025-03-30T16:15:29.501995, 1.2802442934945488, 0.0, -0.5420885203568293, 73.30928371879244, -11.692983999380516, -56.365316762392055, 0.0016000000400000006, 16.690716281207557
2025-03-30 16:15:29,541 - 2025-03-30T16:15:29.541526, 1.2860280241570212, 0.0, -0.5429820860365493, 73.87838371910772, -11.502614885475424, -56.341638933302924, 0.0016000000400000006, 16.121616280892283
2025-03-30 16:15:29,582 - 2025-03-30T16:15:29.582286, 1.2917449331846016, 0.0, -0.5439500484172073, 74.48738371944772, -11.314363151211303, -56.31545879879758, 0.0016000000400000006, 15.512616280552278
2025-03-30 16:15:29,620 - 2025-03-30T16:15:29.620905, 1.2974466920800922, 0.0, -0.544635574126207, 75.00108371973666, -11.126881268497627, -56.29851803440656, 0.0016000000400000006, 14.998916280263344
2025-03-30 16:15:29,661 - 2025-03-30T16:15:29.661741, 1.3029328359388153, 0.0, -0.5452618532663589, 75.68038372012182, -10.946521376257351, -56.28330972388132, 0.0016000000400000006, 14.319616279878176
2025-03-30 16:15:29,702 - 2025-03-30T16:15:29.702528, 1.3079209280891138, 0.0, -0.545844035969755, 76.3973837205322, -10.782522844604792, -56.26906401567133, 0.0016000000400000006, 13.602616279467796
2025-03-30 16:15:29,740 - 2025-03-30T16:15:29.740818, 1.3133994968817926, 0.0, -0.5463290967740777, 76.83728372078603, -10.602547878139724, -56.25847539020325, 0.0016000000400000006, 13.162716279213967
2025-03-30 16:15:29,781 - 2025-03-30T16:15:29.781753, 1.318811244039578, 0.0, -0.546888554279338, 77.38728372110552, -10.424690291315677, -56.24538445931897, 0.0016000000400000006, 12.612716278894482
2025-03-30 16:15:29,820 - 2025-03-30T16:15:29.820865, 1.3238737328908137, 0.0, -0.5475375586176257, 77.92668372142126, -10.258189454246917, -56.22902137146802, 0.0016000000400000006, 12.073316278578744
2025-03-30 16:15:29,861 - 2025-03-30T16:15:29.861098, 1.3292779049825554, 0.0, -0.5479557977870568, 78.40498372170322, -10.080716793198043, -56.220550125640905, 0.0016000000400000006, 11.595016278296782
2025-03-30 16:15:29,903 - 2025-03-30T16:15:29.903345, 1.3349569386799098, 0.0, -0.5482176684885678, 79.03438372207724, -9.894389687810083, -56.21746841642144, 0.0016000000400000006, 10.965616277922763
2025-03-30 16:15:29,961 - 2025-03-30T16:15:29.961161, 1.3423684677374426, 0.0, -0.5490947300766837, 79.71248372248401, -9.650701732859844, -56.19590739121886, 0.0016000000400000006, 10.28751627751599
2025-03-30 16:15:30,001 - 2025-03-30T16:15:30.001269, 1.3477726398291838, 0.0, -0.5495129692461149, 80.34058372286438, -9.47322907181099, -56.18743614539175, 0.0016000000400000006, 9.65941627713562
2025-03-30 16:15:30,041 - 2025-03-30T16:15:30.041065, 1.3534440984604932, 0.0, -0.5496336216117967, 80.89838372320513, -9.287286892198253, -56.18897412122946, 0.0016000000400000006, 9.101616276794871
2025-03-30 16:15:30,082 - 2025-03-30T16:15:30.081965, 1.3589894888880636, 0.0, -0.5500442857151819, 81.49568372357318, -9.105194546092235, -56.1808878011776, 0.0016000000400000006, 8.50431627642682
2025-03-30 16:15:30,120 - 2025-03-30T16:15:30.120749, 1.364534879315634, 0.0, -0.5504549498185676, 81.93418372384549, -8.923102199986204, -56.172801481125724, 0.0016000000400000006, 8.065816276154507
2025-03-30 16:15:30,161 - 2025-03-30T16:15:30.161208, 1.3701243661799611, 0.0, -0.5503675622135282, 82.57368372424587, -8.740047251564903, -56.181076521661566, 0.0016000000400000006, 7.426316275754133
2025-03-30 16:15:30,200 - 2025-03-30T16:15:30.200901, 1.375536113337747, 0.0, -0.5509270197187881, 82.94088372447754, -8.562189664740835, -56.1679855907773, 0.0016000000400000006, 7.059116275522456
2025-03-30 16:15:30,241 - 2025-03-30T16:15:30.241483, 1.3809327103634432, 0.0, -0.5512040405523897, 83.31818372471696, -8.385101929467211, -56.16413403000736, 0.0016000000400000006, 6.68181627528304
2025-03-30 16:15:30,283 - 2025-03-30T16:15:30.283127, 1.386106117286328, 0.0, -0.5512805964813152, 83.79378372502077, -8.215521110442182, -56.16663460816034, 0.0016000000400000006, 6.2062162749792265
2025-03-30 16:15:30,321 - 2025-03-30T16:15:30.321570, 1.3915027143120238, 0.0, -0.5515576173149164, 84.06328372519393, -8.038433375168573, -56.16278304739042, 0.0016000000400000006, 5.9367162748060744
2025-03-30 16:15:30,361 - 2025-03-30T16:15:30.361086, 1.3965941494679255, 0.0, -0.5514261332731203, 84.61498372555072, -7.871739787335002, -56.17202069024155, 0.0016000000400000006, 5.385016274449285
2025-03-30 16:15:30,421 - 2025-03-30T16:15:30.421524, 1.404183418231999, 0.0, -0.5516563497509366, 85.27028372597856, -7.622854470787544, -56.1718256364591, 0.0016000000400000006, 4.729716274021442
2025-03-30 16:15:30,461 - 2025-03-30T16:15:30.461180, 1.4093644002209285, 0.0, -0.5518741240156912, 85.52768372614786, -7.452888725987293, -56.16970652955491, 0.0016000000400000006, 4.472316273852144
2025-03-30 16:15:30,501 - 2025-03-30T16:15:30.501535, 1.414381438675893, 0.0, -0.5516758183390027, 86.00478372646351, -7.288697443569923, -56.18106155204703, 0.0016000000400000006, 3.9952162735364856
2025-03-30 16:15:30,542 - 2025-03-30T16:15:30.542740, 1.419680913802516, 0.0, -0.5514623625302244, 86.28408372664944, -7.115266791038216, -56.19318642608958, 0.0016000000400000006, 3.7159162733505577
2025-03-30 16:15:30,580 - 2025-03-30T16:15:30.580884, 1.4248391705933101, 0.0, -0.5512564817874908, 86.62938372688049, -6.946455823563667, -56.20492637435693, 0.0016000000400000006, 3.3706162731195093
2025-03-30 16:15:30,621 - 2025-03-30T16:15:30.621605, 1.4301537958520236, 0.0, -0.5513254626503707, 87.09528372719433, -6.772255319481481, -56.20781187828515, 0.0016000000400000006, 2.904716272805672
2025-03-30 16:15:30,661 - 2025-03-30T16:15:30.661420, 1.435520092613539, 0.0, -0.5510376101406553, 87.37918372738675, -6.596707287308789, -56.22243905774391, 0.0016000000400000006, 2.6208162726132542
2025-03-30 16:15:30,701 - 2025-03-30T16:15:30.701427, 1.4408271428062074, 0.0, -0.5509653726677057, 87.58618372752764, -6.422891709001831, -56.2299442467293, 0.0016000000400000006, 2.41381627247236
2025-03-30 16:15:30,743 - 2025-03-30T16:15:30.742996, 1.4462678362686603, 0.0, -0.5507443417928819, 87.86778372772008, -6.2448413714129245, -56.2424540465471, 0.0016000000400000006, 2.132216272279919
2025-03-30 16:15:30,780 - 2025-03-30T16:15:30.780857, 1.451864898199032, 0.0, -0.5507981725236717, 88.11248372788803, -6.061401497216401, -56.24610940202579, 0.0016000000400000006, 1.8875162721119665
2025-03-30 16:15:30,822 - 2025-03-30T16:15:30.822226, 1.4575287817642968, 0.0, -0.5507776065535239, 88.39768372808467, -5.875844243378886, -56.25226706292068, 0.0016000000400000006, 1.6023162719153277
2025-03-30 16:15:30,861 - 2025-03-30T16:15:30.861695, 1.4631775151974709, 0.0, -0.5504746039117179, 88.67018372827346, -5.691056841091836, -56.26766409392991, 0.0016000000400000006, 1.3298162717265427
2025-03-30 16:15:30,901 - 2025-03-30T16:15:30.901586, 1.4684694152580486, 0.0, -0.55011992976711, 88.94268372846311, -5.518011114335351, -56.28440865302965, 0.0016000000400000006, 1.057316271536891
2025-03-30 16:15:30,944 - 2025-03-30T16:15:30.944750, 1.4741257237572682, 0.0, -0.5499581454611331, 89.19718372864104, -5.332838786273065, -56.29518599898171, 0.0016000000400000006, 0.8028162713589637
2025-03-30 16:15:30,982 - 2025-03-30T16:15:30.982724, 1.4792915556141075, 0.0, -0.549893483054229, 89.3927837287783, -5.163642893023287, -56.30230626219187, 0.0016000000400000006, 0.6072162712217022
2025-03-30 16:15:31,041 - 2025-03-30T16:15:31.041063, 1.4867837024791082, 0.0, -0.549633222889665, 89.72918372901549, -4.918414659217717, -56.31808764322193, 0.0016000000400000006, 0.2708162709845113
2025-03-30 16:15:31,080 - 2025-03-30T16:15:31.080802, 1.4922987926424978, 0.0, -0.5494790136497327, 89.80368372906818, -4.737862016212624, -56.32848006339878, 0.0016000000400000006, 0.19631627093181692
2025-03-30 16:15:31,123 - 2025-03-30T16:15:31.123179, 1.497649939271923, 0.0, -0.548908724468359, 90.10468364786809, -4.56308383559039, -56.35234661297188, 0.0016000000400000006, -0.10468364786808593
2025-03-30 16:15:31,180 - 2025-03-30T16:15:31.180785, 1.5052757294067076, 0.0, -0.5484996709019203, 90.45058364811266, -4.3136208425028855, -56.37313260483435, 0.0016000000400000006, -0.45058364811265506
2025-03-30 16:15:31,222 - 2025-03-30T16:15:31.222417, 1.510575204533331, 0.0, -0.5482862150931416, 90.69648364828564, -4.1401901899711575, -56.38525747887692, 0.0016000000400000006, -0.6964836482856356
2025-03-30 16:15:31,280 - 2025-03-30T16:15:31.280881, 1.518252666170918, 0.0, -0.547520328154107, 90.96528364847386, -3.889379668793133, -56.41778514626995, 0.0016000000400000006, -0.9652836484738572
2025-03-30 16:15:31,323 - 2025-03-30T16:15:31.323205, 1.5241094395748136, 0.0, -0.5471353537453183, 91.14488364859916, -3.6978552018079327, -56.43606940847063, 0.0016000000400000006, -1.144883648599162
2025-03-30 16:15:31,361 - 2025-03-30T16:15:31.361448, 1.5293937645693467, 0.0, -0.5466394612648813, 91.3835836487651, -3.5251944008266562, -56.457433652627536, 0.0016000000400000006, -1.3835836487650965
2025-03-30 16:15:31,421 - 2025-03-30T16:15:31.421769, 1.5371607730399606, 0.0, -0.5462228326323979, 91.73228364900626, -3.2711117226819866, -56.47860457026523, 0.0016000000400000006, -1.7322836490062627
2025-03-30 16:15:31,462 - 2025-03-30T16:15:31.462734, 1.5422597832619078, 0.0, -0.546232566926431, 91.9484836491551, -3.1040332090731724, -56.483222528059194, 0.0016000000400000006, -1.9484836491550939
2025-03-30 16:15:31,501 - 2025-03-30T16:15:31.501254, 1.5473725896564305, 0.0, -0.5451793761687211, 92.24498364935832, -2.9375317962500205, -56.522680586669594, 0.0016000000400000006, -2.2449836493583177
2025-03-30 16:15:31,541 - 2025-03-30T16:15:31.541759, 1.5527691866821267, 0.0, -0.5454563970023223, 92.44418364949426, -2.760444060976397, -56.51882902589968, 0.0016000000400000006, -2.4441836494942635
2025-03-30 16:15:31,581 - 2025-03-30T16:15:31.581534, 1.5581051831794617, 0.0, -0.5446036711492894, 92.72958364968828, -2.586435731904615, -56.55193494558714, 0.0016000000400000006, -2.72958364968828
2025-03-30 16:15:31,621 - 2025-03-30T16:15:31.621161, 1.563530726509824, 0.0, -0.5441002036028069, 92.925583649821, -2.409155245866181, -56.57368411551929, 0.0016000000400000006, -2.925583649820993
2025-03-30 16:15:31,661 - 2025-03-30T16:15:31.661280, 1.5689121734034295, 0.0, -0.5440947877647497, 93.10028364993892, -2.23283736214303, -56.57907192486371, 0.0016000000400000006, -3.100283649938916
2025-03-30 16:15:31,701 - 2025-03-30T16:15:31.701036, 1.574314991535656, 0.0, -0.5431676652107793, 93.29058365006698, -2.056711653430291, -56.61468014996739, 0.0016000000400000006, -3.290583650066978
2025-03-30 16:15:31,743 - 2025-03-30T16:15:31.743156, 1.5795476450273873, 0.0, -0.5430286061029381, 93.48908365020013, -1.8853983805395416, -56.624302718593746, 0.0016000000400000006, -3.4890836502001292
2025-03-30 16:15:31,780 - 2025-03-30T16:15:31.780844, 1.585040009992642, 0.0, -0.542450741855518, 93.76098365038182, -1.706000514860122, -56.64855419394212, 0.0016000000400000006, -3.7609836503818173
2025-03-30 16:15:31,821 - 2025-03-30T16:15:31.821025, 1.5904504031909137, 0.0, -0.5416648376373767, 93.92218365048916, -1.5294898803721608, -56.67954273398862, 0.0016000000400000006, -3.92218365048916
2025-03-30 16:15:31,862 - 2025-03-30T16:15:31.862632, 1.5959503432222135, 0.0, -0.5412281917257862, 94.14698365063838, -1.349707088917512, -56.69917452427981, 0.0016000000400000006, -4.146983650638376
2025-03-30 16:15:31,921 - 2025-03-30T16:15:31.921116, 1.6036126547277099, 0.0, -0.5401798681150933, 94.49918365087106, -1.099666419289946, -56.74094156178718, 0.0016000000400000006, -4.4991836508710605
2025-03-30 16:15:31,961 - 2025-03-30T16:15:31.961627, 1.6088150079552603, 0.0, -0.5394759356639347, 94.52988365089128, -0.9298928495001277, -56.769042870642245, 0.0016000000400000006, -4.5298836508912785
2025-03-30 16:15:32,001 - 2025-03-30T16:15:32.001385, 1.6140993329497935, 0.0, -0.5389800431834972, 94.78168365105674, -0.7572320485188584, -56.790407114799166, 0.0016000000400000006, -4.781683651056738
2025-03-30 16:15:32,042 - 2025-03-30T16:15:32.042804, 1.619301686177344, 0.0, -0.5382761107323382, 95.00238365120124, -0.5874584787290331, -56.81850842365425, 0.0016000000400000006, -5.002383651201242
2025-03-30 16:15:32,081 - 2025-03-30T16:15:32.081189, 1.6245632859737413, 0.0, -0.5373565632444128, 95.15278365129939, -0.415952455073473, -56.8537317229827, 0.0016000000400000006, -5.152783651299387
2025-03-30 16:15:32,121 - 2025-03-30T16:15:32.121198, 1.6296912425003547, 0.0, -0.5365858091583622, 95.38348365144952, -0.24868119069984118, -56.88395041147873, 0.0016000000400000006, -5.383483651449524
2025-03-30 16:15:32,161 - 2025-03-30T16:15:32.161411, 1.634878445595815, 0.0, -0.5355994400355444, 95.57908365157638, -0.07967747246048162, -56.92129109044817, 0.0016000000400000006, -5.579083651576383
2025-03-30 16:15:32,201 - 2025-03-30T16:15:32.201008, 1.6403191390582674, 0.0, -0.5353784091607201, 95.74638365168454, 0.09837286512841104, -56.93380089026598, 0.0016000000400000006, -5.746383651684539
2025-03-30 16:15:32,240 - 2025-03-30T16:15:32.240789, 1.64558831392071, 0.0, -0.5346000800086244, 95.88638365177486, 0.27026381455920756, -56.96440450453724, 0.0016000000400000006, -5.886383651774865
2025-03-30 16:15:32,282 - 2025-03-30T16:15:32.282344, 1.651065528753874, 0.0, -0.5337397790895464, 96.05808365188537, 0.44889182868816135, -56.997895349999936, 0.0016000000400000006, -6.058083651885369
2025-03-30 16:15:32,321 - 2025-03-30T16:15:32.321285, 1.6562678819814245, 0.0, -0.5330358466383873, 96.19148365197098, 0.6186653984779795, -57.025996658855014, 0.0016000000400000006, -6.191483651970984
2025-03-30 16:15:32,360 - 2025-03-30T16:15:32.360882, 1.6615219067117768, 0.0, -0.5319750808146329, 96.36378365208134, 0.7897864963583174, -57.06583964324063, 0.0016000000400000006, -6.363783652081338
2025-03-30 16:15:32,402 - 2025-03-30T16:15:32.402214, 1.6672891332826447, 0.0, -0.531240848099293, 96.4400836521301, 0.9780388063768441, -57.09548065519664, 0.0016000000400000006, -6.440083652130099
2025-03-30 16:15:32,441 - 2025-03-30T16:15:32.441082, 1.6724019396771679, 0.0, -0.5301876573415831, 96.59158365222677, 1.1445402192000103, -57.13493871380704, 0.0016000000400000006, -6.591583652226774
2025-03-30 16:15:32,483 - 2025-03-30T16:15:32.483212, 1.677678689605656, 0.0, -0.5295505465253165, 96.67678365228105, 1.3168160944060503, -57.16092264302114, 0.0016000000400000006, -6.6767836522810455
2025-03-30 16:15:32,521 - 2025-03-30T16:15:32.520980, 1.6834459161765234, 0.0, -0.5288163138099775, 96.86628365240148, 1.50506840442457, -57.19056365497712, 0.0016000000400000006, -6.866283652401478
2025-03-30 16:15:32,561 - 2025-03-30T16:15:32.561150, 1.6886999409068761, 0.0, -0.527755547986223, 97.03598365250903, 1.676189502304915, -57.23040663936274, 0.0016000000400000006, -7.035983652509032
2025-03-30 16:15:32,600 - 2025-03-30T16:15:32.600930, 1.6937686508646421, 0.0, -0.5272004089369382, 97.2002836526129, 1.8417283128127906, -57.25350333738542, 0.0016000000400000006, -7.200283652612896
2025-03-30 16:15:32,640 - 2025-03-30T16:15:32.640854, 1.6988814572591653, 0.0, -0.5261472181792293, 97.41488365274813, 2.0082297256359496, -57.29296139599579, 0.0016000000400000006, -7.414883652748132
2025-03-30 16:15:32,703 - 2025-03-30T16:15:32.703214, 1.706662261902356, 0.0, -0.5246676644950026, 97.63238365288477, 2.2617353029950067, -57.348972414449946, 0.0016000000400000006, -7.632383652884769
2025-03-30 16:15:32,740 - 2025-03-30T16:15:32.740940, 1.7117233967940768, 0.0, -0.5239713071098886, 97.75988365296465, 2.426889187727646, -57.376688797529795, 0.0016000000400000006, -7.759883652964645
2025-03-30 16:15:32,781 - 2025-03-30T16:15:32.781305, 1.716843778254645, 0.0, -0.5230593346880088, 97.97728365310051, 2.5937755263260414, -57.411527171083, 0.0016000000400000006, -7.977283653100514
2025-03-30 16:15:32,822 - 2025-03-30T16:15:32.822111, 1.7224546363575932, 0.0, -0.5220502403670553, 97.99638365311243, 2.7766382997369305, -57.45002262737813, 0.0016000000400000006, -7.996383653112432
2025-03-30 16:15:32,882 - 2025-03-30T16:15:32.881975, 1.7300349760961073, 0.0, -0.5207938767856408, 98.29088365329571, 3.0237917381730597, -57.49852672958366, 0.0016000000400000006, -8.290883653295708
2025-03-30 16:15:32,921 - 2025-03-30T16:15:32.921262, 1.7352890008264596, 0.0, -0.5197331109618863, 98.4504836533947, 3.1949128360533976, -57.538369713969274, 0.0016000000400000006, -8.450483653394699
2025-03-30 16:15:32,961 - 2025-03-30T16:15:32.961883, 1.7405354504907673, 0.0, -0.5185311268023023, 98.67768365353518, 3.3656490081585204, -57.582832383412075, 0.0016000000400000006, -8.677683653535183
2025-03-30 16:15:33,002 - 2025-03-30T16:15:33.002266, 1.7459382686229938, 0.0, -0.5176040042483314, 98.9295836536904, 3.5417747168712594, -57.61844060851577, 0.0016000000400000006, -8.9295836536904
2025-03-30 16:15:33,040 - 2025-03-30T16:15:33.040916, 1.7512666900542833, 0.0, -0.516610060059469, 99.11298365380304, 3.7153981201677837, -57.65616621326041, 0.0016000000400000006, -9.112983653803042
2025-03-30 16:15:33,101 - 2025-03-30T16:15:33.101733, 1.7589655229304912, 0.0, -0.5149224664045216, 99.41378365398711, 3.966016466335404, -57.718914296412684, 0.0016000000400000006, -9.41378365398711
2025-03-30 16:15:33,140 - 2025-03-30T16:15:33.140856, 1.7645171344645925, 0.0, -0.5141289871203352, 99.49378365403594, 4.147146785880551, -57.75028776223442, 0.0016000000400000006, -9.493783654035937
2025-03-30 16:15:33,181 - 2025-03-30T16:15:33.181755, 1.769689187427962, 0.0, -0.5128601813258582, 99.72988365417969, 4.315380652569445, -57.79686781131823, 0.0016000000400000006, -9.729883654179687
2025-03-30 16:15:33,221 - 2025-03-30T16:15:33.221611, 1.7747351721875932, 0.0, -0.5118813872690864, 99.89258365427844, 4.479764685751647, -57.83382356451239, 0.0016000000400000006, -9.89258365427844
2025-03-30 16:15:33,261 - 2025-03-30T16:15:33.261669, 1.7802123870207573, 0.0, -0.5110210863500075, 100.04548365437105, 4.6583926998805865, -57.867314409975116, 0.0016000000400000006, -10.045483654371054
2025-03-30 16:15:33,301 - 2025-03-30T16:15:33.301209, 1.7856593015897406, 0.0, -0.5095959120876117, 100.22638365448033, 4.835481010908602, -57.919283995666525, 0.0016000000400000006, -10.22638365448033
2025-03-30 16:15:33,361 - 2025-03-30T16:15:33.361187, 1.7934325311668862, 0.0, -0.5079751400675563, 100.44908365461448, 5.0886016624924295, -57.97991469917784, 0.0016000000400000006, -10.449083654614483
2025-03-30 16:15:33,401 - 2025-03-30T16:15:33.401053, 1.7985453375614089, 0.0, -0.5069219493098465, 100.74068365478949, 5.2551030753155885, -58.01937275778824, 0.0016000000400000006, -10.740683654789493
2025-03-30 16:15:33,440 - 2025-03-30T16:15:33.440915, 1.8035685971229045, 0.0, -0.5055195002455863, 100.82968365484274, 5.418332331172088, -58.070187566153955, 0.0016000000400000006, -10.829683654842741
2025-03-30 16:15:33,482 - 2025-03-30T16:15:33.482012, 1.8086814035174272, 0.0, -0.5044663094878765, 101.01858365495556, 5.58483374399524, -58.109645624764354, 0.0016000000400000006, -11.018583654955563
2025-03-30 16:15:33,522 - 2025-03-30T16:15:33.521957, 1.8138534564807975, 0.0, -0.5031975036934004, 101.16778365504447, 5.7530676106841625, -58.15622567384813, 0.0016000000400000006, -11.167783655044474
2025-03-30 16:15:33,582 - 2025-03-30T16:15:33.582057, 1.8217679043937718, 0.0, -0.5015691566072995, 101.37938365517022, 6.010807947325141, -58.21724130313467, 0.0016000000400000006, -11.379383655170216
2025-03-30 16:15:33,620 - 2025-03-30T16:15:33.620810, 1.8269840537938982, 0.0, -0.499802299104398, 101.60008365530096, 6.180004416329318, -58.28018271280618, 0.0016000000400000006, -11.600083655300963
2025-03-30 16:15:33,662 - 2025-03-30T16:15:33.662922, 1.832304900159143, 0.0, -0.4986671365797064, 101.71788365537058, 6.353242893850634, -58.32252800260799, 0.0016000000400000006, -11.717883655370585
2025-03-30 16:15:33,702 - 2025-03-30T16:15:33.702143, 1.8374769531225128, 0.0, -0.4973983307852299, 101.99208365553221, 6.521476760539535, -58.36910805169178, 0.0016000000400000006, -11.992083655532213
2025-03-30 16:15:33,761 - 2025-03-30T16:15:33.761277, 1.8448189526261252, 0.0, -0.49565906562748063, 102.16238365563227, 6.760353431176604, -58.43320366293457, 0.0016000000400000006, -12.162383655632269
2025-03-30 16:15:33,800 - 2025-03-30T16:15:33.800853, 1.8504070855309376, 0.0, -0.4942263162990397, 102.2884836557062, 6.942061427261791, -58.48555817440121, 0.0016000000400000006, -12.288483655706202
2025-03-30 16:15:33,861 - 2025-03-30T16:15:33.861239, 1.85759271656663, 0.0, -0.49221218953567636, 102.58148365587749, 7.175548561291208, -58.55850822998313, 0.0016000000400000006, -12.581483655877493
2025-03-30 16:15:33,901 - 2025-03-30T16:15:33.901686, 1.8629059878658292, 0.0, -0.4909358086751552, 102.70488365594942, 7.348402113037288, -58.60547320484213, 0.0016000000400000006, -12.704883655949416
2025-03-30 16:15:33,940 - 2025-03-30T16:15:33.940948, 1.8682936558659655, 0.0, -0.4897262494495256, 102.84528365603111, 7.5237579701995685, -58.65032080006018, 0.0016000000400000006, -12.845283656031114
2025-03-30 16:15:33,983 - 2025-03-30T16:15:33.983879, 1.8733093403614163, 0.0, -0.4881825820494359, 102.90668365606678, 7.686602300280846, -58.70575529348307, 0.0016000000400000006, -12.906683656066775
2025-03-30 16:15:34,021 - 2025-03-30T16:15:34.021427, 1.8786150365945702, 0.0, -0.4867649828530851, 103.11968365619029, 7.8590709262516825, -58.75733995339926, 0.0016000000400000006, -13.11968365619029
2025-03-30 16:15:34,062 - 2025-03-30T16:15:34.062294, 1.8839875544626163, 0.0, -0.48527298695579724, 103.31278365630195, 8.033656931863504, -58.81142691873164, 0.0016000000400000006, -13.312783656301946
2025-03-30 16:15:34,101 - 2025-03-30T16:15:34.101405, 1.889203703862743, 0.0, -0.4835061294528957, 103.35868365632844, 8.202853400867689, -58.87436832840315, 0.0016000000400000006, -13.35868365632844
2025-03-30 16:15:34,141 - 2025-03-30T16:15:34.141388, 1.894576221730789, 0.0, -0.48201413355560785, 103.57348365645224, 8.37743940647951, -58.92845529373553, 0.0016000000400000006, -13.57348365645224
2025-03-30 16:15:34,201 - 2025-03-30T16:15:34.201252, 1.9021035360069871, 0.0, -0.47976924162338763, 103.84598365660874, 8.621898364489027, -59.009297191341304, 0.0016000000400000006, -13.845983656608738
2025-03-30 16:15:34,261 - 2025-03-30T16:15:34.261787, 1.909690096852032, 0.0, -0.47730873465440116, 104.1216836567665, 8.868089776364279, -59.097261079420434, 0.0016000000400000006, -14.121683656766507
2025-03-30 16:15:34,300 - 2025-03-30T16:15:34.300854, 1.9147057813474826, 0.0, -0.47576506725431145, 104.34188365689207, 9.03093410644555, -59.152695572843335, 0.0016000000400000006, -14.341883656892065
2025-03-30 16:15:34,341 - 2025-03-30T16:15:34.341013, 1.920003902514591, 0.0, -0.47420624972213155, 104.52328365699523, 9.20301780664115, -59.20889991781668, 0.0016000000400000006, -14.523283656995233
2025-03-30 16:15:34,381 - 2025-03-30T16:15:34.381606, 1.9252352020468082, 0.0, -0.4727218288908883, 104.77598365713853, 9.372984127195807, -59.26260195737385, 0.0016000000400000006, -14.775983657138525
2025-03-30 16:15:34,441 - 2025-03-30T16:15:34.441602, 1.9326805445560238, 0.0, -0.4702688969879474, 105.11708365733118, 9.614555854013886, -59.35018091967774, 0.0016000000400000006, -15.11708365733118
2025-03-30 16:15:34,500 - 2025-03-30T16:15:34.500793, 1.9398951218963827, 0.0, -0.46747428184450035, 105.61628365761156, 9.848235738808135, -59.44873170596174, 0.0016000000400000006, -15.616283657611561
2025-03-30 16:15:34,541 - 2025-03-30T16:15:34.541050, 1.9449624778946344, 0.0, -0.46557378107181435, 105.90408365777235, 10.012427596979897, -59.51590787491521, 0.0016000000400000006, -15.904083657772345
2025-03-30 16:15:34,582 - 2025-03-30T16:15:34.582857, 1.950060134157067, 0.0, -0.46423815364244625, 106.10318365788324, 10.17815915825259, -59.564605303639944, 0.0016000000400000006, -16.103183657883235
2025-03-30 16:15:34,641 - 2025-03-30T16:15:34.641309, 1.9572898616295158, 0.0, -0.46172597517065794, 106.5428836581271, 10.412608894597284, -59.653916719809594, 0.0016000000400000006, -16.542883658127096
2025-03-30 16:15:34,700 - 2025-03-30T16:15:34.700735, 1.964378370766136, 0.0, -0.45922137176491473, 106.8561836583, 10.64243894588482, -59.742843210204015, 0.0016000000400000006, -16.856183658299997
2025-03-30 16:15:34,741 - 2025-03-30T16:15:34.741072, 1.9698693817718758, 0.0, -0.45729814579409345, 107.20408365849117, 10.820489859228118, -59.81117415648316, 0.0016000000400000006, -17.20408365849117
2025-03-30 16:15:34,781 - 2025-03-30T16:15:34.781583, 1.9753087212748142, 0.0, -0.455731753195868, 107.4313836586156, 10.997193244480918, -59.86776342723176, 0.0016000000400000006, -17.4313836586156
2025-03-30 16:15:34,821 - 2025-03-30T16:15:34.821594, 1.9803685022070208, 0.0, -0.4536900340873533, 107.69028365875693, 11.161000176877458, -59.939559281242374, 0.0016000000400000006, -17.69028365875693
2025-03-30 16:15:34,861 - 2025-03-30T16:15:34.861912, 1.985443433271318, 0.0, -0.45193075165049645, 107.96238365890494, 11.325576960824463, -60.00211576513867, 0.0016000000400000006, -17.96238365890494
2025-03-30 16:15:34,920 - 2025-03-30T16:15:34.920776, 1.9928281752521722, 0.0, -0.4483480730609206, 108.37568365912878, 11.564069281440688, -60.12665220789997, 0.0016000000400000006, -18.375683659128782
2025-03-30 16:15:34,961 - 2025-03-30T16:15:34.961456, 1.9978879561843794, 0.0, -0.4463063539524055, 108.55508365922557, 11.727876213837241, -60.198448061910604, 0.0016000000400000006, -18.555083659225573
2025-03-30 16:15:35,001 - 2025-03-30T16:15:35.001507, 2.0030813803863703, 0.0, -0.44411584144201566, 108.71418365931123, 11.895917905515716, -60.27524852675364, 0.0016000000400000006, -18.71418365931123
2025-03-30 16:15:35,042 - 2025-03-30T16:15:35.042073, 2.008423597990236, 0.0, -0.4420589722014103, 109.07868365950688, 12.068964208026628, -60.34781423231473, 0.0016000000400000006, -19.07868365950688
2025-03-30 16:15:35,101 - 2025-03-30T16:15:35.101256, 2.015905461870163, 0.0, -0.4389667702542148, 109.35198365965294, 12.311113611384762, -60.45637424026353, 0.0016000000400000006, -19.351983659652944
2025-03-30 16:15:35,162 - 2025-03-30T16:15:35.162908, 2.0231792857793685, 0.0, -0.43595654007400064, 109.78158365988159, 12.546525950044725, -60.56204701702093, 0.0016000000400000006, -19.78158365988159
2025-03-30 16:15:35,221 - 2025-03-30T16:15:35.221950, 2.0305123562574208, 0.0, -0.43273069485702065, 110.09048366004525, 12.783670742570436, -60.67484178425168, 0.0016000000400000006, -20.09048366004525
2025-03-30 16:15:35,261 - 2025-03-30T16:15:35.261500, 2.0355645621235827, 0.0, -0.43054775741267637, 110.3705836601931, 12.94709274919176, -60.75125732331948, 0.0016000000400000006, -20.370583660193105
2025-03-30 16:15:35,321 - 2025-03-30T16:15:35.321061, 2.043038850937465, 0.0, -0.42731433712965083, 110.69098366036164, 13.18885722677468, -60.864437016325475, 0.0016000000400000006, -20.69098366036164
2025-03-30 16:15:35,380 - 2025-03-30T16:15:35.380891, 2.0501563063787507, 0.0, -0.42402924534382347, 111.0952836605734, 13.418880028826997, -60.978964237421984, 0.0016000000400000006, -21.0952836605734
2025-03-30 16:15:35,443 - 2025-03-30T16:15:35.443459, 2.0571401185502523, 0.0, -0.4208929469598708, 111.26418366066153, 13.644668071597387, -61.08848684768607, 0.0016000000400000006, -21.26418366066153
2025-03-30 16:15:35,501 - 2025-03-30T16:15:35.501946, 2.064406367393413, 0.0, -0.4177414984438279, 111.39988366073221, 13.879695484482156, -61.19877930950062, 0.0016000000400000006, -21.399883660732215
2025-03-30 16:15:35,561 - 2025-03-30T16:15:35.561582, 2.071962627974277, 0.0, -0.41471611813152354, 111.54588366080817, 14.124347193256476, -61.30522193780848, 0.0016000000400000006, -21.545883660808173
2025-03-30 16:15:35,621 - 2025-03-30T16:15:35.621475, 2.079080083415563, 0.0, -0.4114310263456966, 111.68398366087987, 14.354369995308822, -61.41974915890497, 0.0016000000400000006, -21.68398366087988
2025-03-30 16:15:35,680 - 2025-03-30T16:15:35.680730, 2.0865240719652642, 0.0, -0.40763273271935363, 111.92858366100658, 14.594594769790781, -61.551407592139675, 0.0016000000400000006, -21.928583661006584
2025-03-30 16:15:35,743 - 2025-03-30T16:15:35.743715, 2.094065182414038, 0.0, -0.404324915735391, 112.12528366110823, 14.83847662701465, -61.667089590561865, 0.0016000000400000006, -22.125283661108227
2025-03-30 16:15:35,800 - 2025-03-30T16:15:35.800773, 2.100707311345034, 0.0, -0.4014193825202952, 112.41208366125598, 15.053292845804947, -61.76872035880212, 0.0016000000400000006, -22.412083661255977
2025-03-30 16:15:35,840 - 2025-03-30T16:15:35.840787, 2.105751942145151, 0.0, -0.39909522674012177, 112.50508366130377, 15.216329926651042, -61.849755582927095, 0.0016000000400000006, -22.50508366130377
2025-03-30 16:15:35,880 - 2025-03-30T16:15:35.880860, 2.110826873209448, 0.0, -0.3973359443032649, 112.55778366133084, 15.380906710598047, -61.91231206682338, 0.0016000000400000006, -22.557783661330845
2025-03-30 16:15:35,941 - 2025-03-30T16:15:35.941474, 2.11781068538095, 0.0, -0.3941996459193122, 112.57348366133891, 15.606694753368451, -62.02183467708748, 0.0016000000400000006, -22.573483661338912
2025-03-30 16:15:35,981 - 2025-03-30T16:15:35.981160, 2.122855316181066, 0.0, -0.3918754901391388, 112.69818366140288, 15.769731834214518, -62.10286990121244, 0.0016000000400000006, -22.69818366140288
2025-03-30 16:15:36,041 - 2025-03-30T16:15:36.041529, 2.129489870046017, 0.0, -0.38882873858821343, 112.7247836614165, 15.984163127229586, -62.209120354509885, 0.0016000000400000006, -22.724783661416495
2025-03-30 16:15:36,101 - 2025-03-30T16:15:36.101059, 2.1366149005533486, 0.0, -0.38568486513821565, 112.51288366130778, 16.21457085505717, -62.31902789054921, 0.0016000000400000006, -22.512883661307782
2025-03-30 16:15:36,141 - 2025-03-30T16:15:36.141135, 2.141674681485555, 0.0, -0.3836431460297005, 112.51208366130737, 16.3783777874537, -62.39082374455984, 0.0016000000400000006, -22.512083661307372
2025-03-30 16:15:36,181 - 2025-03-30T16:15:36.181136, 2.147091295790358, 0.0, -0.3816530984239872, 112.31218366120456, 16.553926395380806, -62.461272070479964, 0.0016000000400000006, -22.312183661204557
2025-03-30 16:15:36,224 - 2025-03-30T16:15:36.224086, 2.152641553364945, 0.0, -0.37951425741639966, 112.27778366118683, 16.733709762589854, -62.53672500723248, 0.0016000000400000006, -22.27778366118683
2025-03-30 16:15:36,280 - 2025-03-30T16:15:36.280780, 2.160205389011854, 0.0, -0.3766300954399249, 112.09958366109494, 16.978746397139403, -62.63854795048315, 0.0016000000400000006, -22.09958366109494
2025-03-30 16:15:36,323 - 2025-03-30T16:15:36.323442, 2.165339566644999, 0.0, -0.37465519796630176, 112.06478366107696, 17.14505563495218, -62.7082264248528, 0.0016000000400000006, -22.06478366107696
2025-03-30 16:15:36,381 - 2025-03-30T16:15:36.381229, 2.1729109773579536, 0.0, -0.37191225432565655, 111.85948366097084, 17.390477195276972, -62.80542968304629, 0.0016000000400000006, -21.859483660970838
2025-03-30 16:15:36,421 - 2025-03-30T16:15:36.421092, 2.1779859084222504, 0.0, -0.37015297188880014, 111.7993836609397, 17.555053979223963, -62.86798616694258, 0.0016000000400000006, -21.799383660939696
2025-03-30 16:15:36,461 - 2025-03-30T16:15:36.461894, 2.183305400827981, 0.0, -0.3676724476407065, 111.55028366081045, 17.726945504409173, -62.9544109276752, 0.0016000000400000006, -21.55028366081045
2025-03-30 16:15:36,502 - 2025-03-30T16:15:36.502610, 2.188878383600703, 0.0, -0.3659572616406068, 111.47228366076989, 17.90788364894391, -63.016004809256195, 0.0016000000400000006, -21.47228366076989
2025-03-30 16:15:36,543 - 2025-03-30T16:15:36.543024, 2.1940125612338477, 0.0, -0.3639823641669837, 111.35348366070806, 18.074192886756663, -63.085683283625855, 0.0016000000400000006, -21.353483660708065
2025-03-30 16:15:36,580 - 2025-03-30T16:15:36.580816, 2.199310682400956, 0.0, -0.3624235466348038, 111.01848366053324, 18.246276586952263, -63.141887628599214, 0.0016000000400000006, -21.018483660533235
2025-03-30 16:15:36,641 - 2025-03-30T16:15:36.641640, 2.2067257246459913, 0.0, -0.3594057413885454, 110.91188366047747, 18.486308610669433, -63.24794533113181, 0.0016000000400000006, -20.91188366047747
2025-03-30 16:15:36,680 - 2025-03-30T16:15:36.680796, 2.212134763884749, 0.0, -0.35727447544700297, 110.67578366035366, 18.6614722928213, -63.32301334210909, 0.0016000000400000006, -20.67578366035366
2025-03-30 16:15:36,741 - 2025-03-30T16:15:36.741094, 2.2196469280288564, 0.0, -0.35474714684312403, 110.46798366024444, 18.905161399280345, -63.413094609829216, 0.0016000000400000006, -20.467983660244442
2025-03-30 16:15:36,781 - 2025-03-30T16:15:36.781471, 2.2246550374582617, 0.0, -0.35306226110720473, 110.19368366009978, 19.067620803586372, -63.473148788309295, 0.0016000000400000006, -20.19368366009978
2025-03-30 16:15:36,821 - 2025-03-30T16:15:36.821466, 2.2297892150914063, 0.0, -0.3510873636335816, 110.09598366004816, 19.233930041399148, -63.542827262678955, 0.0016000000400000006, -20.095983660048162
2025-03-30 16:15:36,861 - 2025-03-30T16:15:36.861042, 2.235161732959452, 0.0, -0.34959536773629374, 109.94538365996847, 19.40851604701094, -63.59691422801134, 0.0016000000400000006, -19.94538365996847
2025-03-30 16:15:36,901 - 2025-03-30T16:15:36.901131, 2.2405342508274986, 0.0, -0.34810337183900586, 109.69658365983643, 19.583102052622777, -63.651001193343724, 0.0016000000400000006, -19.696583659836435
2025-03-30 16:15:36,942 - 2025-03-30T16:15:36.942064, 2.2459735903304368, 0.0, -0.34653697924078086, 109.41378365968592, 19.75980543787557, -63.707590464092306, 0.0016000000400000006, -19.41378365968592
2025-03-30 16:15:36,981 - 2025-03-30T16:15:36.981311, 2.2512641364315007, 0.0, -0.3448369433727718, 109.1052836595211, 19.931504212295955, -63.76841449412283, 0.0016000000400000006, -19.105283659521106
2025-03-30 16:15:37,022 - 2025-03-30T16:15:37.022434, 2.2565030110297624, 0.0, -0.34349374087735773, 108.76328365933765, 20.10185545862582, -63.817496848622824, 0.0016000000400000006, -18.763283659337645
2025-03-30 16:15:37,062 - 2025-03-30T16:15:37.062793, 2.261831432461052, 0.0, -0.3424997966884953, 108.28258365907847, 20.275478861922366, -63.855222453367475, 0.0016000000400000006, -18.28258365907847
2025-03-30 16:15:37,101 - 2025-03-30T16:15:37.101046, 2.2669883352923312, 0.0, -0.3409485542223605, 107.91818365888093, 20.442942877060794, -63.9110418725656, 0.0016000000400000006, -17.91818365888094
2025-03-30 16:15:37,141 - 2025-03-30T16:15:37.141572, 2.272234784956639, 0.0, -0.339746570062776, 107.46218365863244, 20.613679049165917, -63.95550454200841, 0.0016000000400000006, -17.46218365863244
2025-03-30 16:15:37,181 - 2025-03-30T16:15:37.181686, 2.277324866153026, 0.0, -0.33826972429757873, 107.06418365841442, 20.779025684663367, -64.00882165579033, 0.0016000000400000006, -17.06418365841442
2025-03-30 16:15:37,221 - 2025-03-30T16:15:37.221254, 2.282504494182441, 0.0, -0.33714213683893135, 106.63408365817749, 20.947644477127504, -64.05078201981694, 0.0016000000400000006, -16.634083658177488
2025-03-30 16:15:37,262 - 2025-03-30T16:15:37.262615, 2.2877509438467483, 0.0, -0.3359401526793473, 106.2326836579552, 21.118380649232613, -64.09524468925974, 0.0016000000400000006, -16.232683657955207
2025-03-30 16:15:37,301 - 2025-03-30T16:15:37.301312, 2.2927452571035776, 0.0, -0.3353181919951709, 105.72838365767427, 21.281417154324295, -64.12045876692338, 0.0016000000400000006, -15.72838365767427
2025-03-30 16:15:37,341 - 2025-03-30T16:15:37.341793, 2.2980661034688223, 0.0, -0.33418302947047884, 105.25828365741066, 21.45465563184562, -64.16280405672521, 0.0016000000400000006, -15.25828365741066
2025-03-30 16:15:37,381 - 2025-03-30T16:15:37.381235, 2.303543318301986, 0.0, -0.33332272855140044, 104.78028365714096, 21.63328364597455, -64.19629490218792, 0.0016000000400000006, -14.780283657140957
2025-03-30 16:15:37,421 - 2025-03-30T16:15:37.421451, 2.308953711500258, 0.0, -0.3325368243332596, 104.32548365688274, 21.809794280462526, -64.22728344223441, 0.0016000000400000006, -14.325483656882739
2025-03-30 16:15:37,461 - 2025-03-30T16:15:37.461025, 2.314282132931548, 0.0, -0.3315428801443967, 103.83788365660409, 21.983417683759072, -64.26500904697907, 0.0016000000400000006, -13.837883656604092
2025-03-30 16:15:37,501 - 2025-03-30T16:15:37.501335, 2.319774497896802, 0.0, -0.330965015896977, 103.33828365631669, 22.16281554943847, -64.28926052232742, 0.0016000000400000006, -13.33828365631669
2025-03-30 16:15:37,543 - 2025-03-30T16:15:37.543215, 2.3252000412271645, 0.0, -0.33046154835049446, 102.78188365599424, 22.340096035476925, -64.31100969225957, 0.0016000000400000006, -12.781883655994235
2025-03-30 16:15:37,581 - 2025-03-30T16:15:37.581715, 2.3306180094914817, 0.0, -0.32981686246818276, 102.1070836555998, 22.51699159574013, -64.3373785472489, 0.0016000000400000006, -12.107083655599794
2025-03-30 16:15:37,622 - 2025-03-30T16:15:37.622305, 2.3361255245888257, 0.0, -0.32952143489242136, 101.51828365525255, 22.697159312969973, -64.35239065248292, 0.0016000000400000006, -11.518283655252546
2025-03-30 16:15:37,661 - 2025-03-30T16:15:37.661258, 2.3417666829559556, 0.0, -0.32907721391478617, 101.03868365496756, 22.881561789481815, -64.37240736854932, 0.0016000000400000006, -11.038683654967556
2025-03-30 16:15:37,701 - 2025-03-30T16:15:37.701105, 2.3472741980532996, 0.0, -0.32878178633902433, 100.44168365461002, 23.06172950671167, -64.38741947378334, 0.0016000000400000006, -10.441683654610017
2025-03-30 16:15:37,741 - 2025-03-30T16:15:37.740988, 2.353212943224178, 0.0, -0.3286048519009577, 99.78378365421241, 23.256141204888323, -64.39896667128585, 0.0016000000400000006, -9.783783654212414
2025-03-30 16:15:37,781 - 2025-03-30T16:15:37.781243, 2.3588100051545497, 0.0, -0.32865868263174747, 99.02698365375025, 23.43958107908484, -64.40262202676452, 0.0016000000400000006, -9.02698365375025
2025-03-30 16:15:37,822 - 2025-03-30T16:15:37.822090, 2.364481463785859, 0.0, -0.3287793349974293, 98.42198365337704, 23.62552325869757, -64.40416000260224, 0.0016000000400000006, -8.42198365337704
2025-03-30 16:15:37,861 - 2025-03-30T16:15:37.861522, 2.36985533561342, 0.0, -0.328632700823543, 97.73588365294965, 23.801456216645512, -64.41416749700382, 0.0016000000400000006, -7.735883652949653
2025-03-30 16:15:37,902 - 2025-03-30T16:15:37.902392, 2.3756528624484687, 0.0, -0.32846334145152056, 97.00808365249137, 23.99124822976497, -64.42532976873112, 0.0016000000400000006, -7.008083652491365
2025-03-30 16:15:37,942 - 2025-03-30T16:15:37.942386, 2.381190677809994, 0.0, -0.32873278721907706, 96.36828365208423, 24.172955650095773, -64.42186313373642, 0.0016000000400000006, -6.36828365208423
2025-03-30 16:15:37,981 - 2025-03-30T16:15:37.981179, 2.3865721247035996, 0.0, -0.32872737138101993, 95.64938365162186, 24.34927353381891, -64.42725094308084, 0.0016000000400000006, -5.649383651621861
2025-03-30 16:15:38,021 - 2025-03-30T16:15:38.021174, 2.392109940065125, 0.0, -0.3289968171485764, 94.98848365119215, 24.53098095414971, -64.42378430808613, 0.0016000000400000006, -4.988483651192155
2025-03-30 16:15:38,061 - 2025-03-30T16:15:38.061430, 2.3977297271936324, 0.0, -0.32947430288685364, 94.31898365075217, 24.71557560567193, -64.4135806083933, 0.0016000000400000006, -4.318983650752173
2025-03-30 16:15:38,101 - 2025-03-30T16:15:38.101694, 2.40333436419005, 0.0, -0.3296693519534726, 93.69678365033901, 24.89940040564371, -64.41261627881481, 0.0016000000400000006, -3.696783650339014
2025-03-30 16:15:38,141 - 2025-03-30T16:15:38.140986, 2.408463674676178, 0.0, -0.330243959590824, 93.04938364990458, 25.068018622353435, -64.39875549638003, 0.0016000000400000006, -3.049383649904584
2025-03-30 16:15:38,181 - 2025-03-30T16:15:38.181312, 2.4140758867386403, 0.0, -0.33058022699327205, 92.38378364945311, 25.252228348100424, -64.39317148174437, 0.0016000000400000006, -2.3837836494531075
2025-03-30 16:15:38,222 - 2025-03-30T16:15:38.222349, 2.419844467269023, 0.0, -0.33119135600133376, 91.7211836489986, 25.44182761045508, -64.3787330227696, 0.0016000000400000006, -1.721183648998604
2025-03-30 16:15:38,261 - 2025-03-30T16:15:38.261092, 2.425263789492854, 0.0, -0.3318920318424232, 91.0105836485055, 25.620070123054376, -64.36102240682814, 0.0016000000400000006, -1.0105836485055022
2025-03-30 16:15:38,301 - 2025-03-30T16:15:38.301127, 2.4307423582855323, 0.0, -0.33237709264674686, 90.42238364809275, 25.800045089519436, -64.35043378136002, 0.0016000000400000006, -0.4223836480927474
2025-03-30 16:15:38,342 - 2025-03-30T16:15:38.342457, 2.4361024339405173, 0.0, -0.3332933835246026, 89.70398372899767, 25.976555148253013, -64.3256011749452, 0.0016000000400000006, 0.29601627100232974
2025-03-30 16:15:38,381 - 2025-03-30T16:15:38.381090, 2.441380537828519, 0.0, -0.3340016344317376, 89.09248372856773, 26.15017797579514, -64.3075056332285, 0.0016000000400000006, 0.9075162714322715
2025-03-30 16:15:38,422 - 2025-03-30T16:15:38.422655, 2.4468074351183957, 0.0, -0.33484352860865574, 88.36238372806027, 26.32880541416968, -64.2851753322299, 0.0016000000400000006, 1.6376162719397342
2025-03-30 16:15:38,461 - 2025-03-30T16:15:38.461331, 2.4518926491677666, 0.0, -0.3359161879544321, 87.72888372762502, 26.496461028564127, -64.2549531892074, 0.0016000000400000006, 2.2711162723749823
2025-03-30 16:15:38,500 - 2025-03-30T16:15:38.500862, 2.4571190815529667, 0.0, -0.33698127223416297, 87.11158372720536, 26.66873632801574, -64.22511597196015, 0.0016000000400000006, 2.888416272794643
2025-03-30 16:15:38,541 - 2025-03-30T16:15:38.540979, 2.4624123355730596, 0.0, -0.33797195981295625, 86.41518372673703, 26.843129007108352, -64.1977810601291, 0.0016000000400000006, 3.5848162732629736
2025-03-30 16:15:38,581 - 2025-03-30T16:15:38.581742, 2.467988026264811, 0.0, -0.33894749725965934, 85.7465837262924, 27.02676105631531, -64.17121599984853, 0.0016000000400000006, 4.2534162737076
2025-03-30 16:15:38,621 - 2025-03-30T16:15:38.621413, 2.4733784021839758, 0.0, -0.34042866148083295, 85.02268372581638, 27.204810818149795, -64.12790465320498, 0.0016000000400000006, 4.977316274183622
2025-03-30 16:15:38,661 - 2025-03-30T16:15:38.661562, 2.478679231270113, 0.0, -0.3415605673954554, 84.30318372534869, 27.37958842301761, -64.09595005631677, 0.0016000000400000006, 5.696816274651312
2025-03-30 16:15:38,702 - 2025-03-30T16:15:38.702739, 2.484062032123233, 0.0, -0.3429005132808003, 83.58438372488672, 27.55725325907688, -64.05725839473038, 0.0016000000400000006, 6.415616275113281
2025-03-30 16:15:38,740 - 2025-03-30T16:15:38.740836, 2.4896604480131197, 0.0, -0.3442997057349908, 82.92398372446685, 27.742040085609524, -64.01683427927829, 0.0016000000400000006, 7.076016275533149
2025-03-30 16:15:38,781 - 2025-03-30T16:15:38.781503, 2.495050823932285, 0.0, -0.3457808699561644, 82.311083724081, 27.920089847444025, -63.973522932634744, 0.0016000000400000006, 7.6889162759189995
2025-03-30 16:15:38,822 - 2025-03-30T16:15:38.822650, 2.50042604971936, 0.0, -0.3469795975056793, 81.58768372363016, 28.097369757728075, -63.93945095610555, 0.0016000000400000006, 8.412316276369836
2025-03-30 16:15:38,861 - 2025-03-30T16:15:38.861241, 2.5058240007045702, 0.0, -0.3486019800626825, 81.04188372329327, 28.275804445337776, -63.891519924404825, 0.0016000000400000006, 8.958116276706733
2025-03-30 16:15:38,900 - 2025-03-30T16:15:38.900964, 2.5108651183171844, 0.0, -0.3501726911168834, 80.35218372287144, 28.44249745741694, -63.84493642079462, 0.0016000000400000006, 9.647816277128555
2025-03-30 16:15:38,941 - 2025-03-30T16:15:38.941217, 2.5160398791995826, 0.0, -0.3515946087692101, 79.68648372246834, 28.61342522877805, -63.80335752801681, 0.0016000000400000006, 10.313516277531662
2025-03-30 16:15:38,981 - 2025-03-30T16:15:38.981543, 2.5209549286084583, 0.0, -0.3534553315611153, 79.05798372209134, 28.776268407350514, -63.747149728517016, 0.0016000000400000006, 10.942016277908666
2025-03-30 16:15:39,023 - 2025-03-30T16:15:39.023575, 2.526442426426696, 0.0, -0.35542697242466836, 78.35788372167539, 28.957975251926896, -63.687861947060995, 0.0016000000400000006, 11.642116278324607
2025-03-30 16:15:39,061 - 2025-03-30T16:15:39.061916, 2.5311494358648496, 0.0, -0.35736966698355666, 77.79828372134587, 29.114081365801198, -63.62876691636973, 0.0016000000400000006, 12.201716278654132
2025-03-30 16:15:39,102 - 2025-03-30T16:15:39.102532, 2.536503290413304, 0.0, -0.3594901012489844, 77.06978372092078, 29.291553451095645, -63.5644745240813, 0.0016000000400000006, 12.930216279079218
2025-03-30 16:15:39,140 - 2025-03-30T16:15:39.140836, 2.541277121486349, 0.0, -0.36135839910693424, 76.48748372058408, 29.44977694461091, -63.50788179880628, 0.0016000000400000006, 13.51251627941592
2025-03-30 16:15:39,184 - 2025-03-30T16:15:39.184669, 2.546556579333866, 0.0, -0.36341201173747084, 75.71688372014263, 29.62474672448917, -63.44570678615879, 0.0016000000400000006, 14.283116279857367
2025-03-30 16:15:39,221 - 2025-03-30T16:15:39.221025, 2.5517540654144, 0.0, -0.3652575843972854, 75.13088371980999, 29.79682927317598, -63.39026883820946, 0.0016000000400000006, 14.869116280190015
2025-03-30 16:15:39,260 - 2025-03-30T16:15:39.260917, 2.5567586616563025, 0.0, -0.36746756549574133, 74.66558371954774, 29.962944608715077, -63.32270428895434, 0.0016000000400000006, 15.33441628045226
2025-03-30 16:15:39,301 - 2025-03-30T16:15:39.301110, 2.5617556828321604, 0.0, -0.36953632825836724, 74.1255837192454, 30.12867501847898, -63.25975942475641, 0.0016000000400000006, 15.874416280754602
2025-03-30 16:15:39,340 - 2025-03-30T16:15:39.340904, 2.5669531689126943, 0.0, -0.37138190091818224, 73.65548371898396, 30.300757567165775, -63.204321476807074, 0.0016000000400000006, 16.34451628101604
2025-03-30 16:15:39,381 - 2025-03-30T16:15:39.381772, 2.572270502090437, 0.0, -0.374141605227865, 73.13738371869766, 30.47765197592019, -63.119048038873714, 0.0016000000400000006, 16.862616281302337
2025-03-30 16:15:39,421 - 2025-03-30T16:15:39.421880, 2.5774163166681685, 0.0, -0.37634401126027583, 72.65208371843124, 30.648386996516457, -63.05186841539382, 0.0016000000400000006, 17.347916281568757
2025-03-30 16:15:39,461 - 2025-03-30T16:15:39.461891, 2.582487734544964, 0.0, -0.37847959565779465, 72.09378371812679, 30.816619711696568, -62.9868061715549, 0.0016000000400000006, 17.906216281873213
2025-03-30 16:15:39,503 - 2025-03-30T16:15:39.503063, 2.5877155208896783, 0.0, -0.3808900416609262, 71.64738371788488, 30.990241963484287, -62.91288948337688, 0.0016000000400000006, 18.35261628211512
2025-03-30 16:15:39,541 - 2025-03-30T16:15:39.541595, 2.5930101288692846, 0.0, -0.3832260909631211, 71.19488371764108, 31.165981594912978, -62.84147510061504, 0.0016000000400000006, 18.805116282358924
2025-03-30 16:15:39,603 - 2025-03-30T16:15:39.603802, 2.6006992274514595, 0.0, -0.3866375075301205, 70.64168371734489, 31.421217898874552, -62.737144670158514, 0.0016000000400000006, 19.35831628265511
2025-03-30 16:15:39,661 - 2025-03-30T16:15:39.661739, 2.607815877624272, 0.0, -0.38993800602547113, 70.08588371704931, 31.657590536832195, -62.63589422165825, 0.0016000000400000006, 19.914116282950687
2025-03-30 16:15:39,721 - 2025-03-30T16:15:39.720984, 2.6150813211989585, 0.0, -0.3933721477906058, 69.5724837167781, 31.898967785622226, -62.53040901387603, 0.0016000000400000006, 20.427516283221905
2025-03-30 16:15:39,781 - 2025-03-30T16:15:39.781038, 2.622220696569906, 0.0, -0.3970963012934443, 68.93308371644267, 32.13649520090556, -62.41529951020424, 0.0016000000400000006, 21.066916283557333
2025-03-30 16:15:39,840 - 2025-03-30T16:15:39.840825, 2.6296197834143777, 0.0, -0.40038164965670475, 68.42998371618053, 32.38210720897756, -62.31481891325443, 0.0016000000400000006, 21.57001628381947
2025-03-30 16:15:39,901 - 2025-03-30T16:15:39.901071, 2.6370340203909386, 0.0, -0.4039494346916239, 68.02738371597187, 32.62848906859999, -62.20509894619026, 0.0016000000400000006, 21.972616284028135
2025-03-30 16:15:39,961 - 2025-03-30T16:15:39.961290, 2.644507503936347, 0.0, -0.40730160468977594, 67.55628371572897, 32.87660338208819, -62.1025009695995, 0.0016000000400000006, 22.443716284271034
2025-03-30 16:15:40,001 - 2025-03-30T16:15:40.001260, 2.6497277152150165, 0.0, -0.4095708323570788, 67.19648371554436, 33.049840708100696, -62.03320396647863, 0.0016000000400000006, 22.80351628445564
2025-03-30 16:15:40,040 - 2025-03-30T16:15:40.040922, 2.6547550366550547, 0.0, -0.41220446846302217, 66.78588371533462, 33.21711082096551, -61.95178036205199, 0.0016000000400000006, 23.214116284665383
2025-03-30 16:15:40,081 - 2025-03-30T16:15:40.081951, 2.6597823580950934, 0.0, -0.4148381045689664, 66.4549837151663, 33.38438093383032, -61.87035675762534, 0.0016000000400000006, 23.545016284833697
2025-03-30 16:15:40,142 - 2025-03-30T16:15:40.142697, 2.667211745203745, 0.0, -0.4186883262755434, 65.99948371493568, 33.63153264500324, -61.75139742044684, 0.0016000000400000006, 24.00051628506432
2025-03-30 16:15:40,201 - 2025-03-30T16:15:40.201171, 2.6743435455086475, 0.0, -0.4222712614425532, 65.52428371469632, 33.86867513451133, -61.640907601832204, 0.0016000000400000006, 24.475716285303676
2025-03-30 16:15:40,261 - 2025-03-30T16:15:40.261495, 2.68163171428147, 0.0, -0.4261290582151753, 65.03568371445154, 34.11120716062707, -61.52156333887849, 0.0016000000400000006, 24.964316285548463
2025-03-30 16:15:40,321 - 2025-03-30T16:15:40.321249, 2.688518953244939, 0.0, -0.4304332351934219, 64.43678371415332, 34.34103490889696, -61.387205243427516, 0.0016000000400000006, 25.56321628584668
2025-03-30 16:15:40,380 - 2025-03-30T16:15:40.380888, 2.6953014952432905, 0.0, -0.4341057171934586, 64.1028837139879, 34.56682064864972, -61.27344326784623, 0.0016000000400000006, 25.897116286012107
2025-03-30 16:15:40,441 - 2025-03-30T16:15:40.441282, 2.7023740489793466, 0.0, -0.43790426739723465, 63.60268371374124, 34.802230684292084, -61.15583145875822, 0.0016000000400000006, 26.397316286258757
2025-03-30 16:15:40,501 - 2025-03-30T16:15:40.501400, 2.7093873561465553, 0.0, -0.4419184326377774, 63.24498371356563, 35.035908266068695, -61.03109765919683, 0.0016000000400000006, 26.75501628643437
2025-03-30 16:15:40,561 - 2025-03-30T16:15:40.561809, 2.716400663313764, 0.0, -0.44593259787831974, 62.7089837133038, 35.26958584784531, -60.906363859635455, 0.0016000000400000006, 27.2910162866962
2025-03-30 16:15:40,620 - 2025-03-30T16:15:40.620841, 2.723369874044216, 0.0, -0.4504448148272875, 62.20648371305968, 35.50230082730665, -60.76526869948635, 0.0016000000400000006, 27.793516286940317
2025-03-30 16:15:40,680 - 2025-03-30T16:15:40.680867, 2.730041497970919, 0.0, -0.4546897452366867, 61.834483712879795, 35.725006585103166, -60.63264305790113, 0.0016000000400000006, 28.165516287120205
2025-03-30 16:15:40,741 - 2025-03-30T16:15:40.741105, 2.736995558569281, 0.0, -0.45891952551399573, 61.28378371261473, 35.95695171301404, -60.50078726786637, 0.0016000000400000006, 28.716216287385272
2025-03-30 16:15:40,800 - 2025-03-30T16:15:40.800834, 2.7441879594025447, 0.0, -0.46363220736764, 60.84568371240497, 36.197173608723986, -60.35333996879434, 0.0016000000400000006, 29.154316287595034
2025-03-30 16:15:40,861 - 2025-03-30T16:15:40.861024, 2.751000801665077, 0.0, -0.46786956271099367, 60.445383712214124, 36.424499051577676, -60.22109925298437, 0.0016000000400000006, 29.554616287785876
2025-03-30 16:15:40,921 - 2025-03-30T16:15:40.921078, 2.757836369125745, 0.0, -0.4725305730618361, 59.996383712000984, 36.65297927175707, -60.07499948200284, 0.0016000000400000006, 30.00361628799902
2025-03-30 16:15:40,982 - 2025-03-30T16:15:40.982574, 2.7647463332873503, 0.0, -0.47725840504757056, 59.47238371175346, 36.88396179735266, -59.926782331380345, 0.0016000000400000006, 30.527616288246545
2025-03-30 16:15:41,041 - 2025-03-30T16:15:41.041164, 2.771515079113126, 0.0, -0.4819938120993501, 59.05178371155572, 37.110324637891075, -59.77818025498262, 0.0016000000400000006, 30.94821628844428
2025-03-30 16:15:41,104 - 2025-03-30T16:15:41.104029, 2.778068209902135, 0.0, -0.4866699725822832, 58.55958371132533, 37.32956548795611, -59.63131063245062, 0.0016000000400000006, 31.44041628867467
2025-03-30 16:15:41,162 - 2025-03-30T16:15:41.162822, 2.784628915757189, 0.0, -0.4914873514010445, 58.22208371116802, 37.54919126379637, -59.47982132486149, 0.0016000000400000006, 31.777916288831985
2025-03-30 16:15:41,221 - 2025-03-30T16:15:41.221647, 2.7911076498452614, 0.0, -0.4960966902490851, 57.77248371095923, 37.76592980844522, -59.335069081970474, 0.0016000000400000006, 32.22751628904077
2025-03-30 16:15:41,281 - 2025-03-30T16:15:41.281252, 2.7976456305021804, 0.0, -0.500490414060359, 57.253883710719535, 37.9844008069598, -59.197438829552844, 0.0016000000400000006, 32.746116289280465
2025-03-30 16:15:41,342 - 2025-03-30T16:15:41.342208, 2.804414376327956, 0.0, -0.5052258211121385, 56.90398371055846, 38.21076364749821, -59.04883675315512, 0.0016000000400000006, 33.09601628944154
2025-03-30 16:15:41,401 - 2025-03-30T16:15:41.401634, 2.811257518854669, 0.0, -0.5100280497988097, 56.558083710399785, 38.439628793452826, -58.89811729711645, 0.0016000000400000006, 33.441916289600215
2025-03-30 16:15:41,463 - 2025-03-30T16:15:41.462991, 2.818108236447427, 0.0, -0.5149714968213113, 56.25178371025968, 38.66887886518268, -58.74277815602054, 0.0016000000400000006, 33.74821628974032
2025-03-30 16:15:41,521 - 2025-03-30T16:15:41.521711, 2.8250182006090325, 0.0, -0.5196993288070453, 55.89108371009521, 38.89986139077827, -58.59456100539806, 0.0016000000400000006, 34.10891628990479
2025-03-30 16:15:41,582 - 2025-03-30T16:15:41.582932, 2.8315864815301315, 0.0, -0.5246579259616366, 55.49878370991696, 39.11987209239376, -58.43845201275173, 0.0016000000400000006, 34.50121629008304
2025-03-30 16:15:41,641 - 2025-03-30T16:15:41.641059, 2.8380727906842487, 0.0, -0.5294084831455064, 55.13708370975316, 39.336995562817826, -58.28908008480356, 0.0016000000400000006, 34.86291629024684
2025-03-30 16:15:41,701 - 2025-03-30T16:15:41.701106, 2.8447230433723307, 0.0, -0.5345751202708193, 54.87478370963473, 39.55989349562477, -58.12623402745906, 0.0016000000400000006, 35.12521629036527
2025-03-30 16:15:41,764 - 2025-03-30T16:15:41.764305, 2.8512169275924926, 0.0, -0.5394668957905182, 54.56918370949711, 39.77740189182405, -57.97224241445371, 0.0016000000400000006, 35.43081629050289
2025-03-30 16:15:41,821 - 2025-03-30T16:15:41.821230, 2.8572871568051665, 0.0, -0.5443813965083528, 54.18478370932453, 39.9810512328518, -57.817096024122655, 0.0016000000400000006, 35.81521629067547
2025-03-30 16:15:41,881 - 2025-03-30T16:15:41.881688, 2.8635061794197156, 0.0, -0.5494295404959715, 53.84698370917335, 40.18970518471199, -57.657714874509665, 0.0016000000400000006, 36.15301629082665
2025-03-30 16:15:41,943 - 2025-03-30T16:15:41.943401, 2.8700896104729052, 0.0, -0.5546705743222216, 53.55168370904158, 40.41048573787795, -57.492366511748976, 0.0016000000400000006, 36.44831629095842
2025-03-30 16:15:42,001 - 2025-03-30T16:15:42.001477, 2.8762418114525623, 0.0, -0.5597931150107778, 53.28898370892461, 40.61702231009717, -57.33048305671977, 0.0016000000400000006, 36.71101629107539
2025-03-30 16:15:42,061 - 2025-03-30T16:15:42.061790, 2.8825276557020025, 0.0, -0.5647668622974593, 53.106083708843364, 40.827793641598284, -57.17360421252298, 0.0016000000400000006, 36.893916291156636
2025-03-30 16:15:42,124 - 2025-03-30T16:15:42.124038, 2.8888878966523808, 0.0, -0.5698074312190329, 52.81578370871464, 41.04106727851565, -57.01460798868522, 0.0016000000400000006, 37.18421629128537
2025-03-30 16:15:42,181 - 2025-03-30T16:15:42.181340, 2.8942961306226653, 0.0, -0.5742617555586684, 52.46228370855834, 41.222580796572835, -56.87389833006572, 0.0016000000400000006, 37.53771629144166
2025-03-30 16:15:42,242 - 2025-03-30T16:15:42.242106, 2.900001951396698, 0.0, -0.5789833664378712, 52.17378370843114, 41.41410353629479, -56.72471915288238, 0.0016000000400000006, 37.82621629156886
2025-03-30 16:15:42,301 - 2025-03-30T16:15:42.301057, 2.9057897439377136, 0.0, -0.5839130172877964, 51.84648370828718, 41.60851350720821, -56.56880291100086, 0.0016000000400000006, 38.15351629171282
2025-03-30 16:15:42,361 - 2025-03-30T16:15:42.361337, 2.9114879896457015, 0.0, -0.5884934098311709, 51.687583708217446, 41.79965132115496, -56.42424341887466, 0.0016000000400000006, 38.312416291782554
2025-03-30 16:15:42,501 - 2025-03-30T16:15:42.501070, 2.916918948814121, 0.0, -0.5933713891782939, 51.450083708113404, 41.98231961653782, -56.26967470508366, 0.0016000000400000006, 38.549916291886596
2025-03-30 16:15:42,660 - 2025-03-30T16:15:42.660875, 2.9221115677476384, 0.0, -0.5977664669490821, 51.22148370801344, 42.156711144121594, -56.13069750032993, 0.0016000000400000006, 38.77851629198656
2025-03-30 16:15:42,821 - 2025-03-30T16:15:42.821054, 2.9279737569895907, 0.0, -0.6027629394338989, 51.0770837079504, 42.35362342045121, -55.972663878807445, 0.0016000000400000006, 38.9229162920496
2025-03-30 16:15:42,941 - 2025-03-30T16:15:42.941472, 2.93338956602592, 0.0, -0.6073584821093636, 50.81268370783516, 42.5355218642836, -55.82733453513079, 0.0016000000400000006, 39.18731629216484
2025-03-30 16:15:43,361 - 2025-03-30T16:15:43.361169, 2.9385077882585002, 0.0, -0.6116867382452598, 50.73458370780115, 42.70741108645119, -55.69047471001802, 0.0016000000400000006, 39.26541629219886
2025-03-30 16:15:44,502 - 2025-03-30T16:15:44.502185, 2.9435516137901434, 0.0, -0.6159481727462639, 50.550283707721036, 42.87679800320258, -55.555732264546236, 0.0016000000400000006, 39.449716292278964
2025-03-30 16:15:44,664 - 2025-03-30T16:15:44.664156, 2.9496521432669978, 0.0, -0.621427546807416, 50.3098837076167, 43.08198704733125, -55.38210713398647, 0.0016000000400000006, 39.6901162923833
2025-03-30 16:15:44,721 - 2025-03-30T16:15:44.721774, 2.954859912332606, 0.0, -0.6261050612498629, 50.16308370755308, 43.257148426465506, -55.233890559118386, 0.0016000000400000006, 39.83691629244692
2025-03-30 16:15:44,780 - 2025-03-30T16:15:44.780920, 2.9619641202923566, 0.0, -0.6318138465203571, 49.956983707463905, 43.4954451175449, -55.053720538870905, 0.0016000000400000006, 40.043016292536095
2025-03-30 16:15:44,824 - 2025-03-30T16:15:44.824013, 2.9670155208900444, 0.0, -0.6362164993571904, 49.920483707448135, 43.665216960071504, -54.91435840834194, 0.0016000000400000006, 40.079516292551865
2025-03-30 16:15:44,860 - 2025-03-30T16:15:44.860818, 2.9724313299263736, 0.0, -0.6408120420326551, 49.823883707406395, 43.8471154039039, -54.76902906466529, 0.0016000000400000006, 40.176116292593605
2025-03-30 16:15:44,900 - 2025-03-30T16:15:44.900958, 2.97775001706363, 0.0, -0.644917108065739, 49.84368370741497, 44.02535676499439, -54.63967615580114, 0.0016000000400000006, 40.15631629258503
2025-03-30 16:15:44,941 - 2025-03-30T16:15:44.941148, 2.982793842595273, 0.0, -0.6491785425667436, 49.67538370734231, 44.19474368174578, -54.50493371032934, 0.0016000000400000006, 40.32461629265769
2025-03-30 16:15:45,002 - 2025-03-30T16:15:45.002448, 2.9899056256210685, 0.0, -0.6550285461730674, 49.658283707334924, 44.433425298600376, -54.32014400502467, 0.0016000000400000006, 40.341716292665076
2025-03-30 16:15:45,060 - 2025-03-30T16:15:45.060929, 2.996057826600725, 0.0, -0.6601510868616232, 49.618183707317634, 44.639961870819576, -54.15826054999548, 0.0016000000400000006, 40.381816292682366
2025-03-30 16:15:45,121 - 2025-03-30T16:15:45.121414, 3.001778797506849, 0.0, -0.6651551344124851, 49.57678370729981, 44.83225446209203, -53.999842002697775, 0.0016000000400000006, 40.4232162927002
2025-03-30 16:15:45,182 - 2025-03-30T16:15:45.182482, 3.0074177966459894, 0.0, -0.6699511419926263, 49.559283707292266, 45.02165982217302, -53.84816052009819, 0.0016000000400000006, 40.440716292707734
2025-03-30 16:15:45,241 - 2025-03-30T16:15:45.241179, 3.0127743591134717, 0.0, -0.6747622997048572, 49.5203837072755, 45.20182581213969, -53.69570918594816, 0.0016000000400000006, 40.4796162927245
2025-03-30 16:15:45,302 - 2025-03-30T16:15:45.302247, 3.0183238114195854, 0.0, -0.6792090489784472, 49.63508370732492, 45.387959015254026, -53.55538445310391, 0.0016000000400000006, 40.36491629267508
2025-03-30 16:15:45,361 - 2025-03-30T16:15:45.361728, 3.024245247230385, 0.0, -0.6839899064264978, 49.63078370732308, 45.586603745449395, -53.40447282205481, 0.0016000000400000006, 40.36921629267692
2025-03-30 16:15:45,420 - 2025-03-30T16:15:45.420921, 3.030486995043069, 0.0, -0.6894617054216043, 49.640383707327224, 45.796412474635254, -53.23123261727029, 0.0016000000400000006, 40.359616292672776
2025-03-30 16:15:45,482 - 2025-03-30T16:15:45.482866, 3.037234369630224, 0.0, -0.6951188191892976, 49.74718370737329, 46.02296749018409, -53.05241012511329, 0.0016000000400000006, 40.25281629262671
2025-03-30 16:15:45,541 - 2025-03-30T16:15:45.541253, 3.043602185646647, 0.0, -0.7003006064467003, 49.892483707436014, 46.236626052876666, -52.88879421621836, 0.0016000000400000006, 40.107516292563986
2025-03-30 16:15:45,601 - 2025-03-30T16:15:45.601507, 3.050401231736603, 0.0, -0.7056008868417978, 49.96238370746625, 46.46452859651599, -52.72171339959191, 0.0016000000400000006, 40.03761629253375
2025-03-30 16:15:45,661 - 2025-03-30T16:15:45.661222, 3.057133456191668, 0.0, -0.7109755639378319, 49.95948370746499, 46.69031376051438, -52.55213027754929, 0.0016000000400000006, 40.04051629253501
2025-03-30 16:15:45,720 - 2025-03-30T16:15:45.720863, 3.063352478806216, 0.0, -0.7160237079254506, 50.0974837075247, 46.89896771237453, -52.39274912793629, 0.0016000000400000006, 39.9025162924753
2025-03-30 16:15:45,785 - 2025-03-30T16:15:45.785056, 3.070115003525461, 0.0, -0.7219632583648021, 50.16058370755199, 47.126292579473834, -52.204687265664965, 0.0016000000400000006, 39.839416292448014
2025-03-30 16:15:45,842 - 2025-03-30T16:15:45.842152, 3.075880070868341, 0.0, -0.7264692542072391, 50.29428370760995, 47.31954777306156, -52.062630078954975, 0.0016000000400000006, 39.70571629239005
2025-03-30 16:15:45,903 - 2025-03-30T16:15:45.903093, 3.082039846914043, 0.0, -0.731733013231624, 50.35818370763766, 47.52646927105598, -51.89612693886861, 0.0016000000400000006, 39.64181629236234
2025-03-30 16:15:45,961 - 2025-03-30T16:15:45.961055, 3.0880281043597346, 0.0, -0.7364394739787379, 50.46328370768326, 47.72723138089231, -51.747717613235686, 0.0016000000400000006, 39.53671629231674
2025-03-30 16:15:46,021 - 2025-03-30T16:15:46.021582, 3.094157580141256, 0.0, -0.7411383596598053, 50.51368370770514, 47.932613175785825, -51.59969321337803, 0.0016000000400000006, 39.48631629229486
2025-03-30 16:15:46,080 - 2025-03-30T16:15:46.080774, 3.1003917528878944, 0.0, -0.7464689403190832, 50.64238370776106, 48.14203697919645, -51.43107269365067, 0.0016000000400000006, 39.35761629223894
2025-03-30 16:15:46,141 - 2025-03-30T16:15:46.141362, 3.1063951604656763, 0.0, -0.7514578377378549, 50.71378370779211, 48.34356894058323, -51.27342399790342, 0.0016000000400000006, 39.28621629220789
2025-03-30 16:15:46,202 - 2025-03-30T16:15:46.202012, 3.1124805398104414, 0.0, -0.7566547751273482, 50.71828370779408, 48.54798813316148, -51.10903823745801, 0.0016000000400000006, 39.28171629220592
2025-03-30 16:15:46,261 - 2025-03-30T16:15:46.261486, 3.1189000273296665, 0.0, -0.7614797290121551, 50.82758370784163, 48.762994223944574, -50.957164004093634, 0.0016000000400000006, 39.17241629215837
2025-03-30 16:15:46,321 - 2025-03-30T16:15:46.321353, 3.125178296513062, 0.0, -0.7663122579630075, 50.8380837078462, 48.97338062967049, -50.80490484495401, 0.0016000000400000006, 39.1619162921538
2025-03-30 16:15:46,382 - 2025-03-30T16:15:46.382689, 3.131820974135098, 0.0, -0.7713376767524913, 50.867383707858984, 49.19589363670217, -50.646678472666686, 0.0016000000400000006, 39.132616292141016
2025-03-30 16:15:46,460 - 2025-03-30T16:15:46.460839, 3.1381660649533867, 0.0, -0.7760958090024062, 50.99728370791557, 49.40839742206908, -50.496921618943276, 0.0016000000400000006, 39.00271629208443
2025-03-30 16:15:46,561 - 2025-03-30T16:15:46.561146, 3.144362362369799, 0.0, -0.780720297982537, 50.99108370791289, 49.61589659660355, -50.35139952450181, 0.0016000000400000006, 39.00891629208711
2025-03-30 16:15:46,640 - 2025-03-30T16:15:46.640936, 3.151094586824864, 0.0, -0.7860949750785711, 51.04448370793615, 49.84168176060192, -50.181816402459184, 0.0016000000400000006, 38.95551629206385
2025-03-30 16:15:46,701 - 2025-03-30T16:15:46.701832, 3.1573060343733674, 0.0, -0.7910019007303601, 51.11538370796711, 50.04995078668687, -50.02705493790337, 0.0016000000400000006, 38.88461629203289
2025-03-30 16:15:46,760 - 2025-03-30T16:15:46.760806, 3.1643875171349825, 0.0, -0.796287030993367, 51.211283708008985, 50.28709270044055, -49.86074397282739, 0.0016000000400000006, 38.788716291991015
2025-03-30 16:15:46,801 - 2025-03-30T16:15:46.801688, 3.1696318075713013, 0.0, -0.8003252753915593, 51.16608370798924, 50.46283175611484, -49.733508443604215, 0.0016000000400000006, 38.83391629201076
2025-03-30 16:15:46,842 - 2025-03-30T16:15:46.842583, 3.174645332838764, 0.0, -0.8040218365492455, 51.49688370813388, 50.6306789697653, -49.617244738361144, 0.0016000000400000006, 38.50311629186612
2025-03-30 16:15:46,901 - 2025-03-30T16:15:46.901073, 3.181898334200389, 0.0, -0.8098642650895247, 51.5557837081597, 50.8739802716771, -49.43283995883169, 0.0016000000400000006, 38.4442162918403
2025-03-30 16:15:46,962 - 2025-03-30T16:15:46.962345, 3.188756626859192, 0.0, -0.814948930447855, 51.71798370823078, 51.10361526918216, -49.27288113267865, 0.0016000000400000006, 38.28201629176922
2025-03-30 16:15:47,021 - 2025-03-30T16:15:47.021230, 3.1954661261161212, 0.0, -0.8198999525364008, 51.83458370828196, 51.32824565585485, -49.117157065807554, 0.0016000000400000006, 38.16541629171804
2025-03-30 16:15:47,083 - 2025-03-30T16:15:47.083331, 3.201446808495768, 0.0, -0.8244651949476847, 51.93258370832501, 51.52862283991595, -48.97336742523183, 0.0016000000400000006, 38.06741629167499
2025-03-30 16:15:47,141 - 2025-03-30T16:15:47.141193, 3.2076355308461357, 0.0, -0.8289484655919859, 52.165383708427434, 51.7357370886752, -48.832465015847546, 0.0016000000400000006, 37.834616291572566
2025-03-30 16:15:47,201 - 2025-03-30T16:15:47.201623, 3.2135569666569355, 0.0, -0.8337293230400364, 52.312583708492284, 51.93438181887056, -48.68155338479843, 0.0016000000400000006, 37.687416291507716
2025-03-30 16:15:47,260 - 2025-03-30T16:15:47.260960, 3.21996130404407, 0.0, -0.838271840253185, 52.46748370856063, 52.14861805810318, -48.53891852154839, 0.0016000000400000006, 37.53251629143937
2025-03-30 16:15:47,321 - 2025-03-30T16:15:47.321186, 3.226603981666107, 0.0, -0.8432972590426688, 52.56438370860343, 52.37113106513489, -48.38069214926107, 0.0016000000400000006, 37.43561629139657
2025-03-30 16:15:47,381 - 2025-03-30T16:15:47.381174, 3.2332315091560533, 0.0, -0.848040241160493, 52.75478370868764, 52.59287422061613, -48.23170514708813, 0.0016000000400000006, 37.24521629131236
2025-03-30 16:15:47,441 - 2025-03-30T16:15:47.441357, 3.2400898018148565, 0.0, -0.8531249065188238, 52.90448370875392, 52.822509218121205, -48.07174632093507, 0.0016000000400000006, 37.09551629124608
2025-03-30 16:15:47,501 - 2025-03-30T16:15:47.501916, 3.246717329304803, 0.0, -0.857867888636648, 53.112583708846245, 53.04425237360245, -47.92275931876213, 0.0016000000400000006, 36.887416291153755
2025-03-30 16:15:47,560 - 2025-03-30T16:15:47.560959, 3.253434403627777, 0.0, -0.8629601290610234, 53.19508370888289, 53.26926768605035, -47.76241556683385, 0.0016000000400000006, 36.80491629111711
2025-03-30 16:15:47,621 - 2025-03-30T16:15:47.621605, 3.2597870695121096, 0.0, -0.8678594796467678, 53.276083708918875, 53.48215639719246, -47.608039028053255, 0.0016000000400000006, 36.723916291081125
2025-03-30 16:15:47,682 - 2025-03-30T16:15:47.682648, 3.2662582285341366, 0.0, -0.8723276001589788, 53.49938370901827, 53.698510016066066, -47.46790647021943, 0.0016000000400000006, 36.50061629098173
2025-03-30 16:15:47,742 - 2025-03-30T16:15:47.742013, 3.2726108944184693, 0.0, -0.8772269507447232, 53.56598370904795, 53.911398727208194, -47.31352993143884, 0.0016000000400000006, 36.43401629095205
2025-03-30 16:15:47,801 - 2025-03-30T16:15:47.800999, 3.2788664384037296, 0.0, -0.8816358246880878, 53.75428370913195, 54.12063035560841, -47.175129827470734, 0.0016000000400000006, 36.24571629086805
2025-03-30 16:15:47,862 - 2025-03-30T16:15:47.862154, 3.285270775790864, 0.0, -0.8861783419012355, 53.82008370916134, 54.33486659484104, -47.03249496422072, 0.0016000000400000006, 36.17991629083866
2025-03-30 16:15:47,921 - 2025-03-30T16:15:47.921326, 3.2917570849449813, 0.0, -0.8909288990851056, 53.91988370920593, 54.55199006526511, -46.88312303627252, 0.0016000000400000006, 36.08011629079407
2025-03-30 16:15:47,981 - 2025-03-30T16:15:47.981125, 3.2984514340698197, 0.0, -0.8955974845019927, 54.00658370924471, 54.775850600387315, -46.736638339515785, 0.0016000000400000006, 35.99341629075529
2025-03-30 16:15:48,041 - 2025-03-30T16:15:48.041613, 3.305718231604021, 0.0, -0.9003769879905295, 54.157183709312136, 55.01857480151346, -46.58707366080276, 0.0016000000400000006, 35.842816290687864
2025-03-30 16:15:48,100 - 2025-03-30T16:15:48.100872, 3.31291820750333, 0.0, -0.9052308881800029, 54.19988370933128, 55.259181622998646, -46.43500667667356, 0.0016000000400000006, 35.80011629066872
2025-03-30 16:15:48,161 - 2025-03-30T16:15:48.161825, 3.3196793782630607, 0.0, -0.9098250768959524, 54.279083709366816, 55.48515953776183, -46.29102428533303, 0.0016000000400000006, 35.720916290633184
2025-03-30 16:15:48,223 - 2025-03-30T16:15:48.223267, 3.326366152321854, 0.0, -0.9143524439770108, 54.43928370943871, 55.70863514710881, -46.149159273633444, 0.0016000000400000006, 35.56071629056129
2025-03-30 16:15:48,281 - 2025-03-30T16:15:48.281447, 3.332904132978773, 0.0, -0.9187461677882847, 54.605183709513305, 55.9271061456234, -46.011529021215814, 0.0016000000400000006, 35.394816290486695
2025-03-30 16:15:48,340 - 2025-03-30T16:15:48.340806, 3.3395909070375662, 0.0, -0.9232735348693426, 54.770683709587814, 56.15058175497037, -45.86966400951624, 0.0016000000400000006, 35.229316290412186
2025-03-30 16:15:48,400 - 2025-03-30T16:15:48.400729, 3.3464264744982337, 0.0, -0.927934545220185, 55.041683709710064, 56.379061975149746, -45.72356423853472, 0.0016000000400000006, 34.958316290289936
2025-03-30 16:15:48,461 - 2025-03-30T16:15:48.460982, 3.352502924817439, 0.0, -0.9316449025504476, 55.33078370984081, 56.58174928961665, -45.60787763407728, 0.0016000000400000006, 34.66921629015919
2025-03-30 16:15:48,540 - 2025-03-30T16:15:48.540859, 3.3587205934724733, 0.0, -0.9353476848146647, 55.54428370993759, 56.78905628914071, -45.49257595539508, 0.0016000000400000006, 34.45571629006241
2025-03-30 16:15:48,620 - 2025-03-30T16:15:48.620816, 3.364075801980441, 0.0, -0.9388134808034945, 55.66238370999121, 56.96787532677125, -45.38420409217584, 0.0016000000400000006, 34.33761629000879
2025-03-30 16:15:48,701 - 2025-03-30T16:15:48.701111, 3.3711118343457853, 0.0, -0.9432513010515251, 55.85258371007768, 57.20270768587356, -45.24561123744293, 0.0016000000400000006, 34.147416289922326
2025-03-30 16:15:48,762 - 2025-03-30T16:15:48.762194, 3.3772551062998826, 0.0, -0.9468872616808506, 56.422283710337624, 57.40751237998143, -45.132426938401686, 0.0016000000400000006, 33.577716289662376
2025-03-30 16:15:48,820 - 2025-03-30T16:15:48.820756, 3.383695965057729, 0.0, -0.9507905088497441, 56.78608371050433, 57.62232629575413, -45.010773120796564, 0.0016000000400000006, 33.21391628949567
2025-03-30 16:15:48,882 - 2025-03-30T16:15:48.882109, 3.3899728802816105, 0.0, -0.9542776760771954, 57.173183710682345, 57.83136574914393, -44.90259343258772, 0.0016000000400000006, 32.826816289317655
2025-03-30 16:15:48,983 - 2025-03-30T16:15:48.983759, 3.395602950395191, 0.0, -0.9575871035981045, 57.43378371080254, 58.019039231113574, -44.79961110597615, 0.0016000000400000006, 32.56621628919746
2025-03-30 16:16:26,362 - 2025-03-30T16:16:26.362628, 3.394435328378331, 0.0, -0.9569416124473191, 56.307883710285324, 57.980157121780024, -44.81963012506018, 0.0016000000400000006, 33.692116289714676
2025-03-30 16:16:26,381 - 2025-03-30T16:16:26.381021, 3.3934240748293902, 0.0, -0.9565709829021474, 55.427583709884686, 57.946664549054105, -44.83079469980508, 0.0016000000400000006, 34.572416290115314
2025-03-30 16:16:26,400 - 2025-03-30T16:16:26.400882, 3.3920711380399435, 0.0, -0.9564311185258321, 54.51798370947407, 57.90220015234808, -44.834067432526155, 0.0016000000400000006, 35.482016290525934
2025-03-30 16:16:26,420 - 2025-03-30T16:16:26.420929, 3.3905769829146672, 0.0, -0.9562988292155623, 53.85648370917761, 57.853116070584875, -44.83695523947199, 0.0016000000400000006, 36.14351629082239
2025-03-30 16:16:26,523 - 2025-03-30T16:16:26.523344, 3.3874874888865, 0.0, -0.9515076887824381, 52.71128370866838, 57.74724996730827, -44.990945700968545, 0.0016000000400000006, 37.28871629133162
2025-03-30 16:16:26,544 - 2025-03-30T16:16:26.544451, 3.386713221612947, 0.0, -0.9502745990902, 51.92748370832278, 57.72068721004533, -45.030598237606974, 0.0016000000400000006, 38.07251629167722
2025-03-30 16:16:26,561 - 2025-03-30T16:16:26.561593, 3.3859830507761504, 0.0, -0.948543457689536, 51.38318370808412, 57.695087055097645, -45.086612134833146, 0.0016000000400000006, 38.61681629191588
2025-03-30 16:16:26,602 - 2025-03-30T16:16:26.602267, 3.385057282181694, 0.0, -0.9444860012807106, 50.89508370787103, 57.660825782330065, -45.218658372615096, 0.0016000000400000006, 39.10491629212897
2025-03-30 16:16:26,661 - 2025-03-30T16:16:26.661109, 3.3848059510426896, 0.0, -0.9384804344749407, 51.52258370814514, 57.646776279411334, -45.41518745043269, 0.0016000000400000006, 38.47741629185486
2025-03-30 16:16:26,700 - 2025-03-30T16:16:26.700854, 3.3843114125217664, 0.0, -0.9345414712038087, 52.23498370845809, 57.62675898759051, -45.543768780483184, 0.0016000000400000006, 37.76501629154191
2025-03-30 16:16:26,721 - 2025-03-30T16:16:26.721042, 3.3834538195217165, 0.0, -0.9317549798174478, 52.785883708701405, 57.59596204680001, -45.63423785275054, 0.0016000000400000006, 37.214116291298595
2025-03-30 16:16:26,741 - 2025-03-30T16:16:26.741134, 3.382306214783963, 0.0, -0.9288424202273475, 53.47018370900525, 57.55554081011994, -45.72855675852462, 0.0016000000400000006, 36.52981629099475
2025-03-30 16:16:26,761 - 2025-03-30T16:16:26.761376, 3.3805785865708016, 0.0, -0.9256777242297698, 54.220783709340665, 57.495870981660694, -45.830575331312104, 0.0016000000400000006, 35.779216290659335
2025-03-30 16:16:26,782 - 2025-03-30T16:16:26.782849, 3.37817381298316, 0.0, -0.9217704151823325, 55.14778370975802, 57.413295478680396, -45.95627000592558, 0.0016000000400000006, 34.85221629024198
2025-03-30 16:16:26,801 - 2025-03-30T16:16:26.801589, 3.37602252976251, 0.0, -0.9186284443828896, 55.77998371004466, 57.33976659504961, -46.057133801387394, 0.0016000000400000006, 34.22001628995534
2025-03-30 16:16:26,840 - 2025-03-30T16:16:26.840879, 3.3718914819212213, 0.0, -0.9129018010612762, 56.46298371035624, 57.198868215946156, -46.240767577857554, 0.0016000000400000006, 33.53701628964376
2025-03-30 16:16:26,901 - 2025-03-30T16:16:26.901332, 3.365459552188934, 0.0, -0.9104851339516129, 56.8108837105157, 56.985786178284805, -46.31372223947473, 0.0016000000400000006, 33.1891162894843
2025-03-30 16:16:26,981 - 2025-03-30T16:16:26.981781, 3.3601435729707063, 0.0, -0.9090707913653322, 56.197683710234976, 56.81023872186651, -46.35491620647727, 0.0016000000400000006, 33.802316289765024
2025-03-30 16:16:27,022 - 2025-03-30T16:16:27.022495, 3.35611857605405, 0.0, -0.905321204745329, 55.68508371000153, 56.67472930361631, -46.473874392146996, 0.0016000000400000006, 34.31491628999847
2025-03-30 16:16:27,061 - 2025-03-30T16:16:27.061660, 3.3501592649130245, 0.0, -0.8998342556181322, 55.27618370981609, 56.47415994454479, -46.64788444848197, 0.0016000000400000006, 34.72381629018391
2025-03-30 16:16:27,101 - 2025-03-30T16:16:27.101687, 3.342169871608072, 0.0, -0.8934648290647615, 55.31778370983493, 56.206220514246205, -46.84884333936397, 0.0016000000400000006, 34.68221629016507
2025-03-30 16:16:27,141 - 2025-03-30T16:16:27.141618, 3.3330431565504393, 0.0, -0.8870147847039229, 55.12798370974907, 55.900938677714954, -47.05134250910128, 0.0016000000400000006, 34.87201629025093
2025-03-30 16:16:27,183 - 2025-03-30T16:16:27.183595, 3.322943063274092, 0.0, -0.8809002024770591, 55.20188370978247, 55.56408889733396, -47.241907828297634, 0.0016000000400000006, 34.79811629021753
2025-03-30 16:16:27,221 - 2025-03-30T16:16:27.221084, 3.313111610496827, 0.0, -0.8758333951698476, 56.073283710178224, 55.237055587852936, -47.398402898228014, 0.0016000000400000006, 33.926716289821776
2025-03-30 16:16:27,241 - 2025-03-30T16:16:27.241275, 3.3077942773190845, 0.0, -0.8730736908601648, 56.65328371044339, 55.06016117909852, -47.483676336161366, 0.0016000000400000006, 33.34671628955662
2025-03-30 16:16:27,261 - 2025-03-30T16:16:27.261400, 3.302194507469684, 0.0, -0.8703291366825718, 57.26128371072294, 54.87402740022981, -47.56817992254429, 0.0016000000400000006, 32.73871628927706
2025-03-30 16:16:27,288 - 2025-03-30T16:16:27.288138, 3.2953678690345756, 0.0, -0.867154706390961, 57.965583711048794, 54.64727905816175, -47.665580537537814, 0.0016000000400000006, 32.034416288951206
2025-03-30 16:16:27,301 - 2025-03-30T16:16:27.301505, 3.2902069043247533, 0.0, -0.8646698636868915, 58.39848371125018, 54.475774186014995, -47.74199953113206, 0.0016000000400000006, 31.60151628874982
2025-03-30 16:16:27,321 - 2025-03-30T16:16:27.321348, 3.2837522493943307, 0.0, -0.8618295415697403, 58.70588371139369, 54.26153737102794, -47.828813247920756, 0.0016000000400000006, 31.294116288606315
2025-03-30 16:16:27,341 - 2025-03-30T16:16:27.341645, 3.2769924325941147, 0.0, -0.858580714577192, 58.922683711495196, 54.03690640860088, -47.928716168330496, 0.0016000000400000006, 31.077316288504807
2025-03-30 16:16:27,362 - 2025-03-30T16:16:27.362848, 3.2695113739826613, 0.0, -0.8550873262432099, 59.2767837116614, 53.788407169337454, -48.03593382997847, 0.0016000000400000006, 30.723216288338595
2025-03-30 16:16:27,382 - 2025-03-30T16:16:27.382209, 3.2624691205107865, 0.0, -0.8518536493827518, 59.64898371183674, 53.55453683679603, -48.13506689883776, 0.0016000000400000006, 30.351016288163258
2025-03-30 16:16:27,401 - 2025-03-30T16:16:27.401831, 3.2548985150663055, 0.0, -0.8480110027422194, 60.00498371200507, 53.30276544056594, -48.253641310241036, 0.0016000000400000006, 29.99501628799493
2025-03-30 16:16:27,423 - 2025-03-30T16:16:27.423245, 3.2472383627887966, 0.0, -0.8438190977951359, 60.192483712093974, 53.04772188736918, -48.38357247139965, 0.0016000000400000006, 29.807516287906026
2025-03-30 16:16:27,441 - 2025-03-30T16:16:27.441266, 3.239637457080135, 0.0, -0.8394115778112861, 60.29498371214263, 52.79441078803816, -48.52062562303163, 0.0016000000400000006, 29.70501628785737
2025-03-30 16:16:27,462 - 2025-03-30T16:16:27.462062, 3.2314489528300205, 0.0, -0.8346107030841288, 60.38138371218368, 52.52146617115275, -48.669998126734214, 0.0016000000400000006, 29.618616287816327
2025-03-30 16:16:27,481 - 2025-03-30T16:16:27.481065, 3.223825321923224, 0.0, -0.8297795280927907, 60.376583712181414, 52.26700029449605, -48.82091033353774, 0.0016000000400000006, 29.62341628781859
2025-03-30 16:16:27,501 - 2025-03-30T16:16:27.501001, 3.2159633507815246, 0.0, -0.8244654515251177, 60.31518371215222, 52.00425765004027, -48.987414049378515, 0.0016000000400000006, 29.684816287847784
2025-03-30 16:16:27,522 - 2025-03-30T16:16:27.522066, 3.207952586237951, 0.0, -0.8190177316876608, 60.267783712129706, 51.73651039475211, -49.15815252450124, 0.0016000000400000006, 29.732216287870298
2025-03-30 16:16:27,543 - 2025-03-30T16:16:27.543423, 3.1993466480868795, 0.0, -0.8130354387710668, 60.364983712175906, 51.448744696134284, -49.345830036751764, 0.0016000000400000006, 29.635016287824094
2025-03-30 16:16:27,561 - 2025-03-30T16:16:27.561310, 3.1919827286536058, 0.0, -0.8077654586401506, 60.51298371224631, 51.20236341226624, -49.511371150277256, 0.0016000000400000006, 29.487016287753693
2025-03-30 16:16:27,581 - 2025-03-30T16:16:27.581586, 3.184157278882618, 0.0, -0.8018121120282227, 60.56768371227237, 50.94019844435051, -49.69885591176296, 0.0016000000400000006, 29.43231628772763
2025-03-30 16:16:27,601 - 2025-03-30T16:16:27.601427, 3.176183035709756, 0.0, -0.7957251221465116, 60.42668371220522, 50.67302886560238, -49.890575432530575, 0.0016000000400000006, 29.573316287794782
2025-03-30 16:16:27,622 - 2025-03-30T16:16:27.622457, 3.168059999135019, 0.0, -0.7895044889950151, 60.15418371207581, 50.40085467602184, -50.086529712580166, 0.0016000000400000006, 29.845816287924187
2025-03-30 16:16:27,644 - 2025-03-30T16:16:27.644915, 3.160137427464959, 0.0, -0.7830606657407073, 59.8038837119099, 50.13503262536423, -50.289990908878366, 0.0016000000400000006, 30.196116288090103
2025-03-30 16:16:27,660 - 2025-03-30T16:16:27.660880, 3.152043337194889, 0.0, -0.7760595442091276, 59.464083711749566, 49.86305118654851, -50.511545919630024, 0.0016000000400000006, 30.53591628825043
2025-03-30 16:16:27,681 - 2025-03-30T16:16:27.681542, 3.144067740062512, 0.0, -0.768627192604014, 59.23458371164154, 49.594534655464244, -50.74734491132847, 0.0016000000400000006, 30.765416288358463
2025-03-30 16:16:27,706 - 2025-03-30T16:16:27.706018, 3.1358462276291883, 0.0, -0.7605707210867365, 59.06698371156285, 49.3173564308057, -51.003355097121336, 0.0016000000400000006, 30.933016288437152
2025-03-30 16:16:27,722 - 2025-03-30T16:16:27.721982, 3.1280635203354428, 0.0, -0.7527739610429824, 58.87248371147166, 49.05480711286915, -51.25128069012553, 0.0016000000400000006, 31.12751628852834
2025-03-30 16:16:27,742 - 2025-03-30T16:16:27.742935, 3.1201244445737784, 0.0, -0.7447023393936147, 58.59668371134266, 48.786868258324965, -51.50806072746887, 0.0016000000400000006, 31.403316288657336
2025-03-30 16:16:27,762 - 2025-03-30T16:16:27.762231, 3.1122673405790957, 0.0, -0.7368387577149682, 58.12388371112234, 48.52181663497222, -51.75810370011406, 0.0016000000400000006, 31.876116288877665
2025-03-30 16:16:27,781 - 2025-03-30T16:16:27.781308, 3.1045590299862877, 0.0, -0.7291088193061057, 57.61728371088738, 48.26176962245187, -52.00391191347732, 0.0016000000400000006, 32.38271628911262
2025-03-30 16:16:27,802 - 2025-03-30T16:16:27.802423, 3.0967246511897404, 0.0, -0.7216688926349475, 57.217983710702974, 47.9978727764248, -52.24009583095096, 0.0016000000400000006, 32.782016289297026
2025-03-30 16:16:27,821 - 2025-03-30T16:16:27.821077, 3.088987394292266, 0.0, -0.7147194426061692, 57.08488371064167, 47.73763301313963, -52.46030331361212, 0.0016000000400000006, 32.91511628935833
2025-03-30 16:16:27,841 - 2025-03-30T16:16:27.841552, 3.0809236042863763, 0.0, -0.7082831944179064, 57.13328371066397, 47.46719127742484, -52.66337958413509, 0.0016000000400000006, 32.86671628933603
2025-03-30 16:16:27,861 - 2025-03-30T16:16:27.861363, 3.0729569361795592, 0.0, -0.7023374228720245, 57.273383710728524, 47.20040662445192, -52.85047941984554, 0.0016000000400000006, 32.726616289271476
2025-03-30 16:16:27,883 - 2025-03-30T16:16:27.883198, 3.065287854876491, 0.0, -0.6966589378657102, 57.358383710767725, 46.94363119314384, -53.02910973699211, 0.0016000000400000006, 32.641616289232275
2025-03-30 16:16:27,900 - 2025-03-30T16:16:27.900897, 3.057418308668747, 0.0, -0.6912036429622086, 57.415983710794315, 46.68050362291284, -53.20023313789005, 0.0016000000400000006, 32.584016289205685
2025-03-30 16:16:27,921 - 2025-03-30T16:16:27.921841, 3.0492890509874795, 0.0, -0.6861871531982837, 57.42258371079738, 46.409291459893154, -53.35672763206605, 0.0016000000400000006, 32.57741628920262
2025-03-30 16:16:27,941 - 2025-03-30T16:16:27.941424, 3.0411005467373657, 0.0, -0.6813862784711269, 57.396583710785364, 46.136346843007765, -53.50610013576863, 0.0016000000400000006, 32.603416289214636
2025-03-30 16:16:27,961 - 2025-03-30T16:16:27.960967, 3.0329120424872507, 0.0, -0.6765854037439696, 57.46338371081622, 45.863402226122346, -53.65547263947121, 0.0016000000400000006, 32.53661628918378
2025-03-30 16:16:27,981 - 2025-03-30T16:16:27.981131, 3.024782784805983, 0.0, -0.6715689139800456, 57.66228371090819, 45.59219006310267, -53.811967133647194, 0.0016000000400000006, 32.33771628909181
2025-03-30 16:16:28,001 - 2025-03-30T16:16:28.001023, 3.0165867054898237, 0.0, -0.6666268209170587, 57.846983710993754, 45.31886052044205, -53.96595932240696, 0.0016000000400000006, 32.153016289006246
2025-03-30 16:16:28,021 - 2025-03-30T16:16:28.021664, 3.007915299663374, 0.0, -0.6620642864248039, 57.95238371104266, 45.03032439451935, -54.107055058310465, 0.0016000000400000006, 32.04761628895734
2025-03-30 16:16:28,041 - 2025-03-30T16:16:28.041563, 2.9991694971359877, 0.0, -0.6574349302976561, 58.05498371109031, 44.739285963180485, -54.25026817385498, 0.0016000000400000006, 31.945016288909688
2025-03-30 16:16:28,060 - 2025-03-30T16:16:28.060962, 2.9902156546378795, 0.0, -0.6528875459374914, 58.19548371115564, 44.44151046714345, -54.39059405820802, 0.0016000000400000006, 31.804516288844365
2025-03-30 16:16:28,081 - 2025-03-30T16:16:28.081595, 2.980838157132283, 0.0, -0.6483628867754616, 58.350083711227626, 44.129875915934875, -54.52976516523539, 0.0016000000400000006, 31.649916288772378
2025-03-30 16:16:28,101 - 2025-03-30T16:16:28.101340, 2.971103826254091, 0.0, -0.6437865561106308, 58.44898371127373, 43.80649968919578, -54.67028380035325, 0.0016000000400000006, 31.55101628872627
2025-03-30 16:16:28,121 - 2025-03-30T16:16:28.121561, 2.960901743931654, 0.0, -0.6397310023523604, 58.40538371125339, 43.46830180496984, -54.7932862975577, 0.0016000000400000006, 31.594616288746607
2025-03-30 16:16:28,141 - 2025-03-30T16:16:28.141848, 2.9509001265138934, 0.0, -0.6354522584912781, 58.19468371115527, 43.13645605966684, -54.92379571101076, 0.0016000000400000006, 31.80531628884473
2025-03-30 16:16:28,161 - 2025-03-30T16:16:28.161505, 2.940831687461241, 0.0, -0.6312479113311333, 57.84358371099219, 42.80249293472286, -55.05180281904761, 0.0016000000400000006, 32.15641628900781
2025-03-30 16:16:28,181 - 2025-03-30T16:16:28.181179, 2.930688851707651, 0.0, -0.6269767425360961, 57.46358371081632, 42.46602750436268, -55.18192730672544, 0.0016000000400000006, 32.53641628918368
2025-03-30 16:16:28,203 - 2025-03-30T16:16:28.203039, 2.919884020711671, 0.0, -0.6222453973628594, 57.16138371067691, 42.10742625103191, -55.32648852611485, 0.0016000000400000006, 32.83861628932309
2025-03-30 16:16:28,221 - 2025-03-30T16:16:28.221771, 2.9108041100098236, 0.0, -0.6179880247403982, 57.028083710615526, 41.80580092148815, -55.45719011457833, 0.0016000000400000006, 32.971916289384474
2025-03-30 16:16:28,241 - 2025-03-30T16:16:28.241866, 2.900556577291116, 0.0, -0.6130851609671515, 56.96718371058752, 41.46529348261084, -55.607910722125844, 0.0016000000400000006, 33.03281628941248
2025-03-30 16:16:28,261 - 2025-03-30T16:16:28.261716, 2.8908739179157257, 0.0, -0.6081519969297249, 56.989883710597965, 41.14326478396224, -55.76017103277425, 0.0016000000400000006, 33.010116289402035
2025-03-30 16:16:28,284 - 2025-03-30T16:16:28.284705, 2.879741199851816, 0.0, -0.6025884918736022, 57.021783710612624, 40.773114605865715, -55.93168051095626, 0.0016000000400000006, 32.978216289387376
2025-03-30 16:16:28,300 - 2025-03-30T16:16:28.300954, 2.871419052331918, 0.0, -0.5979364105483196, 57.021683710612585, 40.495935229698375, -56.07604840382644, 0.0016000000400000006, 32.978316289387415
2025-03-30 16:16:28,321 - 2025-03-30T16:16:28.320970, 2.8617288178904823, 0.0, -0.592862028175063, 56.92478371056803, 40.173521605274544, -56.23292839953204, 0.0016000000400000006, 33.07521628943197
2025-03-30 16:16:28,340 - 2025-03-30T16:16:28.340934, 2.852120555216029, 0.0, -0.5879956857725279, 56.71898371047353, 39.853995212042136, -56.3830713305395, 0.0016000000400000006, 33.28101628952647
2025-03-30 16:16:28,364 - 2025-03-30T16:16:28.363944, 2.8422222808038717, 0.0, -0.5830032751662539, 56.48698371036722, 39.524844522920134, -56.53706409505367, 0.0016000000400000006, 33.51301628963278
2025-03-30 16:16:28,380 - 2025-03-30T16:16:28.380861, 2.8324803748596343, 0.0, -0.5782857261655927, 56.273883710269764, 39.2010833704058, -56.682202415228744, 0.0016000000400000006, 33.726116289730236
2025-03-30 16:16:28,400 - 2025-03-30T16:16:28.400886, 2.8226716472805053, 0.0, -0.5736425738658699, 55.997983710143885, 38.87520483825049, -56.824838429987565, 0.0016000000400000006, 34.002016289856115
2025-03-30 16:16:28,421 - 2025-03-30T16:16:28.421074, 2.813004138037205, 0.0, -0.5689918465001016, 55.57658370995225, 38.553945991152325, -56.967859370521644, 0.0016000000400000006, 34.42341629004775
2025-03-30 16:16:28,441 - 2025-03-30T16:16:28.441797, 2.80383468050233, 0.0, -0.5643852155710896, 55.04618370971211, 38.24904850464192, -57.10991770874044, 0.0016000000400000006, 34.95381629028789
2025-03-30 16:16:28,465 - 2025-03-30T16:16:28.465446, 2.7940259529232008, 0.0, -0.5597420632713659, 54.36958370940741, 37.9231699724866, -57.252553723499304, 0.0016000000400000006, 35.63041629059259
2025-03-30 16:16:28,481 - 2025-03-30T16:16:28.481680, 2.78661171594664, 0.0, -0.5561742782364472, 53.78188370914426, 37.676788112864166, -57.36227369056345, 0.0016000000400000006, 36.21811629085574
2025-03-30 16:16:28,500 - 2025-03-30T16:16:28.500940, 2.7788998921663293, 0.0, -0.5523392066619595, 53.01968370880501, 37.42039703157689, -57.48046317619151, 0.0016000000400000006, 36.98031629119499
2025-03-30 16:16:28,521 - 2025-03-30T16:16:28.521208, 2.772050528533086, 0.0, -0.5487411213628599, 52.056983708379725, 37.19249391218316, -57.5917228463566, 0.0016000000400000006, 37.943016291620275
2025-03-30 16:16:28,541 - 2025-03-30T16:16:28.541500, 2.765855585076187, 0.0, -0.5454619941061307, 51.00918370792077, 36.98634168998477, -57.693165469867274, 0.0016000000400000006, 38.99081629207923
2025-03-30 16:16:28,562 - 2025-03-30T16:16:28.561984, 2.7606794702342734, 0.0, -0.5426947147304029, 49.91768370744693, 36.81406696628754, -57.77882383357585, 0.0016000000400000006, 40.08231629255307
2025-03-30 16:16:28,581 - 2025-03-30T16:16:28.581099, 2.756380965671518, 0.0, -0.5404468583017215, 49.01838370705967, 36.67105005603432, -57.84831301170712, 0.0016000000400000006, 40.98161629294033
2025-03-30 16:16:28,600 - 2025-03-30T16:16:28.600884, 2.7530193179567655, 0.0, -0.5385028097833198, 48.287483706746954, 36.559023413090806, -57.90875499473445, 0.0016000000400000006, 41.712516293253046
2025-03-30 16:16:28,621 - 2025-03-30T16:16:28.621607, 2.7511518253672893, 0.0, -0.5366910505751878, 47.72908370650925, 36.49608085191049, -57.96630917081596, 0.0016000000400000006, 42.27091629349076
2025-03-30 16:16:28,680 - 2025-03-30T16:16:28.680946, 2.7499601241927785, 0.0, -0.5342765426935125, 46.994583706198156, 36.454697012915126, -58.04426671600231, 0.0016000000400000006, 43.005416293801844
2025-03-30 16:16:28,761 - 2025-03-30T16:16:28.761190, 2.7556783871798727, 0.0, -0.5365898667975721, 47.58948370644998, 36.64429569951533, -57.97400711056616, 0.0016000000400000006, 42.41051629355002
2025-03-30 16:16:28,782 - 2025-03-30T16:16:28.782202, 2.7577663619531325, 0.0, -0.5359113674635774, 48.17408370669861, 36.712051272272056, -57.99825973742333, 0.0016000000400000006, 41.82591629330139
2025-03-30 16:16:28,824 - 2025-03-30T16:16:28.824700, 2.761973965723347, 0.0, -0.5364646038623064, 48.99008370704754, 36.85044907322253, -57.98420677997819, 0.0016000000400000006, 41.00991629295246
2025-03-30 16:16:28,861 - 2025-03-30T16:16:28.861172, 2.764491816610626, 0.0, -0.5345592359426048, 50.11928370753411, 36.931101674589925, -58.04907397003464, 0.0016000000400000006, 39.88071629246589
2025-03-30 16:16:28,882 - 2025-03-30T16:16:28.882044, 2.765649155642412, 0.0, -0.5323727853107574, 50.86198370785661, 36.96690495347602, -58.12183357786938, 0.0016000000400000006, 39.13801629214339
2025-03-30 16:16:28,901 - 2025-03-30T16:16:28.901527, 2.765989484923404, 0.0, -0.5307966584184998, 51.40978370809576, 36.976529825120025, -58.17380489082399, 0.0016000000400000006, 38.59021629190424
2025-03-30 16:16:28,941 - 2025-03-30T16:16:28.941366, 2.7655390428392375, 0.0, -0.5263596434389428, 52.01228370836005, 36.957475135614494, -58.318747581462205, 0.0016000000400000006, 37.98771629163995
2025-03-30 16:16:28,982 - 2025-03-30T16:16:28.982481, 2.7636839924628225, 0.0, -0.5221395974556668, 51.48788370812994, 36.89260852131241, -58.45522132929092, 0.0016000000400000006, 38.512116291870065
2025-03-30 16:16:29,001 - 2025-03-30T16:16:29.001206, 2.7627003312590337, 0.0, -0.5196431178070089, 50.99248370791349, 36.857961747015196, -58.53606610566872, 0.0016000000400000006, 39.00751629208651
2025-03-30 16:16:29,041 - 2025-03-30T16:16:29.041347, 2.760420271915617, 0.0, -0.5141004352984675, 50.27358370760098, 36.77788912520551, -58.71546454710253, 0.0016000000400000006, 39.72641629239902
2025-03-30 16:16:29,101 - 2025-03-30T16:16:29.101452, 2.756810000980888, 0.0, -0.5088415434210982, 49.512483707272104, 36.65450688401547, -58.884276666085896, 0.0016000000400000006, 40.487516292727896
2025-03-30 16:16:29,121 - 2025-03-30T16:16:29.121549, 2.7567191001883464, 0.0, -0.5071469233911463, 48.955283707032606, 36.649887774712695, -58.939712886772, 0.0016000000400000006, 41.044716292967394
2025-03-30 16:16:29,141 - 2025-03-30T16:16:29.141865, 2.7569636615297792, 0.0, -0.5064256815799091, 48.13318370668119, 36.6572025159509, -58.963581163608346, 0.0016000000400000006, 41.86681629331881
2025-03-30 16:16:29,161 - 2025-03-30T16:16:29.161470, 2.7571944266986366, 0.0, -0.5067673648204147, 47.25718370630918, 36.66509435797475, -58.95260933962825, 0.0016000000400000006, 42.74281629369082
2025-03-30 16:16:29,183 - 2025-03-30T16:16:29.183679, 2.758837375225787, 0.0, -0.507033297400469, 46.525983706000595, 36.71918305057035, -58.94548677340046, 0.0016000000400000006, 43.474016293999405
2025-03-30 16:16:29,220 - 2025-03-30T16:16:29.220815, 2.763884713944932, 0.0, -0.5073998650670979, 46.14148370583899, 36.88491403608864, -58.93836305566387, 0.0016000000400000006, 43.85851629416101
2025-03-30 16:16:29,262 - 2025-03-30T16:16:29.262064, 2.7714401692573225, 0.0, -0.510960075035972, 46.605683706034135, 37.135915580768255, -58.82902801437493, 0.0016000000400000006, 43.394316293965865
2025-03-30 16:16:29,301 - 2025-03-30T16:16:29.301757, 2.7799993030526093, 0.0, -0.5147496962141878, 46.861683706142045, 37.42002477239859, -58.71314808339829, 0.0016000000400000006, 43.138316293857955
2025-03-30 16:16:29,321 - 2025-03-30T16:16:29.321198, 2.785227089397323, 0.0, -0.5171601422173202, 47.012783706205845, 37.5936470241863, -58.639231395220236, 0.0016000000400000006, 42.987216293794155
2025-03-30 16:16:29,361 - 2025-03-30T16:16:29.361347, 2.79443928940944, 0.0, -0.5199233597145057, 48.05228370664672, 37.898160160675886, -58.557613888519946, 0.0016000000400000006, 41.94771629335328
2025-03-30 16:16:29,381 - 2025-03-30T16:16:29.381042, 2.7989899303796744, 0.0, -0.5215911926677794, 48.79518370696398, 38.04887673794256, -58.507373302167856, 0.0016000000400000006, 41.20481629303602
2025-03-30 16:16:29,401 - 2025-03-30T16:16:29.401624, 2.8031685878452226, 0.0, -0.5229249174465926, 49.66968370733985, 38.187081788128204, -58.46771961402061, 0.0016000000400000006, 40.33031629266015
2025-03-30 16:16:29,421 - 2025-03-30T16:16:29.421948, 2.807072383705157, 0.0, -0.5244150106933256, 50.43648370767164, 38.31643239397475, -58.42267638926573, 0.0016000000400000006, 39.56351629232836
2025-03-30 16:16:29,441 - 2025-03-30T16:16:29.441159, 2.8101288695501156, 0.0, -0.5259505543363296, 51.090883707956415, 38.418064889478224, -58.37532360985947, 0.0016000000400000006, 38.909116292043585
2025-03-30 16:16:29,461 - 2025-03-30T16:16:29.461558, 2.8131261088262263, 0.0, -0.5277017130160999, 51.73978370824037, 38.51796493111593, -58.32084883997983, 0.0016000000400000006, 38.26021629175963
2025-03-30 16:16:29,502 - 2025-03-30T16:16:29.502077, 2.8177600755229575, 0.0, -0.5309229476634969, 52.537583708591605, 38.67291569191015, -58.219791717998774, 0.0016000000400000006, 37.462416291408395
2025-03-30 16:16:29,621 - 2025-03-30T16:16:29.621140, 2.8218897694047325, 0.0, -0.5353042292617087, 51.507683708138615, 38.812467118677496, -58.080237412459404, 0.0016000000400000006, 38.492316291861385
2025-03-30 16:16:29,641 - 2025-03-30T16:16:29.641398, 2.824565342719445, 0.0, -0.5350190846710214, 52.540583708592905, 38.89985620898862, -58.092170687245975, 0.0016000000400000006, 37.459416291407095
2025-03-30 16:16:29,661 - 2025-03-30T16:16:29.661574, 2.8276445537625388, 0.0, -0.5369782833215142, 51.25958370803007, 39.002643481817785, -58.03095885266815, 0.0016000000400000006, 38.74041629196993
2025-03-30 16:16:29,721 - 2025-03-30T16:16:29.721657, 2.826740705097744, 0.0, -0.5399300722013542, 51.76098370824966, 38.9758868222812, -57.93336836568182, 0.0016000000400000006, 38.23901629175034
2025-03-30 16:16:29,763 - 2025-03-30T16:16:29.763497, 2.8265919116958695, 0.0, -0.5397964289315698, 52.363983708514965, 38.97088221144878, -57.93760312496377, 0.0016000000400000006, 37.636016291485035
2025-03-30 16:16:29,786 - 2025-03-30T16:16:29.786446, 2.826106302200506, 0.0, -0.537344045719669, 52.896983708750604, 38.952596797739304, -58.01748529902628, 0.0016000000400000006, 37.103016291249396
2025-03-30 16:16:29,822 - 2025-03-30T16:16:29.822907, 2.8294963475288837, 0.0, -0.5305766538534078, 53.00458370879831, 39.05711940320622, -58.24250118722858, 0.0016000000400000006, 36.99541629120169
2025-03-30 16:16:29,842 - 2025-03-30T16:16:29.842674, 2.8320431447208287, 0.0, -0.5278907975536216, 53.555383709043234, 39.137964755338416, -58.33296910798714, 0.0016000000400000006, 36.444616290956766
2025-03-30 16:16:29,881 - 2025-03-30T16:16:29.881102, 2.8302741279899393, 0.0, -0.5279148767112711, 52.592083708615675, 39.0800262292361, -58.330467378325345, 0.0016000000400000006, 37.407916291384325
2025-03-30 16:16:29,922 - 2025-03-30T16:16:29.921991, 2.830823851201166, 0.0, -0.527602139775432, 53.30008370892957, 39.09773511791433, -58.34124645154061, 0.0016000000400000006, 36.69991629107043
2025-03-30 16:16:35,740 - 2025-03-30T16:16:35.740891, 2.8275896256496673, 0.0, -0.5267134412427277, 53.79258370914906, 38.99090526081365, -58.36723325952675, 0.0016000000400000006, 36.20741629085094
2025-03-30 16:16:37,541 - 2025-03-30T16:16:37.541529, 2.82802978474876, 0.0, -0.5283185144396523, 53.29688370892814, 39.00688111987174, -58.315069195807304, 0.0016000000400000006, 36.70311629107186
2025-03-30 16:16:39,521 - 2025-03-30T16:16:39.521793, 2.8281772241911205, 0.0, -0.5271067959860352, 53.79218370914888, 39.01053877836805, -58.354913907456144, 0.0016000000400000006, 36.20781629085113
2025-03-30 16:17:11,601 - 2025-03-30T16:17:11.601421, 2.8331921034180967, 0.0, -0.532148718867123, 53.692283709104274, 39.179732944354605, -58.19457073128227, 0.0016000000400000006, 36.307716290895726
2025-03-30 16:17:11,681 - 2025-03-30T16:17:11.681538, 2.839916752807116, 0.0, -0.537382177627328, 53.61728370907082, 39.405133182577735, -58.02960729429681, 0.0016000000400000006, 36.38271629092918
2025-03-30 16:17:11,741 - 2025-03-30T16:17:11.741300, 2.8470877824017586, 0.0, -0.5430165661968855, 53.371483708961314, 39.6455472532981, -57.85193957946552, 0.0016000000400000006, 36.628516291038686
2025-03-30 16:17:11,781 - 2025-03-30T16:17:11.781710, 2.852265251203186, 0.0, -0.5471292072960146, 53.23318370889982, 39.81916892933143, -57.72220174482615, 0.0016000000400000006, 36.76681629110018
2025-03-30 16:17:11,821 - 2025-03-30T16:17:11.821197, 2.857368323303676, 0.0, -0.5511750267602524, 53.06528370882524, 39.99028829994856, -57.59458128982772, 0.0016000000400000006, 36.93471629117476
2025-03-30 16:17:11,861 - 2025-03-30T16:17:11.860985, 2.86246382033812, 0.0, -0.5550796278886603, 53.062883708824174, 40.16102274479043, -57.4715805198865, 0.0016000000400000006, 36.937116291175826
2025-03-30 16:17:11,922 - 2025-03-30T16:17:11.922614, 2.869478481464843, 0.0, -0.5604391548526042, 52.915883708759, 40.39604727890315, -57.30276724939432, 0.0016000000400000006, 37.084116291241
2025-03-30 16:17:11,982 - 2025-03-30T16:17:11.982754, 2.875972365685006, 0.0, -0.5653309303723031, 52.80388370870937, 40.613555675102454, -57.14877563638898, 0.0016000000400000006, 37.19611629129063
2025-03-30 16:17:12,041 - 2025-03-30T16:17:12.041022, 2.8817966795967327, 0.0, -0.5696213111779738, 52.6850837086568, 40.80854332255591, -57.013840440152364, 0.0016000000400000006, 37.3149162913432
2025-03-30 16:17:12,101 - 2025-03-30T16:17:12.101250, 2.8871973385009717, 0.0, -0.5739344171817793, 52.473583708563325, 40.98967191483786, -56.877750466590065, 0.0016000000400000006, 37.526416291436675
2025-03-30 16:17:12,161 - 2025-03-30T16:17:12.161433, 2.8929107343410494, 0.0, -0.5787972463968121, 52.32108370849605, 41.181579580335054, -56.72395160434953, 0.0016000000400000006, 37.67891629150395
2025-03-30 16:17:12,221 - 2025-03-30T16:17:12.221500, 2.899040210122571, 0.0, -0.5834961320778804, 52.1146837084051, 41.38696137522858, -56.57592720449185, 0.0016000000400000006, 37.8853162915949
2025-03-30 16:17:12,282 - 2025-03-30T16:17:12.282006, 2.9056160661097152, 0.0, -0.5885959475683009, 52.00238370835569, 41.60735700261928, -56.41519852678834, 0.0016000000400000006, 37.99761629164431
2025-03-30 16:17:12,342 - 2025-03-30T16:17:12.342525, 2.912489508900609, 0.0, -0.5939630495982899, 51.82498370827774, 41.837761851674834, -56.24600033052094, 0.0016000000400000006, 38.17501629172226
2025-03-30 16:17:12,403 - 2025-03-30T16:17:12.403753, 2.919496594961287, 0.0, -0.5991813582264038, 51.669983708209735, 42.07240146001232, -56.08180674508597, 0.0016000000400000006, 38.330016291790265
2025-03-30 16:17:12,461 - 2025-03-30T16:17:12.461328, 2.9261619977814597, 0.0, -0.6046304320233755, 51.48818370813009, 42.29606924436975, -55.90972131762713, 0.0016000000400000006, 38.51181629186991
2025-03-30 16:17:12,521 - 2025-03-30T16:17:12.521118, 2.9328425507337217, 0.0, -0.6103619424920055, 51.35268370807079, 42.52050688027758, -55.72839652005395, 0.0016000000400000006, 38.64731629192921
2025-03-30 16:17:12,583 - 2025-03-30T16:17:12.583257, 2.9393591601520193, 0.0, -0.6156773730191931, 51.25408370802766, 42.73917005380256, -55.560545851877045, 0.0016000000400000006, 38.74591629197234
2025-03-30 16:17:12,641 - 2025-03-30T16:17:12.641822, 2.9454293893646937, 0.0, -0.6205918737370277, 51.15188370798304, 42.94281939483033, -55.40539946154598, 0.0016000000400000006, 38.84811629201696
2025-03-30 16:17:12,701 - 2025-03-30T16:17:12.701225, 2.9513584002415385, 0.0, -0.6255139495209074, 50.95218370789592, 43.14184905080092, -55.249868145439706, 0.0016000000400000006, 39.04781629210408
2025-03-30 16:17:12,760 - 2025-03-30T16:17:12.760934, 2.9575106012211947, 0.0, -0.6306364902094632, 50.830683707843, 43.34838562302011, -55.087984690410515, 0.0016000000400000006, 39.169316292157
2025-03-30 16:17:12,822 - 2025-03-30T16:17:12.821962, 2.9634471871640846, 0.0, -0.6356997843291725, 50.694183707783594, 43.54780020476593, -54.92783368924705, 0.0016000000400000006, 39.305816292216406
2025-03-30 16:17:12,881 - 2025-03-30T16:17:12.881069, 2.9695918130776966, 0.0, -0.6406811066818996, 50.60928370774667, 43.75395185120991, -54.77056991927502, 0.0016000000400000006, 39.39071629225333
2025-03-30 16:17:12,941 - 2025-03-30T16:17:12.941208, 2.9758259858243354, 0.0, -0.6460116873411774, 50.545183707718806, 43.96337565462055, -54.60194939954766, 0.0016000000400000006, 39.454816292281194
2025-03-30 16:17:13,000 - 2025-03-30T16:17:13.000881, 2.9820828837691096, 0.0, -0.6517659230079422, 50.45958370768163, 44.173954235356874, -54.4194698246488, 0.0016000000400000006, 39.54041629231837
2025-03-30 16:17:13,061 - 2025-03-30T16:17:13.061316, 2.9882426598148113, 0.0, -0.657029682032328, 50.42718370766759, 44.3808757333513, -54.25296668456241, 0.0016000000400000006, 39.57281629233241
2025-03-30 16:17:13,121 - 2025-03-30T16:17:13.121887, 2.9950568560368582, 0.0, -0.6626123990990838, 50.42018370766454, 44.609548128541114, -54.07664649782163, 0.0016000000400000006, 39.57981629233546
2025-03-30 16:17:13,180 - 2025-03-30T16:17:13.180939, 3.001573465455156, 0.0, -0.6679278296262705, 50.3907837076518, 44.828211302066094, -53.90879582964476, 0.0016000000400000006, 39.60921629234821
2025-03-30 16:17:13,242 - 2025-03-30T16:17:13.242331, 3.0076588447999204, 0.0, -0.6731247670157643, 50.366583707641304, 45.03263049464433, -53.74441006919934, 0.0016000000400000006, 39.633416292358696
2025-03-30 16:17:13,303 - 2025-03-30T16:17:13.303432, 3.0140266608163433, 0.0, -0.678306554273167, 50.36858370764216, 45.246289057336895, -53.5807941603044, 0.0016000000400000006, 39.63141629235784
2025-03-30 16:17:13,361 - 2025-03-30T16:17:13.361703, 3.019814453357359, 0.0, -0.6832362051230918, 50.21048370757361, 45.440699028250314, -53.424877918422894, 0.0016000000400000006, 39.78951629242639
2025-03-30 16:17:13,421 - 2025-03-30T16:17:13.421094, 3.025892257636078, 0.0, -0.688291924176756, 50.20248370757017, 45.64473329505331, -53.26511184303465, 0.0016000000400000006, 39.79751629242983
2025-03-30 16:17:13,481 - 2025-03-30T16:17:13.481115, 3.0318956652138604, 0.0, -0.6932808215955282, 50.11308370753145, 45.846265256440105, -53.1074631472874, 0.0016000000400000006, 39.88691629246855
2025-03-30 16:17:13,542 - 2025-03-30T16:17:13.542816, 3.038107112762364, 0.0, -0.6981877472473177, 50.19548370756712, 46.05453428252504, -52.952701682731565, 0.0016000000400000006, 39.80451629243288
2025-03-30 16:17:13,600 - 2025-03-30T16:17:13.600909, 3.0443261353769127, 0.0, -0.7032358912349364, 50.23498370758422, 46.263188234385225, -52.79332053311858, 0.0016000000400000006, 39.76501629241579
2025-03-30 16:17:13,661 - 2025-03-30T16:17:13.661026, 3.0505603081235515, 0.0, -0.7085664718942137, 50.153783707549074, 46.47261203779584, -52.62470001339123, 0.0016000000400000006, 39.84621629245093
2025-03-30 16:17:13,727 - 2025-03-30T16:17:13.727690, 3.056994945774867, 0.0, -0.7136738624506798, 50.32908370762503, 46.688387980129406, -52.46358640991248, 0.0016000000400000006, 39.67091629237497
2025-03-30 16:17:13,782 - 2025-03-30T16:17:13.781988, 3.0634523086243175, 0.0, -0.7192049080146337, 50.27928370760343, 46.905318699788644, -52.28861375126221, 0.0016000000400000006, 39.72071629239657
2025-03-30 16:17:13,840 - 2025-03-30T16:17:13.840844, 3.0702437796482287, 0.0, -0.7243639700739011, 50.33898370762932, 47.13283631765276, -52.12615261969297, 0.0016000000400000006, 39.66101629237068
2025-03-30 16:17:13,902 - 2025-03-30T16:17:13.902621, 3.0765964455325614, 0.0, -0.729263320659645, 50.42318370766587, 47.34572502879487, -51.971776080912385, 0.0016000000400000006, 39.57681629233413
2025-03-30 16:17:13,962 - 2025-03-30T16:17:13.962171, 3.0830386582499223, 0.0, -0.7345119295519407, 50.57678370773256, 47.56188589690367, -51.80604279237646, 0.0016000000400000006, 39.42321629226744
2025-03-30 16:17:14,021 - 2025-03-30T16:17:14.021090, 3.089450570703102, 0.0, -0.7391956651009179, 50.658683707768134, 47.776507061911516, -51.65878824406926, 0.0016000000400000006, 39.341316292231866
2025-03-30 16:17:14,081 - 2025-03-30T16:17:14.081802, 3.0959520299893093, 0.0, -0.7442286589564464, 50.72938370779891, 47.99440038388604, -51.50017694600672, 0.0016000000400000006, 39.27061629220109
2025-03-30 16:17:14,141 - 2025-03-30T16:17:14.141894, 3.1021042309689655, 0.0, -0.7493511996450026, 50.87288370786137, 48.200936956105224, -51.33829349097751, 0.0016000000400000006, 39.12711629213863
2025-03-30 16:17:14,202 - 2025-03-30T16:17:14.202295, 3.1083749250863164, 0.0, -0.7540425102600254, 51.0156837079236, 48.41093843605593, -51.190654016895074, 0.0016000000400000006, 38.9843162920764
2025-03-30 16:17:14,261 - 2025-03-30T16:17:14.261008, 3.114132417363151, 0.0, -0.7584072877666332, 51.078883707951185, 48.6038087038684, -51.053216515242255, 0.0016000000400000006, 38.921116292048815
2025-03-30 16:17:14,341 - 2025-03-30T16:17:14.341242, 3.120046278107906, 0.0, -0.7630469268788542, 51.08648370795449, 48.802068508288556, -50.906924569250336, 0.0016000000400000006, 38.91351629204551
