Timestamp,d_laser_x,d_laser_z,laser_x,laser_z,X,Y,Z,Yaw,Roll,Pitch
1741334467.84,3.896,2.082,0.354,-0.422,0.6449,-0.8737,-5.0415,55.6427,-0.4487,92.2278
1741334467.919,3.897,2.083,0.353,-0.423,0.6448,-0.8738,-5.0415,55.6432,-0.449,92.22
1741334467.999,3.896,2.083,0.354,-0.423,0.6449,-0.8738,-5.0415,55.6447,-0.4426,92.218
1741334468.078,3.893,2.084,0.357,-0.424,0.6449,-0.8738,-5.0414,55.6414,-0.4476,92.215
1741334468.158,3.893,2.084,0.357,-0.424,0.6449,-0.8738,-5.0415,55.6495,-0.4577,92.2248
1741334468.238,3.894,2.083,0.356,-0.423,0.6448,-0.8737,-5.0415,55.6439,-0.4561,92.231
1741334468.317,3.892,2.083,0.358,-0.423,0.6448,-0.8738,-5.0416,55.6515,-0.4697,92.2399
1741334468.397,3.895,2.084,0.355,-0.424,0.6449,-0.8737,-5.0416,55.6426,-0.4749,92.2439
1741334468.477,3.897,2.084,0.353,-0.424,0.6448,-0.8738,-5.0415,55.6534,-0.4793,92.2532
1741334468.557,3.897,2.084,0.353,-0.424,0.6448,-0.8737,-5.0416,55.6477,-0.4812,92.2502
1741334468.636,3.895,2.083,0.355,-0.423,0.6449,-0.8739,-5.0415,55.6675,-0.4802,92.2621
1741334468.716,3.893,2.083,0.357,-0.423,0.6449,-0.8738,-5.0416,55.6598,-0.4933,92.2677
1741334468.795,3.896,2.084,0.354,-0.424,0.6449,-0.8739,-5.0416,55.6609,-0.493,92.2676
1741334468.875,3.894,2.083,0.356,-0.423,0.6449,-0.8738,-5.0415,55.6549,-0.4889,92.255
1741334468.955,3.894,2.083,0.356,-0.423,0.6449,-0.8737,-5.0416,55.6559,-0.4725,92.252
1741334469.034,3.895,2.083,0.355,-0.423,0.6448,-0.8739,-5.0416,55.6568,-0.4899,92.2663
1741334469.114,3.893,2.084,0.357,-0.424,0.6448,-0.8739,-5.0416,55.6468,-0.5027,92.2785
1741334469.193,3.894,2.083,0.356,-0.423,0.6449,-0.8738,-5.0416,55.6318,-0.4834,92.2426
1741334469.273,3.895,2.083,0.355,-0.423,0.6449,-0.8738,-5.0416,55.6419,-0.4755,92.2456
1741334469.353,3.895,2.083,0.355,-0.423,0.6449,-0.8738,-5.0416,55.6383,-0.4553,92.2363
1741334469.432,3.895,2.083,0.355,-0.423,0.6449,-0.8739,-5.0416,55.6395,-0.4636,92.2327
1741334469.512,3.896,2.082,0.354,-0.422,0.6448,-0.8739,-5.0416,55.637,-0.4699,92.2442
1741334469.592,3.896,2.083,0.354,-0.423,0.6449,-0.8739,-5.0416,55.6506,-0.4859,92.2388
1741334469.671,3.897,2.084,0.353,-0.424,0.6448,-0.8738,-5.0416,55.6527,-0.4879,92.2378
1741334469.751,3.897,2.084,0.353,-0.424,0.6449,-0.8739,-5.0416,55.6527,-0.4746,92.2369
1741334469.831,3.896,2.083,0.354,-0.423,0.6448,-0.8739,-5.0416,55.6547,-0.4608,92.229
1741334469.91,3.895,2.083,0.355,-0.423,0.6448,-0.8739,-5.0416,55.6524,-0.4726,92.2332
1741334469.99,3.895,2.084,0.355,-0.424,0.6429,-0.8739,-5.0402,55.7075,-0.5262,92.3295
1741334470.07,3.897,2.085,0.353,-0.425,0.6366,-0.8739,-5.0359,55.6935,-0.573,92.2493
1741334470.149,3.897,2.085,0.353,-0.425,0.6269,-0.8746,-5.0295,55.5159,-0.5148,92.1993
1741334470.229,3.889,2.082,0.361,-0.422,0.6157,-0.8751,-5.0217,55.5122,-0.3986,92.1378
1741334470.309,3.874,2.083,0.376,-0.423,0.6051,-0.8751,-5.0144,55.4895,-0.3583,92.1312
1741334470.388,3.861,2.081,0.389,-0.421,0.5958,-0.8753,-5.0081,55.4065,-0.2472,92.07
1741334470.468,3.845,2.083,0.405,-0.423,0.5876,-0.8755,-5.0023,55.2549,-0.2107,92.0573
1741334470.547,3.845,2.083,0.405,-0.423,0.5801,-0.876,-4.9971,55.2174,-0.2273,92.1184
1741334470.627,3.829,2.084,0.421,-0.424,0.5726,-0.8761,-4.9918,55.135,-0.27,92.1641
1741334470.707,3.82,2.086,0.43,-0.426,0.5644,-0.8765,-4.9856,55.0483,-0.3823,92.2774
1741334470.786,3.806,2.087,0.444,-0.427,0.5546,-0.8764,-4.9791,55.0417,-0.3113,92.1869
1741334470.866,3.794,2.088,0.456,-0.428,0.5441,-0.8773,-4.9717,54.9997,-0.3425,92.1516
1741334470.946,3.794,2.088,0.456,-0.428,0.5339,-0.8777,-4.9643,54.9275,-0.3691,92.1521
1741334471.025,3.777,2.087,0.473,-0.427,0.5239,-0.8782,-4.9569,54.9194,-0.4622,92.2365
1741334471.344,3.731,2.09,0.519,-0.43,0.4884,-0.88,-4.9314,54.4638,-0.3387,92.2347
1741334471.543,3.707,2.091,0.543,-0.431,0.4657,-0.8796,-4.915,54.1991,-0.5233,92.2697
1741334471.742,3.676,2.094,0.575,-0.434,0.4431,-0.8806,-4.8986,53.8184,-0.3362,92.0707
1741334473.755,3.401,2.107,0.849,-0.447,0.2143,-0.8886,-4.7342,55.7487,-0.3895,92.3266
1741334473.833,3.385,2.107,0.865,-0.447,0.2058,-0.8891,-4.7285,55.7792,-0.4378,92.3403
1741334473.912,3.368,2.107,0.882,-0.447,0.1979,-0.8894,-4.723,55.7983,-0.4328,92.3019
1741334473.992,3.352,2.107,0.898,-0.447,0.1906,-0.8897,-4.718,55.7746,-0.5028,92.2972
1741334474.072,3.344,2.108,0.906,-0.448,0.1831,-0.8896,-4.7127,55.7937,-0.528,92.2482
1741334474.152,3.344,2.108,0.906,-0.448,0.1749,-0.8902,-4.7073,55.7706,-0.5267,92.2719
1741334474.231,3.329,2.107,0.921,-0.447,0.1665,-0.8903,-4.7015,55.6554,-0.4032,92.2111
1741334474.311,3.316,2.108,0.934,-0.448,0.1573,-0.8904,-4.6955,55.4722,-0.2971,92.0931
1741334474.39,3.307,2.108,0.943,-0.448,0.1482,-0.8907,-4.6891,55.3445,-0.3585,92.0943
1741334474.47,3.294,2.108,0.956,-0.448,0.1386,-0.8913,-4.6825,55.1258,-0.1256,91.8421
1741334474.55,3.294,2.108,0.956,-0.448,0.1294,-0.8914,-4.6763,55.1986,-0.2317,91.894
1741334474.629,3.279,2.109,0.971,-0.449,0.1205,-0.8919,-4.6696,54.978,-0.2387,91.828
1741334474.709,3.268,2.109,0.982,-0.449,0.1119,-0.8924,-4.6635,54.7482,-0.1488,91.6772
1741334474.789,3.25,2.111,1.0,-0.451,0.1033,-0.8927,-4.6579,54.6885,0.0231,91.493
1741334474.868,3.24,2.112,1.01,-0.452,0.0951,-0.8929,-4.6519,54.6333,0.0818,91.4469
1741334474.948,3.24,2.112,1.01,-0.452,0.0871,-0.8933,-4.6462,54.6142,0.1467,91.3875
1741334475.028,3.228,2.114,1.022,-0.454,0.0793,-0.8934,-4.6408,54.5496,0.0926,91.4254
1741334475.107,3.219,2.114,1.031,-0.454,0.0743,-0.8933,-4.6372,54.4723,0.0588,91.4828
1741334475.187,3.203,2.115,1.047,-0.455,0.0734,-0.8934,-4.6365,54.5009,0.1016,91.4627
1741334475.426,3.201,2.114,1.049,-0.454,0.074,-0.8935,-4.6369,54.5835,0.0888,91.4599
1741334475.585,3.2,2.115,1.05,-0.455,0.0739,-0.8936,-4.637,54.5293,0.1471,91.4651
1741334475.665,3.2,2.114,1.05,-0.454,0.0738,-0.8936,-4.6368,54.5231,0.1334,91.4514
1741334475.744,3.2,2.114,1.05,-0.454,0.0739,-0.8936,-4.6368,54.5279,0.1846,91.4162
1741334475.904,3.201,2.114,1.049,-0.454,0.074,-0.8937,-4.6369,54.509,0.2013,91.4199
1741334476.063,3.196,2.115,1.054,-0.455,0.0722,-0.8937,-4.6354,54.2776,0.186,91.4814
1741334476.142,3.196,2.115,1.055,-0.455,0.0697,-0.8937,-4.633,53.8127,0.154,91.4823
1741334476.222,3.193,2.115,1.059,-0.454,0.0656,-0.8938,-4.629,53.019,0.1858,91.516
1741334476.302,3.195,2.118,1.059,-0.456,0.0611,-0.894,-4.6246,52.3027,0.2115,91.5628
1741334476.381,3.189,2.121,1.067,-0.457,0.0569,-0.8941,-4.6204,51.5883,0.2118,91.6095
1741334476.461,3.191,2.128,1.067,-0.463,0.0534,-0.8942,-4.6168,50.9564,0.1911,91.6547
1741334476.541,3.191,2.128,1.069,-0.461,0.0505,-0.8944,-4.6138,50.4465,0.1839,91.6579
1741334476.62,3.188,2.134,1.074,-0.466,0.0482,-0.8946,-4.6112,50.014,0.2328,91.6062
1741334476.7,3.182,2.136,1.082,-0.466,0.0456,-0.8947,-4.6084,49.5567,0.2472,91.5862
1741334476.78,3.182,2.139,1.085,-0.468,0.0434,-0.8948,-4.6061,49.1203,0.2735,91.5321
1741334476.859,3.182,2.146,1.087,-0.473,0.0413,-0.895,-4.6036,48.6676,0.232,91.5914
1741334476.939,3.182,2.146,1.089,-0.472,0.0388,-0.8949,-4.6009,48.3903,0.2063,91.6207
1741334477.019,3.186,2.15,1.085,-0.476,0.0364,-0.895,-4.599,48.3436,0.1635,91.6291
1741334477.098,3.186,2.153,1.086,-0.478,0.0341,-0.8952,-4.5969,48.3016,0.0823,91.6982
1741334477.178,3.183,2.155,1.089,-0.48,0.0319,-0.8953,-4.5948,48.327,0.0812,91.7077
1741334477.258,3.178,2.154,1.094,-0.479,0.0299,-0.8956,-4.5931,48.2984,0.0682,91.7033
1741334477.337,3.178,2.154,1.094,-0.479,0.0278,-0.8955,-4.5912,48.3192,0.0865,91.6972
1741334477.417,3.174,2.157,1.098,-0.482,0.0254,-0.8955,-4.5891,48.3038,0.0469,91.7161
1741334477.497,3.169,2.157,1.102,-0.482,0.0228,-0.8954,-4.5867,48.3236,0.0378,91.7276
1741334477.576,3.169,2.155,1.103,-0.48,0.0201,-0.8958,-4.5843,48.2957,0.0264,91.7162
1741334477.735,3.158,2.158,1.113,-0.483,0.0143,-0.8958,-4.5791,48.3177,0.0231,91.6944
1741334477.815,3.153,2.158,1.118,-0.483,0.0113,-0.896,-4.5765,48.3287,0.0459,91.6651
1741334477.895,3.148,2.159,1.125,-0.483,0.0075,-0.896,-4.5729,48.0867,0.0885,91.617
1741334477.974,3.142,2.161,1.134,-0.483,0.0038,-0.896,-4.5687,47.6118,0.135,91.5891
1741334478.054,3.14,2.166,1.14,-0.486,-0.0003,-0.8962,-4.5647,47.136,0.1701,91.5689
1741334478.134,3.14,2.166,1.144,-0.483,-0.0041,-0.8963,-4.5606,46.6053,0.1301,91.5942
1741334478.213,3.144,2.17,1.143,-0.484,-0.0073,-0.8967,-4.557,46.162,0.2215,91.5275
1741334478.293,3.143,2.177,1.148,-0.488,-0.0106,-0.8967,-4.5533,45.7058,0.2149,91.5584
1741334478.373,3.143,2.183,1.153,-0.491,-0.014,-0.8966,-4.5494,45.2141,0.2162,91.5455
1741334481.24,2.934,2.175,1.316,-0.515,-0.1393,-0.9012,-4.4402,54.5795,-0.2636,91.7006
1741334481.319,2.928,2.171,1.322,-0.511,-0.1439,-0.9012,-4.4381,55.4408,-0.2014,91.6744
1741334481.399,2.92,2.169,1.33,-0.509,-0.1496,-0.9013,-4.4346,55.7313,-0.1329,91.6586
1741334481.479,2.905,2.163,1.345,-0.503,-0.1559,-0.9013,-4.4304,55.7062,-0.0319,91.5782
1741334481.558,2.897,2.165,1.353,-0.505,-0.1629,-0.9014,-4.4255,55.6599,-0.0368,91.5277
1741334481.638,2.897,2.165,1.353,-0.505,-0.1706,-0.9018,-4.4201,55.6277,-0.0269,91.4959
1741334481.718,2.886,2.165,1.364,-0.505,-0.1789,-0.902,-4.4143,55.6138,-0.007,91.4393
1741334481.797,2.88,2.166,1.37,-0.506,-0.1869,-0.9023,-4.4085,55.5061,-0.0621,91.4262
1741334481.877,2.868,2.164,1.382,-0.504,-0.1943,-0.9029,-4.4031,55.3891,-0.1098,91.4277
1741334481.957,2.849,2.166,1.401,-0.506,-0.2019,-0.9029,-4.3978,55.3031,0.0092,91.3294
1741334482.036,2.849,2.166,1.401,-0.506,-0.2091,-0.903,-4.3928,55.2764,0.0405,91.2813
1741334482.116,2.845,2.166,1.405,-0.506,-0.2164,-0.903,-4.3885,55.7651,0.0228,91.2901
1741334482.196,2.828,2.166,1.425,-0.504,-0.2245,-0.903,-4.3855,57.6042,0.1995,91.0804
1741334482.275,2.819,2.167,1.441,-0.499,-0.2327,-0.9033,-4.3828,59.8491,-0.0269,91.2472
1741334482.355,2.807,2.159,1.459,-0.486,-0.241,-0.9037,-4.3796,61.1776,-0.0592,91.3274
1741334484.247,2.576,2.146,1.68,-0.481,-0.4545,-0.9081,-4.2527,58.852,0.3847,90.626
1741334484.326,2.576,2.146,1.68,-0.481,-0.4658,-0.9085,-4.2453,58.7996,0.2691,90.6407
1741334484.406,2.559,2.146,1.696,-0.482,-0.4781,-0.9083,-4.2381,58.6816,0.5142,90.3552
1741334484.485,2.538,2.146,1.717,-0.482,-0.4907,-0.9087,-4.2305,58.5262,0.5385,90.3603
1741334484.565,2.527,2.143,1.728,-0.479,-0.5032,-0.9089,-4.2226,58.4399,0.4643,90.5181
1741334484.645,2.527,2.145,1.727,-0.481,-0.5153,-0.9088,-4.2148,58.283,0.4867,90.5335
1741334484.724,2.504,2.145,1.751,-0.481,-0.5282,-0.9092,-4.2074,58.6183,0.3044,90.6771
1741334484.804,2.49,2.142,1.771,-0.473,-0.5413,-0.9096,-4.2016,60.3447,0.3539,90.5587
1741334484.883,2.47,2.142,1.793,-0.471,-0.5542,-0.9101,-4.195,60.8038,0.4214,90.437
1741334484.963,2.454,2.144,1.808,-0.473,-0.5666,-0.9103,-4.188,60.7473,0.5575,90.2641
1741334485.043,2.454,2.144,1.808,-0.473,-0.5789,-0.91,-4.181,60.7041,0.5583,90.2828
1741334485.123,2.439,2.144,1.823,-0.474,-0.5908,-0.9108,-4.1749,60.6488,0.8554,89.9483
1741334485.202,2.423,2.14,1.839,-0.47,-0.6029,-0.911,-4.1674,60.5921,0.5083,90.3406
1741334485.282,2.405,2.139,1.856,-0.469,-0.6161,-0.9107,-4.1599,60.5301,0.6773,90.1824
1741334485.362,2.388,2.138,1.873,-0.469,-0.6296,-0.9114,-4.152,60.376,0.4526,90.4457
1741334485.441,2.388,2.138,1.873,-0.469,-0.6439,-0.9119,-4.1434,60.3891,0.3758,90.5586
1741334485.521,2.365,2.136,1.896,-0.466,-0.6591,-0.9113,-4.1347,60.45,0.584,90.3728
1741334485.601,2.349,2.135,1.912,-0.465,-0.6744,-0.9122,-4.1262,60.4551,0.6554,90.3907
1741334485.68,2.326,2.135,1.931,-0.469,-0.6884,-0.9123,-4.1166,59.416,0.6242,90.6099
1741334485.76,2.305,2.134,1.948,-0.471,-0.7027,-0.9123,-4.1061,57.9992,0.4466,90.8939
1741334485.919,2.281,2.132,1.972,-0.469,-0.7326,-0.9135,-4.0868,57.7822,0.4563,90.9541
1741334485.998,2.257,2.132,1.995,-0.47,-0.7471,-0.9141,-4.0781,57.5479,0.6481,90.8027
1741334486.078,2.234,2.132,2.018,-0.47,-0.7616,-0.9143,-4.0693,57.4684,0.8107,90.5745
1741334486.158,2.213,2.131,2.039,-0.469,-0.7752,-0.9146,-4.0608,57.3945,0.8816,90.4302
1741334486.238,2.213,2.131,2.039,-0.469,-0.7888,-0.9147,-4.0518,57.2732,0.8552,90.5109
1741334486.317,2.193,2.134,2.059,-0.472,-0.8025,-0.9152,-4.0424,57.1828,0.7632,90.5644
1741334486.397,2.172,2.132,2.08,-0.47,-0.8168,-0.9158,-4.0333,57.2012,0.7879,90.453
1741334486.477,2.15,2.134,2.102,-0.472,-0.8316,-0.9163,-4.0237,57.1553,0.7508,90.3506
1741334486.556,2.129,2.135,2.123,-0.473,-0.8462,-0.9169,-4.0143,57.2023,0.6624,90.5262
1741334486.875,2.066,2.131,2.185,-0.47,-0.9024,-0.9181,-3.9773,56.9834,0.646,90.8121
1741334486.956,2.045,2.133,2.206,-0.472,-0.9177,-0.9185,-3.9672,56.6789,0.6807,90.8922
1741334562.577,2.608,2.292,1.657,-0.618,-0.3601,-0.9056,-4.1545,-115.7518,178.5212,-91.9681
1741334562.656,2.608,2.295,1.654,-0.624,-0.367,-0.9059,-4.1503,-116.4748,178.6106,-91.9226
1741334562.736,2.607,2.293,1.651,-0.626,-0.3736,-0.906,-4.1459,-117.3961,178.6634,-91.8766
1741334562.816,2.591,2.286,1.665,-0.621,-0.3791,-0.9063,-4.142,-118.0419,178.6389,-91.8994
1741334562.895,2.581,2.282,1.674,-0.617,-0.3818,-0.9064,-4.1402,-118.3504,178.6558,-91.8801
1741334562.975,2.564,2.282,1.691,-0.617,-0.3817,-0.9063,-4.1399,-118.3224,178.5461,-91.9582
1741334563.055,2.564,2.281,1.691,-0.616,-0.3817,-0.9064,-4.1399,-118.3368,178.5921,-91.9086
1741334563.134,2.567,2.281,1.688,-0.616,-0.3817,-0.9063,-4.1401,-118.3469,178.589,-91.915
1741334563.214,2.568,2.282,1.687,-0.617,-0.3817,-0.9064,-4.14,-118.3465,178.5848,-91.9155
1741334563.293,2.567,2.282,1.688,-0.617,-0.3808,-0.9064,-4.1405,-118.2909,178.5646,-91.9422
1741334563.373,2.567,2.282,1.688,-0.617,-0.3746,-0.9059,-4.1442,-118.3731,178.7523,-91.8938
1741334563.771,2.626,2.285,1.63,-0.62,-0.322,-0.9051,-4.1731,-118.2523,178.4804,-91.9759
1741334563.851,2.626,2.284,1.63,-0.619,-0.3247,-0.9052,-4.1715,-118.2867,178.4804,-91.9991
1741334563.93,2.634,2.285,1.621,-0.62,-0.3273,-0.9053,-4.17,-118.3111,178.5157,-91.977
1741334564.01,2.629,2.283,1.626,-0.619,-0.3286,-0.9053,-4.1689,-118.4913,178.5391,-91.9469
1741334564.09,2.628,2.284,1.627,-0.62,-0.3287,-0.9053,-4.1687,-118.5327,178.5194,-91.9573
1741334564.169,2.62,2.284,1.635,-0.62,-0.3287,-0.9054,-4.1688,-118.5341,178.5337,-91.943
1741334564.249,2.62,2.286,1.635,-0.622,-0.3287,-0.9053,-4.1688,-118.5325,178.5349,-91.9384
1741334564.329,2.62,2.284,1.635,-0.62,-0.3287,-0.9053,-4.1689,-118.5335,178.5413,-91.9282
1741334564.408,2.62,2.286,1.635,-0.622,-0.3288,-0.9053,-4.1689,-118.5458,178.524,-91.9361
1741334564.488,2.625,2.284,1.629,-0.621,-0.3302,-0.9053,-4.1675,-118.8915,178.5178,-91.9358
1741334564.568,2.625,2.284,1.627,-0.622,-0.3345,-0.9054,-4.1642,-119.6209,178.585,-91.8427
1741334564.647,2.625,2.285,1.626,-0.624,-0.3403,-0.9051,-4.16,-120.5312,178.8516,-91.641
1741334564.727,2.619,2.283,1.632,-0.622,-0.3472,-0.9054,-4.156,-120.4943,178.7834,-91.7014
1741334564.807,2.609,2.283,1.642,-0.622,-0.354,-0.9054,-4.1521,-120.4826,178.8381,-91.6916
1741334564.886,2.6,2.28,1.651,-0.619,-0.3585,-0.9057,-4.1494,-120.5456,178.7989,-91.7186
1741334564.966,2.585,2.28,1.666,-0.619,-0.3592,-0.9057,-4.149,-120.587,178.8862,-91.6359
1741334565.045,2.585,2.28,1.666,-0.619,-0.3592,-0.9057,-4.1488,-120.5346,178.7904,-91.7274
1741334565.125,2.58,2.282,1.671,-0.621,-0.3592,-0.9057,-4.149,-120.5414,178.8071,-91.7083
1741334565.205,2.58,2.282,1.671,-0.621,-0.359,-0.9057,-4.1492,-120.5314,178.7694,-91.742
1741334565.285,2.585,2.281,1.666,-0.62,-0.3544,-0.9056,-4.152,-120.5956,178.8218,-91.7375
1741334567.196,2.955,2.294,1.295,-0.634,-0.0299,-0.8982,-4.3487,-121.5765,178.4809,-92.441
1741334567.276,2.955,2.292,1.295,-0.632,-0.0305,-0.8983,-4.3481,-121.5915,178.4993,-92.4284
1741334567.355,2.955,2.292,1.295,-0.632,-0.0305,-0.8982,-4.3481,-121.5874,178.4797,-92.4426
1741334567.435,2.955,2.294,1.295,-0.634,-0.0304,-0.8982,-4.3479,-121.5832,178.4624,-92.4688
1741334567.514,2.954,2.294,1.296,-0.634,-0.0305,-0.8984,-4.3479,-121.5867,178.4723,-92.4662
1741334567.594,2.96,2.291,1.29,-0.631,-0.0305,-0.8983,-4.3478,-121.5814,178.4808,-92.4447
1741334567.674,2.956,2.294,1.294,-0.634,-0.0305,-0.8982,-4.3479,-121.5816,178.4696,-92.4475
1741334567.754,2.956,2.294,1.294,-0.634,-0.0304,-0.8983,-4.3478,-121.5662,178.4508,-92.4762
1741334567.833,2.954,2.291,1.296,-0.631,-0.0304,-0.8982,-4.3478,-121.5741,178.4458,-92.485
1741334567.913,2.961,2.294,1.289,-0.634,-0.0304,-0.8983,-4.3477,-121.5644,178.4147,-92.5145
1741334567.993,2.959,2.292,1.291,-0.632,-0.0305,-0.8983,-4.3479,-121.5683,178.4278,-92.5024
1741334568.072,2.954,2.292,1.296,-0.632,-0.0304,-0.8982,-4.3478,-121.5667,178.4334,-92.4991
1741334568.152,2.954,2.292,1.296,-0.632,-0.0304,-0.8982,-4.3476,-121.5638,178.4513,-92.4812
1741334568.232,2.955,2.292,1.295,-0.632,-0.0304,-0.8981,-4.3478,-121.5753,178.4473,-92.48
1741334568.311,2.954,2.291,1.296,-0.631,-0.0305,-0.8981,-4.3477,-121.5643,178.4252,-92.4987
1741334568.391,2.96,2.292,1.29,-0.632,-0.0304,-0.8983,-4.3477,-121.5679,178.4277,-92.4881
1741334568.47,2.959,2.292,1.291,-0.632,-0.0304,-0.8981,-4.3476,-121.5638,178.4116,-92.5104
1741334568.55,2.959,2.294,1.291,-0.634,-0.0305,-0.8982,-4.3476,-121.5689,178.4245,-92.5015
1741334568.63,2.959,2.293,1.291,-0.633,-0.0305,-0.8982,-4.3477,-121.5742,178.4404,-92.4933
1741334568.709,2.955,2.291,1.295,-0.631,-0.0304,-0.8981,-4.3478,-121.5835,178.457,-92.4743
1741334568.789,2.959,2.292,1.291,-0.632,-0.0305,-0.8982,-4.3477,-121.577,178.463,-92.4711
1741334568.869,2.954,2.292,1.296,-0.632,-0.0304,-0.8982,-4.3477,-121.5859,178.4564,-92.4658
1741334569.068,2.954,2.291,1.296,-0.631,-0.0305,-0.8982,-4.3477,-121.5836,178.4314,-92.4841
1741334569.147,2.954,2.294,1.296,-0.634,-0.0305,-0.8982,-4.3477,-121.5784,178.417,-92.499
1741334569.227,2.955,2.291,1.295,-0.631,-0.0304,-0.8981,-4.3477,-121.5765,178.4029,-92.5192
1741334569.307,2.96,2.294,1.29,-0.634,-0.0303,-0.8983,-4.3475,-121.4928,178.3903,-92.5277
1741334569.386,2.954,2.294,1.296,-0.634,-0.0304,-0.8982,-4.3478,-121.4787,178.3881,-92.5407
1741334569.466,2.955,2.294,1.295,-0.634,-0.0304,-0.8981,-4.3479,-121.4817,178.3961,-92.5396
1741334569.545,2.955,2.294,1.295,-0.634,-0.0305,-0.8982,-4.3478,-121.4796,178.407,-92.5271
1741334569.625,2.961,2.294,1.289,-0.634,-0.0305,-0.8981,-4.3477,-121.4756,178.3863,-92.5332
1741334569.705,2.955,2.292,1.295,-0.632,-0.0305,-0.8982,-4.3479,-121.4699,178.3599,-92.5335
1741334569.784,2.955,2.293,1.295,-0.633,-0.0304,-0.8982,-4.3479,-121.4542,178.3501,-92.5477
1741334569.864,2.954,2.293,1.296,-0.633,-0.0304,-0.8982,-4.3479,-121.4638,178.3581,-92.5526
1741334569.944,2.954,2.294,1.297,-0.633,-0.0347,-0.8984,-4.3462,-120.5316,178.1426,-92.6565
1741334570.023,2.959,2.293,1.298,-0.628,-0.0486,-0.8986,-4.3414,-118.0729,178.0872,-92.7288
1741334570.103,2.952,2.296,1.314,-0.624,-0.0692,-0.8986,-4.3338,-116.0502,178.2033,-92.5499
1741334570.183,2.95,2.295,1.33,-0.612,-0.0923,-0.8989,-4.3254,-113.8044,177.9059,-92.9203
1741334573.846,2.606,2.199,1.665,-0.522,-0.4289,-0.9071,-4.2303,-114.7945,178.2945,-91.9219
1741334573.926,2.585,2.191,1.685,-0.514,-0.4273,-0.907,-4.2312,-114.8002,178.3048,-91.93
1741334574.005,2.59,2.193,1.681,-0.516,-0.4254,-0.9069,-4.2323,-114.7835,178.3273,-91.9242
1741334574.085,2.587,2.194,1.684,-0.517,-0.4246,-0.907,-4.2328,-114.7766,178.2903,-91.972
1741334574.165,2.595,2.194,1.676,-0.517,-0.4246,-0.907,-4.2329,-114.7714,178.2989,-91.985
1741334574.244,2.595,2.194,1.676,-0.517,-0.4247,-0.9069,-4.2331,-114.7702,178.2979,-91.9991
1741334574.324,2.591,2.195,1.68,-0.518,-0.4247,-0.9069,-4.2331,-114.7756,178.2844,-92.0273
1741334574.404,2.596,2.194,1.675,-0.517,-0.4255,-0.907,-4.2327,-114.7889,178.2588,-92.0625
1741334574.483,2.595,2.196,1.675,-0.519,-0.4291,-0.907,-4.2311,-114.8613,178.2802,-92.0087
1741334574.563,2.59,2.196,1.68,-0.519,-0.4363,-0.907,-4.228,-114.8933,178.3145,-91.9576
1741334574.643,2.59,2.193,1.674,-0.521,-0.4455,-0.907,-4.2229,-115.9655,178.596,-91.6412
1741334574.802,2.571,2.187,1.684,-0.523,-0.4639,-0.9076,-4.211,-118.4834,179.1262,-91.1306
1741334574.882,2.549,2.181,1.704,-0.519,-0.4705,-0.9075,-4.2063,-119.431,179.2129,-91.0572
1741334574.961,2.531,2.181,1.721,-0.519,-0.4724,-0.9081,-4.2049,-119.7503,179.2245,-91.099
1741334575.041,2.531,2.178,1.721,-0.516,-0.4713,-0.9079,-4.2055,-119.7159,179.1781,-91.1444
1741334575.121,2.52,2.176,1.732,-0.514,-0.4707,-0.9078,-4.206,-119.6839,179.1801,-91.1361
1741334575.2,2.52,2.177,1.732,-0.515,-0.4706,-0.9079,-4.2061,-119.6902,179.2034,-91.1104
1741334575.28,2.523,2.178,1.729,-0.516,-0.4706,-0.9079,-4.2064,-119.6996,179.1893,-91.1124
1741334581.253,3.54,2.238,0.729,-0.566,0.4162,-0.8823,-4.7207,-116.0019,179.3705,-90.6692
1741334581.572,3.564,2.24,0.703,-0.569,0.4293,-0.8808,-4.7266,-116.3753,179.1755,-90.5189
1741334581.651,3.564,2.24,0.703,-0.569,0.4299,-0.8809,-4.7263,-116.3915,178.8561,-90.6805
1741334581.731,3.564,2.239,0.703,-0.568,0.4297,-0.8809,-4.7263,-116.398,178.9391,-90.6125
1741334581.811,3.56,2.24,0.707,-0.569,0.4299,-0.881,-4.726,-116.3898,178.8647,-90.6251
1741334581.891,3.565,2.24,0.702,-0.569,0.4297,-0.8808,-4.7261,-116.3827,178.9493,-90.605
1741334581.97,3.564,2.238,0.703,-0.567,0.4297,-0.8809,-4.7258,-116.3817,178.9759,-90.5921
1741334582.05,3.561,2.238,0.706,-0.567,0.4298,-0.8808,-4.7259,-116.3833,179.0256,-90.5696
1741334582.129,3.561,2.239,0.706,-0.568,0.4297,-0.8808,-4.7258,-116.3793,179.0854,-90.5338
1741334582.209,3.561,2.239,0.706,-0.568,0.4298,-0.8809,-4.7257,-116.3937,179.0717,-90.5186
1741334582.289,3.564,2.239,0.703,-0.568,0.4297,-0.8809,-4.7256,-116.3725,179.0992,-90.5106
1741334582.368,3.565,2.239,0.702,-0.568,0.4295,-0.8807,-4.7257,-116.3729,179.1048,-90.5038
1741334582.448,3.562,2.239,0.705,-0.568,0.4296,-0.8807,-4.7257,-116.3699,179.1098,-90.5165
1741334582.528,3.562,2.238,0.705,-0.567,0.4296,-0.8808,-4.7258,-116.41,178.9865,-90.5306
1741334582.607,3.566,2.239,0.701,-0.568,0.4296,-0.8808,-4.7256,-116.4011,178.992,-90.5233
1741334582.687,3.565,2.238,0.702,-0.567,0.4296,-0.8807,-4.7256,-116.3909,179.0262,-90.52
1741334582.767,3.563,2.239,0.704,-0.568,0.4296,-0.8807,-4.7255,-116.3897,179.0691,-90.516
1741334582.846,3.562,2.239,0.705,-0.568,0.4295,-0.8808,-4.7256,-116.4178,178.9888,-90.541
1741334582.926,3.562,2.239,0.705,-0.568,0.4295,-0.8807,-4.7257,-116.4264,178.9159,-90.5562
1741334583.005,3.565,2.239,0.702,-0.568,0.4297,-0.8807,-4.7256,-116.4082,178.9788,-90.5537
1741334583.085,3.561,2.239,0.706,-0.568,0.4296,-0.8808,-4.7256,-116.4189,178.9471,-90.5436
1741334583.165,3.566,2.24,0.701,-0.569,0.4296,-0.8808,-4.7255,-116.4021,178.9609,-90.5538
1741334583.244,3.566,2.24,0.701,-0.569,0.4297,-0.8808,-4.7254,-116.4062,178.9953,-90.5311
1741334583.324,3.561,2.239,0.706,-0.568,0.4296,-0.8807,-4.7255,-116.3764,179.0344,-90.5368
1741334583.404,3.56,2.239,0.707,-0.568,0.4296,-0.8807,-4.7256,-116.385,179.0426,-90.5333
1741334583.483,3.563,2.239,0.704,-0.568,0.4295,-0.8808,-4.7257,-116.4071,178.9816,-90.5431
1741334583.563,3.561,2.239,0.706,-0.568,0.4295,-0.8807,-4.7256,-116.3843,179.0185,-90.5561
1741334583.643,3.561,2.239,0.706,-0.568,0.4296,-0.8808,-4.7256,-116.3845,179.048,-90.5596
1741334583.722,3.566,2.239,0.701,-0.568,0.4296,-0.8808,-4.7255,-116.3799,179.0643,-90.573
1741334583.802,3.561,2.239,0.706,-0.568,0.4295,-0.8808,-4.7257,-116.3997,179.0637,-90.557
1741334583.881,3.564,2.238,0.703,-0.567,0.4295,-0.8808,-4.7256,-116.3947,179.1098,-90.5315
1741334583.961,3.565,2.238,0.702,-0.567,0.4296,-0.8807,-4.7257,-116.3883,179.15,-90.5143
1741334584.041,3.565,2.238,0.702,-0.567,0.43,-0.8808,-4.7259,-116.4026,179.2522,-90.4546
1741334584.12,3.563,2.239,0.704,-0.568,0.4323,-0.8806,-4.728,-116.3327,179.7071,-90.1657
1741334584.598,3.609,2.242,0.653,-0.575,0.4872,-0.8785,-4.7533,-117.3376,178.4672,-90.4831
1741334584.678,3.621,2.243,0.64,-0.576,0.4894,-0.8784,-4.7541,-117.5122,178.3219,-90.6954
1741334584.758,3.622,2.241,0.638,-0.575,0.4921,-0.8786,-4.7555,-117.7142,178.4958,-90.6497
1741334584.837,3.622,2.241,0.637,-0.575,0.4956,-0.8788,-4.757,-117.9674,178.4639,-91.1702
1741334584.917,3.627,2.243,0.629,-0.579,0.501,-0.88,-4.7578,-118.6324,177.4942,-93.1255
1741334584.996,3.624,2.242,0.634,-0.577,0.5066,-0.8797,-4.7609,-118.1833,177.4671,-93.1692
1741334585.156,3.632,2.244,0.626,-0.579,0.5128,-0.8795,-4.7644,-118.1302,177.5651,-93.0135
1741334585.315,3.643,2.245,0.615,-0.58,0.5171,-0.8795,-4.7668,-118.1993,177.4989,-93.1884
1741334585.395,3.642,2.245,0.616,-0.58,0.5186,-0.8794,-4.7674,-118.2715,177.438,-93.3103
1741334585.474,3.644,2.245,0.613,-0.581,0.5208,-0.8794,-4.7686,-118.4412,177.4934,-93.2375
1741334585.554,3.649,2.245,0.608,-0.581,0.5244,-0.8793,-4.7712,-118.4979,177.5256,-93.1787
1741334586.191,3.696,2.247,0.561,-0.583,0.5684,-0.8778,-4.7973,-118.5036,178.1584,-92.6955
1741334586.271,3.702,2.25,0.555,-0.585,0.5732,-0.8775,-4.8001,-118.3694,178.1945,-92.7525
1741334586.749,3.744,2.253,0.516,-0.587,0.6049,-0.8766,-4.8179,-117.713,178.3953,-92.561
1741334586.988,3.76,2.254,0.505,-0.585,0.615,-0.876,-4.8242,-116.9012,178.4952,-92.4374
1741334587.067,3.764,2.255,0.499,-0.587,0.6149,-0.876,-4.8239,-117.2407,178.5944,-92.3959
1741334587.147,3.768,2.255,0.496,-0.587,0.615,-0.876,-4.824,-117.0612,178.6107,-92.3472
1741334587.226,3.768,2.254,0.496,-0.586,0.615,-0.8759,-4.8242,-117.1148,178.6922,-92.342
1741334587.306,3.77,2.255,0.492,-0.588,0.6153,-0.8755,-4.8248,-117.3499,179.2484,-92.0476
1741334587.386,3.768,2.254,0.494,-0.587,0.6168,-0.875,-4.8266,-117.4078,179.8219,-92.1292
1741334587.465,3.767,2.256,0.494,-0.589,0.6221,-0.8738,-4.8301,-117.5734,-179.8103,-92.5286
1741334587.943,3.855,2.259,0.407,-0.592,0.6988,-0.8733,-4.8679,-117.4084,178.0382,-92.8407
1741334588.023,3.855,2.261,0.407,-0.594,0.7022,-0.8733,-4.8698,-117.4998,178.0316,-92.7885
1741334588.103,3.858,2.261,0.404,-0.594,0.7069,-0.8731,-4.8723,-117.4543,178.0953,-92.7052
1741334588.341,3.883,2.263,0.379,-0.596,0.73,-0.8723,-4.885,-117.4665,178.1999,-92.5207
1741334588.58,3.907,2.265,0.359,-0.596,0.7396,-0.8714,-4.8921,-116.7831,178.9089,-91.4738
1741334588.66,3.915,2.26,0.351,-0.591,0.7394,-0.8711,-4.8924,-116.7936,178.9696,-91.4305
1741334588.74,3.915,2.26,0.351,-0.59,0.7399,-0.8713,-4.8926,-116.7397,178.9068,-91.463
1741334588.819,3.912,2.261,0.357,-0.59,0.742,-0.8708,-4.894,-116.4051,179.206,-91.0223
1741334588.899,3.913,2.261,0.359,-0.588,0.7464,-0.8699,-4.8975,-115.9116,-179.5957,-89.8484
1741334589.457,4.003,2.278,0.266,-0.607,0.8229,-0.8694,-4.9321,-116.4829,177.6785,-93.1124
1741334589.536,4.003,2.278,0.266,-0.607,0.8225,-0.8694,-4.932,-116.4592,177.6725,-93.1159
1741334589.616,4.008,2.279,0.261,-0.608,0.8225,-0.8694,-4.9319,-116.4749,177.6787,-93.1275
1741334589.696,4.008,2.278,0.261,-0.607,0.8225,-0.8694,-4.932,-116.4637,177.6781,-93.143
1741334589.775,4.008,2.279,0.261,-0.608,0.8226,-0.8694,-4.932,-116.4703,177.6857,-93.1422
1741334589.855,4.008,2.277,0.26,-0.607,0.8225,-0.8694,-4.9321,-116.4987,177.715,-93.1115
1741334589.934,4.008,2.277,0.26,-0.607,0.8225,-0.8694,-4.9321,-116.5049,177.7245,-93.0624
1741334590.014,4.008,2.277,0.26,-0.607,0.8225,-0.8695,-4.9321,-116.5186,177.7286,-93.0736
1741334590.094,4.009,2.278,0.259,-0.608,0.8224,-0.8696,-4.932,-116.5076,177.7088,-93.0763
1741334590.173,4.007,2.277,0.261,-0.607,0.8221,-0.8698,-4.9315,-116.5796,177.7021,-93.0635
1741334590.253,4.008,2.277,0.258,-0.608,0.8199,-0.8697,-4.9302,-116.847,177.7021,-93.0131
1741334590.333,4.008,2.277,0.255,-0.61,0.8161,-0.8696,-4.9275,-117.3735,177.6586,-93.0217
1741334590.412,4.004,2.279,0.254,-0.614,0.8108,-0.87,-4.9236,-118.2705,177.7677,-92.9725
1741334590.492,3.995,2.276,0.259,-0.614,0.8051,-0.8703,-4.919,-119.475,178.0306,-92.7583
1741334590.572,3.982,2.276,0.27,-0.615,0.8001,-0.8704,-4.9152,-120.3022,178.1437,-92.6498
1741334590.651,3.968,2.276,0.283,-0.616,0.7975,-0.8704,-4.9131,-120.861,178.2793,-92.5296
1741334590.731,3.968,2.274,0.283,-0.614,0.7971,-0.8705,-4.9129,-120.8037,178.218,-92.5465
1741334590.89,3.955,2.261,0.296,-0.601,0.7974,-0.8704,-4.9131,-120.8361,178.3627,-92.383
1741334590.97,3.954,2.259,0.297,-0.599,0.7975,-0.8704,-4.9131,-120.8405,178.3951,-92.3562
1741334591.049,3.954,2.259,0.297,-0.599,0.7973,-0.8703,-4.9132,-120.831,178.4323,-92.3244
1741334591.129,3.954,2.257,0.297,-0.597,0.7975,-0.8704,-4.913,-120.829,178.4277,-92.3038
1741334591.209,3.955,2.257,0.296,-0.597,0.7974,-0.8705,-4.9131,-120.8395,178.4746,-92.2513
1741334591.288,3.954,2.257,0.297,-0.597,0.7974,-0.8704,-4.9132,-120.8282,178.4903,-92.2446
1741334591.368,3.954,2.257,0.297,-0.597,0.7974,-0.8704,-4.9131,-120.828,178.495,-92.2356
1741334591.448,3.956,2.257,0.295,-0.597,0.7974,-0.8704,-4.913,-120.8223,178.5047,-92.2236
1741334591.527,3.956,2.257,0.295,-0.597,0.7974,-0.8703,-4.9131,-120.8188,178.5128,-92.2085
1741334591.607,3.955,2.258,0.296,-0.598,0.7974,-0.8704,-4.9131,-120.8125,178.524,-92.1956
1741334591.687,3.955,2.258,0.296,-0.598,0.7974,-0.8704,-4.9131,-120.8167,178.5405,-92.173
1741334591.766,3.956,2.257,0.295,-0.597,0.7974,-0.8705,-4.913,-120.813,178.5406,-92.1733
1741334591.846,3.955,2.257,0.296,-0.597,0.7975,-0.8704,-4.913,-120.8065,178.5523,-92.1817
1741334591.926,3.955,2.258,0.296,-0.598,0.7982,-0.8704,-4.9134,-120.8139,178.5492,-92.1824
1741334592.005,3.955,2.258,0.296,-0.597,0.8026,-0.8703,-4.9166,-120.7109,178.616,-92.1434
1741334592.642,4.043,2.273,0.209,-0.612,0.8816,-0.8677,-4.9645,-120.1684,178.0711,-92.6598
1741334593.2,4.109,2.276,0.143,-0.615,0.934,-0.8659,-4.9963,-120.2048,178.2936,-92.5064
1741334593.28,4.119,2.277,0.133,-0.616,0.9335,-0.8659,-4.9959,-120.2278,178.2822,-92.5398
1741334593.359,4.121,2.275,0.131,-0.614,0.9334,-0.8659,-4.9959,-120.2277,178.3274,-92.4955
1741334593.439,4.121,2.275,0.131,-0.614,0.9334,-0.8658,-4.996,-120.2495,178.3648,-92.4451
1741334593.519,4.121,2.277,0.131,-0.616,0.9335,-0.8659,-4.9959,-120.2421,178.3786,-92.4382
1741334593.598,4.121,2.276,0.131,-0.615,0.9334,-0.8659,-4.996,-120.2323,178.378,-92.4372
1741334593.678,4.121,2.276,0.131,-0.615,0.9334,-0.8659,-4.9959,-120.2223,178.4095,-92.4084
1741334593.757,4.121,2.277,0.131,-0.616,0.9334,-0.8658,-4.996,-120.2231,178.4264,-92.3937
1741334593.837,4.121,2.277,0.131,-0.616,0.9335,-0.8659,-4.9959,-120.2248,178.4175,-92.4011
1741334593.917,4.121,2.277,0.131,-0.616,0.9335,-0.8659,-4.9959,-120.2151,178.4439,-92.3764
1741334593.996,4.122,2.276,0.13,-0.615,0.9334,-0.8659,-4.996,-120.2121,178.4433,-92.3836
1741334594.076,4.121,2.276,0.131,-0.615,0.9334,-0.8658,-4.996,-120.2205,178.4436,-92.3722
1741334594.156,4.121,2.276,0.131,-0.615,0.9334,-0.8658,-4.996,-120.2338,178.4549,-92.3603
1741334594.235,4.121,2.276,0.131,-0.615,0.9334,-0.8659,-4.996,-120.2317,178.4511,-92.3648
1741334594.315,4.12,2.276,0.132,-0.615,0.9335,-0.866,-4.9959,-120.2293,178.4385,-92.3676
1741334594.394,4.12,2.276,0.132,-0.615,0.9333,-0.8658,-4.996,-120.2215,178.4444,-92.3754
1741334594.474,4.122,2.276,0.13,-0.615,0.9335,-0.8658,-4.996,-120.2346,178.4596,-92.3586
1741334594.554,4.12,2.276,0.132,-0.615,0.9334,-0.8659,-4.996,-120.2319,178.4765,-92.3608
1741334594.634,4.12,2.276,0.132,-0.615,0.9334,-0.8659,-4.996,-120.2396,178.4643,-92.3675
1741334594.713,4.12,2.277,0.132,-0.616,0.9335,-0.866,-4.996,-120.2417,178.475,-92.345
1741334594.793,4.121,2.276,0.131,-0.615,0.9335,-0.8658,-4.996,-120.2337,178.5079,-92.3301
1741334594.873,4.122,2.276,0.13,-0.615,0.9334,-0.8659,-4.9961,-120.2206,178.4795,-92.3578
1741334594.952,4.121,2.277,0.131,-0.616,0.9333,-0.8659,-4.9962,-120.2253,178.49,-92.3609
1741334595.032,4.121,2.277,0.131,-0.616,0.9335,-0.866,-4.996,-120.22,178.479,-92.3629
1741334595.111,4.121,2.277,0.131,-0.616,0.9335,-0.8659,-4.9961,-120.22,178.4738,-92.3595
1741334595.191,4.12,2.276,0.132,-0.615,0.9335,-0.866,-4.996,-120.2248,178.4685,-92.363
1741334595.271,4.121,2.276,0.131,-0.615,0.9335,-0.8659,-4.9961,-120.2301,178.4758,-92.348
1741334595.35,4.12,2.277,0.132,-0.616,0.9334,-0.866,-4.9961,-120.2265,178.4865,-92.3472
1741334595.43,4.12,2.277,0.132,-0.616,0.9335,-0.866,-4.9961,-120.2214,178.5058,-92.3431
1741334595.51,4.119,2.277,0.133,-0.616,0.9334,-0.8659,-4.9961,-120.2206,178.5045,-92.3568
1741334595.589,4.121,2.276,0.131,-0.615,0.9334,-0.8659,-4.9961,-120.2288,178.5073,-92.3595
1741334595.669,4.121,2.277,0.131,-0.616,0.9334,-0.8659,-4.9962,-120.2482,178.5113,-92.351
1741334595.749,4.122,2.276,0.13,-0.615,0.9335,-0.866,-4.9961,-120.2368,178.5066,-92.3668
1741334595.828,4.122,2.276,0.13,-0.615,0.9334,-0.8658,-4.9962,-120.249,178.5373,-92.3327
1741334612.952,4.126,2.577,0.126,-0.916,1.1072,-0.8641,-4.7486,56.6068,-0.8058,93.9862
1741334613.032,4.127,2.577,0.125,-0.916,1.1072,-0.864,-4.7487,56.6174,-0.8236,94.0362
1741334613.111,4.127,2.578,0.125,-0.917,1.1072,-0.8641,-4.7487,56.6175,-0.7492,93.8386
1741334613.191,4.127,2.577,0.125,-0.916,1.1071,-0.8639,-4.749,56.6359,-0.8055,93.9302
1741334613.27,4.127,2.577,0.125,-0.916,1.1071,-0.864,-4.7489,56.6389,-0.8058,93.9411
1741334613.35,4.126,2.583,0.126,-0.922,1.1072,-0.8641,-4.7489,56.6411,-0.7885,93.9247
1741334613.43,4.126,2.583,0.126,-0.922,1.1072,-0.864,-4.7488,56.6173,-0.7577,93.8722
1741334613.509,4.126,2.582,0.126,-0.921,1.1071,-0.8638,-4.7487,56.6014,-0.7357,93.8118
1741334613.589,4.125,2.576,0.127,-0.915,1.1071,-0.8642,-4.749,56.6435,-0.804,93.8962
1741334613.669,4.126,2.581,0.126,-0.92,1.1071,-0.8642,-4.749,56.6305,-0.8071,93.9324
1741334613.748,4.125,2.582,0.127,-0.921,1.1072,-0.8642,-4.749,56.6199,-0.7925,93.9359
1741334613.828,4.126,2.582,0.126,-0.921,1.1072,-0.8642,-4.7491,56.6154,-0.8028,93.946
1741334613.907,4.126,2.577,0.126,-0.916,1.1073,-0.8639,-4.7487,56.587,-0.7568,93.7806
1741334613.987,4.126,2.577,0.126,-0.916,1.1071,-0.8642,-4.7493,56.5844,-0.74,93.7656
1741334614.186,4.126,2.582,0.126,-0.921,1.1072,-0.8643,-4.7494,56.6333,-0.7296,93.8739
1741334614.266,4.126,2.582,0.126,-0.921,1.1072,-0.8641,-4.7494,56.6253,-0.754,93.8955
1741334614.346,4.126,2.583,0.126,-0.922,1.1072,-0.8642,-4.7494,56.6191,-0.7985,93.9496
1741334614.425,4.126,2.583,0.126,-0.922,1.1072,-0.8641,-4.7494,56.6201,-0.8021,93.9439
1741334614.505,4.126,2.578,0.126,-0.917,1.1073,-0.8642,-4.7494,56.6218,-0.8241,93.9501
1741334614.585,4.125,2.577,0.127,-0.916,1.1073,-0.8642,-4.7495,56.6172,-0.8631,93.9965
1741334614.664,4.127,2.582,0.125,-0.921,1.1073,-0.8639,-4.7495,56.599,-0.8217,93.8463
1741334614.744,4.125,2.583,0.127,-0.922,1.1073,-0.8642,-4.7496,56.6216,-0.7941,93.8632
1741334614.823,4.125,2.583,0.127,-0.922,1.1072,-0.8641,-4.7494,56.5977,-0.785,93.8207
1741334614.903,4.125,2.576,0.127,-0.915,1.1073,-0.8642,-4.7496,56.5991,-0.7867,93.8571
1741334614.983,4.126,2.576,0.126,-0.915,1.1072,-0.8643,-4.7496,56.6169,-0.7881,93.8736
1741334615.062,4.126,2.577,0.126,-0.916,1.1053,-0.8644,-4.7484,56.7198,-0.7805,93.8116
1741334615.142,4.125,2.582,0.127,-0.921,1.0998,-0.8645,-4.7443,56.553,-0.8302,93.938
1741334615.222,4.123,2.582,0.129,-0.921,1.0905,-0.8649,-4.738,56.558,-0.9178,93.9988
1741334615.301,4.123,2.582,0.128,-0.921,1.0797,-0.8652,-4.7308,56.4187,-1.0547,94.081
1741334615.381,4.11,2.582,0.141,-0.921,1.0696,-0.8658,-4.724,56.3875,-1.1256,94.1608
1741334615.461,4.092,2.583,0.159,-0.922,1.0606,-0.8656,-4.7173,56.3142,-1.2525,94.1465
1741334615.54,4.077,2.582,0.174,-0.921,1.0529,-0.8659,-4.7123,56.295,-1.2346,94.0981
1741334615.62,4.065,2.582,0.186,-0.921,1.0472,-0.8666,-4.7086,56.3163,-1.2856,94.1027
1741334615.7,4.065,2.577,0.186,-0.916,1.0413,-0.8665,-4.7047,56.2521,-1.262,94.1699
1741334615.779,4.053,2.582,0.198,-0.921,1.0347,-0.8661,-4.7007,56.1449,-0.8944,93.9228
1741334615.859,4.046,2.583,0.205,-0.922,1.0279,-0.8667,-4.6956,56.1413,-0.9149,93.6895
1741334615.938,4.034,2.582,0.217,-0.922,1.0192,-0.8673,-4.6897,56.0853,-0.9783,93.5994
1741334616.018,4.034,2.582,0.217,-0.921,1.0097,-0.8675,-4.6839,56.1631,-0.9848,93.7451
1741334616.098,4.026,2.583,0.225,-0.923,1.0007,-0.8681,-4.6775,56.0262,-1.0091,93.8513
1741334616.257,3.995,2.58,0.255,-0.92,0.9838,-0.8688,-4.6659,55.8131,-1.0474,94.042
1741334616.337,3.982,2.58,0.268,-0.92,0.976,-0.8693,-4.6606,55.8104,-1.1309,94.105
1741334616.416,3.982,2.58,0.268,-0.92,0.9683,-0.8699,-4.6552,55.7063,-1.1317,94.2217
1741334616.496,3.97,2.583,0.28,-0.923,0.964,-0.8683,-4.6522,55.4837,-1.0719,93.3252
1741334616.576,3.958,2.582,0.292,-0.922,0.9628,-0.8678,-4.6509,55.5652,-1.1275,92.4995
1741334616.655,3.952,2.587,0.298,-0.927,0.9598,-0.8676,-4.6494,55.6135,-0.8674,91.528
1741334616.735,3.949,2.583,0.301,-0.923,0.9515,-0.8678,-4.6442,55.8049,-0.743,91.1962
1741334616.815,3.949,2.583,0.302,-0.923,0.9385,-0.8679,-4.6353,55.9724,-0.6774,91.193
1741334616.894,3.949,2.583,0.302,-0.923,0.9229,-0.8689,-4.6252,56.0312,-0.6837,91.8042
1741334616.974,3.932,2.583,0.319,-0.922,0.9039,-0.8709,-4.6122,56.1454,-1.0519,93.8975
1741334617.053,3.908,2.582,0.342,-0.922,0.8943,-0.8715,-4.606,55.6702,-0.6067,93.0911
1741334617.133,3.875,2.586,0.375,-0.926,0.8918,-0.8717,-4.6035,55.2188,-0.6512,93.1405
1741334617.213,3.875,2.586,0.375,-0.926,0.8916,-0.8714,-4.6031,55.2211,-0.607,92.963
1741334617.292,3.867,2.587,0.383,-0.927,0.8896,-0.8721,-4.6009,55.075,-0.5491,92.8014
1741334617.372,3.864,2.584,0.386,-0.924,0.8825,-0.8721,-4.596,54.6355,-0.1939,92.5007
1741334617.452,3.863,2.584,0.388,-0.923,0.8725,-0.8729,-4.587,53.8199,-0.631,92.7993
1741334617.531,3.855,2.594,0.396,-0.933,0.8594,-0.8726,-4.5792,53.5201,0.52,91.5015
1741334617.611,3.855,2.594,0.395,-0.934,0.8503,-0.8715,-4.5713,54.1807,-0.4033,93.0677
1741334617.691,3.835,2.598,0.415,-0.938,0.8478,-0.8702,-4.5664,54.1832,-1.7884,94.131
1741334617.77,3.818,2.59,0.432,-0.93,0.8363,-0.8708,-4.5607,54.2548,-0.6867,95.0724
1741334617.85,3.809,2.599,0.442,-0.938,0.8245,-0.8708,-4.5527,53.6805,-0.2766,94.908
1741334617.93,3.796,2.6,0.455,-0.939,0.8123,-0.872,-4.5441,53.7448,-0.1353,94.7453
1741334618.009,3.796,2.6,0.456,-0.939,0.801,-0.873,-4.5401,53.2832,1.6516,91.8815
1741334618.089,3.778,2.596,0.473,-0.935,0.7939,-0.8761,-4.5319,53.7818,0.4245,92.1952
1741334618.168,3.76,2.61,0.491,-0.949,0.7872,-0.8755,-4.5268,53.5798,0.0387,92.4336
1741334618.248,3.744,2.597,0.507,-0.936,0.783,-0.8759,-4.5229,53.5946,-0.1935,92.5893
1741334618.328,3.736,2.597,0.515,-0.936,0.7791,-0.8762,-4.5193,53.6265,-0.2395,92.6025
1741334618.407,3.736,2.597,0.515,-0.936,0.7737,-0.8764,-4.5154,53.6631,-0.1219,92.4869
1741334618.487,3.729,2.602,0.521,-0.942,0.7657,-0.8769,-4.5114,54.7672,-0.0834,92.3471
1741334618.567,3.725,2.603,0.526,-0.942,0.7559,-0.8769,-4.5075,56.4462,0.2542,92.034
1741334618.646,3.707,2.6,0.547,-0.938,0.7466,-0.8765,-4.5054,57.4973,1.4743,91.2519
1741334618.726,3.694,2.581,0.56,-0.918,0.7378,-0.8767,-4.5006,57.5533,1.8701,91.028
1741334618.806,3.694,2.581,0.561,-0.917,0.7287,-0.8781,-4.4906,58.0061,-0.2936,92.2928
1741334618.885,3.683,2.581,0.572,-0.918,0.7154,-0.8781,-4.4824,57.8524,-0.1508,92.2102
1741334618.965,3.667,2.58,0.587,-0.917,0.705,-0.8786,-4.4759,57.8157,-0.1128,92.2914
1741334619.045,3.643,2.586,0.611,-0.923,0.6979,-0.8786,-4.4712,57.7018,-0.0298,92.2174
1741334619.124,3.628,2.586,0.626,-0.923,0.6922,-0.8789,-4.4674,57.735,-0.1683,92.2006
1741334619.204,3.628,2.582,0.626,-0.919,0.6856,-0.8794,-4.4628,57.5369,-0.1385,92.245
1741334619.284,3.621,2.583,0.633,-0.92,0.6778,-0.8796,-4.4578,57.5289,-0.1019,92.1517
1741334619.363,3.61,2.585,0.643,-0.923,0.668,-0.8796,-4.4517,57.3169,0.0108,91.9883
1741334619.443,3.604,2.586,0.649,-0.924,0.6565,-0.8797,-4.4442,57.3315,0.0062,91.9438
1741334619.522,3.59,2.586,0.663,-0.924,0.6452,-0.8812,-4.4372,57.1998,0.2036,91.6768
1741334619.602,3.59,2.586,0.662,-0.924,0.6352,-0.881,-4.4309,57.0836,0.3515,91.5976
1741334619.682,3.568,2.588,0.684,-0.927,0.626,-0.8808,-4.4248,56.8847,0.3901,91.6373
1741334619.761,3.552,2.591,0.7,-0.93,0.6176,-0.8816,-4.419,56.7913,0.4383,91.5703
1741334619.841,3.544,2.584,0.707,-0.923,0.6091,-0.8821,-4.4127,56.5654,0.3612,91.6441
1741334619.921,3.53,2.584,0.721,-0.923,0.6001,-0.8823,-4.4062,56.3968,0.2669,91.6901
1741334620.0,3.53,2.573,0.721,-0.912,0.5902,-0.8824,-4.3997,56.2947,0.4032,91.5706
1741334620.08,3.514,2.579,0.737,-0.918,0.5799,-0.883,-4.3927,56.2779,0.4112,91.4984
1741334620.16,3.504,2.588,0.747,-0.927,0.5694,-0.8833,-4.3853,56.3298,0.3631,91.4648
1741334620.239,3.487,2.586,0.764,-0.925,0.5592,-0.8836,-4.3784,56.2691,0.3837,91.3887
1741334620.319,3.47,2.586,0.781,-0.925,0.5493,-0.884,-4.3715,56.2669,0.3,91.4318
1741334620.399,3.47,2.594,0.781,-0.933,0.5393,-0.8843,-4.3646,56.2714,0.3071,91.4453
1741334620.478,3.455,2.595,0.796,-0.935,0.5289,-0.8843,-4.3578,56.0908,0.4759,91.3892
1741334620.558,3.44,2.596,0.811,-0.936,0.5188,-0.8847,-4.3509,56.058,0.5214,91.3534
1741334620.638,3.428,2.591,0.822,-0.931,0.508,-0.8848,-4.3427,55.9324,0.424,91.4374
1741334620.717,3.412,2.591,0.838,-0.931,0.4961,-0.8852,-4.3345,55.8688,0.4837,91.317
1741334620.797,3.412,2.596,0.838,-0.936,0.4834,-0.8859,-4.3257,55.7343,0.5238,91.1403
1741334620.876,3.392,2.59,0.858,-0.93,0.477,-0.8851,-4.319,55.4041,-0.4714,91.0124
1741334620.956,3.37,2.598,0.88,-0.938,0.4707,-0.884,-4.3169,55.3837,0.3856,89.1131
1741334621.036,3.359,2.597,0.891,-0.937,0.4601,-0.8844,-4.3094,55.7238,0.5178,88.9196
1741334621.115,3.357,2.597,0.893,-0.937,0.4466,-0.8846,-4.3011,55.6808,1.0192,88.3432
1741334621.195,3.357,2.599,0.894,-0.938,0.4296,-0.8856,-4.2913,56.1834,1.7699,88.4206
1741334621.275,3.336,2.599,0.916,-0.937,0.4117,-0.887,-4.2808,57.133,2.1058,89.02
1741334621.354,3.313,2.597,0.939,-0.935,0.3944,-0.8876,-4.2679,57.0364,0.8145,90.8692
1741334621.434,3.284,2.586,0.968,-0.924,0.3813,-0.8888,-4.2586,57.0876,0.6251,90.8905
1741334621.514,3.284,2.586,0.968,-0.924,0.37,-0.8892,-4.2505,57.206,0.4141,91.0877
1741334621.593,3.256,2.596,0.998,-0.933,0.3632,-0.8884,-4.2423,57.8333,-1.3706,93.0944
1741334621.673,3.243,2.591,1.011,-0.928,0.359,-0.8879,-4.2371,57.9428,-2.6425,94.1332
1741334621.752,3.228,2.6,1.026,-0.936,0.3505,-0.8874,-4.2294,57.995,-3.5173,95.0192
1741334621.832,3.215,2.603,1.039,-0.94,0.3297,-0.8876,-4.2246,57.6814,0.5781,93.5534
1741334621.912,3.215,2.603,1.037,-0.941,0.3118,-0.888,-4.2139,57.0863,1.1594,92.7125
1741334622.071,3.171,2.59,1.08,-0.929,0.2827,-0.89,-4.1934,56.6789,0.9384,90.8592
1741334622.151,3.154,2.61,1.098,-0.949,0.2685,-0.8885,-4.1857,56.8471,0.8042,90.8252
1741334622.23,3.126,2.599,1.127,-0.937,0.2596,-0.8898,-4.1831,57.4267,2.3024,88.9209
1741334622.31,3.126,2.599,1.126,-0.937,0.2571,-0.8903,-4.1794,57.0162,1.9952,88.3924
1741334622.39,3.114,2.59,1.138,-0.929,0.252,-0.8906,-4.1751,56.8864,2.1191,87.9172
1741334622.469,3.103,2.593,1.149,-0.931,0.2404,-0.8905,-4.167,57.0664,2.0499,87.9371
1741334622.549,3.097,2.598,1.154,-0.937,0.2278,-0.8909,-4.1566,56.342,0.9694,88.107
1741334622.629,3.081,2.592,1.169,-0.932,0.2117,-0.8919,-4.1431,55.0816,0.3024,89.1839
1741334622.708,3.081,2.592,1.169,-0.932,0.1955,-0.8925,-4.1308,54.3445,0.4107,89.3274
1741334622.788,3.057,2.602,1.194,-0.941,0.1811,-0.8927,-4.1186,53.8139,-0.4742,90.8656
1741334622.867,3.039,2.599,1.212,-0.938,0.169,-0.8931,-4.1102,53.5418,0.0067,90.269
1741334622.947,3.014,2.61,1.237,-0.949,0.159,-0.8937,-4.1022,53.2011,0.0419,90.2843
1741334623.027,2.994,2.606,1.258,-0.944,0.1503,-0.8926,-4.0977,52.6741,0.8607,90.0144
1741334623.107,2.994,2.606,1.258,-0.944,0.1481,-0.8924,-4.0997,52.7351,2.2809,88.43
1741334623.186,2.98,2.615,1.272,-0.953,0.1447,-0.8916,-4.102,52.7621,4.5589,85.8674
1741334623.266,2.983,2.614,1.269,-0.952,0.1359,-0.8902,-4.096,53.0415,4.617,86.2913
1741334623.425,2.965,2.616,1.287,-0.954,0.1063,-0.8918,-4.0601,52.9219,-0.395,91.5776
1741334623.664,2.906,2.624,1.346,-0.962,0.062,-0.8955,-4.0222,52.9053,-1.9069,92.2053
1741334623.743,2.881,2.622,1.371,-0.96,0.0536,-0.8958,-4.0155,52.7291,-1.9953,92.2168
1741334623.823,2.867,2.624,1.386,-0.962,0.0458,-0.8955,-4.0085,52.5641,-2.2775,92.5634
1741334623.903,2.867,2.624,1.386,-0.961,0.0366,-0.8958,-4.0012,52.3625,-2.3232,92.6517
1741334623.982,2.846,2.634,1.407,-0.971,0.0256,-0.8963,-3.9925,52.2422,-2.3454,92.777
1741334624.062,2.84,2.631,1.413,-0.968,0.0118,-0.8966,-3.982,52.4301,-1.9686,92.8777
1741334624.142,2.82,2.635,1.432,-0.973,-0.0056,-0.897,-3.9736,52.5962,-0.1305,92.6596
1741334624.221,2.795,2.63,1.457,-0.968,-0.0196,-0.897,-3.9651,52.6787,0.8181,92.4046
1741334624.301,2.795,2.63,1.457,-0.968,-0.0295,-0.8971,-3.9559,52.8592,0.1829,92.6698
1741334624.381,2.779,2.636,1.473,-0.974,-0.038,-0.8978,-3.9469,53.0462,-0.5872,92.8077
1741334624.46,2.756,2.629,1.495,-0.968,-0.0461,-0.8975,-3.938,53.1441,-1.7027,93.1157
1741334624.54,2.744,2.64,1.507,-0.979,-0.0574,-0.898,-3.9296,53.2347,-1.3792,92.9787
1741334624.62,2.729,2.64,1.522,-0.979,-0.0682,-0.8991,-3.9213,53.3407,-1.4213,92.909
1741334626.153,2.468,2.667,1.791,-0.997,-0.2893,-0.9051,-3.7475,50.1218,1.433,89.5588
1741334627.029,2.294,2.659,1.956,-0.999,-0.423,-0.9076,-3.6516,55.2357,1.9517,89.2709
1741334627.268,2.253,2.664,1.997,-1.004,-0.461,-0.9095,-3.6242,54.9506,1.7312,89.7711
1741334627.347,2.233,2.661,2.017,-1.001,-0.4735,-0.9092,-3.6155,54.8986,1.7583,89.8044
1741334627.427,2.213,2.661,2.037,-1.001,-0.4855,-0.9094,-3.6067,54.9759,1.5593,89.9493
1741334639.175,0.546,2.671,3.704,-1.01,-1.8203,-0.9439,-2.6798,53.2761,1.313,87.9473
1741334649.289,2.232,2.631,2.018,-0.971,-0.441,-0.9082,-3.67,55.7368,1.522,89.9034
1741334649.489,2.267,2.632,1.983,-0.972,-0.4135,-0.9068,-3.6887,55.458,1.7406,89.4355
1741334650.604,2.45,2.628,1.802,-0.966,-0.2593,-0.9036,-3.7935,57.1748,1.7404,89.2288
1741334650.683,2.47,2.628,1.782,-0.966,-0.2484,-0.9033,-3.8007,57.1671,1.8499,89.1496
1741334650.922,2.5,2.624,1.75,-0.964,-0.2153,-0.9019,-3.82,54.7516,2.0713,89.0605
1741334651.002,2.516,2.629,1.736,-0.967,-0.2039,-0.9023,-3.826,52.9152,1.9067,89.2178
1741334651.082,2.533,2.629,1.719,-0.967,-0.1936,-0.9023,-3.8337,52.6545,1.9709,89.2646
1741334651.798,2.65,2.63,1.601,-0.969,-0.0975,-0.8996,-3.9052,53.5691,1.3462,89.9814
1741334651.997,2.68,2.633,1.575,-0.968,-0.0848,-0.8997,-3.918,51.5534,1.2121,90.313
1741334652.077,2.687,2.633,1.571,-0.965,-0.0785,-0.8999,-3.9259,50.4826,1.8087,89.5632
1741334653.073,2.82,2.592,1.443,-0.92,0.0033,-0.8964,-4.0349,49.5729,1.5173,90.2624
1741334653.71,2.905,2.546,1.355,-0.877,0.0742,-0.8945,-4.1068,59.7963,3.8044,88.5944
1741334653.789,2.913,2.546,1.347,-0.878,0.075,-0.8942,-4.1085,59.6558,4.5463,88.2258
1741334653.869,2.927,2.544,1.333,-0.875,0.0764,-0.8935,-4.1097,59.7147,4.5462,88.5564
1741334653.949,2.927,2.563,1.333,-0.895,0.0804,-0.8927,-4.1131,59.6376,4.9188,88.5219
1741334654.586,3.032,2.553,1.218,-0.893,0.186,-0.8917,-4.1746,55.145,2.222,89.4455
1741334654.665,3.032,2.558,1.218,-0.898,0.1859,-0.8918,-4.174,55.2335,2.1876,89.4881
1741334654.745,3.049,2.555,1.201,-0.895,0.1857,-0.8914,-4.1733,55.2928,2.0324,89.6512
1741334654.825,3.05,2.546,1.2,-0.886,0.1868,-0.8914,-4.1738,55.8531,2.1776,89.5228
1741334654.904,3.044,2.547,1.209,-0.885,0.1905,-0.891,-4.1749,57.3293,2.5751,89.0075
1741334654.984,3.044,2.547,1.214,-0.88,0.1962,-0.8898,-4.1789,59.109,3.6939,87.7524
1741334655.541,3.148,2.558,1.113,-0.889,0.2794,-0.8875,-4.2285,59.88,4.7943,87.8454
1741334655.621,3.156,2.583,1.106,-0.913,0.2799,-0.8873,-4.2287,59.9347,4.5628,88.1232
1741334655.701,3.157,2.583,1.105,-0.913,0.2815,-0.887,-4.2296,59.9364,4.4228,88.5552
1741334656.179,3.215,2.562,1.036,-0.901,0.3587,-0.8861,-4.2628,56.3954,-1.1543,92.7473
1741334656.418,3.247,2.563,1.003,-0.903,0.3838,-0.8864,-4.2843,55.99,1.0159,90.8318
1741334656.497,3.266,2.566,0.985,-0.905,0.3912,-0.8856,-4.2908,56.4655,1.7612,89.7615
1741334656.577,3.279,2.566,0.972,-0.905,0.3953,-0.8849,-4.2938,56.5639,1.7707,89.2341
1741334656.656,3.279,2.566,0.973,-0.905,0.3967,-0.8848,-4.2948,56.7364,1.8673,89.0892
1741334656.736,3.289,2.564,0.963,-0.903,0.3976,-0.8841,-4.2957,56.7606,2.0491,88.8791
1741334656.816,3.288,2.559,0.964,-0.898,0.4008,-0.8838,-4.2996,56.7966,2.9971,88.1803
1741334656.895,3.291,2.563,0.96,-0.902,0.4086,-0.8829,-4.3077,56.3547,4.2189,87.56
1741334657.294,3.371,2.565,0.879,-0.905,0.4797,-0.8833,-4.3473,55.3303,0.7699,90.86
1741334657.373,3.381,2.565,0.869,-0.905,0.487,-0.8831,-4.3527,55.3493,0.7898,91.044
1741334657.453,3.381,2.564,0.869,-0.904,0.4933,-0.8827,-4.3573,55.4378,0.904,90.9586
1741334657.533,3.395,2.565,0.855,-0.905,0.4995,-0.8827,-4.3621,55.4929,1.0172,90.8848
1741334657.732,3.415,2.562,0.835,-0.902,0.5213,-0.8811,-4.3774,55.8095,1.0707,90.9058
1741334658.09,3.468,2.56,0.783,-0.899,0.5669,-0.8809,-4.4072,56.2465,0.377,91.5954
1741334658.17,3.481,2.56,0.77,-0.899,0.5758,-0.8804,-4.4132,56.2956,0.4076,91.5706
1741334658.329,3.501,2.555,0.75,-0.894,0.5933,-0.8804,-4.4261,56.4946,0.7299,91.2965
1741334658.409,3.511,2.546,0.74,-0.885,0.6019,-0.8799,-4.4317,56.5642,0.7395,91.2659
1741334658.488,3.525,2.546,0.726,-0.885,0.6109,-0.879,-4.4375,56.6585,0.5779,91.4121
1741334658.568,3.542,2.555,0.71,-0.894,0.6209,-0.8788,-4.444,56.6761,0.4194,91.4441
1741334658.807,3.569,2.561,0.683,-0.9,0.6506,-0.8785,-4.4629,56.9261,0.1684,91.7685
1741334658.887,3.585,2.561,0.667,-0.899,0.6596,-0.8779,-4.4691,56.9877,0.1613,91.7436
1741334658.966,3.595,2.561,0.657,-0.899,0.6683,-0.8777,-4.475,57.0962,0.2848,91.668
1741334659.205,3.623,2.56,0.63,-0.898,0.6937,-0.8766,-4.4927,57.3839,0.5264,91.5405
1741334659.364,3.649,2.555,0.605,-0.893,0.7119,-0.8755,-4.5045,57.5262,0.2892,91.8457
1741334659.524,3.66,2.555,0.597,-0.89,0.7166,-0.8744,-4.5108,58.4494,2.4232,90.4974
1741334659.603,3.66,2.561,0.597,-0.896,0.7165,-0.8745,-4.5107,58.5186,2.2777,90.6743
1741334659.683,3.673,2.561,0.582,-0.897,0.715,-0.8733,-4.5131,58.0549,3.4602,89.9481
1741334659.763,3.674,2.558,0.577,-0.897,0.7131,-0.8727,-4.518,56.3266,5.1503,88.7566
1741334659.842,3.674,2.559,0.576,-0.899,0.716,-0.8718,-4.5252,55.5113,6.332,87.7595
1741334660.4,3.756,2.559,0.495,-0.898,0.7961,-0.8701,-4.5662,56.3054,-0.2064,94.6749
1741334660.479,3.763,2.559,0.488,-0.898,0.8042,-0.8698,-4.5725,56.3804,-0.1361,94.6896
1741334660.798,3.815,2.548,0.439,-0.885,0.8448,-0.8707,-4.6012,57.5602,0.1988,91.5111
1741334660.878,3.829,2.548,0.425,-0.886,0.8442,-0.8707,-4.6011,57.4875,0.1747,91.5948
1741334660.958,3.829,2.548,0.425,-0.885,0.8442,-0.8709,-4.601,57.5446,0.0946,91.6285
1741334661.037,3.832,2.549,0.424,-0.885,0.8457,-0.871,-4.6005,58.1631,-0.0936,91.7358
1741334661.117,3.835,2.552,0.428,-0.883,0.8483,-0.8708,-4.6008,59.7593,-0.1226,91.7629
1741334664.521,4.034,2.633,0.255,-0.947,0.977,-0.866,-4.6169,63.0201,-2.1014,94.2456
1741334664.601,3.979,2.618,0.312,-0.931,0.9767,-0.8657,-4.6163,63.2619,-2.0841,94.2493
1741334664.68,3.972,2.618,0.318,-0.932,0.9768,-0.8661,-4.6167,63.0943,-2.1312,94.3023
1741334664.76,3.972,2.62,0.313,-0.937,0.976,-0.8663,-4.6166,62.6255,-1.673,94.1034
1741334664.84,3.972,2.62,0.293,-0.95,0.9768,-0.8662,-4.6162,59.9893,-0.1505,92.8166
1741334664.92,3.971,2.614,0.295,-0.943,0.9768,-0.8663,-4.6158,60.1944,-0.2872,92.9563
1741334664.999,3.953,2.614,0.314,-0.943,0.9767,-0.8664,-4.6158,60.2826,-0.3489,92.8916
1741334665.079,3.955,2.614,0.312,-0.943,0.9768,-0.8664,-4.6159,60.2978,-0.3678,92.9768
1741334665.158,3.954,2.607,0.312,-0.936,0.9767,-0.8661,-4.6153,60.227,-0.3492,92.8198
1741334665.238,3.954,2.614,0.313,-0.943,0.9767,-0.8663,-4.6156,60.2577,-0.3286,92.8769
1741334665.318,3.955,2.613,0.312,-0.942,0.977,-0.8663,-4.6156,60.258,-0.3938,92.9918
1741334665.397,3.956,2.607,0.309,-0.937,0.981,-0.8669,-4.6164,59.9367,-1.3733,94.4634
1741334666.114,4.082,2.619,0.187,-0.947,1.0862,-0.8632,-4.6777,60.4855,-1.558,94.3469
1741334666.194,4.084,2.622,0.185,-0.95,1.0839,-0.8631,-4.6764,60.4649,-1.5766,94.3855
1741334666.274,4.084,2.622,0.185,-0.95,1.0824,-0.8633,-4.6758,60.473,-1.5274,94.3509
1741334666.353,4.084,2.616,0.185,-0.944,1.0822,-0.8634,-4.6754,60.4868,-1.5234,94.3352
1741334666.433,4.082,2.621,0.187,-0.949,1.0822,-0.8634,-4.6756,60.5058,-1.4845,94.3035
1741334666.512,4.08,2.62,0.189,-0.948,1.0821,-0.8634,-4.6756,60.5159,-1.4683,94.2876
1741334666.592,4.078,2.617,0.191,-0.945,1.0822,-0.8633,-4.6756,60.5086,-1.4717,94.2834
1741334666.672,4.081,2.617,0.188,-0.945,1.0822,-0.8635,-4.6757,60.5146,-1.4963,94.2993
1741334666.751,4.081,2.619,0.188,-0.947,1.0822,-0.8635,-4.6757,60.515,-1.5123,94.3078
1741334666.831,4.078,2.616,0.191,-0.944,1.0823,-0.8634,-4.6758,60.5128,-1.5191,94.304
1741334666.911,4.08,2.617,0.189,-0.945,1.0823,-0.8634,-4.6758,60.5028,-1.5118,94.3039
1741334666.99,4.079,2.616,0.19,-0.944,1.0822,-0.8634,-4.676,60.5039,-1.5168,94.3154
1741334667.07,4.081,2.616,0.188,-0.944,1.0823,-0.8634,-4.6759,60.5028,-1.5115,94.3183
1741334667.15,4.081,2.62,0.187,-0.948,1.0823,-0.8635,-4.6759,60.4555,-1.4784,94.2056
1741334667.229,4.081,2.616,0.188,-0.944,1.0822,-0.8635,-4.6762,60.4885,-1.5093,94.2882
1741334667.309,4.08,2.621,0.189,-0.949,1.0822,-0.8634,-4.676,60.487,-1.5112,94.2811
1741334667.388,4.079,2.617,0.19,-0.945,1.0823,-0.8634,-4.6759,60.4992,-1.493,94.2785
1741334667.468,4.079,2.617,0.19,-0.945,1.0823,-0.8636,-4.676,60.5043,-1.5014,94.298
1741334667.548,4.079,2.621,0.19,-0.949,1.0821,-0.8633,-4.6759,60.4889,-1.4761,94.1634
1741334667.627,4.079,2.617,0.19,-0.945,1.0823,-0.8635,-4.6761,60.5091,-1.4669,94.2018
1741334667.707,4.078,2.617,0.191,-0.945,1.0823,-0.8636,-4.6761,60.5095,-1.4824,94.2401
1741334667.787,4.079,2.617,0.19,-0.945,1.0824,-0.8635,-4.6761,60.5217,-1.4672,94.246
1741334667.866,4.081,2.617,0.188,-0.945,1.0823,-0.8634,-4.6762,60.5063,-1.4659,94.2522
1741334667.946,4.081,2.621,0.188,-0.949,1.0823,-0.8634,-4.6763,60.5057,-1.4757,94.2641
1741334668.026,4.08,2.62,0.189,-0.948,1.0823,-0.8635,-4.6762,60.5113,-1.4633,94.2542
1741334668.105,4.079,2.617,0.19,-0.945,1.0824,-0.8634,-4.6763,60.5207,-1.5108,94.2961
1741334668.185,4.081,2.62,0.188,-0.948,1.0823,-0.8635,-4.6764,60.5204,-1.5052,94.3141
1741334668.265,4.08,2.62,0.189,-0.948,1.0823,-0.8635,-4.6766,60.5168,-1.5524,94.3675
1741334668.344,4.08,2.621,0.189,-0.949,1.0824,-0.8633,-4.6763,60.4929,-1.5505,94.2983
1741334668.424,4.08,2.616,0.189,-0.944,1.0823,-0.8635,-4.6766,60.4965,-1.5168,94.2665
1741334668.503,4.08,2.616,0.189,-0.944,1.0824,-0.8636,-4.6765,60.5069,-1.5393,94.294
1741334668.583,4.08,2.616,0.189,-0.944,1.0824,-0.8634,-4.6764,60.4902,-1.5097,94.2214
1741334668.663,4.08,2.616,0.189,-0.944,1.0825,-0.8635,-4.6766,60.5079,-1.5359,94.2946
1741334668.743,4.08,2.617,0.189,-0.945,1.0824,-0.8635,-4.6767,60.4977,-1.5014,94.2606
1741334668.822,4.081,2.62,0.188,-0.948,1.0824,-0.8635,-4.6767,60.5085,-1.4827,94.2497
1741334668.902,4.078,2.62,0.191,-0.948,1.0824,-0.8634,-4.6766,60.495,-1.5049,94.2736
1741334668.981,4.08,2.617,0.189,-0.945,1.0825,-0.8635,-4.6768,60.4962,-1.531,94.3183
1741334669.061,4.08,2.617,0.189,-0.945,1.0824,-0.8635,-4.6768,60.4983,-1.5339,94.3097
1741334669.141,4.08,2.62,0.189,-0.948,1.0825,-0.8636,-4.677,60.4993,-1.5491,94.3319
1741334669.22,4.08,2.62,0.189,-0.948,1.0824,-0.8634,-4.6765,60.4842,-1.514,94.2486
1741334669.3,4.08,2.622,0.189,-0.95,1.0824,-0.8636,-4.6769,60.4948,-1.5364,94.2896
1741334669.38,4.08,2.617,0.189,-0.945,1.0825,-0.8635,-4.6769,60.4933,-1.5628,94.3207
1741334669.459,4.079,2.617,0.19,-0.945,1.0824,-0.8635,-4.677,60.5057,-1.5935,94.3455
1741334669.539,4.079,2.617,0.19,-0.945,1.0825,-0.8636,-4.677,60.5139,-1.6055,94.3521
1741334669.619,4.08,2.617,0.189,-0.945,1.0825,-0.8636,-4.6771,60.502,-1.6182,94.3749
1741334669.698,4.08,2.617,0.189,-0.945,1.0824,-0.8636,-4.6772,60.5041,-1.6105,94.3719
1741334669.778,4.081,2.617,0.188,-0.945,1.0825,-0.8636,-4.6771,60.4951,-1.6074,94.3734
1741334669.857,4.081,2.617,0.188,-0.945,1.0826,-0.8637,-4.6772,60.5002,-1.5944,94.3675
1741334669.937,4.081,2.62,0.188,-0.948,1.0826,-0.8636,-4.6772,60.5009,-1.5977,94.3681
1741334670.017,4.081,2.616,0.188,-0.944,1.0824,-0.8634,-4.677,60.4726,-1.6012,94.3336
1741334670.096,4.08,2.617,0.188,-0.945,1.0824,-0.8634,-4.6769,60.4452,-1.5596,94.1873
1741334682.481,4.079,2.616,0.175,-0.953,1.0826,-0.8641,-4.6775,-119.3648,178.6055,-92.3919
1741334682.561,4.079,2.616,0.175,-0.953,1.0825,-0.8641,-4.6773,-119.3571,178.5871,-92.4123
1741334682.641,4.079,2.62,0.175,-0.957,1.0825,-0.8642,-4.6774,-119.3506,178.5962,-92.3969
1741334682.72,4.079,2.621,0.175,-0.958,1.0826,-0.8642,-4.6775,-119.3575,178.6156,-92.3702
1741334682.8,4.081,2.62,0.173,-0.957,1.0826,-0.8642,-4.6775,-119.3549,178.6129,-92.3791
1741334682.879,4.079,2.617,0.175,-0.954,1.0826,-0.8642,-4.6776,-119.3603,178.5945,-92.406
1741334682.959,4.08,2.617,0.174,-0.954,1.0826,-0.8641,-4.6775,-119.3616,178.5946,-92.3989
1741334683.039,4.08,2.621,0.174,-0.958,1.0826,-0.8642,-4.6776,-119.3647,178.5964,-92.395
1741334683.118,4.078,2.616,0.176,-0.953,1.0826,-0.8642,-4.6775,-119.3652,178.5878,-92.4027
1741334683.198,4.078,2.618,0.176,-0.955,1.0826,-0.8642,-4.6775,-119.3597,178.5712,-92.4404
1741334683.278,4.079,2.617,0.175,-0.954,1.0826,-0.8642,-4.6776,-119.3582,178.5734,-92.4385
1741334683.357,4.079,2.617,0.175,-0.954,1.0826,-0.8642,-4.6776,-119.3591,178.5752,-92.4304
1741334683.437,4.079,2.617,0.175,-0.954,1.0826,-0.8641,-4.6778,-119.3625,178.5953,-92.4069
1741334683.517,4.079,2.62,0.175,-0.957,1.0826,-0.8642,-4.6777,-119.3665,178.5941,-92.4043
1741334683.596,4.079,2.616,0.175,-0.953,1.0826,-0.8643,-4.6777,-119.3571,178.5858,-92.4157
1741334683.676,4.079,2.621,0.175,-0.958,1.0827,-0.8643,-4.6776,-119.3587,178.5926,-92.4096
1741334683.755,4.077,2.621,0.177,-0.958,1.0827,-0.8642,-4.6777,-119.3633,178.5942,-92.4111
1741334683.835,4.077,2.617,0.177,-0.954,1.0826,-0.8642,-4.6777,-119.3631,178.5933,-92.4098
1741334683.915,4.08,2.616,0.174,-0.953,1.0827,-0.8642,-4.6776,-119.3604,178.5962,-92.4031
1741334683.995,4.08,2.62,0.174,-0.957,1.0827,-0.8642,-4.6778,-119.3593,178.6195,-92.3737
1741334684.074,4.078,2.62,0.176,-0.957,1.0826,-0.8642,-4.6776,-119.3521,178.5953,-92.4252
1741334684.154,4.079,2.62,0.175,-0.957,1.0826,-0.8642,-4.6778,-119.3566,178.6045,-92.4016
1741334684.233,4.079,2.62,0.175,-0.957,1.0821,-0.8641,-4.6775,-119.4355,178.6002,-92.4056
1741334684.313,4.08,2.62,0.174,-0.957,1.0763,-0.8644,-4.674,-119.4698,178.5911,-92.4245
1741334684.393,4.077,2.617,0.176,-0.955,1.0622,-0.8653,-4.6658,-119.6686,178.6263,-92.4776
1741334684.472,4.07,2.619,0.183,-0.957,1.0427,-0.8661,-4.6537,-119.8979,178.6448,-92.5199
1741334684.552,4.05,2.619,0.202,-0.957,1.0206,-0.8664,-4.6409,-119.9941,178.6989,-92.4154
1741334684.791,3.987,2.609,0.265,-0.948,0.9742,-0.8653,-4.6141,-120.3392,179.2149,-90.1737
1741334685.03,3.95,2.608,0.301,-0.948,0.9393,-0.8669,-4.5912,-121.0787,178.6918,-90.2978
1741334685.269,3.876,2.597,0.374,-0.937,0.8788,-0.8708,-4.5545,-121.4521,179.232,-91.7118
1741334685.348,3.849,2.597,0.401,-0.937,0.8669,-0.8704,-4.5466,-122.4681,179.8142,-90.7841
1741334685.428,3.849,2.605,0.401,-0.945,0.8532,-0.8693,-4.5391,-121.9277,-179.905,-92.416
1741334685.508,3.824,2.61,0.426,-0.95,0.8407,-0.869,-4.5295,-122.2584,179.1854,-94.1297
1741334685.587,3.808,2.6,0.442,-0.94,0.8244,-0.87,-4.5192,-122.0109,179.1701,-94.1951
1741334685.667,3.789,2.611,0.461,-0.951,0.8093,-0.8737,-4.5089,-121.9632,178.9334,-92.1232
1741334685.747,3.763,2.611,0.487,-0.951,0.7891,-0.8739,-4.4966,-122.2391,179.5239,-91.7615
1741334685.906,3.738,2.601,0.512,-0.941,0.7579,-0.8751,-4.478,-122.5994,-179.9806,-91.2679
1741334685.986,3.707,2.606,0.543,-0.946,0.7458,-0.8746,-4.4711,-122.3978,-179.4526,-90.8885
1741334686.065,3.684,2.605,0.566,-0.945,0.7353,-0.8755,-4.4628,-121.7734,179.4618,-91.4344
1741334686.145,3.673,2.605,0.577,-0.945,0.7202,-0.8761,-4.4533,-121.5623,179.2964,-91.5812
1741334686.224,3.673,2.598,0.577,-0.938,0.7041,-0.8767,-4.443,-121.6078,179.1732,-91.8598
1741334686.304,3.653,2.602,0.597,-0.942,0.6873,-0.8779,-4.4328,-121.5452,179.268,-91.8075
1741334686.384,3.628,2.603,0.622,-0.943,0.6709,-0.8785,-4.4226,-121.5617,179.2039,-91.7934
1741334686.463,3.604,2.603,0.646,-0.943,0.6549,-0.8791,-4.4136,-121.5657,179.5317,-91.4245
1741334686.543,3.577,2.603,0.673,-0.943,0.64,-0.8795,-4.405,-121.743,179.8206,-91.098
1741334686.623,3.577,2.596,0.673,-0.936,0.6256,-0.8796,-4.3958,-121.778,179.6869,-91.301
1741334686.702,3.56,2.6,0.69,-0.94,0.611,-0.8797,-4.3868,-121.7482,179.4141,-91.6234
1741334686.901,3.513,2.603,0.737,-0.943,0.5732,-0.8816,-4.3632,-121.7284,179.3246,-91.5634
1741334686.981,3.491,2.604,0.759,-0.944,0.5576,-0.882,-4.3537,-121.5834,179.1959,-91.5304
1741334687.061,3.469,2.6,0.781,-0.94,0.5426,-0.8824,-4.3449,-121.5363,179.4239,-91.3387
1741334687.14,3.449,2.6,0.801,-0.94,0.5278,-0.8836,-4.3358,-121.5117,179.4919,-91.528
1741334687.22,3.449,2.598,0.801,-0.938,0.5129,-0.8843,-4.3263,-121.4177,179.2448,-91.7625
1741334687.3,3.423,2.597,0.827,-0.937,0.497,-0.8841,-4.3165,-121.4205,179.1415,-91.7708
1741334687.379,3.406,2.601,0.844,-0.941,0.4815,-0.8846,-4.3076,-121.3572,179.2831,-91.5791
1741334687.459,3.381,2.598,0.869,-0.938,0.4727,-0.8829,-4.301,-121.7551,178.6107,-90.7479
1741334687.539,3.357,2.598,0.893,-0.938,0.4622,-0.8835,-4.2951,-121.5811,179.0906,-89.6436
1741334687.618,3.357,2.604,0.893,-0.944,0.4481,-0.8841,-4.2872,-121.1709,179.3818,-89.0242
1741334687.698,3.348,2.595,0.903,-0.935,0.4296,-0.8846,-4.2783,-120.9214,-179.648,-88.7379
1741334687.778,3.331,2.6,0.921,-0.938,0.4074,-0.8871,-4.2629,-119.9689,178.8882,-92.0206
1741334687.857,3.307,2.606,0.945,-0.945,0.3875,-0.8871,-4.2524,-120.0967,179.279,-91.4189
1741334688.016,3.275,2.597,0.979,-0.934,0.3576,-0.8866,-4.2317,-119.1159,177.0898,-93.7352
1741334688.096,3.251,2.6,1.004,-0.936,0.3488,-0.8855,-4.224,-118.8324,174.7857,-96.0284
1741334688.176,3.229,2.605,1.025,-0.942,0.3325,-0.885,-4.2212,-119.045,178.4203,-94.514
1741334688.255,3.217,2.605,1.036,-0.942,0.3161,-0.8863,-4.2116,-119.4013,178.9978,-94.0332
1741334688.494,3.167,2.597,1.085,-0.935,0.2624,-0.8923,-4.18,-119.9388,179.6146,-91.2451
1741334688.574,3.139,2.586,1.113,-0.924,0.25,-0.8898,-4.176,-119.8062,-179.4566,-89.3308
1741334688.654,3.11,2.586,1.14,-0.926,0.2425,-0.8892,-4.1713,-122.4832,-178.2114,-88.169
1741334688.733,3.11,2.582,1.141,-0.921,0.2353,-0.889,-4.1624,-123.3081,-179.8917,-88.7476
1741334688.813,3.097,2.577,1.154,-0.916,0.2218,-0.8894,-4.1515,-123.613,179.1611,-89.358
1741334688.893,3.087,2.591,1.166,-0.929,0.2053,-0.8906,-4.1392,-124.5133,178.9214,-89.7458
1741334688.972,3.073,2.595,1.18,-0.932,0.1877,-0.891,-4.1267,-124.5914,179.0509,-89.7083
1741334689.052,3.044,2.595,1.211,-0.931,0.1705,-0.8916,-4.1134,-125.2783,178.6208,-90.6054
1741334689.211,3.019,2.599,1.239,-0.932,0.1421,-0.8903,-4.0963,-126.2494,-179.8947,-90.1466
1741334689.291,2.987,2.597,1.271,-0.93,0.1351,-0.8895,-4.0995,-126.179,-176.5605,-86.2366
1741334689.37,2.969,2.596,1.288,-0.93,0.1256,-0.8893,-4.0928,-125.8437,-176.703,-86.5108
1741334689.45,2.97,2.596,1.288,-0.929,0.1124,-0.889,-4.0735,-126.1941,178.7849,-92.4504
1741334689.769,2.892,2.612,1.363,-0.947,0.0437,-0.8947,-4.0172,-125.3947,175.9783,-94.3495
1741334689.848,2.866,2.612,1.388,-0.949,0.0262,-0.8949,-4.0095,-124.8834,177.9512,-94.0132
1741334690.008,2.834,2.606,1.419,-0.943,0.0108,-0.8953,-3.9939,-124.8446,175.8469,-94.8245
1741334690.087,2.816,2.603,1.437,-0.94,-0.0004,-0.8953,-3.9877,-124.6928,176.5316,-94.475
1741334690.167,2.809,2.604,1.444,-0.941,-0.0114,-0.8954,-3.9797,-124.588,176.2234,-94.6055
1741334690.247,2.793,2.604,1.459,-0.942,-0.0244,-0.8955,-3.9703,-124.3509,176.0302,-94.8277
1741334690.326,2.793,2.604,1.459,-0.942,-0.0391,-0.8961,-3.9608,-124.2336,176.4623,-94.685
1741334690.406,2.774,2.608,1.478,-0.946,-0.0535,-0.897,-3.9508,-124.2165,176.6273,-94.5573
1741334690.485,2.755,2.607,1.497,-0.945,-0.0685,-0.8972,-3.9418,-124.1206,177.0369,-94.0037
1741334690.565,2.73,2.612,1.523,-0.949,-0.0858,-0.8988,-3.9367,-124.5801,-178.9888,-89.7305
1741334690.645,2.702,2.612,1.555,-0.945,-0.0985,-0.9017,-3.924,-126.0438,-179.7647,-90.0511
1741334690.724,2.702,2.604,1.563,-0.93,-0.1069,-0.9012,-3.9154,-127.9981,-179.3057,-89.4969
1741334690.804,2.692,2.612,1.579,-0.931,-0.117,-0.9015,-3.9051,-129.2253,-179.6164,-90.3555
1741334690.884,2.674,2.621,1.599,-0.938,-0.1287,-0.9004,-3.8962,-129.587,-179.714,-90.4321
1741334690.963,2.67,2.634,1.605,-0.95,-0.1449,-0.9005,-3.8825,-129.8089,-179.8177,-90.4979
1741334691.043,2.65,2.634,1.627,-0.947,-0.1617,-0.9009,-3.8682,-130.1514,-179.7139,-90.3176
1741334691.202,2.621,2.642,1.658,-0.953,-0.1922,-0.9014,-3.8415,-130.5684,-179.6447,-90.1839
1741334691.282,2.597,2.648,1.683,-0.957,-0.2052,-0.9021,-3.8301,-130.7663,-179.6294,-90.2117
1741334691.362,2.575,2.647,1.707,-0.954,-0.2173,-0.9021,-3.8196,-131.0723,-179.4937,-90.1335
1741334691.441,2.561,2.647,1.721,-0.954,-0.2293,-0.9024,-3.8084,-131.0784,-179.8445,-90.3881
1741334691.521,2.561,2.653,1.722,-0.959,-0.2424,-0.9025,-3.7967,-131.202,-179.8558,-90.418
1741334691.601,2.535,2.657,1.748,-0.962,-0.256,-0.9029,-3.7844,-131.2796,-179.823,-90.3227
1741334691.68,2.522,2.666,1.761,-0.971,-0.27,-0.9033,-3.7716,-131.3408,-179.8882,-90.4175
1741334691.76,2.497,2.671,1.785,-0.977,-0.2839,-0.9032,-3.7597,-131.1515,-179.95,-90.4815
1741334691.84,2.472,2.671,1.798,-0.989,-0.2993,-0.9037,-3.749,-129.2788,179.9481,-90.6108
1741334692.078,2.412,2.651,1.851,-0.977,-0.3412,-0.9045,-3.7182,-127.9905,-179.9681,-90.3401
1741334692.158,2.395,2.656,1.869,-0.981,-0.3552,-0.9049,-3.7072,-128.1283,-179.87,-90.2666
1741334692.238,2.372,2.656,1.893,-0.979,-0.3694,-0.9052,-3.6958,-128.437,-179.8256,-90.2868
1741334692.317,2.372,2.657,1.894,-0.979,-0.3835,-0.9053,-3.6845,-128.7506,-179.7709,-90.3208
1741334692.397,2.35,2.658,1.916,-0.98,-0.3979,-0.9055,-3.6732,-128.6131,-179.86,-90.4239
1741334692.636,2.275,2.661,1.979,-0.996,-0.4448,-0.9071,-3.6428,-125.4202,179.9873,-90.9029
1741334692.875,2.227,2.653,2.025,-0.99,-0.4889,-0.9079,-3.6124,-124.6704,179.7955,-91.3655
1741334692.954,2.205,2.657,2.046,-0.996,-0.5049,-0.9085,-3.6069,-120.6393,179.4789,-91.556
1741334693.034,2.181,2.657,2.077,-0.987,-0.5231,-0.9087,-3.6017,-116.9402,179.2613,-91.7589
1741334693.114,2.181,2.648,2.08,-0.974,-0.5398,-0.9097,-3.594,-116.204,179.203,-91.8429
1741334693.353,2.125,2.646,2.134,-0.975,-0.5889,-0.911,-3.5695,-116.8671,179.62,-91.341
1741334693.751,2.026,2.632,2.224,-0.972,-0.6616,-0.9125,-3.5231,-121.1473,179.42,-91.0255
1741334693.91,2.002,2.637,2.248,-0.977,-0.6821,-0.9126,-3.5115,-120.9667,179.4542,-89.971
1741334694.069,1.97,2.63,2.281,-0.969,-0.7116,-0.9137,-3.4905,-123.9111,179.7939,-89.3552
1741334694.149,1.951,2.63,2.301,-0.967,-0.7283,-0.9134,-3.4795,-124.5641,-179.7245,-88.7954
1741334694.866,1.784,2.663,2.472,-0.994,-0.8426,-0.9172,-3.3873,-126.7697,175.6331,-93.8215
1741334694.945,1.772,2.663,2.484,-0.995,-0.8506,-0.9158,-3.3811,-126.5163,175.9012,-92.5333
1741334718.58,4.044,2.461,0.225,-0.79,0.9675,-0.8674,-4.8101,-127.5139,179.124,-91.896
1741334718.66,4.056,2.466,0.213,-0.794,0.967,-0.8674,-4.8095,-127.5396,179.1091,-91.9241
1741334718.739,4.059,2.464,0.21,-0.792,0.9669,-0.8674,-4.8094,-127.5388,179.099,-91.936
1741334718.819,4.058,2.464,0.211,-0.792,0.9669,-0.8674,-4.8094,-127.5393,179.0902,-91.9528
1741334718.898,4.058,2.462,0.211,-0.79,0.9669,-0.8673,-4.8094,-127.5404,179.0914,-91.9492
1741334718.978,4.058,2.464,0.211,-0.793,0.967,-0.8674,-4.8093,-127.5368,179.0975,-91.9386
1741334719.058,4.056,2.463,0.213,-0.791,0.9669,-0.8674,-4.8091,-127.5452,179.0963,-91.9402
1741334719.137,4.058,2.466,0.211,-0.794,0.9669,-0.8673,-4.8093,-127.5474,179.1038,-91.931
1741334719.217,4.057,2.466,0.212,-0.794,0.9669,-0.8673,-4.8093,-127.545,179.1079,-91.9244
1741334719.297,4.058,2.467,0.211,-0.795,0.9669,-0.8673,-4.8092,-127.5472,179.1104,-91.9257
1741334719.376,4.058,2.463,0.211,-0.791,0.967,-0.8674,-4.8091,-127.5473,179.1209,-91.9238
1741334719.456,4.057,2.465,0.212,-0.793,0.967,-0.8675,-4.8091,-127.5392,179.1551,-91.8777
1741334719.536,4.058,2.466,0.211,-0.794,0.9669,-0.8673,-4.8091,-127.5415,179.1655,-91.8783
1741334719.615,4.058,2.466,0.211,-0.794,0.9669,-0.8673,-4.8092,-127.5386,179.1558,-91.8857
1741334719.695,4.057,2.461,0.212,-0.789,0.9668,-0.8673,-4.8091,-127.5433,179.156,-91.8818
1741334719.775,4.057,2.466,0.212,-0.794,0.9668,-0.8673,-4.8091,-127.5428,179.1499,-91.8764
1741334719.854,4.057,2.466,0.212,-0.794,0.9668,-0.8673,-4.8092,-127.5451,179.1556,-91.8807
1741334719.934,4.058,2.463,0.211,-0.791,0.9667,-0.8673,-4.8091,-127.548,179.1591,-91.8823
1741334720.013,4.058,2.463,0.211,-0.791,0.9669,-0.8674,-4.8091,-127.5533,179.1571,-91.8882
1741334720.093,4.058,2.464,0.211,-0.792,0.9668,-0.8673,-4.8092,-127.5503,179.1567,-91.8923
1741334720.173,4.059,2.462,0.21,-0.79,0.9668,-0.8673,-4.8091,-127.5513,179.1505,-91.8868
1741334720.252,4.056,2.463,0.213,-0.791,0.9668,-0.8673,-4.8091,-127.55,179.1627,-91.8848
1741334720.332,4.058,2.463,0.211,-0.791,0.9667,-0.8673,-4.8092,-127.5584,179.17,-91.8793
1741334720.412,4.056,2.463,0.213,-0.791,0.9668,-0.8673,-4.8092,-127.5594,179.1733,-91.8854
1741334764.116,4.143,3.156,0.112,-1.492,1.4467,-0.8544,-4.2532,57.818,-12.4914,102.7547
1741334764.196,4.141,3.156,0.114,-1.492,1.4468,-0.8545,-4.2531,57.8179,-12.4992,102.7572
1741334764.276,4.141,3.155,0.114,-1.491,1.4467,-0.8545,-4.2532,57.8224,-12.4928,102.7473
1741334764.355,4.141,3.155,0.114,-1.491,1.4467,-0.8544,-4.2532,57.8219,-12.5046,102.7541
1741334764.435,4.141,3.161,0.114,-1.497,1.4467,-0.8544,-4.2531,57.8195,-12.5054,102.7575
1741334764.514,4.143,3.156,0.112,-1.492,1.4467,-0.8545,-4.2531,57.822,-12.4828,102.74
1741334764.594,4.143,3.161,0.112,-1.497,1.4468,-0.8545,-4.253,57.8265,-12.4841,102.7413
1741334764.674,4.142,3.156,0.113,-1.492,1.4466,-0.8544,-4.2532,57.8233,-12.4839,102.7376
1741334764.754,4.142,3.156,0.113,-1.492,1.4468,-0.8544,-4.253,57.8264,-12.4951,102.7547
1741334764.833,4.142,3.156,0.113,-1.492,1.4467,-0.8545,-4.2531,57.8243,-12.4936,102.7388
1741334764.913,4.142,3.161,0.113,-1.497,1.4467,-0.8545,-4.2531,57.819,-12.477,102.7227
1741334764.992,4.14,3.162,0.115,-1.498,1.4467,-0.8545,-4.2531,57.8139,-12.4721,102.6886
1741334765.072,4.141,3.156,0.114,-1.492,1.4467,-0.8545,-4.2531,57.8205,-12.489,102.7046
1741334765.152,4.141,3.156,0.114,-1.492,1.4467,-0.8544,-4.2532,57.8179,-12.4704,102.6908
1741334765.231,4.14,3.156,0.115,-1.492,1.4467,-0.8544,-4.253,57.8137,-12.4712,102.6934
1741334765.311,4.141,3.161,0.114,-1.497,1.4467,-0.8543,-4.253,57.8188,-12.4544,102.6769
1741334765.391,4.143,3.156,0.112,-1.492,1.4467,-0.8544,-4.2531,57.8287,-12.4601,102.6887
1741334765.47,4.142,3.161,0.113,-1.497,1.4466,-0.8544,-4.2532,57.8217,-12.4522,102.6896
1741334765.55,4.142,3.161,0.113,-1.497,1.4468,-0.8544,-4.253,57.8227,-12.4709,102.7176
1741334765.629,4.141,3.161,0.114,-1.497,1.4467,-0.8544,-4.253,57.8221,-12.4537,102.7001
1741334765.709,4.143,3.161,0.112,-1.497,1.4467,-0.8544,-4.253,57.8213,-12.465,102.7141
1741334765.789,4.141,3.161,0.114,-1.497,1.4467,-0.8544,-4.2531,57.8243,-12.4879,102.729
1741334765.868,4.143,3.161,0.112,-1.497,1.4466,-0.8545,-4.2531,57.8245,-12.4876,102.7204
1741334767.879,3.967,3.176,0.283,-1.516,1.2871,-0.8587,-4.1421,54.2787,-11.7237,100.1459
1741334767.959,3.949,3.176,0.301,-1.516,1.2828,-0.8577,-4.1391,54.882,-11.7488,99.2631
1741334768.039,3.949,3.177,0.301,-1.517,1.2745,-0.8576,-4.1337,54.9816,-11.6465,99.0191
1741334768.118,3.948,3.173,0.302,-1.513,1.2625,-0.8579,-4.1254,55.0037,-11.659,98.9824
1741334768.198,3.937,3.178,0.313,-1.518,1.2468,-0.8589,-4.1149,55.1798,-11.4764,99.5735
1741334768.278,3.923,3.177,0.327,-1.517,1.2271,-0.8607,-4.1009,55.1873,-11.7218,101.5775
1741334768.357,3.892,3.177,0.358,-1.517,1.2136,-0.8618,-4.0919,55.5497,-11.9017,101.6892
1741334768.437,3.892,3.176,0.358,-1.516,1.2028,-0.8625,-4.0849,55.6236,-11.7329,101.6083
1741334768.517,3.863,3.177,0.387,-1.517,1.1951,-0.8632,-4.0801,55.6867,-11.6139,101.4252
1741334768.596,3.845,3.179,0.405,-1.519,1.1888,-0.8632,-4.0762,55.7868,-11.5922,101.3586
1741334768.676,3.834,3.176,0.416,-1.516,1.1814,-0.8631,-4.0716,55.8378,-11.5229,101.3599
1741334768.755,3.827,3.176,0.424,-1.515,1.173,-0.8618,-4.0641,56.3403,-12.519,102.8416
1741334768.835,3.827,3.176,0.424,-1.515,1.1648,-0.8616,-4.0602,56.0328,-11.6507,103.1432
1741334768.915,3.813,3.177,0.438,-1.516,1.1563,-0.8612,-4.0548,56.0571,-11.4797,103.6919
1741334768.994,3.8,3.171,0.451,-1.51,1.1433,-0.8605,-4.0457,56.0376,-11.6979,103.9538
1741334769.074,3.786,3.172,0.465,-1.512,1.1277,-0.8619,-4.0365,55.9975,-11.5681,103.6235
1741334769.154,3.765,3.172,0.486,-1.511,1.1153,-0.8658,-4.0277,56.5499,-12.648,102.8838
1741334769.233,3.765,3.175,0.487,-1.513,1.102,-0.8655,-4.0192,56.8951,-11.8937,101.7326
1741334769.313,3.745,3.171,0.507,-1.509,1.0924,-0.8667,-4.0132,56.7966,-11.6135,101.525
1741334769.393,3.724,3.161,0.528,-1.499,1.0867,-0.8663,-4.0094,56.8132,-11.561,101.4272
1741334769.472,3.71,3.175,0.542,-1.513,1.081,-0.8664,-4.0057,56.8393,-11.509,101.4266
1741334769.552,3.701,3.175,0.551,-1.513,1.0736,-0.8667,-4.0008,56.8244,-11.5356,101.4412
1741334769.632,3.701,3.168,0.551,-1.506,1.0643,-0.8667,-3.9942,56.8171,-11.6303,101.4866
1741334769.711,3.69,3.175,0.562,-1.513,1.0529,-0.8678,-3.9869,56.8702,-11.7395,101.6178
1741334769.791,3.68,3.168,0.572,-1.506,1.0407,-0.8672,-3.9787,56.9765,-11.6587,101.5304
1741334769.87,3.66,3.173,0.592,-1.511,1.0289,-0.8683,-3.9719,57.0623,-11.5067,101.4409
1741334769.95,3.66,3.173,0.592,-1.511,1.0178,-0.8689,-3.9653,57.0167,-11.2516,101.2246
1741334770.03,3.643,3.167,0.609,-1.505,1.008,-0.8688,-3.9589,57.0685,-11.2025,101.1681
1741334770.109,3.623,3.172,0.629,-1.51,0.9985,-0.8682,-3.9526,57.1086,-11.1343,101.1284
1741334770.189,3.608,3.166,0.644,-1.504,0.9887,-0.8694,-3.9469,57.115,-10.9786,100.9768
1741334770.269,3.597,3.171,0.656,-1.509,0.9789,-0.87,-3.9404,57.1649,-11.1064,101.1274
1741334770.348,3.597,3.171,0.656,-1.509,0.9682,-0.8701,-3.9329,57.1501,-11.3308,101.3401
1741334770.428,3.585,3.163,0.667,-1.501,0.9574,-0.8707,-3.9258,57.0893,-11.3039,101.2855
1741334770.508,3.567,3.169,0.685,-1.507,0.9468,-0.8709,-3.9189,57.1306,-11.4411,101.3779
1741334770.587,3.553,3.173,0.7,-1.511,0.9362,-0.8712,-3.9122,57.1786,-11.3772,101.2635
1741334770.667,3.536,3.175,0.717,-1.513,0.9262,-0.8715,-3.9059,57.2228,-11.2531,101.1096
1741334770.747,3.536,3.175,0.717,-1.513,0.9163,-0.8717,-3.8996,57.1886,-11.1006,100.9837
1741334770.826,3.519,3.171,0.733,-1.509,0.9068,-0.8714,-3.8938,57.1475,-10.9671,100.7991
1741334770.906,3.505,3.166,0.747,-1.504,0.8969,-0.8718,-3.8872,57.0695,-11.0827,100.9534
1741334770.985,3.492,3.161,0.76,-1.499,0.8866,-0.8726,-3.8805,57.1241,-11.1661,101.0046
1741334771.065,3.478,3.162,0.774,-1.5,0.8761,-0.8732,-3.8732,57.1533,-11.3798,101.1584
1741334771.145,3.478,3.162,0.774,-1.5,0.8651,-0.8731,-3.8661,57.1116,-11.24,100.9883
1741334771.225,3.463,3.164,0.789,-1.502,0.8545,-0.8735,-3.8594,57.145,-11.1456,100.8757
1741334771.304,3.445,3.169,0.807,-1.507,0.8437,-0.8741,-3.853,57.1258,-11.0206,100.7679
1741334771.384,3.427,3.165,0.825,-1.503,0.8336,-0.8738,-3.8465,57.1443,-10.8939,100.6023
1741334771.463,3.412,3.16,0.84,-1.498,0.8236,-0.8745,-3.8405,57.1308,-10.8442,100.5655
1741334771.543,3.412,3.16,0.84,-1.498,0.8134,-0.8743,-3.8347,57.1868,-10.7824,100.5227
1741334771.623,3.396,3.163,0.857,-1.501,0.8033,-0.8749,-3.8271,57.2239,-10.9278,100.6298
1741334771.702,3.387,3.167,0.865,-1.505,0.7928,-0.8753,-3.8197,57.1821,-11.1514,100.8544
1741334771.782,3.372,3.162,0.88,-1.5,0.7819,-0.8753,-3.8126,57.0615,-11.1063,100.756
1741334771.862,3.351,3.17,0.902,-1.507,0.7782,-0.874,-3.8106,57.5544,-11.1894,99.1462
1741334771.941,3.351,3.17,0.902,-1.507,0.7733,-0.8736,-3.8069,57.5506,-11.4041,98.6063
1741334772.021,3.345,3.155,0.908,-1.492,0.7639,-0.8732,-3.7999,57.402,-11.4341,98.602
1741334772.101,3.336,3.162,0.916,-1.5,0.7512,-0.8744,-3.7925,56.9967,-11.0312,98.1684
1741334772.18,3.325,3.165,0.926,-1.504,0.7344,-0.8759,-3.7809,56.4119,-10.7019,99.1478
1741334772.26,3.303,3.165,0.948,-1.504,0.7166,-0.8777,-3.7696,56.2656,-10.7602,100.5498
1741334772.339,3.303,3.165,0.948,-1.504,0.7042,-0.8775,-3.7602,56.1,-10.917,100.4754
1741334772.419,3.278,3.174,0.973,-1.514,0.6945,-0.8779,-3.7531,56.0121,-10.8684,100.3629
1741334772.499,3.258,3.169,0.992,-1.509,0.6871,-0.8782,-3.7481,55.9262,-10.7996,100.2023
1741334772.578,3.238,3.17,1.012,-1.51,0.6798,-0.8781,-3.7433,55.8622,-10.6702,100.0205
1741334772.658,3.234,3.171,1.016,-1.511,0.6713,-0.8788,-3.7374,55.7316,-10.5692,99.866
1741334772.738,3.234,3.171,1.016,-1.511,0.6617,-0.877,-3.7305,55.4405,-10.36,100.9997
1741334772.817,3.22,3.172,1.03,-1.512,0.6532,-0.8762,-3.7253,55.3186,-10.1701,101.5892
1741334772.897,3.205,3.176,1.045,-1.516,0.6426,-0.8761,-3.7178,55.2249,-10.134,101.7499
1741334772.977,3.197,3.172,1.053,-1.512,0.6283,-0.8763,-3.7081,55.1096,-9.9568,101.5142
1741334773.056,3.179,3.172,1.071,-1.512,0.6156,-0.8798,-3.7001,54.9705,-9.4221,98.8736
1741334773.136,3.179,3.177,1.071,-1.517,0.6018,-0.8791,-3.6871,55.3113,-10.3387,99.5288
1741334773.216,3.157,3.172,1.093,-1.512,0.5928,-0.8796,-3.6788,54.909,-10.9279,99.0883
1741334773.295,3.136,3.179,1.114,-1.519,0.5908,-0.8788,-3.6781,55.2504,-10.4141,97.9294
1741334773.375,3.118,3.178,1.132,-1.518,0.5894,-0.8785,-3.6778,55.1968,-10.421,97.4132
1741334773.455,3.116,3.178,1.134,-1.518,0.5834,-0.8778,-3.6745,55.4639,-10.2283,96.6633
1741334773.534,3.116,3.181,1.134,-1.521,0.5703,-0.8776,-3.666,55.5373,-9.9693,96.5582
1741334773.614,3.115,3.182,1.135,-1.522,0.5535,-0.8787,-3.655,55.6515,-9.8404,96.7791
1741334773.853,3.032,3.175,1.218,-1.515,0.5019,-0.8812,-3.6206,55.8472,-9.9535,98.9981
1741334773.932,3.032,3.174,1.218,-1.514,0.4925,-0.8819,-3.6139,55.8335,-9.8074,98.8792
1741334774.012,3.015,3.174,1.235,-1.514,0.485,-0.8826,-3.6093,55.8421,-9.7597,98.8165
1741334774.092,3.002,3.174,1.249,-1.513,0.4777,-0.8816,-3.6027,56.2209,-10.6076,99.8677
1741334774.171,2.986,3.178,1.264,-1.518,0.4704,-0.8804,-3.5988,55.8042,-10.2166,100.5936
1741334774.251,2.972,3.178,1.278,-1.518,0.4622,-0.8795,-3.5939,55.7556,-9.7588,101.003
1741334774.331,2.972,3.179,1.278,-1.519,0.4493,-0.88,-3.5852,55.7748,-9.7434,101.1425
1741334774.41,2.966,3.176,1.284,-1.516,0.4314,-0.8801,-3.573,55.6725,-9.956,101.2067
1741334774.49,2.947,3.178,1.304,-1.517,0.4165,-0.8827,-3.5606,56.0673,-11.2327,100.7915
1741334774.57,2.924,3.176,1.327,-1.515,0.4009,-0.8834,-3.5526,56.2542,-10.0117,99.0372
1741334774.649,2.9,3.176,1.351,-1.515,0.3896,-0.8833,-3.5444,56.2183,-10.0,99.0544
1741334774.729,2.9,3.176,1.351,-1.515,0.3823,-0.8841,-3.5394,56.2313,-10.0009,99.0484
1741334774.808,2.878,3.175,1.373,-1.514,0.3765,-0.8841,-3.535,56.2901,-10.1149,99.1442
1741334774.888,2.872,3.175,1.379,-1.514,0.3686,-0.8838,-3.53,56.2212,-10.069,99.0818
1741334774.968,2.856,3.175,1.395,-1.514,0.3584,-0.8844,-3.5231,56.3122,-10.2758,99.2768
1741334775.048,2.851,3.175,1.4,-1.514,0.346,-0.8842,-3.5137,56.2998,-10.2306,99.2265
1741334775.127,2.851,3.181,1.4,-1.52,0.3329,-0.885,-3.5055,56.3036,-10.1174,99.0876
1741334775.207,2.83,3.177,1.421,-1.516,0.3199,-0.885,-3.4971,56.2936,-9.9093,99.0336
1741334775.287,2.811,3.177,1.44,-1.516,0.3083,-0.8861,-3.49,56.2659,-9.8632,98.9493
1741334775.366,2.793,3.183,1.458,-1.522,0.2976,-0.8856,-3.4827,56.2719,-9.863,98.9392
1741334775.446,2.793,3.183,1.458,-1.522,0.2873,-0.8858,-3.4758,56.3321,-9.7322,98.7551
1741334775.525,2.774,3.182,1.477,-1.521,0.2769,-0.886,-3.4687,56.4011,-9.902,98.9391
1741334775.605,2.765,3.182,1.486,-1.521,0.266,-0.8865,-3.4612,56.3995,-10.1003,99.0969
1741334775.685,2.748,3.183,1.503,-1.522,0.2546,-0.8868,-3.4532,56.3404,-10.1807,99.1453
1741334775.764,2.73,3.184,1.521,-1.523,0.2432,-0.887,-3.4452,56.3448,-10.2691,99.1862
1741334775.844,2.73,3.184,1.521,-1.523,0.2314,-0.8861,-3.4377,56.5883,-10.26,99.1517
1741334775.924,2.705,3.182,1.547,-1.52,0.2197,-0.8871,-3.4316,57.1468,-10.1624,99.172
1741334776.003,2.695,3.184,1.558,-1.521,0.2082,-0.8874,-3.4248,57.6002,-10.1493,99.2413
1741334776.083,2.676,3.181,1.578,-1.516,0.1969,-0.8877,-3.4183,58.1741,-10.5155,99.6082
1741334776.162,2.664,3.17,1.592,-1.503,0.1854,-0.8878,-3.4113,58.6968,-10.848,99.9271
1741334776.242,2.664,3.17,1.593,-1.501,0.1735,-0.8882,-3.4042,59.2113,-11.1443,100.2403
1741334776.322,2.644,3.162,1.614,-1.493,0.1612,-0.8883,-3.3972,59.4175,-11.1929,100.2575
1741334776.401,2.628,3.178,1.63,-1.509,0.1481,-0.8883,-3.3894,59.3481,-11.025,100.1445
1741334776.481,2.61,3.178,1.647,-1.509,0.1347,-0.8888,-3.3819,59.225,-10.7106,99.852
1741334776.561,2.593,3.177,1.664,-1.509,0.1219,-0.8897,-3.3744,59.1147,-10.5545,99.6935
1741334776.64,2.593,3.177,1.664,-1.509,0.1089,-0.8896,-3.3666,59.1157,-10.4862,99.7034
1741334776.72,2.574,3.175,1.682,-1.507,0.0963,-0.89,-3.3587,59.0148,-10.4884,99.6516
1741334776.8,2.555,3.169,1.701,-1.501,0.0836,-0.8907,-3.3502,58.9776,-10.7984,99.9567
1741334776.879,2.536,3.175,1.72,-1.508,0.0708,-0.8905,-3.3416,58.8909,-11.1951,100.3249
1741334776.959,2.518,3.168,1.737,-1.501,0.0568,-0.8905,-3.3327,58.7579,-11.1595,100.33
1741334777.038,2.518,3.168,1.737,-1.502,0.0432,-0.8905,-3.3241,58.6107,-10.9477,100.1607
1741334777.118,2.501,3.17,1.753,-1.505,0.029,-0.8908,-3.3158,58.3492,-10.5257,99.7825
1741334777.277,2.464,3.16,1.79,-1.495,0.0014,-0.892,-3.2977,58.1842,-10.71,99.8882
1741334777.357,2.437,3.167,1.817,-1.502,-0.0125,-0.8926,-3.2891,58.1481,-10.8037,100.011
1741334777.675,2.377,3.166,1.876,-1.502,-0.0693,-0.8934,-3.253,57.8331,-10.5018,99.835
1741334777.755,2.356,3.167,1.897,-1.503,-0.0836,-0.8934,-3.2435,57.8973,-10.7355,100.1049
1741334777.994,2.314,3.164,1.939,-1.5,-0.1263,-0.894,-3.2149,57.7114,-10.9327,100.1949
1741334778.074,2.295,3.172,1.957,-1.509,-0.141,-0.8942,-3.2062,57.4143,-10.4448,99.7654
1741334778.154,2.273,3.166,1.979,-1.504,-0.1549,-0.8947,-3.1973,57.276,-10.3819,99.7156
1741334778.472,2.209,3.165,2.042,-1.503,-0.2122,-0.897,-3.1602,56.9744,-10.294,99.7679
1741334778.552,2.185,3.173,2.066,-1.511,-0.2271,-0.8975,-3.151,56.8245,-10.2124,99.7556
1741334778.791,2.141,3.165,2.11,-1.503,-0.2699,-0.8985,-3.1215,56.9039,-10.5973,100.2169
1741334778.87,2.121,3.173,2.13,-1.512,-0.2844,-0.8988,-3.1115,56.7101,-10.7972,100.3961
1741334778.95,2.098,3.168,2.153,-1.507,-0.2991,-0.8991,-3.1019,56.593,-10.6636,100.2622
1741334788.189,0.532,3.2,3.719,-1.534,-1.5629,-0.931,-2.2491,58.3831,-13.9566,103.5315
1741334792.33,1.107,3.249,3.155,-1.552,-1.0617,-0.9237,-2.5488,63.6072,-12.4699,102.0263
1741334792.728,1.172,3.256,3.089,-1.567,-1.0069,-0.9225,-2.5768,62.677,-11.7302,101.4925
1741334796.153,1.776,3.282,2.482,-1.608,-0.4718,-0.9074,-2.8826,60.2995,-12.0153,101.7492
1741334796.233,1.793,3.278,2.463,-1.606,-0.4587,-0.9069,-2.8894,59.8408,-11.8765,101.5402
1741334796.551,1.845,3.282,2.411,-1.611,-0.4114,-0.9056,-2.9178,59.6473,-11.3395,101.1517
1741334796.631,1.865,3.273,2.392,-1.602,-0.4001,-0.9049,-2.9243,59.7877,-11.4941,101.3471
1741334796.711,1.865,3.273,2.392,-1.601,-0.3887,-0.9046,-2.9309,59.881,-11.5263,101.4316
1741334796.79,1.881,3.263,2.376,-1.591,-0.3772,-0.9044,-2.9371,59.9653,-11.7849,101.6634
1741334796.87,1.897,3.27,2.36,-1.597,-0.3659,-0.9038,-2.9439,60.0774,-11.7977,101.6804
1741334796.95,1.911,3.269,2.347,-1.596,-0.3545,-0.9037,-2.9504,60.0828,-11.972,101.8513
1741334797.029,1.929,3.269,2.329,-1.596,-0.3437,-0.9028,-2.9568,60.0583,-11.8324,101.7164
1741334797.109,1.929,3.272,2.328,-1.599,-0.3325,-0.9024,-2.9633,60.0334,-11.8135,101.7183
1741334797.189,1.945,3.27,2.313,-1.597,-0.3211,-0.9018,-2.9701,60.0478,-11.6012,101.4976
1741334797.268,1.963,3.27,2.295,-1.597,-0.3095,-0.9017,-2.9768,60.0782,-11.6081,101.5962
1741334797.348,1.976,3.269,2.282,-1.596,-0.2975,-0.9014,-2.9836,60.1525,-11.6852,101.6915
1741334797.427,1.994,3.269,2.264,-1.595,-0.2852,-0.901,-2.9904,60.2569,-11.8772,101.8488
1741334797.507,1.994,3.275,2.264,-1.601,-0.2736,-0.9008,-2.997,60.2275,-11.9696,101.9686
1741334797.587,2.012,3.273,2.245,-1.601,-0.2624,-0.9002,-3.0031,59.8497,-11.7464,101.727
1741334797.666,2.03,3.278,2.225,-1.61,-0.2515,-0.8997,-3.009,59.0792,-11.3999,101.3406
1741334797.746,2.047,3.274,2.208,-1.606,-0.2408,-0.8995,-3.0158,59.0023,-11.1214,101.0844
1741334797.826,2.06,3.274,2.195,-1.606,-0.2294,-0.8992,-3.0227,59.0763,-11.0457,100.9745
1741334797.905,2.06,3.279,2.195,-1.61,-0.2173,-0.8986,-3.0301,59.1651,-11.1321,101.0102
1741334797.985,2.076,3.272,2.18,-1.603,-0.2052,-0.8982,-3.0373,59.289,-11.2171,101.0955
1741334798.065,2.091,3.273,2.165,-1.603,-0.1934,-0.8985,-3.0446,59.4063,-11.354,101.1936
1741334798.144,2.11,3.281,2.146,-1.611,-0.182,-0.8977,-3.0507,59.4459,-11.5392,101.3493
1741334798.224,2.128,3.281,2.128,-1.611,-0.1711,-0.8974,-3.0571,59.3661,-11.4983,101.3285
1741334798.304,2.128,3.276,2.125,-1.612,-0.1597,-0.8967,-3.0619,57.8237,-11.108,100.6421
1741334798.383,2.145,3.282,2.106,-1.621,-0.1487,-0.8959,-3.0677,56.6564,-10.5959,99.9691
1741334798.463,2.16,3.277,2.091,-1.616,-0.1383,-0.8959,-3.0749,56.6717,-10.4971,99.8981
1741334798.542,2.177,3.282,2.074,-1.62,-0.128,-0.8963,-3.0829,56.7428,-10.2761,99.7679
1741334798.622,2.191,3.282,2.06,-1.62,-0.1175,-0.8956,-3.0898,56.9062,-10.3642,99.9107
1741334798.821,2.222,3.278,2.03,-1.615,-0.0912,-0.895,-3.1068,57.2895,-10.5137,100.1016
1741334798.901,2.222,3.279,2.03,-1.616,-0.0814,-0.8949,-3.1136,57.3901,-10.4539,100.0163
1741334798.981,2.239,3.276,2.013,-1.613,-0.0709,-0.8945,-3.1202,57.4215,-10.4483,99.9317
1741334799.06,2.254,3.276,1.998,-1.613,-0.0608,-0.894,-3.1269,57.4859,-10.3604,99.8252
1741334799.14,2.269,3.277,1.983,-1.614,-0.0505,-0.8942,-3.1337,57.6186,-10.4053,99.9349
1741334799.22,2.284,3.277,1.969,-1.613,-0.0395,-0.894,-3.1407,57.8173,-10.5328,100.0688
1741334799.299,2.284,3.275,1.969,-1.611,-0.0286,-0.8937,-3.1478,57.9462,-10.5693,100.1518
1741334799.379,2.3,3.278,1.953,-1.613,-0.0175,-0.8932,-3.1547,58.1065,-10.7499,100.2069
1741334799.458,2.316,3.272,1.938,-1.607,-0.0069,-0.893,-3.1616,58.2057,-10.7765,100.1501
1741334799.538,2.333,3.275,1.921,-1.61,0.003,-0.8924,-3.1674,58.2648,-10.82,100.1611
1741334799.618,2.348,3.275,1.906,-1.609,0.0135,-0.8926,-3.174,58.3648,-10.9499,100.2672
1741334799.697,2.348,3.275,1.906,-1.609,0.0236,-0.8924,-3.1808,58.3515,-10.8947,100.1991
1741334799.777,2.365,3.272,1.889,-1.606,0.0344,-0.8921,-3.1878,58.4129,-10.9118,100.2092
1741334799.857,2.381,3.28,1.873,-1.614,0.0461,-0.8913,-3.1947,58.3574,-10.8795,100.1606
1741334799.936,2.394,3.279,1.861,-1.613,0.0587,-0.8912,-3.2021,58.5353,-11.0696,100.3957
1741334800.016,2.409,3.279,1.846,-1.612,0.0714,-0.8915,-3.2104,58.6315,-11.1442,100.5122
1741334801.947,2.749,3.297,1.518,-1.616,0.3672,-0.8843,-3.3861,61.4056,-11.6708,101.3529
1741334802.027,2.765,3.299,1.503,-1.618,0.3811,-0.8837,-3.3937,61.5031,-11.7316,101.3347
1741334802.584,2.87,3.311,1.391,-1.639,0.4789,-0.8813,-3.4452,59.9029,-10.974,100.4766
1741334802.664,2.885,3.317,1.369,-1.652,0.4925,-0.8808,-3.4511,58.0873,-10.2713,99.6848
1741334802.744,2.897,3.305,1.355,-1.642,0.5006,-0.8794,-3.4552,57.3644,-10.2019,100.9355
1741334802.823,2.912,3.294,1.34,-1.631,0.5049,-0.8791,-3.4596,57.3388,-10.0188,101.5728
1741334802.903,2.912,3.294,1.34,-1.631,0.5145,-0.8775,-3.4646,57.364,-10.2853,102.0172
1741334802.983,2.926,3.3,1.327,-1.637,0.5286,-0.8768,-3.473,57.4156,-10.4177,102.1571
1741334803.381,3.011,3.3,1.242,-1.636,0.6065,-0.879,-3.5234,57.6873,-10.5271,99.6448
1741334803.46,3.032,3.299,1.221,-1.636,0.6156,-0.8781,-3.5288,57.6242,-10.6792,99.6692
1741334803.54,3.044,3.303,1.21,-1.639,0.6251,-0.8772,-3.535,57.8012,-10.7496,98.346
1741334803.62,3.054,3.305,1.2,-1.641,0.6354,-0.8769,-3.5418,57.8885,-10.6488,97.5733
1741334803.779,3.08,3.305,1.174,-1.64,0.6652,-0.8767,-3.5617,58.0643,-10.3629,98.3427
1741334803.938,3.12,3.302,1.134,-1.638,0.6953,-0.8768,-3.5805,57.8413,-10.7195,100.0995
1741334804.018,3.134,3.302,1.119,-1.639,0.6992,-0.8764,-3.5818,57.4712,-11.1657,101.7296
1741334804.098,3.134,3.305,1.118,-1.642,0.7008,-0.8751,-3.5828,57.2787,-10.9466,102.2766
1741334804.177,3.154,3.312,1.098,-1.65,0.7067,-0.8746,-3.5866,57.1986,-10.629,102.4774
1741334804.257,3.157,3.311,1.095,-1.649,0.7204,-0.8734,-3.5956,57.1918,-10.6358,102.4743
1741334804.655,3.244,3.311,1.011,-1.646,0.8033,-0.8746,-3.6482,58.2693,-10.9081,100.7316
1741334804.735,3.261,3.313,0.994,-1.648,0.8115,-0.8742,-3.6528,58.0108,-11.0867,100.643
1741334804.814,3.278,3.313,0.977,-1.648,0.8172,-0.8735,-3.6566,58.0759,-11.214,99.9466
1741334804.894,3.278,3.313,0.977,-1.648,0.8233,-0.8725,-3.6607,58.1806,-11.0742,99.1215
1741334805.451,3.392,3.308,0.863,-1.643,0.9189,-0.8714,-3.7217,58.1055,-11.0388,101.003
1741334805.531,3.4,3.315,0.855,-1.65,0.9278,-0.8716,-3.7275,58.1826,-11.0052,100.9581
1741334805.611,3.416,3.315,0.839,-1.65,0.9392,-0.8709,-3.7347,58.2495,-10.8971,100.8198
1741334806.009,3.49,3.313,0.767,-1.646,1.0057,-0.8695,-3.7767,58.7072,-11.2256,101.3323
1741334806.328,3.541,3.321,0.718,-1.652,1.0499,-0.8675,-3.8039,59.1068,-11.5932,101.7084
1741334806.407,3.557,3.321,0.702,-1.652,1.0528,-0.8674,-3.8055,59.12,-11.7052,101.7889
1741334806.487,3.557,3.319,0.702,-1.65,1.052,-0.8674,-3.8055,59.1263,-11.6972,101.8191
1741334806.567,3.569,3.318,0.69,-1.649,1.0519,-0.8675,-3.8051,59.1142,-11.7214,101.8486
1741334806.646,3.568,3.324,0.691,-1.655,1.0519,-0.8675,-3.8052,59.12,-11.734,101.8526
1741334806.726,3.567,3.322,0.692,-1.653,1.0519,-0.8676,-3.8053,59.1095,-11.7268,101.8455
1741334806.806,3.567,3.322,0.692,-1.653,1.0518,-0.8677,-3.8055,59.1003,-11.7185,101.835
1741334806.885,3.566,3.323,0.693,-1.654,1.052,-0.8676,-3.8054,59.102,-11.7234,101.8398
1741334806.965,3.567,3.318,0.692,-1.65,1.0519,-0.8676,-3.8053,59.0979,-11.7107,101.8329
1741334807.044,3.567,3.315,0.693,-1.646,1.0523,-0.8668,-3.805,59.27,-11.6609,102.2269
1741334807.124,3.565,3.322,0.691,-1.656,1.056,-0.8818,-3.7964,58.3551,2.1531,89.7609
1741334807.204,3.565,3.322,0.691,-1.656,1.0532,-0.8775,-3.7986,58.3796,2.8155,89.4433
1741334807.283,3.567,3.324,0.691,-1.657,1.0524,-0.8727,-3.8041,58.7688,2.928,89.2799
1741334807.363,3.569,3.316,0.689,-1.648,1.0517,-0.871,-3.8068,58.895,3.2125,88.9839
1741334807.442,3.565,3.324,0.693,-1.656,1.0516,-0.8713,-3.8069,58.8768,2.8323,89.2942
1741334807.522,3.568,3.323,0.69,-1.655,1.0518,-0.8715,-3.8065,58.887,2.4858,89.614
1741334807.602,3.568,3.323,0.69,-1.655,1.0519,-0.8715,-3.8065,58.8978,2.2942,89.7991
1741334807.681,3.566,3.321,0.692,-1.653,1.0518,-0.8714,-3.8066,58.891,2.0541,90.0255
1741334807.761,3.565,3.316,0.693,-1.648,1.0519,-0.8714,-3.8064,58.8939,1.8714,90.2088
1741334807.841,3.568,3.317,0.69,-1.649,1.0519,-0.8713,-3.8068,58.902,1.757,90.3207
1741334807.92,3.564,3.318,0.694,-1.65,1.0518,-0.8713,-3.8069,58.901,1.6678,90.4099
1741334808.0,3.564,3.318,0.694,-1.65,1.0519,-0.8714,-3.8068,58.9024,1.5473,90.5253
1741334808.08,3.566,3.323,0.692,-1.655,1.052,-0.8714,-3.8069,58.8988,1.4948,90.5751
1741334808.159,3.568,3.316,0.69,-1.648,1.052,-0.8714,-3.8067,58.9044,1.4108,90.6692
1741334808.239,3.567,3.324,0.691,-1.656,1.0522,-0.8714,-3.8067,58.884,1.3431,90.7517
1741334808.319,3.566,3.315,0.693,-1.647,1.0536,-0.8715,-3.8078,58.9965,1.2503,90.821
1741334808.398,3.566,3.315,0.693,-1.647,1.0602,-0.871,-3.8116,59.0869,1.0692,91.0297
1741334808.478,3.57,3.323,0.69,-1.654,1.0734,-0.871,-3.8199,59.2816,1.0869,91.0066
1741334809.035,3.702,3.329,0.567,-1.652,1.1748,-0.8652,-3.8929,60.7309,6.839,86.6556
1741334809.115,3.721,3.349,0.549,-1.671,1.1822,-0.8635,-3.901,60.9449,8.7012,84.8621
1741334811.763,4.071,3.386,0.185,-1.721,1.533,-0.8575,-4.0354,58.0548,-0.0153,92.2244
1741334811.843,4.087,3.387,0.169,-1.722,1.5329,-0.8574,-4.0354,58.0534,-0.0348,92.2542
1741334811.923,4.1,3.387,0.156,-1.722,1.5324,-0.8574,-4.035,58.0725,-0.0733,92.2957
1741334812.002,4.097,3.387,0.159,-1.722,1.5323,-0.8574,-4.035,58.0774,-0.0681,92.2995
1741334812.082,4.097,3.385,0.159,-1.72,1.5324,-0.8574,-4.035,58.0784,-0.0906,92.3192
1741334812.161,4.096,3.386,0.16,-1.721,1.5323,-0.8573,-4.0349,58.0761,-0.1064,92.336
1741334812.241,4.095,3.387,0.161,-1.722,1.5323,-0.8573,-4.0351,58.0677,-0.1058,92.325
1741334812.321,4.096,3.386,0.16,-1.721,1.5323,-0.8574,-4.035,58.0723,-0.1221,92.3354
1741334812.4,4.096,3.386,0.16,-1.721,1.5324,-0.8575,-4.035,58.0748,-0.1286,92.3323
1741334812.48,4.093,3.39,0.163,-1.725,1.5324,-0.8573,-4.0351,58.0738,-0.1139,92.317
1741334812.56,4.097,3.39,0.159,-1.725,1.5323,-0.8573,-4.0351,58.0708,-0.1071,92.3107
1741334812.639,4.094,3.39,0.162,-1.725,1.5323,-0.8573,-4.0351,58.0676,-0.1073,92.3113
1741334812.719,4.095,3.386,0.161,-1.721,1.5325,-0.8575,-4.0351,58.0734,-0.1174,92.3113
1741334812.799,4.095,3.386,0.161,-1.721,1.5324,-0.8575,-4.0353,58.0747,-0.1058,92.3055
1741334812.878,4.094,3.389,0.162,-1.724,1.5324,-0.8574,-4.0353,58.0898,-0.1388,92.3378
1741334812.958,4.095,3.386,0.161,-1.721,1.5324,-0.8573,-4.0351,58.0881,-0.1605,92.3545
1741334813.038,4.096,3.39,0.16,-1.725,1.5325,-0.8574,-4.0353,58.0905,-0.1763,92.3688
1741334813.117,4.097,3.389,0.159,-1.724,1.5324,-0.8575,-4.0353,58.0881,-0.1764,92.3561
1741334813.197,4.097,3.389,0.159,-1.724,1.5324,-0.8575,-4.0353,58.0784,-0.1431,92.3323
1741334813.276,4.096,3.389,0.16,-1.724,1.5324,-0.8575,-4.0354,58.0774,-0.1452,92.335
1741334813.356,4.096,3.39,0.16,-1.725,1.5324,-0.8574,-4.0353,58.0797,-0.1522,92.3397
1741334813.436,4.096,3.385,0.16,-1.72,1.5325,-0.8574,-4.0354,58.0834,-0.1538,92.3411
1741334813.515,4.097,3.385,0.159,-1.72,1.5323,-0.8574,-4.0353,58.0811,-0.1627,92.3495
1741334813.595,4.097,3.385,0.159,-1.72,1.5324,-0.8574,-4.0355,58.0841,-0.1707,92.3519
1741334813.675,4.096,3.39,0.16,-1.725,1.5325,-0.8574,-4.0355,58.083,-0.1627,92.3536
1741334813.754,4.098,3.386,0.158,-1.721,1.5325,-0.8574,-4.0355,58.0731,-0.1541,92.3434
1741334813.834,4.097,3.389,0.159,-1.724,1.5326,-0.8574,-4.0354,58.0779,-0.1735,92.3576
1741334813.913,4.095,3.389,0.161,-1.724,1.5325,-0.8574,-4.0355,58.0823,-0.1543,92.3461
1741334813.993,4.095,3.389,0.161,-1.724,1.5325,-0.8575,-4.0356,58.0837,-0.1569,92.3336
1741334814.073,4.095,3.39,0.161,-1.725,1.5326,-0.8575,-4.0356,58.0847,-0.1545,92.3194
1741334814.152,4.095,3.39,0.161,-1.725,1.5325,-0.8575,-4.0355,58.0838,-0.1537,92.3242
1741334814.232,4.095,3.387,0.161,-1.722,1.5325,-0.8575,-4.0355,58.0785,-0.1666,92.3418
1741334814.312,4.095,3.386,0.161,-1.721,1.5325,-0.8575,-4.0356,58.0784,-0.1653,92.3463
1741334814.391,4.095,3.386,0.161,-1.721,1.5325,-0.8575,-4.0357,58.0828,-0.1738,92.3451
1741334814.471,4.097,3.387,0.159,-1.722,1.5325,-0.8575,-4.0357,58.0784,-0.1836,92.3642
1741334814.551,4.095,3.387,0.161,-1.722,1.5325,-0.8575,-4.0356,58.0758,-0.1814,92.3599
1741334814.63,4.096,3.386,0.16,-1.721,1.5325,-0.8575,-4.0357,58.0732,-0.1808,92.3499
1741334814.71,4.095,3.387,0.161,-1.722,1.5326,-0.8575,-4.0357,58.0765,-0.1828,92.3417
1741334825.183,4.12,3.623,0.135,-1.958,1.6871,-0.8537,-3.843,57.941,0.5672,91.6479
1741334825.283,4.119,3.62,0.136,-1.955,1.687,-0.8536,-3.843,57.9416,0.5861,91.6332
1741334825.363,4.119,3.62,0.136,-1.955,1.6869,-0.8536,-3.8429,57.9442,0.578,91.6449
1741334825.442,4.118,3.623,0.137,-1.958,1.687,-0.8537,-3.843,57.9388,0.5646,91.6501
1741334825.522,4.121,3.624,0.134,-1.959,1.6869,-0.8536,-3.843,57.9392,0.555,91.6496
1741334825.602,4.12,3.624,0.135,-1.959,1.687,-0.8535,-3.843,57.9367,0.5553,91.6418
1741334825.681,4.12,3.625,0.135,-1.96,1.687,-0.8537,-3.8429,57.9387,0.5734,91.6229
1741334825.761,4.119,3.625,0.136,-1.96,1.687,-0.8536,-3.8431,57.9417,0.5586,91.6304
1741334825.841,4.119,3.621,0.136,-1.956,1.687,-0.8537,-3.843,57.9472,0.5833,91.6119
1741334825.92,4.119,3.62,0.136,-1.955,1.687,-0.8536,-3.8431,57.9432,0.5839,91.6067
1741334826.0,4.121,3.624,0.134,-1.959,1.687,-0.8535,-3.843,57.9449,0.58,91.6114
1741334826.079,4.121,3.62,0.134,-1.955,1.687,-0.8535,-3.843,57.9445,0.5723,91.6161
1741334826.159,4.12,3.62,0.135,-1.955,1.6871,-0.8538,-3.8431,57.9462,0.5679,91.6254
1741334826.239,4.12,3.621,0.135,-1.956,1.6869,-0.8537,-3.8431,57.9429,0.5867,91.602
1741334826.318,4.119,3.624,0.136,-1.959,1.687,-0.8537,-3.843,57.9368,0.593,91.5994
1741334826.398,4.121,3.624,0.134,-1.959,1.687,-0.8536,-3.8431,57.9295,0.6072,91.5828
1741334826.478,4.121,3.624,0.134,-1.959,1.6869,-0.8535,-3.843,57.9377,0.6077,91.5865
1741334826.557,4.12,3.624,0.135,-1.959,1.687,-0.8536,-3.843,57.9452,0.6032,91.5872
1741334826.637,4.12,3.624,0.135,-1.959,1.6869,-0.8537,-3.843,57.9417,0.6068,91.5779
1741334826.716,4.119,3.623,0.136,-1.958,1.687,-0.8537,-3.843,57.939,0.6099,91.5759
1741334826.796,4.12,3.621,0.135,-1.956,1.687,-0.8536,-3.843,57.9424,0.6016,91.5855
1741334826.876,4.12,3.625,0.135,-1.96,1.6869,-0.8537,-3.8431,57.9482,0.6243,91.5747
1741334826.955,4.121,3.62,0.134,-1.955,1.6871,-0.8536,-3.843,57.9473,0.6128,91.5843
1741334827.035,4.118,3.62,0.137,-1.955,1.687,-0.8537,-3.8431,57.9405,0.6267,91.5685
1741334827.115,4.121,3.623,0.134,-1.958,1.687,-0.8537,-3.8431,57.9352,0.6322,91.562
1741334827.194,4.119,3.625,0.136,-1.96,1.687,-0.8535,-3.8431,57.9434,0.6099,91.5824
1741334827.274,4.119,3.62,0.136,-1.955,1.687,-0.8536,-3.8431,57.9478,0.5832,91.5989
1741334827.354,4.119,3.623,0.136,-1.958,1.687,-0.8537,-3.8431,57.9337,0.5895,91.5915
1741334827.433,4.12,3.623,0.135,-1.958,1.6871,-0.8537,-3.843,57.9418,0.5864,91.5835
1741334827.513,4.119,3.623,0.136,-1.958,1.6869,-0.8536,-3.8432,57.9357,0.5909,91.5737
1741334827.593,4.12,3.624,0.135,-1.959,1.6871,-0.8536,-3.8431,57.9359,0.5799,91.5818
1741334827.672,4.12,3.621,0.135,-1.956,1.687,-0.8537,-3.843,57.9367,0.5931,91.5552
1741334827.752,4.12,3.62,0.135,-1.955,1.687,-0.8537,-3.8431,57.9385,0.6188,91.5465
1741334827.832,4.121,3.62,0.134,-1.955,1.687,-0.8537,-3.8431,57.9369,0.6184,91.5501
1741334827.911,4.12,3.621,0.135,-1.956,1.687,-0.8537,-3.843,57.9367,0.6113,91.5586
1741334827.991,4.121,3.619,0.134,-1.954,1.6872,-0.8536,-3.8431,57.9435,0.613,91.5571
1741334828.07,4.121,3.625,0.134,-1.96,1.687,-0.8535,-3.8431,57.9447,0.6297,91.5495
1741334828.15,4.122,3.619,0.133,-1.954,1.6869,-0.8536,-3.8431,57.9449,0.6343,91.5471
1741334828.23,4.119,3.619,0.136,-1.954,1.6871,-0.8539,-3.8431,57.9474,0.6305,91.5453
1741334828.309,4.121,3.623,0.134,-1.958,1.687,-0.8537,-3.8431,57.9367,0.6347,91.5412
1741334828.389,4.121,3.624,0.134,-1.959,1.687,-0.8536,-3.843,57.9399,0.6271,91.5561
1741334828.469,4.121,3.624,0.134,-1.959,1.687,-0.8537,-3.8432,57.9361,0.6434,91.5389
1741334828.548,4.12,3.62,0.135,-1.955,1.687,-0.8538,-3.8431,57.936,0.6258,91.5509
1741334828.628,4.121,3.62,0.134,-1.955,1.687,-0.8538,-3.8432,57.9298,0.6328,91.543
1741334828.708,4.121,3.624,0.134,-1.959,1.6871,-0.8538,-3.8432,57.9312,0.6376,91.5446
1741334828.787,4.121,3.624,0.134,-1.959,1.687,-0.8535,-3.8431,57.922,0.6401,91.5391
1741334828.867,4.121,3.624,0.134,-1.959,1.6871,-0.8535,-3.8429,57.9279,0.6214,91.5511
1741334828.947,4.119,3.623,0.136,-1.958,1.687,-0.8536,-3.843,57.9402,0.6241,91.55
1741334829.026,4.121,3.623,0.134,-1.958,1.687,-0.8537,-3.843,57.945,0.619,91.552
1741334830.918,4.121,3.623,0.134,-1.958,1.6871,-0.8537,-3.843,57.9359,0.5845,91.5671
1741334830.997,4.119,3.621,0.136,-1.956,1.687,-0.8537,-3.8432,57.9326,0.6094,91.5444
1741334831.077,4.119,3.621,0.136,-1.956,1.687,-0.8537,-3.8431,57.9275,0.6109,91.5413
1741334831.157,4.12,3.62,0.135,-1.955,1.6871,-0.8538,-3.8431,57.932,0.6075,91.5442
1741334831.236,4.12,3.623,0.135,-1.958,1.6871,-0.8537,-3.8431,57.9356,0.6094,91.5365
1741334831.316,4.119,3.624,0.136,-1.959,1.687,-0.8537,-3.8431,57.9326,0.6041,91.5487
1741334831.395,4.12,3.624,0.135,-1.959,1.6871,-0.8537,-3.8431,57.9283,0.5985,91.5485
1741334831.475,4.12,3.623,0.135,-1.958,1.6871,-0.8537,-3.843,57.9269,0.5999,91.555
1741334831.555,4.121,3.623,0.134,-1.958,1.687,-0.8537,-3.8431,57.9313,0.6348,91.5326
1741334831.635,4.12,3.619,0.135,-1.954,1.6871,-0.8537,-3.8431,57.9302,0.6366,91.5312
1741334831.714,4.119,3.619,0.136,-1.954,1.6871,-0.8538,-3.843,57.9267,0.6373,91.5344
1741334831.794,4.118,3.619,0.137,-1.954,1.687,-0.8537,-3.8431,57.9334,0.63,91.5325
1741334831.873,4.118,3.624,0.137,-1.959,1.6871,-0.8538,-3.8432,57.9328,0.6421,91.5114
1741334831.953,4.12,3.62,0.135,-1.955,1.6871,-0.8537,-3.8431,57.9403,0.6292,91.5225
1741334832.033,4.12,3.621,0.135,-1.956,1.6869,-0.8537,-3.8432,57.9427,0.6176,91.5273
1741334832.112,4.119,3.62,0.136,-1.955,1.6871,-0.8537,-3.8431,57.9392,0.6089,91.528
1741334832.192,4.12,3.62,0.135,-1.955,1.6871,-0.8538,-3.8432,57.9358,0.6107,91.5213
1741334832.272,4.12,3.62,0.135,-1.955,1.6869,-0.8539,-3.843,57.9293,0.6296,91.5127
1741334832.351,4.12,3.621,0.135,-1.956,1.687,-0.8536,-3.8432,57.9347,0.6242,91.5123
1741334832.431,4.121,3.624,0.134,-1.959,1.687,-0.8537,-3.8432,57.9316,0.6274,91.5121
1741334832.511,4.121,3.624,0.134,-1.959,1.6871,-0.8537,-3.8431,57.9322,0.6208,91.5188
1741334832.59,4.12,3.624,0.135,-1.959,1.6871,-0.8537,-3.8431,57.9285,0.6332,91.509
1741334832.67,4.12,3.62,0.135,-1.955,1.6872,-0.8538,-3.8432,57.926,0.6364,91.5112
1741334832.75,4.119,3.623,0.136,-1.958,1.687,-0.8538,-3.8433,57.9307,0.6449,91.5126
1741334832.829,4.12,3.624,0.135,-1.959,1.687,-0.8537,-3.8432,57.9304,0.6473,91.5112
1741334832.909,4.119,3.62,0.136,-1.955,1.6871,-0.8537,-3.8431,57.9297,0.6406,91.5018
1741334832.988,4.119,3.62,0.136,-1.955,1.6871,-0.8538,-3.8431,57.9295,0.6455,91.5082
1741334833.068,4.119,3.623,0.136,-1.958,1.687,-0.8538,-3.8433,57.928,0.6587,91.4938
1741334833.148,4.12,3.624,0.135,-1.959,1.6871,-0.8538,-3.8432,57.927,0.6549,91.4919
1741334833.227,4.121,3.62,0.134,-1.955,1.6871,-0.8537,-3.8429,57.9288,0.6562,91.4975
1741334833.307,4.119,3.621,0.136,-1.956,1.687,-0.8538,-3.8431,57.9264,0.6638,91.4922
1741334833.387,4.122,3.621,0.133,-1.956,1.6871,-0.8538,-3.8431,57.9294,0.66,91.4936
1741334833.466,4.122,3.621,0.133,-1.956,1.687,-0.8537,-3.8432,57.9208,0.6663,91.4851
1741334833.546,4.119,3.624,0.136,-1.959,1.687,-0.8537,-3.8432,57.9118,0.6609,91.4978
1741334833.625,4.12,3.624,0.136,-1.959,1.6865,-0.8537,-3.8429,57.9684,0.7044,91.4494
1741334833.705,4.12,3.624,0.135,-1.959,1.6813,-0.8539,-3.8396,57.9098,0.623,91.5141
1741334833.785,4.119,3.624,0.136,-1.959,1.6688,-0.8551,-3.8317,57.8681,0.5485,91.5599
1741334833.864,4.119,3.614,0.136,-1.949,1.6507,-0.8546,-3.8201,57.923,0.5067,91.6195
1741334833.944,4.103,3.625,0.152,-1.961,1.6302,-0.8547,-3.8077,57.8145,0.6445,91.4952
1741334834.024,4.079,3.621,0.177,-1.956,1.6112,-0.8554,-3.7963,58.1027,0.8382,91.2857
1741334834.103,4.047,3.626,0.21,-1.96,1.5955,-0.8562,-3.7868,58.2615,0.81,91.165
1741334834.183,4.047,3.626,0.21,-1.96,1.5827,-0.8572,-3.7784,58.4252,0.5401,91.4079
1741334834.263,4.024,3.628,0.233,-1.962,1.5708,-0.8573,-3.7713,58.404,0.6292,91.4009
1741334834.342,4.002,3.628,0.255,-1.962,1.559,-0.8578,-3.7647,58.2985,0.8235,91.2784
1741334834.422,3.984,3.63,0.272,-1.964,1.5465,-0.8588,-3.7571,58.2611,0.8323,91.1861
1741334834.502,3.966,3.632,0.29,-1.967,1.532,-0.8582,-3.7481,58.1379,1.0809,90.8965
1741334834.581,3.966,3.632,0.289,-1.967,1.5169,-0.8586,-3.7393,58.0079,1.0964,90.7649
1741334834.661,3.946,3.617,0.309,-1.953,1.5018,-0.859,-3.7296,57.8169,0.9527,90.9008
1741334834.741,3.925,3.617,0.329,-1.954,1.487,-0.8592,-3.7201,57.5089,1.073,90.785
1741334834.82,3.903,3.619,0.35,-1.956,1.4729,-0.8597,-3.711,57.4096,1.0322,90.8357
1741334834.9,3.88,3.626,0.373,-1.963,1.4588,-0.8601,-3.702,57.146,0.9747,90.8737
1741334834.979,3.88,3.626,0.372,-1.964,1.4454,-0.8607,-3.6934,56.8503,1.0403,90.816
1741334835.059,3.859,3.628,0.393,-1.966,1.432,-0.861,-3.6845,56.8252,0.9256,90.8115
1741334835.139,3.837,3.63,0.415,-1.968,1.4184,-0.8613,-3.6756,56.6478,0.8805,90.8036
1741334835.218,3.819,3.634,0.433,-1.972,1.4047,-0.8617,-3.6664,56.7763,0.7965,90.919
1741334835.298,3.798,3.626,0.454,-1.964,1.3904,-0.862,-3.6572,56.7049,0.7947,90.9922
1741334835.378,3.798,3.626,0.453,-1.965,1.3758,-0.8623,-3.6479,56.438,0.9293,91.0049
1741334835.458,3.775,3.63,0.476,-1.969,1.3615,-0.863,-3.6384,56.3005,0.9601,90.892
1741334835.537,3.756,3.627,0.495,-1.966,1.3473,-0.8632,-3.6289,56.1445,0.9703,90.857
1741334835.617,3.736,3.633,0.515,-1.972,1.3334,-0.8639,-3.6194,56.1544,0.9997,90.7486
1741334835.696,3.714,3.632,0.537,-1.971,1.3195,-0.8643,-3.6099,56.0722,0.9188,90.8196
1741334835.776,3.714,3.632,0.536,-1.972,1.3056,-0.8645,-3.6004,55.9176,0.9758,90.8103
1741334835.856,3.691,3.633,0.559,-1.973,1.2914,-0.8651,-3.5912,55.8367,1.0538,90.6775
1741334835.935,3.669,3.634,0.581,-1.974,1.2771,-0.8651,-3.5813,55.6213,0.9704,90.7889
1741334836.015,3.649,3.633,0.601,-1.973,1.2629,-0.8652,-3.5714,55.5882,0.9285,90.7739
1741334836.094,3.628,3.637,0.622,-1.977,1.2483,-0.8658,-3.5618,55.6614,1.0495,90.6568
1741334836.174,3.628,3.637,0.622,-1.977,1.2344,-0.8664,-3.5521,55.7128,1.0145,90.5917
1741334836.254,3.607,3.636,0.643,-1.976,1.2204,-0.8671,-3.5425,55.6619,0.9228,90.7663
1741334836.333,3.587,3.637,0.663,-1.977,1.2061,-0.8664,-3.5327,55.4325,1.004,90.8639
1741334836.413,3.565,3.636,0.685,-1.976,1.192,-0.867,-3.5232,55.2638,1.1103,90.6709
1741334836.493,3.542,3.636,0.708,-1.976,1.1779,-0.8681,-3.5132,55.1134,1.1686,90.5796
1741334836.572,3.542,3.636,0.708,-1.976,1.1642,-0.8677,-3.5032,54.9406,1.0421,90.5819
1741334836.652,3.521,3.639,0.729,-1.979,1.1499,-0.8678,-3.4936,54.6478,1.047,90.5552
1741334836.732,3.501,3.639,0.749,-1.979,1.136,-0.8684,-3.4834,54.4445,1.1078,90.4764
1741334836.811,3.483,3.641,0.767,-1.981,1.1221,-0.8689,-3.4731,54.3183,1.0138,90.6227
1741334836.891,3.457,3.641,0.793,-1.981,1.1081,-0.8694,-3.463,54.1293,0.9926,90.6647
1741334836.971,3.457,3.647,0.794,-1.986,1.0939,-0.8697,-3.4526,53.8926,0.9291,90.7348
1741334837.05,3.435,3.643,0.816,-1.982,1.0801,-0.87,-3.4425,53.9742,0.7821,90.7248
1741334837.13,3.415,3.646,0.835,-1.986,1.0656,-0.8704,-3.4332,54.9031,0.9382,90.5331
1741334837.21,3.392,3.65,0.859,-1.989,1.0507,-0.871,-3.4244,56.4656,0.6486,90.8341
1741334837.289,3.374,3.65,0.88,-1.986,1.0352,-0.8714,-3.4163,57.6593,0.8783,90.8054
1741334837.369,3.374,3.639,0.884,-1.971,1.0202,-0.8718,-3.4086,58.883,1.037,90.6362
1741334837.448,3.351,3.636,0.907,-1.967,1.0056,-0.8719,-3.4003,59.0146,1.1096,90.5425
1741334837.528,3.33,3.636,0.928,-1.967,0.9911,-0.8723,-3.3917,59.0357,1.1834,90.3889
1741334837.608,3.311,3.636,0.947,-1.967,0.9767,-0.8729,-3.3832,59.0809,1.1985,90.3658
1741334837.687,3.287,3.636,0.971,-1.967,0.9619,-0.8734,-3.3743,58.9312,1.158,90.4198
1741334837.767,3.287,3.634,0.97,-1.966,0.947,-0.874,-3.3653,58.8658,1.2098,90.3838
1741334837.847,3.272,3.633,0.985,-1.965,0.9321,-0.8741,-3.3567,58.8138,1.2378,90.2608
1741334837.926,3.244,3.633,1.012,-1.966,0.9173,-0.8745,-3.3475,58.6153,1.2191,90.2717
1741334838.006,3.221,3.633,1.035,-1.966,0.9024,-0.8744,-3.3377,58.5282,1.0017,90.4292
1741334838.085,3.204,3.633,1.052,-1.966,0.8874,-0.8746,-3.3288,58.4861,1.1554,90.3017
1741334838.165,3.204,3.629,1.052,-1.962,0.8732,-0.8751,-3.32,58.5398,1.1882,90.2322
1741334838.245,3.179,3.63,1.076,-1.964,0.8584,-0.8753,-3.3112,58.364,1.1965,90.2742
1741334838.325,3.158,3.629,1.097,-1.963,0.8443,-0.8754,-3.3024,58.169,1.2575,90.2292
1741334838.404,3.134,3.623,1.12,-1.958,0.8299,-0.8752,-3.2936,58.0617,1.459,89.9665
1741334838.484,3.114,3.623,1.14,-1.958,0.8153,-0.876,-3.2846,57.9421,1.4922,89.8725
1741334838.563,3.114,3.618,1.139,-1.955,0.8079,-0.8754,-3.2781,57.4235,0.1729,89.8577
1741334838.643,3.099,3.62,1.155,-1.956,0.8003,-0.8742,-3.2742,57.7343,1.1738,87.7482
1741334838.723,3.084,3.626,1.168,-1.963,0.7863,-0.8747,-3.2651,57.3052,0.9329,88.0333
1741334838.804,3.078,3.62,1.175,-1.957,0.7677,-0.8755,-3.2536,57.3143,1.0315,88.5003
1741334838.882,3.047,3.62,1.209,-1.953,0.7495,-0.8752,-3.2458,58.4638,3.0507,86.8851
1741334838.962,3.047,3.621,1.21,-1.953,0.7358,-0.8764,-3.2363,58.8408,2.0657,87.3936
1741334839.041,3.026,3.616,1.234,-1.944,0.7183,-0.8769,-3.2268,59.5979,2.5984,87.6563
1741334839.121,3.001,3.625,1.258,-1.955,0.7005,-0.8782,-3.2137,59.344,0.8146,90.5081
1741334839.201,2.983,3.626,1.281,-1.949,0.6903,-0.8775,-3.2023,60.5248,-2.0066,93.1894
1741334839.28,2.954,3.626,1.31,-1.949,0.6826,-0.8768,-3.1948,60.493,-3.3425,94.5133
1741334839.36,2.954,3.629,1.309,-1.952,0.6703,-0.8777,-3.1877,60.4783,-3.3439,94.6601
1741334839.44,2.939,3.635,1.323,-1.96,0.652,-0.8768,-3.1792,60.1868,-2.1309,94.1168
1741334839.519,2.924,3.636,1.33,-1.971,0.6297,-0.878,-3.1789,58.1338,5.7662,86.9369
1741334839.599,2.896,3.625,1.357,-1.961,0.6121,-0.8783,-3.1679,57.8086,5.4614,87.1653
1741334839.917,2.83,3.604,1.422,-1.941,0.5579,-0.8815,-3.1249,57.2044,1.4202,89.7654
1741334839.997,2.811,3.612,1.441,-1.95,0.5463,-0.8813,-3.1166,57.1037,1.3858,89.774
1741334840.156,2.785,3.608,1.466,-1.946,0.5206,-0.8828,-3.1001,56.7759,1.4303,89.7703
1741334840.236,2.768,3.618,1.483,-1.957,0.5062,-0.8821,-3.0907,56.5908,1.647,89.6411
1741334840.395,2.726,3.617,1.525,-1.956,0.476,-0.8837,-3.0696,56.3421,1.4324,89.8822
1741334840.714,2.665,3.623,1.585,-1.963,0.4196,-0.8848,-3.0322,55.8577,1.7435,89.5988
1741334840.794,2.641,3.623,1.609,-1.963,0.4058,-0.8855,-3.0225,55.7406,1.7035,89.6375
1741334848.439,1.025,3.696,3.232,-2.01,-0.9016,-0.9165,-2.1033,61.7613,0.1599,88.8542
1741334848.519,1.026,3.705,3.234,-2.01,-0.9113,-0.9159,-2.0958,62.85,-1.7344,90.6941
1741334857.12,0.955,3.677,3.302,-1.992,-0.965,-0.9209,-2.0956,61.7331,0.708,92.1937
1741334857.2,0.961,3.676,3.298,-1.981,-0.9632,-0.9209,-2.0957,62.9678,0.6706,92.2491
1741334857.28,0.968,3.686,3.294,-1.98,-0.9618,-0.9208,-2.0957,64.0503,0.8644,92.1144
1741334869.624,2.143,3.612,2.107,-1.952,0.0244,-0.8969,-2.8048,54.816,1.6696,89.7407
1741334869.863,2.189,3.602,2.061,-1.942,0.0694,-0.8958,-2.8356,54.5931,1.3258,89.9464
1741334869.943,2.214,3.602,2.036,-1.942,0.0833,-0.8956,-2.8458,54.4835,1.4397,89.7656
1741334870.022,2.235,3.603,2.015,-1.943,0.0964,-0.8955,-2.8557,54.4658,1.6933,89.6028
1741334870.222,2.279,3.605,1.971,-1.945,0.1327,-0.8948,-2.8809,54.4121,1.4269,89.8186
1741334870.381,2.302,3.6,1.949,-1.939,0.1635,-0.8937,-2.9028,53.6871,1.5563,89.759
1741334870.461,2.326,3.6,1.926,-1.938,0.178,-0.8933,-2.9129,52.9042,1.5825,89.7982
1741334870.54,2.352,3.599,1.9,-1.936,0.1918,-0.8931,-2.9232,52.7858,1.6889,89.714
1741334870.62,2.373,3.605,1.879,-1.942,0.2058,-0.8923,-2.9337,52.8577,1.5533,89.8922
1741334871.018,2.462,3.597,1.789,-1.936,0.2758,-0.8915,-2.987,53.4873,1.7326,89.721
1741334871.098,2.462,3.597,1.789,-1.936,0.2898,-0.8908,-2.9972,53.6593,1.7441,89.7592
1741334871.257,2.503,3.598,1.752,-1.931,0.3154,-0.8902,-3.0214,58.5975,1.7914,89.5257
1741334871.337,2.521,3.593,1.745,-1.911,0.3288,-0.8894,-3.0324,61.4006,1.9833,89.4382
1741334871.416,2.541,3.578,1.726,-1.894,0.345,-0.8898,-3.0414,61.6508,1.8547,89.6242
1741334871.655,2.593,3.584,1.673,-1.902,0.3939,-0.8881,-3.068,61.2957,1.8977,89.5726
1741334871.735,2.609,3.588,1.657,-1.906,0.4096,-0.888,-3.0763,61.2844,1.8013,89.6035
1741334871.815,2.639,3.587,1.626,-1.906,0.4251,-0.8876,-3.0848,61.208,1.8175,89.5662
1741334871.894,2.639,3.592,1.621,-1.918,0.4404,-0.887,-3.0923,60.105,1.9316,89.5266
1741334871.974,2.659,3.592,1.593,-1.929,0.4556,-0.8863,-3.0982,57.3129,1.7921,89.6815
1741334872.054,2.677,3.592,1.573,-1.932,0.4706,-0.8856,-3.1063,55.8816,1.7209,89.7948
1741334872.133,2.691,3.588,1.56,-1.927,0.4862,-0.8858,-3.1165,56.2313,1.5588,89.8838
1741334872.213,2.706,3.591,1.545,-1.93,0.5016,-0.8851,-3.1272,56.4922,1.6614,89.771
1741334872.452,2.755,3.588,1.497,-1.926,0.5458,-0.8849,-3.1572,57.1104,1.8941,89.7255
1741334872.531,2.775,3.589,1.477,-1.926,0.5602,-0.8844,-3.1666,57.267,1.7857,89.8121
1741334872.611,2.803,3.589,1.45,-1.926,0.5751,-0.8835,-3.1763,57.4556,1.7293,89.8345
1741334872.77,2.826,3.588,1.428,-1.922,0.5973,-0.8809,-3.1992,58.1952,5.682,86.6827
1741334872.85,2.846,3.588,1.409,-1.922,0.6086,-0.8812,-3.2073,58.3647,5.8842,86.9228
1741334872.93,2.857,3.573,1.399,-1.906,0.6221,-0.8792,-3.2159,58.6251,5.9768,86.8923
1741334873.009,2.882,3.606,1.374,-1.938,0.6368,-0.8786,-3.216,58.7318,1.234,92.8907
1741334873.407,2.968,3.595,1.293,-1.922,0.7204,-0.8776,-3.2702,59.9164,3.3401,87.4253
1741334873.567,2.994,3.599,1.264,-1.93,0.7457,-0.8772,-3.2826,59.1389,2.5293,87.2094
1741334873.647,3.016,3.599,1.24,-1.931,0.7625,-0.8769,-3.2918,58.7092,2.1286,87.2746
1741334873.726,3.028,3.591,1.228,-1.924,0.7783,-0.8763,-3.3002,58.4581,1.386,87.895
1741334873.806,3.055,3.593,1.203,-1.924,0.7957,-0.8753,-3.3109,59.0693,1.6669,87.4978
1741334873.965,3.082,3.594,1.176,-1.924,0.8232,-0.8757,-3.3276,59.2079,2.0616,89.4614
1741334874.045,3.103,3.594,1.156,-1.924,0.8389,-0.8773,-3.3375,59.3798,1.9583,89.4477
1741334874.124,3.119,3.595,1.14,-1.924,0.8525,-0.877,-3.3454,59.4361,1.9295,89.6256
1741334874.522,3.203,3.597,1.055,-1.928,0.9259,-0.8747,-3.3888,59.1601,2.1078,89.5813
1741334874.921,3.296,3.604,0.961,-1.936,1.0038,-0.8729,-3.4346,58.8304,1.758,89.8651
1741334875.319,3.379,3.605,0.877,-1.938,1.0789,-0.8704,-3.4801,58.4538,1.7756,90.0207
1741334875.717,3.469,3.608,0.787,-1.942,1.1552,-0.8685,-3.5274,58.2796,2.0866,89.7749
1741334876.115,3.555,3.606,0.699,-1.941,1.2296,-0.8662,-3.5733,57.8782,1.9892,89.9817
1741334876.832,3.715,3.606,0.537,-1.944,1.3663,-0.8625,-3.6596,57.0154,1.7272,90.0508
1741334876.912,3.736,3.612,0.516,-1.95,1.3806,-0.862,-3.6689,56.9083,1.7779,90.0703
1741334877.23,3.801,3.614,0.451,-1.952,1.4403,-0.8608,-3.7081,56.773,1.7655,90.2345
1741334877.31,3.824,3.61,0.428,-1.948,1.456,-0.8603,-3.7188,56.6679,1.9258,90.0122
1741334877.549,3.872,3.611,0.379,-1.95,1.5004,-0.8593,-3.7482,56.5648,1.9612,90.1211
1741334877.628,3.893,3.612,0.358,-1.951,1.5148,-0.8591,-3.7575,56.4199,1.8735,90.2358
1741334877.708,3.914,3.616,0.337,-1.955,1.5298,-0.8587,-3.7669,56.3607,1.6498,90.395
1741334877.867,3.936,3.615,0.315,-1.954,1.5537,-0.858,-3.7821,56.0753,1.5927,90.4632
1741334877.947,3.957,3.615,0.294,-1.954,1.5542,-0.8578,-3.7828,56.0502,1.6476,90.4771
1741334878.027,3.972,3.613,0.279,-1.952,1.552,-0.8576,-3.7815,56.0726,1.6282,90.4978
1741334878.106,3.971,3.614,0.28,-1.953,1.55,-0.8575,-3.7801,56.1167,1.5646,90.5539
1741334878.186,3.971,3.613,0.28,-1.952,1.5488,-0.8576,-3.7794,56.1803,1.5847,90.4998
1741334878.266,3.97,3.613,0.281,-1.952,1.5488,-0.8578,-3.7792,56.1414,1.5435,90.558
1741334878.345,3.967,3.613,0.284,-1.952,1.5488,-0.8577,-3.7794,56.1368,1.5359,90.5464
1741334878.425,3.967,3.615,0.284,-1.954,1.5511,-0.8576,-3.7808,56.0665,1.5387,90.5872
1741334878.505,3.968,3.612,0.283,-1.951,1.5601,-0.8571,-3.7869,56.1279,1.475,90.7161
1741334878.584,3.968,3.613,0.283,-1.952,1.576,-0.8565,-3.7973,56.026,1.4446,90.7244
1741334878.823,4.028,3.614,0.222,-1.954,1.6322,-0.8553,-3.8337,55.2501,0.8757,91.204
1741334878.903,4.059,3.615,0.191,-1.955,1.6367,-0.8548,-3.8369,55.2914,0.9002,91.1497
1741334878.982,4.059,3.619,0.191,-1.959,1.6338,-0.855,-3.8352,55.3273,1.0001,91.1684
1741334879.062,4.076,3.618,0.174,-1.958,1.6301,-0.8552,-3.8324,55.3133,1.043,91.1536
1741334879.142,4.071,3.618,0.179,-1.958,1.6268,-0.8552,-3.8306,55.3351,1.1283,91.1351
1741334879.221,4.066,3.619,0.184,-1.959,1.627,-0.8552,-3.8304,55.2235,1.1758,91.135
1741334879.301,4.063,3.618,0.187,-1.958,1.633,-0.8549,-3.8347,55.4109,0.9997,91.2499
1741334879.381,4.063,3.62,0.187,-1.96,1.644,-0.8545,-3.8418,55.3028,0.94,91.3064
1741334879.46,4.065,3.619,0.185,-1.959,1.6531,-0.8546,-3.8481,55.3393,0.8553,91.3128
1741334879.54,4.082,3.619,0.168,-1.959,1.6568,-0.8543,-3.8504,55.0847,0.7874,91.3853
1741334879.62,4.097,3.616,0.153,-1.956,1.6562,-0.8542,-3.8499,55.1036,0.7784,91.4283
1741334879.819,4.101,3.618,0.149,-1.958,1.6549,-0.8544,-3.8491,55.1305,0.8,91.4136
1741334880.018,4.098,3.616,0.152,-1.956,1.6548,-0.8543,-3.8491,55.129,0.8283,91.3879
1741334880.217,4.098,3.617,0.152,-1.957,1.6548,-0.8544,-3.8491,55.1227,0.7987,91.3952
1741334882.109,4.1,3.619,0.15,-1.959,1.6551,-0.8544,-3.8496,55.1416,0.7779,91.4032
1741334882.188,4.1,3.614,0.15,-1.954,1.6551,-0.8543,-3.8496,55.1495,0.7654,91.4191
1741334882.268,4.098,3.615,0.152,-1.955,1.655,-0.8545,-3.8498,55.1388,0.7977,91.3853
1741334882.347,4.096,3.615,0.154,-1.955,1.655,-0.8545,-3.8497,55.1338,0.7957,91.3849
1741334882.427,4.098,3.615,0.152,-1.955,1.6552,-0.8545,-3.8497,55.1368,0.7821,91.4006
1741334882.507,4.098,3.62,0.152,-1.96,1.655,-0.8544,-3.8498,55.1363,0.8009,91.3842
1741334882.586,4.098,3.616,0.152,-1.956,1.6551,-0.8545,-3.8498,55.1386,0.783,91.4043
1741334882.666,4.098,3.614,0.152,-1.954,1.6551,-0.8544,-3.8496,55.1297,0.7606,91.4232
1741334900.028,4.128,4.116,0.123,-2.455,1.9534,-0.8505,-3.4514,55.9787,-0.1577,92.2427
1741334900.108,4.127,4.117,0.124,-2.456,1.9533,-0.8505,-3.4513,55.9761,-0.1633,92.25
1741334900.188,4.126,4.115,0.125,-2.454,1.9534,-0.8505,-3.4513,55.9734,-0.1695,92.263
1741334900.267,4.126,4.115,0.125,-2.454,1.9534,-0.8505,-3.4513,55.9744,-0.1704,92.2642
1741334900.347,4.128,4.117,0.123,-2.456,1.9533,-0.8505,-3.4513,55.9796,-0.1745,92.2639
1741334900.426,4.128,4.117,0.123,-2.456,1.9534,-0.8505,-3.4512,55.9728,-0.1762,92.2615
1741334900.506,4.127,4.116,0.124,-2.455,1.9534,-0.8505,-3.4512,55.9731,-0.1601,92.2498
1741334900.586,4.129,4.117,0.122,-2.456,1.9534,-0.8505,-3.4513,55.9745,-0.1527,92.243
1741334900.665,4.129,4.116,0.122,-2.455,1.9533,-0.8505,-3.4511,55.9782,-0.1597,92.2503
1741334900.745,4.127,4.116,0.124,-2.455,1.9533,-0.8504,-3.4513,55.9826,-0.1571,92.2492
1741334900.825,4.127,4.116,0.124,-2.455,1.9533,-0.8504,-3.4512,55.9786,-0.1687,92.2581
1741334900.904,4.127,4.116,0.124,-2.455,1.9532,-0.8505,-3.4513,55.9786,-0.1715,92.263
1741334900.984,4.129,4.116,0.122,-2.455,1.9533,-0.8505,-3.4513,55.9859,-0.1765,92.2605
1741334901.064,4.129,4.115,0.122,-2.454,1.9533,-0.8505,-3.4511,55.9852,-0.1753,92.2617
1741334901.143,4.127,4.115,0.124,-2.454,1.9532,-0.8504,-3.451,55.9765,-0.1652,92.2522
1741334901.223,4.127,4.115,0.124,-2.454,1.9532,-0.8504,-3.4511,55.9802,-0.1607,92.2429
1741334901.303,4.128,4.115,0.123,-2.454,1.9532,-0.8504,-3.4512,55.9824,-0.1645,92.241
1741334901.382,4.128,4.117,0.123,-2.456,1.9533,-0.8505,-3.4511,55.9806,-0.154,92.2328
1741334901.462,4.128,4.115,0.123,-2.454,1.9533,-0.8505,-3.4511,55.9855,-0.1534,92.2391
1741334901.541,4.127,4.118,0.124,-2.457,1.9533,-0.8505,-3.4511,55.9838,-0.1437,92.2187
1741334901.621,4.127,4.118,0.124,-2.457,1.9532,-0.8504,-3.4511,55.9856,-0.1469,92.2187
1741334901.701,4.13,4.117,0.121,-2.456,1.9532,-0.8505,-3.4512,55.9866,-0.1513,92.2306
1741334901.781,4.127,4.116,0.124,-2.455,1.9532,-0.8504,-3.4511,55.989,-0.1716,92.2485
1741334901.86,4.127,4.116,0.124,-2.455,1.9532,-0.8504,-3.4511,55.9899,-0.1937,92.2655
1741334901.94,4.129,4.115,0.122,-2.454,1.9508,-0.8503,-3.4496,56.0472,-0.0756,92.1376
1741334902.019,4.128,4.115,0.123,-2.454,1.9406,-0.8498,-3.4428,56.1058,-0.0741,92.0475
1741334902.099,4.123,4.115,0.128,-2.454,1.924,-0.8517,-3.4324,56.0729,-0.1087,92.1662
1741334902.417,4.047,4.118,0.204,-2.457,1.8549,-0.8538,-3.3861,55.9634,-0.2358,92.2551
1741334902.497,4.022,4.118,0.229,-2.457,1.8435,-0.8538,-3.3787,56.1528,-0.1678,92.0854
1741334902.577,4.022,4.116,0.229,-2.455,1.8324,-0.8547,-3.3715,56.1348,-0.1775,92.1297
1741334902.657,4.002,4.114,0.249,-2.453,1.8208,-0.8546,-3.3637,56.1314,-0.208,92.2393
1741334902.736,3.986,4.116,0.265,-2.455,1.8075,-0.8545,-3.3547,56.0598,-0.1213,92.1234
1741334902.816,3.967,4.116,0.284,-2.455,1.7984,-0.8545,-3.3486,56.1213,-0.0888,90.1699
1741334902.895,3.948,4.117,0.303,-2.456,1.7905,-0.8536,-3.3431,56.1428,-0.0828,89.4334
1741334902.975,3.948,4.119,0.303,-2.458,1.7776,-0.8541,-3.3352,56.1351,-0.1563,89.5059
1741334903.055,3.942,4.117,0.309,-2.456,1.7608,-0.8543,-3.3246,56.2204,0.0531,89.6419
1741334903.413,3.849,4.118,0.402,-2.457,1.7042,-0.8581,-3.2869,56.0423,-0.207,91.3718
1741334903.493,3.837,4.117,0.413,-2.456,1.6946,-0.8579,-3.2816,55.9018,0.6041,90.6113
1741334903.572,3.837,4.118,0.415,-2.456,1.6844,-0.8572,-3.2737,56.6462,-0.1462,91.9717
1741334903.652,3.823,4.118,0.428,-2.456,1.6731,-0.8567,-3.2659,56.5922,-0.4549,94.0545
1741334903.732,3.811,4.117,0.44,-2.456,1.6611,-0.8562,-3.2584,56.2688,0.0079,94.0478
1741334903.811,3.79,4.117,0.461,-2.456,1.6474,-0.8578,-3.2495,56.2152,-0.1497,94.2751
1741334903.891,3.775,4.118,0.476,-2.457,1.6339,-0.8588,-3.2411,56.2273,0.1142,93.082
1741334903.971,3.775,4.119,0.476,-2.458,1.6235,-0.8603,-3.2335,56.4227,-0.4548,91.9358
1741334904.05,3.753,4.118,0.498,-2.457,1.611,-0.8604,-3.2239,56.5035,-0.929,92.7855
1741334905.822,3.487,4.119,0.764,-2.458,1.4066,-0.867,-3.0899,56.3987,-0.4255,92.1324
1741334905.902,3.479,4.12,0.772,-2.459,1.3987,-0.8679,-3.0848,56.3933,-0.3641,92.0692
1741334905.981,3.469,4.118,0.782,-2.457,1.3903,-0.8675,-3.0792,56.414,-0.4287,92.1521
1741334906.061,3.469,4.119,0.782,-2.457,1.385,-0.8663,-3.078,56.6724,0.5417,90.8309
1741334906.141,3.454,4.119,0.798,-2.457,1.3842,-0.8665,-3.0778,56.6909,0.608,90.6334
1741334906.22,3.446,4.119,0.806,-2.457,1.3844,-0.8666,-3.0779,56.7069,0.5833,90.6352
1741334906.3,3.446,4.117,0.806,-2.455,1.3844,-0.8666,-3.0777,56.7101,0.5496,90.6711
1741334906.38,3.448,4.117,0.804,-2.455,1.3845,-0.8666,-3.0777,56.7192,0.5671,90.6445
1741334906.459,3.448,4.117,0.804,-2.455,1.3845,-0.8667,-3.0778,56.715,0.5698,90.6356
1741334906.539,3.45,4.116,0.802,-2.454,1.3844,-0.8666,-3.0776,56.711,0.5639,90.6474
1741334906.619,3.446,4.116,0.806,-2.454,1.3844,-0.8666,-3.0776,56.707,0.5669,90.6433
1741334906.698,3.446,4.117,0.806,-2.455,1.3844,-0.8666,-3.0776,56.7046,0.572,90.6377
1741334906.778,3.448,4.118,0.804,-2.456,1.3845,-0.8667,-3.0776,56.7053,0.5753,90.6372
1741334906.858,3.448,4.117,0.804,-2.455,1.3843,-0.8666,-3.0776,56.7053,0.5829,90.6328
1741334906.937,3.446,4.117,0.806,-2.455,1.3843,-0.8666,-3.0775,56.7089,0.5737,90.6322
1741334907.017,3.449,4.117,0.803,-2.455,1.3844,-0.8666,-3.0774,56.7069,0.5638,90.6335
1741334907.097,3.446,4.116,0.806,-2.454,1.3843,-0.8666,-3.0774,56.7029,0.57,90.6302
1741334907.176,3.445,4.117,0.807,-2.455,1.3844,-0.8667,-3.0775,56.7101,0.582,90.6285
1741334907.256,3.445,4.116,0.806,-2.454,1.3865,-0.8669,-3.078,56.6589,0.1921,91.2296
1741334907.335,3.446,4.118,0.805,-2.456,1.395,-0.8667,-3.0825,56.6854,-0.2841,91.9974
1741334907.415,3.45,4.118,0.802,-2.456,1.4081,-0.8664,-3.0907,56.7705,-0.4283,92.0809
1741334907.495,3.463,4.118,0.789,-2.456,1.4238,-0.8666,-3.1013,56.9711,-0.5081,92.1297
1741334907.813,3.529,4.118,0.726,-2.452,1.4863,-0.8644,-3.1422,58.1263,-0.4848,92.0566
1741334907.893,3.551,4.117,0.705,-2.451,1.4997,-0.8644,-3.1507,58.203,-0.5992,92.2063
1741334908.052,3.577,4.119,0.68,-2.451,1.5261,-0.8633,-3.1671,58.6187,-0.6465,92.2804
1741334908.132,3.593,4.118,0.665,-2.449,1.539,-0.8628,-3.1751,58.801,-0.6325,92.3394
1741334908.291,3.635,4.12,0.625,-2.449,1.5662,-0.8621,-3.1928,59.2624,-0.3078,92.0536
1741334908.451,3.656,4.12,0.605,-2.447,1.5815,-0.8606,-3.2057,59.4844,1.2021,91.0912
1741334908.53,3.675,4.119,0.586,-2.446,1.5833,-0.8605,-3.2064,59.5022,1.0481,91.2353
1741334908.61,3.683,4.119,0.578,-2.447,1.5832,-0.8607,-3.2061,59.4542,1.0136,91.2886
1741334908.689,3.689,4.119,0.572,-2.447,1.583,-0.8606,-3.2061,59.4423,1.0407,91.2546
1741334908.769,3.689,4.118,0.572,-2.446,1.5832,-0.8606,-3.2063,59.4364,1.0248,91.256
1741334908.849,3.689,4.116,0.572,-2.444,1.5832,-0.8606,-3.2062,59.4264,1.0283,91.249
1741334908.928,3.688,4.117,0.573,-2.445,1.5832,-0.8607,-3.2063,59.4292,1.027,91.2347
1741334909.008,3.685,4.117,0.576,-2.445,1.5832,-0.8607,-3.2063,59.4245,1.028,91.2323
1741334909.088,3.685,4.117,0.576,-2.445,1.5832,-0.8607,-3.2063,59.4195,1.0297,91.2331
1741334909.167,3.685,4.117,0.576,-2.445,1.5832,-0.8608,-3.2064,59.411,1.0232,91.2328
1741334909.366,3.69,4.119,0.571,-2.447,1.5833,-0.8607,-3.2065,59.3996,1.0146,91.2256
1741334909.565,3.685,4.118,0.576,-2.446,1.5832,-0.8607,-3.2065,59.3964,1.0002,91.2525
1741334909.645,3.685,4.118,0.576,-2.446,1.5833,-0.8607,-3.2066,59.363,1.0305,91.2114
1741334909.725,3.687,4.117,0.573,-2.445,1.5821,-0.8607,-3.206,59.3197,1.0857,91.1662
1741334909.804,3.688,4.117,0.572,-2.446,1.5784,-0.8608,-3.2038,59.2766,1.0961,91.0863
1741334909.884,3.683,4.116,0.578,-2.444,1.5723,-0.8618,-3.1981,59.4086,-0.0742,91.8927
1741334909.964,3.683,4.116,0.577,-2.445,1.5624,-0.8622,-3.191,59.2601,-0.5777,92.2994
1741334910.043,3.679,4.123,0.58,-2.453,1.5527,-0.8622,-3.1847,59.0561,-0.6218,92.3773
1741334910.123,3.664,4.122,0.594,-2.453,1.5449,-0.8623,-3.1797,58.8643,-0.6178,92.3792
1741334910.203,3.644,4.122,0.614,-2.453,1.5387,-0.8627,-3.1759,58.7444,-0.6681,92.4316
1741334910.282,3.637,4.122,0.62,-2.454,1.5334,-0.8628,-3.1724,58.6795,-0.7061,92.4098
1741334910.362,3.637,4.12,0.62,-2.452,1.5282,-0.8631,-3.1693,58.5444,-0.6354,92.2949
1741334910.441,3.63,4.12,0.627,-2.452,1.5224,-0.8632,-3.1657,58.4841,-0.6935,92.327
1741334910.521,3.619,4.12,0.637,-2.453,1.5158,-0.8632,-3.1613,58.2636,-0.6775,92.2856
1741334910.601,3.612,4.121,0.643,-2.455,1.5089,-0.8636,-3.1572,58.1578,-0.5567,92.2167
1741334910.68,3.6,4.118,0.655,-2.452,1.5015,-0.864,-3.1525,58.0989,-0.6349,92.251
1741334910.76,3.6,4.121,0.655,-2.455,1.4945,-0.8641,-3.1479,58.0095,-0.6427,92.2521
1741334910.84,3.593,4.118,0.662,-2.453,1.4876,-0.8643,-3.1436,57.9352,-0.6433,92.2165
1741334910.92,3.579,4.118,0.675,-2.453,1.4812,-0.8643,-3.1395,57.7978,-0.5793,92.1611
1741334910.999,3.573,4.117,0.681,-2.452,1.4754,-0.8647,-3.1356,57.7175,-0.5749,92.1443
1741334911.079,3.56,4.119,0.694,-2.455,1.4693,-0.8649,-3.1316,57.6223,-0.5194,92.1913
1741334911.158,3.56,4.117,0.693,-2.453,1.4621,-0.8649,-3.127,57.4757,-0.5202,92.2502
1741334911.238,3.55,4.118,0.703,-2.455,1.455,-0.8653,-3.1221,57.321,-0.5842,92.3132
1741334911.318,3.542,4.118,0.71,-2.455,1.4477,-0.8657,-3.1175,57.1176,-0.5603,92.3194
1741334911.397,3.531,4.118,0.721,-2.455,1.4408,-0.8659,-3.1128,57.0588,-0.5918,92.3525
1741334911.477,3.524,4.118,0.728,-2.456,1.4343,-0.8663,-3.1083,56.9732,-0.6491,92.3853
1741334911.557,3.524,4.117,0.728,-2.455,1.4282,-0.8663,-3.104,56.8753,-0.6974,92.3721
1741334911.636,3.508,4.119,0.744,-2.457,1.4223,-0.8662,-3.1002,56.7613,-0.6049,92.2481
1741334911.716,3.5,4.119,0.752,-2.457,1.4165,-0.8666,-3.0962,56.6787,-0.6435,92.2489
1741334911.795,3.489,4.118,0.762,-2.456,1.4104,-0.8668,-3.0922,56.5771,-0.5362,92.1268
1741334911.875,3.484,4.119,0.767,-2.457,1.4032,-0.8668,-3.0875,56.5589,-0.5599,92.1768
1741334911.955,3.484,4.118,0.767,-2.457,1.3964,-0.8672,-3.083,56.4208,-0.4732,92.1094
1741334912.034,3.473,4.118,0.778,-2.457,1.3901,-0.8673,-3.0787,56.3602,-0.4565,92.1252
1741334912.114,3.459,4.118,0.792,-2.457,1.3866,-0.8671,-3.0775,56.3868,0.1492,91.3006
1741334912.194,3.453,4.118,0.798,-2.457,1.3854,-0.8666,-3.0776,56.4327,0.4191,90.9171
1741334912.273,3.451,4.118,0.8,-2.457,1.3839,-0.8664,-3.0768,56.3864,0.573,90.5787
1741334912.353,3.451,4.116,0.8,-2.455,1.382,-0.8658,-3.0751,56.3704,0.4429,90.0362
1741334912.432,3.446,4.117,0.805,-2.456,1.3759,-0.8654,-3.0706,56.2267,0.3481,89.6595
1741334912.512,3.445,4.117,0.806,-2.456,1.3656,-0.8659,-3.0635,56.2619,0.2942,89.6295
1741334912.592,3.435,4.116,0.815,-2.456,1.3574,-0.8662,-3.0562,55.6247,-0.4904,89.7164
1741334912.672,3.423,4.117,0.827,-2.457,1.3485,-0.8663,-3.0489,55.3165,-0.845,90.1869
1741334912.751,3.423,4.119,0.827,-2.459,1.3414,-0.8668,-3.0433,54.8284,-0.9449,90.338
1741334912.831,3.41,4.125,0.84,-2.465,1.3359,-0.8672,-3.039,54.5927,-0.9134,90.3948
1741334912.91,3.402,4.125,0.848,-2.465,1.3286,-0.868,-3.0332,54.1968,-1.0392,91.3061
1741334912.99,3.393,4.13,0.857,-2.47,1.3165,-0.8698,-3.0262,54.1761,-0.2049,92.0613
1741334913.07,3.393,4.132,0.857,-2.472,1.3102,-0.8696,-3.0206,54.2428,-0.4953,92.275
1741334913.15,3.373,4.132,0.877,-2.472,1.3061,-0.87,-3.0175,54.1872,-0.4046,92.2459
1741334913.229,3.361,4.135,0.889,-2.475,1.3028,-0.8699,-3.016,54.191,-0.309,92.1965
1741334913.309,3.35,4.135,0.9,-2.474,1.2989,-0.8702,-3.0133,54.038,-0.221,92.1158
1741334913.388,3.351,4.133,0.9,-2.472,1.2934,-0.8703,-3.0093,53.8534,-0.1675,92.0799
1741334913.468,3.351,4.134,0.9,-2.473,1.2871,-0.8704,-3.0043,53.7568,-0.1802,92.1033
1741334913.548,3.34,4.134,0.911,-2.473,1.2799,-0.8709,-2.9987,53.6111,-0.204,92.1616
1741334913.627,3.331,4.135,0.921,-2.472,1.2723,-0.8706,-2.9948,52.9876,0.6495,91.5921
1741334913.707,3.318,4.135,0.935,-2.472,1.2682,-0.8704,-2.9928,52.6647,1.21,91.4304
1741334913.787,3.313,4.135,0.94,-2.472,1.2665,-0.87,-2.9926,52.6755,1.5642,91.1001
1741334913.866,3.313,4.139,0.94,-2.475,1.2636,-0.8697,-2.9921,52.6245,2.2752,90.4741
1741334913.946,3.31,4.14,0.943,-2.476,1.2568,-0.8693,-2.9889,52.4372,3.1837,89.8644
1741334914.025,3.311,4.146,0.942,-2.482,1.2481,-0.8687,-2.9747,52.4885,-0.1822,94.382
1741334914.105,3.301,4.146,0.952,-2.483,1.2355,-0.8689,-2.9641,52.6572,-0.1039,94.3368
1741334914.185,3.289,4.138,0.963,-2.475,1.2256,-0.8696,-2.9543,52.979,-1.1418,94.8179
1741334914.344,3.264,4.15,0.988,-2.488,1.2116,-0.8731,-2.9448,53.0336,-0.7389,92.6637
1741334914.543,3.242,4.147,1.01,-2.484,1.2027,-0.873,-2.9394,52.8241,-0.0109,91.5811
1741334914.623,3.231,4.147,1.022,-2.484,1.2009,-0.8732,-2.9382,52.699,0.0632,91.4756
1741334914.702,3.23,4.147,1.022,-2.484,1.1984,-0.873,-2.9374,52.8107,0.4442,90.9022
1741334914.782,3.225,4.147,1.028,-2.484,1.1965,-0.8728,-2.9367,52.7386,0.8121,90.4568
1741334914.862,3.225,4.146,1.027,-2.483,1.1963,-0.8725,-2.9365,52.752,0.7369,90.2518
1741334914.942,3.229,4.15,1.024,-2.487,1.195,-0.872,-2.9352,52.7072,0.5581,89.7291
1741334915.021,3.222,4.147,1.031,-2.483,1.1908,-0.8719,-2.9312,52.5975,0.3811,89.0497
1741334915.101,3.221,4.147,1.032,-2.483,1.1828,-0.872,-2.9239,52.3836,-0.0049,88.8983
1741334915.18,3.221,4.148,1.033,-2.482,1.1735,-0.8726,-2.9164,52.0288,-0.1818,88.9949
1741334915.26,3.221,4.15,1.035,-2.482,1.1644,-0.8725,-2.9086,51.5225,-0.2643,89.1525
1741334915.34,3.205,4.154,1.053,-2.484,1.1569,-0.8729,-2.9023,51.0049,-0.3318,89.4108
1741334915.539,3.182,4.17,1.077,-2.498,1.1352,-0.8756,-2.8848,50.6999,0.0272,91.2327
1741334915.618,3.175,4.174,1.086,-2.5,1.1302,-0.8754,-2.8805,50.3012,0.1035,91.074
1741334915.698,3.153,4.174,1.108,-2.499,1.1269,-0.875,-2.8774,50.2087,0.0968,91.0811
1741334915.897,3.145,4.177,1.116,-2.502,1.1175,-0.8759,-2.8697,50.1049,0.1992,90.9377
1741334915.977,3.137,4.176,1.125,-2.5,1.1118,-0.8758,-2.8645,50.0574,0.0888,90.9485
1741334916.056,3.137,4.18,1.126,-2.503,1.1049,-0.8758,-2.8584,49.8662,0.0664,90.9917
1741334916.136,3.134,4.181,1.129,-2.503,1.0982,-0.8759,-2.8521,49.6834,0.009,91.078
1741334916.216,3.12,4.181,1.147,-2.498,1.092,-0.8759,-2.848,48.9852,0.6076,90.7306
1741334916.295,3.11,4.186,1.158,-2.502,1.0894,-0.8757,-2.8467,48.9056,0.8217,90.7836
1741334916.375,3.111,4.19,1.157,-2.506,1.0897,-0.8759,-2.8471,48.9067,0.9905,90.5582
1741334916.455,3.111,4.195,1.157,-2.51,1.0892,-0.8758,-2.8472,48.8023,1.0413,90.55
1741334916.534,3.111,4.194,1.158,-2.509,1.0876,-0.8755,-2.8468,48.7151,1.4262,90.267
1741334916.614,3.112,4.194,1.156,-2.509,1.0817,-0.8748,-2.8448,48.7519,2.6042,89.6097
1741334916.694,3.105,4.195,1.162,-2.512,1.0735,-0.8738,-2.8326,48.974,0.6553,92.7879
1741334917.012,3.053,4.206,1.215,-2.522,1.0344,-0.878,-2.7949,48.8314,-0.0584,91.3897
1741334917.092,3.044,4.208,1.224,-2.523,1.0302,-0.8778,-2.7925,48.7745,0.2005,91.042
1741334917.171,3.027,4.209,1.241,-2.524,1.0295,-0.8778,-2.7918,48.7807,0.1963,91.017
1741334917.251,3.027,4.211,1.241,-2.526,1.0287,-0.8779,-2.791,48.7397,0.1859,90.9789
1741334917.331,3.026,4.21,1.242,-2.525,1.0251,-0.878,-2.7877,48.735,0.1554,90.9713
1741334917.41,3.031,4.21,1.238,-2.524,1.0184,-0.8781,-2.7821,48.6469,0.1863,90.9745
1741334917.49,3.019,4.21,1.25,-2.523,1.0111,-0.8781,-2.7751,48.5312,0.1035,91.0531
1741334917.57,3.01,4.211,1.26,-2.523,1.0031,-0.8788,-2.7679,48.4247,0.093,91.1055
1741334917.809,2.993,4.221,1.281,-2.527,0.9893,-0.8787,-2.7545,47.67,0.1156,90.9772
1741334917.888,2.988,4.224,1.287,-2.529,0.9889,-0.8787,-2.7537,47.629,0.0677,90.8245
1741334917.968,2.986,4.23,1.293,-2.529,0.9868,-0.8789,-2.7515,47.003,0.2733,90.8863
1741334918.525,2.916,4.192,1.338,-2.526,0.9393,-0.8782,-2.7174,51.8324,-0.4433,89.3467
1741334918.605,2.911,4.192,1.344,-2.525,0.9341,-0.8782,-2.7132,51.6801,-0.3513,89.2384
1741334918.685,2.895,4.194,1.36,-2.527,0.9292,-0.8784,-2.7093,51.7796,-0.3291,89.2356
1741334918.765,2.895,4.196,1.36,-2.529,0.923,-0.8788,-2.7047,51.7202,-0.2981,89.5164
1741334919.003,2.865,4.197,1.39,-2.529,0.895,-0.8813,-2.6836,51.4722,0.2944,90.8814
1741334919.083,2.852,4.2,1.404,-2.532,0.8906,-0.8814,-2.6799,51.4256,0.2162,90.9139
1741334919.163,2.852,4.202,1.405,-2.532,0.8876,-0.8812,-2.6778,51.0403,0.5731,90.4245
1741334919.242,2.839,4.203,1.418,-2.533,0.8868,-0.881,-2.6777,51.0861,0.8546,90.048
1741334919.322,2.841,4.205,1.415,-2.536,0.8862,-0.8808,-2.6775,51.1771,0.8294,89.8997
1741334919.402,2.834,4.205,1.421,-2.538,0.8862,-0.8802,-2.6773,51.631,0.5075,89.7111
1741334919.481,2.838,4.205,1.416,-2.539,0.8863,-0.8797,-2.6759,51.9463,0.1143,89.6271
1741334919.561,2.838,4.204,1.416,-2.539,0.8856,-0.8785,-2.6713,52.07,-1.4957,90.36
1741334919.641,2.835,4.201,1.419,-2.535,0.8799,-0.8774,-2.6619,51.9952,-3.3912,91.5195
1741334945.345,1.783,4.285,2.475,-2.605,0.078,-0.9029,-2.0431,60.5252,-0.6729,90.0763
1741334945.425,1.802,4.283,2.458,-2.6,0.0885,-0.9029,-2.0505,60.897,-0.1376,89.5122
1741334945.505,1.802,4.282,2.458,-2.598,0.0986,-0.9021,-2.0554,61.0133,-0.5801,89.9871
1741334945.584,1.817,4.282,2.442,-2.6,0.1099,-0.9016,-2.0612,60.8042,-0.4304,89.6691
1741334945.664,1.833,4.286,2.42,-2.618,0.1212,-0.903,-2.0651,58.4201,-0.3457,90.4981
1741334945.744,1.849,4.285,2.403,-2.621,0.1328,-0.9037,-2.0714,57.3619,-0.3373,91.9264
1741334946.461,1.952,4.292,2.3,-2.629,0.2285,-0.9004,-2.1338,57.2897,0.5733,90.8669
1741334946.54,1.968,4.281,2.282,-2.62,0.2402,-0.9006,-2.1398,56.1616,0.4968,90.9185
1741334948.013,2.179,4.285,2.071,-2.625,0.4216,-0.8946,-2.266,54.9059,0.1546,91.2542
1741334948.093,2.195,4.283,2.055,-2.623,0.4327,-0.8945,-2.2735,54.8846,0.2019,91.1375
1741334948.173,2.211,4.283,2.039,-2.623,0.4443,-0.8948,-2.2819,54.8573,0.1192,91.0841
1741334948.252,2.229,4.284,2.021,-2.624,0.4563,-0.8944,-2.2908,54.8758,0.3125,90.8504
1741334948.332,2.244,4.282,2.006,-2.622,0.4683,-0.8943,-2.2991,54.9319,0.2309,90.8686
1741334948.412,2.244,4.283,2.006,-2.623,0.4798,-0.8933,-2.3071,55.072,0.2259,90.738
1741334948.491,2.264,4.279,1.986,-2.619,0.492,-0.8934,-2.3149,55.1014,-0.0145,90.7841
1741334948.571,2.281,4.279,1.969,-2.619,0.5033,-0.8929,-2.3227,55.0695,-0.0913,90.7287
1741334948.651,2.3,4.278,1.95,-2.618,0.5143,-0.8924,-2.3306,54.9729,-0.0127,90.6662
1741334948.73,2.317,4.278,1.933,-2.618,0.5258,-0.8931,-2.3389,54.977,0.0186,90.6954
1741334948.81,2.317,4.279,1.933,-2.619,0.5372,-0.8923,-2.3474,54.9084,0.1936,90.5335
1741334948.89,2.335,4.28,1.915,-2.62,0.5485,-0.8918,-2.3557,55.0258,0.338,90.5093
1741334948.969,2.352,4.28,1.898,-2.62,0.56,-0.8916,-2.3636,55.0917,0.3533,90.4737
1741334949.049,2.368,4.276,1.882,-2.616,0.5709,-0.8917,-2.3717,55.2229,0.3695,90.5292
1741334949.129,2.388,4.278,1.862,-2.618,0.5826,-0.8915,-2.3798,55.2834,0.203,90.664
1741334949.208,2.388,4.272,1.862,-2.612,0.5938,-0.8909,-2.3872,55.2967,0.2508,90.6493
1741334949.288,2.405,4.275,1.845,-2.615,0.6056,-0.8911,-2.395,55.335,0.0661,90.7703
1741334949.368,2.417,4.275,1.833,-2.615,0.6171,-0.8903,-2.4027,55.3093,0.0629,90.776
1741334949.447,2.432,4.271,1.818,-2.611,0.6285,-0.891,-2.4112,55.4043,0.2096,90.6788
1741334949.527,2.453,4.275,1.797,-2.615,0.6402,-0.8899,-2.4192,55.5087,0.2299,90.6563
1741334949.606,2.453,4.273,1.797,-2.613,0.6518,-0.8897,-2.4273,55.6106,0.3152,90.5828
1741334949.686,2.469,4.27,1.781,-2.61,0.6638,-0.8905,-2.4352,55.654,-0.0008,90.779
1741334949.766,2.487,4.27,1.763,-2.61,0.6755,-0.8895,-2.4427,55.6457,-0.129,90.7963
1741334949.845,2.507,4.272,1.743,-2.612,0.6867,-0.8892,-2.4506,55.5709,-0.1157,90.8062
1741334949.925,2.521,4.272,1.729,-2.612,0.6978,-0.8891,-2.4582,55.5524,-0.1191,90.8909
1741334950.004,2.521,4.27,1.729,-2.61,0.7092,-0.8883,-2.466,55.4737,-0.0149,90.8049
1741334950.084,2.537,4.27,1.713,-2.61,0.7211,-0.8879,-2.4742,55.5477,0.0206,90.8306
1741334950.164,2.553,4.268,1.697,-2.608,0.7329,-0.8878,-2.4823,55.6531,0.0727,90.791
1741334950.244,2.571,4.27,1.679,-2.61,0.7441,-0.8883,-2.4908,55.6888,0.3009,90.6885
1741334950.323,2.589,4.268,1.662,-2.607,0.7478,-0.8871,-2.5006,56.2095,3.1342,88.5423
1741334950.403,2.589,4.264,1.662,-2.603,0.7541,-0.8856,-2.5067,56.1365,4.0866,88.0318
1741334950.482,2.603,4.264,1.648,-2.603,0.7631,-0.8859,-2.5135,56.1933,4.2673,88.0338
1741334950.562,2.613,4.272,1.638,-2.611,0.7758,-0.8848,-2.5209,56.3047,3.9552,88.3583
1741334950.642,2.632,4.278,1.619,-2.616,0.7907,-0.8841,-2.5211,56.7627,-1.531,94.412
1741334950.721,2.644,4.275,1.607,-2.613,0.8104,-0.8832,-2.527,56.7191,-4.4051,95.3773
1741334950.801,2.644,4.266,1.607,-2.604,0.8206,-0.8836,-2.5344,56.5585,-3.4737,95.1485
1741334950.881,2.662,4.266,1.589,-2.604,0.831,-0.8841,-2.542,56.7543,-2.9903,94.8645
1741334950.96,2.684,4.283,1.567,-2.621,0.8444,-0.8839,-2.5491,56.6566,-3.9276,94.9092
1741334951.04,2.701,4.271,1.55,-2.609,0.855,-0.885,-2.5619,56.8,-0.9772,92.2333
1741334951.119,2.713,4.276,1.54,-2.612,0.8651,-0.8848,-2.5731,57.5055,0.8924,89.7509
1741334951.199,2.713,4.26,1.539,-2.596,0.8721,-0.8837,-2.5776,57.4118,0.7541,89.057
1741334951.279,2.739,4.26,1.513,-2.596,0.8769,-0.8829,-2.5815,57.3326,1.3682,88.3593
1741334951.359,2.757,4.256,1.495,-2.593,0.8862,-0.8821,-2.5872,57.1749,1.389,88.24
1741334951.438,2.764,4.255,1.488,-2.593,0.9013,-0.8825,-2.5962,56.9545,0.985,88.4164
1741334951.518,2.775,4.25,1.476,-2.589,0.9202,-0.8818,-2.6036,56.4597,-0.9769,90.0226
1741334951.597,2.775,4.258,1.477,-2.595,0.9345,-0.8813,-2.6141,57.0765,-0.6352,89.4182
1741334951.677,2.805,4.258,1.448,-2.594,0.9477,-0.8814,-2.6225,57.448,-0.7565,89.5881
1741334951.757,2.821,4.268,1.432,-2.604,0.9581,-0.8814,-2.6292,57.4832,-0.5099,89.7863
1741334951.836,2.84,4.267,1.413,-2.602,0.967,-0.8818,-2.6346,57.8114,-0.6791,90.6103
1741334951.916,2.858,4.265,1.397,-2.598,0.9751,-0.8829,-2.6415,58.29,0.1601,90.9643
1741334951.996,2.858,4.265,1.396,-2.599,0.9858,-0.8822,-2.6471,58.0762,-0.244,91.4016
1741334952.075,2.864,4.265,1.39,-2.599,0.9961,-0.8815,-2.6529,58.1387,-0.4529,91.6222
1741334952.155,2.88,4.266,1.374,-2.6,1.0058,-0.8816,-2.6588,58.1369,-0.4692,91.7056
1741334952.234,2.894,4.266,1.359,-2.602,1.0165,-0.8818,-2.6643,57.3894,-0.5158,91.8667
1741334952.314,2.913,4.264,1.337,-2.603,1.0283,-0.8816,-2.6702,55.9629,-0.4462,91.8227
1741334952.394,2.913,4.267,1.337,-2.607,1.0401,-0.8815,-2.6772,54.914,-0.2249,91.6237
1741334952.473,2.929,4.267,1.321,-2.607,1.0521,-0.8802,-2.6855,54.883,-0.1025,91.5344
1741334952.553,2.947,4.275,1.303,-2.615,1.0648,-0.8803,-2.6947,55.0192,-0.0702,91.4467
1741334952.633,2.965,4.271,1.285,-2.611,1.0774,-0.8798,-2.7034,55.1147,-0.0899,91.4741
1741334952.712,2.979,4.27,1.271,-2.61,1.0896,-0.8794,-2.7116,55.2334,-0.1393,91.4759
1741334952.792,2.979,4.271,1.271,-2.611,1.1013,-0.8789,-2.7196,55.3644,-0.1919,91.522
1741334952.872,2.994,4.271,1.256,-2.611,1.112,-0.8784,-2.725,55.2821,-0.9374,92.3954
1741334952.951,3.009,4.268,1.241,-2.608,1.115,-0.8765,-2.7276,55.2688,-0.6706,93.5421
1741334953.031,3.031,4.27,1.219,-2.61,1.1195,-0.8757,-2.7315,55.2297,-0.2237,93.8471
1741334953.111,3.031,4.27,1.219,-2.61,1.13,-0.8754,-2.7398,55.2565,0.2181,93.5599
1741334953.19,3.029,4.269,1.221,-2.609,1.1453,-0.8752,-2.7502,55.4219,0.1361,93.5541
1741334953.27,3.05,4.269,1.2,-2.609,1.1625,-0.8755,-2.7665,55.5102,1.8842,90.5842
1741334953.35,3.072,4.268,1.179,-2.606,1.1822,-0.8761,-2.7762,56.6476,0.7,90.9588
1741334953.429,3.095,4.261,1.156,-2.599,1.1986,-0.8749,-2.7852,56.5504,-0.5508,91.7872
1741334953.589,3.126,4.261,1.125,-2.599,1.2185,-0.8763,-2.7997,56.6587,-0.1118,91.295
1741334953.668,3.144,4.261,1.106,-2.601,1.2261,-0.8753,-2.8037,55.8152,-0.2698,91.011
1741334953.748,3.16,4.261,1.09,-2.6,1.2294,-0.8747,-2.8056,55.8817,-0.4139,90.687
1741334953.828,3.171,4.269,1.079,-2.609,1.2295,-0.8749,-2.806,55.6877,-0.4245,90.7341
1741334953.907,3.171,4.267,1.079,-2.607,1.2296,-0.8742,-2.8081,54.6785,-0.2701,90.4495
1741334953.987,3.168,4.269,1.082,-2.608,1.234,-0.8734,-2.8131,53.985,-0.1423,89.7099
1741334954.066,3.17,4.269,1.08,-2.609,1.2451,-0.8731,-2.8212,54.1724,-0.2079,89.2215
1741334954.146,3.182,4.268,1.068,-2.608,1.2624,-0.8724,-2.8341,54.3238,-0.0343,89.0038
1741334954.226,3.201,4.269,1.05,-2.608,1.279,-0.873,-2.8468,53.8816,0.547,89.7099
1741334954.385,3.225,4.27,1.027,-2.607,1.3064,-0.8728,-2.8592,53.0094,-2.2479,93.2818
1741334954.465,3.251,4.27,1.001,-2.607,1.3089,-0.8716,-2.86,53.0245,-2.8394,94.2026
1741334954.544,3.269,4.268,0.983,-2.605,1.3079,-0.8713,-2.8606,53.0326,-2.3411,94.048
1741334954.624,3.275,4.282,0.977,-2.62,1.3067,-0.8712,-2.8614,53.0929,-1.5469,94.043
1741334954.704,3.275,4.276,0.977,-2.614,1.3097,-0.8704,-2.8654,53.0493,-0.7213,94.3479
1741334954.783,3.274,4.27,0.978,-2.608,1.3237,-0.8698,-2.8747,53.1299,-1.0972,94.7351
1741334954.863,3.276,4.27,0.975,-2.609,1.3389,-0.8688,-2.8905,53.5825,0.2752,93.9049
1741334955.022,3.318,4.263,0.932,-2.603,1.3697,-0.8692,-2.922,54.1265,3.4541,89.332
1741334955.181,3.343,4.263,0.907,-2.603,1.3918,-0.8676,-2.9382,54.83,3.6047,89.1038
1741334955.261,3.36,4.263,0.89,-2.603,1.4003,-0.8677,-2.9439,55.1349,3.4805,89.2827
1741334955.341,3.374,4.265,0.876,-2.605,1.4064,-0.8672,-2.9474,54.3033,3.2383,88.8691
1741334955.42,3.392,4.258,0.858,-2.598,1.4059,-0.8672,-2.9467,54.1464,3.1347,89.2001
1741334955.5,3.392,4.265,0.859,-2.603,1.4025,-0.8679,-2.944,53.4259,2.839,90.1601
1741334955.579,3.399,4.265,0.854,-2.601,1.4045,-0.8678,-2.9444,52.4401,2.3034,90.8672
1741334955.659,3.392,4.264,0.876,-2.581,1.4052,-0.8673,-2.948,49.0173,1.7909,91.464
1741334955.739,3.396,4.263,0.889,-2.56,1.4143,-0.8686,-2.9515,46.8235,-0.7526,92.0537
1741334955.819,3.436,4.285,0.852,-2.578,1.4277,-0.8678,-2.9634,46.5191,-1.1776,90.953
1741334956.137,3.516,4.303,0.769,-2.6,1.4787,-0.8651,-3.0185,46.8601,0.8567,89.6638
1741334956.217,3.537,4.303,0.751,-2.596,1.4854,-0.8655,-3.025,46.5431,0.8656,89.797
1741334956.296,3.537,4.297,0.751,-2.591,1.4896,-0.8656,-3.0292,46.59,0.9692,90.4261
1741334956.376,3.55,4.297,0.732,-2.598,1.4964,-0.8655,-3.0345,47.3227,-0.0413,91.6768
1741334956.734,3.547,4.214,0.703,-2.553,1.5373,-0.8641,-3.0761,55.9483,-0.5487,92.0416
1741334956.814,3.563,4.204,0.687,-2.544,1.5503,-0.8638,-3.0841,55.8323,-0.7487,92.2355
1741334956.894,3.563,4.205,0.687,-2.545,1.5622,-0.8637,-3.0923,55.7512,-0.664,92.1844
1741334956.973,3.582,4.205,0.668,-2.545,1.5735,-0.8637,-3.1003,55.6328,-0.5753,92.1621
1741334957.053,3.6,4.204,0.65,-2.544,1.5839,-0.8632,-3.1078,55.5198,-0.3894,92.009
1741334957.133,3.618,4.206,0.632,-2.546,1.5948,-0.8628,-3.1152,55.4388,-0.2574,91.9482
1741334957.212,3.63,4.202,0.62,-2.542,1.606,-0.8627,-3.1229,55.4196,-0.32,92.0639
1741334957.292,3.63,4.206,0.62,-2.546,1.617,-0.8623,-3.1304,55.3727,-0.2898,92.0515
1741334957.372,3.65,4.206,0.6,-2.546,1.6276,-0.8615,-3.1351,55.1816,-1.1919,93.1165
1741334957.451,3.664,4.203,0.586,-2.543,1.633,-0.8604,-3.1348,54.7433,-3.0626,94.8287
1741334957.531,3.683,4.205,0.567,-2.545,1.6335,-0.8596,-3.1329,55.1811,-3.6938,95.6293
1741334957.61,3.684,4.214,0.566,-2.554,1.634,-0.8585,-3.1312,55.6442,-4.3813,96.4102
1741334957.69,3.684,4.214,0.567,-2.553,1.6367,-0.8592,-3.1309,56.0854,-5.3323,97.4567
1741334957.77,3.682,4.214,0.57,-2.552,1.6429,-0.858,-3.1311,56.8824,-6.1703,98.596
1741334957.849,3.684,4.222,0.57,-2.557,1.6523,-0.857,-3.1366,57.8009,-6.0773,98.6738
1741334957.929,3.694,4.225,0.561,-2.559,1.6678,-0.8572,-3.1465,57.952,-5.9637,98.4919
1741334958.009,3.711,4.229,0.543,-2.564,1.6813,-0.8581,-3.1683,57.681,1.499,91.184
1741334958.168,3.735,4.224,0.52,-2.558,1.7071,-0.858,-3.1828,58.1065,-0.9011,94.8938
1741334958.248,3.757,4.205,0.498,-2.539,1.7234,-0.8571,-3.1928,58.0279,-0.9626,93.9553
1741334958.327,3.778,4.206,0.477,-2.54,1.7404,-0.8573,-3.2053,58.0917,-0.7555,92.2359
1741334958.407,3.802,4.205,0.451,-2.541,1.7485,-0.8579,-3.2098,57.4502,-0.1237,91.4993
1741334958.487,3.802,4.205,0.451,-2.542,1.7479,-0.8578,-3.2097,57.2994,-0.0835,91.6101
1741334958.566,3.824,4.205,0.429,-2.542,1.7481,-0.8579,-3.2101,57.1691,-0.1469,91.6794
1741334958.646,3.825,4.203,0.426,-2.542,1.7487,-0.8579,-3.2114,56.3899,-0.1786,91.7803
1741334958.726,3.824,4.204,0.426,-2.544,1.7498,-0.8575,-3.2145,54.4097,-0.1465,91.7991
1741334958.806,3.824,4.206,0.432,-2.54,1.7527,-0.8572,-3.22,51.9082,-0.1208,91.6755
1741334958.885,3.826,4.21,0.442,-2.53,1.7575,-0.857,-3.2256,49.3839,-0.0579,91.6587
1741334959.084,3.871,4.256,0.413,-2.558,1.776,-0.8552,-3.2447,47.384,0.4057,89.9126
1741334961.254,4.144,4.2,0.138,-2.507,1.9418,-0.8512,-3.411,47.8551,0.0793,91.8514
1741334961.334,4.146,4.203,0.136,-2.51,1.942,-0.851,-3.4109,47.8486,0.07,91.858
1741334961.414,4.144,4.2,0.138,-2.507,1.9418,-0.851,-3.4111,47.8525,0.0847,91.8523
1741334961.493,4.144,4.203,0.138,-2.51,1.9419,-0.851,-3.4109,47.8492,0.0749,91.8573
1741334961.573,4.146,4.203,0.136,-2.51,1.9418,-0.851,-3.4109,47.8479,0.0674,91.8517
1741334961.653,4.143,4.202,0.139,-2.51,1.9416,-0.8509,-3.4109,47.9024,0.0753,91.8508
1741334961.732,4.145,4.201,0.133,-2.513,1.94,-0.851,-3.41,48.3682,0.0677,91.8492
1741334961.812,4.143,4.2,0.127,-2.519,1.9365,-0.8513,-3.4084,49.3156,0.0873,91.8081
1741334961.971,4.132,4.194,0.136,-2.516,1.9306,-0.8512,-3.4043,49.7226,0.1533,91.7951
1741334962.051,4.119,4.181,0.149,-2.503,1.9303,-0.8513,-3.4038,49.7121,0.1328,91.8176
1741334962.13,4.115,4.181,0.153,-2.503,1.9303,-0.8513,-3.4039,49.7059,0.1621,91.7739
1741334962.21,4.115,4.179,0.153,-2.501,1.9302,-0.8513,-3.4038,49.7067,0.1418,91.803
1741334962.29,4.115,4.177,0.153,-2.499,1.9303,-0.8513,-3.4038,49.7134,0.1414,91.8081
1741334962.369,4.114,4.177,0.154,-2.499,1.9302,-0.8513,-3.4038,49.6857,0.1301,91.8136
1741334962.449,4.115,4.179,0.152,-2.501,1.9302,-0.8514,-3.4038,49.7364,0.0985,91.8547
1741334962.529,4.114,4.182,0.153,-2.504,1.9304,-0.8513,-3.4038,49.7337,0.0622,91.8859
1741334962.608,4.114,4.18,0.153,-2.502,1.9303,-0.8513,-3.4037,49.7241,0.0831,91.8818
1741334962.688,4.114,4.181,0.153,-2.503,1.9303,-0.8515,-3.4037,49.714,0.0765,91.875
1741334962.767,4.114,4.181,0.154,-2.503,1.9301,-0.8514,-3.4039,49.6643,0.1462,91.8118
1741334962.847,4.115,4.18,0.153,-2.502,1.9303,-0.8514,-3.4037,49.6525,0.1366,91.819
1741334962.927,4.116,4.182,0.152,-2.504,1.9303,-0.8513,-3.4038,49.6613,0.1427,91.8127
1741334963.006,4.116,4.182,0.152,-2.504,1.9302,-0.8514,-3.4038,49.6583,0.1421,91.8171
1741334963.086,4.116,4.18,0.152,-2.502,1.9303,-0.8513,-3.4038,49.6605,0.1434,91.8152
1741334963.166,4.115,4.18,0.153,-2.502,1.9303,-0.8511,-3.4036,49.6674,0.1313,91.8312
1741334963.245,4.115,4.181,0.152,-2.504,1.9304,-0.8511,-3.4038,49.7561,0.0861,91.8827
1741334963.325,4.114,4.182,0.153,-2.504,1.9304,-0.8512,-3.4038,49.7301,0.077,91.9025
1741334963.405,4.115,4.18,0.152,-2.502,1.9302,-0.8513,-3.4038,49.7253,0.0991,91.8908
1741334963.484,4.115,4.179,0.152,-2.501,1.9303,-0.8514,-3.4037,49.7258,0.0872,91.8977
1741334963.564,4.114,4.179,0.153,-2.501,1.9302,-0.8513,-3.4038,49.7404,0.0791,91.8974
1741334963.644,4.115,4.18,0.152,-2.502,1.9302,-0.8513,-3.4039,49.7403,0.0733,91.9018
1741334963.723,4.115,4.181,0.152,-2.503,1.9303,-0.8514,-3.4037,49.7436,0.0531,91.9145
1741334963.803,4.114,4.181,0.153,-2.503,1.9303,-0.8514,-3.4038,49.7428,0.0565,91.9084
1741334963.882,4.114,4.179,0.153,-2.501,1.9303,-0.8513,-3.4037,49.7454,0.0638,91.9063
1741334963.962,4.115,4.179,0.152,-2.501,1.9302,-0.8513,-3.4039,49.7456,0.0739,91.895
1741334964.042,4.116,4.18,0.151,-2.502,1.9302,-0.8513,-3.4038,49.75,0.0571,91.9084
1741334964.121,4.115,4.181,0.152,-2.503,1.9303,-0.8513,-3.4037,49.7446,0.0428,91.9072
1741334964.201,4.115,4.181,0.152,-2.503,1.9303,-0.8513,-3.4038,49.7513,0.0361,91.9118
1741334964.281,4.114,4.184,0.153,-2.506,1.9302,-0.8513,-3.4038,49.7505,0.0381,91.9108
1741334964.36,4.114,4.184,0.153,-2.506,1.9302,-0.8513,-3.4037,49.7502,0.0443,91.9114
1741334964.44,4.113,4.18,0.154,-2.502,1.9302,-0.8513,-3.4037,49.7503,0.051,91.8962
1741334964.52,4.114,4.179,0.153,-2.501,1.9304,-0.8514,-3.4037,49.7538,0.0466,91.9035
1741334964.599,4.114,4.181,0.153,-2.504,1.9304,-0.8515,-3.4035,49.7637,0.0199,91.9474
1741334964.679,4.113,4.18,0.154,-2.503,1.9303,-0.8512,-3.4037,49.7642,0.0251,91.9362
1741334964.759,4.114,4.18,0.153,-2.503,1.9303,-0.8513,-3.4038,49.7658,0.0142,91.9463
1741334964.838,4.113,4.18,0.154,-2.503,1.9303,-0.8513,-3.4037,49.7597,0.0138,91.9405
1741334964.918,4.114,4.18,0.153,-2.503,1.9301,-0.8513,-3.4038,49.7846,0.0243,91.9243
1741334964.998,4.114,4.182,0.148,-2.51,1.9271,-0.8514,-3.4022,50.5957,-0.0496,91.9935
1741334965.236,4.083,4.165,0.174,-2.498,1.8957,-0.8525,-3.3906,58.3952,-0.2941,92.1479
1741334965.316,4.057,4.144,0.216,-2.461,1.8845,-0.8526,-3.3873,61.0548,-0.6358,92.46
1741334965.396,4.057,4.133,0.224,-2.441,1.8795,-0.8529,-3.386,62.1376,-0.6532,92.5081
1741334965.475,4.046,4.14,0.236,-2.447,1.8799,-0.8528,-3.3864,62.2031,-0.6914,92.5311
1741334965.555,4.05,4.14,0.231,-2.448,1.8812,-0.8528,-3.3868,62.1266,-0.7512,92.6011
1741334965.635,4.05,4.142,0.231,-2.45,1.8812,-0.853,-3.3871,62.072,-0.7005,92.5443
1741334965.714,4.051,4.142,0.23,-2.451,1.8813,-0.8531,-3.387,62.0557,-0.7099,92.5638
1741334965.794,4.051,4.141,0.23,-2.45,1.8813,-0.8531,-3.3871,62.0477,-0.7031,92.5681
1741334965.874,4.052,4.14,0.229,-2.449,1.8813,-0.853,-3.3871,62.0481,-0.6987,92.5691
1741334965.953,4.051,4.14,0.23,-2.449,1.8812,-0.853,-3.3873,62.0421,-0.7032,92.5812
1741334966.033,4.051,4.143,0.23,-2.452,1.8813,-0.853,-3.3871,62.036,-0.7059,92.5749
1741334966.112,4.05,4.141,0.231,-2.45,1.8813,-0.853,-3.3871,62.0377,-0.6983,92.5672
1741334966.192,4.05,4.142,0.231,-2.451,1.8812,-0.8531,-3.3872,62.0399,-0.6947,92.561
1741334966.272,4.052,4.142,0.228,-2.451,1.8814,-0.853,-3.3872,62.0266,-0.7053,92.5672
1741334966.351,4.052,4.142,0.228,-2.451,1.8814,-0.8529,-3.3872,62.0271,-0.7209,92.5868
1741334966.431,4.05,4.142,0.23,-2.451,1.8813,-0.853,-3.3874,62.027,-0.7114,92.5847
1741334966.511,4.05,4.141,0.23,-2.45,1.8814,-0.8531,-3.3873,62.0245,-0.7212,92.5831
1741334966.59,4.05,4.143,0.23,-2.452,1.8813,-0.8529,-3.3872,62.0226,-0.7197,92.5938
1741334966.67,4.051,4.143,0.23,-2.452,1.8815,-0.853,-3.3874,62.0582,-0.7011,92.577
1741334966.75,4.051,4.141,0.23,-2.45,1.8849,-0.853,-3.3892,62.0598,-0.6769,92.5855
1741334966.829,4.052,4.14,0.229,-2.449,1.8956,-0.853,-3.3951,62.051,-0.651,92.6151
1741334967.148,4.107,4.147,0.174,-2.455,1.951,-0.8516,-3.424,62.0913,-0.9356,92.6887
1741334967.228,4.127,4.147,0.155,-2.455,1.9484,-0.8509,-3.4226,62.0984,-0.897,92.6799
1741334967.307,4.128,4.148,0.154,-2.456,1.9447,-0.8509,-3.4206,62.0837,-0.9449,92.7676
1741334967.387,4.128,4.149,0.154,-2.457,1.9421,-0.851,-3.4192,62.0858,-0.9695,92.7892
1741334967.466,4.126,4.149,0.154,-2.459,1.9417,-0.851,-3.4188,61.9415,-0.9047,92.7146
1741334967.546,4.122,4.149,0.158,-2.459,1.9418,-0.851,-3.4187,61.9329,-0.8844,92.682
1741334967.626,4.12,4.149,0.16,-2.459,1.9418,-0.851,-3.4189,61.9331,-0.8816,92.6991
1741334967.705,4.121,4.148,0.159,-2.458,1.9418,-0.851,-3.419,61.9375,-0.8771,92.6927
1741334967.785,4.121,4.149,0.159,-2.459,1.9418,-0.851,-3.419,61.9432,-0.8622,92.692
1741334967.865,4.12,4.149,0.16,-2.459,1.9418,-0.851,-3.4189,61.9428,-0.8445,92.6665
1741334967.944,4.121,4.146,0.159,-2.456,1.9416,-0.851,-3.4188,61.9065,-0.844,92.6631
1741334968.024,4.12,4.147,0.159,-2.458,1.9404,-0.851,-3.4178,61.7562,-0.8672,92.6741
1741334968.104,4.119,4.147,0.153,-2.465,1.9347,-0.8509,-3.4138,60.8828,-0.7422,92.5903
1741334968.183,4.119,4.146,0.144,-2.473,1.9246,-0.8515,-3.407,59.5153,-0.5883,92.5331
1741334968.263,4.108,4.146,0.146,-2.482,1.9137,-0.852,-3.3986,57.635,-0.2778,92.3259
1741334968.343,4.085,4.143,0.166,-2.482,1.9069,-0.8521,-3.3929,56.5414,-0.2575,92.3006
1741334968.422,4.065,4.137,0.186,-2.476,1.9064,-0.8524,-3.3923,56.2578,-0.2148,92.2375
1741334968.502,4.055,4.137,0.196,-2.476,1.9071,-0.8523,-3.3927,56.2768,-0.2526,92.2979
1741334968.581,4.055,4.143,0.196,-2.482,1.9073,-0.8523,-3.3927,56.2855,-0.2477,92.2738
1741334968.661,4.057,4.143,0.194,-2.482,1.9074,-0.8523,-3.3928,56.2754,-0.2619,92.262
1741334968.741,4.057,4.142,0.194,-2.481,1.9073,-0.8523,-3.3927,56.2736,-0.2582,92.2569
1741334968.82,4.057,4.141,0.194,-2.48,1.9073,-0.8523,-3.3929,56.2735,-0.2572,92.2398
1741334968.9,4.056,4.139,0.195,-2.478,1.9073,-0.8523,-3.3928,56.2796,-0.2648,92.2445
1741334968.98,4.056,4.141,0.195,-2.48,1.9073,-0.8523,-3.3927,56.2805,-0.2694,92.2476
1741334969.059,4.058,4.141,0.193,-2.48,1.9073,-0.8523,-3.3927,56.2787,-0.2546,92.2369
1741334969.139,4.057,4.142,0.194,-2.481,1.9073,-0.8523,-3.3928,56.2871,-0.242,92.2319
1741334969.219,4.058,4.142,0.193,-2.481,1.9073,-0.8523,-3.3927,56.2889,-0.2623,92.2435
1741334969.298,4.055,4.141,0.196,-2.48,1.9074,-0.8524,-3.3928,56.2898,-0.2609,92.2484
1741334969.378,4.055,4.139,0.196,-2.478,1.9072,-0.8523,-3.3928,56.2904,-0.2779,92.2623
1741334969.458,4.056,4.139,0.195,-2.478,1.9073,-0.8524,-3.3928,56.2941,-0.2731,92.2582
1741334969.537,4.057,4.143,0.194,-2.482,1.9073,-0.8523,-3.3927,56.2914,-0.2727,92.2445
1741334969.617,4.056,4.145,0.195,-2.484,1.9073,-0.8523,-3.3927,56.294,-0.2855,92.2592
1741334969.697,4.056,4.142,0.195,-2.481,1.9073,-0.8523,-3.3929,56.2919,-0.2689,92.2416
1741334969.776,4.058,4.144,0.193,-2.483,1.9074,-0.8523,-3.3928,56.2853,-0.2637,92.2389
1741334969.856,4.057,4.144,0.194,-2.483,1.9074,-0.8522,-3.3927,56.2918,-0.2916,92.258
1741334969.936,4.056,4.14,0.195,-2.479,1.9073,-0.8523,-3.3929,56.2936,-0.2869,92.2502
1741334970.015,4.057,4.142,0.194,-2.481,1.9073,-0.8523,-3.3928,56.2904,-0.2682,92.2375
1741334970.095,4.057,4.139,0.194,-2.478,1.9073,-0.8523,-3.3928,56.2895,-0.2547,92.2288
1741334970.174,4.057,4.14,0.194,-2.479,1.9073,-0.8524,-3.393,56.2869,-0.2541,92.2306
1741334970.254,4.057,4.14,0.194,-2.479,1.9074,-0.8523,-3.3927,56.2874,-0.2696,92.2377
1741334970.334,4.056,4.14,0.195,-2.479,1.9073,-0.8523,-3.3929,56.2884,-0.2567,92.2263
1741334970.413,4.057,4.14,0.194,-2.479,1.9074,-0.8524,-3.393,56.2906,-0.2571,92.2251
1741334970.493,4.057,4.144,0.194,-2.483,1.9074,-0.8524,-3.3929,56.2915,-0.2782,92.2456
1741334970.573,4.055,4.141,0.196,-2.48,1.9073,-0.8524,-3.3929,56.2889,-0.2699,92.2393
1741334970.652,4.057,4.141,0.194,-2.48,1.9073,-0.8524,-3.3928,56.2924,-0.2776,92.2533
1741334970.732,4.057,4.142,0.194,-2.481,1.9074,-0.8523,-3.3928,56.2876,-0.2663,92.2469
1741334970.812,4.057,4.143,0.194,-2.482,1.9073,-0.8523,-3.3929,56.284,-0.2489,92.2323
1741334970.891,4.057,4.14,0.194,-2.479,1.9073,-0.8524,-3.3928,56.2861,-0.2524,92.2418
1741334970.971,4.057,4.142,0.194,-2.481,1.9073,-0.8524,-3.393,56.2804,-0.2538,92.2338
1741334971.051,4.055,4.142,0.196,-2.481,1.9073,-0.8523,-3.3928,56.274,-0.2768,92.2569
1741334971.13,4.057,4.14,0.194,-2.479,1.9073,-0.8523,-3.3929,56.2778,-0.244,92.2309
1741334971.21,4.057,4.143,0.194,-2.482,1.9073,-0.8523,-3.3928,56.2801,-0.2659,92.2422
1741334971.289,4.057,4.141,0.194,-2.48,1.9073,-0.8524,-3.3929,56.28,-0.2533,92.2352
1741334971.369,4.056,4.143,0.195,-2.482,1.9073,-0.8523,-3.3929,56.278,-0.2693,92.2424
1741334971.449,4.057,4.143,0.194,-2.482,1.9074,-0.8523,-3.3928,56.2802,-0.2717,92.2411
1741334971.528,4.057,4.141,0.194,-2.48,1.9073,-0.8524,-3.3928,56.2729,-0.2738,92.24
1741334971.608,4.056,4.143,0.195,-2.482,1.9073,-0.8523,-3.3929,56.2761,-0.2762,92.245
1741334971.688,4.056,4.142,0.195,-2.481,1.9074,-0.8524,-3.3929,56.2774,-0.2923,92.2675
1741334971.767,4.058,4.141,0.193,-2.48,1.9074,-0.8524,-3.393,56.2801,-0.2851,92.2607
1741334971.847,4.057,4.141,0.194,-2.48,1.9073,-0.8524,-3.3928,56.2747,-0.2779,92.2495
1741334971.927,4.056,4.142,0.195,-2.481,1.9074,-0.8524,-3.3928,56.275,-0.2787,92.2414
1741334972.006,4.057,4.141,0.194,-2.48,1.9074,-0.8524,-3.3929,56.2719,-0.2655,92.2348
1741334972.086,4.057,4.144,0.194,-2.483,1.9073,-0.8524,-3.393,56.2727,-0.2748,92.2392
1741334972.166,4.056,4.144,0.195,-2.483,1.9074,-0.8524,-3.393,56.273,-0.2729,92.2299
1741334972.245,4.055,4.139,0.196,-2.478,1.9073,-0.8524,-3.393,56.2708,-0.2731,92.2346
1741334972.325,4.057,4.141,0.194,-2.48,1.9074,-0.8523,-3.3929,56.2776,-0.2897,92.2548
1741334972.404,4.056,4.143,0.195,-2.482,1.9074,-0.8524,-3.393,56.2717,-0.2799,92.2459
1741334972.484,4.056,4.141,0.195,-2.48,1.9074,-0.8524,-3.3928,56.2733,-0.3064,92.2689
1741334972.564,4.057,4.141,0.194,-2.48,1.9073,-0.8523,-3.3929,56.2666,-0.2996,92.2571
1741334972.643,4.057,4.141,0.194,-2.48,1.9074,-0.8523,-3.393,56.2777,-0.2965,92.2639
1741334972.723,4.056,4.141,0.195,-2.48,1.9073,-0.8523,-3.3929,56.286,-0.3018,92.2735
1741334972.803,4.057,4.143,0.194,-2.482,1.9074,-0.8523,-3.3929,56.2878,-0.3132,92.2793
1741334972.882,4.057,4.144,0.194,-2.483,1.9074,-0.8523,-3.393,56.2943,-0.3228,92.2909
1741334972.962,4.058,4.144,0.193,-2.483,1.9074,-0.8524,-3.3929,56.2847,-0.2951,92.2628
1741334973.042,4.057,4.141,0.194,-2.48,1.9074,-0.8523,-3.393,56.2867,-0.3111,92.2724
1741334973.121,4.057,4.143,0.194,-2.482,1.9074,-0.8523,-3.3931,56.2872,-0.3228,92.2828
1741334973.201,4.058,4.142,0.193,-2.481,1.9074,-0.8523,-3.3929,56.2849,-0.3165,92.2738
1741334973.28,4.058,4.142,0.193,-2.481,1.9073,-0.8524,-3.393,56.2757,-0.3093,92.2706
1741334973.36,4.057,4.142,0.194,-2.481,1.9074,-0.8523,-3.393,56.2778,-0.3262,92.2847
1741334973.44,4.057,4.141,0.194,-2.48,1.9073,-0.8524,-3.393,56.2745,-0.3179,92.2813
1741334973.519,4.057,4.144,0.194,-2.483,1.9074,-0.8523,-3.3929,56.2785,-0.3218,92.2809
1741334973.599,4.057,4.143,0.194,-2.482,1.9074,-0.8524,-3.3931,56.2821,-0.3185,92.2744
1741334973.679,4.057,4.141,0.194,-2.48,1.9074,-0.8524,-3.3929,56.2793,-0.3223,92.2801
1741334973.758,4.057,4.141,0.194,-2.48,1.9075,-0.8524,-3.393,56.2809,-0.3133,92.2644
1741334973.838,4.055,4.143,0.196,-2.482,1.9074,-0.8523,-3.3929,56.2756,-0.3011,92.2547
1741334973.918,4.057,4.141,0.194,-2.48,1.9073,-0.8524,-3.3931,56.282,-0.3004,92.2458
1741334973.997,4.056,4.141,0.195,-2.48,1.9074,-0.8524,-3.3931,56.2813,-0.2975,92.2461
1741334974.077,4.056,4.142,0.195,-2.481,1.9074,-0.8523,-3.3931,56.2821,-0.3031,92.2466
1741334974.157,4.055,4.142,0.196,-2.481,1.9074,-0.8524,-3.393,56.2756,-0.3101,92.253
1741334974.236,4.057,4.143,0.194,-2.482,1.9075,-0.8524,-3.393,56.2706,-0.3102,92.2505
1741334974.316,4.057,4.143,0.194,-2.482,1.9074,-0.8524,-3.393,56.2665,-0.3066,92.254
1741334974.395,4.056,4.14,0.195,-2.479,1.9074,-0.8524,-3.3929,56.2713,-0.3005,92.2479
1741334974.475,4.056,4.141,0.195,-2.48,1.9074,-0.8524,-3.393,56.2742,-0.3,92.2448
1741334974.555,4.056,4.141,0.195,-2.48,1.9074,-0.8524,-3.393,56.267,-0.2989,92.2357
1741334974.634,4.056,4.142,0.195,-2.481,1.9074,-0.8524,-3.393,56.2801,-0.3346,92.2778
1741334974.714,4.056,4.142,0.195,-2.481,1.9074,-0.8524,-3.393,56.2839,-0.3424,92.2985
1741335009.478,4.132,4.443,0.122,-2.778,2.1359,-0.8486,-3.179,57.6466,-0.2649,92.2586
1741335009.558,4.132,4.443,0.122,-2.778,2.136,-0.8486,-3.1791,57.6436,-0.2444,92.2357
1741335009.638,4.133,4.444,0.121,-2.779,2.136,-0.8485,-3.1792,57.6475,-0.2589,92.237
1741335009.717,4.13,4.444,0.124,-2.779,2.1359,-0.8485,-3.1792,57.6471,-0.2498,92.2321
1741335009.797,4.134,4.439,0.12,-2.774,2.1359,-0.8486,-3.1791,57.6446,-0.2559,92.2377
1741335009.877,4.133,4.44,0.121,-2.775,2.136,-0.8485,-3.1791,57.6443,-0.2664,92.2365
1741335009.956,4.133,4.444,0.121,-2.779,2.1359,-0.8485,-3.179,57.637,-0.2628,92.2372
1741335010.036,4.133,4.443,0.121,-2.778,2.1359,-0.8486,-3.1791,57.6367,-0.252,92.2251
1741335010.116,4.134,4.443,0.12,-2.778,2.1359,-0.8485,-3.1791,57.6287,-0.2379,92.2099
1741335010.195,4.131,4.439,0.123,-2.774,2.1359,-0.8486,-3.179,57.6399,-0.263,92.2369
1741335010.275,4.132,4.444,0.122,-2.779,2.1359,-0.8486,-3.1791,57.6413,-0.2479,92.2166
1741335010.354,4.132,4.439,0.122,-2.774,2.1359,-0.8485,-3.179,57.6398,-0.2476,92.2179
1741335010.434,4.131,4.443,0.123,-2.778,2.1359,-0.8485,-3.1791,57.6454,-0.2444,92.2129
1741335010.514,4.132,4.443,0.122,-2.778,2.1359,-0.8485,-3.179,57.6307,-0.2534,92.2294
1741335010.593,4.131,4.439,0.123,-2.774,2.136,-0.8486,-3.1792,57.6369,-0.2457,92.2187
1741335010.673,4.133,4.444,0.121,-2.779,2.1359,-0.8486,-3.179,57.6361,-0.2598,92.2251
1741335010.753,4.133,4.443,0.121,-2.778,2.136,-0.8485,-3.179,57.6279,-0.2578,92.2263
1741335010.832,4.132,4.443,0.122,-2.778,2.1359,-0.8486,-3.1791,57.6316,-0.242,92.2258
1741335010.912,4.132,4.443,0.122,-2.778,2.1359,-0.8486,-3.179,57.6332,-0.2484,92.2292
1741335010.992,4.134,4.442,0.12,-2.777,2.136,-0.8486,-3.1791,57.6344,-0.2522,92.2297
1741335011.071,4.132,4.446,0.122,-2.781,2.1359,-0.8486,-3.179,57.6448,-0.2539,92.2256
1741335011.151,4.132,4.443,0.122,-2.778,2.1359,-0.8485,-3.1791,57.6516,-0.2704,92.2388
1741335011.231,4.132,4.443,0.122,-2.778,2.1359,-0.8486,-3.1791,57.6559,-0.2709,92.2525
1741335011.31,4.132,4.443,0.122,-2.778,2.1358,-0.8486,-3.179,57.6575,-0.2653,92.2517
1741335011.39,4.132,4.443,0.122,-2.778,2.1359,-0.8485,-3.1791,57.6501,-0.2422,92.2212
1741335011.469,4.133,4.444,0.121,-2.779,2.136,-0.8486,-3.179,57.645,-0.2477,92.2254
1741335011.549,4.133,4.442,0.121,-2.777,2.1359,-0.8485,-3.179,57.6439,-0.2311,92.2152
1741335011.629,4.131,4.442,0.123,-2.777,2.1359,-0.8485,-3.1792,57.6445,-0.2291,92.2161
1741335011.708,4.133,4.443,0.121,-2.778,2.1359,-0.8486,-3.1791,57.6461,-0.2502,92.2297
1741335011.788,4.134,4.439,0.12,-2.774,2.1359,-0.8486,-3.179,57.6455,-0.2572,92.2239
1741335011.868,4.131,4.444,0.123,-2.779,2.1359,-0.8486,-3.1791,57.6468,-0.2464,92.2183
1741335011.947,4.131,4.44,0.123,-2.775,2.136,-0.8485,-3.179,57.6414,-0.2257,92.2009
1741335012.027,4.132,4.44,0.122,-2.775,2.1359,-0.8485,-3.1791,57.6397,-0.224,92.2002
1741335012.107,4.132,4.443,0.122,-2.778,2.1359,-0.8486,-3.179,57.6382,-0.2263,92.2101
1741335012.186,4.133,4.439,0.121,-2.774,2.136,-0.8486,-3.1792,57.6382,-0.2171,92.1991
1741335012.266,4.132,4.444,0.122,-2.779,2.1358,-0.8485,-3.179,57.6439,-0.2202,92.2026
1741335012.346,4.132,4.443,0.122,-2.778,2.1359,-0.8485,-3.179,57.6528,-0.2314,92.2077
1741335012.425,4.131,4.443,0.123,-2.778,2.1359,-0.8485,-3.179,57.6522,-0.24,92.2091
1741335012.505,4.132,4.443,0.122,-2.778,2.1358,-0.8486,-3.179,57.6467,-0.2311,92.2003
1741335012.584,4.131,4.444,0.123,-2.779,2.1359,-0.8487,-3.1791,57.6524,-0.2387,92.2071
1741335012.664,4.132,4.441,0.122,-2.776,2.1358,-0.8485,-3.1789,57.6569,-0.2531,92.22
1741335012.744,4.132,4.439,0.122,-2.774,2.1338,-0.8487,-3.1774,57.6485,-0.3368,92.252
1741335012.823,4.132,4.439,0.122,-2.774,2.1246,-0.8487,-3.1721,57.6732,-0.2366,92.1135
1741335012.903,4.13,4.444,0.124,-2.78,2.1084,-0.8491,-3.1618,57.4745,-0.3102,92.132
1741335013.182,4.058,4.444,0.194,-2.782,2.0399,-0.852,-3.1177,56.7019,-0.1393,92.0336
1741335013.262,4.028,4.446,0.223,-2.784,2.0257,-0.8525,-3.108,56.5175,-0.1573,92.1445
1741335013.341,4.028,4.446,0.223,-2.785,2.0128,-0.8532,-3.099,56.4192,-0.3752,92.2799
1741335013.421,4.006,4.446,0.245,-2.785,1.9999,-0.8533,-3.09,56.2909,-0.4311,92.3369
1741335013.501,3.985,4.44,0.266,-2.779,1.9866,-0.8538,-3.081,56.1924,-0.5479,92.4535
1741335013.58,3.964,4.448,0.287,-2.787,1.972,-0.8547,-3.0717,56.0787,-0.2968,92.2248
1741335013.779,3.923,4.443,0.327,-2.783,1.9403,-0.8558,-3.0504,55.7305,-0.1276,92.1075
1741335013.859,3.923,4.442,0.327,-2.782,1.9306,-0.8561,-3.0435,55.4723,-0.1243,92.0787
1741335013.939,3.902,4.45,0.348,-2.79,1.9212,-0.8563,-3.0368,55.367,-0.1717,92.1364
1741335014.018,3.889,4.45,0.361,-2.79,1.9108,-0.8563,-3.0296,55.2648,-0.1742,92.179
1741335014.098,3.875,4.451,0.375,-2.791,1.8993,-0.8572,-3.0219,55.1542,-0.1738,92.2212
1741335014.177,3.857,4.452,0.393,-2.792,1.8868,-0.8577,-3.0133,54.9727,-0.0535,92.0943
1741335014.257,3.857,4.454,0.393,-2.794,1.8737,-0.8574,-3.0041,54.8546,-0.0042,92.0196
1741335014.337,3.841,4.456,0.409,-2.796,1.8608,-0.858,-2.995,54.7981,0.1028,91.8355
1741335014.416,3.823,4.456,0.427,-2.796,1.8474,-0.8585,-2.985,54.6627,-0.0686,92.0414
1741335014.496,3.801,4.449,0.449,-2.789,1.8333,-0.8591,-2.9748,54.4619,-0.2435,92.2354
1741335014.576,3.781,4.455,0.469,-2.795,1.8185,-0.8596,-2.9636,54.3781,-0.3482,92.2717
1741335014.735,3.758,4.457,0.493,-2.796,1.7885,-0.8606,-2.9425,53.9976,-0.0296,91.8842
1741335015.014,3.695,4.464,0.557,-2.802,1.7381,-0.8624,-2.9048,53.1472,-0.1306,91.8133
1741335015.093,3.674,4.468,0.578,-2.805,1.7237,-0.863,-2.8939,52.9023,-0.0958,91.8071
1741335015.173,3.65,4.474,0.6,-2.814,1.7104,-0.8635,-2.8856,54.2275,0.1795,91.4396
1741335015.412,3.607,4.461,0.644,-2.8,1.6668,-0.8647,-2.8537,53.9407,-0.2683,91.8203
1741335015.491,3.583,4.47,0.667,-2.81,1.652,-0.8646,-2.843,54.244,-0.4435,91.9887
1741335015.571,3.562,4.471,0.688,-2.811,1.6376,-0.8658,-2.8328,54.4987,-0.5872,92.0285
1741335015.73,3.536,4.472,0.716,-2.809,1.6111,-0.8667,-2.8192,56.931,-0.2031,91.6554
1741335015.81,3.519,4.472,0.733,-2.809,1.594,-0.8672,-2.8084,57.1123,-0.2398,91.7484
1741335015.89,3.497,4.46,0.755,-2.797,1.5762,-0.8678,-2.7964,56.9384,-0.2992,91.7706
1741335015.969,3.469,4.456,0.783,-2.794,1.5582,-0.8676,-2.7846,56.735,-0.3102,91.7796
1741335016.208,3.416,4.458,0.835,-2.796,1.5126,-0.8687,-2.7546,56.535,0.0072,91.498
1741335016.288,3.396,4.459,0.855,-2.798,1.4988,-0.8693,-2.7453,56.4805,-0.0827,91.61
1741335016.368,3.376,4.459,0.875,-2.798,1.4845,-0.8701,-2.7355,56.4481,-0.2429,91.779
1741335016.806,3.285,4.457,0.965,-2.797,1.4015,-0.8717,-2.6799,55.5744,0.0905,91.2042
1741335016.885,3.27,4.461,0.98,-2.801,1.3866,-0.8721,-2.6693,55.3281,0.0875,91.1375
1741335016.965,3.249,4.46,1.001,-2.8,1.3718,-0.8726,-2.659,55.0541,0.1192,91.1867
1741335017.204,3.199,4.462,1.051,-2.801,1.3372,-0.8717,-2.631,54.1099,-0.9771,90.9116
1741335017.283,3.179,4.471,1.071,-2.81,1.3263,-0.8715,-2.6247,54.0624,-0.0865,89.4622
1741335017.363,3.168,4.476,1.082,-2.815,1.311,-0.8723,-2.613,54.0555,-0.5816,90.25
1741335038.747,1.832,4.519,2.426,-2.839,0.2589,-0.9009,-1.8853,60.3249,-0.9528,90.356
1741335038.827,1.862,4.499,2.4,-2.809,0.2708,-0.8998,-1.8935,61.5847,-0.3559,89.5492
1741335038.907,1.862,4.499,2.401,-2.808,0.279,-0.8996,-1.8982,61.7217,-0.3084,89.4799
1741335039.106,1.9,4.516,2.364,-2.823,0.2946,-0.8991,-1.9066,61.9478,-0.2905,89.6611
1741335039.185,1.91,4.516,2.354,-2.823,0.3021,-0.8988,-1.9105,61.9342,-0.5055,90.0862
1741335039.265,1.918,4.518,2.347,-2.823,0.3108,-0.8991,-1.9152,62.1821,-0.5379,90.2962
1741335039.345,1.93,4.516,2.336,-2.818,0.3193,-0.8984,-1.9197,62.3897,-0.4382,90.2342
1741335039.424,1.944,4.522,2.323,-2.822,0.3276,-0.8995,-1.9242,62.6173,-0.3152,90.7332
1741335039.504,1.944,4.522,2.324,-2.819,0.3343,-0.8998,-1.9263,62.8864,-1.0845,92.612
1741335039.584,1.956,4.521,2.312,-2.82,0.3414,-0.8987,-1.9271,62.6899,-2.6953,94.2447
1741335039.663,1.967,4.526,2.298,-2.832,0.3484,-0.8979,-1.929,62.0379,-3.0826,94.7104
1741335039.743,1.972,4.533,2.286,-2.855,0.3582,-0.8973,-1.9306,60.0827,-3.5085,94.9243
1741335039.823,1.98,4.536,2.271,-2.873,0.3699,-0.8971,-1.9332,57.0166,-3.2242,94.6695
1741335039.902,1.98,4.536,2.271,-2.875,0.3816,-0.8968,-1.9371,53.6532,-2.7939,94.3149
1741335039.982,1.985,4.533,2.27,-2.862,0.392,-0.8966,-1.9419,50.9597,-2.4361,93.8302
1741335042.053,2.159,4.503,2.091,-2.842,0.511,-0.8919,-2.049,56.0315,0.5588,88.7014
1741335042.252,2.174,4.502,2.076,-2.841,0.5216,-0.8916,-2.0556,56.1441,0.3734,88.9107
1741335044.382,2.524,4.509,1.727,-2.847,0.8368,-0.8881,-2.2598,56.6129,0.3791,90.4156
1741335044.462,2.536,4.505,1.715,-2.843,0.8493,-0.888,-2.268,56.8282,0.2726,90.5838
1741335044.542,2.559,4.506,1.693,-2.843,0.8635,-0.8875,-2.2771,57.1106,0.1485,90.7584
1741335044.621,2.577,4.501,1.675,-2.838,0.8787,-0.887,-2.2862,57.2429,0.0162,90.8349
1741335044.701,2.577,4.504,1.675,-2.841,0.894,-0.8868,-2.2962,57.1707,0.0662,90.8001
1741335044.78,2.599,4.504,1.651,-2.844,0.9079,-0.8858,-2.2988,55.5732,-1.6416,92.7417
1741335044.86,2.62,4.505,1.632,-2.842,0.9209,-0.8842,-2.3013,52.8289,-2.8583,93.6913
1741335044.94,2.634,4.517,1.628,-2.837,0.9346,-0.8837,-2.3059,49.6058,-2.943,93.8166
1741335045.019,2.661,4.544,1.62,-2.831,0.9502,-0.8831,-2.3138,46.2428,-3.1575,93.7731
1741335045.577,2.75,4.52,1.5,-2.86,1.011,-0.8818,-2.3811,55.0328,-4.1722,94.8599
1741335045.656,2.756,4.51,1.494,-2.85,1.0179,-0.8813,-2.3848,55.0781,-4.3228,94.9401
1741335045.736,2.761,4.514,1.489,-2.854,1.025,-0.8808,-2.389,55.0278,-4.5402,94.8993
1741335045.816,2.761,4.515,1.489,-2.855,1.0336,-0.8807,-2.3951,55.1528,-4.5567,94.8176
1741335045.896,2.77,4.515,1.48,-2.855,1.0436,-0.8806,-2.4016,55.2638,-4.6013,94.836
1741335045.975,2.789,4.511,1.462,-2.85,1.0543,-0.8801,-2.4095,56.1486,-4.8788,95.105
1741335046.055,2.798,4.511,1.455,-2.845,1.0626,-0.8801,-2.417,57.8317,-5.0867,95.3722
1741335046.134,2.812,4.512,1.447,-2.838,1.0695,-0.8804,-2.4243,59.5741,-4.8667,95.863
1741335046.214,2.812,4.502,1.448,-2.826,1.0758,-0.8795,-2.4303,59.8952,-3.7576,95.3522
1741335046.294,2.828,4.502,1.432,-2.826,1.0845,-0.8795,-2.4344,59.7771,-4.4759,95.6435
1741335046.373,2.845,4.5,1.414,-2.826,1.0933,-0.8793,-2.4387,59.5791,-4.7043,95.3815
1741335046.453,2.855,4.507,1.404,-2.832,1.1006,-0.8789,-2.4427,59.6052,-4.8546,95.351
1741335046.533,2.864,4.507,1.396,-2.832,1.1091,-0.8785,-2.4477,59.7012,-4.7945,95.1699
1741335046.612,2.864,4.509,1.396,-2.834,1.1193,-0.8783,-2.453,59.6766,-4.9218,95.2477
1741335046.692,2.879,4.509,1.377,-2.84,1.1304,-0.878,-2.4584,58.5533,-4.5973,94.8566
1741335046.772,2.888,4.51,1.365,-2.845,1.1411,-0.8781,-2.4647,57.8202,-4.0879,94.3447
1741335046.851,2.907,4.506,1.347,-2.839,1.1506,-0.8781,-2.4738,58.0854,-2.7068,92.5698
1741335046.931,2.92,4.511,1.336,-2.842,1.1601,-0.8776,-2.4847,58.5842,-0.2484,89.2129
1741335047.011,2.92,4.498,1.335,-2.83,1.1693,-0.8778,-2.4904,58.416,-0.4065,89.6952
1741335047.09,2.933,4.498,1.323,-2.829,1.178,-0.8772,-2.4964,58.6754,-0.183,89.3678
1741335047.17,2.955,4.497,1.301,-2.827,1.1867,-0.8772,-2.5022,58.7692,0.0209,89.0782
1741335047.249,2.966,4.493,1.291,-2.823,1.195,-0.8772,-2.507,58.8559,-0.1088,89.2918
1741335047.329,2.98,4.49,1.277,-2.819,1.2035,-0.8771,-2.5119,58.9202,-0.1562,89.4754
1741335047.409,2.98,4.493,1.277,-2.822,1.2123,-0.8769,-2.5167,59.0517,-0.3587,89.7257
1741335047.488,2.987,4.493,1.271,-2.821,1.2213,-0.8769,-2.5219,59.1937,-0.6057,90.0605
1741335047.568,2.999,4.496,1.257,-2.828,1.2308,-0.876,-2.5262,58.5031,-0.666,90.068
1741335047.648,3.01,4.497,1.242,-2.834,1.2395,-0.8758,-2.5286,57.1782,-1.3497,91.2772
1741335047.727,3.021,4.498,1.231,-2.835,1.2476,-0.8755,-2.5323,56.9538,-1.7904,92.1278
1741335047.807,3.021,4.503,1.231,-2.84,1.2543,-0.8762,-2.5383,57.1823,-0.8519,91.1235
1741335047.886,3.036,4.503,1.216,-2.84,1.259,-0.8776,-2.5405,57.2537,-0.8434,92.0065
1741335047.966,3.045,4.501,1.208,-2.837,1.2634,-0.8773,-2.5458,57.5356,-0.1665,91.6836
1741335048.046,3.047,4.496,1.206,-2.832,1.2659,-0.8772,-2.5473,57.3335,-0.126,91.693
1741335048.125,3.057,4.497,1.196,-2.833,1.2668,-0.8773,-2.548,57.3838,-0.1838,91.7669
1741335048.205,3.057,4.495,1.195,-2.832,1.2678,-0.877,-2.5481,57.1799,-0.1737,91.6994
1741335048.285,3.064,4.495,1.187,-2.834,1.2706,-0.877,-2.5492,56.3818,-0.1075,91.6062
1741335048.364,3.067,4.496,1.183,-2.836,1.2751,-0.8769,-2.5509,55.1476,0.0247,91.5341
1741335048.444,3.069,4.497,1.182,-2.836,1.2811,-0.8767,-2.5529,53.5559,0.0087,91.4926
1741335048.524,3.077,4.507,1.178,-2.84,1.2874,-0.8764,-2.555,51.8049,0.0275,91.421
1741335048.603,3.077,4.518,1.182,-2.844,1.2929,-0.8762,-2.5576,50.5512,0.114,91.3045
1741335048.683,3.092,4.518,1.168,-2.843,1.2971,-0.8763,-2.561,50.3219,0.1932,91.1961
1741335048.763,3.107,4.534,1.153,-2.859,1.3001,-0.8762,-2.5634,50.3267,0.2031,91.1927
1741335048.842,3.109,4.539,1.151,-2.864,1.3029,-0.876,-2.5658,50.3397,0.239,91.1436
1741335048.922,3.121,4.539,1.139,-2.864,1.3059,-0.876,-2.5686,50.3972,0.2832,91.1072
1741335049.001,3.121,4.536,1.139,-2.861,1.3097,-0.8757,-2.5717,50.3521,0.2872,91.1343
1741335049.081,3.126,4.536,1.134,-2.861,1.3153,-0.876,-2.5767,50.3938,0.2697,91.1558
1741335049.161,3.132,4.533,1.128,-2.859,1.3243,-0.8748,-2.5842,50.4973,0.3585,91.1499
1741335049.24,3.136,4.537,1.124,-2.863,1.3334,-0.8749,-2.5963,50.5375,1.7029,90.5701
1741335049.32,3.15,4.53,1.111,-2.855,1.3493,-0.8746,-2.6092,50.2849,0.1711,91.6276
1741335049.4,3.15,4.523,1.112,-2.845,1.3641,-0.8758,-2.6217,49.9265,0.5269,91.1827
1741335049.479,3.171,4.523,1.093,-2.843,1.3795,-0.8732,-2.6351,49.677,0.5215,91.0142
1741335049.639,3.231,4.523,1.031,-2.846,1.4068,-0.8732,-2.6599,49.9751,0.4584,91.1194
1741335049.877,3.263,4.51,1.009,-2.82,1.4334,-0.8694,-2.7011,61.5962,0.5248,91.3003
1741335050.435,3.412,4.517,0.862,-2.825,1.545,-0.8671,-2.7617,61.8699,3.9691,88.6021
1741335050.634,3.43,4.5,0.834,-2.822,1.5838,-0.8644,-2.7831,60.1319,4.7167,87.8197
1741335050.833,3.469,4.502,0.797,-2.821,1.622,-0.8643,-2.8067,60.4987,4.8247,87.3982
1741335050.913,3.495,4.502,0.771,-2.821,1.6372,-0.8636,-2.8152,60.5439,4.7837,87.5109
1741335051.152,3.539,4.506,0.731,-2.821,1.6814,-0.8628,-2.8421,61.0834,4.9831,87.4218
1741335051.231,3.56,4.511,0.711,-2.824,1.6956,-0.8618,-2.8505,61.2199,5.0672,87.3096
1741335051.948,3.727,4.521,0.557,-2.819,1.8318,-0.8573,-2.9279,62.7923,5.3163,87.2728
1741335052.028,3.745,4.534,0.54,-2.831,1.8468,-0.8574,-2.9353,62.8667,4.8336,87.5465
1741335052.267,3.789,4.536,0.491,-2.84,1.893,-0.8564,-2.9515,62.2634,0.1975,89.9159
1741335052.347,3.81,4.53,0.473,-2.831,1.9003,-0.8564,-2.9557,62.5435,0.3875,89.7681
1741335052.426,3.828,4.517,0.454,-2.819,1.9074,-0.8559,-2.9592,62.4531,0.1724,89.9198
1741335052.506,3.828,4.518,0.446,-2.83,1.9144,-0.856,-2.9612,61.3884,0.0106,90.0688
1741335052.585,3.839,4.518,0.421,-2.846,1.9221,-0.8551,-2.9632,59.1979,0.2438,89.874
1741335052.665,3.846,4.517,0.409,-2.852,1.9311,-0.8545,-2.9667,57.7984,0.1819,89.9112
1741335052.745,3.843,4.512,0.413,-2.845,1.94,-0.8539,-2.9719,58.0794,0.1813,89.9052
1741335052.824,3.851,4.509,0.405,-2.842,1.9502,-0.8546,-2.9795,58.2131,0.3563,89.7806
1741335052.904,3.851,4.507,0.405,-2.84,1.96,-0.8541,-2.9852,58.1776,0.227,89.8965
1741335052.984,3.866,4.507,0.39,-2.84,1.9688,-0.8526,-2.991,58.2346,0.3097,89.85
1741335053.063,3.879,4.502,0.378,-2.834,1.9771,-0.8523,-2.9967,58.4386,0.5186,89.8307
1741335053.143,3.892,4.501,0.364,-2.834,1.9856,-0.8533,-3.002,58.2312,0.5701,89.9647
1741335053.222,3.903,4.508,0.353,-2.841,1.9929,-0.8549,-3.0064,58.2113,0.388,91.5013
1741335053.302,3.903,4.501,0.352,-2.835,2.0038,-0.855,-3.0112,58.0267,-0.4139,92.3699
1741335053.382,3.914,4.501,0.342,-2.834,2.0124,-0.8543,-3.017,58.1013,-0.3552,92.3877
1741335053.462,3.923,4.505,0.333,-2.838,2.0192,-0.854,-3.0218,58.2539,-0.3777,92.4584
1741335053.541,3.939,4.504,0.318,-2.836,2.0256,-0.8534,-3.0257,58.3946,-0.3752,92.4867
1741335053.621,3.947,4.513,0.31,-2.844,2.0325,-0.8536,-3.0304,58.5255,-0.329,92.5087
1741335053.701,3.947,4.511,0.311,-2.842,2.0407,-0.8536,-3.0359,58.6483,-0.2516,92.4266
1741335053.78,3.956,4.511,0.303,-2.841,2.05,-0.8525,-3.0418,58.8086,-0.3169,92.4797
1741335053.86,3.969,4.505,0.291,-2.834,2.0611,-0.8527,-3.0487,58.9808,-0.147,92.2891
1741335053.939,3.986,4.504,0.274,-2.832,2.072,-0.8522,-3.0551,59.1384,-0.2355,92.3272
1741335054.019,4.005,4.51,0.256,-2.837,2.0843,-0.8514,-3.0624,59.2881,-0.2599,92.2879
1741335054.099,4.005,4.512,0.258,-2.838,2.0978,-0.8506,-3.07,59.5308,-0.5407,92.5572
1741335054.258,4.041,4.515,0.224,-2.839,2.1274,-0.8504,-3.0876,59.863,-0.6533,92.6515
1741335054.338,4.063,4.51,0.202,-2.833,2.1402,-0.8499,-3.0954,59.915,-0.6001,92.6506
1741335054.417,4.085,4.517,0.181,-2.84,2.1465,-0.8499,-3.0989,60.001,-0.6534,92.6975
1741335054.497,4.085,4.519,0.181,-2.842,2.1456,-0.8495,-3.0986,60.0097,-0.5502,92.6489
1741335054.576,4.102,4.519,0.163,-2.842,2.1437,-0.8493,-3.0975,59.9723,-0.5666,92.6808
1741335054.656,4.103,4.513,0.162,-2.836,2.1424,-0.8495,-3.0967,59.9485,-0.5483,92.6579
1741335054.736,4.1,4.512,0.165,-2.835,2.1422,-0.8495,-3.0966,59.9472,-0.5589,92.6738
1741335054.815,4.098,4.514,0.167,-2.837,2.1424,-0.8495,-3.0967,59.9548,-0.5734,92.6838
1741335054.895,4.098,4.514,0.167,-2.837,2.1424,-0.8495,-3.0966,59.9547,-0.5749,92.6898
1741335054.975,4.1,4.514,0.165,-2.837,2.1425,-0.8494,-3.0967,59.9542,-0.5573,92.6828
1741335055.054,4.097,4.517,0.168,-2.84,2.1424,-0.8494,-3.0967,59.9529,-0.555,92.6827
1741335055.134,4.1,4.514,0.165,-2.837,2.1424,-0.8495,-3.0966,59.9514,-0.557,92.6829
1741335055.214,4.1,4.52,0.165,-2.843,2.1424,-0.8495,-3.0967,59.9495,-0.5694,92.6948
1741335055.293,4.1,4.514,0.165,-2.837,2.1424,-0.8495,-3.0967,59.9563,-0.5857,92.7071
1741335055.373,4.098,4.514,0.167,-2.837,2.1425,-0.8495,-3.0967,59.952,-0.5931,92.7069
1741335055.453,4.1,4.517,0.165,-2.84,2.1425,-0.8494,-3.0966,59.9608,-0.6114,92.7282
1741335055.532,4.1,4.515,0.165,-2.838,2.1424,-0.8496,-3.0967,59.9642,-0.6081,92.7306
1741335055.612,4.101,4.515,0.164,-2.838,2.1425,-0.8496,-3.0969,59.9714,-0.6066,92.7178
1741335055.692,4.101,4.515,0.164,-2.838,2.1425,-0.8495,-3.0968,59.9622,-0.5799,92.6993
1741335055.771,4.098,4.515,0.167,-2.838,2.1425,-0.8493,-3.0968,59.9608,-0.5704,92.696
1741335055.851,4.101,4.52,0.164,-2.843,2.1425,-0.8494,-3.0966,59.9559,-0.5738,92.7031
1741335055.93,4.098,4.515,0.167,-2.838,2.1424,-0.8496,-3.0967,59.9612,-0.573,92.6992
1741335056.01,4.098,4.514,0.167,-2.837,2.1426,-0.8496,-3.0969,59.9636,-0.5681,92.6916
1741335056.09,4.098,4.518,0.167,-2.841,2.1426,-0.8495,-3.0968,59.9595,-0.5728,92.6966
1741335056.169,4.102,4.518,0.163,-2.841,2.1425,-0.8494,-3.0968,59.9594,-0.5648,92.6916
1741335056.249,4.098,4.514,0.167,-2.837,2.1426,-0.8494,-3.0969,59.963,-0.584,92.7129
1741335056.329,4.1,4.515,0.165,-2.838,2.1426,-0.8496,-3.0969,59.9561,-0.5639,92.6901
1741335056.408,4.101,4.514,0.164,-2.837,2.1427,-0.8496,-3.0969,59.9589,-0.5626,92.6872
1741335056.488,4.101,4.514,0.164,-2.837,2.1426,-0.8496,-3.0968,59.9597,-0.5455,92.6665
1741335056.568,4.098,4.518,0.167,-2.841,2.1425,-0.8494,-3.0969,59.9691,-0.5542,92.6841
1741335056.647,4.1,4.518,0.165,-2.841,2.1425,-0.8494,-3.0969,59.9657,-0.5808,92.7007
1741335056.727,4.101,4.514,0.164,-2.837,2.1426,-0.8496,-3.0968,59.9683,-0.5869,92.7034
1741335056.807,4.101,4.518,0.164,-2.841,2.1426,-0.8496,-3.097,59.9724,-0.5682,92.6853
1741335056.886,4.1,4.518,0.165,-2.841,2.1426,-0.8496,-3.097,59.9715,-0.5901,92.7
1741335056.966,4.1,4.519,0.165,-2.842,2.1426,-0.8495,-3.0969,59.9682,-0.6115,92.7229
1741335057.045,4.101,4.515,0.164,-2.838,2.1425,-0.8494,-3.0969,59.9599,-0.5978,92.7175
1741335057.125,4.1,4.517,0.165,-2.84,2.1427,-0.8496,-3.0969,59.9718,-0.6051,92.7262
1741335057.205,4.1,4.518,0.165,-2.841,2.1426,-0.8497,-3.097,59.9683,-0.5939,92.709
1741335057.284,4.1,4.518,0.165,-2.841,2.1427,-0.8496,-3.0969,59.967,-0.5717,92.6904
1741335057.364,4.1,4.514,0.165,-2.837,2.1427,-0.8495,-3.097,59.968,-0.5632,92.6877
1741335057.444,4.098,4.514,0.167,-2.837,2.1426,-0.8494,-3.0969,59.9683,-0.5668,92.6929
1741335057.523,4.098,4.519,0.167,-2.842,2.1426,-0.8496,-3.097,59.9589,-0.5554,92.6798
1741335057.603,4.098,4.515,0.167,-2.838,2.1427,-0.8497,-3.097,59.9716,-0.5675,92.6943
1741335057.682,4.097,4.515,0.168,-2.838,2.1427,-0.8496,-3.0969,59.9718,-0.5552,92.6894
1741335057.762,4.098,4.518,0.167,-2.841,2.1426,-0.8495,-3.0969,59.9735,-0.5412,92.6488
1741335057.842,4.1,4.514,0.165,-2.837,2.1427,-0.8495,-3.097,59.9682,-0.5264,92.6317
1741335057.922,4.1,4.513,0.165,-2.836,2.1427,-0.8496,-3.097,59.9714,-0.547,92.6657
1741335058.001,4.1,4.516,0.165,-2.839,2.1427,-0.8497,-3.097,59.9764,-0.5474,92.6662
1741335058.081,4.1,4.516,0.165,-2.839,2.1427,-0.8496,-3.0971,59.9798,-0.5548,92.6622
1741335058.16,4.101,4.518,0.164,-2.841,2.1427,-0.8495,-3.097,59.978,-0.5721,92.6921
1741335058.24,4.098,4.515,0.167,-2.838,2.1428,-0.8495,-3.0971,59.98,-0.5609,92.6762
1741335058.32,4.101,4.516,0.164,-2.839,2.1427,-0.8496,-3.0971,59.9754,-0.5521,92.6694
1741335058.399,4.101,4.518,0.164,-2.841,2.1427,-0.8496,-3.0972,59.9695,-0.5458,92.6637
1741335058.479,4.101,4.518,0.164,-2.841,2.1428,-0.8496,-3.0971,59.9785,-0.5592,92.6751
1741335058.559,4.1,4.517,0.165,-2.84,2.1427,-0.8495,-3.0971,59.9737,-0.5624,92.6807
1741335107.022,4.128,4.871,0.126,-3.206,2.3697,-0.846,-2.8112,57.6366,-0.0735,91.9816
1741335107.101,4.126,4.866,0.128,-3.201,2.3699,-0.8461,-2.8111,57.6207,-0.0774,91.9738
1741335107.181,4.127,4.866,0.127,-3.201,2.3698,-0.8459,-2.8113,57.6314,-0.0555,91.9562
1741335107.261,4.127,4.869,0.127,-3.204,2.3697,-0.8459,-2.8112,57.6356,-0.0532,91.9658
1741335107.34,4.128,4.869,0.126,-3.204,2.3697,-0.8461,-2.8112,57.6308,-0.0565,91.9659
1741335107.42,4.125,4.865,0.129,-3.2,2.3699,-0.8461,-2.8113,57.6295,-0.0433,91.9507
1741335107.5,4.128,4.87,0.126,-3.205,2.3698,-0.8459,-2.8112,57.6261,-0.0393,91.9633
1741335107.579,4.129,4.869,0.125,-3.204,2.3698,-0.8459,-2.8112,57.6281,-0.0423,91.9641
1741335107.659,4.129,4.867,0.125,-3.202,2.3698,-0.8459,-2.8113,57.6271,-0.043,91.955
1741335107.739,4.128,4.867,0.126,-3.202,2.3698,-0.846,-2.8113,57.6349,-0.0413,91.9531
1741335107.818,4.128,4.865,0.126,-3.2,2.3698,-0.846,-2.8111,57.6254,-0.0419,91.958
1741335107.898,4.126,4.869,0.128,-3.204,2.3697,-0.846,-2.8112,57.6199,-0.0455,91.9595
1741335107.977,4.127,4.867,0.127,-3.202,2.3696,-0.8458,-2.8112,57.6264,-0.0479,91.9527
1741335108.057,4.127,4.867,0.127,-3.202,2.3697,-0.8459,-2.8112,57.6334,-0.0523,91.9466
1741335108.137,4.127,4.867,0.127,-3.202,2.3697,-0.846,-2.8111,57.6172,-0.0342,91.9446
1741335108.216,4.126,4.87,0.128,-3.205,2.3697,-0.846,-2.8112,57.6164,-0.0458,91.9478
1741335108.296,4.126,4.873,0.128,-3.208,2.3697,-0.8459,-2.8113,57.6141,-0.0271,91.9315
1741335108.376,4.127,4.869,0.127,-3.204,2.3696,-0.8459,-2.8112,57.6242,-0.0361,91.9379
1741335108.455,4.127,4.868,0.127,-3.203,2.3698,-0.846,-2.8113,57.6285,-0.0436,91.9434
1741335108.535,4.127,4.868,0.127,-3.203,2.3697,-0.846,-2.8112,57.63,-0.0613,91.9622
1741335108.615,4.127,4.869,0.127,-3.204,2.3697,-0.846,-2.8112,57.6387,-0.0717,91.9656
1741335108.694,4.126,4.872,0.128,-3.207,2.3698,-0.8459,-2.8111,57.6381,-0.078,91.972
1741335108.774,4.127,4.867,0.127,-3.202,2.3697,-0.846,-2.8112,57.6384,-0.073,91.9728
1741335108.854,4.127,4.866,0.127,-3.201,2.3697,-0.846,-2.8111,57.6397,-0.0782,91.9791
1741335108.933,4.127,4.866,0.127,-3.201,2.3697,-0.8459,-2.8112,57.639,-0.0774,91.9782
1741335109.013,4.127,4.867,0.127,-3.202,2.3697,-0.8459,-2.8111,57.6473,-0.095,91.9958
1741335109.092,4.128,4.868,0.126,-3.203,2.3697,-0.8459,-2.8111,57.6557,-0.0874,91.9859
1741335109.172,4.127,4.866,0.127,-3.201,2.3698,-0.8459,-2.8112,57.6625,-0.0777,91.9736
1741335109.252,4.127,4.867,0.127,-3.202,2.3697,-0.846,-2.811,57.6599,-0.0768,91.9772
1741335109.331,4.128,4.867,0.126,-3.202,2.3696,-0.8459,-2.8112,57.6535,-0.0395,91.932
1741335109.411,4.127,4.867,0.127,-3.202,2.3697,-0.846,-2.8111,57.65,-0.0728,91.9632
1741335109.491,4.125,4.873,0.129,-3.208,2.3697,-0.8459,-2.8111,57.6375,-0.0611,91.9511
1741335109.57,4.127,4.87,0.127,-3.205,2.3696,-0.8459,-2.811,57.6349,-0.0697,91.9679
1741335109.65,4.127,4.866,0.127,-3.201,2.3696,-0.8459,-2.811,57.6386,-0.0549,91.9567
1741335109.73,4.126,4.866,0.128,-3.201,2.3698,-0.846,-2.8112,57.6314,-0.0384,91.9432
1741335109.809,4.128,4.871,0.126,-3.206,2.3697,-0.8459,-2.8111,57.6332,-0.0518,91.957
1741335109.889,4.126,4.871,0.128,-3.206,2.3696,-0.8458,-2.8112,57.6402,-0.0619,91.9582
1741335109.969,4.128,4.87,0.126,-3.205,2.3698,-0.846,-2.8111,57.6311,-0.0668,91.9593
1741335110.048,4.128,4.865,0.126,-3.2,2.3697,-0.846,-2.8111,57.6261,-0.0653,91.959
1741335110.128,4.127,4.865,0.127,-3.2,2.3697,-0.846,-2.8111,57.6243,-0.0578,91.9527
1741335110.207,4.125,4.866,0.129,-3.201,2.3696,-0.8459,-2.8111,57.628,-0.0695,91.9588
1741335110.287,4.126,4.87,0.128,-3.205,2.3696,-0.8458,-2.8111,57.6312,-0.0793,91.9544
1741335110.367,4.126,4.868,0.128,-3.203,2.3697,-0.8459,-2.8112,57.6452,-0.0843,91.9512
1741335110.446,4.126,4.871,0.128,-3.206,2.3697,-0.8459,-2.811,57.6497,-0.0851,91.96
1741335110.526,4.126,4.871,0.128,-3.206,2.3695,-0.8459,-2.811,57.6432,-0.0616,91.9424
1741335110.606,4.126,4.87,0.128,-3.205,2.3696,-0.8459,-2.811,57.642,-0.0677,91.9458
1741335110.685,4.128,4.866,0.126,-3.201,2.3697,-0.846,-2.8111,57.6454,-0.0679,91.9385
1741335110.765,4.127,4.871,0.127,-3.206,2.3696,-0.846,-2.8112,57.6394,-0.0558,91.9355
1741335110.845,4.127,4.87,0.127,-3.205,2.3696,-0.8459,-2.8111,57.637,-0.0567,91.9405
1741335110.924,4.127,4.87,0.127,-3.205,2.3696,-0.8459,-2.8111,57.6379,-0.0466,91.9276
1741335111.004,4.127,4.866,0.127,-3.201,2.3696,-0.8458,-2.8109,57.6409,-0.0647,91.9471
1741335111.084,4.129,4.866,0.125,-3.201,2.3697,-0.846,-2.8111,57.6474,-0.0561,91.9325
1741335111.163,4.128,4.87,0.126,-3.205,2.3696,-0.846,-2.8108,57.6367,-0.0579,91.945
1741335111.243,4.128,4.87,0.126,-3.205,2.3696,-0.8459,-2.8111,57.6365,-0.0518,91.9362
1741335111.323,4.127,4.87,0.127,-3.205,2.3697,-0.8459,-2.8111,57.645,-0.0569,91.9295
1741335111.402,4.127,4.869,0.127,-3.204,2.3696,-0.846,-2.811,57.6383,-0.0507,91.9308
1741335111.482,4.126,4.87,0.128,-3.205,2.3697,-0.8459,-2.8109,57.6438,-0.0564,91.941
1741335111.561,4.129,4.867,0.125,-3.202,2.3696,-0.846,-2.8111,57.6427,-0.0456,91.9269
1741335111.641,4.129,4.872,0.125,-3.207,2.3696,-0.8459,-2.811,57.6517,-0.0494,91.9276
1741335111.721,4.127,4.872,0.127,-3.207,2.3696,-0.8459,-2.811,57.6549,-0.054,91.926
1741335111.8,4.127,4.872,0.127,-3.207,2.3696,-0.846,-2.811,57.6545,-0.0538,91.9206
1741335111.88,4.127,4.866,0.127,-3.201,2.3696,-0.8461,-2.8109,57.6475,-0.0704,91.958
1741335111.96,4.127,4.872,0.127,-3.207,2.3696,-0.8459,-2.8109,57.6447,-0.0456,91.9349
1741335112.039,4.128,4.867,0.126,-3.202,2.3695,-0.8459,-2.8111,57.645,-0.0463,91.9316
1741335112.119,4.127,4.867,0.127,-3.202,2.3696,-0.846,-2.8111,57.6443,-0.0637,91.946
1741335112.199,4.125,4.871,0.129,-3.206,2.3691,-0.8459,-2.8107,57.6065,-0.0782,91.9486
1741335112.278,4.125,4.871,0.13,-3.206,2.367,-0.8461,-2.8094,57.7132,-0.1141,91.9409
1741335112.358,4.125,4.869,0.129,-3.205,2.3612,-0.8462,-2.8057,57.417,0.0222,91.8725
1741335112.438,4.126,4.865,0.127,-3.201,2.3529,-0.8454,-2.8003,57.3013,0.0277,91.8712
1741335112.517,4.121,4.865,0.132,-3.202,2.3435,-0.8447,-2.794,57.1183,0.0797,91.7978
1741335112.597,4.109,4.87,0.143,-3.207,2.3348,-0.8466,-2.7888,56.9876,0.2144,91.6935
1741335112.676,4.093,4.873,0.159,-3.21,2.3267,-0.8475,-2.7837,56.8876,0.2072,91.7154
1741335112.756,4.093,4.868,0.159,-3.206,2.3196,-0.8475,-2.779,56.8051,0.2813,91.67
1741335112.836,4.081,4.868,0.171,-3.206,2.3133,-0.8476,-2.7751,56.7214,0.3371,91.629
1741335112.915,4.066,4.87,0.186,-3.208,2.3074,-0.8482,-2.7713,56.6504,0.4151,91.5577
1741335112.995,4.059,4.872,0.193,-3.21,2.301,-0.8483,-2.7672,56.5892,0.5028,91.4782
1741335113.075,4.051,4.871,0.2,-3.209,2.2939,-0.8486,-2.7625,56.5257,0.5069,91.5037
1741335113.154,4.051,4.874,0.2,-3.213,2.2859,-0.8481,-2.7568,56.4132,0.4362,91.6281
1741335113.234,4.042,4.874,0.209,-3.213,2.2775,-0.8485,-2.751,56.2917,0.4132,91.7312
1741335113.313,4.03,4.876,0.221,-3.215,2.269,-0.8495,-2.7452,56.1018,0.4079,91.7502
1741335113.393,4.016,4.876,0.235,-3.215,2.2601,-0.8489,-2.7387,55.9804,0.3083,91.8051
1741335113.473,4.003,4.874,0.247,-3.213,2.2509,-0.8496,-2.7325,55.826,0.2674,91.8034
1741335113.553,4.003,4.876,0.247,-3.216,2.2411,-0.8503,-2.7257,55.7818,0.2255,91.8045
1741335113.632,3.99,4.876,0.26,-3.216,2.2312,-0.8506,-2.7189,55.7934,0.3276,91.6704
1741335113.712,3.973,4.881,0.277,-3.221,2.2212,-0.8511,-2.712,55.6421,0.2821,91.6771
1741335113.791,3.96,4.879,0.29,-3.219,2.2122,-0.851,-2.7051,55.4715,0.0989,91.7031
1741335113.871,3.944,4.877,0.306,-3.217,2.2084,-0.8499,-2.7012,55.1138,-0.2642,90.87
1741335113.951,3.944,4.881,0.306,-3.221,2.2033,-0.8496,-2.6987,55.2278,0.2166,89.6092
1741335114.03,3.935,4.881,0.315,-3.221,2.1929,-0.8492,-2.6922,55.6504,0.2569,89.3848
1741335114.11,3.931,4.883,0.319,-3.223,2.1794,-0.8496,-2.6833,55.5635,0.4564,89.2183
1741335114.19,3.916,4.877,0.336,-3.215,2.1604,-0.8518,-2.6737,56.7516,1.2772,89.9981
1741335114.429,3.866,4.872,0.389,-3.206,2.1328,-0.8539,-2.6554,57.819,0.0583,91.6557
1741335114.508,3.849,4.873,0.407,-3.206,2.1277,-0.8541,-2.6523,58.064,0.1118,91.694
1741335114.588,3.845,4.877,0.413,-3.207,2.1197,-0.8548,-2.6481,58.5826,0.073,91.6611
1741335114.668,3.835,4.874,0.425,-3.201,2.1084,-0.8547,-2.6423,59.186,0.186,91.4525
1741335114.747,3.835,4.876,0.427,-3.201,2.0944,-0.8547,-2.636,59.5541,1.253,90.2538
1741335114.827,3.821,4.876,0.444,-3.196,2.077,-0.8524,-2.6253,60.1425,0.0612,93.8647
1741335114.907,3.808,4.869,0.46,-3.186,2.0629,-0.8525,-2.6173,60.5837,0.0066,94.1612
1741335114.986,3.785,4.87,0.488,-3.181,2.0513,-0.8536,-2.6112,61.2843,-0.3145,94.6141
1741335115.066,3.768,4.877,0.508,-3.183,2.0417,-0.8546,-2.6053,61.7646,-0.8586,94.4013
1741335115.145,3.768,4.88,0.505,-3.19,2.0337,-0.8578,-2.6012,61.3313,0.2813,91.5839
1741335115.225,3.755,4.88,0.528,-3.177,2.0209,-0.8574,-2.5957,62.5814,-1.2196,92.97
1741335115.305,3.746,4.886,0.547,-3.17,2.0104,-0.8581,-2.5916,63.7161,-1.0293,92.7453
1741335115.384,3.736,4.883,0.558,-3.165,2.0019,-0.8577,-2.5869,63.8203,-1.08,92.7062
1741335115.464,3.73,4.889,0.563,-3.172,1.9991,-0.8569,-2.5861,63.7231,-0.5741,90.8783
1741335115.544,3.73,4.894,0.542,-3.205,1.9945,-0.8562,-2.5799,61.2886,-1.55,91.1877
1741335115.623,3.731,4.894,0.548,-3.196,1.9888,-0.8544,-2.5806,62.113,1.665,86.4336
1741335115.703,3.702,4.878,0.587,-3.166,1.9763,-0.8556,-2.5724,63.3574,-0.1894,87.307
1741335116.022,3.634,4.882,0.655,-3.169,1.8816,-0.8624,-2.5238,63.428,-0.4313,91.8549
1741335116.101,3.602,4.874,0.694,-3.152,1.8719,-0.8612,-2.5162,64.1702,-2.21,94.1984
1741335116.181,3.584,4.873,0.714,-3.148,1.871,-0.8614,-2.514,64.3886,-2.9976,94.9608
1741335116.659,3.568,4.93,0.734,-3.198,1.8154,-0.8618,-2.4858,64.8149,-1.7638,92.9852
1741335116.977,3.452,4.868,0.843,-3.144,1.7298,-0.8668,-2.4478,64.271,-0.0834,92.0097
1741335117.057,3.432,4.862,0.854,-3.15,1.7195,-0.866,-2.4416,63.361,-0.0959,92.0523
1741335117.296,3.38,4.84,0.879,-3.167,1.687,-0.8677,-2.406,50.8479,0.7506,91.0374
1741335117.375,3.35,4.837,0.914,-3.157,1.6716,-0.8683,-2.3921,49.7281,0.9162,91.008
1741335120.9,2.595,4.883,1.656,-3.221,1.0635,-0.8788,-1.9595,53.5558,0.8215,92.7661
1741335120.979,2.594,4.888,1.657,-3.226,1.064,-0.8788,-1.9601,53.5642,0.845,92.718
1741335121.059,2.589,4.883,1.662,-3.221,1.0641,-0.8788,-1.9601,53.5611,0.8411,92.7116
1741335121.139,2.589,4.885,1.662,-3.223,1.064,-0.8789,-1.96,53.5647,0.8616,92.7091
1741335121.218,2.59,4.885,1.661,-3.223,1.064,-0.8789,-1.9601,53.5664,0.8416,92.7144
1741335121.298,2.589,4.883,1.662,-3.221,1.064,-0.8789,-1.9602,53.5616,0.8334,92.7158
1741335121.377,2.595,4.881,1.656,-3.219,1.064,-0.8789,-1.9601,53.5616,0.8361,92.7184
1741335121.457,2.596,4.887,1.655,-3.226,1.0672,-0.8788,-1.9627,53.6094,0.881,92.7672
1741335121.537,2.596,4.884,1.655,-3.222,1.0779,-0.8788,-1.9705,53.5519,0.9045,92.6783
1741335121.617,2.593,4.884,1.657,-3.223,1.1018,-0.8811,-1.9873,54.1503,0.8642,89.861
1741335121.696,2.604,4.882,1.646,-3.222,1.1237,-0.8825,-2.0025,54.2773,0.5158,90.3277
1741335121.776,2.642,4.883,1.608,-3.223,1.1436,-0.8809,-2.018,54.5525,0.7955,90.3787
1741335121.855,2.672,4.878,1.578,-3.218,1.1618,-0.8788,-2.0302,54.1824,0.549,89.3818
1741335121.935,2.672,4.871,1.578,-3.211,1.1739,-0.8782,-2.0392,54.7183,0.5455,88.3075
1741335122.015,2.695,4.871,1.555,-3.211,1.1844,-0.8777,-2.0471,54.7984,0.5772,88.1423
1741335122.094,2.72,4.878,1.53,-3.218,1.1977,-0.8771,-2.0561,54.9051,0.4251,88.3097
1741335122.174,2.739,4.866,1.511,-3.206,1.2088,-0.8792,-2.0648,54.6468,0.9416,90.2504
1741335122.254,2.761,4.868,1.489,-3.208,1.227,-0.8773,-2.0778,54.5907,0.7517,90.4261
1741335122.333,2.761,4.87,1.489,-3.21,1.2427,-0.878,-2.089,54.7674,0.7536,90.5345
1741335122.413,2.779,4.87,1.471,-3.21,1.2566,-0.878,-2.099,55.0605,0.7837,90.456
1741335122.492,2.807,4.866,1.443,-3.206,1.2694,-0.8777,-2.1083,55.2502,0.798,90.4043
1741335122.572,2.826,4.866,1.424,-3.206,1.2822,-0.8778,-2.1172,55.4522,0.7284,90.4399
1741335122.652,2.836,4.861,1.414,-3.201,1.2956,-0.8773,-2.1261,55.6384,0.6046,90.5375
1741335122.731,2.836,4.861,1.414,-3.201,1.3102,-0.8764,-2.1362,55.8068,0.6448,90.4772
1741335122.811,2.863,4.861,1.387,-3.2,1.3253,-0.8766,-2.1468,56.032,0.6405,90.5671
1741335122.891,2.88,4.861,1.371,-3.2,1.3412,-0.8764,-2.1576,56.2057,0.6898,90.5273
1741335122.97,2.908,4.859,1.343,-3.198,1.3567,-0.8759,-2.1674,56.3537,0.3741,90.731
1741335123.05,2.908,4.856,1.343,-3.195,1.3716,-0.8755,-2.1771,56.3269,0.2658,90.8802
1741335123.13,2.93,4.861,1.321,-3.2,1.3862,-0.8752,-2.1871,56.3994,0.3399,90.8409
1741335123.209,2.947,4.861,1.304,-3.199,1.4006,-0.8749,-2.197,56.4485,0.4335,90.7588
1741335123.289,2.972,4.856,1.279,-3.194,1.4151,-0.8748,-2.207,56.6714,0.5879,90.6446
1741335123.368,2.995,4.855,1.257,-3.192,1.4298,-0.8745,-2.2167,56.8846,0.5702,90.6328
1741335123.448,2.995,4.857,1.257,-3.194,1.4448,-0.8734,-2.2264,57.0155,0.5309,90.6546
1741335123.528,3.01,4.852,1.242,-3.188,1.4595,-0.8736,-2.2365,57.1986,0.439,90.7486
1741335123.608,3.035,4.852,1.217,-3.188,1.4742,-0.8733,-2.2459,57.287,0.3113,90.855
1741335123.687,3.056,4.851,1.197,-3.187,1.4893,-0.8726,-2.2558,57.4354,0.583,90.765
1741335123.767,3.084,4.851,1.169,-3.186,1.5045,-0.8726,-2.2654,57.67,0.2858,91.0024
1741335123.966,3.127,4.856,1.127,-3.189,1.5422,-0.8711,-2.2889,58.0163,0.0608,91.1846
1741335124.046,3.127,4.856,1.128,-3.189,1.5567,-0.8714,-2.2982,58.1017,0.0633,91.2119
1741335124.125,3.15,4.856,1.105,-3.188,1.5719,-0.8713,-2.308,58.2161,0.0994,91.1794
1741335124.205,3.172,4.859,1.084,-3.191,1.587,-0.8707,-2.3177,58.3795,0.2556,91.0167
1741335124.284,3.194,4.858,1.063,-3.188,1.6026,-0.8704,-2.3276,58.6655,0.2761,90.9626
1741335124.364,3.215,4.854,1.042,-3.183,1.6175,-0.8698,-2.3368,58.8711,0.2138,91.1025
1741335124.444,3.215,4.861,1.043,-3.189,1.6325,-0.8695,-2.3459,59.022,0.1865,91.1099
1741335124.523,3.24,4.861,1.018,-3.188,1.6482,-0.8696,-2.3554,59.1493,0.0871,91.2157
1741335124.603,3.256,4.86,1.003,-3.186,1.663,-0.8685,-2.3642,59.3206,0.0111,91.3444
1741335124.683,3.284,4.861,0.976,-3.186,1.6781,-0.8684,-2.3733,59.4737,0.0919,91.3465
1741335124.762,3.299,4.861,0.962,-3.185,1.6936,-0.8678,-2.383,59.6895,0.1458,91.4249
1741335124.922,3.324,4.863,0.938,-3.186,1.7237,-0.8667,-2.3997,59.8559,-0.3019,91.7779
1741335125.001,3.351,4.864,0.911,-3.186,1.7393,-0.8664,-2.409,59.8954,-0.2987,91.8271
1741335125.081,3.37,4.868,0.892,-3.19,1.7549,-0.8658,-2.4185,59.8689,-0.1187,91.7089
1741335125.16,3.391,4.867,0.872,-3.189,1.7663,-0.8652,-2.4255,59.9875,0.0051,91.5979
1741335125.24,3.391,4.871,0.872,-3.193,1.7691,-0.8653,-2.4274,59.9602,0.047,91.5834
1741335125.32,3.416,4.871,0.847,-3.193,1.7674,-0.8654,-2.4263,59.9458,0.0099,91.6473
1741335125.4,3.427,4.868,0.836,-3.19,1.766,-0.8654,-2.4254,59.9158,0.0045,91.6932
1741335125.479,3.425,4.874,0.838,-3.196,1.7624,-0.8654,-2.4233,59.9493,-0.1422,91.8209
1741335125.678,3.412,4.871,0.849,-3.195,1.7254,-0.8672,-2.4006,59.5811,-0.3304,91.8413
1741335128.764,2.774,4.898,1.479,-3.233,1.2136,-0.8766,-2.0438,52.3608,0.4156,88.5589
1741335129.959,2.549,4.886,1.702,-3.224,1.0305,-0.8795,-1.9146,56.7442,0.4489,88.299
1741335130.039,2.549,4.883,1.702,-3.221,1.027,-0.8797,-1.9119,56.6733,0.4719,88.0999
1741335144.474,1.067,4.814,3.184,-3.149,-0.1941,-0.9152,-1.1545,52.4643,0.6554,89.9603
1741335148.377,1.892,4.834,2.36,-3.168,0.4876,-0.8979,-1.6508,57.9408,0.6681,90.7201
1741335148.456,1.917,4.836,2.336,-3.169,0.4996,-0.8968,-1.6584,58.0516,0.773,90.6631
1741335148.536,1.936,4.828,2.317,-3.161,0.5121,-0.8963,-1.6666,58.0667,1.0118,90.4408
1741335148.616,1.936,4.82,2.317,-3.153,0.5259,-0.8966,-1.6756,58.1684,1.0708,90.3952
1741335148.695,1.954,4.82,2.299,-3.152,0.542,-0.8957,-1.685,58.2079,0.8186,90.5982
1741335148.775,1.972,4.819,2.281,-3.151,0.5584,-0.8955,-1.6944,58.3701,0.7835,90.6698
1741335148.855,1.996,4.819,2.258,-3.15,0.5748,-0.8948,-1.7048,58.4556,0.7613,90.6453
1741335148.934,2.021,4.822,2.233,-3.153,0.5909,-0.8944,-1.7146,58.5162,0.7428,90.6662
1741335151.065,2.489,4.842,1.77,-3.165,0.9905,-0.8843,-1.9531,59.8644,0.4952,88.0073
1741335151.144,2.509,4.843,1.75,-3.166,1.0076,-0.8844,-1.9641,59.7437,1.0346,88.1522
1741335151.224,2.531,4.846,1.724,-3.176,1.025,-0.8855,-1.9734,58.7072,0.4617,90.4668
1741335151.303,2.531,4.844,1.725,-3.173,1.0411,-0.8831,-1.9757,58.8955,-3.86,94.9787
1741335151.383,2.548,4.844,1.707,-3.174,1.0421,-0.8822,-1.9824,58.7443,0.0328,93.8369
1741335151.463,2.572,4.855,1.682,-3.187,1.0504,-0.8824,-1.9876,58.3246,0.7556,93.0637
1741335151.542,2.58,4.842,1.674,-3.174,1.0661,-0.8815,-1.9974,58.2808,0.8755,92.7808
1741335151.622,2.595,4.839,1.66,-3.17,1.0873,-0.8833,-2.015,58.408,3.5866,87.6982
1741335151.781,2.619,4.828,1.636,-3.159,1.1277,-0.8844,-2.0338,58.5385,0.186,91.2049
1741335151.861,2.648,4.845,1.607,-3.176,1.1423,-0.8828,-2.0426,58.5418,0.1297,91.2493
1741335151.941,2.673,4.846,1.58,-3.181,1.1556,-0.8803,-2.048,57.6769,-0.7997,90.8967
1741335152.02,2.691,4.847,1.563,-3.18,1.1655,-0.8803,-2.0552,58.1795,-0.5381,89.7639
1741335152.1,2.691,4.847,1.565,-3.177,1.1786,-0.8798,-2.0647,58.6984,0.1519,88.7281
1741335152.179,2.714,4.849,1.542,-3.178,1.1952,-0.8793,-2.0761,58.7944,0.7852,88.565
1741335152.259,2.737,4.851,1.517,-3.185,1.2126,-0.8812,-2.0851,57.9555,-0.1815,91.4076
1741335152.339,2.756,4.85,1.499,-3.182,1.2299,-0.8809,-2.0976,58.3549,0.7894,90.649
1741335152.418,2.774,4.848,1.481,-3.179,1.2456,-0.8808,-2.1073,58.5276,0.5431,90.8267
1741335152.498,2.774,4.848,1.482,-3.178,1.2588,-0.8798,-2.1153,58.6765,0.5542,90.7204
1741335152.578,2.807,4.848,1.449,-3.177,1.2713,-0.8795,-2.1226,58.8113,0.3754,90.8866
1741335152.657,2.826,4.847,1.431,-3.175,1.2846,-0.8796,-2.1304,59.023,0.2476,91.0037
1741335152.737,2.838,4.848,1.419,-3.176,1.299,-0.8785,-2.1389,59.0917,0.2416,91.0447
1741335152.817,2.857,4.851,1.401,-3.178,1.3145,-0.8788,-2.1485,59.2602,0.2931,91.0925
1741335152.897,2.857,4.851,1.401,-3.177,1.3306,-0.8785,-2.1583,59.3248,0.3305,90.9947
1741335152.976,2.881,4.85,1.377,-3.176,1.3472,-0.8779,-2.1678,59.3426,0.3018,90.8517
1741335153.056,2.909,4.859,1.35,-3.185,1.3633,-0.8775,-2.177,59.3883,0.022,91.1835
1741335153.135,2.928,4.855,1.331,-3.181,1.3792,-0.8775,-2.1867,59.4129,0.1023,91.1027
1741335153.215,2.95,4.861,1.309,-3.186,1.3937,-0.877,-2.1957,59.5022,0.2023,91.0904
1741335153.295,2.95,4.861,1.309,-3.185,1.4075,-0.8762,-2.204,59.5879,0.412,90.9651
1741335153.374,2.972,4.863,1.288,-3.186,1.4224,-0.8759,-2.2128,59.7256,0.3447,90.9929
1741335153.454,2.992,4.862,1.269,-3.185,1.438,-0.8763,-2.222,59.8176,0.3809,90.9369
1741335153.534,3.017,4.86,1.244,-3.182,1.4534,-0.8762,-2.2306,59.8863,0.0178,91.2462
1741335153.613,3.041,4.864,1.22,-3.186,1.4697,-0.8754,-2.2397,59.9627,-0.0982,91.4433
1741335153.693,3.041,4.864,1.221,-3.185,1.485,-0.8746,-2.2486,60.0864,-0.071,91.572
1741335153.773,3.06,4.866,1.203,-3.186,1.4994,-0.8742,-2.2578,60.2209,0.244,91.3847
1741335153.852,3.089,4.868,1.174,-3.187,1.5151,-0.8743,-2.2665,60.2842,-0.0298,91.4353
1741335153.932,3.11,4.866,1.153,-3.185,1.5306,-0.874,-2.2747,60.2924,-0.2808,91.6112
1741335154.091,3.133,4.871,1.131,-3.189,1.5621,-0.8725,-2.2931,60.4963,-0.142,91.4863
1741335154.171,3.148,4.876,1.117,-3.193,1.5772,-0.8723,-2.3019,60.5969,-0.0393,91.4353
1741335154.25,3.173,4.873,1.093,-3.188,1.5925,-0.872,-2.3108,60.7873,0.0872,91.3738
1741335154.33,3.2,4.876,1.067,-3.19,1.6077,-0.872,-2.3195,60.8885,0.1009,91.3499
1741335154.649,3.269,4.884,1.002,-3.193,1.6703,-0.8701,-2.3539,61.4265,-0.2289,91.8638
1741335154.728,3.286,4.883,0.985,-3.191,1.6857,-0.8693,-2.3624,61.5358,-0.4445,92.0902
1741335155.126,3.373,4.897,0.901,-3.202,1.7632,-0.8675,-2.4044,61.8531,-0.5949,92.2959
1741335155.525,3.467,4.904,0.81,-3.206,1.8401,-0.8658,-2.4453,62.0929,-0.695,92.389
1741335156.719,3.734,4.935,0.552,-3.228,2.0628,-0.8554,-2.5609,62.9432,-0.0842,94.6822
1741335157.117,3.824,4.94,0.454,-3.243,2.1595,-0.8538,-2.6083,61.9897,-0.1611,91.6889
1741335157.436,3.894,4.956,0.398,-3.243,2.2023,-0.8497,-2.6313,63.391,-0.172,89.6693
1741335158.272,4.058,4.986,0.253,-3.251,2.3128,-0.8488,-2.6851,64.9454,-0.1608,92.3406
1741335158.352,4.053,4.986,0.258,-3.251,2.3128,-0.8488,-2.685,64.9619,-0.1782,92.3369
1741335158.431,4.052,4.985,0.259,-3.25,2.3127,-0.8487,-2.6851,64.9605,-0.1985,92.3597
1741335158.511,4.052,4.983,0.259,-3.248,2.3128,-0.8488,-2.685,64.967,-0.2358,92.3908
1741335158.591,4.052,4.983,0.259,-3.248,2.3128,-0.8488,-2.6851,64.9714,-0.2592,92.4013
1741335158.67,4.051,4.986,0.26,-3.251,2.3127,-0.8488,-2.6851,64.981,-0.2547,92.3993
1741335158.75,4.051,4.986,0.26,-3.25,2.3128,-0.8487,-2.6852,64.9924,-0.2587,92.4009
1741335158.83,4.05,4.983,0.261,-3.247,2.3128,-0.8488,-2.6851,64.9918,-0.2808,92.4036
1741335158.909,4.051,4.985,0.261,-3.249,2.3128,-0.8488,-2.685,64.9983,-0.2537,92.3669
1741335189.393,3.864,5.295,0.39,-3.63,2.3802,-0.8496,-2.3048,57.4391,0.7007,91.3601
1741335189.473,3.864,5.296,0.39,-3.631,2.3801,-0.8495,-2.3046,57.4402,0.6937,91.3824
1741335189.552,3.863,5.296,0.391,-3.631,2.3801,-0.8495,-2.3047,57.4446,0.6949,91.3768
1741335189.632,3.864,5.295,0.39,-3.63,2.3801,-0.8495,-2.3046,57.4441,0.6893,91.3817
1741335189.712,3.863,5.293,0.391,-3.628,2.3802,-0.8495,-2.3047,57.4405,0.69,91.3674
1741335189.791,3.862,5.294,0.391,-3.629,2.3801,-0.8495,-2.3046,57.4378,0.6937,91.371
1741335189.871,3.862,5.296,0.391,-3.631,2.3801,-0.8495,-2.3046,57.439,0.6955,91.3698
1741335189.95,3.864,5.296,0.39,-3.631,2.3801,-0.8494,-2.3046,57.4396,0.6914,91.3672
1741335190.03,3.864,5.295,0.389,-3.63,2.38,-0.8495,-2.3045,57.4369,0.6964,91.3693
1741335190.11,3.863,5.295,0.39,-3.63,2.3801,-0.8495,-2.3046,57.4388,0.7075,91.3614
1741335190.189,3.866,5.295,0.388,-3.63,2.38,-0.8495,-2.3045,57.4465,0.7105,91.3634
1741335190.269,3.866,5.295,0.388,-3.63,2.38,-0.8496,-2.3045,57.4439,0.7044,91.3648
1741335190.349,3.864,5.295,0.39,-3.63,2.38,-0.8495,-2.3046,57.4391,0.7095,91.354
1741335190.428,3.864,5.297,0.389,-3.632,2.38,-0.8495,-2.3044,57.4338,0.6953,91.3666
1741335190.508,3.864,5.294,0.389,-3.629,2.3799,-0.8495,-2.3045,57.4377,0.6973,91.3708
1741335190.588,3.863,5.295,0.391,-3.63,2.38,-0.8495,-2.3045,57.446,0.6974,91.3786
1741335190.667,3.863,5.294,0.391,-3.629,2.38,-0.8495,-2.3045,57.4524,0.6969,91.3933
1741335190.747,3.864,5.294,0.39,-3.629,2.3799,-0.8494,-2.3044,57.44,0.7034,91.3798
1741335190.827,3.865,5.295,0.389,-3.63,2.3799,-0.8495,-2.3044,57.4411,0.7049,91.3669
1741335190.906,3.865,5.295,0.388,-3.63,2.3798,-0.8495,-2.3044,57.4368,0.704,91.366
1741335191.105,3.863,5.296,0.39,-3.631,2.3798,-0.8493,-2.3044,57.4358,0.7179,91.3468
1741335191.185,3.864,5.295,0.39,-3.63,2.3798,-0.8494,-2.3044,57.4428,0.7147,91.3513
1741335191.265,3.864,5.295,0.389,-3.63,2.3797,-0.8495,-2.3042,57.4376,0.7071,91.3534
1741335191.344,3.864,5.294,0.389,-3.629,2.3798,-0.8495,-2.3042,57.4366,0.7128,91.3469
1741335191.424,3.865,5.296,0.389,-3.631,2.3797,-0.8494,-2.3043,57.4414,0.731,91.3268
1741335191.504,3.864,5.294,0.389,-3.629,2.3797,-0.8493,-2.3043,57.4367,0.7305,91.3331
1741335191.583,3.865,5.295,0.388,-3.63,2.3797,-0.8494,-2.3042,57.4332,0.7188,91.3417
1741335191.663,3.865,5.295,0.389,-3.63,2.3797,-0.8494,-2.3042,57.4417,0.711,91.3361
1741335191.742,3.864,5.296,0.39,-3.631,2.3796,-0.8494,-2.3041,57.4392,0.6899,91.3684
1741335191.822,3.863,5.293,0.391,-3.628,2.3797,-0.8494,-2.3042,57.4536,0.6749,91.3805
1741335191.902,3.863,5.295,0.391,-3.63,2.3797,-0.8494,-2.3041,57.4477,0.6842,91.3857
1741335191.981,3.862,5.294,0.392,-3.629,2.3796,-0.8493,-2.3042,57.4425,0.6922,91.3843
1741335192.061,3.862,5.294,0.392,-3.629,2.3797,-0.8494,-2.3042,57.4459,0.6988,91.3779
1741335192.141,3.865,5.295,0.389,-3.63,2.3796,-0.8493,-2.3041,57.4443,0.6907,91.3873
1741335192.22,3.865,5.293,0.389,-3.628,2.3795,-0.8494,-2.3041,57.4558,0.6904,91.3868
1741335192.3,3.864,5.296,0.39,-3.631,2.3768,-0.8495,-2.3022,57.5655,0.6374,91.3391
1741335192.38,3.864,5.296,0.39,-3.631,2.3659,-0.85,-2.2957,57.5514,0.7704,91.1227
1741335193.096,3.699,5.289,0.553,-3.627,2.2194,-0.8549,-2.2022,56.6634,1.2922,90.9755
1741335225.073,1.163,5.418,3.09,-3.742,0.1848,-0.9069,-0.7651,59.3614,3.8576,88.0923
1741335225.153,1.186,5.418,3.067,-3.743,0.2007,-0.907,-0.7741,59.277,3.6344,88.3588
1741335225.233,1.207,5.418,3.046,-3.744,0.2162,-0.906,-0.7829,59.1827,3.664,88.305
1741335225.312,1.207,5.419,3.046,-3.745,0.2314,-0.9059,-0.7916,59.0934,3.7356,88.241
1741335225.392,1.23,5.419,3.023,-3.746,0.2456,-0.9052,-0.8008,58.9767,3.9459,88.1956
1741335225.471,1.253,5.421,3.0,-3.748,0.2599,-0.9041,-0.8094,59.0018,4.1525,88.0389
1741335225.551,1.275,5.421,2.978,-3.747,0.2755,-0.9041,-0.8178,59.1051,3.9067,88.2321
1741335225.631,1.297,5.421,2.956,-3.747,0.2916,-0.9042,-0.8276,59.1223,3.6931,88.345
1741335225.71,1.297,5.422,2.956,-3.748,0.307,-0.9042,-0.8366,59.0724,3.6479,88.3798
1741335225.79,1.32,5.422,2.933,-3.751,0.3221,-0.9035,-0.8458,58.5814,3.6776,88.4503
1741335229.892,2.234,5.384,2.016,-3.724,1.0689,-0.8823,-1.3737,54.7418,1.6909,89.1682
1741335229.971,2.258,5.378,1.992,-3.718,1.084,-0.8825,-1.3843,54.631,1.8516,89.0028
1741335230.051,2.279,5.372,1.971,-3.712,1.0982,-0.8822,-1.3947,54.5377,1.9891,88.9372
1741335230.131,2.304,5.368,1.946,-3.708,1.1124,-0.8819,-1.4046,54.5614,1.9641,89.0114
1741335230.21,2.304,5.368,1.946,-3.708,1.1269,-0.8816,-1.4153,54.7204,1.978,89.1289
1741335230.29,2.327,5.368,1.923,-3.708,1.1418,-0.8816,-1.4257,54.7889,1.8456,89.0897
1741335230.37,2.349,5.367,1.901,-3.707,1.1562,-0.8814,-1.4358,54.9516,1.8146,89.1988
1741335230.449,2.369,5.364,1.881,-3.704,1.17,-0.8811,-1.4455,54.9369,1.9214,89.1825
1741335230.529,2.387,5.364,1.863,-3.704,1.1839,-0.8809,-1.4557,54.9332,2.083,89.1758
1741335230.608,2.387,5.362,1.863,-3.702,1.1976,-0.8806,-1.4656,55.0372,2.1611,89.2635
1741335230.688,2.412,5.361,1.838,-3.701,1.2117,-0.8801,-1.4756,55.4474,2.063,89.4564
1741335230.768,2.428,5.361,1.823,-3.699,1.2262,-0.88,-1.4863,56.5843,1.9065,89.6534
1741335230.847,2.453,5.358,1.8,-3.692,1.2407,-0.8795,-1.4969,57.6117,1.6362,89.9278
1741335230.927,2.477,5.358,1.778,-3.687,1.2551,-0.8794,-1.5073,58.6081,1.792,89.8238
1741335231.007,2.477,5.349,1.778,-3.677,1.2699,-0.8788,-1.5172,58.8113,1.9065,89.7762
1741335231.086,2.497,5.348,1.759,-3.676,1.2846,-0.8783,-1.5254,58.8293,1.6828,90.0407
1741335231.166,2.518,5.349,1.738,-3.676,1.2994,-0.8781,-1.5345,58.9338,1.8502,89.9101
1741335231.246,2.538,5.349,1.718,-3.676,1.3148,-0.8779,-1.5436,59.0665,1.6966,89.9392
1741335231.326,2.562,5.349,1.695,-3.675,1.3308,-0.8775,-1.5533,59.1958,1.776,89.862
1741335231.405,2.562,5.351,1.695,-3.676,1.3461,-0.8775,-1.5627,59.2503,1.9468,89.7229
1741335231.484,2.584,5.356,1.673,-3.682,1.3606,-0.8766,-1.5719,59.2104,2.1711,89.5136
1741335231.564,2.61,5.356,1.647,-3.681,1.3758,-0.876,-1.5815,59.3315,2.2435,89.4711
1741335231.644,2.627,5.353,1.631,-3.677,1.3914,-0.8763,-1.5904,59.4278,2.1343,89.5636
1741335231.724,2.627,5.353,1.631,-3.677,1.4072,-0.8758,-1.5993,59.4297,2.075,89.6017
1741335231.803,2.655,5.359,1.599,-3.69,1.4235,-0.8751,-1.6075,58.2644,2.0724,89.5767
1741335231.884,2.671,5.358,1.581,-3.694,1.4393,-0.8748,-1.6163,57.115,2.3307,89.326
1741335231.962,2.694,5.356,1.558,-3.692,1.4532,-0.8745,-1.626,57.0978,2.4849,89.2309
1741335232.042,2.709,5.358,1.543,-3.694,1.4679,-0.8737,-1.6352,57.3078,2.2504,89.53
1741335232.122,2.709,5.358,1.544,-3.693,1.4834,-0.8735,-1.6456,57.5074,2.37,89.3947
1741335232.201,2.735,5.355,1.518,-3.689,1.4989,-0.8734,-1.6551,57.7159,2.171,89.479
1741335232.281,2.761,5.354,1.492,-3.687,1.5147,-0.8732,-1.6654,57.8754,2.2783,89.3403
1741335232.361,2.783,5.356,1.471,-3.689,1.5293,-0.8731,-1.6752,57.8754,2.53,89.1811
1741335232.44,2.803,5.354,1.45,-3.687,1.5435,-0.872,-1.6842,57.8281,2.7027,89.1058
1741335232.52,2.803,5.354,1.451,-3.687,1.5584,-0.8719,-1.6936,57.8782,2.7118,89.0801
1741335232.599,2.824,5.35,1.43,-3.683,1.5732,-0.8717,-1.7029,57.977,2.6558,89.1515
1741335232.679,2.849,5.344,1.405,-3.677,1.5883,-0.8712,-1.7122,58.0176,2.577,89.251
1741335232.759,2.867,5.347,1.387,-3.68,1.6041,-0.8709,-1.7216,57.939,2.2979,89.4317
1741335232.838,2.893,5.351,1.361,-3.684,1.6194,-0.8706,-1.7313,57.9016,2.2313,89.4372
1741335232.918,2.893,5.351,1.36,-3.686,1.6347,-0.8697,-1.7408,57.5522,2.4911,89.2793
1741335232.998,2.911,5.355,1.34,-3.694,1.6496,-0.8701,-1.749,56.3436,2.3565,89.4354
1741335233.077,2.933,5.351,1.318,-3.69,1.6646,-0.8702,-1.7587,56.3373,2.2142,89.4479
1741335233.157,2.954,5.361,1.297,-3.699,1.68,-0.8693,-1.7683,56.6758,1.8249,89.7878
1741335233.237,2.973,5.362,1.278,-3.699,1.6949,-0.8688,-1.7788,56.8126,1.9542,89.6145
1741335233.316,2.973,5.362,1.279,-3.699,1.7093,-0.8684,-1.7888,56.8938,2.0831,89.5894
1741335233.396,3.002,5.36,1.25,-3.697,1.7238,-0.8683,-1.7986,57.0225,2.1791,89.5755
1741335233.476,3.019,5.359,1.233,-3.695,1.7384,-0.8676,-1.8082,57.2058,2.0885,89.7106
1741335233.555,3.039,5.359,1.214,-3.694,1.7532,-0.8674,-1.8177,57.4211,2.0259,89.8053
1741335233.635,3.067,5.352,1.186,-3.687,1.7687,-0.867,-1.8276,57.471,1.9016,89.8762
1741335233.714,3.067,5.352,1.186,-3.686,1.7842,-0.8669,-1.837,57.619,1.6116,90.097
1741335233.794,3.09,5.355,1.163,-3.689,1.7987,-0.8666,-1.8471,57.6036,1.8169,89.9253
1741335233.874,3.116,5.358,1.138,-3.692,1.8129,-0.866,-1.8566,57.7314,1.987,89.801
1741335233.953,3.136,5.357,1.118,-3.69,1.8273,-0.8661,-1.8661,57.8321,2.1068,89.7098
1741335234.033,3.152,5.352,1.103,-3.684,1.8428,-0.8649,-1.8751,58.0732,1.7106,89.9629
1741335234.113,3.152,5.352,1.103,-3.683,1.8589,-0.8643,-1.8853,58.2751,1.7064,89.9469
1741335234.192,3.176,5.355,1.08,-3.686,1.8741,-0.8643,-1.8951,58.3748,1.7626,89.9597
1741335234.272,3.198,5.356,1.058,-3.686,1.8889,-0.8638,-1.9047,58.4397,2.0491,89.7213
1741335234.352,3.219,5.359,1.037,-3.689,1.9035,-0.8635,-1.9139,58.5557,2.0465,89.8796
1741335234.431,3.25,5.359,1.007,-3.688,1.9181,-0.8628,-1.9229,58.6818,2.0555,89.9476
1741335234.511,3.25,5.359,1.007,-3.687,1.9331,-0.8622,-1.9321,58.8069,1.8935,90.1099
1741335234.59,3.271,5.359,0.987,-3.687,1.9491,-0.862,-1.9413,58.8858,1.692,90.2019
1741335234.67,3.289,5.36,0.969,-3.687,1.9642,-0.8617,-1.9507,58.9691,1.7451,90.2206
1741335234.75,3.311,5.365,0.945,-3.696,1.9799,-0.8612,-1.9601,58.369,2.0267,89.9725
1741335234.829,3.334,5.364,0.919,-3.698,1.9947,-0.861,-1.9688,57.6204,2.1799,89.8354
1741335234.909,3.334,5.364,0.92,-3.697,2.0096,-0.8605,-1.9782,57.931,2.0429,90.0553
1741335235.068,3.375,5.352,0.881,-3.683,2.0403,-0.8599,-1.9972,58.3289,1.7045,90.2713
1741335235.148,3.394,5.364,0.862,-3.694,2.0557,-0.8592,-2.0073,58.5418,1.8643,90.0652
1741335235.228,3.422,5.367,0.835,-3.696,2.0708,-0.8586,-2.0171,58.6658,2.0861,89.9519
1741335235.307,3.422,5.367,0.832,-3.701,2.0857,-0.8581,-2.0253,57.7616,2.1408,89.995
1741335235.387,3.445,5.368,0.805,-3.708,2.1017,-0.8576,-2.0319,55.0521,2.1765,89.9444
1741335235.467,3.464,5.366,0.788,-3.702,2.1173,-0.8573,-2.0401,52.8743,2.1689,90.0255
1741335235.546,3.488,5.377,0.765,-3.713,2.1319,-0.8566,-2.0505,52.7424,1.9974,90.1007
1741335235.626,3.517,5.39,0.736,-3.726,2.1459,-0.8561,-2.0616,52.8119,1.8898,90.251
1741335235.706,3.517,5.39,0.736,-3.726,2.1604,-0.8557,-2.0727,52.8048,1.9892,90.1682
1741335235.785,3.537,5.389,0.716,-3.725,2.1738,-0.8555,-2.0833,52.8138,2.0195,90.2339
1741335235.865,3.56,5.385,0.692,-3.721,2.1877,-0.8548,-2.0935,52.9007,1.7483,90.446
1741335235.944,3.582,5.383,0.67,-3.72,2.2031,-0.8546,-2.1047,53.0979,1.4627,90.612
1741335236.024,3.603,5.383,0.647,-3.723,2.2161,-0.8539,-2.1166,54.7507,1.3493,90.841
1741335236.104,3.603,5.382,0.647,-3.721,2.2292,-0.8533,-2.1276,55.9032,1.4236,90.8068
1741335236.183,3.621,5.374,0.629,-3.714,2.244,-0.853,-2.1379,55.6115,1.6222,90.5964
1741335236.263,3.64,5.364,0.61,-3.704,2.2592,-0.8525,-2.1476,55.4824,1.5389,90.6377
1741335236.342,3.663,5.361,0.587,-3.701,2.2738,-0.8519,-2.1573,55.3612,1.452,90.6985
1741335236.422,3.689,5.361,0.561,-3.701,2.2894,-0.8513,-2.1678,55.3112,1.3797,90.7313
1741335236.502,3.689,5.363,0.561,-3.703,2.3045,-0.851,-2.1776,55.1595,1.1852,90.8668
1741335236.582,3.711,5.365,0.539,-3.705,2.3124,-0.8498,-2.1899,55.4515,4.0869,88.8957
1741335236.661,3.734,5.363,0.516,-3.703,2.3225,-0.8484,-2.1991,55.487,4.8241,88.3173
1741335236.741,3.75,5.377,0.5,-3.717,2.3361,-0.8472,-2.2087,55.6771,4.9959,88.2434
1741335236.822,3.77,5.377,0.48,-3.716,2.3521,-0.8471,-2.2197,55.9148,4.9152,88.4933
1741335236.9,3.77,5.379,0.481,-3.718,2.3673,-0.8461,-2.2316,56.1691,5.7783,87.4528
1741335236.98,3.79,5.376,0.461,-3.715,2.3844,-0.846,-2.243,56.3024,5.4029,87.8177
1741335237.059,3.815,5.377,0.436,-3.715,2.4046,-0.8474,-2.2502,56.3841,2.5273,90.0531
1741335237.139,3.842,5.377,0.41,-3.714,2.4226,-0.8463,-2.2586,56.8936,1.0149,91.3963
1741335237.219,3.842,5.377,0.415,-3.708,2.4353,-0.8467,-2.2699,58.3607,2.1801,89.5688
1741335237.298,3.867,5.355,0.396,-3.678,2.4424,-0.8461,-2.2763,59.6173,2.3719,89.471
1741335239.767,3.79,5.339,0.485,-3.644,2.3104,-0.8506,-2.2206,61.5891,0.9622,90.9467
1741335239.847,3.777,5.338,0.498,-3.643,2.311,-0.8505,-2.221,61.5971,0.9371,90.9946
1741335239.927,3.775,5.34,0.5,-3.645,2.3112,-0.8506,-2.2211,61.6091,0.9305,91.0305
1741335240.006,3.775,5.34,0.5,-3.644,2.3082,-0.8508,-2.2196,61.6177,1.0296,90.8981
1741335240.086,3.777,5.339,0.493,-3.65,2.2973,-0.8514,-2.2129,60.9345,1.0439,90.9949
1741335240.564,3.67,5.324,0.586,-3.656,2.2324,-0.8533,-2.1713,58.1649,1.4418,90.8636
1741335240.643,3.663,5.325,0.593,-3.657,2.2357,-0.8533,-2.1734,58.1443,1.4238,90.8548
1741335240.723,3.671,5.325,0.584,-3.657,2.2378,-0.8533,-2.1745,58.1313,1.377,90.8881
1741335240.803,3.671,5.325,0.584,-3.657,2.2382,-0.8532,-2.1747,58.1256,1.3668,90.8944
1741335240.882,3.675,5.326,0.58,-3.658,2.238,-0.8533,-2.1747,58.1265,1.3467,90.9146
1741335240.962,3.676,5.327,0.579,-3.659,2.2381,-0.8533,-2.1746,58.1308,1.3428,90.9038
1741335241.042,3.676,5.326,0.579,-3.658,2.2379,-0.8532,-2.1746,58.1294,1.3513,90.8937
1741335241.121,3.677,5.325,0.579,-3.657,2.238,-0.8533,-2.1746,58.1366,1.3422,90.8987
1741335241.201,3.677,5.325,0.579,-3.657,2.2381,-0.8533,-2.1747,58.1392,1.3581,90.8934
1741335241.28,3.676,5.326,0.579,-3.658,2.2379,-0.8533,-2.1747,58.1335,1.3575,90.8969
1741335241.36,3.677,5.325,0.578,-3.657,2.238,-0.8533,-2.1747,58.1274,1.3531,90.8924
1741335241.44,3.678,5.327,0.577,-3.659,2.238,-0.8532,-2.1747,58.132,1.3523,90.8995
1741335241.519,3.677,5.327,0.579,-3.659,2.238,-0.8532,-2.1747,58.1355,1.3496,90.9012
1741335241.599,3.677,5.326,0.578,-3.658,2.238,-0.8532,-2.1746,58.1321,1.3485,90.8926
1741335241.679,3.679,5.325,0.577,-3.657,2.2381,-0.8533,-2.1747,58.1364,1.3613,90.8755
1741335241.758,3.676,5.327,0.58,-3.659,2.2381,-0.8534,-2.1747,58.1394,1.3591,90.8839
1741335241.838,3.678,5.326,0.578,-3.658,2.238,-0.8532,-2.1747,58.1373,1.3671,90.8728
1741335241.918,3.677,5.326,0.579,-3.658,2.238,-0.8533,-2.1747,58.1388,1.3658,90.8798
1741335241.997,3.677,5.325,0.578,-3.657,2.2381,-0.8532,-2.1747,58.131,1.3663,90.8799
1741335242.077,3.677,5.326,0.578,-3.658,2.2381,-0.8533,-2.1747,58.1327,1.3808,90.8693
1741335242.157,3.677,5.326,0.578,-3.658,2.238,-0.8533,-2.1747,58.1319,1.3658,90.8736
1741335242.236,3.676,5.326,0.579,-3.658,2.238,-0.8532,-2.1747,58.1321,1.3788,90.8602
1741335242.317,3.678,5.326,0.577,-3.658,2.238,-0.8532,-2.1747,58.132,1.3847,90.8582
1741335242.396,3.678,5.325,0.577,-3.657,2.2381,-0.8533,-2.1747,58.121,1.3779,90.8695
1741335242.475,3.676,5.325,0.579,-3.657,2.238,-0.8533,-2.1748,58.1239,1.3646,90.8856
1741335242.555,3.677,5.325,0.578,-3.657,2.2382,-0.8533,-2.1747,58.122,1.3629,90.8781
1741335242.634,3.677,5.326,0.578,-3.658,2.2381,-0.8533,-2.1747,58.1257,1.3693,90.8713
1741335242.714,3.677,5.326,0.578,-3.658,2.2381,-0.8532,-2.1747,58.1325,1.3651,90.8786
1741335242.794,3.675,5.326,0.58,-3.658,2.2381,-0.8532,-2.1746,58.1335,1.3419,90.9068
1741335242.873,3.678,5.326,0.577,-3.658,2.238,-0.8533,-2.1747,58.1287,1.3629,90.8691
1741335242.953,3.676,5.326,0.579,-3.658,2.2381,-0.8533,-2.1747,58.1331,1.3571,90.8751
1741335243.033,3.678,5.326,0.578,-3.658,2.2381,-0.8533,-2.1747,58.139,1.3479,90.8812
1741335243.112,3.678,5.326,0.577,-3.658,2.238,-0.8532,-2.1747,58.1321,1.3622,90.8562
1741335243.192,3.679,5.325,0.577,-3.657,2.2381,-0.8533,-2.1749,58.1351,1.3646,90.8581
1741335243.271,3.678,5.326,0.578,-3.658,2.238,-0.8534,-2.1747,58.1405,1.3507,90.8895
1741335243.351,3.678,5.325,0.578,-3.657,2.2381,-0.8534,-2.1748,58.141,1.3643,90.8722
1741335243.431,3.676,5.326,0.58,-3.658,2.2382,-0.8533,-2.1748,58.1447,1.3544,90.8882
1741335243.511,3.676,5.326,0.58,-3.658,2.2382,-0.8532,-2.1747,58.1413,1.3496,90.8953
1741335243.59,3.676,5.326,0.579,-3.658,2.238,-0.8532,-2.1747,58.1343,1.357,90.8839
1741335243.67,3.677,5.325,0.578,-3.657,2.2381,-0.8534,-2.1748,58.1306,1.3605,90.8838
1741335243.749,3.678,5.326,0.578,-3.658,2.2381,-0.8534,-2.1748,58.14,1.3582,90.8861
1741335243.829,3.676,5.326,0.579,-3.658,2.2381,-0.8533,-2.1748,58.1345,1.3473,90.8988
1741335243.908,3.676,5.326,0.579,-3.658,2.2381,-0.8532,-2.1748,58.1334,1.3396,90.9009
1741335243.988,3.676,5.326,0.579,-3.658,2.2381,-0.8531,-2.1747,58.1296,1.34,90.8945
1741335244.068,3.677,5.325,0.578,-3.657,2.2382,-0.8534,-2.1747,58.1304,1.3207,90.9236
1741335244.148,3.677,5.326,0.578,-3.658,2.2382,-0.8535,-2.1748,58.1292,1.3331,90.9069
1741335244.227,3.676,5.326,0.579,-3.658,2.2381,-0.8533,-2.1748,58.1266,1.3433,90.8943
1741335244.307,3.676,5.326,0.579,-3.658,2.2382,-0.8533,-2.1749,58.1286,1.3482,90.8896
1741335244.387,3.677,5.327,0.579,-3.659,2.238,-0.8532,-2.1749,58.1346,1.3546,90.8829
1741335244.466,3.679,5.325,0.577,-3.657,2.2382,-0.8534,-2.1749,58.1365,1.3425,90.893
1741335244.546,3.676,5.327,0.58,-3.659,2.2382,-0.8533,-2.1748,58.1395,1.3309,90.8974
1741335244.626,3.678,5.326,0.578,-3.658,2.2381,-0.8533,-2.1748,58.1349,1.349,90.8809
1741335244.705,3.678,5.326,0.578,-3.658,2.2382,-0.8532,-2.1748,58.1377,1.3409,90.8842
1741335244.785,3.677,5.327,0.579,-3.659,2.2381,-0.8533,-2.1748,58.1347,1.352,90.8707
1741335244.864,3.678,5.325,0.578,-3.657,2.2382,-0.8533,-2.1748,58.137,1.3573,90.8571
1741335244.944,3.676,5.326,0.58,-3.658,2.2382,-0.8534,-2.1749,58.1368,1.3668,90.856
1741335245.024,3.675,5.325,0.581,-3.657,2.2381,-0.8533,-2.1749,58.1356,1.3749,90.8417
1741335245.103,3.675,5.325,0.58,-3.657,2.2382,-0.8533,-2.1749,58.1334,1.3679,90.8418
1741335245.183,3.678,5.327,0.577,-3.659,2.2382,-0.8533,-2.1747,58.1312,1.3727,90.8407
1741335245.263,3.678,5.325,0.577,-3.657,2.2381,-0.8534,-2.1748,58.128,1.3727,90.8486
1741335245.342,3.676,5.326,0.58,-3.658,2.2382,-0.8535,-2.1749,58.1364,1.3915,90.8303
1741335245.422,3.677,5.326,0.578,-3.658,2.2382,-0.8533,-2.1748,58.1335,1.3822,90.8439
1741335245.502,3.677,5.326,0.578,-3.658,2.2381,-0.8533,-2.1749,58.1254,1.38,90.845
1741335245.581,3.676,5.326,0.579,-3.658,2.2381,-0.8533,-2.1748,58.1238,1.3578,90.8597
1741335245.661,3.676,5.327,0.579,-3.659,2.2383,-0.8533,-2.1749,58.1236,1.3467,90.8585
1741335245.741,3.677,5.325,0.578,-3.657,2.2382,-0.8535,-2.1749,58.133,1.3483,90.8772
1741335245.82,3.678,5.325,0.577,-3.657,2.2382,-0.8534,-2.1749,58.1304,1.3402,90.8835
1741335245.9,3.678,5.325,0.578,-3.657,2.2382,-0.8532,-2.1749,58.136,1.3446,90.8853
1741335245.979,3.678,5.328,0.577,-3.66,2.2382,-0.8532,-2.1748,58.1337,1.3373,90.89
1741335246.059,3.676,5.326,0.58,-3.658,2.2382,-0.8534,-2.1748,58.1394,1.3458,90.8753
1741335246.139,3.677,5.326,0.579,-3.658,2.2382,-0.8535,-2.1749,58.1376,1.3583,90.8681
1741335246.218,3.678,5.325,0.577,-3.657,2.2381,-0.8534,-2.1749,58.1288,1.3615,90.8718
1741335246.298,3.678,5.325,0.578,-3.657,2.2382,-0.8533,-2.1749,58.1338,1.3623,90.8667
1741335246.378,3.679,5.326,0.577,-3.658,2.2382,-0.8533,-2.1749,58.134,1.3606,90.8646
1741335246.577,3.679,5.327,0.576,-3.659,2.2382,-0.8535,-2.1749,58.1278,1.3643,90.8476
1741335246.657,3.675,5.326,0.581,-3.658,2.2383,-0.8534,-2.175,58.137,1.365,90.854
