point_index,error,original_x,original_y,original_z,target_x,target_y,target_z,transformed_x,transformed_y,transformed_z,exceeds_threshold
0,0.02202271554554522,0.6449,0,-5.0415,0.354,0,-0.422,0.337,0.0,-0.408,0
1,0.02193171219946129,0.6448,0,-5.0415,0.353,0,-0.423,0.337,0.0,-0.408,0
2,0.022671568097509247,0.6449,0,-5.0415,0.354,0,-0.423,0.337,0.0,-0.408,0
3,0.024999999999999977,0.6449,0,-5.0414,0.357,0,-0.424,0.337,0.0,-0.409,0
4,0.025612496949731375,0.6449,0,-5.0415,0.357,0,-0.424,0.337,0.0,-0.408,0
5,0.024207436873820386,0.6448,0,-5.0415,0.356,0,-0.423,0.337,0.0,-0.408,0
6,0.025806975801127858,0.6448,0,-5.0416,0.358,0,-0.423,0.337,0.0,-0.408,0
7,0.024083189157584572,0.6449,0,-5.0416,0.355,0,-0.424,0.337,0.0,-0.408,0
8,0.022627416997969503,0.6448,0,-5.0415,0.353,0,-0.424,0.337,0.0,-0.408,0
9,0.022627416997969503,0.6448,0,-5.0416,0.353,0,-0.424,0.337,0.0,-0.408,0
10,0.02343074902771994,0.6449,0,-5.0415,0.355,0,-0.423,0.337,0.0,-0.408,0
11,0.024999999999999977,0.6449,0,-5.0416,0.357,0,-0.423,0.337,0.0,-0.408,0
12,0.023345235059857482,0.6449,0,-5.0416,0.354,0,-0.424,0.337,0.0,-0.408,0
13,0.024207436873820386,0.6449,0,-5.0415,0.356,0,-0.423,0.337,0.0,-0.408,0
14,0.024207436873820386,0.6449,0,-5.0416,0.356,0,-0.423,0.337,0.0,-0.408,0
15,0.02343074902771994,0.6448,0,-5.0416,0.355,0,-0.423,0.337,0.0,-0.408,0
16,0.025612496949731375,0.6448,0,-5.0416,0.357,0,-0.424,0.337,0.0,-0.408,0
17,0.024207436873820386,0.6449,0,-5.0416,0.356,0,-0.423,0.337,0.0,-0.408,0
18,0.02343074902771994,0.6449,0,-5.0416,0.355,0,-0.423,0.337,0.0,-0.408,0
19,0.02343074902771994,0.6449,0,-5.0416,0.355,0,-0.423,0.337,0.0,-0.408,0
20,0.02343074902771994,0.6449,0,-5.0416,0.355,0,-0.423,0.337,0.0,-0.408,0
21,0.02202271554554522,0.6448,0,-5.0416,0.354,0,-0.422,0.337,0.0,-0.408,0
22,0.022671568097509247,0.6449,0,-5.0416,0.354,0,-0.423,0.337,0.0,-0.408,0
23,0.022627416997969503,0.6448,0,-5.0416,0.353,0,-0.424,0.337,0.0,-0.408,0
24,0.022627416997969503,0.6449,0,-5.0416,0.353,0,-0.424,0.337,0.0,-0.408,0
25,0.022671568097509247,0.6448,0,-5.0416,0.354,0,-0.423,0.337,0.0,-0.408,0
26,0.02343074902771994,0.6448,0,-5.0416,0.355,0,-0.423,0.337,0.0,-0.408,0
27,0.02193171219946129,0.6429,0,-5.0402,0.355,0,-0.424,0.34,0.0,-0.408,0
28,0.017088007490635077,0.6366,0,-5.0359,0.353,0,-0.425,0.347,0.0,-0.409,0
29,0.017088007490635077,0.6269,0,-5.0295,0.353,0,-0.425,0.359,0.0,-0.409,0
30,0.01769180601295415,0.6157,0,-5.0217,0.361,0,-0.422,0.373,0.0,-0.409,0
31,0.016643316977093252,0.6051,0,-5.0144,0.376,0,-0.423,0.385,0.0,-0.409,0
32,0.01442220510185597,0.5958,0,-5.0081,0.389,0,-0.421,0.397,0.0,-0.409,0
33,0.013152946437965909,0.5876,0,-5.0023,0.405,0,-0.423,0.407,0.0,-0.41,0
34,0.01702938636592638,0.5801,0,-4.9971,0.405,0,-0.423,0.416,0.0,-0.41,0
35,0.01456021977856105,0.5726,0,-4.9918,0.421,0,-0.424,0.425,0.0,-0.41,0
36,0.01581138830084191,0.5644,0,-4.9856,0.43,0,-0.426,0.435,0.0,-0.411,0
37,0.01627882059609972,0.5546,0,-4.9791,0.444,0,-0.427,0.447,0.0,-0.411,0
38,0.017464249196572995,0.5441,0,-4.9717,0.456,0,-0.428,0.46,0.0,-0.411,0
39,0.022627416997969503,0.5339,0,-4.9643,0.456,0,-0.428,0.472,0.0,-0.412,0
40,0.019209372712298563,0.5239,0,-4.9569,0.473,0,-0.427,0.485,0.0,-0.412,0
41,0.018867962264113223,0.4884,0,-4.9314,0.519,0,-0.43,0.529,0.0,-0.414,0
42,0.021260291625469316,0.4657,0,-4.915,0.543,0,-0.431,0.557,0.0,-0.415,0
43,0.020124611797498124,0.4431,0,-4.8986,0.575,0,-0.434,0.584,0.0,-0.416,0
44,0.026248809496813397,0.2143,0,-4.7342,0.849,0,-0.447,0.866,0.0,-0.427,0
45,0.021954498400100168,0.2058,0,-4.7285,0.865,0,-0.447,0.876,0.0,-0.428,0
46,0.019416487838947616,0.1979,0,-4.723,0.882,0,-0.447,0.886,0.0,-0.428,0
47,0.01923538406167136,0.1906,0,-4.718,0.898,0,-0.447,0.895,0.0,-0.428,0
48,0.0200997512422418,0.1831,0,-4.7127,0.906,0,-0.448,0.904,0.0,-0.428,0
49,0.021540659228538036,0.1749,0,-4.7073,0.906,0,-0.448,0.914,0.0,-0.428,0
50,0.01923538406167136,0.1665,0,-4.7015,0.921,0,-0.447,0.924,0.0,-0.428,0
51,0.020024984394500803,0.1573,0,-4.6955,0.934,0,-0.448,0.935,0.0,-0.428,0
52,0.01923538406167136,0.1482,0,-4.6891,0.943,0,-0.448,0.946,0.0,-0.429,0
53,0.019104973174542815,0.1386,0,-4.6825,0.956,0,-0.448,0.958,0.0,-0.429,0
54,0.023021728866442697,0.1294,0,-4.6763,0.956,0,-0.448,0.969,0.0,-0.429,0
55,0.021023796041628656,0.1205,0,-4.6696,0.971,0,-0.449,0.98,0.0,-0.43,0
56,0.020615528128088322,0.1119,0,-4.6635,0.982,0,-0.449,0.99,0.0,-0.43,0
57,0.021023796041628653,0.1033,0,-4.6579,1.0,0,-0.451,1.001,0.0,-0.43,0
58,0.022022715545545253,0.0951,0,-4.6519,1.01,0,-0.452,1.011,0.0,-0.43,0
59,0.023706539182259366,0.0871,0,-4.6462,1.01,0,-0.452,1.021,0.0,-0.431,0
60,0.024351591323771862,0.0793,0,-4.6408,1.022,0,-0.454,1.03,0.0,-0.431,0
61,0.023537204591879683,0.0743,0,-4.6372,1.031,0,-0.454,1.036,0.0,-0.431,0
62,0.026000000000000023,0.0734,0,-4.6365,1.047,0,-0.455,1.037,0.0,-0.431,0
63,0.025942243542145717,0.074,0,-4.6369,1.049,0,-0.454,1.037,0.0,-0.431,0
64,0.027294688127912435,0.0739,0,-4.637,1.05,0,-0.455,1.037,0.0,-0.431,0
65,0.02641968962724589,0.0738,0,-4.6368,1.05,0,-0.454,1.037,0.0,-0.431,0
66,0.02641968962724589,0.0739,0,-4.6368,1.05,0,-0.454,1.037,0.0,-0.431,0
67,0.025942243542145717,0.074,0,-4.6369,1.049,0,-0.454,1.037,0.0,-0.431,0
68,0.027459060435492046,0.0722,0,-4.6354,1.054,0,-0.455,1.039,0.0,-0.432,0
69,0.026419689627245783,0.0697,0,-4.633,1.055,0,-0.455,1.042,0.0,-0.432,0
70,0.023706539182259366,0.0656,0,-4.629,1.059,0,-0.454,1.048,0.0,-0.433,0
71,0.02256102834535695,0.0611,0,-4.6246,1.059,0,-0.456,1.054,0.0,-0.434,0
72,0.02213594362117864,0.0569,0,-4.6204,1.067,0,-0.457,1.06,0.0,-0.436,0
73,0.026076809620810618,0.0534,0,-4.6168,1.067,0,-0.463,1.065,0.0,-0.437,0
74,0.02300000000000002,0.0505,0,-4.6138,1.069,0,-0.461,1.069,0.0,-0.438,0
75,0.028071337695236422,0.0482,0,-4.6112,1.074,0,-0.466,1.072,0.0,-0.438,0
76,0.027658633371878686,0.0456,0,-4.6084,1.082,0,-0.466,1.076,0.0,-0.439,0
77,0.028635642126552733,0.0434,0,-4.6061,1.085,0,-0.468,1.079,0.0,-0.44,0
78,0.03238826948140325,0.0413,0,-4.6036,1.087,0,-0.473,1.082,0.0,-0.441,0
79,0.03014962686336263,0.0388,0,-4.6009,1.089,0,-0.472,1.086,0.0,-0.442,0
80,0.03423448553724735,0.0364,0,-4.599,1.085,0,-0.476,1.089,0.0,-0.442,0
81,0.035510561809129385,0.0341,0,-4.5969,1.086,0,-0.478,1.092,0.0,-0.443,0
82,0.0374833296279826,0.0319,0,-4.5948,1.089,0,-0.48,1.095,0.0,-0.443,0
83,0.035227829907617046,0.0299,0,-4.5931,1.094,0,-0.479,1.098,0.0,-0.444,0
84,0.035510561809129385,0.0278,0,-4.5912,1.094,0,-0.479,1.1,0.0,-0.444,0
85,0.03847076812334267,0.0254,0,-4.5891,1.098,0,-0.482,1.104,0.0,-0.444,0
86,0.0373363094051889,0.0228,0,-4.5867,1.102,0,-0.482,1.107,0.0,-0.445,0
87,0.03590264614203246,0.0201,0,-4.5843,1.103,0,-0.48,1.111,0.0,-0.445,0
88,0.036345563690772485,0.0143,0,-4.5791,1.113,0,-0.483,1.118,0.0,-0.447,0
89,0.03622154055254964,0.0113,0,-4.5765,1.118,0,-0.483,1.122,0.0,-0.447,0
90,0.03505709628591618,0.0075,0,-4.5729,1.125,0,-0.483,1.127,0.0,-0.448,0
91,0.03401470270338987,0.0038,0,-4.5687,1.134,0,-0.483,1.133,0.0,-0.449,0
92,0.03505709628591618,-0.0003,0,-4.5647,1.14,0,-0.486,1.138,0.0,-0.451,0
93,0.030999999999999972,-0.0041,0,-4.5606,1.144,0,-0.483,1.144,0.0,-0.452,0
94,0.03157530680769386,-0.0073,0,-4.557,1.143,0,-0.484,1.149,0.0,-0.453,0
95,0.03436568055487916,-0.0106,0,-4.5533,1.148,0,-0.488,1.153,0.0,-0.454,0
96,0.035355339059327334,-0.014,0,-4.5494,1.153,0,-0.491,1.158,0.0,-0.456,0
97,0.03765634076752547,-0.1393,0,-4.4402,1.316,0,-0.515,1.323,0.0,-0.478,0
98,0.03452535300326417,-0.1439,0,-4.4381,1.322,0,-0.511,1.328,0.0,-0.477,0
99,0.03238826948140331,-0.1496,0,-4.4346,1.33,0,-0.509,1.335,0.0,-0.477,0
100,0.02617250465660481,-0.1559,0,-4.4304,1.345,0,-0.503,1.342,0.0,-0.477,0
101,0.028071337695236422,-0.1629,0,-4.4255,1.353,0,-0.505,1.351,0.0,-0.477,0
102,0.028861739379323677,-0.1706,0,-4.4201,1.353,0,-0.505,1.36,0.0,-0.477,0
103,0.027658633371878686,-0.1789,0,-4.4143,1.364,0,-0.505,1.37,0.0,-0.478,0
104,0.029732137494636962,-0.1869,0,-4.4085,1.37,0,-0.506,1.38,0.0,-0.478,0
105,0.026925824035672574,-0.1943,0,-4.4031,1.382,0,-0.504,1.389,0.0,-0.478,0
106,0.027073972741361793,-0.2019,0,-4.3978,1.401,0,-0.506,1.399,0.0,-0.479,0
107,0.027658633371878686,-0.2091,0,-4.3928,1.401,0,-0.506,1.407,0.0,-0.479,0
108,0.030083217912982633,-0.2164,0,-4.3885,1.405,0,-0.506,1.416,0.0,-0.478,0
109,0.02801785145224383,-0.2245,0,-4.3855,1.425,0,-0.504,1.424,0.0,-0.476,0
110,0.026248809496813397,-0.2327,0,-4.3828,1.441,0,-0.499,1.433,0.0,-0.474,0
111,0.02280350850198278,-0.241,0,-4.3796,1.459,0,-0.486,1.441,0.0,-0.472,0
112,0.02284731931759174,-0.4545,0,-4.2527,1.68,0,-0.481,1.689,0.0,-0.46,0
113,0.031144823004794948,-0.4658,0,-4.2453,1.68,0,-0.481,1.703,0.0,-0.46,0
114,0.030413812651491165,-0.4781,0,-4.2381,1.696,0,-0.482,1.717,0.0,-0.46,0
115,0.02745906043549188,-0.4907,0,-4.2305,1.717,0,-0.482,1.732,0.0,-0.459,0
116,0.027586228448267507,-0.5032,0,-4.2226,1.728,0,-0.479,1.747,0.0,-0.459,0
117,0.04049691346263299,-0.5153,0,-4.2148,1.727,0,-0.481,1.761,0.0,-0.459,0
118,0.033970575502926134,-0.5282,0,-4.2074,1.751,0,-0.481,1.776,0.0,-0.458,0
119,0.026172504656604867,-0.5413,0,-4.2016,1.771,0,-0.473,1.79,0.0,-0.455,0
120,0.02024845673131662,-0.5542,0,-4.195,1.793,0,-0.471,1.804,0.0,-0.454,0
121,0.022825424421026575,-0.5666,0,-4.188,1.808,0,-0.473,1.819,0.0,-0.453,0
122,0.03264965543462892,-0.5789,0,-4.181,1.808,0,-0.473,1.833,0.0,-0.452,0
123,0.03324154027718939,-0.5908,0,-4.1749,1.823,0,-0.474,1.846,0.0,-0.45,0
124,0.029000000000000067,-0.6029,0,-4.1674,1.839,0,-0.47,1.86,0.0,-0.45,0
125,0.02758622844826735,-0.6161,0,-4.1599,1.856,0,-0.469,1.875,0.0,-0.449,0
126,0.027658633371878644,-0.6296,0,-4.152,1.873,0,-0.469,1.891,0.0,-0.448,0
127,0.041340053217188685,-0.6439,0,-4.1434,1.873,0,-0.469,1.908,0.0,-0.447,0
128,0.0352278299076172,-0.6591,0,-4.1347,1.896,0,-0.466,1.925,0.0,-0.446,0
129,0.03689173349139356,-0.6744,0,-4.1262,1.912,0,-0.465,1.943,0.0,-0.445,0
130,0.037643060449437334,-0.6884,0,-4.1166,1.931,0,-0.469,1.96,0.0,-0.445,0
131,0.03828837943815338,-0.7027,0,-4.1061,1.948,0,-0.471,1.977,0.0,-0.446,0
132,0.05323532661682478,-0.7179,0,-4.0964,1.948,0,-0.471,1.995,0.0,-0.446,1
133,0.04701063709417255,-0.7326,0,-4.0868,1.972,0,-0.469,2.013,0.0,-0.446,0
134,0.04301162633521287,-0.7471,0,-4.0781,1.995,0,-0.47,2.03,0.0,-0.445,0
135,0.03894868418830114,-0.7616,0,-4.0693,2.018,0,-0.47,2.047,0.0,-0.444,0
136,0.0346554469023269,-0.7752,0,-4.0608,2.039,0,-0.469,2.063,0.0,-0.444,0
137,0.047169905660283035,-0.7888,0,-4.0518,2.039,0,-0.469,2.079,0.0,-0.444,0
138,0.04640043103248064,-0.8025,0,-4.0424,2.059,0,-0.472,2.096,0.0,-0.444,0
139,0.042011903075199926,-0.8168,0,-4.0333,2.08,0,-0.47,2.113,0.0,-0.444,0
140,0.03959797974644665,-0.8316,0,-4.0237,2.102,0,-0.472,2.13,0.0,-0.444,0
141,0.03905124837953319,-0.8462,0,-4.0143,2.123,0,-0.473,2.148,0.0,-0.443,0
142,0.040360872141220965,-0.9024,0,-3.9773,2.185,0,-0.47,2.215,0.0,-0.443,0
143,0.03962322551231797,-0.9177,0,-3.9672,2.206,0,-0.472,2.233,0.0,-0.443,0
144,0.08348652585896729,-2.2709,0,-3.0956,3.796,0,-0.356,3.843,0.0,-0.425,1
145,0.0857088093488644,-2.2718,0,-3.0948,3.833,0,-0.34,3.844,0.0,-0.425,1
146,0.0847171765346319,-2.2719,0,-3.095,3.833,0,-0.34,3.844,0.0,-0.424,1
147,0.07102112361825882,-2.2147,0,-3.1379,3.785,0,-0.35,3.773,0.0,-0.42,1
148,0.025298221281347056,-0.3601,0,-4.1545,1.657,0,-0.618,1.665,0.0,-0.594,0
149,0.035510561809129496,-0.367,0,-4.1503,1.654,0,-0.624,1.673,0.0,-0.594,0
150,0.04386342439892266,-0.3736,0,-4.1459,1.651,0,-0.626,1.681,0.0,-0.594,0
151,0.03546829570193636,-0.3791,0,-4.142,1.665,0,-0.621,1.688,0.0,-0.594,0
152,0.028600699292150276,-0.3818,0,-4.1402,1.674,0,-0.617,1.691,0.0,-0.594,0
153,0.02200000000000002,-0.3817,0,-4.1399,1.691,0,-0.617,1.691,0.0,-0.595,0
154,0.02100000000000002,-0.3817,0,-4.1399,1.691,0,-0.616,1.691,0.0,-0.595,0
155,0.02121320343559646,-0.3817,0,-4.1401,1.688,0,-0.616,1.691,0.0,-0.595,0
156,0.022360679774997918,-0.3817,0,-4.14,1.687,0,-0.617,1.691,0.0,-0.595,0
157,0.02209072203437454,-0.3808,0,-4.1405,1.688,0,-0.617,1.69,0.0,-0.595,0
158,0.02256102834535695,-0.3746,0,-4.1442,1.688,0,-0.617,1.683,0.0,-0.595,0
159,0.021189620100417073,-0.322,0,-4.1731,1.63,0,-0.62,1.623,0.0,-0.6,0
160,0.019416487838947616,-0.3247,0,-4.1715,1.63,0,-0.619,1.626,0.0,-0.6,0
161,0.021540659228538036,-0.3273,0,-4.17,1.621,0,-0.62,1.629,0.0,-0.6,0
162,0.019646882704388545,-0.3286,0,-4.1689,1.626,0,-0.619,1.631,0.0,-0.6,0
163,0.02039607805437116,-0.3287,0,-4.1687,1.627,0,-0.62,1.631,0.0,-0.6,0
164,0.02039607805437116,-0.3287,0,-4.1688,1.635,0,-0.62,1.631,0.0,-0.6,0
165,0.022360679774997918,-0.3287,0,-4.1688,1.635,0,-0.622,1.631,0.0,-0.6,0
166,0.02039607805437116,-0.3287,0,-4.1689,1.635,0,-0.62,1.631,0.0,-0.6,0
167,0.022360679774997918,-0.3288,0,-4.1689,1.635,0,-0.622,1.631,0.0,-0.6,0
168,0.02137755832643197,-0.3302,0,-4.1675,1.629,0,-0.621,1.633,0.0,-0.6,0
169,0.02459674775249766,-0.3345,0,-4.1642,1.627,0,-0.622,1.638,0.0,-0.6,0
170,0.02983286778035269,-0.3403,0,-4.16,1.626,0,-0.624,1.645,0.0,-0.601,0
171,0.030413812651491203,-0.3472,0,-4.156,1.632,0,-0.622,1.653,0.0,-0.6,0
172,0.029068883707497363,-0.354,0,-4.1521,1.642,0,-0.622,1.661,0.0,-0.6,0
173,0.024207436873820362,-0.3585,0,-4.1494,1.651,0,-0.619,1.666,0.0,-0.6,0
174,0.019026297590440472,-0.3592,0,-4.149,1.666,0,-0.619,1.667,0.0,-0.6,0
175,0.019026297590440472,-0.3592,0,-4.1488,1.666,0,-0.619,1.667,0.0,-0.6,0
176,0.02137755832643197,-0.3592,0,-4.149,1.671,0,-0.621,1.667,0.0,-0.6,0
177,0.022360679774997918,-0.359,0,-4.1492,1.671,0,-0.621,1.667,0.0,-0.599,0
178,0.020615528128088294,-0.3544,0,-4.152,1.666,0,-0.62,1.661,0.0,-0.6,0
179,0.023853720883753086,-0.0299,0,-4.3487,1.295,0,-0.634,1.282,0.0,-0.614,0
180,0.02080865204668483,-0.0305,0,-4.3481,1.295,0,-0.632,1.283,0.0,-0.615,0
181,0.02080865204668483,-0.0305,0,-4.3481,1.295,0,-0.632,1.283,0.0,-0.615,0
182,0.02247220505424425,-0.0304,0,-4.3479,1.295,0,-0.634,1.283,0.0,-0.615,0
183,0.02302172886644276,-0.0305,0,-4.3479,1.296,0,-0.634,1.283,0.0,-0.615,0
184,0.01746424919657304,-0.0305,0,-4.3478,1.29,0,-0.631,1.283,0.0,-0.615,0
185,0.021954498400100223,-0.0305,0,-4.3479,1.294,0,-0.634,1.283,0.0,-0.615,0
186,0.021954498400100223,-0.0304,0,-4.3478,1.294,0,-0.634,1.283,0.0,-0.615,0
187,0.02061552812808839,-0.0304,0,-4.3478,1.296,0,-0.631,1.283,0.0,-0.615,0
188,0.019924858845171294,-0.0304,0,-4.3477,1.289,0,-0.634,1.283,0.0,-0.615,0
189,0.018788294228055953,-0.0305,0,-4.3479,1.291,0,-0.632,1.283,0.0,-0.615,0
190,0.021400934559032782,-0.0304,0,-4.3478,1.296,0,-0.632,1.283,0.0,-0.615,0
191,0.021400934559032782,-0.0304,0,-4.3476,1.296,0,-0.632,1.283,0.0,-0.615,0
192,0.02080865204668483,-0.0304,0,-4.3478,1.295,0,-0.632,1.283,0.0,-0.615,0
193,0.02061552812808839,-0.0305,0,-4.3477,1.296,0,-0.631,1.283,0.0,-0.615,0
194,0.018384776310850295,-0.0304,0,-4.3477,1.29,0,-0.632,1.283,0.0,-0.615,0
195,0.018788294228055953,-0.0304,0,-4.3476,1.291,0,-0.632,1.283,0.0,-0.615,0
196,0.020615528128088322,-0.0305,0,-4.3476,1.291,0,-0.634,1.283,0.0,-0.615,0
197,0.019697715603592226,-0.0305,0,-4.3477,1.291,0,-0.633,1.283,0.0,-0.615,0
198,0.020000000000000018,-0.0304,0,-4.3478,1.295,0,-0.631,1.283,0.0,-0.615,0
199,0.018788294228055953,-0.0305,0,-4.3477,1.291,0,-0.632,1.283,0.0,-0.615,0
200,0.021400934559032782,-0.0304,0,-4.3477,1.296,0,-0.632,1.283,0.0,-0.615,0
201,0.02061552812808839,-0.0305,0,-4.3477,1.296,0,-0.631,1.283,0.0,-0.615,0
202,0.02302172886644276,-0.0305,0,-4.3477,1.296,0,-0.634,1.283,0.0,-0.615,0
203,0.020000000000000018,-0.0304,0,-4.3477,1.295,0,-0.631,1.283,0.0,-0.615,0
204,0.020248456731316644,-0.0303,0,-4.3475,1.29,0,-0.634,1.283,0.0,-0.615,0
205,0.02302172886644276,-0.0304,0,-4.3478,1.296,0,-0.634,1.283,0.0,-0.615,0
206,0.02247220505424425,-0.0304,0,-4.3479,1.295,0,-0.634,1.283,0.0,-0.615,0
207,0.02247220505424425,-0.0305,0,-4.3478,1.295,0,-0.634,1.283,0.0,-0.615,0
208,0.019924858845171294,-0.0305,0,-4.3477,1.289,0,-0.634,1.283,0.0,-0.615,0
209,0.02080865204668483,-0.0305,0,-4.3479,1.295,0,-0.632,1.283,0.0,-0.615,0
210,0.021633307652783953,-0.0304,0,-4.3479,1.295,0,-0.633,1.283,0.0,-0.615,0
211,0.022203603311174602,-0.0304,0,-4.3479,1.296,0,-0.633,1.283,0.0,-0.615,0
212,0.02102379604162861,-0.0347,0,-4.3462,1.297,0,-0.633,1.288,0.0,-0.614,0
213,0.01843908891458579,-0.0486,0,-4.3414,1.298,0,-0.628,1.302,0.0,-0.61,0
214,0.02102379604162861,-0.0692,0,-4.3338,1.314,0,-0.624,1.323,0.0,-0.605,0
215,0.021400934559032626,-0.0923,0,-4.3254,1.33,0,-0.612,1.347,0.0,-0.599,0
216,0.03264965543462899,-0.4289,0,-4.2303,1.665,0,-0.522,1.68,0.0,-0.493,0
217,0.021840329667841576,-0.4273,0,-4.2312,1.685,0,-0.514,1.679,0.0,-0.493,0
218,0.022561028345357,-0.4254,0,-4.2323,1.681,0,-0.516,1.676,0.0,-0.494,0
219,0.02469817807045692,-0.4246,0,-4.2328,1.684,0,-0.517,1.675,0.0,-0.494,0
220,0.024020824298928645,-0.4246,0,-4.2329,1.676,0,-0.517,1.675,0.0,-0.493,0
221,0.024020824298928645,-0.4247,0,-4.2331,1.676,0,-0.517,1.675,0.0,-0.493,0
222,0.025495097567963927,-0.4247,0,-4.2331,1.68,0,-0.518,1.675,0.0,-0.493,0
223,0.024020824298928645,-0.4255,0,-4.2327,1.675,0,-0.517,1.676,0.0,-0.493,0
224,0.02745906043549197,-0.4291,0,-4.2311,1.675,0,-0.519,1.68,0.0,-0.492,0
225,0.0291204395571221,-0.4363,0,-4.228,1.68,0,-0.519,1.688,0.0,-0.491,0
226,0.03920459156782535,-0.4455,0,-4.2229,1.674,0,-0.521,1.698,0.0,-0.49,0
227,0.04883646178829917,-0.4639,0,-4.211,1.684,0,-0.523,1.72,0.0,-0.49,0
228,0.03764306044943746,-0.4705,0,-4.2063,1.704,0,-0.519,1.728,0.0,-0.49,0
229,0.03067572330035596,-0.4724,0,-4.2049,1.721,0,-0.519,1.731,0.0,-0.49,0
230,0.026248809496813397,-0.4713,0,-4.2055,1.721,0,-0.516,1.729,0.0,-0.491,0
231,0.02319482700948641,-0.4707,0,-4.206,1.732,0,-0.514,1.729,0.0,-0.491,0
232,0.025179356624028353,-0.4706,0,-4.2061,1.732,0,-0.515,1.729,0.0,-0.49,0
233,0.026019223662515405,-0.4706,0,-4.2064,1.729,0,-0.516,1.728,0.0,-0.49,0
234,0.028844410203711878,0.4162,0,-4.7207,0.729,0,-0.566,0.705,0.0,-0.55,0
235,0.02080865204668474,0.4293,0,-4.7266,0.703,0,-0.569,0.691,0.0,-0.552,0
236,0.020615528128088235,0.4299,0,-4.7263,0.703,0,-0.569,0.69,0.0,-0.553,0
237,0.019209372712298476,0.4297,0,-4.7263,0.703,0,-0.568,0.691,0.0,-0.553,0
238,0.02262741699796946,0.4299,0,-4.726,0.707,0,-0.569,0.691,0.0,-0.553,0
239,0.019416487838947526,0.4297,0,-4.7261,0.702,0,-0.569,0.691,0.0,-0.553,0
240,0.018439088914585705,0.4297,0,-4.7258,0.703,0,-0.567,0.691,0.0,-0.553,0
241,0.020518284528683133,0.4298,0,-4.7259,0.706,0,-0.567,0.691,0.0,-0.553,0
242,0.021213203435596368,0.4297,0,-4.7258,0.706,0,-0.568,0.691,0.0,-0.553,0
243,0.021213203435596368,0.4298,0,-4.7257,0.706,0,-0.568,0.691,0.0,-0.553,0
244,0.019209372712298476,0.4297,0,-4.7256,0.703,0,-0.568,0.691,0.0,-0.553,0
245,0.018601075237738202,0.4295,0,-4.7257,0.702,0,-0.568,0.691,0.0,-0.553,0
246,0.02051828452868313,0.4296,0,-4.7257,0.705,0,-0.568,0.691,0.0,-0.553,0
247,0.01979898987322327,0.4296,0,-4.7258,0.705,0,-0.567,0.691,0.0,-0.553,0
248,0.018027756377319872,0.4296,0,-4.7256,0.701,0,-0.568,0.691,0.0,-0.553,0
249,0.017804493814764785,0.4296,0,-4.7256,0.702,0,-0.567,0.691,0.0,-0.553,0
250,0.019849433241279142,0.4296,0,-4.7255,0.704,0,-0.568,0.691,0.0,-0.553,0
251,0.02051828452868313,0.4295,0,-4.7256,0.705,0,-0.568,0.691,0.0,-0.553,0
252,0.02051828452868313,0.4295,0,-4.7257,0.705,0,-0.568,0.691,0.0,-0.553,0
253,0.018601075237738202,0.4297,0,-4.7256,0.702,0,-0.568,0.691,0.0,-0.553,0
254,0.021213203435596368,0.4296,0,-4.7256,0.706,0,-0.568,0.691,0.0,-0.553,0
255,0.01886796226411313,0.4296,0,-4.7255,0.701,0,-0.569,0.691,0.0,-0.553,0
256,0.018027756377319872,0.4297,0,-4.7254,0.701,0,-0.569,0.691,0.0,-0.554,0
257,0.021213203435596368,0.4296,0,-4.7255,0.706,0,-0.568,0.691,0.0,-0.553,0
258,0.021931712199461252,0.4296,0,-4.7256,0.707,0,-0.568,0.691,0.0,-0.553,0
259,0.019849433241279142,0.4295,0,-4.7257,0.704,0,-0.568,0.691,0.0,-0.553,0
260,0.021213203435596368,0.4295,0,-4.7256,0.706,0,-0.568,0.691,0.0,-0.553,0
261,0.021213203435596368,0.4296,0,-4.7256,0.706,0,-0.568,0.691,0.0,-0.553,0
262,0.018027756377319872,0.4296,0,-4.7255,0.701,0,-0.568,0.691,0.0,-0.553,0
263,0.021213203435596368,0.4295,0,-4.7257,0.706,0,-0.568,0.691,0.0,-0.553,0
264,0.018439088914585705,0.4295,0,-4.7256,0.703,0,-0.567,0.691,0.0,-0.553,0
265,0.017804493814764785,0.4296,0,-4.7257,0.702,0,-0.567,0.691,0.0,-0.553,0
266,0.017804493814764785,0.43,0,-4.7259,0.702,0,-0.567,0.691,0.0,-0.553,0
267,0.022671568097509132,0.4323,0,-4.728,0.704,0,-0.568,0.687,0.0,-0.553,0
268,0.028178005607210715,0.4872,0,-4.7533,0.653,0,-0.575,0.628,0.0,-0.562,0
269,0.020518284528683133,0.4894,0,-4.7541,0.64,0,-0.576,0.625,0.0,-0.562,0
270,0.020000000000000018,0.4921,0,-4.7555,0.638,0,-0.575,0.622,0.0,-0.563,0
271,0.021633307652783953,0.4956,0,-4.757,0.637,0,-0.575,0.619,0.0,-0.563,0
272,0.019849433241279225,0.501,0,-4.7578,0.629,0,-0.579,0.614,0.0,-0.566,0
273,0.02915475947422653,0.5066,0,-4.7609,0.634,0,-0.577,0.607,0.0,-0.566,0
274,0.028635642126552733,0.5128,0,-4.7644,0.626,0,-0.579,0.6,0.0,-0.567,0
275,0.02385372088375315,0.5171,0,-4.7668,0.615,0,-0.58,0.595,0.0,-0.567,0
276,0.0255538646783613,0.5186,0,-4.7674,0.616,0,-0.58,0.594,0.0,-0.567,0
277,0.0255538646783613,0.5208,0,-4.7686,0.613,0,-0.581,0.591,0.0,-0.568,0
278,0.02469817807045696,0.5244,0,-4.7712,0.608,0,-0.581,0.587,0.0,-0.568,0
279,0.028178005607210767,0.5684,0,-4.7973,0.561,0,-0.583,0.536,0.0,-0.57,0
280,0.02915475947422653,0.5732,0,-4.8001,0.555,0,-0.585,0.53,0.0,-0.57,0
281,0.026076809620810618,0.6049,0,-4.8179,0.516,0,-0.587,0.494,0.0,-0.573,0
282,0.025942243542145717,0.615,0,-4.8242,0.505,0,-0.585,0.482,0.0,-0.573,0
283,0.02202271554554526,0.6149,0,-4.8239,0.499,0,-0.587,0.482,0.0,-0.573,0
284,0.019798989873223347,0.615,0,-4.824,0.496,0,-0.587,0.482,0.0,-0.573,0
285,0.019104973174542815,0.615,0,-4.8242,0.496,0,-0.586,0.482,0.0,-0.573,0
286,0.01860107523773829,0.6153,0,-4.8248,0.492,0,-0.588,0.481,0.0,-0.573,0
287,0.021213203435596444,0.6168,0,-4.8266,0.494,0,-0.587,0.479,0.0,-0.572,0
288,0.027018512172212617,0.6221,0,-4.8301,0.494,0,-0.589,0.473,0.0,-0.572,0
289,0.021023796041628608,0.6988,0,-4.8679,0.407,0,-0.592,0.388,0.0,-0.583,0
290,0.0254950975679639,0.7022,0,-4.8698,0.407,0,-0.594,0.384,0.0,-0.583,0
291,0.026925824035672542,0.7069,0,-4.8723,0.404,0,-0.594,0.379,0.0,-0.584,0
292,0.027856776554368263,0.73,0,-4.885,0.379,0,-0.596,0.353,0.0,-0.586,0
293,0.021095023109728956,0.7396,0,-4.8921,0.359,0,-0.596,0.341,0.0,-0.585,0
294,0.011661903789690564,0.7394,0,-4.8924,0.351,0,-0.591,0.341,0.0,-0.585,0
295,0.012083045973594532,0.7399,0,-4.8926,0.351,0,-0.59,0.34,0.0,-0.585,0
296,0.019646882704388465,0.742,0,-4.894,0.357,0,-0.59,0.338,0.0,-0.585,0
297,0.027166155414412217,0.7464,0,-4.8975,0.359,0,-0.588,0.332,0.0,-0.585,0
298,0.01923538406167136,0.8229,0,-4.9321,0.266,0,-0.607,0.249,0.0,-0.598,0
299,0.01923538406167136,0.8225,0,-4.932,0.266,0,-0.607,0.249,0.0,-0.598,0
300,0.01486606874731852,0.8225,0,-4.9319,0.261,0,-0.608,0.25,0.0,-0.598,0
301,0.015000000000000012,0.8225,0,-4.932,0.261,0,-0.607,0.249,0.0,-0.598,0
302,0.015620499351813323,0.8226,0,-4.932,0.261,0,-0.608,0.249,0.0,-0.598,0
303,0.014212670403551907,0.8225,0,-4.9321,0.26,0,-0.607,0.249,0.0,-0.598,0
304,0.014212670403551907,0.8225,0,-4.9321,0.26,0,-0.607,0.249,0.0,-0.598,0
305,0.014212670403551907,0.8225,0,-4.9321,0.26,0,-0.607,0.249,0.0,-0.598,0
306,0.013453624047073722,0.8224,0,-4.932,0.259,0,-0.608,0.25,0.0,-0.598,0
307,0.014212670403551907,0.8221,0,-4.9315,0.261,0,-0.607,0.25,0.0,-0.598,0
308,0.011180339887498959,0.8199,0,-4.9302,0.258,0,-0.608,0.253,0.0,-0.598,0
309,0.01216552506059645,0.8161,0,-4.9275,0.255,0,-0.61,0.257,0.0,-0.598,0
310,0.018867962264113223,0.8108,0,-4.9236,0.254,0,-0.614,0.264,0.0,-0.598,0
311,0.019209372712298563,0.8051,0,-4.919,0.259,0,-0.614,0.271,0.0,-0.599,0
312,0.017464249196573,0.8001,0,-4.9152,0.27,0,-0.615,0.277,0.0,-0.599,0
313,0.016124515496597106,0.7975,0,-4.9131,0.283,0,-0.616,0.281,0.0,-0.6,0
314,0.014142135623730954,0.7971,0,-4.9129,0.283,0,-0.614,0.281,0.0,-0.6,0
315,0.015033296378372866,0.7974,0,-4.9131,0.296,0,-0.601,0.281,0.0,-0.6,0
316,0.01603121954188136,0.7975,0,-4.9131,0.297,0,-0.599,0.281,0.0,-0.6,0
317,0.01599999999999996,0.7973,0,-4.9132,0.297,0,-0.599,0.281,0.0,-0.599,0
318,0.016278820596099666,0.7975,0,-4.913,0.297,0,-0.597,0.281,0.0,-0.6,0
319,0.015297058540778313,0.7974,0,-4.9131,0.296,0,-0.597,0.281,0.0,-0.6,0
320,0.016278820596099666,0.7974,0,-4.9132,0.297,0,-0.597,0.281,0.0,-0.6,0
321,0.016278820596099666,0.7974,0,-4.9131,0.297,0,-0.597,0.281,0.0,-0.6,0
322,0.014317821063276311,0.7974,0,-4.913,0.295,0,-0.597,0.281,0.0,-0.6,0
323,0.014317821063276311,0.7974,0,-4.9131,0.295,0,-0.597,0.281,0.0,-0.6,0
324,0.015132745950421515,0.7974,0,-4.9131,0.296,0,-0.598,0.281,0.0,-0.6,0
325,0.015132745950421515,0.7974,0,-4.9131,0.296,0,-0.598,0.281,0.0,-0.6,0
326,0.014317821063276311,0.7974,0,-4.913,0.295,0,-0.597,0.281,0.0,-0.6,0
327,0.015297058540778313,0.7975,0,-4.913,0.296,0,-0.597,0.281,0.0,-0.6,0
328,0.016124515496597058,0.7982,0,-4.9134,0.296,0,-0.598,0.28,0.0,-0.6,0
329,0.02121320343559639,0.8026,0,-4.9166,0.296,0,-0.597,0.275,0.0,-0.6,0
330,0.02846049894151541,0.8816,0,-4.9645,0.209,0,-0.612,0.182,0.0,-0.603,0
331,0.02376972864800942,0.934,0,-4.9963,0.143,0,-0.615,0.121,0.0,-0.606,0
332,0.01486606874731852,0.9335,0,-4.9959,0.133,0,-0.616,0.122,0.0,-0.606,0
333,0.012041594578792307,0.9334,0,-4.9959,0.131,0,-0.614,0.122,0.0,-0.606,0
334,0.012727922061357866,0.9334,0,-4.996,0.131,0,-0.614,0.122,0.0,-0.605,0
335,0.013453624047073722,0.9335,0,-4.9959,0.131,0,-0.616,0.122,0.0,-0.606,0
336,0.013453624047073722,0.9334,0,-4.996,0.131,0,-0.615,0.122,0.0,-0.605,0
337,0.012727922061357866,0.9334,0,-4.9959,0.131,0,-0.615,0.122,0.0,-0.606,0
338,0.014212670403551907,0.9334,0,-4.996,0.131,0,-0.616,0.122,0.0,-0.605,0
339,0.013453624047073722,0.9335,0,-4.9959,0.131,0,-0.616,0.122,0.0,-0.606,0
340,0.013453624047073722,0.9335,0,-4.9959,0.131,0,-0.616,0.122,0.0,-0.606,0
341,0.012806248474865708,0.9334,0,-4.996,0.13,0,-0.615,0.122,0.0,-0.605,0
342,0.013453624047073722,0.9334,0,-4.996,0.131,0,-0.615,0.122,0.0,-0.605,0
343,0.013453624047073722,0.9334,0,-4.996,0.131,0,-0.615,0.122,0.0,-0.605,0
344,0.013453624047073722,0.9334,0,-4.996,0.131,0,-0.615,0.122,0.0,-0.605,0
345,0.013453624047073722,0.9335,0,-4.9959,0.132,0,-0.615,0.122,0.0,-0.606,0
346,0.014142135623730963,0.9333,0,-4.996,0.132,0,-0.615,0.122,0.0,-0.605,0
347,0.012806248474865708,0.9335,0,-4.996,0.13,0,-0.615,0.122,0.0,-0.605,0
348,0.014142135623730963,0.9334,0,-4.996,0.132,0,-0.615,0.122,0.0,-0.605,0
349,0.014142135623730963,0.9334,0,-4.996,0.132,0,-0.615,0.122,0.0,-0.605,0
350,0.01486606874731852,0.9335,0,-4.996,0.132,0,-0.616,0.122,0.0,-0.605,0
351,0.013453624047073722,0.9335,0,-4.996,0.131,0,-0.615,0.122,0.0,-0.605,0
352,0.012806248474865708,0.9334,0,-4.9961,0.13,0,-0.615,0.122,0.0,-0.605,0
353,0.014212670403551907,0.9333,0,-4.9962,0.131,0,-0.616,0.122,0.0,-0.605,0
354,0.014212670403551907,0.9335,0,-4.996,0.131,0,-0.616,0.122,0.0,-0.605,0
355,0.014212670403551907,0.9335,0,-4.9961,0.131,0,-0.616,0.122,0.0,-0.605,0
356,0.014142135623730963,0.9335,0,-4.996,0.132,0,-0.615,0.122,0.0,-0.605,0
357,0.013453624047073722,0.9335,0,-4.9961,0.131,0,-0.615,0.122,0.0,-0.605,0
358,0.01486606874731852,0.9334,0,-4.9961,0.132,0,-0.616,0.122,0.0,-0.605,0
359,0.01486606874731852,0.9335,0,-4.9961,0.132,0,-0.616,0.122,0.0,-0.605,0
360,0.01555634918610406,0.9334,0,-4.9961,0.133,0,-0.616,0.122,0.0,-0.605,0
361,0.013453624047073722,0.9334,0,-4.9961,0.131,0,-0.615,0.122,0.0,-0.605,0
362,0.014212670403551907,0.9334,0,-4.9962,0.131,0,-0.616,0.122,0.0,-0.605,0
363,0.012806248474865708,0.9335,0,-4.9961,0.13,0,-0.615,0.122,0.0,-0.605,0
364,0.012806248474865708,0.9334,0,-4.9962,0.13,0,-0.615,0.122,0.0,-0.605,0
365,0.01526433752247375,1.1072,0,-4.7486,0.126,0,-0.916,0.113,0.0,-0.908,0
366,0.014422205101855958,1.1072,0,-4.7487,0.125,0,-0.916,0.113,0.0,-0.908,0
367,0.015000000000000001,1.1072,0,-4.7487,0.125,0,-0.917,0.113,0.0,-0.908,0
368,0.015000000000000001,1.1071,0,-4.749,0.125,0,-0.916,0.113,0.0,-0.907,0
369,0.015000000000000001,1.1071,0,-4.7489,0.125,0,-0.916,0.113,0.0,-0.907,0
370,0.01984943324127922,1.1072,0,-4.7489,0.126,0,-0.922,0.113,0.0,-0.907,0
371,0.01984943324127922,1.1072,0,-4.7488,0.126,0,-0.922,0.113,0.0,-0.907,0
372,0.018384776310850243,1.1071,0,-4.7487,0.126,0,-0.921,0.113,0.0,-0.908,0
373,0.016124515496597103,1.1071,0,-4.749,0.127,0,-0.915,0.113,0.0,-0.907,0
374,0.018384776310850243,1.1071,0,-4.749,0.126,0,-0.92,0.113,0.0,-0.907,0
375,0.019798989873223337,1.1072,0,-4.749,0.127,0,-0.921,0.113,0.0,-0.907,0
376,0.019104973174542808,1.1072,0,-4.7491,0.126,0,-0.921,0.113,0.0,-0.907,0
377,0.01526433752247375,1.1073,0,-4.7487,0.126,0,-0.916,0.113,0.0,-0.908,0
378,0.0158113883008419,1.1071,0,-4.7493,0.126,0,-0.916,0.113,0.0,-0.907,0
379,0.019104973174542808,1.1072,0,-4.7494,0.126,0,-0.921,0.113,0.0,-0.907,0
380,0.019104973174542808,1.1072,0,-4.7494,0.126,0,-0.921,0.113,0.0,-0.907,0
381,0.01984943324127922,1.1072,0,-4.7494,0.126,0,-0.922,0.113,0.0,-0.907,0
382,0.01984943324127922,1.1072,0,-4.7494,0.126,0,-0.922,0.113,0.0,-0.907,0
383,0.01640121946685673,1.1073,0,-4.7494,0.126,0,-0.917,0.113,0.0,-0.907,0
384,0.017492855684535905,1.1073,0,-4.7495,0.127,0,-0.916,0.112,0.0,-0.907,0
385,0.019104973174542808,1.1073,0,-4.7495,0.125,0,-0.921,0.112,0.0,-0.907,0
386,0.021213203435596437,1.1073,0,-4.7496,0.127,0,-0.922,0.112,0.0,-0.907,0
387,0.0205182845286832,1.1072,0,-4.7494,0.127,0,-0.922,0.113,0.0,-0.907,0
388,0.017,1.1073,0,-4.7496,0.127,0,-0.915,0.112,0.0,-0.907,0
389,0.016124515496597103,1.1072,0,-4.7496,0.126,0,-0.915,0.112,0.0,-0.907,0
390,0.014212670403551897,1.1053,0,-4.7484,0.126,0,-0.916,0.115,0.0,-0.907,0
391,0.01486606874731852,1.0998,0,-4.7443,0.127,0,-0.921,0.122,0.0,-0.907,0
392,0.01456021977856105,1.0905,0,-4.738,0.129,0,-0.921,0.133,0.0,-0.907,0
393,0.022803508501982758,1.0797,0,-4.7308,0.128,0,-0.921,0.146,0.0,-0.907,0
394,0.02202271554554526,1.0696,0,-4.724,0.141,0,-0.921,0.158,0.0,-0.907,0
395,0.017204650534085267,1.0606,0,-4.7173,0.159,0,-0.922,0.169,0.0,-0.908,0
396,0.013601470508735456,1.0529,0,-4.7123,0.174,0,-0.921,0.178,0.0,-0.908,0
397,0.013038404810405309,1.0472,0,-4.7086,0.186,0,-0.921,0.185,0.0,-0.908,0
398,0.010000000000000009,1.0413,0,-4.7047,0.186,0,-0.916,0.192,0.0,-0.908,0
399,0.013152946437965917,1.0347,0,-4.7007,0.198,0,-0.921,0.2,0.0,-0.908,0
400,0.014317821063276366,1.0279,0,-4.6956,0.205,0,-0.922,0.208,0.0,-0.908,0
401,0.014142135623730963,1.0192,0,-4.6897,0.217,0,-0.922,0.219,0.0,-0.908,0
402,0.018384776310850254,1.0097,0,-4.6839,0.217,0,-0.921,0.23,0.0,-0.908,0
403,0.021931712199461308,1.0007,0,-4.6775,0.225,0,-0.923,0.241,0.0,-0.908,0
404,0.013038404810405309,0.9838,0,-4.6659,0.255,0,-0.92,0.262,0.0,-0.909,0
405,0.01140175425099139,0.976,0,-4.6606,0.268,0,-0.92,0.271,0.0,-0.909,0
406,0.01627882059609972,0.9683,0,-4.6552,0.268,0,-0.92,0.28,0.0,-0.909,0
407,0.015231546211727807,0.964,0,-4.6522,0.28,0,-0.923,0.286,0.0,-0.909,0
408,0.013000000000000012,0.9628,0,-4.6509,0.292,0,-0.922,0.287,0.0,-0.91,0
409,0.019313207915827982,0.9598,0,-4.6494,0.298,0,-0.927,0.291,0.0,-0.909,0
410,0.014000000000000012,0.9515,0,-4.6442,0.301,0,-0.923,0.301,0.0,-0.909,0
411,0.019798989873223347,0.9385,0,-4.6353,0.302,0,-0.923,0.316,0.0,-0.909,0
412,0.03584689665786987,0.9229,0,-4.6252,0.302,0,-0.923,0.335,0.0,-0.909,0
413,0.041109609582188913,0.9039,0,-4.6122,0.319,0,-0.922,0.358,0.0,-0.909,0
414,0.02996664812754337,0.8943,0,-4.606,0.342,0,-0.922,0.369,0.0,-0.909,0
415,0.016124515496597113,0.8918,0,-4.6035,0.375,0,-0.926,0.373,0.0,-0.91,0
416,0.016124515496597113,0.8916,0,-4.6031,0.375,0,-0.926,0.373,0.0,-0.91,0
417,0.017464249196573,0.8896,0,-4.6009,0.383,0,-0.927,0.376,0.0,-0.911,0
418,0.013038404810405309,0.8825,0,-4.596,0.386,0,-0.924,0.385,0.0,-0.911,0
419,0.014142135623730963,0.8725,0,-4.587,0.388,0,-0.923,0.398,0.0,-0.913,0
420,0.027018512172212582,0.8594,0,-4.5792,0.396,0,-0.933,0.413,0.0,-0.912,0
421,0.03605551275463988,0.8503,0,-4.5713,0.395,0,-0.934,0.425,0.0,-0.914,0
422,0.025806975801127813,0.8478,0,-4.5664,0.415,0,-0.938,0.43,0.0,-0.917,0
423,0.01860107523773829,0.8363,0,-4.5607,0.432,0,-0.93,0.443,0.0,-0.915,0
424,0.027459060435491893,0.8245,0,-4.5527,0.442,0,-0.938,0.457,0.0,-0.915,0
425,0.02860069929215009,0.8123,0,-4.5441,0.455,0,-0.939,0.472,0.0,-0.916,0
426,0.03748332962798254,0.801,0,-4.5401,0.456,0,-0.939,0.483,0.0,-0.913,0
427,0.02831960451701262,0.7939,0,-4.5319,0.473,0,-0.935,0.494,0.0,-0.916,0
428,0.0347850542618521,0.7872,0,-4.5268,0.491,0,-0.949,0.502,0.0,-0.916,0
429,0.019026297590440465,0.783,0,-4.5229,0.507,0,-0.936,0.508,0.0,-0.917,0
430,0.01811077027627485,0.7791,0,-4.5193,0.515,0,-0.936,0.513,0.0,-0.918,0
431,0.018681541692269422,0.7737,0,-4.5154,0.515,0,-0.936,0.52,0.0,-0.918,0
432,0.026248809496813293,0.7657,0,-4.5114,0.521,0,-0.942,0.529,0.0,-0.917,0
433,0.02996664812754332,0.7559,0,-4.5075,0.526,0,-0.942,0.539,0.0,-0.915,0
434,0.026019223662515287,0.7466,0,-4.5054,0.547,0,-0.938,0.548,0.0,-0.912,0
435,0.007280109889280525,0.7378,0,-4.5006,0.56,0,-0.918,0.558,0.0,-0.911,0
436,0.010440306508910454,0.7287,0,-4.4906,0.561,0,-0.917,0.571,0.0,-0.914,0
437,0.015524174696260037,0.7154,0,-4.4824,0.572,0,-0.918,0.587,0.0,-0.914,0
438,0.012649110640673528,0.705,0,-4.4759,0.587,0,-0.917,0.599,0.0,-0.913,0
439,0.010770329614269018,0.6979,0,-4.4712,0.611,0,-0.923,0.607,0.0,-0.913,0
440,0.015620499351813323,0.6922,0,-4.4674,0.626,0,-0.923,0.614,0.0,-0.913,0
441,0.006403124237432854,0.6856,0,-4.4628,0.626,0,-0.919,0.622,0.0,-0.914,0
442,0.006082762530298225,0.6778,0,-4.4578,0.633,0,-0.92,0.632,0.0,-0.914,0
443,0.010000000000000009,0.668,0,-4.4517,0.643,0,-0.923,0.643,0.0,-0.913,0
444,0.013601470508735456,0.6565,0,-4.4442,0.649,0,-0.924,0.657,0.0,-0.913,0
445,0.013038404810405309,0.6452,0,-4.4372,0.663,0,-0.924,0.67,0.0,-0.913,0
446,0.022825424421026676,0.6352,0,-4.4309,0.662,0,-0.924,0.682,0.0,-0.913,0
447,0.016643316977093193,0.626,0,-4.4248,0.684,0,-0.927,0.693,0.0,-0.913,0
448,0.017262676501632084,0.6176,0,-4.419,0.7,0,-0.93,0.703,0.0,-0.913,0
449,0.012206555615733713,0.6091,0,-4.4127,0.707,0,-0.923,0.714,0.0,-0.913,0
450,0.009848857801796113,0.6001,0,-4.4062,0.721,0,-0.923,0.725,0.0,-0.914,0
451,0.016124515496597113,0.5902,0,-4.3997,0.721,0,-0.912,0.737,0.0,-0.914,0
452,0.012649110640673528,0.5799,0,-4.3927,0.737,0,-0.918,0.749,0.0,-0.914,0
453,0.019849433241279225,0.5694,0,-4.3853,0.747,0,-0.927,0.762,0.0,-0.914,0
454,0.01486606874731852,0.5592,0,-4.3784,0.764,0,-0.925,0.774,0.0,-0.914,0
455,0.011180339887498959,0.5493,0,-4.3715,0.781,0,-0.925,0.786,0.0,-0.915,0
456,0.02545584412271573,0.5393,0,-4.3646,0.781,0,-0.933,0.799,0.0,-0.915,0
457,0.025000000000000022,0.5289,0,-4.3578,0.796,0,-0.935,0.811,0.0,-0.915,0
458,0.024186773244895616,0.5188,0,-4.3509,0.811,0,-0.936,0.823,0.0,-0.915,0
459,0.021213203435596444,0.508,0,-4.3427,0.822,0,-0.931,0.837,0.0,-0.916,0
460,0.019849433241279225,0.4961,0,-4.3345,0.838,0,-0.931,0.851,0.0,-0.916,0
461,0.03466987164671946,0.4834,0,-4.3257,0.838,0,-0.936,0.867,0.0,-0.917,0
462,0.021095023109729005,0.477,0,-4.319,0.858,0,-0.93,0.876,0.0,-0.919,0
463,0.021095023109728894,0.4707,0,-4.3169,0.88,0,-0.938,0.882,0.0,-0.917,0
464,0.02039607805437116,0.4601,0,-4.3094,0.891,0,-0.937,0.895,0.0,-0.917,0
465,0.026907248094147445,0.4466,0,-4.3011,0.893,0,-0.937,0.911,0.0,-0.917,0
466,0.042190046219457954,0.4296,0,-4.2913,0.894,0,-0.938,0.93,0.0,-0.916,0
467,0.04134005321718872,0.4117,0,-4.2808,0.916,0,-0.937,0.951,0.0,-0.915,0
468,0.03894868418830093,0.3944,0,-4.2679,0.939,0,-0.935,0.973,0.0,-0.916,0
469,0.02247220505424425,0.3813,0,-4.2586,0.968,0,-0.924,0.989,0.0,-0.916,0
470,0.035693136595149416,0.37,0,-4.2505,0.968,0,-0.924,1.003,0.0,-0.917,0
471,0.019849433241279142,0.3632,0,-4.2423,0.998,0,-0.933,1.013,0.0,-0.92,0
472,0.010000000000000009,0.359,0,-4.2371,1.011,0,-0.928,1.019,0.0,-0.922,0
473,0.012999999999999968,0.3505,0,-4.2294,1.026,0,-0.936,1.031,0.0,-0.924,0
474,0.0268328157299974,0.3297,0,-4.2246,1.039,0,-0.94,1.051,0.0,-0.916,0
475,0.04280186911806536,0.3118,0,-4.2139,1.037,0,-0.941,1.071,0.0,-0.915,0
476,0.05047771785649589,0.294,0,-4.2097,1.047,0,-0.937,1.089,0.0,-0.909,1
477,0.02996664812754332,0.2827,0,-4.1934,1.08,0,-0.929,1.107,0.0,-0.916,0
478,0.042201895692018265,0.2685,0,-4.1857,1.098,0,-0.949,1.123,0.0,-0.915,0
479,0.025495097567963927,0.2596,0,-4.1831,1.127,0,-0.937,1.132,0.0,-0.912,0
480,0.025079872407968926,0.2571,0,-4.1794,1.126,0,-0.937,1.136,0.0,-0.914,0
481,0.014866068747318556,0.252,0,-4.1751,1.138,0,-0.929,1.143,0.0,-0.915,0
482,0.017888543819998336,0.2404,0,-4.167,1.149,0,-0.931,1.157,0.0,-0.915,0
483,0.027586228448267545,0.2278,0,-4.1566,1.154,0,-0.937,1.173,0.0,-0.917,0
484,0.02817800560721067,0.2117,0,-4.1431,1.169,0,-0.932,1.194,0.0,-0.919,0
485,0.04632493928760181,0.1955,0,-4.1308,1.169,0,-0.932,1.214,0.0,-0.921,0
486,0.04295346318982915,0.1811,0,-4.1186,1.194,0,-0.941,1.233,0.0,-0.923,0
487,0.03899999999999999,0.169,0,-4.1102,1.212,0,-0.938,1.248,0.0,-0.923,0
488,0.03397057550292593,0.159,0,-4.1022,1.237,0,-0.949,1.26,0.0,-0.924,0
489,0.024186773244895574,0.1503,0,-4.0977,1.258,0,-0.944,1.27,0.0,-0.923,0
490,0.027294688127912234,0.1481,0,-4.0997,1.258,0,-0.944,1.271,0.0,-0.92,0
491,0.03601388621073813,0.1447,0,-4.102,1.272,0,-0.953,1.273,0.0,-0.917,0
492,0.03769615364994146,0.1359,0,-4.096,1.269,0,-0.952,1.283,0.0,-0.917,0
493,0.047507894080878896,0.1063,0,-4.0601,1.287,0,-0.954,1.328,0.0,-0.93,0
494,0.05502726596879043,0.0732,0,-4.0304,1.32,0,-0.955,1.372,0.0,-0.937,1
495,0.04664761515876226,0.062,0,-4.0222,1.346,0,-0.962,1.386,0.0,-0.938,0
496,0.03330165161069337,0.0536,0,-4.0155,1.371,0,-0.96,1.396,0.0,-0.938,0
497,0.030413812651491203,0.0458,0,-4.0085,1.386,0,-0.962,1.407,0.0,-0.94,0
498,0.037735924528226446,0.0366,0,-4.0012,1.386,0,-0.961,1.418,0.0,-0.941,0
499,0.038288379438153254,0.0256,0,-3.9925,1.407,0,-0.971,1.432,0.0,-0.942,0
500,0.04465422712353216,0.0118,0,-3.982,1.413,0,-0.968,1.45,0.0,-0.943,0
501,0.04891829923454016,-0.0056,0,-3.9736,1.432,0,-0.973,1.469,0.0,-0.941,0
502,0.039597979746446695,-0.0196,0,-3.9651,1.457,0,-0.968,1.485,0.0,-0.94,0
503,0.048548944375753376,-0.0295,0,-3.9559,1.457,0,-0.968,1.498,0.0,-0.942,0
504,0.04701063709417259,-0.038,0,-3.9469,1.473,0,-0.974,1.51,0.0,-0.945,0
505,0.03360059523282283,-0.0461,0,-3.938,1.495,0,-0.968,1.522,0.0,-0.948,0
506,0.04172529209005024,-0.0574,0,-3.9296,1.507,0,-0.979,1.536,0.0,-0.949,0
507,0.040311288741492785,-0.0682,0,-3.9213,1.522,0,-0.979,1.55,0.0,-0.95,0
508,0.05243090691567327,-0.0801,0,-3.9116,1.522,0,-0.981,1.565,0.0,-0.951,1
509,0.045793012567421375,-0.2893,0,-3.7475,1.791,0,-0.997,1.83,0.0,-0.973,0
510,0.042941821107167814,-0.423,0,-3.6516,1.956,0,-0.999,1.994,0.0,-0.979,0
511,0.05220153254455249,-0.4485,0,-3.6332,1.977,0,-0.999,2.026,0.0,-0.981,1
512,0.049648766349225486,-0.461,0,-3.6242,1.997,0,-1.004,2.041,0.0,-0.981,0
513,0.04428317965096905,-0.4735,0,-3.6155,2.017,0,-1.001,2.057,0.0,-0.982,0
514,0.038948684188301066,-0.4855,0,-3.6067,2.037,0,-1.001,2.071,0.0,-0.982,0
515,0.05314132102234591,-0.498,0,-3.5978,2.037,0,-1.001,2.087,0.0,-0.983,1
516,0.07410802925459557,-1.8391,0,-2.6654,3.724,0,-0.947,3.72,0.0,-1.021,1
517,0.07406078584514203,-1.829,0,-2.6725,3.704,0,-0.947,3.707,0.0,-1.021,1
518,0.012806248474865708,-1.8203,0,-2.6798,3.704,0,-1.01,3.696,0.0,-1.02,0
519,0.025495097567963698,-0.441,0,-3.67,2.018,0,-0.971,1.999,0.0,-0.954,0
520,0.02475883680627999,-0.4135,0,-3.6887,1.983,0,-0.972,1.966,0.0,-0.954,0
521,0.02662705391138872,-0.2593,0,-3.7935,1.802,0,-0.966,1.78,0.0,-0.951,0
522,0.021213203435596524,-0.2484,0,-3.8007,1.782,0,-0.966,1.767,0.0,-0.951,0
523,0.02459674775249771,-0.2153,0,-3.82,1.75,0,-0.964,1.728,0.0,-0.953,0
524,0.023323807579381222,-0.2039,0,-3.826,1.736,0,-0.967,1.716,0.0,-0.955,0
525,0.020615528128088322,-0.1936,0,-3.8337,1.719,0,-0.967,1.703,0.0,-0.954,0
526,0.028425340807103815,-0.0975,0,-3.9052,1.601,0,-0.969,1.583,0.0,-0.947,0
527,0.026000000000000023,-0.0848,0,-3.918,1.575,0,-0.968,1.565,0.0,-0.944,0
528,0.02915475947422647,-0.0785,0,-3.9259,1.571,0,-0.965,1.556,0.0,-0.94,0
529,0.029154759474226584,0.0033,0,-4.0349,1.443,0,-0.92,1.428,0.0,-0.895,0
530,0.026172504656604825,0.0742,0,-4.1068,1.355,0,-0.877,1.329,0.0,-0.874,0
531,0.020615528128088322,0.075,0,-4.1085,1.347,0,-0.878,1.327,0.0,-0.873,0
532,0.008544003745317538,0.0764,0,-4.1097,1.333,0,-0.875,1.325,0.0,-0.872,0
533,0.026419689627245783,0.0804,0,-4.1131,1.333,0,-0.895,1.32,0.0,-0.872,0
534,0.024413111231467426,0.186,0,-4.1746,1.218,0,-0.893,1.198,0.0,-0.879,0
535,0.02758622844826747,0.1859,0,-4.174,1.218,0,-0.898,1.198,0.0,-0.879,0
536,0.015132745950421569,0.1857,0,-4.1733,1.201,0,-0.895,1.199,0.0,-0.88,0
537,0.006324555320336764,0.1868,0,-4.1738,1.2,0,-0.886,1.198,0.0,-0.88,0
538,0.015524174696260145,0.1905,0,-4.1749,1.209,0,-0.885,1.194,0.0,-0.881,0
539,0.027018512172212506,0.1962,0,-4.1789,1.214,0,-0.88,1.187,0.0,-0.881,0
540,0.023345235059857417,0.2794,0,-4.2285,1.113,0,-0.889,1.09,0.0,-0.885,0
541,0.032249030993194226,0.2799,0,-4.2287,1.106,0,-0.913,1.09,0.0,-0.885,0
542,0.03275667870831837,0.2815,0,-4.2296,1.105,0,-0.913,1.088,0.0,-0.885,0
543,0.031016124838541784,0.3587,0,-4.2628,1.036,0,-0.901,1.005,0.0,-0.9,0
544,0.030805843601498645,0.3838,0,-4.2843,1.003,0,-0.903,0.973,0.0,-0.896,0
545,0.024166091947189168,0.3912,0,-4.2908,0.985,0,-0.905,0.963,0.0,-0.895,0
546,0.017204650534085267,0.3953,0,-4.2938,0.972,0,-0.905,0.958,0.0,-0.895,0
547,0.019723082923316038,0.3967,0,-4.2948,0.973,0,-0.905,0.956,0.0,-0.895,0
548,0.012041594578792307,0.3976,0,-4.2957,0.963,0,-0.903,0.955,0.0,-0.894,0
549,0.01486606874731852,0.4008,0,-4.2996,0.964,0,-0.898,0.95,0.0,-0.893,0
550,0.02418677324489567,0.4086,0,-4.3077,0.96,0,-0.902,0.939,0.0,-0.89,0
551,0.02247220505424425,0.4797,0,-4.3473,0.879,0,-0.905,0.858,0.0,-0.897,0
552,0.02193171219946133,0.487,0,-4.3527,0.869,0,-0.905,0.849,0.0,-0.896,0
553,0.0291204395571221,0.4933,0,-4.3573,0.869,0,-0.904,0.841,0.0,-0.896,0
554,0.024166091947189168,0.4995,0,-4.3621,0.855,0,-0.905,0.833,0.0,-0.895,0
555,0.029120439557121992,0.5213,0,-4.3774,0.835,0,-0.902,0.807,0.0,-0.894,0
556,0.03125699921617559,0.5669,0,-4.4072,0.783,0,-0.899,0.752,0.0,-0.895,0
557,0.029274562336608922,0.5758,0,-4.4132,0.77,0,-0.899,0.741,0.0,-0.895,0
558,0.030016662039607296,0.5933,0,-4.4261,0.75,0,-0.894,0.72,0.0,-0.893,0
559,0.03201562118716427,0.6019,0,-4.4317,0.74,0,-0.885,0.709,0.0,-0.893,0
560,0.02846049894151544,0.6109,0,-4.4375,0.726,0,-0.885,0.699,0.0,-0.894,0
561,0.02299999999999991,0.6209,0,-4.444,0.71,0,-0.894,0.687,0.0,-0.894,0
562,0.031575306807693916,0.6506,0,-4.4629,0.683,0,-0.9,0.652,0.0,-0.894,0
563,0.02647640458974748,0.6596,0,-4.4691,0.667,0,-0.899,0.641,0.0,-0.894,0
564,0.027459060435491987,0.6683,0,-4.475,0.657,0,-0.899,0.63,0.0,-0.894,0
565,0.03140063693621519,0.6937,0,-4.4927,0.63,0,-0.898,0.599,0.0,-0.893,0
566,0.028000000000000025,0.7119,0,-4.5045,0.605,0,-0.893,0.577,0.0,-0.893,0
567,0.027018512172212617,0.7166,0,-4.5108,0.597,0,-0.89,0.57,0.0,-0.891,0
568,0.027459060435491987,0.7165,0,-4.5107,0.597,0,-0.896,0.57,0.0,-0.891,0
569,0.015000000000000012,0.715,0,-4.5131,0.582,0,-0.897,0.57,0.0,-0.888,0
570,0.016124515496597113,0.7131,0,-4.518,0.577,0,-0.897,0.569,0.0,-0.883,0
571,0.02469817807045696,0.716,0,-4.5252,0.576,0,-0.899,0.563,0.0,-0.878,0
572,0.024166091947189168,0.7961,0,-4.5662,0.495,0,-0.898,0.473,0.0,-0.888,0
573,0.026925824035672494,0.8042,0,-4.5725,0.488,0,-0.898,0.463,0.0,-0.888,0
574,0.026019223662515398,0.8448,0,-4.6012,0.439,0,-0.885,0.413,0.0,-0.886,0
575,0.01100000000000001,0.8442,0,-4.6011,0.425,0,-0.886,0.414,0.0,-0.886,0
576,0.01104536101718727,0.8442,0,-4.601,0.425,0,-0.885,0.414,0.0,-0.886,0
577,0.011180339887498959,0.8457,0,-4.6005,0.424,0,-0.885,0.413,0.0,-0.887,0
578,0.017720045146669368,0.8483,0,-4.6008,0.428,0,-0.883,0.411,0.0,-0.888,0
579,0.0390128184062623,0.977,0,-4.6169,0.255,0,-0.947,0.294,0.0,-0.946,0
580,0.022671568097509212,0.9767,0,-4.6163,0.312,0,-0.931,0.295,0.0,-0.946,0
581,0.026925824035672487,0.9768,0,-4.6167,0.318,0,-0.932,0.295,0.0,-0.946,0
582,0.01969771560359218,0.976,0,-4.6166,0.313,0,-0.937,0.295,0.0,-0.945,0
583,0.004472135954999584,0.9768,0,-4.6162,0.293,0,-0.95,0.295,0.0,-0.946,0
584,0.0040000000000000036,0.9768,0,-4.6158,0.295,0,-0.943,0.295,0.0,-0.947,0
585,0.019416487838947616,0.9767,0,-4.6158,0.314,0,-0.943,0.295,0.0,-0.947,0
586,0.017262676501632084,0.9768,0,-4.6159,0.312,0,-0.943,0.295,0.0,-0.946,0
587,0.020248456731316544,0.9767,0,-4.6153,0.312,0,-0.936,0.295,0.0,-0.947,0
588,0.01843908891458579,0.9767,0,-4.6156,0.313,0,-0.943,0.295,0.0,-0.947,0
589,0.017720045146669368,0.977,0,-4.6156,0.312,0,-0.942,0.295,0.0,-0.947,0
590,0.021095023109728946,0.981,0,-4.6164,0.309,0,-0.937,0.291,0.0,-0.948,0
591,0.01878829422805593,1.0862,0,-4.6777,0.187,0,-0.947,0.17,0.0,-0.955,0
592,0.013928388277184131,1.0839,0,-4.6764,0.185,0,-0.95,0.172,0.0,-0.955,0
593,0.012083045973594584,1.0824,0,-4.6758,0.185,0,-0.95,0.174,0.0,-0.955,0
594,0.01555634918610406,1.0822,0,-4.6754,0.185,0,-0.944,0.174,0.0,-0.955,0
595,0.014317821063276366,1.0822,0,-4.6756,0.187,0,-0.949,0.174,0.0,-0.955,0
596,0.016552945357246864,1.0821,0,-4.6756,0.189,0,-0.948,0.174,0.0,-0.955,0
597,0.019723082923316038,1.0822,0,-4.6756,0.191,0,-0.945,0.174,0.0,-0.955,0
598,0.017204650534085267,1.0822,0,-4.6757,0.188,0,-0.945,0.174,0.0,-0.955,0
599,0.016124515496597113,1.0822,0,-4.6757,0.188,0,-0.947,0.174,0.0,-0.955,0
600,0.020248456731316606,1.0823,0,-4.6758,0.191,0,-0.944,0.174,0.0,-0.955,0
601,0.018027756377319962,1.0823,0,-4.6758,0.189,0,-0.945,0.174,0.0,-0.955,0
602,0.018867962264113223,1.0822,0,-4.676,0.19,0,-0.944,0.174,0.0,-0.954,0
603,0.01780449381476487,1.0823,0,-4.6759,0.188,0,-0.944,0.174,0.0,-0.955,0
604,0.014764823060233414,1.0823,0,-4.6759,0.187,0,-0.948,0.174,0.0,-0.955,0
605,0.017204650534085267,1.0822,0,-4.6762,0.188,0,-0.944,0.174,0.0,-0.954,0
606,0.01581138830084191,1.0822,0,-4.676,0.189,0,-0.949,0.174,0.0,-0.954,0
607,0.018867962264113223,1.0823,0,-4.6759,0.19,0,-0.945,0.174,0.0,-0.955,0
608,0.018867962264113223,1.0823,0,-4.676,0.19,0,-0.945,0.174,0.0,-0.955,0
609,0.016763054614240228,1.0821,0,-4.6759,0.19,0,-0.949,0.174,0.0,-0.954,0
610,0.018357559750685835,1.0823,0,-4.6761,0.19,0,-0.945,0.174,0.0,-0.954,0
611,0.01923538406167136,1.0823,0,-4.6761,0.191,0,-0.945,0.174,0.0,-0.954,0
612,0.018357559750685835,1.0824,0,-4.6761,0.19,0,-0.945,0.174,0.0,-0.954,0
613,0.016643316977093252,1.0823,0,-4.6762,0.188,0,-0.945,0.174,0.0,-0.954,0
614,0.01486606874731852,1.0823,0,-4.6763,0.188,0,-0.949,0.174,0.0,-0.954,0
615,0.016155494421403526,1.0823,0,-4.6762,0.189,0,-0.948,0.174,0.0,-0.954,0
616,0.018357559750685835,1.0824,0,-4.6763,0.19,0,-0.945,0.174,0.0,-0.954,0
617,0.01523154621172783,1.0823,0,-4.6764,0.188,0,-0.948,0.174,0.0,-0.954,0
618,0.016155494421403526,1.0823,0,-4.6766,0.189,0,-0.948,0.174,0.0,-0.954,0
619,0.01581138830084191,1.0824,0,-4.6763,0.189,0,-0.949,0.174,0.0,-0.954,0
620,0.018027756377319962,1.0823,0,-4.6766,0.189,0,-0.944,0.174,0.0,-0.954,0
621,0.018867962264113223,1.0824,0,-4.6765,0.189,0,-0.944,0.173,0.0,-0.954,0
622,0.018027756377319962,1.0824,0,-4.6764,0.189,0,-0.944,0.174,0.0,-0.954,0
623,0.018867962264113223,1.0825,0,-4.6766,0.189,0,-0.944,0.173,0.0,-0.954,0
624,0.018357559750685835,1.0824,0,-4.6767,0.189,0,-0.945,0.173,0.0,-0.954,0
625,0.016155494421403526,1.0824,0,-4.6767,0.188,0,-0.948,0.173,0.0,-0.954,0
626,0.018973665961010293,1.0824,0,-4.6766,0.191,0,-0.948,0.173,0.0,-0.954,0
627,0.018357559750685835,1.0825,0,-4.6768,0.189,0,-0.945,0.173,0.0,-0.954,0
628,0.018357559750685835,1.0824,0,-4.6768,0.189,0,-0.945,0.173,0.0,-0.954,0
629,0.017088007490635077,1.0825,0,-4.677,0.189,0,-0.948,0.173,0.0,-0.954,0
630,0.017088007490635077,1.0824,0,-4.6765,0.189,0,-0.948,0.173,0.0,-0.954,0
631,0.01649242250247066,1.0824,0,-4.6769,0.189,0,-0.95,0.173,0.0,-0.954,0
632,0.018357559750685835,1.0825,0,-4.6769,0.189,0,-0.945,0.173,0.0,-0.954,0
633,0.01923538406167136,1.0824,0,-4.677,0.19,0,-0.945,0.173,0.0,-0.954,0
634,0.01923538406167136,1.0825,0,-4.677,0.19,0,-0.945,0.173,0.0,-0.954,0
635,0.018357559750685835,1.0825,0,-4.6771,0.189,0,-0.945,0.173,0.0,-0.954,0
636,0.018357559750685835,1.0824,0,-4.6772,0.189,0,-0.945,0.173,0.0,-0.954,0
637,0.017492855684535916,1.0825,0,-4.6771,0.188,0,-0.945,0.173,0.0,-0.954,0
638,0.017492855684535916,1.0826,0,-4.6772,0.188,0,-0.945,0.173,0.0,-0.954,0
639,0.016155494421403526,1.0826,0,-4.6772,0.188,0,-0.948,0.173,0.0,-0.954,0
640,0.018027756377319962,1.0824,0,-4.677,0.188,0,-0.944,0.173,0.0,-0.954,0
641,0.017492855684535916,1.0824,0,-4.6769,0.188,0,-0.945,0.173,0.0,-0.954,0
642,0.0020000000000000018,1.0826,0,-4.6775,0.175,0,-0.953,0.173,0.0,-0.953,0
643,0.002236067977499792,1.0825,0,-4.6773,0.175,0,-0.953,0.173,0.0,-0.954,0
644,0.004472135954999584,1.0825,0,-4.6774,0.175,0,-0.957,0.173,0.0,-0.953,0
645,0.005385164807134509,1.0826,0,-4.6775,0.175,0,-0.958,0.173,0.0,-0.953,0
646,0.0040000000000000036,1.0826,0,-4.6775,0.173,0,-0.957,0.173,0.0,-0.953,0
647,0.002236067977499792,1.0826,0,-4.6776,0.175,0,-0.954,0.173,0.0,-0.953,0
648,0.0014142135623730963,1.0826,0,-4.6775,0.174,0,-0.954,0.173,0.0,-0.953,0
649,0.00509901951359279,1.0826,0,-4.6776,0.174,0,-0.958,0.173,0.0,-0.953,0
650,0.0030000000000000027,1.0826,0,-4.6775,0.176,0,-0.953,0.173,0.0,-0.953,0
651,0.0036055512754639926,1.0826,0,-4.6775,0.176,0,-0.955,0.173,0.0,-0.953,0
652,0.002236067977499792,1.0826,0,-4.6776,0.175,0,-0.954,0.173,0.0,-0.953,0
653,0.002236067977499792,1.0826,0,-4.6776,0.175,0,-0.954,0.173,0.0,-0.953,0
654,0.002236067977499792,1.0826,0,-4.6778,0.175,0,-0.954,0.173,0.0,-0.953,0
655,0.004472135954999584,1.0826,0,-4.6777,0.175,0,-0.957,0.173,0.0,-0.953,0
656,0.0020000000000000018,1.0826,0,-4.6777,0.175,0,-0.953,0.173,0.0,-0.953,0
657,0.005385164807134509,1.0827,0,-4.6776,0.175,0,-0.958,0.173,0.0,-0.953,0
658,0.006403124237432854,1.0827,0,-4.6777,0.177,0,-0.958,0.173,0.0,-0.953,0
659,0.004123105625617665,1.0826,0,-4.6777,0.177,0,-0.954,0.173,0.0,-0.953,0
660,0.0010000000000000009,1.0827,0,-4.6776,0.174,0,-0.953,0.173,0.0,-0.953,0
661,0.004123105625617665,1.0827,0,-4.6778,0.174,0,-0.957,0.173,0.0,-0.953,0
662,0.0050000000000000044,1.0826,0,-4.6776,0.176,0,-0.957,0.173,0.0,-0.953,0
663,0.004472135954999584,1.0826,0,-4.6778,0.175,0,-0.957,0.173,0.0,-0.953,0
664,0.004472135954999584,1.0821,0,-4.6775,0.175,0,-0.957,0.173,0.0,-0.953,0
665,0.007211102550927985,1.0763,0,-4.674,0.174,0,-0.957,0.18,0.0,-0.953,0
666,0.020223748416156703,1.0622,0,-4.6658,0.176,0,-0.955,0.196,0.0,-0.952,0
667,0.03649657518178932,1.0427,0,-4.6537,0.183,0,-0.957,0.219,0.0,-0.951,0
668,0.04356604182158391,1.0206,0,-4.6409,0.202,0,-0.957,0.245,0.0,-0.95,0
669,0.056568542494923775,0.9812,0,-4.6185,0.234,0,-0.955,0.29,0.0,-0.947,1
670,0.03301514803843833,0.9742,0,-4.6141,0.265,0,-0.948,0.298,0.0,-0.947,0
671,0.039051248379533304,0.9393,0,-4.5912,0.301,0,-0.948,0.34,0.0,-0.946,0
672,0.05742821606144491,0.9139,0,-4.5767,0.312,0,-0.952,0.369,0.0,-0.945,1
673,0.05703507692639679,0.8947,0,-4.5638,0.335,0,-0.947,0.392,0.0,-0.945,1
674,0.037656340767525415,0.8788,0,-4.5545,0.374,0,-0.937,0.411,0.0,-0.944,0
675,0.02499999999999994,0.8669,0,-4.5466,0.401,0,-0.937,0.425,0.0,-0.944,0
676,0.03911521443121587,0.8532,0,-4.5391,0.401,0,-0.945,0.44,0.0,-0.942,0
677,0.030594117081556738,0.8407,0,-4.5295,0.426,0,-0.95,0.456,0.0,-0.944,0
678,0.03313608305156176,0.8244,0,-4.5192,0.442,0,-0.94,0.475,0.0,-0.943,0
679,0.03395585369269926,0.8093,0,-4.5089,0.461,0,-0.951,0.494,0.0,-0.943,0
680,0.031048349392520075,0.7891,0,-4.4966,0.487,0,-0.951,0.517,0.0,-0.943,0
681,0.05162363799656128,0.7712,0,-4.4865,0.487,0,-0.949,0.538,0.0,-0.941,1
682,0.04200000000000004,0.7579,0,-4.478,0.512,0,-0.941,0.554,0.0,-0.941,0
683,0.025709920264364795,0.7458,0,-4.4711,0.543,0,-0.946,0.568,0.0,-0.94,0
684,0.015524174696260037,0.7353,0,-4.4628,0.566,0,-0.945,0.581,0.0,-0.941,0
685,0.022360679774997918,0.7202,0,-4.4533,0.577,0,-0.945,0.599,0.0,-0.941,0
686,0.04104875150354762,0.7041,0,-4.443,0.577,0,-0.938,0.618,0.0,-0.94,0
687,0.040049968789001605,0.6873,0,-4.4328,0.597,0,-0.942,0.637,0.0,-0.94,0
688,0.0352278299076171,0.6709,0,-4.4226,0.622,0,-0.943,0.657,0.0,-0.939,0
689,0.02942787793912435,0.6549,0,-4.4136,0.646,0,-0.943,0.675,0.0,-0.938,0
690,0.019924858845171152,0.64,0,-4.405,0.673,0,-0.943,0.692,0.0,-0.937,0
691,0.03601388621073813,0.6256,0,-4.3958,0.673,0,-0.936,0.709,0.0,-0.937,0
692,0.03622154055254968,0.611,0,-4.3868,0.69,0,-0.94,0.726,0.0,-0.936,0
693,0.03492849839314597,0.5732,0,-4.3632,0.737,0,-0.943,0.771,0.0,-0.935,0
694,0.031622776601683784,0.5576,0,-4.3537,0.759,0,-0.944,0.789,0.0,-0.934,0
695,0.026925824035672515,0.5426,0,-4.3449,0.781,0,-0.94,0.807,0.0,-0.933,0
696,0.024041630560342496,0.5278,0,-4.3358,0.801,0,-0.94,0.824,0.0,-0.933,0
697,0.04143669871020123,0.5129,0,-4.3263,0.801,0,-0.938,0.842,0.0,-0.932,0
698,0.0333766385365573,0.497,0,-4.3165,0.827,0,-0.937,0.86,0.0,-0.932,0
699,0.0354400902933387,0.4815,0,-4.3076,0.844,0,-0.941,0.878,0.0,-0.931,0
700,0.021189620100417073,0.4727,0,-4.301,0.869,0,-0.938,0.889,0.0,-0.931,0
701,0.011313708498984693,0.4622,0,-4.2951,0.893,0,-0.938,0.901,0.0,-0.93,0
702,0.028301943396169777,0.4481,0,-4.2872,0.893,0,-0.944,0.917,0.0,-0.929,0
703,0.03613862199918523,0.4296,0,-4.2783,0.903,0,-0.935,0.938,0.0,-0.926,0
704,0.045354161881794176,0.4074,0,-4.2629,0.921,0,-0.938,0.965,0.0,-0.927,0
705,0.04651881339845202,0.3875,0,-4.2524,0.945,0,-0.945,0.987,0.0,-0.925,0
706,0.044721359549995725,0.3576,0,-4.2317,0.979,0,-0.934,1.023,0.0,-0.926,0
707,0.03228002478313787,0.3488,0,-4.224,1.004,0,-0.936,1.035,0.0,-0.927,0
708,0.032649655434629055,0.3325,0,-4.2212,1.025,0,-0.942,1.05,0.0,-0.921,0
709,0.03966106403010376,0.3161,0,-4.2116,1.036,0,-0.942,1.069,0.0,-0.92,0
710,0.05502726596879047,0.2808,0,-4.1944,1.056,0,-0.932,1.108,0.0,-0.914,1
711,0.04976946855251726,0.2624,0,-4.18,1.085,0,-0.935,1.131,0.0,-0.916,0
712,0.03289376840679698,0.25,0,-4.176,1.113,0,-0.924,1.144,0.0,-0.913,0
713,0.01838477631085033,0.2425,0,-4.1713,1.14,0,-0.926,1.153,0.0,-0.913,0
714,0.02353720459187955,0.2353,0,-4.1624,1.141,0,-0.921,1.164,0.0,-0.916,0
715,0.0270739727413619,0.2218,0,-4.1515,1.154,0,-0.916,1.181,0.0,-0.918,0
716,0.03640054944640273,0.2053,0,-4.1392,1.166,0,-0.929,1.201,0.0,-0.919,0
717,0.04464302857109958,0.1877,0,-4.1267,1.18,0,-0.932,1.223,0.0,-0.92,0
718,0.035440090293338736,0.1705,0,-4.1134,1.211,0,-0.931,1.245,0.0,-0.921,0
719,0.05208646657242172,0.155,0,-4.1021,1.212,0,-0.925,1.264,0.0,-0.922,1
720,0.04080441152620626,0.1421,0,-4.0963,1.239,0,-0.932,1.278,0.0,-0.92,0
721,0.020248456731316665,0.1351,0,-4.0995,1.271,0,-0.93,1.282,0.0,-0.913,0
722,0.017088007490635077,0.1256,0,-4.0928,1.288,0,-0.93,1.294,0.0,-0.914,0
723,0.027892651361962624,0.1124,0,-4.0735,1.288,0,-0.929,1.315,0.0,-0.922,0
724,0.05679788728465161,0.0983,0,-4.0554,1.286,0,-0.955,1.337,0.0,-0.93,1
725,0.050249378105604495,0.079,0,-4.0423,1.31,0,-0.935,1.36,0.0,-0.93,1
726,0.05336665625650536,0.0604,0,-4.0289,1.331,0,-0.943,1.383,0.0,-0.931,1
727,0.043657759905886044,0.0437,0,-4.0172,1.363,0,-0.947,1.404,0.0,-0.932,0
728,0.03996248240537615,0.0262,0,-4.0095,1.388,0,-0.949,1.422,0.0,-0.928,0
729,0.05015974481593781,0.0173,0,-4.0019,1.388,0,-0.95,1.434,0.0,-0.93,1
730,0.0269258240356724,0.0108,0,-3.9939,1.419,0,-0.943,1.444,0.0,-0.933,0
731,0.021540659228537994,-0.0004,0,-3.9877,1.437,0,-0.94,1.457,0.0,-0.932,0
732,0.02720294101747088,-0.0114,0,-3.9797,1.444,0,-0.941,1.47,0.0,-0.933,0
733,0.0284604989415153,-0.0244,0,-3.9703,1.459,0,-0.942,1.486,0.0,-0.933,0
734,0.045891175622334975,-0.0391,0,-3.9608,1.459,0,-0.942,1.504,0.0,-0.933,0
735,0.0449221548904323,-0.0535,0,-3.9508,1.478,0,-0.946,1.521,0.0,-0.933,0
736,0.04368065933568291,-0.0685,0,-3.9418,1.497,0,-0.945,1.539,0.0,-0.933,0
737,0.03966106403010395,-0.0858,0,-3.9367,1.523,0,-0.949,1.556,0.0,-0.927,0
738,0.023600847442411938,-0.0985,0,-3.924,1.555,0,-0.945,1.574,0.0,-0.931,0
739,0.022360679774997918,-0.1069,0,-3.9154,1.563,0,-0.93,1.585,0.0,-0.934,0
740,0.02088061301782112,-0.117,0,-3.9051,1.579,0,-0.931,1.599,0.0,-0.937,0
741,0.015000000000000124,-0.1287,0,-3.8962,1.599,0,-0.938,1.614,0.0,-0.938,0
742,0.03162277660168382,-0.1449,0,-3.8825,1.605,0,-0.95,1.635,0.0,-0.94,0
743,0.030265491900843138,-0.1617,0,-3.8682,1.627,0,-0.947,1.657,0.0,-0.943,0
744,0.05008991914547282,-0.1778,0,-3.8539,1.628,0,-0.943,1.678,0.0,-0.946,1
745,0.03931920650267515,-0.1922,0,-3.8415,1.658,0,-0.953,1.697,0.0,-0.948,0
746,0.03178049716414132,-0.2052,0,-3.8301,1.683,0,-0.957,1.714,0.0,-0.95,0
747,0.023021728866442586,-0.2173,0,-3.8196,1.707,0,-0.954,1.73,0.0,-0.953,0
748,0.02501999200639352,-0.2293,0,-3.8084,1.721,0,-0.954,1.746,0.0,-0.955,0
749,0.042011903075200044,-0.2424,0,-3.7967,1.722,0,-0.959,1.764,0.0,-0.958,0
750,0.034014702703389924,-0.256,0,-3.7844,1.748,0,-0.962,1.782,0.0,-0.961,0
751,0.04060788100849394,-0.27,0,-3.7716,1.761,0,-0.971,1.801,0.0,-0.964,0
752,0.035735136770411305,-0.2839,0,-3.7597,1.785,0,-0.977,1.819,0.0,-0.966,0
753,0.046141087980237354,-0.2993,0,-3.749,1.798,0,-0.989,1.838,0.0,-0.966,0
754,0.03981205847478869,-0.3412,0,-3.7182,1.851,0,-0.977,1.89,0.0,-0.969,0
755,0.039560080889705,-0.3552,0,-3.7072,1.869,0,-0.981,1.907,0.0,-0.97,0
756,0.03275667870831843,-0.3694,0,-3.6958,1.893,0,-0.979,1.925,0.0,-0.972,0
757,0.049254441424099155,-0.3835,0,-3.6845,1.894,0,-0.979,1.943,0.0,-0.974,0
758,0.046270941205037136,-0.3979,0,-3.6732,1.916,0,-0.98,1.962,0.0,-0.975,0
759,0.04429446918069995,-0.4448,0,-3.6428,1.979,0,-0.996,2.018,0.0,-0.975,0
760,0.05124451190127577,-0.474,0,-3.6218,2.004,0,-0.991,2.053,0.0,-0.976,1
761,0.048083261120685485,-0.4889,0,-3.6124,2.025,0,-0.99,2.071,0.0,-0.976,0
762,0.0480208288141722,-0.5049,0,-3.6069,2.046,0,-0.996,2.087,0.0,-0.971,0
763,0.035805027579936255,-0.5231,0,-3.6017,2.077,0,-0.987,2.106,0.0,-0.966,0
764,0.04535416188179431,-0.5398,0,-3.594,2.08,0,-0.974,2.124,0.0,-0.963,0
765,0.05154609587543943,-0.5568,0,-3.5856,2.093,0,-0.977,2.142,0.0,-0.961,1
766,0.047927027865287075,-0.5889,0,-3.5695,2.134,0,-0.975,2.178,0.0,-0.956,0
767,0.04346262762420109,-0.6616,0,-3.5231,2.224,0,-0.972,2.264,0.0,-0.955,0
768,0.04664761515876206,-0.6821,0,-3.5115,2.248,0,-0.977,2.288,0.0,-0.953,0
769,0.045221676218379775,-0.7116,0,-3.4905,2.281,0,-0.969,2.324,0.0,-0.955,0
770,0.04464302857109915,-0.7283,0,-3.4795,2.301,0,-0.967,2.344,0.0,-0.955,0
771,0.030805843601498885,-0.8426,0,-3.3873,2.472,0,-0.994,2.49,0.0,-0.969,0
772,0.030528675044947523,-0.8506,0,-3.3811,2.484,0,-0.995,2.5,0.0,-0.969,0
773,0.031016124838541645,0.9675,0,-4.8101,0.225,0,-0.79,0.196,0.0,-0.779,0
774,0.022022715545545236,0.967,0,-4.8095,0.213,0,-0.794,0.196,0.0,-0.78,0
775,0.017691806012954128,0.9669,0,-4.8094,0.21,0,-0.792,0.197,0.0,-0.78,0
776,0.01843908891458577,0.9669,0,-4.8094,0.211,0,-0.792,0.197,0.0,-0.78,0
777,0.017204650534085247,0.9669,0,-4.8094,0.211,0,-0.79,0.197,0.0,-0.78,0
778,0.019104973174542798,0.967,0,-4.8093,0.211,0,-0.793,0.197,0.0,-0.78,0
779,0.019416487838947595,0.9669,0,-4.8091,0.213,0,-0.791,0.197,0.0,-0.78,0
780,0.019798989873223326,0.9669,0,-4.8093,0.211,0,-0.794,0.197,0.0,-0.78,0
781,0.02051828452868319,0.9669,0,-4.8093,0.212,0,-0.794,0.197,0.0,-0.78,0
782,0.02051828452868319,0.9669,0,-4.8092,0.211,0,-0.795,0.197,0.0,-0.78,0
783,0.01780449381476485,0.967,0,-4.8091,0.211,0,-0.791,0.197,0.0,-0.78,0
784,0.019849433241279205,0.967,0,-4.8091,0.212,0,-0.793,0.197,0.0,-0.78,0
785,0.019798989873223326,0.9669,0,-4.8091,0.211,0,-0.794,0.197,0.0,-0.78,0
786,0.019798989873223326,0.9669,0,-4.8092,0.211,0,-0.794,0.197,0.0,-0.78,0
787,0.01749285568453589,0.9668,0,-4.8091,0.212,0,-0.789,0.197,0.0,-0.78,0
788,0.02051828452868319,0.9668,0,-4.8091,0.212,0,-0.794,0.197,0.0,-0.78,0
789,0.02051828452868319,0.9668,0,-4.8092,0.212,0,-0.794,0.197,0.0,-0.78,0
790,0.01780449381476485,0.9667,0,-4.8091,0.211,0,-0.791,0.197,0.0,-0.78,0
791,0.01780449381476485,0.9669,0,-4.8091,0.211,0,-0.791,0.197,0.0,-0.78,0
792,0.01843908891458577,0.9668,0,-4.8092,0.211,0,-0.792,0.197,0.0,-0.78,0
793,0.016401219466856718,0.9668,0,-4.8091,0.21,0,-0.79,0.197,0.0,-0.78,0
794,0.019416487838947595,0.9668,0,-4.8091,0.213,0,-0.791,0.197,0.0,-0.78,0
795,0.01780449381476485,0.9667,0,-4.8092,0.211,0,-0.791,0.197,0.0,-0.78,0
796,0.019416487838947595,0.9668,0,-4.8092,0.213,0,-0.791,0.197,0.0,-0.78,0
797,0.018357559750685835,1.4467,0,-4.2532,0.112,0,-1.492,0.103,0.0,-1.508,0
798,0.019416487838947616,1.4468,0,-4.2531,0.114,0,-1.492,0.103,0.0,-1.508,0
799,0.020248456731316512,1.4467,0,-4.2532,0.114,0,-1.491,0.103,0.0,-1.508,0
800,0.020248456731316512,1.4467,0,-4.2532,0.114,0,-1.491,0.103,0.0,-1.508,0
801,0.015556349186103982,1.4467,0,-4.2531,0.114,0,-1.497,0.103,0.0,-1.508,0
802,0.018357559750685835,1.4467,0,-4.2531,0.112,0,-1.492,0.103,0.0,-1.508,0
803,0.014212670403551822,1.4468,0,-4.253,0.112,0,-1.497,0.103,0.0,-1.508,0
804,0.018867962264113223,1.4466,0,-4.2532,0.113,0,-1.492,0.103,0.0,-1.508,0
805,0.018867962264113223,1.4468,0,-4.253,0.113,0,-1.492,0.103,0.0,-1.508,0
806,0.018867962264113223,1.4467,0,-4.2531,0.113,0,-1.492,0.103,0.0,-1.508,0
807,0.014866068747318436,1.4467,0,-4.2531,0.113,0,-1.497,0.103,0.0,-1.508,0
808,0.015620499351813323,1.4467,0,-4.2531,0.115,0,-1.498,0.103,0.0,-1.508,0
809,0.019416487838947616,1.4467,0,-4.2531,0.114,0,-1.492,0.103,0.0,-1.508,0
810,0.019416487838947616,1.4467,0,-4.2532,0.114,0,-1.492,0.103,0.0,-1.508,0
811,0.020000000000000018,1.4467,0,-4.253,0.115,0,-1.492,0.103,0.0,-1.508,0
812,0.015556349186103982,1.4467,0,-4.253,0.114,0,-1.497,0.103,0.0,-1.508,0
813,0.018357559750685835,1.4467,0,-4.2531,0.112,0,-1.492,0.103,0.0,-1.508,0
814,0.014866068747318436,1.4466,0,-4.2532,0.113,0,-1.497,0.103,0.0,-1.508,0
815,0.014866068747318436,1.4468,0,-4.253,0.113,0,-1.497,0.103,0.0,-1.508,0
816,0.015556349186103982,1.4467,0,-4.253,0.114,0,-1.497,0.103,0.0,-1.508,0
817,0.014212670403551822,1.4467,0,-4.253,0.112,0,-1.497,0.103,0.0,-1.508,0
818,0.015556349186103982,1.4467,0,-4.2531,0.114,0,-1.497,0.103,0.0,-1.508,0
819,0.014212670403551822,1.4466,0,-4.2531,0.112,0,-1.497,0.103,0.0,-1.508,0
820,0.014317821063276389,1.2871,0,-4.1421,0.283,0,-1.516,0.297,0.0,-1.513,0
821,0.003605551275464085,1.2828,0,-4.1391,0.301,0,-1.516,0.303,0.0,-1.513,0
822,0.011704699910719636,1.2745,0,-4.1337,0.301,0,-1.517,0.312,0.0,-1.513,0
823,0.025000000000000022,1.2625,0,-4.1254,0.302,0,-1.513,0.327,0.0,-1.513,0
824,0.033376638536557264,1.2468,0,-4.1149,0.313,0,-1.518,0.346,0.0,-1.513,0
825,0.043104524124504585,1.2271,0,-4.1009,0.327,0,-1.517,0.37,0.0,-1.514,0
826,0.02816025568065746,1.2136,0,-4.0919,0.358,0,-1.517,0.386,0.0,-1.514,0
827,0.04104875150354762,1.2028,0,-4.0849,0.358,0,-1.516,0.399,0.0,-1.514,0
828,0.021213203435596375,1.1951,0,-4.0801,0.387,0,-1.517,0.408,0.0,-1.514,0
829,0.012083045973594487,1.1888,0,-4.0762,0.405,0,-1.519,0.416,0.0,-1.514,0
830,0.008544003745317578,1.1814,0,-4.0716,0.416,0,-1.516,0.424,0.0,-1.513,0
831,0.01200000000000001,1.173,0,-4.0641,0.424,0,-1.515,0.436,0.0,-1.515,0
832,0.0200249843945008,1.1648,0,-4.0602,0.424,0,-1.515,0.444,0.0,-1.514,0
833,0.017117242768623704,1.1563,0,-4.0548,0.438,0,-1.516,0.455,0.0,-1.514,0
834,0.01941648783894756,1.1433,0,-4.0457,0.451,0,-1.51,0.47,0.0,-1.514,0
835,0.02402082429892859,1.1277,0,-4.0365,0.465,0,-1.512,0.489,0.0,-1.513,0
836,0.018248287590894693,1.1153,0,-4.0277,0.486,0,-1.511,0.504,0.0,-1.514,0
837,0.03200000000000003,1.102,0,-4.0192,0.487,0,-1.513,0.519,0.0,-1.513,0
838,0.0243310501211929,1.0924,0,-4.0132,0.507,0,-1.509,0.531,0.0,-1.513,0
839,0.017204650534085087,1.0867,0,-4.0094,0.528,0,-1.499,0.538,0.0,-1.513,0
840,0.0020000000000000018,1.081,0,-4.0057,0.542,0,-1.513,0.544,0.0,-1.513,0
841,0.0020000000000000018,1.0736,0,-4.0008,0.551,0,-1.513,0.553,0.0,-1.513,0
842,0.015652475842498393,1.0643,0,-3.9942,0.551,0,-1.506,0.565,0.0,-1.513,0
843,0.015999999999999903,1.0529,0,-3.9869,0.562,0,-1.513,0.578,0.0,-1.513,0
844,0.02213594362117864,1.0407,0,-3.9787,0.572,0,-1.506,0.593,0.0,-1.513,0
845,0.015132745950421569,1.0289,0,-3.9719,0.592,0,-1.511,0.607,0.0,-1.513,0
846,0.02701851217221262,1.0178,0,-3.9653,0.592,0,-1.511,0.619,0.0,-1.512,0
847,0.023086792761230445,1.008,0,-3.9589,0.609,0,-1.505,0.631,0.0,-1.512,0
848,0.014142135623730963,0.9985,0,-3.9526,0.629,0,-1.51,0.643,0.0,-1.512,0
849,0.01220655561573365,0.9887,0,-3.9469,0.644,0,-1.504,0.654,0.0,-1.511,0
850,0.01019803902718558,0.9789,0,-3.9404,0.656,0,-1.509,0.666,0.0,-1.511,0
851,0.023194827009486437,0.9682,0,-3.9329,0.656,0,-1.509,0.679,0.0,-1.512,0
852,0.027313000567495294,0.9574,0,-3.9258,0.667,0,-1.501,0.692,0.0,-1.512,0
853,0.01941648783894751,0.9468,0,-3.9189,0.685,0,-1.507,0.704,0.0,-1.511,0
854,0.017000000000000015,0.9362,0,-3.9122,0.7,0,-1.511,0.717,0.0,-1.511,0
855,0.01216552506059645,0.9262,0,-3.9059,0.717,0,-1.513,0.729,0.0,-1.511,0
856,0.02308679276123041,0.9163,0,-3.8996,0.717,0,-1.513,0.74,0.0,-1.511,0
857,0.01802775637731997,0.9068,0,-3.8938,0.733,0,-1.509,0.751,0.0,-1.51,0
858,0.017088007490635077,0.8969,0,-3.8872,0.747,0,-1.504,0.763,0.0,-1.51,0
859,0.019416487838947553,0.8866,0,-3.8805,0.76,0,-1.499,0.776,0.0,-1.51,0
860,0.017804493814764802,0.8761,0,-3.8732,0.774,0,-1.5,0.788,0.0,-1.511,0
861,0.02973213749463704,0.8651,0,-3.8661,0.774,0,-1.5,0.802,0.0,-1.51,0
862,0.026248809496813293,0.8545,0,-3.8594,0.789,0,-1.502,0.814,0.0,-1.51,0
863,0.02022374841615661,0.8437,0,-3.853,0.807,0,-1.507,0.827,0.0,-1.51,0
864,0.01523154621172783,0.8336,0,-3.8465,0.825,0,-1.503,0.839,0.0,-1.509,0
865,0.014866068747318436,0.8236,0,-3.8405,0.84,0,-1.498,0.85,0.0,-1.509,0
866,0.024166091947189168,0.8134,0,-3.8347,0.84,0,-1.498,0.862,0.0,-1.508,0
867,0.019697715603592226,0.8033,0,-3.8271,0.857,0,-1.501,0.875,0.0,-1.509,0
868,0.022360679774997918,0.7928,0,-3.8197,0.865,0,-1.505,0.887,0.0,-1.509,0
869,0.021931712199461283,0.7819,0,-3.8126,0.88,0,-1.5,0.9,0.0,-1.509,0
870,0.0036055512754639926,0.7782,0,-3.8106,0.902,0,-1.507,0.905,0.0,-1.509,0
871,0.009219544457292894,0.7733,0,-3.8069,0.902,0,-1.507,0.911,0.0,-1.509,0
872,0.02280350850198278,0.7639,0,-3.7999,0.908,0,-1.492,0.922,0.0,-1.51,0
873,0.0228473193175917,0.7512,0,-3.7925,0.916,0,-1.5,0.937,0.0,-1.509,0
874,0.03255764119219933,0.7344,0,-3.7809,0.926,0,-1.504,0.958,0.0,-1.51,0
875,0.03140063693621517,0.7166,0,-3.7696,0.948,0,-1.504,0.979,0.0,-1.509,0
876,0.046389654018972847,0.7042,0,-3.7602,0.948,0,-1.504,0.994,0.0,-1.51,0
877,0.03313608305156182,0.6945,0,-3.7531,0.973,0,-1.514,1.006,0.0,-1.511,0
878,0.0230867927612303,0.6871,0,-3.7481,0.992,0,-1.509,1.015,0.0,-1.511,0
879,0.012041594578792296,0.6798,0,-3.7433,1.012,0,-1.51,1.024,0.0,-1.511,0
880,0.018000000000000016,0.6713,0,-3.7374,1.016,0,-1.511,1.034,0.0,-1.511,0
881,0.030000000000000027,0.6617,0,-3.7305,1.016,0,-1.511,1.046,0.0,-1.511,0
882,0.026019223662515405,0.6532,0,-3.7253,1.03,0,-1.512,1.056,0.0,-1.511,0
883,0.0243310501211929,0.6426,0,-3.7178,1.045,0,-1.516,1.069,0.0,-1.512,0
884,0.03300000000000014,0.6283,0,-3.7081,1.053,0,-1.512,1.086,0.0,-1.512,0
885,0.0300166620396073,0.6156,0,-3.7001,1.071,0,-1.512,1.101,0.0,-1.511,0
886,0.04904079934095707,0.6018,0,-3.6871,1.071,0,-1.517,1.12,0.0,-1.515,0
887,0.03931920650267491,0.5928,0,-3.6788,1.093,0,-1.512,1.132,0.0,-1.517,0
888,0.020223748416156467,0.5908,0,-3.6781,1.114,0,-1.519,1.134,0.0,-1.516,0
889,0.003605551275464085,0.5894,0,-3.6778,1.132,0,-1.518,1.135,0.0,-1.516,0
890,0.008544003745317578,0.5834,0,-3.6745,1.134,0,-1.518,1.142,0.0,-1.515,0
891,0.024738633753705982,0.5703,0,-3.666,1.134,0,-1.521,1.158,0.0,-1.515,0
892,0.04356604182158388,0.5535,0,-3.655,1.135,0,-1.522,1.178,0.0,-1.515,0
893,0.052999999999999936,0.515,0,-3.6293,1.171,0,-1.515,1.224,0.0,-1.515,1
894,0.02200000000000002,0.5019,0,-3.6206,1.218,0,-1.515,1.24,0.0,-1.515,0
895,0.03301514803843827,0.4925,0,-3.6139,1.218,0,-1.514,1.251,0.0,-1.515,0
896,0.025019992006393516,0.485,0,-3.6093,1.235,0,-1.514,1.26,0.0,-1.515,0
897,0.02137755832643186,0.4777,0,-3.6027,1.249,0,-1.513,1.27,0.0,-1.517,0
898,0.014142135623730963,0.4704,0,-3.5988,1.264,0,-1.518,1.278,0.0,-1.516,0
899,0.01044030650891059,0.4622,0,-3.5939,1.278,0,-1.518,1.288,0.0,-1.515,0
900,0.025179356624028242,0.4493,0,-3.5852,1.278,0,-1.519,1.303,0.0,-1.516,0
901,0.040999999999999925,0.4314,0,-3.573,1.284,0,-1.516,1.325,0.0,-1.516,0
902,0.04001249804748515,0.4165,0,-3.5606,1.304,0,-1.517,1.344,0.0,-1.518,0
903,0.03501428280002334,0.4009,0,-3.5526,1.327,0,-1.515,1.362,0.0,-1.516,0
904,0.025079872407968818,0.3896,0,-3.5444,1.351,0,-1.515,1.376,0.0,-1.517,0
905,0.033060550509633,0.3823,0,-3.5394,1.351,0,-1.515,1.384,0.0,-1.517,0
906,0.019235384061671235,0.3765,0,-3.535,1.373,0,-1.514,1.392,0.0,-1.517,0
907,0.022203603311174522,0.3686,0,-3.53,1.379,0,-1.514,1.401,0.0,-1.517,0
908,0.018248287590894658,0.3584,0,-3.5231,1.395,0,-1.514,1.413,0.0,-1.517,0
909,0.029274562336609033,0.346,0,-3.5137,1.4,0,-1.514,1.429,0.0,-1.518,0
910,0.04404543109109052,0.3329,0,-3.5055,1.4,0,-1.52,1.444,0.0,-1.518,0
911,0.0390512483795332,0.3199,0,-3.4971,1.421,0,-1.516,1.46,0.0,-1.518,0
912,0.03301514803843849,0.3083,0,-3.49,1.44,0,-1.516,1.473,0.0,-1.517,0
913,0.028284271247461926,0.2976,0,-3.4827,1.458,0,-1.522,1.486,0.0,-1.518,0
914,0.041194659848092105,0.2873,0,-3.4758,1.458,0,-1.522,1.499,0.0,-1.518,0
915,0.03413209633175182,0.2769,0,-3.4687,1.477,0,-1.521,1.511,0.0,-1.518,0
916,0.03911521443121581,0.266,0,-3.4612,1.486,0,-1.521,1.525,0.0,-1.518,0
917,0.0362215405525497,0.2546,0,-3.4532,1.503,0,-1.522,1.539,0.0,-1.518,0
918,0.0312569992161757,0.2432,0,-3.4452,1.521,0,-1.523,1.552,0.0,-1.519,0
919,0.04517742799230622,0.2314,0,-3.4377,1.521,0,-1.523,1.566,0.0,-1.519,0
920,0.03313608305156193,0.2197,0,-3.4316,1.547,0,-1.52,1.58,0.0,-1.517,0
921,0.03522782990761699,0.2082,0,-3.4248,1.558,0,-1.521,1.593,0.0,-1.517,0
922,0.028000000000000025,0.1969,0,-3.4183,1.578,0,-1.516,1.606,0.0,-1.516,0
923,0.02954657340538824,0.1854,0,-3.4113,1.592,0,-1.503,1.619,0.0,-1.515,0
924,0.04237924020083422,0.1735,0,-3.4042,1.593,0,-1.501,1.633,0.0,-1.515,0
925,0.039115214431215774,0.1612,0,-3.3972,1.614,0,-1.493,1.647,0.0,-1.514,0
926,0.03324154027718946,0.1481,0,-3.3894,1.63,0,-1.509,1.663,0.0,-1.513,0
927,0.031144823004794802,0.1347,0,-3.3819,1.647,0,-1.509,1.678,0.0,-1.512,0
928,0.029068883707497405,0.1219,0,-3.3744,1.664,0,-1.509,1.693,0.0,-1.511,0
929,0.04401136216933081,0.1089,0,-3.3666,1.664,0,-1.509,1.708,0.0,-1.51,0
930,0.04110960958218909,0.0963,0,-3.3587,1.682,0,-1.507,1.723,0.0,-1.51,0
931,0.038078865529319494,0.0836,0,-3.3502,1.701,0,-1.501,1.738,0.0,-1.51,0
932,0.033060550509633,0.0708,0,-3.3416,1.72,0,-1.508,1.753,0.0,-1.51,0
933,0.03420526275297409,0.0568,0,-3.3327,1.737,0,-1.501,1.77,0.0,-1.51,0
934,0.049648766349225576,0.0432,0,-3.3241,1.737,0,-1.502,1.786,0.0,-1.51,0
935,0.04916299421312757,0.029,0,-3.3158,1.753,0,-1.505,1.802,0.0,-1.509,0
936,0.050000000000000044,0.0153,0,-3.3067,1.769,0,-1.509,1.819,0.0,-1.509,1
937,0.04712748667179258,0.0014,0,-3.2977,1.79,0,-1.495,1.835,0.0,-1.509,0
938,0.035510561809129544,-0.0125,0,-3.2891,1.817,0,-1.502,1.852,0.0,-1.508,0
939,0.053235326616824605,-0.0267,0,-3.2798,1.816,0,-1.503,1.869,0.0,-1.508,1
940,0.05531726674375715,-0.0411,0,-3.2707,1.832,0,-1.496,1.886,0.0,-1.508,1
941,0.05192301994298845,-0.055,0,-3.2618,1.852,0,-1.493,1.902,0.0,-1.507,1
942,0.04328972164382686,-0.0693,0,-3.253,1.876,0,-1.502,1.919,0.0,-1.507,0
943,0.03920459156782524,-0.0836,0,-3.2435,1.897,0,-1.503,1.936,0.0,-1.507,0
944,0.05721887800367982,-0.0977,0,-3.2335,1.897,0,-1.503,1.954,0.0,-1.508,1
945,0.055578772926361174,-0.1122,0,-3.2238,1.916,0,-1.5,1.971,0.0,-1.508,1
946,0.04949747468305825,-0.1263,0,-3.2149,1.939,0,-1.5,1.988,0.0,-1.507,0
947,0.048093658625644006,-0.141,0,-3.2062,1.957,0,-1.509,2.005,0.0,-1.506,0
948,0.0420475920832571,-0.1549,0,-3.1973,1.979,0,-1.504,2.021,0.0,-1.506,0
949,0.055009090157900425,-0.183,0,-3.1786,2.0,0,-1.505,2.055,0.0,-1.506,1
950,0.05115662224971481,-0.1972,0,-3.1694,2.021,0,-1.502,2.072,0.0,-1.506,1
951,0.04809365862564424,-0.2122,0,-3.1602,2.042,0,-1.503,2.09,0.0,-1.506,0
952,0.04143669871020169,-0.2271,0,-3.151,2.066,0,-1.511,2.107,0.0,-1.505,0
953,0.056142675390472845,-0.2556,0,-3.1315,2.086,0,-1.502,2.142,0.0,-1.506,1
954,0.04909175083453425,-0.2699,0,-3.1215,2.11,0,-1.503,2.159,0.0,-1.506,0
955,0.047381430961928685,-0.2844,0,-3.1115,2.13,0,-1.512,2.177,0.0,-1.506,0
956,0.04101219330881968,-0.2991,0,-3.1019,2.153,0,-1.507,2.194,0.0,-1.506,0
957,0.051000000000000156,-0.3415,0,-3.074,2.194,0,-1.506,2.245,0.0,-1.506,1
958,0.013000000000000123,-1.5629,0,-2.2491,3.719,0,-1.534,3.719,0.0,-1.521,0
959,0.020615528128088347,-1.0617,0,-2.5488,3.155,0,-1.552,3.135,0.0,-1.547,0
960,0.019849433241279236,-1.0069,0,-2.5768,3.089,0,-1.567,3.074,0.0,-1.554,0
961,0.02692582403567264,-0.4718,0,-2.8826,2.482,0,-1.608,2.459,0.0,-1.594,0
962,0.021470910553584004,-0.4587,0,-2.8894,2.463,0,-1.606,2.444,0.0,-1.596,0
963,0.025553864678361432,-0.4114,0,-2.9178,2.411,0,-1.611,2.389,0.0,-1.598,0
964,0.016278820596099742,-0.4001,0,-2.9243,2.392,0,-1.602,2.376,0.0,-1.599,0
965,0.02901723625709373,-0.3887,0,-2.9309,2.392,0,-1.601,2.363,0.0,-1.6,0
966,0.027856776554368055,-0.3772,0,-2.9371,2.376,0,-1.591,2.35,0.0,-1.601,0
967,0.023345235059857198,-0.3659,0,-2.9439,2.36,0,-1.597,2.337,0.0,-1.601,0
968,0.023769728648009553,-0.3545,0,-2.9504,2.347,0,-1.596,2.324,0.0,-1.602,0
969,0.01931320791582815,-0.3437,0,-2.9568,2.329,0,-1.596,2.311,0.0,-1.603,0
970,0.03026549190084292,-0.3325,0,-2.9633,2.328,0,-1.599,2.298,0.0,-1.603,0
971,0.028861739379323677,-0.3211,0,-2.9701,2.313,0,-1.597,2.285,0.0,-1.604,0
972,0.024351591323771966,-0.3095,0,-2.9768,2.295,0,-1.597,2.272,0.0,-1.605,0
973,0.026000000000000023,-0.2975,0,-2.9836,2.282,0,-1.596,2.258,0.0,-1.606,0
974,0.02332380757938084,-0.2852,0,-2.9904,2.264,0,-1.595,2.244,0.0,-1.607,0
975,0.03373425558686595,-0.2736,0,-2.997,2.264,0,-1.601,2.231,0.0,-1.608,0
976,0.028160255680657578,-0.2624,0,-3.0031,2.245,0,-1.601,2.218,0.0,-1.609,0
977,0.019000000000000128,-0.2515,0,-3.009,2.225,0,-1.61,2.206,0.0,-1.61,0
978,0.015524174696260145,-0.2408,0,-3.0158,2.208,0,-1.606,2.193,0.0,-1.61,0
979,0.01581138830084156,-0.2294,0,-3.0227,2.195,0,-1.606,2.18,0.0,-1.611,0
980,0.03001666203960707,-0.2173,0,-3.0301,2.195,0,-1.61,2.165,0.0,-1.611,0
981,0.03036445290137833,-0.2052,0,-3.0373,2.18,0,-1.603,2.151,0.0,-1.612,0
982,0.02846049894151558,-0.1934,0,-3.0446,2.165,0,-1.603,2.138,0.0,-1.612,0
983,0.02121320343559635,-0.182,0,-3.0507,2.146,0,-1.611,2.125,0.0,-1.614,0
984,0.016278820596099742,-0.1711,0,-3.0571,2.128,0,-1.611,2.112,0.0,-1.614,0
985,0.025317977802344238,-0.1597,0,-3.0619,2.125,0,-1.612,2.1,0.0,-1.616,0
986,0.01824828759089444,-0.1487,0,-3.0677,2.106,0,-1.621,2.088,0.0,-1.618,0
987,0.016031219541881404,-0.1383,0,-3.0749,2.091,0,-1.616,2.075,0.0,-1.617,0
988,0.012649110640673528,-0.128,0,-3.0829,2.074,0,-1.62,2.062,0.0,-1.616,0
989,0.01170469991071974,-0.1175,0,-3.0898,2.06,0,-1.62,2.049,0.0,-1.616,0
990,0.01216552506059645,-0.0912,0,-3.1068,2.03,0,-1.615,2.018,0.0,-1.617,0
991,0.024020824298928645,-0.0814,0,-3.1136,2.03,0,-1.616,2.006,0.0,-1.617,0
992,0.01941648783894751,-0.0709,0,-3.1202,2.013,0,-1.613,1.994,0.0,-1.617,0
993,0.01649242250247066,-0.0608,0,-3.1269,1.998,0,-1.613,1.982,0.0,-1.617,0
994,0.014317821063276342,-0.0505,0,-3.1337,1.983,0,-1.614,1.969,0.0,-1.617,0
995,0.013601470508735562,-0.0395,0,-3.1407,1.969,0,-1.613,1.956,0.0,-1.617,0
996,0.026683328128252692,-0.0286,0,-3.1478,1.969,0,-1.611,1.943,0.0,-1.617,0
997,0.023345235059857635,-0.0175,0,-3.1547,1.953,0,-1.613,1.93,0.0,-1.617,0
998,0.02370653918225937,-0.0069,0,-3.1616,1.938,0,-1.607,1.917,0.0,-1.618,0
999,0.017000000000000116,0.003,0,-3.1674,1.921,0,-1.61,1.906,0.0,-1.618,0
1000,0.01500000000000008,0.0135,0,-3.174,1.906,0,-1.609,1.894,0.0,-1.618,0
1001,0.0265706605111728,0.0236,0,-3.1808,1.906,0,-1.609,1.881,0.0,-1.618,0
1002,0.023323807579381222,0.0344,0,-3.1878,1.889,0,-1.606,1.869,0.0,-1.618,0
1003,0.01868154169226939,0.0461,0,-3.1947,1.873,0,-1.614,1.855,0.0,-1.619,0
1004,0.022135943621178607,0.0587,0,-3.2021,1.861,0,-1.613,1.84,0.0,-1.62,0
1005,0.022472205054244354,0.0714,0,-3.2104,1.846,0,-1.612,1.825,0.0,-1.62,0
1006,0.04118252056394793,0.3672,0,-3.3861,1.518,0,-1.616,1.482,0.0,-1.636,0
1007,0.04205948168962601,0.3811,0,-3.3937,1.503,0,-1.618,1.466,0.0,-1.638,0
1008,0.036400549446402516,0.4789,0,-3.4452,1.391,0,-1.639,1.356,0.0,-1.649,0
1009,0.028017851452243822,0.4925,0,-3.4511,1.369,0,-1.652,1.341,0.0,-1.651,0
1010,0.025079872407968825,0.5006,0,-3.4552,1.355,0,-1.642,1.332,0.0,-1.652,0
1011,0.024413111231467426,0.5049,0,-3.4596,1.34,0,-1.631,1.326,0.0,-1.651,0
1012,0.032649655434629055,0.5145,0,-3.4646,1.34,0,-1.631,1.315,0.0,-1.652,0
1013,0.032249030993194226,0.5286,0,-3.473,1.327,0,-1.637,1.299,0.0,-1.653,0
1014,0.04024922359499625,0.6065,0,-3.5234,1.242,0,-1.636,1.206,0.0,-1.654,0
1015,0.030805843601498843,0.6156,0,-3.5288,1.221,0,-1.636,1.196,0.0,-1.654,0
1016,0.03001666203960724,0.6251,0,-3.535,1.21,0,-1.639,1.184,0.0,-1.654,0
1017,0.030870698080866243,0.6354,0,-3.5418,1.2,0,-1.641,1.172,0.0,-1.654,0
1018,0.04049691346263321,0.6652,0,-3.5617,1.174,0,-1.64,1.136,0.0,-1.654,0
1019,0.037121422386541154,0.6953,0,-3.5805,1.134,0,-1.638,1.101,0.0,-1.655,0
1020,0.027802877548915646,0.6992,0,-3.5818,1.119,0,-1.639,1.097,0.0,-1.656,0
1021,0.02692582403567264,0.7008,0,-3.5828,1.118,0,-1.642,1.095,0.0,-1.656,0
1022,0.011661903789690611,0.7067,0,-3.5866,1.098,0,-1.65,1.088,0.0,-1.656,0
1023,0.02499999999999999,0.7204,0,-3.5956,1.095,0,-1.649,1.071,0.0,-1.656,0
1024,0.03984971769034248,0.8033,0,-3.6482,1.011,0,-1.646,0.973,0.0,-1.658,0
1025,0.03195309061734098,0.8115,0,-3.6528,0.994,0,-1.648,0.964,0.0,-1.659,0
1026,0.022825424421026728,0.8172,0,-3.6566,0.977,0,-1.648,0.957,0.0,-1.659,0
1027,0.02915475947422657,0.8233,0,-3.6607,0.977,0,-1.648,0.95,0.0,-1.659,0
1028,0.032449961479175934,0.9189,0,-3.7217,0.863,0,-1.643,0.836,0.0,-1.661,0
1029,0.03101612483854171,0.9278,0,-3.7275,0.855,0,-1.65,0.826,0.0,-1.661,0
1030,0.029154759474226466,0.9392,0,-3.7347,0.839,0,-1.65,0.812,0.0,-1.661,0
1031,0.03712142238654125,1.0057,0,-3.7767,0.767,0,-1.646,0.734,0.0,-1.663,0
1032,0.03794733192202048,1.0499,0,-3.8039,0.718,0,-1.652,0.682,0.0,-1.664,0
1033,0.02729468812791234,1.0528,0,-3.8055,0.702,0,-1.652,0.678,0.0,-1.665,0
1034,0.02692582403567245,1.052,0,-3.8055,0.702,0,-1.65,0.679,0.0,-1.664,0
1035,0.018601075237738136,1.0519,0,-3.8051,0.69,0,-1.649,0.679,0.0,-1.664,0
1036,0.014999999999999857,1.0519,0,-3.8052,0.691,0,-1.655,0.679,0.0,-1.664,0
1037,0.01702938636592626,1.0519,0,-3.8053,0.692,0,-1.653,0.679,0.0,-1.664,0
1038,0.01702938636592626,1.0518,0,-3.8055,0.692,0,-1.653,0.679,0.0,-1.664,0
1039,0.01720465053408518,1.052,0,-3.8054,0.693,0,-1.654,0.679,0.0,-1.664,0
1040,0.019104973174542742,1.0519,0,-3.8053,0.692,0,-1.65,0.679,0.0,-1.664,0
1041,0.023600847442411938,1.0523,0,-3.805,0.693,0,-1.646,0.679,0.0,-1.665,0
1042,0.020591260281973965,1.056,0,-3.7964,0.691,0,-1.656,0.681,0.0,-1.674,0
1043,0.016643316977093193,1.0532,0,-3.7986,0.691,0,-1.656,0.682,0.0,-1.67,0
1044,0.014422205101855878,1.0524,0,-3.8041,0.691,0,-1.657,0.679,0.0,-1.665,0
1045,0.018027756377319994,1.0517,0,-3.8068,0.689,0,-1.648,0.679,0.0,-1.663,0
1046,0.01565247584249849,1.0516,0,-3.8069,0.693,0,-1.656,0.679,0.0,-1.663,0
1047,0.013601470508735366,1.0518,0,-3.8065,0.69,0,-1.655,0.679,0.0,-1.663,0
1048,0.013601470508735366,1.0519,0,-3.8065,0.69,0,-1.655,0.679,0.0,-1.663,0
1049,0.016401219466856652,1.0518,0,-3.8066,0.692,0,-1.653,0.679,0.0,-1.663,0
1050,0.020518284528683213,1.0519,0,-3.8064,0.693,0,-1.648,0.679,0.0,-1.663,0
1051,0.01843908891458572,1.0519,0,-3.8068,0.69,0,-1.649,0.678,0.0,-1.663,0
1052,0.020615528128088305,1.0518,0,-3.8069,0.694,0,-1.65,0.678,0.0,-1.663,0
1053,0.020615528128088305,1.0519,0,-3.8068,0.694,0,-1.65,0.678,0.0,-1.663,0
1054,0.016124515496597016,1.052,0,-3.8069,0.692,0,-1.655,0.678,0.0,-1.663,0
1055,0.01920937271229858,1.052,0,-3.8067,0.69,0,-1.648,0.678,0.0,-1.663,0
1056,0.014764823060233368,1.0522,0,-3.8067,0.691,0,-1.656,0.678,0.0,-1.663,0
1057,0.023345235059857444,1.0536,0,-3.8078,0.693,0,-1.647,0.676,0.0,-1.663,0
1058,0.029410882339705357,1.0602,0,-3.8116,0.693,0,-1.647,0.669,0.0,-1.664,0
1059,0.038327535793473526,1.0734,0,-3.8199,0.69,0,-1.654,0.653,0.0,-1.664,0
1060,0.039623225512317846,1.1748,0,-3.8929,0.567,0,-1.652,0.528,0.0,-1.659,0
1061,0.03443835071544521,1.1822,0,-3.901,0.549,0,-1.671,0.518,0.0,-1.656,0
1062,0.03757658845611188,1.533,0,-4.0354,0.185,0,-1.721,0.151,0.0,-1.737,0
1063,0.023430749027720056,1.5329,0,-4.0354,0.169,0,-1.722,0.151,0.0,-1.737,0
1064,0.015524174696260145,1.5324,0,-4.035,0.156,0,-1.722,0.152,0.0,-1.737,0
1065,0.016552945357246964,1.5323,0,-4.035,0.159,0,-1.722,0.152,0.0,-1.737,0
1066,0.018384776310850354,1.5324,0,-4.035,0.159,0,-1.72,0.152,0.0,-1.737,0
1067,0.017888543819998336,1.5323,0,-4.0349,0.16,0,-1.721,0.152,0.0,-1.737,0
1068,0.017492855684536013,1.5323,0,-4.0351,0.161,0,-1.722,0.152,0.0,-1.737,0
1069,0.017888543819998336,1.5323,0,-4.035,0.16,0,-1.721,0.152,0.0,-1.737,0
1070,0.017888543819998336,1.5324,0,-4.035,0.16,0,-1.721,0.152,0.0,-1.737,0
1071,0.01627882059609972,1.5324,0,-4.0351,0.163,0,-1.725,0.152,0.0,-1.737,0
1072,0.013892443989449816,1.5323,0,-4.0351,0.159,0,-1.725,0.152,0.0,-1.737,0
1073,0.015620499351813323,1.5323,0,-4.0351,0.162,0,-1.725,0.152,0.0,-1.737,0
1074,0.018357559750685835,1.5325,0,-4.0351,0.161,0,-1.721,0.152,0.0,-1.737,0
1075,0.018357559750685835,1.5324,0,-4.0353,0.161,0,-1.721,0.152,0.0,-1.737,0
1076,0.01640121946685683,1.5324,0,-4.0353,0.162,0,-1.724,0.152,0.0,-1.737,0
1077,0.018357559750685835,1.5324,0,-4.0351,0.161,0,-1.721,0.152,0.0,-1.737,0
1078,0.015000000000000012,1.5325,0,-4.0353,0.16,0,-1.725,0.151,0.0,-1.737,0
1079,0.01476482306023351,1.5324,0,-4.0353,0.159,0,-1.724,0.152,0.0,-1.737,0
1080,0.01476482306023351,1.5324,0,-4.0353,0.159,0,-1.724,0.152,0.0,-1.737,0
1081,0.015811388300842,1.5324,0,-4.0354,0.16,0,-1.724,0.151,0.0,-1.737,0
1082,0.01442220510185597,1.5324,0,-4.0353,0.16,0,-1.725,0.152,0.0,-1.737,0
1083,0.01923538406167146,1.5325,0,-4.0354,0.16,0,-1.72,0.151,0.0,-1.737,0
1084,0.018384776310850354,1.5323,0,-4.0353,0.159,0,-1.72,0.152,0.0,-1.737,0
1085,0.018788294228056054,1.5324,0,-4.0355,0.159,0,-1.72,0.151,0.0,-1.737,0
1086,0.015000000000000012,1.5325,0,-4.0355,0.16,0,-1.725,0.151,0.0,-1.737,0
1087,0.017464249196573,1.5325,0,-4.0355,0.158,0,-1.721,0.151,0.0,-1.737,0
1088,0.015264337522473857,1.5326,0,-4.0354,0.159,0,-1.724,0.151,0.0,-1.737,0
1089,0.01640121946685683,1.5325,0,-4.0355,0.161,0,-1.724,0.151,0.0,-1.737,0
1090,0.01640121946685683,1.5325,0,-4.0356,0.161,0,-1.724,0.151,0.0,-1.737,0
1091,0.015620499351813323,1.5326,0,-4.0356,0.161,0,-1.725,0.151,0.0,-1.737,0
1092,0.015620499351813323,1.5325,0,-4.0355,0.161,0,-1.725,0.151,0.0,-1.737,0
1093,0.018027756377320053,1.5325,0,-4.0355,0.161,0,-1.722,0.151,0.0,-1.737,0
1094,0.018867962264113223,1.5325,0,-4.0356,0.161,0,-1.721,0.151,0.0,-1.737,0
1095,0.018867962264113223,1.5325,0,-4.0357,0.161,0,-1.721,0.151,0.0,-1.737,0
1096,0.017000000000000116,1.5325,0,-4.0357,0.159,0,-1.722,0.151,0.0,-1.737,0
1097,0.018027756377320053,1.5325,0,-4.0356,0.161,0,-1.722,0.151,0.0,-1.737,0
1098,0.018357559750685835,1.5325,0,-4.0357,0.16,0,-1.721,0.151,0.0,-1.737,0
1099,0.018027756377320053,1.5326,0,-4.0357,0.161,0,-1.722,0.151,0.0,-1.737,0
1100,0.02596150997149447,1.6871,0,-3.843,0.135,0,-1.958,0.128,0.0,-1.983,0
1101,0.02886173937932365,1.687,0,-3.843,0.136,0,-1.955,0.129,0.0,-1.983,0
1102,0.02886173937932365,1.6869,0,-3.8429,0.136,0,-1.955,0.129,0.0,-1.983,0
1103,0.026248809496813505,1.687,0,-3.843,0.137,0,-1.958,0.129,0.0,-1.983,0
1104,0.02451530134426255,1.6869,0,-3.843,0.134,0,-1.959,0.129,0.0,-1.983,0
1105,0.024738633753705982,1.687,0,-3.843,0.135,0,-1.959,0.129,0.0,-1.983,0
1106,0.023769728648009553,1.687,0,-3.8429,0.135,0,-1.96,0.129,0.0,-1.983,0
1107,0.024351591323771966,1.687,0,-3.8431,0.136,0,-1.96,0.128,0.0,-1.983,0
1108,0.02789265136196284,1.687,0,-3.843,0.136,0,-1.956,0.129,0.0,-1.983,0
1109,0.0291204395571221,1.687,0,-3.8431,0.136,0,-1.955,0.128,0.0,-1.983,0
1110,0.02451530134426255,1.687,0,-3.843,0.134,0,-1.959,0.129,0.0,-1.983,0
1111,0.02844292530665581,1.687,0,-3.843,0.134,0,-1.955,0.129,0.0,-1.983,0
1112,0.02886173937932365,1.6871,0,-3.8431,0.135,0,-1.955,0.128,0.0,-1.983,0
1113,0.027658633371878797,1.6869,0,-3.8431,0.135,0,-1.956,0.129,0.0,-1.983,0
1114,0.025000000000000022,1.687,0,-3.843,0.136,0,-1.959,0.129,0.0,-1.983,0
1115,0.024738633753705982,1.687,0,-3.8431,0.134,0,-1.959,0.128,0.0,-1.983,0
1116,0.02451530134426255,1.6869,0,-3.843,0.134,0,-1.959,0.129,0.0,-1.983,0
1117,0.024738633753705982,1.687,0,-3.843,0.135,0,-1.959,0.129,0.0,-1.983,0
1118,0.024738633753705982,1.6869,0,-3.843,0.135,0,-1.959,0.129,0.0,-1.983,0
1119,0.02596150997149447,1.687,0,-3.843,0.136,0,-1.958,0.129,0.0,-1.983,0
1120,0.027658633371878797,1.687,0,-3.843,0.135,0,-1.956,0.129,0.0,-1.983,0
1121,0.023769728648009553,1.6869,0,-3.8431,0.135,0,-1.96,0.129,0.0,-1.983,0
1122,0.028635642126552733,1.6871,0,-3.843,0.134,0,-1.955,0.128,0.0,-1.983,0
1123,0.02941088233970551,1.687,0,-3.8431,0.137,0,-1.955,0.128,0.0,-1.983,0
1124,0.02570992026436501,1.687,0,-3.8431,0.134,0,-1.958,0.128,0.0,-1.983,0
1125,0.024351591323771966,1.687,0,-3.8431,0.136,0,-1.96,0.128,0.0,-1.983,0
1126,0.0291204395571221,1.687,0,-3.8431,0.136,0,-1.955,0.128,0.0,-1.983,0
1127,0.026248809496813505,1.687,0,-3.8431,0.136,0,-1.958,0.128,0.0,-1.983,0
1128,0.02596150997149447,1.6871,0,-3.843,0.135,0,-1.958,0.128,0.0,-1.983,0
1129,0.02596150997149447,1.6869,0,-3.8432,0.136,0,-1.958,0.129,0.0,-1.983,0
1130,0.025000000000000022,1.6871,0,-3.8431,0.135,0,-1.959,0.128,0.0,-1.983,0
1131,0.027658633371878797,1.687,0,-3.843,0.135,0,-1.956,0.129,0.0,-1.983,0
1132,0.02886173937932365,1.687,0,-3.8431,0.135,0,-1.955,0.128,0.0,-1.983,0
1133,0.028635642126552733,1.687,0,-3.8431,0.134,0,-1.955,0.128,0.0,-1.983,0
1134,0.027658633371878797,1.687,0,-3.843,0.135,0,-1.956,0.129,0.0,-1.983,0
1135,0.02961418578992183,1.6872,0,-3.8431,0.134,0,-1.954,0.128,0.0,-1.983,0
1136,0.023769728648009553,1.687,0,-3.8431,0.134,0,-1.96,0.128,0.0,-1.983,0
1137,0.029274562336609033,1.6869,0,-3.8431,0.133,0,-1.954,0.129,0.0,-1.983,0
1138,0.030083217912982782,1.6871,0,-3.8431,0.136,0,-1.954,0.128,0.0,-1.983,0
1139,0.02570992026436501,1.687,0,-3.8431,0.134,0,-1.958,0.128,0.0,-1.983,0
1140,0.02451530134426255,1.687,0,-3.843,0.134,0,-1.959,0.129,0.0,-1.983,0
1141,0.024738633753705982,1.687,0,-3.8432,0.134,0,-1.959,0.128,0.0,-1.983,0
1142,0.02886173937932365,1.687,0,-3.8431,0.135,0,-1.955,0.128,0.0,-1.983,0
1143,0.028635642126552733,1.687,0,-3.8432,0.134,0,-1.955,0.128,0.0,-1.983,0
1144,0.024738633753705982,1.6871,0,-3.8432,0.134,0,-1.959,0.128,0.0,-1.983,0
1145,0.024738633753705982,1.687,0,-3.8431,0.134,0,-1.959,0.128,0.0,-1.983,0
1146,0.02451530134426255,1.6871,0,-3.8429,0.134,0,-1.959,0.129,0.0,-1.983,0
1147,0.02596150997149447,1.687,0,-3.843,0.136,0,-1.958,0.129,0.0,-1.983,0
1148,0.025495097567964056,1.687,0,-3.843,0.134,0,-1.958,0.129,0.0,-1.983,0
1149,0.02570992026436501,1.6871,0,-3.843,0.134,0,-1.958,0.128,0.0,-1.983,0
1150,0.028160255680657578,1.687,0,-3.8432,0.136,0,-1.956,0.128,0.0,-1.983,0
1151,0.028160255680657578,1.687,0,-3.8431,0.136,0,-1.956,0.128,0.0,-1.983,0
1152,0.02886173937932365,1.6871,0,-3.8431,0.135,0,-1.955,0.128,0.0,-1.983,0
1153,0.02596150997149447,1.6871,0,-3.8431,0.135,0,-1.958,0.128,0.0,-1.983,0
1154,0.025298221281347056,1.687,0,-3.8431,0.136,0,-1.959,0.128,0.0,-1.983,0
1155,0.025000000000000022,1.6871,0,-3.8431,0.135,0,-1.959,0.128,0.0,-1.983,0
1156,0.02596150997149447,1.6871,0,-3.843,0.135,0,-1.958,0.128,0.0,-1.983,0
1157,0.02570992026436501,1.687,0,-3.8431,0.134,0,-1.958,0.128,0.0,-1.983,0
1158,0.02983286778035273,1.6871,0,-3.8431,0.135,0,-1.954,0.128,0.0,-1.983,0
1159,0.030083217912982782,1.6871,0,-3.843,0.136,0,-1.954,0.128,0.0,-1.983,0
1160,0.030364452901378087,1.687,0,-3.8431,0.137,0,-1.954,0.128,0.0,-1.983,0
1161,0.025632011235952615,1.6871,0,-3.8432,0.137,0,-1.959,0.128,0.0,-1.983,0
1162,0.02886173937932365,1.6871,0,-3.8431,0.135,0,-1.955,0.128,0.0,-1.983,0
1163,0.027658633371878797,1.6869,0,-3.8432,0.135,0,-1.956,0.129,0.0,-1.983,0
1164,0.0291204395571221,1.6871,0,-3.8431,0.136,0,-1.955,0.128,0.0,-1.983,0
1165,0.02886173937932365,1.6871,0,-3.8432,0.135,0,-1.955,0.128,0.0,-1.983,0
1166,0.028635642126552733,1.6869,0,-3.843,0.135,0,-1.955,0.129,0.0,-1.983,0
1167,0.02789265136196284,1.687,0,-3.8432,0.135,0,-1.956,0.128,0.0,-1.983,0
1168,0.024738633753705982,1.687,0,-3.8432,0.134,0,-1.959,0.128,0.0,-1.983,0
1169,0.024738633753705982,1.6871,0,-3.8431,0.134,0,-1.959,0.128,0.0,-1.983,0
1170,0.025000000000000022,1.6871,0,-3.8431,0.135,0,-1.959,0.128,0.0,-1.983,0
1171,0.02886173937932365,1.6872,0,-3.8432,0.135,0,-1.955,0.128,0.0,-1.983,0
1172,0.026248809496813505,1.687,0,-3.8433,0.136,0,-1.958,0.128,0.0,-1.983,0
1173,0.025000000000000022,1.687,0,-3.8432,0.135,0,-1.959,0.128,0.0,-1.983,0
1174,0.0291204395571221,1.6871,0,-3.8431,0.136,0,-1.955,0.128,0.0,-1.983,0
1175,0.0291204395571221,1.6871,0,-3.8431,0.136,0,-1.955,0.128,0.0,-1.983,0
1176,0.026248809496813505,1.687,0,-3.8433,0.136,0,-1.958,0.128,0.0,-1.983,0
1177,0.025000000000000022,1.6871,0,-3.8432,0.135,0,-1.959,0.128,0.0,-1.983,0
1178,0.02844292530665581,1.6871,0,-3.8429,0.134,0,-1.955,0.129,0.0,-1.983,0
1179,0.028160255680657578,1.687,0,-3.8431,0.136,0,-1.956,0.128,0.0,-1.983,0
1180,0.027459060435492098,1.6871,0,-3.8431,0.133,0,-1.956,0.128,0.0,-1.983,0
1181,0.027459060435492098,1.687,0,-3.8432,0.133,0,-1.956,0.128,0.0,-1.983,0
1182,0.025298221281347056,1.687,0,-3.8432,0.136,0,-1.959,0.128,0.0,-1.983,0
1183,0.025000000000000022,1.6865,0,-3.8429,0.136,0,-1.959,0.129,0.0,-1.983,0
1184,0.02400000000000002,1.6813,0,-3.8396,0.135,0,-1.959,0.135,0.0,-1.983,0
1185,0.026925824035672435,1.6688,0,-3.8317,0.136,0,-1.959,0.15,0.0,-1.982,0
1186,0.04810405388322272,1.6507,0,-3.8201,0.136,0,-1.949,0.171,0.0,-1.982,0
1187,0.04742362280551752,1.6302,0,-3.8077,0.152,0,-1.961,0.195,0.0,-1.981,0
1188,0.047507894080878826,1.6112,0,-3.7963,0.177,0,-1.956,0.218,0.0,-1.98,0
1189,0.0322024843762093,1.5955,0,-3.7868,0.21,0,-1.96,0.236,0.0,-1.979,0
1190,0.045188494110780075,1.5827,0,-3.7784,0.21,0,-1.96,0.251,0.0,-1.979,0
1191,0.036235341863986935,1.5708,0,-3.7713,0.233,0,-1.962,0.265,0.0,-1.979,0
1192,0.02884441020371194,1.559,0,-3.7647,0.255,0,-1.962,0.279,0.0,-1.978,0
1193,0.02469817807045697,1.5465,0,-3.7571,0.272,0,-1.964,0.293,0.0,-1.977,0
1194,0.022360679774997918,1.532,0,-3.7481,0.29,0,-1.967,0.31,0.0,-1.977,0
1195,0.04002499219237901,1.5169,0,-3.7393,0.289,0,-1.967,0.328,0.0,-1.976,0
1196,0.04304648650006176,1.5018,0,-3.7296,0.309,0,-1.953,0.346,0.0,-1.975,0
1197,0.03996248240537621,1.487,0,-3.7201,0.329,0,-1.954,0.363,0.0,-1.975,0
1198,0.035510561809129496,1.4729,0,-3.711,0.35,0,-1.956,0.38,0.0,-1.975,0
1199,0.0268328157299975,1.4588,0,-3.702,0.373,0,-1.963,0.397,0.0,-1.975,0
1200,0.04220189569201837,1.4454,0,-3.6934,0.372,0,-1.964,0.413,0.0,-1.974,0
1201,0.03710795063055895,1.432,0,-3.6845,0.393,0,-1.966,0.429,0.0,-1.975,0
1202,0.030594117081556738,1.4184,0,-3.6756,0.415,0,-1.968,0.445,0.0,-1.974,0
1203,0.028160255680657484,1.4047,0,-3.6664,0.433,0,-1.972,0.461,0.0,-1.975,0
1204,0.02599999999999997,1.3904,0,-3.6572,0.454,0,-1.964,0.478,0.0,-1.974,0
1205,0.043931765272977555,1.3758,0,-3.6479,0.453,0,-1.965,0.496,0.0,-1.974,0
1206,0.03733630940518896,1.3615,0,-3.6384,0.476,0,-1.969,0.513,0.0,-1.974,0
1207,0.035902646142032514,1.3473,0,-3.6289,0.495,0,-1.966,0.53,0.0,-1.974,0
1208,0.03206243908376283,1.3334,0,-3.6194,0.515,0,-1.972,0.547,0.0,-1.974,0
1209,0.027294688127912275,1.3195,0,-3.6099,0.537,0,-1.971,0.564,0.0,-1.975,0
1210,0.04410215414239983,1.3056,0,-3.6004,0.536,0,-1.972,0.58,0.0,-1.975,0
1211,0.03805259518088082,1.2914,0,-3.5912,0.559,0,-1.973,0.597,0.0,-1.975,0
1212,0.03401470270338993,1.2771,0,-3.5813,0.581,0,-1.974,0.615,0.0,-1.975,0
1213,0.03114482300479489,1.2629,0,-3.5714,0.601,0,-1.973,0.632,0.0,-1.976,0
1214,0.02801785145224383,1.2483,0,-3.5618,0.622,0,-1.977,0.65,0.0,-1.976,0
1215,0.04501110973970764,1.2344,0,-3.5521,0.622,0,-1.977,0.667,0.0,-1.976,0
1216,0.041000000000000036,1.2204,0,-3.5425,0.643,0,-1.976,0.684,0.0,-1.976,0
1217,0.03799999999999992,1.2061,0,-3.5327,0.663,0,-1.977,0.701,0.0,-1.977,0
1218,0.033015148038438275,1.192,0,-3.5232,0.685,0,-1.976,0.718,0.0,-1.977,0
1219,0.02701851217221262,1.1779,0,-3.5132,0.708,0,-1.976,0.735,0.0,-1.977,0
1220,0.04404543109109052,1.1642,0,-3.5032,0.708,0,-1.976,0.752,0.0,-1.978,0
1221,0.04001249804748515,1.1499,0,-3.4936,0.729,0,-1.979,0.769,0.0,-1.978,0
1222,0.03700000000000003,1.136,0,-3.4834,0.749,0,-1.979,0.786,0.0,-1.979,0
1223,0.03701351104664353,1.1221,0,-3.4731,0.767,0,-1.981,0.804,0.0,-1.98,0
1224,0.027999999999999914,1.1081,0,-3.463,0.793,0,-1.981,0.821,0.0,-1.981,0
1225,0.045177427992306,1.0939,0,-3.4526,0.794,0,-1.986,0.839,0.0,-1.982,0
1226,0.040000000000000036,1.0801,0,-3.4425,0.816,0,-1.982,0.856,0.0,-1.982,0
1227,0.03820994634908563,1.0656,0,-3.4332,0.835,0,-1.986,0.873,0.0,-1.982,0
1228,0.03201562118716427,1.0507,0,-3.4244,0.859,0,-1.989,0.89,0.0,-1.981,0
1229,0.028635642126552733,1.0352,0,-3.4163,0.88,0,-1.986,0.908,0.0,-1.98,0
1230,0.04060788100849392,1.0202,0,-3.4086,0.884,0,-1.971,0.924,0.0,-1.978,0
1231,0.035440090293338625,1.0056,0,-3.4003,0.907,0,-1.967,0.941,0.0,-1.977,0
1232,0.03132091952673154,0.9911,0,-3.3917,0.928,0,-1.967,0.958,0.0,-1.976,0
1233,0.0291204395571221,0.9767,0,-3.3832,0.947,0,-1.967,0.975,0.0,-1.975,0
1234,0.02213594362117864,0.9619,0,-3.3743,0.971,0,-1.967,0.992,0.0,-1.974,0
1235,0.039623225512317846,0.947,0,-3.3653,0.97,0,-1.966,1.009,0.0,-1.973,0
1236,0.04159326868617086,0.9321,0,-3.3567,0.985,0,-1.965,1.026,0.0,-1.972,0
1237,0.03255764119219944,0.9173,0,-3.3475,1.012,0,-1.966,1.044,0.0,-1.972,0
1238,0.027658633371878797,0.9024,0,-3.3377,1.035,0,-1.966,1.062,0.0,-1.972,0
1239,0.027459060435491896,0.8874,0,-3.3288,1.052,0,-1.966,1.079,0.0,-1.971,0
1240,0.044911023145771306,0.8732,0,-3.32,1.052,0,-1.962,1.096,0.0,-1.971,0
1241,0.037483329627982544,0.8584,0,-3.3112,1.076,0,-1.964,1.113,0.0,-1.97,0
1242,0.033541019662496764,0.8443,0,-3.3024,1.097,0,-1.963,1.13,0.0,-1.969,0
1243,0.029154759474226466,0.8299,0,-3.2936,1.12,0,-1.958,1.147,0.0,-1.969,0
1244,0.026000000000000023,0.8153,0,-3.2846,1.14,0,-1.958,1.164,0.0,-1.968,0
1245,0.037161808352124084,0.8079,0,-3.2781,1.139,0,-1.955,1.173,0.0,-1.97,0
1246,0.029966648127543367,0.8003,0,-3.2742,1.155,0,-1.956,1.182,0.0,-1.969,0
1247,0.03140063693621528,0.7863,0,-3.2651,1.168,0,-1.963,1.199,0.0,-1.968,0
1248,0.046324939287601785,0.7677,0,-3.2536,1.175,0,-1.957,1.22,0.0,-1.968,0
1249,0.03289376840679694,0.7495,0,-3.2458,1.209,0,-1.953,1.24,0.0,-1.964,0
1250,0.04850773134253955,0.7358,0,-3.2363,1.21,0,-1.953,1.257,0.0,-1.965,0
1251,0.04609772228646452,0.7183,0,-3.2268,1.234,0,-1.944,1.276,0.0,-1.963,0
1252,0.04197618372363062,0.7005,0,-3.2137,1.258,0,-1.955,1.299,0.0,-1.964,0
1253,0.03721558813185677,0.6903,0,-3.2023,1.281,0,-1.949,1.313,0.0,-1.968,0
1254,0.025238858928247856,0.6826,0,-3.1948,1.31,0,-1.949,1.324,0.0,-1.97,0
1255,0.033615472627943406,0.6703,0,-3.1877,1.309,0,-1.952,1.338,0.0,-1.969,0
1256,0.035510561809129544,0.652,0,-3.1792,1.323,0,-1.96,1.358,0.0,-1.966,0
1257,0.049979995998399175,0.6297,0,-3.1789,1.33,0,-1.971,1.377,0.0,-1.954,0
1258,0.04159326868617079,0.6121,0,-3.1679,1.357,0,-1.961,1.398,0.0,-1.954,0
1259,0.047927027865287034,0.5579,0,-3.1249,1.422,0,-1.941,1.466,0.0,-1.96,0
1260,0.041231056256176644,0.5463,0,-3.1166,1.441,0,-1.95,1.481,0.0,-1.96,0
1261,0.0559016994374949,0.5341,0,-3.1086,1.44,0,-1.95,1.495,0.0,-1.96,1
1262,0.04712748667179265,0.5206,0,-3.1001,1.466,0,-1.946,1.511,0.0,-1.96,0
1263,0.04509988913511865,0.5062,0,-3.0907,1.483,0,-1.957,1.528,0.0,-1.96,0
1264,0.050159744815937636,0.4912,0,-3.0801,1.497,0,-1.956,1.547,0.0,-1.96,1
1265,0.0403112887414928,0.476,0,-3.0696,1.525,0,-1.956,1.565,0.0,-1.961,0
1266,0.0540832691319599,0.4329,0,-3.041,1.563,0,-1.958,1.617,0.0,-1.961,1
1267,0.0480416485978573,0.4196,0,-3.0322,1.585,0,-1.963,1.633,0.0,-1.961,0
1268,0.04104875150354751,0.4058,0,-3.0225,1.609,0,-1.963,1.65,0.0,-1.961,0
1269,0.05300943312279423,0.3636,0,-2.9919,1.649,0,-1.962,1.702,0.0,-1.963,1
1270,0.054009258465563155,0.3493,0,-2.9825,1.665,0,-1.964,1.719,0.0,-1.963,1
1271,0.05015974481593785,0.3353,0,-2.9729,1.686,0,-1.968,1.736,0.0,-1.964,1
1272,0.052153619241621235,0.2649,0,-2.9237,1.77,0,-1.97,1.822,0.0,-1.966,1
1273,0.05035871324805651,0.197,0,-2.8735,1.856,0,-1.976,1.906,0.0,-1.97,1
1274,0.015297058540777977,-0.9016,0,-2.1033,3.232,0,-2.01,3.247,0.0,-2.007,0
1275,0.026076809620810378,-0.9113,0,-2.0958,3.234,0,-2.01,3.26,0.0,-2.008,0
1276,0.013152946437965773,-0.965,0,-2.0956,3.302,0,-1.992,3.304,0.0,-1.979,0
1277,0.005099019513592702,-0.9632,0,-2.0957,3.298,0,-1.981,3.303,0.0,-1.98,0
1278,0.008000000000000007,-0.9618,0,-2.0957,3.294,0,-1.98,3.302,0.0,-1.98,0
1279,0.027586228448267545,0.0244,0,-2.8048,2.107,0,-1.952,2.088,0.0,-1.932,0
1280,0.028792360097776068,0.0694,0,-2.8356,2.061,0,-1.942,2.034,0.0,-1.932,0
1281,0.02282542442102662,0.0833,0,-2.8458,2.036,0,-1.942,2.016,0.0,-1.931,0
1282,0.01984943324127938,0.0964,0,-2.8557,2.015,0,-1.943,2.0,0.0,-1.93,0
1283,0.021931712199461405,0.1327,0,-2.8809,1.971,0,-1.945,1.956,0.0,-1.929,0
1284,0.03324154027718945,0.1635,0,-2.9028,1.949,0,-1.939,1.918,0.0,-1.927,0
1285,0.02823118842698619,0.178,0,-2.9129,1.926,0,-1.938,1.9,0.0,-1.927,0
1286,0.01972308292331594,0.1918,0,-2.9232,1.9,0,-1.936,1.883,0.0,-1.926,0
1287,0.02140093455903256,0.2058,0,-2.9337,1.879,0,-1.942,1.866,0.0,-1.925,0
1288,0.02024845673131645,0.2758,0,-2.987,1.789,0,-1.936,1.778,0.0,-1.919,0
1289,0.033286633954186504,0.2898,0,-2.9972,1.789,0,-1.936,1.761,0.0,-1.918,0
1290,0.03220248437620933,0.3154,0,-3.0214,1.752,0,-1.931,1.726,0.0,-1.912,0
1291,0.03601388621073825,0.3288,0,-3.0324,1.745,0,-1.911,1.709,0.0,-1.91,0
1292,0.04024922359499625,0.345,0,-3.0414,1.726,0,-1.894,1.69,0.0,-1.912,0
1293,0.04085339643163107,0.3939,0,-3.068,1.673,0,-1.902,1.635,0.0,-1.917,0
1294,0.04176122603564224,0.4096,0,-3.0763,1.657,0,-1.906,1.617,0.0,-1.918,0
1295,0.030413812651491026,0.4251,0,-3.0848,1.626,0,-1.906,1.599,0.0,-1.92,0
1296,0.03920459156782524,0.4404,0,-3.0923,1.621,0,-1.918,1.582,0.0,-1.922,0
1297,0.026305892875931835,0.4556,0,-3.0982,1.593,0,-1.929,1.567,0.0,-1.925,0
1298,0.02353720459187953,0.4706,0,-3.1063,1.573,0,-1.932,1.55,0.0,-1.927,0
1299,0.029000000000000137,0.4862,0,-3.1165,1.56,0,-1.927,1.531,0.0,-1.927,0
1300,0.03313608305156169,0.5016,0,-3.1272,1.545,0,-1.93,1.512,0.0,-1.927,0
1301,0.038000000000000034,0.5458,0,-3.1572,1.497,0,-1.926,1.459,0.0,-1.926,0
1302,0.03500000000000014,0.5602,0,-3.1666,1.477,0,-1.926,1.442,0.0,-1.926,0
1303,0.026000000000000023,0.5751,0,-3.1763,1.45,0,-1.926,1.424,0.0,-1.926,0
1304,0.0351283361405005,0.5973,0,-3.1992,1.428,0,-1.922,1.393,0.0,-1.919,0
1305,0.030149626863362686,0.6086,0,-3.2073,1.409,0,-1.922,1.379,0.0,-1.919,0
1306,0.038275318418009345,0.6221,0,-3.2159,1.399,0,-1.906,1.363,0.0,-1.919,0
1307,0.026400757564888147,0.6368,0,-3.216,1.374,0,-1.938,1.35,0.0,-1.927,0
1308,0.04242640687119289,0.7204,0,-3.2702,1.293,0,-1.922,1.251,0.0,-1.928,0
1309,0.04101219330881968,0.7457,0,-3.2826,1.264,0,-1.93,1.223,0.0,-1.931,0
1310,0.036055512754639925,0.7625,0,-3.2918,1.24,0,-1.931,1.204,0.0,-1.933,0
1311,0.043416586692184886,0.7783,0,-3.3002,1.228,0,-1.924,1.186,0.0,-1.935,0
1312,0.038600518131237736,0.7957,0,-3.3109,1.203,0,-1.924,1.166,0.0,-1.935,0
1313,0.044922154890432366,0.8232,0,-3.3276,1.176,0,-1.924,1.133,0.0,-1.937,0
1314,0.0430116263352131,0.8389,0,-3.3375,1.156,0,-1.924,1.115,0.0,-1.937,0
1315,0.04332435804486887,0.8525,0,-3.3454,1.14,0,-1.924,1.099,0.0,-1.938,0
1316,0.04332435804486887,0.9259,0,-3.3888,1.055,0,-1.928,1.014,0.0,-1.942,0
1317,0.03860051813123752,1.0038,0,-3.4346,0.961,0,-1.936,0.924,0.0,-1.947,0
1318,0.04272001872658769,1.0789,0,-3.4801,0.877,0,-1.938,0.836,0.0,-1.95,0
1319,0.042449970553582315,1.1552,0,-3.5274,0.787,0,-1.942,0.746,0.0,-1.953,0
1320,0.04272001872658755,1.2296,0,-3.5733,0.699,0,-1.941,0.659,0.0,-1.956,0
1321,0.04272001872658773,1.3663,0,-3.6596,0.537,0,-1.944,0.497,0.0,-1.959,0
1322,0.037107950630559,1.3806,0,-3.6689,0.516,0,-1.95,0.48,0.0,-1.959,0
1323,0.0425793377120876,1.4403,0,-3.7081,0.451,0,-1.952,0.409,0.0,-1.959,0
1324,0.03956008088970498,1.456,0,-3.7188,0.428,0,-1.948,0.39,0.0,-1.959,0
1325,0.043931765272977596,1.5004,0,-3.7482,0.379,0,-1.95,0.336,0.0,-1.959,0
1326,0.03981205847478875,1.5148,0,-3.7575,0.358,0,-1.951,0.319,0.0,-1.959,0
1327,0.03535533905932739,1.5298,0,-3.7669,0.337,0,-1.955,0.302,0.0,-1.96,0
1328,0.04242640687119283,1.5537,0,-3.7821,0.315,0,-1.954,0.273,0.0,-1.96,0
1329,0.02184032966784152,1.5542,0,-3.7828,0.294,0,-1.954,0.273,0.0,-1.96,0
1330,0.008944271909999168,1.552,0,-3.7815,0.279,0,-1.952,0.275,0.0,-1.96,0
1331,0.007280109889280418,1.55,0,-3.7801,0.28,0,-1.953,0.278,0.0,-1.96,0
1332,0.008062257748298557,1.5488,0,-3.7794,0.28,0,-1.952,0.279,0.0,-1.96,0
1333,0.00824621125123533,1.5488,0,-3.7792,0.281,0,-1.952,0.279,0.0,-1.96,0
1334,0.009433981132056584,1.5488,0,-3.7794,0.284,0,-1.952,0.279,0.0,-1.96,0
1335,0.009999999999999964,1.5511,0,-3.7808,0.284,0,-1.954,0.276,0.0,-1.96,0
1336,0.020124611797498027,1.5601,0,-3.7869,0.283,0,-1.951,0.265,0.0,-1.96,0
1337,0.03785498646149538,1.576,0,-3.7973,0.283,0,-1.952,0.246,0.0,-1.96,0
1338,0.04341658669218483,1.6322,0,-3.8337,0.222,0,-1.954,0.179,0.0,-1.96,0
1339,0.017720045146669333,1.6367,0,-3.8369,0.191,0,-1.955,0.174,0.0,-1.96,0
1340,0.014035668847618204,1.6338,0,-3.8352,0.191,0,-1.959,0.177,0.0,-1.96,0
1341,0.00824621125123533,1.6301,0,-3.8324,0.174,0,-1.958,0.182,0.0,-1.96,0
1342,0.007280109889280525,1.6268,0,-3.8306,0.179,0,-1.958,0.186,0.0,-1.96,0
1343,0.002236067977499742,1.627,0,-3.8304,0.184,0,-1.959,0.186,0.0,-1.96,0
1344,0.009219544457292894,1.633,0,-3.8347,0.187,0,-1.958,0.178,0.0,-1.96,0
1345,0.021999999999999992,1.644,0,-3.8418,0.187,0,-1.96,0.165,0.0,-1.96,0
1346,0.03101612483854164,1.6531,0,-3.8481,0.185,0,-1.959,0.154,0.0,-1.96,0
1347,0.018027756377319955,1.6568,0,-3.8504,0.168,0,-1.959,0.15,0.0,-1.96,0
1348,0.0050000000000000044,1.6562,0,-3.8499,0.153,0,-1.956,0.15,0.0,-1.96,0
1349,0.0036055512754639926,1.6549,0,-3.8491,0.149,0,-1.958,0.152,0.0,-1.96,0
1350,0.0040000000000000036,1.6548,0,-3.8491,0.152,0,-1.956,0.152,0.0,-1.96,0
1351,0.0029999999999998916,1.6548,0,-3.8491,0.152,0,-1.957,0.152,0.0,-1.96,0
1352,0.002236067977499742,1.6551,0,-3.8496,0.15,0,-1.959,0.152,0.0,-1.96,0
1353,0.006324555320336764,1.6551,0,-3.8496,0.15,0,-1.954,0.152,0.0,-1.96,0
1354,0.00509901951359268,1.655,0,-3.8498,0.152,0,-1.955,0.151,0.0,-1.96,0
1355,0.005385164807134406,1.655,0,-3.8497,0.154,0,-1.955,0.152,0.0,-1.96,0
1356,0.00509901951359268,1.6552,0,-3.8497,0.152,0,-1.955,0.151,0.0,-1.96,0
1357,0.0010000000000000009,1.655,0,-3.8498,0.152,0,-1.96,0.151,0.0,-1.96,0
1358,0.004123105625617665,1.6551,0,-3.8498,0.152,0,-1.956,0.151,0.0,-1.96,0
1359,0.006000000000000005,1.6551,0,-3.8496,0.152,0,-1.954,0.152,0.0,-1.96,0
1360,0.0014142135623730178,1.9534,0,-3.4514,0.123,0,-2.455,0.122,0.0,-2.456,0
1361,0.0020000000000000018,1.9533,0,-3.4513,0.124,0,-2.456,0.122,0.0,-2.456,0
1362,0.004242640687119053,1.9534,0,-3.4513,0.125,0,-2.454,0.122,0.0,-2.457,0
1363,0.004242640687119053,1.9534,0,-3.4513,0.125,0,-2.454,0.122,0.0,-2.457,0
1364,0.0010000000000000009,1.9533,0,-3.4513,0.123,0,-2.456,0.122,0.0,-2.456,0
1365,0.0014142135623730178,1.9534,0,-3.4512,0.123,0,-2.456,0.122,0.0,-2.457,0
1366,0.0028284271247460357,1.9534,0,-3.4512,0.124,0,-2.455,0.122,0.0,-2.457,0
1367,0.0009999999999998899,1.9534,0,-3.4513,0.122,0,-2.456,0.122,0.0,-2.457,0
1368,0.0019999999999997797,1.9533,0,-3.4511,0.122,0,-2.455,0.122,0.0,-2.457,0
1369,0.002236067977499742,1.9533,0,-3.4513,0.124,0,-2.455,0.122,0.0,-2.456,0
1370,0.0028284271247460357,1.9533,0,-3.4512,0.124,0,-2.455,0.122,0.0,-2.457,0
1371,0.002236067977499742,1.9532,0,-3.4513,0.124,0,-2.455,0.122,0.0,-2.456,0
1372,0.0009999999999998899,1.9533,0,-3.4513,0.122,0,-2.455,0.122,0.0,-2.456,0
1373,0.0029999999999996696,1.9533,0,-3.4511,0.122,0,-2.454,0.122,0.0,-2.457,0
1374,0.0031622776601680663,1.9532,0,-3.451,0.124,0,-2.454,0.123,0.0,-2.457,0
1375,0.0036055512754637154,1.9532,0,-3.4511,0.124,0,-2.454,0.122,0.0,-2.457,0
1376,0.002236067977499593,1.9532,0,-3.4512,0.123,0,-2.454,0.122,0.0,-2.456,0
1377,0.0014142135623730178,1.9533,0,-3.4511,0.123,0,-2.456,0.122,0.0,-2.457,0
1378,0.0031622776601680663,1.9533,0,-3.4511,0.123,0,-2.454,0.122,0.0,-2.457,0
1379,0.0020000000000000018,1.9533,0,-3.4511,0.124,0,-2.457,0.122,0.0,-2.457,0
1380,0.0020000000000000018,1.9532,0,-3.4511,0.124,0,-2.457,0.122,0.0,-2.457,0
1381,0.0010000000000000009,1.9532,0,-3.4512,0.121,0,-2.456,0.122,0.0,-2.456,0
1382,0.0028284271247460357,1.9532,0,-3.4511,0.124,0,-2.455,0.122,0.0,-2.457,0
1383,0.0028284271247460357,1.9532,0,-3.4511,0.124,0,-2.455,0.122,0.0,-2.457,0
1384,0.004242640687119053,1.9508,0,-3.4496,0.122,0,-2.454,0.125,0.0,-2.457,0
1385,0.015297058540778303,1.9406,0,-3.4428,0.123,0,-2.454,0.138,0.0,-2.457,0
1386,0.02906888370749725,1.924,0,-3.4324,0.128,0,-2.454,0.157,0.0,-2.456,0
1387,0.036000000000000004,1.8549,0,-3.3861,0.204,0,-2.457,0.24,0.0,-2.457,0
1388,0.024999999999999994,1.8435,0,-3.3787,0.229,0,-2.457,0.254,0.0,-2.457,0
1389,0.03801315561749643,1.8324,0,-3.3715,0.229,0,-2.455,0.267,0.0,-2.456,0
1390,0.032249030993194226,1.8208,0,-3.3637,0.249,0,-2.453,0.281,0.0,-2.457,0
1391,0.03206243908376275,1.8075,0,-3.3547,0.265,0,-2.455,0.297,0.0,-2.457,0
1392,0.024083189157584593,1.7984,0,-3.3486,0.284,0,-2.455,0.308,0.0,-2.457,0
1393,0.015033296378372914,1.7905,0,-3.3431,0.303,0,-2.456,0.318,0.0,-2.457,0
1394,0.030066592756745857,1.7776,0,-3.3352,0.303,0,-2.458,0.333,0.0,-2.456,0
1395,0.043999999999999984,1.7608,0,-3.3246,0.309,0,-2.456,0.353,0.0,-2.456,0
1396,0.0500899191454728,1.7244,0,-3.2995,0.347,0,-2.454,0.397,0.0,-2.457,1
1397,0.019026297590440402,1.7042,0,-3.2869,0.402,0,-2.457,0.421,0.0,-2.456,0
1398,0.019026297590440458,1.6946,0,-3.2816,0.413,0,-2.456,0.432,0.0,-2.455,0
1399,0.030000000000000027,1.6844,0,-3.2737,0.415,0,-2.456,0.445,0.0,-2.456,0
1400,0.030016662039607293,1.6731,0,-3.2659,0.428,0,-2.456,0.458,0.0,-2.457,0
1401,0.03199999999999997,1.6611,0,-3.2584,0.44,0,-2.456,0.472,0.0,-2.456,0
1402,0.02799999999999997,1.6474,0,-3.2495,0.461,0,-2.456,0.489,0.0,-2.456,0
1403,0.029017236257093838,1.6339,0,-3.2411,0.476,0,-2.457,0.505,0.0,-2.456,0
1404,0.042047592083257326,1.6235,0,-3.2335,0.476,0,-2.458,0.518,0.0,-2.456,0
1405,0.03500000000000003,1.611,0,-3.2239,0.498,0,-2.457,0.533,0.0,-2.457,0
1406,0.014035668847618235,1.4066,0,-3.0899,0.764,0,-2.458,0.778,0.0,-2.457,0
1407,0.015132745950421599,1.3987,0,-3.0848,0.772,0,-2.459,0.787,0.0,-2.457,0
1408,0.015000000000000013,1.3903,0,-3.0792,0.782,0,-2.457,0.797,0.0,-2.457,0
1409,0.020099751242241778,1.385,0,-3.078,0.782,0,-2.457,0.802,0.0,-2.455,0
1410,0.005830951894845135,1.3842,0,-3.0778,0.798,0,-2.457,0.803,0.0,-2.454,0
1411,0.004242640687119053,1.3844,0,-3.0779,0.806,0,-2.457,0.803,0.0,-2.454,0
1412,0.0030000000000000027,1.3844,0,-3.0777,0.806,0,-2.455,0.803,0.0,-2.455,0
1413,0.0010000000000000009,1.3845,0,-3.0777,0.804,0,-2.455,0.803,0.0,-2.455,0
1414,0.0010000000000000009,1.3845,0,-3.0778,0.804,0,-2.455,0.803,0.0,-2.455,0
1415,0.0014142135623730178,1.3844,0,-3.0776,0.802,0,-2.454,0.803,0.0,-2.455,0
1416,0.003162277660168347,1.3844,0,-3.0776,0.806,0,-2.454,0.803,0.0,-2.455,0
1417,0.0030000000000000027,1.3844,0,-3.0776,0.806,0,-2.455,0.803,0.0,-2.455,0
1418,0.0014142135623730178,1.3845,0,-3.0776,0.804,0,-2.456,0.803,0.0,-2.455,0
1419,0.0010000000000000009,1.3843,0,-3.0776,0.804,0,-2.455,0.803,0.0,-2.455,0
1420,0.0030000000000000027,1.3843,0,-3.0775,0.806,0,-2.455,0.803,0.0,-2.455,0
1421,0.0,1.3844,0,-3.0774,0.803,0,-2.455,0.803,0.0,-2.455,0
1422,0.003162277660168347,1.3843,0,-3.0774,0.806,0,-2.454,0.803,0.0,-2.455,0
1423,0.0040000000000000036,1.3844,0,-3.0775,0.807,0,-2.455,0.803,0.0,-2.455,0
1424,0.005099019513592768,1.3865,0,-3.078,0.806,0,-2.454,0.801,0.0,-2.455,0
1425,0.014000000000000012,1.395,0,-3.0825,0.805,0,-2.456,0.791,0.0,-2.456,0
1426,0.026019223662515394,1.4081,0,-3.0907,0.802,0,-2.456,0.776,0.0,-2.457,0
1427,0.03201562118716427,1.4238,0,-3.1013,0.789,0,-2.456,0.757,0.0,-2.457,0
1428,0.04428317965096897,1.4863,0,-3.1422,0.726,0,-2.452,0.682,0.0,-2.457,0
1429,0.03945883931389761,1.4997,0,-3.1507,0.705,0,-2.451,0.666,0.0,-2.457,0
1430,0.04554119014694286,1.5261,0,-3.1671,0.68,0,-2.451,0.635,0.0,-2.458,0
1431,0.046097722286464526,1.539,0,-3.1751,0.665,0,-2.449,0.62,0.0,-2.459,0
1432,0.03832753579347369,1.5662,0,-3.1928,0.625,0,-2.449,0.588,0.0,-2.459,0
1433,0.03807886552931955,1.5815,0,-3.2057,0.605,0,-2.447,0.568,0.0,-2.456,0
1434,0.022825424421026513,1.5833,0,-3.2064,0.586,0,-2.446,0.566,0.0,-2.457,0
1435,0.01562049935181318,1.5832,0,-3.2061,0.578,0,-2.447,0.566,0.0,-2.457,0
1436,0.01166190378969042,1.583,0,-3.2061,0.572,0,-2.447,0.566,0.0,-2.457,0
1437,0.012529964086141387,1.5832,0,-3.2063,0.572,0,-2.446,0.566,0.0,-2.457,0
1438,0.014317821063276264,1.5832,0,-3.2062,0.572,0,-2.444,0.566,0.0,-2.457,0
1439,0.013892443989449816,1.5832,0,-3.2063,0.573,0,-2.445,0.566,0.0,-2.457,0
1440,0.015620499351813323,1.5832,0,-3.2063,0.576,0,-2.445,0.566,0.0,-2.457,0
1441,0.015620499351813323,1.5832,0,-3.2063,0.576,0,-2.445,0.566,0.0,-2.457,0
1442,0.015620499351813323,1.5832,0,-3.2064,0.576,0,-2.445,0.566,0.0,-2.457,0
1443,0.01118033988749876,1.5833,0,-3.2065,0.571,0,-2.447,0.566,0.0,-2.457,0
1444,0.014866068747318273,1.5832,0,-3.2065,0.576,0,-2.446,0.566,0.0,-2.457,0
1445,0.014866068747318273,1.5833,0,-3.2066,0.576,0,-2.446,0.566,0.0,-2.457,0
1446,0.012529964086141777,1.5821,0,-3.206,0.573,0,-2.445,0.567,0.0,-2.456,0
1447,0.009999999999999787,1.5784,0,-3.2038,0.572,0,-2.446,0.572,0.0,-2.456,0
1448,0.014142135623731183,1.5723,0,-3.1981,0.578,0,-2.444,0.58,0.0,-2.458,0
1449,0.019849433241279444,1.5624,0,-3.191,0.577,0,-2.445,0.592,0.0,-2.458,0
1450,0.024515301344262615,1.5527,0,-3.1847,0.58,0,-2.453,0.604,0.0,-2.458,0
1451,0.019646882704388604,1.5449,0,-3.1797,0.594,0,-2.453,0.613,0.0,-2.458,0
1452,0.007810249675906874,1.5387,0,-3.1759,0.614,0,-2.453,0.62,0.0,-2.458,0
1453,0.007211102550927985,1.5334,0,-3.1724,0.62,0,-2.454,0.626,0.0,-2.458,0
1454,0.012999999999999968,1.5282,0,-3.1693,0.62,0,-2.452,0.632,0.0,-2.457,0
1455,0.012999999999999968,1.5224,0,-3.1657,0.627,0,-2.452,0.639,0.0,-2.457,0
1456,0.010770329614269018,1.5158,0,-3.1613,0.637,0,-2.453,0.647,0.0,-2.457,0
1457,0.012165525060596413,1.5089,0,-3.1572,0.643,0,-2.455,0.655,0.0,-2.457,0
1458,0.010295630140986955,1.5015,0,-3.1525,0.655,0,-2.452,0.664,0.0,-2.457,0
1459,0.01711724276862368,1.4945,0,-3.1479,0.655,0,-2.455,0.672,0.0,-2.457,0
1460,0.018248287590894693,1.4876,0,-3.1436,0.662,0,-2.453,0.68,0.0,-2.456,0
1461,0.013341664064126263,1.4812,0,-3.1395,0.675,0,-2.453,0.688,0.0,-2.456,0
1462,0.014560219778560942,1.4754,0,-3.1356,0.681,0,-2.452,0.695,0.0,-2.456,0
1463,0.008062257748298543,1.4693,0,-3.1316,0.694,0,-2.455,0.702,0.0,-2.456,0
1464,0.018248287590894693,1.4621,0,-3.127,0.693,0,-2.453,0.711,0.0,-2.456,0
1465,0.017029386365926408,1.455,0,-3.1221,0.703,0,-2.455,0.72,0.0,-2.456,0
1466,0.018027756377319955,1.4477,0,-3.1175,0.71,0,-2.455,0.728,0.0,-2.456,0
1467,0.015033296378372914,1.4408,0,-3.1128,0.721,0,-2.455,0.736,0.0,-2.456,0
1468,0.016031219541881404,1.4343,0,-3.1083,0.728,0,-2.456,0.744,0.0,-2.457,0
1469,0.024083189157584593,1.4282,0,-3.104,0.728,0,-2.455,0.752,0.0,-2.457,0
1470,0.015000000000000013,1.4223,0,-3.1002,0.744,0,-2.457,0.759,0.0,-2.457,0
1471,0.014000000000000012,1.4165,0,-3.0962,0.752,0,-2.457,0.766,0.0,-2.457,0
1472,0.01104536101718726,1.4104,0,-3.0922,0.762,0,-2.456,0.773,0.0,-2.457,0
1473,0.015000000000000013,1.4032,0,-3.0875,0.767,0,-2.457,0.782,0.0,-2.457,0
1474,0.02300000000000002,1.3964,0,-3.083,0.767,0,-2.457,0.79,0.0,-2.457,0
1475,0.020000000000000018,1.3901,0,-3.0787,0.778,0,-2.457,0.798,0.0,-2.457,0
1476,0.009055385138137412,1.3866,0,-3.0775,0.792,0,-2.457,0.801,0.0,-2.456,0
1477,0.004472135954999484,1.3854,0,-3.0776,0.798,0,-2.457,0.802,0.0,-2.455,0
1478,0.004472135954999484,1.3839,0,-3.0768,0.8,0,-2.457,0.804,0.0,-2.455,0
1479,0.006000000000000005,1.382,0,-3.0751,0.8,0,-2.455,0.806,0.0,-2.455,0
1480,0.008999999999999897,1.3759,0,-3.0706,0.805,0,-2.456,0.814,0.0,-2.456,0
1481,0.019999999999999907,1.3656,0,-3.0635,0.806,0,-2.456,0.826,0.0,-2.456,0
1482,0.022090722034374562,1.3574,0,-3.0562,0.815,0,-2.456,0.837,0.0,-2.458,0
1483,0.022090722034374562,1.3485,0,-3.0489,0.827,0,-2.457,0.849,0.0,-2.459,0
1484,0.03101612483854167,1.3414,0,-3.0433,0.827,0,-2.459,0.858,0.0,-2.46,0
1485,0.025495097567963927,1.3359,0,-3.039,0.84,0,-2.465,0.865,0.0,-2.46,0
1486,0.026305892875931835,1.3286,0,-3.0332,0.848,0,-2.465,0.874,0.0,-2.461,0
1487,0.03257299494980476,1.3165,0,-3.0262,0.857,0,-2.47,0.888,0.0,-2.46,0
1488,0.040521599178709684,1.3102,0,-3.0206,0.857,0,-2.472,0.896,0.0,-2.461,0
1489,0.025999999999999936,1.3061,0,-3.0175,0.877,0,-2.472,0.901,0.0,-2.462,0
1490,0.021260291625469465,1.3028,0,-3.016,0.889,0,-2.475,0.905,0.0,-2.461,0
1491,0.016401219466857003,1.2989,0,-3.0133,0.9,0,-2.474,0.91,0.0,-2.461,0
1492,0.020248456731316665,1.2934,0,-3.0093,0.9,0,-2.472,0.917,0.0,-2.461,0
1493,0.027313000567495214,1.2871,0,-3.0043,0.9,0,-2.473,0.925,0.0,-2.462,0
1494,0.02507987240796884,1.2799,0,-2.9987,0.911,0,-2.473,0.934,0.0,-2.463,0
1495,0.02325940669922584,1.2723,0,-2.9948,0.921,0,-2.472,0.942,0.0,-2.462,0
1496,0.016278820596099714,1.2682,0,-2.9928,0.935,0,-2.472,0.947,0.0,-2.461,0
1497,0.013601470508735544,1.2665,0,-2.9926,0.94,0,-2.472,0.948,0.0,-2.461,0
1498,0.019416487838947616,1.2636,0,-2.9921,0.94,0,-2.475,0.951,0.0,-2.459,0
1499,0.023430749027719813,1.2568,0,-2.9889,0.943,0,-2.476,0.958,0.0,-2.458,0
1500,0.03535533905932757,1.2481,0,-2.9747,0.942,0,-2.482,0.973,0.0,-2.465,0
1501,0.041231056256176644,1.2355,0,-2.9641,0.952,0,-2.483,0.99,0.0,-2.467,0
1502,0.04031128874149266,1.2256,0,-2.9543,0.963,0,-2.475,1.003,0.0,-2.47,0
1503,0.03671511950137157,1.2116,0,-2.9448,0.988,0,-2.488,1.02,0.0,-2.47,0
1504,0.02523885892824773,1.2027,0,-2.9394,1.01,0,-2.484,1.031,0.0,-2.47,0
1505,0.01780449381476463,1.2009,0,-2.9382,1.022,0,-2.484,1.033,0.0,-2.47,0
1506,0.019849433241279236,1.1984,0,-2.9374,1.022,0,-2.484,1.035,0.0,-2.469,0
1507,0.017492855684535957,1.1965,0,-2.9367,1.028,0,-2.484,1.037,0.0,-2.469,0
1508,0.017804493814765114,1.1963,0,-2.9365,1.027,0,-2.483,1.038,0.0,-2.469,0
1509,0.023430749027720084,1.195,0,-2.9352,1.024,0,-2.487,1.039,0.0,-2.469,0
1510,0.019104973174542742,1.1908,0,-2.9312,1.031,0,-2.483,1.045,0.0,-2.47,0
1511,0.02640075756488824,1.1828,0,-2.9239,1.032,0,-2.483,1.056,0.0,-2.472,0
1512,0.03613862199918553,1.1735,0,-2.9164,1.033,0,-2.482,1.068,0.0,-2.473,0
1513,0.04570557952810591,1.1644,0,-2.9086,1.035,0,-2.482,1.08,0.0,-2.474,0
1514,0.03710795063055895,1.1569,0,-2.9023,1.053,0,-2.484,1.089,0.0,-2.475,0
1515,0.044721359549995836,1.1352,0,-2.8848,1.077,0,-2.498,1.117,0.0,-2.478,0
1516,0.0434165866921848,1.1302,0,-2.8805,1.086,0,-2.5,1.124,0.0,-2.479,0
1517,0.027586228448267382,1.1269,0,-2.8774,1.108,0,-2.499,1.128,0.0,-2.48,0
1518,0.03189043743820374,1.1175,0,-2.8697,1.116,0,-2.502,1.14,0.0,-2.481,0
1519,0.02920616373302027,1.1118,0,-2.8645,1.125,0,-2.5,1.148,0.0,-2.482,0
1520,0.03689173349139356,1.1049,0,-2.8584,1.126,0,-2.503,1.157,0.0,-2.483,0
1521,0.041146081222882,1.0982,0,-2.8521,1.129,0,-2.503,1.166,0.0,-2.485,0
1522,0.029068883707497443,1.092,0,-2.848,1.147,0,-2.498,1.173,0.0,-2.485,0
1523,0.024758836806279837,1.0894,0,-2.8467,1.158,0,-2.502,1.176,0.0,-2.485,0
1524,0.02906888370749705,1.0897,0,-2.8471,1.157,0,-2.506,1.176,0.0,-2.484,0
1525,0.03220248437620902,1.0892,0,-2.8472,1.157,0,-2.51,1.176,0.0,-2.484,0
1526,0.03201562118716419,1.0876,0,-2.8468,1.158,0,-2.509,1.178,0.0,-2.484,0
1527,0.03889730067755325,1.0817,0,-2.8448,1.156,0,-2.509,1.184,0.0,-2.482,0
1528,0.042438190347846017,1.0735,0,-2.8326,1.162,0,-2.512,1.197,0.0,-2.488,0
1529,0.04326661530556748,1.0344,0,-2.7949,1.215,0,-2.522,1.251,0.0,-2.498,0
1530,0.04123105625617678,1.0302,0,-2.7925,1.224,0,-2.523,1.256,0.0,-2.497,0
1531,0.03138470965295044,1.0295,0,-2.7918,1.241,0,-2.524,1.257,0.0,-2.497,0
1532,0.03275667870831799,1.0287,0,-2.791,1.241,0,-2.526,1.258,0.0,-2.498,0
1533,0.034205262752973836,1.0251,0,-2.7877,1.242,0,-2.525,1.263,0.0,-2.498,0
1534,0.041400483088968786,1.0184,0,-2.7821,1.238,0,-2.524,1.271,0.0,-2.499,0
1535,0.0380131556174965,1.0111,0,-2.7751,1.25,0,-2.523,1.281,0.0,-2.501,0
1536,0.037735924528226446,1.0031,0,-2.7679,1.26,0,-2.523,1.292,0.0,-2.503,0
1537,0.03661966684720133,0.9893,0,-2.7545,1.281,0,-2.527,1.311,0.0,-2.506,0
1538,0.03255764119219929,0.9889,0,-2.7537,1.287,0,-2.529,1.311,0.0,-2.507,0
1539,0.029698484809835023,0.9868,0,-2.7515,1.293,0,-2.529,1.314,0.0,-2.508,0
1540,0.03848376280978765,0.9393,0,-2.7174,1.338,0,-2.526,1.373,0.0,-2.51,0
1541,0.038999999999999875,0.9341,0,-2.7132,1.344,0,-2.525,1.38,0.0,-2.51,0
1542,0.030528675044947336,0.9292,0,-2.7093,1.36,0,-2.527,1.386,0.0,-2.511,0
1543,0.03758989225842483,0.923,0,-2.7047,1.36,0,-2.529,1.393,0.0,-2.511,0
1544,0.04085339643163107,0.895,0,-2.6836,1.39,0,-2.529,1.428,0.0,-2.514,0
1545,0.03498571136907195,0.8906,0,-2.6799,1.404,0,-2.532,1.434,0.0,-2.514,0
1546,0.037589892258425045,0.8876,0,-2.6778,1.405,0,-2.532,1.438,0.0,-2.514,0
1547,0.028319604517012775,0.8868,0,-2.6777,1.418,0,-2.533,1.439,0.0,-2.514,0
1548,0.032557641192199595,0.8862,0,-2.6775,1.415,0,-2.536,1.439,0.0,-2.514,0
1549,0.030000000000000023,0.8862,0,-2.6773,1.421,0,-2.538,1.439,0.0,-2.514,0
1550,0.033941125496954314,0.8863,0,-2.6759,1.416,0,-2.539,1.44,0.0,-2.515,0
1551,0.03360059523282301,0.8856,0,-2.6713,1.416,0,-2.539,1.443,0.0,-2.519,0
1552,0.036055512754639925,0.8799,0,-2.6619,1.419,0,-2.535,1.453,0.0,-2.523,0
1553,0.0730821455623738,-0.836,0,-1.3798,3.57,0,-2.577,3.591,0.0,-2.647,1
1554,0.013892443989449872,0.078,0,-2.0431,2.475,0,-2.605,2.463,0.0,-2.598,0
1555,0.008544003745317578,0.0885,0,-2.0505,2.458,0,-2.6,2.45,0.0,-2.597,0
1556,0.019026297590440593,0.0986,0,-2.0554,2.458,0,-2.598,2.439,0.0,-2.599,0
1557,0.015000000000000124,0.1099,0,-2.0612,2.442,0,-2.6,2.427,0.0,-2.6,0
1558,0.01581138830084156,0.1212,0,-2.0651,2.42,0,-2.618,2.415,0.0,-2.603,0
1559,0.017029386365926297,0.1328,0,-2.0714,2.403,0,-2.621,2.402,0.0,-2.604,0
1560,0.0268328157299975,0.2285,0,-2.1338,2.3,0,-2.629,2.288,0.0,-2.605,0
1561,0.01565247584249879,0.2402,0,-2.1398,2.282,0,-2.62,2.275,0.0,-2.606,0
1562,0.029410882339705704,0.4216,0,-2.266,2.071,0,-2.625,2.054,0.0,-2.601,0
1563,0.026627053911388962,0.4327,0,-2.2735,2.055,0,-2.623,2.04,0.0,-2.601,0
1564,0.0264196896272461,0.4443,0,-2.2819,2.039,0,-2.623,2.026,0.0,-2.6,0
1565,0.02692582403567236,0.4563,0,-2.2908,2.021,0,-2.624,2.011,0.0,-2.599,0
1566,0.025079872407968534,0.4683,0,-2.2991,2.006,0,-2.622,1.996,0.0,-2.599,0
1567,0.033941125496954154,0.4798,0,-2.3071,2.006,0,-2.623,1.982,0.0,-2.599,0
1568,0.026907248094147445,0.492,0,-2.3149,1.986,0,-2.619,1.968,0.0,-2.599,0
1569,0.025000000000000088,0.5033,0,-2.3227,1.969,0,-2.619,1.954,0.0,-2.599,0
1570,0.021931712199461283,0.5143,0,-2.3306,1.95,0,-2.618,1.941,0.0,-2.598,0
1571,0.02088061301782112,0.5258,0,-2.3389,1.933,0,-2.618,1.927,0.0,-2.598,0
1572,0.030413812651491363,0.5372,0,-2.3474,1.933,0,-2.619,1.912,0.0,-2.597,0
1573,0.029410882339705575,0.5485,0,-2.3557,1.915,0,-2.62,1.898,0.0,-2.596,0
1574,0.027784887978899633,0.56,0,-2.3636,1.898,0,-2.62,1.884,0.0,-2.596,0
1575,0.02370653918225927,0.5709,0,-2.3717,1.882,0,-2.616,1.871,0.0,-2.595,0
1576,0.02353720459187936,0.5826,0,-2.3798,1.862,0,-2.618,1.857,0.0,-2.595,0
1577,0.025495097567963955,0.5938,0,-2.3872,1.862,0,-2.612,1.843,0.0,-2.595,0
1578,0.025612496949731417,0.6056,0,-2.395,1.845,0,-2.615,1.829,0.0,-2.595,0
1579,0.026907248094147445,0.6171,0,-2.4027,1.833,0,-2.615,1.815,0.0,-2.595,0
1580,0.024041630560342954,0.6285,0,-2.4112,1.818,0,-2.611,1.801,0.0,-2.594,0
1581,0.023259406699226336,0.6402,0,-2.4192,1.797,0,-2.615,1.787,0.0,-2.594,0
1582,0.031240998703626646,0.6518,0,-2.4273,1.797,0,-2.613,1.773,0.0,-2.593,0
1583,0.028600699292150054,0.6638,0,-2.4352,1.781,0,-2.61,1.758,0.0,-2.593,0
1584,0.02483948469674838,0.6755,0,-2.4427,1.763,0,-2.61,1.744,0.0,-2.594,0
1585,0.022472205054244347,0.6867,0,-2.4506,1.743,0,-2.612,1.731,0.0,-2.593,0
1586,0.022472205054244347,0.6978,0,-2.4582,1.729,0,-2.612,1.717,0.0,-2.593,0
1587,0.031064449134018103,0.7092,0,-2.466,1.729,0,-2.61,1.703,0.0,-2.593,0
1588,0.02999999999999989,0.7211,0,-2.4742,1.713,0,-2.61,1.689,0.0,-2.592,0
1589,0.02720294101747091,0.7329,0,-2.4823,1.697,0,-2.608,1.675,0.0,-2.592,0
1590,0.026172504656604582,0.7441,0,-2.4908,1.679,0,-2.61,1.661,0.0,-2.591,0
1591,0.02416609194718937,0.7478,0,-2.5006,1.662,0,-2.607,1.652,0.0,-2.585,0
1592,0.026907248094147445,0.7541,0,-2.5067,1.662,0,-2.603,1.644,0.0,-2.583,0
1593,0.025612496949731417,0.7631,0,-2.5135,1.648,0,-2.603,1.632,0.0,-2.583,0
1594,0.03360059523282287,0.7758,0,-2.5209,1.638,0,-2.611,1.618,0.0,-2.584,0
1595,0.027784887978899633,0.7907,0,-2.5211,1.619,0,-2.616,1.605,0.0,-2.592,0
1596,0.02662705391138878,0.8104,0,-2.527,1.607,0,-2.613,1.585,0.0,-2.598,0
1597,0.03471310991541962,0.8206,0,-2.5344,1.607,0,-2.604,1.573,0.0,-2.597,0
1598,0.030083217912982567,0.831,0,-2.542,1.589,0,-2.604,1.56,0.0,-2.596,0
1599,0.03182766092567921,0.8444,0,-2.5491,1.567,0,-2.621,1.545,0.0,-2.598,0
1600,0.026400757564888286,0.855,0,-2.5619,1.55,0,-2.609,1.529,0.0,-2.593,0
1601,0.03471310991541967,0.8651,0,-2.5731,1.54,0,-2.612,1.514,0.0,-2.589,0
1602,0.03373425558686595,0.8721,0,-2.5776,1.539,0,-2.596,1.506,0.0,-2.589,0
1603,0.014764823060233368,0.8769,0,-2.5815,1.513,0,-2.596,1.5,0.0,-2.589,0
1604,0.007211102550927985,0.8862,0,-2.5872,1.495,0,-2.593,1.489,0.0,-2.589,0
1605,0.017262676501631994,0.9013,0,-2.5962,1.488,0,-2.593,1.471,0.0,-2.59,0
1606,0.024515301344262524,0.9202,0,-2.6036,1.476,0,-2.589,1.452,0.0,-2.594,0
1607,0.043046486500061924,0.9345,0,-2.6141,1.477,0,-2.595,1.434,0.0,-2.593,0
1608,0.030000000000000027,0.9477,0,-2.6225,1.448,0,-2.594,1.418,0.0,-2.594,0
1609,0.027856776554368343,0.9581,0,-2.6292,1.432,0,-2.604,1.406,0.0,-2.594,0
1610,0.019697715603592226,0.967,0,-2.6346,1.413,0,-2.602,1.395,0.0,-2.594,0
1611,0.012999999999999968,0.9751,0,-2.6415,1.397,0,-2.598,1.385,0.0,-2.593,0
1612,0.023537204591879624,0.9858,0,-2.6471,1.396,0,-2.599,1.373,0.0,-2.594,0
1613,0.02927456233660881,0.9961,0,-2.6529,1.39,0,-2.599,1.361,0.0,-2.595,0
1614,0.024515301344262524,1.0058,0,-2.6588,1.374,0,-2.6,1.35,0.0,-2.595,0
1615,0.021587033144922788,1.0165,0,-2.6643,1.359,0,-2.602,1.338,0.0,-2.597,0
1616,0.01300000000000014,1.0283,0,-2.6702,1.337,0,-2.603,1.325,0.0,-2.598,0
1617,0.02720294101747091,1.0401,0,-2.6772,1.337,0,-2.607,1.311,0.0,-2.599,0
1618,0.026248809496813293,1.0521,0,-2.6855,1.321,0,-2.607,1.296,0.0,-2.599,0
1619,0.027802877548915916,1.0648,0,-2.6947,1.303,0,-2.615,1.281,0.0,-2.598,0
1620,0.02385372088375333,1.0774,0,-2.7034,1.285,0,-2.611,1.265,0.0,-2.598,0
1621,0.023853720883753086,1.0896,0,-2.7116,1.271,0,-2.61,1.251,0.0,-2.597,0
1622,0.03676955262170038,1.1013,0,-2.7196,1.271,0,-2.611,1.237,0.0,-2.597,0
1623,0.03324154027718925,1.112,0,-2.725,1.256,0,-2.611,1.225,0.0,-2.599,0
1624,0.022360679774998015,1.115,0,-2.7276,1.241,0,-2.608,1.221,0.0,-2.598,0
1625,0.01360147050873535,1.1195,0,-2.7315,1.219,0,-2.61,1.215,0.0,-2.597,0
1626,0.022803508501982643,1.13,0,-2.7398,1.219,0,-2.61,1.201,0.0,-2.596,0
1627,0.0401621712560464,1.1453,0,-2.7502,1.221,0,-2.609,1.183,0.0,-2.596,0
1628,0.04346262762420146,1.1625,0,-2.7665,1.2,0,-2.609,1.16,0.0,-2.592,0
1629,0.04244997055358231,1.1822,0,-2.7762,1.179,0,-2.606,1.138,0.0,-2.595,0
1630,0.0371214223865411,1.1986,0,-2.7852,1.156,0,-2.599,1.119,0.0,-2.596,0
1631,0.030265491900843138,1.2185,0,-2.7997,1.125,0,-2.599,1.095,0.0,-2.595,0
1632,0.020615528128088294,1.2261,0,-2.8037,1.106,0,-2.601,1.086,0.0,-2.596,0
1633,0.008944271909999168,1.2294,0,-2.8056,1.09,0,-2.6,1.082,0.0,-2.596,0
1634,0.013341664064126263,1.2295,0,-2.806,1.079,0,-2.609,1.082,0.0,-2.596,0
1635,0.013152946437966247,1.2296,0,-2.8081,1.079,0,-2.607,1.081,0.0,-2.594,0
1636,0.017888543819998336,1.234,0,-2.8131,1.082,0,-2.608,1.074,0.0,-2.592,0
1637,0.025495097567963955,1.2451,0,-2.8212,1.08,0,-2.609,1.061,0.0,-2.592,0
1638,0.033615472627943295,1.2624,0,-2.8341,1.068,0,-2.608,1.039,0.0,-2.591,0
1639,0.03721558813185688,1.279,0,-2.8468,1.05,0,-2.608,1.018,0.0,-2.589,0
1640,0.04110960958218897,1.3064,0,-2.8592,1.027,0,-2.607,0.988,0.0,-2.594,0
1641,0.019209372712298476,1.3089,0,-2.86,1.001,0,-2.607,0.986,0.0,-2.595,0
1642,0.011401754250991497,1.3079,0,-2.8606,0.983,0,-2.605,0.986,0.0,-2.594,0
1643,0.02973213749463704,1.3067,0,-2.8614,0.977,0,-2.62,0.987,0.0,-2.592,0
1644,0.02451530134426255,1.3097,0,-2.8654,0.977,0,-2.614,0.982,0.0,-2.59,0
1645,0.022203603311174717,1.3237,0,-2.8747,0.978,0,-2.608,0.965,0.0,-2.59,0
1646,0.03860051813123767,1.3389,0,-2.8905,0.975,0,-2.609,0.944,0.0,-2.586,0
1647,0.04110960958218904,1.3697,0,-2.922,0.932,0,-2.603,0.901,0.0,-2.576,0
1648,0.04327817001676484,1.3918,0,-2.9382,0.907,0,-2.603,0.874,0.0,-2.575,0
1649,0.03889730067755348,1.4003,0,-2.9439,0.89,0,-2.603,0.863,0.0,-2.575,0
1650,0.036055512754639744,1.4064,0,-2.9474,0.876,0,-2.605,0.856,0.0,-2.575,0
1651,0.022022715545545038,1.4059,0,-2.9467,0.858,0,-2.598,0.857,0.0,-2.576,0
1652,0.027166155414412384,1.4025,0,-2.944,0.859,0,-2.603,0.862,0.0,-2.576,0
1653,0.024738633753705982,1.4045,0,-2.9444,0.854,0,-2.601,0.86,0.0,-2.577,0
1654,0.020248456731316644,1.4052,0,-2.948,0.876,0,-2.581,0.857,0.0,-2.574,0
1655,0.04401136216933081,1.4143,0,-2.9515,0.889,0,-2.56,0.848,0.0,-2.576,0
1656,0.022360679774997918,1.4277,0,-2.9634,0.852,0,-2.578,0.83,0.0,-2.574,0
1657,0.04560701700396556,1.4787,0,-3.0185,0.769,0,-2.6,0.757,0.0,-2.556,0
1658,0.04210700654285486,1.4854,0,-3.025,0.751,0,-2.596,0.748,0.0,-2.554,0
1659,0.039051248379533526,1.4896,0,-3.0292,0.751,0,-2.591,0.742,0.0,-2.553,0
1660,0.04601086828130918,1.4964,0,-3.0345,0.732,0,-2.598,0.733,0.0,-2.552,0
1661,0.029966648127543273,1.5373,0,-3.0761,0.703,0,-2.553,0.676,0.0,-2.54,0
1662,0.02617250465660484,1.5503,0,-3.0841,0.687,0,-2.544,0.661,0.0,-2.541,0
1663,0.04031128874149277,1.5622,0,-3.0923,0.687,0,-2.545,0.647,0.0,-2.54,0
1664,0.03535533905932739,1.5735,0,-3.1003,0.668,0,-2.545,0.633,0.0,-2.54,0
1665,0.03041381265149111,1.5839,0,-3.1078,0.65,0,-2.544,0.62,0.0,-2.539,0
1666,0.02596150997149427,1.5948,0,-3.1152,0.632,0,-2.546,0.607,0.0,-2.539,0
1667,0.027166155414412238,1.606,0,-3.1229,0.62,0,-2.542,0.593,0.0,-2.539,0
1668,0.040607881008493885,1.617,0,-3.1304,0.62,0,-2.546,0.58,0.0,-2.539,0
1669,0.03238826948140331,1.6276,0,-3.1351,0.6,0,-2.546,0.568,0.0,-2.541,0
1670,0.022022715545545253,1.633,0,-3.1348,0.586,0,-2.543,0.564,0.0,-2.544,0
1671,0.002236067977499742,1.6335,0,-3.1329,0.567,0,-2.545,0.565,0.0,-2.546,0
1672,0.006082762530298006,1.634,0,-3.1312,0.566,0,-2.554,0.565,0.0,-2.548,0
1673,0.005656854249492385,1.6367,0,-3.1309,0.567,0,-2.553,0.563,0.0,-2.549,0
1674,0.0119999999999999,1.6429,0,-3.1311,0.57,0,-2.552,0.558,0.0,-2.552,0
1675,0.023345235059857417,1.6523,0,-3.1366,0.57,0,-2.557,0.547,0.0,-2.553,0
1676,0.032557641192199484,1.6678,0,-3.1465,0.561,0,-2.559,0.529,0.0,-2.553,0
1677,0.0434165866921848,1.6813,0,-3.1683,0.543,0,-2.564,0.505,0.0,-2.543,0
1678,0.04588027898781786,1.7071,0,-3.1828,0.52,0,-2.558,0.476,0.0,-2.545,0
1679,0.041436698710201274,1.7234,0,-3.1928,0.498,0,-2.539,0.457,0.0,-2.545,0
1680,0.041194659848091945,1.7404,0,-3.2053,0.477,0,-2.54,0.436,0.0,-2.544,0
1681,0.02531797780234435,1.7485,0,-3.2098,0.451,0,-2.541,0.426,0.0,-2.545,0
1682,0.024186773244895682,1.7479,0,-3.2097,0.451,0,-2.542,0.427,0.0,-2.545,0
1683,0.004242640687119367,1.7481,0,-3.2101,0.429,0,-2.542,0.426,0.0,-2.545,0
1684,0.0022360679774999902,1.7487,0,-3.2114,0.426,0,-2.542,0.425,0.0,-2.544,0
1685,0.0036055512754641157,1.7498,0,-3.2145,0.426,0,-2.544,0.423,0.0,-2.542,0
1686,0.015033296378372914,1.7527,0,-3.22,0.432,0,-2.54,0.417,0.0,-2.539,0
1687,0.03275667870831846,1.7575,0,-3.2256,0.442,0,-2.53,0.41,0.0,-2.537,0
1688,0.039623225512317665,1.776,0,-3.2447,0.413,0,-2.558,0.384,0.0,-2.531,0
1689,0.0280178514522439,1.9418,0,-3.411,0.138,0,-2.507,0.154,0.0,-2.484,0
1690,0.031622776601683625,1.942,0,-3.4109,0.136,0,-2.51,0.154,0.0,-2.484,0
1691,0.0280178514522439,1.9418,0,-3.4111,0.138,0,-2.507,0.154,0.0,-2.484,0
1692,0.030528675044947322,1.9419,0,-3.4109,0.138,0,-2.51,0.154,0.0,-2.484,0
1693,0.031622776601683625,1.9418,0,-3.4109,0.136,0,-2.51,0.154,0.0,-2.484,0
1694,0.03001666203960709,1.9416,0,-3.4109,0.139,0,-2.51,0.154,0.0,-2.484,0
1695,0.037013511046643424,1.94,0,-3.41,0.133,0,-2.513,0.156,0.0,-2.484,0
1696,0.048836461788299146,1.9365,0,-3.4084,0.127,0,-2.519,0.16,0.0,-2.483,0
1697,0.051088159097779154,1.933,0,-3.406,0.125,0,-2.516,0.164,0.0,-2.483,1
1698,0.045276925690687024,1.9306,0,-3.4043,0.136,0,-2.516,0.167,0.0,-2.483,0
1699,0.02758622844826747,1.9303,0,-3.4038,0.149,0,-2.503,0.168,0.0,-2.483,0
1700,0.025000000000000022,1.9303,0,-3.4039,0.153,0,-2.503,0.168,0.0,-2.483,0
1701,0.023430749027719813,1.9302,0,-3.4038,0.153,0,-2.501,0.168,0.0,-2.483,0
1702,0.02193171219946133,1.9303,0,-3.4038,0.153,0,-2.499,0.168,0.0,-2.483,0
1703,0.021260291625469316,1.9302,0,-3.4038,0.154,0,-2.499,0.168,0.0,-2.483,0
1704,0.024083189157584447,1.9302,0,-3.4038,0.152,0,-2.501,0.168,0.0,-2.483,0
1705,0.025806975801127813,1.9304,0,-3.4038,0.153,0,-2.504,0.168,0.0,-2.483,0
1706,0.024207436873820168,1.9303,0,-3.4037,0.153,0,-2.502,0.168,0.0,-2.483,0
1707,0.025000000000000022,1.9303,0,-3.4037,0.153,0,-2.503,0.168,0.0,-2.483,0
1708,0.024413111231467426,1.9301,0,-3.4039,0.154,0,-2.503,0.168,0.0,-2.483,0
1709,0.024207436873820168,1.9303,0,-3.4037,0.153,0,-2.502,0.168,0.0,-2.483,0
1710,0.02640075756488811,1.9303,0,-3.4038,0.152,0,-2.504,0.168,0.0,-2.483,0
1711,0.02640075756488811,1.9302,0,-3.4038,0.152,0,-2.504,0.168,0.0,-2.483,0
1712,0.02483948469674821,1.9303,0,-3.4038,0.152,0,-2.502,0.168,0.0,-2.483,0
1713,0.023430749027719813,1.9303,0,-3.4036,0.153,0,-2.502,0.168,0.0,-2.484,0
1714,0.02640075756488811,1.9304,0,-3.4038,0.152,0,-2.504,0.168,0.0,-2.483,0
1715,0.025806975801127813,1.9304,0,-3.4038,0.153,0,-2.504,0.168,0.0,-2.483,0
1716,0.02483948469674821,1.9302,0,-3.4038,0.152,0,-2.502,0.168,0.0,-2.483,0
1717,0.024083189157584447,1.9303,0,-3.4037,0.152,0,-2.501,0.168,0.0,-2.483,0
1718,0.023430749027719813,1.9302,0,-3.4038,0.153,0,-2.501,0.168,0.0,-2.483,0
1719,0.02483948469674821,1.9302,0,-3.4039,0.152,0,-2.502,0.168,0.0,-2.483,0
1720,0.025612496949731417,1.9303,0,-3.4037,0.152,0,-2.503,0.168,0.0,-2.483,0
1721,0.025000000000000022,1.9303,0,-3.4038,0.153,0,-2.503,0.168,0.0,-2.483,0
1722,0.023430749027719813,1.9303,0,-3.4037,0.153,0,-2.501,0.168,0.0,-2.483,0
1723,0.024083189157584447,1.9302,0,-3.4039,0.152,0,-2.501,0.168,0.0,-2.483,0
1724,0.025495097567963698,1.9302,0,-3.4038,0.151,0,-2.502,0.168,0.0,-2.483,0
1725,0.025612496949731417,1.9303,0,-3.4037,0.152,0,-2.503,0.168,0.0,-2.483,0
1726,0.025612496949731417,1.9303,0,-3.4038,0.152,0,-2.503,0.168,0.0,-2.483,0
1727,0.027459060435491706,1.9302,0,-3.4038,0.153,0,-2.506,0.168,0.0,-2.483,0
1728,0.027459060435491706,1.9302,0,-3.4037,0.153,0,-2.506,0.168,0.0,-2.483,0
1729,0.023600847442411643,1.9302,0,-3.4037,0.154,0,-2.502,0.168,0.0,-2.483,0
1730,0.022671568097509205,1.9304,0,-3.4037,0.153,0,-2.501,0.168,0.0,-2.484,0
1731,0.025000000000000022,1.9304,0,-3.4035,0.153,0,-2.504,0.168,0.0,-2.484,0
1732,0.024413111231467426,1.9303,0,-3.4037,0.154,0,-2.503,0.168,0.0,-2.483,0
1733,0.025000000000000022,1.9303,0,-3.4038,0.153,0,-2.503,0.168,0.0,-2.483,0
1734,0.024413111231467426,1.9303,0,-3.4037,0.154,0,-2.503,0.168,0.0,-2.483,0
1735,0.025000000000000022,1.9301,0,-3.4038,0.153,0,-2.503,0.168,0.0,-2.483,0
1736,0.03546829570193618,1.9271,0,-3.4022,0.148,0,-2.51,0.171,0.0,-2.483,0
1737,0.052402290026295706,1.9191,0,-3.3987,0.141,0,-2.516,0.18,0.0,-2.481,1
1738,0.03780211634287168,1.8957,0,-3.3906,0.174,0,-2.498,0.204,0.0,-2.475,0
1739,0.01104536101718738,1.8845,0,-3.3873,0.216,0,-2.461,0.215,0.0,-2.472,0
1740,0.02927456233660925,1.8795,0,-3.386,0.224,0,-2.441,0.22,0.0,-2.47,0
1741,0.02860069929215028,1.8799,0,-3.3864,0.236,0,-2.447,0.219,0.0,-2.47,0
1742,0.026419689627245932,1.8812,0,-3.3868,0.231,0,-2.448,0.218,0.0,-2.471,0
1743,0.02385372088375315,1.8812,0,-3.3871,0.231,0,-2.45,0.218,0.0,-2.47,0
1744,0.022472205054244347,1.8813,0,-3.387,0.23,0,-2.451,0.218,0.0,-2.47,0
1745,0.023323807579381222,1.8813,0,-3.3871,0.23,0,-2.45,0.218,0.0,-2.47,0
1746,0.023706539182259713,1.8813,0,-3.3871,0.229,0,-2.449,0.218,0.0,-2.47,0
1747,0.02418677324489596,1.8812,0,-3.3873,0.23,0,-2.449,0.218,0.0,-2.47,0
1748,0.02163330765278414,1.8813,0,-3.3871,0.23,0,-2.452,0.218,0.0,-2.47,0
1749,0.02385372088375315,1.8813,0,-3.3871,0.231,0,-2.45,0.218,0.0,-2.47,0
1750,0.02302172886644279,1.8812,0,-3.3872,0.231,0,-2.451,0.218,0.0,-2.47,0
1751,0.021470910553584004,1.8814,0,-3.3872,0.228,0,-2.451,0.218,0.0,-2.47,0
1752,0.021470910553584004,1.8814,0,-3.3872,0.228,0,-2.451,0.218,0.0,-2.47,0
1753,0.022472205054244347,1.8813,0,-3.3874,0.23,0,-2.451,0.218,0.0,-2.47,0
1754,0.023323807579381222,1.8814,0,-3.3873,0.23,0,-2.45,0.218,0.0,-2.47,0
1755,0.02163330765278414,1.8813,0,-3.3872,0.23,0,-2.452,0.218,0.0,-2.47,0
1756,0.022203603311174717,1.8815,0,-3.3874,0.23,0,-2.452,0.217,0.0,-2.47,0
1757,0.02640075756488811,1.8849,0,-3.3892,0.23,0,-2.45,0.214,0.0,-2.471,0
1758,0.03623534186398696,1.8956,0,-3.3951,0.229,0,-2.449,0.201,0.0,-2.472,0
1759,0.0418807831827439,1.951,0,-3.424,0.174,0,-2.455,0.139,0.0,-2.478,0
1760,0.026419689627245932,1.9484,0,-3.4226,0.155,0,-2.455,0.142,0.0,-2.478,0
1761,0.02247220505424415,1.9447,0,-3.4206,0.154,0,-2.456,0.146,0.0,-2.477,0
1762,0.020615528128088322,1.9421,0,-3.4192,0.154,0,-2.457,0.149,0.0,-2.477,0
1763,0.018439088914585573,1.9417,0,-3.4188,0.154,0,-2.459,0.15,0.0,-2.477,0
1764,0.019697715603592025,1.9418,0,-3.4187,0.158,0,-2.459,0.15,0.0,-2.477,0
1765,0.020591260281973823,1.9418,0,-3.4189,0.16,0,-2.459,0.15,0.0,-2.477,0
1766,0.021023796041628354,1.9418,0,-3.419,0.159,0,-2.458,0.15,0.0,-2.477,0
1767,0.020124611797497926,1.9418,0,-3.419,0.159,0,-2.459,0.15,0.0,-2.477,0
1768,0.020591260281973823,1.9418,0,-3.4189,0.16,0,-2.459,0.15,0.0,-2.477,0
1769,0.022847319317591645,1.9416,0,-3.4188,0.159,0,-2.456,0.15,0.0,-2.477,0
1770,0.020248456731316294,1.9404,0,-3.4178,0.159,0,-2.458,0.152,0.0,-2.477,0
1771,0.013000000000000012,1.9347,0,-3.4138,0.153,0,-2.465,0.158,0.0,-2.477,0
1772,0.02745906043549205,1.9246,0,-3.407,0.144,0,-2.473,0.171,0.0,-2.478,0
1773,0.03811823710509185,1.9137,0,-3.3986,0.146,0,-2.482,0.184,0.0,-2.479,0
1774,0.02707397274136178,1.9069,0,-3.3929,0.166,0,-2.482,0.193,0.0,-2.48,0
1775,0.008944271909999168,1.9064,0,-3.3923,0.186,0,-2.476,0.194,0.0,-2.48,0
1776,0.0050000000000000044,1.9071,0,-3.3927,0.196,0,-2.476,0.193,0.0,-2.48,0
1777,0.0036055512754641157,1.9073,0,-3.3927,0.196,0,-2.482,0.193,0.0,-2.48,0
1778,0.0022360679774999902,1.9074,0,-3.3928,0.194,0,-2.482,0.193,0.0,-2.48,0
1779,0.0014142135623730178,1.9073,0,-3.3927,0.194,0,-2.481,0.193,0.0,-2.48,0
1780,0.0010000000000000009,1.9073,0,-3.3929,0.194,0,-2.48,0.193,0.0,-2.48,0
1781,0.0028284271247460357,1.9073,0,-3.3928,0.195,0,-2.478,0.193,0.0,-2.48,0
1782,0.0020000000000000018,1.9073,0,-3.3927,0.195,0,-2.48,0.193,0.0,-2.48,0
1783,0.0,1.9073,0,-3.3927,0.193,0,-2.48,0.193,0.0,-2.48,0
1784,0.0014142135623730178,1.9073,0,-3.3928,0.194,0,-2.481,0.193,0.0,-2.48,0
1785,0.0009999999999998899,1.9073,0,-3.3927,0.193,0,-2.481,0.193,0.0,-2.48,0
1786,0.0030000000000000027,1.9074,0,-3.3928,0.196,0,-2.48,0.193,0.0,-2.48,0
1787,0.003605551275463869,1.9072,0,-3.3928,0.196,0,-2.478,0.193,0.0,-2.48,0
1788,0.0028284271247460357,1.9073,0,-3.3928,0.195,0,-2.478,0.193,0.0,-2.48,0
1789,0.0022360679774999902,1.9073,0,-3.3927,0.194,0,-2.482,0.193,0.0,-2.48,0
1790,0.004472135954999584,1.9073,0,-3.3927,0.195,0,-2.484,0.193,0.0,-2.48,0
1791,0.002236067977499742,1.9073,0,-3.3929,0.195,0,-2.481,0.193,0.0,-2.48,0
1792,0.0030000000000001137,1.9074,0,-3.3928,0.193,0,-2.483,0.193,0.0,-2.48,0
1793,0.003162277660168488,1.9074,0,-3.3927,0.194,0,-2.483,0.193,0.0,-2.48,0
1794,0.002236067977499742,1.9073,0,-3.3929,0.195,0,-2.479,0.193,0.0,-2.48,0
1795,0.0014142135623730178,1.9073,0,-3.3928,0.194,0,-2.481,0.193,0.0,-2.48,0
1796,0.002236067977499593,1.9073,0,-3.3928,0.194,0,-2.478,0.193,0.0,-2.48,0
1797,0.0014142135623730178,1.9073,0,-3.393,0.194,0,-2.479,0.193,0.0,-2.48,0
1798,0.0014142135623730178,1.9074,0,-3.3927,0.194,0,-2.479,0.193,0.0,-2.48,0
1799,0.002236067977499742,1.9073,0,-3.3929,0.195,0,-2.479,0.193,0.0,-2.48,0
1800,0.0014142135623730178,1.9074,0,-3.393,0.194,0,-2.479,0.193,0.0,-2.48,0
1801,0.003162277660168488,1.9074,0,-3.3929,0.194,0,-2.483,0.193,0.0,-2.48,0
1802,0.0030000000000000027,1.9073,0,-3.3929,0.196,0,-2.48,0.193,0.0,-2.48,0
1803,0.0010000000000000009,1.9073,0,-3.3928,0.194,0,-2.48,0.193,0.0,-2.48,0
1804,0.0014142135623730178,1.9074,0,-3.3928,0.194,0,-2.481,0.193,0.0,-2.48,0
1805,0.0022360679774999902,1.9073,0,-3.3929,0.194,0,-2.482,0.193,0.0,-2.48,0
1806,0.0014142135623730178,1.9073,0,-3.3928,0.194,0,-2.479,0.193,0.0,-2.48,0
1807,0.0014142135623730178,1.9073,0,-3.393,0.194,0,-2.481,0.193,0.0,-2.48,0
1808,0.003162277660168347,1.9073,0,-3.3928,0.196,0,-2.481,0.193,0.0,-2.48,0
1809,0.0014142135623730178,1.9073,0,-3.3929,0.194,0,-2.479,0.193,0.0,-2.48,0
1810,0.0022360679774999902,1.9073,0,-3.3928,0.194,0,-2.482,0.193,0.0,-2.48,0
1811,0.0010000000000000009,1.9073,0,-3.3929,0.194,0,-2.48,0.193,0.0,-2.48,0
1812,0.0028284271247463496,1.9073,0,-3.3929,0.195,0,-2.482,0.193,0.0,-2.48,0
1813,0.0022360679774999902,1.9074,0,-3.3928,0.194,0,-2.482,0.193,0.0,-2.48,0
1814,0.0010000000000000009,1.9073,0,-3.3928,0.194,0,-2.48,0.193,0.0,-2.48,0
1815,0.0028284271247463496,1.9073,0,-3.3929,0.195,0,-2.482,0.193,0.0,-2.48,0
1816,0.002236067977499742,1.9074,0,-3.3929,0.195,0,-2.481,0.193,0.0,-2.48,0
1817,0.0,1.9074,0,-3.393,0.193,0,-2.48,0.193,0.0,-2.48,0
1818,0.0010000000000000009,1.9073,0,-3.3928,0.194,0,-2.48,0.193,0.0,-2.48,0
1819,0.002236067977499742,1.9074,0,-3.3928,0.195,0,-2.481,0.193,0.0,-2.48,0
1820,0.0010000000000000009,1.9074,0,-3.3929,0.194,0,-2.48,0.193,0.0,-2.48,0
1821,0.003162277660168488,1.9073,0,-3.393,0.194,0,-2.483,0.193,0.0,-2.48,0
1822,0.003605551275464085,1.9074,0,-3.393,0.195,0,-2.483,0.193,0.0,-2.48,0
1823,0.003605551275463869,1.9073,0,-3.393,0.196,0,-2.478,0.193,0.0,-2.48,0
1824,0.0010000000000000009,1.9074,0,-3.3929,0.194,0,-2.48,0.193,0.0,-2.48,0
1825,0.0028284271247463496,1.9074,0,-3.393,0.195,0,-2.482,0.193,0.0,-2.48,0
1826,0.0020000000000000018,1.9074,0,-3.3928,0.195,0,-2.48,0.193,0.0,-2.48,0
1827,0.0010000000000000009,1.9073,0,-3.3929,0.194,0,-2.48,0.193,0.0,-2.48,0
1828,0.0010000000000000009,1.9074,0,-3.393,0.194,0,-2.48,0.193,0.0,-2.48,0
1829,0.0020000000000000018,1.9073,0,-3.3929,0.195,0,-2.48,0.193,0.0,-2.48,0
1830,0.0022360679774999902,1.9074,0,-3.3929,0.194,0,-2.482,0.193,0.0,-2.48,0
1831,0.003162277660168488,1.9074,0,-3.393,0.194,0,-2.483,0.193,0.0,-2.48,0
1832,0.0030000000000001137,1.9074,0,-3.3929,0.193,0,-2.483,0.193,0.0,-2.48,0
1833,0.0010000000000000009,1.9074,0,-3.393,0.194,0,-2.48,0.193,0.0,-2.48,0
1834,0.0022360679774999902,1.9074,0,-3.3931,0.194,0,-2.482,0.193,0.0,-2.48,0
1835,0.0009999999999998899,1.9074,0,-3.3929,0.193,0,-2.481,0.193,0.0,-2.48,0
1836,0.0009999999999998899,1.9073,0,-3.393,0.193,0,-2.481,0.193,0.0,-2.48,0
1837,0.0014142135623730178,1.9074,0,-3.393,0.194,0,-2.481,0.193,0.0,-2.48,0
1838,0.0010000000000000009,1.9073,0,-3.393,0.194,0,-2.48,0.193,0.0,-2.48,0
1839,0.003162277660168488,1.9074,0,-3.3929,0.194,0,-2.483,0.193,0.0,-2.48,0
1840,0.0022360679774999902,1.9074,0,-3.3931,0.194,0,-2.482,0.193,0.0,-2.48,0
1841,0.0010000000000000009,1.9074,0,-3.3929,0.194,0,-2.48,0.193,0.0,-2.48,0
1842,0.0010000000000000009,1.9075,0,-3.393,0.194,0,-2.48,0.193,0.0,-2.48,0
1843,0.0036055512754641157,1.9074,0,-3.3929,0.196,0,-2.482,0.193,0.0,-2.48,0
1844,0.0010000000000000009,1.9073,0,-3.3931,0.194,0,-2.48,0.193,0.0,-2.48,0
1845,0.0020000000000000018,1.9074,0,-3.3931,0.195,0,-2.48,0.193,0.0,-2.48,0
1846,0.002236067977499742,1.9074,0,-3.3931,0.195,0,-2.481,0.193,0.0,-2.48,0
1847,0.003162277660168347,1.9074,0,-3.393,0.196,0,-2.481,0.193,0.0,-2.48,0
1848,0.0022360679774999902,1.9075,0,-3.393,0.194,0,-2.482,0.193,0.0,-2.48,0
1849,0.0022360679774999902,1.9074,0,-3.393,0.194,0,-2.482,0.193,0.0,-2.48,0
1850,0.002236067977499742,1.9074,0,-3.3929,0.195,0,-2.479,0.193,0.0,-2.48,0
1851,0.0020000000000000018,1.9074,0,-3.393,0.195,0,-2.48,0.193,0.0,-2.48,0
1852,0.0020000000000000018,1.9074,0,-3.393,0.195,0,-2.48,0.193,0.0,-2.48,0
1853,0.002236067977499742,1.9074,0,-3.393,0.195,0,-2.481,0.193,0.0,-2.48,0
1854,0.002236067977499742,1.9074,0,-3.393,0.195,0,-2.481,0.193,0.0,-2.48,0
1855,0.006324555320336554,2.1359,0,-3.179,0.122,0,-2.778,0.12,0.0,-2.784,0
1856,0.006324555320336554,2.136,0,-3.1791,0.122,0,-2.778,0.12,0.0,-2.784,0
1857,0.00509901951359268,2.136,0,-3.1792,0.121,0,-2.779,0.12,0.0,-2.784,0
1858,0.0064031242374327675,2.1359,0,-3.1792,0.124,0,-2.779,0.12,0.0,-2.784,0
1859,0.009999999999999787,2.1359,0,-3.1791,0.12,0,-2.774,0.12,0.0,-2.784,0
1860,0.009055385138137315,2.136,0,-3.1791,0.121,0,-2.775,0.12,0.0,-2.784,0
1861,0.00509901951359268,2.1359,0,-3.179,0.121,0,-2.779,0.12,0.0,-2.784,0
1862,0.006082762530298006,2.1359,0,-3.1791,0.121,0,-2.778,0.12,0.0,-2.784,0
1863,0.005999999999999783,2.1359,0,-3.1791,0.12,0,-2.778,0.12,0.0,-2.784,0
1864,0.010440306508910346,2.1359,0,-3.179,0.123,0,-2.774,0.12,0.0,-2.784,0
1865,0.005385164807134406,2.1359,0,-3.1791,0.122,0,-2.779,0.12,0.0,-2.784,0
1866,0.01019803902718536,2.1359,0,-3.179,0.122,0,-2.774,0.12,0.0,-2.784,0
1867,0.006708203932499176,2.1359,0,-3.1791,0.123,0,-2.778,0.12,0.0,-2.784,0
1868,0.006324555320336554,2.1359,0,-3.179,0.122,0,-2.778,0.12,0.0,-2.784,0
1869,0.010440306508910346,2.136,0,-3.1792,0.123,0,-2.774,0.12,0.0,-2.784,0
1870,0.00509901951359268,2.1359,0,-3.179,0.121,0,-2.779,0.12,0.0,-2.784,0
1871,0.006082762530298006,2.136,0,-3.179,0.121,0,-2.778,0.12,0.0,-2.784,0
1872,0.006324555320336554,2.1359,0,-3.1791,0.122,0,-2.778,0.12,0.0,-2.784,0
1873,0.006324555320336554,2.1359,0,-3.179,0.122,0,-2.778,0.12,0.0,-2.784,0
1874,0.006999999999999673,2.136,0,-3.1791,0.12,0,-2.777,0.12,0.0,-2.784,0
1875,0.0036055512754637154,2.1359,0,-3.179,0.122,0,-2.781,0.12,0.0,-2.784,0
1876,0.006324555320336554,2.1359,0,-3.1791,0.122,0,-2.778,0.12,0.0,-2.784,0
1877,0.006324555320336554,2.1359,0,-3.1791,0.122,0,-2.778,0.12,0.0,-2.784,0
1878,0.006324555320336554,2.1358,0,-3.179,0.122,0,-2.778,0.12,0.0,-2.784,0
1879,0.006324555320336554,2.1359,0,-3.1791,0.122,0,-2.778,0.12,0.0,-2.784,0
1880,0.00509901951359268,2.136,0,-3.179,0.121,0,-2.779,0.12,0.0,-2.784,0
1881,0.007071067811865152,2.1359,0,-3.179,0.121,0,-2.777,0.12,0.0,-2.784,0
1882,0.007615773105863609,2.1359,0,-3.1792,0.123,0,-2.777,0.12,0.0,-2.784,0
1883,0.006082762530298006,2.1359,0,-3.1791,0.121,0,-2.778,0.12,0.0,-2.784,0
1884,0.009999999999999787,2.1359,0,-3.179,0.12,0,-2.774,0.12,0.0,-2.784,0
1885,0.00583095189484521,2.1359,0,-3.1791,0.123,0,-2.779,0.12,0.0,-2.784,0
1886,0.00948683298050504,2.136,0,-3.179,0.123,0,-2.775,0.12,0.0,-2.784,0
1887,0.009219544457292787,2.1359,0,-3.1791,0.122,0,-2.775,0.12,0.0,-2.784,0
1888,0.006324555320336554,2.1359,0,-3.179,0.122,0,-2.778,0.12,0.0,-2.784,0
1889,0.010049875621120677,2.136,0,-3.1792,0.121,0,-2.774,0.12,0.0,-2.784,0
1890,0.005385164807134406,2.1358,0,-3.179,0.122,0,-2.779,0.12,0.0,-2.784,0
1891,0.006324555320336554,2.1359,0,-3.179,0.122,0,-2.778,0.12,0.0,-2.784,0
1892,0.006708203932499176,2.1359,0,-3.179,0.123,0,-2.778,0.12,0.0,-2.784,0
1893,0.006324555320336554,2.1358,0,-3.179,0.122,0,-2.778,0.12,0.0,-2.784,0
1894,0.00583095189484521,2.1359,0,-3.1791,0.123,0,-2.779,0.12,0.0,-2.784,0
1895,0.00824621125123533,2.1358,0,-3.1789,0.122,0,-2.776,0.12,0.0,-2.784,0
1896,0.010049875621120677,2.1338,0,-3.1774,0.122,0,-2.774,0.123,0.0,-2.784,0
1897,0.014866068747318368,2.1246,0,-3.1721,0.122,0,-2.774,0.133,0.0,-2.784,0
1898,0.0282842712474619,2.1084,0,-3.1618,0.124,0,-2.78,0.152,0.0,-2.784,0
1899,0.04001249804748512,2.0399,0,-3.1177,0.194,0,-2.782,0.234,0.0,-2.783,0
1900,0.028017851452243794,2.0257,0,-3.108,0.223,0,-2.784,0.251,0.0,-2.783,0
1901,0.044045431091090506,2.0128,0,-3.099,0.223,0,-2.785,0.267,0.0,-2.783,0
1902,0.038013155617496415,1.9999,0,-3.09,0.245,0,-2.785,0.283,0.0,-2.784,0
1903,0.03337663853655723,1.9866,0,-3.081,0.266,0,-2.779,0.299,0.0,-2.784,0
1904,0.029274562336608922,1.972,0,-3.0717,0.287,0,-2.787,0.316,0.0,-2.783,0
1905,0.027018512172212558,1.9403,0,-3.0504,0.327,0,-2.783,0.354,0.0,-2.784,0
1906,0.039051248379533235,1.9306,0,-3.0435,0.327,0,-2.782,0.366,0.0,-2.784,0
1907,0.03041381265149111,1.9212,0,-3.0368,0.348,0,-2.79,0.378,0.0,-2.785,0
1908,0.029427877939124332,1.9108,0,-3.0296,0.361,0,-2.79,0.39,0.0,-2.785,0
1909,0.029614185789921674,1.8993,0,-3.0219,0.375,0,-2.791,0.404,0.0,-2.785,0
1910,0.026925824035672404,1.8868,0,-3.0133,0.393,0,-2.792,0.419,0.0,-2.785,0
1911,0.042755116652863884,1.8737,0,-3.0041,0.393,0,-2.794,0.435,0.0,-2.786,0
1912,0.04317406628984579,1.8608,0,-2.995,0.409,0,-2.796,0.451,0.0,-2.786,0
1913,0.041976183723630725,1.8474,0,-2.985,0.427,0,-2.796,0.468,0.0,-2.787,0
1914,0.0360138862107382,1.8333,0,-2.9748,0.449,0,-2.789,0.485,0.0,-2.788,0
1915,0.0355105618091294,1.8185,0,-2.9636,0.469,0,-2.795,0.504,0.0,-2.789,0
1916,0.047381430961928546,1.7885,0,-2.9425,0.493,0,-2.796,0.54,0.0,-2.79,0
1917,0.046690470119714944,1.7381,0,-2.9048,0.557,0,-2.802,0.603,0.0,-2.794,0
1918,0.04414748010928832,1.7237,0,-2.8939,0.578,0,-2.805,0.621,0.0,-2.795,0
1919,0.04159326868617093,1.7104,0,-2.8856,0.6,0,-2.814,0.637,0.0,-2.795,0
1920,0.04709564735726638,1.6668,0,-2.8537,0.644,0,-2.8,0.691,0.0,-2.797,0
1921,0.04368065933568304,1.652,0,-2.843,0.667,0,-2.81,0.709,0.0,-2.798,0
1922,0.041109609582188934,1.6376,0,-2.8328,0.688,0,-2.811,0.727,0.0,-2.798,0
1923,0.04237924020083429,1.6111,0,-2.8192,0.716,0,-2.809,0.756,0.0,-2.795,0
1924,0.045221676218380163,1.594,0,-2.8084,0.733,0,-2.809,0.776,0.0,-2.795,0
1925,0.04304648650006181,1.5762,0,-2.7964,0.755,0,-2.797,0.798,0.0,-2.795,0
1926,0.03601388621073813,1.5582,0,-2.7846,0.783,0,-2.794,0.819,0.0,-2.795,0
1927,0.03901281840626235,1.5126,0,-2.7546,0.835,0,-2.796,0.874,0.0,-2.795,0
1928,0.036124783736376925,1.4988,0,-2.7453,0.855,0,-2.798,0.891,0.0,-2.795,0
1929,0.03313608305156182,1.4845,0,-2.7355,0.875,0,-2.798,0.908,0.0,-2.795,0
1930,0.04301162633521318,1.4015,0,-2.6799,0.965,0,-2.797,1.008,0.0,-2.796,0
1931,0.04627094120503718,1.3866,0,-2.6693,0.98,0,-2.801,1.026,0.0,-2.796,0
1932,0.04310452412450474,1.3718,0,-2.659,1.001,0,-2.8,1.044,0.0,-2.797,0
1933,0.038000000000000034,1.3372,0,-2.631,1.051,0,-2.801,1.089,0.0,-2.801,0
1934,0.031622776601683895,1.3263,0,-2.6247,1.071,0,-2.81,1.101,0.0,-2.8,0
1935,0.0401621712560464,1.311,0,-2.613,1.082,0,-2.815,1.12,0.0,-2.802,0
1936,0.02879236009777599,0.2589,0,-1.8853,2.426,0,-2.839,2.399,0.0,-2.829,0
1937,0.025000000000000088,0.2708,0,-1.8935,2.4,0,-2.809,2.385,0.0,-2.829,0
1938,0.033421549934136874,0.279,0,-1.8982,2.401,0,-2.808,2.375,0.0,-2.829,0
1939,0.009999999999999877,0.2946,0,-1.9066,2.364,0,-2.823,2.358,0.0,-2.831,0
1940,0.010295630140986858,0.3021,0,-1.9105,2.354,0,-2.823,2.349,0.0,-2.832,0
1941,0.012806248474865882,0.3108,0,-1.9152,2.347,0,-2.823,2.339,0.0,-2.833,0
1942,0.017088007490635,0.3193,0,-1.9197,2.336,0,-2.818,2.33,0.0,-2.834,0
1943,0.012165525060596413,0.3276,0,-1.9242,2.323,0,-2.822,2.321,0.0,-2.834,0
1944,0.01972308292331583,0.3343,0,-1.9263,2.324,0,-2.819,2.314,0.0,-2.836,0
1945,0.020615528128088294,0.3414,0,-1.9271,2.312,0,-2.82,2.307,0.0,-2.84,0
1946,0.010440306508910804,0.3484,0,-1.929,2.298,0,-2.832,2.301,0.0,-2.842,0
1947,0.010295630140986858,0.3582,0,-1.9306,2.286,0,-2.855,2.291,0.0,-2.846,0
1948,0.024698178070457023,0.3699,0,-1.9332,2.271,0,-2.873,2.28,0.0,-2.85,0
1949,0.02220360331117433,0.3816,0,-1.9371,2.271,0,-2.875,2.268,0.0,-2.853,0
1950,0.014764823060233368,0.392,0,-1.9419,2.27,0,-2.862,2.257,0.0,-2.855,0
1951,0.013601470508735544,0.511,0,-2.049,2.091,0,-2.842,2.099,0.0,-2.831,0
1952,0.01345362404707378,0.5216,0,-2.0556,2.076,0,-2.841,2.086,0.0,-2.832,0
1953,0.020000000000000018,0.8368,0,-2.2598,1.727,0,-2.847,1.711,0.0,-2.835,0
1954,0.020615528128088423,0.8493,0,-2.268,1.715,0,-2.843,1.696,0.0,-2.835,0
1955,0.016124515496597113,0.8635,0,-2.2771,1.693,0,-2.843,1.679,0.0,-2.835,0
1956,0.014142135623730994,0.8787,0,-2.2862,1.675,0,-2.838,1.661,0.0,-2.836,0
1957,0.03238826948140337,0.894,0,-2.2962,1.675,0,-2.841,1.643,0.0,-2.836,0
1958,0.021095023109729095,0.9079,0,-2.2988,1.651,0,-2.844,1.63,0.0,-2.842,0
1959,0.014866068747318273,0.9209,0,-2.3013,1.632,0,-2.842,1.618,0.0,-2.847,0
1960,0.02778488797889933,0.9346,0,-2.3059,1.628,0,-2.837,1.604,0.0,-2.851,0
1961,0.04049691346263333,0.9502,0,-2.3138,1.62,0,-2.831,1.586,0.0,-2.853,0
1962,0.03006659275674562,1.011,0,-2.3811,1.5,0,-2.86,1.498,0.0,-2.83,0
1963,0.019235384061671454,1.0179,0,-2.3848,1.494,0,-2.85,1.491,0.0,-2.831,0
1964,0.024041630560342774,1.025,0,-2.389,1.489,0,-2.854,1.482,0.0,-2.831,0
1965,0.029410882339705575,1.0336,0,-2.3951,1.489,0,-2.855,1.472,0.0,-2.831,0
1966,0.031240998703626646,1.0436,0,-2.4016,1.48,0,-2.855,1.46,0.0,-2.831,0
1967,0.024999999999999956,1.0543,0,-2.4095,1.462,0,-2.85,1.447,0.0,-2.83,0
1968,0.02549509756796425,1.0626,0,-2.417,1.455,0,-2.845,1.436,0.0,-2.828,0
1969,0.024186773244895765,1.0695,0,-2.4243,1.447,0,-2.838,1.426,0.0,-2.826,0
1970,0.031016124838541558,1.0758,0,-2.4303,1.448,0,-2.826,1.417,0.0,-2.825,0
1971,0.02400000000000002,1.0845,0,-2.4344,1.432,0,-2.826,1.408,0.0,-2.826,0
1972,0.016031219541881404,1.0933,0,-2.4387,1.414,0,-2.826,1.398,0.0,-2.827,0
1973,0.01456021977856105,1.1006,0,-2.4427,1.404,0,-2.832,1.39,0.0,-2.828,0
1974,0.01649242250247066,1.1091,0,-2.4477,1.396,0,-2.832,1.38,0.0,-2.828,0
1975,0.028284271247461707,1.1193,0,-2.453,1.396,0,-2.834,1.368,0.0,-2.83,0
1976,0.0228473193175916,1.1304,0,-2.4584,1.377,0,-2.84,1.356,0.0,-2.831,0
1977,0.02469817807045704,1.1411,0,-2.4647,1.365,0,-2.845,1.344,0.0,-2.832,0
1978,0.018867962264113105,1.1506,0,-2.4738,1.347,0,-2.839,1.331,0.0,-2.829,0
1979,0.02483948469674855,1.1601,0,-2.4847,1.336,0,-2.842,1.317,0.0,-2.826,0
1980,0.02927456233660881,1.1693,0,-2.4904,1.335,0,-2.83,1.306,0.0,-2.826,0
1981,0.027166155414412176,1.178,0,-2.4964,1.323,0,-2.829,1.296,0.0,-2.826,0
1982,0.016031219541881404,1.1867,0,-2.5022,1.301,0,-2.827,1.285,0.0,-2.826,0
1983,0.01529705854077828,1.195,0,-2.507,1.291,0,-2.823,1.276,0.0,-2.826,0
1984,0.013601470508735366,1.2035,0,-2.5119,1.277,0,-2.819,1.266,0.0,-2.827,0
1985,0.021840329667841406,1.2123,0,-2.5167,1.277,0,-2.822,1.256,0.0,-2.828,0
1986,0.026925824035672244,1.2213,0,-2.5219,1.271,0,-2.821,1.245,0.0,-2.828,0
1987,0.02209072203437434,1.2308,0,-2.5262,1.257,0,-2.828,1.235,0.0,-2.83,0
1988,0.015033296378372803,1.2395,0,-2.5286,1.242,0,-2.834,1.227,0.0,-2.833,0
1989,0.013038404810405411,1.2476,0,-2.5323,1.231,0,-2.835,1.218,0.0,-2.834,0
1990,0.02308679276123031,1.2543,0,-2.5383,1.231,0,-2.84,1.209,0.0,-2.833,0
1991,0.01341640786499865,1.259,0,-2.5405,1.216,0,-2.84,1.204,0.0,-2.834,0
1992,0.01208304597359462,1.2634,0,-2.5458,1.208,0,-2.837,1.197,0.0,-2.832,0
1993,0.01200000000000001,1.2659,0,-2.5473,1.206,0,-2.832,1.194,0.0,-2.832,0
1994,0.003162277660168382,1.2668,0,-2.548,1.196,0,-2.833,1.193,0.0,-2.832,0
1995,0.0030000000000001137,1.2678,0,-2.5481,1.195,0,-2.832,1.192,0.0,-2.832,0
1996,0.002236067977499742,1.2706,0,-2.5492,1.187,0,-2.834,1.189,0.0,-2.833,0
1997,0.0028284271247460357,1.2751,0,-2.5509,1.183,0,-2.836,1.185,0.0,-2.834,0
1998,0.004123105625617638,1.2811,0,-2.5529,1.182,0,-2.836,1.178,0.0,-2.835,0
1999,0.006708203932499226,1.2874,0,-2.555,1.178,0,-2.84,1.172,0.0,-2.837,0
2000,0.017088007490635,1.2929,0,-2.5576,1.182,0,-2.844,1.166,0.0,-2.838,0
2001,0.00860232526704248,1.2971,0,-2.561,1.168,0,-2.843,1.161,0.0,-2.838,0
2002,0.0223606797749977,1.3001,0,-2.5634,1.153,0,-2.859,1.157,0.0,-2.837,0
2003,0.02707397274136146,1.3029,0,-2.5658,1.151,0,-2.864,1.153,0.0,-2.837,0
2004,0.02973213749463704,1.3059,0,-2.5686,1.139,0,-2.864,1.149,0.0,-2.836,0
2005,0.025495097567964253,1.3097,0,-2.5717,1.139,0,-2.861,1.144,0.0,-2.836,0
2006,0.027166155414412398,1.3153,0,-2.5767,1.134,0,-2.861,1.137,0.0,-2.834,0
2007,0.02617250465660459,1.3243,0,-2.5842,1.128,0,-2.859,1.125,0.0,-2.833,0
2008,0.037336309405189116,1.3334,0,-2.5963,1.124,0,-2.863,1.111,0.0,-2.828,0
2009,0.03580502757993619,1.3493,0,-2.6092,1.111,0,-2.855,1.09,0.0,-2.826,0
2010,0.04606517122512438,1.3641,0,-2.6217,1.112,0,-2.845,1.071,0.0,-2.824,0
2011,0.04741307836451873,1.3795,0,-2.6351,1.093,0,-2.843,1.051,0.0,-2.821,0
2012,0.034885527085024945,1.4068,0,-2.6599,1.031,0,-2.846,1.015,0.0,-2.815,0
2013,0.045793012567421194,1.4334,0,-2.7011,1.009,0,-2.82,0.97,0.0,-2.796,0
2014,0.05142956348249516,1.4745,0,-2.7314,0.965,0,-2.77,0.919,0.0,-2.793,1
2015,0.026172504656604978,1.545,0,-2.7617,0.862,0,-2.825,0.843,0.0,-2.807,0
2016,0.03699999999999993,1.5838,0,-2.7831,0.834,0,-2.822,0.799,0.0,-2.81,0
2017,0.0439317652729777,1.622,0,-2.8067,0.797,0,-2.821,0.754,0.0,-2.812,0
2018,0.03492849839314599,1.6372,0,-2.8152,0.771,0,-2.821,0.737,0.0,-2.813,0
2019,0.04638965401897277,1.6814,0,-2.8421,0.731,0,-2.821,0.685,0.0,-2.815,0
2020,0.04275511665286383,1.6956,0,-2.8505,0.711,0,-2.824,0.669,0.0,-2.816,0
2021,0.04554119014694286,1.8318,0,-2.9279,0.557,0,-2.819,0.512,0.0,-2.826,0
2022,0.044102154142399944,1.8468,0,-2.9353,0.54,0,-2.831,0.496,0.0,-2.828,0
2023,0.04299999999999998,1.893,0,-2.9515,0.491,0,-2.84,0.448,0.0,-2.84,0
2024,0.03448187929913338,1.9003,0,-2.9557,0.473,0,-2.831,0.44,0.0,-2.841,0
2025,0.03182766092567921,1.9074,0,-2.9592,0.454,0,-2.819,0.432,0.0,-2.842,0
2026,0.025238858928247825,1.9144,0,-2.9612,0.446,0,-2.83,0.425,0.0,-2.844,0
2027,0.0040000000000000036,1.9221,0,-2.9632,0.421,0,-2.846,0.417,0.0,-2.846,0
2028,0.0031622776601680663,1.9311,0,-2.9667,0.409,0,-2.852,0.408,0.0,-2.849,0
2029,0.015524174696259985,1.94,0,-2.9719,0.413,0,-2.845,0.398,0.0,-2.849,0
2030,0.020880613017821056,1.9502,0,-2.9795,0.405,0,-2.842,0.385,0.0,-2.848,0
2031,0.032280024783138066,1.96,0,-2.9852,0.405,0,-2.84,0.374,0.0,-2.849,0
2032,0.028460498941515547,1.9688,0,-2.991,0.39,0,-2.84,0.363,0.0,-2.849,0
2033,0.029154759474226584,1.9771,0,-2.9967,0.378,0,-2.834,0.353,0.0,-2.849,0
2034,0.025806975801127924,1.9856,0,-3.002,0.364,0,-2.834,0.343,0.0,-2.849,0
2035,0.019697715603592177,1.9929,0,-3.0064,0.353,0,-2.841,0.335,0.0,-2.849,0
2036,0.03312099032335837,2.0038,0,-3.0112,0.352,0,-2.835,0.323,0.0,-2.851,0
2037,0.03448187929913331,2.0124,0,-3.017,0.342,0,-2.834,0.312,0.0,-2.851,0
2038,0.03178049716414139,2.0192,0,-3.0218,0.333,0,-2.838,0.304,0.0,-2.851,0
2039,0.025806975801127965,2.0256,0,-3.0257,0.318,0,-2.836,0.297,0.0,-2.851,0
2040,0.023086792761230445,2.0325,0,-3.0304,0.31,0,-2.844,0.288,0.0,-2.851,0
2041,0.034205262752974086,2.0407,0,-3.0359,0.311,0,-2.842,0.278,0.0,-2.851,0
2042,0.037363083384538726,2.05,0,-3.0418,0.303,0,-2.841,0.267,0.0,-2.851,0
2043,0.04114608122288186,2.0611,0,-3.0487,0.291,0,-2.834,0.254,0.0,-2.852,0
2044,0.037735924528226446,2.072,0,-3.0551,0.274,0,-2.832,0.242,0.0,-2.852,0
2045,0.03312099032335839,2.0843,0,-3.0624,0.256,0,-2.837,0.227,0.0,-2.853,0
2046,0.0487031826475437,2.0978,0,-3.07,0.258,0,-2.838,0.212,0.0,-2.854,0
2047,0.05032891812864639,2.1124,0,-3.0787,0.242,0,-2.837,0.195,0.0,-2.855,1
2048,0.04904079934095689,2.1274,0,-3.0876,0.224,0,-2.839,0.178,0.0,-2.856,0
2049,0.04527692569068693,2.1402,0,-3.0954,0.202,0,-2.833,0.163,0.0,-2.856,0
2050,0.03106444913401832,2.1465,0,-3.0989,0.181,0,-2.84,0.155,0.0,-2.857,0
2051,0.02915475947422656,2.1456,0,-3.0986,0.181,0,-2.842,0.156,0.0,-2.857,0
2052,0.015811388300842017,2.1437,0,-3.0975,0.163,0,-2.842,0.158,0.0,-2.857,0
2053,0.021095023109729338,2.1424,0,-3.0967,0.162,0,-2.836,0.16,0.0,-2.857,0
2054,0.02256102834535719,2.1422,0,-3.0966,0.165,0,-2.835,0.16,0.0,-2.857,0
2055,0.02118962010041711,2.1424,0,-3.0967,0.167,0,-2.837,0.16,0.0,-2.857,0
2056,0.02118962010041711,2.1424,0,-3.0966,0.167,0,-2.837,0.16,0.0,-2.857,0
2057,0.020615528128088322,2.1425,0,-3.0967,0.165,0,-2.837,0.16,0.0,-2.857,0
2058,0.018788294228056255,2.1424,0,-3.0967,0.168,0,-2.84,0.16,0.0,-2.857,0
2059,0.020615528128088322,2.1424,0,-3.0966,0.165,0,-2.837,0.16,0.0,-2.857,0
2060,0.014866068747318727,2.1424,0,-3.0967,0.165,0,-2.843,0.16,0.0,-2.857,0
2061,0.020615528128088322,2.1424,0,-3.0967,0.165,0,-2.837,0.16,0.0,-2.857,0
2062,0.02118962010041711,2.1425,0,-3.0967,0.167,0,-2.837,0.16,0.0,-2.857,0
2063,0.017720045146669687,2.1425,0,-3.0966,0.165,0,-2.84,0.16,0.0,-2.857,0
2064,0.019646882704388625,2.1424,0,-3.0967,0.165,0,-2.838,0.16,0.0,-2.857,0
2065,0.018439088914585573,2.1425,0,-3.0969,0.164,0,-2.838,0.16,0.0,-2.856,0
2066,0.019416487838947723,2.1425,0,-3.0968,0.164,0,-2.838,0.16,0.0,-2.857,0
2067,0.02024845673131671,2.1425,0,-3.0968,0.167,0,-2.838,0.16,0.0,-2.857,0
2068,0.014560219778561263,2.1425,0,-3.0966,0.164,0,-2.843,0.16,0.0,-2.857,0
2069,0.02024845673131671,2.1424,0,-3.0967,0.167,0,-2.838,0.16,0.0,-2.857,0
2070,0.02118962010041711,2.1426,0,-3.0969,0.167,0,-2.837,0.16,0.0,-2.857,0
2071,0.017464249196573,2.1426,0,-3.0968,0.167,0,-2.841,0.16,0.0,-2.857,0
2072,0.01627882059609972,2.1425,0,-3.0968,0.163,0,-2.841,0.16,0.0,-2.857,0
2073,0.02118962010041711,2.1426,0,-3.0969,0.167,0,-2.837,0.16,0.0,-2.857,0
2074,0.019646882704388625,2.1426,0,-3.0969,0.165,0,-2.838,0.16,0.0,-2.857,0
2075,0.02039607805437116,2.1427,0,-3.0969,0.164,0,-2.837,0.16,0.0,-2.857,0
2076,0.02039607805437116,2.1426,0,-3.0968,0.164,0,-2.837,0.16,0.0,-2.857,0
2077,0.01655294535724656,2.1425,0,-3.0969,0.167,0,-2.841,0.16,0.0,-2.856,0
2078,0.015811388300841594,2.1425,0,-3.0969,0.165,0,-2.841,0.16,0.0,-2.856,0
2079,0.02039607805437116,2.1426,0,-3.0968,0.164,0,-2.837,0.16,0.0,-2.857,0
2080,0.015524174696259717,2.1426,0,-3.097,0.164,0,-2.841,0.16,0.0,-2.856,0
2081,0.015811388300841594,2.1426,0,-3.097,0.165,0,-2.841,0.16,0.0,-2.856,0
2082,0.015811388300842017,2.1426,0,-3.0969,0.165,0,-2.842,0.16,0.0,-2.857,0
2083,0.018439088914585573,2.1425,0,-3.0969,0.164,0,-2.838,0.16,0.0,-2.856,0
2084,0.017720045146669687,2.1427,0,-3.0969,0.165,0,-2.84,0.16,0.0,-2.857,0
2085,0.015811388300841594,2.1426,0,-3.097,0.165,0,-2.841,0.16,0.0,-2.856,0
2086,0.016763054614240228,2.1427,0,-3.0969,0.165,0,-2.841,0.16,0.0,-2.857,0
2087,0.019646882704388195,2.1427,0,-3.097,0.165,0,-2.837,0.16,0.0,-2.856,0
2088,0.02118962010041711,2.1426,0,-3.0969,0.167,0,-2.837,0.16,0.0,-2.857,0
2089,0.015652475842498344,2.1426,0,-3.097,0.167,0,-2.842,0.16,0.0,-2.856,0
2090,0.019313207915827777,2.1427,0,-3.097,0.167,0,-2.838,0.16,0.0,-2.856,0
2091,0.020615528128088423,2.1427,0,-3.0969,0.168,0,-2.838,0.16,0.0,-2.857,0
2092,0.017464249196573,2.1426,0,-3.0969,0.167,0,-2.841,0.16,0.0,-2.857,0
2093,0.019646882704388195,2.1427,0,-3.097,0.165,0,-2.837,0.16,0.0,-2.856,0
2094,0.020615528128088322,2.1427,0,-3.097,0.165,0,-2.836,0.16,0.0,-2.856,0
2095,0.01772004514666926,2.1427,0,-3.097,0.165,0,-2.839,0.16,0.0,-2.856,0
2096,0.01772004514666926,2.1427,0,-3.0971,0.165,0,-2.839,0.16,0.0,-2.856,0
2097,0.015524174696259717,2.1427,0,-3.097,0.164,0,-2.841,0.16,0.0,-2.856,0
2098,0.019697715603592025,2.1428,0,-3.0971,0.167,0,-2.838,0.159,0.0,-2.856,0
2099,0.017464249196572888,2.1427,0,-3.0971,0.164,0,-2.839,0.16,0.0,-2.856,0
2100,0.015811388300841594,2.1427,0,-3.0972,0.164,0,-2.841,0.159,0.0,-2.856,0
2101,0.015811388300841594,2.1428,0,-3.0971,0.164,0,-2.841,0.159,0.0,-2.856,0
2102,0.016763054614240228,2.1427,0,-3.0971,0.165,0,-2.84,0.16,0.0,-2.856,0
2103,0.014142135623731183,2.3697,0,-2.8112,0.126,0,-3.206,0.128,0.0,-3.22,0
2104,0.019000000000000128,2.3699,0,-2.8111,0.128,0,-3.201,0.128,0.0,-3.22,0
2105,0.019026297590440576,2.3698,0,-2.8113,0.127,0,-3.201,0.128,0.0,-3.22,0
2106,0.016031219541881414,2.3697,0,-2.8112,0.127,0,-3.204,0.128,0.0,-3.22,0
2107,0.016124515496597113,2.3697,0,-2.8112,0.126,0,-3.204,0.128,0.0,-3.22,0
2108,0.020024984394500803,2.3699,0,-2.8113,0.129,0,-3.2,0.128,0.0,-3.22,0
2109,0.01513274595042168,2.3698,0,-2.8112,0.126,0,-3.205,0.128,0.0,-3.22,0
2110,0.01627882059609972,2.3698,0,-2.8112,0.125,0,-3.204,0.128,0.0,-3.22,0
2111,0.018248287590894894,2.3698,0,-2.8113,0.125,0,-3.202,0.128,0.0,-3.22,0
2112,0.01811077027627507,2.3698,0,-2.8113,0.126,0,-3.202,0.128,0.0,-3.22,0
2113,0.0200997512422418,2.3698,0,-2.8111,0.126,0,-3.2,0.128,0.0,-3.22,0
2114,0.016000000000000014,2.3697,0,-2.8112,0.128,0,-3.204,0.128,0.0,-3.22,0
2115,0.018027756377320184,2.3696,0,-2.8112,0.127,0,-3.202,0.128,0.0,-3.22,0
2116,0.018027756377320184,2.3697,0,-2.8112,0.127,0,-3.202,0.128,0.0,-3.22,0
2117,0.018027756377320184,2.3697,0,-2.8111,0.127,0,-3.202,0.128,0.0,-3.22,0
2118,0.015000000000000124,2.3697,0,-2.8112,0.128,0,-3.205,0.128,0.0,-3.22,0
2119,0.01200000000000001,2.3697,0,-2.8113,0.128,0,-3.208,0.128,0.0,-3.22,0
2120,0.016031219541881414,2.3696,0,-2.8112,0.127,0,-3.204,0.128,0.0,-3.22,0
2121,0.01702938636592675,2.3698,0,-2.8113,0.127,0,-3.203,0.128,0.0,-3.22,0
2122,0.01702938636592675,2.3697,0,-2.8112,0.127,0,-3.203,0.128,0.0,-3.22,0
2123,0.016031219541881414,2.3697,0,-2.8112,0.127,0,-3.204,0.128,0.0,-3.22,0
2124,0.013000000000000345,2.3698,0,-2.8111,0.128,0,-3.207,0.128,0.0,-3.22,0
2125,0.018027756377320184,2.3697,0,-2.8112,0.127,0,-3.202,0.128,0.0,-3.22,0
2126,0.019026297590440576,2.3697,0,-2.8111,0.127,0,-3.201,0.128,0.0,-3.22,0
2127,0.019026297590440576,2.3697,0,-2.8112,0.127,0,-3.201,0.128,0.0,-3.22,0
2128,0.018027756377320184,2.3697,0,-2.8111,0.127,0,-3.202,0.128,0.0,-3.22,0
2129,0.017117242768624037,2.3697,0,-2.8111,0.126,0,-3.203,0.128,0.0,-3.22,0
2130,0.019026297590440576,2.3698,0,-2.8112,0.127,0,-3.201,0.128,0.0,-3.22,0
2131,0.018027756377320184,2.3697,0,-2.811,0.127,0,-3.202,0.128,0.0,-3.22,0
2132,0.01811077027627507,2.3696,0,-2.8112,0.126,0,-3.202,0.128,0.0,-3.22,0
2133,0.018027756377320184,2.3697,0,-2.8111,0.127,0,-3.202,0.128,0.0,-3.22,0
2134,0.012041594578792305,2.3697,0,-2.8111,0.129,0,-3.208,0.128,0.0,-3.22,0
2135,0.015033296378373032,2.3696,0,-2.811,0.127,0,-3.205,0.128,0.0,-3.22,0
2136,0.019026297590440576,2.3696,0,-2.811,0.127,0,-3.201,0.128,0.0,-3.22,0
2137,0.019000000000000128,2.3698,0,-2.8112,0.128,0,-3.201,0.128,0.0,-3.22,0
2138,0.014142135623731183,2.3697,0,-2.8111,0.126,0,-3.206,0.128,0.0,-3.22,0
2139,0.014000000000000234,2.3696,0,-2.8112,0.128,0,-3.206,0.128,0.0,-3.22,0
2140,0.01513274595042168,2.3698,0,-2.8111,0.126,0,-3.205,0.128,0.0,-3.22,0
2141,0.0200997512422418,2.3697,0,-2.8111,0.126,0,-3.2,0.128,0.0,-3.22,0
2142,0.020024984394500803,2.3697,0,-2.8111,0.127,0,-3.2,0.128,0.0,-3.22,0
2143,0.019026297590440576,2.3696,0,-2.8111,0.129,0,-3.201,0.128,0.0,-3.22,0
2144,0.015000000000000124,2.3696,0,-2.8111,0.128,0,-3.205,0.128,0.0,-3.22,0
2145,0.017000000000000348,2.3697,0,-2.8112,0.128,0,-3.203,0.128,0.0,-3.22,0
2146,0.014000000000000234,2.3697,0,-2.811,0.128,0,-3.206,0.128,0.0,-3.22,0
2147,0.014000000000000234,2.3695,0,-2.811,0.128,0,-3.206,0.128,0.0,-3.22,0
2148,0.015000000000000124,2.3696,0,-2.811,0.128,0,-3.205,0.128,0.0,-3.22,0
2149,0.019104973174542926,2.3697,0,-2.8111,0.126,0,-3.201,0.128,0.0,-3.22,0
2150,0.014035668847618433,2.3696,0,-2.8112,0.127,0,-3.206,0.128,0.0,-3.22,0
2151,0.015033296378373032,2.3696,0,-2.8111,0.127,0,-3.205,0.128,0.0,-3.22,0
2152,0.015033296378373032,2.3696,0,-2.8111,0.127,0,-3.205,0.128,0.0,-3.22,0
2153,0.019026297590440576,2.3696,0,-2.8109,0.127,0,-3.201,0.128,0.0,-3.22,0
2154,0.01923538406167147,2.3697,0,-2.8111,0.125,0,-3.201,0.128,0.0,-3.22,0
2155,0.01513274595042168,2.3696,0,-2.8108,0.126,0,-3.205,0.128,0.0,-3.22,0
2156,0.01513274595042168,2.3696,0,-2.8111,0.126,0,-3.205,0.128,0.0,-3.22,0
2157,0.015033296378373032,2.3697,0,-2.8111,0.127,0,-3.205,0.128,0.0,-3.22,0
2158,0.016031219541881414,2.3696,0,-2.811,0.127,0,-3.204,0.128,0.0,-3.22,0
2159,0.015000000000000124,2.3697,0,-2.8109,0.128,0,-3.205,0.128,0.0,-3.22,0
2160,0.018248287590894894,2.3696,0,-2.8111,0.125,0,-3.202,0.128,0.0,-3.22,0
2161,0.01334166406412667,2.3696,0,-2.811,0.125,0,-3.207,0.128,0.0,-3.22,0
2162,0.01303840481040564,2.3696,0,-2.811,0.127,0,-3.207,0.128,0.0,-3.22,0
2163,0.01303840481040564,2.3696,0,-2.811,0.127,0,-3.207,0.128,0.0,-3.22,0
2164,0.019026297590440576,2.3696,0,-2.8109,0.127,0,-3.201,0.128,0.0,-3.22,0
2165,0.01303840481040564,2.3696,0,-2.8109,0.127,0,-3.207,0.128,0.0,-3.22,0
2166,0.01811077027627507,2.3695,0,-2.8111,0.126,0,-3.202,0.128,0.0,-3.22,0
2167,0.018027756377320184,2.3696,0,-2.8111,0.127,0,-3.202,0.128,0.0,-3.22,0
2168,0.014000000000000234,2.3691,0,-2.8107,0.129,0,-3.206,0.129,0.0,-3.22,0
2169,0.014035668847618433,2.367,0,-2.8094,0.13,0,-3.206,0.131,0.0,-3.22,0
2170,0.017492855684536013,2.3612,0,-2.8057,0.129,0,-3.205,0.138,0.0,-3.22,0
2171,0.02831960451701267,2.3529,0,-2.8003,0.127,0,-3.201,0.148,0.0,-3.22,0
2172,0.03244996147917603,2.3435,0,-2.794,0.132,0,-3.202,0.159,0.0,-3.22,0
2173,0.029068883707497443,2.3348,0,-2.7888,0.143,0,-3.207,0.169,0.0,-3.22,0
2174,0.021931712199461256,2.3267,0,-2.7837,0.159,0,-3.21,0.179,0.0,-3.219,0
2175,0.03087069808086622,2.3196,0,-2.779,0.159,0,-3.206,0.187,0.0,-3.219,0
2176,0.027294688127912307,2.3133,0,-2.7751,0.171,0,-3.206,0.195,0.0,-3.219,0
2177,0.01941648783894743,2.3074,0,-2.7713,0.186,0,-3.208,0.202,0.0,-3.219,0
2178,0.018357559750685756,2.301,0,-2.7672,0.193,0,-3.21,0.209,0.0,-3.219,0
2179,0.02059126028197389,2.2939,0,-2.7625,0.2,0,-3.209,0.218,0.0,-3.219,0
2180,0.02863564212655266,2.2859,0,-2.7568,0.2,0,-3.213,0.228,0.0,-3.219,0
2181,0.029614185789921647,2.2775,0,-2.751,0.209,0,-3.213,0.238,0.0,-3.219,0
2182,0.02745906043549202,2.269,0,-2.7452,0.221,0,-3.215,0.248,0.0,-3.22,0
2183,0.024515301344262615,2.2601,0,-2.7387,0.235,0,-3.215,0.259,0.0,-3.22,0
2184,0.02404163056034267,2.2509,0,-2.7325,0.247,0,-3.213,0.27,0.0,-3.22,0
2185,0.035355339059327334,2.2411,0,-2.7257,0.247,0,-3.216,0.282,0.0,-3.221,0
2186,0.034365680554879124,2.2312,0,-2.7189,0.26,0,-3.216,0.294,0.0,-3.221,0
2187,0.02899999999999997,2.2212,0,-2.712,0.277,0,-3.221,0.306,0.0,-3.221,0
2188,0.028160255680657484,2.2122,0,-2.7051,0.29,0,-3.219,0.318,0.0,-3.222,0
2189,0.01802775637731989,2.2084,0,-2.7012,0.306,0,-3.217,0.323,0.0,-3.223,0
2190,0.023021728866442694,2.2033,0,-2.6987,0.306,0,-3.221,0.329,0.0,-3.222,0
2191,0.026019223662515394,2.1929,0,-2.6922,0.315,0,-3.221,0.341,0.0,-3.222,0
2192,0.0380131556174964,2.1794,0,-2.6833,0.319,0,-3.223,0.357,0.0,-3.222,0
2193,0.042190046219457954,2.1604,0,-2.6737,0.336,0,-3.215,0.378,0.0,-3.219,0
2194,0.025553864678361193,2.1328,0,-2.6554,0.389,0,-3.206,0.411,0.0,-3.219,0
2195,0.016401219466856652,2.1277,0,-2.6523,0.407,0,-3.206,0.417,0.0,-3.219,0
2196,0.017029386365926488,2.1197,0,-2.6481,0.413,0,-3.207,0.426,0.0,-3.218,0
2197,0.021260291625469316,2.1084,0,-2.6423,0.425,0,-3.201,0.439,0.0,-3.217,0
2198,0.029966648127543374,2.0944,0,-2.636,0.427,0,-3.201,0.454,0.0,-3.214,0
2199,0.03498571136907167,2.077,0,-2.6253,0.444,0,-3.196,0.474,0.0,-3.214,0
2200,0.041109609582189004,2.0629,0,-2.6173,0.46,0,-3.186,0.491,0.0,-3.213,0
2201,0.033999999999999836,2.0513,0,-2.6112,0.488,0,-3.181,0.504,0.0,-3.211,0
2202,0.02886173937932365,2.0417,0,-2.6053,0.508,0,-3.183,0.515,0.0,-3.211,0
2203,0.02758622844826747,2.0337,0,-2.6012,0.505,0,-3.19,0.524,0.0,-3.21,0
2204,0.0325729949498048,2.0209,0,-2.5957,0.528,0,-3.177,0.538,0.0,-3.208,0
2205,0.03505709628591635,2.0104,0,-2.5916,0.547,0,-3.17,0.549,0.0,-3.205,0
2206,0.039000000000000146,2.0019,0,-2.5869,0.558,0,-3.165,0.558,0.0,-3.204,0
2207,0.03206243908376282,1.9991,0,-2.5861,0.563,0,-3.172,0.561,0.0,-3.204,0
2208,0.026019223662515283,1.9945,0,-2.5799,0.542,0,-3.205,0.568,0.0,-3.206,0
2209,0.025709920264364746,1.9888,0,-2.5806,0.548,0,-3.196,0.573,0.0,-3.202,0
2210,0.03601388621073824,1.9763,0,-2.5724,0.587,0,-3.166,0.588,0.0,-3.202,0
2211,0.04390899680020013,1.8816,0,-2.5238,0.655,0,-3.169,0.693,0.0,-3.191,0
2212,0.04176122603564224,1.8719,0,-2.5162,0.694,0,-3.152,0.706,0.0,-3.192,0
2213,0.0453982378512646,1.871,0,-2.514,0.714,0,-3.148,0.708,0.0,-3.193,0
2214,0.037947331922020586,1.8154,0,-2.4858,0.734,0,-3.198,0.77,0.0,-3.186,0
2215,0.03220248437620908,1.7298,0,-2.4478,0.843,0,-3.144,0.862,0.0,-3.17,0
2216,0.028284271247461926,1.7195,0,-2.4416,0.854,0,-3.15,0.874,0.0,-3.17,0
2217,0.044598206241955596,1.687,0,-2.406,0.879,0,-3.167,0.921,0.0,-3.182,0
2218,0.038897300677553405,1.6716,0,-2.3921,0.914,0,-3.157,0.941,0.0,-3.185,0
2219,0.03257299494980487,1.0635,0,-1.9595,1.656,0,-3.221,1.687,0.0,-3.211,0
2220,0.03312099032335832,1.064,0,-1.9601,1.657,0,-3.226,1.686,0.0,-3.21,0
2221,0.02640075756488824,1.0641,0,-1.9601,1.662,0,-3.221,1.686,0.0,-3.21,0
2222,0.02729468812791233,1.064,0,-1.96,1.662,0,-3.223,1.686,0.0,-3.21,0
2223,0.028178005607210618,1.064,0,-1.9601,1.661,0,-3.223,1.686,0.0,-3.21,0
2224,0.02640075756488824,1.064,0,-1.9602,1.662,0,-3.221,1.686,0.0,-3.21,0
2225,0.03132091952673165,1.064,0,-1.9601,1.656,0,-3.219,1.686,0.0,-3.21,0
2226,0.031384709652950364,1.0672,0,-1.9627,1.655,0,-3.226,1.682,0.0,-3.21,0
2227,0.019104973174542742,1.0779,0,-1.9705,1.655,0,-3.222,1.669,0.0,-3.209,0
2228,0.02267156809750915,1.1018,0,-1.9873,1.657,0,-3.223,1.64,0.0,-3.208,0
2229,0.035846896657869685,1.1237,0,-2.0025,1.646,0,-3.222,1.613,0.0,-3.208,0
2230,0.026248809496813325,1.1436,0,-2.018,1.608,0,-3.223,1.588,0.0,-3.206,0
2231,0.016970562748477157,1.1618,0,-2.0302,1.578,0,-3.218,1.566,0.0,-3.206,0
2232,0.02765863337187875,1.1739,0,-2.0392,1.578,0,-3.211,1.551,0.0,-3.205,0
2233,0.01838477631085002,1.1844,0,-2.0471,1.555,0,-3.211,1.538,0.0,-3.204,0
2234,0.016124515496596922,1.1977,0,-2.0561,1.53,0,-3.218,1.522,0.0,-3.204,0
2235,0.004242640687119289,1.2088,0,-2.0648,1.511,0,-3.206,1.508,0.0,-3.203,0
2236,0.00721110255092817,1.227,0,-2.0778,1.489,0,-3.208,1.485,0.0,-3.202,0
2237,0.024698178070457023,1.2427,0,-2.089,1.489,0,-3.21,1.466,0.0,-3.201,0
2238,0.023769728648009403,1.2566,0,-2.099,1.471,0,-3.21,1.449,0.0,-3.201,0
2239,0.011661903789690498,1.2694,0,-2.1083,1.443,0,-3.206,1.433,0.0,-3.2,0
2240,0.00848528137423842,1.2822,0,-2.1172,1.424,0,-3.206,1.418,0.0,-3.2,0
2241,0.012041594578792296,1.2956,0,-2.1261,1.414,0,-3.201,1.402,0.0,-3.2,0
2242,0.030066592756745857,1.3102,0,-2.1362,1.414,0,-3.201,1.384,0.0,-3.199,0
2243,0.022022715545545274,1.3253,0,-2.1468,1.387,0,-3.2,1.365,0.0,-3.199,0
2244,0.025079872407968835,1.3412,0,-2.1576,1.371,0,-3.2,1.346,0.0,-3.198,0
2245,0.015033296378372803,1.3567,0,-2.1674,1.343,0,-3.198,1.328,0.0,-3.199,0
2246,0.033241540277189244,1.3716,0,-2.1771,1.343,0,-3.195,1.31,0.0,-3.199,0
2247,0.029017236257093744,1.3862,0,-2.1871,1.321,0,-3.2,1.292,0.0,-3.199,0
2248,0.029017236257093952,1.4006,0,-2.197,1.304,0,-3.199,1.275,0.0,-3.198,0
2249,0.022360679774997918,1.4151,0,-2.207,1.279,0,-3.194,1.257,0.0,-3.198,0
2250,0.018027756377319782,1.4298,0,-2.2167,1.257,0,-3.192,1.24,0.0,-3.198,0
2251,0.03522782990761699,1.4448,0,-2.2264,1.257,0,-3.194,1.222,0.0,-3.198,0
2252,0.03929376540877698,1.4595,0,-2.2365,1.242,0,-3.188,1.204,0.0,-3.198,0
2253,0.03162277660168375,1.4742,0,-2.2459,1.217,0,-3.188,1.187,0.0,-3.198,0
2254,0.031016124838541815,1.4893,0,-2.2558,1.197,0,-3.187,1.168,0.0,-3.198,0
2255,0.021633307652783953,1.5045,0,-2.2654,1.169,0,-3.186,1.151,0.0,-3.198,0
2256,0.02370653918225937,1.5422,0,-2.2889,1.127,0,-3.189,1.106,0.0,-3.2,0
2257,0.04052159917870958,1.5567,0,-2.2982,1.128,0,-3.189,1.089,0.0,-3.2,0
2258,0.036055512754639925,1.5719,0,-2.308,1.105,0,-3.188,1.071,0.0,-3.2,0
2259,0.03228002478313818,1.587,0,-2.3177,1.084,0,-3.191,1.053,0.0,-3.2,0
2260,0.03178049716414129,1.6026,0,-2.3276,1.063,0,-3.188,1.034,0.0,-3.201,0
2261,0.03080584360149897,1.6175,0,-2.3368,1.042,0,-3.183,1.017,0.0,-3.201,0
2262,0.04588027898781775,1.6325,0,-2.3459,1.043,0,-3.189,0.999,0.0,-3.202,0
2263,0.03992492955535417,1.6482,0,-2.3554,1.018,0,-3.188,0.981,0.0,-3.203,0
2264,0.04254409477236519,1.663,0,-2.3642,1.003,0,-3.186,0.964,0.0,-3.203,0
2265,0.03498571136907195,1.6781,0,-2.3733,0.976,0,-3.186,0.946,0.0,-3.204,0
2266,0.03944616584663198,1.6936,0,-2.383,0.962,0,-3.185,0.928,0.0,-3.205,0
2267,0.05571355310873642,1.7083,0,-2.3913,0.963,0,-3.186,0.911,0.0,-3.206,1
2268,0.04875448697299552,1.7237,0,-2.3997,0.938,0,-3.186,0.894,0.0,-3.207,0
2269,0.04219004621945813,1.7393,0,-2.409,0.911,0,-3.186,0.875,0.0,-3.208,0
2270,0.03982461550347984,1.7549,0,-2.4185,0.892,0,-3.19,0.857,0.0,-3.209,0
2271,0.034409301068170535,1.7663,0,-2.4255,0.872,0,-3.189,0.844,0.0,-3.209,0
2272,0.03577708763999667,1.7691,0,-2.4274,0.872,0,-3.193,0.84,0.0,-3.209,0
2273,0.016763054614240228,1.7674,0,-2.4263,0.847,0,-3.193,0.842,0.0,-3.209,0
2274,0.020615528128088423,1.766,0,-2.4254,0.836,0,-3.19,0.844,0.0,-3.209,0
2275,0.016401219466856652,1.7624,0,-2.4233,0.838,0,-3.196,0.848,0.0,-3.209,0
2276,0.04464302857109947,1.7254,0,-2.4006,0.849,0,-3.195,0.892,0.0,-3.207,0
2277,0.03736308338453869,1.2136,0,-2.0438,1.479,0,-3.233,1.515,0.0,-3.223,0
2278,0.03748332962798273,1.0305,0,-1.9146,1.702,0,-3.224,1.739,0.0,-3.23,0
2279,0.04295346318982907,1.027,0,-1.9119,1.702,0,-3.221,1.744,0.0,-3.23,0
2280,0.0780896920214185,-0.2202,0,-1.1275,3.23,0,-3.12,3.217,0.0,-3.197,1
2281,0.05608921464952082,-0.2073,0,-1.1414,3.209,0,-3.138,3.198,0.0,-3.193,1
2282,0.0401995024844836,-0.1941,0,-1.1545,3.184,0,-3.149,3.18,0.0,-3.189,0
2283,0.02780287754891574,0.4876,0,-1.6508,2.36,0,-3.168,2.338,0.0,-3.151,0
2284,0.02163330765278414,0.4996,0,-1.6584,2.336,0,-3.169,2.324,0.0,-3.151,0
2285,0.012806248474865882,0.5121,0,-1.6666,2.317,0,-3.161,2.309,0.0,-3.151,0
2286,0.025079872407969276,0.5259,0,-1.6756,2.317,0,-3.153,2.292,0.0,-3.151,0
2287,0.02499999999999991,0.542,0,-1.685,2.299,0,-3.152,2.274,0.0,-3.152,0
2288,0.026076809620810857,0.5584,0,-1.6944,2.281,0,-3.151,2.255,0.0,-3.153,0
2289,0.023345235059857635,0.5748,0,-1.7048,2.258,0,-3.15,2.235,0.0,-3.154,0
2290,0.017029386365926297,0.5909,0,-1.7146,2.233,0,-3.153,2.216,0.0,-3.154,0
2291,0.021095023109729064,0.9905,0,-1.9531,1.77,0,-3.165,1.752,0.0,-3.176,0
2292,0.02147091055358391,1.0076,0,-1.9641,1.75,0,-3.166,1.731,0.0,-3.176,0
2293,0.012165525060596413,1.025,0,-1.9734,1.724,0,-3.176,1.712,0.0,-3.178,0
2294,0.03046309242345566,1.0411,0,-1.9757,1.725,0,-3.173,1.697,0.0,-3.185,0
2295,0.016155494421403713,1.0421,0,-1.9824,1.707,0,-3.174,1.692,0.0,-3.18,0
2296,0.007071067811865167,1.0504,0,-1.9876,1.682,0,-3.187,1.683,0.0,-3.18,0
2297,0.011661903789690727,1.0661,0,-1.9974,1.674,0,-3.174,1.664,0.0,-3.18,0
2298,0.024041630560342562,1.0873,0,-2.015,1.66,0,-3.17,1.637,0.0,-3.177,0
2299,0.054120236510939036,1.1107,0,-2.0237,1.66,0,-3.158,1.612,0.0,-3.183,1
2300,0.04973932046178366,1.1277,0,-2.0338,1.636,0,-3.159,1.593,0.0,-3.184,0
2301,0.03228002478313784,1.1423,0,-2.0426,1.607,0,-3.176,1.576,0.0,-3.185,0
2302,0.020248456731316748,1.1556,0,-2.048,1.58,0,-3.181,1.561,0.0,-3.188,0
2303,0.015652475842498393,1.1655,0,-2.0552,1.563,0,-3.18,1.549,0.0,-3.187,0
2304,0.03324154027718933,1.1786,0,-2.0647,1.565,0,-3.177,1.533,0.0,-3.186,0
2305,0.030083217912982782,1.1952,0,-2.0761,1.542,0,-3.178,1.513,0.0,-3.186,0
2306,0.024186773244895463,1.2126,0,-2.0851,1.517,0,-3.185,1.493,0.0,-3.188,0
2307,0.027459060435492077,1.2299,0,-2.0976,1.499,0,-3.182,1.472,0.0,-3.187,0
2308,0.02846049894151565,1.2456,0,-2.1073,1.481,0,-3.179,1.454,0.0,-3.188,0
2309,0.045122056690714,1.2588,0,-2.1153,1.482,0,-3.178,1.438,0.0,-3.188,0
2310,0.027730849247724218,1.2713,0,-2.1226,1.449,0,-3.177,1.424,0.0,-3.189,0
2311,0.02745906043549214,1.2846,0,-2.1304,1.431,0,-3.175,1.408,0.0,-3.19,0
2312,0.030886890422960965,1.299,0,-2.1389,1.419,0,-3.176,1.392,0.0,-3.191,0
2313,0.030870698080866243,1.3145,0,-2.1485,1.401,0,-3.178,1.373,0.0,-3.191,0
2314,0.04838388161361186,1.3306,0,-2.1583,1.401,0,-3.177,1.355,0.0,-3.192,0
2315,0.04438468204234419,1.3472,0,-2.1678,1.377,0,-3.176,1.336,0.0,-3.193,0
2316,0.034205262752974246,1.3633,0,-2.177,1.35,0,-3.185,1.317,0.0,-3.194,0
2317,0.035846896657869685,1.3792,0,-2.1867,1.331,0,-3.181,1.298,0.0,-3.195,0
2318,0.02973213749463711,1.3937,0,-2.1957,1.309,0,-3.186,1.281,0.0,-3.196,0
2319,0.045354161881794336,1.4075,0,-2.204,1.309,0,-3.185,1.265,0.0,-3.196,0
2320,0.041484937025383146,1.4224,0,-2.2128,1.288,0,-3.186,1.248,0.0,-3.197,0
2321,0.04110960958218883,1.438,0,-2.222,1.269,0,-3.185,1.23,0.0,-3.198,0
2322,0.03623534186398686,1.4534,0,-2.2306,1.244,0,-3.182,1.212,0.0,-3.199,0
2323,0.03001666203960735,1.4697,0,-2.2397,1.22,0,-3.186,1.194,0.0,-3.201,0
2324,0.048104053883222885,1.485,0,-2.2486,1.221,0,-3.185,1.176,0.0,-3.202,0
2325,0.04681879964287854,1.4994,0,-2.2578,1.203,0,-3.186,1.159,0.0,-3.202,0
2326,0.03667424164178443,1.5151,0,-2.2665,1.174,0,-3.187,1.141,0.0,-3.203,0
2327,0.03522782990761701,1.5306,0,-2.2747,1.153,0,-3.185,1.124,0.0,-3.205,0
2328,0.05059644256269411,1.5466,0,-2.2839,1.153,0,-3.19,1.105,0.0,-3.206,1
2329,0.04753945729601881,1.5621,0,-2.2931,1.131,0,-3.189,1.087,0.0,-3.207,0
2330,0.04933558553417601,1.5772,0,-2.3019,1.117,0,-3.193,1.07,0.0,-3.208,0
2331,0.04606517122512398,1.5925,0,-2.3108,1.093,0,-3.188,1.052,0.0,-3.209,0
2332,0.037735924528226446,1.6077,0,-2.3195,1.067,0,-3.19,1.035,0.0,-3.21,0
2333,0.055542776307995326,1.6232,0,-2.3284,1.068,0,-3.189,1.017,0.0,-3.211,1
2334,0.057697486947006535,1.639,0,-2.3367,1.051,0,-3.188,0.999,0.0,-3.213,1
2335,0.0542033209314705,1.6549,0,-2.3451,1.028,0,-3.188,0.981,0.0,-3.215,1
2336,0.04527692569068718,1.6703,0,-2.3539,1.002,0,-3.193,0.963,0.0,-3.216,0
2337,0.04687216658103203,1.6857,0,-2.3624,0.985,0,-3.191,0.946,0.0,-3.217,0
2338,0.051429563482494965,1.732,0,-2.3867,0.94,0,-3.2,0.894,0.0,-3.223,1
2339,0.05283937925449178,1.7477,0,-2.396,0.922,0,-3.198,0.876,0.0,-3.224,1
2340,0.04876474136094653,1.7632,0,-2.4044,0.901,0,-3.202,0.858,0.0,-3.225,0
2341,0.05491812087098376,1.8097,0,-2.4298,0.851,0,-3.2,0.805,0.0,-3.23,1
2342,0.05341348144429446,1.8243,0,-2.4346,0.832,0,-3.201,0.79,0.0,-3.234,1
2343,0.04743416490252579,1.8401,0,-2.4453,0.81,0,-3.206,0.771,0.0,-3.233,0
2344,0.056850681614207546,1.921,0,-2.4881,0.724,0,-3.206,0.68,0.0,-3.242,1
2345,0.054999999999999986,1.9979,0,-2.5278,0.638,0,-3.219,0.594,0.0,-3.252,1
2346,0.05661271941887254,2.042,0,-2.5525,0.59,0,-3.222,0.544,0.0,-3.255,1
2347,0.05000000000000009,2.0521,0,-2.5614,0.57,0,-3.223,0.53,0.0,-3.253,1
2348,0.04386342439892234,2.0628,0,-2.5609,0.552,0,-3.228,0.522,0.0,-3.26,0
2349,0.0554707129934346,2.0781,0,-2.5672,0.555,0,-3.237,0.506,0.0,-3.263,1
2350,0.05470831746635949,2.1409,0,-2.5981,0.483,0,-3.244,0.436,0.0,-3.272,1
2351,0.04920365840057036,2.1595,0,-2.6083,0.454,0,-3.243,0.415,0.0,-3.273,0
2352,0.046754678910243964,2.2023,0,-2.6313,0.398,0,-3.243,0.367,0.0,-3.278,0
2353,0.053075418038862204,2.2191,0,-2.6395,0.384,0,-3.241,0.348,0.0,-3.28,1
2354,0.04373785545725822,2.3128,0,-2.6851,0.253,0,-3.251,0.245,0.0,-3.294,0
2355,0.044922154890432546,2.3128,0,-2.685,0.258,0,-3.251,0.245,0.0,-3.294,0
2356,0.04617358552246082,2.3127,0,-2.6851,0.259,0,-3.25,0.245,0.0,-3.294,0
2357,0.04808326112068506,2.3128,0,-2.685,0.259,0,-3.248,0.245,0.0,-3.294,0
2358,0.04808326112068506,2.3128,0,-2.6851,0.259,0,-3.248,0.245,0.0,-3.294,0
2359,0.045541190146942946,2.3127,0,-2.6851,0.26,0,-3.251,0.245,0.0,-3.294,0
2360,0.04648655719667788,2.3128,0,-2.6852,0.26,0,-3.25,0.245,0.0,-3.294,0
2361,0.049648766349225784,2.3128,0,-2.6851,0.261,0,-3.247,0.245,0.0,-3.294,0
2362,0.04775981574503815,2.3128,0,-2.685,0.261,0,-3.249,0.245,0.0,-3.294,0
2363,0.01969771560359243,2.3802,0,-2.3048,0.39,0,-3.63,0.398,0.0,-3.648,0
2364,0.018788294228056255,2.3801,0,-2.3046,0.39,0,-3.631,0.398,0.0,-3.648,0
2365,0.01838477631085056,2.3801,0,-2.3047,0.391,0,-3.631,0.398,0.0,-3.648,0
2366,0.01969771560359243,2.3801,0,-2.3046,0.39,0,-3.63,0.398,0.0,-3.648,0
2367,0.02118962010041711,2.3802,0,-2.3047,0.391,0,-3.628,0.398,0.0,-3.648,0
2368,0.02024845673131671,2.3801,0,-2.3046,0.391,0,-3.629,0.398,0.0,-3.648,0
2369,0.01838477631085056,2.3801,0,-2.3046,0.391,0,-3.631,0.398,0.0,-3.648,0
2370,0.018788294228056255,2.3801,0,-2.3046,0.39,0,-3.631,0.398,0.0,-3.648,0
2371,0.020591260281974215,2.38,0,-2.3045,0.389,0,-3.63,0.399,0.0,-3.648,0
2372,0.01969771560359243,2.3801,0,-2.3046,0.39,0,-3.63,0.398,0.0,-3.648,0
2373,0.021095023109729195,2.38,0,-2.3045,0.388,0,-3.63,0.399,0.0,-3.648,0
2374,0.021095023109729195,2.38,0,-2.3045,0.388,0,-3.63,0.399,0.0,-3.648,0
2375,0.01969771560359243,2.38,0,-2.3046,0.39,0,-3.63,0.398,0.0,-3.648,0
2376,0.01972308292331594,2.38,0,-2.3044,0.389,0,-3.632,0.399,0.0,-3.649,0
2377,0.021470910553584004,2.3799,0,-2.3045,0.389,0,-3.629,0.399,0.0,-3.648,0
2378,0.01969771560359243,2.38,0,-2.3045,0.391,0,-3.63,0.399,0.0,-3.648,0
2379,0.020615528128088423,2.38,0,-2.3045,0.391,0,-3.629,0.399,0.0,-3.648,0
2380,0.02193171219946133,2.3799,0,-2.3044,0.39,0,-3.629,0.399,0.0,-3.649,0
2381,0.021470910553584004,2.3799,0,-2.3044,0.389,0,-3.63,0.399,0.0,-3.649,0
2382,0.021095023109729195,2.3798,0,-2.3044,0.388,0,-3.63,0.399,0.0,-3.648,0
2383,0.019235384061671655,2.3798,0,-2.3044,0.39,0,-3.631,0.399,0.0,-3.648,0
2384,0.020124611797498325,2.3798,0,-2.3044,0.39,0,-3.63,0.399,0.0,-3.648,0
2385,0.021470910553584004,2.3797,0,-2.3042,0.389,0,-3.63,0.399,0.0,-3.649,0
2386,0.022360679774997918,2.3798,0,-2.3042,0.389,0,-3.629,0.399,0.0,-3.649,0
2387,0.019723082923316326,2.3797,0,-2.3043,0.389,0,-3.631,0.399,0.0,-3.648,0
2388,0.021470910553584004,2.3797,0,-2.3043,0.389,0,-3.629,0.399,0.0,-3.648,0
2389,0.021954498400100265,2.3797,0,-2.3042,0.388,0,-3.63,0.399,0.0,-3.649,0
2390,0.021470910553584004,2.3797,0,-2.3042,0.389,0,-3.63,0.399,0.0,-3.649,0
2391,0.020124611797498325,2.3796,0,-2.3041,0.39,0,-3.631,0.399,0.0,-3.649,0
2392,0.02247220505424415,2.3797,0,-2.3042,0.391,0,-3.628,0.399,0.0,-3.649,0
2393,0.020615528128088423,2.3797,0,-2.3041,0.391,0,-3.63,0.399,0.0,-3.649,0
2394,0.02118962010041711,2.3796,0,-2.3042,0.392,0,-3.629,0.399,0.0,-3.649,0
2395,0.02118962010041711,2.3797,0,-2.3042,0.392,0,-3.629,0.399,0.0,-3.649,0
2396,0.021470910553584004,2.3796,0,-2.3041,0.389,0,-3.63,0.399,0.0,-3.649,0
2397,0.023259406699225937,2.3795,0,-2.3041,0.389,0,-3.628,0.399,0.0,-3.649,0
2398,0.02163330765278414,2.3768,0,-2.3022,0.39,0,-3.631,0.402,0.0,-3.649,0
2399,0.03023243291566212,2.3659,0,-2.2957,0.39,0,-3.631,0.415,0.0,-3.648,0
2400,0.04024922359499625,2.2194,0,-2.2022,0.553,0,-3.627,0.589,0.0,-3.645,0
2401,0.021954498400100098,0.1848,0,-0.7651,3.09,0,-3.742,3.079,0.0,-3.723,0
2402,0.02024845673131633,0.2007,0,-0.7741,3.067,0,-3.743,3.06,0.0,-3.724,0
2403,0.01923538406167142,0.2162,0,-0.7829,3.046,0,-3.744,3.043,0.0,-3.725,0
2404,0.02831960451701261,0.2314,0,-0.7916,3.046,0,-3.745,3.025,0.0,-3.726,0
2405,0.025000000000000088,0.2456,0,-0.8008,3.023,0,-3.746,3.008,0.0,-3.726,0
2406,0.022472205054244562,0.2599,0,-0.8094,3.0,0,-3.748,2.992,0.0,-3.727,0
2407,0.018439088914585573,0.2755,0,-0.8178,2.978,0,-3.747,2.974,0.0,-3.729,0
2408,0.018027756377319733,0.2916,0,-0.8276,2.956,0,-3.747,2.955,0.0,-3.729,0
2409,0.026172504656605058,0.307,0,-0.8366,2.956,0,-3.748,2.937,0.0,-3.73,0
2410,0.023853720883753086,0.3221,0,-0.8458,2.933,0,-3.751,2.92,0.0,-3.731,0
2411,0.02416609194718946,1.0689,0,-1.3737,2.016,0,-3.724,2.006,0.0,-3.702,0
2412,0.016763054614240193,1.084,0,-1.3843,1.992,0,-3.718,1.987,0.0,-3.702,0
2413,0.011180339887499068,1.0982,0,-1.3947,1.971,0,-3.712,1.969,0.0,-3.701,0
2414,0.010000000000000009,1.1124,0,-1.4046,1.946,0,-3.708,1.952,0.0,-3.7,0
2415,0.01442220510185597,1.1269,0,-1.4153,1.946,0,-3.708,1.934,0.0,-3.7,0
2416,0.01140175425099172,1.1418,0,-1.4257,1.923,0,-3.708,1.916,0.0,-3.699,0
2417,0.008544003745317578,1.1562,0,-1.4358,1.901,0,-3.707,1.898,0.0,-3.699,0
2418,0.006082762530298426,1.17,0,-1.4455,1.881,0,-3.704,1.882,0.0,-3.698,0
2419,0.007071067811865606,1.1839,0,-1.4557,1.863,0,-3.704,1.864,0.0,-3.697,0
2420,0.016763054614240193,1.1976,0,-1.4656,1.863,0,-3.702,1.847,0.0,-3.697,0
2421,0.009433981132056552,1.2117,0,-1.4756,1.838,0,-3.701,1.83,0.0,-3.696,0
2422,0.011704699910719532,1.2262,0,-1.4863,1.823,0,-3.699,1.812,0.0,-3.695,0
2423,0.006324555320336694,1.2407,0,-1.4969,1.8,0,-3.692,1.794,0.0,-3.694,0
2424,0.0060827625302984625,1.2551,0,-1.5073,1.778,0,-3.687,1.777,0.0,-3.693,0
2425,0.02483948469674855,1.2699,0,-1.5172,1.778,0,-3.677,1.759,0.0,-3.693,0
2426,0.025495097567963625,1.2846,0,-1.5254,1.759,0,-3.676,1.742,0.0,-3.695,0
2427,0.023021728866442357,1.2994,0,-1.5345,1.738,0,-3.676,1.725,0.0,-3.695,0
2428,0.02282542442102662,1.3148,0,-1.5436,1.718,0,-3.676,1.707,0.0,-3.696,0
2429,0.023086792761230657,1.3308,0,-1.5533,1.695,0,-3.675,1.688,0.0,-3.697,0
2430,0.032649655434629055,1.3461,0,-1.5627,1.695,0,-3.676,1.67,0.0,-3.697,0
2431,0.025612496949731417,1.3606,0,-1.5719,1.673,0,-3.682,1.653,0.0,-3.698,0
2432,0.02080865204668474,1.3758,0,-1.5815,1.647,0,-3.681,1.635,0.0,-3.698,0
2433,0.02607680962081043,1.3914,0,-1.5904,1.631,0,-3.677,1.617,0.0,-3.699,0
2434,0.040000000000000036,1.4072,0,-1.5993,1.631,0,-3.677,1.599,0.0,-3.701,0
2435,0.022203603311174474,1.4235,0,-1.6075,1.599,0,-3.69,1.581,0.0,-3.703,0
2436,0.020591260281974125,1.4393,0,-1.6163,1.581,0,-3.694,1.563,0.0,-3.704,0
2437,0.016970562748477157,1.4532,0,-1.626,1.558,0,-3.692,1.546,0.0,-3.704,0
2438,0.018027756377319994,1.4679,0,-1.6352,1.543,0,-3.694,1.528,0.0,-3.704,0
2439,0.03573513677041134,1.4834,0,-1.6456,1.544,0,-3.693,1.51,0.0,-3.704,0
2440,0.030528675044947523,1.4989,0,-1.6551,1.518,0,-3.689,1.492,0.0,-3.705,0
2441,0.026172504656604898,1.5147,0,-1.6654,1.492,0,-3.687,1.473,0.0,-3.705,0
2442,0.02262741699796954,1.5293,0,-1.6752,1.471,0,-3.689,1.455,0.0,-3.705,0
2443,0.02163330765278414,1.5435,0,-1.6842,1.45,0,-3.687,1.438,0.0,-3.705,0
2444,0.03498571136907195,1.5584,0,-1.6936,1.451,0,-3.687,1.421,0.0,-3.705,0
2445,0.035468295701936416,1.5732,0,-1.7029,1.43,0,-3.683,1.403,0.0,-3.706,0
2446,0.03466987164671943,1.5883,0,-1.7122,1.405,0,-3.677,1.386,0.0,-3.706,0
2447,0.03360059523282265,1.6041,0,-1.7216,1.387,0,-3.68,1.367,0.0,-3.707,0
2448,0.025942243542145423,1.6194,0,-1.7313,1.361,0,-3.684,1.349,0.0,-3.707,0
2449,0.03640054944640285,1.6347,0,-1.7408,1.36,0,-3.686,1.331,0.0,-3.708,0
2450,0.03001666203960735,1.6496,0,-1.749,1.34,0,-3.694,1.314,0.0,-3.709,0
2451,0.029068883707497363,1.6646,0,-1.7587,1.318,0,-3.69,1.296,0.0,-3.709,0
2452,0.02195449840010013,1.68,0,-1.7683,1.297,0,-3.699,1.278,0.0,-3.71,0
2453,0.020591260281974125,1.6949,0,-1.7788,1.278,0,-3.699,1.26,0.0,-3.709,0
2454,0.03832753579347358,1.7093,0,-1.7888,1.279,0,-3.699,1.242,0.0,-3.709,0
2455,0.02773084924772402,1.7238,0,-1.7986,1.25,0,-3.697,1.225,0.0,-3.709,0
2456,0.02952964612046693,1.7384,0,-1.8082,1.233,0,-3.695,1.207,0.0,-3.709,0
2457,0.028301943396169895,1.7532,0,-1.8177,1.214,0,-3.694,1.19,0.0,-3.709,0
2458,0.02662705391138884,1.7687,0,-1.8276,1.186,0,-3.687,1.171,0.0,-3.709,0
2459,0.04080441152620628,1.7842,0,-1.837,1.186,0,-3.686,1.153,0.0,-3.71,0
2460,0.03420526275297419,1.7987,0,-1.8471,1.163,0,-3.689,1.136,0.0,-3.71,0
2461,0.02617250465660459,1.8129,0,-1.8566,1.138,0,-3.692,1.119,0.0,-3.71,0
2462,0.02624880949681347,1.8273,0,-1.8661,1.118,0,-3.69,1.101,0.0,-3.71,0
2463,0.03360059523282265,1.8428,0,-1.8751,1.103,0,-3.684,1.083,0.0,-3.711,0
2464,0.04801041553663117,1.8589,0,-1.8853,1.103,0,-3.683,1.064,0.0,-3.711,0
2465,0.042201895692018355,1.8741,0,-1.8951,1.08,0,-3.686,1.046,0.0,-3.711,0
2466,0.038288379438153344,1.8889,0,-1.9047,1.058,0,-3.686,1.029,0.0,-3.711,0
2467,0.03471310991541967,1.9035,0,-1.9139,1.037,0,-3.689,1.011,0.0,-3.712,0
2468,0.02729468812791233,1.9181,0,-1.9229,1.007,0,-3.688,0.994,0.0,-3.712,0
2469,0.03969886648255851,1.9331,0,-1.9321,1.007,0,-3.687,0.977,0.0,-3.713,0
2470,0.03962322551231801,1.9491,0,-1.9413,0.987,0,-3.687,0.958,0.0,-3.714,0
2471,0.03962322551231801,1.9642,0,-1.9507,0.969,0,-3.687,0.94,0.0,-3.714,0
2472,0.029832867780352323,1.9799,0,-1.9601,0.945,0,-3.696,0.922,0.0,-3.715,0
2473,0.022803508501982955,1.9947,0,-1.9688,0.919,0,-3.698,0.905,0.0,-3.716,0
2474,0.03858756276314951,2.0096,0,-1.9782,0.92,0,-3.697,0.887,0.0,-3.717,0
2475,0.05953990258641678,2.025,0,-1.9877,0.921,0,-3.688,0.869,0.0,-3.717,1
2476,0.04609772228646456,2.0403,0,-1.9972,0.881,0,-3.683,0.851,0.0,-3.718,0
2477,0.03764306044943746,2.0557,0,-2.0073,0.862,0,-3.694,0.833,0.0,-3.718,0
2478,0.029732137494636872,2.0708,0,-2.0171,0.835,0,-3.696,0.815,0.0,-3.718,0
2479,0.03847076812334252,2.0857,0,-2.0253,0.832,0,-3.701,0.798,0.0,-3.719,0
2480,0.02830194339616966,2.1017,0,-2.0319,0.805,0,-3.708,0.781,0.0,-3.723,0
2481,0.0333016516106936,2.1173,0,-2.0401,0.788,0,-3.702,0.763,0.0,-3.724,0
2482,0.021954498400100223,2.1319,0,-2.0505,0.765,0,-3.713,0.746,0.0,-3.724,0
2483,0.008944271909999168,2.1459,0,-2.0616,0.736,0,-3.726,0.728,0.0,-3.722,0
2484,0.026476404589747458,2.1604,0,-2.0727,0.736,0,-3.726,0.71,0.0,-3.721,0
2485,0.024738633753706038,2.1738,0,-2.0833,0.716,0,-3.725,0.692,0.0,-3.719,0
2486,0.01711724276862362,2.1877,0,-2.0935,0.692,0,-3.721,0.675,0.0,-3.719,0
2487,0.014142135623730994,2.2031,0,-2.1047,0.67,0,-3.72,0.656,0.0,-3.718,0
2488,0.01131370849898477,2.2161,0,-2.1166,0.647,0,-3.723,0.639,0.0,-3.715,0
2489,0.026248809496813397,2.2292,0,-2.1276,0.647,0,-3.721,0.622,0.0,-3.713,0
2490,0.025019992006393627,2.244,0,-2.1379,0.629,0,-3.714,0.604,0.0,-3.713,0
2491,0.025632011235952577,2.2592,0,-2.1476,0.61,0,-3.704,0.586,0.0,-3.713,0
2492,0.02247220505424425,2.2738,0,-2.1573,0.587,0,-3.701,0.568,0.0,-3.713,0
2493,0.016970562748477157,2.2894,0,-2.1678,0.561,0,-3.701,0.549,0.0,-3.713,0
2494,0.031622776601683895,2.3045,0,-2.1776,0.561,0,-3.703,0.531,0.0,-3.713,0
2495,0.021095023109728984,2.3124,0,-2.1899,0.539,0,-3.705,0.518,0.0,-3.707,0
2496,0.011180339887498999,2.3225,0,-2.1991,0.516,0,-3.703,0.505,0.0,-3.705,0
2497,0.017691806012954066,2.3361,0,-2.2087,0.5,0,-3.717,0.488,0.0,-3.704,0
2498,0.01627882059609972,2.3521,0,-2.2197,0.48,0,-3.716,0.469,0.0,-3.704,0
2499,0.03577708763999662,2.3673,0,-2.2316,0.481,0,-3.718,0.449,0.0,-3.702,0
2500,0.034539832078341076,2.3844,0,-2.243,0.461,0,-3.715,0.429,0.0,-3.702,0
2501,0.0291204395571221,2.4046,0,-2.2502,0.436,0,-3.715,0.408,0.0,-3.707,0
2502,0.022360679774997862,2.4226,0,-2.2586,0.41,0,-3.714,0.388,0.0,-3.71,0
2503,0.043999999999999984,2.4353,0,-2.2699,0.415,0,-3.708,0.371,0.0,-3.708,0
2504,0.04404543109109052,2.4424,0,-2.2763,0.396,0,-3.678,0.362,0.0,-3.706,0
2505,0.04024922359499625,2.3104,0,-2.2206,0.485,0,-3.644,0.503,0.0,-3.68,0
2506,0.03721558813185715,2.311,0,-2.221,0.498,0,-3.643,0.502,0.0,-3.68,0
2507,0.03505709628591635,2.3112,0,-2.2211,0.5,0,-3.645,0.502,0.0,-3.68,0
2508,0.03634556369077253,2.3082,0,-2.2196,0.5,0,-3.644,0.505,0.0,-3.68,0
2509,0.03828837943815325,2.2973,0,-2.2129,0.493,0,-3.65,0.518,0.0,-3.679,0
2510,0.023769728648009244,2.2324,0,-2.1713,0.586,0,-3.656,0.595,0.0,-3.678,0
2511,0.021095023109728894,2.2357,0,-2.1734,0.593,0,-3.657,0.591,0.0,-3.678,0
2512,0.022561028345356757,2.2378,0,-2.1745,0.584,0,-3.657,0.589,0.0,-3.679,0
2513,0.0223606797749977,2.2382,0,-2.1747,0.584,0,-3.657,0.588,0.0,-3.679,0
2514,0.022847319317591645,2.238,0,-2.1747,0.58,0,-3.658,0.589,0.0,-3.679,0
2515,0.022360679774997918,2.2381,0,-2.1746,0.579,0,-3.659,0.589,0.0,-3.679,0
2516,0.023259406699225937,2.2379,0,-2.1746,0.579,0,-3.658,0.589,0.0,-3.679,0
2517,0.024166091947188963,2.238,0,-2.1746,0.579,0,-3.657,0.589,0.0,-3.679,0
2518,0.023769728648009244,2.2381,0,-2.1747,0.579,0,-3.657,0.588,0.0,-3.679,0
2519,0.022360679774997918,2.2379,0,-2.1747,0.579,0,-3.658,0.589,0.0,-3.678,0
2520,0.02459674775249751,2.238,0,-2.1747,0.578,0,-3.657,0.589,0.0,-3.679,0
2521,0.023323807579381222,2.238,0,-2.1747,0.577,0,-3.659,0.589,0.0,-3.679,0
2522,0.022360679774997918,2.238,0,-2.1747,0.579,0,-3.659,0.589,0.0,-3.679,0
2523,0.023706539182259317,2.238,0,-2.1746,0.578,0,-3.658,0.589,0.0,-3.679,0
2524,0.02459674775249751,2.2381,0,-2.1747,0.577,0,-3.657,0.588,0.0,-3.679,0
2525,0.021540659228538036,2.2381,0,-2.1747,0.58,0,-3.659,0.588,0.0,-3.679,0
2526,0.023706539182259317,2.238,0,-2.1747,0.578,0,-3.658,0.589,0.0,-3.679,0
2527,0.023259406699225937,2.238,0,-2.1747,0.579,0,-3.658,0.589,0.0,-3.679,0
2528,0.024166091947188963,2.2381,0,-2.1747,0.578,0,-3.657,0.588,0.0,-3.679,0
2529,0.023259406699225937,2.2381,0,-2.1747,0.578,0,-3.658,0.588,0.0,-3.679,0
2530,0.023706539182259317,2.238,0,-2.1747,0.578,0,-3.658,0.589,0.0,-3.679,0
2531,0.023259406699225937,2.238,0,-2.1747,0.579,0,-3.658,0.589,0.0,-3.679,0
2532,0.024186773244895574,2.238,0,-2.1747,0.577,0,-3.658,0.589,0.0,-3.679,0
2533,0.02459674775249751,2.2381,0,-2.1747,0.577,0,-3.657,0.588,0.0,-3.679,0
2534,0.022847319317591645,2.238,0,-2.1748,0.579,0,-3.657,0.588,0.0,-3.678,0
2535,0.024166091947188963,2.2382,0,-2.1747,0.578,0,-3.657,0.588,0.0,-3.679,0
2536,0.023259406699225937,2.2381,0,-2.1747,0.578,0,-3.658,0.588,0.0,-3.679,0
2537,0.023259406699225937,2.2381,0,-2.1747,0.578,0,-3.658,0.588,0.0,-3.679,0
2538,0.022847319317591645,2.2381,0,-2.1746,0.58,0,-3.658,0.589,0.0,-3.679,0
2539,0.024186773244895574,2.238,0,-2.1747,0.577,0,-3.658,0.589,0.0,-3.679,0
2540,0.022847319317591645,2.2381,0,-2.1747,0.579,0,-3.658,0.588,0.0,-3.679,0
2541,0.023259406699225937,2.2381,0,-2.1747,0.578,0,-3.658,0.588,0.0,-3.679,0
2542,0.024186773244895574,2.238,0,-2.1747,0.577,0,-3.658,0.589,0.0,-3.679,0
2543,0.023706539182259317,2.2381,0,-2.1749,0.577,0,-3.657,0.588,0.0,-3.678,0
2544,0.023706539182259317,2.238,0,-2.1747,0.578,0,-3.658,0.589,0.0,-3.679,0
2545,0.023259406699225937,2.2381,0,-2.1748,0.578,0,-3.657,0.588,0.0,-3.678,0
2546,0.02247220505424415,2.2382,0,-2.1748,0.58,0,-3.658,0.588,0.0,-3.679,0
2547,0.02247220505424415,2.2382,0,-2.1747,0.58,0,-3.658,0.588,0.0,-3.679,0
2548,0.023259406699225937,2.238,0,-2.1747,0.579,0,-3.658,0.589,0.0,-3.679,0
2549,0.023259406699225937,2.2381,0,-2.1748,0.578,0,-3.657,0.588,0.0,-3.678,0
2550,0.022360679774997918,2.2381,0,-2.1748,0.578,0,-3.658,0.588,0.0,-3.678,0
2551,0.02193171219946133,2.2381,0,-2.1748,0.579,0,-3.658,0.588,0.0,-3.678,0
2552,0.02193171219946133,2.2381,0,-2.1748,0.579,0,-3.658,0.588,0.0,-3.678,0
2553,0.022847319317591645,2.2381,0,-2.1747,0.579,0,-3.658,0.588,0.0,-3.679,0
2554,0.024166091947188963,2.2382,0,-2.1747,0.578,0,-3.657,0.588,0.0,-3.679,0
2555,0.023259406699225937,2.2382,0,-2.1748,0.578,0,-3.658,0.588,0.0,-3.679,0
2556,0.02193171219946133,2.2381,0,-2.1748,0.579,0,-3.658,0.588,0.0,-3.678,0
2557,0.02193171219946133,2.2382,0,-2.1749,0.579,0,-3.658,0.588,0.0,-3.678,0
2558,0.021023796041628757,2.238,0,-2.1749,0.579,0,-3.659,0.588,0.0,-3.678,0
2559,0.023706539182259317,2.2382,0,-2.1749,0.577,0,-3.657,0.588,0.0,-3.678,0
2560,0.021540659228538036,2.2382,0,-2.1748,0.58,0,-3.659,0.588,0.0,-3.679,0
2561,0.022360679774997918,2.2381,0,-2.1748,0.578,0,-3.658,0.588,0.0,-3.678,0
2562,0.023259406699225937,2.2382,0,-2.1748,0.578,0,-3.658,0.588,0.0,-3.679,0
2563,0.021023796041628757,2.2381,0,-2.1748,0.579,0,-3.659,0.588,0.0,-3.678,0
2564,0.024166091947188963,2.2382,0,-2.1748,0.578,0,-3.657,0.588,0.0,-3.679,0
2565,0.021540659228538036,2.2382,0,-2.1749,0.58,0,-3.658,0.588,0.0,-3.678,0
2566,0.02213594362117857,2.2381,0,-2.1749,0.581,0,-3.657,0.588,0.0,-3.678,0
2567,0.02247220505424415,2.2382,0,-2.1749,0.58,0,-3.657,0.588,0.0,-3.678,0
2568,0.022825424421026676,2.2382,0,-2.1747,0.577,0,-3.659,0.588,0.0,-3.679,0
2569,0.023706539182259317,2.2381,0,-2.1748,0.577,0,-3.657,0.588,0.0,-3.678,0
2570,0.021540659228538036,2.2382,0,-2.1749,0.58,0,-3.658,0.588,0.0,-3.678,0
2571,0.023259406699225937,2.2382,0,-2.1748,0.578,0,-3.658,0.588,0.0,-3.679,0
2572,0.022360679774997918,2.2381,0,-2.1749,0.578,0,-3.658,0.588,0.0,-3.678,0
2573,0.02193171219946133,2.2381,0,-2.1748,0.579,0,-3.658,0.588,0.0,-3.678,0
2574,0.02193171219946133,2.2383,0,-2.1749,0.579,0,-3.659,0.588,0.0,-3.679,0
2575,0.023259406699225937,2.2382,0,-2.1749,0.578,0,-3.657,0.588,0.0,-3.678,0
2576,0.023706539182259317,2.2382,0,-2.1749,0.577,0,-3.657,0.588,0.0,-3.678,0
2577,0.023259406699225937,2.2382,0,-2.1749,0.578,0,-3.657,0.588,0.0,-3.678,0
2578,0.02195449840009988,2.2382,0,-2.1748,0.577,0,-3.66,0.588,0.0,-3.679,0
2579,0.02247220505424415,2.2382,0,-2.1748,0.58,0,-3.658,0.588,0.0,-3.679,0
2580,0.02193171219946133,2.2382,0,-2.1749,0.579,0,-3.658,0.588,0.0,-3.678,0
2581,0.023706539182259317,2.2381,0,-2.1749,0.577,0,-3.657,0.588,0.0,-3.678,0
2582,0.023259406699225937,2.2382,0,-2.1749,0.578,0,-3.657,0.588,0.0,-3.678,0
2583,0.022825424421026676,2.2382,0,-2.1749,0.577,0,-3.658,0.588,0.0,-3.678,0
2584,0.022472205054244347,2.2382,0,-2.1749,0.576,0,-3.659,0.588,0.0,-3.678,0
2585,0.02118962010041711,2.2383,0,-2.175,0.581,0,-3.658,0.588,0.0,-3.678,0
