Timestamp,Distance_2,Distance_3,X,Y,Z,Roll,Yaw,Pitch
1742299172.497,2.021,3.978,-0.152,-1.215,-4.9346,1.0773,43.2438,89.6448
1742299172.577,2.022,3.979,-0.1519,-1.2149,-4.9346,1.067,43.2451,89.6508
1742299172.656,2.022,3.979,-0.1521,-1.2149,-4.9344,1.0691,43.2552,89.643
1742299172.736,2.023,3.978,-0.1518,-1.2151,-4.9347,1.0859,43.2494,89.6194
1742299172.816,2.022,3.979,-0.1519,-1.2149,-4.9348,1.1011,43.2558,89.6191
1742299172.895,2.022,3.979,-0.152,-1.2149,-4.9344,1.0893,43.2555,89.6235
1742299172.975,2.022,3.979,-0.152,-1.215,-4.9347,1.099,43.2539,89.6007
1742299173.055,2.022,3.979,-0.152,-1.215,-4.9347,1.0927,43.2499,89.6107
1742299173.134,2.022,3.98,-0.1521,-1.215,-4.9345,1.0862,43.2536,89.6185
1742299173.214,2.023,3.979,-0.152,-1.215,-4.9347,1.0838,43.2591,89.6074
1742299173.294,2.022,3.979,-0.1519,-1.215,-4.9347,1.0865,43.262,89.6036
1742299173.373,2.021,3.979,-0.152,-1.2149,-4.9347,1.0807,43.2626,89.6169
1742299173.453,2.021,3.979,-0.1519,-1.215,-4.9348,1.0796,43.2641,89.6049
1742299173.532,2.022,3.979,-0.1518,-1.215,-4.9349,1.0745,43.2653,89.6071
1742299173.612,2.022,3.979,-0.1519,-1.215,-4.9348,1.0791,43.2602,89.6052
1742299173.692,2.022,3.979,-0.1519,-1.215,-4.9347,1.0658,43.2622,89.6076
1742299173.773,2.022,3.979,-0.152,-1.2151,-4.9348,1.0763,43.2553,89.6058
1742299173.851,2.022,3.978,-0.1519,-1.2151,-4.9348,1.0587,43.2553,89.621
1742299173.931,2.022,3.978,-0.1518,-1.2151,-4.9349,1.075,43.2553,89.6091
1742299174.01,2.022,3.979,-0.152,-1.215,-4.935,1.09,43.2613,89.5977
1742299174.09,2.022,3.979,-0.152,-1.2151,-4.9349,1.0827,43.2502,89.6085
1742299174.17,2.022,3.979,-0.152,-1.2151,-4.9348,1.0747,43.2501,89.6156
1742299174.249,2.022,3.978,-0.1521,-1.215,-4.9349,1.0765,43.2459,89.6059
1742299174.329,2.023,3.979,-0.1518,-1.2151,-4.9351,1.0717,43.2423,89.6061
1742299174.409,2.022,3.977,-0.1519,-1.2151,-4.935,1.0715,43.2447,89.6178
1742299174.488,2.022,3.98,-0.1519,-1.2152,-4.9351,1.0755,43.2463,89.611
1742299174.568,2.022,3.98,-0.1521,-1.215,-4.9349,1.0846,43.2536,89.6029
1742299174.648,2.022,3.979,-0.1519,-1.215,-4.935,1.0817,43.2446,89.6051
1742299174.727,2.023,3.98,-0.152,-1.215,-4.9348,1.0847,43.2493,89.6144
1742299174.807,2.022,3.978,-0.1521,-1.2151,-4.935,1.0688,43.2559,89.6326
1742299174.886,2.022,3.977,-0.152,-1.2152,-4.935,1.0739,43.2483,89.6319
1742299174.966,2.022,3.977,-0.1521,-1.2151,-4.9349,1.074,43.2435,89.6221
1742299175.046,2.022,3.978,-0.1519,-1.215,-4.935,1.0701,43.2435,89.6256
1742299175.125,2.022,3.977,-0.152,-1.2151,-4.935,1.0742,43.2474,89.6255
1742299175.205,2.022,3.981,-0.1521,-1.2149,-4.9348,1.0689,43.247,89.6246
1742299175.404,2.022,3.979,-0.1519,-1.2151,-4.9349,1.0701,43.2442,89.6047
1742299175.484,2.022,3.978,-0.152,-1.2151,-4.9352,1.085,43.2451,89.5933
1742299175.563,2.022,3.978,-0.152,-1.215,-4.9349,1.074,43.2454,89.6097
1742299175.643,2.022,3.978,-0.1521,-1.2151,-4.9348,1.0753,43.2432,89.6076
1742299175.723,2.022,3.978,-0.1524,-1.2151,-4.9345,1.0555,43.2437,89.6102
1742299175.802,2.023,3.978,-0.156,-1.215,-4.9299,0.9716,43.1974,89.6729
1742299176.001,2.022,3.967,-0.1805,-1.2155,-4.9025,0.9613,42.9126,89.7055
1742299176.081,2.024,3.947,-0.1939,-1.2159,-4.8875,1.0064,42.8322,89.7218
1742299176.161,2.024,3.947,-0.2077,-1.2161,-4.873,1.2265,42.755,89.6771
1742299176.24,2.024,3.921,-0.2195,-1.2165,-4.8592,1.1279,42.6464,89.7726
1742299176.32,2.019,3.898,-0.2302,-1.2166,-4.8469,1.2084,42.3202,89.8561
1742299176.4,2.022,3.873,-0.2399,-1.2173,-4.8351,0.9135,42.2383,90.0594
1742299176.479,2.021,3.855,-0.2492,-1.2174,-4.8246,1.0184,42.0728,89.9264
1742299176.559,2.021,3.855,-0.2588,-1.2178,-4.8136,1.0915,41.9233,89.8659
1742299176.639,2.022,3.839,-0.2688,-1.2177,-4.8021,1.0788,41.8773,89.894
1742299176.718,2.024,3.822,-0.2789,-1.2182,-4.7899,1.0988,41.6258,89.8016
1742299176.798,2.021,3.804,-0.2896,-1.2188,-4.7771,1.045,41.4178,89.7871
1742299176.877,2.023,3.783,-0.3005,-1.2191,-4.7634,0.8631,41.3786,89.9961
1742299176.957,2.023,3.783,-0.3109,-1.2192,-4.7508,0.8834,41.1758,89.8576
1742299177.037,2.024,3.761,-0.3214,-1.2196,-4.7383,0.8049,40.9779,89.9511
1742299177.116,2.025,3.74,-0.3316,-1.2196,-4.7258,0.8812,40.8403,89.9263
1742299177.196,2.028,3.719,-0.3418,-1.2198,-4.7142,1.0266,40.7264,89.8713
1742299177.275,2.028,3.699,-0.3515,-1.2204,-4.7024,1.0102,40.6458,89.8413
1742299177.355,2.028,3.699,-0.3616,-1.2203,-4.6898,1.0459,40.4672,89.8884
1742299177.435,2.031,3.679,-0.3715,-1.2208,-4.6769,0.8666,40.2793,90.0245
1742299177.515,2.029,3.66,-0.3816,-1.2213,-4.6641,0.8135,40.0343,90.0283
1742299177.594,2.033,3.641,-0.3916,-1.2215,-4.6515,0.8283,39.7882,89.92
1742299177.674,2.032,3.619,-0.4017,-1.2217,-4.639,0.868,39.6952,89.8643
1742299177.754,2.032,3.619,-0.4111,-1.2218,-4.6269,0.8112,39.5027,89.8929
1742299177.833,2.035,3.598,-0.421,-1.2223,-4.6141,0.8183,39.2573,89.8934
1742299177.913,2.024,3.58,-0.4308,-1.2225,-4.6009,0.6099,39.1961,90.1333
1742299177.992,2.021,3.56,-0.4402,-1.2228,-4.5884,0.5837,38.9537,90.0266
1742299178.072,2.032,3.543,-0.4502,-1.2232,-4.5754,0.5632,38.7912,90.1019
1742299178.152,2.032,3.543,-0.4603,-1.2233,-4.562,0.5262,38.6267,90.1379
1742299178.231,2.038,3.524,-0.4704,-1.2235,-4.5492,0.615,38.5928,90.1665
1742299178.311,2.043,3.506,-0.4799,-1.2236,-4.5367,0.6056,38.5511,90.2013
1742299178.391,2.044,3.486,-0.4895,-1.2239,-4.5239,0.5459,38.4485,90.2867
1742299178.47,2.045,3.468,-0.4987,-1.2246,-4.511,0.4054,38.3042,90.422
1742299178.669,2.052,3.445,-0.5229,-1.2256,-4.479,0.5181,37.7956,90.3903
1742299178.869,2.056,3.405,-0.5459,-1.2259,-4.448,0.606,37.608,90.2614
1742299178.948,2.056,3.39,-0.5549,-1.2263,-4.4349,0.3848,37.5703,90.4362
1742299179.028,2.058,3.369,-0.5642,-1.2266,-4.4221,0.3721,37.4271,90.4126
1742299179.107,2.06,3.369,-0.5737,-1.2267,-4.4089,0.3311,37.283,90.3905
1742299179.187,2.063,3.33,-0.5831,-1.2272,-4.3958,0.2702,37.2031,90.4322
1742299179.267,2.064,3.33,-0.5926,-1.2272,-4.383,0.389,37.0796,90.2937
1742299179.346,2.064,3.316,-0.6016,-1.2277,-4.3711,0.505,36.8849,90.1846
1742299179.426,2.069,3.296,-0.6105,-1.2274,-4.3587,0.4776,36.8249,90.1333
1742299179.506,2.073,3.275,-0.6195,-1.2283,-4.3463,0.6219,36.5623,90.1154
1742299179.585,2.075,3.256,-0.6285,-1.2285,-4.3323,0.3889,36.3926,90.1919
1742299179.665,2.075,3.256,-0.6378,-1.2285,-4.3185,0.3156,36.1039,90.1903
1742299179.745,2.077,3.241,-0.6471,-1.2289,-4.3056,0.4605,35.8812,89.9844
1742299179.824,2.081,3.227,-0.6562,-1.229,-4.2925,0.3998,35.8965,89.982
1742299179.904,2.086,3.204,-0.6653,-1.2296,-4.2794,0.4315,35.6715,89.9814
1742299179.983,2.09,3.19,-0.6743,-1.2299,-4.2649,0.1727,35.6627,90.1964
1742299180.063,2.09,3.19,-0.6841,-1.2299,-4.2503,0.1747,35.5039,90.2043
1742299180.143,2.092,3.163,-0.694,-1.2303,-4.2359,0.1882,35.433,90.1893
1742299180.222,2.095,3.142,-0.7042,-1.2307,-4.2211,0.2079,35.2927,90.2046
1742299180.302,2.099,3.121,-0.7145,-1.2306,-4.2064,0.3905,35.2309,90.0866
1742299180.382,2.102,3.107,-0.7246,-1.2311,-4.1923,0.4254,35.1554,90.0768
1742299180.462,2.102,3.107,-0.7344,-1.2312,-4.1776,0.4648,35.16,90.0831
1742299180.541,2.107,3.082,-0.744,-1.2316,-4.1626,0.3672,35.0026,90.1686
1742299180.621,2.11,3.062,-0.7541,-1.2317,-4.1468,0.1913,34.8039,90.1927
1742299180.7,2.114,3.037,-0.7645,-1.2318,-4.1318,0.4177,34.6357,90.0276
1742299180.78,2.117,3.017,-0.7738,-1.2322,-4.1171,0.3213,34.57,90.0339
1742299180.86,2.117,3.017,-0.7835,-1.2321,-4.1028,0.4925,34.3591,89.9752
1742299180.939,2.121,2.998,-0.7923,-1.2331,-4.0888,0.2278,34.4789,90.1619
1742299181.019,2.126,2.97,-0.7999,-1.2327,-4.0762,0.2002,34.3381,90.2114
1742299181.098,2.129,2.951,-0.8071,-1.2329,-4.0651,0.1502,34.2454,90.2234
1742299181.178,2.133,2.936,-0.8141,-1.2331,-4.0546,0.2676,34.1532,90.1022
1742299181.258,2.133,2.936,-0.8212,-1.2334,-4.0435,0.2545,34.144,90.1473
1742299181.337,2.134,2.927,-0.8292,-1.2336,-4.0321,0.4569,33.9906,90.0453
1742299181.537,2.14,2.894,-0.847,-1.2337,-4.0038,0.3151,33.9058,90.1672
1742299181.616,2.142,2.871,-0.8539,-1.2338,-3.9934,0.4573,33.8023,90.1136
1742299181.696,2.147,2.863,-0.8602,-1.2339,-3.9823,0.2064,33.8192,90.2667
1742299181.775,2.15,2.843,-0.8668,-1.2345,-3.9721,0.2064,33.6526,90.2062
1742299181.855,2.15,2.843,-0.8738,-1.2346,-3.9612,0.2672,33.5361,90.1198
1742299181.935,2.152,2.827,-0.8809,-1.2347,-3.9507,0.4035,33.4772,90.0253
1742299182.014,2.157,2.813,-0.8874,-1.2347,-3.9396,0.3109,33.3975,90.0228
1742299182.094,2.159,2.804,-0.8943,-1.2348,-3.9288,0.3221,33.3545,90.0315
1742299182.174,2.162,2.789,-0.9018,-1.2349,-3.9186,0.2826,34.5159,89.9831
1742299184.423,2.121,2.435,-1.124,-1.2379,-3.6885,1.2996,42.6013,88.9565
1742299184.503,2.119,2.421,-1.1242,-1.238,-3.6883,1.3086,42.5667,88.9534
1742299184.583,2.121,2.415,-1.1241,-1.2378,-3.6883,1.324,42.5772,88.9339
1742299184.663,2.12,2.415,-1.124,-1.2378,-3.6885,1.3251,42.5857,88.9199
1742299184.742,2.12,2.413,-1.1242,-1.2378,-3.6884,1.3311,42.5909,88.9161
1742299184.822,2.121,2.42,-1.1242,-1.2378,-3.6885,1.3393,42.5983,88.9039
1742299184.901,2.12,2.415,-1.124,-1.2379,-3.6885,1.3332,42.6009,88.9122
1742299184.981,2.12,2.414,-1.1243,-1.2378,-3.6884,1.3394,42.6129,88.9064
1742299185.061,2.12,2.414,-1.1241,-1.2379,-3.6885,1.3316,42.6066,88.8932
1742299185.14,2.12,2.42,-1.1241,-1.2379,-3.6885,1.3334,42.6024,88.8962
1742299185.22,2.12,2.414,-1.1242,-1.2378,-3.6884,1.3413,42.6068,88.8839
1742299185.299,2.12,2.419,-1.1241,-1.2379,-3.6885,1.3275,42.6133,88.8703
1742299185.379,2.12,2.42,-1.1241,-1.238,-3.6885,1.3394,42.6049,88.8728
1742299185.459,2.12,2.42,-1.1243,-1.2378,-3.6883,1.3415,42.6116,88.8841
1742299185.539,2.121,2.413,-1.1241,-1.238,-3.6885,1.3317,42.6063,88.8747
1742299185.618,2.12,2.416,-1.1234,-1.238,-3.6895,1.36,42.6,88.9738
1742299185.698,2.121,2.418,-1.1191,-1.2378,-3.6948,1.424,42.6605,88.8875
1742299185.777,2.12,2.42,-1.1108,-1.2382,-3.7044,1.4203,42.8983,88.8315
1742299185.857,2.12,2.42,-1.1008,-1.2379,-3.7158,1.4389,43.021,88.8069
1742299185.937,2.121,2.431,-1.0902,-1.2378,-3.7273,1.3065,43.2742,88.8681
1742299186.016,2.117,2.443,-1.0808,-1.2377,-3.7371,1.1485,43.3682,88.9306
1742299186.096,2.117,2.468,-1.073,-1.2377,-3.7456,1.0924,43.4711,88.9903
1742299186.176,2.118,2.479,-1.0673,-1.2377,-3.752,1.0804,43.4914,89.0292
1742299186.255,2.118,2.479,-1.0624,-1.2376,-3.7578,1.1318,43.5503,89.0768
1742299186.335,2.115,2.492,-1.0574,-1.2374,-3.7638,1.2659,43.6359,88.9623
1742299186.415,2.117,2.507,-1.0512,-1.2372,-3.7706,1.2397,43.6887,89.0106
1742299186.494,2.117,2.518,-1.0443,-1.2373,-3.7783,1.2527,43.7181,89.0268
1742299186.574,2.117,2.53,-1.0372,-1.2365,-3.7864,1.3234,43.7186,88.8948
1742299186.654,2.117,2.53,-1.0294,-1.237,-3.7954,1.4345,43.8439,88.8502
1742299186.733,2.117,2.536,-1.0216,-1.2373,-3.8039,1.3904,43.9575,88.9381
1742299186.813,2.117,2.556,-1.0136,-1.237,-3.8125,1.3369,44.1237,88.9718
1742299186.893,2.118,2.571,-1.0059,-1.2371,-3.8207,1.3394,44.2618,89.0177
1742299186.972,2.117,2.578,-0.9988,-1.237,-3.8282,1.2822,44.4228,89.1253
1742299187.052,2.117,2.578,-0.9919,-1.2371,-3.8357,1.2486,44.4869,89.1357
1742299187.131,2.119,2.597,-0.9853,-1.237,-3.843,1.3078,44.5186,89.0676
1742299187.211,2.12,2.606,-0.9793,-1.2365,-3.8502,1.4905,44.6003,89.0059
1742299187.291,2.121,2.617,-0.972,-1.2362,-3.8575,1.4039,44.6584,88.9527
1742299187.37,2.121,2.629,-0.9644,-1.2368,-3.8656,1.3958,44.725,88.9605
1742299189.501,2.137,2.937,-0.7646,-1.2327,-4.0714,0.9964,46.5483,89.6129
1742299189.58,2.138,2.937,-0.7664,-1.2328,-4.0696,1.0118,46.5224,89.5897
1742299189.66,2.137,2.937,-0.7672,-1.233,-4.0687,0.9873,46.5361,89.5964
1742299189.74,2.137,2.934,-0.7673,-1.2328,-4.0688,0.9804,46.5479,89.596
1742299189.819,2.139,2.928,-0.7673,-1.2328,-4.0687,0.9556,46.5434,89.6026
1742299189.899,2.139,2.936,-0.7673,-1.2328,-4.0688,0.9639,46.5456,89.6015
1742299189.979,2.138,2.937,-0.7672,-1.2327,-4.0688,0.9623,46.5451,89.6118
1742299190.058,2.137,2.937,-0.7673,-1.2329,-4.0688,0.9583,46.5459,89.6178
1742299190.138,2.137,2.928,-0.7671,-1.2329,-4.069,0.9513,46.5376,89.613
1742299190.218,2.138,2.934,-0.7671,-1.233,-4.0691,0.9585,46.5367,89.6088
1742299190.297,2.138,2.929,-0.7673,-1.2329,-4.0689,0.9604,46.5381,89.631
1742299190.377,2.137,2.935,-0.7674,-1.2329,-4.0688,0.956,46.5317,89.6215
1742299190.457,2.137,2.935,-0.7672,-1.2329,-4.0688,0.9315,46.5334,89.6279
1742299190.536,2.139,2.928,-0.7672,-1.233,-4.069,0.9344,46.5268,89.6298
1742299190.616,2.137,2.929,-0.7672,-1.2328,-4.069,0.9249,46.5303,89.6407
1742299190.695,2.138,2.928,-0.7672,-1.2329,-4.0691,0.933,46.5311,89.6464
1742299190.775,2.138,2.929,-0.7673,-1.2329,-4.0688,0.9226,46.5358,89.659
1742299190.855,2.138,2.929,-0.7673,-1.2329,-4.0689,0.9294,46.5405,89.6531
1742299190.934,2.138,2.931,-0.7673,-1.2329,-4.0691,0.934,46.5462,89.6429
1742299191.014,2.138,2.934,-0.7673,-1.233,-4.0691,0.9344,46.5484,89.629
1742299191.094,2.138,2.931,-0.7675,-1.2327,-4.0689,0.9268,46.5486,89.6421
1742299191.173,2.137,2.934,-0.7672,-1.2329,-4.0692,0.9258,46.5393,89.6385
1742299191.253,2.137,2.934,-0.7673,-1.233,-4.0691,0.9269,46.5426,89.6538
1742299191.333,2.139,2.936,-0.7673,-1.2329,-4.0691,0.9402,46.5361,89.6418
1742299191.412,2.138,2.935,-0.7674,-1.2329,-4.0691,0.9219,46.5311,89.637
1742299191.492,2.139,2.934,-0.7673,-1.2329,-4.0692,0.9298,46.5295,89.6367
1742299191.571,2.139,2.928,-0.7674,-1.233,-4.0693,0.9334,46.5353,89.6341
1742299191.651,2.139,2.928,-0.7673,-1.2329,-4.0692,0.9245,46.5377,89.6391
1742299191.731,2.138,2.933,-0.7673,-1.2329,-4.0693,0.9293,46.5417,89.6386
1742299191.81,2.138,2.935,-0.7673,-1.2329,-4.0692,0.922,46.5407,89.6431
1742299191.89,2.14,2.935,-0.7673,-1.2329,-4.0693,0.9221,46.5326,89.6368
1742299191.97,2.139,2.931,-0.7674,-1.233,-4.0693,0.9195,46.5356,89.6432
1742299192.049,2.139,2.931,-0.7673,-1.233,-4.0694,0.9133,46.5365,89.6337
1742299192.129,2.137,2.93,-0.7674,-1.233,-4.0694,0.9196,46.5389,89.6457
1742299192.208,2.137,2.929,-0.7672,-1.2331,-4.0695,0.9167,46.5421,89.6511
1742299192.288,2.138,2.928,-0.7674,-1.2329,-4.0693,0.9218,46.542,89.6567
1742299192.368,2.139,2.928,-0.7675,-1.2329,-4.0693,0.9197,46.5391,89.6613
1742299192.447,2.139,2.928,-0.7674,-1.233,-4.0694,0.9205,46.5371,89.6497
1742299192.527,2.137,2.934,-0.7673,-1.2329,-4.0695,0.9351,46.5383,89.6621
1742299192.607,2.138,2.93,-0.7649,-1.233,-4.0719,0.9581,46.4928,89.7086
1742299192.686,2.137,2.929,-0.7567,-1.2328,-4.0801,0.9276,46.5376,89.6564
1742299192.766,2.139,2.937,-0.743,-1.2324,-4.0942,1.1665,46.6186,89.4987
1742299192.846,2.139,2.937,-0.726,-1.2323,-4.1112,1.1576,46.7941,89.5424
1742299192.925,2.14,2.959,-0.7086,-1.232,-4.1282,1.0071,47.1225,89.624
1742299193.005,2.14,2.985,-0.6929,-1.2318,-4.1437,0.9546,47.289,89.7138
1742299193.085,2.146,3.016,-0.6795,-1.2312,-4.157,1.1634,47.4308,89.4829
1742299193.164,2.149,3.043,-0.6688,-1.2308,-4.1675,1.1222,47.5313,89.5217
1742299193.244,2.149,3.043,-0.6605,-1.2307,-4.1757,1.1534,47.4235,89.5255
1742299193.323,2.15,3.071,-0.6583,-1.2305,-4.1773,1.097,47.4579,89.5777
1742299193.403,2.152,3.081,-0.6593,-1.2308,-4.1768,1.1417,47.4968,89.5607
1742299193.483,2.151,3.091,-0.6598,-1.2307,-4.1762,1.1322,47.4697,89.5847
1742299193.563,2.151,3.083,-0.6603,-1.2307,-4.1758,1.1451,47.4826,89.5778
1742299193.642,2.151,3.083,-0.6604,-1.2307,-4.1757,1.148,47.5102,89.5731
1742299193.722,2.151,3.089,-0.6604,-1.2306,-4.1757,1.1447,47.5133,89.593
1742299193.801,2.151,3.082,-0.6603,-1.2307,-4.1759,1.131,47.525,89.6093
1742299193.881,2.152,3.09,-0.6605,-1.2306,-4.1757,1.1204,47.5163,89.6338
1742299193.961,2.152,3.082,-0.6604,-1.2307,-4.1758,1.1114,47.5193,89.6323
1742299194.04,2.152,3.082,-0.6604,-1.2306,-4.1757,1.1041,47.5166,89.636
1742299194.12,2.151,3.089,-0.6605,-1.2306,-4.1756,1.1017,47.5137,89.6415
1742299194.2,2.15,3.082,-0.6604,-1.2307,-4.1758,1.0965,47.5098,89.6368
1742299194.279,2.151,3.089,-0.6605,-1.2307,-4.1757,1.0986,47.5048,89.6369
1742299194.359,2.151,3.089,-0.6604,-1.2307,-4.1759,1.091,47.5074,89.6417
1742299194.439,2.151,3.089,-0.6605,-1.2307,-4.1758,1.0809,47.5083,89.6523
1742299194.518,2.151,3.081,-0.6605,-1.2307,-4.1758,1.0775,47.5069,89.6518
1742299194.598,2.151,3.088,-0.6604,-1.2307,-4.1758,1.0725,47.5048,89.6631
1742299194.678,2.15,3.089,-0.6604,-1.2307,-4.176,1.0912,47.5056,89.6525
1742299194.757,2.151,3.089,-0.6605,-1.2307,-4.1759,1.0811,47.5107,89.6563
1742299194.837,2.151,3.089,-0.6604,-1.2308,-4.1759,1.0732,47.5089,89.6639
1742299194.917,2.15,3.082,-0.6605,-1.2307,-4.176,1.0784,47.5091,89.6545
1742299194.996,2.151,3.088,-0.6605,-1.2307,-4.1759,1.0691,47.5097,89.6669
1742299195.076,2.151,3.089,-0.6604,-1.2307,-4.1758,1.0716,47.5128,89.6757
1742299195.155,2.15,3.089,-0.6604,-1.2307,-4.176,1.0955,47.5072,89.659
1742299195.235,2.15,3.082,-0.6604,-1.2307,-4.176,1.0972,47.511,89.6579
1742299195.315,2.151,3.089,-0.6606,-1.2306,-4.1758,1.0946,47.5134,89.6577
1742299195.394,2.151,3.082,-0.6614,-1.2306,-4.1753,1.1182,47.6641,89.6937
1742299195.474,2.151,3.089,-0.6659,-1.2306,-4.1704,1.0948,47.4413,89.6234
1742299195.554,2.151,3.089,-0.6764,-1.2304,-4.1599,0.986,47.3077,89.6334
1742299195.633,2.151,3.078,-0.6907,-1.2309,-4.1455,0.7372,47.09,89.8192
1742299195.713,2.15,3.067,-0.7065,-1.2318,-4.1303,0.916,46.6591,89.8155
1742299195.793,2.148,3.039,-0.7206,-1.2317,-4.1155,0.8529,46.2598,89.7941
1742299195.872,2.144,3.009,-0.7328,-1.2323,-4.1035,0.9955,46.131,89.5776
1742299195.952,2.144,3.009,-0.7426,-1.2326,-4.0936,1.0724,45.9137,89.5299
1742299196.032,2.141,2.981,-0.7498,-1.2327,-4.0858,0.9192,45.8292,89.6287
1742299196.111,2.14,2.962,-0.7517,-1.2327,-4.0834,0.8702,45.7634,89.73
1742299196.31,2.138,2.953,-0.7501,-1.2325,-4.0854,0.9347,45.8001,89.6003
1742299196.39,2.14,2.948,-0.7499,-1.2325,-4.0855,0.9277,45.7841,89.5977
1742299196.469,2.139,2.947,-0.7498,-1.2326,-4.0856,0.9313,45.7849,89.5997
1742299196.549,2.139,2.947,-0.7499,-1.2324,-4.0855,0.9247,45.7839,89.5991
1742299196.629,2.139,2.948,-0.7497,-1.2325,-4.0856,0.9113,45.7795,89.6046
1742299196.708,2.138,2.954,-0.7498,-1.2326,-4.0855,0.9104,45.7832,89.6118
1742299196.788,2.138,2.95,-0.75,-1.2323,-4.0854,0.9171,45.7793,89.6055
1742299196.868,2.139,2.954,-0.7499,-1.2325,-4.0854,0.9164,45.7784,89.5997
1742299196.947,2.139,2.954,-0.75,-1.2324,-4.0855,0.9372,45.7845,89.6025
1742299197.027,2.14,2.949,-0.7498,-1.2325,-4.0854,0.9218,45.7828,89.6088
1742299197.107,2.138,2.954,-0.7499,-1.2325,-4.0855,0.9376,45.7845,89.6078
1742299197.186,2.139,2.948,-0.7499,-1.2324,-4.0855,0.9344,45.7866,89.6134
1742299197.266,2.138,2.955,-0.7498,-1.2323,-4.0854,0.9292,45.7909,89.6141
1742299197.346,2.138,2.955,-0.7497,-1.2325,-4.0855,0.936,45.7903,89.6104
1742299197.425,2.14,2.953,-0.7488,-1.2325,-4.0866,0.9537,45.7497,89.6373
1742299197.505,2.139,2.956,-0.7439,-1.2327,-4.0919,1.0817,45.7565,89.5008
1742299197.585,2.139,2.956,-0.7356,-1.2326,-4.1005,1.0747,45.7271,89.5456
1742299197.664,2.139,2.962,-0.7254,-1.2321,-4.1108,0.9909,45.8372,89.6022
1742299197.744,2.139,2.962,-0.7184,-1.2322,-4.1177,0.9562,45.9744,89.6009
1742299197.823,2.139,2.976,-0.7172,-1.2322,-4.1188,0.9771,46.0126,89.6531
1742299197.903,2.141,2.996,-0.718,-1.232,-4.1177,0.9522,45.9486,89.6837
1742299197.983,2.142,2.994,-0.7187,-1.2321,-4.1172,0.9887,45.9541,89.6515
1742299198.062,2.142,2.999,-0.7188,-1.232,-4.1171,0.9616,45.9755,89.676
1742299198.261,2.141,2.994,-0.7188,-1.232,-4.1169,0.9521,45.9847,89.683
1742299198.461,2.143,2.996,-0.7189,-1.2321,-4.117,0.9838,45.9817,89.6905
1742299200.471,2.142,3.012,-0.7045,-1.2321,-4.1318,0.8766,46.1778,89.801
1742299200.551,2.144,3.012,-0.7047,-1.2318,-4.1316,0.878,46.1758,89.8044
1742299200.631,2.144,3.013,-0.7047,-1.2319,-4.1317,0.8924,46.1774,89.8058
1742299200.71,2.143,3.014,-0.7047,-1.2319,-4.1317,0.8823,46.1784,89.8133
1742299200.79,2.144,3.019,-0.7047,-1.2319,-4.1317,0.8741,46.1727,89.8022
1742299200.87,2.144,3.019,-0.7047,-1.232,-4.1318,0.8631,46.1758,89.7996
1742299200.949,2.144,3.019,-0.7046,-1.2321,-4.1319,0.8672,46.1697,89.7883
1742299201.029,2.144,3.013,-0.7047,-1.232,-4.1319,0.8738,46.1707,89.79
1742299201.109,2.144,3.014,-0.7046,-1.2318,-4.1317,0.8624,46.1676,89.8045
1742299201.188,2.144,3.018,-0.7046,-1.2321,-4.1319,0.8604,46.1654,89.7991
1742299201.268,2.144,3.014,-0.7046,-1.2321,-4.1318,0.8561,46.1676,89.8103
1742299201.348,2.144,3.014,-0.7047,-1.232,-4.1319,0.8741,46.1692,89.8054
1742299201.427,2.144,3.019,-0.7046,-1.232,-4.1319,0.8757,46.1649,89.8116
1742299201.507,2.144,3.018,-0.7047,-1.2321,-4.1319,0.8838,46.1667,89.8102
1742299201.586,2.144,3.013,-0.7047,-1.232,-4.1318,0.876,46.1692,89.7924
1742299201.666,2.143,3.02,-0.7046,-1.2321,-4.132,0.8753,46.1683,89.7956
1742299201.746,2.143,3.02,-0.7045,-1.2323,-4.132,0.8625,46.1795,89.8043
1742299201.825,2.145,3.018,-0.7047,-1.232,-4.1319,0.8695,46.175,89.8113
1742299201.905,2.144,3.019,-0.7046,-1.2321,-4.1321,0.864,46.1774,89.7969
1742299201.985,2.145,3.019,-0.7047,-1.232,-4.1319,0.8511,46.1731,89.8091
1742299202.064,2.144,3.019,-0.7048,-1.232,-4.1319,0.8386,46.1749,89.8089
1742299202.144,2.144,3.019,-0.7047,-1.2321,-4.1321,0.8476,46.1663,89.8163
1742299202.223,2.144,3.014,-0.7046,-1.2322,-4.1321,0.8411,46.1681,89.8281
1742299202.303,2.144,3.018,-0.7047,-1.2321,-4.132,0.8335,46.1649,89.8254
1742299202.383,2.145,3.014,-0.7046,-1.2322,-4.1322,0.8658,46.1594,89.8267
1742299202.462,2.145,3.013,-0.7047,-1.2321,-4.1321,0.8637,46.1624,89.8331
1742299202.542,2.145,3.013,-0.7046,-1.2322,-4.1322,0.8696,46.1553,89.826
1742299202.622,2.144,3.014,-0.7047,-1.2322,-4.1322,0.874,46.1658,89.8046
1742299202.702,2.145,3.018,-0.7046,-1.2322,-4.1323,0.8769,46.1654,89.8125
1742299202.781,2.145,3.018,-0.7048,-1.2322,-4.1321,0.8712,46.1763,89.8213
1742299202.861,2.144,3.015,-0.7047,-1.2322,-4.1322,0.8853,46.1766,89.8137
1742299202.94,2.144,3.015,-0.7047,-1.2322,-4.1323,0.8848,46.1906,89.794
1742299203.02,2.144,3.012,-0.7048,-1.2321,-4.1322,0.8956,46.1885,89.7868
1742299203.1,2.144,3.016,-0.7047,-1.232,-4.1322,0.8818,46.1853,89.7926
1742299203.179,2.145,3.015,-0.7047,-1.2322,-4.1323,0.8994,46.1922,89.8093
1742299203.259,2.144,3.014,-0.7046,-1.2322,-4.1324,0.8866,46.1699,89.8048
1742299205.27,2.145,3.019,-0.7047,-1.2321,-4.1321,0.8484,46.1801,89.8246
1742299205.349,2.144,3.02,-0.7047,-1.2321,-4.1323,0.8399,46.1865,89.8382
1742299205.429,2.144,3.02,-0.7046,-1.2321,-4.1322,0.8349,46.1778,89.8313
1742299205.509,2.143,3.015,-0.7047,-1.2322,-4.1324,0.8565,46.1795,89.8382
1742299205.588,2.145,3.018,-0.7047,-1.2322,-4.1324,0.8412,46.1744,89.8317
1742299205.668,2.145,3.016,-0.7047,-1.2322,-4.1323,0.8429,46.1765,89.8317
1742299205.748,2.145,3.014,-0.7048,-1.2322,-4.1323,0.8534,46.171,89.8175
1742299205.827,2.145,3.014,-0.7048,-1.2322,-4.1322,0.8484,46.1767,89.8107
1742299205.907,2.144,3.019,-0.7047,-1.2322,-4.1323,0.833,46.1773,89.8124
1742299205.986,2.144,3.018,-0.7046,-1.2324,-4.1325,0.8359,46.1754,89.8184
1742299206.066,2.145,3.02,-0.7049,-1.2321,-4.1322,0.8456,46.1738,89.8258
1742299206.146,2.146,3.02,-0.7048,-1.2321,-4.1323,0.8338,46.1821,89.8146
1742299206.226,2.146,3.013,-0.7046,-1.2323,-4.1325,0.8342,46.1835,89.8063
1742299206.305,2.145,3.012,-0.7046,-1.2323,-4.1325,0.815,46.1849,89.8201
1742299206.385,2.143,3.018,-0.7048,-1.2322,-4.1324,0.8256,46.178,89.8313
1742299206.464,2.144,3.014,-0.7047,-1.2321,-4.1325,0.8253,46.1809,89.8374
1742299206.544,2.144,3.014,-0.7047,-1.2322,-4.1325,0.8271,46.1796,89.8271
1742299206.624,2.144,3.014,-0.7047,-1.2321,-4.1325,0.8296,46.1802,89.8239
1742299206.704,2.143,3.016,-0.7047,-1.2322,-4.1325,0.8388,46.1821,89.8218
1742299206.783,2.144,3.016,-0.7048,-1.2322,-4.1325,0.8378,46.1792,89.8356
1742299206.863,2.144,3.018,-0.7048,-1.2321,-4.1324,0.8219,46.1757,89.8263
1742299206.943,2.144,3.018,-0.7046,-1.2324,-4.1326,0.8202,46.1753,89.8173
1742299207.022,2.145,3.02,-0.7048,-1.2322,-4.1325,0.8377,46.1808,89.8152
1742299207.102,2.143,3.014,-0.7048,-1.2321,-4.1324,0.8441,46.189,89.8261
1742299207.181,2.145,3.014,-0.7047,-1.2323,-4.1326,0.8529,46.1901,89.8036
1742299207.261,2.145,3.016,-0.7048,-1.2322,-4.1325,0.8517,46.1983,89.7912
1742299207.341,2.145,3.016,-0.7047,-1.2323,-4.1326,0.8502,46.1912,89.8074
1742299207.42,2.144,3.019,-0.7047,-1.2322,-4.1326,0.8319,46.183,89.808
1742299207.5,2.144,3.018,-0.7048,-1.2322,-4.1325,0.8309,46.1893,89.8124
1742299207.579,2.144,3.015,-0.7047,-1.2322,-4.1326,0.8472,46.1852,89.803
1742299207.659,2.144,3.018,-0.7047,-1.2323,-4.1327,0.8418,46.1848,89.8114
1742299207.739,2.144,3.018,-0.7047,-1.2322,-4.1325,0.8525,46.1923,89.8146
1742299207.818,2.145,3.013,-0.7048,-1.2322,-4.1326,0.8626,46.1934,89.8142
1742299207.898,2.143,3.016,-0.7047,-1.2324,-4.1326,0.8648,46.1931,89.8244
1742299207.978,2.145,3.013,-0.7048,-1.2323,-4.1327,0.8695,46.1965,89.8446
1742299208.057,2.145,3.014,-0.7049,-1.2322,-4.1326,0.865,46.2103,89.8383
1742299208.137,2.145,3.014,-0.7047,-1.2323,-4.1327,0.8467,46.2042,89.8575
1742299208.217,2.144,3.013,-0.7048,-1.2322,-4.1328,0.8585,46.1969,89.8561
1742299208.296,2.146,3.02,-0.7048,-1.2322,-4.1327,0.8532,46.1988,89.8501
1742299208.376,2.144,3.016,-0.7048,-1.2323,-4.1327,0.8467,46.2015,89.847
1742299208.455,2.145,3.017,-0.7046,-1.2324,-4.133,0.8484,46.2056,89.8375
1742299208.535,2.145,3.017,-0.7046,-1.2324,-4.1328,0.8469,46.2032,89.8376
1742299208.615,2.145,3.015,-0.7049,-1.2322,-4.1327,0.8606,46.2049,89.8298
1742299208.694,2.143,3.019,-0.7047,-1.2323,-4.1327,0.8634,46.1991,89.8187
1742299208.774,2.145,3.015,-0.7047,-1.2324,-4.1328,0.862,46.1986,89.817
1742299208.854,2.143,3.019,-0.7045,-1.2322,-4.1329,0.8529,46.1858,89.8085
1742299208.933,2.143,3.019,-0.7031,-1.2323,-4.1346,0.8665,46.2362,89.8247
1742299209.013,2.145,3.014,-0.6995,-1.2321,-4.1382,0.8357,46.3021,89.8445
1742299209.093,2.145,3.015,-0.6944,-1.2319,-4.1434,0.8303,46.3756,89.8491
1742299209.172,2.145,3.03,-0.6888,-1.2317,-4.1494,0.9379,46.4528,89.7951
1742299209.252,2.146,3.038,-0.6834,-1.2315,-4.1555,1.0946,46.4841,89.6793
1742299209.332,2.146,3.038,-0.6774,-1.2314,-4.1612,1.0203,46.5359,89.6363
1742299209.411,2.146,3.051,-0.6718,-1.2313,-4.1667,1.0147,46.5872,89.6486
1742299209.491,2.147,3.061,-0.6664,-1.2313,-4.1721,1.052,46.6322,89.6471
1742299209.571,2.148,3.064,-0.6615,-1.2311,-4.177,1.0243,46.6933,89.6808
1742299209.65,2.149,3.078,-0.6563,-1.231,-4.1817,0.9362,46.7659,89.7344
1742299209.73,2.149,3.078,-0.6507,-1.2309,-4.1871,0.8538,46.8398,89.7576
1742299209.809,2.148,3.086,-0.6454,-1.2308,-4.1921,0.7723,46.8955,89.834
1742299209.889,2.149,3.095,-0.64,-1.2307,-4.1974,0.6885,46.975,89.9017
1742299209.969,2.152,3.108,-0.6353,-1.2306,-4.2019,0.6862,47.0273,89.9049
1742299210.048,2.152,3.116,-0.6305,-1.2306,-4.2067,0.6688,47.0721,89.9213
1742299210.128,2.152,3.116,-0.6256,-1.2304,-4.2118,0.7817,47.1019,89.8836
1742299210.208,2.153,3.127,-0.62,-1.2303,-4.2176,0.8102,47.141,89.8384
1742299210.287,2.154,3.134,-0.6147,-1.2302,-4.223,0.8473,47.1875,89.8661
1742299210.367,2.153,3.139,-0.6093,-1.2298,-4.2281,0.8414,47.2489,89.7918
1742299210.446,2.154,3.15,-0.6039,-1.2298,-4.2334,0.8415,47.2763,89.774
1742299210.526,2.154,3.15,-0.599,-1.2296,-4.2385,0.9556,47.2807,89.6878
1742299210.606,2.155,3.158,-0.5942,-1.2295,-4.2434,1.0196,47.3314,89.6375
1742299210.685,2.155,3.168,-0.589,-1.2293,-4.2485,1.0297,47.3656,89.6663
1742299210.765,2.157,3.182,-0.5832,-1.229,-4.2539,0.9799,47.4139,89.7251
1742299210.845,2.157,3.192,-0.5775,-1.2289,-4.2591,0.9657,47.4798,89.7439
1742299210.924,2.157,3.192,-0.5721,-1.2289,-4.2643,0.9318,47.5807,89.7988
1742299211.004,2.156,3.197,-0.5667,-1.2287,-4.2695,0.917,47.6493,89.8384
1742299211.084,2.155,3.21,-0.561,-1.2287,-4.2748,0.8811,47.768,89.9074
1742299211.163,2.152,3.212,-0.5556,-1.2285,-4.2798,0.8333,47.807,89.959
1742299211.482,2.163,3.242,-0.5353,-1.2279,-4.2998,1.1052,47.9664,89.8328
1742299211.681,2.153,3.263,-0.5217,-1.2275,-4.3126,1.0211,48.0736,89.8367
1742299211.761,2.156,3.268,-0.5162,-1.2274,-4.3179,1.053,48.1378,89.8246
1742299211.84,2.166,3.268,-0.5107,-1.2271,-4.3228,1.0003,48.1744,89.8929
1742299212.039,2.174,3.289,-0.5042,-1.2271,-4.3285,0.8524,48.23,90.0092
1742299212.119,2.174,3.303,-0.5043,-1.227,-4.3283,0.8591,48.2356,89.9894
1742299212.198,2.174,3.303,-0.5042,-1.2271,-4.3284,0.8607,48.2406,89.977
1742299212.278,2.173,3.303,-0.5043,-1.2271,-4.3284,0.856,48.2435,89.981
1742299212.358,2.174,3.302,-0.5042,-1.2271,-4.3284,0.859,48.2396,89.9807
1742299212.438,2.174,3.302,-0.5043,-1.2271,-4.3283,0.8482,48.2432,89.9895
1742299212.517,2.173,3.306,-0.5042,-1.2271,-4.3283,0.8517,48.2525,89.9817
1742299212.597,2.173,3.308,-0.5042,-1.2272,-4.3283,0.8403,48.2542,89.9919
1742299212.676,2.174,3.308,-0.5043,-1.2269,-4.3283,0.8695,48.2538,89.9825
1742299212.756,2.174,3.303,-0.5042,-1.227,-4.3283,0.8647,48.2483,89.9943
1742299212.836,2.174,3.303,-0.5043,-1.2271,-4.3282,0.8554,48.2557,90.0046
1742299212.915,2.172,3.307,-0.5042,-1.2271,-4.3282,0.8602,48.2575,89.9961
1742299212.995,2.172,3.303,-0.5043,-1.227,-4.3282,0.8598,48.2588,89.9917
1742299213.075,2.173,3.303,-0.504,-1.2271,-4.3283,0.8437,48.2541,89.9937
1742299213.154,2.174,3.303,-0.5042,-1.227,-4.3282,0.8563,48.2561,89.9928
1742299213.234,2.174,3.303,-0.5043,-1.2271,-4.3281,0.8493,48.2563,90.0016
1742299213.314,2.173,3.306,-0.5042,-1.2271,-4.3281,0.8514,48.2602,89.9989
1742299213.393,2.173,3.306,-0.5042,-1.2271,-4.3281,0.8369,48.2602,89.9949
1742299213.473,2.173,3.306,-0.5042,-1.227,-4.3282,0.8487,48.2584,89.9913
1742299213.553,2.173,3.306,-0.5042,-1.2269,-4.3279,0.8307,48.2641,89.995
1742299213.632,2.173,3.306,-0.5042,-1.2269,-4.3281,0.8424,48.2639,89.9779
1742299213.712,2.174,3.303,-0.5041,-1.227,-4.3281,0.8309,48.2674,89.9917
1742299213.792,2.173,3.304,-0.5043,-1.2269,-4.3279,0.8383,48.2695,89.9964
1742299213.871,2.172,3.304,-0.5041,-1.227,-4.328,0.8384,48.2684,89.9912
1742299213.951,2.174,3.304,-0.5042,-1.2269,-4.328,0.8121,48.2666,90.0066
1742299214.03,2.174,3.304,-0.5042,-1.227,-4.328,0.8141,48.2657,90.0023
1742299214.11,2.174,3.307,-0.5043,-1.227,-4.3278,0.8125,48.2586,90.0149
1742299214.19,2.174,3.304,-0.5041,-1.2271,-4.3279,0.8299,48.2604,90.0052
1742299214.269,2.174,3.307,-0.5041,-1.227,-4.328,0.8352,48.2598,90.0071
1742299214.349,2.174,3.306,-0.5041,-1.227,-4.3279,0.8307,48.2586,90.0157
1742299214.548,2.174,3.303,-0.5042,-1.2269,-4.3277,0.8402,48.2674,89.9896
1742299214.747,2.174,3.302,-0.5042,-1.227,-4.3278,0.8329,48.2665,89.999
1742299214.827,2.174,3.302,-0.5043,-1.2269,-4.3276,0.8292,48.2591,90.0003
1742299214.906,2.173,3.304,-0.5048,-1.2269,-4.3271,0.8204,48.1876,90.006
1742299214.986,2.173,3.304,-0.5066,-1.227,-4.3257,0.8856,48.2528,89.9177
1742299215.066,2.173,3.304,-0.5107,-1.2271,-4.3219,0.921,48.1023,89.9123
1742299215.145,2.173,3.304,-0.5162,-1.2269,-4.3168,1.0014,48.1262,89.8236
1742299215.225,2.173,3.304,-0.5213,-1.2273,-4.3119,0.9493,48.0526,89.8606
1742299215.305,2.174,3.291,-0.5259,-1.2272,-4.3074,0.9648,47.9505,89.8555
1742299215.384,2.155,3.275,-0.5296,-1.2273,-4.3038,0.9637,47.8015,89.8431
1742299215.464,2.16,3.266,-0.5319,-1.2274,-4.3017,1.0375,47.7415,89.8119
1742299215.544,2.153,3.264,-0.5341,-1.2275,-4.2996,1.0296,47.664,89.8554
1742299215.623,2.153,3.264,-0.5366,-1.2275,-4.2968,0.9246,47.6455,89.92
1742299215.703,2.156,3.258,-0.5401,-1.2278,-4.293,0.756,47.5524,90.0064
1742299215.783,2.152,3.253,-0.5436,-1.2278,-4.2892,0.7336,47.5157,90.0349
1742299215.862,2.159,3.251,-0.5474,-1.2278,-4.2855,0.709,47.3799,90.0687
1742299215.942,2.16,3.242,-0.5507,-1.2279,-4.2823,0.6819,47.3018,90.0661
1742299216.021,2.16,3.242,-0.5535,-1.228,-4.2796,0.6882,47.2187,90.0434
1742299216.101,2.156,3.234,-0.5564,-1.2282,-4.2766,0.7234,47.1638,90.0146
1742299216.181,2.157,3.235,-0.5594,-1.2281,-4.2736,0.7417,47.0891,90.0126
1742299216.26,2.156,3.227,-0.5622,-1.2281,-4.2709,0.7341,47.0313,89.9864
1742299216.34,2.159,3.227,-0.565,-1.2284,-4.2681,0.748,46.9719,89.9403
1742299216.42,2.159,3.227,-0.5679,-1.2284,-4.2653,0.8083,46.8895,89.8725
1742299216.499,2.161,3.22,-0.5712,-1.2284,-4.262,0.8277,46.7949,89.8501
1742299216.579,2.158,3.215,-0.5746,-1.2284,-4.2587,0.8517,46.7225,89.8168
1742299216.659,2.158,3.208,-0.578,-1.2284,-4.2552,0.8513,46.6454,89.7962
1742299216.858,2.156,3.191,-0.5879,-1.2289,-4.2457,0.9059,46.54,89.6703
1742299216.937,2.156,3.191,-0.5916,-1.2287,-4.2419,0.9485,46.4435,89.6055
1742299217.017,2.156,3.181,-0.5957,-1.229,-4.2377,0.8727,46.3692,89.6637
1742299217.097,2.156,3.173,-0.5996,-1.2292,-4.2333,0.7539,46.3061,89.7453
1742299217.176,2.155,3.171,-0.6038,-1.2293,-4.2289,0.6931,46.2324,89.801
1742299217.256,2.155,3.155,-0.6082,-1.2292,-4.2244,0.714,46.1148,89.8712
1742299217.337,2.154,3.155,-0.6124,-1.2293,-4.2198,0.7311,46.0069,89.8738
1742299217.415,2.154,3.15,-0.6167,-1.2296,-4.2157,0.7498,45.9263,89.8604
1742299217.495,2.155,3.148,-0.6209,-1.2298,-4.2113,0.6948,45.8811,89.913
1742299217.574,2.154,3.135,-0.6248,-1.23,-4.2069,0.6415,45.8135,89.9215
1742299217.654,2.153,3.133,-0.6292,-1.2301,-4.2023,0.5591,45.7439,89.9609
1742299217.735,2.153,3.133,-0.6338,-1.2301,-4.1974,0.5826,45.6618,89.9528
1742299217.813,2.153,3.126,-0.638,-1.2303,-4.1929,0.6126,45.6078,89.9372
1742299217.893,2.153,3.117,-0.6427,-1.2303,-4.1885,0.6912,45.5226,89.8802
1742299217.972,2.151,3.112,-0.6469,-1.2306,-4.1843,0.7396,45.4116,89.8325
1742299218.052,2.151,3.101,-0.6517,-1.2305,-4.1796,0.8397,45.2977,89.7794
1742299218.132,2.151,3.101,-0.6565,-1.2307,-4.1748,0.8737,45.2378,89.7734
1742299218.212,2.15,3.093,-0.6619,-1.2308,-4.1693,0.9453,45.1493,89.722
1742299218.291,2.15,3.084,-0.6671,-1.2307,-4.1637,0.8964,45.1198,89.7207
1742299218.371,2.15,3.068,-0.6725,-1.2309,-4.1579,0.8863,45.063,89.7134
1742299218.451,2.15,3.064,-0.6777,-1.2308,-4.1527,0.9418,45.0275,89.6925
1742299218.531,2.15,3.064,-0.6823,-1.2312,-4.1477,0.9674,44.9369,89.7276
1742299218.61,2.149,3.055,-0.6874,-1.2312,-4.1419,0.7625,44.8693,89.8691
1742299218.689,2.148,3.039,-0.6923,-1.2314,-4.1364,0.7096,44.7334,89.8911
1742299218.769,2.148,3.031,-0.6974,-1.2317,-4.1309,0.6504,44.5969,89.9449
1742299218.849,2.148,3.022,-0.7024,-1.2319,-4.1252,0.632,44.4711,89.9695
1742299218.929,2.148,3.022,-0.7071,-1.2318,-4.1202,0.7174,44.3573,89.8943
1742299219.008,2.147,3.011,-0.7117,-1.2319,-4.1153,0.7172,44.2445,89.8617
1742299219.088,2.147,3.002,-0.7162,-1.2319,-4.1105,0.7888,44.1601,89.7873
1742299219.167,2.146,2.997,-0.7207,-1.2321,-4.1055,0.8081,44.078,89.759
1742299219.247,2.145,2.992,-0.7258,-1.2319,-4.1,0.8379,44.0299,89.7181
1742299219.327,2.145,2.992,-0.7309,-1.2321,-4.0946,0.9036,43.9375,89.6382
1742299219.526,2.144,2.965,-0.7432,-1.2324,-4.0807,0.7803,43.6995,89.7044
1742299219.605,2.146,2.957,-0.748,-1.2324,-4.075,0.7091,43.6248,89.7384
1742299219.685,2.146,2.947,-0.7528,-1.2328,-4.0696,0.6619,43.571,89.821
1742299219.765,2.145,2.943,-0.7578,-1.233,-4.0641,0.6863,43.4399,89.8146
1742299219.844,2.147,2.931,-0.7626,-1.2332,-4.0587,0.6373,43.3205,89.8674
1742299219.924,2.147,2.931,-0.7669,-1.2331,-4.0534,0.583,43.2701,89.8869
1742299220.003,2.145,2.927,-0.7715,-1.2333,-4.0481,0.5532,43.2227,89.8933
1742299220.083,2.146,2.919,-0.7766,-1.2334,-4.0425,0.5716,43.1095,89.8788
1742299220.163,2.146,2.903,-0.7818,-1.2337,-4.0369,0.6036,43.0148,89.8857
1742299220.243,2.145,2.902,-0.787,-1.2338,-4.0312,0.6318,42.8951,89.8482
1742299220.322,2.145,2.902,-0.7921,-1.2338,-4.0255,0.7475,42.7873,89.7996
1742299220.402,2.145,2.892,-0.7974,-1.2338,-4.0199,0.8503,42.6776,89.7443
1742299220.481,2.148,2.877,-0.8022,-1.2339,-4.0143,0.8939,42.5755,89.7337
1742299220.561,2.147,2.867,-0.8073,-1.234,-4.0088,0.9363,42.5476,89.7069
1742299220.641,2.146,2.864,-0.8122,-1.2342,-4.0033,0.925,42.4856,89.6641
1742299220.72,2.146,2.864,-0.817,-1.2341,-3.9978,0.8732,42.4422,89.7082
1742299220.8,2.145,2.849,-0.822,-1.2343,-3.9922,1.0005,42.3445,89.6915
1742299220.88,2.148,2.841,-0.8265,-1.2346,-3.9866,0.8331,42.3312,89.8127
1742299220.959,2.147,2.838,-0.8319,-1.2349,-3.9803,0.7232,42.2551,89.876
1742299221.039,2.146,2.827,-0.8371,-1.2349,-3.9735,0.6656,42.1332,89.921
1742299221.119,2.146,2.827,-0.8426,-1.2349,-3.9671,0.6614,41.9932,89.9419
1742299221.198,2.148,2.81,-0.8475,-1.235,-3.9615,0.7162,41.847,89.8665
1742299221.278,2.148,2.801,-0.8522,-1.2351,-3.9559,0.7556,41.773,89.8084
1742299221.358,2.149,2.798,-0.8568,-1.2351,-3.9506,0.7989,41.6592,89.7559
1742299221.437,2.149,2.789,-0.8612,-1.2353,-3.9454,0.8363,41.6087,89.7331
1742299221.517,2.149,2.789,-0.8661,-1.2352,-3.94,0.8691,41.605,89.6827
1742299221.596,2.148,2.781,-0.8708,-1.2353,-3.9344,0.8886,41.5315,89.6243
1742299221.676,2.149,2.77,-0.8755,-1.2355,-3.9289,0.8984,41.4161,89.5944
1742299221.756,2.151,2.764,-0.88,-1.2356,-3.9233,0.8421,41.3626,89.608
1742299221.835,2.15,2.752,-0.8847,-1.2358,-3.9173,0.7254,41.3163,89.6908
1742299221.915,2.15,2.752,-0.8895,-1.2359,-3.9116,0.6779,41.281,89.6934
1742299221.995,2.151,2.744,-0.8944,-1.2359,-3.9058,0.7312,41.2226,89.6351
1742299222.074,2.15,2.735,-0.8988,-1.2359,-3.9001,0.656,41.1693,89.6847
1742299224.444,2.154,2.517,-1.0375,-1.2379,-3.7366,0.8841,42.4549,89.3234
1742299224.523,2.154,2.517,-1.042,-1.2379,-3.7312,0.818,42.4138,89.3431
1742299224.603,2.155,2.514,-1.0467,-1.2379,-3.7258,0.8243,42.4123,89.3173
1742299224.683,2.153,2.498,-1.0515,-1.2381,-3.7203,0.848,42.399,89.3013
1742299224.762,2.156,2.49,-1.0567,-1.2381,-3.7146,0.9344,42.3389,89.2186
1742299224.842,2.154,2.481,-1.0616,-1.2381,-3.7094,1.0116,42.2792,89.212
1742299224.921,2.154,2.481,-1.0666,-1.2381,-3.7038,1.0477,42.2269,89.214
1742299225.001,2.154,2.477,-1.0715,-1.2383,-3.6986,1.1699,42.1907,89.1492
1742299225.081,2.154,2.468,-1.0763,-1.2382,-3.6932,1.2101,42.1553,89.1341
1742299225.16,2.154,2.459,-1.0813,-1.2384,-3.6877,1.2389,42.2324,89.0818
1742299225.24,2.154,2.452,-1.0859,-1.2381,-3.6825,1.2731,42.2168,89.0087
1742299225.32,2.154,2.452,-1.0906,-1.2384,-3.6774,1.3569,42.1359,88.9895
1742299225.399,2.152,2.439,-1.0949,-1.2382,-3.6723,1.3226,42.1914,89.023
1742299225.479,2.154,2.433,-1.0996,-1.2384,-3.6664,1.1173,42.2138,89.1402
1742299225.678,2.154,2.415,-1.1122,-1.2386,-3.6511,0.9333,42.057,89.3519
1742299225.758,2.155,2.403,-1.1168,-1.2386,-3.6456,0.9259,41.983,89.3035
1742299225.837,2.156,2.395,-1.1212,-1.2386,-3.6406,0.9669,41.9043,89.2616
1742299225.917,2.156,2.395,-1.1254,-1.2387,-3.6357,0.9746,41.8594,89.2506
1742299225.997,2.155,2.387,-1.1298,-1.2386,-3.6304,0.9814,41.8074,89.2528
1742299226.076,2.155,2.379,-1.1343,-1.2387,-3.625,0.9847,41.8454,89.2411
1742299226.156,2.155,2.371,-1.1398,-1.2388,-3.6199,1.1028,42.1283,89.1158
1742299226.236,2.155,2.359,-1.145,-1.2388,-3.6143,1.083,42.5455,89.0443
1742299226.315,2.155,2.359,-1.1501,-1.2388,-3.6086,1.0714,42.6223,89.0167
1742299226.395,2.155,2.35,-1.1547,-1.2389,-3.6029,0.9866,42.6268,89.0477
1742299226.474,2.156,2.339,-1.1596,-1.2388,-3.5972,0.9651,42.636,89.0641
1742299226.554,2.155,2.331,-1.1643,-1.239,-3.5917,0.9715,42.631,89.0983
1742299226.634,2.156,2.324,-1.169,-1.2391,-3.5865,1.0472,42.5625,89.0599
1742299226.713,2.156,2.324,-1.1737,-1.239,-3.5807,1.0422,42.5525,89.0951
1742299226.793,2.155,2.316,-1.1782,-1.2391,-3.5758,1.014,42.5342,89.1028
1742299226.873,2.154,2.306,-1.1827,-1.2392,-3.5703,0.9758,42.5039,89.1436
1742299226.952,2.154,2.3,-1.1877,-1.2393,-3.5647,0.9944,42.497,89.1598
1742299227.032,2.156,2.288,-1.1927,-1.2394,-3.559,1.0479,42.5391,89.1367
1742299227.112,2.156,2.288,-1.1979,-1.2393,-3.5532,1.067,42.4774,89.1723
1742299227.191,2.156,2.281,-1.2031,-1.2394,-3.5477,1.1756,42.4527,89.1471
1742299227.271,2.153,2.27,-1.208,-1.2394,-3.5423,1.2703,42.4222,89.1413
1742299227.35,2.155,2.27,-1.2128,-1.2394,-3.5368,1.3153,42.4256,89.1392
1742299227.43,2.154,2.251,-1.2175,-1.2395,-3.5313,1.2432,42.4747,89.2091
1742299227.51,2.154,2.251,-1.2224,-1.2397,-3.5259,1.2956,42.4612,89.2064
1742299227.589,2.155,2.243,-1.2275,-1.2398,-3.5201,1.385,42.4628,89.2808
1742299227.669,2.156,2.23,-1.2325,-1.2398,-3.5146,1.4414,42.4857,89.3275
1742299227.749,2.154,2.222,-1.2372,-1.24,-3.5086,1.2479,42.561,89.4684
1742299227.828,2.155,2.212,-1.2423,-1.2401,-3.5025,1.1856,42.5561,89.5582
1742299227.908,2.155,2.212,-1.2477,-1.2401,-3.4962,1.1226,42.4911,89.6226
1742299227.988,2.156,2.204,-1.2531,-1.2401,-3.4904,1.1406,42.7284,89.6787
1742299228.067,2.154,2.191,-1.2593,-1.2403,-3.4857,1.3053,44.072,89.5237
1742299228.147,2.156,2.181,-1.2652,-1.2403,-3.4826,1.4429,45.9011,89.3916
1742299228.227,2.151,2.181,-1.2708,-1.2403,-3.4784,1.517,46.8633,89.3173
1742299228.306,2.151,2.174,-1.2759,-1.2402,-3.4735,1.5352,46.8812,89.3231
1742299228.386,2.153,2.17,-1.2812,-1.2402,-3.4684,1.5852,46.9616,89.2643
1742299228.466,2.153,2.162,-1.2864,-1.2404,-3.4635,1.6787,46.8774,89.1873
1742299228.545,2.151,2.153,-1.2917,-1.2406,-3.458,1.6328,46.8186,89.1491
1742299228.625,2.15,2.153,-1.297,-1.2407,-3.4526,1.5831,46.7433,89.134
1742299228.704,2.15,2.144,-1.3023,-1.2408,-3.447,1.532,46.6825,89.1797
1742299228.784,2.151,2.132,-1.3073,-1.2408,-3.4417,1.5171,46.6814,89.2052
1742299228.864,2.15,2.121,-1.3122,-1.2409,-3.4367,1.4689,46.6145,89.2394
1742299228.943,2.149,2.112,-1.3168,-1.241,-3.4328,1.6646,46.6786,88.8967
1742299229.024,2.149,2.112,-1.3196,-1.2408,-3.4315,2.0759,46.7372,88.4305
1742299229.103,2.149,2.105,-1.3199,-1.2406,-3.4309,2.0096,46.8418,88.3825
1742299229.182,2.148,2.099,-1.3202,-1.2406,-3.4305,1.9955,46.7654,88.2261
1742299229.262,2.148,2.099,-1.3219,-1.2402,-3.4285,1.9854,46.8451,87.6635
1742299229.342,2.147,2.098,-1.3265,-1.2396,-3.4237,2.0336,46.693,87.0295
1742299229.422,2.147,2.098,-1.3362,-1.2396,-3.4149,2.313,46.6659,86.9639
1742299229.501,2.148,2.094,-1.3483,-1.2404,-3.4048,2.8434,46.66,87.036
1742299229.581,2.145,2.079,-1.3568,-1.2406,-3.3957,2.6771,46.7275,86.7557
1742299229.66,2.153,2.059,-1.3634,-1.2401,-3.3877,2.4272,46.4357,86.6872
1742299229.74,2.145,2.043,-1.3696,-1.2402,-3.3825,2.7726,46.6538,86.6196
1742299229.82,2.145,2.043,-1.374,-1.2402,-3.3783,2.8496,46.8004,86.6282
1742299229.899,2.142,2.033,-1.3771,-1.2404,-3.3744,2.5215,46.7349,86.6566
1742299229.979,2.152,2.024,-1.3814,-1.2404,-3.37,2.5748,46.919,86.7303
1742299230.059,2.144,2.018,-1.3871,-1.2405,-3.3649,2.6126,46.9781,86.8429
1742299230.138,2.142,2.011,-1.393,-1.2408,-3.3588,2.5884,47.0351,87.0026
1742299230.218,2.142,2.011,-1.3992,-1.2408,-3.3526,2.5973,47.0777,87.0664
1742299230.297,2.142,2.002,-1.4058,-1.241,-3.3465,2.7407,47.1639,87.0804
1742299230.377,2.141,1.992,-1.4122,-1.2409,-3.3414,3.0136,46.9376,87.0658
1742299230.457,2.143,1.98,-1.4206,-1.241,-3.3378,4.6766,47.1423,86.6608
1742299230.656,2.158,1.958,-1.4341,-1.2409,-3.3269,5.2166,46.4735,86.7183
1742299230.735,2.156,1.948,-1.4401,-1.241,-3.3209,5.2665,46.4174,86.7271
1742299230.815,2.156,1.948,-1.4461,-1.2411,-3.3144,5.187,46.3982,86.7803
1742299230.895,2.157,1.939,-1.4526,-1.2413,-3.308,5.1683,46.3833,86.809
1742299230.974,2.153,1.927,-1.4586,-1.2415,-3.3024,5.2512,46.3187,86.8406
1742299231.054,2.155,1.917,-1.4646,-1.2415,-3.2966,5.3261,46.2263,86.9238
1742299231.134,2.154,1.906,-1.4703,-1.2414,-3.2911,5.4202,46.0397,86.8985
1742299231.213,2.154,1.906,-1.476,-1.2416,-3.2855,5.4719,45.8974,86.8464
1742299231.412,2.152,1.886,-1.4914,-1.2423,-3.2696,5.4085,45.7442,86.9024
1742299231.492,2.152,1.876,-1.4977,-1.2422,-3.2634,5.4902,45.6396,86.8891
1742299231.572,2.151,1.864,-1.5043,-1.2425,-3.2568,5.527,45.5024,86.9186
1742299233.583,2.146,1.711,-1.5897,-1.2452,-3.16,5.0216,42.6776,87.8911
1742299233.662,2.145,1.711,-1.5895,-1.2451,-3.1601,4.9514,42.6392,88.0017
1742299233.742,2.145,1.712,-1.589,-1.2452,-3.1612,5.0552,42.6121,87.8957
1742299233.822,2.147,1.712,-1.5872,-1.2452,-3.1627,4.9368,42.6448,88.0088
1742299233.901,2.147,1.714,-1.5845,-1.245,-3.1656,4.863,42.6917,88.1527
1742299233.981,2.144,1.715,-1.5804,-1.245,-3.1708,4.9689,42.7488,88.0187
1742299234.061,2.146,1.719,-1.5745,-1.2448,-3.1777,4.9358,42.826,88.0535
1742299234.14,2.146,1.73,-1.5674,-1.2448,-3.1865,5.0224,42.8348,87.9566
1742299234.22,2.145,1.73,-1.5594,-1.2443,-3.1959,5.0061,42.9851,87.9418
1742299234.299,2.145,1.741,-1.5515,-1.2444,-3.2053,5.0029,43.0953,87.9317
1742299234.379,2.144,1.753,-1.5447,-1.2441,-3.2147,5.4356,43.2478,87.3264
1742299234.459,2.144,1.77,-1.5387,-1.2438,-3.2222,5.5129,43.4322,87.219
1742299234.538,2.144,1.785,-1.5337,-1.2432,-3.2288,5.6695,43.4657,87.1768
1742299234.619,2.142,1.785,-1.5302,-1.2432,-3.2331,5.7283,43.4914,87.075
1742299234.698,2.142,1.794,-1.5291,-1.2431,-3.2342,5.6838,43.5321,87.0532
1742299234.777,2.142,1.805,-1.5291,-1.243,-3.2342,5.6645,43.522,87.1033
1742299234.857,2.142,1.809,-1.5291,-1.243,-3.2341,5.6509,43.5647,87.1295
1742299234.936,2.142,1.809,-1.529,-1.2431,-3.2341,5.669,43.5702,87.1299
1742299235.016,2.142,1.809,-1.5291,-1.243,-3.2341,5.6648,43.5414,87.1203
1742299235.096,2.142,1.806,-1.5291,-1.243,-3.2341,5.659,43.543,87.1247
1742299235.175,2.142,1.807,-1.529,-1.243,-3.2341,5.6654,43.5442,87.1127
1742299235.255,2.141,1.809,-1.5292,-1.243,-3.2338,5.6671,43.5356,87.1117
1742299235.335,2.142,1.807,-1.5316,-1.2431,-3.2313,5.6975,43.414,87.1771
1742299235.415,2.142,1.807,-1.5377,-1.243,-3.2231,5.4516,43.1563,87.2865
1742299235.494,2.141,1.807,-1.5481,-1.2435,-3.2105,5.1236,42.7117,87.7274
1742299235.574,2.142,1.797,-1.5588,-1.244,-3.1967,4.7362,42.2255,88.3187
1742299235.653,2.144,1.779,-1.5691,-1.2441,-3.1856,4.9894,41.8506,87.979
1742299235.733,2.145,1.758,-1.5777,-1.2445,-3.1754,4.8449,41.5065,88.1065
1742299235.812,2.145,1.758,-1.5846,-1.2445,-3.1659,4.6165,41.2463,88.4594
1742299235.892,2.145,1.739,-1.5915,-1.2448,-3.1579,4.688,41.0288,88.273
1742299235.972,2.147,1.726,-1.5989,-1.2451,-3.1492,4.3313,41.5209,88.6569
1742299236.051,2.148,1.712,-1.6074,-1.2454,-3.1415,4.4233,43.0736,88.2999
1742299236.131,2.147,1.697,-1.6165,-1.2458,-3.133,4.6473,43.617,87.8871
1742299236.211,2.147,1.697,-1.6248,-1.2463,-3.1233,4.5475,43.445,87.9731
1742299236.29,2.143,1.681,-1.6328,-1.2466,-3.1136,4.4323,43.2946,88.1253
1742299236.37,2.141,1.666,-1.6383,-1.2483,-3.1008,2.5107,43.3501,89.1758
1742299236.45,2.142,1.65,-1.6447,-1.2484,-3.0894,1.7334,43.4221,89.5401
1742299236.529,2.148,1.633,-1.6535,-1.2487,-3.0808,1.9066,42.9393,89.3867
1742299236.609,2.148,1.633,-1.6605,-1.249,-3.0728,1.9298,42.7858,89.397
1742299236.688,2.147,1.616,-1.6663,-1.2489,-3.0652,1.7257,42.7453,89.4361
1742299236.768,2.147,1.604,-1.673,-1.2494,-3.0577,1.7708,42.6228,89.3585
1742299236.848,2.149,1.589,-1.6802,-1.2496,-3.0495,1.7598,42.5682,89.3229
1742299236.928,2.15,1.578,-1.688,-1.2496,-3.0403,1.7591,42.4878,89.3401
1742299237.007,2.15,1.578,-1.6956,-1.2497,-3.0316,1.8181,42.5254,89.281
1742299237.087,2.15,1.564,-1.7031,-1.2499,-3.0231,1.9094,42.4363,89.1964
1742299237.167,2.149,1.547,-1.7106,-1.2503,-3.0142,1.8779,42.3511,89.2213
1742299237.246,2.148,1.535,-1.7179,-1.2505,-3.005,1.7349,42.2714,89.3703
1742299237.445,2.151,1.505,-1.7384,-1.2507,-2.985,1.6543,44.5696,89.2481
1742299237.525,2.148,1.488,-1.7454,-1.2507,-2.9774,1.6259,44.7337,89.1987
1742299237.604,2.148,1.488,-1.7524,-1.2509,-2.9702,1.7024,44.7794,89.0828
1742299237.684,2.147,1.474,-1.759,-1.2511,-2.9629,1.7363,44.7725,89.0246
1742299237.764,2.147,1.463,-1.766,-1.2511,-2.9553,1.7036,44.7921,89.0528
1742299237.963,2.146,1.437,-1.7854,-1.2515,-2.9354,1.9052,44.4631,88.9575
1742299238.162,2.147,1.409,-1.803,-1.2516,-2.916,2.0176,44.1655,88.9721
1742299238.242,2.146,1.398,-1.8079,-1.2519,-2.9106,1.9526,44.2451,88.9539
1742299240.372,2.144,1.379,-1.8077,-1.2517,-2.9094,1.8992,44.1796,88.9761
1742299240.452,2.145,1.379,-1.8078,-1.2517,-2.9094,1.9133,44.1722,88.966
1742299240.531,2.146,1.38,-1.8077,-1.2518,-2.9093,1.8774,44.1692,88.9895
1742299240.612,2.146,1.38,-1.8078,-1.2516,-2.9092,1.9206,44.1972,88.9549
1742299240.691,2.145,1.379,-1.8078,-1.2516,-2.9092,1.9278,44.1753,88.9483
1742299240.77,2.144,1.381,-1.8078,-1.2516,-2.9091,1.9238,44.1752,88.9519
1742299240.85,2.144,1.381,-1.8077,-1.2517,-2.9092,1.9193,44.1819,88.9513
1742299240.93,2.144,1.378,-1.8077,-1.2518,-2.9092,1.9155,44.1962,88.9621
1742299241.009,2.144,1.378,-1.8077,-1.2517,-2.9091,1.8737,44.2061,88.9787
1742299241.089,2.145,1.379,-1.8078,-1.2515,-2.9091,1.8665,44.2012,88.9944
1742299241.168,2.144,1.378,-1.8077,-1.2517,-2.9092,1.8391,44.1786,88.9988
1742299241.248,2.144,1.38,-1.8077,-1.2517,-2.909,1.8642,44.184,88.997
1742299241.328,2.144,1.38,-1.8076,-1.2516,-2.9091,1.8645,44.1805,88.9796
1742299241.407,2.144,1.38,-1.8077,-1.2516,-2.9091,1.8735,44.1716,88.9686
1742299241.487,2.144,1.378,-1.8077,-1.2516,-2.9091,1.8859,44.1523,88.9675
1742299241.567,2.144,1.381,-1.8077,-1.2516,-2.9091,1.8711,44.1709,88.9835
1742299241.646,2.145,1.379,-1.8077,-1.2516,-2.909,1.8816,44.1693,88.9832
1742299241.726,2.146,1.381,-1.8077,-1.2516,-2.909,1.8631,44.1544,88.9847
1742299241.806,2.146,1.381,-1.8076,-1.2516,-2.909,1.8514,44.164,88.9988
1742299241.885,2.146,1.38,-1.8077,-1.2516,-2.909,1.8655,44.1976,89.0053
1742299241.965,2.143,1.378,-1.808,-1.2515,-2.9085,1.8088,44.1918,89.0239
1742299242.044,2.145,1.378,-1.8095,-1.2516,-2.9071,1.8708,44.1998,89.0079
1742299242.124,2.146,1.378,-1.8125,-1.2513,-2.9039,1.8703,44.2734,88.9655
1742299242.204,2.146,1.378,-1.8172,-1.2515,-2.8992,1.9533,44.4741,88.9233
1742299242.283,2.146,1.375,-1.819,-1.2513,-2.8956,1.7221,44.0173,88.7685
1742299242.363,2.145,1.368,-1.8196,-1.2511,-2.8945,1.4384,44.0661,88.8084
1742299242.443,2.146,1.363,-1.8196,-1.2511,-2.8942,1.4086,44.0872,88.8491
1742299242.522,2.146,1.36,-1.8203,-1.2509,-2.8934,1.3447,44.1458,88.7223
1742299242.602,2.146,1.36,-1.8226,-1.2504,-2.8918,1.5448,44.4565,87.9003
1742299242.682,2.146,1.362,-1.8292,-1.2497,-2.8864,1.6829,45.0448,87.322
1742299242.881,2.143,1.348,-1.8519,-1.2501,-2.8663,1.8462,46.791,87.0176
1742299242.96,2.143,1.334,-1.8599,-1.2506,-2.8598,1.927,47.5368,86.9993
1742299243.04,2.142,1.319,-1.8684,-1.2514,-2.8523,1.9291,48.0948,87.7503
1742299243.12,2.143,1.31,-1.879,-1.2529,-2.8432,2.0436,48.2877,88.8956
1742299243.199,2.143,1.31,-1.8844,-1.2532,-2.8386,2.129,48.5061,88.8924
1742299243.279,2.141,1.292,-1.8872,-1.253,-2.8362,2.1102,48.7493,88.8711
1742299243.359,2.143,1.282,-1.8886,-1.2531,-2.8349,2.1395,48.8696,88.9066
1742299243.438,2.141,1.277,-1.8887,-1.2531,-2.8349,2.1463,48.8471,88.9162
1742299243.518,2.14,1.276,-1.8887,-1.2531,-2.8347,2.1292,48.812,88.9245
1742299243.598,2.14,1.276,-1.8887,-1.2531,-2.8348,2.1154,48.7937,88.9324
1742299243.677,2.141,1.275,-1.8887,-1.2531,-2.8348,2.1134,48.7933,88.9463
1742299243.757,2.141,1.275,-1.8888,-1.2529,-2.8347,2.1366,48.8168,88.9407
1742299243.837,2.14,1.275,-1.8887,-1.2531,-2.8347,2.0982,48.7979,88.9543
1742299243.916,2.14,1.275,-1.8887,-1.2531,-2.8347,2.061,48.7903,88.9749
1742299243.996,2.14,1.275,-1.8888,-1.253,-2.8347,2.0621,48.7843,88.9771
1742299244.076,2.142,1.275,-1.8887,-1.253,-2.8347,2.0855,48.7687,88.9479
1742299244.155,2.141,1.275,-1.8886,-1.2531,-2.8347,2.0949,48.7766,88.9434
1742299244.235,2.142,1.276,-1.8886,-1.2531,-2.8348,2.0925,48.7885,88.9587
1742299244.315,2.142,1.275,-1.8887,-1.253,-2.8347,2.0997,48.7832,88.9512
1742299244.514,2.142,1.276,-1.8888,-1.253,-2.8347,2.0571,48.7826,88.9772
1742299244.593,2.142,1.276,-1.8887,-1.2531,-2.8347,2.0619,48.7861,88.9845
1742299244.673,2.141,1.276,-1.8886,-1.253,-2.8347,2.0459,48.7735,88.9943
1742299244.872,2.141,1.275,-1.9047,-1.2532,-2.82,2.0419,48.7979,88.9481
1742299244.952,2.141,1.269,-1.9176,-1.253,-2.806,1.4463,49.0991,89.8659
1742299245.031,2.139,1.252,-1.9194,-1.2524,-2.7995,0.1376,48.8446,90.4494
1742299245.112,2.142,1.252,-1.9184,-1.2529,-2.802,0.602,48.9826,90.501
1742299245.19,2.142,1.232,-1.9174,-1.2534,-2.8065,1.6177,49.2566,89.593
1742299245.27,2.141,1.233,-1.9169,-1.2535,-2.8069,1.6321,49.1802,89.5544
1742299245.35,2.139,1.236,-1.9168,-1.2535,-2.8069,1.675,49.2029,89.5323
1742299245.429,2.14,1.237,-1.9168,-1.2535,-2.8069,1.7045,49.2002,89.5093
1742299245.509,2.139,1.237,-1.917,-1.2536,-2.807,1.697,49.2,89.5017
1742299245.589,2.139,1.237,-1.917,-1.2536,-2.8069,1.6811,49.1939,89.4885
1742299245.668,2.14,1.237,-1.9168,-1.2536,-2.8071,1.686,49.1841,89.4834
1742299245.748,2.14,1.237,-1.917,-1.2536,-2.807,1.7241,49.2226,89.4709
1742299245.827,2.14,1.238,-1.9169,-1.2536,-2.8071,1.7241,49.2277,89.4905
1742299245.908,2.14,1.238,-1.9169,-1.2535,-2.807,1.695,49.2033,89.4899
1742299245.987,2.139,1.236,-1.9169,-1.2535,-2.807,1.7179,49.2367,89.492
1742299246.066,2.139,1.237,-1.9168,-1.2536,-2.8071,1.7111,49.2188,89.4985
1742299246.146,2.14,1.237,-1.9163,-1.2538,-2.8083,1.9977,49.2531,89.1973
1742299246.226,2.14,1.237,-1.9148,-1.2537,-2.8103,2.1502,49.185,88.9976
1742299246.544,2.14,1.24,-1.9145,-1.2536,-2.8104,2.141,49.1593,89.0646
1742299248.555,2.142,1.264,-1.8957,-1.2532,-2.8273,2.0236,49.4648,89.0541
1742299248.635,2.145,1.264,-1.8956,-1.2531,-2.8272,2.012,49.4531,89.0509
1742299248.714,2.143,1.265,-1.8956,-1.2532,-2.8273,2.0077,49.4521,89.0551
1742299248.794,2.143,1.265,-1.8957,-1.2531,-2.8272,2.0069,49.4568,89.0592
1742299248.874,2.143,1.264,-1.8957,-1.2532,-2.8272,1.9826,49.4537,89.0722
1742299248.953,2.144,1.264,-1.8957,-1.2531,-2.8272,1.994,49.4767,89.0788
1742299249.033,2.145,1.266,-1.8957,-1.2531,-2.8272,1.9916,49.4788,89.0785
1742299249.113,2.144,1.264,-1.8956,-1.253,-2.8271,1.9664,49.4658,89.0837
1742299249.192,2.144,1.264,-1.8957,-1.2532,-2.8272,1.9765,49.469,89.0814
1742299249.272,2.142,1.266,-1.8956,-1.253,-2.8271,1.9907,49.4409,89.0647
1742299249.352,2.145,1.265,-1.8956,-1.2531,-2.8272,1.9876,49.4298,89.0617
1742299249.431,2.144,1.265,-1.8957,-1.2531,-2.8271,1.9594,49.4275,89.0703
1742299249.511,2.145,1.265,-1.8957,-1.2532,-2.8272,1.9797,49.4517,89.0646
1742299249.59,2.145,1.265,-1.8956,-1.2531,-2.8271,1.9624,49.4583,89.0825
1742299249.67,2.142,1.265,-1.8956,-1.2531,-2.8271,1.9623,49.4506,89.0801
1742299249.75,2.143,1.266,-1.8957,-1.2531,-2.8272,1.979,49.4452,89.069
1742299249.829,2.143,1.265,-1.8956,-1.2531,-2.8271,1.9981,49.4506,89.0675
1742299249.909,2.145,1.265,-1.8955,-1.2531,-2.8272,1.9852,49.4434,89.0702
1742299249.989,2.145,1.264,-1.8956,-1.253,-2.8271,1.9664,49.4454,89.0715
1742299250.068,2.144,1.265,-1.8956,-1.253,-2.8271,2.0035,49.4548,89.0528
1742299250.148,2.145,1.264,-1.8959,-1.2531,-2.8268,2.0009,49.4608,89.042
1742299250.228,2.143,1.264,-1.8976,-1.2531,-2.8253,1.9624,49.4389,89.1034
1742299250.307,2.142,1.264,-1.9017,-1.253,-2.8216,1.8973,49.4167,89.1688
1742299250.387,2.142,1.264,-1.9074,-1.2533,-2.8163,2.0117,49.2464,89.1119
1742299250.467,2.142,1.258,-1.9139,-1.2536,-2.8102,1.9837,49.1209,89.1796
1742299250.546,2.14,1.251,-1.9185,-1.253,-2.8037,1.1047,49.4,90.2807
1742299250.626,2.138,1.241,-1.919,-1.253,-2.8025,0.9495,49.255,90.393
1742299250.706,2.143,1.241,-1.9189,-1.253,-2.8026,0.9648,49.3017,90.3537
1742299250.785,2.143,1.232,-1.9189,-1.2529,-2.8026,0.9567,49.3217,90.3389
1742299250.865,2.143,1.232,-1.919,-1.2529,-2.8025,0.9443,49.3355,90.3616
1742299250.945,2.143,1.233,-1.9189,-1.2521,-2.8001,0.2662,48.8272,90.6665
1742299251.024,2.142,1.233,-1.9198,-1.2504,-2.7957,-0.7136,48.3183,90.3555
1742299251.105,2.142,1.233,-1.9269,-1.2497,-2.7885,-0.88,48.1889,89.3678
1742299251.183,2.142,1.23,-1.9383,-1.2494,-2.7766,-1.6118,48.864,89.8366
1742299251.263,2.145,1.221,-1.9524,-1.2494,-2.765,-0.8401,48.878,89.6197
1742299251.342,2.147,1.201,-1.9707,-1.2532,-2.756,1.7657,48.8116,87.9609
1742299251.422,2.14,1.178,-1.9873,-1.2539,-2.7453,2.7433,48.8296,88.671
1742299251.502,2.14,1.178,-1.9936,-1.2519,-2.7378,2.0462,49.0655,88.9892
1742299251.581,2.131,1.149,-1.9964,-1.2509,-2.7351,2.0958,48.9332,88.8564
1742299251.661,2.128,1.139,-1.9948,-1.2554,-2.7362,2.1172,49.0827,88.7838
1742299251.741,2.13,1.135,-1.9974,-1.2552,-2.7339,2.1115,48.9982,88.786
1742299251.821,2.128,1.131,-2.0016,-1.2552,-2.7299,2.0876,48.9798,88.7756
1742299251.9,2.128,1.131,-2.008,-1.2553,-2.7238,2.0439,48.9838,88.8182
1742299251.98,2.127,1.126,-2.0154,-1.2557,-2.7168,1.9173,49.0025,88.8796
1742299252.059,2.127,1.12,-2.0232,-1.2553,-2.7116,2.7842,48.4097,88.5381
1742299252.139,2.124,1.106,-2.0269,-1.255,-2.7097,3.2381,48.1951,88.6169
1742299252.219,2.118,1.093,-2.0276,-1.2549,-2.7097,3.4388,48.2029,88.454
1742299252.298,2.118,1.093,-2.0292,-1.2544,-2.7093,3.8249,48.1797,88.1605
1742299252.378,2.118,1.092,-2.0349,-1.2541,-2.7068,4.7717,48.0609,87.5432
1742299252.458,2.116,1.091,-2.0445,-1.2538,-2.6995,5.206,47.852,87.2249
1742299252.537,2.115,1.085,-2.0555,-1.2542,-2.6887,5.0669,47.5032,87.2401
1742299252.617,2.112,1.068,-2.0664,-1.2544,-2.6769,4.6712,47.3125,87.5561
1742299252.697,2.112,1.068,-2.0738,-1.2549,-2.669,4.4556,47.0753,87.7924
1742299252.776,2.111,1.048,-2.0753,-1.2552,-2.6661,4.0699,47.1211,88.0597
1742299252.856,2.11,1.03,-2.0754,-1.2552,-2.6672,4.3032,47.1932,87.7803
1742299252.936,2.109,1.025,-2.0754,-1.2553,-2.6673,4.3395,47.2523,87.8499
1742299253.015,2.11,1.025,-2.0754,-1.2554,-2.6672,4.3742,47.3139,87.875
1742299253.095,2.11,1.025,-2.0753,-1.2552,-2.6674,4.4555,47.2887,87.8201
1742299253.174,2.11,1.027,-2.0754,-1.2553,-2.6673,4.4997,47.3121,87.8226
1742299253.254,2.11,1.027,-2.0754,-1.2552,-2.6673,4.4885,47.3312,87.8579
1742299253.453,2.111,1.028,-2.0755,-1.2553,-2.6673,4.4805,47.3048,87.8579
1742299253.533,2.11,1.025,-2.0755,-1.2554,-2.6673,4.4985,47.3134,87.8487
1742299253.612,2.11,1.025,-2.0754,-1.2553,-2.6673,4.5118,47.3376,87.854
1742299253.692,2.11,1.025,-2.0755,-1.2554,-2.6674,4.5134,47.3608,87.8632
1742299253.772,2.109,1.025,-2.0754,-1.2553,-2.6673,4.5232,47.3631,87.8743
1742299253.851,2.109,1.025,-2.0755,-1.2553,-2.6673,4.5418,47.3579,87.8663
1742299253.931,2.11,1.027,-2.0753,-1.2553,-2.6672,4.5352,47.3665,87.8862
1742299254.011,2.11,1.028,-2.0754,-1.2552,-2.6672,4.529,47.3825,87.8858
1742299254.09,2.11,1.028,-2.0753,-1.2552,-2.6672,4.5078,47.2983,87.8413
1742299254.17,2.11,1.025,-2.0754,-1.2553,-2.6673,4.4572,47.2971,87.8636
1742299254.249,2.11,1.027,-2.0754,-1.2553,-2.6672,4.4797,47.3097,87.8606
1742299254.329,2.111,1.025,-2.0755,-1.2553,-2.6673,4.5119,47.3303,87.8472
1742299254.409,2.109,1.028,-2.0753,-1.2552,-2.6672,4.5306,47.3388,87.8422
1742299254.488,2.109,1.028,-2.0754,-1.2553,-2.6673,4.5498,47.3451,87.817
1742299254.568,2.109,1.025,-2.0754,-1.2555,-2.6674,4.5872,47.3265,87.8097
1742299254.648,2.11,1.025,-2.0754,-1.2553,-2.6673,4.5779,47.3399,87.8252
1742299254.847,2.11,1.027,-2.0754,-1.2553,-2.6673,4.5935,47.3478,87.825
1742299254.926,2.11,1.027,-2.0753,-1.2553,-2.6672,4.5276,47.2292,87.8036
1742299255.006,2.109,1.026,-2.0755,-1.2553,-2.6673,4.4707,47.2846,87.846
1742299255.086,2.109,1.026,-2.0755,-1.2553,-2.6673,4.4509,47.3514,87.8723
1742299255.165,2.108,1.025,-2.0753,-1.2553,-2.6672,4.4761,47.3516,87.8889
1742299255.245,2.11,1.025,-2.0753,-1.2552,-2.6672,4.5047,47.351,87.8833
1742299255.325,2.109,1.027,-2.0754,-1.2552,-2.6673,4.4742,47.3464,87.8847
1742299255.404,2.109,1.027,-2.0754,-1.2554,-2.6673,4.4968,47.3475,87.8925
1742299255.484,2.109,1.025,-2.0753,-1.2553,-2.6672,4.5129,47.3501,87.8891
1742299255.564,2.109,1.027,-2.0755,-1.2553,-2.6673,4.5408,47.3509,87.8754
1742299255.643,2.111,1.025,-2.0754,-1.2553,-2.6672,4.5314,47.2639,87.8323
1742299255.723,2.109,1.025,-2.0754,-1.2553,-2.6673,4.5054,47.3103,87.8464
1742299255.803,2.109,1.025,-2.0754,-1.2553,-2.6673,4.4955,47.3386,87.8826
1742299255.882,2.109,1.026,-2.0755,-1.2554,-2.6674,4.5083,47.4041,87.8965
1742299255.962,2.11,1.025,-2.0756,-1.2554,-2.6673,4.4992,47.3122,87.8579
1742299256.042,2.109,1.027,-2.0755,-1.2554,-2.6674,4.493,47.3619,87.8881
1742299256.121,2.11,1.028,-2.0753,-1.2553,-2.6674,4.4941,47.3298,87.9193
1742299256.201,2.109,1.028,-2.0739,-1.2551,-2.6691,4.6267,47.4395,87.8325
1742299256.4,2.11,1.028,-2.0607,-1.2546,-2.6831,4.8453,47.6212,87.5573
1742299256.599,2.112,1.044,-2.0421,-1.2543,-2.7035,5.4066,47.6477,87.118
1742299258.49,2.147,1.238,-1.8839,-1.2531,-2.8346,2.0953,50.7933,88.8631
1742299258.57,2.149,1.266,-1.8825,-1.253,-2.836,2.1251,50.792,88.847
1742299258.65,2.153,0.625,-1.8818,-1.2534,-2.8366,2.0894,50.8475,88.9435
1742299258.729,2.153,0.633,-1.8793,-1.2531,-2.8389,2.1704,50.8781,88.891
1742299258.809,2.154,0.632,-1.8736,-1.2528,-2.844,2.2814,50.9676,88.8883
1742299258.889,2.154,0.632,-1.8675,-1.2516,-2.849,2.0183,50.8158,88.2141
1742299258.968,2.153,0.637,-1.8649,-1.2512,-2.8506,1.7711,50.764,88.1396
1742299259.048,2.154,1.306,-1.8642,-1.2513,-2.8515,1.8869,50.7684,87.9183
1742299259.128,2.157,1.304,-1.8637,-1.2512,-2.8522,1.7121,50.4442,88.0792
1742299259.207,2.156,1.304,-1.8614,-1.2509,-2.8552,1.7411,49.7503,87.779
1742299259.287,2.156,1.304,-1.856,-1.2506,-2.8618,1.7748,49.1809,87.247
1742299259.366,2.152,1.31,-1.8445,-1.2509,-2.8722,1.6245,49.3743,87.2885
1742299259.446,2.15,1.317,-1.8311,-1.2505,-2.8842,1.3983,49.6107,87.7744
1742299259.526,2.151,1.335,-1.8174,-1.2504,-2.8971,1.5246,50.1713,88.0664
1742299259.605,2.155,1.361,-1.8087,-1.2523,-2.9062,1.9257,50.51,89.1245
1742299259.685,2.155,1.361,-1.8003,-1.2516,-2.9137,1.7775,50.2497,89.1713
1742299259.765,2.156,1.377,-1.7956,-1.2512,-2.9174,1.7986,50.188,89.1671
1742299259.844,2.159,1.392,-1.7926,-1.2512,-2.9204,1.828,50.199,89.1478
1742299259.924,2.161,1.399,-1.7886,-1.251,-2.9238,1.7751,50.1604,89.171
1742299260.004,2.163,1.405,-1.7843,-1.2509,-2.9275,1.7491,50.1432,89.1077
1742299260.083,2.163,1.405,-1.7823,-1.251,-2.9293,1.7132,50.1175,89.0915
1742299260.163,2.163,1.412,-1.7824,-1.251,-2.9291,1.656,50.0924,89.1682
1742299260.242,2.163,1.417,-1.7825,-1.2511,-2.9291,1.6817,50.0834,89.1681
1742299260.322,2.163,1.416,-1.7825,-1.251,-2.9289,1.7159,50.0661,89.1538
1742299260.402,2.165,1.415,-1.7825,-1.2511,-2.929,1.7187,50.0791,89.154
1742299260.481,2.165,1.415,-1.7824,-1.2511,-2.9289,1.7101,50.0878,89.163
1742299260.561,2.164,1.417,-1.7825,-1.251,-2.9289,1.6955,50.0961,89.1712
1742299260.641,2.164,1.416,-1.7825,-1.2511,-2.9289,1.7163,50.073,89.1537
1742299260.72,2.163,1.415,-1.7825,-1.251,-2.9289,1.7235,50.0709,89.1598
1742299260.8,2.164,1.415,-1.7824,-1.251,-2.9289,1.745,50.0689,89.1492
1742299260.999,2.164,1.416,-1.7825,-1.251,-2.9288,1.751,50.0779,89.1493
1742299261.079,2.164,1.416,-1.7824,-1.2511,-2.9288,1.7815,50.0835,89.1398
1742299261.159,2.165,1.416,-1.7824,-1.2509,-2.9288,1.7796,50.1127,89.1337
1742299261.238,2.164,1.416,-1.7823,-1.2509,-2.9288,1.7722,49.9106,89.0908
1742299261.318,2.164,1.417,-1.7823,-1.2509,-2.9288,1.7861,49.9046,89.0777
1742299261.397,2.162,1.417,-1.7822,-1.251,-2.9289,1.7677,49.9022,89.079
1742299261.477,2.162,1.416,-1.7823,-1.251,-2.9288,1.7415,49.967,89.1257
1742299261.557,2.163,1.417,-1.7824,-1.2511,-2.9287,1.7119,49.9834,89.1517
1742299261.756,2.163,1.415,-1.7823,-1.2511,-2.9288,1.6944,49.9949,89.1426
1742299261.955,2.162,1.415,-1.7824,-1.251,-2.9289,1.6209,50.0757,89.2074
1742299263.846,2.164,1.525,-1.689,-1.2491,-3.0174,1.4372,47.1168,89.5707
1742299263.926,2.165,1.536,-1.6842,-1.2492,-3.0225,1.4554,47.1777,89.5833
1742299264.006,2.166,1.545,-1.6793,-1.249,-3.0273,1.4566,47.1992,89.6272
1742299264.085,2.166,1.545,-1.6747,-1.2487,-3.0318,1.5186,47.2256,89.6194
1742299264.165,2.165,1.554,-1.6706,-1.2487,-3.0366,1.6573,47.2715,89.5724
1742299264.245,2.167,1.563,-1.6667,-1.2487,-3.0405,1.7233,47.2883,89.5411
1742299264.324,2.166,1.57,-1.6618,-1.2488,-3.0452,1.5822,47.3721,89.6047
1742299264.404,2.168,1.579,-1.6561,-1.2486,-3.0506,1.544,47.3703,89.6687
1742299264.483,2.168,1.579,-1.6511,-1.2484,-3.0557,1.5474,47.4142,89.6944
1742299264.563,2.169,1.586,-1.6462,-1.248,-3.0603,1.4733,47.4383,89.7846
1742299264.643,2.171,1.599,-1.6439,-1.2479,-3.0644,1.946,47.7041,89.5733
1742299264.722,2.17,1.606,-1.6432,-1.2477,-3.0658,2.15,47.8073,89.5042
1742299264.802,2.17,1.614,-1.6431,-1.2475,-3.0663,2.1714,47.8311,89.564
1742299264.882,2.17,1.614,-1.6425,-1.2473,-3.0683,2.6421,47.6915,89.2673
1742299264.961,2.17,1.616,-1.6407,-1.2467,-3.0726,3.567,47.6275,88.5954
1742299265.041,2.169,1.613,-1.6358,-1.2461,-3.0798,4.2609,47.7394,88.1821
1742299265.121,2.168,1.618,-1.6269,-1.2457,-3.0886,4.3658,47.9703,88.0427
1742299265.2,2.167,1.633,-1.6186,-1.2454,-3.0981,4.768,48.0998,87.8443
1742299267.57,2.174,1.701,-1.5854,-1.2443,-3.1329,5.2358,48.8298,87.5936
1742299267.649,2.174,1.702,-1.5854,-1.2442,-3.1327,5.2299,48.8243,87.6018
1742299267.729,2.174,1.701,-1.5855,-1.2442,-3.1328,5.2303,48.8488,87.6182
1742299267.809,2.174,1.702,-1.5853,-1.2442,-3.1329,5.2166,48.8501,87.6245
1742299267.888,2.174,1.702,-1.5855,-1.2443,-3.1328,5.2217,48.853,87.6386
1742299267.968,2.174,1.701,-1.5854,-1.2443,-3.1328,5.2237,48.8433,87.6358
1742299268.048,2.173,1.701,-1.5855,-1.2442,-3.1328,5.2222,48.8431,87.6397
1742299268.127,2.174,1.702,-1.5855,-1.2442,-3.1328,5.202,48.8434,87.6535
1742299268.207,2.176,1.702,-1.5854,-1.2442,-3.1328,5.2092,48.8606,87.6582
1742299268.286,2.176,1.702,-1.5854,-1.2442,-3.1328,5.2096,48.8582,87.6444
1742299268.366,2.174,1.701,-1.5854,-1.2443,-3.1328,5.2099,48.869,87.6472
1742299268.446,2.173,1.701,-1.5855,-1.2443,-3.1329,5.2317,48.8875,87.6426
1742299268.525,2.175,1.702,-1.5855,-1.2443,-3.1328,5.2073,48.8701,87.6493
1742299268.605,2.174,1.701,-1.5854,-1.2443,-3.1328,5.2177,48.8433,87.6345
1742299268.685,2.174,1.701,-1.5854,-1.2442,-3.1327,5.2288,48.807,87.6311
1742299268.764,2.175,1.702,-1.5854,-1.2443,-3.1329,5.2374,48.8099,87.6131
1742299268.844,2.173,1.703,-1.5855,-1.2442,-3.1329,5.2333,48.8121,87.6186
1742299268.924,2.175,1.702,-1.5854,-1.2442,-3.1328,5.2253,48.8216,87.6328
1742299269.003,2.174,1.703,-1.5855,-1.2442,-3.1328,5.2127,48.8361,87.6506
1742299269.083,2.174,1.703,-1.5854,-1.2443,-3.1328,5.1995,48.8325,87.6544
1742299269.162,2.173,1.701,-1.5855,-1.2443,-3.1328,5.1946,48.8396,87.6602
1742299269.242,2.173,1.702,-1.5854,-1.2442,-3.1329,5.2111,48.8201,87.6327
1742299269.322,2.174,1.701,-1.5855,-1.2442,-3.1328,5.2094,48.8241,87.6268
1742299269.401,2.174,1.701,-1.5855,-1.2443,-3.133,5.2111,48.8439,87.6394
1742299269.481,2.174,1.701,-1.5855,-1.2443,-3.1329,5.2054,48.8402,87.6469
1742299269.561,2.174,1.701,-1.5854,-1.2442,-3.1329,5.1771,48.8601,87.6801
1742299269.64,2.174,1.701,-1.5855,-1.2443,-3.1329,5.179,48.8345,87.6748
1742299269.72,2.174,1.701,-1.5855,-1.2442,-3.1327,5.1979,48.8129,87.6632
1742299269.8,2.174,1.702,-1.5855,-1.2442,-3.1329,5.1901,48.8203,87.648
1742299269.879,2.174,1.702,-1.5854,-1.2442,-3.1329,5.1745,48.8078,87.6617
1742299269.959,2.174,1.701,-1.5854,-1.2443,-3.1328,5.1616,48.7971,87.6685
1742299270.038,2.173,1.702,-1.5852,-1.2442,-3.1332,5.2064,48.8183,87.6073
1742299270.118,2.174,1.703,-1.5839,-1.2442,-3.1339,4.9841,48.8319,87.9592
1742299270.198,2.173,1.703,-1.5803,-1.244,-3.1365,4.7441,48.9362,88.2568
1742299270.277,2.173,1.703,-1.5752,-1.2439,-3.1416,4.884,49.1612,87.9412
1742299270.357,2.174,1.703,-1.5675,-1.2443,-3.1471,4.3871,49.3199,88.0834
1742299270.437,2.176,1.711,-1.5547,-1.2461,-3.1507,1.5186,49.3466,89.8188
1742299270.516,2.179,1.724,-1.5486,-1.246,-3.1559,1.7271,49.5575,89.643
1742299270.596,2.163,1.738,-1.5466,-1.2456,-3.1587,1.7622,49.6583,89.6154
1742299270.676,2.163,1.738,-1.5455,-1.2455,-3.1595,1.7273,49.7027,89.6118
1742299270.755,2.164,1.745,-1.5445,-1.2455,-3.1603,1.7318,49.6793,89.6311
1742299270.835,2.165,1.749,-1.5424,-1.2455,-3.1625,1.7664,49.8371,89.5035
1742299270.915,2.164,1.75,-1.5402,-1.2452,-3.165,1.8953,50.1548,89.2881
1742299270.994,2.166,1.754,-1.5385,-1.245,-3.1673,2.0998,50.29,88.9607
1742299271.193,2.165,1.769,-1.5363,-1.2446,-3.1702,2.52,50.4706,88.4801
1742299271.273,2.165,1.769,-1.5359,-1.2445,-3.1713,2.695,50.3592,88.3297
1742299271.353,2.166,1.767,-1.5341,-1.2441,-3.1737,3.0897,50.3909,87.9883
1742299271.432,2.168,1.771,-1.5304,-1.2438,-3.1782,3.5754,50.337,87.5329
1742299271.512,2.179,1.772,-1.5244,-1.2434,-3.1838,3.8302,50.0709,87.3756
1742299271.592,2.187,1.78,-1.514,-1.243,-3.1908,3.0343,49.9253,87.3623
1742299271.671,2.187,1.78,-1.5024,-1.2426,-3.1989,2.248,49.6481,87.5087
1742299271.751,2.185,1.791,-1.4924,-1.2422,-3.2072,2.1112,49.4569,87.5131
1742299271.83,2.168,1.809,-1.4828,-1.2418,-3.2153,1.791,49.3154,87.5373
1742299271.91,2.172,1.826,-1.4751,-1.2415,-3.2225,1.954,49.1903,87.4567
1742299271.99,2.173,1.826,-1.4681,-1.2412,-3.2284,1.7941,48.9443,87.6481
1742299274.12,2.192,1.929,-1.4191,-1.2416,-3.269,1.6163,51.0464,89.7503
1742299274.2,2.192,1.929,-1.4191,-1.2416,-3.2691,1.603,51.0513,89.7667
1742299274.279,2.192,1.929,-1.4189,-1.2417,-3.2691,1.5978,51.0508,89.7723
1742299274.359,2.193,1.93,-1.419,-1.2417,-3.2691,1.6064,51.0557,89.7744
1742299274.439,2.191,1.927,-1.419,-1.2418,-3.2692,1.6206,51.0547,89.7718
1742299274.519,2.192,1.929,-1.4191,-1.2416,-3.2691,1.6186,51.0399,89.766
1742299274.598,2.192,1.928,-1.419,-1.2417,-3.2691,1.5976,51.0511,89.7824
1742299274.678,2.192,1.928,-1.4191,-1.2417,-3.269,1.6099,51.0321,89.7715
1742299274.757,2.192,1.927,-1.4191,-1.2417,-3.269,1.5939,51.0284,89.7746
1742299274.837,2.192,1.929,-1.4189,-1.2417,-3.2692,1.5943,51.0382,89.7697
1742299274.917,2.193,1.929,-1.4189,-1.2417,-3.269,1.6007,51.0478,89.7564
1742299274.996,2.192,1.927,-1.4191,-1.2417,-3.269,1.6104,51.0484,89.7641
1742299275.076,2.192,1.927,-1.4191,-1.2416,-3.2689,1.6072,51.0416,89.7655
1742299275.155,2.191,1.929,-1.4189,-1.2418,-3.269,1.6074,51.0355,89.7563
1742299275.235,2.192,1.929,-1.4191,-1.2417,-3.2691,1.586,51.037,89.7589
1742299275.315,2.192,1.928,-1.4191,-1.2416,-3.269,1.59,51.0407,89.7576
1742299275.394,2.192,1.929,-1.4189,-1.2416,-3.269,1.5858,51.048,89.7584
1742299275.474,2.192,1.929,-1.419,-1.2417,-3.269,1.5843,51.0442,89.7683
1742299275.554,2.192,1.927,-1.4191,-1.2416,-3.2689,1.5786,51.0521,89.7732
1742299275.633,2.193,1.927,-1.4189,-1.2416,-3.2689,1.5873,51.0536,89.7581
1742299275.713,2.193,1.928,-1.419,-1.2416,-3.269,1.5799,51.0626,89.7652
1742299275.793,2.192,1.929,-1.4191,-1.2417,-3.2689,1.5812,51.0496,89.7693
1742299275.872,2.192,1.929,-1.4189,-1.2417,-3.269,1.5948,51.0425,89.7451
1742299275.952,2.192,1.929,-1.419,-1.2416,-3.2689,1.5937,51.0374,89.7455
1742299276.032,2.191,1.928,-1.4189,-1.2416,-3.2689,1.5943,51.0427,89.7501
1742299276.117,2.192,1.928,-1.419,-1.2416,-3.2689,1.6082,51.0507,89.7389
1742299277.286,2.191,1.929,-1.4189,-1.2415,-3.2689,1.6086,51.06,89.7351
1742299277.366,2.191,1.928,-1.4189,-1.2417,-3.269,1.6011,51.0606,89.7466
1742299277.445,2.192,1.928,-1.4189,-1.2416,-3.2689,1.6138,51.0668,89.7372
1742299277.525,2.192,1.927,-1.419,-1.2415,-3.2688,1.6203,51.0664,89.7374
1742299277.605,2.192,1.927,-1.4189,-1.2415,-3.2689,1.5978,51.0669,89.7554
1742299277.684,2.193,1.927,-1.4189,-1.2417,-3.2688,1.593,51.0719,89.7825
1742299277.764,2.193,1.929,-1.419,-1.2417,-3.2689,1.5902,51.0759,89.792
1742299277.844,2.192,1.927,-1.4188,-1.2417,-3.2689,1.5993,51.0786,89.7767
1742299277.923,2.193,1.927,-1.4189,-1.2416,-3.2688,1.5985,51.0787,89.775
1742299278.003,2.191,1.927,-1.4189,-1.2416,-3.2688,1.5955,51.0757,89.7688
1742299278.082,2.193,1.927,-1.4188,-1.2416,-3.2688,1.5951,51.0633,89.7633
1742299278.162,2.193,1.929,-1.4189,-1.2416,-3.2688,1.6017,51.0686,89.7661
1742299278.242,2.193,1.927,-1.4189,-1.2416,-3.2688,1.5897,51.0749,89.7779
1742299278.322,2.192,1.929,-1.4188,-1.2416,-3.2688,1.5947,51.0718,89.7741
1742299278.401,2.192,1.929,-1.4189,-1.2416,-3.2687,1.5892,51.0696,89.7934
1742299278.481,2.192,1.929,-1.419,-1.2415,-3.2687,1.5797,51.0677,89.798
1742299278.56,2.192,1.928,-1.4189,-1.2415,-3.2688,1.5713,51.0725,89.7995
1742299278.64,2.192,1.927,-1.4189,-1.2416,-3.2687,1.5685,51.0709,89.7941
1742299278.719,2.192,1.927,-1.4188,-1.2415,-3.2687,1.5663,51.0807,89.7805
1742299278.799,2.192,1.929,-1.4189,-1.2415,-3.2686,1.5723,51.0783,89.7835
1742299278.879,2.192,1.929,-1.4189,-1.2415,-3.2687,1.5756,51.0784,89.7729
1742299278.958,2.192,1.929,-1.4189,-1.2416,-3.2687,1.5483,51.0753,89.797
1742299279.038,2.192,1.929,-1.4189,-1.2416,-3.2687,1.5308,51.0668,89.8344
1742299279.118,2.192,1.929,-1.4189,-1.2416,-3.2688,1.5574,51.0654,89.8138
1742299279.317,2.191,1.928,-1.4189,-1.2416,-3.2687,1.549,51.0593,89.8025
1742299279.396,2.192,1.927,-1.4189,-1.2415,-3.2687,1.5451,51.06,89.7936
1742299279.476,2.192,1.927,-1.4189,-1.2415,-3.2686,1.5443,51.0633,89.8021
1742299279.556,2.194,1.929,-1.4189,-1.2415,-3.2687,1.564,51.0684,89.7751
1742299279.635,2.193,1.929,-1.4189,-1.2416,-3.2687,1.5694,51.0769,89.7551
1742299279.715,2.191,1.928,-1.4188,-1.2416,-3.2686,1.5709,51.068,89.7567
1742299279.795,2.194,1.929,-1.4189,-1.2415,-3.2686,1.5596,51.0646,89.7585
1742299279.874,2.194,1.929,-1.4188,-1.2416,-3.2687,1.5542,51.0768,89.7787
1742299279.954,2.192,1.929,-1.4189,-1.2415,-3.2686,1.5477,51.0804,89.7913
1742299280.033,2.192,1.929,-1.4187,-1.2415,-3.2687,1.5566,51.0793,89.7865
1742299280.113,2.192,1.928,-1.4189,-1.2416,-3.2687,1.578,51.0961,89.7789
1742299280.193,2.192,1.929,-1.4189,-1.2415,-3.2686,1.5936,51.0807,89.7727
1742299280.272,2.192,1.929,-1.4189,-1.2414,-3.2686,1.5684,51.0855,89.7996
1742299280.352,2.192,1.929,-1.4188,-1.2415,-3.2687,1.556,51.0878,89.8118
1742299280.432,2.192,1.927,-1.4188,-1.2415,-3.2686,1.5818,51.0991,89.7887
1742299280.512,2.191,1.93,-1.4189,-1.2414,-3.2685,1.5824,51.0912,89.7825
1742299280.591,2.193,1.927,-1.4188,-1.2415,-3.2685,1.573,51.1016,89.774
1742299280.671,2.193,1.927,-1.4188,-1.2415,-3.2686,1.5768,51.0953,89.7727
1742299280.75,2.192,1.929,-1.4188,-1.2414,-3.2685,1.5767,51.0954,89.7814
1742299280.83,2.191,1.927,-1.4188,-1.2415,-3.2685,1.5908,51.086,89.7738
1742299280.91,2.191,1.928,-1.4189,-1.2415,-3.2686,1.5868,51.0827,89.7738
1742299280.989,2.191,1.928,-1.4188,-1.2414,-3.2685,1.5843,51.0719,89.7783
1742299281.069,2.191,1.928,-1.4188,-1.2415,-3.2686,1.5687,51.0827,89.7929
1742299281.148,2.193,1.928,-1.4188,-1.2416,-3.2686,1.5532,51.0873,89.804
1742299283.518,2.192,1.927,-1.4186,-1.2415,-3.2684,1.5317,51.0849,89.8008
1742299283.598,2.193,1.928,-1.4187,-1.2414,-3.2683,1.5204,51.0841,89.8225
1742299283.677,2.192,1.928,-1.4188,-1.2414,-3.2683,1.5217,51.0919,89.829
1742299283.757,2.192,1.927,-1.4187,-1.2414,-3.2683,1.5389,51.0862,89.8273
1742299283.836,2.192,1.927,-1.4187,-1.2413,-3.2683,1.5082,51.0924,89.8511
1742299283.916,2.192,1.929,-1.4186,-1.2414,-3.2684,1.5222,51.0949,89.8317
1742299283.996,2.192,1.928,-1.4187,-1.2414,-3.2683,1.5363,51.107,89.832
1742299284.076,2.193,1.928,-1.4187,-1.2414,-3.2683,1.5363,51.1017,89.8233
1742299284.155,2.193,1.928,-1.4186,-1.2415,-3.2684,1.518,51.104,89.835
1742299284.234,2.192,1.929,-1.4187,-1.2413,-3.2683,1.5219,51.1039,89.827
1742299284.314,2.192,1.927,-1.4186,-1.2415,-3.2684,1.5102,51.1055,89.8353
1742299284.394,2.192,1.929,-1.4186,-1.2414,-3.2683,1.5145,51.108,89.8453
1742299284.475,2.193,1.929,-1.4187,-1.2413,-3.2682,1.5167,51.1023,89.8539
1742299284.553,2.193,1.929,-1.4188,-1.2414,-3.2683,1.5312,51.1026,89.8453
1742299284.633,2.193,1.926,-1.4186,-1.2414,-3.2683,1.5206,51.1026,89.8485
1742299284.712,2.192,1.928,-1.4187,-1.2413,-3.2683,1.5219,51.1084,89.842
1742299284.792,2.192,1.928,-1.4187,-1.2413,-3.2682,1.5411,51.0967,89.8287
1742299284.872,2.192,1.928,-1.4187,-1.2414,-3.2683,1.537,51.1022,89.8258
1742299284.951,2.192,1.927,-1.4187,-1.2413,-3.2682,1.5352,51.0977,89.8308
1742299285.031,2.192,1.926,-1.4187,-1.2415,-3.2684,1.5239,51.1083,89.8322
1742299285.111,2.192,1.929,-1.4186,-1.2415,-3.2684,1.508,51.1088,89.8395
1742299285.19,2.191,1.929,-1.4187,-1.2413,-3.2682,1.5047,51.1111,89.8443
1742299285.27,2.191,1.929,-1.4186,-1.2414,-3.2684,1.5179,51.1053,89.834
1742299285.35,2.193,1.929,-1.4187,-1.2414,-3.2682,1.5388,51.1033,89.815
1742299285.429,2.192,1.928,-1.4187,-1.2413,-3.2682,1.5567,51.1089,89.8062
1742299285.509,2.192,1.927,-1.4186,-1.2414,-3.2683,1.5629,51.103,89.7945
1742299285.589,2.193,1.929,-1.4186,-1.2415,-3.2683,1.5428,51.1162,89.8084
1742299285.668,2.193,1.929,-1.4187,-1.2414,-3.2682,1.5439,51.1132,89.8126
1742299285.748,2.193,1.926,-1.4186,-1.2413,-3.2682,1.5506,51.127,89.7999
1742299285.827,2.191,1.927,-1.4187,-1.2414,-3.2683,1.5515,51.1254,89.7902
1742299285.907,2.193,1.928,-1.4187,-1.2414,-3.2682,1.5357,51.1174,89.8087
1742299285.987,2.191,1.926,-1.4187,-1.2413,-3.2681,1.5172,51.1148,89.8218
1742299286.067,2.191,1.926,-1.4187,-1.2413,-3.2682,1.5285,51.1051,89.8141
1742299286.146,2.192,1.927,-1.4187,-1.2413,-3.2682,1.5383,51.106,89.812
1742299286.226,2.191,1.927,-1.4187,-1.2413,-3.2682,1.5435,51.1009,89.8069
1742299286.306,2.193,1.927,-1.4187,-1.2413,-3.2681,1.5515,51.1017,89.7913
1742299286.385,2.192,1.927,-1.4187,-1.2414,-3.2682,1.5702,51.1024,89.7837
1742299286.465,2.192,1.927,-1.4186,-1.2414,-3.2682,1.5651,51.0883,89.7857
1742299286.544,2.192,1.928,-1.4186,-1.2414,-3.2682,1.5484,51.0966,89.804
1742299286.624,2.192,1.927,-1.4186,-1.2414,-3.2682,1.5507,51.1144,89.8157
1742299286.704,2.192,1.928,-1.4186,-1.2413,-3.2681,1.529,51.1159,89.838
1742299286.783,2.192,1.927,-1.4186,-1.2413,-3.2682,1.5232,51.1066,89.8358
1742299286.863,2.192,1.927,-1.4186,-1.2413,-3.2682,1.5399,51.1191,89.8217
1742299286.942,2.192,1.928,-1.4186,-1.2413,-3.2681,1.5391,51.1217,89.8256
1742299287.022,2.192,1.927,-1.4186,-1.2412,-3.2681,1.5429,51.1109,89.8233
1742299287.102,2.192,1.929,-1.4186,-1.2413,-3.2681,1.5235,51.1074,89.8409
1742299287.181,2.192,1.927,-1.4186,-1.2413,-3.268,1.5151,51.1148,89.8611
1742299287.261,2.192,1.927,-1.4187,-1.2413,-3.268,1.5144,51.1015,89.85
1742299287.46,2.192,1.927,-1.4186,-1.2412,-3.268,1.535,51.103,89.832
1742299287.54,2.192,1.929,-1.4186,-1.2413,-3.2681,1.5292,51.1113,89.835
1742299287.619,2.192,1.927,-1.4186,-1.2413,-3.2681,1.5484,51.1204,89.826
1742299287.699,2.192,1.928,-1.4186,-1.2413,-3.268,1.5472,51.1079,89.82
1742299287.778,2.192,1.928,-1.4186,-1.2412,-3.268,1.5537,51.1023,89.82
1742299287.858,2.192,1.928,-1.4186,-1.2413,-3.2681,1.5503,51.1112,89.8059
1742299287.938,2.192,1.928,-1.4186,-1.2413,-3.268,1.5607,51.1001,89.8013
1742299288.017,2.192,1.927,-1.4186,-1.2412,-3.2681,1.5448,51.1083,89.804
1742299288.097,2.192,1.927,-1.4185,-1.2413,-3.2681,1.5499,51.1199,89.8068
1742299288.177,2.192,1.928,-1.4186,-1.2412,-3.268,1.5548,51.1124,89.8051
1742299288.256,2.192,1.928,-1.4185,-1.2413,-3.268,1.5361,51.1107,89.8198
1742299288.336,2.193,1.928,-1.4186,-1.2412,-3.2679,1.5318,51.126,89.8402
1742299288.416,2.192,1.929,-1.4186,-1.2412,-3.2679,1.5371,51.1034,89.8317
1742299288.615,2.192,1.929,-1.4186,-1.2412,-3.268,1.522,51.1076,89.8459
1742299288.814,2.192,1.929,-1.4184,-1.2412,-3.2681,1.5402,51.1282,89.8105
1742299289.013,2.192,1.927,-1.4185,-1.2414,-3.2681,1.5364,51.1228,89.811
1742299289.212,2.192,1.927,-1.4186,-1.2412,-3.268,1.541,51.1126,89.8096
1742299289.292,2.192,1.927,-1.4186,-1.2412,-3.268,1.5339,51.115,89.8277
1742299289.371,2.193,1.927,-1.4185,-1.2413,-3.2679,1.546,51.1122,89.812
1742299289.451,2.193,1.927,-1.4186,-1.2413,-3.268,1.5473,51.1242,89.8138
1742299289.531,2.191,1.929,-1.4185,-1.2412,-3.268,1.5483,51.1278,89.8107
1742299289.61,2.193,1.928,-1.4186,-1.2412,-3.2678,1.547,51.1205,89.8094
1742299289.69,2.192,1.927,-1.4184,-1.2413,-3.2679,1.5555,51.1213,89.7987
1742299289.77,2.193,1.927,-1.4186,-1.2412,-3.2679,1.5382,51.121,89.8269
1742299289.849,2.193,1.927,-1.4185,-1.2413,-3.268,1.5292,51.128,89.8193
1742299289.929,2.193,1.926,-1.4186,-1.2412,-3.2679,1.5006,51.1295,89.8485
1742299290.008,2.192,1.927,-1.4185,-1.2412,-3.2678,1.5037,51.1177,89.8482
1742299290.088,2.192,1.927,-1.4184,-1.2413,-3.268,1.5059,51.1303,89.8471
1742299290.168,2.192,1.927,-1.4185,-1.2413,-3.2679,1.5153,51.1355,89.8553
1742299290.486,2.194,1.929,-1.4185,-1.2412,-3.2678,1.5072,51.1261,89.8504
1742299290.566,2.194,1.929,-1.4185,-1.2412,-3.2678,1.5098,51.1256,89.8506
1742299292.457,2.192,1.928,-1.4185,-1.2412,-3.2677,1.5257,51.1431,89.8502
1742299292.537,2.193,1.93,-1.4184,-1.2411,-3.2677,1.522,51.1444,89.8465
1742299292.617,2.193,1.93,-1.4185,-1.2412,-3.2677,1.5196,51.1444,89.8584
1742299292.696,2.192,1.929,-1.4184,-1.2412,-3.2677,1.5256,51.1361,89.8504
1742299292.776,2.193,1.93,-1.4184,-1.2412,-3.2677,1.5165,51.1394,89.849
1742299292.856,2.193,1.93,-1.4184,-1.2412,-3.2677,1.5256,51.1483,89.8556
1742299292.935,2.193,1.929,-1.4185,-1.2411,-3.2677,1.5274,51.1442,89.8404
1742299293.015,2.192,1.929,-1.4184,-1.2411,-3.2677,1.5277,51.1436,89.8364
1742299293.095,2.192,1.928,-1.4184,-1.2411,-3.2676,1.5206,51.1563,89.8436
1742299293.174,2.193,1.927,-1.4184,-1.2411,-3.2677,1.5152,51.15,89.8535
1742299293.254,2.193,1.927,-1.4184,-1.2412,-3.2677,1.5085,51.1569,89.8647
1742299293.333,2.193,1.929,-1.4184,-1.2411,-3.2678,1.4871,51.1569,89.8921
1742299293.413,2.192,1.928,-1.4184,-1.2412,-3.2677,1.4781,51.1515,89.8949
1742299293.493,2.192,1.927,-1.4184,-1.2411,-3.2677,1.4898,51.1492,89.8777
1742299293.572,2.192,1.929,-1.4185,-1.2411,-3.2677,1.4779,51.1438,89.8808
1742299293.652,2.192,1.929,-1.4184,-1.2412,-3.2678,1.4959,51.1395,89.8648
1742299293.732,2.191,1.928,-1.4184,-1.2411,-3.2677,1.4965,51.131,89.8614
1742299293.811,2.192,1.928,-1.4183,-1.2412,-3.2677,1.5203,51.1199,89.8382
1742299293.891,2.194,1.927,-1.4184,-1.2411,-3.2678,1.5342,51.1234,89.8343
1742299293.971,2.192,1.927,-1.4185,-1.2411,-3.2676,1.5115,51.1332,89.849
1742299294.05,2.192,1.929,-1.4183,-1.2411,-3.2677,1.5335,51.1332,89.823
1742299294.13,2.192,1.927,-1.4184,-1.2411,-3.2677,1.528,51.1353,89.8285
1742299294.209,2.192,1.93,-1.4184,-1.2412,-3.2677,1.5341,51.1344,89.8239
1742299294.289,2.192,1.928,-1.4183,-1.2412,-3.2677,1.5316,51.1437,89.8261
1742299294.369,2.192,1.928,-1.4184,-1.2412,-3.2677,1.5117,51.1511,89.8476
1742299294.448,2.192,1.927,-1.4185,-1.2411,-3.2676,1.5302,51.1514,89.8538
1742299294.528,2.192,1.929,-1.4183,-1.2411,-3.2677,1.5477,51.1656,89.8369
1742299294.608,2.192,1.927,-1.4172,-1.2409,-3.2686,1.6978,51.3769,89.8139
1742299294.687,2.193,1.93,-1.4133,-1.2411,-3.2712,1.9071,52.0113,89.5939
1742299294.767,2.197,1.93,-1.4086,-1.2404,-3.2754,2.3567,52.8182,89.3171
1742299294.847,2.197,1.934,-1.4021,-1.2408,-3.2777,1.587,53.8618,89.9321
1742299294.926,2.204,1.947,-1.3982,-1.2395,-3.2798,2.1765,54.401,89.2836
1742299295.006,2.216,1.956,-1.394,-1.24,-3.2812,1.3571,54.9245,89.7444
1742299295.086,2.221,1.974,-1.3923,-1.24,-3.2835,2.0631,55.2329,89.2797
1742299295.166,2.229,1.974,-1.3917,-1.2399,-3.2842,2.1967,55.3807,89.2174
1742299295.245,2.229,1.981,-1.3896,-1.2404,-3.2843,1.6878,55.5901,89.4186
1742299295.325,2.229,1.985,-1.3891,-1.2403,-3.2844,1.7342,55.7024,89.5425
1742299295.404,2.237,1.991,-1.3891,-1.2403,-3.2844,1.719,55.6806,89.5508
1742299295.484,2.234,1.992,-1.3891,-1.2403,-3.2843,1.7056,55.6879,89.5798
1742299295.564,2.234,1.992,-1.3891,-1.2403,-3.2842,1.7141,55.7018,89.5735
1742299295.643,2.234,1.992,-1.389,-1.2402,-3.2843,1.7106,55.7041,89.5811
1742299295.723,2.237,1.992,-1.389,-1.2403,-3.2841,1.7008,55.7036,89.5902
1742299295.802,2.237,1.992,-1.3874,-1.2402,-3.2842,1.3668,55.5563,89.8089
1742299295.882,2.236,1.991,-1.3807,-1.2399,-3.2845,0.917,54.9062,90.2459
1742299295.962,2.236,1.991,-1.3697,-1.239,-3.2879,2.3618,53.06,89.3463
1742299296.041,2.234,1.992,-1.3578,-1.2373,-3.2912,3.379,50.824,89.7184
1742299296.121,2.23,1.986,-1.3438,-1.2365,-3.2967,2.5046,45.8309,91.1479
1742299296.201,2.24,1.985,-1.3248,-1.2363,-3.3097,2.9282,39.9689,90.7135
1742299296.28,2.207,1.987,-1.3006,-1.2381,-3.3242,0.6932,34.0177,90.3649
1742299296.36,2.207,1.987,-1.2866,-1.2392,-3.3397,1.5723,28.8608,89.9327
1742299296.44,2.252,2.029,-1.2804,-1.2378,-3.3493,1.0057,28.6124,90.2354
1742299296.519,2.306,2.099,-1.2808,-1.2377,-3.3505,0.8356,29.1341,90.3033
1742299296.599,2.323,2.13,-1.2809,-1.2382,-3.3504,0.6398,29.1736,90.4129
1742299296.678,2.317,2.127,-1.2802,-1.2374,-3.35,0.5965,29.1656,90.4266
1742299296.878,2.318,2.127,-1.2805,-1.2378,-3.35,0.4865,29.1299,90.3935
1742299297.077,2.32,2.128,-1.2805,-1.2377,-3.3497,0.349,29.1192,90.4001
1742299297.156,2.32,2.128,-1.2805,-1.2376,-3.3496,0.2874,29.1139,90.4119
1742299297.236,2.317,2.128,-1.2802,-1.2374,-3.3494,0.2978,29.0999,90.3899
1742299297.316,2.321,2.127,-1.2805,-1.2377,-3.3495,0.314,29.089,90.3757
1742299297.395,2.321,2.128,-1.2803,-1.2376,-3.3494,0.2577,29.0933,90.4169
1742299297.475,2.322,2.128,-1.2802,-1.2374,-3.3492,0.2559,29.0844,90.4133
1742299297.555,2.322,2.128,-1.2803,-1.2375,-3.3491,0.2699,29.0825,90.396
1742299297.634,2.32,2.128,-1.2802,-1.2375,-3.3491,0.2116,29.0832,90.4243
1742299297.714,2.318,2.127,-1.2801,-1.2372,-3.3489,0.2726,29.0655,90.3802
1742299297.793,2.322,2.128,-1.2803,-1.2376,-3.3492,0.2495,29.0648,90.3894
1742299297.873,2.322,2.128,-1.28,-1.2371,-3.3488,0.2308,29.059,90.4035
1742299297.953,2.322,2.128,-1.2801,-1.2371,-3.3486,0.1802,29.0583,90.421
1742299298.032,2.318,2.127,-1.2806,-1.2379,-3.3489,0.2143,29.0994,90.4325
1742299298.112,2.319,2.127,-1.28,-1.2373,-3.3488,0.2079,29.1072,90.4361
1742299298.192,2.318,2.127,-1.2801,-1.2372,-3.3487,0.1945,29.0968,90.4419
1742299298.271,2.32,2.128,-1.2801,-1.2371,-3.3486,0.3009,29.0807,90.3439
1742299298.351,2.32,2.128,-1.2802,-1.2373,-3.3487,0.3403,29.0761,90.3002
1742299298.43,2.317,2.128,-1.2802,-1.2375,-3.3488,0.2742,29.0827,90.342
1742299298.51,2.322,2.127,-1.2801,-1.2374,-3.3489,0.2654,29.074,90.3573
1742299298.59,2.318,2.127,-1.2802,-1.2374,-3.3488,0.2651,29.0745,90.3672
1742299298.67,2.321,2.127,-1.2802,-1.2373,-3.3487,0.2275,29.1624,90.4017
1742299298.749,2.321,2.127,-1.2806,-1.237,-3.3488,0.2182,29.6475,90.3796
1742299298.829,2.318,2.127,-1.2809,-1.2373,-3.3491,0.18,29.904,90.3732
1742299298.908,2.312,2.123,-1.2821,-1.2372,-3.3488,0.1724,30.8641,90.3578
1742299298.988,2.309,2.117,-1.2832,-1.2372,-3.3487,0.1805,31.6545,90.2972
1742299299.068,2.296,2.107,-1.2835,-1.2371,-3.3484,0.1811,31.9064,90.3104
1742299299.147,2.296,2.107,-1.2836,-1.2371,-3.3484,0.1593,31.8948,90.3387
1742299299.227,2.292,2.101,-1.2838,-1.2373,-3.3486,0.1907,31.9074,90.3285
1742299299.307,2.289,2.101,-1.2838,-1.2372,-3.3484,0.2167,31.8912,90.3402
1742299299.386,2.291,2.1,-1.2838,-1.2371,-3.3484,0.1657,31.9207,90.3796
1742299299.466,2.292,2.1,-1.284,-1.2369,-3.3484,0.2414,32.391,90.2839
1742299299.546,2.292,2.102,-1.2845,-1.2372,-3.3486,0.3999,32.4779,90.169
1742299299.625,2.288,2.098,-1.2846,-1.2374,-3.3487,0.3846,32.5026,90.1712
1742299299.705,2.287,2.096,-1.2842,-1.2374,-3.3495,0.4104,32.6982,90.1791
1742299299.785,2.288,2.095,-1.2838,-1.2373,-3.352,0.3877,33.4332,90.1927
1742299299.864,2.282,2.095,-1.2819,-1.2369,-3.3583,0.4507,35.2555,90.0579
1742299299.944,2.282,2.094,-1.2774,-1.2372,-3.3699,0.7131,37.7333,89.3982
1742299300.024,2.269,2.091,-1.2751,-1.2357,-3.3816,1.9485,41.0619,88.3187
1742299300.103,2.247,2.091,-1.2702,-1.235,-3.3913,2.7215,40.8434,87.6558
1742299300.183,2.22,2.094,-1.2589,-1.235,-3.4017,2.1065,40.6636,87.6262
1742299300.263,2.224,2.094,-1.2454,-1.2345,-3.4156,1.5504,40.347,87.6157
1742299300.342,2.224,2.109,-1.2341,-1.2348,-3.43,1.7711,40.0969,87.9584
1742299300.422,2.209,2.133,-1.2227,-1.2365,-3.4413,0.8647,39.7136,89.8619
1742299300.501,2.208,2.159,-1.212,-1.2368,-3.4538,0.5671,40.3569,90.0562
1742299300.581,2.209,2.179,-1.2038,-1.2366,-3.4646,0.5496,40.4647,90.0195
1742299300.661,2.208,2.179,-1.1977,-1.2365,-3.4726,0.6168,40.5278,89.9568
1742299300.74,2.208,2.199,-1.1923,-1.2362,-3.4797,0.6391,40.6691,89.9537
1742299300.82,2.206,2.21,-1.1859,-1.2362,-3.4878,0.6909,40.7286,89.7322
1742299300.9,2.206,2.223,-1.1781,-1.2364,-3.4978,0.6608,40.7673,89.7237
1742299301.099,2.204,2.25,-1.1544,-1.2358,-3.5272,0.8092,41.2806,89.5567
1742299301.178,2.203,2.269,-1.1443,-1.2359,-3.5394,0.7653,41.4261,89.4975
1742299301.258,2.203,2.269,-1.135,-1.2358,-3.5505,0.7493,41.5221,89.4577
1742299301.338,2.201,2.291,-1.1266,-1.2355,-3.5611,0.8391,41.5789,89.3825
1742299301.417,2.201,2.305,-1.1195,-1.2352,-3.5706,1.014,41.6768,89.3722
1742299301.497,2.2,2.324,-1.1112,-1.2354,-3.5798,0.8262,41.7305,89.4803
1742299301.576,2.198,2.341,-1.1025,-1.2351,-3.5897,0.8035,41.8706,89.5579
1742299301.656,2.198,2.341,-1.0942,-1.2355,-3.5996,0.7521,42.0607,89.5848
1742299301.736,2.198,2.354,-1.085,-1.2356,-3.6099,0.6011,42.279,89.6932
1742299301.816,2.196,2.372,-1.0763,-1.2352,-3.6205,0.6069,42.4789,89.7131
1742299301.895,2.197,2.383,-1.0677,-1.2352,-3.6305,0.5411,42.5552,89.7696
1742299301.975,2.196,2.401,-1.0596,-1.235,-3.6403,0.6267,42.6342,89.6992
1742299302.054,2.196,2.401,-1.051,-1.2352,-3.6501,0.6568,42.7195,89.6527
1742299302.253,2.195,2.435,-1.0293,-1.2349,-3.6759,0.8247,43.0321,89.6095
1742299302.333,2.195,2.449,-1.02,-1.2348,-3.6865,0.8475,43.2147,89.604
1742299302.413,2.192,2.466,-1.0109,-1.2344,-3.6968,0.8465,43.3607,89.5785
1742299302.612,2.189,2.5,-0.9882,-1.2342,-3.7225,0.8644,43.5928,89.5468
1742299302.692,2.193,2.524,-0.9803,-1.2345,-3.7323,1.1313,43.6654,89.4704
1742299302.771,2.192,2.534,-0.9714,-1.2345,-3.7416,0.9163,43.7626,89.6026
1742299302.851,2.192,2.534,-0.9624,-1.2342,-3.7516,0.9215,43.9173,89.6343
1742299302.93,2.192,2.55,-0.9528,-1.2343,-3.7615,0.7602,44.1048,89.74
1742299303.01,2.191,2.567,-0.9435,-1.2341,-3.7716,0.6744,44.2644,89.7604
1742299303.09,2.194,2.589,-0.9344,-1.2341,-3.7813,0.5805,44.4531,89.8902
1742299303.169,2.195,2.6,-0.9258,-1.2338,-3.7909,0.6208,44.5025,89.8958
1742299303.249,2.195,2.6,-0.9173,-1.2338,-3.8005,0.6864,44.5786,89.8005
1742299303.329,2.196,2.615,-0.9089,-1.2337,-3.8099,0.7204,44.6196,89.7794
1742299303.408,2.198,2.631,-0.9002,-1.2336,-3.8194,0.7498,44.6934,89.8137
1742299303.488,2.197,2.646,-0.8908,-1.2337,-3.83,0.8561,44.8287,89.7684
1742299303.567,2.196,2.666,-0.8812,-1.2333,-3.8403,0.8453,44.9448,89.7613
1742299303.647,2.196,2.666,-0.8711,-1.2333,-3.8505,0.7797,45.0744,89.7837
1742299303.727,2.198,2.68,-0.8613,-1.2333,-3.8607,0.6919,45.2008,89.8117
1742299303.806,2.199,2.704,-0.8517,-1.233,-3.8707,0.6456,45.2866,89.8569
1742299303.886,2.201,2.723,-0.8429,-1.2328,-3.8801,0.7207,45.3236,89.8134
1742299303.966,2.201,2.732,-0.8345,-1.2328,-3.8892,0.8037,45.4089,89.8388
1742299304.045,2.201,2.732,-0.8253,-1.2326,-3.8987,0.7643,45.4137,89.8445
1742299304.125,2.203,2.748,-0.8165,-1.2324,-3.9081,0.7913,45.5407,89.9005
1742299304.205,2.203,2.77,-0.807,-1.2323,-3.9178,0.7399,45.7262,89.9654
1742299304.284,2.203,2.787,-0.7975,-1.2322,-3.9274,0.6047,45.8687,90.117
1742299304.364,2.205,2.804,-0.7882,-1.2321,-3.9369,0.5572,45.9913,90.2011
1742299304.444,2.205,2.804,-0.7795,-1.2317,-3.9461,0.6582,46.0173,90.1559
1742299304.523,2.207,2.816,-0.7706,-1.2316,-3.9555,0.7331,46.0214,90.1196
1742299304.603,2.207,2.832,-0.7615,-1.2314,-3.9647,0.6359,46.1339,90.1681
1742299304.682,2.208,2.847,-0.7525,-1.2314,-3.9744,0.7749,46.2028,90.1674
1742299304.762,2.208,2.847,-0.7428,-1.2309,-3.9846,0.8362,46.3477,90.0808
1742299304.842,2.208,2.865,-0.7325,-1.2309,-3.9946,0.721,46.5702,90.197
1742299304.921,2.209,2.887,-0.7238,-1.2304,-4.0037,0.8526,46.6,90.03
1742299305.001,2.211,2.899,-0.7194,-1.2304,-4.0075,0.6826,46.6181,90.1116
1742299305.081,2.212,2.914,-0.72,-1.2306,-4.0074,0.7939,46.6708,90.0594
1742299305.16,2.213,2.914,-0.7205,-1.2307,-4.0067,0.7553,46.6206,90.104
1742299305.24,2.213,2.92,-0.7205,-1.2306,-4.0068,0.7889,46.6247,90.0742
1742299305.32,2.212,2.921,-0.7207,-1.2306,-4.0067,0.7986,46.6336,90.0721
1742299305.399,2.213,2.918,-0.7206,-1.2306,-4.0069,0.8032,46.626,90.0546
1742299305.479,2.213,2.925,-0.7205,-1.2307,-4.0069,0.8203,46.6337,90.0369
1742299305.559,2.213,2.925,-0.7206,-1.2307,-4.0069,0.8271,46.6328,90.0397
1742299305.638,2.213,2.924,-0.7207,-1.2306,-4.007,0.8322,46.6364,90.0481
1742299305.718,2.213,2.918,-0.7203,-1.2308,-4.0074,0.8333,46.6961,90.0417
1742299305.797,2.212,2.917,-0.716,-1.2307,-4.0113,0.7365,46.7075,90.1158
1742299305.877,2.212,2.918,-0.7063,-1.2306,-4.0213,0.8038,46.8207,90.0413
1742299305.957,2.212,2.918,-0.6932,-1.23,-4.0348,1.0181,46.8944,89.8924
1742299306.036,2.212,2.931,-0.6775,-1.2293,-4.0505,1.0487,46.9608,89.8058
1742299306.116,2.215,2.955,-0.6621,-1.2294,-4.0656,0.8778,47.1872,89.9297
1742299306.196,2.217,2.977,-0.6484,-1.2292,-4.0784,0.7491,47.3951,90.042
1742299306.275,2.219,3.007,-0.6374,-1.2291,-4.0889,0.6496,47.5138,90.2161
1742299306.355,2.223,3.007,-0.6282,-1.2292,-4.0983,0.7393,47.6324,90.1189
1742299306.435,2.223,3.032,-0.6194,-1.2285,-4.1072,0.8227,47.7269,90.0415
1742299306.514,2.224,3.045,-0.6091,-1.2279,-4.1169,0.8358,47.7809,90.0438
1742299306.594,2.226,3.067,-0.598,-1.2275,-4.1283,1.0614,47.863,89.8971
1742299306.673,2.227,3.079,-0.5855,-1.2277,-4.1401,1.0006,48.0384,90.0093
1742299306.754,2.227,3.079,-0.5722,-1.2274,-4.1529,1.0412,48.1911,89.8881
1742299306.833,2.229,3.106,-0.559,-1.227,-4.1652,0.9259,48.3299,89.914
1742299307.032,2.234,3.157,-0.53,-1.2265,-4.1926,1.0139,48.4003,89.8075
1742299307.112,2.233,3.177,-0.5236,-1.2263,-4.1982,0.8518,48.3956,89.9362
1742299307.191,2.222,3.198,-0.5239,-1.2261,-4.198,0.9213,48.4069,89.9303
1742299307.271,2.224,3.202,-0.5246,-1.2264,-4.1975,0.885,48.3067,89.9659
1742299307.351,2.224,3.202,-0.5248,-1.2264,-4.1974,0.8807,48.3341,89.9883
1742299307.43,2.23,3.201,-0.5248,-1.2264,-4.1973,0.866,48.3169,90.012
1742299307.51,2.232,3.198,-0.5247,-1.2264,-4.1975,0.8845,48.3158,89.9855
1742299307.589,2.225,3.198,-0.5246,-1.2264,-4.1975,0.8718,48.3091,89.9961
1742299307.789,2.231,3.203,-0.5248,-1.2265,-4.1975,0.8732,48.3043,90.0264
1742299307.868,2.224,3.198,-0.5247,-1.2264,-4.1976,0.8718,48.2949,90.0234
1742299309.999,2.229,3.202,-0.5276,-1.2271,-4.1957,0.9034,48.3443,90.0175
1742299310.078,2.227,3.2,-0.5285,-1.2264,-4.195,0.9299,48.2473,90.044
1742299310.158,2.229,3.195,-0.5288,-1.2269,-4.1948,0.9933,48.3042,90.0015
1742299310.238,2.229,3.195,-0.53,-1.2259,-4.1936,1.011,48.4893,90.3355
1742299310.317,2.227,3.197,-0.5289,-1.2264,-4.1936,0.8403,48.8746,90.5572
1742299310.397,2.226,3.19,-0.5278,-1.2262,-4.1958,0.8697,48.1949,90.417
1742299310.476,2.232,3.201,-0.5281,-1.2259,-4.1964,1.0043,47.8057,90.3459
1742299310.556,2.229,3.201,-0.5279,-1.2263,-4.1976,1.0858,47.3201,90.347
1742299310.636,2.229,3.196,-0.5282,-1.2253,-4.2,1.6144,46.724,89.895
1742299310.715,2.231,3.188,-0.528,-1.2253,-4.2022,2.4748,46.6674,89.0684
1742299310.795,2.229,3.19,-0.526,-1.224,-4.2046,3.7188,45.0883,87.7514
1742299310.875,2.24,3.197,-0.5204,-1.223,-4.2045,2.1326,45.0978,88.2432
1742299310.955,2.248,3.197,-0.5148,-1.2228,-4.2041,0.2776,45.5574,89.5197
1742299311.034,2.248,3.197,-0.5127,-1.2225,-4.2082,1.7008,45.2148,88.6561
1742299311.114,2.235,3.2,-0.5099,-1.2219,-4.2125,1.7849,45.9669,88.5731
1742299311.193,2.235,3.207,-0.5063,-1.2204,-4.2164,1.2537,46.2987,89.0982
1742299311.273,2.235,3.21,-0.5043,-1.218,-4.222,2.4584,46.2487,88.6539
1742299311.353,2.236,3.21,-0.5016,-1.2143,-4.2276,3.0527,46.4317,88.2925
1742299311.432,2.236,3.218,-0.4962,-1.2093,-4.2315,1.4256,46.1645,89.2388
1742299311.512,2.249,3.228,-0.4911,-1.2049,-4.2361,0.8553,45.5158,89.5403
1742299311.591,2.233,3.231,-0.4854,-1.2025,-4.2417,0.412,45.2566,89.8534
1742299311.671,2.23,3.243,-0.4798,-1.2011,-4.2484,0.2893,45.4054,90.0594
1742299311.751,2.23,3.243,-0.4751,-1.2016,-4.2558,0.3844,45.6069,90.378
1742299311.83,2.23,3.251,-0.4696,-1.2011,-4.2642,0.7201,45.8649,90.4366
1742299311.91,2.231,3.259,-0.4626,-1.2009,-4.2743,1.1694,46.0263,90.0719
1742299311.99,2.226,3.27,-0.455,-1.1992,-4.2853,1.7619,46.0796,89.5924
1742299312.069,2.224,3.285,-0.4457,-1.1955,-4.2961,1.5974,45.7288,89.4235
1742299312.149,2.214,3.285,-0.4345,-1.1913,-4.3069,0.6214,45.5591,89.9083
1742299312.229,2.214,3.306,-0.4242,-1.1875,-4.3191,0.9031,45.3212,89.9558
1742299312.308,2.224,3.325,-0.4115,-1.1843,-4.332,0.6466,44.9265,90.2169
1742299312.388,2.225,3.341,-0.3961,-1.1817,-4.3442,-0.8225,43.9571,91.2261
1742299312.468,2.227,3.369,-0.3826,-1.1791,-4.3566,-1.542,43.2926,92.0479
1742299312.547,2.227,3.369,-0.3709,-1.1767,-4.3715,-0.933,43.1202,91.7636
1742299312.627,2.231,3.385,-0.3591,-1.1746,-4.3879,0.0065,43.7282,91.2055
1742299312.707,2.232,3.408,-0.3455,-1.1721,-4.4041,0.1472,43.651,91.2593
1742299312.786,2.23,3.435,-0.3322,-1.1697,-4.4217,0.4749,43.6516,90.9496
1742299312.866,2.228,3.461,-0.3194,-1.1667,-4.4416,1.5638,43.8529,89.9536
1742299312.945,2.228,3.461,-0.3058,-1.165,-4.4611,1.9688,43.866,89.6752
1742299313.025,2.225,3.489,-0.2903,-1.164,-4.4798,1.6128,43.5105,90.0073
1742299313.105,2.22,3.518,-0.2734,-1.1629,-4.4994,1.9791,42.9728,89.5211
1742299313.184,2.212,3.55,-0.2566,-1.1633,-4.5155,1.9671,42.317,89.7949
1742299313.264,2.218,3.581,-0.2379,-1.1645,-4.5279,0.7759,41.1424,91.4146
1742299313.344,2.218,3.581,-0.2189,-1.1648,-4.5399,-0.3151,40.1619,92.2521
1742299313.423,2.227,3.61,-0.2029,-1.1661,-4.552,-0.3313,39.7971,92.702
1742299313.503,2.233,3.642,-0.1891,-1.1671,-4.566,1.2071,40.1818,91.9377
1742299313.583,2.244,3.67,-0.1748,-1.1675,-4.5797,1.9122,40.6024,91.3987
1742299313.662,2.244,3.692,-0.1596,-1.1672,-4.5943,2.1345,41.0619,91.0588
1742299313.742,2.244,3.692,-0.1428,-1.167,-4.6095,1.8328,41.1809,91.0216
1742299313.821,2.244,3.718,-0.1253,-1.1683,-4.6245,0.9851,42.3296,91.5712
1742299313.901,2.248,3.743,-0.1075,-1.1701,-4.6405,1.3073,43.4408,91.383
1742299313.981,2.248,3.774,-0.0886,-1.1723,-4.6551,1.2045,44.4915,91.4749
1742299314.06,2.25,3.801,-0.0704,-1.1743,-4.6687,1.1032,45.4526,91.9468
1742299314.14,2.25,3.801,-0.0529,-1.1758,-4.6831,1.2098,46.719,91.8787
1742299314.22,2.257,3.835,-0.0369,-1.1761,-4.6962,1.037,48.0069,91.9469
1742299314.299,2.263,3.861,-0.0221,-1.1757,-4.7067,0.7553,48.6374,92.1356
1742299314.379,2.271,3.898,-0.0081,-1.1751,-4.7143,0.764,48.8938,92.1239
1742299314.458,2.281,3.924,0.0051,-1.176,-4.7186,1.2795,48.8726,91.9389
1742299314.538,2.281,3.924,0.0179,-1.1778,-4.7206,1.787,48.3506,91.7865
1742299314.618,2.288,3.944,0.0294,-1.1796,-4.7214,2.5093,48.3539,91.946
1742299314.697,2.296,3.955,0.0418,-1.1812,-4.7218,3.4214,48.1692,91.0559
1742299314.777,2.306,3.967,0.0546,-1.1832,-4.7182,2.8484,47.5061,91.6564
1742299314.857,2.329,3.971,0.0691,-1.1841,-4.7148,2.8186,46.8325,91.4907
1742299314.936,2.329,3.971,0.0855,-1.184,-4.7112,3.5263,46.0785,90.6064
1742299315.016,2.328,3.975,0.1046,-1.1846,-4.7046,3.6078,46.2381,90.6964
1742299315.096,2.364,3.98,0.126,-1.1855,-4.6934,3.1603,46.0363,91.4055
1742299315.175,2.39,3.994,0.1486,-1.1858,-4.6787,2.4354,45.6875,92.2261
1742299315.255,2.408,3.998,0.1709,-1.1856,-4.6634,2.4182,45.751,92.2272
1742299315.335,2.408,3.998,0.1938,-1.1839,-4.6504,3.6064,45.9362,90.6182
1742299315.414,2.425,4.005,0.2169,-1.1828,-4.6353,3.7454,45.7275,89.9425
1742299315.494,2.475,4.01,0.2374,-1.1831,-4.6173,3.3377,45.7814,90.6758
1742299315.573,2.52,4.015,0.257,-1.1819,-4.6015,3.7222,45.9114,90.3011
1742299315.653,2.547,4.015,0.2757,-1.1795,-4.5855,4.2092,45.6666,89.9447
1742299315.733,2.547,4.015,0.2959,-1.1774,-4.5706,3.5938,44.9958,89.9958
1742299315.812,2.587,4.016,0.3118,-1.1765,-4.5565,4.6977,44.2141,89.3393
1742299315.892,2.605,4.016,0.3262,-1.1772,-4.5437,6.2971,44.0386,88.8343
1742299315.972,2.634,4.014,0.3438,-1.1761,-4.5312,5.7203,43.7969,89.1771
1742299316.051,2.662,4.014,0.3618,-1.1738,-4.5199,6.5899,43.5164,88.0998
1742299316.131,2.662,4.014,0.3813,-1.1718,-4.5056,6.9496,43.6117,87.521
1742299316.211,2.686,4.017,0.4046,-1.1708,-4.4883,5.3611,43.4998,88.1002
1742299316.29,2.721,4.02,0.4292,-1.1722,-4.4694,4.9242,44.0718,87.9647
1742299316.37,2.757,4.023,0.4543,-1.1754,-4.4481,4.2418,43.4612,88.0146
1742299316.449,2.795,4.023,0.4784,-1.1776,-4.4245,1.5802,42.8141,89.9359
1742299316.529,2.795,4.028,0.4969,-1.1774,-4.404,1.8114,42.8506,90.4015
1742299316.609,2.801,4.024,0.5155,-1.1759,-4.3872,1.9649,42.7972,89.8967
1742299316.688,2.838,4.018,0.5311,-1.1747,-4.3712,2.3875,43.4476,90.0351
1742299316.768,2.871,4.016,0.5453,-1.1743,-4.3563,3.4362,43.2962,89.6181
1742299316.848,2.892,4.016,0.5594,-1.1729,-4.3423,4.0626,43.1849,90.0734
1742299316.928,2.892,4.016,0.5745,-1.1705,-4.3292,4.0541,42.3036,89.6728
1742299317.007,2.922,4.015,0.5878,-1.1686,-4.3145,4.4347,40.8695,89.5986
1742299317.087,2.978,4.015,0.6036,-1.1662,-4.2992,3.2551,40.3263,90.2915
1742299317.166,3.003,4.014,0.6186,-1.1638,-4.2854,2.9063,39.7877,90.1835
1742299317.246,3.016,4.014,0.6327,-1.1626,-4.2717,2.5219,40.4481,90.9432
1742299317.326,3.016,4.015,0.6473,-1.1625,-4.26,2.5779,40.8686,90.4922
1742299317.405,3.03,4.015,0.6616,-1.1651,-4.2471,1.8246,41.1988,91.202
1742299317.485,3.048,4.014,0.6744,-1.1677,-4.2359,1.734,41.6372,91.4815
1742299317.564,3.077,4.012,0.6864,-1.1703,-4.2277,2.2856,41.5542,90.9055
1742299317.644,3.088,4.012,0.6979,-1.1742,-4.219,1.463,41.3472,91.6769
1742299317.724,3.088,4.013,0.7074,-1.1789,-4.2129,1.0289,41.1647,92.2624
1742299317.803,3.116,4.015,0.7135,-1.1827,-4.211,2.4631,41.4024,91.2517
1742299317.883,3.131,4.018,0.7182,-1.186,-4.2097,2.9675,41.8287,90.7347
1742299317.963,3.143,4.02,0.7222,-1.1885,-4.2083,2.6017,41.9443,90.8686
1742299318.042,3.158,4.02,0.7236,-1.1874,-4.208,2.6621,41.7333,90.293
1742299318.122,3.158,4.024,0.7218,-1.1887,-4.2076,3.4881,41.6941,89.9282
1742299318.202,3.152,4.023,0.7247,-1.1899,-4.2034,1.3978,40.9425,91.5475
1742299318.281,3.166,4.022,0.7256,-1.1907,-4.2038,1.2279,40.9539,91.0845
1742299318.361,3.148,4.021,0.7258,-1.1912,-4.2038,0.9006,40.9647,90.9683
1742299318.441,3.148,4.021,0.7254,-1.1917,-4.204,0.8896,40.5504,90.811
1742299318.52,3.153,4.023,0.7261,-1.1919,-4.2048,0.9588,40.6571,90.7106
1742299318.6,3.155,4.024,0.7266,-1.1918,-4.206,1.1961,40.8168,90.5444
1742299318.68,3.146,4.024,0.7269,-1.1919,-4.2064,1.1848,40.7656,90.5128
1742299318.759,3.15,4.026,0.7264,-1.1919,-4.2059,1.2138,40.7427,90.4686
1742299318.839,3.15,4.026,0.7264,-1.1919,-4.2061,1.2478,40.8066,90.4044
1742299318.918,3.146,4.026,0.7274,-1.1918,-4.2069,1.1829,40.812,90.4572
1742299318.998,3.148,4.027,0.7282,-1.192,-4.2078,1.2077,40.9035,90.4527
1742299319.078,3.148,4.028,0.7287,-1.1919,-4.2085,1.2863,41.0955,90.3854
1742299319.157,3.153,4.03,0.729,-1.1918,-4.2088,1.4601,41.4864,90.312
1742299319.237,3.153,4.03,0.7297,-1.1919,-4.2089,1.3265,41.6364,90.3988
1742299319.317,3.15,4.03,0.7299,-1.1919,-4.209,1.4062,41.893,90.3461
1742299319.396,3.152,4.029,0.7305,-1.1918,-4.2092,1.3961,42.2024,90.3923
1742299319.476,3.146,4.029,0.7319,-1.1917,-4.2094,1.3507,42.7788,90.4806
1742299319.556,3.145,4.03,0.7339,-1.1917,-4.2105,1.3951,43.2995,90.428
1742299319.635,3.145,4.03,0.7357,-1.1915,-4.2118,1.3877,43.952,90.4362
1742299319.715,3.15,4.031,0.7377,-1.1916,-4.213,1.3847,44.4644,90.4087
1742299319.795,3.147,4.035,0.7395,-1.1917,-4.2144,1.3694,44.8148,90.3916
1742299319.874,3.145,4.038,0.7407,-1.1916,-4.2154,1.3504,44.9199,90.3984
1742299319.954,3.146,4.041,0.7414,-1.1915,-4.2162,1.2231,44.7669,90.4819
1742299320.033,3.146,4.041,0.7422,-1.1917,-4.2168,1.1408,44.5591,90.4781
1742299320.113,3.151,4.045,0.7423,-1.1917,-4.2171,1.1278,44.5251,90.468
1742299320.193,3.145,4.043,0.7425,-1.1918,-4.2176,1.1607,44.3826,90.4638
1742299320.272,3.146,4.045,0.7433,-1.1917,-4.2188,1.1609,43.9912,90.5033
1742299320.352,3.146,4.045,0.7448,-1.1916,-4.2222,1.2061,43.3023,90.5272
1742299320.432,3.146,4.045,0.7472,-1.1916,-4.226,1.2221,42.9522,90.531
1742299320.511,3.148,4.046,0.7496,-1.1912,-4.2288,1.2797,43.1162,90.4996
1742299320.591,3.146,4.054,0.7515,-1.1913,-4.2303,1.3013,43.5679,90.5153
1742299320.671,3.146,4.057,0.7527,-1.1912,-4.231,1.2749,43.963,90.5341
1742299320.75,3.141,4.059,0.7531,-1.1912,-4.2313,1.2909,44.1808,90.4954
1742299320.83,3.141,4.059,0.7532,-1.1913,-4.2314,1.2471,44.1808,90.5183
1742299320.91,3.142,4.063,0.7534,-1.1913,-4.2315,1.2663,44.2506,90.5489
1742299320.989,3.143,4.063,0.7541,-1.1914,-4.2323,1.2861,44.3007,90.5483
1742299321.069,3.147,4.062,0.7552,-1.1912,-4.2332,1.1796,44.2316,90.5802
1742299321.149,3.145,4.064,0.7554,-1.1913,-4.2334,1.1859,44.303,90.5104
1742299321.228,3.145,4.064,0.755,-1.1914,-4.2329,1.1258,44.2247,90.6591
1742299321.308,3.149,4.065,0.7558,-1.1912,-4.2339,1.1664,44.3975,90.7767
1742299321.387,3.145,4.065,0.7579,-1.1912,-4.2349,1.0931,44.9409,90.8065
1742299321.467,3.144,4.066,0.7574,-1.1915,-4.2349,1.1152,44.7101,90.5753
1742299321.547,3.152,4.066,0.7566,-1.1913,-4.2342,1.1762,44.7205,90.4924
1742299321.626,3.152,4.07,0.7567,-1.1915,-4.2341,1.1656,44.6828,90.5062
1742299321.706,3.146,4.068,0.7567,-1.1913,-4.234,1.1665,44.6902,90.5063
1742299321.786,3.149,4.068,0.7566,-1.1914,-4.2342,1.1703,44.7012,90.4996
1742299321.865,3.149,4.069,0.7567,-1.1914,-4.2342,1.1677,44.7129,90.5027
1742299323.996,3.147,3.895,0.6216,-1.1932,-4.0821,1.1338,42.0863,87.9436
1742299324.075,3.148,3.88,0.6059,-1.1955,-4.0649,1.2333,42.1132,89.5963
1742299324.155,3.149,3.858,0.5923,-1.1961,-4.0486,1.1304,42.0723,90.0609
1742299324.235,3.149,3.858,0.5815,-1.1967,-4.0359,1.1169,42.1681,90.2011
1742299324.315,3.154,3.825,0.5726,-1.1975,-4.0259,1.141,42.236,90.2337
1742299324.394,3.154,3.804,0.5651,-1.1977,-4.0176,1.2042,42.1283,90.2139
1742299324.474,3.147,3.783,0.5578,-1.1977,-4.009,1.2298,42.1468,90.2073
1742299324.553,3.149,3.77,0.5508,-1.1962,-4.0007,0.9414,42.5656,91.747
1742299324.633,3.149,3.77,0.5443,-1.1952,-3.9931,1.0149,42.391,92.5539
1742299324.713,3.149,3.752,0.5348,-1.1954,-3.9827,1.0015,42.2677,92.722
1742299324.792,3.154,3.743,0.5222,-1.1956,-3.9677,0.8919,42.3579,92.6851
1742299324.872,3.154,3.726,0.511,-1.1981,-3.9542,0.7321,42.1679,90.5085
1742299324.952,3.153,3.704,0.4962,-1.1997,-3.9402,0.9468,42.1319,90.1929
1742299325.031,3.153,3.704,0.4867,-1.2001,-3.928,1.1987,41.8834,90.1989
1742299325.111,3.154,3.678,0.4792,-1.2001,-3.9192,1.1915,41.8943,90.1435
1742299325.191,3.156,3.654,0.4734,-1.1999,-3.9124,1.2212,41.9549,90.0699
1742299325.27,3.157,3.643,0.4667,-1.2002,-3.9049,1.2982,41.895,90.0437
1742299325.35,3.156,3.628,0.4589,-1.2005,-3.8956,1.2588,41.9353,90.0257
1742299325.43,3.156,3.628,0.4491,-1.2004,-3.8843,1.3243,41.9447,89.9301
1742299325.509,3.15,3.611,0.4385,-1.201,-3.872,1.404,42.01,89.9741
1742299325.589,3.15,3.597,0.4274,-1.2012,-3.8603,1.6557,42.035,89.9592
1742299325.668,3.15,3.575,0.4177,-1.2018,-3.8485,1.5575,42.0386,90.0249
1742299325.748,3.155,3.558,0.4084,-1.2019,-3.8373,1.5189,41.9738,90.0955
1742299325.828,3.155,3.558,0.3999,-1.2021,-3.827,1.3917,41.957,90.1922
1742299325.907,3.156,3.541,0.3915,-1.2026,-3.8174,1.4268,41.8847,90.0847
1742299325.987,3.156,3.518,0.3825,-1.2027,-3.8072,1.3561,41.9656,90.1642
1742299326.067,3.149,3.509,0.3738,-1.2031,-3.7969,1.4198,41.8833,89.9573
1742299326.146,3.148,3.487,0.3645,-1.2031,-3.7859,1.4745,41.8802,89.9354
1742299326.226,3.148,3.487,0.3553,-1.2036,-3.7759,1.6717,41.6026,89.8861
1742299326.306,3.157,3.472,0.3479,-1.2039,-3.7671,1.6843,41.4025,89.9328
1742299326.385,3.15,3.457,0.3419,-1.2041,-3.7596,1.6319,41.3385,89.9279
1742299326.465,3.153,3.438,0.3365,-1.2042,-3.7532,1.5815,41.3079,89.9318
1742299326.545,3.16,3.431,0.3311,-1.2043,-3.7467,1.5936,41.2244,89.9135
1742299326.624,3.16,3.431,0.3254,-1.2046,-3.7401,1.6582,41.1656,89.8562
1742299326.704,3.156,3.415,0.3185,-1.2049,-3.7323,1.5392,41.3129,89.8321
1742299326.783,3.159,3.41,0.3112,-1.2051,-3.725,1.4716,42.456,89.7827
1742299326.863,3.155,3.397,0.3031,-1.2051,-3.7176,1.581,43.4585,89.6785
1742299328.994,3.151,3.206,0.1958,-1.2085,-3.6038,1.5949,42.7086,89.9026
1742299329.073,3.146,3.212,0.2015,-1.2086,-3.6105,1.6137,42.8565,89.9069
1742299329.153,3.145,3.222,0.2077,-1.2076,-3.6173,1.5554,42.6698,89.2477
1742299329.233,3.149,3.222,0.209,-1.2074,-3.6188,1.563,42.7233,89.0152
1742299329.312,3.149,3.228,0.2088,-1.2072,-3.6182,1.4966,42.6794,89.1168
1742299329.392,3.146,3.236,0.2089,-1.2073,-3.6184,1.5146,42.6346,89.0842
1742299329.472,3.151,3.24,0.2107,-1.207,-3.6206,1.517,42.7693,88.7183
1742299329.551,3.145,3.235,0.2176,-1.2061,-3.6288,1.4785,42.8996,87.8666
1742299329.631,3.145,3.235,0.2315,-1.2054,-3.6443,1.3213,43.0827,87.6387
1742299329.711,3.15,3.243,0.2472,-1.2065,-3.6628,1.5101,43.2396,89.5428
1742299329.79,3.142,3.266,0.2667,-1.2052,-3.6834,1.604,42.7228,89.9598
1742299329.87,3.141,3.297,0.2815,-1.2056,-3.702,1.7084,42.6497,89.9603
1742299329.95,3.146,3.335,0.2935,-1.2057,-3.7163,1.6799,42.914,89.9251
1742299330.029,3.146,3.335,0.3025,-1.205,-3.7261,1.6043,42.9557,89.9299
1742299330.109,3.142,3.359,0.3108,-1.2053,-3.7358,1.5855,42.9789,89.9509
1742299330.188,3.144,3.379,0.3197,-1.2049,-3.7461,1.6432,43.0734,89.9292
1742299330.268,3.139,3.388,0.3302,-1.2047,-3.7581,1.6376,43.2181,89.9276
1742299330.348,3.142,3.411,0.3415,-1.2051,-3.7712,1.6607,43.4302,90.0504
1742299330.428,3.142,3.411,0.3538,-1.2044,-3.7848,1.5711,43.6258,90.0664
1742299330.627,3.143,3.45,0.3746,-1.2037,-3.8079,1.458,43.6871,90.0433
1742299330.706,3.146,3.476,0.3746,-1.2037,-3.8079,1.4669,43.6983,90.0728
1742299330.786,3.14,3.484,0.3743,-1.2037,-3.8074,1.4581,43.6806,90.0547
1742299330.866,3.145,3.486,0.3739,-1.2036,-3.8072,1.4626,43.7038,90.0502
1742299330.945,3.14,3.489,0.374,-1.2037,-3.8071,1.4639,43.7156,90.053
1742299331.025,3.14,3.489,0.374,-1.2037,-3.8072,1.4719,43.7045,90.0317
1742299331.105,3.139,3.488,0.3739,-1.2037,-3.8073,1.4676,43.7095,90.0313
1742299331.184,3.145,3.489,0.374,-1.2038,-3.8072,1.4628,43.7072,90.03
1742299331.264,3.146,3.487,0.3741,-1.2037,-3.8073,1.4675,43.7077,90.0269
1742299331.343,3.139,3.482,0.374,-1.2037,-3.8074,1.4556,43.7101,90.0348
1742299331.423,3.139,3.482,0.3738,-1.2038,-3.8072,1.4491,43.7217,90.0579
1742299331.503,3.139,3.483,0.374,-1.2038,-3.8073,1.4379,43.7232,90.0586
1742299331.582,3.139,3.485,0.3739,-1.2038,-3.8072,1.4454,43.7233,90.0668
1742299331.662,3.145,3.489,0.3739,-1.2038,-3.8073,1.4469,43.7247,90.0596
1742299331.742,3.139,3.485,0.3739,-1.2038,-3.8073,1.4579,43.7198,90.0578
1742299331.821,3.139,3.485,0.374,-1.2039,-3.8075,1.448,43.7117,90.0582
1742299331.901,3.139,3.488,0.3739,-1.2038,-3.8074,1.4457,43.712,90.0685
1742299331.981,3.139,3.484,0.3738,-1.2037,-3.8073,1.4548,43.7127,90.0521
1742299332.06,3.139,3.489,0.3739,-1.2038,-3.8075,1.4489,43.7024,90.0487
1742299332.14,3.139,3.482,0.3739,-1.2039,-3.8075,1.448,43.6962,90.0524
1742299332.22,3.139,3.482,0.3741,-1.2038,-3.8075,1.4508,43.6988,90.0512
1742299332.299,3.139,3.488,0.374,-1.2038,-3.8076,1.4626,43.7022,90.0479
1742299332.379,3.139,3.483,0.374,-1.2038,-3.8076,1.4581,43.6934,90.0407
1742299332.459,3.139,3.486,0.3738,-1.2038,-3.8073,1.4566,43.7056,90.0163
1742299332.538,3.146,3.486,0.3718,-1.2039,-3.8052,1.448,43.7121,90.0436
1742299332.618,3.146,3.487,0.3671,-1.2041,-3.7996,1.4309,43.4862,89.9805
1742299332.698,3.144,3.481,0.3596,-1.2045,-3.7913,1.4723,43.3979,90.0092
1742299332.777,3.142,3.474,0.3519,-1.2048,-3.7831,1.5883,43.1335,90.0082
1742299332.857,3.146,3.462,0.3461,-1.2049,-3.7769,1.6876,42.9017,90.0083
1742299332.936,3.139,3.462,0.3443,-1.2048,-3.7748,1.6799,42.8458,90.0299
1742299333.016,3.139,3.452,0.3449,-1.2047,-3.7753,1.6727,42.9005,89.9968
1742299333.096,3.135,3.442,0.345,-1.2047,-3.7754,1.6731,42.8864,90.0029
1742299333.175,3.139,3.439,0.345,-1.2047,-3.7754,1.6526,42.8812,90.0083
1742299333.255,3.138,3.443,0.3449,-1.2047,-3.7754,1.6529,42.8763,90.0059
1742299333.335,3.134,3.443,0.345,-1.2047,-3.7754,1.6487,42.8695,90.0113
1742299333.414,3.134,3.439,0.345,-1.2047,-3.7753,1.6468,42.8692,90.0177
1742299333.494,3.136,3.439,0.3449,-1.2048,-3.7754,1.6438,42.8666,90.0193
1742299333.574,3.131,3.439,0.345,-1.2047,-3.7754,1.6224,42.8533,90.0257
1742299333.653,3.139,3.44,0.3445,-1.2048,-3.7751,1.6182,42.8493,90.0213
1742299333.733,3.132,3.44,0.3431,-1.2048,-3.7732,1.6113,42.7696,90.0092
1742299333.813,3.132,3.443,0.3401,-1.2049,-3.7696,1.6277,42.6327,89.9863
1742299333.892,3.129,3.441,0.3354,-1.2049,-3.7641,1.5704,42.5008,89.9726
1742299333.972,3.134,3.435,0.3293,-1.2049,-3.7571,1.5797,42.2632,89.8917
1742299334.052,3.143,3.425,0.3228,-1.2055,-3.7498,1.6673,42.1028,89.8568
1742299334.131,3.144,3.425,0.3168,-1.2056,-3.7421,1.5409,42.0801,89.9019
1742299334.211,3.144,3.415,0.311,-1.2057,-3.7354,1.5146,41.9577,89.8917
1742299334.29,3.146,3.401,0.3062,-1.2057,-3.7297,1.5464,41.8965,89.852
1742299334.49,3.147,3.382,0.2947,-1.2061,-3.7162,1.5869,41.6001,89.839
1742299334.569,3.153,3.371,0.2899,-1.2064,-3.7107,1.5982,41.5017,89.8511
1742299334.649,3.148,3.365,0.2847,-1.2064,-3.7043,1.6026,41.3682,89.8771
1742299334.729,3.148,3.365,0.2795,-1.2064,-3.6978,1.591,41.2408,89.8945
1742299334.808,3.148,3.357,0.2741,-1.2067,-3.6913,1.6398,41.1077,89.8816
1742299334.888,3.154,3.346,0.2685,-1.2065,-3.6845,1.6248,40.9804,89.9027
1742299334.967,3.156,3.336,0.263,-1.207,-3.6775,1.5157,40.8762,89.9793
1742299335.047,3.149,3.325,0.2581,-1.2071,-3.6706,1.3735,40.7796,90.0228
1742299335.246,3.159,3.301,0.2495,-1.2064,-3.6593,1.2261,40.3784,89.1331
1742299335.326,3.159,3.301,0.2489,-1.206,-3.6588,1.3218,40.4216,88.6299
1742299335.406,3.154,3.3,0.2474,-1.2056,-3.6571,1.33,40.4974,87.9059
1742299335.485,3.155,3.295,0.2423,-1.2053,-3.6511,1.3628,40.573,87.3984
1742299337.616,3.161,3.162,0.1654,-1.2099,-3.5583,1.4916,40.389,89.668
1742299337.696,3.162,3.166,0.1655,-1.2098,-3.5584,1.4799,40.4003,89.6655
1742299337.775,3.16,3.166,0.1654,-1.2098,-3.5586,1.4903,40.4017,89.6422
1742299337.855,3.16,3.161,0.1654,-1.2099,-3.5585,1.4863,40.4011,89.6515
1742299337.935,3.16,3.161,0.1654,-1.21,-3.5586,1.4917,40.3913,89.6437
1742299338.014,3.16,3.167,0.1655,-1.21,-3.5587,1.4838,40.3974,89.6472
1742299338.094,3.161,3.167,0.1655,-1.2099,-3.5586,1.4951,40.4044,89.6477
1742299338.174,3.16,3.167,0.1655,-1.2099,-3.5587,1.505,40.4032,89.6446
1742299338.253,3.163,3.167,0.1655,-1.2099,-3.5587,1.5119,40.4055,89.6319
1742299338.333,3.165,3.167,0.1655,-1.21,-3.5588,1.5101,40.3896,89.6292
1742299338.413,3.165,3.168,0.1655,-1.21,-3.5588,1.505,40.4,89.6319
1742299338.492,3.165,3.163,0.1653,-1.21,-3.5585,1.463,40.4386,89.6535
1742299338.572,3.165,3.166,0.1653,-1.21,-3.5585,1.485,40.4431,89.6555
1742299338.651,3.163,3.167,0.165,-1.2098,-3.5576,1.3369,40.536,89.802
1742299338.731,3.163,3.167,0.1643,-1.2096,-3.5562,1.1936,40.5767,90.0642
1742299338.811,3.163,3.166,0.1636,-1.2093,-3.5552,1.0527,40.5992,90.2684
1742299338.89,3.164,3.165,0.1624,-1.2092,-3.5544,1.1458,40.5999,90.4442
1742299338.97,3.159,3.159,0.1608,-1.2085,-3.5517,0.9687,40.5347,90.9179
1742299339.05,3.164,3.161,0.1541,-1.2076,-3.5447,1.1428,40.456,91.8817
1742299339.129,3.159,3.161,0.1441,-1.2071,-3.5335,1.5084,40.3021,91.9995
1742299339.209,3.159,3.154,0.1331,-1.2072,-3.5197,1.4328,40.2381,92.0464
1742299339.289,3.164,3.134,0.1238,-1.2089,-3.5102,2.0849,39.6916,90.3943
1742299339.368,3.162,3.119,0.1203,-1.2118,-3.5048,1.7631,39.7083,89.517
1742299339.448,3.171,3.097,0.1213,-1.2114,-3.5039,1.1975,40.1066,89.7422
1742299339.528,3.163,3.097,0.1228,-1.2109,-3.5067,1.3984,40.122,89.6633
1742299339.607,3.163,3.091,0.1225,-1.2107,-3.5067,1.4723,40.0247,89.6556
1742299339.687,3.164,3.093,0.1225,-1.2107,-3.5066,1.4737,40.0453,89.6416
1742299339.767,3.164,3.094,0.1229,-1.2108,-3.5069,1.4953,40.034,89.6279
1742299339.846,3.162,3.095,0.123,-1.2108,-3.5068,1.4827,40.0258,89.6492
1742299339.926,3.168,3.095,0.1228,-1.2107,-3.5068,1.5147,40.0306,89.6394
1742299340.005,3.168,3.101,0.123,-1.2108,-3.5069,1.5277,40.0325,89.6387
1742299340.085,3.164,3.094,0.1229,-1.2108,-3.507,1.5402,40.0316,89.6398
1742299340.165,3.163,3.094,0.1229,-1.2107,-3.5071,1.5401,40.0332,89.6357
1742299340.244,3.164,3.102,0.1229,-1.2108,-3.5069,1.5345,40.0303,89.6427
1742299340.324,3.163,3.102,0.1228,-1.2109,-3.5071,1.558,40.0398,89.6328
1742299340.404,3.163,3.095,0.123,-1.211,-3.5071,1.5526,40.0277,89.6425
1742299340.483,3.164,3.094,0.123,-1.2109,-3.5071,1.5557,40.0231,89.6517
1742299340.563,3.163,3.095,0.1228,-1.2109,-3.5071,1.5382,40.0217,89.6547
1742299340.643,3.17,3.101,0.1228,-1.2108,-3.5071,1.5488,40.0323,89.6444
1742299340.722,3.17,3.101,0.123,-1.2109,-3.5073,1.5442,40.0305,89.6518
1742299340.802,3.164,3.094,0.1229,-1.2109,-3.5073,1.5442,40.0306,89.6555
1742299340.882,3.165,3.095,0.1226,-1.2108,-3.5072,1.5316,40.0334,89.6602
1742299340.961,3.168,3.101,0.1229,-1.211,-3.5064,1.3323,40.0441,89.6778
1742299341.041,3.168,3.101,0.1204,-1.211,-3.5033,1.3237,39.8975,89.6321
1742299341.12,3.168,3.101,0.1149,-1.211,-3.4968,1.3521,39.9816,89.5272
1742299341.2,3.164,3.097,0.106,-1.2107,-3.4852,1.2252,40.1208,89.5195
1742299341.28,3.167,3.09,0.1012,-1.209,-3.4794,1.4321,39.5326,87.1719
1742299341.359,3.167,3.073,0.0913,-1.2089,-3.468,1.4862,39.9895,87.0379
1742299341.439,3.166,3.069,0.0797,-1.2096,-3.4541,1.5901,39.7489,87.0871
1742299341.519,3.166,3.069,0.0624,-1.2116,-3.4346,1.9348,40.9394,89.2672
1742299341.598,3.169,3.042,0.0502,-1.2116,-3.4186,1.5094,40.4488,89.332
1742299341.678,3.166,3.007,0.0392,-1.2121,-3.4052,1.6196,40.4152,89.2409
1742299341.758,3.17,2.978,0.0302,-1.2121,-3.3942,1.5965,40.3416,89.3304
1742299341.837,3.165,2.965,0.0231,-1.2118,-3.3855,1.5814,40.2928,89.3875
1742299341.917,3.165,2.965,0.0203,-1.2122,-3.3819,1.5794,40.3109,89.4426
1742299341.997,3.165,2.948,0.0209,-1.2124,-3.3827,1.6071,40.2637,89.3992
1742299342.076,3.168,2.939,0.0216,-1.2124,-3.3839,1.5996,40.2839,89.378
1742299342.156,3.173,2.94,0.022,-1.2125,-3.3843,1.5673,40.2654,89.4035
1742299342.236,3.173,2.941,0.0221,-1.2125,-3.3845,1.5818,40.2601,89.3919
1742299342.315,3.173,2.941,0.0219,-1.2126,-3.3845,1.5857,40.2775,89.4067
1742299342.395,3.166,2.937,0.0222,-1.2125,-3.3847,1.5793,40.2823,89.3945
1742299342.474,3.166,2.943,0.0222,-1.2126,-3.3847,1.5739,40.2696,89.4029
1742299342.554,3.168,2.937,0.022,-1.2125,-3.3846,1.5746,40.2744,89.4009
1742299342.753,3.166,2.941,0.0221,-1.2125,-3.3848,1.5728,40.2822,89.4006
1742299342.833,3.167,2.936,0.0221,-1.2126,-3.3847,1.5713,40.2841,89.4049
1742299342.913,3.167,2.936,0.0221,-1.2126,-3.3848,1.5709,40.2726,89.4112
1742299342.992,3.172,2.943,0.0222,-1.2126,-3.3849,1.5645,40.2688,89.4101
1742299343.072,3.166,2.936,0.022,-1.2125,-3.3847,1.5514,40.2335,89.4174
1742299343.152,3.167,2.94,0.0214,-1.2126,-3.3841,1.5501,40.2024,89.4335
1742299343.231,3.173,2.941,0.0197,-1.2123,-3.3809,1.2518,40.4206,89.6836
1742299343.311,3.173,2.941,0.0185,-1.2121,-3.3784,0.9475,40.6458,90.1382
1742299343.51,3.167,2.934,0.017,-1.2114,-3.3741,0.2402,40.6705,90.8863
1742299343.59,3.166,2.935,0.0082,-1.21,-3.3661,0.9169,40.7112,91.8448
1742299343.669,3.168,2.933,-0.0048,-1.21,-3.3519,1.269,40.2375,92.0254
1742299343.749,3.174,2.913,-0.0207,-1.2107,-3.3341,1.8348,39.9502,91.1195
1742299343.829,3.175,2.913,-0.0322,-1.2125,-3.3172,1.5873,40.2896,89.431
1742299343.908,3.175,2.894,-0.0453,-1.2126,-3.3012,1.8528,39.6569,89.2113
1742299343.988,3.174,2.861,-0.0533,-1.2136,-3.2916,1.7815,39.7848,89.225
1742299344.067,3.169,2.841,-0.0585,-1.2136,-3.2855,1.7905,39.6252,89.2051
1742299344.267,3.18,2.809,-0.0709,-1.2139,-3.2693,1.6407,39.4778,89.1808
1742299344.466,3.182,2.787,-0.094,-1.2141,-3.2406,1.7484,39.355,89.1445
1742299344.545,3.179,2.773,-0.1036,-1.214,-3.2281,1.7822,39.3357,89.2129
1742299344.625,3.184,2.773,-0.1128,-1.2144,-3.217,1.8123,39.2677,89.1947
1742299344.705,3.184,2.748,-0.1206,-1.2145,-3.2062,1.712,39.2121,89.3082
1742299344.784,3.185,2.739,-0.1281,-1.2144,-3.196,1.5666,39.1668,89.3588
1742299344.864,3.182,2.722,-0.1353,-1.2146,-3.1862,1.4661,39.0749,89.4283
1742299344.944,3.19,2.702,-0.1429,-1.2147,-3.1768,1.437,38.9495,89.3634
1742299345.023,3.191,2.702,-0.1499,-1.2148,-3.1669,1.3495,38.9518,89.3809
1742299345.223,3.195,2.678,-0.1682,-1.2148,-3.1441,1.6083,38.75,89.1436
1742299345.422,3.196,2.643,-0.1851,-1.215,-3.1217,1.6716,38.4096,89.2484
1742299345.621,3.197,2.617,-0.2021,-1.2156,-3.0986,1.5196,38.0727,89.2545
1742299345.7,3.197,2.606,-0.2091,-1.2153,-3.0889,1.4135,38.1489,89.3034
1742299345.78,3.199,2.595,-0.2161,-1.2156,-3.0796,1.436,38.1215,89.2967
1742299345.86,3.205,2.582,-0.2234,-1.2155,-3.0702,1.5595,38.0931,89.252
1742299345.939,3.204,2.561,-0.2304,-1.2157,-3.0607,1.4779,38.1354,89.3341
1742299346.019,3.207,2.561,-0.2373,-1.2157,-3.0513,1.4193,38.1393,89.4015
1742299346.099,3.207,2.551,-0.2448,-1.2159,-3.0418,1.4895,38.1108,89.4681
1742299346.178,3.206,2.551,-0.2517,-1.2158,-3.0318,1.3532,38.1567,89.522
1742299346.258,3.211,2.523,-0.2585,-1.2158,-3.022,1.2856,38.1411,89.5434
1742299346.338,3.212,2.509,-0.2656,-1.2161,-3.0124,1.2322,38.0451,89.5484
1742299346.417,3.212,2.509,-0.2723,-1.2163,-3.0033,1.1674,38.0547,89.5785
1742299346.497,3.213,2.492,-0.279,-1.2163,-2.994,1.1249,38.0987,89.5364
1742299346.577,3.214,2.478,-0.2861,-1.2163,-2.985,1.2,38.1036,89.4312
1742299346.656,3.215,2.458,-0.2933,-1.2162,-2.976,1.3016,38.0211,89.3728
1742299346.736,3.212,2.451,-0.3005,-1.2167,-2.9666,1.4371,37.8698,89.3522
1742299346.816,3.212,2.451,-0.3077,-1.217,-2.9564,1.3578,37.7731,89.5039
1742299346.895,3.211,2.436,-0.3151,-1.2168,-2.9465,1.3756,37.6927,89.5194
1742299346.975,3.218,2.424,-0.3221,-1.2169,-2.9368,1.3823,37.4396,89.5217
1742299349.105,3.262,2.214,-0.4313,-1.219,-2.788,1.4901,37.2123,89.6654
1742299349.185,3.26,2.214,-0.4313,-1.2191,-2.788,1.4935,37.2202,89.6587
1742299349.265,3.268,2.212,-0.4314,-1.2192,-2.788,1.4915,37.212,89.6573
1742299349.344,3.261,2.212,-0.4314,-1.2192,-2.7881,1.5065,37.2128,89.6529
1742299349.424,3.267,2.212,-0.4314,-1.2191,-2.788,1.5078,37.2084,89.6567
1742299349.504,3.267,2.212,-0.4314,-1.2192,-2.7882,1.5076,37.2109,89.6499
1742299349.583,3.267,2.213,-0.4315,-1.2192,-2.7882,1.5,37.2049,89.6501
1742299349.663,3.26,2.212,-0.4315,-1.2192,-2.7882,1.5065,37.2123,89.6378
1742299349.743,3.261,2.214,-0.4314,-1.2192,-2.7882,1.4954,37.2086,89.6412
1742299349.822,3.26,2.214,-0.4314,-1.2192,-2.7884,1.5041,37.2098,89.6376
1742299349.902,3.26,2.213,-0.4314,-1.2192,-2.7885,1.4977,37.1976,89.6484
1742299349.982,3.261,2.212,-0.4301,-1.2192,-2.7902,1.4932,37.2095,89.6511
1742299350.061,3.262,2.212,-0.4269,-1.2191,-2.7947,1.5192,37.2708,89.616
1742299350.141,3.26,2.216,-0.4223,-1.2193,-2.8012,1.4223,37.3084,89.6402
1742299350.22,3.261,2.216,-0.4153,-1.219,-2.8095,1.2673,37.3388,89.6323
1742299350.3,3.261,2.224,-0.4078,-1.2187,-2.8196,1.1556,37.2981,89.75
1742299350.38,3.264,2.234,-0.3994,-1.2186,-2.8307,1.0814,37.3463,89.8198
1742299350.459,3.259,2.252,-0.3916,-1.2189,-2.8423,1.1961,37.3352,89.7458
1742299350.539,3.246,2.266,-0.3841,-1.2189,-2.8529,1.2383,37.3915,89.7183
1742299350.619,3.237,2.266,-0.3774,-1.2186,-2.8622,1.2911,37.3512,89.6147
1742299350.698,3.237,2.285,-0.3718,-1.2184,-2.8708,1.4683,37.3368,89.4755
1742299350.778,3.228,2.299,-0.3655,-1.2185,-2.8795,1.4937,37.3851,89.4143
1742299350.858,3.233,2.31,-0.359,-1.2186,-2.8885,1.4741,37.3158,89.3671
1742299350.937,3.231,2.326,-0.3522,-1.2185,-2.8982,1.5109,37.3333,89.2912
1742299351.017,3.222,2.326,-0.3443,-1.2183,-2.9081,1.4265,37.3196,89.3102
1742299351.097,3.222,2.341,-0.3373,-1.2182,-2.9177,1.3288,37.3072,89.3583
1742299351.176,3.222,2.354,-0.3303,-1.2183,-2.9272,1.3674,37.3486,89.3728
1742299351.256,3.229,2.371,-0.3236,-1.218,-2.9362,1.2923,37.3995,89.5097
1742299351.336,3.219,2.387,-0.318,-1.2179,-2.9444,1.353,37.4283,89.5256
1742299351.415,3.223,2.387,-0.3112,-1.2178,-2.9531,1.2976,37.491,89.5591
1742299351.495,3.223,2.395,-0.305,-1.2179,-2.9621,1.3659,37.5019,89.5148
1742299351.574,3.217,2.41,-0.2981,-1.2175,-2.9712,1.3234,37.5114,89.4512
1742299351.654,3.22,2.42,-0.2911,-1.2174,-2.9803,1.1972,37.5337,89.4928
1742299351.734,3.216,2.435,-0.284,-1.2178,-2.9896,1.0906,37.461,89.5517
1742299351.813,3.218,2.435,-0.2769,-1.2174,-2.999,1.0709,37.3622,89.5856
1742299351.893,3.218,2.452,-0.2703,-1.2176,-3.0084,1.1222,37.352,89.611
1742299352.092,3.218,2.476,-0.2538,-1.2175,-3.032,1.2735,37.3735,89.5803
1742299352.172,3.216,2.492,-0.2472,-1.2173,-3.0414,1.3921,37.2803,89.4824
1742299352.251,3.21,2.508,-0.24,-1.2175,-3.0509,1.3838,37.3689,89.4452
1742299352.331,3.214,2.521,-0.2336,-1.2174,-3.0601,1.4426,37.4374,89.3852
1742299352.411,3.214,2.521,-0.227,-1.217,-3.0694,1.4996,37.4555,89.3149
1742299352.49,3.211,2.538,-0.2198,-1.2169,-3.0789,1.4215,37.4659,89.3153
1742299352.689,3.201,2.562,-0.2032,-1.2167,-3.1017,1.4279,37.5902,89.3715
1742299352.889,3.199,2.593,-0.187,-1.2165,-3.1246,1.5487,37.787,89.2981
1742299352.968,3.197,2.604,-0.1803,-1.2167,-3.1338,1.6373,37.9268,89.2712
1742299353.048,3.201,2.621,-0.1737,-1.2164,-3.1428,1.6046,37.9653,89.188
1742299353.128,3.201,2.627,-0.1665,-1.2163,-3.1518,1.5028,37.9993,89.1715
1742299353.207,3.201,2.627,-0.1596,-1.2162,-3.1607,1.4323,38.0332,89.2464
1742299353.287,3.198,2.643,-0.1525,-1.2162,-3.1698,1.3761,37.9864,89.3142
1742299353.486,3.19,2.677,-0.1384,-1.2162,-3.1894,1.4771,38.0313,89.3148
1742299353.685,3.188,2.697,-0.1377,-1.216,-3.1905,1.4642,37.9871,89.3782
1742299353.765,3.193,2.7,-0.1377,-1.216,-3.1905,1.4681,37.9915,89.3465
1742299353.845,3.188,2.701,-0.1376,-1.2161,-3.1905,1.4603,37.9969,89.3402
1742299354.044,3.19,2.692,-0.1375,-1.2161,-3.1906,1.4422,37.9811,89.3314
1742299354.123,3.189,2.693,-0.1378,-1.216,-3.1905,1.4433,37.9828,89.3203
1742299354.203,3.189,2.693,-0.1376,-1.2161,-3.1906,1.4388,37.98,89.3167
1742299354.283,3.189,2.701,-0.1376,-1.2161,-3.1906,1.4482,37.9841,89.3077
1742299354.362,3.195,2.7,-0.1377,-1.216,-3.1906,1.441,37.9884,89.3048
1742299354.442,3.187,2.692,-0.1377,-1.2161,-3.1907,1.4381,37.9801,89.2999
1742299354.522,3.187,2.692,-0.1378,-1.2161,-3.1907,1.4439,37.9889,89.2944
1742299354.601,3.187,2.692,-0.1376,-1.2161,-3.1907,1.4304,37.981,89.3053
1742299354.8,3.188,2.701,-0.1376,-1.2162,-3.1907,1.4491,37.9755,89.2865
1742299354.88,3.196,2.7,-0.1376,-1.2161,-3.1907,1.4457,37.9786,89.2936
1742299354.96,3.188,2.701,-0.1377,-1.2161,-3.1907,1.4323,37.9709,89.3075
1742299355.039,3.187,2.692,-0.1378,-1.2162,-3.1908,1.4264,37.9864,89.3057
1742299355.119,3.195,2.692,-0.1377,-1.2161,-3.1907,1.4138,37.9876,89.3205
1742299355.199,3.195,2.699,-0.1376,-1.2162,-3.1907,1.4235,37.9886,89.3064
1742299355.278,3.193,2.7,-0.1376,-1.2161,-3.1908,1.4299,37.978,89.2977
1742299355.358,3.195,2.7,-0.1377,-1.2161,-3.1907,1.4273,37.9782,89.2997
1742299355.438,3.186,2.698,-0.1377,-1.2161,-3.1908,1.4462,37.9787,89.2829
1742299355.517,3.195,2.698,-0.1377,-1.2162,-3.1908,1.4343,37.9807,89.2816
1742299355.597,3.195,2.701,-0.1376,-1.2162,-3.1908,1.4343,37.9765,89.2773
1742299355.676,3.195,2.698,-0.1377,-1.2162,-3.1907,1.4296,37.9724,89.2818
1742299355.756,3.194,2.692,-0.1376,-1.2163,-3.1908,1.4262,37.9742,89.2717
1742299355.836,3.187,2.7,-0.1377,-1.2163,-3.1908,1.428,37.9718,89.2695
1742299355.915,3.189,2.7,-0.1377,-1.2162,-3.1908,1.4295,37.9747,89.273
1742299355.995,3.189,2.701,-0.1377,-1.2162,-3.1909,1.4325,37.9608,89.2745
1742299356.075,3.188,2.701,-0.138,-1.2163,-3.1906,1.4292,37.9575,89.2799
1742299356.154,3.195,2.694,-0.1386,-1.2161,-3.1897,1.4169,37.9912,89.274
1742299356.353,3.187,2.697,-0.1483,-1.2161,-3.1761,1.2968,37.8661,89.3237
1742299356.553,3.19,2.678,-0.1641,-1.217,-3.1555,1.4531,37.8736,89.1457
1742299356.752,3.195,2.645,-0.1781,-1.2167,-3.137,1.6117,37.5053,89.1544
1742299356.831,3.201,2.642,-0.1832,-1.2165,-3.1298,1.5812,37.4367,89.1977
1742299356.911,3.201,2.642,-0.1885,-1.2166,-3.1224,1.5631,37.3266,89.216
1742299356.991,3.201,2.631,-0.1935,-1.2166,-3.1154,1.5573,37.2059,89.2464
1742299357.07,3.205,2.615,-0.1984,-1.2168,-3.1084,1.4685,37.149,89.2387
1742299357.15,3.199,2.608,-0.2036,-1.2171,-3.1008,1.4163,37.1197,89.2476
1742299357.229,3.208,2.602,-0.2091,-1.2171,-3.0935,1.4116,37.1563,89.2837
1742299357.309,3.204,2.602,-0.215,-1.2169,-3.0864,1.3463,37.8995,89.2393
1742299357.389,3.204,2.587,-0.2212,-1.2168,-3.0804,1.392,39.2249,89.1586
1742299357.468,3.207,2.57,-0.2277,-1.2169,-3.0749,1.4649,40.6278,89.1483
1742299357.548,3.194,2.555,-0.2342,-1.2174,-3.068,1.5094,41.2377,89.1871
1742299357.628,3.186,2.548,-0.2406,-1.2173,-3.0603,1.4991,41.1952,89.2721
1742299357.707,3.186,2.548,-0.2468,-1.2174,-3.0527,1.4736,41.0718,89.3367
1742299357.787,3.185,2.53,-0.2526,-1.2173,-3.0453,1.4045,40.9901,89.3617
1742299357.867,3.184,2.523,-0.2583,-1.2176,-3.0381,1.2763,41.0291,89.4572
1742299357.946,3.187,2.51,-0.2636,-1.2178,-3.031,1.2072,40.9785,89.5186
1742299360.077,3.194,2.43,-0.3026,-1.2182,-2.9843,1.1774,40.6718,89.4399
1742299360.157,3.193,2.434,-0.3026,-1.2182,-2.9843,1.1767,40.6669,89.4463
1742299360.236,3.196,2.433,-0.3027,-1.2183,-2.9844,1.1747,40.6613,89.454
1742299360.316,3.198,2.433,-0.3027,-1.2183,-2.9844,1.1689,40.6574,89.4513
1742299360.396,3.198,2.429,-0.3025,-1.2183,-2.9845,1.1566,40.6568,89.4542
1742299360.475,3.197,2.434,-0.3027,-1.2183,-2.9845,1.1611,40.6498,89.4542
1742299360.555,3.197,2.434,-0.3026,-1.2182,-2.9845,1.1705,40.6375,89.4618
1742299360.635,3.197,2.435,-0.3026,-1.2183,-2.9846,1.1476,40.6407,89.4781
1742299360.714,3.194,2.435,-0.3026,-1.2183,-2.9846,1.1538,40.6472,89.47
1742299360.794,3.194,2.434,-0.3027,-1.2183,-2.9846,1.1668,40.6457,89.4562
1742299360.874,3.197,2.435,-0.3027,-1.2184,-2.9846,1.1512,40.6458,89.4603
1742299360.953,3.197,2.431,-0.3027,-1.2184,-2.9848,1.1485,40.6462,89.4552
1742299361.033,3.194,2.436,-0.3027,-1.2184,-2.9847,1.1618,40.647,89.4534
1742299361.113,3.192,2.436,-0.3028,-1.2185,-2.9847,1.1647,40.658,89.4485
1742299361.192,3.192,2.429,-0.3027,-1.2185,-2.9847,1.1685,40.6766,89.4399
1742299361.272,3.191,2.434,-0.3027,-1.2184,-2.9848,1.1752,40.6697,89.4296
1742299361.351,3.192,2.435,-0.3027,-1.2184,-2.9848,1.1711,40.6707,89.4364
1742299361.431,3.197,2.429,-0.3024,-1.2185,-2.9851,1.1654,40.6968,89.421
1742299361.511,3.192,2.429,-0.3014,-1.2185,-2.9862,1.133,40.7259,89.4926
1742299361.59,3.192,2.433,-0.2992,-1.2185,-2.9892,1.1423,40.8248,89.4691
1742299361.67,3.196,2.432,-0.2948,-1.2185,-2.9942,1.0647,40.8553,89.5319
1742299361.75,3.195,2.438,-0.2893,-1.2184,-3.0008,1.0102,40.8393,89.5733
1742299361.829,3.19,2.448,-0.2833,-1.2184,-3.008,0.9877,40.8318,89.6023
1742299361.909,3.193,2.448,-0.2777,-1.2183,-3.0152,1.0931,40.8992,89.5761
1742299361.989,3.193,2.457,-0.2727,-1.2185,-3.0214,1.1302,40.9446,89.5954
1742299362.068,3.197,2.471,-0.2683,-1.2182,-3.0268,1.1394,41.0018,89.627
1742299362.148,3.194,2.474,-0.2633,-1.2183,-3.033,1.2094,41.0345,89.5925
1742299362.228,3.187,2.482,-0.2567,-1.2179,-3.0412,1.3002,41.0402,89.4964
1742299362.307,3.187,2.482,-0.2489,-1.2179,-3.0513,1.4325,41.0832,89.4472
1742299362.387,3.187,2.497,-0.24,-1.218,-3.0623,1.4725,41.2392,89.3852
1742299362.466,3.188,2.509,-0.2309,-1.2181,-3.0733,1.4807,41.3768,89.2275
1742299362.546,3.193,2.527,-0.2221,-1.2177,-3.0837,1.4876,41.4966,89.1964
1742299362.626,3.186,2.544,-0.2143,-1.2178,-3.0928,1.4715,41.6001,89.2258
1742299362.825,3.183,2.578,-0.1968,-1.2172,-3.1146,1.6085,41.9595,89.2379
1742299362.904,3.183,2.578,-0.1891,-1.2169,-3.1234,1.6027,42.1184,89.238
1742299365.155,3.186,2.676,-0.1421,-1.2165,-3.1769,1.4954,42.7771,89.3073
1742299365.234,3.187,2.669,-0.1421,-1.2165,-3.177,1.4927,42.7674,89.3203
1742299365.314,3.186,2.669,-0.1421,-1.2165,-3.1769,1.4885,42.7783,89.3239
1742299365.394,3.186,2.67,-0.1422,-1.2165,-3.1768,1.4967,42.7756,89.3179
1742299365.473,3.187,2.676,-0.1421,-1.2165,-3.1769,1.4984,42.7655,89.3159
1742299365.553,3.187,2.671,-0.1422,-1.2166,-3.1768,1.4817,42.768,89.3122
1742299365.633,3.187,2.67,-0.1422,-1.2164,-3.1768,1.4912,42.7732,89.2879
1742299365.712,3.18,2.67,-0.142,-1.2165,-3.1768,1.4959,42.7773,89.2943
1742299365.792,3.18,2.678,-0.1422,-1.2165,-3.1767,1.5041,42.7744,89.2965
1742299365.871,3.183,2.67,-0.1421,-1.2165,-3.1768,1.4944,42.7652,89.296
1742299365.951,3.187,2.671,-0.1421,-1.2165,-3.1767,1.4935,42.7551,89.3121
1742299366.031,3.183,2.678,-0.1424,-1.2165,-3.1767,1.4935,42.7819,89.3062
1742299366.11,3.182,2.678,-0.1422,-1.2165,-3.1766,1.4839,42.7755,89.303
1742299366.19,3.182,2.678,-0.1422,-1.2165,-3.1766,1.4796,42.7691,89.3103
1742299366.27,3.182,2.677,-0.1423,-1.2165,-3.1765,1.4747,42.7663,89.3146
1742299366.349,3.186,2.67,-0.144,-1.2165,-3.1745,1.4065,42.803,89.3835
1742299366.429,3.182,2.678,-0.1498,-1.2166,-3.167,1.3067,42.6759,89.335
1742299366.509,3.187,2.678,-0.1603,-1.2168,-3.1557,1.4999,42.5361,89.206
1742299366.588,3.187,2.662,-0.1723,-1.2165,-3.142,1.6113,42.1606,89.26
1742299366.668,3.181,2.651,-0.1834,-1.2168,-3.1291,1.6252,41.8306,89.2613
1742299366.748,3.186,2.627,-0.1929,-1.2169,-3.118,1.7466,41.5573,89.2007
1742299366.827,3.184,2.608,-0.1997,-1.217,-3.1094,1.5528,41.3954,89.2387
1742299366.907,3.182,2.608,-0.2042,-1.2171,-3.1034,1.4909,41.3063,89.2665
1742299366.987,3.182,2.608,-0.2078,-1.217,-3.0994,1.4959,41.2288,89.2225
1742299367.066,3.191,2.582,-0.2111,-1.2171,-3.0951,1.4202,41.2405,89.2695
1742299367.146,3.192,2.574,-0.2152,-1.2172,-3.0903,1.4315,41.1856,89.225
1742299367.225,3.192,2.572,-0.2191,-1.2173,-3.0854,1.4262,41.1554,89.2175
1742299367.305,3.184,2.572,-0.223,-1.2173,-3.0811,1.479,41.0956,89.196
1742299367.385,3.184,2.56,-0.2265,-1.2173,-3.0767,1.445,41.0955,89.2586
1742299367.464,3.192,2.557,-0.2299,-1.2174,-3.0727,1.4942,41.0839,89.2702
1742299367.544,3.185,2.547,-0.2333,-1.2174,-3.0686,1.4429,41.1035,89.3151
1742299367.624,3.194,2.545,-0.2369,-1.2174,-3.0643,1.4557,41.0248,89.3181
1742299367.704,3.186,2.545,-0.2407,-1.2176,-3.0597,1.4466,40.9859,89.385
1742299367.783,3.186,2.532,-0.2449,-1.2175,-3.0546,1.4397,40.9312,89.4102
1742299367.863,3.193,2.526,-0.2492,-1.2176,-3.0491,1.3976,40.8169,89.4483
1742299367.942,3.186,2.523,-0.254,-1.2177,-3.0431,1.3467,40.7831,89.4642
1742299368.022,3.193,2.51,-0.2588,-1.2179,-3.0368,1.2284,40.8079,89.5113
1742299368.102,3.188,2.51,-0.2641,-1.2179,-3.0301,1.1902,40.7791,89.5442
1742299368.181,3.188,2.5,-0.2698,-1.218,-3.023,1.1839,40.6946,89.5098
1742299368.261,3.187,2.489,-0.2755,-1.2181,-3.0159,1.1648,40.6058,89.5184
1742299368.341,3.189,2.484,-0.281,-1.2182,-3.0088,1.0565,40.6118,89.5255
1742299368.42,3.19,2.472,-0.2865,-1.2183,-3.0019,1.0743,40.5771,89.4874
1742299368.5,3.19,2.472,-0.2924,-1.2181,-2.9952,1.151,40.6094,89.4233
1742299368.579,3.192,2.46,-0.2981,-1.2181,-2.9883,1.212,40.5109,89.3733
1742299368.659,3.192,2.444,-0.3038,-1.2182,-2.9814,1.2522,40.3655,89.3821
1742299368.739,3.197,2.44,-0.3097,-1.2185,-2.9742,1.3122,40.1566,89.3476
1742299368.818,3.194,2.425,-0.3155,-1.2185,-2.9668,1.2945,40.041,89.4191
1742299368.898,3.194,2.425,-0.3213,-1.2187,-2.9594,1.3391,39.8457,89.4131
1742299368.978,3.195,2.414,-0.327,-1.2188,-2.9527,1.442,39.74,89.3418
1742299369.057,3.197,2.407,-0.3321,-1.2187,-2.9456,1.3682,39.5626,89.3145
1742299369.137,3.203,2.393,-0.3374,-1.2187,-2.9385,1.3153,39.5446,89.3528
1742299369.217,3.205,2.381,-0.343,-1.2189,-2.9317,1.2881,39.5652,89.3523
1742299369.296,3.205,2.381,-0.348,-1.2189,-2.925,1.3068,39.5003,89.2967
1742299369.376,3.198,2.375,-0.3535,-1.2193,-2.9182,1.3385,39.4747,89.2849
1742299369.456,3.2,2.361,-0.3587,-1.2194,-2.9113,1.406,39.4264,89.2843
1742299369.535,3.203,2.352,-0.3645,-1.2194,-2.9041,1.3957,39.4268,89.3365
1742299369.615,3.209,2.338,-0.3702,-1.2194,-2.8968,1.3828,39.4004,89.3882
1742299369.695,3.209,2.338,-0.3758,-1.2196,-2.8895,1.3419,39.3033,89.481
1742299369.774,3.209,2.326,-0.3813,-1.2193,-2.8822,1.2874,39.1777,89.579
1742299369.854,3.201,2.316,-0.3863,-1.2197,-2.8748,1.1497,39.1251,89.6778
1742299369.934,3.209,2.309,-0.3915,-1.2195,-2.8675,1.0842,39.0852,89.7315
1742299370.013,3.205,2.297,-0.3967,-1.2198,-2.8607,1.0792,38.9604,89.8135
1742299370.093,3.205,2.297,-0.4018,-1.2202,-2.8541,1.0765,38.9167,89.806
1742299370.172,3.213,2.284,-0.4072,-1.2201,-2.8477,1.0384,39.3559,89.7985
1742299370.252,3.211,2.275,-0.4127,-1.22,-2.8413,0.9855,40.0142,89.7716
1742299370.332,3.21,2.265,-0.419,-1.2202,-2.8351,1.0909,40.5846,89.649
1742299370.411,3.203,2.251,-0.4251,-1.2201,-2.8291,1.193,41.1817,89.5215
1742299370.491,3.203,2.251,-0.4312,-1.2204,-2.8231,1.2816,41.8233,89.4885
1742299370.571,3.201,2.241,-0.4377,-1.2206,-2.8167,1.3866,42.2859,89.4717
1742299370.65,3.205,2.226,-0.444,-1.2207,-2.8102,1.3819,42.7766,89.5019
1742299370.73,3.205,2.216,-0.4509,-1.221,-2.8033,1.3757,43.3553,89.546
1742299370.929,3.195,2.191,-0.4657,-1.2211,-2.7862,1.2192,43.2658,89.6941
1742299371.009,3.194,2.191,-0.4713,-1.2213,-2.7796,1.1726,43.1546,89.7205
1742299371.089,3.194,2.181,-0.4768,-1.2213,-2.7735,1.1815,43.1264,89.6988
1742299371.168,3.195,2.169,-0.4824,-1.2215,-2.7672,1.177,43.1153,89.668
1742299371.248,3.201,2.16,-0.4882,-1.2216,-2.761,1.1984,43.0179,89.6517
1742299371.328,3.2,2.147,-0.4936,-1.2216,-2.7548,1.2171,42.9755,89.6593
1742299371.407,3.202,2.147,-0.4982,-1.2218,-2.7499,1.223,42.9958,89.704
1742299371.487,3.202,2.137,-0.4998,-1.2218,-2.7479,1.2176,42.9782,89.7443
1742299371.567,3.197,2.127,-0.4999,-1.2217,-2.748,1.2536,43.0028,89.7079
1742299371.646,3.202,2.123,-0.4998,-1.2219,-2.748,1.229,42.9963,89.7242
1742299374.016,3.202,2.125,-0.4997,-1.222,-2.7481,1.2511,42.993,89.7264
1742299374.095,3.202,2.125,-0.4997,-1.222,-2.7481,1.2408,42.9894,89.739
1742299374.175,3.196,2.124,-0.4997,-1.2219,-2.7482,1.2687,42.9881,89.7252
1742299374.255,3.201,2.124,-0.4998,-1.222,-2.7482,1.2732,42.988,89.726
1742299374.334,3.195,2.125,-0.4998,-1.222,-2.7482,1.2699,42.9854,89.7273
1742299374.414,3.202,2.123,-0.4997,-1.222,-2.7481,1.2599,42.9875,89.7332
1742299374.493,3.202,2.123,-0.4997,-1.222,-2.7482,1.2749,42.9857,89.7178
1742299374.573,3.196,2.125,-0.4998,-1.2219,-2.7482,1.2809,42.978,89.7267
1742299374.653,3.197,2.125,-0.4997,-1.222,-2.7482,1.2755,42.9867,89.7204
1742299374.732,3.197,2.124,-0.4998,-1.222,-2.7481,1.2851,42.9897,89.7207
1742299374.812,3.195,2.124,-0.4997,-1.2221,-2.7482,1.2778,42.9986,89.7179
1742299374.892,3.195,2.124,-0.4998,-1.2219,-2.7481,1.2885,42.9966,89.7071
1742299374.971,3.196,2.125,-0.4998,-1.2219,-2.7482,1.2864,42.9951,89.6976
1742299375.051,3.197,2.124,-0.4998,-1.2219,-2.7481,1.2833,42.9965,89.6983
1742299375.131,3.198,2.125,-0.5,-1.222,-2.748,1.2776,42.933,89.6792
1742299375.21,3.202,2.124,-0.5014,-1.222,-2.7463,1.2466,42.9668,89.729
1742299375.29,3.202,2.124,-0.5047,-1.2222,-2.7428,1.3001,43.0004,89.7237
1742299375.37,3.2,2.124,-0.509,-1.2222,-2.7377,1.2462,43.0155,89.7976
1742299375.449,3.193,2.116,-0.5141,-1.2224,-2.7321,1.2758,42.916,89.8649
1742299375.529,3.194,2.109,-0.5193,-1.2224,-2.7259,1.2864,42.8377,89.9173
1742299375.728,3.201,2.089,-0.5322,-1.2227,-2.7107,1.1351,42.8158,90.0601
1742299375.808,3.199,2.077,-0.5368,-1.2228,-2.7054,1.1202,42.7943,90.0528
1742299375.887,3.199,2.077,-0.5411,-1.223,-2.7004,1.0748,42.723,90.1164
1742299375.967,3.201,2.071,-0.5454,-1.2232,-2.6956,1.1442,42.6485,90.038
1742299376.047,3.203,2.059,-0.5499,-1.2232,-2.6904,1.1009,42.6618,90.0659
1742299376.126,3.201,2.052,-0.554,-1.2233,-2.6854,1.0737,42.6602,90.0831
1742299376.206,3.2,2.043,-0.5583,-1.2234,-2.6806,1.04,42.6694,90.1323
1742299376.286,3.2,2.043,-0.5625,-1.2235,-2.676,1.0863,42.6552,90.1077
1742299376.365,3.202,2.036,-0.5667,-1.2236,-2.6713,1.1158,42.6875,90.1203
1742299376.445,3.202,2.029,-0.5713,-1.2237,-2.6665,1.2165,42.6703,90.0528
1742299376.525,3.199,2.02,-0.5756,-1.2237,-2.6616,1.2695,42.5647,90.0545
1742299376.604,3.202,2.02,-0.578,-1.2239,-2.659,1.2664,42.5432,90.0739
1742299376.684,3.202,2.013,-0.578,-1.2238,-2.659,1.3188,42.5377,90.021
1742299376.764,3.198,2.006,-0.578,-1.2238,-2.6591,1.3231,42.522,90.0354
1742299376.843,3.201,2.006,-0.5781,-1.2239,-2.6591,1.3314,42.5164,90.0369
1742299376.923,3.203,2.006,-0.5783,-1.2239,-2.659,1.3356,42.541,90.0235
1742299377.003,3.201,2.006,-0.58,-1.224,-2.6571,1.279,42.6244,90.0778
1742299377.082,3.201,2.005,-0.5835,-1.224,-2.6527,1.3292,42.3543,90.054
1742299377.162,3.197,2.003,-0.5895,-1.2242,-2.6457,1.291,42.2376,90.1277
1742299377.241,3.199,1.998,-0.5962,-1.2243,-2.6381,1.3042,42.1142,90.2244
1742299377.321,3.203,1.987,-0.6027,-1.2247,-2.6302,1.257,42.0633,90.1999
1742299377.401,3.217,1.987,-0.6092,-1.2248,-2.6224,1.1496,42.0592,90.2302
1742299377.48,3.217,1.974,-0.6147,-1.2247,-2.6157,1.1563,41.9691,90.2068
1742299377.56,3.226,1.96,-0.6202,-1.225,-2.6097,1.192,41.9593,90.1573
1742299377.64,3.228,1.949,-0.6248,-1.2253,-2.604,1.22,41.8075,90.115
1742299377.719,3.224,1.938,-0.6305,-1.2251,-2.5988,1.2289,42.5849,90.0405
1742299377.799,3.223,1.938,-0.6369,-1.2256,-2.5948,1.2167,44.5198,90.0007
1742299377.879,3.223,1.93,-0.6438,-1.2259,-2.5896,1.2358,46.0273,89.9401
1742299377.958,3.195,1.919,-0.651,-1.2259,-2.5833,1.2632,46.2202,89.9692
1742299378.038,3.198,1.912,-0.6573,-1.2261,-2.5766,1.2657,46.0574,89.9839
1742299378.237,3.197,1.888,-0.6722,-1.2268,-2.5608,1.2202,45.8273,90.035
1742299378.317,3.196,1.877,-0.6774,-1.227,-2.5551,1.184,45.7431,90.0984
1742299378.397,3.197,1.877,-0.6824,-1.227,-2.5496,1.1301,45.6484,90.1476
1742299378.476,3.197,1.866,-0.6877,-1.2271,-2.5442,1.084,45.5684,90.1901
1742299378.556,3.197,1.858,-0.6926,-1.2273,-2.539,1.1241,45.4532,90.0898
1742299378.635,3.194,1.847,-0.6978,-1.2274,-2.5332,1.0986,45.3827,90.0538
1742299378.715,3.197,1.84,-0.7032,-1.2274,-2.5277,1.0887,45.2939,90.0574
1742299378.795,3.197,1.84,-0.7065,-1.2276,-2.5244,1.1058,45.3044,90.0366
1742299378.874,3.197,1.829,-0.707,-1.2276,-2.5239,1.1243,45.3273,90.0153
1742299378.954,3.198,1.822,-0.7069,-1.2276,-2.5239,1.1023,45.3167,90.012
1742299379.153,3.197,1.822,-0.7069,-1.2276,-2.5239,1.0911,45.3503,90.0281
1742299379.233,3.2,1.821,-0.7068,-1.2276,-2.5239,1.0876,45.3501,90.0163
1742299379.312,3.196,1.821,-0.7071,-1.2276,-2.5237,1.0799,45.3577,90.0316
1742299379.392,3.197,1.821,-0.7089,-1.2277,-2.5219,1.0936,45.3493,89.9846
1742299379.472,3.197,1.82,-0.7142,-1.2276,-2.5164,1.2529,45.2316,89.8782
1742299379.551,3.202,1.819,-0.7223,-1.2275,-2.5081,1.3037,44.9241,89.848
1742299379.631,3.203,1.811,-0.7313,-1.2281,-2.4982,1.3194,44.6244,89.892
1742299379.711,3.217,1.793,-0.7392,-1.228,-2.4896,1.3136,44.3853,90.0062
1742299379.79,3.217,1.793,-0.7427,-1.2283,-2.4859,1.3594,44.3117,89.9801
1742299379.87,3.218,1.775,-0.7423,-1.2284,-2.4862,1.3957,44.2811,89.9154
1742299379.949,3.213,1.767,-0.7415,-1.2284,-2.4872,1.4108,44.3146,89.8969
1742299380.029,3.218,1.768,-0.7409,-1.2286,-2.4878,1.4197,44.2976,89.8843
1742299380.109,3.216,1.768,-0.7411,-1.2284,-2.4877,1.4352,44.2809,89.896
1742299380.189,3.216,1.768,-0.7414,-1.2284,-2.4871,1.4085,44.3111,89.8659
1742299380.268,3.212,1.768,-0.7456,-1.2286,-2.482,1.2077,44.2799,89.9901
1742299380.348,3.218,1.769,-0.753,-1.2286,-2.4735,1.2167,43.9928,89.9712
1742299380.547,3.213,1.747,-0.7626,-1.2289,-2.4631,1.1697,43.8601,89.9371
1742299380.627,3.215,1.736,-0.762,-1.229,-2.4636,1.1362,43.8807,89.9724
1742299380.706,3.217,1.738,-0.7619,-1.2289,-2.4637,1.1382,43.8795,89.9746
1742299380.905,3.213,1.736,-0.7685,-1.2291,-2.4565,1.1879,43.7226,89.9556
1742299381.105,3.213,1.726,-0.7708,-1.2292,-2.4541,1.2122,43.6943,89.9346
1742299381.184,3.213,1.726,-0.771,-1.2293,-2.4539,1.2916,43.8132,89.8195
1742299381.264,3.214,1.726,-0.7734,-1.2294,-2.4513,1.3233,43.7078,89.8251
1742299381.343,3.211,1.723,-0.7767,-1.2293,-2.4477,1.3234,43.5912,89.8325
1742299381.423,3.214,1.718,-0.7788,-1.2294,-2.4455,1.3234,43.5793,89.8264
1742299381.503,3.217,1.712,-0.7792,-1.2294,-2.4448,1.3368,43.606,89.8078
1742299381.582,3.217,1.712,-0.7806,-1.2295,-2.4434,1.3536,43.5652,89.7992
1742299381.662,3.211,1.711,-0.7828,-1.2295,-2.4411,1.3786,43.5867,89.81
1742299381.742,3.216,1.711,-0.7843,-1.2296,-2.4394,1.3672,43.5461,89.8514
1742299383.872,3.218,1.615,-0.8544,-1.2313,-2.3592,1.4245,43.0506,89.8481
1742299383.952,3.214,1.61,-0.8594,-1.2312,-2.3535,1.4955,42.9114,89.8249
1742299384.031,3.212,1.597,-0.8618,-1.2313,-2.3511,1.5836,42.9071,89.7841
1742299384.111,3.214,1.589,-0.863,-1.2313,-2.3496,1.5801,42.8901,89.7841
1742299384.191,3.214,1.589,-0.8632,-1.2313,-2.3495,1.5613,42.8767,89.7708
1742299384.271,3.214,1.587,-0.863,-1.2313,-2.3496,1.5485,42.8725,89.7555
1742299384.35,3.212,1.586,-0.8631,-1.2314,-2.3495,1.5409,42.8706,89.7532
1742299384.43,3.212,1.585,-0.8638,-1.2315,-2.3488,1.535,42.9107,89.7621
1742299384.509,3.216,1.585,-0.8642,-1.2314,-2.3482,1.5341,42.8621,89.7721
1742299384.589,3.216,1.585,-0.8642,-1.2313,-2.3481,1.5391,42.8528,89.7554
1742299384.669,3.216,1.582,-0.8681,-1.2313,-2.3434,1.4418,42.7676,89.7869
1742299384.748,3.213,1.581,-0.8767,-1.2316,-2.3338,1.6422,42.6314,89.7987
1742299384.828,3.214,1.577,-0.8832,-1.2319,-2.3265,1.7027,42.491,89.8541
1742299384.908,3.217,1.561,-0.8858,-1.2319,-2.323,1.6507,42.4548,89.8101
1742299384.987,3.212,1.561,-0.8881,-1.232,-2.32,1.5439,42.3485,89.8121
1742299385.067,3.212,1.55,-0.8922,-1.2321,-2.3149,1.5672,42.3215,89.8054
1742299385.147,3.217,1.549,-0.896,-1.2321,-2.3105,1.6178,42.3491,89.7189
1742299385.226,3.217,1.539,-0.8977,-1.2322,-2.3085,1.6029,42.2686,89.7292
1742299385.306,3.219,1.533,-0.8998,-1.2321,-2.3056,1.5725,42.1784,89.7892
1742299385.386,3.219,1.533,-0.9038,-1.2323,-2.3013,1.6893,42.1994,89.6554
1742299385.465,3.219,1.531,-0.9069,-1.2323,-2.2979,1.6733,42.1661,89.7204
1742299385.545,3.216,1.522,-0.9091,-1.2324,-2.2952,1.7339,42.1396,89.6078
1742299385.625,3.219,1.517,-0.9157,-1.2324,-2.2877,1.8265,42.0665,89.5806
1742299385.704,3.219,1.512,-0.9242,-1.2327,-2.2782,1.9893,41.9958,89.5151
1742299385.784,3.219,1.512,-0.9295,-1.2327,-2.2718,2.044,41.9265,89.4388
1742299385.863,3.214,1.497,-0.9312,-1.2328,-2.2697,2.0232,41.9143,89.4506
1742299385.943,3.215,1.483,-0.9333,-1.2328,-2.268,2.3123,41.9643,89.065
1742299386.023,3.215,1.479,-0.9369,-1.2322,-2.2664,2.9206,42.0306,88.4117
1742299386.102,3.219,1.477,-0.9373,-1.2322,-2.266,2.918,42.0455,88.3397
1742299386.182,3.219,1.477,-0.9359,-1.2322,-2.266,2.5136,42.0473,88.3057
1742299386.262,3.219,1.469,-0.9367,-1.2316,-2.2648,2.5385,41.9852,87.9233
1742299386.341,3.216,1.471,-0.9417,-1.2313,-2.2582,2.3904,41.8705,87.2567
1742299386.421,3.216,1.471,-0.9529,-1.2327,-2.2449,2.285,42.3116,88.0743
1742299386.5,3.216,1.458,-0.9649,-1.2333,-2.2308,1.9341,42.55,89.2826
1742299386.58,3.216,1.458,-0.9701,-1.2335,-2.224,1.9024,42.5459,89.37
1742299386.66,3.216,1.432,-0.9718,-1.2337,-2.2219,1.8905,42.4941,89.2956
1742299386.739,3.214,1.419,-0.9709,-1.2336,-2.2227,1.8511,42.5763,89.3099
1742299386.819,3.219,1.416,-0.9708,-1.2336,-2.2229,1.9205,42.5699,89.2691
1742299386.899,3.214,1.421,-0.9727,-1.2336,-2.2206,1.9514,42.5265,89.201
1742299386.978,3.214,1.421,-0.9785,-1.2337,-2.2141,2.0304,42.5234,89.1792
1742299387.058,3.215,1.417,-0.9839,-1.2336,-2.2083,2.0851,42.5852,89.1949
1742299387.138,3.214,1.408,-0.9872,-1.2337,-2.2048,2.2083,42.539,89.0712
1742299387.217,3.218,1.4,-0.9917,-1.2338,-2.1997,2.1999,42.5083,88.9989
1742299387.416,3.215,1.381,-1.0071,-1.2343,-2.1822,2.3159,42.4724,88.9893
1742299387.496,3.217,1.381,-1.0071,-1.234,-2.1821,2.3061,42.5901,88.9864
1742299387.576,3.217,1.37,-1.0085,-1.2341,-2.1808,2.3496,42.5979,88.9104
1742299387.775,3.219,1.365,-1.0248,-1.234,-2.1633,2.6886,41.65,89.1109
1742299387.974,3.216,1.341,-1.0253,-1.2339,-2.1633,2.8589,41.2544,88.8277
1742299388.054,3.215,1.34,-1.0253,-1.234,-2.1633,2.829,41.2181,88.8242
1742299388.133,3.217,1.34,-1.0254,-1.2338,-2.1632,2.8478,41.2289,88.8033
1742299388.213,3.219,1.342,-1.0254,-1.2339,-2.1631,2.8469,41.2344,88.7914
1742299388.293,3.218,1.342,-1.0261,-1.2338,-2.1627,2.9521,41.1168,88.7707
1742299388.372,3.218,1.341,-1.0303,-1.2333,-2.1613,3.9451,41.0486,88.1281
1742299388.571,3.218,1.337,-1.0433,-1.2327,-2.1499,5.021,41.0818,87.5456
1742299388.651,3.216,1.329,-1.0465,-1.2332,-2.1439,4.3668,41.1907,87.9784
1742299388.731,3.211,1.319,-1.0478,-1.2337,-2.1386,3.4204,41.2157,88.4956
1742299388.81,3.216,1.311,-1.048,-1.2345,-2.1345,2.4469,41.3969,88.9089
1742299388.89,3.218,1.311,-1.0508,-1.2345,-2.1306,2.3311,41.2414,88.929
1742299388.97,3.218,1.307,-1.0545,-1.2345,-2.1263,2.3551,41.3368,88.9594
1742299389.169,3.22,1.293,-1.0564,-1.2345,-2.1239,2.3813,41.3574,88.9694
1742299389.368,3.221,1.289,-1.0637,-1.2346,-2.1152,2.4331,41.2967,88.937
1742299389.447,3.217,1.287,-1.0664,-1.2345,-2.1118,2.4153,41.3624,88.9059
1742299389.527,3.217,1.278,-1.068,-1.2345,-2.1096,2.3582,41.2262,88.8793
1742299389.607,3.216,1.274,-1.073,-1.2347,-2.1037,2.4163,41.3771,88.7865
1742299389.686,3.217,1.274,-1.0784,-1.2348,-2.0973,2.4177,41.4263,88.8288
1742299389.766,3.217,1.268,-1.0821,-1.2348,-2.0928,2.4038,41.5331,88.8335
1742299389.846,3.221,1.256,-1.0863,-1.2347,-2.0879,2.2033,41.6413,89.0212
1742299389.925,3.216,1.25,-1.0917,-1.2348,-2.0812,2.2725,41.6157,88.899
1742299390.005,3.217,1.243,-1.0956,-1.2349,-2.0765,2.2329,41.6536,88.9305
1742299390.084,3.217,1.243,-1.0972,-1.2349,-2.0742,2.174,41.6662,88.9615
1742299390.164,3.217,1.232,-1.1017,-1.2349,-2.0689,2.2212,41.5406,88.9267
1742299390.244,3.22,1.227,-1.1089,-1.2351,-2.0605,2.1635,41.6784,89.0258
1742299390.323,3.217,1.22,-1.1152,-1.2351,-2.0535,2.212,41.724,89.0441
1742299390.403,3.216,1.204,-1.118,-1.2353,-2.05,2.29,41.7199,88.9733
1742299390.483,3.221,1.204,-1.1229,-1.235,-2.0448,2.4458,41.6027,88.8344
1742299390.562,3.221,1.195,-1.1293,-1.2352,-2.0372,2.397,41.6546,88.8302
1742299390.642,3.219,1.189,-1.1345,-1.2352,-2.0314,2.4974,41.6371,88.7235
1742299390.722,3.22,1.176,-1.1363,-1.2351,-2.0291,2.4361,41.6666,88.7087
1742299390.801,3.218,1.165,-1.1405,-1.2354,-2.0242,2.5074,41.6309,88.672
1742299390.881,3.218,1.165,-1.1473,-1.2353,-2.016,2.513,41.7646,88.6474
1742299390.96,3.221,1.161,-1.1528,-1.2356,-2.0093,2.4667,41.8438,88.6583
1742299391.04,3.216,1.148,-1.1554,-1.2356,-2.0061,2.5009,41.8146,88.655
1742299391.12,3.221,1.141,-1.1581,-1.2354,-2.003,2.4742,41.8382,88.7496
1742299391.199,3.217,1.136,-1.1652,-1.2355,-1.995,2.4646,41.668,88.7378
1742299391.279,3.217,1.136,-1.1747,-1.236,-1.9829,2.4101,41.6058,88.937
1742299391.359,3.221,1.125,-1.1831,-1.2357,-1.9733,2.49,41.6712,88.8607
1742299391.438,3.223,1.107,-1.1887,-1.2357,-1.9667,2.6383,41.5027,88.7425
1742299391.518,3.221,1.093,-1.1951,-1.2357,-1.959,2.5851,41.6001,88.773
1742299391.717,3.221,1.07,-1.2077,-1.2358,-1.9433,2.6289,41.7138,88.6844
1742299393.847,3.229,1.005,-1.239,-1.2341,-1.9012,2.1579,41.0984,87.6121
1742299393.927,3.223,1.005,-1.239,-1.2342,-1.901,2.1423,41.0857,87.627
1742299394.007,3.223,1.007,-1.2389,-1.2342,-1.901,2.1599,41.0896,87.6438
1742299394.086,3.229,1.007,-1.239,-1.2342,-1.901,2.1683,41.1003,87.6207
1742299394.166,3.229,1.004,-1.2389,-1.2342,-1.901,2.1722,41.1107,87.609
1742299394.246,3.223,1.006,-1.239,-1.2341,-1.901,2.1482,41.1037,87.6187
1742299394.325,3.228,1.004,-1.2391,-1.234,-1.9009,2.1759,41.1311,87.5964
1742299394.405,3.228,1.006,-1.2392,-1.2338,-1.9011,2.2113,41.1409,87.5804
1742299394.485,3.224,1.006,-1.2387,-1.2341,-1.9015,2.2998,41.1223,87.485
1742299394.564,3.224,1.004,-1.2366,-1.2343,-1.9035,2.0544,41.1657,87.7884
1742299394.644,3.224,1.004,-1.2328,-1.2342,-1.9078,2.0392,41.1812,87.9218
1742299394.724,3.223,1.008,-1.2278,-1.2347,-1.9146,2.2466,41.3622,88.5947
1742299394.803,3.223,1.014,-1.221,-1.2349,-1.9255,2.9312,41.5634,88.4569
1742299394.883,3.227,1.014,-1.2122,-1.2356,-1.9361,2.8958,41.2594,88.4833
1742299394.963,3.227,1.027,-1.2033,-1.235,-1.9472,2.8763,41.0701,88.5474
1742299395.042,3.225,1.046,-1.1942,-1.2348,-1.9582,2.9268,40.9709,88.5288
1742299395.122,3.22,1.062,-1.1855,-1.2351,-1.9688,2.8761,40.8846,88.5749
1742299395.201,3.225,1.08,-1.1768,-1.2346,-1.9792,2.8121,40.8285,88.6235
1742299395.281,3.223,1.08,-1.1675,-1.2348,-1.9903,2.7252,40.6637,88.571
1742299395.361,3.223,1.098,-1.1586,-1.2351,-2.0013,2.702,40.4985,88.5563
1742299395.44,3.218,1.113,-1.1496,-1.2348,-2.0128,2.7899,40.3077,88.4716
1742299395.52,3.221,1.133,-1.1404,-1.2345,-2.0238,2.6107,40.2023,88.6653
1742299395.599,3.219,1.15,-1.1313,-1.2344,-2.0349,2.5873,40.0144,88.7185
1742299395.679,3.221,1.15,-1.1223,-1.2346,-2.046,2.4875,39.942,88.8906
1742299395.759,3.221,1.167,-1.1129,-1.2346,-2.0571,2.3065,39.8289,88.9868
1742299395.839,3.223,1.186,-1.104,-1.2345,-2.0682,2.2545,39.6432,88.9907
1742299395.918,3.225,1.205,-1.0956,-1.2344,-2.0796,2.3195,39.4641,88.923
1742299395.998,3.225,1.223,-1.087,-1.2338,-2.0908,2.4506,39.3156,88.8594
1742299396.077,3.221,1.223,-1.078,-1.234,-2.1021,2.3685,39.1337,88.9004
1742299396.157,3.221,1.241,-1.0696,-1.2335,-2.1135,2.4516,39.0441,88.9696
1742299396.237,3.218,1.258,-1.0605,-1.2339,-2.1252,2.4557,38.939,88.9867
1742299396.316,3.218,1.275,-1.0516,-1.2337,-2.1367,2.4165,38.8812,88.9713
1742299396.396,3.222,1.293,-1.0422,-1.2337,-2.1485,2.3137,38.8166,89.0071
1742299396.476,3.222,1.293,-1.0331,-1.2336,-2.1603,2.2898,38.6716,88.9089
1742299396.555,3.221,1.314,-1.0242,-1.2333,-2.172,2.258,38.4996,88.8766
1742299396.635,3.216,1.332,-1.0157,-1.2329,-2.1836,2.3828,38.3891,88.8813
1742299396.834,3.22,1.369,-0.9939,-1.2331,-2.2115,2.0853,38.2019,89.2032
1742299397.033,3.22,1.404,-0.9718,-1.2328,-2.2402,1.916,37.8811,89.2889
1742299397.232,3.218,1.442,-0.9509,-1.2329,-2.269,1.9487,37.4225,89.3746
1742299397.431,3.216,1.479,-0.9302,-1.2315,-2.2975,1.9585,37.2761,89.5925
1742299397.511,3.212,1.497,-0.9212,-1.2314,-2.3088,1.8033,37.222,89.6785
1742299397.591,3.212,1.515,-0.9128,-1.2313,-2.3205,1.8291,37.1617,89.7132
1742299397.67,3.212,1.515,-0.904,-1.2312,-2.3325,1.8435,36.9318,89.5974
1742299397.75,3.212,1.534,-0.8957,-1.2307,-2.3441,1.892,36.7862,89.57
1742299397.83,3.215,1.554,-0.8875,-1.2304,-2.3555,1.8248,36.5991,89.7009
1742299397.909,3.211,1.57,-0.879,-1.2304,-2.3671,1.7415,36.4962,89.7646
1742299398.108,3.216,1.61,-0.8572,-1.2305,-2.3967,1.4397,36.2437,89.8535
1742299398.188,3.215,1.629,-0.8488,-1.2302,-2.4085,1.3723,36.0856,89.8509
1742299398.268,3.215,1.629,-0.8412,-1.2299,-2.4202,1.4833,35.8793,89.7126
1742299398.347,3.214,1.649,-0.8334,-1.2296,-2.4315,1.5249,35.7853,89.7019
1742299398.427,3.208,1.666,-0.8259,-1.2296,-2.4429,1.5779,35.7847,89.6937
1742299398.507,3.212,1.682,-0.8186,-1.2295,-2.4545,1.5696,36.4135,89.7048
1742299398.586,3.202,1.682,-0.8118,-1.2295,-2.4668,1.5765,38.0123,89.5877
1742299398.666,3.202,1.7,-0.8053,-1.2292,-2.4786,1.5827,40.1419,89.6067
1742299398.745,3.193,1.711,-0.7985,-1.229,-2.4907,1.554,42.2705,89.602
1742299398.825,3.177,1.723,-0.7909,-1.2287,-2.5022,1.5337,44.2549,89.5094
1742299398.905,3.167,1.735,-0.782,-1.2284,-2.5126,1.4089,45.1599,89.5777
1742299398.985,3.171,1.735,-0.7721,-1.2282,-2.5229,1.5089,45.0888,89.5744
1742299399.064,3.171,1.753,-0.7624,-1.2278,-2.5329,1.4601,45.0288,89.6978
1742299399.144,3.171,1.771,-0.7531,-1.2276,-2.5429,1.4342,44.963,89.7831
1742299399.223,3.163,1.787,-0.7434,-1.2274,-2.5529,1.384,44.9608,89.8943
1742299399.303,3.163,1.807,-0.7336,-1.2271,-2.5628,1.2407,44.9725,89.9812
1742299399.383,3.155,1.807,-0.7242,-1.2273,-2.5727,1.1736,44.8938,90.0256
1742299399.462,3.155,1.824,-0.7147,-1.227,-2.5829,1.255,44.8134,89.9578
1742299399.542,3.15,1.841,-0.7055,-1.2266,-2.5928,1.4322,44.7423,89.7692
1742299399.621,3.145,1.857,-0.6965,-1.2265,-2.6027,1.4645,44.6417,89.7595
1742299399.701,3.147,1.875,-0.6876,-1.2266,-2.6124,1.4729,44.6342,89.8229
1742299399.781,3.142,1.875,-0.6785,-1.2262,-2.6222,1.5361,44.6456,89.862
1742299399.86,3.142,1.894,-0.6692,-1.2256,-2.6317,1.4316,44.7211,89.9983
1742299399.94,3.143,1.909,-0.6599,-1.2258,-2.6422,1.5776,44.7352,89.8937
1742299400.02,3.144,1.925,-0.6498,-1.2256,-2.6526,1.4804,44.751,89.8945
1742299400.099,3.145,1.942,-0.6402,-1.2245,-2.6627,1.4793,44.6864,89.9082
1742299400.179,3.146,1.942,-0.631,-1.2248,-2.673,1.5778,44.6889,89.8363
1742299400.258,3.146,1.96,-0.6226,-1.2243,-2.6828,1.7666,44.6809,89.7743
1742299400.338,3.151,1.977,-0.6126,-1.2243,-2.6924,1.5595,44.6364,89.9348
1742299400.418,3.153,1.995,-0.6034,-1.224,-2.7021,1.4901,44.6111,90.0593
1742299400.497,3.154,2.012,-0.5935,-1.2239,-2.7125,1.4288,44.5214,89.9653
1742299400.577,3.155,2.012,-0.5835,-1.2238,-2.7223,1.175,44.524,90.1278
1742299400.657,3.155,2.029,-0.5739,-1.2238,-2.7329,1.2402,44.44,89.997
1742299400.737,3.148,2.045,-0.5647,-1.223,-2.743,1.3871,44.3799,89.8231
1742299400.816,3.157,2.063,-0.5555,-1.2227,-2.7529,1.3826,44.3163,89.7736
1742299400.896,3.15,2.082,-0.5464,-1.2228,-2.7631,1.4279,44.2849,89.6642
1742299400.975,3.154,2.082,-0.5372,-1.2225,-2.7731,1.4655,44.2866,89.6394
1742299401.055,3.154,2.098,-0.5279,-1.2224,-2.7836,1.5527,44.2836,89.5676
1742299401.135,3.155,2.116,-0.5182,-1.2222,-2.7939,1.488,44.3462,89.5615
1742299401.214,3.149,2.132,-0.5084,-1.2217,-2.8041,1.4979,44.3203,89.5086
1742299401.294,3.155,2.151,-0.4985,-1.2219,-2.8142,1.35,44.2741,89.5591
1742299401.374,3.149,2.151,-0.4895,-1.2213,-2.8246,1.4824,44.2671,89.4392
1742299401.453,3.149,2.169,-0.4803,-1.2213,-2.8349,1.6504,44.2208,89.4168
1742299401.652,3.158,2.203,-0.4563,-1.2206,-2.8598,1.3619,44.1229,89.6459
1742299401.732,3.149,2.22,-0.4469,-1.2209,-2.8699,1.3315,44.0896,89.6504
1742299401.812,3.149,2.241,-0.4369,-1.2209,-2.8803,1.231,44.07,89.6726
1742299401.891,3.15,2.255,-0.428,-1.2207,-2.8904,1.3664,44.0188,89.556
1742299401.971,3.15,2.255,-0.4191,-1.2204,-2.9006,1.5298,44.0002,89.3513
1742299402.05,3.159,2.275,-0.4098,-1.2202,-2.9106,1.5428,43.9537,89.2784
1742299402.13,3.149,2.291,-0.4005,-1.2201,-2.921,1.6395,43.9718,89.2257
1742299402.21,3.148,2.305,-0.3914,-1.22,-2.9312,1.7064,43.9865,89.2246
1742299402.289,3.149,2.319,-0.3819,-1.2199,-2.9414,1.6905,44.059,89.2037
1742299402.369,3.149,2.319,-0.3722,-1.2194,-2.9518,1.6977,44.1471,89.1925
1742299402.449,3.152,2.338,-0.364,-1.2197,-2.9605,1.5975,44.1538,89.139
1742299402.528,3.159,2.359,-0.3619,-1.2197,-2.9626,1.5905,44.1169,89.1193
1742299402.608,3.159,2.371,-0.3626,-1.2197,-2.962,1.591,44.0993,89.1398
1742299402.688,3.152,2.376,-0.3631,-1.2196,-2.9614,1.6,44.1163,89.168
1742299402.767,3.152,2.376,-0.3633,-1.2196,-2.9613,1.5955,44.124,89.1596
1742299402.847,3.154,2.375,-0.3632,-1.2196,-2.9613,1.5936,44.1361,89.1594
1742299402.926,3.159,2.376,-0.3632,-1.2196,-2.9614,1.5998,44.1385,89.1343
1742299403.006,3.159,2.372,-0.3632,-1.2196,-2.9614,1.5967,44.1328,89.1278
1742299403.086,3.16,2.373,-0.3632,-1.2196,-2.9614,1.5845,44.1263,89.1482
1742299403.165,3.16,2.373,-0.3633,-1.2196,-2.9614,1.5925,44.1269,89.126
1742299403.245,3.154,2.373,-0.3632,-1.2196,-2.9615,1.5889,44.1261,89.1319
1742299403.325,3.159,2.375,-0.3631,-1.2196,-2.9614,1.5976,44.1288,89.1473
1742299403.405,3.154,2.377,-0.3625,-1.2196,-2.9623,1.591,44.2072,89.1562
1742299403.484,3.153,2.375,-0.3588,-1.2197,-2.966,1.5488,44.1339,89.2402
1742299403.564,3.153,2.375,-0.3513,-1.2197,-2.9743,1.5403,44.162,89.1427
1742299403.643,3.152,2.375,-0.3403,-1.2196,-2.9865,1.6373,44.2137,89.0763
1742299403.723,3.154,2.391,-0.3276,-1.2191,-3.0,1.5983,44.1797,89.1432
1742299403.803,3.155,2.411,-0.315,-1.2187,-3.013,1.4876,44.0675,89.3424
1742299403.882,3.16,2.411,-0.3031,-1.2187,-3.0253,1.284,43.9973,89.4452
1742299403.962,3.16,2.433,-0.2922,-1.2189,-3.0368,1.1941,43.8848,89.4677
1742299404.041,3.163,2.455,-0.2824,-1.2185,-3.0477,1.322,43.7855,89.3678
1742299404.121,3.162,2.475,-0.273,-1.2178,-3.058,1.4026,43.7305,89.2992
1742299404.201,3.153,2.489,-0.2631,-1.2183,-3.0691,1.478,43.6329,89.2046
1742299404.281,3.162,2.489,-0.2532,-1.2179,-3.0805,1.6598,43.6358,89.1896
1742299404.36,3.162,2.511,-0.2427,-1.218,-3.0921,1.623,43.7401,89.2252
1742299404.44,3.161,2.525,-0.2312,-1.2177,-3.1047,1.6341,43.6724,89.1642
1742299404.52,3.15,2.549,-0.2197,-1.2176,-3.117,1.5862,43.7607,89.0952
1742299406.769,3.204,3.01,0.0955,-1.2115,-3.4331,0.9459,48.6583,88.0617
1742299406.849,3.204,3.028,0.104,-1.2106,-3.4434,1.6052,49.3159,87.0157
1742299406.929,3.2,3.032,0.1179,-1.2107,-3.4564,1.7997,49.1726,86.8279
1742299407.008,3.208,3.061,0.132,-1.2114,-3.4699,2.1815,48.9343,87.9413
1742299407.088,3.208,3.077,0.147,-1.2122,-3.4817,1.2105,47.9539,89.8146
1742299407.168,3.21,3.077,0.1504,-1.2124,-3.485,1.3352,47.7091,89.6236
1742299407.247,3.21,3.094,0.1476,-1.2126,-3.4824,1.4738,47.8839,89.4714
1742299407.327,3.204,3.103,0.1437,-1.2126,-3.479,1.5227,47.8741,89.454
1742299407.406,3.209,3.097,0.1416,-1.2127,-3.4771,1.5237,47.863,89.4259
1742299407.486,3.211,3.097,0.1412,-1.2126,-3.4767,1.5073,47.8454,89.446
1742299407.566,3.203,3.097,0.1411,-1.2127,-3.4765,1.4989,47.826,89.4183
1742299407.645,3.203,3.093,0.141,-1.2126,-3.4766,1.5142,47.8121,89.3866
1742299407.725,3.207,3.093,0.1411,-1.2127,-3.4766,1.4996,47.8032,89.3857
1742299407.805,3.21,3.093,0.1411,-1.2127,-3.4765,1.4923,47.8054,89.3777
1742299407.884,3.209,3.089,0.1412,-1.2126,-3.4766,1.5076,47.8255,89.3493
1742299407.964,3.209,3.089,0.1421,-1.2127,-3.4774,1.4808,47.8489,89.3648
1742299408.044,3.209,3.089,0.1449,-1.2125,-3.4802,1.4394,47.8234,89.4213
1742299408.123,3.21,3.094,0.15,-1.2125,-3.4851,1.4424,47.7868,89.4063
1742299408.203,3.209,3.093,0.1536,-1.2119,-3.4854,0.4166,47.6484,90.5337
1742299408.282,3.206,3.108,0.1533,-1.2119,-3.4852,0.499,47.7265,90.4912
1742299408.362,3.212,3.108,0.153,-1.2119,-3.4851,0.5337,47.724,90.4843
1742299408.442,3.212,3.108,0.1532,-1.2118,-3.4852,0.5697,47.5944,90.4878
1742299408.521,3.211,3.107,0.154,-1.2116,-3.4852,0.5267,47.247,90.5424
1742299408.601,3.207,3.108,0.1558,-1.2112,-3.4851,0.1675,46.9295,90.9077
1742299408.681,3.211,3.103,0.1574,-1.2104,-3.4864,0.247,46.6943,91.4056
1742299408.76,3.211,3.103,0.1602,-1.2098,-3.4892,0.2699,46.6731,92.0109
1742299408.84,3.211,3.103,0.1641,-1.2088,-3.4971,1.4626,46.8031,91.8099
1742299408.92,3.213,3.105,0.1716,-1.2087,-3.5054,1.5522,46.8286,91.8424
1742299408.999,3.207,3.116,0.181,-1.2084,-3.5146,1.5257,47.1613,91.6968
1742299409.079,3.204,3.132,0.1881,-1.2091,-3.5257,2.9058,47.1904,89.9622
1742299409.159,3.211,3.132,0.1955,-1.2097,-3.5362,4.1118,47.6344,87.5626
1742299409.238,3.211,3.149,0.2053,-1.2113,-3.5392,1.7721,47.561,89.1661
1742299409.318,3.231,3.173,0.2104,-1.2113,-3.5429,1.5011,48.1434,89.3899
1742299409.398,3.218,3.183,0.2113,-1.2113,-3.5443,1.6207,48.187,89.4501
1742299409.477,3.215,3.183,0.2117,-1.2111,-3.5448,1.6428,48.149,89.4088
1742299409.557,3.215,3.188,0.2132,-1.2112,-3.5462,1.6478,48.1424,89.5036
1742299409.636,3.222,3.189,0.2165,-1.2109,-3.5493,1.7227,47.9975,89.4874
1742299409.716,3.219,3.197,0.2229,-1.2108,-3.553,1.6403,46.622,89.5814
1742299409.796,3.218,3.196,0.2298,-1.2105,-3.5573,1.6312,45.1447,89.6408
1742299409.876,3.205,3.196,0.2365,-1.2104,-3.5636,1.6007,44.8987,89.7138
1742299409.955,3.205,3.202,0.2427,-1.2103,-3.5703,1.5939,45.0844,89.7209
1742299410.035,3.215,3.208,0.2485,-1.2102,-3.5762,1.5192,45.2006,89.77
1742299410.114,3.209,3.216,0.2538,-1.21,-3.5805,1.2561,44.9779,89.778
1742299410.194,3.214,3.228,0.2545,-1.2098,-3.581,1.1932,44.9357,89.7558
1742299410.274,3.215,3.228,0.2544,-1.2098,-3.5811,1.2006,44.9595,89.766
1742299410.353,3.215,3.237,0.2546,-1.2097,-3.5812,1.1506,44.9682,89.7734
1742299410.433,3.216,3.236,0.2555,-1.2096,-3.5817,1.0678,44.8505,89.7344
1742299410.513,3.216,3.235,0.2563,-1.2098,-3.5827,1.032,44.7796,89.6509
1742299410.592,3.21,3.232,0.2572,-1.2098,-3.5833,0.9152,44.6644,89.6736
1742299410.672,3.217,3.232,0.2587,-1.2094,-3.5848,0.8699,44.4999,89.5426
1742299410.751,3.217,3.239,0.2612,-1.2084,-3.588,0.949,44.5394,88.935
1742299410.831,3.209,3.241,0.2677,-1.2075,-3.5963,1.2252,44.662,87.8302
1742299410.911,3.215,3.244,0.2782,-1.2073,-3.6086,1.5892,44.643,87.4251
1742299410.99,3.21,3.261,0.291,-1.207,-3.6229,1.6798,44.3522,87.5179
1742299411.07,3.209,3.261,0.2989,-1.209,-3.6317,1.6686,43.6267,90.1678
1742299411.15,3.209,3.282,0.3079,-1.2091,-3.6408,1.4945,43.3792,89.9574
1742299411.229,3.205,3.294,0.3125,-1.209,-3.6466,1.6753,43.4429,89.743
1742299411.309,3.204,3.306,0.3157,-1.2085,-3.6503,1.6832,43.4612,89.739
1742299411.388,3.205,3.321,0.3194,-1.2082,-3.6546,1.6138,43.5116,89.7671
1742299411.468,3.206,3.321,0.3251,-1.2082,-3.6611,1.562,43.5386,89.7086
1742299411.548,3.206,3.326,0.3325,-1.2079,-3.6693,1.4988,43.5605,89.7455
1742299411.627,3.202,3.332,0.3404,-1.2075,-3.6778,1.491,43.5694,89.7662
1742299411.707,3.204,3.35,0.3479,-1.2076,-3.6863,1.4894,43.501,89.8521
1742299411.787,3.204,3.36,0.3548,-1.2072,-3.6938,1.5065,43.5481,89.9266
1742299411.986,3.207,3.389,0.37,-1.2068,-3.7115,1.5525,43.5497,89.8526
1742299412.185,3.201,3.41,0.3869,-1.2073,-3.7302,1.3591,43.574,89.9103
1742299412.384,3.211,3.438,0.4035,-1.2068,-3.7492,1.4153,43.5095,89.8785
1742299412.583,3.211,3.457,0.4094,-1.2061,-3.7558,1.3933,43.4197,89.95
1742299412.663,3.212,3.457,0.4094,-1.2059,-3.7557,1.3913,43.4256,89.9559
1742299412.742,3.212,3.46,0.4094,-1.206,-3.7557,1.3886,43.4231,89.9481
1742299412.822,3.215,3.461,0.4095,-1.2059,-3.7557,1.3903,43.4206,89.949
1742299412.902,3.216,3.459,0.4094,-1.2059,-3.7557,1.3855,43.4229,89.9428
1742299412.981,3.217,3.466,0.4096,-1.2059,-3.7558,1.3866,43.4149,89.9356
1742299413.061,3.217,3.466,0.4094,-1.206,-3.7557,1.394,43.4115,89.9355
1742299413.141,3.217,3.465,0.4094,-1.206,-3.7557,1.3954,43.41,89.9307
1742299413.34,3.212,3.466,0.4093,-1.206,-3.7556,1.3833,43.421,89.9379
1742299413.539,3.218,3.46,0.4094,-1.2059,-3.7556,1.3858,43.4148,89.9347
1742299413.619,3.217,3.46,0.4098,-1.206,-3.7561,1.3896,43.4308,89.9283
1742299413.698,3.217,3.461,0.4121,-1.2058,-3.7587,1.3925,43.4556,90.0082
1742299413.778,3.212,3.46,0.4181,-1.2056,-3.7657,1.436,43.4424,89.9975
1742299416.028,3.212,3.702,0.5856,-1.1976,-3.9511,1.1968,44.5028,92.3909
1742299416.107,3.214,3.713,0.5983,-1.1984,-3.967,1.7646,44.6395,91.2958
1742299416.187,3.212,3.728,0.6167,-1.2004,-3.986,1.6164,45.5135,88.8137
1742299416.267,3.212,3.728,0.6274,-1.1996,-3.9985,2.1982,45.785,88.1911
1742299416.346,3.212,3.762,0.6375,-1.2,-4.0056,1.1795,45.0085,89.9427
1742299416.426,3.221,3.794,0.6462,-1.2001,-4.0148,1.1359,45.3116,89.9188
1742299416.505,3.22,3.802,0.6533,-1.1994,-4.0225,1.1092,45.4908,89.9348
1742299416.585,3.221,3.819,0.6613,-1.1985,-4.029,0.7442,45.0106,89.8302
1742299416.665,3.222,3.819,0.6667,-1.1977,-4.0349,0.7381,45.0938,88.9073
1742299416.744,3.222,3.836,0.6725,-1.1967,-4.0415,0.8741,45.3063,88.0357
1742299416.824,3.224,3.847,0.6819,-1.1964,-4.0523,1.1135,45.4557,87.6658
1742299416.904,3.22,3.847,0.695,-1.1961,-4.0662,1.1411,45.4023,87.6108
1742299416.983,3.218,3.877,0.705,-1.1984,-4.0771,1.2002,45.0971,90.2844
1742299417.063,3.224,3.877,0.7214,-1.198,-4.0923,1.0787,45.2623,90.4517
1742299417.143,3.224,3.898,0.728,-1.1973,-4.1001,1.1283,45.2297,90.5541
1742299417.222,3.222,3.915,0.7337,-1.1972,-4.1064,1.0636,45.2867,90.5352
1742299417.302,3.221,3.934,0.7382,-1.197,-4.1115,1.0635,45.1527,90.4986
1742299417.381,3.22,3.946,0.7393,-1.197,-4.1123,1.0248,45.2041,90.4864
1742299417.461,3.225,3.946,0.7393,-1.197,-4.1122,1.0296,45.1945,90.5074
1742299417.541,3.225,3.951,0.7391,-1.1969,-4.1122,1.023,45.1888,90.4978
1742299417.621,3.221,3.951,0.7391,-1.1968,-4.1119,1.0191,45.1806,90.4904
1742299417.7,3.227,3.952,0.7392,-1.1968,-4.1121,1.0203,45.1752,90.4639
1742299417.78,3.228,3.952,0.739,-1.1968,-4.112,1.0219,45.1743,90.4574
1742299417.859,3.225,3.952,0.7392,-1.1968,-4.112,1.0204,45.167,90.4419
1742299417.939,3.225,3.951,0.7391,-1.1969,-4.112,1.0112,45.1582,90.4411
1742299418.019,3.227,3.95,0.7391,-1.1968,-4.112,1.0125,45.1497,90.4367
1742299418.098,3.22,3.952,0.7392,-1.1968,-4.1121,1.011,45.1415,90.4342
1742299418.178,3.221,3.951,0.7392,-1.1968,-4.1121,1.0039,45.1453,90.4289
1742299418.258,3.221,3.951,0.7391,-1.1968,-4.1121,0.9974,45.1417,90.4345
1742299418.337,3.221,3.951,0.7391,-1.1968,-4.112,0.992,45.1392,90.4345
1742299418.417,3.22,3.95,0.7391,-1.1969,-4.1121,0.9911,45.1316,90.4283
1742299418.497,3.221,3.952,0.7393,-1.1968,-4.112,0.9892,45.1358,90.424
1742299418.576,3.221,3.951,0.7391,-1.1968,-4.1119,0.9891,45.133,90.4342
1742299418.656,3.226,3.951,0.739,-1.197,-4.1118,0.9837,45.1494,90.4456
1742299418.735,3.226,3.952,0.7393,-1.1968,-4.1119,0.9764,45.1405,90.4401
1742299418.815,3.221,3.95,0.7392,-1.1968,-4.112,0.985,45.1434,90.4395
1742299418.895,3.225,3.952,0.739,-1.1968,-4.1118,0.9739,45.1551,90.4776
1742299419.094,3.221,3.952,0.7391,-1.1967,-4.1116,0.8862,45.3503,90.6336
1742299421.344,3.831,4.095,1.2521,-1.1461,-3.7943,4.1922,35.5391,89.5606
1742299421.423,3.86,4.086,1.2583,-1.1491,-3.7862,4.4541,34.7593,89.6564
1742299421.503,3.88,4.081,1.2661,-1.1514,-3.7792,4.4593,34.3741,89.3524
1742299421.583,3.899,4.088,1.2752,-1.1522,-3.7721,3.9199,34.5975,89.5927
1742299421.662,3.918,4.088,1.2846,-1.1514,-3.7665,4.351,35.0159,89.2397
1742299421.742,3.918,4.09,1.2949,-1.152,-3.7601,4.9154,34.5189,88.4425
1742299421.822,3.925,4.088,1.3048,-1.1544,-3.7491,4.316,34.5122,89.5586
1742299421.901,3.945,4.091,1.3153,-1.155,-3.7406,4.7782,34.6045,89.4965
1742299421.981,3.945,4.091,1.3255,-1.1544,-3.7335,5.9414,34.6575,88.3109
1742299422.061,3.98,4.091,1.3356,-1.1532,-3.7244,5.8884,34.9688,87.988
1742299422.14,3.98,4.091,1.3462,-1.152,-3.714,4.865,35.0734,88.3287
1742299422.22,4.0,4.09,1.3544,-1.1521,-3.7059,5.2849,35.1138,87.7112
1742299422.299,4.011,4.086,1.3603,-1.1544,-3.6989,6.3507,35.5728,87.2358
1742299422.379,4.027,4.086,1.3674,-1.1581,-3.6918,5.6795,36.5557,87.7781
1742299422.459,4.039,4.086,1.3729,-1.1616,-3.687,4.742,37.8156,88.333
1742299422.538,4.039,4.076,1.3732,-1.1652,-3.6853,5.6011,39.0939,87.6794
1742299422.618,4.036,4.066,1.3721,-1.1679,-3.6842,5.9489,40.6514,87.1444
1742299422.698,4.026,4.058,1.3712,-1.1695,-3.6822,5.1453,42.1546,87.2246
1742299422.777,4.018,4.049,1.3687,-1.1718,-3.6802,4.7635,43.3679,87.2473
1742299422.857,4.012,4.049,1.3665,-1.1753,-3.6779,4.6255,44.2111,87.4915
1742299422.937,4.012,4.047,1.365,-1.1779,-3.6738,3.4914,44.8489,88.7646
1742299423.016,4.009,4.043,1.3653,-1.1776,-3.6711,2.4944,44.6854,89.0126
1742299423.096,4.008,4.037,1.3648,-1.1783,-3.667,1.2908,44.1523,90.4747
1742299423.175,3.985,4.035,1.3653,-1.1797,-3.6647,0.7545,43.7326,91.3308
1742299423.255,3.983,4.035,1.3656,-1.1803,-3.6645,0.3712,43.4118,91.5348
1742299423.335,3.983,4.029,1.3656,-1.1809,-3.6654,0.1848,42.6429,91.4306
1742299423.414,3.987,4.028,1.3652,-1.1816,-3.6664,0.1971,41.9356,91.1813
1742299423.494,3.988,4.028,1.3646,-1.1817,-3.6663,0.3465,41.6776,90.9826
1742299423.574,3.988,4.029,1.3642,-1.182,-3.6665,0.4914,41.4792,90.7559
1742299423.653,3.988,4.029,1.3641,-1.182,-3.6665,0.5331,41.4888,90.73
1742299423.733,3.988,4.03,1.364,-1.1818,-3.6662,0.4526,41.4942,90.788
1742299423.813,3.987,4.03,1.3643,-1.1818,-3.6667,0.5345,41.5079,90.6755
1742299423.892,3.988,4.029,1.3644,-1.1818,-3.6667,0.5181,41.5295,90.6911
1742299423.972,3.987,4.03,1.3643,-1.1818,-3.6668,0.5597,41.5254,90.6654
1742299424.051,3.987,4.03,1.3645,-1.1819,-3.6668,0.5439,41.5309,90.68
1742299424.131,3.987,4.029,1.3644,-1.1818,-3.6669,0.5468,41.5325,90.6788
1742299424.211,3.988,4.03,1.3643,-1.1818,-3.6666,0.5272,41.5246,90.6993
1742299424.29,3.988,4.029,1.3643,-1.1818,-3.6666,0.5302,41.5269,90.7029
1742299424.37,3.988,4.03,1.3643,-1.1818,-3.6667,0.5331,41.5275,90.7054
1742299424.45,3.988,4.03,1.3644,-1.1817,-3.6666,0.5404,41.5238,90.7036
1742299424.529,3.988,4.029,1.3644,-1.1817,-3.6665,0.5543,41.5351,90.713
1742299424.609,3.988,4.03,1.3643,-1.1818,-3.6666,0.5541,41.5334,90.7165
1742299424.689,3.989,4.03,1.3643,-1.1818,-3.6665,0.545,41.534,90.722
1742299424.768,3.989,4.03,1.3643,-1.1817,-3.6664,0.5349,41.5304,90.7335
1742299424.848,3.988,4.03,1.3642,-1.1817,-3.6664,0.5495,41.5355,90.7234
1742299424.927,3.988,4.029,1.3643,-1.1817,-3.6663,0.5349,41.536,90.7328
1742299425.007,3.989,4.031,1.3642,-1.1817,-3.6664,0.5478,41.5392,90.7255
1742299425.087,3.989,4.03,1.3641,-1.1817,-3.6663,0.5434,41.5285,90.7322
1742299425.166,3.989,4.03,1.3643,-1.1816,-3.6664,0.5511,41.5339,90.7194
1742299425.246,3.987,4.03,1.3643,-1.1816,-3.6663,0.5504,41.5344,90.7237
1742299425.326,3.987,4.03,1.3641,-1.1816,-3.6661,0.5377,41.5263,90.7398
1742299425.405,3.989,4.032,1.3642,-1.1817,-3.6663,0.5384,41.5333,90.7405
1742299425.485,3.99,4.029,1.3642,-1.1816,-3.6662,0.5568,41.5376,90.7269
1742299425.565,3.989,4.03,1.3639,-1.1816,-3.6661,0.5526,41.543,90.7364
1742299425.644,3.988,4.03,1.3632,-1.1816,-3.6642,0.39,41.234,90.8444
1742299425.724,3.988,4.03,1.3578,-1.1815,-3.6599,0.5309,42.1517,90.7511
1742299425.804,3.988,4.029,1.3506,-1.1819,-3.6548,0.5291,43.9989,90.6913
1742299425.883,3.986,4.019,1.3428,-1.182,-3.6498,0.4478,45.9337,90.6608
1742299425.963,3.982,4.019,1.3353,-1.1822,-3.6444,0.5072,47.0762,90.5995
1742299426.042,3.986,4.01,1.329,-1.1824,-3.6379,0.379,47.1507,90.6951
1742299426.122,3.986,4.01,1.3227,-1.1825,-3.6315,0.4266,47.0188,90.6121
1742299426.202,3.986,4.0,1.3166,-1.1828,-3.6256,0.4996,46.8977,90.5789
1742299426.282,3.985,3.989,1.3109,-1.183,-3.6202,0.5032,46.8716,90.5834
1742299426.361,3.984,3.989,1.3056,-1.1833,-3.6149,0.5018,46.7053,90.6471
1742299426.441,3.983,3.976,1.3004,-1.1834,-3.6094,0.4828,46.5651,90.655
1742299426.52,3.983,3.967,1.295,-1.1833,-3.6037,0.3901,46.429,90.7097
1742299426.6,3.983,3.955,1.2893,-1.1832,-3.5978,0.3484,46.3553,90.7479
1742299426.68,3.982,3.945,1.2835,-1.1836,-3.5919,0.323,46.2981,90.789
1742299426.759,3.98,3.945,1.2776,-1.1837,-3.586,0.3262,46.2855,90.7779
1742299426.839,3.98,3.936,1.2716,-1.184,-3.5803,0.4483,46.1247,90.6558
1742299426.919,3.98,3.923,1.2662,-1.1841,-3.575,0.4944,45.9261,90.6599
1742299426.998,3.979,3.913,1.2637,-1.1835,-3.5746,1.1762,46.0994,89.741
1742299427.078,3.978,3.9,1.2633,-1.1835,-3.5742,1.1831,46.0218,89.6839
1742299427.158,3.974,3.9,1.2635,-1.1835,-3.5742,1.1115,46.0189,89.6977
1742299427.237,3.974,3.9,1.2634,-1.1835,-3.5744,1.1317,46.0327,89.6981
1742299427.317,3.975,3.899,1.2634,-1.1836,-3.5744,1.1335,46.0278,89.7031
1742299427.397,3.974,3.901,1.2634,-1.1836,-3.5744,1.127,46.0316,89.717
1742299427.476,3.975,3.9,1.2635,-1.1836,-3.5745,1.1354,46.034,89.7074
1742299427.556,3.976,3.9,1.2635,-1.1835,-3.5743,1.1054,45.9778,89.5568
1742299427.635,3.976,3.902,1.2609,-1.1826,-3.5711,1.0118,45.9892,88.5942
1742299427.715,3.976,3.898,1.2521,-1.1824,-3.5606,0.6207,45.2755,87.9332
1742299427.795,3.978,3.898,1.2372,-1.183,-3.5445,0.5399,44.9781,87.9647
1742299427.874,3.975,3.882,1.2203,-1.1837,-3.5221,-0.7296,44.1997,90.3943
1742299427.954,3.973,3.882,1.2028,-1.185,-3.5051,0.2962,43.3405,90.8384
1742299428.034,3.973,3.844,1.1901,-1.186,-3.4925,0.7242,42.7569,90.4299
1742299428.113,3.977,3.809,1.1826,-1.1862,-3.4829,0.6283,42.6188,90.4299
1742299428.193,3.971,3.784,1.1769,-1.1865,-3.4761,0.6457,42.4968,90.338
1742299428.273,3.972,3.769,1.1721,-1.1859,-3.4696,0.3645,42.5019,90.9918
1742299428.352,3.972,3.769,1.1695,-1.1851,-3.4662,0.2651,42.5709,91.5689
1742299428.432,3.972,3.759,1.1662,-1.1844,-3.4627,0.2611,42.5274,92.1118
1742299428.511,3.971,3.749,1.1585,-1.1839,-3.4542,0.3663,42.3156,92.7756
1742299428.591,3.973,3.745,1.1462,-1.1844,-3.4396,0.2925,42.0423,92.8904
1742299428.671,3.974,3.73,1.1328,-1.1857,-3.4237,0.4515,41.6241,91.5031
1742299428.75,3.977,3.73,1.1197,-1.1872,-3.4072,0.2334,41.3722,90.9418
1742299428.83,3.977,3.703,1.1093,-1.1876,-3.3949,0.7958,40.4676,90.2433
1742299428.91,3.982,3.677,1.103,-1.188,-3.3869,0.5089,40.4724,90.3864
1742299428.989,3.981,3.66,1.0991,-1.1881,-3.3818,0.513,40.3693,90.3622
1742299429.069,3.981,3.644,1.0956,-1.1882,-3.3774,0.5205,40.3351,90.3008
1742299429.149,3.984,3.644,1.0905,-1.1881,-3.371,0.541,40.192,90.3152
1742299429.228,3.984,3.638,1.0836,-1.1885,-3.3623,0.5207,40.0912,90.4095
1742299429.308,3.985,3.63,1.0753,-1.1884,-3.3516,0.5068,39.9343,90.5239
1742299429.387,3.984,3.613,1.067,-1.1889,-3.3406,0.486,39.695,90.5786
1742299429.467,3.986,3.598,1.0585,-1.1888,-3.3294,0.4559,39.5242,90.6366
1742299429.547,3.988,3.598,1.0505,-1.1892,-3.3191,0.4095,39.324,90.6229
1742299429.626,3.988,3.584,1.0435,-1.1894,-3.3098,0.4022,39.1746,90.639
1742299429.706,3.99,3.565,1.0369,-1.1894,-3.3011,0.4054,39.049,90.5645
1742299429.786,3.994,3.553,1.0307,-1.1896,-3.2927,0.3434,38.9382,90.5575
1742299429.865,3.996,3.539,1.0244,-1.1897,-3.2837,0.1952,38.9306,90.6519
1742299429.945,4.0,3.539,1.0169,-1.1902,-3.2741,0.1722,38.8248,90.7206
1742299430.025,4.0,3.527,1.0097,-1.1904,-3.2643,0.2208,38.6855,90.7671
1742299430.224,4.002,3.5,0.9914,-1.1907,-3.2399,0.3519,38.2207,90.8065
1742299430.303,4.008,3.482,0.9842,-1.1909,-3.2305,0.523,37.9179,90.695
1742299430.383,4.007,3.47,0.9777,-1.1913,-3.2212,0.4179,37.8661,90.6225
1742299430.463,4.01,3.458,0.9708,-1.1913,-3.2121,0.4563,37.752,90.5361
1742299430.542,4.012,3.458,0.964,-1.1917,-3.203,0.4524,37.7445,90.5563
1742299430.622,4.012,3.446,0.9574,-1.192,-3.1938,0.4748,37.6687,90.5543
1742299430.702,4.014,3.43,0.9509,-1.1918,-3.1848,0.4289,37.5432,90.7104
1742299430.781,4.018,3.416,0.9445,-1.1921,-3.1759,0.4526,37.4148,90.7368
1742299430.861,4.019,3.4,0.9393,-1.1913,-3.1726,1.4397,37.441,89.5362
1742299430.94,4.023,3.4,0.9383,-1.1908,-3.1708,1.174,37.2873,89.0217
1742299431.02,4.023,3.393,0.9357,-1.1906,-3.1666,1.1597,37.1158,88.5403
1742299431.1,4.023,3.388,0.9321,-1.1908,-3.1582,0.3881,37.0161,88.395
1742299431.179,4.022,3.383,0.9248,-1.1908,-3.1478,0.5026,36.8057,88.2558
1742299431.259,4.027,3.376,0.9171,-1.1906,-3.1358,0.3051,36.5061,88.5286
1742299431.339,4.035,3.376,0.9086,-1.1922,-3.1217,0.0841,35.6247,89.6932
1742299431.418,4.035,3.362,0.8973,-1.1942,-3.1065,0.2749,36.0283,91.0211
1742299431.498,4.042,3.342,0.8906,-1.1942,-3.0971,0.3304,35.7617,91.1221
1742299431.578,4.049,3.318,0.8885,-1.1941,-3.0944,0.3665,35.7253,91.1024
1742299431.657,4.049,3.318,0.8891,-1.1942,-3.0952,0.3434,35.726,91.0815
1742299431.737,4.051,3.307,0.8893,-1.1944,-3.0958,0.3472,35.7111,91.0515
1742299431.936,4.05,3.305,0.8895,-1.1945,-3.0959,0.327,35.7005,91.0881
1742299432.016,4.05,3.31,0.8894,-1.1945,-3.0959,0.3226,35.7007,91.0951
1742299432.095,4.05,3.307,0.8895,-1.1946,-3.0961,0.3305,35.7017,91.0922
1742299432.175,4.051,3.312,0.8894,-1.1946,-3.096,0.3237,35.7035,91.11
1742299432.255,4.053,3.312,0.8894,-1.1945,-3.0961,0.3254,35.6966,91.1192
1742299432.334,4.053,3.311,0.8896,-1.1946,-3.0962,0.3128,35.6997,91.1283
1742299432.414,4.051,3.306,0.8897,-1.1946,-3.0963,0.3229,35.702,91.1206
1742299432.493,4.051,3.313,0.8895,-1.1945,-3.0963,0.323,35.7026,91.1225
1742299432.573,4.053,3.313,0.8895,-1.1946,-3.0963,0.3382,35.7055,91.1242
1742299432.653,4.051,3.313,0.8896,-1.1947,-3.0964,0.3389,35.7126,91.1191
1742299432.732,4.051,3.304,0.8895,-1.1948,-3.0965,0.3492,35.7222,91.1146
1742299432.812,4.053,3.306,0.8896,-1.1948,-3.0965,0.3409,35.721,91.1168
1742299432.892,4.052,3.311,0.8898,-1.1947,-3.0965,0.3221,35.7177,91.1221
1742299432.971,4.051,3.313,0.8897,-1.1947,-3.0966,0.3146,35.7168,91.1225
1742299433.051,4.051,3.313,0.8898,-1.1948,-3.0966,0.3219,35.7079,91.1223
1742299433.131,4.051,3.305,0.8897,-1.1948,-3.0967,0.3313,35.7056,91.1199
1742299433.21,4.05,3.311,0.8896,-1.1948,-3.0967,0.3334,35.7035,91.1128
1742299433.29,4.052,3.307,0.8897,-1.1948,-3.0968,0.3279,35.6982,91.1077
1742299433.489,4.05,3.305,0.8888,-1.1948,-3.0954,0.317,35.6209,91.1204
1742299433.569,4.05,3.304,0.888,-1.1948,-3.0945,0.3442,35.61,91.1412
1742299433.648,4.047,3.304,0.887,-1.1949,-3.0929,0.3269,35.5387,91.1029
1742299433.728,4.047,3.311,0.8854,-1.1951,-3.0907,0.3728,35.52,91.1109
1742299433.807,4.051,3.307,0.8841,-1.1948,-3.0885,0.3499,35.5013,91.1388
1742299433.887,4.054,3.305,0.8826,-1.195,-3.0865,0.3339,35.4357,91.1274
1742299433.967,4.052,3.302,0.8814,-1.195,-3.0846,0.3276,35.3636,91.162
1742299434.046,4.055,3.302,0.8801,-1.1951,-3.0826,0.32,35.3501,91.1702
1742299434.126,4.055,3.294,0.8788,-1.1951,-3.0804,0.3366,35.2675,91.1633
1742299434.206,4.057,3.293,0.8773,-1.1952,-3.0786,0.292,35.4464,91.2178
1742299434.285,4.059,3.286,0.8757,-1.1952,-3.0767,0.2785,35.6738,91.2014
1742299434.365,4.056,3.292,0.8742,-1.1953,-3.0751,0.2567,35.9552,91.2065
1742299434.445,4.052,3.292,0.8728,-1.1954,-3.0737,0.3154,36.1959,91.1274
1742299434.524,4.052,3.281,0.8714,-1.1953,-3.0716,0.3054,36.1882,91.1956
1742299434.604,4.048,3.278,0.8698,-1.1956,-3.0696,0.3207,36.1636,91.2013
1742299434.684,4.047,3.275,0.8683,-1.1955,-3.0675,0.3894,36.1265,91.1595
1742299436.814,4.027,3.201,0.829,-1.1941,-3.0167,-0.5469,39.7659,93.3097
1742299436.894,4.026,3.195,0.8277,-1.1942,-3.0139,-0.8416,39.8984,93.3771
1742299436.973,4.031,3.19,0.8276,-1.1943,-3.0124,-1.2148,39.9039,93.2918
1742299437.053,4.031,3.19,0.829,-1.1944,-3.0107,-2.0045,39.8876,93.2425
1742299437.133,4.034,3.185,0.8285,-1.1945,-3.0092,-2.1541,39.9157,93.1926
1742299437.212,4.034,3.183,0.8251,-1.1949,-3.0076,-1.6061,39.954,92.9503
1742299437.292,4.04,3.184,0.8218,-1.1956,-3.0046,-1.2967,39.9463,92.3554
1742299437.372,4.034,3.184,0.817,-1.1968,-3.0027,-0.118,39.7669,91.2197
1742299437.451,4.03,3.184,0.8142,-1.1974,-3.0016,0.485,39.516,90.5739
1742299437.531,4.029,3.176,0.8143,-1.1973,-3.0019,0.518,39.5325,90.5157
1742299437.61,4.029,3.168,0.8144,-1.1972,-3.002,0.5158,39.5443,90.5101
1742299437.69,4.029,3.173,0.8143,-1.1973,-3.002,0.4973,39.5459,90.5115
1742299437.77,4.026,3.169,0.8139,-1.1973,-3.0016,0.5068,39.6127,90.4846
1742299437.849,4.026,3.169,0.8122,-1.1975,-2.9993,0.5036,39.5246,90.5144
1742299438.048,4.025,3.166,0.8075,-1.1973,-2.9947,0.7532,39.7273,90.0658
1742299438.128,4.025,3.162,0.8074,-1.1973,-2.9948,0.7838,39.7383,90.0463
1742299438.208,4.026,3.164,0.8074,-1.1972,-2.9948,0.7782,39.7501,90.0373
1742299438.287,4.027,3.159,0.8066,-1.1972,-2.9944,0.8601,39.8133,89.9565
1742299438.367,4.026,3.158,0.8057,-1.1971,-2.9939,1.0435,39.7796,89.7318
1742299438.447,4.026,3.158,0.8057,-1.197,-2.9936,0.9446,39.7632,89.7382
1742299438.526,4.026,3.158,0.8057,-1.1971,-2.9938,1.0084,39.7716,89.6803
1742299438.606,4.024,3.161,0.8058,-1.1971,-2.9936,0.9535,39.7793,89.7027
1742299438.686,4.026,3.162,0.8058,-1.1971,-2.9937,1.0,39.7676,89.6772
1742299438.765,4.025,3.162,0.8057,-1.1972,-2.9937,1.0035,39.7697,89.6737
1742299438.845,4.026,3.162,0.8057,-1.1972,-2.9938,0.9953,39.7651,89.671
1742299438.925,4.026,3.157,0.8058,-1.1972,-2.9938,0.9939,39.7678,89.6677
1742299439.004,4.025,3.156,0.8057,-1.1972,-2.9939,0.9846,39.768,89.6724
1742299439.084,4.027,3.156,0.8057,-1.1972,-2.9937,0.9776,39.7674,89.6782
1742299439.163,4.026,3.162,0.8057,-1.1972,-2.9939,0.9926,39.7665,89.664
1742299439.243,4.024,3.162,0.8057,-1.1973,-2.9938,0.9617,39.7487,89.6661
1742299439.323,4.024,3.162,0.8057,-1.1971,-2.9938,0.9624,39.7586,89.6664
1742299439.402,4.026,3.161,0.8056,-1.1972,-2.9937,0.9911,39.767,89.6013
1742299439.482,4.026,3.155,0.8044,-1.1966,-2.9923,1.1275,39.7004,89.0517
1742299439.562,4.026,3.163,0.8011,-1.1961,-2.9867,0.9669,39.4518,88.1544
1742299439.641,4.027,3.163,0.7926,-1.1962,-2.9751,0.7896,39.4382,88.049
1742299439.721,4.027,3.153,0.7839,-1.1961,-2.9621,0.3812,38.9202,87.9126
1742299439.801,4.028,3.147,0.7753,-1.1966,-2.9484,0.0539,38.0632,88.6133
1742299440.0,4.044,3.108,0.7602,-1.1974,-2.9237,-0.6433,36.8395,90.354
1742299442.13,4.078,3.047,0.7255,-1.1992,-2.88,0.8933,35.0042,90.2553
1742299442.21,4.078,3.043,0.7256,-1.1992,-2.8802,0.895,35.0017,90.2473
1742299442.289,4.079,3.041,0.7256,-1.1992,-2.8802,0.8881,35.0039,90.2503
1742299442.369,4.08,3.047,0.7256,-1.1992,-2.8801,0.8835,35.0017,90.2527
1742299442.449,4.081,3.047,0.7256,-1.1992,-2.8803,0.891,34.9968,90.2406
1742299442.528,4.079,3.047,0.7257,-1.1993,-2.8803,0.8853,34.9989,90.2553
1742299442.608,4.079,3.041,0.7255,-1.1993,-2.8803,0.8913,35.0028,90.2547
1742299442.688,4.079,3.041,0.7257,-1.1992,-2.8802,0.8852,34.9987,90.2541
1742299442.767,4.08,3.043,0.7256,-1.1993,-2.8803,0.8923,35.0003,90.2649
1742299442.847,4.08,3.043,0.7256,-1.1993,-2.8802,0.9001,34.9562,90.2527
1742299442.927,4.078,3.042,0.7245,-1.1991,-2.8799,1.1235,35.0145,90.1651
1742299443.006,4.078,3.047,0.7203,-1.1984,-2.8783,2.0883,34.8857,89.643
1742299443.086,4.079,3.04,0.7135,-1.1971,-2.869,2.1794,35.0278,90.4203
1742299443.166,4.08,3.036,0.7065,-1.1967,-2.8506,0.4734,35.0376,92.7456
1742299443.245,4.079,3.036,0.7001,-1.1952,-2.8357,-0.1806,34.2444,91.9892
1742299443.325,4.085,3.02,0.6982,-1.1974,-2.8202,-2.8584,34.7549,92.2239
1742299443.404,4.085,2.995,0.6883,-1.1981,-2.8104,-1.6041,34.7006,90.5557
1742299443.484,4.103,2.986,0.6791,-1.1985,-2.8045,-0.2004,35.2746,88.6513
1742299443.564,4.103,2.965,0.6744,-1.1988,-2.7973,-0.3958,34.9532,88.981
1742299443.643,4.095,2.965,0.671,-1.1988,-2.7935,-0.282,35.9687,88.6378
1742299443.723,4.095,2.958,0.6663,-1.1989,-2.7892,-0.2525,36.8507,88.7279
1742299443.803,4.092,2.939,0.6612,-1.199,-2.7827,-0.1578,36.9545,88.7147
1742299443.882,4.08,2.932,0.6544,-1.1993,-2.7732,-0.0994,36.5617,89.1184
1742299443.962,4.077,2.921,0.6419,-1.2012,-2.7577,0.2011,36.5697,90.9686
1742299444.042,4.083,2.921,0.6341,-1.2015,-2.746,0.2401,36.4454,90.777
1742299444.121,4.083,2.897,0.6276,-1.2016,-2.7362,0.2313,36.3312,90.7114
1742299444.201,4.085,2.877,0.6253,-1.2012,-2.7303,-0.4511,37.1273,91.4838
1742299444.281,4.089,2.861,0.6246,-1.201,-2.7277,-0.7274,37.1597,91.7372
1742299446.411,4.059,2.734,0.5342,-1.2033,-2.6418,0.5826,47.5724,89.9555
1742299446.491,4.059,2.727,0.5343,-1.2033,-2.6419,0.5994,47.5678,89.9468
1742299446.57,4.061,2.732,0.5343,-1.2034,-2.6419,0.6054,47.5653,89.9478
1742299446.65,4.06,2.732,0.5342,-1.2033,-2.6418,0.6241,47.571,89.9486
1742299446.729,4.061,2.732,0.5342,-1.2034,-2.6418,0.6111,47.5768,89.9525
1742299446.809,4.061,2.727,0.5341,-1.2035,-2.6418,0.6165,47.5896,89.9479
1742299446.889,4.061,2.727,0.5339,-1.2033,-2.6419,0.7292,47.6249,89.8639
1742299446.968,4.06,2.734,0.5324,-1.2032,-2.6417,1.1682,47.6565,89.6301
1742299447.048,4.061,2.726,0.5276,-1.2025,-2.6396,1.8917,47.5949,89.5451
1742299447.128,4.057,2.726,0.5175,-1.201,-2.6356,3.894,47.3935,87.9091
1742299447.207,4.057,2.721,0.5017,-1.2012,-2.6225,4.1235,47.0727,87.7431
1742299447.287,4.07,2.718,0.4864,-1.2012,-2.6037,3.1062,46.592,88.4946
1742299447.367,4.072,2.69,0.4775,-1.202,-2.5892,1.3771,46.4476,87.3234
1742299447.446,4.053,2.657,0.4639,-1.2013,-2.568,-1.7736,46.598,90.6313
1742299447.526,4.055,2.657,0.4508,-1.202,-2.5582,-0.1736,46.1316,88.3491
1742299447.605,4.055,2.637,0.4382,-1.2029,-2.5472,0.2041,46.2594,88.2572
1742299447.685,4.054,2.609,0.4241,-1.2045,-2.5321,-0.0152,45.9118,89.9558
1742299447.765,4.046,2.597,0.4126,-1.205,-2.5193,-0.1183,45.6362,90.3072
1742299447.844,4.043,2.566,0.4024,-1.2054,-2.5093,0.0218,45.2412,90.1719
1742299447.924,4.042,2.566,0.3952,-1.2046,-2.4967,-1.4885,45.8531,91.5295
1742299448.004,4.042,2.543,0.3898,-1.2035,-2.4868,-2.7512,46.0004,92.5291
1742299448.083,4.044,2.532,0.3798,-1.2036,-2.4763,-2.9012,45.9836,92.7958
1742299448.163,4.053,2.518,0.3714,-1.2027,-2.4646,-3.1039,44.181,93.0155
1742299448.243,4.056,2.518,0.3641,-1.2033,-2.4525,-3.358,42.9356,92.6678
1742299448.322,4.054,2.497,0.3556,-1.2026,-2.4408,-2.7426,41.5569,92.3284
1742299448.402,4.054,2.473,0.3385,-1.2059,-2.43,0.29,39.1615,90.3394
1742299448.481,4.061,2.459,0.3272,-1.2059,-2.414,0.2083,37.6125,90.2652
1742299448.561,4.059,2.44,0.3191,-1.2052,-2.3938,0.2437,33.5669,90.5192
1742299448.641,4.075,2.44,0.3108,-1.2057,-2.377,0.3043,31.5268,90.3783
1742299448.72,4.157,2.428,0.3018,-1.2062,-2.3616,0.2489,31.6757,90.2657
1742299448.8,4.157,2.43,0.2931,-1.2063,-2.3468,0.1235,31.7315,90.2581
1742299448.88,4.173,2.406,0.2844,-1.2064,-2.3323,0.0677,31.6783,90.2176
1742299448.959,4.177,2.383,0.2757,-1.2068,-2.3178,0.0326,31.7504,90.1573
1742299449.039,4.179,2.383,0.2665,-1.2068,-2.3029,0.1522,31.7142,90.1701
1742299449.119,4.179,2.369,0.2574,-1.2065,-2.2874,0.1573,31.8148,90.1916
1742299449.198,4.182,2.343,0.2468,-1.2064,-2.272,0.3705,32.1196,90.2421
1742299449.397,4.185,2.293,0.2203,-1.2077,-2.2454,-0.0568,39.2742,90.2833
1742299449.477,4.143,2.249,0.2178,-1.2077,-2.2431,-0.0156,39.2982,90.3726
1742299449.557,4.099,2.226,0.2191,-1.2076,-2.2443,0.0186,39.2041,90.2844
1742299449.636,4.092,2.226,0.22,-1.2076,-2.2454,0.0623,39.2281,90.2768
1742299449.716,4.092,2.224,0.2205,-1.2076,-2.2461,0.0539,39.212,90.2791
1742299449.795,4.095,2.226,0.2206,-1.2077,-2.2462,0.0606,39.2183,90.2811
1742299449.875,4.094,2.227,0.2205,-1.2077,-2.2463,0.0643,39.2092,90.2895
1742299449.955,4.093,2.228,0.2206,-1.2078,-2.2463,0.0549,39.2157,90.2999
1742299450.035,4.091,2.228,0.2208,-1.2078,-2.2462,0.0534,39.2268,90.3163
1742299450.473,4.093,2.227,0.2206,-1.2079,-2.2466,0.1037,39.2207,90.2709
1742299450.552,4.092,2.228,0.2206,-1.2079,-2.2466,0.0925,39.2071,90.2696
1742299450.751,4.091,2.227,0.2206,-1.208,-2.2467,0.0817,39.1992,90.2625
1742299452.882,4.206,2.019,0.0795,-1.2117,-2.0332,0.3419,33.0882,90.5659
1742299452.961,4.204,2.008,0.0734,-1.2118,-2.0231,0.2718,33.0852,90.5365
1742299453.041,4.203,2.008,0.0673,-1.2121,-2.0132,0.1668,33.1072,90.5316
1742299453.121,4.209,2.008,0.0609,-1.2123,-2.0031,0.1422,33.0734,90.5793
1742299453.2,4.209,1.977,0.0549,-1.2124,-1.993,0.085,33.0465,90.6275
1742299453.28,4.214,1.962,0.0488,-1.2124,-1.9834,0.0142,33.0833,90.6059
1742299453.36,4.215,1.948,0.0431,-1.2129,-1.974,0.0177,33.0342,90.6095
1742299453.439,4.218,1.948,0.0369,-1.2129,-1.9643,0.1028,32.9788,90.6445
1742299453.519,4.22,1.935,0.0306,-1.2127,-1.9553,0.0617,33.3762,90.7144
1742299453.599,4.22,1.919,0.0236,-1.2128,-1.9466,0.0544,34.6216,90.7134
1742299453.798,4.204,1.883,0.0042,-1.2136,-1.9244,-0.104,37.6374,90.6161
1742299453.997,4.177,1.843,-0.0136,-1.2141,-1.9005,-0.0281,37.254,90.5865
1742299454.196,4.178,1.815,-0.0302,-1.2144,-1.8784,0.1515,36.9788,90.4746
1742299454.395,4.181,1.788,-0.0464,-1.2145,-1.8554,0.1627,36.8,90.4124
1742299454.594,4.189,1.762,-0.0635,-1.2152,-1.8315,0.026,36.685,90.4446
1742299454.674,4.19,1.747,-0.0696,-1.2155,-1.8222,-0.0592,36.4956,90.4607
1742299454.753,4.196,1.731,-0.0761,-1.2155,-1.8131,-0.0912,36.3894,90.4364
1742299454.953,4.2,1.705,-0.0927,-1.2158,-1.7915,-0.0902,37.1509,90.4924
1742299455.032,4.204,1.705,-0.0997,-1.2157,-1.7823,-0.1175,37.2868,90.568
1742299455.112,4.204,1.691,-0.1066,-1.2163,-1.7732,-0.0958,37.298,90.4973
1742299455.191,4.196,1.674,-0.114,-1.216,-1.7637,0.1102,37.1177,90.4469
1742299455.271,4.194,1.663,-0.1204,-1.2161,-1.7541,-0.1165,37.2893,90.5748
1742299455.59,4.201,1.616,-0.1467,-1.2172,-1.7178,0.0191,36.6241,90.6293
1742299455.789,4.207,1.592,-0.163,-1.2172,-1.6949,0.0917,36.5525,90.652
1742299457.919,4.189,1.35,-0.3161,-1.2186,-1.5099,0.1294,42.1531,90.3828
1742299457.999,4.189,1.338,-0.326,-1.2189,-1.4978,0.0941,41.9381,90.4501
1742299458.079,4.189,1.322,-0.3365,-1.2194,-1.4859,0.0481,41.8614,90.5092
1742299458.158,4.193,1.302,-0.3468,-1.2194,-1.4756,0.0465,42.859,90.5935
1742299458.238,4.193,1.28,-0.3577,-1.2193,-1.468,0.1842,45.4166,90.4011
1742299458.317,4.188,1.28,-0.3683,-1.2196,-1.4606,-0.0586,47.7234,90.4932
1742299458.397,4.188,1.265,-0.3769,-1.219,-1.4537,-0.4882,48.8082,90.5562
1742299458.477,4.193,1.254,-0.3832,-1.2189,-1.4485,-0.8253,49.8684,90.5565
1742299458.556,4.2,1.244,-0.3895,-1.2191,-1.444,-1.0096,50.8132,90.7708
1742299458.636,4.208,1.238,-0.3965,-1.2189,-1.4392,-0.933,51.8009,90.4272
1742299458.716,4.219,1.238,-0.4004,-1.2183,-1.4364,-0.7727,51.8995,89.67
1742299458.795,4.219,1.233,-0.4014,-1.2179,-1.4351,-0.727,51.8571,89.3791
1742299458.875,4.225,1.226,-0.4016,-1.218,-1.4351,-0.5616,51.9249,89.2461
1742299458.955,4.228,1.224,-0.4014,-1.2178,-1.4351,-0.517,51.9217,89.2132
1742299459.034,4.226,1.224,-0.4015,-1.2179,-1.4351,-0.4491,51.9332,89.1633
1742299459.114,4.226,1.223,-0.4013,-1.2179,-1.4349,-0.4355,51.9324,89.1338
1742299459.193,4.226,1.223,-0.4014,-1.2178,-1.435,-0.3725,51.9308,89.1011
1742299459.273,4.225,1.223,-0.4015,-1.2179,-1.4349,-0.3414,51.9362,89.0745
1742299459.353,4.224,1.224,-0.4015,-1.2179,-1.4348,-0.3046,51.9373,89.0424
1742299459.433,4.225,1.224,-0.4015,-1.2179,-1.4348,-0.3052,51.9511,89.0158
1742299459.512,4.224,1.223,-0.4007,-1.218,-1.4355,-0.2123,51.9975,89.0261
1742299459.592,4.224,1.225,-0.3967,-1.2192,-1.4398,-0.0525,52.3777,90.2374
1742299459.671,4.223,1.223,-0.3844,-1.2186,-1.4496,0.1452,51.947,90.2232
1742299459.751,4.225,1.235,-0.3697,-1.2189,-1.4617,0.2066,51.9497,90.1782
1742299459.831,4.229,1.235,-0.3546,-1.219,-1.4745,0.372,51.7252,89.9527
1742299459.91,4.225,1.251,-0.3407,-1.2186,-1.4855,0.3977,51.5384,89.9148
1742299459.99,4.225,1.275,-0.3307,-1.2187,-1.4937,0.266,51.4021,89.9364
1742299460.069,4.224,1.3,-0.3279,-1.2187,-1.4961,0.0977,51.2394,90.0745
1742299460.149,4.224,1.313,-0.3295,-1.2187,-1.4947,-0.0128,51.2147,90.2162
1742299460.229,4.225,1.313,-0.3312,-1.2188,-1.4935,0.0021,51.2471,90.1947
1742299460.428,4.227,1.313,-0.332,-1.2188,-1.4929,-0.1038,51.2565,90.2922
1742299460.508,4.227,1.311,-0.3327,-1.2186,-1.4929,-0.2003,51.1824,90.3304
1742299460.587,4.224,1.312,-0.3352,-1.2188,-1.4901,-0.2432,51.1444,90.3445
1742299460.667,4.224,1.312,-0.3428,-1.2189,-1.4831,-0.1633,50.1293,90.344
1742299460.746,4.226,1.305,-0.3532,-1.2189,-1.4718,-0.1226,48.7333,90.3071
1742299460.826,4.217,1.305,-0.3624,-1.2179,-1.4602,-0.7677,48.0655,90.3077
1742299460.906,4.217,1.282,-0.3667,-1.2167,-1.4549,-0.2826,46.9752,88.5747
1742299460.985,4.201,1.26,-0.3725,-1.2166,-1.4467,-0.2035,45.235,88.5658
1742299461.065,4.199,1.25,-0.3823,-1.2173,-1.4366,-0.3427,45.0605,88.8218
1742299461.145,4.192,1.234,-0.3931,-1.2175,-1.4252,-0.2327,44.7925,88.8365
1742299461.224,4.189,1.234,-0.4034,-1.2173,-1.4147,0.0684,44.5297,88.5793
1742299461.304,4.189,1.216,-0.4131,-1.2175,-1.4038,-0.0144,44.1502,88.932
1742299461.384,4.188,1.196,-0.4221,-1.2177,-1.3941,0.0177,43.9474,89.1518
1742299461.463,4.186,1.176,-0.4317,-1.2187,-1.3833,0.1295,43.5552,89.7985
1742299461.543,4.184,1.159,-0.4425,-1.2193,-1.3711,-0.1579,43.9346,91.0464
1742299461.623,4.185,1.159,-0.4474,-1.2181,-1.3642,-0.6117,44.0355,92.0345
1742299461.702,4.185,1.141,-0.4504,-1.2176,-1.3621,-0.2102,43.8599,92.1849
1742299461.782,4.187,1.127,-0.45,-1.2174,-1.3588,-1.3759,43.7659,92.5702
1742299461.861,4.184,1.123,-0.4497,-1.217,-1.3515,-3.2595,43.6147,92.8267
1742299462.061,4.203,1.106,-0.4834,-1.2175,-1.3177,-1.944,43.889,92.9521
1742299462.14,4.198,1.085,-0.497,-1.2181,-1.3024,-1.8418,44.1,92.6094
1742299462.22,4.197,1.085,-0.5071,-1.2183,-1.29,-2.1677,44.0941,92.3305
1742299462.3,4.197,1.061,-0.515,-1.2184,-1.2838,-1.3487,44.3329,92.0969
1742299462.379,4.199,1.034,-0.5169,-1.2183,-1.2828,-1.1149,44.3162,91.9855
1742299462.459,4.197,1.025,-0.5156,-1.2186,-1.2832,-1.5034,44.2019,91.9729
1742299462.539,4.192,1.021,-0.5155,-1.2185,-1.2831,-1.5323,44.2351,91.9767
1742299462.618,4.194,1.021,-0.5155,-1.2186,-1.2831,-1.5752,44.2409,91.9675
1742299462.698,4.194,1.023,-0.5155,-1.2185,-1.2831,-1.5996,44.2271,91.9381
1742299462.777,4.196,1.023,-0.5155,-1.2186,-1.2832,-1.6339,44.2274,91.9544
1742299462.857,4.193,1.024,-0.5154,-1.2186,-1.2833,-1.6251,44.2086,91.9938
1742299462.937,4.194,1.021,-0.5155,-1.2187,-1.2831,-1.6272,44.2312,91.9449
1742299463.016,4.194,1.021,-0.5158,-1.2186,-1.2828,-1.637,44.1693,91.8495
1742299463.215,4.192,1.023,-0.539,-1.221,-1.2658,0.721,43.8206,89.1463
1742299463.295,4.192,1.014,-0.549,-1.2187,-1.2591,2.2113,43.7377,87.7304
1742299463.375,4.183,0.996,-0.5553,-1.2187,-1.2488,1.3676,43.4443,87.3271
1742299463.693,4.178,0.942,-0.5976,-1.2184,-1.1946,0.3898,42.4056,87.4967
1742299463.773,4.182,0.917,-0.6083,-1.2183,-1.1827,0.5192,41.9087,87.5831
1742299463.853,4.183,0.9,-0.6197,-1.2186,-1.1678,0.4275,41.339,88.1789
1742299463.932,4.185,0.88,-0.6376,-1.2186,-1.1557,2.915,39.3067,89.1805
1742299464.012,4.185,0.88,-0.6488,-1.2185,-1.1452,3.8045,39.4715,88.3377
1742299464.091,4.185,0.858,-0.6589,-1.2178,-1.1326,4.0676,39.2586,87.7345
1742299464.171,4.181,0.839,-0.6694,-1.2178,-1.1165,3.4719,38.6673,88.4257
1742299464.37,4.195,0.799,-0.6898,-1.216,-1.0812,1.9069,39.1669,90.4674
1742299464.45,4.211,0.78,-0.6961,-1.2159,-1.0788,2.4324,39.6124,90.1413
1742299464.53,4.203,0.761,-0.6902,-1.2164,-1.075,-1.1922,41.6137,89.6706
1742299464.609,4.191,0.761,-0.6943,-1.2163,-1.07,-1.7119,43.2358,89.5935
1742299466.74,4.184,0.522,-0.8535,-1.2241,-0.9067,1.3667,46.0704,89.4549
1742299466.819,4.185,0.522,-0.8536,-1.2243,-0.9069,1.3799,46.0672,89.4611
1742299466.899,4.185,0.522,-0.8551,-1.2243,-0.9057,1.3373,45.9987,89.4183
1742299466.979,4.184,0.524,-0.8607,-1.2244,-0.8999,1.3169,46.1117,89.507
1742299467.058,4.189,0.521,-0.8673,-1.2245,-0.8934,1.4499,46.056,89.5024
1742299467.138,4.185,0.513,-0.8712,-1.2246,-0.8897,1.4469,46.0873,89.5642
1742299467.218,4.188,0.51,-0.8717,-1.2247,-0.8892,1.4722,46.0603,89.5051
1742299467.297,4.188,0.51,-0.8715,-1.2249,-0.8894,1.5051,46.0534,89.478
1742299467.377,4.182,0.5,-0.8716,-1.2249,-0.8895,1.5012,46.0573,89.4766
1742299467.456,4.187,0.506,-0.8717,-1.2251,-0.8895,1.4937,46.043,89.5018
1742299467.536,4.184,0.5,-0.8742,-1.2252,-0.8866,1.6079,45.8361,89.3347
1742299467.616,4.184,0.5,-0.8798,-1.2252,-0.8787,1.7736,43.8596,89.3421
1742299467.695,4.184,0.5,-0.884,-1.2255,-0.8693,1.7862,40.7175,89.4803
1742299467.775,4.183,0.498,-0.8871,-1.2255,-0.8629,1.6202,39.6122,89.6089
1742299467.855,4.185,0.484,-0.8878,-1.2253,-0.8621,1.6763,39.565,89.5643
1742299467.934,2.694,0.476,-0.8873,-1.2255,-0.8625,1.6585,39.524,89.593
1742299468.014,2.696,0.477,-0.8873,-1.2255,-0.8627,1.6726,39.5224,89.5858
1742299468.094,2.696,0.477,-0.8876,-1.2257,-0.8629,1.642,39.5479,89.5534
1742299468.173,2.695,0.477,-0.8875,-1.2257,-0.8628,1.588,39.5411,89.5622
1742299468.253,2.696,0.477,-0.8876,-1.2258,-0.8629,1.5894,39.5512,89.5947
1742299468.332,2.69,0.472,-0.8876,-1.2258,-0.8629,1.5932,39.5345,89.6033
1742299468.412,2.696,0.477,-0.8876,-1.2259,-0.863,1.6102,39.5268,89.598
1742299468.492,2.696,0.477,-0.8878,-1.226,-0.863,1.6247,39.5255,89.6022
1742299468.571,2.698,0.472,-0.8873,-1.2261,-0.8637,1.6161,39.5622,89.5876
1742299468.651,2.691,0.473,-0.8833,-1.226,-0.869,1.6388,39.5846,89.6131
1742299468.731,2.686,0.473,-0.8728,-1.2255,-0.8816,1.4808,39.581,89.6155
1742299468.81,3.061,0.473,-0.8585,-1.2256,-0.8994,1.3605,39.4947,89.6021
1742299468.89,3.061,0.489,-0.8427,-1.2259,-0.9199,1.3246,39.2459,89.565
1742299468.97,3.059,0.513,-0.826,-1.2242,-0.9317,-0.3545,39.1169,91.1674
1742299469.049,4.043,0.535,-0.8243,-1.2222,-0.9427,1.8667,39.6863,91.5313
1742299469.129,4.056,0.562,-0.8169,-1.2234,-0.9511,1.2759,39.8375,92.0703
1742299469.209,4.185,0.562,-0.8072,-1.2232,-0.9675,2.0034,39.7078,91.0506
1742299469.288,4.185,0.575,-0.7954,-1.2244,-0.9877,3.3094,40.0174,88.0766
1742299469.368,4.189,0.591,-0.7791,-1.228,-1.0014,1.1353,39.9279,89.261
1742299469.447,4.183,0.621,-0.765,-1.2264,-1.018,1.132,40.1203,89.3306
1742299469.527,4.19,0.645,-0.753,-1.226,-1.033,1.2408,39.9717,89.313
1742299469.607,4.184,0.645,-0.7414,-1.2246,-1.0441,0.4879,39.3989,88.4134
1742299469.687,4.184,0.675,-0.7343,-1.2241,-1.0552,0.814,39.9998,87.5301
1742299469.766,4.195,0.694,-0.7244,-1.2232,-1.0652,-0.0396,40.5538,88.2614
1742299469.846,4.187,0.71,-0.7131,-1.2218,-1.0743,-1.3208,40.5515,89.0378
1742299469.925,4.182,0.725,-0.7039,-1.2217,-1.0862,-0.7829,40.1646,89.6374
1742299470.005,4.19,0.725,-0.6956,-1.2227,-1.1012,0.0536,40.5732,91.1956
1742299470.085,4.19,0.744,-0.6894,-1.2241,-1.1229,3.3276,40.1781,88.7027
1742299470.164,4.193,0.761,-0.6806,-1.2238,-1.1408,3.9412,40.1828,88.0869
1742299470.244,4.168,0.787,-0.6704,-1.2238,-1.152,3.6677,40.6322,88.3809
1742299470.324,4.165,0.809,-0.6594,-1.2248,-1.1649,3.4558,40.9097,88.0581
1742299470.523,4.174,0.851,-0.6322,-1.2245,-1.1885,0.7351,39.1875,87.5469
1742299470.603,4.18,0.851,-0.6232,-1.2243,-1.2004,0.5024,39.4394,87.8508
1742299470.682,4.18,0.867,-0.6106,-1.2246,-1.2158,0.4205,39.6991,87.9687
1742299472.932,4.163,1.154,-0.4524,-1.2216,-1.4103,0.3072,39.8237,88.8753
1742299473.012,4.164,1.155,-0.4525,-1.2217,-1.4102,0.2999,39.8401,88.8724
1742299473.091,4.164,1.155,-0.4523,-1.2215,-1.4103,0.3105,39.8259,88.8946
1742299473.171,4.165,1.153,-0.4524,-1.2215,-1.4103,0.2887,39.8532,88.903
1742299473.251,4.163,1.153,-0.4524,-1.2216,-1.4103,0.2774,39.8519,88.8897
1742299473.33,4.162,1.152,-0.4525,-1.2216,-1.4102,0.2851,39.8407,88.8921
1742299473.41,4.163,1.154,-0.4525,-1.2216,-1.4101,0.2564,39.861,88.8754
1742299473.49,4.163,1.154,-0.4525,-1.2216,-1.41,0.2554,39.8762,88.8901
1742299473.569,4.165,1.155,-0.4523,-1.2213,-1.4101,0.2665,39.8578,88.9009
1742299473.649,4.163,1.155,-0.4523,-1.2215,-1.4101,0.2989,39.8639,88.933
1742299473.729,4.163,1.154,-0.4522,-1.2213,-1.4102,0.2791,39.8596,88.9229
1742299473.808,4.163,1.155,-0.4515,-1.2213,-1.4106,0.1615,39.8565,89.0799
1742299473.888,4.163,1.155,-0.449,-1.2211,-1.4136,0.1552,39.9125,89.0203
1742299473.967,4.163,1.155,-0.4428,-1.2206,-1.4211,0.0831,40.1156,88.996
1742299474.047,4.163,1.158,-0.4327,-1.2211,-1.4339,0.1534,40.3899,88.8636
1742299474.127,4.161,1.167,-0.422,-1.2204,-1.4483,0.6698,41.5,88.6693
1742299474.206,4.159,1.189,-0.4144,-1.2216,-1.4561,0.2638,43.4102,90.6146
1742299474.286,4.159,1.189,-0.4051,-1.2218,-1.4661,0.5432,44.1913,90.4875
1742299474.366,4.154,1.21,-0.3973,-1.2224,-1.4737,0.4691,44.35,90.5763
1742299474.445,4.152,1.224,-0.3907,-1.2222,-1.4799,0.2239,44.7711,90.6226
1742299474.525,4.152,1.237,-0.3826,-1.2221,-1.4881,0.2537,44.9116,90.569
1742299474.605,4.155,1.251,-0.3725,-1.2212,-1.4982,0.3101,45.0949,90.4461
1742299474.684,4.155,1.251,-0.3611,-1.2218,-1.5101,0.1927,45.1371,90.395
1742299474.764,4.154,1.266,-0.3495,-1.2214,-1.5219,0.1165,45.0665,90.4056
1742299474.843,4.156,1.286,-0.3388,-1.2212,-1.5333,0.1746,44.9823,90.4028
1742299474.923,4.159,1.307,-0.3293,-1.2207,-1.5432,0.235,44.993,90.5315
1742299475.003,4.158,1.327,-0.3207,-1.2208,-1.5524,0.1861,45.0274,90.5857
1742299475.082,4.158,1.327,-0.3124,-1.2207,-1.5612,0.311,44.9676,90.5303
1742299475.162,4.157,1.343,-0.3037,-1.22,-1.5698,0.2396,44.9459,90.6392
1742299475.361,4.161,1.373,-0.2801,-1.2196,-1.5948,0.2601,44.8238,90.5303
1742299475.441,4.159,1.389,-0.2703,-1.2203,-1.6053,0.2474,44.7823,90.5598
1742299475.52,4.16,1.407,-0.2606,-1.22,-1.616,0.2677,44.7055,90.5952
1742299475.6,4.16,1.422,-0.2515,-1.2196,-1.6262,0.4335,44.7348,90.5552
1742299475.68,4.16,1.422,-0.2417,-1.2196,-1.6361,0.255,44.7329,90.6729
1742299475.879,4.163,1.457,-0.2181,-1.2188,-1.6604,0.0632,44.8752,90.6333
1742299475.959,4.162,1.478,-0.2091,-1.2187,-1.6698,0.0456,44.8071,90.6701
1742299476.038,4.162,1.492,-0.2005,-1.2188,-1.6794,0.0713,44.7616,90.665
1742299476.118,4.163,1.508,-0.1914,-1.2186,-1.6893,0.1187,44.8295,90.6566
1742299476.197,4.163,1.508,-0.1823,-1.2183,-1.6993,0.1856,44.8717,90.6272
1742299476.277,4.163,1.525,-0.1731,-1.218,-1.7093,0.2295,44.9214,90.5776
1742299476.357,4.162,1.543,-0.1635,-1.2177,-1.7193,0.2253,44.9319,90.5786
1742299476.436,4.164,1.561,-0.154,-1.2177,-1.7291,0.1963,44.9892,90.6191
1742299476.516,4.164,1.576,-0.1443,-1.2176,-1.7398,0.2908,45.0318,90.4166
1742299478.646,4.17,1.937,0.0883,-1.2126,-2.0166,0.0471,38.845,90.6623
1742299478.726,4.171,1.953,0.096,-1.2121,-2.0272,0.2605,38.8548,90.539
1742299478.806,4.168,1.969,0.1043,-1.2117,-2.0374,0.2283,38.8562,90.6399
1742299478.885,4.168,1.969,0.1127,-1.2115,-2.0482,0.2274,38.908,90.6083
1742299478.965,4.164,1.987,0.1212,-1.2111,-2.0587,0.1178,38.8782,90.6713
1742299479.045,4.165,2.004,0.1277,-1.2112,-2.067,0.107,38.8447,90.6321
1742299479.125,4.164,2.021,0.1296,-1.2111,-2.0694,0.1279,38.7442,90.5704
1742299479.204,4.163,2.03,0.1291,-1.2112,-2.0689,0.1436,38.7443,90.5916
1742299479.284,4.163,2.03,0.129,-1.2112,-2.0687,0.1304,38.7632,90.6053
1742299479.363,4.162,2.033,0.1289,-1.2112,-2.0688,0.1111,38.7604,90.6227
1742299479.443,4.164,2.031,0.1289,-1.2113,-2.0688,0.1,38.7539,90.6224
1742299479.522,4.166,2.031,0.1289,-1.2112,-2.0688,0.0983,38.7551,90.6306
1742299479.602,4.163,2.031,0.1289,-1.2112,-2.0689,0.1142,38.7426,90.62
1742299479.682,4.163,2.031,0.1289,-1.2113,-2.0689,0.1041,38.7553,90.6434
1742299479.761,4.162,2.031,0.1303,-1.2113,-2.0705,0.0758,38.7452,90.6325
1742299479.841,4.165,2.032,0.1347,-1.211,-2.0758,-0.0521,38.7303,90.855
1742299479.921,4.163,2.033,0.143,-1.2107,-2.0873,0.1201,38.6912,90.7935
1742299480.0,4.164,2.045,0.1545,-1.2106,-2.1025,0.1445,38.7347,90.8019
1742299480.08,4.164,2.045,0.1665,-1.2103,-2.1188,0.3094,38.8291,90.7382
1742299480.16,4.161,2.066,0.1785,-1.2099,-2.1342,0.22,38.9467,90.6531
1742299480.239,4.161,2.091,0.189,-1.2097,-2.1473,0.1612,38.9328,90.6119
1742299480.319,4.156,2.115,0.1974,-1.2096,-2.158,0.1176,38.9066,90.6629
1742299480.399,4.156,2.136,0.2048,-1.2093,-2.1676,0.0856,38.9405,90.717
1742299480.478,4.156,2.136,0.2122,-1.2091,-2.1773,0.1107,38.984,90.6883
1742299480.558,4.156,2.152,0.2211,-1.2085,-2.1886,0.0849,39.001,90.609
1742299480.638,4.155,2.167,0.2302,-1.2088,-2.2011,0.2284,39.1687,90.5462
1742299480.717,4.153,2.184,0.2391,-1.2085,-2.2145,0.2049,40.3249,90.382
1742299480.797,4.141,2.205,0.249,-1.2081,-2.2266,0.0237,41.0,90.4328
1742299480.876,4.141,2.205,0.2598,-1.2083,-2.2392,0.109,40.9192,90.1739
1742299480.956,4.117,2.221,0.2697,-1.208,-2.2513,0.1654,40.7017,90.1483
1742299481.036,4.114,2.242,0.2789,-1.2078,-2.2633,0.3424,40.6078,90.1238
1742299481.115,4.115,2.263,0.2893,-1.2076,-2.275,0.1182,40.6384,90.1271
1742299481.195,4.115,2.28,0.299,-1.2075,-2.2866,0.1608,40.6467,90.1237
1742299481.275,4.115,2.28,0.3084,-1.2072,-2.297,-0.4111,40.1958,90.7165
1742299481.354,4.116,2.302,0.3137,-1.2073,-2.3076,0.4752,38.8882,89.7508
1742299481.434,4.115,2.316,0.3185,-1.2074,-2.3147,0.0046,37.7895,90.3532
1742299483.684,4.13,2.717,0.5913,-1.1992,-2.6076,-0.0496,45.7445,91.3166
1742299483.764,4.121,2.717,0.6012,-1.1987,-2.6186,0.2004,45.4416,90.473
1742299483.843,4.119,2.732,0.617,-1.1982,-2.6247,-2.7669,45.4576,90.1079
1742299483.923,4.116,2.751,0.617,-1.1983,-2.6285,-1.2904,45.367,90.0148
1742299484.003,4.134,2.771,0.6186,-1.1991,-2.6303,-1.8027,45.5436,89.7785
1742299484.082,4.134,2.771,0.6192,-1.1989,-2.6302,-1.7843,45.6303,89.8337
1742299484.162,4.126,2.767,0.6191,-1.1989,-2.6301,-1.7323,45.6612,89.8499
1742299484.241,4.126,2.766,0.6183,-1.1988,-2.629,-1.838,45.7058,89.9442
1742299484.321,4.126,2.773,0.6134,-1.1984,-2.6219,-2.5639,45.7596,90.2565
1742299484.52,4.131,2.747,0.5589,-1.2014,-2.5743,-0.5087,46.3164,93.0347
1742299484.719,4.118,2.679,0.5142,-1.2016,-2.541,2.64,45.1125,89.7957
1742299484.799,4.105,2.646,0.5025,-1.202,-2.5324,3.9455,44.8682,88.1229
1742299484.879,4.105,2.646,0.4936,-1.2026,-2.5211,3.2225,44.6959,88.7112
1742299485.078,4.104,2.606,0.4828,-1.2031,-2.4938,-0.7141,44.4025,89.6558
1742299485.157,4.111,2.589,0.4768,-1.2033,-2.4908,-0.2317,44.3588,89.0204
1742299485.237,4.114,2.582,0.4763,-1.2032,-2.4891,-0.4415,44.3605,89.1813
1742299485.317,4.105,2.574,0.4768,-1.2032,-2.4898,-0.2152,44.3974,88.8259
1742299485.396,4.107,2.568,0.477,-1.2034,-2.4905,-0.1351,44.3996,88.7683
1742299485.476,4.107,2.568,0.4769,-1.2033,-2.4903,-0.2049,44.4002,88.8823
1742299485.556,4.107,2.57,0.4771,-1.2034,-2.4903,-0.1951,44.3916,88.8393
1742299485.635,4.106,2.57,0.477,-1.2034,-2.4903,-0.2065,44.3812,88.8431
1742299485.715,4.107,2.573,0.477,-1.2034,-2.4904,-0.2078,44.3712,88.8475
1742299485.794,4.106,2.569,0.477,-1.2033,-2.4904,-0.1892,44.3699,88.8308
1742299485.874,4.106,2.569,0.477,-1.2034,-2.4904,-0.1826,44.3846,88.8367
1742299486.073,4.108,2.575,0.4898,-1.2041,-2.5022,-0.7834,44.5053,90.7838
1742299486.153,4.11,2.578,0.4949,-1.2033,-2.5213,3.6787,44.4183,88.3294
1742299486.233,4.114,2.584,0.507,-1.2025,-2.5354,3.3403,44.4894,88.9991
1742299486.312,4.099,2.605,0.5222,-1.2022,-2.5517,3.3544,44.3496,88.8622
1742299486.392,4.097,2.625,0.5409,-1.2033,-2.5659,1.6242,44.2739,89.4324
1742299486.471,4.097,2.625,0.5576,-1.2037,-2.5762,-0.2541,44.1784,91.2326
1742299486.551,4.099,2.658,0.5651,-1.2017,-2.5802,-1.2451,44.8585,92.4375
1742299486.631,4.106,2.688,0.5727,-1.2008,-2.5849,-2.3478,44.7112,93.1287
1742299486.71,4.117,2.689,0.5805,-1.2011,-2.5941,-1.858,44.6838,93.1451
1742299486.79,4.122,2.689,0.5867,-1.2006,-2.6069,-1.0325,46.7978,92.6426
1742299486.87,4.122,2.704,0.5899,-1.2013,-2.6159,-1.0974,51.5665,93.0042
1742299486.949,4.115,2.722,0.5956,-1.2017,-2.6212,-2.5615,54.8495,93.2252
1742299487.029,4.144,2.763,0.6044,-1.2017,-2.6319,0.7113,58.2775,89.5526
1742299487.109,4.202,2.816,0.6166,-1.2008,-2.6438,2.6504,58.5872,87.2986
1742299487.188,4.265,2.816,0.6352,-1.2003,-2.654,1.8373,58.2877,87.555
1742299487.268,4.265,2.874,0.6571,-1.2007,-2.6647,0.2654,58.1259,89.1835
1742299487.347,4.266,2.898,0.6763,-1.1999,-2.675,-0.5818,57.6189,89.1285
1742299487.427,4.27,2.924,0.693,-1.1994,-2.6874,-0.0809,58.3332,88.428
1742299487.507,4.276,2.941,0.7047,-1.2007,-2.692,-0.0241,55.9069,90.0809
1742299487.587,4.276,2.941,0.7174,-1.2019,-2.6966,0.2845,52.1568,90.4317
1742299487.666,4.276,2.964,0.7296,-1.2012,-2.7046,0.4043,50.437,90.5549
1742299487.746,4.216,2.919,0.7408,-1.2005,-2.7143,0.3649,50.4951,90.6007
1742299487.825,4.186,2.914,0.7528,-1.2002,-2.7252,0.4482,50.8592,90.6111
1742299487.905,4.192,2.932,0.7664,-1.2,-2.7373,0.5135,51.1377,90.4477
1742299487.985,4.192,2.932,0.7821,-1.1996,-2.7488,0.2976,50.5865,90.5869
1742299488.064,4.198,2.955,0.7983,-1.1978,-2.752,-1.9106,47.2443,92.58
1742299488.144,4.204,2.98,0.8132,-1.1972,-2.7566,-2.6066,43.1201,93.0784
1742299488.224,4.193,2.983,0.8179,-1.1968,-2.7671,0.1325,41.7559,93.1208
1742299488.303,4.19,2.988,0.8269,-1.1953,-2.7804,0.6349,41.4569,92.8713
1742299488.383,4.19,2.988,0.8366,-1.1957,-2.8007,2.6058,41.766,90.4824
1742299488.463,4.177,3.003,0.8547,-1.1979,-2.8182,1.2585,42.4717,89.9262
1742299488.542,4.174,3.029,0.8692,-1.1993,-2.8316,-0.0658,43.1992,90.6925
1742299488.622,4.167,3.057,0.8838,-1.1986,-2.8479,0.3698,43.2119,90.2984
1742299488.701,4.171,3.084,0.8927,-1.1967,-2.8557,0.1235,42.59,89.7851
1742299488.781,4.171,3.084,0.8909,-1.1971,-2.854,0.1671,42.4687,90.2174
1742299488.861,4.174,3.107,0.8865,-1.1976,-2.8495,0.3665,42.7508,90.3919
1742299488.94,4.175,3.105,0.8846,-1.1977,-2.8474,0.3732,42.7689,90.4131
1742299489.02,4.173,3.093,0.8848,-1.1977,-2.8474,0.3849,42.7552,90.3889
1742299489.1,4.173,3.098,0.8849,-1.1977,-2.8477,0.4047,42.7521,90.38
1742299489.299,4.175,3.093,0.8849,-1.1977,-2.8479,0.4016,42.7648,90.3953
1742299489.498,4.173,3.093,0.8849,-1.1976,-2.8478,0.4186,42.7789,90.4025
1742299489.578,4.173,3.093,0.8848,-1.1977,-2.8478,0.4225,42.7913,90.4088
1742299489.657,4.173,3.092,0.8872,-1.1976,-2.8503,0.3457,42.8067,90.4945
1742299489.737,4.173,3.101,0.8932,-1.1968,-2.8564,0.2033,41.9423,90.0233
1742299489.817,4.174,3.095,0.8968,-1.1962,-2.8613,0.1654,41.4003,89.5883
1742299489.896,4.174,3.114,0.8989,-1.1959,-2.866,-0.103,40.2832,89.6154
1742299489.976,4.174,3.114,0.9048,-1.1949,-2.8751,-0.2587,39.1432,89.3122
1742299490.055,4.177,3.116,0.9137,-1.1944,-2.8901,0.5403,38.9573,88.1122
1742299490.135,4.186,3.137,0.9203,-1.1946,-2.8989,0.5176,38.6753,88.04
1742299490.215,4.179,3.162,0.9222,-1.1947,-2.9014,0.579,38.5297,88.0445
1742299490.294,4.182,3.174,0.9221,-1.1946,-2.9008,0.6166,38.6072,88.0305
1742299490.374,4.182,3.174,0.9221,-1.1947,-2.9008,0.6231,38.6117,88.0453
1742299490.454,4.179,3.168,0.9216,-1.1944,-2.9006,0.6516,38.6263,88.0537
1742299490.533,4.18,3.175,0.9215,-1.1944,-2.9006,0.6484,38.6053,88.0609
1742299490.613,4.182,3.168,0.9218,-1.1944,-2.9006,0.7829,38.2443,87.9251
1742299490.693,4.182,3.168,0.9218,-1.1943,-2.9003,0.8752,37.8592,87.8677
1742299490.772,4.182,3.168,0.9223,-1.1943,-2.901,0.9097,37.9838,87.8636
1742299490.852,4.186,3.178,0.9225,-1.1943,-2.9022,0.8822,38.36,87.9663
1742299490.931,4.188,3.17,0.9245,-1.1944,-2.9068,1.0696,38.9214,88.1635
1742299491.011,4.183,3.17,0.928,-1.1943,-2.9131,1.5616,38.8762,88.2514
1742299491.091,4.177,3.181,0.9339,-1.1954,-2.9197,1.1601,38.6602,88.9973
1742299491.17,4.177,3.181,0.9407,-1.1965,-2.9272,0.7338,38.3261,90.5501
1742299491.25,4.176,3.184,0.9485,-1.1957,-2.9328,-0.2011,38.2384,91.5157
1742299491.33,4.181,3.201,0.9518,-1.195,-2.9341,-1.076,38.428,92.19
1742299491.409,4.186,3.216,0.9514,-1.1949,-2.9343,-0.8626,38.4866,92.1715
1742299491.608,4.186,3.208,0.9532,-1.1936,-2.9384,-0.5068,38.7371,93.27
1742299493.62,4.162,3.468,1.1273,-1.1909,-3.1378,0.2615,42.8252,90.7658
1742299493.699,4.162,3.471,1.1273,-1.1909,-3.1377,0.2557,42.8212,90.7701
1742299493.779,4.162,3.471,1.1273,-1.1909,-3.1378,0.2675,42.8177,90.7433
1742299493.858,4.16,3.471,1.1273,-1.1909,-3.1378,0.2623,42.8129,90.7431
1742299493.938,4.162,3.472,1.1273,-1.191,-3.1377,0.2569,42.8126,90.7527
1742299494.018,4.162,3.473,1.1272,-1.1909,-3.1377,0.2531,42.8043,90.7485
1742299494.097,4.162,3.469,1.1274,-1.191,-3.1378,0.2429,42.8033,90.7535
1742299494.177,4.162,3.469,1.1273,-1.1909,-3.1376,0.2427,42.8003,90.7633
1742299494.257,4.162,3.468,1.1272,-1.191,-3.1377,0.2463,42.8014,90.7682
1742299494.336,4.163,3.47,1.1284,-1.1908,-3.139,0.242,42.8059,90.8452
1742299494.416,4.162,3.468,1.1342,-1.1908,-3.1456,0.2012,42.837,90.8577
1742299494.496,4.163,3.474,1.1433,-1.1904,-3.1558,0.2455,42.849,90.7501
1742299494.575,4.163,3.474,1.15,-1.1909,-3.1638,0.2497,42.856,90.7231
1742299494.655,4.161,3.489,1.1527,-1.1903,-3.1672,0.3332,42.9091,90.7623
1742299494.734,4.163,3.502,1.1559,-1.1902,-3.1708,0.3572,42.8878,90.7514
1742299494.814,4.162,3.509,1.1615,-1.1901,-3.1772,0.3294,42.9451,90.7421
1742299494.894,4.162,3.516,1.1694,-1.1895,-3.1861,0.366,42.9892,90.7034
1742299494.973,4.162,3.516,1.1792,-1.1893,-3.1971,0.3968,43.01,90.7245
1742299495.053,4.162,3.529,1.1901,-1.1895,-3.2093,0.3146,43.0012,90.6786
1742299495.133,4.16,3.546,1.2019,-1.189,-3.2224,0.2491,42.9578,90.6759
1742299495.212,4.162,3.566,1.2135,-1.1886,-3.2356,0.2837,43.0242,90.7325
1742299495.292,4.162,3.584,1.2242,-1.188,-3.2482,0.3389,43.1017,90.7833
1742299495.372,4.162,3.584,1.2339,-1.1882,-3.2599,0.5133,43.2571,90.7309
1742299495.451,4.162,3.608,1.244,-1.1878,-3.2713,0.5398,43.4199,90.6882
1742299495.531,4.159,3.628,1.2538,-1.1878,-3.282,0.5371,43.4397,90.6382
1742299495.611,4.161,3.646,1.2588,-1.1857,-3.2889,0.7561,43.4845,91.519
1742299495.69,4.162,3.665,1.2634,-1.1837,-3.291,-0.2107,43.5362,93.6333
1742299495.77,4.162,3.665,1.2704,-1.183,-3.295,-1.1847,43.5142,94.7097
1742299495.849,4.162,3.671,1.2778,-1.1823,-3.3011,-1.3396,44.4095,95.2013
1742299495.929,4.168,3.683,1.289,-1.1826,-3.3165,0.3849,45.6425,93.152
1742299496.009,4.174,3.698,1.3063,-1.1833,-3.3325,0.0158,46.0973,92.8767
1742299496.088,4.17,3.726,1.3245,-1.186,-3.3528,0.358,46.4004,90.5624
1742299496.168,4.17,3.726,1.3401,-1.1864,-3.3689,0.5645,46.5348,90.2179
1742299496.248,4.175,3.76,1.3526,-1.1853,-3.3813,0.5629,46.4872,90.2081
1742299496.327,4.175,3.793,1.3613,-1.1838,-3.3903,0.8217,46.3336,88.858
1742299496.407,4.177,3.813,1.3653,-1.1828,-3.3945,0.7071,46.0564,88.3717
1742299496.606,4.173,3.834,1.3773,-1.1826,-3.4037,1.1562,40.6407,88.3182
1742299496.686,4.173,3.839,1.3891,-1.1814,-3.4156,0.6615,40.8196,88.2331
1742299496.765,4.173,3.839,1.4023,-1.1813,-3.4324,0.6074,41.04,88.359
1742299496.845,4.177,3.85,1.4142,-1.1838,-3.4473,0.842,41.5299,90.5801
1742299496.924,4.178,3.878,1.4263,-1.1861,-3.4634,0.9797,41.7854,90.3414
1742299497.004,4.176,3.893,1.4395,-1.1829,-3.4774,0.6984,41.8652,90.6348
1742299497.084,4.174,3.919,1.4505,-1.1818,-3.4893,0.7163,41.8039,90.5589
1742299497.163,4.174,3.919,1.4586,-1.1816,-3.4994,0.7908,41.7078,90.5431
1742299497.243,4.175,3.942,1.4665,-1.1817,-3.5093,0.9328,41.6599,90.4856
1742299497.323,4.174,3.957,1.4764,-1.1815,-3.5211,0.9503,41.6276,90.4093
1742299497.402,4.172,3.976,1.4869,-1.1812,-3.5337,1.0861,41.5086,90.5104
1742299497.482,4.172,3.996,1.4987,-1.1804,-3.5474,1.0027,41.5364,90.477
1742299497.562,4.172,3.996,1.5082,-1.1805,-3.5582,0.8867,41.5429,90.534
1742299497.641,4.173,4.015,1.5112,-1.1804,-3.5616,0.8751,41.478,90.5283
1742299497.721,4.173,4.037,1.5102,-1.1804,-3.5603,0.9326,41.4366,90.5359
1742299497.801,4.173,4.045,1.5086,-1.1802,-3.5585,0.9241,41.4146,90.5592
1742299497.88,4.172,4.045,1.5074,-1.1803,-3.5574,0.8938,41.4125,90.5924
1742299497.96,4.172,4.042,1.507,-1.1801,-3.5571,0.9101,41.4422,90.5696
1742299498.04,4.173,4.038,1.5073,-1.1801,-3.5571,0.8916,41.4142,90.5667
1742299498.119,4.172,4.039,1.5075,-1.1802,-3.5572,0.8864,41.4041,90.561
1742299498.199,4.17,4.037,1.5073,-1.18,-3.557,0.8859,41.3915,90.5661
1742299498.278,4.172,4.037,1.5073,-1.1801,-3.5569,0.8818,41.3806,90.5632
1742299498.358,4.172,4.037,1.5074,-1.18,-3.5569,0.8663,41.3787,90.5675
1742299498.438,4.171,4.037,1.5072,-1.18,-3.5568,0.8714,41.383,90.5682
1742299498.517,4.171,4.037,1.5073,-1.18,-3.5568,0.8737,41.3802,90.5649
1742299498.597,4.172,4.035,1.5072,-1.1799,-3.5567,0.8763,41.3793,90.5633
1742299498.677,4.171,4.035,1.5071,-1.1799,-3.5566,0.876,41.3759,90.5583
1742299498.757,4.171,4.04,1.5072,-1.1799,-3.5566,0.8695,41.3686,90.5566
1742299498.836,4.172,4.039,1.5071,-1.1799,-3.5564,0.8665,41.3719,90.5651
1742299498.916,4.172,4.038,1.5071,-1.1799,-3.5564,0.8628,41.373,90.5578
1742299498.995,4.172,4.038,1.5072,-1.1799,-3.5565,0.8695,41.3703,90.5529
1742299499.075,4.172,4.038,1.507,-1.1799,-3.5564,0.8612,41.3718,90.5637
1742299499.155,4.172,4.037,1.5071,-1.1799,-3.5563,0.8589,41.3743,90.5594
1742299499.234,4.172,4.038,1.5072,-1.1798,-3.5564,0.8651,41.3723,90.5589
1742299499.314,4.172,4.039,1.507,-1.1798,-3.5562,0.8619,41.3714,90.5641
1742299499.513,4.173,4.038,1.5068,-1.1798,-3.5558,0.8502,41.3387,90.597
1742299499.593,4.173,4.035,1.5066,-1.1797,-3.5555,0.8479,41.3801,90.6029
1742299499.672,4.173,4.035,1.5062,-1.1798,-3.555,0.8375,41.3834,90.6026
1742299499.752,4.171,4.038,1.5062,-1.1798,-3.5548,0.8454,41.4033,90.6122
1742299499.832,4.171,4.036,1.5071,-1.1795,-3.5543,0.7593,42.0712,90.7682
1742299499.911,4.172,4.034,1.5087,-1.1791,-3.5536,0.5939,43.1422,91.0147
1742299499.991,4.172,4.036,1.5098,-1.1789,-3.5534,0.5435,43.4734,91.1179
1742299500.07,4.172,4.036,1.5102,-1.1789,-3.553,0.5357,43.6376,91.179
1742299500.15,4.171,4.038,1.5104,-1.1787,-3.5521,0.5199,44.0928,91.224
1742299500.23,4.172,4.04,1.511,-1.1786,-3.5512,0.6135,44.4062,91.1406
1742299500.309,4.174,4.038,1.5121,-1.1783,-3.55,0.6401,44.6655,91.1818
1742299500.389,4.175,4.039,1.5148,-1.178,-3.5469,0.5517,43.7925,91.3412
1742299500.469,4.175,4.039,1.5194,-1.1779,-3.5412,0.2939,42.5107,91.495
1742299500.548,4.177,4.04,1.5236,-1.1778,-3.5355,0.2988,42.6812,91.4757
1742299500.628,4.185,4.032,1.5269,-1.1777,-3.5293,0.6922,43.1683,91.3571
1742299500.708,4.197,4.032,1.5323,-1.1776,-3.5217,0.4936,42.3109,91.5416
1742299500.787,4.201,4.03,1.5377,-1.1773,-3.5136,0.5413,41.6672,91.7484
1742299500.867,4.201,4.03,1.5427,-1.177,-3.5058,0.5724,42.1056,91.9087
1742299500.946,4.217,4.027,1.5486,-1.1768,-3.4989,0.7158,42.6915,91.85
1742299501.026,4.231,4.024,1.5552,-1.1767,-3.4915,0.7646,42.7552,91.8915
1742299501.106,4.24,4.023,1.5623,-1.1762,-3.4835,0.7228,42.6322,92.2045
1742299501.186,4.252,4.019,1.571,-1.176,-3.4756,0.6061,42.3278,92.3238
1742299501.265,4.252,4.019,1.5799,-1.1759,-3.4679,0.5312,42.2488,92.3307
1742299501.345,4.268,4.019,1.5875,-1.1759,-3.4609,0.547,42.4796,92.2638
1742299501.424,4.284,4.019,1.5938,-1.1757,-3.4545,0.5422,42.8469,92.2672
1742299501.504,4.294,4.019,1.599,-1.1755,-3.4487,0.5745,42.7993,92.3169
1742299501.584,4.301,4.018,1.6047,-1.1756,-3.4427,0.4176,42.2728,92.3493
1742299501.663,4.301,4.018,1.6097,-1.1755,-3.436,0.4284,41.766,92.2797
1742299501.743,4.318,4.017,1.6135,-1.1756,-3.4291,0.4821,41.3662,92.262
1742299501.823,4.327,4.016,1.616,-1.1754,-3.4211,0.6081,40.7834,92.2137
1742299501.902,4.342,4.013,1.6183,-1.1754,-3.4132,0.5233,40.3448,92.2542
1742299501.982,4.354,4.008,1.6196,-1.1755,-3.4077,0.8248,40.5117,92.08
1742299502.061,4.354,4.008,1.6209,-1.1755,-3.405,0.9441,40.9867,91.9877
1742299502.141,4.363,4.005,1.6223,-1.1753,-3.4054,0.9758,41.3061,92.0436
1742299502.221,4.36,4.0,1.6252,-1.1755,-3.4075,0.8078,41.5056,92.1281
1742299502.3,4.363,4.002,1.6281,-1.1758,-3.4097,0.619,41.5638,92.1117
1742299502.38,4.366,4.007,1.6298,-1.1757,-3.4111,0.6143,41.9088,92.1855
1742299502.46,4.366,4.007,1.6321,-1.1757,-3.4116,0.5236,42.5607,92.055
1742299502.539,4.359,4.01,1.6338,-1.1758,-3.4107,0.6901,42.5592,91.829
1742299502.619,4.365,4.011,1.6348,-1.1761,-3.4101,0.4691,42.2365,91.7918
1742299502.699,4.361,4.013,1.6359,-1.1761,-3.4102,0.5564,41.814,91.7096
1742299502.778,4.363,4.012,1.6382,-1.1762,-3.4096,0.5612,41.3058,91.729
1742299502.858,4.363,4.012,1.6404,-1.1761,-3.4071,0.6518,42.7006,91.5994
1742299502.938,4.365,4.015,1.6439,-1.1759,-3.4036,0.6687,42.1162,91.6777
1742299503.017,4.37,4.014,1.6481,-1.1759,-3.4005,0.5055,40.673,91.8048
1742299503.097,4.38,4.014,1.6495,-1.1757,-3.3986,0.5055,40.8343,91.8686
1742299503.177,4.39,4.016,1.6508,-1.1755,-3.397,0.5583,41.2912,91.9153
1742299503.256,4.39,4.016,1.6525,-1.1757,-3.3959,0.6236,41.8512,91.8388
1742299503.336,4.384,4.013,1.6537,-1.1757,-3.3951,0.556,41.9059,91.8692
1742299503.415,4.386,4.013,1.6544,-1.1759,-3.3956,0.5627,41.9249,91.8148
1742299503.495,4.391,4.013,1.6544,-1.1764,-3.3968,0.7862,41.7315,91.4209
1742299503.575,4.388,4.013,1.6549,-1.1772,-3.3982,0.9192,41.4969,90.6811
1742299503.654,4.388,4.014,1.655,-1.1772,-3.3981,0.6161,41.6491,90.9203
1742299503.734,4.392,4.017,1.6554,-1.1772,-3.3982,0.5993,41.5612,90.9601
1742299503.814,4.391,4.017,1.6549,-1.1773,-3.3979,0.6567,41.5231,90.8806
1742299503.893,4.388,4.016,1.6548,-1.1773,-3.3979,0.7044,41.5162,90.8213
1742299503.973,4.39,4.016,1.655,-1.1772,-3.3979,0.6982,41.5547,90.8356
1742299504.053,4.39,4.017,1.6549,-1.1773,-3.398,0.7029,41.5797,90.8361
1742299504.132,4.386,4.016,1.6549,-1.1773,-3.398,0.7032,41.5815,90.8364
1742299504.212,4.386,4.016,1.6548,-1.1774,-3.398,0.7134,41.5842,90.8308
1742299504.292,4.392,4.015,1.6548,-1.1772,-3.3978,0.7203,41.5792,90.8318
1742299504.372,4.387,4.015,1.6549,-1.1772,-3.3979,0.7195,41.5779,90.8366
1742299504.451,4.387,4.017,1.6549,-1.1772,-3.3979,0.7163,41.5808,90.8397
1742299504.531,4.392,4.015,1.6549,-1.1773,-3.3978,0.7158,41.5784,90.841
1742299504.61,4.387,4.017,1.6549,-1.1772,-3.3979,0.712,41.5784,90.8469
1742299504.69,4.387,4.017,1.6548,-1.1772,-3.3976,0.7097,41.5863,90.859
1742299504.77,4.387,4.017,1.6547,-1.1772,-3.3977,0.7213,41.5785,90.8502
1742299504.849,4.39,4.017,1.6548,-1.1772,-3.3977,0.7161,41.5792,90.8568
1742299504.929,4.389,4.016,1.6546,-1.1772,-3.3976,0.7163,41.5801,90.8646
1742299505.008,4.391,4.015,1.6547,-1.1772,-3.3971,0.7618,41.3392,90.8091
1742299505.088,4.386,4.016,1.6527,-1.1773,-3.3954,0.7431,41.6302,90.76
1742299505.168,4.386,4.016,1.6476,-1.1774,-3.3898,0.9208,41.3195,90.6766
1742299505.247,4.392,4.016,1.6404,-1.1775,-3.3811,0.8723,41.2769,90.7677
1742299505.327,4.388,4.01,1.6324,-1.1779,-3.3713,0.8951,41.2864,90.7437
1742299505.407,4.387,3.996,1.6241,-1.1781,-3.3613,0.7621,41.2921,90.7544
1742299505.486,4.388,3.981,1.617,-1.1788,-3.3525,0.6893,41.2568,90.8217
1742299505.566,4.388,3.981,1.6109,-1.1786,-3.3448,0.6535,41.162,90.8445
1742299505.646,4.39,3.966,1.6057,-1.1788,-3.3385,0.6494,41.1245,90.8369
1742299505.725,4.39,3.952,1.6002,-1.1791,-3.3319,0.6119,41.1377,90.8516
1742299505.805,4.396,3.939,1.5939,-1.179,-3.3242,0.6485,41.1911,90.8187
1742299505.884,4.391,3.929,1.5862,-1.1795,-3.3157,0.6829,41.0818,90.88
1742299505.964,4.391,3.929,1.5781,-1.1797,-3.306,0.7082,41.0687,90.8614
1742299506.044,4.391,3.917,1.5699,-1.1799,-3.2965,0.8797,41.0102,90.7357
1742299506.123,4.39,3.9,1.5617,-1.1801,-3.2864,0.8161,41.0113,90.7615
1742299506.203,4.396,3.885,1.5537,-1.1803,-3.2775,0.962,40.9439,90.7243
1742299506.283,4.393,3.868,1.5474,-1.1804,-3.2691,0.7805,40.8661,90.8304
1742299506.362,4.393,3.868,1.5419,-1.1808,-3.2621,0.6478,40.8611,90.9179
1742299506.442,4.393,3.857,1.5371,-1.1811,-3.256,0.5919,40.7857,90.9558
1742299506.522,4.394,3.844,1.5324,-1.1814,-3.2503,0.6402,40.6949,90.943
1742299506.601,4.4,3.837,1.5277,-1.1816,-3.2446,0.6647,40.6243,90.9321
1742299506.681,4.4,3.827,1.5222,-1.1818,-3.2384,0.7533,40.555,90.8836
1742299506.761,4.4,3.827,1.516,-1.1818,-3.2322,0.7524,41.1159,90.8935
1742299506.84,4.402,3.818,1.5097,-1.1821,-3.2262,0.7592,41.9568,90.8047
1742299506.92,4.401,3.805,1.5033,-1.1823,-3.2202,0.7923,42.7049,90.7746
1742299506.999,4.392,3.789,1.4965,-1.1825,-3.2144,0.7677,43.6336,90.7683
1742299507.079,4.391,3.782,1.49,-1.1826,-3.2078,0.5934,44.3057,90.8962
1742299507.159,4.391,3.782,1.4838,-1.1827,-3.2012,0.6037,44.3286,90.8355
1742299507.238,4.387,3.782,1.4776,-1.1827,-3.1943,0.5314,44.2525,90.8956
1742299507.318,4.386,3.759,1.472,-1.1833,-3.1879,0.456,44.1509,90.9606
1742299507.398,4.385,3.747,1.4659,-1.1836,-3.1814,0.41,44.128,90.9843
1742299507.477,4.389,3.739,1.4603,-1.1837,-3.1748,0.3795,44.1134,90.9925
1742299507.557,4.389,3.739,1.4543,-1.1839,-3.1685,0.3878,44.1097,90.9937
1742299507.637,4.386,3.726,1.4481,-1.184,-3.1622,0.5149,44.0213,90.9001
1742299507.716,4.39,3.726,1.4423,-1.1841,-3.1558,0.5576,43.9426,90.8883
1742299507.796,4.391,3.702,1.4357,-1.1844,-3.1488,0.6669,43.8311,90.7668
1742299507.876,4.387,3.693,1.4269,-1.1848,-3.1391,0.6763,43.7226,90.682
1742299507.955,4.387,3.693,1.4143,-1.1849,-3.1255,0.791,43.6034,90.6438
1742299508.035,4.389,3.678,1.4008,-1.1852,-3.1101,0.6783,43.3746,90.6376
1742299508.115,4.39,3.655,1.3864,-1.1859,-3.0932,0.5055,42.9614,90.8135
1742299508.194,4.387,3.629,1.3727,-1.186,-3.0779,0.6042,42.7401,90.6362
1742299508.274,4.39,3.604,1.3596,-1.1865,-3.0636,0.7656,42.4957,90.4543
1742299508.353,4.39,3.604,1.3484,-1.1868,-3.0504,0.6524,42.447,90.4957
1742299508.433,4.388,3.574,1.3379,-1.1872,-3.0376,0.4569,42.4564,90.6262
1742299508.513,4.387,3.557,1.3275,-1.1876,-3.0253,0.437,42.3141,90.6028
1742299508.592,4.386,3.535,1.3164,-1.1878,-3.0125,0.3242,42.3289,90.689
1742299508.672,4.386,3.512,1.3047,-1.1883,-2.9992,0.4787,42.285,90.6621
1742299508.752,4.386,3.512,1.2927,-1.1887,-2.9858,0.6466,42.1086,90.5379
1742299508.831,4.388,3.492,1.2804,-1.1887,-2.9717,0.6429,42.1754,90.5975
1742299508.911,4.388,3.471,1.2688,-1.1888,-2.958,0.4835,42.161,90.6693
1742299508.991,4.39,3.45,1.2571,-1.1895,-2.9442,0.4512,42.0261,90.6968
1742299509.07,4.391,3.45,1.245,-1.1898,-2.9304,0.5198,41.8886,90.6481
1742299509.15,4.391,3.427,1.2329,-1.1898,-2.9167,0.6903,41.691,90.502
1742299509.23,4.392,3.399,1.2211,-1.1901,-2.903,0.7907,41.5092,90.4577
1742299509.429,4.39,3.36,1.1929,-1.1912,-2.8687,0.5397,41.456,90.6091
1742299509.508,4.394,3.337,1.1811,-1.1914,-2.8549,0.559,41.3908,90.5794
1742299509.588,4.391,3.315,1.1694,-1.1915,-2.8411,0.5915,41.2504,90.5442
1742299509.669,4.391,3.315,1.1575,-1.1918,-2.8279,0.8793,41.1054,90.2952
1742299509.747,4.391,3.284,1.1464,-1.192,-2.8144,0.8572,41.0516,90.3023
1742299509.827,4.393,3.264,1.1352,-1.1918,-2.8011,0.9973,40.9374,90.1979
1742299509.907,4.398,3.244,1.1248,-1.1922,-2.7877,0.6829,40.9481,90.3779
1742299509.986,4.393,3.225,1.1176,-1.1928,-2.779,0.6318,40.712,90.4439
1742299510.066,4.402,3.225,1.1167,-1.1928,-2.7781,0.6731,40.7418,90.356
1742299510.146,4.402,3.204,1.1183,-1.1929,-2.7798,0.6443,40.7176,90.3863
1742299510.225,4.398,3.203,1.1195,-1.1929,-2.7815,0.6799,40.6893,90.3636
1742299510.305,4.403,3.201,1.1204,-1.1929,-2.7827,0.677,40.6741,90.3438
1742299510.384,4.396,3.206,1.1206,-1.193,-2.7829,0.6774,40.6515,90.3467
1742299510.465,4.396,3.206,1.1206,-1.1929,-2.7828,0.686,40.6496,90.3452
1742299510.544,4.402,3.203,1.1206,-1.193,-2.7829,0.6909,40.6387,90.3256
1742299510.623,4.397,3.208,1.1206,-1.1929,-2.7829,0.6806,40.6349,90.3342
1742299510.703,4.403,3.204,1.1206,-1.1929,-2.7828,0.697,40.6283,90.3236
1742299510.783,4.402,3.208,1.1207,-1.193,-2.783,0.7093,40.6384,90.3138
1742299510.982,4.397,3.205,1.1281,-1.1926,-2.7925,0.7156,40.7908,90.352
1742299511.181,4.393,3.227,1.162,-1.1921,-2.8336,0.7017,41.1016,90.4719
1742299511.26,4.393,3.227,1.1777,-1.1918,-2.8518,0.5615,41.2652,90.5135
1742299511.34,4.391,3.258,1.1921,-1.1915,-2.8687,0.551,41.2239,90.4952
1742299511.42,4.397,3.288,1.2032,-1.1911,-2.8826,0.6435,41.1977,90.3662
1742299511.499,4.392,3.316,1.2128,-1.1909,-2.8943,0.7157,41.1778,90.4109
1742299511.579,4.394,3.338,1.2217,-1.191,-2.9054,0.8042,41.2099,90.4173
1742299511.659,4.394,3.338,1.2316,-1.1904,-2.9166,0.6421,41.2956,90.5161
1742299511.738,4.39,3.356,1.2424,-1.1904,-2.929,0.544,41.3587,90.6268
1742299511.818,4.389,3.37,1.2549,-1.1899,-2.9433,0.3995,41.4295,90.719
1742299511.898,4.389,3.391,1.2668,-1.1892,-2.9577,0.4905,41.4629,90.7195
1742299511.977,4.392,3.415,1.2792,-1.1892,-2.9724,0.4069,41.4605,90.7389
1742299512.057,4.392,3.415,1.2908,-1.1891,-2.987,0.5561,41.4803,90.6663
1742299512.137,4.388,3.437,1.3033,-1.1889,-3.0009,0.4083,41.5816,90.703
1742299514.506,4.385,3.935,1.5949,-1.1795,-3.3373,0.5875,42.6683,90.8163
1742299514.586,4.379,3.932,1.5948,-1.1795,-3.337,0.5406,42.6598,90.8556
1742299514.665,4.379,3.932,1.5948,-1.1794,-3.3371,0.5423,42.6754,90.8523
1742299514.745,4.379,3.932,1.5949,-1.1795,-3.3371,0.5361,42.678,90.8623
1742299514.825,4.386,3.931,1.5948,-1.1795,-3.3369,0.5339,42.6805,90.8687
1742299514.904,4.386,3.931,1.5948,-1.1795,-3.3371,0.532,42.6855,90.8655
1742299514.984,4.385,3.931,1.5949,-1.1794,-3.337,0.5268,42.6874,90.8703
1742299515.063,4.379,3.931,1.5936,-1.1794,-3.3357,0.5463,42.5932,90.8468
1742299515.143,4.379,3.932,1.587,-1.1798,-3.3283,0.4669,42.5779,90.9436
1742299515.223,4.382,3.931,1.5745,-1.1801,-3.3143,0.6867,42.4602,90.8512
1742299515.302,4.385,3.919,1.5593,-1.1804,-3.2968,0.722,42.2953,90.6704
1742299515.382,4.386,3.895,1.5433,-1.1807,-3.2775,0.5554,42.1482,90.9324
1742299515.462,4.383,3.895,1.5282,-1.1813,-3.2591,0.4199,41.645,91.0787
1742299515.541,4.383,3.864,1.5143,-1.182,-3.2437,0.6709,41.4462,90.8754
1742299515.621,4.389,3.836,1.5031,-1.1823,-3.2307,0.79,41.2169,90.7914
1742299515.701,4.389,3.809,1.4933,-1.1824,-3.2192,0.8514,41.0234,90.7802
1742299515.78,4.39,3.791,1.4844,-1.1832,-3.2078,0.7112,41.0122,90.8396
1742299515.86,4.39,3.791,1.4744,-1.1833,-3.1956,0.6299,40.8741,90.8652
1742299515.94,4.387,3.769,1.4638,-1.1839,-3.1821,0.527,40.7646,90.9501
1742299516.019,4.394,3.752,1.4519,-1.1839,-3.1678,0.5764,40.6587,90.8867
1742299516.099,4.391,3.727,1.4397,-1.1844,-3.1528,0.6655,40.596,90.8999
1742299516.178,4.393,3.706,1.4277,-1.1846,-3.1381,0.7307,40.3976,90.7748
1742299516.258,4.393,3.706,1.416,-1.1849,-3.1239,0.7488,40.2696,90.7414
1742299516.338,4.391,3.684,1.4063,-1.1854,-3.1113,0.6632,40.1908,90.8498
1742299516.417,4.392,3.661,1.4012,-1.1852,-3.1049,0.7125,39.919,90.7395
1742299516.497,4.4,3.641,1.4019,-1.1853,-3.1056,0.6731,39.9875,90.708
1742299516.577,4.401,3.633,1.4031,-1.1856,-3.1077,0.7055,39.9824,90.6485
1742299516.656,4.401,3.633,1.4042,-1.1854,-3.1088,0.6405,40.0189,90.7191
1742299516.736,4.395,3.634,1.4044,-1.1853,-3.109,0.6612,40.0092,90.7017
1742299516.816,4.395,3.638,1.4044,-1.1855,-3.1091,0.6441,40.0153,90.7314
1742299516.895,4.395,3.64,1.4044,-1.1854,-3.109,0.6391,40.0142,90.7443
1742299516.975,4.401,3.639,1.4049,-1.1853,-3.1093,0.6526,40.0075,90.7358
1742299517.055,4.401,3.639,1.4079,-1.1853,-3.1132,0.6578,40.0988,90.7925
1742299517.134,4.394,3.639,1.4153,-1.1854,-3.1234,0.8598,40.2488,90.6881
1742299517.214,4.4,3.639,1.4279,-1.1847,-3.1388,0.7813,40.2246,90.7173
1742299517.294,4.398,3.654,1.4435,-1.1841,-3.1576,0.7884,40.3257,90.6706
1742299517.373,4.393,3.682,1.4589,-1.1834,-3.1764,0.6441,40.4469,90.7204
1742299517.453,4.393,3.682,1.4726,-1.1832,-3.1936,0.7212,40.4927,90.6748
1742299517.532,4.39,3.71,1.4837,-1.183,-3.2077,0.7856,40.5001,90.681
1742299517.612,4.393,3.741,1.493,-1.1825,-3.2195,0.9566,40.4855,90.6753
1742299517.692,4.393,3.763,1.5022,-1.182,-3.2304,0.8436,40.5479,90.7094
1742299517.771,4.391,3.781,1.5124,-1.182,-3.2423,0.7202,40.628,90.7943
1742299517.851,4.391,3.781,1.5234,-1.1815,-3.2552,0.5556,40.6531,90.9758
1742299517.931,4.386,3.801,1.5349,-1.181,-3.2698,0.622,40.7107,90.9642
1742299519.942,4.381,3.935,1.5938,-1.1791,-3.341,0.5868,40.726,90.7593
1742299520.021,4.384,3.937,1.594,-1.179,-3.3408,0.4991,40.7764,90.8974
1742299520.101,4.386,3.935,1.5911,-1.1787,-3.3375,0.5694,40.8705,91.1845
1742299520.181,4.387,3.935,1.5899,-1.1784,-3.3348,0.5928,40.9033,91.4062
1742299520.26,4.386,3.935,1.589,-1.1792,-3.3347,0.6851,40.9821,90.8211
1742299520.34,4.386,3.928,1.5886,-1.1793,-3.3344,0.761,40.9612,90.7809
1742299520.42,4.387,3.927,1.589,-1.1789,-3.3343,0.8066,41.4427,90.9023
1742299520.499,4.381,3.927,1.5924,-1.1782,-3.3341,0.513,43.2243,91.2603
1742299520.579,4.386,3.928,1.5968,-1.178,-3.3352,0.5214,45.2867,91.5251
1742299520.659,4.38,3.928,1.6022,-1.1783,-3.3399,0.6675,45.8382,90.8975
1742299520.738,4.38,3.933,1.6038,-1.1772,-3.3447,1.7024,46.0323,90.4046
1742299520.818,4.387,3.942,1.6047,-1.1753,-3.3491,3.1488,46.1747,90.0089
1742299520.898,4.39,3.952,1.6092,-1.1748,-3.3521,3.3184,47.1795,89.8119
1742299520.977,4.399,3.955,1.6167,-1.1742,-3.353,3.4975,47.5727,89.8204
1742299521.057,4.411,3.955,1.6278,-1.1732,-3.3523,4.2414,46.4514,88.9822
1742299521.136,4.411,3.972,1.6418,-1.1729,-3.345,3.3924,45.661,89.7429
1742299521.216,4.421,3.975,1.6585,-1.1738,-3.3338,2.0288,45.0864,90.882
1742299521.296,4.431,3.975,1.6754,-1.1738,-3.3198,0.8631,44.1751,92.1983
1742299521.375,4.432,3.975,1.6935,-1.1712,-3.3046,-0.3641,44.1917,92.8266
1742299521.455,4.432,3.975,1.7111,-1.1676,-3.2895,0.0599,44.2683,91.8637
1742299521.535,4.454,3.975,1.7292,-1.1644,-3.2715,0.513,44.5834,91.2223
1742299521.614,4.486,3.976,1.7502,-1.1627,-3.2508,1.0156,44.8292,90.6939
1742299521.694,4.518,3.974,1.7746,-1.163,-3.2272,0.7473,44.5946,90.9844
1742299521.773,4.559,3.973,1.8018,-1.1642,-3.2023,0.4996,44.013,91.3956
1742299521.853,4.559,3.973,1.83,-1.1643,-3.178,0.678,43.1536,91.4987
1742299521.933,4.596,3.971,1.8593,-1.1636,-3.1541,0.72,42.6556,91.4848
1742299522.012,4.646,3.969,1.8893,-1.1624,-3.1305,1.4156,42.6318,91.0649
1742299522.092,4.694,3.971,1.9203,-1.1615,-3.1071,2.451,42.7542,90.1821
1742299522.172,4.736,3.973,1.9515,-1.1615,-3.081,2.3509,42.5362,90.2309
1742299522.251,4.736,3.973,1.9804,-1.1614,-3.055,2.6535,42.1474,89.9546
1742299522.331,4.784,3.976,2.0072,-1.1612,-3.0283,2.619,41.2773,89.9873
1742299522.411,4.836,3.975,2.032,-1.1605,-3.0018,2.2354,40.59,90.3222
1742299522.49,4.888,3.973,2.0529,-1.1596,-2.9779,3.0204,39.9186,89.7634
1742299522.57,4.933,3.971,2.0706,-1.16,-2.9552,3.6465,39.6058,89.3615
1742299522.65,4.933,3.971,2.0866,-1.1617,-2.9336,4.0693,39.2969,89.0898
1742299522.729,4.988,3.969,2.101,-1.1634,-2.9123,4.043,39.1209,89.312
1742299522.809,5.035,3.962,2.1143,-1.1631,-2.8923,3.9916,39.0399,89.1849
1742299522.889,5.069,3.955,2.1265,-1.1617,-2.8727,3.9889,39.3123,89.095
1742299522.968,5.095,3.948,2.1389,-1.1598,-2.8535,3.5644,39.278,89.3234
1742299523.048,5.095,3.948,2.1509,-1.1582,-2.8363,3.0978,39.3802,89.8763
1742299523.127,5.121,3.938,2.1614,-1.1593,-2.8208,2.7247,39.5478,90.241
1742299523.207,5.139,3.931,2.1672,-1.1632,-2.8065,2.8071,40.1936,90.7966
1742299523.287,5.149,3.92,2.171,-1.1656,-2.7938,1.8665,40.6124,91.6473
1742299523.367,5.164,3.913,2.1702,-1.1657,-2.7843,2.9626,40.372,90.9297
1742299523.446,5.164,3.913,2.1715,-1.1657,-2.7736,2.0902,40.3695,91.379
1742299523.526,5.172,3.902,2.1716,-1.1655,-2.7631,2.2539,40.2682,91.3732
1742299523.605,5.181,3.895,2.1719,-1.1652,-2.7525,2.3172,40.2616,91.3842
1742299523.685,5.191,3.882,2.1721,-1.1655,-2.7406,1.8393,40.1887,91.7447
1742299523.765,5.198,3.877,2.1711,-1.1656,-2.7287,1.7455,40.3502,91.6911
1742299523.844,5.198,3.877,2.169,-1.1647,-2.7179,2.2056,40.3068,91.1587
1742299523.924,5.207,3.862,2.1691,-1.1644,-2.7062,1.3905,40.149,91.5477
1742299524.004,5.214,3.852,2.1692,-1.1647,-2.6947,0.9878,39.8307,91.652
1742299524.083,5.223,3.843,2.1682,-1.1645,-2.6842,1.2928,39.8667,91.1325
1742299524.163,5.235,3.832,2.1672,-1.1644,-2.6726,0.7832,39.6525,91.1737
1742299524.242,5.235,3.832,2.165,-1.164,-2.6608,0.4193,39.3735,91.2638
1742299524.322,5.245,3.821,2.1617,-1.1648,-2.6495,0.4298,39.3235,91.4857
1742299524.402,5.256,3.811,2.1578,-1.1655,-2.6387,0.9778,39.768,91.1445
1742299524.481,5.262,3.8,2.1536,-1.1663,-2.6278,1.0951,40.2412,91.176
1742299524.561,5.262,3.782,2.1486,-1.1673,-2.6165,0.9127,40.9137,91.5382
1742299524.641,5.262,3.782,2.1415,-1.1676,-2.6059,0.9791,41.3808,91.542
1742299524.72,5.267,3.765,2.1343,-1.168,-2.5969,1.1636,41.72,91.4716
1742299524.8,5.268,3.75,2.1281,-1.1685,-2.5892,1.0252,41.9946,91.5467
1742299524.88,5.265,3.736,2.1231,-1.1689,-2.5832,1.3041,42.1415,91.2006
1742299524.959,5.264,3.723,2.119,-1.169,-2.5784,1.4958,42.0389,90.9566
1742299525.039,5.264,3.723,2.1158,-1.1693,-2.5748,1.2935,41.6937,90.8629
1742299525.119,5.265,3.715,2.1141,-1.1699,-2.5729,1.1232,41.3312,90.7336
1742299525.198,5.264,3.707,2.1119,-1.1704,-2.5724,1.1906,40.5055,90.5453
1742299525.278,5.268,3.703,2.1114,-1.1707,-2.5725,1.3822,40.5413,90.3171
1742299525.358,5.27,3.707,2.1118,-1.1706,-2.573,1.543,40.8448,90.275
1742299525.557,5.266,3.703,2.113,-1.1703,-2.5734,1.308,40.9604,90.3284
1742299525.756,5.267,3.706,2.1138,-1.1703,-2.5742,1.2999,40.9638,90.3347
1742299525.835,5.267,3.705,2.1137,-1.1703,-2.5742,1.3093,40.9236,90.3041
1742299525.915,5.268,3.706,2.1131,-1.1703,-2.5736,1.3117,40.8842,90.3221
1742299525.995,5.267,3.706,2.1128,-1.1702,-2.5733,1.2997,40.8853,90.3351
1742299526.074,5.267,3.707,2.1127,-1.1703,-2.5732,1.3003,40.8807,90.3396
1742299526.154,5.267,3.707,2.1129,-1.1702,-2.5732,1.296,40.8748,90.3309
1742299526.233,5.267,3.705,2.1126,-1.1702,-2.5731,1.3061,40.8745,90.3294
1742299526.313,5.266,3.708,2.1127,-1.1702,-2.5732,1.3066,40.8747,90.3235
1742299526.512,5.269,3.706,2.1127,-1.1701,-2.5729,1.3044,40.8731,90.3172
1742299526.592,5.268,3.705,2.1125,-1.1701,-2.5729,1.3219,40.8774,90.3025
1742299526.672,5.268,3.706,2.1126,-1.1701,-2.573,1.3115,40.884,90.297
1742299526.751,5.268,3.706,2.1126,-1.1701,-2.5729,1.3012,40.8842,90.3023
1742299526.831,5.268,3.707,2.1124,-1.17,-2.5728,1.2837,40.8844,90.3245
1742299526.91,5.269,3.707,2.1125,-1.1701,-2.5727,1.2833,40.838,90.2822
1742299527.11,5.27,3.706,2.0963,-1.1707,-2.5537,1.3409,41.0071,90.2894
1742299527.189,5.267,3.698,2.0836,-1.171,-2.5388,1.5023,40.7904,90.3171
1742299527.269,5.269,3.681,2.0705,-1.1712,-2.5218,1.4008,40.4448,90.4528
1742299527.468,5.273,3.628,2.0406,-1.1719,-2.485,1.507,40.1774,90.3234
1742299527.548,5.273,3.628,2.0306,-1.1722,-2.4735,1.6839,40.1423,90.2091
1742299527.628,5.275,3.601,2.0218,-1.1724,-2.4627,1.7335,39.9969,90.1933
1742299527.707,5.276,3.584,2.0125,-1.1725,-2.4509,1.7378,39.8774,90.1682
1742299527.787,5.278,3.564,2.0024,-1.1733,-2.4381,1.6414,39.8544,90.1459
1742299527.866,5.277,3.546,1.9912,-1.1737,-2.4238,1.5892,39.8713,90.2206
1742299528.065,5.279,3.504,1.9628,-1.1743,-2.3888,1.7234,40.0575,89.9646
1742299528.145,5.279,3.504,1.9519,-1.1742,-2.3754,1.8584,39.8859,89.9111
1742299528.225,5.28,3.483,1.942,-1.1746,-2.3621,1.73,39.6175,89.9525
1742299528.304,5.279,3.456,1.9316,-1.1751,-2.3491,1.836,39.2942,89.9531
1742299528.384,5.286,3.437,1.9215,-1.1753,-2.3362,1.7555,39.3054,89.7702
1742299528.464,5.289,3.422,1.9115,-1.1758,-2.3233,1.6972,39.0599,89.8228
1742299528.543,5.289,3.422,1.9012,-1.1755,-2.3106,1.929,38.7923,89.6924
1742299528.623,5.291,3.395,1.8917,-1.1757,-2.2984,1.9994,38.6321,89.6194
1742299528.702,5.292,3.378,1.8825,-1.1764,-2.2859,1.9616,38.4138,89.6642
1742299528.782,5.296,3.361,1.8737,-1.1765,-2.274,1.8685,38.3108,89.7914
1742299528.862,5.299,3.343,1.869,-1.1767,-2.2672,1.7587,38.3008,89.8326
1742299528.941,5.299,3.343,1.8686,-1.1767,-2.267,1.8008,38.2316,89.7878
1742299529.021,5.301,3.324,1.8694,-1.1766,-2.268,1.8065,38.217,89.7762
1742299529.101,5.306,3.32,1.8701,-1.1767,-2.2691,1.839,38.2367,89.7199
1742299529.18,5.305,3.323,1.8703,-1.1767,-2.2693,1.817,38.2277,89.7383
1742299529.26,5.305,3.323,1.8703,-1.1766,-2.2692,1.807,38.2257,89.7419
1742299529.34,5.305,3.323,1.87,-1.1766,-2.2691,1.805,38.2172,89.7516
1742299529.419,5.303,3.324,1.8689,-1.1766,-2.2679,1.831,38.07,89.7742
1742299529.499,5.305,3.329,1.8659,-1.1768,-2.2632,1.7637,38.1555,89.7816
1742299529.579,5.304,3.323,1.8592,-1.1768,-2.2544,1.7436,38.1348,89.8303
1742299529.658,5.305,3.318,1.851,-1.1769,-2.2426,1.5277,38.1023,90.0009
1742299529.738,5.305,3.318,1.842,-1.1773,-2.2307,1.5965,38.0579,89.8973
1742299529.817,5.31,3.3,1.8333,-1.1773,-2.2193,1.687,38.1054,89.8512
1742299529.897,5.307,3.277,1.8257,-1.1773,-2.2091,1.7386,38.084,89.884
1742299529.977,5.309,3.258,1.8184,-1.1774,-2.1993,1.7353,37.9415,89.8965
1742299530.057,5.31,3.25,1.8116,-1.1778,-2.1898,1.7264,37.6829,89.9232
1742299530.136,5.31,3.25,1.8045,-1.1779,-2.1801,1.6811,37.5331,90.0099
1742299530.335,5.32,3.226,1.7865,-1.1783,-2.1552,1.6737,37.2982,89.7467
1742299530.415,5.323,3.206,1.7789,-1.1784,-2.1449,1.68,37.1917,89.7277
1742299530.495,5.326,3.197,1.7714,-1.1783,-2.1352,1.8249,37.0893,89.5944
1742299530.574,5.328,3.177,1.7641,-1.1785,-2.1251,1.8142,36.8933,89.5902
1742299530.654,5.329,3.167,1.7572,-1.1789,-2.1152,1.8,36.8272,89.6307
1742299530.733,5.329,3.167,1.7501,-1.1791,-2.1049,1.7453,36.6602,89.6194
1742299530.813,5.331,3.148,1.7428,-1.1789,-2.0942,1.5326,36.7746,89.8004
1742299530.893,5.337,3.14,1.7346,-1.1793,-2.0844,1.5537,37.6479,89.7989
1742299530.973,5.341,3.116,1.7256,-1.1796,-2.0749,1.5277,38.9427,89.7569
1742299531.052,5.328,3.116,1.7165,-1.1798,-2.0656,1.4766,40.3567,89.7438
1742299531.132,5.328,3.091,1.7081,-1.1799,-2.0565,1.6553,40.6353,89.6004
1742299531.211,5.311,3.07,1.7006,-1.1801,-2.0472,1.7186,40.6285,89.5709
1742299531.291,5.308,3.07,1.6929,-1.1798,-2.0378,1.7695,40.5451,89.5919
1742299531.371,5.31,3.042,1.6851,-1.1802,-2.028,1.7018,40.4123,89.6436
1742299531.45,5.311,3.042,1.6769,-1.1803,-2.018,1.7605,40.2301,89.689
1742299531.53,5.311,3.031,1.6691,-1.1804,-2.0078,1.5892,40.2972,89.7304
1742299531.61,5.31,3.014,1.6608,-1.1806,-1.9976,1.5183,40.2633,89.6995
1742299531.689,5.312,2.99,1.6526,-1.1808,-1.9877,1.6336,40.0839,89.6578
1742299531.888,5.314,2.958,1.633,-1.1814,-1.9639,1.8608,39.9618,89.4376
1742299531.968,5.317,2.951,1.6249,-1.1812,-1.9537,1.8664,39.7753,89.4783
1742299532.048,5.317,2.951,1.617,-1.1813,-1.9435,1.8021,39.6929,89.5452
1742299532.127,5.317,2.93,1.6092,-1.1817,-1.9332,1.7677,39.582,89.5499
1742299532.207,5.321,2.914,1.601,-1.1818,-1.9228,1.697,39.6294,89.6049
1742299532.286,5.32,2.905,1.5927,-1.1818,-1.9123,1.6996,39.5539,89.576
1742299532.366,5.323,2.888,1.5844,-1.182,-1.9015,1.6444,39.6246,89.5834
1742299532.447,5.324,2.888,1.5754,-1.1823,-1.8907,1.8554,39.5999,89.4159
1742299532.525,5.324,2.868,1.5667,-1.1821,-1.8799,1.9081,39.5805,89.4238
1742299532.605,5.324,2.856,1.5579,-1.1819,-1.8686,1.8531,39.4654,89.4795
1742299532.685,5.324,2.837,1.5492,-1.1822,-1.8571,1.8055,39.1551,89.5537
1742299532.764,5.327,2.821,1.5409,-1.1825,-1.8457,1.5877,39.1373,89.6757
1742299532.844,5.327,2.821,1.5318,-1.1828,-1.8347,1.7044,39.0355,89.5482
1742299533.043,5.331,2.783,1.5109,-1.183,-1.8077,1.9009,38.6817,89.4676
1742299533.242,5.336,2.749,1.4908,-1.1833,-1.7802,1.7913,38.1962,89.5934
1742299533.441,5.344,2.72,1.4697,-1.1838,-1.7515,1.6296,37.9328,89.7342
1742299533.64,5.35,2.683,1.4495,-1.184,-1.7264,1.5813,38.7249,89.7029
1742299533.72,5.348,2.672,1.4414,-1.1843,-1.7169,1.685,39.151,89.612
1742299533.8,5.347,2.644,1.4336,-1.1845,-1.7073,1.6218,39.5084,89.6902
1742299533.879,5.344,2.631,1.425,-1.1847,-1.6976,1.6048,39.8759,89.7018
1742299533.959,5.34,2.619,1.4167,-1.1848,-1.6875,1.4782,40.2099,89.88
1742299534.039,5.34,2.619,1.4083,-1.1848,-1.6776,1.3296,40.7852,89.9348
1742299534.118,5.338,2.604,1.3994,-1.1849,-1.6685,1.2666,41.7702,89.9279
1742299534.317,5.331,2.569,1.3755,-1.1856,-1.6485,1.4238,45.6231,89.8497
1742299534.397,5.321,2.549,1.3664,-1.1859,-1.6401,1.523,45.6766,89.7599
1742299534.596,5.327,2.529,1.3445,-1.1863,-1.6166,1.3428,45.3558,89.8353
1742299534.676,5.326,2.51,1.3354,-1.1866,-1.6073,1.2961,45.3874,89.8882
1742299534.756,5.325,2.491,1.327,-1.1869,-1.5984,1.2736,45.2929,89.924
1742299534.955,5.321,2.466,1.3059,-1.1871,-1.5767,1.2978,45.3852,89.8339
1742299535.047,5.321,2.466,1.2961,-1.1872,-1.5673,1.5244,45.1737,89.6346
1742299535.134,5.324,2.45,1.2871,-1.1874,-1.5574,1.3618,45.2028,89.7423
1742299535.213,5.323,2.433,1.2784,-1.1876,-1.5483,1.3584,44.9943,89.7287
1742299535.293,5.319,2.423,1.2699,-1.1877,-1.539,1.2967,44.7589,89.7173
1742299535.373,5.318,2.405,1.261,-1.1877,-1.5294,1.1524,44.7978,89.7565
1742299535.452,5.319,2.389,1.2527,-1.1878,-1.5204,1.0445,44.7194,89.753
1742299535.532,5.319,2.389,1.2439,-1.1878,-1.5117,1.269,44.5176,89.4767
1742299535.612,5.318,2.373,1.2362,-1.1879,-1.5032,1.2433,44.4604,89.5011
1742299535.691,5.314,2.355,1.2284,-1.188,-1.4956,1.3949,44.4379,89.2943
1742299535.771,5.313,2.343,1.2207,-1.1883,-1.4876,1.4225,44.2773,89.2099
1742299535.851,5.312,2.329,1.2134,-1.1883,-1.4791,1.2953,44.1835,89.2971
1742299535.93,5.312,2.329,1.2055,-1.1885,-1.4702,1.186,44.1779,89.3308
1742299536.01,5.313,2.317,1.197,-1.1885,-1.461,1.198,44.0988,89.31
1742299536.09,5.312,2.299,1.1888,-1.1886,-1.4521,1.1413,44.1068,89.3938
1742299536.169,5.311,2.283,1.181,-1.1887,-1.4435,1.0451,44.146,89.4378
1742299536.249,5.313,2.272,1.1735,-1.1886,-1.4357,1.1044,44.2192,89.3807
1742299536.328,5.313,2.272,1.1663,-1.1886,-1.4282,1.1624,44.251,89.356
1742299536.408,5.313,2.256,1.1596,-1.1887,-1.421,1.2328,44.3215,89.319
1742299536.488,5.312,2.244,1.1526,-1.1885,-1.4137,1.2722,44.2701,89.31
1742299536.567,5.31,2.231,1.1458,-1.1889,-1.4062,1.2191,44.1841,89.4093
1742299536.647,5.311,2.231,1.1386,-1.1887,-1.3983,1.155,44.1014,89.5418
1742299536.727,5.311,2.217,1.1314,-1.189,-1.391,1.3072,43.9034,89.4887
1742299536.806,5.311,2.204,1.1249,-1.1891,-1.3833,1.1038,43.8825,89.6696
1742299536.886,5.309,2.191,1.1181,-1.189,-1.3757,1.0293,43.8975,89.7535
1742299536.966,5.309,2.179,1.1116,-1.1891,-1.3684,0.9742,43.8647,89.7993
1742299537.045,5.31,2.179,1.1049,-1.1892,-1.3616,1.0801,43.6986,89.7562
1742299537.125,5.31,2.165,1.0987,-1.1894,-1.3549,1.1326,43.6143,89.8081
1742299537.205,5.309,2.154,1.0923,-1.1892,-1.348,1.2088,43.5445,89.8619
1742299537.284,5.311,2.138,1.0858,-1.1894,-1.3412,1.3031,43.4623,89.8924
1742299537.364,5.311,2.125,1.0791,-1.1895,-1.334,1.3475,43.3601,89.8743
1742299537.444,5.31,2.125,1.0721,-1.1895,-1.3261,1.3685,43.194,89.921
1742299537.523,5.31,2.113,1.0656,-1.1898,-1.3183,1.1482,43.1592,90.175
1742299537.603,5.31,2.104,1.059,-1.1898,-1.3106,1.0896,43.0606,90.2425
1742299537.682,5.312,2.089,1.0528,-1.1903,-1.3038,1.0672,43.0491,90.2769
1742299537.762,5.311,2.076,1.0469,-1.1905,-1.297,1.0524,43.026,90.2968
1742299537.842,5.311,2.076,1.0409,-1.1903,-1.2903,1.0616,43.0278,90.3056
1742299537.921,5.311,2.067,1.035,-1.1904,-1.2836,1.0217,43.0588,90.3181
1742299538.001,5.309,2.054,1.029,-1.1906,-1.277,1.0611,42.9976,90.2816
1742299538.081,5.31,2.042,1.023,-1.1908,-1.2706,1.1307,43.0134,90.2
1742299538.16,5.312,2.031,1.017,-1.1907,-1.2641,1.2331,43.0783,90.139
1742299538.24,5.312,2.031,1.0107,-1.1909,-1.2574,1.2839,43.0563,90.0913
1742299538.32,5.31,2.02,1.0043,-1.1911,-1.2503,1.317,43.0251,90.0187
1742299538.399,5.311,2.01,0.9976,-1.1912,-1.2423,1.1937,43.0725,90.0919
1742299538.479,5.311,1.998,0.9899,-1.1914,-1.2342,1.321,42.911,90.031
1742299538.559,5.312,1.986,0.9826,-1.1918,-1.2254,1.1323,42.9429,90.1114
1742299538.758,5.325,1.957,0.9643,-1.1922,-1.2044,1.0723,42.8184,90.0664
1742299538.837,5.325,1.957,0.9572,-1.1922,-1.1969,1.1285,42.8212,90.0748
1742299538.917,5.33,1.943,0.9507,-1.1923,-1.1896,1.2039,42.7854,90.0497
1742299538.997,5.336,1.93,0.944,-1.1926,-1.1825,1.2962,42.7907,89.9429
1742299539.196,5.335,1.906,0.9262,-1.1928,-1.1625,1.3703,42.6773,89.8664
1742299539.275,5.334,1.895,0.9186,-1.1928,-1.1538,1.3744,42.5952,89.8608
1742299539.355,5.336,1.878,0.911,-1.193,-1.1452,1.3729,42.597,89.8812
1742299539.435,5.336,1.878,0.9036,-1.1934,-1.1368,1.3595,42.6407,89.9442
1742299539.634,5.338,1.851,0.8867,-1.1935,-1.1175,1.3604,42.5452,89.8857
1742299539.714,5.338,1.838,0.8799,-1.1936,-1.1101,1.485,42.5161,89.8914
1742299541.725,5.344,1.591,0.7192,-1.1962,-0.9234,2.2488,41.7557,89.5032
1742299541.804,5.345,1.576,0.7134,-1.1965,-0.9169,2.3358,41.5715,89.4736
1742299541.884,5.345,1.565,0.7084,-1.1966,-0.9101,2.1056,41.5425,89.5991
1742299541.963,5.345,1.557,0.7026,-1.1968,-0.9032,2.0317,41.5518,89.6582
1742299542.043,5.346,1.557,0.6969,-1.197,-0.896,2.0268,41.4606,89.6171
1742299542.123,5.346,1.546,0.6903,-1.1969,-0.8883,2.081,41.3624,89.5689
1742299542.202,5.347,1.534,0.6831,-1.1974,-0.8801,2.1598,41.2609,89.5335
1742299542.282,5.347,1.521,0.6756,-1.1973,-0.871,2.183,41.2151,89.5114
1742299542.362,5.347,1.508,0.6681,-1.1972,-0.8624,2.2839,41.0634,89.3739
1742299542.441,5.348,1.508,0.6606,-1.1976,-0.8535,2.3972,40.9774,89.2288
1742299542.521,5.348,1.492,0.6537,-1.1978,-0.8447,2.2819,40.9624,89.2977
1742299542.601,5.347,1.478,0.6464,-1.1979,-0.8357,2.1876,40.8411,89.3036
1742299542.68,5.349,1.462,0.6395,-1.1981,-0.827,2.1788,40.842,89.3269
1742299542.76,5.35,1.447,0.6326,-1.1982,-0.8187,2.1376,40.8332,89.3124
1742299542.84,5.351,1.447,0.6257,-1.1983,-0.8103,2.0876,40.8654,89.3517
1742299542.919,5.351,1.435,0.619,-1.1986,-0.8021,2.1133,40.8933,89.271
1742299542.999,5.352,1.421,0.612,-1.1985,-0.7938,2.1505,40.7661,89.1777
1742299543.079,5.352,1.407,0.605,-1.1986,-0.7859,2.2795,40.7376,89.0837
1742299543.158,5.35,1.396,0.5981,-1.1987,-0.7775,2.3331,40.6383,89.0706
1742299543.238,5.35,1.396,0.5916,-1.1989,-0.7693,2.2957,40.6625,89.0511
1742299543.317,5.35,1.384,0.5846,-1.1987,-0.7611,2.3768,40.6143,88.9746
1742299543.397,5.354,1.369,0.5782,-1.1988,-0.7531,2.3641,40.4968,89.0104
1742299543.477,5.354,1.356,0.5712,-1.1991,-0.7455,2.1958,41.5719,89.0803
1742299543.556,5.355,1.344,0.5633,-1.1991,-0.7389,2.1381,43.1741,89.0414
1742299543.636,5.355,1.344,0.5564,-1.1992,-0.7328,2.2073,43.9529,88.9475
1742299543.716,5.349,1.331,0.5504,-1.1992,-0.7262,2.2292,43.7991,88.9611
1742299543.795,5.346,1.32,0.5448,-1.1993,-0.7204,2.3904,43.639,88.8207
1742299543.875,5.346,1.308,0.5392,-1.1993,-0.7142,2.364,43.5859,88.9023
1742299543.955,5.345,1.296,0.5333,-1.1996,-0.7078,2.4685,43.4644,88.7962
1742299544.034,5.345,1.296,0.5268,-1.1996,-0.7007,2.5939,43.4051,88.6828
1742299544.114,5.346,1.285,0.5205,-1.1997,-0.6935,2.6185,43.2556,88.6278
1742299544.193,5.345,1.274,0.5141,-1.1998,-0.6861,2.5762,43.2143,88.6309
1742299544.273,5.345,1.262,0.5075,-1.1998,-0.6785,2.5964,43.1241,88.6779
1742299544.353,5.343,1.25,0.5013,-1.1998,-0.6712,2.538,43.0814,88.7299
1742299544.433,5.343,1.25,0.4953,-1.1998,-0.6645,2.5146,43.0509,88.7418
1742299544.512,5.345,1.238,0.4893,-1.1999,-0.6579,2.5004,42.9722,88.7775
1742299544.592,5.345,1.227,0.4836,-1.2001,-0.651,2.487,42.9615,88.7535
1742299544.671,5.347,1.217,0.4778,-1.2001,-0.6447,2.5076,42.9783,88.7489
1742299544.751,5.346,1.205,0.472,-1.2001,-0.6382,2.5678,42.8903,88.7078
1742299544.831,5.346,1.205,0.4659,-1.2002,-0.6315,2.6665,42.8111,88.6343
1742299544.91,5.345,1.193,0.4598,-1.2001,-0.6247,2.7738,42.7522,88.5529
1742299544.99,5.346,1.182,0.4536,-1.2002,-0.6178,2.7385,42.754,88.4869
1742299545.07,5.346,1.169,0.4476,-1.2002,-0.6109,2.7327,42.7069,88.4659
1742299545.149,5.345,1.158,0.4414,-1.2005,-0.6044,2.8879,42.5873,88.3411
1742299545.229,5.345,1.158,0.436,-1.2006,-0.5972,2.6802,42.4865,88.4116
1742299545.308,5.345,1.147,0.4297,-1.2004,-0.5898,2.6746,42.4015,88.4151
1742299545.388,5.347,1.137,0.4237,-1.2004,-0.5826,2.6066,42.3142,88.4763
1742299545.468,5.347,1.124,0.4177,-1.2004,-0.5754,2.569,42.235,88.4871
1742299545.547,5.347,1.112,0.4117,-1.2006,-0.5687,2.661,42.0268,88.4242
1742299545.627,5.347,1.112,0.4058,-1.2007,-0.5618,2.6796,41.923,88.4087
1742299545.707,5.349,1.101,0.4,-1.2007,-0.5552,2.722,41.9023,88.4073
1742299545.786,5.348,1.091,0.3944,-1.2008,-0.5488,2.7646,41.786,88.3642
1742299545.866,5.348,1.082,0.3916,-1.2009,-0.5457,2.7456,41.8256,88.3922
1742299545.946,5.348,1.07,0.3916,-1.2007,-0.5456,2.7756,41.8167,88.3251
1742299546.025,5.348,1.07,0.3917,-1.2009,-0.5456,2.8032,41.803,88.2837
1742299546.105,5.348,1.068,0.3917,-1.2009,-0.5457,2.8123,41.7987,88.264
1742299546.185,5.349,1.07,0.3917,-1.2009,-0.5457,2.8321,41.7657,88.2376
1742299546.264,5.349,1.069,0.3917,-1.2009,-0.5456,2.8324,41.7768,88.2622
1742299546.344,5.349,1.068,0.3916,-1.2009,-0.5457,2.8308,41.7731,88.2449
1742299546.424,5.349,1.068,0.3915,-1.2009,-0.5456,2.8224,41.8033,88.2635
1742299546.503,5.349,1.068,0.3916,-1.2008,-0.5455,2.8465,41.8014,88.2617
1742299546.583,5.35,1.068,0.3917,-1.201,-0.5458,2.8293,41.7819,88.2897
1742299546.663,5.348,1.068,0.3917,-1.2009,-0.5457,2.8301,41.7816,88.2692
1742299546.742,5.349,1.068,0.3917,-1.201,-0.5458,2.852,41.7667,88.2376
1742299546.822,5.349,1.068,0.3916,-1.2011,-0.5457,2.8359,41.7979,88.2543
1742299546.902,5.347,1.068,0.3918,-1.2011,-0.5456,2.8106,41.7812,88.2739
1742299546.981,5.349,1.07,0.3917,-1.201,-0.5456,2.8137,41.7596,88.2781
1742299547.061,5.349,1.068,0.3917,-1.201,-0.5457,2.8132,41.7692,88.2498
1742299547.26,5.349,1.068,0.3917,-1.2012,-0.5457,2.8075,41.7813,88.2496
1742299547.34,5.35,1.068,0.3918,-1.2012,-0.5457,2.8299,41.7637,88.2364
1742299547.419,5.35,1.068,0.3918,-1.2012,-0.5458,2.7926,41.7746,88.2708
1742299547.499,5.35,1.068,0.3917,-1.2013,-0.5458,2.7814,41.766,88.2618
1742299547.579,5.35,1.068,0.3918,-1.2012,-0.5458,2.789,41.7657,88.2648
1742299547.658,5.35,1.068,0.3919,-1.2014,-0.5458,2.8218,41.7595,88.2692
1742299547.738,5.349,1.068,0.3918,-1.2013,-0.5458,2.8339,41.7683,88.2553
1742299547.817,5.349,1.07,0.3919,-1.2013,-0.5458,2.8232,41.7782,88.2635
1742299547.897,5.348,1.069,0.3918,-1.2013,-0.5458,2.788,41.7751,88.2561
1742299547.977,5.348,1.07,0.3918,-1.2013,-0.5458,2.8028,41.7774,88.25
1742299548.056,5.349,1.07,0.3918,-1.2012,-0.5458,2.8111,41.7818,88.2567
1742299548.136,5.349,1.07,0.3918,-1.2014,-0.5459,2.8208,41.782,88.2432
1742299548.216,5.349,1.069,0.3918,-1.2014,-0.5459,2.8466,41.7747,88.2299
1742299548.295,5.349,1.069,0.3918,-1.2013,-0.5458,2.8515,41.7773,88.2255
1742299548.375,5.349,1.07,0.3919,-1.2013,-0.5458,2.8622,41.7744,88.2141
1742299548.455,5.349,1.07,0.3918,-1.2013,-0.5459,2.8345,41.7698,88.2482
1742299548.534,5.35,1.07,0.3918,-1.2013,-0.5458,2.8135,41.7813,88.2494
1742299548.614,5.35,1.07,0.3919,-1.2014,-0.5459,2.7879,41.7882,88.2612
1742299548.693,5.35,1.068,0.3919,-1.2014,-0.5459,2.8106,41.7689,88.2378
1742299548.773,5.349,1.07,0.3918,-1.2014,-0.5458,2.8454,41.7577,88.2052
1742299548.972,5.35,1.068,0.3918,-1.2015,-0.5458,2.834,41.7867,88.2585
1742299549.171,5.349,1.07,0.3918,-1.2013,-0.5459,2.8536,41.7662,88.2441
1742299549.37,5.349,1.07,0.392,-1.2016,-0.5459,2.7969,41.7741,88.2722
1742299549.45,5.349,1.068,0.3919,-1.2014,-0.5459,2.8068,41.7786,88.2543
1742299549.53,5.349,1.068,0.3919,-1.2014,-0.5458,2.8107,41.778,88.2564
1742299551.541,5.348,1.069,0.392,-1.2015,-0.5459,2.8196,41.7924,88.2039
1742299551.62,5.348,1.069,0.3919,-1.2014,-0.546,2.8275,41.7788,88.2234
1742299551.7,5.349,1.07,0.3919,-1.2015,-0.5459,2.8214,41.7616,88.2027
1742299551.78,5.349,1.07,0.3919,-1.2016,-0.5459,2.7716,41.7494,88.1952
1742299551.859,5.351,1.068,0.392,-1.2016,-0.5459,2.7656,41.7699,88.2225
1742299551.939,5.349,1.068,0.3919,-1.2016,-0.5459,2.801,41.7737,88.2104
1742299552.019,5.349,1.068,0.3919,-1.2015,-0.5459,2.8118,41.7714,88.2357
1742299552.098,5.348,1.07,0.392,-1.2016,-0.5459,2.8122,41.7658,88.2421
1742299552.178,5.349,1.068,0.3919,-1.2015,-0.5459,2.7604,41.7538,88.2233
1742299552.258,5.348,1.068,0.3919,-1.2015,-0.5458,2.781,41.7719,88.2162
1742299552.337,5.349,1.07,0.392,-1.2016,-0.5459,2.8024,41.776,88.226
1742299552.417,5.349,1.07,0.3919,-1.2016,-0.5459,2.8009,41.7697,88.2401
1742299552.497,5.35,1.07,0.3919,-1.2015,-0.5458,2.7916,41.7558,88.2174
1742299552.576,5.349,1.067,0.3919,-1.2016,-0.5459,2.788,41.7503,88.2076
1742299552.656,5.349,1.068,0.3919,-1.2015,-0.546,2.8305,41.7591,88.1799
1742299552.735,5.35,1.07,0.392,-1.2016,-0.5458,2.8365,41.7614,88.1957
1742299552.815,5.35,1.07,0.3918,-1.2016,-0.5459,2.811,41.7885,88.2115
1742299552.895,5.347,1.07,0.392,-1.2016,-0.5459,2.8597,41.7809,88.2002
1742299552.974,5.35,1.07,0.392,-1.2015,-0.546,2.8825,41.7587,88.1876
1742299553.054,5.35,1.07,0.392,-1.2016,-0.546,2.8526,41.7699,88.2226
1742299553.134,5.35,1.07,0.392,-1.2016,-0.5459,2.8244,41.7681,88.2605
1742299553.213,5.35,1.068,0.392,-1.2017,-0.546,2.8485,41.7749,88.2271
1742299553.293,5.348,1.07,0.3919,-1.2016,-0.5459,2.8188,41.7813,88.2558
1742299553.373,5.35,1.07,0.392,-1.2016,-0.5459,2.8108,41.7775,88.2354
1742299553.452,5.347,1.07,0.392,-1.2017,-0.546,2.8615,41.7608,88.1984
1742299553.532,5.349,1.07,0.392,-1.2018,-0.546,2.8648,41.748,88.1869
1742299553.611,5.349,1.068,0.392,-1.2018,-0.5461,2.8641,41.7653,88.192
1742299553.691,5.349,1.07,0.392,-1.2018,-0.546,2.8363,41.7747,88.2171
1742299553.771,5.35,1.07,0.392,-1.2016,-0.5459,2.7905,41.7726,88.2474
1742299553.97,5.349,1.069,0.392,-1.2017,-0.5459,2.8229,41.7592,88.233
1742299554.049,5.35,1.07,0.392,-1.2017,-0.5459,2.8181,41.769,88.23
1742299554.129,5.35,1.07,0.392,-1.2017,-0.546,2.8059,41.7728,88.2246
1742299554.209,5.35,1.07,0.3921,-1.2015,-0.5459,2.7885,41.7718,88.2287
1742299554.288,5.349,1.068,0.3919,-1.2016,-0.5459,2.7919,41.779,88.2278
1742299554.368,5.349,1.068,0.392,-1.2016,-0.5459,2.814,41.7829,88.2164
1742299554.448,5.348,1.07,0.3919,-1.2016,-0.5459,2.8429,41.7827,88.2116
1742299554.528,5.349,1.07,0.3918,-1.2016,-0.5459,2.8316,41.7869,88.2127
1742299554.607,5.349,1.068,0.3919,-1.2016,-0.5459,2.7781,41.7794,88.2165
1742299554.687,5.348,1.07,0.392,-1.2017,-0.5459,2.8252,41.7687,88.1988
1742299554.766,5.349,1.07,0.3919,-1.2016,-0.5459,2.8453,41.7805,88.2008
1742299554.846,5.349,1.067,0.392,-1.2016,-0.5459,2.8509,41.7888,88.1941
1742299554.926,5.349,1.067,0.392,-1.2016,-0.546,2.9109,41.7591,88.1437
1742299555.125,5.349,1.07,0.392,-1.2016,-0.5459,2.8503,41.7671,88.1772
1742299555.204,5.35,1.067,0.3919,-1.2016,-0.5459,2.7942,41.7551,88.1821
1742299555.284,5.349,1.068,0.392,-1.2016,-0.5459,2.8182,41.774,88.1927
1742299555.364,5.349,1.068,0.3919,-1.2017,-0.5459,2.805,41.758,88.1723
1742299555.443,5.348,1.07,0.3919,-1.2016,-0.5459,2.8362,41.7677,88.1837
1742299555.523,5.348,1.07,0.3919,-1.2015,-0.5459,2.8108,41.7767,88.2004
1742299555.603,5.349,1.07,0.3921,-1.2015,-0.5459,2.7921,41.7885,88.2132
1742299555.682,5.349,1.07,0.3919,-1.2016,-0.5459,2.8248,41.7863,88.2211
1742299555.762,5.349,1.068,0.392,-1.2016,-0.5459,2.812,41.768,88.2015
1742299555.842,5.351,1.068,0.3919,-1.2016,-0.5459,2.8208,41.7744,88.195
1742299555.921,5.351,1.068,0.392,-1.2016,-0.5459,2.8415,41.7619,88.1895
1742299556.001,5.35,1.068,0.3919,-1.2015,-0.5459,2.8693,41.7653,88.1788
1742299556.081,5.349,1.07,0.392,-1.2017,-0.5459,2.8417,41.7622,88.1852
1742299556.16,5.349,1.07,0.3919,-1.2016,-0.5459,2.784,41.7498,88.1765
1742299556.24,5.349,1.07,0.3919,-1.2017,-0.5459,2.7668,41.7463,88.1612
1742299556.439,5.35,1.067,0.3918,-1.2015,-0.5459,2.858,41.7836,88.1846
1742299558.45,5.35,1.068,0.3919,-1.2018,-0.5459,2.8676,41.7861,88.1749
1742299558.53,5.35,1.068,0.392,-1.2015,-0.5459,2.853,41.8003,88.1898
1742299558.609,5.35,1.07,0.3918,-1.2016,-0.5459,2.8332,41.8093,88.2013
1742299558.689,5.349,1.07,0.392,-1.2016,-0.5459,2.8269,41.7818,88.1868
1742299558.768,5.348,1.068,0.392,-1.2018,-0.546,2.834,41.7716,88.1886
1742299558.848,5.348,1.07,0.3919,-1.2016,-0.5459,2.8552,41.7795,88.1835
1742299558.928,5.35,1.07,0.392,-1.2015,-0.5459,2.7895,41.7985,88.198
1742299559.007,5.35,1.07,0.3919,-1.2017,-0.5459,2.7962,41.7693,88.2003
1742299559.087,5.348,1.068,0.392,-1.2016,-0.5459,2.8065,41.7712,88.1987
1742299559.167,5.35,1.069,0.392,-1.2016,-0.5459,2.8391,41.7645,88.1819
1742299559.246,5.35,1.07,0.392,-1.2017,-0.546,2.8395,41.7824,88.1949
1742299559.326,5.35,1.07,0.3919,-1.2016,-0.5459,2.8504,41.7664,88.1678
1742299559.406,5.35,1.068,0.3919,-1.2017,-0.5459,2.8555,41.7696,88.1681
1742299559.485,5.351,1.068,0.392,-1.2017,-0.5459,2.8672,41.7666,88.1611
1742299559.565,5.35,1.068,0.392,-1.2016,-0.5459,2.8656,41.7844,88.1869
1742299559.645,5.35,1.067,0.392,-1.2017,-0.5459,2.9106,41.7687,88.1533
1742299559.724,5.349,1.067,0.392,-1.2018,-0.5459,2.9192,41.763,88.1482
1742299559.804,5.349,1.068,0.392,-1.2018,-0.5459,2.8984,41.7728,88.1563
1742299559.883,5.349,1.068,0.3921,-1.2015,-0.5459,2.8575,41.7976,88.1668
1742299559.963,5.349,1.069,0.392,-1.2016,-0.5459,2.8294,41.7807,88.1714
1742299560.043,5.348,1.07,0.3919,-1.2017,-0.5459,2.7868,41.7731,88.1773
1742299560.123,5.35,1.07,0.3918,-1.2015,-0.5458,2.822,41.7807,88.1729
1742299560.202,5.35,1.07,0.3919,-1.2015,-0.5459,2.8288,41.7769,88.1769
1742299560.282,5.351,1.069,0.3919,-1.2015,-0.5458,2.8235,41.7815,88.1903
1742299560.361,5.348,1.069,0.3919,-1.2015,-0.5458,2.8395,41.8171,88.1997
1742299560.441,5.35,1.068,0.3919,-1.2016,-0.5458,2.8631,41.8,88.1759
1742299560.521,5.35,1.068,0.3919,-1.2015,-0.5458,2.8479,41.7926,88.1872
1742299560.6,5.349,1.068,0.3919,-1.2015,-0.5459,2.8555,41.7823,88.1656
1742299560.68,5.348,1.068,0.3919,-1.2016,-0.5459,2.8777,41.7669,88.1512
1742299560.76,5.349,1.068,0.3919,-1.2015,-0.5458,2.856,41.7877,88.1607
1742299560.839,5.35,1.069,0.392,-1.2016,-0.5458,2.8674,41.7797,88.1585
1742299561.038,5.35,1.068,0.392,-1.2017,-0.5459,2.8854,41.7562,88.1705
1742299561.118,5.35,1.068,0.3919,-1.2016,-0.5461,2.9082,41.7572,88.1439
1742299561.198,5.35,1.068,0.3919,-1.2016,-0.5458,2.8907,41.7802,88.1904
1742299561.277,5.35,1.067,0.3921,-1.2015,-0.5458,2.9061,41.7615,88.1696
1742299561.357,5.351,1.068,0.3919,-1.2017,-0.5459,2.8652,41.7834,88.1781
1742299561.437,5.35,1.068,0.3921,-1.2017,-0.5459,2.8506,41.7727,88.1631
1742299561.516,5.35,1.068,0.392,-1.2017,-0.5459,2.8857,41.7763,88.1667
1742299561.596,5.35,1.067,0.392,-1.2016,-0.546,2.908,41.776,88.1635
1742299561.676,5.348,1.067,0.392,-1.2017,-0.5459,2.9121,41.7631,88.1554
1742299561.755,5.348,1.068,0.392,-1.2017,-0.5459,2.8683,41.7829,88.1644
1742299561.835,5.349,1.068,0.392,-1.2017,-0.5459,2.8723,41.7772,88.166
1742299561.914,5.349,1.068,0.392,-1.2017,-0.5459,2.8833,41.7694,88.1659
1742299561.994,5.35,1.068,0.392,-1.2017,-0.5459,2.863,41.7841,88.175
1742299562.074,5.35,1.069,0.3919,-1.2016,-0.5459,2.8397,41.7955,88.1765
1742299562.273,5.35,1.068,0.3918,-1.2016,-0.5459,2.8408,41.7979,88.1845
1742299562.352,5.349,1.068,0.3919,-1.2016,-0.5459,2.8388,41.8055,88.1982
1742299562.432,5.349,1.068,0.392,-1.2017,-0.5459,2.8574,41.7706,88.1738
1742299562.512,5.349,1.068,0.3919,-1.2016,-0.5458,2.8359,41.7701,88.1661
1742299562.591,5.35,1.066,0.3921,-1.2015,-0.5459,2.8239,41.7668,88.1587
1742299562.671,5.349,1.07,0.392,-1.2017,-0.5459,2.7645,41.79,88.1858
1742299562.751,5.349,1.069,0.392,-1.2017,-0.5459,2.7812,41.779,88.1702
1742299562.83,5.349,1.069,0.3918,-1.2017,-0.5458,2.7742,41.7938,88.1861
1742299562.91,5.349,1.069,0.392,-1.2015,-0.5459,2.7741,41.782,88.1901
