:020000040800F2
:1000000098350120550200080D490008033F0008FB
:10001000094900081D350008F766000800000000C7
:100020000000000000000000000000009D0100082A
:10003000213C000800000000F10100084D540008B8
:100040006F0200086F0200086F0200086F020008CC
:100050006F0200086F0200086F0200086F020008BC
:100060006F0200086F0200086F0200086F020008AC
:100070006F0200086F0200086F0200086F0200089C
:100080006F0200086F0200086F0200086F0200088C
:10009000213500086F0200086F0200086F02000897
:1000A0006F0200086F0200086F0200086F0200086C
:1000B0006F0200086F0200086F0200086F0200085C
:1000C0006F0200086F0200086F0200086F0200084C
:1000D0006F02000801610008CD6100087D6300081F
:1000E0006F0200086F0200086F0200086F0200082C
:1000F0006F0200086F0200086F0200086F0200081C
:100100006F0200086F0200086F0200086F0200080B
:100110002D5F00081D6000086F0200086F020008D4
:100120006F0200086F0200086F0200086F020008EB
:100130006F0200086F0200086F0200086F020008DB
:100140006F0200086F0200086F0200086F020008CB
:100150006F0200086F0200086F0200086F020008BB
:100160006F0200086F0200086F0200086F020008AB
:100170006F0200086F0200086F0200086F0200089B
:100180006F0200086F020008DFF80CD000F06AFB75
:100190000048004719670008983501202A4B196864
:1001A0000868B0E8F04F80F30988BFF36F8F4FF015
:1001B000000080F3118870470000000006480068C6
:1001C000006880F3088862B661B6BFF34F8FBFF353
:1001D0006F8F00DF00BF00BF08ED00E0DFF80C000C
:1001E000016841F470010160704700BF88ED00E0D4
:1001F000EFF30980BFF36F8F134B1A681EF0100FD7
:1002000008BF20ED108A20E9F04F106008B44FF0CD
:10021000500080F31188BFF34F8FBFF36F8F07F04B
:10022000E5FC4FF0000080F3118808BC19680868ED
:10023000B0E8F04F1EF0100F08BFB0EC108A80F34A
:100240000988BFF36F8F7047D0000020EFF305805F
:10025000704700000648804706480047FEE7FEE773
:10026000FEE7FEE7FEE7FEE7FEE7FEE7FEE7FEE766
:100270005D5400088901000840EA01039B0703D090
:1002800009E008C9121F08C0042AFAD203E011F8D5
:10029000013B00F8013B521EF9D27047D2B201E097
:1002A00000F8012B491EFBD270470022F6E710B57B
:1002B00013460A4604461946FFF7F0FF204610BDD4
:1002C0002DE9FE4F804681EA0300C00F0C460090E6
:1002D00021F0004123F00045B8EB0200A94105D20E
:1002E0004046214690461C460B46024623F00040FD
:1002F000104347D0270DC7F30A00C3F30A510290F9
:10030000401A019040286BDAC3F3130040F4801BBD
:100310000098924620B10023D2EB030A63EB0B0B4B
:1003200001985946C0F14002504600F0D6F9064601
:100330000D4650465946019A00F0EEF910EB0800C0
:100340006141002487EA115284EAE7731A4340D0DE
:10035000009A62B3019A012A4FEA075215DC001B8A
:1003600061EB02014FF0004202EA0752CDE9004280
:10037000001C41F5801132462B4600F025FA03B0EF
:10038000BDE8F08F40462146F9E7001B61EB020112
:10039000001C41F5801300185B412018A2F50017DE
:1003A00047EB030140EAD570B6196D4111E06D08C5
:1003B0004FEA360645EAC0754FEA0752001B61EB6B
:1003C0000201001C41F5801149084FEA3000001974
:1003D000514132462B4603B0BDE8F04F00F0E5B97D
:1003E0000098012240000023D0EB020263EBE0738F
:1003F000009821464FEAE074B8EB000061EB04017D
:10040000E9E783F000435BE781F0004158E72DE91D
:10041000FE4F81EA030404F0004421F000410094FF
:100420004FF0000B23F0004350EA01045ED052EA83
:1004300003045BD0C3F30A54C1F30A552C44A4F25D
:10044000F3340194A0FB0254C1F3130141F4801171
:10045000C3F3130343F4801301FB024400FB034E78
:10046000840A970A44EA815447EA8357A4FB076841
:1004700002958D0A05FB07854FEA932C04FB0C546B
:100480002705029D4FEA065847EA1637B5EB0805DF
:100490006EEB070C870E920E47EA811742EA831231
:1004A000A7FB0201B6EB0B0164EB00042B0D43EA42
:1004B0000C335E1844EB1C50DA465146E7FB020150
:1004C000C5F313044FEA0B3343EA14534FEA0432E3
:1004D000019C43EA0603A4F10C040294009CCDE9BC
:1004E00000B400F071F903B0BDE8F08F00200146C0
:1004F000F9E72DE9F04D81EA030404F0004B21F007
:10050000004514464FF0000A23F0004150EA05026E
:1005100020D054EA01021DD0C5F30A570246C5F3A4
:100520001303C1F31300C1F30A5640F4801543F4DA
:100530008013A7EB0608101BD64608F2FD3873EBB4
:10054000050002D308F1010801E092185B41B8F1FF
:10055000000F03DA00200146BDE8F08D00204FF4C3
:100560008011064684460EE0171B73EB050705D382
:10057000121B63EB050306434CEA010C49084FEAE2
:10058000300092185B4150EA0107EDD152EA0300B6
:1005900012D082EA040083EA0501084305D0101B4B
:1005A000AB4106D20122002306E000224FF00043B7
:1005B00002E06FF0010253101AEB06004CEB0851F9
:1005C00010EB0A0041EB0B01BDE8F04D00F0EDB877
:1005D0000EB5C10F80EAE0700844CA07002140F25E
:1005E00033438DE80E000A460B4600F0EDF803B0E9
:1005F00000BD0EB540F2334102910021CDE900115A
:100600000A460B4600F0E0F803B000BD70B5C1F338
:100610000A5201F000450024C1F3130140F2FF33F8
:1006200041F480119A4201DA002070BD40F2334358
:100630009A42A2F2334203DC524200F05DF800E03D
:1006400090402C43F1D0404270BDC1F30A5210B526
:10065000C1F3130140F2FF3341F480119A4201DAF1
:10066000002010BD40F233439A42A2F2334203DC31
:10067000524200F041F810BD904010BD00F0004221
:1006800030F000400AD0C10D01F56071C0F31600D2
:1006900042EA0151C2084007114370470020014659
:1006A000704701F0004330B421F0004150EA0102EC
:1006B00006D00A0DA2F56072C1F31301002A02DC14
:1006C00030BC00207047440F44EAC104C100E01868
:1006D00030BC00EBC25000F031B8202A04DB203AD5
:1006E00000FA02F1002070479140C2F1200320FA85
:1006F00003F3194390407047202A04DB203A21FA83
:1007000002F00021704721FA02F3D040C2F120022A
:100710009140084319467047202A06DBCB17203A40
:1007200041FA02F043EAE07306E041FA02F3D040F6
:10073000C2F1200291400843194670470029A8BF22
:100740007047401C490008BF20F00100704710B4FA
:10075000B0FA80FC00FA0CF050EA010404BF10BCAF
:10076000704749B1CCF1200421FA04F411FA0CF1DC
:1007700018BF012121430843A3EB0C01CB1D4FEA15
:1007800000614FEA102042BF002010BC704700EB10
:10079000C35010440029A4BF10BC7047401C49003E
:1007A00008BF20F0010010BC704710B5141E73F193
:1007B000000408DA401C41F1000192185B411A4321
:1007C00001D120F0010010BD2DE9F04D92469B466D
:1007D00011B1B1FA81F202E0B0FA80F22032904613
:1007E000FFF77BFF04460F4640EA0A0041EA0B018F
:1007F00053465A46084313D0114653EA010019D014
:10080000C8F140025046FFF777FF05460E465046B6
:1008100059464246FFF761FF084305D0012004E036
:1008200020463946BDE8F08D0020054346EAE076D3
:100830002C4337430A986305E40AA0EB0800002222
:10084000FD0A44EA47540A3002D500200146E9E790
:10085000010510196941DDE9084500196941BDE844
:10086000F04DA2E7064C074D06E0E06840F00103BA
:1008700094E8070098471034AC42F6D3FFF788FCA1
:10088000489500086895000870B58C1810F8015B51
:1008900015F0070301D110F8013B2A1106D110F819
:1008A000012B03E010F8016B01F8016B5B1EF9D11D
:1008B0002B0705D40023521E0DD401F8013BFAE7A3
:1008C00010F8013BCB1A921C03E013F8015B01F80E
:1008D000015B521EF9D5A142D8D3002070BD21B1D1
:1008E000826842F00102826003E0826822F0010225
:1008F000826070470021084A1168084A1140D0E917
:1009000000231A4383681A43C3681A431143044AF5
:10091000C2F804137047000004230140E030FCFFDC
:10092000002001400146C86C80B27047024600209A
:1009300013680B400BB1012000E00020704700005D
:1009400030B50246002000235068104C20400D793D
:100950000C6844EA05242043506090680C4C204009
:10096000D1E903542C438D682C434D7944EA450466
:1009700020439060D06A20F470000C7D641EE4B2C5
:10098000234340EA0350D06230BD0000FFFEFFFC6D
:10099000FDF7FFC0F0B504460D4600200021092DEB
:1009A00011DDE068A5F10A0606EB4607072606FA00
:1009B00007F18843A5F10A0606EB460603FA06F19D
:1009C0000843E0600CE0206905EB4507072606FABE
:1009D00007F1884305EB450603FA06F10843206159
:1009E000072A0FDA606B561E06EB86071F2606FAEB
:1009F00007F18843561E06EB860605FA06F1084302
:100A0000606322E00D2A0FDA206BD61F06EB860703
:100A10001F2606FA07F18843D61F06EB860605FA5D
:100A200006F10843206310E0E06AA2F10D0606EB30
:100A300086071F2606FA07F18843A2F10D0606EB8A
:100A4000860605FA06F10843E062F0BD816841F0D0
:100A500080418160704700001CB50121102004F026
:100A600027F80220009001208DF8040000208DF866
:100A7000060003208DF8050001208DF80700694667
:100A8000034803F0C1F90221014803F031FA1CBD0B
:100A90000010024000B58BB00121082004F008F8D6
:100AA0000121480604F014F80320099002208DF873
:100AB000280000208DF82A0003208DF8290001204D
:100AC0008DF82B0009A92D4803F09EF90922002179
:100AD0002A4803F0E1F909220121284803F0DCF952
:100AE00000208DF81A008DF81B008DF81C000120E5
:100AF0008DF81D0000208DF81E008DF81F008DF868
:100B000016008DF8170003208DF8180001208DF8CD
:100B100019000620ADF8140005A9194802F0BFFD20
:100B200000208DF80E00ADF80400ADF80600ADF819
:100B30000800ADF80A008DF80F0001208DF81000B4
:100B40000020ADF80C0001208DF8110001A802F082
:100B500019FD012202210A4802F098FD14208DF8A7
:100B6000200001208DF821008DF822008DF823004F
:100B700008A803F0CDFE0BB000BD0000000C024041
:100B8000006400402DE9F04106460D4617460B482B
:100B9000066000200949087248728D72002405E041
:100BA000395D06480B300155601CC4B2AC42F7D326
:100BB0000249034802F075FEBDE8F0810C040020F4
:100BC0000064004010B5394802F0B4FB00286CD036
:100BD00036480078312817D13448007940B200EB0C
:100BE000400040003249C8803048C07840B2A0EB95
:100BF0008000400008812D48407840B26FF013011A
:100C000010FB01F02A49488128480078322817D182
:100C10002648007940B200EB400040002449C880DB
:100C20002248C07840B2A0EB8000400008811F48F5
:100C3000407840B26FF0130110FB01F01C4948816D
:100C40001A48007833280ED11848C07840B2A0EB7B
:100C5000800040001649C8801448807840B2A0EB5C
:100C600000104000488111480078412812D10F48F7
:100C70004078104908700D48807848700B48C0785B
:100C800088700A480079C870084840790871074898
:100C90008079487105480078422806D10348407899
:100CA000552802D101200449087010BDE801002038
:100CB000480100203000002051000020404800780A
:100CC00073287BD13E480079C0F180003D49097806
:100CD00010FB01F000B23C49C8803948C078C0F12F
:100CE00080003849097810FB01F000B236490881CC
:100CF00034480078800032494979C1F1800110FB05
:100D000001F000B2304948812D48407800F00100E0
:100D100018B101202D49087012E02C48007878B1F4
:100D20002B480078062805DA29480078401C284915
:100D3000087002E00120264908700020234908704D
:100D40001F48407800F0020018B1012021490870C6
:100D500015E02048007890B11A480078022805DD97
:100D600018480078401E1749087005E00220154910
:100D700008700120184908700020164908701048B2
:100D8000407800F0040018B101201449087015E003
:100D90001248007890B10B480078092805DA094814
:100DA0000078401C0749087005E0092005490870D3
:100DB00001200949087000200849087070470000A8
:100DC00053000020A700002048010020A4000020BC
:100DD00030000020A500002052000020A6000020C6
:100DE00010B52DED088B394801F0C4FD002869D0FD
:100DF0003648C089B0F5FA7F64DA34480089B0F526
:100E0000FA7F05DAB7EE080A314880ED000A0FE0F4
:100E10002E480089B0F57A7F05DAB7EE000A2C4833
:100E200080ED000A04E09FED2B0A294880ED000ABE
:100E300026484088A0F5787000EE100AB8EEC00A87
:100E40002348D0ED000A20EE200ABDEEC00A10EEC5
:100E5000100A00B22049C8801C480088A0F57870AC
:100E600000EE100AB8EEC00A1948D0ED000AF1EE03
:100E7000600A20EE200ABDEEC00A10EE100A00B291
:100E800008811249C988A1F57870FFF7A1FB41ECF0
:100E9000190B0F480068FFF7F1FB41EC1B0B9FEDAE
:100EA0000F0B53EC102BFFF7B2FA41EC1A0B53EC7B
:100EB000192BFFF7ACFA41EC180BFFF7A7FB00B2B8
:100EC00005494881BDEC088B10BD0000F8010020E9
:100ED000A80000203333333F480100200000000009
:100EE000000014C010B5042004F09CFA0E480068FD
:100EF0000E49B0FBF1F00E4908700B4800680B4931
:100F0000B0FBF1F44FF47A7044434FF0E0200069F5
:100F100040F002004FF0E02108610846446100699A
:100F200040F00100086110BD1C00002040420F008D
:100F3000AC00002010B504464FF47A7104FB01F0B8
:100F400000F002F810BD000070B5034600224FF01B
:100F5000E02675690D4E367803FB06F44FF0E02667
:100F6000B16910E04FF0E026B06988420BD08842AA
:100F700002D20E1A324402E02E1A0E4432440146C6
:100F8000A24200D300E0EDE700BF70BDAC0000203E
:100F90001CB50121102003F08BFD042000900120DE
:100FA0008DF8040000208DF8060003208DF8050060
:100FB00001208DF807006946094802F025FF082046
:100FC000009001208DF806006946054802F01CFFDC
:100FD0000120044908600449C1F88C021CBD0000CE
:100FE00000100240880242420000424270B50446AE
:100FF000002603F037F92112A02202EB4101C8B20A
:1010000003F0D8F803F0BAF92546E11704EB1161B3
:101010000912A4EB0121C8B203F0CCF803F0AEF939
:1010200003F020F9A12003F0C5F803F0A7F9002090
:1010300003F064F8064603F055F9304670BD70B50C
:1010400004460E4603F00EF92112A02202EB4101E4
:10105000C8B203F0AFF803F091F92546E11704EBAD
:1010600011610912A4EB0121C8B203F0A3F803F047
:1010700085F9304603F09EF803F080F903F032F969
:1010800042F21070FFF760FF70BD4FF08040406A81
:1010900080B2704700B589B00121084603F008FD11
:1010A0000121022003F004FD0121084603F010FD98
:1010B00001220F21294802F0EFFE012203212848D6
:1010C00002F0EAFE4FF40040079002208DF8200065
:1010D00003208DF8210000208DF8220001208DF8DA
:1010E000230007A91D4802F08FFE0820079007A9DA
:1010F0001B4802F089FE4FF0804004F09BFA04A8E0
:1011000004F084FD0020ADF810004FF6FF7005904C
:101110000020ADF81800ADF8120004A94FF080408F
:1011200004F032FD00231A4603214FF0804004F002
:1011300049FB01A804F09EFB0620ADF80C0001A9B4
:101140004FF0804004F05FFB00204FF08041486288
:101150000121880704F053FA09B000BD00000240E5
:10116000000402404FF08041486270470148006827
:1011700080B270472404004000B589B001210220EC
:1011800003F096FC0121022003F0A2FC02220421BC
:10119000244802F081FE02220521224802F07CFE52
:1011A0003020079002208DF8200003208DF82100C8
:1011B00000208DF8220001208DF8230007A919488E
:1011C00002F022FE184804F035FA04A804F01EFDCF
:1011D0000020ADF810004FF6FF7005900020ADF82C
:1011E0001800ADF8120004A90F4804F0CDFC00234C
:1011F0001A4603210C4804F0E5FA01A804F03AFB72
:101200000620ADF80C0001A9074804F0FCFA002004
:101210000549243108600121034804F0F0F909B0C0
:1012200000BD0000000402400004004001490860C5
:1012300070470000240400400148006880B27047F5
:10124000240C004000B589B00121084603F030FCB1
:101250000121082003F03CFC02220021244802F076
:101260001BFE02220121224802F016FE03200790F5
:1012700002208DF8200003208DF8210000208DF839
:10128000220001208DF8230007A9194802F0BCFDB7
:10129000184804F0CFF904A804F0B8FC0020ADF819
:1012A00010004FF6FF7005900020ADF81800ADF863
:1012B000120004A90F4804F067FC00231A4603211A
:1012C0000C4804F07FFA01A804F0D4FA0620ADF827
:1012D0000C0001A9074804F096FA002005492431C2
:1012E00008600121034804F08AF909B000BD00003C
:1012F00000000240000C00400149086070470000F7
:10130000240C00400148006880B270472408004067
:1013100000B589B00121082003F0CAFB0121042097
:1013200003F0D6FB02220C21244802F0B5FD022274
:101330000D21224802F0B0FD4FF4405007900220EA
:101340008DF8200003208DF8210000208DF8220068
:1013500001208DF8230007A9184802F055FD184810
:1013600004F068F904A804F051FC0020ADF8100066
:101370004FF6FF7005900020ADF81800ADF8120090
:1013800004A90F4804F000FC00231A4603210C486E
:1013900004F018FA01A804F06DFA0620ADF80C006C
:1013A00001A9074804F02FFA0020054924310860FC
:1013B0000121034804F023F909B000BD000C0240EC
:1013C0000008004001490860704700002408004000
:1013D0001CB50121102003F06BFB0121094802F02C
:1013E00089FD0120009000208DF8040003208DF875
:1013F000050001208DF807006946024802F004FD4F
:101400001CBD0000001002400348006808B901201C
:1014100070470020FCE70000000242421CB5012199
:10142000082003F045FB0820009001208DF80400FF
:1014300000208DF8060003208DF8050001208DF8AE
:1014400007006946084802F0DFFC0821064802F060
:1014500051FD102000906946034802F0D5FC102190
:10146000014802F047FD1CBD000C024010B51648B3
:101470000078012802D103F081F824E012480078B6
:10148000022802D103F084F81DE00F4800780328F9
:1014900002D103F0F3F816E00B480078042802D1DB
:1014A00003F0F4F80FE008480078052802D103F0B3
:1014B00045F908E004480078062802D103F070F9E5
:1014C00001E003F05BF810BD3000002000B58BB0E8
:1014D0000121102003F0ECFA0121084603F018FB6B
:1014E00001220921354802F0D7FC01220B213348A3
:1014F00002F0D2FC01220D21304802F0CDFC012285
:101500000E212E4802F0C8FC4FF4D440099002206E
:101510008DF8280003208DF8290000208DF82A007E
:1015200001208DF82B0009A9244802F06DFC41F23E
:10153000670007900120ADF818000020ADF81A00F0
:10154000ADF8200006A91E4804F01EFB6020ADF88F
:1015500004000120ADF8060000200390ADF8100053
:1015600001A9174804F090F90821154804F0CAF9B8
:1015700001A9134804F0D0F90821114804F01EFA1B
:1015800001A90F4804F028FA08210D4804F074FA64
:1015900001A90B4804F07AFA0821094804F0B2FACC
:1015A0000121074804F01FF80121054804F027F83D
:1015B0000121034804F02FF80BB000BD00100240D9
:1015C0000000014070B505462C4641F26800844297
:1015D00000DD04460E48844200DA0446002C0BDD90
:1015E00041F268010B4804F09AFA41F26800011BCD
:1015F000084804F096FA0AE041F26801054804F050
:1016000090FA41F268002118024804F088FA70BD8F
:1016100098EFFFFF0000014070B505462C4641F2EF
:101620006800844200DD04460E48844200DA044625
:10163000002C0BDD41F268010B4804F074FA41F212
:101640006800011B084804F070FA0AE041F26801E2
:10165000054804F06AFA41F268002118024804F0D3
:1016600062FA70BD98EFFFFF0000014000B58BB03B
:101670000121102003F01CFA0121080403F048FAAC
:1016800003220521504802F007FC032206214E48A0
:1016900002F002FC6020099002208DF8280003204F
:1016A0008DF8290000208DF82A0001208DF82B00EC
:1016B00009A9454802F0A8FB41F267000790012004
:1016C000ADF818000020ADF81A00ADF8200006A90A
:1016D0003E4804F059FA6020ADF804000120ADF84E
:1016E000060000200390ADF8100001A9374804F06F
:1016F000CBF80821354804F005F901A9334804F076
:101700000BF90821314804F059F901212F4803F061
:101710006AFF01212D4803F072FF0121022003F02E
:10172000C7F90121402003F0D3F909220E212848EE
:1017300002F0B2FB09220F21254802F0ADFB4FF465
:101740004040099002208DF8280003208DF82900E0
:1017500000208DF82A0001208DF82B0009A91C48D3
:1017600002F052FB41F2670007900020ADF818002C
:10177000ADF81A00ADF8200006A9164804F004FAE6
:101780006020ADF804000120ADF8060000200390B1
:10179000ADF8100001A90F4804F076F808210D48B3
:1017A00004F0B0F801A90B4804F0B6F80821094884
:1017B00004F004F90121074803F015FF0121054851
:1017C00003F01DFF0BB000BD0010024000400140BF
:1017D000000402400018004070B505462C4641F256
:1017E0006800844200DD04460E48844200DA044664
:1017F000002C0BDD41F268010B4804F090F941F236
:101800006800011B084804F08CF90AE041F2680105
:10181000054804F086F941F268002118024804F0F6
:101820007EF970BD98EFFFFF0040014070B505469E
:101830002C4641F26800844200DD04460E48844292
:1018400000DA0446002C0BDD41F268010B4804F07D
:1018500066F941F26800011B084804F062F90AE0E9
:1018600041F26801054804F05CF941F26800211872
:10187000024804F054F970BD98EFFFFF00180040D3
:101880001CB50446062269463B2003F029F89DF862
:1018900001009DF8001040EA012000B220809DF870
:1018A00003009DF8021040EA012000B260809DF81C
:1018B00005009DF8041040EA012000B2A0801CBD84
:1018C0001CB5044606226946432003F009F89DF83A
:1018D00001009DF8001040EA012000B220809DF830
:1018E00003009DF8021040EA012000B260809DF8DC
:1018F00005009DF8041040EA012000B2A0801CBD44
:101900001CB50121022003F0D3F8402000900120F3
:101910008DF8040000208DF8060003208DF80500E6
:1019200001208DF8070069461A4802F06DFA802000
:10193000009000208DF806006946164802F064FA0F
:101940000120154908601549C1F89C0280216B20CF
:1019500002F0D1FF1248FFF7F7FA00216B2002F0E6
:10196000CAFF18211B2002F0C6FF00211C2002F034
:10197000C2FF0021382002F0BEFF0021232002F028
:10198000BAFF01216B2002F0B6FF00216C2002F0AB
:10199000B2FF1CBD000402409882404200804042D9
:1019A000A086010010B50446E006010E1C2002F0DE
:1019B000A2FF10BD10B5044621461A2002F09BFF7D
:1019C00010BD10B50446E006010E1B2002F093FF87
:1019D00010BD70B50446B4F57A7F01DD4FF47A741A
:1019E0000A2C00DA0A244FF47A7090FBF4F0401EBF
:1019F000C5B22946192002F07EFF70BD70B50024E3
:101A000015E004F1B001C8B202F0DCFF002002F0E2
:101A1000D9FF102002F0D6FF002504E0002002F0DC
:101A2000E1FF681CC5B2802DF8DB601CC4B2082C35
:101A3000E7DB70BD2DE9F04705460E461746984690
:101A40004FF000090024A7F1200000F0FF097B2DD2
:101A50002BDA082E29DAB8F1000F14D031462846C7
:101A600002F09CFF00BF0BE009EB490104EB4101D0
:101A70000F4A515CC943C8B202F0B4FF601CC4B243
:101A8000062CF1DB11E03146284602F087FF0024E6
:101A900009E009EB490104EB4101054A505C02F001
:101AA000A1FF601CC4B2062CF3DBBDE8F087000088
:101AB000149300082DE9F04105460E4614461F46D2
:101AC0000A2C07DA04F13000C2B23B463146284600
:101AD000FFF7B0FFBDE8F0812DE9F05F05460E4647
:101AE00017469846DDE90A9B7F2D01DC072E01DDB4
:101AF000BDE8F09FE819802803DC06EB0800082801
:101B000000DDF5E7BBF1000F18D0344613E02146A5
:101B1000284602F043FFAA4609E019F8012BD143F9
:101B2000C8B202F05FFF0AF1010000F0FF0ABA45F7
:101B3000F3DB601CC4B24445E9DB15E0344611E038
:101B40002146284602F02AFFAA4607E019F8010BB1
:101B500002F048FF0AF1010000F0FF0ABA45F5DB88
:101B6000601CC4B24445EBDB00BFC1E72DE9F04186
:101B700004460D461646984600277B2C14DA082D9D
:101B800012DA0EE0F25D434629462046FFF752FF87
:101B9000A01DC4B27A2C02DD0024681CC5B2781CDA
:101BA000C7B2F05D0028EDD1BDE8F0812DE9FE4F10
:101BB00080468A4691461D46DDE90C7B002D76DD88
:101BC000E8190A2873DAB9F1000F02DAC9F1000640
:101BD00000E04E460A20B6FBF0F100FB11608DF8E4
:101BE00001006420B6FBF0F100FB11600A21B0FB9C
:101BF000F1F08DF802004FF47A70B6FBF0F100FBC3
:101C000011606421B0FBF1F0C0B28DF8030042F224
:101C10001070B6FBF0F100FB11604FF47A71B0FB6D
:101C2000F1F0C0B28DF804005948B6FBF0F100FBAA
:101C3000116042F21071B0FBF1F0C0B28DF80500F6
:101C40005448B6FBF0F100FB11605149B0FBF1F0D4
:101C5000C0B28DF806005048B6FBF0F100FB1160F1
:101C60004C49B0FBF1F0C0B28DF807004B48B6FB11
:101C7000F0F100FB11604849B0FBF1F0C0B28DF803
:101C800008004748B6FBF0F100FB11604349B0FB88
:101C9000F1F0C0B28DF80900B9F1000F41DA00236C
:101CA0002D2251464046FFF7C5FE002412E037E0E2
:101CB000E919091B491E1DF8012004EB440308F132
:101CC000060101EB4301C8B25B465146FFF7F2FE45
:101CD000601CC4B2681EA042EADC002F56D005EB9F
:101CE000450108EB4101C8B25B462E225146FFF781
:101CF000A1FE002412E005EB450108EB4101891D1E
:101D000004EB440301EB4301C8B2391B1DF8012069
:101D10005B465146FFF7CEFE601CC4B2BC42EADB14
:101D200034E000240EE0E919091B1DF8012004EB42
:101D3000440108EB4101C8B25B465146FFF7BAFEC9
:101D4000601CC4B2AC42EEDB07B305EB450108EB07
:101D50004101C8B25B462E225146FFF76BFE0024BC
:101D600012E005EB450108EB4101891D04EB44033A
:101D700001EB4301C8B2391B1DF801205B465146F7
:101D8000FFF798FE601CC4B2BC42EADBBDE8FE8FE0
:101D9000A086010040420F008096980000E1F50502
:101DA00000CA9A3B00B587B00121084602F080FEC8
:101DB0000121080302F0ACFEA020009002208DF863
:101DC000040000208DF8060003208DF80500012096
:101DD0008DF807006946574802F016F805221146AB
:101DE000544802F059F805220721524802F054F8ED
:101DF0005020009001208DF8040000208DF806008E
:101E000003208DF8050001208DF807006946494838
:101E100001F0FAFF0020ADF808004FF48270ADF831
:101E20000A000020ADF80C000220ADF80E000120E1
:101E3000ADF810004002ADF812000020ADF814001B
:101E4000ADF816000720ADF8180002A93A4803F0D3
:101E500040F80121384803F019F8FF2002F0EEFFA6
:101E60004021344802F046F86420FFF763F840212F
:101E7000304802F03DF8C820FFF75CF840212D48BB
:101E800002F038F8AE2002F09DFD002002F09AFD2D
:101E9000102002F097FD402002F094FD812002F016
:101EA00091FDEF2002F08EFDA12002F08BFDC820F5
:101EB00002F088FDA62002F085FDA82002F082FD38
:101EC0003F2002F07FFDD32002F07CFD002002F0D5
:101ED00079FDD52002F076FD802002F073FDD92037
:101EE00002F070FDF12002F06DFDDA2002F06AFDD3
:101EF000122002F067FDDB2002F064FD402002F0BA
:101F000061FD202002F05EFD022002F05BFD8D20CD
:101F100002F058FD142002F055FDA42002F052FDFD
:101F2000A62002F04FFDAF2002F04CFDFFF766FD4A
:101F300007B000BD00000240003001401CB5012187
:101F4000102002F0B5FD4FF48050009000208DF875
:101F5000040003208DF8050002208DF80700694673
:101F60001F4801F051FF4FF48060009001208DF870
:101F7000040000208DF8060003208DF805000120E4
:101F80008DF807006946164801F03EFF4FF4807057
:101F9000009001208DF8040000208DF80600032039
:101FA0008DF8050001208DF8070069460C4801F006
:101FB0002BFF8020009001208DF8040000208DF878
:101FC000060003208DF8050001208DF80700694602
:101FD000034801F019FF0120024908601CBD000000
:101FE00000100240A002424270B50446002014498D
:101FF0000860002507E01349485D02F0F9FC12492A
:102000004855681CC5B2092DF5DB01200C49086054
:102010000D48407820700C48C078C04360700A4872
:102020000079C043A07008484079E0700648807984
:1020300020710548C07960710348007AA07170BDB5
:10204000A00242423C9500085C04002000B597B015
:102050000121042002F02CFD0121C80302F038FD0B
:1020600006220C21344801F017FF4FF480501590E0
:1020700002208DF858008DF8590000208DF85A0084
:1020800001208DF85B0015A92B4801F0BDFE4FF42F
:102090004040ADF840004FF48270ADF8420000209F
:1020A000ADF84400ADF846000120ADF8480040020C
:1020B000ADF84A001020ADF84C000020ADF84E00FD
:1020C0000720ADF8500010A91C4802F002FF0121C2
:1020D0001A4802F0DBFE0021184802F0CBFE012274
:1020E0000221164802F0DEFE0121480502F0E0FC64
:1020F000134801F08FFC00BF114801F037FD0028A4
:10210000FAD101900D480C3002900E480390402007
:1021100004900020059006904FF480600790002006
:10212000089009900A904FF400300B9001A90448E0
:1021300001F048FD17B000BD00080240003C00401F
:1021400088600240480300202DE9F04106460F4612
:10215000904600202149087081F8C100002424E045
:1021600007FA04F000F0800008B1F82100E0C02177
:102170001A4A601C115406FA04F000F0800008B1FD
:10218000F82100E0C021154A04F10900115408FAB1
:1021900004F000F0800008B1F82100E0C0210F4AEF
:1021A00004F111001154601C84B2082CD8DB012505
:1021B0000EE0012408E00948005D182101FB0541FB
:1021C000064A5054601C84B2192CF4DB681C85B29A
:1021D000082DEEDB02F030FDBDE8F0814803002061
:1021E00070B5064600202449087081F8C10000241B
:1021F0003CE0002536E004EB440030444078A84041
:1022000000F0800008B1F82100E0C02104EB440098
:1022100005EBC000401C184A115404EB4400305C2C
:10222000A84000F0800008B1F82100E0C02104EBD4
:10223000440005EBC00009300F4A115404EB440080
:1022400030448078A84000F0800008B1F82100E018
:10225000C02104EB440005EBC0001130064A1154C4
:10226000681CC5B2082DC6DB601CC4B2082CC0DBDC
:1022700002F0E2FC70BD00004803002070B5064685
:1022800000202449087081F8C10000243CE00025AA
:1022900036E004EB440030444078A84000F0800071
:1022A00008B1F82100E0C02104EB440005EBC000B8
:1022B000401C184A115404EB4400305CA84000F064
:1022C000800008B1F82100E0C02104EB440005EBD8
:1022D000C00009300F4A115404EB440030448078A8
:1022E000A84000F0800008B1F82100E0C02104EB14
:1022F000440005EBC0001130064A1154681CC5B2F9
:10230000082DC6DB601CC4B2082CC0DB02F094FCB4
:1023100070BD00004803002070B52DED0E8BFEF758
:10232000B4FE05B22846FEF753F941EC1A0B9FEDB7
:10233000FE0B53EC102BFEF76AF841EC190B81F001
:10234000004141EC180BFEF7ACF90446FEF796F994
:10235000F74A03C20020FEF705FFFEF707FF05B2AC
:102360002846FEF735F941EC190B9FEDEF0B53ECC6
:10237000102BFEF74CF841EC180BFEF792F90446CF
:10238000FEF77CF9EB4A03C20020FEF74FFFFEF791
:1023900053FF05B22846FEF71BF941EC1A0B9FEDDF
:1023A000E20B53EC102BFEF732F841EC190B81F0E5
:1023B000004141EC180BFEF774F90446FEF75EF994
:1023C000DD4A03C20020FEF797FFFEF79BFF05B230
:1023D0002846FEF7FDF841EC190B9FEDD30B53ECAB
:1023E000102BFEF714F841EC180BFEF75AF90446CF
:1023F000FEF744F9D14A03C20020FEF7E3FFCD48BF
:1024000090ED002BB0EE420AF0EE620AC84890ED63
:10241000002BB0EE421AF0EE621A53EC102B51EC86
:10242000110BFDF74DFF41EC1C0BC34890ED001B59
:10243000B0EE410AF0EE610A53EC102B51EC1C0B8C
:10244000FDF73EFF41EC1B0BBC4890ED001BB0EECE
:10245000410AF0EE610A53EC102B51EC1B0BFDF717
:102460002FFF41EC1A0B9FEDB60B53EC102BFEF730
:1024700040F841EC190B9FEDB40B53EC102BFDF71A
:10248000C6FF41EC180BFEF7C1F800B2B049088056
:10249000A74890ED001BB0EE410AF0EE610A51EC46
:1024A000100B81F0004141EC1D0BA24890ED001B88
:1024B000B0EE410AF0EE610A53EC102B51EC1D0B0B
:1024C000FDF7FEFE41EC1C0B9B4890ED001BB0EEAF
:1024D000410AF0EE610A53EC102B51EC1C0BFDF796
:1024E000EFFE41EC1B0B954890ED001BB0EE410A4E
:1024F000F0EE610A53EC102B51EC1B0BFDF781FF42
:1025000041EC1A0B9FED8E0B53EC102BFDF7F1FFF6
:1025100041EC190B9FED8C0B53EC102BFDF777FF63
:1025200041EC180BFEF772F800B2894948808048E8
:1025300090ED001BB0EE410AF0EE610A51EC100B79
:1025400081F0004141EC1E0B7A4890ED001BB0EE8B
:10255000410AF0EE610A53EC102B51EC1E0BFDF713
:10256000AFFE41EC1D0B744890ED001BB0EE410A2C
:10257000F0EE610A53EC102B51EC1D0BFDF741FFFF
:1025800041EC1C0B6D4890ED001BB0EE410AF0EEE3
:10259000610A53EC102B51EC1C0BFDF791FE41EC42
:1025A0001B0B9FED670B53EC102BFDF7A2FF41ECCB
:1025B0001A0B9FED680B53EC102BFDF79AFF41ECC3
:1025C000190B9FED610B53EC102BFDF720FF41EC35
:1025D000180BFEF71BF800B25D4988800846B0F979
:1025E000060040F2DC51884202DD08465849C880A6
:1025F0005748B0F906005949884203DA4FF62420BB
:102600005349C8805248B0F90800B0F5966F03DD11
:102610004FF496604E4908814D48B0F9080010F516
:10262000966F03DA4FF65030494908814848B0F9AF
:102630000A0041F68801884202DD08464449488183
:102640004348B0F90A004649884203DA4EF27870EE
:102650003F4948813E49B1F90600FDF7B9FF41EC19
:10266000190B9FED390B53EC102BFDF742FF41EC9A
:10267000180BFEF716F836498861B1F90800FDF726
:10268000A7FF41EC190B9FED300B53EC102BFDF71E
:1026900030FF41EC180BFEF704F82D49C861B1F981
:1026A0000A00FDF795FF41EC190B9FED270B53EC4A
:1026B000102BFDF71EFF41EC180BFDF7F2FF24492C
:1026C0000862084690ED080A10EE101A0846FDF759
:1026D000D5FF41EC1B0B9FED1F0B53EC102BFDF7AF
:1026E00096FE41EC190B1A4890ED060AD0ED070A48
:1026F00030EE600A10EE101A0846FDF7BFFF41ECFD
:102700001A0B53EC192BFDF77CFE41EC180BFDF76F
:10271000C8FF074988600E4890ED080A10EE101AAD
:102720000846FDF7ABFF1DE0302E55698B6B203F4F
:10273000700100208001002090010020A0010020F5
:1027400000000000000010400000000000408F402A
:102750004801002062105839B4C8C63F24FAFFFF70
:1027600078E7FFFF41EC1B0B1FED060B53EC102B22
:10277000FDF74DFE41EC190B724890ED060AD0EDC5
:10278000070A30EE200A10EE101A0846FDF776FF11
:1027900041EC1A0B53EC192BFDF792FD41EC180B91
:1027A000FDF77FFF68498860664890ED080A10EEE3
:1027B000101A0846FDF762FF41EC1B0B1FED1B0BC7
:1027C00053EC102BFDF723FE41EC190B5D4890ED07
:1027D000060AD0ED070A30EE200A10EE101A08465D
:1027E000FDF74CFF41EC1A0B53EC192BFDF709FEDA
:1027F00041EC180BFDF755FF54498860514890EDA6
:10280000080A10EE101A0846FDF738FF41EC1B0BC2
:102810001FED300B53EC102BFDF7F9FD41EC190BBC
:10282000484890ED060AD0ED070A30EE600A10EE37
:10283000101A0846FDF722FF41EC1A0B53EC192B36
:10284000FDF73EFD41EC180BFDF72BFF404988607A
:10285000404890ED001BB0EE410AF0EE610A51ECE9
:10286000100BFDF71EFF08EE100A3A48D0ED020AE1
:10287000B0EE600AF0EE480A00F032FA354988817D
:10288000314890ED001BB0EE410AF0EE610A51ECC8
:10289000100BFDF706FF08EE100A2B48D0ED020AD8
:1028A000B0EE600AF0EE480A00F076FA2649888118
:1028B000264890ED001BB0EE410AF0EE610A51ECA3
:1028C000100BFDF7EEFE08EE100A2048D0ED020ACC
:1028D000B0EE600AF0EE480A00F0BAFA1B498881AF
:1028E0001B4890ED001BB0EE410AF0EE610A51EC7E
:1028F000100BFDF7D6FE08EE100A1548D0ED020ABF
:10290000B0EE600AF0EE480A00F0FEFA1049888145
:102910001049B1F90C00FEF755FE0B49B1F90C0056
:10292000FEF77AFE09498989494208B2FEF754FF49
:1029300007498989494208B2FEF778FFBDEC0E8B42
:1029400070BD00004801002080010020900100209F
:10295000A00100207001002010B50020FEF732FE1B
:102960000020FEF759FE0020FEF736FF0020FEF79C
:102970005DFF10BD014630480078002859D02F482F
:1029800040782E4A927840EA0220C0F30A0008807C
:102990002A488078C010294AD27840EA4210C0F311
:1029A0000A0048802548C0788011244A127940EAFC
:1029B0008200224A527940EA8220C0F30A008880CD
:1029C0001E48407940101D4A927940EAC210C0F377
:1029D0000A00C880194880790011184AD27940EA63
:1029E0000210C0F30A0008811448C079C011134ACC
:1029F000127A40EA4200114A527A40EA4220C0F379
:102A00000A0048810D48407A80100C4A927A40EAC8
:102A10008210C0F30A0088810848807A4011074A72
:102A2000D27A40EAC200C8810020034A1070012017
:102A300070470020FCE70000B800002034040020AC
:102A400000B587B001210C2002F032F80121080501
:102A500002F03EF808220221244801F01DFA042069
:102A6000059002208DF818008DF8190000208DF8CF
:102A70001A0001208DF81B0005A91C4801F0C4F9BB
:102A80001B4801904FF48050ADF808004000ADF8AD
:102A90000A00C010ADF80C000020ADF810000420B2
:102AA000ADF80E0001A9134803F0B2FD35208DF8F2
:102AB000000001208DF801008DF802008DF8030060
:102AC000684601F025FF012240F22551094803F034
:102AD00079FD012240F22441064803F073FD0121F3
:102AE000044803F02CFD07B000BD0000000C0240BC
:102AF000A08601000050004000B58BB001210220EB
:102B000001F0D6FF0121480402F002F80322082157
:102B1000214801F0C1F902208DF8280000208DF82D
:102B20002A004FF48070099001208DF82B000320BB
:102B30008DF8290009A9184801F066F9A720ADF819
:102B400018000020ADF81A008DF8220044F61F602E
:102B500007900020ADF8200006A9104803F014F8F3
:102B60006020ADF804000120ADF8060000200390BD
:102B7000ADF8100001A9094802F086FE08210748B7
:102B800002F0C0FE0121054802F02DFD012103489D
:102B900002F035FD0BB000BD0004024000440140CE
:102BA00010B50446B4F5617F01DD4FF4617414F58E
:102BB000617F00DA094C00EE104AF8EEC00A9FED82
:102BC000080A9FED081A01EE200ABCEEC00A10EEBA
:102BD000101A054802F0A3FF10BD00007CFCFFFFA7
:102BE0000080BB443F358E3F0044014000B58BB0B0
:102BF0000121022001F05CFF0121880401F088FF1F
:102C000003220921214801F047F902208DF828000C
:102C100000208DF82A004FF40070099001208DF8F3
:102C20002B0003208DF8290009A9184801F0ECF8C1
:102C3000A720ADF818000020ADF81A008DF822008A
:102C400044F61F6007900020ADF8200006A9104848
:102C500002F09AFF6020ADF804000120ADF80600F4
:102C600000200390ADF8100001A9094802F00CFE05
:102C70000821074802F046FE0121054802F0B3FC96
:102C80000121034802F0BBFC0BB000BD0004024070
:102C90000048014010B50446B4F5617F01DD4FF4F2
:102CA000617414F5617F00DA094C00EE104AF8EE09
:102CB000C00A9FED080A9FED081A01EE200ABCEE3B
:102CC000C00A10EE101A054802F029FF10BD0000DE
:102CD0007CFCFFFF0080BB443F358E3F0048014035
:102CE00030EE601A264880ED001A2648B0F9000040
:102CF00001EE100AB8EEC11A2148D0ED001A21EEFB
:102D0000211AD0ED001A204890ED002A31EEC22A97
:102D10001E48B0F9000001EE900AF8EEE11A01EE4B
:102D2000821A1B48B0F9000001EE900AF8EEE11A91
:102D300031EE211ABDEEC11A11EE100A00B214498B
:102D400008800F4890ED001A0F4880ED001A0846E1
:102D5000B0F9000041F26801884202DD08460C49E2
:102D600008800B48B0F900000A49884203DA4EF6A1
:102D70009870074908800648B0F9000070470000C5
:102D8000740000204A000020780000204C00002041
:102D90007000002098EFFFFF30EE601A264880EDAB
:102DA000001A2648B0F9000001EE100AB8EEC11A68
:102DB0002148D0ED001A21EE211AD0ED001A20484A
:102DC00090ED002A31EEC22A1E48B0F9000001EE53
:102DD000900AF8EEE11A01EE821A1B48B0F90000E1
:102DE00001EE900AF8EEE11A31EE211ABDEEC11A99
:102DF00011EE100A00B2144908800F4890ED001A35
:102E00000F4880ED001A0846B0F9000041F2680151
:102E1000884202DD08460C4908800B48B0F90000E2
:102E20000A49884203DA4EF6987007490880064836
:102E3000B0F9000070470000800000204A00002028
:102E4000840000204C0000207C00002098EFFFFF51
:102E500030EE601A264880ED001A2648B0F90000CE
:102E600001EE100AB8EEC11A2148D0ED001A21EE89
:102E7000211AD0ED001A204890ED002A31EEC22A26
:102E80001E48B0F9000001EE900AF8EEE11A01EEDA
:102E9000821A1B48B0F9000001EE900AF8EEE11A20
:102EA00031EE211ABDEEC11A11EE100A00B214491A
:102EB00008800F4890ED001A0F4880ED001A084670
:102EC000B0F9000041F26801884202DD08460C4971
:102ED00008800B48B0F900000A49884203DA4EF630
:102EE0009870074908800648B0F900007047000054
:102EF0008C0000204A000020900000204C000020A0
:102F00008800002098EFFFFF30EE601A264880ED21
:102F1000001A2648B0F9000001EE100AB8EEC11AF6
:102F20002148D0ED001A21EE211AD0ED001A2048D8
:102F300090ED002A31EEC22A1E48B0F9000001EEE1
:102F4000900AF8EEE11A01EE821A1B48B0F900006F
:102F500001EE900AF8EEE11A31EE211ABDEEC11A27
:102F600011EE100A00B2144908800F4890ED001AC3
:102F70000F4880ED001A0846B0F9000041F26801E0
:102F8000884202DD08460C4908800B48B0F9000071
:102F90000A49884203DA4EF69870074908800648C5
:102FA000B0F9000070470000980000204A0000209F
:102FB0009C0000204C0000209400002098EFFFFFB0
:102FC0001CB50121022001F073FD01210E4800F023
:102FD00091FF0120009000208DF8040003208DF85F
:102FE000050001208DF807006946074800F00CFF36
:102FF0000221054800F07EFF022000906946024849
:1030000000F002FF1CBD00000004024010B588B0B3
:1030100004460121084601F04BFD0121102001F07A
:1030200077FD07220921244800F036FF07220A21F4
:10303000214800F031FF4FF4C060069002208DF867
:103040001C008DF81D0000208DF81E0001208DF859
:103050001F0006A9184800F0D7FE02940020ADF822
:103060000C00ADF80E00ADF81000ADF814000C2007
:10307000ADF8120002A9114803F0CAFA01210F4865
:1030800003F05DFA40210D4803F050FA012240F2AE
:1030900025510A4803F096FA25208DF804000120F6
:1030A0008DF805008DF806008DF8070001A801F0E5
:1030B0002FFC08B010BD00000000024000100140CD
:1030C00010B588B004460121084601F0F1FC012149
:1030D000480401F0FDFC07220221214800F0DCFE3B
:1030E000072203211E4800F0D7FE0C200690022084
:1030F0008DF81C008DF81D0000208DF81E000120A9
:103100008DF81F0006A9164800F07EFE02940020EC
:10311000ADF80C00ADF80E00ADF81000ADF81400DD
:103120000C20ADF8120002A90E4803F071FA01213B
:103130000C4803F004FA012240F22551094803F03B
:1031400041FA26208DF8040001208DF805008DF845
:1031500006008DF8070001A801F0DAFB08B010BDE9
:1031600000000240004400402DE9F04707460D46AC
:1031700090464FF00009202D37DCAA201C4908702A
:1031800055204870681D8870084680F80380002428
:1031900005E0395D201D164A1154601CC4B2AC42D2
:1031A000F7DB281DC6B2002406E01148005D484444
:1031B00000F0FF09601CC4B2B442F6DB0C4800F812
:1031C0000490681DC6B200240DE00948015D09485D
:1031D00003F08DFA00BF4021064803F0BCF9012836
:1031E000F9D1601CC4B2B442EFDBBDE8F087000047
:1031F000800200200044004010B588B00446012140
:10320000082001F055FC0121880401F061FC07222F
:103210000821224800F040FE072209211F4800F043
:103220003BFE4FF44070069002208DF81C008DF894
:103230001D0000208DF81E0001208DF81F0006A93A
:10324000164800F0E1FD02940020ADF80C00ADF846
:103250000E00ADF81000ADF814000C20ADF812000F
:1032600002A90F4803F0D4F901210D4803F067F9D2
:10327000012240F225510A4803F0A4F927208DF8D5
:10328000040001208DF805008DF806008DF8070078
:1032900001A801F03DFB08B010BD0000000C024089
:1032A000004800402DE9F04707460D4690464FF094
:1032B0000009202D37DCAA201C49087055204870D1
:1032C000681D8870084680F80380002405E0395D99
:1032D000201D164A1154601CC4B2AC42F7DB281DF5
:1032E000C6B2002406E01148005D484400F0FF0922
:1032F000601CC4B2B442F6DB0C4800F80490681DB0
:10330000C6B200240DE00948015D094803F0EFF959
:1033100000BF4021064803F01EF90128F9D1601CC6
:10332000C4B2B442EFDBBDE8F0870000D002002059
:103330000048004010B503460B48007890B10B4898
:103340008078001FC2B2002105E0C81C074C205C39
:103350005854481CC1B29142F7DB0020024C207047
:10336000104610BD0020FCE7B4000020F802002049
:1033700010B588B004460121042001F099FB012119
:10338000C80401F0A5FB08220A21224800F084FDB0
:1033900008220B211F4800F07FFD4FF4406006908B
:1033A00002208DF81C008DF81D0000208DF81E00F5
:1033B00001208DF81F0006A9164800F025FD029493
:1033C0000020ADF80C00ADF80E00ADF81000ADF81F
:1033D00014000C20ADF8120002A90F4803F018F9F0
:1033E00001210D4803F0ABF8012240F225510A48B3
:1033F00003F0E8F834208DF8040001208DF8050072
:103400008DF806008DF8070001A801F081FA08B0D8
:1034100010BD000000080240004C004070B52DEDCA
:10342000068B1548FDF712FB00BF02211248FDF77D
:103430007DFA0028F9D01048FDF774FA05462846B1
:10344000FDF7D7F841EC1A0B9FED0C0B53EC102B4A
:10345000FCF7DDFF41EC190B9FED0A0B53EC102B31
:10346000FDF747F841EC180BFDF7EFF884B2204662
:10347000BDEC068B70BD000000210140285C8FC2AE
:10348000F53EAC400000000000FEAF4000B58DB03E
:103490000121042001F00CFB0121480201F038FB5E
:1034A00001200B9003208DF8300000208DF83300B0
:1034B0000BA9184800F0A8FC0121480201F038FBD4
:1034C00000214FF4007001F033FB002007900A90B8
:1034D00009904FF48030089007A8FDF70BFA002000
:1034E00001908DF808008DF80900039005900120E7
:1034F0008DF8180001A90848FDF722FA01210648B5
:10350000FDF7EDF9072301220A210348FDF742FAEE
:103510000DB000BD000802400021014000BFFEE7E1
:1035200010B5144A0021144800F043F90020134953
:1035300008701048006840F28111884218D10D4887
:10354000007B0C49C97A40EA012000B20C49C880CE
:103550000848817B407B41EA002000B2084908818D
:103560000448017CC07B41EA002000B20449488144
:1035700010BD000020040020006400405A0000201C
:103580004801002010B50021837A012202FA03F1DC
:103590003D4A126842F001023B4B1A603A4A1C3223
:1035A00012688A43384B1C331A60027BCAB9364A08
:1035B0000C3212688A43344B0C331A604288C38839
:1035C00042EA0343304A4032847A42F83430028877
:1035D000838842EA03432C4A4032847A02EBC402D5
:1035E0005360027B012A19D1274A0C3212680A4320
:1035F000254B0C331A604288038842EA0343224A6F
:103600004032847A42F83430C288838842EA0343E5
:103610001D4A4032847A02EBC4025360C27A3AB93E
:10362000194A121D12688A43174B1B1D1A6006E0C7
:10363000154A121D12680A43134B1B1D1A6002899A
:1036400032B9114A143212688A430F4B14331A608C
:103650000289012A06D10C4A143212680A430A4B25
:1036600014331A60427B012A06D1074A1C321268C1
:103670000A43054B1C331A60034A126822F0010208
:10368000014B1A6010BD0000006600401AB143698A
:103690000B43436102E043698B434361704730B59C
:1036A000024600200023146824F002041460146809
:1036B00044F00104146000E05B1C546804F0010451
:1036C0001CB94FF6FF74A342F6D1546804F001040C
:1036D0000CB900206CE08C79012C04D1146844F002
:1036E0008004146003E0146824F080041460CC7932
:1036F000012C04D1146844F04004146003E0146801
:1037000024F0400414600C7A012C04D1146844F0B5
:103710002004146003E0146824F0200414604C7A40
:10372000012C04D1146844F01004146003E0146800
:1037300024F0100414608C7A012C04D1146844F035
:103740000804146003E0146824F008041460CC7AC0
:10375000012C04D1146844F00404146003E01468DC
:1037600024F0040414608C78A407CD7844EA05643E
:103770000D7944EA05444D7944EA05540D886D1EDF
:103780002C43D461146824F001041460002300E089
:103790005B1C546804F001041CB14FF6FF74A34293
:1037A000F6D1546804F001040CB1002000E00120BF
:1037B00030BD10B500F5D87303EB01131B6803F09F
:1037C00004031372137A53B900F5D87303EB011392
:1037D0001B6840F2FF7404EA5353136009E000F5DC
:1037E000D87303EB01131B686FF0604404EAD30342
:1037F000536000F5D87303EB01131B6803F0020359
:10380000537200F5D87303EB01135B6803F00F03E9
:10381000937200F5D87303EB01135B681B0AD37432
:1038200000F5D87303EB01139B68D37200F5D873CE
:1038300003EB01139B681C0A147300F5D87303EBA8
:1038400001139B681C0C547300F5D87303EB011330
:103850009B681B0E937300F5D87303EB0113DB68B1
:10386000D37300F5D87303EB0113DB681C0A1474DF
:1038700000F5D87303EB0113DB681C0C547400F5DE
:10388000D87303EB0113DB681B0E937421B9C36873
:1038900043F02003C36003E0036943F020030361A6
:1038A00010BD10B502460020936803F08063B3F1A9
:1038B000806F00D110E0936803F00063B3F1006FF4
:1038C00001D1012008E0936803F08053B3F1805FD9
:1038D00001D1022000E00420042874D002F5C07356
:1038E00003EB00131B6803F0010402F5C07303EB44
:1038F00000131C600B7A7BB94B7A0C8843EA445363
:1039000002F5C07404EB00142468234302F5C0746C
:1039100004EB0014236010E00B7A4C6843EAC40304
:103920004C7A234302F5C07404EB0014246823434B
:1039300002F5C07404EB001423608B7A03F00F03CC
:103940008B7202F5C07303EB00135B6823F00F0466
:1039500002F5C07303EB00135C6002F5C07303EB68
:1039600000135B688C7A234302F5C07404EB0014E7
:1039700063608B7B1C064B7B44EA03440B7B44EA6D
:103980000323CC7A234302F5C07404EB0014A36034
:103990008B7C1C064B7C44EA03440B7C44EA0323E7
:1039A000CC7B234302F5C07404EB0014E36002F502
:1039B000C07303EB00131B6843F0010402F5C073EE
:1039C00003EB00131C6010BD0246094B9A4201D262
:1039D000084801E00648103801F000531BB1064BBF
:1039E0000B40C36002E0044B0B4083607047000053
:1039F00010640240006002407D0F7D0F21B102681B
:103A000042F00102026003E0026822F0010202605B
:103A100070470000016821F0010101600021016090
:103A200041608160C1600161212141614A49884250
:103A300004D13D21484A103A91608CE04649183142
:103A4000884205D14FF47461434A103A916082E094
:103A500041493031884205D14FF474113E4A103A41
:103A6000916078E03C494831884205D14FF074615B
:103A7000394A103A91606EE037496031884204D18A
:103A80003649354A103AD16065E033497831884289
:103A900004D13349304A103AD1605CE02E4990316C
:103AA000884204D12F492C4A103AD16053E02A4968
:103AB000A831884205D14FF03D51274A103AD160D4
:103AC00049E02949884204D13D21274A083A11603A
:103AD00041E025491831884205D14FF47461224AEA
:103AE000083A116037E020493031884205D14FF45F
:103AF00074111D4A083A11602DE01B494831884273
:103B000005D14FF07461184A083A116023E0164954
:103B10006031884204D11149134A121F11601AE022
:103B200011497831884204D10D490F4A121F1160A2
:103B300011E00D499031884204D10A490A4A121F06
:103B4000116008E00849A831884204D14FF03D5186
:103B5000054A121F11607047106002403D000020AE
:103B6000400F002000003D2010640240014600206C
:103B70000A6802F001020AB1012000E0002070474B
:103B800030B503460A46002000240B4DAB4201D25B
:103B90000A4901E00849103902F000550DB14C689E
:103BA00000E00C68064D2C4004EA02050DB101202E
:103BB00000E0002030BD00001064024000600240C0
:103BC0007D0F7D0F10B500220268134B1A40CC68A0
:103BD0000B6823434C6923438C692343CC692343FB
:103BE0000C6A23434C6A23438C6A23434C6B234364
:103BF0008C6B23431A430260426922F00702D1E929
:103C00000B3423431A4342610B6943604B68836062
:103C10008B68C36010BD00003F801CF0416070479E
:103C2000704700002DED048B82B0CDE0642003F0DE
:103C30000DFD6648007800B364480078012806D17D
:103C4000002363A202215A20FDF790FF1BE05F488A
:103C50000078022806D100235EA202215A20FDF737
:103C600085FF10E05948007803280CD100235AA2A0
:103C700002215A20FDF77AFF05E0002357A2022116
:103C80005A20FDF773FF56480088FCF7B2FC41EC60
:103C9000190B9FED540B53EC102BFCF7B8FB41ECC8
:103CA000180BFCF7B3FC0446002001210223224636
:103CB000CDE9001003211E20FDF778FF00200090C1
:103CC00001904A48B0F90A20062303215A20FDF743
:103CD0006DFF642003F0BAFC454890ED001BB0EE88
:103CE000410AF0EE610A9FED431B53EC112B51EC9E
:103CF000100BFCF78CFB41EC180BFCF787FC04461F
:103D0000002002210B462246CDE9001006211E208C
:103D1000FDF74CFF394890ED001BB0EE410AF0EE84
:103D2000610A9FED341B53EC112B51EC100BFCF787
:103D30006EFB41EC180BFCF769FC044600200221E5
:103D40000B462246CDE9001006215A20FDF72EFF32
:103D50002B4890ED001BB0EE410AF0EE610A9FED9A
:103D6000251B53EC112B51EC100BFCF750FB41ECD5
:103D7000180BFCF74BFC0446002002210B462246A0
:103D8000CDE9001007211E20FDF710FF1D4890ED22
:103D9000001BB0EE410AF0EE610A9FED161B53ECDA
:103DA000112B51EC100BFCF732FB41EC180BFCF71C
:103DB0002DFC0446002002210B462246CDE90010CE
:103DC00007215A20FDF7F2FE30E700005A000020DC
:103DD0005053320041505000524D5300524F530047
:103DE000360000209A9999999999B93FB00100201D
:103DF00070010020000000000000594080010020F8
:103E000090010020A0010020F0B50A460021002307
:103E1000002400BF3DE0012505FA01F3156805EA1D
:103E200003049C4234D105684F000326BE40B543CD
:103E3000056015794E00B540066835430560157973
:103E4000012D02D01579022D16D185684F00032669
:103E5000BE40B543856055794E00B5408668354310
:103E60008560456801268E40B54345604568967972
:103E70008E40B6B235434560C5684F000326BE404C
:103E8000B543C560D5794E00B540C6683543C560B9
:103E9000491C1029BFD3F0BDF0B5002300244D0705
:103EA000ED0E02FA05F3CE1000F1200555F826506C
:103EB0004E07F70E0F26BE40B543CF1000F1200687
:103EC00046F82750CE1000F1200555F8265045EA57
:103ED0000304CE1000F1200545F82640F0BD02464F
:103EE000002013690B400BB1012000E00020704757
:103EF00041837047018370470AB1018300E0418329
:103F0000704700BFFEE7000010B500200E490860B2
:103F10000E48006820F440400C49086008460068DC
:103F200040F48040086000200949C1F89C0201204B
:103F3000FDF70AF8012004490860FDF705F80020A4
:103F40000349C1F8980210BD988240420004024023
:103F50000080404210B500200D4908600220FCF7A7
:103F6000F3FF01200B49C1F888020220FCF7ECFFA7
:103F700000200749091F08600220FCF7E5FF012027
:103F80000449C1F88C020220FCF7DEFF10BD0000DE
:103F90008C0242420000424210B500200E490860E7
:103FA0000E48006820F440400C490860084600684C
:103FB00040F48040086001200949C1F89C02FCF7E8
:103FC000C3FF012004490860FCF7BEFF002004493C
:103FD000C1F8980210BD00009882404200040240DF
:103FE0000080404210B50120094908600220FCF71A
:103FF000ABFF01200749C1F888020220FCF7A4FFAB
:1040000000200349091F08600220FCF79DFF10BD36
:104010008C024242000042422DE9F04106460F4622
:1040200014461D4600F0EAF810B90120BDE8F08101
:104030007106080E00F08CF800F06EF918B900F067
:104040002DF90120F2E7384600F082F800F064F91B
:1040500000F0D4F8012101EB4601C8B200F078F875
:1040600000F05AF90DE0012C04D1002000F010F806
:10407000287003E0012000F00BF828706D1C601E12
:10408000C4B2002CEFD100F009F90020CEE7000007
:1040900070B5054600241648006820F440401449D5
:1040A0000860084600680860002616E06006040EF6
:1040B0000020104908600220FCF746FF01200E494D
:1040C000C1F898020B487C38006808B1601CC4B283
:1040D0000220FCF739FF701CC6B2082EE6DB15B1D2
:1040E000FFF712FF01E0FFF757FF204670BD000009
:1040F00000040240988240420080404270B505466C
:104100000024002615E06006040E01200E49086018
:104110000220FCF719FF0D48D0F80C0208B1601C12
:10412000C4B20020084908600220FCF70DFF701C93
:10413000C6B2082EE7DB15B9FFF754FF01E0FFF721
:1041400009FF204670BD0000880242420000424242
:1041500070B504461448006820F4404012490860D5
:104160000846006840F48040086000200F4908605D
:10417000002516E0E0090D49091D08600120FCF743
:10418000E3FE01200A49C1F89802FCF7DDFE002099
:10419000064908600120FCF7D7FE6006040E681C83
:1041A000C5B2082DE6DB70BD000402409882404293
:1041B0000080404270B50446002514E0E0090D4936
:1041C00008600220FCF7C0FE01200B49C1F88802FC
:1041D0000220FCF7B9FE00200649091F08606006AE
:1041E000040E681CC5B2082DE8DB012001490860F7
:1041F00070BD00008C0242420000424210B51648D9
:10420000006820F44040144908600846006840F403
:10421000804008600120114908601148D0F81C0254
:1042200008B9002010BD01200C49091F0860FCF7E7
:104230008BFE00200A49C1F89C02084880380068BB
:1042400008B10020EEE70120FCF77EFE00200349C4
:10425000091F08600120E5E7000402409C824042FB
:104260000080404210B501200A4908600A49C1F89F
:1042700088020220FCF768FE002006490860022040
:10428000FCF762FE00200449C1F888020220FCF716
:104290005BFE10BD8C0242420000424210B50E4847
:1042A000006820F440400C4908600846006840F46B
:1042B000804008600020094908600949C1F89C0253
:1042C0000120FCF741FE0120044908600449C1F8BF
:1042D0009C02FCF739FE10BD000402409882404267
:1042E0000080404210B50020094908600220FCF718
:1042F0002BFE01200749C1F888020220FCF724FEAA
:104300000120034908600220FCF71EFE10BD0000DA
:104310008C0242420000424210B50024144800685A
:1043200020F44040124908600846006808600120F7
:1043300010490860FCF708FE01200F49C1F89802F7
:10434000FCF702FE07E0601CC4B2FA2C03DDFFF7A5
:10435000A5FF002010BD0748803800680028F2D172
:104360000449091F08600120FCF7EEFD0120F1E778
:10437000000402409C8240420080404210B500246C
:104380000120114908600220FCF7DEFD01200F49E1
:10439000C1F888020220FCF7D7FD07E0601CC4B218
:1043A000FA2C03DDFFF79EFF012010BD0648803880
:1043B00000680028F2D10449091F08600220FCF7B8
:1043C000C3FD0020F1E700008C024242000042429F
:1043D0002DE9F04105460E4617469846FFF70EFFB9
:1043E00010B90120BDE8F0816906080EFFF7B0FEA4
:1043F000FFF792FF18B9FFF751FF0120F2E73046AF
:10440000FFF7A6FEFFF788FF00240BE018F8040072
:10441000FFF79EFEFFF780FF18B9FFF73FFF002070
:10442000E0E7641CBC42F1DBFFF738FF0020D9E76E
:1044300083E0FCF7E9FF00287CD0322003F006F986
:10444000FCF7E2FF002875D0002415E0322003F0CD
:10445000FDF8FCF7D9FF00B910E03C2C0AD102218D
:104460003648FFF747FDC82003F0F0F80221334833
:10447000FFF73EFD601CC4B2C82CE7DB00BF142C64
:104480000CDA2F480078062805DA2D480078401C01
:104490002B49087002E0012029490870C82C49D135
:1044A00000210846FCF7CBFD2648006803F024FBFA
:1044B0002548006803F020FB02212048FFF71AFD81
:1044C00040F6B83003F0C2F802211C48FFF710FD97
:1044D0000020FDF777F80020FDF79EF80020FDF79B
:1044E0007BF90020FDF7A2F9FDF788FA20E0002310
:1044F00016A203211846FDF739FB002319A2052156
:104500001846FDF733FB02210C48FFF7F3FC0A20A5
:1045100003F09CF802210948FFF7EAFC40F2DC5066
:1045200003F094F8FDF76AFA4FF4FA7003F08EF88E
:10453000DDE7FFE7322003F089F87AE70010024058
:104540003000002004000020100000202020526FC6
:10455000626F74206861732073746F70706564207B
:104560002000000020202020506C656173652052DF
:1045700065737461727420202000000010B5034B35
:104580005A791979D878FDF7DFFD10BD3000002089
:104590002DE9F0413748C078802801DB012000E098
:1045A0000020054633480079802801DB012000E027
:1045B000002006462F484079802801DB012000E0DA
:1045C000002007462C480078292811DA2A4800786C
:1045D00000EB40004006040E07FB04F3DAB206FBD2
:1045E00004F3D9B205FB04F3D8B2FDF7ADFD3AE010
:1045F000214800783D280CDAF02407FB04F3DAB2F6
:1046000006FB04F3D9B205FB04F3D8B2FDF79CFD19
:1046100029E0194800784F2811DA17480078C0F1CE
:104620005000C006040E07FB04F3DAB206FB04F3E5
:10463000D9B205FB04F3D8B2FDF786FD13E00E48AE
:1046400000785B280CDA0C2407FB04F3DAB206FBD3
:1046500004F3D9B205FB04F3D8B2FDF775FD02E00F
:1046600002200549087004480078401C024908707F
:10467000BDE8F08130000020A000002010B5024805
:10468000FDF7FCFD10BD0000DC8C000810B52848CB
:104690000078032803DA2748FDF7F0FD42E02448BC
:1046A0000078062805DA002211461046FDF74CFD79
:1046B00038E01F4800780A2803DA1E48FDF7DEFDBF
:1046C00030E01B480078142805DA00221146104615
:1046D000FDF73AFD26E016480078172803DA164859
:1046E000FDF7CCFD1EE0124800781A2805DA0022FA
:1046F00011461046FDF728FD14E00D4800781E28ED
:1047000003DA0D48FDF7BAFD0CE0094800782828C7
:1047100005DA002211461046FDF716FD02E00020E2
:104720000349087002480078401C0149087010BD18
:10473000A1000020F48C00080C8D000810B516486C
:10474000C0781649087014480079487012484079BA
:1047500088701148C07848750F4801790F488175F5
:104760000D4841790D48C17501240EE0002004EB8D
:1047700044010A4A505404EB44011144487004EBCC
:10478000440111448870601CC4B2072CEEDB03485E
:10479000FDF726FD10BD000030000020D0010020F4
:1047A00010B543480078082836DA41480078A8B1A7
:1047B00000213F480078401E00EB40003D4A115464
:1047C0003B480078401E00EB4000104441703848E0
:1047D0000078401E00EB4000104481703648C078DD
:1047E0003349097801EB4101324A5054324800798B
:1047F0002F49097801EB4101114448702E48407956
:104800002B49097801EB4101114488702848007850
:10481000401C2749087047E025480078102840DAF6
:1048200023480078082818D0002121480078C0F1DA
:10483000100000EB40001F4A11541D480078C0F1E1
:10484000100000EB40001044417019480078C0F19E
:10485000100000EB4000104481701748C0781449E4
:104860000978C1F10F0101EB4101124A505412487D
:1048700000790F490978C1F10F0101EB41011144A1
:1048800048700D4840790A490978C1F10F0101EBE0
:1048900041011144887006480078401C04490870A2
:1048A00002E00020024908700248FDF799FC10BDA3
:1048B000A2000020D0010020300000200DE01E20CA
:1048C00002F0C4FE0548007810B1FCF7CFFD04E00B
:1048D000002211461046FDF737FCF0E7500000209B
:1048E00070B504460D461646F2B22B4621466820A6
:1048F000FFF792FB70BD13B5044601AB01222146C0
:104900006820FFF765FD1CBD00BFFEE77047000093
:1049100070B5002100230F22C4781CB3174C246803
:1049200004F4E064C4F5E064C4F30721C1F10404B5
:10493000E3B20A4144789C40E1B2847814402143B8
:104940000C07210E0E4C05786155047804F01F0504
:104950000124AC4005786D11AD0005F1E025C5F8E6
:10496000004109E0047804F01F050124AC40054D26
:104970000678761145F8264070BD00000CED00E089
:1049800000E400E080E100E002490143024A1160D6
:10499000704700000000FA050CED00E070B5044619
:1049A0000D4605F1B001C8B200F00CF8102141EA43
:1049B000141000F007F804F00F0141F0010000F0BE
:1049C00001F870BD10B5044610210548FFF790FAB4
:1049D000204600F033FA10210148FFF78BFA10BD92
:1049E0000000024010B50446204600F027FA10BD32
:1049F0001CB50446002001900120009027E09DF89E
:104A00000000204018B101201449086002E0002095
:104A100012490860002011490C3908601020FCF789
:104A200093FA0F48D0F8300228B19DF804009DF8A1
:104A3000001008430190012008490C39086010203B
:104A4000FCF782FA9DF800004006000E00909DF8E9
:104A500000000028D3DC9DF804001CBDA8024242DF
:104A60000000424200BF03F0EFFC0D49086016E071
:104A700014210B4802F018FE0A48FDF7B5FA0A485F
:104A8000007801280BD007484078082807D105484E
:104A9000807920B901200449087004490870E7E7CB
:104AA0006C000020530000205A000020520000201B
:104AB00029B1064A12680243044B1A6004E0034A13
:104AC00012688243014B1A60704700003038024080
:104AD00029B1064A12680243044B1A6004E0034AF3
:104AE00012688243014B1A60704700004038024050
:104AF00029B1064A12680243044B1A6004E0034AD3
:104B000012688243014B1A6070470000203802404F
:104B100029B1064A12680243044B1A6004E0034AB2
:104B200012688243014B1A6070470000443802400B
:104B300029B1064A12680243044B1A6004E0034A92
:104B400012688243014B1A6070470000243802400B
:104B5000F0B5002100220024022500260223324F56
:104B60003F6807F00C0121B1042905D0082937D18D
:104B700005E02E4F076036E02D4F076033E02A4FE7
:104B80003F1F3F68C7F38056274F3F1F3F6807F01E
:104B90003F036EB1264FB7FBF3F7DFF88CC0ACF1E3
:104BA000040CDCF800C0CCF3881C07FB0CF40CE010
:104BB0001E4FB7FBF3F7DFF870C0ACF1040CDCF864
:104BC00000C0CCF3881C07FB0CF4174F3F1F3F6855
:104BD000C7F301477F1C7D00B4FBF5F7076002E0D7
:104BE000124F076000BF00BF0F4F3F6807F0F00192
:104BF0000909104F7A5C0768D74047600A4F3F6841
:104C000007F4E051890A0B4F7A5C4768D740876008
:104C1000054F3F6807F46041490B064F7A5C4768CF
:104C2000D740C760F0BD0000083802400024F400FF
:104C300000127A00BE00002010B5C2210B48FEF71A
:104C4000EDFF01210948FEF7D9FE00BF08490748DA
:104C5000FEF796FF0028F9D000210448FEF7CEFEAB
:104C600003490248FEF7B0FE10BD00008860024014
:104C70000008002010B51B48FCF702FE19484088C8
:104C80001949088017480088404200B248801548FA
:104C9000808888801548FCF713FE14480088144962
:104CA0000988084400B21149088008464088104924
:104CB0004988084400B20D494880084680880C495C
:104CC0008988084400B20949888008464088064916
:104CD000C88006480088404200B2088103488088A6
:104CE000488110BD38000020B00100203E000020A7
:104CF0004400002010B533480088000A324908708B
:104D00003048007848702F484088000A88702D4845
:104D10008078C8702B488088000A0871294800797B
:104D200048712848C088000A887126488079C8716F
:104D300024480089000A08722248007A48722148F3
:104D40004089000A88721F48807AC8721F4800880C
:104D5000000A08731D48007848731C484088000A00
:104D600088731A488078C87318488088000A0874C5
:104D70001648007948741648008800128874144850
:104D80000078C874102214210F48FEF7EDF91022A4
:104D900014210D48FEF786FA0B4A062140F2211035
:104DA000FBF7F0FE084A921D06214FF49170FBF7C5
:104DB000E9FE054A0C32082140F22310FBF7E2FE1F
:104DC00010BD0000B0010020BC01002048010020FF
:104DD0003600002000BF03F037FB1549086026E0CD
:104DE0001421134802F060FC1248007898B1114871
:104DF0000078012802D1FBF761FF0CE00D48007834
:104E0000022802D1FBF7DEFE05E00A4800780328FD
:104E100001D1FBF7E5FF0848007810B1FDF77CFAF7
:104E200001E0FDF799FDFFF725FFFFF763FFD7E7E7
:104E3000600000205A0000204E00002010B50446FB
:104E400000BF02210A4800F036F80028F9D02146B8
:104E5000074800F03CF800BF0121054800F02BF89E
:104E60000028F9D0024800F02FF8C0B210BD0000B1
:104E70000030014021B1028842F40052028004E077
:104E800002884DF6FF731A400280704721B10288F4
:104E900042F04002028004E002884FF6BF731A40DD
:104EA000028070471AB183880B43838002E08388B5
:104EB0008B43838070470246002013890B400BB15F
:104EC000012000E0002070470146888970478181F9
:104ED000704710B50022028802F441520B884C88BA
:104EE00023438C882343CC8823430C8923434C8958
:104EF00023438C892343CC8923431A430280838B29
:104F00004FF2FF74234083830B8A038210BD00009D
:104F10000CB50020019000903448006840F48030C7
:104F20003249086000BF3148006800F4003000904A
:104F30000198401C0190009818B90198B0F5A04F55
:104F4000F1D12A48006800F4003010B1012000902F
:104F500001E0002000900098012846D1234840300D
:104F6000006840F0805021494031086020480068C6
:104F700040F440401E4908601C48083000681B4946
:104F8000083108600846006840F4004008600846A0
:104F9000006840F4A05008601648091F0860081F08
:104FA000006840F08070091F086000BF0F4800686B
:104FB00000F000700028F9D040F205700E4908603A
:104FC0000A480830006820F00300084908310860EA
:104FD0000846006840F00200086000BF034808303F
:104FE000006800F00C000828F8D10CBD0038024021
:104FF0000070004008544007003C02402DE9FF418A
:10500000074655250020FBF7F1FF882824D12020F2
:10501000FBF7ECFFB84908702120FBF7E7FFB64922
:1050200048702220FBF7E2FFB34988702320FBF78A
:10503000DDFFB149C8702420FBF7D8FFAE490871E5
:105040002520FBF7D3FFAC4948715020FBF7CEFF7A
:1050500040B2AA49088030E00220A7490870002029
:1050600048708870C870FF20087148710846017840
:105070002020FBF7E4FFA04841782120FBF7DFFF69
:105080009D4881782220FBF7DAFF9B48C1782320D6
:10509000FBF7D5FF984801792420FBF7D0FF96480D
:1050A00041792520FBF7CBFF944801785020FBF78E
:1050B000C6FF88210020FBF7C2FF9048B0F900002E
:1050C000FDF76EFD8D48B0F90000FDF7E3FD002609
:1050D00029E010218A48FEF70BFF1E2002F0B6FAE5
:1050E00010218748FEF706FF142002F0AFFA02A84D
:1050F000FCF7E6FB83480088BDF80810084400B2BE
:105100008049088008464088BDF80A10084400B26B
:105110007C49488008468088BDF80C10084400B2DD
:1051200078498880761C0A2ED3DB7648B0F90000D7
:1051300040420A2190FBF1F000B272490880084613
:10514000B0F9020040420A2190FBF1F000B26D4933
:1051500048800846B0F9040040420A2190FBF1F073
:1051600000B26849888000262AE000240FE0E006AB
:10517000050E002211462846FCF7E6FF1021604884
:10518000FEF7B6FE142002F061FA601CC4B21E2CB9
:10519000EDDB142411E004EB44008006050E002230
:1051A00011462846FCF7D0FF10215548FEF7A2FE15
:1051B000142002F04BFA601EC4B2002CEBDC761C0B
:1051C000032ED2DB002211461046FCF7BDFF102152
:1051D0004B48FEF78DFE02214B48FEF78BFE642004
:1051E000FBF7A8FE02214848FEF782FEFCF706FC0A
:1051F000002346A219461846FCF7B8FC002349A232
:1052000001211846FCF7B2FC00234CA202211846EB
:10521000FCF7ACFC00234FA202211E20FCF7A6FCE9
:1052200000234EA203211846FCF7A0FC00233DA258
:1052300004211846FCF79AFC00233AA205211846DF
:10524000FCF794FC00234BA206211846FCF78EFCC9
:1052500000234EA207211846FCF788FC002351A228
:1052600019464E20FCF782FC02F0D6F84E48032186
:1052700000234FF48072CDE900104CA14E4803F09A
:10528000A3F84E48042100238022CDE900104CA150
:105290004E4803F099F84E48052100238022CDE9BD
:1052A00000104CA14E4803F08FF84E480621002311
:1052B0008022CDE900104CA14E4803F085F84E48FD
:1052C0000A2100238022CDE900104CA14E4803F0B2
:1052D0007BF84E480B2100238022CDE900104CA121
:1052E0004E4803F071F84E48006802F047FA02F0A9
:1052F000BDF8BDE8FF810000300000205E00002006
:10530000000C024044000020001002402020202A0F
:10531000205441524B424F54204D4543202A2020D7
:10532000200000002D2D2D2D2D2D2D2D2D2D2D2D41
:105330002D2D2D2D2D2D2D2D2D000000205665728B
:105340003A56302E3030204D6F643A524F53202061
:105350002000000056332E303100000020566F6CC4
:105360003A31322E32562047797A3A303030303066
:1053700020000000204D54413A30302E3030204D76
:1053800054423A2D302E303020000000204D54433E
:105390003A30302E3030204D54443A2D302E3030BB
:1053A000200000004D45430004000020526F626F52
:1053B000745F5461736B0000D54D00080800002035
:1053C0004B65795F5461736B000000003144000845
:1053D0000C0000204C696768745F5461736B0000B7
:1053E000BD48000810000020446973705F54617369
:1053F0006B000000253C0008140000205472697600
:1054000069615F5461736B00215C00081800002023
:105410005073325F5461736B00000000654A0008EE
:1054200000000020042808D14FF0E021096941F074
:1054300004014FF0E022116107E04FF0E02109691B
:1054400021F004014FF0E0221161704710B502F025
:10545000EBFF012801D002F0ADFC10BD10B51548DE
:10546000006840F47000134908601348006840F079
:1054700001001149086000200F49083108600E48FA
:1054800000680E4908400C4908600D48091D086075
:10549000081F006820F48020091F086000200649CA
:1054A0000C310860FFF734FD4FF00060014980398E
:1054B000086010BD88ED00E000380240FFFFF6FEF6
:1054C00010300024F0B50C46154600210022068C51
:1054D0004FF6FE773E400684018B028C4FF60C7629
:1054E00031407E1C06EA03162E4331434FF6F57613
:1054F000324044F00106324301830284F0BDF0B52E
:105500000C461546002100220026078C4FF6EF7C42
:1055100007EA0C070784018B028C4FF6FF7707EA36
:10552000041640F6FF4739404FF6FF7707EA033786
:1055300039434FF6FF7707EA052739434FF65F7780
:105540003A4046F010073A4301830284F0BDF0B5BB
:105550000C461546002100220026078C4FF6FF6CF2
:1055600007EA0C070784818B028C4FF6FF7707EA66
:1055700004264FF60C7739404FF6FF7707EA0317FA
:105580002F4339434FF2FF573A4046F480773A436E
:1055900081830284F0BDF0B50C461546002100223F
:1055A0000026078C4EF6FF7C07EA0C070784818BE8
:1055B000028C4FF6FF7707EA043640F6FF47394082
:1055C0004FF6FF7707EA052739434FF6FF7707EADB
:1055D0000337394345F6FF773A4046F480573A435C
:1055E00081830284F0BD21B1028842F080020280F2
:1055F00004E002884FF67F731A400280704721B1A1
:10560000028842F00102028004E002884FF6FE7335
:105610001A400280704731B1B0F8442042F4004291
:10562000A0F8442005E0B0F84420C2F30E02A0F830
:105630004420704710B504465548844208D10121E2
:105640000846FFF775FA00210120FFF771FA9DE087
:10565000B4F1804F08D101210846FFF749FA002133
:105660000120FFF745FA91E04A48844208D1012120
:105670000220FFF73DFA00210220FFF739FA85E00A
:105680004548844208D101210420FFF731FA002166
:105690000420FFF72DFA79E04048844208D1012127
:1056A0000820FFF725FA00210820FFF721FA6DE016
:1056B0003B48844208D101211020FFF719FA00214C
:1056C0001020FFF715FA61E03648844208D1012125
:1056D0002020FFF70DFA00212020FFF709FA55E0FE
:1056E0003148844208D101210220FFF721FA00212C
:1056F0000220FFF71DFA49E02C48844209D101211C
:105700000804FFF715FA00214FF48030FFF710FA74
:105710003CE02748844209D101214804FFF708FAF8
:1057200000214FF40030FFF703FA2FE021488442B4
:1057300009D101218804FFF7FBF900214FF48020F3
:10574000FFF7F6F922E01C48844208D101214020ED
:10575000FFF7CEF900214020FFF7CAF916E01748FD
:10576000844208D101218020FFF7C2F90021802066
:10577000FFF7BEF90AE01248844207D101218015E3
:10578000FFF7B6F90021A015FFF7B2F910BD000030
:10579000000001400004004000080040000C0040F0
:1057A000001000400014004000040140004001408F
:1057B000004401400048014000180040001C004027
:1057C00000200040F0B50C4615461E460021002280
:1057D00000230189028B038C4FF6F877394021436F
:1057E0004FF6FC473A4040F201173A434FF6DD7757
:1057F0003B404FF6FF7707EA06172F433B430181F3
:1058000002830384F0BD70B505460C46208850B96C
:105810002389A28861882846FFF754FEE18828463C
:1058200000F085F925E0208804280AD12389A28880
:1058300061882846FFF763FEE188284600F080F97A
:1058400017E0208808280AD12389A2886188284681
:10585000FFF77DFEE188284600F07FF909E0238903
:10586000A28861882846FFF796FEE188284600F066
:105870007DF970BD002101804180012181800021DE
:10588000C18001817047000070B500240022002310
:10589000058C4FF6FE7635400584028C8388048B98
:1058A0004FF68F752C40B51E2C400D882C43751E6D
:1058B0002A408D892A434D882A43104DA84202D0A0
:1058C0000F4DA84213D14FF6F7752A40CD892A43D0
:1058D0004FF6FB752A408D882A434FF6FF652B4013
:1058E0004FF6FF552B400D8A2B434D8A2B43838067
:1058F00004838D684563028470BD00000000014090
:10590000000401400A460021018B4FF6F77319404D
:10591000114301837047000070B50024002200236A
:10592000058C4FF6EF7635400584028C8388048B16
:1059300048F6FF752C404FF6FF452C400D884FF67A
:10594000FF7606EA05252C434FF6DF752A408D8940
:1059500006EA05152A434D8806EA05152A43154D22
:10596000A84202D0144DA8421DD14FF67F752A409F
:10597000CD894FF6FF7606EA05152A434FF6BF7527
:105980002A408D8806EA05152A434FF6FF352B403D
:105990004FF2FF752B400D8A06EA85052B434D8A91
:1059A00006EA85052B43838004838D688563028422
:1059B00070BD000000000140000401400A460021C3
:1059C000018B4FF2FF7319404FF6FF7303EA022376
:1059D000194301837047000070B5002400220023A2
:1059E000058C4FF6FF6635400584028C8388848BD6
:1059F0004FF68F752C404FF6FC752C400D882C43CC
:105A00004FF6FF552A408D894FF6FF7606EA0525A9
:105A10002A434D8806EA05252A43154DA84202D09F
:105A2000144DA8421DD14FF2FF752A40CD894FF683
:105A3000FF7606EA05252A434FF6FF352A408D8872
:105A400006EA05252A434EF6FF752B404DF6FF75F5
:105A50002B400D8A06EA05152B434D8A06EA0515EB
:105A60002B43838084838D68C563028470BD0000EE
:105A700000000140000401400A460021818B4FF6DE
:105A8000F7731940114381837047000070B50022FD
:105A900000230024058C4EF6FF7635400584038CE8
:105AA0008488828B48F6FF752A404FF6FF452A40CE
:105AB0000D884FF6FF7606EA05252A434DF6FF7559
:105AC0002B408D8906EA05352B434D8806EA0535BE
:105AD0002B430A4DA84202D0094DA84208D14BF6EB
:105AE000FF752C400D8A4FF6FF7606EA85152C438C
:105AF000848082838D680564038470BD000001404A
:105B0000000401400A460021818B4FF2FF731940C7
:105B10004FF6FF7303EA0223194381837047416301
:105B2000704781637047C163704701647047028B9F
:105B30004FF6F3731A400283028B0A4302837047C5
:105B4000028B4FF2FF331A400283028B4FF6FF7332
:105B500003EA01231A4302837047828B4FF6F373E3
:105B60001A408283828B0A4382837047828B4FF272
:105B7000FF331A408283828B4FF6FF7303EA0123BF
:105B80001A4382837047000000220288184B984213
:105B90000ED0184B98420BD0B0F1804F08D0164B66
:105BA000984205D0154B984202D0154B984204D12B
:105BB0004FF68F731A404B881A43124B984207D006
:105BC000114B984204D04FF6FF431A400B891A43F9
:105BD00002804B68C3620B880385054B984202D054
:105BE000044B984201D18B7A03860123838270474C
:105BF0000000014000040140000400400008004093
:105C0000000C004000100040001400404FF0FF3135
:105C10004160002101800181418081727047000054
:105C200053E1FDF7FBFBA949088008460088B0F561
:105C3000856F67DC0821A648FEF751F9C0F1010025
:105C4000C5B22A460821A248FEF756F99F480088A7
:105C5000B0F57D7F5ADA08219D48FEF749F99B4847
:105C60000088B0F5767F49DA9A480088401C994947
:105C70000880084600880A2848DD10219448FEF76D
:105C800039F908219248FEF733F99348006801F08A
:105C900033FF9248006801F02FFF0020FBF792FCD1
:105CA0000020FBF7B9FC0020FBF796FD0020FBF776
:105CB000BDFDFBF7A3FE20E0002389A203211846C7
:105CC000FBF754FF00238CA205211846FBF74EFF7B
:105CD00002218F48FEF70EF91E2001F0B7FC0221C9
:105CE0008B48FEF705F94FF47A7001F0AFFCFBF733
:105CF00085FE4FF47A7001F0A9FCDDE700207549BC
:105D0000088003E008217248FEF7F4F8814890F912
:105D10000000002868DD00207F49088048808880D6
:105D20006D48006801F0E8FE02217948FEF7E2F8CC
:105D3000322001F08BFC02217548FEF7D9F84FF4B0
:105D40007A7001F083FC08216148FEF7D1F8002445
:105D50001FE0142001F07AFC7048FBF7B1FD6E489B
:105D600000886E490988084400B26B4908800846DB
:105D700040886A494988084400B267494880084613
:105D8000808866498988084400B263498880601C1D
:105D9000C4B20A2CDDDB6048B0F9000040420A21A1
:105DA00090FBF1F000B25C4908800846B0F90200AF
:105DB00040420A2190FBF1F000B257494880084662
:105DC000B0F9040040420A2190FBF1F000B25249C0
:105DD000888008213E48FEF78DF83F48006801F0B2
:105DE000E1FD00204B4908704D480078002837DD60
:105DF0003948006801F080FE4A4801782020FBF70E
:105E00001EF9484841782120FBF719F94548817867
:105E10002220FBF714F94348C1782320FBF70FF940
:105E2000404801792420FBF70AF93E4841792520B2
:105E3000FBF705F902213648FEF75CF8C82001F0AF
:105E400005FC02213248FEF753F84FF47A7001F056
:105E5000FDFB2148006801F0A5FD002030490870D5
:105E60003148007808B33048007801280ED102216B
:105E70002748FEF73FF8C82001F0E8FB022124483C
:105E8000FEF736F80020284908700EE0022120486D
:105E9000FEF730F84FF47A7001F0D8FB02211C486D
:105EA000FEF726F800202049087010210848FEF768
:105EB00016F8C0F10100C5B22A4610210448FEF7C9
:105EC0001BF84FF4FA7001F0C1FBAAE6360000207F
:105ED000000C02406400002004000020100000209C
:105EE00020202020204C6F7720706F776572202053
:105EF00020202020000000002020526F626F7420BC
:105F00006861732073746F70706564200000000016
:105F1000001002404F0000204400002066000020D6
:105F200051000020300000205200002010B540F247
:105F30002551334800F01CFB00285FD0304800F0AA
:105F4000D1FBC4B22F480078032823DA2D4800780B
:105F500038B9AA2C4CD12C4804700120294908706A
:105F600046E02848007801280BD1552C05D1264859
:105F700044700220234908703AE00020214908704B
:105F800036E02148847003201E490870601E1F49B6
:105F900008702DE01C488078401E1A490978884214
:105FA0000EDD194817490978445416480078401CFA
:105FB000144908701548007820441449087017E007
:105FC00000201049087011480078844210D1012047
:105FD0000F4908700C48C078302809D10A48007968
:105FE000552805D102200B49087001200A49087084
:105FF000012240F22551024800F0E4FA10BD0000F1
:10600000004C0040B5000020F8020020B60000203F
:10601000B40000205A0000205200002010B540F2C9
:106020002551304800F0A4FA00285AD02D4800F03D
:1060300059FBC4B22C48007858B90F2C4BD12B48CF
:1060400029490978445428480078401C264908709A
:1060500041E025480078182834DB94BB012024490E
:10606000087024480078032827D02048C078801181
:106070001E49097940EA81001C49497940EA81209A
:10608000C0F30A001C4908801848807A401117495B
:10609000C97A40EAC100184948800846008840F2A1
:1060A000DC51884209DD14484088884205DD032020
:1060B0001049087001201149087000200A49087031
:1060C00009E0FFE709480849097844540648007880
:1060D000401C05490870012240F22551014800F09A
:1060E00071FA10BD00500040B900002034040020B7
:1060F000B80000205A000020BA0000205200002002
:1061000010B540F225512C4800F032FA002851D049
:10611000294800F0E7FAC4B228480078032823DAB7
:106120002648007838B9AA2C3ED1254804700120B1
:106130002249087038E02148007801280BD1552CFD
:1061400005D11F48447002201C4908702CE0002033
:106150001A49087028E01A4884700320174908700B
:10616000601E184908701FE015488078401E1349CA
:10617000097888420EDD12481049097844540F48C6
:106180000078401C0D4908700E48007820440D49E5
:10619000087009E00020094908700A480078844224
:1061A00002D1012008490870012240F2255102481D
:1061B00000F008FA10BD000000100140AE00002001
:1061C00008020020AF000020AD00002010B540F212
:1061D00025515F4800F0CCF900287DD05C4800F0E4
:1061E00081FAC4B25B480078032823DA5948007862
:1061F00038B9AA2C04D158480470012055490870B8
:106200009FE05448007801280BD1552C05D1524805
:10621000447002204F49087093E000204D490870F7
:106220008FE04D48847003204A490870601E4B4936
:10623000087086E048488078401E464909788842C0
:106240000EDD454843490978445442480078401CD3
:10625000404908704148007820444049087070E087
:1062600000203C4908703D480078844269D10020F4
:106270003B4908703848C07850281BD136484079CF
:106280003549097940EA012000B23649C8803248D0
:10629000C0793149897940EA012000B23149088149
:1062A0002D48407A2C49097A40EA012000B22D4954
:1062B000488146E02848C078512804D12648007912
:1062C00040B2294908702448C078522814D1224885
:1062D00000792649087000E039E01F48407948708D
:1062E0001D48807988701C48C079C8701A48007AA7
:1062F00008711948407A48711748C078532802D16C
:1063000001201B4908701448C07854280BD112484A
:10631000007920B102211748FDF7ECFD03E00221CE
:106320001448FDF7E5FD0C48C0785A2809D10A4801
:106330000079012802D11049087002E002200E49BC
:106340000870012240F22551014800F03BF910BDD0
:1063500000440040B000002058020020B10000209E
:106360005A000020480100204F000020300000208B
:1063700051000020001002405200002010B540F2F1
:1063800025515F4800F0F4F800287DD05C4800F00B
:10639000A9F9C4B25B480078032823DA5948007889
:1063A00038B9AA2C04D15848047001205549087006
:1063B0009FE05448007801280BD1552C05D1524854
:1063C000447002204F49087093E000204D49087046
:1063D0008FE04D48847003204A490870601E4B4985
:1063E000087086E048488078401E4649097888420F
:1063F0000EDD454843490978445442480078401C22
:10640000404908704148007820444049087070E0D5
:1064100000203C4908703D480078844269D1002042
:106420003B4908703848C07850281BD1364840791D
:106430003549097940EA012000B23649C88032481E
:10644000C0793149897940EA012000B23149088197
:106450002D48407A2C49097A40EA012000B22D49A2
:10646000488146E02848C078512804D12648007960
:1064700040B2294908702448C078522814D12248D3
:1064800000792649087000E039E01F4840794870DB
:106490001D48807988701C48C079C8701A48007AF5
:1064A00008711948407A48711748C078532802D1BA
:1064B00001201B4908701448C07854280BD1124899
:1064C000007920B102211748FDF714FD03E00221F5
:1064D0001448FDF70DFD0C48C0785A2809D10A4828
:1064E0000079012802D11049087002E002200E490B
:1064F0000870012240F22551014800F063F810BDF8
:1065000000480040B2000020A8020020B300002094
:106510005A000020480100204F00002030000020D9
:1065200051000020001002405200002001F40072CF
:10653000B2F5007F00D100BFCA430280704721B18D
:10654000828942F40052828104E082894DF6FF7311
:106550001A408281704702460020B1F5007F00D1C9
:1065600000BF13880B400BB1012000E000207047F2
:1065700070B50246002400230025002040F66A166C
:10658000B14200D100BFC1F3421501F01F03012643
:1065900006FA03F3012D02D19689334006E0022D5D
:1065A00002D1168A334001E0968A33400C1201264C
:1065B00006FA04F41688344013B10CB1012000E04F
:1065C000002070BDF0B50346002400260025002001
:1065D00040F66A17B94200D100BF1846C1F3421411
:1065E00001F01F06012707FA06F5012C01D10C3036
:1065F00004E0022C01D1103000E014301AB1076819
:106600002F43076002E00768AF430760F0BD00005A
:106610002DE9FF4705460E460024A14600BFA046CF
:10662000B08900B100BF2C8A24F44054F0880443A0
:106630002C82AC8941F20C608443B08831890843D4
:10664000718908430443AC81AC8A24F44074B08956
:106650000443AC826846FEF77BFA2048854202D0AC
:106660001F48854202D1DDF80C9001E0DDF808906A
:10667000A88900F4004040B109EBC90000EB091003
:1066800031684900B0FBF1F707E009EBC90000EB06
:10669000091031688900B0FBF1F76420B7FBF0F016
:1066A00004012009642101FB1078A88900F400404E
:1066B00040B1322000EBC800B0FBF1F000F0070061
:1066C000044308E0322000EB08106421B0FBF1F035
:1066D00000F00F0004432C81BDE8FF87001001404B
:1066E0000014014001468888C0F308007047C1F3D8
:1066F00008028280704700BFFEE702E008C8121F50
:1067000008C1002AFAD170477047002001E001C19A
:10671000121F002AFBD170471CB54FF4A060FEF792
:1067200033F9FCF7E9F9FCF761FAFAF7CFFEFAF76B
:106730009DFFFAF7D7FBFAF771FEFAF749FEFCF76F
:10674000A5FEFAF789F9FAF723FC4FF46130FCF75C
:106750005DFC4FF46130FCF7B3FC4FF46130FCF7A3
:106760004BFD4FF4E130FCF703FEFCF769F9FAF753
:1067700091F9FBF7E3FBFAF78DFCFAF7FDFCFAF76A
:1067800061FDFAF7C5FDFBF761FC3F22114610469B
:10679000FBF7DAFCFBF706FB00201A4908238022EE
:1067A000CDE900100146FBF797F9FCF709FC02213F
:1067B0001548FDF79FFB6420FAF7BCFB0221124845
:1067C000FDF796FB40F26C70FAF7B4FBFBF798F814
:1067D0000020FBF7E7F80120FBF7F3F8C820FBF7F0
:1067E000F8F80220FBF7E6F8084801210023802290
:1067F000CDE9001006A1094801F0E6FD01F032F9EB
:1068000000BFFEE7DC880008001002400000002006
:1068100053746172745F5461736B0000FD4F000824
:106820002DE9F04105460E461C4807681C480068E3
:10683000001D00F0A7FD50B91948006890F82C1011
:106840000120884017490968814316480160681C87
:1068500038B936B112480168091D134800F0D0FD5F
:106860001AE07C190E4800684460BC4207D20C480C
:106870000168091D0D48006800F0A8FD0CE00848FB
:106880000168091D0A48006800F0A0FD0948006879
:10689000844201D207480460BDE8F081E400002092
:1068A000D0000020E80000205C050020D800002077
:1068B000D40000200001002010B5044600F0ACFD1B
:1068C00024480068401C234908602348006840B9F8
:1068D000214804600846006801280DD100F0DEF967
:1068E0000AE01E48006838B91B480068C06AE16ABF
:1068F000884201D81848046019480068401C1849AB
:10690000086008460068206494F82C100120884034
:1069100014490968084313490860E16A01EB8101E1
:10692000114A02EB8100211D00F06AFD00F09EFD7E
:106930000A48006868B108480068C06AE16A88428D
:1069400007D24FF0805009490860BFF34F8FBFF363
:106950006F8F10BDE0000020D0000020EC00002070
:10696000FC000020E8000020A804002004ED00E066
:1069700010B500F051FD10480068D0B90F4800F084
:1069800015FD0F4800F012FD0C480E4908600C4838
:106990000D49086000220C210A2001F025FA064961
:1069A00008600846006820B108A10348006800F0AC
:1069B00011FE00F05BFD10BD1401002070050020E9
:1069C000840500200C01002010010020546D72513C
:1069D0000000000070B523E001F000F913480068E2
:1069E00008B9012000E00020054601F087FEBDB98E
:1069F00000F012FD0D48C068C468201D00F0C2FC04
:106A00000B480068401E0A4908600A480068401E9A
:106A10000849086000F02AFD204600F060F800BF39
:106A2000044800680028D7D170BD00004805002048
:106A3000E0000020DC00002070B504460D46206C0C
:106A400070B1216CE0680844E0606168E0688842E9
:106A500001D32068E0602846226CE168F9F70CFC5D
:106A600070BD2DE9F04104460F4615464FF0000871
:106A7000A66B206C40B9206860BB606801F08EFD99
:106A800080460020606025E07DB93946226CA06810
:106A9000F9F7F2FB216CA0680844A060D4E901106A
:106AA000884217D32068A06014E03946226CE06861
:106AB000F9F7E2FB216CE068401AE0602168E068C9
:106AC000884203D2216C6068401AE060022D01D137
:106AD00006B1761E701CA0634046BDE8F08110B57B
:106AE0000446206B00F0E0FC204600F0DDFC10BD09
:106AF0000146084A126812680AB9012200E0002221
:106B00000A600A6822B9034A1268D268106800E075
:106B1000002070470C01002030B54FF49633174821
:106B200000F007042CB1C01D20F00700134C041B1B
:106B30001B1B0246124C22600024114D6C60D018C1
:106B4000083820F007000F4C206000240D4D2D6800
:106B50006C600C4D2D682C601146441A4C60094C39
:106B600024680C60084D4C682C60084D4C682C6003
:106B70004FF00044064D2C6030BD00009805002009
:106B80002001002028010020300100202C010020DD
:106B90003401002000BFFFF71DFF064800680128F0
:106BA000F9D94FF0805004490860BFF34F8FBFF30D
:106BB0006F8FF0E7A804002004ED00E02DE9F0411C
:106BC00006460D4617469846069C0DB9246000E01F
:106BD0002760E66325640121204601F013FA84F85A
:106BE0004C80BDE8F0812DE9F05F82460F4690466B
:106BF0009B460A9E0C9C4FEA8801A522206BF9F760
:106C00004DFBA8F10100216B01EB800929F0070978
:106C100009F0070008B9012000E0002050B900BFCA
:106C2000502080F31188BFF34F8FBFF36F8F00BFE9
:106C300000BFFEE7002507E0795D04F1340041550F
:106C4000785D00B902E06D1C0A2DF5D300BF00216C
:106C50003D200155052E00D30426E662A6640020DF
:106C6000E064201D00F0AFFB04F1180000F0ABFB66
:106C70002461C6F10500A06164620020206584F8EB
:106C800054005A465146484600F066FB20600B9877
:106C900008B10B980460BDE8F09F000010B5002417
:106CA00007E004EB84010F4A02EB810000F07EFB59
:106CB000641C052CF5D30C4800F078FB0B4800F061
:106CC00075FB0B4800F072FB0A4800F06FFB0A48A6
:106CD00000F06CFB04480949086004480849086052
:106CE00010BD0000A80400200C0500202005002095
:106CF00034050020480500205C050020D400002059
:106D0000D800002010B50146164800E0006803686E
:106D10008B42FBD30246436813448B4204D1436841
:106D20004C682344436001460A464B681344046898
:106D3000A34211D10C4C03682468A34208D04B68CD
:106D40000468646823444B6003681B680B6005E0BB
:106D5000054B1B680B6001E003680B60884200D0A4
:106D6000016010BD20010020280100202DE9F04124
:106D700004460D4616461F464FF000086560246124
:106D8000B5420CD8F01BA169884202D34FF001082C
:106D900011E0211D0948006800F018FB0BE0BE421D
:106DA00004D2BD4202D34FF0010804E0211D044883
:106DB000006800F00BFB4046BDE8F08110010020A8
:106DC0000C01002070B5054600F026FBA86B08B941
:106DD000012400E0002400F049FB204670BD70B59E
:106DE000054600F019FBA86BE96B884201D101242C
:106DF00000E0002400F03AFB204670BDF8B50546DF
:106E00000F4616480068C068C468201D00F0BAFA32
:106E1000E06901281DD1A06941192B463A46204658
:106E2000FFF7A4FFA8B1002003462A4601460090C0
:106E3000204601F011FD064656B900BF502080F3F0
:106E40001188BFF34F8FBFF36F8F00BF00BFFEE706
:106E500000BF2046616A8847F8BD00000C01002091
:106E600070B586B06AE00398002867DB059C60690E
:106E700008B9012000E0002010B9201D00F082FABE
:106E800002A800F0BDF8054603980A2854D2DFE8AE
:106E900000F009050731334F0608323400BF00BF48
:106EA00000BF00BF0498A269811803462A46204605
:106EB000FFF75CFFE8B12046616A8847E069012876
:106EC00017D1002000900498A169421800231946A8
:106ED000204601F0C1FC064656B900BF502080F3A1
:106EE0001188BFF34F8FBFF36F8F00BF00BFFEE766
:106EF00000BF22E000BF20E000BF0498A061A069AD
:106F000008B1012000E0002050B900BF502080F3FC
:106F10001188BFF34F8FBFF36F8F00BF00BFFEE735
:106F2000A06941192B462A462046FFF71FFF04E0BF
:106F3000204600F0B9FA00E000BF00BF00231A4667
:106F400003A90448006800F07BFF00288BD106B03D
:106F500070BD000014010020F8B505460C4600F095
:106F60003DFE684600F04CF80646009820BB44B948
:106F7000B54206D801F0C2FB31462846FFF73EFF76
:106F80001CE03CB10E480068006808B9012000E030
:106F900000200446A91B22460A48006800F030FB86
:106FA00001F0ACFB50B94FF0805007490860BFF3C7
:106FB0004F8FBFF36F8F01E001F0A0FBF8BD000021
:106FC000100100201401002004ED00E00A490968C6
:106FD000096809B9012100E0002121B14FF0FF311A
:106FE000064A116006E004490968C968C868034A8E
:106FF0004168116070470000D400002000010020AB
:1070000070B5044601F020FA05460748006885423D
:1070100004D200F00BF80120206001E00020206085
:1070200001480560284670BD1C0100202DE9F84389
:1070300032E024480068C068056822480068C068DB
:10704000C468201D00F09EF92046616A8847E06907
:10705000012821D1A0694619AE4207D96660246192
:10706000211D1848006800F0B1F915E00020034622
:107070002A4601460090204601F0EEFB074657B92C
:1070800000BF502080F31188BFF34F8FBFF36F8F85
:1070900000BF00BFFEE700BF0A480068006808B9EB
:1070A000012000E000200028C3D00648D0F800806E
:1070B00005480068034908600348C0F80080BDE83F
:1070C000F88300000C010020100100200E48006829
:1070D000401C08B9012000E0002050B900BF50203A
:1070E00080F31188BFF34F8FBFF36F8F00BF00BFD6
:1070F000FEE700BF502080F31188BFF34F8FBFF32E
:107100006F8F00BF00BFFEE73801002010B50246B8
:107110000020114652B900BF502383F31188BFF3FA
:107120004F8FBFF36F8F00BF00BFFEE70B4C4B6963
:10713000A34201D1012300E0002373B1084C8B6A04
:10714000A34201D1012300E0002333B98B6A0BB9BC
:10715000012300E0002303B1012010BD5C050020E5
:107160003405002008B500BF6846FFF7C1FC04469F
:1071700020460099FFF7F0FEFFF772FEF4E770B5C6
:10718000044600F049F994F9455010E0606A08B9E6
:10719000012000E0002038B904F1240001F062FA77
:1071A00018B100F065FB00E003E0681E45B2002D59
:1071B000ECDC00BFFF2084F8450000F057F900F038
:1071C0002BF994F9445010E0206908B9012000E03F
:1071D000002048B904F1100001F044FA08B100F0B1
:1071E00047FB681E45B200E001E0002DECDC00BF6B
:1071F000FF2084F8440000F039F970BD2DE9F0411A
:1072000004464FF0000800F0E9FC4648006808B961
:10721000FFF782FC44480068204000286BD1D4B1BD
:10722000083404F00700B0B104F00700C0F1080012
:10723000044404F0070008B9012000E0002050B920
:1072400000BF502080F31188BFF34F8FBFF36F8FC3
:1072500000BF00BFFEE7002C4DD0344800688442D8
:1072600049D8334E3046056801E02E462D686868DF
:10727000A04202D228680028F7D12A480068854237
:1072800039D0306800F10808286830606868001B51
:10729000102819D92F1907F0070008B9012000E0BC
:1072A000002050B900BF502080F31188BFF34F8FEA
:1072B000BFF36F8F00BF00BFFEE76868001B7860F8
:1072C0006C603846FFF71EFD184968680968081A9F
:1072D000164908600846006816490968884203D2C2
:1072E00012480068134908600F4968680968084334
:1072F00068600020286001F001FA08F0070008B972
:10730000012000E0002050B900BF502080F3118818
:10731000BFF34F8FBFF36F8F00BF00BFFEE7404644
:10732000BDE8F08128010020340100202C0100205C
:1073300020010020300100200648006830B10549D6
:10734000096801F14C00C96C491C016001480068E2
:1073500070470000D0000020001F4FF080730360D2
:10736000001F21F001030360001F054B0360143868
:107370000260001F6FF002030360203870470000B6
:10738000CD70000801460A69D1E901309860D1E961
:10739000010358605068884201D18868506000201D
:1073A00008611068401E10601068704700F1080105
:1073B00041604FF0FF31816000F10801C16001615F
:1073C00000210160704700210161704710B502463D
:1073D0000B685C1C0CB9106907E002F1080000E0C2
:1073E0004068446824689C42FAD944684C604C6800
:1073F000A160886041600A611468641C146010BD5B
:1074000042684A6093688B60936859609160086134
:1074100003685B1C0360704700BF502080F3118835
:10742000BFF34F8FBFF36F8F00BF0E480068401C43
:107430000C49086008460068012812D10A48006813
:10744000C0B208B9012000E0002050B900BF5020B0
:1074500080F31188BFF34F8FBFF36F8F00BF00BF62
:10746000FEE770473801002004ED00E00D48006899
:1074700050B900BF502080F31188BFF34F8FBFF386
:107480006F8F00BF00BFFEE706480068401E054939
:1074900008600846006820B9002080F3118800BF0A
:1074A00000BF70473801002070B506463546002EF3
:1074B0003FD0083D2C461F4960680968084008B164
:1074C000012000E0002050B900BF502080F3118857
:1074D000BFF34F8FBFF36F8F00BF00BFFEE7206881
:1074E00008B9012000E0002050B900BF502080F30F
:1074F0001188BFF34F8FBFF36F8F00BF00BFFEE750
:107500000C4960680968084098B1206888B9094941
:10751000606809688843606000F060FB0649606845
:1075200009680844044908602046FFF7EBFB01F0B6
:10753000E5F870BD340100202C01002006480068E9
:107540004FF47A71B0FBF1F0401E4FF0E02148613A
:1075500007200861704700001C00002070B5F8F794
:1075600075FE0446102C16D304F1E02090F8F05379
:1075700015480078854201DB012000E0002050B969
:1075800000BF502080F31188BFF34F8FBFF36F8F80
:1075900000BF00BFFEE70D48006800F4E0600C4942
:1075A0000968884201D8012000E0002050B900BFDE
:1075B000502080F31188BFF34F8FBFF36F8F00BF50
:1075C00000BFFEE770BD00003C0100200CED00E0B4
:1075D00040010020024600200BE0084B53F83030F9
:1075E00033B9064B43F8301003EBC0035A6002E096
:1075F000401C0828F1D300BF704700006804002039
:107600002DE9F04105460E4617462C46FFF704FFCC
:1076100094F94400401C10B9002084F8440094F907
:107620004500401C10B9002084F84500FFF71EFFFC
:10763000A06B28B93A46314604F1240000F03AF92B
:107640002046FFF79CFDBDE8F081000070B50446C0
:107650000025D4B11248006808B9012000E00020DC
:1076600050B900BF502080F31188BFF34F8FBFF394
:107670006F8F00BF00BFFEE700F0B0FA0021204688
:10768000FFF7CEF801F03AF805463DB94FF08050CB
:1076900004490860BFF34F8FBFF36F8F70BD0000C8
:1076A0000801002004ED00E02DE9F04704460F46F4
:1076B0004FF0000954B900BF502080F31188BFF388
:1076C0004F8FBFF36F8F00BF00BFFEE70FB10120E8
:1076D00000E0002050B900BF502080F31188BFF3B4
:1076E0004F8FBFF36F8F00BF00BFFEE720480068D9
:1076F00008B9012000E0002050B900BF502080F3FD
:107700001188BFF34F8FBFF36F8F00BF00BFFEE73D
:1077100000F064FA174806682068C5192068B0426E
:1077200007D92068A8420BD9B54209D94FF0010901
:1077300006E02068A84201D8B54201D94FF00109FE
:107740002560B9F1000F03D0A81B0021FFF768F8EE
:1077500000F0D4FF8046B8F1000F07D14FF0805001
:1077600005490860BFF34F8FBFF36F8FBDE8F08707
:1077700008010020E400002004ED00E070B505469B
:10778000FFF74AFE15B93048006800E02846044675
:10779000201DFFF7F7FD78B9E06A00EB80002B4968
:1077A00051F8200040B994F82C1001208840284955
:1077B0000968814326480160A06A18B104F11800E5
:1077C000FFF7E0FD23480068401C224908601E487E
:1077D0000068844209D1211D1F48FFF711FE1F4890
:1077E0000068401C1D49086009E01D480068401EF3
:1077F0001B4908602046FFF772F9FFF7E7FBFFF728
:1078000035FE18480068E8B10F480068844219D175
:107810001548006808B9012000E0002050B900BFF9
:10782000502080F31188BFF34F8FBFF36F8F00BFDD
:1078300000BFFEE74FF080500C490860BFF34F8F48
:10784000BFF36F8F70BD0000D0000020A80400209F
:10785000E8000020FC00002048050020DC0000209B
:10786000E0000020EC0000200801002004ED00E012
:107870000120014908607047F400002070B50446FB
:107880000D4654B900BF502080F31188BFF34F8FCD
:10789000BFF36F8F00BF00BFFEE7054801681831D6
:1078A0002046FFF793FD01212846FEF7B9FF70BD82
:1078B000D000002070B505460E46144655B900BFED
:1078C000502080F31188BFF34F8FBFF36F8F00BF3D
:1078D00000BFFEE70648016818312846FFF790FD13
:1078E0000CB14FF0FF3621463046FEF799FF70BDD0
:1078F000D000002070B505462C46002D4BD02649FF
:10790000E06A0968C96A884245D2A06900F000406F
:1079100028B921480068C06AC0F10500A061E16A89
:1079200001EB81011D4A02EB81016069884201D1AE
:10793000012000E0002050B3201DFFF723FD78B99F
:10794000E06A00EB8000154951F8200040B994F836
:107950002C100120884012490968814310480160B9
:107960000D480068C06AE06294F82C10012088403D
:107970000B49096808430A490860E16A01EB810183
:10798000064A02EB8100211DFFF73AFD03E00248A1
:107990000068C06AE06270BDD0000020A80400202A
:1079A000E800002070B505462C4655B900BF5020B0
:1079B00080F31188BFF34F8FBFF36F8F00BF00BFFD
:1079C000FEE774B31748006884422AD0FFF724FD0D
:1079D0002046FFF79BFB10B3201DFFF7D3FC94F864
:1079E0002C10012088401049096808430E4908609E
:1079F000E16A01EB81010D4A02EB8100211DFFF7D5
:107A0000FFFC0849E06A0968C96A884207D34FF059
:107A1000805007490860BFF34F8FBFF36F8FFFF7A8
:107A200025FD70BDD0000020E8000020A804002043
:107A300004ED00E050B900BF502181F31188BFF37D
:107A40004F8FBFF36F8F00BF00BFFEE70349096888
:107A5000016003490968416070470000F800002098
:107A6000E40000201CB51D4800210B468222CDE910
:107A700000101BA11C4800F0A7FC0446012C02D1F9
:107A800000F0BEFE0446012C15D100BF502080F34B
:107A90001188BFF34F8FBFF36F8F00BF4FF0FF30E0
:107AA000124908600120124908600020114908604D
:107AB00000F0E2F810E0601C08B1012000E00020B6
:107AC00050B900BF502080F31188BFF34F8FBFF330
:107AD0006F8F00BF00BFFEE71CBD00000401002047
:107AE00049444C4500000000956B0008000100204F
:107AF000EC000020E400002070B50546FFF78CFC88
:107B000015B92E48006800E028460446201DFFF7FE
:107B100039FC78B9E06A00EB8000294951F820006F
:107B200040B994F82C100120884026490968814307
:107B300024480160A06A18B104F11800FFF722FC84
:107B4000211D2148FFF75CFCFFF790FC1F480068EF
:107B500028B1FFF761FCFFF739FAFFF787FC1748F8
:107B60000068844229D119480068D0B118480068DB
:107B700008B9012000E0002050B900BF502080F378
:107B80001188BFF34F8FBFF36F8F00BF00BFFEE7B9
:107B90004FF080500F490860BFF34F8FBFF36F8FD6
:107BA0000BE0094800680C490968884203D10020AD
:107BB0000249086001E000F019F870BDD000002013
:107BC000A8040020E80000205C050020EC00002054
:107BD0000801002004ED00E0E000002002480068F9
:107BE000401C014908607047080100201D480068DA
:107BF00018B101201C49086032E000201A490860D1
:107C00001A480068B0FA80F0C0F11F0101EB810052
:107C1000174A52F8200008B1012000E0002050B9B6
:107C200000BF502080F31188BFF34F8FBFF36F8FD9
:107C300000BF00BFFEE701EB81020D4B03EB8200AA
:107C400042685268426000F108024368934202D1E0
:107C50004268526842604268D268064B1A6000BFB0
:107C60007047000008010020F4000020E800002018
:107C7000A8040020D00000201CB5474800684749F0
:107C8000884201D0012000E0002050B900BF502000
:107C900080F31188BFF34F8FBFF36F8F00BF00BF1A
:107CA000FEE73D4800683D49491E884201D0012059
:107CB00000E0002050B900BF502080F31188BFF3CE
:107CC0004F8FBFF36F8F00BF00BFFEE734490846F8
:107CD00000780190FF200A46107008460078009056
:107CE0009DF8000000F0F0009DF80020904201D1C6
:107CF000012000E0002050B900BF502080F311881F
:107D0000BFF34F8FBFF36F8F00BF00BFFEE79DF83B
:107D1000000000F05000234A10700720224A106033
:107D200009E021480068401E1F4A10609DF80000CD
:107D30004006000E00909DF8000000F080008028B2
:107D4000EFD0194800680002174A106010460088FA
:107D500000F4E0601060124A019810700E48203064
:107D6000006840F470000C49203108600846006843
:107D700040F070400860FFF7E1FB00200B4908600D
:107D8000F8F72CFA0A48006840F0404008490860BB
:107D9000F8F714FA00201CBD00ED00E071C20F419D
:107DA00000E400E03C0100204001002038010020F8
:107DB00034EF00E010B500BF502080F31188BFF30E
:107DC0004F8FBFF36F8F00BF00F044FB18B14FF02F
:107DD00080500449086000BF002080F3118800BF74
:107DE00010BD000004ED00E02DE9F84305460E4605
:107DF00090460DB1012000E0002050B900BF502096
:107E000080F31188BFF34F8FBFF36F8F00BF00BFA8
:107E1000FEE70EB9002701E005FB06F707F1500069
:107E2000FFF7ECF9044644B104F1500943464A46D1
:107E3000314628460094FEF7C1FE2046BDE8F8838F
:107E40002DE9FF4782B005460E461F464FF0000A57
:107E50002C4654B900BF502080F31188BFF34F8FD8
:107E6000BFF36F8F00BF00BFFEE70EB9206C08B9EB
:107E7000012000E0002050B900BF502080F311889D
:107E8000BFF34F8FBFF36F8F00BF00BFFEE700F05F
:107E9000CBFA08B9049808B9012000E0002050B9D5
:107EA00000BF502080F31188BFF34F8FBFF36F8F57
:107EB00000BF00BFFEE700BFFFF7AEFAD4F838906E
:107EC000B9F1000F3DD0D4F80C8031462046FEF7C2
:107ED000B3FDDFB9A9F10100A063206810B9FFF775
:107EE0002BFA6060206908B9012000E0002010BB77
:107EF00004F1100000F0B6FBE8B14FF080504049AB
:107F00000860BFF34F8FBFF36F8F14E0C4F80C808D
:107F1000606A08B9012000E0002060B904F1240083
:107F200000F0A0FB38B14FF0805035490860BFF336
:107F30004F8FBFF36F8FFFF799FA012006B0BDE8AE
:107F4000F087049818B9FFF791FA0020F6E7BAF124
:107F5000000F04D16846FFF76DFD4FF0010AFFF7EF
:107F600085FAFFF73BFEFFF757FA94F94400401CEF
:107F700010B9002084F8440094F94500401C10B961
:107F8000002084F84500FFF771FA04A9684600F064
:107F9000D5F940BB2046FEF715FFF0B1206830B997
:107FA000FFF73AFA6068FFF7A5FCFFF75FFA04F104
:107FB00024000499FFF762FC2046FFF7E0F800F088
:107FC0009DFB00287FF478AF4FF080500C4908608B
:107FD000BFF34F8FBFF36F8F6EE72046FFF7CFF8E9
:107FE00000F08CFB68E72046FFF7C9F800F086FB3D
:107FF0002046FEF7E7FE0028EED000209EE70000B6
:1080000004ED00E070B505460E462C4654B900BF9D
:10801000502080F31188BFF34F8FBFF36F8F00BFE5
:1080200000BFFEE7FFF7F8F9D4E90F12206801FB63
:10803000020060600020A0632068A060E06B401E2A
:10804000226C216800FB0210E060FF2084F84400ED
:1080500084F845009EB9206908B9012000E000209D
:10806000A8B904F1100000F0FDFA80B14FF0805083
:1080700009490860BFF34F8FBFF36F8F07E004F12A
:108080001000FFF793F904F12400FFF78FF9FFF7D1
:10809000EDF9012070BD000004ED00E02DE9FF4383
:1080A00083B0064688461D464FF00009344654B951
:1080B00000BF502080F31188BFF34F8FBFF36F8F45
:1080C00000BF00BFFEE7B8F1000F01D1206C08B976
:1080D000012000E0002050B900BF502080F311883B
:1080E000BFF34F8FBFF36F8F00BF00BFFEE7022DBE
:1080F00002D1E06B012801D1012000E0002050B93D
:1081000000BF502080F31188BFF34F8FBFF36F8FF4
:1081100000BF00BFFEE700F087F908B9059808B96D
:10812000012000E0002050B900BF502080F31188EA
:10813000BFF34F8FBFF36F8F00BF00BFFEE700BFDD
:10814000FFF76AF9A06BE16B884201D3022D28D1B9
:108150002A4641462046FEF784FC0746606A08B975
:10816000012000E0002068B904F1240000F07AFA50
:1081700088B14FF0805032490860BFF34F8FBFF392
:108180006F8F08E03FB14FF080502D490860BFF37A
:108190004F8FBFF36F8FFFF769F9012007B0BDE87C
:1081A000F083059818B9FFF761F90020F6E7B9F1F7
:1081B000000F04D101A8FFF73DFC4FF00109FFF7C4
:1081C00055F9FFF70BFDFFF727F994F94400401C20
:1081D00010B9002084F8440094F94500401C10B9FF
:1081E000002084F84500FFF741F905A901A800F037
:1081F000A5F8F0B92046FEF7F2FDA0B104F1100099
:108200000599FFF73BFB2046FEF7B9FF00F076FA31
:10821000002895D14FF0805009490860BFF34F8F77
:10822000BFF36F8F8CE72046FEF7A9FF00F066FAD8
:1082300086E72046FEF7A3FF00F060FA0020ADE7D6
:1082400004ED00E02DE9F05F07468A4690461E46A1
:108250003C4654B900BF502080F31188BFF34F8FC4
:10826000BFF36F8F00BF00BFFEE7BAF1000F01D16F
:10827000206C08B9012000E0002050B900BF502058
:1082800080F31188BFF34F8FBFF36F8F00BF00BF24
:10829000FEE7022E02D1E06B012801D1012000E0AF
:1082A000002050B900BF502080F31188BFF34F8FDA
:1082B000BFF36F8F00BF00BFFEE7FFF74FF900BFAE
:1082C0005021EFF3118081F31188BFF34F8FBFF37B
:1082D0006F8F00BF0546A06BE16B884201D3022E71
:1082E00023D194F945B0324651462046FEF7B9FBFA
:1082F0000BF1010088B9606A08B9012000E0002094
:1083000080B904F1240000F0ADF958B1B8F1000FC4
:1083100008D00120C8F8000004E00BF1010040B2D1
:1083200084F845004FF0010901E04FF0000900BF5B
:1083300085F3118800BF4846BDE8F09F70B504463C
:108340000D4654B900BF502080F31188BFF34F8F02
:10835000BFF36F8F00BF00BFFEE755B900BF5020CD
:1083600080F31188BFF34F8FBFF36F8F00BF00BF43
:10837000FEE7FFF751F8124803682868401C08B967
:10838000002619E00F4920680968884204D0606817
:10839000984201D801260FE06068181A29688842BF
:1083A00009D228686168591A401A28602046FFF7E8
:1083B00041FB002600E00126FFF758F8304670BD6B
:1083C000E4000020F80000202DE9FF4F85B0804632
:1083D00089461746DDE912ABB800FEF70FFF0646E7
:1083E00056B15820FEF70AFF04460CB1266304E09C
:1083F0003046FFF759F800E000247CB10020CDE9B9
:1084000000ABCDE902403A4649464046089BFEF79C
:10841000EAFB2046FEF750FA012501E04FF0FF3558
:10842000284609B0BDE8F08F0549096809B901205F
:1084300005E00449096809B9022000E000207047FE
:10844000EC00002008010020014908687047000086
:10845000E40000202DE9F0414FF000084448006896
:10846000002877D143480068451C4248056015BB89
:1084700041480068006808B9012000E0002050B9B8
:1084800000BF502080F31188BFF34F8FBFF36F8F71
:1084900000BF00BFFEE73848076838480068364923
:1084A00008603648076036480068401C3449086058
:1084B000FEF78CFD00BF3348006885423CD300BF07
:1084C0002D480068006808B9012000E0002020B1B4
:1084D0004FF0FF302B4908602DE027480068C06846
:1084E000C4686668B54202D22648066023E0201DB3
:1084F000FEF748FFA06A18B104F11800FEF742FF2A
:1085000094F82C10012088401F49096808431E492F
:108510000860E16A01EB81011C4A02EB8100211D28
:10852000FEF76EFF1A49E06A0968C96A8842C7D334
:108530004FF00108C4E700BF15480068C06A00EBAF
:108540008000124951F82000012801D94FF001089C
:1085500005E0FFE70F480068401C0E4908600E4820
:10856000006808B14FF001084046BDE8F081000006
:1085700008010020E4000020D4000020D8000020E2
:10858000F800002000010020E8000020A8040020DE
:10859000D0000020F0000020F400002070B5054657
:1085A0002C460026002D55D02B480068844201D16E
:1085B000012000E0002050B900BF502080F3118856
:1085C000BFF34F8FBFF36F8F00BF00BFFEE7E06CBC
:1085D00050B900BF502080F31188BFF34F8FBFF315
:1085E0006F8F00BF00BFFEE7E06C401EE064A16C2F
:1085F000E06A88422ED0E06C60BB201DFEF7C2FE10
:1086000078B9E06A00EB8000144951F8200040B9C5
:1086100094F82C10012088401149096881431048C2
:108620000160A06CE062E06AC0F10500A06194F80E
:108630002C10012088400A4909680843084908604D
:10864000E16A01EB8101054A02EB8100211DFEF781
:10865000D7FE0126304670BDD0000020A8040020BF
:10866000E800002070B50646F068C46854B900BF41
:10867000502080F31188BFF34F8FBFF36F8F00BF7F
:1086800000BFFEE704F11800FEF77CFE1548006805
:10869000A8B9201DFEF776FE94F82C100120884022
:1086A00011490968084310490860E16A01EB81013A
:1086B0000E4A02EB8100211DFEF7A2FE04E004F148
:1086C00018010B48FEF79CFE0A49E06A0968C96A6E
:1086D000884204D9012501200749086000E00025EF
:1086E000284670BD08010020E8000020A8040020F2
:1086F00034050020D0000020F400002070B50024D4
:1087000000263648006850B900BF502080F3118819
:10871000BFF34F8FBFF36F8F00BF00BFFEE7FEF7C1
:108720007BFE2E480068401E2C4908600846006801
:1087300000284FD12A48006800284BD024E029485F
:10874000C068C46804F11800FEF71CFE201DFEF787
:1087500019FE94F82C100120884023490968084329
:1087600021490860E16A01EB8101204A02EB8100A6
:10877000211DFEF745FE1E49E06A0968C96A884264
:1087800002D301201B4908601648006808B901207F
:1087900000E000200028D2D00CB1FEF717FC1648EC
:1087A000056865B100BFFFF755FE10B10120114902
:1087B00008606D1E002DF6D100200F4908600D489D
:1087C000006838B1012630070C490860BFF34F8FAD
:1087D000BFF36F8FFEF74AFE304670BD08010020E0
:1087E000E000002034050020E8000020A80400205C
:1087F000D0000020F4000020F000002004ED00E094
:108800001CB50024FEF7B4F80E48006858B10E48B5
:10881000022100234FF48272CDE900100BA10D4814
:10882000FFF7D2FD044654B900BF502080F31188F1
:10883000BFF34F8FBFF36F8F00BF00BFFEE720462F
:108840001CBD00001401002018010020546D72208E
:1088500053766300657100082DE9FE4304460D461A
:1088600016461F46DDF828804FF0000954B900BFB6
:10887000502080F31188BFF34F8FBFF36F8F00BF7D
:1088800000BFFEE71448006810B3009501960294FB
:10889000062D15DAFFF7C8FD022808D1002342464D
:1088A00069460D480068FFF7F9FB814610E0002398
:1088B0001A46694608480068FFF7F0FB814607E062
:1088C00000233A46694604480068FFF7BBFC81462E
:1088D0004846BDE8FE8300001401002000000000AF
:1088E0000000000000000000000000000000000088
:1088F0000000000000000000000000000000000078
:108900000000000000000000000000000000000067
:108910000000000000000000000000000000000057
:108920000000000000000000000000000000000047
:108930000000000000000000000000000000000037
:108940000000000000000000000000000000000027
:108950000000000000000000000000000000000017
:108960000000000000000000000000000000000007
:1089700000000000000000000000000000000000F7
:1089800000000000000000000000000000000000E7
:1089900000000000000000000000000000000000D7
:1089A00000000000000000000000000000000000C7
:1089B00000000000000000000000000000000000B7
:1089C00000000000000000000000000000000000A7
:1089D0000000000000000000000000000000000097
:1089E0000000020E1E7EFEFEFEF8E000000080E0A9
:1089F000F8FCFEFE7E1E0602001E1E1E1E1E1E1E11
:108A0000FEFEFEFEFE1E1E1E1E1E1E1E000000009E
:108A100000000000E0FCFEFE7EFEFEFEFCE000002A
:108A2000000000000000000000FEFEFEFEFE1E1E14
:108A30001E1E1E1E3EFEFCFCFCF8E00000000000B6
:108A4000FEFEFEFEFE0000000080E0F0F8FEFE7E6E
:108A50001E0E0602000000000000000000000000E2
:108A60000000000000000107CFFFFFFFFCFEFFFF3A
:108A7000DF0703000000000000000000000000000D
:108A8000FFFFFFFFFF0000000000000000000000EB
:108A900000E0F8FFFFFF1F030000073FFFFFFFF8A4
:108AA000E00000000000000000FFFFFFFFFFF0F00B
:108AB000F0F0F0F8FCBFBF3F1F0F03000000000004
:108AC000FFFFFFFFFF70F8FEFFFFFFCF87010000F1
:108AD0000000000000000000000000000000000096
:108AE000000000C0E0F8FCFFFF3F0F0700030F3F4E
:108AF000FFFFFEF8F0C000000000000000000000D2
:108B0000FFFFFFFFFF000000000000000000C0F8B2
:108B1000FFFFFF7F0F0F0F0F0F0F0F0F0F0F7FFFC5
:108B2000FFFFF8C00000000000FFFFFFFFFF000094
:108B3000000101071F3FFFFFFEF8F0C0000000002A
:108B4000FFFFFFFFFF000001070F1F3FFFFEFCF8C4
:108B5000F0C08000000000000000000000000000E5
:108B600000020303030303030000000000000000F1
:108B700000030303030303020000000000000000E1
:108B800003030303030000000000000000020303CE
:108B900003030300000000000000000000000003C9
:108BA00003030303020000000003030303030000A8
:108BB00000000000000000030303030303020000A1
:108BC000030303030300000000000000000103038F
:108BD0000303030302000000000000000000000087
:108BE0000000000000000000000000000000000085
:108BF0000000000000000000000000000000000075
:108C00000000000000000000000000000000000064
:108C10000000000000000000000000000000000054
:108C20000000000000000000000000000000000044
:108C30000000000000000000000000000000000034
:108C40000000000000000000000000000000000024
:108C50000000000000000000000000000000000014
:108C60000000000000000000000000000000000004
:108C700000000000000000000000000000000000F4
:108C800000000000000000000000000000000000E4
:108C900000000000000000000000000000000000D4
:108CA00000000000000000000000000000000000C4
:108CB00000000000000000000000000000000000B4
:108CC00000000000000000000000000000000000A4
:108CD000000000000000000000000000FF0000FF96
:108CE000FF0000FF00FFFFFFFFFFFF0000FF00FF8E
:108CF000FFFF00FF000000FF0000FF000000000079
:108D00000000000000000000000000000000000063
:108D100000000000000000000000000000FF000054
:108D2000FF00000000000000000000000000000044
:108D300000000000000000F8000000000000003308
:108D40003000000000100C06100C060000000000AF
:108D50000000000040C07840C0784000043F040498
:108D60003F040400007088FC08300000001820FF59
:108D7000211E0000F008F000E018000000211C0394
:108D80001E211E0000F00888700000001E21232410
:108D90001927211010160E0000000000000000002E
:108DA00000000000000000E01804020000000007BE
:108DB0001820400000020418E000000000402018C5
:108DC00007000000404080F0804040000202010F98
:108DD00001020200000000F0000000000101011F7C
:108DE00001010100000000000000000080B07000E0
:108DF0000000000000000000000000000001010170
:108E000001010101000000000000000000303000FE
:108E100000000000000000008060180400601806D8
:108E20000100000000E010080810E000000F102012
:108E300020100F00001010F8000000000020203F5C
:108E400020200000007008080888700000302824E6
:108E50002221300000300888884830000018202087
:108E600020110E000000C02010F8000000070424AC
:108E7000243F240000F808888808080000192120F1
:108E800020110E0000E0108888180000000F11204B
:108E900020110E0000380808C83808000000003F04
:108EA000000000000070880808887000001C222163
:108EB00021221C0000E010080810E0000000312210
:108EC00022110F00000000C0C000000000000030B0
:108ED0003000000000000080000000000000806002
:108EE0000000000000008040201008000001020483
:108EF000081020004040404040404000040404046A
:108F00000404040000081020408000000020100825
:108F100004020100007048080808F000000000305A
:108F200036010000C030C828E810E00007182724E8
:108F300023140B000000C038E0000000203C230296
:108F40000227382008F8888888700000203F2020F9
:108F500020110E00C030080808083800071820202B
:108F60002010080008F808080810E000203F202022
:108F700020100F0008F88888E8081000203F202003
:108F80002320180008F88888E8081000203F2000F7
:108F900003000000C030080808380000071820202F
:108FA000221E020008F808000008F808203F2101EE
:108FB00001213F20000808F8080800000020203F99
:108FC0002020000000000808F8080800C080808009
:108FD0007F00000008F888C028180800203F200102
:108FE0002638200008F8080000000000203F20205C
:108FF0002020300008F8F800F8F80800203F003F73
:10900000003F200008F830C00008F808203F20008A
:1090100007183F00E01008080810E0000F1020209B
:1090200020100F0008F808080808F000203F210170
:1090300001010000E01008080810E0000F182424C7
:1090400038504F0008F8888888887000203F20003A
:10905000030C3020007088080808380000382021F0
:1090600021221C00180808F8080818000000203FFA
:109070002000000008F808000008F808001F202061
:1090800020201F000878880000C838080000073832
:109090000E010000F80800F80008F800033C070083
:1090A000073C0300081868808068180820302C03EB
:1090B000032C30200838C800C83808000000203FC2
:1090C0002000000010080808C838080020382621B1
:1090D00020201800000000FE020202000000007FB5
:1090E00040404000000C30C00000000000000001C3
:1090F0000638C00000020202FE00000000404040AE
:109100007F000000000004020202040000000000D2
:10911000000000000000000000000000808080804F
:109120008080808000020204000000000000000037
:1091300000000000000080808080000000192422D0
:1091400022223F2008F8008080000000003F11200C
:1091500020110E000000008080800000000E112011
:1091600020201100000000808088F800000E1120EF
:1091700020103F200000808080800000001F2222FD
:1091800022221300008080F0888888180020203F69
:10919000202000000000808080808000006B94947C
:1091A0009493600008F8008080800000203F210038
:1091B00000203F2000809898000000000020203F01
:1091C00020200000000000809898000000C08080EF
:1091D000807F000008F8000080808000203F24028B
:1091E0002D302000000808F8000000000020203F7B
:1091F000202000008080808080808000203F200030
:109200003F20003F8080008080800000203F2100C0
:1092100000203F200000808080800000001F202070
:1092200020201F00808000808000000080FFA1209F
:1092300020110E000000008080808000000E1120B0
:1092400020A0FF80808080008080800020203F213F
:1092500020000100000080808080800000332424F2
:1092600024241900008080E0808000000000001F9E
:10927000202000008080000000808000001F20204F
:1092800020103F20808080000080808000010E3010
:109290000806010080800080008080800F300C0371
:1092A0000C300F0000808000808080000020312E74
:1092B0000E312000808080000080808080818E7050
:1092C0001806010000808080808080000021302C02
:1092D0002221300000000000807C0202000000001B
:1092E000003F404000000000FF00000000000000C0
:1092F000FF0000000002027C800000000040403FB0
:109300000000000000060101020204040000000049
:10931000000000000000000000000000002F00001E
:1093200000000700070000147F147F1400242A7F28
:109330002A120062640813230036495522500000A7
:109340000503000000001C224100000041221C0017
:109350000014083E08140008083E0808000000A099
:109360006000000808080808000060600000002095
:1093700010080402003E5149453E0000427F400073
:10938000004261514946002141454B3100181412F9
:109390007F10002745454539003C4A4949300001C6
:1093A0007109050300364949493600064949291E15
:1093B0000000363600000000563600000008142277
:1093C0004100001414141414000041221408000277
:1093D0000151090600324959513E007C1211127C9C
:1093E000007F49494936003E41414122007F4141C9
:1093F000221C007F49494941007F09090901003EBB
:109400004149497A007F0808087F0000417F4100F8
:10941000002040413F01007F08142241007F40406E
:109420004040007F020C027F007F0408107F003E56
:109430004141413E007F09090906003E4151215E3C
:10944000007F091929460046494949310001017F39
:109450000101003F4040403F001F2040201F003FCF
:109460004038403F00631408146300070870080781
:1094700000615149454300007F41410000552A5594
:109480002A55000041417F0000040201020400400F
:109490004040404000000102040000205454547831
:1094A000007F484444380038444444200038444451
:1094B000487F00385454541800087E0901020018EF
:1094C000A4A4A47C007F080404780000447D40002C
:1094D000004080847D00007F102844000000417F10
:1094E0004000007C04180478007C080404780038EC
:1094F0004444443800FC242424180018242418FC74
:10950000007C0804040800485454542000043F44DC
:109510004020003C4040207C001C2040201C003C9F
:109520004030403C004428102844001CA0A0A07CEF
:10953000004464544C4414141414141401420000E4
:1095400000000000000000006895000800000020F6
:10955000440100008808000890950008440100209C
:10956000543401000A670008011D847A030A0009C7
:109570001A0102030406070809162003E803010282
:109580005601021A04299A09209E01501AAA018143
:040000050800018965
:00000001FF
