Timestamp, Distance_2(Z), Distance_3(X), X, Y, Z, Roll, Yaw, Pitch, CalibrationMode, IsValid
1745404273.671, 2.060, 4.039, -0.1574, -1.1143, -4.9469, -0.2812, 42.8693, 92.1291, 0, 1
1745404273.750, 2.061, 4.038, -0.1574, -1.1143, -4.9469, -0.2864, 42.8701, 92.1303, 0, 1
1745404273.830, 2.061, 4.038, -0.1574, -1.1143, -4.9470, -0.2874, 42.8707, 92.1292, 0, 1
1745404273.909, 2.061, 4.038, -0.1574, -1.1143, -4.9470, -0.2867, 42.8726, 92.1296, 0, 1
1745404273.989, 2.061, 4.038, -0.1574, -1.1143, -4.9470, -0.2875, 42.8734, 92.1296, 0, 1
1745404274.069, 2.061, 4.038, -0.1574, -1.1143, -4.9470, -0.2886, 42.8753, 92.1291, 0, 1
1745404274.149, 2.061, 4.039, -0.1574, -1.1143, -4.9469, -0.2881, 42.8767, 92.1290, 0, 1
1745404274.228, 2.061, 4.039, -0.1574, -1.1142, -4.9469, -0.2885, 42.8771, 92.1318, 0, 1
1745404274.308, 2.061, 4.039, -0.1573, -1.1142, -4.9469, -0.2897, 42.8765, 92.1334, 0, 1
1745404274.387, 2.061, 4.039, -0.1573, -1.1142, -4.9469, -0.2884, 42.8753, 92.1347, 0, 1
1745404274.467, 2.061, 4.038, -0.1574, -1.1142, -4.9468, -0.2885, 42.8733, 92.1377, 0, 1
1745404274.547, 2.062, 4.038, -0.1574, -1.1142, -4.9468, -0.2872, 42.8716, 92.1375, 0, 1
1745404274.626, 2.061, 4.038, -0.1574, -1.1142, -4.9468, -0.2841, 42.8710, 92.1331, 0, 1
1745404274.706, 2.061, 4.038, -0.1574, -1.1142, -4.9468, -0.2853, 42.8685, 92.1334, 0, 1
1745404274.786, 2.061, 4.037, -0.1574, -1.1142, -4.9468, -0.2872, 42.8669, 92.1338, 0, 1
1745404274.865, 2.061, 4.037, -0.1573, -1.1142, -4.9468, -0.2866, 42.8652, 92.1304, 0, 1
1745404274.945, 2.061, 4.037, -0.1573, -1.1142, -4.9468, -0.2873, 42.8633, 92.1324, 0, 1
1745404275.024, 2.060, 4.038, -0.1573, -1.1142, -4.9468, -0.2903, 42.8606, 92.1383, 0, 1
1745404275.104, 2.060, 4.038, -0.1573, -1.1142, -4.9468, -0.2880, 42.8613, 92.1369, 0, 1
1745404275.184, 2.060, 4.038, -0.1574, -1.1142, -4.9468, -0.2864, 42.8625, 92.1366, 0, 1
1745404275.264, 2.060, 4.038, -0.1574, -1.1142, -4.9467, -0.2869, 42.8636, 92.1384, 0, 1
1745404275.343, 2.060, 4.038, -0.1573, -1.1142, -4.9467, -0.2851, 42.8655, 92.1334, 0, 1
1745404275.423, 2.060, 4.038, -0.1574, -1.1142, -4.9467, -0.2815, 42.8692, 92.1284, 0, 1
1745404275.503, 2.060, 4.038, -0.1574, -1.1142, -4.9467, -0.2819, 42.8719, 92.1287, 0, 1
1745404275.582, 2.061, 4.038, -0.1574, -1.1142, -4.9466, -0.2809, 42.8734, 92.1285, 0, 1
1745404275.662, 2.061, 4.038, -0.1573, -1.1142, -4.9467, -0.2805, 42.8736, 92.1293, 0, 1
1745404275.741, 2.060, 4.038, -0.1574, -1.1142, -4.9466, -0.2825, 42.8740, 92.1350, 0, 1
1745404275.821, 2.061, 4.038, -0.1575, -1.1142, -4.9465, -0.2842, 42.8917, 92.1214, 0, 1
1745404275.901, 2.061, 4.038, -0.1590, -1.1142, -4.9448, -0.3087, 42.9072, 92.1219, 0, 1
1745404275.980, 2.061, 4.038, -0.1640, -1.1144, -4.9393, -0.3802, 42.9046, 92.1500, 0, 1
1745404276.060, 2.062, 4.037, -0.1744, -1.1149, -4.9285, -0.3747, 42.9329, 92.1263, 0, 1
1745404276.140, 2.062, 4.029, -0.1908, -1.1151, -4.9112, -0.4705, 42.9350, 92.2109, 0, 1
1745404276.219, 2.061, 4.012, -0.2130, -1.1158, -4.8876, -0.4800, 42.8638, 92.2547, 0, 1
1745404276.299, 2.060, 3.994, -0.2390, -1.1170, -4.8603, -0.5143, 42.7826, 92.3310, 0, 1
1745404276.379, 2.059, 3.965, -0.2650, -1.1183, -4.8332, -0.4842, 42.6176, 92.3468, 0, 1
1745404317.058, 2.057, 3.803, -0.3204, -1.1204, -4.7618, -0.5060, 37.7579, 92.1483, 0, 1
1745404317.138, 2.058, 3.796, -0.3204, -1.1203, -4.7616, -0.5081, 37.7550, 92.1629, 0, 1
1745404317.217, 2.058, 3.793, -0.3201, -1.1202, -4.7620, -0.4987, 37.7713, 92.1382, 0, 1
1745404317.297, 2.058, 3.793, -0.3207, -1.1203, -4.7614, -0.4895, 37.7628, 92.1326, 0, 1
1745404317.377, 2.058, 3.793, -0.3226, -1.1204, -4.7590, -0.4961, 37.7435, 92.1292, 0, 1
1745404317.456, 2.059, 3.793, -0.3257, -1.1205, -4.7550, -0.4995, 37.7176, 92.1332, 0, 1
1745404317.536, 2.059, 3.791, -0.3295, -1.1207, -4.7504, -0.4975, 37.6882, 92.1240, 0, 1
1745404317.615, 2.060, 3.786, -0.3331, -1.1208, -4.7459, -0.4941, 37.6602, 92.1257, 0, 1
1745404317.695, 2.060, 3.780, -0.3360, -1.1209, -4.7423, -0.4859, 37.6481, 92.1043, 0, 1
1745404317.775, 2.060, 3.774, -0.3376, -1.1210, -4.7404, -0.4705, 37.6543, 92.0919, 0, 1
1745404317.854, 2.061, 3.768, -0.3381, -1.1210, -4.7398, -0.4628, 37.6704, 92.0751, 0, 1
1745404317.934, 2.061, 3.765, -0.3381, -1.1211, -4.7398, -0.4561, 37.6859, 92.0690, 0, 1
1745404318.014, 2.061, 3.765, -0.3380, -1.1211, -4.7398, -0.4519, 37.6865, 92.0613, 0, 1
1745404318.093, 2.061, 3.765, -0.3380, -1.1211, -4.7399, -0.4475, 37.6866, 92.0572, 0, 1
1745404318.173, 2.061, 3.765, -0.3380, -1.1211, -4.7399, -0.4428, 37.6843, 92.0552, 0, 1
1745404318.253, 2.061, 3.766, -0.3380, -1.1211, -4.7399, -0.4392, 37.6830, 92.0526, 0, 1
1745404318.332, 2.061, 3.766, -0.3380, -1.1211, -4.7399, -0.4370, 37.6831, 92.0521, 0, 1
1745404318.412, 2.061, 3.765, -0.3380, -1.1211, -4.7399, -0.4330, 37.6824, 92.0528, 0, 1
1745404318.492, 2.060, 3.766, -0.3385, -1.1211, -4.7392, -0.4208, 37.6807, 92.0487, 0, 1
1745404318.571, 2.060, 3.766, -0.3407, -1.1211, -4.7366, -0.3848, 37.6853, 92.0282, 0, 1
1745404318.651, 2.060, 3.765, -0.3445, -1.1213, -4.7320, -0.3497, 37.6929, 92.0245, 0, 1
1745404318.731, 2.060, 3.763, -0.3491, -1.1214, -4.7262, -0.3435, 37.6867, 92.0451, 0, 1
1745404318.810, 2.060, 3.757, -0.3539, -1.1216, -4.7202, -0.3361, 37.6892, 92.0612, 0, 1
1745404318.890, 2.061, 3.748, -0.3580, -1.1218, -4.7151, -0.3440, 37.6907, 92.0782, 0, 1
1745404318.969, 2.061, 3.740, -0.3603, -1.1220, -4.7121, -0.3767, 37.6935, 92.1135, 0, 1
1745404319.049, 2.061, 3.733, -0.3610, -1.1220, -4.7110, -0.4099, 37.6876, 92.1290, 0, 1
1745404319.129, 2.061, 3.729, -0.3609, -1.1219, -4.7112, -0.4027, 37.7163, 92.0909, 0, 1
1745404319.208, 2.062, 3.728, -0.3615, -1.1220, -4.7102, -0.4230, 37.7030, 92.1043, 0, 1
1745404319.288, 2.061, 3.728, -0.3634, -1.1220, -4.7078, -0.4101, 37.6531, 92.1085, 0, 1
1745404319.368, 2.061, 3.728, -0.3661, -1.1222, -4.7045, -0.3973, 37.5997, 92.1103, 0, 1
1745404319.447, 2.061, 3.725, -0.3691, -1.1223, -4.7007, -0.3921, 37.5515, 92.1303, 0, 1
1745404319.527, 2.062, 3.721, -0.3719, -1.1226, -4.6970, -0.3962, 37.4760, 92.1718, 0, 1
1745404319.607, 2.062, 3.716, -0.3739, -1.1227, -4.6946, -0.3758, 37.4328, 92.1624, 0, 1
1745404319.686, 2.062, 3.712, -0.3752, -1.1228, -4.6928, -0.3982, 37.4235, 92.1744, 0, 1
1745404319.766, 2.062, 3.709, -0.3767, -1.1228, -4.6907, -0.4138, 37.4045, 92.1712, 0, 1
1745404319.845, 2.063, 3.707, -0.3790, -1.1229, -4.6878, -0.4382, 37.3732, 92.1700, 0, 1
1745404319.925, 2.062, 3.704, -0.3817, -1.1231, -4.6842, -0.4775, 37.3501, 92.1799, 0, 1
1745404320.005, 2.063, 3.701, -0.3844, -1.1232, -4.6806, -0.4929, 37.3257, 92.1779, 0, 1
1745404320.084, 2.063, 3.696, -0.3868, -1.1233, -4.6775, -0.5015, 37.3072, 92.1688, 0, 1
1745404322.514, 2.062, 3.584, -0.4556, -1.1267, -4.5870, -0.7075, 36.4989, 92.2023, 0, 1
1745404322.594, 2.060, 3.578, -0.4561, -1.1267, -4.5864, -0.7073, 36.4988, 92.1994, 0, 1
1745404322.673, 2.060, 3.576, -0.4555, -1.1266, -4.5871, -0.7064, 36.5133, 92.1920, 0, 1
1745404322.753, 2.061, 3.574, -0.4549, -1.1266, -4.5878, -0.7060, 36.5236, 92.1919, 0, 1
1745404322.832, 2.061, 3.574, -0.4545, -1.1266, -4.5882, -0.7100, 36.5283, 92.1960, 0, 1
1745404322.912, 2.060, 3.575, -0.4544, -1.1266, -4.5883, -0.7096, 36.5341, 92.1984, 0, 1
1745404322.992, 2.061, 3.575, -0.4544, -1.1266, -4.5883, -0.7124, 36.5374, 92.2008, 0, 1
1745404323.071, 2.061, 3.575, -0.4544, -1.1265, -4.5882, -0.7134, 36.5413, 92.2005, 0, 1
1745404323.151, 2.062, 3.575, -0.4544, -1.1265, -4.5882, -0.7156, 36.5426, 92.2013, 0, 1
1745404323.231, 2.062, 3.576, -0.4544, -1.1265, -4.5882, -0.7169, 36.5421, 92.2013, 0, 1
1745404323.310, 2.063, 3.575, -0.4544, -1.1265, -4.5881, -0.7161, 36.5419, 92.1994, 0, 1
1745404323.390, 2.061, 3.575, -0.4544, -1.1265, -4.5881, -0.7157, 36.5426, 92.1999, 0, 1
1745404323.470, 2.061, 3.574, -0.4543, -1.1265, -4.5880, -0.7139, 36.5448, 92.1977, 0, 1
1745404323.549, 2.062, 3.574, -0.4543, -1.1264, -4.5880, -0.7093, 36.5449, 92.1906, 0, 1
1745404323.629, 2.062, 3.574, -0.4550, -1.1264, -4.5870, -0.7029, 36.5699, 92.1740, 0, 1
1745404323.708, 2.061, 3.575, -0.4571, -1.1264, -4.5842, -0.6888, 36.5540, 92.1517, 0, 1
1745404323.788, 2.061, 3.573, -0.4605, -1.1265, -4.5797, -0.6496, 36.5384, 92.1213, 0, 1
1745404323.868, 2.061, 3.572, -0.4647, -1.1267, -4.5744, -0.6028, 36.5171, 92.1010, 0, 1
1745404323.948, 2.060, 3.569, -0.4689, -1.1269, -4.5692, -0.5572, 36.5001, 92.0771, 0, 1
1745404324.027, 2.059, 3.562, -0.4723, -1.1271, -4.5649, -0.5128, 36.4561, 92.0602, 0, 1
1745404324.107, 2.061, 3.556, -0.4745, -1.1274, -4.5622, -0.4793, 36.4500, 92.0600, 0, 1
1745404324.186, 2.062, 3.552, -0.4761, -1.1274, -4.5601, -0.4564, 36.4386, 92.0534, 0, 1
1745404324.266, 2.062, 3.547, -0.4779, -1.1274, -4.5578, -0.4434, 36.4348, 92.0355, 0, 1
1745404324.346, 2.061, 3.543, -0.4804, -1.1275, -4.5545, -0.4517, 36.4199, 92.0632, 0, 1
1745404387.804, 2.060, 2.641, -1.0599, -1.1519, -3.8528, -0.3532, 43.8303, 91.2242, 0, 1
1745404387.884, 2.058, 2.633, -1.0654, -1.1519, -3.8472, -0.3116, 43.8291, 91.1825, 0, 1
1745404433.083, 2.063, 1.872, -1.6661, -1.1695, -3.2968, 0.3894, 26.6658, 91.3231, 0, 1
1745404448.196, 2.063, 3.912, -0.1913, -1.1016, -4.8674, -6.2222, 42.2414, 97.5822, 0, 1
1745404451.840, 2.063, 4.037, -0.1500, -1.1137, -4.9414, -0.2641, 40.9305, 92.1104, 0, 1
1745404452.158, 2.061, 4.037, -0.1498, -1.1138, -4.9418, -0.2151, 41.1222, 92.0275, 0, 1
1745404452.238, 2.059, 4.037, -0.1498, -1.1138, -4.9419, -0.1580, 41.1676, 91.9870, 0, 1
1745404457.335, 2.056, 4.037, -0.1498, -1.1140, -4.9425, -0.3456, 41.1228, 92.1627, 1, 1
1745404457.415, 2.057, 4.038, -0.1498, -1.1140, -4.9425, -0.3492, 41.1226, 92.1624, 1, 1
1745404457.494, 2.056, 4.038, -0.1499, -1.1140, -4.9424, -0.3512, 41.1226, 92.1633, 1, 1
1745404457.574, 2.056, 4.038, -0.1499, -1.1140, -4.9424, -0.3524, 41.1215, 92.1626, 1, 1
1745404457.654, 2.056, 4.038, -0.1498, -1.1140, -4.9425, -0.3540, 41.1200, 92.1622, 1, 1
1745404457.733, 2.056, 4.038, -0.1498, -1.1140, -4.9425, -0.3549, 41.1200, 92.1646, 1, 1
1745404457.813, 2.056, 4.037, -0.1499, -1.1140, -4.9425, -0.3561, 41.1202, 92.1671, 1, 1
1745404457.893, 2.056, 4.037, -0.1499, -1.1141, -4.9425, -0.3558, 41.1211, 92.1659, 1, 1
1745404457.972, 2.056, 4.037, -0.1498, -1.1141, -4.9425, -0.3582, 41.1228, 92.1674, 1, 1
1745404458.052, 2.056, 4.037, -0.1499, -1.1140, -4.9425, -0.3564, 41.1249, 92.1659, 1, 1
1745404458.132, 2.056, 4.037, -0.1499, -1.1140, -4.9425, -0.3522, 41.1271, 92.1603, 1, 1
1745404458.211, 2.057, 4.037, -0.1498, -1.1140, -4.9425, -0.3481, 41.1287, 92.1558, 1, 1
1745404458.291, 2.057, 4.037, -0.1498, -1.1140, -4.9425, -0.3448, 41.1290, 92.1540, 1, 1
1745404458.371, 2.057, 4.037, -0.1499, -1.1140, -4.9426, -0.3404, 41.1294, 92.1537, 1, 1
1745404458.450, 2.057, 4.038, -0.1499, -1.1140, -4.9425, -0.3401, 41.1302, 92.1564, 1, 1
1745404458.530, 2.057, 4.038, -0.1499, -1.1140, -4.9425, -0.3418, 41.1311, 92.1615, 1, 1
1745404458.610, 2.056, 4.038, -0.1499, -1.1140, -4.9425, -0.3438, 41.1322, 92.1662, 1, 1
1745404458.689, 2.056, 4.038, -0.1499, -1.1140, -4.9425, -0.3473, 41.1322, 92.1701, 1, 1
1745404458.769, 2.057, 4.038, -0.1499, -1.1140, -4.9424, -0.3501, 41.1317, 92.1738, 1, 1
1745404458.849, 2.057, 4.038, -0.1499, -1.1140, -4.9424, -0.3519, 41.1303, 92.1748, 1, 1
1745404458.928, 2.057, 4.038, -0.1499, -1.1140, -4.9424, -0.3535, 41.1301, 92.1744, 1, 1
1745404459.008, 2.057, 4.038, -0.1499, -1.1140, -4.9424, -0.3569, 41.1284, 92.1726, 1, 1
1745404459.087, 2.056, 4.038, -0.1499, -1.1140, -4.9425, -0.3597, 41.1290, 92.1722, 1, 1
1745404459.167, 2.056, 4.038, -0.1499, -1.1139, -4.9425, -0.3614, 41.1300, 92.1693, 1, 1
1745404459.247, 2.056, 4.038, -0.1499, -1.1140, -4.9425, -0.3652, 41.1316, 92.1687, 1, 1
1745404459.326, 2.056, 4.038, -0.1499, -1.1140, -4.9424, -0.3683, 41.1318, 92.1674, 1, 1
1745404459.406, 2.056, 4.037, -0.1499, -1.1140, -4.9424, -0.3698, 41.1340, 92.1656, 1, 1
1745404459.486, 2.056, 4.037, -0.1499, -1.1140, -4.9424, -0.3723, 41.1350, 92.1653, 1, 1
1745404459.565, 2.056, 4.037, -0.1498, -1.1140, -4.9424, -0.3749, 41.1353, 92.1665, 1, 1
1745404459.645, 2.056, 4.038, -0.1498, -1.1140, -4.9424, -0.3730, 41.1357, 92.1670, 1, 1
1745404459.725, 2.056, 4.038, -0.1498, -1.1139, -4.9424, -0.3716, 41.1364, 92.1680, 1, 1
1745404459.804, 2.056, 4.038, -0.1499, -1.1139, -4.9423, -0.3709, 41.1370, 92.1724, 1, 1
1745404459.884, 2.056, 4.038, -0.1499, -1.1139, -4.9423, -0.3697, 41.1383, 92.1752, 1, 1
1745404459.964, 2.056, 4.038, -0.1499, -1.1139, -4.9422, -0.3689, 41.1406, 92.1782, 1, 1
1745404460.043, 2.056, 4.038, -0.1499, -1.1139, -4.9422, -0.3714, 41.1421, 92.1793, 1, 1
1745404460.123, 2.056, 4.037, -0.1499, -1.1139, -4.9422, -0.3770, 41.1442, 92.1844, 1, 1
1745404460.202, 2.056, 4.037, -0.1499, -1.1139, -4.9422, -0.3847, 41.1457, 92.1892, 1, 1
1745404460.282, 2.056, 4.037, -0.1499, -1.1139, -4.9421, -0.3929, 41.1469, 92.1938, 1, 1
1745404460.362, 2.056, 4.037, -0.1499, -1.1139, -4.9421, -0.4005, 41.1463, 92.1975, 1, 1
1745404460.441, 2.056, 4.037, -0.1499, -1.1139, -4.9421, -0.4073, 41.1438, 92.2023, 1, 1
1745404460.521, 2.056, 4.037, -0.1499, -1.1139, -4.9421, -0.4107, 41.1404, 92.2052, 1, 1
1745404460.601, 2.056, 4.037, -0.1499, -1.1139, -4.9421, -0.4082, 41.1362, 92.2036, 1, 1
1745404460.680, 2.056, 4.037, -0.1499, -1.1139, -4.9421, -0.4051, 41.1310, 92.2024, 1, 1
1745404460.760, 2.056, 4.038, -0.1499, -1.1139, -4.9421, -0.4014, 41.1292, 92.2015, 1, 1
1745404460.840, 2.056, 4.038, -0.1499, -1.1140, -4.9421, -0.4006, 41.1274, 92.2017, 1, 1
1745404460.919, 2.056, 4.038, -0.1499, -1.1140, -4.9421, -0.3994, 41.1265, 92.1997, 1, 1
1745404460.999, 2.056, 4.037, -0.1499, -1.1140, -4.9421, -0.4000, 41.1272, 92.2001, 1, 1
1745404461.079, 2.056, 4.037, -0.1498, -1.1140, -4.9421, -0.4008, 41.1291, 92.2006, 1, 1
1745404461.158, 2.056, 4.037, -0.1498, -1.1139, -4.9421, -0.4024, 41.1301, 92.2021, 1, 1
1745404461.238, 2.056, 4.037, -0.1498, -1.1139, -4.9420, -0.4013, 41.1316, 92.2017, 1, 1
1745404461.318, 2.056, 4.036, -0.1498, -1.1139, -4.9421, -0.4030, 41.1311, 92.2055, 1, 1
1745404461.397, 2.055, 4.037, -0.1499, -1.1139, -4.9420, -0.4052, 41.1298, 92.2110, 1, 1
1745404461.477, 2.056, 4.037, -0.1499, -1.1139, -4.9421, -0.4056, 41.1275, 92.2132, 1, 1
1745404461.557, 2.056, 4.037, -0.1498, -1.1139, -4.9421, -0.4072, 41.1246, 92.2157, 1, 1
1745404461.636, 2.056, 4.037, -0.1498, -1.1139, -4.9422, -0.4081, 41.1245, 92.2196, 1, 1
1745404461.716, 2.056, 4.037, -0.1498, -1.1139, -4.9422, -0.4065, 41.1256, 92.2210, 1, 1
1745404461.796, 2.056, 4.037, -0.1498, -1.1139, -4.9421, -0.4064, 41.1273, 92.2216, 1, 1
1745404461.875, 2.056, 4.037, -0.1498, -1.1139, -4.9421, -0.4073, 41.1297, 92.2239, 1, 1
1745404461.955, 2.056, 4.037, -0.1499, -1.1139, -4.9420, -0.4081, 41.1321, 92.2263, 1, 1
1745404462.034, 2.056, 4.037, -0.1499, -1.1139, -4.9420, -0.4097, 41.1330, 92.2281, 1, 1
1745404462.114, 2.056, 4.037, -0.1499, -1.1139, -4.9420, -0.4096, 41.1357, 92.2271, 1, 1
1745404462.194, 2.057, 4.037, -0.1499, -1.1139, -4.9420, -0.4095, 41.1379, 92.2240, 1, 1
1745404462.273, 2.056, 4.037, -0.1499, -1.1139, -4.9420, -0.4096, 41.1402, 92.2224, 1, 1
1745404462.353, 2.056, 4.037, -0.1499, -1.1139, -4.9420, -0.4116, 41.1401, 92.2218, 1, 1
1745404462.433, 2.056, 4.038, -0.1499, -1.1139, -4.9420, -0.4109, 41.1401, 92.2182, 1, 1
1745404462.512, 2.056, 4.038, -0.1499, -1.1139, -4.9420, -0.4124, 41.1397, 92.2182, 1, 1
1745404462.592, 2.056, 4.038, -0.1499, -1.1139, -4.9420, -0.4127, 41.1389, 92.2179, 1, 1
1745404462.672, 2.056, 4.038, -0.1499, -1.1139, -4.9420, -0.4152, 41.1386, 92.2204, 1, 1
1745404462.751, 2.056, 4.038, -0.1499, -1.1139, -4.9421, -0.4162, 41.1406, 92.2191, 1, 1
1745404462.831, 2.056, 4.037, -0.1499, -1.1139, -4.9421, -0.4189, 41.1397, 92.2213, 1, 1
1745404462.911, 2.056, 4.037, -0.1499, -1.1139, -4.9421, -0.4211, 41.1387, 92.2217, 1, 1
1745404462.990, 2.056, 4.037, -0.1499, -1.1139, -4.9421, -0.4254, 41.1380, 92.2259, 1, 1
1745404463.070, 2.056, 4.037, -0.1498, -1.1139, -4.9421, -0.4253, 41.1381, 92.2254, 1, 1
1745404463.150, 2.056, 4.038, -0.1498, -1.1139, -4.9421, -0.4260, 41.1381, 92.2283, 1, 1
1745404463.229, 2.056, 4.038, -0.1498, -1.1139, -4.9421, -0.4269, 41.1408, 92.2306, 1, 1
1745404463.309, 2.056, 4.037, -0.1498, -1.1139, -4.9420, -0.4252, 41.1433, 92.2334, 1, 1
1745404463.388, 2.057, 4.038, -0.1498, -1.1139, -4.9420, -0.4234, 41.1451, 92.2338, 1, 1
1745404463.468, 2.057, 4.038, -0.1499, -1.1139, -4.9420, -0.4231, 41.1438, 92.2350, 1, 1
1745404463.548, 2.057, 4.038, -0.1499, -1.1139, -4.9420, -0.4203, 41.1415, 92.2336, 1, 1
1745404463.627, 2.057, 4.037, -0.1499, -1.1139, -4.9420, -0.4183, 41.1396, 92.2316, 1, 1
1745404463.707, 2.057, 4.037, -0.1498, -1.1139, -4.9420, -0.4174, 41.1383, 92.2297, 1, 1
1745404463.787, 2.057, 4.037, -0.1499, -1.1139, -4.9420, -0.4183, 41.1358, 92.2307, 1, 1
1745404463.866, 2.057, 4.037, -0.1499, -1.1139, -4.9420, -0.4192, 41.1353, 92.2307, 1, 1
1745404463.946, 2.056, 4.037, -0.1499, -1.1139, -4.9420, -0.4218, 41.1380, 92.2321, 1, 1
1745404464.025, 2.057, 4.038, -0.1499, -1.1139, -4.9419, -0.4200, 41.1404, 92.2316, 1, 1
1745404464.105, 2.057, 4.038, -0.1499, -1.1139, -4.9420, -0.4228, 41.1413, 92.2305, 1, 1
1745404464.185, 2.057, 4.038, -0.1499, -1.1139, -4.9419, -0.4243, 41.1446, 92.2310, 1, 1
1745404464.264, 2.057, 4.038, -0.1499, -1.1139, -4.9419, -0.4256, 41.1464, 92.2317, 1, 1
1745404464.344, 2.057, 4.037, -0.1499, -1.1139, -4.9419, -0.4264, 41.1464, 92.2307, 1, 1
1745404464.424, 2.057, 4.037, -0.1499, -1.1139, -4.9420, -0.4326, 41.1441, 92.2314, 1, 1
1745404465.360, 2.057, 4.037, -0.1499, -1.1139, -4.9419, -0.4355, 41.1455, 92.2361, 1, 1
1745404465.439, 2.057, 4.037, -0.1499, -1.1139, -4.9419, -0.4356, 41.1453, 92.2375, 1, 1
1745404465.519, 2.057, 4.037, -0.1499, -1.1139, -4.9419, -0.4369, 41.1475, 92.2399, 1, 1
1745404465.598, 2.057, 4.037, -0.1499, -1.1138, -4.9419, -0.4408, 41.1481, 92.2436, 1, 1
1745404465.678, 2.057, 4.037, -0.1499, -1.1138, -4.9419, -0.4376, 41.1507, 92.2457, 1, 1
1745404465.758, 2.057, 4.037, -0.1499, -1.1138, -4.9419, -0.4350, 41.1496, 92.2443, 1, 1
1745404465.837, 2.057, 4.038, -0.1499, -1.1138, -4.9419, -0.4341, 41.1485, 92.2443, 1, 1
1745404465.917, 2.057, 4.037, -0.1498, -1.1138, -4.9419, -0.4319, 41.1447, 92.2447, 1, 1
1745404465.997, 2.057, 4.037, -0.1499, -1.1139, -4.9419, -0.4276, 41.1421, 92.2452, 1, 1
1745404466.076, 2.056, 4.037, -0.1499, -1.1139, -4.9419, -0.4310, 41.1395, 92.2496, 1, 1
1745404466.156, 2.056, 4.037, -0.1498, -1.1139, -4.9419, -0.4326, 41.1396, 92.2534, 1, 1
1745404466.236, 2.056, 4.037, -0.1499, -1.1139, -4.9419, -0.4357, 41.1398, 92.2570, 1, 1
1745404466.315, 2.057, 4.037, -0.1498, -1.1139, -4.9418, -0.4401, 41.1419, 92.2596, 1, 1
1745404466.395, 2.057, 4.037, -0.1498, -1.1138, -4.9418, -0.4443, 41.1447, 92.2606, 1, 1
1745404466.475, 2.057, 4.037, -0.1498, -1.1139, -4.9418, -0.4479, 41.1454, 92.2604, 1, 1
1745404466.554, 2.057, 4.037, -0.1498, -1.1139, -4.9418, -0.4553, 41.1418, 92.2635, 1, 1
1745404466.634, 2.057, 4.038, -0.1498, -1.1139, -4.9418, -0.4586, 41.1396, 92.2632, 1, 1
1745404466.714, 2.056, 4.038, -0.1498, -1.1139, -4.9418, -0.4588, 41.1392, 92.2620, 1, 1
1745404466.793, 2.056, 4.038, -0.1498, -1.1139, -4.9418, -0.4575, 41.1382, 92.2600, 1, 1
1745404466.873, 2.056, 4.038, -0.1498, -1.1139, -4.9418, -0.4549, 41.1390, 92.2582, 1, 1
1745404466.952, 2.056, 4.038, -0.1498, -1.1139, -4.9418, -0.4512, 41.1424, 92.2547, 1, 1
1745404467.032, 2.056, 4.038, -0.1498, -1.1139, -4.9417, -0.4504, 41.1437, 92.2555, 1, 1
1745404467.112, 2.056, 4.037, -0.1498, -1.1139, -4.9417, -0.4499, 41.1418, 92.2567, 1, 1
1745404467.191, 2.056, 4.037, -0.1498, -1.1138, -4.9417, -0.4528, 41.1415, 92.2603, 1, 1
1745404467.271, 2.056, 4.037, -0.1498, -1.1138, -4.9417, -0.4535, 41.1432, 92.2619, 1, 1
1745404467.351, 2.056, 4.037, -0.1498, -1.1138, -4.9416, -0.4519, 41.1439, 92.2616, 1, 1
1745404467.430, 2.056, 4.037, -0.1499, -1.1138, -4.9416, -0.4507, 41.1466, 92.2596, 1, 1
1745404467.510, 2.056, 4.037, -0.1499, -1.1138, -4.9416, -0.4498, 41.1492, 92.2578, 1, 1
1745404467.590, 2.057, 4.037, -0.1499, -1.1138, -4.9416, -0.4484, 41.1502, 92.2544, 1, 1
1745404467.669, 2.057, 4.037, -0.1499, -1.1138, -4.9416, -0.4531, 41.1485, 92.2555, 1, 1
1745404467.749, 2.057, 4.037, -0.1499, -1.1138, -4.9416, -0.4579, 41.1476, 92.2565, 1, 1
1745404467.828, 2.057, 4.037, -0.1499, -1.1138, -4.9416, -0.4617, 41.1452, 92.2577, 1, 1
1745404467.908, 2.057, 4.037, -0.1498, -1.1138, -4.9416, -0.4662, 41.1440, 92.2602, 1, 1
1745404467.988, 2.057, 4.037, -0.1498, -1.1138, -4.9416, -0.4702, 41.1427, 92.2629, 1, 1
1745404468.067, 2.057, 4.037, -0.1498, -1.1138, -4.9416, -0.4679, 41.1434, 92.2623, 1, 1
1745404468.147, 2.057, 4.037, -0.1498, -1.1138, -4.9416, -0.4674, 41.1423, 92.2642, 1, 1
1745404468.227, 2.057, 4.037, -0.1498, -1.1138, -4.9416, -0.4665, 41.1419, 92.2648, 1, 1
1745404468.306, 2.057, 4.037, -0.1498, -1.1138, -4.9416, -0.4676, 41.1409, 92.2666, 1, 1
1745404468.386, 2.056, 4.038, -0.1499, -1.1138, -4.9416, -0.4682, 41.1402, 92.2694, 1, 1
1745404468.466, 2.056, 4.037, -0.1499, -1.1138, -4.9416, -0.4702, 41.1398, 92.2712, 1, 1
1745404468.545, 2.056, 4.037, -0.1499, -1.1138, -4.9416, -0.4715, 41.1421, 92.2714, 1, 1
1745404468.627, 2.056, 4.037, -0.1499, -1.1138, -4.9416, -0.4725, 41.1443, 92.2740, 1, 1
1745404468.705, 2.056, 4.037, -0.1499, -1.1138, -4.9416, -0.4710, 41.1468, 92.2724, 1, 1
1745404468.784, 2.056, 4.037, -0.1499, -1.1138, -4.9416, -0.4707, 41.1516, 92.2695, 1, 1
1745404468.864, 2.056, 4.037, -0.1500, -1.1138, -4.9414, -0.4699, 41.1454, 92.2675, 1, 1
1745404468.944, 2.056, 4.037, -0.1504, -1.1138, -4.9410, -0.4598, 41.1431, 92.2526, 1, 1
1745404469.023, 2.056, 4.037, -0.1514, -1.1139, -4.9399, -0.4465, 41.1469, 92.2316, 1, 1
1745404469.103, 2.056, 4.037, -0.1531, -1.1140, -4.9380, -0.4293, 41.1643, 92.1990, 1, 1
1745404469.183, 2.056, 4.036, -0.1558, -1.1141, -4.9351, -0.3941, 41.1677, 92.1568, 1, 1
1745404469.262, 2.057, 4.033, -0.1590, -1.1141, -4.9316, -0.3539, 41.1853, 92.1091, 1, 1
1745404469.342, 2.055, 4.030, -0.1625, -1.1142, -4.9278, -0.3233, 41.1968, 92.0701, 1, 1
1745404469.421, 2.054, 4.026, -0.1657, -1.1143, -4.9243, -0.2946, 41.2038, 92.0269, 1, 1
1745404469.501, 2.052, 4.021, -0.1681, -1.1143, -4.9215, -0.2720, 41.1998, 91.9938, 1, 1
1745404469.581, 2.050, 4.017, -0.1698, -1.1144, -4.9197, -0.2660, 41.2075, 91.9705, 1, 1
1745404469.660, 2.048, 4.014, -0.1707, -1.1145, -4.9186, -0.2653, 41.2126, 91.9513, 1, 1
1745404469.740, 2.046, 4.010, -0.1711, -1.1145, -4.9182, -0.2647, 41.2191, 91.9354, 1, 1
1745404469.820, 2.045, 4.008, -0.1711, -1.1145, -4.9180, -0.2690, 41.2170, 91.9286, 1, 1
1745404469.899, 2.043, 4.008, -0.1713, -1.1144, -4.9177, -0.2753, 41.2380, 91.9335, 1, 1
1745404469.979, 2.042, 4.007, -0.1721, -1.1144, -4.9167, -0.2813, 41.2504, 91.9270, 1, 1
1745404470.059, 2.042, 4.007, -0.1738, -1.1145, -4.9147, -0.2769, 41.2640, 91.9155, 1, 1
1745404470.138, 2.044, 4.007, -0.1767, -1.1146, -4.9116, -0.2799, 41.2875, 91.9090, 1, 1
1745404470.218, 2.044, 4.005, -0.1804, -1.1147, -4.9073, -0.2908, 41.3357, 91.9074, 1, 1
1745404470.297, 2.045, 4.001, -0.1849, -1.1149, -4.9025, -0.2943, 41.3618, 91.8960, 1, 1
1745404470.377, 2.046, 3.995, -0.1894, -1.1151, -4.8975, -0.3243, 41.4078, 91.9189, 1, 1
1745404470.457, 2.047, 3.989, -0.1937, -1.1153, -4.8927, -0.3727, 41.4591, 91.9607, 1, 1
1745404470.536, 2.048, 3.982, -0.1976, -1.1155, -4.8883, -0.4201, 41.5087, 91.9956, 1, 1
1745404470.616, 2.051, 3.975, -0.2012, -1.1157, -4.8843, -0.4404, 41.5334, 92.0135, 1, 1
1745404470.696, 2.054, 3.968, -0.2047, -1.1159, -4.8804, -0.4599, 41.5635, 92.0274, 1, 1
1745404470.775, 2.057, 3.962, -0.2084, -1.1161, -4.8764, -0.4544, 41.5852, 92.0205, 1, 1
1745404470.855, 2.059, 3.957, -0.2122, -1.1163, -4.8723, -0.4493, 41.6031, 92.0046, 1, 1
1745404470.935, 2.060, 3.951, -0.2163, -1.1165, -4.8678, -0.4368, 41.6286, 91.9959, 1, 1
1745404471.014, 2.060, 3.946, -0.2208, -1.1166, -4.8629, -0.4361, 41.6543, 91.9941, 1, 1
1745404471.094, 2.060, 3.940, -0.2254, -1.1168, -4.8578, -0.4416, 41.6697, 92.0027, 1, 1
1745404471.174, 2.060, 3.933, -0.2302, -1.1169, -4.8527, -0.4377, 41.6841, 92.0089, 1, 1
1745404471.253, 2.060, 3.926, -0.2350, -1.1172, -4.8475, -0.4065, 41.6884, 92.0018, 1, 1
1745404471.333, 2.060, 3.919, -0.2397, -1.1173, -4.8425, -0.3656, 41.6947, 91.9837, 1, 1
1745404471.413, 2.059, 3.911, -0.2442, -1.1176, -4.8376, -0.3320, 41.7079, 91.9691, 1, 1
1745404471.492, 2.057, 3.904, -0.2487, -1.1178, -4.8328, -0.3237, 41.7454, 91.9596, 1, 1
1745404471.572, 2.056, 3.897, -0.2533, -1.1181, -4.8279, -0.3155, 41.7877, 91.9495, 1, 1
1745404471.651, 2.055, 3.891, -0.2579, -1.1182, -4.8230, -0.3133, 41.8467, 91.9440, 1, 1
1745404471.731, 2.055, 3.884, -0.2627, -1.1183, -4.8179, -0.3118, 41.8897, 91.9525, 1, 1
1745404471.811, 2.056, 3.878, -0.2676, -1.1183, -4.8126, -0.3468, 41.9343, 91.9845, 1, 1
1745404471.890, 2.057, 3.871, -0.2724, -1.1185, -4.8073, -0.3705, 41.9478, 92.0127, 1, 1
1745404471.970, 2.059, 3.865, -0.2773, -1.1186, -4.8020, -0.4119, 41.9514, 92.0543, 1, 1
1745404472.050, 2.060, 3.858, -0.2821, -1.1189, -4.7966, -0.4536, 41.9369, 92.0984, 1, 1
1745404472.129, 2.060, 3.850, -0.2868, -1.1192, -4.7914, -0.4856, 41.9094, 92.1193, 1, 1
1745404472.209, 2.060, 3.843, -0.2914, -1.1195, -4.7864, -0.4699, 41.8842, 92.1118, 1, 1
1745404472.289, 2.060, 3.835, -0.2958, -1.1197, -4.7816, -0.4232, 41.8713, 92.0848, 1, 1
1745404472.368, 2.061, 3.829, -0.3002, -1.1198, -4.7771, -0.3571, 41.8526, 92.0344, 1, 1
1745404472.448, 2.059, 3.822, -0.3044, -1.1200, -4.7727, -0.3059, 41.8462, 91.9928, 1, 1
1745404472.528, 2.058, 3.816, -0.3086, -1.1201, -4.7681, -0.2854, 41.8399, 91.9687, 1, 1
1745404472.607, 2.057, 3.810, -0.3130, -1.1203, -4.7634, -0.2719, 41.8456, 91.9556, 1, 1
1745404472.687, 2.056, 3.804, -0.3176, -1.1204, -4.7584, -0.2768, 41.8581, 91.9497, 1, 1
1745404472.767, 2.055, 3.797, -0.3223, -1.1206, -4.7533, -0.2897, 41.8875, 91.9462, 1, 1
1745404472.846, 2.055, 3.792, -0.3271, -1.1207, -4.7480, -0.3125, 41.9170, 91.9451, 1, 1
1745404472.926, 2.055, 3.785, -0.3320, -1.1210, -4.7428, -0.3329, 41.9720, 91.9510, 1, 1
1745404473.005, 2.055, 3.778, -0.3369, -1.1212, -4.7374, -0.3738, 42.0185, 91.9671, 1, 1
1745404473.085, 2.056, 3.771, -0.3418, -1.1215, -4.7321, -0.4083, 42.0538, 91.9829, 1, 1
1745404473.165, 2.057, 3.765, -0.3467, -1.1218, -4.7268, -0.4365, 42.0766, 91.9927, 1, 1
1745404473.244, 2.058, 3.758, -0.3514, -1.1221, -4.7216, -0.4605, 42.1004, 91.9992, 1, 1
1745404473.324, 2.058, 3.751, -0.3560, -1.1224, -4.7167, -0.4788, 42.1090, 91.9999, 1, 1
1745404473.404, 2.059, 3.744, -0.3605, -1.1227, -4.7119, -0.4823, 42.1198, 91.9870, 1, 1
1745404473.483, 2.058, 3.737, -0.3648, -1.1229, -4.7072, -0.4892, 42.1209, 91.9858, 1, 1
1745404473.563, 2.057, 3.730, -0.3692, -1.1231, -4.7026, -0.5013, 42.1145, 92.0046, 1, 1
1745404473.643, 2.057, 3.723, -0.3736, -1.1233, -4.6978, -0.4938, 42.0967, 92.0123, 1, 1
1745404473.722, 2.057, 3.716, -0.3782, -1.1234, -4.6929, -0.4591, 42.0753, 91.9937, 1, 1
1745404473.804, 2.056, 3.709, -0.3830, -1.1235, -4.6880, -0.4130, 42.0464, 91.9725, 1, 1
1745404473.882, 2.056, 3.703, -0.3877, -1.1236, -4.6830, -0.3652, 42.0323, 91.9335, 1, 1
1745404473.961, 2.056, 3.696, -0.3924, -1.1237, -4.6780, -0.3427, 42.0476, 91.9009, 1, 1
1745404474.041, 2.056, 3.690, -0.3970, -1.1238, -4.6730, -0.3274, 42.0746, 91.8700, 1, 1
1745404474.121, 2.056, 3.682, -0.4016, -1.1239, -4.6681, -0.3193, 42.1141, 91.8489, 1, 1
1745404474.200, 2.056, 3.676, -0.4063, -1.1241, -4.6632, -0.3217, 42.1627, 91.8411, 1, 1
1745404474.399, 2.056, 3.668, -0.4124, -1.1244, -4.6565, -0.3815, 42.1973, 91.8771, 1, 1
1745404474.598, 2.056, 3.656, -0.4200, -1.1247, -4.6482, -0.4100, 42.1830, 91.8982, 1, 1
1745404474.797, 2.056, 3.642, -0.4286, -1.1250, -4.6389, -0.4187, 42.1462, 91.9009, 1, 1
1745404474.877, 2.056, 3.628, -0.4372, -1.1254, -4.6295, -0.4436, 42.1044, 91.9141, 1, 1
1745404474.957, 2.056, 3.613, -0.4457, -1.1257, -4.6202, -0.4629, 42.0458, 91.9073, 1, 1
1745404475.036, 2.056, 3.602, -0.4526, -1.1260, -4.6130, -0.4352, 41.9987, 91.8764, 1, 1
1745404475.116, 2.056, 3.593, -0.4576, -1.1263, -4.6076, -0.4159, 41.9851, 91.8469, 1, 1
1745404475.196, 2.055, 3.587, -0.4611, -1.1265, -4.6038, -0.4282, 41.9932, 91.8465, 1, 1
1745404475.275, 2.054, 3.581, -0.4637, -1.1266, -4.6010, -0.4410, 42.0000, 91.8490, 1, 1
1745404475.355, 2.054, 3.576, -0.4654, -1.1268, -4.5991, -0.4554, 42.0094, 91.8601, 1, 1
1745404475.435, 2.054, 3.572, -0.4664, -1.1268, -4.5980, -0.4594, 42.0168, 91.8617, 1, 1
1745404475.514, 2.053, 3.569, -0.4668, -1.1268, -4.5975, -0.4599, 42.0207, 91.8652, 1, 1
1745404475.594, 2.053, 3.567, -0.4669, -1.1268, -4.5974, -0.4520, 42.0187, 91.8623, 1, 1
1745404475.674, 2.053, 3.567, -0.4668, -1.1268, -4.5974, -0.4461, 42.0118, 91.8606, 1, 1
1745404475.753, 2.053, 3.567, -0.4668, -1.1267, -4.5974, -0.4393, 42.0077, 91.8578, 1, 1
1745404475.833, 2.053, 3.567, -0.4669, -1.1267, -4.5973, -0.4328, 42.0048, 91.8545, 1, 1
1745404475.913, 2.054, 3.568, -0.4669, -1.1267, -4.5973, -0.4290, 42.0025, 91.8504, 1, 1
1745404475.992, 2.054, 3.568, -0.4669, -1.1267, -4.5973, -0.4242, 42.0014, 91.8454, 1, 1
1745404476.072, 2.054, 3.568, -0.4669, -1.1267, -4.5973, -0.4150, 42.0023, 91.8381, 1, 1
1745404476.151, 2.054, 3.568, -0.4669, -1.1267, -4.5972, -0.4083, 41.9982, 91.8311, 1, 1
1745404476.231, 2.054, 3.567, -0.4670, -1.1268, -4.5971, -0.4040, 42.0032, 91.8291, 1, 1
1745404476.311, 2.054, 3.567, -0.4673, -1.1267, -4.5967, -0.4055, 42.0153, 91.8214, 1, 1
1745404476.391, 2.054, 3.566, -0.4681, -1.1268, -4.5959, -0.4097, 42.0213, 91.8149, 1, 1
1745404476.470, 2.054, 3.566, -0.4695, -1.1268, -4.5945, -0.4225, 42.0322, 91.8115, 1, 1
1745404476.550, 2.054, 3.565, -0.4714, -1.1269, -4.5924, -0.4361, 42.0575, 91.8121, 1, 1
1745404476.629, 2.054, 3.564, -0.4739, -1.1270, -4.5898, -0.4565, 42.0750, 91.8169, 1, 1
1745404476.709, 2.053, 3.561, -0.4766, -1.1270, -4.5869, -0.4821, 42.0919, 91.8339, 1, 1
1745404476.789, 2.054, 3.558, -0.4792, -1.1272, -4.5840, -0.5129, 42.1188, 91.8551, 1, 1
1745404476.868, 2.054, 3.555, -0.4817, -1.1273, -4.5812, -0.5470, 42.1441, 91.8864, 1, 1
1745404476.948, 2.054, 3.551, -0.4840, -1.1274, -4.5787, -0.5834, 42.1628, 91.9170, 1, 1
1745404477.028, 2.054, 3.547, -0.4859, -1.1275, -4.5765, -0.6180, 42.1778, 91.9419, 1, 1
1745404477.107, 2.054, 3.543, -0.4878, -1.1276, -4.5745, -0.6310, 42.1823, 91.9534, 1, 1
1745404477.187, 2.054, 3.540, -0.4896, -1.1277, -4.5725, -0.6393, 42.1837, 91.9557, 1, 1
1745404477.266, 2.054, 3.537, -0.4915, -1.1279, -4.5705, -0.6372, 42.1763, 91.9469, 1, 1
1745404477.346, 2.053, 3.536, -0.4935, -1.1280, -4.5684, -0.6283, 42.1633, 91.9289, 1, 1
1745404477.426, 2.053, 3.535, -0.4955, -1.1281, -4.5662, -0.6119, 42.1538, 91.9048, 1, 1
1745404477.505, 2.053, 3.532, -0.4975, -1.1281, -4.5641, -0.6095, 42.1404, 91.8968, 1, 1
1745404477.585, 2.053, 3.530, -0.4994, -1.1282, -4.5620, -0.6111, 42.1263, 91.8957, 1, 1
1745404477.665, 2.053, 3.527, -0.5012, -1.1283, -4.5600, -0.6167, 42.1257, 91.8978, 1, 1
1745404477.745, 2.053, 3.523, -0.5031, -1.1284, -4.5580, -0.6251, 42.1290, 91.9074, 1, 1
1745404477.824, 2.052, 3.519, -0.5050, -1.1285, -4.5559, -0.6385, 42.1228, 91.9252, 1, 1
1745404477.904, 2.052, 3.516, -0.5070, -1.1286, -4.5537, -0.6518, 42.1393, 91.9351, 1, 1
1745404477.983, 2.051, 3.512, -0.5092, -1.1287, -4.5514, -0.6555, 42.1489, 91.9438, 1, 1
1745404478.063, 2.051, 3.510, -0.5114, -1.1287, -4.5490, -0.6584, 42.1535, 91.9513, 1, 1
1745404478.142, 2.051, 3.507, -0.5136, -1.1289, -4.5466, -0.6546, 42.1506, 91.9547, 1, 1
1745404478.222, 2.051, 3.504, -0.5159, -1.1290, -4.5442, -0.6509, 42.1543, 91.9673, 1, 1
1745404478.302, 2.051, 3.501, -0.5180, -1.1290, -4.5420, -0.6396, 42.1458, 91.9757, 1, 1
1745404478.381, 2.051, 3.498, -0.5200, -1.1291, -4.5398, -0.6306, 42.1277, 91.9830, 1, 1
1745404478.461, 2.052, 3.495, -0.5220, -1.1292, -4.5377, -0.6095, 42.1169, 91.9839, 1, 1
1745404478.541, 2.051, 3.493, -0.5241, -1.1292, -4.5354, -0.5908, 42.1071, 91.9771, 1, 1
1745404478.620, 2.051, 3.489, -0.5261, -1.1293, -4.5333, -0.5703, 42.0998, 91.9634, 1, 1
1745404478.700, 2.051, 3.487, -0.5283, -1.1294, -4.5310, -0.5423, 42.0841, 91.9455, 1, 1
1745404478.780, 2.050, 3.484, -0.5306, -1.1295, -4.5286, -0.5263, 42.0895, 91.9295, 1, 1
1745404478.859, 2.050, 3.481, -0.5329, -1.1295, -4.5261, -0.5194, 42.0912, 91.9211, 1, 1
1745404478.939, 2.050, 3.478, -0.5353, -1.1296, -4.5235, -0.5299, 42.1053, 91.9288, 1, 1
1745404479.019, 2.049, 3.475, -0.5376, -1.1297, -4.5209, -0.5563, 42.1334, 91.9387, 1, 1
1745404479.098, 2.049, 3.472, -0.5399, -1.1297, -4.5184, -0.5854, 42.1610, 91.9500, 1, 1
1745404479.178, 2.050, 3.468, -0.5422, -1.1298, -4.5158, -0.6142, 42.1973, 91.9628, 1, 1
1745404479.258, 2.050, 3.464, -0.5443, -1.1298, -4.5135, -0.6430, 42.2324, 91.9764, 1, 1
1745404479.337, 2.050, 3.460, -0.5462, -1.1299, -4.5115, -0.6549, 42.2632, 91.9860, 1, 1
1745404479.417, 2.050, 3.457, -0.5476, -1.1300, -4.5100, -0.6484, 42.2844, 91.9899, 1, 1
1745404479.497, 2.050, 3.454, -0.5485, -1.1301, -4.5090, -0.6498, 42.3137, 91.9977, 1, 1
1745404479.576, 2.049, 3.453, -0.5490, -1.1301, -4.5085, -0.6399, 42.3308, 92.0007, 1, 1
1745404479.656, 2.049, 3.452, -0.5492, -1.1301, -4.5083, -0.6325, 42.3448, 92.0016, 1, 1
1745404479.735, 2.049, 3.452, -0.5492, -1.1301, -4.5083, -0.6305, 42.3586, 92.0034, 1, 1
1745404479.815, 2.050, 3.452, -0.5492, -1.1301, -4.5083, -0.6292, 42.3656, 92.0035, 1, 1
1745404479.895, 2.049, 3.451, -0.5492, -1.1301, -4.5082, -0.6293, 42.3714, 92.0076, 1, 1
1745404479.974, 2.049, 3.452, -0.5492, -1.1301, -4.5082, -0.6308, 42.3763, 92.0122, 1, 1
1745404480.054, 2.049, 3.452, -0.5492, -1.1301, -4.5081, -0.6274, 42.3806, 92.0129, 1, 1
1745404480.134, 2.049, 3.452, -0.5491, -1.1301, -4.5081, -0.6211, 42.3831, 92.0112, 1, 1
1745404480.213, 2.049, 3.450, -0.5491, -1.1301, -4.5081, -0.6157, 42.3865, 92.0075, 1, 1
1745404488.118, 2.049, 3.450, -0.5490, -1.1301, -4.5080, -0.6040, 42.3978, 91.9949, 0, 1
1745404488.198, 2.049, 3.450, -0.5490, -1.1301, -4.5078, -0.5932, 42.4084, 91.9832, 0, 1
1745404488.278, 2.050, 3.449, -0.5490, -1.1301, -4.5076, -0.5855, 42.4171, 91.9730, 0, 1
1745404488.357, 2.050, 3.448, -0.5490, -1.1300, -4.5075, -0.5780, 42.4239, 91.9611, 0, 1
1745404488.437, 2.049, 3.449, -0.5490, -1.1300, -4.5073, -0.5710, 42.4309, 91.9513, 0, 1
1745404488.517, 2.050, 3.449, -0.5490, -1.1300, -4.5073, -0.5707, 42.4287, 91.9484, 0, 1
1745404488.596, 2.050, 3.449, -0.5490, -1.1300, -4.5073, -0.5695, 42.4257, 91.9475, 0, 1
1745404488.676, 2.049, 3.449, -0.5490, -1.1300, -4.5073, -0.5688, 42.4237, 91.9466, 0, 1
1745404488.795, 2.049, 3.450, -0.5490, -1.1300, -4.5073, -0.5680, 42.4238, 91.9457, 0, 1
1745404488.875, 2.049, 3.450, -0.5490, -1.1300, -4.5073, -0.5679, 42.4231, 91.9460, 0, 1
1745404488.955, 2.049, 3.449, -0.5490, -1.1300, -4.5072, -0.5689, 42.4222, 91.9484, 0, 1
1745404489.034, 2.049, 3.449, -0.5490, -1.1300, -4.5073, -0.5720, 42.4215, 91.9484, 0, 1
1745404489.114, 2.050, 3.449, -0.5490, -1.1300, -4.5073, -0.5762, 42.4209, 91.9517, 0, 1
1745404489.193, 2.050, 3.448, -0.5490, -1.1300, -4.5073, -0.5832, 42.4209, 91.9576, 0, 1
1745404489.273, 2.050, 3.447, -0.5490, -1.1300, -4.5072, -0.5933, 42.4213, 91.9657, 0, 1
1745404489.353, 2.050, 3.448, -0.5490, -1.1300, -4.5073, -0.6006, 42.4225, 91.9711, 0, 1
1745404489.432, 2.050, 3.449, -0.5490, -1.1300, -4.5073, -0.6051, 42.4238, 91.9767, 0, 1
1745404489.512, 2.049, 3.449, -0.5490, -1.1300, -4.5073, -0.6070, 42.4238, 91.9801, 0, 1
1745404489.592, 2.050, 3.449, -0.5490, -1.1300, -4.5073, -0.6048, 42.4226, 91.9799, 0, 1
1745404489.671, 2.049, 3.449, -0.5490, -1.1300, -4.5073, -0.5981, 42.4219, 91.9768, 0, 1
1745404489.751, 2.049, 3.448, -0.5490, -1.1300, -4.5072, -0.5916, 42.4214, 91.9744, 0, 1
1745404489.831, 2.049, 3.447, -0.5490, -1.1300, -4.5072, -0.5859, 42.4213, 91.9706, 0, 1
1745404489.910, 2.049, 3.448, -0.5490, -1.1300, -4.5072, -0.5816, 42.4220, 91.9660, 0, 1
1745404489.990, 2.049, 3.448, -0.5490, -1.1300, -4.5072, -0.5815, 42.4228, 91.9649, 0, 1
1745404490.070, 2.049, 3.449, -0.5490, -1.1300, -4.5072, -0.5821, 42.4239, 91.9646, 0, 1
1745404490.149, 2.049, 3.449, -0.5489, -1.1300, -4.5072, -0.5837, 42.4256, 91.9643, 0, 1
1745404490.229, 2.049, 3.449, -0.5489, -1.1300, -4.5072, -0.5860, 42.4283, 91.9650, 0, 1
1745404490.309, 2.049, 3.448, -0.5489, -1.1300, -4.5073, -0.5897, 42.4261, 91.9641, 0, 1
1745404490.389, 2.048, 3.448, -0.5492, -1.1300, -4.5070, -0.5819, 42.4421, 91.9537, 0, 1
1745404490.468, 2.049, 3.448, -0.5503, -1.1300, -4.5059, -0.5561, 42.4356, 91.9441, 0, 1
1745404490.548, 2.049, 3.447, -0.5523, -1.1300, -4.5039, -0.5520, 42.4382, 91.9483, 0, 1
1745404490.627, 2.048, 3.446, -0.5553, -1.1301, -4.5006, -0.5815, 42.4374, 91.9808, 0, 1
1745404490.707, 2.049, 3.445, -0.5593, -1.1302, -4.4963, -0.6078, 42.4315, 92.0175, 0, 1
1745404490.787, 2.049, 3.440, -0.5639, -1.1305, -4.4913, -0.6561, 42.4025, 92.0789, 0, 1
1745404490.866, 2.049, 3.433, -0.5685, -1.1308, -4.4864, -0.7159, 42.3874, 92.1382, 0, 1
1745404490.946, 2.050, 3.427, -0.5726, -1.1310, -4.4819, -0.7485, 42.3615, 92.1855, 0, 1
1745404491.026, 2.050, 3.421, -0.5762, -1.1312, -4.4782, -0.7434, 42.3347, 92.2000, 0, 1
1745404491.105, 2.050, 3.414, -0.5792, -1.1313, -4.4750, -0.7256, 42.3142, 92.1967, 0, 1
1745404491.185, 2.049, 3.408, -0.5820, -1.1314, -4.4722, -0.6908, 42.3010, 92.1674, 0, 1
1745404507.193, 2.047, 3.276, -0.6671, -1.1352, -4.3717, -0.6797, 38.2878, 91.9672, 0, 1
1745404507.273, 2.048, 3.273, -0.6698, -1.1354, -4.3681, -0.6465, 38.0585, 91.9292, 0, 1
1745404507.353, 2.049, 3.269, -0.6724, -1.1355, -4.3646, -0.6199, 37.8450, 91.8856, 0, 1
1745404507.432, 2.050, 3.265, -0.6750, -1.1356, -4.3610, -0.6207, 37.6345, 91.8589, 0, 1
1745404507.512, 2.051, 3.261, -0.6777, -1.1357, -4.3571, -0.6184, 37.4175, 91.8263, 0, 1
1745404507.592, 2.051, 3.259, -0.6806, -1.1359, -4.3531, -0.6264, 37.2236, 91.8039, 0, 1
1745404507.671, 2.051, 3.254, -0.6836, -1.1359, -4.3491, -0.6193, 37.0260, 91.7780, 0, 1
1745404507.751, 2.052, 3.250, -0.6864, -1.1361, -4.3452, -0.5971, 36.8215, 91.7529, 0, 1
1745404519.240, 2.063, 3.116, -0.7610, -1.1405, -4.2503, -0.8282, 36.4245, 91.8906, 1, 1
1745404519.320, 2.063, 3.118, -0.7610, -1.1405, -4.2504, -0.8281, 36.4244, 91.8895, 1, 1
1745404519.399, 2.063, 3.119, -0.7610, -1.1405, -4.2504, -0.8264, 36.4256, 91.8874, 1, 1
1745404519.479, 2.063, 3.121, -0.7610, -1.1406, -4.2504, -0.8274, 36.4256, 91.8882, 1, 1
1745404519.559, 2.064, 3.121, -0.7610, -1.1406, -4.2504, -0.8272, 36.4239, 91.8897, 1, 1
1745404519.638, 2.064, 3.122, -0.7610, -1.1406, -4.2504, -0.8289, 36.4205, 91.8934, 1, 1
1745404519.718, 2.064, 3.121, -0.7610, -1.1406, -4.2505, -0.8297, 36.4184, 91.8952, 1, 1
1745404519.798, 2.064, 3.119, -0.7610, -1.1405, -4.2504, -0.8335, 36.4154, 91.8998, 1, 1
1745404519.877, 2.064, 3.118, -0.7610, -1.1405, -4.2504, -0.8380, 36.4124, 91.9041, 1, 1
1745404519.957, 2.063, 3.118, -0.7610, -1.1405, -4.2505, -0.8410, 36.4099, 91.9042, 1, 1
1745404634.448, 2.063, 3.118, -0.7611, -1.1407, -4.2508, -0.8827, 36.3860, 91.9255, 0, 1
1745404634.527, 2.063, 3.119, -0.7612, -1.1408, -4.2512, -0.9241, 36.3635, 91.9461, 0, 1
1745404634.607, 2.064, 3.120, -0.7613, -1.1408, -4.2516, -0.9638, 36.3412, 91.9649, 0, 1
1745404634.687, 2.064, 3.122, -0.7614, -1.1410, -4.2520, -1.0008, 36.3200, 91.9828, 0, 1
1745404634.766, 2.064, 3.120, -0.7615, -1.1411, -4.2524, -1.0405, 36.2979, 92.0056, 0, 1
1745404634.846, 2.064, 3.120, -0.7615, -1.1411, -4.2524, -1.0409, 36.2991, 92.0062, 0, 1
1745404634.925, 2.064, 3.120, -0.7615, -1.1411, -4.2524, -1.0408, 36.3006, 92.0094, 0, 1
1745404635.005, 2.064, 3.120, -0.7615, -1.1411, -4.2524, -1.0409, 36.3013, 92.0125, 0, 1
1745404635.085, 2.064, 3.120, -0.7615, -1.1411, -4.2524, -1.0429, 36.3028, 92.0146, 0, 1
1745404635.165, 2.064, 3.120, -0.7615, -1.1411, -4.2524, -1.0434, 36.3050, 92.0166, 0, 1
1745404635.244, 2.064, 3.120, -0.7615, -1.1411, -4.2525, -1.0442, 36.3056, 92.0187, 0, 1
1745404635.324, 2.064, 3.120, -0.7615, -1.1412, -4.2525, -1.0486, 36.3037, 92.0215, 0, 1
1745404635.403, 2.064, 3.120, -0.7615, -1.1412, -4.2525, -1.0538, 36.3017, 92.0251, 0, 1
1745404635.483, 2.064, 3.119, -0.7615, -1.1412, -4.2524, -1.0586, 36.2994, 92.0272, 0, 1
1745404635.563, 2.064, 3.119, -0.7615, -1.1412, -4.2525, -1.0598, 36.2972, 92.0241, 0, 1
1745404635.642, 2.064, 3.118, -0.7615, -1.1412, -4.2524, -1.0589, 36.2957, 92.0216, 0, 1
1745404635.722, 2.063, 3.118, -0.7615, -1.1411, -4.2524, -1.0563, 36.2961, 92.0170, 0, 1
1745404635.802, 2.063, 3.118, -0.7615, -1.1411, -4.2524, -1.0511, 36.2976, 92.0103, 0, 1
1745404635.881, 2.063, 3.117, -0.7615, -1.1411, -4.2524, -1.0458, 36.2990, 92.0075, 0, 1
1745404635.961, 2.063, 3.119, -0.7615, -1.1411, -4.2524, -1.0431, 36.3008, 92.0073, 0, 1
1745404636.041, 2.064, 3.119, -0.7615, -1.1411, -4.2524, -1.0418, 36.3009, 92.0080, 0, 1
1745404636.120, 2.064, 3.119, -0.7615, -1.1411, -4.2524, -1.0410, 36.3002, 92.0085, 0, 1
1745404636.200, 2.064, 3.119, -0.7615, -1.1411, -4.2524, -1.0437, 36.2982, 92.0103, 0, 1
1745404636.279, 2.064, 3.120, -0.7615, -1.1411, -4.2524, -1.0449, 36.2962, 92.0089, 0, 1
1745404636.359, 2.064, 3.121, -0.7615, -1.1411, -4.2524, -1.0462, 36.2931, 92.0105, 0, 1
1745404636.439, 2.064, 3.122, -0.7615, -1.1411, -4.2523, -1.0493, 36.2908, 92.0123, 0, 1
1745404636.518, 2.064, 3.122, -0.7615, -1.1411, -4.2523, -1.0513, 36.2915, 92.0135, 0, 1
1745404636.598, 2.064, 3.122, -0.7615, -1.1410, -4.2523, -1.0556, 36.2917, 92.0160, 0, 1
1745404636.678, 2.064, 3.120, -0.7615, -1.1410, -4.2523, -1.0612, 36.2912, 92.0194, 0, 1
1745404636.757, 2.064, 3.119, -0.7615, -1.1411, -4.2523, -1.0656, 36.2921, 92.0198, 0, 1
1745404636.837, 2.064, 3.118, -0.7615, -1.1411, -4.2524, -1.0676, 36.2937, 92.0202, 0, 1
1745404636.917, 2.064, 3.118, -0.7615, -1.1411, -4.2524, -1.0701, 36.2936, 92.0215, 0, 1
1745404636.996, 2.064, 3.118, -0.7615, -1.1411, -4.2524, -1.0681, 36.2940, 92.0207, 0, 1
1745404637.076, 2.064, 3.119, -0.7615, -1.1411, -4.2524, -1.0650, 36.2949, 92.0185, 0, 1
1745404637.155, 2.063, 3.121, -0.7615, -1.1411, -4.2523, -1.0626, 36.2954, 92.0171, 0, 1
1745404637.235, 2.064, 3.122, -0.7617, -1.1411, -4.2521, -1.0591, 36.2991, 92.0046, 0, 1
1745404637.315, 2.064, 3.120, -0.7623, -1.1411, -4.2513, -1.0610, 36.2990, 92.0073, 0, 1
1745404637.394, 2.064, 3.119, -0.7636, -1.1412, -4.2494, -1.0736, 36.2542, 91.9946, 0, 1
1745404637.474, 2.064, 3.117, -0.7652, -1.1410, -4.2466, -1.1712, 36.1500, 91.9398, 0, 1
1745404637.554, 2.064, 3.115, -0.7671, -1.1409, -4.2434, -1.2684, 36.0410, 91.7937, 0, 1
1745404637.633, 2.065, 3.112, -0.7694, -1.1407, -4.2396, -1.3632, 35.9181, 91.5722, 0, 1
1745404637.713, 2.066, 3.110, -0.7721, -1.1405, -4.2354, -1.4443, 35.7903, 91.2846, 0, 1
1745404637.793, 2.067, 3.107, -0.7754, -1.1402, -4.2305, -1.5178, 35.6823, 91.0220, 0, 1
1745404637.872, 2.068, 3.104, -0.7796, -1.1402, -4.2249, -1.4943, 35.6248, 90.7882, 0, 1
1745404637.952, 2.069, 3.098, -0.7845, -1.1402, -4.2182, -1.5080, 35.5447, 90.7023, 0, 1
1745404638.032, 2.070, 3.091, -0.7893, -1.1403, -4.2115, -1.5235, 35.4689, 90.6952, 0, 1
1745404638.111, 2.071, 3.083, -0.7933, -1.1404, -4.2060, -1.5394, 35.3996, 90.7186, 0, 1
1745404638.191, 2.071, 3.074, -0.7960, -1.1405, -4.2022, -1.5469, 35.3576, 90.7295, 0, 1
1745404638.271, 2.072, 3.066, -0.7975, -1.1405, -4.2001, -1.5662, 35.3233, 90.7545, 0, 1
1745404638.350, 2.072, 3.062, -0.7980, -1.1405, -4.1994, -1.5535, 35.3155, 90.7304, 0, 1
1745404638.430, 2.073, 3.061, -0.7981, -1.1405, -4.1994, -1.5423, 35.3145, 90.7102, 0, 1
1745404638.510, 2.072, 3.060, -0.7981, -1.1406, -4.1994, -1.5395, 35.3151, 90.7123, 0, 1
1745404638.589, 2.072, 3.060, -0.7981, -1.1406, -4.1993, -1.5451, 35.3135, 90.7199, 0, 1
1745404638.669, 2.072, 3.061, -0.7981, -1.1406, -4.1993, -1.5508, 35.3134, 90.7294, 0, 1
1745404638.748, 2.073, 3.062, -0.7982, -1.1406, -4.1993, -1.5518, 35.3136, 90.7323, 0, 1
1745404638.828, 2.073, 3.060, -0.7981, -1.1406, -4.1993, -1.5561, 35.3134, 90.7417, 0, 1
1745404638.908, 2.073, 3.060, -0.7981, -1.1406, -4.1992, -1.5575, 35.3144, 90.7478, 0, 1
1745404638.987, 2.074, 3.060, -0.7981, -1.1405, -4.1992, -1.5562, 35.3149, 90.7534, 0, 1
1745404639.067, 2.073, 3.060, -0.7981, -1.1405, -4.1992, -1.5576, 35.3142, 90.7606, 0, 1
1745404639.147, 2.073, 3.058, -0.7981, -1.1405, -4.1992, -1.5580, 35.3143, 90.7652, 0, 1
1745404639.226, 2.073, 3.060, -0.7981, -1.1405, -4.1992, -1.5577, 35.3140, 90.7665, 0, 1
1745404639.306, 2.073, 3.061, -0.7981, -1.1405, -4.1992, -1.5600, 35.3127, 90.7698, 0, 1
1745404639.386, 2.073, 3.063, -0.7980, -1.1405, -4.1992, -1.5614, 35.3110, 90.7733, 0, 1
1745404639.465, 2.073, 3.062, -0.7980, -1.1405, -4.1992, -1.5584, 35.3105, 90.7732, 0, 1
1745404639.545, 2.073, 3.063, -0.7980, -1.1405, -4.1992, -1.5573, 35.3103, 90.7762, 0, 1
1745404639.624, 2.073, 3.062, -0.7981, -1.1405, -4.1992, -1.5576, 35.3103, 90.7786, 0, 1
1745404639.704, 2.072, 3.060, -0.7981, -1.1405, -4.1991, -1.5573, 35.3103, 90.7826, 0, 1
1745404639.784, 2.072, 3.059, -0.7981, -1.1405, -4.1991, -1.5617, 35.3118, 90.7847, 0, 1
1745404639.863, 2.072, 3.060, -0.7981, -1.1405, -4.1991, -1.5673, 35.3139, 90.7870, 0, 1
1745404639.943, 2.072, 3.059, -0.7981, -1.1405, -4.1991, -1.5749, 35.3144, 90.7891, 0, 1
1745404640.023, 2.073, 3.059, -0.7981, -1.1405, -4.1991, -1.5802, 35.3144, 90.7896, 0, 1
1745404640.102, 2.073, 3.059, -0.7981, -1.1405, -4.1991, -1.5838, 35.3133, 90.7890, 0, 1
1745404640.182, 2.073, 3.059, -0.7981, -1.1405, -4.1991, -1.5846, 35.3113, 90.7893, 0, 1
1745404640.262, 2.073, 3.059, -0.7981, -1.1405, -4.1991, -1.5850, 35.3091, 90.7883, 0, 1
1745404640.341, 2.073, 3.059, -0.7981, -1.1405, -4.1990, -1.5832, 35.3080, 90.7859, 0, 1
1745404640.421, 2.073, 3.060, -0.7981, -1.1405, -4.1990, -1.5811, 35.3084, 90.7861, 0, 1
1745404640.501, 2.073, 3.061, -0.7981, -1.1405, -4.1990, -1.5816, 35.3089, 90.7871, 0, 1
1745404640.580, 2.073, 3.061, -0.7981, -1.1405, -4.1990, -1.5784, 35.3109, 90.7836, 0, 1
1745404640.660, 2.073, 3.061, -0.7981, -1.1405, -4.1990, -1.5750, 35.3147, 90.7802, 0, 1
1745404640.740, 2.073, 3.062, -0.7981, -1.1404, -4.1990, -1.5713, 35.3169, 90.7779, 0, 1
1745404640.819, 2.073, 3.061, -0.7981, -1.1405, -4.1990, -1.5672, 35.3182, 90.7727, 0, 1
1745404640.899, 2.073, 3.061, -0.7981, -1.1405, -4.1989, -1.5620, 35.3217, 90.7655, 0, 1
1745404640.978, 2.073, 3.062, -0.7981, -1.1404, -4.1989, -1.5615, 35.3216, 90.7650, 0, 1
1745404641.058, 2.073, 3.062, -0.7981, -1.1405, -4.1989, -1.5620, 35.3193, 90.7632, 0, 1
1745404641.138, 2.073, 3.061, -0.7981, -1.1405, -4.1989, -1.5629, 35.3188, 90.7626, 0, 1
1745404641.218, 2.073, 3.061, -0.7981, -1.1404, -4.1989, -1.5582, 35.3207, 90.7579, 0, 1
1745404641.297, 2.073, 3.061, -0.7981, -1.1404, -4.1990, -1.5583, 35.3216, 90.7594, 0, 1
1745404641.377, 2.073, 3.061, -0.7981, -1.1404, -4.1990, -1.5526, 35.3271, 90.7570, 0, 1
1745404641.457, 2.073, 3.060, -0.7981, -1.1404, -4.1990, -1.5478, 35.3204, 90.7729, 0, 1
1745404641.536, 2.072, 3.061, -0.7981, -1.1404, -4.1990, -1.5387, 35.3103, 90.7841, 0, 1
1745404641.616, 2.072, 3.062, -0.7982, -1.1405, -4.1989, -1.5333, 35.2987, 90.8021, 0, 1
1745404641.695, 2.072, 3.063, -0.7982, -1.1406, -4.1989, -1.5230, 35.2875, 90.8118, 0, 1
1745404641.775, 2.072, 3.062, -0.7982, -1.1406, -4.1988, -1.5178, 35.2719, 90.8250, 0, 1
1745404641.855, 2.073, 3.063, -0.7983, -1.1406, -4.1987, -1.5146, 35.2581, 90.8242, 0, 1
1745404641.934, 2.073, 3.061, -0.7987, -1.1406, -4.1983, -1.4612, 35.2075, 90.7403, 0, 1
1745404642.014, 2.073, 3.061, -0.7996, -1.1407, -4.1969, -1.4491, 35.0577, 90.7214, 0, 1
1745404642.094, 2.073, 3.060, -0.8016, -1.1407, -4.1935, -1.4424, 34.7143, 90.7368, 0, 1
1745404642.173, 2.074, 3.060, -0.8046, -1.1408, -4.1885, -1.3961, 34.1997, 90.6840, 0, 1
1745404642.253, 2.074, 3.058, -0.8086, -1.1410, -4.1815, -1.3858, 33.5049, 90.6889, 0, 1
1745404642.332, 2.076, 3.057, -0.8133, -1.1413, -4.1728, -1.4499, 32.7194, 90.8205, 0, 1
1745404642.412, 2.079, 3.052, -0.8186, -1.1416, -4.1634, -1.4797, 31.9922, 90.9004, 0, 1
1745404642.492, 2.085, 3.047, -0.8240, -1.1420, -4.1538, -1.4830, 31.3911, 91.0434, 0, 1
1745404642.571, 2.091, 3.042, -0.8300, -1.1427, -4.1440, -1.3882, 31.0301, 91.3248, 0, 1
1745404651.731, 2.092, 2.518, -1.1434, -1.1539, -3.7447, -0.5893, 47.8828, 91.1453, 0, 1
1745404651.810, 2.082, 2.514, -1.1477, -1.1541, -3.7417, -0.5521, 48.2764, 91.1095, 0, 1
1745404651.890, 2.074, 2.511, -1.1521, -1.1542, -3.7386, -0.5189, 48.6775, 91.0911, 0, 1
1745404651.970, 2.073, 2.508, -1.1566, -1.1542, -3.7354, -0.4797, 49.0723, 91.0726, 0, 1
1745404652.049, 2.080, 2.505, -1.1608, -1.1543, -3.7325, -0.4382, 49.4120, 91.0581, 0, 1
1745404652.129, 2.091, 2.502, -1.1640, -1.1544, -3.7302, -0.3914, 49.6603, 91.0274, 0, 1
1745404656.788, 2.093, 2.451, -1.2001, -1.1549, -3.6910, -0.2386, 45.0968, 90.9384, 0, 1
1745404656.868, 2.088, 2.433, -1.2090, -1.1550, -3.6803, -0.2631, 43.7618, 90.9625, 0, 1
1745404656.948, 2.092, 2.414, -1.2170, -1.1552, -3.6707, -0.2611, 42.6505, 90.9698, 0, 1
1745404657.027, 2.090, 2.400, -1.2214, -1.1552, -3.6654, -0.2618, 42.1595, 90.9859, 0, 1
1745404657.107, 2.088, 2.391, -1.2244, -1.1554, -3.6618, -0.2573, 41.8988, 90.9972, 0, 1
1745404657.186, 2.087, 2.382, -1.2263, -1.1555, -3.6597, -0.2612, 41.8477, 90.9952, 0, 1
1745404657.266, 2.086, 2.375, -1.2272, -1.1556, -3.6588, -0.2529, 41.8392, 90.9811, 0, 1
1745404657.346, 2.086, 2.372, -1.2273, -1.1556, -3.6586, -0.2467, 41.8346, 90.9674, 0, 1
1745404657.425, 2.085, 2.370, -1.2272, -1.1556, -3.6587, -0.2478, 41.8260, 90.9653, 0, 1
1745404657.505, 2.085, 2.370, -1.2272, -1.1557, -3.6587, -0.2396, 41.8273, 90.9553, 0, 1
1745404657.585, 2.084, 2.370, -1.2272, -1.1557, -3.6587, -0.2395, 41.8253, 90.9535, 0, 1
1745404657.664, 2.084, 2.369, -1.2272, -1.1557, -3.6587, -0.2399, 41.8248, 90.9538, 0, 1
1745404657.744, 2.084, 2.370, -1.2272, -1.1557, -3.6587, -0.2422, 41.8232, 90.9534, 0, 1
1745404657.824, 2.084, 2.371, -1.2272, -1.1557, -3.6587, -0.2418, 41.8234, 90.9529, 0, 1
1745404657.903, 2.084, 2.371, -1.2272, -1.1556, -3.6587, -0.2426, 41.8238, 90.9544, 0, 1
1745404657.983, 2.084, 2.371, -1.2272, -1.1557, -3.6587, -0.2442, 41.8245, 90.9527, 0, 1
1745404658.063, 2.085, 2.372, -1.2272, -1.1556, -3.6587, -0.2405, 41.8248, 90.9464, 0, 1
1745404658.142, 2.085, 2.372, -1.2272, -1.1556, -3.6587, -0.2392, 41.8260, 90.9425, 0, 1
1745404658.222, 2.085, 2.372, -1.2272, -1.1556, -3.6587, -0.2403, 41.8267, 90.9370, 0, 1
1745404658.302, 2.085, 2.371, -1.2272, -1.1556, -3.6587, -0.2366, 41.8272, 90.9299, 0, 1
1745404658.381, 2.085, 2.370, -1.2272, -1.1556, -3.6587, -0.2355, 41.8271, 90.9281, 0, 1
1745404658.461, 2.085, 2.369, -1.2272, -1.1556, -3.6586, -0.2340, 41.8278, 90.9268, 0, 1
1745404658.541, 2.085, 2.369, -1.2272, -1.1556, -3.6587, -0.2321, 41.8285, 90.9237, 0, 1
1745404658.620, 2.085, 2.369, -1.2272, -1.1556, -3.6587, -0.2304, 41.8284, 90.9238, 0, 1
1745404658.700, 2.085, 2.370, -1.2272, -1.1556, -3.6587, -0.2312, 41.8286, 90.9260, 0, 1
1745404658.779, 2.084, 2.371, -1.2272, -1.1556, -3.6587, -0.2302, 41.8292, 90.9298, 0, 1
1745404658.859, 2.085, 2.372, -1.2272, -1.1556, -3.6587, -0.2322, 41.8302, 90.9352, 0, 1
1745404658.939, 2.085, 2.371, -1.2272, -1.1556, -3.6587, -0.2315, 41.8309, 90.9410, 0, 1
1745404659.018, 2.085, 2.370, -1.2272, -1.1556, -3.6587, -0.2269, 41.8328, 90.9419, 0, 1
1745404659.098, 2.085, 2.369, -1.2272, -1.1556, -3.6587, -0.2239, 41.8342, 90.9433, 0, 1
1745404659.178, 2.085, 2.368, -1.2272, -1.1556, -3.6587, -0.2197, 41.8349, 90.9410, 0, 1
1745404659.257, 2.085, 2.368, -1.2272, -1.1556, -3.6587, -0.2144, 41.8348, 90.9362, 0, 1
1745404659.337, 2.085, 2.369, -1.2272, -1.1557, -3.6587, -0.2109, 41.8330, 90.9344, 0, 1
1745404659.416, 2.085, 2.370, -1.2273, -1.1556, -3.6587, -0.2063, 41.8343, 90.9295, 0, 1
1745404659.498, 2.085, 2.371, -1.2278, -1.1556, -3.6581, -0.1992, 41.8352, 90.9188, 0, 1
1745404659.576, 2.086, 2.372, -1.2295, -1.1556, -3.6563, -0.1811, 41.8298, 90.9021, 0, 1
1745404659.655, 2.086, 2.371, -1.2324, -1.1556, -3.6531, -0.1738, 41.7950, 90.8981, 0, 1
1745404659.735, 2.086, 2.370, -1.2365, -1.1557, -3.6484, -0.1773, 41.7670, 90.9011, 0, 1
1745404659.815, 2.085, 2.366, -1.2419, -1.1557, -3.6425, -0.1764, 41.7182, 90.8976, 0, 1
1745404659.895, 2.085, 2.359, -1.2475, -1.1559, -3.6362, -0.1837, 41.6763, 90.8966, 0, 1
1745404659.974, 2.084, 2.353, -1.2528, -1.1561, -3.6303, -0.1991, 41.6569, 90.8965, 0, 1
1745404660.054, 2.083, 2.344, -1.2576, -1.1561, -3.6250, -0.2201, 41.6787, 90.8942, 0, 1
1745404660.133, 2.083, 2.335, -1.2618, -1.1563, -3.6204, -0.2332, 41.7043, 90.8924, 0, 1
1745404660.213, 2.083, 2.326, -1.2658, -1.1564, -3.6161, -0.2568, 41.7558, 90.9125, 0, 1
1745404660.293, 2.083, 2.319, -1.2697, -1.1565, -3.6118, -0.2585, 41.8101, 90.9258, 0, 1
1745404660.372, 2.083, 2.312, -1.2740, -1.1567, -3.6072, -0.2558, 41.8466, 90.9433, 0, 1
1745404660.452, 2.084, 2.307, -1.2786, -1.1568, -3.6023, -0.2430, 41.8732, 90.9660, 0, 1
1745404660.532, 2.084, 2.302, -1.2830, -1.1570, -3.5975, -0.2340, 41.8904, 90.9872, 0, 1
1745404660.611, 2.083, 2.295, -1.2871, -1.1572, -3.5930, -0.2175, 41.9005, 91.0018, 0, 1
1745404660.691, 2.083, 2.289, -1.2905, -1.1573, -3.5894, -0.2171, 41.8985, 91.0263, 0, 1
1745404660.771, 2.083, 2.283, -1.2928, -1.1574, -3.5867, -0.2269, 41.8975, 91.0512, 0, 1
1745404660.850, 2.083, 2.277, -1.2942, -1.1575, -3.5852, -0.2277, 41.8959, 91.0607, 0, 1
1745404660.930, 2.083, 2.272, -1.2949, -1.1575, -3.5845, -0.2205, 41.8955, 91.0614, 0, 1
1745404661.009, 2.083, 2.270, -1.2950, -1.1574, -3.5843, -0.2214, 41.8926, 91.0611, 0, 1
1745404661.089, 2.083, 2.270, -1.2950, -1.1574, -3.5843, -0.2194, 41.8933, 91.0618, 0, 1
1745404661.169, 2.083, 2.270, -1.2950, -1.1574, -3.5843, -0.2155, 41.8958, 91.0633, 0, 1
1745404661.248, 2.083, 2.270, -1.2950, -1.1574, -3.5843, -0.2138, 41.8981, 91.0661, 0, 1
1745404661.328, 2.083, 2.271, -1.2950, -1.1574, -3.5843, -0.2131, 41.8992, 91.0669, 0, 1
1745404661.408, 2.083, 2.272, -1.2950, -1.1575, -3.5843, -0.2089, 41.9015, 91.0645, 0, 1
1745404661.487, 2.083, 2.271, -1.2951, -1.1574, -3.5843, -0.2088, 41.9034, 91.0622, 0, 1
1745404661.567, 2.083, 2.270, -1.2952, -1.1575, -3.5842, -0.2116, 41.9001, 91.0659, 0, 1
1745404661.647, 2.083, 2.270, -1.2956, -1.1574, -3.5837, -0.2166, 41.8936, 91.0737, 0, 1
1745404661.726, 2.082, 2.270, -1.2966, -1.1574, -3.5826, -0.2146, 41.8944, 91.0759, 0, 1
1745404661.806, 2.082, 2.268, -1.2983, -1.1575, -3.5808, -0.2062, 41.8838, 91.0841, 0, 1
1745404661.886, 2.082, 2.267, -1.3008, -1.1575, -3.5781, -0.1759, 41.8534, 91.0879, 0, 1
1745404661.965, 2.082, 2.265, -1.3039, -1.1576, -3.5747, -0.1438, 41.8176, 91.1000, 0, 1
1745404662.045, 2.082, 2.262, -1.3074, -1.1577, -3.5709, -0.0976, 41.7725, 91.1067, 0, 1
1745404662.125, 2.081, 2.258, -1.3110, -1.1578, -3.5670, -0.0612, 41.7241, 91.1245, 0, 1
1745404662.204, 2.081, 2.253, -1.3146, -1.1579, -3.5631, -0.0443, 41.6923, 91.1419, 0, 1
1745404662.284, 2.081, 2.249, -1.3182, -1.1580, -3.5592, -0.0584, 41.6700, 91.1786, 0, 1
1745404662.364, 2.080, 2.244, -1.3218, -1.1581, -3.5551, -0.0651, 41.6556, 91.2115, 0, 1
1745404662.443, 2.080, 2.238, -1.3254, -1.1581, -3.5511, -0.0665, 41.6460, 91.2444, 0, 1
1745404662.523, 2.080, 2.233, -1.3291, -1.1582, -3.5471, -0.0396, 41.6385, 91.2547, 0, 1
1745404662.602, 2.080, 2.227, -1.3328, -1.1582, -3.5431, -0.0228, 41.6232, 91.2711, 0, 1
1745404662.682, 2.080, 2.222, -1.3367, -1.1583, -3.5389, 0.0004, 41.6171, 91.2673, 0, 1
1745404662.762, 2.079, 2.217, -1.3405, -1.1584, -3.5347, 0.0122, 41.6096, 91.2520, 0, 1
1745404662.841, 2.079, 2.212, -1.3443, -1.1585, -3.5304, -0.0110, 41.5946, 91.2535, 0, 1
1745404662.921, 2.078, 2.206, -1.3482, -1.1587, -3.5260, -0.0529, 41.5603, 91.2765, 0, 1
1745404663.001, 2.078, 2.199, -1.3519, -1.1588, -3.5217, -0.0688, 41.5190, 91.2872, 0, 1
1745404663.080, 2.077, 2.193, -1.3555, -1.1589, -3.5177, -0.0738, 41.4601, 91.3042, 0, 1
1745404663.160, 2.076, 2.187, -1.3591, -1.1590, -3.5138, -0.0666, 41.3885, 91.3140, 0, 1
1745404663.240, 2.075, 2.181, -1.3626, -1.1592, -3.5099, -0.0300, 41.3315, 91.2986, 0, 1
1745404663.319, 2.073, 2.176, -1.3662, -1.1593, -3.5060, 0.0187, 41.2805, 91.2660, 0, 1
1745404663.399, 2.072, 2.171, -1.3700, -1.1595, -3.5019, 0.0682, 41.2195, 91.2354, 0, 1
1745404663.478, 2.070, 2.166, -1.3738, -1.1595, -3.4977, 0.1035, 41.1644, 91.2084, 0, 1
1745404663.558, 2.069, 2.160, -1.3777, -1.1597, -3.4933, 0.1311, 41.1185, 91.1932, 0, 1
1745404663.638, 2.068, 2.155, -1.3815, -1.1598, -3.4890, 0.1421, 41.0590, 91.1848, 0, 1
1745404663.717, 2.067, 2.148, -1.3854, -1.1599, -3.4846, 0.1272, 41.0107, 91.1957, 0, 1
1745404663.797, 2.066, 2.142, -1.3892, -1.1601, -3.4802, 0.1149, 40.9762, 91.1946, 0, 1
1745404663.877, 2.065, 2.135, -1.3930, -1.1602, -3.4758, 0.1147, 40.9431, 91.1703, 0, 1
1745404663.956, 2.066, 2.130, -1.3968, -1.1603, -3.4715, 0.0892, 40.9379, 91.1548, 0, 1
1745404664.036, 2.066, 2.124, -1.4006, -1.1604, -3.4671, 0.0626, 40.9544, 91.1417, 0, 1
1745404664.118, 2.065, 2.118, -1.4044, -1.1605, -3.4626, 0.0303, 40.9835, 91.1270, 0, 1
1745404664.195, 2.063, 2.112, -1.4082, -1.1606, -3.4583, -0.0192, 41.0267, 91.1183, 0, 1
1745404664.275, 2.062, 2.107, -1.4121, -1.1608, -3.4539, -0.0546, 41.0718, 91.0985, 0, 1
1745404664.355, 2.062, 2.100, -1.4160, -1.1610, -3.4495, -0.0500, 41.0978, 91.0506, 0, 1
1745404664.434, 2.061, 2.095, -1.4199, -1.1612, -3.4451, -0.0538, 41.1045, 91.0246, 0, 1
1745404664.514, 2.063, 2.088, -1.4238, -1.1614, -3.4408, -0.0449, 41.0947, 91.0017, 0, 1
1745404664.593, 2.064, 2.082, -1.4277, -1.1615, -3.4365, -0.0235, 41.0755, 90.9893, 0, 1
1745404664.673, 2.065, 2.076, -1.4315, -1.1617, -3.4322, -0.0213, 41.0441, 91.0127, 0, 1
1745404664.753, 2.063, 2.070, -1.4353, -1.1618, -3.4278, -0.0282, 40.9951, 91.0573, 0, 1
1745404664.832, 2.061, 2.063, -1.4392, -1.1619, -3.4235, -0.0055, 40.9451, 91.0774, 0, 1
1745404664.912, 2.061, 2.058, -1.4431, -1.1620, -3.4192, 0.0187, 40.8799, 91.1073, 0, 1
1745404664.992, 2.062, 2.052, -1.4471, -1.1622, -3.4147, 0.0463, 40.8095, 91.1342, 0, 1
1745404665.071, 2.063, 2.046, -1.4511, -1.1623, -3.4102, 0.0741, 40.7525, 91.1491, 0, 1
1745404665.151, 2.066, 2.040, -1.4550, -1.1624, -3.4057, 0.0836, 40.7001, 91.1671, 0, 1
1745404665.231, 2.070, 2.035, -1.4589, -1.1625, -3.4012, 0.0735, 40.6653, 91.1973, 0, 1
1745404665.310, 2.070, 2.029, -1.4627, -1.1626, -3.3968, 0.0713, 40.6322, 91.2090, 0, 1
1745404665.390, 2.071, 2.023, -1.4665, -1.1627, -3.3925, 0.0848, 40.5894, 91.2208, 0, 1
1745404665.470, 2.072, 2.018, -1.4702, -1.1628, -3.3882, 0.0960, 40.5659, 91.2308, 0, 1
1745404665.549, 2.071, 2.012, -1.4741, -1.1629, -3.3839, 0.1089, 40.5462, 91.2326, 0, 1
1745404665.629, 2.072, 2.006, -1.4780, -1.1630, -3.3794, 0.1035, 40.5192, 91.2505, 0, 1
1745404665.708, 2.071, 2.000, -1.4819, -1.1632, -3.3749, 0.0875, 40.4981, 91.2760, 0, 1
1745404665.788, 2.071, 1.994, -1.4858, -1.1634, -3.3703, 0.0521, 40.4672, 91.3086, 0, 1
1745404665.868, 2.069, 1.987, -1.4898, -1.1635, -3.3656, 0.0206, 40.4099, 91.3595, 0, 1
1745404665.947, 2.071, 1.981, -1.4937, -1.1637, -3.3610, 0.0160, 40.3550, 91.4084, 0, 1
1745404666.027, 2.072, 1.975, -1.4975, -1.1638, -3.3566, 0.0399, 40.2822, 91.4295, 0, 1
1745404666.107, 2.074, 1.968, -1.5013, -1.1639, -3.3522, 0.0731, 40.2041, 91.4411, 0, 1
1745404666.186, 2.076, 1.963, -1.5051, -1.1641, -3.3478, 0.1181, 40.1479, 91.4417, 0, 1
1745404666.266, 2.078, 1.957, -1.5089, -1.1642, -3.3435, 0.1682, 40.0847, 91.4292, 0, 1
1745404666.346, 2.078, 1.951, -1.5126, -1.1643, -3.3392, 0.1905, 40.0186, 91.4288, 0, 1
1745404666.425, 2.080, 1.946, -1.5164, -1.1645, -3.3348, 0.2029, 39.9635, 91.4422, 0, 1
1745404666.505, 2.084, 1.940, -1.5202, -1.1646, -3.3302, 0.1978, 39.9083, 91.4706, 0, 1
1745404666.585, 2.087, 1.934, -1.5239, -1.1648, -3.3257, 0.1706, 39.8569, 91.5120, 0, 1
1745404666.664, 2.092, 1.928, -1.5277, -1.1650, -3.3212, 0.1387, 39.8218, 91.5522, 0, 1
1745404739.361, 2.149, 1.651, -1.6744, -1.1747, -3.0955, 0.4178, 36.4434, 91.6542, 1, 1
1745404739.440, 2.149, 1.651, -1.6743, -1.1747, -3.0955, 0.4153, 36.4425, 91.6571, 1, 1
1745404739.520, 2.149, 1.651, -1.6743, -1.1747, -3.0955, 0.4120, 36.4431, 91.6602, 1, 1
1745404739.600, 2.149, 1.651, -1.6743, -1.1747, -3.0955, 0.4087, 36.4423, 91.6641, 1, 1
1745404739.679, 2.149, 1.651, -1.6743, -1.1746, -3.0955, 0.4078, 36.4410, 91.6698, 1, 1
1745404739.759, 2.150, 1.650, -1.6744, -1.1746, -3.0955, 0.4076, 36.4408, 91.6743, 1, 1
1745404739.839, 2.150, 1.650, -1.6744, -1.1746, -3.0955, 0.4069, 36.4404, 91.6759, 1, 1
1745404739.918, 2.150, 1.650, -1.6743, -1.1747, -3.0955, 0.4096, 36.4412, 91.6748, 1, 1
1745404739.998, 2.149, 1.650, -1.6743, -1.1747, -3.0955, 0.4144, 36.4428, 91.6696, 1, 1
1745404740.078, 2.149, 1.651, -1.6743, -1.1747, -3.0955, 0.4172, 36.4447, 91.6629, 1, 1
1745404740.159, 2.149, 1.651, -1.6743, -1.1747, -3.0955, 0.4198, 36.4476, 91.6553, 1, 1
1745404740.237, 2.149, 1.651, -1.6743, -1.1747, -3.0955, 0.4221, 36.4491, 91.6507, 1, 1
1745404740.317, 2.148, 1.651, -1.6743, -1.1747, -3.0954, 0.4227, 36.4500, 91.6464, 1, 1
1745404740.396, 2.149, 1.651, -1.6743, -1.1747, -3.0954, 0.4223, 36.4498, 91.6440, 1, 1
1745404740.476, 2.149, 1.652, -1.6742, -1.1747, -3.0954, 0.4219, 36.4479, 91.6436, 1, 1
1745404740.555, 2.149, 1.651, -1.6742, -1.1747, -3.0954, 0.4222, 36.4446, 91.6462, 1, 1
1745404740.635, 2.149, 1.651, -1.6743, -1.1747, -3.0954, 0.4201, 36.4410, 91.6510, 1, 1
1745404740.717, 2.150, 1.651, -1.6742, -1.1747, -3.0954, 0.4165, 36.4379, 91.6558, 1, 1
1745404740.794, 2.149, 1.650, -1.6743, -1.1747, -3.0954, 0.4147, 36.4356, 91.6610, 1, 1
1745404740.874, 2.149, 1.650, -1.6743, -1.1747, -3.0954, 0.4127, 36.4341, 91.6666, 1, 1
1745404740.954, 2.150, 1.651, -1.6743, -1.1746, -3.0954, 0.4072, 36.4361, 91.6721, 1, 1
1745404741.033, 2.149, 1.651, -1.6743, -1.1747, -3.0954, 0.4069, 36.4382, 91.6706, 1, 1
1745404741.115, 2.149, 1.651, -1.6743, -1.1747, -3.0954, 0.4087, 36.4399, 91.6717, 1, 1
1745404741.192, 2.149, 1.651, -1.6743, -1.1747, -3.0954, 0.4096, 36.4415, 91.6728, 1, 1
1745404741.272, 2.149, 1.651, -1.6743, -1.1747, -3.0954, 0.4095, 36.4425, 91.6711, 1, 1
1745404741.352, 2.149, 1.651, -1.6742, -1.1747, -3.0954, 0.4147, 36.4414, 91.6671, 1, 1
1745404741.432, 2.149, 1.651, -1.6742, -1.1747, -3.0954, 0.4193, 36.4410, 91.6668, 1, 1
1745404741.511, 2.149, 1.651, -1.6742, -1.1747, -3.0954, 0.4236, 36.4403, 91.6626, 1, 1
1745404797.024, 2.149, 1.974, -1.4578, -1.1671, -3.3377, 0.2471, 37.3941, 91.7166, 0, 1
1745404797.104, 2.149, 2.297, -1.2414, -1.1595, -3.5800, 0.0699, 38.3480, 91.7742, 0, 1
1745404797.183, 2.148, 2.620, -1.0250, -1.1519, -3.8224, -0.1085, 39.3008, 91.8321, 0, 1
1745404797.263, 2.148, 2.943, -0.8086, -1.1442, -4.0647, -0.2901, 40.2558, 91.8912, 0, 1
1745404797.342, 2.147, 3.266, -0.5922, -1.1366, -4.3070, -0.4714, 41.2109, 91.9504, 0, 1
1745404797.422, 2.147, 3.265, -0.5922, -1.1366, -4.3070, -0.4724, 41.2127, 91.9496, 0, 1
1745404797.502, 2.147, 3.264, -0.5922, -1.1367, -4.3071, -0.4740, 41.2146, 91.9490, 0, 1
1745404797.581, 2.147, 3.263, -0.5921, -1.1367, -4.3071, -0.4760, 41.2170, 91.9492, 0, 1
1745404797.661, 2.147, 3.263, -0.5921, -1.1367, -4.3071, -0.4755, 41.2178, 91.9472, 0, 1
1745404797.741, 2.147, 3.262, -0.5921, -1.1367, -4.3071, -0.4766, 41.2197, 91.9476, 0, 1
1745404797.820, 2.147, 3.263, -0.5921, -1.1367, -4.3072, -0.4794, 41.2207, 91.9492, 0, 1
1745404797.900, 2.147, 3.263, -0.5921, -1.1367, -4.3072, -0.4827, 41.2217, 91.9523, 0, 1
1745404797.980, 2.147, 3.263, -0.5921, -1.1367, -4.3071, -0.4868, 41.2218, 91.9571, 0, 1
1745404798.059, 2.147, 3.263, -0.5921, -1.1367, -4.3071, -0.4922, 41.2198, 91.9631, 0, 1
1745404798.139, 2.147, 3.263, -0.5921, -1.1366, -4.3071, -0.4974, 41.2188, 91.9684, 0, 1
1745404798.218, 2.146, 3.263, -0.5921, -1.1366, -4.3071, -0.5010, 41.2164, 91.9737, 0, 1
1745404798.298, 2.146, 3.264, -0.5921, -1.1366, -4.3070, -0.5009, 41.2148, 91.9717, 0, 1
1745404798.378, 2.147, 3.264, -0.5921, -1.1366, -4.3071, -0.5002, 41.2146, 91.9674, 0, 1
1745404798.457, 2.147, 3.264, -0.5921, -1.1366, -4.3070, -0.4989, 41.2154, 91.9623, 0, 1
1745404798.537, 2.147, 3.264, -0.5921, -1.1366, -4.3070, -0.4963, 41.2131, 91.9564, 0, 1
1745404798.617, 2.147, 3.263, -0.5921, -1.1366, -4.3070, -0.4948, 41.2128, 91.9515, 0, 1
1745404798.696, 2.147, 3.263, -0.5921, -1.1367, -4.3070, -0.4951, 41.2134, 91.9494, 0, 1
1745404798.776, 2.147, 3.264, -0.5921, -1.1367, -4.3070, -0.4975, 41.2123, 91.9510, 0, 1
1745404798.856, 2.147, 3.265, -0.5921, -1.1367, -4.3070, -0.4993, 41.2117, 91.9522, 0, 1
1745404798.935, 2.147, 3.266, -0.5921, -1.1367, -4.3070, -0.5029, 41.2113, 91.9545, 0, 1
1745404799.015, 2.147, 3.266, -0.5921, -1.1366, -4.3070, -0.5061, 41.2114, 91.9564, 0, 1
1745404799.095, 2.147, 3.267, -0.5920, -1.1366, -4.3071, -0.5074, 41.2105, 91.9595, 0, 1
1745404799.174, 2.147, 3.267, -0.5920, -1.1366, -4.3071, -0.5067, 41.2106, 91.9610, 0, 1
1745404799.254, 2.147, 3.267, -0.5920, -1.1366, -4.3071, -0.5035, 41.2109, 91.9630, 0, 1
1745404799.334, 2.146, 3.267, -0.5920, -1.1366, -4.3071, -0.4967, 41.2128, 91.9624, 0, 1
1745404799.413, 2.146, 3.266, -0.5921, -1.1366, -4.3070, -0.4895, 41.2153, 91.9602, 0, 1
1745404799.493, 2.147, 3.266, -0.5921, -1.1366, -4.3070, -0.4834, 41.2184, 91.9560, 0, 1
1745404799.573, 2.147, 3.266, -0.5921, -1.1366, -4.3070, -0.4789, 41.2223, 91.9514, 0, 1
1745404799.652, 2.147, 3.266, -0.5921, -1.1366, -4.3070, -0.4785, 41.2212, 91.9465, 0, 1
1745404799.732, 2.147, 3.265, -0.5924, -1.1366, -4.3066, -0.4862, 41.2185, 91.9487, 0, 1
1745404799.812, 2.147, 3.266, -0.5934, -1.1366, -4.3055, -0.5008, 41.2174, 91.9459, 0, 1
1745404799.891, 2.147, 3.265, -0.5952, -1.1367, -4.3034, -0.5159, 41.1947, 91.9346, 0, 1
1745404799.971, 2.147, 3.264, -0.5982, -1.1369, -4.2999, -0.5431, 41.1508, 91.9223, 0, 1
1745404800.050, 2.147, 3.262, -0.6022, -1.1370, -4.2953, -0.5772, 41.0971, 91.9060, 0, 1
1745404800.130, 2.147, 3.258, -0.6069, -1.1372, -4.2899, -0.5885, 41.0343, 91.8582, 0, 1
1745404800.210, 2.147, 3.252, -0.6120, -1.1374, -4.2841, -0.5672, 40.9547, 91.7862, 0, 1
1745404800.289, 2.146, 3.246, -0.6171, -1.1376, -4.2784, -0.5411, 40.8849, 91.7179, 0, 1
1745404800.369, 2.146, 3.238, -0.6222, -1.1377, -4.2728, -0.4920, 40.8064, 91.6437, 0, 1
1745404800.449, 2.146, 3.230, -0.6274, -1.1380, -4.2670, -0.4195, 40.7032, 91.5693, 0, 1
1745404800.528, 2.145, 3.223, -0.6329, -1.1381, -4.2608, -0.3660, 40.5575, 91.5357, 0, 1
1745404800.608, 2.146, 3.216, -0.6387, -1.1384, -4.2540, -0.3618, 40.3929, 91.5362, 0, 1
1745404800.688, 2.146, 3.208, -0.6449, -1.1388, -4.2468, -0.3350, 40.1901, 91.5354, 0, 1
1745404800.767, 2.147, 3.198, -0.6513, -1.1391, -4.2392, -0.3462, 39.9871, 91.5549, 0, 1
1745404800.847, 2.148, 3.188, -0.6575, -1.1394, -4.2316, -0.3886, 39.7985, 91.5910, 0, 1
1745404800.927, 2.148, 3.179, -0.6636, -1.1398, -4.2242, -0.4172, 39.6365, 91.6016, 0, 1
1745404801.006, 2.148, 3.168, -0.6696, -1.1400, -4.2171, -0.4131, 39.4913, 91.6003, 0, 1
1745404801.086, 2.148, 3.158, -0.6753, -1.1400, -4.2101, -0.4224, 39.3859, 91.5968, 0, 1
1745404801.165, 2.148, 3.149, -0.6811, -1.1402, -4.2033, -0.3899, 39.2931, 91.5746, 0, 1
1745404801.245, 2.148, 3.140, -0.6870, -1.1404, -4.1965, -0.3363, 39.2135, 91.5347, 0, 1
1745404801.325, 2.148, 3.129, -0.6929, -1.1406, -4.1895, -0.2863, 39.1481, 91.5020, 0, 1
1745404801.404, 2.148, 3.121, -0.6989, -1.1408, -4.1824, -0.2544, 39.0780, 91.4936, 0, 1
1745404801.604, 2.148, 3.109, -0.7066, -1.1412, -4.1729, -0.2761, 38.9535, 91.5301, 0, 1
1745404801.683, 2.149, 3.098, -0.7142, -1.1416, -4.1634, -0.3211, 38.8362, 91.5683, 0, 1
1745404801.763, 2.149, 3.087, -0.7218, -1.1420, -4.1539, -0.3800, 38.7060, 91.6123, 0, 1
1745404801.842, 2.150, 3.075, -0.7293, -1.1423, -4.1443, -0.4488, 38.5699, 91.6570, 0, 1
1745404801.922, 2.150, 3.063, -0.7367, -1.1426, -4.1349, -0.5040, 38.4518, 91.6715, 0, 1
1745404802.002, 2.151, 3.055, -0.7425, -1.1429, -4.1278, -0.4982, 38.3771, 91.6189, 0, 1
1745404802.081, 2.151, 3.047, -0.7482, -1.1431, -4.1207, -0.4816, 38.2979, 91.5613, 0, 1
1745404802.161, 2.152, 3.038, -0.7538, -1.1434, -4.1139, -0.4397, 38.2215, 91.5024, 0, 1
1745404802.241, 2.153, 3.031, -0.7586, -1.1437, -4.1082, -0.3935, 38.1607, 91.4465, 0, 1
1745404802.320, 2.154, 3.023, -0.7623, -1.1438, -4.1039, -0.3510, 38.1004, 91.4023, 0, 1
1745404802.400, 2.154, 3.014, -0.7646, -1.1439, -4.1011, -0.3304, 38.0585, 91.3910, 0, 1
1745404802.480, 2.154, 3.007, -0.7658, -1.1439, -4.0997, -0.3102, 38.0314, 91.3896, 0, 1
1745404802.559, 2.154, 3.000, -0.7660, -1.1440, -4.0995, -0.3068, 38.0248, 91.3897, 0, 1
1745404802.639, 2.154, 2.995, -0.7659, -1.1439, -4.0996, -0.3036, 38.0188, 91.3893, 0, 1
1745404802.718, 2.154, 2.993, -0.7659, -1.1440, -4.0997, -0.3027, 38.0159, 91.3922, 0, 1
1745404802.798, 2.154, 2.993, -0.7659, -1.1440, -4.0998, -0.3030, 38.0162, 91.3959, 0, 1
1745404802.878, 2.154, 2.995, -0.7658, -1.1440, -4.0998, -0.3046, 38.0154, 91.3978, 0, 1
1745404802.957, 2.153, 2.996, -0.7659, -1.1440, -4.0998, -0.3045, 38.0158, 91.4002, 0, 1
1745404803.037, 2.154, 2.997, -0.7659, -1.1441, -4.0998, -0.3043, 38.0183, 91.4003, 0, 1
1745404803.117, 2.154, 2.997, -0.7659, -1.1441, -4.0998, -0.3030, 38.0193, 91.3985, 0, 1
1745404803.196, 2.154, 2.998, -0.7659, -1.1441, -4.0999, -0.2992, 38.0201, 91.3970, 0, 1
1745404803.276, 2.154, 2.997, -0.7659, -1.1441, -4.0999, -0.2970, 38.0202, 91.3981, 0, 1
1745404803.356, 2.154, 2.996, -0.7659, -1.1441, -4.1000, -0.2956, 38.0204, 91.3969, 0, 1
1745404803.435, 2.154, 2.995, -0.7659, -1.1441, -4.1000, -0.2953, 38.0221, 91.3978, 0, 1
1745404803.515, 2.154, 2.996, -0.7659, -1.1441, -4.1000, -0.2949, 38.0243, 91.4003, 0, 1
1745404803.595, 2.154, 2.996, -0.7659, -1.1441, -4.1000, -0.2966, 38.0253, 91.4032, 0, 1
1745404803.674, 2.154, 2.996, -0.7659, -1.1441, -4.1000, -0.2961, 38.0267, 91.4029, 0, 1
1745404803.754, 2.154, 2.996, -0.7659, -1.1441, -4.1001, -0.2959, 38.0279, 91.4045, 0, 1
1745404803.834, 2.154, 2.996, -0.7659, -1.1441, -4.1001, -0.2960, 38.0276, 91.4064, 0, 1
1745404803.913, 2.154, 2.996, -0.7659, -1.1441, -4.1001, -0.2966, 38.0260, 91.4079, 0, 1
1745404803.993, 2.154, 2.996, -0.7659, -1.1441, -4.1001, -0.2973, 38.0246, 91.4094, 0, 1
1745404804.074, 2.154, 2.998, -0.7659, -1.1441, -4.1002, -0.2998, 38.0229, 91.4129, 0, 1
1745404804.272, 2.154, 2.998, -0.7659, -1.1442, -4.1002, -0.3033, 38.0228, 91.4164, 0, 1
1745404804.351, 2.154, 2.998, -0.7659, -1.1441, -4.1002, -0.3092, 38.0176, 91.4235, 0, 1
1745404804.431, 2.154, 2.998, -0.7662, -1.1441, -4.0998, -0.3103, 38.0022, 91.4241, 0, 1
1745404804.510, 2.154, 2.996, -0.7672, -1.1442, -4.0987, -0.2979, 37.9815, 91.4209, 0, 1
1745404804.590, 2.154, 2.994, -0.7691, -1.1443, -4.0963, -0.2823, 37.9311, 91.4213, 0, 1
1745404804.670, 2.154, 2.993, -0.7720, -1.1444, -4.0925, -0.2914, 37.8451, 91.4368, 0, 1
1745404804.869, 2.155, 2.988, -0.7771, -1.1446, -4.0860, -0.2717, 37.6892, 91.4382, 0, 1
1745404804.949, 2.156, 2.983, -0.7825, -1.1448, -4.0790, -0.2686, 37.5474, 91.4518, 0, 1
1745404805.028, 2.157, 2.977, -0.7879, -1.1451, -4.0719, -0.2943, 37.3875, 91.4767, 0, 1
1745404805.108, 2.158, 2.970, -0.7931, -1.1453, -4.0650, -0.3321, 37.2386, 91.5111, 0, 1
1745404805.188, 2.159, 2.962, -0.7980, -1.1455, -4.0585, -0.3442, 37.1090, 91.5264, 0, 1
1745404807.438, 2.160, 2.944, -0.8072, -1.1458, -4.0460, -0.3562, 36.9515, 91.5354, 0, 1
1745404807.517, 2.161, 2.926, -0.8159, -1.1461, -4.0344, -0.3629, 36.7938, 91.5408, 0, 1
1745404807.597, 2.161, 2.911, -0.8240, -1.1464, -4.0236, -0.3533, 36.6632, 91.5409, 0, 1
1745404807.677, 2.162, 2.898, -0.8312, -1.1466, -4.0138, -0.3310, 36.5492, 91.5240, 0, 1
1745404807.756, 2.162, 2.886, -0.8377, -1.1468, -4.0050, -0.3056, 36.4499, 91.5095, 0, 1
1745404807.836, 2.162, 2.887, -0.8377, -1.1468, -4.0050, -0.3065, 36.4539, 91.5111, 0, 1
1745404807.915, 2.162, 2.887, -0.8377, -1.1468, -4.0050, -0.2960, 36.4545, 91.5064, 0, 1
1745404807.995, 2.162, 2.887, -0.8377, -1.1467, -4.0049, -0.2831, 36.4514, 91.4971, 0, 1
1745404808.074, 2.162, 2.887, -0.8377, -1.1467, -4.0049, -0.2751, 36.4518, 91.4914, 0, 1
1745404808.154, 2.162, 2.888, -0.8377, -1.1467, -4.0049, -0.2673, 36.4507, 91.4862, 0, 1
1745404808.234, 2.162, 2.887, -0.8377, -1.1467, -4.0049, -0.2639, 36.4479, 91.4826, 0, 1
1745404808.314, 2.163, 2.889, -0.8377, -1.1467, -4.0049, -0.2608, 36.4461, 91.4808, 0, 1
1745404808.393, 2.163, 2.888, -0.8377, -1.1468, -4.0050, -0.2563, 36.4460, 91.4772, 0, 1
1745404808.473, 2.162, 2.886, -0.8377, -1.1467, -4.0049, -0.2490, 36.4437, 91.4718, 0, 1
1745404808.553, 2.162, 2.884, -0.8377, -1.1468, -4.0050, -0.2503, 36.4421, 91.4711, 0, 1
1745404808.632, 2.162, 2.884, -0.8377, -1.1468, -4.0050, -0.2573, 36.4406, 91.4742, 0, 1
1745404808.712, 2.162, 2.883, -0.8377, -1.1468, -4.0051, -0.2669, 36.4410, 91.4784, 0, 1
1745404808.791, 2.162, 2.883, -0.8377, -1.1468, -4.0050, -0.2811, 36.4394, 91.4857, 0, 1
1745404808.871, 2.162, 2.884, -0.8377, -1.1468, -4.0050, -0.3005, 36.4393, 91.4980, 0, 1
1745404808.951, 2.162, 2.885, -0.8375, -1.1467, -4.0051, -0.3070, 36.4405, 91.5066, 0, 1
1745404809.030, 2.162, 2.885, -0.8368, -1.1467, -4.0060, -0.3085, 36.4611, 91.5088, 0, 1
1745404809.110, 2.162, 2.885, -0.8352, -1.1465, -4.0080, -0.3136, 36.5125, 91.5154, 0, 1
1745404809.190, 2.161, 2.886, -0.8324, -1.1465, -4.0117, -0.3325, 36.5951, 91.5286, 0, 1
1745404809.269, 2.154, 2.888, -0.8283, -1.1462, -4.0170, -0.3586, 36.6913, 91.5480, 0, 1
1745404809.349, 2.146, 2.889, -0.8228, -1.1461, -4.0240, -0.4017, 36.8212, 91.5632, 0, 1
1745404809.429, 2.137, 2.894, -0.8166, -1.1458, -4.0320, -0.4412, 36.9615, 91.5883, 0, 1
1745404809.508, 2.135, 2.901, -0.8100, -1.1456, -4.0405, -0.4654, 37.0951, 91.6046, 0, 1
1745404809.588, 2.136, 2.913, -0.8035, -1.1453, -4.0491, -0.4396, 37.2235, 91.5985, 0, 1
1745404809.667, 2.143, 2.924, -0.7973, -1.1451, -4.0574, -0.4168, 37.3543, 91.5770, 0, 1
1745404809.747, 2.150, 2.935, -0.7913, -1.1448, -4.0654, -0.3825, 37.4859, 91.5582, 0, 1
1745404809.827, 2.158, 2.946, -0.7855, -1.1447, -4.0732, -0.3274, 37.6217, 91.5222, 0, 1
1745404809.906, 2.160, 2.956, -0.7798, -1.1445, -4.0809, -0.2960, 37.7448, 91.4863, 0, 1
1745404809.986, 2.159, 2.965, -0.7737, -1.1444, -4.0886, -0.3216, 37.8613, 91.4723, 0, 1
1745404810.066, 2.158, 2.973, -0.7675, -1.1444, -4.0965, -0.3388, 37.9798, 91.4645, 0, 1
1745404810.145, 2.157, 2.982, -0.7612, -1.1442, -4.1044, -0.3868, 38.0689, 91.5009, 0, 1
1745404810.225, 2.156, 2.991, -0.7548, -1.1440, -4.1124, -0.4574, 38.1376, 91.5551, 0, 1
1745404810.305, 2.155, 3.002, -0.7483, -1.1438, -4.1204, -0.5086, 38.2137, 91.6131, 0, 1
1745404810.384, 2.155, 3.011, -0.7419, -1.1434, -4.1284, -0.5388, 38.2997, 91.6761, 0, 1
1745404810.464, 2.154, 3.022, -0.7356, -1.1430, -4.1364, -0.5386, 38.3866, 91.7312, 0, 1
1745404810.543, 2.153, 3.034, -0.7294, -1.1428, -4.1445, -0.4900, 38.4779, 91.7331, 0, 1
1745404810.623, 2.153, 3.044, -0.7233, -1.1426, -4.1525, -0.4233, 38.5828, 91.7167, 0, 1
1745404810.703, 2.152, 3.054, -0.7171, -1.1422, -4.1605, -0.3651, 38.6793, 91.6801, 0, 1
1745404810.782, 2.152, 3.064, -0.7110, -1.1419, -4.1685, -0.3151, 38.7650, 91.6463, 0, 1
1745404810.862, 2.151, 3.074, -0.7046, -1.1415, -4.1763, -0.3018, 38.8559, 91.6284, 0, 1
1745404810.942, 2.150, 3.084, -0.6982, -1.1412, -4.1842, -0.3147, 38.9575, 91.6191, 0, 1
1745404811.021, 2.149, 3.093, -0.6916, -1.1412, -4.1923, -0.3542, 39.0523, 91.6231, 0, 1
1745404811.101, 2.148, 3.102, -0.6849, -1.1410, -4.2003, -0.4045, 39.1595, 91.6629, 0, 1
1745404811.181, 2.148, 3.112, -0.6783, -1.1408, -4.2082, -0.4412, 39.2717, 91.6819, 0, 1
1745404811.260, 2.148, 3.122, -0.6726, -1.1407, -4.2153, -0.4527, 39.3731, 91.6759, 0, 1
1745404811.340, 2.148, 3.131, -0.6681, -1.1405, -4.2207, -0.4579, 39.4508, 91.6759, 0, 1
1745404811.420, 2.148, 3.141, -0.6651, -1.1402, -4.2244, -0.4545, 39.5061, 91.6724, 0, 1
1745404811.501, 2.148, 3.148, -0.6634, -1.1401, -4.2264, -0.4400, 39.5364, 91.6528, 0, 1
1745404811.579, 2.148, 3.153, -0.6630, -1.1401, -4.2271, -0.4330, 39.5431, 91.6401, 0, 1
1745404811.659, 2.148, 3.156, -0.6634, -1.1402, -4.2267, -0.4456, 39.5447, 91.6544, 0, 1
1745404811.738, 2.148, 3.159, -0.6648, -1.1402, -4.2249, -0.4747, 39.5200, 91.6664, 0, 1
1745404811.818, 2.148, 3.159, -0.6680, -1.1403, -4.2209, -0.4828, 39.4423, 91.6590, 0, 1
1745404811.898, 2.147, 3.157, -0.6736, -1.1403, -4.2142, -0.4643, 39.3360, 91.6413, 0, 1
1745404811.977, 2.148, 3.153, -0.6813, -1.1406, -4.2049, -0.4207, 39.2109, 91.5989, 0, 1
1745404812.057, 2.148, 3.142, -0.6907, -1.1409, -4.1934, -0.3818, 39.0267, 91.5740, 0, 1
1745404812.136, 2.148, 3.131, -0.7010, -1.1413, -4.1809, -0.3511, 38.8367, 91.5777, 0, 1
1745404812.216, 2.148, 3.117, -0.7107, -1.1417, -4.1688, -0.3527, 38.6619, 91.5990, 0, 1
1745404812.296, 2.149, 3.101, -0.7195, -1.1423, -4.1578, -0.4037, 38.5146, 91.6371, 0, 1
1745404812.375, 2.150, 3.085, -0.7273, -1.1426, -4.1478, -0.4747, 38.3574, 91.6928, 0, 1
1745404812.455, 2.151, 3.072, -0.7344, -1.1428, -4.1386, -0.5321, 38.2420, 91.7054, 0, 1
1745404812.575, 2.153, 3.056, -0.7422, -1.1432, -4.1289, -0.5328, 38.1215, 91.6492, 0, 1
1745404812.654, 2.154, 3.043, -0.7501, -1.1435, -4.1190, -0.5071, 37.9868, 91.5912, 0, 1
1745404812.734, 2.155, 3.033, -0.7582, -1.1438, -4.1088, -0.4375, 37.8069, 91.5321, 0, 1
1745404812.813, 2.156, 3.021, -0.7661, -1.1442, -4.0987, -0.3947, 37.6223, 91.4872, 0, 1
1745404812.893, 2.156, 3.010, -0.7736, -1.1447, -4.0892, -0.3436, 37.4267, 91.4641, 0, 1
1745404812.973, 2.157, 2.998, -0.7794, -1.1449, -4.0817, -0.3066, 37.2343, 91.4736, 0, 1
1745404813.052, 2.158, 2.988, -0.7841, -1.1450, -4.0755, -0.2838, 37.0740, 91.4790, 0, 1
1745404813.132, 2.159, 2.976, -0.7881, -1.1452, -4.0702, -0.3164, 36.9693, 91.4944, 0, 1
1745404813.212, 2.160, 2.969, -0.7919, -1.1452, -4.0650, -0.3343, 36.8693, 91.5170, 0, 1
1745404813.291, 2.161, 2.962, -0.7959, -1.1453, -4.0597, -0.3641, 36.7504, 91.5289, 0, 1
1745404813.371, 2.159, 2.956, -0.8003, -1.1457, -4.0536, -0.4050, 36.6498, 91.5461, 0, 1
1745404813.451, 2.158, 2.950, -0.8054, -1.1460, -4.0467, -0.4157, 36.5568, 91.5534, 0, 1
1745404813.530, 2.151, 2.944, -0.8110, -1.1462, -4.0393, -0.3925, 36.4382, 91.5532, 0, 1
1745404813.610, 2.143, 2.937, -0.8168, -1.1465, -4.0317, -0.3549, 36.3384, 91.5281, 0, 1
1745404813.690, 2.140, 2.929, -0.8227, -1.1466, -4.0238, -0.3048, 36.2538, 91.5022, 0, 1
1745404813.769, 2.142, 2.921, -0.8287, -1.1468, -4.0158, -0.2735, 36.1565, 91.5013, 0, 1
1745404813.849, 2.144, 2.913, -0.8348, -1.1469, -4.0074, -0.2802, 36.0450, 91.5287, 0, 1
1745404813.928, 2.152, 2.903, -0.8409, -1.1472, -3.9989, -0.3039, 35.9230, 91.5581, 0, 1
1745404814.008, 2.162, 2.894, -0.8470, -1.1475, -3.9903, -0.3386, 35.7864, 91.5975, 0, 1
1745404814.088, 2.167, 2.884, -0.8530, -1.1477, -3.9817, -0.4000, 35.6667, 91.6348, 0, 1
1745404814.167, 2.170, 2.874, -0.8589, -1.1480, -3.9733, -0.4539, 35.5663, 91.6554, 0, 1
1745404814.247, 2.173, 2.865, -0.8648, -1.1482, -3.9651, -0.4823, 35.5714, 91.6349, 0, 1
1745404814.327, 2.175, 2.855, -0.8709, -1.1483, -3.9571, -0.4868, 35.7215, 91.5893, 0, 1
1745404814.406, 2.177, 2.844, -0.8772, -1.1485, -3.9495, -0.4669, 36.0754, 91.5209, 0, 1
1745404814.486, 2.178, 2.832, -0.8837, -1.1487, -3.9420, -0.4246, 36.6055, 91.4711, 0, 1
1745404814.566, 2.176, 2.820, -0.8904, -1.1491, -3.9347, -0.4011, 37.3149, 91.4282, 0, 1
1745404814.645, 2.174, 2.808, -0.8972, -1.1493, -3.9273, -0.3804, 37.9462, 91.4081, 0, 1
1745404814.725, 2.172, 2.797, -0.9039, -1.1496, -3.9199, -0.3435, 38.4430, 91.4008, 0, 1
1745404814.805, 2.169, 2.787, -0.9105, -1.1498, -3.9124, -0.3437, 38.7634, 91.4105, 0, 1
1745404814.884, 2.167, 2.777, -0.9170, -1.1500, -3.9048, -0.3721, 38.9073, 91.4266, 0, 1
1745404814.964, 2.166, 2.768, -0.9233, -1.1501, -3.8970, -0.3777, 38.8617, 91.4119, 0, 1
1745404815.044, 2.166, 2.758, -0.9296, -1.1504, -3.8894, -0.3675, 38.8205, 91.3793, 0, 1
1745404815.123, 2.166, 2.748, -0.9359, -1.1507, -3.8818, -0.3588, 38.8011, 91.3393, 0, 1
1745404815.203, 2.166, 2.738, -0.9422, -1.1510, -3.8744, -0.3148, 38.7694, 91.2871, 0, 1
1745404815.283, 2.167, 2.727, -0.9485, -1.1512, -3.8671, -0.2435, 38.7600, 91.2066, 0, 1
1745404815.362, 2.167, 2.717, -0.9548, -1.1513, -3.8597, -0.1661, 38.7602, 91.1557, 0, 1
1745404815.442, 2.167, 2.707, -0.9611, -1.1515, -3.8522, -0.1331, 38.7412, 91.1476, 0, 1
1745404815.521, 2.167, 2.697, -0.9674, -1.1516, -3.8445, -0.1461, 38.7100, 91.1645, 0, 1
1745404815.601, 2.167, 2.688, -0.9737, -1.1518, -3.8365, -0.1963, 38.6666, 91.2122, 0, 1
1745404815.681, 2.167, 2.679, -0.9800, -1.1520, -3.8284, -0.2564, 38.6061, 91.2580, 0, 1
1745404815.760, 2.167, 2.668, -0.9864, -1.1523, -3.8204, -0.3472, 38.5495, 91.2985, 0, 1
1745404815.840, 2.167, 2.657, -0.9926, -1.1524, -3.8125, -0.4279, 38.5265, 91.3194, 0, 1
1745404815.920, 2.168, 2.646, -0.9987, -1.1526, -3.8048, -0.4574, 38.5002, 91.2993, 0, 1
1745404815.999, 2.169, 2.635, -1.0049, -1.1527, -3.7973, -0.4461, 38.4874, 91.2366, 0, 1
1745404816.079, 2.169, 2.625, -1.0111, -1.1529, -3.7898, -0.4070, 38.4569, 91.1800, 0, 1
1745404816.158, 2.170, 2.616, -1.0173, -1.1531, -3.7823, -0.3352, 38.4098, 91.1163, 0, 1
1745404816.238, 2.170, 2.607, -1.0237, -1.1532, -3.7746, -0.2705, 38.3344, 91.0628, 0, 1
1745404816.318, 2.170, 2.598, -1.0302, -1.1535, -3.7667, -0.2173, 38.2393, 91.0417, 0, 1
1745404816.398, 2.171, 2.588, -1.0366, -1.1537, -3.7587, -0.1724, 38.1208, 91.0420, 0, 1
1745404816.477, 2.171, 2.579, -1.0430, -1.1539, -3.7507, -0.1997, 38.0170, 91.0666, 0, 1
1745404816.557, 2.172, 2.569, -1.0491, -1.1540, -3.7426, -0.2620, 37.9348, 91.1114, 0, 1
1745404816.637, 2.173, 2.558, -1.0553, -1.1541, -3.7346, -0.3129, 37.8298, 91.1425, 0, 1
1745404816.716, 2.175, 2.549, -1.0613, -1.1542, -3.7268, -0.3547, 37.7535, 91.1447, 0, 1
1745404816.796, 2.175, 2.539, -1.0673, -1.1543, -3.7189, -0.3948, 37.6970, 91.1516, 0, 1
1745404816.875, 2.176, 2.529, -1.0734, -1.1543, -3.7111, -0.3828, 37.6375, 91.1360, 0, 1
1745404816.957, 2.177, 2.521, -1.0796, -1.1544, -3.7033, -0.3513, 37.5916, 91.1062, 0, 1
1745404817.035, 2.177, 2.513, -1.0858, -1.1546, -3.6955, -0.3116, 37.5683, 91.0818, 0, 1
1745404817.115, 2.178, 2.503, -1.0919, -1.1546, -3.6875, -0.3124, 37.5323, 91.0968, 0, 1
1745404817.194, 2.178, 2.493, -1.0981, -1.1547, -3.6794, -0.3408, 37.4923, 91.1291, 0, 1
1745404817.274, 2.179, 2.484, -1.1041, -1.1549, -3.6714, -0.4230, 37.4704, 91.2046, 0, 1
1745404817.353, 2.179, 2.474, -1.1095, -1.1551, -3.6641, -0.4769, 37.4213, 91.2583, 0, 1
1745404817.433, 2.180, 2.464, -1.1136, -1.1552, -3.6583, -0.5548, 37.3719, 91.3159, 0, 1
1745404817.513, 2.181, 2.454, -1.1166, -1.1554, -3.6543, -0.6164, 37.3408, 91.3549, 0, 1
1745404817.592, 2.181, 2.447, -1.1182, -1.1554, -3.6519, -0.6630, 37.3237, 91.3755, 0, 1
1745404817.672, 2.182, 2.443, -1.1187, -1.1554, -3.6510, -0.6671, 37.2965, 91.3617, 0, 1
1745404817.752, 2.182, 2.440, -1.1187, -1.1554, -3.6510, -0.6960, 37.2864, 91.3647, 0, 1
1745404817.831, 2.182, 2.437, -1.1186, -1.1554, -3.6509, -0.7070, 37.2884, 91.3602, 0, 1
1745404817.911, 2.182, 2.438, -1.1186, -1.1553, -3.6508, -0.7112, 37.2864, 91.3530, 0, 1
1745404817.991, 2.182, 2.438, -1.1186, -1.1554, -3.6507, -0.7166, 37.2860, 91.3509, 0, 1
1745404818.070, 2.182, 2.438, -1.1185, -1.1553, -3.6506, -0.7119, 37.2866, 91.3423, 0, 1
1745404818.150, 2.182, 2.437, -1.1184, -1.1552, -3.6505, -0.7094, 37.2866, 91.3353, 0, 1
1745404818.229, 2.182, 2.437, -1.1184, -1.1552, -3.6505, -0.7056, 37.2870, 91.3291, 0, 1
1745404818.309, 2.182, 2.437, -1.1184, -1.1552, -3.6504, -0.7236, 37.2867, 91.3376, 0, 1
1745404818.389, 2.182, 2.437, -1.1184, -1.1551, -3.6503, -0.7504, 37.2837, 91.3533, 0, 1
1745404818.468, 2.182, 2.437, -1.1183, -1.1551, -3.6502, -0.7778, 37.2813, 91.3704, 0, 1
1745404818.548, 2.182, 2.437, -1.1183, -1.1550, -3.6501, -0.7909, 37.2788, 91.3800, 0, 1
1745404818.628, 2.181, 2.437, -1.1181, -1.1550, -3.6502, -0.8010, 37.2804, 91.3916, 0, 1
1745404818.707, 2.181, 2.436, -1.1174, -1.1549, -3.6510, -0.8022, 37.2876, 91.3993, 0, 1
1745404818.787, 2.181, 2.437, -1.1162, -1.1549, -3.6527, -0.7841, 37.3077, 91.4008, 0, 1
1745404818.867, 2.181, 2.437, -1.1141, -1.1549, -3.6555, -0.7518, 37.3427, 91.3944, 0, 1
1745404818.946, 2.181, 2.437, -1.1111, -1.1548, -3.6595, -0.7044, 37.3936, 91.3688, 0, 1
1745404819.026, 2.181, 2.440, -1.1074, -1.1546, -3.6644, -0.6461, 37.4471, 91.3218, 0, 1
1745404819.105, 2.181, 2.444, -1.1032, -1.1544, -3.6700, -0.5840, 37.4958, 91.2611, 0, 1
1745404819.185, 2.180, 2.451, -1.0988, -1.1543, -3.6756, -0.5438, 37.5349, 91.2104, 0, 1
1745404819.265, 2.180, 2.458, -1.0945, -1.1541, -3.6810, -0.5093, 37.5606, 91.1622, 0, 1
1745404819.344, 2.180, 2.465, -1.0905, -1.1539, -3.6861, -0.4954, 37.5739, 91.1368, 0, 1
1745404819.424, 2.179, 2.472, -1.0866, -1.1539, -3.6909, -0.4915, 37.5923, 91.1353, 0, 1
1745404819.504, 2.179, 2.479, -1.0828, -1.1538, -3.6956, -0.4913, 37.6146, 91.1431, 0, 1
1745404819.583, 2.178, 2.484, -1.0789, -1.1536, -3.7004, -0.4815, 37.6493, 91.1458, 0, 1
1745404819.663, 2.178, 2.491, -1.0749, -1.1536, -3.7054, -0.4921, 37.6929, 91.1645, 0, 1
1745404819.743, 2.178, 2.498, -1.0705, -1.1535, -3.7108, -0.4999, 37.7447, 91.1843, 0, 1
1745404819.822, 2.177, 2.505, -1.0656, -1.1534, -3.7169, -0.5068, 37.7885, 91.1948, 0, 1
1745404819.902, 2.177, 2.512, -1.0604, -1.1532, -3.7235, -0.4735, 37.8432, 91.1920, 0, 1
1745404819.982, 2.177, 2.519, -1.0549, -1.1532, -3.7308, -0.4382, 37.8932, 91.1771, 0, 1
1745404820.061, 2.176, 2.527, -1.0489, -1.1530, -3.7384, -0.4063, 37.9465, 91.1631, 0, 1
1745404820.141, 2.176, 2.536, -1.0427, -1.1529, -3.7464, -0.3630, 37.9900, 91.1313, 0, 1
1745404820.221, 2.175, 2.545, -1.0363, -1.1528, -3.7546, -0.3430, 38.0527, 91.1163, 0, 1
1745404820.300, 2.174, 2.555, -1.0297, -1.1527, -3.7627, -0.3728, 38.0913, 91.1060, 0, 1
1745404820.380, 2.174, 2.565, -1.0229, -1.1524, -3.7709, -0.4248, 38.1296, 91.1431, 0, 1
1745404820.459, 2.173, 2.576, -1.0162, -1.1521, -3.7789, -0.4738, 38.1428, 91.1688, 0, 1
1745404820.539, 2.172, 2.587, -1.0094, -1.1518, -3.7871, -0.5290, 38.1646, 91.2232, 0, 1
1745404820.619, 2.172, 2.596, -1.0026, -1.1513, -3.7953, -0.5661, 38.1683, 91.2641, 0, 1
1745404820.699, 2.172, 2.606, -0.9960, -1.1511, -3.8036, -0.5678, 38.1905, 91.3215, 0, 1
1745404820.778, 2.172, 2.617, -0.9893, -1.1510, -3.8122, -0.5115, 38.2052, 91.3036, 0, 1
1745404820.858, 2.171, 2.627, -0.9827, -1.1511, -3.8210, -0.4288, 38.2387, 91.2743, 0, 1
1745404820.938, 2.170, 2.637, -0.9760, -1.1510, -3.8298, -0.3477, 38.2625, 91.2182, 0, 1
1745404821.017, 2.169, 2.648, -0.9693, -1.1509, -3.8386, -0.2775, 38.2753, 91.1765, 0, 1
1745404821.097, 2.168, 2.659, -0.9624, -1.1508, -3.8474, -0.2424, 38.2952, 91.1431, 0, 1
1745404821.176, 2.167, 2.669, -0.9553, -1.1505, -3.8561, -0.2552, 38.3197, 91.1449, 0, 1
1745404821.256, 2.167, 2.680, -0.9481, -1.1503, -3.8648, -0.2923, 38.3406, 91.1726, 0, 1
1745404821.336, 2.167, 2.692, -0.9410, -1.1501, -3.8736, -0.3326, 38.3719, 91.2161, 0, 1
1745404821.415, 2.166, 2.703, -0.9338, -1.1497, -3.8824, -0.3483, 38.4195, 91.2505, 0, 1
1745404821.495, 2.166, 2.714, -0.9269, -1.1494, -3.8912, -0.3308, 38.4588, 91.2672, 0, 1
1745404821.575, 2.166, 2.727, -0.9201, -1.1492, -3.8998, -0.3023, 38.4987, 91.2759, 0, 1
1745404821.654, 2.165, 2.738, -0.9134, -1.1488, -3.9085, -0.2513, 38.5466, 91.2683, 0, 1
1745404821.734, 2.165, 2.749, -0.9067, -1.1487, -3.9170, -0.2199, 38.5862, 91.2718, 0, 1
1745404821.814, 2.165, 2.760, -0.8998, -1.1486, -3.9256, -0.2293, 38.6019, 91.2663, 0, 1
1745404821.893, 2.165, 2.770, -0.8927, -1.1485, -3.9343, -0.2867, 38.6062, 91.3153, 0, 1
1745404821.973, 2.164, 2.779, -0.8855, -1.1485, -3.9430, -0.3519, 38.5946, 91.3828, 0, 1
1745404822.052, 2.161, 2.790, -0.8782, -1.1485, -3.9518, -0.4316, 38.5655, 91.4699, 0, 1
1745404822.132, 2.159, 2.800, -0.8710, -1.1482, -3.9606, -0.4770, 38.5432, 91.5404, 0, 1
1745404822.212, 2.151, 2.812, -0.8638, -1.1481, -3.9695, -0.4829, 38.5415, 91.6165, 0, 1
1745404822.291, 2.142, 2.824, -0.8569, -1.1478, -3.9785, -0.4324, 38.5433, 91.6153, 0, 1
1745404822.371, 2.139, 2.837, -0.8500, -1.1472, -3.9873, -0.3622, 38.5666, 91.5953, 0, 1
1745404822.451, 2.141, 2.847, -0.8431, -1.1470, -3.9962, -0.2801, 38.5885, 91.5306, 0, 1
1745404822.530, 2.142, 2.857, -0.8361, -1.1468, -4.0051, -0.2320, 38.6134, 91.4876, 0, 1
1745404822.610, 2.149, 2.864, -0.8290, -1.1465, -4.0141, -0.1980, 38.6360, 91.4461, 0, 1
1745404822.690, 2.157, 2.875, -0.8217, -1.1464, -4.0230, -0.2128, 38.6664, 91.4347, 0, 1
1745404822.769, 2.160, 2.886, -0.8142, -1.1463, -4.0321, -0.2548, 38.6939, 91.4522, 0, 1
1745404822.849, 2.161, 2.898, -0.8067, -1.1460, -4.0412, -0.2948, 38.7451, 91.4783, 0, 1
1745404822.928, 2.162, 2.910, -0.7994, -1.1456, -4.0502, -0.2833, 38.7935, 91.4755, 0, 1
1745404823.008, 2.162, 2.925, -0.7922, -1.1452, -4.0590, -0.2914, 38.8485, 91.4697, 0, 1
1745404823.090, 2.161, 2.936, -0.7850, -1.1450, -4.0680, -0.2792, 38.9116, 91.4605, 0, 1
1745404823.168, 2.161, 2.946, -0.7780, -1.1447, -4.0768, -0.2404, 38.9657, 91.4164, 0, 1
1745404823.247, 2.161, 2.958, -0.7709, -1.1445, -4.0856, -0.2225, 39.0023, 91.3898, 0, 1
1745404823.327, 2.160, 2.970, -0.7636, -1.1445, -4.0944, -0.2841, 39.0201, 91.4110, 0, 1
1745404823.406, 2.160, 2.980, -0.7561, -1.1444, -4.1032, -0.3425, 39.0245, 91.4492, 0, 1
1745404823.486, 2.159, 2.990, -0.7487, -1.1439, -4.1120, -0.3981, 39.0077, 91.4964, 0, 1
1745404823.566, 2.159, 3.003, -0.7411, -1.1437, -4.1210, -0.4528, 38.9962, 91.5577, 0, 1
1745404823.645, 2.159, 3.015, -0.7336, -1.1433, -4.1302, -0.4774, 38.9785, 91.6161, 0, 1
1745404823.725, 2.159, 3.027, -0.7260, -1.1429, -4.1396, -0.4475, 38.9846, 91.6376, 0, 1
1745404823.805, 2.159, 3.039, -0.7185, -1.1424, -4.1491, -0.3791, 38.9919, 91.6246, 0, 1
1745404823.884, 2.159, 3.052, -0.7109, -1.1422, -4.1587, -0.3126, 39.0098, 91.5904, 0, 1
1745404823.964, 2.158, 3.064, -0.7033, -1.1420, -4.1682, -0.2606, 39.0295, 91.5591, 0, 1
1745404824.044, 2.158, 3.076, -0.6955, -1.1418, -4.1776, -0.2487, 39.0614, 91.5421, 0, 1
1745404824.123, 2.157, 3.088, -0.6877, -1.1417, -4.1870, -0.2738, 39.0871, 91.5471, 0, 1
1745404824.203, 2.157, 3.100, -0.6798, -1.1415, -4.1965, -0.3283, 39.1227, 91.5783, 0, 1
1745404824.283, 2.157, 3.111, -0.6719, -1.1412, -4.2058, -0.3614, 39.1664, 91.6013, 0, 1
1745404824.362, 2.157, 3.124, -0.6642, -1.1408, -4.2152, -0.3637, 39.2161, 91.6149, 0, 1
1745404824.444, 2.157, 3.133, -0.6564, -1.1404, -4.2245, -0.3717, 39.2696, 91.6300, 0, 1
1745404824.521, 2.156, 3.145, -0.6489, -1.1401, -4.2338, -0.3400, 39.3221, 91.6199, 0, 1
1745404824.601, 2.156, 3.157, -0.6413, -1.1399, -4.2430, -0.3159, 39.3694, 91.6039, 0, 1
1745404824.681, 2.155, 3.169, -0.6336, -1.1396, -4.2521, -0.3457, 39.3891, 91.6352, 0, 1
1745404824.761, 2.155, 3.180, -0.6256, -1.1393, -4.2614, -0.4240, 39.3856, 91.6989, 0, 1
1745404824.840, 2.155, 3.191, -0.6175, -1.1391, -4.2709, -0.4800, 39.3659, 91.7628, 0, 1
1745404824.920, 2.154, 3.202, -0.6092, -1.1387, -4.2806, -0.5414, 39.3418, 91.8389, 0, 1
1745404824.999, 2.154, 3.215, -0.6012, -1.1382, -4.2900, -0.5760, 39.3024, 91.9184, 0, 1
1745404825.079, 2.154, 3.228, -0.5947, -1.1378, -4.2979, -0.5767, 39.2839, 91.9601, 0, 1
1745404826.254, 2.155, 3.239, -0.5900, -1.1376, -4.3036, -0.5552, 39.2793, 91.9783, 0, 1
1745404826.334, 2.155, 3.250, -0.5869, -1.1374, -4.3073, -0.5355, 39.2808, 91.9853, 0, 1
1745404826.413, 2.155, 3.259, -0.5856, -1.1373, -4.3090, -0.5248, 39.2789, 91.9848, 0, 1
1745404826.493, 2.155, 3.264, -0.5855, -1.1374, -4.3091, -0.5265, 39.2879, 91.9821, 0, 1
1745404826.573, 2.155, 3.266, -0.5857, -1.1374, -4.3089, -0.5301, 39.2890, 91.9911, 0, 1
1745404826.652, 2.155, 3.268, -0.5857, -1.1374, -4.3089, -0.5378, 39.2882, 91.9977, 0, 1
1745404826.732, 2.154, 3.269, -0.5857, -1.1374, -4.3088, -0.5445, 39.2879, 92.0039, 1, 1
1745404826.811, 2.155, 3.271, -0.5858, -1.1374, -4.3088, -0.5510, 39.2885, 92.0119, 1, 1
1745404826.891, 2.155, 3.272, -0.5858, -1.1374, -4.3088, -0.5581, 39.2877, 92.0196, 1, 1
1745404826.970, 2.155, 3.272, -0.5857, -1.1374, -4.3088, -0.5613, 39.2893, 92.0233, 1, 1
1745404827.050, 2.155, 3.270, -0.5857, -1.1375, -4.3088, -0.5585, 39.2905, 92.0232, 1, 1
1745404827.130, 2.155, 3.269, -0.5857, -1.1375, -4.3089, -0.5544, 39.2907, 92.0205, 1, 1
1745404844.214, 2.337, 3.351, -0.3929, -1.1348, -4.2503, -0.3938, 39.7739, 91.9292, 0, 1
1745404861.198, 3.072, 3.681, 0.3835, -1.1245, -4.0102, 0.0797, 41.9495, 91.7165, 1, 1
1745404861.278, 3.072, 3.681, 0.3835, -1.1245, -4.0102, 0.0776, 41.9488, 91.7167, 1, 1
1745404861.357, 3.072, 3.681, 0.3834, -1.1245, -4.0102, 0.0742, 41.9489, 91.7174, 1, 1
1745404861.437, 3.070, 3.681, 0.3834, -1.1245, -4.0101, 0.0700, 41.9496, 91.7202, 1, 1
1745404861.517, 3.072, 3.681, 0.3834, -1.1245, -4.0101, 0.0670, 41.9510, 91.7213, 1, 1
1745404861.596, 3.073, 3.681, 0.3834, -1.1245, -4.0102, 0.0630, 41.9513, 91.7254, 1, 1
1745404861.676, 3.073, 3.681, 0.3834, -1.1245, -4.0102, 0.0591, 41.9518, 91.7299, 1, 1
1745404861.755, 3.073, 3.681, 0.3835, -1.1245, -4.0102, 0.0577, 41.9510, 91.7328, 1, 1
1745404861.835, 3.073, 3.681, 0.3835, -1.1245, -4.0102, 0.0578, 41.9499, 91.7346, 1, 1
1745404861.915, 3.071, 3.681, 0.3835, -1.1245, -4.0102, 0.0585, 41.9472, 91.7365, 1, 1
1745404861.995, 3.069, 3.681, 0.3835, -1.1245, -4.0102, 0.0600, 41.9446, 91.7369, 1, 1
1745404862.074, 3.068, 3.681, 0.3835, -1.1245, -4.0103, 0.0636, 41.9430, 91.7347, 1, 1
1745404862.154, 3.067, 3.681, 0.3835, -1.1245, -4.0103, 0.0656, 41.9422, 91.7355, 1, 1
1745404862.233, 3.068, 3.681, 0.3834, -1.1245, -4.0103, 0.0665, 41.9410, 91.7350, 1, 1
1745404862.313, 3.070, 3.681, 0.3834, -1.1245, -4.0103, 0.0671, 41.9414, 91.7341, 1, 1
1745404862.393, 3.071, 3.681, 0.3834, -1.1245, -4.0103, 0.0656, 41.9425, 91.7351, 1, 1
1745404862.472, 3.071, 3.681, 0.3835, -1.1245, -4.0103, 0.0622, 41.9415, 91.7382, 1, 1
1745404862.552, 3.073, 3.681, 0.3835, -1.1245, -4.0104, 0.0582, 41.9406, 91.7406, 1, 1
1745404862.632, 3.072, 3.680, 0.3835, -1.1245, -4.0104, 0.0556, 41.9401, 91.7453, 1, 1
1745404862.711, 3.072, 3.680, 0.3835, -1.1246, -4.0104, 0.0510, 41.9389, 91.7515, 1, 1
1745404862.791, 3.072, 3.680, 0.3835, -1.1246, -4.0104, 0.0494, 41.9379, 91.7558, 1, 1
1745404862.871, 3.072, 3.681, 0.3835, -1.1245, -4.0104, 0.0482, 41.9374, 91.7592, 1, 1
1745404862.950, 3.072, 3.681, 0.3835, -1.1245, -4.0104, 0.0487, 41.9354, 91.7602, 1, 1
1745404863.030, 3.073, 3.681, 0.3835, -1.1246, -4.0104, 0.0473, 41.9337, 91.7610, 1, 1
1745404863.110, 3.073, 3.681, 0.3835, -1.1245, -4.0104, 0.0475, 41.9326, 91.7623, 1, 1
1745404863.189, 3.073, 3.681, 0.3835, -1.1246, -4.0104, 0.0450, 41.9318, 91.7622, 1, 1
1745404863.269, 3.073, 3.681, 0.3835, -1.1246, -4.0104, 0.0442, 41.9322, 91.7619, 1, 1
1745404863.349, 3.072, 3.680, 0.3835, -1.1246, -4.0104, 0.0439, 41.9343, 91.7612, 1, 1
1745404863.428, 3.071, 3.680, 0.3835, -1.1246, -4.0104, 0.0438, 41.9359, 91.7596, 1, 1
1745404865.678, 3.071, 3.680, 0.3835, -1.1246, -4.0105, 0.0434, 41.9351, 91.7601, 0, 1
1745404865.758, 3.069, 3.680, 0.3835, -1.1246, -4.0105, 0.0435, 41.9342, 91.7603, 0, 1
1745404865.837, 3.071, 3.680, 0.3835, -1.1246, -4.0105, 0.0439, 41.9338, 91.7597, 0, 1
1745404865.917, 3.069, 3.681, 0.3835, -1.1246, -4.0105, 0.0424, 41.9328, 91.7598, 0, 1
1745404865.997, 3.069, 3.681, 0.3835, -1.1246, -4.0106, 0.0406, 41.9311, 91.7622, 0, 1
1745404866.076, 3.068, 3.681, 0.3835, -1.1246, -4.0106, 0.0391, 41.9315, 91.7597, 0, 1
1745404866.156, 3.068, 3.681, 0.3835, -1.1246, -4.0106, 0.0371, 41.9326, 91.7589, 0, 1
1745404866.236, 3.067, 3.681, 0.3835, -1.1246, -4.0106, 0.0347, 41.9336, 91.7584, 0, 1
1745404866.315, 3.067, 3.681, 0.3835, -1.1246, -4.0106, 0.0365, 41.9330, 91.7574, 0, 1
1745404866.395, 3.068, 3.681, 0.3835, -1.1246, -4.0106, 0.0370, 41.9334, 91.7550, 0, 1
1745404866.474, 3.067, 3.681, 0.3835, -1.1246, -4.0106, 0.0377, 41.9334, 91.7554, 0, 1
1745404866.554, 3.068, 3.681, 0.3835, -1.1246, -4.0106, 0.0396, 41.9324, 91.7546, 0, 1
1745404866.634, 3.067, 3.681, 0.3835, -1.1246, -4.0107, 0.0399, 41.9311, 91.7538, 0, 1
1745404866.713, 3.067, 3.681, 0.3835, -1.1246, -4.0107, 0.0364, 41.9329, 91.7538, 0, 1
1745404866.793, 3.067, 3.681, 0.3835, -1.1246, -4.0107, 0.0362, 41.9345, 91.7522, 0, 1
1745404866.873, 3.069, 3.680, 0.3835, -1.1246, -4.0107, 0.0360, 41.9362, 91.7521, 0, 1
1745404866.953, 3.070, 3.680, 0.3835, -1.1246, -4.0107, 0.0374, 41.9379, 91.7504, 0, 1
1745404867.032, 3.072, 3.680, 0.3835, -1.1246, -4.0107, 0.0394, 41.9385, 91.7505, 0, 1
1745404867.112, 3.073, 3.680, 0.3835, -1.1246, -4.0107, 0.0408, 41.9373, 91.7509, 0, 1
1745404867.191, 3.074, 3.680, 0.3835, -1.1246, -4.0107, 0.0429, 41.9369, 91.7493, 0, 1
1745404867.271, 3.074, 3.680, 0.3835, -1.1246, -4.0108, 0.0423, 41.9368, 91.7491, 0, 1
1745404867.351, 3.072, 3.680, 0.3835, -1.1246, -4.0107, 0.0397, 41.9370, 91.7536, 0, 1
1745404867.430, 3.073, 3.680, 0.3834, -1.1246, -4.0107, 0.0366, 41.9401, 91.7562, 0, 1
1745404867.510, 3.073, 3.680, 0.3830, -1.1246, -4.0102, 0.0273, 41.9507, 91.7545, 0, 1
1745404867.590, 3.073, 3.680, 0.3819, -1.1246, -4.0089, 0.0143, 41.9496, 91.7577, 0, 1
1745404867.669, 3.074, 3.680, 0.3800, -1.1247, -4.0067, -0.0051, 41.9401, 91.7624, 0, 1
1745404867.749, 3.076, 3.679, 0.3772, -1.1248, -4.0035, -0.0342, 41.9488, 91.7699, 0, 1
1745404867.828, 3.076, 3.675, 0.3735, -1.1249, -3.9993, -0.0672, 41.9350, 91.7801, 0, 1
1745404867.908, 3.074, 3.671, 0.3694, -1.1251, -3.9947, -0.0955, 41.9228, 91.8006, 0, 1
1745404867.988, 3.072, 3.666, 0.3653, -1.1254, -3.9900, -0.1091, 41.9109, 91.8030, 0, 1
1745404868.067, 3.072, 3.660, 0.3612, -1.1255, -3.9855, -0.1072, 41.9100, 91.7965, 0, 1
1745404868.147, 3.070, 3.653, 0.3574, -1.1257, -3.9814, -0.0763, 41.8900, 91.7642, 0, 1
1745404868.227, 3.071, 3.647, 0.3538, -1.1258, -3.9776, -0.0185, 41.8809, 91.7105, 0, 1
1745404868.306, 3.072, 3.641, 0.3503, -1.1259, -3.9739, 0.0615, 41.8479, 91.6402, 0, 1
1745404868.386, 3.074, 3.635, 0.3467, -1.1259, -3.9703, 0.1412, 41.8226, 91.5793, 0, 1
1745404868.466, 3.072, 3.630, 0.3431, -1.1260, -3.9666, 0.2231, 41.7976, 91.5183, 0, 1
1745404868.545, 3.074, 3.624, 0.3395, -1.1262, -3.9627, 0.2808, 41.7684, 91.4761, 0, 1
1745404868.625, 3.072, 3.619, 0.3358, -1.1264, -3.9587, 0.3111, 41.7461, 91.4628, 0, 1
1745404868.705, 3.071, 3.613, 0.3321, -1.1266, -3.9547, 0.3246, 41.7294, 91.4596, 0, 1
1745404868.784, 3.069, 3.608, 0.3286, -1.1268, -3.9508, 0.3290, 41.7089, 91.4684, 0, 1
1745404868.864, 3.070, 3.602, 0.3253, -1.1270, -3.9471, 0.3309, 41.6797, 91.4847, 0, 1
1745404868.943, 3.068, 3.597, 0.3221, -1.1272, -3.9436, 0.3519, 41.6407, 91.4956, 0, 1
1745404869.023, 3.068, 3.592, 0.3190, -1.1273, -3.9402, 0.3675, 41.5930, 91.5009, 0, 1
1745404869.103, 3.068, 3.588, 0.3159, -1.1275, -3.9368, 0.3728, 41.5505, 91.5114, 0, 1
1745404869.182, 3.068, 3.583, 0.3128, -1.1276, -3.9333, 0.3724, 41.5059, 91.5176, 0, 1
1745404869.262, 3.066, 3.579, 0.3097, -1.1278, -3.9297, 0.3616, 41.4580, 91.5206, 0, 1
1745404869.342, 3.066, 3.574, 0.3066, -1.1280, -3.9261, 0.3381, 41.4231, 91.5251, 0, 1
1745404869.421, 3.065, 3.569, 0.3036, -1.1281, -3.9226, 0.3239, 41.3911, 91.5281, 0, 1
1745404869.501, 3.065, 3.565, 0.3007, -1.1282, -3.9194, 0.3193, 41.3541, 91.5185, 0, 1
1745404869.581, 3.065, 3.561, 0.2979, -1.1283, -3.9162, 0.3213, 41.3176, 91.5083, 0, 1
1745404869.660, 3.065, 3.556, 0.2951, -1.1284, -3.9131, 0.3310, 41.2921, 91.4903, 0, 1
1745404869.740, 3.064, 3.552, 0.2924, -1.1284, -3.9101, 0.3498, 41.2543, 91.4679, 0, 1
1745404869.820, 3.064, 3.548, 0.2897, -1.1285, -3.9071, 0.3759, 41.2174, 91.4416, 0, 1
1745404869.899, 3.063, 3.545, 0.2869, -1.1286, -3.9040, 0.4080, 41.1805, 91.4187, 0, 1
1745404869.979, 3.062, 3.539, 0.2842, -1.1287, -3.9010, 0.4437, 41.1372, 91.3904, 0, 1
1745404870.059, 3.061, 3.536, 0.2814, -1.1288, -3.8979, 0.4851, 41.0898, 91.3566, 0, 1
1745404870.138, 3.062, 3.531, 0.2785, -1.1289, -3.8948, 0.5118, 41.0578, 91.3346, 0, 1
1745404870.218, 3.061, 3.526, 0.2757, -1.1290, -3.8916, 0.5273, 41.0401, 91.3153, 0, 1
1745404870.298, 3.062, 3.521, 0.2728, -1.1291, -3.8884, 0.5321, 41.0233, 91.3088, 0, 1
1745404870.377, 3.064, 3.517, 0.2701, -1.1292, -3.8853, 0.5228, 41.0314, 91.3038, 0, 1
1745404870.457, 3.065, 3.513, 0.2675, -1.1293, -3.8823, 0.5031, 41.0227, 91.3196, 0, 1
1745404870.537, 3.064, 3.509, 0.2650, -1.1294, -3.8794, 0.4940, 41.0064, 91.3263, 0, 1
1745404870.616, 3.065, 3.506, 0.2626, -1.1295, -3.8766, 0.4895, 40.9750, 91.3300, 0, 1
1745404870.696, 3.064, 3.503, 0.2602, -1.1297, -3.8738, 0.4839, 40.9431, 91.3303, 0, 1
1745404870.775, 3.062, 3.499, 0.2576, -1.1298, -3.8709, 0.4856, 40.8940, 91.3343, 0, 1
1745404870.855, 3.062, 3.495, 0.2551, -1.1299, -3.8679, 0.4831, 40.8559, 91.3392, 0, 1
1745404870.935, 3.062, 3.492, 0.2525, -1.1301, -3.8648, 0.4635, 40.8251, 91.3597, 0, 1
1745404871.014, 3.060, 3.487, 0.2499, -1.1302, -3.8618, 0.4354, 40.8040, 91.3813, 0, 1
1745404871.094, 3.061, 3.482, 0.2474, -1.1303, -3.8589, 0.4033, 40.7992, 91.3970, 0, 1
1745404871.174, 3.061, 3.478, 0.2450, -1.1304, -3.8560, 0.3652, 40.7983, 91.4175, 0, 1
1745404871.253, 3.062, 3.474, 0.2426, -1.1305, -3.8531, 0.3359, 40.8057, 91.4258, 0, 1
1745404871.333, 3.063, 3.471, 0.2402, -1.1306, -3.8504, 0.3071, 40.8129, 91.4304, 0, 1
1745404871.413, 3.065, 3.468, 0.2379, -1.1307, -3.8476, 0.2769, 40.8160, 91.4438, 0, 1
1745404871.492, 3.067, 3.464, 0.2354, -1.1309, -3.8447, 0.2463, 40.8113, 91.4557, 0, 1
1745404871.572, 3.068, 3.461, 0.2329, -1.1310, -3.8417, 0.2153, 40.8026, 91.4651, 0, 1
1745404871.652, 3.069, 3.457, 0.2304, -1.1311, -3.8387, 0.1772, 40.7954, 91.4815, 0, 1
1745404871.731, 3.069, 3.452, 0.2279, -1.1312, -3.8357, 0.1523, 40.7833, 91.4878, 0, 1
1745404871.811, 3.070, 3.448, 0.2253, -1.1313, -3.8328, 0.1439, 40.7733, 91.4790, 0, 1
1745404871.890, 3.070, 3.444, 0.2228, -1.1313, -3.8299, 0.1448, 40.7637, 91.4719, 0, 1
1745404871.970, 3.069, 3.440, 0.2203, -1.1314, -3.8271, 0.1508, 40.7619, 91.4640, 0, 1
1745404872.050, 3.068, 3.436, 0.2177, -1.1315, -3.8243, 0.1741, 40.7522, 91.4368, 0, 1
1745404872.129, 3.066, 3.433, 0.2151, -1.1317, -3.8214, 0.2116, 40.7370, 91.3978, 0, 1
1745404872.209, 3.065, 3.429, 0.2124, -1.1318, -3.8185, 0.2627, 40.7208, 91.3500, 0, 1
1745404872.289, 3.063, 3.425, 0.2095, -1.1320, -3.8155, 0.3261, 40.6990, 91.2944, 0, 1
1745404872.368, 3.063, 3.421, 0.2066, -1.1321, -3.8124, 0.4003, 40.6826, 91.2278, 0, 1
1745404872.448, 3.062, 3.416, 0.2037, -1.1322, -3.8094, 0.4629, 40.6653, 91.1842, 0, 1
1745404872.528, 3.062, 3.412, 0.2008, -1.1323, -3.8062, 0.5098, 40.6604, 91.1507, 0, 1
1745404872.607, 3.061, 3.408, 0.1979, -1.1324, -3.8031, 0.5308, 40.6546, 91.1313, 0, 1
1745404872.687, 3.061, 3.403, 0.1951, -1.1325, -3.7999, 0.5311, 40.6520, 91.1206, 0, 1
1745404872.767, 3.060, 3.400, 0.1923, -1.1327, -3.7966, 0.5202, 40.6343, 91.1259, 0, 1
1745404872.846, 3.060, 3.395, 0.1894, -1.1328, -3.7933, 0.5124, 40.6206, 91.1264, 0, 1
1745404872.926, 3.060, 3.390, 0.1866, -1.1330, -3.7900, 0.5065, 40.6019, 91.1390, 0, 1
1745404873.006, 3.061, 3.386, 0.1837, -1.1331, -3.7867, 0.5176, 40.5756, 91.1497, 0, 1
1745404873.085, 3.061, 3.382, 0.1809, -1.1332, -3.7835, 0.5364, 40.5413, 91.1579, 0, 1
1745404873.165, 3.060, 3.377, 0.1781, -1.1333, -3.7803, 0.5429, 40.5112, 91.1622, 0, 1
1745404873.244, 3.059, 3.374, 0.1754, -1.1335, -3.7770, 0.5387, 40.4788, 91.1709, 0, 1
1745404873.324, 3.057, 3.370, 0.1725, -1.1336, -3.7737, 0.5344, 40.4409, 91.1736, 0, 1
1745404873.404, 3.057, 3.367, 0.1697, -1.1337, -3.7703, 0.5149, 40.4071, 91.1798, 0, 1
1745404873.483, 3.057, 3.363, 0.1668, -1.1338, -3.7669, 0.4979, 40.3698, 91.1907, 0, 1
1745404873.563, 3.059, 3.358, 0.1640, -1.1340, -3.7636, 0.4940, 40.3327, 91.1943, 0, 1
1745404873.643, 3.060, 3.353, 0.1612, -1.1341, -3.7603, 0.4940, 40.2910, 91.1918, 0, 1
1745404873.722, 3.061, 3.349, 0.1583, -1.1342, -3.7570, 0.4970, 40.2427, 91.1853, 0, 1
1745404873.802, 3.062, 3.344, 0.1552, -1.1344, -3.7534, 0.5104, 40.1979, 91.1682, 0, 1
1745404873.882, 3.064, 3.339, 0.1521, -1.1345, -3.7499, 0.5196, 40.1617, 91.1503, 0, 1
1745404873.961, 3.064, 3.335, 0.1489, -1.1345, -3.7462, 0.5366, 40.1196, 91.1280, 0, 1
1745404874.041, 3.066, 3.330, 0.1455, -1.1346, -3.7423, 0.5651, 40.0802, 91.1024, 0, 1
1745404874.120, 3.066, 3.324, 0.1420, -1.1348, -3.7384, 0.5936, 40.0611, 91.0846, 0, 1
1745404874.200, 3.066, 3.319, 0.1386, -1.1348, -3.7345, 0.6059, 40.0482, 91.0731, 0, 1
1745404874.280, 3.066, 3.313, 0.1352, -1.1349, -3.7305, 0.6183, 40.0322, 91.0572, 0, 1
1745404874.359, 3.066, 3.308, 0.1322, -1.1349, -3.7272, 0.6498, 40.0282, 90.9661, 0, 1
1745404874.439, 3.065, 3.302, 0.1299, -1.1350, -3.7247, 0.6822, 40.0287, 90.8787, 0, 1
1745404874.519, 3.065, 3.299, 0.1284, -1.1349, -3.7231, 0.6992, 40.0228, 90.7801, 0, 1
1745404874.598, 3.064, 3.297, 0.1275, -1.1348, -3.7221, 0.7296, 40.0153, 90.6139, 0, 1
1745404874.678, 3.063, 3.294, 0.1269, -1.1346, -3.7214, 0.7308, 40.0061, 90.2947, 0, 1
1745404874.758, 3.062, 3.293, 0.1255, -1.1343, -3.7197, 0.6847, 39.9529, 89.9213, 0, 1
1745404874.837, 3.062, 3.294, 0.1226, -1.1341, -3.7158, 0.5932, 39.8987, 89.5795, 0, 1
1745404874.917, 3.064, 3.291, 0.1180, -1.1339, -3.7099, 0.4947, 39.8299, 89.2539, 0, 1
1745404874.997, 3.066, 3.288, 0.1119, -1.1340, -3.7022, 0.3767, 39.7297, 89.1341, 0, 1
1745404875.076, 3.067, 3.282, 0.1041, -1.1346, -3.6925, 0.3081, 39.6072, 89.5437, 0, 1
1745404875.156, 3.068, 3.272, 0.0962, -1.1352, -3.6829, 0.2602, 39.5736, 90.0629, 0, 1
1745404875.236, 3.067, 3.259, 0.0898, -1.1359, -3.6751, 0.2466, 39.5250, 90.5469, 0, 1
1745404875.315, 3.068, 3.247, 0.0850, -1.1366, -3.6694, 0.2540, 39.4973, 91.0159, 0, 1
1745404875.395, 3.068, 3.236, 0.0817, -1.1370, -3.6655, 0.2748, 39.5048, 91.3465, 0, 1
1745404875.474, 3.068, 3.228, 0.0799, -1.1371, -3.6633, 0.2941, 39.5332, 91.2867, 0, 1
1745404875.554, 3.068, 3.223, 0.0781, -1.1373, -3.6613, 0.3344, 39.5074, 91.2314, 0, 1
1745404875.634, 3.069, 3.221, 0.0756, -1.1375, -3.6585, 0.3958, 39.5066, 91.1685, 0, 1
1745404875.713, 3.068, 3.217, 0.0721, -1.1376, -3.6546, 0.4660, 39.4894, 91.1029, 0, 1
1745404875.793, 3.066, 3.214, 0.0679, -1.1378, -3.6498, 0.5407, 39.4547, 91.0360, 0, 1
1745404875.873, 3.065, 3.210, 0.0634, -1.1379, -3.6445, 0.5845, 39.4346, 90.9869, 0, 1
1745404875.952, 3.066, 3.202, 0.0590, -1.1380, -3.6394, 0.6101, 39.4099, 90.9593, 0, 1
1745404876.032, 3.068, 3.196, 0.0549, -1.1381, -3.6345, 0.6181, 39.3666, 90.9471, 0, 1
1745404876.112, 3.068, 3.188, 0.0510, -1.1383, -3.6299, 0.6233, 39.3235, 90.9461, 0, 1
1745404876.191, 3.069, 3.181, 0.0473, -1.1384, -3.6252, 0.5879, 39.2907, 91.0507, 0, 1
1745404876.271, 3.071, 3.174, 0.0442, -1.1384, -3.6214, 0.5842, 39.2535, 91.1638, 0, 1
1745404876.351, 3.071, 3.169, 0.0418, -1.1384, -3.6185, 0.5762, 39.2282, 91.2776, 0, 1
1745404876.430, 3.071, 3.164, 0.0401, -1.1383, -3.6164, 0.5526, 39.2089, 91.4041, 0, 1
1745404876.510, 3.072, 3.161, 0.0389, -1.1381, -3.6147, 0.5206, 39.1960, 91.5961, 0, 1
1745404876.590, 3.071, 3.157, 0.0372, -1.1376, -3.6126, 0.5422, 39.1930, 91.8851, 0, 1
1745404876.669, 3.069, 3.156, 0.0333, -1.1372, -3.6080, 0.5522, 39.1623, 92.2504, 0, 1
1745404876.749, 3.068, 3.154, 0.0268, -1.1369, -3.6001, 0.5674, 39.1102, 92.6058, 0, 1
1745404876.828, 3.069, 3.148, 0.0183, -1.1373, -3.5896, 0.6125, 39.0702, 92.5194, 0, 1
1745404876.908, 3.069, 3.136, 0.0089, -1.1383, -3.5780, 0.6634, 39.0337, 92.2892, 0, 1
1745404876.988, 3.070, 3.125, -0.0003, -1.1392, -3.5667, 0.7199, 38.9646, 91.8635, 0, 1
1745404877.067, 3.070, 3.110, -0.0078, -1.1400, -3.5578, 0.7724, 38.9182, 91.3550, 0, 1
1745404877.147, 3.070, 3.095, -0.0124, -1.1407, -3.5522, 0.8141, 38.8920, 90.8459, 0, 1
1745404877.227, 3.068, 3.083, -0.0152, -1.1409, -3.5489, 0.8202, 38.8460, 90.7496, 0, 1
1745404877.306, 3.066, 3.077, -0.0167, -1.1404, -3.5471, 0.7960, 38.7769, 90.7032, 0, 1
1745404877.386, 3.066, 3.071, -0.0173, -1.1402, -3.5464, 0.7545, 38.7425, 90.6069, 0, 1
1745404877.466, 3.066, 3.068, -0.0177, -1.1401, -3.5457, 0.7048, 38.7150, 90.3262, 0, 1
1745404877.545, 3.068, 3.068, -0.0190, -1.1397, -3.5438, 0.6630, 38.7091, 89.8368, 0, 1
1745404877.625, 3.070, 3.068, -0.0221, -1.1393, -3.5400, 0.6082, 38.7700, 89.3772, 0, 1
1745404877.705, 3.072, 3.066, -0.0274, -1.1391, -3.5337, 0.5804, 38.8767, 88.9497, 0, 1
1745404880.193, 3.073, 3.038, -0.0453, -1.1397, -3.5128, 0.5617, 39.0639, 89.1043, 0, 1
1745404880.273, 3.075, 3.009, -0.0630, -1.1405, -3.4923, 0.5469, 39.2526, 89.4429, 0, 1
1745404880.353, 3.073, 2.982, -0.0798, -1.1413, -3.4729, 0.5317, 39.4214, 89.9989, 0, 1
1745404880.432, 3.071, 2.953, -0.0946, -1.1421, -3.4558, 0.5483, 39.5371, 90.5370, 0, 1
1745404880.512, 3.069, 2.926, -0.1073, -1.1429, -3.4412, 0.5598, 39.6290, 91.0714, 0, 1
1745404880.592, 3.069, 2.926, -0.1073, -1.1429, -3.4412, 0.5597, 39.6276, 91.0711, 0, 1
1745404880.671, 3.069, 2.928, -0.1073, -1.1429, -3.4412, 0.5606, 39.6253, 91.0702, 0, 1
1745404880.751, 3.068, 2.927, -0.1074, -1.1429, -3.4412, 0.5614, 39.6218, 91.0726, 0, 1
1745404880.831, 3.068, 2.928, -0.1074, -1.1429, -3.4412, 0.5613, 39.6184, 91.0731, 0, 1
1745404880.910, 3.069, 2.929, -0.1074, -1.1429, -3.4412, 0.5639, 39.6174, 91.0711, 0, 1
1745404880.990, 3.067, 2.930, -0.1074, -1.1429, -3.4412, 0.5649, 39.6181, 91.0700, 0, 1
1745404881.069, 3.066, 2.930, -0.1074, -1.1429, -3.4412, 0.5647, 39.6168, 91.0687, 0, 1
1745404881.149, 3.068, 2.930, -0.1074, -1.1429, -3.4412, 0.5639, 39.6164, 91.0701, 0, 1
1745404881.229, 3.069, 2.929, -0.1074, -1.1429, -3.4413, 0.5645, 39.6183, 91.0716, 0, 1
1745404881.308, 3.069, 2.929, -0.1074, -1.1429, -3.4413, 0.5663, 39.6196, 91.0760, 0, 1
1745404881.388, 3.070, 2.930, -0.1075, -1.1428, -3.4410, 0.5536, 39.6146, 91.1370, 0, 1
1745404881.468, 3.071, 2.929, -0.1088, -1.1426, -3.4397, 0.5777, 39.6247, 91.3465, 0, 1
1745404881.547, 3.071, 2.929, -0.1119, -1.1421, -3.4362, 0.6411, 39.6710, 91.7005, 0, 1
1745404881.627, 3.071, 2.928, -0.1175, -1.1418, -3.4300, 0.7265, 39.7168, 92.0482, 0, 1
1745404881.707, 3.071, 2.922, -0.1254, -1.1418, -3.4211, 0.7690, 39.7958, 92.1739, 0, 1
1745404881.788, 3.070, 2.915, -0.1350, -1.1423, -3.4101, 0.9040, 39.8575, 91.9614, 0, 1
1745404881.866, 3.070, 2.906, -0.1447, -1.1429, -3.3990, 0.9208, 39.9346, 91.6378, 0, 1
1745404881.946, 3.070, 2.893, -0.1526, -1.1437, -3.3899, 0.9026, 39.9694, 91.1571, 0, 1
1745404882.025, 3.068, 2.879, -0.1580, -1.1444, -3.3836, 0.8574, 39.9941, 90.6871, 0, 1
1745404882.105, 3.068, 2.868, -0.1610, -1.1448, -3.3801, 0.8520, 39.9871, 90.4350, 0, 1
1745404882.184, 3.067, 2.857, -0.1622, -1.1448, -3.3788, 0.7680, 40.0040, 90.4644, 0, 1
1745404882.264, 3.066, 2.850, -0.1623, -1.1449, -3.3787, 0.7611, 39.9898, 90.4588, 0, 1
1745404882.344, 3.064, 2.847, -0.1621, -1.1450, -3.3789, 0.7517, 39.9820, 90.4612, 0, 1
1745404882.423, 3.064, 2.846, -0.1621, -1.1450, -3.3789, 0.7465, 39.9828, 90.4593, 0, 1
1745404882.503, 3.064, 2.848, -0.1621, -1.1450, -3.3790, 0.7395, 39.9801, 90.4616, 0, 1
1745404882.583, 3.063, 2.849, -0.1621, -1.1450, -3.3790, 0.7342, 39.9772, 90.4644, 0, 1
1745404882.662, 3.062, 2.848, -0.1621, -1.1450, -3.3790, 0.7334, 39.9746, 90.4651, 0, 1
1745404882.742, 3.062, 2.849, -0.1621, -1.1450, -3.3790, 0.7274, 39.9719, 90.4680, 0, 1
1745404882.822, 3.062, 2.849, -0.1621, -1.1450, -3.3791, 0.7195, 39.9696, 90.4735, 0, 1
1745404882.901, 3.062, 2.848, -0.1621, -1.1450, -3.3791, 0.7121, 39.9682, 90.4799, 0, 1
1745404882.981, 3.063, 2.847, -0.1621, -1.1450, -3.3791, 0.7036, 39.9659, 90.4858, 0, 1
1745404883.060, 3.064, 2.847, -0.1621, -1.1450, -3.3792, 0.6975, 39.9649, 90.4882, 0, 1
1745404883.140, 3.064, 2.847, -0.1621, -1.1450, -3.3792, 0.6950, 39.9639, 90.4913, 0, 1
1745404883.220, 3.063, 2.847, -0.1621, -1.1450, -3.3792, 0.6917, 39.9610, 90.4944, 0, 1
1745404883.299, 3.063, 2.848, -0.1621, -1.1450, -3.3792, 0.6919, 39.9574, 90.4954, 0, 1
1745404883.379, 3.063, 2.850, -0.1623, -1.1451, -3.3791, 0.6892, 39.9707, 90.4889, 0, 1
1745404883.459, 3.063, 2.851, -0.1626, -1.1451, -3.3786, 0.6810, 39.9763, 90.4900, 0, 1
1745404883.538, 3.064, 2.851, -0.1633, -1.1451, -3.3778, 0.6694, 39.9844, 90.4884, 0, 1
1745404883.618, 3.064, 2.848, -0.1645, -1.1451, -3.3764, 0.6524, 40.0083, 90.4901, 0, 1
1745404883.698, 3.064, 2.847, -0.1662, -1.1452, -3.3743, 0.6280, 40.0420, 90.4961, 0, 1
1745404883.777, 3.063, 2.846, -0.1684, -1.1452, -3.3717, 0.5989, 40.0708, 90.5153, 0, 1
1745404883.857, 3.062, 2.842, -0.1711, -1.1453, -3.3685, 0.5638, 40.0974, 90.5264, 0, 1
1745404883.937, 3.063, 2.839, -0.1740, -1.1453, -3.3650, 0.5253, 40.1331, 90.5562, 0, 1
1745404884.016, 3.063, 2.835, -0.1771, -1.1454, -3.3615, 0.4888, 40.1662, 90.5800, 0, 1
1745404884.096, 3.063, 2.830, -0.1803, -1.1455, -3.3578, 0.4582, 40.1898, 90.5919, 0, 1
1745404884.176, 3.065, 2.825, -0.1835, -1.1456, -3.3542, 0.4384, 40.2155, 90.5946, 0, 1
1745404884.255, 3.066, 2.821, -0.1867, -1.1458, -3.3506, 0.4390, 40.2555, 90.5949, 0, 1
1745404884.337, 3.065, 2.816, -0.1900, -1.1458, -3.3469, 0.4617, 40.2867, 90.5612, 0, 1
1745404884.414, 3.067, 2.812, -0.1934, -1.1458, -3.3432, 0.5092, 40.3046, 90.5106, 0, 1
1745404884.494, 3.066, 2.808, -0.1969, -1.1459, -3.3395, 0.5725, 40.3235, 90.4545, 0, 1
1745404884.574, 3.064, 2.803, -0.2005, -1.1459, -3.3358, 0.6539, 40.3406, 90.3881, 0, 1
1745404884.653, 3.062, 2.798, -0.2041, -1.1460, -3.3320, 0.7247, 40.3533, 90.3245, 0, 1
1745404884.733, 3.057, 2.792, -0.2078, -1.1462, -3.3281, 0.7774, 40.3716, 90.2803, 0, 1
1745404884.813, 3.054, 2.787, -0.2115, -1.1464, -3.3241, 0.7953, 40.3953, 90.2612, 0, 1
1745404884.892, 3.052, 2.782, -0.2152, -1.1466, -3.3199, 0.7961, 40.4194, 90.2621, 0, 1
1745404884.972, 3.051, 2.777, -0.2191, -1.1467, -3.3156, 0.7864, 40.4367, 90.2826, 0, 1
1745404885.052, 3.048, 2.771, -0.2229, -1.1468, -3.3113, 0.7851, 40.4484, 90.3036, 0, 1
1745404885.131, 3.050, 2.767, -0.2266, -1.1469, -3.3070, 0.7809, 40.4612, 90.3277, 0, 1
1745404885.216, 3.053, 2.761, -0.2304, -1.1471, -3.3027, 0.7794, 40.4602, 90.3424, 0, 1
1745404885.331, 3.053, 2.755, -0.2345, -1.1472, -3.2980, 0.7739, 40.4652, 90.3591, 0, 1
1745404885.410, 3.052, 2.748, -0.2386, -1.1473, -3.2933, 0.7446, 40.4778, 90.3754, 0, 1
1745404885.490, 3.055, 2.743, -0.2429, -1.1474, -3.2885, 0.7118, 40.4902, 90.3917, 0, 1
1745404885.569, 3.056, 2.736, -0.2471, -1.1475, -3.2836, 0.6931, 40.4902, 90.3983, 0, 1
1745404885.649, 3.055, 2.731, -0.2515, -1.1476, -3.2786, 0.6930, 40.5029, 90.4007, 0, 1
1745404885.729, 3.055, 2.723, -0.2555, -1.1477, -3.2741, 0.7010, 40.5120, 90.3917, 0, 1
1745404885.808, 3.056, 2.716, -0.2597, -1.1478, -3.2695, 0.7363, 40.5207, 90.3709, 0, 1
1745404885.888, 3.055, 2.709, -0.2641, -1.1479, -3.2647, 0.7735, 40.5407, 90.3408, 0, 1
1745404885.968, 3.052, 2.703, -0.2686, -1.1479, -3.2597, 0.8032, 40.5775, 90.3063, 0, 1
1745404886.047, 3.050, 2.696, -0.2733, -1.1480, -3.2545, 0.8197, 40.6209, 90.2861, 0, 1
1745404886.127, 3.049, 2.691, -0.2781, -1.1480, -3.2492, 0.8319, 40.6537, 90.2699, 0, 1
1745404886.206, 3.047, 2.683, -0.2829, -1.1481, -3.2438, 0.8320, 40.6781, 90.2588, 0, 1
1745404886.286, 3.048, 2.675, -0.2877, -1.1483, -3.2382, 0.8084, 40.6945, 90.2690, 0, 1
1745404886.366, 3.050, 2.668, -0.2925, -1.1484, -3.2327, 0.7580, 40.7119, 90.3053, 0, 1
1745404886.445, 3.052, 2.660, -0.2971, -1.1486, -3.2272, 0.7048, 40.7308, 90.3387, 0, 1
1745404886.525, 3.052, 2.652, -0.3017, -1.1488, -3.2219, 0.6384, 40.7826, 90.3855, 0, 1
1745404886.605, 3.053, 2.646, -0.3062, -1.1489, -3.2165, 0.5507, 40.8363, 90.4497, 0, 1
1745404886.684, 3.053, 2.641, -0.3108, -1.1490, -3.2111, 0.4621, 40.9070, 90.5121, 0, 1
1745404886.764, 3.054, 2.634, -0.3154, -1.1491, -3.2058, 0.4105, 40.9772, 90.5486, 0, 1
1745404886.844, 3.053, 2.629, -0.3201, -1.1492, -3.2004, 0.3802, 41.0503, 90.5726, 0, 1
1745404886.923, 3.053, 2.622, -0.3250, -1.1494, -3.1950, 0.3798, 41.0999, 90.5651, 0, 1
1745404887.003, 3.053, 2.616, -0.3300, -1.1495, -3.1897, 0.4286, 41.1455, 90.5156, 0, 1
1745404887.083, 3.052, 2.609, -0.3351, -1.1495, -3.1844, 0.5436, 41.1827, 90.4184, 0, 1
1745404887.162, 3.050, 2.603, -0.3403, -1.1496, -3.1792, 0.6528, 41.2103, 90.3305, 0, 1
1745404887.242, 3.053, 2.596, -0.3453, -1.1497, -3.1739, 0.7461, 41.2334, 90.2450, 0, 1
1745404887.322, 3.054, 2.588, -0.3504, -1.1498, -3.1686, 0.8159, 41.2706, 90.1873, 0, 1
1745404887.401, 3.054, 2.580, -0.3554, -1.1500, -3.1633, 0.8593, 41.2952, 90.1641, 0, 1
1745404887.481, 3.057, 2.571, -0.3603, -1.1503, -3.1579, 0.8605, 41.3038, 90.1954, 0, 1
1745404887.560, 3.059, 2.564, -0.3652, -1.1506, -3.1523, 0.8274, 41.2964, 90.2529, 0, 1
1745404887.640, 3.058, 2.556, -0.3702, -1.1507, -3.1467, 0.7951, 41.2819, 90.3235, 0, 1
1745404887.720, 3.058, 2.549, -0.3752, -1.1508, -3.1409, 0.7695, 41.2605, 90.3882, 0, 1
1745404887.799, 3.056, 2.542, -0.3803, -1.1509, -3.1351, 0.7366, 41.2425, 90.4471, 0, 1
1745404887.999, 3.055, 2.531, -0.3868, -1.1511, -3.1277, 0.7089, 41.2342, 90.4737, 0, 1
1745404888.198, 3.053, 2.518, -0.3953, -1.1512, -3.1184, 0.7207, 41.2684, 90.4494, 0, 1
1745404888.397, 3.053, 2.502, -0.4056, -1.1514, -3.1070, 0.7356, 41.2739, 90.4143, 0, 1
1745404888.596, 3.054, 2.486, -0.4179, -1.1518, -3.0933, 0.7040, 41.3085, 90.4109, 0, 1
1745404888.676, 3.057, 2.470, -0.4302, -1.1521, -3.0795, 0.6539, 41.3699, 90.4156, 0, 1
1745404888.755, 3.059, 2.456, -0.4413, -1.1523, -3.0671, 0.5740, 41.4352, 90.4510, 0, 1
1745404888.954, 3.059, 2.441, -0.4505, -1.1526, -3.0565, 0.4714, 41.4786, 90.5169, 0, 1
1745404889.153, 3.058, 2.428, -0.4568, -1.1528, -3.0493, 0.3695, 41.5487, 90.5830, 0, 1
1745404889.353, 3.059, 2.418, -0.4601, -1.1528, -3.0454, 0.3152, 41.5788, 90.6116, 0, 1
1745404889.552, 3.059, 2.409, -0.4623, -1.1529, -3.0429, 0.2824, 41.5906, 90.6312, 0, 1
1745404889.631, 3.058, 2.403, -0.4634, -1.1530, -3.0417, 0.2681, 41.5976, 90.6361, 0, 1
1745404889.711, 3.058, 2.401, -0.4633, -1.1530, -3.0418, 0.2694, 41.5977, 90.6312, 0, 1
1745404889.910, 3.059, 2.402, -0.4633, -1.1530, -3.0418, 0.2707, 41.5976, 90.6266, 0, 1
1745404890.109, 3.058, 2.403, -0.4634, -1.1530, -3.0418, 0.2728, 41.5997, 90.6228, 0, 1
1745404890.308, 3.058, 2.405, -0.4634, -1.1530, -3.0419, 0.2761, 41.6010, 90.6181, 0, 1
1745404890.507, 3.057, 2.405, -0.4634, -1.1530, -3.0419, 0.2784, 41.6027, 90.6158, 0, 1
1745404890.587, 3.057, 2.405, -0.4634, -1.1530, -3.0419, 0.2816, 41.6014, 90.6146, 0, 1
1745404890.667, 3.057, 2.406, -0.4634, -1.1530, -3.0419, 0.2837, 41.5985, 90.6188, 0, 1
1745404890.746, 3.058, 2.405, -0.4634, -1.1530, -3.0419, 0.2853, 41.5958, 90.6222, 0, 1
1745404890.826, 3.058, 2.404, -0.4634, -1.1530, -3.0420, 0.2882, 41.5929, 90.6221, 0, 1
1745404890.905, 3.059, 2.404, -0.4634, -1.1530, -3.0419, 0.2934, 41.5911, 90.6209, 0, 1
1745404890.985, 3.059, 2.403, -0.4634, -1.1530, -3.0419, 0.2942, 41.5898, 90.6198, 0, 1
1745404891.065, 3.058, 2.402, -0.4634, -1.1530, -3.0420, 0.2965, 41.5896, 90.6169, 0, 1
1745404891.145, 3.057, 2.403, -0.4634, -1.1530, -3.0420, 0.2980, 41.5896, 90.6123, 0, 1
1745404891.224, 3.057, 2.402, -0.4634, -1.1531, -3.0420, 0.2946, 41.5904, 90.6125, 0, 1
1745404891.304, 3.056, 2.402, -0.4634, -1.1531, -3.0420, 0.2911, 41.5899, 90.6128, 0, 1
1745404891.384, 3.056, 2.403, -0.4634, -1.1531, -3.0420, 0.2901, 41.5908, 90.6116, 0, 1
1745404891.463, 3.056, 2.404, -0.4635, -1.1531, -3.0420, 0.2875, 41.5920, 90.6094, 0, 1
1745404891.543, 3.055, 2.404, -0.4634, -1.1531, -3.0420, 0.2837, 41.5931, 90.6097, 0, 1
1745404891.622, 3.055, 2.404, -0.4635, -1.1530, -3.0420, 0.2852, 41.5942, 90.6053, 0, 1
1745404891.702, 3.057, 2.403, -0.4635, -1.1531, -3.0420, 0.2852, 41.5954, 90.6027, 0, 1
1745404891.782, 3.057, 2.403, -0.4635, -1.1531, -3.0420, 0.2830, 41.5960, 90.6029, 0, 1
1745404891.861, 3.057, 2.402, -0.4634, -1.1531, -3.0421, 0.2822, 41.5954, 90.6030, 0, 1
1745404891.941, 3.057, 2.401, -0.4635, -1.1531, -3.0421, 0.2843, 41.5938, 90.6006, 0, 1
1745404892.021, 3.056, 2.402, -0.4635, -1.1531, -3.0420, 0.2798, 41.5875, 90.5997, 0, 1
1745404892.100, 3.056, 2.402, -0.4638, -1.1531, -3.0416, 0.2764, 41.5877, 90.5958, 0, 1
1745404892.180, 3.056, 2.401, -0.4645, -1.1531, -3.0409, 0.2683, 41.5944, 90.5931, 0, 1
1745404892.260, 3.056, 2.401, -0.4656, -1.1531, -3.0396, 0.2612, 41.6094, 90.5934, 0, 1
1745404892.339, 3.057, 2.400, -0.4672, -1.1532, -3.0379, 0.2605, 41.6262, 90.5901, 0, 1
1745404892.419, 3.058, 2.398, -0.4692, -1.1532, -3.0358, 0.2585, 41.6513, 90.5910, 0, 1
1745404892.498, 3.056, 2.395, -0.4714, -1.1532, -3.0334, 0.2641, 41.6704, 90.5892, 0, 1
1745404892.578, 3.058, 2.392, -0.4738, -1.1533, -3.0310, 0.2939, 41.6855, 90.5708, 0, 1
1745404892.658, 3.059, 2.390, -0.4763, -1.1533, -3.0285, 0.3330, 41.6946, 90.5465, 0, 1
1745404892.737, 3.058, 2.387, -0.4789, -1.1534, -3.0258, 0.3864, 41.7056, 90.5108, 0, 1
1745404892.817, 3.057, 2.383, -0.4818, -1.1535, -3.0230, 0.4579, 41.7208, 90.4612, 0, 1
1745404892.897, 3.059, 2.381, -0.4849, -1.1536, -3.0198, 0.5203, 41.7494, 90.4248, 0, 1
1745404892.978, 3.058, 2.378, -0.4882, -1.1537, -3.0163, 0.5516, 41.7853, 90.4057, 0, 1
1745404893.177, 3.058, 2.372, -0.4927, -1.1538, -3.0116, 0.5719, 41.8334, 90.4074, 0, 1
1745404893.255, 3.059, 2.365, -0.4971, -1.1539, -3.0069, 0.5820, 41.8727, 90.4225, 0, 1
1745404893.335, 3.059, 2.360, -0.5014, -1.1540, -3.0023, 0.5851, 41.9019, 90.4536, 0, 1
1745404893.414, 3.057, 2.353, -0.5056, -1.1541, -2.9977, 0.5818, 41.9207, 90.4823, 0, 1
1745404893.494, 3.058, 2.345, -0.5098, -1.1543, -2.9932, 0.5694, 41.9218, 90.5224, 0, 1
1745404893.574, 3.057, 2.342, -0.5131, -1.1544, -2.9896, 0.5526, 41.9122, 90.5536, 0, 1
1745404893.653, 3.057, 2.337, -0.5165, -1.1545, -2.9858, 0.5148, 41.9155, 90.6007, 0, 1
1745404893.733, 3.055, 2.331, -0.5201, -1.1546, -2.9818, 0.4687, 41.9194, 90.6435, 0, 1
1745404893.813, 3.055, 2.326, -0.5237, -1.1547, -2.9779, 0.4387, 41.9150, 90.6725, 0, 1
1745404893.892, 3.056, 2.321, -0.5272, -1.1547, -2.9740, 0.4344, 41.9153, 90.6912, 0, 1
1745404893.972, 3.056, 2.315, -0.5305, -1.1548, -2.9704, 0.4348, 41.9109, 90.7010, 0, 1
1745404894.052, 3.056, 2.310, -0.5337, -1.1549, -2.9669, 0.4498, 41.8952, 90.6947, 0, 1
1745404894.131, 3.056, 2.306, -0.5369, -1.1550, -2.9636, 0.4753, 41.8873, 90.6805, 0, 1
1745404894.330, 3.057, 2.301, -0.5412, -1.1551, -2.9590, 0.5085, 41.8832, 90.6733, 0, 1
1745404894.410, 3.055, 2.295, -0.5456, -1.1552, -2.9543, 0.5437, 41.8954, 90.6467, 0, 1
1745404894.490, 3.054, 2.288, -0.5501, -1.1552, -2.9496, 0.5777, 41.9284, 90.6265, 0, 1
1745404894.569, 3.054, 2.283, -0.5546, -1.1554, -2.9448, 0.6068, 41.9665, 90.6023, 0, 1
1745404894.649, 3.055, 2.276, -0.5592, -1.1555, -2.9400, 0.6329, 41.9995, 90.5786, 0, 1
1745404894.729, 3.053, 2.271, -0.5626, -1.1557, -2.9363, 0.6400, 42.0334, 90.5628, 0, 1
1745404894.808, 3.053, 2.266, -0.5661, -1.1558, -2.9326, 0.6421, 42.0385, 90.5653, 0, 1
1745404894.888, 3.053, 2.261, -0.5695, -1.1560, -2.9290, 0.6392, 42.0271, 90.5691, 0, 1
1745404894.968, 3.052, 2.255, -0.5729, -1.1561, -2.9252, 0.6305, 42.0266, 90.5890, 0, 1
1745404895.047, 3.050, 2.250, -0.5764, -1.1562, -2.9214, 0.5988, 42.0269, 90.6323, 0, 1
1745404895.127, 3.052, 2.245, -0.5798, -1.1563, -2.9175, 0.5715, 42.0353, 90.6806, 0, 1
1745404895.206, 3.051, 2.239, -0.5834, -1.1564, -2.9137, 0.5406, 42.0859, 90.7257, 0, 1
1745404895.286, 3.051, 2.233, -0.5868, -1.1565, -2.9098, 0.5086, 42.1359, 90.7767, 0, 1
1745404895.366, 3.052, 2.228, -0.5901, -1.1567, -2.9062, 0.4732, 42.1837, 90.8191, 0, 1
1745404895.446, 3.053, 2.223, -0.5934, -1.1568, -2.9026, 0.4524, 42.2347, 90.8515, 0, 1
1745404895.525, 3.052, 2.219, -0.5966, -1.1569, -2.8992, 0.4240, 42.2801, 90.8765, 0, 1
1745404895.605, 3.052, 2.214, -0.5998, -1.1570, -2.8956, 0.3988, 42.3135, 90.9073, 0, 1
1745404895.684, 3.054, 2.210, -0.6031, -1.1571, -2.8921, 0.3724, 42.3363, 90.9301, 0, 1
1745404895.764, 3.054, 2.205, -0.6066, -1.1573, -2.8884, 0.3706, 42.3703, 90.9433, 0, 1
1745404895.844, 3.054, 2.200, -0.6101, -1.1574, -2.8846, 0.3656, 42.4084, 90.9549, 0, 1
1745404895.923, 3.053, 2.194, -0.6138, -1.1575, -2.8808, 0.3878, 42.4508, 90.9489, 0, 1
1745404896.003, 3.055, 2.190, -0.6175, -1.1575, -2.8770, 0.4210, 42.4762, 90.9262, 0, 1
1745404896.083, 3.053, 2.184, -0.6213, -1.1577, -2.8732, 0.4819, 42.5179, 90.8879, 0, 1
1745404896.162, 3.053, 2.179, -0.6251, -1.1578, -2.8695, 0.5365, 42.5501, 90.8533, 0, 1
1745404896.242, 3.052, 2.174, -0.6288, -1.1579, -2.8658, 0.6003, 42.5919, 90.8178, 0, 1
1745404896.322, 3.053, 2.168, -0.6325, -1.1581, -2.8620, 0.6264, 42.6359, 90.7983, 0, 1
1745404896.401, 3.053, 2.162, -0.6361, -1.1583, -2.8583, 0.6403, 42.6889, 90.8010, 0, 1
1745404896.481, 3.053, 2.157, -0.6397, -1.1584, -2.8545, 0.6451, 42.7389, 90.8160, 0, 1
1745404896.561, 3.052, 2.152, -0.6434, -1.1585, -2.8508, 0.6504, 42.7798, 90.8382, 0, 1
1745404896.640, 3.052, 2.147, -0.6470, -1.1586, -2.8471, 0.6640, 42.7935, 90.8566, 0, 1
1745404896.839, 3.051, 2.140, -0.6518, -1.1588, -2.8422, 0.6637, 42.8208, 90.9054, 0, 1
1745404896.919, 3.051, 2.134, -0.6566, -1.1590, -2.8372, 0.6692, 42.8439, 90.9429, 0, 1
1745404896.998, 3.051, 2.127, -0.6613, -1.1592, -2.8323, 0.6642, 42.8521, 90.9820, 0, 1
1745404897.078, 3.050, 2.120, -0.6659, -1.1594, -2.8275, 0.6498, 42.8639, 91.0274, 0, 1
1745404897.158, 3.049, 2.113, -0.6705, -1.1596, -2.8226, 0.6320, 42.8955, 91.0679, 0, 1
1745404897.237, 3.049, 2.108, -0.6740, -1.1597, -2.8191, 0.6523, 42.8979, 91.0556, 0, 1
1745404897.317, 3.049, 2.103, -0.6775, -1.1598, -2.8155, 0.6761, 42.8911, 91.0392, 0, 1
1745404897.397, 3.049, 2.098, -0.6811, -1.1599, -2.8120, 0.6962, 42.8972, 91.0191, 0, 1
1745404897.476, 3.048, 2.093, -0.6846, -1.1600, -2.8084, 0.7144, 42.8887, 90.9938, 0, 1
1745404897.556, 3.047, 2.087, -0.6881, -1.1601, -2.8049, 0.7278, 42.8673, 90.9738, 0, 1
1745404897.636, 3.046, 2.082, -0.6915, -1.1602, -2.8013, 0.7320, 42.8601, 90.9761, 0, 1
1745404897.715, 3.045, 2.077, -0.6950, -1.1603, -2.7978, 0.7240, 42.8687, 90.9767, 0, 1
1745404897.795, 3.045, 2.072, -0.6986, -1.1605, -2.7941, 0.7307, 42.8927, 90.9746, 0, 1
1745404897.994, 3.045, 2.063, -0.7033, -1.1607, -2.7892, 0.7239, 42.9173, 90.9757, 0, 1
1745404898.074, 3.045, 2.057, -0.7080, -1.1608, -2.7843, 0.7278, 42.9312, 90.9699, 0, 1
1745404898.154, 3.045, 2.050, -0.7128, -1.1610, -2.7793, 0.7244, 42.9304, 90.9707, 0, 1
1745404898.233, 3.045, 2.043, -0.7175, -1.1613, -2.7743, 0.7161, 42.9184, 90.9889, 0, 1
1745404898.313, 3.045, 2.036, -0.7221, -1.1615, -2.7693, 0.6827, 42.9065, 91.0200, 0, 1
1745404898.392, 3.045, 2.031, -0.7257, -1.1617, -2.7656, 0.6590, 42.9000, 91.0492, 0, 1
1745404898.472, 3.046, 2.026, -0.7291, -1.1619, -2.7619, 0.6154, 42.9082, 91.0891, 0, 1
1745404898.552, 3.046, 2.021, -0.7325, -1.1621, -2.7583, 0.5763, 42.9202, 91.1257, 0, 1
1745404898.631, 3.046, 2.017, -0.7358, -1.1622, -2.7548, 0.5390, 42.9448, 91.1490, 0, 1
1745404898.711, 3.046, 2.012, -0.7392, -1.1623, -2.7512, 0.5082, 42.9504, 91.1675, 0, 1
1745404898.791, 3.046, 2.007, -0.7425, -1.1625, -2.7476, 0.4806, 42.9590, 91.1857, 0, 1
1745404898.870, 3.046, 2.002, -0.7460, -1.1626, -2.7439, 0.4614, 42.9610, 91.1989, 0, 1
1745404898.950, 3.046, 1.998, -0.7496, -1.1628, -2.7402, 0.4562, 42.9643, 91.2064, 0, 1
1745404899.149, 3.045, 1.991, -0.7544, -1.1630, -2.7353, 0.4851, 42.9652, 91.1876, 0, 1
1745404899.229, 3.045, 1.985, -0.7593, -1.1632, -2.7304, 0.5424, 42.9713, 91.1535, 0, 1
1745404899.308, 3.044, 1.978, -0.7643, -1.1634, -2.7255, 0.6126, 42.9744, 91.1014, 0, 1
1745404899.388, 3.042, 1.970, -0.7693, -1.1636, -2.7206, 0.6898, 42.9918, 91.0494, 0, 1
1745404899.467, 3.041, 1.963, -0.7743, -1.1638, -2.7157, 0.7503, 43.0243, 91.0000, 0, 1
1745404899.547, 3.041, 1.958, -0.7782, -1.1639, -2.7119, 0.7737, 43.0652, 90.9862, 0, 1
1745404899.627, 3.040, 1.952, -0.7820, -1.1640, -2.7080, 0.7717, 43.1048, 90.9888, 0, 1
1745404899.707, 3.041, 1.946, -0.7858, -1.1641, -2.7041, 0.7667, 43.1591, 91.0056, 0, 1
1745404899.786, 3.042, 1.941, -0.7897, -1.1643, -2.7002, 0.7659, 43.1912, 91.0185, 0, 1
1745404899.866, 3.042, 1.936, -0.7935, -1.1645, -2.6962, 0.7518, 43.2207, 91.0516, 0, 1
1745404899.945, 3.043, 1.930, -0.7974, -1.1646, -2.6921, 0.7213, 43.2341, 91.0869, 0, 1
1745404900.025, 3.044, 1.925, -0.8014, -1.1648, -2.6879, 0.6756, 43.2588, 91.1383, 0, 1
1745404900.105, 3.044, 1.919, -0.8055, -1.1651, -2.6836, 0.6194, 43.2602, 91.1895, 0, 1
1745404900.304, 3.043, 1.911, -0.8108, -1.1653, -2.6780, 0.5419, 43.2800, 91.2579, 0, 1
1745404900.383, 3.043, 1.902, -0.8162, -1.1655, -2.6724, 0.4953, 43.3015, 91.2967, 0, 1
1745404900.463, 3.042, 1.895, -0.8216, -1.1657, -2.6668, 0.4811, 43.3192, 91.3173, 0, 1
1745404900.543, 3.042, 1.888, -0.8270, -1.1660, -2.6613, 0.4857, 43.3323, 91.3164, 0, 1
1745404900.622, 3.040, 1.881, -0.8326, -1.1661, -2.6557, 0.5056, 43.3436, 91.2995, 0, 1
1745404900.702, 3.038, 1.875, -0.8370, -1.1663, -2.6513, 0.5421, 43.3635, 91.2591, 0, 1
1745404900.782, 3.037, 1.869, -0.8415, -1.1665, -2.6468, 0.5776, 43.3818, 91.2208, 0, 1
1745404900.861, 3.037, 1.864, -0.8460, -1.1667, -2.6423, 0.6085, 43.4176, 91.1834, 0, 1
1745404900.941, 3.036, 1.857, -0.8505, -1.1668, -2.6379, 0.6369, 43.4420, 91.1408, 0, 1
1745404901.021, 3.037, 1.851, -0.8549, -1.1671, -2.6335, 0.6527, 43.4779, 91.1146, 0, 1
1745404901.100, 3.038, 1.844, -0.8592, -1.1672, -2.6291, 0.6625, 43.4965, 91.0984, 0, 1
1745404901.180, 3.037, 1.838, -0.8634, -1.1674, -2.6247, 0.6518, 43.4967, 91.0960, 0, 1
1745404901.259, 3.036, 1.831, -0.8677, -1.1676, -2.6202, 0.6305, 43.5006, 91.1075, 0, 1
1745404901.339, 3.035, 1.825, -0.8719, -1.1679, -2.6158, 0.6079, 43.5182, 91.1360, 0, 1
1745404901.419, 3.034, 1.819, -0.8761, -1.1681, -2.6114, 0.5831, 43.5488, 91.1620, 0, 1
1745404901.499, 3.033, 1.812, -0.8802, -1.1683, -2.6071, 0.5532, 43.5874, 91.1857, 0, 1
1745404901.578, 3.034, 1.806, -0.8844, -1.1684, -2.6028, 0.5341, 43.6432, 91.2047, 0, 1
1745404901.658, 3.034, 1.800, -0.8885, -1.1685, -2.5985, 0.5127, 43.6912, 91.2237, 0, 1
1745404901.737, 3.034, 1.794, -0.8927, -1.1686, -2.5942, 0.5050, 43.7281, 91.2267, 0, 1
1745404901.817, 3.032, 1.789, -0.8970, -1.1688, -2.5899, 0.4987, 43.7657, 91.2316, 0, 1
1745404901.897, 3.032, 1.783, -0.9012, -1.1690, -2.5856, 0.4971, 43.7998, 91.2356, 0, 1
1745404901.976, 3.030, 1.777, -0.9055, -1.1692, -2.5814, 0.5218, 43.8345, 91.2138, 0, 1
1745404902.056, 3.029, 1.771, -0.9099, -1.1694, -2.5772, 0.5745, 43.8563, 91.1757, 0, 1
1745404902.136, 3.029, 1.764, -0.9143, -1.1696, -2.5730, 0.6342, 43.8842, 91.1322, 0, 1
1745404902.215, 3.031, 1.758, -0.9187, -1.1697, -2.5688, 0.6963, 43.9244, 91.0879, 0, 1
1745404902.295, 3.034, 1.752, -0.9231, -1.1700, -2.5646, 0.7433, 43.9774, 91.0505, 0, 1
1745404902.375, 3.037, 1.747, -0.9275, -1.1702, -2.5603, 0.7703, 44.0276, 91.0353, 0, 1
1745404902.454, 3.039, 1.741, -0.9319, -1.1704, -2.5561, 0.7935, 44.0746, 91.0219, 0, 1
1745404902.534, 3.041, 1.735, -0.9363, -1.1706, -2.5518, 0.8278, 44.1108, 91.0197, 0, 1
1745404902.614, 3.042, 1.729, -0.9406, -1.1708, -2.5474, 0.8217, 44.1320, 91.0470, 0, 1
1745404902.693, 3.044, 1.723, -0.9451, -1.1710, -2.5429, 0.8265, 44.1468, 91.0737, 0, 1
1745404902.773, 3.046, 1.716, -0.9497, -1.1712, -2.5384, 0.8251, 44.1598, 91.0974, 0, 1
1745404902.852, 3.047, 1.710, -0.9543, -1.1714, -2.5338, 0.8175, 44.1717, 91.1293, 0, 1
1745404902.932, 3.048, 1.704, -0.9588, -1.1716, -2.5292, 0.7781, 44.2035, 91.1640, 0, 1
1745404903.012, 3.050, 1.698, -0.9632, -1.1718, -2.5247, 0.7826, 44.2095, 91.1726, 0, 1
1745404903.091, 3.050, 1.692, -0.9676, -1.1720, -2.5204, 0.8000, 44.2258, 91.1707, 0, 1
1745404903.171, 3.049, 1.686, -0.9719, -1.1720, -2.5162, 0.8322, 44.2331, 91.1507, 0, 1
1745404903.251, 3.049, 1.680, -0.9761, -1.1721, -2.5121, 0.8541, 44.2454, 91.1427, 0, 1
1745404903.330, 3.049, 1.674, -0.9804, -1.1723, -2.5080, 0.8876, 44.2446, 91.1237, 0, 1
1745404903.410, 3.048, 1.668, -0.9848, -1.1724, -2.5037, 0.9190, 44.2685, 91.1017, 0, 1
1745404903.490, 3.046, 1.662, -0.9893, -1.1725, -2.4993, 0.9460, 44.2830, 91.0769, 0, 1
1745404903.569, 3.045, 1.656, -0.9939, -1.1727, -2.4948, 0.9504, 44.3171, 91.0804, 0, 1
1745404903.649, 3.045, 1.650, -0.9985, -1.1729, -2.4903, 0.9598, 44.3530, 91.0627, 0, 1
1745404903.728, 3.045, 1.644, -1.0032, -1.1731, -2.4857, 0.9611, 44.3659, 91.0565, 0, 1
1745404903.808, 3.044, 1.637, -1.0078, -1.1733, -2.4810, 0.9407, 44.3749, 91.0611, 0, 1
1745404903.888, 3.044, 1.630, -1.0125, -1.1736, -2.4763, 0.9012, 44.3752, 91.0983, 0, 1
1745404903.967, 3.043, 1.623, -1.0171, -1.1738, -2.4716, 0.8677, 44.3677, 91.1196, 0, 1
1745404904.047, 3.043, 1.616, -1.0217, -1.1741, -2.4668, 0.8160, 44.3705, 91.1644, 0, 1
1745404904.127, 3.044, 1.609, -1.0262, -1.1743, -2.4621, 0.7633, 44.4013, 91.2004, 0, 1
1745404904.206, 3.043, 1.603, -1.0309, -1.1745, -2.4575, 0.7279, 44.4409, 91.2272, 0, 1
1745404904.286, 3.043, 1.596, -1.0355, -1.1747, -2.4528, 0.6954, 44.4802, 91.2331, 0, 1
1745404904.366, 3.042, 1.589, -1.0402, -1.1749, -2.4481, 0.6720, 44.4995, 91.2447, 0, 1
1745404904.446, 3.042, 1.582, -1.0450, -1.1751, -2.4434, 0.6698, 44.5161, 91.2366, 0, 1
1745404904.525, 3.041, 1.575, -1.0499, -1.1753, -2.4387, 0.6912, 44.5240, 91.2183, 0, 1
1745404904.605, 3.040, 1.568, -1.0548, -1.1754, -2.4340, 0.7303, 44.5217, 91.1780, 0, 1
1745404904.684, 3.039, 1.563, -1.0597, -1.1756, -2.4295, 0.8132, 44.5100, 91.1101, 0, 1
1745404904.764, 3.040, 1.558, -1.0646, -1.1758, -2.4249, 0.8891, 44.5235, 91.0421, 0, 1
1745404904.844, 3.041, 1.551, -1.0695, -1.1760, -2.4204, 0.9489, 44.5437, 90.9787, 0, 1
1745404904.923, 3.040, 1.545, -1.0744, -1.1762, -2.4158, 0.9873, 44.5764, 90.9245, 0, 1
1745404905.003, 3.040, 1.538, -1.0794, -1.1763, -2.4111, 1.0200, 44.6137, 90.8893, 0, 1
1745404905.083, 3.041, 1.530, -1.0843, -1.1766, -2.4064, 1.0287, 44.6469, 90.8789, 0, 1
1745404905.162, 3.041, 1.522, -1.0892, -1.1767, -2.4016, 0.9950, 44.6744, 90.8933, 0, 1
1745404905.242, 3.040, 1.515, -1.0941, -1.1769, -2.3968, 0.9692, 44.6832, 90.9020, 0, 1
1745404905.322, 3.040, 1.508, -1.0989, -1.1771, -2.3919, 0.9311, 44.6878, 90.9246, 0, 1
1745404905.401, 3.038, 1.501, -1.1037, -1.1774, -2.3872, 0.8843, 44.6915, 90.9447, 0, 1
1745404905.481, 3.036, 1.494, -1.1084, -1.1776, -2.3824, 0.8313, 44.7018, 90.9621, 0, 1
1745404905.560, 3.034, 1.487, -1.1131, -1.1778, -2.3778, 0.8065, 44.7039, 90.9679, 0, 1
1745404905.640, 3.031, 1.480, -1.1177, -1.1780, -2.3732, 0.7945, 44.7079, 90.9700, 0, 1
1745404905.720, 3.032, 1.472, -1.1223, -1.1782, -2.3688, 0.7872, 44.7076, 90.9625, 0, 1
1745404905.799, 3.032, 1.466, -1.1269, -1.1783, -2.3643, 0.7908, 44.6853, 90.9389, 0, 1
1745404905.879, 3.032, 1.459, -1.1316, -1.1783, -2.3597, 0.7785, 44.6802, 90.9217, 0, 1
1745404905.959, 3.033, 1.452, -1.1364, -1.1785, -2.3550, 0.7961, 44.6784, 90.8753, 0, 1
1745404906.038, 3.034, 1.445, -1.1413, -1.1786, -2.3503, 0.8030, 44.7016, 90.8369, 0, 1
1745404906.118, 3.033, 1.439, -1.1462, -1.1787, -2.3455, 0.8132, 44.7193, 90.7921, 0, 1
1745404906.198, 3.033, 1.433, -1.1511, -1.1790, -2.3406, 0.8131, 44.7361, 90.7642, 0, 1
1745404906.277, 3.031, 1.426, -1.1558, -1.1792, -2.3361, 0.8288, 44.7185, 90.7265, 0, 1
1745404906.357, 3.029, 1.420, -1.1596, -1.1793, -2.3323, 0.8143, 44.7117, 90.7094, 0, 1
1745404906.436, 3.028, 1.413, -1.1624, -1.1795, -2.3296, 0.8073, 44.6862, 90.6931, 0, 1
1745404906.516, 3.027, 1.408, -1.1642, -1.1796, -2.3278, 0.8021, 44.6630, 90.6866, 0, 1
1745404906.596, 3.028, 1.404, -1.1651, -1.1796, -2.3270, 0.7950, 44.6548, 90.6871, 0, 1
1745404906.675, 3.028, 1.401, -1.1652, -1.1796, -2.3268, 0.7821, 44.6695, 90.7018, 0, 1
1745404906.755, 3.029, 1.399, -1.1652, -1.1797, -2.3269, 0.7866, 44.6700, 90.7101, 0, 1
1745404906.835, 3.030, 1.398, -1.1652, -1.1797, -2.3269, 0.7831, 44.6690, 90.7214, 0, 1
1745404906.914, 3.028, 1.398, -1.1652, -1.1797, -2.3269, 0.7816, 44.6693, 90.7315, 0, 1
1745404906.994, 3.029, 1.399, -1.1653, -1.1797, -2.3270, 0.7798, 44.6695, 90.7358, 0, 1
1745404907.074, 3.030, 1.399, -1.1653, -1.1797, -2.3270, 0.7812, 44.6712, 90.7322, 0, 1
1745404907.153, 3.030, 1.399, -1.1653, -1.1797, -2.3270, 0.7808, 44.6729, 90.7321, 0, 1
1745404907.233, 3.031, 1.399, -1.1653, -1.1797, -2.3270, 0.7776, 44.6744, 90.7356, 0, 1
1745404907.312, 3.031, 1.399, -1.1653, -1.1797, -2.3270, 0.7770, 44.6739, 90.7372, 0, 1
1745404907.392, 3.030, 1.399, -1.1653, -1.1798, -2.3271, 0.7765, 44.6752, 90.7390, 0, 1
1745404907.472, 3.031, 1.399, -1.1653, -1.1798, -2.3271, 0.7763, 44.6771, 90.7406, 0, 1
1745404907.551, 3.030, 1.400, -1.1653, -1.1798, -2.3271, 0.7739, 44.6802, 90.7441, 0, 1
1745404907.631, 3.029, 1.399, -1.1653, -1.1798, -2.3271, 0.7738, 44.6819, 90.7448, 0, 1
1745404907.711, 3.029, 1.399, -1.1653, -1.1798, -2.3271, 0.7666, 44.6866, 90.7528, 0, 1
1745404907.790, 3.029, 1.399, -1.1653, -1.1799, -2.3272, 0.7614, 44.6901, 90.7613, 0, 1
1745404907.870, 3.027, 1.399, -1.1653, -1.1799, -2.3272, 0.7593, 44.6906, 90.7655, 0, 1
1745404907.950, 3.027, 1.399, -1.1653, -1.1799, -2.3272, 0.7587, 44.6894, 90.7683, 0, 1
1745404908.029, 3.026, 1.399, -1.1653, -1.1799, -2.3272, 0.7629, 44.6883, 90.7650, 0, 1
1745404908.109, 3.027, 1.399, -1.1653, -1.1799, -2.3273, 0.7755, 44.6839, 90.7511, 0, 1
1745404908.189, 3.028, 1.399, -1.1654, -1.1799, -2.3273, 0.7849, 44.6792, 90.7372, 0, 1
1745404908.268, 3.030, 1.399, -1.1654, -1.1799, -2.3273, 0.7912, 44.6772, 90.7278, 0, 1
1745404908.348, 3.030, 1.399, -1.1654, -1.1799, -2.3273, 0.7956, 44.6769, 90.7209, 0, 1
1745404908.428, 3.030, 1.399, -1.1654, -1.1799, -2.3273, 0.7994, 44.6761, 90.7169, 0, 1
1745404908.507, 3.028, 1.399, -1.1654, -1.1799, -2.3273, 0.8009, 44.6766, 90.7167, 0, 1
1745404908.587, 3.028, 1.399, -1.1654, -1.1799, -2.3273, 0.7988, 44.6804, 90.7213, 0, 1
1745404908.667, 3.027, 1.399, -1.1654, -1.1799, -2.3274, 0.7971, 44.6844, 90.7239, 0, 1
1745404908.746, 3.027, 1.399, -1.1654, -1.1800, -2.3274, 0.7961, 44.6873, 90.7246, 0, 1
1745404908.826, 3.028, 1.399, -1.1654, -1.1800, -2.3274, 0.7904, 44.6903, 90.7299, 0, 1
1745404908.906, 3.028, 1.399, -1.1654, -1.1800, -2.3274, 0.7859, 44.6936, 90.7333, 0, 1
1745404908.985, 3.028, 1.399, -1.1655, -1.1800, -2.3275, 0.7851, 44.6942, 90.7334, 0, 1
1745404909.065, 3.027, 1.399, -1.1655, -1.1800, -2.3275, 0.7830, 44.6934, 90.7365, 0, 1
1745404909.144, 3.027, 1.399, -1.1655, -1.1800, -2.3275, 0.7858, 44.6935, 90.7366, 0, 1
1745404909.224, 3.028, 1.399, -1.1655, -1.1800, -2.3275, 0.7861, 44.6929, 90.7358, 0, 1
1745404909.304, 3.028, 1.399, -1.1655, -1.1800, -2.3275, 0.7856, 44.6911, 90.7362, 0, 1
1745404909.383, 3.028, 1.399, -1.1655, -1.1800, -2.3275, 0.7886, 44.6895, 90.7339, 0, 1
1745404909.463, 3.029, 1.399, -1.1655, -1.1800, -2.3276, 0.7883, 44.6904, 90.7345, 0, 1
1745404909.543, 3.030, 1.399, -1.1655, -1.1800, -2.3276, 0.7847, 44.6898, 90.7363, 0, 1
1745404909.622, 3.030, 1.399, -1.1655, -1.1801, -2.3275, 0.7919, 44.6881, 90.7290, 0, 1
1745404909.702, 3.031, 1.399, -1.1655, -1.1801, -2.3276, 0.7952, 44.6883, 90.7271, 0, 1
1745404909.781, 3.032, 1.399, -1.1655, -1.1801, -2.3276, 0.7956, 44.6874, 90.7280, 0, 1
1745404909.861, 3.031, 1.399, -1.1655, -1.1801, -2.3276, 0.7995, 44.6859, 90.7251, 0, 1
1745404909.941, 3.030, 1.399, -1.1655, -1.1801, -2.3276, 0.8029, 44.6863, 90.7236, 0, 1
1745404910.020, 3.029, 1.399, -1.1655, -1.1801, -2.3276, 0.7999, 44.6882, 90.7297, 0, 1
1745404910.100, 3.030, 1.399, -1.1656, -1.1801, -2.3276, 0.8005, 44.6890, 90.7309, 0, 1
1745404910.180, 3.030, 1.399, -1.1656, -1.1801, -2.3277, 0.8020, 44.6892, 90.7302, 0, 1
1745404910.259, 3.030, 1.399, -1.1656, -1.1801, -2.3277, 0.8048, 44.6870, 90.7286, 0, 1
1745404910.339, 3.030, 1.399, -1.1656, -1.1801, -2.3277, 0.8034, 44.6855, 90.7308, 0, 1
1745404910.419, 3.029, 1.399, -1.1656, -1.1801, -2.3277, 0.7984, 44.6858, 90.7365, 0, 1
1745404910.498, 3.028, 1.399, -1.1656, -1.1801, -2.3277, 0.7925, 44.6862, 90.7428, 0, 1
1745404910.578, 3.028, 1.399, -1.1656, -1.1801, -2.3277, 0.7819, 44.6892, 90.7559, 0, 1
1745404910.658, 3.027, 1.399, -1.1656, -1.1801, -2.3277, 0.7734, 44.6938, 90.7668, 0, 1
1745404910.737, 3.027, 1.399, -1.1656, -1.1801, -2.3277, 0.7668, 44.6953, 90.7741, 0, 1
1745404910.817, 3.027, 1.399, -1.1656, -1.1802, -2.3277, 0.7644, 44.6958, 90.7784, 0, 1
1745404910.897, 3.027, 1.399, -1.1656, -1.1802, -2.3278, 0.7656, 44.6956, 90.7789, 0, 1
1745404910.976, 3.026, 1.399, -1.1656, -1.1802, -2.3278, 0.7711, 44.6945, 90.7724, 0, 1
1745404911.056, 3.026, 1.399, -1.1656, -1.1802, -2.3278, 0.7753, 44.6930, 90.7681, 0, 1
1745404911.135, 3.026, 1.399, -1.1657, -1.1802, -2.3278, 0.7819, 44.6940, 90.7634, 0, 1
1745404911.215, 3.026, 1.399, -1.1657, -1.1802, -2.3278, 0.7865, 44.6942, 90.7555, 0, 1
1745404911.295, 3.026, 1.399, -1.1657, -1.1802, -2.3278, 0.7884, 44.6968, 90.7520, 0, 1
1745404911.374, 3.027, 1.399, -1.1655, -1.1802, -2.3280, 0.7955, 44.6885, 90.7482, 0, 1
1745404911.454, 3.027, 1.399, -1.1648, -1.1802, -2.3287, 0.8149, 44.6707, 90.7434, 0, 1
1745404911.534, 3.027, 1.399, -1.1629, -1.1801, -2.3306, 0.8362, 44.6329, 90.7446, 0, 1
1745404911.613, 3.029, 1.400, -1.1595, -1.1801, -2.3341, 0.8790, 44.5610, 90.7360, 0, 1
1745404911.693, 3.030, 1.402, -1.1543, -1.1799, -2.3391, 0.9023, 44.4532, 90.7547, 0, 1
1745404911.773, 3.030, 1.407, -1.1477, -1.1797, -2.3458, 0.9254, 44.3490, 90.7795, 0, 1
1745404911.852, 3.030, 1.413, -1.1401, -1.1795, -2.3533, 0.9301, 44.2376, 90.8180, 0, 1
1745404911.932, 3.030, 1.420, -1.1324, -1.1793, -2.3609, 0.9319, 44.1262, 90.8463, 0, 1
1745404912.012, 3.030, 1.430, -1.1250, -1.1790, -2.3682, 0.9005, 44.0310, 90.9059, 0, 1
1745404912.091, 3.031, 1.440, -1.1183, -1.1787, -2.3751, 0.9043, 43.9489, 90.9312, 0, 1
1745404912.290, 3.032, 1.452, -1.1101, -1.1783, -2.3835, 0.9186, 43.8321, 90.9500, 0, 1
1745404912.370, 3.032, 1.467, -1.1019, -1.1779, -2.3918, 0.9368, 43.7095, 90.9642, 0, 1
1745404912.449, 3.034, 1.479, -1.0936, -1.1775, -2.4003, 0.9584, 43.5787, 90.9790, 0, 1
1745404912.529, 3.035, 1.490, -1.0851, -1.1771, -2.4091, 0.9800, 43.4463, 90.9893, 0, 1
1745404912.609, 3.035, 1.500, -1.0762, -1.1769, -2.4180, 0.9577, 43.3266, 91.0275, 0, 1
1745404912.689, 3.033, 1.510, -1.0691, -1.1767, -2.4250, 0.9014, 43.2221, 91.0839, 0, 1
1745404912.768, 3.035, 1.520, -1.0622, -1.1764, -2.4319, 0.8362, 43.1173, 91.1360, 0, 1
1745404912.848, 3.034, 1.530, -1.0553, -1.1763, -2.4389, 0.7785, 43.0284, 91.1962, 0, 1
1745404912.928, 3.033, 1.539, -1.0484, -1.1759, -2.4459, 0.7440, 42.9289, 91.2360, 0, 1
1745404913.007, 3.032, 1.552, -1.0414, -1.1755, -2.4534, 0.7647, 42.8231, 91.2389, 0, 1
1745404913.087, 3.032, 1.561, -1.0340, -1.1753, -2.4614, 0.8458, 42.7118, 91.1892, 0, 1
1745404913.167, 3.032, 1.571, -1.0261, -1.1751, -2.4700, 0.9299, 42.5968, 91.1494, 0, 1
1745404913.246, 3.035, 1.582, -1.0177, -1.1747, -2.4790, 1.0122, 42.4743, 91.0934, 0, 1
1745404913.326, 3.037, 1.593, -1.0090, -1.1745, -2.4884, 1.0648, 42.3636, 91.0551, 0, 1
1745404913.405, 3.039, 1.605, -1.0000, -1.1741, -2.4980, 1.0804, 42.2547, 91.0295, 0, 1
1745404913.485, 3.040, 1.619, -0.9908, -1.1736, -2.5076, 1.0382, 42.1523, 91.0459, 0, 1
1745404913.565, 3.041, 1.629, -0.9816, -1.1732, -2.5172, 1.0024, 42.0573, 91.0523, 0, 1
1745404913.644, 3.041, 1.643, -0.9727, -1.1729, -2.5267, 0.9701, 41.9651, 91.0686, 0, 1
1745404913.724, 3.041, 1.656, -0.9639, -1.1725, -2.5361, 0.9608, 41.8548, 91.0485, 0, 1
1745404913.804, 3.042, 1.669, -0.9553, -1.1722, -2.5453, 0.9448, 41.7347, 91.0393, 0, 1
1745404913.883, 3.042, 1.681, -0.9469, -1.1718, -2.5545, 0.9481, 41.6072, 91.0205, 0, 1
1745404913.963, 3.043, 1.694, -0.9383, -1.1714, -2.5637, 0.9084, 41.4883, 91.0223, 0, 1
1745404914.043, 3.042, 1.706, -0.9297, -1.1711, -2.5729, 0.8418, 41.3590, 91.0420, 0, 1
1745404914.122, 3.041, 1.719, -0.9210, -1.1707, -2.5822, 0.7890, 41.2355, 91.0743, 0, 1
1745404914.202, 3.041, 1.732, -0.9124, -1.1703, -2.5916, 0.7384, 41.1046, 91.1270, 0, 1
1745404914.282, 3.041, 1.745, -0.9037, -1.1699, -2.6011, 0.7087, 40.9734, 91.1591, 0, 1
1745404914.361, 3.040, 1.758, -0.8952, -1.1695, -2.6107, 0.7515, 40.8252, 91.1455, 0, 1
1745404914.441, 3.041, 1.771, -0.8869, -1.1692, -2.6205, 0.8167, 40.6812, 91.1031, 0, 1
1745404914.520, 3.042, 1.783, -0.8785, -1.1689, -2.6301, 0.8551, 40.5577, 91.0944, 0, 1
1745404914.600, 3.042, 1.796, -0.8701, -1.1687, -2.6398, 0.8887, 40.4388, 91.0752, 0, 1
1745404914.680, 3.042, 1.808, -0.8617, -1.1684, -2.6494, 0.8797, 40.3401, 91.0935, 0, 1
1745404914.759, 3.044, 1.821, -0.8531, -1.1681, -2.6589, 0.8224, 40.2619, 91.1478, 0, 1
1745404914.839, 3.045, 1.834, -0.8444, -1.1678, -2.6686, 0.7697, 40.1792, 91.2036, 0, 1
1745404914.919, 3.046, 1.847, -0.8358, -1.1674, -2.6784, 0.7418, 40.0812, 91.2230, 0, 1
1745404914.998, 3.046, 1.860, -0.8273, -1.1671, -2.6882, 0.7382, 39.9921, 91.2091, 0, 1
1745404915.078, 3.046, 1.873, -0.8189, -1.1667, -2.6979, 0.7597, 39.8888, 91.1781, 0, 1
1745404915.158, 3.046, 1.886, -0.8107, -1.1662, -2.7076, 0.8055, 39.7664, 91.1376, 0, 1
1745404915.237, 3.046, 1.899, -0.8025, -1.1658, -2.7171, 0.8309, 39.6452, 91.0984, 0, 1
1745404915.317, 3.045, 1.912, -0.7941, -1.1654, -2.7267, 0.7931, 39.5281, 91.1107, 0, 1
1745404915.396, 3.044, 1.924, -0.7856, -1.1652, -2.7364, 0.7401, 39.4007, 91.1379, 0, 1
1745404915.476, 3.042, 1.937, -0.7771, -1.1649, -2.7462, 0.7136, 39.2870, 91.1533, 0, 1
1745404915.556, 3.040, 1.950, -0.7687, -1.1646, -2.7560, 0.6709, 39.1811, 91.1765, 0, 1
1745404915.635, 3.037, 1.963, -0.7605, -1.1643, -2.7658, 0.6796, 39.0870, 91.1808, 0, 1
1745404915.715, 3.035, 1.976, -0.7524, -1.1640, -2.7757, 0.7487, 38.9917, 91.1289, 0, 1
1745404915.795, 3.032, 1.989, -0.7445, -1.1636, -2.7856, 0.8442, 38.9154, 91.0546, 0, 1
1745404915.874, 3.028, 2.002, -0.7365, -1.1632, -2.7954, 0.9007, 38.8435, 91.0115, 0, 1
1745404915.954, 3.025, 2.015, -0.7284, -1.1629, -2.8054, 0.9483, 38.7633, 90.9615, 0, 1
1745404916.034, 3.023, 2.027, -0.7200, -1.1627, -2.8155, 0.9426, 38.6986, 90.9501, 0, 1
1745404916.113, 3.020, 2.040, -0.7114, -1.1623, -2.8256, 0.8855, 38.6481, 90.9873, 0, 1
1745404916.193, 3.019, 2.053, -0.7028, -1.1619, -2.8357, 0.8173, 38.5668, 91.0395, 0, 1
1745404916.273, 3.019, 2.067, -0.6944, -1.1615, -2.8456, 0.7658, 38.4748, 91.0568, 0, 1
1745404916.352, 3.019, 2.081, -0.6860, -1.1611, -2.8555, 0.7130, 38.3915, 91.0494, 0, 1
1745404916.432, 3.019, 2.095, -0.6780, -1.1606, -2.8652, 0.6948, 38.2962, 91.0242, 0, 1
1745404916.511, 3.020, 2.109, -0.6701, -1.1602, -2.8748, 0.7020, 38.1825, 90.9601, 0, 1
1745404916.591, 3.020, 2.121, -0.6621, -1.1599, -2.8846, 0.6794, 38.0917, 90.9068, 0, 1
1745404916.671, 3.019, 2.133, -0.6539, -1.1597, -2.8945, 0.6317, 37.9807, 90.8839, 0, 1
1745404916.751, 3.021, 2.146, -0.6456, -1.1595, -2.9046, 0.6158, 37.8647, 90.8660, 0, 1
1745404916.830, 3.022, 2.159, -0.6372, -1.1594, -2.9151, 0.6160, 37.7330, 90.8328, 0, 1
1745404916.910, 3.021, 2.172, -0.6289, -1.1593, -2.9256, 0.6236, 37.5943, 90.7928, 0, 1
1745404916.989, 3.022, 2.186, -0.6207, -1.1591, -2.9363, 0.6878, 37.4566, 90.7151, 0, 1
1745404917.069, 3.023, 2.201, -0.6126, -1.1589, -2.9468, 0.7531, 37.3647, 90.6400, 0, 1
1745404917.149, 3.021, 2.216, -0.6046, -1.1586, -2.9572, 0.8196, 37.2915, 90.5768, 0, 1
1745404917.228, 3.020, 2.230, -0.5964, -1.1582, -2.9675, 0.8195, 37.2307, 90.5599, 0, 1
1745404917.308, 3.021, 2.243, -0.5884, -1.1580, -2.9777, 0.8125, 37.2004, 90.5658, 0, 1
1745404917.388, 3.019, 2.256, -0.5801, -1.1577, -2.9880, 0.7715, 37.1612, 90.6005, 0, 1
1745404917.467, 3.018, 2.269, -0.5719, -1.1574, -2.9984, 0.7556, 37.1105, 90.6122, 0, 1
1745404917.547, 3.018, 2.281, -0.5638, -1.1571, -3.0088, 0.7583, 37.0689, 90.5997, 0, 1
1745404917.627, 3.018, 2.294, -0.5558, -1.1569, -3.0191, 0.7684, 37.0229, 90.5513, 0, 1
1745404917.706, 3.018, 2.307, -0.5480, -1.1567, -3.0294, 0.8053, 36.9534, 90.4889, 0, 1
1745404917.786, 3.017, 2.319, -0.5402, -1.1564, -3.0395, 0.8341, 36.8791, 90.4240, 0, 1
1745404917.865, 3.016, 2.333, -0.5322, -1.1562, -3.0496, 0.8163, 36.7867, 90.3890, 0, 1
1745404917.945, 3.014, 2.347, -0.5241, -1.1561, -3.0598, 0.7631, 36.6675, 90.3868, 0, 1
1745404918.025, 3.013, 2.360, -0.5161, -1.1559, -3.0700, 0.7254, 36.5453, 90.3998, 0, 1
1745404918.104, 3.012, 2.374, -0.5081, -1.1557, -3.0803, 0.7019, 36.4309, 90.4015, 0, 1
1745404918.184, 3.012, 2.388, -0.5002, -1.1556, -3.0907, 0.6938, 36.3239, 90.4129, 0, 1
1745404918.264, 3.012, 2.400, -0.4926, -1.1553, -3.1010, 0.7461, 36.2301, 90.3866, 0, 1
1745404918.343, 3.014, 2.413, -0.4849, -1.1550, -3.1113, 0.7908, 36.1498, 90.3549, 0, 1
1745404918.423, 3.015, 2.426, -0.4773, -1.1547, -3.1217, 0.8313, 36.0758, 90.3322, 0, 1
1745404918.503, 3.015, 2.438, -0.4694, -1.1544, -3.1320, 0.8213, 36.0016, 90.3422, 0, 1
1745404918.582, 3.016, 2.450, -0.4615, -1.1541, -3.1424, 0.8141, 35.9415, 90.3589, 0, 1
1745404918.662, 3.016, 2.464, -0.4535, -1.1540, -3.1528, 0.7788, 35.8862, 90.3970, 0, 1
1745404918.742, 3.016, 2.478, -0.4455, -1.1540, -3.1634, 0.7726, 35.8293, 90.4269, 0, 1
1745404918.821, 3.016, 2.492, -0.4378, -1.1540, -3.1738, 0.8102, 35.7936, 90.4328, 0, 1
1745404918.901, 3.015, 2.505, -0.4304, -1.1538, -3.1840, 0.8600, 35.7542, 90.4068, 0, 1
1745404918.981, 3.013, 2.518, -0.4230, -1.1535, -3.1941, 0.9242, 35.7116, 90.3620, 0, 1
1745404919.060, 3.014, 2.526, -0.4156, -1.1533, -3.2042, 0.9647, 35.6687, 90.3223, 0, 1
1745404919.140, 3.012, 2.538, -0.4080, -1.1530, -3.2143, 0.9521, 35.6010, 90.3041, 0, 1
1745404919.220, 3.010, 2.549, -0.4001, -1.1527, -3.2245, 0.8734, 35.5108, 90.3275, 0, 1
1745404919.299, 3.008, 2.563, -0.3920, -1.1525, -3.2351, 0.8193, 35.4256, 90.3555, 0, 1
1745404919.379, 3.008, 2.574, -0.3838, -1.1523, -3.2458, 0.7474, 35.3367, 90.4002, 0, 1
1745404919.459, 3.008, 2.584, -0.3759, -1.1521, -3.2565, 0.7326, 35.2461, 90.4097, 0, 1
1745404919.538, 3.008, 2.597, -0.3682, -1.1520, -3.2671, 0.7793, 35.1862, 90.3907, 0, 1
1745404919.618, 3.008, 2.612, -0.3608, -1.1518, -3.2776, 0.8534, 35.1432, 90.3403, 0, 1
1745404919.697, 3.007, 2.624, -0.3535, -1.1517, -3.2878, 0.9040, 35.1098, 90.3140, 0, 1
1745404919.777, 3.006, 2.639, -0.3463, -1.1515, -3.2978, 0.9436, 35.0724, 90.3051, 0, 1
1745404919.857, 3.004, 2.654, -0.3389, -1.1512, -3.3079, 0.9371, 35.0204, 90.3273, 0, 1
1745404919.936, 3.004, 2.668, -0.3313, -1.1510, -3.3181, 0.9001, 34.9649, 90.3768, 0, 1
1745404920.016, 3.004, 2.680, -0.3235, -1.1508, -3.3286, 0.8708, 34.8905, 90.4231, 0, 1
1745404920.096, 3.004, 2.693, -0.3157, -1.1506, -3.3393, 0.8705, 34.8020, 90.4400, 0, 1
1745404920.175, 3.004, 2.706, -0.3078, -1.1503, -3.3500, 0.8687, 34.7290, 90.4261, 0, 1
1745404920.255, 3.003, 2.719, -0.3002, -1.1503, -3.3607, 0.8908, 34.6712, 90.4026, 0, 1
1745404920.335, 3.002, 2.732, -0.2927, -1.1501, -3.3711, 0.9175, 34.5932, 90.3719, 0, 1
1745404920.414, 3.000, 2.746, -0.2852, -1.1500, -3.3813, 0.9071, 34.5005, 90.3645, 0, 1
1745404920.494, 3.000, 2.759, -0.2777, -1.1496, -3.3914, 0.8297, 34.4104, 90.3992, 0, 1
1745404920.573, 3.000, 2.773, -0.2701, -1.1496, -3.4015, 0.7534, 34.3063, 90.4503, 0, 1
1745404920.653, 2.998, 2.788, -0.2629, -1.1492, -3.4112, 0.6916, 34.2050, 90.4971, 0, 1
1745404920.733, 2.997, 2.800, -0.2567, -1.1491, -3.4195, 0.6336, 34.1231, 90.5413, 0, 1
1745404920.812, 2.996, 2.813, -0.2522, -1.1489, -3.4258, 0.6039, 34.0690, 90.5757, 0, 1
1745404920.892, 2.994, 2.824, -0.2492, -1.1489, -3.4301, 0.6216, 34.0358, 90.5860, 0, 1
1745404920.972, 2.994, 2.830, -0.2477, -1.1488, -3.4323, 0.6431, 34.0187, 90.5880, 0, 1
1745404921.051, 2.995, 2.837, -0.2474, -1.1488, -3.4328, 0.6412, 34.0059, 90.6002, 0, 1
1745404921.131, 2.997, 2.841, -0.2475, -1.1488, -3.4326, 0.6349, 34.0009, 90.6093, 0, 1
1745404921.211, 2.998, 2.842, -0.2475, -1.1488, -3.4326, 0.6319, 34.0003, 90.6105, 0, 1
1745404921.290, 2.998, 2.842, -0.2474, -1.1487, -3.4326, 0.6286, 33.9969, 90.6116, 0, 1
1745404921.370, 2.997, 2.843, -0.2474, -1.1487, -3.4325, 0.6282, 33.9937, 90.6105, 0, 1
1745404921.449, 2.995, 2.844, -0.2474, -1.1487, -3.4325, 0.6260, 33.9917, 90.6076, 0, 1
1745404921.529, 2.994, 2.844, -0.2474, -1.1488, -3.4325, 0.6244, 33.9951, 90.6011, 0, 1
1745404921.609, 2.994, 2.842, -0.2474, -1.1488, -3.4324, 0.6256, 33.9993, 90.5953, 0, 1
1745404921.689, 2.995, 2.842, -0.2474, -1.1487, -3.4324, 0.6258, 34.0026, 90.5911, 0, 1
1745404921.768, 2.995, 2.841, -0.2474, -1.1487, -3.4324, 0.6252, 34.0052, 90.5882, 0, 1
1745404921.848, 2.995, 2.839, -0.2474, -1.1487, -3.4324, 0.6233, 34.0065, 90.5878, 0, 1
1745404921.928, 2.995, 2.839, -0.2474, -1.1486, -3.4323, 0.6216, 34.0038, 90.5916, 0, 1
1745404922.007, 2.995, 2.841, -0.2474, -1.1487, -3.4324, 0.6185, 34.0017, 90.5929, 0, 1
1745404922.087, 2.994, 2.840, -0.2474, -1.1487, -3.4324, 0.6155, 34.0028, 90.5946, 0, 1
1745404922.166, 2.995, 2.840, -0.2474, -1.1487, -3.4323, 0.6130, 34.0039, 90.5972, 0, 1
1745404922.246, 2.995, 2.841, -0.2474, -1.1487, -3.4323, 0.6114, 34.0040, 90.6000, 0, 1
1745404922.326, 2.995, 2.841, -0.2474, -1.1487, -3.4323, 0.6078, 34.0031, 90.6035, 0, 1
1745404922.405, 2.995, 2.840, -0.2475, -1.1486, -3.4323, 0.6028, 34.0012, 90.6092, 0, 1
1745404922.485, 2.997, 2.840, -0.2475, -1.1486, -3.4322, 0.6002, 33.9986, 90.6117, 0, 1
1745404922.565, 2.996, 2.841, -0.2474, -1.1486, -3.4322, 0.5967, 33.9987, 90.6125, 0, 1
1745404922.644, 2.996, 2.842, -0.2474, -1.1486, -3.4322, 0.5955, 34.0008, 90.6098, 0, 1
1745404922.724, 2.995, 2.842, -0.2474, -1.1486, -3.4321, 0.5955, 34.0046, 90.6076, 0, 1
1745404922.804, 2.995, 2.843, -0.2474, -1.1486, -3.4321, 0.5947, 34.0068, 90.6048, 0, 1
1745404922.883, 2.994, 2.843, -0.2474, -1.1486, -3.4321, 0.5935, 34.0083, 90.6036, 0, 1
1745404922.963, 2.995, 2.842, -0.2474, -1.1486, -3.4321, 0.5934, 34.0071, 90.6029, 0, 1
1745404923.043, 2.995, 2.841, -0.2474, -1.1486, -3.4321, 0.5919, 34.0053, 90.6049, 0, 1
1745404923.122, 2.995, 2.840, -0.2474, -1.1486, -3.4321, 0.5890, 34.0033, 90.6060, 0, 1
1745404923.202, 2.994, 2.838, -0.2474, -1.1486, -3.4320, 0.5853, 34.0019, 90.6096, 0, 1
1745404923.281, 2.994, 2.838, -0.2474, -1.1486, -3.4321, 0.5817, 34.0022, 90.6123, 0, 1
1745404923.361, 2.994, 2.838, -0.2474, -1.1486, -3.4320, 0.5797, 34.0043, 90.6138, 0, 1
1745404923.441, 2.996, 2.838, -0.2474, -1.1486, -3.4320, 0.5798, 34.0068, 90.6137, 0, 1
1745404923.520, 2.998, 2.840, -0.2473, -1.1486, -3.4320, 0.5838, 34.0087, 90.6146, 0, 1
1745404923.600, 2.999, 2.840, -0.2473, -1.1486, -3.4320, 0.5943, 34.0127, 90.6115, 0, 1
1745404923.680, 2.997, 2.840, -0.2473, -1.1486, -3.4320, 0.6022, 34.0168, 90.6103, 0, 1
1745404923.759, 2.996, 2.841, -0.2473, -1.1486, -3.4320, 0.6091, 34.0199, 90.6092, 0, 1
1745404923.839, 2.996, 2.843, -0.2474, -1.1486, -3.4319, 0.6118, 34.0224, 90.6085, 0, 1
1745404923.919, 2.996, 2.843, -0.2474, -1.1485, -3.4319, 0.6105, 34.0229, 90.6074, 0, 1
1745404923.998, 2.994, 2.843, -0.2474, -1.1485, -3.4319, 0.6025, 34.0207, 90.6101, 0, 1
1745404924.078, 2.994, 2.844, -0.2474, -1.1485, -3.4319, 0.5980, 34.0190, 90.6101, 0, 1
1745404924.158, 2.996, 2.844, -0.2474, -1.1485, -3.4319, 0.5924, 34.0150, 90.6118, 0, 1
1745404924.237, 2.994, 2.844, -0.2474, -1.1485, -3.4319, 0.5898, 34.0110, 90.6134, 0, 1
1745404924.317, 2.993, 2.844, -0.2474, -1.1485, -3.4319, 0.5873, 34.0138, 90.6172, 0, 1
1745404924.396, 2.993, 2.844, -0.2473, -1.1485, -3.4319, 0.5883, 34.0148, 90.6150, 0, 1
1745404924.476, 2.994, 2.843, -0.2473, -1.1485, -3.4319, 0.5877, 34.0149, 90.6163, 0, 1
1745404924.556, 2.994, 2.843, -0.2471, -1.1485, -3.4322, 0.5926, 34.0191, 90.6127, 0, 1
1745404924.635, 2.995, 2.843, -0.2465, -1.1485, -3.4330, 0.5958, 34.0170, 90.6151, 0, 1
1745404924.715, 2.995, 2.842, -0.2452, -1.1485, -3.4349, 0.6029, 34.0003, 90.6109, 0, 1
1745404924.795, 2.996, 2.843, -0.2431, -1.1484, -3.4381, 0.6319, 33.9814, 90.6060, 0, 1
1745404924.874, 2.995, 2.847, -0.2399, -1.1484, -3.4429, 0.6800, 33.9546, 90.5840, 0, 1
1745404924.954, 2.994, 2.848, -0.2361, -1.1480, -3.4489, 0.7832, 33.9457, 90.5660, 0, 1
1745404925.034, 2.994, 2.851, -0.2327, -1.1477, -3.4551, 1.0328, 34.0266, 90.4785, 0, 1
1745404925.113, 2.995, 2.858, -0.2299, -1.1474, -3.4604, 1.3127, 34.0718, 90.4109, 0, 1
1745404925.193, 2.996, 2.866, -0.2280, -1.1471, -3.4644, 1.5898, 34.1246, 90.3296, 0, 1
1745404925.273, 3.000, 2.871, -0.2271, -1.1467, -3.4672, 1.9090, 34.1715, 90.2478, 0, 1
1745404925.352, 3.003, 2.876, -0.2266, -1.1464, -3.4695, 2.2647, 34.1931, 90.1655, 0, 1
1745404925.432, 3.006, 2.880, -0.2249, -1.1461, -3.4714, 2.1351, 34.1330, 90.6160, 0, 1
1745404925.512, 3.009, 2.882, -0.2216, -1.1455, -3.4749, 1.8950, 34.1496, 91.1472, 0, 1
1745404925.591, 3.009, 2.884, -0.2168, -1.1450, -3.4803, 1.6212, 34.0929, 91.6887, 0, 1
1745404925.671, 3.004, 2.890, -0.2099, -1.1445, -3.4872, 1.0474, 34.0203, 92.2351, 0, 1
1745404925.751, 3.000, 2.896, -0.2013, -1.1444, -3.4953, 0.2208, 33.8711, 92.5777, 0, 1
1745404925.830, 2.996, 2.903, -0.1938, -1.1446, -3.5052, 0.1515, 33.6825, 92.1948, 0, 1
1745404925.910, 2.991, 2.914, -0.1872, -1.1451, -3.5145, 0.1337, 33.4066, 91.7283, 0, 1
1745404925.989, 2.989, 2.926, -0.1817, -1.1456, -3.5222, 0.1215, 33.1890, 91.2663, 0, 1
1745404926.069, 2.989, 2.939, -0.1780, -1.1461, -3.5286, 0.3450, 32.9837, 90.8239, 0, 1
1745404926.149, 2.991, 2.952, -0.1758, -1.1463, -3.5337, 0.7192, 32.8529, 90.5865, 0, 1
1745404926.228, 2.992, 2.962, -0.1730, -1.1462, -3.5378, 0.6878, 32.7397, 90.5969, 0, 1
1745404926.308, 2.992, 2.969, -0.1700, -1.1461, -3.5422, 0.6777, 32.6616, 90.6025, 0, 1
1745404926.388, 2.994, 2.976, -0.1663, -1.1460, -3.5476, 0.6615, 32.5726, 90.6083, 0, 1
1745404926.467, 2.994, 2.983, -0.1622, -1.1459, -3.5537, 0.6312, 32.4678, 90.6113, 0, 1
1745404926.547, 2.993, 2.989, -0.1577, -1.1456, -3.5604, 0.6107, 32.3900, 90.5770, 0, 1
1745404926.626, 2.991, 2.997, -0.1538, -1.1453, -3.5663, 0.6179, 32.3409, 90.4916, 0, 1
1745404926.706, 2.993, 3.008, -0.1509, -1.1452, -3.5708, 0.6257, 32.3431, 90.4212, 0, 1
1745404926.786, 2.992, 3.014, -0.1491, -1.1451, -3.5739, 0.6530, 32.3571, 90.3599, 0, 1
1745404926.865, 2.992, 3.018, -0.1481, -1.1449, -3.5756, 0.7002, 32.4087, 90.2883, 0, 1
1745404926.945, 2.993, 3.022, -0.1480, -1.1449, -3.5761, 0.7562, 32.4405, 90.2458, 0, 1
1745404927.025, 2.993, 3.026, -0.1480, -1.1449, -3.5762, 0.7813, 32.4629, 90.2624, 0, 1
1745404927.104, 2.992, 3.026, -0.1478, -1.1448, -3.5766, 0.8406, 32.5679, 90.2339, 0, 1
1745404927.184, 2.991, 3.027, -0.1470, -1.1447, -3.5780, 0.9515, 32.8287, 90.0844, 0, 1
1745404927.264, 2.990, 3.027, -0.1447, -1.1442, -3.5811, 1.0597, 33.0097, 89.7769, 0, 1
1745404927.343, 2.989, 3.028, -0.1404, -1.1438, -3.5868, 1.0078, 33.1906, 89.4312, 0, 1
1745404927.425, 2.989, 3.028, -0.1341, -1.1432, -3.5952, 0.9280, 33.4386, 89.1023, 0, 1
1745404927.503, 2.986, 3.034, -0.1265, -1.1427, -3.6053, 0.8014, 33.6410, 88.8781, 0, 1
1745404927.582, 2.986, 3.044, -0.1189, -1.1426, -3.6153, 0.6166, 33.6933, 89.1169, 0, 1
1745404927.662, 2.981, 3.055, -0.1121, -1.1429, -3.6246, 0.4534, 33.9454, 89.5420, 0, 1
1745404927.742, 2.976, 3.066, -0.1072, -1.1432, -3.6315, 0.4273, 34.1831, 90.0408, 0, 1
1745404933.795, 2.944, 3.326, 0.0321, -1.1371, -3.8323, 0.2365, 34.1810, 91.2890, 1, 1
1745404933.874, 2.944, 3.325, 0.0322, -1.1371, -3.8323, 0.2406, 34.1806, 91.2856, 1, 1
1745404933.954, 2.944, 3.326, 0.0321, -1.1371, -3.8322, 0.2435, 34.1799, 91.2845, 1, 1
1745404934.034, 2.944, 3.327, 0.0321, -1.1371, -3.8322, 0.2448, 34.1783, 91.2849, 1, 1
1745404934.113, 2.945, 3.327, 0.0322, -1.1371, -3.8321, 0.2443, 34.1794, 91.2852, 1, 1
1745404938.195, 2.945, 3.327, 0.0321, -1.1370, -3.8319, 0.2390, 34.1812, 91.2893, 0, 1
1745404938.275, 2.946, 3.328, 0.0321, -1.1369, -3.8316, 0.2323, 34.1827, 91.2954, 0, 1
1745404938.354, 2.946, 3.326, 0.0321, -1.1369, -3.8314, 0.2279, 34.1856, 91.2980, 0, 1
1745404938.434, 2.944, 3.325, 0.0321, -1.1368, -3.8312, 0.2231, 34.1886, 91.2999, 0, 1
1745404938.514, 2.943, 3.325, 0.0321, -1.1367, -3.8309, 0.2179, 34.1906, 91.3031, 0, 1
1745404938.593, 2.943, 3.325, 0.0322, -1.1367, -3.8309, 0.2183, 34.1926, 91.3021, 0, 1
1745404938.675, 2.943, 3.324, 0.0322, -1.1367, -3.8309, 0.2163, 34.1946, 91.3044, 0, 1
1745404938.753, 2.942, 3.325, 0.0321, -1.1367, -3.8309, 0.2148, 34.1962, 91.3049, 0, 1
1745404938.832, 2.943, 3.326, 0.0322, -1.1367, -3.8309, 0.2135, 34.1983, 91.3035, 0, 1
1745404938.912, 2.943, 3.326, 0.0322, -1.1367, -3.8308, 0.2125, 34.1997, 91.3029, 0, 1
1745404938.992, 2.943, 3.326, 0.0321, -1.1367, -3.8308, 0.2104, 34.1992, 91.3050, 0, 1
1745404939.071, 2.943, 3.327, 0.0322, -1.1367, -3.8308, 0.2093, 34.1986, 91.3033, 0, 1
1745404939.151, 2.942, 3.326, 0.0322, -1.1367, -3.8308, 0.2086, 34.1987, 91.3026, 0, 1
1745404939.231, 2.943, 3.325, 0.0322, -1.1367, -3.8308, 0.2090, 34.1982, 91.3057, 0, 1
1745404939.310, 2.944, 3.325, 0.0322, -1.1366, -3.8307, 0.2099, 34.1991, 91.3054, 0, 1
1745404939.390, 2.946, 3.324, 0.0322, -1.1367, -3.8307, 0.2101, 34.1994, 91.3047, 0, 1
1745404939.469, 2.945, 3.324, 0.0321, -1.1366, -3.8306, 0.2118, 34.1995, 91.3030, 0, 1
1745404939.549, 2.946, 3.324, 0.0321, -1.1366, -3.8306, 0.2111, 34.1979, 91.3045, 0, 1
1745404939.629, 2.946, 3.324, 0.0321, -1.1366, -3.8306, 0.2109, 34.1976, 91.3013, 0, 1
1745404939.708, 2.946, 3.324, 0.0321, -1.1366, -3.8306, 0.2110, 34.1964, 91.3010, 0, 1
1745404939.788, 2.946, 3.324, 0.0321, -1.1366, -3.8306, 0.2095, 34.1956, 91.3008, 0, 1
1745404939.868, 2.946, 3.324, 0.0321, -1.1366, -3.8306, 0.2079, 34.1945, 91.3029, 0, 1
1745404939.947, 2.945, 3.325, 0.0321, -1.1366, -3.8306, 0.2054, 34.1931, 91.3035, 0, 1
1745404940.027, 2.944, 3.326, 0.0322, -1.1366, -3.8306, 0.2028, 34.1915, 91.3043, 0, 1
1745404940.107, 2.942, 3.326, 0.0322, -1.1366, -3.8306, 0.2007, 34.1905, 91.3055, 0, 1
1745404940.186, 2.943, 3.327, 0.0321, -1.1366, -3.8306, 0.2008, 34.1911, 91.3060, 0, 1
1745404940.266, 2.943, 3.328, 0.0322, -1.1366, -3.8306, 0.2017, 34.1924, 91.3035, 0, 1
1745404940.346, 2.942, 3.328, 0.0321, -1.1366, -3.8305, 0.2032, 34.1940, 91.3028, 0, 1
1745404940.425, 2.943, 3.328, 0.0321, -1.1366, -3.8305, 0.2045, 34.1949, 91.3021, 0, 1
1745404940.505, 2.943, 3.329, 0.0321, -1.1366, -3.8305, 0.2030, 34.1968, 91.3026, 0, 1
1745404940.585, 2.942, 3.329, 0.0321, -1.1366, -3.8305, 0.2012, 34.1989, 91.3013, 0, 1
1745404940.664, 2.941, 3.328, 0.0321, -1.1367, -3.8305, 0.1989, 34.2029, 91.3043, 0, 1
1745404940.744, 2.942, 3.326, 0.0321, -1.1366, -3.8305, 0.1966, 34.2073, 91.3038, 0, 1
1745404940.824, 2.942, 3.324, 0.0321, -1.1366, -3.8305, 0.1965, 34.2105, 91.3028, 0, 1
1745404940.903, 2.942, 3.324, 0.0321, -1.1366, -3.8305, 0.1992, 34.2115, 91.2991, 0, 1
1745404940.983, 2.943, 3.324, 0.0322, -1.1366, -3.8305, 0.2031, 34.2204, 91.2978, 0, 1
1745404941.062, 2.942, 3.324, 0.0326, -1.1365, -3.8311, 0.2009, 34.2071, 91.3076, 0, 1
1745404941.142, 2.942, 3.324, 0.0339, -1.1364, -3.8329, 0.1925, 34.1963, 91.3358, 0, 1
1745404941.222, 2.943, 3.324, 0.0364, -1.1362, -3.8363, 0.1869, 34.1929, 91.3772, 0, 1
1745404941.301, 2.943, 3.326, 0.0403, -1.1360, -3.8417, 0.1964, 34.2091, 91.4154, 0, 1
1745404941.381, 2.942, 3.330, 0.0453, -1.1359, -3.8489, 0.2280, 34.2463, 91.4475, 0, 1
1745404941.461, 2.942, 3.338, 0.0510, -1.1357, -3.8572, 0.2674, 34.3335, 91.4666, 0, 1
1745404941.540, 2.940, 3.346, 0.0568, -1.1354, -3.8655, 0.3192, 34.4421, 91.4563, 0, 1
1745404941.620, 2.939, 3.355, 0.0621, -1.1352, -3.8733, 0.3605, 34.5550, 91.4434, 0, 1
1745404941.699, 2.938, 3.364, 0.0668, -1.1350, -3.8801, 0.3808, 34.6505, 91.4388, 0, 1
1745404941.779, 2.936, 3.373, 0.0710, -1.1347, -3.8860, 0.3773, 34.7281, 91.4401, 0, 1
1745404941.859, 2.935, 3.380, 0.0751, -1.1344, -3.8916, 0.3725, 34.7735, 91.4406, 0, 1
1745404941.938, 2.934, 3.387, 0.0793, -1.1342, -3.8973, 0.3483, 34.7863, 91.4620, 0, 1
1745404942.018, 2.933, 3.394, 0.0837, -1.1340, -3.9032, 0.3151, 34.7996, 91.4856, 0, 1
1745404942.098, 2.931, 3.400, 0.0885, -1.1337, -3.9097, 0.2747, 34.8145, 91.5247, 0, 1
1745404942.177, 2.933, 3.407, 0.0936, -1.1334, -3.9165, 0.2342, 34.8209, 91.5598, 0, 1
1745404942.257, 2.932, 3.416, 0.0987, -1.1331, -3.9235, 0.2048, 34.8344, 91.5964, 0, 1
1745404942.336, 2.931, 3.425, 0.1038, -1.1328, -3.9305, 0.1861, 34.8610, 91.6370, 0, 1
1745404942.416, 2.931, 3.433, 0.1089, -1.1325, -3.9374, 0.1760, 34.8871, 91.6639, 0, 1
1745404942.496, 2.930, 3.444, 0.1137, -1.1323, -3.9441, 0.1874, 34.9168, 91.6637, 0, 1
1745404942.576, 2.928, 3.453, 0.1184, -1.1320, -3.9506, 0.2119, 34.9474, 91.6660, 0, 1
1745404942.655, 2.927, 3.460, 0.1229, -1.1318, -3.9570, 0.2303, 34.9859, 91.6670, 0, 1
1745404942.735, 2.927, 3.468, 0.1275, -1.1316, -3.9633, 0.2378, 35.0275, 91.6578, 0, 1
1745404942.814, 2.925, 3.475, 0.1321, -1.1314, -3.9696, 0.2370, 35.0550, 91.6451, 0, 1
1745404942.896, 2.923, 3.483, 0.1369, -1.1312, -3.9761, 0.2211, 35.0764, 91.6334, 0, 1
1745404942.974, 2.923, 3.490, 0.1418, -1.1309, -3.9827, 0.1847, 35.0877, 91.6262, 0, 1
1745404945.104, 2.920, 3.524, 0.1598, -1.1301, -4.0072, 0.1354, 35.0550, 91.6389, 0, 1
1745404945.184, 2.919, 3.557, 0.1768, -1.1293, -4.0304, 0.1000, 35.0149, 91.6499, 0, 1
1745404945.263, 2.919, 3.588, 0.1928, -1.1285, -4.0522, 0.0791, 34.9774, 91.6673, 0, 1
1745404945.349, 2.917, 3.617, 0.2076, -1.1279, -4.0727, 0.0621, 34.9385, 91.6913, 0, 1
1745404947.016, 2.915, 3.632, 0.2149, -1.1276, -4.0830, 0.0753, 35.0281, 91.7223, 0, 1
1745404947.095, 2.915, 3.620, 0.2082, -1.1279, -4.0742, 0.0939, 35.1484, 91.7319, 0, 1
1745404947.175, 2.913, 3.608, 0.2016, -1.1283, -4.0654, 0.1120, 35.2687, 91.7408, 0, 1
1745404947.255, 2.911, 3.596, 0.1949, -1.1287, -4.0567, 0.1270, 35.3898, 91.7504, 0, 1
1745404947.334, 2.913, 3.584, 0.1883, -1.1291, -4.0479, 0.1456, 35.5123, 91.7587, 0, 1
1745404947.414, 2.913, 3.584, 0.1883, -1.1291, -4.0480, 0.1423, 35.5119, 91.7560, 0, 1
1745404947.493, 2.913, 3.584, 0.1883, -1.1291, -4.0480, 0.1389, 35.5114, 91.7558, 0, 1
1745404947.573, 2.915, 3.584, 0.1884, -1.1291, -4.0480, 0.1377, 35.5102, 91.7559, 0, 1
1745404947.653, 2.916, 3.584, 0.1884, -1.1291, -4.0480, 0.1399, 35.5095, 91.7539, 0, 1
1745404947.732, 2.915, 3.584, 0.1883, -1.1291, -4.0480, 0.1389, 35.5051, 91.7503, 0, 1
1745404947.812, 2.915, 3.584, 0.1879, -1.1291, -4.0474, 0.1321, 35.5097, 91.7547, 0, 1
1745404947.892, 2.915, 3.583, 0.1867, -1.1291, -4.0458, 0.1348, 35.5214, 91.7455, 0, 1
1745404947.971, 2.913, 3.582, 0.1846, -1.1292, -4.0429, 0.1288, 35.5382, 91.7415, 0, 1
1745404948.051, 2.913, 3.580, 0.1815, -1.1293, -4.0386, 0.1162, 35.5708, 91.7351, 0, 1
1745404948.131, 2.914, 3.577, 0.1776, -1.1295, -4.0334, 0.0996, 35.6295, 91.7280, 0, 1
1745404948.210, 2.914, 3.574, 0.1735, -1.1297, -4.0279, 0.0861, 35.6908, 91.7107, 0, 1
1745404948.290, 2.914, 3.567, 0.1697, -1.1299, -4.0227, 0.0542, 35.7607, 91.7044, 0, 1
1745404948.370, 2.916, 3.561, 0.1663, -1.1301, -4.0180, 0.0308, 35.8379, 91.6898, 0, 1
1745404948.449, 2.917, 3.555, 0.1633, -1.1303, -4.0140, 0.0066, 35.9195, 91.6792, 0, 1
1745404948.529, 2.916, 3.548, 0.1603, -1.1304, -4.0101, -0.0030, 35.9915, 91.6689, 0, 1
1745404948.608, 2.916, 3.543, 0.1573, -1.1306, -4.0060, -0.0080, 36.0690, 91.6621, 0, 1
1745404948.688, 2.917, 3.538, 0.1540, -1.1307, -4.0018, 0.0089, 36.1482, 91.6447, 0, 1
1745404948.768, 2.917, 3.532, 0.1504, -1.1309, -3.9972, 0.0369, 36.2207, 91.6257, 0, 1
1745404948.847, 2.917, 3.526, 0.1467, -1.1311, -3.9925, 0.0800, 36.2727, 91.6088, 0, 1
1745404948.927, 2.919, 3.521, 0.1430, -1.1313, -3.9879, 0.1205, 36.3010, 91.6007, 0, 1
1745404949.007, 2.921, 3.515, 0.1394, -1.1315, -3.9834, 0.1679, 36.3049, 91.5929, 0, 1
1745404949.086, 2.920, 3.508, 0.1360, -1.1316, -3.9790, 0.2033, 36.2970, 91.5950, 0, 1
1745404949.166, 2.919, 3.503, 0.1327, -1.1318, -3.9748, 0.2221, 36.2968, 91.6038, 0, 1
1745404949.246, 2.917, 3.497, 0.1294, -1.1320, -3.9706, 0.2226, 36.3021, 91.6091, 0, 1
1745404949.325, 2.917, 3.492, 0.1262, -1.1322, -3.9663, 0.2187, 36.3153, 91.6105, 0, 1
1745404949.405, 2.916, 3.486, 0.1228, -1.1323, -3.9619, 0.2061, 36.3511, 91.6180, 0, 1
1745404949.485, 2.916, 3.481, 0.1194, -1.1325, -3.9575, 0.2109, 36.3695, 91.6210, 0, 1
1745404949.564, 2.918, 3.475, 0.1161, -1.1327, -3.9532, 0.2048, 36.3838, 91.6216, 0, 1
1745404949.644, 2.918, 3.469, 0.1127, -1.1328, -3.9488, 0.1951, 36.4013, 91.6206, 0, 1
1745404949.724, 2.918, 3.464, 0.1094, -1.1330, -3.9444, 0.1746, 36.4397, 91.6238, 0, 1
1745404949.803, 2.917, 3.458, 0.1060, -1.1332, -3.9401, 0.1531, 36.4776, 91.6165, 0, 1
1745404949.883, 2.918, 3.452, 0.1026, -1.1333, -3.9356, 0.1115, 36.5463, 91.6116, 0, 1
1745404949.962, 2.916, 3.446, 0.0992, -1.1334, -3.9312, 0.0922, 36.6149, 91.5965, 0, 1
1745404950.042, 2.918, 3.440, 0.0959, -1.1336, -3.9269, 0.0946, 36.6883, 91.5790, 0, 1
1745404950.122, 2.920, 3.433, 0.0926, -1.1338, -3.9228, 0.1150, 36.7494, 91.5504, 0, 1
1745404950.201, 2.921, 3.427, 0.0896, -1.1339, -3.9191, 0.1408, 36.8040, 91.5310, 0, 1
1745404950.281, 2.922, 3.421, 0.0873, -1.1340, -3.9163, 0.1672, 36.8452, 91.5164, 0, 1
1745404950.361, 2.924, 3.416, 0.0856, -1.1341, -3.9142, 0.1869, 36.8747, 91.5151, 0, 1
1745404950.440, 2.924, 3.413, 0.0845, -1.1342, -3.9128, 0.1963, 36.8915, 91.5228, 0, 1
1745404950.520, 2.922, 3.409, 0.0841, -1.1342, -3.9122, 0.1968, 36.9014, 91.5370, 0, 1
1745404950.600, 2.921, 3.408, 0.0840, -1.1341, -3.9122, 0.1920, 36.9035, 91.5466, 0, 1
1745404950.679, 2.921, 3.407, 0.0840, -1.1342, -3.9121, 0.1878, 36.9005, 91.5593, 0, 1
1745404950.759, 2.919, 3.407, 0.0840, -1.1341, -3.9122, 0.1829, 36.9005, 91.5711, 0, 1
1745404950.839, 2.919, 3.407, 0.0840, -1.1342, -3.9122, 0.1773, 36.8982, 91.5819, 0, 1
1745404950.918, 2.919, 3.407, 0.0840, -1.1342, -3.9122, 0.1677, 36.8968, 91.5959, 0, 1
1745404950.998, 2.919, 3.407, 0.0840, -1.1342, -3.9122, 0.1588, 36.8933, 91.6081, 0, 1
1745404951.077, 2.919, 3.408, 0.0840, -1.1342, -3.9123, 0.1505, 36.8905, 91.6177, 0, 1
1745404951.157, 2.920, 3.408, 0.0840, -1.1342, -3.9123, 0.1437, 36.8871, 91.6243, 0, 1
1745404951.237, 2.920, 3.408, 0.0840, -1.1342, -3.9123, 0.1391, 36.8844, 91.6312, 0, 1
1745404951.316, 2.921, 3.409, 0.0840, -1.1342, -3.9123, 0.1416, 36.8821, 91.6308, 0, 1
1745404951.396, 2.923, 3.410, 0.0840, -1.1342, -3.9123, 0.1441, 36.8813, 91.6299, 0, 1
1745404951.476, 2.923, 3.409, 0.0840, -1.1342, -3.9123, 0.1464, 36.8795, 91.6303, 0, 1
1745404951.555, 2.922, 3.408, 0.0840, -1.1342, -3.9123, 0.1442, 36.8799, 91.6336, 0, 1
1745404951.635, 2.920, 3.408, 0.0840, -1.1342, -3.9124, 0.1444, 36.8811, 91.6335, 0, 1
1745404951.715, 2.920, 3.407, 0.0840, -1.1343, -3.9124, 0.1440, 36.8812, 91.6357, 0, 1
1745404951.794, 2.919, 3.407, 0.0840, -1.1343, -3.9124, 0.1452, 36.8818, 91.6357, 0, 1
1745404951.874, 2.918, 3.407, 0.0840, -1.1343, -3.9124, 0.1447, 36.8835, 91.6362, 0, 1
1745404951.954, 2.917, 3.407, 0.0840, -1.1343, -3.9125, 0.1486, 36.8834, 91.6347, 0, 1
1745404952.033, 2.917, 3.407, 0.0839, -1.1343, -3.9125, 0.1505, 36.8828, 91.6344, 0, 1
1745404952.113, 2.918, 3.407, 0.0840, -1.1342, -3.9125, 0.1473, 36.8832, 91.6378, 0, 1
1745404952.192, 2.918, 3.406, 0.0840, -1.1343, -3.9126, 0.1421, 36.8822, 91.6436, 0, 1
1745404952.272, 2.918, 3.407, 0.0840, -1.1343, -3.9126, 0.1376, 36.8844, 91.6524, 0, 1
1745404952.352, 2.918, 3.407, 0.0844, -1.1342, -3.9131, 0.1318, 36.8832, 91.6591, 0, 1
1745404952.431, 2.920, 3.407, 0.0855, -1.1342, -3.9144, 0.1207, 36.8779, 91.6733, 0, 1
1745404952.511, 2.919, 3.408, 0.0875, -1.1341, -3.9169, 0.0995, 36.8572, 91.6983, 0, 1
1745404952.591, 2.918, 3.409, 0.0908, -1.1340, -3.9210, 0.0839, 36.8192, 91.7207, 0, 1
1745404952.670, 2.919, 3.412, 0.0955, -1.1339, -3.9270, 0.0793, 36.7662, 91.7372, 0, 1
1745404952.750, 2.919, 3.418, 0.1012, -1.1336, -3.9343, 0.0835, 36.7098, 91.7652, 0, 1
1745404952.830, 2.917, 3.423, 0.1075, -1.1333, -3.9423, 0.0955, 36.6524, 91.7706, 0, 1
1745404952.909, 2.917, 3.431, 0.1139, -1.1330, -3.9507, 0.1262, 36.6088, 91.7700, 0, 1
1745404952.989, 2.917, 3.442, 0.1200, -1.1327, -3.9587, 0.1617, 36.5710, 91.7604, 0, 1
1745404953.069, 2.915, 3.452, 0.1259, -1.1324, -3.9664, 0.1739, 36.5443, 91.7526, 0, 1
1745404953.148, 2.916, 3.463, 0.1318, -1.1322, -3.9739, 0.1500, 36.5135, 91.7344, 0, 1
1745404953.228, 2.917, 3.474, 0.1376, -1.1319, -3.9812, 0.1074, 36.4664, 91.7418, 0, 1
1745404953.308, 2.918, 3.485, 0.1435, -1.1316, -3.9887, 0.0556, 36.4049, 91.7372, 0, 1
1745404953.387, 2.919, 3.494, 0.1496, -1.1314, -3.9964, -0.0014, 36.3279, 91.7445, 0, 1
1745404953.467, 2.921, 3.503, 0.1557, -1.1311, -4.0042, -0.0293, 36.2362, 91.7519, 0, 1
1745404953.546, 2.921, 3.513, 0.1617, -1.1307, -4.0120, -0.0213, 36.1393, 91.7619, 0, 1
1745404953.626, 2.919, 3.522, 0.1676, -1.1304, -4.0199, 0.0157, 36.0499, 91.7580, 0, 1
1745404953.706, 2.918, 3.532, 0.1735, -1.1303, -4.0278, 0.0377, 35.9707, 91.7727, 0, 1
1745404953.785, 2.916, 3.543, 0.1793, -1.1300, -4.0356, 0.0729, 35.9072, 91.7675, 0, 1
1745404953.865, 2.915, 3.553, 0.1851, -1.1295, -4.0433, 0.0868, 35.8577, 91.7723, 0, 1
1745404953.945, 2.914, 3.563, 0.1910, -1.1294, -4.0512, 0.1004, 35.8181, 91.7571, 0, 1
1745404954.024, 2.913, 3.573, 0.1968, -1.1291, -4.0590, 0.1068, 35.7777, 91.7379, 0, 1
1745404954.104, 2.913, 3.582, 0.2026, -1.1285, -4.0667, 0.1321, 35.7366, 91.6905, 0, 1
1745404954.184, 2.912, 3.593, 0.2079, -1.1281, -4.0736, 0.1200, 35.7015, 91.6679, 0, 1
1745404954.263, 2.911, 3.603, 0.2122, -1.1279, -4.0793, 0.1111, 35.6631, 91.6379, 0, 1
1745404954.343, 2.912, 3.613, 0.2154, -1.1276, -4.0834, 0.0965, 35.6323, 91.6256, 0, 1
1745404954.423, 2.913, 3.623, 0.2174, -1.1275, -4.0860, 0.0783, 35.6174, 91.6196, 0, 1
1745404954.502, 2.914, 3.630, 0.2184, -1.1276, -4.0872, 0.0571, 35.6089, 91.6293, 0, 1
1745404954.582, 2.915, 3.634, 0.2186, -1.1277, -4.0875, 0.0544, 35.6085, 91.6337, 0, 1
1745404954.662, 2.915, 3.636, 0.2185, -1.1277, -4.0875, 0.0548, 35.6124, 91.6327, 0, 1
1745404954.741, 2.914, 3.635, 0.2185, -1.1277, -4.0875, 0.0534, 35.6160, 91.6321, 0, 1
1745404954.821, 2.913, 3.635, 0.2185, -1.1277, -4.0875, 0.0511, 35.6200, 91.6305, 0, 1
1745404954.900, 2.912, 3.635, 0.2186, -1.1277, -4.0875, 0.0521, 35.6258, 91.6258, 0, 1
1745404954.980, 2.912, 3.634, 0.2186, -1.1278, -4.0875, 0.0552, 35.6312, 91.6225, 0, 1
1745404955.060, 2.911, 3.635, 0.2185, -1.1278, -4.0874, 0.0596, 35.6370, 91.6198, 0, 1
1745404955.139, 2.913, 3.635, 0.2186, -1.1278, -4.0874, 0.0629, 35.6411, 91.6169, 0, 1
1745404955.219, 2.912, 3.635, 0.2185, -1.1278, -4.0874, 0.0671, 35.6447, 91.6154, 0, 1
1745404955.299, 2.912, 3.635, 0.2185, -1.1277, -4.0873, 0.0706, 35.6458, 91.6142, 0, 1
1745404955.378, 2.911, 3.636, 0.2185, -1.1277, -4.0873, 0.0749, 35.6469, 91.6095, 0, 1
1745404955.458, 2.910, 3.636, 0.2185, -1.1277, -4.0873, 0.0783, 35.6471, 91.6068, 0, 1
1745404955.538, 2.908, 3.635, 0.2185, -1.1276, -4.0873, 0.0812, 35.6489, 91.6064, 0, 1
1745404955.617, 2.909, 3.634, 0.2185, -1.1276, -4.0872, 0.0831, 35.6490, 91.6071, 0, 1
1745404955.697, 2.911, 3.634, 0.2185, -1.1276, -4.0873, 0.0835, 35.6493, 91.6093, 1, 1
1745404955.777, 2.912, 3.634, 0.2186, -1.1276, -4.0872, 0.0817, 35.6496, 91.6142, 1, 1
1745404955.856, 2.912, 3.634, 0.2185, -1.1276, -4.0872, 0.0820, 35.6502, 91.6172, 1, 1
1745404955.936, 2.914, 3.634, 0.2185, -1.1276, -4.0872, 0.0815, 35.6511, 91.6186, 1, 1
1745404975.469, 3.048, 3.721, 0.3802, -1.1247, -4.0638, 0.1060, 36.6480, 91.6026, 0, 1
1745404981.285, 3.585, 4.019, 0.9954, -1.1146, -3.9350, 0.4317, 40.5253, 91.4763, 1, 1
1745404981.363, 3.585, 4.019, 0.9954, -1.1146, -3.9350, 0.4331, 40.5245, 91.4741, 1, 1
1745404981.442, 3.586, 4.019, 0.9954, -1.1146, -3.9350, 0.4322, 40.5237, 91.4755, 1, 1
1745404981.522, 3.586, 4.019, 0.9954, -1.1146, -3.9350, 0.4344, 40.5232, 91.4732, 1, 1
1745404981.602, 3.586, 4.019, 0.9954, -1.1146, -3.9350, 0.4372, 40.5236, 91.4701, 1, 1
1745404981.681, 3.586, 4.019, 0.9954, -1.1146, -3.9350, 0.4365, 40.5233, 91.4706, 1, 1
1745404983.772, 3.586, 4.019, 0.9954, -1.1146, -3.9350, 0.4318, 40.5254, 91.4745, 0, 1
1745404983.852, 3.586, 4.019, 0.9954, -1.1145, -3.9350, 0.4274, 40.5269, 91.4774, 0, 1
1745404983.931, 3.586, 4.019, 0.9954, -1.1145, -3.9349, 0.4220, 40.5287, 91.4839, 0, 1
1745404984.011, 3.586, 4.019, 0.9954, -1.1145, -3.9349, 0.4170, 40.5307, 91.4885, 0, 1
1745404984.090, 3.586, 4.019, 0.9954, -1.1145, -3.9349, 0.4153, 40.5327, 91.4920, 0, 1
1745404984.170, 3.585, 4.018, 0.9954, -1.1145, -3.9349, 0.4186, 40.5335, 91.4898, 0, 1
1745404984.250, 3.585, 4.018, 0.9954, -1.1145, -3.9349, 0.4213, 40.5338, 91.4867, 0, 1
1745404984.329, 3.585, 4.018, 0.9954, -1.1145, -3.9349, 0.4228, 40.5344, 91.4848, 0, 1
1745404984.409, 3.585, 4.018, 0.9954, -1.1145, -3.9349, 0.4254, 40.5343, 91.4850, 0, 1
1745404984.489, 3.585, 4.018, 0.9954, -1.1145, -3.9350, 0.4282, 40.5341, 91.4835, 0, 1
1745404984.568, 3.585, 4.018, 0.9954, -1.1145, -3.9350, 0.4291, 40.5330, 91.4863, 0, 1
1745404984.648, 3.585, 4.019, 0.9954, -1.1145, -3.9349, 0.4300, 40.5324, 91.4903, 0, 1
1745404984.728, 3.585, 4.019, 0.9953, -1.1145, -3.9349, 0.4324, 40.5316, 91.4898, 0, 1
1745404984.807, 3.585, 4.019, 0.9953, -1.1145, -3.9349, 0.4319, 40.5317, 91.4893, 0, 1
1745404984.887, 3.586, 4.019, 0.9953, -1.1145, -3.9349, 0.4301, 40.5317, 91.4903, 0, 1
1745404984.967, 3.586, 4.018, 0.9954, -1.1145, -3.9349, 0.4310, 40.5322, 91.4879, 0, 1
1745404985.046, 3.587, 4.018, 0.9954, -1.1146, -3.9350, 0.4335, 40.5327, 91.4848, 0, 1
1745404985.126, 3.587, 4.017, 0.9954, -1.1146, -3.9350, 0.4327, 40.5342, 91.4856, 0, 1
1745404985.206, 3.587, 4.018, 0.9954, -1.1146, -3.9349, 0.4311, 40.5346, 91.4875, 0, 1
1745404985.285, 3.586, 4.018, 0.9954, -1.1146, -3.9349, 0.4301, 40.5354, 91.4878, 0, 1
1745404985.365, 3.585, 4.018, 0.9952, -1.1146, -3.9346, 0.4309, 40.5241, 91.4913, 0, 1
1745404985.444, 3.585, 4.018, 0.9942, -1.1146, -3.9335, 0.4322, 40.5029, 91.4877, 0, 1
1745404985.524, 3.585, 4.018, 0.9920, -1.1147, -3.9310, 0.4206, 40.4762, 91.4984, 0, 1
1745404985.604, 3.586, 4.016, 0.9883, -1.1150, -3.9266, 0.4119, 40.4475, 91.5000, 0, 1
1745404985.683, 3.586, 4.014, 0.9829, -1.1152, -3.9204, 0.3922, 40.4111, 91.5065, 0, 1
1745404985.763, 3.587, 4.009, 0.9763, -1.1155, -3.9126, 0.3780, 40.3845, 91.4913, 0, 1
1745404985.843, 3.586, 4.001, 0.9691, -1.1159, -3.9042, 0.3656, 40.3722, 91.4812, 0, 1
1745404985.922, 3.587, 3.990, 0.9617, -1.1161, -3.8957, 0.3875, 40.3565, 91.4335, 0, 1
1745404986.002, 3.586, 3.982, 0.9548, -1.1163, -3.8878, 0.4435, 40.3301, 91.3689, 0, 1
1745404986.082, 3.586, 3.970, 0.9481, -1.1166, -3.8804, 0.5124, 40.2847, 91.3049, 0, 1
1745404986.161, 3.585, 3.959, 0.9418, -1.1168, -3.8732, 0.5634, 40.2124, 91.2623, 0, 1
1745404986.241, 3.585, 3.949, 0.9355, -1.1170, -3.8660, 0.6031, 40.1068, 91.2265, 0, 1
1745404986.321, 3.585, 3.939, 0.9290, -1.1173, -3.8586, 0.6302, 39.9822, 91.1999, 0, 1
1745404986.400, 3.585, 3.929, 0.9225, -1.1177, -3.8510, 0.6289, 39.8325, 91.1822, 0, 1
1745404986.482, 3.585, 3.919, 0.9159, -1.1179, -3.8430, 0.6166, 39.6704, 91.1666, 0, 1
1745404986.559, 3.586, 3.909, 0.9092, -1.1181, -3.8350, 0.6147, 39.5068, 91.1454, 0, 1
1745404986.639, 3.588, 3.899, 0.9026, -1.1183, -3.8271, 0.6230, 39.3560, 91.1129, 0, 1
1745404986.719, 3.589, 3.889, 0.8961, -1.1184, -3.8193, 0.6225, 39.2084, 91.0949, 0, 1
1745404986.798, 3.589, 3.879, 0.8898, -1.1186, -3.8117, 0.6268, 39.0799, 91.0771, 0, 1
1745404986.878, 3.590, 3.869, 0.8836, -1.1188, -3.8042, 0.6492, 38.9731, 91.0510, 0, 1
1745404986.957, 3.591, 3.859, 0.8773, -1.1190, -3.7966, 0.6645, 38.8729, 91.0339, 0, 1
1745404987.037, 3.589, 3.850, 0.8710, -1.1191, -3.7890, 0.6813, 38.7626, 91.0207, 0, 1
1745404987.117, 3.590, 3.841, 0.8647, -1.1193, -3.7813, 0.6842, 38.6459, 91.0200, 0, 1
1745404987.197, 3.591, 3.831, 0.8585, -1.1196, -3.7733, 0.6488, 38.5239, 91.0564, 0, 1
1745404987.276, 3.591, 3.822, 0.8522, -1.1198, -3.7653, 0.5932, 38.3973, 91.1004, 0, 1
1745404987.356, 3.592, 3.812, 0.8460, -1.1201, -3.7574, 0.5480, 38.2701, 91.1305, 0, 1
1745404987.435, 3.594, 3.802, 0.8399, -1.1205, -3.7496, 0.5070, 38.1573, 91.1589, 0, 1
1745404987.515, 3.594, 3.791, 0.8340, -1.1209, -3.7420, 0.4675, 38.0623, 91.1823, 0, 1
1745404987.595, 3.595, 3.781, 0.8280, -1.1211, -3.7345, 0.4751, 37.9585, 91.1685, 0, 1
1745404987.674, 3.596, 3.771, 0.8220, -1.1213, -3.7269, 0.5188, 37.8479, 91.1267, 0, 1
1745404987.754, 3.597, 3.761, 0.8159, -1.1215, -3.7193, 0.5639, 37.7198, 91.0942, 0, 1
1745404987.834, 3.597, 3.752, 0.8097, -1.1216, -3.7115, 0.5996, 37.5785, 91.0650, 0, 1
1745404987.913, 3.598, 3.743, 0.8034, -1.1217, -3.7036, 0.6327, 37.4204, 91.0371, 0, 1
1745404987.993, 3.599, 3.734, 0.7971, -1.1218, -3.6954, 0.6393, 37.2792, 91.0357, 0, 1
1745404988.073, 3.600, 3.724, 0.7908, -1.1220, -3.6872, 0.6363, 37.1230, 91.0520, 0, 1
1745404988.152, 3.601, 3.714, 0.7847, -1.1223, -3.6790, 0.6023, 36.9931, 91.0859, 0, 1
1745404988.232, 3.603, 3.703, 0.7786, -1.1226, -3.6707, 0.5542, 36.8768, 91.1355, 0, 1
1745404988.312, 3.604, 3.693, 0.7725, -1.1228, -3.6625, 0.5094, 36.7554, 91.1760, 0, 1
1745404988.391, 3.606, 3.683, 0.7667, -1.1230, -3.6549, 0.5233, 36.7337, 91.1420, 0, 1
1745404988.471, 3.608, 3.673, 0.7614, -1.1233, -3.6478, 0.5130, 36.7631, 91.1545, 0, 1
1745404988.551, 3.610, 3.664, 0.7562, -1.1235, -3.6416, 0.5589, 36.8642, 91.0690, 0, 1
1745404988.630, 3.609, 3.655, 0.7511, -1.1238, -3.6353, 0.5671, 36.9589, 91.0362, 0, 1
1745404988.710, 3.609, 3.647, 0.7455, -1.1240, -3.6286, 0.6146, 37.1123, 90.9908, 0, 1
1745404988.791, 3.609, 3.638, 0.7396, -1.1243, -3.6213, 0.5853, 37.1785, 91.0207, 0, 1
1745404988.869, 3.608, 3.628, 0.7329, -1.1245, -3.6132, 0.6096, 37.2726, 91.0156, 0, 1
1745404988.949, 3.608, 3.618, 0.7263, -1.1249, -3.6045, 0.4794, 37.3981, 91.1507, 0, 1
1745404989.028, 3.609, 3.608, 0.7197, -1.1252, -3.5962, 0.4800, 37.5371, 91.1758, 0, 1
1745404989.108, 3.608, 3.596, 0.7135, -1.1255, -3.5882, 0.4194, 37.6732, 91.2422, 0, 1
1745404989.188, 3.607, 3.584, 0.7077, -1.1258, -3.5808, 0.3845, 37.8242, 91.2773, 0, 1
1745404989.267, 3.607, 3.574, 0.7023, -1.1259, -3.5739, 0.3178, 37.9748, 91.3004, 0, 1
1745404989.347, 3.606, 3.564, 0.6966, -1.1260, -3.5672, 0.3771, 38.0438, 91.2540, 0, 1
1745404989.427, 3.605, 3.555, 0.6909, -1.1260, -3.5606, 0.4096, 38.1284, 91.2131, 0, 1
1745404989.506, 3.605, 3.547, 0.6848, -1.1260, -3.5538, 0.5072, 38.2057, 91.1263, 0, 1
1745404989.586, 3.605, 3.538, 0.6786, -1.1260, -3.5465, 0.5892, 38.3147, 91.0707, 0, 1
1745404989.665, 3.604, 3.529, 0.6722, -1.1262, -3.5389, 0.6264, 38.3928, 91.0076, 0, 1
1745404989.785, 3.604, 3.519, 0.6647, -1.1262, -3.5304, 0.7179, 38.4862, 90.9345, 0, 1
1745404989.865, 3.602, 3.509, 0.6573, -1.1265, -3.5214, 0.6143, 38.5959, 90.9978, 0, 1
1745404989.944, 3.602, 3.499, 0.6499, -1.1271, -3.5123, 0.4762, 38.7582, 91.1276, 0, 1
1745404990.024, 3.602, 3.485, 0.6423, -1.1276, -3.5035, 0.4092, 38.8636, 91.1754, 0, 1
1745404990.104, 3.602, 3.471, 0.6350, -1.1279, -3.4950, 0.3741, 38.9853, 91.2096, 0, 1
1745404990.183, 3.602, 3.461, 0.6288, -1.1284, -3.4876, 0.2729, 39.1196, 91.2533, 0, 1
1745404990.263, 3.602, 3.449, 0.6228, -1.1285, -3.4807, 0.3722, 39.2348, 91.1628, 0, 1
1745404990.343, 3.602, 3.439, 0.6167, -1.1286, -3.4739, 0.4465, 39.2923, 91.0541, 0, 1
1745404990.422, 3.602, 3.430, 0.6108, -1.1289, -3.4671, 0.5045, 39.3727, 91.0273, 0, 1
1745404990.502, 3.602, 3.421, 0.6044, -1.1291, -3.4598, 0.5399, 39.4475, 91.0141, 0, 1
1745404990.581, 3.603, 3.413, 0.5976, -1.1293, -3.4516, 0.5608, 39.4870, 91.0435, 0, 1
1745404990.661, 3.604, 3.403, 0.5904, -1.1298, -3.4429, 0.4801, 39.4899, 91.1583, 0, 1
1745404990.741, 3.603, 3.392, 0.5832, -1.1300, -3.4341, 0.4253, 39.4667, 91.2406, 0, 1
1745404990.820, 3.603, 3.381, 0.5762, -1.1302, -3.4255, 0.3372, 39.4175, 91.3012, 0, 1
1745404990.900, 3.603, 3.370, 0.5697, -1.1305, -3.4173, 0.2680, 39.3361, 91.3790, 0, 1
1745404990.980, 3.602, 3.359, 0.5634, -1.1307, -3.4095, 0.2238, 39.2223, 91.4160, 0, 1
1745404991.059, 3.602, 3.348, 0.5572, -1.1310, -3.4022, 0.2527, 39.0997, 91.3901, 0, 1
1745404991.139, 3.603, 3.338, 0.5510, -1.1311, -3.3947, 0.2856, 38.9495, 91.3610, 0, 1
1745404991.219, 3.603, 3.328, 0.5446, -1.1314, -3.3869, 0.3040, 38.7890, 91.3364, 0, 1
1745404991.298, 3.604, 3.318, 0.5382, -1.1317, -3.3790, 0.3167, 38.5926, 91.3215, 0, 1
1745404991.378, 3.604, 3.307, 0.5318, -1.1319, -3.3714, 0.3618, 38.3733, 91.2960, 0, 1
1745404991.458, 3.604, 3.297, 0.5259, -1.1319, -3.3641, 0.3843, 38.1207, 91.2919, 0, 1
1745404991.537, 3.605, 3.288, 0.5203, -1.1322, -3.3572, 0.3614, 37.8351, 91.3314, 0, 1
1745404991.617, 3.606, 3.280, 0.5149, -1.1322, -3.3506, 0.3936, 37.4811, 91.3620, 0, 1
1745404991.697, 3.607, 3.274, 0.5093, -1.1325, -3.3439, 0.4761, 37.0727, 91.3677, 0, 1
1745404991.776, 3.610, 3.265, 0.5038, -1.1328, -3.3368, 0.4515, 36.7395, 91.3790, 0, 1
1745404991.856, 3.613, 3.259, 0.4977, -1.1330, -3.3288, 0.4088, 36.3843, 91.3881, 0, 1
1745404991.936, 3.615, 3.251, 0.4912, -1.1333, -3.3202, 0.4283, 36.0775, 91.3335, 0, 1
1745404992.015, 3.617, 3.242, 0.4846, -1.1337, -3.3111, 0.4185, 35.8539, 91.2730, 0, 1
1745404992.095, 3.619, 3.234, 0.4780, -1.1338, -3.3020, 0.3789, 35.7199, 91.2110, 0, 1
1745404992.174, 3.621, 3.224, 0.4715, -1.1341, -3.2931, 0.4184, 35.5679, 91.1482, 0, 1
1745404992.254, 3.624, 3.214, 0.4654, -1.1345, -3.2849, 0.4551, 35.5250, 91.0847, 0, 1
1745404992.334, 3.624, 3.203, 0.4598, -1.1348, -3.2771, 0.4566, 35.4919, 91.0659, 0, 1
1745404992.413, 3.625, 3.194, 0.4544, -1.1350, -3.2694, 0.4196, 35.4547, 91.0804, 0, 1
1745404992.493, 3.627, 3.185, 0.4492, -1.1353, -3.2619, 0.3611, 35.4131, 91.1170, 0, 1
1745404992.573, 3.627, 3.175, 0.4439, -1.1355, -3.2542, 0.2931, 35.3520, 91.1743, 0, 1
1745404992.652, 3.627, 3.165, 0.4390, -1.1357, -3.2471, 0.2405, 35.2703, 91.2296, 0, 1
1745404992.732, 3.628, 3.156, 0.4352, -1.1359, -3.2416, 0.2016, 35.2032, 91.2620, 0, 1
1745404992.812, 3.629, 3.149, 0.4325, -1.1360, -3.2377, 0.1835, 35.1543, 91.2770, 0, 1
1745404992.891, 3.630, 3.141, 0.4309, -1.1361, -3.2355, 0.1749, 35.1308, 91.2806, 0, 1
1745404992.971, 3.631, 3.136, 0.4304, -1.1361, -3.2348, 0.1657, 35.1278, 91.2807, 0, 1
1745404993.051, 3.631, 3.133, 0.4305, -1.1361, -3.2349, 0.1560, 35.1276, 91.2777, 0, 1
1745404993.130, 3.632, 3.133, 0.4306, -1.1361, -3.2351, 0.1509, 35.1321, 91.2782, 0, 1
1745404993.210, 3.630, 3.132, 0.4307, -1.1361, -3.2351, 0.1435, 35.1338, 91.2842, 0, 1
1745404993.290, 3.630, 3.131, 0.4307, -1.1361, -3.2352, 0.1375, 35.1330, 91.2889, 0, 1
1745404993.369, 3.629, 3.131, 0.4307, -1.1361, -3.2352, 0.1361, 35.1299, 91.2897, 0, 1
1745404993.449, 3.628, 3.131, 0.4307, -1.1361, -3.2353, 0.1352, 35.1278, 91.2920, 0, 1
1745404993.528, 3.627, 3.129, 0.4307, -1.1361, -3.2353, 0.1367, 35.1248, 91.2892, 0, 1
1745404993.608, 3.628, 3.129, 0.4306, -1.1361, -3.2353, 0.1374, 35.1227, 91.2860, 0, 1
1745404993.688, 3.628, 3.130, 0.4307, -1.1361, -3.2354, 0.1346, 35.1220, 91.2876, 0, 1
1745404993.767, 3.628, 3.130, 0.4307, -1.1361, -3.2354, 0.1310, 35.1223, 91.2927, 0, 1
1745404993.847, 3.628, 3.131, 0.4306, -1.1361, -3.2354, 0.1267, 35.1220, 91.2961, 0, 1
1745404993.927, 3.628, 3.133, 0.4307, -1.1361, -3.2354, 0.1219, 35.1226, 91.3006, 0, 1
1745404994.006, 3.628, 3.133, 0.4308, -1.1362, -3.2356, 0.1155, 35.1219, 91.2943, 0, 1
1745404994.088, 3.628, 3.133, 0.4312, -1.1362, -3.2362, 0.1174, 35.1301, 91.3011, 0, 1
1745404995.977, 3.626, 3.159, 0.4475, -1.1355, -3.2593, 0.1931, 35.3199, 91.2759, 0, 1
1745404996.057, 3.624, 3.185, 0.4638, -1.1348, -3.2823, 0.2663, 35.5115, 91.2526, 0, 1
1745404996.137, 3.622, 3.211, 0.4801, -1.1341, -3.3053, 0.3385, 35.7043, 91.2303, 0, 1
1745404996.216, 3.619, 3.239, 0.4963, -1.1335, -3.3282, 0.4135, 35.9001, 91.2189, 0, 1
1745404996.296, 3.616, 3.266, 0.5122, -1.1328, -3.3507, 0.4807, 36.0857, 91.1935, 0, 1
1745404996.376, 3.616, 3.267, 0.5122, -1.1328, -3.3507, 0.4769, 36.0890, 91.1976, 0, 1
1745404996.455, 3.617, 3.268, 0.5122, -1.1328, -3.3507, 0.4745, 36.0911, 91.1999, 0, 1
1745404996.535, 3.618, 3.268, 0.5122, -1.1328, -3.3507, 0.4743, 36.0908, 91.2014, 0, 1
1745404996.615, 3.617, 3.267, 0.5121, -1.1328, -3.3506, 0.4753, 36.0879, 91.2043, 0, 1
1745404996.694, 3.618, 3.267, 0.5122, -1.1328, -3.3506, 0.4768, 36.0847, 91.2055, 0, 1
1745404996.774, 3.618, 3.266, 0.5121, -1.1328, -3.3506, 0.4797, 36.0812, 91.2066, 0, 1
1745404996.854, 3.618, 3.265, 0.5122, -1.1328, -3.3506, 0.4823, 36.0781, 91.2084, 0, 1
1745404996.933, 3.618, 3.265, 0.5121, -1.1328, -3.3506, 0.4840, 36.0765, 91.2121, 0, 1
1745404997.013, 3.618, 3.265, 0.5121, -1.1327, -3.3505, 0.4854, 36.0765, 91.2131, 0, 1
1745404997.093, 3.619, 3.266, 0.5121, -1.1327, -3.3505, 0.4885, 36.0778, 91.2129, 0, 1
1745404997.172, 3.618, 3.267, 0.5121, -1.1327, -3.3505, 0.4858, 36.0805, 91.2171, 0, 1
1745404997.252, 3.618, 3.267, 0.5122, -1.1327, -3.3506, 0.4848, 36.0862, 91.2212, 0, 1
1745404997.332, 3.617, 3.267, 0.5125, -1.1327, -3.3510, 0.4891, 36.0903, 91.2302, 0, 1
1745404997.411, 3.616, 3.267, 0.5133, -1.1327, -3.3523, 0.5177, 36.0993, 91.2219, 0, 1
1745404997.491, 3.616, 3.266, 0.5151, -1.1326, -3.3548, 0.5340, 36.1207, 91.2223, 0, 1
1745404997.570, 3.615, 3.266, 0.5183, -1.1325, -3.3591, 0.5406, 36.1499, 91.2160, 0, 1
1745404997.650, 3.614, 3.269, 0.5224, -1.1326, -3.3648, 0.5574, 36.1871, 91.2143, 0, 1
1745404997.730, 3.614, 3.273, 0.5276, -1.1324, -3.3717, 0.5585, 36.2524, 91.2107, 0, 1
1745404997.809, 3.613, 3.281, 0.5332, -1.1322, -3.3792, 0.5165, 36.3194, 91.2278, 0, 1
1745404997.889, 3.613, 3.289, 0.5386, -1.1321, -3.3863, 0.4714, 36.3725, 91.2433, 0, 1
1745404997.969, 3.612, 3.297, 0.5436, -1.1319, -3.3928, 0.4269, 36.4282, 91.2684, 0, 1
1745404998.048, 3.611, 3.305, 0.5482, -1.1315, -3.3987, 0.3656, 36.4768, 91.2826, 0, 1
1745404998.128, 3.610, 3.315, 0.5525, -1.1313, -3.4044, 0.3302, 36.5053, 91.2934, 0, 1
1745404998.209, 3.609, 3.322, 0.5568, -1.1312, -3.4100, 0.3107, 36.5180, 91.2921, 0, 1
1745404998.287, 3.608, 3.330, 0.5611, -1.1310, -3.4160, 0.3268, 36.5362, 91.2770, 0, 1
1745404998.367, 3.607, 3.338, 0.5656, -1.1309, -3.4223, 0.3646, 36.5495, 91.2414, 0, 1
1745404998.446, 3.607, 3.345, 0.5702, -1.1306, -3.4287, 0.4381, 36.5652, 91.1854, 0, 1
1745404998.528, 3.607, 3.352, 0.5747, -1.1304, -3.4352, 0.5170, 36.5808, 91.1187, 0, 1
1745404998.606, 3.605, 3.359, 0.5791, -1.1302, -3.4415, 0.6041, 36.6136, 91.0548, 0, 1
1745404998.685, 3.605, 3.365, 0.5836, -1.1300, -3.4478, 0.6721, 36.6553, 91.0054, 0, 1
1745404998.765, 3.604, 3.373, 0.5880, -1.1298, -3.4540, 0.7225, 36.7082, 90.9738, 0, 1
1745404998.846, 3.603, 3.381, 0.5926, -1.1296, -3.4601, 0.7428, 36.7647, 90.9648, 0, 1
1745405001.095, 3.600, 3.417, 0.6134, -1.1288, -3.4870, 0.6912, 37.0167, 91.0090, 0, 1
1745405001.174, 3.597, 3.453, 0.6333, -1.1281, -3.5128, 0.6345, 37.2603, 91.0589, 0, 1
1745405001.254, 3.594, 3.488, 0.6523, -1.1274, -3.5373, 0.5755, 37.4902, 91.1036, 0, 1
1745405001.334, 3.592, 3.520, 0.6704, -1.1267, -3.5605, 0.5271, 37.7033, 91.1413, 0, 1
1745405001.413, 3.590, 3.551, 0.6874, -1.1260, -3.5825, 0.4782, 37.9065, 91.1811, 0, 1
1745405001.493, 3.590, 3.551, 0.6874, -1.1260, -3.5824, 0.4762, 37.9086, 91.1805, 0, 1
1745405001.573, 3.591, 3.550, 0.6874, -1.1259, -3.5824, 0.4743, 37.9101, 91.1799, 0, 1
1745405001.652, 3.591, 3.550, 0.6874, -1.1259, -3.5824, 0.4724, 37.9121, 91.1806, 0, 1
1745405001.732, 3.590, 3.551, 0.6874, -1.1260, -3.5824, 0.4702, 37.9133, 91.1828, 0, 1
1745405001.811, 3.589, 3.551, 0.6874, -1.1260, -3.5824, 0.4680, 37.9177, 91.1832, 0, 1
1745405001.891, 3.589, 3.551, 0.6872, -1.1260, -3.5822, 0.4683, 37.9113, 91.1768, 0, 1
1745405001.971, 3.587, 3.551, 0.6866, -1.1260, -3.5813, 0.4716, 37.9053, 91.1791, 0, 1
1745405002.050, 3.586, 3.551, 0.6851, -1.1260, -3.5796, 0.4853, 37.8866, 91.1758, 0, 1
1745405002.130, 3.586, 3.549, 0.6828, -1.1261, -3.5767, 0.4973, 37.8603, 91.1670, 0, 1
1745405002.210, 3.586, 3.547, 0.6795, -1.1261, -3.5725, 0.5368, 37.8017, 91.1390, 0, 1
1745405002.289, 3.587, 3.543, 0.6754, -1.1263, -3.5675, 0.6064, 37.7211, 91.0971, 0, 1
1745405002.369, 3.588, 3.539, 0.6708, -1.1264, -3.5619, 0.6758, 37.6083, 91.0530, 0, 1
1745405002.449, 3.588, 3.534, 0.6662, -1.1265, -3.5563, 0.7375, 37.4874, 91.0003, 0, 1
1745405002.528, 3.589, 3.527, 0.6618, -1.1267, -3.5508, 0.7814, 37.3669, 90.9578, 0, 1
1745405002.608, 3.590, 3.521, 0.6580, -1.1268, -3.5459, 0.7998, 37.2634, 90.9352, 0, 1
1745405002.687, 3.591, 3.515, 0.6548, -1.1269, -3.5417, 0.7914, 37.1844, 90.9321, 0, 1
1745405002.767, 3.592, 3.509, 0.6525, -1.1269, -3.5387, 0.7738, 37.1349, 90.9274, 0, 1
1745405002.847, 3.593, 3.503, 0.6511, -1.1270, -3.5368, 0.7523, 37.1032, 90.9362, 0, 1
1745405002.926, 3.595, 3.499, 0.6503, -1.1270, -3.5357, 0.7453, 37.0779, 90.9459, 0, 1
1745405003.006, 3.595, 3.496, 0.6501, -1.1270, -3.5354, 0.7345, 37.0636, 90.9583, 0, 1
1745405003.086, 3.596, 3.494, 0.6501, -1.1270, -3.5355, 0.7210, 37.0574, 90.9703, 0, 1
1745405003.165, 3.596, 3.493, 0.6505, -1.1270, -3.5359, 0.7122, 37.0538, 90.9930, 0, 1
1745405003.245, 3.596, 3.493, 0.6519, -1.1269, -3.5379, 0.7209, 37.0800, 91.0216, 0, 1
1745405003.325, 3.596, 3.494, 0.6553, -1.1267, -3.5423, 0.7217, 37.1290, 91.0423, 0, 1
1745405003.404, 3.597, 3.497, 0.6609, -1.1264, -3.5494, 0.6722, 37.2002, 91.0944, 0, 1
1745405003.484, 3.596, 3.500, 0.6688, -1.1261, -3.5594, 0.6287, 37.2711, 91.1413, 0, 1
1745405003.564, 3.596, 3.507, 0.6778, -1.1258, -3.5711, 0.5926, 37.3529, 91.1602, 0, 1
1745405003.643, 3.596, 3.519, 0.6862, -1.1256, -3.5818, 0.5451, 37.4036, 91.1654, 0, 1
1745405003.723, 3.594, 3.532, 0.6923, -1.1255, -3.5897, 0.5064, 37.4323, 91.1819, 0, 1
1745405003.803, 3.592, 3.544, 0.6958, -1.1255, -3.5944, 0.5132, 37.4331, 91.1706, 0, 1
1745405003.882, 3.592, 3.555, 0.6969, -1.1255, -3.5958, 0.5137, 37.4372, 91.1639, 0, 1
1745405003.962, 3.591, 3.563, 0.6963, -1.1255, -3.5950, 0.5077, 37.4271, 91.1681, 0, 1
1745405004.042, 3.589, 3.566, 0.6954, -1.1256, -3.5937, 0.4996, 37.4207, 91.1762, 0, 1
1745405004.121, 3.589, 3.566, 0.6947, -1.1257, -3.5928, 0.4940, 37.4142, 91.1719, 0, 1
1745405004.201, 3.588, 3.566, 0.6944, -1.1257, -3.5924, 0.4955, 37.4142, 91.1623, 0, 1
1745405004.281, 3.588, 3.565, 0.6944, -1.1257, -3.5923, 0.4972, 37.4099, 91.1505, 0, 1
1745405004.360, 3.587, 3.564, 0.6943, -1.1257, -3.5923, 0.4974, 37.4100, 91.1410, 0, 1
1745405004.440, 3.587, 3.564, 0.6944, -1.1257, -3.5923, 0.4952, 37.4120, 91.1321, 0, 1
1745405004.520, 3.588, 3.564, 0.6944, -1.1257, -3.5923, 0.4976, 37.4122, 91.1234, 0, 1
1745405004.599, 3.589, 3.563, 0.6948, -1.1257, -3.5928, 0.5010, 37.4045, 91.1219, 0, 1
1745405004.679, 3.588, 3.563, 0.6959, -1.1257, -3.5945, 0.5221, 37.4228, 91.1050, 0, 1
1745405004.758, 3.588, 3.564, 0.6982, -1.1255, -3.5976, 0.5653, 37.4398, 91.0705, 0, 1
1745405004.838, 3.589, 3.565, 0.7016, -1.1255, -3.6025, 0.6313, 37.4594, 91.0176, 0, 1
1745405004.918, 3.589, 3.569, 0.7063, -1.1253, -3.6089, 0.6877, 37.4865, 90.9797, 0, 1
1745405004.997, 3.588, 3.575, 0.7118, -1.1252, -3.6162, 0.7388, 37.5342, 90.9419, 0, 1
1745405005.077, 3.587, 3.580, 0.7174, -1.1249, -3.6236, 0.7629, 37.5648, 90.9344, 0, 1
1745405005.157, 3.587, 3.589, 0.7226, -1.1247, -3.6303, 0.7655, 37.5872, 90.9406, 0, 1
1745405005.236, 3.587, 3.599, 0.7267, -1.1244, -3.6355, 0.7506, 37.6168, 90.9712, 0, 1
1745405005.316, 3.586, 3.607, 0.7295, -1.1241, -3.6390, 0.7381, 37.6448, 90.9975, 0, 1
1745405005.395, 3.585, 3.614, 0.7312, -1.1240, -3.6411, 0.7289, 37.6606, 91.0179, 0, 1
1745405005.475, 3.585, 3.620, 0.7319, -1.1240, -3.6421, 0.7289, 37.6695, 91.0271, 0, 1
1745405005.555, 3.585, 3.624, 0.7320, -1.1240, -3.6423, 0.7291, 37.6878, 91.0433, 0, 1
1745405005.634, 3.585, 3.626, 0.7320, -1.1240, -3.6423, 0.7231, 37.6945, 91.0559, 0, 1
1745405005.714, 3.584, 3.626, 0.7322, -1.1239, -3.6426, 0.7165, 37.6875, 91.0698, 0, 1
1745405005.794, 3.585, 3.626, 0.7332, -1.1239, -3.6438, 0.7028, 37.6957, 91.0928, 0, 1
1745405005.873, 3.583, 3.626, 0.7354, -1.1238, -3.6465, 0.6950, 37.7195, 91.1001, 0, 1
1745405005.953, 3.583, 3.627, 0.7389, -1.1235, -3.6510, 0.6886, 37.7588, 91.1183, 0, 1
1745405006.033, 3.583, 3.630, 0.7440, -1.1234, -3.6575, 0.6826, 37.8145, 91.1255, 0, 1
1745405006.112, 3.584, 3.635, 0.7502, -1.1232, -3.6655, 0.7102, 37.8833, 91.0976, 0, 1
1745405006.192, 3.584, 3.644, 0.7568, -1.1229, -3.6743, 0.7851, 37.9635, 91.0421, 0, 1
1745405006.272, 3.584, 3.653, 0.7633, -1.1227, -3.6829, 0.8292, 38.0172, 90.9853, 0, 1
1745405006.353, 3.584, 3.664, 0.7688, -1.1227, -3.6901, 0.8709, 38.0669, 90.9185, 0, 1
1745405006.431, 3.582, 3.675, 0.7726, -1.1225, -3.6950, 0.9146, 38.0989, 90.8775, 0, 1
1745405006.511, 3.581, 3.684, 0.7749, -1.1224, -3.6980, 0.9281, 38.1257, 90.8661, 0, 1
1745405006.590, 3.579, 3.689, 0.7760, -1.1224, -3.6994, 0.9024, 38.1266, 90.8743, 0, 1
1745405006.670, 3.579, 3.695, 0.7761, -1.1223, -3.6995, 0.8993, 38.1366, 90.8993, 0, 1
1745405006.750, 3.579, 3.697, 0.7758, -1.1223, -3.6992, 0.8986, 38.1294, 90.9255, 0, 1
1745405006.829, 3.580, 3.697, 0.7761, -1.1223, -3.6995, 0.8887, 38.1179, 90.9415, 0, 1
1745405006.909, 3.580, 3.697, 0.7771, -1.1222, -3.7007, 0.8823, 38.1168, 90.9484, 0, 1
1745405006.988, 3.581, 3.698, 0.7792, -1.1221, -3.7035, 0.8944, 38.1253, 90.9581, 0, 1
1745405007.068, 3.580, 3.699, 0.7826, -1.1222, -3.7079, 0.8959, 38.1544, 90.9723, 0, 1
1745405007.148, 3.580, 3.701, 0.7875, -1.1220, -3.7141, 0.8694, 38.2074, 91.0076, 0, 1
1745405007.227, 3.579, 3.707, 0.7935, -1.1218, -3.7216, 0.8371, 38.2623, 91.0419, 0, 1
1745405007.307, 3.579, 3.714, 0.7998, -1.1217, -3.7295, 0.8004, 38.3123, 91.0780, 0, 1
1745405007.387, 3.578, 3.724, 0.8060, -1.1215, -3.7371, 0.7522, 38.3484, 91.1016, 0, 1
1745405007.466, 3.579, 3.734, 0.8116, -1.1212, -3.7442, 0.7133, 38.3606, 91.1167, 0, 1
1745405007.546, 3.579, 3.744, 0.8166, -1.1210, -3.7505, 0.7149, 38.3479, 91.0990, 0, 1
1745405007.626, 3.579, 3.751, 0.8213, -1.1207, -3.7566, 0.7526, 38.3381, 91.0562, 0, 1
1745405007.705, 3.579, 3.760, 0.8260, -1.1205, -3.7627, 0.8192, 38.3393, 90.9931, 0, 1
1745405007.785, 3.579, 3.768, 0.8311, -1.1199, -3.7694, 0.9154, 38.3576, 90.9169, 0, 1
1745405007.864, 3.579, 3.776, 0.8368, -1.1192, -3.7771, 1.0167, 38.3976, 90.8489, 0, 1
1745405007.944, 3.578, 3.785, 0.8436, -1.1190, -3.7859, 1.0990, 38.4647, 90.7919, 0, 1
1745405008.024, 3.576, 3.796, 0.8513, -1.1186, -3.7959, 1.1540, 38.5441, 90.7621, 0, 1
1745405008.103, 3.575, 3.808, 0.8596, -1.1182, -3.8063, 1.1668, 38.5925, 90.7693, 0, 1
1745405008.183, 3.573, 3.820, 0.8684, -1.1181, -3.8171, 1.1324, 38.5596, 90.7930, 0, 1
1745405008.263, 3.572, 3.833, 0.8772, -1.1182, -3.8277, 1.1028, 38.4417, 90.8130, 0, 1
1745405008.342, 3.572, 3.846, 0.8854, -1.1178, -3.8376, 1.1150, 38.2203, 90.8319, 0, 1
1745405008.422, 3.572, 3.860, 0.8933, -1.1176, -3.8470, 1.0852, 37.8937, 90.8649, 0, 1
1745405008.502, 3.573, 3.873, 0.9011, -1.1174, -3.8562, 1.0775, 37.4852, 90.8938, 0, 1
1745405008.581, 3.575, 3.882, 0.9088, -1.1172, -3.8654, 1.0640, 37.0438, 90.9412, 0, 1
1745405008.661, 3.576, 3.895, 0.9167, -1.1170, -3.8747, 1.0090, 36.5442, 91.0012, 0, 1
1745405008.742, 3.578, 3.908, 0.9248, -1.1167, -3.8843, 0.8920, 36.0311, 91.0824, 0, 1
1745405008.820, 3.579, 3.922, 0.9328, -1.1165, -3.8940, 0.8361, 35.5829, 91.1383, 0, 1
1745405008.900, 3.582, 3.937, 0.9404, -1.1162, -3.9035, 0.7535, 35.2339, 91.2070, 0, 1
1745405008.979, 3.584, 3.952, 0.9477, -1.1159, -3.9130, 0.7019, 34.9726, 91.2518, 0, 1
1745405009.059, 3.585, 3.967, 0.9543, -1.1156, -3.9222, 0.7159, 34.8226, 91.2707, 0, 1
1745405009.139, 3.586, 3.981, 0.9605, -1.1153, -3.9311, 0.7566, 34.7696, 91.2649, 0, 1
1745405009.218, 3.586, 3.994, 0.9666, -1.1151, -3.9398, 0.7711, 34.7341, 91.2752, 0, 1
1745405009.298, 3.585, 4.005, 0.9724, -1.1149, -3.9482, 0.7912, 34.6943, 91.2686, 0, 1
1745405009.378, 3.585, 4.016, 0.9775, -1.1145, -3.9553, 0.7919, 34.6620, 91.2818, 0, 1
1745405009.457, 3.585, 4.027, 0.9814, -1.1143, -3.9607, 0.7646, 34.6465, 91.3039, 0, 1
1745405009.537, 3.585, 4.037, 0.9841, -1.1142, -3.9644, 0.7365, 34.6309, 91.3275, 0, 1
1745405009.617, 3.584, 4.044, 0.9856, -1.1140, -3.9664, 0.7203, 34.6255, 91.3402, 0, 1
1745405009.696, 3.584, 4.048, 0.9860, -1.1139, -3.9670, 0.7166, 34.6243, 91.3464, 0, 1
1745405009.776, 3.584, 4.053, 0.9860, -1.1139, -3.9670, 0.7185, 34.6295, 91.3424, 0, 1
1745405009.856, 3.584, 4.055, 0.9860, -1.1139, -3.9670, 0.7184, 34.6321, 91.3412, 0, 1
1745405009.935, 3.584, 4.055, 0.9860, -1.1139, -3.9669, 0.7174, 34.6334, 91.3389, 0, 1
1745405010.015, 3.585, 4.055, 0.9860, -1.1139, -3.9669, 0.7166, 34.6356, 91.3337, 0, 1
1745405010.094, 3.584, 4.055, 0.9860, -1.1139, -3.9669, 0.7153, 34.6363, 91.3302, 0, 1
1745405010.174, 3.584, 4.055, 0.9859, -1.1139, -3.9669, 0.7140, 34.6360, 91.3272, 0, 1
1745405010.254, 3.584, 4.055, 0.9859, -1.1139, -3.9669, 0.7134, 34.6347, 91.3222, 0, 1
1745405010.333, 3.584, 4.055, 0.9860, -1.1139, -3.9669, 0.7130, 34.6328, 91.3183, 0, 1
1745405010.413, 3.583, 4.055, 0.9860, -1.1139, -3.9669, 0.7142, 34.6300, 91.3153, 0, 1
1745405010.493, 3.584, 4.055, 0.9860, -1.1139, -3.9669, 0.7170, 34.6281, 91.3127, 0, 1
1745405010.572, 3.584, 4.054, 0.9860, -1.1139, -3.9669, 0.7169, 34.6272, 91.3113, 0, 1
1745405010.652, 3.584, 4.054, 0.9860, -1.1139, -3.9669, 0.7172, 34.6279, 91.3122, 0, 1
1745405010.732, 3.584, 4.054, 0.9860, -1.1139, -3.9669, 0.7175, 34.6303, 91.3123, 0, 1
1745405010.811, 3.584, 4.054, 0.9859, -1.1139, -3.9668, 0.7176, 34.6354, 91.3145, 0, 1
1745405010.891, 3.585, 4.054, 0.9859, -1.1139, -3.9668, 0.7158, 34.6393, 91.3164, 0, 1
1745405010.971, 3.585, 4.055, 0.9859, -1.1139, -3.9668, 0.7178, 34.6419, 91.3169, 0, 1
1745405011.050, 3.584, 4.056, 0.9860, -1.1139, -3.9668, 0.7182, 34.6439, 91.3159, 0, 1
1745405011.130, 3.584, 4.056, 0.9859, -1.1139, -3.9668, 0.7211, 34.6452, 91.3142, 0, 1
1745405011.210, 3.584, 4.056, 0.9859, -1.1139, -3.9668, 0.7222, 34.6457, 91.3140, 0, 1
1745405011.289, 3.584, 4.057, 0.9859, -1.1139, -3.9668, 0.7254, 34.6464, 91.3134, 1, 1
1745405011.369, 3.584, 4.057, 0.9859, -1.1139, -3.9668, 0.7261, 34.6468, 91.3130, 1, 1
1745405011.448, 3.584, 4.056, 0.9859, -1.1139, -3.9668, 0.7263, 34.6466, 91.3134, 1, 1
1745405038.209, 3.917, 3.995, 1.2054, -1.1169, -3.7041, 0.6753, 35.5579, 91.3671, 0, 1
1745405038.448, 4.918, 3.811, 1.8639, -1.1259, -2.9162, 0.5220, 38.2910, 91.5246, 1, 1
1745405038.528, 5.252, 3.750, 2.0834, -1.1289, -2.6536, 0.4698, 39.2024, 91.5788, 1, 1
1745405038.607, 5.251, 3.750, 2.0834, -1.1289, -2.6536, 0.4676, 39.2016, 91.5799, 1, 1
1745405038.687, 5.251, 3.750, 2.0834, -1.1289, -2.6536, 0.4632, 39.2004, 91.5820, 1, 1
1745405038.767, 5.251, 3.751, 2.0834, -1.1289, -2.6536, 0.4604, 39.2011, 91.5854, 1, 1
1745405038.846, 5.250, 3.751, 2.0835, -1.1289, -2.6536, 0.4598, 39.2015, 91.5861, 1, 1
1745405038.926, 5.251, 3.751, 2.0835, -1.1289, -2.6537, 0.4600, 39.2022, 91.5864, 1, 1
1745405039.006, 5.251, 3.751, 2.0834, -1.1289, -2.6536, 0.4585, 39.2023, 91.5896, 1, 1
1745405039.085, 5.251, 3.751, 2.0834, -1.1289, -2.6536, 0.4590, 39.2027, 91.5887, 1, 1
1745405039.165, 5.251, 3.751, 2.0834, -1.1289, -2.6537, 0.4594, 39.2025, 91.5872, 1, 1
1745405039.245, 5.252, 3.752, 2.0834, -1.1289, -2.6536, 0.4593, 39.2023, 91.5878, 1, 1
1745405039.324, 5.252, 3.752, 2.0834, -1.1289, -2.6536, 0.4601, 39.2029, 91.5869, 1, 1
1745405039.404, 5.252, 3.752, 2.0834, -1.1289, -2.6536, 0.4622, 39.2029, 91.5824, 1, 1
1745405039.483, 5.252, 3.752, 2.0834, -1.1289, -2.6536, 0.4629, 39.2019, 91.5817, 1, 1
1745405039.563, 5.252, 3.752, 2.0835, -1.1289, -2.6536, 0.4649, 39.2012, 91.5802, 1, 1
1745405039.643, 5.253, 3.752, 2.0835, -1.1289, -2.6536, 0.4649, 39.2018, 91.5809, 1, 1
1745405039.722, 5.252, 3.751, 2.0835, -1.1289, -2.6537, 0.4651, 39.2003, 91.5796, 1, 1
1745405039.802, 5.252, 3.751, 2.0835, -1.1290, -2.6537, 0.4647, 39.2009, 91.5810, 1, 1
1745405039.882, 5.252, 3.752, 2.0835, -1.1289, -2.6537, 0.4634, 39.2021, 91.5828, 1, 1
1745405039.961, 5.251, 3.751, 2.0835, -1.1289, -2.6537, 0.4604, 39.2029, 91.5841, 1, 1
1745405040.041, 5.251, 3.751, 2.0835, -1.1289, -2.6537, 0.4580, 39.2023, 91.5846, 1, 1
1745405040.121, 5.251, 3.752, 2.0835, -1.1289, -2.6537, 0.4551, 39.2015, 91.5870, 1, 1
1745405040.200, 5.252, 3.751, 2.0835, -1.1289, -2.6537, 0.4529, 39.1992, 91.5877, 1, 1
1745405040.280, 5.252, 3.752, 2.0835, -1.1289, -2.6537, 0.4518, 39.1960, 91.5874, 1, 1
1745405040.360, 5.251, 3.752, 2.0835, -1.1289, -2.6537, 0.4511, 39.1939, 91.5873, 1, 1
1745405040.439, 5.252, 3.752, 2.0835, -1.1290, -2.6537, 0.4502, 39.1924, 91.5874, 1, 1
1745405040.519, 5.251, 3.751, 2.0835, -1.1290, -2.6538, 0.4496, 39.1915, 91.5888, 1, 1
1745405040.599, 5.251, 3.751, 2.0836, -1.1290, -2.6537, 0.4494, 39.1910, 91.5908, 1, 1
1745405041.833, 5.251, 3.751, 2.0836, -1.1290, -2.6537, 0.4498, 39.1918, 91.5927, 0, 1
1745405041.913, 5.251, 3.752, 2.0836, -1.1290, -2.6538, 0.4490, 39.1914, 91.5932, 0, 1
1745405041.992, 5.251, 3.752, 2.0836, -1.1290, -2.6538, 0.4491, 39.1913, 91.5941, 0, 1
1745405042.072, 5.252, 3.752, 2.0836, -1.1290, -2.6538, 0.4490, 39.1930, 91.5930, 0, 1
1745405042.152, 5.252, 3.753, 2.0836, -1.1291, -2.6539, 0.4452, 39.1944, 91.5946, 0, 1
1745405042.231, 5.252, 3.752, 2.0837, -1.1291, -2.6539, 0.4447, 39.1942, 91.5945, 0, 1
1745405042.311, 5.252, 3.752, 2.0837, -1.1291, -2.6539, 0.4475, 39.1952, 91.5954, 0, 1
1745405042.391, 5.252, 3.752, 2.0837, -1.1291, -2.6539, 0.4490, 39.1953, 91.5967, 0, 1
1745405042.470, 5.251, 3.752, 2.0837, -1.1290, -2.6539, 0.4480, 39.1945, 91.6010, 0, 1
1745405042.550, 5.251, 3.752, 2.0836, -1.1290, -2.6539, 0.4522, 39.1954, 91.6011, 0, 1
1745405042.630, 5.251, 3.752, 2.0837, -1.1290, -2.6539, 0.4525, 39.1973, 91.6023, 0, 1
1745405042.709, 5.251, 3.753, 2.0837, -1.1291, -2.6539, 0.4520, 39.1972, 91.6039, 0, 1
1745405042.789, 5.251, 3.753, 2.0837, -1.1291, -2.6539, 0.4529, 39.1970, 91.6040, 0, 1
1745405042.868, 5.252, 3.753, 2.0837, -1.1291, -2.6540, 0.4546, 39.1965, 91.6029, 0, 1
1745405042.948, 5.252, 3.753, 2.0837, -1.1291, -2.6540, 0.4567, 39.1952, 91.6013, 0, 1
1745405043.028, 5.252, 3.753, 2.0837, -1.1291, -2.6540, 0.4597, 39.1923, 91.5997, 0, 1
1745405043.107, 5.251, 3.752, 2.0836, -1.1291, -2.6539, 0.4600, 39.1903, 91.6006, 0, 1
1745405043.187, 5.252, 3.752, 2.0837, -1.1291, -2.6539, 0.4597, 39.1891, 91.6002, 0, 1
1745405043.266, 5.252, 3.752, 2.0836, -1.1290, -2.6539, 0.4595, 39.1888, 91.5993, 0, 1
1745405043.346, 5.252, 3.752, 2.0836, -1.1290, -2.6539, 0.4564, 39.1886, 91.5982, 0, 1
1745405043.426, 5.251, 3.751, 2.0836, -1.1291, -2.6539, 0.4542, 39.1905, 91.5978, 0, 1
1745405043.505, 5.251, 3.751, 2.0836, -1.1291, -2.6539, 0.4537, 39.1933, 91.5953, 0, 1
1745405043.585, 5.252, 3.751, 2.0836, -1.1290, -2.6539, 0.4545, 39.1962, 91.5926, 0, 1
1745405043.665, 5.251, 3.751, 2.0836, -1.1291, -2.6539, 0.4557, 39.1994, 91.5899, 0, 1
1745405043.744, 5.251, 3.750, 2.0836, -1.1291, -2.6539, 0.4584, 39.2010, 91.5886, 0, 1
1745405043.824, 5.251, 3.750, 2.0836, -1.1291, -2.6539, 0.4589, 39.2014, 91.5878, 0, 1
1745405044.023, 5.251, 3.751, 2.0836, -1.1291, -2.6539, 0.4604, 39.2021, 91.5879, 0, 1
1745405044.103, 5.251, 3.752, 2.0837, -1.1291, -2.6540, 0.4609, 39.2029, 91.5893, 0, 1
1745405044.183, 5.252, 3.751, 2.0837, -1.1291, -2.6540, 0.4598, 39.2016, 91.5911, 0, 1
1745405044.262, 5.252, 3.751, 2.0837, -1.1291, -2.6540, 0.4583, 39.2017, 91.5932, 0, 1
1745405044.342, 5.252, 3.752, 2.0837, -1.1291, -2.6540, 0.4545, 39.2020, 91.5975, 0, 1
1745405044.421, 5.251, 3.752, 2.0837, -1.1291, -2.6540, 0.4497, 39.2016, 91.5995, 0, 1
1745405044.501, 5.251, 3.751, 2.0837, -1.1291, -2.6540, 0.4452, 39.2012, 91.6015, 0, 1
1745405044.581, 5.250, 3.751, 2.0837, -1.1291, -2.6540, 0.4422, 39.2014, 91.6026, 0, 1
1745405044.660, 5.250, 3.751, 2.0838, -1.1291, -2.6540, 0.4385, 39.2018, 91.6046, 0, 1
1745405044.740, 5.250, 3.750, 2.0838, -1.1291, -2.6540, 0.4385, 39.2027, 91.6038, 0, 1
1745405044.820, 5.251, 3.751, 2.0837, -1.1291, -2.6539, 0.4387, 39.2053, 91.6042, 0, 1
1745405044.899, 5.251, 3.751, 2.0833, -1.1291, -2.6534, 0.4371, 39.2095, 91.5999, 0, 1
1745405044.979, 5.251, 3.752, 2.0822, -1.1291, -2.6522, 0.4456, 39.2328, 91.5939, 0, 1
1745405045.059, 5.251, 3.750, 2.0804, -1.1291, -2.6501, 0.4513, 39.2611, 91.5885, 0, 1
1745405045.138, 5.250, 3.749, 2.0778, -1.1293, -2.6471, 0.4555, 39.2914, 91.5849, 0, 1
1745405045.218, 5.250, 3.747, 2.0747, -1.1294, -2.6434, 0.4502, 39.3301, 91.5913, 0, 1
1745405045.298, 5.251, 3.743, 2.0713, -1.1296, -2.6395, 0.4425, 39.3706, 91.6106, 0, 1
1745405045.377, 5.251, 3.738, 2.0681, -1.1297, -2.6356, 0.4164, 39.3991, 91.6398, 0, 1
1745405045.457, 5.251, 3.734, 2.0651, -1.1298, -2.6321, 0.3884, 39.4284, 91.6720, 0, 1
1745405045.537, 5.251, 3.729, 2.0625, -1.1299, -2.6290, 0.3528, 39.4600, 91.7039, 0, 1
1745405045.616, 5.250, 3.724, 2.0602, -1.1301, -2.6261, 0.3213, 39.4851, 91.7306, 0, 1
1745405045.696, 5.250, 3.720, 2.0579, -1.1302, -2.6233, 0.2863, 39.5139, 91.7518, 0, 1
1745405045.775, 5.250, 3.716, 2.0555, -1.1303, -2.6205, 0.2611, 39.5445, 91.7643, 0, 1
1745405045.855, 5.250, 3.711, 2.0532, -1.1304, -2.6176, 0.2425, 39.5672, 91.7716, 0, 1
1745405045.935, 5.250, 3.707, 2.0507, -1.1305, -2.6146, 0.2294, 39.5965, 91.7766, 0, 1
1745405046.014, 5.250, 3.703, 2.0481, -1.1306, -2.6116, 0.2228, 39.6295, 91.7781, 0, 1
1745405046.094, 5.250, 3.699, 2.0455, -1.1307, -2.6086, 0.2258, 39.6661, 91.7743, 0, 1
1745405046.174, 5.250, 3.695, 2.0429, -1.1308, -2.6055, 0.2252, 39.7040, 91.7773, 0, 1
1745405046.253, 5.250, 3.692, 2.0402, -1.1309, -2.6025, 0.2252, 39.7502, 91.7800, 0, 1
1745405046.333, 5.250, 3.689, 2.0375, -1.1309, -2.5994, 0.2258, 39.7906, 91.7859, 0, 1
1745405046.412, 5.249, 3.684, 2.0348, -1.1311, -2.5963, 0.2393, 39.8196, 91.7787, 0, 1
1745405046.492, 5.249, 3.680, 2.0320, -1.1312, -2.5932, 0.2589, 39.8472, 91.7657, 0, 1
1745405046.572, 5.249, 3.676, 2.0292, -1.1313, -2.5901, 0.3011, 39.8644, 91.7325, 0, 1
1745405046.651, 5.248, 3.672, 2.0262, -1.1314, -2.5870, 0.3486, 39.8753, 91.6974, 0, 1
1745405046.731, 5.248, 3.668, 2.0234, -1.1315, -2.5839, 0.4063, 39.8885, 91.6535, 0, 1
1745405046.811, 5.248, 3.664, 2.0207, -1.1316, -2.5809, 0.4579, 39.9050, 91.6218, 0, 1
1745405046.890, 5.248, 3.659, 2.0180, -1.1317, -2.5781, 0.5024, 39.9113, 91.5962, 0, 1
1745405046.970, 5.248, 3.655, 2.0155, -1.1318, -2.5752, 0.5336, 39.9150, 91.5810, 0, 1
1745405047.050, 5.248, 3.651, 2.0129, -1.1318, -2.5724, 0.5568, 39.9278, 91.5766, 0, 1
1745405047.129, 5.248, 3.647, 2.0102, -1.1320, -2.5693, 0.5717, 39.9287, 91.5783, 0, 1
1745405047.209, 5.248, 3.643, 2.0074, -1.1321, -2.5660, 0.5672, 39.9437, 91.5901, 0, 1
1745405047.289, 5.248, 3.639, 2.0044, -1.1322, -2.5626, 0.5597, 39.9609, 91.6082, 0, 1
1745405047.368, 5.247, 3.635, 2.0014, -1.1323, -2.5592, 0.5446, 39.9836, 91.6355, 0, 1
1745405047.448, 5.247, 3.632, 1.9986, -1.1325, -2.5559, 0.5392, 40.0025, 91.6490, 0, 1
1745405047.527, 5.247, 3.627, 1.9959, -1.1326, -2.5528, 0.5361, 40.0226, 91.6680, 0, 1
1745405047.607, 5.248, 3.622, 1.9934, -1.1327, -2.5501, 0.5622, 40.0349, 91.6686, 0, 1
1745405047.687, 5.248, 3.618, 1.9910, -1.1328, -2.5474, 0.5832, 40.0381, 91.6684, 0, 1
1745405047.766, 5.248, 3.614, 1.9886, -1.1329, -2.5447, 0.5911, 40.0465, 91.6661, 0, 1
1745405047.846, 5.248, 3.610, 1.9859, -1.1330, -2.5416, 0.5795, 40.0518, 91.6766, 0, 1
1745405047.926, 5.247, 3.607, 1.9829, -1.1331, -2.5381, 0.5686, 40.0601, 91.6899, 0, 1
1745405048.005, 5.247, 3.604, 1.9796, -1.1332, -2.5341, 0.5381, 40.0668, 91.7167, 0, 1
1745405048.085, 5.247, 3.599, 1.9757, -1.1334, -2.5296, 0.5136, 40.0808, 91.7400, 0, 1
1745405048.165, 5.248, 3.594, 1.9715, -1.1336, -2.5247, 0.5118, 40.1066, 91.7491, 0, 1
1745405048.244, 5.248, 3.588, 1.9669, -1.1338, -2.5196, 0.5331, 40.1417, 91.7396, 0, 1
1745405048.324, 5.248, 3.581, 1.9622, -1.1341, -2.5142, 0.5590, 40.1970, 91.7130, 0, 1
1745405048.404, 5.248, 3.574, 1.9573, -1.1342, -2.5088, 0.5932, 40.2623, 91.6776, 0, 1
1745405048.483, 5.248, 3.567, 1.9524, -1.1343, -2.5035, 0.6350, 40.3470, 91.6310, 0, 1
1745405048.563, 5.247, 3.560, 1.9476, -1.1345, -2.4981, 0.6697, 40.4351, 91.6040, 0, 1
1745405048.643, 5.246, 3.553, 1.9428, -1.1346, -2.4928, 0.6998, 40.5138, 91.5744, 0, 1
1745405048.722, 5.245, 3.546, 1.9380, -1.1349, -2.4875, 0.7161, 40.5819, 91.5676, 0, 1
1745405048.802, 5.243, 3.539, 1.9332, -1.1352, -2.4821, 0.7182, 40.6521, 91.5748, 0, 1
1745405048.881, 5.242, 3.533, 1.9283, -1.1354, -2.4766, 0.6900, 40.7142, 91.6067, 0, 1
1745405048.961, 5.241, 3.526, 1.9235, -1.1357, -2.4710, 0.6521, 40.7637, 91.6313, 0, 1
1745405049.041, 5.242, 3.519, 1.9187, -1.1360, -2.4656, 0.5998, 40.8281, 91.6705, 0, 1
1745405049.121, 5.242, 3.512, 1.9142, -1.1362, -2.4605, 0.5598, 40.8876, 91.6786, 0, 1
1745405049.200, 5.243, 3.505, 1.9100, -1.1364, -2.4557, 0.5285, 40.9414, 91.6754, 0, 1
1745405049.280, 5.243, 3.498, 1.9061, -1.1366, -2.4513, 0.5184, 40.9899, 91.6541, 0, 1
1745405049.360, 5.244, 3.491, 1.9026, -1.1368, -2.4474, 0.5191, 41.0301, 91.6282, 0, 1
1745405049.439, 5.243, 3.484, 1.8991, -1.1369, -2.4436, 0.5206, 41.0732, 91.6071, 0, 1
1745405049.519, 5.243, 3.479, 1.8957, -1.1370, -2.4399, 0.5262, 41.1068, 91.5866, 0, 1
1745405049.598, 5.243, 3.473, 1.8922, -1.1372, -2.4361, 0.5501, 41.1330, 91.5503, 0, 1
1745405049.678, 5.244, 3.467, 1.8884, -1.1373, -2.4322, 0.6037, 41.1539, 91.4920, 0, 1
1745405049.758, 5.244, 3.462, 1.8846, -1.1374, -2.4281, 0.6653, 41.1720, 91.4261, 0, 1
1745405049.837, 5.245, 3.457, 1.8806, -1.1375, -2.4240, 0.7313, 41.1753, 91.3578, 0, 1
1745405049.917, 5.244, 3.452, 1.8767, -1.1377, -2.4200, 0.7964, 41.1783, 91.2914, 0, 1
1745405049.997, 5.244, 3.446, 1.8730, -1.1378, -2.4160, 0.8385, 41.1808, 91.2447, 0, 1
1745405050.076, 5.243, 3.440, 1.8693, -1.1380, -2.4119, 0.8423, 41.1820, 91.2228, 0, 1
1745405050.156, 5.243, 3.434, 1.8656, -1.1381, -2.4078, 0.8235, 41.1829, 91.2201, 0, 1
1745405050.236, 5.243, 3.428, 1.8618, -1.1383, -2.4036, 0.8144, 41.1851, 91.2137, 0, 1
1745405050.315, 5.243, 3.422, 1.8580, -1.1384, -2.3994, 0.8146, 41.1650, 91.2104, 0, 1
1745405050.395, 5.244, 3.417, 1.8543, -1.1385, -2.3953, 0.8158, 41.1507, 91.2029, 0, 1
1745405050.474, 5.244, 3.412, 1.8507, -1.1386, -2.3913, 0.8021, 41.1436, 91.2010, 0, 1
1745405050.554, 5.244, 3.407, 1.8471, -1.1387, -2.3873, 0.8001, 41.1435, 91.1896, 0, 1
1745405050.634, 5.243, 3.402, 1.8435, -1.1389, -2.3833, 0.7901, 41.1123, 91.1841, 0, 1
1745405050.713, 5.243, 3.397, 1.8398, -1.1390, -2.3790, 0.7483, 41.0997, 91.2033, 0, 1
1745405050.793, 5.242, 3.392, 1.8360, -1.1393, -2.3747, 0.7174, 41.0788, 91.2117, 0, 1
1745405050.873, 5.240, 3.385, 1.8321, -1.1394, -2.3704, 0.7174, 41.0513, 91.2131, 0, 1
1745405050.952, 5.238, 3.380, 1.8283, -1.1396, -2.3662, 0.7281, 41.0195, 91.2041, 0, 1
1745405051.032, 5.236, 3.375, 1.8247, -1.1397, -2.3622, 0.7507, 41.0181, 91.1823, 0, 1
1745405051.112, 5.232, 3.369, 1.8212, -1.1398, -2.3585, 0.7893, 41.0340, 91.1474, 0, 1
1745405051.191, 5.229, 3.364, 1.8177, -1.1399, -2.3547, 0.8244, 41.0514, 91.1091, 0, 1
1745405051.271, 5.228, 3.359, 1.8142, -1.1400, -2.3509, 0.8611, 41.0765, 91.0744, 0, 1
1745405051.351, 5.227, 3.353, 1.8106, -1.1401, -2.3469, 0.8930, 41.1109, 91.0398, 0, 1
1745405051.430, 5.227, 3.347, 1.8068, -1.1402, -2.3429, 0.9167, 41.1517, 91.0105, 0, 1
1745405051.510, 5.228, 3.342, 1.8029, -1.1403, -2.3386, 0.9382, 41.1859, 90.9908, 0, 1
1745405051.589, 5.229, 3.336, 1.7990, -1.1405, -2.3343, 0.9526, 41.2305, 90.9916, 0, 1
1745405051.669, 5.230, 3.330, 1.7952, -1.1408, -2.3301, 0.9518, 41.2693, 91.0067, 0, 1
1745405051.749, 5.230, 3.325, 1.7914, -1.1409, -2.3259, 0.9364, 41.2960, 91.0519, 0, 1
1745405051.828, 5.231, 3.320, 1.7879, -1.1411, -2.3220, 0.9042, 41.3131, 91.1109, 0, 1
1745405051.908, 5.230, 3.314, 1.7847, -1.1413, -2.3184, 0.8568, 41.3324, 91.1774, 0, 1
1745405051.988, 5.229, 3.309, 1.7817, -1.1413, -2.3149, 0.8044, 41.3405, 91.2461, 0, 1
1745405052.067, 5.230, 3.305, 1.7790, -1.1415, -2.3117, 0.7484, 41.3564, 91.3016, 0, 1
1745405052.147, 5.230, 3.299, 1.7764, -1.1416, -2.3087, 0.7024, 41.3756, 91.3415, 0, 1
1745405052.227, 5.231, 3.293, 1.7737, -1.1417, -2.3057, 0.6562, 41.3937, 91.3751, 0, 1
1745405052.306, 5.233, 3.289, 1.7711, -1.1418, -2.3026, 0.6245, 41.4132, 91.3855, 0, 1
1745405052.386, 5.235, 3.286, 1.7684, -1.1419, -2.2996, 0.5984, 41.4107, 91.3859, 0, 1
1745405052.466, 5.236, 3.282, 1.7655, -1.1419, -2.2963, 0.5872, 41.3813, 91.3829, 0, 1
1745405052.545, 5.236, 3.278, 1.7627, -1.1420, -2.2930, 0.5633, 41.3196, 91.3819, 0, 1
1745405052.625, 5.236, 3.274, 1.7597, -1.1422, -2.2895, 0.5527, 41.2240, 91.3745, 0, 1
1745405052.704, 5.235, 3.268, 1.7568, -1.1423, -2.2860, 0.5430, 41.0955, 91.3758, 0, 1
1745405052.784, 5.235, 3.263, 1.7538, -1.1424, -2.2825, 0.5502, 40.9534, 91.3729, 0, 1
1745405052.864, 5.235, 3.259, 1.7508, -1.1425, -2.2789, 0.5630, 40.8185, 91.3616, 0, 1
1745405052.943, 5.235, 3.255, 1.7478, -1.1426, -2.2755, 0.6087, 40.6975, 91.3236, 0, 1
1745405053.023, 5.236, 3.250, 1.7448, -1.1427, -2.2722, 0.6650, 40.5998, 91.2841, 0, 1
1745405053.103, 5.237, 3.247, 1.7419, -1.1428, -2.2690, 0.7264, 40.5214, 91.2392, 0, 1
1745405053.182, 5.236, 3.243, 1.7391, -1.1429, -2.2660, 0.7714, 40.4660, 91.2011, 0, 1
1745405053.262, 5.234, 3.239, 1.7364, -1.1429, -2.2630, 0.8167, 40.4021, 91.1702, 0, 1
1745405053.342, 5.233, 3.236, 1.7337, -1.1430, -2.2599, 0.8331, 40.3527, 91.1611, 0, 1
1745405053.421, 5.233, 3.232, 1.7308, -1.1431, -2.2566, 0.8308, 40.2929, 91.1575, 0, 1
1745405053.501, 5.232, 3.228, 1.7278, -1.1433, -2.2531, 0.8148, 40.2330, 91.1631, 0, 1
1745405053.581, 5.233, 3.224, 1.7247, -1.1434, -2.2493, 0.7940, 40.1755, 91.1735, 0, 1
1745405053.660, 5.236, 3.218, 1.7215, -1.1436, -2.2456, 0.7695, 40.1327, 91.1881, 0, 1
1745405053.740, 5.236, 3.212, 1.7185, -1.1437, -2.2419, 0.7573, 40.0791, 91.2001, 0, 1
1745405053.821, 5.237, 3.208, 1.7157, -1.1438, -2.2386, 0.7574, 40.0393, 91.2092, 0, 1
1745405053.899, 5.237, 3.203, 1.7131, -1.1438, -2.2356, 0.7809, 39.9725, 91.1967, 0, 1
1745405053.979, 5.239, 3.200, 1.7106, -1.1439, -2.2327, 0.7835, 39.9276, 91.1878, 0, 1
1745405054.059, 5.239, 3.196, 1.7080, -1.1440, -2.2296, 0.7742, 39.8655, 91.1803, 0, 1
1745405054.138, 5.240, 3.191, 1.7053, -1.1441, -2.2263, 0.7534, 39.8025, 91.1715, 0, 1
1745405054.218, 5.241, 3.187, 1.7023, -1.1443, -2.2226, 0.7280, 39.7143, 91.1696, 0, 1
1745405054.297, 5.241, 3.182, 1.6991, -1.1445, -2.2187, 0.6867, 39.6552, 91.1858, 0, 1
1745405054.377, 5.241, 3.176, 1.6960, -1.1447, -2.2149, 0.6729, 39.5636, 91.1898, 0, 1
1745405054.457, 5.241, 3.171, 1.6931, -1.1448, -2.2114, 0.6684, 39.4890, 91.1888, 0, 1
1745405054.536, 5.241, 3.167, 1.6903, -1.1449, -2.2081, 0.6746, 39.4174, 91.1902, 0, 1
1745405054.616, 5.242, 3.164, 1.6878, -1.1450, -2.2051, 0.6845, 39.3819, 91.1791, 0, 1
1745405054.695, 5.242, 3.159, 1.6854, -1.1450, -2.2022, 0.6955, 39.3494, 91.1627, 0, 1
1745405054.775, 5.243, 3.155, 1.6829, -1.1451, -2.1992, 0.7127, 39.3271, 91.1478, 0, 1
1745405054.855, 5.243, 3.151, 1.6803, -1.1452, -2.1961, 0.7302, 39.2963, 91.1323, 0, 1
1745405054.935, 5.243, 3.147, 1.6775, -1.1453, -2.1928, 0.7436, 39.2741, 91.1156, 0, 1
1745405055.014, 5.244, 3.143, 1.6746, -1.1454, -2.1894, 0.7562, 39.2408, 91.1032, 0, 1
1745405055.094, 5.244, 3.140, 1.6717, -1.1455, -2.1859, 0.7661, 39.2198, 91.0913, 0, 1
1745405055.173, 5.244, 3.137, 1.6687, -1.1456, -2.1824, 0.7777, 39.2028, 91.0741, 0, 1
1745405055.253, 5.245, 3.132, 1.6657, -1.1457, -2.1789, 0.7911, 39.2011, 91.0496, 0, 1
1745405055.333, 5.245, 3.128, 1.6628, -1.1458, -2.1755, 0.8079, 39.1974, 91.0252, 0, 1
1745405055.412, 5.244, 3.123, 1.6599, -1.1459, -2.1720, 0.8149, 39.1864, 91.0113, 0, 1
1745405055.492, 5.244, 3.118, 1.6570, -1.1460, -2.1684, 0.8193, 39.1619, 91.0120, 0, 1
1745405055.572, 5.245, 3.112, 1.6540, -1.1461, -2.1648, 0.8106, 39.1358, 91.0266, 0, 1
1745405055.651, 5.244, 3.107, 1.6510, -1.1463, -2.1611, 0.7824, 39.1002, 91.0685, 0, 1
1745405055.731, 5.245, 3.102, 1.6480, -1.1465, -2.1573, 0.7391, 39.0689, 91.1199, 0, 1
1745405055.811, 5.245, 3.096, 1.6451, -1.1466, -2.1536, 0.6937, 39.0416, 91.1702, 0, 1
1745405055.890, 5.246, 3.092, 1.6421, -1.1467, -2.1498, 0.6445, 39.0100, 91.2164, 0, 1
1745405055.970, 5.246, 3.088, 1.6392, -1.1469, -2.1461, 0.6010, 38.9783, 91.2541, 0, 1
1745405056.049, 5.248, 3.084, 1.6362, -1.1470, -2.1423, 0.5640, 38.9415, 91.2757, 0, 1
1745405056.129, 5.248, 3.080, 1.6332, -1.1471, -2.1385, 0.5439, 38.9087, 91.2898, 0, 1
1745405056.209, 5.249, 3.075, 1.6301, -1.1472, -2.1346, 0.5264, 38.8777, 91.2986, 0, 1
1745405056.289, 5.249, 3.070, 1.6268, -1.1474, -2.1307, 0.5163, 38.8503, 91.2985, 0, 1
1745405056.368, 5.249, 3.064, 1.6235, -1.1475, -2.1266, 0.5147, 38.8145, 91.2909, 0, 1
1745405056.567, 5.250, 3.058, 1.6189, -1.1476, -2.1211, 0.5575, 38.7657, 91.2513, 0, 1
1745405056.647, 5.250, 3.050, 1.6140, -1.1478, -2.1153, 0.6107, 38.6982, 91.2009, 0, 1
1745405056.727, 5.250, 3.043, 1.6088, -1.1480, -2.1092, 0.6785, 38.6188, 91.1378, 0, 1
1745405056.806, 5.250, 3.036, 1.6034, -1.1481, -2.1029, 0.7473, 38.5361, 91.0666, 0, 1
1745405056.886, 5.249, 3.028, 1.5977, -1.1483, -2.0960, 0.7827, 38.4674, 91.0264, 0, 1
1745405056.965, 5.248, 3.022, 1.5929, -1.1485, -2.0900, 0.7834, 38.4038, 91.0233, 0, 1
1745405057.045, 5.247, 3.014, 1.5878, -1.1487, -2.0837, 0.7810, 38.3243, 91.0330, 0, 1
1745405057.125, 5.247, 3.006, 1.5827, -1.1489, -2.0772, 0.7468, 38.2543, 91.0613, 0, 1
1745405057.204, 5.248, 2.999, 1.5775, -1.1491, -2.0706, 0.7112, 38.1630, 91.0988, 0, 1
1745405057.284, 5.249, 2.991, 1.5724, -1.1493, -2.0640, 0.6854, 38.0579, 91.1263, 0, 1
1745405057.364, 5.252, 2.982, 1.5673, -1.1495, -2.0575, 0.6587, 37.9441, 91.1517, 0, 1
1745405057.443, 5.253, 2.975, 1.5623, -1.1497, -2.0510, 0.6299, 37.8562, 91.1672, 0, 1
1745405057.563, 5.254, 2.966, 1.5568, -1.1499, -2.0440, 0.6545, 37.7569, 91.1450, 0, 1
1745405057.643, 5.256, 2.956, 1.5513, -1.1501, -2.0371, 0.6895, 37.6700, 91.1175, 0, 1
1745405057.722, 5.258, 2.949, 1.5459, -1.1503, -2.0302, 0.7415, 37.5982, 91.0745, 0, 1
1745405057.802, 5.259, 2.941, 1.5403, -1.1505, -2.0234, 0.8117, 37.5514, 91.0130, 0, 1
1745405057.881, 5.260, 2.934, 1.5348, -1.1507, -2.0165, 0.8719, 37.5067, 90.9625, 0, 1
1745405057.961, 5.261, 2.925, 1.5297, -1.1508, -2.0101, 0.8915, 37.4746, 90.9590, 0, 1
1745405058.041, 5.261, 2.916, 1.5245, -1.1510, -2.0035, 0.8866, 37.4519, 90.9768, 0, 1
1745405058.120, 5.261, 2.907, 1.5194, -1.1511, -1.9968, 0.8547, 37.4180, 91.0160, 0, 1
1745405058.200, 5.261, 2.900, 1.5142, -1.1513, -1.9900, 0.8032, 37.3722, 91.0693, 0, 1
1745405058.280, 5.262, 2.892, 1.5091, -1.1515, -1.9832, 0.7520, 37.3153, 91.1119, 0, 1
1745405058.359, 5.263, 2.885, 1.5041, -1.1518, -1.9765, 0.7011, 37.2648, 91.1387, 0, 1
1745405058.439, 5.264, 2.877, 1.4992, -1.1520, -1.9699, 0.6626, 37.2157, 91.1440, 0, 1
1745405058.519, 5.264, 2.868, 1.4942, -1.1522, -1.9635, 0.6682, 37.1574, 91.1159, 0, 1
1745405058.598, 5.265, 2.859, 1.4891, -1.1524, -1.9571, 0.6934, 37.0984, 91.0732, 0, 1
1745405058.678, 5.265, 2.850, 1.4841, -1.1526, -1.9506, 0.7320, 37.0404, 91.0262, 0, 1
1745405058.757, 5.266, 2.842, 1.4790, -1.1527, -1.9443, 0.7955, 36.9656, 90.9678, 0, 1
1745405058.837, 5.266, 2.837, 1.4739, -1.1528, -1.9379, 0.8623, 36.8847, 90.9103, 0, 1
1745405058.917, 5.268, 2.830, 1.4688, -1.1529, -1.9313, 0.8883, 36.8196, 90.8851, 0, 1
1745405058.996, 5.269, 2.822, 1.4637, -1.1531, -1.9247, 0.8839, 36.7499, 90.8860, 0, 1
1745405059.076, 5.271, 2.814, 1.4586, -1.1532, -1.9179, 0.8819, 36.6504, 90.8956, 0, 1
1745405059.156, 5.271, 2.806, 1.4536, -1.1534, -1.9111, 0.8360, 36.5499, 90.9259, 0, 1
1745405059.235, 5.273, 2.798, 1.4486, -1.1536, -1.9042, 0.7912, 36.4416, 90.9599, 0, 1
1745405059.315, 5.274, 2.789, 1.4436, -1.1539, -1.8974, 0.7574, 36.3195, 90.9871, 0, 1
1745405059.395, 5.276, 2.782, 1.4387, -1.1541, -1.8907, 0.7393, 36.1789, 91.0045, 0, 1
1745405059.474, 5.278, 2.774, 1.4339, -1.1544, -1.8840, 0.7023, 36.0598, 91.0294, 0, 1
1745405059.554, 5.279, 2.766, 1.4290, -1.1546, -1.8774, 0.7147, 35.9327, 91.0300, 0, 1
1745405059.634, 5.280, 2.758, 1.4242, -1.1547, -1.8709, 0.7339, 35.8122, 91.0242, 0, 1
1745405059.713, 5.282, 2.751, 1.4194, -1.1549, -1.8644, 0.7695, 35.6983, 91.0056, 0, 1
1745405059.793, 5.284, 2.743, 1.4145, -1.1550, -1.8578, 0.8101, 35.6107, 90.9767, 0, 1
1745405059.873, 5.285, 2.735, 1.4095, -1.1551, -1.8512, 0.8552, 35.5304, 90.9366, 0, 1
1745405059.952, 5.287, 2.727, 1.4045, -1.1552, -1.8444, 0.8783, 35.4708, 90.9150, 0, 1
1745405060.032, 5.289, 2.719, 1.3995, -1.1554, -1.8375, 0.8728, 35.4148, 90.9208, 0, 1
1745405060.112, 5.289, 2.711, 1.3945, -1.1556, -1.8304, 0.8367, 35.3576, 90.9493, 0, 1
1745405060.191, 5.290, 2.703, 1.3895, -1.1558, -1.8233, 0.7792, 35.2937, 90.9968, 0, 1
1745405060.271, 5.290, 2.694, 1.3847, -1.1561, -1.8162, 0.7063, 35.2243, 91.0618, 0, 1
1745405060.350, 5.291, 2.686, 1.3799, -1.1563, -1.8092, 0.6202, 35.1546, 91.1311, 0, 1
1745405060.430, 5.293, 2.677, 1.3752, -1.1565, -1.8023, 0.5398, 35.0885, 91.1910, 0, 1
1745405060.510, 5.296, 2.667, 1.3705, -1.1567, -1.7956, 0.4943, 35.0270, 91.2210, 0, 1
1745405060.589, 5.299, 2.660, 1.3658, -1.1569, -1.7890, 0.4670, 35.0340, 91.2433, 0, 1
1745405060.669, 5.301, 2.653, 1.3608, -1.1570, -1.7825, 0.4636, 35.1635, 91.2414, 0, 1
1745405060.749, 5.302, 2.645, 1.3556, -1.1571, -1.7761, 0.4881, 35.4443, 91.2227, 0, 1
1745405060.828, 5.300, 2.637, 1.3502, -1.1573, -1.7698, 0.5260, 35.8785, 91.1874, 0, 1
1745405060.908, 5.297, 2.628, 1.3447, -1.1575, -1.7635, 0.5416, 36.4628, 91.1758, 0, 1
1745405060.990, 5.294, 2.619, 1.3389, -1.1577, -1.7571, 0.5369, 37.0434, 91.1867, 0, 1
1745405061.067, 5.289, 2.609, 1.3333, -1.1578, -1.7507, 0.5344, 37.5024, 91.2107, 0, 1
1745405061.147, 5.285, 2.599, 1.3277, -1.1581, -1.7442, 0.4902, 37.8103, 91.2581, 0, 1
1745405061.226, 5.282, 2.588, 1.3222, -1.1582, -1.7374, 0.4408, 37.9501, 91.3157, 0, 1
1745405061.306, 5.281, 2.580, 1.3169, -1.1585, -1.7307, 0.4048, 37.9345, 91.3672, 0, 1
1745405061.386, 5.280, 2.572, 1.3117, -1.1587, -1.7240, 0.3770, 37.8474, 91.3992, 0, 1
1745405061.466, 5.280, 2.563, 1.3065, -1.1589, -1.7174, 0.3418, 37.7650, 91.4364, 0, 1
1745405061.545, 5.281, 2.555, 1.3013, -1.1591, -1.7108, 0.3486, 37.6643, 91.4450, 0, 1
1745405061.625, 5.282, 2.547, 1.2963, -1.1593, -1.7044, 0.3670, 37.5698, 91.4364, 0, 1
1745405061.704, 5.283, 2.538, 1.2912, -1.1594, -1.6980, 0.3884, 37.4876, 91.4158, 0, 1
1745405061.784, 5.284, 2.530, 1.2862, -1.1596, -1.6916, 0.4217, 37.4329, 91.3842, 0, 1
1745405061.864, 5.286, 2.523, 1.2809, -1.1597, -1.6850, 0.4563, 37.3924, 91.3332, 0, 1
1745405061.943, 5.286, 2.516, 1.2756, -1.1599, -1.6782, 0.4611, 37.3627, 91.3119, 0, 1
1745405062.143, 5.287, 2.503, 1.2684, -1.1603, -1.6688, 0.3996, 37.3322, 91.3643, 0, 1
1745405062.342, 5.288, 2.489, 1.2596, -1.1606, -1.6572, 0.3219, 37.2781, 91.4080, 0, 1
1745405062.421, 5.289, 2.475, 1.2509, -1.1610, -1.6457, 0.2565, 37.2011, 91.4397, 0, 1
1745405062.501, 5.290, 2.462, 1.2422, -1.1614, -1.6343, 0.2048, 37.1093, 91.4540, 0, 1
1745405062.581, 5.291, 2.449, 1.2336, -1.1617, -1.6231, 0.1845, 37.0117, 91.4415, 0, 1
1745405062.660, 5.292, 2.438, 1.2267, -1.1620, -1.6143, 0.2410, 36.9183, 91.3402, 0, 1
1745405062.740, 5.293, 2.429, 1.2214, -1.1621, -1.6076, 0.3048, 36.8234, 91.2494, 0, 1
1745405062.819, 5.294, 2.421, 1.2159, -1.1623, -1.6006, 0.3387, 36.7607, 91.1719, 0, 1
1745405062.899, 5.294, 2.412, 1.2105, -1.1625, -1.5934, 0.3369, 36.7043, 91.1325, 0, 1
1745405062.979, 5.295, 2.404, 1.2049, -1.1626, -1.5861, 0.3231, 36.6292, 91.1000, 0, 1
1745405063.058, 5.296, 2.395, 1.1994, -1.1628, -1.5786, 0.2635, 36.5483, 91.1002, 0, 1
1745405063.138, 5.298, 2.386, 1.1938, -1.1630, -1.5710, 0.2143, 36.4808, 91.0960, 0, 1
1745405063.218, 5.301, 2.377, 1.1883, -1.1632, -1.5635, 0.1770, 36.3793, 91.0932, 0, 1
1745405063.297, 5.306, 2.367, 1.1828, -1.1634, -1.5561, 0.1478, 36.2798, 91.0912, 0, 1
1745405063.377, 5.311, 2.357, 1.1775, -1.1635, -1.5488, 0.1400, 36.2012, 91.0699, 0, 1
1745405063.457, 5.317, 2.349, 1.1722, -1.1637, -1.5418, 0.1681, 36.1265, 91.0311, 0, 1
1745405063.536, 5.322, 2.340, 1.1670, -1.1639, -1.5349, 0.1888, 36.0615, 90.9937, 0, 1
1745405063.616, 5.326, 2.331, 1.1618, -1.1640, -1.5280, 0.2155, 36.0333, 90.9517, 0, 1
1745405063.696, 5.328, 2.323, 1.1565, -1.1640, -1.5211, 0.2547, 36.0325, 90.8960, 0, 1
1745405063.775, 5.331, 2.314, 1.1511, -1.1642, -1.5140, 0.2605, 36.1069, 90.8784, 0, 1
1745405063.855, 5.333, 2.305, 1.1455, -1.1644, -1.5067, 0.2397, 36.2152, 90.8896, 0, 1
1745405063.935, 5.333, 2.296, 1.1398, -1.1645, -1.4992, 0.2020, 36.3460, 90.9216, 0, 1
1745405064.014, 5.333, 2.287, 1.1341, -1.1646, -1.4917, 0.1569, 36.4734, 90.9583, 0, 1
1745405064.094, 5.333, 2.277, 1.1285, -1.1648, -1.4842, 0.1042, 36.5909, 90.9976, 0, 1
1745405064.173, 5.333, 2.268, 1.1230, -1.1649, -1.4768, 0.0400, 36.6723, 91.0339, 0, 1
1745405064.253, 5.332, 2.259, 1.1174, -1.1650, -1.4697, 0.0036, 36.8826, 91.0452, 0, 1
1745405064.333, 5.332, 2.253, 1.1115, -1.1652, -1.4628, 0.0084, 37.2452, 91.0377, 0, 1
1745405064.412, 5.329, 2.243, 1.1054, -1.1655, -1.4558, 0.0444, 37.5804, 91.0253, 0, 1
1745405064.492, 5.326, 2.234, 1.0992, -1.1656, -1.4488, 0.0949, 37.8945, 91.0087, 0, 1
1745405064.572, 5.319, 2.224, 1.0929, -1.1659, -1.4417, 0.1584, 38.2002, 90.9813, 0, 1
1745405064.651, 5.312, 2.213, 1.0865, -1.1660, -1.4343, 0.2277, 38.3416, 90.9770, 0, 1
1745405064.731, 5.307, 2.203, 1.0802, -1.1660, -1.4268, 0.2787, 38.2962, 90.9977, 0, 1
1745405064.811, 5.306, 2.193, 1.0740, -1.1660, -1.4190, 0.2675, 38.2345, 91.0580, 0, 1
1745405064.890, 5.305, 2.182, 1.0675, -1.1661, -1.4113, 0.2395, 38.4133, 91.1361, 0, 1
1745405064.970, 5.308, 2.172, 1.0608, -1.1663, -1.4038, 0.2251, 38.8628, 91.2388, 0, 1
1745405065.049, 5.311, 2.162, 1.0539, -1.1666, -1.3965, 0.2102, 39.3742, 91.3351, 0, 1
1745405065.129, 5.308, 2.152, 1.0470, -1.1669, -1.3893, 0.2042, 39.8600, 91.4204, 0, 1
1745405065.209, 5.304, 2.141, 1.0401, -1.1672, -1.3824, 0.2476, 40.3473, 91.4618, 0, 1
1745405065.288, 5.299, 2.130, 1.0334, -1.1674, -1.3754, 0.2844, 40.6122, 91.5138, 0, 1
1745405065.368, 5.294, 2.120, 1.0270, -1.1676, -1.3683, 0.3146, 40.5987, 91.5483, 0, 1
1745405065.448, 5.290, 2.109, 1.0206, -1.1678, -1.3611, 0.3451, 40.5286, 91.5605, 0, 1
1745405065.527, 5.290, 2.099, 1.0142, -1.1680, -1.3537, 0.3424, 40.4982, 91.5849, 0, 1
1745405065.607, 5.290, 2.088, 1.0077, -1.1683, -1.3461, 0.2882, 40.5021, 91.6506, 0, 1
1745405065.687, 5.290, 2.078, 1.0011, -1.1685, -1.3384, 0.2277, 40.4993, 91.7121, 0, 1
1745405065.766, 5.291, 2.068, 0.9945, -1.1688, -1.3306, 0.1687, 40.4779, 91.7632, 0, 1
1745405065.846, 5.290, 2.057, 0.9880, -1.1692, -1.3229, 0.0960, 40.4664, 91.8235, 0, 1
1745405065.926, 5.291, 2.046, 0.9816, -1.1696, -1.3154, 0.0493, 40.4514, 91.8567, 0, 1
1745405066.005, 5.291, 2.036, 0.9752, -1.1698, -1.3081, 0.0438, 40.4198, 91.8461, 0, 1
1745405066.085, 5.291, 2.026, 0.9688, -1.1700, -1.3009, 0.0899, 40.3750, 91.7909, 0, 1
1745405066.165, 5.291, 2.016, 0.9623, -1.1701, -1.2936, 0.1482, 40.3303, 91.7189, 0, 1
1745405066.244, 5.292, 2.007, 0.9558, -1.1703, -1.2863, 0.1960, 40.2896, 91.6348, 0, 1
1745405066.324, 5.294, 1.998, 0.9492, -1.1705, -1.2788, 0.2523, 40.2471, 91.5509, 0, 1
1745405066.403, 5.296, 1.989, 0.9424, -1.1708, -1.2713, 0.3116, 40.2102, 91.4932, 0, 1
1745405066.483, 5.299, 1.979, 0.9358, -1.1711, -1.2636, 0.3102, 40.1630, 91.4648, 0, 1
1745405066.563, 5.302, 1.970, 0.9292, -1.1715, -1.2558, 0.2864, 40.1095, 91.4684, 0, 1
1745405066.642, 5.307, 1.959, 0.9225, -1.1718, -1.2481, 0.2849, 40.0377, 91.4852, 0, 1
1745405066.722, 5.310, 1.949, 0.9160, -1.1720, -1.2404, 0.2698, 39.9584, 91.5035, 0, 1
1745405066.802, 5.313, 1.939, 0.9095, -1.1722, -1.2328, 0.2560, 39.8764, 91.5120, 0, 1
1745405066.881, 5.315, 1.929, 0.9032, -1.1725, -1.2254, 0.2865, 39.7952, 91.5001, 0, 1
1745405066.961, 5.317, 1.919, 0.8968, -1.1727, -1.2181, 0.3350, 39.7324, 91.4668, 0, 1
1745405067.041, 5.317, 1.910, 0.8904, -1.1729, -1.2107, 0.3906, 39.6868, 91.4309, 0, 1
1745405067.120, 5.317, 1.900, 0.8840, -1.1732, -1.2033, 0.4478, 39.6473, 91.3833, 0, 1
1745405067.200, 5.317, 1.890, 0.8775, -1.1736, -1.1958, 0.4764, 39.6287, 91.3570, 0, 1
1745405067.279, 5.316, 1.880, 0.8708, -1.1739, -1.1881, 0.4625, 39.6272, 91.3686, 0, 1
1745405067.359, 5.317, 1.870, 0.8642, -1.1742, -1.1801, 0.4266, 39.6137, 91.3986, 0, 1
1745405067.439, 5.317, 1.860, 0.8576, -1.1744, -1.1722, 0.3720, 39.5852, 91.4392, 0, 1
1745405067.518, 5.317, 1.850, 0.8510, -1.1746, -1.1641, 0.3082, 39.5544, 91.4983, 0, 1
1745405067.598, 5.318, 1.839, 0.8445, -1.1749, -1.1563, 0.2640, 39.5042, 91.5316, 0, 1
1745405067.678, 5.319, 1.829, 0.8381, -1.1751, -1.1487, 0.2778, 39.4411, 91.5227, 0, 1
1745405067.757, 5.320, 1.819, 0.8317, -1.1754, -1.1412, 0.3332, 39.3676, 91.4856, 0, 1
1745405067.837, 5.320, 1.808, 0.8253, -1.1756, -1.1339, 0.3932, 39.2932, 91.4348, 0, 1
1745405067.917, 5.320, 1.798, 0.8190, -1.1757, -1.1266, 0.4529, 39.2215, 91.3651, 0, 1
1745405067.996, 5.321, 1.788, 0.8126, -1.1759, -1.1191, 0.5262, 39.1407, 91.2924, 0, 1
1745405068.076, 5.321, 1.779, 0.8062, -1.1761, -1.1115, 0.5717, 39.0758, 91.2488, 0, 1
1745405068.156, 5.321, 1.769, 0.7997, -1.1764, -1.1037, 0.5601, 39.0030, 91.2357, 0, 1
1745405068.235, 5.321, 1.759, 0.7931, -1.1766, -1.0957, 0.5269, 38.9291, 91.2449, 0, 1
1745405068.315, 5.322, 1.749, 0.7865, -1.1769, -1.0876, 0.5051, 38.8393, 91.2689, 0, 1
1745405068.394, 5.322, 1.739, 0.7800, -1.1772, -1.0796, 0.4759, 38.7664, 91.2960, 0, 1
1745405068.474, 5.323, 1.728, 0.7736, -1.1775, -1.0716, 0.4404, 38.6739, 91.3297, 0, 1
1745405068.554, 5.324, 1.717, 0.7673, -1.1778, -1.0640, 0.4527, 38.5857, 91.3281, 0, 1
1745405068.634, 5.325, 1.708, 0.7610, -1.1780, -1.0565, 0.4890, 38.5064, 91.3105, 0, 1
1745405068.713, 5.326, 1.698, 0.7548, -1.1782, -1.0490, 0.5252, 38.4517, 91.2823, 0, 1
1745405068.793, 5.326, 1.688, 0.7486, -1.1785, -1.0415, 0.5619, 38.4078, 91.2493, 0, 1
1745405068.872, 5.326, 1.679, 0.7424, -1.1788, -1.0339, 0.5768, 38.3931, 91.2264, 0, 1
1745405068.952, 5.327, 1.670, 0.7360, -1.1790, -1.0260, 0.5503, 38.4065, 91.2511, 0, 1
1745405069.032, 5.327, 1.660, 0.7296, -1.1792, -1.0179, 0.5060, 38.4173, 91.2989, 0, 1
1745405069.111, 5.327, 1.650, 0.7232, -1.1795, -1.0098, 0.4547, 38.4290, 91.3650, 0, 1
1745405069.191, 5.327, 1.640, 0.7167, -1.1797, -1.0016, 0.3910, 38.4164, 91.4466, 0, 1
1745405069.271, 5.327, 1.629, 0.7101, -1.1799, -0.9934, 0.3556, 38.4404, 91.5067, 0, 1
1745405069.350, 5.327, 1.618, 0.7032, -1.1802, -0.9855, 0.3694, 38.7382, 91.5238, 0, 1
1745405069.430, 5.327, 1.607, 0.6960, -1.1805, -0.9781, 0.4224, 39.3033, 91.5013, 0, 1
1745405069.510, 5.326, 1.596, 0.6888, -1.1807, -0.9708, 0.4653, 39.8813, 91.4746, 0, 1
1745405069.589, 5.325, 1.585, 0.6815, -1.1811, -0.9637, 0.5225, 40.4736, 91.4198, 0, 1
1745405069.669, 5.323, 1.574, 0.6740, -1.1814, -0.9565, 0.6102, 41.0133, 91.3467, 0, 1
1745405069.749, 5.322, 1.562, 0.6668, -1.1816, -0.9491, 0.6169, 41.2680, 91.3216, 0, 1
1745405069.828, 5.320, 1.553, 0.6598, -1.1819, -0.9412, 0.5799, 41.2294, 91.3249, 0, 1
1745405069.908, 5.319, 1.542, 0.6526, -1.1821, -0.9332, 0.5606, 41.1426, 91.3321, 0, 1
1745405069.988, 5.319, 1.531, 0.6456, -1.1823, -0.9253, 0.5437, 41.0416, 91.3479, 0, 1
1745405070.067, 5.319, 1.521, 0.6387, -1.1826, -0.9174, 0.5036, 40.9214, 91.3739, 0, 1
1745405070.147, 5.319, 1.512, 0.6319, -1.1829, -0.9097, 0.5308, 40.7754, 91.3536, 0, 1
1745405070.227, 5.319, 1.502, 0.6252, -1.1831, -0.9021, 0.5761, 40.6579, 91.3130, 0, 1
1745405070.306, 5.319, 1.492, 0.6186, -1.1833, -0.8947, 0.6266, 40.5561, 91.2588, 0, 1
1745405070.386, 5.318, 1.482, 0.6119, -1.1835, -0.8872, 0.6487, 40.5833, 91.2062, 0, 1
1745405070.465, 5.318, 1.471, 0.6049, -1.1837, -0.8798, 0.6626, 40.8429, 91.1526, 0, 1
1745405070.545, 5.318, 1.460, 0.5978, -1.1840, -0.8724, 0.6476, 41.1919, 91.1311, 0, 1
1745405070.625, 5.317, 1.449, 0.5906, -1.1842, -0.8649, 0.6083, 41.5374, 91.1340, 0, 1
1745405070.704, 5.317, 1.439, 0.5835, -1.1846, -0.8573, 0.5312, 41.8938, 91.1588, 0, 1
1745405070.784, 5.316, 1.429, 0.5763, -1.1850, -0.8498, 0.4778, 42.1270, 91.1890, 0, 1
1745405070.864, 5.316, 1.419, 0.5694, -1.1853, -0.8422, 0.4120, 42.1386, 91.2236, 0, 1
1745405070.943, 5.316, 1.410, 0.5625, -1.1855, -0.8346, 0.3823, 42.0843, 91.2333, 0, 1
1745405071.023, 5.316, 1.400, 0.5555, -1.1858, -0.8273, 0.4182, 42.0098, 91.1849, 0, 1
1745405071.102, 5.316, 1.389, 0.5485, -1.1859, -0.8201, 0.4861, 42.1136, 91.1005, 0, 1
1745405071.182, 5.316, 1.379, 0.5412, -1.1860, -0.8131, 0.5261, 42.4470, 91.0195, 0, 1
1745405071.262, 5.316, 1.369, 0.5338, -1.1861, -0.8061, 0.6242, 42.7863, 90.9214, 0, 1
1745405071.341, 5.316, 1.359, 0.5263, -1.1861, -0.7990, 0.6471, 43.1575, 90.8682, 0, 1
1745405071.421, 5.315, 1.350, 0.5188, -1.1863, -0.7917, 0.6187, 43.5242, 90.8593, 0, 1
1745405071.501, 5.315, 1.341, 0.5113, -1.1865, -0.7843, 0.5798, 43.6793, 90.8794, 0, 1
1745405071.580, 5.315, 1.331, 0.5039, -1.1867, -0.7768, 0.5792, 43.5975, 90.8846, 0, 1
1745405071.660, 5.315, 1.321, 0.4967, -1.1870, -0.7693, 0.5393, 43.5049, 90.9078, 0, 1
1745405071.740, 5.315, 1.313, 0.4896, -1.1873, -0.7619, 0.5657, 43.3524, 90.8841, 0, 1
1745405071.819, 5.314, 1.305, 0.4825, -1.1876, -0.7547, 0.5987, 43.2250, 90.8536, 0, 1
1745405071.899, 5.314, 1.294, 0.4756, -1.1878, -0.7476, 0.6457, 43.1219, 90.8027, 0, 1
1745405071.979, 5.313, 1.284, 0.4686, -1.1880, -0.7404, 0.6550, 43.0436, 90.7787, 0, 1
1745405072.058, 5.312, 1.274, 0.4616, -1.1881, -0.7331, 0.6606, 42.9910, 90.7333, 0, 1
1745405072.138, 5.311, 1.262, 0.4545, -1.1884, -0.7256, 0.6338, 42.9981, 90.7239, 0, 1
1745405072.217, 5.310, 1.249, 0.4473, -1.1887, -0.7181, 0.5883, 43.0097, 90.7426, 0, 1
1745405072.297, 5.309, 1.239, 0.4403, -1.1890, -0.7105, 0.5160, 43.0412, 90.7837, 0, 1
1745405072.377, 5.308, 1.229, 0.4333, -1.1893, -0.7030, 0.4588, 43.0508, 90.8162, 0, 1
1745405072.457, 5.308, 1.218, 0.4265, -1.1895, -0.6958, 0.3955, 43.0665, 90.8880, 0, 1
1745405072.536, 5.309, 1.208, 0.4209, -1.1896, -0.6898, 0.3600, 43.0487, 90.9172, 0, 1
1745405072.616, 5.309, 1.198, 0.4167, -1.1896, -0.6854, 0.3434, 43.0314, 90.9248, 0, 1
1745405072.696, 5.309, 1.188, 0.4139, -1.1897, -0.6824, 0.3459, 43.0089, 90.9205, 0, 1
1745405072.775, 5.309, 1.181, 0.4125, -1.1897, -0.6810, 0.3537, 43.0008, 90.9160, 0, 1
1745405072.855, 5.309, 1.178, 0.4122, -1.1897, -0.6807, 0.3602, 42.9834, 90.8982, 0, 1
1745405072.934, 5.309, 1.177, 0.4124, -1.1897, -0.6808, 0.3599, 42.9801, 90.8977, 0, 1
1745405073.014, 5.308, 1.175, 0.4124, -1.1897, -0.6809, 0.3643, 42.9806, 90.8949, 0, 1
1745405073.094, 5.309, 1.175, 0.4124, -1.1897, -0.6808, 0.3686, 42.9788, 90.8941, 0, 1
1745405073.173, 5.309, 1.175, 0.4124, -1.1896, -0.6808, 0.3756, 42.9773, 90.8895, 0, 1
1745405073.255, 5.309, 1.175, 0.4123, -1.1896, -0.6808, 0.3805, 42.9762, 90.8861, 0, 1
1745405073.454, 5.309, 1.175, 0.4123, -1.1895, -0.6808, 0.3869, 42.9731, 90.8818, 0, 1
1745405075.463, 5.310, 1.186, 0.4195, -1.1893, -0.6885, 0.4579, 42.9998, 90.8268, 0, 1
1745405075.543, 5.310, 1.197, 0.4267, -1.1891, -0.6963, 0.5261, 43.0307, 90.7709, 0, 1
1745405075.622, 5.310, 1.208, 0.4339, -1.1888, -0.7040, 0.5925, 43.0605, 90.7174, 0, 1
1745405075.702, 5.310, 1.219, 0.4410, -1.1885, -0.7118, 0.6591, 43.0893, 90.6628, 0, 1
1745405075.782, 5.311, 1.230, 0.4482, -1.1883, -0.7195, 0.7255, 43.1187, 90.6090, 0, 1
1745405075.861, 5.310, 1.230, 0.4482, -1.1883, -0.7195, 0.7214, 43.1187, 90.6109, 0, 1
1745405075.943, 5.310, 1.230, 0.4482, -1.1882, -0.7195, 0.7194, 43.1184, 90.6130, 0, 1
1745405076.021, 5.310, 1.229, 0.4482, -1.1883, -0.7195, 0.7165, 43.1191, 90.6151, 0, 1
1745405076.100, 5.310, 1.229, 0.4482, -1.1883, -0.7195, 0.7152, 43.1180, 90.6150, 0, 1
1745405076.180, 5.310, 1.229, 0.4482, -1.1883, -0.7195, 0.7137, 43.1167, 90.6152, 0, 1
1745405076.259, 5.310, 1.230, 0.4482, -1.1883, -0.7195, 0.7174, 43.1140, 90.6108, 0, 1
1745405076.339, 5.310, 1.230, 0.4482, -1.1883, -0.7195, 0.7204, 43.1093, 90.6074, 0, 1
1745405076.419, 5.309, 1.230, 0.4482, -1.1883, -0.7195, 0.7242, 43.1068, 90.6039, 0, 1
1745405076.498, 5.309, 1.229, 0.4482, -1.1883, -0.7195, 0.7263, 43.1073, 90.6023, 0, 1
1745405076.578, 5.310, 1.229, 0.4482, -1.1883, -0.7195, 0.7267, 43.1096, 90.6017, 0, 1
1745405076.658, 5.310, 1.229, 0.4482, -1.1883, -0.7195, 0.7264, 43.1129, 90.6030, 0, 1
1745405076.737, 5.310, 1.230, 0.4482, -1.1883, -0.7195, 0.7281, 43.1159, 90.6026, 0, 1
1745405076.817, 5.311, 1.230, 0.4482, -1.1883, -0.7195, 0.7268, 43.1174, 90.6046, 0, 1
1745405076.897, 5.311, 1.230, 0.4482, -1.1883, -0.7195, 0.7240, 43.1172, 90.6072, 0, 1
1745405076.976, 5.311, 1.230, 0.4482, -1.1883, -0.7195, 0.7245, 43.1168, 90.6066, 0, 1
1745405077.056, 5.310, 1.230, 0.4482, -1.1883, -0.7195, 0.7226, 43.1157, 90.6074, 0, 1
1745405077.135, 5.310, 1.230, 0.4482, -1.1883, -0.7195, 0.7163, 43.1168, 90.6131, 0, 1
1745405077.215, 5.310, 1.230, 0.4482, -1.1883, -0.7195, 0.7125, 43.1156, 90.6159, 0, 1
1745405077.295, 5.310, 1.230, 0.4482, -1.1883, -0.7195, 0.7098, 43.1155, 90.6174, 0, 1
1745405077.374, 5.310, 1.230, 0.4482, -1.1883, -0.7195, 0.7077, 43.1157, 90.6187, 0, 1
1745405077.454, 5.310, 1.230, 0.4482, -1.1883, -0.7195, 0.7069, 43.1156, 90.6190, 0, 1
1745405077.534, 5.310, 1.230, 0.4482, -1.1883, -0.7195, 0.7126, 43.1151, 90.6137, 0, 1
1745405077.613, 5.310, 1.230, 0.4482, -1.1883, -0.7195, 0.7150, 43.1168, 90.6101, 0, 1
1745405077.693, 5.310, 1.230, 0.4482, -1.1883, -0.7195, 0.7203, 43.1177, 90.6078, 0, 1
1745405077.773, 5.310, 1.230, 0.4482, -1.1883, -0.7195, 0.7233, 43.1177, 90.6085, 0, 1
1745405077.852, 5.310, 1.230, 0.4482, -1.1883, -0.7195, 0.7253, 43.1189, 90.6080, 0, 1
1745405077.932, 5.311, 1.230, 0.4482, -1.1883, -0.7195, 0.7259, 43.1171, 90.6072, 0, 1
1745405078.012, 5.310, 1.230, 0.4482, -1.1884, -0.7195, 0.7294, 43.1153, 90.6048, 0, 1
1745405078.091, 5.310, 1.230, 0.4482, -1.1883, -0.7195, 0.7308, 43.1143, 90.6017, 0, 1
1745405078.171, 5.309, 1.230, 0.4482, -1.1883, -0.7195, 0.7325, 43.1152, 90.5975, 0, 1
1745405078.250, 5.309, 1.230, 0.4482, -1.1883, -0.7195, 0.7351, 43.1154, 90.5943, 0, 1
1745405078.330, 5.309, 1.230, 0.4482, -1.1883, -0.7195, 0.7343, 43.1181, 90.5947, 0, 1
1745405078.410, 5.309, 1.230, 0.4482, -1.1883, -0.7195, 0.7342, 43.1194, 90.5936, 0, 1
1745405078.490, 5.309, 1.230, 0.4482, -1.1883, -0.7195, 0.7347, 43.1183, 90.5941, 0, 1
1745405078.569, 5.309, 1.230, 0.4482, -1.1883, -0.7195, 0.7378, 43.1162, 90.5930, 0, 1
1745405078.649, 5.309, 1.230, 0.4482, -1.1883, -0.7195, 0.7380, 43.1165, 90.5938, 0, 1
1745405078.728, 5.310, 1.230, 0.4482, -1.1883, -0.7195, 0.7411, 43.1164, 90.5928, 0, 1
1745405078.808, 5.310, 1.230, 0.4482, -1.1883, -0.7195, 0.7414, 43.1174, 90.5937, 0, 1
1745405078.888, 5.310, 1.230, 0.4482, -1.1883, -0.7195, 0.7431, 43.1178, 90.5909, 0, 1
1745405078.967, 5.310, 1.230, 0.4482, -1.1883, -0.7195, 0.7400, 43.1185, 90.5907, 0, 1
1745405079.047, 5.310, 1.230, 0.4482, -1.1883, -0.7195, 0.7380, 43.1190, 90.5890, 0, 1
1745405079.127, 5.310, 1.230, 0.4482, -1.1883, -0.7195, 0.7374, 43.1206, 90.5869, 0, 1
1745405079.206, 5.310, 1.230, 0.4482, -1.1883, -0.7195, 0.7388, 43.1214, 90.5850, 0, 1
1745405079.286, 5.310, 1.230, 0.4482, -1.1883, -0.7195, 0.7376, 43.1237, 90.5849, 0, 1
1745405079.366, 5.310, 1.230, 0.4482, -1.1883, -0.7195, 0.7426, 43.1230, 90.5813, 0, 1
1745405079.445, 5.310, 1.230, 0.4482, -1.1883, -0.7195, 0.7458, 43.1208, 90.5802, 0, 1
1745405079.525, 5.310, 1.230, 0.4482, -1.1883, -0.7195, 0.7451, 43.1186, 90.5828, 0, 1
1745405079.605, 5.310, 1.230, 0.4483, -1.1883, -0.7195, 0.7457, 43.1175, 90.5877, 0, 1
1745405079.684, 5.310, 1.230, 0.4486, -1.1883, -0.7199, 0.7530, 43.1160, 90.5933, 0, 1
1745405079.764, 5.311, 1.230, 0.4495, -1.1883, -0.7208, 0.7528, 43.1142, 90.5998, 0, 1
1745405079.844, 5.311, 1.230, 0.4510, -1.1883, -0.7224, 0.7589, 43.1166, 90.6019, 0, 1
1745405079.923, 5.311, 1.232, 0.4533, -1.1882, -0.7249, 0.7706, 43.1215, 90.6049, 0, 1
1745405080.003, 5.311, 1.233, 0.4565, -1.1881, -0.7283, 0.7691, 43.1366, 90.6139, 0, 1
1745405080.083, 5.311, 1.236, 0.4603, -1.1879, -0.7322, 0.7682, 43.1612, 90.6205, 0, 1
1745405080.162, 5.310, 1.240, 0.4643, -1.1878, -0.7364, 0.7630, 43.1926, 90.6387, 0, 1
1745405080.242, 5.311, 1.245, 0.4684, -1.1876, -0.7406, 0.7578, 43.2343, 90.6587, 0, 1
1745405080.321, 5.311, 1.250, 0.4724, -1.1875, -0.7448, 0.7483, 43.2874, 90.6756, 0, 1
1745405080.401, 5.312, 1.256, 0.4762, -1.1874, -0.7487, 0.7332, 43.3363, 90.6931, 0, 1
1745405080.481, 5.312, 1.261, 0.4799, -1.1873, -0.7525, 0.7186, 43.3808, 90.7066, 0, 1
1745405080.560, 5.313, 1.267, 0.4837, -1.1872, -0.7563, 0.7017, 43.4235, 90.7121, 0, 1
1745405080.640, 5.313, 1.273, 0.4874, -1.1871, -0.7602, 0.6850, 43.4554, 90.7103, 0, 1
1745405080.720, 5.313, 1.278, 0.4913, -1.1870, -0.7640, 0.6602, 43.4832, 90.7190, 0, 1
1745405080.799, 5.313, 1.283, 0.4951, -1.1868, -0.7680, 0.6463, 43.4999, 90.7121, 0, 1
1745405080.879, 5.313, 1.289, 0.4990, -1.1866, -0.7719, 0.6250, 43.5185, 90.7091, 0, 1
1745405080.959, 5.313, 1.295, 0.5028, -1.1865, -0.7759, 0.6170, 43.5374, 90.7017, 0, 1
1745405081.158, 5.314, 1.302, 0.5076, -1.1864, -0.7810, 0.6454, 43.5608, 90.6971, 0, 1
1745405081.237, 5.314, 1.309, 0.5125, -1.1862, -0.7861, 0.6682, 43.5749, 90.6818, 0, 1
1745405081.317, 5.315, 1.316, 0.5175, -1.1860, -0.7913, 0.6841, 43.5932, 90.6853, 0, 1
1745405081.397, 5.315, 1.323, 0.5226, -1.1858, -0.7965, 0.6938, 43.6102, 90.7031, 0, 1
1745405081.476, 5.316, 1.329, 0.5276, -1.1856, -0.8016, 0.7163, 43.6202, 90.7320, 0, 1
1745405081.556, 5.316, 1.335, 0.5315, -1.1855, -0.8056, 0.6895, 43.6285, 90.7824, 0, 1
1745405081.636, 5.316, 1.340, 0.5353, -1.1854, -0.8093, 0.6654, 43.6359, 90.8497, 0, 1
1745405081.715, 5.316, 1.346, 0.5390, -1.1852, -0.8130, 0.6244, 43.6554, 90.9264, 0, 1
1745405081.795, 5.317, 1.352, 0.5427, -1.1851, -0.8167, 0.5950, 43.6741, 90.9816, 0, 1
1745405081.875, 5.317, 1.357, 0.5466, -1.1850, -0.8205, 0.5414, 43.6949, 91.0307, 0, 1
1745405081.954, 5.317, 1.362, 0.5507, -1.1848, -0.8245, 0.4806, 43.7121, 91.0764, 0, 1
1745405082.034, 5.318, 1.368, 0.5549, -1.1846, -0.8287, 0.4236, 43.7232, 91.1054, 0, 1
1745405082.114, 5.319, 1.373, 0.5591, -1.1846, -0.8329, 0.3920, 43.7160, 91.1175, 0, 1
1745405082.193, 5.319, 1.379, 0.5632, -1.1844, -0.8370, 0.3661, 43.7071, 91.1354, 0, 1
1745405082.275, 5.319, 1.385, 0.5672, -1.1842, -0.8411, 0.3533, 43.6933, 91.1508, 0, 1
1745405082.352, 5.321, 1.391, 0.5711, -1.1840, -0.8452, 0.3740, 43.6724, 91.1315, 0, 1
1745405082.432, 5.321, 1.397, 0.5749, -1.1839, -0.8492, 0.4191, 43.6609, 91.1069, 0, 1
1745405082.512, 5.321, 1.402, 0.5786, -1.1837, -0.8532, 0.4763, 43.6440, 91.0574, 0, 1
1745405082.591, 5.321, 1.407, 0.5824, -1.1836, -0.8572, 0.5315, 43.6156, 91.0131, 0, 1
1745405082.671, 5.321, 1.412, 0.5861, -1.1835, -0.8612, 0.5861, 43.6028, 90.9718, 0, 1
1745405082.751, 5.321, 1.418, 0.5898, -1.1833, -0.8651, 0.6303, 43.5941, 90.9566, 0, 1
1745405082.830, 5.321, 1.423, 0.5935, -1.1831, -0.8690, 0.6593, 43.5873, 90.9562, 0, 1
1745405082.910, 5.322, 1.429, 0.5973, -1.1830, -0.8730, 0.6876, 43.5914, 90.9756, 0, 1
1745405082.990, 5.322, 1.434, 0.6012, -1.1829, -0.8771, 0.6984, 43.6169, 90.9937, 0, 1
1745405083.069, 5.322, 1.440, 0.6053, -1.1828, -0.8812, 0.7116, 43.6361, 91.0143, 0, 1
1745405083.149, 5.322, 1.445, 0.6093, -1.1827, -0.8854, 0.7087, 43.6742, 91.0438, 0, 1
1745405083.229, 5.323, 1.451, 0.6134, -1.1825, -0.8896, 0.7027, 43.7012, 91.0642, 0, 1
1745405083.308, 5.323, 1.456, 0.6174, -1.1824, -0.8936, 0.6864, 43.7419, 91.0958, 0, 1
1745405083.388, 5.323, 1.462, 0.6213, -1.1822, -0.8975, 0.6695, 43.7757, 91.1292, 0, 1
1745405083.467, 5.324, 1.468, 0.6252, -1.1821, -0.9014, 0.6414, 43.8110, 91.1520, 0, 1
1745405083.547, 5.324, 1.474, 0.6291, -1.1819, -0.9054, 0.6191, 43.8301, 91.1651, 0, 1
1745405083.627, 5.324, 1.480, 0.6330, -1.1817, -0.9093, 0.5933, 43.8547, 91.1787, 0, 1
1745405083.706, 5.325, 1.486, 0.6371, -1.1816, -0.9134, 0.5688, 43.8679, 91.1759, 0, 1
1745405083.786, 5.326, 1.492, 0.6412, -1.1814, -0.9175, 0.5490, 43.8806, 91.1706, 0, 1
1745405083.866, 5.327, 1.498, 0.6451, -1.1813, -0.9215, 0.5358, 43.8854, 91.1689, 0, 1
1745405083.945, 5.328, 1.504, 0.6490, -1.1812, -0.9255, 0.5312, 43.8937, 91.1596, 0, 1
1745405084.025, 5.328, 1.510, 0.6528, -1.1810, -0.9295, 0.5472, 43.8967, 91.1422, 0, 1
1745405084.105, 5.328, 1.516, 0.6566, -1.1809, -0.9334, 0.5867, 43.9037, 91.1259, 0, 1
1745405084.184, 5.328, 1.522, 0.6603, -1.1807, -0.9373, 0.6136, 43.8993, 91.1174, 0, 1
1745405084.264, 5.328, 1.527, 0.6642, -1.1806, -0.9412, 0.6258, 43.9041, 91.1119, 0, 1
1745405084.343, 5.328, 1.533, 0.6681, -1.1804, -0.9452, 0.6317, 43.8962, 91.1121, 0, 1
1745405084.423, 5.328, 1.538, 0.6720, -1.1804, -0.9491, 0.6237, 43.8872, 91.1326, 0, 1
1745405084.503, 5.329, 1.544, 0.6759, -1.1802, -0.9530, 0.5926, 43.8778, 91.1724, 0, 1
1745405084.582, 5.329, 1.549, 0.6797, -1.1800, -0.9568, 0.5727, 43.8690, 91.2108, 0, 1
1745405084.662, 5.330, 1.555, 0.6835, -1.1799, -0.9605, 0.5427, 43.8632, 91.2730, 0, 1
1745405084.742, 5.330, 1.560, 0.6873, -1.1797, -0.9643, 0.5069, 43.8626, 91.3324, 0, 1
1745405084.821, 5.330, 1.566, 0.6913, -1.1795, -0.9682, 0.4573, 43.8713, 91.3756, 0, 1
1745405084.901, 5.331, 1.571, 0.6955, -1.1794, -0.9723, 0.4028, 43.8789, 91.4028, 0, 1
1745405084.981, 5.331, 1.577, 0.6998, -1.1793, -0.9764, 0.3421, 43.8965, 91.4358, 0, 1
1745405085.060, 5.330, 1.583, 0.7040, -1.1791, -0.9806, 0.3031, 43.9044, 91.4360, 0, 1
1745405085.140, 5.330, 1.589, 0.7080, -1.1790, -0.9846, 0.2736, 43.9107, 91.4365, 0, 1
1745405085.220, 5.329, 1.595, 0.7119, -1.1788, -0.9886, 0.2595, 43.9081, 91.4288, 0, 1
1745405085.299, 5.326, 1.601, 0.7157, -1.1786, -0.9925, 0.2536, 43.9063, 91.4196, 0, 1
1745405085.379, 5.325, 1.607, 0.7195, -1.1784, -0.9964, 0.2732, 43.8860, 91.3794, 0, 1
1745405085.459, 5.324, 1.613, 0.7234, -1.1783, -1.0004, 0.3074, 43.8667, 91.3348, 0, 1
1745405085.538, 5.323, 1.619, 0.7272, -1.1781, -1.0045, 0.3426, 43.8490, 91.2848, 0, 1
1745405085.618, 5.323, 1.624, 0.7310, -1.1779, -1.0085, 0.3806, 43.8387, 91.2367, 0, 1
1745405085.697, 5.322, 1.629, 0.7347, -1.1778, -1.0124, 0.4230, 43.8160, 91.1955, 0, 1
1745405085.777, 5.321, 1.635, 0.7383, -1.1777, -1.0162, 0.4618, 43.8111, 91.1684, 0, 1
1745405085.857, 5.320, 1.640, 0.7419, -1.1776, -1.0200, 0.4859, 43.8075, 91.1554, 0, 1
1745405085.936, 5.319, 1.645, 0.7456, -1.1775, -1.0238, 0.5133, 43.8195, 91.1445, 0, 1
1745405086.016, 5.319, 1.652, 0.7494, -1.1774, -1.0276, 0.5236, 43.8265, 91.1494, 0, 1
1745405086.096, 5.317, 1.658, 0.7533, -1.1772, -1.0317, 0.5280, 43.8503, 91.1444, 0, 1
1745405086.175, 5.315, 1.663, 0.7574, -1.1771, -1.0358, 0.5222, 43.8861, 91.1454, 0, 1
1745405086.255, 5.314, 1.668, 0.7614, -1.1769, -1.0398, 0.5154, 43.9016, 91.1557, 0, 1
1745405086.335, 5.313, 1.674, 0.7655, -1.1768, -1.0437, 0.4896, 43.8478, 91.1692, 0, 1
1745405086.414, 5.312, 1.679, 0.7695, -1.1766, -1.0476, 0.4756, 43.7251, 91.1739, 0, 1
1745405086.494, 5.312, 1.684, 0.7735, -1.1765, -1.0512, 0.4575, 43.5075, 91.1827, 0, 1
1745405086.574, 5.313, 1.690, 0.7776, -1.1764, -1.0549, 0.4420, 43.1824, 91.1819, 0, 1
1745405086.653, 5.315, 1.695, 0.7818, -1.1763, -1.0585, 0.4281, 42.7797, 91.1685, 0, 1
1745405086.733, 5.320, 1.699, 0.7859, -1.1761, -1.0622, 0.4189, 42.3359, 91.1524, 0, 1
1745405086.813, 5.324, 1.703, 0.7901, -1.1761, -1.0660, 0.4285, 41.8722, 91.1269, 0, 1
1745405086.892, 5.329, 1.707, 0.7942, -1.1760, -1.0699, 0.4403, 41.4777, 91.1115, 0, 1
1745405087.091, 5.334, 1.713, 0.7992, -1.1758, -1.0751, 0.4930, 41.1714, 91.0803, 0, 1
1745405087.171, 5.337, 1.720, 0.8041, -1.1756, -1.0804, 0.5267, 40.9552, 91.0714, 0, 1
1745405087.251, 5.336, 1.727, 0.8090, -1.1754, -1.0859, 0.5619, 40.8342, 91.0570, 0, 1
1745405087.330, 5.336, 1.735, 0.8138, -1.1751, -1.0913, 0.5667, 40.8047, 91.0610, 0, 1
1745405087.410, 5.335, 1.743, 0.8186, -1.1750, -1.0967, 0.5775, 40.7802, 91.0704, 0, 1
1745405087.490, 5.335, 1.749, 0.8222, -1.1749, -1.1006, 0.5568, 40.7610, 91.1041, 0, 1
1745405087.569, 5.335, 1.754, 0.8257, -1.1748, -1.1045, 0.5444, 40.7438, 91.1304, 0, 1
1745405087.649, 5.336, 1.760, 0.8291, -1.1747, -1.1083, 0.5242, 40.7348, 91.1736, 0, 1
1745405087.728, 5.336, 1.765, 0.8326, -1.1747, -1.1121, 0.4979, 40.7313, 91.2254, 0, 1
1745405087.810, 5.337, 1.770, 0.8362, -1.1746, -1.1161, 0.4626, 40.7403, 91.2559, 0, 1
1745405087.888, 5.337, 1.774, 0.8399, -1.1744, -1.1201, 0.4038, 40.7467, 91.2965, 0, 1
1745405087.967, 5.338, 1.780, 0.8434, -1.1743, -1.1239, 0.3592, 40.7574, 91.3196, 0, 1
1745405088.047, 5.338, 1.786, 0.8467, -1.1742, -1.1275, 0.3193, 40.7618, 91.3392, 0, 1
1745405088.246, 5.339, 1.792, 0.8503, -1.1741, -1.1315, 0.2909, 40.7657, 91.3493, 0, 1
1745405088.326, 5.338, 1.799, 0.8536, -1.1740, -1.1352, 0.2757, 40.7664, 91.3571, 0, 1
1745405088.406, 5.338, 1.804, 0.8567, -1.1739, -1.1387, 0.2793, 40.7602, 91.3561, 0, 1
1745405088.485, 5.338, 1.809, 0.8598, -1.1738, -1.1423, 0.2799, 40.7500, 91.3558, 0, 1
1745405088.565, 5.338, 1.813, 0.8630, -1.1736, -1.1459, 0.2966, 40.7348, 91.3467, 0, 1
1745405088.644, 5.338, 1.817, 0.8656, -1.1735, -1.1490, 0.3323, 40.7216, 91.3201, 0, 1
1745405088.724, 5.338, 1.821, 0.8682, -1.1734, -1.1520, 0.3666, 40.7111, 91.2922, 0, 1
1745405088.804, 5.338, 1.825, 0.8707, -1.1733, -1.1551, 0.3951, 40.7042, 91.2596, 0, 1
1745405088.883, 5.338, 1.829, 0.8731, -1.1731, -1.1580, 0.4326, 40.7030, 91.2218, 0, 1
1745405088.963, 5.338, 1.833, 0.8755, -1.1731, -1.1608, 0.4647, 40.7017, 91.1819, 0, 1
1745405089.043, 5.338, 1.837, 0.8778, -1.1730, -1.1635, 0.4856, 40.6850, 91.1548, 0, 1
1745405089.122, 5.337, 1.840, 0.8802, -1.1729, -1.1662, 0.4995, 40.6752, 91.1453, 0, 1
1745405089.202, 5.337, 1.844, 0.8825, -1.1728, -1.1690, 0.5153, 40.6668, 91.1336, 0, 1
1745405089.401, 5.337, 1.848, 0.8859, -1.1727, -1.1728, 0.5225, 40.6602, 91.1337, 0, 1
1745405089.600, 5.337, 1.855, 0.8899, -1.1725, -1.1774, 0.5183, 40.6692, 91.1465, 0, 1
1745405089.799, 5.336, 1.861, 0.8946, -1.1723, -1.1827, 0.4996, 40.6924, 91.1669, 0, 1
1745405089.879, 5.336, 1.868, 0.8993, -1.1722, -1.1878, 0.4795, 40.7122, 91.1890, 0, 1
1745405089.959, 5.335, 1.875, 0.9038, -1.1720, -1.1929, 0.4558, 40.7415, 91.2139, 0, 1
1745405090.038, 5.334, 1.881, 0.9075, -1.1719, -1.1970, 0.4260, 40.7631, 91.2463, 0, 1
1745405090.118, 5.333, 1.887, 0.9105, -1.1718, -1.2002, 0.4044, 40.7839, 91.2670, 0, 1
1745405090.197, 5.331, 1.890, 0.9128, -1.1718, -1.2028, 0.3897, 40.8022, 91.2853, 0, 1
1745405090.277, 5.330, 1.894, 0.9152, -1.1717, -1.2055, 0.3723, 40.8224, 91.2932, 0, 1
1745405090.357, 5.328, 1.898, 0.9176, -1.1716, -1.2081, 0.3508, 40.8382, 91.3074, 0, 1
1745405090.556, 5.326, 1.902, 0.9206, -1.1715, -1.2114, 0.3307, 40.8594, 91.3084, 0, 1
1745405090.755, 5.325, 1.907, 0.9241, -1.1714, -1.2153, 0.3087, 40.8636, 91.3124, 0, 1
1745405090.954, 5.323, 1.913, 0.9282, -1.1712, -1.2199, 0.2978, 40.8612, 91.3085, 0, 1
1745405091.034, 5.322, 1.920, 0.9323, -1.1711, -1.2246, 0.2850, 40.8518, 91.3094, 0, 1
1745405091.113, 5.321, 1.926, 0.9364, -1.1709, -1.2292, 0.2914, 40.8373, 91.3004, 0, 1
1745405091.313, 5.319, 1.932, 0.9403, -1.1707, -1.2338, 0.3199, 40.8187, 91.2916, 0, 1
1745405091.392, 5.318, 1.937, 0.9436, -1.1705, -1.2376, 0.3554, 40.8072, 91.2755, 0, 1
1745405091.472, 5.317, 1.941, 0.9464, -1.1704, -1.2408, 0.3766, 40.7950, 91.2696, 0, 1
1745405091.552, 5.316, 1.945, 0.9492, -1.1703, -1.2441, 0.3990, 40.7869, 91.2588, 0, 1
1745405091.631, 5.314, 1.949, 0.9522, -1.1702, -1.2474, 0.3969, 40.7806, 91.2504, 0, 1
1745405091.711, 5.313, 1.953, 0.9546, -1.1701, -1.2501, 0.3749, 40.7736, 91.2568, 0, 1
1745405091.790, 5.313, 1.956, 0.9570, -1.1701, -1.2527, 0.3445, 40.7626, 91.2702, 0, 1
1745405091.870, 5.313, 1.959, 0.9593, -1.1700, -1.2552, 0.3303, 40.7531, 91.2802, 0, 1
1745405091.950, 5.313, 1.963, 0.9615, -1.1699, -1.2576, 0.3302, 40.7379, 91.2849, 0, 1
1745405092.029, 5.313, 1.967, 0.9635, -1.1699, -1.2599, 0.3419, 40.7231, 91.3065, 0, 1
1745405092.109, 5.313, 1.970, 0.9655, -1.1698, -1.2622, 0.3543, 40.7103, 91.3203, 0, 1
1745405092.189, 5.313, 1.973, 0.9675, -1.1697, -1.2645, 0.3595, 40.7005, 91.3564, 0, 1
1745405092.268, 5.313, 1.977, 0.9697, -1.1696, -1.2669, 0.3476, 40.6894, 91.3916, 0, 1
1745405092.348, 5.313, 1.980, 0.9719, -1.1695, -1.2693, 0.3194, 40.6875, 91.4452, 0, 1
1745405092.427, 5.313, 1.984, 0.9741, -1.1694, -1.2717, 0.2747, 40.6809, 91.5021, 0, 1
1745405092.507, 5.314, 1.986, 0.9764, -1.1693, -1.2742, 0.2277, 40.6724, 91.5505, 0, 1
1745405092.587, 5.314, 1.990, 0.9787, -1.1693, -1.2767, 0.1911, 40.6683, 91.5800, 0, 1
1745405092.666, 5.314, 1.993, 0.9811, -1.1692, -1.2792, 0.1550, 40.6726, 91.6086, 0, 1
1745405092.746, 5.313, 1.996, 0.9834, -1.1692, -1.2818, 0.1293, 40.6745, 91.6249, 0, 1
1745405092.826, 5.313, 1.999, 0.9856, -1.1691, -1.2843, 0.1106, 40.6784, 91.6296, 0, 1
1745405092.905, 5.313, 2.003, 0.9878, -1.1690, -1.2867, 0.0940, 40.6833, 91.6452, 0, 1
1745405092.985, 5.313, 2.006, 0.9899, -1.1689, -1.2890, 0.0702, 40.6932, 91.6618, 0, 1
1745405093.065, 5.313, 2.009, 0.9919, -1.1689, -1.2913, 0.0604, 40.6963, 91.6765, 0, 1
1745405093.144, 5.313, 2.012, 0.9940, -1.1688, -1.2936, 0.0480, 40.6945, 91.6905, 0, 1
1745405093.224, 5.313, 2.015, 0.9960, -1.1687, -1.2960, 0.0495, 40.6919, 91.7004, 0, 1
1745405093.304, 5.313, 2.018, 0.9982, -1.1687, -1.2984, 0.0509, 40.6940, 91.7006, 0, 1
1745405093.383, 5.313, 2.021, 1.0002, -1.1686, -1.3008, 0.0696, 40.6829, 91.6972, 0, 1
1745405093.463, 5.313, 2.024, 1.0023, -1.1685, -1.3033, 0.0912, 40.6698, 91.6860, 0, 1
1745405093.542, 5.313, 2.027, 1.0044, -1.1684, -1.3057, 0.1214, 40.6563, 91.6734, 0, 1
1745405093.622, 5.313, 2.031, 1.0064, -1.1683, -1.3082, 0.1514, 40.6550, 91.6497, 0, 1
1745405093.702, 5.313, 2.034, 1.0085, -1.1682, -1.3106, 0.1839, 40.6494, 91.6278, 0, 1
1745405093.781, 5.313, 2.037, 1.0105, -1.1681, -1.3131, 0.2164, 40.6486, 91.5989, 0, 1
1745405093.861, 5.313, 2.040, 1.0126, -1.1681, -1.3156, 0.2510, 40.6477, 91.5713, 0, 1
1745405093.941, 5.313, 2.044, 1.0147, -1.1680, -1.3182, 0.2803, 40.6485, 91.5395, 0, 1
1745405094.020, 5.313, 2.047, 1.0169, -1.1680, -1.3207, 0.3123, 40.6324, 91.5175, 0, 1
1745405094.100, 5.313, 2.050, 1.0190, -1.1679, -1.3233, 0.3434, 40.6233, 91.4961, 0, 1
1745405094.180, 5.313, 2.052, 1.0211, -1.1678, -1.3258, 0.3661, 40.6170, 91.4871, 0, 1
1745405094.259, 5.313, 2.056, 1.0233, -1.1677, -1.3284, 0.3790, 40.6109, 91.4818, 0, 1
1745405094.339, 5.313, 2.060, 1.0257, -1.1676, -1.3311, 0.3896, 40.6139, 91.4807, 0, 1
1745405094.420, 5.312, 2.064, 1.0281, -1.1674, -1.3339, 0.3958, 40.6330, 91.4741, 0, 1
1745405094.498, 5.312, 2.067, 1.0307, -1.1673, -1.3368, 0.4004, 40.6449, 91.4687, 0, 1
1745405094.578, 5.312, 2.071, 1.0331, -1.1673, -1.3396, 0.4064, 40.6625, 91.4543, 0, 1
1745405094.657, 5.313, 2.075, 1.0355, -1.1672, -1.3423, 0.4086, 40.6893, 91.4462, 0, 1
1745405094.737, 5.312, 2.079, 1.0378, -1.1671, -1.3450, 0.4197, 40.7108, 91.4239, 0, 1
1745405094.817, 5.313, 2.083, 1.0401, -1.1671, -1.3476, 0.4277, 40.7351, 91.4075, 0, 1
1745405094.896, 5.313, 2.086, 1.0422, -1.1670, -1.3501, 0.4365, 40.7619, 91.3953, 0, 1
1745405094.976, 5.313, 2.090, 1.0446, -1.1669, -1.3527, 0.4410, 40.7884, 91.3787, 0, 1
1745405095.056, 5.313, 2.093, 1.0470, -1.1669, -1.3555, 0.4423, 40.8160, 91.3641, 0, 1
1745405095.135, 5.313, 2.096, 1.0494, -1.1668, -1.3582, 0.4306, 40.8438, 91.3596, 0, 1
1745405095.215, 5.313, 2.099, 1.0519, -1.1668, -1.3610, 0.4140, 40.8716, 91.3537, 0, 1
1745405095.295, 5.312, 2.103, 1.0544, -1.1668, -1.3638, 0.3938, 40.9032, 91.3315, 0, 1
1745405095.374, 5.312, 2.106, 1.0570, -1.1667, -1.3667, 0.3711, 40.9272, 91.3178, 0, 1
1745405095.454, 5.312, 2.110, 1.0597, -1.1666, -1.3696, 0.3503, 40.9504, 91.2938, 0, 1
1745405095.533, 5.312, 2.114, 1.0625, -1.1665, -1.3728, 0.3306, 40.9760, 91.2616, 0, 1
1745405095.613, 5.312, 2.118, 1.0655, -1.1665, -1.3761, 0.3109, 40.9940, 91.2260, 0, 1
1745405095.693, 5.312, 2.123, 1.0687, -1.1664, -1.3796, 0.3013, 41.0061, 91.1914, 0, 1
1745405095.776, 5.312, 2.127, 1.0720, -1.1663, -1.3833, 0.2934, 41.0122, 91.1433, 0, 1
1745405095.852, 5.312, 2.132, 1.0753, -1.1662, -1.3870, 0.2977, 41.0165, 91.0888, 0, 1
1745405095.932, 5.312, 2.137, 1.0786, -1.1660, -1.3909, 0.3155, 41.0218, 91.0372, 0, 1
1745405096.011, 5.312, 2.143, 1.0820, -1.1659, -1.3948, 0.3509, 41.0178, 90.9735, 0, 1
1745405096.091, 5.312, 2.148, 1.0855, -1.1658, -1.3988, 0.3673, 41.0174, 90.9182, 0, 1
1745405096.171, 5.312, 2.153, 1.0892, -1.1656, -1.4030, 0.3746, 41.0260, 90.8649, 0, 1
1745405096.250, 5.312, 2.159, 1.0930, -1.1656, -1.4072, 0.3658, 41.0255, 90.8227, 0, 1
1745405096.330, 5.313, 2.165, 1.0968, -1.1655, -1.4115, 0.3493, 41.0165, 90.7958, 0, 1
1745405096.410, 5.312, 2.170, 1.1006, -1.1655, -1.4157, 0.3294, 41.0121, 90.7787, 0, 1
1745405096.491, 5.312, 2.175, 1.1043, -1.1654, -1.4198, 0.3048, 41.0074, 90.7795, 0, 1
1745405096.569, 5.312, 2.181, 1.1080, -1.1654, -1.4238, 0.2772, 40.9954, 90.7959, 0, 1
1745405096.649, 5.312, 2.187, 1.1116, -1.1653, -1.4278, 0.2367, 40.9909, 90.8317, 0, 1
1745405096.728, 5.312, 2.192, 1.1154, -1.1651, -1.4319, 0.1874, 40.9932, 90.8506, 0, 1
1745405096.808, 5.312, 2.197, 1.1195, -1.1650, -1.4362, 0.1228, 40.9916, 90.8679, 0, 1
1745405096.887, 5.313, 2.203, 1.1237, -1.1649, -1.4408, 0.0679, 40.9823, 90.8678, 0, 1
1745405096.967, 5.313, 2.209, 1.1280, -1.1649, -1.4455, 0.0226, 40.9814, 90.8758, 0, 1
1745405097.047, 5.313, 2.216, 1.1323, -1.1648, -1.4503, 0.0060, 40.9896, 90.8536, 0, 1
1745405097.126, 5.313, 2.223, 1.1365, -1.1647, -1.4550, 0.0008, 40.9748, 90.8387, 0, 1
1745405097.206, 5.313, 2.229, 1.1406, -1.1647, -1.4597, 0.0161, 40.9741, 90.8284, 0, 1
1745405097.286, 5.313, 2.236, 1.1444, -1.1646, -1.4643, 0.0503, 40.9757, 90.8098, 0, 1
1745405097.365, 5.314, 2.242, 1.1482, -1.1644, -1.4687, 0.1042, 40.9769, 90.7602, 0, 1
1745405097.445, 5.314, 2.248, 1.1520, -1.1644, -1.4732, 0.1600, 40.9620, 90.7185, 0, 1
1745405097.525, 5.314, 2.254, 1.1556, -1.1643, -1.4775, 0.2153, 40.9658, 90.6742, 0, 1
1745405097.604, 5.313, 2.260, 1.1592, -1.1642, -1.4817, 0.2627, 40.9568, 90.6340, 0, 1
1745405097.684, 5.313, 2.267, 1.1630, -1.1641, -1.4861, 0.3018, 40.9553, 90.6146, 0, 1
1745405097.765, 5.312, 2.272, 1.1668, -1.1640, -1.4905, 0.3331, 40.9530, 90.6129, 0, 1
1745405097.843, 5.312, 2.278, 1.1707, -1.1639, -1.4949, 0.3556, 40.9668, 90.6207, 0, 1
1745405097.923, 5.313, 2.284, 1.1748, -1.1638, -1.4996, 0.3733, 40.9958, 90.6325, 0, 1
1745405098.003, 5.313, 2.288, 1.1789, -1.1637, -1.5042, 0.3798, 41.0341, 90.6565, 0, 1
1745405098.082, 5.313, 2.294, 1.1829, -1.1636, -1.5088, 0.3860, 41.0758, 90.6722, 0, 1
1745405098.162, 5.314, 2.301, 1.1870, -1.1636, -1.5134, 0.3769, 41.1203, 90.7086, 0, 1
1745405098.241, 5.313, 2.306, 1.1909, -1.1635, -1.5177, 0.3641, 41.1601, 90.7382, 0, 1
1745405098.321, 5.313, 2.311, 1.1948, -1.1634, -1.5220, 0.3473, 41.2028, 90.7766, 0, 1
1745405098.401, 5.313, 2.316, 1.1987, -1.1633, -1.5263, 0.3329, 41.2320, 90.8084, 0, 1
1745405098.480, 5.313, 2.322, 1.2026, -1.1632, -1.5306, 0.3170, 41.2593, 90.8407, 0, 1
1745405098.560, 5.313, 2.327, 1.2065, -1.1631, -1.5348, 0.3114, 41.2802, 90.8518, 0, 1
1745405098.640, 5.313, 2.333, 1.2103, -1.1631, -1.5392, 0.3110, 41.2868, 90.8611, 0, 1
1745405098.719, 5.313, 2.339, 1.2142, -1.1630, -1.5435, 0.3206, 41.2804, 90.8738, 0, 1
1745405098.799, 5.313, 2.345, 1.2180, -1.1629, -1.5479, 0.3546, 41.2897, 90.8781, 0, 1
1745405098.879, 5.313, 2.352, 1.2218, -1.1628, -1.5523, 0.3910, 41.2948, 90.8852, 0, 1
1745405098.958, 5.314, 2.359, 1.2257, -1.1626, -1.5567, 0.4162, 41.2971, 90.8948, 0, 1
1745405099.038, 5.313, 2.364, 1.2297, -1.1625, -1.5612, 0.4290, 41.3063, 90.9083, 0, 1
1745405099.118, 5.314, 2.370, 1.2337, -1.1623, -1.5657, 0.4415, 41.3091, 90.9154, 0, 1
1745405099.197, 5.314, 2.376, 1.2376, -1.1622, -1.5701, 0.4450, 41.3006, 90.9417, 0, 1
1745405099.277, 5.314, 2.382, 1.2416, -1.1621, -1.5743, 0.4396, 41.2632, 90.9756, 0, 1
1745405099.358, 5.314, 2.388, 1.2455, -1.1620, -1.5785, 0.4270, 41.1914, 91.0262, 0, 1
1745405099.436, 5.314, 2.393, 1.2493, -1.1618, -1.5826, 0.4076, 41.0691, 91.1001, 0, 1
1745405099.516, 5.315, 2.399, 1.2534, -1.1617, -1.5867, 0.3765, 40.8764, 91.1748, 0, 1
1745405099.595, 5.314, 2.405, 1.2577, -1.1617, -1.5909, 0.3292, 40.5934, 91.2359, 0, 1
1745405099.675, 5.315, 2.410, 1.2621, -1.1616, -1.5952, 0.2865, 40.2449, 91.2905, 0, 1
1745405099.755, 5.316, 2.415, 1.2664, -1.1615, -1.5995, 0.2616, 39.8709, 91.3330, 0, 1
1745405099.834, 5.317, 2.422, 1.2706, -1.1614, -1.6039, 0.2522, 39.5563, 91.3544, 0, 1
1745405099.914, 5.319, 2.427, 1.2746, -1.1613, -1.6083, 0.2592, 39.3108, 91.3710, 0, 1
1745405099.994, 5.321, 2.432, 1.2784, -1.1611, -1.6127, 0.2778, 39.1591, 91.3831, 0, 1
1745405100.073, 5.322, 2.439, 1.2821, -1.1610, -1.6172, 0.3108, 39.1014, 91.3750, 0, 1
1745405100.153, 5.323, 2.444, 1.2858, -1.1609, -1.6218, 0.3558, 39.1136, 91.3530, 0, 1
1745405100.233, 5.324, 2.450, 1.2894, -1.1607, -1.6265, 0.4166, 39.1149, 91.3139, 0, 1
1745405100.312, 5.324, 2.457, 1.2930, -1.1606, -1.6310, 0.4756, 39.1195, 91.2655, 0, 1
1745405100.392, 5.323, 2.463, 1.2965, -1.1604, -1.6355, 0.5287, 39.1304, 91.2144, 0, 1
1745405100.472, 5.323, 2.469, 1.3001, -1.1602, -1.6400, 0.5702, 39.1399, 91.1820, 0, 1
1745405100.551, 5.323, 2.475, 1.3036, -1.1601, -1.6444, 0.5927, 39.1470, 91.1633, 0, 1
1745405100.631, 5.323, 2.479, 1.3072, -1.1600, -1.6488, 0.6071, 39.1728, 91.1522, 0, 1
1745405100.710, 5.322, 2.485, 1.3110, -1.1598, -1.6533, 0.6036, 39.2085, 91.1584, 0, 1
1745405100.790, 5.322, 2.490, 1.3147, -1.1597, -1.6577, 0.5952, 39.2524, 91.1738, 0, 1
1745405100.870, 5.321, 2.495, 1.3184, -1.1596, -1.6621, 0.5863, 39.3044, 91.1835, 0, 1
1745405100.949, 5.320, 2.501, 1.3221, -1.1595, -1.6665, 0.5804, 39.3559, 91.1996, 0, 1
1745405101.029, 5.319, 2.508, 1.3258, -1.1593, -1.6709, 0.5627, 39.4020, 91.2205, 0, 1
1745405101.109, 5.319, 2.514, 1.3294, -1.1592, -1.6753, 0.5510, 39.4533, 91.2350, 0, 1
1745405101.188, 5.319, 2.520, 1.3332, -1.1591, -1.6798, 0.5389, 39.4945, 91.2475, 0, 1
1745405101.268, 5.319, 2.526, 1.3370, -1.1589, -1.6842, 0.5287, 39.5259, 91.2545, 0, 1
1745405101.348, 5.319, 2.532, 1.3408, -1.1588, -1.6887, 0.5254, 39.5534, 91.2354, 0, 1
1745405101.427, 5.319, 2.537, 1.3445, -1.1586, -1.6931, 0.5291, 39.5734, 91.2173, 0, 1
1745405101.507, 5.319, 2.542, 1.3481, -1.1585, -1.6975, 0.5374, 39.5796, 91.1930, 0, 1
1745405101.587, 5.319, 2.547, 1.3517, -1.1584, -1.7018, 0.5588, 39.5852, 91.1597, 0, 1
1745405101.666, 5.319, 2.552, 1.3552, -1.1583, -1.7062, 0.6049, 39.6062, 91.1202, 0, 1
1745405101.746, 5.319, 2.557, 1.3588, -1.1582, -1.7106, 0.6331, 39.6278, 91.0889, 0, 1
1745405101.826, 5.317, 2.564, 1.3626, -1.1581, -1.7152, 0.6587, 39.6457, 91.0529, 0, 1
1745405101.905, 5.317, 2.570, 1.3666, -1.1580, -1.7199, 0.6769, 39.6610, 91.0170, 0, 1
1745405101.985, 5.316, 2.576, 1.3704, -1.1578, -1.7245, 0.6867, 39.6681, 90.9939, 0, 1
1745405102.065, 5.315, 2.582, 1.3742, -1.1577, -1.7289, 0.6824, 39.6655, 90.9757, 0, 1
1745405102.144, 5.315, 2.588, 1.3779, -1.1576, -1.7333, 0.6887, 39.6644, 90.9756, 0, 1
1745405102.224, 5.315, 2.593, 1.3815, -1.1575, -1.7376, 0.6811, 39.6622, 90.9972, 0, 1
1745405102.303, 5.316, 2.599, 1.3852, -1.1573, -1.7418, 0.6582, 39.6577, 91.0365, 0, 1
1745405102.383, 5.316, 2.604, 1.3890, -1.1573, -1.7462, 0.6344, 39.6620, 91.0598, 0, 1
1745405102.463, 5.316, 2.610, 1.3929, -1.1572, -1.7507, 0.5931, 39.6662, 91.0896, 0, 1
1745405102.542, 5.317, 2.615, 1.3969, -1.1571, -1.7553, 0.5549, 39.6677, 91.1038, 0, 1
1745405102.622, 5.317, 2.621, 1.4008, -1.1569, -1.7599, 0.5389, 39.6790, 91.0944, 0, 1
1745405102.702, 5.318, 2.627, 1.4047, -1.1567, -1.7645, 0.5388, 39.6917, 91.0822, 0, 1
1745405102.781, 5.318, 2.634, 1.4085, -1.1566, -1.7691, 0.5436, 39.7021, 91.0675, 0, 1
1745405102.861, 5.318, 2.638, 1.4122, -1.1564, -1.7736, 0.5723, 39.7115, 91.0493, 0, 1
1745405102.941, 5.317, 2.644, 1.4158, -1.1562, -1.7781, 0.6098, 39.7289, 91.0247, 0, 1
1745405103.020, 5.316, 2.648, 1.4194, -1.1561, -1.7826, 0.6560, 39.7451, 90.9871, 0, 1
1745405103.100, 5.316, 2.652, 1.4230, -1.1560, -1.7872, 0.7215, 39.7610, 90.9300, 0, 1
1745405103.181, 5.315, 2.657, 1.4267, -1.1559, -1.7918, 0.7885, 39.7862, 90.8832, 0, 1
1745405103.259, 5.315, 2.664, 1.4304, -1.1558, -1.7964, 0.8419, 39.8116, 90.8246, 0, 1
1745405103.339, 5.315, 2.670, 1.4340, -1.1557, -1.8009, 0.8903, 39.8150, 90.7916, 0, 1
1745405103.419, 5.314, 2.678, 1.4377, -1.1556, -1.8053, 0.9215, 39.8271, 90.7784, 0, 1
1745405103.498, 5.314, 2.684, 1.4415, -1.1554, -1.8098, 0.9391, 39.8500, 90.7751, 0, 1
1745405103.578, 5.314, 2.692, 1.4452, -1.1552, -1.8141, 0.9433, 39.8727, 90.7762, 0, 1
1745405103.657, 5.313, 2.697, 1.4489, -1.1551, -1.8185, 0.9463, 39.9037, 90.7938, 0, 1
1745405103.737, 5.313, 2.703, 1.4526, -1.1549, -1.8229, 0.9499, 39.9650, 90.7922, 0, 1
1745405103.817, 5.313, 2.708, 1.4563, -1.1548, -1.8273, 0.9521, 40.0174, 90.7969, 0, 1
1745405106.425, 5.315, 2.745, 1.4793, -1.1541, -1.8540, 0.9521, 39.4654, 90.7990, 0, 1
1745405106.505, 5.318, 2.782, 1.5016, -1.1533, -1.8799, 0.9587, 38.9028, 90.8003, 0, 1
1745405106.584, 5.320, 2.819, 1.5231, -1.1526, -1.9050, 0.9620, 38.3309, 90.7981, 0, 1
1745405106.664, 5.323, 2.853, 1.5440, -1.1520, -1.9292, 0.9600, 37.7414, 90.8026, 0, 1
1745405106.744, 5.325, 2.887, 1.5641, -1.1512, -1.9526, 0.9638, 37.1469, 90.7992, 0, 1
1745405106.823, 5.325, 2.888, 1.5641, -1.1512, -1.9526, 0.9680, 37.1466, 90.8017, 0, 1
1745405106.903, 5.326, 2.888, 1.5641, -1.1513, -1.9526, 0.9707, 37.1461, 90.8035, 0, 1
1745405106.983, 5.325, 2.888, 1.5641, -1.1513, -1.9526, 0.9725, 37.1446, 90.8057, 0, 1
1745405107.062, 5.325, 2.889, 1.5641, -1.1513, -1.9526, 0.9750, 37.1422, 90.8054, 0, 1
1745405107.142, 5.324, 2.887, 1.5641, -1.1513, -1.9526, 0.9732, 37.1409, 90.8069, 0, 1
1745405107.221, 5.324, 2.886, 1.5641, -1.1513, -1.9526, 0.9720, 37.1398, 90.8064, 0, 1
1745405107.301, 5.324, 2.885, 1.5641, -1.1513, -1.9526, 0.9696, 37.1406, 90.8060, 0, 1
1745405107.381, 5.324, 2.884, 1.5641, -1.1512, -1.9526, 0.9667, 37.1423, 90.8069, 0, 1
1745405107.460, 5.325, 2.885, 1.5641, -1.1512, -1.9526, 0.9638, 37.1457, 90.8100, 0, 1
1745405107.540, 5.325, 2.885, 1.5641, -1.1512, -1.9526, 0.9652, 37.1493, 90.8106, 0, 1
1745405107.620, 5.326, 2.886, 1.5641, -1.1512, -1.9526, 0.9651, 37.1530, 90.8138, 0, 1
1745405107.699, 5.326, 2.888, 1.5641, -1.1512, -1.9526, 0.9668, 37.1556, 90.8159, 0, 1
1745405107.779, 5.326, 2.889, 1.5641, -1.1513, -1.9526, 0.9691, 37.1571, 90.8170, 0, 1
1745405107.859, 5.326, 2.888, 1.5641, -1.1513, -1.9526, 0.9737, 37.1605, 90.8164, 0, 1
1745405107.938, 5.325, 2.887, 1.5640, -1.1513, -1.9525, 0.9752, 37.1618, 90.8125, 0, 1
1745405108.018, 5.325, 2.886, 1.5638, -1.1513, -1.9522, 0.9753, 37.1640, 90.8106, 0, 1
1745405108.098, 5.326, 2.886, 1.5633, -1.1513, -1.9515, 0.9670, 37.1763, 90.8160, 0, 1
1745405108.177, 5.326, 2.886, 1.5622, -1.1514, -1.9501, 0.9400, 37.1786, 90.8399, 0, 1
1745405108.257, 5.326, 2.886, 1.5606, -1.1514, -1.9479, 0.9124, 37.1986, 90.8643, 0, 1
1745405108.336, 5.327, 2.886, 1.5584, -1.1515, -1.9450, 0.8714, 37.2166, 90.8981, 0, 1
1745405108.416, 5.327, 2.884, 1.5559, -1.1516, -1.9417, 0.8314, 37.2181, 90.9274, 0, 1
1745405108.496, 5.327, 2.880, 1.5532, -1.1517, -1.9381, 0.7979, 37.2099, 90.9513, 0, 1
1745405108.575, 5.327, 2.876, 1.5507, -1.1518, -1.9348, 0.7811, 37.2152, 90.9537, 0, 1
1745405108.655, 5.326, 2.872, 1.5486, -1.1519, -1.9320, 0.7603, 37.1942, 90.9547, 0, 1
1745405108.735, 5.326, 2.866, 1.5468, -1.1519, -1.9296, 0.7556, 37.1783, 90.9464, 0, 1
1745405108.814, 5.326, 2.863, 1.5452, -1.1520, -1.9275, 0.7527, 37.1726, 90.9366, 0, 1
1745405108.894, 5.327, 2.860, 1.5436, -1.1520, -1.9255, 0.7455, 37.1579, 90.9294, 0, 1
1745405108.974, 5.327, 2.856, 1.5420, -1.1521, -1.9234, 0.7453, 37.1479, 90.9243, 0, 1
1745405109.053, 5.327, 2.854, 1.5402, -1.1521, -1.9211, 0.7491, 37.1374, 90.9165, 0, 1
1745405109.133, 5.328, 2.852, 1.5383, -1.1522, -1.9187, 0.7496, 37.1222, 90.9122, 0, 1
1745405109.213, 5.328, 2.848, 1.5364, -1.1522, -1.9162, 0.7591, 37.1025, 90.9067, 0, 1
1745405109.292, 5.327, 2.844, 1.5344, -1.1523, -1.9137, 0.7840, 37.0881, 90.8879, 0, 1
1745405109.372, 5.328, 2.841, 1.5324, -1.1524, -1.9112, 0.8110, 37.0515, 90.8655, 0, 1
1745405109.451, 5.328, 2.838, 1.5303, -1.1525, -1.9087, 0.8515, 37.0169, 90.8411, 0, 1
1745405109.531, 5.329, 2.833, 1.5282, -1.1526, -1.9063, 0.8988, 36.9806, 90.8070, 0, 1
1745405109.611, 5.329, 2.832, 1.5263, -1.1526, -1.9039, 0.9426, 36.9485, 90.7690, 0, 1
1745405109.691, 5.330, 2.830, 1.5243, -1.1527, -1.9015, 0.9818, 36.9088, 90.7389, 0, 1
1745405109.770, 5.330, 2.827, 1.5224, -1.1527, -1.8991, 1.0129, 36.8852, 90.7094, 0, 1
1745405109.850, 5.330, 2.824, 1.5205, -1.1527, -1.8967, 1.0317, 36.8582, 90.6816, 0, 1
1745405109.929, 5.330, 2.823, 1.5185, -1.1527, -1.8941, 1.0410, 36.8339, 90.6584, 0, 1
1745405110.011, 5.330, 2.820, 1.5163, -1.1528, -1.8912, 1.0348, 36.8191, 90.6506, 0, 1
1745405110.089, 5.331, 2.818, 1.5140, -1.1529, -1.8881, 1.0271, 36.8182, 90.6448, 0, 1
1745405110.168, 5.331, 2.814, 1.5113, -1.1530, -1.8847, 1.0212, 36.8090, 90.6512, 0, 1
1745405110.248, 5.332, 2.809, 1.5087, -1.1531, -1.8812, 1.0173, 36.8058, 90.6637, 0, 1
1745405110.328, 5.331, 2.804, 1.5061, -1.1532, -1.8777, 1.0208, 36.7901, 90.6836, 0, 1
1745405110.407, 5.332, 2.800, 1.5035, -1.1533, -1.8744, 1.0316, 36.7606, 90.6964, 0, 1
1745405110.487, 5.332, 2.795, 1.5009, -1.1534, -1.8710, 1.0101, 36.7113, 90.7225, 0, 1
1745405110.567, 5.332, 2.791, 1.4984, -1.1535, -1.8675, 0.9929, 36.6472, 90.7348, 0, 1
1745405110.648, 5.332, 2.788, 1.4957, -1.1536, -1.8638, 0.9625, 36.5722, 90.7556, 0, 1
1745405110.726, 5.333, 2.784, 1.4929, -1.1537, -1.8599, 0.9272, 36.5065, 90.7758, 0, 1
1745405110.806, 5.334, 2.780, 1.4901, -1.1538, -1.8560, 0.8898, 36.4436, 90.8018, 0, 1
1745405110.885, 5.336, 2.775, 1.4874, -1.1539, -1.8523, 0.8780, 36.3911, 90.8127, 0, 1
1745405110.965, 5.337, 2.771, 1.4847, -1.1540, -1.8487, 0.8600, 36.3513, 90.8342, 0, 1
1745405111.044, 5.338, 2.767, 1.4822, -1.1541, -1.8453, 0.8552, 36.3084, 90.8456, 0, 1
1745405111.124, 5.339, 2.762, 1.4796, -1.1542, -1.8419, 0.8556, 36.2604, 90.8597, 0, 1
1745405111.204, 5.340, 2.756, 1.4770, -1.1543, -1.8384, 0.8691, 36.2056, 90.8622, 0, 1
1745405111.283, 5.340, 2.750, 1.4743, -1.1544, -1.8348, 0.8841, 36.1478, 90.8699, 0, 1
1745405111.363, 5.341, 2.746, 1.4716, -1.1545, -1.8312, 0.9063, 36.0890, 90.8709, 0, 1
1745405111.443, 5.342, 2.741, 1.4689, -1.1546, -1.8276, 0.9277, 36.0383, 90.8674, 0, 1
1745405111.522, 5.343, 2.739, 1.4662, -1.1547, -1.8239, 0.9446, 35.9933, 90.8521, 0, 1
1745405111.602, 5.344, 2.735, 1.4635, -1.1547, -1.8202, 0.9526, 35.9659, 90.8386, 0, 1
1745405111.681, 5.345, 2.732, 1.4607, -1.1547, -1.8165, 0.9674, 35.9373, 90.8190, 0, 1
1745405111.761, 5.345, 2.726, 1.4579, -1.1548, -1.8128, 0.9713, 35.9223, 90.8033, 0, 1
1745405111.844, 5.346, 2.721, 1.4551, -1.1549, -1.8089, 0.9752, 35.9206, 90.7862, 0, 1
1745405113.852, 5.347, 2.706, 1.4474, -1.1553, -1.7984, 0.9115, 35.8926, 90.8313, 0, 1
1745405113.932, 5.349, 2.692, 1.4404, -1.1557, -1.7887, 0.8473, 35.8597, 90.8815, 0, 1
1745405114.011, 5.350, 2.680, 1.4339, -1.1560, -1.7797, 0.7761, 35.8368, 90.9326, 0, 1
1745405114.091, 5.351, 2.669, 1.4280, -1.1564, -1.7714, 0.7093, 35.8126, 90.9828, 0, 1
1745405114.569, 5.351, 2.656, 1.4227, -1.1567, -1.7640, 0.6425, 35.7793, 91.0413, 0, 1
1745405114.648, 5.351, 2.656, 1.4227, -1.1567, -1.7640, 0.6417, 35.7778, 91.0435, 0, 1
1745405115.524, 5.351, 2.662, 1.4269, -1.1565, -1.7698, 0.6780, 35.7561, 91.0257, 0, 1
1745405115.604, 5.350, 2.665, 1.4287, -1.1564, -1.7725, 0.6977, 35.7502, 91.0121, 0, 1
1745405115.684, 5.349, 2.668, 1.4304, -1.1564, -1.7748, 0.7223, 35.7545, 90.9958, 0, 1
1745405115.763, 5.349, 2.672, 1.4316, -1.1563, -1.7765, 0.7385, 35.7468, 90.9861, 0, 1
1745405115.843, 5.349, 2.674, 1.4323, -1.1563, -1.7775, 0.7504, 35.7432, 90.9829, 0, 1
1745405115.923, 5.349, 2.676, 1.4326, -1.1563, -1.7779, 0.7564, 35.7455, 90.9831, 0, 1
1745405116.002, 5.349, 2.675, 1.4326, -1.1563, -1.7779, 0.7581, 35.7489, 90.9844, 0, 1
1745405116.082, 5.349, 2.675, 1.4326, -1.1563, -1.7780, 0.7581, 35.7473, 90.9867, 0, 1
1745405116.162, 5.350, 2.675, 1.4326, -1.1563, -1.7779, 0.7605, 35.7465, 90.9874, 0, 1
1745405116.241, 5.350, 2.675, 1.4326, -1.1563, -1.7779, 0.7601, 35.7443, 90.9863, 0, 1
1745405116.321, 5.350, 2.675, 1.4326, -1.1563, -1.7779, 0.7599, 35.7424, 90.9871, 0, 1
1745405116.400, 5.350, 2.675, 1.4326, -1.1563, -1.7779, 0.7606, 35.7399, 90.9859, 0, 1
1745405116.480, 5.350, 2.675, 1.4326, -1.1563, -1.7779, 0.7598, 35.7364, 90.9860, 0, 1
1745405116.679, 5.350, 2.674, 1.4326, -1.1563, -1.7779, 0.7595, 35.7335, 90.9873, 0, 1
1745405116.759, 5.350, 2.674, 1.4326, -1.1563, -1.7779, 0.7615, 35.7317, 90.9881, 0, 1
1745405116.838, 5.350, 2.673, 1.4326, -1.1563, -1.7780, 0.7594, 35.7291, 90.9881, 0, 1
1745405117.037, 5.349, 2.674, 1.4326, -1.1564, -1.7780, 0.7570, 35.7282, 90.9899, 0, 1
1745405117.117, 5.349, 2.673, 1.4326, -1.1564, -1.7780, 0.7549, 35.7275, 90.9903, 0, 1
1745405117.197, 5.349, 2.674, 1.4326, -1.1564, -1.7780, 0.7515, 35.7256, 90.9887, 0, 1
1745405117.276, 5.349, 2.675, 1.4326, -1.1563, -1.7780, 0.7476, 35.7254, 90.9887, 0, 1
1745405117.356, 5.349, 2.677, 1.4326, -1.1564, -1.7780, 0.7454, 35.7253, 90.9902, 0, 1
1745405117.436, 5.350, 2.676, 1.4326, -1.1563, -1.7780, 0.7445, 35.7246, 90.9896, 0, 1
1745405117.516, 5.350, 2.678, 1.4326, -1.1564, -1.7780, 0.7440, 35.7254, 90.9920, 0, 1
1745405117.595, 5.350, 2.678, 1.4327, -1.1564, -1.7780, 0.7437, 35.7279, 90.9954, 0, 1
1745405117.675, 5.350, 2.678, 1.4327, -1.1564, -1.7780, 0.7450, 35.7302, 90.9968, 0, 1
1745405117.754, 5.350, 2.677, 1.4327, -1.1564, -1.7780, 0.7469, 35.7338, 90.9994, 0, 1
1745405117.834, 5.350, 2.678, 1.4327, -1.1563, -1.7780, 0.7476, 35.7363, 91.0015, 0, 1
1745405117.914, 5.350, 2.678, 1.4326, -1.1563, -1.7780, 0.7494, 35.7372, 91.0014, 0, 1
1745405117.993, 5.350, 2.676, 1.4326, -1.1563, -1.7780, 0.7518, 35.7366, 91.0010, 0, 1
1745405118.073, 5.350, 2.674, 1.4326, -1.1563, -1.7780, 0.7520, 35.7341, 91.0010, 0, 1
1745405118.153, 5.350, 2.675, 1.4326, -1.1563, -1.7780, 0.7535, 35.7310, 90.9976, 1, 1
1745405118.232, 5.349, 2.673, 1.4326, -1.1563, -1.7780, 0.7540, 35.7286, 90.9962, 1, 1
1745405118.312, 5.349, 2.674, 1.4326, -1.1563, -1.7780, 0.7517, 35.7283, 90.9966, 1, 1
1745405118.392, 5.348, 2.675, 1.4327, -1.1564, -1.7780, 0.7509, 35.7279, 90.9952, 1, 1
1745405118.511, 5.348, 2.677, 1.4327, -1.1564, -1.7780, 0.7508, 35.7294, 90.9923, 1, 1
1745405118.591, 5.349, 2.677, 1.4327, -1.1564, -1.7780, 0.7508, 35.7320, 90.9918, 1, 1
1745405118.670, 5.349, 2.678, 1.4327, -1.1564, -1.7780, 0.7505, 35.7353, 90.9933, 1, 1
1745405118.750, 5.349, 2.678, 1.4327, -1.1564, -1.7780, 0.7531, 35.7376, 90.9938, 1, 1
1745405120.602, 5.349, 2.678, 1.4327, -1.1563, -1.7780, 0.7557, 35.7402, 90.9931, 0, 1
1745405120.681, 5.350, 2.678, 1.4327, -1.1563, -1.7780, 0.7587, 35.7407, 90.9931, 0, 1
1745405120.761, 5.350, 2.677, 1.4327, -1.1564, -1.7780, 0.7599, 35.7403, 90.9921, 0, 1
1745405120.841, 5.350, 2.677, 1.4327, -1.1564, -1.7781, 0.7617, 35.7388, 90.9886, 0, 1
1745405120.920, 5.350, 2.677, 1.4327, -1.1564, -1.7781, 0.7624, 35.7386, 90.9857, 0, 1
1745405121.000, 5.350, 2.676, 1.4327, -1.1564, -1.7781, 0.7611, 35.7378, 90.9842, 0, 1
1745405121.080, 5.350, 2.675, 1.4327, -1.1564, -1.7781, 0.7589, 35.7381, 90.9857, 0, 1
1745405121.159, 5.350, 2.675, 1.4327, -1.1564, -1.7781, 0.7566, 35.7381, 90.9896, 0, 1
1745405121.239, 5.349, 2.674, 1.4327, -1.1564, -1.7781, 0.7548, 35.7378, 90.9943, 0, 1
1745405121.318, 5.349, 2.673, 1.4327, -1.1564, -1.7781, 0.7530, 35.7359, 90.9970, 0, 1
1745405121.398, 5.349, 2.672, 1.4327, -1.1564, -1.7781, 0.7519, 35.7343, 90.9999, 0, 1
1745405121.478, 5.349, 2.671, 1.4327, -1.1564, -1.7781, 0.7506, 35.7316, 91.0027, 0, 1
1745405121.557, 5.350, 2.671, 1.4327, -1.1564, -1.7781, 0.7508, 35.7295, 91.0031, 0, 1
1745405121.637, 5.350, 2.672, 1.4327, -1.1564, -1.7781, 0.7507, 35.7291, 91.0019, 0, 1
1745405121.717, 5.350, 2.672, 1.4327, -1.1564, -1.7781, 0.7519, 35.7300, 91.0018, 0, 1
1745405121.796, 5.350, 2.673, 1.4327, -1.1564, -1.7781, 0.7557, 35.7332, 91.0007, 0, 1
1745405121.876, 5.350, 2.673, 1.4327, -1.1564, -1.7781, 0.7582, 35.7351, 90.9976, 0, 1
1745405121.956, 5.350, 2.674, 1.4328, -1.1565, -1.7782, 0.7595, 35.7367, 90.9967, 0, 1
1745405122.035, 5.350, 2.674, 1.4328, -1.1564, -1.7781, 0.7600, 35.7377, 90.9966, 0, 1
1745405122.115, 5.350, 2.675, 1.4328, -1.1564, -1.7782, 0.7610, 35.7372, 90.9960, 0, 1
1745405122.195, 5.350, 2.675, 1.4328, -1.1565, -1.7782, 0.7611, 35.7347, 90.9958, 0, 1
1745405122.274, 5.349, 2.675, 1.4328, -1.1564, -1.7782, 0.7621, 35.7347, 90.9966, 0, 1
1745405122.354, 5.349, 2.677, 1.4328, -1.1565, -1.7782, 0.7642, 35.7342, 90.9950, 0, 1
1745405122.434, 5.348, 2.676, 1.4330, -1.1564, -1.7784, 0.7677, 35.7643, 90.9990, 0, 1
1745405122.513, 5.349, 2.675, 1.4337, -1.1564, -1.7795, 0.7739, 35.7775, 90.9951, 0, 1
1745405122.593, 5.349, 2.675, 1.4353, -1.1563, -1.7819, 0.8144, 35.7833, 90.9615, 0, 1
1745405122.672, 5.349, 2.676, 1.4383, -1.1562, -1.7862, 0.8613, 35.7829, 90.9273, 0, 1
1745405122.752, 5.349, 2.676, 1.4427, -1.1560, -1.7923, 0.9059, 35.7828, 90.8946, 0, 1
1745405122.832, 5.349, 2.680, 1.4482, -1.1558, -1.8000, 0.9473, 35.7538, 90.8557, 0, 1
1745405122.911, 5.348, 2.688, 1.4543, -1.1555, -1.8084, 0.9800, 35.7620, 90.8375, 0, 1
1745405122.991, 5.347, 2.699, 1.4605, -1.1553, -1.8169, 0.9721, 35.7957, 90.8537, 0, 1
1745405123.071, 5.347, 2.710, 1.4664, -1.1551, -1.8248, 0.9548, 35.8472, 90.8671, 0, 1
1745405123.150, 5.346, 2.721, 1.4719, -1.1550, -1.8321, 0.9362, 35.9019, 90.8771, 0, 1
1745405123.230, 5.345, 2.731, 1.4770, -1.1547, -1.8389, 0.9197, 35.9580, 90.8860, 0, 1
1745405123.310, 5.344, 2.741, 1.4819, -1.1545, -1.8455, 0.9181, 35.9912, 90.8730, 0, 1
1745405123.389, 5.343, 2.746, 1.4868, -1.1544, -1.8522, 0.9320, 36.0109, 90.8509, 0, 1
1745405123.469, 5.342, 2.752, 1.4918, -1.1541, -1.8590, 0.9600, 36.0221, 90.8187, 0, 1
1745405123.550, 5.341, 2.761, 1.4970, -1.1539, -1.8661, 0.9890, 36.0254, 90.7829, 0, 1
1745405123.628, 5.340, 2.768, 1.5023, -1.1537, -1.8734, 1.0217, 36.0184, 90.7434, 0, 1
1745405123.708, 5.339, 2.777, 1.5077, -1.1535, -1.8808, 1.0473, 36.0120, 90.7244, 0, 1
1745405123.787, 5.338, 2.786, 1.5131, -1.1532, -1.8880, 1.0492, 35.9999, 90.7206, 0, 1
1745405123.867, 5.337, 2.796, 1.5185, -1.1531, -1.8952, 1.0132, 35.9773, 90.7519, 0, 1
1745405123.947, 5.336, 2.804, 1.5239, -1.1529, -1.9021, 0.9531, 35.9561, 90.8004, 0, 1
1745405124.026, 5.336, 2.814, 1.5292, -1.1529, -1.9090, 0.8811, 35.9359, 90.8591, 0, 1
1745405124.106, 5.335, 2.823, 1.5346, -1.1527, -1.9159, 0.8086, 35.9112, 90.9023, 0, 1
1745405124.186, 5.335, 2.833, 1.5400, -1.1524, -1.9229, 0.7517, 35.8770, 90.9458, 0, 1
1745405124.265, 5.334, 2.843, 1.5453, -1.1523, -1.9301, 0.7406, 35.8534, 90.9607, 0, 1
1745405124.345, 5.334, 2.853, 1.5505, -1.1521, -1.9374, 0.7709, 35.8177, 90.9472, 0, 1
1745405124.425, 5.334, 2.863, 1.5557, -1.1517, -1.9447, 0.8309, 35.7842, 90.9108, 0, 1
1745405124.506, 5.333, 2.871, 1.5608, -1.1515, -1.9520, 0.8985, 35.7494, 90.8693, 0, 1
1745405124.584, 5.333, 2.878, 1.5658, -1.1514, -1.9591, 0.9607, 35.7303, 90.8209, 0, 1
1745405124.663, 5.332, 2.884, 1.5709, -1.1511, -1.9662, 1.0008, 35.7081, 90.7847, 0, 1
1745405124.743, 5.332, 2.893, 1.5760, -1.1508, -1.9732, 1.0255, 35.7123, 90.7647, 0, 1
1745405124.823, 5.331, 2.900, 1.5812, -1.1507, -1.9803, 1.0212, 35.7263, 90.7779, 0, 1
1745405124.902, 5.331, 2.909, 1.5865, -1.1506, -1.9874, 0.9982, 35.7573, 90.8117, 0, 1
1745405124.982, 5.331, 2.919, 1.5919, -1.1504, -1.9946, 0.9653, 35.7931, 90.8488, 0, 1
1745405125.062, 5.330, 2.929, 1.5974, -1.1502, -2.0018, 0.9329, 35.8306, 90.8828, 0, 1
1745405125.141, 5.329, 2.937, 1.6028, -1.1501, -2.0090, 0.9070, 35.8554, 90.9139, 0, 1
1745405125.221, 5.328, 2.947, 1.6081, -1.1499, -2.0162, 0.8944, 35.8662, 90.9241, 0, 1
1745405125.301, 5.327, 2.956, 1.6132, -1.1497, -2.0232, 0.9146, 35.8692, 90.9140, 0, 1
1745405125.380, 5.326, 2.965, 1.6182, -1.1494, -2.0301, 0.9369, 35.8611, 90.8960, 0, 1
1745405125.460, 5.326, 2.974, 1.6232, -1.1491, -2.0369, 0.9595, 35.8495, 90.8786, 0, 1
1745405125.540, 5.325, 2.983, 1.6281, -1.1488, -2.0437, 0.9851, 35.8365, 90.8636, 0, 1
1745405125.619, 5.324, 2.991, 1.6330, -1.1486, -2.0503, 1.0030, 35.8312, 90.8588, 0, 1
1745405125.699, 5.324, 3.000, 1.6380, -1.1484, -2.0569, 0.9870, 35.8249, 90.8729, 0, 1
1745405125.779, 5.323, 3.006, 1.6429, -1.1482, -2.0634, 0.9578, 35.8147, 90.9111, 0, 1
1745405125.861, 5.322, 3.015, 1.6478, -1.1480, -2.0699, 0.9063, 35.8003, 90.9664, 0, 1
1745405125.938, 5.322, 3.023, 1.6528, -1.1479, -2.0762, 0.8467, 35.7888, 91.0216, 0, 1
1745405126.018, 5.322, 3.032, 1.6577, -1.1477, -2.0827, 0.7894, 35.7717, 91.0722, 0, 1
1745405126.097, 5.321, 3.041, 1.6627, -1.1475, -2.0893, 0.7451, 35.7543, 91.1063, 0, 1
1745405126.177, 5.321, 3.050, 1.6676, -1.1473, -2.0960, 0.7283, 35.7424, 91.1187, 0, 1
1745405126.258, 5.321, 3.057, 1.6724, -1.1472, -2.1026, 0.7472, 35.7316, 91.1054, 0, 1
1745405126.336, 5.321, 3.065, 1.6770, -1.1470, -2.1092, 0.7802, 35.7126, 91.0821, 0, 1
1745405126.416, 5.320, 3.073, 1.6816, -1.1468, -2.1156, 0.8296, 35.6998, 91.0423, 0, 1
1745405126.495, 5.319, 3.080, 1.6860, -1.1467, -2.1218, 0.8838, 35.6791, 91.0011, 0, 1
1745405126.575, 5.318, 3.087, 1.6902, -1.1464, -2.1278, 0.9379, 35.6555, 90.9571, 0, 1
1745405126.655, 5.317, 3.095, 1.6944, -1.1462, -2.1337, 0.9809, 35.6450, 90.9236, 0, 1
1745405126.734, 5.316, 3.104, 1.6986, -1.1460, -2.1396, 1.0082, 35.6497, 90.9005, 0, 1
1745405126.814, 5.316, 3.110, 1.7028, -1.1459, -2.1453, 1.0154, 35.6614, 90.9006, 0, 1
1745405126.894, 5.316, 3.117, 1.7069, -1.1457, -2.1510, 1.0108, 35.6894, 90.9126, 0, 1
1745405126.973, 5.315, 3.125, 1.7111, -1.1456, -2.1566, 0.9920, 35.7214, 90.9374, 0, 1
1745405127.053, 5.314, 3.133, 1.7153, -1.1454, -2.1622, 0.9660, 35.7479, 90.9549, 0, 1
1745405127.133, 5.313, 3.138, 1.7195, -1.1453, -2.1678, 0.9361, 35.7770, 90.9715, 0, 1
1745405127.212, 5.313, 3.145, 1.7238, -1.1451, -2.1736, 0.9154, 35.7994, 90.9791, 0, 1
1745405127.292, 5.311, 3.153, 1.7280, -1.1450, -2.1793, 0.9008, 35.8118, 90.9833, 0, 1
1745405127.371, 5.311, 3.160, 1.7322, -1.1448, -2.1850, 0.9006, 35.8172, 90.9793, 0, 1
1745405127.451, 5.311, 3.166, 1.7363, -1.1447, -2.1906, 0.9220, 35.8187, 90.9719, 0, 1
1745405127.531, 5.311, 3.174, 1.7402, -1.1444, -2.1961, 0.9584, 35.8096, 90.9616, 0, 1
1745405127.610, 5.310, 3.180, 1.7442, -1.1442, -2.2017, 0.9861, 35.8054, 90.9565, 0, 1
1745405127.690, 5.309, 3.185, 1.7482, -1.1440, -2.2072, 1.0053, 35.8009, 90.9568, 0, 1
1745405127.770, 5.308, 3.191, 1.7523, -1.1438, -2.2128, 1.0245, 35.7938, 90.9536, 0, 1
1745405127.849, 5.307, 3.199, 1.7564, -1.1435, -2.2183, 1.0326, 35.7882, 90.9588, 0, 1
1745405127.929, 5.306, 3.207, 1.7605, -1.1432, -2.2238, 1.0248, 35.7793, 90.9819, 0, 1
1745405128.009, 5.305, 3.213, 1.7646, -1.1431, -2.2292, 1.0035, 35.7607, 91.0154, 0, 1
1745405128.088, 5.303, 3.221, 1.7686, -1.1429, -2.2345, 0.9591, 35.7415, 91.0708, 0, 1
1745405128.168, 5.303, 3.228, 1.7726, -1.1428, -2.2397, 0.8963, 35.7279, 91.1386, 0, 1
1745405128.248, 5.303, 3.233, 1.7767, -1.1427, -2.2449, 0.8247, 35.7038, 91.2069, 0, 1
1745405128.327, 5.303, 3.238, 1.7808, -1.1425, -2.2502, 0.7515, 35.6868, 91.2632, 0, 1
1745405128.407, 5.304, 3.246, 1.7848, -1.1424, -2.2555, 0.7032, 35.6630, 91.3000, 0, 1
1745405128.487, 5.304, 3.253, 1.7888, -1.1423, -2.2609, 0.6895, 35.6366, 91.3035, 0, 1
1745405128.568, 5.305, 3.260, 1.7928, -1.1421, -2.2664, 0.6976, 35.6123, 91.2965, 0, 1
1745405128.646, 5.305, 3.269, 1.7967, -1.1420, -2.2719, 0.7237, 35.5912, 91.2778, 0, 1
1745405128.725, 5.304, 3.277, 1.8005, -1.1419, -2.2774, 0.7701, 35.5719, 91.2534, 0, 1
1745405128.805, 5.303, 3.284, 1.8042, -1.1417, -2.2827, 0.8312, 35.5559, 91.2163, 0, 1
1745405128.885, 5.302, 3.291, 1.8077, -1.1415, -2.2878, 0.9014, 35.5353, 91.1687, 0, 1
1745405128.964, 5.301, 3.297, 1.8111, -1.1413, -2.2927, 0.9684, 35.5232, 91.1126, 0, 1
1745405129.044, 5.300, 3.302, 1.8144, -1.1411, -2.2975, 1.0322, 35.5079, 91.0516, 0, 1
1745405129.124, 5.300, 3.308, 1.8177, -1.1408, -2.3023, 1.0849, 35.4868, 91.0011, 0, 1
1745405129.203, 5.300, 3.314, 1.8211, -1.1406, -2.3071, 1.1091, 35.4898, 90.9741, 0, 1
1745405129.283, 5.299, 3.319, 1.8247, -1.1405, -2.3120, 1.1235, 35.5075, 90.9625, 0, 1
1745405129.363, 5.299, 3.325, 1.8283, -1.1403, -2.3170, 1.1272, 35.5251, 90.9576, 0, 1
1745405129.442, 5.299, 3.331, 1.8320, -1.1401, -2.3220, 1.1154, 35.5677, 90.9694, 0, 1
1745405129.522, 5.299, 3.338, 1.8358, -1.1400, -2.3271, 1.0993, 35.6195, 90.9800, 0, 1
1745405129.602, 5.297, 3.344, 1.8395, -1.1398, -2.3321, 1.0755, 35.6606, 90.9865, 0, 1
1745405129.681, 5.297, 3.350, 1.8433, -1.1397, -2.3371, 1.0345, 35.7068, 91.0022, 0, 1
1745405129.761, 5.296, 3.355, 1.8470, -1.1396, -2.3421, 1.0063, 35.7441, 91.0088, 0, 1
1745405129.840, 5.295, 3.363, 1.8508, -1.1395, -2.3470, 0.9833, 35.7645, 91.0147, 0, 1
1745405129.920, 5.293, 3.369, 1.8544, -1.1393, -2.3520, 0.9698, 35.7760, 91.0090, 0, 1
1745405130.000, 5.293, 3.376, 1.8581, -1.1392, -2.3570, 0.9694, 35.7903, 91.0029, 0, 1
1745405130.079, 5.293, 3.382, 1.8615, -1.1390, -2.3619, 0.9994, 35.7963, 90.9844, 0, 1
1745405130.159, 5.292, 3.388, 1.8650, -1.1388, -2.3667, 1.0234, 35.8089, 90.9831, 0, 1
1745405130.239, 5.292, 3.394, 1.8686, -1.1386, -2.3716, 1.0412, 35.8318, 90.9809, 0, 1
1745405130.318, 5.291, 3.399, 1.8723, -1.1385, -2.3766, 1.0481, 35.8526, 90.9885, 0, 1
1745405130.398, 5.290, 3.405, 1.8759, -1.1383, -2.3817, 1.0626, 35.8644, 90.9922, 0, 1
1745405130.478, 5.290, 3.412, 1.8797, -1.1381, -2.3867, 1.0641, 35.8687, 91.0029, 0, 1
1745405130.557, 5.289, 3.419, 1.8833, -1.1380, -2.3916, 1.0624, 35.8713, 91.0126, 0, 1
1745405130.637, 5.289, 3.426, 1.8867, -1.1378, -2.3961, 1.0619, 35.8488, 91.0287, 0, 1
1745405130.717, 5.288, 3.432, 1.8898, -1.1377, -2.4004, 1.0587, 35.8337, 91.0453, 0, 1
1745405130.796, 5.288, 3.438, 1.8928, -1.1376, -2.4043, 1.0294, 35.8192, 91.0832, 0, 1
1745405130.876, 5.288, 3.442, 1.8957, -1.1374, -2.4080, 0.9838, 35.8059, 91.1288, 0, 1
1745405130.955, 5.288, 3.447, 1.8985, -1.1373, -2.4116, 0.9285, 35.7878, 91.1868, 0, 1
1745405131.037, 5.289, 3.452, 1.9013, -1.1372, -2.4151, 0.8723, 35.7807, 91.2454, 0, 1
1745405131.115, 5.289, 3.456, 1.9041, -1.1371, -2.4186, 0.8176, 35.7617, 91.3075, 0, 1
1745405131.194, 5.289, 3.460, 1.9069, -1.1370, -2.4223, 0.7842, 35.7314, 91.3414, 0, 1
1745405131.274, 5.289, 3.463, 1.9097, -1.1369, -2.4261, 0.7512, 35.7097, 91.3794, 0, 1
1745405131.354, 5.289, 3.468, 1.9127, -1.1368, -2.4301, 0.7364, 35.6726, 91.3980, 0, 1
1745405131.435, 5.288, 3.474, 1.9156, -1.1366, -2.4340, 0.7258, 35.6481, 91.4121, 0, 1
1745405131.513, 5.288, 3.479, 1.9184, -1.1365, -2.4379, 0.7297, 35.6255, 91.4154, 0, 1
1745405131.593, 5.287, 3.485, 1.9211, -1.1364, -2.4417, 0.7307, 35.6178, 91.4301, 0, 1
1745405131.672, 5.288, 3.491, 1.9238, -1.1362, -2.4454, 0.7447, 35.6074, 91.4350, 0, 1
1745405131.752, 5.288, 3.496, 1.9264, -1.1360, -2.4491, 0.7635, 35.6187, 91.4331, 0, 1
1745405131.832, 5.288, 3.500, 1.9289, -1.1359, -2.4527, 0.7927, 35.6128, 91.4249, 0, 1
1745405131.911, 5.287, 3.504, 1.9315, -1.1358, -2.4564, 0.8222, 35.6117, 91.4161, 0, 1
1745405131.991, 5.287, 3.508, 1.9340, -1.1356, -2.4601, 0.8591, 35.6040, 91.3980, 0, 1
1745405132.190, 5.287, 3.514, 1.9374, -1.1353, -2.4649, 0.8962, 35.5817, 91.3704, 0, 1
1745405132.270, 5.286, 3.519, 1.9408, -1.1351, -2.4696, 0.9231, 35.5566, 91.3553, 0, 1
1745405132.349, 5.285, 3.525, 1.9442, -1.1350, -2.4744, 0.9383, 35.5426, 91.3489, 0, 1
1745405132.429, 5.285, 3.531, 1.9477, -1.1348, -2.4791, 0.9406, 35.5327, 91.3558, 0, 1
1745405132.508, 5.284, 3.537, 1.9512, -1.1346, -2.4838, 0.9395, 35.5263, 91.3674, 0, 1
1745405132.588, 5.283, 3.541, 1.9537, -1.1345, -2.4873, 0.9249, 35.5303, 91.3903, 0, 1
1745405132.668, 5.282, 3.545, 1.9564, -1.1343, -2.4909, 0.9108, 35.5432, 91.4042, 0, 1
1745405132.747, 5.282, 3.549, 1.9591, -1.1342, -2.4945, 0.8895, 35.5508, 91.4247, 0, 1
1745405132.827, 5.282, 3.553, 1.9619, -1.1341, -2.4982, 0.8687, 35.5582, 91.4350, 0, 1
1745405132.907, 5.282, 3.557, 1.9648, -1.1340, -2.5020, 0.8347, 35.5751, 91.4581, 0, 1
1745405132.987, 5.282, 3.562, 1.9678, -1.1339, -2.5059, 0.8049, 35.5863, 91.4832, 0, 1
1745405135.475, 5.280, 3.589, 1.9818, -1.1332, -2.5247, 0.7199, 35.5530, 91.5160, 0, 1
1745405135.555, 5.278, 3.613, 1.9952, -1.1325, -2.5426, 0.6455, 35.5249, 91.5359, 0, 1
1745405135.635, 5.276, 3.638, 2.0079, -1.1318, -2.5597, 0.5759, 35.4972, 91.5557, 0, 1
1745405135.714, 5.275, 3.661, 2.0195, -1.1313, -2.5754, 0.5187, 35.4653, 91.5636, 0, 1
1745405135.794, 5.273, 3.683, 2.0297, -1.1307, -2.5893, 0.4865, 35.4454, 91.5561, 0, 1
1745405135.874, 5.273, 3.682, 2.0271, -1.1310, -2.5860, 0.5414, 35.4579, 91.5221, 0, 1
1745405135.953, 5.274, 3.681, 2.0233, -1.1313, -2.5811, 0.6062, 35.4602, 91.4856, 0, 1
1745405136.033, 5.274, 3.677, 2.0183, -1.1315, -2.5746, 0.6634, 35.4492, 91.4550, 0, 1
1745405136.112, 5.274, 3.671, 2.0127, -1.1318, -2.5671, 0.7152, 35.4319, 91.4337, 0, 1
1745405136.192, 5.274, 3.663, 2.0071, -1.1320, -2.5596, 0.7641, 35.4000, 91.4214, 0, 1
1745405136.272, 5.275, 3.654, 2.0019, -1.1321, -2.5526, 0.7912, 35.3569, 91.4298, 0, 1
1745405136.351, 5.277, 3.644, 1.9974, -1.1323, -2.5464, 0.7886, 35.3190, 91.4446, 0, 1
1745405136.431, 5.279, 3.637, 1.9932, -1.1324, -2.5407, 0.7885, 35.2828, 91.4590, 0, 1
1745405136.511, 5.281, 3.628, 1.9894, -1.1326, -2.5354, 0.7904, 35.2438, 91.4712, 0, 1
1745405136.590, 5.282, 3.621, 1.9855, -1.1328, -2.5299, 0.7774, 35.2141, 91.4843, 0, 1
1745405136.670, 5.283, 3.615, 1.9814, -1.1331, -2.5241, 0.7493, 35.1885, 91.5078, 0, 1
1745405136.750, 5.283, 3.608, 1.9770, -1.1333, -2.5179, 0.7516, 35.1611, 91.5223, 0, 1
1745405136.829, 5.284, 3.600, 1.9725, -1.1336, -2.5117, 0.7669, 35.1401, 91.5220, 0, 1
1745405136.909, 5.285, 3.593, 1.9679, -1.1338, -2.5055, 0.7879, 35.1202, 91.5088, 0, 1
1745405136.989, 5.285, 3.585, 1.9634, -1.1340, -2.4994, 0.8135, 35.1151, 91.4904, 0, 1
1745405137.068, 5.286, 3.578, 1.9590, -1.1342, -2.4934, 0.8532, 35.1254, 91.4522, 0, 1
1745405137.148, 5.287, 3.569, 1.9546, -1.1345, -2.4875, 0.8896, 35.1535, 91.4119, 0, 1
1745405137.227, 5.287, 3.562, 1.9503, -1.1347, -2.4816, 0.9140, 35.1795, 91.3800, 0, 1
1745405137.307, 5.287, 3.555, 1.9459, -1.1349, -2.4756, 0.9304, 35.2062, 91.3638, 0, 1
1745405137.387, 5.288, 3.549, 1.9415, -1.1351, -2.4695, 0.9200, 35.2350, 91.3598, 0, 1
1745405137.466, 5.288, 3.542, 1.9372, -1.1354, -2.4634, 0.8848, 35.2611, 91.3704, 0, 1
1745405137.546, 5.288, 3.535, 1.9328, -1.1357, -2.4572, 0.8419, 35.2700, 91.3907, 0, 1
1745405137.626, 5.288, 3.527, 1.9286, -1.1359, -2.4511, 0.7961, 35.2722, 91.4045, 0, 1
1745405137.705, 5.289, 3.519, 1.9245, -1.1362, -2.4453, 0.7545, 35.2774, 91.4098, 0, 1
1745405137.785, 5.289, 3.510, 1.9210, -1.1364, -2.4404, 0.7358, 35.2610, 91.3977, 0, 1
1745405137.865, 5.290, 3.502, 1.9184, -1.1365, -2.4368, 0.7340, 35.2445, 91.3856, 0, 1
1745405137.944, 5.290, 3.496, 1.9167, -1.1365, -2.4344, 0.7358, 35.2352, 91.3686, 0, 1
1745405138.024, 5.291, 3.491, 1.9158, -1.1366, -2.4332, 0.7430, 35.2385, 91.3590, 0, 1
1745405138.104, 5.292, 3.488, 1.9156, -1.1366, -2.4329, 0.7518, 35.2419, 91.3505, 0, 1
1745405138.183, 5.292, 3.488, 1.9156, -1.1366, -2.4329, 0.7592, 35.2531, 91.3491, 0, 1
1745405138.263, 5.292, 3.488, 1.9157, -1.1366, -2.4330, 0.7646, 35.2593, 91.3448, 0, 1
1745405138.343, 5.292, 3.488, 1.9157, -1.1366, -2.4330, 0.7682, 35.2637, 91.3443, 0, 1
1745405138.422, 5.292, 3.488, 1.9157, -1.1367, -2.4330, 0.7717, 35.2662, 91.3449, 0, 1
1745405138.502, 5.292, 3.489, 1.9157, -1.1367, -2.4331, 0.7725, 35.2668, 91.3477, 0, 1
1745405138.581, 5.292, 3.488, 1.9157, -1.1367, -2.4331, 0.7741, 35.2668, 91.3508, 0, 1
1745405138.661, 5.291, 3.488, 1.9157, -1.1367, -2.4331, 0.7752, 35.2655, 91.3547, 0, 1
1745405138.741, 5.291, 3.487, 1.9157, -1.1367, -2.4331, 0.7737, 35.2655, 91.3565, 0, 1
1745405138.820, 5.291, 3.488, 1.9157, -1.1367, -2.4331, 0.7736, 35.2647, 91.3585, 0, 1
1745405138.900, 5.291, 3.486, 1.9157, -1.1367, -2.4331, 0.7736, 35.2640, 91.3574, 0, 1
1745405138.980, 5.291, 3.486, 1.9157, -1.1367, -2.4331, 0.7724, 35.2645, 91.3585, 0, 1
1745405139.059, 5.292, 3.487, 1.9158, -1.1367, -2.4331, 0.7732, 35.2661, 91.3566, 0, 1
1745405139.139, 5.291, 3.487, 1.9158, -1.1367, -2.4331, 0.7760, 35.2664, 91.3551, 0, 1
1745405139.219, 5.291, 3.486, 1.9158, -1.1367, -2.4331, 0.7760, 35.2674, 91.3562, 0, 1
1745405139.298, 5.291, 3.487, 1.9158, -1.1367, -2.4331, 0.7768, 35.2674, 91.3583, 0, 1
1745405139.378, 5.291, 3.486, 1.9158, -1.1367, -2.4332, 0.7772, 35.2661, 91.3586, 0, 1
1745405139.457, 5.291, 3.486, 1.9158, -1.1367, -2.4332, 0.7783, 35.2648, 91.3603, 0, 1
1745405139.537, 5.291, 3.486, 1.9158, -1.1367, -2.4332, 0.7805, 35.2623, 91.3604, 0, 1
1745405139.617, 5.291, 3.486, 1.9158, -1.1367, -2.4332, 0.7850, 35.2596, 91.3587, 0, 1
1745405139.696, 5.290, 3.485, 1.9159, -1.1367, -2.4334, 0.7861, 35.2584, 91.3599, 0, 1
1745405139.776, 5.290, 3.486, 1.9165, -1.1367, -2.4341, 0.7878, 35.2586, 91.3688, 0, 1
1745405139.856, 5.290, 3.487, 1.9176, -1.1367, -2.4357, 0.7819, 35.2566, 91.3875, 0, 1
1745405139.935, 5.290, 3.487, 1.9195, -1.1366, -2.4384, 0.7832, 35.2483, 91.4023, 0, 1
1745405140.015, 5.290, 3.488, 1.9223, -1.1364, -2.4424, 0.7825, 35.2462, 91.4203, 0, 1
1745405140.095, 5.290, 3.492, 1.9258, -1.1363, -2.4473, 0.8004, 35.2464, 91.4273, 0, 1
1745405140.174, 5.290, 3.497, 1.9295, -1.1361, -2.4528, 0.8344, 35.2383, 91.4163, 0, 1
1745405140.254, 5.290, 3.502, 1.9332, -1.1359, -2.4582, 0.8746, 35.2450, 91.3931, 0, 1
1745405140.334, 5.290, 3.509, 1.9369, -1.1356, -2.4635, 0.9090, 35.2546, 91.3780, 0, 1
1745405140.413, 5.290, 3.515, 1.9402, -1.1354, -2.4685, 0.9440, 35.2548, 91.3574, 0, 1
1745405140.493, 5.289, 3.522, 1.9437, -1.1351, -2.4734, 0.9587, 35.2480, 91.3464, 0, 1
1745405140.573, 5.289, 3.528, 1.9475, -1.1349, -2.4787, 0.9537, 35.2511, 91.3466, 0, 1
1745405140.654, 5.289, 3.534, 1.9517, -1.1346, -2.4843, 0.9388, 35.2495, 91.3588, 0, 1
1745405140.851, 5.287, 3.542, 1.9575, -1.1344, -2.4921, 0.8956, 35.2584, 91.3888, 0, 1
1745405140.931, 5.286, 3.549, 1.9634, -1.1342, -2.5001, 0.8494, 35.2750, 91.4247, 0, 1
1745405141.011, 5.286, 3.559, 1.9693, -1.1339, -2.5081, 0.8089, 35.2951, 91.4610, 0, 1
1745405141.090, 5.285, 3.568, 1.9750, -1.1337, -2.5159, 0.7769, 35.2999, 91.4863, 0, 1
1745405141.170, 5.284, 3.579, 1.9807, -1.1335, -2.5237, 0.7570, 35.2995, 91.4924, 0, 1
1745405141.250, 5.284, 3.586, 1.9848, -1.1332, -2.5295, 0.7820, 35.2931, 91.4774, 0, 1
1745405141.329, 5.282, 3.595, 1.9889, -1.1330, -2.5353, 0.7942, 35.2851, 91.4598, 0, 1
1745405141.409, 5.281, 3.602, 1.9933, -1.1328, -2.5413, 0.7993, 35.2804, 91.4386, 0, 1
1745405141.488, 5.281, 3.610, 1.9977, -1.1325, -2.5474, 0.8031, 35.2785, 91.4205, 0, 1
1745405141.568, 5.280, 3.617, 2.0020, -1.1322, -2.5535, 0.8070, 35.2709, 91.4108, 0, 1
1745405141.648, 5.279, 3.625, 2.0065, -1.1320, -2.5595, 0.7874, 35.2608, 91.4085, 0, 1
1745405141.727, 5.278, 3.633, 2.0109, -1.1318, -2.5654, 0.7733, 35.2439, 91.4104, 0, 1
1745405141.807, 5.277, 3.641, 2.0152, -1.1315, -2.5712, 0.7298, 35.2179, 91.4448, 0, 1
1745405141.887, 5.276, 3.649, 2.0195, -1.1313, -2.5769, 0.6648, 35.2014, 91.4904, 0, 1
1745405141.966, 5.275, 3.656, 2.0239, -1.1311, -2.5826, 0.5822, 35.1731, 91.5429, 0, 1
1745405142.046, 5.275, 3.664, 2.0285, -1.1308, -2.5886, 0.5016, 35.1484, 91.5867, 0, 1
1745405142.126, 5.275, 3.671, 2.0331, -1.1305, -2.5947, 0.4366, 35.1236, 91.6225, 0, 1
1745405142.205, 5.275, 3.678, 2.0376, -1.1303, -2.6008, 0.4094, 35.0962, 91.6260, 0, 1
1745405142.285, 5.274, 3.686, 2.0421, -1.1300, -2.6069, 0.4044, 35.0709, 91.6264, 0, 1
1745405142.364, 5.275, 3.691, 2.0463, -1.1298, -2.6130, 0.4332, 35.0696, 91.6095, 0, 1
1745405142.444, 5.274, 3.699, 2.0505, -1.1296, -2.6190, 0.4716, 35.0634, 91.5924, 0, 1
1745405142.524, 5.274, 3.707, 2.0544, -1.1294, -2.6249, 0.5201, 35.0560, 91.5624, 0, 1
1745405142.603, 5.275, 3.715, 2.0585, -1.1292, -2.6308, 0.5718, 35.0577, 91.5277, 0, 1
1745405142.683, 5.275, 3.723, 2.0626, -1.1290, -2.6368, 0.6146, 35.0607, 91.4972, 0, 1
1745405142.763, 5.273, 3.731, 2.0668, -1.1288, -2.6428, 0.6342, 35.0596, 91.4874, 0, 1
1745405142.842, 5.273, 3.737, 2.0712, -1.1285, -2.6489, 0.6473, 35.0556, 91.4748, 0, 1
1745405142.922, 5.272, 3.745, 2.0757, -1.1283, -2.6552, 0.6347, 35.0687, 91.4853, 0, 1
1745405143.002, 5.271, 3.753, 2.0803, -1.1281, -2.6616, 0.6074, 35.0897, 91.5073, 0, 1
1745405143.081, 5.270, 3.760, 2.0851, -1.1280, -2.6680, 0.5668, 35.1087, 91.5335, 0, 1
1745405143.161, 5.270, 3.767, 2.0896, -1.1278, -2.6741, 0.5229, 35.1185, 91.5547, 0, 1
1745405143.241, 5.269, 3.776, 2.0935, -1.1276, -2.6793, 0.4769, 35.1372, 91.5792, 0, 1
1745405143.320, 5.268, 3.784, 2.0963, -1.1275, -2.6831, 0.4379, 35.1401, 91.6020, 0, 1
1745405143.400, 5.268, 3.790, 2.0983, -1.1274, -2.6857, 0.4067, 35.1369, 91.6213, 0, 1
1745405143.480, 5.267, 3.796, 2.0992, -1.1273, -2.6869, 0.3931, 35.1316, 91.6326, 0, 1
1745405143.559, 5.267, 3.801, 2.0993, -1.1273, -2.6871, 0.3842, 35.1294, 91.6426, 0, 1
1745405143.639, 5.267, 3.803, 2.0993, -1.1273, -2.6870, 0.3789, 35.1256, 91.6519, 0, 1
1745405143.719, 5.267, 3.803, 2.0993, -1.1274, -2.6870, 0.3762, 35.1268, 91.6559, 0, 1
1745405143.798, 5.266, 3.803, 2.0993, -1.1274, -2.6870, 0.3753, 35.1266, 91.6592, 0, 1
1745405143.878, 5.266, 3.803, 2.0994, -1.1274, -2.6871, 0.3759, 35.1265, 91.6610, 0, 1
1745405143.957, 5.266, 3.803, 2.0994, -1.1274, -2.6871, 0.3784, 35.1265, 91.6617, 0, 1
1745405144.037, 5.266, 3.803, 2.0994, -1.1274, -2.6872, 0.3777, 35.1269, 91.6656, 0, 1
1745405144.117, 5.266, 3.803, 2.0994, -1.1274, -2.6872, 0.3769, 35.1271, 91.6705, 0, 1
1745405144.196, 5.267, 3.803, 2.0994, -1.1274, -2.6872, 0.3745, 35.1267, 91.6741, 0, 1
1745405144.276, 5.267, 3.803, 2.0994, -1.1274, -2.6872, 0.3696, 35.1264, 91.6765, 0, 1
1745405144.356, 5.267, 3.802, 2.0994, -1.1274, -2.6872, 0.3666, 35.1265, 91.6784, 0, 1
1745405144.435, 5.267, 3.802, 2.0995, -1.1274, -2.6872, 0.3628, 35.1246, 91.6832, 0, 1
1745405144.515, 5.267, 3.802, 2.0995, -1.1274, -2.6873, 0.3605, 35.1225, 91.6845, 0, 1
1745405144.595, 5.266, 3.803, 2.0995, -1.1274, -2.6873, 0.3582, 35.1194, 91.6869, 0, 1
1745405144.674, 5.266, 3.803, 2.0995, -1.1274, -2.6873, 0.3569, 35.1173, 91.6898, 0, 1
1745405144.754, 5.267, 3.802, 2.0995, -1.1275, -2.6874, 0.3543, 35.1152, 91.6927, 0, 1
1745405144.833, 5.267, 3.803, 2.0995, -1.1275, -2.6874, 0.3538, 35.1140, 91.6912, 0, 1
1745405144.913, 5.267, 3.802, 2.0995, -1.1275, -2.6874, 0.3513, 35.1134, 91.6932, 0, 1
1745405144.993, 5.267, 3.801, 2.0995, -1.1275, -2.6874, 0.3509, 35.1139, 91.6939, 0, 1
1745405145.072, 5.267, 3.801, 2.0996, -1.1275, -2.6875, 0.3511, 35.1146, 91.6946, 0, 1
1745405145.152, 5.266, 3.802, 2.0996, -1.1275, -2.6875, 0.3525, 35.1152, 91.6952, 0, 1
1745405145.232, 5.266, 3.802, 2.0996, -1.1275, -2.6875, 0.3533, 35.1162, 91.6977, 0, 1
1745405145.311, 5.266, 3.802, 2.0997, -1.1276, -2.6875, 0.3562, 35.1155, 91.6988, 0, 1
1745405145.391, 5.266, 3.803, 2.0997, -1.1276, -2.6876, 0.3567, 35.1153, 91.7005, 0, 1
1745405145.471, 5.266, 3.803, 2.0997, -1.1275, -2.6876, 0.3562, 35.1164, 91.7036, 0, 1
1745405145.550, 5.266, 3.803, 2.0996, -1.1275, -2.6876, 0.3543, 35.1165, 91.7063, 0, 1
1745405145.630, 5.266, 3.803, 2.0997, -1.1275, -2.6876, 0.3518, 35.1165, 91.7078, 0, 1
1745405145.710, 5.266, 3.803, 2.0997, -1.1275, -2.6876, 0.3474, 35.1165, 91.7099, 0, 1
1745405145.789, 5.266, 3.803, 2.0997, -1.1276, -2.6876, 0.3443, 35.1145, 91.7116, 0, 1
1745405145.869, 5.266, 3.803, 2.0997, -1.1276, -2.6877, 0.3425, 35.1114, 91.7121, 0, 1
1745405145.949, 5.266, 3.803, 2.0997, -1.1276, -2.6877, 0.3399, 35.1097, 91.7134, 1, 1
1745405146.028, 5.267, 3.803, 2.0998, -1.1276, -2.6877, 0.3374, 35.1074, 91.7151, 1, 1
1745405146.108, 5.267, 3.803, 2.0998, -1.1276, -2.6877, 0.3361, 35.1064, 91.7167, 1, 1
1745405146.187, 5.267, 3.803, 2.0998, -1.1276, -2.6877, 0.3348, 35.1075, 91.7178, 1, 1
