Timestamp,Distance_2(Z),Distance_3(X),X,Y,Z,Roll,Yaw,Pitch,CalibrationMode
1745404273.671,2.060,4.039,-0.1574,-1.1143,-4.9469,-0.2812,42.8693,92.1291,0
1745404273.750,2.061,4.037,-0.1574,-1.1143,-4.9469,-0.2916,42.8709,92.1315,0
1745404273.830,2.061,4.038,-0.1573,-1.1143,-4.9470,-0.2894,42.8717,92.1269,0
1745404273.909,2.061,4.038,-0.1574,-1.1143,-4.9470,-0.2846,42.8783,92.1309,0
1745404273.989,2.061,4.039,-0.1574,-1.1142,-4.9469,-0.2910,42.8768,92.1294,0
1745404274.069,2.063,4.040,-0.1573,-1.1142,-4.9469,-0.2866,42.8788,92.1266,0
1745404274.149,2.059,4.038,-0.1573,-1.1142,-4.9469,-0.2893,42.8778,92.1313,0
1745404274.228,2.062,4.039,-0.1573,-1.1142,-4.9468,-0.2913,42.8737,92.1409,0
1745404274.308,2.062,4.039,-0.1574,-1.1141,-4.9469,-0.2905,42.8754,92.1387,0
1745404274.387,2.061,4.038,-0.1574,-1.1143,-4.9469,-0.2845,42.8707,92.1361,0
1745404274.467,2.061,4.038,-0.1575,-1.1142,-4.9468,-0.2870,42.8688,92.1415,0
1745404274.547,2.062,4.038,-0.1573,-1.1142,-4.9467,-0.2828,42.8695,92.1301,0
1745404274.626,2.061,4.037,-0.1574,-1.1143,-4.9470,-0.2758,42.8708,92.1191,0
1745404274.706,2.061,4.037,-0.1573,-1.1142,-4.9467,-0.2964,42.8626,92.1401,0
1745404274.786,2.061,4.037,-0.1573,-1.1142,-4.9468,-0.2939,42.8629,92.1378,0
1745404274.865,2.060,4.038,-0.1573,-1.1142,-4.9469,-0.2843,42.8602,92.1248,0
1745404274.945,2.060,4.037,-0.1574,-1.1142,-4.9468,-0.2863,42.8601,92.1402,0
1745404275.024,2.060,4.039,-0.1573,-1.1142,-4.9467,-0.2908,42.8574,92.1485,0
1745404275.104,2.060,4.039,-0.1574,-1.1142,-4.9468,-0.2847,42.8659,92.1333,0
1745404275.184,2.060,4.038,-0.1574,-1.1142,-4.9467,-0.2857,42.8688,92.1363,0
1745404275.264,2.061,4.038,-0.1574,-1.1142,-4.9466,-0.2868,42.8660,92.1337,0
1745404275.343,2.061,4.038,-0.1573,-1.1142,-4.9467,-0.2777,42.8693,92.1154,0
1745404275.423,2.060,4.038,-0.1574,-1.1141,-4.9467,-0.2728,42.8763,92.1233,0
1745404275.503,2.060,4.038,-0.1573,-1.1142,-4.9466,-0.2864,42.8793,92.1345,0
1745404275.582,2.061,4.038,-0.1574,-1.1142,-4.9466,-0.2807,42.8759,92.1356,0
1745404275.662,2.061,4.038,-0.1573,-1.1142,-4.9466,-0.2851,42.8673,92.1377,0
1745404275.741,2.060,4.040,-0.1573,-1.1142,-4.9464,-0.2875,42.8711,92.1437,0
1745404275.821,2.062,4.038,-0.1580,-1.1142,-4.9461,-0.2811,42.9650,92.0555,0
1745404275.901,2.062,4.038,-0.1652,-1.1145,-4.9382,-0.4090,42.9565,92.1373,0
1745404275.980,2.061,4.037,-0.1822,-1.1152,-4.9193,-0.6382,42.8631,92.2760,0
1745404276.060,2.063,4.030,-0.2091,-1.1165,-4.8927,-0.2578,43.0086,92.0193,0
1745404276.140,2.061,4.002,-0.2395,-1.1154,-4.8597,-0.7662,42.8819,92.5664,0
1745404276.219,2.058,3.951,-0.2692,-1.1177,-4.8283,-0.3289,42.6088,92.2747,0
1745404276.299,2.058,3.951,-0.2951,-1.1202,-4.8014,-0.5805,42.5508,92.5184,0
1745404276.379,2.054,3.891,-0.3121,-1.1216,-4.7840,-0.4877,42.0377,92.3553,0
1745404276.458,2.049,3.840,-0.3154,-1.1210,-4.7807,-0.4433,41.7125,92.2534,0
1745404276.538,2.047,3.807,-0.3122,-1.1209,-4.7842,-0.4233,41.6707,92.2845,0
1745404276.618,2.044,3.803,-0.3069,-1.1203,-4.7899,-0.4430,41.5637,92.3232,0
1745404276.697,2.044,3.803,-0.3023,-1.1201,-4.7949,-0.3873,41.4622,92.2985,0
1745404276.777,2.043,3.814,-0.3003,-1.1203,-4.7976,-0.3333,41.4273,92.2494,0
1745404276.856,2.038,3.821,-0.3003,-1.1203,-4.7974,-0.3754,41.4327,92.2660,0
1745404276.936,2.040,3.826,-0.3006,-1.1202,-4.7973,-0.3700,41.4341,92.2603,0
1745404277.016,2.037,3.828,-0.3006,-1.1203,-4.7972,-0.3921,41.4311,92.2717,0
1745404277.095,2.037,3.828,-0.3007,-1.1204,-4.7973,-0.3879,41.4286,92.2666,0
1745404277.175,2.038,3.828,-0.3006,-1.1204,-4.7972,-0.3894,41.4228,92.2701,0
1745404277.255,2.038,3.828,-0.3007,-1.1203,-4.7972,-0.3897,41.4234,92.2694,0
1745404277.334,2.037,3.827,-0.3007,-1.1203,-4.7973,-0.3981,41.4326,92.2664,0
1745404277.414,2.038,3.825,-0.3007,-1.1204,-4.7974,-0.3971,41.4245,92.2590,0
1745404277.494,2.038,3.825,-0.3007,-1.1204,-4.7974,-0.4009,41.4275,92.2533,0
1745404277.573,2.037,3.825,-0.3007,-1.1204,-4.7974,-0.3968,41.4381,92.2401,0
1745404277.653,2.037,3.824,-0.3007,-1.1204,-4.7975,-0.3875,41.4424,92.2334,0
1745404277.734,2.038,3.824,-0.3007,-1.1204,-4.7974,-0.3970,41.4359,92.2476,0
1745404277.812,2.038,3.826,-0.3007,-1.1205,-4.7975,-0.4059,41.4307,92.2485,0
1745404277.892,2.038,3.826,-0.3007,-1.1204,-4.7974,-0.4025,41.4283,92.2481,0
1745404277.972,2.037,3.828,-0.3008,-1.1204,-4.7974,-0.3943,41.4286,92.2457,0
1745404278.051,2.038,3.824,-0.3008,-1.1204,-4.7974,-0.3923,41.4246,92.2391,0
1745404278.131,2.037,3.827,-0.3007,-1.1205,-4.7978,-0.3893,41.4264,92.2283,0
1745404278.210,2.037,3.824,-0.3008,-1.1204,-4.7976,-0.3953,41.4233,92.2399,0
1745404278.290,2.037,3.824,-0.3008,-1.1204,-4.7975,-0.4055,41.4134,92.2514,0
1745404278.370,2.038,3.828,-0.3008,-1.1204,-4.7975,-0.4034,41.4117,92.2501,0
1745404278.449,2.037,3.826,-0.3008,-1.1204,-4.7977,-0.3976,41.4058,92.2510,0
1745404278.529,2.037,3.828,-0.3007,-1.1205,-4.7976,-0.3969,41.4071,92.2478,0
1745404278.609,2.037,3.828,-0.3010,-1.1205,-4.7973,-0.4155,41.4451,92.2393,0
1745404278.688,2.037,3.825,-0.3041,-1.1205,-4.7939,-0.4280,41.3902,92.2200,0
1745404278.768,2.039,3.826,-0.3112,-1.1213,-4.7859,-0.4855,41.4631,92.1478,0
1745404278.848,2.045,3.821,-0.3220,-1.1211,-4.7741,-0.4650,41.3632,92.1405,0
1745404278.927,2.039,3.809,-0.3336,-1.1213,-4.7606,-0.5645,41.3033,92.1724,0
1745404279.007,2.047,3.809,-0.3463,-1.1220,-4.7473,-0.4103,41.2755,92.0655,0
1745404279.086,2.047,3.786,-0.3582,-1.1227,-4.7347,-0.2653,41.2854,92.0205,0
1745404279.166,2.043,3.764,-0.3692,-1.1235,-4.7223,-0.4009,41.2601,92.1434,0
1745404279.246,2.039,3.740,-0.3795,-1.1242,-4.7112,-0.2370,41.0862,92.1053,0
1745404279.325,2.037,3.720,-0.3889,-1.1247,-4.6998,-0.4607,40.9493,92.1714,0
1745404279.405,2.046,3.720,-0.3963,-1.1245,-4.6917,-0.4307,40.9439,92.1744,0
1745404279.485,2.046,3.699,-0.3970,-1.1245,-4.6905,-0.4863,40.9057,92.1596,0
1745404279.564,2.045,3.682,-0.3962,-1.1246,-4.6917,-0.4852,40.9349,92.1730,0
1745404279.644,2.048,3.677,-0.3947,-1.1246,-4.6933,-0.5308,40.9448,92.1912,0
1745404279.724,2.044,3.679,-0.3939,-1.1247,-4.6942,-0.5066,40.9311,92.1857,0
1745404279.803,2.046,3.679,-0.3938,-1.1246,-4.6944,-0.5161,40.9054,92.1933,0
1745404279.883,2.046,3.684,-0.3937,-1.1247,-4.6945,-0.5082,40.9035,92.1763,0
1745404279.963,2.045,3.686,-0.3938,-1.1247,-4.6944,-0.5100,40.8990,92.1659,0
1745404280.042,2.045,3.683,-0.3938,-1.1246,-4.6944,-0.4957,40.8948,92.1567,0
1745404280.122,2.046,3.686,-0.3938,-1.1246,-4.6945,-0.5010,40.8902,92.1571,0
1745404280.201,2.045,3.686,-0.3937,-1.1246,-4.6944,-0.5200,40.8853,92.1761,0
1745404280.281,2.045,3.685,-0.3937,-1.1246,-4.6944,-0.5035,40.8828,92.1635,0
1745404280.361,2.046,3.684,-0.3938,-1.1247,-4.6945,-0.4936,40.8786,92.1494,0
1745404280.441,2.047,3.682,-0.3937,-1.1247,-4.6945,-0.5013,40.8828,92.1526,0
1745404280.520,2.045,3.683,-0.3937,-1.1247,-4.6946,-0.4902,40.8865,92.1425,0
1745404280.600,2.045,3.683,-0.3930,-1.1247,-4.6954,-0.5001,40.9620,92.1295,0
1745404280.679,2.045,3.683,-0.3902,-1.1247,-4.6988,-0.4634,40.8821,92.1631,0
1745404280.759,2.046,3.682,-0.3849,-1.1247,-4.7050,-0.4411,40.8916,92.1786,0
1745404280.839,2.045,3.688,-0.3781,-1.1240,-4.7132,-0.3262,40.9493,92.0947,0
1745404280.918,2.048,3.700,-0.3703,-1.1227,-4.7212,-0.4416,41.0077,92.1054,0
1745404280.998,2.048,3.700,-0.3632,-1.1232,-4.7292,-0.3736,40.9603,92.0252,0
1745404281.078,2.048,3.713,-0.3568,-1.1228,-4.7366,-0.2994,40.9230,91.9844,0
1745404281.157,2.035,3.728,-0.3512,-1.1227,-4.7428,-0.3468,40.8993,91.9914,0
1745404281.237,2.041,3.740,-0.3460,-1.1223,-4.7484,-0.4085,40.8786,92.0052,0
1745404281.317,2.039,3.751,-0.3403,-1.1222,-4.7545,-0.4599,40.8885,92.0412,0
1745404281.396,2.039,3.751,-0.3347,-1.1220,-4.7608,-0.5061,40.8680,92.0660,0
1745404281.476,2.033,3.751,-0.3287,-1.1218,-4.7672,-0.5489,40.8023,92.1528,0
1745404281.555,2.040,3.771,-0.3226,-1.1213,-4.7742,-0.5279,40.8061,92.1235,0
1745404281.635,2.047,3.781,-0.3167,-1.1215,-4.7813,-0.4356,40.8207,92.1073,0
1745404281.715,2.044,3.793,-0.3108,-1.1209,-4.7878,-0.4488,40.7852,92.1497,0
1745404281.794,2.044,3.793,-0.3056,-1.1206,-4.7936,-0.4470,40.7695,92.2298,0
1745404281.874,2.041,3.807,-0.3002,-1.1203,-4.7998,-0.3803,40.7799,92.1755,0
1745404281.954,2.041,3.818,-0.2945,-1.1201,-4.8066,-0.3374,40.7397,92.1242,0
1745404282.033,2.040,3.827,-0.2884,-1.1194,-4.8133,-0.3437,40.7588,92.0885,0
1745404282.113,2.039,3.837,-0.2822,-1.1196,-4.8202,-0.3509,40.6582,92.0546,0
1745404282.193,2.039,3.837,-0.2760,-1.1195,-4.8271,-0.3708,40.6361,92.0651,0
1745404282.272,2.041,3.851,-0.2696,-1.1198,-4.8343,-0.3951,40.5957,92.0689,0
1745404282.352,2.042,3.860,-0.2631,-1.1196,-4.8413,-0.4451,40.5302,92.0648,0
1745404282.432,2.044,3.871,-0.2570,-1.1187,-4.8481,-0.4676,40.5563,92.0846,0
1745404282.511,2.049,3.884,-0.2513,-1.1182,-4.8547,-0.4252,40.5953,92.1238,0
1745404282.591,2.049,3.884,-0.2458,-1.1181,-4.8612,-0.4031,40.5271,92.1005,0
1745404282.671,2.048,3.895,-0.2406,-1.1174,-4.8673,-0.3171,40.5048,92.1025,0
1745404282.750,2.048,3.905,-0.2346,-1.1174,-4.8736,-0.4464,40.4947,92.0947,0
1745404282.830,2.045,3.917,-0.2284,-1.1169,-4.8804,-0.4565,40.4872,92.0578,0
1745404282.911,2.047,3.928,-0.2222,-1.1163,-4.8877,-0.3643,40.4631,91.9573,0
1745404282.989,2.047,3.928,-0.2165,-1.1163,-4.8944,-0.3443,40.4260,91.9368,0
1745404283.188,2.043,3.952,-0.2006,-1.1155,-4.9114,-0.5404,40.3850,92.0219,0
1745404283.268,2.048,3.964,-0.1943,-1.1155,-4.9187,-0.5663,40.3330,92.0239,0
1745404283.348,2.050,3.977,-0.1877,-1.1148,-4.9258,-0.5739,40.3121,92.1274,0
1745404283.427,2.052,3.988,-0.1815,-1.1154,-4.9336,-0.5025,40.3247,92.0352,0
1745404283.507,2.051,4.002,-0.1754,-1.1147,-4.9409,-0.4209,40.3346,92.0023,0
1745404283.706,2.047,4.024,-0.1689,-1.1144,-4.9483,-0.4019,40.3336,92.0792,0
1745404283.905,2.048,4.026,-0.1697,-1.1146,-4.9473,-0.3898,40.3628,92.0272,0
1745404283.985,2.048,4.026,-0.1698,-1.1145,-4.9473,-0.3854,40.3651,92.0122,0
1745404284.064,2.049,4.025,-0.1697,-1.1145,-4.9472,-0.3789,40.3669,92.0045,0
1745404284.144,2.048,4.026,-0.1698,-1.1144,-4.9472,-0.3768,40.3721,92.0080,0
1745404284.224,2.048,4.027,-0.1698,-1.1145,-4.9471,-0.3716,40.3794,91.9941,0
1745404284.303,2.047,4.027,-0.1697,-1.1145,-4.9470,-0.3659,40.3917,91.9889,0
1745404284.383,2.047,4.024,-0.1698,-1.1145,-4.9470,-0.3550,40.3861,91.9767,0
1745404284.463,2.047,4.025,-0.1696,-1.1145,-4.9471,-0.3427,40.3875,91.9612,0
1745404284.662,2.049,4.024,-0.1697,-1.1143,-4.9468,-0.3554,40.3853,91.9761,0
1745404284.741,2.048,4.026,-0.1697,-1.1144,-4.9467,-0.3431,40.3910,91.9564,0
1745404284.821,2.048,4.025,-0.1698,-1.1143,-4.9468,-0.3414,40.3969,91.9520,0
1745404284.901,2.047,4.025,-0.1696,-1.1145,-4.9469,-0.3413,40.4018,91.9459,0
1745404284.980,2.047,4.025,-0.1698,-1.1144,-4.9466,-0.3497,40.4039,91.9628,0
1745404285.060,2.047,4.024,-0.1698,-1.1143,-4.9465,-0.3428,40.3968,91.9633,0
1745404285.140,2.048,4.024,-0.1697,-1.1143,-4.9466,-0.3396,40.3945,91.9547,0
1745404285.219,2.048,4.025,-0.1697,-1.1143,-4.9466,-0.3427,40.4020,91.9510,0
1745404285.299,2.048,4.025,-0.1697,-1.1142,-4.9465,-0.3369,40.4035,91.9498,0
1745404285.379,2.048,4.024,-0.1697,-1.1143,-4.9465,-0.3333,40.4087,91.9478,0
1745404285.458,2.048,4.024,-0.1696,-1.1143,-4.9464,-0.3367,40.4067,91.9460,0
1745404285.538,2.047,4.024,-0.1698,-1.1142,-4.9463,-0.3352,40.4051,91.9473,0
1745404285.618,2.048,4.024,-0.1696,-1.1143,-4.9463,-0.3414,40.4029,91.9469,0
1745404285.697,2.048,4.024,-0.1698,-1.1143,-4.9463,-0.3304,40.4065,91.9453,0
1745404285.777,2.048,4.025,-0.1696,-1.1143,-4.9464,-0.3258,40.4004,91.9300,0
1745404285.857,2.048,4.024,-0.1697,-1.1142,-4.9463,-0.3206,40.3985,91.9316,0
1745404285.936,2.048,4.023,-0.1698,-1.1143,-4.9461,-0.3299,40.3926,91.9348,0
1745404286.016,2.048,4.025,-0.1697,-1.1143,-4.9462,-0.3358,40.3961,91.9341,0
1745404286.096,2.048,4.025,-0.1696,-1.1142,-4.9460,-0.3352,40.3962,91.9338,0
1745404286.175,2.048,4.024,-0.1696,-1.1142,-4.9461,-0.3279,40.4029,91.9210,0
1745404286.255,2.048,4.027,-0.1697,-1.1142,-4.9460,-0.3243,40.4017,91.9201,0
1745404286.335,2.047,4.024,-0.1697,-1.1143,-4.9461,-0.3266,40.4006,91.9223,0
1745404286.414,2.048,4.025,-0.1697,-1.1142,-4.9460,-0.3211,40.4072,91.9320,0
1745404286.494,2.048,4.025,-0.1698,-1.1141,-4.9458,-0.3364,40.4049,91.9493,0
1745404286.573,2.048,4.025,-0.1696,-1.1143,-4.9459,-0.3251,40.4100,91.9168,0
1745404286.653,2.047,4.024,-0.1696,-1.1142,-4.9459,-0.3198,40.4169,91.9161,0
1745404286.733,2.048,4.024,-0.1696,-1.1143,-4.9459,-0.3092,40.4141,91.9098,0
1745404286.812,2.047,4.025,-0.1697,-1.1141,-4.9456,-0.3157,40.4113,91.9220,0
1745404286.892,2.047,4.025,-0.1697,-1.1141,-4.9455,-0.3214,40.4078,91.9203,0
1745404286.972,2.048,4.026,-0.1697,-1.1143,-4.9457,-0.3114,40.4073,91.9049,0
1745404287.051,2.047,4.025,-0.1697,-1.1142,-4.9456,-0.3125,40.4140,91.9102,0
1745404287.131,2.048,4.026,-0.1697,-1.1141,-4.9456,-0.3084,40.4071,91.9164,0
1745404287.211,2.048,4.025,-0.1697,-1.1141,-4.9455,-0.3156,40.4034,91.9209,0
1745404287.290,2.048,4.025,-0.1697,-1.1142,-4.9456,-0.3104,40.4104,91.9138,0
1745404287.370,2.048,4.024,-0.1696,-1.1141,-4.9454,-0.3159,40.4068,91.9112,0
1745404287.449,2.048,4.026,-0.1697,-1.1141,-4.9454,-0.3139,40.4088,91.9133,0
1745404287.529,2.048,4.023,-0.1697,-1.1141,-4.9454,-0.3223,40.4071,91.9127,0
1745404287.609,2.047,4.024,-0.1697,-1.1140,-4.9453,-0.3219,40.4059,91.9121,0
1745404287.688,2.047,4.024,-0.1697,-1.1141,-4.9454,-0.3144,40.4133,91.9004,0
1745404287.768,2.048,4.025,-0.1698,-1.1141,-4.9453,-0.3161,40.4112,91.9037,0
1745404287.848,2.048,4.023,-0.1696,-1.1141,-4.9453,-0.3233,40.4019,91.9109,0
1745404287.927,2.047,4.024,-0.1697,-1.1140,-4.9451,-0.3183,40.4083,91.9121,0
1745404288.127,2.048,4.026,-0.1696,-1.1143,-4.9453,-0.3075,40.4131,91.8958,0
1745404290.496,2.048,4.025,-0.1695,-1.1140,-4.9445,-0.3065,40.4091,91.8783,0
1745404290.575,2.048,4.024,-0.1697,-1.1138,-4.9442,-0.3087,40.4118,91.8878,0
1745404290.655,2.048,4.024,-0.1696,-1.1138,-4.9444,-0.2981,40.4177,91.8758,0
1745404290.735,2.048,4.025,-0.1696,-1.1139,-4.9444,-0.3062,40.4128,91.8816,0
1745404290.814,2.047,4.025,-0.1696,-1.1139,-4.9443,-0.3135,40.4073,91.8928,0
1745404290.894,2.047,4.025,-0.1695,-1.1140,-4.9444,-0.3052,40.4090,91.8819,0
1745404290.974,2.047,4.025,-0.1697,-1.1139,-4.9443,-0.2895,40.4228,91.8739,0
1745404291.053,2.048,4.023,-0.1696,-1.1139,-4.9444,-0.2975,40.4260,91.8724,0
1745404291.133,2.048,4.026,-0.1695,-1.1140,-4.9444,-0.3020,40.4263,91.8668,0
1745404291.213,2.047,4.024,-0.1696,-1.1138,-4.9444,-0.3006,40.4320,91.8712,0
1745404291.292,2.050,4.024,-0.1697,-1.1139,-4.9441,-0.3021,40.4261,91.8809,0
1745404291.372,2.050,4.023,-0.1696,-1.1138,-4.9441,-0.3115,40.4240,91.8846,0
1745404291.452,2.047,4.024,-0.1697,-1.1138,-4.9442,-0.2969,40.4222,91.8734,0
1745404291.531,2.048,4.024,-0.1696,-1.1139,-4.9442,-0.3106,40.4113,91.8801,0
1745404291.611,2.047,4.024,-0.1697,-1.1138,-4.9441,-0.3108,40.4067,91.8861,0
1745404291.691,2.048,4.024,-0.1697,-1.1138,-4.9441,-0.3069,40.4175,91.8835,0
1745404291.770,2.048,4.024,-0.1697,-1.1138,-4.9440,-0.3157,40.4197,91.8899,0
1745404291.850,2.049,4.024,-0.1696,-1.1138,-4.9440,-0.3207,40.4203,91.8968,0
1745404291.930,2.048,4.024,-0.1696,-1.1138,-4.9441,-0.3125,40.4150,91.8874,0
1745404292.009,2.047,4.024,-0.1696,-1.1139,-4.9442,-0.3006,40.4104,91.8780,0
1745404292.089,2.047,4.024,-0.1697,-1.1137,-4.9440,-0.3052,40.4061,91.8860,0
1745404292.168,2.048,4.025,-0.1697,-1.1138,-4.9439,-0.3134,40.4130,91.8918,0
1745404292.248,2.048,4.024,-0.1697,-1.1138,-4.9439,-0.3027,40.4138,91.8790,0
1745404292.328,2.048,4.024,-0.1695,-1.1137,-4.9439,-0.3078,40.4165,91.8821,0
1745404292.407,2.048,4.024,-0.1698,-1.1137,-4.9438,-0.3128,40.4171,91.8882,0
1745404292.487,2.048,4.024,-0.1696,-1.1138,-4.9439,-0.3162,40.4197,91.8836,0
1745404292.567,2.048,4.024,-0.1697,-1.1137,-4.9438,-0.3131,40.4156,91.8773,0
1745404292.646,2.047,4.025,-0.1696,-1.1138,-4.9439,-0.3146,40.4186,91.8736,0
1745404292.726,2.047,4.024,-0.1696,-1.1138,-4.9439,-0.3194,40.4083,91.8871,0
1745404292.806,2.047,4.024,-0.1696,-1.1137,-4.9438,-0.3123,40.4022,91.8878,0
1745404292.885,2.047,4.024,-0.1697,-1.1138,-4.9438,-0.3093,40.4019,91.8743,0
1745404292.965,2.047,4.025,-0.1697,-1.1138,-4.9437,-0.3131,40.4110,91.8825,0
1745404293.045,2.049,4.025,-0.1697,-1.1137,-4.9436,-0.3122,40.4051,91.8860,0
1745404293.124,2.049,4.025,-0.1697,-1.1137,-4.9436,-0.3084,40.4055,91.8736,0
1745404293.204,2.048,4.024,-0.1696,-1.1139,-4.9438,-0.3068,40.4016,91.8703,0
1745404293.283,2.048,4.024,-0.1696,-1.1137,-4.9437,-0.3033,40.4054,91.8693,0
1745404293.363,2.048,4.026,-0.1696,-1.1138,-4.9437,-0.2946,40.4147,91.8580,0
1745404293.443,2.047,4.025,-0.1696,-1.1138,-4.9438,-0.2889,40.4132,91.8496,0
1745404293.522,2.048,4.024,-0.1695,-1.1138,-4.9435,-0.2824,40.4146,91.8452,0
1745404293.602,2.049,4.025,-0.1697,-1.1137,-4.9436,-0.2771,40.4241,91.8374,0
1745404293.682,2.049,4.025,-0.1696,-1.1137,-4.9435,-0.2887,40.4227,91.8377,0
1745404293.761,2.049,4.024,-0.1697,-1.1137,-4.9434,-0.2845,40.4183,91.8435,0
1745404293.841,2.048,4.024,-0.1695,-1.1137,-4.9435,-0.2914,40.4232,91.8431,0
1745404293.921,2.048,4.023,-0.1697,-1.1137,-4.9436,-0.2849,40.4200,91.8475,0
1745404294.000,2.049,4.024,-0.1696,-1.1137,-4.9434,-0.2832,40.4221,91.8463,0
1745404294.080,2.049,4.024,-0.1696,-1.1136,-4.9434,-0.2808,40.4232,91.8422,0
1745404294.160,2.049,4.025,-0.1696,-1.1137,-4.9433,-0.2953,40.4288,91.8457,0
1745404294.239,2.047,4.024,-0.1695,-1.1137,-4.9434,-0.2915,40.4237,91.8465,0
1745404294.319,2.048,4.024,-0.1695,-1.1138,-4.9435,-0.2939,40.4237,91.8503,0
1745404294.399,2.048,4.024,-0.1696,-1.1137,-4.9435,-0.2843,40.4218,91.8481,0
1745404294.478,2.048,4.024,-0.1696,-1.1137,-4.9435,-0.3191,40.4214,91.8841,0
1745404294.558,2.048,4.024,-0.1696,-1.1137,-4.9436,-0.3214,40.4205,91.8835,0
1745404294.638,2.047,4.024,-0.1696,-1.1137,-4.9435,-0.3177,40.4173,91.8809,0
1745404294.717,2.047,4.025,-0.1697,-1.1136,-4.9433,-0.3172,40.4201,91.8805,0
1745404294.797,2.048,4.025,-0.1696,-1.1137,-4.9433,-0.3149,40.4193,91.8817,0
1745404294.876,2.048,4.025,-0.1697,-1.1135,-4.9432,-0.3145,40.4128,91.8767,0
1745404294.956,2.048,4.025,-0.1695,-1.1137,-4.9434,-0.3017,40.4231,91.8595,0
1745404295.036,2.047,4.024,-0.1697,-1.1137,-4.9433,-0.3023,40.4195,91.8659,0
1745404295.115,2.048,4.024,-0.1696,-1.1135,-4.9432,-0.2958,40.4195,91.8633,0
1745404295.195,2.047,4.024,-0.1696,-1.1136,-4.9432,-0.2941,40.4166,91.8629,0
1745404295.275,2.047,4.024,-0.1695,-1.1137,-4.9433,-0.2878,40.4230,91.8571,0
1745404295.354,2.048,4.025,-0.1697,-1.1135,-4.9431,-0.2858,40.4203,91.8627,0
1745404295.434,2.048,4.024,-0.1697,-1.1136,-4.9432,-0.2950,40.4181,91.8676,0
1745404295.514,2.048,4.023,-0.1696,-1.1137,-4.9432,-0.2864,40.4225,91.8564,0
1745404295.593,2.048,4.023,-0.1696,-1.1136,-4.9432,-0.2810,40.4268,91.8581,0
1745404295.673,2.048,4.025,-0.1697,-1.1136,-4.9431,-0.2810,40.4241,91.8623,0
1745404295.753,2.048,4.023,-0.1696,-1.1135,-4.9430,-0.2888,40.4238,91.8702,0
1745404295.832,2.047,4.024,-0.1695,-1.1136,-4.9432,-0.2949,40.4285,91.8728,0
1745404295.912,2.047,4.024,-0.1697,-1.1135,-4.9430,-0.3037,40.4192,91.8881,0
1745404295.991,2.047,4.024,-0.1697,-1.1135,-4.9430,-0.3050,40.4244,91.8841,0
1745404296.071,2.047,4.025,-0.1696,-1.1137,-4.9432,-0.3069,40.4247,91.8772,0
1745404296.151,2.047,4.025,-0.1697,-1.1135,-4.9430,-0.3167,40.4219,91.8950,0
1745404296.230,2.048,4.025,-0.1695,-1.1136,-4.9429,-0.3204,40.4225,91.8788,0
1745404296.310,2.047,4.024,-0.1696,-1.1137,-4.9431,-0.3077,40.4186,91.8687,0
1745404296.390,2.048,4.024,-0.1696,-1.1136,-4.9431,-0.3055,40.4214,91.8714,0
1745404296.469,2.048,4.024,-0.1696,-1.1135,-4.9428,-0.3083,40.4263,91.8733,0
1745404296.549,2.048,4.024,-0.1696,-1.1136,-4.9430,-0.2973,40.4299,91.8590,0
1745404296.629,2.047,4.024,-0.1696,-1.1136,-4.9429,-0.3124,40.4300,91.8701,0
1745404296.708,2.049,4.023,-0.1696,-1.1137,-4.9430,-0.3044,40.4261,91.8627,0
1745404296.788,2.048,4.023,-0.1695,-1.1136,-4.9429,-0.3061,40.4301,91.8682,0
1745404296.868,2.048,4.023,-0.1696,-1.1136,-4.9430,-0.2978,40.4289,91.8602,0
1745404296.947,2.048,4.024,-0.1697,-1.1135,-4.9428,-0.3020,40.4335,91.8630,0
1745404297.027,2.049,4.023,-0.1696,-1.1135,-4.9428,-0.2993,40.4230,91.8650,0
1745404297.107,2.047,4.024,-0.1697,-1.1135,-4.9427,-0.2939,40.4254,91.8575,0
1745404297.186,2.048,4.024,-0.1697,-1.1137,-4.9431,-0.2812,40.4249,91.8396,0
1745404297.266,2.048,4.023,-0.1696,-1.1136,-4.9430,-0.2871,40.4196,91.8463,0
1745404297.345,2.048,4.025,-0.1695,-1.1136,-4.9429,-0.2832,40.4228,91.8461,0
1745404297.425,2.049,4.024,-0.1697,-1.1135,-4.9428,-0.2864,40.4139,91.8507,0
1745404297.505,2.048,4.025,-0.1696,-1.1135,-4.9428,-0.2895,40.4074,91.8523,0
1745404297.585,2.048,4.025,-0.1699,-1.1134,-4.9425,-0.3207,40.3601,91.7786,0
1745404297.664,2.048,4.023,-0.1757,-1.1140,-4.9359,-0.2763,40.3649,91.7659,0
1745404297.744,2.047,4.023,-0.1852,-1.1148,-4.9243,-0.4919,40.2755,91.8659,0
1745404297.823,2.047,4.017,-0.1956,-1.1153,-4.9124,-0.4860,40.2634,91.9306,0
1745404297.903,2.051,3.998,-0.2009,-1.1144,-4.9061,-0.5339,40.2715,91.9525,0
1745404297.983,2.051,3.998,-0.2010,-1.1146,-4.9065,-0.5047,40.2936,91.9223,0
1745404298.062,2.051,3.980,-0.1993,-1.1146,-4.9079,-0.5155,40.2959,91.9543,0
1745404298.142,2.052,3.979,-0.1976,-1.1147,-4.9099,-0.5276,40.2877,91.9223,0
1745404298.222,2.051,3.980,-0.1968,-1.1147,-4.9111,-0.5157,40.2810,91.9162,0
1745404298.301,2.052,3.984,-0.1986,-1.1147,-4.9090,-0.5318,40.3339,91.9051,0
1745404298.381,2.052,3.984,-0.2063,-1.1149,-4.9006,-0.4421,40.3091,91.8582,0
1745404298.460,2.052,3.983,-0.2155,-1.1155,-4.8904,-0.3227,40.3992,91.8878,0
1745404298.540,2.051,3.972,-0.2223,-1.1155,-4.8824,-0.3237,40.4132,91.9145,0
1745404298.620,2.047,3.954,-0.2240,-1.1156,-4.8805,-0.3855,40.3421,92.0035,0
1745404298.700,2.048,3.942,-0.2236,-1.1157,-4.8811,-0.3428,40.3535,91.9248,0
1745404301.069,2.048,3.915,-0.2418,-1.1166,-4.8605,-0.4691,40.1019,92.1992,0
1745404301.149,2.047,3.913,-0.2418,-1.1167,-4.8606,-0.4732,40.1018,92.1956,0
1745404301.228,2.047,3.912,-0.2418,-1.1167,-4.8605,-0.4786,40.0976,92.2029,0
1745404301.308,2.048,3.913,-0.2418,-1.1167,-4.8605,-0.4903,40.1000,92.2099,0
1745404301.388,2.047,3.913,-0.2419,-1.1166,-4.8605,-0.4907,40.1019,92.2133,0
1745404301.467,2.047,3.912,-0.2418,-1.1167,-4.8607,-0.4993,40.1033,92.2181,0
1745404301.549,2.048,3.911,-0.2418,-1.1167,-4.8605,-0.5005,40.1031,92.2189,0
1745404301.627,2.048,3.916,-0.2418,-1.1167,-4.8605,-0.4930,40.1040,92.2125,0
1745404301.706,2.047,3.912,-0.2420,-1.1167,-4.8605,-0.4817,40.0979,92.2046,0
1745404301.786,2.048,3.912,-0.2418,-1.1166,-4.8606,-0.4869,40.0992,92.2023,0
1745404301.865,2.048,3.915,-0.2418,-1.1168,-4.8607,-0.4947,40.0935,92.2114,0
1745404301.945,2.047,3.915,-0.2419,-1.1167,-4.8605,-0.4950,40.0974,92.2158,0
1745404302.025,2.048,3.912,-0.2418,-1.1168,-4.8606,-0.4911,40.0899,92.2077,0
1745404302.104,2.047,3.912,-0.2444,-1.1170,-4.8579,-0.3719,40.2961,92.0980,0
1745404302.184,2.046,3.912,-0.2519,-1.1175,-4.8485,-0.5200,39.9902,92.1668,0
1745404302.264,2.046,3.910,-0.2626,-1.1172,-4.8362,-0.5842,39.9458,92.1927,0
1745404302.343,2.051,3.903,-0.2701,-1.1193,-4.8279,-0.4937,39.9500,92.1724,0
1745404302.423,2.051,3.884,-0.2714,-1.1200,-4.8268,-0.4598,39.9268,92.1493,0
1745404302.503,2.049,3.869,-0.2708,-1.1184,-4.8270,-0.4497,39.9494,92.1350,0
1745404302.582,2.049,3.869,-0.2691,-1.1180,-4.8286,-0.4772,39.9110,92.1271,0
1745404302.662,2.049,3.867,-0.2680,-1.1179,-4.8297,-0.4904,39.8743,92.1286,0
1745404302.742,2.050,3.869,-0.2677,-1.1179,-4.8299,-0.5007,39.8807,92.1450,0
1745404302.821,2.049,3.874,-0.2675,-1.1180,-4.8303,-0.5111,39.8803,92.1472,0
1745404302.901,2.049,3.872,-0.2677,-1.1179,-4.8300,-0.5096,39.8726,92.1220,0
1745404302.981,2.050,3.872,-0.2721,-1.1181,-4.8248,-0.4903,39.9438,92.1797,0
1745404303.060,2.050,3.874,-0.2810,-1.1181,-4.8147,-0.4497,39.8471,92.1145,0
1745404303.140,2.049,3.868,-0.2899,-1.1183,-4.8042,-0.3615,39.8088,92.0466,0
1745404303.220,2.049,3.852,-0.2954,-1.1187,-4.7974,-0.4897,39.7393,92.2741,0
1745404303.299,2.050,3.837,-0.2958,-1.1188,-4.7972,-0.4682,39.6964,92.2313,0
1745404303.379,2.050,3.837,-0.2953,-1.1187,-4.7978,-0.4834,39.7422,92.2253,0
1745404303.458,2.052,3.829,-0.2947,-1.1187,-4.7983,-0.4678,39.6968,92.1856,0
1745404303.538,2.049,3.832,-0.2948,-1.1188,-4.7984,-0.4669,39.7171,92.1935,0
1745404303.618,2.049,3.832,-0.2964,-1.1188,-4.7961,-0.4307,39.5828,92.3194,0
1745404303.697,2.050,3.832,-0.3024,-1.1195,-4.7884,-0.5867,39.5746,92.2572,0
1745404303.777,2.050,3.832,-0.3111,-1.1201,-4.7791,-0.4625,39.5378,92.1011,0
1745404303.857,2.053,3.827,-0.3168,-1.1193,-4.7716,-0.5263,39.4112,92.1672,0
1745404303.936,2.053,3.813,-0.3178,-1.1189,-4.7704,-0.5745,39.4839,92.1714,0
1745404304.016,2.053,3.796,-0.3174,-1.1201,-4.7712,-0.4967,39.4677,92.0977,0
1745404304.096,2.053,3.799,-0.3168,-1.1202,-4.7717,-0.4871,39.4520,92.0802,0
1745404304.175,2.053,3.799,-0.3166,-1.1202,-4.7722,-0.4690,39.4405,92.0711,0
1745404304.255,2.053,3.799,-0.3166,-1.1201,-4.7720,-0.4708,39.4342,92.0626,0
1745404304.335,2.054,3.797,-0.3149,-1.1201,-4.7740,-0.4928,39.5082,92.1153,0
1745404304.414,2.052,3.797,-0.3084,-1.1200,-4.7818,-0.4294,39.3028,92.2064,0
1745404304.494,2.051,3.805,-0.2965,-1.1192,-4.7961,-0.3475,39.1889,92.1935,0
1745404304.573,2.051,3.805,-0.2835,-1.1185,-4.8112,-0.4542,39.1145,92.0329,0
1745404304.653,2.053,3.821,-0.2772,-1.1193,-4.8190,-0.3634,39.1032,91.9803,0
1745404304.733,2.052,3.847,-0.2770,-1.1184,-4.8191,-0.4171,39.0918,92.0484,0
1745404304.812,2.049,3.861,-0.2786,-1.1183,-4.8174,-0.3836,39.1265,92.0326,0
1745404304.892,2.051,3.863,-0.2804,-1.1184,-4.8150,-0.3738,39.1229,92.0394,0
1745404304.972,2.051,3.863,-0.2816,-1.1183,-4.8138,-0.3725,39.1291,92.0505,0
1745404305.051,2.049,3.858,-0.2819,-1.1182,-4.8133,-0.3864,39.1183,92.1026,0
1745404305.131,2.051,3.855,-0.2788,-1.1180,-4.8166,-0.4226,39.0987,92.1229,0
1745404305.211,2.051,3.853,-0.2749,-1.1177,-4.8213,-0.4182,39.0473,92.0953,0
1745404305.290,2.051,3.863,-0.2714,-1.1179,-4.8253,-0.4056,39.0465,92.0857,0
1745404305.370,2.051,3.863,-0.2705,-1.1179,-4.8264,-0.4177,39.0286,92.0688,0
1745404305.450,2.050,3.867,-0.2704,-1.1178,-4.8266,-0.3868,39.0220,92.0398,0
1745404305.529,2.051,3.869,-0.2703,-1.1180,-4.8266,-0.3982,39.0135,92.0377,0
1745404305.609,2.052,3.869,-0.2692,-1.1176,-4.8280,-0.3904,38.9982,91.9995,0
1745404305.689,2.054,3.871,-0.2628,-1.1172,-4.8355,-0.4445,38.9352,92.0549,0
1745404305.768,2.054,3.871,-0.2547,-1.1174,-4.8452,-0.5007,38.9922,92.0848,0
1745404305.848,2.051,3.877,-0.2485,-1.1167,-4.8529,-0.4097,38.9635,92.0423,0
1745404305.927,2.053,3.896,-0.2466,-1.1168,-4.8551,-0.4217,38.9992,92.0437,0
1745404306.007,2.051,3.907,-0.2471,-1.1170,-4.8547,-0.4013,39.0339,92.0601,0
1745404306.087,2.050,3.908,-0.2476,-1.1169,-4.8541,-0.4144,39.0368,92.0992,0
1745404306.166,2.050,3.908,-0.2477,-1.1168,-4.8536,-0.4454,39.0157,92.1489,0
1745404306.246,2.051,3.907,-0.2450,-1.1171,-4.8573,-0.4038,39.0365,92.1766,0
1745404306.326,2.051,3.906,-0.2383,-1.1171,-4.8657,-0.3879,39.0212,92.1565,0
1745404306.405,2.052,3.910,-0.2306,-1.1161,-4.8742,-0.4870,39.0022,92.0933,0
1745404306.485,2.049,3.910,-0.2268,-1.1158,-4.8791,-0.3997,39.0083,92.0140,0
1745404306.565,2.049,3.927,-0.2264,-1.1159,-4.8791,-0.4164,38.9990,92.0356,0
1745404306.644,2.050,3.942,-0.2273,-1.1159,-4.8782,-0.4341,38.9957,92.0710,0
1745404306.726,2.048,3.941,-0.2277,-1.1159,-4.8780,-0.4566,39.0579,92.1392,0
1745404306.804,2.052,3.940,-0.2241,-1.1159,-4.8826,-0.3263,39.0167,92.0150,0
1745404306.883,2.048,3.940,-0.2183,-1.1155,-4.8895,-0.3421,38.9420,91.9959,0
1745404306.963,2.048,3.941,-0.2130,-1.1152,-4.8956,-0.3936,38.8910,91.9900,0
1745404307.043,2.051,3.949,-0.2103,-1.1152,-4.8985,-0.4383,38.8717,91.9928,0
1745404307.124,2.050,3.962,-0.2104,-1.1153,-4.8985,-0.4192,38.8598,91.9832,0
1745404307.321,2.052,3.966,-0.2044,-1.1150,-4.9056,-0.5128,38.8364,92.0551,0
1745404307.401,2.050,3.969,-0.1981,-1.1144,-4.9128,-0.5304,38.8160,92.0221,0
1745404307.481,2.051,3.969,-0.1939,-1.1145,-4.9178,-0.5397,38.8233,92.0958,0
1745404307.560,2.051,3.981,-0.1924,-1.1146,-4.9197,-0.5729,38.7981,92.0806,0
1745404307.640,2.053,3.992,-0.1927,-1.1146,-4.9192,-0.5722,38.8033,92.0877,0
1745404307.720,2.051,3.997,-0.1929,-1.1145,-4.9192,-0.5751,38.8141,92.0874,0
1745404307.799,2.052,3.996,-0.1929,-1.1144,-4.9191,-0.5755,38.8205,92.0886,0
1745404307.879,2.052,3.996,-0.1928,-1.1144,-4.9191,-0.5749,38.8208,92.0778,0
1745404307.958,2.052,3.996,-0.1928,-1.1146,-4.9193,-0.5729,38.8221,92.0662,0
1745404308.277,2.052,3.996,-0.1929,-1.1146,-4.9192,-0.5913,38.8192,92.0655,0
1745404308.476,2.050,3.996,-0.1929,-1.1145,-4.9192,-0.5914,38.8221,92.0548,0
1745404308.556,2.050,3.996,-0.1929,-1.1146,-4.9192,-0.5892,38.8330,92.0520,0
1745404308.636,2.051,3.996,-0.1930,-1.1145,-4.9190,-0.5968,38.8372,92.0623,0
1745404308.715,2.052,3.994,-0.1931,-1.1147,-4.9192,-0.5828,38.8400,92.0494,0
1745404308.795,2.051,3.995,-0.1928,-1.1145,-4.9192,-0.5890,38.8302,92.0474,0
1745404308.874,2.051,3.995,-0.1929,-1.1145,-4.9191,-0.5928,38.8221,92.0488,0
1745404308.954,2.050,3.995,-0.1929,-1.1145,-4.9191,-0.5835,38.8197,92.0397,0
1745404309.034,2.051,3.997,-0.1929,-1.1146,-4.9192,-0.5920,38.8161,92.0457,0
1745404309.113,2.050,3.995,-0.1928,-1.1146,-4.9192,-0.6004,38.8163,92.0477,0
1745404309.193,2.052,3.996,-0.1930,-1.1146,-4.9191,-0.5991,38.8190,92.0486,0
1745404309.273,2.052,3.996,-0.1929,-1.1145,-4.9191,-0.6123,38.8205,92.0584,0
1745404309.352,2.051,3.995,-0.1928,-1.1145,-4.9190,-0.6083,38.8226,92.0623,0
1745404309.432,2.052,3.996,-0.1930,-1.1145,-4.9191,-0.5998,38.8307,92.0635,0
1745404309.512,2.052,3.996,-0.1930,-1.1144,-4.9189,-0.5986,38.8282,92.0529,0
1745404312.120,2.049,3.958,-0.2001,-1.1142,-4.9106,-0.5404,38.6959,91.9924,0
1745404312.200,2.051,3.970,-0.1915,-1.1142,-4.9205,-0.6215,38.6555,92.0696,0
1745404312.279,2.051,3.970,-0.1877,-1.1145,-4.9256,-0.5357,38.6787,91.9510,0
1745404312.359,2.051,3.988,-0.1881,-1.1144,-4.9251,-0.5527,38.6391,92.0665,0
1745404312.438,2.052,4.002,-0.1893,-1.1144,-4.9237,-0.5561,38.6403,92.1043,0
1745404312.518,2.051,4.002,-0.1902,-1.1146,-4.9225,-0.5468,38.6425,92.1210,0
1745404312.598,2.050,4.000,-0.1906,-1.1145,-4.9222,-0.5392,38.6486,92.0991,0
1745404312.677,2.052,4.000,-0.1906,-1.1145,-4.9221,-0.5405,38.6595,92.0897,0
1745404312.757,2.052,3.998,-0.1905,-1.1146,-4.9224,-0.5275,38.6590,92.0717,0
1745404312.837,2.051,4.000,-0.1906,-1.1145,-4.9222,-0.5297,38.6517,92.0739,0
1745404312.916,2.051,3.998,-0.1907,-1.1146,-4.9221,-0.5213,38.6500,92.0623,0
1745404312.996,2.051,3.998,-0.1906,-1.1146,-4.9221,-0.5161,38.6428,92.0455,0
1745404313.076,2.052,3.998,-0.1905,-1.1145,-4.9221,-0.5213,38.6416,92.0377,0
1745404313.155,2.052,4.000,-0.1907,-1.1146,-4.9222,-0.5150,38.6411,92.0393,0
1745404313.235,2.051,4.000,-0.1905,-1.1146,-4.9223,-0.5137,38.6456,92.0253,0
1745404313.315,2.053,3.998,-0.1905,-1.1145,-4.9223,-0.5072,38.6367,92.0189,0
1745404313.394,2.052,3.997,-0.1907,-1.1145,-4.9222,-0.5013,38.6465,92.0245,0
1745404313.474,2.054,3.997,-0.1922,-1.1147,-4.9204,-0.5234,38.6678,91.9927,0
1745404313.554,2.054,3.998,-0.1985,-1.1146,-4.9121,-0.5459,38.6686,91.8954,0
1745404313.633,2.053,3.998,-0.2094,-1.1147,-4.8994,-0.4612,38.6925,91.9225,0
1745404313.713,2.053,3.985,-0.2191,-1.1153,-4.8881,-0.3203,38.7240,91.8842,0
1745404313.792,2.052,3.966,-0.2224,-1.1153,-4.8842,-0.3225,38.6700,91.9407,0
1745404313.872,2.050,3.966,-0.2215,-1.1154,-4.8851,-0.3234,38.7169,91.9514,0
1745404313.952,2.050,3.950,-0.2199,-1.1154,-4.8868,-0.3453,38.7679,91.9319,0
1745404314.151,2.050,3.952,-0.2179,-1.1153,-4.8893,-0.3241,38.6719,91.8995,0
1745404314.350,2.049,3.957,-0.2377,-1.1164,-4.8652,-0.4126,38.6074,92.1471,0
1745404314.430,2.051,3.946,-0.2481,-1.1168,-4.8523,-0.3110,38.3406,92.0181,0
1745404314.509,2.051,3.923,-0.2531,-1.1166,-4.8458,-0.4651,38.4057,92.2374,0
1745404314.589,2.055,3.903,-0.2524,-1.1170,-4.8466,-0.4935,38.3830,92.2212,0
1745404314.668,2.055,3.903,-0.2505,-1.1171,-4.8491,-0.4184,38.4237,92.1296,0
1745404314.748,2.054,3.900,-0.2488,-1.1170,-4.8512,-0.4328,38.3810,92.1226,0
1745404314.828,2.054,3.903,-0.2477,-1.1168,-4.8526,-0.4366,38.4086,92.1329,0
1745404314.907,2.053,3.904,-0.2475,-1.1168,-4.8528,-0.4541,38.4183,92.1720,0
1745404314.987,2.054,3.907,-0.2476,-1.1168,-4.8527,-0.4583,38.4241,92.1881,0
1745404315.067,2.054,3.907,-0.2474,-1.1168,-4.8527,-0.4746,38.4325,92.2122,0
1745404315.146,2.052,3.907,-0.2474,-1.1168,-4.8528,-0.4808,38.4419,92.2281,0
1745404315.226,2.053,3.907,-0.2494,-1.1169,-4.8504,-0.4569,38.3914,92.1678,0
1745404315.306,2.052,3.906,-0.2567,-1.1172,-4.8411,-0.5725,38.4961,92.1785,0
1745404315.385,2.053,3.902,-0.2658,-1.1179,-4.8305,-0.4971,38.3080,92.1492,0
1745404315.465,2.053,3.902,-0.2724,-1.1179,-4.8222,-0.4912,38.2766,92.1903,0
1745404315.545,2.055,3.883,-0.2737,-1.1176,-4.8206,-0.4388,38.3452,92.1663,0
1745404315.624,2.055,3.868,-0.2728,-1.1178,-4.8216,-0.4414,38.3383,92.1421,0
1745404315.704,2.055,3.867,-0.2715,-1.1179,-4.8232,-0.4403,38.3482,92.1319,0
1745404315.783,2.055,3.868,-0.2708,-1.1180,-4.8240,-0.4277,38.3441,92.1166,0
1745404315.863,2.055,3.868,-0.2717,-1.1182,-4.8230,-0.3986,38.3568,92.1503,0
1745404315.943,2.054,3.868,-0.2767,-1.1181,-4.8166,-0.4253,38.3804,92.0169,0
1745404316.023,2.056,3.871,-0.2859,-1.1190,-4.8050,-0.4032,38.2912,92.1300,0
1745404316.102,2.056,3.861,-0.2953,-1.1189,-4.7938,-0.3273,38.1613,92.2326,0
1745404316.182,2.055,3.841,-0.2993,-1.1193,-4.7886,-0.3766,38.0239,92.2433,0
1745404316.262,2.055,3.841,-0.2988,-1.1190,-4.7889,-0.4106,38.0419,92.2542,0
1745404316.341,2.055,3.828,-0.2979,-1.1189,-4.7902,-0.4189,38.0484,92.2467,0
1745404316.421,2.056,3.826,-0.2970,-1.1189,-4.7913,-0.4181,38.0080,92.2245,0
1745404316.500,2.055,3.829,-0.2981,-1.1190,-4.7900,-0.3515,37.9434,92.2230,0
1745404316.580,2.056,3.831,-0.3038,-1.1195,-4.7824,-0.5116,38.0043,92.2567,0
1745404316.660,2.056,3.831,-0.3123,-1.1210,-4.7726,-0.3617,37.8855,92.0350,0
1745404316.739,2.056,3.827,-0.3192,-1.1210,-4.7636,-0.4733,37.7720,92.0596,0
1745404316.819,2.056,3.808,-0.3214,-1.1206,-4.7604,-0.5292,37.7397,92.1998,0
1745404316.899,2.058,3.794,-0.3211,-1.1202,-4.7607,-0.5490,37.7844,92.2097,0
1745404316.978,2.058,3.792,-0.3204,-1.1201,-4.7616,-0.5015,37.7542,92.1431,0
1745404317.058,2.058,3.792,-0.3197,-1.1203,-4.7626,-0.4772,37.7391,92.1293,0
1745404317.138,2.059,3.794,-0.3196,-1.1202,-4.7626,-0.4838,37.7579,92.1325,0
1745404317.217,2.057,3.792,-0.3199,-1.1203,-4.7625,-0.4820,37.8211,92.0765,0
1745404317.297,2.059,3.794,-0.3239,-1.1206,-4.7575,-0.5030,37.7415,92.1814,0
1745404317.377,2.059,3.794,-0.3297,-1.1207,-4.7497,-0.5345,37.6580,92.1261,0
1745404317.456,2.059,3.793,-0.3357,-1.1210,-4.7428,-0.4941,37.6096,92.1496,0
1745404317.536,2.060,3.780,-0.3382,-1.1208,-4.7397,-0.4740,37.6109,92.0863,0
1745404317.615,2.061,3.770,-0.3382,-1.1211,-4.7397,-0.4646,37.6811,92.0852,0
1745404317.695,2.060,3.764,-0.3380,-1.1211,-4.7399,-0.4622,37.6807,92.0741,0
1745404317.775,2.061,3.764,-0.3380,-1.1210,-4.7398,-0.4573,37.6892,92.0644,0
1745404317.854,2.061,3.764,-0.3380,-1.1211,-4.7398,-0.4559,37.6901,92.0655,0
1745404317.934,2.061,3.765,-0.3381,-1.1210,-4.7398,-0.4404,37.6883,92.0558,0
1745404318.014,2.061,3.766,-0.3380,-1.1211,-4.7399,-0.4434,37.6845,92.0467,0
1745404318.093,2.061,3.766,-0.3379,-1.1211,-4.7399,-0.4404,37.6812,92.0534,0
1745404318.173,2.060,3.766,-0.3381,-1.1212,-4.7400,-0.4337,37.6774,92.0544,0
1745404318.253,2.060,3.767,-0.3380,-1.1210,-4.7398,-0.4382,37.6837,92.0527,0
1745404318.332,2.062,3.764,-0.3380,-1.1210,-4.7398,-0.4294,37.6890,92.0531,0
1745404318.412,2.060,3.764,-0.3380,-1.1210,-4.7399,-0.4231,37.6808,92.0507,0
1745404318.492,2.058,3.767,-0.3406,-1.1211,-4.7366,-0.3795,37.6727,92.0327,0
1745404318.571,2.060,3.767,-0.3488,-1.1213,-4.7269,-0.2539,37.7005,91.9520,0
1745404318.651,2.060,3.764,-0.3568,-1.1220,-4.7170,-0.2624,37.7213,92.0343,0
1745404318.731,2.061,3.751,-0.3615,-1.1219,-4.7105,-0.3986,37.6581,92.1558,0
1745404318.810,2.061,3.735,-0.3618,-1.1220,-4.7102,-0.3863,37.6934,92.1313,0
1745404318.890,2.062,3.725,-0.3610,-1.1220,-4.7111,-0.4187,37.6802,92.1175,0
1745404318.969,2.061,3.725,-0.3604,-1.1220,-4.7117,-0.4174,37.7147,92.1286,0
1745404319.049,2.061,3.729,-0.3605,-1.1219,-4.7116,-0.4283,37.6915,92.1118,0
1745404319.129,2.062,3.730,-0.3608,-1.1217,-4.7111,-0.3629,37.8018,91.9653,0
1745404319.208,2.062,3.729,-0.3650,-1.1222,-4.7054,-0.4878,37.6268,92.1984,0
1745404319.288,2.061,3.726,-0.3704,-1.1223,-4.6991,-0.3539,37.4308,92.1386,0
1745404319.368,2.061,3.726,-0.3739,-1.1226,-4.6949,-0.3535,37.4477,92.1375,0
1745404319.447,2.061,3.716,-0.3752,-1.1228,-4.6929,-0.4022,37.4503,92.2119,0
1745404319.527,2.063,3.710,-0.3752,-1.1228,-4.6928,-0.3838,37.4243,92.1726,0
1745404319.607,2.063,3.703,-0.3750,-1.1228,-4.6930,-0.3854,37.4107,92.1513,0
1745404319.686,2.063,3.707,-0.3767,-1.1228,-4.6905,-0.4661,37.3844,92.1985,0
1745404319.766,2.062,3.707,-0.3816,-1.1230,-4.6844,-0.4315,37.3527,92.1217,0
1745404319.845,2.062,3.708,-0.3863,-1.1233,-4.6780,-0.5243,37.2939,92.2059,0
1745404319.925,2.062,3.695,-0.3886,-1.1235,-4.6749,-0.5802,37.3091,92.2219,0
1745404320.005,2.064,3.689,-0.3889,-1.1232,-4.6751,-0.4622,37.2884,92.1416,0
1745404320.084,2.064,3.683,-0.3885,-1.1234,-4.6752,-0.5094,37.2920,92.1529,0
1745404320.164,2.064,3.683,-0.3885,-1.1234,-4.6746,-0.5836,37.2732,92.1776,0
1745404320.244,2.064,3.685,-0.3919,-1.1235,-4.6712,-0.4242,37.1790,92.0335,0
1745404320.323,2.064,3.685,-0.3945,-1.1237,-4.6673,-0.4791,37.1520,92.0861,0
1745404320.403,2.065,3.677,-0.3967,-1.1237,-4.6650,-0.4369,37.1280,92.0788,0
1745404320.483,2.066,3.673,-0.3965,-1.1237,-4.6651,-0.4548,37.1320,92.0968,0
1745404320.562,2.066,3.673,-0.3965,-1.1237,-4.6650,-0.4782,37.1453,92.1192,0
1745404320.642,2.065,3.670,-0.3994,-1.1235,-4.6616,-0.4803,37.2405,92.0862,0
1745404320.722,2.065,3.673,-0.4051,-1.1236,-4.6541,-0.4541,37.1729,92.1154,0
1745404320.801,2.065,3.664,-0.4103,-1.1243,-4.6472,-0.4288,37.1541,92.0766,0
1745404320.881,2.065,3.653,-0.4133,-1.1243,-4.6436,-0.3825,37.0629,91.9998,0
1745404320.961,2.065,3.653,-0.4134,-1.1242,-4.6435,-0.4133,37.1288,92.0881,0
1745404321.040,2.068,3.642,-0.4134,-1.1243,-4.6437,-0.4166,37.1221,92.0567,0
1745404321.120,2.068,3.642,-0.4157,-1.1245,-4.6404,-0.4248,37.0780,91.9523,0
1745404321.200,2.069,3.641,-0.4201,-1.1243,-4.6349,-0.4094,37.0111,92.0902,0
1745404321.279,2.065,3.639,-0.4236,-1.1248,-4.6302,-0.4479,36.9362,92.1515,0
1745404321.359,2.065,3.639,-0.4250,-1.1248,-4.6281,-0.4749,36.9874,92.1846,0
1745404321.439,2.070,3.632,-0.4249,-1.1248,-4.6283,-0.4669,36.9425,92.1650,0
1745404321.518,2.070,3.627,-0.4249,-1.1248,-4.6281,-0.4599,36.9280,92.1774,0
1745404321.598,2.071,3.621,-0.4252,-1.1249,-4.6279,-0.3758,36.7305,92.0904,0
1745404321.677,2.072,3.625,-0.4266,-1.1251,-4.6256,-0.5276,36.8502,92.2323,0
1745404321.757,2.072,3.625,-0.4285,-1.1252,-4.6235,-0.4727,36.8309,92.1900,0
1745404321.837,2.071,3.622,-0.4295,-1.1252,-4.6217,-0.5629,36.8549,92.2554,0
1745404321.916,2.073,3.617,-0.4298,-1.1252,-4.6214,-0.5468,36.8461,92.2336,0
1745404322.116,2.073,3.617,-0.4427,-1.1255,-4.6042,-0.6022,36.6202,92.0507,0
1745404322.195,2.071,3.603,-0.4520,-1.1263,-4.5917,-0.7005,36.5254,92.2013,0
1745404322.275,2.058,3.586,-0.4573,-1.1270,-4.5849,-0.7179,36.4465,92.2438,0
1745404322.354,2.058,3.586,-0.4574,-1.1268,-4.5847,-0.7095,36.4851,92.1944,0
1745404322.434,2.062,3.573,-0.4564,-1.1267,-4.5860,-0.6947,36.5191,92.1820,0
1745404322.514,2.061,3.570,-0.4549,-1.1267,-4.5878,-0.7151,36.5182,92.1900,0
1745404322.594,2.061,3.575,-0.4544,-1.1266,-4.5885,-0.6996,36.5251,92.1870,0
1745404322.673,2.060,3.576,-0.4544,-1.1266,-4.5884,-0.7132,36.5189,92.2067,0
1745404322.753,2.060,3.576,-0.4545,-1.1266,-4.5883,-0.7076,36.5366,92.1938,0
1745404322.832,2.061,3.572,-0.4544,-1.1265,-4.5882,-0.7145,36.5429,92.2024,0
1745404322.912,2.058,3.575,-0.4545,-1.1266,-4.5883,-0.7131,36.5472,92.2020,0
1745404322.992,2.067,3.576,-0.4544,-1.1265,-4.5882,-0.7137,36.5415,92.1989,0
1745404323.071,2.061,3.576,-0.4545,-1.1264,-4.5881,-0.7178,36.5381,92.2053,0
1745404323.151,2.061,3.574,-0.4544,-1.1265,-4.5882,-0.7190,36.5432,92.1980,0
1745404323.231,2.062,3.577,-0.4543,-1.1265,-4.5881,-0.7209,36.5404,92.2020,0
1745404323.310,2.062,3.573,-0.4543,-1.1265,-4.5880,-0.7092,36.5461,92.1929,0
1745404323.390,2.060,3.574,-0.4544,-1.1264,-4.5879,-0.7116,36.5452,92.2010,0
1745404323.470,2.062,3.574,-0.4543,-1.1264,-4.5879,-0.7090,36.5491,92.1945,0
1745404323.549,2.062,3.574,-0.4544,-1.1264,-4.5879,-0.6958,36.5436,92.1625,0
1745404323.629,2.064,3.576,-0.4577,-1.1264,-4.5832,-0.6889,36.6656,92.1190,0
1745404323.708,2.059,3.575,-0.4647,-1.1262,-4.5741,-0.6385,36.4667,92.0817,0
1745404323.788,2.059,3.568,-0.4716,-1.1270,-4.5656,-0.5159,36.4672,92.0488,0
1745404323.868,2.060,3.568,-0.4751,-1.1276,-4.5614,-0.4747,36.4427,92.0932,0
1745404323.948,2.060,3.557,-0.4752,-1.1274,-4.5615,-0.4678,36.4583,92.0426,0
1745404324.027,2.059,3.543,-0.4748,-1.1274,-4.5618,-0.4672,36.4457,92.0348,0
1745404324.107,2.065,3.546,-0.4759,-1.1275,-4.5605,-0.4708,36.4360,92.0806,0
1745404324.186,2.066,3.544,-0.4797,-1.1272,-4.5554,-0.4016,36.4102,92.0157,0
1745404324.266,2.058,3.544,-0.4840,-1.1277,-4.5500,-0.4095,36.4239,92.0038,0
1745404324.346,2.058,3.540,-0.4876,-1.1279,-4.5449,-0.5093,36.3840,92.1812,0
1745404324.425,2.075,3.528,-0.4885,-1.1280,-4.5436,-0.5571,36.4368,92.1710,0
1745404324.505,2.075,3.520,-0.4883,-1.1279,-4.5440,-0.5385,36.4260,92.1222,0
1745404324.585,2.075,3.521,-0.4880,-1.1280,-4.5442,-0.5637,36.4178,92.1245,0
1745404324.664,2.076,3.521,-0.4882,-1.1278,-4.5439,-0.5499,36.4219,92.0814,0
1745404324.744,2.076,3.519,-0.4911,-1.1280,-4.5399,-0.6078,36.4011,92.1476,0
1745404324.824,2.076,3.522,-0.4959,-1.1282,-4.5337,-0.5587,36.2721,92.2126,0
1745404324.903,2.076,3.518,-0.4999,-1.1284,-4.5284,-0.4893,36.1437,92.2171,0
1745404324.983,2.079,3.505,-0.5018,-1.1285,-4.5258,-0.5011,36.1328,92.2413,0
1745404325.062,2.080,3.505,-0.5018,-1.1286,-4.5256,-0.5097,36.1647,92.2252,0
1745404325.142,2.080,3.501,-0.5019,-1.1285,-4.5255,-0.5022,36.1575,92.2354,0
1745404325.222,2.080,3.497,-0.5020,-1.1286,-4.5254,-0.4989,36.1577,92.2447,0
1745404325.301,2.079,3.497,-0.5019,-1.1287,-4.5256,-0.4973,36.1531,92.2248,0
1745404325.381,2.080,3.499,-0.5019,-1.1286,-4.5255,-0.4804,36.1505,92.2194,0
1745404325.461,2.080,3.499,-0.5019,-1.1286,-4.5255,-0.4817,36.1376,92.2232,0
1745404325.540,2.080,3.501,-0.5018,-1.1287,-4.5256,-0.4779,36.1392,92.2131,0
1745404325.620,2.079,3.501,-0.5018,-1.1286,-4.5257,-0.4848,36.1401,92.2233,0
1745404325.700,2.078,3.499,-0.5019,-1.1285,-4.5256,-0.4847,36.1451,92.2195,0
1745404325.779,2.079,3.500,-0.5019,-1.1285,-4.5256,-0.4766,36.1536,92.2147,0
1745404325.859,2.079,3.500,-0.5018,-1.1286,-4.5256,-0.4817,36.1564,92.2124,0
1745404325.939,2.079,3.501,-0.5020,-1.1285,-4.5253,-0.4858,36.1437,92.2013,0
1745404326.018,2.079,3.501,-0.5042,-1.1291,-4.5220,-0.5438,36.1668,92.2274,0
1745404326.098,2.080,3.500,-0.5071,-1.1290,-4.5183,-0.6025,36.0830,92.2730,0
1745404326.178,2.081,3.494,-0.5090,-1.1290,-4.5155,-0.6325,36.0386,92.3346,0
1745404326.257,2.081,3.494,-0.5090,-1.1289,-4.5154,-0.6275,36.0365,92.2817,0
1745404326.337,2.080,3.491,-0.5091,-1.1289,-4.5153,-0.6488,36.0358,92.3005,0
1745404326.417,2.082,3.489,-0.5091,-1.1289,-4.5154,-0.6560,36.0322,92.2956,0
1745404326.496,2.082,3.485,-0.5091,-1.1289,-4.5154,-0.6650,36.0244,92.2977,0
1745404326.576,2.081,3.484,-0.5099,-1.1289,-4.5145,-0.6470,36.0105,92.2690,0
1745404326.655,2.081,3.484,-0.5106,-1.1290,-4.5134,-0.6634,35.9644,92.2779,0
1745404326.735,2.082,3.485,-0.5111,-1.1291,-4.5126,-0.6569,36.0286,92.2738,0
1745404326.815,2.081,3.483,-0.5113,-1.1291,-4.5123,-0.6432,36.0358,92.2557,0
1745404326.894,2.081,3.485,-0.5113,-1.1291,-4.5121,-0.6393,36.0331,92.2479,0
1745404326.974,2.081,3.483,-0.5120,-1.1290,-4.5111,-0.6500,36.0901,92.2321,0
1745404327.054,2.081,3.483,-0.5139,-1.1291,-4.5085,-0.6983,36.0516,92.2709,0
1745404327.133,2.081,3.482,-0.5156,-1.1293,-4.5063,-0.6981,35.9857,92.2677,0
1745404327.213,2.081,3.482,-0.5163,-1.1294,-4.5053,-0.7084,36.0029,92.2691,0
1745404327.293,2.082,3.480,-0.5164,-1.1294,-4.5052,-0.7029,36.0078,92.2620,0
1745404327.372,2.082,3.474,-0.5166,-1.1293,-4.5049,-0.7006,36.0173,92.2603,0
1745404327.452,2.082,3.474,-0.5175,-1.1293,-4.5038,-0.6542,36.1361,92.2385,0
1745404327.531,2.082,3.478,-0.5192,-1.1294,-4.5015,-0.6634,35.9962,92.2010,0
1745404327.611,2.081,3.473,-0.5207,-1.1295,-4.4996,-0.6249,35.9343,92.1928,0
1745404327.691,2.083,3.468,-0.5211,-1.1296,-4.4990,-0.6426,35.9374,92.2037,0
1745404327.771,2.083,3.472,-0.5212,-1.1295,-4.4988,-0.6469,36.0021,92.2032,0
1745404327.850,2.083,3.472,-0.5235,-1.1296,-4.4959,-0.6226,35.9717,92.1875,0
1745404327.930,2.082,3.466,-0.5270,-1.1298,-4.4912,-0.6324,35.9617,92.2549,0
1745404328.009,2.082,3.464,-0.5296,-1.1300,-4.4877,-0.6480,35.9749,92.2894,0
1745404328.089,2.082,3.460,-0.5305,-1.1299,-4.4864,-0.6425,35.9542,92.2893,0
1745404328.169,2.083,3.455,-0.5306,-1.1299,-4.4863,-0.6380,35.9532,92.2826,0
1745404328.248,2.083,3.455,-0.5317,-1.1299,-4.4846,-0.5884,35.8819,92.2691,0
1745404328.328,2.082,3.451,-0.5348,-1.1301,-4.4805,-0.6735,35.9118,92.2527,0
1745404328.408,2.083,3.453,-0.5381,-1.1300,-4.4764,-0.6081,35.8866,92.2461,0
1745404328.487,2.085,3.446,-0.5399,-1.1302,-4.4736,-0.6645,35.9043,92.3119,0
1745404328.567,2.083,3.446,-0.5401,-1.1303,-4.4736,-0.6123,35.8350,92.2405,0
1745404328.647,2.083,3.440,-0.5420,-1.1303,-4.4711,-0.7197,35.8449,92.4105,0
1745404328.726,2.085,3.439,-0.5472,-1.1305,-4.4637,-0.6304,35.7211,92.3009,0
1745404328.806,2.084,3.433,-0.5529,-1.1308,-4.4562,-0.6202,35.6548,92.3413,0
1745404328.886,2.087,3.422,-0.5562,-1.1309,-4.4512,-0.7295,35.6714,92.4525,0
1745404328.965,2.087,3.422,-0.5567,-1.1311,-4.4507,-0.7255,35.6502,92.4531,0
1745404329.045,2.087,3.408,-0.5567,-1.1311,-4.4507,-0.7276,35.6362,92.4599,0
1745404329.124,2.089,3.407,-0.5567,-1.1312,-4.4507,-0.7341,35.6435,92.4636,0
1745404329.204,2.090,3.405,-0.5566,-1.1311,-4.4507,-0.7510,35.6415,92.4697,0
1745404329.284,2.088,3.408,-0.5566,-1.1311,-4.4507,-0.7423,35.6346,92.4677,0
1745404329.363,2.090,3.408,-0.5566,-1.1311,-4.4507,-0.7391,35.6313,92.4654,0
1745404329.443,2.090,3.404,-0.5566,-1.1311,-4.4506,-0.7427,35.6286,92.4667,0
1745404329.523,2.088,3.409,-0.5566,-1.1311,-4.4506,-0.7320,35.6244,92.4608,0
1745404329.602,2.088,3.408,-0.5566,-1.1312,-4.4507,-0.7367,35.6272,92.4634,0
1745404329.682,2.088,3.405,-0.5566,-1.1312,-4.4507,-0.7304,35.6318,92.4586,0
1745404329.762,2.089,3.405,-0.5565,-1.1312,-4.4508,-0.7462,35.6336,92.4671,0
1745404329.841,2.089,3.405,-0.5567,-1.1311,-4.4507,-0.7529,35.6238,92.4765,0
1745404329.921,2.089,3.408,-0.5566,-1.1312,-4.4505,-0.7486,35.6295,92.4723,0
1745404330.001,2.088,3.405,-0.5567,-1.1311,-4.4506,-0.7462,35.6323,92.4727,0
1745404330.080,2.087,3.407,-0.5566,-1.1311,-4.4506,-0.7337,35.6268,92.4489,0
1745404330.160,2.088,3.407,-0.5566,-1.1312,-4.4507,-0.7411,35.6280,92.4482,0
1745404330.240,2.088,3.405,-0.5565,-1.1312,-4.4508,-0.7482,35.6243,92.4567,0
1745404330.319,2.089,3.408,-0.5566,-1.1311,-4.4505,-0.7332,35.6236,92.4514,0
1745404330.399,2.088,3.406,-0.5565,-1.1313,-4.4506,-0.7357,35.6214,92.4400,0
1745404330.478,2.088,3.405,-0.5566,-1.1311,-4.4507,-0.7472,35.6178,92.4559,0
1745404330.558,2.088,3.405,-0.5565,-1.1313,-4.4506,-0.7583,35.6157,92.4631,0
1745404330.638,2.088,3.404,-0.5566,-1.1311,-4.4505,-0.7464,35.6221,92.4647,0
1745404330.717,2.089,3.405,-0.5566,-1.1311,-4.4506,-0.7375,35.6247,92.4499,0
1745404330.917,2.089,3.408,-0.5566,-1.1314,-4.4507,-0.7348,35.6257,92.4365,0
1745404330.996,2.090,3.405,-0.5566,-1.1311,-4.4504,-0.7380,35.6197,92.4431,0
1745404333.127,2.088,3.408,-0.5566,-1.1311,-4.4504,-0.7373,35.6081,92.4343,0
1745404333.206,2.089,3.408,-0.5565,-1.1311,-4.4505,-0.7350,35.6040,92.4263,0
1745404333.286,2.088,3.407,-0.5565,-1.1312,-4.4506,-0.7434,35.6051,92.4405,0
1745404333.366,2.088,3.407,-0.5566,-1.1312,-4.4505,-0.7353,35.6060,92.4381,0
1745404333.445,2.088,3.407,-0.5566,-1.1311,-4.4504,-0.7327,35.6094,92.4286,0
1745404333.525,2.090,3.405,-0.5566,-1.1310,-4.4504,-0.7329,35.6085,92.4220,0
1745404333.605,2.088,3.405,-0.5565,-1.1312,-4.4504,-0.7326,35.6099,92.4211,0
1745404333.684,2.088,3.408,-0.5565,-1.1311,-4.4506,-0.7313,35.6076,92.4124,0
1745404333.764,2.088,3.405,-0.5566,-1.1311,-4.4504,-0.7334,35.6021,92.4267,0
1745404333.844,2.088,3.405,-0.5566,-1.1311,-4.4504,-0.7308,35.5998,92.4291,0
1745404333.923,2.088,3.405,-0.5566,-1.1311,-4.4505,-0.7466,35.6127,92.4365,0
1745404334.003,2.088,3.408,-0.5566,-1.1312,-4.4505,-0.7428,35.6132,92.4338,0
1745404334.083,2.089,3.409,-0.5566,-1.1311,-4.4503,-0.7464,35.5985,92.4433,0
1745404334.162,2.088,3.409,-0.5567,-1.1310,-4.4503,-0.7346,35.5955,92.4375,0
1745404334.242,2.088,3.408,-0.5566,-1.1311,-4.4505,-0.7416,35.5910,92.4409,0
1745404334.321,2.088,3.405,-0.5566,-1.1312,-4.4504,-0.7581,35.5896,92.4489,0
1745404334.401,2.088,3.407,-0.5566,-1.1312,-4.4504,-0.7647,35.5780,92.4510,0
1745404334.481,2.089,3.405,-0.5565,-1.1311,-4.4504,-0.7598,35.5890,92.4521,0
1745404334.560,2.088,3.405,-0.5566,-1.1311,-4.4505,-0.7438,35.6007,92.4459,0
1745404334.640,2.088,3.407,-0.5566,-1.1310,-4.4503,-0.7328,35.6002,92.4302,0
1745404334.720,2.089,3.405,-0.5566,-1.1311,-4.4504,-0.7250,35.6009,92.4220,0
1745404334.799,2.088,3.408,-0.5566,-1.1312,-4.4504,-0.7336,35.5957,92.4240,0
1745404334.998,2.088,3.409,-0.5566,-1.1310,-4.4503,-0.7226,35.6049,92.4282,0
1745404335.198,2.089,3.408,-0.5565,-1.1312,-4.4503,-0.7348,35.6074,92.4248,0
1745404335.397,2.089,3.405,-0.5566,-1.1310,-4.4503,-0.7299,35.6023,92.4289,0
1745404335.476,2.089,3.409,-0.5566,-1.1311,-4.4503,-0.7357,35.6011,92.4295,0
1745404335.675,2.089,3.409,-0.5566,-1.1311,-4.4503,-0.7382,35.6007,92.4259,0
1745404336.113,2.089,3.405,-0.5565,-1.1311,-4.4502,-0.7204,35.6142,92.4071,0
1745404336.313,2.089,3.408,-0.5566,-1.1310,-4.4500,-0.7201,35.6027,92.4097,0
1745404336.631,2.090,3.409,-0.5565,-1.1311,-4.4500,-0.7333,35.5964,92.4055,0
1745404336.711,2.089,3.405,-0.5566,-1.1311,-4.4501,-0.7317,35.6039,92.4030,0
1745404336.790,2.088,3.409,-0.5566,-1.1309,-4.4499,-0.7372,35.6046,92.4158,0
1745404339.280,2.090,3.404,-0.5565,-1.1309,-4.4498,-0.7251,35.5911,92.3995,0
1745404339.359,2.088,3.405,-0.5566,-1.1310,-4.4497,-0.7320,35.5889,92.4054,0
1745404339.439,2.088,3.405,-0.5565,-1.1309,-4.4498,-0.7237,35.5868,92.3967,0
1745404339.518,2.089,3.408,-0.5567,-1.1309,-4.4496,-0.7126,35.5912,92.3822,0
1745404339.598,2.089,3.409,-0.5565,-1.1310,-4.4498,-0.7074,35.5929,92.3608,0
1745404339.678,2.088,3.406,-0.5564,-1.1310,-4.4498,-0.7172,35.5901,92.3701,0
1745404339.757,2.088,3.406,-0.5566,-1.1310,-4.4498,-0.7167,35.5873,92.3647,0
1745404339.837,2.088,3.404,-0.5566,-1.1310,-4.4497,-0.7328,35.5858,92.3877,0
1745404339.917,2.088,3.409,-0.5565,-1.1309,-4.4497,-0.7323,35.5861,92.3785,0
1745404339.996,2.090,3.408,-0.5565,-1.1310,-4.4497,-0.7382,35.5932,92.3832,0
1745404340.076,2.090,3.405,-0.5566,-1.1310,-4.4496,-0.7462,35.5830,92.3893,0
1745404340.156,2.088,3.405,-0.5566,-1.1309,-4.4497,-0.7458,35.5895,92.3922,0
1745404340.235,2.088,3.409,-0.5566,-1.1309,-4.4496,-0.7531,35.5839,92.4058,0
1745404340.315,2.089,3.405,-0.5564,-1.1311,-4.4498,-0.7511,35.5860,92.3974,0
1745404340.395,2.088,3.404,-0.5566,-1.1311,-4.4497,-0.7426,35.5773,92.3958,0
1745404340.474,2.090,3.410,-0.5564,-1.1310,-4.4497,-0.7540,35.5852,92.3959,0
1745404340.554,2.088,3.410,-0.5567,-1.1310,-4.4497,-0.7539,35.5785,92.4111,0
1745404340.633,2.088,3.408,-0.5566,-1.1309,-4.4496,-0.7464,35.5780,92.4005,0
1745404340.713,2.090,3.405,-0.5566,-1.1308,-4.4495,-0.7368,35.5770,92.3939,0
1745404340.793,2.090,3.408,-0.5566,-1.1310,-4.4496,-0.7296,35.5838,92.3787,0
1745404340.872,2.089,3.408,-0.5565,-1.1309,-4.4497,-0.7251,35.5751,92.3870,0
1745404340.952,2.089,3.408,-0.5565,-1.1308,-4.4496,-0.7284,35.5773,92.3925,0
1745404341.032,2.089,3.405,-0.5565,-1.1309,-4.4497,-0.7346,35.5765,92.3972,0
1745404341.111,2.089,3.408,-0.5565,-1.1309,-4.4496,-0.7213,35.5823,92.3809,0
1745404341.191,2.089,3.405,-0.5565,-1.1308,-4.4495,-0.7208,35.5813,92.3819,0
1745404341.271,2.088,3.405,-0.5565,-1.1309,-4.4496,-0.7171,35.5818,92.3727,0
1745404341.350,2.089,3.405,-0.5565,-1.1308,-4.4496,-0.7117,35.5837,92.3762,0
1745404341.430,2.089,3.405,-0.5565,-1.1310,-4.4496,-0.7213,35.5902,92.3867,0
1745404341.510,2.090,3.404,-0.5566,-1.1309,-4.4496,-0.7349,35.5818,92.4071,0
1745404341.589,2.088,3.408,-0.5566,-1.1309,-4.4496,-0.7413,35.5767,92.4110,0
1745404341.669,2.089,3.409,-0.5566,-1.1308,-4.4496,-0.7399,35.5768,92.4121,0
1745404341.748,2.090,3.409,-0.5565,-1.1310,-4.4497,-0.7228,35.5846,92.3888,0
1745404341.828,2.090,3.407,-0.5564,-1.1310,-4.4497,-0.7387,35.5878,92.3963,0
1745404341.908,2.089,3.405,-0.5565,-1.1311,-4.4495,-0.7345,35.5937,92.4066,0
1745404341.987,2.089,3.409,-0.5565,-1.1309,-4.4494,-0.7181,35.5948,92.3964,0
1745404342.067,2.088,3.409,-0.5566,-1.1309,-4.4494,-0.7193,35.6059,92.3973,0
1745404342.147,2.089,3.409,-0.5566,-1.1308,-4.4493,-0.7245,35.5812,92.4106,0
1745404342.226,2.089,3.405,-0.5565,-1.1309,-4.4495,-0.7304,35.5795,92.4108,0
1745404342.306,2.089,3.405,-0.5565,-1.1310,-4.4496,-0.7172,35.5804,92.4009,0
1745404342.386,2.090,3.405,-0.5565,-1.1309,-4.4495,-0.7160,35.5776,92.3995,0
1745404342.465,2.088,3.409,-0.5565,-1.1309,-4.4495,-0.7081,35.5800,92.3927,0
1745404342.545,2.088,3.409,-0.5565,-1.1309,-4.4494,-0.7091,35.5732,92.3852,0
1745404342.624,2.089,3.409,-0.5566,-1.1310,-4.4496,-0.6992,35.5820,92.3671,0
1745404342.704,2.090,3.404,-0.5564,-1.1309,-4.4496,-0.7015,35.5780,92.3660,0
1745404342.784,2.089,3.408,-0.5565,-1.1310,-4.4496,-0.7025,35.5849,92.3667,0
1745404342.863,2.088,3.408,-0.5566,-1.1309,-4.4497,-0.7008,35.5844,92.3637,0
1745404342.943,2.088,3.408,-0.5566,-1.1309,-4.4497,-0.7126,35.5752,92.3662,0
1745404343.023,2.091,3.405,-0.5564,-1.1310,-4.4497,-0.7132,35.5891,92.3694,0
1745404343.102,2.089,3.410,-0.5563,-1.1310,-4.4497,-0.7105,35.5969,92.3699,0
1745404343.182,2.089,3.404,-0.5565,-1.1309,-4.4495,-0.7100,35.5875,92.3759,0
1745404343.262,2.089,3.407,-0.5564,-1.1310,-4.4497,-0.7077,35.5828,92.3666,0
1745404343.341,2.089,3.407,-0.5565,-1.1309,-4.4498,-0.7136,35.5774,92.3778,0
1745404343.421,2.088,3.411,-0.5564,-1.1308,-4.4496,-0.7180,35.5823,92.3885,0
1745404343.501,2.090,3.409,-0.5565,-1.1310,-4.4497,-0.7197,35.5806,92.3914,0
1745404343.580,2.090,3.409,-0.5566,-1.1309,-4.4495,-0.7192,35.5762,92.3995,0
1745404343.660,2.089,3.404,-0.5565,-1.1309,-4.4495,-0.7201,35.5741,92.4036,0
1745404343.740,2.089,3.404,-0.5565,-1.1310,-4.4496,-0.7212,35.5685,92.3970,0
1745404343.819,2.089,3.405,-0.5566,-1.1310,-4.4495,-0.7346,35.5618,92.4129,0
1745404343.899,2.089,3.408,-0.5566,-1.1308,-4.4496,-0.7363,35.5561,92.4141,0
1745404343.979,2.090,3.407,-0.5565,-1.1309,-4.4494,-0.7262,35.5613,92.4014,0
1745404344.058,2.089,3.408,-0.5569,-1.1309,-4.4491,-0.7319,35.5508,92.3741,0
1745404344.138,2.089,3.408,-0.5585,-1.1310,-4.4467,-0.7410,35.5715,92.4153,0
1745404344.218,2.088,3.408,-0.5615,-1.1311,-4.4425,-0.7352,35.5154,92.3356,0
1745404346.587,2.095,3.337,-0.5972,-1.1332,-4.3946,-0.6592,35.4234,92.1748,0
1745404346.667,2.093,3.340,-0.5972,-1.1334,-4.3946,-0.6723,35.4326,92.1816,0
1745404346.746,2.095,3.340,-0.5971,-1.1332,-4.3943,-0.6769,35.4278,92.1909,0
1745404346.826,2.095,3.343,-0.5971,-1.1332,-4.3945,-0.6551,35.4317,92.1687,0
1745404346.906,2.096,3.339,-0.5970,-1.1332,-4.3945,-0.6610,35.4338,92.1731,0
1745404346.985,2.095,3.339,-0.5972,-1.1330,-4.3944,-0.6636,35.4259,92.1816,0
1745404347.065,2.093,3.338,-0.5970,-1.1332,-4.3945,-0.6668,35.4169,92.1767,0
1745404347.144,2.095,3.338,-0.5971,-1.1331,-4.3945,-0.6546,35.4234,92.1646,0
1745404347.224,2.095,3.340,-0.5971,-1.1332,-4.3945,-0.6642,35.4236,92.1767,0
1745404347.304,2.095,3.340,-0.5970,-1.1333,-4.3945,-0.6637,35.4195,92.1716,0
1745404347.383,2.093,3.340,-0.5972,-1.1333,-4.3946,-0.6521,35.4237,92.1592,0
1745404347.463,2.094,3.338,-0.5971,-1.1333,-4.3946,-0.6456,35.4347,92.1432,0
1745404347.543,2.093,3.338,-0.5971,-1.1333,-4.3946,-0.6475,35.4239,92.1488,0
1745404347.622,2.093,3.338,-0.5972,-1.1332,-4.3944,-0.6486,35.4270,92.1565,0
1745404347.702,2.093,3.338,-0.5971,-1.1332,-4.3945,-0.6514,35.4224,92.1514,0
1745404347.782,2.095,3.343,-0.5972,-1.1332,-4.3945,-0.6579,35.4162,92.1633,0
1745404347.861,2.095,3.343,-0.5971,-1.1332,-4.3945,-0.6672,35.4110,92.1616,0
1745404347.941,2.095,3.343,-0.5971,-1.1332,-4.3944,-0.6736,35.4078,92.1760,0
1745404348.021,2.095,3.338,-0.5971,-1.1333,-4.3945,-0.6736,35.4102,92.1681,0
1745404348.100,2.094,3.338,-0.5972,-1.1332,-4.3945,-0.6803,35.4158,92.1769,0
1745404348.180,2.095,3.343,-0.5970,-1.1332,-4.3945,-0.6796,35.4156,92.1737,0
1745404348.260,2.093,3.341,-0.5971,-1.1333,-4.3946,-0.6737,35.4213,92.1733,0
1745404348.339,2.093,3.341,-0.5971,-1.1332,-4.3946,-0.6659,35.4228,92.1685,0
1745404348.419,2.094,3.345,-0.5971,-1.1332,-4.3945,-0.6668,35.4274,92.1719,0
1745404348.498,2.093,3.338,-0.5971,-1.1333,-4.3946,-0.6644,35.4324,92.1586,0
1745404348.578,2.094,3.338,-0.5971,-1.1332,-4.3945,-0.6651,35.4254,92.1630,0
1745404348.658,2.096,3.343,-0.5971,-1.1331,-4.3943,-0.6561,35.4232,92.1651,0
1745404348.738,2.096,3.343,-0.5972,-1.1331,-4.3944,-0.6470,35.4250,92.1516,0
1745404348.817,2.095,3.340,-0.5971,-1.1333,-4.3945,-0.6475,35.4265,92.1505,0
1745404348.897,2.094,3.337,-0.5972,-1.1332,-4.3943,-0.6376,35.4279,92.1488,0
1745404348.977,2.094,3.338,-0.5970,-1.1332,-4.3946,-0.6413,35.4311,92.1476,0
1745404349.056,2.095,3.344,-0.5971,-1.1332,-4.3945,-0.6417,35.4296,92.1437,0
1745404349.136,2.095,3.344,-0.5971,-1.1333,-4.3944,-0.6529,35.4327,92.1456,0
1745404349.215,2.094,3.337,-0.5971,-1.1333,-4.3945,-0.6460,35.4275,92.1364,0
1745404349.295,2.094,3.343,-0.5971,-1.1333,-4.3946,-0.6398,35.4331,92.1290,0
1745404349.375,2.095,3.344,-0.5971,-1.1332,-4.3944,-0.6390,35.4322,92.1268,0
1745404349.454,2.094,3.338,-0.5971,-1.1332,-4.3944,-0.6565,35.4313,92.1387,0
1745404349.534,2.094,3.338,-0.5971,-1.1332,-4.3944,-0.6594,35.4292,92.1452,0
1745404349.614,2.095,3.344,-0.5972,-1.1330,-4.3942,-0.6593,35.4290,92.1429,0
1745404349.693,2.094,3.339,-0.5971,-1.1332,-4.3944,-0.6553,35.4226,92.1415,0
1745404349.773,2.094,3.339,-0.5970,-1.1332,-4.3943,-0.6563,35.4280,92.1428,0
1745404349.852,2.095,3.343,-0.5971,-1.1332,-4.3944,-0.6567,35.4334,92.1407,0
1745404349.932,2.095,3.343,-0.5970,-1.1333,-4.3944,-0.6514,35.4345,92.1369,0
1745404350.012,2.094,3.339,-0.5988,-1.1331,-4.3921,-0.5952,35.4862,92.0973,0
1745404350.091,2.095,3.344,-0.6029,-1.1332,-4.3866,-0.5951,35.4341,92.1130,0
1745404350.171,2.094,3.339,-0.6097,-1.1335,-4.3775,-0.6083,35.4010,92.1232,0
1745404350.251,2.095,3.325,-0.6172,-1.1342,-4.3669,-0.6657,35.4354,92.1769,0
1745404350.330,2.095,3.325,-0.6240,-1.1347,-4.3577,-0.6102,35.2489,92.2430,0
1745404350.410,2.095,3.312,-0.6266,-1.1348,-4.3538,-0.6956,35.2326,92.3204,0
1745404350.490,2.099,3.298,-0.6263,-1.1347,-4.3543,-0.6623,35.2403,92.2666,0
1745404350.569,2.099,3.288,-0.6258,-1.1348,-4.3550,-0.6556,35.2803,92.2589,0
1745404350.649,2.099,3.288,-0.6257,-1.1346,-4.3552,-0.6441,35.2068,92.2299,0
1745404350.729,2.099,3.292,-0.6256,-1.1347,-4.3552,-0.6430,35.2045,92.2574,0
1745404350.808,2.098,3.288,-0.6258,-1.1347,-4.3552,-0.6451,35.1935,92.2628,0
1745404350.888,2.098,3.290,-0.6257,-1.1347,-4.3552,-0.6565,35.1827,92.2720,0
1745404350.968,2.098,3.290,-0.6257,-1.1348,-4.3554,-0.6528,35.1803,92.2699,0
1745404351.047,2.100,3.290,-0.6258,-1.1346,-4.3552,-0.6562,35.1787,92.2775,0
1745404351.127,2.100,3.290,-0.6257,-1.1347,-4.3554,-0.6484,35.1755,92.2682,0
1745404351.207,2.097,3.295,-0.6258,-1.1348,-4.3554,-0.6468,35.1816,92.2670,0
1745404351.286,2.098,3.294,-0.6258,-1.1347,-4.3553,-0.6465,35.1814,92.2740,0
1745404351.366,2.099,3.290,-0.6258,-1.1347,-4.3554,-0.6537,35.1820,92.2694,0
1745404351.445,2.098,3.290,-0.6257,-1.1348,-4.3555,-0.6543,35.1764,92.2621,0
1745404351.525,2.098,3.293,-0.6257,-1.1348,-4.3555,-0.6439,35.1793,92.2689,0
1745404351.605,2.097,3.293,-0.6257,-1.1348,-4.3556,-0.6385,35.1825,92.2619,0
1745404351.684,2.099,3.293,-0.6258,-1.1348,-4.3555,-0.6433,35.1812,92.2655,0
1745404351.764,2.100,3.288,-0.6258,-1.1348,-4.3555,-0.6326,35.1823,92.2577,0
1745404351.844,2.097,3.288,-0.6258,-1.1349,-4.3556,-0.6379,35.1866,92.2598,0
1745404351.923,2.097,3.294,-0.6257,-1.1349,-4.3556,-0.6418,35.1876,92.2633,0
1745404352.003,2.098,3.290,-0.6258,-1.1349,-4.3557,-0.6382,35.1914,92.2662,0
1745404352.083,2.097,3.294,-0.6257,-1.1349,-4.3558,-0.6422,35.1879,92.2671,0
1745404352.162,2.097,3.289,-0.6258,-1.1350,-4.3558,-0.6433,35.1836,92.2815,0
1745404352.242,2.098,3.289,-0.6258,-1.1348,-4.3556,-0.6547,35.1733,92.2861,0
1745404352.322,2.098,3.293,-0.6258,-1.1349,-4.3558,-0.6543,35.1819,92.2844,0
1745404352.401,2.097,3.290,-0.6258,-1.1349,-4.3558,-0.6481,35.1819,92.2823,0
1745404352.481,2.098,3.293,-0.6258,-1.1348,-4.3558,-0.6406,35.1834,92.2748,0
1745404352.560,2.099,3.293,-0.6257,-1.1349,-4.3559,-0.6563,35.1769,92.2771,0
1745404352.640,2.099,3.293,-0.6258,-1.1349,-4.3558,-0.6460,35.1788,92.2788,0
1745404352.720,2.099,3.292,-0.6259,-1.1349,-4.3557,-0.6539,35.1753,92.2917,0
1745404352.799,2.098,3.289,-0.6258,-1.1349,-4.3559,-0.6533,35.1710,92.2883,0
1745404352.879,2.098,3.293,-0.6259,-1.1349,-4.3558,-0.6705,35.1824,92.2981,0
1745404352.959,2.099,3.289,-0.6258,-1.1349,-4.3557,-0.6722,35.1791,92.2976,0
1745404353.038,2.098,3.289,-0.6258,-1.1348,-4.3559,-0.6884,35.1802,92.3164,0
1745404353.118,2.098,3.287,-0.6258,-1.1350,-4.3559,-0.6848,35.1720,92.3196,0
1745404353.198,2.098,3.289,-0.6257,-1.1349,-4.3560,-0.6666,35.1833,92.3018,0
1745404353.277,2.098,3.288,-0.6259,-1.1350,-4.3559,-0.6857,35.1835,92.3179,0
1745404353.357,2.098,3.293,-0.6258,-1.1350,-4.3559,-0.6886,35.1702,92.3167,0
1745404353.437,2.098,3.293,-0.6257,-1.1350,-4.3561,-0.6892,35.1697,92.3234,0
1745404353.516,2.098,3.288,-0.6259,-1.1350,-4.3559,-0.6965,35.1778,92.3284,0
1745404353.596,2.098,3.290,-0.6259,-1.1349,-4.3559,-0.6876,35.1747,92.3169,0
1745404353.676,2.099,3.293,-0.6258,-1.1350,-4.3559,-0.6917,35.1618,92.3168,0
1745404353.755,2.098,3.290,-0.6257,-1.1350,-4.3560,-0.6958,35.1507,92.3282,0
1745404353.835,2.098,3.290,-0.6259,-1.1349,-4.3558,-0.6832,35.1576,92.3211,0
1745404353.915,2.098,3.290,-0.6258,-1.1349,-4.3559,-0.6979,35.1595,92.3275,0
1745404353.994,2.098,3.289,-0.6259,-1.1350,-4.3560,-0.6820,35.1593,92.3267,0
1745404354.074,2.098,3.292,-0.6258,-1.1349,-4.3559,-0.6991,35.1606,92.3352,0
1745404354.153,2.098,3.292,-0.6258,-1.1349,-4.3559,-0.6938,35.1628,92.3325,0
1745404354.233,2.098,3.292,-0.6259,-1.1350,-4.3560,-0.6959,35.1560,92.3295,0
1745404354.313,2.100,3.292,-0.6269,-1.1351,-4.3547,-0.6563,35.3475,92.2284,0
1745404354.392,2.098,3.289,-0.6301,-1.1351,-4.3500,-0.7802,35.3393,92.3205,0
1745404354.472,2.098,3.291,-0.6351,-1.1353,-4.3437,-0.7734,35.4785,92.2274,0
1745404354.552,2.098,3.284,-0.6409,-1.1357,-4.3364,-0.8267,35.7408,92.1859,0
1745404354.631,2.098,3.284,-0.6465,-1.1357,-4.3296,-0.7745,35.9359,92.0988,0
1745404354.711,2.098,3.270,-0.6516,-1.1361,-4.3235,-0.7163,36.2705,92.0411,0
1745404354.791,2.097,3.255,-0.6560,-1.1362,-4.3184,-0.6884,36.5443,92.0182,0
1745404354.870,2.097,3.250,-0.6599,-1.1362,-4.3136,-0.6938,36.7359,91.9611,0
1745404354.950,2.097,3.235,-0.6637,-1.1366,-4.3090,-0.6856,36.9481,91.9086,0
1745404355.029,2.097,3.235,-0.6682,-1.1368,-4.3038,-0.7009,37.1512,91.9001,0
1745404355.109,2.095,3.227,-0.6730,-1.1370,-4.2982,-0.6228,37.3017,91.8241,0
1745404355.189,2.096,3.225,-0.6779,-1.1372,-4.2920,-0.7034,37.5162,91.9324,0
1745404355.268,2.095,3.211,-0.6829,-1.1375,-4.2860,-0.7278,37.7310,91.9480,0
1745404355.348,2.094,3.202,-0.6881,-1.1377,-4.2796,-0.8494,38.0172,92.0033,0
1745404355.428,2.094,3.202,-0.6931,-1.1380,-4.2742,-0.7840,38.1936,91.8945,0
1745404355.509,2.095,3.192,-0.6976,-1.1385,-4.2688,-0.8109,38.3534,91.8107,0
1745404355.587,2.095,3.176,-0.7020,-1.1386,-4.2638,-0.8775,38.5895,91.8499,0
1745404355.667,2.095,3.173,-0.7065,-1.1387,-4.2586,-0.9421,38.8781,91.9039,0
1745404355.746,2.094,3.157,-0.7108,-1.1389,-4.2533,-1.0338,38.9280,91.9846,0
1745404355.826,2.094,3.157,-0.7153,-1.1390,-4.2479,-0.9822,38.8637,91.9383,0
1745404355.905,2.093,3.155,-0.7195,-1.1393,-4.2429,-0.9390,38.8651,91.9087,0
1745404355.985,2.093,3.147,-0.7241,-1.1396,-4.2376,-0.8714,38.9208,91.8902,0
1745404356.065,2.094,3.137,-0.7290,-1.1395,-4.2321,-0.8274,38.9301,91.9066,0
1745404356.145,2.093,3.137,-0.7338,-1.1390,-4.2262,-0.8164,38.9483,91.9192,0
1745404356.224,2.093,3.123,-0.7383,-1.1396,-4.2208,-0.8358,38.9916,91.9156,0
1745404356.423,2.093,3.104,-0.7503,-1.1404,-4.2065,-0.8222,38.9593,92.0219,0
1745404356.503,2.093,3.094,-0.7551,-1.1404,-4.2008,-0.7776,38.8532,92.0377,0
1745404356.702,2.094,3.076,-0.7667,-1.1411,-4.1865,-0.8805,38.7118,92.0659,0
1745404356.901,2.095,3.063,-0.7740,-1.1413,-4.1774,-0.9083,38.6595,92.0450,0
1745404357.100,2.096,3.047,-0.7751,-1.1414,-4.1762,-0.8824,38.6331,92.0142,0
1745404357.180,2.095,3.048,-0.7751,-1.1414,-4.1761,-0.8787,38.6346,92.0120,0
1745404357.260,2.094,3.053,-0.7750,-1.1414,-4.1762,-0.8802,38.6272,92.0118,0
1745404357.578,2.094,3.048,-0.7752,-1.1414,-4.1762,-0.8678,38.6332,92.0066,0
1745404357.658,2.095,3.054,-0.7751,-1.1414,-4.1763,-0.8839,38.6241,92.0204,0
1745404357.737,2.095,3.054,-0.7750,-1.1415,-4.1762,-0.8716,38.6240,92.0129,0
1745404357.817,2.095,3.048,-0.7751,-1.1414,-4.1762,-0.8654,38.6212,92.0106,0
1745404357.897,2.095,3.052,-0.7750,-1.1416,-4.1763,-0.8585,38.6171,91.9977,0
1745404357.976,2.095,3.054,-0.7751,-1.1414,-4.1762,-0.8607,38.6177,92.0068,0
1745404358.056,2.095,3.054,-0.7750,-1.1414,-4.1764,-0.8616,38.6186,92.0114,0
1745404358.136,2.095,3.054,-0.7751,-1.1414,-4.1764,-0.8642,38.6157,92.0188,0
1745404358.215,2.095,3.047,-0.7751,-1.1415,-4.1763,-0.8772,38.6146,92.0293,0
1745404358.295,2.095,3.046,-0.7750,-1.1415,-4.1765,-0.8775,38.6096,92.0369,0
1745404358.374,2.095,3.054,-0.7751,-1.1415,-4.1764,-0.8821,38.6145,92.0420,0
1745404358.454,2.095,3.046,-0.7751,-1.1415,-4.1764,-0.8758,38.6114,92.0399,0
1745404358.534,2.095,3.046,-0.7751,-1.1415,-4.1765,-0.8734,38.6266,92.0313,0
1745404360.784,2.095,3.053,-0.7751,-1.1416,-4.1768,-0.8642,38.6218,91.9817,0
1745404360.864,2.096,3.049,-0.7751,-1.1415,-4.1768,-0.8828,38.6207,91.9957,0
1745404360.943,2.095,3.045,-0.7751,-1.1416,-4.1768,-0.8930,38.6244,92.0071,0
1745404361.023,2.095,3.045,-0.7751,-1.1417,-4.1767,-0.8961,38.6224,92.0120,0
1745404361.102,2.095,3.046,-0.7751,-1.1416,-4.1767,-0.8843,38.6140,92.0128,0
1745404361.182,2.095,3.049,-0.7751,-1.1417,-4.1769,-0.8632,38.6164,91.9917,0
1745404361.264,2.095,3.048,-0.7751,-1.1416,-4.1768,-0.8643,38.6170,91.9951,0
1745404361.341,2.094,3.046,-0.7751,-1.1416,-4.1767,-0.8670,38.6207,92.0003,0
1745404361.421,2.094,3.046,-0.7751,-1.1416,-4.1769,-0.8491,38.6242,91.9844,0
1745404361.501,2.093,3.045,-0.7751,-1.1416,-4.1770,-0.8494,38.6233,91.9786,0
1745404361.580,2.095,3.054,-0.7752,-1.1416,-4.1768,-0.8511,38.6233,91.9869,0
1745404361.662,2.095,3.052,-0.7752,-1.1416,-4.1768,-0.8510,38.6199,91.9852,0
1745404363.910,2.095,3.046,-0.7752,-1.1416,-4.1773,-0.8356,38.6188,91.9849,0
1745404363.990,2.096,3.054,-0.7751,-1.1416,-4.1772,-0.8417,38.6246,91.9890,0
1745404364.069,2.095,3.053,-0.7752,-1.1418,-4.1772,-0.8377,38.6254,91.9881,0
1745404364.149,2.094,3.048,-0.7752,-1.1415,-4.1771,-0.8539,38.6128,91.9928,0
1745404364.229,2.095,3.048,-0.7752,-1.1417,-4.1773,-0.8531,38.6161,91.9879,0
1745404364.308,2.095,3.053,-0.7753,-1.1417,-4.1773,-0.8402,38.6266,91.9858,0
1745404364.388,2.094,3.046,-0.7752,-1.1417,-4.1773,-0.8507,38.6222,91.9920,0
1745404364.467,2.095,3.046,-0.7752,-1.1417,-4.1774,-0.8504,38.6255,91.9970,0
1745404364.547,2.094,3.048,-0.7753,-1.1417,-4.1772,-0.8609,38.6226,92.0047,0
1745404364.627,2.094,3.048,-0.7752,-1.1417,-4.1773,-0.8416,38.6260,91.9850,0
1745404364.706,2.094,3.046,-0.7752,-1.1418,-4.1774,-0.8434,38.6257,91.9806,0
1745404364.786,2.096,3.053,-0.7752,-1.1418,-4.1774,-0.8557,38.6280,91.9866,0
1745404364.866,2.095,3.048,-0.7752,-1.1417,-4.1774,-0.8496,38.6262,91.9819,0
1745404364.945,2.094,3.046,-0.7752,-1.1417,-4.1774,-0.8487,38.6229,91.9768,0
1745404365.025,2.094,3.046,-0.7752,-1.1417,-4.1775,-0.8485,38.6208,91.9789,0
1745404365.105,2.095,3.048,-0.7754,-1.1416,-4.1774,-0.8479,38.6264,91.9835,0
1745404365.184,2.095,3.048,-0.7752,-1.1417,-4.1774,-0.8589,38.6182,91.9906,0
1745404365.264,2.094,3.048,-0.7752,-1.1417,-4.1775,-0.8513,38.6177,91.9868,0
1745404365.344,2.095,3.047,-0.7752,-1.1418,-4.1775,-0.8433,38.6228,91.9851,0
1745404365.423,2.095,3.047,-0.7753,-1.1417,-4.1774,-0.8457,38.6221,91.9883,0
1745404365.503,2.094,3.054,-0.7752,-1.1418,-4.1776,-0.8600,38.6155,91.9963,0
1745404365.583,2.095,3.045,-0.7753,-1.1418,-4.1776,-0.8587,38.6216,91.9982,0
1745404365.662,2.095,3.047,-0.7752,-1.1418,-4.1776,-0.8632,38.6205,92.0000,0
1745404365.742,2.095,3.053,-0.7752,-1.1417,-4.1776,-0.8741,38.6262,92.0059,0
1745404365.822,2.095,3.053,-0.7753,-1.1417,-4.1774,-0.8725,38.6258,92.0120,0
1745404365.901,2.095,3.053,-0.7753,-1.1417,-4.1774,-0.8520,38.6314,92.0001,0
1745404365.981,2.095,3.055,-0.7752,-1.1418,-4.1776,-0.8539,38.6340,91.9972,0
1745404366.060,2.094,3.053,-0.7753,-1.1418,-4.1776,-0.8550,38.6245,92.0008,0
1745404366.140,2.096,3.046,-0.7752,-1.1418,-4.1776,-0.8548,38.6223,92.0058,0
1745404366.220,2.096,3.046,-0.7753,-1.1417,-4.1775,-0.8560,38.6222,91.9932,0
1745404366.299,2.095,3.054,-0.7753,-1.1418,-4.1776,-0.8580,38.6181,91.9882,0
1745404366.379,2.095,3.046,-0.7752,-1.1419,-4.1777,-0.8619,38.6180,91.9860,0
1745404366.459,2.094,3.053,-0.7753,-1.1418,-4.1776,-0.8502,38.6156,91.9860,0
1745404366.538,2.095,3.049,-0.7753,-1.1418,-4.1777,-0.8617,38.6172,91.9906,0
1745404366.618,2.095,3.049,-0.7752,-1.1418,-4.1777,-0.8634,38.6171,91.9885,0
1745404366.698,2.095,3.054,-0.7753,-1.1418,-4.1777,-0.8686,38.6167,91.9955,0
1745404366.777,2.093,3.046,-0.7753,-1.1418,-4.1777,-0.8657,38.6190,91.9976,0
1745404366.857,2.095,3.054,-0.7753,-1.1418,-4.1777,-0.8707,38.6176,91.9950,0
1745404366.937,2.095,3.053,-0.7753,-1.1418,-4.1777,-0.8798,38.6164,91.9993,0
1745404367.016,2.095,3.053,-0.7753,-1.1418,-4.1777,-0.8790,38.6174,91.9978,0
1745404367.096,2.094,3.053,-0.7753,-1.1419,-4.1777,-0.8757,38.6245,92.0010,0
1745404367.176,2.096,3.047,-0.7753,-1.1417,-4.1777,-0.8708,38.6243,92.0043,0
1745404367.255,2.095,3.045,-0.7753,-1.1418,-4.1778,-0.8682,38.6222,92.0048,0
1745404367.335,2.096,3.045,-0.7752,-1.1419,-4.1778,-0.8669,38.6171,92.0058,0
1745404367.414,2.096,3.046,-0.7752,-1.1419,-4.1778,-0.8595,38.6151,92.0006,0
1745404367.494,2.095,3.053,-0.7753,-1.1418,-4.1777,-0.8670,38.6163,92.0001,0
1745404367.574,2.095,3.054,-0.7753,-1.1418,-4.1777,-0.8579,38.6174,91.9913,0
1745404367.654,2.095,3.047,-0.7753,-1.1419,-4.1778,-0.8490,38.6180,91.9814,0
1745404367.733,2.094,3.047,-0.7753,-1.1418,-4.1778,-0.8555,38.6205,91.9866,0
1745404367.813,2.094,3.053,-0.7752,-1.1419,-4.1779,-0.8529,38.6221,91.9888,0
1745404367.892,2.095,3.048,-0.7752,-1.1419,-4.1779,-0.8600,38.6257,91.9956,0
1745404367.972,2.095,3.046,-0.7753,-1.1419,-4.1778,-0.8645,38.6233,92.0005,0
1745404368.052,2.094,3.053,-0.7754,-1.1419,-4.1778,-0.8433,38.6209,91.9781,0
1745404368.131,2.094,3.053,-0.7755,-1.1418,-4.1777,-0.8424,38.6917,91.9684,0
1745404368.211,2.094,3.054,-0.7767,-1.1418,-4.1762,-0.8376,38.6326,91.9695,0
1745404368.291,2.094,3.053,-0.7784,-1.1419,-4.1742,-0.8168,38.6374,91.9300,0
1745404368.370,2.096,3.053,-0.7798,-1.1420,-4.1726,-0.7904,38.6185,91.9095,0
1745404368.450,2.094,3.047,-0.7803,-1.1421,-4.1720,-0.7660,38.6404,91.8825,0
1745404368.530,2.094,3.047,-0.7804,-1.1421,-4.1719,-0.7657,38.5942,91.8926,0
1745404368.609,2.094,3.046,-0.7803,-1.1420,-4.1720,-0.7731,38.5989,91.8895,0
1745404368.689,2.096,3.038,-0.7805,-1.1421,-4.1719,-0.7771,38.5976,91.8944,0
1745404368.768,2.096,3.043,-0.7804,-1.1422,-4.1721,-0.7787,38.5926,91.8883,0
1745404368.848,2.097,3.043,-0.7806,-1.1419,-4.1718,-0.7959,38.5837,91.9080,0
1745404368.928,2.096,3.043,-0.7804,-1.1420,-4.1719,-0.8027,38.5856,91.8959,0
1745404369.007,2.096,3.044,-0.7804,-1.1420,-4.1720,-0.7933,38.5917,91.8930,0
1745404369.087,2.095,3.039,-0.7804,-1.1420,-4.1720,-0.7939,38.5933,91.8991,0
1745404369.167,2.095,3.044,-0.7804,-1.1420,-4.1720,-0.7978,38.5870,91.9027,0
1745404369.246,2.095,3.040,-0.7807,-1.1420,-4.1716,-0.7982,38.5892,91.8917,0
1745404369.326,2.094,3.040,-0.7823,-1.1421,-4.1696,-0.7693,38.5786,91.8576,0
1745404369.406,2.094,3.038,-0.7853,-1.1422,-4.1661,-0.7684,38.6214,91.8877,0
1745404369.485,2.094,3.044,-0.7891,-1.1421,-4.1616,-0.7563,38.6485,91.9028,0
1745404369.565,2.094,3.039,-0.7927,-1.1423,-4.1571,-0.7267,38.6263,91.8587,0
1745404369.645,2.094,3.031,-0.7962,-1.1426,-4.1531,-0.7267,38.6409,91.8332,0
1745404369.724,2.096,3.031,-0.7991,-1.1426,-4.1494,-0.7567,38.6269,91.8281,0
1745404369.804,2.096,3.022,-0.8015,-1.1427,-4.1464,-0.7277,38.6212,91.7951,0
1745404369.884,2.095,3.010,-0.8040,-1.1426,-4.1433,-0.7669,38.6067,91.8388,0
1745404369.963,2.097,3.005,-0.8065,-1.1428,-4.1402,-0.7437,38.5491,91.8124,0
1745404370.043,2.096,3.005,-0.8095,-1.1431,-4.1366,-0.7643,38.5610,91.8472,0
1745404370.122,2.096,3.005,-0.8125,-1.1433,-4.1329,-0.7698,38.5415,91.8767,0
1745404370.202,2.096,2.999,-0.8155,-1.1433,-4.1290,-0.8181,38.5489,91.9314,0
1745404370.282,2.096,2.987,-0.8185,-1.1435,-4.1251,-0.8710,38.5271,91.9415,0
1745404370.361,2.096,2.989,-0.8214,-1.1436,-4.1214,-0.9279,38.5114,91.9888,0
1745404370.441,2.096,2.981,-0.8242,-1.1439,-4.1180,-0.9071,38.5189,91.9154,0
1745404370.521,2.096,2.981,-0.8271,-1.1441,-4.1146,-0.8576,38.4738,91.8886,0
1745404370.600,2.097,2.977,-0.8298,-1.1441,-4.1112,-0.8400,38.4734,91.8131,0
1745404370.680,2.097,2.971,-0.8315,-1.1441,-4.1091,-0.8500,38.4709,91.8400,0
1745404370.760,2.097,2.959,-0.8319,-1.1442,-4.1089,-0.8271,38.4134,91.8125,0
1745404370.839,2.097,2.958,-0.8319,-1.1442,-4.1087,-0.8346,38.4144,91.8196,0
1745404370.919,2.097,2.958,-0.8319,-1.1443,-4.1087,-0.8330,38.4143,91.8075,0
1745404370.999,2.097,2.957,-0.8318,-1.1442,-4.1088,-0.8314,38.4100,91.8084,0
1745404371.198,2.096,2.961,-0.8319,-1.1444,-4.1089,-0.8399,38.4044,91.8209,0
1745404371.277,2.096,2.956,-0.8319,-1.1442,-4.1089,-0.8443,38.3977,91.8278,0
1745404371.357,2.097,2.963,-0.8319,-1.1442,-4.1088,-0.8423,38.4049,91.8249,0
1745404373.488,2.097,2.962,-0.8319,-1.1444,-4.1091,-0.8266,38.3953,91.8112,0
1745404373.567,2.096,2.956,-0.8319,-1.1444,-4.1092,-0.8171,38.3961,91.8028,0
1745404373.647,2.096,2.961,-0.8319,-1.1444,-4.1091,-0.8323,38.3928,91.8185,0
1745404373.727,2.096,2.961,-0.8317,-1.1445,-4.1092,-0.8428,38.3465,91.8258,0
1745404373.806,2.096,2.956,-0.8319,-1.1443,-4.1092,-0.8252,38.2978,91.8437,0
1745404373.886,2.096,2.962,-0.8320,-1.1444,-4.1090,-0.8104,38.3256,91.8369,0
1745404373.965,2.098,2.957,-0.8320,-1.1444,-4.1090,-0.8155,38.3251,91.8331,0
1745404374.045,2.097,2.957,-0.8320,-1.1443,-4.1090,-0.8186,38.3254,91.8222,0
1745404374.125,2.095,2.957,-0.8319,-1.1444,-4.1091,-0.8184,38.3218,91.8240,0
1745404374.205,2.095,2.961,-0.8319,-1.1444,-4.1092,-0.8420,38.3271,91.8317,0
1745404374.284,2.096,2.957,-0.8321,-1.1443,-4.1090,-0.8306,38.3338,91.8264,0
1745404374.364,2.096,2.963,-0.8320,-1.1444,-4.1091,-0.8210,38.3333,91.8139,0
1745404374.443,2.097,2.962,-0.8320,-1.1445,-4.1091,-0.8238,38.3315,91.8166,0
1745404374.523,2.099,2.962,-0.8320,-1.1444,-4.1090,-0.8221,38.3331,91.8171,0
1745404374.602,2.099,2.964,-0.8321,-1.1444,-4.1091,-0.8122,38.3314,91.8124,0
1745404374.682,2.097,2.958,-0.8321,-1.1444,-4.1091,-0.8096,38.3435,91.8051,0
1745404374.881,2.096,2.961,-0.8351,-1.1445,-4.1047,-0.7973,38.0268,91.7716,0
1745404374.961,2.096,2.961,-0.8385,-1.1446,-4.1000,-0.8031,37.7828,91.7915,0
1745404375.041,2.097,2.956,-0.8431,-1.1446,-4.0936,-0.8255,37.3421,91.8007,0
1745404375.120,2.099,2.956,-0.8476,-1.1448,-4.0869,-0.7984,36.8179,91.7916,0
1745404375.200,2.099,2.942,-0.8518,-1.1451,-4.0807,-0.7402,36.4210,91.7866,0
1745404375.280,2.101,2.936,-0.8558,-1.1453,-4.0757,-0.6532,36.2831,91.7300,0
1745404375.359,2.078,2.937,-0.8596,-1.1453,-4.0706,-0.6400,36.2432,91.7615,0
1745404375.439,2.055,2.921,-0.8630,-1.1455,-4.0662,-0.5899,36.1635,91.7464,0
1745404375.518,2.063,2.921,-0.8664,-1.1457,-4.0619,-0.6065,36.1059,91.7623,0
1745404375.598,2.063,2.919,-0.8697,-1.1456,-4.0573,-0.6055,36.1085,91.7228,0
1745404375.797,2.095,2.901,-0.8792,-1.1459,-4.0439,-0.6840,35.9707,91.8337,0
1745404375.877,2.102,2.893,-0.8833,-1.1462,-4.0385,-0.6220,35.8654,91.8841,0
1745404375.957,2.109,2.885,-0.8869,-1.1465,-4.0332,-0.6947,35.7501,91.9010,0
1745404376.036,2.111,2.884,-0.8910,-1.1465,-4.0273,-0.7675,35.6731,91.9538,0
1745404376.116,2.111,2.884,-0.8948,-1.1465,-4.0220,-0.7268,35.5713,91.9259,0
1745404376.195,2.113,2.869,-0.8982,-1.1468,-4.0172,-0.8314,35.4970,91.9609,0
1745404376.275,2.113,2.862,-0.9016,-1.1470,-4.0125,-0.7974,35.4362,91.9007,0
1745404376.355,2.113,2.861,-0.9046,-1.1468,-4.0081,-0.7970,35.3451,91.8907,0
1745404376.434,2.116,2.847,-0.9065,-1.1473,-4.0057,-0.8330,35.3719,91.8998,0
1745404376.514,2.116,2.847,-0.9069,-1.1472,-4.0053,-0.8141,35.3802,91.9021,0
1745404376.594,2.115,2.841,-0.9065,-1.1470,-4.0054,-0.8363,35.3799,91.8983,0
1745404376.673,2.115,2.842,-0.9065,-1.1470,-4.0054,-0.8269,35.3759,91.8844,0
1745404376.753,2.116,2.842,-0.9066,-1.1471,-4.0054,-0.8235,35.3707,91.8822,0
1745404376.833,2.115,2.847,-0.9067,-1.1473,-4.0056,-0.8463,35.3726,91.8960,0
1745404376.912,2.115,2.847,-0.9063,-1.1468,-4.0052,-0.8756,35.3677,91.9255,0
1745404376.992,2.115,2.847,-0.9066,-1.1468,-4.0051,-0.8680,35.3694,91.9196,0
1745404377.072,2.115,2.846,-0.9064,-1.1469,-4.0051,-0.8981,35.3650,91.9433,0
1745404377.151,2.115,2.847,-0.9065,-1.1471,-4.0052,-0.9222,35.3722,91.9569,0
1745404377.231,2.114,2.842,-0.9065,-1.1469,-4.0050,-0.9298,35.3664,91.9567,0
1745404377.430,2.115,2.847,-0.9064,-1.1467,-4.0047,-0.9126,35.3631,91.9338,0
1745404377.510,2.115,2.847,-0.9066,-1.1471,-4.0048,-0.9412,35.3771,91.9669,0
1745404377.589,2.115,2.842,-0.9063,-1.1467,-4.0045,-0.9272,35.3677,91.9567,0
1745404377.669,2.114,2.843,-0.9063,-1.1469,-4.0046,-0.9254,35.3715,91.9439,0
1745404377.749,2.116,2.842,-0.9064,-1.1470,-4.0048,-0.8988,35.3720,91.9171,0
1745404377.828,2.114,2.842,-0.9063,-1.1467,-4.0046,-0.9194,35.3737,91.9299,0
1745404377.908,2.114,2.842,-0.9062,-1.1468,-4.0047,-0.8824,35.3669,91.9023,0
1745404377.988,2.115,2.842,-0.9063,-1.1469,-4.0047,-0.8767,35.3778,91.8990,0
1745404378.067,2.113,2.847,-0.9065,-1.1471,-4.0047,-0.9136,35.3813,91.9266,0
1745404378.147,2.114,2.846,-0.9064,-1.1469,-4.0046,-0.9026,35.3698,91.9126,0
1745404378.226,2.115,2.846,-0.9064,-1.1470,-4.0048,-0.9312,35.3674,91.9254,0
1745404378.306,2.115,2.846,-0.9063,-1.1467,-4.0043,-0.9499,35.3644,91.9478,0
1745404378.386,2.114,2.846,-0.9063,-1.1467,-4.0044,-0.9296,35.3708,91.9357,0
1745404378.465,2.115,2.847,-0.9063,-1.1467,-4.0043,-0.8905,35.3617,91.9153,0
1745404378.545,2.114,2.847,-0.9063,-1.1467,-4.0044,-0.9021,35.3621,91.9131,0
1745404378.625,2.114,2.847,-0.9063,-1.1467,-4.0044,-0.9202,35.3605,91.9235,0
1745404378.705,2.114,2.841,-0.9063,-1.1467,-4.0043,-0.8927,35.3066,91.9218,0
1745404378.784,2.114,2.842,-0.9065,-1.1470,-4.0043,-0.9382,35.2811,91.9358,0
1745404378.983,2.116,2.847,-0.9063,-1.1468,-4.0045,-0.8634,35.2804,91.8797,0
1745404379.063,2.116,2.847,-0.9063,-1.1468,-4.0045,-0.8602,35.2776,91.8792,0
1745404379.143,2.115,2.843,-0.9064,-1.1468,-4.0047,-0.8347,35.2740,91.8633,0
1745404379.342,2.115,2.843,-0.9067,-1.1469,-4.0042,-0.8581,35.2920,91.8622,0
1745404379.421,2.115,2.843,-0.9093,-1.1469,-4.0015,-0.8969,35.7711,91.8702,0
1745404379.501,2.115,2.847,-0.9142,-1.1470,-3.9966,-0.8871,36.6279,91.9054,0
1745404379.580,2.116,2.844,-0.9201,-1.1472,-3.9908,-0.8538,37.6526,91.8534,0
1745404379.660,2.112,2.832,-0.9262,-1.1474,-3.9851,-0.8562,38.6640,91.7973,0
1745404379.740,2.108,2.810,-0.9310,-1.1476,-3.9804,-0.8735,39.4586,91.8453,0
1745404379.820,2.077,2.810,-0.9344,-1.1478,-3.9774,-0.9119,40.0141,91.8774,0
1745404379.901,2.077,2.802,-0.9352,-1.1478,-3.9768,-0.8418,40.0980,91.8944,0
1745404379.979,2.076,2.792,-0.9353,-1.1477,-3.9766,-0.8139,40.0818,91.8677,0
1745404380.178,2.090,2.791,-0.9353,-1.1478,-3.9770,-0.7581,40.0981,91.8022,0
1745404380.257,2.090,2.797,-0.9353,-1.1479,-3.9771,-0.7452,40.1048,91.7803,0
1745404380.337,2.090,2.796,-0.9354,-1.1478,-3.9770,-0.7367,40.1049,91.7795,0
1745404380.417,2.091,2.796,-0.9352,-1.1480,-3.9774,-0.7261,40.1116,91.7505,0
1745404380.497,2.091,2.797,-0.9354,-1.1479,-3.9773,-0.7163,40.1123,91.7489,0
1745404380.576,2.091,2.791,-0.9354,-1.1479,-3.9774,-0.7039,40.1130,91.7355,0
1745404380.656,2.090,2.791,-0.9353,-1.1479,-3.9775,-0.6932,40.1111,91.7282,0
1745404380.735,2.089,2.797,-0.9353,-1.1480,-3.9776,-0.6944,40.1144,91.7228,0
1745404380.815,2.090,2.797,-0.9354,-1.1480,-3.9776,-0.6861,40.1173,91.7316,0
1745404380.895,2.090,2.791,-0.9355,-1.1479,-3.9777,-0.6806,40.1120,91.7288,0
1745404381.094,2.091,2.798,-0.9382,-1.1481,-3.9749,-0.6494,40.1250,91.6855,0
1745404381.173,2.091,2.789,-0.9420,-1.1483,-3.9703,-0.6721,40.1455,91.7227,0
1745404381.253,2.090,2.792,-0.9466,-1.1485,-3.9648,-0.7443,40.1635,91.7640,0
1745404381.333,2.080,2.780,-0.9512,-1.1488,-3.9592,-0.7900,40.1082,91.7930,0
1745404383.822,2.098,2.693,-1.0127,-1.1506,-3.9004,-0.5406,44.1670,91.3842,0
1745404383.901,2.098,2.695,-1.0126,-1.1506,-3.9003,-0.5479,44.1626,91.3764,0
1745404383.981,2.098,2.690,-1.0127,-1.1507,-3.9003,-0.5447,44.1613,91.3783,0
1745404384.061,2.098,2.694,-1.0127,-1.1507,-3.9003,-0.5537,44.1620,91.3763,0
1745404384.140,2.098,2.694,-1.0127,-1.1507,-3.9003,-0.5458,44.1623,91.3694,0
1745404384.220,2.098,2.694,-1.0126,-1.1506,-3.9002,-0.5444,44.1587,91.3659,0
1745404384.299,2.098,2.688,-1.0127,-1.1506,-3.9003,-0.5425,44.1567,91.3664,0
1745404384.379,2.098,2.693,-1.0126,-1.1506,-3.9004,-0.5450,44.1620,91.3659,0
1745404384.459,2.099,2.688,-1.0126,-1.1507,-3.9003,-0.5428,44.1570,91.3663,0
1745404384.539,2.098,2.693,-1.0127,-1.1505,-3.9003,-0.5493,44.1509,91.3861,0
1745404384.618,2.098,2.693,-1.0127,-1.1505,-3.9002,-0.5550,44.1640,91.3988,0
1745404384.698,2.098,2.693,-1.0126,-1.1507,-3.9003,-0.5539,44.1615,91.3934,0
1745404384.777,2.099,2.688,-1.0126,-1.1507,-3.9004,-0.5445,44.1618,91.3868,0
1745404384.857,2.099,2.688,-1.0127,-1.1507,-3.9004,-0.5410,44.1682,91.3933,0
1745404384.937,2.098,2.689,-1.0127,-1.1507,-3.9004,-0.5399,44.1629,91.3772,0
1745404385.016,2.099,2.689,-1.0127,-1.1506,-3.9004,-0.5415,44.1647,91.3859,0
1745404385.096,2.099,2.690,-1.0126,-1.1507,-3.9004,-0.5520,44.1653,91.3930,0
1745404385.176,2.098,2.688,-1.0126,-1.1507,-3.9004,-0.5297,44.1646,91.3770,0
1745404385.255,2.098,2.689,-1.0126,-1.1508,-3.9005,-0.5288,44.1678,91.3744,0
1745404385.335,2.099,2.688,-1.0127,-1.1507,-3.9004,-0.5286,44.1715,91.3774,0
1745404385.415,2.098,2.688,-1.0127,-1.1506,-3.9003,-0.5327,44.1687,91.3727,0
1745404385.494,2.098,2.695,-1.0126,-1.1506,-3.9004,-0.5300,44.1624,91.3699,0
1745404385.574,2.099,2.692,-1.0127,-1.1507,-3.9005,-0.5287,44.1606,91.3702,0
1745404385.654,2.099,2.687,-1.0127,-1.1507,-3.9004,-0.5360,44.1581,91.3749,0
1745404385.733,2.098,2.694,-1.0127,-1.1507,-3.9004,-0.5340,44.1515,91.3726,0
1745404385.813,2.098,2.694,-1.0127,-1.1507,-3.9004,-0.5365,44.1575,91.3718,0
1745404385.892,2.098,2.693,-1.0126,-1.1507,-3.9005,-0.5372,44.1546,91.3775,0
1745404385.972,2.098,2.688,-1.0126,-1.1507,-3.9004,-0.5375,44.1650,91.3837,0
1745404386.052,2.098,2.688,-1.0125,-1.1507,-3.9005,-0.5395,44.1672,91.3816,0
1745404386.131,2.099,2.690,-1.0127,-1.1507,-3.9005,-0.5455,44.1655,91.3811,0
1745404386.211,2.098,2.690,-1.0128,-1.1507,-3.9003,-0.5366,44.1637,91.3767,0
1745404386.291,2.098,2.689,-1.0126,-1.1507,-3.9004,-0.5393,44.1607,91.3708,0
1745404386.371,2.098,2.690,-1.0127,-1.1506,-3.9004,-0.5305,44.1667,91.3802,0
1745404386.450,2.098,2.690,-1.0126,-1.1506,-3.9004,-0.5292,44.1646,91.3755,0
1745404386.530,2.099,2.693,-1.0126,-1.1507,-3.9005,-0.5179,44.1624,91.3662,0
1745404386.610,2.098,2.693,-1.0126,-1.1506,-3.9004,-0.5231,44.1597,91.3694,0
1745404386.689,2.098,2.691,-1.0126,-1.1507,-3.9004,-0.5213,44.1646,91.3754,0
1745404386.769,2.098,2.691,-1.0127,-1.1507,-3.9004,-0.5190,44.1576,91.3618,0
1745404386.848,2.098,2.695,-1.0127,-1.1507,-3.9005,-0.5115,44.1594,91.3564,0
1745404386.928,2.098,2.695,-1.0128,-1.1506,-3.9003,-0.5113,44.1544,91.3607,0
1745404387.008,2.098,2.695,-1.0129,-1.1507,-3.9002,-0.5138,44.1525,91.3459,0
1745404387.087,2.098,2.689,-1.0148,-1.1508,-3.8985,-0.5298,44.1793,91.3625,0
1745404387.167,2.098,2.689,-1.0191,-1.1508,-3.8943,-0.3783,44.0585,91.3420,0
1745404387.247,2.098,2.692,-1.0259,-1.1512,-3.8869,-0.5365,44.0391,91.4297,0
1745404387.326,2.097,2.676,-1.0338,-1.1514,-3.8787,-0.6103,43.8712,91.4672,0
1745404387.406,2.097,2.676,-1.0417,-1.1518,-3.8706,-0.5734,43.8074,91.4406,0
1745404387.485,2.086,2.661,-1.0486,-1.1521,-3.8640,-0.4938,43.8772,91.3482,0
1745404387.565,2.045,2.649,-1.0548,-1.1517,-3.8579,-0.3955,43.8610,91.2700,0
1745404387.645,2.041,2.635,-1.0598,-1.1517,-3.8527,-0.3374,43.7749,91.2197,0
1745404387.724,2.063,2.629,-1.0653,-1.1519,-3.8475,-0.2708,43.7989,91.1595,0
1745404387.804,2.063,2.629,-1.0708,-1.1521,-3.8419,-0.2682,43.8395,91.1233,0
1745404387.884,2.079,2.625,-1.0765,-1.1521,-3.8360,-0.2859,43.8711,91.1398,0
1745404387.963,2.088,2.617,-1.0828,-1.1523,-3.8294,-0.3481,43.9137,91.1974,0
1745404388.043,2.092,2.601,-1.0893,-1.1525,-3.8226,-0.4158,43.8638,91.3282,0
1745404388.123,2.091,2.590,-1.0958,-1.1527,-3.8154,-0.4960,43.7998,91.3360,0
1745404388.202,2.091,2.590,-1.1024,-1.1528,-3.8085,-0.5650,43.8897,91.4015,0
1745404388.282,2.090,2.576,-1.1086,-1.1532,-3.8025,-0.4992,43.8387,91.2955,0
1745404388.362,2.089,2.571,-1.1144,-1.1536,-3.7967,-0.4539,43.8309,91.1863,0
1745404388.441,2.090,2.559,-1.1201,-1.1535,-3.7907,-0.5125,43.8398,91.2590,0
1745404388.521,2.087,2.545,-1.1260,-1.1536,-3.7850,-0.4056,43.8483,91.1380,0
1745404388.600,2.087,2.545,-1.1314,-1.1536,-3.7796,-0.3740,43.7842,91.1137,0
1745404388.680,2.086,2.538,-1.1340,-1.1537,-3.7772,-0.3083,43.8082,91.0647,0
1745404388.760,2.086,2.530,-1.1340,-1.1537,-3.7771,-0.3039,43.7819,91.0368,0
1745404388.839,2.086,2.525,-1.1340,-1.1537,-3.7772,-0.3098,43.7828,91.0261,0
1745404388.919,2.084,2.519,-1.1340,-1.1537,-3.7771,-0.3134,43.7841,91.0347,0
1745404388.999,2.084,2.519,-1.1340,-1.1537,-3.7771,-0.3189,43.7855,91.0281,0
1745404389.078,2.085,2.519,-1.1339,-1.1537,-3.7771,-0.3406,43.7870,91.0292,0
1745404389.158,2.085,2.525,-1.1339,-1.1537,-3.7771,-0.3329,43.7836,91.0236,0
1745404389.238,2.085,2.519,-1.1340,-1.1537,-3.7772,-0.3265,43.7812,91.0353,0
1745404389.317,2.084,2.519,-1.1339,-1.1538,-3.7771,-0.3475,43.7818,91.0485,0
1745404389.397,2.084,2.519,-1.1339,-1.1538,-3.7772,-0.3432,43.7840,91.0372,0
1745404389.477,2.085,2.524,-1.1339,-1.1537,-3.7771,-0.3301,43.7837,91.0363,0
1745404389.556,2.084,2.518,-1.1339,-1.1537,-3.7771,-0.3345,43.7844,91.0324,0
1745404389.636,2.084,2.518,-1.1338,-1.1537,-3.7771,-0.3352,43.7826,91.0290,0
1745404389.715,2.085,2.518,-1.1339,-1.1537,-3.7771,-0.3302,43.7783,91.0226,0
1745404389.795,2.085,2.519,-1.1340,-1.1537,-3.7770,-0.3336,43.7807,91.0264,0
1745404389.875,2.083,2.519,-1.1338,-1.1538,-3.7771,-0.3282,43.7824,91.0203,0
1745404389.954,2.085,2.526,-1.1339,-1.1537,-3.7770,-0.3299,43.7849,91.0241,0
1745404390.034,2.084,2.519,-1.1340,-1.1538,-3.7770,-0.3230,43.7966,91.0056,0
1745404390.114,2.084,2.519,-1.1346,-1.1537,-3.7764,-0.3221,43.7776,90.9839,0
1745404390.193,2.084,2.519,-1.1359,-1.1536,-3.7748,-0.3010,43.7283,90.9905,0
1745404390.275,2.085,2.518,-1.1375,-1.1537,-3.7736,-0.2553,43.7955,90.9644,0
1745404390.353,2.084,2.521,-1.1386,-1.1537,-3.7724,-0.2543,43.8039,90.9719,0
1745404390.432,2.084,2.515,-1.1388,-1.1537,-3.7722,-0.2521,43.7854,90.9610,0
1745404390.512,2.084,2.515,-1.1388,-1.1536,-3.7722,-0.2457,43.7688,90.9532,0
1745404390.592,2.084,2.518,-1.1389,-1.1536,-3.7720,-0.2589,43.7630,90.9653,0
1745404390.671,2.084,2.513,-1.1388,-1.1537,-3.7721,-0.2655,43.7620,90.9667,0
1745404390.870,2.085,2.518,-1.1392,-1.1537,-3.7717,-0.2683,43.7069,90.9713,0
1745404391.069,2.084,2.513,-1.1470,-1.1539,-3.7641,-0.1694,43.7824,90.8875,0
1745404391.149,2.085,2.506,-1.1489,-1.1539,-3.7622,-0.1928,43.8440,90.8857,0
1745404391.229,2.084,2.500,-1.1490,-1.1538,-3.7618,-0.2001,43.8287,90.8842,0
1745404391.308,2.085,2.500,-1.1490,-1.1538,-3.7620,-0.1944,43.8301,90.8785,0
1745404391.388,2.085,2.500,-1.1489,-1.1538,-3.7621,-0.1922,43.8237,90.8728,0
1745404391.468,2.083,2.504,-1.1489,-1.1538,-3.7619,-0.1935,43.8232,90.8864,0
1745404391.547,2.083,2.499,-1.1489,-1.1537,-3.7618,-0.1950,43.8273,90.8938,0
1745404391.627,2.082,2.500,-1.1489,-1.1538,-3.7619,-0.1874,43.8296,90.8822,0
1745404391.707,2.082,2.500,-1.1489,-1.1539,-3.7621,-0.1917,43.8209,90.8884,0
1745404391.786,2.082,2.499,-1.1490,-1.1538,-3.7619,-0.2037,43.8178,90.9057,0
1745404391.866,2.084,2.499,-1.1490,-1.1538,-3.7618,-0.2073,43.8182,90.8960,0
1745404391.946,2.082,2.505,-1.1488,-1.1539,-3.7620,-0.2071,43.8147,90.8898,0
1745404392.025,2.082,2.499,-1.1489,-1.1538,-3.7619,-0.1989,43.8155,90.8886,0
1745404392.105,2.082,2.499,-1.1489,-1.1538,-3.7619,-0.2102,43.8158,90.8976,0
1745404392.184,2.082,2.498,-1.1485,-1.1538,-3.7623,-0.2194,43.8625,90.9451,0
1745404392.264,2.083,2.499,-1.1455,-1.1539,-3.7656,-0.2062,43.8677,91.0086,0
1745404392.344,2.083,2.504,-1.1370,-1.1535,-3.7737,-0.3212,43.8505,91.0857,0
1745404392.423,2.083,2.505,-1.1236,-1.1539,-3.7868,-0.4894,43.8502,91.1482,0
1745404392.503,2.087,2.505,-1.1076,-1.1533,-3.8030,-0.5548,43.8295,91.3262,0
1745404392.583,2.087,2.531,-1.0940,-1.1526,-3.8170,-0.3796,43.7745,91.2384,0
1745404392.662,2.089,2.557,-1.0896,-1.1523,-3.8221,-0.3483,43.8236,91.1506,0
1745404392.742,2.089,2.575,-1.0919,-1.1526,-3.8196,-0.3690,43.8374,91.2879,0
1745404392.822,2.091,2.588,-1.0952,-1.1526,-3.8162,-0.4418,43.8929,91.2804,0
1745404392.901,2.091,2.588,-1.0980,-1.1527,-3.8132,-0.4386,43.9337,91.3232,0
1745404392.981,2.090,2.575,-1.0988,-1.1529,-3.8125,-0.4375,43.9372,91.3076,0
1745404393.061,2.090,2.575,-1.0988,-1.1528,-3.8123,-0.4496,43.9430,91.3067,0
1745404393.140,2.091,2.569,-1.0988,-1.1528,-3.8123,-0.4366,43.9374,91.2984,0
1745404393.220,2.090,2.574,-1.0987,-1.1528,-3.8123,-0.4390,43.9326,91.3045,0
1745404393.300,2.090,2.574,-1.0989,-1.1528,-3.8123,-0.4353,43.9367,91.2961,0
1745404393.379,2.090,2.570,-1.0989,-1.1527,-3.8122,-0.4396,43.9308,91.2970,0
1745404393.459,2.090,2.574,-1.0989,-1.1527,-3.8122,-0.4370,43.9352,91.2887,0
1745404393.538,2.091,2.571,-1.0988,-1.1527,-3.8122,-0.4430,43.9365,91.2888,0
1745404393.618,2.091,2.571,-1.0989,-1.1527,-3.8123,-0.4363,43.8892,91.2783,0
1745404393.698,2.091,2.571,-1.0988,-1.1527,-3.8123,-0.4479,43.8842,91.2949,0
1745404393.777,2.089,2.570,-1.0988,-1.1528,-3.8123,-0.4394,43.8869,91.2937,0
1745404393.857,2.089,2.569,-1.0988,-1.1528,-3.8123,-0.4399,43.8930,91.2680,0
1745404393.937,2.090,2.569,-1.0988,-1.1527,-3.8122,-0.4474,43.8936,91.2914,0
1745404394.016,2.091,2.569,-1.0989,-1.1527,-3.8121,-0.4484,43.8841,91.3009,0
1745404394.096,2.091,2.569,-1.0989,-1.1528,-3.8121,-0.4423,43.8813,91.2994,0
1745404394.176,2.091,2.574,-1.0996,-1.1529,-3.8112,-0.4556,43.7085,91.3038,0
1745404394.255,2.091,2.574,-1.1024,-1.1530,-3.8076,-0.4434,43.2994,91.2633,0
1745404394.335,2.089,2.574,-1.1068,-1.1532,-3.8018,-0.3761,42.5541,91.1784,0
1745404394.414,2.089,2.563,-1.1117,-1.1531,-3.7962,-0.3553,42.2016,91.1359,0
1745404394.494,2.089,2.563,-1.1149,-1.1531,-3.7928,-0.3410,42.1523,91.1530,0
1745404394.574,2.087,2.546,-1.1153,-1.1532,-3.7922,-0.3852,42.1444,91.1465,0
1745404394.653,2.087,2.544,-1.1150,-1.1532,-3.7927,-0.3960,42.1435,91.1451,0
1745404394.733,2.086,2.544,-1.1148,-1.1533,-3.7928,-0.3781,42.1411,91.1301,0
1745404394.813,2.089,2.543,-1.1147,-1.1533,-3.7928,-0.3773,42.1394,91.1216,0
1745404394.892,2.089,2.543,-1.1148,-1.1533,-3.7929,-0.3684,42.1380,91.1131,0
1745404394.972,2.087,2.538,-1.1147,-1.1533,-3.7928,-0.3753,42.1390,91.1108,0
1745404395.052,2.087,2.538,-1.1149,-1.1532,-3.7927,-0.3753,42.1395,91.1215,0
1745404395.131,2.087,2.543,-1.1149,-1.1533,-3.7925,-0.3929,42.1278,91.1309,0
1745404395.211,2.087,2.543,-1.1146,-1.1534,-3.7930,-0.3463,42.1451,91.0824,0
1745404395.291,2.087,2.538,-1.1147,-1.1533,-3.7930,-0.3480,42.1357,91.0948,0
1745404395.370,2.086,2.538,-1.1148,-1.1532,-3.7929,-0.3520,42.1327,91.0964,0
1745404395.450,2.086,2.544,-1.1147,-1.1533,-3.7930,-0.3676,42.1364,91.0995,0
1745404395.529,2.085,2.545,-1.1147,-1.1533,-3.7930,-0.3697,42.1350,91.1138,0
1745404395.609,2.088,2.545,-1.1147,-1.1532,-3.7929,-0.3866,42.1265,91.1272,0
1745404395.689,2.088,2.545,-1.1148,-1.1533,-3.7930,-0.3844,42.1235,91.1249,0
1745404395.769,2.086,2.538,-1.1147,-1.1534,-3.7930,-0.3888,42.1104,91.1150,0
1745404395.848,2.087,2.538,-1.1154,-1.1533,-3.7920,-0.3674,41.9217,91.0974,0
1745404395.928,2.085,2.545,-1.1178,-1.1533,-3.7886,-0.3833,41.4344,91.1104,0
1745404396.008,2.086,2.545,-1.1212,-1.1532,-3.7831,-0.3913,40.4913,91.1108,0
1745404396.087,2.086,2.536,-1.1250,-1.1537,-3.7777,-0.2866,39.5113,90.9993,0
1745404396.167,2.085,2.532,-1.1285,-1.1536,-3.7722,-0.2342,38.7015,90.9614,0
1745404396.246,2.090,2.522,-1.1318,-1.1535,-3.7672,-0.1601,37.9231,90.9301,0
1745404396.326,2.091,2.520,-1.1344,-1.1536,-3.7631,-0.1481,37.3345,90.9185,0
1745404396.406,2.093,2.520,-1.1370,-1.1540,-3.7589,-0.1083,36.6519,90.8859,0
1745404396.485,2.093,2.511,-1.1395,-1.1537,-3.7543,-0.1083,36.0045,90.8393,0
1745404396.565,2.098,2.504,-1.1423,-1.1541,-3.7493,-0.1809,35.3186,90.8614,0
1745404396.645,2.100,2.506,-1.1451,-1.1540,-3.7438,-0.3044,34.5855,90.9237,0
1745404396.724,2.105,2.502,-1.1478,-1.1539,-3.7380,-0.2915,33.8168,90.9070,0
1745404396.804,2.112,2.502,-1.1511,-1.1543,-3.7323,-0.2771,32.9691,90.9823,0
1745404396.883,2.112,2.494,-1.1541,-1.1544,-3.7257,-0.3259,31.9567,91.1039,0
1745404396.963,2.116,2.496,-1.1568,-1.1538,-3.7190,-0.3709,31.0520,91.1470,0
1745404397.043,2.125,2.490,-1.1597,-1.1541,-3.7117,-0.5610,30.0443,91.2344,0
1745404397.123,2.133,2.488,-1.1623,-1.1541,-3.7043,-0.6296,28.9899,91.2710,0
1745404397.202,2.147,2.488,-1.1651,-1.1544,-3.6973,-0.6809,28.0287,91.3248,0
1745404397.282,2.147,2.490,-1.1670,-1.1547,-3.6923,-0.7019,27.3576,91.3257,0
1745404397.361,2.158,2.489,-1.1675,-1.1546,-3.6906,-0.7298,27.1360,91.4012,0
1745404397.441,2.158,2.492,-1.1671,-1.1543,-3.6905,-0.6854,27.0931,91.3769,0
1745404397.521,2.189,2.496,-1.1671,-1.1543,-3.6907,-0.7068,27.0779,91.3901,0
1745404397.600,2.190,2.496,-1.1668,-1.1544,-3.6907,-0.7214,27.0567,91.4027,0
1745404397.680,2.190,2.496,-1.1668,-1.1543,-3.6908,-0.7406,27.0560,91.4142,0
1745404397.760,2.188,2.500,-1.1668,-1.1543,-3.6904,-0.7620,27.0428,91.4335,0
1745404397.839,2.189,2.499,-1.1668,-1.1543,-3.6904,-0.7760,27.0387,91.4345,0
1745404397.919,2.190,2.496,-1.1667,-1.1542,-3.6902,-0.7888,27.0415,91.4403,0
1745404397.999,2.189,2.496,-1.1665,-1.1540,-3.6899,-0.7820,27.0241,91.4273,0
1745404398.078,2.189,2.495,-1.1667,-1.1542,-3.6899,-0.7823,27.0279,91.4341,0
1745404398.158,2.189,2.499,-1.1666,-1.1541,-3.6899,-0.7704,26.9825,91.4113,0
1745404398.238,2.190,2.495,-1.1666,-1.1540,-3.6898,-0.7935,27.0808,91.4565,0
1745404398.317,2.190,2.496,-1.1666,-1.1537,-3.6895,-0.8071,27.0997,91.4522,0
1745404398.397,2.186,2.496,-1.1666,-1.1540,-3.6897,-0.8030,27.0836,91.4459,0
1745404398.477,2.186,2.495,-1.1665,-1.1540,-3.6895,-0.8069,27.0900,91.4415,0
1745404398.556,2.186,2.496,-1.1666,-1.1539,-3.6894,-0.8079,27.1019,91.4386,0
1745404398.636,2.187,2.493,-1.1663,-1.1540,-3.6895,-0.8277,27.0808,91.4490,0
1745404398.716,2.186,2.495,-1.1664,-1.1538,-3.6890,-0.8831,27.0864,91.4941,0
1745404398.795,2.186,2.495,-1.1666,-1.1542,-3.6893,-0.8192,27.1244,91.4531,0
1745404398.875,2.186,2.495,-1.1661,-1.1536,-3.6888,-0.7899,27.2308,91.4185,0
1745404401.483,2.112,2.383,-1.2033,-1.1553,-3.6556,-0.3964,37.3800,91.0797,0
1745404401.563,2.112,2.382,-1.2035,-1.1554,-3.6558,-0.3394,37.3707,91.0241,0
1745404401.643,2.113,2.388,-1.2033,-1.1553,-3.6558,-0.3777,37.3515,91.0403,0
1745404401.722,2.111,2.385,-1.2034,-1.1553,-3.6558,-0.3367,37.3435,91.0209,0
1745404401.802,2.111,2.385,-1.2035,-1.1553,-3.6559,-0.3530,37.3280,91.0213,0
1745404401.881,2.111,2.385,-1.2035,-1.1554,-3.6559,-0.3518,37.3298,91.0255,0
1745404401.961,2.112,2.383,-1.2035,-1.1554,-3.6561,-0.3519,37.3358,91.0225,0
1745404402.041,2.111,2.383,-1.2034,-1.1554,-3.6560,-0.3486,37.3322,91.0231,0
1745404402.120,2.111,2.383,-1.2035,-1.1555,-3.6561,-0.3527,37.3389,91.0330,0
1745404402.200,2.111,2.383,-1.2035,-1.1554,-3.6561,-0.3722,37.3552,91.0608,0
1745404402.280,2.111,2.387,-1.2034,-1.1555,-3.6563,-0.3612,37.3474,91.0527,0
1745404402.359,2.112,2.387,-1.2036,-1.1555,-3.6562,-0.3650,37.3507,91.0649,0
1745404402.439,2.112,2.388,-1.2036,-1.1556,-3.6562,-0.3989,37.3461,91.0865,0
1745404402.519,2.111,2.383,-1.2036,-1.1554,-3.6562,-0.3889,37.3488,91.0877,0
1745404402.598,2.111,2.383,-1.2036,-1.1554,-3.6564,-0.3513,37.3384,91.0620,0
1745404402.678,2.111,2.385,-1.2035,-1.1556,-3.6565,-0.3479,37.3419,91.0621,0
1745404402.757,2.111,2.389,-1.2036,-1.1554,-3.6564,-0.3447,37.3378,91.0557,0
1745404402.837,2.112,2.383,-1.2038,-1.1556,-3.6565,-0.3421,37.3329,91.0546,0
1745404402.917,2.111,2.382,-1.2037,-1.1556,-3.6566,-0.3447,37.3418,91.0617,0
1745404402.996,2.111,2.382,-1.2036,-1.1556,-3.6566,-0.3417,37.3477,91.0697,0
1745404403.076,2.111,2.386,-1.2037,-1.1556,-3.6567,-0.3445,37.3421,91.0719,0
1745404403.156,2.112,2.388,-1.2037,-1.1556,-3.6567,-0.3177,37.3366,91.0561,0
1745404403.235,2.112,2.384,-1.2037,-1.1557,-3.6569,-0.3022,37.3348,91.0438,0
1745404403.315,2.111,2.382,-1.2037,-1.1558,-3.6568,-0.3229,37.3457,91.0616,0
1745404403.395,2.112,2.382,-1.2038,-1.1557,-3.6568,-0.3237,37.4094,91.0663,0
1745404403.474,2.112,2.388,-1.2039,-1.1556,-3.6569,-0.3602,37.4219,91.0939,0
1745404403.554,2.112,2.383,-1.2038,-1.1558,-3.6569,-0.4020,37.4268,91.1257,0
1745404403.634,2.111,2.390,-1.2037,-1.1556,-3.6568,-0.4032,37.4221,91.1253,0
1745404403.713,2.112,2.389,-1.2038,-1.1557,-3.6569,-0.4414,37.4271,91.1451,0
1745404403.793,2.111,2.389,-1.2037,-1.1556,-3.6567,-0.4416,37.4392,91.1501,0
1745404403.873,2.111,2.387,-1.2038,-1.1556,-3.6569,-0.3854,37.4525,91.1095,0
1745404403.952,2.111,2.384,-1.2037,-1.1559,-3.6570,-0.4069,37.4670,91.1240,0
1745404404.032,2.112,2.388,-1.2037,-1.1555,-3.6567,-0.3905,37.4783,91.1084,0
1745404404.112,2.112,2.383,-1.2038,-1.1557,-3.6569,-0.3843,37.4836,91.0959,0
1745404404.191,2.112,2.383,-1.2038,-1.1557,-3.6569,-0.3637,37.4840,91.0870,0
1745404404.271,2.112,2.386,-1.2039,-1.1557,-3.6570,-0.3254,37.4431,91.0636,0
1745404404.351,2.111,2.383,-1.2039,-1.1555,-3.6569,-0.3009,37.4355,91.0114,0
1745404404.430,2.112,2.387,-1.2038,-1.1557,-3.6572,-0.3146,37.4374,91.0169,0
1745404404.510,2.111,2.387,-1.2038,-1.1557,-3.6572,-0.3004,37.4407,91.0078,0
1745404404.590,2.111,2.387,-1.2038,-1.1557,-3.6572,-0.2865,37.4385,91.0041,0
1745404404.669,2.111,2.382,-1.2038,-1.1558,-3.6572,-0.3095,37.4490,91.0231,0
1745404404.749,2.110,2.383,-1.2039,-1.1557,-3.6572,-0.3024,37.4409,91.0316,0
1745404404.828,2.111,2.387,-1.2039,-1.1558,-3.6573,-0.3170,37.4377,91.0302,0
1745404404.908,2.112,2.385,-1.2038,-1.1558,-3.6573,-0.3302,37.4475,91.0487,0
1745404404.988,2.112,2.385,-1.2039,-1.1558,-3.6573,-0.3287,37.4491,91.0533,0
1745404405.067,2.111,2.383,-1.2038,-1.1558,-3.6573,-0.3282,37.4406,91.0496,0
1745404405.147,2.111,2.386,-1.2039,-1.1558,-3.6573,-0.3061,37.4402,91.0345,0
1745404405.227,2.111,2.386,-1.2039,-1.1559,-3.6574,-0.2842,37.4413,91.0146,0
1745404405.306,2.112,2.382,-1.2040,-1.1559,-3.6575,-0.2702,37.4422,90.9992,0
1745404405.386,2.112,2.382,-1.2039,-1.1558,-3.6575,-0.2695,37.4479,91.0097,0
1745404405.466,2.110,2.389,-1.2039,-1.1560,-3.6574,-0.2872,37.4504,91.0237,0
1745404405.545,2.111,2.385,-1.2039,-1.1558,-3.6574,-0.3010,37.4416,91.0212,0
1745404405.625,2.113,2.387,-1.2039,-1.1558,-3.6575,-0.2836,37.4417,91.0068,0
1745404405.704,2.111,2.389,-1.2038,-1.1559,-3.6575,-0.2975,37.4401,91.0128,0
1745404405.784,2.111,2.389,-1.2039,-1.1558,-3.6574,-0.2731,37.4346,90.9900,0
1745404405.864,2.111,2.382,-1.2040,-1.1560,-3.6575,-0.2829,37.4382,90.9897,0
1745404405.943,2.112,2.389,-1.2039,-1.1560,-3.6575,-0.2925,37.4504,91.0073,0
1745404406.023,2.110,2.384,-1.2039,-1.1558,-3.6575,-0.2854,37.4455,90.9983,0
1745404406.103,2.112,2.384,-1.2039,-1.1559,-3.6576,-0.2940,37.4395,91.0075,0
1745404406.182,2.112,2.387,-1.2039,-1.1559,-3.6574,-0.3151,37.4358,91.0245,0
1745404406.262,2.112,2.384,-1.2040,-1.1559,-3.6575,-0.3187,37.4364,91.0239,0
1745404406.342,2.112,2.382,-1.2040,-1.1560,-3.6574,-0.3050,37.4316,91.0087,0
1745404406.421,2.112,2.386,-1.2039,-1.1558,-3.6575,-0.3020,37.4372,91.0100,0
1745404406.501,2.110,2.386,-1.2039,-1.1558,-3.6574,-0.2986,37.4278,91.0066,0
1745404406.581,2.110,2.387,-1.2040,-1.1559,-3.6574,-0.2786,37.4356,91.0027,0
1745404406.660,2.111,2.384,-1.2040,-1.1559,-3.6575,-0.3190,37.4402,91.0332,0
1745404406.740,2.111,2.387,-1.2041,-1.1559,-3.6575,-0.3330,37.4483,91.0526,0
1745404406.820,2.111,2.384,-1.2039,-1.1559,-3.6576,-0.3306,37.4473,91.0602,0
1745404406.899,2.112,2.384,-1.2039,-1.1559,-3.6576,-0.3169,37.4374,91.0492,0
1745404406.979,2.112,2.382,-1.2040,-1.1558,-3.6575,-0.3131,37.4323,91.0475,0
1745404407.059,2.112,2.385,-1.2040,-1.1558,-3.6575,-0.2975,37.4312,91.0301,0
1745404407.138,2.112,2.387,-1.2039,-1.1558,-3.6576,-0.2827,37.4304,91.0188,0
1745404407.218,2.112,2.385,-1.2040,-1.1559,-3.6577,-0.3315,37.4279,91.0537,0
1745404407.298,2.112,2.385,-1.2039,-1.1558,-3.6575,-0.3137,37.4238,91.0393,0
1745404407.377,2.112,2.386,-1.2040,-1.1558,-3.6576,-0.3055,37.4286,91.0309,0
1745404407.457,2.111,2.386,-1.2040,-1.1559,-3.6575,-0.3192,37.4285,91.0370,0
1745404407.536,2.111,2.387,-1.2040,-1.1560,-3.6576,-0.3347,37.4261,91.0383,0
1745404407.616,2.111,2.384,-1.2041,-1.1560,-3.6576,-0.3225,37.4302,91.0307,0
1745404407.696,2.111,2.384,-1.2039,-1.1559,-3.6576,-0.3182,37.4318,91.0276,0
1745404407.775,2.111,2.384,-1.2040,-1.1559,-3.6577,-0.2835,37.4286,91.0040,0
1745404407.855,2.112,2.384,-1.2040,-1.1559,-3.6576,-0.2859,37.4258,91.0085,0
1745404407.935,2.112,2.387,-1.2040,-1.1559,-3.6577,-0.2833,37.4243,91.0029,0
1745404408.014,2.111,2.389,-1.2040,-1.1560,-3.6577,-0.2554,37.4315,90.9834,0
1745404408.094,2.112,2.389,-1.2041,-1.1559,-3.6577,-0.2535,37.4348,90.9941,0
1745404408.174,2.112,2.382,-1.2040,-1.1559,-3.6577,-0.2784,37.4398,91.0093,0
1745404408.253,2.110,2.387,-1.2041,-1.1560,-3.6577,-0.2939,37.4377,91.0312,0
1745404408.333,2.111,2.387,-1.2040,-1.1559,-3.6577,-0.3012,37.4415,91.0395,0
1745404408.412,2.111,2.387,-1.2040,-1.1560,-3.6578,-0.3005,37.4392,91.0377,0
1745404408.492,2.112,2.387,-1.2040,-1.1559,-3.6577,-0.3129,37.4302,91.0525,0
1745404408.572,2.112,2.389,-1.2040,-1.1559,-3.6577,-0.2729,37.4356,91.0342,0
1745404408.651,2.111,2.383,-1.2040,-1.1561,-3.6578,-0.3020,37.4340,91.0383,0
1745404408.731,2.111,2.382,-1.2040,-1.1560,-3.6577,-0.3305,37.4298,91.0545,0
1745404408.811,2.111,2.382,-1.2040,-1.1560,-3.6577,-0.3290,37.4349,91.0578,0
1745404408.891,2.111,2.382,-1.2039,-1.1559,-3.6577,-0.3245,37.4274,91.0429,0
1745404408.970,2.111,2.382,-1.2041,-1.1559,-3.6577,-0.3148,37.4318,91.0516,0
1745404409.050,2.110,2.388,-1.2041,-1.1559,-3.6576,-0.3350,37.4285,91.0567,0
1745404409.129,2.111,2.384,-1.2040,-1.1559,-3.6576,-0.2909,37.4341,91.0310,0
1745404409.209,2.110,2.383,-1.2040,-1.1559,-3.6576,-0.3124,37.4323,91.0387,0
1745404409.289,2.111,2.383,-1.2040,-1.1559,-3.6576,-0.3229,37.4348,91.0423,0
1745404409.368,2.111,2.384,-1.2040,-1.1559,-3.6576,-0.3132,37.4381,91.0326,0
1745404409.448,2.112,2.388,-1.2039,-1.1558,-3.6575,-0.2847,37.4405,91.0156,0
1745404409.528,2.111,2.387,-1.2041,-1.1560,-3.6576,-0.3056,37.4389,91.0185,0
1745404409.607,2.111,2.386,-1.2040,-1.1558,-3.6576,-0.3194,37.4451,91.0303,0
1745404409.687,2.111,2.386,-1.2040,-1.1559,-3.6575,-0.3380,37.4458,91.0343,0
1745404409.886,2.111,2.389,-1.2039,-1.1558,-3.6575,-0.3702,37.4395,91.0580,0
1745404409.966,2.111,2.383,-1.2039,-1.1558,-3.6574,-0.3417,37.4342,91.0393,0
1745404410.046,2.112,2.384,-1.2040,-1.1559,-3.6575,-0.3267,37.4372,91.0345,0
1745404410.125,2.111,2.389,-1.2038,-1.1558,-3.6574,-0.3363,37.4318,91.0509,0
1745404410.324,2.112,2.388,-1.2039,-1.1558,-3.6573,-0.3189,37.4276,91.0295,0
1745404410.523,2.111,2.383,-1.2039,-1.1557,-3.6574,-0.3052,37.4245,91.0136,0
1745404412.056,2.111,2.386,-1.2039,-1.1560,-3.6575,-0.3458,37.4256,91.0434,0
1745404412.136,2.110,2.382,-1.2039,-1.1558,-3.6574,-0.3200,37.4272,91.0354,0
1745404412.216,2.110,2.386,-1.2040,-1.1559,-3.6574,-0.3120,37.4354,91.0358,0
1745404412.295,2.110,2.386,-1.2039,-1.1558,-3.6575,-0.2882,37.4377,91.0132,0
1745404412.375,2.110,2.388,-1.2039,-1.1557,-3.6573,-0.2999,37.4393,91.0247,0
1745404412.455,2.111,2.388,-1.2039,-1.1558,-3.6575,-0.2809,37.4330,91.0102,0
1745404412.534,2.110,2.383,-1.2039,-1.1559,-3.6575,-0.2483,37.4386,90.9962,0
1745404412.614,2.110,2.388,-1.2040,-1.1560,-3.6576,-0.2616,37.4377,91.0013,0
1745404412.693,2.112,2.388,-1.2040,-1.1559,-3.6576,-0.2818,37.4361,91.0122,0
1745404412.773,2.112,2.389,-1.2040,-1.1558,-3.6575,-0.3059,37.4383,91.0308,0
1745404412.853,2.111,2.388,-1.2039,-1.1558,-3.6575,-0.2845,37.4374,91.0223,0
1745404412.933,2.111,2.387,-1.2040,-1.1558,-3.6575,-0.3008,37.4349,91.0384,0
1745404413.012,2.112,2.387,-1.2040,-1.1559,-3.6576,-0.3128,37.4290,91.0442,0
1745404413.092,2.112,2.387,-1.2039,-1.1558,-3.6574,-0.3180,37.4404,91.0478,0
1745404413.171,2.112,2.382,-1.2038,-1.1559,-3.6575,-0.3329,37.4367,91.0465,0
1745404413.251,2.111,2.386,-1.2039,-1.1558,-3.6575,-0.3056,37.4349,91.0176,0
1745404413.331,2.110,2.386,-1.2039,-1.1558,-3.6575,-0.2985,37.4418,91.0206,0
1745404413.410,2.110,2.389,-1.2038,-1.1558,-3.6574,-0.3032,37.4387,91.0123,0
1745404413.490,2.111,2.389,-1.2038,-1.1558,-3.6575,-0.2746,37.4362,90.9932,0
1745404413.570,2.111,2.386,-1.2040,-1.1558,-3.6576,-0.2388,37.4315,90.9689,0
1745404413.649,2.111,2.383,-1.2039,-1.1559,-3.6577,-0.2206,37.4307,90.9614,0
1745404413.729,2.111,2.384,-1.2039,-1.1560,-3.6577,-0.2315,37.4428,90.9775,0
1745404413.809,2.111,2.383,-1.2040,-1.1560,-3.6577,-0.2582,37.4431,91.0006,0
1745404413.888,2.111,2.383,-1.2039,-1.1559,-3.6577,-0.2477,37.4414,90.9849,0
1745404413.968,2.111,2.384,-1.2039,-1.1559,-3.6577,-0.2531,37.4373,90.9845,0
1745404414.047,2.110,2.383,-1.2040,-1.1559,-3.6577,-0.2493,37.4387,90.9872,0
1745404414.127,2.111,2.384,-1.2040,-1.1558,-3.6576,-0.2450,37.4414,90.9816,0
1745404414.207,2.111,2.388,-1.2040,-1.1559,-3.6577,-0.2412,37.4388,90.9807,0
1745404414.286,2.112,2.388,-1.2041,-1.1560,-3.6577,-0.2474,37.4386,90.9721,0
1745404414.366,2.112,2.382,-1.2039,-1.1560,-3.6577,-0.2519,37.4427,90.9833,0
1745404414.446,2.111,2.384,-1.2040,-1.1560,-3.6578,-0.2405,37.4490,90.9781,0
1745404414.525,2.112,2.384,-1.2039,-1.1559,-3.6577,-0.2512,37.4464,90.9833,0
1745404414.605,2.112,2.387,-1.2041,-1.1560,-3.6577,-0.2582,37.4387,90.9882,0
1745404414.685,2.110,2.387,-1.2040,-1.1560,-3.6578,-0.2640,37.4362,90.9882,0
1745404414.764,2.110,2.382,-1.2041,-1.1559,-3.6577,-0.2479,37.4398,90.9850,0
1745404414.844,2.110,2.382,-1.2040,-1.1559,-3.6577,-0.2414,37.4357,90.9748,0
1745404414.923,2.111,2.386,-1.2041,-1.1561,-3.6578,-0.2462,37.4397,90.9823,0
1745404415.003,2.111,2.382,-1.2041,-1.1559,-3.6577,-0.2407,37.4442,90.9810,0
1745404415.083,2.111,2.382,-1.2040,-1.1559,-3.6578,-0.2504,37.4376,90.9767,0
1745404415.163,2.111,2.387,-1.2041,-1.1560,-3.6578,-0.2317,37.4451,90.9719,0
1745404415.242,2.111,2.384,-1.2040,-1.1559,-3.6577,-0.2378,37.4553,90.9718,0
1745404415.322,2.111,2.387,-1.2041,-1.1559,-3.6577,-0.2298,37.4498,90.9653,0
1745404415.401,2.111,2.384,-1.2041,-1.1559,-3.6577,-0.2183,37.4493,90.9528,0
1745404415.481,2.111,2.384,-1.2041,-1.1560,-3.6579,-0.2193,37.4506,90.9632,0
1745404415.561,2.112,2.386,-1.2041,-1.1560,-3.6578,-0.2414,37.4467,90.9750,0
1745404415.760,2.111,2.384,-1.2041,-1.1559,-3.6579,-0.3058,37.6490,91.0210,0
1745404418.368,2.109,2.383,-1.2044,-1.1559,-3.6585,-0.1818,38.0156,90.9435,0
1745404418.448,2.108,2.382,-1.2045,-1.1559,-3.6586,-0.1660,38.0075,90.9335,0
1745404418.528,2.109,2.388,-1.2044,-1.1560,-3.6585,-0.1746,38.0134,90.9410,0
1745404418.607,2.110,2.382,-1.2048,-1.1560,-3.6581,-0.1557,38.0052,90.9289,0
1745404418.687,2.109,2.382,-1.2079,-1.1562,-3.6542,-0.1626,38.0410,90.9215,0
1745404418.767,2.109,2.384,-1.2123,-1.1561,-3.6483,-0.2621,38.0200,91.0135,0
1745404418.846,2.110,2.383,-1.2160,-1.1564,-3.6435,-0.2967,38.0123,90.9899,0
1745404418.926,2.109,2.375,-1.2178,-1.1562,-3.6411,-0.3471,38.0326,91.0617,0
1745404419.006,2.111,2.361,-1.2176,-1.1565,-3.6418,-0.2749,38.0045,90.9687,0
1745404419.085,2.111,2.361,-1.2174,-1.1565,-3.6420,-0.2963,37.9890,90.9690,0
1745404419.165,2.111,2.366,-1.2174,-1.1564,-3.6419,-0.3082,37.9888,90.9908,0
1745404419.244,2.110,2.365,-1.2174,-1.1565,-3.6421,-0.3068,37.9879,90.9875,0
1745404419.324,2.111,2.364,-1.2174,-1.1564,-3.6420,-0.3000,37.9867,90.9808,0
1745404419.523,2.109,2.365,-1.2174,-1.1565,-3.6421,-0.2847,37.9801,90.9739,0
1745404419.603,2.111,2.361,-1.2174,-1.1564,-3.6421,-0.2800,37.9856,90.9805,0
1745404419.682,2.110,2.361,-1.2174,-1.1564,-3.6421,-0.2661,37.9883,90.9691,0
1745404419.882,2.111,2.365,-1.2174,-1.1565,-3.6421,-0.2688,37.9937,90.9738,0
1745404420.081,2.110,2.361,-1.2174,-1.1564,-3.6422,-0.2681,37.9922,90.9789,0
1745404420.160,2.110,2.365,-1.2175,-1.1564,-3.6422,-0.2705,37.9891,90.9751,0
1745404420.240,2.110,2.366,-1.2175,-1.1565,-3.6422,-0.2931,37.9944,90.9747,0
1745404420.320,2.110,2.363,-1.2174,-1.1564,-3.6421,-0.3061,37.9881,90.9928,0
1745404420.399,2.110,2.363,-1.2174,-1.1565,-3.6421,-0.3090,37.9841,90.9943,0
1745404420.479,2.111,2.363,-1.2175,-1.1566,-3.6422,-0.3046,37.9864,90.9929,0
1745404420.559,2.111,2.365,-1.2174,-1.1565,-3.6422,-0.2812,37.9862,90.9781,0
1745404420.638,2.109,2.366,-1.2175,-1.1566,-3.6422,-0.2891,37.9840,90.9905,0
1745404420.718,2.111,2.365,-1.2174,-1.1565,-3.6423,-0.2844,37.9818,90.9849,0
1745404420.798,2.111,2.365,-1.2175,-1.1565,-3.6422,-0.2669,37.9817,90.9783,0
1745404420.877,2.111,2.365,-1.2175,-1.1565,-3.6423,-0.2661,37.9824,90.9789,0
1745404420.957,2.111,2.363,-1.2175,-1.1565,-3.6423,-0.2609,37.9883,90.9772,0
1745404421.036,2.110,2.366,-1.2174,-1.1565,-3.6423,-0.2681,37.9863,90.9828,0
1745404421.116,2.110,2.363,-1.2174,-1.1565,-3.6424,-0.2662,37.9887,90.9904,0
1745404421.196,2.110,2.366,-1.2175,-1.1566,-3.6425,-0.2719,37.9914,90.9958,0
1745404421.275,2.110,2.366,-1.2174,-1.1567,-3.6424,-0.2852,37.9905,91.0048,0
1745404421.355,2.111,2.365,-1.2175,-1.1565,-3.6423,-0.2670,37.9875,90.9941,0
1745404421.435,2.110,2.364,-1.2174,-1.1565,-3.6423,-0.2719,37.9845,90.9997,0
1745404421.514,2.111,2.361,-1.2175,-1.1565,-3.6423,-0.2509,37.9877,90.9938,0
1745404421.594,2.110,2.365,-1.2174,-1.1565,-3.6424,-0.2408,37.9839,90.9805,0
1745404421.793,2.110,2.361,-1.2174,-1.1567,-3.6425,-0.2572,37.9868,90.9996,0
1745404421.873,2.110,2.361,-1.2174,-1.1566,-3.6425,-0.2630,37.9824,91.0019,0
1745404421.952,2.110,2.366,-1.2175,-1.1565,-3.6423,-0.2780,37.9826,91.0101,0
1745404422.032,2.111,2.362,-1.2175,-1.1565,-3.6423,-0.2836,37.9841,91.0016,0
1745404422.112,2.110,2.362,-1.2174,-1.1565,-3.6424,-0.2820,37.9824,90.9979,0
1745404422.191,2.109,2.361,-1.2175,-1.1565,-3.6423,-0.2700,37.9827,90.9849,0
1745404424.561,2.103,2.312,-1.2695,-1.1576,-3.5952,0.1813,43.6151,90.6556,0
1745404424.640,2.102,2.306,-1.2734,-1.1577,-3.5910,0.1368,43.6114,90.7241,0
1745404424.720,2.102,2.297,-1.2771,-1.1580,-3.5871,0.1297,43.6005,90.7829,0
1745404424.800,2.102,2.294,-1.2807,-1.1578,-3.5834,0.1565,43.5299,90.8243,0
1745404424.879,2.099,2.294,-1.2844,-1.1579,-3.5799,0.2112,43.4926,90.8677,0
1745404424.959,2.099,2.280,-1.2871,-1.1581,-3.5766,0.1288,43.4589,90.9635,0
1745404425.039,2.098,2.276,-1.2884,-1.1583,-3.5750,0.0623,43.4580,90.9964,0
1745404425.118,2.098,2.271,-1.2885,-1.1582,-3.5752,0.0949,43.4627,90.9784,0
1745404425.198,2.099,2.268,-1.2883,-1.1583,-3.5752,0.1086,43.4664,90.9609,0
1745404425.278,2.099,2.268,-1.2883,-1.1582,-3.5751,0.1039,43.4720,90.9592,0
1745404425.357,2.099,2.271,-1.2884,-1.1582,-3.5751,0.0910,43.4639,90.9695,0
1745404425.437,2.097,2.270,-1.2882,-1.1583,-3.5751,0.0885,43.4670,90.9730,0
1745404425.516,2.099,2.269,-1.2883,-1.1582,-3.5751,0.0807,43.4707,90.9747,0
1745404425.596,2.099,2.272,-1.2882,-1.1582,-3.5752,0.0806,43.4713,90.9621,0
1745404425.676,2.100,2.272,-1.2883,-1.1582,-3.5751,0.0694,43.4754,90.9690,0
1745404425.755,2.100,2.271,-1.2882,-1.1584,-3.5750,0.0246,43.4940,91.0111,0
1745404425.835,2.098,2.270,-1.2883,-1.1584,-3.5750,0.0149,43.5117,91.0434,0
1745404425.915,2.098,2.267,-1.2885,-1.1582,-3.5748,0.0004,43.5129,91.0673,0
1745404425.994,2.098,2.267,-1.2884,-1.1583,-3.5748,0.0037,43.5079,91.0506,0
1745404426.074,2.099,2.267,-1.2886,-1.1582,-3.5749,0.0129,43.5031,91.0525,0
1745404426.154,2.099,2.268,-1.2885,-1.1582,-3.5749,0.0159,43.5013,91.0444,0
1745404426.233,2.098,2.271,-1.2885,-1.1582,-3.5747,0.0134,43.4971,91.0382,0
1745404426.313,2.097,2.270,-1.2884,-1.1583,-3.5748,0.0004,43.4958,91.0444,0
1745404426.393,2.098,2.267,-1.2885,-1.1582,-3.5747,0.0023,43.4943,91.0508,0
1745404426.472,2.099,2.267,-1.2885,-1.1583,-3.5748,0.0094,43.5278,91.0326,0
1745404426.552,2.099,2.269,-1.2895,-1.1582,-3.5739,-0.0080,43.6067,91.0548,0
1745404426.632,2.099,2.267,-1.2923,-1.1584,-3.5716,-0.0515,44.0765,91.0867,0
1745404426.711,2.098,2.268,-1.2972,-1.1583,-3.5677,0.0117,44.7044,91.0886,0
1745404426.791,2.100,2.263,-1.3027,-1.1584,-3.5635,-0.0619,45.4259,91.1520,0
1745404426.871,2.100,2.263,-1.3085,-1.1587,-3.5591,-0.0816,46.2580,91.2100,0
1745404426.950,2.100,2.261,-1.3137,-1.1589,-3.5553,-0.0946,46.9772,91.2249,0
1745404427.030,2.102,2.248,-1.3185,-1.1587,-3.5519,-0.0458,47.6078,91.2293,0
1745404427.109,2.105,2.252,-1.3228,-1.1589,-3.5490,-0.0501,48.1536,91.2547,0
1745404427.189,2.107,2.246,-1.3270,-1.1587,-3.5462,0.0111,48.7263,91.1931,0
1745404427.269,2.107,2.246,-1.3313,-1.1589,-3.5435,0.0243,49.3617,91.1877,0
1745404427.348,2.109,2.246,-1.3362,-1.1591,-3.5406,0.0621,50.0515,91.2002,0
1745404427.428,2.110,2.242,-1.3414,-1.1593,-3.5375,0.0953,50.7697,91.1770,0
1745404427.508,2.112,2.240,-1.3470,-1.1594,-3.5339,0.0743,51.4663,91.2507,0
1745404427.587,2.115,2.239,-1.3521,-1.1596,-3.5308,0.0148,52.1593,91.3154,0
1745404427.667,2.115,2.239,-1.3571,-1.1598,-3.5277,-0.0862,52.7230,91.4191,0
1745404427.747,2.119,2.242,-1.3624,-1.1598,-3.5245,-0.1671,53.4543,91.4955,0
1745404427.826,2.124,2.238,-1.3680,-1.1600,-3.5214,-0.2121,54.2944,91.5129,0
1745404427.906,2.126,2.239,-1.3752,-1.1601,-3.5176,-0.3327,55.2009,91.6161,0
1745404427.986,2.132,2.240,-1.3838,-1.1603,-3.5132,-0.4707,56.2803,91.7103,0
1745404428.065,2.132,2.240,-1.3937,-1.1605,-3.5085,-0.5921,57.5700,91.7663,0
1745404428.145,2.142,2.244,-1.4041,-1.1609,-3.5041,-0.6982,58.9053,91.7505,0
1745404428.224,2.102,2.052,-1.4142,-1.1610,-3.5002,-0.6362,60.1477,91.6215,0
1745404428.304,2.167,1.933,-1.4238,-1.1615,-3.4971,-0.6600,61.2766,91.4864,0
1745404428.384,2.183,1.933,-1.4332,-1.1620,-3.4935,-1.7460,62.6476,92.3696,0
1745404428.463,2.183,1.940,-1.4428,-1.1613,-3.4898,-1.8759,63.8132,92.4922,0
1745404428.543,2.198,1.950,-1.4524,-1.1623,-3.4876,-2.3778,65.4431,92.9392,0
1745404428.623,2.215,1.960,-1.4619,-1.1621,-3.4858,-2.9188,67.3807,93.3724,0
1745404428.702,2.243,1.988,-1.4716,-1.1622,-3.4844,-3.3308,69.4342,93.7045,0
1745404428.782,2.285,1.988,-1.4817,-1.1619,-3.4832,-2.8712,71.2851,93.3155,0
1745404428.862,2.285,2.008,-1.4920,-1.1623,-3.4817,-2.3656,72.5574,92.8853,0
1745404429.061,2.371,2.200,-1.5161,-1.1631,-3.4746,-2.1067,72.4933,92.7101,0
1745404429.140,2.374,2.189,-1.5263,-1.1631,-3.4714,-2.2414,72.3077,92.8754,0
1745404429.340,2.343,2.157,-1.5494,-1.1636,-3.4637,-3.0399,72.1206,93.6789,0
1745404429.539,2.321,2.128,-1.5520,-1.1639,-3.4629,-3.2969,72.1467,93.8653,0
1745404429.618,2.320,2.127,-1.5518,-1.1638,-3.4631,-3.5067,72.1483,94.0103,0
1745404429.698,2.323,2.126,-1.5516,-1.1636,-3.4630,-3.3323,72.1265,93.8774,0
1745404429.777,2.324,2.126,-1.5517,-1.1637,-3.4630,-3.2941,72.1222,93.8493,0
1745404429.857,2.324,2.127,-1.5519,-1.1639,-3.4631,-3.3937,72.1364,93.9330,0
1745404429.937,2.324,2.129,-1.5517,-1.1637,-3.4631,-3.5174,72.1399,94.0265,0
1745404430.017,2.319,2.126,-1.5519,-1.1639,-3.4631,-3.4935,72.1440,94.0101,0
1745404430.096,2.321,2.124,-1.5520,-1.1639,-3.4631,-3.4408,72.1400,93.9718,0
1745404430.176,2.324,2.124,-1.5518,-1.1636,-3.4629,-3.3043,72.1344,93.8725,0
1745404430.255,2.324,2.128,-1.5518,-1.1636,-3.4630,-3.3228,72.1152,93.8743,0
1745404430.335,2.324,2.124,-1.5519,-1.1639,-3.4631,-3.4414,72.1262,93.9617,0
1745404430.415,2.319,2.125,-1.5520,-1.1639,-3.4633,-3.5325,72.1354,94.0389,0
1745404430.494,2.320,2.129,-1.5520,-1.1637,-3.4632,-3.5910,72.1456,94.0879,0
1745404430.574,2.324,2.129,-1.5519,-1.1637,-3.4632,-3.3732,72.1222,93.9112,0
1745404430.654,2.324,2.128,-1.5520,-1.1634,-3.4629,-3.1528,72.1286,93.7565,0
1745404430.733,2.324,2.126,-1.5519,-1.1639,-3.4632,-3.0260,72.1264,93.6421,0
1745404430.813,2.324,2.127,-1.5520,-1.1640,-3.4633,-3.2162,72.1478,93.8063,0
1745404430.893,2.319,2.126,-1.5519,-1.1638,-3.4633,-3.3612,72.1463,93.9073,0
1745404430.972,2.321,2.126,-1.5520,-1.1639,-3.4632,-3.3402,72.1609,93.8957,0
1745404431.052,2.321,2.126,-1.5519,-1.1639,-3.4634,-3.2481,72.1440,93.8047,0
1745404431.131,2.320,2.127,-1.5520,-1.1641,-3.4636,-3.4002,72.1410,93.9267,0
1745404431.211,2.322,2.125,-1.5520,-1.1639,-3.4636,-3.5606,72.1436,94.0615,0
1745404431.291,2.320,2.127,-1.5521,-1.1639,-3.4636,-3.6931,72.1424,94.1591,0
1745404431.370,2.324,2.127,-1.5524,-1.1640,-3.4634,-3.4295,72.0460,93.9423,0
1745404431.450,2.324,2.125,-1.5558,-1.1642,-3.4614,-3.2109,71.3391,93.7648,0
1745404431.530,2.319,2.126,-1.5634,-1.1638,-3.4568,-2.6551,69.1479,93.1672,0
1745404431.729,2.245,1.911,-1.5901,-1.1650,-3.4357,-2.2755,60.9686,92.9437,0
1745404431.808,2.161,1.837,-1.5984,-1.1644,-3.4265,-1.9045,57.7275,92.6955,0
1745404431.888,2.092,1.759,-1.6058,-1.1657,-3.4190,-1.4860,55.0170,92.3941,0
1745404431.968,2.040,1.759,-1.6121,-1.1660,-3.4121,-0.9152,52.4790,91.9573,0
1745404432.047,2.040,1.808,-1.6175,-1.1663,-3.4048,-0.6597,50.1911,91.7943,0
1745404432.127,2.007,1.980,-1.6230,-1.1662,-3.3965,-0.5244,47.7303,91.7652,0
1745404432.207,1.989,1.946,-1.6288,-1.1670,-3.3873,-0.3069,44.9174,91.6379,0
1745404432.287,1.975,1.918,-1.6341,-1.1675,-3.3769,-0.2031,41.8472,91.6684,0
1745404432.366,1.975,1.918,-1.6392,-1.1662,-3.3662,0.0418,38.5851,91.5292,0
1745404432.446,1.965,1.895,-1.6433,-1.1668,-3.3551,0.0360,35.4109,91.5087,0
1745404432.525,1.991,1.877,-1.6466,-1.1676,-3.3445,0.1606,32.2852,91.4216,0
1745404432.605,2.000,1.869,-1.6496,-1.1682,-3.3342,0.3306,29.5006,91.3571,0
1745404432.685,2.024,1.874,-1.6518,-1.1685,-3.3250,0.3639,27.1843,91.3250,0
1745404432.764,2.024,1.874,-1.6565,-1.1690,-3.3155,0.4746,26.7932,91.2174,0
1745404432.844,2.056,1.883,-1.6615,-1.1691,-3.3064,0.4396,26.6952,91.2713,0
1745404432.924,2.075,1.881,-1.6661,-1.1693,-3.2971,0.4072,26.6644,91.2946,0
1745404433.003,2.079,1.866,-1.6709,-1.1699,-3.2874,0.3440,26.6129,91.3940,0
1745404433.083,2.080,1.855,-1.6756,-1.1702,-3.2777,0.2816,26.5633,91.4380,0
1745404433.163,2.080,1.855,-1.6805,-1.1703,-3.2683,0.2594,26.5658,91.4593,0
1745404433.242,2.087,1.843,-1.6854,-1.1705,-3.2587,0.2450,26.5528,91.4674,0
1745404433.322,2.090,1.829,-1.6899,-1.1710,-3.2496,0.2497,26.5504,91.3801,0
1745404433.401,2.093,1.817,-1.6945,-1.1712,-3.2406,0.2240,26.4612,91.3639,0
1745404433.481,2.097,1.802,-1.6982,-1.1713,-3.2337,0.1828,26.5398,91.3586,0
1745404433.680,2.099,1.784,-1.6993,-1.1716,-3.2315,0.1912,26.5081,91.3444,0
1745404433.879,2.102,1.786,-1.6992,-1.1716,-3.2317,0.1982,26.5375,91.3376,0
1745404434.079,2.100,1.786,-1.6992,-1.1715,-3.2316,0.2053,26.5369,91.3374,0
1745404434.278,2.100,1.786,-1.6991,-1.1716,-3.2317,0.2027,26.5337,91.3410,0
1745404434.477,2.101,1.787,-1.6991,-1.1716,-3.2317,0.1941,26.5282,91.3282,0
1745404434.556,2.101,1.786,-1.6991,-1.1716,-3.2317,0.1916,26.5346,91.3326,0
1745404434.636,2.100,1.788,-1.6991,-1.1716,-3.2316,0.1914,26.5367,91.3344,0
1745404434.716,2.100,1.786,-1.6992,-1.1715,-3.2316,0.2009,26.5364,91.3340,0
1745404434.795,2.100,1.786,-1.6991,-1.1716,-3.2317,0.1974,26.5448,91.3381,0
1745404434.875,2.099,1.786,-1.6993,-1.1715,-3.2316,0.2045,26.5508,91.3307,0
1745404434.955,2.099,1.786,-1.6991,-1.1716,-3.2317,0.2005,26.5469,91.3267,0
1745404435.273,2.100,1.787,-1.6992,-1.1716,-3.2317,0.2015,26.5459,91.3332,0
1745404435.353,2.100,1.787,-1.6992,-1.1715,-3.2316,0.1793,26.5382,91.3435,0
1745404435.432,2.100,1.786,-1.6991,-1.1716,-3.2317,0.1625,26.5300,91.3407,0
1745404435.512,2.101,1.786,-1.6991,-1.1716,-3.2316,0.1744,26.5245,91.3330,0
1745404435.592,2.100,1.786,-1.6991,-1.1716,-3.2316,0.1874,26.5283,91.3309,0
1745404435.671,2.101,1.786,-1.6992,-1.1716,-3.2316,0.1902,26.5371,91.3317,0
1745404435.870,2.100,1.787,-1.6991,-1.1716,-3.2316,0.2106,26.5502,91.3176,0
1745404435.950,2.100,1.787,-1.6991,-1.1717,-3.2317,0.2212,26.5523,91.3106,0
1745404436.030,2.099,1.786,-1.6990,-1.1716,-3.2316,0.2130,26.5444,91.3093,0
1745404436.109,2.102,1.787,-1.6988,-1.1715,-3.2323,0.2222,26.5080,91.3247,0
1745404436.189,2.099,1.787,-1.6959,-1.1714,-3.2377,0.1674,26.5060,91.4061,0
1745404436.269,2.102,1.787,-1.6904,-1.1716,-3.2492,0.2444,26.4711,91.3882,0
1745404436.348,2.102,1.787,-1.6826,-1.1707,-3.2642,0.2095,26.4375,91.5076,0
1745404436.428,2.098,1.801,-1.6745,-1.1700,-3.2806,0.3297,26.3070,91.4088,0
1745404436.508,2.092,1.824,-1.6666,-1.1698,-3.2961,0.3598,26.3747,91.3682,0
1745404436.587,2.088,1.847,-1.6602,-1.1695,-3.3093,0.4719,26.4219,91.2631,0
1745404436.787,2.076,1.884,-1.6490,-1.1686,-3.3306,0.3855,26.4159,91.3085,0
1745404438.917,2.075,1.897,-1.6503,-1.1689,-3.3291,0.3840,26.4384,91.3223,0
1745404438.997,2.074,1.897,-1.6502,-1.1688,-3.3290,0.3900,26.4399,91.3175,0
1745404439.076,2.074,1.897,-1.6502,-1.1689,-3.3291,0.3821,26.4369,91.3225,0
1745404439.156,2.074,1.897,-1.6503,-1.1689,-3.3290,0.3816,26.4378,91.3274,0
1745404439.235,2.076,1.898,-1.6503,-1.1689,-3.3291,0.3686,26.4364,91.3336,0
1745404439.315,2.075,1.898,-1.6502,-1.1688,-3.3290,0.3836,26.4381,91.3330,0
1745404439.395,2.075,1.898,-1.6503,-1.1688,-3.3290,0.3610,26.4396,91.3407,0
1745404439.475,2.075,1.898,-1.6502,-1.1689,-3.3291,0.3698,26.4317,91.3389,0
1745404439.554,2.075,1.898,-1.6503,-1.1689,-3.3291,0.3723,26.4327,91.3328,0
1745404439.634,2.074,1.898,-1.6502,-1.1689,-3.3291,0.3738,26.4341,91.3178,0
1745404439.713,2.076,1.896,-1.6503,-1.1688,-3.3290,0.3766,26.4388,91.3168,0
1745404439.793,2.074,1.896,-1.6502,-1.1689,-3.3290,0.3680,26.4294,91.3194,0
1745404439.873,2.075,1.896,-1.6502,-1.1689,-3.3292,0.3755,26.4343,91.3158,0
1745404439.952,2.075,1.898,-1.6502,-1.1689,-3.3290,0.3794,26.4321,91.3151,0
1745404440.032,2.074,1.896,-1.6502,-1.1688,-3.3290,0.3778,26.4300,91.3207,0
1745404440.112,2.074,1.896,-1.6503,-1.1688,-3.3290,0.3739,26.4270,91.3137,0
1745404440.191,2.075,1.898,-1.6502,-1.1689,-3.3291,0.3595,26.4347,91.3150,0
1745404440.271,2.074,1.898,-1.6501,-1.1690,-3.3291,0.3651,26.4297,91.3159,0
1745404440.351,2.074,1.897,-1.6502,-1.1689,-3.3291,0.3669,26.4318,91.3202,0
1745404440.430,2.075,1.898,-1.6502,-1.1688,-3.3291,0.3637,26.4365,91.3226,0
1745404440.510,2.074,1.896,-1.6503,-1.1689,-3.3290,0.3696,26.4421,91.3238,0
1745404440.590,2.074,1.898,-1.6502,-1.1689,-3.3290,0.3759,26.4400,91.3156,0
1745404440.669,2.073,1.898,-1.6503,-1.1688,-3.3291,0.3824,26.4393,91.3175,0
1745404440.749,2.073,1.897,-1.6502,-1.1689,-3.3291,0.3830,26.4403,91.3178,0
1745404440.829,2.073,1.898,-1.6502,-1.1688,-3.3290,0.3884,26.4375,91.3169,0
1745404440.908,2.075,1.897,-1.6502,-1.1688,-3.3290,0.3890,26.4293,91.3079,0
1745404440.988,2.075,1.896,-1.6502,-1.1689,-3.3291,0.3980,26.4313,91.3004,0
1745404441.067,2.075,1.896,-1.6502,-1.1688,-3.3289,0.3773,26.4365,91.3161,0
1745404441.147,2.075,1.896,-1.6502,-1.1690,-3.3291,0.3841,26.4348,91.3053,0
1745404441.227,2.074,1.897,-1.6502,-1.1689,-3.3290,0.3853,26.4340,91.3049,0
1745404441.306,2.074,1.897,-1.6502,-1.1688,-3.3290,0.3866,26.4327,91.3049,0
1745404441.386,2.074,1.897,-1.6502,-1.1690,-3.3291,0.3805,26.4382,91.3242,0
1745404441.466,2.074,1.897,-1.6501,-1.1690,-3.3291,0.3874,26.4439,91.3262,0
1745404441.545,2.074,1.897,-1.6504,-1.1690,-3.3291,0.3617,26.4574,91.3434,0
1745404441.625,2.075,1.895,-1.6503,-1.1689,-3.3290,0.3492,26.4494,91.3447,0
1745404441.705,2.074,1.899,-1.6502,-1.1689,-3.3291,0.3620,26.4361,91.3309,0
1745404441.784,2.074,1.896,-1.6501,-1.1690,-3.3291,0.3501,26.4427,91.3357,0
1745404441.864,2.074,1.896,-1.6501,-1.1690,-3.3290,0.3291,26.4347,91.3526,0
1745404441.944,2.074,1.898,-1.6502,-1.1689,-3.3289,0.3391,26.4367,91.3422,0
1745404442.023,2.074,1.899,-1.6501,-1.1689,-3.3289,0.3039,26.4403,91.3547,0
1745404442.103,2.074,1.898,-1.6502,-1.1689,-3.3289,0.3143,26.4343,91.3492,0
1745404442.183,2.074,1.897,-1.6502,-1.1689,-3.3290,0.3342,26.4353,91.3406,0
1745404442.262,2.073,1.897,-1.6502,-1.1689,-3.3289,0.3436,26.4381,91.3410,0
1745404442.461,2.073,1.900,-1.6501,-1.1689,-3.3289,0.3382,26.4345,91.3279,0
1745404442.541,2.073,1.898,-1.6502,-1.1689,-3.3287,0.3303,26.4380,91.3429,0
1745404442.621,2.075,1.896,-1.6502,-1.1688,-3.3288,0.3402,26.5042,91.3867,0
1745404442.700,2.075,1.896,-1.6487,-1.1683,-3.3303,0.4952,27.2740,91.6677,0
1745404442.780,2.073,1.897,-1.6444,-1.1681,-3.3327,0.2956,29.1674,91.7280,0
1745404442.860,2.058,1.897,-1.6429,-1.1668,-3.3313,0.0561,30.0279,92.9711,0
1745404442.939,2.058,1.883,-1.6380,-1.1676,-3.3359,0.0033,31.3855,92.1323,0
1745404443.019,2.052,1.879,-1.6334,-1.1666,-3.3378,0.1197,34.2070,92.4735,0
1745404443.099,2.042,1.875,-1.6300,-1.1668,-3.3423,0.4234,34.9468,92.5017,0
1745404443.178,2.027,1.868,-1.6245,-1.1657,-3.3476,0.6183,36.6925,92.6356,0
1745404443.258,2.021,1.868,-1.6163,-1.1641,-3.3525,0.0339,38.5341,94.1719,0
1745404443.337,2.021,1.873,-1.6086,-1.1634,-3.3596,0.0951,40.1157,94.8055,0
1745404443.417,2.017,1.877,-1.5987,-1.1633,-3.3693,-0.0053,40.7331,94.6970,0
1745404443.497,2.016,1.891,-1.5881,-1.1631,-3.3825,0.2858,40.2599,94.0006,0
1745404443.576,2.006,1.908,-1.5783,-1.1620,-3.3956,0.4844,40.3264,94.2456,0
1745404443.656,2.006,1.908,-1.5677,-1.1596,-3.4053,0.6486,41.6202,95.9744,0
1745404443.736,2.007,1.931,-1.5556,-1.1583,-3.4160,-0.0872,41.3455,97.7699,0
1745404443.815,1.993,1.955,-1.5443,-1.1556,-3.4266,0.3006,41.2838,98.7342,0
1745404443.895,1.989,1.974,-1.5291,-1.1535,-3.4347,-0.0752,39.5944,99.8232,0
1745404443.975,1.995,1.219,-1.5060,-1.1481,-3.4435,-3.4616,38.7377,100.3895,0
1745404444.054,1.995,1.219,-1.4868,-1.1372,-3.4570,-3.4408,38.8943,97.9101,0
1745404444.134,2.011,1.233,-1.4713,-1.1248,-3.4723,-1.9308,39.1921,95.4458,0
1745404444.214,2.023,2.045,-1.4574,-1.1145,-3.4897,0.3518,38.9945,94.0408,0
1745404444.293,2.024,2.070,-1.4429,-1.1076,-3.5109,2.2929,38.4674,93.2526,0
1745404444.373,2.023,2.101,-1.4255,-1.1046,-3.5368,3.0450,37.8344,93.3204,0
1745404444.452,2.023,2.101,-1.4039,-1.1039,-3.5663,3.0837,37.2455,94.6256,0
1745404444.532,2.020,2.139,-1.3776,-1.1010,-3.6012,3.9238,36.4541,95.1432,0
1745404444.614,2.019,2.188,-1.3422,-1.0930,-3.6393,4.0569,33.7600,94.6416,0
1745404444.691,2.041,2.249,-1.3058,-1.0822,-3.6730,2.3302,31.0676,94.6107,0
1745404444.771,2.054,2.328,-1.2726,-1.0714,-3.7037,1.0271,29.4009,94.3060,0
1745404444.851,2.054,2.328,-1.2415,-1.0638,-3.7334,0.9558,28.3678,95.5249,0
1745404444.930,2.056,2.401,-1.2115,-1.0565,-3.7653,1.7696,26.3771,97.5863,0
1745404445.010,2.076,2.465,-1.1838,-1.0454,-3.8054,2.9063,25.3005,97.0659,0
1745404445.090,2.092,2.554,-1.1492,-1.0351,-3.8454,0.8098,26.9720,95.5418,0
1745404445.169,2.103,2.554,-1.1125,-1.0319,-3.8745,1.0556,25.6994,94.5579,0
1745404445.249,2.103,2.619,-1.0765,-1.0349,-3.9007,0.9617,26.0479,94.7691,0
1745404445.328,2.090,2.662,-1.0418,-1.0455,-3.9216,-0.2994,27.9041,96.2707,0
1745404445.408,2.122,2.727,-1.0067,-1.0599,-3.9364,-1.3846,26.0694,97.7649,0
1745404445.488,2.111,2.763,-0.9756,-1.0730,-3.9508,-2.1984,25.5147,97.6460,0
1745404445.567,2.151,2.763,-0.9523,-1.0825,-3.9674,-1.0645,24.7273,97.9179,0
1745404445.647,2.151,2.828,-0.9294,-1.0877,-3.9922,-1.0708,23.6631,98.3150,0
1745404445.727,2.174,2.873,-0.9048,-1.0896,-4.0263,-1.0969,23.2731,97.5137,0
1745404445.806,2.195,2.932,-0.8744,-1.0904,-4.0662,-0.8707,21.4007,97.6724,0
1745404445.886,2.201,2.994,-0.8417,-1.0846,-4.1178,0.2652,19.8191,98.3395,0
1745404445.966,2.228,2.994,-0.8049,-1.0695,-4.1864,1.4516,19.4573,96.3243,0
1745404446.045,2.228,2.048,-0.7653,-1.0531,-4.2603,0.9136,18.1231,93.6933,0
1745404446.125,2.229,2.279,-0.7341,-1.0397,-4.3315,3.0405,20.2527,92.6578,0
1745404446.205,2.226,3.360,-0.7025,-1.0343,-4.3951,4.3137,23.0903,93.7226,0
1745404446.284,2.169,3.400,-0.6677,-1.0338,-4.4495,3.6325,24.3038,94.4956,0
1745404446.364,2.134,3.400,-0.6370,-1.0343,-4.4945,2.8631,25.6717,93.7802,0
1745404446.444,2.134,3.443,-0.6171,-1.0384,-4.5270,4.0657,26.9632,93.7083,0
1745404446.523,2.075,3.487,-0.6024,-1.0426,-4.5490,3.9806,27.5157,94.6446,0
1745404446.603,2.063,3.516,-0.5913,-1.0438,-4.5721,4.3719,29.5693,93.7940,0
1745404446.683,2.058,3.543,-0.5820,-1.0453,-4.5834,4.3918,29.7488,93.9749,0
1745404446.762,2.035,3.543,-0.5766,-1.0475,-4.5913,4.4044,31.2326,94.4371,0
1745404446.842,2.035,3.539,-0.5666,-1.0506,-4.6000,3.6628,33.8005,93.4789,0
1745404446.923,2.030,3.550,-0.5495,-1.0564,-4.6070,2.6918,34.3054,92.6457,0
1745404447.001,2.011,3.532,-0.5250,-1.0620,-4.6176,-0.5266,35.0441,92.5585,0
1745404447.081,1.999,3.542,-0.4973,-1.0651,-4.6374,-2.0533,36.2715,91.3327,0
1745404447.160,2.008,3.542,-0.4664,-1.0668,-4.6616,-3.4065,37.3932,90.8568,0
1745404447.240,2.008,3.570,-0.4381,-1.0671,-4.6902,-1.6948,38.2597,89.8556,0
1745404447.320,2.014,3.613,-0.4103,-1.0705,-4.7196,-0.5560,38.2055,90.5614,0
1745404447.399,2.015,3.661,-0.3856,-1.0776,-4.7481,0.2973,37.6072,91.9105,0
1745404447.479,2.019,3.710,-0.3605,-1.0883,-4.7718,-1.4011,35.9860,94.6248,0
1745404447.559,2.021,3.710,-0.3438,-1.0956,-4.7983,0.1065,36.2274,95.4639,0
1745404447.638,2.021,3.754,-0.3244,-1.0996,-4.8205,-0.2127,36.8354,95.6698,0
1745404447.718,2.026,3.806,-0.2984,-1.1024,-4.8371,-1.8612,36.6057,96.3126,0
1745404447.797,2.019,3.840,-0.2682,-1.1039,-4.8503,-2.6478,36.9057,96.8841,0
1745404447.877,2.032,3.876,-0.2340,-1.1020,-4.8594,-4.5639,37.7908,96.9525,0
1745404447.957,2.053,3.876,-0.2042,-1.0995,-4.8639,-5.7601,39.8599,97.2298,0
1745404448.036,2.053,3.909,-0.1845,-1.1003,-4.8684,-4.2904,42.1142,95.9127,0
1745404448.116,2.083,3.938,-0.1690,-1.1036,-4.8689,-8.3330,44.6713,98.6348,0
1745404448.196,2.094,3.963,-0.1650,-1.1025,-4.8765,-8.1637,46.7708,99.1811,0
1745404448.277,2.127,3.989,-0.1624,-1.1029,-4.8868,-7.9931,47.3187,99.5581,0
1745404448.355,2.124,3.989,-0.1558,-1.1051,-4.8940,-9.9262,46.0567,100.6084,0
1745404448.435,2.124,4.012,-0.1513,-1.1060,-4.9037,-9.9209,44.3031,99.9221,0
1745404448.514,2.126,4.021,-0.1517,-1.1068,-4.9132,-8.1629,43.7876,98.9564,0
1745404448.594,2.122,4.019,-0.1540,-1.1084,-4.9203,-5.6334,43.8446,97.4903,0
1745404448.674,2.104,4.025,-0.1603,-1.1103,-4.9246,-2.2783,44.3396,95.8762,0
1745404451.043,2.075,4.043,-0.1484,-1.1139,-4.9395,-0.1755,42.6849,91.9179,0
1745404451.123,2.075,4.040,-0.1485,-1.1138,-4.9393,-0.2683,42.5984,92.0606,0
1745404451.203,2.074,4.040,-0.1494,-1.1139,-4.9396,-0.2678,41.9875,92.0993,0
1745404451.282,2.074,4.037,-0.1506,-1.1139,-4.9404,-0.2553,41.2041,92.1338,0
1745404451.362,2.070,4.037,-0.1500,-1.1138,-4.9410,-0.1854,41.0242,92.0323,0
1745404451.441,2.070,4.038,-0.1500,-1.1137,-4.9411,-0.1996,40.9960,92.0831,0
1745404451.521,2.060,4.037,-0.1501,-1.1136,-4.9412,-0.2458,40.8905,92.1461,0
1745404451.601,2.060,4.037,-0.1500,-1.1137,-4.9415,-0.2367,40.9070,92.1179,0
1745404451.680,2.064,4.037,-0.1500,-1.1136,-4.9412,-0.2656,40.9236,92.1086,0
1745404451.760,2.065,4.037,-0.1500,-1.1137,-4.9413,-0.2895,40.9386,92.1122,0
1745404451.840,2.065,4.037,-0.1497,-1.1138,-4.9416,-0.2830,40.9928,92.0672,0
1745404451.919,2.065,4.038,-0.1499,-1.1138,-4.9415,-0.2691,41.1410,92.0452,0
1745404451.999,2.063,4.037,-0.1498,-1.1137,-4.9418,-0.2219,41.1224,92.0265,0
1745404452.079,2.057,4.037,-0.1497,-1.1138,-4.9419,-0.1937,41.1422,92.0215,0
1745404452.158,2.056,4.037,-0.1498,-1.1138,-4.9421,-0.1076,41.2127,91.9770,0
1745404452.238,2.056,4.038,-0.1497,-1.1137,-4.9422,0.0023,41.2197,91.8648,0
1745404452.318,2.050,4.037,-0.1497,-1.1138,-4.9421,-0.0781,41.2531,91.9156,0
1745404452.397,2.055,4.038,-0.1497,-1.1138,-4.9416,-0.1507,41.2878,91.9430,0
1745404452.477,2.042,4.038,-0.1496,-1.1138,-4.9419,-0.2190,41.1233,91.9981,0
1745404452.556,2.033,4.038,-0.1497,-1.1138,-4.9415,-0.3112,41.1148,92.0553,0
1745404452.636,2.033,4.036,-0.1498,-1.1139,-4.9415,-0.2710,41.1314,92.0420,0
1745404452.716,2.057,4.038,-0.1500,-1.1138,-4.9414,-0.2722,41.1214,92.0505,0
1745404452.795,2.055,4.038,-0.1497,-1.1137,-4.9416,-0.2789,41.1221,92.0543,0
1745404452.875,2.055,4.038,-0.1499,-1.1138,-4.9415,-0.2747,41.1160,92.0644,0
1745404452.955,2.056,4.038,-0.1499,-1.1139,-4.9415,-0.2838,41.1160,92.0715,0
1745404453.034,2.056,4.038,-0.1498,-1.1138,-4.9417,-0.2837,41.1187,92.0643,0
1745404453.114,2.056,4.036,-0.1499,-1.1137,-4.9416,-0.2916,41.1227,92.0791,0
1745404453.194,2.056,4.036,-0.1499,-1.1138,-4.9415,-0.2933,41.1212,92.0791,0
1745404453.273,2.056,4.040,-0.1499,-1.1138,-4.9416,-0.2925,41.1233,92.0784,0
1745404453.353,2.057,4.040,-0.1498,-1.1138,-4.9417,-0.3005,41.1238,92.0810,0
1745404453.433,2.057,4.038,-0.1499,-1.1138,-4.9417,-0.2912,41.1282,92.0877,0
1745404453.512,2.055,4.037,-0.1499,-1.1139,-4.9418,-0.2923,41.1272,92.0878,0
1745404453.592,2.055,4.037,-0.1499,-1.1138,-4.9417,-0.3053,41.1242,92.0998,0
1745404453.672,2.056,4.036,-0.1500,-1.1139,-4.9418,-0.3036,41.1197,92.1029,0
1745404453.751,2.057,4.036,-0.1498,-1.1138,-4.9418,-0.3061,41.1191,92.1044,0
1745404453.831,2.057,4.038,-0.1497,-1.1139,-4.9420,-0.3104,41.1215,92.1061,0
1745404453.910,0.502,4.037,-0.1498,-1.1139,-4.9419,-0.3046,41.1169,92.1015,0
1745404453.990,0.555,4.040,-0.1500,-1.1139,-4.9416,-0.3172,41.1167,92.1127,0
1745404454.070,0.635,4.036,-0.1498,-1.1139,-4.9421,-0.3071,41.1154,92.0985,0
1745404454.149,0.690,4.036,-0.1498,-1.1140,-4.9420,-0.3200,41.1126,92.1127,0
1745404454.229,0.690,4.037,-0.1498,-1.1141,-4.9420,-0.3245,41.1071,92.1183,0
1745404454.309,0.776,4.038,-0.1499,-1.1140,-4.9420,-0.3219,41.1111,92.1141,0
1745404454.388,0.862,4.036,-0.1498,-1.1139,-4.9419,-0.3307,41.1140,92.1228,0
1745404454.468,0.968,4.038,-0.1500,-1.1139,-4.9421,-0.3218,41.1152,92.1201,0
1745404454.548,1.087,4.038,-0.1499,-1.1139,-4.9421,-0.3193,41.1151,92.1167,0
1745404454.627,1.087,4.039,-0.1500,-1.1139,-4.9419,-0.3153,41.1075,92.1197,0
1745404454.707,1.235,4.038,-0.1499,-1.1139,-4.9422,-0.3138,41.1049,92.1191,0
1745404454.787,1.322,4.037,-0.1499,-1.1140,-4.9421,-0.3177,41.1016,92.1198,0
1745404454.866,2.055,4.038,-0.1497,-1.1139,-4.9422,-0.3081,41.0998,92.1091,0
1745404454.946,2.056,4.038,-0.1499,-1.1140,-4.9423,-0.3069,41.1042,92.1127,0
1745404455.025,2.056,4.036,-0.1499,-1.1140,-4.9424,-0.3216,41.1047,92.1202,0
1745404455.105,2.055,4.038,-0.1499,-1.1140,-4.9422,-0.3200,41.1030,92.1272,0
1745404455.185,2.056,4.039,-0.1499,-1.1140,-4.9424,-0.3158,41.1053,92.1217,0
1745404455.264,2.055,4.037,-0.1499,-1.1140,-4.9422,-0.3145,41.1115,92.1294,0
1745404455.344,2.056,4.037,-0.1499,-1.1139,-4.9422,-0.3274,41.1130,92.1324,0
1745404455.424,2.056,4.036,-0.1499,-1.1140,-4.9422,-0.3252,41.1180,92.1310,0
1745404455.503,2.057,4.037,-0.1500,-1.1140,-4.9422,-0.3269,41.1268,92.1380,0
1745404455.583,2.057,4.036,-0.1499,-1.1139,-4.9422,-0.3321,41.1199,92.1335,0
1745404455.663,2.055,4.038,-0.1499,-1.1140,-4.9423,-0.3208,41.1091,92.1277,0
1745404455.742,2.057,4.038,-0.1498,-1.1140,-4.9425,-0.3181,41.1048,92.1219,0
1745404455.822,2.057,4.037,-0.1498,-1.1140,-4.9424,-0.3129,41.1069,92.1201,0
1745404455.902,2.057,4.037,-0.1499,-1.1140,-4.9423,-0.3128,41.1215,92.1320,0
1745404455.981,2.056,4.036,-0.1500,-1.1140,-4.9423,-0.3103,41.1233,92.1304,0
1745404456.061,2.057,4.036,-0.1503,-1.1140,-4.9422,-0.3046,41.1237,92.1272,0
1745404456.140,2.056,4.038,-0.1499,-1.1141,-4.9423,-0.3141,41.1131,92.1168,0
1745404456.220,2.056,4.037,-0.1499,-1.1139,-4.9422,-0.3223,41.1150,92.1314,0
1745404456.300,2.057,4.039,-0.1498,-1.1141,-4.9425,-0.3207,41.1198,92.1199,0
1745404456.379,2.055,4.036,-0.1498,-1.1141,-4.9426,-0.3196,41.1205,92.1231,0
1745404456.459,2.056,4.036,-0.1499,-1.1140,-4.9423,-0.3334,41.1181,92.1522,0
1745404456.539,2.056,4.037,-0.1498,-1.1140,-4.9424,-0.3329,41.1144,92.1506,0
1745404456.618,2.056,4.037,-0.1498,-1.1140,-4.9425,-0.3314,41.1172,92.1560,0
1745404456.698,2.057,4.036,-0.1500,-1.1139,-4.9423,-0.3284,41.1192,92.1506,0
1745404456.778,2.057,4.037,-0.1499,-1.1140,-4.9425,-0.3300,41.1225,92.1446,0
1745404456.857,2.056,4.037,-0.1499,-1.1140,-4.9425,-0.3284,41.1232,92.1574,0
1745404456.937,2.056,4.038,-0.1498,-1.1140,-4.9424,-0.3371,41.1240,92.1624,0
1745404457.017,2.056,4.038,-0.1499,-1.1140,-4.9425,-0.3344,41.1218,92.1602,0
1745404457.096,2.056,4.038,-0.1497,-1.1140,-4.9425,-0.3424,41.1231,92.1626,0
1745404457.176,2.057,4.037,-0.1498,-1.1140,-4.9425,-0.3433,41.1238,92.1584,0
1745404457.255,2.056,4.037,-0.1499,-1.1140,-4.9425,-0.3497,41.1264,92.1674,0
1745404457.335,2.057,4.036,-0.1498,-1.1141,-4.9424,-0.3580,41.1190,92.1649,1
1745404457.415,2.057,4.040,-0.1498,-1.1140,-4.9424,-0.3526,41.1207,92.1585,1
1745404457.494,2.055,4.039,-0.1499,-1.1139,-4.9423,-0.3524,41.1232,92.1673,1
1745404457.574,2.057,4.037,-0.1498,-1.1140,-4.9426,-0.3492,41.1181,92.1551,1
1745404457.654,2.056,4.037,-0.1497,-1.1141,-4.9426,-0.3576,41.1188,92.1649,1
1745404457.733,2.055,4.036,-0.1499,-1.1141,-4.9424,-0.3624,41.1190,92.1769,1
1745404457.813,2.055,4.038,-0.1499,-1.1140,-4.9424,-0.3590,41.1220,92.1713,1
1745404457.893,2.056,4.038,-0.1499,-1.1140,-4.9425,-0.3507,41.1276,92.1614,1
1745404457.972,2.057,4.036,-0.1498,-1.1140,-4.9424,-0.3612,41.1264,92.1622,1
1745404458.052,2.057,4.036,-0.1499,-1.1140,-4.9425,-0.3486,41.1297,92.1574,1
1745404458.132,2.057,4.037,-0.1499,-1.1139,-4.9426,-0.3416,41.1296,92.1493,1
1745404458.211,2.057,4.038,-0.1498,-1.1140,-4.9426,-0.3383,41.1300,92.1484,1
1745404458.291,2.057,4.037,-0.1499,-1.1139,-4.9425,-0.3342,41.1292,92.1525,1
1745404458.371,2.056,4.039,-0.1499,-1.1140,-4.9426,-0.3394,41.1284,92.1608,1
1745404458.450,2.057,4.039,-0.1498,-1.1140,-4.9425,-0.3471,41.1338,92.1710,1
1745404458.530,2.056,4.037,-0.1499,-1.1139,-4.9425,-0.3500,41.1341,92.1749,1
1745404458.610,2.056,4.038,-0.1498,-1.1139,-4.9424,-0.3484,41.1354,92.1719,1
1745404458.689,2.057,4.038,-0.1498,-1.1141,-4.9425,-0.3518,41.1292,92.1721,1
1745404458.769,2.057,4.039,-0.1499,-1.1140,-4.9424,-0.3531,41.1259,92.1792,1
1745404458.849,2.057,4.039,-0.1499,-1.1139,-4.9424,-0.3561,41.1269,92.1760,1
1745404458.928,2.056,4.037,-0.1500,-1.1139,-4.9424,-0.3583,41.1330,92.1729,1
1745404459.008,2.056,4.038,-0.1498,-1.1139,-4.9425,-0.3654,41.1272,92.1631,1
1745404459.087,2.056,4.038,-0.1498,-1.1140,-4.9426,-0.3656,41.1319,92.1699,1
1745404459.167,2.057,4.038,-0.1499,-1.1139,-4.9425,-0.3619,41.1307,92.1646,1
1745404459.247,2.057,4.038,-0.1500,-1.1140,-4.9424,-0.3751,41.1353,92.1734,1
1745404459.326,2.056,4.036,-0.1499,-1.1140,-4.9423,-0.3737,41.1337,92.1661,1
1745404459.406,2.056,4.037,-0.1498,-1.1139,-4.9424,-0.3727,41.1385,92.1541,1
1745404459.486,2.056,4.037,-0.1498,-1.1139,-4.9424,-0.3781,41.1366,92.1683,1
1745404459.565,2.056,4.039,-0.1497,-1.1139,-4.9424,-0.3748,41.1323,92.1705,1
1745404459.645,2.056,4.039,-0.1499,-1.1140,-4.9423,-0.3656,41.1373,92.1757,1
1745404459.725,2.056,4.039,-0.1499,-1.1139,-4.9423,-0.3667,41.1373,92.1712,1
1745404459.804,2.056,4.037,-0.1500,-1.1139,-4.9422,-0.3695,41.1414,92.1765,1
1745404459.884,2.057,4.038,-0.1499,-1.1139,-4.9422,-0.3720,41.1432,92.1822,1
1745404459.964,2.055,4.037,-0.1499,-1.1139,-4.9422,-0.3708,41.1437,92.1856,1
1745404460.043,2.057,4.037,-0.1498,-1.1139,-4.9422,-0.3780,41.1451,92.1813,1
1745404460.123,2.056,4.038,-0.1499,-1.1139,-4.9422,-0.3944,41.1475,92.1966,1
1745404460.202,2.056,4.036,-0.1499,-1.1139,-4.9421,-0.4084,41.1487,92.2006,1
1745404460.282,2.055,4.037,-0.1499,-1.1138,-4.9421,-0.4128,41.1495,92.2051,1
1745404460.362,2.056,4.037,-0.1499,-1.1139,-4.9421,-0.4088,41.1407,92.2040,1
1745404460.441,2.056,4.037,-0.1499,-1.1139,-4.9421,-0.4119,41.1326,92.2052,1
1745404460.521,2.056,4.038,-0.1499,-1.1139,-4.9419,-0.4117,41.1307,92.2111,1
1745404460.601,2.056,4.037,-0.1499,-1.1139,-4.9422,-0.3960,41.1276,92.1928,1
1745404460.680,2.057,4.038,-0.1498,-1.1140,-4.9421,-0.3972,41.1233,92.1988,1
1745404460.760,2.057,4.038,-0.1500,-1.1140,-4.9422,-0.3900,41.1318,92.1997,1
1745404460.840,2.056,4.038,-0.1499,-1.1141,-4.9421,-0.4080,41.1236,92.2060,1
1745404460.919,2.056,4.037,-0.1498,-1.1139,-4.9420,-0.4058,41.1260,92.2009,1
1745404460.999,2.056,4.036,-0.1497,-1.1140,-4.9421,-0.3991,41.1314,92.1950,1
1745404461.079,2.056,4.038,-0.1497,-1.1138,-4.9420,-0.4011,41.1325,92.2011,1
1745404461.158,2.056,4.036,-0.1500,-1.1139,-4.9420,-0.3982,41.1368,92.2072,1
1745404461.238,2.055,4.036,-0.1499,-1.1139,-4.9421,-0.4022,41.1314,92.2044,1
1745404461.318,2.055,4.036,-0.1498,-1.1138,-4.9420,-0.4144,41.1236,92.2196,1
1745404461.397,2.055,4.038,-0.1499,-1.1139,-4.9420,-0.4098,41.1245,92.2230,1
1745404461.477,2.057,4.038,-0.1498,-1.1139,-4.9423,-0.4033,41.1210,92.2119,1
1745404461.557,2.056,4.036,-0.1498,-1.1140,-4.9423,-0.4062,41.1226,92.2197,1
1745404461.636,2.055,4.036,-0.1498,-1.1139,-4.9422,-0.4066,41.1306,92.2241,1
1745404461.716,2.055,4.037,-0.1499,-1.1139,-4.9421,-0.4068,41.1290,92.2263,1
1745404461.796,2.055,4.038,-0.1499,-1.1140,-4.9419,-0.4089,41.1332,92.2262,1
1745404461.875,2.057,4.037,-0.1498,-1.1139,-4.9421,-0.4081,41.1331,92.2231,1
1745404461.955,2.057,4.037,-0.1500,-1.1139,-4.9420,-0.4100,41.1345,92.2317,1
1745404462.034,2.057,4.037,-0.1499,-1.1139,-4.9420,-0.4148,41.1355,92.2332,1
1745404462.114,2.056,4.037,-0.1499,-1.1138,-4.9420,-0.4062,41.1420,92.2214,1
1745404462.194,2.056,4.037,-0.1498,-1.1139,-4.9422,-0.4082,41.1442,92.2103,1
1745404462.273,2.056,4.038,-0.1499,-1.1139,-4.9420,-0.4090,41.1447,92.2153,1
1745404462.353,2.056,4.038,-0.1500,-1.1139,-4.9420,-0.4199,41.1341,92.2286,1
1745404462.433,2.055,4.038,-0.1498,-1.1139,-4.9421,-0.4110,41.1356,92.2153,1
1745404462.512,2.057,4.038,-0.1500,-1.1138,-4.9418,-0.4140,41.1397,92.2214,1
1745404462.592,2.057,4.038,-0.1498,-1.1139,-4.9422,-0.4094,41.1402,92.2087,1
1745404462.672,2.055,4.037,-0.1500,-1.1138,-4.9420,-0.4218,41.1436,92.2280,1
1745404462.751,2.055,4.037,-0.1498,-1.1139,-4.9421,-0.4248,41.1438,92.2220,1
1745404462.831,2.056,4.037,-0.1499,-1.1139,-4.9421,-0.4243,41.1314,92.2260,1
1745404462.911,2.056,4.038,-0.1498,-1.1139,-4.9422,-0.4252,41.1344,92.2238,1
1745404462.990,2.056,4.037,-0.1498,-1.1139,-4.9420,-0.4311,41.1368,92.2298,1
1745404463.070,2.056,4.038,-0.1498,-1.1139,-4.9421,-0.4211,41.1443,92.2256,1
1745404463.150,2.056,4.038,-0.1498,-1.1138,-4.9420,-0.4285,41.1439,92.2362,1
1745404463.229,2.057,4.037,-0.1498,-1.1139,-4.9420,-0.4288,41.1448,92.2377,1
1745404463.309,2.057,4.037,-0.1499,-1.1139,-4.9421,-0.4164,41.1465,92.2378,1
1745404463.388,2.057,4.038,-0.1498,-1.1139,-4.9419,-0.4220,41.1460,92.2316,1
1745404463.468,2.057,4.038,-0.1499,-1.1139,-4.9420,-0.4198,41.1379,92.2318,1
1745404463.548,2.057,4.038,-0.1499,-1.1139,-4.9421,-0.4144,41.1321,92.2288,1
1745404463.627,2.056,4.035,-0.1498,-1.1139,-4.9420,-0.4188,41.1354,92.2279,1
1745404463.707,2.057,4.038,-0.1499,-1.1139,-4.9421,-0.4118,41.1400,92.2286,1
1745404463.787,2.057,4.038,-0.1499,-1.1138,-4.9419,-0.4266,41.1335,92.2364,1
1745404463.866,2.056,4.038,-0.1499,-1.1139,-4.9420,-0.4246,41.1354,92.2317,1
1745404463.946,2.056,4.038,-0.1499,-1.1139,-4.9418,-0.4272,41.1456,92.2357,1
1745404464.025,2.057,4.038,-0.1501,-1.1140,-4.9419,-0.4097,41.1475,92.2256,1
1745404464.105,2.057,4.037,-0.1497,-1.1140,-4.9421,-0.4258,41.1445,92.2230,1
1745404464.185,2.057,4.038,-0.1500,-1.1139,-4.9418,-0.4343,41.1501,92.2390,1
1745404464.264,2.058,4.037,-0.1500,-1.1139,-4.9419,-0.4310,41.1444,92.2353,1
1745404464.344,2.057,4.037,-0.1500,-1.1139,-4.9419,-0.4312,41.1454,92.2304,1
1745404464.424,2.056,4.037,-0.1498,-1.1140,-4.9421,-0.4406,41.1358,92.2291,1
1745404465.360,2.056,4.036,-0.1498,-1.1139,-4.9419,-0.4405,41.1516,92.2469,1
1745404465.439,2.057,4.036,-0.1500,-1.1137,-4.9418,-0.4345,41.1493,92.2459,1
1745404465.519,2.057,4.038,-0.1500,-1.1138,-4.9420,-0.4377,41.1552,92.2469,1
1745404465.598,2.057,4.038,-0.1497,-1.1138,-4.9419,-0.4505,41.1487,92.2494,1
1745404465.678,2.057,4.038,-0.1499,-1.1139,-4.9418,-0.4248,41.1488,92.2391,1
1745404465.758,2.057,4.037,-0.1499,-1.1139,-4.9418,-0.4276,41.1458,92.2400,1
1745404465.837,2.057,4.037,-0.1498,-1.1138,-4.9419,-0.4298,41.1438,92.2463,1
1745404465.917,2.056,4.037,-0.1498,-1.1138,-4.9419,-0.4267,41.1363,92.2485,1
1745404465.997,2.056,4.038,-0.1499,-1.1138,-4.9419,-0.4291,41.1357,92.2522,1
1745404466.076,2.056,4.037,-0.1498,-1.1139,-4.9419,-0.4420,41.1358,92.2613,1
1745404466.156,2.057,4.036,-0.1499,-1.1139,-4.9419,-0.4356,41.1464,92.2590,1
1745404466.236,2.057,4.036,-0.1498,-1.1139,-4.9418,-0.4454,41.1446,92.2638,1
1745404466.315,2.057,4.038,-0.1498,-1.1138,-4.9417,-0.4482,41.1469,92.2616,1
1745404466.395,2.057,4.037,-0.1498,-1.1138,-4.9418,-0.4501,41.1501,92.2576,1
1745404466.475,2.057,4.038,-0.1498,-1.1140,-4.9419,-0.4602,41.1389,92.2598,1
1745404466.554,2.056,4.038,-0.1497,-1.1139,-4.9418,-0.4728,41.1287,92.2747,1
1745404466.634,2.056,4.038,-0.1498,-1.1138,-4.9418,-0.4618,41.1334,92.2620,1
1745404466.714,2.056,4.037,-0.1498,-1.1139,-4.9418,-0.4490,41.1450,92.2559,1
1745404466.793,2.056,4.039,-0.1497,-1.1138,-4.9417,-0.4438,41.1451,92.2476,1
1745404466.873,2.056,4.038,-0.1498,-1.1139,-4.9418,-0.4469,41.1429,92.2509,1
1745404466.952,2.056,4.037,-0.1498,-1.1138,-4.9418,-0.4547,41.1457,92.2571,1
1745404467.032,2.056,4.037,-0.1497,-1.1138,-4.9416,-0.4574,41.1400,92.2662,1
1745404467.112,2.056,4.036,-0.1499,-1.1139,-4.9418,-0.4470,41.1353,92.2615,1
1745404467.191,2.056,4.038,-0.1498,-1.1138,-4.9416,-0.4583,41.1438,92.2657,1
1745404467.271,2.056,4.037,-0.1499,-1.1138,-4.9416,-0.4499,41.1513,92.2593,1
1745404467.351,2.056,4.037,-0.1498,-1.1138,-4.9416,-0.4471,41.1493,92.2554,1
1745404467.430,2.057,4.037,-0.1498,-1.1138,-4.9416,-0.4513,41.1531,92.2563,1
1745404467.510,2.057,4.037,-0.1500,-1.1139,-4.9416,-0.4426,41.1483,92.2524,1
1745404467.590,2.057,4.036,-0.1499,-1.1139,-4.9417,-0.4510,41.1488,92.2486,1
1745404467.669,2.056,4.037,-0.1498,-1.1138,-4.9415,-0.4737,41.1428,92.2647,1
1745404467.749,2.057,4.037,-0.1498,-1.1138,-4.9416,-0.4710,41.1452,92.2605,1
1745404467.828,2.057,4.037,-0.1498,-1.1138,-4.9416,-0.4701,41.1411,92.2622,1
1745404467.908,2.057,4.036,-0.1499,-1.1138,-4.9416,-0.4650,41.1423,92.2647,1
1745404467.988,2.057,4.037,-0.1498,-1.1139,-4.9416,-0.4710,41.1420,92.2623,1
1745404468.067,2.057,4.038,-0.1498,-1.1138,-4.9417,-0.4622,41.1466,92.2617,1
1745404468.147,2.057,4.038,-0.1498,-1.1138,-4.9416,-0.4688,41.1396,92.2700,1
1745404468.227,2.056,4.038,-0.1499,-1.1138,-4.9416,-0.4656,41.1391,92.2650,1
1745404468.306,2.056,4.036,-0.1499,-1.1138,-4.9417,-0.4705,41.1370,92.2740,1
1745404468.386,2.056,4.038,-0.1499,-1.1138,-4.9415,-0.4739,41.1387,92.2762,1
1745404468.466,2.055,4.037,-0.1499,-1.1138,-4.9417,-0.4724,41.1447,92.2707,1
1745404468.545,2.056,4.037,-0.1498,-1.1139,-4.9416,-0.4751,41.1508,92.2713,1
1745404468.627,2.057,4.038,-0.1500,-1.1137,-4.9415,-0.4707,41.1503,92.2780,1
1745404468.705,2.056,4.037,-0.1500,-1.1138,-4.9415,-0.4629,41.1492,92.2658,1
1745404468.784,2.056,4.036,-0.1498,-1.1138,-4.9416,-0.4724,41.1632,92.2616,1
1745404468.864,2.055,4.038,-0.1503,-1.1138,-4.9409,-0.4684,41.1133,92.2607,1
1745404468.944,2.057,4.038,-0.1519,-1.1140,-4.9393,-0.4248,41.1397,92.1970,1
1745404469.023,2.056,4.037,-0.1549,-1.1142,-4.9360,-0.4041,41.1691,92.1730,1
1745404469.103,2.057,4.036,-0.1587,-1.1142,-4.9320,-0.3767,41.2365,92.1027,1
1745404469.183,2.057,4.030,-0.1629,-1.1141,-4.9274,-0.2963,41.1798,92.0504,1
1745404469.262,2.058,4.024,-0.1664,-1.1142,-4.9235,-0.2674,41.2014,92.0222,1
1745404469.342,2.048,4.024,-0.1693,-1.1143,-4.9202,-0.2719,41.1972,92.0023,1
1745404469.421,2.050,4.016,-0.1710,-1.1145,-4.9185,-0.2606,41.2040,91.9569,1
1745404469.501,2.048,4.012,-0.1711,-1.1145,-4.9181,-0.2639,41.2167,91.9373,1
1745404469.581,2.048,4.008,-0.1711,-1.1145,-4.9181,-0.2661,41.2181,91.9337,1
1745404469.660,2.044,4.008,-0.1711,-1.1145,-4.9181,-0.2642,41.2269,91.9262,1
1745404469.740,2.042,4.008,-0.1710,-1.1144,-4.9180,-0.2689,41.2295,91.9231,1
1745404469.820,2.041,4.006,-0.1710,-1.1144,-4.9179,-0.2818,41.1940,91.9224,1
1745404469.899,2.041,4.008,-0.1722,-1.1144,-4.9166,-0.2954,41.3214,91.9619,1
1745404469.979,2.041,4.007,-0.1752,-1.1145,-4.9129,-0.2960,41.2804,91.9014,1
1745404470.059,2.047,4.006,-0.1798,-1.1148,-4.9081,-0.2426,41.2947,91.8685,1
1745404470.138,2.048,4.006,-0.1851,-1.1149,-4.9023,-0.2838,41.3473,91.8905,1
1745404470.218,2.045,3.998,-0.1899,-1.1150,-4.8967,-0.3359,41.4346,91.9146,1
1745404470.297,2.046,3.989,-0.1943,-1.1151,-4.8924,-0.3132,41.4520,91.9047,1
1745404470.377,2.046,3.978,-0.1979,-1.1156,-4.8879,-0.4457,41.5106,92.0162,1
1745404470.457,2.048,3.972,-0.2013,-1.1157,-4.8840,-0.4847,41.5512,92.0773,1
1745404470.536,2.054,3.972,-0.2044,-1.1159,-4.8805,-0.5208,41.5952,92.0651,1
1745404470.616,2.061,3.962,-0.2081,-1.1161,-4.8768,-0.4377,41.5582,92.0042,1
1745404470.696,2.061,3.956,-0.2119,-1.1164,-4.8728,-0.4106,41.6024,91.9741,1
1745404470.775,2.061,3.950,-0.2161,-1.1165,-4.8681,-0.4181,41.6190,91.9818,1
1745404470.855,2.059,3.943,-0.2205,-1.1164,-4.8632,-0.4592,41.6408,91.9978,1
1745404470.935,2.059,3.943,-0.2252,-1.1168,-4.8579,-0.4582,41.7228,92.0214,1
1745404471.014,2.060,3.937,-0.2303,-1.1168,-4.8526,-0.4343,41.6868,91.9952,1
1745404471.094,2.060,3.927,-0.2352,-1.1173,-4.8473,-0.4383,41.6790,92.0175,1
1745404471.174,2.060,3.916,-0.2398,-1.1173,-4.8423,-0.3985,41.6912,92.0125,1
1745404471.253,2.060,3.908,-0.2443,-1.1175,-4.8374,-0.3031,41.6621,91.9621,1
1745404471.333,2.059,3.908,-0.2487,-1.1177,-4.8330,-0.2537,41.7546,91.9313,1
1745404471.413,2.055,3.898,-0.2531,-1.1179,-4.8282,-0.2666,41.7524,91.9220,1
1745404471.492,2.052,3.890,-0.2577,-1.1184,-4.8232,-0.3966,41.8665,91.9700,1
1745404471.572,2.052,3.880,-0.2625,-1.1188,-4.8179,-0.3577,41.9031,91.9622,1
1745404471.651,2.056,3.877,-0.2676,-1.1183,-4.8128,-0.2917,41.9570,91.9343,1
1745404471.731,2.061,3.877,-0.2726,-1.1182,-4.8074,-0.2466,41.9695,91.9739,1
1745404471.811,2.059,3.864,-0.2774,-1.1181,-4.8019,-0.4416,41.9753,92.0820,1
1745404471.890,2.059,3.859,-0.2820,-1.1191,-4.7965,-0.5146,41.9340,92.1109,1
1745404471.970,2.059,3.849,-0.2868,-1.1195,-4.7911,-0.5648,41.9213,92.1701,1
1745404472.050,2.062,3.839,-0.2917,-1.1197,-4.7860,-0.5005,41.8842,92.1553,1
1745404472.129,2.062,3.839,-0.2962,-1.1196,-4.7814,-0.4066,41.8321,92.0782,1
1745404472.209,2.059,3.828,-0.3002,-1.1197,-4.7768,-0.3631,41.8494,92.0445,1
1745404472.289,2.060,3.822,-0.3044,-1.1199,-4.7729,-0.2810,41.8695,91.9757,1
1745404472.368,2.060,3.817,-0.3083,-1.1202,-4.7685,-0.2343,41.8276,91.9185,1
1745404472.448,2.055,3.806,-0.3128,-1.1205,-4.7637,-0.2446,41.8524,91.9473,1
1745404472.528,2.056,3.806,-0.3174,-1.1202,-4.7586,-0.3038,41.8008,91.9575,1
1745404472.607,2.054,3.799,-0.3222,-1.1205,-4.7532,-0.2956,41.8775,91.9788,1
1745404472.687,2.055,3.790,-0.3271,-1.1207,-4.7480,-0.3056,41.9322,91.9463,1
1745404472.767,2.055,3.782,-0.3321,-1.1209,-4.7429,-0.2988,41.9745,91.9010,1
1745404472.846,2.057,3.782,-0.3368,-1.1212,-4.7374,-0.3588,42.0001,91.9417,1
1745404472.926,2.053,3.774,-0.3419,-1.1215,-4.7322,-0.4058,42.0756,91.9870,1
1745404473.005,2.057,3.762,-0.3466,-1.1218,-4.7266,-0.4999,42.1099,92.0595,1
1745404473.085,2.060,3.757,-0.3516,-1.1221,-4.7212,-0.4784,42.1088,92.0254,1
1745404473.165,2.060,3.748,-0.3564,-1.1225,-4.7164,-0.4398,42.0886,91.9500,1
1745404473.244,2.059,3.748,-0.3607,-1.1226,-4.7117,-0.4787,42.1192,91.9742,1
1745404473.324,2.056,3.739,-0.3647,-1.1230,-4.7074,-0.4973,42.1185,91.9906,1
1745404473.404,2.058,3.728,-0.3689,-1.1230,-4.7027,-0.5175,42.1639,91.9947,1
1745404473.483,2.057,3.720,-0.3735,-1.1234,-4.6980,-0.5126,42.1143,92.0197,1
1745404473.563,2.057,3.713,-0.3780,-1.1235,-4.6930,-0.5006,42.0565,92.0438,1
1745404473.643,2.056,3.713,-0.3831,-1.1234,-4.6878,-0.4411,42.0302,92.0127,1
1745404473.722,2.057,3.706,-0.3877,-1.1237,-4.6829,-0.3235,42.0116,91.8975,1
1745404473.804,2.055,3.695,-0.3925,-1.1237,-4.6781,-0.2872,42.0194,91.8889,1
1745404473.882,2.057,3.688,-0.3970,-1.1237,-4.6730,-0.2737,42.0439,91.8246,1
1745404473.961,2.057,3.680,-0.4016,-1.1239,-4.6680,-0.3878,42.1330,91.8808,1
1745404474.041,2.056,3.680,-0.4062,-1.1242,-4.6631,-0.3646,42.1652,91.8582,1
1745404474.121,2.056,3.669,-0.4109,-1.1241,-4.6585,-0.2829,42.2089,91.7918,1
1745404474.200,2.055,3.664,-0.4156,-1.1246,-4.6534,-0.2997,42.2626,91.8499,1
1745404474.399,2.056,3.645,-0.4277,-1.1252,-4.6393,-0.5725,42.2168,92.0048,1
1745404474.598,2.055,3.624,-0.4394,-1.1254,-4.6268,-0.5305,42.0615,91.9861,1
1745404474.797,2.058,3.607,-0.4496,-1.1258,-4.6164,-0.4078,41.9813,91.8721,1
1745404474.877,2.058,3.600,-0.4539,-1.1259,-4.6114,-0.4077,41.9999,91.8578,1
1745404474.957,2.055,3.589,-0.4581,-1.1261,-4.6071,-0.3960,41.9697,91.8159,1
1745404475.036,2.054,3.589,-0.4619,-1.1267,-4.6030,-0.4340,41.9813,91.8502,1
1745404475.116,2.054,3.581,-0.4648,-1.1268,-4.5999,-0.4340,41.9934,91.8385,1
1745404475.196,2.054,3.575,-0.4667,-1.1268,-4.5978,-0.4694,42.0217,91.8702,1
1745404475.275,2.054,3.570,-0.4669,-1.1268,-4.5974,-0.4715,42.0338,91.8704,1
1745404475.355,2.053,3.567,-0.4669,-1.1268,-4.5975,-0.4683,42.0167,91.8714,1
1745404475.435,2.054,3.567,-0.4668,-1.1268,-4.5975,-0.4536,42.0182,91.8581,1
1745404475.514,2.052,3.567,-0.4668,-1.1268,-4.5974,-0.4365,42.0133,91.8561,1
1745404475.594,2.054,3.566,-0.4669,-1.1268,-4.5974,-0.4303,42.0112,91.8553,1
1745404475.674,2.054,3.566,-0.4668,-1.1267,-4.5974,-0.4420,41.9996,91.8619,1
1745404475.753,2.052,3.569,-0.4669,-1.1267,-4.5973,-0.4342,41.9964,91.8574,1
1745404475.833,2.055,3.569,-0.4669,-1.1267,-4.5973,-0.4209,42.0032,91.8418,1
1745404475.913,2.053,3.569,-0.4669,-1.1268,-4.5973,-0.4178,42.0021,91.8356,1
1745404475.992,2.054,3.569,-0.4668,-1.1267,-4.5972,-0.4060,42.0054,91.8305,1
1745404476.072,2.054,3.566,-0.4669,-1.1267,-4.5972,-0.3962,42.0044,91.8254,1
1745404476.151,2.053,3.566,-0.4669,-1.1268,-4.5971,-0.4007,41.9757,91.8224,1
1745404476.231,2.054,3.566,-0.4675,-1.1268,-4.5967,-0.3991,42.0284,91.8317,1
1745404476.311,2.055,3.566,-0.4685,-1.1267,-4.5954,-0.4252,42.0627,91.7970,1
1745404476.391,2.054,3.567,-0.4709,-1.1268,-4.5931,-0.4271,42.0352,91.7979,1
1745404476.470,2.054,3.566,-0.4737,-1.1269,-4.5901,-0.4605,42.0588,91.8085,1
1745404476.550,2.054,3.560,-0.4766,-1.1271,-4.5868,-0.4684,42.1024,91.8253,1
1745404476.629,2.052,3.560,-0.4796,-1.1272,-4.5837,-0.5011,42.1159,91.8560,1
1745404476.709,2.053,3.554,-0.4820,-1.1272,-4.5809,-0.5536,42.1472,91.8818,1
1745404476.789,2.055,3.550,-0.4843,-1.1273,-4.5784,-0.5808,42.1698,91.9040,1
1745404476.868,2.055,3.549,-0.4862,-1.1274,-4.5761,-0.6311,42.1853,91.9649,1
1745404476.948,2.055,3.541,-0.4878,-1.1277,-4.5745,-0.6506,42.1957,91.9782,1
1745404477.028,2.054,3.541,-0.4893,-1.1278,-4.5727,-0.6738,42.1910,91.9804,1
1745404477.107,2.053,3.536,-0.4915,-1.1278,-4.5706,-0.6187,42.1699,91.9396,1
1745404477.187,2.053,3.535,-0.4935,-1.1280,-4.5684,-0.6220,42.1766,91.9151,1
1745404477.266,2.053,3.534,-0.4956,-1.1281,-4.5662,-0.6207,42.1482,91.9211,1
1745404477.346,2.051,3.534,-0.4976,-1.1281,-4.5639,-0.6065,42.1308,91.8880,1
1745404477.426,2.053,3.534,-0.4995,-1.1282,-4.5619,-0.5918,42.1434,91.8599,1
1745404477.505,2.053,3.525,-0.5013,-1.1282,-4.5599,-0.6068,42.1029,91.8996,1
1745404477.585,2.053,3.524,-0.5030,-1.1284,-4.5581,-0.6299,42.1065,91.9096,1
1745404477.665,2.053,3.517,-0.5048,-1.1286,-4.5562,-0.6485,42.1448,91.9317,1
1745404477.745,2.051,3.514,-0.5069,-1.1285,-4.5540,-0.6484,42.1474,91.9362,1
1745404477.824,2.052,3.514,-0.5091,-1.1286,-4.5513,-0.6588,42.1123,91.9492,1
1745404477.904,2.051,3.510,-0.5114,-1.1288,-4.5489,-0.6735,42.1856,91.9489,1
1745404477.983,2.050,3.505,-0.5137,-1.1290,-4.5466,-0.6481,42.1545,91.9531,1
1745404478.063,2.050,3.505,-0.5160,-1.1289,-4.5441,-0.6632,42.1675,91.9689,1
1745404478.142,2.052,3.500,-0.5180,-1.1290,-4.5419,-0.6294,42.1333,91.9535,1
1745404478.222,2.052,3.500,-0.5203,-1.1291,-4.5396,-0.6401,42.1307,92.0119,1
1745404478.302,2.052,3.495,-0.5220,-1.1291,-4.5375,-0.6172,42.1428,91.9911,1
1745404478.381,2.051,3.490,-0.5238,-1.1292,-4.5357,-0.6033,42.0642,91.9896,1
1745404478.461,2.051,3.489,-0.5260,-1.1294,-4.5335,-0.5575,42.1134,91.9733,1
1745404478.541,2.051,3.489,-0.5283,-1.1293,-4.5309,-0.5361,42.0844,91.9199,1
1745404478.620,2.052,3.484,-0.5305,-1.1295,-4.5286,-0.5373,42.0942,91.9431,1
1745404478.700,2.050,3.482,-0.5330,-1.1296,-4.5261,-0.4776,42.0645,91.9017,1
1745404478.780,2.048,3.478,-0.5351,-1.1296,-4.5236,-0.5232,42.0912,91.9095,1
1745404478.859,2.048,3.472,-0.5376,-1.1297,-4.5210,-0.5228,42.1220,91.9312,1
1745404478.939,2.050,3.472,-0.5400,-1.1297,-4.5181,-0.5886,42.1547,91.9583,1
1745404479.019,2.050,3.470,-0.5421,-1.1297,-4.5157,-0.6692,42.2348,91.9926,1
1745404479.098,2.050,3.466,-0.5445,-1.1299,-4.5133,-0.6233,42.2024,91.9584,1
1745404479.178,2.050,3.459,-0.5467,-1.1299,-4.5110,-0.6674,42.2728,91.9736,1
1745404479.258,2.050,3.453,-0.5482,-1.1301,-4.5093,-0.6668,42.2975,91.9991,1
1745404479.337,2.049,3.453,-0.5492,-1.1301,-4.5083,-0.6480,42.3085,92.0064,1
1745404479.417,2.049,3.455,-0.5493,-1.1301,-4.5082,-0.6366,42.3406,92.0122,1
1745404479.497,2.050,3.452,-0.5492,-1.1301,-4.5083,-0.6303,42.3493,91.9972,1
1745404479.576,2.049,3.451,-0.5491,-1.1302,-4.5084,-0.6180,42.3581,91.9885,1
1745404479.656,2.049,3.451,-0.5491,-1.1302,-4.5083,-0.6297,42.3675,92.0040,1
1745404479.735,2.050,3.451,-0.5494,-1.1299,-4.5082,-0.6378,42.3777,92.0153,1
1745404479.815,2.051,3.453,-0.5492,-1.1301,-4.5082,-0.6301,42.3754,92.0126,1
1745404479.895,2.048,3.451,-0.5492,-1.1301,-4.5081,-0.6308,42.3783,92.0175,1
1745404479.974,2.049,3.452,-0.5490,-1.1301,-4.5082,-0.6255,42.3828,92.0116,1
1745404480.054,2.049,3.452,-0.5491,-1.1301,-4.5081,-0.6126,42.3888,92.0077,1
1745404480.134,2.050,3.452,-0.5491,-1.1301,-4.5081,-0.6065,42.3903,92.0065,1
1745404480.213,2.050,3.445,-0.5490,-1.1302,-4.5082,-0.6029,42.3922,91.9940,1
1745404488.118,2.049,3.451,-0.5489,-1.1300,-4.5073,-0.5724,42.4348,91.9547,0
1745404488.198,2.049,3.448,-0.5490,-1.1300,-4.5073,-0.5717,42.4357,91.9534,0
1745404488.278,2.050,3.447,-0.5491,-1.1300,-4.5073,-0.5741,42.4323,91.9565,0
1745404488.357,2.050,3.448,-0.5489,-1.1300,-4.5073,-0.5691,42.4244,91.9469,0
1745404488.437,2.049,3.450,-0.5490,-1.1300,-4.5073,-0.5675,42.4275,91.9448,0
1745404488.517,2.050,3.450,-0.5489,-1.1300,-4.5074,-0.5714,42.4236,91.9402,0
1745404488.596,2.050,3.449,-0.5490,-1.1300,-4.5072,-0.5656,42.4208,91.9490,0
1745404488.676,2.048,3.448,-0.5490,-1.1300,-4.5072,-0.5705,42.4221,91.9522,0
1745404488.795,2.048,3.452,-0.5490,-1.1300,-4.5073,-0.5647,42.4252,91.9422,0
1745404488.875,2.050,3.451,-0.5491,-1.1300,-4.5072,-0.5673,42.4236,91.9465,0
1745404488.955,2.050,3.447,-0.5489,-1.1299,-4.5072,-0.5766,42.4194,91.9518,0
1745404489.034,2.051,3.447,-0.5489,-1.1300,-4.5074,-0.5808,42.4170,91.9495,0
1745404489.114,2.049,3.447,-0.5489,-1.1300,-4.5072,-0.5917,42.4194,91.9683,0
1745404489.193,2.049,3.448,-0.5491,-1.1299,-4.5072,-0.5995,42.4250,91.9718,0
1745404489.273,2.050,3.448,-0.5492,-1.1299,-4.5071,-0.6178,42.4255,91.9872,0
1745404489.353,2.050,3.452,-0.5489,-1.1300,-4.5074,-0.6134,42.4255,91.9790,0
1745404489.432,2.050,3.452,-0.5490,-1.1300,-4.5074,-0.6033,42.4236,91.9775,0
1745404489.512,2.048,3.447,-0.5490,-1.1300,-4.5072,-0.6008,42.4192,91.9852,0
1745404489.592,2.050,3.448,-0.5489,-1.1300,-4.5072,-0.5888,42.4192,91.9705,0
1745404489.671,2.048,3.447,-0.5490,-1.1299,-4.5071,-0.5840,42.4220,91.9716,0
1745404489.751,2.048,3.447,-0.5489,-1.1301,-4.5072,-0.5813,42.4229,91.9672,0
1745404489.831,2.050,3.447,-0.5490,-1.1300,-4.5073,-0.5743,42.4233,91.9583,0
1745404489.910,2.050,3.452,-0.5490,-1.1299,-4.5072,-0.5797,42.4225,91.9626,0
1745404489.990,2.049,3.448,-0.5489,-1.1299,-4.5072,-0.5882,42.4235,91.9649,0
1745404490.070,2.048,3.449,-0.5489,-1.1299,-4.5073,-0.5871,42.4275,91.9700,0
1745404490.149,2.048,3.447,-0.5488,-1.1300,-4.5072,-0.5889,42.4315,91.9655,0
1745404490.229,2.050,3.447,-0.5490,-1.1300,-4.5073,-0.5860,42.4364,91.9617,0
1745404490.309,2.048,3.447,-0.5490,-1.1300,-4.5072,-0.5982,42.4115,91.9585,0
1745404490.389,2.048,3.449,-0.5504,-1.1299,-4.5058,-0.5493,42.5036,91.9129,0
1745404490.468,2.049,3.450,-0.5541,-1.1298,-4.5021,-0.4580,42.3952,91.9219,0
1745404490.548,2.049,3.443,-0.5589,-1.1301,-4.4971,-0.5685,42.4445,91.9864,0
1745404490.627,2.048,3.443,-0.5641,-1.1306,-4.4908,-0.7334,42.4321,92.1242,0
1745404490.707,2.050,3.438,-0.5692,-1.1307,-4.4856,-0.7299,42.3821,92.1421,0
1745404490.787,2.050,3.427,-0.5734,-1.1311,-4.4810,-0.7906,42.3585,92.2200,0
1745404490.866,2.050,3.416,-0.5769,-1.1313,-4.4775,-0.7574,42.3197,92.2181,0
1745404490.946,2.050,3.412,-0.5795,-1.1313,-4.4747,-0.7313,42.3152,92.2231,0
1745404491.026,2.050,3.412,-0.5819,-1.1315,-4.4722,-0.7077,42.2981,92.1966,0
1745404491.105,2.049,3.402,-0.5845,-1.1313,-4.4697,-0.6410,42.2796,92.1259,0
1745404491.185,2.045,3.400,-0.5873,-1.1317,-4.4668,-0.6169,42.2924,92.0735,0
1745404491.265,2.038,3.399,-0.5910,-1.1319,-4.4630,-0.5819,42.2672,92.0684,0
1745404491.344,2.038,3.389,-0.5945,-1.1321,-4.4591,-0.5929,42.3129,92.0714,0
1745404491.424,2.037,3.389,-0.5982,-1.1322,-4.4552,-0.5637,42.2959,92.0789,0
1745404491.503,2.030,3.382,-0.6014,-1.1323,-4.4518,-0.6010,42.2788,92.0853,0
1745404491.583,2.035,3.376,-0.6049,-1.1322,-4.4480,-0.6233,42.2816,92.1154,0
1745404491.663,2.035,3.370,-0.6085,-1.1323,-4.4442,-0.6081,42.3271,92.0855,0
1745404491.742,2.035,3.363,-0.6116,-1.1327,-4.4410,-0.5930,42.3549,92.0925,0
1745404491.822,2.028,3.363,-0.6139,-1.1328,-4.4387,-0.5830,42.3342,92.0895,0
1745404491.902,2.029,3.358,-0.6147,-1.1329,-4.4378,-0.6000,42.3891,92.0696,0
1745404491.981,2.025,3.352,-0.6148,-1.1328,-4.4378,-0.6048,42.3883,92.0778,0
1745404492.061,2.025,3.354,-0.6146,-1.1328,-4.4379,-0.6098,42.3815,92.0818,0
1745404492.141,2.033,3.347,-0.6147,-1.1328,-4.4378,-0.6104,42.3818,92.0864,0
1745404492.220,2.029,3.347,-0.6147,-1.1328,-4.4380,-0.6089,42.3819,92.0821,0
1745404492.300,2.030,3.355,-0.6146,-1.1328,-4.4380,-0.6230,42.3757,92.0928,0
1745404492.379,2.031,3.348,-0.6147,-1.1328,-4.4379,-0.6196,42.3744,92.0943,0
1745404492.459,2.031,3.354,-0.6146,-1.1329,-4.4379,-0.6201,42.3749,92.0981,0
1745404492.539,2.031,3.352,-0.6147,-1.1328,-4.4379,-0.6163,42.3743,92.0972,0
1745404492.618,2.031,3.352,-0.6147,-1.1328,-4.4378,-0.6180,42.3727,92.1020,0
1745404492.698,2.030,3.354,-0.6147,-1.1329,-4.4379,-0.6218,42.3781,92.1052,0
1745404492.778,2.032,3.348,-0.6148,-1.1329,-4.4378,-0.6228,42.3829,92.1024,0
1745404492.857,2.032,3.354,-0.6147,-1.1328,-4.4379,-0.6139,42.3792,92.0941,0
1745404492.937,2.027,3.354,-0.6147,-1.1328,-4.4378,-0.6182,42.3712,92.0984,0
1745404493.017,2.031,3.354,-0.6147,-1.1329,-4.4379,-0.6057,42.3711,92.0945,0
1745404493.216,2.027,3.350,-0.6147,-1.1328,-4.4379,-0.6100,42.3734,92.1056,0
1745404493.415,2.030,3.348,-0.6147,-1.1328,-4.4379,-0.6130,42.3717,92.1181,0
1745404493.495,2.030,3.349,-0.6147,-1.1328,-4.4380,-0.6048,42.3730,92.1054,0
1745404493.574,2.035,3.349,-0.6147,-1.1328,-4.4380,-0.6197,42.3751,92.1181,0
1745404493.654,2.035,3.350,-0.6147,-1.1328,-4.4379,-0.6199,42.3778,92.1209,0
1745404493.733,2.030,3.352,-0.6147,-1.1329,-4.4379,-0.6287,42.3701,92.1310,0
1745404493.813,2.026,3.352,-0.6147,-1.1329,-4.4379,-0.6229,42.3716,92.1268,0
1745404493.893,2.032,3.348,-0.6148,-1.1328,-4.4379,-0.6187,42.3657,92.1256,0
1745404493.972,2.028,3.347,-0.6147,-1.1328,-4.4380,-0.6249,42.3622,92.1209,0
1745404494.052,2.028,3.348,-0.6146,-1.1328,-4.4379,-0.6308,42.3585,92.1239,0
1745404494.132,2.030,3.349,-0.6148,-1.1327,-4.4379,-0.6258,42.3621,92.1165,0
1745404494.211,2.033,3.349,-0.6147,-1.1328,-4.4379,-0.6236,42.3641,92.1135,0
1745404494.291,2.033,3.353,-0.6146,-1.1328,-4.4380,-0.6261,42.3631,92.1193,0
1745404494.371,2.027,3.349,-0.6147,-1.1328,-4.4379,-0.6208,42.3616,92.1186,0
1745404494.450,2.027,3.350,-0.6147,-1.1328,-4.4380,-0.6212,42.3659,92.1102,0
1745404494.530,2.030,3.353,-0.6146,-1.1328,-4.4379,-0.6250,42.3626,92.1075,0
1745404494.610,2.030,3.353,-0.6146,-1.1328,-4.4379,-0.6142,42.3601,92.1004,0
1745404494.689,2.026,3.349,-0.6148,-1.1328,-4.4379,-0.6117,42.3666,92.1087,0
1745404494.769,2.032,3.349,-0.6148,-1.1328,-4.4379,-0.6194,42.3687,92.1085,0
1745404494.849,2.032,3.347,-0.6148,-1.1328,-4.4379,-0.6172,42.3714,92.0971,0
1745404494.928,2.028,3.353,-0.6147,-1.1329,-4.4379,-0.6225,42.3694,92.0998,0
1745404495.008,2.034,3.353,-0.6147,-1.1328,-4.4380,-0.6212,42.3726,92.1126,0
1745404495.087,2.036,3.353,-0.6147,-1.1329,-4.4381,-0.6194,42.3701,92.1102,0
1745404495.167,2.030,3.353,-0.6146,-1.1329,-4.4380,-0.6268,42.3740,92.1184,0
1745404495.247,2.030,3.354,-0.6146,-1.1329,-4.4380,-0.6296,42.3758,92.1265,0
1745404495.326,2.034,3.354,-0.6147,-1.1328,-4.4380,-0.6246,42.3725,92.1217,0
1745404495.406,2.029,3.354,-0.6148,-1.1328,-4.4380,-0.6260,42.3734,92.1210,0
1745404495.486,2.026,3.353,-0.6146,-1.1329,-4.4380,-0.6320,42.3780,92.1247,0
1745404495.565,2.031,3.349,-0.6147,-1.1329,-4.4380,-0.6167,42.3793,92.1165,0
1745404495.645,2.031,3.350,-0.6147,-1.1329,-4.4380,-0.6185,42.3789,92.1129,0
1745404495.725,2.032,3.350,-0.6146,-1.1330,-4.4381,-0.6212,42.3757,92.1081,0
1745404495.804,2.030,3.354,-0.6147,-1.1328,-4.4379,-0.6266,42.3755,92.1143,0
1745404495.884,2.029,3.353,-0.6147,-1.1329,-4.4379,-0.6226,42.3739,92.1152,0
1745404495.964,2.030,3.349,-0.6147,-1.1329,-4.4380,-0.6151,42.3789,92.1107,0
1745404496.043,2.030,3.350,-0.6147,-1.1329,-4.4380,-0.6228,42.3720,92.1179,0
1745404496.123,2.029,3.350,-0.6150,-1.1328,-4.4377,-0.6242,42.3799,92.1352,0
1745404496.202,2.037,3.354,-0.6147,-1.1328,-4.4377,-0.6300,42.4086,92.1288,0
1745404496.282,2.029,3.348,-0.6146,-1.1329,-4.4379,-0.6309,42.4037,92.1303,0
1745404496.362,2.031,3.348,-0.6146,-1.1328,-4.4379,-0.6196,42.4020,92.1259,0
1745404496.441,2.031,3.353,-0.6147,-1.1329,-4.4379,-0.6160,42.4036,92.1249,0
1745404496.521,2.031,3.353,-0.6146,-1.1329,-4.4380,-0.6303,42.3955,92.1298,0
1745404496.601,2.031,3.349,-0.6148,-1.1328,-4.4378,-0.6332,42.3935,92.1384,0
1745404496.680,2.031,3.350,-0.6147,-1.1328,-4.4379,-0.6352,42.3928,92.1241,0
1745404496.760,2.028,3.348,-0.6146,-1.1329,-4.4379,-0.6305,42.3926,92.1171,0
1745404496.840,2.028,3.349,-0.6147,-1.1329,-4.4379,-0.6371,42.3959,92.1278,0
1745404496.919,2.031,3.349,-0.6148,-1.1329,-4.4380,-0.6259,42.3968,92.1279,0
1745404496.999,2.029,3.352,-0.6147,-1.1329,-4.4379,-0.6412,42.3900,92.1328,0
1745404497.079,2.034,3.353,-0.6147,-1.1329,-4.4379,-0.6467,42.3919,92.1374,0
1745404497.158,2.034,3.350,-0.6147,-1.1329,-4.4378,-0.6561,42.3923,92.1411,0
1745404497.238,2.031,3.348,-0.6147,-1.1328,-4.4380,-0.6388,42.3886,92.1224,0
1745404497.318,2.033,3.348,-0.6146,-1.1329,-4.4380,-0.6386,42.3897,92.1186,0
1745404497.397,2.032,3.348,-0.6148,-1.1328,-4.4379,-0.6322,42.3894,92.1282,0
1745404497.477,2.032,3.352,-0.6152,-1.1329,-4.4374,-0.6255,42.3447,92.1129,0
1745404497.556,2.032,3.353,-0.6164,-1.1331,-4.4360,-0.5828,42.2272,92.0537,0
1745404497.636,2.028,3.352,-0.6193,-1.1331,-4.4325,-0.6083,42.0148,92.0374,0
1745404497.716,2.030,3.352,-0.6234,-1.1332,-4.4273,-0.6560,41.7108,92.0677,0
1745404497.795,2.029,3.346,-0.6285,-1.1337,-4.4212,-0.6968,41.4196,92.1344,0
1745404497.875,2.035,3.339,-0.6333,-1.1343,-4.4153,-0.6572,41.0043,92.0519,0
1745404497.955,2.035,3.330,-0.6379,-1.1342,-4.4096,-0.6317,40.6108,92.0112,0
1745404498.034,2.037,3.313,-0.6414,-1.1342,-4.4052,-0.6327,40.3231,91.9999,0
1745404498.114,2.037,3.313,-0.6441,-1.1343,-4.4016,-0.6746,40.1352,92.0488,0
1745404498.193,2.044,3.306,-0.6458,-1.1345,-4.3994,-0.6897,39.9789,92.0374,0
1745404498.273,2.043,3.306,-0.6463,-1.1346,-4.3989,-0.7217,39.9727,92.0467,0
1745404498.353,2.043,3.297,-0.6462,-1.1346,-4.3990,-0.7269,39.9841,92.0381,0
1745404498.432,2.044,3.302,-0.6460,-1.1346,-4.3990,-0.7235,39.9960,92.0372,0
1745404498.512,2.042,3.302,-0.6461,-1.1347,-4.3990,-0.7268,39.9934,92.0374,0
1745404498.592,2.043,3.301,-0.6462,-1.1345,-4.3989,-0.7466,39.9959,92.0501,0
1745404498.671,2.043,3.296,-0.6463,-1.1346,-4.3988,-0.7540,39.9920,92.0519,0
1745404498.751,2.043,3.302,-0.6460,-1.1347,-4.3990,-0.7715,39.9933,92.0542,0
1745404498.831,2.043,3.301,-0.6461,-1.1346,-4.3989,-0.7627,39.9907,92.0573,0
1745404498.910,2.043,3.301,-0.6461,-1.1346,-4.3989,-0.7630,39.9885,92.0627,0
1745404498.990,2.042,3.301,-0.6461,-1.1346,-4.3989,-0.7696,39.9906,92.0667,0
1745404499.070,2.042,3.302,-0.6461,-1.1346,-4.3989,-0.7699,39.9858,92.0709,0
1745404499.149,2.042,3.302,-0.6461,-1.1346,-4.3989,-0.7546,39.9962,92.0628,0
1745404499.229,2.043,3.298,-0.6462,-1.1345,-4.3988,-0.7490,39.9973,92.0548,0
1745404499.308,2.043,3.298,-0.6461,-1.1346,-4.3989,-0.7497,40.0010,92.0531,0
1745404499.388,2.042,3.302,-0.6462,-1.1345,-4.3988,-0.7522,39.9936,92.0571,0
1745404499.468,2.043,3.298,-0.6460,-1.1346,-4.3989,-0.7613,39.9907,92.0581,0
1745404499.547,2.043,3.296,-0.6461,-1.1345,-4.3987,-0.7684,39.9909,92.0666,0
1745404499.627,2.044,3.302,-0.6461,-1.1345,-4.3989,-0.7634,39.9973,92.0580,0
1745404499.707,2.042,3.302,-0.6460,-1.1346,-4.3988,-0.7641,39.9970,92.0531,0
1745404499.786,2.043,3.297,-0.6461,-1.1346,-4.3988,-0.7603,40.0004,92.0568,0
1745404499.866,2.043,3.301,-0.6462,-1.1346,-4.3987,-0.7529,39.9757,92.0642,0
1745404499.946,2.043,3.296,-0.6461,-1.1347,-4.3988,-0.7411,39.9688,92.0430,0
1745404500.025,2.042,3.301,-0.6462,-1.1346,-4.3988,-0.7310,39.9641,92.0355,0
1745404500.105,2.043,3.301,-0.6463,-1.1345,-4.3987,-0.7370,39.9636,92.0358,0
1745404500.185,2.042,3.299,-0.6462,-1.1345,-4.3988,-0.7490,39.9566,92.0452,0
1745404500.264,2.042,3.299,-0.6462,-1.1346,-4.3988,-0.7610,39.9605,92.0508,0
1745404500.344,2.042,3.302,-0.6462,-1.1346,-4.3988,-0.7615,39.9507,92.0511,0
1745404500.424,2.042,3.302,-0.6462,-1.1346,-4.3987,-0.7634,39.9446,92.0586,0
1745404500.503,2.042,3.302,-0.6462,-1.1346,-4.3989,-0.7602,39.9482,92.0514,0
1745404500.583,2.042,3.302,-0.6462,-1.1346,-4.3988,-0.7591,39.9371,92.0599,0
1745404500.662,2.043,3.303,-0.6463,-1.1345,-4.3987,-0.7685,39.9385,92.0724,0
1745404500.742,2.043,3.302,-0.6462,-1.1345,-4.3987,-0.7692,39.9376,92.0687,0
1745404500.822,2.043,3.302,-0.6462,-1.1346,-4.3988,-0.7710,39.9405,92.0704,0
1745404500.901,2.042,3.300,-0.6462,-1.1346,-4.3989,-0.7720,39.9457,92.0716,0
1745404501.101,2.042,3.303,-0.6462,-1.1346,-4.3988,-0.7678,39.9475,92.0638,0
1745404501.180,2.042,3.302,-0.6462,-1.1346,-4.3988,-0.7691,39.9491,92.0695,0
1745404501.260,2.041,3.301,-0.6463,-1.1346,-4.3988,-0.7722,39.9557,92.0693,0
1745404501.340,2.041,3.298,-0.6462,-1.1346,-4.3988,-0.7653,39.9553,92.0499,0
1745404501.419,2.042,3.298,-0.6463,-1.1346,-4.3988,-0.7546,39.9538,92.0414,0
1745404501.499,2.042,3.297,-0.6464,-1.1344,-4.3985,-0.7651,39.9440,92.0625,0
1745404501.578,2.041,3.302,-0.6463,-1.1345,-4.3987,-0.7574,39.9451,92.0371,0
1745404501.658,2.043,3.298,-0.6463,-1.1345,-4.3986,-0.7694,39.9468,92.0393,0
1745404501.738,2.043,3.296,-0.6463,-1.1345,-4.3987,-0.7786,39.9459,92.0539,0
1745404501.817,2.044,3.296,-0.6462,-1.1346,-4.3988,-0.7883,39.9422,92.0511,0
1745404501.897,2.044,3.302,-0.6463,-1.1347,-4.3988,-0.7824,39.9425,92.0513,0
1745404501.977,2.045,3.301,-0.6463,-1.1345,-4.3987,-0.7947,39.9378,92.0655,0
1745404502.056,2.045,3.295,-0.6462,-1.1347,-4.3988,-0.7969,39.9328,92.0709,0
1745404502.136,2.045,3.303,-0.6462,-1.1346,-4.3987,-0.7864,39.9303,92.0727,0
1745404502.216,2.044,3.303,-0.6463,-1.1346,-4.3986,-0.7991,39.9294,92.0874,0
1745404502.295,2.044,3.300,-0.6462,-1.1346,-4.3989,-0.7969,39.9323,92.0887,0
1745404502.375,2.043,3.303,-0.6462,-1.1347,-4.3987,-0.8075,39.9249,92.0980,0
1745404502.455,2.044,3.303,-0.6462,-1.1346,-4.3988,-0.7982,39.9300,92.0859,0
1745404502.534,2.044,3.302,-0.6462,-1.1347,-4.3987,-0.7956,39.9282,92.0953,0
1745404502.614,2.043,3.302,-0.6463,-1.1346,-4.3988,-0.7859,39.9326,92.0896,0
1745404502.813,2.045,3.297,-0.6462,-1.1347,-4.3989,-0.7801,39.9251,92.0835,0
1745404502.893,2.044,3.297,-0.6462,-1.1347,-4.3988,-0.7766,39.9222,92.0833,0
1745404502.972,2.044,3.298,-0.6462,-1.1346,-4.3987,-0.7890,39.9196,92.0938,0
1745404503.052,2.044,3.302,-0.6463,-1.1346,-4.3987,-0.7877,39.9247,92.0930,0
1745404503.132,2.044,3.298,-0.6463,-1.1347,-4.3989,-0.7780,39.9288,92.0876,0
1745404503.211,2.045,3.298,-0.6462,-1.1347,-4.3989,-0.7851,39.9245,92.0992,0
1745404503.291,2.045,3.301,-0.6463,-1.1346,-4.3988,-0.7817,39.9277,92.0988,0
1745404503.370,2.044,3.298,-0.6462,-1.1346,-4.3987,-0.7869,39.9268,92.1008,0
1745404503.450,2.044,3.296,-0.6462,-1.1346,-4.3987,-0.7806,39.9303,92.0933,0
1745404503.530,2.045,3.302,-0.6463,-1.1347,-4.3987,-0.7787,39.9300,92.0954,0
1745404503.610,2.044,3.302,-0.6463,-1.1347,-4.3986,-0.7740,39.9268,92.0890,0
1745404503.689,2.044,3.302,-0.6462,-1.1346,-4.3988,-0.7891,39.9229,92.1002,0
1745404503.769,2.045,3.299,-0.6462,-1.1346,-4.3988,-0.7933,39.9250,92.1075,0
1745404503.848,2.045,3.301,-0.6463,-1.1346,-4.3987,-0.7903,39.9318,92.1100,0
1745404503.928,2.045,3.301,-0.6462,-1.1346,-4.3987,-0.7977,39.9278,92.1145,0
1745404504.008,2.044,3.301,-0.6462,-1.1347,-4.3989,-0.8038,39.9261,92.1105,0
1745404504.087,2.043,3.301,-0.6463,-1.1346,-4.3988,-0.7969,39.9319,92.1042,0
1745404504.167,2.045,3.298,-0.6461,-1.1346,-4.3988,-0.8071,39.9316,92.1066,0
1745404504.247,2.045,3.299,-0.6462,-1.1347,-4.3989,-0.7987,39.9358,92.0994,0
1745404504.326,2.044,3.299,-0.6463,-1.1346,-4.3987,-0.7879,39.9384,92.0897,0
1745404504.406,2.045,3.299,-0.6463,-1.1345,-4.3988,-0.7923,39.9320,92.0927,0
1745404504.486,2.045,3.300,-0.6462,-1.1346,-4.3989,-0.7866,39.9285,92.0913,0
1745404504.565,2.044,3.297,-0.6463,-1.1346,-4.3988,-0.7957,39.9251,92.1020,0
1745404504.645,2.044,3.301,-0.6463,-1.1347,-4.3988,-0.7955,39.9254,92.0939,0
1745404504.724,2.045,3.303,-0.6463,-1.1346,-4.3987,-0.7927,39.9247,92.0923,0
1745404504.804,2.044,3.303,-0.6462,-1.1346,-4.3989,-0.7891,39.9232,92.0864,0
1745404504.884,2.045,3.302,-0.6463,-1.1346,-4.3988,-0.7859,39.9282,92.0874,0
1745404504.963,2.044,3.301,-0.6462,-1.1346,-4.3990,-0.7861,39.9351,92.0853,0
1745404505.043,2.044,3.297,-0.6462,-1.1346,-4.3988,-0.7955,39.9286,92.1000,0
1745404505.123,2.044,3.298,-0.6463,-1.1345,-4.3988,-0.7963,39.9216,92.1018,0
1745404505.202,2.043,3.298,-0.6463,-1.1345,-4.3988,-0.7946,39.9221,92.1044,0
1745404505.282,2.044,3.301,-0.6462,-1.1347,-4.3989,-0.7928,39.9085,92.1039,0
1745404505.362,2.045,3.302,-0.6462,-1.1347,-4.3989,-0.7928,39.9073,92.1118,0
1745404505.441,2.045,3.301,-0.6463,-1.1346,-4.3988,-0.7880,39.8993,92.1063,0
1745404505.521,2.044,3.302,-0.6463,-1.1346,-4.3988,-0.7889,39.9045,92.1009,0
1745404505.601,2.043,3.302,-0.6462,-1.1346,-4.3988,-0.7880,39.9108,92.0911,0
1745404505.680,2.043,3.298,-0.6461,-1.1347,-4.3988,-0.7940,39.9127,92.0947,0
1745404505.760,2.044,3.302,-0.6462,-1.1347,-4.3988,-0.7911,39.9124,92.0926,0
1745404505.839,2.044,3.297,-0.6462,-1.1347,-4.3989,-0.7802,39.9146,92.0882,0
1745404505.919,2.044,3.300,-0.6461,-1.1346,-4.3989,-0.7850,39.9184,92.0971,0
1745404505.999,2.043,3.300,-0.6463,-1.1347,-4.3990,-0.7827,39.9188,92.0987,0
1745404506.078,2.044,3.302,-0.6463,-1.1346,-4.3988,-0.7929,39.9089,92.1053,0
1745404506.158,2.044,3.302,-0.6463,-1.1346,-4.3988,-0.7913,39.9079,92.0998,0
1745404506.238,2.044,3.301,-0.6463,-1.1346,-4.3988,-0.7854,39.9089,92.0956,0
1745404506.317,2.043,3.301,-0.6463,-1.1346,-4.3988,-0.7998,39.9059,92.1097,0
1745404506.397,2.043,3.299,-0.6465,-1.1346,-4.3984,-0.7969,39.8622,92.0999,0
1745404506.477,2.044,3.301,-0.6471,-1.1348,-4.3978,-0.8005,39.8282,92.0920,0
1745404506.556,2.045,3.297,-0.6485,-1.1348,-4.3958,-0.8082,39.7350,92.1080,0
1745404506.636,2.045,3.295,-0.6507,-1.1348,-4.3930,-0.7901,39.5772,92.0859,0
1745404506.716,2.046,3.295,-0.6539,-1.1349,-4.3891,-0.7840,39.3171,92.0396,0
1745404506.795,2.044,3.297,-0.6576,-1.1350,-4.3842,-0.7849,39.0986,92.0489,0
1745404506.875,2.047,3.284,-0.6612,-1.1350,-4.3793,-0.7580,38.7733,92.0341,0
1745404506.955,2.046,3.280,-0.6645,-1.1350,-4.3750,-0.7390,38.4898,92.0424,0
1745404507.034,2.046,3.276,-0.6674,-1.1354,-4.3714,-0.6613,38.2768,91.9563,0
1745404507.114,2.048,3.276,-0.6700,-1.1353,-4.3679,-0.6514,38.0726,91.9340,0
1745404507.193,2.050,3.265,-0.6723,-1.1354,-4.3646,-0.5887,37.8266,91.8693,0
1745404507.273,2.050,3.266,-0.6747,-1.1358,-4.3616,-0.5922,37.6265,91.8441,0
1745404507.353,2.051,3.262,-0.6775,-1.1356,-4.3576,-0.6059,37.4226,91.8245,0
1745404507.432,2.051,3.257,-0.6806,-1.1358,-4.3531,-0.6655,37.2240,91.8227,0
1745404507.512,2.051,3.257,-0.6836,-1.1358,-4.3487,-0.6397,36.9880,91.7709,0
1745404507.592,2.051,3.252,-0.6869,-1.1362,-4.3447,-0.6288,36.8566,91.7571,0
1745404507.671,2.053,3.243,-0.6892,-1.1362,-4.3414,-0.5568,36.6388,91.7148,0
1745404507.751,2.055,3.240,-0.6916,-1.1364,-4.3383,-0.4948,36.4000,91.6992,0
1745404507.831,2.055,3.233,-0.6938,-1.1365,-4.3351,-0.4892,36.2283,91.6698,0
1745404507.910,2.054,3.233,-0.6961,-1.1368,-4.3315,-0.5934,36.0436,91.7019,0
1745404507.990,2.057,3.229,-0.6978,-1.1370,-4.3289,-0.6028,35.9901,91.6881,0
1745404508.070,2.057,3.229,-0.6982,-1.1368,-4.3283,-0.5923,35.9418,91.6908,0
1745404508.149,2.058,3.221,-0.6983,-1.1368,-4.3283,-0.5995,35.9449,91.6930,0
1745404510.638,2.056,3.226,-0.6982,-1.1370,-4.3292,-0.5875,35.9007,91.7392,0
1745404510.718,2.057,3.221,-0.6982,-1.1371,-4.3292,-0.5832,35.9075,91.7363,0
1745404510.798,2.058,3.221,-0.6984,-1.1369,-4.3291,-0.5985,35.8977,91.7575,0
1745404510.877,2.059,3.221,-0.6983,-1.1370,-4.3292,-0.5916,35.8667,91.7427,0
1745404510.957,2.058,3.227,-0.6984,-1.1371,-4.3291,-0.6122,35.9061,91.7717,0
1745404511.036,2.058,3.220,-0.6982,-1.1371,-4.3292,-0.6206,35.9032,91.7853,0
1745404511.116,2.058,3.222,-0.6981,-1.1371,-4.3293,-0.6199,35.8982,91.7833,0
1745404511.196,2.057,3.222,-0.6982,-1.1371,-4.3292,-0.6069,35.8993,91.7820,0
1745404511.275,2.057,3.227,-0.6984,-1.1370,-4.3290,-0.6099,35.8989,91.7906,0
1745404511.355,2.056,3.222,-0.6983,-1.1370,-4.3290,-0.6211,35.8888,91.7951,0
1745404511.435,2.056,3.221,-0.6983,-1.1370,-4.3292,-0.6238,35.8830,91.7898,0
1745404511.514,2.058,3.221,-0.6984,-1.1370,-4.3292,-0.6209,35.8863,91.7855,0
1745404511.594,2.057,3.221,-0.6985,-1.1371,-4.3288,-0.6249,35.8832,91.7715,0
1745404511.674,2.057,3.227,-0.6992,-1.1371,-4.3280,-0.6465,35.9421,91.7938,0
1745404511.753,2.057,3.225,-0.7007,-1.1372,-4.3262,-0.6548,36.0220,91.7884,0
1745404511.833,2.057,3.220,-0.7031,-1.1373,-4.3231,-0.6803,36.2225,91.8097,0
1745404511.913,2.057,3.220,-0.7059,-1.1373,-4.3195,-0.7081,36.3638,91.8503,0
1745404511.992,2.057,3.221,-0.7086,-1.1377,-4.3163,-0.7142,36.5549,91.8564,0
1745404512.072,2.056,3.215,-0.7108,-1.1379,-4.3138,-0.6976,36.6180,91.8378,0
1745404512.152,2.056,3.202,-0.7126,-1.1377,-4.3118,-0.7031,36.7368,91.8144,0
1745404512.231,2.056,3.203,-0.7141,-1.1377,-4.3100,-0.6706,36.8398,91.7856,0
1745404512.311,2.057,3.203,-0.7156,-1.1380,-4.3082,-0.6346,36.7746,91.7639,0
1745404512.390,2.054,3.194,-0.7172,-1.1381,-4.3060,-0.6169,36.6942,91.7573,0
1745404512.470,2.055,3.196,-0.7189,-1.1382,-4.3039,-0.6042,36.6779,91.7393,0
1745404512.550,2.056,3.194,-0.7207,-1.1382,-4.3018,-0.5813,36.6405,91.7222,0
1745404512.629,2.056,3.185,-0.7227,-1.1383,-4.2989,-0.6203,36.5965,91.7721,0
1745404512.709,2.056,3.185,-0.7246,-1.1383,-4.2966,-0.6082,36.6123,91.7468,0
1745404512.789,2.057,3.181,-0.7262,-1.1384,-4.2942,-0.6362,36.5428,91.7490,0
1745404512.868,2.057,3.176,-0.7281,-1.1383,-4.2918,-0.6317,36.5386,91.7580,0
1745404512.948,2.057,3.179,-0.7299,-1.1382,-4.2892,-0.6413,36.4936,91.7561,0
1745404513.028,2.057,3.169,-0.7316,-1.1386,-4.2871,-0.6518,36.5039,91.7610,0
1745404513.107,2.057,3.169,-0.7335,-1.1387,-4.2844,-0.6637,36.4934,91.7683,0
1745404513.187,2.058,3.166,-0.7354,-1.1385,-4.2818,-0.7198,36.4847,91.8149,0
1745404513.267,2.057,3.163,-0.7370,-1.1389,-4.2798,-0.7253,36.4751,91.8307,0
1745404513.346,2.058,3.158,-0.7388,-1.1390,-4.2775,-0.7142,36.4449,91.8258,0
1745404513.426,2.058,3.160,-0.7405,-1.1391,-4.2753,-0.7289,36.4501,91.8475,0
1745404513.506,2.058,3.160,-0.7422,-1.1392,-4.2731,-0.7225,36.4139,91.8444,0
1745404513.585,2.060,3.150,-0.7441,-1.1391,-4.2706,-0.7161,36.3919,91.8361,0
1745404513.665,2.061,3.152,-0.7457,-1.1393,-4.2683,-0.7479,36.4324,91.8538,0
1745404513.745,2.061,3.145,-0.7477,-1.1392,-4.2658,-0.7291,36.4218,91.8557,0
1745404513.824,2.061,3.140,-0.7497,-1.1394,-4.2633,-0.7227,36.4409,91.8569,0
1745404513.904,2.059,3.140,-0.7514,-1.1396,-4.2610,-0.7419,36.4281,91.8687,0
1745404513.984,2.062,3.135,-0.7532,-1.1396,-4.2586,-0.7717,36.4213,91.8849,0
1745404514.063,2.062,3.138,-0.7554,-1.1399,-4.2558,-0.7628,36.4658,91.8537,0
1745404514.143,2.062,3.129,-0.7576,-1.1399,-4.2530,-0.7725,36.4488,91.8321,0
1745404514.222,2.061,3.125,-0.7595,-1.1400,-4.2503,-0.7834,36.4544,91.8288,0
1745404514.302,2.063,3.125,-0.7606,-1.1401,-4.2488,-0.7631,36.4430,91.8075,0
1745404514.382,2.062,3.119,-0.7608,-1.1401,-4.2488,-0.7693,36.4501,91.8085,0
1745404514.461,2.062,3.115,-0.7609,-1.1401,-4.2487,-0.7763,36.4560,91.8212,0
1745404514.541,2.062,3.122,-0.7610,-1.1400,-4.2486,-0.7663,36.4682,91.8153,0
1745404514.621,2.063,3.115,-0.7607,-1.1402,-4.2488,-0.7697,36.4709,91.8117,0
1745404514.701,2.063,3.115,-0.7607,-1.1402,-4.2490,-0.7858,36.4509,91.8296,0
1745404514.780,2.063,3.122,-0.7607,-1.1402,-4.2490,-0.7861,36.4436,91.8364,0
1745404514.860,2.064,3.122,-0.7607,-1.1403,-4.2490,-0.7904,36.4434,91.8453,0
1745404514.939,2.064,3.114,-0.7608,-1.1402,-4.2490,-0.7975,36.4415,91.8454,0
1745404515.019,2.064,3.121,-0.7608,-1.1402,-4.2491,-0.8050,36.4350,91.8560,0
1745404515.099,2.063,3.121,-0.7608,-1.1402,-4.2492,-0.8064,36.4353,91.8577,0
1745404515.178,2.063,3.122,-0.7608,-1.1401,-4.2491,-0.8067,36.4371,91.8581,0
1745404515.258,2.064,3.122,-0.7608,-1.1402,-4.2492,-0.8193,36.4359,91.8680,0
1745404515.338,2.064,3.122,-0.7609,-1.1401,-4.2491,-0.8185,36.4422,91.8652,0
1745404515.417,2.062,3.121,-0.7608,-1.1403,-4.2493,-0.8173,36.4382,91.8599,0
1745404515.497,2.064,3.121,-0.7608,-1.1403,-4.2494,-0.8139,36.4306,91.8570,0
1745404515.576,2.063,3.114,-0.7608,-1.1402,-4.2494,-0.8092,36.4304,91.8560,0
1745404515.656,2.063,3.121,-0.7608,-1.1402,-4.2493,-0.8167,36.4257,91.8553,0
1745404515.736,2.063,3.115,-0.7608,-1.1404,-4.2495,-0.8119,36.4292,91.8574,0
1745404515.815,2.063,3.123,-0.7608,-1.1403,-4.2494,-0.8173,36.4274,91.8674,0
1745404515.895,2.063,3.123,-0.7609,-1.1402,-4.2493,-0.8139,36.4269,91.8781,0
1745404515.975,2.063,3.114,-0.7608,-1.1403,-4.2495,-0.8163,36.4203,91.8762,0
1745404516.054,2.063,3.121,-0.7608,-1.1403,-4.2496,-0.8071,36.4221,91.8716,0
1745404516.134,2.063,3.122,-0.7609,-1.1404,-4.2495,-0.8054,36.4250,91.8718,0
1745404516.213,2.064,3.123,-0.7609,-1.1404,-4.2495,-0.8054,36.4297,91.8624,0
1745404516.293,2.064,3.123,-0.7609,-1.1403,-4.2496,-0.8134,36.4296,91.8700,0
1745404516.373,2.063,3.114,-0.7609,-1.1404,-4.2496,-0.8127,36.4352,91.8659,0
1745404516.453,2.063,3.122,-0.7609,-1.1404,-4.2497,-0.8035,36.4405,91.8550,0
1745404516.532,2.063,3.122,-0.7608,-1.1404,-4.2499,-0.8065,36.4355,91.8535,0
1745404516.612,2.064,3.122,-0.7609,-1.1405,-4.2497,-0.8034,36.4408,91.8581,0
1745404516.692,2.063,3.122,-0.7609,-1.1403,-4.2496,-0.8195,36.4397,91.8691,0
1745404516.771,2.063,3.115,-0.7608,-1.1405,-4.2499,-0.8161,36.4319,91.8692,0
1745404516.851,2.063,3.123,-0.7609,-1.1404,-4.2498,-0.8196,36.4289,91.8895,0
1745404516.930,2.063,3.114,-0.7609,-1.1404,-4.2498,-0.8217,36.4272,91.8853,0
1745404517.010,2.062,3.114,-0.7608,-1.1405,-4.2500,-0.8224,36.4281,91.8899,0
1745404517.090,2.064,3.114,-0.7609,-1.1404,-4.2499,-0.8174,36.4291,91.8877,0
1745404517.169,2.063,3.122,-0.7609,-1.1404,-4.2500,-0.8248,36.4224,91.8952,0
1745404517.249,2.063,3.121,-0.7610,-1.1404,-4.2499,-0.8298,36.4225,91.8973,0
1745404517.329,2.063,3.115,-0.7609,-1.1405,-4.2500,-0.8276,36.4191,91.8926,0
1745404517.408,2.063,3.115,-0.7609,-1.1405,-4.2501,-0.8205,36.4218,91.8758,0
1745404517.488,2.062,3.114,-0.7609,-1.1404,-4.2500,-0.8260,36.4271,91.8788,0
1745404517.568,2.064,3.122,-0.7610,-1.1404,-4.2500,-0.8275,36.4276,91.8810,0
1745404517.647,2.063,3.122,-0.7610,-1.1405,-4.2499,-0.8305,36.4266,91.8898,0
1745404517.727,2.063,3.115,-0.7610,-1.1404,-4.2499,-0.8325,36.4341,91.8858,0
1745404517.806,2.064,3.115,-0.7609,-1.1404,-4.2502,-0.8320,36.4293,91.8853,0
1745404517.886,2.064,3.115,-0.7610,-1.1404,-4.2500,-0.8284,36.4273,91.8852,0
1745404517.966,2.062,3.115,-0.7610,-1.1404,-4.2501,-0.8329,36.4244,91.8942,0
1745404518.045,2.063,3.122,-0.7609,-1.1404,-4.2502,-0.8403,36.4130,91.9079,0
1745404518.125,2.063,3.115,-0.7610,-1.1404,-4.2501,-0.8311,36.4187,91.9090,0
1745404518.205,2.063,3.115,-0.7610,-1.1404,-4.2502,-0.8362,36.4169,91.9193,0
1745404518.284,2.063,3.116,-0.7610,-1.1405,-4.2503,-0.8339,36.4252,91.9075,0
1745404518.364,2.063,3.115,-0.7610,-1.1404,-4.2501,-0.8370,36.4252,91.9183,0
1745404518.443,2.063,3.123,-0.7611,-1.1405,-4.2503,-0.8313,36.4240,91.9073,0
1745404518.523,2.063,3.115,-0.7609,-1.1405,-4.2503,-0.8332,36.4189,91.9077,0
1745404518.603,2.063,3.115,-0.7610,-1.1405,-4.2503,-0.8328,36.4140,91.9129,0
1745404518.683,2.063,3.122,-0.7610,-1.1404,-4.2504,-0.8281,36.4213,91.8996,0
1745404518.762,2.063,3.115,-0.7610,-1.1404,-4.2503,-0.8298,36.4257,91.8990,0
1745404518.842,2.063,3.115,-0.7611,-1.1405,-4.2503,-0.8201,36.4274,91.8903,0
1745404518.921,2.063,3.115,-0.7609,-1.1405,-4.2504,-0.8297,36.4208,91.8944,0
1745404519.001,2.063,3.115,-0.7610,-1.1405,-4.2503,-0.8287,36.4219,91.8947,0
1745404519.081,2.063,3.114,-0.7611,-1.1405,-4.2503,-0.8224,36.4232,91.8887,0
1745404519.161,2.063,3.122,-0.7610,-1.1405,-4.2503,-0.8316,36.4271,91.8914,0
1745404519.240,2.063,3.115,-0.7610,-1.1405,-4.2504,-0.8286,36.4295,91.8838,1
1745404519.320,2.063,3.122,-0.7610,-1.1406,-4.2504,-0.8291,36.4203,91.8889,1
1745404519.399,2.064,3.122,-0.7610,-1.1406,-4.2505,-0.8205,36.4280,91.8840,1
1745404519.479,2.064,3.122,-0.7610,-1.1405,-4.2504,-0.8272,36.4231,91.8928,1
1745404519.559,2.064,3.122,-0.7610,-1.1405,-4.2504,-0.8309,36.4185,91.8988,1
1745404519.638,2.064,3.122,-0.7610,-1.1405,-4.2504,-0.8370,36.4127,91.9024,1
1745404519.718,2.064,3.115,-0.7610,-1.1405,-4.2505,-0.8332,36.4099,91.8979,1
1745404519.798,2.063,3.115,-0.7610,-1.1406,-4.2504,-0.8393,36.4129,91.9070,1
1745404519.877,2.063,3.115,-0.7611,-1.1404,-4.2504,-0.8495,36.4079,91.9142,1
1745404519.957,2.063,3.122,-0.7609,-1.1406,-4.2506,-0.8464,36.4059,91.8994,1
1745404634.448,2.064,3.122,-0.7615,-1.1411,-4.2524,-1.0452,36.2936,92.0089,0
1745404634.527,2.064,3.121,-0.7616,-1.1411,-4.2524,-1.0404,36.2972,92.0011,0
1745404634.607,2.065,3.121,-0.7615,-1.1410,-4.2523,-1.0374,36.3012,92.0011,0
1745404634.687,2.065,3.123,-0.7615,-1.1410,-4.2524,-1.0345,36.3020,92.0034,0
1745404634.766,2.063,3.114,-0.7615,-1.1411,-4.2523,-1.0450,36.2955,92.0137,0
1745404634.846,2.064,3.122,-0.7615,-1.1412,-4.2525,-1.0470,36.2996,92.0117,0
1745404634.925,2.064,3.121,-0.7616,-1.1411,-4.2523,-1.0401,36.3045,92.0169,0
1745404635.005,2.064,3.121,-0.7615,-1.1411,-4.2524,-1.0379,36.3050,92.0168,0
1745404635.085,2.064,3.121,-0.7614,-1.1412,-4.2526,-1.0444,36.3093,92.0138,0
1745404635.165,2.064,3.115,-0.7615,-1.1412,-4.2524,-1.0478,36.3065,92.0239,0
1745404635.244,2.065,3.121,-0.7615,-1.1412,-4.2526,-1.0506,36.3028,92.0220,0
1745404635.324,2.065,3.122,-0.7614,-1.1413,-4.2525,-1.0624,36.2946,92.0311,0
1745404635.403,2.063,3.122,-0.7615,-1.1411,-4.2524,-1.0639,36.2951,92.0348,0
1745404635.483,2.064,3.115,-0.7615,-1.1412,-4.2524,-1.0684,36.2980,92.0241,0
1745404635.563,2.064,3.115,-0.7615,-1.1412,-4.2525,-1.0536,36.2954,92.0086,0
1745404635.642,2.063,3.114,-0.7615,-1.1411,-4.2524,-1.0461,36.2956,92.0093,0
1745404635.722,2.063,3.122,-0.7615,-1.1411,-4.2523,-1.0493,36.2963,92.0083,0
1745404635.802,2.063,3.122,-0.7614,-1.1412,-4.2525,-1.0383,36.3028,92.0010,0
1745404635.881,2.064,3.114,-0.7615,-1.1411,-4.2524,-1.0416,36.3046,92.0103,0
1745404635.961,2.063,3.121,-0.7615,-1.1410,-4.2523,-1.0403,36.3045,92.0075,0
1745404636.041,2.065,3.115,-0.7615,-1.1412,-4.2525,-1.0396,36.2962,92.0127,0
1745404636.120,2.065,3.122,-0.7615,-1.1411,-4.2524,-1.0450,36.2930,92.0111,0
1745404636.200,2.064,3.122,-0.7616,-1.1411,-4.2523,-1.0519,36.2926,92.0100,0
1745404636.279,2.064,3.122,-0.7614,-1.1411,-4.2524,-1.0477,36.2945,92.0032,0
1745404636.359,2.063,3.122,-0.7616,-1.1410,-4.2524,-1.0468,36.2893,92.0156,0
1745404636.439,2.064,3.123,-0.7615,-1.1411,-4.2522,-1.0549,36.2849,92.0217,0
1745404636.518,2.064,3.121,-0.7616,-1.1410,-4.2523,-1.0552,36.2960,92.0170,0
1745404636.598,2.064,3.121,-0.7615,-1.1410,-4.2523,-1.0736,36.2938,92.0228,0
1745404636.678,2.063,3.115,-0.7615,-1.1411,-4.2524,-1.0754,36.2920,92.0200,0
1745404636.757,2.065,3.115,-0.7615,-1.1412,-4.2524,-1.0691,36.2938,92.0177,0
1745404636.837,2.063,3.116,-0.7615,-1.1411,-4.2524,-1.0646,36.2930,92.0233,0
1745404636.917,2.063,3.122,-0.7615,-1.1411,-4.2523,-1.0677,36.2955,92.0235,0
1745404636.996,2.064,3.122,-0.7615,-1.1410,-4.2523,-1.0636,36.2958,92.0187,0
1745404637.076,2.064,3.122,-0.7615,-1.1412,-4.2524,-1.0599,36.2964,92.0093,0
1745404637.155,2.063,3.122,-0.7616,-1.1410,-4.2523,-1.0574,36.2964,92.0104,0
1745404637.235,2.064,3.121,-0.7622,-1.1410,-4.2515,-1.0470,36.3114,91.9608,0
1745404637.315,2.064,3.115,-0.7647,-1.1412,-4.2480,-1.0774,36.2951,92.0373,0
1745404637.394,2.064,3.115,-0.7680,-1.1413,-4.2426,-1.1263,36.0718,91.9553,0
1745404637.474,2.064,3.112,-0.7697,-1.1406,-4.2384,-1.5480,35.7750,91.7351,0
1745404637.554,2.066,3.111,-0.7711,-1.1403,-4.2364,-1.5432,35.7518,91.2799,0
1745404637.633,2.068,3.108,-0.7737,-1.1401,-4.2327,-1.5209,35.6965,90.8535,0
1745404637.713,2.068,3.102,-0.7782,-1.1401,-4.2267,-1.4831,35.6562,90.5994,0
1745404637.793,2.070,3.102,-0.7844,-1.1402,-4.2185,-1.4937,35.5320,90.6421,0
1745404637.872,2.070,3.098,-0.7907,-1.1404,-4.2101,-1.4305,35.4875,90.5662,0
1745404637.952,2.071,3.082,-0.7954,-1.1405,-4.2030,-1.6116,35.3512,90.8502,0
1745404638.032,2.071,3.070,-0.7978,-1.1405,-4.1993,-1.5985,35.3176,90.8183,0
1745404638.111,2.073,3.061,-0.7981,-1.1405,-4.1993,-1.5625,35.3098,90.7162,0
1745404638.191,2.072,3.061,-0.7981,-1.1406,-4.1994,-1.5312,35.3219,90.6965,0
1745404638.271,2.074,3.058,-0.7980,-1.1405,-4.1995,-1.5272,35.3162,90.6912,0
1745404638.350,2.072,3.058,-0.7981,-1.1405,-4.1993,-1.5480,35.3119,90.7297,0
1745404638.430,2.072,3.066,-0.7982,-1.1406,-4.1992,-1.5423,35.3128,90.7175,0
1745404638.510,2.072,3.058,-0.7982,-1.1406,-4.1993,-1.5486,35.3129,90.7265,0
1745404638.589,2.072,3.058,-0.7981,-1.1407,-4.1993,-1.5595,35.3139,90.7348,0
1745404638.669,2.073,3.065,-0.7981,-1.1407,-4.1992,-1.5556,35.3153,90.7384,0
1745404638.748,2.074,3.064,-0.7982,-1.1405,-4.1993,-1.5531,35.3131,90.7442,0
1745404638.828,2.074,3.057,-0.7981,-1.1404,-4.1991,-1.5638,35.3119,90.7647,0
1745404638.908,2.074,3.057,-0.7981,-1.1405,-4.1992,-1.5555,35.3179,90.7568,0
1745404638.987,2.073,3.057,-0.7981,-1.1405,-4.1992,-1.5529,35.3163,90.7627,0
1745404639.067,2.072,3.064,-0.7981,-1.1405,-4.1992,-1.5628,35.3117,90.7746,0
1745404639.147,2.073,3.057,-0.7982,-1.1405,-4.1992,-1.5549,35.3137,90.7672,0
1745404639.226,2.073,3.065,-0.7980,-1.1405,-4.1992,-1.5624,35.3106,90.7712,0
1745404639.306,2.073,3.064,-0.7979,-1.1405,-4.1992,-1.5669,35.3112,90.7731,0
1745404639.386,2.073,3.064,-0.7980,-1.1405,-4.1991,-1.5599,35.3081,90.7801,0
1745404639.465,2.073,3.059,-0.7981,-1.1405,-4.1992,-1.5481,35.3090,90.7740,0
1745404639.545,2.072,3.065,-0.7982,-1.1405,-4.1991,-1.5492,35.3126,90.7826,0
1745404639.624,2.072,3.057,-0.7981,-1.1405,-4.1992,-1.5641,35.3105,90.7830,0
1745404639.704,2.072,3.057,-0.7982,-1.1405,-4.1991,-1.5654,35.3111,90.7933,0
1745404639.784,2.073,3.058,-0.7981,-1.1404,-4.1990,-1.5818,35.3157,90.7904,0
1745404639.863,2.072,3.065,-0.7981,-1.1405,-4.1991,-1.5760,35.3196,90.7854,0
1745404639.943,2.073,3.057,-0.7982,-1.1404,-4.1992,-1.5872,35.3152,90.7934,0
1745404640.023,2.073,3.057,-0.7981,-1.1404,-4.1990,-1.5908,35.3104,90.7857,0
1745404640.102,2.073,3.057,-0.7981,-1.1405,-4.1991,-1.5830,35.3055,90.7903,0
1745404640.182,2.072,3.058,-0.7981,-1.1404,-4.1990,-1.5859,35.3058,90.7916,0
1745404640.262,2.073,3.064,-0.7981,-1.1405,-4.1991,-1.5784,35.3083,90.7804,0
1745404640.341,2.074,3.058,-0.7982,-1.1406,-4.1990,-1.5779,35.3098,90.7812,0
1745404640.421,2.074,3.063,-0.7982,-1.1405,-4.1989,-1.5805,35.3127,90.7868,0
1745404640.501,2.073,3.063,-0.7982,-1.1404,-4.1990,-1.5852,35.3076,90.7954,0
1745404640.580,2.073,3.057,-0.7981,-1.1405,-4.1990,-1.5702,35.3159,90.7741,0
1745404640.660,2.073,3.064,-0.7981,-1.1405,-4.1990,-1.5613,35.3272,90.7636,0
1745404640.740,2.073,3.064,-0.7981,-1.1405,-4.1989,-1.5594,35.3213,90.7696,0
1745404640.819,2.073,3.059,-0.7981,-1.1405,-4.1989,-1.5601,35.3189,90.7607,0
1745404640.899,2.074,3.059,-0.7981,-1.1405,-4.1988,-1.5592,35.3255,90.7597,0
1745404640.978,2.073,3.064,-0.7982,-1.1403,-4.1988,-1.5677,35.3150,90.7714,0
1745404641.058,2.073,3.065,-0.7981,-1.1405,-4.1990,-1.5635,35.3161,90.7548,0
1745404641.138,2.073,3.059,-0.7980,-1.1405,-4.1989,-1.5642,35.3185,90.7662,0
1745404641.218,2.073,3.059,-0.7980,-1.1404,-4.1992,-1.5363,35.3283,90.7377,0
1745404641.297,2.072,3.059,-0.7981,-1.1402,-4.1989,-1.5600,35.3304,90.7670,0
1745404641.377,2.073,3.064,-0.7982,-1.1404,-4.1990,-1.5392,35.3425,90.7595,0
1745404641.457,2.072,3.058,-0.7982,-1.1405,-4.1988,-1.5392,35.2823,90.8340,0
1745404641.536,2.072,3.064,-0.7982,-1.1406,-4.1989,-1.5190,35.2680,90.8226,0
1745404641.616,2.072,3.064,-0.7982,-1.1407,-4.1987,-1.5089,35.2704,90.8273,0
1745404641.695,2.072,3.064,-0.7982,-1.1407,-4.1989,-1.5085,35.2742,90.8154,0
1745404641.775,2.074,3.058,-0.7982,-1.1405,-4.1988,-1.5135,35.2648,90.8259,0
1745404641.855,2.073,3.063,-0.7986,-1.1406,-4.1983,-1.5231,35.2129,90.8297,0
1745404641.934,2.073,3.057,-0.8001,-1.1404,-4.1969,-1.2520,35.0151,90.4030,0
1745404642.014,2.073,3.062,-0.8029,-1.1411,-4.1914,-1.4481,34.5217,90.7328,0
1745404642.094,2.074,3.062,-0.8081,-1.1408,-4.1823,-1.4754,33.5572,90.8924,0
1745404642.173,2.076,3.054,-0.8134,-1.1411,-4.1737,-1.2820,32.6917,90.5619,0
1745404642.253,2.072,3.054,-0.8185,-1.1417,-4.1634,-1.4713,31.7389,90.8543,0
1745404642.332,2.087,3.051,-0.8238,-1.1420,-4.1533,-1.5727,31.0875,91.0614,0
1745404642.412,2.087,3.038,-0.8291,-1.1425,-4.1442,-1.5971,30.8858,91.1321,0
1745404642.492,2.101,3.038,-0.8350,-1.1429,-4.1346,-1.4920,30.5518,91.6073,0
1745404642.571,2.106,3.030,-0.8434,-1.1441,-4.1246,-0.8080,30.8865,91.9688,0
1745404642.651,2.111,3.025,-0.8489,-1.1439,-4.1152,-0.8575,30.9040,91.9853,0
1745404642.731,2.109,3.003,-0.8529,-1.1446,-4.1068,-1.1935,31.0668,92.3395,0
1745404642.810,2.109,2.983,-0.8556,-1.1445,-4.1008,-1.3538,31.3531,92.5804,0
1745404642.890,2.111,2.983,-0.8588,-1.1436,-4.0970,-0.7820,31.6772,92.2122,0
1745404642.970,2.110,2.977,-0.8613,-1.1436,-4.0915,-1.3014,32.1140,92.4712,0
1745404643.049,2.111,2.966,-0.8660,-1.1458,-4.0853,-0.8328,32.1864,92.2109,0
1745404643.129,2.109,2.954,-0.8708,-1.1456,-4.0751,-0.9919,32.4812,91.9061,0
1745404643.209,2.109,2.940,-0.8771,-1.1449,-4.0661,-0.9146,32.5086,91.6686,0
1745404643.288,2.109,2.940,-0.8827,-1.1456,-4.0561,-1.0817,32.5959,91.8718,0
1745404643.368,2.111,2.927,-0.8895,-1.1464,-4.0459,-1.0427,32.5768,91.9391,0
1745404643.448,2.112,2.911,-0.8955,-1.1467,-4.0364,-1.0731,32.3734,91.9707,0
1745404643.527,2.112,2.897,-0.9010,-1.1466,-4.0279,-1.0005,32.2688,91.9464,0
1745404643.607,2.114,2.885,-0.9058,-1.1467,-4.0208,-0.9729,32.1887,91.9401,0
1745404643.687,2.117,2.885,-0.9100,-1.1466,-4.0140,-0.9120,32.1272,91.9331,0
1745404643.766,2.120,2.875,-0.9144,-1.1470,-4.0068,-1.0408,32.1271,91.9407,0
1745404643.846,2.122,2.871,-0.9194,-1.1470,-3.9990,-1.0110,32.0812,91.9120,0
1745404643.926,2.122,2.855,-0.9247,-1.1468,-3.9913,-0.8958,31.9575,91.8622,0
1745404644.005,2.123,2.845,-0.9296,-1.1473,-3.9831,-0.9286,31.9505,91.8268,0
1745404644.085,2.126,2.845,-0.9350,-1.1476,-3.9740,-0.9456,31.9244,91.8494,0
1745404644.164,2.126,2.832,-0.9409,-1.1488,-3.9652,-1.0198,31.7702,91.8542,0
1745404644.244,2.129,2.820,-0.9465,-1.1482,-3.9558,-0.9779,31.6643,91.8583,0
1745404644.324,2.129,2.806,-0.9522,-1.1484,-3.9475,-0.9957,32.0345,91.8596,0
1745404644.403,2.133,2.800,-0.9581,-1.1488,-3.9396,-0.9627,32.3857,91.8641,0
1745404644.483,2.132,2.800,-0.9638,-1.1489,-3.9314,-1.0398,32.8025,91.8871,0
1745404644.563,2.131,2.784,-0.9699,-1.1489,-3.9233,-0.9675,33.2656,91.8440,0
1745404644.642,2.129,2.771,-0.9759,-1.1494,-3.9150,-1.0634,33.8040,91.8409,0
1745404644.722,2.129,2.747,-0.9825,-1.1498,-3.9067,-1.0229,34.2521,91.7082,0
1745404644.802,2.126,2.740,-0.9891,-1.1492,-3.8978,-1.0316,34.8238,91.6520,0
1745404644.881,2.125,2.740,-0.9953,-1.1496,-3.8897,-1.1035,35.3501,91.6583,0
1745404644.961,2.124,2.723,-1.0021,-1.1507,-3.8818,-1.2127,35.8423,91.7836,0
1745404645.041,2.123,2.700,-1.0082,-1.1507,-3.8738,-1.1903,36.3222,91.7829,0
1745404645.120,2.123,2.685,-1.0150,-1.1507,-3.8663,-1.1204,36.7195,91.7440,0
1745404645.200,2.120,2.671,-1.0215,-1.1506,-3.8589,-0.9611,37.2866,91.6341,0
1745404645.279,2.118,2.671,-1.0280,-1.1512,-3.8519,-0.8908,37.7314,91.6001,0
1745404645.359,2.116,2.655,-1.0343,-1.1514,-3.8446,-0.9426,38.2928,91.5616,0
1745404645.439,2.114,2.643,-1.0417,-1.1515,-3.8372,-0.7557,38.8576,91.4108,0
1745404645.518,2.114,2.632,-1.0489,-1.1514,-3.8300,-0.6175,39.4818,91.3528,0
1745404645.598,2.114,2.632,-1.0560,-1.1515,-3.8222,-0.7767,39.9878,91.3866,0
1745404645.678,2.110,2.623,-1.0633,-1.1515,-3.8143,-0.8110,40.5272,91.4244,0
1745404645.757,2.111,2.606,-1.0709,-1.1519,-3.8071,-0.6498,41.1122,91.3719,0
1745404645.837,2.108,2.591,-1.0778,-1.1522,-3.8008,-0.6012,41.5736,91.2504,0
1745404645.917,2.108,2.578,-1.0845,-1.1517,-3.7938,-0.6382,42.1218,91.3195,0
1745404645.996,2.104,2.578,-1.0912,-1.1521,-3.7872,-0.6363,42.6268,91.3606,0
1745404646.076,2.110,2.578,-1.0980,-1.1527,-3.7808,-0.6632,43.0962,91.3661,0
1745404646.156,2.108,2.554,-1.1024,-1.1530,-3.7769,-0.6270,43.4931,91.3600,0
1745404646.235,2.110,2.548,-1.1031,-1.1528,-3.7763,-0.5509,43.4621,91.3055,0
1745404646.315,2.110,2.546,-1.1029,-1.1526,-3.7766,-0.5676,43.5030,91.2974,0
1745404646.394,2.108,2.546,-1.1028,-1.1527,-3.7768,-0.5482,43.5031,91.2628,0
1745404646.474,2.108,2.542,-1.1029,-1.1527,-3.7768,-0.5463,43.5009,91.2451,0
1745404646.554,2.108,2.540,-1.1027,-1.1528,-3.7769,-0.5494,43.4996,91.2542,0
1745404646.633,2.109,2.541,-1.1029,-1.1528,-3.7768,-0.5298,43.5018,91.2482,0
1745404646.713,2.109,2.541,-1.1028,-1.1527,-3.7770,-0.5129,43.5046,91.2351,0
1745404646.793,2.108,2.541,-1.1028,-1.1528,-3.7770,-0.5187,43.5063,91.2261,0
1745404646.872,2.107,2.546,-1.1029,-1.1527,-3.7770,-0.5092,43.5032,91.2200,0
1745404646.952,2.107,2.546,-1.1029,-1.1528,-3.7769,-0.5031,43.5075,91.2174,0
1745404647.032,2.109,2.544,-1.1028,-1.1529,-3.7771,-0.5004,43.5071,91.2156,0
1745404647.111,2.109,2.543,-1.1029,-1.1528,-3.7771,-0.4917,43.5091,91.2107,0
1745404647.191,2.108,2.543,-1.1029,-1.1528,-3.7770,-0.5058,43.5064,91.2106,0
1745404647.270,2.109,2.546,-1.1028,-1.1528,-3.7771,-0.5007,43.5111,91.1935,0
1745404647.350,2.108,2.545,-1.1028,-1.1529,-3.7771,-0.5120,43.5144,91.2032,0
1745404647.430,2.108,2.541,-1.1029,-1.1528,-3.7771,-0.5034,43.5207,91.2014,0
1745404647.509,2.108,2.542,-1.1028,-1.1528,-3.7770,-0.5029,43.5212,91.1991,0
1745404647.589,2.109,2.542,-1.1029,-1.1528,-3.7771,-0.4863,43.5231,91.1883,0
1745404647.669,2.109,2.546,-1.1029,-1.1529,-3.7771,-0.4866,43.5191,91.1856,0
1745404647.748,2.109,2.542,-1.1029,-1.1528,-3.7771,-0.4752,43.5174,91.1935,0
1745404647.828,2.108,2.546,-1.1029,-1.1529,-3.7771,-0.4799,43.5109,91.1942,0
1745404647.908,2.108,2.545,-1.1030,-1.1529,-3.7771,-0.4738,43.5132,91.1873,0
1745404647.987,2.109,2.545,-1.1029,-1.1529,-3.7771,-0.4748,43.5155,91.1773,0
1745404648.187,2.109,2.541,-1.1029,-1.1529,-3.7773,-0.4673,43.5264,91.1901,0
1745404648.266,2.109,2.546,-1.1030,-1.1529,-3.7771,-0.4726,43.5258,91.1873,0
1745404648.346,2.108,2.542,-1.1029,-1.1528,-3.7772,-0.4703,43.5230,91.1827,0
1745404648.425,2.109,2.542,-1.1029,-1.1529,-3.7772,-0.4734,43.5231,91.1884,0
1745404648.505,2.109,2.542,-1.1029,-1.1529,-3.7773,-0.4752,43.5199,91.1784,0
1745404648.585,2.108,2.542,-1.1029,-1.1529,-3.7773,-0.4661,43.5200,91.1839,0
1745404648.664,2.108,2.541,-1.1029,-1.1529,-3.7773,-0.4628,43.5204,91.1819,0
1745404648.744,2.109,2.545,-1.1029,-1.1530,-3.7774,-0.4573,43.5174,91.1727,0
1745404648.824,2.107,2.542,-1.1030,-1.1530,-3.7773,-0.4618,43.5197,91.1884,0
1745404648.903,2.107,2.546,-1.1029,-1.1530,-3.7773,-0.4711,43.5092,91.1903,0
1745404648.983,2.108,2.546,-1.1029,-1.1529,-3.7772,-0.4680,43.5117,91.1894,0
1745404649.063,2.109,2.543,-1.1029,-1.1530,-3.7773,-0.4803,43.5113,91.2018,0
1745404649.142,2.108,2.547,-1.1029,-1.1530,-3.7774,-0.4736,43.5118,91.1941,0
1745404649.341,2.109,2.543,-1.1030,-1.1529,-3.7773,-0.4712,43.5041,91.2094,0
1745404649.421,2.109,2.541,-1.1030,-1.1530,-3.7774,-0.4705,43.5090,91.2073,0
1745404649.501,2.109,2.546,-1.1031,-1.1529,-3.7774,-0.4636,43.5136,91.1975,0
1745404649.580,2.107,2.546,-1.1029,-1.1530,-3.7774,-0.4712,43.5090,91.1963,0
1745404649.660,2.108,2.546,-1.1030,-1.1529,-3.7774,-0.4663,43.5125,91.1987,0
1745404649.740,2.108,2.540,-1.1029,-1.1530,-3.7774,-0.4664,43.5130,91.1927,0
1745404649.819,2.108,2.546,-1.1029,-1.1530,-3.7774,-0.4588,43.5150,91.1880,0
1745404649.899,2.109,2.541,-1.1029,-1.1530,-3.7774,-0.4544,43.5205,91.1778,0
1745404649.978,2.108,2.541,-1.1029,-1.1530,-3.7774,-0.4544,43.5139,91.1798,0
1745404650.058,2.108,2.547,-1.1030,-1.1530,-3.7775,-0.4414,43.5121,91.1739,0
1745404650.138,2.108,2.545,-1.1030,-1.1529,-3.7774,-0.4484,43.4946,91.1776,0
1745404650.218,2.108,2.547,-1.1029,-1.1527,-3.7774,-0.4579,43.4913,91.1680,0
1745404650.297,2.108,2.546,-1.1029,-1.1530,-3.7775,-0.4373,43.5018,91.1658,0
1745404650.377,2.107,2.546,-1.1029,-1.1530,-3.7774,-0.4426,43.5213,91.1770,0
1745404650.456,2.108,2.546,-1.1030,-1.1529,-3.7774,-0.4483,43.5123,91.1784,0
1745404650.536,2.108,2.545,-1.1029,-1.1530,-3.7774,-0.4516,43.5092,91.1778,0
1745404650.616,2.108,2.545,-1.1029,-1.1531,-3.7775,-0.4588,43.5057,91.1977,0
1745404650.695,2.107,2.541,-1.1030,-1.1529,-3.7773,-0.4772,43.5039,91.2333,0
1745404650.775,2.108,2.541,-1.1029,-1.1530,-3.7775,-0.4779,43.5088,91.2255,0
1745404650.855,2.108,2.540,-1.1029,-1.1531,-3.7775,-0.4817,43.5088,91.2126,0
1745404650.934,2.109,2.541,-1.1039,-1.1530,-3.7766,-0.5067,43.6600,91.2373,0
1745404651.014,2.109,2.543,-1.1070,-1.1530,-3.7738,-0.5181,43.9651,91.2148,0
1745404651.094,2.107,2.543,-1.1127,-1.1531,-3.7692,-0.4817,44.5756,91.1721,0
1745404651.173,2.109,2.536,-1.1190,-1.1532,-3.7637,-0.5785,45.3470,91.1778,0
1745404651.253,2.108,2.538,-1.1252,-1.1535,-3.7586,-0.6266,46.0942,91.1960,0
1745404651.333,2.109,2.528,-1.1305,-1.1534,-3.7544,-0.6570,46.6527,91.2287,0
1745404651.412,2.109,2.522,-1.1350,-1.1536,-3.7507,-0.6606,47.0715,91.2202,0
1745404651.492,2.111,2.522,-1.1392,-1.1539,-3.7477,-0.6224,47.5096,91.1684,0
1745404651.571,2.099,2.521,-1.1432,-1.1540,-3.7450,-0.5497,47.8669,91.1000,0
1745404651.651,2.076,2.511,-1.1475,-1.1540,-3.7418,-0.5631,48.2695,91.1111,0
1745404651.731,2.063,2.513,-1.1519,-1.1541,-3.7386,-0.5509,48.6964,91.1267,0
1745404651.810,2.063,2.505,-1.1565,-1.1543,-3.7354,-0.4746,49.0394,91.0411,0
1745404651.890,2.067,2.505,-1.1612,-1.1544,-3.7321,-0.4562,49.5153,91.0765,0
1745404651.970,2.094,2.506,-1.1660,-1.1544,-3.7290,-0.3539,49.8408,91.0077,0
1745404652.049,2.113,2.496,-1.1682,-1.1544,-3.7273,-0.3555,49.9679,91.0387,0
1745404652.129,2.117,2.496,-1.1682,-1.1544,-3.7273,-0.3169,49.9383,90.9729,0
1745404652.209,2.117,2.497,-1.1681,-1.1544,-3.7273,-0.3552,49.9225,91.0133,0
1745404652.288,2.118,2.497,-1.1681,-1.1544,-3.7273,-0.3510,49.9278,91.0090,0
1745404652.368,2.118,2.496,-1.1682,-1.1544,-3.7273,-0.3523,49.9262,91.0093,0
1745404652.447,2.117,2.491,-1.1682,-1.1543,-3.7271,-0.3630,49.9233,91.0286,0
1745404652.527,2.117,2.496,-1.1681,-1.1543,-3.7272,-0.3577,49.9227,91.0306,0
1745404652.607,2.117,2.491,-1.1681,-1.1544,-3.7272,-0.3555,49.9207,91.0365,0
1745404652.686,2.118,2.491,-1.1681,-1.1543,-3.7272,-0.3511,49.9289,91.0370,0
1745404652.766,2.117,2.496,-1.1681,-1.1543,-3.7272,-0.3479,49.9265,91.0311,0
1745404652.846,2.117,2.491,-1.1682,-1.1543,-3.7271,-0.3507,49.9344,91.0369,0
1745404652.925,2.118,2.493,-1.1682,-1.1543,-3.7271,-0.3545,49.9352,91.0340,0
1745404653.005,2.118,2.490,-1.1681,-1.1544,-3.7272,-0.3504,49.9335,91.0209,0
1745404653.085,2.117,2.490,-1.1681,-1.1543,-3.7272,-0.3480,49.9314,91.0242,0
1745404653.164,2.118,2.496,-1.1682,-1.1542,-3.7271,-0.3501,49.9305,91.0346,0
1745404653.244,2.118,2.495,-1.1680,-1.1543,-3.7272,-0.3634,49.9255,91.0280,0
1745404653.324,2.117,2.495,-1.1682,-1.1543,-3.7271,-0.3547,49.9261,91.0386,0
1745404653.403,2.117,2.491,-1.1682,-1.1543,-3.7270,-0.3598,49.9272,91.0377,0
1745404653.483,2.119,2.491,-1.1681,-1.1543,-3.7272,-0.3556,49.9309,91.0356,0
1745404653.563,2.118,2.490,-1.1681,-1.1544,-3.7271,-0.3583,49.9331,91.0418,0
1745404653.642,2.118,2.491,-1.1681,-1.1543,-3.7271,-0.3497,49.9277,91.0315,0
1745404653.722,2.116,2.497,-1.1682,-1.1542,-3.7269,-0.3633,49.9332,91.0377,0
1745404653.802,2.116,2.491,-1.1681,-1.1542,-3.7271,-0.3401,49.9311,91.0234,0
1745404653.881,2.117,2.491,-1.1681,-1.1543,-3.7272,-0.3461,49.9247,91.0223,0
1745404653.961,2.118,2.491,-1.1681,-1.1543,-3.7271,-0.3575,49.9299,91.0359,0
1745404654.041,2.116,2.491,-1.1681,-1.1543,-3.7270,-0.3809,49.9370,91.0665,0
1745404654.120,2.118,2.490,-1.1681,-1.1543,-3.7270,-0.3696,49.9379,91.0494,0
1745404654.200,2.118,2.491,-1.1681,-1.1543,-3.7270,-0.3544,49.9357,91.0509,0
1745404654.279,2.118,2.491,-1.1681,-1.1544,-3.7272,-0.3414,49.9325,91.0388,0
1745404654.359,2.116,2.496,-1.1681,-1.1544,-3.7271,-0.3501,49.9316,91.0552,0
1745404654.439,2.118,2.491,-1.1681,-1.1543,-3.7271,-0.3468,49.9305,91.0639,0
1745404654.518,2.118,2.496,-1.1681,-1.1543,-3.7271,-0.3524,49.9323,91.0577,0
1745404654.598,2.118,2.490,-1.1682,-1.1543,-3.7270,-0.3478,49.9331,91.0592,0
1745404654.678,2.117,2.490,-1.1681,-1.1543,-3.7270,-0.3410,49.9286,91.0447,0
1745404654.757,2.118,2.498,-1.1681,-1.1543,-3.7271,-0.3176,49.9336,91.0366,0
1745404654.837,2.117,2.491,-1.1681,-1.1544,-3.7270,-0.3357,49.9348,91.0510,0
1745404654.917,2.117,2.497,-1.1680,-1.1544,-3.7272,-0.3341,49.9348,91.0426,0
1745404654.996,2.118,2.496,-1.1681,-1.1543,-3.7271,-0.3369,49.9379,91.0499,0
1745404655.076,2.118,2.496,-1.1681,-1.1543,-3.7271,-0.3201,49.9378,91.0444,0
1745404655.155,2.118,2.495,-1.1681,-1.1544,-3.7271,-0.3177,49.9382,91.0273,0
1745404655.235,2.118,2.491,-1.1681,-1.1543,-3.7271,-0.3381,49.9332,91.0409,0
1745404655.315,2.118,2.491,-1.1681,-1.1544,-3.7271,-0.3386,49.9336,91.0342,0
1745404655.394,2.116,2.495,-1.1680,-1.1543,-3.7272,-0.3380,49.9256,91.0403,0
1745404655.474,2.119,2.495,-1.1681,-1.1543,-3.7271,-0.3342,49.9385,91.0522,0
1745404655.554,2.119,2.498,-1.1681,-1.1543,-3.7271,-0.3369,49.9343,91.0516,0
1745404655.633,2.117,2.493,-1.1681,-1.1543,-3.7271,-0.3216,49.9424,91.0500,0
1745404655.713,2.117,2.496,-1.1682,-1.1544,-3.7272,-0.2911,49.9506,91.0233,0
1745404655.793,2.117,2.491,-1.1681,-1.1544,-3.7271,-0.3014,49.9406,91.0349,0
1745404655.872,2.118,2.491,-1.1682,-1.1543,-3.7272,-0.3114,49.9382,91.0430,0
1745404655.952,2.117,2.493,-1.1681,-1.1544,-3.7271,-0.3218,49.9378,91.0652,0
1745404656.031,2.119,2.490,-1.1682,-1.1544,-3.7271,-0.3019,49.9372,91.0514,0
1745404656.111,2.119,2.490,-1.1682,-1.1543,-3.7271,-0.3064,49.9559,91.0489,0
1745404656.191,2.118,2.496,-1.1689,-1.1543,-3.7264,-0.2644,49.8577,91.0147,0
1745404656.271,2.118,2.496,-1.1721,-1.1545,-3.7232,-0.2461,49.4891,91.0224,0
1745404656.350,2.115,2.489,-1.1783,-1.1545,-3.7167,-0.1660,48.5439,90.9078,0
1745404656.430,2.064,2.481,-1.1863,-1.1546,-3.7078,-0.2750,47.4092,90.9882,0
1745404656.629,2.097,2.449,-1.2059,-1.1551,-3.6847,-0.2309,44.3220,90.8871,0
1745404656.708,2.097,2.417,-1.2121,-1.1551,-3.6766,-0.3058,43.1196,90.9429,0
1745404656.788,2.092,2.417,-1.2178,-1.1551,-3.6693,-0.2154,42.0894,90.9659,0
1745404656.868,2.089,2.403,-1.2228,-1.1551,-3.6632,-0.2881,41.8688,91.0285,0
1745404656.948,2.087,2.386,-1.2266,-1.1555,-3.6594,-0.2651,41.8528,91.0247,0
1745404657.027,2.087,2.375,-1.2275,-1.1555,-3.6584,-0.2345,41.8667,90.9677,0
1745404657.107,2.087,2.372,-1.2272,-1.1556,-3.6587,-0.2834,41.8164,90.9990,0
1745404657.186,2.085,2.372,-1.2272,-1.1557,-3.6587,-0.2347,41.8336,90.9559,0
1745404657.266,2.085,2.370,-1.2272,-1.1556,-3.6587,-0.2468,41.8265,90.9584,0
1745404657.346,2.085,2.369,-1.2272,-1.1556,-3.6587,-0.2341,41.8297,90.9561,0
1745404657.425,2.084,2.369,-1.2273,-1.1556,-3.6587,-0.2398,41.8236,90.9572,0
1745404657.505,2.084,2.370,-1.2272,-1.1557,-3.6587,-0.2427,41.8230,90.9488,0
1745404657.585,2.084,2.370,-1.2272,-1.1557,-3.6588,-0.2342,41.8237,90.9471,0
1745404657.664,2.084,2.369,-1.2272,-1.1557,-3.6587,-0.2487,41.8240,90.9599,0
1745404657.744,2.085,2.372,-1.2272,-1.1557,-3.6588,-0.2459,41.8220,90.9540,0
1745404657.824,2.084,2.372,-1.2272,-1.1556,-3.6587,-0.2374,41.8244,90.9546,0
1745404657.903,2.084,2.372,-1.2273,-1.1557,-3.6587,-0.2468,41.8249,90.9562,0
1745404657.983,2.085,2.372,-1.2272,-1.1557,-3.6588,-0.2419,41.8271,90.9387,0
1745404658.063,2.085,2.370,-1.2272,-1.1556,-3.6587,-0.2307,41.8255,90.9285,0
1745404658.142,2.085,2.372,-1.2273,-1.1555,-3.6587,-0.2392,41.8282,90.9342,0
1745404658.222,2.085,2.374,-1.2272,-1.1557,-3.6587,-0.2431,41.8277,90.9274,0
1745404658.302,2.085,2.367,-1.2273,-1.1556,-3.6587,-0.2280,41.8275,90.9207,0
1745404658.381,2.086,2.367,-1.2272,-1.1556,-3.6586,-0.2366,41.8266,90.9297,0
1745404658.461,2.084,2.367,-1.2273,-1.1555,-3.6585,-0.2233,41.8290,90.9219,0
1745404658.541,2.085,2.372,-1.2272,-1.1557,-3.6587,-0.2295,41.8320,90.9187,0
1745404658.620,2.084,2.372,-1.2271,-1.1556,-3.6587,-0.2348,41.8268,90.9282,0
1745404658.700,2.084,2.371,-1.2272,-1.1556,-3.6588,-0.2319,41.8286,90.9316,0
1745404658.779,2.085,2.371,-1.2272,-1.1555,-3.6586,-0.2317,41.8296,90.9485,0
1745404658.859,2.086,2.372,-1.2272,-1.1556,-3.6587,-0.2333,41.8341,90.9488,0
1745404658.939,2.085,2.368,-1.2273,-1.1555,-3.6586,-0.2257,41.8353,90.9478,0
1745404659.018,2.085,2.368,-1.2272,-1.1557,-3.6588,-0.2119,41.8362,90.9328,0
1745404659.098,2.085,2.367,-1.2272,-1.1557,-3.6586,-0.2168,41.8357,90.9387,0
1745404659.178,2.084,2.367,-1.2272,-1.1556,-3.6586,-0.2108,41.8333,90.9369,0
1745404659.257,2.085,2.372,-1.2272,-1.1557,-3.6588,-0.2069,41.8336,90.9246,0
1745404659.337,2.086,2.371,-1.2273,-1.1557,-3.6587,-0.2083,41.8263,90.9392,0
1745404659.416,2.086,2.372,-1.2274,-1.1556,-3.6586,-0.1886,41.8429,90.9079,0
1745404659.498,2.086,2.372,-1.2301,-1.1555,-3.6557,-0.1815,41.8400,90.8856,0
1745404659.576,2.085,2.372,-1.2353,-1.1553,-3.6498,-0.1201,41.8061,90.8532,0
1745404659.655,2.087,2.370,-1.2417,-1.1560,-3.6426,-0.1706,41.6600,90.9047,0
1745404659.735,2.084,2.363,-1.2482,-1.1558,-3.6353,-0.2260,41.6862,90.9542,0
1745404659.815,2.084,2.352,-1.2540,-1.1561,-3.6291,-0.1839,41.5990,90.8906,0
1745404659.895,2.084,2.339,-1.2583,-1.1562,-3.6242,-0.2179,41.6301,90.8804,0
1745404659.974,2.081,2.339,-1.2621,-1.1562,-3.6203,-0.1971,41.7091,90.8526,0
1745404660.054,2.081,2.325,-1.2655,-1.1564,-3.6163,-0.2758,41.7692,90.8931,0
1745404660.133,2.083,2.318,-1.2693,-1.1564,-3.6120,-0.2911,41.8143,90.9452,0
1745404660.213,2.084,2.311,-1.2735,-1.1567,-3.6076,-0.3019,41.8563,90.9912,0
1745404660.293,2.084,2.304,-1.2782,-1.1569,-3.6028,-0.2267,41.9014,90.9468,0
1745404660.372,2.084,2.304,-1.2834,-1.1570,-3.5973,-0.1835,41.8920,90.9403,0
1745404660.452,2.083,2.298,-1.2882,-1.1570,-3.5919,-0.2115,41.9022,91.0067,0
1745404660.532,2.083,2.292,-1.2917,-1.1575,-3.5879,-0.2463,41.9003,91.0511,0
1745404660.611,2.083,2.279,-1.2941,-1.1577,-3.5853,-0.2195,41.9068,91.0642,0
1745404660.691,2.083,2.272,-1.2950,-1.1575,-3.5844,-0.2245,41.8912,91.0691,0
1745404660.771,2.083,2.272,-1.2951,-1.1574,-3.5842,-0.2326,41.8870,91.0647,0
1745404660.850,2.083,2.269,-1.2950,-1.1574,-3.5843,-0.2154,41.8944,91.0542,0
1745404660.930,2.082,2.269,-1.2951,-1.1573,-3.5842,-0.2105,41.8979,91.0546,0
1745404661.009,2.082,2.270,-1.2950,-1.1574,-3.5843,-0.2240,41.8926,91.0631,0
1745404661.089,2.084,2.272,-1.2950,-1.1575,-3.5843,-0.2147,41.8949,91.0725,0
1745404661.169,2.082,2.272,-1.2951,-1.1574,-3.5843,-0.2127,41.8995,91.0720,0
1745404661.248,2.085,2.269,-1.2950,-1.1575,-3.5843,-0.2069,41.9057,91.0683,0
1745404661.328,2.083,2.273,-1.2950,-1.1575,-3.5843,-0.2069,41.9036,91.0588,0
1745404661.408,2.083,2.272,-1.2951,-1.1574,-3.5843,-0.2031,41.9039,91.0510,0
1745404661.487,2.082,2.269,-1.2951,-1.1574,-3.5842,-0.2145,41.9043,91.0611,0
1745404661.567,2.083,2.269,-1.2956,-1.1575,-3.5838,-0.2265,41.8830,91.0904,0
1745404661.647,2.083,2.269,-1.2971,-1.1573,-3.5820,-0.2321,41.8734,91.1073,0
1745404661.726,2.081,2.269,-1.3001,-1.1575,-3.5789,-0.1966,41.9074,91.0699,0
1745404661.806,2.081,2.265,-1.3036,-1.1576,-3.5749,-0.1614,41.8508,91.0918,0
1745404661.886,2.083,2.261,-1.3076,-1.1577,-3.5709,-0.0630,41.7526,91.0799,0
1745404661.965,2.082,2.261,-1.3111,-1.1576,-3.5668,-0.0658,41.7040,91.1511,0
1745404662.045,2.081,2.255,-1.3148,-1.1579,-3.5631,-0.0013,41.6478,91.1407,0
1745404662.125,2.080,2.247,-1.3181,-1.1580,-3.5593,-0.0145,41.6652,91.1587,0
1745404662.204,2.080,2.242,-1.3216,-1.1580,-3.5553,-0.0771,41.6918,91.1790,0
1745404662.284,2.080,2.242,-1.3252,-1.1582,-3.5512,-0.1333,41.6410,91.2632,0
1745404662.364,2.079,2.234,-1.3292,-1.1582,-3.5467,-0.0994,41.6321,91.3161,0
1745404662.443,2.079,2.225,-1.3330,-1.1581,-3.5429,-0.0082,41.6000,91.3048,0
1745404662.523,2.080,2.221,-1.3365,-1.1583,-3.5395,0.1199,41.6276,91.2106,0
1745404662.602,2.080,2.215,-1.3402,-1.1584,-3.5351,0.0073,41.6152,91.2609,0
1745404662.682,2.080,2.215,-1.3443,-1.1587,-3.5304,-0.0177,41.6108,91.2441,0
1745404662.762,2.076,2.207,-1.3484,-1.1586,-3.5256,-0.0402,41.5944,91.2397,0
1745404662.841,2.079,2.201,-1.3522,-1.1586,-3.5212,-0.1242,41.5250,91.3121,0
1745404662.921,2.077,2.190,-1.3557,-1.1590,-3.5175,-0.0896,41.4560,91.3257,0
1745404663.001,2.077,2.184,-1.3590,-1.1590,-3.5139,-0.0724,41.4085,91.3143,0
1745404663.080,2.077,2.184,-1.3624,-1.1593,-3.5101,-0.0427,41.3163,91.3294,0
1745404663.160,2.072,2.177,-1.3661,-1.1593,-3.5061,-0.0039,41.2365,91.2884,0
1745404663.240,2.070,2.170,-1.3698,-1.1594,-3.5021,0.0588,41.2400,91.2353,0
1745404663.319,2.070,2.164,-1.3737,-1.1597,-3.4978,0.1537,41.2010,91.1627,0
1745404663.399,2.070,2.159,-1.3778,-1.1596,-3.4934,0.1750,41.1039,91.1613,0
1745404663.478,2.070,2.159,-1.3815,-1.1596,-3.4889,0.1339,41.0405,91.1945,0
1745404663.558,2.066,2.148,-1.3854,-1.1600,-3.4844,0.1343,41.0071,91.2123,0
1745404663.638,2.064,2.143,-1.3891,-1.1602,-3.4803,0.1135,40.9425,91.1934,0
1745404663.717,2.065,2.133,-1.3929,-1.1602,-3.4759,0.0792,40.9596,91.2168,0
1745404663.797,2.065,2.126,-1.3968,-1.1603,-3.4715,0.1137,40.9310,91.1557,0
1745404663.877,2.065,2.126,-1.4007,-1.1603,-3.4672,0.1327,40.8753,91.0733,0
1745404663.956,2.069,2.121,-1.4043,-1.1606,-3.4627,0.0071,40.9811,91.1348,0
1745404664.036,2.067,2.112,-1.4083,-1.1606,-3.4582,-0.0195,41.0247,91.1281,0
1745404664.118,2.058,2.106,-1.4121,-1.1608,-3.4536,-0.0828,41.1051,91.1432,0
1745404664.195,2.058,2.097,-1.4158,-1.1609,-3.4496,-0.1337,41.1472,91.1122,0
1745404664.275,2.060,2.097,-1.4199,-1.1611,-3.4452,-0.0442,41.1007,90.9740,0
1745404664.355,2.066,2.089,-1.4240,-1.1615,-3.4409,0.0301,41.1112,90.8955,0
1745404664.434,2.064,2.084,-1.4278,-1.1617,-3.4362,-0.0385,41.0584,90.9980,0
1745404664.514,2.065,2.072,-1.4315,-1.1616,-3.4321,-0.0382,41.0559,91.0289,0
1745404664.593,2.065,2.067,-1.4352,-1.1617,-3.4279,-0.0268,41.0513,91.0503,0
1745404664.673,2.063,2.067,-1.4391,-1.1619,-3.4237,-0.0331,40.9439,91.0909,0
1745404664.753,2.056,2.059,-1.4430,-1.1622,-3.4192,-0.0044,40.8659,91.1183,0
1745404664.832,2.054,2.051,-1.4471,-1.1622,-3.4148,0.0752,40.8087,91.0988,0
1745404664.912,2.068,2.044,-1.4512,-1.1622,-3.4102,0.0826,40.7296,91.1785,0
1745404664.992,2.068,2.037,-1.4552,-1.1624,-3.4057,0.1112,40.6993,91.1848,0
1745404665.071,2.069,2.037,-1.4591,-1.1625,-3.4011,0.1059,40.6588,91.1654,0
1745404665.151,2.073,2.031,-1.4627,-1.1627,-3.3967,0.0431,40.6042,91.2083,0
1745404665.231,2.071,2.024,-1.4664,-1.1627,-3.3924,0.0248,40.6344,91.2493,0
1745404665.310,2.070,2.016,-1.4702,-1.1629,-3.3882,0.0716,40.5642,91.2372,0
1745404665.390,2.070,2.009,-1.4741,-1.1628,-3.3839,0.1783,40.4853,91.2437,0
1745404665.470,2.075,2.009,-1.4777,-1.1630,-3.3799,0.1621,40.5414,91.2153,0
1745404665.549,2.071,2.000,-1.4819,-1.1631,-3.3750,0.1079,40.5059,91.2173,0
1745404665.629,2.073,1.995,-1.4859,-1.1633,-3.3702,-0.0022,40.4993,91.3392,0
1745404665.708,2.068,1.988,-1.4897,-1.1637,-3.3656,-0.0086,40.4584,91.3643,0
1745404665.788,2.068,1.977,-1.4938,-1.1637,-3.3609,0.0013,40.3311,91.4068,0
1745404665.868,2.067,1.977,-1.4975,-1.1635,-3.3563,0.0048,40.2548,91.4701,0
1745404665.947,2.077,1.970,-1.5015,-1.1641,-3.3521,0.0847,40.2313,91.4615,0
1745404666.027,2.078,1.962,-1.5051,-1.1641,-3.3478,0.1174,40.1354,91.4449,0
1745404666.107,2.079,1.956,-1.5087,-1.1642,-3.3437,0.1574,40.0681,91.4222,0
1745404666.186,2.079,1.949,-1.5127,-1.1644,-3.3393,0.2263,40.0501,91.4100,0
1745404666.266,2.077,1.949,-1.5164,-1.1645,-3.3349,0.2550,39.9386,91.4075,0
1745404666.346,2.079,1.940,-1.5201,-1.1645,-3.3302,0.1962,39.9008,91.4596,0
1745404666.425,2.086,1.934,-1.5240,-1.1648,-3.3258,0.1797,39.8600,91.5119,0
1745404666.505,2.097,1.927,-1.5276,-1.1649,-3.3211,0.1316,39.7921,91.5641,0
1745404666.585,2.097,1.919,-1.5314,-1.1653,-3.3167,0.0906,39.7929,91.6169,0
1745404666.664,2.103,1.919,-1.5352,-1.1655,-3.3120,0.0956,39.7633,91.6084,0
1745404666.744,2.104,1.913,-1.5392,-1.1655,-3.3073,0.0395,39.7443,91.6040,0
1745404666.824,2.104,1.905,-1.5431,-1.1657,-3.3025,-0.0061,39.7361,91.5827,0
1745404666.903,2.105,1.897,-1.5464,-1.1656,-3.2984,-0.0707,39.7984,91.6396,0
1745404666.983,2.105,1.891,-1.5480,-1.1658,-3.2966,-0.1108,39.8202,91.6739,0
1745404667.063,2.105,1.891,-1.5478,-1.1659,-3.2968,-0.0988,39.8256,91.6408,0
1745404667.142,2.105,1.884,-1.5478,-1.1659,-3.2968,-0.0869,39.8211,91.6228,0
1745404667.222,2.103,1.883,-1.5478,-1.1659,-3.2969,-0.1034,39.8182,91.6364,0
1745404667.301,2.103,1.883,-1.5478,-1.1659,-3.2969,-0.0840,39.8140,91.6224,0
1745404667.381,2.103,1.884,-1.5478,-1.1659,-3.2969,-0.0941,39.8140,91.6347,0
1745404667.461,2.104,1.884,-1.5478,-1.1659,-3.2969,-0.0845,39.8136,91.6275,0
1745404667.541,2.105,1.885,-1.5478,-1.1659,-3.2968,-0.0914,39.8135,91.6318,0
1745404667.620,2.105,1.883,-1.5478,-1.1658,-3.2969,-0.0907,39.8152,91.6352,0
1745404667.700,2.104,1.883,-1.5478,-1.1659,-3.2969,-0.0950,39.8217,91.6394,0
1745404667.779,2.104,1.883,-1.5478,-1.1660,-3.2970,-0.0985,39.8193,91.6418,0
1745404667.859,2.104,1.882,-1.5478,-1.1659,-3.2969,-0.0878,39.8189,91.6366,0
1745404667.939,2.103,1.882,-1.5479,-1.1659,-3.2969,-0.0788,39.8256,91.6311,0
1745404668.018,2.104,1.883,-1.5479,-1.1659,-3.2970,-0.0761,39.8271,91.6250,0
1745404668.098,2.105,1.883,-1.5478,-1.1659,-3.2969,-0.0665,39.8260,91.6126,0
1745404668.178,2.105,1.883,-1.5478,-1.1659,-3.2970,-0.0673,39.8236,91.6129,0
1745404668.257,2.104,1.883,-1.5478,-1.1657,-3.2969,-0.0825,39.8234,91.6339,0
1745404668.337,2.104,1.884,-1.5478,-1.1659,-3.2970,-0.0784,39.8262,91.6361,0
1745404668.417,2.104,1.884,-1.5479,-1.1659,-3.2970,-0.0666,39.8232,91.6340,0
1745404668.496,2.104,1.885,-1.5479,-1.1659,-3.2970,-0.0729,39.8246,91.6348,0
1745404668.576,2.104,1.885,-1.5478,-1.1660,-3.2971,-0.0776,39.8251,91.6263,0
1745404668.655,2.105,1.884,-1.5479,-1.1659,-3.2970,-0.0769,39.8276,91.6320,0
1745404668.735,2.104,1.883,-1.5478,-1.1660,-3.2970,-0.0754,39.8219,91.6257,0
1745404668.815,2.104,1.884,-1.5478,-1.1659,-3.2971,-0.0640,39.8204,91.6187,0
1745404668.894,2.104,1.882,-1.5479,-1.1659,-3.2970,-0.0711,39.8207,91.6259,0
1745404668.974,2.103,1.882,-1.5479,-1.1659,-3.2970,-0.0717,39.8304,91.6263,0
1745404669.054,2.104,1.882,-1.5479,-1.1659,-3.2971,-0.0670,39.8300,91.6246,0
1745404669.133,2.104,1.885,-1.5479,-1.1659,-3.2971,-0.0570,39.8299,91.6174,0
1745404669.213,2.105,1.882,-1.5479,-1.1660,-3.2970,-0.0551,39.8270,91.6070,0
1745404669.293,2.105,1.884,-1.5479,-1.1660,-3.2970,-0.0564,39.8277,91.6149,0
1745404669.372,2.104,1.884,-1.5479,-1.1661,-3.2971,-0.0516,39.8109,91.6118,0
1745404669.452,2.104,1.884,-1.5479,-1.1659,-3.2971,-0.0679,39.7914,91.6383,0
1745404669.532,2.104,1.882,-1.5479,-1.1660,-3.2970,-0.0841,39.8099,91.6648,0
1745404669.611,2.104,1.883,-1.5479,-1.1659,-3.2969,-0.0895,39.8210,91.6796,0
1745404669.810,2.103,1.884,-1.5480,-1.1660,-3.2970,-0.0762,39.8238,91.6645,0
1745404669.890,2.103,1.884,-1.5480,-1.1659,-3.2970,-0.0727,39.8232,91.6511,0
1745404669.970,2.104,1.884,-1.5480,-1.1660,-3.2970,-0.0627,39.8208,91.6387,0
1745404670.049,2.103,1.884,-1.5480,-1.1660,-3.2970,-0.0665,39.8155,91.6447,0
1745404670.129,2.103,1.882,-1.5479,-1.1660,-3.2971,-0.0620,39.8188,91.6435,0
1745404670.209,2.104,1.882,-1.5479,-1.1660,-3.2971,-0.0594,39.8183,91.6381,0
1745404670.288,2.104,1.884,-1.5480,-1.1660,-3.2970,-0.0551,39.8205,91.6354,0
1745404670.368,2.104,1.884,-1.5480,-1.1660,-3.2971,-0.0574,39.8155,91.6328,0
1745404670.447,2.103,1.883,-1.5479,-1.1660,-3.2971,-0.0435,39.8219,91.6245,0
1745404670.527,2.105,1.884,-1.5480,-1.1660,-3.2971,-0.0461,39.8152,91.6338,0
1745404671.105,2.106,1.882,-1.5479,-1.1661,-3.2971,-0.0772,39.8713,91.6477,0
1745404671.184,2.106,1.884,-1.5480,-1.1660,-3.2971,-0.0746,39.8658,91.6540,0
1745404671.264,2.105,1.884,-1.5480,-1.1660,-3.2971,-0.0634,39.8690,91.6536,0
1745404671.343,2.105,1.884,-1.5480,-1.1661,-3.2972,-0.0698,39.8709,91.6529,0
1745404671.423,2.104,1.883,-1.5481,-1.1661,-3.2972,-0.0648,39.8690,91.6563,0
1745404671.503,2.104,1.882,-1.5480,-1.1660,-3.2972,-0.0758,39.8681,91.6621,0
1745404671.583,2.104,1.882,-1.5480,-1.1660,-3.2971,-0.0759,39.8676,91.6571,0
1745404671.662,2.105,1.882,-1.5480,-1.1660,-3.2971,-0.0665,39.8707,91.6516,0
1745404671.742,2.104,1.884,-1.5481,-1.1660,-3.2972,-0.0702,39.8689,91.6519,0
1745404671.821,2.103,1.884,-1.5479,-1.1661,-3.2972,-0.0694,39.8677,91.6465,0
1745404671.901,2.106,1.883,-1.5480,-1.1661,-3.2972,-0.0574,39.8459,91.6470,0
1745404671.981,2.106,1.883,-1.5480,-1.1660,-3.2972,-0.0708,39.8300,91.6535,0
1745404672.060,2.103,1.883,-1.5480,-1.1661,-3.2972,-0.0559,39.8346,91.6405,0
1745404672.140,2.105,1.885,-1.5481,-1.1661,-3.2972,-0.0526,39.8340,91.6338,0
1745404672.220,2.104,1.883,-1.5480,-1.1660,-3.2972,-0.0492,39.8321,91.6267,0
1745404672.299,2.105,1.884,-1.5480,-1.1661,-3.2973,-0.0334,39.8353,91.6152,0
1745404672.379,2.105,1.882,-1.5481,-1.1661,-3.2972,-0.0299,39.8394,91.6156,0
1745404672.459,2.105,1.882,-1.5481,-1.1661,-3.2972,-0.0338,39.8318,91.6161,0
1745404672.538,2.103,1.882,-1.5480,-1.1662,-3.2973,-0.0306,39.8359,91.6201,0
1745404672.618,2.104,1.883,-1.5482,-1.1661,-3.2973,-0.0277,39.8361,91.6193,0
1745404672.697,2.105,1.884,-1.5482,-1.1660,-3.2972,-0.0415,39.8410,91.6313,0
1745404672.777,2.105,1.884,-1.5481,-1.1661,-3.2973,-0.0351,39.8424,91.6207,0
1745404672.857,2.105,1.884,-1.5481,-1.1662,-3.2973,-0.0422,39.8421,91.6298,0
1745404672.936,2.104,1.884,-1.5481,-1.1661,-3.2972,-0.0393,39.8433,91.6300,0
1745404673.016,2.105,1.884,-1.5481,-1.1660,-3.2972,-0.0591,39.8409,91.6582,0
1745404673.096,2.104,1.884,-1.5481,-1.1662,-3.2975,-0.0569,39.8379,91.6533,0
1745404673.175,2.104,1.884,-1.5481,-1.1662,-3.2972,-0.0479,39.8231,91.6441,0
1745404673.255,2.104,1.884,-1.5487,-1.1662,-3.2966,-0.0387,39.8231,91.6222,0
1745404673.335,2.105,1.883,-1.5513,-1.1661,-3.2940,-0.0434,40.0849,91.6343,0
1745404673.414,2.104,1.883,-1.5552,-1.1664,-3.2898,-0.0329,40.2146,91.5994,0
1745404673.494,2.104,1.877,-1.5604,-1.1667,-3.2842,-0.0406,40.4444,91.5842,0
1745404673.693,2.103,1.860,-1.5709,-1.1671,-3.2728,-0.1617,40.9477,91.6943,0
1745404673.773,2.103,1.860,-1.5738,-1.1673,-3.2699,-0.1841,41.0251,91.7112,0
1745404673.852,2.103,1.854,-1.5762,-1.1673,-3.2672,-0.1635,41.0494,91.7155,0
1745404673.932,2.102,1.846,-1.5787,-1.1674,-3.2642,-0.1624,41.0244,91.7326,0
1745404674.012,2.102,1.844,-1.5819,-1.1676,-3.2609,-0.1185,41.0053,91.7065,0
1745404674.091,2.103,1.838,-1.5851,-1.1677,-3.2573,-0.0757,40.8924,91.7162,0
1745404674.171,2.103,1.838,-1.5881,-1.1678,-3.2541,-0.0618,40.8422,91.7279,0
1745404674.251,2.101,1.834,-1.5896,-1.1678,-3.2526,-0.0399,40.8309,91.7150,0
1745404674.330,2.101,1.825,-1.5895,-1.1679,-3.2525,-0.0481,40.8130,91.7221,0
1745404674.410,2.101,1.824,-1.5896,-1.1678,-3.2525,-0.0542,40.8145,91.7216,0
1745404674.489,2.101,1.822,-1.5895,-1.1679,-3.2526,-0.0569,40.8085,91.7192,0
1745404674.569,2.102,1.822,-1.5895,-1.1679,-3.2526,-0.0608,40.7997,91.7144,0
1745404674.649,2.102,1.821,-1.5895,-1.1678,-3.2526,-0.0705,40.8010,91.7300,0
1745404674.728,2.101,1.823,-1.5895,-1.1679,-3.2525,-0.0680,40.7985,91.7231,0
1745404674.819,2.101,1.822,-1.5895,-1.1678,-3.2526,-0.0612,40.7990,91.7186,0
1745404675.027,2.103,1.823,-1.5895,-1.1679,-3.2526,-0.0635,40.7988,91.7243,0
1745404675.107,2.102,1.823,-1.5895,-1.1678,-3.2526,-0.0739,40.7926,91.7365,0
1745404675.186,2.102,1.823,-1.5895,-1.1679,-3.2526,-0.0752,40.7940,91.7345,0
1745404675.266,2.100,1.823,-1.5895,-1.1679,-3.2527,-0.0721,40.7909,91.7306,0
1745404675.346,2.102,1.823,-1.5895,-1.1679,-3.2527,-0.0615,40.7924,91.7181,0
1745404675.425,2.102,1.823,-1.5895,-1.1679,-3.2527,-0.0671,40.7914,91.7263,0
1745404675.505,2.102,1.824,-1.5895,-1.1680,-3.2526,-0.0687,40.7965,91.7305,0
1745404675.585,2.102,1.823,-1.5895,-1.1680,-3.2527,-0.0699,40.7965,91.7327,0
1745404675.664,2.100,1.823,-1.5895,-1.1679,-3.2527,-0.0781,40.7898,91.7399,0
1745404675.744,2.102,1.824,-1.5895,-1.1679,-3.2527,-0.0621,40.7879,91.7315,0
1745404675.823,2.102,1.822,-1.5896,-1.1679,-3.2526,-0.0711,40.7886,91.7363,0
1745404675.903,2.102,1.822,-1.5896,-1.1679,-3.2527,-0.0653,40.7920,91.7255,0
1745404675.983,2.102,1.824,-1.5895,-1.1680,-3.2527,-0.0583,40.7944,91.7224,0
1745404676.062,2.100,1.824,-1.5896,-1.1679,-3.2527,-0.0534,40.7936,91.7175,0
1745404676.142,2.101,1.824,-1.5896,-1.1680,-3.2527,-0.0578,40.7900,91.7216,0
1745404676.222,2.102,1.822,-1.5895,-1.1680,-3.2528,-0.0619,40.7896,91.7274,0
1745404676.301,2.102,1.823,-1.5895,-1.1679,-3.2528,-0.0582,40.7927,91.7265,0
1745404676.381,2.102,1.821,-1.5896,-1.1679,-3.2527,-0.0629,40.7934,91.7276,0
1745404676.461,2.100,1.821,-1.5895,-1.1680,-3.2528,-0.0696,40.7856,91.7295,0
1745404676.540,2.101,1.822,-1.5896,-1.1679,-3.2527,-0.0695,40.7915,91.7365,0
1745404676.620,2.103,1.823,-1.5896,-1.1679,-3.2528,-0.0625,40.7972,91.7320,0
1745404676.700,2.103,1.823,-1.5895,-1.1680,-3.2528,-0.0734,40.7966,91.7423,0
1745404676.779,2.103,1.824,-1.5896,-1.1680,-3.2528,-0.0648,40.7947,91.7370,0
1745404676.859,2.101,1.824,-1.5896,-1.1680,-3.2528,-0.0611,40.7931,91.7410,0
1745404676.938,2.100,1.824,-1.5895,-1.1680,-3.2528,-0.0634,40.7956,91.7393,0
1745404677.018,2.101,1.823,-1.5896,-1.1680,-3.2529,-0.0547,40.7973,91.7367,0
1745404677.098,2.102,1.822,-1.5896,-1.1680,-3.2528,-0.0542,40.7990,91.7356,0
1745404677.177,2.102,1.822,-1.5896,-1.1680,-3.2528,-0.0666,40.8055,91.7424,0
1745404677.257,2.100,1.822,-1.5896,-1.1680,-3.2528,-0.0589,40.7968,91.7357,0
1745404677.337,2.100,1.823,-1.5896,-1.1680,-3.2528,-0.0504,40.7953,91.7241,0
1745404677.416,2.103,1.823,-1.5896,-1.1680,-3.2528,-0.0466,40.7928,91.7269,0
1745404677.496,2.104,1.823,-1.5897,-1.1680,-3.2529,-0.0423,40.7952,91.7248,0
1745404677.576,2.104,1.824,-1.5896,-1.1680,-3.2530,-0.0456,40.7980,91.7337,0
1745404677.655,2.102,1.824,-1.5897,-1.1680,-3.2528,-0.0537,40.8022,91.7429,0
1745404677.735,2.102,1.824,-1.5897,-1.1678,-3.2528,-0.0522,40.7981,91.7479,0
1745404677.815,2.104,1.822,-1.5897,-1.1680,-3.2530,-0.0548,40.7980,91.7532,0
1745404677.894,2.101,1.822,-1.5896,-1.1680,-3.2529,-0.0654,40.7945,91.7551,0
1745404677.974,2.101,1.821,-1.5897,-1.1679,-3.2529,-0.0476,40.8044,91.7396,0
1745404678.054,2.103,1.821,-1.5896,-1.1680,-3.2530,-0.0586,40.8439,91.7311,0
1745404678.133,2.102,1.822,-1.5896,-1.1680,-3.2530,-0.0451,40.8476,91.7257,0
1745404678.213,2.102,1.822,-1.5897,-1.1680,-3.2531,-0.0393,40.8603,91.7137,0
1745404678.293,2.101,1.823,-1.5896,-1.1680,-3.2531,-0.0400,40.8470,91.7167,0
1745404678.372,2.101,1.822,-1.5896,-1.1680,-3.2531,-0.0347,40.8440,91.7133,0
1745404678.452,2.102,1.822,-1.5896,-1.1681,-3.2530,-0.0277,40.8485,91.7011,0
1745404678.531,2.101,1.823,-1.5895,-1.1680,-3.2532,-0.0263,40.8513,91.7030,0
1745404678.611,2.102,1.823,-1.5896,-1.1680,-3.2531,-0.0298,40.8516,91.7129,0
1745404678.691,2.102,1.823,-1.5896,-1.1680,-3.2531,-0.0293,40.8515,91.7127,0
1745404678.770,2.102,1.823,-1.5897,-1.1680,-3.2531,-0.0326,40.8530,91.7189,0
1745404678.850,2.100,1.824,-1.5897,-1.1680,-3.2531,-0.0325,40.8557,91.7210,0
1745404678.930,2.101,1.822,-1.5896,-1.1680,-3.2531,-0.0448,40.8495,91.7457,0
1745404679.009,2.101,1.822,-1.5896,-1.1681,-3.2531,-0.0493,40.8485,91.7500,0
1745404679.089,2.101,1.822,-1.5896,-1.1681,-3.2532,-0.0427,40.8542,91.7465,0
1745404679.169,2.101,1.822,-1.5897,-1.1680,-3.2531,-0.0431,40.8589,91.7517,0
1745404679.248,2.101,1.823,-1.5896,-1.1681,-3.2532,-0.0417,40.8620,91.7477,0
1745404679.328,2.100,1.824,-1.5896,-1.1681,-3.2533,-0.0350,40.8617,91.7452,0
1745404679.408,2.100,1.823,-1.5896,-1.1680,-3.2531,-0.0346,40.8560,91.7500,0
1745404679.487,2.100,1.825,-1.5896,-1.1680,-3.2531,-0.0320,40.8513,91.7406,0
1745404679.567,2.100,1.825,-1.5896,-1.1680,-3.2532,-0.0256,40.8467,91.7324,0
1745404679.647,2.102,1.823,-1.5896,-1.1680,-3.2532,-0.0414,40.8452,91.7389,0
1745404679.726,2.100,1.824,-1.5897,-1.1681,-3.2531,-0.0336,40.8451,91.7303,0
1745404679.806,2.103,1.822,-1.5897,-1.1681,-3.2532,-0.0357,40.8470,91.7183,0
1745404679.885,2.100,1.822,-1.5903,-1.1680,-3.2525,-0.0311,40.8311,91.7381,0
1745404679.965,2.100,1.822,-1.5919,-1.1683,-3.2506,-0.0393,40.7384,91.7228,0
1745404680.045,2.103,1.822,-1.5946,-1.1683,-3.2474,-0.0239,40.6449,91.7170,0
1745404680.124,2.101,1.820,-1.5974,-1.1684,-3.2436,-0.0384,40.4588,91.6934,0
1745404680.204,2.101,1.816,-1.6003,-1.1685,-3.2400,-0.0851,40.3637,91.6917,0
1745404680.284,2.101,1.807,-1.6027,-1.1688,-3.2372,-0.0959,40.2100,91.6835,0
1745404680.363,2.103,1.807,-1.6045,-1.1687,-3.2348,-0.1036,40.0549,91.7030,0
1745404680.443,2.103,1.804,-1.6059,-1.1688,-3.2331,-0.0833,39.9756,91.6598,0
1745404680.522,2.101,1.799,-1.6077,-1.1689,-3.2312,-0.0272,39.8611,91.6180,0
1745404680.602,2.103,1.796,-1.6097,-1.1689,-3.2288,0.0153,39.7512,91.6270,0
1745404680.682,2.103,1.791,-1.6115,-1.1689,-3.2268,0.0649,39.6197,91.5827,0
1745404680.762,2.104,1.791,-1.6134,-1.1690,-3.2244,0.0840,39.5266,91.5580,0
1745404680.841,2.104,1.789,-1.6157,-1.1692,-3.2212,0.0031,39.5222,91.5472,0
1745404680.921,2.102,1.786,-1.6184,-1.1692,-3.2178,-0.0356,39.3291,91.5426,0
1745404681.002,2.104,1.786,-1.6208,-1.1694,-3.2147,-0.0913,39.2060,91.5594,0
1745404681.080,2.104,1.776,-1.6226,-1.1696,-3.2124,-0.0935,39.0796,91.5444,0
1745404681.160,2.104,1.776,-1.6242,-1.1696,-3.2103,-0.0871,38.9806,91.5133,0
1745404681.239,2.106,1.772,-1.6258,-1.1696,-3.2081,-0.1297,38.8896,91.5489,0
1745404681.319,2.105,1.769,-1.6277,-1.1697,-3.2058,-0.1057,38.7927,91.5261,0
1745404681.401,2.105,1.765,-1.6296,-1.1698,-3.2033,-0.0901,38.6681,91.5264,0
1745404681.478,2.105,1.762,-1.6315,-1.1700,-3.2009,-0.1185,38.5155,91.5804,0
1745404681.558,2.104,1.762,-1.6334,-1.1702,-3.1983,-0.0894,38.3600,91.5855,0
1745404681.638,2.104,1.760,-1.6354,-1.1702,-3.1956,-0.0818,38.2251,91.6078,0
1745404681.717,2.106,1.752,-1.6373,-1.1702,-3.1931,-0.1000,38.0809,91.6461,0
1745404681.797,2.105,1.748,-1.6390,-1.1703,-3.1908,-0.0749,37.9623,91.6302,0
1745404681.877,2.105,1.746,-1.6408,-1.1704,-3.1884,-0.0583,37.8651,91.6441,0
1745404681.956,2.108,1.746,-1.6427,-1.1706,-3.1861,-0.0326,37.7348,91.6428,0
1745404682.036,2.107,1.743,-1.6448,-1.1707,-3.1834,0.0123,37.6117,91.6239,0
1745404682.115,2.109,1.740,-1.6467,-1.1708,-3.1809,0.0274,37.5047,91.6249,0
1745404682.195,2.108,1.734,-1.6488,-1.1708,-3.1781,0.0478,37.3671,91.6120,0
1745404682.275,2.108,1.731,-1.6507,-1.1709,-3.1755,0.0399,37.2741,91.6215,0
1745404682.354,2.109,1.731,-1.6527,-1.1709,-3.1724,-0.0034,37.1393,91.6713,0
1745404682.434,2.109,1.727,-1.6552,-1.1710,-3.1691,-0.0275,37.0162,91.6480,0
1745404682.514,2.110,1.724,-1.6582,-1.1710,-3.1646,-0.0494,36.8070,91.7196,0
1745404682.593,2.109,1.717,-1.6614,-1.1714,-3.1600,-0.0553,36.6064,91.7336,0
1745404682.673,2.109,1.710,-1.6647,-1.1714,-3.1551,-0.0837,36.3652,91.7725,0
1745404682.753,2.113,1.710,-1.6681,-1.1715,-3.1504,-0.0454,36.1386,91.6869,0
1745404682.832,2.112,1.705,-1.6717,-1.1717,-3.1453,-0.0107,35.9252,91.6318,0
1745404682.912,2.116,1.698,-1.6754,-1.1720,-3.1396,-0.1009,35.7041,91.6585,0
1745404682.992,2.116,1.691,-1.6795,-1.1722,-3.1335,-0.1864,35.5382,91.6730,0
1745404683.071,2.116,1.684,-1.6841,-1.1724,-3.1269,-0.1539,35.3153,91.5896,0
1745404683.151,2.119,1.684,-1.6891,-1.1728,-3.1199,-0.0859,35.0610,91.4833,0
1745404683.231,2.123,1.674,-1.6942,-1.1728,-3.1120,-0.1289,34.8112,91.5188,0
1745404683.310,2.122,1.666,-1.6994,-1.1732,-3.1039,-0.1254,34.4763,91.5976,0
1745404683.390,2.125,1.654,-1.7047,-1.1737,-3.0962,-0.0698,34.0710,91.5942,0
1745404683.469,2.125,1.644,-1.7096,-1.1737,-3.0886,-0.0169,33.6786,91.5975,0
1745404683.549,2.129,1.644,-1.7139,-1.1739,-3.0819,0.0337,33.3661,91.5789,0
1745404683.629,2.131,1.632,-1.7177,-1.1739,-3.0761,0.0511,33.0411,91.5553,0
1745404683.708,2.136,1.623,-1.7197,-1.1741,-3.0727,0.0585,32.8440,91.5494,0
1745404683.788,2.138,1.617,-1.7198,-1.1742,-3.0725,0.0428,32.8393,91.5609,0
1745404683.868,2.138,1.613,-1.7197,-1.1742,-3.0727,0.0459,32.8647,91.5412,0
1745404683.947,2.140,1.613,-1.7197,-1.1742,-3.0728,0.0363,32.8771,91.5520,0
1745404684.027,2.140,1.613,-1.7196,-1.1742,-3.0727,0.0395,32.8490,91.5417,0
1745404684.107,2.140,1.613,-1.7197,-1.1742,-3.0727,0.0357,32.8428,91.5382,0
1745404684.186,2.141,1.613,-1.7197,-1.1742,-3.0727,0.0535,32.8470,91.5202,0
1745404684.266,2.141,1.613,-1.7197,-1.1742,-3.0727,0.0505,32.8458,91.5191,0
1745404684.346,2.139,1.613,-1.7197,-1.1742,-3.0727,0.0602,32.8457,91.5160,0
1745404684.425,2.139,1.614,-1.7197,-1.1743,-3.0728,0.0598,32.8480,91.5109,0
1745404684.505,2.140,1.613,-1.7196,-1.1743,-3.0728,0.0608,32.8548,91.5172,0
1745404684.585,2.141,1.614,-1.7196,-1.1742,-3.0728,0.0585,32.8510,91.5167,0
1745404684.664,2.141,1.614,-1.7197,-1.1743,-3.0729,0.0619,32.8647,91.5265,0
1745404684.744,2.141,1.614,-1.7197,-1.1742,-3.0728,0.0695,32.8615,91.5126,0
1745404684.823,2.142,1.615,-1.7197,-1.1742,-3.0729,0.0714,32.8582,91.5179,0
1745404684.903,2.142,1.613,-1.7197,-1.1743,-3.0729,0.0642,32.8401,91.5288,0
1745404684.983,2.140,1.614,-1.7197,-1.1743,-3.0729,0.0673,32.8393,91.5454,0
1745404685.062,2.140,1.614,-1.7197,-1.1742,-3.0727,0.0622,32.8157,91.5494,0
1745404685.142,2.142,1.613,-1.7197,-1.1743,-3.0728,0.0680,32.8040,91.5324,0
1745404685.222,2.141,1.614,-1.7197,-1.1743,-3.0728,0.0840,32.8020,91.5229,0
1745404685.301,2.143,1.614,-1.7197,-1.1743,-3.0728,0.0885,32.7995,91.5201,0
1745404685.381,2.140,1.614,-1.7198,-1.1743,-3.0728,0.0868,32.7955,91.5140,0
1745404685.461,2.140,1.614,-1.7197,-1.1744,-3.0729,0.0951,32.7893,91.5098,0
1745404685.540,2.141,1.613,-1.7198,-1.1743,-3.0728,0.0980,32.7915,91.5143,0
1745404685.620,2.141,1.614,-1.7197,-1.1743,-3.0730,0.0872,32.7953,91.5171,0
1745404685.699,2.140,1.613,-1.7197,-1.1743,-3.0730,0.0796,32.7960,91.5263,0
1745404685.779,2.140,1.614,-1.7198,-1.1743,-3.0729,0.0867,32.7953,91.5154,0
1745404685.859,2.142,1.614,-1.7198,-1.1744,-3.0731,0.0896,32.7973,91.5209,0
1745404685.938,2.141,1.613,-1.7198,-1.1743,-3.0730,0.0886,32.8035,91.5394,0
1745404686.018,2.142,1.613,-1.7198,-1.1744,-3.0730,0.0906,32.8092,91.5330,0
1745404686.098,2.141,1.614,-1.7199,-1.1744,-3.0730,0.0861,32.8055,91.5336,0
1745404686.177,2.141,1.613,-1.7199,-1.1744,-3.0731,0.0790,32.8024,91.5376,0
1745404686.257,2.141,1.613,-1.7198,-1.1745,-3.0732,0.0756,32.7975,91.5364,0
1745404686.337,2.141,1.614,-1.7199,-1.1743,-3.0731,0.0806,32.8000,91.5410,0
1745404686.416,2.141,1.613,-1.7199,-1.1743,-3.0730,0.0920,32.7955,91.5283,0
1745404686.496,2.142,1.613,-1.7198,-1.1744,-3.0731,0.0932,32.7974,91.5179,0
1745404686.576,2.142,1.614,-1.7199,-1.1744,-3.0731,0.0962,32.7962,91.5282,0
1745404686.655,2.141,1.614,-1.7200,-1.1744,-3.0731,0.0983,32.7979,91.5276,0
1745404686.735,2.141,1.613,-1.7199,-1.1744,-3.0732,0.0832,32.8041,91.5362,0
1745404686.815,2.141,1.613,-1.7199,-1.1745,-3.0731,0.0773,32.8062,91.5348,0
1745404686.894,2.140,1.614,-1.7200,-1.1745,-3.0732,0.0698,32.8078,91.5348,0
1745404686.974,2.140,1.614,-1.7206,-1.1745,-3.0722,0.0282,32.9057,91.5579,0
1745404687.173,2.141,1.609,-1.7274,-1.1747,-3.0640,-0.0034,33.8955,91.5084,0
1745404687.253,2.138,1.609,-1.7309,-1.1746,-3.0599,0.0198,34.3044,91.5174,0
1745404687.332,2.138,1.603,-1.7344,-1.1750,-3.0563,0.0846,34.7791,91.4710,0
1745404687.412,2.134,1.593,-1.7377,-1.1749,-3.0527,0.1045,35.2548,91.4197,0
1745404687.492,2.130,1.584,-1.7412,-1.1751,-3.0487,-0.0003,35.8334,91.4222,0
1745404690.100,2.127,1.547,-1.7550,-1.1760,-3.0312,-0.0683,36.1747,91.4511,0
1745404690.180,2.128,1.547,-1.7550,-1.1760,-3.0312,-0.0800,36.1734,91.4678,0
1745404690.259,2.128,1.547,-1.7550,-1.1761,-3.0313,-0.0659,36.1749,91.4443,0
1745404690.339,2.128,1.547,-1.7550,-1.1760,-3.0312,-0.0545,36.1824,91.4379,0
1745404690.418,2.128,1.548,-1.7550,-1.1760,-3.0312,-0.0617,36.1714,91.4527,0
1745404690.498,2.128,1.549,-1.7550,-1.1761,-3.0312,-0.0563,36.1763,91.4503,0
1745404690.578,2.127,1.548,-1.7550,-1.1760,-3.0312,-0.0527,36.1787,91.4476,0
1745404690.657,2.127,1.548,-1.7550,-1.1761,-3.0313,-0.0569,36.1701,91.4552,0
1745404690.737,2.129,1.548,-1.7549,-1.1761,-3.0312,-0.0499,36.1815,91.4421,0
1745404690.817,2.128,1.547,-1.7550,-1.1760,-3.0312,-0.0514,36.1839,91.4392,0
1745404690.896,2.128,1.547,-1.7550,-1.1760,-3.0313,-0.0528,36.1831,91.4266,0
1745404690.976,2.128,1.548,-1.7550,-1.1761,-3.0313,-0.0413,36.1918,91.4137,0
1745404691.056,2.128,1.548,-1.7550,-1.1761,-3.0313,-0.0413,36.1897,91.4204,0
1745404691.135,2.129,1.548,-1.7550,-1.1760,-3.0313,-0.0362,36.1870,91.4203,0
1745404691.215,2.129,1.547,-1.7550,-1.1761,-3.0313,-0.0430,36.1720,91.4347,0
1745404691.295,2.128,1.548,-1.7551,-1.1760,-3.0313,-0.0287,36.1849,91.4264,0
1745404691.374,2.128,1.546,-1.7550,-1.1760,-3.0313,-0.0397,36.1813,91.4347,0
1745404691.454,2.128,1.546,-1.7550,-1.1760,-3.0313,-0.0498,36.1817,91.4406,0
1745404691.534,2.130,1.548,-1.7550,-1.1762,-3.0314,-0.0516,36.1843,91.4504,0
1745404691.613,2.127,1.547,-1.7551,-1.1760,-3.0313,-0.0539,36.1878,91.4540,0
1745404691.693,2.128,1.548,-1.7550,-1.1761,-3.0314,-0.0535,36.1824,91.4611,0
1745404691.772,2.128,1.548,-1.7550,-1.1761,-3.0314,-0.0438,36.1853,91.4388,0
1745404691.852,2.129,1.548,-1.7551,-1.1760,-3.0314,-0.0449,36.1813,91.4454,0
1745404691.932,2.128,1.548,-1.7551,-1.1761,-3.0314,-0.0584,36.1739,91.4599,0
1745404692.011,2.128,1.548,-1.7551,-1.1760,-3.0314,-0.0789,36.1708,91.4675,0
1745404692.091,2.127,1.548,-1.7552,-1.1759,-3.0314,-0.0878,36.1717,91.4698,0
1745404692.171,2.127,1.548,-1.7549,-1.1761,-3.0315,-0.0945,36.1269,91.4777,0
1745404692.251,2.128,1.548,-1.7550,-1.1761,-3.0314,-0.0762,36.1226,91.4826,0
1745404692.330,2.129,1.547,-1.7550,-1.1761,-3.0313,-0.0540,36.1239,91.4613,0
1745404692.410,2.128,1.548,-1.7551,-1.1761,-3.0313,-0.0558,36.1096,91.4709,0
1745404692.489,2.126,1.547,-1.7550,-1.1762,-3.0313,-0.0564,36.1108,91.4730,0
1745404692.569,2.126,1.547,-1.7551,-1.1761,-3.0313,-0.0384,36.1114,91.4603,0
1745404692.649,2.127,1.547,-1.7550,-1.1761,-3.0313,-0.0463,36.1103,91.4701,0
1745404692.728,2.127,1.549,-1.7550,-1.1761,-3.0314,-0.0520,36.1095,91.4849,0
1745404692.808,2.128,1.548,-1.7551,-1.1761,-3.0312,-0.0614,36.1113,91.4922,0
1745404692.888,2.128,1.548,-1.7552,-1.1761,-3.0313,-0.0536,36.1086,91.4826,0
1745404692.967,2.128,1.547,-1.7551,-1.1761,-3.0313,-0.0676,36.1055,91.4826,0
1745404693.047,2.128,1.547,-1.7551,-1.1761,-3.0313,-0.0611,36.1012,91.5033,0
1745404693.127,2.127,1.549,-1.7550,-1.1760,-3.0314,-0.0730,36.0902,91.5163,0
1745404693.206,2.126,1.547,-1.7550,-1.1761,-3.0314,-0.0796,36.1000,91.5185,0
1745404693.286,2.130,1.549,-1.7550,-1.1761,-3.0314,-0.0699,36.1023,91.5168,0
1745404693.365,2.130,1.549,-1.7551,-1.1761,-3.0314,-0.0748,36.0990,91.5114,0
1745404693.445,2.128,1.549,-1.7551,-1.1762,-3.0314,-0.1018,36.0922,91.5342,0
1745404693.525,2.127,1.548,-1.7551,-1.1761,-3.0314,-0.0938,36.0964,91.5312,0
1745404693.604,2.127,1.549,-1.7551,-1.1762,-3.0315,-0.0849,36.0960,91.5244,0
1745404693.684,2.129,1.548,-1.7551,-1.1761,-3.0314,-0.0775,36.0949,91.5216,0
1745404693.764,2.129,1.547,-1.7550,-1.1761,-3.0314,-0.0697,36.1023,91.5205,0
1745404693.843,2.128,1.547,-1.7551,-1.1762,-3.0314,-0.0642,36.0980,91.5199,0
1745404693.923,2.127,1.549,-1.7551,-1.1762,-3.0315,-0.0590,36.0983,91.5151,0
1745404694.003,2.128,1.548,-1.7551,-1.1762,-3.0314,-0.0569,36.1026,91.5018,0
1745404694.082,2.127,1.548,-1.7551,-1.1762,-3.0315,-0.0613,36.1064,91.4994,0
1745404694.164,2.127,1.549,-1.7551,-1.1762,-3.0315,-0.0437,36.1159,91.4936,0
1745404694.241,2.130,1.549,-1.7562,-1.1762,-3.0303,-0.0150,36.2499,91.4678,0
1745404694.321,2.127,1.548,-1.7582,-1.1763,-3.0279,-0.0221,36.5033,91.4980,0
1745404694.401,2.127,1.547,-1.7606,-1.1764,-3.0253,-0.0079,36.7272,91.4631,0
1745404694.481,2.128,1.540,-1.7631,-1.1764,-3.0226,0.0032,37.0357,91.4719,0
1745404694.560,2.128,1.537,-1.7655,-1.1766,-3.0201,0.0014,37.3233,91.4555,0
1745404694.640,2.128,1.537,-1.7677,-1.1766,-3.0176,0.0293,37.5240,91.4235,0
1745404694.719,2.125,1.532,-1.7695,-1.1766,-3.0158,0.0678,37.7744,91.3652,0
1745404694.799,2.125,1.527,-1.7713,-1.1767,-3.0140,0.0544,37.9856,91.3615,0
1745404694.879,2.125,1.523,-1.7729,-1.1768,-3.0124,0.0506,38.1329,91.3679,0
1745404694.959,2.125,1.520,-1.7747,-1.1768,-3.0104,0.0524,38.3503,91.3686,0
1745404695.038,2.124,1.520,-1.7764,-1.1769,-3.0086,0.0153,38.5842,91.3995,0
1745404695.118,2.123,1.517,-1.7784,-1.1768,-3.0064,-0.0300,38.8238,91.4033,0
1745404695.197,2.122,1.514,-1.7806,-1.1770,-3.0042,-0.0119,39.0485,91.4251,0
1745404695.277,2.121,1.508,-1.7827,-1.1772,-3.0020,-0.0562,39.3058,91.4607,0
1745404695.357,2.121,1.504,-1.7849,-1.1771,-2.9998,-0.0834,39.5553,91.4815,0
1745404695.436,2.120,1.504,-1.7864,-1.1771,-2.9983,-0.1153,39.7165,91.4960,0
1745404695.516,2.121,1.500,-1.7866,-1.1772,-2.9982,-0.1204,39.7655,91.4903,0
1745404695.596,2.120,1.498,-1.7865,-1.1772,-2.9982,-0.1203,39.7469,91.4830,0
1745404695.675,2.120,1.498,-1.7865,-1.1773,-2.9981,-0.1115,39.7520,91.4789,0
1745404695.755,2.120,1.498,-1.7870,-1.1773,-2.9978,-0.1255,39.8478,91.4590,0
1745404695.835,2.122,1.498,-1.7886,-1.1773,-2.9963,-0.0999,40.0356,91.4668,0
1745404695.914,2.121,1.498,-1.7901,-1.1773,-2.9948,-0.1433,40.2062,91.4681,0
1745404695.994,2.122,1.496,-1.7910,-1.1773,-2.9940,-0.1476,40.3101,91.4848,0
1745404696.073,2.119,1.494,-1.7909,-1.1774,-2.9940,-0.1758,40.2951,91.5046,0
1745404696.153,2.119,1.494,-1.7908,-1.1774,-2.9941,-0.1753,40.2961,91.4870,0
1745404696.233,2.119,1.493,-1.7909,-1.1774,-2.9941,-0.1851,40.2961,91.4935,0
1745404696.312,2.121,1.491,-1.7909,-1.1773,-2.9941,-0.1840,40.2970,91.4955,0
1745404696.392,2.120,1.492,-1.7909,-1.1774,-2.9941,-0.1859,40.2993,91.4955,0
1745404696.472,2.119,1.492,-1.7910,-1.1774,-2.9942,-0.1848,40.2992,91.4920,0
1745404696.551,2.119,1.492,-1.7909,-1.1773,-2.9941,-0.2049,40.2957,91.5065,0
1745404696.631,2.120,1.492,-1.7910,-1.1774,-2.9942,-0.1916,40.2902,91.4953,0
1745404696.711,2.122,1.492,-1.7909,-1.1774,-2.9942,-0.2054,40.2936,91.5234,0
1745404696.790,2.122,1.491,-1.7910,-1.1774,-2.9942,-0.2130,40.2941,91.5376,0
1745404696.870,2.122,1.492,-1.7910,-1.1774,-2.9942,-0.2045,40.2914,91.5357,0
1745404696.950,2.121,1.492,-1.7910,-1.1774,-2.9942,-0.2185,40.2923,91.5493,0
1745404697.029,2.121,1.491,-1.7910,-1.1774,-2.9943,-0.2159,40.2901,91.5457,0
1745404697.109,2.119,1.492,-1.7910,-1.1774,-2.9942,-0.2152,40.2836,91.5510,0
1745404697.188,2.121,1.491,-1.7909,-1.1775,-2.9943,-0.2059,40.2813,91.5434,0
1745404697.268,2.121,1.491,-1.7910,-1.1774,-2.9943,-0.1911,40.2832,91.5399,0
1745404697.348,2.121,1.491,-1.7910,-1.1775,-2.9943,-0.1874,40.2889,91.5273,0
1745404697.428,2.120,1.490,-1.7910,-1.1774,-2.9942,-0.1967,40.2959,91.5393,0
1745404697.507,2.119,1.491,-1.7911,-1.1775,-2.9943,-0.1900,40.2926,91.5316,0
1745404697.587,2.120,1.492,-1.7911,-1.1774,-2.9943,-0.1961,40.2842,91.5401,0
1745404697.667,2.120,1.492,-1.7910,-1.1775,-2.9944,-0.1961,40.2857,91.5324,0
1745404697.746,2.119,1.492,-1.7910,-1.1775,-2.9944,-0.1928,40.2956,91.5246,0
1745404697.826,2.119,1.492,-1.7910,-1.1774,-2.9943,-0.2089,40.2952,91.5421,0
1745404697.905,2.121,1.491,-1.7914,-1.1775,-2.9939,-0.2082,40.2882,91.5152,0
1745404697.985,2.120,1.492,-1.7930,-1.1775,-2.9925,-0.1647,40.4919,91.4700,0
1745404698.065,2.120,1.492,-1.7955,-1.1775,-2.9901,-0.2248,40.8934,91.4740,0
1745404698.144,2.120,1.492,-1.7985,-1.1777,-2.9873,-0.2584,41.2890,91.4695,0
1745404698.224,2.120,1.488,-1.8016,-1.1777,-2.9844,-0.3200,41.7196,91.4842,0
1745404698.304,2.119,1.482,-1.8042,-1.1778,-2.9820,-0.3689,42.0689,91.5102,0
1745404698.383,2.118,1.479,-1.8061,-1.1779,-2.9802,-0.3720,42.3061,91.4672,0
1745404698.463,2.118,1.473,-1.8078,-1.1780,-2.9788,-0.3622,42.5794,91.4429,0
1745404698.543,2.118,1.473,-1.8094,-1.1780,-2.9775,-0.3888,42.8170,91.4544,0
1745404698.622,2.117,1.472,-1.8113,-1.1781,-2.9758,-0.3780,43.0729,91.4396,0
1745404698.702,2.117,1.466,-1.8140,-1.1782,-2.9737,-0.3610,43.3816,91.4235,0
1745404698.781,2.118,1.463,-1.8172,-1.1783,-2.9708,-0.3777,43.8084,91.4552,0
1745404698.861,2.118,1.460,-1.8212,-1.1784,-2.9675,-0.4260,44.3086,91.4706,0
1745404698.941,2.118,1.460,-1.8260,-1.1786,-2.9635,-0.4195,44.8688,91.4519,0
1745404699.020,2.118,1.452,-1.8316,-1.1788,-2.9594,-0.3595,45.4417,91.4033,0
1745404699.100,2.119,1.443,-1.8367,-1.1789,-2.9554,-0.3657,45.9969,91.4191,0
1745404699.180,2.120,1.441,-1.8413,-1.1791,-2.9520,-0.3688,46.5162,91.4303,0
1745404699.259,2.120,1.437,-1.8455,-1.1790,-2.9490,-0.2792,46.8919,91.3563,0
1745404699.339,2.118,1.437,-1.8481,-1.1790,-2.9465,-0.2305,46.7785,91.3027,0
1745404699.419,2.119,1.432,-1.8485,-1.1791,-2.9460,-0.3097,46.7727,91.3327,0
1745404699.498,2.120,1.426,-1.8490,-1.1791,-2.9455,-0.2787,46.6894,91.2202,0
1745404699.578,2.120,1.425,-1.8499,-1.1787,-2.9440,-0.6000,46.9255,91.2118,0
1745404699.658,2.120,1.423,-1.8522,-1.1784,-2.9422,-0.7071,47.4071,90.7908,0
1745404699.737,2.120,1.423,-1.8570,-1.1775,-2.9393,-0.7631,48.2373,90.0726,0
1745404699.817,2.120,1.422,-1.8658,-1.1776,-2.9340,-0.7943,49.7708,89.7589,0
1745404699.896,2.123,1.420,-1.8755,-1.1777,-2.9290,-0.5959,51.4293,89.3359,0
1745404699.976,2.129,1.416,-1.8843,-1.1780,-2.9241,-0.7431,52.7085,89.5948,0
1745404700.056,2.129,1.413,-1.8907,-1.1786,-2.9204,-0.5691,53.1183,89.9393,0
1745404700.135,2.139,1.413,-1.8956,-1.1801,-2.9139,-0.8888,50.9333,91.5410,0
1745404700.215,2.144,1.409,-1.8991,-1.1803,-2.9118,-0.4174,51.1051,91.5098,0
1745404700.295,2.125,0.870,-1.8991,-1.1805,-2.9125,-0.4931,51.1158,91.5350,0
1745404700.374,2.127,0.864,-1.8990,-1.1806,-2.9126,-0.5289,51.1241,91.5397,0
1745404700.454,2.127,0.864,-1.8990,-1.1805,-2.9126,-0.5447,51.1254,91.5459,0
1745404700.533,2.126,0.864,-1.8991,-1.1805,-2.9126,-0.5270,51.1255,91.5292,0
1745404700.613,2.125,0.867,-1.8990,-1.1806,-2.9125,-0.5329,51.1222,91.5303,0
1745404700.693,2.125,0.863,-1.8992,-1.1806,-2.9126,-0.5304,51.1130,91.5392,0
1745404700.772,2.126,0.865,-1.8987,-1.1806,-2.9128,-0.5802,51.1113,91.5424,0
1745404700.852,2.126,0.866,-1.8982,-1.1806,-2.9130,-0.6195,51.0486,91.5563,0
1745404700.932,2.126,0.866,-1.8977,-1.1804,-2.9137,-0.5681,50.9686,91.4286,0
1745404701.011,2.124,0.866,-1.8966,-1.1805,-2.9145,-0.7014,50.8531,91.4028,0
1745404701.091,2.124,0.868,-1.8945,-1.1799,-2.9157,-0.8388,50.5990,91.2795,0
1745404701.171,2.125,0.876,-1.8910,-1.1788,-2.9184,-0.9462,50.4806,90.9152,0
1745404701.250,2.125,0.876,-1.8842,-1.1784,-2.9245,-0.9283,50.5775,90.1690,0
1745404701.330,2.123,0.874,-1.8727,-1.1778,-2.9341,-0.9245,50.7407,89.9554,0
1745404701.410,2.125,1.390,-1.8585,-1.1772,-2.9448,-1.2603,50.8965,90.6941,0
1745404701.489,2.130,0.902,-1.8449,-1.1783,-2.9564,-1.0899,51.5220,91.2470,0
1745404701.569,2.138,0.918,-1.8347,-1.1791,-2.9648,-0.7735,51.3129,91.6771,0
1745404701.649,2.138,0.918,-1.8300,-1.1784,-2.9683,-0.6137,50.9750,91.6646,0
1745404701.728,2.142,1.459,-1.8287,-1.1789,-2.9692,-0.7895,50.9859,91.8075,0
1745404701.808,2.142,0.954,-1.8290,-1.1788,-2.9693,-0.7574,50.9798,91.7808,0
1745404701.888,2.143,0.957,-1.8289,-1.1789,-2.9693,-0.7616,50.9734,91.7631,0
1745404701.967,2.141,0.956,-1.8289,-1.1789,-2.9693,-0.7598,50.9741,91.7433,0
1745404702.047,2.141,0.956,-1.8283,-1.1788,-2.9699,-0.7531,50.9597,91.7333,0
1745404702.129,2.142,0.955,-1.8261,-1.1788,-2.9716,-0.7566,50.9556,91.7542,0
1745404702.206,2.143,0.957,-1.8225,-1.1788,-2.9742,-0.8005,50.9155,91.7831,0
1745404702.286,2.143,0.960,-1.8192,-1.1787,-2.9771,-0.7713,50.8463,91.7680,0
1745404702.366,2.143,0.964,-1.8169,-1.1785,-2.9789,-0.7324,50.8080,91.7078,0
1745404702.445,2.143,0.964,-1.8165,-1.1786,-2.9793,-0.7196,50.8111,91.7263,0
1745404702.525,2.143,0.976,-1.8166,-1.1785,-2.9791,-0.7255,50.7971,91.7271,0
1745404702.604,2.145,0.976,-1.8165,-1.1786,-2.9792,-0.7085,50.7935,91.7134,0
1745404702.684,2.144,0.978,-1.8166,-1.1786,-2.9794,-0.6805,50.7953,91.6935,0
1745404702.764,2.144,0.978,-1.8166,-1.1786,-2.9794,-0.6754,50.8006,91.6883,0
1745404702.843,2.142,0.978,-1.8166,-1.1786,-2.9793,-0.6668,50.7977,91.6815,0
1745404702.923,2.144,0.978,-1.8166,-1.1785,-2.9794,-0.6861,50.8128,91.7050,0
1745404703.122,2.144,0.975,-1.8166,-1.1786,-2.9795,-0.6523,50.7960,91.6717,0
1745404703.202,2.144,0.978,-1.8166,-1.1787,-2.9794,-0.6544,50.8026,91.6802,0
1745404703.282,2.143,0.976,-1.8166,-1.1786,-2.9794,-0.6570,50.8055,91.6786,0
1745404703.481,2.144,0.976,-1.8134,-1.1787,-2.9821,-0.6401,50.7112,91.6861,0
1745404703.560,2.144,0.978,-1.8081,-1.1784,-2.9866,-0.5307,50.6483,91.6130,0
1745404703.640,2.144,0.978,-1.8027,-1.1778,-2.9910,-0.4753,50.5494,91.5309,0
1745404703.719,2.143,0.984,-1.7994,-1.1779,-2.9939,-0.4307,50.5112,91.4921,0
1745404703.799,2.145,0.988,-1.7971,-1.1780,-2.9956,-0.3809,50.4593,91.4746,0
1745404703.879,2.146,0.994,-1.7930,-1.1781,-2.9992,-0.3096,50.4065,91.4736,0
1745404703.958,2.146,1.506,-1.7843,-1.1777,-3.0061,-0.3249,50.2485,91.5514,0
1745404704.038,2.146,1.506,-1.7708,-1.1780,-3.0168,-0.3480,50.0548,91.6536,0
1745404704.117,2.146,1.515,-1.7543,-1.1768,-3.0295,-0.4981,49.8325,91.8182,0
1745404704.197,2.150,1.535,-1.7371,-1.1764,-3.0438,-0.3977,49.6510,91.5948,0
1745404704.277,2.148,1.566,-1.7241,-1.1754,-3.0550,-0.2008,49.4669,91.5294,0
1745404704.357,2.148,1.592,-1.7200,-1.1756,-3.0585,-0.1480,49.3394,91.5194,0
1745404704.436,2.138,1.592,-1.7216,-1.1757,-3.0570,-0.1759,49.3895,91.5829,0
1745404704.516,2.136,1.608,-1.7248,-1.1758,-3.0542,-0.2259,49.4052,91.5950,0
1745404704.595,2.136,1.607,-1.7275,-1.1759,-3.0516,-0.3076,49.3663,91.6253,0
1745404704.675,2.139,1.604,-1.7292,-1.1760,-3.0503,-0.3312,49.3922,91.6490,0
1745404704.755,2.139,1.597,-1.7290,-1.1760,-3.0505,-0.3079,49.4462,91.6333,0
1745404704.834,2.142,1.597,-1.7289,-1.1760,-3.0506,-0.3309,49.4190,91.6645,0
1745404704.914,2.142,1.596,-1.7288,-1.1760,-3.0506,-0.3212,49.4121,91.6620,0
1745404704.994,2.142,1.596,-1.7288,-1.1760,-3.0506,-0.3371,49.4117,91.6829,0
1745404705.073,2.144,1.597,-1.7288,-1.1759,-3.0505,-0.3469,49.4080,91.6996,0
1745404705.153,2.144,1.596,-1.7285,-1.1760,-3.0508,-0.3402,49.3554,91.7084,0
1745404705.233,2.142,1.596,-1.7257,-1.1760,-3.0533,-0.3314,49.3994,91.7403,0
1745404705.312,2.143,1.597,-1.7195,-1.1757,-3.0588,-0.1675,49.3039,91.6383,0
1745404705.392,2.140,1.601,-1.7105,-1.1753,-3.0659,-0.2635,49.2164,91.6858,0
1745404705.472,2.135,1.610,-1.7026,-1.1751,-3.0726,-0.2041,49.0397,91.6520,0
1745404705.551,2.135,1.625,-1.6999,-1.1750,-3.0747,-0.2033,48.9740,91.6637,0
1745404705.631,2.132,1.625,-1.7003,-1.1751,-3.0745,-0.2033,49.0129,91.6447,0
1745404705.711,2.132,1.633,-1.7010,-1.1749,-3.0740,-0.1844,49.0161,91.6519,0
1745404705.790,2.133,1.632,-1.7011,-1.1749,-3.0739,-0.1869,49.0207,91.6534,0
1745404705.870,2.133,1.632,-1.7010,-1.1751,-3.0740,-0.1965,49.0149,91.6551,0
1745404705.949,2.133,1.632,-1.6995,-1.1751,-3.0754,-0.1968,49.0259,91.6474,0
1745404706.029,2.133,1.632,-1.6941,-1.1748,-3.0793,-0.3236,48.8871,91.8341,0
1745404706.109,2.132,1.631,-1.6867,-1.1746,-3.0850,-0.5078,48.8149,91.9536,0
1745404706.188,2.134,1.639,-1.6816,-1.1745,-3.0893,-0.5061,48.7366,91.9472,0
1745404706.268,2.136,1.651,-1.6803,-1.1744,-3.0905,-0.5144,48.7389,91.9320,0
1745404706.348,2.136,1.658,-1.6806,-1.1745,-3.0902,-0.5403,48.7659,91.9714,0
1745404706.427,2.138,1.658,-1.6806,-1.1746,-3.0903,-0.5240,48.7692,91.9440,0
1745404706.507,2.137,1.657,-1.6795,-1.1743,-3.0921,-0.2251,48.8904,91.8289,0
1745404706.587,2.138,1.656,-1.6791,-1.1740,-3.0939,0.1551,48.9688,91.6138,0
1745404706.666,2.139,1.662,-1.6789,-1.1740,-3.0938,0.1212,49.0090,91.6506,0
1745404706.746,2.139,1.662,-1.6791,-1.1740,-3.0937,0.1245,49.0123,91.6520,0
1745404706.825,2.139,1.664,-1.6790,-1.1741,-3.0937,0.1196,49.0114,91.6497,0
1745404706.905,2.140,1.664,-1.6790,-1.1740,-3.0937,0.1204,49.0265,91.6641,0
1745404706.985,2.139,1.665,-1.6782,-1.1731,-3.0958,0.7493,48.7713,91.4943,0
1745404707.064,2.140,1.665,-1.6751,-1.1724,-3.1019,2.1116,48.7676,90.3215,0
1745404707.144,2.140,1.665,-1.6690,-1.1716,-3.1094,2.7691,48.7210,89.6784,0
1745404707.224,2.153,1.666,-1.6645,-1.1716,-3.1137,2.9331,48.7243,89.5478,0
1745404707.305,2.162,1.675,-1.6635,-1.1716,-3.1145,2.8831,48.7214,89.6138,0
1745404707.383,2.164,1.685,-1.6634,-1.1716,-3.1145,2.8815,48.7124,89.6297,0
1745404707.463,2.163,1.687,-1.6633,-1.1717,-3.1145,2.8600,48.7163,89.6627,0
1745404707.542,2.163,1.687,-1.6634,-1.1716,-3.1144,2.8498,48.7154,89.6782,0
1745404707.622,2.163,1.687,-1.6635,-1.1715,-3.1143,2.8538,48.7232,89.6769,0
1745404707.703,2.163,1.686,-1.6634,-1.1717,-3.1144,2.8498,48.7166,89.6741,0
1745404707.901,2.163,1.687,-1.6636,-1.1717,-3.1143,2.8429,48.7417,89.7123,0
1745404708.100,2.163,1.687,-1.6635,-1.1716,-3.1145,2.8574,48.7591,89.6965,0
1745404708.299,2.163,1.686,-1.6713,-1.1722,-3.1051,2.7131,46.9840,89.8471,0
1745404708.379,2.161,1.685,-1.6784,-1.1731,-3.0910,1.2982,45.0414,90.9100,0
1745404708.458,2.161,1.666,-1.6872,-1.1749,-3.0750,-0.1098,43.0260,91.5226,0
1745404708.538,2.150,1.666,-1.6972,-1.1751,-3.0606,0.0462,40.6329,91.5408,0
1745404708.618,2.149,1.635,-1.7043,-1.1756,-3.0500,0.1478,38.8908,91.3431,0
1745404708.697,2.146,1.611,-1.7079,-1.1759,-3.0436,0.0649,38.1652,91.5094,0
1745404708.777,2.152,1.592,-1.7076,-1.1759,-3.0444,0.0738,38.2869,91.4742,0
1745404708.856,2.152,1.584,-1.7059,-1.1758,-3.0462,0.0610,38.2309,91.4783,0
1745404708.936,2.152,1.584,-1.7053,-1.1757,-3.0470,0.1037,38.2339,91.4034,0
1745404709.016,2.152,1.588,-1.7053,-1.1758,-3.0471,0.1073,38.2531,91.4291,0
1745404709.095,2.152,1.590,-1.7054,-1.1759,-3.0471,0.1186,38.2415,91.4290,0
1745404709.175,2.152,1.592,-1.7054,-1.1759,-3.0471,0.1137,38.2446,91.4262,0
1745404709.255,2.152,1.590,-1.7055,-1.1759,-3.0471,0.1224,38.2356,91.4243,0
1745404709.334,2.152,1.590,-1.7054,-1.1758,-3.0471,0.1267,38.2290,91.4248,0
1745404709.414,2.152,1.590,-1.7054,-1.1759,-3.0471,0.1182,38.2244,91.4324,0
1745404709.494,2.152,1.590,-1.7055,-1.1758,-3.0471,0.1141,38.2212,91.4343,0
1745404709.573,2.153,1.590,-1.7054,-1.1759,-3.0472,0.1232,38.2241,91.4306,0
1745404709.653,2.153,1.590,-1.7055,-1.1760,-3.0471,0.1185,38.2248,91.4349,0
1745404709.732,2.153,1.590,-1.7054,-1.1759,-3.0471,0.1234,38.2272,91.4346,0
1745404709.812,2.151,1.591,-1.7055,-1.1759,-3.0472,0.1251,38.2243,91.4335,0
1745404709.892,2.153,1.590,-1.7055,-1.1759,-3.0471,0.1174,38.2268,91.4376,0
1745404709.971,2.152,1.590,-1.7055,-1.1759,-3.0472,0.1274,38.2238,91.4305,0
1745404710.051,2.152,1.590,-1.7054,-1.1759,-3.0472,0.1240,38.2202,91.4327,0
1745404710.131,2.153,1.590,-1.7055,-1.1759,-3.0472,0.1220,38.2227,91.4371,0
1745404710.210,2.153,1.591,-1.7054,-1.1759,-3.0472,0.1306,38.2205,91.4289,0
1745404710.409,2.152,1.591,-1.7055,-1.1759,-3.0472,0.1540,38.2050,91.4278,0
1745404710.489,2.152,1.591,-1.7055,-1.1759,-3.0472,0.1491,38.1942,91.4378,0
1745404710.569,2.154,1.591,-1.7055,-1.1759,-3.0471,0.1428,38.1948,91.4430,0
1745404710.648,2.154,1.590,-1.7059,-1.1760,-3.0466,0.1601,38.1137,91.4442,0
1745404710.728,2.151,1.590,-1.7086,-1.1761,-3.0426,0.1580,37.7058,91.3973,0
1745404710.808,2.152,1.589,-1.7162,-1.1775,-3.0311,0.1314,36.5347,91.5433,0
1745404710.887,2.153,1.586,-1.7260,-1.1771,-3.0146,0.2153,34.6308,91.5040,0
1745404710.967,2.161,1.572,-1.7333,-1.1773,-3.0014,0.0621,33.3655,91.5536,0
1745404711.047,2.161,1.554,-1.7352,-1.1770,-2.9976,0.0891,32.9292,91.5574,0
1745404711.126,2.175,1.554,-1.7339,-1.1772,-2.9999,0.0706,33.0099,91.4748,0
1745404711.206,2.184,1.544,-1.7318,-1.1773,-3.0029,0.0830,33.0357,91.4833,0
1745404711.285,2.182,1.546,-1.7306,-1.1771,-3.0048,0.0925,33.1227,91.5037,0
1745404711.365,2.182,1.551,-1.7304,-1.1771,-3.0052,0.1125,33.0534,91.4897,0
1745404711.445,2.182,1.553,-1.7302,-1.1772,-3.0051,0.0989,33.0403,91.5049,0
1745404711.524,2.181,1.553,-1.7303,-1.1771,-3.0051,0.1044,33.0533,91.5070,0
1745404711.604,2.183,1.554,-1.7301,-1.1772,-3.0051,0.0968,33.0562,91.5114,0
1745404711.684,2.182,1.553,-1.7302,-1.1772,-3.0052,0.1073,33.0542,91.5056,0
1745404711.764,2.181,1.553,-1.7303,-1.1770,-3.0051,0.1035,33.0620,91.5155,0
1745404711.843,2.181,1.554,-1.7302,-1.1771,-3.0051,0.1000,33.0632,91.5139,0
1745404711.923,2.182,1.554,-1.7302,-1.1772,-3.0051,0.0975,33.0592,91.5193,0
1745404712.002,2.181,1.553,-1.7302,-1.1771,-3.0051,0.1004,33.0594,91.5302,0
1745404712.082,2.182,1.553,-1.7302,-1.1770,-3.0051,0.0925,33.0684,91.5347,0
1745404712.162,2.182,1.554,-1.7290,-1.1771,-3.0068,0.0915,33.1089,91.6251,0
1745404712.241,2.182,1.554,-1.7251,-1.1770,-3.0134,0.2401,33.0729,91.4809,0
1745404712.321,2.182,1.554,-1.7192,-1.1772,-3.0228,0.2771,33.0217,91.5244,0
1745404712.401,2.181,1.559,-1.7115,-1.1759,-3.0340,0.2022,33.0222,91.4529,0
1745404712.480,2.179,1.572,-1.7047,-1.1755,-3.0451,0.3743,32.9807,91.4043,0
1745404712.560,2.178,1.592,-1.6991,-1.1760,-3.0530,0.2568,32.9392,91.4731,0
1745404712.640,2.178,1.592,-1.6975,-1.1756,-3.0554,0.2624,32.9461,91.4512,0
1745404712.719,2.174,1.606,-1.6979,-1.1756,-3.0546,0.2658,32.9303,91.4624,0
1745404712.799,2.173,1.614,-1.6984,-1.1757,-3.0540,0.2712,32.9163,91.4639,0
1745404712.878,2.175,1.613,-1.6984,-1.1756,-3.0540,0.2666,32.9129,91.4699,0
1745404712.958,2.173,1.612,-1.6984,-1.1756,-3.0540,0.2608,32.9131,91.4700,0
1745404713.038,2.173,1.612,-1.6984,-1.1757,-3.0540,0.2713,32.9024,91.4547,0
1745404713.118,2.171,1.613,-1.6984,-1.1756,-3.0540,0.2816,32.8991,91.4425,0
1745404713.197,2.173,1.613,-1.6985,-1.1756,-3.0540,0.2901,32.9032,91.4244,0
1745404713.277,2.171,1.612,-1.6984,-1.1756,-3.0540,0.2888,32.9040,91.4196,0
1745404713.356,2.173,1.613,-1.6984,-1.1757,-3.0541,0.2966,32.8990,91.4297,0
1745404713.436,2.173,1.613,-1.6984,-1.1757,-3.0540,0.2919,32.9016,91.4399,0
1745404713.516,2.173,1.612,-1.6984,-1.1756,-3.0540,0.2821,32.9004,91.4505,0
1745404713.595,2.174,1.613,-1.6984,-1.1757,-3.0540,0.2817,32.9075,91.4529,0
1745404713.675,2.173,1.611,-1.6984,-1.1756,-3.0540,0.2889,32.9103,91.4465,0
1745404713.755,2.171,1.611,-1.6984,-1.1757,-3.0540,0.2757,32.8670,91.4474,0
1745404713.834,2.171,1.611,-1.6984,-1.1758,-3.0542,0.2809,32.8812,91.4246,0
1745404713.914,2.173,1.612,-1.6984,-1.1757,-3.0541,0.2832,32.8890,91.4343,0
1745404713.993,2.174,1.613,-1.6984,-1.1756,-3.0541,0.2957,32.8842,91.4284,0
1745404714.073,2.173,1.612,-1.6983,-1.1757,-3.0542,0.2968,32.8870,91.4230,0
1745404714.153,2.173,1.613,-1.6985,-1.1756,-3.0540,0.2922,32.8797,91.4267,0
1745404714.232,2.174,1.613,-1.7003,-1.1758,-3.0522,0.3350,33.1438,91.4051,0
1745404714.312,2.173,1.613,-1.7069,-1.1760,-3.0444,0.1995,34.5499,91.3706,0
1745404714.392,2.173,1.612,-1.7193,-1.1758,-3.0314,0.1303,36.7401,91.4709,0
1745404714.471,2.164,1.594,-1.7341,-1.1772,-3.0173,0.0689,39.2272,91.4655,0
1745404714.551,2.164,1.563,-1.7476,-1.1776,-3.0051,-0.1169,41.5424,91.5864,0
1745404714.631,2.152,1.563,-1.7528,-1.1775,-3.0007,-0.0758,42.2151,91.5513,0
1745404714.710,2.147,1.535,-1.7510,-1.1774,-3.0023,-0.0635,42.2047,91.5029,0
1745404714.790,2.148,1.520,-1.7481,-1.1774,-3.0055,-0.0415,42.1818,91.4827,0
1745404714.870,2.146,1.522,-1.7458,-1.1774,-3.0076,-0.1373,42.1487,91.5534,0
1745404714.949,2.146,1.530,-1.7451,-1.1774,-3.0086,-0.1106,42.2236,91.5250,0
1745404715.029,2.146,1.530,-1.7451,-1.1774,-3.0085,-0.1172,42.2189,91.5400,0
1745404715.108,2.145,1.532,-1.7452,-1.1773,-3.0084,-0.1362,42.2229,91.5680,0
1745404715.188,2.145,1.533,-1.7452,-1.1774,-3.0085,-0.1551,42.2292,91.5799,0
1745404715.268,2.147,1.534,-1.7452,-1.1774,-3.0084,-0.1634,42.2353,91.5934,0
1745404715.347,2.147,1.533,-1.7452,-1.1773,-3.0084,-0.1653,42.2276,91.5738,0
1745404715.427,2.147,1.533,-1.7451,-1.1774,-3.0084,-0.1681,42.2184,91.5658,0
1745404715.507,2.146,1.534,-1.7451,-1.1773,-3.0084,-0.1659,42.2163,91.5704,0
1745404715.587,2.147,1.532,-1.7452,-1.1773,-3.0084,-0.1729,42.2183,91.5732,0
1745404715.666,2.147,1.533,-1.7451,-1.1774,-3.0084,-0.1690,42.2240,91.5663,0
1745404715.746,2.147,1.532,-1.7451,-1.1773,-3.0083,-0.1953,42.2211,91.5880,0
1745404715.825,2.145,1.532,-1.7451,-1.1773,-3.0084,-0.1978,42.2201,91.5959,0
1745404715.905,2.147,1.534,-1.7451,-1.1775,-3.0084,-0.1843,42.2263,91.5807,0
1745404715.985,2.147,1.533,-1.7450,-1.1776,-3.0086,-0.2069,42.2124,91.6015,0
1745404716.064,2.147,1.534,-1.7451,-1.1773,-3.0083,-0.1838,42.2353,91.5906,0
1745404716.144,2.147,1.532,-1.7451,-1.1774,-3.0084,-0.1886,42.2298,91.5905,0
1745404716.224,2.146,1.532,-1.7452,-1.1774,-3.0083,-0.1820,42.2458,91.5945,0
1745404716.303,2.145,1.533,-1.7486,-1.1773,-3.0057,-0.2340,42.9205,91.5574,0
1745404716.383,2.145,1.533,-1.7581,-1.1779,-2.9993,-0.0703,44.7799,91.4095,0
1745404716.463,2.146,1.529,-1.7673,-1.1780,-2.9921,-0.2321,46.2746,91.4541,0
1745404716.542,2.146,1.515,-1.7732,-1.1782,-2.9870,-0.1362,46.3418,91.4074,0
1745404716.622,2.146,1.515,-1.7736,-1.1782,-2.9868,-0.0951,46.3547,91.3343,0
1745404716.701,2.148,1.506,-1.7728,-1.1779,-2.9875,-0.1204,46.3882,91.3398,0
1745404716.781,2.147,1.500,-1.7721,-1.1780,-2.9881,-0.0943,46.3559,91.3095,0
1745404716.861,2.147,1.500,-1.7719,-1.1779,-2.9883,-0.1072,46.3631,91.3154,0
1745404716.940,2.147,1.501,-1.7718,-1.1779,-2.9884,-0.0866,46.3595,91.2942,0
1745404717.020,2.147,1.501,-1.7718,-1.1780,-2.9884,-0.0993,46.3589,91.3032,0
1745404717.100,2.148,1.503,-1.7717,-1.1781,-2.9885,-0.1271,46.3334,91.3191,0
1745404717.179,2.147,1.506,-1.7717,-1.1780,-2.9885,-0.1428,46.4878,91.3335,0
1745404717.259,2.148,1.503,-1.7718,-1.1780,-2.9886,-0.1250,46.4355,91.3104,0
1745404717.339,2.148,1.510,-1.7718,-1.1780,-2.9886,-0.1385,46.4259,91.3051,0
1745404717.418,2.148,1.510,-1.7718,-1.1780,-2.9886,-0.1295,46.4373,91.2940,0
1745404717.498,2.147,1.505,-1.7765,-1.1781,-2.9860,-0.2371,47.8854,91.2811,0
1745404717.578,2.147,1.506,-1.7862,-1.1782,-2.9815,-0.4056,50.6189,91.5409,0
1745404717.657,2.157,1.507,-1.7952,-1.1788,-2.9779,-0.5816,53.2846,91.6798,0
1745404717.737,2.157,0.994,-1.7995,-1.1791,-2.9760,-0.5169,54.0296,91.6133,0
1745404717.816,2.156,0.994,-1.7995,-1.1788,-2.9757,-0.6225,54.0100,91.7209,0
1745404717.896,2.163,1.516,-1.7990,-1.1789,-2.9761,-0.6178,54.0387,91.7100,0
1745404717.976,2.162,1.516,-1.7990,-1.1789,-2.9761,-0.6320,54.0039,91.7432,0
1745404718.055,2.163,1.517,-1.7990,-1.1789,-2.9762,-0.6118,54.0047,91.7390,0
1745404718.135,2.163,1.517,-1.7990,-1.1789,-2.9762,-0.6356,53.9983,91.7627,0
1745404718.215,2.162,1.516,-1.7990,-1.1789,-2.9762,-0.6465,54.0034,91.7806,0
1745404718.294,2.163,1.517,-1.7989,-1.1790,-2.9763,-0.6536,53.8994,91.7955,0
1745404718.374,2.161,1.517,-1.7989,-1.1788,-2.9762,-0.7016,53.9692,91.8398,0
1745404718.454,2.161,1.517,-1.7988,-1.1792,-2.9765,-0.7058,54.0675,91.8254,0
1745404718.533,2.161,1.517,-1.7989,-1.1790,-2.9765,-0.7105,54.0523,91.8392,0
1745404718.613,2.163,1.516,-1.7990,-1.1789,-2.9764,-0.7239,54.0580,91.8519,0
1745404718.693,2.162,1.516,-1.8030,-1.1788,-2.9749,-0.7394,55.0144,91.7469,0
1745404718.772,2.162,1.518,-1.8141,-1.1795,-2.9720,-0.8851,58.4508,91.9079,0
1745404718.852,2.180,1.519,-1.8270,-1.1795,-2.9686,-1.1761,61.8714,92.0782,0
1745404718.932,2.180,1.519,-1.8356,-1.1796,-2.9674,-1.1397,64.0369,92.0445,0
1745404719.011,2.224,1.540,-1.8368,-1.1795,-2.9672,-1.1201,64.3075,92.0196,0
1745404719.091,2.270,1.569,-1.8360,-1.1794,-2.9672,-1.1199,64.0798,92.0134,0
1745404719.170,2.276,1.528,-1.8350,-1.1797,-2.9674,-1.2331,64.0126,92.1518,0
1745404719.250,2.270,1.546,-1.8350,-1.1796,-2.9674,-1.1284,63.8831,92.1207,0
1745404719.330,2.270,1.546,-1.8351,-1.1794,-2.9674,-1.1018,63.8809,92.0871,0
1745404719.409,2.267,1.556,-1.8349,-1.1796,-2.9675,-1.1105,63.8759,92.0743,0
1745404719.489,2.271,1.557,-1.8350,-1.1796,-2.9675,-1.1179,63.8740,92.0774,0
1745404719.569,2.266,1.559,-1.8350,-1.1797,-2.9676,-1.1060,63.8755,92.0639,0
1745404719.648,2.266,1.558,-1.8350,-1.1796,-2.9676,-1.1307,63.8648,92.0874,0
1745404719.728,2.267,1.558,-1.8350,-1.1796,-2.9676,-1.1422,63.8679,92.0966,0
1745404719.808,2.267,1.557,-1.8351,-1.1797,-2.9677,-1.1006,63.8684,92.0606,0
1745404719.887,2.271,1.558,-1.8351,-1.1796,-2.9676,-1.1234,63.8797,92.0841,0
1745404719.967,2.267,1.558,-1.8351,-1.1796,-2.9677,-1.1308,63.8728,92.0920,0
1745404720.047,2.267,1.557,-1.8352,-1.1796,-2.9677,-1.1183,63.8738,92.0791,0
1745404720.126,2.267,1.557,-1.8351,-1.1796,-2.9678,-1.1126,63.8815,92.0683,0
1745404720.206,2.271,1.557,-1.8351,-1.1797,-2.9678,-1.1321,63.8758,92.0849,0
1745404720.286,2.268,1.556,-1.8352,-1.1797,-2.9677,-1.1366,63.8750,92.0956,0
1745404720.365,2.271,1.558,-1.8352,-1.1797,-2.9678,-1.1400,63.8739,92.0923,0
1745404720.445,2.271,1.556,-1.8351,-1.1797,-2.9678,-1.1473,63.8777,92.1031,0
1745404720.525,2.268,1.556,-1.8352,-1.1796,-2.9678,-1.1838,63.8898,92.1418,0
1745404720.604,2.268,1.557,-1.8353,-1.1797,-2.9679,-1.1583,63.8765,92.1188,0
1745404720.684,2.267,1.558,-1.8352,-1.1798,-2.9680,-1.1592,63.8768,92.1258,0
1745404720.763,2.271,1.557,-1.8352,-1.1797,-2.9679,-1.1734,63.8786,92.1311,0
1745404720.843,2.271,1.557,-1.8351,-1.1798,-2.9681,-1.1361,63.8255,92.0924,0
1745404720.923,2.269,1.557,-1.8352,-1.1799,-2.9680,-1.1239,63.8461,92.0890,0
1745404721.002,2.271,1.559,-1.8352,-1.1798,-2.9681,-1.1239,63.8599,92.0927,0
1745404721.082,2.270,1.561,-1.8353,-1.1797,-2.9680,-1.1113,63.8529,92.0840,0
1745404721.162,2.270,1.558,-1.8352,-1.1797,-2.9680,-1.0859,63.7866,92.0664,0
1745404721.241,2.270,1.558,-1.8353,-1.1798,-2.9680,-1.1296,63.8478,92.1127,0
1745404721.321,2.270,1.558,-1.8353,-1.1798,-2.9681,-1.1594,63.8461,92.1428,0
1745404721.401,2.270,1.558,-1.8354,-1.1798,-2.9681,-1.1460,63.8386,92.1374,0
1745404721.480,2.267,1.561,-1.8354,-1.1800,-2.9683,-1.1060,63.8049,92.0910,0
1745404721.560,2.266,1.558,-1.8350,-1.1798,-2.9682,-1.2214,63.9519,92.1713,0
1745404721.640,2.266,1.558,-1.8351,-1.1799,-2.9682,-1.2036,63.9700,92.1585,0
1745404721.719,2.267,1.558,-1.8351,-1.1799,-2.9682,-1.2113,63.9676,92.1773,0
1745404721.799,2.274,1.554,-1.8352,-1.1798,-2.9683,-1.1773,63.9701,92.1396,0
1745404721.878,2.272,1.554,-1.8352,-1.1798,-2.9684,-1.2157,63.9717,92.1667,0
1745404721.958,2.274,1.553,-1.8352,-1.1798,-2.9684,-1.2465,63.9760,92.1918,0
1745404722.038,2.274,1.555,-1.8348,-1.1799,-2.9685,-1.1973,63.8562,92.1416,0
1745404722.118,2.272,1.555,-1.8328,-1.1799,-2.9687,-1.2079,63.3220,92.1437,0
1745404722.197,2.274,1.554,-1.8299,-1.1797,-2.9692,-1.1548,62.5114,92.1285,0
1745404722.277,2.259,1.569,-1.8264,-1.1798,-2.9700,-1.1076,61.5805,92.0713,0
1745404722.356,2.249,1.550,-1.8232,-1.1797,-2.9705,-1.0175,60.7045,91.9956,0
1745404722.436,2.249,1.551,-1.8199,-1.1799,-2.9711,-1.0914,59.8313,92.0388,0
1745404722.516,2.231,1.551,-1.8169,-1.1797,-2.9719,-0.9932,58.9704,91.9475,0
1745404722.595,2.221,1.544,-1.8145,-1.1795,-2.9726,-0.9523,58.2577,91.9303,0
1745404722.675,2.207,1.538,-1.8121,-1.1796,-2.9731,-0.8896,57.5686,91.8754,0
1745404722.755,2.199,1.535,-1.8097,-1.1795,-2.9738,-0.8587,56.9302,91.8514,0
1745404722.834,2.199,1.529,-1.8077,-1.1795,-2.9745,-0.7902,56.3524,91.7894,0
1745404722.914,2.191,1.529,-1.8055,-1.1796,-2.9752,-0.7739,55.7990,91.7928,0
1745404722.994,2.184,1.526,-1.8029,-1.1794,-2.9759,-0.7704,54.9856,91.7867,0
1745404723.073,2.177,1.522,-1.8000,-1.1793,-2.9769,-0.7447,54.1167,91.7880,0
1745404723.153,2.167,1.519,-1.7970,-1.1792,-2.9779,-0.6935,53.2975,91.7643,0
1745404723.232,2.167,1.516,-1.7951,-1.1792,-2.9786,-0.6109,52.6989,91.7140,0
1745404723.312,2.160,1.516,-1.7930,-1.1792,-2.9795,-0.5828,52.1615,91.6889,0
1745404723.392,2.155,1.514,-1.7912,-1.1792,-2.9802,-0.5278,51.6578,91.6667,0
1745404723.471,2.155,1.510,-1.7893,-1.1792,-2.9814,-0.3926,51.0903,91.5829,0
1745404723.551,2.168,0.991,-1.7875,-1.1791,-2.9826,-0.3731,50.8848,91.5618,0
1745404723.631,2.168,0.991,-1.7866,-1.1790,-2.9833,-0.3617,50.9211,91.5432,0
1745404723.710,2.168,1.508,-1.7866,-1.1790,-2.9833,-0.3678,50.9173,91.5489,0
1745404723.790,2.168,1.509,-1.7867,-1.1790,-2.9833,-0.3745,50.9137,91.5447,0
1745404723.870,2.169,1.512,-1.7867,-1.1790,-2.9833,-0.3897,50.9094,91.5554,0
1745404723.949,2.169,1.510,-1.7866,-1.1790,-2.9833,-0.3896,50.9065,91.5485,0
1745404724.029,2.169,1.510,-1.7867,-1.1791,-2.9834,-0.3846,50.9033,91.5417,0
1745404724.109,2.169,1.511,-1.7867,-1.1791,-2.9834,-0.3945,50.9195,91.5473,0
1745404724.188,2.169,1.510,-1.7866,-1.1790,-2.9834,-0.4365,50.9891,91.5639,0
1745404724.268,2.168,1.510,-1.7867,-1.1790,-2.9835,-0.4384,50.9977,91.5720,0
1745404724.348,2.167,1.511,-1.7866,-1.1791,-2.9835,-0.4509,51.0038,91.5734,0
1745404724.427,2.167,1.511,-1.7866,-1.1791,-2.9835,-0.4585,51.0082,91.5753,0
1745404724.507,2.167,1.509,-1.7867,-1.1791,-2.9835,-0.4567,50.9999,91.5746,0
1745404724.587,2.168,1.510,-1.7866,-1.1791,-2.9836,-0.4528,51.0029,91.5627,0
1745404724.786,2.169,1.508,-1.7866,-1.1792,-2.9835,-0.4546,51.0120,91.5601,0
1745404724.865,2.167,1.510,-1.7866,-1.1790,-2.9835,-0.4688,51.0313,91.5713,0
1745404724.945,2.169,1.510,-1.7867,-1.1790,-2.9836,-0.4696,51.0568,91.5684,0
1745404725.025,2.169,1.510,-1.7867,-1.1791,-2.9836,-0.4717,51.0648,91.5652,0
1745404725.104,2.169,1.507,-1.7866,-1.1791,-2.9835,-0.4693,51.0611,91.5639,0
1745404725.184,2.169,1.507,-1.7867,-1.1791,-2.9836,-0.4761,51.0671,91.5645,0
1745404725.383,2.169,1.508,-1.7866,-1.1791,-2.9836,-0.4771,51.0718,91.5825,0
1745404725.463,2.168,1.508,-1.7866,-1.1791,-2.9836,-0.4735,51.0710,91.5839,0
1745404725.542,2.168,1.508,-1.7867,-1.1791,-2.9836,-0.4625,51.0692,91.5807,0
1745404725.622,2.169,1.508,-1.7866,-1.1792,-2.9837,-0.4621,51.0675,91.5720,0
1745404725.702,2.169,1.508,-1.7867,-1.1791,-2.9837,-0.4555,51.0731,91.5657,0
1745404725.781,2.170,1.507,-1.7867,-1.1791,-2.9836,-0.4506,51.0702,91.5610,0
1745404725.861,2.169,1.509,-1.7867,-1.1791,-2.9836,-0.4646,51.0669,91.5691,0
1745404725.940,2.169,1.508,-1.7866,-1.1791,-2.9836,-0.4547,51.0667,91.5560,0
1745404726.020,2.169,1.508,-1.7867,-1.1791,-2.9837,-0.4444,51.0587,91.5534,0
1745404726.100,2.169,1.508,-1.7867,-1.1791,-2.9836,-0.4452,51.0611,91.5509,0
1745404726.179,2.169,1.508,-1.7866,-1.1791,-2.9837,-0.4415,51.0579,91.5471,0
1745404726.259,2.168,1.509,-1.7867,-1.1791,-2.9836,-0.4525,51.0650,91.5562,0
1745404726.339,2.168,1.509,-1.7867,-1.1791,-2.9837,-0.4565,51.0653,91.5544,0
1745404726.418,2.170,1.509,-1.7867,-1.1791,-2.9837,-0.4652,51.0666,91.5665,0
1745404726.498,2.169,1.508,-1.7867,-1.1791,-2.9837,-0.4579,51.0627,91.5577,0
1745404726.578,2.170,1.507,-1.7867,-1.1792,-2.9837,-0.4588,51.0651,91.5593,0
1745404726.657,2.169,1.510,-1.7867,-1.1791,-2.9837,-0.4823,51.0699,91.5874,0
1745404726.737,2.169,1.507,-1.7867,-1.1792,-2.9837,-0.4996,51.0683,91.5974,0
1745404726.817,2.168,1.507,-1.7868,-1.1792,-2.9838,-0.4741,51.0607,91.5744,0
1745404726.896,2.169,1.508,-1.7867,-1.1792,-2.9838,-0.4666,51.0619,91.5643,0
1745404726.976,2.169,1.509,-1.7867,-1.1792,-2.9838,-0.4604,51.0693,91.5609,0
1745404727.056,2.168,1.509,-1.7867,-1.1792,-2.9838,-0.4638,51.0664,91.5620,0
1745404727.135,2.168,1.509,-1.7866,-1.1792,-2.9838,-0.4518,51.0287,91.5424,0
1745404727.215,2.170,1.509,-1.7857,-1.1792,-2.9842,-0.4431,50.8137,91.5431,0
1745404727.294,2.169,1.509,-1.7833,-1.1791,-2.9854,-0.3833,50.1308,91.5091,0
1745404727.374,2.168,1.511,-1.7789,-1.1791,-2.9876,-0.2971,48.9355,91.4425,0
1745404727.454,2.163,1.513,-1.7716,-1.1791,-2.9916,-0.2193,47.0634,91.4388,0
1745404727.533,2.163,1.512,-1.7623,-1.1790,-2.9968,-0.1021,44.4980,91.3938,0
1745404727.613,2.156,1.512,-1.7518,-1.1789,-3.0028,-0.0896,41.5738,91.4504,0
1745404727.693,2.148,1.511,-1.7414,-1.1780,-3.0094,-0.1574,38.6031,91.5311,0
1745404727.772,2.145,1.520,-1.7344,-1.1784,-3.0150,-0.0307,36.4430,91.4822,0
1745404727.852,2.156,1.537,-1.7318,-1.1780,-3.0171,-0.0062,35.7158,91.4508,0
1745404727.932,2.156,1.551,-1.7326,-1.1778,-3.0158,0.0729,35.7940,91.5113,0
1745404728.011,2.161,1.551,-1.7331,-1.1777,-3.0154,0.0829,35.7523,91.5051,0
1745404728.091,2.163,1.551,-1.7331,-1.1779,-3.0155,0.1015,35.7596,91.4882,0
1745404728.171,2.161,1.549,-1.7331,-1.1779,-3.0155,0.1422,35.7708,91.4556,0
1745404728.250,2.163,1.550,-1.7331,-1.1778,-3.0154,0.1406,35.7707,91.4576,0
1745404728.330,2.163,1.550,-1.7331,-1.1778,-3.0154,0.1407,35.7746,91.4522,0
1745404728.409,2.161,1.550,-1.7330,-1.1779,-3.0155,0.1621,35.7773,91.4443,0
1745404728.489,2.161,1.550,-1.7331,-1.1779,-3.0155,0.1838,35.7717,91.4250,0
1745404728.569,2.161,1.550,-1.7331,-1.1778,-3.0155,0.1766,35.7654,91.4240,0
1745404728.648,2.162,1.551,-1.7331,-1.1779,-3.0154,0.1798,35.7740,91.4312,0
1745404728.728,2.162,1.550,-1.7331,-1.1779,-3.0154,0.1970,35.7638,91.4337,0
1745404728.808,2.163,1.550,-1.7332,-1.1779,-3.0154,0.1979,35.7809,91.4500,0
1745404728.887,2.161,1.551,-1.7331,-1.1779,-3.0154,0.1974,35.7818,91.4491,0
1745404728.967,2.162,1.551,-1.7331,-1.1779,-3.0154,0.1990,35.7847,91.4590,0
1745404729.047,2.161,1.550,-1.7331,-1.1779,-3.0153,0.2086,35.7884,91.4523,0
1745404729.126,2.161,1.550,-1.7331,-1.1778,-3.0153,0.2301,35.7823,91.4419,0
1745404729.206,2.163,1.549,-1.7331,-1.1778,-3.0154,0.2216,35.7741,91.4435,0
1745404729.286,2.162,1.550,-1.7331,-1.1779,-3.0153,0.2243,35.7688,91.4487,0
1745404729.365,2.163,1.550,-1.7332,-1.1779,-3.0154,0.2237,35.7804,91.4412,0
1745404729.445,2.162,1.549,-1.7331,-1.1778,-3.0154,0.2125,35.7877,91.4497,0
1745404729.525,2.162,1.549,-1.7331,-1.1779,-3.0154,0.2036,35.7796,91.4566,0
1745404729.604,2.162,1.550,-1.7332,-1.1778,-3.0153,0.2163,35.7701,91.4475,0
1745404729.684,2.162,1.551,-1.7331,-1.1778,-3.0154,0.2020,35.7631,91.4544,0
1745404729.763,2.162,1.550,-1.7331,-1.1779,-3.0153,0.2052,35.7677,91.4411,0
1745404729.843,2.161,1.550,-1.7332,-1.1778,-3.0153,0.2168,35.7751,91.4415,0
1745404729.923,2.161,1.550,-1.7331,-1.1778,-3.0153,0.2084,35.7715,91.4469,0
1745404730.002,2.161,1.550,-1.7330,-1.1778,-3.0153,0.2069,35.7702,91.4501,0
1745404730.082,2.161,1.549,-1.7330,-1.1778,-3.0153,0.2045,35.7699,91.4497,0
1745404730.162,2.162,1.550,-1.7331,-1.1778,-3.0153,0.2091,35.7795,91.4419,0
1745404730.241,2.162,1.550,-1.7330,-1.1778,-3.0154,0.2178,35.7651,91.4497,0
1745404730.321,2.162,1.550,-1.7320,-1.1778,-3.0168,0.1971,35.8081,91.4960,0
1745404730.401,2.161,1.551,-1.7299,-1.1777,-3.0198,0.2070,35.7587,91.4914,0
1745404730.480,2.161,1.553,-1.7269,-1.1775,-3.0240,0.2294,35.7719,91.4566,0
1745404730.560,2.161,1.555,-1.7239,-1.1773,-3.0286,0.3376,35.8196,91.3967,0
1745404730.639,2.161,1.561,-1.7205,-1.1773,-3.0332,0.2972,35.8228,91.4306,0
1745404730.719,2.161,1.561,-1.7170,-1.1770,-3.0379,0.2893,35.8855,91.3663,0
1745404730.799,2.160,1.569,-1.7135,-1.1769,-3.0427,0.2949,35.9318,91.3307,0
1745404730.878,2.159,1.575,-1.7105,-1.1769,-3.0468,0.3137,35.9328,91.3738,0
1745404730.958,2.158,1.585,-1.7082,-1.1767,-3.0502,0.3582,35.9461,91.3798,0
1745404731.038,2.158,1.592,-1.7060,-1.1766,-3.0531,0.3495,35.9871,91.3905,0
1745404731.118,2.159,1.592,-1.7035,-1.1764,-3.0564,0.3223,35.9914,91.4274,0
1745404731.197,2.156,1.596,-1.7005,-1.1764,-3.0602,0.2581,36.0023,91.4939,0
1745404731.277,2.157,1.599,-1.6974,-1.1763,-3.0644,0.2269,36.0600,91.5020,0
1745404731.356,2.155,1.607,-1.6940,-1.1762,-3.0688,0.1944,36.0770,91.5583,0
1745404731.436,2.155,1.612,-1.6908,-1.1759,-3.0729,0.1005,36.1418,91.6067,0
1745404731.516,2.155,1.612,-1.6881,-1.1758,-3.0763,0.0489,36.1286,91.6816,0
1745404731.715,2.154,1.627,-1.6818,-1.1756,-3.0848,0.0091,36.1669,91.7475,0
1745404731.794,2.154,1.631,-1.6784,-1.1753,-3.0892,0.0072,36.1630,91.7418,0
1745404731.874,2.153,1.634,-1.6754,-1.1753,-3.0935,0.0410,36.2111,91.6925,0
1745404731.954,2.154,1.645,-1.6751,-1.1750,-3.0961,0.3764,36.4752,91.6013,0
1745404732.033,2.154,1.650,-1.6750,-1.1750,-3.0960,0.2976,36.4684,91.7022,0
1745404734.284,2.149,1.652,-1.6746,-1.1749,-3.0960,0.4107,36.4551,91.6722,0
1745404734.363,2.150,1.650,-1.6746,-1.1749,-3.0960,0.4154,36.4505,91.6670,0
1745404734.443,2.149,1.651,-1.6746,-1.1749,-3.0960,0.4176,36.4505,91.6619,0
1745404734.522,2.149,1.651,-1.6747,-1.1748,-3.0959,0.4135,36.4504,91.6711,0
1745404734.602,2.149,1.651,-1.6747,-1.1748,-3.0960,0.4243,36.4596,91.6559,0
1745404734.682,2.148,1.650,-1.6746,-1.1749,-3.0960,0.4142,36.4547,91.6709,0
1745404734.761,2.148,1.651,-1.6747,-1.1748,-3.0959,0.3935,36.4506,91.6825,0
1745404734.841,2.148,1.651,-1.6747,-1.1748,-3.0959,0.3891,36.4504,91.6907,0
1745404734.935,2.148,1.651,-1.6746,-1.1748,-3.0960,0.4080,36.4512,91.6821,0
1745404735.159,2.149,1.650,-1.6746,-1.1748,-3.0959,0.4097,36.4536,91.6844,0
1745404735.239,2.148,1.652,-1.6746,-1.1748,-3.0959,0.4027,36.4528,91.6950,0
1745404735.319,2.148,1.652,-1.6747,-1.1747,-3.0958,0.3988,36.4461,91.7061,0
1745404735.398,2.148,1.650,-1.6746,-1.1747,-3.0959,0.4044,36.4493,91.6922,0
1745404735.478,2.148,1.652,-1.6746,-1.1749,-3.0959,0.4035,36.4524,91.6899,0
1745404735.558,2.149,1.651,-1.6746,-1.1749,-3.0959,0.4060,36.4479,91.6858,0
1745404735.637,2.149,1.650,-1.6745,-1.1749,-3.0959,0.4077,36.4510,91.6734,0
1745404735.717,2.149,1.650,-1.6745,-1.1749,-3.0958,0.4146,36.4603,91.6551,0
1745404735.797,2.147,1.651,-1.6746,-1.1747,-3.0958,0.4201,36.4555,91.6502,0
1745404735.876,2.148,1.650,-1.6745,-1.1748,-3.0959,0.4081,36.4476,91.6722,0
1745404735.956,2.149,1.652,-1.6746,-1.1747,-3.0957,0.3963,36.4517,91.6975,0
1745404736.036,2.148,1.651,-1.6745,-1.1748,-3.0958,0.4189,36.4544,91.6620,0
1745404736.115,2.148,1.651,-1.6746,-1.1748,-3.0958,0.4171,36.4480,91.6648,0
1745404736.195,2.148,1.650,-1.6745,-1.1747,-3.0958,0.4035,36.4572,91.6703,0
1745404736.274,2.150,1.651,-1.6745,-1.1748,-3.0958,0.3972,36.4586,91.6840,0
1745404736.354,2.150,1.652,-1.6745,-1.1747,-3.0959,0.4026,36.4551,91.6797,0
1745404736.434,2.148,1.651,-1.6746,-1.1747,-3.0957,0.4027,36.4548,91.6809,0
1745404736.514,2.148,1.651,-1.6746,-1.1747,-3.0958,0.4044,36.4490,91.6812,0
1745404736.593,2.150,1.651,-1.6745,-1.1748,-3.0958,0.4071,36.4484,91.6845,0
1745404736.673,2.148,1.650,-1.6745,-1.1748,-3.0957,0.4104,36.4427,91.6824,0
1745404736.752,2.149,1.652,-1.6745,-1.1748,-3.0958,0.4056,36.4452,91.6844,0
1745404736.832,2.149,1.651,-1.6745,-1.1747,-3.0957,0.4099,36.4409,91.6825,0
1745404736.912,2.149,1.651,-1.6745,-1.1747,-3.0957,0.4076,36.4470,91.6770,0
1745404736.991,2.149,1.650,-1.6745,-1.1748,-3.0957,0.4136,36.4496,91.6640,0
1745404737.075,2.149,1.652,-1.6744,-1.1748,-3.0957,0.4117,36.4422,91.6693,0
1745404738.724,2.150,1.652,-1.6743,-1.1748,-3.0956,0.4165,36.4447,91.6391,0
1745404738.805,2.148,1.652,-1.6743,-1.1747,-3.0955,0.4214,36.4469,91.6394,0
1745404738.883,2.150,1.650,-1.6744,-1.1747,-3.0956,0.4100,36.4501,91.6482,0
1745404738.963,2.148,1.651,-1.6743,-1.1747,-3.0955,0.4139,36.4440,91.6581,0
1745404739.042,2.149,1.652,-1.6744,-1.1747,-3.0955,0.4279,36.4507,91.6440,0
1745404739.122,2.149,1.650,-1.6744,-1.1747,-3.0955,0.4174,36.4390,91.6586,0
1745404739.202,2.148,1.650,-1.6743,-1.1747,-3.0955,0.4120,36.4407,91.6646,0
1745404739.281,2.148,1.651,-1.6743,-1.1747,-3.0955,0.4167,36.4461,91.6528,0
1745404739.361,2.149,1.652,-1.6743,-1.1747,-3.0956,0.4149,36.4407,91.6510,1
1745404739.440,2.150,1.650,-1.6743,-1.1747,-3.0955,0.4156,36.4462,91.6584,1
1745404739.520,2.150,1.651,-1.6744,-1.1746,-3.0955,0.4006,36.4419,91.6743,1
1745404739.600,2.150,1.651,-1.6744,-1.1746,-3.0954,0.3958,36.4365,91.6841,1
1745404739.679,2.148,1.650,-1.6744,-1.1747,-3.0955,0.4123,36.4397,91.6811,1
1745404739.759,2.150,1.650,-1.6744,-1.1747,-3.0955,0.4139,36.4396,91.6736,1
1745404739.839,2.150,1.650,-1.6743,-1.1747,-3.0955,0.4121,36.4444,91.6666,1
1745404739.918,2.150,1.651,-1.6742,-1.1747,-3.0954,0.4139,36.4461,91.6686,1
1745404739.998,2.148,1.651,-1.6743,-1.1747,-3.0955,0.4201,36.4444,91.6582,1
1745404740.078,2.148,1.651,-1.6743,-1.1747,-3.0955,0.4260,36.4490,91.6477,1
1745404740.159,2.148,1.651,-1.6743,-1.1747,-3.0954,0.4272,36.4540,91.6353,1
1745404740.237,2.149,1.652,-1.6742,-1.1747,-3.0955,0.4232,36.4520,91.6438,1
1745404740.317,2.149,1.652,-1.6743,-1.1746,-3.0954,0.4170,36.4508,91.6469,1
1745404740.396,2.149,1.651,-1.6743,-1.1747,-3.0954,0.4183,36.4431,91.6461,1
1745404740.476,2.150,1.652,-1.6742,-1.1748,-3.0954,0.4239,36.4398,91.6461,1
1745404740.555,2.149,1.650,-1.6743,-1.1747,-3.0954,0.4285,36.4373,91.6481,1
1745404740.635,2.150,1.650,-1.6743,-1.1746,-3.0954,0.4127,36.4341,91.6676,1
1745404740.717,2.150,1.650,-1.6742,-1.1747,-3.0953,0.3990,36.4351,91.6708,1
1745404740.794,2.148,1.650,-1.6743,-1.1746,-3.0954,0.4095,36.4314,91.6723,1
1745404740.874,2.150,1.652,-1.6743,-1.1747,-3.0954,0.4137,36.4325,91.6742,1
1745404740.954,2.150,1.651,-1.6743,-1.1746,-3.0953,0.4011,36.4473,91.6757,1
1745404741.033,2.149,1.651,-1.6743,-1.1747,-3.0954,0.4110,36.4445,91.6600,1
1745404741.115,2.149,1.651,-1.6742,-1.1747,-3.0953,0.4081,36.4435,91.6765,1
1745404741.192,2.148,1.650,-1.6743,-1.1746,-3.0953,0.4139,36.4397,91.6776,1
1745404741.272,2.149,1.651,-1.6742,-1.1747,-3.0953,0.4135,36.4374,91.6657,1
1745404741.352,2.149,1.653,-1.6742,-1.1748,-3.0954,0.4272,36.4420,91.6559,1
1745404741.432,2.150,1.651,-1.6742,-1.1747,-3.0954,0.4340,36.4423,91.6583,1
1745404741.511,2.150,1.651,-1.6742,-1.1747,-3.0953,0.4292,36.4403,91.6555,1
1745404797.024,2.146,3.265,-0.5922,-1.1367,-4.3071,-0.4684,41.2087,91.9476,0
1745404797.104,2.148,3.267,-0.5921,-1.1365,-4.3069,-0.4723,41.2069,91.9536,0
1745404797.183,2.147,3.265,-0.5922,-1.1367,-4.3070,-0.4650,41.2059,91.9457,0
1745404797.263,2.147,3.265,-0.5922,-1.1365,-4.3069,-0.4739,41.2172,91.9536,0
1745404797.342,2.147,3.266,-0.5921,-1.1369,-4.3071,-0.4773,41.2157,91.9514,0
1745404797.422,2.146,3.262,-0.5922,-1.1366,-4.3071,-0.4734,41.2176,91.9435,0
1745404797.502,2.147,3.261,-0.5921,-1.1367,-4.3071,-0.4804,41.2168,91.9508,0
1745404797.581,2.147,3.262,-0.5920,-1.1368,-4.3072,-0.4748,41.2176,91.9466,0
1745404797.661,2.147,3.262,-0.5920,-1.1366,-4.3071,-0.4715,41.2213,91.9435,0
1745404797.741,2.147,3.263,-0.5921,-1.1366,-4.3071,-0.4831,41.2253,91.9535,0
1745404797.820,2.147,3.266,-0.5920,-1.1368,-4.3072,-0.4873,41.2227,91.9516,0
1745404797.900,2.146,3.261,-0.5921,-1.1366,-4.3071,-0.4969,41.2214,91.9662,0
1745404797.980,2.147,3.262,-0.5921,-1.1367,-4.3071,-0.4951,41.2183,91.9706,0
1745404798.059,2.147,3.262,-0.5922,-1.1366,-4.3072,-0.4986,41.2111,91.9738,0
1745404798.139,2.146,3.263,-0.5923,-1.1365,-4.3070,-0.5089,41.2206,91.9797,0
1745404798.218,2.146,3.266,-0.5921,-1.1367,-4.3069,-0.5056,41.2108,91.9782,0
1745404798.298,2.146,3.267,-0.5920,-1.1366,-4.3071,-0.4964,41.2131,91.9561,0
1745404798.378,2.148,3.262,-0.5921,-1.1367,-4.3072,-0.4914,41.2173,91.9492,0
1745404798.457,2.148,3.262,-0.5921,-1.1366,-4.3069,-0.4921,41.2152,91.9485,0
1745404798.537,2.146,3.262,-0.5920,-1.1366,-4.3070,-0.4962,41.2094,91.9498,0
1745404798.617,2.145,3.264,-0.5922,-1.1367,-4.3069,-0.4980,41.2093,91.9537,0
1745404798.696,2.147,3.266,-0.5921,-1.1366,-4.3070,-0.4976,41.2160,91.9457,0
1745404798.776,2.148,3.267,-0.5920,-1.1367,-4.3071,-0.5036,41.2116,91.9570,0
1745404798.856,2.148,3.267,-0.5922,-1.1366,-4.3070,-0.5010,41.2120,91.9546,0
1745404798.935,2.147,3.266,-0.5920,-1.1366,-4.3070,-0.5143,41.2077,91.9612,0
1745404799.015,2.147,3.266,-0.5920,-1.1366,-4.3071,-0.5139,41.2097,91.9634,0
1745404799.095,2.145,3.267,-0.5920,-1.1366,-4.3071,-0.5041,41.2116,91.9613,0
1745404799.174,2.147,3.268,-0.5920,-1.1366,-4.3071,-0.5001,41.2120,91.9646,0
1745404799.254,2.147,3.268,-0.5921,-1.1366,-4.3070,-0.4852,41.2134,91.9643,0
1745404799.334,2.146,3.268,-0.5921,-1.1366,-4.3070,-0.4801,41.2172,91.9584,0
1745404799.413,2.147,3.261,-0.5922,-1.1367,-4.3070,-0.4779,41.2221,91.9522,0
1745404799.493,2.147,3.267,-0.5921,-1.1366,-4.3071,-0.4735,41.2275,91.9402,0
1745404799.573,2.147,3.266,-0.5921,-1.1366,-4.3070,-0.4778,41.2316,91.9417,0
1745404799.652,2.147,3.266,-0.5922,-1.1366,-4.3070,-0.4833,41.2078,91.9399,0
1745404799.732,2.147,3.263,-0.5936,-1.1366,-4.3052,-0.5185,41.2036,91.9695,0
1745404799.812,2.147,3.268,-0.5969,-1.1368,-4.3015,-0.5509,41.2166,91.9382,0
1745404799.891,2.147,3.263,-0.6014,-1.1370,-4.2961,-0.5491,41.1140,91.8835,0
1745404799.971,2.146,3.258,-0.6069,-1.1372,-4.2898,-0.6135,41.0120,91.8807,0
1745404800.050,2.146,3.258,-0.6121,-1.1373,-4.2837,-0.6541,40.9392,91.8581,0
1745404800.130,2.148,3.243,-0.6172,-1.1378,-4.2783,-0.5751,40.8898,91.7304,0
1745404800.210,2.146,3.240,-0.6223,-1.1376,-4.2728,-0.4442,40.8186,91.5785,0
1745404800.289,2.146,3.231,-0.6272,-1.1379,-4.2675,-0.4187,40.7648,91.5417,0
1745404800.369,2.144,3.219,-0.6321,-1.1380,-4.2618,-0.3679,40.6196,91.5098,0
1745404800.449,2.144,3.219,-0.6382,-1.1385,-4.2550,-0.2916,40.4234,91.4862,0
1745404800.528,2.146,3.208,-0.6446,-1.1386,-4.2472,-0.3075,40.1609,91.5621,0
1745404800.608,2.148,3.202,-0.6513,-1.1391,-4.2386,-0.4235,39.9958,91.5814,0
1745404800.688,2.148,3.190,-0.6582,-1.1399,-4.2314,-0.2844,39.7508,91.5377,0
1745404800.767,2.149,3.171,-0.6639,-1.1396,-4.2239,-0.4242,39.6047,91.6073,0
1745404800.847,2.149,3.171,-0.6696,-1.1399,-4.2168,-0.5036,39.4802,91.6666,0
1745404800.927,2.147,3.163,-0.6752,-1.1403,-4.2102,-0.4502,39.3510,91.6150,0
1745404801.006,2.148,3.147,-0.6809,-1.1401,-4.2034,-0.4031,39.2698,91.5749,0
1745404801.086,2.147,3.136,-0.6870,-1.1402,-4.1964,-0.3310,39.2240,91.5201,0
1745404801.165,2.148,3.126,-0.6929,-1.1406,-4.1896,-0.2617,39.1404,91.4965,0
1745404801.245,2.148,3.126,-0.6988,-1.1408,-4.1827,-0.2352,39.0825,91.4667,0
1745404801.325,2.148,3.112,-0.7049,-1.1412,-4.1755,-0.2006,39.0239,91.4518,0
1745404801.404,2.149,3.107,-0.7108,-1.1412,-4.1680,-0.2437,38.9193,91.5330,0
1745404801.604,2.149,3.076,-0.7256,-1.1420,-4.1489,-0.4391,38.6014,91.7024,0
1745404801.683,2.150,3.070,-0.7311,-1.1428,-4.1420,-0.4870,38.5540,91.6877,0
1745404801.763,2.150,3.070,-0.7367,-1.1424,-4.1348,-0.5295,38.4312,91.6868,0
1745404801.842,2.150,3.054,-0.7423,-1.1427,-4.1276,-0.5445,38.3436,91.6752,0
1745404801.922,2.151,3.044,-0.7480,-1.1432,-4.1209,-0.5197,38.3288,91.6053,0
1745404802.002,2.153,3.038,-0.7542,-1.1434,-4.1138,-0.4104,38.2278,91.4394,0
1745404802.081,2.153,3.028,-0.7600,-1.1440,-4.1065,-0.4041,38.1578,91.3999,0
1745404802.161,2.153,3.028,-0.7647,-1.1437,-4.1009,-0.3200,38.0492,91.3920,0
1745404802.241,2.154,3.017,-0.7663,-1.1440,-4.0990,-0.3132,38.0397,91.3957,0
1745404802.320,2.155,3.004,-0.7661,-1.1439,-4.0993,-0.3074,38.0276,91.3845,0
1745404802.400,2.153,2.993,-0.7658,-1.1439,-4.0996,-0.3071,38.0179,91.3827,0
1745404802.480,2.155,2.993,-0.7659,-1.1439,-4.0997,-0.3032,38.0223,91.3929,0
1745404802.559,2.155,2.993,-0.7657,-1.1440,-4.0998,-0.3029,38.0166,91.3926,0
1745404802.639,2.154,2.993,-0.7660,-1.1439,-4.0998,-0.2974,38.0094,91.3939,0
1745404802.718,2.153,2.993,-0.7659,-1.1440,-4.0998,-0.3029,38.0134,91.3988,0
1745404802.798,2.152,2.995,-0.7658,-1.1441,-4.0999,-0.3085,38.0190,91.4010,0
1745404802.878,2.154,2.999,-0.7658,-1.1441,-4.0998,-0.3111,38.0186,91.4027,0
1745404802.957,2.154,2.999,-0.7660,-1.1440,-4.0997,-0.3027,38.0187,91.4048,0
1745404803.037,2.155,2.999,-0.7659,-1.1441,-4.0999,-0.2960,38.0216,91.3940,0
1745404803.117,2.153,2.992,-0.7659,-1.1442,-4.1000,-0.2968,38.0184,91.3899,0
1745404803.196,2.154,3.002,-0.7658,-1.1441,-4.1001,-0.2895,38.0230,91.3935,0
1745404803.276,2.154,2.993,-0.7659,-1.1440,-4.0999,-0.3002,38.0195,91.4084,0
1745404803.356,2.154,2.993,-0.7659,-1.1441,-4.1000,-0.2957,38.0192,91.3985,0
1745404803.435,2.155,2.994,-0.7659,-1.1441,-4.1001,-0.2945,38.0305,91.3989,0
1745404803.515,2.154,3.000,-0.7659,-1.1441,-4.1001,-0.2946,38.0296,91.4025,0
1745404803.595,2.155,2.999,-0.7659,-1.1441,-4.1000,-0.2981,38.0278,91.4078,0
1745404803.674,2.154,2.993,-0.7659,-1.1441,-4.1000,-0.2978,38.0262,91.4070,0
1745404803.754,2.154,2.993,-0.7659,-1.1441,-4.1001,-0.2945,38.0255,91.4064,0
1745404803.834,2.155,2.993,-0.7659,-1.1442,-4.1001,-0.2949,38.0287,91.4084,0
1745404803.913,2.154,3.000,-0.7659,-1.1442,-4.1002,-0.2979,38.0220,91.4098,0
1745404803.993,2.154,3.000,-0.7659,-1.1441,-4.1002,-0.3017,38.0205,91.4154,0
1745404804.074,2.154,3.002,-0.7659,-1.1441,-4.1002,-0.3103,38.0177,91.4244,0
1745404804.272,2.154,2.994,-0.7659,-1.1442,-4.1003,-0.3120,38.0252,91.4238,0
1745404804.351,2.154,2.994,-0.7661,-1.1441,-4.0999,-0.3242,38.0027,91.4439,0
1745404804.431,2.153,2.998,-0.7673,-1.1441,-4.0986,-0.3033,37.9448,91.4128,0
1745404804.510,2.154,2.992,-0.7706,-1.1443,-4.0944,-0.2398,37.9173,91.3995,0
1745404804.590,2.155,2.991,-0.7754,-1.1446,-4.0884,-0.2321,37.7654,91.4264,0
1745404804.670,2.155,2.990,-0.7808,-1.1450,-4.0813,-0.3575,37.5954,91.5012,0
1745404804.869,2.158,2.971,-0.7914,-1.1452,-4.0673,-0.2257,37.2232,91.4511,0
1745404804.949,2.158,2.971,-0.7944,-1.1452,-4.0634,-0.2878,37.2356,91.4808,0
1745404805.028,2.160,2.964,-0.7976,-1.1456,-4.0590,-0.3686,37.1179,91.5242,0
1745404805.108,2.160,2.955,-0.8013,-1.1456,-4.0538,-0.4209,37.0211,91.5984,0
1745404805.188,2.160,2.950,-0.8052,-1.1458,-4.0489,-0.4182,36.9470,91.5775,0
1745404807.438,2.162,2.881,-0.8377,-1.1468,-4.0052,-0.2854,36.4361,91.4961,0
1745404807.517,2.163,2.881,-0.8377,-1.1469,-4.0051,-0.3214,36.4470,91.5076,0
1745404807.597,2.162,2.889,-0.8379,-1.1471,-4.0051,-0.3205,36.4647,91.5251,0
1745404807.677,2.162,2.889,-0.8376,-1.1466,-4.0050,-0.3093,36.4512,91.5134,0
1745404807.756,2.162,2.889,-0.8376,-1.1467,-4.0049,-0.2914,36.4505,91.5053,0
1745404807.836,2.161,2.889,-0.8377,-1.1467,-4.0048,-0.2901,36.4560,91.5042,0
1745404807.915,2.161,2.881,-0.8377,-1.1467,-4.0050,-0.2688,36.4500,91.4840,0
1745404807.995,2.162,2.888,-0.8377,-1.1467,-4.0049,-0.2561,36.4493,91.4787,0
1745404808.074,2.163,2.890,-0.8377,-1.1468,-4.0050,-0.2690,36.4532,91.4848,0
1745404808.154,2.163,2.890,-0.8377,-1.1467,-4.0049,-0.2526,36.4452,91.4793,0
1745404808.234,2.163,2.888,-0.8377,-1.1467,-4.0048,-0.2730,36.4420,91.4864,0
1745404808.314,2.163,2.888,-0.8377,-1.1468,-4.0050,-0.2531,36.4411,91.4750,0
1745404808.393,2.161,2.882,-0.8377,-1.1468,-4.0051,-0.2337,36.4487,91.4607,0
1745404808.473,2.162,2.882,-0.8378,-1.1467,-4.0050,-0.2326,36.4413,91.4576,0
1745404808.553,2.162,2.882,-0.8377,-1.1469,-4.0051,-0.2590,36.4376,91.4760,0
1745404808.632,2.161,2.888,-0.8377,-1.1469,-4.0050,-0.3081,36.4345,91.5017,0
1745404808.712,2.163,2.881,-0.8377,-1.1468,-4.0050,-0.3010,36.4427,91.4959,0
1745404808.791,2.162,2.881,-0.8377,-1.1466,-4.0048,-0.3046,36.4411,91.4974,0
1745404808.871,2.162,2.888,-0.8377,-1.1466,-4.0048,-0.3296,36.4406,91.5191,0
1745404808.951,2.162,2.888,-0.8369,-1.1466,-4.0058,-0.2916,36.4435,91.5187,0
1745404809.030,2.163,2.887,-0.8339,-1.1466,-4.0094,-0.3157,36.5378,91.5127,0
1745404809.110,2.161,2.883,-0.8298,-1.1463,-4.0153,-0.3265,36.6995,91.5289,0
1745404809.190,2.156,2.886,-0.8239,-1.1463,-4.0230,-0.3989,36.8543,91.5637,0
1745404809.269,2.126,2.895,-0.8167,-1.1455,-4.0316,-0.4603,36.9213,91.6160,0
1745404809.349,2.126,2.895,-0.8096,-1.1458,-4.0406,-0.5068,37.0930,91.5946,0
1745404809.429,2.117,2.909,-0.8030,-1.1452,-4.0495,-0.5136,37.2392,91.6383,0
1745404809.508,2.150,2.922,-0.7968,-1.1451,-4.0579,-0.4474,37.3676,91.6104,0
1745404809.588,2.162,2.942,-0.7915,-1.1447,-4.0658,-0.2700,37.4964,91.5332,0
1745404809.667,2.160,2.951,-0.7856,-1.1448,-4.0733,-0.3461,37.5754,91.5086,0
1745404809.747,2.160,2.951,-0.7797,-1.1442,-4.0807,-0.3353,37.7507,91.5004,0
1745404809.827,2.160,2.964,-0.7741,-1.1444,-4.0885,-0.2382,37.9182,91.4585,0
1745404809.906,2.158,2.973,-0.7679,-1.1442,-4.0963,-0.2905,37.9834,91.4310,0
1745404809.986,2.156,2.987,-0.7614,-1.1445,-4.1043,-0.3981,38.0790,91.4632,0
1745404810.066,2.156,2.992,-0.7546,-1.1445,-4.1127,-0.4321,38.1676,91.4696,0
1745404810.145,2.156,2.992,-0.7483,-1.1435,-4.1202,-0.5752,38.1962,91.6821,0
1745404810.225,2.154,3.012,-0.7417,-1.1434,-4.1283,-0.5909,38.2617,91.7295,0
1745404810.305,2.154,3.027,-0.7357,-1.1434,-4.1364,-0.5466,38.3640,91.7210,0
1745404810.384,2.154,3.031,-0.7292,-1.1424,-4.1443,-0.5493,38.5089,91.7782,0
1745404810.464,2.152,3.050,-0.7233,-1.1425,-4.1527,-0.4308,38.6022,91.7452,0
1745404810.543,2.152,3.050,-0.7172,-1.1425,-4.1606,-0.3322,38.6528,91.6915,0
1745404810.623,2.152,3.063,-0.7112,-1.1420,-4.1685,-0.2574,38.7860,91.6475,0
1745404810.703,2.152,3.075,-0.7048,-1.1418,-4.1765,-0.2557,38.8467,91.5383,0
1745404810.782,2.150,3.081,-0.6984,-1.1406,-4.1839,-0.2993,38.9374,91.6091,0
1745404810.862,2.148,3.100,-0.6916,-1.1405,-4.1919,-0.3642,39.0565,91.6559,0
1745404810.942,2.148,3.100,-0.6850,-1.1412,-4.2003,-0.3970,39.1611,91.6446,0
1745404811.021,2.148,3.107,-0.6780,-1.1417,-4.2088,-0.4549,39.2598,91.6677,0
1745404811.101,2.148,3.121,-0.6714,-1.1409,-4.2166,-0.5070,39.3825,91.7372,0
1745404811.181,2.149,3.133,-0.6656,-1.1399,-4.2235,-0.4830,39.4987,91.7039,0
1745404811.260,2.148,3.147,-0.6628,-1.1399,-4.2272,-0.4214,39.5633,91.6262,0
1745404811.340,2.148,3.147,-0.6627,-1.1402,-4.2275,-0.4230,39.5496,91.6444,0
1745404811.420,2.148,3.157,-0.6631,-1.1401,-4.2270,-0.4382,39.5363,91.6504,0
1745404811.501,2.148,3.157,-0.6631,-1.1402,-4.2269,-0.4345,39.5343,91.6390,0
1745404811.579,2.147,3.157,-0.6632,-1.1402,-4.2269,-0.4480,39.5322,91.6403,0
1745404811.659,2.148,3.162,-0.6648,-1.1403,-4.2250,-0.4841,39.5710,91.6977,0
1745404811.738,2.148,3.162,-0.6700,-1.1402,-4.2185,-0.5688,39.4260,91.7045,0
1745404811.818,2.147,3.157,-0.6791,-1.1405,-4.2073,-0.4784,39.1478,91.6133,0
1745404811.898,2.147,3.147,-0.6907,-1.1405,-4.1934,-0.3420,39.0029,91.5505,0
1745404811.977,2.149,3.136,-0.7017,-1.1414,-4.1806,-0.2303,38.9069,91.4287,0
1745404812.057,2.148,3.107,-0.7122,-1.1418,-4.1674,-0.2893,38.6499,91.5728,0
1745404812.136,2.148,3.107,-0.7211,-1.1423,-4.1560,-0.4152,38.4760,91.7231,0
1745404812.216,2.150,3.086,-0.7281,-1.1426,-4.1466,-0.4867,38.2740,91.7201,0
1745404812.296,2.151,3.068,-0.7344,-1.1432,-4.1386,-0.5968,38.2663,91.7407,0
1745404812.375,2.152,3.059,-0.7409,-1.1431,-4.1303,-0.5856,38.1210,91.7075,0
1745404812.455,2.155,3.041,-0.7478,-1.1430,-4.1217,-0.5761,38.0727,91.6355,0
1745404812.575,2.155,3.028,-0.7596,-1.1441,-4.1073,-0.4190,37.8737,91.4424,0
1745404812.654,2.156,3.019,-0.7676,-1.1443,-4.0972,-0.3582,37.6002,91.4301,0
1745404812.734,2.156,3.019,-0.7751,-1.1445,-4.0876,-0.2487,37.3671,91.4452,0
1745404812.813,2.156,3.000,-0.7805,-1.1453,-4.0800,-0.3716,37.1978,91.4828,0
1745404812.893,2.159,2.983,-0.7852,-1.1452,-4.0738,-0.3205,37.0948,91.5200,0
1745404812.973,2.160,2.969,-0.7887,-1.1449,-4.0698,-0.2340,36.9119,91.4901,0
1745404813.052,2.160,2.969,-0.7912,-1.1451,-4.0661,-0.2440,36.7985,91.4570,0
1745404813.132,2.160,2.960,-0.7948,-1.1453,-4.0610,-0.4119,36.8436,91.5221,0
1745404813.212,2.162,2.962,-0.7997,-1.1454,-4.0542,-0.4611,36.6978,91.5959,0
1745404813.291,2.161,2.950,-0.8050,-1.1461,-4.0472,-0.4694,36.5001,91.5794,0
1745404813.371,2.154,2.939,-0.8108,-1.1466,-4.0392,-0.4387,36.4088,91.5761,0
1745404813.451,2.154,2.939,-0.8168,-1.1466,-4.0318,-0.2976,36.3339,91.4933,0
1745404813.530,2.126,2.930,-0.8227,-1.1465,-4.0241,-0.2956,36.2502,91.5212,0
1745404813.610,2.119,2.925,-0.8285,-1.1467,-4.0162,-0.2734,36.1988,91.4705,0
1745404813.690,2.147,2.912,-0.8348,-1.1468,-4.0078,-0.2189,36.0772,91.4497,0
1745404813.769,2.163,2.899,-0.8409,-1.1472,-3.9989,-0.2818,35.9223,91.5717,0
1745404813.849,2.163,2.899,-0.8471,-1.1475,-3.9902,-0.3313,35.7763,91.6303,0
1745404813.928,2.167,2.882,-0.8532,-1.1477,-3.9813,-0.4141,35.6403,91.6682,0
1745404814.008,2.169,2.876,-0.8588,-1.1481,-3.9731,-0.4471,35.5158,91.6678,0
1745404814.088,2.175,2.863,-0.8648,-1.1482,-3.9648,-0.5257,35.4787,91.6358,0
1745404814.167,2.177,2.852,-0.8705,-1.1484,-3.9570,-0.5512,35.4203,91.6747,0
1745404814.247,2.177,2.852,-0.8769,-1.1486,-3.9493,-0.4734,35.8018,91.5281,0
1745404814.327,2.178,2.834,-0.8834,-1.1483,-3.9415,-0.4367,36.3907,91.4402,0
1745404814.406,2.180,2.820,-0.8904,-1.1490,-3.9347,-0.3472,37.2856,91.3256,0
1745404814.486,2.176,2.804,-0.8972,-1.1494,-3.9276,-0.3143,38.1293,91.3871,0
1745404814.566,2.168,2.791,-0.9041,-1.1502,-3.9203,-0.4340,38.9670,91.4598,0
1745404814.645,2.168,2.791,-0.9107,-1.1498,-3.9124,-0.3696,38.9584,91.4279,0
1745404814.725,2.166,2.780,-0.9172,-1.1499,-3.9048,-0.2523,38.8749,91.4033,0
1745404814.805,2.166,2.768,-0.9232,-1.1499,-3.8971,-0.3480,38.8877,91.3746,0
1745404814.884,2.166,2.757,-0.9296,-1.1503,-3.8891,-0.4566,38.8486,91.4673,0
1745404814.964,2.166,2.743,-0.9357,-1.1509,-3.8816,-0.4620,38.7389,91.3863,0
1745404815.044,2.166,2.743,-0.9422,-1.1510,-3.8744,-0.3185,38.7522,91.2650,0
1745404815.123,2.167,2.730,-0.9487,-1.1512,-3.8669,-0.2087,38.7782,91.2033,0
1745404815.203,2.167,2.715,-0.9549,-1.1514,-3.8597,-0.1281,38.7293,91.1137,0
1745404815.283,2.167,2.702,-0.9608,-1.1514,-3.8526,-0.1000,38.8013,91.0648,0
1745404815.362,2.167,2.695,-0.9672,-1.1517,-3.8449,-0.0754,38.7400,91.1314,0
1745404815.442,2.167,2.695,-0.9738,-1.1518,-3.8366,-0.1533,38.6574,91.2245,0
1745404815.521,2.167,2.680,-0.9801,-1.1520,-3.8284,-0.2739,38.6218,91.2880,0
1745404815.601,2.166,2.670,-0.9864,-1.1523,-3.8200,-0.3790,38.5123,91.3524,0
1745404815.681,2.166,2.657,-0.9928,-1.1523,-3.8123,-0.4006,38.4990,91.2939,0
1745404815.760,2.169,2.638,-0.9989,-1.1528,-3.8046,-0.5291,38.4570,91.3340,0
1745404815.840,2.169,2.638,-1.0046,-1.1527,-3.7971,-0.5571,38.5423,91.3286,0
1745404815.920,2.169,2.626,-1.0110,-1.1529,-3.7900,-0.4212,38.4903,91.1875,0
1745404815.999,2.170,2.617,-1.0173,-1.1529,-3.7824,-0.3224,38.4483,91.0390,0
1745404816.079,2.170,2.605,-1.0236,-1.1530,-3.7749,-0.2050,38.3464,91.0107,0
1745404816.158,2.170,2.593,-1.0302,-1.1538,-3.7672,-0.1702,38.2217,91.0154,0
1745404816.238,2.170,2.593,-1.0365,-1.1535,-3.7586,-0.2339,38.1654,91.0613,0
1745404816.318,2.170,2.582,-1.0433,-1.1540,-3.7504,-0.1549,38.0150,91.0820,0
1745404816.398,2.173,2.567,-1.0496,-1.1539,-3.7426,-0.0982,37.8556,91.0405,0
1745404816.477,2.174,2.559,-1.0553,-1.1541,-3.7347,-0.3412,37.8271,91.1338,0
1745404816.557,2.175,2.542,-1.0610,-1.1541,-3.7266,-0.4820,37.8108,91.2395,0
1745404816.637,2.175,2.542,-1.0673,-1.1543,-3.7188,-0.4881,37.6405,91.2167,0
1745404816.716,2.176,2.535,-1.0734,-1.1544,-3.7113,-0.3639,37.6334,91.0930,0
1745404816.796,2.177,2.518,-1.0796,-1.1544,-3.7034,-0.2987,37.5731,91.0748,0
1745404816.875,2.177,2.508,-1.0859,-1.1544,-3.6955,-0.2813,37.5297,91.0558,0
1745404816.957,2.178,2.501,-1.0920,-1.1547,-3.6875,-0.3246,37.5812,91.0908,0
1745404817.035,2.178,2.501,-1.0983,-1.1551,-3.6800,-0.2893,37.5240,91.0944,0
1745404817.115,2.178,2.487,-1.1039,-1.1545,-3.6713,-0.3679,37.4533,91.1681,0
1745404817.194,2.179,2.470,-1.1103,-1.1551,-3.6629,-0.4410,37.3734,91.2365,0
1745404817.274,2.180,2.462,-1.1160,-1.1555,-3.6552,-0.6919,37.4199,91.4333,0
1745404817.353,2.182,2.451,-1.1191,-1.1554,-3.6512,-0.5943,37.3356,91.3591,0
1745404817.433,2.182,2.451,-1.1188,-1.1555,-3.6510,-0.6787,37.2774,91.3824,0
1745404817.513,2.181,2.437,-1.1187,-1.1553,-3.6510,-0.6763,37.2976,91.3630,0
1745404817.592,2.182,2.435,-1.1185,-1.1551,-3.6509,-0.6738,37.2878,91.3398,0
1745404817.672,2.182,2.439,-1.1187,-1.1556,-3.6510,-0.7125,37.2842,91.3643,0
1745404817.752,2.182,2.438,-1.1187,-1.1555,-3.6508,-0.7388,37.2850,91.3742,0
1745404817.831,2.182,2.438,-1.1186,-1.1553,-3.6507,-0.7338,37.2875,91.3598,0
1745404817.911,2.182,2.440,-1.1184,-1.1551,-3.6506,-0.6969,37.2876,91.3267,0
1745404817.991,2.182,2.437,-1.1184,-1.1553,-3.6506,-0.7011,37.2856,91.3297,0
1745404818.070,2.182,2.436,-1.1184,-1.1551,-3.6505,-0.6890,37.2873,91.3212,0
1745404818.150,2.182,2.436,-1.1182,-1.1551,-3.6504,-0.7261,37.2849,91.3389,0
1745404818.229,2.182,2.436,-1.1184,-1.1553,-3.6506,-0.7149,37.2894,91.3287,0
1745404818.309,2.181,2.441,-1.1185,-1.1551,-3.6502,-0.7870,37.2864,91.3695,0
1745404818.389,2.183,2.434,-1.1182,-1.1550,-3.6498,-0.8350,37.2706,91.4081,0
1745404818.468,2.181,2.438,-1.1182,-1.1548,-3.6499,-0.8262,37.2754,91.4065,0
1745404818.548,2.181,2.438,-1.1182,-1.1550,-3.6499,-0.7915,37.2720,91.3873,0
1745404818.628,2.181,2.435,-1.1173,-1.1550,-3.6511,-0.7652,37.2978,91.3865,0
1745404818.707,2.181,2.435,-1.1152,-1.1551,-3.6540,-0.7929,37.3224,91.4083,0
1745404818.787,2.181,2.438,-1.1119,-1.1547,-3.6584,-0.7447,37.3708,91.4154,0
1745404818.867,2.181,2.439,-1.1080,-1.1547,-3.6639,-0.6649,37.4505,91.3746,0
1745404818.946,2.181,2.439,-1.1031,-1.1544,-3.6700,-0.5544,37.5267,91.2590,0
1745404819.026,2.180,2.450,-1.0987,-1.1542,-3.6759,-0.4736,37.5651,91.1517,0
1745404819.105,2.180,2.456,-1.0943,-1.1542,-3.6816,-0.4827,37.5658,91.1047,0
1745404819.185,2.180,2.470,-1.0902,-1.1541,-3.6865,-0.5433,37.5666,91.1621,0
1745404819.265,2.179,2.475,-1.0864,-1.1537,-3.6910,-0.4925,37.5788,91.1334,0
1745404819.344,2.179,2.475,-1.0828,-1.1536,-3.6955,-0.4851,37.5931,91.1322,0
1745404819.424,2.178,2.483,-1.0793,-1.1539,-3.7003,-0.4541,37.6573,91.1443,0
1745404819.504,2.179,2.491,-1.0753,-1.1536,-3.7050,-0.4814,37.6771,91.1434,0
1745404819.583,2.177,2.496,-1.0709,-1.1533,-3.7100,-0.4941,37.7400,91.1755,0
1745404819.663,2.177,2.509,-1.0661,-1.1536,-3.7162,-0.5459,37.7972,91.2272,0
1745404819.743,2.177,2.509,-1.0608,-1.1531,-3.7227,-0.5241,37.8521,91.2310,0
1745404819.822,2.177,2.518,-1.0551,-1.1535,-3.7304,-0.4885,37.8762,91.1967,0
1745404819.902,2.177,2.527,-1.0492,-1.1527,-3.7383,-0.3149,37.9503,91.1295,0
1745404819.982,2.176,2.533,-1.0431,-1.1531,-3.7462,-0.3176,37.9902,91.1010,0
1745404820.061,2.175,2.550,-1.0363,-1.1525,-3.7545,-0.3861,38.0637,91.1574,0
1745404820.141,2.175,2.550,-1.0297,-1.1526,-3.7626,-0.3080,38.0693,91.0716,0
1745404820.221,2.173,2.564,-1.0232,-1.1531,-3.7712,-0.3882,38.1901,91.1218,0
1745404820.300,2.173,2.577,-1.0159,-1.1521,-3.7791,-0.4640,38.1430,91.0784,0
1745404820.380,2.172,2.585,-1.0096,-1.1516,-3.7870,-0.5778,38.1818,91.2863,0
1745404820.459,2.172,2.604,-1.0025,-1.1508,-3.7948,-0.6311,38.1299,91.2860,0
1745404820.539,2.172,2.604,-0.9958,-1.1511,-3.8034,-0.5840,38.1780,91.3434,0
1745404820.619,2.172,2.611,-0.9892,-1.1509,-3.8121,-0.5733,38.2090,91.3263,0
1745404820.699,2.172,2.627,-0.9828,-1.1508,-3.8207,-0.4729,38.2539,91.3657,0
1745404820.778,2.170,2.640,-0.9763,-1.1511,-3.8298,-0.2964,38.2552,91.1965,0
1745404820.858,2.168,2.653,-0.9693,-1.1513,-3.8389,-0.2174,38.2974,91.1397,0
1745404820.938,2.168,2.653,-0.9623,-1.1507,-3.8476,-0.1787,38.2967,91.0626,0
1745404821.017,2.167,2.666,-0.9557,-1.1506,-3.8560,-0.2221,38.2730,91.1182,0
1745404821.097,2.167,2.682,-0.9482,-1.1502,-3.8646,-0.2973,38.3534,91.1986,0
1745404821.176,2.167,2.691,-0.9408,-1.1499,-3.8735,-0.3602,38.3777,91.2055,0
1745404821.256,2.166,2.710,-0.9337,-1.1500,-3.8825,-0.4030,38.4023,91.2782,0
1745404821.336,2.166,2.710,-0.9264,-1.1499,-3.8915,-0.3805,38.4533,91.2800,0
1745404821.415,2.165,2.721,-0.9198,-1.1486,-3.9001,-0.3006,38.5108,91.2904,0
1745404821.495,2.165,2.740,-0.9136,-1.1487,-3.9083,-0.2097,38.5497,91.2818,0
1745404821.575,2.166,2.753,-0.9069,-1.1487,-3.9168,-0.2179,38.5775,91.2492,0
1745404821.654,2.164,2.766,-0.9001,-1.1483,-3.9255,-0.1479,38.6415,91.2399,0
1745404821.734,2.164,2.766,-0.8929,-1.1492,-3.9343,-0.2233,38.6517,91.2977,0
1745404821.814,2.165,2.777,-0.8855,-1.1480,-3.9431,-0.3474,38.5893,91.2629,0
1745404821.893,2.164,2.787,-0.8779,-1.1484,-3.9518,-0.4968,38.5709,91.5267,0
1745404821.973,2.161,2.799,-0.8709,-1.1486,-3.9605,-0.5440,38.5196,91.5865,0
1745404822.052,2.152,2.819,-0.8639,-1.1481,-3.9692,-0.5465,38.4959,91.6757,0
1745404822.132,2.152,2.819,-0.8567,-1.1478,-3.9787,-0.4506,38.5404,91.6500,0
1745404822.212,2.128,2.834,-0.8498,-1.1475,-3.9876,-0.3767,38.5808,91.6436,0
1745404822.291,2.119,2.850,-0.8432,-1.1468,-3.9965,-0.2442,38.5798,91.5206,0
1745404822.371,2.146,2.862,-0.8365,-1.1460,-4.0047,-0.1932,38.6362,91.4868,0
1745404822.451,2.159,2.870,-0.8295,-1.1470,-4.0136,-0.1360,38.6053,91.3521,0
1745404822.530,2.159,2.870,-0.8217,-1.1469,-4.0231,-0.2098,38.6649,91.4347,0
1745404822.610,2.161,2.870,-0.8143,-1.1460,-4.0325,-0.2069,38.6936,91.4362,0
1745404822.690,2.162,2.904,-0.8066,-1.1460,-4.0410,-0.3183,38.7322,91.4636,0
1745404822.769,2.161,2.918,-0.7989,-1.1458,-4.0502,-0.4030,38.7733,91.5743,0
1745404822.849,2.162,2.928,-0.7919,-1.1452,-4.0593,-0.3361,38.8616,91.4830,0
1745404822.928,2.162,2.928,-0.7855,-1.1449,-4.0680,-0.1522,38.9068,91.4205,0
1745404823.008,2.161,2.948,-0.7781,-1.1441,-4.0765,-0.2475,38.9687,91.4071,0
1745404823.090,2.160,2.959,-0.7708,-1.1451,-4.0858,-0.2571,39.0477,91.4176,0
1745404823.168,2.161,2.969,-0.7637,-1.1443,-4.0945,-0.2092,39.0437,91.3538,0
1745404823.247,2.159,2.988,-0.7564,-1.1444,-4.1032,-0.2465,39.0446,91.3501,0
1745404823.327,2.159,2.988,-0.7487,-1.1445,-4.1118,-0.4602,38.9959,91.5263,0
1745404823.406,2.159,2.995,-0.7409,-1.1437,-4.1207,-0.5395,38.9905,91.5982,0
1745404823.486,2.158,3.011,-0.7335,-1.1429,-4.1298,-0.5352,38.9637,91.6535,0
1745404823.566,2.160,3.031,-0.7261,-1.1429,-4.1396,-0.4826,38.9861,91.6602,0
1745404823.645,2.159,3.048,-0.7187,-1.1427,-4.1490,-0.3693,38.9561,91.6424,0
1745404823.725,2.159,3.048,-0.7109,-1.1422,-4.1588,-0.3107,39.0265,91.6336,0
1745404823.805,2.158,3.056,-0.7034,-1.1414,-4.1681,-0.1974,39.0268,91.5332,0
1745404823.884,2.158,3.078,-0.6956,-1.1419,-4.1779,-0.2031,39.0537,91.4827,0
1745404823.964,2.157,3.092,-0.6880,-1.1419,-4.1869,-0.2227,39.0843,91.5035,0
1745404824.044,2.157,3.107,-0.6798,-1.1416,-4.1965,-0.3094,39.1158,91.5573,0
1745404824.123,2.157,3.107,-0.6719,-1.1415,-4.2058,-0.4365,39.1549,91.6588,0
1745404824.203,2.157,3.118,-0.6636,-1.1405,-4.2153,-0.4700,39.2047,91.6891,0
1745404824.283,2.157,3.133,-0.6563,-1.1404,-4.2248,-0.3684,39.2724,91.5978,0
1745404824.362,2.156,3.154,-0.6491,-1.1402,-4.2339,-0.2343,39.3326,91.5716,0
1745404824.444,2.156,3.154,-0.6413,-1.1393,-4.2429,-0.3491,39.3834,91.6326,0
1745404824.521,2.155,3.167,-0.6341,-1.1398,-4.2520,-0.2781,39.4173,91.6083,0
1745404824.601,2.155,3.178,-0.6260,-1.1398,-4.2614,-0.3493,39.4411,91.6094,0
1745404824.681,2.155,3.194,-0.6176,-1.1389,-4.2704,-0.5177,39.3709,91.7539,0
1745404824.761,2.154,3.208,-0.6092,-1.1388,-4.2803,-0.6257,39.3153,91.8902,0
1745404824.840,2.154,3.208,-0.6008,-1.1384,-4.2905,-0.6291,39.2851,91.9520,0
1745404824.920,2.154,3.223,-0.5923,-1.1376,-4.3005,-0.5850,39.2967,91.9889,0
1745404824.999,2.155,3.241,-0.5863,-1.1372,-4.3082,-0.5227,39.2438,92.0069,0
1745404825.079,2.155,3.258,-0.5847,-1.1371,-4.3100,-0.5209,39.2786,91.9624,0
1745404826.254,2.156,3.265,-0.5857,-1.1375,-4.3090,-0.5183,39.2924,91.9813,0
1745404826.334,2.156,3.265,-0.5857,-1.1374,-4.3089,-0.5306,39.2925,91.9871,0
1745404826.413,2.154,3.265,-0.5856,-1.1374,-4.3088,-0.5318,39.2874,91.9863,0
1745404826.493,2.154,3.266,-0.5857,-1.1375,-4.3090,-0.5310,39.2888,91.9933,0
1745404826.573,2.154,3.270,-0.5859,-1.1373,-4.3089,-0.5391,39.2841,92.0072,0
1745404826.652,2.155,3.273,-0.5858,-1.1372,-4.3087,-0.5566,39.2884,92.0144,0
1745404826.732,2.155,3.273,-0.5857,-1.1375,-4.3088,-0.5641,39.2907,92.0181,1
1745404826.811,2.155,3.271,-0.5857,-1.1374,-4.3088,-0.5641,39.2904,92.0265,1
1745404826.891,2.154,3.271,-0.5857,-1.1374,-4.3088,-0.5667,39.2848,92.0318,1
1745404826.970,2.156,3.270,-0.5857,-1.1374,-4.3089,-0.5549,39.2921,92.0258,1
1745404827.050,2.155,3.267,-0.5857,-1.1375,-4.3089,-0.5428,39.2944,92.0139,1
1745404827.130,2.155,3.267,-0.5856,-1.1375,-4.3090,-0.5437,39.2916,92.0043,1
1745404844.214,3.066,3.681,0.3783,-1.1239,-4.0159,0.2390,41.7068,91.5703,0
1745404844.293,3.066,3.683,0.3785,-1.1239,-4.0159,0.2273,41.6998,91.5842,0
1745404844.373,3.060,3.684,0.3783,-1.1239,-4.0158,0.2386,41.7050,91.5818,0
1745404844.453,3.066,3.682,0.3784,-1.1239,-4.0160,0.2352,41.7054,91.5722,0
1745404844.532,3.066,3.682,0.3783,-1.1239,-4.0159,0.2380,41.7094,91.5761,0
1745404844.612,3.066,3.682,0.3783,-1.1240,-4.0158,0.2335,41.7090,91.5705,0
1745404844.692,3.061,3.683,0.3782,-1.1239,-4.0159,0.2360,41.7062,91.5725,0
1745404844.771,3.062,3.681,0.3784,-1.1239,-4.0158,0.2237,41.7058,91.5823,0
1745404844.851,3.065,3.680,0.3783,-1.1238,-4.0158,0.2239,41.7064,91.5813,0
1745404844.930,3.066,3.681,0.3784,-1.1239,-4.0160,0.2201,41.7131,91.5792,0
1745404845.010,3.066,3.681,0.3783,-1.1240,-4.0158,0.2078,41.7092,91.5984,0
1745404845.090,3.065,3.683,0.3784,-1.1240,-4.0160,0.2071,41.7060,91.6000,0
1745404845.169,3.065,3.682,0.3785,-1.1241,-4.0160,0.2077,41.7067,91.6039,0
1745404845.249,3.059,3.682,0.3784,-1.1240,-4.0161,0.2149,41.7090,91.5975,0
1745404845.329,3.060,3.682,0.3784,-1.1240,-4.0160,0.2139,41.7088,91.5991,0
1745404845.408,3.060,3.682,0.3783,-1.1239,-4.0157,0.2083,41.7098,91.6023,0
1745404845.488,3.065,3.681,0.3782,-1.1240,-4.0159,0.2133,41.7074,91.5887,0
1745404845.568,3.060,3.682,0.3784,-1.1240,-4.0161,0.2095,41.7024,91.5849,0
1745404845.647,3.066,3.682,0.3783,-1.1241,-4.0159,0.2049,41.7120,91.5952,0
1745404845.727,3.065,3.680,0.3785,-1.1240,-4.0160,0.2116,41.7144,91.5786,0
1745404845.807,3.065,3.680,0.3784,-1.1239,-4.0160,0.2197,41.7099,91.5784,0
1745404845.886,3.060,3.681,0.3784,-1.1239,-4.0161,0.2134,41.7084,91.5876,0
1745404845.966,3.065,3.682,0.3783,-1.1239,-4.0159,0.2074,41.7030,91.5937,0
1745404846.046,3.062,3.682,0.3779,-1.1239,-4.0154,0.2149,41.7826,91.5800,0
1745404846.125,3.066,3.681,0.3758,-1.1240,-4.0131,0.1672,41.7122,91.5899,0
1745404846.205,3.066,3.681,0.3716,-1.1244,-4.0081,0.1434,41.6628,91.5805,0
1745404846.285,3.062,3.681,0.3651,-1.1245,-4.0002,-0.0152,41.5564,91.7035,0
1745404846.364,3.062,3.672,0.3579,-1.1248,-3.9919,-0.0642,41.4214,91.6863,0
1745404846.444,3.061,3.659,0.3509,-1.1248,-3.9841,0.0171,41.3040,91.6124,0
1745404846.523,3.067,3.659,0.3443,-1.1250,-3.9773,0.2423,41.0814,91.4667,0
1745404846.603,3.067,3.646,0.3389,-1.1255,-3.9718,0.4546,40.9699,91.3922,0
1745404846.683,3.068,3.630,0.3344,-1.1260,-3.9666,0.4305,40.9015,91.3612,0
1745404846.762,3.052,3.621,0.3294,-1.1260,-3.9610,0.4479,40.8362,91.3176,0
1745404846.842,3.050,3.610,0.3242,-1.1262,-3.9548,0.4342,40.7291,91.3372,0
1745404846.922,3.054,3.610,0.3186,-1.1266,-3.9481,0.3748,40.6318,91.4059,0
1745404847.001,3.054,3.600,0.3133,-1.1271,-3.9418,0.4216,40.4732,91.4443,0
1745404847.081,3.046,3.591,0.3075,-1.1272,-3.9352,0.4757,40.2637,91.4686,0
1745404847.161,3.053,3.579,0.3020,-1.1274,-3.9282,0.4148,40.0921,91.5060,0
1745404847.240,3.058,3.568,0.2971,-1.1275,-3.9221,0.3768,39.9651,91.4774,0
1745404847.320,3.058,3.568,0.2921,-1.1278,-3.9160,0.3890,39.8443,91.4503,0
1745404847.400,3.058,3.557,0.2869,-1.1279,-3.9101,0.4208,39.7342,91.3994,0
1745404847.479,3.061,3.550,0.2818,-1.1282,-3.9038,0.4604,39.5880,91.3679,0
1745404847.559,3.064,3.541,0.2765,-1.1285,-3.8976,0.5441,39.3967,91.3182,0
1745404847.639,3.062,3.528,0.2711,-1.1288,-3.8915,0.5956,39.3444,91.2657,0
1745404847.718,3.062,3.528,0.2659,-1.1289,-3.8850,0.5818,39.2652,91.2574,0
1745404847.798,3.064,3.520,0.2606,-1.1292,-3.8783,0.5799,39.1075,91.2800,0
1745404847.878,3.065,3.509,0.2554,-1.1294,-3.8718,0.5974,38.9076,91.2693,0
1745404847.957,3.065,3.498,0.2501,-1.1296,-3.8651,0.5672,38.7803,91.3458,0
1745404848.037,3.062,3.490,0.2451,-1.1301,-3.8586,0.4692,38.6936,91.4049,0
1745404848.116,3.062,3.490,0.2403,-1.1301,-3.8521,0.3977,38.6248,91.4165,0
1745404848.196,3.062,3.479,0.2356,-1.1304,-3.8459,0.3336,38.5660,91.3969,0
1745404848.276,3.069,3.468,0.2311,-1.1308,-3.8402,0.2892,38.4784,91.4014,0
1745404848.355,3.071,3.461,0.2264,-1.1309,-3.8341,0.2499,38.3978,91.4337,0
1745404848.435,3.070,3.452,0.2222,-1.1310,-3.8284,0.2329,38.3370,91.4171,0
1745404848.515,3.070,3.452,0.2175,-1.1312,-3.8228,0.2966,38.2650,91.3337,0
1745404848.594,3.076,3.440,0.2128,-1.1314,-3.8172,0.3779,38.1544,91.2334,0
1745404848.674,3.074,3.432,0.2081,-1.1317,-3.8116,0.4765,38.0622,91.1527,0
1745404848.754,3.067,3.424,0.2035,-1.1319,-3.8060,0.5631,37.9842,91.1271,0
1745404848.833,3.067,3.414,0.1989,-1.1321,-3.8004,0.6306,37.9003,91.0729,0
1745404848.913,3.067,3.414,0.1943,-1.1321,-3.7945,0.6732,37.8392,91.0199,0
1745404848.993,3.077,3.407,0.1896,-1.1324,-3.7882,0.6239,37.7375,91.0466,0
1745404849.072,3.068,3.394,0.1848,-1.1326,-3.7820,0.6371,37.6065,91.0821,0
1745404849.152,3.077,3.384,0.1804,-1.1331,-3.7764,0.6789,37.4852,91.0937,0
1745404849.231,3.071,3.376,0.1762,-1.1334,-3.7709,0.7139,37.3386,91.1097,0
1745404849.311,3.071,3.376,0.1722,-1.1335,-3.7652,0.6094,37.2488,91.1653,0
1745404849.391,3.073,3.371,0.1685,-1.1337,-3.7602,0.6193,37.1212,91.1768,0
1745404849.470,3.074,3.361,0.1666,-1.1337,-3.7576,0.6116,37.0555,91.1638,0
1745404849.550,3.074,3.350,0.1662,-1.1337,-3.7573,0.6079,37.0691,91.1633,0
1745404849.630,3.082,3.353,0.1663,-1.1338,-3.7573,0.6123,37.0725,91.1444,0
1745404849.709,3.082,3.353,0.1663,-1.1339,-3.7574,0.6070,37.0749,91.1297,0
1745404849.789,3.075,3.347,0.1664,-1.1339,-3.7575,0.6168,37.0769,91.1035,0
1745404849.868,3.075,3.351,0.1663,-1.1339,-3.7575,0.6173,37.0766,91.0986,0
1745404849.948,3.081,3.352,0.1663,-1.1339,-3.7574,0.6056,37.0748,91.0999,0
1745404850.028,3.075,3.346,0.1663,-1.1339,-3.7575,0.6007,37.0752,91.0999,0
1745404850.107,3.075,3.346,0.1663,-1.1339,-3.7575,0.5954,37.0768,91.0999,0
1745404850.187,3.081,3.347,0.1663,-1.1340,-3.7575,0.6005,37.0769,91.0961,0
1745404850.267,3.075,3.346,0.1663,-1.1339,-3.7574,0.5954,37.0749,91.1026,0
1745404850.346,3.076,3.351,0.1660,-1.1340,-3.7575,0.5980,37.0826,91.0972,0
1745404850.426,3.082,3.352,0.1664,-1.1339,-3.7576,0.5743,37.0765,91.0953,0
1745404850.506,3.082,3.352,0.1662,-1.1339,-3.7576,0.5793,37.0757,91.0954,0
1745404850.585,3.082,3.352,0.1663,-1.1340,-3.7577,0.5731,37.0795,91.0898,0
1745404850.665,3.081,3.349,0.1663,-1.1339,-3.7577,0.5791,37.0812,91.0885,0
1745404850.745,3.082,3.348,0.1663,-1.1340,-3.7577,0.6026,37.0824,91.0706,0
1745404850.824,3.076,3.352,0.1664,-1.1340,-3.7576,0.5873,37.0784,91.0843,0
1745404850.904,3.076,3.352,0.1663,-1.1340,-3.7577,0.5978,37.0816,91.0714,0
1745404850.983,3.075,3.347,0.1663,-1.1340,-3.7578,0.6055,37.0752,91.0671,0
1745404851.063,3.080,3.347,0.1663,-1.1340,-3.7578,0.6001,37.0725,91.0728,0
1745404851.143,3.076,3.347,0.1663,-1.1340,-3.7578,0.6007,37.0646,91.0734,0
1745404851.222,3.076,3.348,0.1663,-1.1340,-3.7580,0.6003,37.0665,91.0644,0
1745404851.302,3.076,3.348,0.1663,-1.1340,-3.7578,0.5968,37.0583,91.0723,0
1745404851.382,3.073,3.347,0.1663,-1.1340,-3.7579,0.6003,37.0556,91.0680,0
1745404851.461,3.073,3.353,0.1664,-1.1341,-3.7578,0.5948,37.0603,91.0710,0
1745404851.541,3.081,3.352,0.1663,-1.1340,-3.7579,0.6016,37.0627,91.0687,0
1745404851.621,3.081,3.350,0.1662,-1.1341,-3.7580,0.6087,37.0599,91.0603,0
1745404851.700,3.081,3.350,0.1663,-1.1341,-3.7580,0.6015,37.0631,91.0657,0
1745404851.780,3.081,3.351,0.1663,-1.1341,-3.7581,0.6062,37.0694,91.0547,0
1745404851.860,3.075,3.352,0.1661,-1.1341,-3.7579,0.6069,37.0713,91.0659,0
1745404851.939,3.077,3.347,0.1663,-1.1341,-3.7581,0.5916,37.0704,91.0652,0
1745404852.019,3.080,3.347,0.1663,-1.1341,-3.7581,0.5698,37.0798,91.0544,0
1745404852.099,3.080,3.348,0.1664,-1.1342,-3.7582,0.5821,37.0814,91.0448,0
1745404852.178,3.077,3.352,0.1663,-1.1341,-3.7581,0.5702,37.0879,91.0515,0
1745404852.258,3.076,3.352,0.1664,-1.1341,-3.7582,0.5751,37.0952,91.0479,0
1745404852.337,3.076,3.351,0.1663,-1.1341,-3.7582,0.5765,37.0943,91.0526,0
1745404852.417,3.080,3.351,0.1663,-1.1341,-3.7583,0.5816,37.0907,91.0523,0
1745404852.497,3.080,3.351,0.1664,-1.1341,-3.7581,0.5788,37.0877,91.0604,0
1745404852.576,3.081,3.348,0.1664,-1.1341,-3.7583,0.5917,37.0913,91.0474,0
1745404852.656,3.081,3.351,0.1664,-1.1342,-3.7584,0.5881,37.0893,91.0526,0
1745404852.736,3.081,3.346,0.1663,-1.1342,-3.7582,0.6004,37.0916,91.0527,0
1745404852.815,3.081,3.346,0.1663,-1.1342,-3.7583,0.6024,37.0973,91.0491,0
1745404852.895,3.077,3.351,0.1664,-1.1342,-3.7582,0.6010,37.0979,91.0525,0
1745404852.975,3.080,3.347,0.1663,-1.1341,-3.7583,0.6008,37.1006,91.0525,0
1745404853.054,3.076,3.350,0.1664,-1.1342,-3.7583,0.5988,37.1244,91.0443,0
1745404853.134,3.076,3.351,0.1663,-1.1341,-3.7583,0.6033,37.1294,91.0606,0
1745404853.214,3.076,3.351,0.1662,-1.1342,-3.7584,0.6139,37.1260,91.0527,0
1745404853.293,3.076,3.351,0.1663,-1.1342,-3.7584,0.6155,37.1264,91.0520,0
1745404853.373,3.074,3.352,0.1663,-1.1342,-3.7584,0.6060,37.1247,91.0640,0
1745404853.453,3.076,3.351,0.1663,-1.1342,-3.7584,0.6007,37.1228,91.0643,0
1745404853.532,3.081,3.351,0.1663,-1.1342,-3.7584,0.6011,37.1153,91.0624,0
1745404853.612,3.081,3.351,0.1662,-1.1343,-3.7585,0.6093,37.1215,91.0562,0
1745404853.691,3.081,3.352,0.1663,-1.1343,-3.7583,0.6064,37.1221,91.0611,0
1745404853.771,3.075,3.352,0.1662,-1.1342,-3.7584,0.6015,37.1431,91.0548,0
1745404853.851,3.079,3.346,0.1663,-1.1342,-3.7584,0.6139,37.1381,91.0519,0
1745404853.930,3.080,3.346,0.1663,-1.1343,-3.7585,0.6100,37.1390,91.0496,0
1745404854.010,3.080,3.346,0.1663,-1.1343,-3.7587,0.6024,37.1360,91.0609,0
1745404854.090,3.076,3.346,0.1663,-1.1343,-3.7587,0.5922,37.1373,91.0678,0
1745404854.169,3.080,3.351,0.1662,-1.1342,-3.7586,0.5954,37.1338,91.0712,0
1745404854.249,3.074,3.348,0.1663,-1.1343,-3.7586,0.5865,37.1330,91.0754,0
1745404854.328,3.074,3.351,0.1663,-1.1343,-3.7587,0.5842,37.1287,91.0673,0
1745404854.408,3.074,3.351,0.1664,-1.1343,-3.7587,0.5834,37.1366,91.0747,0
1745404854.488,3.081,3.346,0.1665,-1.1343,-3.7590,0.5819,37.1828,91.0849,0
1745404854.567,3.080,3.351,0.1672,-1.1342,-3.7601,0.5820,37.2620,91.0955,0
1745404854.647,3.080,3.347,0.1694,-1.1340,-3.7633,0.5729,37.5198,91.1307,0
1745404854.727,3.080,3.353,0.1731,-1.1339,-3.7687,0.6016,37.9143,91.1011,0
1745404854.806,3.080,3.353,0.1774,-1.1337,-3.7752,0.6648,38.3841,91.0812,0
1745404854.886,3.079,3.355,0.1821,-1.1336,-3.7817,0.5997,38.9235,91.0785,0
1745404854.966,3.075,3.360,0.1864,-1.1333,-3.7875,0.5617,39.4042,91.0950,0
1745404855.046,3.067,3.373,0.1900,-1.1330,-3.7922,0.5410,39.8202,91.1031,0
1745404855.125,3.068,3.383,0.1922,-1.1330,-3.7956,0.5793,40.1087,91.1159,0
1745404855.205,3.068,3.383,0.1949,-1.1325,-3.7987,0.5838,40.2080,91.1205,0
1745404855.284,3.066,3.389,0.1975,-1.1324,-3.8016,0.5795,40.2166,91.1262,0
1745404855.364,3.064,3.391,0.1997,-1.1325,-3.8040,0.5704,40.2444,91.1359,0
1745404855.444,3.065,3.394,0.2012,-1.1324,-3.8059,0.5481,40.2515,91.1567,0
1745404855.523,3.061,3.398,0.2027,-1.1324,-3.8072,0.5119,40.2731,91.1921,0
1745404855.603,3.061,3.398,0.2038,-1.1323,-3.8085,0.4902,40.2567,91.1817,0
1745404855.683,3.065,3.401,0.2052,-1.1322,-3.8101,0.4727,40.3024,91.2122,0
1745404855.762,3.060,3.402,0.2076,-1.1321,-3.8128,0.4343,40.3226,91.2358,0
1745404855.842,3.064,3.410,0.2115,-1.1318,-3.8169,0.3204,40.3730,91.3223,0
1745404855.922,3.063,3.415,0.2163,-1.1318,-3.8220,0.2419,40.4381,91.4146,0
1745404856.121,3.063,3.430,0.2308,-1.1310,-3.8389,0.2713,40.5888,91.4716,0
1745404856.200,3.063,3.430,0.2369,-1.1311,-3.8463,0.3452,40.6618,91.4324,0
1745404856.280,3.061,3.441,0.2434,-1.1303,-3.8540,0.4257,40.6945,91.3814,0
1745404856.360,3.072,3.455,0.2501,-1.1295,-3.8617,0.5316,40.7882,91.3952,0
1745404856.439,3.068,3.470,0.2568,-1.1293,-3.8697,0.5750,40.8503,91.3065,0
1745404856.519,3.055,3.484,0.2641,-1.1289,-3.8782,0.5759,40.9813,91.2993,0
1745404856.599,3.055,3.484,0.2712,-1.1287,-3.8864,0.6336,41.0185,91.2197,0
1745404856.678,3.060,3.497,0.2786,-1.1300,-3.8948,0.5890,41.1067,91.2841,0
1745404856.758,3.065,3.509,0.2859,-1.1301,-3.9029,0.4691,41.2110,91.3894,0
1745404856.838,3.068,3.521,0.2934,-1.1276,-3.9106,0.3980,41.2832,91.4311,0
1745404856.917,3.061,3.535,0.3003,-1.1277,-3.9182,0.3755,41.3496,91.4639,0
1745404856.997,3.061,3.535,0.3074,-1.1270,-3.9260,0.4075,41.4132,91.4346,0
1745404857.076,3.067,3.550,0.3139,-1.1277,-3.9339,0.4770,41.5132,91.4183,0
1745404857.156,3.070,3.564,0.3208,-1.1276,-3.9416,0.4151,41.5914,91.4469,0
1745404857.236,3.066,3.575,0.3281,-1.1266,-3.9492,0.3818,41.6918,91.3721,0
1745404857.315,3.074,3.588,0.3350,-1.1261,-3.9570,0.4247,41.7634,91.3681,0
1745404857.395,3.074,3.588,0.3422,-1.1269,-3.9649,0.3547,41.7950,91.3841,0
1745404857.475,3.075,3.604,0.3495,-1.1252,-3.9720,0.1534,41.8083,91.5117,0
1745404857.554,3.067,3.614,0.3569,-1.1254,-3.9798,0.0212,41.9133,91.6218,0
1745404857.634,3.074,3.629,0.3637,-1.1268,-3.9877,-0.0028,41.8595,91.6505,0
1745404857.713,3.069,3.629,0.3706,-1.1248,-3.9950,0.0046,41.9363,91.6899,0
1745404860.322,3.075,3.681,0.3834,-1.1244,-4.0099,0.0856,41.9529,91.7028,0
1745404860.402,3.075,3.681,0.3835,-1.1244,-4.0101,0.0874,41.9531,91.7001,0
1745404860.481,3.074,3.682,0.3835,-1.1244,-4.0101,0.0865,41.9434,91.7104,0
1745404860.561,3.075,3.680,0.3834,-1.1244,-4.0100,0.0846,41.9438,91.7146,0
1745404860.640,3.073,3.681,0.3835,-1.1245,-4.0100,0.0824,41.9484,91.7129,0
1745404860.720,3.068,3.682,0.3834,-1.1244,-4.0100,0.0776,41.9458,91.7178,0
1745404860.800,3.068,3.682,0.3836,-1.1244,-4.0100,0.0734,41.9458,91.7179,0
1745404860.880,3.073,3.682,0.3834,-1.1244,-4.0101,0.0845,41.9502,91.7168,0
1745404860.959,3.073,3.680,0.3835,-1.1245,-4.0102,0.0816,41.9505,91.7180,0
1745404861.039,3.076,3.681,0.3835,-1.1246,-4.0102,0.0786,41.9489,91.7158,0
1745404861.118,3.068,3.681,0.3834,-1.1245,-4.0102,0.0755,41.9485,91.7182,0
1745404861.198,3.068,3.681,0.3835,-1.1245,-4.0101,0.0782,41.9493,91.7140,1
1745404861.278,3.075,3.681,0.3834,-1.1245,-4.0100,0.0740,41.9470,91.7175,1
1745404861.357,3.074,3.682,0.3833,-1.1244,-4.0102,0.0649,41.9510,91.7213,1
1745404861.437,3.067,3.681,0.3835,-1.1245,-4.0101,0.0577,41.9521,91.7299,1
1745404861.517,3.074,3.681,0.3835,-1.1245,-4.0102,0.0602,41.9555,91.7236,1
1745404861.596,3.074,3.681,0.3834,-1.1245,-4.0102,0.0582,41.9511,91.7348,1
1745404861.676,3.075,3.681,0.3835,-1.1245,-4.0102,0.0543,41.9493,91.7396,1
1745404861.755,3.073,3.680,0.3835,-1.1244,-4.0102,0.0580,41.9470,91.7360,1
1745404861.835,3.067,3.681,0.3835,-1.1245,-4.0102,0.0581,41.9465,91.7392,1
1745404861.915,3.066,3.681,0.3835,-1.1247,-4.0103,0.0637,41.9421,91.7331,1
1745404861.995,3.066,3.681,0.3834,-1.1245,-4.0102,0.0659,41.9379,91.7368,1
1745404862.074,3.068,3.682,0.3834,-1.1245,-4.0103,0.0722,41.9416,91.7285,1
1745404862.154,3.066,3.681,0.3835,-1.1245,-4.0102,0.0679,41.9427,91.7398,1
1745404862.233,3.073,3.682,0.3834,-1.1245,-4.0103,0.0630,41.9408,91.7365,1
1745404862.313,3.075,3.680,0.3835,-1.1245,-4.0104,0.0666,41.9440,91.7287,1
1745404862.393,3.075,3.680,0.3834,-1.1245,-4.0103,0.0581,41.9432,91.7421,1
1745404862.472,3.068,3.680,0.3836,-1.1246,-4.0103,0.0556,41.9368,91.7437,1
1745404862.552,3.075,3.681,0.3836,-1.1246,-4.0105,0.0478,41.9380,91.7521,1
1745404862.632,3.067,3.681,0.3835,-1.1245,-4.0105,0.0501,41.9383,91.7598,1
1745404862.711,3.075,3.680,0.3836,-1.1246,-4.0104,0.0435,41.9380,91.7600,1
1745404862.791,3.075,3.680,0.3834,-1.1245,-4.0104,0.0499,41.9382,91.7637,1
1745404862.871,3.067,3.682,0.3834,-1.1245,-4.0104,0.0497,41.9345,91.7604,1
1745404862.950,3.075,3.682,0.3835,-1.1245,-4.0104,0.0504,41.9279,91.7570,1
1745404863.030,3.073,3.682,0.3836,-1.1246,-4.0105,0.0431,41.9300,91.7639,1
1745404863.110,3.074,3.680,0.3834,-1.1245,-4.0104,0.0443,41.9327,91.7663,1
1745404863.189,3.074,3.680,0.3835,-1.1246,-4.0104,0.0375,41.9341,91.7631,1
1745404863.269,3.067,3.680,0.3834,-1.1246,-4.0104,0.0455,41.9364,91.7590,1
1745404863.349,3.073,3.680,0.3835,-1.1245,-4.0105,0.0490,41.9383,91.7537,1
1745404863.428,3.067,3.680,0.3835,-1.1245,-4.0105,0.0425,41.9383,91.7561,1
1745404865.678,3.073,3.681,0.3835,-1.1245,-4.0105,0.0423,41.9286,91.7688,0
1745404865.758,3.067,3.680,0.3835,-1.1246,-4.0106,0.0384,41.9295,91.7640,0
1745404865.837,3.073,3.681,0.3834,-1.1246,-4.0106,0.0475,41.9343,91.7562,0
1745404865.917,3.067,3.681,0.3835,-1.1246,-4.0106,0.0413,41.9331,91.7538,0
1745404865.997,3.067,3.681,0.3834,-1.1245,-4.0105,0.0333,41.9302,91.7683,0
1745404866.076,3.068,3.682,0.3835,-1.1246,-4.0107,0.0349,41.9305,91.7562,0
1745404866.156,3.067,3.682,0.3834,-1.1246,-4.0105,0.0283,41.9351,91.7601,0
1745404866.236,3.067,3.680,0.3834,-1.1246,-4.0106,0.0356,41.9393,91.7538,0
1745404866.315,3.068,3.681,0.3835,-1.1246,-4.0108,0.0504,41.9300,91.7487,0
1745404866.395,3.068,3.681,0.3835,-1.1247,-4.0107,0.0357,41.9323,91.7565,0
1745404866.474,3.067,3.681,0.3835,-1.1245,-4.0106,0.0387,41.9302,91.7578,0
1745404866.554,3.068,3.681,0.3834,-1.1246,-4.0105,0.0379,41.9301,91.7560,0
1745404866.634,3.066,3.680,0.3835,-1.1246,-4.0107,0.0368,41.9331,91.7502,0
1745404866.713,3.068,3.681,0.3835,-1.1246,-4.0108,0.0332,41.9388,91.7484,0
1745404866.793,3.068,3.681,0.3836,-1.1247,-4.0107,0.0347,41.9402,91.7485,0
1745404866.873,3.075,3.679,0.3834,-1.1246,-4.0106,0.0375,41.9387,91.7572,0
1745404866.953,3.074,3.681,0.3835,-1.1246,-4.0107,0.0450,41.9386,91.7477,0
1745404867.032,3.073,3.680,0.3834,-1.1246,-4.0107,0.0467,41.9360,91.7505,0
1745404867.112,3.074,3.680,0.3835,-1.1246,-4.0106,0.0400,41.9328,91.7506,0
1745404867.191,3.074,3.680,0.3836,-1.1247,-4.0109,0.0453,41.9383,91.7407,0
1745404867.271,3.074,3.681,0.3836,-1.1247,-4.0109,0.0347,41.9381,91.7559,0
1745404867.351,3.067,3.681,0.3835,-1.1245,-4.0106,0.0316,41.9401,91.7702,0
1745404867.430,3.075,3.680,0.3831,-1.1246,-4.0103,0.0312,41.9511,91.7638,0
1745404867.510,3.075,3.680,0.3812,-1.1246,-4.0081,-0.0064,41.9857,91.7420,0
1745404867.590,3.075,3.680,0.3781,-1.1247,-4.0045,-0.0197,41.9328,91.7568,0
1745404867.669,3.076,3.680,0.3741,-1.1250,-4.0000,-0.0621,41.8907,91.7793,0
1745404867.749,3.077,3.675,0.3693,-1.1250,-3.9944,-0.1138,41.9836,91.8075,0
1745404867.828,3.075,3.662,0.3649,-1.1253,-3.9894,-0.1343,41.8822,91.8149,0
1745404867.908,3.067,3.657,0.3608,-1.1256,-3.9849,-0.1475,41.9245,91.8443,0
1745404867.988,3.067,3.657,0.3572,-1.1258,-3.9811,-0.0878,41.8735,91.7688,0
1745404868.067,3.075,3.647,0.3538,-1.1258,-3.9774,-0.0526,41.8863,91.7472,0
1745404868.147,3.068,3.641,0.3505,-1.1259,-3.9741,0.0408,41.8833,91.6458,0
1745404868.227,3.076,3.634,0.3468,-1.1259,-3.9705,0.1544,41.8367,91.5466,0
1745404868.306,3.075,3.627,0.3431,-1.1260,-3.9667,0.2528,41.7596,91.4928,0
1745404868.386,3.075,3.627,0.3394,-1.1261,-3.9627,0.3108,41.7471,91.4643,0
1745404868.466,3.068,3.622,0.3358,-1.1263,-3.9589,0.3567,41.7613,91.4422,0
1745404868.545,3.076,3.611,0.3321,-1.1265,-3.9546,0.3293,41.7374,91.4344,0
1745404868.625,3.067,3.606,0.3283,-1.1270,-3.9505,0.3060,41.7250,91.4802,0
1745404868.705,3.067,3.600,0.3249,-1.1272,-3.9467,0.3201,41.6762,91.4768,0
1745404868.784,3.067,3.600,0.3220,-1.1272,-3.9434,0.3331,41.6443,91.5084,0
1745404868.864,3.073,3.591,0.3191,-1.1272,-3.9403,0.3661,41.6154,91.5240,0
1745404868.943,3.066,3.589,0.3162,-1.1275,-3.9373,0.4339,41.5423,91.4889,0
1745404869.023,3.069,3.580,0.3128,-1.1277,-3.9334,0.3840,41.4868,91.5066,0
1745404869.103,3.065,3.580,0.3096,-1.1278,-3.9295,0.3469,41.4637,91.5293,0
1745404869.182,3.065,3.575,0.3064,-1.1281,-3.9258,0.3311,41.4215,91.5393,0
1745404869.262,3.063,3.569,0.3035,-1.1281,-3.9226,0.3123,41.3756,91.5389,0
1745404869.342,3.070,3.564,0.3007,-1.1283,-3.9193,0.3162,41.3677,91.5112,0
1745404869.421,3.063,3.558,0.2976,-1.1283,-3.9159,0.3132,41.3267,91.5216,0
1745404869.501,3.065,3.558,0.2951,-1.1284,-3.9132,0.3234,41.2791,91.4816,0
1745404869.581,3.065,3.555,0.2924,-1.1284,-3.9101,0.3416,41.2390,91.4881,0
1745404869.660,3.064,3.547,0.2897,-1.1285,-3.9071,0.3605,41.2482,91.4490,0
1745404869.740,3.062,3.541,0.2870,-1.1285,-3.9040,0.4103,41.1784,91.3994,0
1745404869.820,3.065,3.540,0.2842,-1.1287,-3.9010,0.4437,41.1425,91.3898,0
1745404869.899,3.059,3.540,0.2813,-1.1288,-3.8979,0.4838,41.0943,91.3673,0
1745404869.979,3.059,3.529,0.2786,-1.1288,-3.8950,0.5201,41.0225,91.3464,0
1745404870.059,3.060,3.528,0.2757,-1.1290,-3.8916,0.5674,41.0110,91.2804,0
1745404870.138,3.065,3.520,0.2727,-1.1293,-3.8884,0.5439,41.0185,91.2889,0
1745404870.218,3.060,3.514,0.2700,-1.1293,-3.8851,0.5212,41.0539,91.2936,0
1745404870.298,3.068,3.514,0.2673,-1.1292,-3.8819,0.5081,41.0104,91.3348,0
1745404870.377,3.068,3.511,0.2650,-1.1294,-3.8795,0.4734,41.0633,91.3214,0
1745404870.457,3.065,3.507,0.2626,-1.1294,-3.8767,0.4688,40.9677,91.3591,0
1745404870.537,3.061,3.501,0.2603,-1.1296,-3.8739,0.4983,40.9366,91.3225,0
1745404870.616,3.065,3.498,0.2576,-1.1298,-3.8710,0.4989,40.8972,91.3123,0
1745404870.696,3.060,3.498,0.2552,-1.1300,-3.8679,0.4803,40.8510,91.3363,0
1745404870.775,3.060,3.491,0.2525,-1.1300,-3.8649,0.4815,40.8174,91.3414,0
1745404870.855,3.062,3.489,0.2498,-1.1302,-3.8617,0.4564,40.7773,91.3834,0
1745404870.935,3.062,3.483,0.2472,-1.1303,-3.8586,0.4002,40.7828,91.4253,0
1745404871.014,3.057,3.474,0.2450,-1.1303,-3.8558,0.3583,40.7915,91.4203,0
1745404871.094,3.062,3.474,0.2427,-1.1304,-3.8532,0.3200,40.8271,91.4144,0
1745404871.174,3.062,3.471,0.2404,-1.1307,-3.8505,0.2910,40.8130,91.4439,0
1745404871.253,3.065,3.470,0.2377,-1.1308,-3.8475,0.3098,40.8139,91.4250,0
1745404871.333,3.068,3.466,0.2355,-1.1308,-3.8449,0.2563,40.8190,91.4484,0
1745404871.413,3.069,3.457,0.2330,-1.1309,-3.8418,0.2076,40.8068,91.4872,0
1745404871.492,3.069,3.457,0.2305,-1.1313,-3.8387,0.1665,40.8035,91.4738,0
1745404871.572,3.069,3.454,0.2278,-1.1312,-3.8357,0.1364,40.7696,91.4910,0
1745404871.652,3.070,3.450,0.2252,-1.1311,-3.8326,0.1192,40.7778,91.5070,0
1745404871.731,3.069,3.440,0.2228,-1.1313,-3.8298,0.1315,40.7589,91.4802,0
1745404871.811,3.071,3.438,0.2202,-1.1315,-3.8271,0.1660,40.7566,91.4430,0
1745404871.890,3.071,3.438,0.2178,-1.1316,-3.8245,0.1709,40.7555,91.4383,0
1745404871.970,3.062,3.432,0.2152,-1.1316,-3.8215,0.1667,40.7609,91.4516,0
1745404872.050,3.067,3.431,0.2125,-1.1317,-3.8185,0.2352,40.7290,91.3710,0
1745404872.129,3.061,3.426,0.2097,-1.1319,-3.8156,0.3192,40.6830,91.2850,0
1745404872.209,3.063,3.417,0.2066,-1.1323,-3.8126,0.4216,40.6757,91.2042,0
1745404872.289,3.063,3.417,0.2035,-1.1323,-3.8093,0.4877,40.6465,91.1603,0
1745404872.368,3.062,3.412,0.2006,-1.1321,-3.8061,0.5376,40.6787,91.1185,0
1745404872.448,3.059,3.409,0.1980,-1.1324,-3.8031,0.5484,40.6426,91.1532,0
1745404872.528,3.062,3.404,0.1952,-1.1325,-3.8000,0.5536,40.6582,91.1171,0
1745404872.607,3.060,3.396,0.1924,-1.1328,-3.7969,0.5265,40.6470,91.1076,0
1745404872.687,3.060,3.396,0.1894,-1.1329,-3.7933,0.4895,40.6335,91.1068,0
1745404872.767,3.058,3.394,0.1866,-1.1330,-3.7896,0.4829,40.5900,91.1450,0
1745404872.846,3.061,3.385,0.1834,-1.1330,-3.7866,0.5097,40.5744,91.1555,0
1745404872.926,3.062,3.379,0.1810,-1.1332,-3.7835,0.5237,40.5646,91.1801,0
1745404873.006,3.063,3.375,0.1782,-1.1333,-3.7805,0.5820,40.5153,91.1611,0
1745404873.085,3.063,3.375,0.1754,-1.1335,-3.7773,0.5840,40.4623,91.1479,0
1745404873.165,3.051,3.373,0.1727,-1.1336,-3.7737,0.5150,40.4395,91.1665,0
1745404873.244,3.058,3.368,0.1696,-1.1338,-3.7702,0.4890,40.4123,91.1990,0
1745404873.324,3.052,3.361,0.1667,-1.1337,-3.7667,0.5021,40.3752,91.1935,0
1745404873.404,3.061,3.356,0.1640,-1.1340,-3.7637,0.4842,40.3462,91.1922,0
1745404873.483,3.061,3.356,0.1611,-1.1340,-3.7603,0.4992,40.2759,91.2021,0
1745404873.563,3.065,3.347,0.1586,-1.1344,-3.7572,0.4955,40.2539,91.1847,0
1745404873.643,3.060,3.345,0.1554,-1.1344,-3.7537,0.4891,40.2039,91.1864,0
1745404873.722,3.059,3.339,0.1522,-1.1344,-3.7499,0.5167,40.1338,91.1611,0
1745404873.802,3.067,3.333,0.1487,-1.1346,-3.7461,0.5513,40.1222,91.1067,0
1745404873.882,3.067,3.333,0.1458,-1.1346,-3.7424,0.5452,40.0946,91.1123,0
1745404873.961,3.068,3.326,0.1423,-1.1346,-3.7387,0.5805,40.0435,91.0736,0
1745404874.041,3.069,3.320,0.1386,-1.1349,-3.7344,0.6317,40.0067,91.0585,0
1745404874.120,3.061,3.309,0.1348,-1.1350,-3.7303,0.6595,40.0385,91.0721,0
1745404874.200,3.067,3.306,0.1317,-1.1349,-3.7265,0.6128,40.0576,91.0492,0
1745404874.280,3.067,3.306,0.1285,-1.1350,-3.7227,0.6072,40.0149,91.0324,0
1745404874.359,3.068,3.298,0.1274,-1.1349,-3.7220,0.7378,40.0230,90.6184,0
1745404874.439,3.064,3.291,0.1272,-1.1349,-3.7221,0.7938,40.0096,90.6215,0
1745404874.519,3.057,3.294,0.1272,-1.1348,-3.7219,0.7444,40.0090,90.5790,0
1745404874.598,3.063,3.294,0.1269,-1.1345,-3.7215,0.7647,40.0200,90.2184,0
1745404874.678,3.063,3.294,0.1255,-1.1338,-3.7194,0.6135,39.9689,89.4364,0
1745404874.758,3.061,3.294,0.1209,-1.1336,-3.7134,0.5072,39.7569,88.7511,0
1745404874.837,3.067,3.292,0.1127,-1.1338,-3.7028,0.3361,39.7389,88.9125,0
1745404874.917,3.068,3.281,0.1042,-1.1336,-3.6926,0.2520,39.6646,88.9509,0
1745404874.997,3.070,3.281,0.0964,-1.1352,-3.6827,0.1747,39.5193,89.6196,0
1745404875.076,3.070,3.261,0.0863,-1.1366,-3.6710,0.2706,39.3564,91.4846,0
1745404875.156,3.065,3.246,0.0816,-1.1367,-3.6654,0.2673,39.5888,91.3472,0
1745404875.236,3.064,3.225,0.0804,-1.1371,-3.6639,0.2681,39.4959,91.3323,0
1745404875.315,3.071,3.223,0.0804,-1.1372,-3.6640,0.2894,39.5263,91.2957,0
1745404875.395,3.071,3.223,0.0797,-1.1372,-3.6632,0.2784,39.5564,91.2725,0
1745404875.474,3.071,3.222,0.0772,-1.1374,-3.6602,0.3670,39.4986,91.1857,0
1745404875.554,3.064,3.222,0.0730,-1.1376,-3.6555,0.4692,39.4598,91.0710,0
1745404875.634,3.066,3.213,0.0679,-1.1380,-3.6499,0.5750,39.4917,91.0176,0
1745404875.713,3.066,3.207,0.0628,-1.1379,-3.6442,0.6402,39.4406,90.9679,0
1745404875.793,3.065,3.207,0.0584,-1.1379,-3.6390,0.6520,39.3826,90.9378,0
1745404875.873,3.065,3.199,0.0547,-1.1380,-3.6342,0.5863,39.3983,90.9403,0
1745404875.952,3.070,3.185,0.0511,-1.1383,-3.6298,0.5971,39.3364,90.9329,0
1745404876.032,3.073,3.182,0.0474,-1.1385,-3.6253,0.6151,39.2750,90.9566,0
1745404876.112,3.065,3.169,0.0435,-1.1387,-3.6209,0.6661,39.2249,90.9627,0
1745404876.191,3.073,3.169,0.0399,-1.1385,-3.6159,0.4751,39.2186,91.4611,0
1745404876.271,3.073,3.163,0.0392,-1.1382,-3.6151,0.5676,39.2126,91.5059,0
1745404876.351,3.071,3.161,0.0391,-1.1381,-3.6151,0.5568,39.2096,91.5015,0
1745404876.430,3.072,3.159,0.0390,-1.1380,-3.6148,0.4972,39.1789,91.5893,0
1745404876.510,3.073,3.152,0.0373,-1.1375,-3.6127,0.5061,39.1602,91.9229,0
1745404876.590,3.065,3.152,0.0312,-1.1364,-3.6053,0.5832,39.2039,92.9056,0
1745404876.669,3.065,3.157,0.0201,-1.1362,-3.5921,0.6175,39.0589,93.3324,0
1745404876.749,3.066,3.148,0.0064,-1.1366,-3.5755,0.6332,38.9490,93.2785,0
1745404876.828,3.075,3.130,-0.0036,-1.1396,-3.5625,0.7228,38.9790,91.1578,0
1745404876.908,3.076,3.095,-0.0095,-1.1429,-3.5548,0.7606,38.9776,90.7716,0
1745404876.988,3.067,3.095,-0.0150,-1.1408,-3.5487,0.8655,38.8584,90.7771,0
1745404877.067,3.067,3.083,-0.0172,-1.1399,-3.5475,0.8801,38.8269,90.7901,0
1745404877.147,3.067,3.070,-0.0169,-1.1404,-3.5476,0.8413,38.8183,90.7326,0
1745404877.227,3.065,3.070,-0.0173,-1.1404,-3.5460,0.7537,38.7489,90.6765,0
1745404877.306,3.066,3.065,-0.0174,-1.1403,-3.5456,0.6392,38.6319,90.5396,0
1745404877.386,3.066,3.065,-0.0177,-1.1400,-3.5454,0.6582,38.6867,90.2955,0
1745404877.466,3.066,3.070,-0.0191,-1.1392,-3.5438,0.6317,38.6895,89.3867,0
1745404877.545,3.076,3.070,-0.0235,-1.1386,-3.5380,0.6323,38.7888,88.2859,0
1745404877.625,3.077,3.070,-0.0330,-1.1387,-3.5270,0.4798,39.0532,88.3785,0
1745404877.705,3.075,3.057,-0.0438,-1.1393,-3.5142,0.4998,39.1655,88.4019,0
1745404880.193,3.073,2.925,-0.1073,-1.1429,-3.4411,0.5648,39.6225,91.0685,0
1745404880.273,3.073,2.925,-0.1074,-1.1429,-3.4410,0.5578,39.6329,91.0798,0
1745404880.353,3.067,2.932,-0.1073,-1.1428,-3.4411,0.5562,39.6328,91.0660,0
1745404880.432,3.066,2.924,-0.1073,-1.1429,-3.4413,0.5628,39.6319,91.0688,0
1745404880.512,3.066,2.925,-0.1074,-1.1429,-3.4412,0.5575,39.6247,91.0739,0
1745404880.592,3.072,2.925,-0.1074,-1.1429,-3.4412,0.5642,39.6156,91.0668,0
1745404880.671,3.072,2.932,-0.1074,-1.1430,-3.4411,0.5623,39.6213,91.0754,0
1745404880.751,3.066,2.930,-0.1073,-1.1430,-3.4413,0.5601,39.6153,91.0780,0
1745404880.831,3.066,2.927,-0.1073,-1.1429,-3.4412,0.5625,39.6150,91.0715,0
1745404880.910,3.067,2.930,-0.1074,-1.1430,-3.4411,0.5704,39.6197,91.0637,0
1745404880.990,3.066,2.930,-0.1074,-1.1429,-3.4412,0.5691,39.6190,91.0615,0
1745404881.069,3.066,2.932,-0.1073,-1.1429,-3.4413,0.5614,39.6151,91.0690,0
1745404881.149,3.073,2.930,-0.1074,-1.1429,-3.4413,0.5563,39.6134,91.0849,0
1745404881.229,3.073,2.924,-0.1074,-1.1429,-3.4412,0.5653,39.6241,91.0790,0
1745404881.308,3.066,2.931,-0.1075,-1.1429,-3.4412,0.5796,39.6265,91.0856,0
1745404881.388,3.072,2.931,-0.1082,-1.1427,-3.4400,0.5052,39.5937,91.3666,0
1745404881.468,3.072,2.928,-0.1134,-1.1415,-3.4348,0.6823,39.6659,92.1164,0
1745404881.547,3.071,2.930,-0.1230,-1.1406,-3.4239,0.8729,39.8447,92.8547,0
1745404881.627,3.072,2.921,-0.1354,-1.1414,-3.4101,0.9926,39.8534,92.8179,0
1745404881.707,3.066,2.899,-0.1469,-1.1429,-3.3965,0.7921,40.0214,91.7137,0
1745404881.788,3.070,2.899,-0.1564,-1.1448,-3.3854,1.1803,39.9020,90.3043,0
1745404881.866,3.070,2.883,-0.1616,-1.1445,-3.3793,0.7660,40.0517,90.4982,0
1745404881.946,3.071,2.863,-0.1628,-1.1446,-3.3783,0.7821,40.0185,90.4514,0
1745404882.025,3.063,2.852,-0.1623,-1.1449,-3.3786,0.7664,39.9769,90.4677,0
1745404882.105,3.066,2.843,-0.1621,-1.1449,-3.3788,0.7651,39.9862,90.4532,0
1745404882.184,3.065,2.843,-0.1622,-1.1450,-3.3790,0.7604,39.9865,90.4516,0
1745404882.264,3.065,2.851,-0.1621,-1.1450,-3.3790,0.7314,39.9807,90.4702,0
1745404882.344,3.059,2.844,-0.1621,-1.1450,-3.3790,0.7351,39.9795,90.4634,0
1745404882.423,3.066,2.850,-0.1621,-1.1449,-3.3789,0.7405,39.9810,90.4583,0
1745404882.503,3.065,2.850,-0.1621,-1.1450,-3.3790,0.7303,39.9727,90.4647,0
1745404882.583,3.060,2.850,-0.1621,-1.1451,-3.3791,0.7335,39.9723,90.4652,0
1745404882.662,3.060,2.844,-0.1621,-1.1451,-3.3790,0.7276,39.9673,90.4739,0
1745404882.742,3.060,2.850,-0.1621,-1.1451,-3.3791,0.7050,39.9660,90.4779,0
1745404882.822,3.064,2.851,-0.1621,-1.1450,-3.3792,0.7010,39.9695,90.4858,0
1745404882.901,3.066,2.844,-0.1621,-1.1450,-3.3791,0.6932,39.9659,90.4967,0
1745404882.981,3.066,2.844,-0.1621,-1.1450,-3.3792,0.6914,39.9606,90.4950,0
1745404883.060,3.066,2.844,-0.1621,-1.1450,-3.3791,0.6971,39.9625,90.4858,0
1745404883.140,3.060,2.851,-0.1621,-1.1450,-3.3792,0.6921,39.9611,90.4934,0
1745404883.220,3.059,2.851,-0.1621,-1.1451,-3.3792,0.6847,39.9551,90.5011,0
1745404883.299,3.066,2.851,-0.1623,-1.1450,-3.3792,0.6940,39.9480,90.5019,0
1745404883.379,3.064,2.851,-0.1627,-1.1451,-3.3785,0.6782,40.0270,90.4624,0
1745404883.459,3.064,2.850,-0.1638,-1.1451,-3.3771,0.6558,39.9904,90.4911,0
1745404883.538,3.068,2.850,-0.1655,-1.1452,-3.3751,0.6344,40.0014,90.4858,0
1745404883.618,3.059,2.840,-0.1681,-1.1452,-3.3721,0.5995,40.0745,90.5094,0
1745404883.698,3.063,2.844,-0.1709,-1.1453,-3.3688,0.5718,40.1166,90.5319,0
1745404883.777,3.061,2.844,-0.1739,-1.1452,-3.3652,0.5329,40.1711,90.5585,0
1745404883.857,3.061,2.833,-0.1771,-1.1453,-3.3614,0.4804,40.1236,90.5463,0
1745404883.937,3.070,2.833,-0.1802,-1.1455,-3.3577,0.4418,40.1796,90.6351,0
1745404884.016,3.058,2.820,-0.1835,-1.1457,-3.3543,0.4171,40.2401,90.6281,0
1745404884.096,3.067,2.819,-0.1866,-1.1457,-3.3505,0.4189,40.2348,90.5914,0
1745404884.176,3.067,2.819,-0.1899,-1.1459,-3.3470,0.4338,40.2995,90.5721,0
1745404884.255,3.067,2.814,-0.1933,-1.1460,-3.3433,0.4835,40.3237,90.5479,0
1745404884.337,3.067,2.809,-0.1970,-1.1457,-3.3394,0.5551,40.3353,90.4666,0
1745404884.414,3.066,2.801,-0.2004,-1.1458,-3.3358,0.6545,40.3296,90.3750,0
1745404884.494,3.063,2.795,-0.2042,-1.1462,-3.3320,0.7355,40.3295,90.3108,0
1745404884.574,3.057,2.795,-0.2077,-1.1461,-3.3283,0.8407,40.3849,90.2403,0
1745404884.653,3.057,2.789,-0.2114,-1.1465,-3.3244,0.8376,40.3873,90.2297,0
1745404884.733,3.044,2.778,-0.2151,-1.1467,-3.3201,0.8188,40.4267,90.2459,0
1745404884.813,3.049,2.776,-0.2190,-1.1467,-3.3156,0.7440,40.4480,90.2793,0
1745404884.892,3.053,2.770,-0.2230,-1.1469,-3.3110,0.7394,40.4500,90.3151,0
1745404884.972,3.053,2.770,-0.2270,-1.1469,-3.3067,0.7923,40.4718,90.3431,0
1745404885.052,3.041,2.763,-0.2303,-1.1468,-3.3029,0.8311,40.4454,90.3345,0
1745404885.131,3.056,2.755,-0.2340,-1.1474,-3.2988,0.7980,40.4906,90.3663,0
1745404885.216,3.061,2.746,-0.2377,-1.1473,-3.2944,0.7364,40.4431,90.3529,0
1745404885.331,3.052,2.742,-0.2437,-1.1474,-3.2875,0.7119,40.4752,90.3984,0
1745404885.410,3.050,2.736,-0.2475,-1.1474,-3.2831,0.6455,40.5346,90.4248,0
1745404885.490,3.058,2.736,-0.2514,-1.1476,-3.2786,0.6675,40.5076,90.4158,0
1745404885.569,3.058,2.719,-0.2554,-1.1478,-3.2743,0.7044,40.4906,90.3994,0
1745404885.649,3.058,2.720,-0.2595,-1.1479,-3.2697,0.7358,40.5066,90.3651,0
1745404885.729,3.052,2.706,-0.2639,-1.1478,-3.2649,0.7518,40.5206,90.3534,0
1745404885.808,3.056,2.700,-0.2685,-1.1480,-3.2599,0.8220,40.5779,90.3210,0
1745404885.888,3.051,2.700,-0.2732,-1.1480,-3.2548,0.8536,40.6079,90.2653,0
1745404885.968,3.045,2.690,-0.2781,-1.1479,-3.2495,0.8526,40.6746,90.2268,0
1745404886.047,3.045,2.683,-0.2829,-1.1481,-3.2436,0.8182,40.7232,90.2642,0
1745404886.127,3.047,2.680,-0.2877,-1.1480,-3.2381,0.8128,40.6847,90.2722,0
1745404886.206,3.048,2.661,-0.2927,-1.1486,-3.2328,0.8230,40.6998,90.2656,0
1745404886.286,3.055,2.661,-0.2972,-1.1488,-3.2272,0.7353,40.6900,90.3160,0
1745404886.366,3.055,2.653,-0.3018,-1.1487,-3.2216,0.6006,40.7620,90.4084,0
1745404886.445,3.056,2.645,-0.3062,-1.1488,-3.2165,0.5520,40.8177,90.4314,0
1745404886.525,3.047,2.640,-0.3106,-1.1491,-3.2113,0.4808,40.9436,90.5059,0
1745404886.605,3.052,2.633,-0.3152,-1.1492,-3.2058,0.3847,40.9680,90.5867,0
1745404886.684,3.057,2.633,-0.3200,-1.1493,-3.2003,0.2925,41.0437,90.6283,0
1745404886.764,3.057,2.621,-0.3249,-1.1491,-3.1949,0.3425,41.1129,90.5906,0
1745404886.844,3.050,2.617,-0.3300,-1.1494,-3.1896,0.4003,41.1831,90.5517,0
1745404886.923,3.050,2.607,-0.3348,-1.1500,-3.1845,0.4790,41.1920,90.4682,0
1745404887.003,3.053,2.601,-0.3402,-1.1496,-3.1793,0.6285,41.1959,90.3394,0
1745404887.083,3.049,2.601,-0.3456,-1.1493,-3.1739,0.8674,41.2297,90.1423,0
1745404887.162,3.049,2.590,-0.3507,-1.1496,-3.1686,0.8888,41.2509,90.1510,0
1745404887.242,3.064,2.582,-0.3554,-1.1501,-3.1633,0.8670,41.2986,90.1241,0
1745404887.322,3.054,2.567,-0.3602,-1.1503,-3.1579,0.8277,41.3780,90.1794,0
1745404887.401,3.056,2.558,-0.3652,-1.1508,-3.1526,0.8457,41.3187,90.2238,0
1745404887.481,3.061,2.558,-0.3701,-1.1507,-3.1470,0.8735,41.2727,90.2985,0
1745404887.560,3.061,2.553,-0.3750,-1.1511,-3.1410,0.7233,41.2138,90.4385,0
1745404887.640,3.059,2.546,-0.3803,-1.1508,-3.1349,0.7051,41.2264,90.4771,0
1745404887.720,3.051,2.530,-0.3855,-1.1508,-3.1292,0.7000,41.2708,90.5031,0
1745404887.799,3.050,2.525,-0.3905,-1.1512,-3.1235,0.6813,41.2287,90.5184,0
1745404887.999,3.052,2.503,-0.4027,-1.1516,-3.1101,0.7349,41.2312,90.4313,0
1745404888.198,3.053,2.487,-0.4173,-1.1515,-3.0944,0.7822,41.3850,90.3171,0
1745404888.397,3.059,2.467,-0.4321,-1.1518,-3.0777,0.7800,41.2537,90.3015,0
1745404888.596,3.058,2.447,-0.4467,-1.1526,-3.0609,0.5417,41.4439,90.4862,0
1745404888.676,3.062,2.447,-0.4523,-1.1528,-3.0545,0.4308,41.5354,90.5418,0
1745404888.755,3.062,2.431,-0.4580,-1.1527,-3.0479,0.3352,41.5579,90.6082,0
1745404888.954,3.055,2.415,-0.4636,-1.1530,-3.0414,0.2695,41.6020,90.6471,0
1745404889.153,3.054,2.399,-0.4634,-1.1529,-3.0417,0.2701,41.6042,90.6316,0
1745404889.353,3.062,2.400,-0.4633,-1.1529,-3.0417,0.2706,41.5946,90.6292,0
1745404889.552,3.061,2.398,-0.4634,-1.1530,-3.0417,0.2667,41.5942,90.6401,0
1745404889.631,3.060,2.404,-0.4633,-1.1530,-3.0418,0.2636,41.5928,90.6325,0
1745404889.711,3.052,2.405,-0.4633,-1.1530,-3.0419,0.2762,41.6026,90.6228,0
1745404889.910,3.061,2.404,-0.4634,-1.1530,-3.0419,0.2765,41.6039,90.6085,0
1745404890.109,3.056,2.405,-0.4634,-1.1530,-3.0419,0.2810,41.6049,90.6103,0
1745404890.308,3.061,2.406,-0.4634,-1.1530,-3.0419,0.2832,41.6008,90.6166,0
1745404890.507,3.054,2.405,-0.4634,-1.1530,-3.0419,0.2749,41.6011,90.6210,0
1745404890.587,3.054,2.406,-0.4634,-1.1530,-3.0419,0.2922,41.5963,90.6167,0
1745404890.667,3.061,2.406,-0.4634,-1.1530,-3.0419,0.2869,41.5894,90.6295,0
1745404890.746,3.061,2.400,-0.4635,-1.1530,-3.0420,0.2890,41.5915,90.6273,0
1745404890.826,3.061,2.404,-0.4634,-1.1530,-3.0420,0.2980,41.5863,90.6158,0
1745404890.905,3.056,2.406,-0.4635,-1.1530,-3.0419,0.3009,41.5921,90.6152,0
1745404890.985,3.056,2.399,-0.4634,-1.1530,-3.0420,0.2962,41.5897,90.6115,0
1745404891.065,3.056,2.399,-0.4634,-1.1530,-3.0420,0.2985,41.5886,90.6150,0
1745404891.145,3.056,2.406,-0.4634,-1.1531,-3.0420,0.2963,41.5912,90.6039,0
1745404891.224,3.060,2.400,-0.4633,-1.1532,-3.0420,0.2812,41.5905,90.6168,0
1745404891.304,3.054,2.406,-0.4635,-1.1530,-3.0420,0.2831,41.5893,90.6166,0
1745404891.384,3.054,2.406,-0.4635,-1.1531,-3.0420,0.2915,41.5946,90.6055,0
1745404891.463,3.054,2.404,-0.4636,-1.1530,-3.0420,0.2856,41.5944,90.6038,0
1745404891.543,3.054,2.403,-0.4633,-1.1531,-3.0420,0.2768,41.5967,90.6056,0
1745404891.622,3.061,2.400,-0.4635,-1.1531,-3.0421,0.2891,41.5961,90.5950,0
1745404891.702,3.060,2.403,-0.4634,-1.1531,-3.0421,0.2829,41.5949,90.6033,0
1745404891.782,3.055,2.403,-0.4634,-1.1531,-3.0421,0.2804,41.5980,90.6069,0
1745404891.861,3.055,2.401,-0.4634,-1.1531,-3.0421,0.2819,41.5911,90.6042,0
1745404891.941,3.055,2.400,-0.4635,-1.1531,-3.0422,0.2874,41.5890,90.5935,0
1745404892.021,3.054,2.404,-0.4640,-1.1531,-3.0414,0.2666,41.5645,90.5904,0
1745404892.100,3.062,2.400,-0.4649,-1.1531,-3.0404,0.2656,41.5960,90.5839,0
1745404892.180,3.054,2.400,-0.4667,-1.1532,-3.0383,0.2398,41.6312,90.5937,0
1745404892.260,3.054,2.399,-0.4691,-1.1532,-3.0359,0.2463,41.6662,90.6056,0
1745404892.339,3.061,2.396,-0.4716,-1.1532,-3.0333,0.2840,41.6732,90.5766,0
1745404892.419,3.061,2.393,-0.4739,-1.1532,-3.0308,0.2565,41.6896,90.5952,0
1745404892.498,3.052,2.387,-0.4760,-1.1533,-3.0286,0.2939,41.6920,90.5749,0
1745404892.578,3.061,2.387,-0.4785,-1.1534,-3.0262,0.3889,41.7065,90.5014,0
1745404892.658,3.061,2.385,-0.4814,-1.1535,-3.0234,0.4417,41.7120,90.4842,0
1745404892.737,3.053,2.385,-0.4847,-1.1537,-3.0201,0.5509,41.7279,90.3980,0
1745404892.817,3.060,2.373,-0.4883,-1.1536,-3.0165,0.6143,41.7656,90.3475,0
1745404892.897,3.062,2.373,-0.4917,-1.1538,-3.0128,0.6058,41.8349,90.3928,0
1745404892.978,3.052,2.373,-0.4950,-1.1537,-3.0089,0.5456,41.8858,90.4060,0
1745404893.177,3.061,2.355,-0.5038,-1.1542,-2.9996,0.5430,41.9526,90.4926,0
1745404893.255,3.061,2.349,-0.5068,-1.1542,-2.9965,0.6013,41.9243,90.4738,0
1745404893.335,3.061,2.349,-0.5097,-1.1542,-2.9935,0.6298,41.9117,90.5026,0
1745404893.414,3.052,2.338,-0.5127,-1.1543,-2.9901,0.5890,41.9289,90.5364,0
1745404893.494,3.055,2.336,-0.5163,-1.1547,-2.9861,0.4837,41.8913,90.6066,0
1745404893.574,3.058,2.336,-0.5202,-1.1545,-2.9817,0.4590,41.9045,90.6485,0
1745404893.653,3.058,2.327,-0.5239,-1.1548,-2.9775,0.4126,41.9410,90.7097,0
1745404893.733,3.053,2.317,-0.5275,-1.1547,-2.9736,0.3993,41.9311,90.7164,0
1745404893.813,3.053,2.315,-0.5306,-1.1548,-2.9704,0.4389,41.9070,90.6815,0
1745404893.892,3.058,2.308,-0.5337,-1.1549,-2.9669,0.4624,41.8928,90.7001,0
1745404893.972,3.058,2.308,-0.5369,-1.1551,-2.9635,0.4608,41.8824,90.6971,0
1745404894.052,3.058,2.302,-0.5400,-1.1550,-2.9601,0.4877,41.8627,90.6782,0
1745404894.131,3.052,2.297,-0.5434,-1.1550,-2.9568,0.5267,41.8916,90.6458,0
1745404894.330,3.059,2.288,-0.5522,-1.1553,-2.9474,0.6049,41.8864,90.6454,0
1745404894.410,3.050,2.278,-0.5556,-1.1556,-2.9438,0.6382,41.9538,90.5668,0
1745404894.490,3.049,2.276,-0.5594,-1.1553,-2.9399,0.6311,42.0477,90.5963,0
1745404894.569,3.058,2.276,-0.5627,-1.1558,-2.9363,0.6333,42.0529,90.5574,0
1745404894.649,3.058,2.264,-0.5661,-1.1558,-2.9327,0.6572,42.0565,90.5270,0
1745404894.729,3.051,2.261,-0.5695,-1.1561,-2.9290,0.6402,42.0560,90.5668,0
1745404894.808,3.051,2.254,-0.5728,-1.1561,-2.9253,0.6487,41.9794,90.5792,0
1745404894.888,3.048,2.248,-0.5764,-1.1563,-2.9215,0.6166,41.9906,90.6148,0
1745404894.968,3.051,2.248,-0.5799,-1.1562,-2.9177,0.5897,42.0504,90.6574,0
1745404895.047,3.051,2.241,-0.5833,-1.1564,-2.9135,0.4989,42.0580,90.7432,0
1745404895.127,3.057,2.232,-0.5869,-1.1566,-2.9097,0.5036,42.0982,90.8086,0
1745404895.206,3.047,2.226,-0.5903,-1.1567,-2.9060,0.4943,42.2326,90.8046,0
1745404895.286,3.048,2.220,-0.5935,-1.1568,-2.9024,0.4565,42.2406,90.8696,0
1745404895.366,3.056,2.220,-0.5964,-1.1569,-2.8992,0.4128,42.2894,90.8694,0
1745404895.446,3.056,2.217,-0.5997,-1.1570,-2.8958,0.3947,42.3128,90.9055,0
1745404895.525,3.054,2.210,-0.6030,-1.1572,-2.8923,0.3616,42.3252,90.9332,0
1745404895.605,3.048,2.203,-0.6064,-1.1573,-2.8884,0.3686,42.3994,90.9590,0
1745404895.684,3.056,2.198,-0.6101,-1.1573,-2.8845,0.3242,42.3546,90.9832,0
1745404895.764,3.056,2.198,-0.6138,-1.1575,-2.8806,0.4037,42.4596,90.9358,0
1745404895.844,3.056,2.190,-0.6175,-1.1576,-2.8769,0.3700,42.5031,90.9633,0
1745404895.923,3.050,2.183,-0.6212,-1.1576,-2.8733,0.4724,42.5372,90.9030,0
1745404896.003,3.055,2.179,-0.6251,-1.1577,-2.8696,0.5346,42.5265,90.8457,0
1745404896.083,3.047,2.171,-0.6289,-1.1580,-2.8658,0.6286,42.5632,90.7915,0
1745404896.162,3.055,2.171,-0.6327,-1.1580,-2.8620,0.6768,42.6204,90.7630,0
1745404896.242,3.055,2.164,-0.6362,-1.1583,-2.8583,0.6891,42.7122,90.7859,0
1745404896.322,3.053,2.157,-0.6395,-1.1584,-2.8546,0.6030,42.7572,90.8054,0
1745404896.401,3.053,2.149,-0.6432,-1.1585,-2.8508,0.6037,42.7915,90.8592,0
1745404896.481,3.047,2.145,-0.6470,-1.1587,-2.8471,0.6527,42.8131,90.8663,0
1745404896.561,3.054,2.145,-0.6508,-1.1586,-2.8433,0.7034,42.8250,90.8742,0
1745404896.640,3.054,2.138,-0.6543,-1.1589,-2.8398,0.7572,42.7805,90.8781,0
1745404896.839,3.046,2.123,-0.6635,-1.1592,-2.8299,0.6018,42.8938,91.0495,0
1745404896.919,3.054,2.118,-0.6672,-1.1596,-2.8261,0.6310,42.9072,91.0466,0
1745404896.998,3.045,2.110,-0.6706,-1.1595,-2.8224,0.6277,42.8541,91.0616,0
1745404897.078,3.050,2.110,-0.6740,-1.1598,-2.8192,0.6311,42.8841,91.1015,0
1745404897.158,3.049,2.104,-0.6773,-1.1598,-2.8157,0.6683,42.9386,91.0804,0
1745404897.237,3.049,2.098,-0.6810,-1.1600,-2.8119,0.7034,42.9056,90.9879,0
1745404897.317,3.053,2.091,-0.6848,-1.1601,-2.8083,0.7501,42.8730,90.9645,0
1745404897.397,3.045,2.085,-0.6882,-1.1599,-2.8049,0.7280,42.8847,90.9611,0
1745404897.476,3.045,2.085,-0.6915,-1.1602,-2.8013,0.7225,42.8414,90.9749,0
1745404897.556,3.043,2.078,-0.6948,-1.1605,-2.7979,0.7348,42.8315,90.9804,0
1745404897.636,3.043,2.070,-0.6983,-1.1605,-2.7943,0.7244,42.8700,90.9996,0
1745404897.715,3.049,2.066,-0.7021,-1.1606,-2.7905,0.7103,42.9156,90.9676,0
1745404897.795,3.043,2.059,-0.7061,-1.1606,-2.7867,0.7616,43.0048,90.9507,0
1745404897.994,3.045,2.044,-0.7150,-1.1612,-2.7769,0.6883,42.9648,90.9800,0
1745404898.074,3.044,2.044,-0.7185,-1.1612,-2.7733,0.7546,42.9006,90.9514,0
1745404898.154,3.044,2.037,-0.7221,-1.1614,-2.7694,0.7072,42.8662,91.0038,0
1745404898.233,3.048,2.030,-0.7258,-1.1619,-2.7655,0.6690,42.8557,91.0585,0
1745404898.313,3.043,2.025,-0.7293,-1.1619,-2.7617,0.5943,42.9451,91.1062,0
1745404898.392,3.046,2.019,-0.7327,-1.1620,-2.7581,0.5699,42.9326,91.1259,0
1745404898.472,3.047,2.019,-0.7357,-1.1623,-2.7548,0.5366,42.9412,91.1510,0
1745404898.552,3.047,2.012,-0.7391,-1.1623,-2.7513,0.5119,42.9264,91.1866,0
1745404898.631,3.045,2.008,-0.7423,-1.1626,-2.7479,0.4823,42.9787,91.1755,0
1745404898.711,3.046,2.002,-0.7460,-1.1625,-2.7439,0.4402,42.9729,91.1983,0
1745404898.791,3.045,1.995,-0.7495,-1.1627,-2.7402,0.4319,42.9760,91.2172,0
1745404898.870,3.047,1.995,-0.7532,-1.1631,-2.7364,0.4407,42.9509,91.2170,0
1745404898.950,3.047,1.990,-0.7569,-1.1632,-2.7327,0.4860,42.9428,91.2242,0
1745404899.149,3.041,1.974,-0.7665,-1.1634,-2.7233,0.6265,42.9832,91.0813,0
1745404899.229,3.043,1.969,-0.7706,-1.1636,-2.7195,0.7267,43.0036,91.0276,0
1745404899.308,3.040,1.962,-0.7744,-1.1639,-2.7158,0.7831,42.9916,90.9568,0
1745404899.388,3.041,1.954,-0.7782,-1.1639,-2.7118,0.8268,43.0379,90.9572,0
1745404899.467,3.040,1.954,-0.7819,-1.1640,-2.7082,0.7886,43.1054,90.9773,0
1745404899.547,3.040,1.949,-0.7859,-1.1641,-2.7041,0.7434,43.1874,91.0120,0
1745404899.627,3.040,1.940,-0.7896,-1.1643,-2.7002,0.7166,43.2017,91.0408,0
1745404899.707,3.044,1.934,-0.7934,-1.1644,-2.6963,0.7580,43.2633,91.0406,0
1745404899.786,3.044,1.928,-0.7975,-1.1646,-2.6923,0.8228,43.1984,91.0217,0
1745404899.866,3.044,1.928,-0.8013,-1.1649,-2.6882,0.7180,43.2526,91.1430,0
1745404899.945,3.044,1.919,-0.8053,-1.1647,-2.6835,0.5911,43.2545,91.1884,0
1745404900.025,3.043,1.914,-0.8097,-1.1653,-2.6790,0.4879,43.3253,91.2980,0
1745404900.105,3.045,1.906,-0.8138,-1.1657,-2.6748,0.4769,43.2699,91.2966,0
1745404900.304,3.041,1.890,-0.8238,-1.1657,-2.6643,0.4357,43.2978,91.3637,0
1745404900.383,3.042,1.883,-0.8282,-1.1660,-2.6602,0.4849,43.3599,91.3368,0
1745404900.463,3.041,1.883,-0.8326,-1.1660,-2.6558,0.5204,43.3432,91.2916,0
1745404900.543,3.041,1.877,-0.8369,-1.1663,-2.6513,0.5108,43.3907,91.2935,0
1745404900.622,3.034,1.871,-0.8413,-1.1665,-2.6468,0.5765,43.3263,91.2121,0
1745404900.702,3.033,1.861,-0.8462,-1.1666,-2.6422,0.6177,43.3972,91.1618,0
1745404900.782,3.038,1.855,-0.8505,-1.1669,-2.6378,0.6625,43.4514,91.1451,0
1745404900.861,3.038,1.855,-0.8551,-1.1671,-2.6335,0.6748,43.5224,91.1046,0
1745404900.941,3.038,1.845,-0.8591,-1.1671,-2.6290,0.6531,43.5129,91.0803,0
1745404901.021,3.038,1.837,-0.8634,-1.1675,-2.6248,0.6555,43.5055,91.0810,0
1745404901.100,3.038,1.830,-0.8677,-1.1675,-2.6204,0.6668,43.4903,91.0810,0
1745404901.180,3.033,1.822,-0.8719,-1.1675,-2.6157,0.6091,43.4526,91.1334,0
1745404901.259,3.033,1.822,-0.8761,-1.1682,-2.6113,0.5682,43.5416,91.1617,0
1745404901.339,3.033,1.816,-0.8802,-1.1686,-2.6070,0.5399,43.6008,91.2230,0
1745404901.419,3.034,1.804,-0.8844,-1.1685,-2.6028,0.5315,43.6589,91.2110,0
1745404901.499,3.030,1.798,-0.8885,-1.1684,-2.5987,0.5175,43.6829,91.1996,0
1745404901.578,3.038,1.792,-0.8927,-1.1683,-2.5942,0.5134,43.7317,91.2282,0
1745404901.658,3.033,1.792,-0.8968,-1.1688,-2.5899,0.4611,43.7819,91.2567,0
1745404901.737,3.033,1.784,-0.9012,-1.1692,-2.5855,0.5017,43.7851,91.2382,0
1745404901.817,3.027,1.777,-0.9056,-1.1695,-2.5813,0.4997,43.8470,91.2355,0
1745404901.897,3.027,1.768,-0.9097,-1.1692,-2.5771,0.5094,43.8532,91.2196,0
1745404901.976,3.028,1.762,-0.9142,-1.1695,-2.5731,0.6368,43.9051,91.1191,0
1745404902.056,3.031,1.762,-0.9187,-1.1698,-2.5689,0.7246,43.8913,91.0661,0
1745404902.136,3.031,1.753,-0.9232,-1.1700,-2.5646,0.8002,43.9242,91.0206,0
1745404902.215,3.038,1.744,-0.9276,-1.1701,-2.5603,0.8103,44.0483,91.0139,0
1745404902.295,3.041,1.738,-0.9317,-1.1705,-2.5561,0.7444,44.1180,91.0329,0
1745404902.375,3.044,1.738,-0.9362,-1.1707,-2.5517,0.7722,44.1562,91.0432,0
1745404902.454,3.041,1.730,-0.9406,-1.1708,-2.5476,0.8405,44.1264,90.9986,0
1745404902.534,3.041,1.723,-0.9453,-1.1709,-2.5433,0.9716,44.1050,91.0098,0
1745404902.614,3.042,1.715,-0.9494,-1.1711,-2.5385,0.7798,44.1546,91.1504,0
1745404902.693,3.053,1.707,-0.9542,-1.1712,-2.5337,0.7683,44.1919,91.1666,0
1745404902.773,3.054,1.707,-0.9589,-1.1719,-2.5291,0.7654,44.2211,91.1615,0
1745404902.852,3.045,1.700,-0.9635,-1.1717,-2.5245,0.8024,44.1861,91.1583,0
1745404902.932,3.045,1.690,-0.9677,-1.1720,-2.5203,0.7744,44.2639,91.1829,0
1745404903.012,3.055,1.684,-0.9719,-1.1724,-2.5162,0.8023,44.1848,91.1934,0
1745404903.091,3.053,1.678,-0.9762,-1.1719,-2.5121,0.8552,44.2730,91.1575,0
1745404903.171,3.045,1.678,-0.9802,-1.1722,-2.5083,0.9268,44.2577,91.0612,0
1745404903.251,3.045,1.668,-0.9846,-1.1722,-2.5038,0.9116,44.2478,91.1187,0
1745404903.330,3.045,1.663,-0.9892,-1.1727,-2.4995,0.9420,44.2597,91.0879,0
1745404903.410,3.051,1.655,-0.9939,-1.1727,-2.4948,0.9593,44.3044,91.0832,0
1745404903.490,3.042,1.647,-0.9985,-1.1728,-2.4903,0.9905,44.3455,91.0337,0
1745404903.569,3.044,1.647,-1.0032,-1.1729,-2.4857,0.9485,44.4279,91.0788,0
1745404903.649,3.044,1.639,-1.0078,-1.1731,-2.4810,0.9588,44.4273,91.0299,0
1745404903.728,3.043,1.630,-1.0126,-1.1737,-2.4764,0.9484,44.3247,91.0572,0
1745404903.808,3.047,1.622,-1.0168,-1.1742,-2.4717,0.8570,44.3494,91.1062,0
1745404903.888,3.041,1.612,-1.0218,-1.1739,-2.4666,0.7935,44.3466,91.2197,0
1745404903.967,3.042,1.612,-1.0265,-1.1742,-2.4620,0.7806,44.3905,91.1849,0
1745404904.047,3.042,1.606,-1.0308,-1.1745,-2.4574,0.7005,44.4414,91.2542,0
1745404904.127,3.046,1.595,-1.0354,-1.1749,-2.4529,0.6849,44.4785,91.2373,0
1745404904.206,3.043,1.588,-1.0401,-1.1748,-2.4483,0.6799,44.5474,91.2398,0
1745404904.286,3.042,1.578,-1.0449,-1.1750,-2.4433,0.6308,44.5433,91.2494,0
1745404904.366,3.039,1.578,-1.0498,-1.1753,-2.4388,0.6636,44.4871,91.2427,0
1745404904.446,3.039,1.571,-1.0549,-1.1754,-2.4338,0.6895,44.5240,91.2137,0
1745404904.525,3.040,1.561,-1.0598,-1.1757,-2.4293,0.7923,44.5184,91.1458,0
1745404904.605,3.038,1.553,-1.0645,-1.1756,-2.4248,0.8751,44.5358,91.0384,0
1745404904.684,3.039,1.553,-1.0695,-1.1759,-2.4206,1.0457,44.4847,90.9101,0
1745404904.764,3.043,1.553,-1.0744,-1.1763,-2.4160,1.0428,44.5545,90.9025,0
1745404904.844,3.043,1.536,-1.0794,-1.1763,-2.4111,0.9887,44.6251,90.8968,0
1745404904.923,3.035,1.529,-1.0843,-1.1768,-2.4063,0.9841,44.6820,90.8748,0
1745404905.003,3.041,1.519,-1.0893,-1.1765,-2.4016,1.0387,44.7224,90.8624,0
1745404905.083,3.042,1.512,-1.0942,-1.1771,-2.3970,1.0895,44.6503,90.8579,0
1745404905.162,3.042,1.512,-1.0990,-1.1770,-2.3919,0.8744,44.6923,90.9746,0
1745404905.242,3.042,1.502,-1.1037,-1.1773,-2.3871,0.8592,44.6687,90.9403,0
1745404905.322,3.033,1.494,-1.1085,-1.1775,-2.3821,0.7936,44.7051,90.9878,0
1745404905.401,3.031,1.484,-1.1133,-1.1779,-2.3777,0.8047,44.7408,90.9629,0
1745404905.481,3.033,1.477,-1.1177,-1.1782,-2.3733,0.8248,44.7018,90.9448,0
1745404905.560,3.030,1.477,-1.1223,-1.1782,-2.3686,0.7502,44.7032,91.0037,0
1745404905.640,3.030,1.466,-1.1269,-1.1783,-2.3643,0.7991,44.6887,90.9509,0
1745404905.720,3.038,1.458,-1.1314,-1.1784,-2.3598,0.7570,44.7033,90.9502,0
1745404905.799,3.028,1.450,-1.1363,-1.1783,-2.3552,0.8231,44.6293,90.8449,0
1745404905.879,3.036,1.442,-1.1411,-1.1784,-2.3503,0.7631,44.6763,90.8587,0
1745404905.959,3.033,1.442,-1.1462,-1.1788,-2.3455,0.8383,44.6944,90.7719,0
1745404906.038,3.033,1.435,-1.1514,-1.1789,-2.3405,0.8336,44.8048,90.7586,0
1745404906.118,3.035,1.426,-1.1562,-1.1792,-2.3357,0.8079,44.7919,90.7262,0
1745404906.198,3.026,1.419,-1.1610,-1.1795,-2.3311,0.8230,44.7131,90.7056,0
1745404906.277,3.026,1.410,-1.1645,-1.1795,-2.3277,0.8415,44.5885,90.6702,0
1745404906.357,3.026,1.410,-1.1651,-1.1796,-2.3267,0.7654,44.6603,90.6864,0
1745404906.436,3.026,1.402,-1.1652,-1.1797,-2.3268,0.7987,44.6773,90.6772,0
1745404906.516,3.033,1.399,-1.1653,-1.1796,-2.3269,0.7819,44.6756,90.6937,0
1745404906.596,3.027,1.398,-1.1652,-1.1796,-2.3268,0.7875,44.6724,90.7082,0
1745404906.675,3.027,1.398,-1.1652,-1.1796,-2.3269,0.7768,44.6618,90.7437,0
1745404906.755,3.031,1.398,-1.1652,-1.1797,-2.3269,0.7880,44.6626,90.7277,0
1745404906.835,3.031,1.399,-1.1652,-1.1797,-2.3270,0.7816,44.6726,90.7340,0
1745404906.914,3.025,1.399,-1.1653,-1.1798,-2.3270,0.7742,44.6770,90.7439,0
1745404906.994,3.033,1.399,-1.1653,-1.1797,-2.3269,0.7786,44.6735,90.7300,0
1745404907.074,3.030,1.399,-1.1653,-1.1798,-2.3271,0.7834,44.6701,90.7255,0
1745404907.153,3.033,1.399,-1.1653,-1.1798,-2.3270,0.7860,44.6713,90.7271,0
1745404907.233,3.033,1.400,-1.1653,-1.1797,-2.3271,0.7660,44.6802,90.7518,0
1745404907.312,3.028,1.399,-1.1653,-1.1798,-2.3271,0.7710,44.6746,90.7519,0
1745404907.392,3.027,1.399,-1.1653,-1.1798,-2.3271,0.7763,44.6796,90.7389,0
1745404907.472,3.034,1.400,-1.1653,-1.1798,-2.3271,0.7823,44.6797,90.7333,0
1745404907.551,3.028,1.400,-1.1653,-1.1799,-2.3271,0.7740,44.6867,90.7445,0
1745404907.631,3.028,1.399,-1.1653,-1.1799,-2.3272,0.7655,44.6888,90.7556,0
1745404907.711,3.027,1.399,-1.1654,-1.1799,-2.3272,0.7350,44.6983,90.7918,0
1745404907.790,3.026,1.399,-1.1653,-1.1799,-2.3273,0.7503,44.6969,90.7814,0
1745404907.870,3.026,1.399,-1.1654,-1.1798,-2.3272,0.7718,44.6824,90.7542,0
1745404907.950,3.026,1.399,-1.1653,-1.1799,-2.3272,0.7707,44.6805,90.7587,0
1745404908.029,3.026,1.399,-1.1653,-1.1799,-2.3273,0.7866,44.6834,90.7390,0
1745404908.109,3.033,1.399,-1.1654,-1.1799,-2.3273,0.7983,44.6761,90.7221,0
1745404908.189,3.031,1.399,-1.1654,-1.1799,-2.3273,0.7973,44.6738,90.7121,0
1745404908.268,3.034,1.399,-1.1654,-1.1799,-2.3273,0.8031,44.6722,90.7070,0
1745404908.348,3.026,1.399,-1.1654,-1.1799,-2.3273,0.7929,44.6791,90.7244,0
1745404908.428,3.026,1.399,-1.1654,-1.1799,-2.3274,0.8051,44.6791,90.7189,0
1745404908.507,3.025,1.399,-1.1655,-1.1799,-2.3274,0.8060,44.6789,90.7210,0
1745404908.587,3.027,1.399,-1.1654,-1.1800,-2.3274,0.7868,44.6927,90.7353,0
1745404908.667,3.032,1.399,-1.1654,-1.1800,-2.3275,0.7947,44.6920,90.7198,0
1745404908.746,3.027,1.399,-1.1655,-1.1800,-2.3275,0.7879,44.6937,90.7282,0
1745404908.826,3.027,1.399,-1.1655,-1.1800,-2.3274,0.7769,44.6942,90.7455,0
1745404908.906,3.027,1.399,-1.1655,-1.1800,-2.3274,0.7831,44.6952,90.7377,0
1745404908.985,3.025,1.399,-1.1655,-1.1800,-2.3275,0.7828,44.6956,90.7360,0
1745404909.065,3.027,1.399,-1.1655,-1.1800,-2.3275,0.7844,44.6881,90.7351,0
1745404909.144,3.027,1.399,-1.1655,-1.1800,-2.3276,0.8015,44.6941,90.7290,0
1745404909.224,3.033,1.399,-1.1655,-1.1801,-2.3276,0.7784,44.6917,90.7414,0
1745404909.304,3.028,1.399,-1.1655,-1.1801,-2.3275,0.7808,44.6861,90.7397,0
1745404909.383,3.025,1.399,-1.1655,-1.1800,-2.3275,0.7981,44.6874,90.7244,0
1745404909.463,3.033,1.399,-1.1655,-1.1800,-2.3276,0.7825,44.6926,90.7381,0
1745404909.543,3.033,1.399,-1.1655,-1.1801,-2.3276,0.7840,44.6912,90.7380,0
1745404909.622,3.033,1.399,-1.1655,-1.1801,-2.3276,0.8142,44.6830,90.7046,0
1745404909.702,3.030,1.399,-1.1655,-1.1801,-2.3276,0.7973,44.6872,90.7302,0
1745404909.781,3.032,1.399,-1.1655,-1.1800,-2.3276,0.7998,44.6830,90.7292,0
1745404909.861,3.028,1.399,-1.1655,-1.1801,-2.3276,0.8021,44.6850,90.7235,0
1745404909.941,3.028,1.400,-1.1656,-1.1801,-2.3277,0.8010,44.6934,90.7305,0
1745404910.020,3.026,1.399,-1.1655,-1.1801,-2.3277,0.7992,44.6923,90.7352,0
1745404910.100,3.034,1.399,-1.1656,-1.1801,-2.3277,0.8004,44.6914,90.7360,0
1745404910.180,3.034,1.399,-1.1656,-1.1801,-2.3277,0.8075,44.6839,90.7259,0
1745404910.259,3.027,1.399,-1.1656,-1.1801,-2.3277,0.8158,44.6741,90.7157,0
1745404910.339,3.027,1.399,-1.1656,-1.1801,-2.3277,0.7943,44.6857,90.7412,0
1745404910.419,3.025,1.399,-1.1656,-1.1801,-2.3277,0.7743,44.6938,90.7638,0
1745404910.498,3.026,1.399,-1.1656,-1.1801,-2.3277,0.7707,44.6933,90.7677,0
1745404910.578,3.033,1.399,-1.1655,-1.1802,-2.3277,0.7547,44.6989,90.7910,0
1745404910.658,3.026,1.399,-1.1657,-1.1802,-2.3278,0.7729,44.6974,90.7705,0
1745404910.737,3.026,1.399,-1.1656,-1.1802,-2.3278,0.7614,44.6931,90.7776,0
1745404910.817,3.025,1.399,-1.1656,-1.1802,-2.3277,0.7622,44.6964,90.7853,0
1745404910.897,3.027,1.399,-1.1657,-1.1802,-2.3278,0.7768,44.6922,90.7699,0
1745404910.976,3.027,1.399,-1.1657,-1.1802,-2.3278,0.7821,44.6935,90.7587,0
1745404911.056,3.026,1.399,-1.1657,-1.1802,-2.3278,0.7941,44.6899,90.7489,0
1745404911.135,3.026,1.399,-1.1657,-1.1801,-2.3279,0.7944,44.6983,90.7542,0
1745404911.215,3.026,1.400,-1.1656,-1.1803,-2.3278,0.7852,44.6972,90.7459,0
1745404911.295,3.026,1.399,-1.1657,-1.1802,-2.3279,0.7862,44.7053,90.7523,0
1745404911.374,3.033,1.399,-1.1651,-1.1802,-2.3285,0.8176,44.6520,90.7400,0
1745404911.454,3.026,1.399,-1.1622,-1.1800,-2.3316,0.8909,44.6008,90.7248,0
1745404911.534,3.026,1.399,-1.1562,-1.1798,-2.3373,0.9010,44.5092,90.7603,0
1745404911.613,3.033,1.402,-1.1485,-1.1801,-2.3452,0.9995,44.3377,90.7026,0
1745404911.693,3.033,1.412,-1.1398,-1.1792,-2.3532,0.9025,44.1662,90.8457,0
1745404911.773,3.030,1.425,-1.1316,-1.1792,-2.3616,0.9332,44.1313,90.8643,0
1745404911.852,3.027,1.425,-1.1242,-1.1791,-2.3691,0.9143,44.0436,90.9172,0
1745404911.932,3.027,1.438,-1.1177,-1.1789,-2.3755,0.9100,43.9520,90.9019,0
1745404912.012,3.032,1.452,-1.1117,-1.1784,-2.3815,0.8422,43.8617,91.0006,0
1745404912.091,3.037,1.462,-1.1063,-1.1778,-2.3875,0.9219,43.7556,90.9720,0
1745404912.290,3.037,1.485,-1.0904,-1.1773,-2.4037,1.0046,43.5472,90.9583,0
1745404912.370,3.029,1.497,-1.0833,-1.1773,-2.4108,1.0053,43.4311,90.9880,0
1745404912.449,3.035,1.497,-1.0762,-1.1766,-2.4181,1.0179,43.2980,90.9761,0
1745404912.529,3.035,1.510,-1.0690,-1.1763,-2.4252,0.9505,43.1996,91.0520,0
1745404912.609,3.038,1.510,-1.0619,-1.1769,-2.4322,0.8105,43.1570,91.1629,0
1745404912.689,3.030,1.535,-1.0551,-1.1763,-2.4389,0.7231,43.0249,91.2407,0
1745404912.768,3.037,1.547,-1.0487,-1.1759,-2.4454,0.6793,42.9070,91.2480,0
1745404912.848,3.030,1.547,-1.0420,-1.1759,-2.4527,0.7294,42.8536,91.2772,0
1745404912.928,3.030,1.558,-1.0344,-1.1743,-2.4604,0.7779,42.7021,91.2508,0
1745404913.007,3.031,1.571,-1.0265,-1.1753,-2.4694,0.9141,42.6279,91.1774,0
1745404913.087,3.032,1.583,-1.0182,-1.1753,-2.4790,1.1283,42.4684,90.9923,0
1745404913.167,3.039,1.598,-1.0092,-1.1746,-2.4883,1.1000,42.3317,91.0494,0
1745404913.246,3.041,1.598,-1.0002,-1.1738,-2.4978,1.1406,42.2414,90.9973,0
1745404913.326,3.041,1.615,-0.9907,-1.1734,-2.5076,1.0412,42.1489,91.0589,0
1745404913.405,3.041,1.632,-0.9814,-1.1732,-2.5173,0.9919,42.0832,91.0496,0
1745404913.485,3.040,1.650,-0.9722,-1.1729,-2.5270,0.9173,41.9567,91.0741,0
1745404913.565,3.042,1.650,-0.9636,-1.1727,-2.5361,0.9212,41.8566,91.0817,0
1745404913.644,3.041,1.666,-0.9554,-1.1721,-2.5453,0.9788,41.7802,91.0788,0
1745404913.724,3.041,1.682,-0.9470,-1.1716,-2.5546,0.9947,41.5974,90.9580,0
1745404913.804,3.044,1.697,-0.9383,-1.1716,-2.5637,0.9119,41.4829,91.0038,0
1745404913.883,3.043,1.712,-0.9299,-1.1712,-2.5728,0.9339,41.3191,90.9803,0
1745404913.963,3.045,1.712,-0.9209,-1.1708,-2.5821,0.7227,41.2618,91.0908,0
1745404914.043,3.037,1.729,-0.9123,-1.1702,-2.5914,0.6459,41.1341,91.1769,0
1745404914.122,3.037,1.745,-0.9037,-1.1699,-2.6011,0.7305,40.9794,91.1196,0
1745404914.202,3.044,1.760,-0.8950,-1.1693,-2.6105,0.6591,40.8284,91.2676,0
1745404914.282,3.044,1.778,-0.8867,-1.1691,-2.6204,0.7850,40.6632,91.1405,0
1745404914.361,3.039,1.778,-0.8785,-1.1690,-2.6304,0.9369,40.5211,91.0231,0
1745404914.441,3.041,1.792,-0.8703,-1.1687,-2.6400,0.9718,40.4141,90.9650,0
1745404914.520,3.041,1.807,-0.8618,-1.1684,-2.6492,0.9224,40.3615,91.0758,0
1745404914.600,3.045,1.824,-0.8533,-1.1682,-2.6587,0.8273,40.2343,91.1717,0
1745404914.680,3.046,1.841,-0.8445,-1.1676,-2.6685,0.7401,40.1693,91.2319,0
1745404914.759,3.046,1.841,-0.8354,-1.1674,-2.6782,0.6502,40.1305,91.2948,0
1745404914.839,3.046,1.855,-0.8271,-1.1673,-2.6885,0.7086,40.0002,91.2440,0
1745404914.919,3.046,1.872,-0.8187,-1.1666,-2.6983,0.7828,39.8717,91.1727,0
1745404914.998,3.047,1.889,-0.8109,-1.1664,-2.7075,0.8092,39.7889,91.1020,0
1745404915.078,3.046,1.906,-0.8026,-1.1659,-2.7171,0.8476,39.6529,91.0770,0
1745404915.158,3.045,1.906,-0.7944,-1.1650,-2.7265,0.8795,39.5185,91.0922,0
1745404915.237,3.045,1.920,-0.7858,-1.1650,-2.7364,0.8353,39.3938,91.0480,0
1745404915.317,3.041,1.937,-0.7769,-1.1650,-2.7459,0.5937,39.2863,91.2343,0
1745404915.396,3.043,1.953,-0.7683,-1.1650,-2.7560,0.5444,39.1523,91.2379,0
1745404915.476,3.037,1.969,-0.7603,-1.1644,-2.7660,0.7150,39.0840,91.1540,0
1745404915.556,3.032,1.969,-0.7523,-1.1638,-2.7756,0.6658,38.9891,91.2083,0
1745404915.635,3.032,1.988,-0.7447,-1.1632,-2.7856,0.8788,38.9234,91.0695,0
1745404915.715,3.031,2.003,-0.7365,-1.1636,-2.7954,0.9395,38.8100,90.9748,0
1745404915.795,3.026,2.017,-0.7288,-1.1631,-2.8052,1.0218,38.7707,90.8666,0
1745404915.874,3.020,2.033,-0.7204,-1.1625,-2.8152,0.9974,38.7246,90.9383,0
1745404915.954,3.018,2.033,-0.7115,-1.1623,-2.8255,0.9041,38.5879,90.9581,0
1745404916.034,3.018,2.049,-0.7027,-1.1622,-2.8360,0.8501,38.5999,91.0127,0
1745404916.113,3.020,2.067,-0.6939,-1.1614,-2.8458,0.6542,38.5574,91.1609,0
1745404916.193,3.018,2.085,-0.6857,-1.1611,-2.8557,0.6806,38.3640,91.1277,0
1745404916.273,3.021,2.103,-0.6781,-1.1607,-2.8650,0.7399,38.2646,91.0244,0
1745404916.352,3.019,2.103,-0.6699,-1.1601,-2.8749,0.6401,38.1715,90.9215,0
1745404916.432,3.019,2.118,-0.6625,-1.1598,-2.8843,0.7594,38.1235,90.8868,0
1745404916.511,3.021,2.134,-0.6542,-1.1592,-2.8942,0.6902,37.9891,90.8404,0
1745404916.591,3.021,2.148,-0.6456,-1.1600,-2.9045,0.5672,37.9100,90.8610,0
1745404916.671,3.017,2.164,-0.6370,-1.1593,-2.9147,0.5014,37.7091,90.9097,0
1745404916.751,3.025,2.164,-0.6287,-1.1592,-2.9255,0.5609,37.5918,90.8320,0
1745404916.830,3.025,2.183,-0.6207,-1.1594,-2.9365,0.7602,37.4651,90.7211,0
1745404916.910,3.018,2.202,-0.6122,-1.1588,-2.9471,0.7283,37.2954,90.6399,0
1745404916.989,3.024,2.219,-0.6046,-1.1588,-2.9576,0.8882,37.2216,90.4727,0
1745404917.069,3.022,2.238,-0.5967,-1.1580,-2.9674,0.8277,37.2496,90.5341,0
1745404917.149,3.017,2.238,-0.5886,-1.1580,-2.9775,0.8937,37.2256,90.5162,0
1745404917.228,3.017,2.252,-0.5801,-1.1576,-2.9879,0.7594,37.1611,90.6366,0
1745404917.308,3.024,2.266,-0.5718,-1.1574,-2.9984,0.6936,37.1438,90.6696,0
1745404917.388,3.015,2.287,-0.5634,-1.1573,-3.0090,0.6829,37.0258,90.6459,0
1745404917.467,3.016,2.300,-0.5557,-1.1568,-3.0193,0.7483,36.9963,90.5924,0
1745404917.547,3.017,2.300,-0.5482,-1.1565,-3.0295,0.9074,37.0172,90.4541,0
1745404917.627,3.017,2.315,-0.5401,-1.1565,-3.0395,0.8100,36.9312,90.3947,0
1745404917.706,3.023,2.332,-0.5325,-1.1564,-3.0495,0.8781,36.7965,90.3574,0
1745404917.786,3.011,2.348,-0.5244,-1.1558,-3.0596,0.8269,36.6545,90.3213,0
1745404917.865,3.011,2.370,-0.5158,-1.1559,-3.0701,0.6589,36.5340,90.4178,0
1745404917.945,3.010,2.370,-0.5078,-1.1557,-3.0804,0.6415,36.4214,90.4428,0
1745404918.025,3.010,2.379,-0.5002,-1.1555,-3.0905,0.6218,36.3201,90.4597,0
1745404918.104,3.019,2.404,-0.4926,-1.1555,-3.1012,0.7602,36.2243,90.3659,0
1745404918.184,3.009,2.418,-0.4849,-1.1552,-3.1114,0.7865,36.1195,90.3781,0
1745404918.264,3.013,2.431,-0.4775,-1.1547,-3.1217,0.9204,36.0654,90.2866,0
1745404918.343,3.017,2.431,-0.4697,-1.1540,-3.1319,0.8654,36.0199,90.2845,0
1745404918.423,3.017,2.447,-0.4617,-1.1541,-3.1421,0.8241,35.9498,90.3461,0
1745404918.503,3.018,2.461,-0.4533,-1.1539,-3.1528,0.7104,35.8534,90.4160,0
1745404918.582,3.017,2.478,-0.4454,-1.1539,-3.1634,0.7502,35.8194,90.4612,0
1745404918.662,3.009,2.501,-0.4373,-1.1540,-3.1740,0.7440,35.7887,90.4771,0
1745404918.742,3.017,2.501,-0.4300,-1.1541,-3.1845,0.8346,35.7352,90.4341,0
1745404918.821,3.017,2.517,-0.4232,-1.1539,-3.1943,1.0117,35.7713,90.3757,0
1745404918.901,3.015,2.527,-0.4159,-1.1533,-3.2039,0.9593,35.6566,90.2861,0
1745404918.981,3.008,2.543,-0.4087,-1.1524,-3.2138,1.0712,35.6061,90.2371,0
1745404919.060,3.011,2.543,-0.4004,-1.1529,-3.2242,0.9467,35.5741,90.2784,0
1745404919.140,3.008,2.559,-0.3918,-1.1525,-3.2351,0.7715,35.3970,90.3433,0
1745404919.220,3.008,2.572,-0.3836,-1.1524,-3.2456,0.6182,35.3200,90.4925,0
1745404919.299,3.005,2.597,-0.3755,-1.1521,-3.2566,0.6888,35.2305,90.4261,0
1745404919.379,3.007,2.597,-0.3678,-1.1517,-3.2674,0.7119,35.1619,90.4609,0
1745404919.459,3.010,2.597,-0.3606,-1.1520,-3.2779,0.8725,35.1212,90.3258,0
1745404919.538,3.008,2.623,-0.3536,-1.1517,-3.2880,1.0051,35.0972,90.2483,0
1745404919.618,3.008,2.644,-0.3465,-1.1513,-3.2979,0.9887,35.1054,90.2403,0
1745404919.697,3.000,2.660,-0.3391,-1.1516,-3.3077,0.9419,35.0635,90.2946,0
1745404919.777,3.004,2.672,-0.3317,-1.1510,-3.3174,0.9099,34.9746,90.4162,0
1745404919.857,3.002,2.672,-0.3235,-1.1505,-3.3283,0.8398,34.8615,90.4371,0
1745404919.936,3.006,2.692,-0.3156,-1.1505,-3.3393,0.8200,34.8195,90.4955,0
1745404920.016,3.006,2.702,-0.3075,-1.1505,-3.3503,0.8423,34.7334,90.4718,0
1745404920.096,3.000,2.727,-0.3001,-1.1505,-3.3611,0.9403,34.6209,90.3795,0
1745404920.175,3.005,2.737,-0.2924,-1.1496,-3.3713,0.9009,34.6096,90.3467,0
1745404920.255,2.999,2.737,-0.2853,-1.1504,-3.3816,0.9503,34.5725,90.3193,0
1745404920.335,2.999,2.756,-0.2780,-1.1497,-3.3915,0.9535,34.4299,90.3425,0
1745404920.414,2.997,2.775,-0.2703,-1.1496,-3.4013,0.7907,34.2695,90.4348,0
1745404920.494,3.002,2.791,-0.2622,-1.1489,-3.4113,0.5529,34.1707,90.5530,0
1745404920.573,3.001,2.808,-0.2549,-1.1492,-3.4216,0.5195,34.0889,90.6019,0
1745404920.653,2.992,2.808,-0.2491,-1.1488,-3.4301,0.6414,34.0661,90.5534,0
1745404920.733,2.992,2.817,-0.2472,-1.1489,-3.4332,0.6637,34.0204,90.5635,0
1745404920.812,2.993,2.840,-0.2474,-1.1488,-3.4328,0.6422,33.9990,90.6068,0
1745404920.892,2.992,2.846,-0.2475,-1.1488,-3.4327,0.6415,34.0046,90.6045,0
1745404920.972,3.000,2.840,-0.2475,-1.1488,-3.4326,0.6265,34.0033,90.6118,0
1745404921.051,2.999,2.840,-0.2475,-1.1487,-3.4325,0.6323,34.0020,90.6147,0
1745404921.131,2.999,2.838,-0.2474,-1.1487,-3.4326,0.6319,33.9958,90.6087,0
1745404921.211,3.000,2.846,-0.2474,-1.1487,-3.4326,0.6274,33.9957,90.6127,0
1745404921.290,2.991,2.846,-0.2474,-1.1487,-3.4325,0.6250,33.9877,90.6101,0
1745404921.370,2.994,2.845,-0.2474,-1.1486,-3.4323,0.6242,33.9874,90.6061,0
1745404921.449,2.993,2.845,-0.2474,-1.1487,-3.4325,0.6213,33.9919,90.6002,0
1745404921.529,2.993,2.838,-0.2472,-1.1490,-3.4325,0.6240,34.0127,90.5763,0
1745404921.609,2.999,2.838,-0.2475,-1.1486,-3.4323,0.6333,34.0167,90.5834,0
1745404921.689,2.994,2.845,-0.2474,-1.1487,-3.4324,0.6260,34.0041,90.5894,0
1745404921.768,2.998,2.838,-0.2475,-1.1486,-3.4324,0.6217,34.0006,90.5914,0
1745404921.848,2.992,2.838,-0.2474,-1.1487,-3.4323,0.6114,33.9982,90.5984,0
1745404921.928,2.992,2.838,-0.2474,-1.1486,-3.4323,0.6154,33.9994,90.5953,0
1745404922.007,2.998,2.846,-0.2474,-1.1488,-3.4324,0.6181,34.0062,90.5902,0
1745404922.087,2.991,2.840,-0.2475,-1.1487,-3.4324,0.6110,34.0094,90.5978,0
1745404922.166,3.001,2.840,-0.2474,-1.1486,-3.4323,0.6090,34.0065,90.6043,0
1745404922.246,2.993,2.840,-0.2475,-1.1486,-3.4322,0.6033,33.9984,90.6124,0
1745404922.326,2.993,2.838,-0.2475,-1.1486,-3.4322,0.5976,33.9951,90.6130,0
1745404922.405,2.999,2.840,-0.2475,-1.1487,-3.4323,0.5929,33.9966,90.6185,0
1745404922.485,3.001,2.840,-0.2474,-1.1486,-3.4322,0.5983,33.9966,90.6103,0
1745404922.565,2.994,2.845,-0.2474,-1.1487,-3.4321,0.5914,34.0066,90.6086,0
1745404922.644,2.991,2.845,-0.2474,-1.1485,-3.4321,0.5972,34.0090,90.5986,0
1745404922.724,2.991,2.840,-0.2474,-1.1486,-3.4320,0.5978,34.0142,90.6019,0
1745404922.804,3.000,2.847,-0.2474,-1.1485,-3.4321,0.5888,34.0078,90.6047,0
1745404922.883,2.996,2.840,-0.2475,-1.1485,-3.4319,0.5924,34.0037,90.6043,0
1745404922.963,2.999,2.838,-0.2474,-1.1487,-3.4321,0.5906,34.0006,90.6052,0
1745404923.043,2.990,2.838,-0.2474,-1.1486,-3.4321,0.5898,34.0004,90.6085,0
1745404923.122,2.990,2.838,-0.2474,-1.1486,-3.4321,0.5837,34.0041,90.6076,0
1745404923.202,2.993,2.838,-0.2475,-1.1486,-3.4320,0.5703,34.0009,90.6226,0
1745404923.281,3.000,2.838,-0.2474,-1.1486,-3.4320,0.5744,34.0049,90.6179,0
1745404923.361,2.996,2.838,-0.2474,-1.1485,-3.4319,0.5806,34.0110,90.6126,0
1745404923.441,3.001,2.838,-0.2472,-1.1486,-3.4321,0.5900,34.0132,90.6080,0
1745404923.520,3.001,2.846,-0.2471,-1.1487,-3.4321,0.6038,34.0135,90.6120,0
1745404923.600,2.998,2.838,-0.2474,-1.1486,-3.4320,0.6226,34.0209,90.6070,0
1745404923.680,2.991,2.838,-0.2475,-1.1485,-3.4318,0.6142,34.0255,90.6118,0
1745404923.759,2.991,2.846,-0.2475,-1.1485,-3.4319,0.6151,34.0265,90.6072,0
1745404923.839,2.999,2.846,-0.2473,-1.1485,-3.4319,0.6035,34.0255,90.6046,0
1745404923.919,2.999,2.846,-0.2474,-1.1485,-3.4319,0.5971,34.0160,90.6063,0
1745404923.998,2.992,2.838,-0.2473,-1.1485,-3.4318,0.5826,34.0101,90.6207,0
1745404924.078,2.991,2.845,-0.2474,-1.1486,-3.4319,0.5917,34.0170,90.6118,0
1745404924.158,2.999,2.846,-0.2474,-1.1485,-3.4318,0.5869,34.0065,90.6157,0
1745404924.237,2.991,2.846,-0.2474,-1.1485,-3.4319,0.5905,34.0053,90.6123,0
1745404924.317,2.991,2.846,-0.2473,-1.1485,-3.4319,0.5847,34.0300,90.6253,0
1745404924.396,2.993,2.838,-0.2472,-1.1486,-3.4320,0.5876,34.0153,90.6100,0
1745404924.476,2.996,2.838,-0.2472,-1.1485,-3.4320,0.5887,34.0171,90.6182,0
1745404924.556,2.999,2.847,-0.2465,-1.1486,-3.4332,0.6116,34.0278,90.5979,0
1745404924.635,2.994,2.847,-0.2444,-1.1485,-3.4360,0.6065,33.9947,90.6241,0
1745404924.715,2.994,2.840,-0.2409,-1.1483,-3.4411,0.6199,33.9464,90.6041,0
1745404924.795,2.996,2.845,-0.2365,-1.1483,-3.4481,0.7327,33.9209,90.5857,0
1745404924.874,2.994,2.854,-0.2314,-1.1482,-3.4560,0.8292,33.8833,90.5083,0
1745404924.954,2.990,2.854,-0.2274,-1.1470,-3.4631,1.1277,33.9833,90.5079,0
1745404925.034,2.998,2.864,-0.2271,-1.1468,-3.4672,1.8547,34.3993,90.1866,0
1745404925.113,2.998,2.875,-0.2271,-1.1468,-3.4678,2.0193,34.1724,90.2658,0
1745404925.193,3.001,2.883,-0.2270,-1.1466,-3.4682,2.1184,34.1846,90.1796,0
1745404925.273,3.012,2.879,-0.2269,-1.1463,-3.4700,2.4252,34.1180,90.0991,0
1745404925.352,3.008,2.879,-0.2250,-1.1455,-3.4746,2.9059,34.0911,90.0966,0
1745404925.432,3.012,2.885,-0.2184,-1.1452,-3.4767,1.2067,34.0988,92.4389,0
1745404925.512,3.012,2.884,-0.2109,-1.1439,-3.4849,0.8188,34.2552,92.9218,0
1745404925.591,3.000,2.895,-0.2029,-1.1439,-3.4953,0.7492,33.9016,92.8873,0
1745404925.671,2.987,2.907,-0.1923,-1.1440,-3.5047,-0.4434,33.7547,92.8308,0
1745404925.751,2.989,2.907,-0.1822,-1.1449,-3.5148,-1.2270,33.3451,91.8097,0
1745404925.830,2.990,2.922,-0.1809,-1.1464,-3.5261,0.8601,33.1559,90.5246,0
1745404925.910,2.990,2.940,-0.1776,-1.1464,-3.5315,0.7298,32.8756,90.5889,0
1745404925.989,2.988,2.954,-0.1756,-1.1462,-3.5339,0.6882,32.8135,90.5774,0
1745404926.069,2.990,2.972,-0.1738,-1.1464,-3.5365,0.6740,32.7282,90.6190,0
1745404926.149,2.996,2.972,-0.1710,-1.1462,-3.5405,0.6438,32.6911,90.6228,0
1745404926.228,2.996,2.970,-0.1671,-1.1460,-3.5465,0.7030,32.5904,90.5766,0
1745404926.308,2.989,2.977,-0.1623,-1.1459,-3.5536,0.6797,32.4847,90.6165,0
1745404926.388,3.000,2.990,-0.1575,-1.1458,-3.5606,0.6070,32.3686,90.6067,0
1745404926.467,2.990,3.005,-0.1528,-1.1454,-3.5672,0.5227,32.2044,90.6340,0
1745404926.547,2.989,3.005,-0.1486,-1.1448,-3.5739,0.5410,32.3021,90.4515,0
1745404926.626,2.989,3.010,-0.1480,-1.1447,-3.5761,0.7394,32.3448,90.1495,0
1745404926.706,2.999,3.028,-0.1479,-1.1452,-3.5762,0.7187,32.4956,90.2642,0
1745404926.786,2.991,3.024,-0.1480,-1.1451,-3.5759,0.7434,32.4387,90.3004,0
1745404926.865,2.993,3.025,-0.1479,-1.1448,-3.5760,0.7587,32.4621,90.2759,0
1745404926.945,2.991,3.025,-0.1480,-1.1446,-3.5764,0.8206,32.4613,90.2392,0
1745404927.025,2.991,3.029,-0.1481,-1.1449,-3.5766,0.8649,32.4566,90.2325,0
1745404927.104,2.992,3.029,-0.1470,-1.1448,-3.5780,1.0157,33.0208,90.1216,0
1745404927.184,2.986,3.026,-0.1439,-1.1442,-3.5828,1.2978,33.7429,89.5531,0
1745404927.264,2.989,3.027,-0.1367,-1.1424,-3.5919,1.2998,33.3670,88.7382,0
1745404927.343,2.989,3.027,-0.1265,-1.1424,-3.6046,0.5611,33.3657,88.5105,0
1745404927.425,2.989,3.031,-0.1163,-1.1423,-3.6185,0.4655,33.6963,88.5883,0
1745404927.503,2.977,3.059,-0.1091,-1.1419,-3.6286,0.3830,34.0329,89.0006,0
1745404927.582,2.984,3.077,-0.1057,-1.1440,-3.6330,0.3735,34.0046,90.7470,0
1745404927.662,2.968,3.082,-0.1029,-1.1440,-3.6382,0.4838,34.6274,90.8636,0
1745404927.742,2.960,3.082,-0.1020,-1.1437,-3.6391,0.4306,34.5544,91.0044,0
1745404927.821,2.960,3.083,-0.1018,-1.1436,-3.6394,0.4007,34.5249,91.0150,0
1745404927.901,2.930,3.086,-0.0997,-1.1435,-3.6423,0.3882,34.4848,91.0370,0
1745404927.981,2.936,3.087,-0.0955,-1.1434,-3.6482,0.4281,34.4594,91.0466,0
1745404928.060,2.928,3.098,-0.0946,-1.1423,-3.6541,1.5368,34.7359,90.6790,0
1745404928.140,2.938,3.098,-0.0954,-1.1423,-3.6541,1.6714,34.5284,90.6710,0
1745404928.220,2.938,3.106,-0.0952,-1.1425,-3.6540,1.6380,34.4632,90.7091,0
1745404928.299,2.955,3.103,-0.0951,-1.1424,-3.6541,1.6457,34.4730,90.7120,0
1745404928.379,2.924,3.108,-0.0950,-1.1423,-3.6541,1.6770,34.4528,90.6970,0
1745404928.459,2.930,3.105,-0.0948,-1.1419,-3.6548,1.7646,34.3512,90.8818,0
1745404928.538,2.929,3.105,-0.0935,-1.1406,-3.6579,2.1275,34.2181,91.0771,0
1745404928.618,2.929,3.105,-0.0870,-1.1409,-3.6619,0.8335,34.2770,93.0442,0
1745404928.698,2.919,3.108,-0.0786,-1.1397,-3.6707,0.4157,34.1408,93.7058,0
1745404928.777,2.921,3.117,-0.0704,-1.1398,-3.6820,0.2999,33.7925,93.6614,0
1745404928.857,2.943,3.136,-0.0591,-1.1391,-3.6913,-1.0731,33.5015,93.4186,0
1745404928.936,2.947,3.136,-0.0507,-1.1402,-3.7024,-1.2800,32.8117,92.3624,0
1745404929.016,2.947,3.161,-0.0480,-1.1415,-3.7129,0.2201,32.9093,91.3156,0
1745404929.096,2.979,3.181,-0.0456,-1.1412,-3.7176,0.2983,32.6110,91.2424,0
1745404929.175,2.945,3.192,-0.0446,-1.1413,-3.7189,0.3630,32.5063,91.1911,0
1745404929.255,2.940,3.202,-0.0431,-1.1414,-3.7216,0.3857,32.5117,91.1827,0
1745404929.335,2.942,3.202,-0.0403,-1.1412,-3.7259,0.4469,32.4036,91.1612,0
1745404929.414,2.942,3.205,-0.0361,-1.1412,-3.7327,0.4986,32.3281,91.1243,0
1745404929.494,2.939,3.207,-0.0312,-1.1407,-3.7402,0.5288,32.1181,91.1758,0
1745404929.574,2.943,3.223,-0.0259,-1.1402,-3.7481,0.5217,31.9690,91.1837,0
1745404929.653,2.937,3.230,-0.0213,-1.1402,-3.7551,0.5290,31.8803,91.1919,0
1745404929.733,2.931,3.230,-0.0179,-1.1392,-3.7618,0.8023,32.0556,90.8026,0
1745404929.812,2.931,3.245,-0.0173,-1.1393,-3.7637,0.9647,32.1429,90.6281,0
1745404929.892,2.934,3.252,-0.0172,-1.1393,-3.7634,0.8884,32.1303,90.7028,0
1745404929.972,2.952,3.253,-0.0174,-1.1397,-3.7634,0.8777,32.1541,90.7013,0
1745404930.051,2.953,3.255,-0.0171,-1.1397,-3.7636,0.8708,32.2054,90.6702,0
1745404930.131,2.947,3.255,-0.0168,-1.1394,-3.7640,0.8729,32.2761,90.6185,0
1745404930.211,2.947,3.251,-0.0164,-1.1391,-3.7649,0.8938,32.2496,90.5190,0
1745404930.290,2.950,3.250,-0.0165,-1.1390,-3.7658,1.0288,32.4419,90.4280,0
1745404930.370,2.962,3.253,-0.0154,-1.1386,-3.7690,1.4841,32.5632,90.1103,0
1745404930.450,2.964,3.253,-0.0128,-1.1377,-3.7760,2.1320,32.2704,89.4164,0
1745404930.529,2.981,3.259,-0.0010,-1.1372,-3.7869,0.5464,32.2026,88.9830,0
1745404930.609,2.981,3.257,0.0090,-1.1364,-3.8005,0.3944,32.7296,88.9277,0
1745404930.689,2.962,3.281,0.0180,-1.1367,-3.8133,0.1346,33.2330,89.1887,0
1745404930.768,2.962,3.298,0.0233,-1.1378,-3.8203,0.0548,33.6071,90.5478,0
1745404930.848,2.949,3.298,0.0262,-1.1375,-3.8256,0.2978,34.1700,91.2503,0
1745404930.929,2.944,3.298,0.0277,-1.1377,-3.8279,0.2884,34.1948,91.2106,0
1745404931.007,2.944,3.318,0.0278,-1.1377,-3.8280,0.2686,34.1569,91.2456,0
1745404931.087,2.949,3.316,0.0287,-1.1377,-3.8291,0.2653,34.1706,91.2955,0
1745404931.167,2.945,3.319,0.0303,-1.1376,-3.8313,0.2511,34.1620,91.2871,0
1745404931.246,2.943,3.319,0.0318,-1.1374,-3.8331,0.2280,34.1436,91.3389,0
1745404931.326,2.946,3.318,0.0321,-1.1374,-3.8336,0.2470,34.1617,91.3060,0
1745404931.405,2.946,3.321,0.0321,-1.1374,-3.8336,0.2338,34.1565,91.3244,0
1745404931.485,2.946,3.328,0.0322,-1.1375,-3.8335,0.2303,34.1518,91.3210,0
1745404931.565,2.947,3.323,0.0321,-1.1373,-3.8334,0.2294,34.1580,91.3142,0
1745404931.644,2.944,3.323,0.0322,-1.1374,-3.8333,0.2302,34.1633,91.3073,0
1745404931.724,2.944,3.325,0.0322,-1.1373,-3.8334,0.2372,34.1666,91.3066,0
1745404931.804,2.941,3.323,0.0322,-1.1373,-3.8332,0.2296,34.1701,91.3108,0
1745404931.883,2.941,3.327,0.0321,-1.1373,-3.8331,0.2283,34.1677,91.3122,0
1745404931.963,2.940,3.329,0.0321,-1.1374,-3.8332,0.2277,34.1695,91.3090,0
1745404932.042,2.946,3.329,0.0322,-1.1373,-3.8330,0.2232,34.1680,91.3143,0
1745404932.122,2.946,3.328,0.0321,-1.1374,-3.8330,0.2266,34.1723,91.3125,0
1745404932.202,2.946,3.328,0.0321,-1.1374,-3.8331,0.2265,34.1718,91.3043,0
1745404932.281,2.941,3.322,0.0322,-1.1372,-3.8328,0.2208,34.1747,91.3014,0
1745404932.361,2.947,3.323,0.0322,-1.1372,-3.8329,0.2291,34.1749,91.2868,0
1745404932.441,2.943,3.323,0.0323,-1.1373,-3.8330,0.2242,34.1789,91.2894,0
1745404932.520,2.943,3.321,0.0321,-1.1373,-3.8329,0.2278,34.1805,91.2950,0
1745404932.600,2.948,3.323,0.0321,-1.1373,-3.8328,0.2230,34.1780,91.2990,0
1745404932.680,2.947,3.330,0.0321,-1.1372,-3.8327,0.2169,34.1760,91.2988,0
1745404932.759,2.946,3.323,0.0321,-1.1372,-3.8327,0.2218,34.1791,91.2972,0
1745404932.958,2.946,3.323,0.0322,-1.1372,-3.8326,0.2282,34.1726,91.2959,0
1745404933.038,2.946,3.323,0.0322,-1.1372,-3.8327,0.2253,34.1763,91.2922,0
1745404933.118,2.946,3.323,0.0321,-1.1371,-3.8325,0.2228,34.1830,91.3046,0
1745404933.197,2.942,3.330,0.0321,-1.1371,-3.8324,0.2245,34.1822,91.3050,0
1745404933.277,2.947,3.323,0.0322,-1.1370,-3.8323,0.2268,34.1837,91.2935,0
1745404933.357,2.941,3.328,0.0321,-1.1371,-3.8324,0.2308,34.1815,91.2909,0
1745404933.436,2.948,3.328,0.0322,-1.1371,-3.8324,0.2326,34.1822,91.2921,0
1745404933.516,2.948,3.322,0.0321,-1.1371,-3.8323,0.2347,34.1862,91.2932,0
1745404933.715,2.940,3.327,0.0321,-1.1371,-3.8322,0.2424,34.1764,91.2844,0
1745404933.795,2.942,3.325,0.0322,-1.1371,-3.8322,0.2423,34.1787,91.2847,1
1745404933.874,2.941,3.325,0.0322,-1.1370,-3.8322,0.2509,34.1796,91.2737,1
1745404933.954,2.948,3.329,0.0321,-1.1371,-3.8322,0.2473,34.1785,91.2866,1
1745404934.034,2.947,3.329,0.0321,-1.1371,-3.8320,0.2410,34.1784,91.2953,1
1745404934.113,2.947,3.328,0.0322,-1.1371,-3.8321,0.2399,34.1819,91.2859,1
1745404938.195,2.941,3.324,0.0321,-1.1368,-3.8310,0.2158,34.1876,91.3051,0
1745404938.275,2.948,3.329,0.0322,-1.1367,-3.8310,0.2177,34.1874,91.3042,0
1745404938.354,2.946,3.322,0.0321,-1.1367,-3.8309,0.2253,34.1929,91.2995,0
1745404938.434,2.940,3.322,0.0322,-1.1367,-3.8309,0.2168,34.1933,91.3046,0
1745404938.514,2.940,3.328,0.0322,-1.1367,-3.8309,0.2141,34.1916,91.3019,0
1745404938.593,2.941,3.323,0.0322,-1.1368,-3.8310,0.2174,34.1978,91.3002,0
1745404938.675,2.948,3.323,0.0322,-1.1367,-3.8307,0.2080,34.1972,91.3158,0
1745404938.753,2.942,3.327,0.0320,-1.1367,-3.8308,0.2176,34.2012,91.3020,0
1745404938.832,2.942,3.327,0.0322,-1.1367,-3.8309,0.2103,34.2035,91.2976,0
1745404938.912,2.942,3.328,0.0322,-1.1367,-3.8308,0.2092,34.1986,91.2990,0
1745404938.992,2.939,3.327,0.0321,-1.1366,-3.8308,0.2068,34.1953,91.3104,0
1745404939.071,2.948,3.327,0.0322,-1.1367,-3.8308,0.2025,34.1944,91.3077,0
1745404939.151,2.941,3.322,0.0322,-1.1368,-3.8308,0.2143,34.2017,91.2982,0
1745404939.231,2.947,3.322,0.0321,-1.1366,-3.8306,0.2121,34.2012,91.3134,0
1745404939.310,2.947,3.328,0.0322,-1.1365,-3.8307,0.2137,34.2029,91.2972,0
1745404939.390,2.945,3.323,0.0320,-1.1366,-3.8306,0.2080,34.1969,91.3069,0
1745404939.469,2.947,3.324,0.0321,-1.1366,-3.8307,0.2107,34.1949,91.2991,0
1745404939.549,2.946,3.323,0.0320,-1.1366,-3.8305,0.2112,34.1936,91.3060,0
1745404939.629,2.947,3.323,0.0321,-1.1366,-3.8306,0.2112,34.1995,91.2971,0
1745404939.708,2.947,3.328,0.0321,-1.1366,-3.8307,0.2137,34.1971,91.2957,0
1745404939.788,2.941,3.323,0.0322,-1.1367,-3.8307,0.2007,34.1928,91.3060,0
1745404939.868,2.947,3.323,0.0321,-1.1367,-3.8306,0.2028,34.1893,91.3095,0
1745404939.947,2.942,3.329,0.0321,-1.1366,-3.8306,0.1988,34.1870,91.3089,0
1745404940.027,2.941,3.329,0.0322,-1.1366,-3.8306,0.1981,34.1910,91.3015,0
1745404940.107,2.941,3.324,0.0322,-1.1366,-3.8305,0.2030,34.1921,91.3015,0
1745404940.186,2.945,3.328,0.0321,-1.1366,-3.8305,0.2014,34.1961,91.3088,0
1745404940.266,2.947,3.329,0.0322,-1.1366,-3.8306,0.2075,34.1960,91.2970,0
1745404940.346,2.938,3.330,0.0320,-1.1366,-3.8305,0.2060,34.1949,91.3052,0
1745404940.425,2.942,3.330,0.0321,-1.1366,-3.8305,0.2049,34.1955,91.2980,0
1745404940.505,2.942,3.328,0.0321,-1.1366,-3.8305,0.1954,34.2014,91.3041,0
1745404940.585,2.940,3.327,0.0322,-1.1366,-3.8305,0.1924,34.2065,91.3022,0
1745404940.664,2.945,3.323,0.0320,-1.1368,-3.8305,0.1957,34.2160,91.3120,0
1745404940.744,2.941,3.322,0.0321,-1.1365,-3.8305,0.1948,34.2169,91.3027,0
1745404940.824,2.943,3.322,0.0321,-1.1365,-3.8304,0.2043,34.2117,91.2928,0
1745404940.903,2.943,3.324,0.0321,-1.1366,-3.8304,0.2090,34.2065,91.2856,0
1745404940.983,2.944,3.327,0.0325,-1.1366,-3.8308,0.2117,34.2508,91.2960,0
1745404941.062,2.939,3.323,0.0344,-1.1363,-3.8335,0.1850,34.1496,91.3608,0
1745404941.142,2.942,3.324,0.0386,-1.1360,-3.8391,0.1523,34.1627,91.4438,0
1745404941.222,2.946,3.324,0.0446,-1.1357,-3.8476,0.1767,34.1951,91.4996,0
1745404941.301,2.946,3.334,0.0514,-1.1355,-3.8574,0.2563,34.2875,91.4767,0
1745404941.381,2.939,3.344,0.0576,-1.1358,-3.8669,0.3698,34.4367,91.4565,0
1745404941.461,2.936,3.363,0.0629,-1.1353,-3.8747,0.3817,34.5856,91.4563,0
1745404941.540,2.934,3.363,0.0674,-1.1348,-3.8811,0.4118,34.7057,91.3923,0
1745404941.620,2.940,3.373,0.0711,-1.1346,-3.8864,0.3829,34.7592,91.4352,0
1745404941.699,2.940,3.379,0.0749,-1.1345,-3.8912,0.3580,34.7655,91.4539,0
1745404941.779,2.930,3.389,0.0789,-1.1342,-3.8966,0.3520,34.8246,91.4628,0
1745404941.859,2.932,3.396,0.0833,-1.1341,-3.9029,0.3581,34.8125,91.4588,0
1745404941.938,2.929,3.396,0.0881,-1.1337,-3.9092,0.2906,34.7697,91.4993,0
1745404942.018,2.933,3.409,0.0934,-1.1334,-3.9162,0.2167,34.8259,91.5534,0
1745404942.098,2.933,3.409,0.0989,-1.1330,-3.9236,0.1560,34.8398,91.6491,0
1745404942.177,2.937,3.425,0.1040,-1.1327,-3.9306,0.1496,34.8564,91.6387,0
1745404942.257,2.927,3.440,0.1090,-1.1327,-3.9378,0.2110,34.8803,91.6415,0
1745404942.336,2.927,3.440,0.1137,-1.1323,-3.9441,0.1969,34.9024,91.7023,0
1745404942.416,2.930,3.453,0.1187,-1.1319,-3.9508,0.1663,34.9567,91.6881,0
1745404942.496,2.930,3.462,0.1230,-1.1317,-3.9572,0.2129,34.9884,91.6479,0
1745404942.576,2.924,3.469,0.1274,-1.1315,-3.9633,0.2722,35.0091,91.6502,0
1745404942.655,2.926,3.478,0.1318,-1.1316,-3.9694,0.3030,35.0727,91.6464,0
1745404942.735,2.923,3.478,0.1365,-1.1313,-3.9758,0.2344,35.1104,91.6565,0
1745404942.814,2.921,3.488,0.1417,-1.1308,-3.9825,0.1625,35.0941,91.6247,0
1745404942.896,2.921,3.500,0.1472,-1.1305,-3.9897,0.1332,35.0954,91.5893,0
1745404942.974,2.922,3.506,0.1520,-1.1305,-3.9961,0.0905,35.0661,91.6142,0
1745404945.104,2.913,3.646,0.2216,-1.1273,-4.0918,0.0564,34.9091,91.7096,0
1745404945.184,2.920,3.643,0.2215,-1.1272,-4.0918,0.0572,34.9100,91.7118,0
1745404945.263,2.920,3.643,0.2215,-1.1272,-4.0918,0.0581,34.9064,91.7116,0
1745404945.349,2.911,3.645,0.2216,-1.1272,-4.0919,0.0484,34.9011,91.7092,0
1745404947.016,2.912,3.585,0.1882,-1.1290,-4.0477,0.1563,35.5138,91.7692,0
1745404947.095,2.912,3.583,0.1883,-1.1290,-4.0478,0.1496,35.5106,91.7578,0
1745404947.175,2.910,3.583,0.1883,-1.1291,-4.0479,0.1476,35.5115,91.7563,0
1745404947.255,2.912,3.584,0.1883,-1.1291,-4.0479,0.1331,35.5120,91.7594,0
1745404947.334,2.917,3.584,0.1884,-1.1291,-4.0481,0.1412,35.5135,91.7510,0
1745404947.414,2.912,3.584,0.1883,-1.1292,-4.0480,0.1398,35.5116,91.7555,0
1745404947.493,2.912,3.585,0.1884,-1.1291,-4.0480,0.1330,35.5083,91.7567,0
1745404947.573,2.921,3.582,0.1883,-1.1291,-4.0480,0.1413,35.5057,91.7567,0
1745404947.653,2.920,3.585,0.1884,-1.1292,-4.0481,0.1442,35.5084,91.7494,0
1745404947.732,2.911,3.585,0.1882,-1.1291,-4.0478,0.1363,35.4912,91.7331,0
1745404947.812,2.911,3.582,0.1862,-1.1291,-4.0450,0.1056,35.5350,91.7778,0
1745404947.892,2.911,3.582,0.1825,-1.1293,-4.0400,0.1465,35.5668,91.7104,0
1745404947.971,2.913,3.578,0.1777,-1.1294,-4.0334,0.1113,35.5894,91.7370,0
1745404948.051,2.919,3.572,0.1729,-1.1297,-4.0269,0.0811,35.6714,91.7170,0
1745404948.131,2.914,3.572,0.1689,-1.1300,-4.0217,0.0537,35.7851,91.6977,0
1745404948.210,2.913,3.564,0.1658,-1.1301,-4.0174,0.0381,35.8412,91.6914,0
1745404948.290,2.913,3.551,0.1634,-1.1303,-4.0140,-0.0134,35.9162,91.6788,0
1745404948.370,2.922,3.545,0.1606,-1.1303,-4.0102,-0.0053,35.9758,91.6643,0
1745404948.449,2.921,3.541,0.1577,-1.1306,-4.0066,-0.0403,36.0791,91.6639,0
1745404948.529,2.912,3.541,0.1542,-1.1308,-4.0022,0.0060,36.1450,91.6459,0
1745404948.608,2.912,3.535,0.1507,-1.1309,-3.9973,0.0128,36.2288,91.6575,0
1745404948.688,2.919,3.527,0.1467,-1.1311,-3.9926,0.0714,36.3122,91.5920,0
1745404948.768,2.922,3.516,0.1428,-1.1312,-3.9876,0.1346,36.3381,91.5689,0
1745404948.847,2.922,3.513,0.1393,-1.1315,-3.9831,0.1752,36.3392,91.5795,0
1745404948.927,2.922,3.513,0.1356,-1.1316,-3.9787,0.2087,36.2866,91.6056,0
1745404949.007,2.922,3.504,0.1325,-1.1319,-3.9749,0.2494,36.2485,91.6183,0
1745404949.086,2.913,3.495,0.1296,-1.1320,-3.9708,0.2485,36.2725,91.6026,0
1745404949.166,2.914,3.489,0.1263,-1.1321,-3.9666,0.2286,36.3373,91.6130,0
1745404949.246,2.915,3.485,0.1230,-1.1323,-3.9620,0.1777,36.3653,91.6062,0
1745404949.325,2.920,3.485,0.1194,-1.1325,-3.9574,0.1891,36.3526,91.6122,0
1745404949.405,2.920,3.474,0.1158,-1.1326,-3.9527,0.1864,36.4278,91.6561,0
1745404949.485,2.913,3.470,0.1127,-1.1329,-3.9490,0.2726,36.3644,91.6174,0
1745404949.564,2.924,3.461,0.1096,-1.1331,-3.9448,0.1982,36.4089,91.6162,0
1745404949.644,2.915,3.457,0.1062,-1.1331,-3.9402,0.1291,36.4529,91.6009,0
1745404949.724,2.917,3.457,0.1026,-1.1332,-3.9353,0.0865,36.5447,91.6283,0
1745404949.803,2.917,3.447,0.0991,-1.1336,-3.9310,0.0790,36.6170,91.6197,0
1745404949.883,2.916,3.438,0.0958,-1.1335,-3.9267,0.0644,36.7079,91.5927,0
1745404949.962,2.917,3.433,0.0925,-1.1337,-3.9226,0.1021,36.7521,91.5409,0
1745404950.042,2.923,3.424,0.0893,-1.1339,-3.9187,0.1410,36.8198,91.5134,0
1745404950.122,2.925,3.424,0.0862,-1.1341,-3.9151,0.1886,36.8502,91.4855,0
1745404950.201,2.925,3.415,0.0843,-1.1343,-3.9126,0.2081,36.8901,91.5224,0
1745404950.281,2.921,3.411,0.0841,-1.1341,-3.9123,0.1965,36.9139,91.5201,0
1745404950.361,2.925,3.407,0.0840,-1.1342,-3.9121,0.2002,36.8993,91.5341,0
1745404950.440,2.923,3.406,0.0840,-1.1341,-3.9121,0.1879,36.9042,91.5519,0
1745404950.520,2.917,3.406,0.0840,-1.1341,-3.9121,0.1913,36.8995,91.5564,0
1745404950.600,2.917,3.409,0.0840,-1.1342,-3.9122,0.1839,36.9005,91.5704,0
1745404950.679,2.922,3.406,0.0841,-1.1342,-3.9121,0.1756,36.8991,91.5834,0
1745404950.759,2.915,3.410,0.0839,-1.1341,-3.9123,0.1757,36.8991,91.5934,0
1745404950.839,2.924,3.406,0.0840,-1.1342,-3.9124,0.1601,36.8928,91.6060,0
1745404950.918,2.916,3.406,0.0839,-1.1342,-3.9122,0.1432,36.8929,91.6261,0
1745404950.998,2.916,3.407,0.0840,-1.1342,-3.9122,0.1395,36.8826,91.6313,0
1745404951.077,2.923,3.410,0.0840,-1.1342,-3.9123,0.1339,36.8851,91.6315,0
1745404951.157,2.921,3.409,0.0840,-1.1341,-3.9124,0.1419,36.8821,91.6264,0
1745404951.237,2.924,3.410,0.0840,-1.1342,-3.9122,0.1369,36.8795,91.6407,0
1745404951.316,2.923,3.410,0.0840,-1.1342,-3.9123,0.1558,36.8812,91.6239,0
1745404951.396,2.923,3.410,0.0839,-1.1342,-3.9123,0.1521,36.8788,91.6270,0
1745404951.476,2.924,3.406,0.0840,-1.1342,-3.9124,0.1451,36.8757,91.6336,0
1745404951.555,2.916,3.406,0.0841,-1.1342,-3.9125,0.1310,36.8844,91.6427,0
1745404951.635,2.915,3.406,0.0840,-1.1344,-3.9124,0.1382,36.8852,91.6403,0
1745404951.715,2.921,3.406,0.0838,-1.1344,-3.9123,0.1533,36.8819,91.6349,0
1745404951.794,2.921,3.409,0.0839,-1.1342,-3.9124,0.1581,36.8819,91.6271,0
1745404951.874,2.915,3.406,0.0841,-1.1343,-3.9126,0.1428,36.8843,91.6358,0
1745404951.954,2.915,3.406,0.0841,-1.1343,-3.9125,0.1504,36.8836,91.6355,0
1745404952.033,2.915,3.406,0.0839,-1.1342,-3.9125,0.1476,36.8823,91.6386,0
1745404952.113,2.922,3.406,0.0839,-1.1343,-3.9126,0.1376,36.8841,91.6518,0
1745404952.192,2.922,3.407,0.0840,-1.1343,-3.9127,0.1319,36.8769,91.6562,0
1745404952.272,2.917,3.409,0.0842,-1.1343,-3.9128,0.1206,36.8950,91.6798,0
1745404952.352,2.916,3.406,0.0858,-1.1342,-3.9148,0.1214,36.8774,91.6689,0
1745404952.431,2.923,3.408,0.0893,-1.1341,-3.9190,0.0919,36.8561,91.7096,0
1745404952.511,2.916,3.408,0.0943,-1.1338,-3.9251,0.0316,36.7804,91.7770,0
1745404952.591,2.916,3.414,0.1007,-1.1336,-3.9335,0.0539,36.6873,91.7680,0
1745404952.670,2.924,3.425,0.1077,-1.1338,-3.9427,0.0976,36.6297,91.7625,0
1745404952.750,2.914,3.433,0.1142,-1.1327,-3.9512,0.1426,36.5956,91.8092,0
1745404952.830,2.916,3.433,0.1205,-1.1326,-3.9593,0.1518,36.5692,91.7364,0
1745404952.909,2.916,3.450,0.1262,-1.1325,-3.9668,0.1851,36.5621,91.7739,0
1745404952.989,2.916,3.467,0.1314,-1.1321,-3.9737,0.2314,36.4984,91.7200,0
1745404953.069,2.915,3.477,0.1373,-1.1321,-3.9811,0.1586,36.4962,91.7236,0
1745404953.148,2.919,3.489,0.1435,-1.1318,-3.9887,0.0232,36.4416,91.7181,0
1745404953.228,2.921,3.489,0.1495,-1.1311,-3.9959,-0.0616,36.3337,91.7736,0
1745404953.308,2.921,3.502,0.1558,-1.1312,-4.0041,-0.0739,36.2548,91.7507,0
1745404953.387,2.921,3.512,0.1619,-1.1306,-4.0121,-0.0536,36.1133,91.7565,0
1745404953.467,2.922,3.523,0.1677,-1.1308,-4.0201,0.0192,36.0375,91.7609,0
1745404953.546,2.920,3.537,0.1736,-1.1297,-4.0278,0.0633,35.9571,91.7681,0
1745404953.626,2.912,3.537,0.1792,-1.1298,-4.0356,0.1235,35.8869,91.7536,0
1745404953.706,2.913,3.553,0.1850,-1.1303,-4.0431,0.0361,35.8587,91.8246,0
1745404953.785,2.913,3.563,0.1909,-1.1291,-4.0512,0.1225,35.7957,91.7305,0
1745404953.865,2.918,3.573,0.1971,-1.1288,-4.0590,0.0884,35.7902,91.7848,0
1745404953.945,2.912,3.588,0.2028,-1.1291,-4.0672,0.1313,35.7590,91.6920,0
1745404954.024,2.910,3.588,0.2085,-1.1281,-4.0745,0.1557,35.6847,91.6575,0
1745404954.104,2.910,3.600,0.2137,-1.1273,-4.0815,0.1624,35.6532,91.5879,0
1745404954.184,2.909,3.614,0.2176,-1.1272,-4.0860,0.0623,35.6205,91.6173,0
1745404954.263,2.916,3.626,0.2186,-1.1276,-4.0874,0.0436,35.5983,91.6347,0
1745404954.343,2.914,3.637,0.2186,-1.1277,-4.0875,0.0584,35.6050,91.6309,0
1745404954.423,2.915,3.637,0.2186,-1.1278,-4.0876,0.0648,35.6101,91.6271,0
1745404954.502,2.915,3.635,0.2185,-1.1278,-4.0876,0.0565,35.6108,91.6365,0
1745404954.582,2.915,3.636,0.2185,-1.1276,-4.0874,0.0490,35.6185,91.6394,0
1745404954.662,2.915,3.633,0.2186,-1.1277,-4.0875,0.0455,35.6179,91.6294,0
1745404954.741,2.908,3.635,0.2185,-1.1277,-4.0874,0.0512,35.6229,91.6280,0
1745404954.821,2.910,3.635,0.2185,-1.1277,-4.0875,0.0533,35.6299,91.6191,0
1745404954.900,2.910,3.635,0.2186,-1.1278,-4.0875,0.0613,35.6398,91.6130,0
1745404954.980,2.915,3.634,0.2185,-1.1279,-4.0875,0.0645,35.6456,91.6231,0
1745404955.060,2.914,3.634,0.2185,-1.1277,-4.0873,0.0678,35.6468,91.6159,0
1745404955.139,2.915,3.636,0.2186,-1.1277,-4.0874,0.0677,35.6433,91.6134,0
1745404955.219,2.908,3.636,0.2185,-1.1277,-4.0873,0.0743,35.6477,91.6117,0
1745404955.299,2.908,3.636,0.2186,-1.1276,-4.0872,0.0788,35.6456,91.6070,0
1745404955.378,2.909,3.636,0.2185,-1.1277,-4.0873,0.0857,35.6509,91.5994,0
1745404955.458,2.909,3.634,0.2186,-1.1276,-4.0872,0.0848,35.6480,91.6024,0
1745404955.538,2.907,3.633,0.2185,-1.1277,-4.0872,0.0824,35.6521,91.6112,0
1745404955.617,2.914,3.633,0.2185,-1.1276,-4.0873,0.0839,35.6486,91.6154,0
1745404955.697,2.914,3.636,0.2186,-1.1276,-4.0873,0.0808,35.6470,91.6178,1
1745404955.777,2.914,3.635,0.2186,-1.1277,-4.0872,0.0763,35.6524,91.6242,1
1745404955.856,2.913,3.632,0.2184,-1.1276,-4.0870,0.0864,35.6507,91.6174,1
1745404955.936,2.917,3.636,0.2185,-1.1276,-4.0871,0.0801,35.6566,91.6183,1
1745404975.469,3.584,4.068,1.0267,-1.1130,-3.9704,0.2062,40.6334,91.5355,0
1745404975.548,3.580,4.068,1.0267,-1.1131,-3.9706,0.2106,40.6400,91.5292,0
1745404975.628,3.584,4.068,1.0266,-1.1131,-3.9706,0.2062,40.6358,91.5379,0
1745404975.708,3.581,4.068,1.0267,-1.1130,-3.9705,0.1993,40.6349,91.5377,0
1745404975.788,3.584,4.068,1.0268,-1.1131,-3.9706,0.1994,40.6297,91.5363,0
1745404975.867,3.584,4.068,1.0266,-1.1131,-3.9707,0.2025,40.6308,91.5364,0
1745404975.947,3.583,4.069,1.0267,-1.1132,-3.9707,0.2054,40.6344,91.5340,0
1745404976.026,3.579,4.068,1.0268,-1.1131,-3.9706,0.1997,40.6291,91.5445,0
1745404976.106,3.579,4.068,1.0266,-1.1131,-3.9704,0.2088,40.6282,91.5465,0
1745404976.186,3.581,4.067,1.0268,-1.1131,-3.9708,0.2101,40.6321,91.5334,0
1745404976.265,3.581,4.068,1.0268,-1.1131,-3.9707,0.2068,40.6267,91.5322,0
1745404976.345,3.580,4.068,1.0267,-1.1132,-3.9707,0.2094,40.6342,91.5312,0
1745404976.425,3.580,4.066,1.0267,-1.1133,-3.9708,0.2196,40.6370,91.5308,0
1745404976.504,3.585,4.066,1.0267,-1.1132,-3.9708,0.2092,40.6344,91.5393,0
1745404976.584,3.581,4.069,1.0268,-1.1132,-3.9706,0.2003,40.6337,91.5449,0
1745404976.664,3.581,4.067,1.0267,-1.1132,-3.9708,0.2000,40.6371,91.5356,0
1745404976.743,3.584,4.068,1.0268,-1.1132,-3.9707,0.1979,40.6343,91.5342,0
1745404976.823,3.581,4.066,1.0268,-1.1131,-3.9708,0.2140,40.6306,91.5261,0
1745404976.903,3.584,4.066,1.0267,-1.1132,-3.9708,0.2106,40.6337,91.5363,0
1745404976.982,3.583,4.067,1.0268,-1.1132,-3.9708,0.2063,40.6356,91.5301,0
1745404977.062,3.583,4.069,1.0267,-1.1132,-3.9708,0.2149,40.6394,91.5229,0
1745404977.141,3.584,4.067,1.0267,-1.1132,-3.9709,0.2162,40.6432,91.5252,0
1745404977.221,3.580,4.068,1.0267,-1.1132,-3.9707,0.2067,40.6442,91.5378,0
1745404977.301,3.580,4.068,1.0268,-1.1133,-3.9710,0.2162,40.6411,91.5219,0
1745404977.380,3.585,4.069,1.0269,-1.1134,-3.9711,0.2137,40.6326,91.5305,0
1745404977.460,3.585,4.068,1.0268,-1.1133,-3.9711,0.2125,40.6395,91.5378,0
1745404977.540,3.579,4.068,1.0269,-1.1133,-3.9709,0.2055,40.6396,91.5474,0
1745404977.619,3.579,4.070,1.0268,-1.1132,-3.9709,0.2068,40.6455,91.5480,0
1745404977.699,3.585,4.070,1.0268,-1.1133,-3.9709,0.2105,40.6442,91.5408,0
1745404977.779,3.584,4.068,1.0268,-1.1133,-3.9709,0.2106,40.6332,91.5429,0
1745404977.858,3.584,4.069,1.0261,-1.1133,-3.9702,0.2038,40.6342,91.5383,0
1745404977.938,3.582,4.068,1.0242,-1.1132,-3.9680,0.2230,40.6185,91.5261,0
1745404978.018,3.572,4.066,1.0211,-1.1132,-3.9645,0.2712,40.5826,91.5039,0
1745404978.097,3.578,4.066,1.0173,-1.1137,-3.9601,0.2646,40.5659,91.4959,0
1745404978.177,3.578,4.063,1.0131,-1.1139,-3.9554,0.2659,40.4996,91.4814,0
1745404978.256,3.577,4.053,1.0090,-1.1137,-3.9509,0.3449,40.5412,91.4329,0
1745404978.336,3.579,4.044,1.0059,-1.1141,-3.9471,0.3201,40.5199,91.4505,0
1745404978.416,3.583,4.036,1.0032,-1.1141,-3.9440,0.3130,40.5361,91.4784,0
1745404978.495,3.578,4.036,1.0006,-1.1143,-3.9412,0.3327,40.5184,91.4800,0
1745404978.575,3.578,4.031,0.9983,-1.1143,-3.9384,0.3474,40.5192,91.4816,0
1745404978.655,3.579,4.027,0.9961,-1.1146,-3.9361,0.3356,40.4517,91.4970,0
1745404978.734,3.586,4.022,0.9953,-1.1147,-3.9352,0.3395,40.4450,91.5008,0
1745404978.814,3.583,4.018,0.9953,-1.1146,-3.9351,0.3424,40.4567,91.4965,0
1745404978.894,3.588,4.018,0.9953,-1.1145,-3.9351,0.3530,40.4737,91.4879,0
1745404978.973,3.588,4.017,0.9954,-1.1145,-3.9351,0.3573,40.4834,91.4786,0
1745404979.053,3.586,4.018,0.9953,-1.1145,-3.9351,0.3763,40.4891,91.4735,0
1745404979.132,3.584,4.019,0.9953,-1.1145,-3.9351,0.3896,40.4945,91.4636,0
1745404979.212,3.585,4.019,0.9955,-1.1146,-3.9351,0.3805,40.5009,91.4712,0
1745404979.292,3.587,4.019,0.9953,-1.1145,-3.9350,0.3900,40.5031,91.4718,0
1745404979.371,3.587,4.020,0.9954,-1.1146,-3.9351,0.3929,40.5008,91.4723,0
1745404979.451,3.584,4.018,0.9954,-1.1145,-3.9352,0.3991,40.5082,91.4701,0
1745404979.531,3.584,4.018,0.9954,-1.1146,-3.9351,0.3945,40.5058,91.4845,0
1745404979.610,3.587,4.018,0.9953,-1.1145,-3.9350,0.3955,40.5067,91.4879,0
1745404979.690,3.584,4.018,0.9953,-1.1145,-3.9350,0.3955,40.5082,91.4878,0
1745404979.770,3.584,4.018,0.9954,-1.1146,-3.9351,0.3938,40.5095,91.4891,0
1745404979.849,3.587,4.018,0.9954,-1.1145,-3.9351,0.4024,40.5097,91.4787,0
1745404979.929,3.588,4.018,0.9954,-1.1145,-3.9351,0.4057,40.5070,91.4826,0
1745404980.009,3.584,4.020,0.9954,-1.1145,-3.9351,0.4039,40.5081,91.4843,0
1745404980.088,3.586,4.020,0.9954,-1.1146,-3.9352,0.4117,40.5134,91.4788,0
1745404980.168,3.586,4.019,0.9953,-1.1146,-3.9351,0.4169,40.5164,91.4891,0
1745404980.248,3.587,4.017,0.9954,-1.1145,-3.9351,0.4166,40.5144,91.4844,0
1745404980.327,3.584,4.018,0.9953,-1.1145,-3.9350,0.4151,40.5203,91.4888,0
1745404980.407,3.584,4.018,0.9953,-1.1145,-3.9351,0.4090,40.5259,91.4901,0
1745404980.487,3.587,4.018,0.9954,-1.1145,-3.9349,0.4059,40.5259,91.4917,0
1745404980.566,3.587,4.018,0.9954,-1.1146,-3.9351,0.4138,40.5302,91.4803,0
1745404980.646,3.588,4.017,0.9955,-1.1146,-3.9352,0.4198,40.5311,91.4784,0
1745404980.726,3.586,4.019,0.9954,-1.1146,-3.9351,0.4185,40.5287,91.4861,0
1745404980.805,3.587,4.019,0.9954,-1.1146,-3.9350,0.4242,40.5316,91.4856,0
1745404980.885,3.584,4.018,0.9954,-1.1145,-3.9350,0.4269,40.5279,91.4832,0
1745404980.964,3.584,4.020,0.9954,-1.1146,-3.9350,0.4228,40.5267,91.4833,0
1745404981.044,3.584,4.019,0.9953,-1.1146,-3.9351,0.4376,40.5292,91.4707,0
1745404981.124,3.584,4.018,0.9954,-1.1145,-3.9350,0.4311,40.5241,91.4764,0
1745404981.203,3.584,4.018,0.9954,-1.1146,-3.9350,0.4302,40.5214,91.4799,0
1745404981.285,3.587,4.019,0.9953,-1.1146,-3.9350,0.4368,40.5251,91.4711,1
1745404981.363,3.587,4.020,0.9955,-1.1146,-3.9351,0.4299,40.5224,91.4725,1
1745404981.442,3.586,4.018,0.9953,-1.1146,-3.9350,0.4331,40.5253,91.4778,1
1745404981.522,3.584,4.019,0.9954,-1.1146,-3.9350,0.4419,40.5216,91.4648,1
1745404981.602,3.587,4.019,0.9953,-1.1146,-3.9350,0.4445,40.5235,91.4641,1
1745404981.681,3.584,4.019,0.9954,-1.1146,-3.9349,0.4329,40.5236,91.4738,1
1745404983.772,3.587,4.019,0.9954,-1.1145,-3.9350,0.4066,40.5331,91.4921,0
1745404983.852,3.586,4.018,0.9954,-1.1145,-3.9350,0.4110,40.5327,91.4923,0
1745404983.931,3.586,4.018,0.9953,-1.1145,-3.9349,0.4149,40.5305,91.4972,0
1745404984.011,3.586,4.019,0.9954,-1.1145,-3.9349,0.4197,40.5338,91.4873,0
1745404984.090,3.584,4.019,0.9953,-1.1145,-3.9347,0.4242,40.5336,91.4911,0
1745404984.170,3.584,4.017,0.9954,-1.1145,-3.9349,0.4232,40.5368,91.4813,0
1745404984.250,3.586,4.018,0.9955,-1.1145,-3.9351,0.4248,40.5345,91.4764,0
1745404984.329,3.587,4.019,0.9955,-1.1145,-3.9350,0.4224,40.5333,91.4880,0
1745404984.409,3.583,4.018,0.9954,-1.1145,-3.9349,0.4327,40.5333,91.4882,0
1745404984.489,3.584,4.018,0.9954,-1.1146,-3.9350,0.4378,40.5324,91.4837,0
1745404984.568,3.584,4.019,0.9953,-1.1145,-3.9348,0.4278,40.5317,91.4949,0
1745404984.648,3.586,4.020,0.9952,-1.1144,-3.9347,0.4294,40.5315,91.4966,0
1745404984.728,3.586,4.018,0.9954,-1.1145,-3.9349,0.4341,40.5292,91.4854,0
1745404984.807,3.584,4.018,0.9954,-1.1146,-3.9350,0.4305,40.5336,91.4860,0
1745404984.887,3.588,4.018,0.9954,-1.1145,-3.9349,0.4285,40.5324,91.4886,0
1745404984.967,3.588,4.018,0.9955,-1.1146,-3.9350,0.4325,40.5346,91.4829,0
1745404985.046,3.587,4.016,0.9954,-1.1146,-3.9350,0.4417,40.5337,91.4812,0
1745404985.126,3.587,4.017,0.9954,-1.1146,-3.9349,0.4301,40.5369,91.4894,0
1745404985.206,3.584,4.019,0.9954,-1.1145,-3.9348,0.4227,40.5356,91.4955,0
1745404985.285,3.584,4.019,0.9954,-1.1145,-3.9349,0.4234,40.5364,91.4902,0
1745404985.365,3.584,4.019,0.9943,-1.1146,-3.9335,0.4368,40.4781,91.5001,0
1745404985.444,3.587,4.018,0.9905,-1.1149,-3.9294,0.4481,40.4277,91.4632,0
1745404985.524,3.586,4.016,0.9845,-1.1151,-3.9222,0.3720,40.4030,91.5431,0
1745404985.604,3.588,4.008,0.9766,-1.1158,-3.9131,0.3791,40.3922,91.5037,0
1745404985.683,3.587,4.008,0.9689,-1.1159,-3.9035,0.3249,40.3547,91.5227,0
1745404985.763,3.587,3.993,0.9610,-1.1160,-3.8948,0.3656,40.3450,91.4239,0
1745404985.843,3.584,3.978,0.9544,-1.1165,-3.8871,0.3866,40.3660,91.4127,0
1745404985.922,3.588,3.965,0.9478,-1.1164,-3.8800,0.4813,40.3246,91.3046,0
1745404986.002,3.585,3.965,0.9418,-1.1167,-3.8735,0.6592,40.2602,91.1806,0
1745404986.082,3.585,3.951,0.9356,-1.1172,-3.8666,0.6694,40.1277,91.2028,0
1745404986.161,3.585,3.937,0.9293,-1.1172,-3.8590,0.6204,39.9837,91.2110,0
1745404986.241,3.584,3.928,0.9227,-1.1174,-3.8510,0.5854,39.8379,91.2334,0
1745404986.321,3.585,3.914,0.9158,-1.1182,-3.8431,0.6168,39.7014,91.1718,0
1745404986.400,3.586,3.914,0.9092,-1.1185,-3.8352,0.6527,39.5120,91.0921,0
1745404986.482,3.587,3.903,0.9023,-1.1181,-3.8269,0.6077,39.3172,91.1245,0
1745404986.559,3.587,3.888,0.8961,-1.1183,-3.8191,0.6108,39.1654,91.1053,0
1745404986.639,3.593,3.877,0.8897,-1.1186,-3.8114,0.6271,39.0838,91.0710,0
1745404986.719,3.592,3.863,0.8834,-1.1186,-3.8040,0.6142,38.9636,91.0817,0
1745404986.798,3.588,3.863,0.8774,-1.1193,-3.7970,0.6742,38.8698,91.0031,0
1745404986.878,3.590,3.853,0.8713,-1.1194,-3.7895,0.7196,38.7831,90.9936,0
1745404986.957,3.590,3.841,0.8647,-1.1190,-3.7814,0.6876,38.6643,91.0199,0
1745404987.037,3.587,3.830,0.8581,-1.1191,-3.7732,0.7110,38.5321,91.0051,0
1745404987.117,3.594,3.816,0.8521,-1.1199,-3.7654,0.6286,38.3801,91.0783,0
1745404987.197,3.594,3.816,0.8462,-1.1205,-3.7572,0.4974,38.2600,91.1852,0
1745404987.276,3.592,3.806,0.8397,-1.1206,-3.7492,0.4414,38.1501,91.2133,0
1745404987.356,3.592,3.792,0.8337,-1.1206,-3.7418,0.4615,38.0285,91.1706,0
1745404987.435,3.599,3.778,0.8279,-1.1211,-3.7344,0.5060,37.9679,91.1469,0
1745404987.515,3.594,3.765,0.8223,-1.1216,-3.7271,0.4311,37.9049,91.1954,0
1745404987.595,3.597,3.765,0.8163,-1.1217,-3.7197,0.5355,37.7411,91.1160,0
1745404987.674,3.598,3.756,0.8096,-1.1215,-3.7117,0.6598,37.5973,91.0046,0
1745404987.754,3.598,3.743,0.8032,-1.1215,-3.7036,0.6870,37.3878,91.0081,0
1745404987.834,3.599,3.733,0.7972,-1.1216,-3.6955,0.6845,37.2615,91.0008,0
1745404987.913,3.599,3.720,0.7909,-1.1222,-3.6873,0.5967,37.1142,91.0558,0
1745404987.993,3.601,3.720,0.7846,-1.1224,-3.6788,0.5683,37.0349,91.1090,0
1745404988.073,3.603,3.705,0.7783,-1.1225,-3.6708,0.6452,36.8165,91.0861,0
1745404988.152,3.603,3.690,0.7725,-1.1228,-3.6625,0.5166,36.7385,91.1780,0
1745404988.232,3.607,3.682,0.7664,-1.1229,-3.6541,0.4440,36.6797,91.2487,0
1745404988.312,3.608,3.668,0.7609,-1.1232,-3.6465,0.3727,36.5074,91.2582,0
1745404988.391,3.611,3.668,0.7554,-1.1235,-3.6408,0.6380,36.9266,90.9390,0
1745404988.471,3.611,3.659,0.7516,-1.1242,-3.6354,0.5938,36.9635,91.1487,0
1745404988.551,3.611,3.645,0.7469,-1.1237,-3.6312,0.7460,37.2440,90.7505,0
1745404988.630,3.606,3.634,0.7406,-1.1244,-3.6224,0.4850,37.1531,91.0844,0
1745404988.710,3.608,3.627,0.7331,-1.1243,-3.6134,0.6101,37.2742,91.0313,0
1745404988.791,3.610,3.627,0.7256,-1.1248,-3.6040,0.4916,37.2579,91.0885,0
1745404988.869,3.607,3.608,0.7184,-1.1255,-3.5952,0.7152,37.4339,91.1232,0
1745404988.949,3.607,3.595,0.7139,-1.1257,-3.5875,0.0952,37.8712,91.4262,0
1745404989.028,3.611,3.581,0.7074,-1.1259,-3.5807,0.4880,37.8482,91.2100,0
1745404989.108,3.606,3.568,0.7022,-1.1259,-3.5733,0.3070,37.9551,91.3634,0
1745404989.188,3.605,3.568,0.6967,-1.1259,-3.5673,0.3173,38.0128,91.2637,0
1745404989.267,3.605,3.557,0.6912,-1.1259,-3.5608,0.3818,38.1869,91.2389,0
1745404989.347,3.604,3.548,0.6854,-1.1262,-3.5540,0.3914,38.2162,91.1940,0
1745404989.427,3.607,3.536,0.6788,-1.1263,-3.5474,0.6507,38.2712,91.0053,0
1745404989.506,3.606,3.524,0.6721,-1.1257,-3.5394,0.7949,38.3415,90.9297,0
1745404989.586,3.602,3.524,0.6656,-1.1258,-3.5311,0.7274,38.5579,90.9858,0
1745404989.665,3.602,3.513,0.6591,-1.1268,-3.5228,0.5680,38.5770,90.9234,0
1745404989.785,3.601,3.497,0.6479,-1.1265,-3.5113,0.8485,38.6835,90.8285,0
1745404989.865,3.601,3.488,0.6415,-1.1278,-3.5024,0.1326,38.8194,91.3219,0
1745404989.944,3.605,3.473,0.6352,-1.1285,-3.4940,0.1046,39.1531,91.5784,0
1745404990.024,3.601,3.456,0.6280,-1.1283,-3.4870,0.3922,39.0847,91.2249,0
1745404990.104,3.604,3.443,0.6225,-1.1286,-3.4802,0.3925,39.1855,91.0943,0
1745404990.183,3.600,3.443,0.6170,-1.1290,-3.4743,0.3424,39.3550,91.0469,0
1745404990.263,3.600,3.430,0.6113,-1.1279,-3.4681,0.6295,39.3955,90.8693,0
1745404990.343,3.603,3.423,0.6049,-1.1293,-3.4601,0.4759,39.4410,91.0352,0
1745404990.422,3.604,3.412,0.5982,-1.1298,-3.4530,0.6822,39.4865,91.0907,0
1745404990.502,3.604,3.399,0.5906,-1.1295,-3.4433,0.5694,39.5596,91.0285,0
1745404990.581,3.604,3.399,0.5828,-1.1299,-3.4337,0.4473,39.5521,91.1937,0
1745404990.661,3.604,3.384,0.5754,-1.1306,-3.4242,0.2260,39.4100,91.4435,0
1745404990.741,3.601,3.368,0.5689,-1.1302,-3.4162,0.2016,39.3250,91.4464,0
1745404990.820,3.603,3.354,0.5634,-1.1307,-3.4099,0.2415,39.2407,91.3939,0
1745404990.900,3.601,3.345,0.5577,-1.1308,-3.4024,0.2237,39.1524,91.4173,0
1745404990.980,3.603,3.345,0.5514,-1.1313,-3.3950,0.2263,38.9832,91.3789,0
1745404991.059,3.603,3.329,0.5446,-1.1320,-3.3873,0.3702,38.7970,91.3137,0
1745404991.139,3.606,3.319,0.5379,-1.1309,-3.3788,0.3664,38.5740,91.3014,0
1745404991.219,3.604,3.301,0.5316,-1.1321,-3.3708,0.3332,38.4386,91.2705,0
1745404991.298,3.604,3.294,0.5254,-1.1324,-3.3633,0.2875,38.1704,91.3432,0
1745404991.378,3.604,3.294,0.5198,-1.1320,-3.3568,0.4516,37.8867,91.2512,0
1745404991.458,3.604,3.279,0.5149,-1.1323,-3.3509,0.4831,37.5336,91.2934,0
1745404991.537,3.609,3.274,0.5100,-1.1321,-3.3445,0.2518,37.1463,91.4989,0
1745404991.617,3.607,3.261,0.5042,-1.1325,-3.3377,0.4941,36.6687,91.4232,0
1745404991.697,3.613,3.261,0.4976,-1.1338,-3.3298,0.6999,36.1283,91.3718,0
1745404991.776,3.617,3.251,0.4920,-1.1332,-3.3212,0.3288,36.2208,91.3078,0
1745404991.856,3.617,3.247,0.4848,-1.1333,-3.3109,0.2696,35.7576,91.3387,0
1745404991.936,3.620,3.235,0.4776,-1.1339,-3.3013,0.3489,35.6119,91.2260,0
1745404992.015,3.620,3.218,0.4708,-1.1343,-3.2923,0.4455,35.5507,91.1207,0
1745404992.095,3.622,3.218,0.4646,-1.1345,-3.2841,0.5018,35.4583,91.0618,0
1745404992.174,3.628,3.204,0.4596,-1.1347,-3.2769,0.5260,35.4610,90.9938,0
1745404992.254,3.628,3.197,0.4546,-1.1353,-3.2699,0.4534,35.5429,91.0213,0
1745404992.334,3.624,3.178,0.4494,-1.1353,-3.2622,0.3562,35.4465,91.1318,0
1745404992.413,3.625,3.172,0.4440,-1.1353,-3.2542,0.2606,35.3650,91.1932,0
1745404992.493,3.629,3.172,0.4385,-1.1357,-3.2461,0.2095,35.2503,91.2452,0
1745404992.573,3.628,3.158,0.4331,-1.1361,-3.2386,0.1856,35.1556,91.2801,0
1745404992.652,3.628,3.145,0.4302,-1.1363,-3.2346,0.1906,35.1340,91.2976,0
1745404992.732,3.628,3.135,0.4302,-1.1361,-3.2344,0.1619,35.1113,91.2939,0
1745404992.812,3.634,3.133,0.4305,-1.1360,-3.2350,0.1698,35.1205,91.2681,0
1745404992.891,3.632,3.133,0.4306,-1.1361,-3.2351,0.1668,35.1325,91.2636,0
1745404992.971,3.631,3.134,0.4307,-1.1360,-3.2351,0.1393,35.1406,91.2802,0
1745404993.051,3.631,3.130,0.4307,-1.1360,-3.2351,0.1420,35.1332,91.2828,0
1745404993.130,3.631,3.135,0.4306,-1.1361,-3.2352,0.1365,35.1335,91.2963,0
1745404993.210,3.626,3.128,0.4307,-1.1361,-3.2352,0.1328,35.1294,91.2983,0
1745404993.290,3.630,3.128,0.4306,-1.1361,-3.2352,0.1372,35.1285,91.2869,0
1745404993.369,3.627,3.134,0.4307,-1.1362,-3.2355,0.1321,35.1250,91.2841,0
1745404993.449,3.627,3.128,0.4307,-1.1362,-3.2353,0.1375,35.1225,91.2944,0
1745404993.528,3.626,3.128,0.4306,-1.1361,-3.2353,0.1440,35.1185,91.2822,0
1745404993.608,3.631,3.129,0.4306,-1.1361,-3.2353,0.1363,35.1193,91.2827,0
1745404993.688,3.631,3.129,0.4307,-1.1361,-3.2355,0.1229,35.1249,91.2948,0
1745404993.767,3.627,3.135,0.4307,-1.1362,-3.2355,0.1141,35.1262,91.3095,0
1745404993.847,3.627,3.135,0.4306,-1.1361,-3.2355,0.1162,35.1212,91.3113,0
1745404993.927,3.626,3.136,0.4306,-1.1362,-3.2355,0.1202,35.1214,91.3049,0
1745404994.006,3.630,3.130,0.4312,-1.1362,-3.2362,0.1040,35.1156,91.2509,0
1745404994.088,3.631,3.130,0.4327,-1.1361,-3.2384,0.1326,35.1661,91.3286,0
1745404995.977,3.617,3.265,0.5122,-1.1328,-3.3508,0.4922,36.0750,91.1836,0
1745404996.057,3.617,3.262,0.5121,-1.1328,-3.3506,0.4823,36.0792,91.1948,0
1745404996.137,3.613,3.268,0.5122,-1.1328,-3.3507,0.4813,36.0855,91.1937,0
1745404996.216,3.619,3.268,0.5121,-1.1328,-3.3508,0.4789,36.0949,91.1937,0
1745404996.296,3.615,3.268,0.5122,-1.1328,-3.3506,0.4690,36.0939,91.2018,0
1745404996.376,3.618,3.268,0.5122,-1.1327,-3.3507,0.4728,36.0916,91.2043,0
1745404996.455,3.618,3.267,0.5121,-1.1328,-3.3506,0.4705,36.0895,91.2063,0
1745404996.535,3.618,3.267,0.5122,-1.1328,-3.3508,0.4804,36.0843,91.2011,0
1745404996.615,3.618,3.267,0.5121,-1.1328,-3.3506,0.4840,36.0804,91.2080,0
1745404996.694,3.617,3.264,0.5122,-1.1328,-3.3506,0.4764,36.0777,91.2077,0
1745404996.774,3.618,3.264,0.5121,-1.1327,-3.3506,0.4874,36.0742,91.2099,0
1745404996.854,3.618,3.263,0.5122,-1.1327,-3.3505,0.4834,36.0738,91.2153,0
1745404996.933,3.620,3.268,0.5120,-1.1327,-3.3506,0.4891,36.0765,91.2196,0
1745404997.013,3.619,3.268,0.5122,-1.1327,-3.3503,0.4908,36.0802,91.2131,0
1745404997.093,3.618,3.268,0.5121,-1.1327,-3.3506,0.4917,36.0843,91.2065,0
1745404997.172,3.617,3.268,0.5120,-1.1327,-3.3504,0.4739,36.0876,91.2309,0
1745404997.252,3.617,3.264,0.5125,-1.1328,-3.3510,0.4785,36.1026,91.2360,0
1745404997.332,3.614,3.267,0.5136,-1.1326,-3.3527,0.5107,36.0967,91.2644,0
1745404997.411,3.615,3.266,0.5163,-1.1325,-3.3567,0.6339,36.1250,91.1716,0
1745404997.491,3.616,3.266,0.5213,-1.1322,-3.3633,0.5731,36.1914,91.2087,0
1745404997.570,3.613,3.267,0.5276,-1.1322,-3.3716,0.5066,36.2339,91.1992,0
1745404997.650,3.613,3.280,0.5335,-1.1332,-3.3799,0.5630,36.2888,91.2275,0
1745404997.730,3.612,3.286,0.5394,-1.1320,-3.3873,0.5161,36.4227,91.2463,0
1745404997.809,3.613,3.305,0.5442,-1.1315,-3.3938,0.4240,36.4604,91.2572,0
1745404997.889,3.613,3.305,0.5485,-1.1315,-3.3990,0.3475,36.4566,91.2862,0
1745404997.969,3.609,3.311,0.5523,-1.1312,-3.4039,0.2840,36.5127,91.3246,0
1745404998.048,3.609,3.320,0.5566,-1.1313,-3.4094,0.2563,36.5317,91.2988,0
1745404998.128,3.606,3.334,0.5609,-1.1311,-3.4156,0.3394,36.5648,91.3001,0
1745404998.209,3.610,3.342,0.5658,-1.1309,-3.4222,0.3263,36.5243,91.2510,0
1745404998.287,3.605,3.342,0.5700,-1.1305,-3.4286,0.4281,36.5474,91.2104,0
1745404998.367,3.607,3.351,0.5750,-1.1304,-3.4354,0.4727,36.5795,91.1468,0
1745404998.446,3.607,3.356,0.5793,-1.1302,-3.4418,0.6240,36.6102,91.0190,0
1745404998.528,3.604,3.368,0.5835,-1.1301,-3.4480,0.7340,36.6428,90.9666,0
1745404998.606,3.604,3.376,0.5877,-1.1297,-3.4538,0.7619,36.6881,90.9314,0
1745404998.685,3.605,3.376,0.5924,-1.1294,-3.4601,0.7680,36.7559,90.9630,0
1745404998.765,3.601,3.389,0.5973,-1.1295,-3.4662,0.7248,36.8440,90.9888,0
1745404998.846,3.601,3.394,0.6022,-1.1293,-3.4726,0.7254,36.8926,90.9743,0
1745405001.095,3.587,3.552,0.6874,-1.1261,-3.5825,0.4761,37.9031,91.1877,0
1745405001.174,3.590,3.552,0.6874,-1.1260,-3.5826,0.4784,37.9061,91.1805,0
1745405001.254,3.590,3.553,0.6874,-1.1259,-3.5824,0.4731,37.9051,91.1867,0
1745405001.334,3.591,3.549,0.6874,-1.1260,-3.5825,0.4824,37.9094,91.1774,0
1745405001.413,3.590,3.550,0.6874,-1.1260,-3.5825,0.4811,37.9089,91.1731,0
1745405001.493,3.590,3.550,0.6874,-1.1259,-3.5823,0.4663,37.9134,91.1850,0
1745405001.573,3.593,3.550,0.6874,-1.1260,-3.5825,0.4688,37.9134,91.1774,0
1745405001.652,3.593,3.552,0.6874,-1.1259,-3.5824,0.4633,37.9151,91.1903,0
1745405001.732,3.586,3.552,0.6873,-1.1260,-3.5824,0.4714,37.9157,91.1885,0
1745405001.811,3.585,3.551,0.6873,-1.1260,-3.5824,0.4700,37.9306,91.1748,0
1745405001.891,3.586,3.551,0.6866,-1.1260,-3.5813,0.4677,37.8815,91.1533,0
1745405001.971,3.587,3.551,0.6842,-1.1261,-3.5782,0.4853,37.8835,91.1885,0
1745405002.050,3.587,3.549,0.6803,-1.1261,-3.5735,0.5320,37.8218,91.1737,0
1745405002.130,3.586,3.545,0.6757,-1.1262,-3.5678,0.5317,37.7839,91.1446,0
1745405002.210,3.586,3.541,0.6707,-1.1264,-3.5617,0.6676,37.6378,91.0349,0
1745405002.289,3.590,3.529,0.6658,-1.1266,-3.5562,0.8157,37.4783,90.9438,0
1745405002.369,3.589,3.529,0.6614,-1.1266,-3.5504,0.8320,37.3196,90.9681,0
1745405002.449,3.589,3.524,0.6573,-1.1267,-3.5453,0.8407,37.2176,90.9099,0
1745405002.528,3.590,3.514,0.6540,-1.1270,-3.5406,0.7510,37.1811,90.9320,0
1745405002.608,3.594,3.508,0.6513,-1.1270,-3.5370,0.7598,37.1204,90.9219,0
1745405002.687,3.591,3.500,0.6500,-1.1270,-3.5353,0.7734,37.0834,90.9287,0
1745405002.767,3.595,3.500,0.6501,-1.1269,-3.5354,0.7442,37.0721,90.9445,0
1745405002.847,3.595,3.493,0.6501,-1.1270,-3.5355,0.7329,37.0591,90.9539,0
1745405002.926,3.599,3.494,0.6500,-1.1270,-3.5354,0.7164,37.0545,90.9805,0
1745405003.006,3.595,3.492,0.6502,-1.1270,-3.5355,0.7055,37.0488,90.9841,0
1745405003.086,3.597,3.492,0.6501,-1.1270,-3.5355,0.7062,37.0526,90.9885,0
1745405003.165,3.595,3.492,0.6518,-1.1269,-3.5378,0.6998,37.0541,91.0581,0
1745405003.245,3.595,3.494,0.6573,-1.1264,-3.5451,0.7765,37.1899,91.0970,0
1745405003.325,3.599,3.498,0.6671,-1.1260,-3.5575,0.7205,37.2997,91.0839,0
1745405003.404,3.600,3.509,0.6783,-1.1255,-3.5711,0.4580,37.4047,91.2447,0
1745405003.484,3.591,3.509,0.6892,-1.1257,-3.5855,0.4887,37.4073,91.2226,0
1745405003.564,3.595,3.527,0.6972,-1.1255,-3.5963,0.5195,37.4631,91.1529,0
1745405003.643,3.595,3.550,0.6990,-1.1252,-3.5987,0.5389,37.4430,91.1229,0
1745405003.723,3.590,3.566,0.6978,-1.1255,-3.5969,0.5271,37.4432,91.1665,0
1745405003.803,3.591,3.567,0.6958,-1.1256,-3.5945,0.4916,37.4090,91.1883,0
1745405003.882,3.591,3.567,0.6946,-1.1256,-3.5926,0.4914,37.4278,91.1887,0
1745405003.962,3.586,3.567,0.6944,-1.1258,-3.5923,0.4895,37.4124,91.1742,0
1745405004.042,3.586,3.564,0.6943,-1.1257,-3.5923,0.4987,37.4112,91.1633,0
1745405004.121,3.589,3.564,0.6944,-1.1256,-3.5924,0.4990,37.4106,91.1452,0
1745405004.201,3.587,3.566,0.6943,-1.1256,-3.5922,0.4990,37.4087,91.1401,0
1745405004.281,3.591,3.566,0.6944,-1.1257,-3.5923,0.5000,37.4066,91.1296,0
1745405004.360,3.584,3.562,0.6943,-1.1257,-3.5922,0.4906,37.4128,91.1268,0
1745405004.440,3.584,3.562,0.6944,-1.1257,-3.5922,0.4873,37.4214,91.1189,0
1745405004.520,3.592,3.563,0.6945,-1.1257,-3.5926,0.5112,37.4114,91.1018,0
1745405004.599,3.593,3.564,0.6963,-1.1256,-3.5948,0.5160,37.3702,91.1326,0
1745405004.679,3.586,3.564,0.7000,-1.1255,-3.6004,0.6055,37.4982,91.0450,0
1745405004.758,3.587,3.565,0.7055,-1.1249,-3.6079,0.7064,37.4976,90.9545,0
1745405004.838,3.587,3.568,0.7118,-1.1257,-3.6166,0.8176,37.5198,90.8543,0
1745405004.918,3.592,3.583,0.7181,-1.1250,-3.6246,0.7930,37.5465,90.9121,0
1745405004.997,3.588,3.593,0.7234,-1.1246,-3.6314,0.7717,37.6087,90.9439,0
1745405005.077,3.583,3.593,0.7281,-1.1241,-3.6373,0.7257,37.6511,91.0072,0
1745405005.157,3.585,3.609,0.7316,-1.1240,-3.6415,0.7194,37.6097,90.9857,0
1745405005.236,3.585,3.615,0.7322,-1.1241,-3.6424,0.7433,37.6679,91.0073,0
1745405005.316,3.588,3.627,0.7321,-1.1239,-3.6422,0.7302,37.6865,91.0434,0
1745405005.395,3.582,3.625,0.7319,-1.1239,-3.6423,0.7257,37.6877,91.0462,0
1745405005.475,3.587,3.625,0.7319,-1.1240,-3.6423,0.7257,37.6955,91.0530,0
1745405005.555,3.585,3.627,0.7320,-1.1239,-3.6423,0.7206,37.7012,91.0665,0
1745405005.634,3.585,3.627,0.7320,-1.1240,-3.6423,0.7130,37.7016,91.0706,0
1745405005.714,3.581,3.628,0.7333,-1.1239,-3.6437,0.6976,37.6517,91.1127,0
1745405005.794,3.585,3.625,0.7370,-1.1239,-3.6484,0.6569,37.7285,91.1609,0
1745405005.873,3.581,3.625,0.7426,-1.1233,-3.6558,0.6871,37.8146,91.0896,0
1745405005.953,3.585,3.632,0.7496,-1.1225,-3.6646,0.6886,37.8977,91.1579,0
1745405006.033,3.585,3.641,0.7575,-1.1234,-3.6748,0.6830,37.9800,91.1065,0
1745405006.112,3.585,3.654,0.7642,-1.1227,-3.6840,0.8354,37.9959,90.9732,0
1745405006.192,3.586,3.669,0.7701,-1.1224,-3.6922,1.0317,38.1291,90.8832,0
1745405006.272,3.581,3.669,0.7754,-1.1224,-3.6989,0.9073,38.0831,90.8059,0
1745405006.353,3.581,3.685,0.7770,-1.1224,-3.7006,0.8974,38.1462,90.8238,0
1745405006.431,3.578,3.697,0.7761,-1.1224,-3.6994,0.9010,38.1403,90.9012,0
1745405006.511,3.577,3.698,0.7757,-1.1222,-3.6991,0.9032,38.1297,90.9166,0
1745405006.590,3.579,3.698,0.7757,-1.1223,-3.6992,0.9032,38.1338,90.9241,0
1745405006.670,3.581,3.698,0.7758,-1.1223,-3.6992,0.8915,38.1329,90.9308,0
1745405006.750,3.581,3.695,0.7758,-1.1223,-3.6991,0.8941,38.1104,90.9549,0
1745405006.829,3.581,3.698,0.7772,-1.1222,-3.7007,0.8516,38.0828,90.9810,0
1745405006.909,3.579,3.698,0.7808,-1.1219,-3.7054,0.8711,38.1243,90.9511,0
1745405006.988,3.582,3.701,0.7861,-1.1220,-3.7128,0.9635,38.1762,90.9729,0
1745405007.068,3.578,3.701,0.7931,-1.1225,-3.7213,0.8992,38.2784,91.0015,0
1745405007.148,3.578,3.709,0.8005,-1.1215,-3.7302,0.7616,38.3755,91.1312,0
1745405007.227,3.577,3.724,0.8069,-1.1214,-3.7382,0.6903,38.3571,91.1529,0
1745405007.307,3.580,3.737,0.8124,-1.1211,-3.7449,0.6874,38.3744,91.1316,0
1745405007.387,3.578,3.750,0.8170,-1.1210,-3.7510,0.7224,38.3568,91.0906,0
1745405007.466,3.580,3.750,0.8213,-1.1209,-3.7564,0.7051,38.3393,91.0772,0
1745405007.546,3.580,3.760,0.8256,-1.1205,-3.7621,0.7695,38.3119,91.0428,0
1745405007.626,3.579,3.760,0.8304,-1.1202,-3.7684,0.8788,38.3081,90.9388,0
1745405007.705,3.579,3.778,0.8358,-1.1198,-3.7758,1.0204,38.3805,90.8162,0
1745405007.785,3.579,3.792,0.8421,-1.1184,-3.7845,1.2033,38.4481,90.7093,0
1745405007.864,3.576,3.792,0.8499,-1.1172,-3.7945,1.2116,38.5396,90.7375,0
1745405007.944,3.576,3.803,0.8596,-1.1193,-3.8066,1.1807,38.6471,90.7576,0
1745405008.024,3.572,3.816,0.8689,-1.1182,-3.8179,1.1540,38.7053,90.7899,0
1745405008.103,3.574,3.838,0.8776,-1.1179,-3.8282,1.0846,38.6224,90.8522,0
1745405008.183,3.566,3.853,0.8861,-1.1179,-3.8382,1.0313,38.2838,90.8275,0
1745405008.263,3.574,3.853,0.8938,-1.1178,-3.8475,1.0637,37.9497,90.8378,0
1745405008.342,3.574,3.870,0.9005,-1.1173,-3.8561,1.2413,37.5404,90.8518,0
1745405008.422,3.574,3.887,0.9086,-1.1169,-3.8649,1.0054,37.0722,90.9549,0
1745405008.502,3.578,3.900,0.9164,-1.1171,-3.8744,1.0459,36.5801,90.9969,0
1745405008.581,3.576,3.900,0.9246,-1.1171,-3.8841,0.9639,36.0766,91.0648,0
1745405008.661,3.580,3.918,0.9333,-1.1165,-3.8941,0.7888,35.4519,91.1374,0
1745405008.742,3.580,3.935,0.9414,-1.1160,-3.9039,0.6563,34.9746,91.2583,0
1745405008.820,3.581,3.957,0.9482,-1.1156,-3.9134,0.7256,34.8314,91.2343,0
1745405008.900,3.591,3.976,0.9547,-1.1156,-3.9223,0.6327,34.8353,91.3400,0
1745405008.979,3.586,3.976,0.9608,-1.1157,-3.9314,0.7060,34.7702,91.2892,0
1745405009.059,3.585,3.991,0.9665,-1.1149,-3.9399,0.8587,34.7018,91.2316,0
1745405009.139,3.585,4.007,0.9725,-1.1146,-3.9485,0.8601,34.7096,91.2294,0
1745405009.218,3.585,4.020,0.9786,-1.1150,-3.9572,0.7983,34.6536,91.2855,0
1745405009.298,3.586,4.031,0.9837,-1.1142,-3.9639,0.7332,34.6363,91.3073,0
1745405009.378,3.585,4.031,0.9861,-1.1140,-3.9669,0.7093,34.6088,91.3549,0
1745405009.457,3.584,4.047,0.9861,-1.1139,-3.9671,0.7222,34.6241,91.3425,0
1745405009.537,3.584,4.054,0.9860,-1.1139,-3.9670,0.7195,34.6314,91.3473,0
1745405009.617,3.580,4.055,0.9860,-1.1139,-3.9669,0.7172,34.6267,91.3488,0
1745405009.696,3.585,4.055,0.9860,-1.1140,-3.9670,0.7149,34.6305,91.3385,0
1745405009.776,3.585,4.055,0.9860,-1.1140,-3.9671,0.7188,34.6345,91.3348,0
1745405009.856,3.585,4.056,0.9859,-1.1139,-3.9669,0.7218,34.6373,91.3366,0
1745405009.935,3.585,4.054,0.9859,-1.1139,-3.9668,0.7143,34.6379,91.3359,0
1745405010.015,3.586,4.056,0.9860,-1.1139,-3.9670,0.7131,34.6378,91.3227,0
1745405010.094,3.581,4.054,0.9860,-1.1139,-3.9670,0.7084,34.6339,91.3212,0
1745405010.174,3.581,4.054,0.9859,-1.1139,-3.9669,0.7125,34.6332,91.3195,0
1745405010.254,3.585,4.056,0.9860,-1.1140,-3.9669,0.7187,34.6306,91.3114,0
1745405010.333,3.585,4.055,0.9860,-1.1139,-3.9669,0.7123,34.6287,91.3166,0
1745405010.413,3.584,4.055,0.9861,-1.1139,-3.9670,0.7192,34.6235,91.3075,0
1745405010.493,3.583,4.053,0.9859,-1.1139,-3.9668,0.7224,34.6247,91.3086,0
1745405010.572,3.583,4.053,0.9860,-1.1140,-3.9668,0.7119,34.6286,91.3124,0
1745405010.652,3.585,4.054,0.9859,-1.1140,-3.9669,0.7204,34.6341,91.3156,0
1745405010.732,3.585,4.054,0.9860,-1.1140,-3.9668,0.7138,34.6403,91.3171,0
1745405010.811,3.584,4.055,0.9859,-1.1139,-3.9669,0.7194,34.6493,91.3187,0
1745405010.891,3.586,4.056,0.9860,-1.1139,-3.9667,0.7135,34.6440,91.3182,0
1745405010.971,3.583,4.056,0.9860,-1.1139,-3.9668,0.7220,34.6420,91.3147,0
1745405011.050,3.584,4.058,0.9860,-1.1139,-3.9668,0.7222,34.6438,91.3107,0
1745405011.130,3.584,4.056,0.9859,-1.1139,-3.9669,0.7285,34.6468,91.3085,0
1745405011.210,3.583,4.056,0.9859,-1.1139,-3.9667,0.7249,34.6519,91.3178,0
1745405011.289,3.584,4.057,0.9859,-1.1139,-3.9668,0.7293,34.6473,91.3153,1
1745405011.369,3.583,4.057,0.9860,-1.1139,-3.9669,0.7253,34.6443,91.3128,1
1745405011.448,3.585,4.055,0.9860,-1.1139,-3.9667,0.7237,34.6424,91.3127,1
1745405038.209,5.252,3.751,2.0834,-1.1288,-2.6535,0.4733,39.2036,91.5770,0
1745405038.289,5.253,3.750,2.0832,-1.1288,-2.6535,0.4787,39.2082,91.5772,0
1745405038.369,5.251,3.749,2.0834,-1.1289,-2.6536,0.4697,39.2008,91.5780,0
1745405038.448,5.251,3.749,2.0835,-1.1289,-2.6536,0.4648,39.2001,91.5780,1
1745405038.528,5.251,3.750,2.0834,-1.1289,-2.6537,0.4625,39.1993,91.5838,1
1745405038.607,5.251,3.754,2.0835,-1.1289,-2.6537,0.4624,39.1997,91.5825,1
1745405038.687,5.250,3.750,2.0835,-1.1289,-2.6536,0.4568,39.2023,91.5878,1
1745405038.767,5.250,3.750,2.0834,-1.1289,-2.6535,0.4555,39.2039,91.5951,1
1745405038.846,5.250,3.750,2.0835,-1.1290,-2.6538,0.4616,39.2024,91.5813,1
1745405038.926,5.252,3.752,2.0834,-1.1289,-2.6537,0.4635,39.2029,91.5854,1
1745405039.006,5.252,3.752,2.0834,-1.1288,-2.6535,0.4549,39.2002,91.5983,1
1745405039.085,5.251,3.751,2.0835,-1.1288,-2.6537,0.4595,39.2039,91.5836,1
1745405039.165,5.252,3.752,2.0834,-1.1289,-2.6537,0.4573,39.2032,91.5872,1
1745405039.245,5.251,3.752,2.0834,-1.1289,-2.6535,0.4615,39.2014,91.5844,1
1745405039.324,5.253,3.752,2.0834,-1.1289,-2.6536,0.4674,39.2057,91.5809,1
1745405039.404,5.253,3.753,2.0834,-1.1289,-2.6536,0.4654,39.2002,91.5759,1
1745405039.483,5.253,3.750,2.0836,-1.1291,-2.6538,0.4630,39.1992,91.5800,1
1745405039.563,5.252,3.752,2.0835,-1.1290,-2.6537,0.4670,39.1994,91.5795,1
1745405039.643,5.252,3.752,2.0834,-1.1289,-2.6535,0.4615,39.2043,91.5881,1
1745405039.722,5.251,3.750,2.0835,-1.1289,-2.6537,0.4688,39.1982,91.5742,1
1745405039.802,5.251,3.753,2.0835,-1.1290,-2.6538,0.4633,39.2036,91.5828,1
1745405039.882,5.252,3.751,2.0834,-1.1290,-2.6536,0.4563,39.2049,91.5891,1
1745405039.961,5.251,3.751,2.0835,-1.1289,-2.6538,0.4522,39.2037,91.5864,1
1745405040.041,5.250,3.751,2.0836,-1.1290,-2.6537,0.4493,39.2013,91.5906,1
1745405040.121,5.253,3.752,2.0834,-1.1289,-2.6536,0.4543,39.1939,91.5859,1
1745405040.200,5.253,3.752,2.0835,-1.1289,-2.6537,0.4526,39.1919,91.5863,1
1745405040.280,5.252,3.752,2.0835,-1.1289,-2.6537,0.4507,39.1892,91.5876,1
1745405040.360,5.249,3.751,2.0836,-1.1290,-2.6538,0.4484,39.1930,91.5862,1
1745405040.439,5.251,3.751,2.0837,-1.1290,-2.6537,0.4451,39.1941,91.5907,1
1745405040.519,5.251,3.749,2.0835,-1.1289,-2.6538,0.4513,39.1895,91.5931,1
1745405040.599,5.251,3.752,2.0835,-1.1289,-2.6536,0.4517,39.1892,91.5963,1
1745405041.833,5.252,3.753,2.0835,-1.1290,-2.6538,0.4524,39.1929,91.5969,0
1745405041.913,5.252,3.753,2.0837,-1.1291,-2.6539,0.4446,39.1911,91.5888,0
1745405041.992,5.251,3.751,2.0836,-1.1291,-2.6538,0.4453,39.1939,91.5954,0
1745405042.072,5.253,3.753,2.0836,-1.1290,-2.6540,0.4508,39.1980,91.5876,0
1745405042.152,5.252,3.753,2.0838,-1.1291,-2.6539,0.4331,39.1959,91.6041,0
1745405042.231,5.251,3.752,2.0836,-1.1290,-2.6539,0.4497,39.1922,91.5966,0
1745405042.311,5.251,3.750,2.0837,-1.1290,-2.6540,0.4588,39.1960,91.5932,0
1745405042.391,5.251,3.754,2.0837,-1.1291,-2.6540,0.4524,39.1944,91.6018,0
1745405042.470,5.249,3.753,2.0836,-1.1290,-2.6537,0.4461,39.1940,91.6092,0
1745405042.550,5.251,3.753,2.0836,-1.1290,-2.6539,0.4539,39.2004,91.6049,0
1745405042.630,5.253,3.751,2.0837,-1.1291,-2.6540,0.4511,39.2017,91.6024,0
1745405042.709,5.253,3.754,2.0838,-1.1292,-2.6540,0.4565,39.1954,91.6014,0
1745405042.789,5.250,3.752,2.0836,-1.1291,-2.6540,0.4569,39.1933,91.6022,0
1745405042.868,5.251,3.753,2.0838,-1.1291,-2.6540,0.4546,39.1916,91.6038,0
1745405042.948,5.252,3.753,2.0835,-1.1290,-2.6539,0.4647,39.1938,91.5969,0
1745405043.028,5.252,3.753,2.0837,-1.1291,-2.6540,0.4656,39.1873,91.5943,0
1745405043.107,5.252,3.750,2.0836,-1.1290,-2.6539,0.4582,39.1854,91.6059,0
1745405043.187,5.251,3.750,2.0837,-1.1291,-2.6539,0.4551,39.1877,91.6002,0
1745405043.266,5.251,3.753,2.0835,-1.1289,-2.6538,0.4538,39.1899,91.5994,0
1745405043.346,5.252,3.753,2.0837,-1.1291,-2.6540,0.4492,39.1926,91.5914,0
1745405043.426,5.251,3.750,2.0837,-1.1291,-2.6540,0.4548,39.1968,91.5919,0
1745405043.505,5.251,3.749,2.0836,-1.1290,-2.6539,0.4558,39.1995,91.5938,0
1745405043.585,5.253,3.749,2.0835,-1.1290,-2.6538,0.4591,39.2024,91.5863,0
1745405043.665,5.249,3.752,2.0836,-1.1291,-2.6539,0.4594,39.2060,91.5861,0
1745405043.744,5.252,3.752,2.0837,-1.1291,-2.6540,0.4627,39.2004,91.5848,0
1745405043.824,5.251,3.750,2.0837,-1.1291,-2.6540,0.4577,39.1986,91.5883,0
1745405044.023,5.252,3.751,2.0837,-1.1291,-2.6540,0.4631,39.2033,91.5940,0
1745405044.103,5.252,3.753,2.0837,-1.1291,-2.6540,0.4615,39.2061,91.5935,0
1745405044.183,5.252,3.751,2.0838,-1.1291,-2.6539,0.4538,39.1994,91.5952,0
1745405044.262,5.252,3.752,2.0837,-1.1291,-2.6540,0.4555,39.2013,91.5949,0
1745405044.342,5.252,3.752,2.0837,-1.1291,-2.6540,0.4384,39.2001,91.6101,0
1745405044.421,5.249,3.750,2.0837,-1.1291,-2.6539,0.4392,39.2010,91.6040,0
1745405044.501,5.249,3.749,2.0838,-1.1291,-2.6540,0.4391,39.2042,91.6034,0
1745405044.581,5.250,3.751,2.0839,-1.1291,-2.6541,0.4387,39.2004,91.6005,0
1745405044.660,5.251,3.751,2.0838,-1.1291,-2.6540,0.4372,39.2033,91.6051,0
1745405044.740,5.252,3.751,2.0838,-1.1291,-2.6540,0.4384,39.2043,91.6062,0
1745405044.820,5.251,3.751,2.0832,-1.1290,-2.6535,0.4403,39.2142,91.6059,0
1745405044.899,5.251,3.753,2.0817,-1.1291,-2.6515,0.4310,39.2253,91.5816,0
1745405044.979,5.250,3.752,2.0784,-1.1292,-2.6480,0.4812,39.3170,91.5705,0
1745405045.059,5.249,3.745,2.0747,-1.1293,-2.6435,0.4654,39.3448,91.5781,0
1745405045.138,5.250,3.745,2.0710,-1.1297,-2.6392,0.4597,39.3556,91.5882,0
1745405045.218,5.252,3.741,2.0675,-1.1298,-2.6350,0.4139,39.4079,91.6381,0
1745405045.298,5.252,3.734,2.0647,-1.1300,-2.6316,0.3925,39.4277,91.6781,0
1745405045.377,5.250,3.727,2.0623,-1.1299,-2.6287,0.3503,39.4593,91.7167,0
1745405045.457,5.250,3.722,2.0602,-1.1299,-2.6261,0.3256,39.4914,91.7391,0
1745405045.537,5.250,3.722,2.0580,-1.1302,-2.6235,0.2818,39.5134,91.7476,0
1745405045.616,5.250,3.717,2.0558,-1.1304,-2.6207,0.2562,39.5335,91.7715,0
1745405045.696,5.250,3.713,2.0531,-1.1304,-2.6174,0.2174,39.5716,91.7843,0
1745405045.775,5.250,3.706,2.0506,-1.1305,-2.6146,0.2246,39.6127,91.7788,0
1745405045.855,5.251,3.699,2.0482,-1.1306,-2.6117,0.2325,39.6047,91.7755,0
1745405045.935,5.250,3.699,2.0456,-1.1307,-2.6088,0.2165,39.6597,91.7731,0
1745405046.014,5.250,3.699,2.0428,-1.1307,-2.6054,0.2228,39.6984,91.7786,0
1745405046.094,5.250,3.692,2.0402,-1.1309,-2.6025,0.2327,39.7549,91.7655,0
1745405046.174,5.250,3.688,2.0374,-1.1310,-2.5993,0.2215,39.8020,91.7940,0
1745405046.253,5.249,3.682,2.0350,-1.1311,-2.5964,0.2324,39.8359,91.7890,0
1745405046.333,5.249,3.682,2.0321,-1.1311,-2.5933,0.2195,39.8618,91.8026,0
1745405046.412,5.248,3.676,2.0292,-1.1314,-2.5902,0.2901,39.8435,91.7425,0
1745405046.492,5.248,3.671,2.0263,-1.1314,-2.5869,0.3310,39.8930,91.7004,0
1745405046.572,5.249,3.668,2.0232,-1.1315,-2.5838,0.4323,39.8877,91.6277,0
1745405046.651,5.248,3.662,2.0204,-1.1317,-2.5807,0.4700,39.8907,91.6136,0
1745405046.731,5.248,3.662,2.0179,-1.1316,-2.5779,0.5081,39.9277,91.5834,0
1745405046.811,5.248,3.655,2.0156,-1.1318,-2.5754,0.5478,39.9259,91.5837,0
1745405046.890,5.248,3.649,2.0131,-1.1319,-2.5725,0.5536,39.9246,91.5723,0
1745405046.970,5.249,3.646,2.0106,-1.1319,-2.5696,0.5885,39.9061,91.5519,0
1745405047.050,5.248,3.643,2.0075,-1.1321,-2.5663,0.5860,39.9549,91.5914,0
1745405047.129,5.247,3.643,2.0044,-1.1322,-2.5626,0.5827,39.9323,91.5920,0
1745405047.209,5.247,3.636,2.0014,-1.1324,-2.5591,0.5252,40.0005,91.6426,0
1745405047.289,5.247,3.628,1.9983,-1.1324,-2.5555,0.5159,40.0106,91.6633,0
1745405047.368,5.248,3.626,1.9956,-1.1326,-2.5523,0.5131,40.0199,91.6882,0
1745405047.448,5.246,3.626,1.9933,-1.1329,-2.5500,0.5590,40.0491,91.6590,0
1745405047.527,5.249,3.619,1.9910,-1.1328,-2.5473,0.5672,40.0328,91.6866,0
1745405047.607,5.249,3.612,1.9887,-1.1330,-2.5452,0.6558,40.0622,91.6456,0
1745405047.687,5.248,3.608,1.9864,-1.1330,-2.5423,0.6211,40.0267,91.6626,0
1745405047.766,5.246,3.606,1.9835,-1.1330,-2.5387,0.5525,40.0616,91.6768,0
1745405047.846,5.246,3.606,1.9799,-1.1331,-2.5344,0.5008,40.0758,91.7116,0
1745405047.926,5.247,3.601,1.9762,-1.1333,-2.5300,0.5127,40.0743,91.7531,0
1745405048.005,5.247,3.597,1.9720,-1.1337,-2.5252,0.5037,40.0958,91.7793,0
1745405048.085,5.250,3.587,1.9672,-1.1339,-2.5197,0.4982,40.0964,91.7792,0
1745405048.165,5.248,3.577,1.9622,-1.1340,-2.5142,0.5438,40.1905,91.7225,0
1745405048.244,5.246,3.577,1.9572,-1.1343,-2.5087,0.6074,40.2515,91.6639,0
1745405048.324,5.249,3.568,1.9524,-1.1344,-2.5034,0.6419,40.3508,91.6202,0
1745405048.404,5.249,3.562,1.9476,-1.1344,-2.4981,0.6749,40.4222,91.6021,0
1745405048.483,5.248,3.552,1.9428,-1.1345,-2.4928,0.7072,40.5202,91.5461,0
1745405048.563,5.244,3.542,1.9381,-1.1348,-2.4875,0.7169,40.6309,91.5877,0
1745405048.643,5.241,3.542,1.9332,-1.1350,-2.4822,0.7581,40.6448,91.5161,0
1745405048.722,5.241,3.533,1.9283,-1.1356,-2.4766,0.7231,40.6916,91.5862,0
1745405048.802,5.241,3.527,1.9235,-1.1358,-2.4711,0.6858,40.7729,91.6380,0
1745405048.881,5.241,3.519,1.9186,-1.1359,-2.4653,0.5660,40.8308,91.7053,0
1745405048.961,5.241,3.508,1.9137,-1.1362,-2.4598,0.5276,40.8785,91.7108,0
1745405049.041,5.245,3.508,1.9097,-1.1364,-2.4551,0.4967,40.9669,91.7124,0
1745405049.121,5.244,3.496,1.9058,-1.1366,-2.4511,0.5230,40.9889,91.6263,0
1745405049.200,5.244,3.492,1.9023,-1.1368,-2.4472,0.5291,41.0422,91.6225,0
1745405049.280,5.243,3.484,1.8992,-1.1370,-2.4435,0.5157,41.0730,91.5986,0
1745405049.360,5.243,3.474,1.8958,-1.1372,-2.4400,0.5311,41.0794,91.5814,0
1745405049.439,5.243,3.474,1.8925,-1.1372,-2.4363,0.5039,41.1823,91.6068,0
1745405049.519,5.244,3.470,1.8887,-1.1370,-2.4323,0.5513,41.1571,91.5238,0
1745405049.598,5.244,3.463,1.8847,-1.1374,-2.4282,0.6484,41.1732,91.4407,0
1745405049.678,5.244,3.455,1.8804,-1.1376,-2.4239,0.7839,41.1774,91.3075,0
1745405049.758,5.244,3.449,1.8764,-1.1377,-2.4197,0.8391,41.1701,91.2517,0
1745405049.837,5.247,3.449,1.8728,-1.1379,-2.4158,0.8337,41.1984,91.2651,0
1745405049.917,5.242,3.443,1.8694,-1.1380,-2.4123,0.8771,41.1721,91.1917,0
1745405049.997,5.242,3.433,1.8658,-1.1380,-2.4082,0.8589,41.1858,91.2074,0
1745405050.076,5.241,3.427,1.8620,-1.1382,-2.4037,0.8026,41.1833,91.1981,0
1745405050.156,5.243,3.418,1.8581,-1.1385,-2.3990,0.7450,41.1750,91.2380,0
1745405050.236,5.246,3.418,1.8538,-1.1386,-2.3948,0.7885,41.2094,91.2333,0
1745405050.315,5.245,3.415,1.8505,-1.1387,-2.3912,0.8780,41.0714,91.1754,0
1745405050.395,5.245,3.406,1.8472,-1.1386,-2.3877,0.8649,41.1146,91.1698,0
1745405050.474,5.243,3.402,1.8440,-1.1388,-2.3837,0.7340,41.1475,91.1886,0
1745405050.554,5.242,3.394,1.8400,-1.1390,-2.3792,0.7351,41.1746,91.1809,0
1745405050.634,5.242,3.394,1.8359,-1.1392,-2.3746,0.7387,41.0535,91.2058,0
1745405050.713,5.242,3.390,1.8320,-1.1396,-2.3700,0.6691,41.0081,91.2712,0
1745405050.793,5.242,3.378,1.8282,-1.1396,-2.3659,0.7103,41.0104,91.2120,0
1745405050.873,5.232,3.371,1.8246,-1.1396,-2.3621,0.7339,41.0100,91.1958,0
1745405050.952,5.234,3.368,1.8210,-1.1398,-2.3583,0.7886,41.0156,91.1359,0
1745405051.032,5.229,3.368,1.8177,-1.1399,-2.3549,0.8515,41.0463,91.0966,0
1745405051.112,5.224,3.360,1.8144,-1.1401,-2.3511,0.8622,41.0874,91.0967,0
1745405051.191,5.224,3.353,1.8108,-1.1400,-2.3471,0.8857,41.0978,91.0203,0
1745405051.271,5.230,3.344,1.8069,-1.1401,-2.3429,0.9174,41.1352,91.0226,0
1745405051.351,5.230,3.340,1.8030,-1.1403,-2.3387,0.9484,41.1879,90.9627,0
1745405051.430,5.229,3.340,1.7991,-1.1405,-2.3345,0.9698,41.2501,90.9504,0
1745405051.510,5.229,3.335,1.7950,-1.1407,-2.3298,0.9699,41.2586,90.9980,0
1745405051.589,5.229,3.321,1.7911,-1.1411,-2.3258,0.9573,41.3209,91.0246,0
1745405051.669,5.231,3.316,1.7876,-1.1412,-2.3217,0.9133,41.3290,91.0977,0
1745405051.749,5.232,3.314,1.7843,-1.1411,-2.3179,0.8716,41.3212,91.1888,0
1745405051.828,5.232,3.314,1.7816,-1.1413,-2.3148,0.8087,41.3359,91.2452,0
1745405051.908,5.226,3.305,1.7790,-1.1415,-2.3117,0.7330,41.3550,91.3309,0
1745405051.988,5.226,3.297,1.7762,-1.1415,-2.3085,0.6955,41.3613,91.3677,0
1745405052.067,5.232,3.294,1.7739,-1.1418,-2.3057,0.6330,41.4087,91.3757,0
1745405052.147,5.235,3.285,1.7711,-1.1418,-2.3027,0.6420,41.4170,91.3879,0
1745405052.227,5.236,3.285,1.7685,-1.1418,-2.2997,0.5777,41.4264,91.4132,0
1745405052.306,5.236,3.284,1.7656,-1.1419,-2.2966,0.5746,41.4525,91.3828,0
1745405052.386,5.236,3.281,1.7628,-1.1421,-2.2932,0.5650,41.3489,91.3698,0
1745405052.466,5.235,3.273,1.7597,-1.1421,-2.2896,0.5765,41.2616,91.3606,0
1745405052.545,5.237,3.265,1.7567,-1.1423,-2.2860,0.5229,41.1084,91.3830,0
1745405052.625,5.234,3.265,1.7538,-1.1425,-2.2824,0.5246,40.9488,91.3763,0
1745405052.704,5.234,3.258,1.7509,-1.1424,-2.2790,0.5259,40.8096,91.3892,0
1745405052.784,5.236,3.253,1.7478,-1.1425,-2.2754,0.6012,40.6385,91.3555,0
1745405052.864,5.235,3.253,1.7447,-1.1427,-2.2719,0.6401,40.5875,91.3040,0
1745405052.943,5.238,3.244,1.7417,-1.1428,-2.2689,0.7518,40.5030,91.1932,0
1745405053.023,5.238,3.244,1.7389,-1.1429,-2.2658,0.8058,40.4605,91.1785,0
1745405053.103,5.238,3.240,1.7365,-1.1429,-2.2631,0.8331,40.4174,91.1647,0
1745405053.182,5.230,3.232,1.7339,-1.1429,-2.2602,0.8264,40.3615,91.1649,0
1745405053.262,5.225,3.233,1.7310,-1.1430,-2.2569,0.8662,40.2681,91.1498,0
1745405053.342,5.235,3.233,1.7280,-1.1433,-2.2535,0.8339,40.2559,91.1478,0
1745405053.421,5.235,3.223,1.7248,-1.1434,-2.2494,0.7945,40.1614,91.1602,0
1745405053.501,5.235,3.221,1.7215,-1.1437,-2.2454,0.7529,40.1179,91.1925,0
1745405053.581,5.234,3.211,1.7182,-1.1437,-2.2414,0.7227,40.0743,91.2172,0
1745405053.660,5.239,3.203,1.7153,-1.1438,-2.2381,0.7434,40.0542,91.2225,0
1745405053.740,5.238,3.203,1.7128,-1.1438,-2.2353,0.7732,39.9874,91.2082,0
1745405053.821,5.238,3.200,1.7107,-1.1439,-2.2329,0.7946,39.9629,91.2054,0
1745405053.899,5.238,3.199,1.7085,-1.1440,-2.2304,0.8707,39.7835,91.1302,0
1745405053.979,5.241,3.194,1.7059,-1.1440,-2.2269,0.7355,39.8502,91.1728,0
1745405054.059,5.242,3.182,1.7023,-1.1442,-2.2226,0.6972,39.7437,91.1849,0
1745405054.138,5.242,3.182,1.6990,-1.1446,-2.2187,0.6692,39.6723,91.1645,0
1745405054.218,5.240,3.178,1.6957,-1.1448,-2.2146,0.6673,39.5217,91.1955,0
1745405054.297,5.240,3.173,1.6927,-1.1448,-2.2108,0.6645,39.4879,91.2115,0
1745405054.377,5.242,3.164,1.6901,-1.1450,-2.2078,0.6664,39.3922,91.1930,0
1745405054.457,5.242,3.160,1.6878,-1.1450,-2.2050,0.6746,39.3710,91.1798,0
1745405054.536,5.243,3.160,1.6853,-1.1450,-2.2023,0.7002,39.3144,91.1713,0
1745405054.616,5.242,3.161,1.6832,-1.1451,-2.1996,0.7169,39.3443,91.1398,0
1745405054.695,5.242,3.150,1.6804,-1.1452,-2.1963,0.7194,39.3252,91.1298,0
1745405054.775,5.244,3.146,1.6776,-1.1452,-2.1930,0.7524,39.2805,91.1183,0
1745405054.855,5.244,3.140,1.6748,-1.1455,-2.1893,0.7617,39.2170,91.1022,0
1745405054.935,5.244,3.140,1.6717,-1.1456,-2.1859,0.7673,39.2032,91.0877,0
1745405055.014,5.245,3.141,1.6687,-1.1455,-2.1824,0.7802,39.1778,91.0782,0
1745405055.094,5.245,3.134,1.6657,-1.1456,-2.1788,0.7687,39.2204,91.0701,0
1745405055.173,5.244,3.129,1.6627,-1.1459,-2.1754,0.8105,39.1954,91.0325,0
1745405055.253,5.245,3.118,1.6599,-1.1459,-2.1721,0.8288,39.2089,90.9794,0
1745405055.333,5.244,3.118,1.6571,-1.1460,-2.1686,0.8512,39.1847,90.9659,0
1745405055.412,5.244,3.117,1.6542,-1.1461,-2.1650,0.8154,39.1227,91.0084,0
1745405055.492,5.244,3.106,1.6510,-1.1463,-2.1611,0.7905,39.0979,91.0739,0
1745405055.572,5.246,3.101,1.6480,-1.1463,-2.1573,0.7670,39.0647,91.1052,0
1745405055.651,5.244,3.094,1.6449,-1.1467,-2.1535,0.6877,39.0308,91.1889,0
1745405055.731,5.245,3.094,1.6421,-1.1469,-2.1499,0.6349,39.0282,91.2229,0
1745405055.811,5.247,3.087,1.6392,-1.1468,-2.1460,0.5883,38.9863,91.2603,0
1745405055.890,5.247,3.085,1.6363,-1.1470,-2.1424,0.5444,38.9400,91.3046,0
1745405055.970,5.249,3.080,1.6333,-1.1472,-2.1387,0.5495,38.9065,91.2938,0
1745405056.049,5.250,3.074,1.6302,-1.1472,-2.1347,0.5028,38.8464,91.2970,0
1745405056.129,5.248,3.074,1.6269,-1.1473,-2.1308,0.5342,38.8645,91.2932,0
1745405056.209,5.249,3.064,1.6236,-1.1475,-2.1267,0.5009,38.8311,91.3043,0
1745405056.289,5.249,3.059,1.6203,-1.1477,-2.1225,0.4940,38.8030,91.3040,0
1745405056.368,5.250,3.051,1.6168,-1.1478,-2.1185,0.5417,38.7277,91.2561,0
1745405056.567,5.252,3.043,1.6068,-1.1479,-2.1068,0.7167,38.6020,91.0987,0
1745405056.647,5.252,3.031,1.6024,-1.1482,-2.1018,0.8002,38.5270,91.0414,0
1745405056.727,5.249,3.031,1.5980,-1.1482,-2.0965,0.8400,38.4344,90.9888,0
1745405056.806,5.247,3.024,1.5933,-1.1483,-2.0907,0.8379,38.3892,90.9478,0
1745405056.886,5.247,3.013,1.5882,-1.1487,-2.0841,0.7188,38.3844,91.0552,0
1745405056.965,5.245,3.010,1.5826,-1.1490,-2.0770,0.7203,38.2841,91.0833,0
1745405057.045,5.249,2.992,1.5772,-1.1491,-2.0705,0.7881,38.1291,91.0897,0
1745405057.125,5.249,2.992,1.5724,-1.1492,-2.0639,0.6687,38.0846,91.1305,0
1745405057.204,5.252,2.990,1.5673,-1.1494,-2.0576,0.6603,37.9329,91.1353,0
1745405057.284,5.252,2.972,1.5623,-1.1496,-2.0509,0.5896,37.8585,91.1926,0
1745405057.364,5.256,2.962,1.5573,-1.1500,-2.0444,0.5868,37.7152,91.2103,0
1745405057.443,5.255,2.957,1.5524,-1.1501,-2.0382,0.6440,37.6897,91.1672,0
1745405057.563,5.257,2.949,1.5448,-1.1503,-2.0291,0.7917,37.5880,91.0197,0
1745405057.643,5.261,2.938,1.5399,-1.1504,-2.0228,0.8355,37.4986,90.9976,0
1745405057.722,5.259,2.938,1.5350,-1.1507,-2.0166,0.8495,37.4996,90.9778,0
1745405057.802,5.261,2.925,1.5297,-1.1509,-2.0103,0.9379,37.4811,90.9027,0
1745405057.881,5.261,2.918,1.5246,-1.1510,-2.0040,0.9448,37.4662,90.9149,0
1745405057.961,5.262,2.906,1.5193,-1.1509,-1.9969,0.8897,37.4275,91.0018,0
1745405058.041,5.260,2.894,1.5141,-1.1513,-1.9898,0.8113,37.3853,91.0867,0
1745405058.120,5.262,2.894,1.5092,-1.1515,-1.9829,0.6897,37.3297,91.1741,0
1745405058.200,5.262,2.890,1.5040,-1.1517,-1.9763,0.6805,37.2524,91.1690,0
1745405058.280,5.264,2.877,1.4990,-1.1521,-1.9699,0.6891,37.1815,91.1280,0
1745405058.359,5.266,2.869,1.4943,-1.1523,-1.9634,0.6351,37.1750,91.1359,0
1745405058.439,5.266,2.853,1.4894,-1.1525,-1.9572,0.6189,37.1399,91.1129,0
1745405058.519,5.264,2.853,1.4842,-1.1525,-1.9507,0.7176,37.0381,91.0336,0
1745405058.598,5.264,2.842,1.4788,-1.1526,-1.9441,0.8062,36.9573,90.9556,0
1745405058.678,5.266,2.835,1.4738,-1.1529,-1.9378,0.8823,36.8915,90.8928,0
1745405058.757,5.269,2.828,1.4689,-1.1529,-1.9316,0.9529,36.8010,90.8439,0
1745405058.837,5.269,2.828,1.4637,-1.1530,-1.9251,0.9527,36.7353,90.8256,0
1745405058.917,5.271,2.818,1.4587,-1.1532,-1.9181,0.8474,36.7130,90.9077,0
1745405058.996,5.271,2.802,1.4534,-1.1534,-1.9108,0.7843,36.6088,90.9598,0
1745405059.076,5.273,2.795,1.4483,-1.1535,-1.9040,0.8722,36.3938,90.9411,0
1745405059.156,5.273,2.788,1.4438,-1.1539,-1.8974,0.7233,36.2986,90.9955,0
1745405059.235,5.276,2.788,1.4387,-1.1543,-1.8907,0.7290,36.1937,90.9955,0
1745405059.315,5.278,2.774,1.4338,-1.1544,-1.8839,0.6785,36.1024,91.0438,0
1745405059.395,5.278,2.764,1.4289,-1.1546,-1.8773,0.6934,35.9061,91.0465,0
1745405059.474,5.283,2.756,1.4243,-1.1548,-1.8707,0.6871,35.7982,91.0656,0
1745405059.554,5.280,2.749,1.4195,-1.1549,-1.8644,0.7853,35.6632,90.9985,0
1745405059.634,5.283,2.749,1.4146,-1.1549,-1.8580,0.8254,35.5911,90.9665,0
1745405059.713,5.287,2.736,1.4097,-1.1551,-1.8515,0.8563,35.5332,90.9507,0
1745405059.793,5.287,2.723,1.4044,-1.1552,-1.8445,0.8965,35.4680,90.9024,0
1745405059.873,5.289,2.719,1.3995,-1.1553,-1.8377,0.9124,35.3966,90.8649,0
1745405059.952,5.290,2.708,1.3942,-1.1555,-1.8305,0.9008,35.3654,90.8908,0
1745405060.032,5.291,2.708,1.3896,-1.1560,-1.8235,0.7981,35.3110,90.9953,0
1745405060.112,5.289,2.699,1.3846,-1.1560,-1.8160,0.6756,35.2468,91.0932,0
1745405060.191,5.289,2.681,1.3797,-1.1563,-1.8088,0.6089,35.1487,91.1397,0
1745405060.271,5.293,2.676,1.3751,-1.1566,-1.8021,0.5482,35.0499,91.1900,0
1745405060.350,5.295,2.664,1.3706,-1.1567,-1.7955,0.4703,35.0165,91.2375,0
1745405060.430,5.301,2.664,1.3661,-1.1567,-1.7890,0.3961,34.9807,91.2944,0
1745405060.510,5.303,2.652,1.3610,-1.1570,-1.7824,0.4480,34.9392,91.2434,0
1745405060.589,5.303,2.646,1.3559,-1.1574,-1.7759,0.4724,35.1838,91.2514,0
1745405060.669,5.303,2.639,1.3504,-1.1573,-1.7695,0.5314,35.6973,91.1804,0
1745405060.749,5.300,2.625,1.3448,-1.1574,-1.7636,0.5926,36.4206,91.1438,0
1745405060.828,5.293,2.625,1.3390,-1.1578,-1.7575,0.5855,37.1514,91.1179,0
1745405060.908,5.286,2.607,1.3332,-1.1578,-1.7510,0.5263,37.8611,91.1856,0
1745405060.990,5.286,2.598,1.3273,-1.1581,-1.7438,0.4487,38.0868,91.3059,0
1745405061.067,5.281,2.590,1.3220,-1.1582,-1.7375,0.5191,37.9919,91.3004,0
1745405061.147,5.279,2.573,1.3170,-1.1584,-1.7309,0.3714,37.9603,91.3804,0
1745405061.226,5.279,2.573,1.3116,-1.1586,-1.7240,0.3386,37.8507,91.4062,0
1745405061.306,5.281,2.568,1.3064,-1.1591,-1.7172,0.3462,37.7829,91.4429,0
1745405061.386,5.281,2.558,1.3012,-1.1591,-1.7106,0.3098,37.6513,91.4661,0
1745405061.466,5.281,2.543,1.2962,-1.1593,-1.7041,0.3432,37.5798,91.4865,0
1745405061.545,5.282,2.532,1.2912,-1.1593,-1.6981,0.4050,37.4569,91.4231,0
1745405061.625,5.284,2.532,1.2864,-1.1594,-1.6919,0.4309,37.3781,91.3632,0
1745405061.704,5.287,2.523,1.2813,-1.1597,-1.6853,0.4532,37.3721,91.3400,0
1745405061.784,5.287,2.519,1.2758,-1.1600,-1.6786,0.4763,37.3776,91.3083,0
1745405061.864,5.288,2.508,1.2699,-1.1601,-1.6713,0.5159,37.3771,91.2314,0
1745405061.943,5.286,2.496,1.2644,-1.1604,-1.6638,0.4292,37.3087,91.3165,0
1745405062.143,5.289,2.471,1.2505,-1.1611,-1.6448,0.1233,37.2253,91.6253,0
1745405062.342,5.290,2.451,1.2374,-1.1615,-1.6276,0.0646,37.1016,91.5583,0
1745405062.421,5.292,2.451,1.2322,-1.1619,-1.6211,0.1496,36.9930,91.4670,0
1745405062.501,5.293,2.441,1.2267,-1.1619,-1.6144,0.2575,36.9182,91.3028,0
1745405062.581,5.293,2.430,1.2214,-1.1622,-1.6076,0.3273,36.8206,91.2542,0
1745405062.660,5.292,2.416,1.2160,-1.1623,-1.6007,0.4059,36.7579,91.1186,0
1745405062.740,5.294,2.408,1.2106,-1.1624,-1.5940,0.3838,36.6273,91.1042,0
1745405062.819,5.298,2.408,1.2050,-1.1627,-1.5862,0.3189,36.6795,91.0796,0
1745405062.899,5.295,2.398,1.1993,-1.1628,-1.5786,0.2487,36.6361,91.1062,0
1745405062.979,5.295,2.388,1.1936,-1.1630,-1.5711,0.2585,36.4450,91.0913,0
1745405063.058,5.297,2.371,1.1884,-1.1630,-1.5634,0.1076,36.3539,91.1196,0
1745405063.138,5.305,2.363,1.1828,-1.1633,-1.5558,0.1378,36.2894,91.0835,0
1745405063.218,5.313,2.363,1.1772,-1.1637,-1.5486,0.1327,36.1722,91.0655,0
1745405063.297,5.321,2.352,1.1721,-1.1637,-1.5414,0.1022,36.1383,91.0961,0
1745405063.377,5.321,2.337,1.1669,-1.1638,-1.5350,0.2198,36.0521,90.9846,0
1745405063.457,5.323,2.330,1.1619,-1.1639,-1.5283,0.2478,35.9805,90.9259,0
1745405063.536,5.331,2.319,1.1567,-1.1641,-1.5214,0.2414,35.9646,90.8963,0
1745405063.616,5.333,2.319,1.1513,-1.1642,-1.5141,0.2666,36.0311,90.8556,0
1745405063.696,5.333,2.309,1.1457,-1.1642,-1.5069,0.2982,36.1341,90.8176,0
1745405063.775,5.333,2.295,1.1397,-1.1646,-1.4995,0.2488,36.4240,90.8966,0
1745405063.855,5.334,2.284,1.1340,-1.1647,-1.4915,0.1437,36.5223,90.9818,0
1745405063.935,5.332,2.273,1.1283,-1.1646,-1.4838,0.0528,36.6184,91.0565,0
1745405064.014,5.332,2.273,1.1228,-1.1648,-1.4765,0.0408,36.6684,91.0389,0
1745405064.094,5.332,2.261,1.1175,-1.1652,-1.4696,0.0348,36.7216,91.0142,0
1745405064.173,5.333,2.250,1.1121,-1.1650,-1.4624,-0.0722,36.8309,91.0782,0
1745405064.253,5.332,2.240,1.1060,-1.1652,-1.4560,-0.0383,37.5738,91.0384,0
1745405064.333,5.333,2.240,1.0990,-1.1658,-1.4492,0.0769,38.4314,91.0186,0
1745405064.412,5.317,2.225,1.0925,-1.1661,-1.4419,0.2206,38.3442,90.9770,0
1745405064.492,5.317,2.213,1.0865,-1.1661,-1.4345,0.2876,38.2922,90.9314,0
1745405064.572,5.298,2.201,1.0804,-1.1662,-1.4269,0.2454,38.3594,90.9408,0
1745405064.651,5.297,2.187,1.0740,-1.1661,-1.4191,0.3081,38.2808,91.0170,0
1745405064.731,5.306,2.187,1.0675,-1.1658,-1.4113,0.3319,38.2045,91.1223,0
1745405064.811,5.311,2.175,1.0614,-1.1661,-1.4032,0.1646,38.0357,91.2785,0
1745405064.890,5.311,2.162,1.0543,-1.1666,-1.3960,0.1473,39.1861,91.3218,0
1745405064.970,5.316,2.149,1.0465,-1.1671,-1.3896,0.1736,40.6071,91.4542,0
1745405065.049,5.310,2.136,1.0396,-1.1673,-1.3824,0.2336,40.8375,91.4987,0
1745405065.129,5.291,2.136,1.0331,-1.1676,-1.3754,0.3019,40.6337,91.5485,0
1745405065.209,5.290,2.124,1.0270,-1.1675,-1.3684,0.3815,40.4723,91.4859,0
1745405065.288,5.290,2.106,1.0208,-1.1678,-1.3613,0.3316,40.5102,91.5816,0
1745405065.368,5.290,2.096,1.0143,-1.1680,-1.3539,0.3246,40.5399,91.6266,0
1745405065.448,5.291,2.084,1.0079,-1.1682,-1.3465,0.3861,40.4868,91.5597,0
1745405065.527,5.290,2.084,1.0009,-1.1683,-1.3385,0.2879,40.4819,91.6709,0
1745405065.607,5.290,2.069,0.9945,-1.1690,-1.3305,0.1105,40.4918,91.8144,0
1745405065.687,5.290,2.057,0.9877,-1.1692,-1.3225,0.0293,40.4959,91.8889,0
1745405065.766,5.292,2.044,0.9813,-1.1695,-1.3151,0.0297,40.4331,91.8822,0
1745405065.846,5.290,2.030,0.9753,-1.1699,-1.3080,0.0225,40.4291,91.8610,0
1745405065.926,5.291,2.030,0.9690,-1.1703,-1.3011,0.0545,40.4072,91.8370,0
1745405066.005,5.292,2.019,0.9626,-1.1702,-1.2937,0.0829,40.3336,91.7612,0
1745405066.085,5.292,2.007,0.9556,-1.1702,-1.2864,0.2599,40.2718,91.6130,0
1745405066.165,5.290,1.995,0.9490,-1.1700,-1.2789,0.3214,40.2096,91.5222,0
1745405066.244,5.295,1.985,0.9427,-1.1709,-1.2714,0.2615,40.2255,91.4404,0
1745405066.324,5.300,1.985,0.9359,-1.1714,-1.2638,0.3356,40.1947,91.4177,0
1745405066.403,5.305,1.972,0.9290,-1.1712,-1.2558,0.3797,40.1495,91.4726,0
1745405066.483,5.305,1.959,0.9225,-1.1717,-1.2480,0.2527,40.0357,91.4709,0
1745405066.563,5.307,1.947,0.9159,-1.1720,-1.2400,0.2027,39.9423,91.5405,0
1745405066.642,5.316,1.934,0.9095,-1.1724,-1.2328,0.2537,39.8661,91.5245,0
1745405066.722,5.319,1.934,0.9030,-1.1725,-1.2254,0.2601,39.7986,91.5090,0
1745405066.802,5.317,1.922,0.8968,-1.1724,-1.2179,0.3110,39.7392,91.5151,0
1745405066.881,5.317,1.909,0.8906,-1.1730,-1.2109,0.4050,39.6297,91.4117,0
1745405066.961,5.317,1.898,0.8841,-1.1731,-1.2035,0.4454,39.6284,91.3735,0
1745405067.041,5.317,1.885,0.8772,-1.1734,-1.1959,0.5314,39.6380,91.3452,0
1745405067.120,5.316,1.885,0.8710,-1.1742,-1.1886,0.5462,39.6010,91.2711,0
1745405067.200,5.316,1.873,0.8643,-1.1744,-1.1804,0.4541,39.6462,91.3832,0
1745405067.279,5.316,1.859,0.8575,-1.1743,-1.1720,0.3353,39.6221,91.4701,0
1745405067.359,5.318,1.848,0.8508,-1.1745,-1.1639,0.2660,39.5611,91.5236,0
1745405067.439,5.318,1.834,0.8443,-1.1748,-1.1560,0.2586,39.4957,91.5478,0
1745405067.518,5.319,1.834,0.8379,-1.1752,-1.1484,0.2268,39.4466,91.5668,0
1745405067.598,5.320,1.820,0.8319,-1.1755,-1.1411,0.2331,39.3953,91.5497,0
1745405067.678,5.320,1.809,0.8253,-1.1755,-1.1339,0.4046,39.3067,91.4254,0
1745405067.757,5.322,1.796,0.8189,-1.1758,-1.1267,0.5426,39.1939,91.3381,0
1745405067.837,5.320,1.783,0.8126,-1.1759,-1.1193,0.5587,39.1235,91.2939,0
1745405067.917,5.320,1.783,0.8065,-1.1760,-1.1117,0.5255,39.0883,91.2186,0
1745405067.996,5.322,1.770,0.7998,-1.1762,-1.1040,0.5997,38.9913,91.1860,0
1745405068.076,5.322,1.761,0.7930,-1.1767,-1.0960,0.6318,38.9822,91.2077,0
1745405068.156,5.321,1.748,0.7865,-1.1771,-1.0876,0.4847,38.8298,91.2723,0
1745405068.235,5.321,1.733,0.7800,-1.1771,-1.0792,0.3929,38.7541,91.3402,0
1745405068.315,5.322,1.733,0.7734,-1.1774,-1.0713,0.4167,38.6392,91.3385,0
1745405068.394,5.325,1.720,0.7672,-1.1777,-1.0638,0.4536,38.6265,91.3216,0
1745405068.474,5.325,1.706,0.7609,-1.1781,-1.0563,0.4540,38.5201,91.3761,0
1745405068.554,5.326,1.695,0.7550,-1.1784,-1.0493,0.5461,38.3887,91.2642,0
1745405068.634,5.326,1.684,0.7487,-1.1784,-1.0417,0.5748,38.3578,91.2522,0
1745405068.713,5.326,1.684,0.7424,-1.1785,-1.0339,0.5973,38.3657,91.1976,0
1745405068.793,5.327,1.672,0.7361,-1.1792,-1.0262,0.6370,38.4067,91.1566,0
1745405068.872,5.327,1.662,0.7298,-1.1794,-1.0183,0.5289,38.4468,91.2613,0
1745405068.952,5.328,1.648,0.7232,-1.1794,-1.0097,0.4132,38.4553,91.3879,0
1745405069.032,5.327,1.634,0.7167,-1.1796,-1.0015,0.3536,38.4121,91.4912,0
1745405069.111,5.327,1.634,0.7102,-1.1800,-0.9934,0.3409,38.4242,91.5282,0
1745405069.191,5.327,1.622,0.7035,-1.1802,-0.9850,0.3184,38.3437,91.5644,0
1745405069.271,5.327,1.608,0.6967,-1.1804,-0.9772,0.3521,38.5667,91.5615,0
1745405069.350,5.326,1.594,0.6886,-1.1807,-0.9706,0.4819,39.9441,91.4736,0
1745405069.430,5.328,1.579,0.6809,-1.1811,-0.9643,0.6189,41.2377,91.3788,0
1745405069.510,5.321,1.579,0.6741,-1.1813,-0.9568,0.5549,41.3141,91.3947,0
1745405069.589,5.321,1.567,0.6669,-1.1820,-0.9494,0.6044,41.3055,91.2906,0
1745405069.669,5.320,1.550,0.6595,-1.1818,-0.9416,0.7908,41.2651,91.1960,0
1745405069.749,5.319,1.534,0.6526,-1.1818,-0.9332,0.5153,41.2175,91.3478,0
1745405069.828,5.317,1.534,0.6458,-1.1824,-0.9250,0.4339,41.0448,91.3955,0
1745405069.908,5.320,1.525,0.6385,-1.1827,-0.9170,0.4586,40.8802,91.4305,0
1745405069.988,5.320,1.512,0.6316,-1.1826,-0.9094,0.5196,40.8003,91.3699,0
1745405070.067,5.317,1.499,0.6251,-1.1832,-0.9021,0.5903,40.6641,91.3257,0
1745405070.147,5.319,1.488,0.6188,-1.1834,-0.8948,0.6514,40.4875,91.2463,0
1745405070.227,5.320,1.488,0.6122,-1.1837,-0.8873,0.6604,40.4575,91.1927,0
1745405070.306,5.318,1.475,0.6052,-1.1836,-0.8797,0.7111,40.3711,91.1593,0
1745405070.386,5.318,1.458,0.5982,-1.1838,-0.8721,0.6300,40.9362,91.1070,0
1745405070.465,5.317,1.445,0.5903,-1.1843,-0.8653,0.6601,41.9624,91.0580,0
1745405070.545,5.316,1.433,0.5832,-1.1846,-0.8577,0.5766,42.2325,91.1387,0
1745405070.625,5.317,1.433,0.5762,-1.1848,-0.8496,0.4636,42.1849,91.2071,0
1745405070.704,5.315,1.424,0.5693,-1.1854,-0.8419,0.3258,42.1530,91.2832,0
1745405070.784,5.315,1.410,0.5624,-1.1858,-0.8345,0.3628,42.1024,91.2580,0
1745405070.864,5.316,1.396,0.5556,-1.1858,-0.8271,0.3310,42.0199,91.2309,0
1745405070.943,5.317,1.385,0.5487,-1.1859,-0.8201,0.4284,41.9612,91.1872,0
1745405071.023,5.318,1.385,0.5417,-1.1859,-0.8129,0.6430,41.8124,90.9651,0
1745405071.102,5.315,1.368,0.5339,-1.1860,-0.8060,0.6653,42.6720,90.8611,0
1745405071.182,5.315,1.359,0.5263,-1.1865,-0.7992,0.5626,43.7693,90.8530,0
1745405071.262,5.315,1.347,0.5184,-1.1861,-0.7922,0.8216,43.7165,90.7407,0
1745405071.341,5.316,1.338,0.5113,-1.1862,-0.7846,0.5429,43.8174,90.9212,0
1745405071.421,5.315,1.338,0.5039,-1.1866,-0.7766,0.5013,43.6460,90.9206,0
1745405071.501,5.315,1.325,0.4966,-1.1872,-0.7691,0.4707,43.4473,90.9614,0
1745405071.580,5.315,1.309,0.4895,-1.1874,-0.7618,0.5595,43.3605,90.8789,0
1745405071.660,5.314,1.297,0.4824,-1.1876,-0.7546,0.6222,43.2535,90.8569,0
1745405071.740,5.315,1.297,0.4755,-1.1877,-0.7477,0.6750,43.0547,90.8025,0
1745405071.819,5.313,1.297,0.4688,-1.1881,-0.7405,0.6661,43.0090,90.7682,0
1745405071.899,5.312,1.271,0.4617,-1.1883,-0.7334,0.7057,42.9320,90.7071,0
1745405071.979,5.312,1.259,0.4546,-1.1880,-0.7257,0.6061,42.9687,90.7587,0
1745405072.058,5.310,1.248,0.4473,-1.1885,-0.7181,0.6499,42.9908,90.6303,0
1745405072.138,5.307,1.234,0.4400,-1.1891,-0.7104,0.5409,43.0898,90.7554,0
1745405072.217,5.309,1.234,0.4331,-1.1896,-0.7029,0.4390,43.0673,90.8613,0
1745405072.297,5.308,1.222,0.4263,-1.1896,-0.6955,0.3441,43.0896,90.9129,0
1745405072.377,5.308,1.209,0.4196,-1.1895,-0.6883,0.3201,43.0166,90.9212,0
1745405072.457,5.310,1.193,0.4137,-1.1897,-0.6822,0.3336,43.0695,90.9891,0
1745405072.536,5.310,1.182,0.4117,-1.1898,-0.6803,0.3630,43.0004,90.9017,0
1745405072.616,5.309,1.182,0.4122,-1.1897,-0.6806,0.3559,42.9809,90.8993,0
1745405072.696,5.309,1.175,0.4125,-1.1897,-0.6809,0.3571,42.9771,90.8915,0
1745405072.775,5.309,1.175,0.4124,-1.1898,-0.6809,0.3586,42.9763,90.8985,0
1745405072.855,5.308,1.176,0.4124,-1.1897,-0.6808,0.3661,42.9824,90.9003,0
1745405072.934,5.308,1.175,0.4124,-1.1897,-0.6808,0.3620,42.9840,90.8988,0
1745405073.014,5.308,1.175,0.4124,-1.1896,-0.6808,0.3778,42.9832,90.8852,0
1745405073.094,5.310,1.175,0.4123,-1.1895,-0.6807,0.3787,42.9682,90.8877,0
1745405073.173,5.310,1.175,0.4123,-1.1896,-0.6808,0.3933,42.9688,90.8752,0
1745405073.255,5.307,1.175,0.4123,-1.1895,-0.6808,0.3907,42.9769,90.8834,0
1745405073.454,5.309,1.175,0.4123,-1.1895,-0.6808,0.3938,42.9682,90.8776,0
1745405075.463,5.312,1.230,0.4483,-1.1883,-0.7195,0.7328,43.1167,90.6103,0
1745405075.543,5.310,1.230,0.4483,-1.1884,-0.7196,0.7197,43.1228,90.6078,0
1745405075.622,5.311,1.230,0.4482,-1.1882,-0.7195,0.7256,43.1179,90.6077,0
1745405075.702,5.310,1.230,0.4482,-1.1882,-0.7194,0.7237,43.1210,90.6107,0
1745405075.782,5.310,1.230,0.4482,-1.1882,-0.7195,0.7258,43.1152,90.6083,0
1745405075.861,5.310,1.229,0.4482,-1.1883,-0.7195,0.7122,43.1168,90.6202,0
1745405075.943,5.309,1.229,0.4482,-1.1882,-0.7195,0.7098,43.1211,90.6179,0
1745405076.021,5.311,1.229,0.4483,-1.1883,-0.7195,0.7110,43.1216,90.6187,0
1745405076.100,5.309,1.230,0.4482,-1.1883,-0.7194,0.7172,43.1152,90.6101,0
1745405076.180,5.309,1.230,0.4482,-1.1882,-0.7194,0.7182,43.1090,90.6090,0
1745405076.259,5.310,1.230,0.4482,-1.1884,-0.7196,0.7309,43.1033,90.5982,0
1745405076.339,5.309,1.229,0.4482,-1.1883,-0.7195,0.7246,43.0975,90.6011,0
1745405076.419,5.309,1.229,0.4482,-1.1883,-0.7195,0.7304,43.1092,90.6013,0
1745405076.498,5.310,1.229,0.4482,-1.1883,-0.7195,0.7275,43.1177,90.6018,0
1745405076.578,5.310,1.229,0.4483,-1.1883,-0.7194,0.7201,43.1203,90.6062,0
1745405076.658,5.311,1.230,0.4482,-1.1883,-0.7195,0.7297,43.1196,90.6048,0
1745405076.737,5.312,1.231,0.4483,-1.1883,-0.7195,0.7326,43.1127,90.5990,0
1745405076.817,5.310,1.231,0.4482,-1.1883,-0.7194,0.7240,43.1167,90.6114,0
1745405076.897,5.310,1.230,0.4482,-1.1883,-0.7195,0.7137,43.1164,90.6144,0
1745405076.976,5.310,1.230,0.4482,-1.1883,-0.7195,0.7225,43.1187,90.6033,0
1745405077.056,5.309,1.230,0.4482,-1.1883,-0.7195,0.7205,43.1141,90.6087,0
1745405077.135,5.310,1.230,0.4482,-1.1884,-0.7195,0.7007,43.1178,90.6278,0
1745405077.215,5.310,1.230,0.4483,-1.1883,-0.7195,0.7050,43.1110,90.6253,0
1745405077.295,5.310,1.230,0.4482,-1.1883,-0.7194,0.7002,43.1159,90.6221,0
1745405077.374,5.310,1.230,0.4482,-1.1882,-0.7194,0.7124,43.1197,90.6099,0
1745405077.454,5.310,1.230,0.4482,-1.1882,-0.7194,0.7164,43.1136,90.6098,0
1745405077.534,5.309,1.230,0.4482,-1.1883,-0.7195,0.7291,43.1153,90.6013,0
1745405077.613,5.310,1.230,0.4483,-1.1883,-0.7195,0.7171,43.1194,90.6073,0
1745405077.693,5.311,1.230,0.4482,-1.1884,-0.7195,0.7266,43.1203,90.6107,0
1745405077.773,5.311,1.230,0.4482,-1.1883,-0.7195,0.7272,43.1200,90.6136,0
1745405077.852,5.311,1.230,0.4482,-1.1883,-0.7195,0.7264,43.1195,90.6073,0
1745405077.932,5.310,1.230,0.4483,-1.1884,-0.7195,0.7320,43.1064,90.5971,0
1745405078.012,5.309,1.230,0.4483,-1.1884,-0.7196,0.7350,43.1105,90.5955,0
1745405078.091,5.308,1.230,0.4482,-1.1883,-0.7194,0.7336,43.1152,90.5950,0
1745405078.171,5.308,1.230,0.4483,-1.1882,-0.7194,0.7354,43.1247,90.5929,0
1745405078.250,5.310,1.230,0.4482,-1.1883,-0.7194,0.7397,43.1202,90.5912,0
1745405078.330,5.310,1.230,0.4482,-1.1883,-0.7195,0.7278,43.1202,90.5988,0
1745405078.410,5.310,1.230,0.4483,-1.1883,-0.7195,0.7345,43.1167,90.5900,0
1745405078.490,5.308,1.230,0.4483,-1.1883,-0.7195,0.7363,43.1099,90.5977,0
1745405078.569,5.308,1.230,0.4483,-1.1883,-0.7195,0.7505,43.1143,90.5874,0
1745405078.649,5.311,1.230,0.4482,-1.1884,-0.7195,0.7410,43.1214,90.5952,0
1745405078.728,5.311,1.230,0.4482,-1.1882,-0.7194,0.7433,43.1198,90.5935,0
1745405078.808,5.310,1.230,0.4482,-1.1883,-0.7195,0.7362,43.1214,90.5949,0
1745405078.888,5.310,1.229,0.4482,-1.1882,-0.7194,0.7445,43.1120,90.5834,0
1745405078.967,5.310,1.230,0.4483,-1.1883,-0.7195,0.7349,43.1178,90.5868,0
1745405079.047,5.310,1.230,0.4482,-1.1883,-0.7195,0.7312,43.1242,90.5867,0
1745405079.127,5.311,1.230,0.4482,-1.1883,-0.7195,0.7403,43.1277,90.5828,0
1745405079.206,5.309,1.230,0.4482,-1.1883,-0.7195,0.7432,43.1255,90.5851,0
1745405079.286,5.309,1.230,0.4482,-1.1883,-0.7194,0.7381,43.1233,90.5833,0
1745405079.366,5.309,1.230,0.4482,-1.1883,-0.7195,0.7602,43.1142,90.5687,0
1745405079.445,5.312,1.230,0.4482,-1.1883,-0.7195,0.7471,43.1132,90.5809,0
1745405079.525,5.309,1.229,0.4483,-1.1883,-0.7195,0.7370,43.1169,90.5961,0
1745405079.605,5.310,1.229,0.4486,-1.1883,-0.7198,0.7460,43.1201,90.6093,0
1745405079.684,5.312,1.230,0.4499,-1.1884,-0.7213,0.7745,43.1156,90.6116,0
1745405079.764,5.312,1.230,0.4523,-1.1882,-0.7239,0.7594,43.1050,90.6013,0
1745405079.844,5.310,1.232,0.4559,-1.1882,-0.7277,0.7778,43.1254,90.5913,0
1745405079.923,5.310,1.237,0.4600,-1.1878,-0.7319,0.7951,43.1416,90.6112,0
1745405080.003,5.311,1.237,0.4645,-1.1879,-0.7365,0.7386,43.1954,90.6540,0
1745405080.083,5.310,1.243,0.4686,-1.1876,-0.7409,0.7702,43.2386,90.6449,0
1745405080.162,5.310,1.250,0.4726,-1.1875,-0.7450,0.7334,43.2619,90.6919,0
1745405080.242,5.312,1.256,0.4763,-1.1875,-0.7488,0.7517,43.3341,90.6915,0
1745405080.321,5.313,1.265,0.4800,-1.1873,-0.7527,0.7477,43.4072,90.6956,0
1745405080.401,5.313,1.265,0.4835,-1.1873,-0.7562,0.6628,43.4396,90.7417,0
1745405080.481,5.313,1.271,0.4873,-1.1872,-0.7601,0.6972,43.4613,90.7124,0
1745405080.560,5.313,1.278,0.4912,-1.1869,-0.7639,0.6490,43.4752,90.7193,0
1745405080.640,5.313,1.285,0.4952,-1.1868,-0.7680,0.6684,43.4939,90.6825,0
1745405080.720,5.314,1.291,0.4990,-1.1866,-0.7719,0.6236,43.5460,90.7389,0
1745405080.799,5.313,1.291,0.5029,-1.1864,-0.7759,0.5931,43.5229,90.7074,0
1745405080.879,5.313,1.302,0.5066,-1.1865,-0.7797,0.5908,43.5544,90.6974,0
1745405080.959,5.313,1.308,0.5103,-1.1864,-0.7838,0.6090,43.5697,90.6820,0
1745405081.158,5.317,1.320,0.5193,-1.1859,-0.7935,0.8107,43.6109,90.6598,0
1745405081.237,5.316,1.326,0.5236,-1.1857,-0.7976,0.7375,43.6165,90.6623,0
1745405081.317,5.315,1.326,0.5278,-1.1855,-0.8017,0.6724,43.6144,90.7249,0
1745405081.397,5.316,1.333,0.5320,-1.1856,-0.8058,0.6396,43.6396,90.7863,0
1745405081.476,5.316,1.340,0.5355,-1.1854,-0.8096,0.7214,43.6195,90.8264,0
1745405081.556,5.316,1.349,0.5388,-1.1853,-0.8130,0.6768,43.6522,90.9119,0
1745405081.636,5.316,1.354,0.5424,-1.1852,-0.8164,0.6168,43.6539,90.9989,0
1745405081.715,5.317,1.354,0.5464,-1.1847,-0.8202,0.4674,43.7116,91.1085,0
1745405081.795,5.318,1.361,0.5505,-1.1848,-0.8243,0.4924,43.7334,91.0621,0
1745405081.875,5.318,1.366,0.5549,-1.1848,-0.8288,0.4537,43.7235,91.0721,0
1745405081.954,5.317,1.375,0.5592,-1.1843,-0.8329,0.3728,43.7381,91.1405,0
1745405082.034,5.319,1.382,0.5634,-1.1844,-0.8372,0.3319,43.7092,91.1440,0
1745405082.114,5.321,1.382,0.5674,-1.1845,-0.8412,0.3093,43.6758,91.1688,0
1745405082.193,5.320,1.390,0.5711,-1.1838,-0.8451,0.3631,43.6888,91.1517,0
1745405082.275,5.320,1.398,0.5749,-1.1839,-0.8492,0.3894,43.6544,91.1490,0
1745405082.352,5.323,1.403,0.5786,-1.1837,-0.8532,0.4765,43.6337,91.0439,0
1745405082.432,5.320,1.410,0.5823,-1.1837,-0.8573,0.5570,43.6518,91.0211,0
1745405082.512,5.320,1.410,0.5862,-1.1835,-0.8613,0.5953,43.5912,90.9211,0
1745405082.591,5.322,1.416,0.5898,-1.1834,-0.8652,0.6394,43.5467,90.9306,0
1745405082.671,5.322,1.422,0.5934,-1.1832,-0.8689,0.6624,43.5903,90.9422,0
1745405082.751,5.322,1.431,0.5972,-1.1829,-0.8728,0.6976,43.5903,90.9682,0
1745405082.830,5.321,1.437,0.6009,-1.1827,-0.8768,0.7016,43.6181,91.0189,0
1745405082.910,5.321,1.437,0.6050,-1.1828,-0.8812,0.7370,43.6114,91.0181,0
1745405082.990,5.322,1.443,0.6096,-1.1827,-0.8856,0.6934,43.6744,91.0213,0
1745405083.069,5.322,1.452,0.6136,-1.1827,-0.8897,0.7284,43.6863,91.0449,0
1745405083.149,5.324,1.458,0.6175,-1.1824,-0.8937,0.6831,43.7809,91.1157,0
1745405083.229,5.324,1.464,0.6214,-1.1822,-0.8975,0.6715,43.7533,91.1212,0
1745405083.308,5.323,1.464,0.6250,-1.1820,-0.9013,0.6558,43.8147,91.1761,0
1745405083.388,5.324,1.473,0.6289,-1.1819,-0.9053,0.6089,43.8433,91.1880,0
1745405083.467,5.324,1.480,0.6331,-1.1818,-0.9094,0.5878,43.8630,91.1591,0
1745405083.547,5.325,1.489,0.6372,-1.1816,-0.9134,0.5714,43.8761,91.1811,0
1745405083.627,5.326,1.495,0.6411,-1.1812,-0.9174,0.5428,43.8766,91.1891,0
1745405083.706,5.327,1.495,0.6452,-1.1813,-0.9216,0.5331,43.8806,91.1621,0
1745405083.786,5.329,1.501,0.6492,-1.1813,-0.9256,0.5099,43.9068,91.1614,0
1745405083.866,5.329,1.511,0.6528,-1.1810,-0.9293,0.5216,43.8870,91.1507,0
1745405083.945,5.329,1.517,0.6566,-1.1810,-0.9334,0.5483,43.9173,91.1346,0
1745405084.025,5.328,1.525,0.6604,-1.1807,-0.9373,0.6228,43.8920,91.1021,0
1745405084.105,5.327,1.525,0.6638,-1.1805,-0.9412,0.7308,43.9153,91.0808,0
1745405084.184,5.328,1.532,0.6679,-1.1805,-0.9451,0.6446,43.8848,91.1186,0
1745405084.264,5.328,1.537,0.6721,-1.1803,-0.9491,0.5824,43.9113,91.1235,0
1745405084.343,5.329,1.545,0.6762,-1.1802,-0.9532,0.5781,43.8776,91.1354,0
1745405084.423,5.330,1.553,0.6799,-1.1802,-0.9570,0.5825,43.8470,91.2047,0
1745405084.503,5.329,1.553,0.6833,-1.1800,-0.9605,0.5753,43.8684,91.2801,0
1745405084.582,5.331,1.559,0.6871,-1.1796,-0.9641,0.5454,43.8406,91.3103,0
1745405084.662,5.331,1.565,0.6911,-1.1794,-0.9678,0.4323,43.8824,91.4346,0
1745405084.742,5.330,1.572,0.6953,-1.1793,-0.9720,0.3992,43.8745,91.4325,0
1745405084.821,5.331,1.579,0.6999,-1.1792,-0.9765,0.3342,43.8906,91.4207,0
1745405084.901,5.333,1.579,0.7043,-1.1793,-0.9810,0.3030,43.9063,91.4159,0
1745405084.981,5.329,1.589,0.7082,-1.1790,-0.9848,0.2416,43.9286,91.4751,0
1745405085.060,5.329,1.594,0.7120,-1.1788,-0.9887,0.2373,43.9219,91.4358,0
1745405085.140,5.327,1.603,0.7156,-1.1785,-0.9923,0.2516,43.9062,91.4349,0
1745405085.220,5.325,1.610,0.7195,-1.1785,-0.9964,0.2639,43.8776,91.3824,0
1745405085.299,5.322,1.610,0.7233,-1.1783,-1.0003,0.2736,43.8974,91.3699,0
1745405085.379,5.324,1.617,0.7272,-1.1780,-1.0046,0.3395,43.8269,91.2738,0
1745405085.459,5.324,1.625,0.7311,-1.1780,-1.0087,0.4083,43.8254,91.2128,0
1745405085.538,5.322,1.631,0.7348,-1.1776,-1.0125,0.4280,43.8179,91.1852,0
1745405085.618,5.321,1.636,0.7385,-1.1777,-1.0163,0.4539,43.8259,91.1418,0
1745405085.697,5.320,1.636,0.7418,-1.1777,-1.0199,0.4851,43.7840,91.1640,0
1745405085.777,5.319,1.647,0.7452,-1.1777,-1.0235,0.5337,43.8024,91.1384,0
1745405085.857,5.319,1.652,0.7493,-1.1775,-1.0276,0.5286,43.8074,91.1478,0
1745405085.936,5.318,1.656,0.7532,-1.1771,-1.0316,0.5650,43.8776,91.1303,0
1745405086.016,5.317,1.667,0.7573,-1.1771,-1.0357,0.5056,43.8611,91.1666,0
1745405086.096,5.311,1.667,0.7617,-1.1769,-1.0401,0.5073,43.9029,91.1392,0
1745405086.175,5.311,1.671,0.7657,-1.1768,-1.0442,0.5043,43.9816,91.1430,0
1745405086.255,5.311,1.680,0.7693,-1.1765,-1.0476,0.4948,43.8846,91.1996,0
1745405086.335,5.313,1.687,0.7735,-1.1766,-1.0513,0.4359,43.6090,91.1978,0
1745405086.414,5.314,1.692,0.7775,-1.1763,-1.0549,0.4358,43.2472,91.1900,0
1745405086.494,5.313,1.692,0.7816,-1.1761,-1.0582,0.4168,42.8149,91.1831,0
1745405086.574,5.313,1.698,0.7860,-1.1763,-1.0623,0.4268,42.3562,91.1390,0
1745405086.653,5.322,1.704,0.7902,-1.1760,-1.0660,0.4249,41.8713,91.1327,0
1745405086.733,5.337,1.711,0.7943,-1.1759,-1.0697,0.3901,41.3898,91.1171,0
1745405086.813,5.337,1.711,0.7985,-1.1761,-1.0737,0.4837,40.9290,91.0624,0
1745405086.892,5.336,1.711,0.8021,-1.1757,-1.0779,0.4760,40.8421,91.1064,0
1745405087.091,5.337,1.730,0.8108,-1.1752,-1.0884,0.6902,40.8246,90.9829,0
1745405087.171,5.337,1.737,0.8148,-1.1751,-1.0926,0.5935,40.7905,91.0879,0
1745405087.251,5.334,1.744,0.8188,-1.1749,-1.0968,0.5659,40.7849,91.0453,0
1745405087.330,5.334,1.752,0.8226,-1.1748,-1.1009,0.5078,40.7813,91.0823,0
1745405087.410,5.335,1.752,0.8258,-1.1748,-1.1046,0.5301,40.7198,91.1535,0
1745405087.490,5.337,1.760,0.8289,-1.1749,-1.1083,0.5865,40.7287,91.1516,0
1745405087.569,5.337,1.763,0.8324,-1.1747,-1.1121,0.5316,40.7042,91.2195,0
1745405087.649,5.338,1.771,0.8359,-1.1745,-1.1158,0.4649,40.7400,91.2609,0
1745405087.728,5.335,1.777,0.8398,-1.1744,-1.1200,0.3763,40.7636,91.3417,0
1745405087.810,5.338,1.777,0.8439,-1.1743,-1.1243,0.3538,40.7648,91.3060,0
1745405087.888,5.339,1.784,0.8473,-1.1742,-1.1281,0.2925,40.7607,91.3546,0
1745405087.967,5.339,1.792,0.8501,-1.1742,-1.1313,0.3082,40.7577,91.3349,0
1745405088.047,5.338,1.798,0.8525,-1.1740,-1.1339,0.2656,40.7622,91.3590,0
1745405088.246,5.339,1.808,0.8578,-1.1738,-1.1399,0.2342,40.7831,91.3919,0
1745405088.326,5.336,1.811,0.8602,-1.1739,-1.1427,0.2779,40.7681,91.3451,0
1745405088.406,5.339,1.811,0.8629,-1.1736,-1.1458,0.3105,40.7301,91.3495,0
1745405088.485,5.338,1.817,0.8657,-1.1736,-1.1491,0.3114,40.7063,91.3335,0
1745405088.565,5.338,1.820,0.8682,-1.1733,-1.1520,0.3488,40.6865,91.3136,0
1745405088.644,5.338,1.825,0.8708,-1.1733,-1.1553,0.4131,40.7171,91.2589,0
1745405088.724,5.339,1.832,0.8731,-1.1731,-1.1580,0.4491,40.7154,91.2052,0
1745405088.804,5.339,1.832,0.8757,-1.1731,-1.1609,0.4530,40.6959,91.1865,0
1745405088.883,5.336,1.836,0.8778,-1.1730,-1.1635,0.4992,40.7002,91.1445,0
1745405088.963,5.336,1.839,0.8802,-1.1730,-1.1663,0.5090,40.6800,91.1142,0
1745405089.043,5.338,1.846,0.8823,-1.1729,-1.1689,0.5178,40.6333,91.1238,0
1745405089.122,5.335,1.849,0.8848,-1.1726,-1.1716,0.5184,40.6664,91.1576,0
1745405089.202,5.338,1.849,0.8876,-1.1726,-1.1748,0.5321,40.6541,91.1282,0
1745405089.401,5.336,1.859,0.8945,-1.1722,-1.1826,0.5351,40.6674,91.1448,0
1745405089.600,5.336,1.870,0.9005,-1.1721,-1.1893,0.4880,40.7249,91.1784,0
1745405089.799,5.336,1.879,0.9058,-1.1721,-1.1951,0.4246,40.7491,91.2257,0
1745405089.879,5.334,1.881,0.9079,-1.1720,-1.1973,0.4178,40.7653,91.2681,0
1745405089.959,5.334,1.885,0.9103,-1.1717,-1.2001,0.4137,40.8006,91.2525,0
1745405090.038,5.330,1.892,0.9129,-1.1717,-1.2029,0.3861,40.7755,91.3070,0
1745405090.118,5.330,1.896,0.9154,-1.1717,-1.2057,0.3800,40.8289,91.2818,0
1745405090.197,5.329,1.896,0.9176,-1.1717,-1.2082,0.3510,40.8408,91.3169,0
1745405090.277,5.325,1.901,0.9199,-1.1715,-1.2106,0.3307,40.8664,91.3077,0
1745405090.357,5.325,1.904,0.9221,-1.1713,-1.2130,0.3059,40.8795,91.3235,0
1745405090.556,5.323,1.913,0.9278,-1.1713,-1.2193,0.2858,40.8816,91.3122,0
1745405090.755,5.322,1.920,0.9331,-1.1711,-1.2254,0.2701,40.8499,91.3018,0
1745405090.954,5.320,1.929,0.9382,-1.1709,-1.2313,0.2963,40.8287,91.2973,0
1745405091.034,5.319,1.933,0.9405,-1.1708,-1.2337,0.2669,40.8193,91.3124,0
1745405091.113,5.319,1.935,0.9425,-1.1704,-1.2363,0.3379,40.8071,91.2780,0
1745405091.313,5.317,1.945,0.9474,-1.1703,-1.2422,0.4282,40.7886,91.2686,0
1745405091.392,5.316,1.945,0.9495,-1.1703,-1.2446,0.4479,40.7924,91.2209,0
1745405091.472,5.313,1.949,0.9520,-1.1703,-1.2472,0.4022,40.7677,91.2678,0
1745405091.552,5.313,1.952,0.9546,-1.1701,-1.2501,0.3791,40.7789,91.2584,0
1745405091.631,5.313,1.955,0.9574,-1.1699,-1.2529,0.3273,40.7754,91.2361,0
1745405091.711,5.311,1.962,0.9595,-1.1701,-1.2555,0.3178,40.7538,91.3005,0
1745405091.790,5.313,1.962,0.9617,-1.1700,-1.2577,0.2963,40.7375,91.2879,0
1745405091.870,5.313,1.966,0.9634,-1.1698,-1.2597,0.3309,40.7199,91.3178,0
1745405091.950,5.313,1.971,0.9653,-1.1697,-1.2621,0.3787,40.7029,91.2819,0
1745405092.029,5.313,1.974,0.9674,-1.1697,-1.2644,0.3859,40.7014,91.3443,0
1745405092.109,5.313,1.977,0.9695,-1.1697,-1.2669,0.3800,40.6898,91.3694,0
1745405092.189,5.313,1.977,0.9719,-1.1695,-1.2693,0.3218,40.6885,91.4685,0
1745405092.268,5.313,1.984,0.9742,-1.1694,-1.2717,0.2714,40.6646,91.4938,0
1745405092.348,5.313,1.989,0.9764,-1.1693,-1.2743,0.2380,40.6929,91.5500,0
1745405092.427,5.314,1.991,0.9787,-1.1692,-1.2765,0.1622,40.6688,91.6286,0
1745405092.507,5.315,1.991,0.9810,-1.1691,-1.2791,0.1450,40.6469,91.6115,0
1745405092.587,5.313,1.995,0.9834,-1.1692,-1.2818,0.1387,40.6681,91.6162,0
1745405092.666,5.313,1.999,0.9858,-1.1691,-1.2845,0.0908,40.6862,91.6367,0
1745405092.746,5.312,2.003,0.9880,-1.1691,-1.2869,0.1096,40.7025,91.6314,0
1745405092.826,5.314,2.008,0.9899,-1.1688,-1.2891,0.0689,40.6882,91.6525,0
1745405092.905,5.314,2.008,0.9918,-1.1689,-1.2911,0.0621,40.6712,91.6894,0
1745405092.985,5.313,2.011,0.9941,-1.1688,-1.2936,0.0194,40.7176,91.6992,0
1745405093.065,5.313,2.016,0.9960,-1.1688,-1.2959,0.0422,40.7020,91.7098,0
1745405093.144,5.312,2.018,0.9982,-1.1687,-1.2984,0.0474,40.6933,91.7018,0
1745405093.224,5.313,2.023,1.0002,-1.1685,-1.3009,0.0763,40.6754,91.7020,0
1745405093.304,5.313,2.023,1.0024,-1.1684,-1.3033,0.0693,40.6818,91.6903,0
1745405093.383,5.313,2.027,1.0045,-1.1685,-1.3058,0.1130,40.6617,91.6824,0
1745405093.463,5.313,2.030,1.0065,-1.1683,-1.3082,0.1501,40.6365,91.6537,0
1745405093.542,5.313,2.034,1.0083,-1.1681,-1.3105,0.1986,40.6259,91.6388,0
1745405093.622,5.313,2.039,1.0104,-1.1681,-1.3130,0.2260,40.6693,91.5835,0
1745405093.702,5.312,2.039,1.0126,-1.1680,-1.3155,0.2319,40.6538,91.5809,0
1745405093.781,5.313,2.044,1.0149,-1.1681,-1.3183,0.2757,40.6578,91.5378,0
1745405093.861,5.313,2.046,1.0168,-1.1680,-1.3207,0.3230,40.6316,91.5156,0
1745405093.941,5.314,2.050,1.0190,-1.1679,-1.3233,0.3451,40.6302,91.4796,0
1745405094.020,5.313,2.054,1.0210,-1.1679,-1.3258,0.3856,40.5884,91.4734,0
1745405094.100,5.313,2.054,1.0232,-1.1678,-1.3282,0.3874,40.6085,91.4743,0
1745405094.180,5.312,2.058,1.0254,-1.1675,-1.3309,0.3893,40.6264,91.4928,0
1745405094.259,5.312,2.064,1.0281,-1.1673,-1.3338,0.3875,40.6008,91.4890,0
1745405094.339,5.313,2.069,1.0307,-1.1674,-1.3367,0.3981,40.6453,91.4740,0
1745405094.420,5.311,2.073,1.0333,-1.1672,-1.3399,0.4168,40.6838,91.4405,0
1745405094.498,5.313,2.073,1.0357,-1.1673,-1.3426,0.4104,40.6683,91.4470,0
1745405094.578,5.313,2.078,1.0379,-1.1671,-1.3450,0.4191,40.7145,91.4212,0
1745405094.657,5.313,2.084,1.0398,-1.1670,-1.3473,0.3988,40.7344,91.4484,0
1745405094.737,5.312,2.089,1.0422,-1.1670,-1.3501,0.4537,40.7529,91.3621,0
1745405094.817,5.313,2.090,1.0446,-1.1670,-1.3528,0.4566,40.8053,91.3587,0
1745405094.896,5.313,2.090,1.0467,-1.1668,-1.3553,0.4542,40.8025,91.3861,0
1745405094.976,5.313,2.095,1.0494,-1.1668,-1.3582,0.4415,40.8470,91.3381,0
1745405095.056,5.313,2.101,1.0519,-1.1668,-1.3610,0.4055,40.8725,91.3755,0
1745405095.135,5.314,2.104,1.0544,-1.1667,-1.3638,0.3954,40.8917,91.3396,0
1745405095.215,5.311,2.107,1.0570,-1.1667,-1.3666,0.3736,40.9445,91.3290,0
1745405095.295,5.311,2.107,1.0595,-1.1667,-1.3694,0.3529,40.9605,91.2755,0
1745405095.374,5.312,2.113,1.0622,-1.1665,-1.3725,0.3283,40.9671,91.2694,0
1745405095.454,5.312,2.119,1.0653,-1.1665,-1.3758,0.3015,40.9881,91.2556,0
1745405095.533,5.313,2.123,1.0687,-1.1663,-1.3796,0.2966,41.0198,91.1782,0
1745405095.613,5.312,2.129,1.0718,-1.1664,-1.3831,0.2753,41.0347,91.1514,0
1745405095.693,5.312,2.129,1.0752,-1.1661,-1.3869,0.3046,41.0207,91.1021,0
1745405095.776,5.312,2.137,1.0787,-1.1660,-1.3908,0.2888,40.9980,91.0293,0
1745405095.852,5.312,2.141,1.0820,-1.1659,-1.3947,0.3234,41.0093,90.9831,0
1745405095.932,5.312,2.149,1.0854,-1.1656,-1.3988,0.3854,41.0464,90.9199,0
1745405096.011,5.313,2.157,1.0888,-1.1656,-1.4028,0.4521,41.0145,90.8331,0
1745405096.091,5.313,2.157,1.0928,-1.1657,-1.4071,0.3867,41.0187,90.8255,0
1745405096.171,5.312,2.162,1.0970,-1.1654,-1.4117,0.3252,41.0414,90.7632,0
1745405096.250,5.312,2.169,1.1010,-1.1655,-1.4159,0.2796,41.0063,90.7717,0
1745405096.330,5.313,2.178,1.1044,-1.1654,-1.4199,0.3030,41.0016,90.7854,0
1745405096.410,5.311,2.184,1.1077,-1.1655,-1.4238,0.3526,40.9924,90.7475,0
1745405096.491,5.313,2.184,1.1114,-1.1654,-1.4276,0.2635,40.9955,90.8299,0
1745405096.569,5.311,2.190,1.1153,-1.1649,-1.4317,0.1872,40.9814,90.8450,0
1745405096.649,5.311,2.197,1.1193,-1.1650,-1.4358,0.0771,40.9835,90.9507,0
1745405096.728,5.313,2.204,1.1235,-1.1648,-1.4405,0.0566,41.0131,90.8800,0
1745405096.808,5.314,2.212,1.1280,-1.1647,-1.4454,0.0297,40.9843,90.8340,0
1745405096.887,5.314,2.212,1.1325,-1.1648,-1.4505,-0.0113,40.9491,90.8295,0
1745405096.967,5.312,2.220,1.1367,-1.1649,-1.4552,-0.0390,40.9769,90.8848,0
1745405097.047,5.312,2.232,1.1406,-1.1646,-1.4597,-0.0061,41.0247,90.8397,0
1745405097.126,5.314,2.239,1.1446,-1.1646,-1.4644,0.0307,40.9388,90.8056,0
1745405097.206,5.314,2.244,1.1484,-1.1645,-1.4689,0.1060,40.9809,90.7826,0
1745405097.286,5.314,2.244,1.1519,-1.1643,-1.4731,0.1598,40.9573,90.7363,0
1745405097.365,5.314,2.253,1.1556,-1.1641,-1.4775,0.2307,40.9828,90.6370,0
1745405097.445,5.314,2.260,1.1593,-1.1643,-1.4819,0.2730,40.9503,90.6308,0
1745405097.525,5.312,2.270,1.1628,-1.1643,-1.4859,0.3072,40.9576,90.5840,0
1745405097.604,5.312,2.275,1.1665,-1.1637,-1.4902,0.3428,40.9359,90.5817,0
1745405097.684,5.312,2.275,1.1706,-1.1638,-1.4947,0.3554,40.9500,90.6396,0
1745405097.765,5.312,2.279,1.1748,-1.1638,-1.4996,0.3872,40.9713,90.6283,0
1745405097.843,5.314,2.292,1.1789,-1.1639,-1.5043,0.3856,41.0191,90.6700,0
1745405097.923,5.314,2.298,1.1831,-1.1635,-1.5091,0.3957,41.1027,90.6429,0
1745405098.003,5.314,2.298,1.1870,-1.1635,-1.5134,0.3751,41.1276,90.7016,0
1745405098.082,5.313,2.303,1.1909,-1.1635,-1.5179,0.3866,41.1581,90.7183,0
1745405098.162,5.313,2.313,1.1949,-1.1635,-1.5222,0.3413,41.1940,90.8100,0
1745405098.241,5.312,2.316,1.1986,-1.1633,-1.5260,0.3218,41.2182,90.8180,0
1745405098.321,5.313,2.325,1.2026,-1.1632,-1.5305,0.3117,41.3163,90.8353,0
1745405098.401,5.313,2.325,1.2065,-1.1630,-1.5348,0.3030,41.2734,90.8603,0
1745405098.480,5.313,2.332,1.2104,-1.1631,-1.5393,0.3072,41.2946,90.8801,0
1745405098.560,5.313,2.338,1.2142,-1.1631,-1.5435,0.3135,41.2982,90.8653,0
1745405098.640,5.314,2.347,1.2178,-1.1629,-1.5477,0.3196,41.2516,90.8643,0
1745405098.719,5.313,2.354,1.2220,-1.1627,-1.5524,0.3597,41.2841,90.8992,0
1745405098.799,5.313,2.354,1.2255,-1.1628,-1.5567,0.4733,41.3198,90.8816,0
1745405098.879,5.314,2.368,1.2293,-1.1622,-1.5610,0.4889,41.3203,90.9153,0
1745405098.958,5.314,2.370,1.2337,-1.1622,-1.5657,0.4397,41.3096,90.9138,0
1745405099.038,5.313,2.375,1.2381,-1.1625,-1.5704,0.3833,41.2978,90.9318,0
1745405099.118,5.314,2.384,1.2417,-1.1620,-1.5745,0.4222,41.2981,90.9347,0
1745405099.197,5.315,2.384,1.2453,-1.1621,-1.5787,0.4911,41.2773,91.0131,0
1745405099.277,5.314,2.396,1.2490,-1.1619,-1.5824,0.4616,41.1334,91.0849,0
1745405099.358,5.314,2.400,1.2532,-1.1616,-1.5866,0.3767,40.9503,91.1666,0
1745405099.436,5.315,2.402,1.2574,-1.1616,-1.5906,0.2867,40.6862,91.3011,0
1745405099.516,5.315,2.414,1.2620,-1.1615,-1.5951,0.2665,40.3347,91.3081,0
1745405099.595,5.314,2.414,1.2667,-1.1616,-1.5998,0.2546,39.8622,91.3186,0
1745405099.675,5.319,2.418,1.2709,-1.1615,-1.6039,0.2481,39.3908,91.3582,0
1745405099.755,5.319,2.428,1.2747,-1.1613,-1.6080,0.2523,39.0806,91.3789,0
1745405099.834,5.319,2.437,1.2785,-1.1610,-1.6126,0.2397,39.1133,91.4081,0
1745405099.914,5.326,2.439,1.2820,-1.1610,-1.6171,0.3014,39.1069,91.3914,0
1745405099.994,5.323,2.439,1.2858,-1.1609,-1.6218,0.3477,39.1040,91.3792,0
1745405100.073,5.324,2.451,1.2895,-1.1608,-1.6264,0.4127,39.1020,91.3174,0
1745405100.153,5.324,2.456,1.2932,-1.1606,-1.6313,0.4772,39.1418,91.2691,0
1745405100.233,5.323,2.466,1.2966,-1.1604,-1.6358,0.5441,39.1197,91.2124,0
1745405100.312,5.324,2.471,1.2999,-1.1603,-1.6400,0.5961,39.1300,91.1495,0
1745405100.392,5.321,2.471,1.3035,-1.1600,-1.6443,0.6135,39.1583,91.1237,0
1745405100.472,5.323,2.482,1.3071,-1.1598,-1.6488,0.6200,39.1494,91.1553,0
1745405100.551,5.323,2.484,1.3109,-1.1598,-1.6531,0.5899,39.1777,91.1755,0
1745405100.631,5.323,2.489,1.3147,-1.1599,-1.6578,0.6160,39.2484,91.1571,0
1745405100.710,5.320,2.498,1.3186,-1.1596,-1.6623,0.5788,39.3085,91.1806,0
1745405100.790,5.320,2.498,1.3220,-1.1594,-1.6664,0.5711,39.3781,91.2003,0
1745405100.870,5.318,2.507,1.3256,-1.1594,-1.6709,0.5755,39.4093,91.2041,0
1745405100.949,5.318,2.512,1.3294,-1.1591,-1.6753,0.5604,39.4354,91.2558,0
1745405101.029,5.321,2.525,1.3332,-1.1591,-1.6797,0.5276,39.4787,91.2617,0
1745405101.109,5.317,2.527,1.3370,-1.1590,-1.6842,0.5206,39.5651,91.2529,0
1745405101.188,5.319,2.527,1.3409,-1.1588,-1.6888,0.5104,39.5839,91.2628,0
1745405101.268,5.319,2.537,1.3446,-1.1585,-1.6931,0.5242,39.5664,91.2392,0
1745405101.348,5.319,2.546,1.3483,-1.1586,-1.6977,0.5440,39.5732,91.1604,0
1745405101.427,5.321,2.547,1.3516,-1.1582,-1.7017,0.5461,39.5783,91.1713,0
1745405101.507,5.318,2.553,1.3552,-1.1584,-1.7061,0.5623,39.5963,91.1310,0
1745405101.587,5.320,2.553,1.3588,-1.1582,-1.7105,0.6176,39.6119,91.0964,0
1745405101.666,5.317,2.561,1.3622,-1.1581,-1.7150,0.7546,39.6713,91.0418,0
1745405101.746,5.317,2.571,1.3665,-1.1581,-1.7198,0.6852,39.6812,91.0039,0
1745405101.826,5.314,2.581,1.3706,-1.1578,-1.7247,0.6740,39.6676,90.9914,0
1745405101.905,5.315,2.583,1.3747,-1.1577,-1.7293,0.6531,39.6729,90.9513,0
1745405101.985,5.316,2.583,1.3781,-1.1573,-1.7334,0.6666,39.6477,90.9811,0
1745405102.065,5.315,2.590,1.3812,-1.1575,-1.7375,0.7333,39.6580,90.9507,0
1745405102.144,5.315,2.602,1.3849,-1.1575,-1.7417,0.7164,39.6758,91.0034,0
1745405102.224,5.316,2.608,1.3888,-1.1574,-1.7461,0.6362,39.6568,91.0995,0
1745405102.303,5.316,2.610,1.3930,-1.1571,-1.7505,0.5385,39.6504,91.1478,0
1745405102.383,5.316,2.610,1.3969,-1.1571,-1.7553,0.5477,39.6689,91.0975,0
1745405102.463,5.318,2.622,1.4008,-1.1569,-1.7598,0.5267,39.6790,91.0996,0
1745405102.542,5.318,2.624,1.4049,-1.1569,-1.7647,0.5253,39.6835,91.0748,0
1745405102.622,5.319,2.638,1.4086,-1.1565,-1.7693,0.5563,39.7134,91.0521,0
1745405102.702,5.317,2.642,1.4121,-1.1563,-1.7735,0.5378,39.7138,91.0870,0
1745405102.781,5.318,2.642,1.4159,-1.1562,-1.7780,0.5718,39.7207,91.0241,0
1745405102.861,5.316,2.644,1.4193,-1.1560,-1.7825,0.6701,39.7261,91.0083,0
1745405102.941,5.316,2.652,1.4231,-1.1561,-1.7872,0.7127,39.7704,90.9519,0
1745405103.020,5.315,2.659,1.4267,-1.1559,-1.7918,0.7877,39.7947,90.8639,0
1745405103.100,5.316,2.664,1.4303,-1.1558,-1.7964,0.8651,39.7932,90.8015,0
1745405103.181,5.314,2.664,1.4342,-1.1558,-1.8012,0.9071,39.8468,90.7903,0
1745405103.259,5.314,2.681,1.4377,-1.1556,-1.8054,0.9367,39.8527,90.7156,0
1745405103.339,5.314,2.683,1.4413,-1.1556,-1.8096,0.9547,39.7875,90.7867,0
1745405103.419,5.314,2.697,1.4451,-1.1551,-1.8140,0.9437,39.8551,90.7980,0
1745405103.498,5.314,2.697,1.4491,-1.1550,-1.8188,0.9534,39.9081,90.7851,0
1745405103.578,5.312,2.702,1.4526,-1.1547,-1.8228,0.9280,39.9600,90.7955,0
1745405103.657,5.312,2.704,1.4563,-1.1548,-1.8273,0.9516,40.0078,90.8040,0
1745405103.737,5.314,2.714,1.4598,-1.1547,-1.8316,0.9728,40.0941,90.7784,0
1745405103.817,5.313,2.723,1.4638,-1.1548,-1.8359,0.9546,40.1171,90.8217,0
1745405106.425,5.325,2.882,1.5641,-1.1513,-1.9526,0.9535,37.1479,90.7956,0
1745405106.505,5.325,2.889,1.5639,-1.1511,-1.9524,0.9611,37.1470,90.8017,0
1745405106.584,5.325,2.889,1.5641,-1.1513,-1.9526,0.9682,37.1483,90.7931,0
1745405106.664,5.326,2.884,1.5643,-1.1513,-1.9527,0.9626,37.1467,90.8009,0
1745405106.744,5.326,2.889,1.5641,-1.1513,-1.9526,0.9737,37.1445,90.8048,0
1745405106.823,5.325,2.889,1.5640,-1.1512,-1.9525,0.9743,37.1465,90.8081,0
1745405106.903,5.326,2.890,1.5640,-1.1513,-1.9525,0.9748,37.1446,90.8105,0
1745405106.983,5.324,2.890,1.5640,-1.1513,-1.9525,0.9769,37.1406,90.8044,0
1745405107.062,5.323,2.885,1.5642,-1.1513,-1.9527,0.9756,37.1351,90.7994,0
1745405107.142,5.323,2.883,1.5641,-1.1513,-1.9526,0.9646,37.1380,90.8120,0
1745405107.221,5.325,2.884,1.5641,-1.1512,-1.9526,0.9684,37.1408,90.8056,0
1745405107.301,5.325,2.884,1.5641,-1.1513,-1.9526,0.9628,37.1488,90.8087,0
1745405107.381,5.325,2.884,1.5640,-1.1512,-1.9526,0.9622,37.1489,90.8085,0
1745405107.460,5.326,2.889,1.5641,-1.1512,-1.9525,0.9611,37.1519,90.8149,0
1745405107.540,5.326,2.885,1.5641,-1.1513,-1.9527,0.9714,37.1560,90.8152,0
1745405107.620,5.326,2.890,1.5641,-1.1513,-1.9526,0.9678,37.1594,90.8218,0
1745405107.699,5.325,2.890,1.5641,-1.1512,-1.9526,0.9717,37.1619,90.8189,0
1745405107.779,5.327,2.890,1.5641,-1.1512,-1.9526,0.9738,37.1564,90.8140,0
1745405107.859,5.324,2.883,1.5639,-1.1513,-1.9525,0.9838,37.1689,90.8122,0
1745405107.938,5.324,2.883,1.5638,-1.1512,-1.9523,0.9790,37.1626,90.7954,0
1745405108.018,5.327,2.884,1.5630,-1.1515,-1.9510,0.9679,37.1704,90.8123,0
1745405108.098,5.327,2.889,1.5615,-1.1513,-1.9493,0.9306,37.2234,90.8463,0
1745405108.177,5.326,2.889,1.5589,-1.1515,-1.9455,0.8387,37.1675,90.9334,0
1745405108.257,5.328,2.886,1.5557,-1.1516,-1.9416,0.8460,37.2692,90.9339,0
1745405108.336,5.328,2.883,1.5529,-1.1518,-1.9376,0.7736,37.2526,90.9648,0
1745405108.416,5.327,2.871,1.5503,-1.1519,-1.9342,0.7682,37.1775,90.9588,0
1745405108.496,5.325,2.870,1.5482,-1.1519,-1.9314,0.7628,37.1827,90.9658,0
1745405108.575,5.326,2.870,1.5465,-1.1520,-1.9293,0.7548,37.1939,90.9453,0
1745405108.655,5.326,2.864,1.5452,-1.1520,-1.9275,0.7422,37.1643,90.9389,0
1745405108.735,5.326,2.854,1.5437,-1.1520,-1.9256,0.7502,37.1731,90.9232,0
1745405108.814,5.327,2.857,1.5421,-1.1521,-1.9237,0.7536,37.1490,90.9097,0
1745405108.894,5.328,2.857,1.5404,-1.1522,-1.9212,0.7266,37.1092,90.9298,0
1745405108.974,5.328,2.849,1.5384,-1.1522,-1.9188,0.7541,37.1440,90.9199,0
1745405109.053,5.328,2.851,1.5364,-1.1522,-1.9162,0.7611,37.1117,90.8997,0
1745405109.133,5.328,2.848,1.5344,-1.1522,-1.9136,0.7525,37.0972,90.9020,0
1745405109.213,5.326,2.836,1.5324,-1.1524,-1.9113,0.8013,37.0504,90.8818,0
1745405109.292,5.326,2.836,1.5304,-1.1525,-1.9088,0.8511,37.0372,90.8359,0
1745405109.372,5.331,2.834,1.5283,-1.1526,-1.9062,0.8889,36.9608,90.8082,0
1745405109.451,5.331,2.835,1.5259,-1.1526,-1.9037,0.9636,36.9388,90.7777,0
1745405109.531,5.329,2.826,1.5242,-1.1527,-1.9014,0.9890,36.9157,90.7317,0
1745405109.611,5.329,2.827,1.5226,-1.1528,-1.8993,1.0203,36.8900,90.6914,0
1745405109.691,5.330,2.827,1.5205,-1.1526,-1.8968,1.0471,36.8388,90.6856,0
1745405109.770,5.330,2.820,1.5188,-1.1527,-1.8944,1.0447,36.8426,90.6604,0
1745405109.850,5.330,2.822,1.5166,-1.1528,-1.8917,1.0575,36.8037,90.6388,0
1745405109.929,5.332,2.818,1.5141,-1.1528,-1.8883,1.0354,36.7942,90.6160,0
1745405110.011,5.330,2.814,1.5116,-1.1530,-1.8848,0.9894,36.8161,90.6520,0
1745405110.089,5.332,2.814,1.5086,-1.1532,-1.8811,1.0084,36.8344,90.6571,0
1745405110.168,5.332,2.802,1.5057,-1.1531,-1.8774,1.0154,36.7967,90.6920,0
1745405110.248,5.332,2.797,1.5033,-1.1534,-1.8742,1.0381,36.7877,90.7018,0
1745405110.328,5.330,2.792,1.5010,-1.1533,-1.8712,1.0529,36.7155,90.7151,0
1745405110.407,5.333,2.793,1.4986,-1.1534,-1.8680,1.0432,36.6688,90.7161,0
1745405110.487,5.333,2.793,1.4959,-1.1537,-1.8641,0.9010,36.5879,90.7878,0
1745405110.567,5.333,2.781,1.4930,-1.1539,-1.8599,0.9294,36.4761,90.7533,0
1745405110.648,5.333,2.782,1.4899,-1.1539,-1.8557,0.8861,36.4128,90.8056,0
1745405110.726,5.335,2.772,1.4872,-1.1538,-1.8519,0.8762,36.3866,90.8161,0
1745405110.806,5.337,2.770,1.4845,-1.1539,-1.8485,0.8563,36.3546,90.8460,0
1745405110.885,5.341,2.770,1.4822,-1.1542,-1.8454,0.8421,36.3252,90.8426,0
1745405110.965,5.338,2.762,1.4798,-1.1543,-1.8420,0.8391,36.2774,90.8606,0
1745405111.044,5.338,2.759,1.4772,-1.1544,-1.8386,0.8621,36.1983,90.8626,0
1745405111.124,5.341,2.747,1.4743,-1.1544,-1.8349,0.8784,36.1466,90.8868,0
1745405111.204,5.340,2.740,1.4714,-1.1545,-1.8311,0.9240,36.0806,90.8585,0
1745405111.283,5.343,2.740,1.4690,-1.1546,-1.8275,0.9169,36.0361,90.8807,0
1745405111.363,5.344,2.743,1.4663,-1.1547,-1.8240,0.9503,35.9833,90.8657,0
1745405111.443,5.344,2.737,1.4636,-1.1546,-1.8204,0.9689,35.9451,90.8451,0
1745405111.522,5.344,2.734,1.4609,-1.1547,-1.8167,0.9631,35.9215,90.8104,0
1745405111.602,5.346,2.722,1.4578,-1.1546,-1.8126,0.9639,35.9435,90.7912,0
1745405111.681,5.346,2.722,1.4550,-1.1549,-1.8089,0.9910,35.8929,90.7824,0
1745405111.761,5.346,2.716,1.4523,-1.1550,-1.8052,0.9695,35.9085,90.7872,0
1745405111.844,5.346,2.709,1.4493,-1.1551,-1.8013,0.9885,35.9367,90.7597,0
1745405113.852,5.353,2.659,1.4227,-1.1567,-1.7640,0.6445,35.7813,91.0363,0
1745405113.932,5.353,2.656,1.4226,-1.1566,-1.7639,0.6428,35.7789,91.0420,0
1745405114.011,5.352,2.660,1.4227,-1.1567,-1.7639,0.6354,35.7786,91.0379,0
1745405114.091,5.350,2.661,1.4227,-1.1567,-1.7640,0.6355,35.7877,91.0384,0
1745405114.170,5.354,2.661,1.4227,-1.1567,-1.7640,0.6381,35.7854,91.0382,0
1745405114.250,5.351,2.660,1.4227,-1.1567,-1.7640,0.6431,35.7820,91.0389,0
1745405114.330,5.351,2.655,1.4227,-1.1566,-1.7639,0.6444,35.7820,91.0420,0
1745405114.409,5.351,2.655,1.4227,-1.1567,-1.7640,0.6395,35.7785,91.0392,0
1745405114.489,5.350,2.655,1.4227,-1.1567,-1.7640,0.6422,35.7790,91.0375,0
1745405114.569,5.351,2.656,1.4227,-1.1567,-1.7640,0.6433,35.7751,91.0489,0
1745405114.648,5.351,2.661,1.4228,-1.1567,-1.7640,0.6390,35.7742,91.0498,0
1745405114.728,5.354,2.656,1.4227,-1.1568,-1.7640,0.6454,35.7750,91.0456,0
1745405114.808,5.352,2.657,1.4227,-1.1567,-1.7640,0.6441,35.7766,91.0461,0
1745405114.887,5.350,2.657,1.4228,-1.1568,-1.7641,0.6386,35.7779,91.0488,0
1745405114.967,5.352,2.655,1.4227,-1.1567,-1.7640,0.6391,35.7780,91.0521,0
1745405115.046,5.352,2.655,1.4228,-1.1567,-1.7640,0.6374,35.7776,91.0483,0
1745405115.126,5.353,2.656,1.4227,-1.1567,-1.7640,0.6428,35.7796,91.0444,0
1745405115.206,5.352,2.661,1.4231,-1.1567,-1.7646,0.6540,35.7586,91.0507,0
1745405115.285,5.352,2.661,1.4245,-1.1566,-1.7663,0.6394,35.7310,91.0544,0
1745405115.365,5.350,2.659,1.4265,-1.1566,-1.7693,0.6677,35.7880,91.0324,0
1745405115.445,5.350,2.662,1.4291,-1.1564,-1.7731,0.6968,35.7672,91.0085,0
1745405115.524,5.349,2.669,1.4311,-1.1564,-1.7759,0.7322,35.7358,90.9823,0
1745405115.604,5.348,2.675,1.4324,-1.1563,-1.7777,0.7526,35.7291,90.9828,0
1745405115.684,5.349,2.675,1.4326,-1.1563,-1.7779,0.7620,35.7524,90.9728,0
1745405115.763,5.349,2.678,1.4326,-1.1563,-1.7780,0.7486,35.7492,90.9842,0
1745405115.843,5.349,2.672,1.4326,-1.1563,-1.7780,0.7563,35.7495,90.9921,0
1745405115.923,5.349,2.679,1.4326,-1.1563,-1.7779,0.7625,35.7472,90.9835,0
1745405116.002,5.351,2.673,1.4325,-1.1563,-1.7779,0.7613,35.7461,90.9891,0
1745405116.082,5.349,2.673,1.4325,-1.1563,-1.7780,0.7620,35.7445,90.9843,0
1745405116.162,5.351,2.678,1.4326,-1.1563,-1.7779,0.7606,35.7453,90.9882,0
1745405116.241,5.351,2.672,1.4327,-1.1563,-1.7780,0.7540,35.7383,90.9864,0
1745405116.321,5.350,2.677,1.4326,-1.1563,-1.7779,0.7614,35.7377,90.9873,0
1745405116.400,5.351,2.674,1.4325,-1.1563,-1.7779,0.7651,35.7337,90.9835,0
1745405116.480,5.348,2.674,1.4326,-1.1563,-1.7779,0.7579,35.7270,90.9846,0
1745405116.679,5.350,2.673,1.4326,-1.1564,-1.7780,0.7590,35.7309,90.9947,0
1745405116.759,5.350,2.674,1.4326,-1.1564,-1.7780,0.7641,35.7291,90.9903,0
1745405116.838,5.350,2.670,1.4326,-1.1563,-1.7780,0.7509,35.7250,90.9876,0
1745405117.037,5.348,2.678,1.4326,-1.1564,-1.7780,0.7529,35.7289,90.9922,0
1745405117.117,5.349,2.670,1.4326,-1.1564,-1.7780,0.7475,35.7237,90.9868,0
1745405117.197,5.350,2.679,1.4325,-1.1563,-1.7779,0.7422,35.7212,90.9865,0
1745405117.276,5.350,2.679,1.4326,-1.1564,-1.7780,0.7446,35.7281,90.9904,0
1745405117.356,5.350,2.679,1.4327,-1.1563,-1.7780,0.7396,35.7248,90.9953,0
1745405117.436,5.350,2.673,1.4327,-1.1564,-1.7781,0.7484,35.7251,90.9889,0
1745405117.516,5.351,2.679,1.4327,-1.1564,-1.7780,0.7453,35.7280,90.9991,0
1745405117.595,5.349,2.679,1.4327,-1.1564,-1.7780,0.7405,35.7334,91.0034,0
1745405117.675,5.348,2.679,1.4327,-1.1563,-1.7780,0.7512,35.7398,90.9975,0
1745405117.754,5.351,2.673,1.4326,-1.1563,-1.7780,0.7493,35.7425,91.0080,0
1745405117.834,5.351,2.680,1.4326,-1.1563,-1.7780,0.7519,35.7378,90.9993,0
1745405117.914,5.351,2.677,1.4326,-1.1563,-1.7780,0.7539,35.7328,90.9989,0
1745405117.993,5.350,2.670,1.4326,-1.1564,-1.7780,0.7526,35.7302,91.0015,0
1745405118.073,5.348,2.670,1.4326,-1.1563,-1.7780,0.7524,35.7272,90.9974,0
1745405118.153,5.348,2.679,1.4327,-1.1564,-1.7780,0.7569,35.7269,90.9909,1
1745405118.232,5.348,2.671,1.4326,-1.1564,-1.7780,0.7539,35.7260,90.9922,1
1745405118.312,5.349,2.679,1.4327,-1.1564,-1.7780,0.7429,35.7310,91.0009,1
1745405118.392,5.349,2.678,1.4327,-1.1564,-1.7780,0.7483,35.7286,90.9945,1
1745405118.511,5.348,2.678,1.4327,-1.1563,-1.7781,0.7519,35.7344,90.9831,1
1745405118.591,5.349,2.677,1.4327,-1.1564,-1.7780,0.7568,35.7398,90.9884,1
1745405118.670,5.350,2.677,1.4327,-1.1564,-1.7781,0.7527,35.7427,90.9999,1
1745405118.750,5.350,2.678,1.4326,-1.1563,-1.7780,0.7559,35.7424,91.0031,1
1745405120.602,5.350,2.679,1.4328,-1.1563,-1.7780,0.7609,35.7416,90.9912,0
1745405120.681,5.349,2.679,1.4327,-1.1564,-1.7781,0.7671,35.7369,90.9826,0
1745405120.761,5.350,2.673,1.4327,-1.1564,-1.7781,0.7629,35.7377,90.9835,0
1745405120.841,5.350,2.677,1.4327,-1.1564,-1.7781,0.7616,35.7355,90.9824,0
1745405120.920,5.351,2.678,1.4326,-1.1563,-1.7780,0.7593,35.7413,90.9887,0
1745405121.000,5.350,2.674,1.4327,-1.1564,-1.7781,0.7545,35.7377,90.9840,0
1745405121.080,5.348,2.674,1.4328,-1.1564,-1.7782,0.7562,35.7385,90.9900,0
1745405121.159,5.349,2.670,1.4328,-1.1565,-1.7782,0.7513,35.7374,91.0031,0
1745405121.239,5.349,2.672,1.4327,-1.1564,-1.7780,0.7528,35.7342,91.0057,0
1745405121.318,5.349,2.674,1.4327,-1.1564,-1.7781,0.7505,35.7315,91.0020,0
1745405121.398,5.349,2.670,1.4327,-1.1564,-1.7782,0.7488,35.7301,90.9985,0
1745405121.478,5.351,2.670,1.4327,-1.1564,-1.7781,0.7497,35.7249,91.0044,0
1745405121.557,5.350,2.670,1.4327,-1.1564,-1.7780,0.7521,35.7269,91.0049,0
1745405121.637,5.350,2.677,1.4328,-1.1565,-1.7782,0.7524,35.7324,90.9999,0
1745405121.717,5.349,2.673,1.4327,-1.1564,-1.7781,0.7566,35.7360,91.0013,0
1745405121.796,5.351,2.673,1.4328,-1.1564,-1.7781,0.7676,35.7460,90.9930,0
1745405121.876,5.350,2.673,1.4328,-1.1565,-1.7782,0.7623,35.7345,90.9888,0
1745405121.956,5.350,2.672,1.4328,-1.1564,-1.7781,0.7586,35.7348,91.0005,0
1745405122.035,5.350,2.679,1.4328,-1.1564,-1.7781,0.7551,35.7371,90.9996,0
1745405122.115,5.349,2.678,1.4329,-1.1565,-1.7782,0.7616,35.7338,90.9979,0
1745405122.195,5.349,2.674,1.4328,-1.1564,-1.7782,0.7680,35.7336,90.9920,0
1745405122.274,5.348,2.674,1.4328,-1.1564,-1.7782,0.7673,35.7345,90.9930,0
1745405122.354,5.348,2.678,1.4328,-1.1564,-1.7781,0.7692,35.7323,90.9923,0
1745405122.434,5.348,2.678,1.4335,-1.1563,-1.7795,0.7724,35.8874,91.0198,0
1745405122.513,5.350,2.671,1.4365,-1.1563,-1.7834,0.7927,35.7998,90.9786,0
1745405122.593,5.350,2.676,1.4411,-1.1561,-1.7905,0.9702,35.7627,90.8237,0
1745405122.672,5.349,2.676,1.4476,-1.1558,-1.7994,1.0019,35.7321,90.8223,0
1745405122.752,5.348,2.681,1.4547,-1.1553,-1.8089,0.9923,35.7320,90.8285,0
1745405122.832,5.348,2.695,1.4611,-1.1555,-1.8177,0.9794,35.7425,90.8253,0
1745405122.911,5.345,2.711,1.4670,-1.1549,-1.8256,0.9561,35.8407,90.8878,0
1745405122.991,5.346,2.732,1.4723,-1.1549,-1.8327,0.9308,35.9314,90.9044,0
1745405123.071,5.347,2.732,1.4771,-1.1549,-1.8391,0.9152,35.9894,90.8896,0
1745405123.150,5.343,2.734,1.4819,-1.1546,-1.8453,0.8995,36.0053,90.8783,0
1745405123.230,5.343,2.748,1.4867,-1.1544,-1.8519,0.8966,36.0231,90.8700,0
1745405123.310,5.342,2.757,1.4916,-1.1540,-1.8587,0.9483,36.0070,90.8227,0
1745405123.389,5.341,2.761,1.4967,-1.1540,-1.8658,1.0001,36.0297,90.7937,0
1745405123.469,5.341,2.761,1.5020,-1.1537,-1.8731,1.0554,36.0453,90.7288,0
1745405123.550,5.338,2.777,1.5079,-1.1534,-1.8811,1.0447,36.0219,90.6994,0
1745405123.628,5.338,2.783,1.5134,-1.1532,-1.8884,1.0600,35.9882,90.6724,0
1745405123.708,5.337,2.801,1.5184,-1.1530,-1.8954,1.0763,35.9752,90.7278,0
1745405123.787,5.335,2.810,1.5237,-1.1529,-1.9022,1.0095,35.9690,90.7746,0
1745405123.867,5.338,2.810,1.5291,-1.1529,-1.9088,0.8754,35.9324,90.8852,0
1745405123.947,5.334,2.818,1.5348,-1.1527,-1.9158,0.7445,35.9159,90.9420,0
1745405124.026,5.334,2.832,1.5399,-1.1527,-1.9227,0.6998,35.8868,90.9657,0
1745405124.106,5.336,2.844,1.5454,-1.1521,-1.9300,0.7138,35.8518,90.9441,0
1745405124.186,5.333,2.861,1.5508,-1.1515,-1.9374,0.7251,35.7982,90.9918,0
1745405124.265,5.335,2.861,1.5556,-1.1522,-1.9448,0.8198,35.8145,90.9601,0
1745405124.345,5.333,2.867,1.5610,-1.1519,-1.9521,0.8959,35.7372,90.8745,0
1745405124.425,5.333,2.882,1.5658,-1.1509,-1.9592,1.0001,35.7194,90.7835,0
1745405124.506,5.332,2.884,1.5708,-1.1509,-1.9664,1.0517,35.6775,90.7365,0
1745405124.584,5.330,2.894,1.5759,-1.1509,-1.9730,1.0361,35.7029,90.7501,0
1745405124.663,5.332,2.894,1.5811,-1.1507,-1.9802,1.0204,35.7036,90.7789,0
1745405124.743,5.331,2.913,1.5864,-1.1503,-1.9873,1.0190,35.7580,90.7746,0
1745405124.823,5.331,2.915,1.5919,-1.1505,-1.9946,0.9785,35.7897,90.8495,0
1745405124.902,5.331,2.931,1.5974,-1.1503,-2.0017,0.9366,35.8322,90.9053,0
1745405124.982,5.328,2.942,1.6029,-1.1502,-2.0091,0.8721,35.8821,90.9355,0
1745405125.062,5.328,2.942,1.6084,-1.1498,-2.0164,0.8582,35.8909,90.9491,0
1745405125.141,5.326,2.954,1.6134,-1.1497,-2.0234,0.8896,35.8821,90.9298,0
1745405125.221,5.326,2.968,1.6182,-1.1494,-2.0302,0.9154,35.8438,90.9007,0
1745405125.301,5.325,2.972,1.6229,-1.1491,-2.0369,1.0380,35.8472,90.8548,0
1745405125.380,5.327,2.989,1.6282,-1.1490,-2.0436,0.9833,35.8413,90.8458,0
1745405125.460,5.325,2.989,1.6334,-1.1485,-2.0506,0.9713,35.8331,90.8620,0
1745405125.540,5.322,2.998,1.6381,-1.1481,-2.0572,1.0177,35.8170,90.8545,0
1745405125.619,5.322,3.007,1.6427,-1.1482,-2.0634,1.0049,35.8172,90.8772,0
1745405125.699,5.325,3.019,1.6477,-1.1482,-2.0699,0.9576,35.8157,90.9252,0
1745405125.779,5.323,3.019,1.6527,-1.1480,-2.0761,0.8376,35.7907,91.0367,0
1745405125.861,5.320,3.031,1.6580,-1.1475,-2.0827,0.7138,35.7608,91.1385,0
1745405125.938,5.320,3.039,1.6628,-1.1474,-2.0891,0.7197,35.7596,91.1306,0
1745405126.018,5.321,3.052,1.6676,-1.1474,-2.0959,0.7184,35.7317,91.1297,0
1745405126.097,5.322,3.063,1.6725,-1.1469,-2.1028,0.7362,35.7285,91.0961,0
1745405126.177,5.320,3.063,1.6773,-1.1472,-2.1096,0.7534,35.7316,91.0987,0
1745405126.258,5.320,3.067,1.6818,-1.1469,-2.1159,0.8081,35.7065,91.0718,0
1745405126.336,5.320,3.079,1.6860,-1.1467,-2.1219,0.8846,35.6649,91.0141,0
1745405126.416,5.317,3.093,1.6903,-1.1465,-2.1279,0.9658,35.6673,90.9307,0
1745405126.495,5.316,3.098,1.6944,-1.1462,-2.1338,1.0069,35.6252,90.8904,0
1745405126.575,5.317,3.098,1.6985,-1.1458,-2.1395,1.0241,35.6136,90.8783,0
1745405126.655,5.316,3.107,1.7028,-1.1459,-2.1454,1.0233,35.6539,90.9044,0
1745405126.734,5.316,3.122,1.7071,-1.1458,-2.1512,1.0208,35.6886,90.8985,0
1745405126.814,5.315,3.125,1.7110,-1.1456,-2.1566,1.0017,35.7257,90.9315,0
1745405126.894,5.316,3.135,1.7152,-1.1455,-2.1622,0.9842,35.7653,90.9501,0
1745405126.973,5.313,3.135,1.7193,-1.1452,-2.1674,0.9299,35.7733,91.0027,0
1745405127.053,5.311,3.146,1.7238,-1.1452,-2.1735,0.8932,35.7866,90.9918,0
1745405127.133,5.311,3.147,1.7281,-1.1452,-2.1794,0.8716,35.8341,90.9814,0
1745405127.212,5.312,3.162,1.7325,-1.1447,-2.1852,0.8982,35.8379,90.9696,0
1745405127.292,5.310,3.173,1.7364,-1.1447,-2.1907,0.9113,35.8270,90.9707,0
1745405127.371,5.309,3.173,1.7404,-1.1443,-2.1962,0.9285,35.8002,90.9829,0
1745405127.451,5.311,3.176,1.7440,-1.1443,-2.2015,1.0004,35.7945,90.9551,0
1745405127.531,5.311,3.185,1.7479,-1.1441,-2.2069,1.0537,35.7885,90.9299,0
1745405127.610,5.308,3.194,1.7524,-1.1437,-2.2130,1.0368,35.8167,90.9438,0
1745405127.690,5.307,3.199,1.7565,-1.1435,-2.2185,1.0069,35.8048,90.9726,0
1745405127.770,5.305,3.199,1.7608,-1.1432,-2.2241,1.0245,35.7643,90.9669,0
1745405127.849,5.304,3.217,1.7643,-1.1428,-2.2291,1.0411,35.7668,90.9806,0
1745405127.929,5.304,3.225,1.7684,-1.1429,-2.2344,1.0148,35.7442,91.0458,0
1745405128.009,5.304,3.226,1.7728,-1.1429,-2.2399,0.9302,35.7237,91.1114,0
1745405128.088,5.300,3.237,1.7768,-1.1427,-2.2450,0.7851,35.7085,91.2493,0
1745405128.168,5.302,3.237,1.7808,-1.1425,-2.2500,0.7102,35.6962,91.3061,0
1745405128.248,5.305,3.241,1.7847,-1.1423,-2.2552,0.6832,35.6465,91.3219,0
1745405128.327,5.305,3.251,1.7888,-1.1422,-2.2608,0.6490,35.6591,91.3273,0
1745405128.407,5.306,3.262,1.7928,-1.1422,-2.2664,0.6885,35.6049,91.2954,0
1745405128.487,5.304,3.274,1.7968,-1.1421,-2.2720,0.7166,35.5762,91.2670,0
1745405128.568,5.306,3.274,1.8006,-1.1418,-2.2775,0.7507,35.5750,91.2709,0
1745405128.646,5.302,3.283,1.8045,-1.1418,-2.2828,0.8137,35.5406,91.2287,0
1745405128.725,5.302,3.293,1.8080,-1.1416,-2.2881,0.8811,35.5629,91.2049,0
1745405128.805,5.301,3.295,1.8113,-1.1411,-2.2931,0.9940,35.5248,91.1101,0
1745405128.885,5.301,3.308,1.8141,-1.1410,-2.2974,1.0674,35.4729,91.0288,0
1745405128.964,5.298,3.308,1.8175,-1.1408,-2.3021,1.0859,35.5146,90.9907,0
1745405129.044,5.299,3.307,1.8209,-1.1407,-2.3070,1.1327,35.4643,90.9233,0
1745405129.124,5.299,3.320,1.8244,-1.1403,-2.3118,1.1444,35.4574,90.9526,0
1745405129.203,5.301,3.326,1.8285,-1.1403,-2.3171,1.1150,35.5400,90.9750,0
1745405129.283,5.296,3.336,1.8321,-1.1402,-2.3222,1.1396,35.5611,90.9706,0
1745405129.363,5.298,3.336,1.8358,-1.1399,-2.3271,1.1044,35.6030,90.9666,0
1745405129.442,5.299,3.338,1.8394,-1.1396,-2.3320,1.0736,35.6771,90.9821,0
1745405129.522,5.299,3.352,1.8432,-1.1397,-2.3370,1.0637,35.7162,91.0054,0
1745405129.602,5.293,3.357,1.8470,-1.1395,-2.3420,0.9961,35.7456,91.0077,0
1745405129.681,5.294,3.365,1.8509,-1.1395,-2.3471,0.9349,35.7920,91.0490,0
1745405129.761,5.294,3.365,1.8545,-1.1396,-2.3521,0.9631,35.7893,90.9998,0
1745405129.840,5.293,3.374,1.8581,-1.1390,-2.3570,0.9589,35.7790,91.0117,0
1745405129.920,5.293,3.385,1.8616,-1.1389,-2.3620,0.9961,35.7742,90.9766,0
1745405130.000,5.293,3.392,1.8651,-1.1390,-2.3667,0.9941,35.8169,90.9773,0
1745405130.079,5.291,3.395,1.8683,-1.1386,-2.3715,1.0849,35.8220,90.9567,0
1745405130.159,5.292,3.395,1.8717,-1.1385,-2.3762,1.0832,35.8523,90.9934,0
1745405130.239,5.289,3.401,1.8760,-1.1382,-2.3817,1.0480,35.8939,91.0005,0
1745405130.318,5.289,3.411,1.8801,-1.1380,-2.3871,1.0302,35.8780,91.0145,0
1745405130.398,5.289,3.421,1.8835,-1.1380,-2.3920,1.0667,35.8759,90.9957,0
1745405130.478,5.289,3.432,1.8869,-1.1380,-2.3966,1.0926,35.8435,91.0102,0
1745405130.557,5.289,3.432,1.8899,-1.1376,-2.4005,1.0747,35.8650,91.0420,0
1745405130.637,5.287,3.432,1.8928,-1.1375,-2.4044,1.0451,35.7813,91.0810,0
1745405130.717,5.287,3.443,1.8957,-1.1374,-2.4083,1.0146,35.8029,91.0977,0
1745405130.796,5.289,3.449,1.8986,-1.1372,-2.4115,0.9199,35.8032,91.1851,0
1745405130.876,5.288,3.455,1.9014,-1.1373,-2.4152,0.8645,35.7770,91.2382,0
1745405130.955,5.288,3.455,1.9040,-1.1372,-2.4185,0.7984,35.7746,91.3319,0
1745405131.037,5.291,3.457,1.9068,-1.1370,-2.4220,0.7640,35.7459,91.3741,0
1745405131.115,5.291,3.464,1.9096,-1.1367,-2.4259,0.7410,35.7081,91.4083,0
1745405131.194,5.289,3.470,1.9125,-1.1367,-2.4300,0.7529,35.6515,91.3546,0
1745405131.274,5.287,3.470,1.9157,-1.1368,-2.4342,0.6995,35.6682,91.4280,0
1745405131.354,5.287,3.479,1.9187,-1.1365,-2.4382,0.7245,35.5891,91.4252,0
1745405131.435,5.288,3.486,1.9214,-1.1363,-2.4419,0.7111,35.6238,91.4445,0
1745405131.513,5.288,3.491,1.9237,-1.1361,-2.4453,0.7607,35.5951,91.4244,0
1745405131.593,5.287,3.499,1.9263,-1.1362,-2.4489,0.7579,35.6128,91.4281,0
1745405131.672,5.288,3.499,1.9290,-1.1359,-2.4528,0.7691,35.6164,91.4526,0
1745405131.752,5.288,3.503,1.9315,-1.1358,-2.4564,0.8187,35.6456,91.4158,0
1745405131.832,5.288,3.508,1.9340,-1.1355,-2.4602,0.8573,35.5942,91.4034,0
1745405131.911,5.285,3.511,1.9366,-1.1355,-2.4638,0.9080,35.5898,91.3803,0
1745405131.991,5.286,3.518,1.9390,-1.1352,-2.4674,0.9423,35.5739,91.3377,0
1745405132.190,5.287,3.530,1.9459,-1.1348,-2.4768,0.9548,35.5048,91.3150,0
1745405132.270,5.285,3.530,1.9484,-1.1347,-2.4801,0.9532,35.5200,91.3399,0
1745405132.349,5.283,3.534,1.9512,-1.1347,-2.4839,0.9334,35.5242,91.3716,0
1745405132.429,5.283,3.543,1.9539,-1.1344,-2.4873,0.9193,35.5404,91.4149,0
1745405132.508,5.284,3.548,1.9563,-1.1344,-2.4908,0.9366,35.5420,91.3954,0
1745405132.588,5.281,3.549,1.9589,-1.1342,-2.4942,0.8822,35.5249,91.4295,0
1745405132.668,5.281,3.549,1.9617,-1.1340,-2.4981,0.8826,35.5845,91.4096,0
1745405132.747,5.282,3.558,1.9648,-1.1340,-2.5019,0.8267,35.5624,91.4740,0
1745405132.827,5.282,3.563,1.9677,-1.1340,-2.5058,0.8152,35.5772,91.4666,0
1745405132.907,5.282,3.568,1.9711,-1.1336,-2.5101,0.7665,35.6264,91.5108,0
1745405132.987,5.281,3.572,1.9737,-1.1337,-2.5137,0.7337,35.5811,91.5549,0
1745405135.475,5.275,3.682,2.0316,-1.1306,-2.5918,0.4573,35.4180,91.5735,0
1745405135.555,5.271,3.682,2.0318,-1.1306,-2.5917,0.4550,35.4217,91.5739,0
1745405135.635,5.273,3.684,2.0313,-1.1306,-2.5913,0.4668,35.4388,91.5652,0
1745405135.714,5.273,3.684,2.0292,-1.1308,-2.5886,0.4809,35.4667,91.5505,0
1745405135.794,5.273,3.681,2.0248,-1.1311,-2.5831,0.5724,35.4816,91.5174,0
1745405135.874,5.274,3.679,2.0187,-1.1318,-2.5755,0.7317,35.4807,91.4036,0
1745405135.953,5.275,3.679,2.0125,-1.1320,-2.5670,0.7791,35.4330,91.3914,0
1745405136.033,5.273,3.663,2.0066,-1.1320,-2.5587,0.7530,35.3842,91.4124,0
1745405136.112,5.273,3.655,2.0011,-1.1320,-2.5513,0.7396,35.3800,91.4439,0
1745405136.192,5.277,3.641,1.9964,-1.1323,-2.5453,0.8168,35.3219,91.4556,0
1745405136.272,5.278,3.631,1.9931,-1.1323,-2.5408,0.8675,35.2651,91.4454,0
1745405136.351,5.282,3.631,1.9898,-1.1328,-2.5358,0.7661,35.2437,91.4654,0
1745405136.431,5.283,3.625,1.9858,-1.1329,-2.5304,0.7524,35.2034,91.4844,0
1745405136.511,5.283,3.614,1.9819,-1.1329,-2.5246,0.7490,35.1852,91.5053,0
1745405136.590,5.282,3.603,1.9772,-1.1332,-2.5179,0.7523,35.1733,91.5212,0
1745405136.670,5.283,3.600,1.9725,-1.1338,-2.5117,0.7267,35.1369,91.5626,0
1745405136.750,5.286,3.600,1.9677,-1.1338,-2.5053,0.7777,35.1068,91.5382,0
1745405136.829,5.287,3.584,1.9633,-1.1341,-2.4993,0.8288,35.0981,91.4828,0
1745405136.909,5.287,3.577,1.9590,-1.1342,-2.4935,0.8543,35.0857,91.4393,0
1745405136.989,5.283,3.565,1.9546,-1.1342,-2.4874,0.8801,35.1477,91.4290,0
1745405137.068,5.288,3.565,1.9504,-1.1347,-2.4815,0.9254,35.1889,91.3717,0
1745405137.148,5.288,3.556,1.9459,-1.1351,-2.4758,0.9595,35.2470,91.3369,0
1745405137.227,5.288,3.549,1.9415,-1.1353,-2.4697,0.9510,35.2279,91.3230,0
1745405137.307,5.287,3.541,1.9372,-1.1350,-2.4634,0.9359,35.2193,91.3584,0
1745405137.387,5.287,3.532,1.9327,-1.1357,-2.4571,0.8280,35.2919,91.4090,0
1745405137.466,5.290,3.532,1.9286,-1.1362,-2.4511,0.7498,35.3192,91.4250,0
1745405137.546,5.289,3.519,1.9242,-1.1363,-2.4448,0.7450,35.2914,91.4381,0
1745405137.626,5.289,3.510,1.9202,-1.1366,-2.4393,0.7218,35.2389,91.3923,0
1745405137.705,5.288,3.500,1.9167,-1.1364,-2.4343,0.7277,35.2457,91.3846,0
1745405137.785,5.290,3.491,1.9155,-1.1365,-2.4327,0.7348,35.2098,91.3484,0
1745405137.865,5.293,3.491,1.9156,-1.1366,-2.4329,0.7405,35.2365,91.3649,0
1745405137.944,5.292,3.486,1.9156,-1.1366,-2.4329,0.7544,35.2453,91.3529,0
1745405138.024,5.292,3.488,1.9158,-1.1367,-2.4330,0.7579,35.2552,91.3443,0
1745405138.104,5.292,3.486,1.9156,-1.1366,-2.4329,0.7713,35.2627,91.3422,0
1745405138.183,5.292,3.489,1.9156,-1.1366,-2.4329,0.7717,35.2658,91.3413,0
1745405138.263,5.293,3.489,1.9157,-1.1366,-2.4331,0.7677,35.2674,91.3435,0
1745405138.343,5.292,3.488,1.9157,-1.1367,-2.4330,0.7724,35.2676,91.3501,0
1745405138.422,5.292,3.487,1.9158,-1.1367,-2.4332,0.7752,35.2673,91.3475,0
1745405138.502,5.291,3.491,1.9157,-1.1367,-2.4331,0.7755,35.2661,91.3559,0
1745405138.581,5.291,3.487,1.9157,-1.1367,-2.4331,0.7795,35.2657,91.3572,0
1745405138.661,5.291,3.487,1.9156,-1.1367,-2.4330,0.7735,35.2607,91.3627,0
1745405138.741,5.292,3.485,1.9158,-1.1367,-2.4331,0.7647,35.2678,91.3592,0
1745405138.820,5.292,3.488,1.9157,-1.1368,-2.4331,0.7749,35.2632,91.3574,0
1745405138.900,5.291,3.484,1.9158,-1.1368,-2.4331,0.7755,35.2627,91.3505,0
1745405138.980,5.291,3.488,1.9157,-1.1367,-2.4330,0.7733,35.2678,91.3627,0
1745405139.059,5.292,3.488,1.9158,-1.1368,-2.4332,0.7778,35.2689,91.3531,0
1745405139.139,5.291,3.485,1.9158,-1.1367,-2.4333,0.7786,35.2695,91.3520,0
1745405139.219,5.291,3.485,1.9158,-1.1367,-2.4331,0.7746,35.2679,91.3626,0
1745405139.298,5.291,3.489,1.9157,-1.1368,-2.4332,0.7797,35.2627,91.3609,0
1745405139.378,5.291,3.485,1.9158,-1.1367,-2.4333,0.7751,35.2614,91.3645,0
1745405139.457,5.291,3.485,1.9158,-1.1368,-2.4331,0.7833,35.2624,91.3612,0
1745405139.537,5.290,3.487,1.9158,-1.1367,-2.4332,0.7900,35.2569,91.3528,0
1745405139.617,5.290,3.485,1.9157,-1.1367,-2.4332,0.7967,35.2548,91.3541,0
1745405139.696,5.290,3.485,1.9165,-1.1367,-2.4341,0.7856,35.2564,91.3666,0
1745405139.776,5.290,3.488,1.9184,-1.1366,-2.4368,0.7834,35.2624,91.4090,0
1745405139.856,5.290,3.488,1.9215,-1.1365,-2.4411,0.7538,35.2526,91.4552,0
1745405139.935,5.290,3.488,1.9254,-1.1362,-2.4468,0.7966,35.2151,91.4266,0
1745405140.015,5.290,3.493,1.9300,-1.1360,-2.4532,0.7933,35.2446,91.4440,0
1745405140.095,5.291,3.503,1.9337,-1.1359,-2.4589,0.8750,35.2572,91.4016,0
1745405140.174,5.290,3.514,1.9369,-1.1356,-2.4640,0.9531,35.2219,91.3540,0
1745405140.254,5.289,3.514,1.9402,-1.1355,-2.4684,0.9551,35.2863,91.3391,0
1745405140.334,5.290,3.519,1.9434,-1.1350,-2.4731,0.9683,35.2628,91.3515,0
1745405140.413,5.290,3.527,1.9469,-1.1349,-2.4779,0.9686,35.2456,91.3407,0
1745405140.493,5.288,3.536,1.9512,-1.1346,-2.4838,0.9482,35.2234,91.3466,0
1745405140.573,5.287,3.543,1.9559,-1.1344,-2.4901,0.9281,35.2372,91.3551,0
1745405140.654,5.289,3.543,1.9608,-1.1341,-2.4966,0.8806,35.2786,91.4003,0
1745405140.851,5.283,3.562,1.9725,-1.1341,-2.5122,0.7526,35.3073,91.5015,0
1745405140.931,5.285,3.562,1.9767,-1.1337,-2.5179,0.7378,35.3286,91.5198,0
1745405141.011,5.285,3.583,1.9807,-1.1334,-2.5236,0.7452,35.3241,91.5285,0
1745405141.090,5.283,3.588,1.9846,-1.1332,-2.5294,0.7682,35.2611,91.4813,0
1745405141.170,5.284,3.599,1.9892,-1.1330,-2.5355,0.7812,35.2763,91.4308,0
1745405141.250,5.281,3.599,1.9928,-1.1327,-2.5410,0.8777,35.2752,91.4267,0
1745405141.329,5.279,3.606,1.9974,-1.1325,-2.5472,0.7986,35.2887,91.4319,0
1745405141.409,5.279,3.618,2.0023,-1.1324,-2.5537,0.7710,35.3009,91.4221,0
1745405141.488,5.281,3.626,2.0067,-1.1317,-2.5598,0.7872,35.2511,91.3910,0
1745405141.568,5.278,3.638,2.0110,-1.1317,-2.5657,0.8008,35.2385,91.3820,0
1745405141.648,5.276,3.638,2.0152,-1.1317,-2.5713,0.7796,35.2246,91.4156,0
1745405141.727,5.276,3.647,2.0192,-1.1313,-2.5767,0.7279,35.2046,91.4414,0
1745405141.807,5.276,3.658,2.0238,-1.1309,-2.5823,0.5536,35.1706,91.5939,0
1745405141.887,5.275,3.664,2.0283,-1.1307,-2.5883,0.4620,35.1686,91.6192,0
1745405141.966,5.274,3.675,2.0332,-1.1308,-2.5946,0.3881,35.0974,91.6442,0
1745405142.046,5.276,3.675,2.0379,-1.1303,-2.6008,0.3762,35.1006,91.6345,0
1745405142.126,5.274,3.684,2.0424,-1.1299,-2.6072,0.4032,35.0807,91.6206,0
1745405142.205,5.274,3.692,2.0464,-1.1297,-2.6131,0.4174,35.0336,91.6112,0
1745405142.285,5.273,3.702,2.0505,-1.1295,-2.6188,0.4372,35.0423,91.6216,0
1745405142.364,5.276,3.702,2.0545,-1.1296,-2.6251,0.5318,35.0905,91.5596,0
1745405142.444,5.274,3.716,2.0584,-1.1293,-2.6309,0.5683,35.0699,91.5487,0
1745405142.524,5.275,3.723,2.0623,-1.1288,-2.6366,0.6459,35.0438,91.4707,0
1745405142.603,5.275,3.732,2.0666,-1.1287,-2.6427,0.6759,35.0420,91.4381,0
1745405142.683,5.273,3.742,2.0709,-1.1286,-2.6487,0.6512,35.0573,91.4689,0
1745405142.763,5.270,3.742,2.0757,-1.1284,-2.6552,0.6299,35.0850,91.5104,0
1745405142.842,5.271,3.748,2.0803,-1.1278,-2.6615,0.6336,35.0498,91.4858,0
1745405142.922,5.271,3.759,2.0850,-1.1279,-2.6679,0.5832,35.1095,91.5231,0
1745405143.002,5.270,3.773,2.0897,-1.1279,-2.6745,0.5393,35.1472,91.5485,0
1745405143.081,5.268,3.778,2.0947,-1.1277,-2.6808,0.4482,35.1519,91.5995,0
1745405143.161,5.269,3.778,2.0984,-1.1274,-2.6858,0.4100,35.1341,91.6164,0
1745405143.241,5.267,3.790,2.0994,-1.1273,-2.6874,0.4037,35.1435,91.6086,0
1745405143.320,5.267,3.801,2.0993,-1.1273,-2.6871,0.3881,35.1236,91.6371,0
1745405143.400,5.268,3.805,2.0994,-1.1273,-2.6872,0.3835,35.1316,91.6452,0
1745405143.480,5.265,3.804,2.0992,-1.1273,-2.6869,0.3803,35.1250,91.6559,0
1745405143.559,5.268,3.804,2.0994,-1.1273,-2.6869,0.3656,35.1233,91.6664,0
1745405143.639,5.266,3.803,2.0993,-1.1275,-2.6871,0.3768,35.1247,91.6551,0
1745405143.719,5.266,3.801,2.0994,-1.1274,-2.6871,0.3749,35.1297,91.6568,0
1745405143.798,5.265,3.803,2.0994,-1.1274,-2.6871,0.3786,35.1304,91.6620,0
1745405143.878,5.266,3.803,2.0993,-1.1273,-2.6871,0.3835,35.1243,91.6647,0
1745405143.957,5.265,3.803,2.0994,-1.1273,-2.6872,0.3782,35.1236,91.6699,0
1745405144.037,5.268,3.804,2.0995,-1.1274,-2.6872,0.3731,35.1265,91.6748,0
1745405144.117,5.268,3.802,2.0994,-1.1274,-2.6872,0.3710,35.1307,91.6810,0
1745405144.196,5.269,3.802,2.0994,-1.1274,-2.6872,0.3666,35.1285,91.6799,0
1745405144.276,5.265,3.802,2.0995,-1.1275,-2.6872,0.3592,35.1227,91.6769,0
1745405144.356,5.264,3.802,2.0995,-1.1274,-2.6873,0.3628,35.1242,91.6792,0
1745405144.435,5.268,3.801,2.0996,-1.1274,-2.6873,0.3542,35.1172,91.6989,0
1745405144.515,5.268,3.804,2.0995,-1.1275,-2.6874,0.3598,35.1199,91.6876,0
1745405144.595,5.266,3.805,2.0994,-1.1275,-2.6873,0.3549,35.1133,91.6920,0
1745405144.674,5.266,3.801,2.0995,-1.1274,-2.6873,0.3527,35.1117,91.6916,0
1745405144.754,5.267,3.801,2.0995,-1.1275,-2.6874,0.3496,35.1138,91.6937,0
1745405144.833,5.267,3.804,2.0995,-1.1275,-2.6874,0.3519,35.1113,91.6913,0
1745405144.913,5.267,3.800,2.0995,-1.1275,-2.6874,0.3474,35.1167,91.6976,0
1745405144.993,5.267,3.800,2.0996,-1.1275,-2.6874,0.3531,35.1161,91.6951,0
1745405145.072,5.267,3.802,2.0997,-1.1276,-2.6876,0.3534,35.1152,91.6953,0
1745405145.152,5.264,3.802,2.0997,-1.1276,-2.6876,0.3565,35.1167,91.6966,0
1745405145.232,5.267,3.804,2.0996,-1.1276,-2.6875,0.3561,35.1163,91.7038,0
1745405145.311,5.267,3.803,2.0996,-1.1276,-2.6875,0.3619,35.1133,91.7030,0
1745405145.391,5.266,3.803,2.0997,-1.1275,-2.6875,0.3554,35.1151,91.7039,0
1745405145.471,5.265,3.803,2.0997,-1.1275,-2.6876,0.3510,35.1208,91.7109,0
1745405145.550,5.267,3.803,2.0996,-1.1275,-2.6877,0.3472,35.1170,91.7099,0
1745405145.630,5.266,3.802,2.0998,-1.1276,-2.6877,0.3435,35.1161,91.7114,0
1745405145.710,5.266,3.804,2.0997,-1.1276,-2.6876,0.3400,35.1134,91.7136,0
1745405145.789,5.267,3.803,2.0998,-1.1276,-2.6877,0.3397,35.1052,91.7121,0
1745405145.869,5.265,3.804,2.0997,-1.1276,-2.6876,0.3422,35.1051,91.7138,0
1745405145.949,5.268,3.804,2.0997,-1.1276,-2.6877,0.3341,35.1088,91.7164,1
1745405146.028,5.267,3.801,2.0999,-1.1276,-2.6877,0.3310,35.1047,91.7195,1
1745405146.108,5.267,3.804,2.0998,-1.1276,-2.6877,0.3336,35.1082,91.7218,1
1745405146.187,5.268,3.803,2.0998,-1.1277,-2.6879,0.3329,35.1109,91.7176,1
