Timestamp, Distance_2(Z), Distance_3(X), X, Y, Z, Roll, Yaw, Pitch, CalibrationMode, IsValid
1745406944.698, 2.308, 2.505, -0.9705, -1.1423, -3.5955, 0.2542, 39.6553, 89.9599, 0, 1
1745406944.777, 2.309, 2.505, -0.9706, -1.1424, -3.5954, 0.2535, 39.6559, 89.9581, 0, 1
1745406944.857, 2.309, 2.503, -0.9706, -1.1423, -3.5954, 0.2614, 39.6551, 89.9501, 0, 1
1745406944.936, 2.309, 2.501, -0.9705, -1.1424, -3.5954, 0.2646, 39.6592, 89.9516, 0, 1
1745406945.016, 2.309, 2.500, -0.9705, -1.1423, -3.5954, 0.2792, 39.6618, 89.9417, 0, 1
1745406945.096, 2.309, 2.500, -0.9704, -1.1423, -3.5955, 0.2987, 39.6717, 89.9293, 0, 1
1745406945.175, 2.309, 2.500, -0.9695, -1.1423, -3.5965, 0.3174, 39.6801, 89.9270, 0, 1
1745406945.255, 2.308, 2.500, -0.9671, -1.1423, -3.5995, 0.3489, 39.6907, 89.9239, 0, 1
1745406945.335, 2.309, 2.502, -0.9624, -1.1422, -3.6052, 0.3950, 39.6988, 89.9127, 0, 1
1745406945.414, 2.309, 2.507, -0.9553, -1.1421, -3.6137, 0.4524, 39.7231, 89.9057, 0, 1
1745406945.494, 2.309, 2.515, -0.9462, -1.1421, -3.6248, 0.4973, 39.7629, 89.8966, 0, 1
1745406945.573, 2.309, 2.523, -0.9357, -1.1420, -3.6374, 0.5493, 39.8383, 89.8616, 0, 1
1745406945.653, 2.309, 2.537, -0.9252, -1.1419, -3.6499, 0.5796, 39.9166, 89.8304, 0, 1
1745406945.733, 2.308, 2.553, -0.9153, -1.1418, -3.6615, 0.5850, 39.9879, 89.8105, 0, 1
1745406945.812, 2.309, 2.569, -0.9065, -1.1417, -3.6718, 0.5757, 40.0415, 89.8008, 0, 1
1745406945.892, 2.309, 2.582, -0.8984, -1.1416, -3.6812, 0.5790, 40.0920, 89.8065, 0, 1
1745406945.971, 2.309, 2.595, -0.8906, -1.1416, -3.6902, 0.5847, 40.1202, 89.8162, 0, 1
1745406946.051, 2.309, 2.606, -0.8827, -1.1416, -3.6993, 0.5802, 40.1677, 89.8480, 0, 1
1745406946.131, 2.309, 2.616, -0.8748, -1.1414, -3.7084, 0.6005, 40.2335, 89.8626, 0, 1
1745406946.210, 2.308, 2.628, -0.8671, -1.1414, -3.7174, 0.6151, 40.3063, 89.8702, 0, 1
1745406946.290, 2.308, 2.641, -0.8599, -1.1414, -3.7257, 0.6053, 40.3643, 89.8682, 0, 1
1745406946.370, 2.308, 2.655, -0.8537, -1.1413, -3.7328, 0.5739, 40.4179, 89.8960, 0, 1
1745406946.449, 2.307, 2.667, -0.8485, -1.1412, -3.7387, 0.5610, 40.4363, 89.8859, 0, 1
1745406946.529, 2.308, 2.677, -0.8441, -1.1411, -3.7435, 0.5262, 40.4433, 89.8934, 0, 1
1745406946.609, 2.308, 2.684, -0.8408, -1.1411, -3.7473, 0.4870, 40.4384, 89.9016, 0, 1
1745406946.688, 2.309, 2.689, -0.8383, -1.1411, -3.7500, 0.4688, 40.4322, 89.9042, 0, 1
1745406946.768, 2.309, 2.694, -0.8366, -1.1411, -3.7520, 0.4696, 40.4196, 89.8860, 0, 1
1745406946.848, 2.310, 2.699, -0.8355, -1.1412, -3.7532, 0.4693, 40.4186, 89.8838, 0, 1
1745406946.927, 2.309, 2.701, -0.8351, -1.1412, -3.7537, 0.4815, 40.4172, 89.8695, 0, 1
1745406947.007, 2.309, 2.703, -0.8350, -1.1413, -3.7538, 0.4979, 40.4225, 89.8572, 0, 1
1745406947.087, 2.308, 2.704, -0.8349, -1.1413, -3.7538, 0.5155, 40.4274, 89.8488, 0, 1
1745406947.166, 2.307, 2.706, -0.8349, -1.1413, -3.7539, 0.5305, 40.4339, 89.8423, 0, 1
1745406947.246, 2.308, 2.705, -0.8349, -1.1413, -3.7539, 0.5426, 40.4418, 89.8373, 0, 1
1745406947.326, 2.308, 2.705, -0.8349, -1.1414, -3.7539, 0.5461, 40.4487, 89.8382, 0, 1
1745406947.405, 2.308, 2.706, -0.8348, -1.1414, -3.7540, 0.5481, 40.4546, 89.8375, 0, 1
1745406947.485, 2.308, 2.705, -0.8347, -1.1414, -3.7540, 0.5520, 40.4579, 89.8353, 0, 1
1745406947.564, 2.309, 2.704, -0.8347, -1.1415, -3.7541, 0.5408, 40.4570, 89.8420, 0, 1
1745406947.644, 2.309, 2.705, -0.8346, -1.1415, -3.7541, 0.5332, 40.4526, 89.8462, 0, 1
1745406947.724, 2.309, 2.706, -0.8346, -1.1415, -3.7541, 0.5249, 40.4481, 89.8503, 0, 1
1745406947.803, 2.310, 2.706, -0.8346, -1.1416, -3.7541, 0.5166, 40.4446, 89.8563, 0, 1
1745406947.883, 2.309, 2.706, -0.8346, -1.1416, -3.7541, 0.5088, 40.4429, 89.8606, 0, 1
1745406947.963, 2.309, 2.706, -0.8346, -1.1416, -3.7542, 0.5099, 40.4437, 89.8581, 0, 1
1745406948.042, 2.309, 2.705, -0.8346, -1.1416, -3.7542, 0.5083, 40.4449, 89.8580, 0, 1
1745406948.122, 2.309, 2.704, -0.8346, -1.1417, -3.7543, 0.5093, 40.4584, 89.8637, 0, 1
1745406948.202, 2.308, 2.704, -0.8344, -1.1417, -3.7545, 0.5025, 40.4480, 89.8701, 0, 1
1745406948.281, 2.308, 2.704, -0.8338, -1.1417, -3.7552, 0.4941, 40.4413, 89.8783, 0, 1
1745406948.361, 2.308, 2.704, -0.8327, -1.1417, -3.7564, 0.4947, 40.4409, 89.8846, 0, 1
1745406948.440, 2.308, 2.704, -0.8312, -1.1417, -3.7581, 0.5023, 40.4334, 89.8880, 0, 1
1745406948.520, 2.308, 2.705, -0.8293, -1.1416, -3.7601, 0.5140, 40.4127, 89.8831, 0, 1
1745406948.600, 2.308, 2.708, -0.8277, -1.1416, -3.7620, 0.5351, 40.4195, 89.8767, 0, 1
1745406948.679, 2.308, 2.712, -0.8264, -1.1416, -3.7634, 0.5522, 40.4192, 89.8692, 0, 1
1745406948.759, 2.308, 2.715, -0.8256, -1.1417, -3.7643, 0.5627, 40.4123, 89.8617, 0, 1
1745406948.839, 2.308, 2.718, -0.8252, -1.1417, -3.7647, 0.5644, 40.4128, 89.8579, 0, 1
1745406948.918, 2.308, 2.721, -0.8252, -1.1417, -3.7648, 0.5644, 40.4147, 89.8556, 0, 1
1745406948.998, 2.308, 2.721, -0.8251, -1.1418, -3.7648, 0.5609, 40.4119, 89.8550, 0, 1
1745406949.078, 2.308, 2.721, -0.8250, -1.1418, -3.7649, 0.5608, 40.4101, 89.8559, 0, 1
1745406949.157, 2.309, 2.722, -0.8248, -1.1418, -3.7653, 0.5736, 40.4124, 89.8612, 0, 1
1745406949.237, 2.309, 2.722, -0.8239, -1.1419, -3.7664, 0.5914, 40.4132, 89.8585, 0, 1
1745406949.316, 2.308, 2.722, -0.8219, -1.1419, -3.7687, 0.6024, 40.4194, 89.8684, 0, 1
1745406949.396, 2.308, 2.724, -0.8187, -1.1418, -3.7725, 0.6372, 40.4374, 89.8673, 0, 1
1745406949.476, 2.307, 2.726, -0.8145, -1.1418, -3.7778, 0.6811, 40.4538, 89.8525, 0, 1
1745406949.556, 2.306, 2.728, -0.8093, -1.1418, -3.7839, 0.7177, 40.4697, 89.8420, 0, 1
1745406949.635, 2.302, 2.732, -0.8040, -1.1416, -3.7902, 0.7507, 40.4987, 89.8411, 0, 1
1745406949.715, 2.293, 2.739, -0.7988, -1.1415, -3.7963, 0.8039, 40.5305, 89.8247, 0, 1
1745406949.795, 2.290, 2.747, -0.7940, -1.1415, -3.8019, 0.8243, 40.5652, 89.8261, 0, 1
1745406949.874, 2.290, 2.754, -0.7895, -1.1412, -3.8070, 0.8391, 40.6155, 89.8427, 0, 1
1745406949.954, 2.289, 2.763, -0.7851, -1.1411, -3.8120, 0.8443, 40.6744, 89.8566, 0, 1
1745406950.034, 2.291, 2.770, -0.7807, -1.1411, -3.8170, 0.8576, 40.7346, 89.8640, 0, 1
1745406950.113, 2.300, 2.776, -0.7761, -1.1410, -3.8222, 0.8326, 40.7864, 89.8887, 0, 1
1745406950.193, 2.302, 2.783, -0.7713, -1.1411, -3.8276, 0.8148, 40.8196, 89.9135, 0, 1
1745406950.272, 2.302, 2.791, -0.7663, -1.1411, -3.8332, 0.7778, 40.8371, 89.9504, 0, 1
1745406950.352, 2.303, 2.798, -0.7613, -1.1411, -3.8389, 0.7496, 40.8371, 89.9885, 0, 1
1745406950.432, 2.304, 2.805, -0.7563, -1.1410, -3.8444, 0.7202, 40.8247, 90.0352, 0, 1
1745406950.511, 2.304, 2.814, -0.7516, -1.1408, -3.8498, 0.7399, 40.8227, 90.0622, 0, 1
1745406950.591, 2.304, 2.821, -0.7470, -1.1406, -3.8551, 0.7511, 40.8321, 90.0930, 0, 1
1745406950.671, 2.305, 2.827, -0.7424, -1.1405, -3.8603, 0.7593, 40.8496, 90.1194, 0, 1
1745406950.750, 2.305, 2.834, -0.7377, -1.1405, -3.8655, 0.7607, 40.8875, 90.1431, 0, 1
1745406950.830, 2.306, 2.841, -0.7331, -1.1404, -3.8709, 0.7715, 40.9323, 90.1601, 0, 1
1745406950.910, 2.306, 2.848, -0.7283, -1.1403, -3.8762, 0.7654, 40.9754, 90.1764, 0, 1
1745406950.989, 2.307, 2.856, -0.7235, -1.1402, -3.8815, 0.7624, 41.0215, 90.1882, 0, 1
1745406951.069, 2.308, 2.865, -0.7190, -1.1401, -3.8866, 0.7676, 41.0652, 90.1950, 0, 1
1745406951.148, 2.308, 2.872, -0.7146, -1.1401, -3.8916, 0.7648, 41.0902, 90.1979, 0, 1
1745406951.228, 2.309, 2.880, -0.7100, -1.1400, -3.8967, 0.7463, 41.1078, 90.1977, 0, 1
1745406951.308, 2.310, 2.885, -0.7053, -1.1400, -3.9018, 0.7200, 41.1097, 90.1964, 0, 1
1745406951.387, 2.310, 2.891, -0.7006, -1.1400, -3.9071, 0.7021, 41.0994, 90.1931, 0, 1
1745406951.467, 2.310, 2.898, -0.6957, -1.1399, -3.9126, 0.7018, 41.0793, 90.1736, 0, 1
1745406951.547, 2.310, 2.903, -0.6908, -1.1398, -3.9182, 0.7154, 41.0642, 90.1638, 0, 1
1745406951.626, 2.311, 2.911, -0.6859, -1.1397, -3.9238, 0.7353, 41.0464, 90.1525, 0, 1
1745406951.706, 2.311, 2.918, -0.6812, -1.1396, -3.9293, 0.7723, 41.0428, 90.1442, 0, 1
1745406951.786, 2.310, 2.924, -0.6767, -1.1394, -3.9348, 0.8342, 41.0452, 90.1071, 0, 1
1745406951.865, 2.310, 2.930, -0.6722, -1.1394, -3.9401, 0.8865, 41.0580, 90.0780, 0, 1
1745406951.945, 2.310, 2.938, -0.6677, -1.1392, -3.9454, 0.9465, 41.0807, 90.0403, 0, 1
1745406952.025, 2.310, 2.943, -0.6631, -1.1391, -3.9508, 1.0062, 41.1148, 90.0036, 0, 1
1745406952.104, 2.310, 2.949, -0.6584, -1.1389, -3.9563, 1.0507, 41.1565, 89.9708, 0, 1
1745406952.184, 2.310, 2.955, -0.6534, -1.1389, -3.9619, 1.0708, 41.2059, 89.9632, 0, 1
1745406952.263, 2.311, 2.962, -0.6484, -1.1387, -3.9675, 1.0935, 41.2707, 89.9647, 0, 1
1745406952.463, 2.311, 2.970, -0.6416, -1.1386, -3.9750, 1.1058, 41.3496, 89.9564, 0, 1
1745406952.542, 2.311, 2.980, -0.6349, -1.1386, -3.9825, 1.1047, 41.4247, 89.9578, 0, 1
1745406952.622, 2.311, 2.991, -0.6282, -1.1385, -3.9899, 1.0978, 41.4820, 89.9635, 0, 1
1745406952.702, 2.311, 3.003, -0.6216, -1.1384, -3.9972, 1.0848, 41.5245, 89.9677, 0, 1
1745406952.781, 2.311, 3.017, -0.6150, -1.1384, -4.0045, 1.0764, 41.5579, 89.9699, 0, 1
1745406952.861, 2.311, 3.025, -0.6101, -1.1382, -4.0100, 1.0823, 41.5770, 89.9764, 0, 1
1745406952.940, 2.312, 3.034, -0.6050, -1.1381, -4.0157, 1.0740, 41.5993, 89.9846, 0, 1
1745406953.020, 2.313, 3.041, -0.5998, -1.1380, -4.0214, 1.0502, 41.6377, 90.0033, 0, 1
1745406953.100, 2.313, 3.049, -0.5946, -1.1379, -4.0271, 1.0440, 41.6809, 90.0189, 0, 1
1745406953.179, 2.314, 3.056, -0.5894, -1.1377, -4.0328, 1.0389, 41.7156, 90.0266, 0, 1
1745406953.259, 2.315, 3.063, -0.5843, -1.1377, -4.0385, 1.0121, 41.7487, 90.0355, 0, 1
1745406953.339, 2.316, 3.069, -0.5792, -1.1376, -4.0439, 0.9905, 41.7717, 90.0422, 0, 1
1745406953.420, 2.316, 3.077, -0.5744, -1.1375, -4.0492, 0.9744, 41.7843, 90.0324, 0, 1
1745406953.498, 2.316, 3.083, -0.5695, -1.1374, -4.0546, 0.9492, 41.7842, 90.0193, 0, 1
1745406953.578, 2.316, 3.091, -0.5645, -1.1374, -4.0599, 0.9066, 41.7729, 90.0183, 0, 1
1745406953.657, 2.316, 3.099, -0.5593, -1.1372, -4.0654, 0.8755, 41.7392, 90.0276, 0, 1
1745406953.737, 2.317, 3.106, -0.5544, -1.1371, -4.0708, 0.8630, 41.7056, 90.0252, 0, 1
1745406953.817, 2.317, 3.114, -0.5503, -1.1370, -4.0754, 0.8654, 41.6686, 90.0160, 0, 1
1745406953.896, 2.318, 3.122, -0.5472, -1.1369, -4.0788, 0.8594, 41.6422, 90.0200, 0, 1
1745406953.976, 2.318, 3.127, -0.5452, -1.1369, -4.0811, 0.8619, 41.6246, 90.0150, 0, 1
1745406954.056, 2.318, 3.132, -0.5443, -1.1369, -4.0822, 0.8601, 41.6211, 90.0031, 0, 1
1745406954.135, 2.318, 3.137, -0.5440, -1.1369, -4.0824, 0.8513, 41.6206, 90.0011, 0, 1
1745406954.215, 2.318, 3.138, -0.5441, -1.1369, -4.0824, 0.8342, 41.6194, 90.0124, 0, 1
1745406954.295, 2.318, 3.137, -0.5440, -1.1369, -4.0824, 0.8213, 41.6189, 90.0202, 0, 1
1745406954.374, 2.318, 3.137, -0.5440, -1.1369, -4.0824, 0.8100, 41.6194, 90.0316, 0, 1
1745406954.454, 2.318, 3.138, -0.5442, -1.1369, -4.0822, 0.7975, 41.6124, 90.0386, 0, 1
1745406954.533, 2.318, 3.137, -0.5450, -1.1369, -4.0813, 0.7942, 41.6048, 90.0454, 0, 1
1745406954.613, 2.318, 3.138, -0.5468, -1.1369, -4.0793, 0.7909, 41.6126, 90.0478, 0, 1
1745406954.693, 2.318, 3.137, -0.5498, -1.1370, -4.0760, 0.7975, 41.6175, 90.0408, 0, 1
1745406954.772, 2.319, 3.136, -0.5540, -1.1372, -4.0714, 0.8016, 41.6115, 90.0445, 0, 1
1745406954.852, 2.319, 3.132, -0.5592, -1.1373, -4.0657, 0.8246, 41.5785, 90.0496, 0, 1
1745406954.932, 2.319, 3.127, -0.5648, -1.1374, -4.0596, 0.8603, 41.5317, 90.0426, 0, 1
1745406955.011, 2.318, 3.118, -0.5702, -1.1375, -4.0536, 0.9055, 41.4513, 90.0343, 0, 1
1745406955.091, 2.318, 3.108, -0.5751, -1.1376, -4.0482, 0.9395, 41.3545, 90.0375, 0, 1
1745406955.171, 2.318, 3.099, -0.5796, -1.1377, -4.0432, 0.9723, 41.2582, 90.0265, 0, 1
1745406955.250, 2.318, 3.091, -0.5838, -1.1378, -4.0386, 0.9881, 41.1841, 90.0167, 0, 1
1745406955.330, 2.316, 3.084, -0.5879, -1.1378, -4.0339, 0.9964, 41.1059, 90.0111, 0, 1
1745406955.409, 2.316, 3.078, -0.5922, -1.1379, -4.0292, 1.0200, 41.0245, 89.9988, 0, 1
1745406955.489, 2.315, 3.072, -0.5966, -1.1380, -4.0243, 1.0190, 40.9630, 89.9874, 0, 1
1745406955.569, 2.313, 3.067, -0.6011, -1.1381, -4.0192, 1.0188, 40.8857, 89.9774, 0, 1
1745406955.648, 2.312, 3.062, -0.6057, -1.1382, -4.0139, 1.0309, 40.7983, 89.9600, 0, 1
1745406955.728, 2.312, 3.055, -0.6103, -1.1383, -4.0087, 1.0390, 40.7169, 89.9466, 0, 1
1745406955.808, 2.311, 3.048, -0.6148, -1.1384, -4.0035, 1.0274, 40.6445, 89.9450, 0, 1
1745406955.887, 2.311, 3.041, -0.6192, -1.1384, -3.9985, 1.0514, 40.5640, 89.9330, 0, 1
1745406955.967, 2.310, 3.033, -0.6236, -1.1385, -3.9935, 1.0779, 40.4969, 89.9275, 0, 1
1745406956.047, 2.310, 3.027, -0.6279, -1.1386, -3.9885, 1.0938, 40.4203, 89.9337, 0, 1
1745406956.126, 2.310, 3.019, -0.6323, -1.1387, -3.9835, 1.1026, 40.3380, 89.9471, 0, 1
1745406956.206, 2.310, 3.012, -0.6367, -1.1388, -3.9783, 1.1078, 40.2477, 89.9627, 0, 1
1745406956.286, 2.311, 3.005, -0.6412, -1.1390, -3.9729, 1.1052, 40.1551, 89.9830, 0, 1
1745406956.365, 2.312, 2.999, -0.6457, -1.1391, -3.9675, 1.1053, 40.0573, 89.9908, 0, 1
1745406956.445, 2.314, 2.990, -0.6502, -1.1393, -3.9623, 1.0995, 39.9831, 89.9922, 0, 1
1745406956.524, 2.315, 2.984, -0.6548, -1.1394, -3.9569, 1.0927, 39.9149, 89.9961, 0, 1
1745406956.604, 2.316, 2.979, -0.6591, -1.1395, -3.9517, 1.0735, 39.8576, 90.0049, 0, 1
1745406956.684, 2.316, 2.971, -0.6635, -1.1397, -3.9465, 1.0410, 39.7968, 90.0199, 0, 1
1745406956.763, 2.316, 2.964, -0.6678, -1.1398, -3.9413, 0.9972, 39.7526, 90.0471, 0, 1
1745406956.843, 2.316, 2.958, -0.6720, -1.1399, -3.9360, 0.9445, 39.7155, 90.0858, 0, 1
1745406956.923, 2.316, 2.951, -0.6762, -1.1400, -3.9309, 0.8747, 39.6892, 90.1253, 0, 1
1745406957.002, 2.316, 2.944, -0.6804, -1.1401, -3.9258, 0.8182, 39.6765, 90.1539, 0, 1
1745406957.082, 2.316, 2.939, -0.6845, -1.1403, -3.9208, 0.7750, 39.6805, 90.1725, 0, 1
1745406957.162, 2.316, 2.933, -0.6888, -1.1404, -3.9157, 0.7489, 39.6941, 90.1833, 0, 1
1745406957.241, 2.315, 2.927, -0.6930, -1.1405, -3.9107, 0.7277, 39.7053, 90.1966, 0, 1
1745406957.321, 2.315, 2.921, -0.6974, -1.1406, -3.9056, 0.7356, 39.7086, 90.2047, 0, 1
1745406957.401, 2.314, 2.913, -0.7019, -1.1408, -3.9003, 0.7634, 39.6853, 90.2041, 0, 1
1745406957.480, 2.315, 2.906, -0.7066, -1.1409, -3.8950, 0.7846, 39.6427, 90.2166, 0, 1
1745406957.560, 2.315, 2.900, -0.7112, -1.1411, -3.8896, 0.7974, 39.5700, 90.2298, 0, 1
1745406957.640, 2.316, 2.892, -0.7158, -1.1411, -3.8841, 0.8001, 39.4871, 90.2436, 0, 1
1745406957.719, 2.316, 2.884, -0.7203, -1.1412, -3.8786, 0.7922, 39.4042, 90.2463, 0, 1
1745406957.799, 2.317, 2.877, -0.7247, -1.1414, -3.8734, 0.7701, 39.3409, 90.2556, 0, 1
1745406957.878, 2.317, 2.869, -0.7289, -1.1414, -3.8683, 0.7632, 39.2878, 90.2494, 0, 1
1745406957.958, 2.317, 2.861, -0.7330, -1.1414, -3.8633, 0.7282, 39.2356, 90.2501, 0, 1
1745406958.038, 2.317, 2.856, -0.7371, -1.1414, -3.8583, 0.7018, 39.1859, 90.2352, 0, 1
1745406958.117, 2.315, 2.851, -0.7414, -1.1414, -3.8532, 0.6862, 39.1242, 90.2129, 0, 1
1745406958.197, 2.312, 2.846, -0.7456, -1.1415, -3.8481, 0.6725, 39.0627, 90.1853, 0, 1
1745406958.277, 2.302, 2.840, -0.7500, -1.1415, -3.8427, 0.6529, 39.0062, 90.1581, 0, 1
1745406958.356, 2.294, 2.835, -0.7544, -1.1416, -3.8374, 0.6816, 38.9629, 90.1066, 0, 1
1745406958.436, 2.287, 2.827, -0.7588, -1.1417, -3.8322, 0.7354, 38.9107, 90.0483, 0, 1
1745406958.516, 2.283, 2.820, -0.7631, -1.1417, -3.8271, 0.7755, 38.8672, 90.0057, 0, 1
1745406958.595, 2.284, 2.813, -0.7673, -1.1418, -3.8219, 0.8148, 38.8128, 89.9723, 0, 1
1745406958.675, 2.293, 2.806, -0.7716, -1.1419, -3.8168, 0.8502, 38.7562, 89.9419, 0, 1
1745406958.755, 2.302, 2.799, -0.7761, -1.1420, -3.8113, 0.8717, 38.6902, 89.9261, 0, 1
1745406958.834, 2.310, 2.793, -0.7809, -1.1422, -3.8054, 0.8761, 38.6372, 89.9174, 0, 1
1745406958.914, 2.316, 2.785, -0.7862, -1.1423, -3.7989, 0.8826, 38.5832, 89.9005, 0, 1
1745406958.994, 2.318, 2.777, -0.7919, -1.1424, -3.7919, 0.8547, 38.5295, 89.9072, 0, 1
1745406959.073, 2.320, 2.768, -0.7980, -1.1425, -3.7844, 0.7994, 38.4770, 89.9200, 0, 1
1745406959.153, 2.319, 2.759, -0.8041, -1.1427, -3.7768, 0.7209, 38.4512, 89.9437, 0, 1
1745406959.232, 2.319, 2.751, -0.8101, -1.1428, -3.7692, 0.6371, 38.4268, 89.9728, 0, 1
1745406959.312, 2.319, 2.742, -0.8160, -1.1428, -3.7618, 0.5509, 38.4186, 90.0078, 0, 1
1745406959.392, 2.319, 2.732, -0.8217, -1.1428, -3.7547, 0.4898, 38.4376, 90.0315, 0, 1
1745406959.471, 2.319, 2.724, -0.8271, -1.1427, -3.7479, 0.4773, 38.4468, 90.0368, 0, 1
1745406959.551, 2.320, 2.716, -0.8326, -1.1426, -3.7412, 0.5145, 38.4281, 90.0198, 0, 1
1745406959.631, 2.320, 2.707, -0.8381, -1.1425, -3.7346, 0.5595, 38.3872, 90.0025, 0, 1
1745406959.710, 2.320, 2.698, -0.8435, -1.1426, -3.7279, 0.6060, 38.3177, 89.9743, 0, 1
1745406959.790, 2.320, 2.689, -0.8491, -1.1427, -3.7210, 0.6634, 38.2240, 89.9260, 0, 1
1745406959.870, 2.320, 2.681, -0.8547, -1.1428, -3.7141, 0.7182, 38.1278, 89.8860, 0, 1
1745406959.949, 2.321, 2.672, -0.8603, -1.1430, -3.7071, 0.7279, 38.0275, 89.8572, 0, 1
1745406960.029, 2.322, 2.662, -0.8659, -1.1431, -3.7001, 0.7121, 37.9374, 89.8367, 0, 1
1745406960.109, 2.322, 2.655, -0.8715, -1.1432, -3.6930, 0.7035, 37.8590, 89.8272, 0, 1
1745406960.188, 2.322, 2.646, -0.8771, -1.1433, -3.6860, 0.6913, 37.7749, 89.8168, 0, 1
1745406960.268, 2.322, 2.637, -0.8826, -1.1434, -3.6790, 0.6700, 37.7022, 89.8065, 0, 1
1745406960.348, 2.322, 2.628, -0.8882, -1.1434, -3.6721, 0.6762, 37.6422, 89.7870, 0, 1
1745406960.427, 2.322, 2.621, -0.8938, -1.1435, -3.6650, 0.6976, 37.5852, 89.7773, 0, 1
1745406960.507, 2.322, 2.611, -0.8994, -1.1435, -3.6579, 0.6970, 37.5274, 89.7885, 0, 1
1745406960.586, 2.323, 2.602, -0.9052, -1.1436, -3.6505, 0.6945, 37.4802, 89.8101, 0, 1
1745406960.666, 2.323, 2.593, -0.9112, -1.1436, -3.6429, 0.6963, 37.4217, 89.8205, 0, 1
1745406960.746, 2.324, 2.585, -0.9173, -1.1437, -3.6350, 0.6665, 37.3613, 89.8616, 0, 1
1745406960.825, 2.326, 2.575, -0.9236, -1.1438, -3.6268, 0.6145, 37.3045, 89.9059, 0, 1
1745406960.905, 2.326, 2.565, -0.9300, -1.1439, -3.6185, 0.5631, 37.2612, 89.9372, 0, 1
1745406960.985, 2.327, 2.556, -0.9363, -1.1437, -3.6101, 0.5144, 37.2202, 89.9453, 0, 1
1745406961.064, 2.328, 2.547, -0.9428, -1.1437, -3.6016, 0.4456, 37.2067, 89.9714, 0, 1
1745406961.144, 2.330, 2.538, -0.9494, -1.1437, -3.5929, 0.4152, 37.2065, 89.9657, 0, 1
1745406961.224, 2.329, 2.528, -0.9563, -1.1437, -3.5842, 0.4505, 37.1990, 89.9156, 0, 1
1745406961.303, 2.331, 2.518, -0.9636, -1.1439, -3.5752, 0.4920, 37.1574, 89.8708, 0, 1
1745406961.383, 2.332, 2.506, -0.9710, -1.1440, -3.5657, 0.5254, 37.1028, 89.8548, 0, 1
1745406961.463, 2.333, 2.495, -0.9787, -1.1441, -3.5559, 0.5783, 37.0054, 89.8256, 0, 1
1745406961.542, 2.334, 2.482, -0.9865, -1.1441, -3.5459, 0.5881, 36.8801, 89.8138, 0, 1
1745406961.622, 2.336, 2.470, -0.9941, -1.1441, -3.5359, 0.5626, 36.7412, 89.8289, 0, 1
1745406961.701, 2.337, 2.458, -1.0015, -1.1440, -3.5260, 0.5237, 36.6386, 89.8437, 0, 1
1745406961.781, 2.336, 2.446, -1.0088, -1.1441, -3.5163, 0.5184, 36.5488, 89.8267, 0, 1
1745406961.861, 2.337, 2.434, -1.0160, -1.1441, -3.5068, 0.5177, 36.4585, 89.8121, 0, 1
1745406961.940, 2.338, 2.423, -1.0233, -1.1441, -3.4971, 0.5085, 36.3982, 89.8290, 0, 1
1745406962.020, 2.338, 2.413, -1.0310, -1.1440, -3.4870, 0.4955, 36.3392, 89.8443, 0, 1
1745406962.100, 2.338, 2.400, -1.0391, -1.1440, -3.4764, 0.5041, 36.2606, 89.8427, 0, 1
1745406962.179, 2.340, 2.387, -1.0475, -1.1440, -3.4652, 0.4634, 36.1758, 89.8679, 0, 1
1745406962.259, 2.340, 2.373, -1.0561, -1.1441, -3.4535, 0.3826, 36.1131, 89.9145, 0, 1
1745406962.339, 2.341, 2.360, -1.0647, -1.1441, -3.4420, 0.3327, 36.0397, 89.9174, 0, 1
1745406962.418, 2.342, 2.345, -1.0729, -1.1441, -3.4310, 0.2647, 36.0028, 89.9406, 0, 1
1745406962.498, 2.342, 2.332, -1.0803, -1.1441, -3.4208, 0.2161, 35.9638, 89.9635, 0, 1
1745406962.578, 2.344, 2.319, -1.0871, -1.1441, -3.4120, 0.2093, 35.9286, 89.9673, 0, 1
1745406962.657, 2.346, 2.306, -1.0932, -1.1440, -3.4040, 0.2217, 35.8752, 89.9760, 0, 1
1745406962.737, 2.347, 2.295, -1.0986, -1.1439, -3.3968, 0.2225, 35.7956, 90.0050, 0, 1
1745406962.817, 2.348, 2.285, -1.1035, -1.1439, -3.3903, 0.2234, 35.7119, 90.0396, 0, 1
1745406962.896, 2.351, 2.276, -1.1072, -1.1438, -3.3852, 0.2175, 35.6622, 90.0679, 0, 1
1745406962.976, 2.352, 2.269, -1.1099, -1.1438, -3.3813, 0.1941, 35.6208, 90.1123, 0, 1
1745406963.055, 2.352, 2.261, -1.1117, -1.1438, -3.3789, 0.1762, 35.6015, 90.1307, 0, 1
1745406963.135, 2.352, 2.256, -1.1125, -1.1438, -3.3778, 0.1634, 35.6148, 90.1398, 0, 1
1745406963.217, 2.354, 2.253, -1.1126, -1.1438, -3.3778, 0.1796, 35.6247, 90.1157, 0, 1
1745406965.465, 2.354, 2.252, -1.1130, -1.1435, -3.3776, 0.1662, 35.6229, 90.1108, 0, 1
1745406965.545, 2.355, 2.252, -1.1135, -1.1432, -3.3774, 0.1624, 35.6189, 90.0928, 0, 1
1745406965.624, 2.355, 2.252, -1.1139, -1.1428, -3.3771, 0.1515, 35.6187, 90.0860, 0, 1
1745406965.704, 2.354, 2.252, -1.1143, -1.1425, -3.3768, 0.1329, 35.6183, 90.0840, 0, 1
1745406965.783, 2.354, 2.252, -1.1148, -1.1422, -3.3764, 0.1091, 35.6177, 90.0844, 0, 1
1745406965.863, 2.352, 2.252, -1.1147, -1.1421, -3.3764, 0.1212, 35.6127, 90.0634, 0, 1
1745406965.943, 2.351, 2.251, -1.1148, -1.1421, -3.3763, 0.1123, 35.6125, 90.0627, 0, 1
1745406966.022, 2.352, 2.252, -1.1148, -1.1420, -3.3763, 0.1119, 35.6148, 90.0592, 0, 1
1745406966.102, 2.352, 2.252, -1.1149, -1.1420, -3.3763, 0.1307, 35.6162, 90.0426, 0, 1
1745406966.182, 2.351, 2.252, -1.1148, -1.1420, -3.3763, 0.1485, 35.6149, 90.0288, 0, 1
1745406966.261, 2.352, 2.252, -1.1149, -1.1420, -3.3763, 0.1330, 35.6176, 90.0427, 0, 1
1745406966.341, 2.353, 2.253, -1.1149, -1.1420, -3.3763, 0.1326, 35.6159, 90.0448, 0, 1
1745406966.421, 2.353, 2.253, -1.1149, -1.1419, -3.3762, 0.1296, 35.6118, 90.0489, 0, 1
1745406966.500, 2.354, 2.252, -1.1150, -1.1419, -3.3762, 0.1078, 35.6071, 90.0651, 0, 1
1745406966.580, 2.354, 2.253, -1.1151, -1.1419, -3.3761, 0.0743, 35.6078, 90.0937, 0, 1
1745406966.660, 2.352, 2.253, -1.1151, -1.1417, -3.3760, 0.0550, 35.6057, 90.1072, 0, 1
1745406966.739, 2.350, 2.253, -1.1153, -1.1417, -3.3760, 0.0318, 35.6051, 90.1237, 0, 1
1745406966.819, 2.351, 2.253, -1.1153, -1.1416, -3.3759, 0.0172, 35.6022, 90.1284, 0, 1
1745406966.898, 2.351, 2.253, -1.1154, -1.1416, -3.3759, 0.0303, 35.6021, 90.1196, 0, 1
1745406966.978, 2.350, 2.253, -1.1154, -1.1415, -3.3760, 0.0491, 35.6001, 90.1025, 0, 1
1745406967.058, 2.351, 2.252, -1.1155, -1.1416, -3.3760, 0.0684, 35.6009, 90.0876, 0, 1
1745406967.137, 2.352, 2.252, -1.1155, -1.1416, -3.3760, 0.0851, 35.6006, 90.0736, 0, 1
1745406967.217, 2.351, 2.252, -1.1156, -1.1416, -3.3760, 0.0808, 35.6023, 90.0752, 0, 1
1745406967.297, 2.352, 2.252, -1.1156, -1.1416, -3.3759, 0.0626, 35.6023, 90.0844, 0, 1
1745406967.496, 2.353, 2.252, -1.1156, -1.1415, -3.3759, 0.0573, 35.6002, 90.0822, 0, 1
1745406967.575, 2.354, 2.252, -1.1157, -1.1414, -3.3758, 0.0429, 35.5976, 90.0885, 0, 1
1745406967.655, 2.354, 2.253, -1.1157, -1.1414, -3.3758, 0.0331, 35.5955, 90.0906, 0, 1
1745406967.735, 2.354, 2.253, -1.1157, -1.1413, -3.3757, 0.0361, 35.5949, 90.0881, 0, 1
1745406967.816, 2.354, 2.253, -1.1158, -1.1413, -3.3757, 0.0446, 35.5938, 90.0799, 0, 1
1745406967.894, 2.353, 2.252, -1.1158, -1.1413, -3.3757, 0.0634, 35.5916, 90.0606, 0, 1
1745406967.974, 2.353, 2.253, -1.1158, -1.1413, -3.3757, 0.0959, 35.5907, 90.0320, 0, 1
1745406968.053, 2.352, 2.253, -1.1157, -1.1412, -3.3756, 0.1148, 35.5887, 90.0193, 0, 1
1745406968.133, 2.352, 2.253, -1.1158, -1.1412, -3.3756, 0.1193, 35.5861, 90.0167, 0, 1
1745406968.213, 2.351, 2.253, -1.1157, -1.1412, -3.3756, 0.1187, 35.5852, 90.0207, 0, 1
1745406968.412, 2.352, 2.252, -1.1158, -1.1412, -3.3756, 0.0750, 35.5853, 90.0620, 0, 1
1745406968.611, 2.352, 2.252, -1.1159, -1.1413, -3.3755, 0.0395, 35.5899, 90.0999, 0, 1
1745406968.810, 2.353, 2.251, -1.1161, -1.1413, -3.3755, 0.0273, 35.5923, 90.1107, 0, 1
1745406968.889, 2.353, 2.251, -1.1161, -1.1412, -3.3754, 0.0356, 35.5913, 90.1074, 0, 1
1745406968.971, 2.354, 2.251, -1.1163, -1.1412, -3.3754, 0.0491, 35.5898, 90.0980, 0, 1
1745406969.049, 2.354, 2.251, -1.1163, -1.1412, -3.3753, 0.0846, 35.5931, 90.0730, 0, 1
1745406969.128, 2.353, 2.251, -1.1162, -1.1410, -3.3752, 0.0948, 35.5900, 90.0604, 0, 1
1745406969.208, 2.352, 2.251, -1.1161, -1.1409, -3.3752, 0.0931, 35.5868, 90.0587, 0, 1
1745406969.288, 2.352, 2.252, -1.1162, -1.1410, -3.3752, 0.0915, 35.5873, 90.0553, 0, 1
1745406971.538, 2.348, 2.239, -1.1254, -1.1411, -3.3650, 0.1800, 36.2599, 90.0632, 0, 1
1745406971.617, 2.347, 2.226, -1.1347, -1.1411, -3.3547, 0.2606, 36.9732, 90.0529, 0, 1
1745406971.697, 2.345, 2.211, -1.1439, -1.1412, -3.3443, 0.3633, 37.6890, 90.0355, 0, 1
1745406971.777, 2.344, 2.195, -1.1533, -1.1413, -3.3340, 0.4641, 38.4113, 90.0198, 0, 1
1745406971.856, 2.342, 2.179, -1.1625, -1.1414, -3.3236, 0.5647, 39.1385, 89.9970, 0, 1
1745406971.936, 2.343, 2.177, -1.1627, -1.1414, -3.3233, 0.5332, 39.1738, 89.9717, 0, 1
1745406972.017, 2.343, 2.175, -1.1629, -1.1413, -3.3229, 0.5147, 39.1922, 89.7908, 0, 1
1745406972.095, 2.342, 2.174, -1.1638, -1.1411, -3.3216, 0.4857, 39.1801, 89.3980, 0, 1
1745406972.175, 2.341, 2.173, -1.1662, -1.1408, -3.3185, 0.4566, 39.0404, 88.9775, 0, 1
1745406972.255, 2.342, 2.173, -1.1702, -1.1405, -3.3131, 0.3844, 38.8264, 88.5841, 0, 1
1745406972.334, 2.342, 2.171, -1.1757, -1.1403, -3.3063, 0.3800, 38.6303, 88.1556, 0, 1
1745406972.414, 2.342, 2.165, -1.1819, -1.1403, -3.2985, 0.3846, 38.4324, 87.9160, 0, 1
1745406972.494, 2.344, 2.157, -1.1879, -1.1403, -3.2911, 0.3921, 38.2901, 87.9010, 0, 1
1745406972.573, 2.344, 2.148, -1.1927, -1.1404, -3.2852, 0.4042, 38.2812, 87.9263, 0, 1
1745406972.653, 2.345, 2.139, -1.1962, -1.1406, -3.2813, 0.4735, 38.3624, 87.9410, 0, 1
1745406972.732, 2.345, 2.130, -1.1987, -1.1406, -3.2784, 0.5338, 38.4986, 87.9900, 0, 1
1745406972.812, 2.345, 2.124, -1.2009, -1.1407, -3.2761, 0.6127, 38.6378, 88.0185, 0, 1
1745406972.892, 2.343, 2.120, -1.2034, -1.1409, -3.2736, 0.6441, 38.7526, 88.0585, 0, 1
1745406972.971, 2.343, 2.116, -1.2064, -1.1410, -3.2702, 0.7122, 38.8509, 88.0584, 0, 1
1745406973.051, 2.342, 2.112, -1.2101, -1.1411, -3.2661, 0.7546, 38.9803, 88.0679, 0, 1
1745406973.131, 2.342, 2.108, -1.2140, -1.1412, -3.2616, 0.7262, 39.1035, 88.1017, 0, 1
1745406973.210, 2.342, 2.102, -1.2181, -1.1413, -3.2569, 0.6888, 39.2448, 88.1773, 0, 1
1745406973.290, 2.342, 2.096, -1.2219, -1.1413, -3.2526, 0.7131, 39.3955, 88.2284, 0, 1
1745406973.370, 2.341, 2.089, -1.2255, -1.1415, -3.2487, 0.7360, 39.5579, 88.3056, 0, 1
1745406973.449, 2.341, 2.082, -1.2286, -1.1417, -3.2453, 0.7721, 39.6735, 88.3710, 0, 1
1745406973.529, 2.340, 2.076, -1.2318, -1.1418, -3.2420, 0.9065, 39.7554, 88.4031, 0, 1
1745406973.609, 2.340, 2.071, -1.2348, -1.1420, -3.2387, 1.0183, 39.7915, 88.4170, 0, 1
1745406973.688, 2.339, 2.066, -1.2380, -1.1422, -3.2352, 1.0966, 39.8231, 88.4470, 0, 1
1745406973.768, 2.340, 2.061, -1.2414, -1.1423, -3.2314, 1.1427, 39.8968, 88.5537, 0, 1
1745406973.848, 2.339, 2.056, -1.2442, -1.1424, -3.2283, 1.2074, 39.9862, 88.6466, 0, 1
1745406973.927, 2.338, 2.050, -1.2462, -1.1425, -3.2258, 1.1626, 40.0662, 88.7439, 0, 1
1745406974.007, 2.337, 2.045, -1.2476, -1.1426, -3.2242, 1.2082, 40.1450, 88.8088, 0, 1
1745406974.086, 2.334, 2.042, -1.2483, -1.1426, -3.2234, 1.2560, 40.2176, 88.8505, 0, 1
1745406974.166, 2.332, 2.040, -1.2482, -1.1427, -3.2235, 1.3023, 40.2454, 88.8162, 0, 1
1745406974.246, 2.330, 2.038, -1.2478, -1.1427, -3.2234, 1.2378, 40.2509, 88.7874, 0, 1
1745406974.325, 2.328, 2.038, -1.2476, -1.1428, -3.2234, 1.2540, 40.2502, 88.7711, 0, 1
1745406974.405, 2.327, 2.038, -1.2472, -1.1428, -3.2234, 1.1704, 40.2497, 88.7559, 0, 1
1745406974.485, 2.328, 2.038, -1.2468, -1.1428, -3.2232, 1.0133, 40.2013, 88.7946, 0, 1
1745406974.564, 2.329, 2.039, -1.2465, -1.1426, -3.2217, 0.5218, 40.1706, 89.0877, 0, 1
1745406974.644, 2.333, 2.039, -1.2480, -1.1426, -3.2169, -0.2383, 40.1249, 89.9810, 0, 1
1745406974.723, 2.337, 2.039, -1.2534, -1.1426, -3.2096, -0.3713, 40.0102, 90.7610, 0, 1
1745406974.803, 2.340, 2.036, -1.2614, -1.1430, -3.1998, -0.4547, 39.7389, 91.5456, 0, 1
1745406974.883, 2.344, 2.027, -1.2708, -1.1430, -3.1886, -0.3747, 39.4438, 92.2062, 0, 1
1745406974.962, 2.348, 2.014, -1.2808, -1.1432, -3.1785, 0.1405, 39.0977, 92.5039, 0, 1
1745406975.042, 2.354, 2.000, -1.2892, -1.1434, -3.1715, 1.0229, 38.7703, 92.1874, 0, 1
1745406988.064, 2.355, 1.733, -1.4660, -1.1519, -2.9802, -0.2156, 45.8593, 89.0834, 0, 1
1745406988.144, 2.349, 1.725, -1.4717, -1.1520, -2.9754, -0.1673, 46.1565, 89.0669, 0, 1
1745406988.223, 2.345, 1.717, -1.4771, -1.1522, -2.9710, -0.0852, 46.4308, 89.0798, 0, 1
1745406988.303, 2.341, 1.711, -1.4834, -1.1527, -2.9659, 0.0025, 46.6648, 89.3888, 0, 1
1745406988.383, 2.339, 1.704, -1.4905, -1.1535, -2.9604, 0.1667, 46.9434, 89.6970, 0, 1
1745406988.462, 2.339, 1.697, -1.4978, -1.1541, -2.9547, 0.3031, 47.2910, 90.0096, 0, 1
1745406988.542, 2.338, 1.690, -1.5048, -1.1547, -2.9492, 0.4335, 47.5771, 90.2974, 0, 1
1745406988.622, 2.338, 1.682, -1.5107, -1.1552, -2.9445, 0.5324, 47.8120, 90.5427, 0, 1
1745406988.701, 2.338, 1.675, -1.5145, -1.1553, -2.9417, 0.6024, 48.0223, 90.5084, 0, 1
1745406988.781, 2.337, 1.669, -1.5163, -1.1553, -2.9401, 0.5753, 48.1311, 90.4955, 0, 1
1745406988.861, 2.338, 1.665, -1.5171, -1.1553, -2.9394, 0.5707, 48.1370, 90.4701, 0, 1
1745406988.940, 2.338, 1.662, -1.5172, -1.1553, -2.9393, 0.5609, 48.1557, 90.4699, 0, 1
1745406989.020, 2.338, 1.660, -1.5172, -1.1554, -2.9393, 0.5611, 48.1549, 90.4618, 0, 1
1745406989.099, 2.338, 1.659, -1.5171, -1.1554, -2.9393, 0.5547, 48.1580, 90.4626, 0, 1
1745406989.179, 2.338, 1.659, -1.5171, -1.1554, -2.9393, 0.5482, 48.1591, 90.4648, 0, 1
1745406989.259, 2.338, 1.658, -1.5171, -1.1554, -2.9393, 0.5417, 48.1567, 90.4664, 0, 1
1745406989.338, 2.338, 1.658, -1.5171, -1.1554, -2.9393, 0.5414, 48.1536, 90.4621, 0, 1
1745406989.418, 2.338, 1.658, -1.5171, -1.1555, -2.9393, 0.5429, 48.1486, 90.4567, 0, 1
1745406989.498, 2.337, 1.658, -1.5170, -1.1555, -2.9393, 0.5473, 48.1449, 90.4499, 0, 1
1745406989.577, 2.338, 1.658, -1.5170, -1.1555, -2.9393, 0.5525, 48.1391, 90.4439, 0, 1
1745406989.657, 2.338, 1.658, -1.5170, -1.1555, -2.9393, 0.5564, 48.1361, 90.4419, 0, 1
1745406989.737, 2.338, 1.658, -1.5172, -1.1556, -2.9392, 0.5543, 48.1419, 90.4426, 0, 1
1745406989.816, 2.339, 1.658, -1.5179, -1.1556, -2.9385, 0.5536, 48.1420, 90.4387, 0, 1
1745406989.896, 2.340, 1.658, -1.5194, -1.1556, -2.9372, 0.5863, 48.0761, 90.3978, 0, 1
1745406989.976, 2.340, 1.658, -1.5211, -1.1556, -2.9359, 0.6784, 48.0151, 90.2926, 0, 1
1745406990.055, 2.340, 1.656, -1.5227, -1.1556, -2.9345, 0.7611, 47.9530, 90.2003, 0, 1
1745406990.135, 2.338, 1.654, -1.5242, -1.1556, -2.9333, 0.8456, 47.8837, 90.1100, 0, 1
1745406990.214, 2.336, 1.652, -1.5252, -1.1556, -2.9326, 0.9270, 47.8171, 90.0265, 0, 1
1745406990.294, 2.334, 1.649, -1.5256, -1.1555, -2.9324, 0.9838, 47.8442, 89.9163, 0, 1
1745406990.374, 2.333, 1.648, -1.5259, -1.1553, -2.9320, 0.9380, 48.0219, 89.8013, 0, 1
1745406990.453, 2.333, 1.648, -1.5262, -1.1550, -2.9313, 0.7265, 48.1549, 89.7506, 0, 1
1745406990.533, 2.335, 1.648, -1.5266, -1.1545, -2.9297, 0.3145, 48.2989, 89.7662, 0, 1
1745406990.613, 2.337, 1.648, -1.5280, -1.1538, -2.9267, -0.3250, 48.4079, 89.8977, 0, 1
1745406990.692, 2.339, 1.647, -1.5311, -1.1533, -2.9222, -0.9894, 48.5482, 90.1041, 0, 1
1745406990.772, 2.340, 1.644, -1.5362, -1.1528, -2.9162, -1.4858, 48.5345, 90.4190, 0, 1
1745406990.852, 2.341, 1.641, -1.5435, -1.1523, -2.9094, -1.5943, 48.5754, 90.6048, 0, 1
1745406991.051, 2.342, 1.628, -1.5554, -1.1523, -2.9016, -0.7149, 48.6139, 90.5948, 0, 1
1745406991.130, 2.344, 1.615, -1.5665, -1.1523, -2.8944, 0.1608, 48.7134, 90.5318, 0, 1
1745406991.210, 2.346, 1.602, -1.5766, -1.1524, -2.8885, 1.2390, 48.7532, 90.4303, 0, 1
1745406991.290, 2.347, 1.589, -1.5849, -1.1527, -2.8833, 1.8886, 48.8731, 90.4544, 0, 1
1745406991.369, 2.349, 1.575, -1.5919, -1.1536, -2.8777, 2.0063, 48.9864, 90.7563, 0, 1
1745406991.449, 2.350, 1.570, -1.5951, -1.1546, -2.8736, 1.5297, 49.0178, 90.6756, 0, 1
1745406991.648, 2.349, 1.561, -1.5990, -1.1557, -2.8695, 1.2232, 49.0943, 90.6456, 0, 1
1745406991.728, 2.350, 1.555, -1.6021, -1.1568, -2.8658, 0.7319, 49.1835, 90.6351, 0, 1
1745406991.807, 2.352, 1.549, -1.6053, -1.1577, -2.8626, 0.5422, 49.1838, 90.4585, 0, 1
1745406991.887, 2.353, 1.544, -1.6084, -1.1581, -2.8604, 0.6713, 49.1883, 90.0478, 0, 1
1745406991.967, 2.354, 1.540, -1.6114, -1.1582, -2.8578, 0.6060, 49.2780, 90.1453, 0, 1
1745406994.456, 2.349, 1.520, -1.6262, -1.1580, -2.8471, 1.2419, 49.0172, 89.6895, 0, 1
1745406994.535, 2.342, 1.501, -1.6409, -1.1579, -2.8365, 1.8741, 48.7431, 89.2419, 0, 1
1745406994.615, 2.336, 1.481, -1.6553, -1.1577, -2.8263, 2.5102, 48.4795, 88.7947, 0, 1
1745406994.694, 2.330, 1.462, -1.6688, -1.1575, -2.8166, 3.1476, 48.2083, 88.3540, 0, 1
1745406994.774, 2.324, 1.443, -1.6815, -1.1572, -2.8078, 3.7861, 47.9254, 87.9153, 0, 1
1745406994.854, 2.324, 1.443, -1.6815, -1.1572, -2.8078, 3.7873, 47.9253, 87.9134, 0, 1
1745406994.933, 2.324, 1.443, -1.6815, -1.1572, -2.8078, 3.7873, 47.9256, 87.9122, 0, 1
1745406995.013, 2.325, 1.443, -1.6815, -1.1572, -2.8078, 3.7851, 47.9235, 87.9128, 0, 1
1745406995.093, 2.325, 1.443, -1.6815, -1.1572, -2.8078, 3.7829, 47.9226, 87.9139, 0, 1
1745406995.172, 2.325, 1.443, -1.6815, -1.1572, -2.8078, 3.7827, 47.9212, 87.9140, 0, 1
1745406995.252, 2.325, 1.443, -1.6815, -1.1572, -2.8078, 3.7806, 47.9205, 87.9173, 0, 1
1745406995.332, 2.324, 1.443, -1.6815, -1.1572, -2.8078, 3.7802, 47.9200, 87.9191, 0, 1
1745406995.411, 2.323, 1.443, -1.6815, -1.1572, -2.8078, 3.7811, 47.9219, 87.9199, 0, 1
1745406995.491, 2.322, 1.443, -1.6815, -1.1572, -2.8078, 3.7787, 47.9232, 87.9213, 0, 1
1745406995.571, 2.323, 1.443, -1.6815, -1.1572, -2.8078, 3.7800, 47.9234, 87.9209, 0, 1
1745406995.652, 2.323, 1.443, -1.6815, -1.1572, -2.8078, 3.7819, 47.9248, 87.9198, 0, 1
1745406995.730, 2.324, 1.443, -1.6815, -1.1572, -2.8078, 3.7830, 47.9256, 87.9210, 0, 1
1745406995.810, 2.325, 1.443, -1.6815, -1.1572, -2.8078, 3.7844, 47.9257, 87.9206, 0, 1
1745406995.889, 2.325, 1.443, -1.6815, -1.1572, -2.8078, 3.7864, 47.9244, 87.9194, 0, 1
1745406995.969, 2.325, 1.443, -1.6815, -1.1572, -2.8078, 3.7849, 47.9246, 87.9215, 0, 1
1745406996.048, 2.325, 1.443, -1.6816, -1.1572, -2.8078, 3.7940, 47.9236, 87.9056, 0, 1
1745406996.128, 2.324, 1.443, -1.6817, -1.1571, -2.8077, 3.8096, 47.9211, 87.8776, 0, 1
1745406996.208, 2.323, 1.443, -1.6823, -1.1571, -2.8073, 3.8168, 47.9093, 87.8461, 0, 1
1745406996.287, 2.322, 1.443, -1.6834, -1.1572, -2.8063, 3.8284, 47.8971, 87.8006, 0, 1
1745406996.367, 2.322, 1.443, -1.6853, -1.1572, -2.8046, 3.8231, 47.8689, 87.7582, 0, 1
1745406996.447, 2.321, 1.441, -1.6880, -1.1574, -2.8018, 3.6917, 47.8417, 87.8163, 0, 1
1745406996.526, 2.321, 1.439, -1.6913, -1.1579, -2.7973, 3.1095, 47.7726, 88.2195, 0, 1
1745406996.610, 2.321, 1.436, -1.6952, -1.1584, -2.7918, 2.4494, 47.8182, 88.6591, 0, 1
1745406996.686, 2.321, 1.430, -1.6993, -1.1589, -2.7864, 1.8400, 47.8234, 89.0773, 0, 1
1745406996.765, 2.322, 1.424, -1.7030, -1.1594, -2.7814, 1.2237, 47.8699, 89.5095, 0, 1
1745406996.845, 2.322, 1.417, -1.7060, -1.1597, -2.7773, 0.7379, 47.9343, 89.8462, 0, 1
1745406996.925, 2.322, 1.411, -1.7087, -1.1598, -2.7747, 0.6920, 48.0228, 89.8465, 0, 1
1745406997.004, 2.322, 1.406, -1.7115, -1.1598, -2.7725, 0.7317, 48.0046, 89.8284, 0, 1
1745406997.204, 2.322, 1.400, -1.7167, -1.1598, -2.7678, 0.6925, 47.9921, 89.8927, 0, 1
1745406997.283, 2.321, 1.395, -1.7229, -1.1600, -2.7622, 0.6645, 47.9464, 89.9545, 0, 1
1745406997.363, 2.320, 1.388, -1.7301, -1.1601, -2.7557, 0.6144, 47.8735, 90.0306, 0, 1
1745406997.442, 2.318, 1.378, -1.7379, -1.1603, -2.7486, 0.5595, 47.8239, 90.1148, 0, 1
1745406997.522, 2.317, 1.369, -1.7457, -1.1604, -2.7416, 0.5035, 47.7845, 90.1890, 0, 1
1745406997.602, 2.316, 1.361, -1.7511, -1.1606, -2.7367, 0.4817, 47.7839, 90.2136, 0, 1
1745406997.681, 2.315, 1.352, -1.7563, -1.1607, -2.7321, 0.4715, 47.7924, 90.2164, 0, 1
1745406997.761, 2.314, 1.344, -1.7612, -1.1609, -2.7277, 0.4729, 47.8128, 90.2015, 0, 1
1745406997.841, 2.313, 1.338, -1.7662, -1.1610, -2.7233, 0.4754, 47.8376, 90.1844, 0, 1
1745406997.920, 2.312, 1.331, -1.7713, -1.1611, -2.7188, 0.4858, 47.8688, 90.1615, 0, 1
1745406998.000, 2.312, 1.324, -1.7767, -1.1612, -2.7141, 0.4744, 47.8994, 90.1598, 0, 1
1745406998.079, 2.310, 1.318, -1.7822, -1.1612, -2.7092, 0.4626, 47.9289, 90.1771, 0, 1
1745406998.159, 2.310, 1.311, -1.7880, -1.1612, -2.7042, 0.4427, 47.9475, 90.2242, 0, 1
1745406998.239, 2.309, 1.303, -1.7939, -1.1612, -2.6990, 0.4288, 47.9473, 90.2705, 0, 1
1745406998.318, 2.308, 1.296, -1.7998, -1.1614, -2.6937, 0.3812, 47.9326, 90.3321, 0, 1
1745406998.398, 2.306, 1.288, -1.8058, -1.1615, -2.6884, 0.3475, 47.9111, 90.3743, 0, 1
1745406998.477, 2.306, 1.280, -1.8118, -1.1616, -2.6831, 0.3508, 47.8762, 90.3776, 0, 1
1745406998.557, 2.304, 1.274, -1.8180, -1.1617, -2.6777, 0.3412, 47.8521, 90.3658, 0, 1
1745406998.637, 2.303, 1.270, -1.8242, -1.1618, -2.6720, 0.3230, 47.8341, 90.3525, 0, 1
1745406998.716, 2.302, 1.262, -1.8307, -1.1619, -2.6663, 0.3422, 47.8160, 90.3054, 0, 1
1745406998.796, 2.302, 1.254, -1.8374, -1.1620, -2.6605, 0.3737, 47.7900, 90.2418, 0, 1
1745406998.876, 2.301, 1.246, -1.8441, -1.1622, -2.6546, 0.3771, 47.7853, 90.2072, 0, 1
1745406998.955, 2.300, 1.235, -1.8508, -1.1623, -2.6488, 0.4062, 47.7812, 90.1641, 0, 1
1745406999.035, 2.300, 1.225, -1.8564, -1.1624, -2.6440, 0.4642, 47.7480, 90.1051, 0, 1
1745406999.115, 2.299, 1.216, -1.8605, -1.1625, -2.6405, 0.4965, 47.7420, 90.0781, 0, 1
1745406999.194, 2.297, 1.207, -1.8632, -1.1626, -2.6382, 0.5274, 47.7595, 90.0559, 0, 1
1745406999.274, 2.297, 1.202, -1.8646, -1.1626, -2.6370, 0.5444, 47.7705, 90.0371, 0, 1
1745406999.354, 2.295, 1.198, -1.8647, -1.1626, -2.6369, 0.5516, 47.7781, 90.0283, 0, 1
1745406999.433, 2.294, 1.195, -1.8645, -1.1626, -2.6371, 0.5433, 47.8203, 90.0328, 0, 1
1745406999.513, 2.295, 1.194, -1.8645, -1.1626, -2.6371, 0.5524, 47.8349, 90.0249, 0, 1
1745406999.712, 2.296, 1.194, -1.8645, -1.1626, -2.6371, 0.5523, 47.8411, 90.0254, 0, 1
1745406999.792, 2.296, 1.194, -1.8645, -1.1626, -2.6371, 0.5589, 47.8436, 90.0180, 0, 1
1745406999.871, 2.296, 1.194, -1.8645, -1.1627, -2.6371, 0.5711, 47.8448, 90.0066, 0, 1
1745406999.951, 2.297, 1.194, -1.8645, -1.1627, -2.6371, 0.5810, 47.8445, 89.9928, 0, 1
1745407002.440, 2.297, 1.194, -1.8645, -1.1627, -2.6371, 0.5922, 47.8465, 89.9792, 1, 1
1745407002.520, 2.298, 1.194, -1.8644, -1.1627, -2.6371, 0.6007, 47.8460, 89.9691, 1, 1
1745407002.599, 2.298, 1.194, -1.8644, -1.1627, -2.6371, 0.6062, 47.8462, 89.9639, 1, 1
1745407052.079, 2.395, 1.392, -1.6525, -1.1584, -2.7171, 0.7338, 46.5613, 89.9531, 0, 1
1745407052.557, 2.783, 2.184, -0.8047, -1.1411, -3.0372, 1.2645, 41.4232, 89.9111, 1, 1
1745407052.636, 2.783, 2.184, -0.8047, -1.1411, -3.0372, 1.2687, 41.4214, 89.9078, 1, 1
1745407052.716, 2.784, 2.184, -0.8047, -1.1411, -3.0372, 1.2704, 41.4190, 89.9071, 1, 1
1745407052.796, 2.785, 2.184, -0.8047, -1.1411, -3.0372, 1.2726, 41.4176, 89.9071, 1, 1
1745407052.875, 2.785, 2.184, -0.8048, -1.1410, -3.0372, 1.2739, 41.4160, 89.9068, 1, 1
1745407052.955, 2.784, 2.184, -0.8048, -1.1410, -3.0372, 1.2755, 41.4150, 89.9052, 1, 1
1745407053.034, 2.784, 2.184, -0.8048, -1.1410, -3.0372, 1.2731, 41.4158, 89.9056, 1, 1
1745407053.114, 2.784, 2.184, -0.8048, -1.1410, -3.0372, 1.2703, 41.4161, 89.9055, 1, 1
1745407053.194, 2.784, 2.184, -0.8048, -1.1410, -3.0372, 1.2685, 41.4161, 89.9038, 1, 1
1745407053.273, 2.783, 2.184, -0.8048, -1.1411, -3.0372, 1.2669, 41.4165, 89.9032, 1, 1
1745407053.353, 2.782, 2.184, -0.8048, -1.1410, -3.0372, 1.2634, 41.4166, 89.9053, 1, 1
1745407053.433, 2.783, 2.184, -0.8048, -1.1410, -3.0372, 1.2623, 41.4159, 89.9049, 1, 1
1745407053.512, 2.783, 2.184, -0.8048, -1.1410, -3.0372, 1.2595, 41.4146, 89.9050, 1, 1
1745407053.592, 2.781, 2.185, -0.8048, -1.1410, -3.0372, 1.2560, 41.4144, 89.9073, 1, 1
1745407053.672, 2.781, 2.185, -0.8048, -1.1410, -3.0372, 1.2512, 41.4138, 89.9093, 1, 1
1745407053.751, 2.781, 2.185, -0.8048, -1.1410, -3.0372, 1.2476, 41.4135, 89.9100, 1, 1
1745407053.831, 2.780, 2.185, -0.8048, -1.1410, -3.0372, 1.2449, 41.4131, 89.9138, 1, 1
1745407053.910, 2.781, 2.184, -0.8048, -1.1410, -3.0372, 1.2458, 41.4138, 89.9165, 1, 1
1745407053.990, 2.782, 2.184, -0.8048, -1.1410, -3.0372, 1.2449, 41.4131, 89.9188, 1, 1
1745407054.070, 2.783, 2.184, -0.8049, -1.1410, -3.0372, 1.2462, 41.4121, 89.9217, 1, 1
1745407054.149, 2.784, 2.184, -0.8049, -1.1410, -3.0372, 1.2490, 41.4105, 89.9243, 1, 1
1745407056.240, 2.784, 2.184, -0.8049, -1.1410, -3.0372, 1.2549, 41.4135, 89.9198, 0, 1
1745407056.320, 2.784, 2.184, -0.8049, -1.1410, -3.0371, 1.2587, 41.4152, 89.9176, 0, 1
1745407056.399, 2.783, 2.184, -0.8049, -1.1409, -3.0371, 1.2647, 41.4179, 89.9133, 0, 1
1745407056.479, 2.782, 2.184, -0.8049, -1.1409, -3.0371, 1.2694, 41.4207, 89.9085, 0, 1
1745407056.559, 2.781, 2.184, -0.8049, -1.1409, -3.0371, 1.2743, 41.4237, 89.9027, 0, 1
1745407056.638, 2.781, 2.184, -0.8050, -1.1409, -3.0371, 1.2761, 41.4232, 89.9026, 0, 1
1745407056.718, 2.781, 2.184, -0.8050, -1.1409, -3.0371, 1.2778, 41.4226, 89.9023, 0, 1
1745407056.798, 2.783, 2.184, -0.8050, -1.1409, -3.0371, 1.2797, 41.4231, 89.9054, 0, 1
1745407056.877, 2.783, 2.184, -0.8050, -1.1409, -3.0371, 1.2819, 41.4230, 89.9105, 0, 1
1745407056.957, 2.784, 2.184, -0.8050, -1.1409, -3.0371, 1.2836, 41.4224, 89.9137, 0, 1
1745407057.037, 2.785, 2.184, -0.8050, -1.1408, -3.0371, 1.2832, 41.4214, 89.9168, 0, 1
1745407057.116, 2.785, 2.184, -0.8050, -1.1408, -3.0371, 1.2853, 41.4218, 89.9182, 0, 1
1745407057.196, 2.785, 2.184, -0.8050, -1.1408, -3.0371, 1.2877, 41.4206, 89.9171, 0, 1
1745407057.276, 2.785, 2.184, -0.8050, -1.1408, -3.0371, 1.2902, 41.4205, 89.9140, 0, 1
1745407057.355, 2.783, 2.184, -0.8050, -1.1409, -3.0371, 1.2905, 41.4212, 89.9147, 0, 1
1745407057.435, 2.782, 2.184, -0.8050, -1.1409, -3.0371, 1.2907, 41.4216, 89.9158, 0, 1
1745407057.514, 2.781, 2.185, -0.8050, -1.1409, -3.0371, 1.2894, 41.4222, 89.9160, 0, 1
1745407057.594, 2.780, 2.184, -0.8050, -1.1409, -3.0371, 1.2862, 41.4212, 89.9176, 0, 1
1745407057.674, 2.781, 2.184, -0.8051, -1.1408, -3.0371, 1.2824, 41.4225, 89.9175, 0, 1
1745407057.753, 2.782, 2.184, -0.8051, -1.1408, -3.0371, 1.2797, 41.4228, 89.9150, 0, 1
1745407057.833, 2.783, 2.184, -0.8051, -1.1409, -3.0371, 1.2790, 41.4232, 89.9113, 0, 1
1745407057.913, 2.784, 2.184, -0.8051, -1.1408, -3.0371, 1.2778, 41.4236, 89.9074, 0, 1
1745407057.992, 2.784, 2.184, -0.8051, -1.1408, -3.0371, 1.2767, 41.4260, 89.9042, 0, 1
1745407058.072, 2.784, 2.184, -0.8051, -1.1408, -3.0371, 1.2759, 41.4262, 89.9025, 0, 1
1745407058.152, 2.784, 2.184, -0.8051, -1.1408, -3.0371, 1.2781, 41.4256, 89.9030, 0, 1
1745407058.231, 2.784, 2.184, -0.8051, -1.1408, -3.0371, 1.2781, 41.4240, 89.9048, 0, 1
1745407058.311, 2.784, 2.184, -0.8051, -1.1408, -3.0371, 1.2776, 41.4226, 89.9080, 0, 1
1745407058.390, 2.784, 2.184, -0.8051, -1.1408, -3.0371, 1.2764, 41.4203, 89.9113, 0, 1
1745407058.470, 2.783, 2.184, -0.8051, -1.1408, -3.0371, 1.2756, 41.4174, 89.9156, 0, 1
1745407058.550, 2.782, 2.184, -0.8051, -1.1408, -3.0371, 1.2726, 41.4170, 89.9170, 0, 1
1745407058.629, 2.781, 2.184, -0.8051, -1.1408, -3.0371, 1.2718, 41.4171, 89.9176, 0, 1
1745407058.709, 2.780, 2.184, -0.8051, -1.1408, -3.0370, 1.2710, 41.4174, 89.9187, 0, 1
1745407058.789, 2.781, 2.184, -0.8052, -1.1408, -3.0370, 1.2711, 41.4176, 89.9193, 0, 1
1745407058.869, 2.782, 2.184, -0.8051, -1.1408, -3.0371, 1.2708, 41.4178, 89.9187, 0, 1
1745407058.948, 2.783, 2.184, -0.8051, -1.1408, -3.0370, 1.2694, 41.4170, 89.9191, 0, 1
1745407059.028, 2.784, 2.184, -0.8052, -1.1408, -3.0370, 1.2684, 41.4177, 89.9209, 0, 1
1745407059.107, 2.785, 2.184, -0.8052, -1.1408, -3.0371, 1.2690, 41.4177, 89.9217, 0, 1
1745407059.187, 2.785, 2.184, -0.8052, -1.1408, -3.0370, 1.2708, 41.4170, 89.9209, 0, 1
1745407059.267, 2.785, 2.184, -0.8052, -1.1407, -3.0370, 1.2722, 41.4204, 89.9255, 0, 1
1745407059.346, 2.785, 2.184, -0.8048, -1.1407, -3.0375, 1.2815, 41.4241, 89.9208, 0, 1
1745407059.426, 2.784, 2.184, -0.8035, -1.1407, -3.0389, 1.2784, 41.4244, 89.9175, 0, 1
1745407059.506, 2.783, 2.185, -0.8010, -1.1406, -3.0416, 1.2708, 41.4154, 89.9076, 0, 1
1745407059.585, 2.784, 2.187, -0.7966, -1.1405, -3.0464, 1.2686, 41.3773, 89.8840, 0, 1
1745407059.665, 2.784, 2.189, -0.7902, -1.1404, -3.0535, 1.2772, 41.3193, 89.8102, 0, 1
1745407059.745, 2.784, 2.195, -0.7819, -1.1404, -3.0626, 1.2519, 41.2287, 89.7443, 0, 1
1745407059.824, 2.785, 2.204, -0.7724, -1.1401, -3.0730, 1.2395, 41.1028, 89.6673, 0, 1
1745407059.904, 2.786, 2.217, -0.7621, -1.1400, -3.0843, 1.2031, 40.9641, 89.6101, 0, 1
1745407059.983, 2.786, 2.227, -0.7518, -1.1398, -3.0955, 1.1420, 40.8399, 89.5644, 0, 1
1745407060.063, 2.786, 2.243, -0.7420, -1.1397, -3.1062, 1.0808, 40.7153, 89.5411, 0, 1
1745407060.143, 2.787, 2.258, -0.7335, -1.1395, -3.1156, 1.0460, 40.6094, 89.5084, 0, 1
1745407060.222, 2.788, 2.273, -0.7271, -1.1395, -3.1228, 1.0073, 40.5427, 89.4898, 0, 1
1745407060.302, 2.789, 2.285, -0.7227, -1.1396, -3.1278, 0.9966, 40.4950, 89.4555, 0, 1
1745407060.382, 2.789, 2.297, -0.7202, -1.1396, -3.1307, 1.0017, 40.4679, 89.4282, 0, 1
1745407060.461, 2.788, 2.305, -0.7193, -1.1395, -3.1317, 0.9907, 40.4609, 89.4249, 0, 1
1745407060.541, 2.788, 2.309, -0.7193, -1.1395, -3.1317, 0.9829, 40.4687, 89.4298, 0, 1
1745407060.621, 2.787, 2.311, -0.7193, -1.1396, -3.1315, 0.9761, 40.4749, 89.4285, 0, 1
1745407060.700, 2.787, 2.311, -0.7194, -1.1396, -3.1315, 0.9680, 40.4854, 89.4300, 0, 1
1745407060.780, 2.787, 2.312, -0.7193, -1.1396, -3.1315, 0.9633, 40.4914, 89.4278, 0, 1
1745407060.860, 2.787, 2.311, -0.7193, -1.1396, -3.1316, 0.9634, 40.4943, 89.4242, 0, 1
1745407060.939, 2.787, 2.311, -0.7193, -1.1397, -3.1316, 0.9605, 40.4951, 89.4230, 0, 1
1745407061.019, 2.787, 2.310, -0.7192, -1.1397, -3.1316, 0.9572, 40.4959, 89.4222, 0, 1
1745407061.098, 2.787, 2.310, -0.7192, -1.1397, -3.1316, 0.9529, 40.4957, 89.4224, 0, 1
1745407061.178, 2.788, 2.310, -0.7192, -1.1397, -3.1316, 0.9494, 40.4958, 89.4215, 0, 1
1745407061.258, 2.787, 2.311, -0.7191, -1.1397, -3.1316, 0.9455, 40.4947, 89.4205, 0, 1
1745407061.337, 2.787, 2.311, -0.7191, -1.1397, -3.1316, 0.9428, 40.4949, 89.4200, 0, 1
1745407061.417, 2.786, 2.312, -0.7191, -1.1398, -3.1316, 0.9439, 40.4943, 89.4178, 0, 1
1745407061.497, 2.786, 2.312, -0.7191, -1.1398, -3.1316, 0.9460, 40.4939, 89.4160, 0, 1
1745407061.576, 2.785, 2.313, -0.7190, -1.1398, -3.1317, 0.9480, 40.4936, 89.4149, 0, 1
1745407061.656, 2.785, 2.312, -0.7190, -1.1399, -3.1317, 0.9511, 40.4955, 89.4173, 0, 1
1745407061.736, 2.785, 2.312, -0.7189, -1.1399, -3.1317, 0.9521, 40.4963, 89.4199, 0, 1
1745407061.815, 2.785, 2.312, -0.7189, -1.1399, -3.1317, 0.9489, 40.4968, 89.4235, 0, 1
1745407061.895, 2.785, 2.311, -0.7189, -1.1399, -3.1317, 0.9476, 40.4977, 89.4245, 0, 1
1745407061.975, 2.785, 2.310, -0.7189, -1.1399, -3.1317, 0.9457, 40.4984, 89.4238, 0, 1
1745407062.054, 2.786, 2.310, -0.7189, -1.1399, -3.1317, 0.9432, 40.4972, 89.4219, 0, 1
1745407062.134, 2.787, 2.310, -0.7188, -1.1399, -3.1317, 0.9430, 40.4978, 89.4179, 0, 1
1745407062.214, 2.788, 2.310, -0.7188, -1.1399, -3.1318, 0.9454, 40.5107, 89.4187, 0, 1
1745407062.293, 2.787, 2.310, -0.7187, -1.1399, -3.1319, 0.9476, 40.5200, 89.4192, 0, 1
1745407062.373, 2.789, 2.310, -0.7184, -1.1399, -3.1323, 0.9551, 40.5054, 89.4177, 0, 1
1745407062.452, 2.788, 2.311, -0.7176, -1.1399, -3.1331, 0.9662, 40.4960, 89.4185, 0, 1
1745407062.532, 2.787, 2.312, -0.7162, -1.1399, -3.1347, 0.9787, 40.4771, 89.4210, 0, 1
1745407062.612, 2.787, 2.313, -0.7139, -1.1399, -3.1374, 0.9951, 40.4393, 89.4188, 0, 1
1745407062.691, 2.788, 2.316, -0.7109, -1.1399, -3.1410, 1.0196, 40.3917, 89.4098, 0, 1
1745407062.771, 2.787, 2.319, -0.7071, -1.1398, -3.1454, 1.0462, 40.3582, 89.3982, 0, 1
1745407062.851, 2.788, 2.322, -0.7030, -1.1398, -3.1502, 1.0850, 40.3091, 89.3685, 0, 1
1745407062.930, 2.788, 2.327, -0.6988, -1.1397, -3.1550, 1.1250, 40.2570, 89.3387, 0, 1
1745407063.010, 2.790, 2.332, -0.6949, -1.1397, -3.1595, 1.1637, 40.2062, 89.3078, 0, 1
1745407063.090, 2.790, 2.338, -0.6912, -1.1396, -3.1638, 1.2031, 40.1553, 89.2807, 0, 1
1745407063.169, 2.790, 2.345, -0.6876, -1.1396, -3.1681, 1.2293, 40.1049, 89.2673, 0, 1
1745407063.249, 2.790, 2.350, -0.6839, -1.1396, -3.1722, 1.2314, 40.0585, 89.2767, 0, 1
1745407063.329, 2.790, 2.355, -0.6801, -1.1396, -3.1765, 1.2322, 40.0139, 89.2864, 0, 1
1745407063.408, 2.789, 2.361, -0.6763, -1.1396, -3.1809, 1.2340, 39.9725, 89.2888, 0, 1
1745407063.488, 2.791, 2.366, -0.6724, -1.1397, -3.1852, 1.2242, 39.9413, 89.3025, 0, 1
1745407063.568, 2.791, 2.370, -0.6687, -1.1397, -3.1894, 1.2193, 39.9087, 89.3067, 0, 1
1745407063.647, 2.792, 2.376, -0.6650, -1.1397, -3.1936, 1.2180, 39.8797, 89.3013, 0, 1
1745407063.727, 2.794, 2.382, -0.6614, -1.1397, -3.1978, 1.2090, 39.8635, 89.3049, 0, 1
1745407063.806, 2.796, 2.388, -0.6578, -1.1396, -3.2019, 1.1875, 39.8471, 89.3182, 0, 1
1745407063.886, 2.795, 2.394, -0.6541, -1.1396, -3.2060, 1.1683, 39.8151, 89.3192, 0, 1
1745407063.966, 2.793, 2.400, -0.6505, -1.1396, -3.2102, 1.1528, 39.7891, 89.3182, 0, 1
1745407064.046, 2.792, 2.407, -0.6468, -1.1396, -3.2143, 1.1332, 39.7694, 89.3297, 0, 1
1745407064.125, 2.790, 2.413, -0.6432, -1.1395, -3.2185, 1.1282, 39.7378, 89.3229, 0, 1
1745407064.205, 2.789, 2.418, -0.6398, -1.1394, -3.2226, 1.1467, 39.7082, 89.3161, 0, 1
1745407064.285, 2.789, 2.423, -0.6364, -1.1393, -3.2267, 1.1645, 39.6870, 89.3040, 0, 1
1745407064.364, 2.789, 2.429, -0.6330, -1.1393, -3.2307, 1.1734, 39.6624, 89.2974, 0, 1
1745407064.444, 2.789, 2.433, -0.6295, -1.1392, -3.2349, 1.1759, 39.6189, 89.2861, 0, 1
1745407064.523, 2.789, 2.438, -0.6258, -1.1392, -3.2390, 1.1587, 39.5679, 89.2955, 0, 1
1745407064.603, 2.789, 2.444, -0.6220, -1.1392, -3.2433, 1.1361, 39.5082, 89.3048, 0, 1
1745407064.683, 2.790, 2.451, -0.6182, -1.1392, -3.2476, 1.1086, 39.4439, 89.3266, 0, 1
1745407064.762, 2.790, 2.457, -0.6144, -1.1391, -3.2519, 1.0820, 39.3799, 89.3496, 0, 1
1745407064.842, 2.790, 2.464, -0.6107, -1.1391, -3.2563, 1.0686, 39.3305, 89.3717, 0, 1
1745407064.922, 2.790, 2.468, -0.6070, -1.1391, -3.2606, 1.0524, 39.2872, 89.3913, 0, 1
1745407065.001, 2.792, 2.474, -0.6031, -1.1390, -3.2650, 1.0200, 39.2367, 89.4129, 0, 1
1745407065.081, 2.793, 2.478, -0.5994, -1.1391, -3.2694, 0.9950, 39.2023, 89.4409, 0, 1
1745407065.161, 2.794, 2.482, -0.5956, -1.1391, -3.2738, 0.9733, 39.1620, 89.4549, 0, 1
1745407065.240, 2.795, 2.489, -0.5921, -1.1390, -3.2780, 0.9659, 39.1221, 89.4642, 0, 1
1745407065.320, 2.795, 2.496, -0.5886, -1.1390, -3.2822, 0.9809, 39.0816, 89.4565, 0, 1
1745407065.400, 2.794, 2.501, -0.5852, -1.1390, -3.2863, 1.0126, 39.0519, 89.4498, 0, 1
1745407065.479, 2.794, 2.508, -0.5818, -1.1389, -3.2906, 1.0466, 39.0098, 89.4239, 0, 1
1745407065.559, 2.793, 2.514, -0.5782, -1.1389, -3.2949, 1.0714, 38.9790, 89.4338, 0, 1
1745407065.638, 2.792, 2.519, -0.5747, -1.1388, -3.2992, 1.0775, 38.9490, 89.4577, 0, 1
1745407065.718, 2.793, 2.523, -0.5712, -1.1387, -3.3034, 1.0657, 38.9099, 89.4929, 0, 1
1745407065.798, 2.794, 2.529, -0.5678, -1.1386, -3.3075, 1.0500, 38.8754, 89.5272, 0, 1
1745407065.877, 2.794, 2.533, -0.5644, -1.1386, -3.3114, 1.0280, 38.8406, 89.5726, 0, 1
1745407065.957, 2.794, 2.537, -0.5612, -1.1385, -3.3153, 1.0180, 38.7936, 89.5918, 0, 1
1745407066.036, 2.794, 2.542, -0.5577, -1.1384, -3.3194, 1.0133, 38.7392, 89.6000, 0, 1
1745407066.116, 2.793, 2.548, -0.5541, -1.1383, -3.3239, 1.0149, 38.6923, 89.6082, 0, 1
1745407066.196, 2.794, 2.553, -0.5502, -1.1383, -3.3285, 1.0074, 38.6344, 89.6170, 0, 1
1745407066.276, 2.795, 2.558, -0.5461, -1.1383, -3.3333, 0.9941, 38.5769, 89.6333, 0, 1
1745407066.355, 2.796, 2.564, -0.5421, -1.1383, -3.3381, 0.9780, 38.5259, 89.6566, 0, 1
1745407066.435, 2.798, 2.571, -0.5381, -1.1383, -3.3428, 0.9555, 38.4737, 89.6796, 0, 1
1745407066.514, 2.798, 2.577, -0.5343, -1.1383, -3.3473, 0.9434, 38.4339, 89.6987, 0, 1
1745407066.594, 2.798, 2.582, -0.5307, -1.1383, -3.3518, 0.9434, 38.4128, 89.7195, 0, 1
1745407066.674, 2.798, 2.587, -0.5272, -1.1382, -3.3562, 0.9721, 38.3880, 89.7118, 0, 1
1745407066.753, 2.796, 2.594, -0.5236, -1.1381, -3.3606, 1.0016, 38.3652, 89.7090, 0, 1
1745407066.833, 2.795, 2.600, -0.5201, -1.1381, -3.3650, 1.0386, 38.3523, 89.7059, 0, 1
1745407066.913, 2.794, 2.604, -0.5164, -1.1380, -3.3696, 1.0706, 38.3285, 89.6971, 0, 1
1745407066.992, 2.793, 2.610, -0.5126, -1.1380, -3.3743, 1.0901, 38.3000, 89.6843, 0, 1
1745407067.072, 2.792, 2.617, -0.5088, -1.1379, -3.3791, 1.1147, 38.2802, 89.6821, 0, 1
1745407067.152, 2.793, 2.622, -0.5051, -1.1378, -3.3837, 1.1549, 38.2576, 89.6639, 0, 1
1745407067.231, 2.794, 2.628, -0.5014, -1.1378, -3.3884, 1.1800, 38.2318, 89.6448, 0, 1
1745407067.311, 2.794, 2.634, -0.4975, -1.1377, -3.3932, 1.1772, 38.1954, 89.6286, 0, 1
1745407067.391, 2.794, 2.639, -0.4934, -1.1376, -3.3980, 1.1627, 38.1440, 89.6207, 0, 1
1745407067.470, 2.792, 2.643, -0.4893, -1.1376, -3.4029, 1.1120, 38.0765, 89.6264, 0, 1
1745407067.550, 2.792, 2.649, -0.4849, -1.1376, -3.4079, 1.0308, 38.0212, 89.6550, 0, 1
1745407067.629, 2.792, 2.656, -0.4804, -1.1375, -3.4131, 0.9574, 37.9667, 89.6778, 0, 1
1745407067.709, 2.793, 2.663, -0.4759, -1.1374, -3.4183, 0.8937, 37.9299, 89.7077, 0, 1
1745407067.789, 2.794, 2.670, -0.4712, -1.1374, -3.4239, 0.8296, 37.9036, 89.7355, 0, 1
1745407067.868, 2.795, 2.678, -0.4661, -1.1374, -3.4299, 0.7786, 37.8965, 89.7518, 0, 1
1745407067.948, 2.794, 2.685, -0.4608, -1.1374, -3.4364, 0.7448, 37.8772, 89.7438, 0, 1
1745407068.147, 2.794, 2.695, -0.4539, -1.1373, -3.4451, 0.7555, 37.8564, 89.7140, 0, 1
1745407068.227, 2.795, 2.706, -0.4470, -1.1372, -3.4537, 0.7927, 37.8344, 89.6707, 0, 1
1745407068.306, 2.793, 2.717, -0.4406, -1.1372, -3.4620, 0.8490, 37.8075, 89.6139, 0, 1
1745407068.386, 2.793, 2.731, -0.4351, -1.1370, -3.4691, 0.9062, 37.7829, 89.5649, 0, 1
1745407068.466, 2.793, 2.742, -0.4307, -1.1369, -3.4747, 0.9624, 37.7679, 89.5242, 0, 1
1745407068.545, 2.791, 2.748, -0.4288, -1.1369, -3.4772, 0.9815, 37.7551, 89.5068, 0, 1
1745407068.625, 2.790, 2.752, -0.4279, -1.1369, -3.4784, 0.9891, 37.7474, 89.4996, 0, 1
1745407068.705, 2.789, 2.756, -0.4277, -1.1369, -3.4786, 0.9923, 37.7484, 89.4982, 0, 1
1745407068.784, 2.790, 2.756, -0.4277, -1.1369, -3.4786, 0.9908, 37.7469, 89.4969, 0, 1
1745407068.864, 2.790, 2.755, -0.4277, -1.1369, -3.4786, 0.9902, 37.7446, 89.4916, 0, 1
1745407068.944, 2.791, 2.756, -0.4277, -1.1369, -3.4786, 0.9932, 37.7442, 89.4848, 0, 1
1745407069.023, 2.793, 2.757, -0.4277, -1.1369, -3.4786, 0.9969, 37.7439, 89.4771, 0, 1
1745407069.103, 2.794, 2.755, -0.4277, -1.1369, -3.4786, 0.9987, 37.7431, 89.4717, 0, 1
1745407069.182, 2.795, 2.757, -0.4277, -1.1369, -3.4786, 1.0040, 37.7444, 89.4634, 0, 1
1745407069.262, 2.795, 2.759, -0.4277, -1.1369, -3.4786, 1.0087, 37.7465, 89.4566, 0, 1
1745407069.342, 2.795, 2.760, -0.4277, -1.1369, -3.4786, 1.0052, 37.7471, 89.4560, 0, 1
1745407069.421, 2.795, 2.759, -0.4277, -1.1369, -3.4786, 0.9999, 37.7463, 89.4561, 0, 1
1745407069.501, 2.794, 2.761, -0.4277, -1.1369, -3.4786, 0.9984, 37.7453, 89.4545, 0, 1
1745407069.581, 2.794, 2.760, -0.4278, -1.1369, -3.4786, 0.9918, 37.7443, 89.4588, 0, 1
1745407069.660, 2.794, 2.759, -0.4278, -1.1369, -3.4786, 0.9841, 37.7429, 89.4630, 0, 1
1745407069.740, 2.794, 2.759, -0.4277, -1.1369, -3.4786, 0.9799, 37.7390, 89.4647, 0, 1
1745407069.820, 2.792, 2.759, -0.4278, -1.1369, -3.4786, 0.9788, 37.7375, 89.4648, 0, 1
1745407069.899, 2.793, 2.759, -0.4278, -1.1369, -3.4785, 0.9795, 37.7369, 89.4613, 0, 1
1745407069.979, 2.793, 2.758, -0.4278, -1.1369, -3.4785, 0.9750, 37.7400, 89.4647, 0, 1
1745407070.059, 2.792, 2.757, -0.4278, -1.1369, -3.4785, 0.9685, 37.7404, 89.4719, 0, 1
1745407070.138, 2.791, 2.757, -0.4278, -1.1369, -3.4785, 0.9674, 37.7439, 89.4749, 0, 1
1745407070.218, 2.791, 2.755, -0.4279, -1.1369, -3.4786, 0.9639, 37.7449, 89.4811, 0, 1
1745407070.298, 2.790, 2.755, -0.4279, -1.1369, -3.4786, 0.9584, 37.7455, 89.4912, 0, 1
1745407070.377, 2.788, 2.757, -0.4279, -1.1368, -3.4785, 0.9621, 37.7439, 89.4885, 0, 1
1745407070.457, 2.789, 2.758, -0.4279, -1.1368, -3.4785, 0.9703, 37.7446, 89.4800, 0, 1
1745407070.537, 2.790, 2.757, -0.4279, -1.1368, -3.4785, 0.9753, 37.7471, 89.4727, 0, 1
1745407070.616, 2.790, 2.759, -0.4282, -1.1368, -3.4780, 0.9757, 37.7514, 89.4703, 0, 1
1745407070.696, 2.790, 2.757, -0.4291, -1.1368, -3.4770, 0.9748, 37.7699, 89.4649, 0, 1
1745407070.776, 2.791, 2.756, -0.4306, -1.1369, -3.4749, 0.9590, 37.7957, 89.4808, 0, 1
1745407070.855, 2.789, 2.754, -0.4331, -1.1370, -3.4717, 0.9258, 37.8140, 89.5094, 0, 1
1745407070.935, 2.788, 2.753, -0.4366, -1.1371, -3.4672, 0.8819, 37.8617, 89.5569, 0, 1
1745407071.014, 2.788, 2.749, -0.4409, -1.1371, -3.4617, 0.8303, 37.9072, 89.6038, 0, 1
1745407071.094, 2.789, 2.745, -0.4455, -1.1373, -3.4558, 0.7778, 37.9390, 89.6566, 0, 1
1745407071.174, 2.790, 2.741, -0.4503, -1.1373, -3.4497, 0.7378, 37.9791, 89.6961, 0, 1
1745407071.253, 2.791, 2.734, -0.4550, -1.1373, -3.4438, 0.7228, 38.0351, 89.7236, 0, 1
1745407071.333, 2.793, 2.727, -0.4596, -1.1373, -3.4382, 0.7292, 38.0725, 89.7307, 0, 1
1745407071.413, 2.793, 2.718, -0.4641, -1.1373, -3.4328, 0.7667, 38.1137, 89.7186, 0, 1
1745407071.492, 2.792, 2.711, -0.4686, -1.1372, -3.4274, 0.8056, 38.1658, 89.7136, 0, 1
1745407071.572, 2.793, 2.704, -0.4733, -1.1371, -3.4219, 0.8576, 38.2250, 89.6964, 0, 1
1745407071.652, 2.793, 2.697, -0.4781, -1.1371, -3.4163, 0.9226, 38.2826, 89.6699, 0, 1
1745407071.731, 2.793, 2.688, -0.4831, -1.1371, -3.4106, 1.0001, 38.3474, 89.6460, 0, 1
1745407071.811, 2.793, 2.681, -0.4882, -1.1372, -3.4048, 1.0730, 38.4051, 89.6388, 0, 1
1745407071.890, 2.794, 2.672, -0.4931, -1.1373, -3.3989, 1.1131, 38.4651, 89.6331, 0, 1
1745407071.970, 2.794, 2.662, -0.4980, -1.1374, -3.3931, 1.1329, 38.5072, 89.6367, 0, 1
1745407072.050, 2.794, 2.654, -0.5028, -1.1376, -3.3873, 1.1313, 38.5349, 89.6558, 0, 1
1745407072.130, 2.794, 2.648, -0.5075, -1.1376, -3.3815, 1.1107, 38.5370, 89.6716, 0, 1
1745407072.209, 2.796, 2.640, -0.5120, -1.1377, -3.3759, 1.0754, 38.5506, 89.6791, 0, 1
1745407072.289, 2.795, 2.635, -0.5165, -1.1378, -3.3703, 1.0668, 38.5623, 89.6744, 0, 1
1745407072.368, 2.794, 2.629, -0.5209, -1.1379, -3.3649, 1.0559, 38.5854, 89.6673, 0, 1
1745407072.448, 2.793, 2.622, -0.5253, -1.1380, -3.3596, 1.0417, 38.6301, 89.6569, 0, 1
1745407072.528, 2.792, 2.615, -0.5296, -1.1380, -3.3542, 1.0161, 38.6800, 89.6550, 0, 1
1745407072.607, 2.792, 2.608, -0.5341, -1.1380, -3.3487, 1.0063, 38.7354, 89.6548, 0, 1
1745407072.687, 2.792, 2.600, -0.5387, -1.1381, -3.3432, 1.0016, 38.7908, 89.6507, 0, 1
1745407072.767, 2.792, 2.592, -0.5434, -1.1381, -3.3377, 1.0044, 38.8364, 89.6453, 0, 1
1745407072.846, 2.792, 2.586, -0.5481, -1.1381, -3.3320, 0.9944, 38.8753, 89.6463, 0, 1
1745407072.926, 2.792, 2.578, -0.5530, -1.1381, -3.3262, 0.9875, 38.9052, 89.6393, 0, 1
1745407073.005, 2.792, 2.570, -0.5578, -1.1382, -3.3204, 0.9669, 38.9108, 89.6355, 0, 1
1745407073.085, 2.793, 2.563, -0.5626, -1.1382, -3.3146, 0.9681, 38.8978, 89.6100, 0, 1
1745407073.165, 2.793, 2.555, -0.5674, -1.1383, -3.3089, 0.9786, 38.8728, 89.5685, 0, 1
1745407073.244, 2.793, 2.547, -0.5720, -1.1384, -3.3034, 0.9910, 38.8449, 89.5310, 0, 1
1745407073.324, 2.793, 2.540, -0.5764, -1.1385, -3.2980, 1.0007, 38.8350, 89.4939, 0, 1
1745407073.404, 2.792, 2.534, -0.5809, -1.1385, -3.2927, 1.0073, 38.8345, 89.4627, 0, 1
1745407073.483, 2.792, 2.527, -0.5852, -1.1386, -3.2874, 0.9928, 38.8410, 89.4587, 0, 1
1745407073.563, 2.793, 2.520, -0.5897, -1.1388, -3.2820, 0.9799, 38.8612, 89.4663, 0, 1
1745407073.643, 2.794, 2.515, -0.5943, -1.1388, -3.2766, 0.9993, 38.8813, 89.4526, 0, 1
1745407073.722, 2.796, 2.507, -0.5990, -1.1388, -3.2710, 1.0260, 38.8875, 89.4337, 0, 1
1745407073.802, 2.797, 2.501, -0.6037, -1.1389, -3.2655, 1.0511, 38.9084, 89.4107, 0, 1
1745407073.882, 2.796, 2.494, -0.6085, -1.1389, -3.2598, 1.0602, 38.9592, 89.4002, 0, 1
1745407073.961, 2.795, 2.487, -0.6134, -1.1389, -3.2541, 1.0854, 39.0018, 89.3662, 0, 1
1745407074.041, 2.795, 2.479, -0.6183, -1.1389, -3.2485, 1.1123, 39.0390, 89.3400, 0, 1
1745407074.120, 2.795, 2.472, -0.6232, -1.1389, -3.2428, 1.1346, 39.0816, 89.3220, 0, 1
1745407074.200, 2.793, 2.463, -0.6280, -1.1390, -3.2370, 1.1409, 39.1186, 89.3194, 0, 1
1745407074.280, 2.794, 2.456, -0.6329, -1.1390, -3.2313, 1.1598, 39.1216, 89.3032, 0, 1
1745407074.359, 2.793, 2.449, -0.6379, -1.1391, -3.2254, 1.1546, 39.1241, 89.3152, 0, 1
1745407074.439, 2.793, 2.442, -0.6428, -1.1392, -3.2193, 1.1381, 39.1201, 89.3242, 0, 1
1745407074.519, 2.793, 2.436, -0.6480, -1.1393, -3.2131, 1.1240, 39.1207, 89.3419, 0, 1
1745407074.598, 2.794, 2.428, -0.6533, -1.1393, -3.2068, 1.1474, 39.1148, 89.3291, 0, 1
1745407074.678, 2.795, 2.421, -0.6586, -1.1394, -3.2006, 1.1748, 39.1296, 89.3097, 0, 1
1745407074.757, 2.796, 2.415, -0.6639, -1.1394, -3.1943, 1.1956, 39.1490, 89.3001, 0, 1
1745407074.837, 2.796, 2.406, -0.6692, -1.1394, -3.1881, 1.2161, 39.1881, 89.2942, 0, 1
1745407074.917, 2.797, 2.397, -0.6746, -1.1393, -3.1818, 1.2352, 39.2438, 89.2707, 0, 1
1745407074.996, 2.798, 2.389, -0.6800, -1.1394, -3.1754, 1.2256, 39.3117, 89.2743, 0, 1
1745407075.076, 2.798, 2.381, -0.6854, -1.1394, -3.1689, 1.1960, 39.3699, 89.2944, 0, 1
1745407075.156, 2.796, 2.373, -0.6910, -1.1395, -3.1622, 1.1594, 39.4191, 89.3219, 0, 1
1745407075.235, 2.795, 2.365, -0.6965, -1.1395, -3.1555, 1.1261, 39.4659, 89.3443, 0, 1
1745407075.315, 2.795, 2.356, -0.7019, -1.1397, -3.1490, 1.0875, 39.4961, 89.3748, 0, 1
1745407075.395, 2.793, 2.349, -0.7072, -1.1398, -3.1425, 1.0581, 39.5261, 89.3980, 0, 1
1745407075.474, 2.793, 2.338, -0.7124, -1.1399, -3.1362, 1.0362, 39.5538, 89.4196, 0, 1
1745407075.554, 2.794, 2.327, -0.7176, -1.1400, -3.1300, 1.0181, 39.5739, 89.4423, 0, 1
1745407075.634, 2.794, 2.319, -0.7228, -1.1401, -3.1239, 1.0038, 39.5824, 89.4681, 0, 1
1745407075.713, 2.793, 2.311, -0.7282, -1.1402, -3.1176, 1.0140, 39.5909, 89.4890, 0, 1
1745407075.793, 2.793, 2.303, -0.7336, -1.1402, -3.1113, 1.0410, 39.5839, 89.4993, 0, 1
1745407075.873, 2.793, 2.295, -0.7393, -1.1402, -3.1048, 1.0791, 39.5979, 89.5054, 0, 1
1745407075.952, 2.795, 2.288, -0.7451, -1.1402, -3.0982, 1.1305, 39.6415, 89.4968, 0, 1
1745407076.032, 2.796, 2.280, -0.7510, -1.1402, -3.0916, 1.1984, 39.6815, 89.4793, 0, 1
1745407076.112, 2.797, 2.271, -0.7568, -1.1403, -3.0850, 1.2576, 39.7113, 89.4651, 0, 1
1745407076.191, 2.798, 2.262, -0.7627, -1.1404, -3.0783, 1.2691, 39.7482, 89.5027, 0, 1
1745407076.271, 2.796, 2.252, -0.7686, -1.1406, -3.0715, 1.2782, 39.7755, 89.5589, 0, 1
1745407076.350, 2.794, 2.242, -0.7744, -1.1407, -3.0648, 1.2837, 39.7842, 89.6191, 0, 1
1745407076.430, 2.792, 2.233, -0.7801, -1.1409, -3.0581, 1.2624, 39.7811, 89.6973, 0, 1
1745407076.510, 2.791, 2.224, -0.7857, -1.1410, -3.0515, 1.2387, 39.7945, 89.7885, 0, 1
1745407076.589, 2.791, 2.215, -0.7913, -1.1410, -3.0452, 1.2551, 39.8113, 89.8324, 0, 1
1745407076.669, 2.791, 2.207, -0.7966, -1.1410, -3.0390, 1.2719, 39.8152, 89.8536, 0, 1
1745407076.749, 2.791, 2.198, -0.8019, -1.1410, -3.0328, 1.2772, 39.8287, 89.8799, 0, 1
1745407076.828, 2.791, 2.190, -0.8073, -1.1411, -3.0266, 1.2852, 39.8739, 89.8918, 0, 1
1745407076.908, 2.791, 2.182, -0.8129, -1.1411, -3.0201, 1.2831, 39.9250, 89.8981, 0, 1
1745407076.988, 2.789, 2.174, -0.8185, -1.1412, -3.0135, 1.2546, 39.9779, 89.9182, 0, 1
1745407077.067, 2.790, 2.168, -0.8243, -1.1414, -3.0067, 1.2046, 40.0265, 89.9514, 0, 1
1745407077.147, 2.791, 2.159, -0.8303, -1.1416, -2.9997, 1.1640, 40.0636, 89.9773, 0, 1
1745407077.227, 2.792, 2.150, -0.8361, -1.1417, -2.9928, 1.1154, 40.1053, 90.0110, 0, 1
1745407077.306, 2.794, 2.141, -0.8418, -1.1419, -2.9860, 1.0723, 40.1451, 90.0351, 0, 1
1745407077.386, 2.793, 2.131, -0.8474, -1.1420, -2.9795, 1.0406, 40.1912, 90.0514, 0, 1
1745407077.465, 2.791, 2.122, -0.8528, -1.1421, -2.9732, 1.0394, 40.2267, 90.0295, 0, 1
1745407077.545, 2.789, 2.114, -0.8581, -1.1422, -2.9671, 1.0505, 40.2467, 90.0003, 0, 1
1745407077.625, 2.788, 2.106, -0.8634, -1.1424, -2.9611, 1.0751, 40.2462, 89.9728, 0, 1
1745407077.704, 2.787, 2.097, -0.8688, -1.1425, -2.9551, 1.1200, 40.2381, 89.9346, 0, 1
1745407077.784, 2.787, 2.089, -0.8744, -1.1427, -2.9489, 1.1744, 40.2223, 89.8924, 0, 1
1745407077.864, 2.789, 2.080, -0.8801, -1.1428, -2.9424, 1.2009, 40.2405, 89.8918, 0, 1
1745407077.943, 2.790, 2.071, -0.8859, -1.1429, -2.9359, 1.2537, 40.2775, 89.8773, 0, 1
1745407078.023, 2.791, 2.062, -0.8919, -1.1431, -2.9294, 1.3284, 40.3108, 89.8524, 0, 1
1745407078.103, 2.791, 2.052, -0.8979, -1.1432, -2.9227, 1.3423, 40.3492, 89.8721, 0, 1
1745407078.182, 2.792, 2.044, -0.9038, -1.1434, -2.9159, 1.3372, 40.3787, 89.9077, 0, 1
1745407078.262, 2.791, 2.035, -0.9098, -1.1436, -2.9092, 1.3483, 40.3763, 89.9423, 0, 1
1745407078.342, 2.792, 2.026, -0.9156, -1.1438, -2.9025, 1.3235, 40.3701, 90.0018, 0, 1
1745407078.421, 2.792, 2.017, -0.9213, -1.1439, -2.8959, 1.2749, 40.3672, 90.0665, 0, 1
1745407078.501, 2.791, 2.009, -0.9269, -1.1441, -2.8894, 1.2723, 40.3444, 90.0966, 0, 1
1745407078.581, 2.791, 2.001, -0.9325, -1.1442, -2.8831, 1.2949, 40.3224, 90.1001, 0, 1
1745407078.660, 2.791, 1.992, -0.9380, -1.1442, -2.8769, 1.3135, 40.3151, 90.0913, 0, 1
1745407078.740, 2.792, 1.984, -0.9435, -1.1444, -2.8706, 1.3278, 40.3202, 90.0790, 0, 1
1745407078.820, 2.793, 1.975, -0.9490, -1.1445, -2.8643, 1.3330, 40.3402, 90.0639, 0, 1
1745407078.899, 2.794, 1.967, -0.9547, -1.1446, -2.8577, 1.3241, 40.3817, 90.0661, 0, 1
1745407078.979, 2.795, 1.958, -0.9606, -1.1448, -2.8509, 1.2838, 40.4378, 90.0944, 0, 1
1745407079.059, 2.794, 1.950, -0.9666, -1.1450, -2.8439, 1.2363, 40.4844, 90.1360, 0, 1
1745407079.138, 2.794, 1.941, -0.9728, -1.1452, -2.8368, 1.1958, 40.5365, 90.1715, 0, 1
1745407079.218, 2.794, 1.931, -0.9788, -1.1454, -2.8297, 1.1669, 40.5812, 90.1925, 0, 1
1745407079.298, 2.797, 1.922, -0.9848, -1.1456, -2.8228, 1.1404, 40.6211, 90.2089, 0, 1
1745407079.377, 2.802, 1.913, -0.9905, -1.1458, -2.8163, 1.1361, 40.6458, 90.2199, 0, 1
1745407079.457, 2.806, 1.904, -0.9960, -1.1460, -2.8099, 1.1449, 40.6574, 90.2246, 0, 1
1745407079.536, 2.810, 1.894, -1.0015, -1.1461, -2.8038, 1.1646, 40.6575, 90.2251, 0, 1
1745407079.616, 2.813, 1.886, -1.0069, -1.1463, -2.7976, 1.1817, 40.6535, 90.2421, 0, 1
1745407079.696, 2.814, 1.877, -1.0125, -1.1465, -2.7915, 1.2052, 40.6551, 90.2428, 0, 1
1745407079.775, 2.813, 1.869, -1.0182, -1.1467, -2.7851, 1.2156, 40.6849, 90.2389, 0, 1
1745407079.855, 2.814, 1.861, -1.0242, -1.1468, -2.7785, 1.2546, 40.7421, 90.2098, 0, 1
1745407079.935, 2.815, 1.853, -1.0304, -1.1471, -2.7719, 1.2997, 40.8010, 90.1740, 0, 1
1745407080.014, 2.816, 1.844, -1.0365, -1.1474, -2.7651, 1.2967, 40.8652, 90.1653, 0, 1
1745407080.094, 2.815, 1.835, -1.0426, -1.1475, -2.7582, 1.2813, 40.9092, 90.1763, 0, 1
1745407080.173, 2.815, 1.825, -1.0487, -1.1476, -2.7514, 1.2752, 40.9199, 90.1860, 0, 1
1745407080.253, 2.813, 1.816, -1.0545, -1.1478, -2.7448, 1.2513, 40.9125, 90.2029, 0, 1
1745407080.333, 2.812, 1.806, -1.0603, -1.1479, -2.7383, 1.2175, 40.9003, 90.2209, 0, 1
1745407080.413, 2.812, 1.798, -1.0659, -1.1480, -2.7319, 1.2300, 40.8812, 90.2092, 0, 1
1745407080.492, 2.811, 1.788, -1.0716, -1.1481, -2.7256, 1.2597, 40.8670, 90.1802, 0, 1
1745407080.572, 2.813, 1.780, -1.0772, -1.1483, -2.7194, 1.2784, 40.8658, 90.1536, 0, 1
1745407080.651, 2.813, 1.771, -1.0829, -1.1485, -2.7132, 1.3089, 40.8748, 90.1167, 0, 1
1745407080.731, 2.814, 1.762, -1.0885, -1.1487, -2.7070, 1.3297, 40.9062, 90.0762, 0, 1
1745407080.811, 2.813, 1.754, -1.0943, -1.1488, -2.7005, 1.3340, 40.9417, 90.0474, 0, 1
1745407080.890, 2.813, 1.746, -1.1002, -1.1490, -2.6938, 1.2983, 40.9867, 90.0485, 0, 1
1745407080.970, 2.811, 1.737, -1.1062, -1.1492, -2.6869, 1.2672, 41.0144, 90.0584, 0, 1
1745407081.050, 2.811, 1.728, -1.1123, -1.1493, -2.6799, 1.2174, 41.0521, 90.0865, 0, 1
1745407081.129, 2.811, 1.720, -1.1184, -1.1496, -2.6730, 1.1869, 41.0734, 90.1080, 0, 1
1745407081.209, 2.810, 1.710, -1.1242, -1.1498, -2.6663, 1.1485, 41.0967, 90.1413, 0, 1
1745407081.288, 2.811, 1.701, -1.1295, -1.1499, -2.6603, 1.1364, 41.1074, 90.1642, 0, 1
1745407081.368, 2.811, 1.692, -1.1337, -1.1501, -2.6555, 1.1376, 41.1335, 90.1662, 0, 1
1745407081.448, 2.811, 1.684, -1.1367, -1.1502, -2.6521, 1.1474, 41.1534, 90.1596, 0, 1
1745407081.527, 2.812, 1.677, -1.1386, -1.1502, -2.6499, 1.1388, 41.1653, 90.1714, 0, 1
1745407081.607, 2.813, 1.672, -1.1395, -1.1502, -2.6489, 1.1434, 41.1700, 90.1694, 0, 1
1745407081.687, 2.812, 1.669, -1.1396, -1.1503, -2.6488, 1.1586, 41.1790, 90.1489, 0, 1
1745407081.766, 2.813, 1.668, -1.1395, -1.1503, -2.6489, 1.1725, 41.1835, 90.1336, 0, 1
1745407081.846, 2.811, 1.668, -1.1395, -1.1503, -2.6488, 1.1777, 41.1837, 90.1260, 0, 1
1745407081.926, 2.810, 1.668, -1.1395, -1.1503, -2.6489, 1.1847, 41.1849, 90.1193, 0, 1
1745407082.005, 2.810, 1.668, -1.1395, -1.1503, -2.6489, 1.1911, 41.1863, 90.1122, 0, 1
1745407082.085, 2.810, 1.668, -1.1395, -1.1503, -2.6489, 1.1950, 41.1861, 90.1099, 0, 1
1745407082.165, 2.811, 1.668, -1.1395, -1.1503, -2.6489, 1.1996, 41.1858, 90.1057, 0, 1
1745407082.244, 2.811, 1.668, -1.1395, -1.1503, -2.6489, 1.2025, 41.1850, 90.1039, 0, 1
1745407082.324, 2.811, 1.668, -1.1394, -1.1503, -2.6489, 1.2048, 41.1844, 90.1034, 0, 1
1745407082.404, 2.810, 1.668, -1.1394, -1.1503, -2.6489, 1.2065, 41.1844, 90.1040, 0, 1
1745407082.483, 2.810, 1.668, -1.1395, -1.1504, -2.6489, 1.2070, 41.1847, 90.1080, 0, 1
1745407082.563, 2.811, 1.668, -1.1394, -1.1504, -2.6489, 1.2060, 41.1855, 90.1124, 0, 1
1745407082.643, 2.811, 1.667, -1.1394, -1.1503, -2.6489, 1.2067, 41.1838, 90.1161, 0, 1
1745407082.722, 2.811, 1.668, -1.1394, -1.1503, -2.6489, 1.2052, 41.1823, 90.1180, 0, 1
1745407082.802, 2.811, 1.668, -1.1394, -1.1504, -2.6489, 1.2055, 41.1799, 90.1171, 0, 1
1745407082.881, 2.810, 1.668, -1.1394, -1.1504, -2.6489, 1.2069, 41.1795, 90.1128, 0, 1
1745407082.961, 2.810, 1.668, -1.1394, -1.1504, -2.6489, 1.2084, 41.1796, 90.1089, 0, 1
1745407083.041, 2.812, 1.668, -1.1394, -1.1504, -2.6489, 1.2088, 41.1812, 90.1049, 0, 1
1745407083.120, 2.813, 1.668, -1.1394, -1.1504, -2.6489, 1.2079, 41.1834, 90.1040, 0, 1
1745407083.200, 2.813, 1.668, -1.1394, -1.1504, -2.6489, 1.2059, 41.1875, 90.1066, 0, 1
1745407083.280, 2.813, 1.668, -1.1394, -1.1504, -2.6489, 1.2028, 41.1910, 90.1104, 0, 1
1745407083.359, 2.812, 1.668, -1.1394, -1.1504, -2.6489, 1.2003, 41.1920, 90.1134, 0, 1
1745407083.439, 2.810, 1.668, -1.1394, -1.1504, -2.6489, 1.1968, 41.1927, 90.1166, 0, 1
1745407083.519, 2.809, 1.668, -1.1393, -1.1504, -2.6489, 1.1958, 41.1920, 90.1168, 0, 1
1745407083.598, 2.811, 1.668, -1.1393, -1.1504, -2.6489, 1.1939, 41.1915, 90.1171, 0, 1
1745407083.678, 2.810, 1.668, -1.1393, -1.1504, -2.6489, 1.1921, 41.1897, 90.1177, 0, 1
1745407083.758, 2.810, 1.668, -1.1393, -1.1504, -2.6489, 1.1923, 41.1891, 90.1186, 0, 1
1745407083.837, 2.811, 1.668, -1.1393, -1.1504, -2.6489, 1.1924, 41.1898, 90.1210, 0, 1
1745407083.917, 2.812, 1.668, -1.1393, -1.1504, -2.6489, 1.1913, 41.1916, 90.1249, 0, 1
1745407083.996, 2.812, 1.668, -1.1393, -1.1504, -2.6489, 1.1916, 41.1908, 90.1233, 0, 1
1745407084.076, 2.812, 1.668, -1.1393, -1.1504, -2.6489, 1.1924, 41.1903, 90.1207, 0, 1
1745407084.156, 2.812, 1.668, -1.1393, -1.1505, -2.6489, 1.1915, 41.1903, 90.1167, 0, 1
1745407084.235, 2.811, 1.668, -1.1393, -1.1505, -2.6489, 1.1918, 41.1893, 90.1097, 0, 1
1745407084.315, 2.810, 1.668, -1.1393, -1.1505, -2.6489, 1.1930, 41.1879, 90.1043, 0, 1
1745407084.395, 2.810, 1.668, -1.1393, -1.1505, -2.6489, 1.1939, 41.1873, 90.1021, 0, 1
1745407084.474, 2.809, 1.668, -1.1393, -1.1505, -2.6489, 1.1936, 41.1869, 90.1014, 0, 1
1745407084.554, 2.809, 1.667, -1.1393, -1.1505, -2.6489, 1.1937, 41.1873, 90.1021, 0, 1
1745407084.634, 2.810, 1.667, -1.1393, -1.1505, -2.6489, 1.1927, 41.1883, 90.1043, 0, 1
1745407084.713, 2.811, 1.667, -1.1393, -1.1505, -2.6489, 1.1911, 41.1900, 90.1066, 0, 1
1745407084.793, 2.812, 1.667, -1.1393, -1.1505, -2.6489, 1.1909, 41.1920, 90.1088, 0, 1
1745407084.872, 2.812, 1.668, -1.1393, -1.1505, -2.6489, 1.1907, 41.1941, 90.1106, 0, 1
1745407084.952, 2.812, 1.668, -1.1392, -1.1505, -2.6489, 1.1890, 41.1969, 90.1141, 0, 1
1745407085.032, 2.810, 1.668, -1.1393, -1.1505, -2.6489, 1.1890, 41.1983, 90.1163, 0, 1
1745407085.112, 2.809, 1.669, -1.1393, -1.1505, -2.6489, 1.1876, 41.1994, 90.1164, 0, 1
1745407085.191, 2.809, 1.669, -1.1393, -1.1505, -2.6489, 1.1845, 41.1992, 90.1152, 0, 1
1745407085.271, 2.808, 1.669, -1.1393, -1.1505, -2.6489, 1.1846, 41.1990, 90.1127, 0, 1
1745407085.350, 2.808, 1.668, -1.1393, -1.1505, -2.6489, 1.1859, 41.1974, 90.1075, 0, 1
1745407085.430, 2.808, 1.668, -1.1392, -1.1505, -2.6489, 1.1871, 41.1966, 90.1036, 0, 1
1745407085.510, 2.808, 1.668, -1.1392, -1.1505, -2.6489, 1.1901, 41.1940, 90.1011, 0, 1
1745407085.589, 2.809, 1.668, -1.1392, -1.1505, -2.6489, 1.1944, 41.1937, 90.1001, 0, 1
1745407085.669, 2.809, 1.668, -1.1392, -1.1505, -2.6489, 1.1948, 41.1930, 90.1001, 0, 1
1745407085.749, 2.809, 1.668, -1.1390, -1.1505, -2.6491, 1.1963, 41.1815, 90.0995, 0, 1
1745407085.828, 2.809, 1.668, -1.1384, -1.1505, -2.6498, 1.2003, 41.1690, 90.0964, 0, 1
1745407085.908, 2.809, 1.668, -1.1370, -1.1505, -2.6514, 1.2092, 41.1284, 90.0895, 0, 1
1745407085.987, 2.809, 1.668, -1.1345, -1.1504, -2.6542, 1.2243, 41.0603, 90.0784, 0, 1
1745407086.067, 2.809, 1.671, -1.1309, -1.1503, -2.6583, 1.2451, 40.9719, 90.0711, 0, 1
1745407086.147, 2.810, 1.674, -1.1263, -1.1502, -2.6635, 1.2586, 40.8741, 90.0567, 0, 1
1745407086.226, 2.812, 1.678, -1.1210, -1.1500, -2.6695, 1.2878, 40.7579, 90.0302, 0, 1
1745407086.306, 2.812, 1.685, -1.1155, -1.1499, -2.6758, 1.3226, 40.6479, 89.9968, 0, 1
1745407086.386, 2.811, 1.693, -1.1101, -1.1497, -2.6821, 1.3580, 40.5460, 89.9677, 0, 1
1745407086.467, 2.812, 1.701, -1.1045, -1.1496, -2.6886, 1.3831, 40.4526, 89.9474, 0, 1
1745407086.545, 2.812, 1.709, -1.0988, -1.1493, -2.6950, 1.4008, 40.3757, 89.9524, 0, 1
1745407086.625, 2.812, 1.718, -1.0930, -1.1491, -2.7016, 1.4036, 40.3182, 89.9761, 0, 1
1745407086.704, 2.813, 1.726, -1.0871, -1.1490, -2.7084, 1.3865, 40.2751, 90.0162, 0, 1
1745407086.784, 2.813, 1.736, -1.0809, -1.1488, -2.7153, 1.3410, 40.2476, 90.0739, 0, 1
1745407086.864, 2.813, 1.745, -1.0747, -1.1486, -2.7223, 1.2963, 40.2156, 90.1227, 0, 1
1745407086.943, 2.812, 1.754, -1.0685, -1.1485, -2.7293, 1.2604, 40.1680, 90.1563, 0, 1
1745407087.023, 2.811, 1.763, -1.0624, -1.1484, -2.7362, 1.2280, 40.0939, 90.1874, 0, 1
1745407087.103, 2.810, 1.772, -1.0565, -1.1482, -2.7430, 1.2307, 40.0175, 90.2020, 0, 1
1745407087.182, 2.811, 1.781, -1.0508, -1.1480, -2.7497, 1.2468, 39.9217, 90.1995, 0, 1
1745407087.262, 2.812, 1.791, -1.0450, -1.1478, -2.7563, 1.2382, 39.8167, 90.2127, 0, 1
1745407087.342, 2.813, 1.800, -1.0391, -1.1474, -2.7631, 1.2511, 39.7115, 90.2270, 0, 1
1745407087.421, 2.813, 1.810, -1.0331, -1.1472, -2.7700, 1.2604, 39.6123, 90.2271, 0, 1
1745407087.501, 2.813, 1.819, -1.0269, -1.1470, -2.7771, 1.2280, 39.5120, 90.2470, 0, 1
1745407087.580, 2.812, 1.828, -1.0206, -1.1469, -2.7843, 1.1923, 39.4255, 90.2741, 0, 1
1745407087.660, 2.812, 1.837, -1.0143, -1.1467, -2.7917, 1.1965, 39.3522, 90.2553, 0, 1
1745407087.740, 2.813, 1.846, -1.0079, -1.1467, -2.7994, 1.1891, 39.2685, 90.2175, 0, 1
1745407087.819, 2.815, 1.856, -1.0014, -1.1468, -2.8072, 1.1800, 39.1962, 90.2013, 0, 1
1745407087.899, 2.815, 1.866, -0.9946, -1.1466, -2.8153, 1.1846, 39.1168, 90.1806, 0, 1
1745407087.979, 2.815, 1.876, -0.9877, -1.1463, -2.8238, 1.2203, 39.0242, 90.1269, 0, 1
1745407088.058, 2.814, 1.884, -0.9805, -1.1461, -2.8326, 1.2704, 38.9246, 90.0920, 0, 1
1745407088.138, 2.813, 1.895, -0.9731, -1.1458, -2.8417, 1.3079, 38.8370, 90.0796, 0, 1
1745407088.218, 2.812, 1.906, -0.9654, -1.1454, -2.8510, 1.3572, 38.7420, 90.0505, 0, 1
1745407088.297, 2.812, 1.918, -0.9576, -1.1451, -2.8604, 1.3951, 38.6675, 90.0252, 0, 1
1745407088.377, 2.813, 1.930, -0.9498, -1.1450, -2.8699, 1.4064, 38.6023, 90.0226, 0, 1
1745407088.457, 2.813, 1.942, -0.9418, -1.1448, -2.8795, 1.3800, 38.5463, 90.0308, 0, 1
1745407088.536, 2.814, 1.954, -0.9339, -1.1446, -2.8890, 1.3553, 38.4893, 90.0335, 0, 1
1745407088.616, 2.815, 1.967, -0.9263, -1.1443, -2.8984, 1.3487, 38.4192, 90.0266, 0, 1
1745407088.695, 2.814, 1.979, -0.9187, -1.1441, -2.9076, 1.3357, 38.3305, 90.0044, 0, 1
1745407088.775, 2.812, 1.992, -0.9111, -1.1439, -2.9168, 1.2968, 38.2292, 90.0019, 0, 1
1745407088.855, 2.810, 2.004, -0.9035, -1.1435, -2.9260, 1.2905, 38.1065, 89.9753, 0, 1
1745407088.934, 2.805, 2.016, -0.8958, -1.1433, -2.9354, 1.2683, 37.9927, 89.9535, 0, 1
1745407089.014, 2.800, 2.028, -0.8880, -1.1431, -2.9449, 1.2059, 37.8955, 89.9419, 0, 1
1745407089.094, 2.796, 2.039, -0.8800, -1.1431, -2.9545, 1.1486, 37.8077, 89.9632, 0, 1
1745407089.173, 2.791, 2.052, -0.8724, -1.1429, -2.9640, 1.1391, 37.7205, 89.9573, 0, 1
1745407089.253, 2.788, 2.065, -0.8649, -1.1429, -2.9735, 1.1150, 37.6405, 89.9730, 0, 1
1745407089.333, 2.786, 2.078, -0.8575, -1.1426, -2.9828, 1.1247, 37.5588, 89.9721, 0, 1
1745407089.412, 2.785, 2.091, -0.8503, -1.1424, -2.9920, 1.1473, 37.4600, 89.9742, 0, 1
1745407089.492, 2.784, 2.103, -0.8431, -1.1420, -3.0014, 1.2004, 37.3484, 89.9408, 0, 1
1745407089.572, 2.785, 2.115, -0.8357, -1.1417, -3.0108, 1.2088, 37.2408, 89.9390, 0, 1
1745407089.651, 2.785, 2.127, -0.8282, -1.1415, -3.0204, 1.2328, 37.1527, 89.9279, 0, 1
1745407089.731, 2.785, 2.139, -0.8205, -1.1414, -3.0302, 1.2263, 37.0700, 89.9250, 0, 1
1745407089.810, 2.785, 2.151, -0.8127, -1.1415, -3.0401, 1.2092, 36.9871, 89.9171, 0, 1
1745407089.890, 2.784, 2.164, -0.8047, -1.1414, -3.0503, 1.1830, 36.9109, 89.8990, 0, 1
1745407089.970, 2.786, 2.178, -0.7965, -1.1412, -3.0609, 1.1986, 36.8153, 89.8332, 0, 1
1745407090.050, 2.785, 2.191, -0.7881, -1.1411, -3.0717, 1.1625, 36.7158, 89.7731, 0, 1
1745407090.129, 2.786, 2.204, -0.7795, -1.1408, -3.0828, 1.1395, 36.5818, 89.7108, 0, 1
1745407090.209, 2.786, 2.218, -0.7705, -1.1406, -3.0943, 1.0989, 36.4659, 89.6632, 0, 1
1745407090.290, 2.785, 2.232, -0.7611, -1.1404, -3.1063, 1.0269, 36.3486, 89.6241, 0, 1
1745407090.368, 2.784, 2.247, -0.7516, -1.1404, -3.1186, 0.9545, 36.2355, 89.5973, 0, 1
1745407090.448, 2.784, 2.262, -0.7420, -1.1403, -3.1312, 0.9384, 36.1273, 89.5702, 0, 1
1745407090.528, 2.783, 2.278, -0.7325, -1.1403, -3.1439, 0.9370, 36.0359, 89.5366, 0, 1
1745407090.607, 2.781, 2.293, -0.7232, -1.1403, -3.1564, 0.9727, 35.9359, 89.4820, 0, 1
1745407090.687, 2.781, 2.310, -0.7142, -1.1402, -3.1686, 1.0229, 35.8252, 89.4540, 0, 1
1745407090.766, 2.779, 2.327, -0.7052, -1.1402, -3.1807, 1.0460, 35.7501, 89.4487, 0, 1
1745407090.846, 2.780, 2.344, -0.6963, -1.1401, -3.1927, 1.0452, 35.6630, 89.4362, 0, 1
1745407090.925, 2.779, 2.358, -0.6872, -1.1400, -3.2047, 1.0128, 35.5824, 89.4570, 0, 1
1745407091.005, 2.779, 2.373, -0.6780, -1.1399, -3.2170, 0.9686, 35.5085, 89.4979, 0, 1
1745407091.085, 2.779, 2.387, -0.6688, -1.1398, -3.2294, 0.9551, 35.4422, 89.4975, 0, 1
1745407091.165, 2.778, 2.403, -0.6596, -1.1397, -3.2418, 0.9335, 35.3372, 89.5081, 0, 1
1745407091.244, 2.777, 2.419, -0.6505, -1.1395, -3.2541, 0.9145, 35.2136, 89.5276, 0, 1
1745407091.324, 2.777, 2.435, -0.6415, -1.1395, -3.2663, 0.9015, 35.0869, 89.5372, 0, 1
1745407091.403, 2.778, 2.451, -0.6325, -1.1393, -3.2786, 0.8913, 34.9477, 89.5405, 0, 1
1745407091.483, 2.776, 2.466, -0.6237, -1.1393, -3.2907, 0.8638, 34.8186, 89.5778, 0, 1
1745407091.562, 2.776, 2.480, -0.6149, -1.1393, -3.3029, 0.8510, 34.7052, 89.6123, 0, 1
1745407091.642, 2.775, 2.494, -0.6062, -1.1392, -3.3151, 0.8489, 34.6015, 89.6441, 0, 1
1745407091.722, 2.775, 2.509, -0.5976, -1.1392, -3.3273, 0.8723, 34.5043, 89.6539, 0, 1
1745407091.801, 2.775, 2.524, -0.5891, -1.1391, -3.3394, 0.9000, 34.4142, 89.6735, 0, 1
1745407091.881, 2.774, 2.539, -0.5805, -1.1391, -3.3515, 0.9221, 34.3210, 89.7063, 0, 1
1745407091.961, 2.774, 2.554, -0.5719, -1.1389, -3.3637, 0.9627, 34.2581, 89.7220, 0, 1
1745407092.040, 2.772, 2.569, -0.5631, -1.1388, -3.3762, 0.9881, 34.2237, 89.7417, 0, 1
1745407092.120, 2.770, 2.584, -0.5544, -1.1386, -3.3887, 1.0349, 34.1959, 89.7394, 0, 1
1745407092.200, 2.767, 2.600, -0.5455, -1.1385, -3.4013, 1.0370, 34.1482, 89.7355, 0, 1
1745407092.279, 2.766, 2.616, -0.5366, -1.1383, -3.4138, 1.0167, 34.0957, 89.7300, 0, 1
1745407092.359, 2.764, 2.632, -0.5277, -1.1380, -3.4261, 0.9746, 34.0328, 89.7305, 0, 1
1745407092.439, 2.764, 2.649, -0.5189, -1.1379, -3.4383, 0.9163, 33.9712, 89.7345, 0, 1
1745407092.518, 2.763, 2.663, -0.5100, -1.1378, -3.4506, 0.8228, 33.9070, 89.7443, 0, 1
1745407092.598, 2.762, 2.679, -0.5011, -1.1377, -3.4629, 0.7793, 33.8542, 89.7322, 0, 1
1745407092.677, 2.762, 2.694, -0.4923, -1.1376, -3.4754, 0.7689, 33.7964, 89.7039, 0, 1
1745407092.757, 2.760, 2.710, -0.4837, -1.1375, -3.4880, 0.8000, 33.7261, 89.6539, 0, 1
1745407092.837, 2.760, 2.726, -0.4754, -1.1375, -3.5002, 0.8470, 33.6339, 89.5976, 0, 1
1745407092.916, 2.760, 2.742, -0.4685, -1.1374, -3.5104, 0.8968, 33.5459, 89.5720, 0, 1
1745407092.996, 2.759, 2.756, -0.4635, -1.1373, -3.5179, 0.9366, 33.4878, 89.5622, 0, 1
1745407093.076, 2.758, 2.769, -0.4602, -1.1374, -3.5229, 0.9707, 33.4548, 89.5460, 0, 1
1745407093.155, 2.757, 2.775, -0.4585, -1.1374, -3.5253, 0.9723, 33.4362, 89.5464, 0, 1
1745407093.235, 2.757, 2.781, -0.4583, -1.1373, -3.5257, 0.9759, 33.4350, 89.5491, 0, 1
1745407093.315, 2.756, 2.786, -0.4585, -1.1374, -3.5254, 0.9791, 33.4409, 89.5489, 0, 1
1745407093.394, 2.756, 2.786, -0.4586, -1.1373, -3.5253, 0.9751, 33.4431, 89.5532, 0, 1
1745407093.474, 2.756, 2.786, -0.4586, -1.1373, -3.5253, 0.9676, 33.4431, 89.5591, 0, 1
1745407093.554, 2.757, 2.787, -0.4587, -1.1373, -3.5253, 0.9623, 33.4452, 89.5632, 0, 1
1745407093.633, 2.757, 2.787, -0.4587, -1.1373, -3.5252, 0.9573, 33.4497, 89.5677, 0, 1
1745407093.713, 2.757, 2.787, -0.4588, -1.1373, -3.5252, 0.9530, 33.4526, 89.5705, 0, 1
1745407093.793, 2.757, 2.789, -0.4587, -1.1373, -3.5252, 0.9535, 33.4574, 89.5681, 0, 1
1745407093.872, 2.757, 2.789, -0.4588, -1.1373, -3.5252, 0.9561, 33.4622, 89.5667, 0, 1
1745407093.952, 2.757, 2.789, -0.4588, -1.1372, -3.5251, 0.9600, 33.4651, 89.5645, 0, 1
1745407094.032, 2.758, 2.790, -0.4588, -1.1372, -3.5252, 0.9622, 33.4653, 89.5631, 0, 1
1745407094.111, 2.758, 2.791, -0.4588, -1.1372, -3.5251, 0.9647, 33.4676, 89.5617, 0, 1
1745407094.191, 2.757, 2.791, -0.4588, -1.1372, -3.5251, 0.9645, 33.4674, 89.5620, 0, 1
1745407094.271, 2.757, 2.789, -0.4589, -1.1372, -3.5251, 0.9639, 33.4654, 89.5585, 0, 1
1745407094.350, 2.757, 2.788, -0.4589, -1.1372, -3.5251, 0.9615, 33.4628, 89.5566, 1, 1
1745407094.430, 2.757, 2.787, -0.4589, -1.1372, -3.5251, 0.9612, 33.4620, 89.5540, 1, 1
1745407094.509, 2.757, 2.785, -0.4589, -1.1372, -3.5251, 0.9619, 33.4589, 89.5504, 1, 1
1745407115.078, 2.897, 2.791, -0.3425, -1.1345, -3.4386, 1.0762, 35.3505, 89.5338, 0, 1
1745407115.556, 3.455, 2.825, 0.1232, -1.1236, -3.0930, 1.5186, 42.9230, 89.4780, 1, 1
1745407115.635, 3.455, 2.825, 0.1232, -1.1236, -3.0929, 1.5166, 42.9232, 89.4767, 1, 1
1745407115.715, 3.454, 2.825, 0.1233, -1.1236, -3.0930, 1.5183, 42.9232, 89.4731, 1, 1
1745407116.591, 3.453, 2.826, 0.1233, -1.1237, -3.0929, 1.5172, 42.9217, 89.4717, 0, 1
1745407116.671, 3.453, 2.825, 0.1233, -1.1237, -3.0929, 1.5170, 42.9185, 89.4703, 0, 1
1745407116.750, 3.452, 2.825, 0.1233, -1.1237, -3.0929, 1.5189, 42.9165, 89.4692, 0, 1
1745407116.830, 3.453, 2.826, 0.1233, -1.1237, -3.0930, 1.5214, 42.9148, 89.4691, 0, 1
1745407116.910, 3.454, 2.828, 0.1233, -1.1236, -3.0929, 1.5203, 42.9152, 89.4714, 0, 1
1745407116.989, 3.454, 2.828, 0.1233, -1.1236, -3.0929, 1.5191, 42.9152, 89.4752, 0, 1
1745407117.069, 3.454, 2.828, 0.1233, -1.1236, -3.0929, 1.5178, 42.9148, 89.4787, 0, 1
1745407117.149, 3.455, 2.828, 0.1233, -1.1236, -3.0929, 1.5172, 42.9147, 89.4787, 0, 1
1745407117.228, 3.453, 2.827, 0.1233, -1.1236, -3.0930, 1.5157, 42.9143, 89.4765, 0, 1
1745407117.308, 3.453, 2.826, 0.1233, -1.1236, -3.0929, 1.5157, 42.9132, 89.4730, 0, 1
1745407117.387, 3.452, 2.825, 0.1233, -1.1237, -3.0929, 1.5192, 42.9134, 89.4655, 0, 1
1745407117.467, 3.452, 2.826, 0.1233, -1.1237, -3.0930, 1.5216, 42.9161, 89.4584, 0, 1
1745407117.547, 3.451, 2.826, 0.1234, -1.1236, -3.0930, 1.5255, 42.9176, 89.4538, 0, 1
1745407117.626, 3.451, 2.826, 0.1234, -1.1237, -3.0930, 1.5286, 42.9199, 89.4511, 0, 1
1745407117.706, 3.451, 2.828, 0.1234, -1.1236, -3.0930, 1.5328, 42.9214, 89.4488, 0, 1
1745407117.786, 3.451, 2.828, 0.1234, -1.1236, -3.0930, 1.5351, 42.9236, 89.4481, 0, 1
1745407117.865, 3.452, 2.826, 0.1234, -1.1236, -3.0930, 1.5368, 42.9243, 89.4466, 0, 1
1745407117.945, 3.453, 2.827, 0.1234, -1.1237, -3.0930, 1.5365, 42.9267, 89.4480, 0, 1
1745407118.025, 3.454, 2.827, 0.1234, -1.1237, -3.0930, 1.5372, 42.9291, 89.4488, 0, 1
1745407118.104, 3.455, 2.825, 0.1234, -1.1237, -3.0930, 1.5393, 42.9303, 89.4462, 0, 1
1745407118.184, 3.456, 2.825, 0.1234, -1.1237, -3.0930, 1.5366, 42.9309, 89.4485, 0, 1
1745407118.264, 3.455, 2.826, 0.1234, -1.1237, -3.0930, 1.5372, 42.9301, 89.4512, 0, 1
1745407118.343, 3.454, 2.826, 0.1234, -1.1237, -3.0930, 1.5364, 42.9272, 89.4531, 0, 1
1745407118.542, 3.454, 2.826, 0.1234, -1.1237, -3.0930, 1.5334, 42.9222, 89.4565, 0, 1
1745407118.622, 3.453, 2.827, 0.1234, -1.1237, -3.0930, 1.5287, 42.9196, 89.4629, 0, 1
1745407118.702, 3.452, 2.829, 0.1234, -1.1237, -3.0930, 1.5292, 42.9190, 89.4636, 0, 1
1745407118.781, 3.452, 2.830, 0.1234, -1.1237, -3.0930, 1.5292, 42.9200, 89.4645, 0, 1
1745407118.861, 3.452, 2.829, 0.1234, -1.1237, -3.0930, 1.5293, 42.9228, 89.4636, 0, 1
1745407118.941, 3.452, 2.828, 0.1234, -1.1237, -3.0930, 1.5298, 42.9277, 89.4623, 0, 1
1745407119.020, 3.453, 2.826, 0.1234, -1.1237, -3.0930, 1.5317, 42.9299, 89.4584, 0, 1
1745407119.100, 3.453, 2.826, 0.1234, -1.1237, -3.0930, 1.5336, 42.9271, 89.4556, 0, 1
1745407119.180, 3.453, 2.825, 0.1233, -1.1237, -3.0929, 1.5566, 42.9557, 89.4348, 0, 1
1745407119.259, 3.453, 2.825, 0.1229, -1.1237, -3.0924, 1.5701, 42.9607, 89.4194, 0, 1
1745407119.339, 3.454, 2.825, 0.1218, -1.1237, -3.0913, 1.5778, 42.9490, 89.4095, 0, 1
1745407119.419, 3.454, 2.825, 0.1198, -1.1237, -3.0892, 1.5862, 42.9193, 89.3988, 0, 1
1745407119.498, 3.454, 2.823, 0.1171, -1.1238, -3.0862, 1.5855, 42.8826, 89.3964, 0, 1
1745407119.578, 3.454, 2.821, 0.1137, -1.1239, -3.0824, 1.5530, 42.8039, 89.4144, 0, 1
1745407119.657, 3.454, 2.815, 0.1100, -1.1240, -3.0783, 1.5285, 42.7348, 89.4276, 0, 1
1745407119.737, 3.454, 2.810, 0.1064, -1.1241, -3.0743, 1.5010, 42.6756, 89.4412, 0, 1
1745407119.817, 3.452, 2.804, 0.1030, -1.1242, -3.0705, 1.4673, 42.6244, 89.4550, 0, 1
1745407119.896, 3.452, 2.800, 0.0995, -1.1244, -3.0667, 1.4308, 42.5738, 89.4675, 0, 1
1745407119.976, 3.452, 2.795, 0.0960, -1.1244, -3.0627, 1.3916, 42.5182, 89.4765, 0, 1
1745407120.056, 3.452, 2.791, 0.0919, -1.1245, -3.0583, 1.3535, 42.4672, 89.4850, 0, 1
1745407120.135, 3.450, 2.787, 0.0873, -1.1245, -3.0532, 1.3244, 42.4335, 89.4923, 0, 1
1745407120.215, 3.450, 2.783, 0.0823, -1.1245, -3.0477, 1.3054, 42.4096, 89.5032, 0, 1
1745407120.295, 3.451, 2.776, 0.0771, -1.1245, -3.0422, 1.3021, 42.3865, 89.5017, 0, 1
1745407120.374, 3.450, 2.767, 0.0719, -1.1245, -3.0366, 1.3264, 42.3604, 89.4903, 0, 1
1745407120.454, 3.450, 2.759, 0.0668, -1.1245, -3.0312, 1.3565, 42.3354, 89.4804, 0, 1
1745407120.534, 3.449, 2.752, 0.0618, -1.1245, -3.0260, 1.3736, 42.3012, 89.4735, 0, 1
1745407120.613, 3.449, 2.745, 0.0568, -1.1246, -3.0205, 1.3935, 42.2440, 89.4570, 0, 1
1745407120.693, 3.449, 2.738, 0.0516, -1.1248, -3.0149, 1.4294, 42.1612, 89.4359, 0, 1
1745407120.772, 3.448, 2.732, 0.0463, -1.1249, -3.0091, 1.4336, 42.0908, 89.4331, 0, 1
1745407120.852, 3.448, 2.725, 0.0410, -1.1250, -3.0032, 1.4203, 42.0107, 89.4292, 0, 1
1745407120.932, 3.449, 2.717, 0.0357, -1.1252, -2.9974, 1.4281, 41.9185, 89.4116, 0, 1
1745407121.011, 3.448, 2.708, 0.0305, -1.1253, -2.9916, 1.4329, 41.8358, 89.4033, 0, 1
1745407121.091, 3.448, 2.700, 0.0254, -1.1254, -2.9860, 1.4170, 41.7753, 89.4099, 0, 1
1745407121.171, 3.447, 2.691, 0.0204, -1.1255, -2.9804, 1.4199, 41.7085, 89.4144, 0, 1
1745407121.251, 3.447, 2.684, 0.0154, -1.1256, -2.9749, 1.4488, 41.6486, 89.4116, 0, 1
1745407121.330, 3.446, 2.677, 0.0103, -1.1256, -2.9695, 1.4834, 41.5869, 89.4066, 0, 1
1745407121.410, 3.445, 2.670, 0.0053, -1.1257, -2.9640, 1.5118, 41.5225, 89.4036, 0, 1
1745407121.489, 3.444, 2.662, 0.0002, -1.1258, -2.9584, 1.5442, 41.4637, 89.3907, 0, 1
1745407121.569, 3.443, 2.654, -0.0050, -1.1260, -2.9528, 1.5843, 41.4077, 89.3602, 0, 1
1745407121.649, 3.443, 2.646, -0.0102, -1.1260, -2.9471, 1.6023, 41.3631, 89.3411, 0, 1
1745407121.728, 3.443, 2.638, -0.0154, -1.1261, -2.9413, 1.6127, 41.3163, 89.3268, 0, 1
1745407121.808, 3.441, 2.629, -0.0207, -1.1262, -2.9354, 1.6064, 41.2630, 89.3250, 0, 1
1745407121.888, 3.440, 2.622, -0.0258, -1.1262, -2.9294, 1.5784, 41.2122, 89.3389, 0, 1
1745407121.967, 3.440, 2.616, -0.0310, -1.1263, -2.9234, 1.5304, 41.1601, 89.3734, 0, 1
1745407122.047, 3.440, 2.609, -0.0361, -1.1264, -2.9173, 1.4691, 41.0903, 89.4112, 0, 1
1745407122.127, 3.437, 2.602, -0.0413, -1.1265, -2.9112, 1.3951, 41.0155, 89.4484, 0, 1
1745407122.206, 3.437, 2.595, -0.0466, -1.1267, -2.9049, 1.3292, 40.9498, 89.4739, 0, 1
1745407122.286, 3.436, 2.586, -0.0522, -1.1269, -2.8984, 1.2722, 40.8994, 89.5057, 0, 1
1745407122.365, 3.437, 2.576, -0.0582, -1.1269, -2.8913, 1.2387, 40.8362, 89.5192, 0, 1
1745407122.445, 3.436, 2.567, -0.0647, -1.1270, -2.8840, 1.2417, 40.7788, 89.5124, 0, 1
1745407122.525, 3.438, 2.558, -0.0716, -1.1270, -2.8761, 1.2552, 40.7304, 89.5052, 0, 1
1745407122.604, 3.440, 2.549, -0.0788, -1.1270, -2.8679, 1.2945, 40.6752, 89.4764, 0, 1
1745407122.684, 3.442, 2.540, -0.0862, -1.1271, -2.8597, 1.3641, 40.5654, 89.4281, 0, 1
1745407122.764, 3.441, 2.530, -0.0934, -1.1273, -2.8515, 1.3961, 40.4564, 89.4016, 0, 1
1745407122.843, 3.441, 2.519, -0.1004, -1.1276, -2.8433, 1.4039, 40.3473, 89.3856, 0, 1
1745407122.923, 3.443, 2.507, -0.1074, -1.1277, -2.8353, 1.4109, 40.2382, 89.3770, 0, 1
1745407123.003, 3.444, 2.497, -0.1141, -1.1278, -2.8273, 1.4023, 40.1317, 89.3917, 0, 1
1745407123.082, 3.444, 2.486, -0.1207, -1.1279, -2.8194, 1.3784, 40.0502, 89.4078, 0, 1
1745407123.162, 3.445, 2.474, -0.1274, -1.1280, -2.8115, 1.3786, 39.9797, 89.4194, 0, 1
1745407123.242, 3.447, 2.466, -0.1341, -1.1280, -2.8037, 1.3902, 39.9209, 89.4249, 0, 1
1745407123.321, 3.446, 2.457, -0.1408, -1.1283, -2.7959, 1.4114, 39.8556, 89.4140, 0, 1
1745407123.401, 3.446, 2.446, -0.1476, -1.1284, -2.7880, 1.4184, 39.8004, 89.3999, 0, 1
1745407123.480, 3.445, 2.436, -0.1544, -1.1284, -2.7799, 1.4051, 39.7422, 89.3930, 0, 1
1745407123.560, 3.445, 2.426, -0.1611, -1.1286, -2.7719, 1.3661, 39.6902, 89.4033, 0, 1
1745407123.640, 3.445, 2.414, -0.1678, -1.1287, -2.7636, 1.3102, 39.6236, 89.4156, 0, 1
1745407123.719, 3.446, 2.403, -0.1745, -1.1288, -2.7554, 1.2278, 39.5513, 89.4446, 0, 1
1745407123.799, 3.447, 2.393, -0.1811, -1.1289, -2.7473, 1.1600, 39.4797, 89.4660, 0, 1
1745407123.879, 3.448, 2.381, -0.1876, -1.1291, -2.7393, 1.1116, 39.4309, 89.4840, 0, 1
1745407123.958, 3.448, 2.371, -0.1941, -1.1290, -2.7314, 1.0996, 39.3767, 89.4646, 0, 1
1745407124.038, 3.449, 2.360, -0.2007, -1.1291, -2.7236, 1.1151, 39.3206, 89.4443, 0, 1
1745407124.118, 3.449, 2.350, -0.2074, -1.1291, -2.7156, 1.1459, 39.2845, 89.4255, 0, 1
1745407124.197, 3.449, 2.341, -0.2142, -1.1292, -2.7076, 1.1886, 39.2422, 89.3967, 0, 1
1745407124.277, 3.449, 2.331, -0.2211, -1.1293, -2.6994, 1.2521, 39.1686, 89.3625, 0, 1
1745407124.356, 3.449, 2.321, -0.2282, -1.1295, -2.6909, 1.2730, 39.0952, 89.3626, 0, 1
1745407124.436, 3.448, 2.311, -0.2351, -1.1294, -2.6824, 1.2710, 39.0383, 89.3781, 0, 1
1745407124.516, 3.448, 2.300, -0.2420, -1.1295, -2.6740, 1.2777, 38.9683, 89.3902, 0, 1
1745407124.595, 3.448, 2.289, -0.2488, -1.1297, -2.6657, 1.2775, 38.9065, 89.4100, 0, 1
1745407124.675, 3.448, 2.278, -0.2554, -1.1298, -2.6575, 1.2675, 38.8553, 89.4407, 0, 1
1745407124.755, 3.447, 2.268, -0.2621, -1.1298, -2.6494, 1.2938, 38.8194, 89.4457, 0, 1
1745407124.834, 3.449, 2.258, -0.2689, -1.1298, -2.6414, 1.3437, 38.7771, 89.4374, 0, 1
1745407124.914, 3.449, 2.248, -0.2757, -1.1300, -2.6332, 1.3846, 38.7586, 89.4423, 0, 1
1745407124.993, 3.450, 2.238, -0.2828, -1.1300, -2.6247, 1.4386, 38.7351, 89.4428, 0, 1
1745407125.073, 3.451, 2.227, -0.2900, -1.1301, -2.6159, 1.4514, 38.7333, 89.4582, 0, 1
1745407125.153, 3.451, 2.215, -0.2974, -1.1303, -2.6066, 1.4423, 38.7062, 89.4842, 0, 1
1745407125.232, 3.451, 2.203, -0.3052, -1.1306, -2.5970, 1.3961, 38.6726, 89.5330, 0, 1
1745407125.312, 3.451, 2.191, -0.3130, -1.1308, -2.5870, 1.3475, 38.6295, 89.5659, 0, 1
1745407125.392, 3.451, 2.179, -0.3211, -1.1310, -2.5768, 1.2853, 38.6065, 89.6174, 0, 1
1745407125.471, 3.451, 2.166, -0.3292, -1.1312, -2.5668, 1.2912, 38.5661, 89.6453, 0, 1
1745407125.551, 3.451, 2.154, -0.3374, -1.1313, -2.5569, 1.3253, 38.5368, 89.6778, 0, 1
1745407125.631, 3.451, 2.140, -0.3455, -1.1313, -2.5470, 1.3975, 38.5192, 89.6911, 0, 1
1745407125.710, 3.452, 2.127, -0.3537, -1.1315, -2.5372, 1.4864, 38.4653, 89.7079, 0, 1
1745407125.790, 3.453, 2.114, -0.3620, -1.1316, -2.5271, 1.5518, 38.3723, 89.7241, 0, 1
1745407125.869, 3.453, 2.100, -0.3703, -1.1320, -2.5169, 1.5841, 38.2866, 89.7443, 0, 1
1745407125.949, 3.453, 2.087, -0.3787, -1.1323, -2.5064, 1.6159, 38.1853, 89.7578, 0, 1
1745407126.029, 3.458, 2.073, -0.3872, -1.1326, -2.4958, 1.6388, 38.0677, 89.7966, 0, 1
1745407126.108, 3.463, 2.059, -0.3957, -1.1327, -2.4852, 1.6624, 37.9673, 89.8214, 0, 1
1745407126.188, 3.469, 2.046, -0.4042, -1.1330, -2.4747, 1.7138, 37.8893, 89.8348, 0, 1
1745407126.268, 3.475, 2.033, -0.4128, -1.1332, -2.4640, 1.7688, 37.7946, 89.8245, 0, 1
1745407126.347, 3.480, 2.020, -0.4214, -1.1335, -2.4532, 1.7848, 37.7251, 89.8147, 0, 1
1745407126.427, 3.482, 2.006, -0.4301, -1.1338, -2.4419, 1.7762, 37.6512, 89.7940, 0, 1
1745407126.507, 3.483, 1.993, -0.4390, -1.1341, -2.4304, 1.7332, 37.5783, 89.8059, 0, 1
1745407126.586, 3.484, 1.979, -0.4479, -1.1344, -2.4188, 1.6790, 37.5138, 89.8217, 0, 1
1745407126.666, 3.485, 1.964, -0.4566, -1.1346, -2.4072, 1.6223, 37.4461, 89.8524, 0, 1
1745407126.746, 3.486, 1.949, -0.4653, -1.1348, -2.3959, 1.6122, 37.3345, 89.8638, 0, 1
1745407126.825, 3.488, 1.939, -0.4737, -1.1351, -2.3849, 1.6146, 37.2258, 89.8514, 0, 1
1745407126.905, 3.489, 1.925, -0.4821, -1.1353, -2.3741, 1.6801, 37.0766, 89.7967, 0, 1
1745407126.984, 3.489, 1.911, -0.4905, -1.1356, -2.3632, 1.7029, 36.9022, 89.7586, 0, 1
1745407127.064, 3.491, 1.897, -0.4989, -1.1359, -2.3521, 1.7188, 36.7127, 89.7265, 0, 1
1745407127.144, 3.493, 1.883, -0.5075, -1.1361, -2.3406, 1.7315, 36.5378, 89.7142, 0, 1
1745407127.225, 3.495, 1.869, -0.5165, -1.1363, -2.3286, 1.7592, 36.3385, 89.7008, 0, 1
1745407127.303, 3.497, 1.856, -0.5258, -1.1365, -2.3159, 1.7578, 36.1763, 89.6871, 0, 1
1745407127.383, 3.500, 1.841, -0.5357, -1.1367, -2.3026, 1.7874, 36.0293, 89.6587, 0, 1
1745407127.462, 3.502, 1.826, -0.5460, -1.1370, -2.2884, 1.7677, 35.9117, 89.6573, 0, 1
1745407157.230, 3.501, 1.371, -0.8697, -1.1436, -1.9634, 1.4185, 51.3175, 87.7273, 0, 1
1745407157.309, 3.497, 1.361, -0.8723, -1.1437, -1.9615, 1.4314, 51.2140, 87.7220, 0, 1
1745407157.389, 3.494, 1.350, -0.8722, -1.1437, -1.9618, 1.4996, 51.2372, 87.6076, 0, 1
1745407157.469, 3.492, 1.344, -0.8712, -1.1437, -1.9627, 1.5534, 51.2677, 87.5098, 0, 1
1745407157.548, 3.490, 1.344, -0.8705, -1.1437, -1.9633, 1.5545, 51.2704, 87.4934, 0, 1
1745407157.628, 3.490, 1.345, -0.8702, -1.1437, -1.9636, 1.5638, 51.2600, 87.4694, 0, 1
1745407157.707, 3.490, 1.346, -0.8701, -1.1436, -1.9636, 1.5643, 51.2554, 87.4625, 0, 1
1745407157.787, 3.490, 1.346, -0.8701, -1.1436, -1.9636, 1.5550, 51.2522, 87.4681, 0, 1
1745407157.869, 3.491, 1.347, -0.8701, -1.1436, -1.9636, 1.5524, 51.2519, 87.4653, 0, 1
1745407157.946, 3.491, 1.346, -0.8701, -1.1436, -1.9636, 1.5555, 51.2525, 87.4588, 0, 1
1745407158.026, 3.492, 1.347, -0.8701, -1.1436, -1.9636, 1.5599, 51.2531, 87.4519, 0, 1
1745407158.106, 3.493, 1.347, -0.8700, -1.1436, -1.9636, 1.5618, 51.2526, 87.4453, 0, 1
1745407158.185, 3.492, 1.347, -0.8700, -1.1436, -1.9636, 1.5664, 51.2523, 87.4377, 0, 1
1745407158.265, 3.491, 1.347, -0.8701, -1.1436, -1.9636, 1.5687, 51.2516, 87.4351, 0, 1
1745407158.345, 3.490, 1.347, -0.8700, -1.1436, -1.9636, 1.5663, 51.2520, 87.4365, 0, 1
1745407158.424, 3.490, 1.347, -0.8701, -1.1436, -1.9636, 1.5668, 51.2518, 87.4368, 0, 1
1745407158.504, 3.490, 1.347, -0.8701, -1.1437, -1.9636, 1.5651, 51.2529, 87.4395, 0, 1
1745407158.583, 3.490, 1.346, -0.8700, -1.1436, -1.9636, 1.5638, 51.2539, 87.4412, 0, 1
1745407158.663, 3.491, 1.346, -0.8700, -1.1437, -1.9636, 1.5575, 51.2556, 87.4457, 0, 1
1745407158.743, 3.491, 1.346, -0.8701, -1.1437, -1.9636, 1.5555, 51.2568, 87.4462, 0, 1
1745407158.822, 3.491, 1.346, -0.8700, -1.1437, -1.9636, 1.5525, 51.2575, 87.4453, 0, 1
1745407158.902, 3.490, 1.346, -0.8700, -1.1437, -1.9636, 1.5494, 51.2574, 87.4448, 0, 1
1745407158.982, 3.490, 1.346, -0.8700, -1.1437, -1.9636, 1.5424, 51.2563, 87.4473, 0, 1
1745407159.062, 3.491, 1.346, -0.8700, -1.1437, -1.9636, 1.5405, 51.2560, 87.4454, 0, 1
1745407159.141, 3.493, 1.346, -0.8700, -1.1437, -1.9636, 1.5377, 51.2556, 87.4456, 0, 1
1745407159.221, 3.494, 1.346, -0.8700, -1.1436, -1.9636, 1.5366, 51.2555, 87.4460, 0, 1
1745407159.300, 3.494, 1.346, -0.8701, -1.1436, -1.9636, 1.5369, 51.2565, 87.4474, 0, 1
1745407159.380, 3.493, 1.346, -0.8701, -1.1436, -1.9636, 1.5370, 51.2575, 87.4489, 0, 1
1745407159.460, 3.492, 1.346, -0.8701, -1.1436, -1.9636, 1.5321, 51.2570, 87.4547, 0, 1
1745407159.539, 3.491, 1.346, -0.8701, -1.1436, -1.9636, 1.5311, 51.2503, 87.4602, 0, 1
1745407159.619, 3.490, 1.346, -0.8701, -1.1437, -1.9635, 1.5335, 51.2411, 87.4646, 0, 1
1745407159.699, 3.489, 1.346, -0.8701, -1.1437, -1.9635, 1.5394, 51.2311, 87.4637, 0, 1
1745407159.778, 3.491, 1.346, -0.8701, -1.1437, -1.9635, 1.5465, 51.2214, 87.4638, 0, 1
1745407159.858, 3.492, 1.346, -0.8701, -1.1437, -1.9635, 1.5582, 51.2123, 87.4616, 0, 1
1745407159.938, 3.492, 1.346, -0.8701, -1.1437, -1.9635, 1.5671, 51.2089, 87.4580, 0, 1
1745407160.017, 3.493, 1.346, -0.8701, -1.1437, -1.9635, 1.5682, 51.2079, 87.4594, 0, 1
1745407160.097, 3.494, 1.345, -0.8701, -1.1437, -1.9635, 1.5655, 51.2083, 87.4658, 0, 1
1745407160.177, 3.493, 1.345, -0.8701, -1.1437, -1.9635, 1.5658, 51.2069, 87.4672, 0, 1
1745407160.256, 3.492, 1.345, -0.8701, -1.1437, -1.9635, 1.5648, 51.2058, 87.4692, 0, 1
1745407160.336, 3.492, 1.345, -0.8702, -1.1437, -1.9635, 1.5674, 51.2045, 87.4678, 0, 1
1745407160.415, 3.491, 1.345, -0.8701, -1.1437, -1.9635, 1.5700, 51.2030, 87.4661, 0, 1
1745407160.495, 3.491, 1.345, -0.8701, -1.1437, -1.9635, 1.5692, 51.2014, 87.4658, 0, 1
1745407160.575, 3.490, 1.345, -0.8701, -1.1437, -1.9635, 1.5666, 51.2010, 87.4670, 0, 1
1745407160.654, 3.490, 1.345, -0.8701, -1.1437, -1.9635, 1.5617, 51.2008, 87.4683, 0, 1
1745407160.734, 3.489, 1.345, -0.8701, -1.1437, -1.9635, 1.5539, 51.2022, 87.4715, 0, 1
1745407160.814, 3.491, 1.345, -0.8701, -1.1437, -1.9635, 1.5487, 51.2052, 87.4724, 0, 1
1745407160.893, 3.491, 1.345, -0.8702, -1.1437, -1.9635, 1.5421, 51.2076, 87.4739, 0, 1
1745407160.973, 3.490, 1.345, -0.8702, -1.1437, -1.9635, 1.5401, 51.2101, 87.4748, 0, 1
1745407161.053, 3.490, 1.345, -0.8701, -1.1437, -1.9635, 1.5380, 51.2112, 87.4775, 0, 1
1745407161.132, 3.491, 1.345, -0.8701, -1.1437, -1.9635, 1.5349, 51.2118, 87.4822, 0, 1
1745407161.212, 3.489, 1.345, -0.8701, -1.1437, -1.9635, 1.5344, 51.2109, 87.4843, 0, 1
1745407161.291, 3.489, 1.345, -0.8701, -1.1437, -1.9635, 1.5370, 51.2092, 87.4821, 0, 1
1745407161.371, 3.489, 1.345, -0.8701, -1.1437, -1.9635, 1.5363, 51.2088, 87.4822, 0, 1
1745407161.451, 3.489, 1.345, -0.8701, -1.1437, -1.9635, 1.5384, 51.2080, 87.4809, 0, 1
1745407161.530, 3.489, 1.345, -0.8701, -1.1437, -1.9635, 1.5408, 51.2076, 87.4787, 0, 1
1745407161.610, 3.489, 1.345, -0.8701, -1.1437, -1.9635, 1.5431, 51.2077, 87.4753, 0, 1
1745407161.690, 3.490, 1.345, -0.8701, -1.1437, -1.9635, 1.5436, 51.2088, 87.4771, 0, 1
1745407161.769, 3.491, 1.346, -0.8701, -1.1437, -1.9635, 1.5456, 51.2065, 87.4759, 0, 1
1745407161.849, 3.491, 1.346, -0.8701, -1.1437, -1.9635, 1.5452, 51.2019, 87.4738, 0, 1
1745407161.929, 3.491, 1.346, -0.8702, -1.1437, -1.9633, 1.5279, 51.1561, 87.5010, 0, 1
1745407162.008, 3.491, 1.345, -0.8707, -1.1437, -1.9628, 1.5033, 51.0495, 87.5279, 0, 1
1745407162.088, 3.490, 1.345, -0.8718, -1.1437, -1.9615, 1.4639, 50.8055, 87.5771, 0, 1
1745407162.168, 3.489, 1.345, -0.8741, -1.1438, -1.9592, 1.4864, 50.3667, 87.6351, 0, 1
1745407162.247, 3.487, 1.343, -0.8786, -1.1443, -1.9547, 1.5494, 49.5605, 88.0460, 0, 1
1745407162.329, 3.488, 1.338, -0.8842, -1.1449, -1.9487, 1.5841, 48.5673, 88.4136, 0, 1
1745407162.407, 3.487, 1.328, -0.8901, -1.1453, -1.9421, 1.6137, 47.4655, 88.7910, 0, 1
1745407162.486, 3.483, 1.318, -0.8953, -1.1459, -1.9364, 1.6542, 46.5263, 89.1525, 0, 1
1745407162.566, 3.479, 1.305, -0.8992, -1.1463, -1.9318, 1.6327, 45.7875, 89.5053, 0, 1
1745407162.645, 3.476, 1.294, -0.9009, -1.1463, -1.9295, 1.5679, 45.4202, 89.5091, 0, 1
1745407162.725, 3.470, 1.285, -0.9014, -1.1462, -1.9288, 1.5493, 45.2798, 89.5269, 0, 1
1745407162.805, 3.467, 1.282, -0.9013, -1.1462, -1.9290, 1.5358, 45.3095, 89.5405, 0, 1
1745407162.885, 3.467, 1.279, -0.9012, -1.1462, -1.9291, 1.5293, 45.3147, 89.5418, 0, 1
1745407162.964, 3.467, 1.278, -0.9011, -1.1463, -1.9291, 1.5225, 45.3179, 89.5442, 0, 1
1745407163.044, 3.467, 1.278, -0.9011, -1.1463, -1.9291, 1.5170, 45.3200, 89.5464, 0, 1
1745407163.123, 3.467, 1.278, -0.9010, -1.1463, -1.9291, 1.5070, 45.3240, 89.5623, 0, 1
1745407163.203, 3.467, 1.278, -0.9003, -1.1463, -1.9299, 1.5186, 45.3223, 89.5661, 0, 1
1745407163.283, 3.467, 1.278, -0.8985, -1.1461, -1.9314, 1.4426, 45.1860, 89.5321, 0, 1
1745407163.362, 3.467, 1.279, -0.8957, -1.1458, -1.9339, 1.3944, 45.0731, 89.3262, 0, 1
1745407163.442, 3.467, 1.281, -0.8916, -1.1453, -1.9377, 1.3225, 44.9684, 89.0314, 0, 1
1745407163.522, 3.466, 1.284, -0.8852, -1.1448, -1.9439, 1.2810, 44.8932, 88.6760, 0, 1
1745407163.601, 3.466, 1.291, -0.8763, -1.1442, -1.9525, 1.2000, 44.8797, 88.3480, 0, 1
1745407163.681, 3.466, 1.297, -0.8656, -1.1438, -1.9633, 1.2441, 45.0057, 88.0659, 0, 1
1745407163.761, 3.467, 1.308, -0.8535, -1.1437, -1.9755, 1.2696, 45.2263, 88.0779, 0, 1
1745407163.840, 3.467, 1.323, -0.8411, -1.1442, -1.9881, 1.4383, 45.3708, 88.3354, 0, 1
1745407163.920, 3.471, 1.340, -0.8293, -1.1445, -1.9999, 1.5482, 45.4663, 88.6549, 0, 1
1745407164.000, 3.473, 1.359, -0.8193, -1.1447, -2.0101, 1.6992, 45.4971, 88.9285, 0, 1
1745407164.079, 3.476, 1.377, -0.8107, -1.1447, -2.0186, 1.8109, 45.5041, 89.1897, 0, 1
1745407164.159, 3.478, 1.393, -0.8037, -1.1448, -2.0255, 1.9016, 45.3698, 89.3347, 0, 1
1745407164.238, 3.480, 1.405, -0.7981, -1.1443, -2.0309, 1.8671, 45.3059, 89.3313, 0, 1
1745407164.318, 3.479, 1.415, -0.7942, -1.1442, -2.0347, 1.8554, 45.2588, 89.3246, 0, 1
1745407164.398, 3.479, 1.421, -0.7918, -1.1441, -2.0370, 1.8278, 45.2197, 89.3471, 0, 1
1745407164.477, 3.479, 1.428, -0.7907, -1.1443, -2.0379, 1.8005, 45.1974, 89.3777, 0, 1
1745407164.557, 3.478, 1.432, -0.7906, -1.1442, -2.0380, 1.7806, 45.1980, 89.4058, 0, 1
1745407164.637, 3.477, 1.434, -0.7906, -1.1442, -2.0380, 1.7663, 45.1963, 89.4253, 0, 1
1745407164.716, 3.476, 1.434, -0.7907, -1.1442, -2.0380, 1.7611, 45.1969, 89.4323, 0, 1
1745407164.796, 3.476, 1.434, -0.7907, -1.1442, -2.0379, 1.7524, 45.1976, 89.4381, 0, 1
1745407164.876, 3.477, 1.434, -0.7907, -1.1442, -2.0380, 1.7447, 45.1992, 89.4432, 0, 1
1745407164.955, 3.478, 1.434, -0.7907, -1.1442, -2.0380, 1.7410, 45.2005, 89.4460, 0, 1
1745407165.035, 3.478, 1.434, -0.7907, -1.1442, -2.0380, 1.7377, 45.2020, 89.4468, 0, 1
1745407165.114, 3.479, 1.434, -0.7907, -1.1442, -2.0380, 1.7358, 45.2022, 89.4484, 0, 1
1745407165.194, 3.480, 1.434, -0.7907, -1.1442, -2.0380, 1.7350, 45.2019, 89.4502, 0, 1
1745407165.274, 3.479, 1.434, -0.7907, -1.1442, -2.0380, 1.7325, 45.2008, 89.4540, 0, 1
1745407165.354, 3.478, 1.434, -0.7907, -1.1442, -2.0380, 1.7288, 45.2000, 89.4572, 0, 1
1745407165.433, 3.479, 1.434, -0.7908, -1.1442, -2.0380, 1.7226, 45.1976, 89.4632, 0, 1
1745407165.513, 3.479, 1.434, -0.7908, -1.1441, -2.0380, 1.7159, 45.1955, 89.4700, 0, 1
1745407165.592, 3.478, 1.434, -0.7908, -1.1441, -2.0380, 1.7107, 45.1920, 89.4764, 0, 1
1745407165.672, 3.479, 1.434, -0.7908, -1.1441, -2.0380, 1.7040, 45.1915, 89.4834, 0, 1
1745407165.752, 3.480, 1.434, -0.7908, -1.1441, -2.0380, 1.6984, 45.1909, 89.4911, 0, 1
1745407165.831, 3.480, 1.434, -0.7908, -1.1441, -2.0380, 1.6990, 45.1920, 89.4945, 0, 1
1745407165.911, 3.479, 1.434, -0.7908, -1.1441, -2.0380, 1.6966, 45.1943, 89.4979, 0, 1
1745407165.991, 3.479, 1.434, -0.7908, -1.1441, -2.0380, 1.6948, 45.1979, 89.5000, 0, 1
1745407166.070, 3.479, 1.434, -0.7908, -1.1441, -2.0380, 1.6982, 45.1983, 89.4969, 0, 1
1745407166.150, 3.479, 1.434, -0.7908, -1.1441, -2.0380, 1.6979, 45.1993, 89.4946, 0, 1
1745407166.230, 3.480, 1.434, -0.7908, -1.1441, -2.0380, 1.6962, 45.2004, 89.4941, 0, 1
1745407166.309, 3.481, 1.434, -0.7909, -1.1441, -2.0380, 1.6967, 45.2003, 89.4926, 0, 1
1745407166.389, 3.481, 1.434, -0.7909, -1.1441, -2.0380, 1.6966, 45.2009, 89.4904, 0, 1
1745407166.468, 3.481, 1.434, -0.7909, -1.1441, -2.0380, 1.6970, 45.2021, 89.4878, 0, 1
1745407166.548, 3.481, 1.434, -0.7909, -1.1441, -2.0380, 1.7002, 45.2024, 89.4845, 0, 1
1745407166.628, 3.481, 1.434, -0.7909, -1.1441, -2.0380, 1.7039, 45.2019, 89.4801, 0, 1
1745407166.707, 3.480, 1.434, -0.7909, -1.1441, -2.0380, 1.7048, 45.2015, 89.4788, 0, 1
1745407166.787, 3.480, 1.434, -0.7909, -1.1441, -2.0380, 1.7030, 45.2008, 89.4787, 0, 1
1745407166.867, 3.479, 1.434, -0.7909, -1.1441, -2.0380, 1.7025, 45.2004, 89.4795, 0, 1
1745407166.946, 3.478, 1.434, -0.7909, -1.1441, -2.0380, 1.7017, 45.1996, 89.4802, 0, 1
1745407167.026, 3.477, 1.434, -0.7909, -1.1441, -2.0380, 1.6970, 45.1968, 89.4838, 0, 1
1745407167.106, 3.477, 1.434, -0.7907, -1.1441, -2.0382, 1.6996, 45.1958, 89.4817, 0, 1
1745407167.185, 3.477, 1.434, -0.7897, -1.1441, -2.0391, 1.7040, 45.1846, 89.4842, 0, 1
1745407167.269, 3.479, 1.434, -0.7875, -1.1440, -2.0413, 1.7334, 45.1445, 89.4606, 0, 1
1745407169.156, 3.480, 1.459, -0.7695, -1.1436, -2.0591, 1.7269, 44.7931, 89.4717, 0, 1
1745407169.236, 3.482, 1.484, -0.7514, -1.1432, -2.0769, 1.7243, 44.4442, 89.4791, 0, 1
1745407169.316, 3.483, 1.509, -0.7335, -1.1428, -2.0945, 1.7162, 44.0946, 89.4896, 0, 1
1745407169.395, 3.483, 1.534, -0.7164, -1.1424, -2.1114, 1.7085, 43.7543, 89.4951, 0, 1
1745407169.475, 3.483, 1.558, -0.7005, -1.1421, -2.1271, 1.6751, 43.4440, 89.5272, 0, 1
1745407169.555, 3.483, 1.558, -0.7004, -1.1421, -2.1271, 1.6782, 43.4467, 89.5233, 0, 1
1745407169.634, 3.483, 1.558, -0.7004, -1.1421, -2.1271, 1.6796, 43.4495, 89.5197, 0, 1
1745407169.714, 3.483, 1.558, -0.7004, -1.1422, -2.1271, 1.6811, 43.4514, 89.5162, 0, 1
1745407169.794, 3.483, 1.558, -0.7004, -1.1422, -2.1271, 1.6825, 43.4531, 89.5130, 0, 1
1745407169.873, 3.482, 1.558, -0.7004, -1.1422, -2.1271, 1.6812, 43.4528, 89.5107, 0, 1
1745407169.953, 3.482, 1.559, -0.7005, -1.1422, -2.1271, 1.6790, 43.4522, 89.5098, 0, 1
1745407170.033, 3.482, 1.559, -0.7005, -1.1422, -2.1271, 1.6778, 43.4511, 89.5091, 0, 1
1745407170.112, 3.483, 1.559, -0.7005, -1.1422, -2.1271, 1.6759, 43.4501, 89.5103, 0, 1
1745407170.192, 3.482, 1.559, -0.7004, -1.1422, -2.1272, 1.6694, 43.4482, 89.5137, 0, 1
1745407170.272, 3.483, 1.559, -0.7003, -1.1422, -2.1273, 1.6673, 43.4437, 89.5186, 0, 1
1745407170.351, 3.482, 1.559, -0.6997, -1.1422, -2.1279, 1.6670, 43.4322, 89.5316, 0, 1
1745407170.431, 3.481, 1.559, -0.6984, -1.1421, -2.1292, 1.6795, 43.4026, 89.5284, 0, 1
1745407170.511, 3.481, 1.560, -0.6961, -1.1421, -2.1316, 1.7065, 43.3474, 89.5202, 0, 1
1745407170.590, 3.482, 1.562, -0.6927, -1.1420, -2.1353, 1.7422, 43.2698, 89.5113, 0, 1
1745407170.670, 3.482, 1.565, -0.6881, -1.1419, -2.1401, 1.7671, 43.1756, 89.5045, 0, 1
1745407170.751, 3.484, 1.569, -0.6825, -1.1418, -2.1458, 1.7899, 43.0645, 89.4893, 0, 1
1745407170.829, 3.484, 1.576, -0.6765, -1.1416, -2.1521, 1.7986, 42.9538, 89.4865, 0, 1
1745407170.909, 3.485, 1.584, -0.6703, -1.1415, -2.1585, 1.7843, 42.8567, 89.4932, 0, 1
1745407170.988, 3.485, 1.592, -0.6639, -1.1413, -2.1650, 1.7518, 42.7706, 89.5099, 0, 1
1745407171.068, 3.485, 1.601, -0.6576, -1.1412, -2.1714, 1.7125, 42.6834, 89.5333, 0, 1
1745407171.148, 3.485, 1.610, -0.6515, -1.1410, -2.1777, 1.6638, 42.6097, 89.5705, 0, 1
1745407171.227, 3.486, 1.619, -0.6454, -1.1408, -2.1840, 1.6222, 42.5300, 89.6094, 0, 1
1745407171.309, 3.485, 1.628, -0.6394, -1.1406, -2.1903, 1.6126, 42.4289, 89.6356, 0, 1
1745407171.387, 3.486, 1.637, -0.6334, -1.1405, -2.1967, 1.6156, 42.3125, 89.6612, 0, 1
1745407171.466, 3.486, 1.646, -0.6272, -1.1404, -2.2032, 1.6023, 42.1870, 89.6930, 0, 1
1745407171.546, 3.485, 1.655, -0.6210, -1.1402, -2.2099, 1.6074, 42.0463, 89.7155, 0, 1
1745407171.626, 3.485, 1.664, -0.6146, -1.1400, -2.2168, 1.6171, 41.9112, 89.7336, 0, 1
1745407171.705, 3.486, 1.673, -0.6080, -1.1399, -2.2238, 1.6044, 41.8004, 89.7579, 0, 1
1745407171.785, 3.486, 1.679, -0.6014, -1.1397, -2.2308, 1.5723, 41.7037, 89.7844, 0, 1
1745407171.864, 3.486, 1.688, -0.5950, -1.1396, -2.2377, 1.5633, 41.6250, 89.7996, 0, 1
1745407171.948, 3.486, 1.697, -0.5886, -1.1395, -2.2446, 1.5568, 41.5566, 89.8098, 0, 1
1745407173.716, 3.486, 1.728, -0.5709, -1.1390, -2.2643, 1.5652, 41.3744, 89.8144, 0, 1
1745407173.796, 3.486, 1.757, -0.5544, -1.1386, -2.2825, 1.5785, 41.2023, 89.8113, 0, 1
1745407173.875, 3.487, 1.785, -0.5393, -1.1381, -2.2994, 1.6131, 41.0409, 89.7997, 0, 1
1745407173.955, 3.488, 1.812, -0.5254, -1.1378, -2.3150, 1.6527, 40.8907, 89.7834, 0, 1
1745407174.046, 3.490, 1.835, -0.5128, -1.1374, -2.3292, 1.6830, 40.7546, 89.7676, 0, 1
1745407174.851, 3.490, 1.835, -0.5127, -1.1374, -2.3292, 1.6824, 40.7491, 89.7670, 0, 1
1745407174.951, 3.491, 1.835, -0.5128, -1.1373, -2.3291, 1.6785, 40.7417, 89.7749, 0, 1
1745407175.030, 3.491, 1.835, -0.5128, -1.1373, -2.3291, 1.6739, 40.7371, 89.7799, 0, 1
1745407175.110, 3.490, 1.834, -0.5129, -1.1373, -2.3291, 1.6691, 40.7346, 89.7854, 0, 1
1745407175.190, 3.489, 1.834, -0.5128, -1.1373, -2.3291, 1.6656, 40.7326, 89.7898, 0, 1
1745407175.269, 3.489, 1.834, -0.5129, -1.1373, -2.3291, 1.6699, 40.7318, 89.7907, 0, 1
1745407175.349, 3.489, 1.834, -0.5129, -1.1373, -2.3291, 1.6705, 40.7329, 89.7926, 0, 1
1745407175.429, 3.489, 1.834, -0.5129, -1.1373, -2.3291, 1.6678, 40.7344, 89.7941, 0, 1
1745407175.508, 3.488, 1.834, -0.5129, -1.1373, -2.3291, 1.6705, 40.7354, 89.7918, 0, 1
1745407175.588, 3.488, 1.834, -0.5129, -1.1373, -2.3291, 1.6693, 40.7367, 89.7924, 0, 1
1745407175.668, 3.488, 1.834, -0.5129, -1.1373, -2.3291, 1.6691, 40.7380, 89.7922, 0, 1
1745407175.747, 3.489, 1.834, -0.5129, -1.1373, -2.3291, 1.6681, 40.7374, 89.7914, 0, 1
1745407175.827, 3.490, 1.834, -0.5129, -1.1373, -2.3291, 1.6681, 40.7364, 89.7931, 0, 1
1745407175.906, 3.490, 1.834, -0.5129, -1.1373, -2.3291, 1.6690, 40.7338, 89.7964, 0, 1
1745407175.986, 3.490, 1.834, -0.5129, -1.1373, -2.3291, 1.6709, 40.7325, 89.7971, 0, 1
1745407176.066, 3.490, 1.834, -0.5129, -1.1373, -2.3291, 1.6675, 40.7303, 89.8014, 0, 1
1745407176.145, 3.490, 1.834, -0.5129, -1.1373, -2.3291, 1.6682, 40.7292, 89.8035, 0, 1
1745407176.225, 3.490, 1.834, -0.5129, -1.1373, -2.3291, 1.6679, 40.7294, 89.8033, 0, 1
1745407176.305, 3.490, 1.834, -0.5129, -1.1373, -2.3291, 1.6662, 40.7310, 89.8027, 0, 1
1745407176.384, 3.490, 1.834, -0.5129, -1.1373, -2.3291, 1.6660, 40.7320, 89.8019, 0, 1
1745407176.464, 3.490, 1.834, -0.5129, -1.1373, -2.3291, 1.6678, 40.7346, 89.7980, 0, 1
1745407176.544, 3.489, 1.835, -0.5129, -1.1373, -2.3291, 1.6715, 40.7373, 89.7920, 0, 1
1745407176.623, 3.488, 1.834, -0.5129, -1.1373, -2.3291, 1.6777, 40.7398, 89.7861, 0, 1
1745407176.703, 3.489, 1.834, -0.5129, -1.1373, -2.3291, 1.6811, 40.7421, 89.7808, 0, 1
1745407176.783, 3.488, 1.834, -0.5129, -1.1373, -2.3291, 1.6842, 40.7445, 89.7762, 0, 1
1745407176.862, 3.489, 1.834, -0.5129, -1.1373, -2.3291, 1.6851, 40.7459, 89.7743, 0, 1
1745407176.942, 3.489, 1.833, -0.5130, -1.1373, -2.3291, 1.6832, 40.7469, 89.7756, 0, 1
1745407177.021, 3.489, 1.833, -0.5130, -1.1373, -2.3291, 1.6802, 40.7483, 89.7763, 0, 1
1745407177.101, 3.489, 1.834, -0.5130, -1.1372, -2.3291, 1.6796, 40.7495, 89.7756, 0, 1
1745407177.181, 3.490, 1.834, -0.5130, -1.1373, -2.3291, 1.6792, 40.7489, 89.7762, 0, 1
1745407177.260, 3.490, 1.834, -0.5130, -1.1372, -2.3291, 1.6779, 40.7490, 89.7753, 0, 1
1745407177.340, 3.490, 1.834, -0.5129, -1.1373, -2.3292, 1.6774, 40.7545, 89.7753, 0, 1
1745407177.420, 3.490, 1.835, -0.5127, -1.1372, -2.3294, 1.6787, 40.7615, 89.7739, 0, 1
1745407177.499, 3.490, 1.835, -0.5123, -1.1372, -2.3299, 1.6790, 40.7593, 89.7807, 0, 1
1745407177.579, 3.489, 1.835, -0.5112, -1.1372, -2.3311, 1.6743, 40.7630, 89.7826, 0, 1
1745407177.659, 3.489, 1.835, -0.5094, -1.1371, -2.3331, 1.6726, 40.7638, 89.7905, 0, 1
1745407177.738, 3.490, 1.836, -0.5068, -1.1370, -2.3361, 1.6682, 40.7703, 89.8073, 0, 1
1745407177.818, 3.490, 1.838, -0.5034, -1.1369, -2.3400, 1.6655, 40.7750, 89.8226, 0, 1
1745407177.897, 3.490, 1.843, -0.4994, -1.1368, -2.3446, 1.6739, 40.7902, 89.8283, 0, 1
1745407177.979, 3.490, 1.847, -0.4952, -1.1367, -2.3495, 1.7084, 40.7991, 89.8263, 0, 1
1745407178.057, 3.490, 1.853, -0.4910, -1.1366, -2.3544, 1.7319, 40.8138, 89.8268, 0, 1
1745407178.137, 3.489, 1.859, -0.4869, -1.1365, -2.3592, 1.7364, 40.8162, 89.8270, 0, 1
1745407178.216, 3.488, 1.865, -0.4828, -1.1365, -2.3638, 1.7330, 40.8158, 89.8342, 0, 1
1745407178.296, 3.487, 1.871, -0.4789, -1.1363, -2.3683, 1.7227, 40.8299, 89.8402, 0, 1
1745407178.375, 3.484, 1.878, -0.4750, -1.1361, -2.3727, 1.6983, 40.8372, 89.8552, 0, 1
1745407178.455, 3.481, 1.884, -0.4712, -1.1360, -2.3771, 1.6843, 40.8484, 89.8620, 0, 1
1745407178.535, 3.477, 1.890, -0.4673, -1.1358, -2.3815, 1.6862, 40.8712, 89.8612, 0, 1
1745407178.614, 3.474, 1.897, -0.4634, -1.1356, -2.3860, 1.6911, 40.9066, 89.8502, 0, 1
1745407178.694, 3.470, 1.902, -0.4594, -1.1355, -2.3906, 1.6822, 40.9263, 89.8453, 0, 1
1745407178.774, 3.467, 1.908, -0.4553, -1.1354, -2.3952, 1.6608, 40.9619, 89.8463, 0, 1
1745407178.853, 3.464, 1.914, -0.4512, -1.1353, -2.3997, 1.6363, 40.9999, 89.8482, 0, 1
1745407178.933, 3.462, 1.920, -0.4472, -1.1351, -2.4042, 1.6031, 41.0284, 89.8652, 0, 1
1745407179.012, 3.461, 1.926, -0.4433, -1.1351, -2.4086, 1.5740, 41.0451, 89.8994, 0, 1
1745407179.092, 3.459, 1.932, -0.4393, -1.1350, -2.4131, 1.5548, 41.0633, 89.9295, 0, 1
1745407179.172, 3.460, 1.938, -0.4352, -1.1348, -2.4177, 1.5449, 41.0715, 89.9545, 0, 1
1745407179.251, 3.461, 1.942, -0.4310, -1.1346, -2.4225, 1.5469, 41.0662, 89.9634, 0, 1
1745407179.331, 3.462, 1.949, -0.4267, -1.1345, -2.4275, 1.5682, 41.0490, 89.9616, 0, 1
1745407179.411, 3.462, 1.955, -0.4222, -1.1342, -2.4327, 1.5998, 41.0354, 89.9456, 0, 1
1745407179.491, 3.461, 1.962, -0.4176, -1.1340, -2.4380, 1.6324, 41.0173, 89.9254, 0, 1
1745407179.570, 3.459, 1.969, -0.4129, -1.1339, -2.4435, 1.6642, 41.0136, 89.9100, 0, 1
1745407179.650, 3.456, 1.978, -0.4080, -1.1338, -2.4490, 1.6844, 41.0159, 89.9120, 0, 1
1745407182.019, 3.454, 2.006, -0.3913, -1.1333, -2.4676, 1.6181, 41.0429, 89.8911, 0, 1
1745407182.099, 3.454, 2.033, -0.3756, -1.1329, -2.4851, 1.5422, 41.0687, 89.8719, 0, 1
1745407182.179, 3.455, 2.058, -0.3608, -1.1325, -2.5015, 1.4652, 41.0979, 89.8589, 0, 1
1745407182.258, 3.455, 2.083, -0.3471, -1.1321, -2.5167, 1.3845, 41.1148, 89.8430, 0, 1
1745407182.338, 3.455, 2.106, -0.3344, -1.1318, -2.5308, 1.3076, 41.1305, 89.8237, 0, 1
1745407182.417, 3.455, 2.105, -0.3344, -1.1318, -2.5307, 1.3120, 41.1317, 89.8201, 0, 1
1745407182.497, 3.455, 2.105, -0.3344, -1.1318, -2.5308, 1.3133, 41.1314, 89.8203, 0, 1
1745407182.577, 3.455, 2.105, -0.3344, -1.1318, -2.5308, 1.3118, 41.1310, 89.8219, 0, 1
1745407182.656, 3.455, 2.105, -0.3344, -1.1318, -2.5308, 1.3089, 41.1296, 89.8253, 0, 1
1745407182.736, 3.455, 2.105, -0.3344, -1.1318, -2.5308, 1.3045, 41.1258, 89.8302, 0, 1
1745407182.816, 3.456, 2.105, -0.3345, -1.1318, -2.5308, 1.3004, 41.1237, 89.8366, 0, 1
1745407182.895, 3.455, 2.105, -0.3345, -1.1318, -2.5307, 1.2948, 41.1276, 89.8392, 0, 1
1745407182.975, 3.455, 2.105, -0.3351, -1.1317, -2.5301, 1.2975, 41.1305, 89.8435, 0, 1
1745407183.054, 3.457, 2.104, -0.3364, -1.1317, -2.5287, 1.3101, 41.1417, 89.8520, 0, 1
1745407183.134, 3.458, 2.103, -0.3389, -1.1317, -2.5261, 1.3503, 41.1682, 89.8524, 0, 1
1745407183.214, 3.460, 2.102, -0.3426, -1.1317, -2.5221, 1.3735, 41.1993, 89.8747, 0, 1
1745407183.293, 3.462, 2.098, -0.3476, -1.1318, -2.5167, 1.4074, 41.2022, 89.8934, 0, 1
1745407183.373, 3.463, 2.095, -0.3532, -1.1319, -2.5105, 1.4412, 41.1941, 89.8951, 0, 1
1745407183.453, 3.465, 2.088, -0.3589, -1.1321, -2.5041, 1.4772, 41.1690, 89.8857, 0, 1
1745407183.532, 3.464, 2.080, -0.3643, -1.1323, -2.4981, 1.4883, 41.1321, 89.8884, 0, 1
1745407183.612, 3.463, 2.071, -0.3692, -1.1325, -2.4927, 1.5270, 41.0880, 89.8567, 0, 1
1745407183.692, 3.462, 2.062, -0.3732, -1.1327, -2.4882, 1.5619, 41.0602, 89.8323, 0, 1
1745407183.771, 3.462, 2.054, -0.3763, -1.1328, -2.4848, 1.5912, 41.0376, 89.8225, 0, 1
1745407183.851, 3.461, 2.047, -0.3785, -1.1329, -2.4824, 1.6097, 41.0305, 89.8151, 0, 1
1745407183.931, 3.462, 2.042, -0.3799, -1.1329, -2.4809, 1.6226, 41.0205, 89.8068, 0, 1
1745407184.010, 3.463, 2.039, -0.3805, -1.1329, -2.4802, 1.6258, 41.0113, 89.8092, 0, 1
1745407184.090, 3.463, 2.037, -0.3807, -1.1329, -2.4801, 1.6232, 41.0086, 89.8103, 0, 1
1745407184.170, 3.463, 2.035, -0.3807, -1.1329, -2.4802, 1.6180, 41.0125, 89.8118, 0, 1
1745407184.249, 3.464, 2.034, -0.3807, -1.1329, -2.4801, 1.6161, 41.0115, 89.8126, 0, 1
1745407184.329, 3.464, 2.034, -0.3807, -1.1329, -2.4801, 1.6172, 41.0130, 89.8120, 0, 1
1745407184.408, 3.465, 2.034, -0.3807, -1.1329, -2.4801, 1.6167, 41.0147, 89.8120, 0, 1
1745407184.488, 3.466, 2.034, -0.3807, -1.1330, -2.4802, 1.6188, 41.0184, 89.8096, 0, 1
1745407184.568, 3.465, 2.034, -0.3804, -1.1329, -2.4804, 1.6196, 41.0247, 89.8123, 0, 1
1745407184.648, 3.464, 2.034, -0.3794, -1.1329, -2.4815, 1.6096, 41.0320, 89.8267, 0, 1
1745407184.727, 3.463, 2.034, -0.3771, -1.1330, -2.4841, 1.5955, 41.0298, 89.8365, 0, 1
1745407184.807, 3.461, 2.036, -0.3732, -1.1330, -2.4884, 1.5662, 41.0189, 89.8570, 0, 1
1745407184.886, 3.461, 2.040, -0.3679, -1.1328, -2.4944, 1.5532, 41.0108, 89.8755, 0, 1
1745407184.966, 3.460, 2.043, -0.3613, -1.1325, -2.5018, 1.5351, 40.9969, 89.8826, 0, 1
1745407185.046, 3.460, 2.050, -0.3540, -1.1323, -2.5098, 1.4969, 40.9730, 89.8788, 0, 1
1745407185.125, 3.461, 2.060, -0.3467, -1.1318, -2.5178, 1.4549, 40.9618, 89.8612, 0, 1
1745407185.205, 3.462, 2.071, -0.3398, -1.1315, -2.5256, 1.4308, 40.9674, 89.8204, 0, 1
1745407185.285, 3.461, 2.083, -0.3332, -1.1315, -2.5329, 1.3772, 40.9698, 89.7758, 0, 1
1745407185.364, 3.460, 2.094, -0.3267, -1.1314, -2.5400, 1.3135, 40.9830, 89.7420, 0, 1
1745407185.444, 3.459, 2.105, -0.3204, -1.1313, -2.5470, 1.2623, 41.0137, 89.7217, 0, 1
1745407185.524, 3.460, 2.115, -0.3141, -1.1314, -2.5540, 1.2228, 41.0417, 89.7110, 0, 1
1745407185.603, 3.461, 2.124, -0.3079, -1.1312, -2.5610, 1.2018, 41.0561, 89.7071, 0, 1
1745407185.683, 3.463, 2.134, -0.3016, -1.1311, -2.5681, 1.1990, 41.0661, 89.6978, 0, 1
1745407185.763, 3.465, 2.144, -0.2954, -1.1310, -2.5753, 1.2251, 41.0680, 89.6688, 0, 1
1745407185.842, 3.466, 2.153, -0.2892, -1.1307, -2.5824, 1.2702, 41.0531, 89.6359, 0, 1
1745407185.922, 3.463, 2.162, -0.2830, -1.1305, -2.5895, 1.3217, 41.0373, 89.5961, 0, 1
1745407186.001, 3.461, 2.173, -0.2766, -1.1304, -2.5968, 1.3553, 41.0322, 89.5484, 0, 1
1745407186.081, 3.460, 2.182, -0.2702, -1.1303, -2.6042, 1.3778, 41.0445, 89.5091, 0, 1
1745407186.161, 3.460, 2.191, -0.2636, -1.1301, -2.6117, 1.3813, 41.0661, 89.4885, 0, 1
1745407186.240, 3.461, 2.202, -0.2569, -1.1302, -2.6192, 1.3726, 41.1035, 89.4648, 0, 1
1745407186.320, 3.462, 2.212, -0.2501, -1.1301, -2.6267, 1.3365, 41.1546, 89.4670, 0, 1
1745407186.400, 3.463, 2.221, -0.2435, -1.1302, -2.6341, 1.2904, 41.2102, 89.4857, 0, 1
1745407186.479, 3.464, 2.232, -0.2370, -1.1301, -2.6412, 1.2375, 41.2576, 89.5075, 0, 1
1745407186.559, 3.465, 2.243, -0.2307, -1.1301, -2.6480, 1.1903, 41.2990, 89.5328, 0, 1
1745407186.639, 3.466, 2.252, -0.2247, -1.1299, -2.6548, 1.1699, 41.3347, 89.5414, 0, 1
1745407186.718, 3.468, 2.261, -0.2189, -1.1298, -2.6614, 1.1870, 41.3650, 89.5211, 0, 1
1745407186.798, 3.470, 2.271, -0.2131, -1.1297, -2.6679, 1.1897, 41.3930, 89.5094, 0, 1
1745407186.877, 3.469, 2.280, -0.2074, -1.1295, -2.6743, 1.1936, 41.4105, 89.4955, 0, 1
1745407186.957, 3.470, 2.288, -0.2019, -1.1294, -2.6805, 1.2129, 41.4276, 89.4725, 0, 1
1745407187.037, 3.470, 2.297, -0.1966, -1.1294, -2.6864, 1.2217, 41.4457, 89.4492, 0, 1
1745407187.156, 3.470, 2.305, -0.1911, -1.1293, -2.6925, 1.2034, 41.4670, 89.4472, 0, 1
1745407187.236, 3.470, 2.313, -0.1858, -1.1293, -2.6984, 1.1970, 41.4819, 89.4374, 0, 1
1745407187.316, 3.470, 2.319, -0.1804, -1.1292, -2.7043, 1.1839, 41.5064, 89.4399, 0, 1
1745407187.395, 3.471, 2.328, -0.1750, -1.1292, -2.7102, 1.1471, 41.5325, 89.4566, 0, 1
1745407187.475, 3.471, 2.334, -0.1695, -1.1291, -2.7161, 1.1008, 41.5605, 89.4929, 0, 1
1745407187.556, 3.471, 2.338, -0.1645, -1.1291, -2.7216, 1.0726, 41.5731, 89.5188, 0, 1
1745407187.634, 3.473, 2.346, -0.1595, -1.1290, -2.7271, 1.0690, 41.5922, 89.5291, 0, 1
1745407187.714, 3.474, 2.353, -0.1546, -1.1289, -2.7326, 1.0923, 41.6036, 89.5269, 0, 1
1745407187.793, 3.474, 2.362, -0.1497, -1.1288, -2.7382, 1.1410, 41.6140, 89.5094, 0, 1
1745407187.873, 3.476, 2.372, -0.1446, -1.1287, -2.7441, 1.1978, 41.6229, 89.4815, 0, 1
1745407187.953, 3.476, 2.382, -0.1394, -1.1285, -2.7501, 1.2504, 41.6394, 89.4688, 0, 1
1745407188.032, 3.476, 2.390, -0.1339, -1.1284, -2.7562, 1.2842, 41.6592, 89.4705, 0, 1
1745407188.112, 3.475, 2.399, -0.1283, -1.1283, -2.7625, 1.3144, 41.6882, 89.4798, 0, 1
1745407188.192, 3.474, 2.407, -0.1226, -1.1283, -2.7689, 1.3294, 41.7182, 89.4929, 0, 1
1745407188.271, 3.474, 2.414, -0.1170, -1.1283, -2.7752, 1.3381, 41.7607, 89.5072, 0, 1
1745407188.351, 3.474, 2.422, -0.1112, -1.1282, -2.7815, 1.3305, 41.8131, 89.5174, 0, 1
1745407188.430, 3.473, 2.431, -0.1056, -1.1281, -2.7877, 1.3212, 41.8630, 89.5256, 0, 1
1745407188.510, 3.473, 2.438, -0.1000, -1.1280, -2.7937, 1.2975, 41.9145, 89.5351, 0, 1
1745407188.590, 3.473, 2.446, -0.0944, -1.1278, -2.7997, 1.2634, 41.9687, 89.5502, 0, 1
1745407188.669, 3.474, 2.453, -0.0889, -1.1278, -2.8056, 1.2284, 41.9939, 89.5857, 0, 1
1745407188.749, 3.474, 2.461, -0.0834, -1.1277, -2.8115, 1.2109, 41.9655, 89.6057, 0, 1
1745407188.829, 3.475, 2.469, -0.0777, -1.1275, -2.8175, 1.2124, 41.8866, 89.6203, 0, 1
1745407188.908, 3.476, 2.478, -0.0718, -1.1273, -2.8237, 1.1845, 41.7344, 89.6669, 0, 1
1745407188.988, 3.477, 2.486, -0.0656, -1.1270, -2.8302, 1.1879, 41.5213, 89.6805, 0, 1
1745407189.068, 3.475, 2.495, -0.0593, -1.1270, -2.8369, 1.2034, 41.2664, 89.6663, 0, 1
1745407189.147, 3.473, 2.504, -0.0529, -1.1269, -2.8438, 1.2108, 41.0037, 89.6556, 0, 1
1745407189.227, 3.473, 2.513, -0.0464, -1.1268, -2.8507, 1.1963, 40.7250, 89.6518, 0, 1
1745407189.307, 3.473, 2.521, -0.0400, -1.1268, -2.8575, 1.1974, 40.4464, 89.6262, 0, 1
1745407189.386, 3.472, 2.530, -0.0338, -1.1268, -2.8643, 1.1870, 40.1739, 89.6146, 0, 1
1745407189.466, 3.474, 2.540, -0.0277, -1.1267, -2.8709, 1.1785, 39.9014, 89.6121, 0, 1
1745407189.546, 3.479, 2.549, -0.0216, -1.1266, -2.8776, 1.1833, 39.6167, 89.6058, 0, 1
1745407189.625, 3.480, 2.557, -0.0156, -1.1266, -2.8843, 1.2066, 39.3367, 89.5830, 0, 1
1745407189.705, 3.481, 2.566, -0.0097, -1.1266, -2.8912, 1.2796, 39.0563, 89.5353, 0, 1
1745407189.785, 3.482, 2.576, -0.0038, -1.1264, -2.8982, 1.3504, 38.7569, 89.4992, 0, 1
1745407189.864, 3.483, 2.585, 0.0024, -1.1261, -2.9054, 1.4115, 38.4493, 89.4616, 0, 1
1745407189.944, 3.483, 2.594, 0.0086, -1.1261, -2.9129, 1.4617, 38.1589, 89.4376, 0, 1
1745407190.024, 3.483, 2.604, 0.0149, -1.1260, -2.9204, 1.4857, 37.9231, 89.4461, 0, 1
1745407190.103, 3.483, 2.614, 0.0213, -1.1260, -2.9282, 1.4821, 37.7428, 89.4536, 0, 1
1745407190.183, 3.485, 2.624, 0.0277, -1.1261, -2.9359, 1.4604, 37.6235, 89.4650, 0, 1
1745407190.262, 3.485, 2.633, 0.0340, -1.1261, -2.9436, 1.4267, 37.5647, 89.4884, 0, 1
1745407190.342, 3.485, 2.643, 0.0402, -1.1260, -2.9512, 1.3812, 37.5485, 89.5112, 0, 1
1745407190.422, 3.486, 2.652, 0.0462, -1.1258, -2.9586, 1.3485, 37.5223, 89.5260, 0, 1
1745407190.503, 3.486, 2.662, 0.0520, -1.1256, -2.9659, 1.3348, 37.4971, 89.5548, 0, 1
1745407190.581, 3.486, 2.670, 0.0576, -1.1254, -2.9730, 1.3337, 37.4744, 89.5768, 0, 1
1745407190.661, 3.486, 2.679, 0.0632, -1.1252, -2.9801, 1.3325, 37.4379, 89.5861, 0, 1
1745407190.740, 3.486, 2.688, 0.0689, -1.1251, -2.9875, 1.3456, 37.3902, 89.6070, 0, 1
1745407190.820, 3.486, 2.698, 0.0748, -1.1252, -2.9950, 1.3653, 37.3433, 89.6023, 0, 1
1745407190.899, 3.485, 2.707, 0.0809, -1.1251, -3.0028, 1.3624, 37.2985, 89.5829, 0, 1
1745407190.979, 3.484, 2.717, 0.0871, -1.1250, -3.0107, 1.3555, 37.2560, 89.5636, 0, 1
1745407191.059, 3.484, 2.727, 0.0933, -1.1250, -3.0186, 1.3538, 37.2235, 89.5544, 0, 1
1745407191.138, 3.484, 2.737, 0.0993, -1.1248, -3.0263, 1.3454, 37.1897, 89.5305, 0, 1
1745407191.218, 3.483, 2.747, 0.1051, -1.1247, -3.0338, 1.3517, 37.1698, 89.5184, 0, 1
1745407191.298, 3.483, 2.756, 0.1108, -1.1246, -3.0411, 1.3712, 37.1451, 89.5064, 0, 1
1745407191.377, 3.483, 2.766, 0.1163, -1.1245, -3.0483, 1.3980, 37.1149, 89.4988, 0, 1
1745407191.457, 3.483, 2.776, 0.1215, -1.1243, -3.0551, 1.4349, 37.0889, 89.4777, 0, 1
1745407191.537, 3.482, 2.785, 0.1259, -1.1242, -3.0610, 1.4726, 37.0730, 89.4632, 0, 1
1745407191.616, 3.482, 2.794, 0.1293, -1.1241, -3.0655, 1.4951, 37.0503, 89.4520, 0, 1
1745407191.696, 3.483, 2.801, 0.1315, -1.1240, -3.0684, 1.5080, 37.0384, 89.4543, 0, 1
1745407191.776, 3.482, 2.805, 0.1327, -1.1240, -3.0699, 1.5195, 37.0311, 89.4516, 0, 1
1745407191.855, 3.481, 2.810, 0.1329, -1.1239, -3.0703, 1.5221, 37.0261, 89.4589, 0, 1
1745407191.935, 3.481, 2.813, 0.1329, -1.1239, -3.0703, 1.5268, 37.0237, 89.4587, 0, 1
1745407192.015, 3.481, 2.814, 0.1329, -1.1239, -3.0703, 1.5259, 37.0218, 89.4632, 0, 1
1745407192.094, 3.480, 2.814, 0.1329, -1.1239, -3.0703, 1.5228, 37.0209, 89.4682, 0, 1
1745407192.174, 3.480, 2.814, 0.1329, -1.1239, -3.0703, 1.5172, 37.0213, 89.4762, 0, 1
1745407192.253, 3.481, 2.815, 0.1328, -1.1239, -3.0703, 1.5138, 37.0200, 89.4797, 0, 1
1745407192.333, 3.481, 2.815, 0.1328, -1.1239, -3.0703, 1.5102, 37.0176, 89.4855, 0, 1
1745407192.413, 3.481, 2.816, 0.1328, -1.1239, -3.0703, 1.5114, 37.0158, 89.4845, 0, 1
1745407192.493, 3.480, 2.816, 0.1328, -1.1239, -3.0703, 1.5139, 37.0139, 89.4824, 0, 1
1745407192.572, 3.480, 2.816, 0.1327, -1.1239, -3.0703, 1.5156, 37.0130, 89.4807, 0, 1
1745407192.652, 3.480, 2.816, 0.1327, -1.1239, -3.0703, 1.5215, 37.0111, 89.4762, 0, 1
1745407192.731, 3.480, 2.817, 0.1327, -1.1239, -3.0703, 1.5289, 37.0097, 89.4683, 0, 1
1745407192.811, 3.480, 2.816, 0.1327, -1.1239, -3.0703, 1.5371, 37.0082, 89.4614, 0, 1
1745407193.010, 3.481, 2.817, 0.1327, -1.1238, -3.0703, 1.5405, 37.0074, 89.4609, 0, 1
1745407193.090, 3.481, 2.817, 0.1327, -1.1239, -3.0703, 1.5422, 37.0061, 89.4586, 0, 1
1745407193.170, 3.481, 2.817, 0.1327, -1.1239, -3.0702, 1.5387, 37.0069, 89.4621, 0, 1
1745407193.249, 3.481, 2.817, 0.1327, -1.1239, -3.0702, 1.5362, 37.0079, 89.4645, 0, 1
1745407193.329, 3.482, 2.817, 0.1326, -1.1238, -3.0702, 1.5306, 37.0096, 89.4695, 0, 1
1745407193.409, 3.482, 2.817, 0.1326, -1.1239, -3.0702, 1.5312, 37.0116, 89.4661, 0, 1
1745407193.488, 3.482, 2.816, 0.1326, -1.1239, -3.0702, 1.5328, 37.0137, 89.4652, 0, 1
1745407193.571, 3.482, 2.816, 0.1326, -1.1239, -3.0702, 1.5384, 37.0157, 89.4615, 0, 1
1745407195.459, 3.482, 2.815, 0.1325, -1.1239, -3.0702, 1.5421, 37.0154, 89.4599, 0, 1
1745407195.539, 3.482, 2.816, 0.1326, -1.1238, -3.0704, 1.5465, 37.0228, 89.4620, 0, 1
1745407195.619, 3.482, 2.817, 0.1333, -1.1238, -3.0713, 1.5531, 37.0178, 89.4724, 0, 1
1745407195.698, 3.481, 2.817, 0.1347, -1.1237, -3.0732, 1.5626, 37.0110, 89.4834, 0, 1
1745407195.778, 3.482, 2.818, 0.1366, -1.1236, -3.0767, 1.7838, 37.0880, 89.3697, 0, 1
1745407195.858, 3.481, 2.820, 0.1385, -1.1233, -3.0805, 2.0842, 37.1782, 89.2272, 0, 1
1745407195.937, 3.481, 2.823, 0.1402, -1.1230, -3.0840, 2.3758, 37.2466, 89.1005, 0, 1
1745407196.017, 3.484, 2.827, 0.1414, -1.1227, -3.0869, 2.6603, 37.3294, 88.9709, 0, 1
1745407196.096, 3.486, 2.830, 0.1417, -1.1225, -3.0887, 2.9448, 37.4164, 88.8375, 0, 1
1745407196.176, 3.489, 2.831, 0.1416, -1.1224, -3.0890, 3.0148, 37.4186, 88.8329, 0, 1
1745407196.256, 3.491, 2.833, 0.1416, -1.1224, -3.0889, 3.0024, 37.4102, 88.8635, 0, 1
1745407196.335, 3.492, 2.834, 0.1416, -1.1224, -3.0888, 3.0001, 37.4150, 88.8725, 0, 1
1745407196.415, 3.493, 2.834, 0.1415, -1.1224, -3.0888, 3.0075, 37.4162, 88.8733, 0, 1
1745407196.495, 3.493, 2.833, 0.1415, -1.1224, -3.0888, 3.0122, 37.4164, 88.8767, 0, 1
1745407196.574, 3.493, 2.833, 0.1415, -1.1224, -3.0888, 3.0134, 37.4184, 88.8809, 0, 1
1745407196.656, 3.494, 2.833, 0.1415, -1.1224, -3.0888, 3.0183, 37.4193, 88.8786, 0, 1
1745407196.734, 3.495, 2.833, 0.1414, -1.1224, -3.0888, 3.0226, 37.4233, 88.8778, 0, 1
1745407196.813, 3.496, 2.833, 0.1414, -1.1224, -3.0888, 3.0208, 37.4254, 88.8821, 0, 1
1745407196.893, 3.496, 2.833, 0.1413, -1.1223, -3.0887, 3.0185, 37.4256, 88.8866, 0, 1
1745407196.972, 3.495, 2.833, 0.1413, -1.1224, -3.0887, 3.0173, 37.4252, 88.8879, 0, 1
1745407197.052, 3.495, 2.832, 0.1413, -1.1224, -3.0887, 3.0134, 37.4242, 88.8926, 0, 1
1745407197.132, 3.495, 2.832, 0.1413, -1.1223, -3.0887, 3.0082, 37.4207, 88.8961, 0, 1
1745407197.213, 3.494, 2.833, 0.1412, -1.1223, -3.0887, 3.0040, 37.4193, 88.8986, 0, 1
1745407197.291, 3.494, 2.833, 0.1412, -1.1223, -3.0887, 2.9993, 37.4189, 88.9013, 0, 1
1745407197.371, 3.494, 2.833, 0.1412, -1.1223, -3.0887, 2.9972, 37.4185, 88.9051, 0, 1
1745407197.450, 3.493, 2.834, 0.1412, -1.1223, -3.0887, 2.9994, 37.4190, 88.9047, 0, 1
1745407197.530, 3.493, 2.834, 0.1412, -1.1223, -3.0887, 3.0034, 37.4198, 88.9060, 0, 1
1745407197.610, 3.492, 2.834, 0.1412, -1.1223, -3.0887, 3.0059, 37.4207, 88.9090, 0, 1
1745407197.689, 3.491, 2.835, 0.1412, -1.1223, -3.0887, 3.0125, 37.4194, 88.9087, 0, 1
1745407197.771, 3.492, 2.834, 0.1411, -1.1223, -3.0887, 3.0209, 37.4190, 88.9026, 0, 1
1745407197.849, 3.492, 2.834, 0.1411, -1.1223, -3.0886, 3.0237, 37.4181, 88.9005, 0, 1
1745407197.928, 3.492, 2.834, 0.1411, -1.1223, -3.0886, 3.0246, 37.4170, 88.8988, 0, 1
1745407198.008, 3.493, 2.834, 0.1410, -1.1223, -3.0886, 3.0270, 37.4163, 88.8955, 0, 1
1745407198.207, 3.494, 2.833, 0.1410, -1.1223, -3.0886, 3.0306, 37.4184, 88.8943, 0, 1
1745407198.287, 3.495, 2.833, 0.1410, -1.1222, -3.0886, 3.0313, 37.4197, 88.8961, 0, 1
1745407198.366, 3.496, 2.833, 0.1410, -1.1222, -3.0886, 3.0358, 37.4216, 88.8930, 0, 1
1745407198.446, 3.496, 2.833, 0.1410, -1.1222, -3.0886, 3.0419, 37.4208, 88.8901, 0, 1
1745407198.526, 3.494, 2.833, 0.1409, -1.1222, -3.0886, 3.0470, 37.4187, 88.8861, 0, 1
1745407198.605, 3.493, 2.833, 0.1409, -1.1222, -3.0886, 3.0480, 37.4157, 88.8841, 0, 1
1745407198.685, 3.492, 2.834, 0.1409, -1.1222, -3.0886, 3.0448, 37.4128, 88.8868, 0, 1
1745407198.765, 3.491, 2.835, 0.1409, -1.1222, -3.0885, 3.0378, 37.4084, 88.8949, 0, 1
1745407198.844, 3.491, 2.835, 0.1409, -1.1222, -3.0885, 3.0291, 37.4070, 88.9017, 0, 1
1745407198.924, 3.491, 2.836, 0.1408, -1.1222, -3.0885, 3.0217, 37.4055, 88.9107, 0, 1
1745407199.003, 3.492, 2.835, 0.1408, -1.1222, -3.0885, 3.0137, 37.4056, 88.9166, 0, 1
1745407199.083, 3.493, 2.835, 0.1408, -1.1222, -3.0886, 3.0095, 37.4051, 88.9210, 0, 1
1745407199.165, 3.493, 2.834, 0.1408, -1.1222, -3.0885, 3.0105, 37.4040, 88.9202, 0, 1
1745407199.242, 3.493, 2.834, 0.1407, -1.1222, -3.0885, 3.0146, 37.4036, 88.9164, 0, 1
1745407199.322, 3.494, 2.833, 0.1407, -1.1221, -3.0885, 3.0208, 37.4044, 88.9098, 0, 1
1745407199.402, 3.493, 2.833, 0.1407, -1.1222, -3.0885, 3.0270, 37.4035, 88.9048, 0, 1
1745407199.481, 3.493, 2.834, 0.1407, -1.1222, -3.0885, 3.0348, 37.4021, 88.8961, 0, 1
1745407199.561, 3.493, 2.834, 0.1407, -1.1221, -3.0885, 3.0396, 37.4033, 88.8903, 0, 1
1745407199.641, 3.493, 2.834, 0.1407, -1.1222, -3.0884, 3.0406, 37.4040, 88.8887, 0, 1
1745407199.720, 3.493, 2.834, 0.1407, -1.1222, -3.0884, 3.0393, 37.4059, 88.8862, 0, 1
1745407199.802, 3.492, 2.834, 0.1407, -1.1222, -3.0885, 3.0400, 37.4059, 88.8850, 0, 1
1745407199.880, 3.491, 2.834, 0.1406, -1.1222, -3.0885, 3.0387, 37.4052, 88.8855, 0, 1
1745407199.959, 3.491, 2.834, 0.1406, -1.1222, -3.0884, 3.0341, 37.4038, 88.8890, 0, 1
1745407200.039, 3.491, 2.834, 0.1406, -1.1221, -3.0885, 3.0280, 37.4034, 88.8921, 0, 1
1745407200.119, 3.492, 2.834, 0.1406, -1.1221, -3.0885, 3.0214, 37.4010, 88.8966, 0, 1
1745407200.198, 3.491, 2.834, 0.1406, -1.1221, -3.0885, 3.0135, 37.4014, 88.9012, 0, 1
1745407200.278, 3.491, 2.834, 0.1406, -1.1221, -3.0885, 3.0055, 37.4039, 88.9082, 0, 1
1745407200.358, 3.491, 2.834, 0.1406, -1.1221, -3.0885, 3.0003, 37.4066, 88.9113, 0, 1
1745407200.441, 3.492, 2.834, 0.1406, -1.1221, -3.0885, 2.9972, 37.4072, 88.9150, 0, 1
1745407202.209, 3.491, 2.833, 0.1405, -1.1221, -3.0885, 3.0045, 37.4085, 88.9108, 0, 1
1745407202.289, 3.491, 2.834, 0.1404, -1.1220, -3.0884, 3.0138, 37.4091, 88.9061, 0, 1
1745407202.368, 3.492, 2.833, 0.1404, -1.1220, -3.0884, 3.0234, 37.4066, 88.8992, 0, 1
1745407202.448, 3.493, 2.832, 0.1403, -1.1220, -3.0884, 3.0311, 37.4053, 88.8966, 0, 1
1745407202.528, 3.492, 2.833, 0.1403, -1.1220, -3.0883, 3.0401, 37.4048, 88.8909, 0, 1
1745407202.607, 3.492, 2.834, 0.1403, -1.1220, -3.0883, 3.0426, 37.4044, 88.8912, 0, 1
1745407202.687, 3.493, 2.834, 0.1403, -1.1220, -3.0883, 3.0436, 37.4036, 88.8897, 0, 1
1745407202.767, 3.492, 2.834, 0.1403, -1.1220, -3.0883, 3.0428, 37.4040, 88.8919, 0, 1
1745407202.846, 3.491, 2.835, 0.1403, -1.1220, -3.0884, 3.0457, 37.4029, 88.8898, 0, 1
1745407202.926, 3.491, 2.834, 0.1403, -1.1220, -3.0884, 3.0486, 37.4027, 88.8888, 0, 1
1745407203.006, 3.491, 2.834, 0.1403, -1.1220, -3.0884, 3.0462, 37.4040, 88.8903, 0, 1
1745407203.085, 3.491, 2.834, 0.1403, -1.1220, -3.0883, 3.0420, 37.4062, 88.8950, 0, 1
1745407203.165, 3.491, 2.835, 0.1402, -1.1220, -3.0883, 3.0408, 37.4072, 88.8953, 0, 1
1745407203.245, 3.492, 2.836, 0.1402, -1.1220, -3.0883, 3.0370, 37.4087, 88.8957, 0, 1
1745407203.324, 3.492, 2.835, 0.1402, -1.1220, -3.0883, 3.0325, 37.4081, 88.8977, 0, 1
1745407203.404, 3.493, 2.835, 0.1402, -1.1220, -3.0883, 3.0305, 37.4061, 88.8991, 0, 1
1745407203.483, 3.494, 2.835, 0.1402, -1.1220, -3.0883, 3.0299, 37.4045, 88.8990, 0, 1
1745407203.563, 3.494, 2.835, 0.1402, -1.1220, -3.0883, 3.0297, 37.4053, 88.8987, 0, 1
1745407203.643, 3.493, 2.834, 0.1402, -1.1220, -3.0883, 3.0290, 37.4051, 88.8997, 0, 1
1745407203.723, 3.495, 2.836, 0.1402, -1.1220, -3.0883, 3.0268, 37.4067, 88.9017, 0, 1
1745407203.802, 3.494, 2.836, 0.1402, -1.1220, -3.0883, 3.0240, 37.4071, 88.9048, 0, 1
1745407203.882, 3.493, 2.835, 0.1402, -1.1220, -3.0883, 3.0234, 37.4050, 88.9044, 0, 1
1745407203.962, 3.493, 2.834, 0.1402, -1.1219, -3.0883, 3.0212, 37.4017, 88.9056, 0, 1
1745407204.041, 3.492, 2.833, 0.1402, -1.1220, -3.0883, 3.0206, 37.3991, 88.9071, 0, 1
1745407204.121, 3.490, 2.832, 0.1402, -1.1220, -3.0883, 3.0232, 37.3958, 88.9046, 0, 1
1745407204.200, 3.490, 2.832, 0.1402, -1.1220, -3.0883, 3.0261, 37.3941, 88.9009, 0, 1
1745407204.280, 3.490, 2.833, 0.1402, -1.1220, -3.0883, 3.0316, 37.3934, 88.8974, 0, 1
1745407204.360, 3.490, 2.834, 0.1402, -1.1220, -3.0883, 3.0378, 37.3922, 88.8949, 0, 1
1745407204.439, 3.492, 2.834, 0.1401, -1.1220, -3.0883, 3.0436, 37.3920, 88.8943, 0, 1
1745407204.519, 3.492, 2.834, 0.1402, -1.1220, -3.0883, 3.0479, 37.3916, 88.8926, 0, 1
1745407204.599, 3.493, 2.833, 0.1401, -1.1220, -3.0883, 3.0531, 37.3922, 88.8921, 0, 1
1745407204.678, 3.494, 2.832, 0.1402, -1.1220, -3.0883, 3.0508, 37.3933, 88.8939, 0, 1
1745407204.758, 3.494, 2.832, 0.1401, -1.1220, -3.0883, 3.0464, 37.3958, 88.8950, 0, 1
1745407204.838, 3.493, 2.831, 0.1401, -1.1219, -3.0883, 3.0455, 37.3959, 88.8906, 0, 1
1745407204.917, 3.493, 2.832, 0.1401, -1.1219, -3.0883, 3.0444, 37.3981, 88.8873, 0, 1
1745407204.997, 3.493, 2.832, 0.1401, -1.1219, -3.0883, 3.0424, 37.3987, 88.8846, 0, 1
1745407205.077, 3.492, 2.834, 0.1401, -1.1219, -3.0883, 3.0435, 37.4005, 88.8815, 0, 1
1745407205.156, 3.492, 2.835, 0.1401, -1.1219, -3.0883, 3.0454, 37.4014, 88.8786, 0, 1
1745407205.236, 3.492, 2.835, 0.1401, -1.1219, -3.0883, 3.0460, 37.4025, 88.8776, 0, 1
1745407205.315, 3.494, 2.835, 0.1401, -1.1219, -3.0882, 3.0453, 37.4030, 88.8796, 0, 1
1745407205.395, 3.494, 2.835, 0.1401, -1.1219, -3.0882, 3.0423, 37.4040, 88.8835, 0, 1
1745407205.475, 3.494, 2.834, 0.1401, -1.1219, -3.0883, 3.0400, 37.4035, 88.8861, 1, 1
1745407205.554, 3.494, 2.833, 0.1401, -1.1219, -3.0883, 3.0409, 37.4017, 88.8857, 1, 1
1745407205.634, 3.494, 2.833, 0.1401, -1.1219, -3.0883, 3.0417, 37.3999, 88.8845, 1, 1
1745407205.714, 3.494, 2.832, 0.1401, -1.1219, -3.0883, 3.0449, 37.3990, 88.8823, 1, 1
1745407205.793, 3.494, 2.832, 0.1401, -1.1219, -3.0883, 3.0473, 37.3963, 88.8787, 1, 1
1745407205.873, 3.494, 2.832, 0.1401, -1.1219, -3.0883, 3.0463, 37.3946, 88.8789, 1, 1
1745407205.952, 3.494, 2.833, 0.1401, -1.1219, -3.0883, 3.0420, 37.3964, 88.8807, 1, 1
1745407206.032, 3.495, 2.834, 0.1400, -1.1219, -3.0883, 3.0390, 37.3986, 88.8842, 1, 1
1745407206.112, 3.496, 2.834, 0.1400, -1.1219, -3.0882, 3.0322, 37.3991, 88.8888, 1, 1
1745407206.192, 3.496, 2.834, 0.1400, -1.1219, -3.0883, 3.0321, 37.4024, 88.8871, 1, 1
1745407206.271, 3.495, 2.834, 0.1400, -1.1219, -3.0883, 3.0371, 37.4051, 88.8815, 1, 1
1745407206.470, 3.494, 2.833, 0.1400, -1.1219, -3.0882, 3.0392, 37.4052, 88.8822, 1, 1
1745407206.550, 3.494, 2.833, 0.1400, -1.1219, -3.0882, 3.0385, 37.4065, 88.8823, 1, 1
1745407206.629, 3.494, 2.833, 0.1400, -1.1219, -3.0882, 3.0405, 37.4067, 88.8810, 1, 1
1745407206.709, 3.494, 2.833, 0.1400, -1.1219, -3.0882, 3.0429, 37.4055, 88.8814, 1, 1
1745407206.789, 3.493, 2.833, 0.1400, -1.1219, -3.0882, 3.0434, 37.4054, 88.8838, 1, 1
1745407209.039, 3.493, 2.834, 0.1400, -1.1219, -3.0882, 3.0414, 37.4046, 88.8895, 1, 1
1745407209.118, 3.492, 2.834, 0.1399, -1.1219, -3.0882, 3.0400, 37.4033, 88.8972, 1, 1
1745407209.198, 3.492, 2.834, 0.1399, -1.1219, -3.0882, 3.0395, 37.4045, 88.9001, 1, 1
1745407209.278, 3.492, 2.834, 0.1399, -1.1219, -3.0882, 3.0338, 37.4044, 88.9086, 1, 1
1745407209.357, 3.492, 2.833, 0.1399, -1.1219, -3.0882, 3.0310, 37.4007, 88.9148, 1, 1
1745407209.437, 3.493, 2.833, 0.1400, -1.1219, -3.0882, 3.0358, 37.3981, 88.9099, 1, 1
1745407209.516, 3.492, 2.833, 0.1400, -1.1219, -3.0883, 3.0349, 37.3962, 88.9085, 1, 1
1745407209.596, 3.492, 2.833, 0.1400, -1.1219, -3.0882, 3.0366, 37.3940, 88.9102, 1, 1
1745407209.676, 3.491, 2.834, 0.1400, -1.1219, -3.0882, 3.0377, 37.3928, 88.9095, 1, 1
1745407209.756, 3.490, 2.834, 0.1400, -1.1219, -3.0882, 3.0352, 37.3938, 88.9104, 1, 1
1745407209.835, 3.489, 2.835, 0.1400, -1.1219, -3.0882, 3.0306, 37.3961, 88.9142, 1, 1
1745407209.915, 3.490, 2.835, 0.1400, -1.1219, -3.0882, 3.0344, 37.3981, 88.9099, 1, 1
1745407209.994, 3.491, 2.835, 0.1400, -1.1219, -3.0882, 3.0368, 37.3980, 88.9038, 1, 1
1745407210.074, 3.493, 2.835, 0.1400, -1.1219, -3.0882, 3.0421, 37.3970, 88.8969, 1, 1
1745407210.154, 3.493, 2.834, 0.1400, -1.1218, -3.0882, 3.0466, 37.3965, 88.8910, 1, 1
1745407210.233, 3.493, 2.833, 0.1399, -1.1219, -3.0882, 3.0513, 37.3965, 88.8859, 1, 1
1745407210.313, 3.492, 2.832, 0.1400, -1.1219, -3.0882, 3.0563, 37.3957, 88.8833, 1, 1
1745407210.393, 3.492, 2.833, 0.1400, -1.1219, -3.0882, 3.0579, 37.3963, 88.8848, 1, 1
1745407210.474, 3.491, 2.833, 0.1400, -1.1219, -3.0882, 3.0598, 37.3966, 88.8859, 1, 1
1745407210.552, 3.492, 2.834, 0.1400, -1.1219, -3.0882, 3.0577, 37.3974, 88.8899, 1, 1
1745407210.632, 3.492, 2.835, 0.1400, -1.1218, -3.0882, 3.0574, 37.3975, 88.8941, 1, 1
1745407210.711, 3.493, 2.836, 0.1400, -1.1218, -3.0882, 3.0560, 37.3984, 88.8993, 1, 1
1745407210.791, 3.492, 2.835, 0.1400, -1.1218, -3.0882, 3.0517, 37.3998, 88.9062, 1, 1
1745407210.871, 3.492, 2.835, 0.1400, -1.1218, -3.0882, 3.0461, 37.4006, 88.9132, 1, 1
1745407210.950, 3.491, 2.835, 0.1400, -1.1218, -3.0882, 3.0470, 37.4003, 88.9130, 1, 1
1745407211.030, 3.491, 2.834, 0.1399, -1.1219, -3.0882, 3.0480, 37.4017, 88.9095, 1, 1
1745407211.109, 3.490, 2.834, 0.1399, -1.1218, -3.0882, 3.0495, 37.4015, 88.9045, 1, 1
1745407211.191, 3.491, 2.834, 0.1399, -1.1218, -3.0882, 3.0539, 37.3998, 88.8987, 1, 1
1745407211.269, 3.491, 2.833, 0.1399, -1.1218, -3.0882, 3.0544, 37.3994, 88.8997, 1, 1
1745407211.348, 3.491, 2.832, 0.1399, -1.1218, -3.0882, 3.0535, 37.4000, 88.9032, 1, 1
1745407211.468, 3.491, 2.833, 0.1399, -1.1218, -3.0882, 3.0517, 37.3976, 88.9067, 1, 1
1745407211.547, 3.491, 2.833, 0.1399, -1.1218, -3.0882, 3.0453, 37.3968, 88.9110, 1, 1
1745407211.629, 3.491, 2.833, 0.1399, -1.1218, -3.0882, 3.0369, 37.3966, 88.9171, 1, 1
1745407211.707, 3.492, 2.835, 0.1399, -1.1218, -3.0882, 3.0325, 37.3982, 88.9176, 1, 1
1745407211.786, 3.492, 2.835, 0.1399, -1.1219, -3.0882, 3.0261, 37.3989, 88.9187, 1, 1
1745407211.866, 3.493, 2.835, 0.1400, -1.1218, -3.0882, 3.0198, 37.4002, 88.9212, 1, 1
1745407211.948, 3.493, 2.836, 0.1399, -1.1218, -3.0882, 3.0184, 37.4001, 88.9215, 1, 1
1745407212.025, 3.492, 2.835, 0.1399, -1.1218, -3.0882, 3.0204, 37.4003, 88.9164, 1, 1
1745407212.105, 3.492, 2.834, 0.1399, -1.1218, -3.0882, 3.0267, 37.3987, 88.9109, 1, 1
1745407212.185, 3.493, 2.834, 0.1399, -1.1218, -3.0882, 3.0367, 37.3982, 88.9045, 1, 1
1745407212.264, 3.492, 2.833, 0.1399, -1.1218, -3.0882, 3.0461, 37.3983, 88.9004, 1, 1
1745407212.344, 3.492, 2.832, 0.1400, -1.1218, -3.0882, 3.0515, 37.3995, 88.9008, 1, 1
1745407212.424, 3.492, 2.832, 0.1399, -1.1218, -3.0882, 3.0561, 37.4029, 88.9028, 1, 1
1745407212.623, 3.492, 2.832, 0.1399, -1.1218, -3.0882, 3.0529, 37.4026, 88.9028, 1, 1
1745407212.702, 3.491, 2.833, 0.1400, -1.1218, -3.0882, 3.0464, 37.4027, 88.9078, 1, 1
1745407212.782, 3.492, 2.833, 0.1400, -1.1218, -3.0882, 3.0357, 37.4019, 88.9138, 1, 1
1745407212.862, 3.493, 2.834, 0.1400, -1.1219, -3.0882, 3.0299, 37.4018, 88.9152, 1, 1
1745407212.941, 3.494, 2.834, 0.1401, -1.1219, -3.0882, 3.0204, 37.4009, 88.9154, 1, 1
1745407213.021, 3.493, 2.835, 0.1401, -1.1219, -3.0882, 3.0112, 37.4006, 88.9288, 1, 1
1745407213.101, 3.493, 2.834, 0.1401, -1.1219, -3.0881, 2.9888, 37.3988, 88.9600, 1, 1
1745407213.180, 3.493, 2.835, 0.1402, -1.1218, -3.0875, 2.8455, 37.4387, 89.2329, 1, 1
1745407213.260, 3.492, 2.835, 0.1407, -1.1210, -3.0860, 2.5823, 38.0703, 90.1878, 1, 1
1745407213.340, 3.492, 2.835, 0.1414, -1.1197, -3.0840, 2.2856, 39.0667, 91.5898, 1, 1
1745407213.419, 3.488, 2.834, 0.1431, -1.1184, -3.0825, 1.9102, 40.3408, 92.9485, 1, 1
1745407213.499, 3.485, 2.581, 0.1453, -1.1168, -3.0817, 1.7054, 41.8166, 94.4444, 1, 1
1745407213.579, 3.482, 2.440, 0.1500, -1.1143, -3.0857, 2.4184, 42.9966, 94.6410, 1, 1
1745407213.658, 3.482, 2.159, 0.1595, -1.1093, -3.0957, 3.4953, 43.8050, 93.3193, 1, 1
1745407213.738, 3.485, 1.878, 0.1774, -1.1000, -3.1122, 4.3404, 44.0020, 90.8079, 1, 1
1745407213.817, 3.495, 1.888, 0.2050, -1.0862, -3.1351, 5.0037, 43.8261, 87.6508, 1, 1
1745407213.897, 3.504, 2.164, 0.2421, -1.0703, -3.1644, 5.5675, 43.3751, 83.9748, 1, 1
1745407213.977, 3.514, 2.347, 0.2846, -1.0555, -3.1942, 5.0037, 43.0838, 81.7368, 1, 1
1745407214.056, 3.523, 2.688, 0.3281, -1.0456, -3.2225, 3.9470, 42.3402, 80.8123, 1, 1
1745407214.136, 3.528, 3.030, 0.3673, -1.0427, -3.2478, 3.4210, 41.9232, 80.7532, 1, 1
1745407214.216, 3.533, 3.087, 0.3998, -1.0469, -3.2683, 3.2370, 41.6998, 81.6365, 1, 1
1745407214.295, 3.539, 3.136, 0.4260, -1.0560, -3.2823, 2.7111, 41.3309, 83.3845, 1, 1
1745407214.375, 3.544, 3.167, 0.4466, -1.0669, -3.2916, 2.2759, 40.7592, 85.1380, 1, 1
1745407214.455, 3.551, 3.181, 0.4626, -1.0776, -3.2975, 2.0217, 40.2886, 86.6757, 1, 1
1745407214.534, 3.562, 3.195, 0.4747, -1.0872, -3.3004, 1.4918, 39.8005, 88.2108, 1, 1
1745407214.614, 3.572, 3.204, 0.4831, -1.0954, -3.3015, 0.6837, 39.3843, 89.7241, 1, 1
1745407214.694, 3.581, 3.210, 0.4874, -1.1021, -3.3030, 0.6308, 39.2982, 90.4558, 1, 1
1745407214.773, 3.590, 3.213, 0.4894, -1.1069, -3.3050, 0.7562, 39.4766, 90.7524, 1, 1
1745407214.853, 3.594, 3.216, 0.4904, -1.1107, -3.3072, 0.9571, 39.9731, 90.7901, 1, 1
1745407214.932, 3.595, 3.219, 0.4910, -1.1133, -3.3094, 1.1270, 40.4554, 90.6866, 1, 1
1745407215.012, 3.589, 3.221, 0.4913, -1.1149, -3.3115, 1.5121, 40.6785, 90.2998, 1, 1
1745407215.092, 3.587, 3.223, 0.4920, -1.1155, -3.3127, 1.4214, 40.6831, 90.1760, 1, 1
1745407215.171, 3.584, 3.225, 0.4924, -1.1159, -3.3134, 1.3873, 40.7137, 90.0980, 1, 1
1745407215.251, 3.582, 3.227, 0.4926, -1.1161, -3.3139, 1.3427, 40.5671, 90.0182, 1, 1
1745407215.331, 3.582, 3.228, 0.4926, -1.1163, -3.3143, 1.3468, 40.3765, 89.9549, 1, 1
1745407215.410, 3.583, 3.227, 0.4929, -1.1163, -3.3148, 1.3403, 40.2590, 89.9223, 1, 1
1745407215.490, 3.583, 3.228, 0.4934, -1.1164, -3.3153, 1.3523, 40.2438, 89.9005, 1, 1
1745407215.569, 3.584, 3.229, 0.4937, -1.1164, -3.3158, 1.3791, 40.2373, 89.8755, 1, 1
1745407215.649, 3.585, 3.230, 0.4941, -1.1164, -3.3162, 1.4178, 40.2234, 89.8394, 1, 1
1745407215.729, 3.585, 3.230, 0.4943, -1.1164, -3.3166, 1.4591, 40.2092, 89.8128, 1, 1
1745407215.808, 3.587, 3.232, 0.4944, -1.1163, -3.3167, 1.4927, 40.2101, 89.7960, 1, 1
1745407215.888, 3.587, 3.233, 0.4944, -1.1163, -3.3168, 1.5175, 40.2169, 89.7798, 1, 1
1745407215.968, 3.587, 3.232, 0.4945, -1.1163, -3.3169, 1.5387, 40.2223, 89.7671, 1, 1
1745407216.047, 3.586, 3.233, 0.4945, -1.1163, -3.3169, 1.5481, 40.2236, 89.7687, 1, 1
1745407216.127, 3.587, 3.233, 0.4945, -1.1163, -3.3168, 1.5501, 40.2189, 89.7666, 1, 1
1745407216.207, 3.586, 3.233, 0.4945, -1.1163, -3.3169, 1.5545, 40.2185, 89.7661, 1, 1
1745407216.286, 3.586, 3.233, 0.4945, -1.1163, -3.3169, 1.5565, 40.2170, 89.7672, 1, 1
1745407216.366, 3.585, 3.234, 0.4945, -1.1163, -3.3168, 1.5561, 40.2156, 89.7701, 1, 1
1745407216.446, 3.586, 3.234, 0.4945, -1.1163, -3.3168, 1.5551, 40.2149, 89.7720, 1, 1
1745407216.525, 3.586, 3.234, 0.4945, -1.1163, -3.3169, 1.5558, 40.2137, 89.7749, 1, 1
1745407216.605, 3.587, 3.233, 0.4945, -1.1163, -3.3169, 1.5560, 40.2125, 89.7778, 1, 1
1745407216.685, 3.587, 3.232, 0.4945, -1.1163, -3.3169, 1.5539, 40.2132, 89.7818, 1, 1
1745407216.764, 3.588, 3.232, 0.4946, -1.1163, -3.3169, 1.5535, 40.2138, 89.7840, 1, 1
1745407216.844, 3.587, 3.233, 0.4946, -1.1163, -3.3169, 1.5520, 40.2148, 89.7869, 1, 1
1745407216.924, 3.587, 3.232, 0.4946, -1.1163, -3.3169, 1.5494, 40.2162, 89.7887, 1, 1
1745407217.003, 3.586, 3.231, 0.4946, -1.1163, -3.3169, 1.5477, 40.2182, 89.7893, 1, 1
1745407217.083, 3.585, 3.231, 0.4946, -1.1164, -3.3169, 1.5473, 40.2179, 89.7895, 1, 1
1745407217.162, 3.585, 3.231, 0.4946, -1.1163, -3.3169, 1.5451, 40.2191, 89.7910, 1, 1
1745407217.242, 3.585, 3.231, 0.4946, -1.1164, -3.3169, 1.5449, 40.2182, 89.7906, 1, 1
1745407217.322, 3.585, 3.232, 0.4946, -1.1164, -3.3169, 1.5435, 40.2185, 89.7900, 1, 1
1745407217.401, 3.585, 3.233, 0.4946, -1.1164, -3.3169, 1.5447, 40.2185, 89.7883, 1, 1
1745407217.481, 3.586, 3.232, 0.4946, -1.1164, -3.3169, 1.5461, 40.2189, 89.7872, 1, 1
1745407217.561, 3.587, 3.232, 0.4946, -1.1164, -3.3169, 1.5499, 40.2185, 89.7829, 1, 1
1745407217.640, 3.587, 3.231, 0.4947, -1.1164, -3.3169, 1.5550, 40.2190, 89.7801, 1, 1
1745407217.720, 3.587, 3.232, 0.4947, -1.1164, -3.3169, 1.5621, 40.2194, 89.7756, 1, 1
1745407217.800, 3.587, 3.232, 0.4947, -1.1164, -3.3169, 1.5658, 40.2194, 89.7761, 1, 1
1745407217.879, 3.586, 3.232, 0.4947, -1.1164, -3.3169, 1.5698, 40.2208, 89.7756, 1, 1
1745407217.959, 3.585, 3.232, 0.4947, -1.1164, -3.3169, 1.5719, 40.2201, 89.7777, 1, 1
1745407218.039, 3.585, 3.231, 0.4947, -1.1164, -3.3169, 1.5704, 40.2196, 89.7800, 1, 1
1745407218.118, 3.585, 3.230, 0.4947, -1.1164, -3.3169, 1.5686, 40.2183, 89.7842, 1, 1
1745407218.198, 3.585, 3.230, 0.4947, -1.1164, -3.3169, 1.5705, 40.2168, 89.7829, 1, 1
1745407218.277, 3.585, 3.231, 0.4947, -1.1164, -3.3169, 1.5703, 40.2138, 89.7841, 1, 1
1745407218.357, 3.585, 3.231, 0.4947, -1.1164, -3.3170, 1.5709, 40.2133, 89.7844, 1, 1
1745407218.437, 3.585, 3.231, 0.4947, -1.1164, -3.3169, 1.5716, 40.2139, 89.7856, 1, 1
1745407218.516, 3.585, 3.232, 0.4948, -1.1164, -3.3170, 1.5738, 40.2144, 89.7864, 1, 1
1745407218.596, 3.584, 3.232, 0.4948, -1.1164, -3.3170, 1.5727, 40.2156, 89.7896, 1, 1
1745407218.676, 3.584, 3.232, 0.4948, -1.1164, -3.3170, 1.5696, 40.2169, 89.7924, 1, 1
1745407218.755, 3.585, 3.233, 0.4948, -1.1165, -3.3169, 1.5667, 40.2176, 89.7974, 1, 1
1745407218.835, 3.585, 3.233, 0.4948, -1.1165, -3.3170, 1.5659, 40.2164, 89.7968, 1, 1
1745407218.915, 3.584, 3.234, 0.4948, -1.1165, -3.3170, 1.5633, 40.2162, 89.7967, 1, 1
1745407218.994, 3.585, 3.232, 0.4948, -1.1165, -3.3170, 1.5639, 40.2146, 89.7965, 1, 1
1745407219.074, 3.586, 3.234, 0.4948, -1.1165, -3.3170, 1.5685, 40.2140, 89.7945, 1, 1
1745407219.153, 3.586, 3.234, 0.4948, -1.1165, -3.3170, 1.5712, 40.2140, 89.7904, 1, 1
1745407219.233, 3.586, 3.234, 0.4949, -1.1165, -3.3170, 1.5740, 40.2152, 89.7883, 1, 1
1745407219.313, 3.587, 3.233, 0.4949, -1.1165, -3.3170, 1.5780, 40.2164, 89.7861, 1, 1
1745407219.392, 3.587, 3.234, 0.4949, -1.1165, -3.3170, 1.5801, 40.2179, 89.7853, 1, 1
1745407219.472, 3.587, 3.233, 0.4949, -1.1165, -3.3170, 1.5793, 40.2190, 89.7857, 1, 1
1745407219.552, 3.588, 3.233, 0.4950, -1.1165, -3.3170, 1.5804, 40.2188, 89.7880, 1, 1
1745407219.631, 3.587, 3.233, 0.4950, -1.1165, -3.3170, 1.5808, 40.2197, 89.7908, 1, 1
1745407219.711, 3.587, 3.234, 0.4950, -1.1165, -3.3170, 1.5784, 40.2191, 89.7953, 1, 1
1745407219.791, 3.586, 3.234, 0.4950, -1.1165, -3.3171, 1.5787, 40.2186, 89.7971, 1, 1
1745407219.870, 3.586, 3.234, 0.4950, -1.1165, -3.3170, 1.5793, 40.2180, 89.8007, 1, 1
1745407219.950, 3.585, 3.233, 0.4950, -1.1165, -3.3171, 1.5810, 40.2180, 89.7999, 1, 1
1745407220.030, 3.586, 3.232, 0.4950, -1.1165, -3.3171, 1.5832, 40.2172, 89.7988, 1, 1
1745407220.109, 3.585, 3.231, 0.4950, -1.1165, -3.3170, 1.5869, 40.2162, 89.7959, 1, 1
1745407220.189, 3.585, 3.230, 0.4950, -1.1165, -3.3170, 1.5855, 40.2161, 89.7955, 1, 1
1745407220.268, 3.585, 3.231, 0.4950, -1.1165, -3.3171, 1.5847, 40.2172, 89.7938, 1, 1
1745407220.348, 3.585, 3.232, 0.4950, -1.1166, -3.3171, 1.5847, 40.2185, 89.7938, 1, 1
1745407220.428, 3.584, 3.232, 0.4950, -1.1165, -3.3170, 1.5813, 40.2195, 89.7965, 1, 1
1745407220.508, 3.585, 3.233, 0.4951, -1.1165, -3.3171, 1.5800, 40.2226, 89.7970, 1, 1
1745407220.587, 3.586, 3.233, 0.4951, -1.1165, -3.3171, 1.5851, 40.2253, 89.7932, 1, 1
1745407220.667, 3.587, 3.233, 0.4950, -1.1165, -3.3171, 1.5893, 40.2268, 89.7880, 1, 1
1745407220.746, 3.587, 3.233, 0.4950, -1.1165, -3.3170, 1.5893, 40.2270, 89.7853, 1, 1
1745407220.826, 3.588, 3.233, 0.4950, -1.1166, -3.3171, 1.5917, 40.2268, 89.7818, 1, 1
1745407220.906, 3.587, 3.233, 0.4950, -1.1166, -3.3171, 1.5926, 40.2241, 89.7816, 1, 1
1745407220.985, 3.587, 3.233, 0.4950, -1.1165, -3.3171, 1.5871, 40.2215, 89.7844, 1, 1
1745407221.065, 3.586, 3.232, 0.4950, -1.1165, -3.3170, 1.5825, 40.2190, 89.7882, 1, 1
1745407221.145, 3.586, 3.233, 0.4951, -1.1165, -3.3170, 1.5821, 40.2167, 89.7895, 1, 1
1745407221.224, 3.586, 3.233, 0.4951, -1.1165, -3.3170, 1.5804, 40.2152, 89.7900, 1, 1
1745407221.304, 3.586, 3.233, 0.4951, -1.1165, -3.3170, 1.5777, 40.2138, 89.7921, 1, 1
1745407221.384, 3.586, 3.233, 0.4951, -1.1165, -3.3170, 1.5786, 40.2135, 89.7920, 1, 1
1745407221.463, 3.586, 3.234, 0.4951, -1.1166, -3.3171, 1.5781, 40.2141, 89.7921, 1, 1
1745407221.543, 3.587, 3.234, 0.4951, -1.1166, -3.3171, 1.5773, 40.2145, 89.7915, 1, 1
1745407221.623, 3.587, 3.234, 0.4951, -1.1166, -3.3171, 1.5798, 40.2154, 89.7900, 1, 1
1745407221.702, 3.587, 3.233, 0.4951, -1.1166, -3.3171, 1.5834, 40.2178, 89.7856, 1, 1
1745407221.782, 3.587, 3.234, 0.4952, -1.1166, -3.3171, 1.5847, 40.2184, 89.7834, 1, 1
1745407221.862, 3.586, 3.233, 0.4951, -1.1166, -3.3170, 1.5907, 40.2201, 89.7794, 1, 1
1745407221.941, 3.586, 3.231, 0.4951, -1.1166, -3.3170, 1.5917, 40.2218, 89.7780, 1, 1
1745407222.021, 3.586, 3.231, 0.4951, -1.1166, -3.3170, 1.5917, 40.2237, 89.7771, 1, 1
1745407222.100, 3.585, 3.231, 0.4951, -1.1166, -3.3171, 1.5921, 40.2263, 89.7748, 1, 1
1745407222.180, 3.586, 3.230, 0.4951, -1.1166, -3.3171, 1.5913, 40.2300, 89.7770, 1, 1
1745407222.260, 3.587, 3.232, 0.4951, -1.1166, -3.3171, 1.5883, 40.2310, 89.7781, 1, 1
1745407222.339, 3.586, 3.233, 0.4951, -1.1166, -3.3171, 1.5866, 40.2322, 89.7796, 1, 1
1745407222.419, 3.586, 3.232, 0.4952, -1.1166, -3.3171, 1.5837, 40.2316, 89.7814, 1, 1
1745407222.499, 3.586, 3.233, 0.4952, -1.1166, -3.3171, 1.5823, 40.2285, 89.7864, 1, 1
1745407222.578, 3.586, 3.233, 0.4957, -1.1166, -3.3177, 1.5772, 40.2375, 89.7970, 1, 1
1745407222.658, 3.586, 3.232, 0.4973, -1.1165, -3.3195, 1.5645, 40.2406, 89.8063, 1, 1
1745407222.738, 3.585, 3.232, 0.5005, -1.1164, -3.3231, 1.5392, 40.2903, 89.8146, 1, 1
1745407222.817, 3.585, 3.233, 0.5055, -1.1163, -3.3289, 1.5117, 40.3869, 89.8169, 1, 1
1745407222.897, 3.586, 3.236, 0.5125, -1.1163, -3.3369, 1.4871, 40.5206, 89.8334, 1, 1
1745407222.976, 3.584, 3.243, 0.5206, -1.1161, -3.3462, 1.4606, 40.6665, 89.8542, 1, 1
1745407223.056, 3.582, 3.253, 0.5291, -1.1159, -3.3562, 1.4426, 40.8452, 89.8612, 1, 1
1745407223.136, 3.582, 3.264, 0.5374, -1.1158, -3.3659, 1.4760, 40.9941, 89.8417, 1, 1
1745407223.215, 3.582, 3.277, 0.5452, -1.1156, -3.3750, 1.5037, 41.1092, 89.8275, 1, 1
1745407223.295, 3.580, 3.291, 0.5526, -1.1154, -3.3835, 1.5148, 41.2065, 89.7874, 1, 1
1745407223.375, 3.583, 3.304, 0.5599, -1.1152, -3.3917, 1.5213, 41.3047, 89.7388, 1, 1
1745407223.454, 3.585, 3.315, 0.5672, -1.1151, -3.4000, 1.5195, 41.3865, 89.7084, 1, 1
1745407223.536, 3.587, 3.325, 0.5749, -1.1150, -3.4087, 1.4901, 41.4865, 89.6950, 1, 1
1745407223.733, 3.588, 3.339, 0.5852, -1.1148, -3.4204, 1.4935, 41.6218, 89.6820, 1, 1
1745407223.932, 3.591, 3.357, 0.5979, -1.1145, -3.4348, 1.5403, 41.8137, 89.6433, 1, 1
1745407224.131, 3.592, 3.378, 0.6134, -1.1142, -3.4522, 1.5573, 42.0647, 89.6443, 1, 1
1745407224.331, 3.593, 3.404, 0.6318, -1.1138, -3.4727, 1.5902, 42.3771, 89.6698, 1, 1
1745407224.410, 3.595, 3.433, 0.6504, -1.1134, -3.4932, 1.6149, 42.6830, 89.6856, 1, 1
1745407224.490, 3.596, 3.460, 0.6671, -1.1132, -3.5115, 1.6424, 42.9609, 89.6765, 1, 1
1745407224.570, 3.597, 3.483, 0.6822, -1.1129, -3.5275, 1.5987, 43.0673, 89.7242, 1, 1
1745407224.649, 3.598, 3.505, 0.6956, -1.1125, -3.5408, 1.5642, 42.5493, 89.7266, 1, 1
1745407224.729, 3.599, 3.520, 0.7065, -1.1121, -3.5514, 1.6293, 41.6838, 89.5042, 1, 1
1745407224.808, 3.599, 3.534, 0.7166, -1.1117, -3.5616, 1.7753, 40.6712, 89.2007, 1, 1
1745407224.888, 3.601, 3.547, 0.7254, -1.1110, -3.5709, 2.1049, 39.4309, 88.8822, 1, 1
1745407224.968, 3.603, 3.560, 0.7333, -1.1106, -3.5800, 2.4685, 38.2964, 88.5508, 1, 1
1745407225.047, 3.609, 3.572, 0.7406, -1.1101, -3.5899, 2.8665, 37.6853, 88.2357, 1, 1
1745407225.127, 3.615, 3.584, 0.7487, -1.1099, -3.6007, 3.0992, 37.3264, 88.1360, 1, 1
1745407225.207, 3.621, 3.597, 0.7586, -1.1101, -3.6131, 3.0354, 37.0765, 88.3991, 1, 1
1745407225.286, 3.625, 3.611, 0.7703, -1.1099, -3.6266, 2.6588, 37.0295, 88.7879, 1, 1
1745407225.366, 3.629, 3.628, 0.7828, -1.1092, -3.6414, 2.3420, 36.9476, 89.0920, 1, 1
1745407225.446, 3.624, 3.647, 0.7952, -1.1092, -3.6562, 1.9972, 36.8838, 89.3979, 1, 1
1745407225.525, 3.619, 3.666, 0.8068, -1.1092, -3.6702, 1.7185, 36.8368, 89.6673, 1, 1
1745407225.605, 3.615, 3.686, 0.8170, -1.1090, -3.6833, 1.6482, 36.7658, 89.6762, 1, 1
1745407225.684, 3.611, 3.705, 0.8267, -1.1091, -3.6961, 1.6764, 36.6868, 89.5959, 1, 1
1745407225.764, 3.606, 3.723, 0.8359, -1.1096, -3.7083, 1.6532, 36.6122, 89.5929, 1, 1
1745407225.844, 3.606, 3.739, 0.8450, -1.1096, -3.7204, 1.6817, 36.5343, 89.5698, 1, 1
1745407225.923, 3.606, 3.755, 0.8544, -1.1095, -3.7329, 1.7124, 36.4486, 89.5677, 1, 1
1745407226.003, 3.605, 3.771, 0.8641, -1.1092, -3.7460, 1.7577, 36.3894, 89.5553, 1, 1
1745407226.083, 3.604, 3.786, 0.8742, -1.1090, -3.7595, 1.8135, 36.3244, 89.5401, 1, 1
1745407226.162, 3.604, 3.803, 0.8844, -1.1088, -3.7732, 1.8576, 36.2674, 89.5412, 1, 1
1745407226.242, 3.603, 3.819, 0.8945, -1.1086, -3.7868, 1.8782, 36.2135, 89.5492, 1, 1
1745407226.321, 3.603, 3.836, 0.9044, -1.1083, -3.8000, 1.9043, 36.1744, 89.5636, 1, 1
1745407226.401, 3.602, 3.853, 0.9142, -1.1081, -3.8129, 1.8838, 36.1405, 89.6037, 1, 1
1745407226.481, 3.601, 3.870, 0.9236, -1.1078, -3.8255, 1.8465, 36.1138, 89.6794, 1, 1
1745407226.561, 3.601, 3.886, 0.9331, -1.1077, -3.8380, 1.8301, 36.0814, 89.7199, 1, 1
1745407226.640, 3.600, 3.902, 0.9427, -1.1074, -3.8507, 1.7944, 36.0161, 89.7644, 1, 1
1745407226.720, 3.599, 3.918, 0.9525, -1.1072, -3.8636, 1.7520, 35.9274, 89.7989, 1, 1
1745407226.800, 3.598, 3.935, 0.9625, -1.1069, -3.8769, 1.7252, 35.8214, 89.8341, 1, 1
1745407226.879, 3.596, 3.953, 0.9727, -1.1068, -3.8904, 1.7299, 35.6973, 89.8497, 1, 1
1745407226.959, 3.593, 3.970, 0.9829, -1.1066, -3.9039, 1.6985, 35.5861, 89.9051, 1, 1
1745407227.038, 3.591, 3.988, 0.9929, -1.1063, -3.9173, 1.6853, 35.5049, 89.9439, 1, 1
1745407227.118, 3.589, 4.005, 1.0028, -1.1061, -3.9306, 1.6675, 35.4268, 89.9675, 1, 1
1745407227.198, 3.587, 4.022, 1.0117, -1.1060, -3.9427, 1.6637, 35.3671, 89.9751, 1, 1
1745407227.277, 3.587, 4.038, 1.0188, -1.1058, -3.9522, 1.6306, 35.3344, 89.9838, 1, 1
1745407227.357, 3.588, 4.054, 1.0237, -1.1056, -3.9588, 1.6241, 35.3156, 89.9741, 1, 1
1745407227.437, 3.587, 4.065, 1.0265, -1.1055, -3.9626, 1.6145, 35.3008, 89.9775, 1, 1
1745407227.556, 3.587, 4.076, 1.0273, -1.1055, -3.9637, 1.6033, 35.3073, 89.9973, 1, 1
1745407227.636, 3.587, 4.082, 1.0270, -1.1054, -3.9633, 1.5988, 35.3181, 90.0149, 1, 1
1745407227.716, 3.587, 4.084, 1.0266, -1.1054, -3.9627, 1.6013, 35.3238, 90.0205, 1, 1
1745407227.795, 3.587, 4.083, 1.0258, -1.1054, -3.9617, 1.6056, 35.3425, 90.0235, 1, 1
1745407227.875, 3.587, 4.083, 1.0246, -1.1054, -3.9601, 1.6088, 35.3855, 90.0114, 1, 1
1745407227.955, 3.588, 4.082, 1.0225, -1.1054, -3.9572, 1.6142, 35.4289, 90.0108, 1, 1
1745407228.034, 3.588, 4.080, 1.0194, -1.1054, -3.9529, 1.6236, 35.4690, 90.0106, 1, 1
1745407228.114, 3.588, 4.078, 1.0153, -1.1055, -3.9473, 1.6219, 35.5354, 90.0190, 1, 1
1745407228.194, 3.588, 4.073, 1.0108, -1.1057, -3.9412, 1.6244, 35.5897, 90.0242, 1, 1
1745407228.273, 3.587, 4.065, 1.0065, -1.1058, -3.9354, 1.6283, 35.6195, 90.0361, 1, 1
1745407228.353, 3.586, 4.057, 1.0028, -1.1060, -3.9304, 1.6315, 35.6668, 90.0344, 1, 1
1745407228.432, 3.586, 4.049, 0.9996, -1.1061, -3.9263, 1.6314, 35.7835, 90.0308, 1, 1
1745407228.512, 3.586, 4.041, 0.9968, -1.1062, -3.9230, 1.6516, 35.9499, 90.0147, 1, 1
1745407228.592, 3.586, 4.035, 0.9943, -1.1063, -3.9201, 1.6543, 36.2101, 90.0005, 1, 1
1745407228.671, 3.586, 4.030, 0.9916, -1.1064, -3.9171, 1.6646, 36.5752, 89.9782, 1, 1
1745407228.751, 3.586, 4.025, 0.9884, -1.1065, -3.9139, 1.6684, 37.0380, 89.9599, 1, 1
1745407228.830, 3.584, 4.019, 0.9851, -1.1066, -3.9104, 1.6805, 37.5205, 89.9326, 1, 1
1745407228.910, 3.584, 4.014, 0.9816, -1.1067, -3.9066, 1.6936, 37.9402, 89.9020, 1, 1
1745407228.990, 3.582, 4.007, 0.9779, -1.1068, -3.9028, 1.7276, 38.2669, 89.8610, 1, 1
1745407229.069, 3.580, 4.002, 0.9743, -1.1069, -3.8988, 1.7507, 38.4944, 89.8291, 1, 1
1745407229.149, 3.578, 3.996, 0.9709, -1.1069, -3.8948, 1.7695, 38.6295, 89.8008, 1, 1
1745407229.229, 3.578, 3.990, 0.9675, -1.1070, -3.8908, 1.7832, 38.6983, 89.7742, 1, 1
1745407229.308, 3.576, 3.984, 0.9639, -1.1070, -3.8866, 1.7971, 38.7708, 89.7505, 1, 1
1745407229.388, 3.577, 3.979, 0.9603, -1.1071, -3.8823, 1.8018, 38.8471, 89.7397, 1, 1
1745407229.468, 3.577, 3.973, 0.9566, -1.1071, -3.8779, 1.8211, 38.9215, 89.7201, 1, 1
1745407229.547, 3.578, 3.967, 0.9527, -1.1072, -3.8734, 1.8498, 38.9707, 89.7004, 1, 1
1745407229.627, 3.577, 3.961, 0.9488, -1.1072, -3.8689, 1.8825, 39.0221, 89.6893, 1, 1
1745407229.706, 3.577, 3.956, 0.9449, -1.1073, -3.8644, 1.8950, 39.0960, 89.6864, 1, 1
1745407229.786, 3.578, 3.949, 0.9411, -1.1074, -3.8599, 1.8793, 39.1829, 89.6961, 1, 1
1745407229.866, 3.578, 3.943, 0.9372, -1.1075, -3.8555, 1.8715, 39.2689, 89.7031, 1, 1
1745407229.945, 3.576, 3.937, 0.9333, -1.1077, -3.8511, 1.8714, 39.3546, 89.6966, 1, 1
1745407230.025, 3.576, 3.931, 0.9295, -1.1078, -3.8468, 1.8880, 39.4062, 89.6716, 1, 1
1745407230.105, 3.576, 3.924, 0.9258, -1.1079, -3.8427, 1.9250, 39.4449, 89.6338, 1, 1
1745407230.184, 3.575, 3.918, 0.9220, -1.1079, -3.8388, 1.9697, 39.5599, 89.5781, 1, 1
1745407230.264, 3.574, 3.912, 0.9184, -1.1079, -3.8349, 2.0072, 39.6745, 89.5208, 1, 1
1745407230.344, 3.574, 3.907, 0.9148, -1.1080, -3.8310, 2.0328, 39.7794, 89.4715, 1, 1
1745407230.423, 3.573, 3.901, 0.9112, -1.1080, -3.8271, 2.0428, 39.8857, 89.4323, 1, 1
1745407230.503, 3.572, 3.896, 0.9075, -1.1081, -3.8230, 2.0459, 39.9614, 89.4021, 1, 1
1745407230.583, 3.573, 3.891, 0.9037, -1.1082, -3.8187, 2.0652, 39.9239, 89.3734, 1, 1
1745407230.662, 3.573, 3.886, 0.8997, -1.1083, -3.8140, 2.0847, 39.8670, 89.3523, 1, 1
1745407230.742, 3.573, 3.880, 0.8951, -1.1085, -3.8088, 2.1157, 39.8097, 89.3193, 1, 1
1745407230.822, 3.573, 3.874, 0.8897, -1.1086, -3.8026, 2.1299, 39.7360, 89.3067, 1, 1
1745407230.909, 3.573, 3.867, 0.8834, -1.1087, -3.7951, 2.1271, 39.6233, 89.3197, 1, 1
1745407232.196, 3.571, 3.835, 0.8595, -1.1093, -3.7673, 2.1064, 39.5422, 89.3356, 1, 1
1745407232.275, 3.570, 3.801, 0.8346, -1.1099, -3.7384, 2.0789, 39.4388, 89.3584, 1, 1
1745407232.355, 3.570, 3.764, 0.8093, -1.1104, -3.7088, 2.0326, 39.3514, 89.4009, 1, 1
1745407232.434, 3.570, 3.724, 0.7839, -1.1110, -3.6791, 2.0066, 39.2877, 89.4249, 1, 1
1745407232.514, 3.570, 3.685, 0.7586, -1.1115, -3.6496, 1.9863, 39.2590, 89.4395, 1, 1
1745407232.594, 3.571, 3.671, 0.7501, -1.1115, -3.6395, 1.9866, 39.1820, 89.4532, 1, 1
1745407232.673, 3.571, 3.657, 0.7419, -1.1116, -3.6295, 1.9793, 39.1098, 89.4760, 1, 1
1745407232.753, 3.571, 3.643, 0.7337, -1.1116, -3.6196, 1.9820, 39.0438, 89.4819, 1, 1
1745407232.833, 3.572, 3.630, 0.7253, -1.1118, -3.6095, 1.9469, 38.9571, 89.5251, 1, 1
1745407232.912, 3.574, 3.617, 0.7168, -1.1120, -3.5991, 1.9485, 38.8533, 89.5289, 1, 1
1745407232.992, 3.574, 3.604, 0.7085, -1.1121, -3.5889, 1.9452, 38.7781, 89.5308, 1, 1
1745407233.072, 3.576, 3.590, 0.7012, -1.1122, -3.5799, 1.9508, 38.7368, 89.5208, 1, 1
1745407233.151, 3.578, 3.577, 0.6956, -1.1124, -3.5730, 1.9545, 38.6844, 89.5259, 1, 1
1745407233.231, 3.578, 3.568, 0.6919, -1.1125, -3.5686, 1.9824, 38.6571, 89.4944, 1, 1
1745407233.310, 3.579, 3.557, 0.6901, -1.1126, -3.5664, 1.9826, 38.6596, 89.4852, 1, 1
1745407233.390, 3.578, 3.550, 0.6898, -1.1126, -3.5660, 1.9871, 38.6644, 89.4763, 1, 1
1745407233.470, 3.577, 3.548, 0.6901, -1.1127, -3.5665, 1.9855, 38.6679, 89.4710, 1, 1
1745407233.549, 3.576, 3.547, 0.6904, -1.1127, -3.5668, 1.9821, 38.6737, 89.4603, 1, 1
1745407233.629, 3.575, 3.547, 0.6905, -1.1127, -3.5670, 1.9835, 38.6757, 89.4525, 1, 1
1745407233.709, 3.574, 3.548, 0.6905, -1.1127, -3.5670, 1.9836, 38.6804, 89.4474, 1, 1
1745407233.788, 3.575, 3.548, 0.6905, -1.1127, -3.5670, 1.9837, 38.6811, 89.4425, 1, 1
1745407233.868, 3.576, 3.548, 0.6905, -1.1127, -3.5670, 1.9867, 38.6819, 89.4358, 1, 1
1745407233.948, 3.577, 3.548, 0.6905, -1.1127, -3.5669, 1.9904, 38.6819, 89.4294, 1, 1
1745407234.027, 3.578, 3.548, 0.6905, -1.1127, -3.5669, 1.9933, 38.6815, 89.4229, 1, 1
1745407234.107, 3.578, 3.548, 0.6905, -1.1127, -3.5670, 1.9957, 38.6826, 89.4160, 1, 1
1745407234.186, 3.577, 3.549, 0.6905, -1.1127, -3.5669, 1.9979, 38.6864, 89.4095, 1, 1
1745407234.266, 3.576, 3.548, 0.6901, -1.1127, -3.5665, 1.9980, 38.6881, 89.4001, 1, 1
1745407234.346, 3.576, 3.549, 0.6887, -1.1127, -3.5648, 1.9984, 38.6691, 89.3942, 1, 1
1745407234.426, 3.575, 3.549, 0.6856, -1.1126, -3.5610, 2.0179, 38.6390, 89.3831, 1, 1
1745407234.505, 3.577, 3.547, 0.6807, -1.1126, -3.5549, 2.0211, 38.5643, 89.4077, 1, 1
1745407234.585, 3.577, 3.543, 0.6749, -1.1127, -3.5477, 1.9998, 38.4514, 89.4513, 1, 1
1745407234.666, 3.578, 3.535, 0.6693, -1.1128, -3.5407, 1.9842, 38.3294, 89.4864, 1, 1
1745407234.744, 3.579, 3.526, 0.6650, -1.1129, -3.5354, 1.9731, 38.2241, 89.5165, 1, 1
1745407234.824, 3.579, 3.517, 0.6626, -1.1130, -3.5324, 1.9446, 38.1323, 89.5535, 1, 1
1745407234.904, 3.579, 3.510, 0.6620, -1.1131, -3.5317, 1.9350, 38.0851, 89.5546, 1, 1
1745407234.983, 3.579, 3.506, 0.6623, -1.1131, -3.5322, 1.9512, 38.0744, 89.5381, 1, 1
1745407235.063, 3.579, 3.506, 0.6627, -1.1131, -3.5328, 1.9630, 38.0754, 89.5366, 1, 1
1745407235.142, 3.579, 3.506, 0.6630, -1.1130, -3.5331, 1.9714, 38.0804, 89.5371, 1, 1
1745407235.222, 3.579, 3.507, 0.6630, -1.1131, -3.5331, 1.9777, 38.0828, 89.5385, 1, 1
1745407235.302, 3.579, 3.507, 0.6630, -1.1131, -3.5331, 1.9822, 38.0844, 89.5424, 1, 1
1745407235.381, 3.580, 3.507, 0.6630, -1.1130, -3.5331, 1.9859, 38.0855, 89.5474, 1, 1
1745407235.461, 3.582, 3.506, 0.6630, -1.1130, -3.5331, 1.9905, 38.0872, 89.5478, 1, 1
1745407235.541, 3.581, 3.506, 0.6630, -1.1131, -3.5331, 1.9947, 38.0892, 89.5491, 1, 1
1745407235.620, 3.581, 3.506, 0.6630, -1.1130, -3.5331, 1.9985, 38.0913, 89.5507, 1, 1
1745407235.700, 3.581, 3.506, 0.6630, -1.1130, -3.5331, 2.0031, 38.0940, 89.5486, 1, 1
1745407235.780, 3.580, 3.507, 0.6630, -1.1131, -3.5332, 2.0072, 38.0967, 89.5456, 1, 1
1745407235.859, 3.580, 3.507, 0.6630, -1.1130, -3.5331, 2.0094, 38.0973, 89.5458, 1, 1
1745407235.939, 3.580, 3.507, 0.6630, -1.1130, -3.5331, 2.0121, 38.0968, 89.5439, 1, 1
1745407236.019, 3.581, 3.507, 0.6630, -1.1130, -3.5331, 2.0134, 38.0970, 89.5426, 1, 1
1745407236.098, 3.581, 3.507, 0.6630, -1.1130, -3.5331, 2.0136, 38.0956, 89.5441, 1, 1
1745407236.178, 3.581, 3.507, 0.6629, -1.1130, -3.5331, 2.0150, 38.0939, 89.5437, 1, 1
1745407236.258, 3.581, 3.506, 0.6629, -1.1130, -3.5332, 2.0154, 38.0934, 89.5428, 1, 1
1745407236.337, 3.581, 3.506, 0.6629, -1.1130, -3.5332, 2.0154, 38.0930, 89.5440, 1, 1
1745407236.417, 3.581, 3.506, 0.6629, -1.1130, -3.5332, 2.0148, 38.0932, 89.5439, 1, 1
1745407236.496, 3.581, 3.506, 0.6629, -1.1130, -3.5332, 2.0143, 38.0940, 89.5443, 1, 1
1745407236.576, 3.581, 3.506, 0.6630, -1.1131, -3.5332, 2.0112, 38.0960, 89.5467, 1, 1
1745407236.656, 3.582, 3.507, 0.6630, -1.1130, -3.5331, 2.0112, 38.0972, 89.5489, 1, 1
1745407236.735, 3.582, 3.507, 0.6630, -1.1130, -3.5332, 2.0109, 38.0990, 89.5512, 1, 1
1745407236.815, 3.582, 3.507, 0.6630, -1.1130, -3.5332, 2.0138, 38.1009, 89.5530, 1, 1
1745407236.895, 3.582, 3.507, 0.6630, -1.1130, -3.5332, 2.0183, 38.1036, 89.5538, 1, 1
1745407236.974, 3.582, 3.506, 0.6630, -1.1130, -3.5332, 2.0233, 38.1054, 89.5537, 1, 1
1745407237.054, 3.581, 3.506, 0.6630, -1.1130, -3.5332, 2.0269, 38.1063, 89.5536, 1, 1
1745407237.134, 3.581, 3.506, 0.6630, -1.1130, -3.5332, 2.0299, 38.1064, 89.5537, 1, 1
1745407237.213, 3.581, 3.506, 0.6630, -1.1130, -3.5332, 2.0318, 38.1050, 89.5543, 1, 1
1745407237.293, 3.580, 3.507, 0.6630, -1.1130, -3.5331, 2.0322, 38.1042, 89.5547, 1, 1
1745407237.372, 3.580, 3.507, 0.6629, -1.1130, -3.5331, 2.0334, 38.1044, 89.5533, 1, 1
1745407237.452, 3.580, 3.508, 0.6629, -1.1130, -3.5331, 2.0340, 38.1046, 89.5510, 1, 1
1745407237.532, 3.579, 3.508, 0.6629, -1.1130, -3.5332, 2.0350, 38.1038, 89.5480, 1, 1
1745407237.611, 3.580, 3.508, 0.6629, -1.1130, -3.5331, 2.0340, 38.1043, 89.5460, 1, 1
1745407237.691, 3.580, 3.508, 0.6629, -1.1130, -3.5332, 2.0330, 38.1034, 89.5456, 1, 1
1745407237.771, 3.580, 3.508, 0.6630, -1.1130, -3.5332, 2.0330, 38.1019, 89.5459, 1, 1
1745407237.850, 3.581, 3.507, 0.6630, -1.1130, -3.5331, 2.0330, 38.1014, 89.5479, 1, 1
1745407237.930, 3.582, 3.507, 0.6630, -1.1130, -3.5331, 2.0337, 38.1030, 89.5476, 1, 1
1745407238.010, 3.581, 3.507, 0.6630, -1.1130, -3.5331, 2.0347, 38.1038, 89.5476, 1, 1
1745407238.089, 3.581, 3.507, 0.6630, -1.1130, -3.5332, 2.0375, 38.1054, 89.5453, 1, 1
1745407238.169, 3.581, 3.507, 0.6630, -1.1130, -3.5331, 2.0387, 38.1077, 89.5459, 1, 1
1745407238.248, 3.581, 3.507, 0.6630, -1.1130, -3.5332, 2.0379, 38.1098, 89.5450, 1, 1
1745407238.328, 3.581, 3.507, 0.6631, -1.1130, -3.5332, 2.0383, 38.1097, 89.5467, 1, 1
1745407238.408, 3.581, 3.507, 0.6630, -1.1130, -3.5332, 2.0396, 38.1103, 89.5478, 1, 1
1745407238.487, 3.581, 3.507, 0.6631, -1.1131, -3.5332, 2.0381, 38.1101, 89.5508, 1, 1
1745407238.567, 3.581, 3.507, 0.6631, -1.1131, -3.5332, 2.0373, 38.1089, 89.5523, 1, 1
1745407238.647, 3.581, 3.507, 0.6631, -1.1131, -3.5332, 2.0402, 38.1076, 89.5533, 1, 1
1745407238.726, 3.581, 3.506, 0.6631, -1.1131, -3.5332, 2.0401, 38.1072, 89.5554, 1, 1
1745407238.806, 3.580, 3.506, 0.6631, -1.1131, -3.5332, 2.0400, 38.1064, 89.5577, 1, 1
1745407238.886, 3.580, 3.506, 0.6631, -1.1131, -3.5332, 2.0406, 38.1056, 89.5576, 1, 1
1745407238.965, 3.580, 3.506, 0.6631, -1.1131, -3.5332, 2.0404, 38.1048, 89.5540, 1, 1
1745407239.045, 3.580, 3.506, 0.6630, -1.1130, -3.5331, 2.0382, 38.1042, 89.5523, 1, 1
1745407239.125, 3.579, 3.506, 0.6630, -1.1130, -3.5331, 2.0389, 38.1038, 89.5482, 1, 1
1745407239.204, 3.580, 3.506, 0.6630, -1.1130, -3.5331, 2.0403, 38.1029, 89.5427, 1, 1
1745407239.284, 3.581, 3.506, 0.6630, -1.1130, -3.5332, 2.0432, 38.1014, 89.5388, 1, 1
1745407239.363, 3.582, 3.506, 0.6630, -1.1130, -3.5331, 2.0475, 38.1009, 89.5385, 1, 1
1745407239.443, 3.582, 3.506, 0.6630, -1.1130, -3.5332, 2.0509, 38.1005, 89.5383, 1, 1
1745407260.529, 3.923, 3.542, 0.9454, -1.1103, -3.3392, 1.9488, 38.2935, 89.6484, 0, 1
1745407263.157, 5.280, 3.685, 2.0748, -1.0995, -2.5633, 1.5333, 39.0716, 90.0918, 1, 1
1745407263.237, 5.280, 3.685, 2.0748, -1.0995, -2.5633, 1.5345, 39.0707, 90.0900, 1, 1
1745407263.316, 5.281, 3.684, 2.0747, -1.0995, -2.5632, 1.5361, 39.0700, 90.0895, 1, 1
1745407263.396, 5.281, 3.684, 2.0747, -1.0995, -2.5633, 1.5355, 39.0710, 90.0888, 1, 1
1745407263.476, 5.281, 3.684, 2.0748, -1.0995, -2.5632, 1.5343, 39.0739, 90.0916, 1, 1
1745407263.555, 5.281, 3.684, 2.0747, -1.0995, -2.5632, 1.5332, 39.0766, 90.0941, 1, 1
1745407263.635, 5.281, 3.684, 2.0747, -1.0994, -2.5632, 1.5314, 39.0780, 90.0961, 1, 1
1745407263.715, 5.281, 3.684, 2.0747, -1.0994, -2.5632, 1.5303, 39.0793, 90.0963, 1, 1
1745407263.794, 5.281, 3.684, 2.0747, -1.0994, -2.5632, 1.5311, 39.0798, 90.0965, 1, 1
1745407263.874, 5.281, 3.684, 2.0747, -1.0994, -2.5632, 1.5328, 39.0801, 90.0942, 1, 1
1745407263.954, 5.281, 3.684, 2.0747, -1.0994, -2.5633, 1.5348, 39.0805, 90.0932, 1, 1
1745407264.033, 5.281, 3.684, 2.0747, -1.0994, -2.5633, 1.5396, 39.0814, 90.0920, 1, 1
1745407264.113, 5.281, 3.684, 2.0747, -1.0995, -2.5633, 1.5435, 39.0822, 90.0915, 1, 1
1745407264.193, 5.280, 3.685, 2.0748, -1.0995, -2.5633, 1.5456, 39.0839, 90.0916, 1, 1
1745407265.109, 5.280, 3.684, 2.0748, -1.0994, -2.5632, 1.5454, 39.0817, 90.0903, 0, 1
1745407265.188, 5.280, 3.684, 2.0748, -1.0994, -2.5632, 1.5463, 39.0804, 90.0873, 0, 1
1745407265.268, 5.281, 3.684, 2.0748, -1.0994, -2.5632, 1.5483, 39.0800, 90.0842, 0, 1
1745407265.347, 5.281, 3.684, 2.0748, -1.0994, -2.5632, 1.5509, 39.0803, 90.0804, 0, 1
1745407265.427, 5.280, 3.684, 2.0748, -1.0994, -2.5632, 1.5555, 39.0802, 90.0771, 0, 1
1745407265.507, 5.280, 3.684, 2.0748, -1.0994, -2.5633, 1.5612, 39.0811, 90.0777, 0, 1
1745407265.586, 5.280, 3.684, 2.0747, -1.0994, -2.5632, 1.5643, 39.0798, 90.0797, 0, 1
1745407265.666, 5.280, 3.685, 2.0748, -1.0994, -2.5633, 1.5644, 39.0791, 90.0825, 0, 1
1745407265.746, 5.280, 3.685, 2.0748, -1.0994, -2.5633, 1.5623, 39.0781, 90.0861, 0, 1
1745407265.825, 5.280, 3.685, 2.0748, -1.0994, -2.5633, 1.5596, 39.0754, 90.0885, 0, 1
1745407265.905, 5.280, 3.685, 2.0748, -1.0994, -2.5633, 1.5586, 39.0751, 90.0884, 0, 1
1745407265.985, 5.280, 3.685, 2.0748, -1.0994, -2.5633, 1.5554, 39.0757, 90.0889, 0, 1
1745407266.064, 5.280, 3.685, 2.0748, -1.0994, -2.5633, 1.5514, 39.0747, 90.0886, 0, 1
1745407266.144, 5.281, 3.685, 2.0748, -1.0994, -2.5633, 1.5492, 39.0745, 90.0886, 0, 1
1745407266.224, 5.281, 3.685, 2.0748, -1.0994, -2.5632, 1.5447, 39.0749, 90.0891, 0, 1
1745407266.303, 5.281, 3.685, 2.0749, -1.0995, -2.5633, 1.5422, 39.0748, 90.0912, 0, 1
1745407266.383, 5.280, 3.685, 2.0749, -1.0995, -2.5632, 1.5422, 39.0731, 90.0928, 0, 1
1745407266.463, 5.281, 3.685, 2.0748, -1.0994, -2.5632, 1.5417, 39.0718, 90.0935, 0, 1
1745407266.542, 5.281, 3.685, 2.0749, -1.0994, -2.5633, 1.5432, 39.0703, 90.0916, 0, 1
1745407266.622, 5.281, 3.685, 2.0748, -1.0994, -2.5633, 1.5485, 39.0690, 90.0881, 0, 1
1745407266.701, 5.280, 3.685, 2.0749, -1.0995, -2.5633, 1.5498, 39.0671, 90.0838, 0, 1
1745407266.781, 5.280, 3.685, 2.0748, -1.0995, -2.5632, 1.5465, 39.0654, 90.0793, 0, 1
1745407266.861, 5.280, 3.685, 2.0744, -1.0995, -2.5627, 1.5437, 39.0601, 90.0733, 0, 1
1745407266.940, 5.280, 3.685, 2.0735, -1.0996, -2.5616, 1.5393, 39.0477, 90.0657, 0, 1
1745407267.020, 5.280, 3.684, 2.0719, -1.0996, -2.5596, 1.5417, 39.0254, 90.0572, 0, 1
1745407267.100, 5.280, 3.683, 2.0694, -1.0996, -2.5568, 1.5730, 38.9878, 90.0379, 0, 1
1745407267.179, 5.280, 3.681, 2.0662, -1.0997, -2.5532, 1.6272, 38.9278, 90.0065, 0, 1
1745407267.259, 5.281, 3.678, 2.0627, -1.0998, -2.5490, 1.6567, 38.8620, 89.9903, 0, 1
1745407267.339, 5.282, 3.674, 2.0590, -1.0999, -2.5445, 1.6837, 38.7883, 89.9839, 0, 1
1745407267.418, 5.282, 3.669, 2.0554, -1.1000, -2.5401, 1.7020, 38.7134, 89.9814, 0, 1
1745407267.500, 5.283, 3.664, 2.0520, -1.1002, -2.5358, 1.6906, 38.6445, 89.9913, 0, 1
1745407267.578, 5.284, 3.658, 2.0489, -1.1002, -2.5319, 1.6625, 38.5847, 90.0117, 0, 1
1745407267.657, 5.284, 3.652, 2.0460, -1.1003, -2.5283, 1.6618, 38.5272, 90.0215, 0, 1
1745407267.737, 5.284, 3.647, 2.0433, -1.1004, -2.5249, 1.6654, 38.4736, 90.0224, 0, 1
1745407267.817, 5.284, 3.643, 2.0406, -1.1005, -2.5216, 1.6678, 38.4288, 90.0275, 0, 1
1745407267.896, 5.284, 3.638, 2.0379, -1.1006, -2.5182, 1.6831, 38.3766, 90.0240, 0, 1
1745407267.976, 5.284, 3.634, 2.0350, -1.1007, -2.5145, 1.6991, 38.3248, 90.0304, 0, 1
1745407268.055, 5.284, 3.630, 2.0320, -1.1007, -2.5108, 1.7220, 38.2702, 90.0318, 0, 1
1745407268.135, 5.285, 3.625, 2.0289, -1.1008, -2.5070, 1.7406, 38.2136, 90.0411, 0, 1
1745407268.215, 5.285, 3.620, 2.0258, -1.1010, -2.5031, 1.7664, 38.1465, 90.0421, 0, 1
1745407268.294, 5.286, 3.615, 2.0227, -1.1011, -2.4992, 1.7780, 38.0831, 90.0496, 0, 1
1745407268.374, 5.286, 3.610, 2.0198, -1.1012, -2.4955, 1.7912, 38.0339, 90.0489, 0, 1
1745407268.454, 5.286, 3.604, 2.0169, -1.1013, -2.4918, 1.8002, 37.9825, 90.0527, 0, 1
1745407268.533, 5.287, 3.599, 2.0140, -1.1013, -2.4881, 1.8156, 37.9400, 90.0414, 0, 1
1745407268.613, 5.288, 3.594, 2.0111, -1.1013, -2.4844, 1.8272, 37.9018, 90.0258, 0, 1
1745407268.693, 5.288, 3.589, 2.0082, -1.1014, -2.4808, 1.8376, 37.8801, 90.0163, 0, 1
1745407268.772, 5.289, 3.585, 2.0053, -1.1014, -2.4771, 1.8474, 37.8508, 90.0001, 0, 1
1745407268.852, 5.290, 3.581, 2.0024, -1.1014, -2.4734, 1.8422, 37.8411, 89.9824, 0, 1
1745407268.932, 5.290, 3.576, 1.9996, -1.1015, -2.4698, 1.8343, 37.8363, 89.9635, 0, 1
1745407269.011, 5.289, 3.572, 1.9968, -1.1016, -2.4661, 1.8187, 37.8438, 89.9550, 0, 1
1745407269.091, 5.290, 3.568, 1.9940, -1.1017, -2.4625, 1.7985, 37.8365, 89.9448, 0, 1
1745407269.170, 5.290, 3.562, 1.9912, -1.1018, -2.4589, 1.7706, 37.8349, 89.9469, 0, 1
1745407269.250, 5.290, 3.558, 1.9886, -1.1020, -2.4554, 1.7451, 37.8096, 89.9527, 0, 1
1745407269.330, 5.290, 3.554, 1.9860, -1.1021, -2.4519, 1.7159, 37.7729, 89.9682, 0, 1
1745407269.409, 5.290, 3.550, 1.9834, -1.1022, -2.4485, 1.6975, 37.7214, 89.9740, 0, 1
1745407269.489, 5.290, 3.546, 1.9808, -1.1023, -2.4451, 1.6847, 37.6751, 89.9735, 0, 1
1745407269.569, 5.291, 3.544, 1.9782, -1.1024, -2.4417, 1.6759, 37.6187, 89.9709, 0, 1
1745407269.648, 5.291, 3.540, 1.9756, -1.1025, -2.4384, 1.6773, 37.5678, 89.9666, 0, 1
1745407269.728, 5.292, 3.535, 1.9730, -1.1026, -2.4350, 1.6860, 37.5177, 89.9605, 0, 1
1745407269.808, 5.292, 3.531, 1.9704, -1.1027, -2.4317, 1.6876, 37.4771, 89.9589, 0, 1
1745407269.887, 5.293, 3.526, 1.9678, -1.1028, -2.4284, 1.6932, 37.4354, 89.9563, 0, 1
1745407269.967, 5.293, 3.520, 1.9653, -1.1028, -2.4252, 1.6963, 37.3990, 89.9521, 0, 1
1745407270.047, 5.293, 3.516, 1.9628, -1.1029, -2.4221, 1.7037, 37.3593, 89.9467, 0, 1
1745407270.126, 5.293, 3.511, 1.9604, -1.1029, -2.4189, 1.7113, 37.3226, 89.9374, 0, 1
1745407270.206, 5.293, 3.506, 1.9578, -1.1030, -2.4157, 1.7272, 37.2767, 89.9286, 0, 1
1745407270.286, 5.294, 3.502, 1.9552, -1.1031, -2.4123, 1.7490, 37.2271, 89.9174, 0, 1
1745407270.365, 5.294, 3.498, 1.9525, -1.1031, -2.4090, 1.7771, 37.1735, 89.8940, 0, 1
1745407270.445, 5.294, 3.494, 1.9498, -1.1031, -2.4056, 1.7938, 37.1245, 89.8687, 0, 1
1745407270.524, 5.295, 3.491, 1.9471, -1.1032, -2.4020, 1.8005, 37.0795, 89.8483, 0, 1
1745407270.604, 5.295, 3.487, 1.9444, -1.1033, -2.3986, 1.8043, 37.0415, 89.8230, 0, 1
1745407270.684, 5.296, 3.483, 1.9418, -1.1033, -2.3951, 1.8162, 37.0022, 89.7904, 0, 1
1745407270.763, 5.296, 3.479, 1.9392, -1.1034, -2.3917, 1.8381, 36.9603, 89.7592, 0, 1
1745407270.843, 5.297, 3.474, 1.9366, -1.1035, -2.3885, 1.8849, 36.9186, 89.7126, 0, 1
1745407270.923, 5.298, 3.470, 1.9340, -1.1035, -2.3853, 1.9459, 36.8676, 89.6667, 0, 1
1745407271.002, 5.298, 3.466, 1.9313, -1.1036, -2.3820, 1.9837, 36.8177, 89.6319, 0, 1
1745407271.082, 5.298, 3.461, 1.9287, -1.1037, -2.3786, 2.0000, 36.7656, 89.6168, 0, 1
1745407271.162, 5.299, 3.458, 1.9259, -1.1038, -2.3750, 1.9980, 36.7110, 89.6165, 0, 1
1745407271.241, 5.299, 3.454, 1.9232, -1.1040, -2.3713, 1.9729, 36.6580, 89.6359, 0, 1
1745407271.321, 5.299, 3.450, 1.9204, -1.1041, -2.3675, 1.9389, 36.6001, 89.6552, 0, 1
1745407271.401, 5.300, 3.446, 1.9178, -1.1042, -2.3639, 1.9233, 36.5331, 89.6682, 0, 1
1745407271.480, 5.301, 3.442, 1.9153, -1.1042, -2.3606, 1.9183, 36.4667, 89.6687, 0, 1
1745407271.560, 5.302, 3.438, 1.9129, -1.1043, -2.3573, 1.9190, 36.4020, 89.6656, 0, 1
1745407271.640, 5.303, 3.433, 1.9105, -1.1043, -2.3542, 1.9257, 36.3420, 89.6549, 0, 1
1745407271.719, 5.304, 3.429, 1.9081, -1.1044, -2.3511, 1.9340, 36.2796, 89.6474, 0, 1
1745407271.799, 5.305, 3.425, 1.9056, -1.1044, -2.3479, 1.9514, 36.2200, 89.6300, 0, 1
1745407271.879, 5.306, 3.422, 1.9031, -1.1045, -2.3445, 1.9697, 36.1482, 89.6203, 0, 1
1745407271.958, 5.308, 3.417, 1.9005, -1.1045, -2.3410, 1.9887, 36.0733, 89.6066, 0, 1
1745407272.038, 5.308, 3.413, 1.8979, -1.1046, -2.3375, 2.0025, 35.9871, 89.6009, 0, 1
1745407272.117, 5.309, 3.410, 1.8953, -1.1047, -2.3340, 2.0120, 35.9038, 89.5942, 0, 1
1745407272.197, 5.310, 3.408, 1.8927, -1.1047, -2.3304, 2.0130, 35.8171, 89.5994, 0, 1
1745407272.277, 5.310, 3.403, 1.8902, -1.1048, -2.3268, 2.0148, 35.7391, 89.5949, 0, 1
1745407272.356, 5.311, 3.399, 1.8876, -1.1048, -2.3233, 2.0188, 35.6708, 89.5897, 0, 1
1745407272.436, 5.311, 3.394, 1.8850, -1.1049, -2.3197, 2.0250, 35.6033, 89.5756, 0, 1
1745407272.516, 5.311, 3.389, 1.8824, -1.1049, -2.3161, 2.0303, 35.5351, 89.5591, 0, 1
1745407272.595, 5.312, 3.384, 1.8798, -1.1049, -2.3125, 2.0363, 35.4645, 89.5392, 0, 1
1745407272.675, 5.313, 3.380, 1.8772, -1.1050, -2.3090, 2.0364, 35.4034, 89.5238, 0, 1
1745407272.755, 5.314, 3.376, 1.8746, -1.1050, -2.3054, 2.0283, 35.3469, 89.5121, 0, 1
1745407272.834, 5.316, 3.372, 1.8720, -1.1051, -2.3017, 2.0117, 35.2987, 89.5110, 0, 1
1745407272.914, 5.317, 3.368, 1.8693, -1.1052, -2.2979, 1.9889, 35.2667, 89.5118, 0, 1
1745407272.994, 5.318, 3.364, 1.8666, -1.1053, -2.2941, 1.9633, 35.2476, 89.5197, 0, 1
1745407273.073, 5.319, 3.361, 1.8639, -1.1054, -2.2903, 1.9320, 35.2207, 89.5351, 0, 1
1745407273.153, 5.320, 3.356, 1.8613, -1.1054, -2.2865, 1.9027, 35.1859, 89.5492, 0, 1
1745407273.232, 5.321, 3.351, 1.8588, -1.1055, -2.2830, 1.8786, 35.1439, 89.5564, 0, 1
1745407273.312, 5.321, 3.348, 1.8564, -1.1056, -2.2794, 1.8597, 35.0846, 89.5681, 0, 1
1745407273.392, 5.322, 3.344, 1.8539, -1.1057, -2.2758, 1.8340, 35.0121, 89.5869, 0, 1
1745407273.471, 5.323, 3.340, 1.8515, -1.1058, -2.2722, 1.8084, 34.9433, 89.6135, 0, 1
1745407273.551, 5.324, 3.336, 1.8489, -1.1059, -2.2686, 1.7844, 34.8729, 89.6486, 0, 1
1745407273.631, 5.325, 3.332, 1.8464, -1.1059, -2.2649, 1.7589, 34.8146, 89.6931, 0, 1
1745407273.710, 5.326, 3.327, 1.8440, -1.1060, -2.2614, 1.7382, 34.7639, 89.7330, 0, 1
1745407273.790, 5.328, 3.322, 1.8416, -1.1060, -2.2580, 1.7247, 34.7185, 89.7688, 0, 1
1745407273.869, 5.329, 3.318, 1.8393, -1.1061, -2.2547, 1.7172, 34.6759, 89.7885, 0, 1
1745407273.949, 5.330, 3.314, 1.8371, -1.1061, -2.2515, 1.7134, 34.6377, 89.8067, 0, 1
1745407281.675, 5.330, 2.884, 1.5782, -1.1107, -1.9125, 1.8571, 39.8339, 89.5431, 0, 1
1745407281.754, 5.328, 2.878, 1.5753, -1.1108, -1.9094, 1.8613, 40.0258, 89.5330, 0, 1
1745407281.834, 5.327, 2.874, 1.5721, -1.1108, -1.9064, 1.8592, 40.3936, 89.5128, 0, 1
1745407281.914, 5.326, 2.873, 1.5687, -1.1109, -1.9035, 1.8713, 40.9987, 89.4718, 0, 1
1745407281.993, 5.324, 2.868, 1.5652, -1.1109, -1.9009, 1.8891, 41.8283, 89.4299, 0, 1
1745407282.073, 5.324, 2.863, 1.5615, -1.1109, -1.8985, 1.9275, 42.8755, 89.3836, 0, 1
1745407282.153, 5.325, 2.860, 1.5577, -1.1109, -1.8962, 1.9733, 43.8545, 89.3413, 0, 1
1745407282.232, 5.326, 2.857, 1.5541, -1.1110, -1.8936, 1.9888, 44.5688, 89.3347, 0, 1
1745407282.312, 5.328, 2.854, 1.5505, -1.1110, -1.8907, 1.9872, 45.0350, 89.3422, 0, 1
1745407283.507, 5.330, 2.796, 1.5057, -1.1120, -1.8470, 2.1249, 44.5947, 89.2537, 0, 1
1745407283.586, 5.328, 2.790, 1.5026, -1.1120, -1.8441, 2.1328, 44.7143, 89.2452, 0, 1
1745407283.666, 5.327, 2.787, 1.4995, -1.1121, -1.8413, 2.1342, 44.9351, 89.2361, 0, 1
1745407283.745, 5.327, 2.783, 1.4964, -1.1121, -1.8387, 2.1406, 45.1972, 89.2260, 0, 1
1745407283.825, 5.327, 2.780, 1.4933, -1.1121, -1.8360, 2.1430, 45.4391, 89.2219, 0, 1
1745407283.905, 5.327, 2.777, 1.4902, -1.1122, -1.8333, 2.1297, 45.6135, 89.2288, 0, 1
1745407283.984, 5.329, 2.775, 1.4873, -1.1123, -1.8306, 2.1034, 45.7111, 89.2425, 0, 1
1745407284.064, 5.330, 2.771, 1.4843, -1.1123, -1.8277, 2.0760, 45.7176, 89.2535, 0, 1
1745407284.144, 5.330, 2.768, 1.4812, -1.1124, -1.8248, 2.0333, 45.6996, 89.2651, 0, 1
1745407284.542, 5.330, 2.751, 1.4660, -1.1128, -1.8096, 1.8128, 45.6138, 89.3744, 0, 1
1745407284.622, 5.329, 2.746, 1.4630, -1.1128, -1.8067, 1.7603, 45.6041, 89.4193, 0, 1
1745407284.701, 5.327, 2.740, 1.4601, -1.1129, -1.8038, 1.7230, 45.5770, 89.4446, 0, 1
1745407284.781, 5.326, 2.734, 1.4572, -1.1129, -1.8009, 1.6833, 45.5500, 89.4759, 0, 1
1745407284.860, 5.326, 2.729, 1.4543, -1.1130, -1.7981, 1.6646, 45.5156, 89.4869, 0, 1
1745407284.940, 5.325, 2.724, 1.4514, -1.1130, -1.7952, 1.6585, 45.4648, 89.4922, 0, 1
1745407285.020, 5.325, 2.720, 1.4484, -1.1131, -1.7923, 1.6757, 45.4065, 89.4863, 0, 1
1745407285.099, 5.326, 2.715, 1.4454, -1.1131, -1.7894, 1.7043, 45.3374, 89.4720, 0, 1
1745407285.179, 5.326, 2.710, 1.4424, -1.1132, -1.7866, 1.7509, 45.2738, 89.4467, 0, 1
1745407285.259, 5.325, 2.706, 1.4394, -1.1133, -1.7838, 1.7957, 45.2080, 89.4242, 0, 1
1745407285.338, 5.325, 2.701, 1.4366, -1.1133, -1.7811, 1.8315, 45.1570, 89.4084, 0, 1
1745407285.418, 5.323, 2.696, 1.4338, -1.1134, -1.7784, 1.8554, 45.1122, 89.3971, 0, 1
1745407285.498, 5.322, 2.693, 1.4310, -1.1134, -1.7757, 1.8683, 45.0790, 89.3945, 0, 1
1745407285.577, 5.321, 2.690, 1.4282, -1.1134, -1.7729, 1.8609, 45.0447, 89.4024, 0, 1
1745407285.657, 5.320, 2.686, 1.4253, -1.1134, -1.7700, 1.8432, 45.0122, 89.4137, 0, 1
1745407285.737, 5.319, 2.682, 1.4223, -1.1135, -1.7669, 1.8100, 44.9906, 89.4286, 0, 1
1745407285.816, 5.318, 2.679, 1.4193, -1.1135, -1.7639, 1.7811, 44.9660, 89.4393, 0, 1
1745407285.896, 5.317, 2.674, 1.4164, -1.1136, -1.7611, 1.7557, 44.9430, 89.4392, 0, 1
1745407285.976, 5.317, 2.669, 1.4136, -1.1137, -1.7583, 1.7367, 44.9232, 89.4414, 0, 1
1745407286.055, 5.317, 2.665, 1.4110, -1.1137, -1.7556, 1.7449, 44.9066, 89.4296, 0, 1
1745407286.135, 5.317, 2.662, 1.4083, -1.1138, -1.7531, 1.7671, 44.8849, 89.4178, 0, 1
1745407286.214, 5.317, 2.657, 1.4055, -1.1138, -1.7504, 1.7654, 44.8704, 89.4196, 0, 1
1745407286.294, 5.317, 2.654, 1.4025, -1.1138, -1.7473, 1.7338, 44.8583, 89.4558, 0, 1
1745407286.374, 5.316, 2.651, 1.3993, -1.1139, -1.7442, 1.7001, 44.8415, 89.4860, 0, 1
1745407286.453, 5.316, 2.646, 1.3961, -1.1140, -1.7409, 1.6469, 44.8227, 89.5290, 0, 1
1745407286.533, 5.315, 2.640, 1.3929, -1.1141, -1.7376, 1.5958, 44.8055, 89.5641, 0, 1
1745407286.613, 5.314, 2.637, 1.3898, -1.1142, -1.7345, 1.5705, 44.7782, 89.5886, 0, 1
1745407286.692, 5.314, 2.632, 1.3869, -1.1143, -1.7316, 1.5748, 44.7505, 89.5859, 0, 1
1745407286.772, 5.313, 2.626, 1.3842, -1.1144, -1.7289, 1.5824, 44.7287, 89.5845, 0, 1
1745407286.851, 5.313, 2.623, 1.3815, -1.1144, -1.7264, 1.5919, 44.7003, 89.5838, 0, 1
1745407286.931, 5.312, 2.620, 1.3789, -1.1145, -1.7238, 1.6092, 44.6698, 89.5784, 0, 1
1745407287.011, 5.312, 2.616, 1.3763, -1.1145, -1.7212, 1.6197, 44.6450, 89.5768, 0, 1
1745407287.090, 5.311, 2.614, 1.3735, -1.1145, -1.7186, 1.6343, 44.6187, 89.5740, 0, 1
1745407287.170, 5.311, 2.611, 1.3707, -1.1146, -1.7159, 1.6561, 44.5799, 89.5662, 0, 1
1745407287.250, 5.310, 2.607, 1.3678, -1.1146, -1.7131, 1.6760, 44.5467, 89.5616, 0, 1
1745407287.329, 5.310, 2.603, 1.3648, -1.1146, -1.7102, 1.6886, 44.5093, 89.5651, 0, 1
1745407287.409, 5.309, 2.600, 1.3617, -1.1147, -1.7072, 1.6996, 44.4654, 89.5752, 0, 1
1745407287.489, 5.309, 2.595, 1.3586, -1.1147, -1.7041, 1.6994, 44.4184, 89.5955, 0, 1
1745407287.568, 5.308, 2.590, 1.3556, -1.1148, -1.7011, 1.7015, 44.3777, 89.6146, 0, 1
1745407287.648, 5.308, 2.587, 1.3527, -1.1148, -1.6982, 1.7070, 44.3460, 89.6216, 0, 1
1745407287.728, 5.308, 2.581, 1.3499, -1.1149, -1.6953, 1.7140, 44.3149, 89.6263, 0, 1
1745407287.807, 5.308, 2.577, 1.3470, -1.1149, -1.6925, 1.7229, 44.2941, 89.6174, 0, 1
1745407287.887, 5.307, 2.573, 1.3443, -1.1149, -1.6897, 1.7281, 44.2799, 89.6082, 0, 1
1745407287.966, 5.307, 2.570, 1.3415, -1.1150, -1.6868, 1.7132, 44.2664, 89.6097, 0, 1
1745407288.046, 5.306, 2.564, 1.3387, -1.1150, -1.6839, 1.6894, 44.2513, 89.6127, 0, 1
1745407288.126, 5.305, 2.562, 1.3359, -1.1150, -1.6811, 1.6530, 44.2486, 89.6192, 0, 1
1745407288.205, 5.305, 2.558, 1.3331, -1.1151, -1.6781, 1.6148, 44.2485, 89.6292, 0, 1
1745407288.285, 5.304, 2.553, 1.3302, -1.1152, -1.6752, 1.5730, 44.2518, 89.6362, 0, 1
1745407288.365, 5.303, 2.548, 1.3274, -1.1152, -1.6723, 1.5406, 44.2578, 89.6373, 0, 1
1745407288.444, 5.303, 2.544, 1.3244, -1.1153, -1.6692, 1.4966, 44.2712, 89.6609, 0, 1
1745407288.526, 5.303, 2.539, 1.3214, -1.1154, -1.6661, 1.4593, 44.2789, 89.6830, 0, 1
1745407288.605, 5.304, 2.535, 1.3184, -1.1155, -1.6630, 1.4116, 44.2791, 89.7188, 0, 1
1745407288.683, 5.303, 2.533, 1.3154, -1.1155, -1.6599, 1.3708, 44.2744, 89.7536, 0, 1
1745407288.763, 5.304, 2.530, 1.3125, -1.1156, -1.6568, 1.3163, 44.2591, 89.8042, 0, 1
1745407288.843, 5.304, 2.527, 1.3097, -1.1157, -1.6538, 1.2738, 44.2273, 89.8344, 0, 1
1745407291.212, 5.301, 2.507, 1.2974, -1.1160, -1.6408, 1.2685, 43.9146, 89.8443, 0, 1
1745407291.292, 5.298, 2.488, 1.2856, -1.1162, -1.6284, 1.2744, 43.6059, 89.8428, 0, 1
1745407291.371, 5.296, 2.469, 1.2744, -1.1163, -1.6166, 1.2848, 43.3021, 89.8375, 0, 1
1745407291.451, 5.294, 2.450, 1.2637, -1.1165, -1.6053, 1.3097, 43.0108, 89.8163, 0, 1
1745407291.531, 5.291, 2.433, 1.2536, -1.1166, -1.5946, 1.3417, 42.7298, 89.7953, 0, 1
1745407291.610, 5.291, 2.433, 1.2536, -1.1166, -1.5946, 1.3409, 42.7317, 89.7928, 0, 1
1745407291.690, 5.291, 2.433, 1.2536, -1.1166, -1.5946, 1.3406, 42.7343, 89.7904, 0, 1
1745407291.770, 5.291, 2.433, 1.2537, -1.1166, -1.5947, 1.3401, 42.7355, 89.7898, 0, 1
1745407291.849, 5.291, 2.432, 1.2536, -1.1166, -1.5947, 1.3392, 42.7368, 89.7913, 0, 1
1745407291.929, 5.291, 2.432, 1.2537, -1.1166, -1.5947, 1.3372, 42.7378, 89.7935, 0, 1
1745407292.009, 5.291, 2.432, 1.2536, -1.1166, -1.5947, 1.3370, 42.7385, 89.7973, 0, 1
1745407292.088, 5.291, 2.432, 1.2536, -1.1166, -1.5947, 1.3357, 42.7387, 89.8003, 0, 1
1745407292.168, 5.291, 2.432, 1.2536, -1.1166, -1.5946, 1.3329, 42.7375, 89.8041, 0, 1
1745407292.247, 5.291, 2.432, 1.2536, -1.1166, -1.5947, 1.3323, 42.7368, 89.8043, 0, 1
1745407292.327, 5.291, 2.432, 1.2536, -1.1166, -1.5947, 1.3323, 42.7357, 89.8049, 0, 1
1745407292.407, 5.291, 2.432, 1.2536, -1.1167, -1.5947, 1.3305, 42.7351, 89.8050, 0, 1
1745407292.486, 5.291, 2.432, 1.2536, -1.1167, -1.5947, 1.3312, 42.7341, 89.8036, 0, 1
1745407292.566, 5.291, 2.432, 1.2536, -1.1167, -1.5947, 1.3343, 42.7326, 89.8017, 0, 1
1745407292.646, 5.291, 2.432, 1.2535, -1.1166, -1.5945, 1.3301, 42.7245, 89.8051, 0, 1
1745407292.725, 5.291, 2.432, 1.2531, -1.1166, -1.5940, 1.3067, 42.7174, 89.8128, 0, 1
1745407292.805, 5.291, 2.431, 1.2519, -1.1166, -1.5928, 1.2913, 42.7070, 89.8098, 0, 1
1745407292.885, 5.292, 2.431, 1.2500, -1.1167, -1.5907, 1.2738, 42.6852, 89.8051, 0, 1
1745407292.964, 5.292, 2.430, 1.2471, -1.1167, -1.5876, 1.2569, 42.6434, 89.7970, 0, 1
1745407293.044, 5.292, 2.427, 1.2435, -1.1168, -1.5838, 1.2478, 42.5999, 89.7798, 0, 1
1745407293.124, 5.292, 2.424, 1.2395, -1.1170, -1.5796, 1.2589, 42.5358, 89.7554, 0, 1
1745407293.203, 5.292, 2.418, 1.2353, -1.1170, -1.5751, 1.2628, 42.4590, 89.7330, 0, 1
1745407293.283, 5.291, 2.412, 1.2310, -1.1171, -1.5706, 1.2813, 42.3921, 89.6946, 0, 1
1745407293.362, 5.290, 2.405, 1.2266, -1.1171, -1.5659, 1.3053, 42.3221, 89.6498, 0, 1
1745407293.442, 5.290, 2.400, 1.2219, -1.1171, -1.5609, 1.3242, 42.2336, 89.6130, 0, 1
1745407293.522, 5.290, 2.393, 1.2169, -1.1172, -1.5556, 1.3443, 42.1395, 89.5676, 0, 1
1745407293.603, 5.289, 2.386, 1.2116, -1.1172, -1.5499, 1.3700, 42.0445, 89.5176, 0, 1
1745407293.681, 5.289, 2.378, 1.2063, -1.1172, -1.5440, 1.3726, 41.9475, 89.4894, 0, 1
1745407293.761, 5.288, 2.371, 1.2010, -1.1173, -1.5383, 1.3594, 41.8682, 89.4665, 0, 1
1745407293.840, 5.287, 2.362, 1.1959, -1.1174, -1.5326, 1.3342, 41.8074, 89.4314, 0, 1
1745407293.920, 5.286, 2.355, 1.1910, -1.1174, -1.5272, 1.3026, 41.7770, 89.3969, 0, 1
1745407294.000, 5.286, 2.348, 1.1862, -1.1174, -1.5218, 1.2631, 41.7748, 89.3684, 0, 1
1745407294.079, 5.286, 2.340, 1.1814, -1.1175, -1.5164, 1.2112, 41.7746, 89.3577, 0, 1
1745407294.159, 5.286, 2.333, 1.1765, -1.1175, -1.5109, 1.1517, 41.7578, 89.3656, 0, 1
1745407294.239, 5.286, 2.326, 1.1715, -1.1176, -1.5053, 1.0987, 41.7293, 89.3922, 0, 1
1745407294.318, 5.286, 2.318, 1.1665, -1.1176, -1.4997, 1.0562, 41.6827, 89.4262, 0, 1
1745407294.398, 5.286, 2.311, 1.1614, -1.1177, -1.4940, 1.0297, 41.6136, 89.4610, 0, 1
1745407294.478, 5.285, 2.305, 1.1563, -1.1177, -1.4884, 1.0327, 41.5356, 89.4724, 0, 1
1745407294.557, 5.285, 2.297, 1.1513, -1.1177, -1.4829, 1.0620, 41.4773, 89.4674, 0, 1
1745407294.637, 5.284, 2.290, 1.1464, -1.1178, -1.4775, 1.1039, 41.4353, 89.4557, 0, 1
1745407294.716, 5.284, 2.283, 1.1415, -1.1178, -1.4722, 1.1349, 41.3991, 89.4476, 0, 1
1745407294.796, 5.283, 2.276, 1.1367, -1.1178, -1.4669, 1.1366, 41.3795, 89.4531, 0, 1
1745407294.876, 5.283, 2.268, 1.1319, -1.1177, -1.4615, 1.1391, 41.3747, 89.4651, 0, 1
1745407294.955, 5.283, 2.261, 1.1270, -1.1177, -1.4561, 1.1608, 41.3570, 89.4564, 0, 1
1745407295.035, 5.283, 2.254, 1.1221, -1.1177, -1.4507, 1.1540, 41.3316, 89.4584, 0, 1
1745407295.115, 5.282, 2.246, 1.1170, -1.1177, -1.4450, 1.1470, 41.3152, 89.4605, 0, 1
1745407295.194, 5.282, 2.239, 1.1116, -1.1177, -1.4391, 1.1547, 41.2720, 89.4653, 0, 1
1745407295.274, 5.282, 2.232, 1.1062, -1.1178, -1.4331, 1.1542, 41.2043, 89.4783, 0, 1
1745407295.354, 5.282, 2.224, 1.1008, -1.1178, -1.4271, 1.1269, 41.1427, 89.5185, 0, 1
1745407295.433, 5.281, 2.216, 1.0954, -1.1179, -1.4211, 1.1367, 41.0854, 89.5474, 0, 1
1745407295.513, 5.281, 2.207, 1.0902, -1.1180, -1.4154, 1.1622, 41.0121, 89.5736, 0, 1
1745407295.593, 5.281, 2.199, 1.0852, -1.1180, -1.4099, 1.2004, 40.9474, 89.5847, 0, 1
1745407295.672, 5.280, 2.191, 1.0804, -1.1180, -1.4045, 1.2395, 40.8743, 89.6051, 0, 1
1745407295.752, 5.279, 2.183, 1.0755, -1.1181, -1.3990, 1.2827, 40.7811, 89.6271, 0, 1
1745407295.831, 5.279, 2.175, 1.0704, -1.1182, -1.3933, 1.3192, 40.6804, 89.6594, 0, 1
1745407295.911, 5.279, 2.168, 1.0651, -1.1183, -1.3874, 1.3434, 40.5794, 89.6946, 0, 1
1745407295.991, 5.280, 2.160, 1.0599, -1.1183, -1.3814, 1.3496, 40.4774, 89.7438, 0, 1
1745407296.070, 5.280, 2.152, 1.0547, -1.1184, -1.3754, 1.3531, 40.3887, 89.7677, 0, 1
1745407296.150, 5.280, 2.144, 1.0495, -1.1184, -1.3695, 1.3404, 40.3195, 89.8044, 0, 1
1745407296.230, 5.280, 2.136, 1.0446, -1.1185, -1.3637, 1.3155, 40.2641, 89.8375, 0, 1
1745407296.313, 5.280, 2.128, 1.0396, -1.1186, -1.3578, 1.2866, 40.2073, 89.8856, 0, 1
1745407298.081, 5.284, 2.102, 1.0252, -1.1188, -1.3411, 1.2698, 40.0374, 89.9728, 0, 1
1745407298.161, 5.288, 2.077, 1.0119, -1.1190, -1.3255, 1.2546, 39.8816, 90.0657, 0, 1
1745407298.241, 5.292, 2.054, 0.9996, -1.1192, -1.3111, 1.2492, 39.7391, 90.1384, 0, 1
1745407298.320, 5.295, 2.033, 0.9882, -1.1194, -1.2978, 1.2480, 39.5963, 90.2055, 0, 1
1745407298.400, 5.298, 2.013, 0.9779, -1.1196, -1.2857, 1.2511, 39.4686, 90.2563, 0, 1
1745407298.480, 5.298, 2.013, 0.9779, -1.1196, -1.2857, 1.2479, 39.4663, 90.2580, 0, 1
1745407298.559, 5.298, 2.013, 0.9779, -1.1196, -1.2857, 1.2453, 39.4649, 90.2593, 0, 1
1745407298.639, 5.299, 2.013, 0.9779, -1.1195, -1.2857, 1.2437, 39.4634, 90.2608, 0, 1
1745407298.719, 5.299, 2.013, 0.9779, -1.1195, -1.2857, 1.2435, 39.4633, 90.2615, 0, 1
1745407298.798, 5.298, 2.013, 0.9779, -1.1195, -1.2857, 1.2436, 39.4650, 90.2633, 0, 1
1745407298.878, 5.298, 2.013, 0.9779, -1.1195, -1.2857, 1.2435, 39.4678, 90.2645, 0, 1
1745407298.958, 5.298, 2.013, 0.9779, -1.1195, -1.2857, 1.2429, 39.4705, 90.2666, 0, 1
1745407299.037, 5.298, 2.013, 0.9779, -1.1195, -1.2857, 1.2417, 39.4737, 90.2697, 0, 1
1745407299.117, 5.298, 2.013, 0.9779, -1.1195, -1.2857, 1.2405, 39.4751, 90.2708, 0, 1
1745407299.196, 5.298, 2.013, 0.9779, -1.1195, -1.2857, 1.2393, 39.4742, 90.2712, 0, 1
1745407299.276, 5.298, 2.013, 0.9777, -1.1195, -1.2855, 1.2472, 39.4735, 90.2653, 0, 1
1745407299.356, 5.297, 2.013, 0.9769, -1.1195, -1.2847, 1.2534, 39.4717, 90.2526, 0, 1
1745407299.435, 5.298, 2.013, 0.9756, -1.1196, -1.2831, 1.2370, 39.4679, 90.2449, 0, 1
1745407299.515, 5.299, 2.012, 0.9736, -1.1196, -1.2807, 1.2236, 39.4693, 90.2361, 0, 1
1745407299.595, 5.300, 2.010, 0.9710, -1.1197, -1.2776, 1.2111, 39.4676, 90.2193, 0, 1
1745407299.674, 5.302, 2.007, 0.9682, -1.1198, -1.2742, 1.1874, 39.4642, 90.2081, 0, 1
1745407299.754, 5.304, 2.004, 0.9656, -1.1199, -1.2710, 1.1689, 39.4575, 90.1964, 0, 1
1745407299.834, 5.305, 1.999, 0.9632, -1.1200, -1.2683, 1.1723, 39.4533, 90.1795, 0, 1
1745407299.913, 5.306, 1.995, 0.9614, -1.1200, -1.2661, 1.1709, 39.4419, 90.1651, 0, 1
1745407299.993, 5.308, 1.992, 0.9597, -1.1201, -1.2642, 1.1681, 39.4309, 90.1579, 0, 1
1745407300.073, 5.309, 1.991, 0.9581, -1.1201, -1.2623, 1.1658, 39.4152, 90.1567, 0, 1
1745407300.152, 5.310, 1.988, 0.9563, -1.1202, -1.2602, 1.1628, 39.4011, 90.1613, 0, 1
1745407300.232, 5.310, 1.986, 0.9544, -1.1203, -1.2580, 1.1614, 39.3754, 90.1578, 0, 1
1745407300.312, 5.310, 1.983, 0.9524, -1.1203, -1.2556, 1.1652, 39.3487, 90.1539, 0, 1
1745407300.391, 5.310, 1.980, 0.9503, -1.1204, -1.2532, 1.1755, 39.3269, 90.1472, 0, 1
1745407300.471, 5.311, 1.976, 0.9483, -1.1204, -1.2509, 1.1930, 39.3025, 90.1283, 0, 1
1745407300.550, 5.311, 1.973, 0.9464, -1.1205, -1.2486, 1.2108, 39.2797, 90.1099, 0, 1
1745407300.630, 5.311, 1.970, 0.9444, -1.1205, -1.2464, 1.2288, 39.2606, 90.0997, 0, 1
1745407300.710, 5.311, 1.967, 0.9425, -1.1206, -1.2442, 1.2431, 39.2399, 90.0888, 0, 1
1745407300.789, 5.311, 1.964, 0.9406, -1.1206, -1.2419, 1.2545, 39.2200, 90.0836, 0, 1
1745407300.869, 5.312, 1.961, 0.9386, -1.1206, -1.2396, 1.2596, 39.2029, 90.0902, 0, 1
1745407300.949, 5.312, 1.957, 0.9366, -1.1206, -1.2372, 1.2598, 39.1811, 90.0951, 0, 1
1745407301.028, 5.312, 1.954, 0.9346, -1.1207, -1.2348, 1.2636, 39.1591, 90.0972, 0, 1
1745407301.108, 5.312, 1.951, 0.9327, -1.1208, -1.2325, 1.2686, 39.1422, 90.0987, 0, 1
1745407301.188, 5.311, 1.948, 0.9308, -1.1208, -1.2302, 1.2654, 39.1222, 90.1061, 0, 1
1745407301.267, 5.311, 1.945, 0.9291, -1.1209, -1.2282, 1.2625, 39.1035, 90.1063, 0, 1
1745407301.347, 5.311, 1.942, 0.9275, -1.1210, -1.2263, 1.2680, 39.0818, 90.1049, 0, 1
1745407301.427, 5.311, 1.939, 0.9260, -1.1210, -1.2246, 1.2687, 39.0613, 90.1053, 0, 1
1745407301.506, 5.312, 1.936, 0.9246, -1.1210, -1.2228, 1.2760, 39.0336, 90.1044, 0, 1
1745407301.586, 5.312, 1.935, 0.9231, -1.1210, -1.2211, 1.2791, 39.0104, 90.0988, 0, 1
1745407301.666, 5.312, 1.933, 0.9216, -1.1211, -1.2193, 1.2883, 38.9863, 90.0925, 0, 1
1745407301.745, 5.311, 1.931, 0.9200, -1.1210, -1.2173, 1.2869, 38.9751, 90.0860, 0, 1
1745407301.825, 5.311, 1.928, 0.9184, -1.1210, -1.2153, 1.2887, 38.9665, 90.0731, 0, 1
1745407301.904, 5.311, 1.926, 0.9168, -1.1211, -1.2133, 1.2800, 38.9665, 90.0606, 0, 1
1745407301.984, 5.311, 1.923, 0.9151, -1.1211, -1.2113, 1.2750, 38.9550, 90.0458, 0, 1
1745407302.064, 5.312, 1.920, 0.9135, -1.1212, -1.2093, 1.2565, 38.9546, 90.0344, 0, 1
1745407302.143, 5.312, 1.917, 0.9119, -1.1212, -1.2073, 1.2433, 38.9474, 90.0232, 0, 1
1745407302.223, 5.312, 1.915, 0.9103, -1.1213, -1.2054, 1.2214, 38.9510, 90.0232, 0, 1
1745407302.303, 5.312, 1.913, 0.9087, -1.1213, -1.2034, 1.2045, 38.9502, 90.0150, 0, 1
1745407302.382, 5.312, 1.910, 0.9070, -1.1213, -1.2015, 1.1936, 38.9620, 90.0059, 0, 1
1745407302.462, 5.312, 1.908, 0.9054, -1.1214, -1.1995, 1.1903, 38.9750, 89.9960, 0, 1
1745407302.542, 5.312, 1.905, 0.9038, -1.1214, -1.1976, 1.1862, 38.9910, 89.9847, 0, 1
1745407302.623, 5.312, 1.903, 0.9020, -1.1214, -1.1954, 1.1914, 38.9982, 89.9684, 0, 1
1745407302.701, 5.312, 1.900, 0.9001, -1.1214, -1.1931, 1.1946, 39.0105, 89.9600, 0, 1
1745407302.781, 5.312, 1.897, 0.8980, -1.1215, -1.1907, 1.1959, 39.0039, 89.9532, 0, 1
1745407302.860, 5.313, 1.895, 0.8958, -1.1215, -1.1879, 1.1900, 38.9890, 89.9524, 0, 1
1745407302.940, 5.313, 1.891, 0.8934, -1.1215, -1.1850, 1.1759, 38.9599, 89.9659, 0, 1
1745407303.019, 5.313, 1.887, 0.8909, -1.1216, -1.1819, 1.1543, 38.9247, 89.9877, 0, 1
1745407303.099, 5.314, 1.884, 0.8883, -1.1216, -1.1786, 1.1324, 38.8781, 90.0163, 0, 1
1745407303.179, 5.314, 1.879, 0.8856, -1.1217, -1.1754, 1.1153, 38.8371, 90.0449, 0, 1
1745407303.258, 5.314, 1.874, 0.8830, -1.1218, -1.1721, 1.1155, 38.7859, 90.0667, 0, 1
1745407303.338, 5.314, 1.871, 0.8803, -1.1219, -1.1690, 1.1314, 38.7395, 90.0764, 0, 1
1745407303.418, 5.314, 1.867, 0.8777, -1.1220, -1.1659, 1.1549, 38.6904, 90.0804, 0, 1
1745407303.617, 5.315, 1.861, 0.8743, -1.1221, -1.1619, 1.1864, 38.6212, 90.0791, 0, 1
1745407303.816, 5.315, 1.855, 0.8701, -1.1222, -1.1568, 1.2183, 38.5378, 90.0738, 0, 1
1745407304.015, 5.315, 1.847, 0.8650, -1.1223, -1.1506, 1.2302, 38.4525, 90.0655, 0, 1
1745407304.095, 5.316, 1.838, 0.8599, -1.1224, -1.1443, 1.2375, 38.3675, 90.0599, 0, 1
1745407304.174, 5.316, 1.831, 0.8548, -1.1225, -1.1381, 1.2518, 38.2840, 90.0460, 0, 1
1745407304.373, 5.316, 1.822, 0.8497, -1.1225, -1.1319, 1.2725, 38.2229, 90.0207, 0, 1
1745407304.573, 5.317, 1.814, 0.8445, -1.1226, -1.1255, 1.2824, 38.1755, 89.9868, 0, 1
1745407304.772, 5.318, 1.805, 0.8394, -1.1227, -1.1192, 1.3145, 38.1339, 89.9551, 0, 1
1745407304.851, 5.318, 1.797, 0.8342, -1.1228, -1.1129, 1.3396, 38.0896, 89.9278, 0, 1
1745407304.931, 5.318, 1.789, 0.8291, -1.1230, -1.1066, 1.3555, 38.0456, 89.9081, 0, 1
1745407305.011, 5.319, 1.783, 0.8247, -1.1231, -1.1011, 1.3552, 37.9943, 89.9032, 0, 1
1745407305.090, 5.320, 1.777, 0.8213, -1.1232, -1.0969, 1.3669, 37.9454, 89.9074, 0, 1
1745407305.170, 5.320, 1.773, 0.8190, -1.1233, -1.0939, 1.3692, 37.8941, 89.9179, 0, 1
1745407305.250, 5.321, 1.769, 0.8169, -1.1233, -1.0913, 1.3742, 37.8565, 89.9255, 0, 1
1745407305.329, 5.321, 1.766, 0.8153, -1.1233, -1.0894, 1.3742, 37.8250, 89.9305, 0, 1
1745407305.529, 5.321, 1.762, 0.8143, -1.1234, -1.0880, 1.3702, 37.8092, 89.9403, 0, 1
1745407305.608, 5.321, 1.760, 0.8138, -1.1234, -1.0874, 1.3596, 37.7984, 89.9540, 0, 1
1745407305.688, 5.321, 1.759, 0.8137, -1.1234, -1.0872, 1.3445, 37.7977, 89.9659, 0, 1
1745407305.767, 5.321, 1.757, 0.8137, -1.1234, -1.0872, 1.3289, 37.7941, 89.9751, 0, 1
1745407305.847, 5.321, 1.757, 0.8138, -1.1234, -1.0872, 1.3141, 37.7909, 89.9873, 0, 1
1745407305.927, 5.321, 1.757, 0.8138, -1.1234, -1.0871, 1.3054, 37.7876, 89.9915, 0, 1
1745407306.006, 5.321, 1.757, 0.8138, -1.1234, -1.0871, 1.2978, 37.7874, 89.9956, 0, 1
1745407306.086, 5.322, 1.757, 0.8138, -1.1235, -1.0872, 1.2923, 37.7871, 89.9963, 0, 1
1745407306.166, 5.323, 1.757, 0.8139, -1.1235, -1.0871, 1.2879, 37.7857, 90.0027, 0, 1
1745407306.245, 5.323, 1.757, 0.8139, -1.1235, -1.0871, 1.2853, 37.7852, 90.0067, 0, 1
1745407306.325, 5.323, 1.757, 0.8139, -1.1235, -1.0871, 1.2821, 37.7849, 90.0116, 0, 1
1745407306.404, 5.323, 1.757, 0.8139, -1.1235, -1.0871, 1.2807, 37.7830, 90.0156, 0, 1
1745407306.484, 5.322, 1.757, 0.8139, -1.1235, -1.0871, 1.2792, 37.7819, 90.0222, 0, 1
1745407306.564, 5.321, 1.757, 0.8139, -1.1235, -1.0871, 1.2775, 37.7815, 90.0249, 0, 1
1745407306.643, 5.322, 1.757, 0.8139, -1.1235, -1.0871, 1.2768, 37.7826, 90.0257, 0, 1
1745407306.723, 5.322, 1.757, 0.8140, -1.1235, -1.0871, 1.2777, 37.7818, 90.0265, 0, 1
1745407306.803, 5.321, 1.757, 0.8140, -1.1235, -1.0871, 1.2775, 37.7824, 90.0277, 0, 1
1745407306.882, 5.321, 1.757, 0.8140, -1.1235, -1.0871, 1.2765, 37.7823, 90.0281, 0, 1
1745407306.962, 5.321, 1.757, 0.8140, -1.1235, -1.0871, 1.2763, 37.7825, 90.0290, 0, 1
1745407307.043, 5.320, 1.757, 0.8140, -1.1235, -1.0871, 1.2745, 37.7818, 90.0323, 0, 1
1745407307.121, 5.320, 1.757, 0.8140, -1.1236, -1.0871, 1.2715, 37.7801, 90.0369, 0, 1
1745407307.201, 5.320, 1.757, 0.8141, -1.1236, -1.0871, 1.2706, 37.7776, 90.0379, 0, 1
1745407307.281, 5.320, 1.757, 0.8141, -1.1236, -1.0871, 1.2715, 37.7765, 90.0384, 0, 1
1745407307.360, 5.320, 1.757, 0.8141, -1.1236, -1.0871, 1.2724, 37.7765, 90.0369, 0, 1
1745407307.440, 5.321, 1.757, 0.8141, -1.1235, -1.0870, 1.2751, 37.7763, 90.0358, 0, 1
1745407307.519, 5.321, 1.758, 0.8141, -1.1235, -1.0870, 1.2768, 37.7768, 90.0319, 0, 1
1745407307.599, 5.321, 1.757, 0.8141, -1.1235, -1.0870, 1.2757, 37.7764, 90.0334, 0, 1
1745407307.679, 5.320, 1.757, 0.8141, -1.1236, -1.0870, 1.2751, 37.7743, 90.0353, 0, 1
1745407307.758, 5.321, 1.757, 0.8141, -1.1235, -1.0870, 1.2741, 37.7720, 90.0373, 0, 1
1745407307.838, 5.321, 1.757, 0.8141, -1.1236, -1.0870, 1.2721, 37.7696, 90.0388, 0, 1
1745407307.918, 5.320, 1.757, 0.8141, -1.1236, -1.0870, 1.2704, 37.7695, 90.0415, 0, 1
1745407307.997, 5.320, 1.757, 0.8141, -1.1236, -1.0870, 1.2686, 37.7699, 90.0426, 0, 1
1745407308.077, 5.320, 1.757, 0.8141, -1.1236, -1.0870, 1.2655, 37.7691, 90.0426, 0, 1
1745407308.156, 5.319, 1.757, 0.8141, -1.1236, -1.0870, 1.2608, 37.7680, 90.0445, 0, 1
1745407308.236, 5.320, 1.757, 0.8141, -1.1236, -1.0870, 1.2521, 37.7671, 90.0503, 0, 1
1745407308.316, 5.320, 1.757, 0.8142, -1.1236, -1.0869, 1.2449, 37.7649, 90.0553, 0, 1
1745407308.397, 5.321, 1.757, 0.8142, -1.1236, -1.0870, 1.2401, 37.7631, 90.0577, 0, 1
1745407308.475, 5.321, 1.757, 0.8142, -1.1236, -1.0870, 1.2355, 37.7638, 90.0625, 0, 1
1745407308.555, 5.321, 1.757, 0.8142, -1.1236, -1.0870, 1.2327, 37.7635, 90.0652, 0, 1
1745407308.634, 5.321, 1.757, 0.8142, -1.1237, -1.0870, 1.2355, 37.7649, 90.0625, 0, 1
1745407308.714, 5.321, 1.757, 0.8142, -1.1237, -1.0870, 1.2409, 37.7671, 90.0583, 0, 1
1745407308.794, 5.321, 1.757, 0.8142, -1.1237, -1.0870, 1.2479, 37.7671, 90.0538, 0, 1
1745407308.873, 5.322, 1.757, 0.8142, -1.1237, -1.0870, 1.2530, 37.7668, 90.0486, 0, 1
1745407308.953, 5.322, 1.757, 0.8142, -1.1237, -1.0870, 1.2579, 37.7662, 90.0469, 0, 1
1745407309.033, 5.322, 1.757, 0.8142, -1.1236, -1.0870, 1.2614, 37.7661, 90.0474, 0, 1
1745407309.112, 5.321, 1.757, 0.8142, -1.1236, -1.0870, 1.2623, 37.7645, 90.0518, 0, 1
1745407309.192, 5.320, 1.757, 0.8142, -1.1236, -1.0870, 1.2591, 37.7645, 90.0586, 0, 1
1745407309.272, 5.320, 1.757, 0.8142, -1.1236, -1.0870, 1.2554, 37.7633, 90.0659, 0, 1
1745407309.351, 5.320, 1.757, 0.8142, -1.1237, -1.0869, 1.2517, 37.7624, 90.0717, 0, 1
1745407309.431, 5.320, 1.757, 0.8142, -1.1236, -1.0869, 1.2476, 37.7597, 90.0772, 0, 1
1745407309.511, 5.321, 1.757, 0.8142, -1.1237, -1.0869, 1.2424, 37.7564, 90.0820, 0, 1
1745407309.590, 5.321, 1.758, 0.8142, -1.1237, -1.0869, 1.2388, 37.7539, 90.0864, 0, 1
1745407309.670, 5.321, 1.757, 0.8142, -1.1236, -1.0869, 1.2358, 37.7516, 90.0905, 0, 1
1745407309.750, 5.321, 1.757, 0.8142, -1.1236, -1.0869, 1.2336, 37.7504, 90.0929, 0, 1
1745407309.829, 5.321, 1.757, 0.8142, -1.1236, -1.0869, 1.2310, 37.7484, 90.0963, 0, 1
1745407309.909, 5.321, 1.757, 0.8142, -1.1237, -1.0869, 1.2291, 37.7489, 90.0973, 0, 1
1745407309.988, 5.321, 1.758, 0.8142, -1.1237, -1.0870, 1.2269, 37.7488, 90.0962, 0, 1
1745407310.068, 5.321, 1.758, 0.8142, -1.1237, -1.0870, 1.2267, 37.7478, 90.0945, 0, 1
1745407310.148, 5.321, 1.758, 0.8142, -1.1237, -1.0869, 1.2287, 37.7468, 90.0919, 0, 1
1745407310.227, 5.321, 1.758, 0.8142, -1.1237, -1.0870, 1.2306, 37.7481, 90.0879, 0, 1
1745407310.307, 5.320, 1.758, 0.8142, -1.1237, -1.0869, 1.2300, 37.7486, 90.0853, 0, 1
1745407310.387, 5.320, 1.757, 0.8142, -1.1237, -1.0869, 1.2283, 37.7501, 90.0861, 0, 1
1745407310.466, 5.320, 1.757, 0.8142, -1.1237, -1.0869, 1.2272, 37.7532, 90.0868, 0, 1
1745407310.546, 5.320, 1.757, 0.8142, -1.1237, -1.0868, 1.2257, 37.7620, 90.0838, 0, 1
1745407310.626, 5.320, 1.757, 0.8137, -1.1237, -1.0863, 1.2374, 37.7880, 90.0719, 0, 1
1745407310.705, 5.321, 1.757, 0.8124, -1.1237, -1.0850, 1.2516, 37.8788, 90.0597, 0, 1
1745407310.785, 5.321, 1.756, 0.8102, -1.1237, -1.0825, 1.2715, 38.0214, 90.0471, 0, 1
1745407310.864, 5.320, 1.753, 0.8069, -1.1238, -1.0789, 1.2930, 38.2310, 90.0372, 0, 1
1745407310.944, 5.320, 1.750, 0.8028, -1.1239, -1.0744, 1.3181, 38.4978, 90.0287, 0, 1
1745407311.024, 5.319, 1.746, 0.7983, -1.1240, -1.0695, 1.3307, 38.8034, 90.0269, 0, 1
1745407311.104, 5.318, 1.739, 0.7939, -1.1240, -1.0648, 1.3561, 39.0994, 90.0122, 0, 1
1745407311.183, 5.316, 1.733, 0.7898, -1.1241, -1.0604, 1.3708, 39.3985, 89.9987, 0, 1
1745407311.263, 5.316, 1.728, 0.7862, -1.1241, -1.0566, 1.3726, 39.6870, 89.9802, 0, 1
1745407311.342, 5.315, 1.721, 0.7828, -1.1242, -1.0530, 1.3518, 39.9715, 89.9760, 0, 1
1745407311.422, 5.314, 1.715, 0.7794, -1.1242, -1.0493, 1.3228, 40.2180, 89.9729, 0, 1
1745407311.502, 5.313, 1.710, 0.7759, -1.1243, -1.0455, 1.2971, 40.4313, 89.9669, 0, 1
1745407311.582, 5.313, 1.704, 0.7722, -1.1244, -1.0414, 1.2648, 40.5938, 89.9706, 0, 1
1745407311.661, 5.313, 1.699, 0.7684, -1.1244, -1.0372, 1.2464, 40.7140, 89.9675, 0, 1
1745407311.741, 5.313, 1.694, 0.7646, -1.1246, -1.0329, 1.2305, 40.7657, 89.9631, 0, 1
1745407311.820, 5.313, 1.690, 0.7608, -1.1247, -1.0286, 1.2117, 40.7842, 89.9693, 0, 1
1745407311.900, 5.313, 1.684, 0.7571, -1.1248, -1.0243, 1.1788, 40.7908, 89.9958, 0, 1
1745407311.980, 5.312, 1.678, 0.7533, -1.1249, -1.0201, 1.1656, 40.7784, 90.0110, 0, 1
1745407312.059, 5.312, 1.672, 0.7496, -1.1250, -1.0158, 1.1544, 40.7411, 90.0379, 0, 1
1745407312.139, 5.312, 1.666, 0.7459, -1.1251, -1.0116, 1.1781, 40.7114, 90.0481, 0, 1
1745407312.218, 5.312, 1.659, 0.7421, -1.1251, -1.0075, 1.2184, 40.6755, 90.0442, 0, 1
1745407312.298, 5.312, 1.653, 0.7385, -1.1252, -1.0035, 1.2631, 40.6337, 90.0386, 0, 1
1745407312.378, 5.312, 1.647, 0.7348, -1.1253, -0.9995, 1.3072, 40.5915, 90.0354, 0, 1
1745407312.457, 5.312, 1.640, 0.7312, -1.1254, -0.9955, 1.3343, 40.5658, 90.0395, 0, 1
1745407312.537, 5.312, 1.635, 0.7276, -1.1254, -0.9914, 1.3261, 40.5432, 90.0568, 0, 1
1745407312.617, 5.312, 1.629, 0.7240, -1.1255, -0.9873, 1.3153, 40.5341, 90.0812, 0, 1
1745407312.696, 5.312, 1.623, 0.7203, -1.1255, -0.9831, 1.2995, 40.5258, 90.1049, 0, 1
1745407312.776, 5.311, 1.618, 0.7166, -1.1256, -0.9790, 1.3034, 40.5310, 90.1216, 0, 1
1745407312.856, 5.312, 1.613, 0.7129, -1.1256, -0.9749, 1.3208, 40.5236, 90.1225, 0, 1
1745407312.935, 5.312, 1.608, 0.7092, -1.1257, -0.9709, 1.3460, 40.5170, 90.1130, 0, 1
1745407313.015, 5.311, 1.602, 0.7055, -1.1258, -0.9667, 1.3555, 40.5267, 90.1108, 0, 1
1745407313.095, 5.311, 1.598, 0.7017, -1.1259, -0.9625, 1.3702, 40.5315, 90.1024, 0, 1
1745407313.174, 5.311, 1.592, 0.6978, -1.1260, -0.9581, 1.3740, 40.5421, 90.0884, 0, 1
1745407313.254, 5.311, 1.586, 0.6938, -1.1261, -0.9537, 1.3771, 40.5535, 90.0817, 0, 1
1745407313.334, 5.311, 1.580, 0.6899, -1.1263, -0.9494, 1.3865, 40.5565, 90.0814, 0, 1
1745407313.414, 5.311, 1.573, 0.6862, -1.1264, -0.9452, 1.4134, 40.5443, 90.0708, 0, 1
1745407313.493, 5.311, 1.567, 0.6825, -1.1265, -0.9413, 1.4413, 40.5293, 90.0577, 0, 1
1745407313.613, 5.311, 1.562, 0.6787, -1.1266, -0.9370, 1.4612, 40.5009, 90.0505, 0, 1
1745407313.692, 5.310, 1.555, 0.6748, -1.1267, -0.9327, 1.4828, 40.4718, 90.0402, 0, 1
1745407313.772, 5.310, 1.549, 0.6709, -1.1268, -0.9284, 1.5098, 40.4487, 90.0227, 0, 1
1745407313.851, 5.309, 1.543, 0.6670, -1.1269, -0.9240, 1.5274, 40.4186, 90.0139, 0, 1
1745407313.931, 5.309, 1.538, 0.6629, -1.1269, -0.9194, 1.5440, 40.3796, 90.0034, 0, 1
1745407314.011, 5.309, 1.532, 0.6592, -1.1270, -0.9152, 1.5462, 40.3468, 90.0059, 0, 1
1745407314.090, 5.309, 1.526, 0.6556, -1.1271, -0.9110, 1.5488, 40.3015, 89.9995, 0, 1
1745407314.170, 5.310, 1.521, 0.6520, -1.1272, -0.9069, 1.5442, 40.2588, 89.9974, 0, 1
1745407314.249, 5.310, 1.515, 0.6485, -1.1274, -0.9029, 1.5410, 40.2230, 89.9815, 0, 1
1745407314.329, 5.311, 1.510, 0.6451, -1.1275, -0.8988, 1.5205, 40.2050, 89.9777, 0, 1
1745407314.409, 5.311, 1.505, 0.6417, -1.1276, -0.8948, 1.4962, 40.1888, 89.9562, 0, 1
1745407314.489, 5.311, 1.501, 0.6383, -1.1277, -0.8908, 1.4677, 40.1906, 89.9428, 0, 1
1745407314.568, 5.311, 1.496, 0.6348, -1.1278, -0.8867, 1.4457, 40.2125, 89.9247, 0, 1
1745407314.648, 5.310, 1.490, 0.6312, -1.1279, -0.8825, 1.4145, 40.2298, 89.9139, 0, 1
1745407314.728, 5.310, 1.485, 0.6277, -1.1280, -0.8785, 1.4010, 40.2498, 89.8898, 0, 1
1745407314.807, 5.310, 1.479, 0.6242, -1.1281, -0.8744, 1.3861, 40.2552, 89.8808, 0, 1
1745407314.887, 5.310, 1.473, 0.6207, -1.1281, -0.8703, 1.3640, 40.2525, 89.8809, 0, 1
1745407314.967, 5.311, 1.467, 0.6172, -1.1282, -0.8662, 1.3409, 40.2216, 89.8879, 0, 1
1745407315.046, 5.311, 1.461, 0.6136, -1.1283, -0.8620, 1.3300, 40.1910, 89.9015, 0, 1
1745407315.126, 5.310, 1.455, 0.6100, -1.1284, -0.8579, 1.3308, 40.1462, 89.9138, 0, 1
1745407315.205, 5.310, 1.449, 0.6064, -1.1285, -0.8538, 1.3635, 40.1058, 89.9087, 0, 1
1745407315.285, 5.310, 1.444, 0.6029, -1.1286, -0.8498, 1.4001, 40.0569, 89.8988, 0, 1
1745407315.365, 5.310, 1.439, 0.5994, -1.1286, -0.8459, 1.4419, 39.9972, 89.8888, 0, 1
1745407315.444, 5.310, 1.433, 0.5959, -1.1288, -0.8421, 1.4751, 39.9394, 89.8745, 0, 1
1745407315.524, 5.310, 1.428, 0.5925, -1.1289, -0.8382, 1.4830, 39.8944, 89.8689, 0, 1
1745407315.604, 5.310, 1.424, 0.5890, -1.1289, -0.8342, 1.4660, 39.9273, 89.8771, 0, 1
1745407315.683, 5.310, 1.419, 0.5854, -1.1290, -0.8302, 1.4486, 40.0693, 89.8713, 0, 1
1745407315.763, 5.310, 1.413, 0.5818, -1.1290, -0.8264, 1.4283, 40.3239, 89.8621, 0, 1
1745407315.842, 5.309, 1.408, 0.5780, -1.1290, -0.8227, 1.4430, 40.6256, 89.8353, 0, 1
1745407315.922, 5.309, 1.403, 0.5744, -1.1291, -0.8190, 1.4457, 40.9244, 89.8080, 0, 1
1745407316.002, 5.309, 1.398, 0.5707, -1.1292, -0.8153, 1.4374, 41.1593, 89.7785, 0, 1
1745407316.081, 5.309, 1.392, 0.5669, -1.1293, -0.8114, 1.4335, 41.2946, 89.7534, 0, 1
1745407316.161, 5.308, 1.388, 0.5632, -1.1294, -0.8074, 1.4174, 41.3362, 89.7380, 0, 1
1745407316.241, 5.308, 1.383, 0.5594, -1.1295, -0.8032, 1.3815, 41.3340, 89.7312, 0, 1
1745407316.320, 5.308, 1.377, 0.5556, -1.1295, -0.7990, 1.3728, 41.3192, 89.7266, 0, 1
1745407316.400, 5.308, 1.372, 0.5518, -1.1297, -0.7949, 1.3840, 41.2836, 89.7127, 0, 1
1745407316.480, 5.308, 1.366, 0.5482, -1.1298, -0.7910, 1.3987, 41.2445, 89.7069, 0, 1
1745407316.559, 5.308, 1.360, 0.5447, -1.1299, -0.7872, 1.4249, 41.2005, 89.6884, 0, 1
1745407316.641, 5.308, 1.354, 0.5414, -1.1300, -0.7836, 1.4532, 41.1396, 89.6742, 0, 1
1745407316.718, 5.308, 1.348, 0.5381, -1.1300, -0.7800, 1.4802, 41.0771, 89.6562, 0, 1
1745407316.798, 5.307, 1.343, 0.5347, -1.1301, -0.7763, 1.5094, 41.0211, 89.6381, 0, 1
1745407316.878, 5.307, 1.337, 0.5313, -1.1301, -0.7724, 1.5315, 40.9625, 89.6187, 0, 1
1745407316.957, 5.306, 1.332, 0.5278, -1.1302, -0.7685, 1.5534, 40.8943, 89.6048, 0, 1
1745407317.037, 5.306, 1.327, 0.5242, -1.1303, -0.7645, 1.5603, 40.8355, 89.6032, 0, 1
1745407317.117, 5.306, 1.321, 0.5206, -1.1304, -0.7604, 1.5637, 40.7677, 89.6004, 0, 1
1745407317.196, 5.306, 1.315, 0.5173, -1.1305, -0.7566, 1.5644, 40.7018, 89.6021, 0, 1
1745407317.276, 5.306, 1.310, 0.5147, -1.1306, -0.7535, 1.5661, 40.6535, 89.6065, 0, 1
1745407317.356, 5.306, 1.306, 0.5128, -1.1307, -0.7513, 1.5653, 40.6164, 89.6094, 0, 1
1745407317.435, 5.305, 1.302, 0.5116, -1.1307, -0.7499, 1.5711, 40.5879, 89.6013, 0, 1
1745407317.515, 5.305, 1.299, 0.5111, -1.1307, -0.7492, 1.5769, 40.5795, 89.5965, 0, 1
1745407317.595, 5.305, 1.297, 0.5111, -1.1307, -0.7492, 1.5803, 40.5832, 89.5927, 0, 1
1745407317.674, 5.305, 1.297, 0.5111, -1.1307, -0.7492, 1.5825, 40.5829, 89.5909, 0, 1
1745407317.754, 5.305, 1.296, 0.5111, -1.1307, -0.7492, 1.5853, 40.5849, 89.5864, 0, 1
1745407317.834, 5.305, 1.296, 0.5111, -1.1307, -0.7492, 1.5900, 40.5882, 89.5811, 0, 1
1745407317.913, 5.305, 1.296, 0.5112, -1.1307, -0.7492, 1.5925, 40.5897, 89.5769, 0, 1
1745407317.993, 5.306, 1.296, 0.5112, -1.1307, -0.7492, 1.5935, 40.5889, 89.5748, 0, 1
1745407318.192, 5.306, 1.297, 0.5112, -1.1307, -0.7492, 1.5998, 40.5880, 89.5700, 0, 1
1745407318.391, 5.306, 1.297, 0.5113, -1.1307, -0.7492, 1.6032, 40.5884, 89.5709, 0, 1
1745407320.163, 5.306, 1.304, 0.5165, -1.1306, -0.7550, 1.5852, 40.6196, 89.5929, 0, 1
1745407320.243, 5.307, 1.312, 0.5217, -1.1305, -0.7609, 1.5619, 40.6473, 89.6190, 0, 1
1745407320.323, 5.307, 1.319, 0.5269, -1.1304, -0.7667, 1.5386, 40.6761, 89.6445, 0, 1
1745407320.402, 5.306, 1.327, 0.5321, -1.1302, -0.7726, 1.5152, 40.7017, 89.6684, 0, 1
1745407320.482, 5.305, 1.334, 0.5373, -1.1301, -0.7784, 1.4906, 40.7255, 89.6926, 0, 1
1745407320.561, 5.305, 1.334, 0.5373, -1.1302, -0.7784, 1.4855, 40.7203, 89.6977, 0, 1
1745407320.641, 5.305, 1.334, 0.5373, -1.1302, -0.7784, 1.4836, 40.7177, 89.6991, 0, 1
1745407320.721, 5.305, 1.334, 0.5373, -1.1302, -0.7785, 1.4816, 40.7145, 89.7014, 0, 1
1745407320.800, 5.305, 1.334, 0.5373, -1.1302, -0.7785, 1.4779, 40.7138, 89.7059, 0, 1
1745407320.880, 5.306, 1.334, 0.5371, -1.1302, -0.7783, 1.4863, 40.6942, 89.7045, 0, 1
1745407320.960, 5.306, 1.334, 0.5362, -1.1302, -0.7772, 1.4775, 40.6691, 89.7061, 0, 1
1745407321.041, 5.306, 1.334, 0.5341, -1.1302, -0.7748, 1.4900, 40.6460, 89.6914, 0, 1
1745407321.119, 5.306, 1.333, 0.5306, -1.1302, -0.7708, 1.4861, 40.5972, 89.6894, 0, 1
1745407321.198, 5.306, 1.330, 0.5256, -1.1303, -0.7651, 1.4939, 40.5111, 89.6871, 0, 1
1745407321.278, 5.306, 1.324, 0.5196, -1.1304, -0.7581, 1.4909, 40.4239, 89.6699, 0, 1
1745407321.358, 5.306, 1.317, 0.5133, -1.1305, -0.7509, 1.4894, 40.3369, 89.6525, 0, 1
1745407321.439, 5.306, 1.310, 0.5075, -1.1307, -0.7441, 1.4524, 40.2588, 89.6581, 0, 1
1745407321.517, 5.306, 1.301, 0.5029, -1.1308, -0.7386, 1.4378, 40.1937, 89.6434, 0, 1
1745407321.597, 5.307, 1.293, 0.4995, -1.1308, -0.7346, 1.4085, 40.1655, 89.6273, 0, 1
1745407321.676, 5.307, 1.286, 0.4974, -1.1309, -0.7321, 1.3800, 40.1569, 89.6272, 0, 1
1745407321.756, 5.307, 1.281, 0.4961, -1.1309, -0.7305, 1.3705, 40.1534, 89.6165, 0, 1
1745407321.836, 5.307, 1.276, 0.4951, -1.1309, -0.7293, 1.3723, 40.1450, 89.6046, 0, 1
1745407321.915, 5.307, 1.274, 0.4938, -1.1310, -0.7279, 1.3772, 40.1507, 89.5898, 0, 1
1745407321.995, 5.307, 1.272, 0.4920, -1.1310, -0.7258, 1.3830, 40.1670, 89.5777, 0, 1
1745407322.075, 5.307, 1.270, 0.4894, -1.1311, -0.7228, 1.3755, 40.1890, 89.5628, 0, 1
1745407322.154, 5.307, 1.268, 0.4859, -1.1312, -0.7187, 1.3506, 40.1859, 89.5683, 0, 1
1745407322.234, 5.307, 1.265, 0.4816, -1.1313, -0.7137, 1.3414, 40.1633, 89.5667, 0, 1
1745407322.313, 5.307, 1.259, 0.4768, -1.1313, -0.7080, 1.3329, 40.1218, 89.5840, 0, 1
1745407322.393, 5.307, 1.253, 0.4715, -1.1315, -0.7017, 1.3379, 40.0415, 89.6009, 0, 1
1745407322.473, 5.307, 1.246, 0.4661, -1.1316, -0.6954, 1.3602, 39.9383, 89.6242, 0, 1
1745407322.552, 5.307, 1.238, 0.4608, -1.1317, -0.6892, 1.3899, 39.8560, 89.6339, 0, 1
1745407322.632, 5.308, 1.230, 0.4558, -1.1319, -0.6833, 1.3930, 39.7839, 89.6495, 0, 1
1745407322.712, 5.308, 1.223, 0.4511, -1.1320, -0.6777, 1.3885, 39.7237, 89.6530, 0, 1
1745407322.791, 5.308, 1.215, 0.4466, -1.1320, -0.6724, 1.3774, 39.6875, 89.6641, 0, 1
1745407322.871, 5.308, 1.207, 0.4421, -1.1320, -0.6671, 1.3804, 39.6573, 89.6587, 0, 1
1745407322.951, 5.308, 1.200, 0.4375, -1.1320, -0.6616, 1.3665, 39.6321, 89.6536, 0, 1
1745407323.030, 5.308, 1.193, 0.4326, -1.1321, -0.6559, 1.3577, 39.6247, 89.6455, 0, 1
1745407323.110, 5.308, 1.185, 0.4277, -1.1322, -0.6502, 1.3604, 39.6283, 89.6228, 0, 1
1745407323.193, 5.308, 1.178, 0.4226, -1.1323, -0.6442, 1.3708, 39.6408, 89.5732, 0, 1
1745407323.389, 5.309, 1.168, 0.4161, -1.1325, -0.6367, 1.3750, 39.6297, 89.5265, 0, 1
1745407323.468, 5.309, 1.156, 0.4097, -1.1326, -0.6293, 1.4085, 39.6158, 89.4787, 0, 1
1745407323.548, 5.309, 1.146, 0.4034, -1.1327, -0.6220, 1.4595, 39.5708, 89.4183, 0, 1
1745407323.627, 5.309, 1.136, 0.3971, -1.1328, -0.6147, 1.5024, 39.5038, 89.3764, 0, 1
1745407323.707, 5.309, 1.127, 0.3908, -1.1329, -0.6074, 1.5302, 39.4249, 89.3561, 0, 1
1745407323.787, 5.309, 1.119, 0.3858, -1.1330, -0.6014, 1.5449, 39.3639, 89.3519, 0, 1
1745407323.866, 5.308, 1.111, 0.3810, -1.1331, -0.5956, 1.5477, 39.2908, 89.3481, 0, 1
1745407323.946, 5.308, 1.104, 0.3769, -1.1331, -0.5906, 1.5431, 39.2433, 89.3509, 0, 1
1745407324.145, 5.309, 1.095, 0.3739, -1.1332, -0.5869, 1.5437, 39.2082, 89.3429, 0, 1
1745407324.344, 5.308, 1.089, 0.3719, -1.1332, -0.5845, 1.5469, 39.1841, 89.3312, 0, 1
1745407324.543, 5.309, 1.085, 0.3711, -1.1332, -0.5833, 1.5451, 39.1764, 89.3234, 0, 1
1745407324.623, 5.309, 1.082, 0.3710, -1.1333, -0.5831, 1.5522, 39.1846, 89.3140, 0, 1
1745407324.704, 5.309, 1.079, 0.3711, -1.1333, -0.5832, 1.5611, 39.1848, 89.3088, 0, 1
1745407324.782, 5.309, 1.080, 0.3712, -1.1333, -0.5832, 1.5597, 39.1869, 89.3135, 0, 1
1745407324.862, 5.309, 1.080, 0.3712, -1.1333, -0.5831, 1.5583, 39.1821, 89.3199, 0, 1
1745407327.351, 5.308, 1.104, 0.3869, -1.1331, -0.6016, 1.5188, 39.2646, 89.4100, 0, 1
1745407327.431, 5.308, 1.128, 0.4026, -1.1329, -0.6201, 1.4779, 39.3446, 89.5028, 0, 1
1745407327.510, 5.308, 1.152, 0.4182, -1.1327, -0.6385, 1.4351, 39.4243, 89.5944, 0, 1
1745407327.590, 5.308, 1.177, 0.4339, -1.1326, -0.6570, 1.3920, 39.5070, 89.6862, 0, 1
1745407327.669, 5.308, 1.201, 0.4495, -1.1324, -0.6755, 1.3504, 39.5944, 89.7749, 0, 1
1745407327.749, 5.308, 1.201, 0.4495, -1.1324, -0.6755, 1.3505, 39.5942, 89.7744, 0, 1
1745407327.829, 5.309, 1.201, 0.4495, -1.1324, -0.6755, 1.3517, 39.5954, 89.7708, 0, 1
1745407327.908, 5.308, 1.201, 0.4495, -1.1324, -0.6755, 1.3535, 39.5971, 89.7674, 0, 1
1745407327.988, 5.308, 1.201, 0.4495, -1.1324, -0.6755, 1.3579, 39.5983, 89.7639, 0, 1
1745407328.068, 5.308, 1.201, 0.4495, -1.1324, -0.6755, 1.3622, 39.5984, 89.7620, 0, 1
1745407328.147, 5.307, 1.201, 0.4495, -1.1324, -0.6755, 1.3668, 39.5989, 89.7601, 0, 1
1745407328.227, 5.307, 1.201, 0.4495, -1.1324, -0.6755, 1.3701, 39.5990, 89.7591, 0, 1
1745407328.307, 5.307, 1.201, 0.4495, -1.1323, -0.6755, 1.3717, 39.5990, 89.7615, 0, 1
1745407328.386, 5.308, 1.201, 0.4495, -1.1324, -0.6755, 1.3683, 39.5980, 89.7677, 0, 1
1745407328.466, 5.308, 1.201, 0.4496, -1.1324, -0.6756, 1.3673, 39.5816, 89.7848, 0, 1
1745407328.545, 5.308, 1.201, 0.4501, -1.1323, -0.6763, 1.3786, 39.5880, 89.7788, 0, 1
1745407328.625, 5.308, 1.201, 0.4513, -1.1324, -0.6779, 1.3938, 39.6123, 89.7824, 0, 1
1745407328.705, 5.307, 1.201, 0.4536, -1.1324, -0.6807, 1.4012, 39.6426, 89.7894, 0, 1
1745407328.784, 5.307, 1.203, 0.4571, -1.1323, -0.6849, 1.4021, 39.6883, 89.7863, 0, 1
1745407328.864, 5.307, 1.207, 0.4616, -1.1321, -0.6903, 1.3939, 39.7595, 89.7653, 0, 1
1745407328.944, 5.306, 1.211, 0.4667, -1.1320, -0.6963, 1.3709, 39.8064, 89.7553, 0, 1
1745407329.023, 5.306, 1.217, 0.4720, -1.1318, -0.7024, 1.3460, 39.8346, 89.7359, 0, 1
1745407329.103, 5.307, 1.225, 0.4771, -1.1317, -0.7083, 1.3315, 39.8554, 89.7161, 0, 1
1745407329.183, 5.307, 1.233, 0.4818, -1.1316, -0.7140, 1.3299, 39.8609, 89.7067, 0, 1
1745407329.263, 5.306, 1.240, 0.4864, -1.1315, -0.7194, 1.3306, 39.8534, 89.7126, 0, 1
1745407329.342, 5.306, 1.247, 0.4908, -1.1314, -0.7247, 1.3442, 39.8583, 89.7329, 0, 1
1745407329.422, 5.306, 1.255, 0.4954, -1.1313, -0.7302, 1.3692, 39.8673, 89.7545, 0, 1
1745407329.501, 5.306, 1.262, 0.5000, -1.1312, -0.7358, 1.3993, 39.8841, 89.7794, 0, 1
1745407329.581, 5.306, 1.269, 0.5047, -1.1311, -0.7415, 1.4255, 39.9129, 89.7954, 0, 1
1745407329.661, 5.306, 1.277, 0.5094, -1.1310, -0.7472, 1.4600, 39.9619, 89.8023, 0, 1
1745407329.740, 5.305, 1.286, 0.5141, -1.1309, -0.7529, 1.4807, 40.0178, 89.8065, 0, 1
1745407329.820, 5.305, 1.293, 0.5188, -1.1309, -0.7585, 1.4894, 40.0696, 89.8106, 0, 1
1745407329.900, 5.305, 1.301, 0.5236, -1.1308, -0.7641, 1.4856, 40.1221, 89.8096, 0, 1
1745407329.979, 5.304, 1.308, 0.5284, -1.1307, -0.7696, 1.4702, 40.1747, 89.8228, 0, 1
1745407330.059, 5.304, 1.315, 0.5332, -1.1305, -0.7751, 1.4498, 40.2121, 89.8356, 0, 1
1745407330.138, 5.304, 1.323, 0.5381, -1.1303, -0.7806, 1.4232, 40.2283, 89.8516, 0, 1
1745407330.218, 5.304, 1.330, 0.5430, -1.1302, -0.7861, 1.3789, 40.2326, 89.8800, 0, 1
1745407330.298, 5.304, 1.338, 0.5479, -1.1301, -0.7915, 1.3480, 40.2256, 89.8994, 0, 1
1745407330.377, 5.304, 1.345, 0.5526, -1.1300, -0.7970, 1.3305, 40.2014, 89.9195, 0, 1
1745407330.457, 5.305, 1.352, 0.5573, -1.1298, -0.8024, 1.3166, 40.1675, 89.9505, 0, 1
1745407330.537, 5.304, 1.358, 0.5619, -1.1297, -0.8077, 1.3208, 40.1412, 89.9890, 0, 1
1745407330.616, 5.304, 1.366, 0.5665, -1.1296, -0.8132, 1.3273, 40.1370, 90.0165, 0, 1
1745407330.696, 5.305, 1.374, 0.5712, -1.1294, -0.8188, 1.3284, 40.1488, 90.0483, 0, 1
1745407330.776, 5.305, 1.381, 0.5760, -1.1294, -0.8244, 1.3418, 40.1713, 90.0666, 0, 1
1745407330.855, 5.305, 1.389, 0.5808, -1.1293, -0.8301, 1.3583, 40.2033, 90.0786, 0, 1
1745407330.935, 5.306, 1.396, 0.5855, -1.1293, -0.8357, 1.3637, 40.2417, 90.0825, 0, 1
1745407331.015, 5.305, 1.403, 0.5903, -1.1292, -0.8414, 1.3670, 40.2784, 90.0904, 0, 1
1745407331.094, 5.306, 1.409, 0.5951, -1.1291, -0.8469, 1.3585, 40.3110, 90.0969, 0, 1
1745407331.174, 5.307, 1.416, 0.5999, -1.1289, -0.8523, 1.3280, 40.3420, 90.1069, 0, 1
1745407331.253, 5.307, 1.423, 0.6048, -1.1288, -0.8577, 1.2869, 40.3728, 90.1090, 0, 1
1745407331.333, 5.306, 1.429, 0.6096, -1.1286, -0.8631, 1.2595, 40.3904, 90.1092, 0, 1
1745407331.413, 5.306, 1.436, 0.6143, -1.1285, -0.8685, 1.2534, 40.4007, 90.1031, 0, 1
1745407331.492, 5.306, 1.444, 0.6190, -1.1283, -0.8739, 1.2494, 40.3979, 90.1131, 0, 1
1745407331.572, 5.306, 1.451, 0.6237, -1.1282, -0.8794, 1.2595, 40.4004, 90.1235, 0, 1
1745407331.652, 5.305, 1.459, 0.6285, -1.1281, -0.8850, 1.2840, 40.4039, 90.1467, 0, 1
1745407331.731, 5.305, 1.466, 0.6332, -1.1280, -0.8906, 1.3182, 40.4142, 90.1613, 0, 1
1745407331.811, 5.306, 1.474, 0.6380, -1.1279, -0.8962, 1.3495, 40.4277, 90.1750, 0, 1
1745407331.891, 5.306, 1.482, 0.6427, -1.1278, -0.9019, 1.3874, 40.4434, 90.1838, 0, 1
1745407331.970, 5.306, 1.489, 0.6474, -1.1277, -0.9074, 1.4108, 40.4625, 90.1953, 0, 1
1745407332.050, 5.306, 1.496, 0.6522, -1.1275, -0.9129, 1.4186, 40.4888, 90.1942, 0, 1
1745407332.130, 5.306, 1.503, 0.6570, -1.1274, -0.9184, 1.4118, 40.5096, 90.2003, 0, 1
1745407332.209, 5.306, 1.510, 0.6619, -1.1273, -0.9240, 1.3936, 40.5350, 90.2127, 0, 1
1745407332.289, 5.306, 1.518, 0.6669, -1.1271, -0.9295, 1.3681, 40.5716, 90.2231, 0, 1
1745407332.369, 5.306, 1.525, 0.6719, -1.1270, -0.9351, 1.3414, 40.5853, 90.2274, 0, 1
1745407332.488, 5.305, 1.533, 0.6773, -1.1268, -0.9411, 1.2970, 40.5760, 90.2529, 0, 1
1745407332.568, 5.305, 1.543, 0.6827, -1.1267, -0.9471, 1.2580, 40.5602, 90.2639, 0, 1
1745407332.647, 5.306, 1.552, 0.6880, -1.1265, -0.9530, 1.2261, 40.5218, 90.2767, 0, 1
1745407332.727, 5.306, 1.559, 0.6933, -1.1263, -0.9590, 1.2041, 40.4680, 90.2913, 0, 1
1745407332.807, 5.306, 1.567, 0.6985, -1.1261, -0.9649, 1.1964, 40.4292, 90.3251, 0, 1
1745407332.886, 5.307, 1.574, 0.7032, -1.1260, -0.9704, 1.2000, 40.4043, 90.3347, 0, 1
1745407332.966, 5.308, 1.579, 0.7081, -1.1258, -0.9759, 1.1889, 40.3940, 90.3620, 0, 1
1745407333.045, 5.308, 1.587, 0.7130, -1.1257, -0.9816, 1.1961, 40.4059, 90.3614, 0, 1
1745407333.125, 5.308, 1.594, 0.7179, -1.1256, -0.9873, 1.2081, 40.4263, 90.3507, 0, 1
1745407333.205, 5.308, 1.602, 0.7229, -1.1256, -0.9931, 1.2068, 40.4504, 90.3229, 0, 1
1745407333.284, 5.307, 1.610, 0.7279, -1.1256, -0.9988, 1.2003, 40.4799, 90.3088, 0, 1
1745407333.364, 5.306, 1.620, 0.7328, -1.1255, -1.0044, 1.1839, 40.5156, 90.2872, 0, 1
1745407333.444, 5.306, 1.626, 0.7377, -1.1254, -1.0098, 1.1421, 40.5443, 90.2875, 0, 1
1745407333.523, 5.306, 1.634, 0.7426, -1.1253, -1.0152, 1.0917, 40.5733, 90.2776, 0, 1
1745407333.603, 5.306, 1.642, 0.7474, -1.1252, -1.0206, 1.0568, 40.5954, 90.2679, 0, 1
1745407333.683, 5.307, 1.650, 0.7522, -1.1250, -1.0260, 1.0461, 40.6057, 90.2479, 0, 1
1745407333.762, 5.308, 1.658, 0.7570, -1.1249, -1.0315, 1.0480, 40.5985, 90.2281, 0, 1
1745407333.842, 5.308, 1.666, 0.7620, -1.1247, -1.0372, 1.0610, 40.5930, 90.2064, 0, 1
1745407333.922, 5.308, 1.674, 0.7669, -1.1246, -1.0429, 1.0898, 40.5930, 90.1962, 0, 1
1745407334.001, 5.308, 1.681, 0.7718, -1.1245, -1.0486, 1.1288, 40.5889, 90.1851, 0, 1
1745407334.081, 5.308, 1.689, 0.7766, -1.1244, -1.0543, 1.1669, 40.5928, 90.1810, 0, 1
1745407334.161, 5.308, 1.696, 0.7813, -1.1243, -1.0599, 1.2098, 40.6056, 90.1830, 0, 1
1745407334.240, 5.307, 1.704, 0.7859, -1.1241, -1.0654, 1.2479, 40.6250, 90.1859, 0, 1
1745407334.320, 5.307, 1.711, 0.7907, -1.1240, -1.0709, 1.2708, 40.6363, 90.1851, 0, 1
1745407334.399, 5.307, 1.718, 0.7955, -1.1239, -1.0764, 1.2769, 40.6523, 90.1871, 0, 1
1745407334.479, 5.307, 1.725, 0.8004, -1.1238, -1.0819, 1.2682, 40.6766, 90.1888, 0, 1
1745407334.559, 5.308, 1.733, 0.8054, -1.1237, -1.0875, 1.2517, 40.6967, 90.1893, 0, 1
1745407334.638, 5.307, 1.740, 0.8105, -1.1236, -1.0931, 1.2226, 40.6984, 90.1961, 0, 1
1745407334.718, 5.308, 1.748, 0.8155, -1.1235, -1.0986, 1.1856, 40.6959, 90.2105, 0, 1
1745407334.798, 5.308, 1.755, 0.8204, -1.1234, -1.1040, 1.1375, 40.6863, 90.2279, 0, 1
1745407334.877, 5.308, 1.763, 0.8252, -1.1233, -1.1093, 1.1035, 40.6600, 90.2320, 0, 1
1745407334.957, 5.309, 1.770, 0.8300, -1.1231, -1.1147, 1.0848, 40.6305, 90.2389, 0, 1
1745407335.037, 5.310, 1.778, 0.8346, -1.1230, -1.1201, 1.1027, 40.6086, 90.2401, 0, 1
1745407335.116, 5.310, 1.785, 0.8393, -1.1229, -1.1255, 1.1134, 40.5918, 90.2459, 0, 1
1745407335.196, 5.310, 1.792, 0.8441, -1.1228, -1.1310, 1.1215, 40.5896, 90.2564, 0, 1
1745407335.276, 5.310, 1.799, 0.8489, -1.1228, -1.1366, 1.1315, 40.6005, 90.2718, 0, 1
1745407335.355, 5.310, 1.806, 0.8538, -1.1226, -1.1422, 1.1471, 40.6191, 90.2789, 0, 1
1745407335.435, 5.310, 1.812, 0.8587, -1.1225, -1.1478, 1.1427, 40.6508, 90.2865, 0, 1
1745407335.514, 5.310, 1.820, 0.8636, -1.1224, -1.1534, 1.1393, 40.6883, 90.2942, 0, 1
1745407335.594, 5.310, 1.828, 0.8686, -1.1222, -1.1591, 1.1274, 40.7214, 90.2972, 0, 1
1745407335.674, 5.309, 1.836, 0.8736, -1.1221, -1.1646, 1.1005, 40.7551, 90.3027, 0, 1
1745407335.753, 5.308, 1.844, 0.8785, -1.1220, -1.1700, 1.0491, 40.7826, 90.3105, 0, 1
1745407335.833, 5.306, 1.853, 0.8834, -1.1219, -1.1754, 0.9934, 40.7999, 90.3168, 0, 1
1745407335.913, 5.304, 1.860, 0.8882, -1.1218, -1.1808, 0.9731, 40.8150, 90.3020, 0, 1
1745407335.992, 5.301, 1.867, 0.8930, -1.1217, -1.1862, 0.9687, 40.8154, 90.2838, 0, 1
1745407336.072, 5.298, 1.875, 0.8978, -1.1216, -1.1917, 0.9705, 40.8027, 90.2747, 0, 1
1745407336.152, 5.296, 1.882, 0.9026, -1.1215, -1.1972, 0.9907, 40.7968, 90.2740, 0, 1
1745407336.233, 5.294, 1.889, 0.9075, -1.1213, -1.2029, 1.0262, 40.7887, 90.2717, 0, 1
1745407336.311, 5.292, 1.896, 0.9124, -1.1212, -1.2086, 1.0492, 40.7753, 90.2873, 0, 1
1745407336.390, 5.291, 1.904, 0.9173, -1.1211, -1.2142, 1.0693, 40.7757, 90.3193, 0, 1
1745407336.470, 5.290, 1.912, 0.9221, -1.1210, -1.2197, 1.0881, 40.7850, 90.3403, 0, 1
1745407336.550, 5.289, 1.919, 0.9269, -1.1209, -1.2252, 1.0919, 40.7892, 90.3572, 0, 1
1745407336.629, 5.288, 1.927, 0.9317, -1.1208, -1.2305, 1.0830, 40.7957, 90.3769, 0, 1
1745407336.709, 5.287, 1.934, 0.9366, -1.1206, -1.2359, 1.0609, 40.8125, 90.3938, 0, 1
1745407336.789, 5.286, 1.942, 0.9414, -1.1204, -1.2414, 1.0466, 40.8261, 90.3946, 0, 1
1745407336.869, 5.284, 1.949, 0.9464, -1.1202, -1.2468, 1.0219, 40.8365, 90.4066, 0, 1
1745407336.948, 5.284, 1.956, 0.9513, -1.1201, -1.2523, 0.9888, 40.8399, 90.4312, 0, 1
1745407337.028, 5.284, 1.963, 0.9563, -1.1200, -1.2577, 0.9441, 40.8384, 90.4665, 0, 1
1745407337.107, 5.285, 1.971, 0.9610, -1.1198, -1.2630, 0.9096, 40.8169, 90.4954, 0, 1
1745407337.187, 5.286, 1.978, 0.9658, -1.1197, -1.2683, 0.8912, 40.7852, 90.5163, 0, 1
1745407337.267, 5.286, 1.985, 0.9704, -1.1196, -1.2737, 0.8899, 40.7467, 90.5398, 0, 1
1745407337.346, 5.286, 1.993, 0.9751, -1.1195, -1.2791, 0.9066, 40.7128, 90.5526, 0, 1
1745407337.426, 5.286, 2.000, 0.9799, -1.1193, -1.2846, 0.9227, 40.6767, 90.5553, 0, 1
1745407337.506, 5.286, 2.007, 0.9848, -1.1193, -1.2902, 0.9314, 40.6587, 90.5669, 0, 1
1745407337.585, 5.286, 2.014, 0.9897, -1.1191, -1.2958, 0.9378, 40.6549, 90.5835, 0, 1
1745407337.665, 5.286, 2.021, 0.9946, -1.1191, -1.3015, 0.9525, 40.6758, 90.5828, 0, 1
1745407337.745, 5.286, 2.028, 0.9994, -1.1190, -1.3071, 0.9521, 40.7008, 90.5812, 0, 1
1745407337.824, 5.286, 2.036, 1.0044, -1.1189, -1.3127, 0.9477, 40.7439, 90.5812, 0, 1
1745407337.904, 5.285, 2.043, 1.0094, -1.1188, -1.3182, 0.9385, 40.7843, 90.5748, 0, 1
1745407337.983, 5.285, 2.051, 1.0143, -1.1187, -1.3238, 0.9149, 40.8256, 90.5541, 0, 1
1745407338.063, 5.286, 2.058, 1.0194, -1.1185, -1.3293, 0.8801, 40.8543, 90.5346, 0, 1
1745407338.143, 5.286, 2.066, 1.0244, -1.1184, -1.3349, 0.8718, 40.8888, 90.4885, 0, 1
1745407338.222, 5.286, 2.074, 1.0293, -1.1182, -1.3406, 0.8965, 40.8998, 90.4194, 0, 1
1745407338.302, 5.286, 2.082, 1.0342, -1.1182, -1.3462, 0.9231, 40.9097, 90.3523, 0, 1
1745407338.382, 5.286, 2.090, 1.0390, -1.1181, -1.3519, 0.9616, 40.9103, 90.2887, 0, 1
1745407338.462, 5.285, 2.098, 1.0439, -1.1180, -1.3576, 1.0090, 40.9119, 90.2219, 0, 1
1745407338.541, 5.285, 2.105, 1.0487, -1.1180, -1.3632, 1.0567, 40.9191, 90.1601, 0, 1
1745407338.621, 5.285, 2.113, 1.0536, -1.1179, -1.3689, 1.0805, 40.9395, 90.1149, 0, 1
1745407338.700, 5.285, 2.121, 1.0585, -1.1179, -1.3745, 1.1051, 40.9658, 90.0705, 0, 1
1745407338.780, 5.285, 2.128, 1.0634, -1.1178, -1.3802, 1.1223, 41.0105, 90.0177, 0, 1
1745407338.860, 5.285, 2.136, 1.0684, -1.1177, -1.3859, 1.1217, 41.0531, 89.9702, 0, 1
1745407338.939, 5.285, 2.142, 1.0736, -1.1176, -1.3917, 1.0943, 41.0825, 89.9401, 0, 1
1745407339.019, 5.285, 2.150, 1.0789, -1.1175, -1.3974, 1.0629, 41.1101, 89.9099, 0, 1
1745407339.099, 5.285, 2.157, 1.0841, -1.1174, -1.4031, 1.0294, 41.1279, 89.8736, 0, 1
1745407339.178, 5.286, 2.165, 1.0894, -1.1173, -1.4088, 0.9767, 41.1243, 89.8592, 0, 1
1745407339.258, 5.287, 2.173, 1.0946, -1.1172, -1.4142, 0.9178, 41.1153, 89.8570, 0, 1
1745407339.338, 5.287, 2.181, 1.0996, -1.1172, -1.4196, 0.8719, 41.0963, 89.8378, 0, 1
1745407339.417, 5.288, 2.189, 1.1045, -1.1171, -1.4250, 0.8421, 41.0672, 89.8156, 0, 1
1745407339.497, 5.288, 2.197, 1.1093, -1.1170, -1.4304, 0.8290, 41.0291, 89.7948, 0, 1
1745407339.576, 5.288, 2.204, 1.1140, -1.1170, -1.4358, 0.8599, 40.9873, 89.7775, 0, 1
1745407339.656, 5.288, 2.211, 1.1189, -1.1170, -1.4413, 0.8760, 40.9503, 89.7649, 0, 1
1745407339.736, 5.289, 2.219, 1.1238, -1.1169, -1.4469, 0.8957, 40.9187, 89.7662, 0, 1
1745407339.815, 5.289, 2.226, 1.1287, -1.1169, -1.4525, 0.9143, 40.9001, 89.7665, 0, 1
1745407339.895, 5.288, 2.234, 1.1336, -1.1169, -1.4582, 0.9344, 40.9005, 89.7663, 0, 1
1745407339.975, 5.288, 2.242, 1.1386, -1.1169, -1.4639, 0.9215, 40.9169, 89.7661, 0, 1
1745407340.054, 5.287, 2.249, 1.1436, -1.1169, -1.4695, 0.9208, 40.9296, 89.7611, 0, 1
1745407340.134, 5.288, 2.257, 1.1486, -1.1168, -1.4751, 0.9033, 40.9611, 89.7606, 0, 1
1745407340.214, 5.288, 2.264, 1.1536, -1.1168, -1.4806, 0.8737, 40.9967, 89.7661, 0, 1
1745407340.293, 5.289, 2.272, 1.1586, -1.1168, -1.4861, 0.8296, 41.0246, 89.7778, 0, 1
1745407340.373, 5.289, 2.279, 1.1635, -1.1168, -1.4915, 0.8004, 41.0511, 89.7779, 0, 1
1745407340.453, 5.290, 2.286, 1.1683, -1.1167, -1.4968, 0.7960, 41.0685, 89.7691, 0, 1
1745407340.532, 5.290, 2.292, 1.1730, -1.1167, -1.5022, 0.8068, 41.0675, 89.7629, 0, 1
1745407340.612, 5.290, 2.299, 1.1776, -1.1166, -1.5075, 0.8332, 41.0601, 89.7621, 0, 1
1745407340.691, 5.290, 2.306, 1.1823, -1.1166, -1.5129, 0.8671, 41.0519, 89.7701, 0, 1
1745407340.771, 5.289, 2.314, 1.1870, -1.1166, -1.5183, 0.9143, 41.0452, 89.7866, 0, 1
1745407340.851, 5.289, 2.321, 1.1917, -1.1166, -1.5238, 0.9635, 41.0415, 89.8033, 0, 1
1745407340.930, 5.289, 2.328, 1.1964, -1.1165, -1.5293, 1.0100, 41.0581, 89.8302, 0, 1
1745407341.010, 5.288, 2.335, 1.2012, -1.1165, -1.5347, 1.0441, 41.0845, 89.8626, 0, 1
1745407341.090, 5.288, 2.342, 1.2059, -1.1164, -1.5402, 1.0760, 41.1273, 89.8811, 0, 1
1745407341.169, 5.289, 2.349, 1.2108, -1.1163, -1.5457, 1.0893, 41.1655, 89.9050, 0, 1
1745407341.249, 5.289, 2.356, 1.2157, -1.1162, -1.5512, 1.0863, 41.2140, 89.9387, 0, 1
1745407341.329, 5.289, 2.364, 1.2207, -1.1161, -1.5567, 1.0785, 41.2614, 89.9676, 0, 1
1745407341.408, 5.290, 2.371, 1.2256, -1.1160, -1.5622, 1.0651, 41.2923, 90.0008, 0, 1
1745407341.488, 5.290, 2.379, 1.2306, -1.1160, -1.5676, 1.0379, 41.2968, 90.0448, 0, 1
1745407341.568, 5.290, 2.387, 1.2355, -1.1159, -1.5728, 0.9945, 41.2924, 90.0911, 0, 1
1745407341.647, 5.290, 2.394, 1.2403, -1.1158, -1.5781, 0.9746, 41.2769, 90.1246, 0, 1
1745407341.727, 5.291, 2.402, 1.2451, -1.1157, -1.5833, 0.9626, 41.2426, 90.1471, 0, 1
1745407341.807, 5.291, 2.411, 1.2497, -1.1156, -1.5886, 0.9801, 41.2160, 90.1659, 0, 1
1745407341.886, 5.291, 2.417, 1.2544, -1.1156, -1.5940, 1.0151, 41.2005, 90.1782, 0, 1
1745407341.966, 5.291, 2.423, 1.2591, -1.1155, -1.5993, 1.0445, 41.1962, 90.1928, 0, 1
1745407342.045, 5.292, 2.430, 1.2639, -1.1155, -1.6048, 1.0592, 41.2089, 90.2189, 0, 1
1745407342.125, 5.291, 2.437, 1.2688, -1.1154, -1.6104, 1.0852, 41.2322, 90.2411, 0, 1
1745407342.205, 5.292, 2.444, 1.2738, -1.1153, -1.6161, 1.0994, 41.2626, 90.2479, 0, 1
1745407342.284, 5.291, 2.452, 1.2788, -1.1153, -1.6217, 1.0936, 41.3034, 90.2640, 0, 1
1745407342.364, 5.291, 2.459, 1.2839, -1.1153, -1.6273, 1.0870, 41.3436, 90.2738, 0, 1
1745407342.444, 5.291, 2.466, 1.2889, -1.1152, -1.6329, 1.0655, 41.3883, 90.2762, 0, 1
1745407342.523, 5.292, 2.472, 1.2939, -1.1150, -1.6382, 1.0254, 41.4284, 90.2873, 0, 1
1745407342.603, 5.292, 2.480, 1.2988, -1.1149, -1.6435, 0.9846, 41.4622, 90.2907, 0, 1
1745407342.683, 5.292, 2.487, 1.3036, -1.1148, -1.6488, 0.9692, 41.4867, 90.2790, 0, 1
1745407342.762, 5.292, 2.494, 1.3085, -1.1146, -1.6541, 0.9824, 41.5026, 90.2549, 0, 1
1745407342.842, 5.292, 2.502, 1.3133, -1.1145, -1.6594, 1.0159, 41.5020, 90.2267, 0, 1
1745407342.922, 5.292, 2.510, 1.3180, -1.1144, -1.6649, 1.0647, 41.5040, 90.1948, 0, 1
1745407343.001, 5.292, 2.517, 1.3228, -1.1143, -1.6704, 1.1266, 41.5080, 90.1654, 0, 1
1745407343.081, 5.292, 2.524, 1.3276, -1.1142, -1.6759, 1.1937, 41.5079, 90.1308, 0, 1
1745407343.161, 5.292, 2.532, 1.3324, -1.1141, -1.6815, 1.2583, 41.5198, 90.1014, 0, 1
1745407343.240, 5.292, 2.538, 1.3373, -1.1140, -1.6870, 1.3124, 41.5469, 90.0805, 0, 1
1745407343.320, 5.292, 2.544, 1.3423, -1.1140, -1.6927, 1.3580, 41.5741, 90.0529, 0, 1
1745407343.400, 5.292, 2.552, 1.3473, -1.1139, -1.6984, 1.3852, 41.5974, 90.0321, 0, 1
1745407343.479, 5.292, 2.559, 1.3524, -1.1137, -1.7041, 1.3922, 41.6354, 90.0189, 0, 1
1745407343.559, 5.293, 2.567, 1.3576, -1.1136, -1.7097, 1.3782, 41.6675, 90.0089, 0, 1
1745407343.638, 5.293, 2.575, 1.3627, -1.1136, -1.7153, 1.3653, 41.6852, 89.9901, 0, 1
1745407343.718, 5.294, 2.584, 1.3678, -1.1135, -1.7207, 1.3297, 41.6994, 89.9908, 0, 1
1745407343.798, 5.294, 2.591, 1.3728, -1.1134, -1.7260, 1.2797, 41.7034, 90.0044, 0, 1
1745407343.877, 5.294, 2.597, 1.3777, -1.1132, -1.7313, 1.2486, 41.6910, 90.0020, 0, 1
1745407343.957, 5.294, 2.604, 1.3826, -1.1131, -1.7367, 1.2466, 41.6712, 89.9867, 0, 1
1745407344.037, 5.294, 2.611, 1.3874, -1.1129, -1.7420, 1.2572, 41.6524, 89.9641, 0, 1
1745407344.116, 5.294, 2.617, 1.3921, -1.1127, -1.7474, 1.3022, 41.6358, 89.9334, 0, 1
1745407344.196, 5.294, 2.624, 1.3968, -1.1127, -1.7528, 1.3507, 41.6307, 89.8963, 0, 1
1745407344.276, 5.294, 2.631, 1.4016, -1.1126, -1.7584, 1.3878, 41.6358, 89.8757, 0, 1
1745407344.355, 5.295, 2.638, 1.4065, -1.1126, -1.7640, 1.4237, 41.6571, 89.8582, 0, 1
1745407344.435, 5.295, 2.644, 1.4114, -1.1125, -1.7697, 1.4705, 41.7093, 89.8400, 0, 1
1745407344.514, 5.295, 2.652, 1.4164, -1.1124, -1.7753, 1.4947, 41.7681, 89.8239, 0, 1
1745407344.594, 5.295, 2.660, 1.4215, -1.1123, -1.7810, 1.5115, 41.8345, 89.8134, 0, 1
1745407344.674, 5.295, 2.669, 1.4266, -1.1122, -1.7866, 1.5129, 41.9025, 89.8081, 0, 1
1745407344.753, 5.294, 2.677, 1.4317, -1.1121, -1.7922, 1.4934, 41.9733, 89.8179, 0, 1
1745407344.833, 5.295, 2.684, 1.4368, -1.1120, -1.7975, 1.4476, 42.0238, 89.8400, 0, 1
1745407344.913, 5.295, 2.691, 1.4418, -1.1119, -1.8029, 1.4156, 42.0679, 89.8495, 0, 1
1745407344.992, 5.296, 2.697, 1.4468, -1.1118, -1.8083, 1.4113, 42.1001, 89.8457, 0, 1
1745407345.072, 5.297, 2.705, 1.4516, -1.1118, -1.8136, 1.4217, 42.1220, 89.8310, 0, 1
1745407345.152, 5.298, 2.711, 1.4564, -1.1117, -1.8189, 1.4506, 42.1355, 89.8087, 0, 1
1745407345.231, 5.299, 2.718, 1.4612, -1.1116, -1.8243, 1.4955, 42.1393, 89.7856, 0, 1
1745407345.311, 5.299, 2.725, 1.4660, -1.1115, -1.8298, 1.5475, 42.1440, 89.7682, 0, 1
1745407345.390, 5.299, 2.734, 1.4709, -1.1114, -1.8352, 1.5949, 42.1597, 89.7573, 0, 1
1745407345.470, 5.299, 2.740, 1.4757, -1.1113, -1.8407, 1.6459, 42.1856, 89.7531, 0, 1
1745407345.550, 5.299, 2.749, 1.4806, -1.1112, -1.8462, 1.6860, 42.2131, 89.7532, 0, 1
1745407345.629, 5.299, 2.758, 1.4855, -1.1111, -1.8516, 1.7132, 42.2447, 89.7484, 0, 1
1745407345.709, 5.299, 2.765, 1.4905, -1.1110, -1.8570, 1.7231, 42.2726, 89.7380, 0, 1
1745407345.789, 5.300, 2.772, 1.4956, -1.1110, -1.8625, 1.7238, 42.2940, 89.7257, 0, 1
1745407345.868, 5.300, 2.779, 1.5008, -1.1109, -1.8679, 1.7114, 42.3058, 89.7144, 0, 1
1745407345.948, 5.300, 2.787, 1.5059, -1.1108, -1.8733, 1.6872, 42.3064, 89.7028, 0, 1
1745407346.028, 5.301, 2.794, 1.5111, -1.1107, -1.8787, 1.6399, 42.3010, 89.7125, 0, 1
1745407346.107, 5.302, 2.801, 1.5162, -1.1106, -1.8840, 1.5978, 42.2901, 89.7233, 0, 1
1745407346.187, 5.303, 2.808, 1.5213, -1.1105, -1.8893, 1.5673, 42.2655, 89.7245, 0, 1
1745407346.266, 5.303, 2.817, 1.5263, -1.1104, -1.8947, 1.5533, 42.2398, 89.7262, 0, 1
1745407346.346, 5.304, 2.824, 1.5312, -1.1102, -1.9000, 1.5694, 42.2123, 89.7225, 0, 1
1745407346.426, 5.304, 2.831, 1.5360, -1.1102, -1.9053, 1.6006, 42.1810, 89.7084, 0, 1
1745407346.505, 5.304, 2.838, 1.5409, -1.1101, -1.9107, 1.6207, 42.1589, 89.7114, 0, 1
1745407346.585, 5.304, 2.845, 1.5458, -1.1100, -1.9160, 1.6322, 42.1490, 89.7197, 0, 1
1745407346.665, 5.304, 2.852, 1.5507, -1.1099, -1.9215, 1.6511, 42.1435, 89.7248, 0, 1
1745407346.744, 5.304, 2.859, 1.5557, -1.1098, -1.9269, 1.6544, 42.1534, 89.7318, 0, 1
1745407346.824, 5.305, 2.865, 1.5608, -1.1097, -1.9324, 1.6518, 42.1745, 89.7434, 0, 1
1745407346.904, 5.305, 2.872, 1.5659, -1.1096, -1.9380, 1.6344, 42.1985, 89.7532, 0, 1
1745407346.983, 5.305, 2.879, 1.5711, -1.1096, -1.9434, 1.6095, 42.2294, 89.7687, 0, 1
1745407347.063, 5.306, 2.886, 1.5763, -1.1096, -1.9489, 1.5583, 42.2554, 89.7888, 0, 1
1745407347.143, 5.306, 2.894, 1.5816, -1.1095, -1.9544, 1.5009, 42.2808, 89.8122, 0, 1
1745407347.222, 5.307, 2.903, 1.5867, -1.1094, -1.9597, 1.4742, 42.3055, 89.8119, 0, 1
1745407347.302, 5.308, 2.911, 1.5917, -1.1093, -1.9651, 1.4732, 42.3131, 89.8002, 0, 1
1745407347.382, 5.309, 2.918, 1.5965, -1.1092, -1.9704, 1.4830, 42.3109, 89.7894, 0, 1
1745407347.461, 5.309, 2.924, 1.6013, -1.1091, -1.9756, 1.5150, 42.3122, 89.7758, 0, 1
1745407347.543, 5.309, 2.931, 1.6061, -1.1090, -1.9810, 1.5637, 42.3019, 89.7629, 0, 1
1745407347.621, 5.309, 2.937, 1.6109, -1.1089, -1.9863, 1.6028, 42.2882, 89.7636, 0, 1
1745407347.700, 5.309, 2.943, 1.6158, -1.1087, -1.9917, 1.6470, 42.2928, 89.7653, 0, 1
1745407347.780, 5.310, 2.950, 1.6207, -1.1086, -1.9971, 1.6867, 42.3018, 89.7737, 0, 1
1745407347.859, 5.310, 2.957, 1.6258, -1.1086, -2.0027, 1.6992, 42.3093, 89.7917, 0, 1
1745407347.939, 5.310, 2.964, 1.6309, -1.1084, -2.0081, 1.7009, 42.3255, 89.7996, 0, 1
1745407348.019, 5.311, 2.970, 1.6360, -1.1083, -2.0136, 1.6889, 42.3480, 89.8133, 0, 1
1745407348.098, 5.311, 2.978, 1.6411, -1.1082, -2.0190, 1.6692, 42.3653, 89.8323, 0, 1
1745407348.178, 5.311, 2.987, 1.6463, -1.1081, -2.0244, 1.6397, 42.3869, 89.8433, 0, 1
1745407348.258, 5.311, 2.995, 1.6513, -1.1080, -2.0297, 1.6084, 42.4076, 89.8614, 0, 1
1745407348.337, 5.312, 3.003, 1.6564, -1.1079, -2.0350, 1.5665, 42.4186, 89.8935, 0, 1
1745407348.417, 5.312, 3.012, 1.6614, -1.1077, -2.0402, 1.5359, 42.4147, 89.9166, 0, 1
1745407348.497, 5.313, 3.019, 1.6664, -1.1076, -2.0455, 1.5250, 42.4032, 89.9238, 0, 1
1745407348.576, 5.313, 3.025, 1.6712, -1.1076, -2.0507, 1.5430, 42.3801, 89.9165, 0, 1
1745407348.656, 5.313, 3.032, 1.6760, -1.1074, -2.0559, 1.5785, 42.3517, 89.8996, 0, 1
1745407348.736, 5.313, 3.038, 1.6807, -1.1073, -2.0612, 1.6101, 42.3315, 89.8844, 0, 1
1745407348.815, 5.313, 3.045, 1.6856, -1.1073, -2.0665, 1.6282, 42.3100, 89.8732, 0, 1
1745407348.895, 5.313, 3.053, 1.6905, -1.1072, -2.0720, 1.6390, 42.3032, 89.8717, 0, 1
1745407348.974, 5.313, 3.061, 1.6956, -1.1072, -2.0775, 1.6408, 42.3156, 89.8741, 0, 1
1745407349.054, 5.313, 3.069, 1.7009, -1.1072, -2.0831, 1.6245, 42.3430, 89.8838, 0, 1
1745407349.134, 5.313, 3.078, 1.7061, -1.1072, -2.0887, 1.6021, 42.3692, 89.8896, 0, 1
1745407349.213, 5.314, 3.087, 1.7113, -1.1071, -2.0942, 1.5704, 42.4124, 89.9009, 0, 1
1745407349.293, 5.315, 3.094, 1.7165, -1.1070, -2.0996, 1.5262, 42.4410, 89.9078, 0, 1
1745407349.373, 5.315, 3.101, 1.7217, -1.1068, -2.1049, 1.4683, 42.4732, 89.9267, 0, 1
1745407349.452, 5.316, 3.109, 1.7267, -1.1066, -2.1102, 1.4335, 42.4984, 89.9283, 0, 1
1745407349.532, 5.317, 3.117, 1.7318, -1.1065, -2.1156, 1.4263, 42.5180, 89.9104, 0, 1
1745407349.612, 5.317, 3.125, 1.7368, -1.1064, -2.1211, 1.4540, 42.5266, 89.8762, 0, 1
1745407349.691, 5.316, 3.131, 1.7417, -1.1063, -2.1264, 1.4868, 42.5385, 89.8466, 0, 1
1745407349.771, 5.317, 3.140, 1.7465, -1.1062, -2.1317, 1.5403, 42.5291, 89.8129, 0, 1
1745407349.851, 5.318, 3.147, 1.7513, -1.1060, -2.1371, 1.5923, 42.5203, 89.7891, 0, 1
1745407349.930, 5.318, 3.154, 1.7561, -1.1059, -2.1423, 1.6445, 42.5185, 89.7795, 0, 1
1745407350.010, 5.319, 3.161, 1.7610, -1.1058, -2.1476, 1.6849, 42.5222, 89.7804, 0, 1
1745407350.090, 5.319, 3.168, 1.7659, -1.1056, -2.1531, 1.7211, 42.5279, 89.7883, 0, 1
1745407350.169, 5.319, 3.176, 1.7710, -1.1055, -2.1585, 1.7274, 42.5404, 89.8141, 0, 1
1745407350.249, 5.318, 3.183, 1.7762, -1.1054, -2.1640, 1.7278, 42.5554, 89.8335, 0, 1
1745407350.328, 5.318, 3.188, 1.7814, -1.1054, -2.1695, 1.7098, 42.5695, 89.8612, 0, 1
1745407350.408, 5.318, 3.195, 1.7866, -1.1053, -2.1750, 1.6909, 42.5777, 89.8906, 0, 1
1745407350.488, 5.319, 3.203, 1.7917, -1.1053, -2.1803, 1.6436, 42.5812, 89.9378, 0, 1
1745407350.567, 5.319, 3.210, 1.7969, -1.1052, -2.1855, 1.5945, 42.5777, 89.9838, 0, 1
1745407350.647, 5.319, 3.217, 1.8020, -1.1050, -2.1908, 1.5503, 42.5630, 90.0236, 0, 1
1745407350.727, 5.321, 3.223, 1.8070, -1.1049, -2.1960, 1.5274, 42.5432, 90.0488, 0, 1
1745407350.806, 5.322, 3.230, 1.8121, -1.1047, -2.2014, 1.5247, 42.5223, 90.0547, 0, 1
1745407350.886, 5.322, 3.238, 1.8169, -1.1045, -2.2067, 1.5724, 42.4987, 90.0330, 0, 1
1745407350.966, 5.322, 3.244, 1.8217, -1.1043, -2.2120, 1.6257, 42.4804, 89.9975, 0, 1
1745407351.045, 5.323, 3.250, 1.8266, -1.1042, -2.2174, 1.6723, 42.4693, 89.9708, 0, 1
1745407351.125, 5.323, 3.257, 1.8315, -1.1041, -2.2228, 1.7107, 42.4599, 89.9500, 0, 1
1745407351.204, 5.323, 3.264, 1.8364, -1.1040, -2.2282, 1.7402, 42.4640, 89.9480, 0, 1
1745407351.284, 5.324, 3.268, 1.8414, -1.1040, -2.2336, 1.7484, 42.4879, 89.9414, 0, 1
1745407351.364, 5.324, 3.276, 1.8465, -1.1039, -2.2392, 1.7511, 42.5139, 89.9414, 0, 1
1745407351.443, 5.325, 3.284, 1.8516, -1.1038, -2.2446, 1.7389, 42.5502, 89.9445, 0, 1
1745407351.523, 5.325, 3.292, 1.8568, -1.1036, -2.2500, 1.7142, 42.5882, 89.9454, 0, 1
1745407351.603, 5.326, 3.300, 1.8620, -1.1034, -2.2554, 1.6689, 42.6276, 89.9488, 0, 1
1745407351.682, 5.326, 3.310, 1.8671, -1.1033, -2.2607, 1.6269, 42.6661, 89.9602, 0, 1
1745407351.762, 5.327, 3.318, 1.8722, -1.1031, -2.2661, 1.6124, 42.6992, 89.9502, 0, 1
1745407351.842, 5.327, 3.326, 1.8772, -1.1030, -2.2715, 1.6235, 42.7167, 89.9243, 0, 1
1745407351.921, 5.328, 3.333, 1.8820, -1.1029, -2.2768, 1.6493, 42.7307, 89.8943, 0, 1
1745407352.001, 5.328, 3.340, 1.8869, -1.1028, -2.2821, 1.6883, 42.7319, 89.8628, 0, 1
1745407352.200, 5.329, 3.349, 1.8932, -1.1026, -2.2890, 1.7441, 42.7380, 89.8353, 0, 1
1745407352.280, 5.329, 3.358, 1.8996, -1.1025, -2.2960, 1.7896, 42.7492, 89.8232, 0, 1
1745407352.359, 5.329, 3.368, 1.9060, -1.1023, -2.3030, 1.8263, 42.7629, 89.8213, 0, 1
1745407352.439, 5.329, 3.380, 1.9126, -1.1022, -2.3101, 1.8414, 42.7873, 89.8440, 0, 1
1745407352.519, 5.330, 3.389, 1.9193, -1.1021, -2.3172, 1.8441, 42.8135, 89.8629, 0, 1
1745407352.598, 5.330, 3.396, 1.9246, -1.1020, -2.3227, 1.8202, 42.8273, 89.8848, 0, 1
1745407362.315, 5.328, 3.142, 1.6861, -1.1083, -2.1146, 1.5965, 47.9899, 89.7352, 0, 1
1745407362.394, 5.326, 3.135, 1.6818, -1.1083, -2.1108, 1.6254, 47.9305, 89.7062, 0, 1
1745407362.474, 5.324, 3.127, 1.6776, -1.1084, -2.1071, 1.6427, 47.8691, 89.6889, 0, 1
1745407362.554, 5.322, 3.121, 1.6735, -1.1085, -2.1035, 1.6697, 47.8061, 89.6658, 0, 1
1745407362.633, 5.320, 3.116, 1.6697, -1.1086, -2.1000, 1.6653, 47.7481, 89.6651, 0, 1
1745407362.713, 5.318, 3.111, 1.6658, -1.1087, -2.0965, 1.6399, 47.7098, 89.6924, 0, 1
1745407362.793, 5.315, 3.105, 1.6619, -1.1088, -2.0929, 1.5908, 47.6713, 89.7388, 0, 1
1745407362.872, 5.313, 3.100, 1.6580, -1.1089, -2.0892, 1.5210, 47.6435, 89.7966, 0, 1
1745407362.952, 5.313, 3.095, 1.6540, -1.1090, -2.0854, 1.4485, 47.6008, 89.8519, 0, 1
1745407363.032, 5.312, 3.089, 1.6500, -1.1091, -2.0817, 1.4133, 47.5646, 89.8857, 0, 1
1745407363.111, 5.312, 3.084, 1.6461, -1.1091, -2.0781, 1.3958, 47.4727, 89.9032, 0, 1
1745407363.191, 5.312, 3.079, 1.6424, -1.1091, -2.0746, 1.3864, 47.3323, 89.9162, 0, 1
1745407363.271, 5.311, 3.074, 1.6388, -1.1091, -2.0711, 1.4001, 47.1450, 89.9038, 0, 1
1745407363.350, 5.309, 3.067, 1.6352, -1.1092, -2.0676, 1.4238, 46.8911, 89.8805, 0, 1
1745407363.430, 5.307, 3.060, 1.6315, -1.1093, -2.0639, 1.4495, 46.5550, 89.8577, 0, 1
1745407363.510, 5.304, 3.053, 1.6279, -1.1094, -2.0601, 1.4857, 46.1819, 89.8265, 0, 1
1745407363.589, 5.300, 3.047, 1.6243, -1.1095, -2.0563, 1.5301, 45.7814, 89.7811, 0, 1
1745407363.669, 5.296, 3.039, 1.6209, -1.1096, -2.0525, 1.5580, 45.3441, 89.7572, 0, 1
1745407363.748, 5.293, 3.031, 1.6176, -1.1097, -2.0486, 1.5817, 44.8785, 89.7368, 0, 1
1745407363.828, 5.289, 3.023, 1.6144, -1.1097, -2.0448, 1.6106, 44.3818, 89.7125, 0, 1
1745407363.908, 5.286, 3.016, 1.6111, -1.1098, -2.0408, 1.6343, 43.8607, 89.6933, 0, 1
1745407363.987, 5.283, 3.007, 1.6079, -1.1098, -2.0368, 1.6463, 43.3222, 89.6817, 0, 1
1745407364.067, 5.280, 2.999, 1.6049, -1.1099, -2.0330, 1.6621, 42.8568, 89.6728, 0, 1
1745407364.147, 5.277, 2.992, 1.6024, -1.1100, -2.0299, 1.6661, 42.5048, 89.6765, 0, 1
1745407364.226, 5.275, 2.985, 1.6005, -1.1100, -2.0276, 1.6653, 42.2688, 89.6875, 0, 1
1745407364.306, 5.273, 2.977, 1.5992, -1.1101, -2.0261, 1.6652, 42.1439, 89.6971, 0, 1
1745407364.386, 5.271, 2.973, 1.5986, -1.1101, -2.0254, 1.6690, 42.1241, 89.7069, 0, 1
1745407364.465, 5.270, 2.970, 1.5985, -1.1100, -2.0253, 1.6742, 42.1305, 89.7087, 0, 1
1745407364.545, 5.270, 2.969, 1.5985, -1.1100, -2.0253, 1.6819, 42.1338, 89.7088, 0, 1
1745407364.625, 5.270, 2.970, 1.5985, -1.1100, -2.0253, 1.6886, 42.1367, 89.7066, 0, 1
1745407364.704, 5.270, 2.971, 1.5985, -1.1101, -2.0254, 1.6945, 42.1387, 89.7042, 0, 1
1745407364.784, 5.270, 2.971, 1.5985, -1.1100, -2.0254, 1.7008, 42.1398, 89.7002, 0, 1
1745407364.863, 5.270, 2.972, 1.5985, -1.1100, -2.0254, 1.7027, 42.1405, 89.7004, 0, 1
1745407364.943, 5.270, 2.972, 1.5985, -1.1100, -2.0254, 1.7058, 42.1426, 89.6999, 0, 1
1745407365.023, 5.270, 2.971, 1.5985, -1.1100, -2.0254, 1.7063, 42.1426, 89.7004, 0, 1
1745407365.102, 5.270, 2.971, 1.5988, -1.1100, -2.0256, 1.7027, 42.1563, 89.7114, 0, 1
1745407365.182, 5.270, 2.972, 1.6000, -1.1100, -2.0270, 1.7066, 42.1711, 89.7238, 0, 1
1745407365.262, 5.270, 2.972, 1.6029, -1.1100, -2.0302, 1.7049, 42.2035, 89.7458, 0, 1
1745407365.341, 5.271, 2.974, 1.6082, -1.1099, -2.0358, 1.6805, 42.2683, 89.7809, 0, 1
1745407365.421, 5.271, 2.981, 1.6158, -1.1097, -2.0439, 1.6370, 42.3374, 89.8256, 0, 1
1745407365.501, 5.272, 2.987, 1.6255, -1.1094, -2.0540, 1.5924, 42.3885, 89.8606, 0, 1
1745407365.580, 5.274, 2.996, 1.6360, -1.1092, -2.0653, 1.5717, 42.4218, 89.8655, 0, 1
1745407365.660, 5.274, 3.011, 1.6464, -1.1089, -2.0765, 1.5656, 42.4370, 89.8581, 0, 1
1745407365.740, 5.275, 3.026, 1.6560, -1.1087, -2.0868, 1.5720, 42.4145, 89.8435, 0, 1
1745407365.819, 5.276, 3.040, 1.6645, -1.1087, -2.0962, 1.6190, 42.3994, 89.8135, 0, 1
1745407365.899, 5.276, 3.054, 1.6726, -1.1085, -2.1050, 1.6504, 42.4038, 89.7925, 0, 1
1745407365.978, 5.276, 3.066, 1.6806, -1.1084, -2.1135, 1.6244, 42.4379, 89.8048, 0, 1
1745407366.058, 5.276, 3.079, 1.6890, -1.1083, -2.1224, 1.5681, 42.4844, 89.8277, 0, 1
1745407366.138, 5.276, 3.092, 1.6979, -1.1081, -2.1318, 1.5354, 42.5425, 89.8447, 0, 1
1745407366.217, 5.277, 3.105, 1.7072, -1.1079, -2.1415, 1.5004, 42.5394, 89.8442, 0, 1
1745407366.297, 5.279, 3.118, 1.7166, -1.1077, -2.1512, 1.5140, 42.2068, 89.8279, 0, 1
1745407366.377, 5.279, 3.132, 1.7260, -1.1074, -2.1605, 1.5738, 41.4948, 89.8052, 0, 1
1745407366.456, 5.279, 3.144, 1.7351, -1.1073, -2.1694, 1.6485, 40.4985, 89.7936, 0, 1
1745407366.536, 5.278, 3.155, 1.7440, -1.1073, -2.1783, 1.6994, 39.4936, 89.8035, 0, 1
1745407366.616, 5.280, 3.168, 1.7526, -1.1070, -2.1872, 1.7315, 38.5668, 89.8282, 0, 1
1745407366.695, 5.281, 3.181, 1.7611, -1.1067, -2.1966, 1.7057, 37.9713, 89.8850, 0, 1
1745407366.775, 5.284, 3.192, 1.7694, -1.1066, -2.2065, 1.6283, 37.7498, 89.9629, 0, 1
1745407366.855, 5.287, 3.206, 1.7776, -1.1064, -2.2168, 1.5828, 37.8052, 90.0012, 0, 1
1745407366.934, 5.290, 3.220, 1.7855, -1.1060, -2.2270, 1.5895, 37.8803, 89.9906, 0, 1
1745407367.014, 5.291, 3.229, 1.7934, -1.1060, -2.2371, 1.5612, 37.9345, 90.0040, 0, 1
1745407367.093, 5.290, 3.242, 1.8010, -1.1060, -2.2471, 1.5985, 37.9812, 89.9829, 0, 1
1745407367.173, 5.289, 3.254, 1.8086, -1.1059, -2.2570, 1.6542, 38.0500, 89.9494, 0, 1
1745407367.253, 5.287, 3.267, 1.8162, -1.1056, -2.2669, 1.6800, 38.1468, 89.9222, 0, 1
1745407367.332, 5.286, 3.279, 1.8241, -1.1054, -2.2768, 1.6442, 38.2503, 89.9284, 0, 1
1745407367.412, 5.284, 3.291, 1.8319, -1.1051, -2.2867, 1.6501, 38.3729, 89.9157, 0, 1
1745407367.492, 5.283, 3.304, 1.8397, -1.1047, -2.2964, 1.6287, 38.5000, 89.9030, 0, 1
1745407367.571, 5.282, 3.317, 1.8473, -1.1043, -2.3060, 1.6413, 38.6093, 89.8556, 0, 1
1745407367.651, 5.281, 3.329, 1.8546, -1.1040, -2.3153, 1.6859, 38.7038, 89.8298, 0, 1
1745407367.731, 5.280, 3.340, 1.8618, -1.1039, -2.3244, 1.7465, 38.7994, 89.7980, 0, 1
1745407367.810, 5.279, 3.351, 1.8690, -1.1036, -2.3335, 1.8074, 38.8816, 89.7768, 0, 1
1745407367.890, 5.279, 3.363, 1.8763, -1.1035, -2.3427, 1.8471, 38.9840, 89.7874, 0, 1
1745407367.970, 5.278, 3.374, 1.8838, -1.1035, -2.3519, 1.8475, 39.0950, 89.8329, 0, 1
1745407368.049, 5.277, 3.386, 1.8914, -1.1033, -2.3610, 1.8137, 39.2012, 89.8710, 0, 1
1745407368.129, 5.276, 3.398, 1.8987, -1.1031, -2.3697, 1.7662, 39.2883, 89.9234, 0, 1
1745407368.209, 5.276, 3.411, 1.9056, -1.1030, -2.3778, 1.7052, 39.3622, 89.9703, 0, 1
1745407368.288, 5.275, 3.422, 1.9118, -1.1029, -2.3852, 1.6573, 39.4093, 90.0023, 0, 1
1745407368.368, 5.275, 3.433, 1.9175, -1.1026, -2.3920, 1.6466, 39.4315, 90.0208, 0, 1
1745407368.448, 5.275, 3.444, 1.9227, -1.1024, -2.3983, 1.6503, 39.4497, 90.0439, 0, 1
1745407368.527, 5.275, 3.452, 1.9279, -1.1022, -2.4046, 1.6505, 39.4739, 90.0558, 0, 1
1745407368.607, 5.275, 3.460, 1.9330, -1.1020, -2.4110, 1.6606, 39.5419, 90.0673, 0, 1
1745407368.687, 5.275, 3.468, 1.9381, -1.1019, -2.4173, 1.6757, 39.6065, 90.0829, 0, 1
1745407368.766, 5.275, 3.476, 1.9431, -1.1018, -2.4235, 1.6737, 39.6777, 90.1017, 0, 1
1745407368.846, 5.275, 3.484, 1.9481, -1.1017, -2.4294, 1.6488, 39.7446, 90.1374, 0, 1
1745407368.925, 5.275, 3.492, 1.9528, -1.1015, -2.4350, 1.6248, 39.8056, 90.1717, 0, 1
1745407369.005, 5.275, 3.500, 1.9576, -1.1013, -2.4404, 1.5805, 39.8261, 90.2130, 0, 1
1745407369.124, 5.275, 3.510, 1.9628, -1.1011, -2.4464, 1.5160, 39.8450, 90.2596, 0, 1
1745407369.204, 5.274, 3.517, 1.9681, -1.1010, -2.4524, 1.4522, 39.8658, 90.3057, 0, 1
1745407369.284, 5.274, 3.525, 1.9735, -1.1008, -2.4586, 1.4142, 39.8820, 90.3239, 0, 1
1745407369.363, 5.273, 3.532, 1.9788, -1.1007, -2.4649, 1.3979, 39.8805, 90.3297, 0, 1
1745407369.443, 5.272, 3.542, 1.9840, -1.1005, -2.4711, 1.4085, 39.8836, 90.3228, 0, 1
1745407369.523, 5.272, 3.549, 1.9886, -1.1002, -2.4767, 1.4565, 39.8822, 90.2838, 0, 1
1745407369.602, 5.272, 3.557, 1.9931, -1.1000, -2.4821, 1.5160, 39.8764, 90.2492, 0, 1
1745407369.682, 5.272, 3.565, 1.9975, -1.0999, -2.4875, 1.5710, 39.8644, 90.2166, 0, 1
1745407369.762, 5.272, 3.571, 2.0018, -1.0997, -2.4928, 1.6190, 39.8657, 90.1955, 0, 1
1745407369.841, 5.272, 3.577, 2.0061, -1.0995, -2.4979, 1.6558, 39.8583, 90.1825, 0, 1
1745407369.921, 5.272, 3.584, 2.0102, -1.0995, -2.5029, 1.6634, 39.8589, 90.1864, 0, 1
1745407370.000, 5.271, 3.591, 2.0144, -1.0993, -2.5077, 1.6470, 39.8625, 90.1932, 0, 1
1745407370.080, 5.271, 3.597, 2.0183, -1.0992, -2.5122, 1.6242, 39.8669, 90.2177, 0, 1
1745407370.160, 5.270, 3.604, 2.0223, -1.0991, -2.5167, 1.5933, 39.8776, 90.2433, 0, 1
1745407370.240, 5.270, 3.611, 2.0262, -1.0991, -2.5211, 1.5553, 39.8976, 90.2607, 0, 1
1745407370.319, 5.271, 3.617, 2.0302, -1.0991, -2.5257, 1.5198, 39.9140, 90.2758, 0, 1
1745407370.399, 5.271, 3.623, 2.0341, -1.0989, -2.5302, 1.4798, 39.9254, 90.2964, 0, 1
1745407370.479, 5.272, 3.630, 2.0381, -1.0988, -2.5347, 1.4301, 39.9397, 90.3106, 0, 1
1745407370.558, 5.272, 3.635, 2.0421, -1.0987, -2.5391, 1.3799, 39.9446, 90.3245, 0, 1
1745407370.638, 5.272, 3.641, 2.0457, -1.0985, -2.5432, 1.3360, 39.9421, 90.3378, 0, 1
1745407370.717, 5.273, 3.647, 2.0485, -1.0984, -2.5464, 1.2953, 39.9356, 90.3469, 0, 1
1745407370.797, 5.273, 3.653, 2.0506, -1.0984, -2.5488, 1.2656, 39.9312, 90.3477, 0, 1
1745407370.877, 5.273, 3.657, 2.0519, -1.0984, -2.5502, 1.2461, 39.9279, 90.3395, 0, 1
1745407370.956, 5.273, 3.661, 2.0524, -1.0984, -2.5509, 1.2364, 39.9246, 90.3285, 0, 1
1745407371.036, 5.273, 3.663, 2.0526, -1.0984, -2.5510, 1.2273, 39.9206, 90.3206, 0, 1
1745407371.116, 5.273, 3.664, 2.0526, -1.0984, -2.5510, 1.2188, 39.9170, 90.3178, 0, 1
1745407371.195, 5.273, 3.665, 2.0526, -1.0984, -2.5510, 1.2143, 39.9119, 90.3117, 0, 1
1745407371.275, 5.274, 3.664, 2.0527, -1.0985, -2.5511, 1.2099, 39.9091, 90.3075, 0, 1
1745407371.355, 5.274, 3.664, 2.0527, -1.0985, -2.5511, 1.2076, 39.9071, 90.3049, 0, 1
1745407371.434, 5.273, 3.664, 2.0527, -1.0985, -2.5511, 1.2045, 39.9065, 90.3051, 0, 1
1745407371.514, 5.273, 3.664, 2.0527, -1.0985, -2.5511, 1.1995, 39.9076, 90.3041, 0, 1
1745407371.593, 5.272, 3.664, 2.0528, -1.0985, -2.5511, 1.1946, 39.9086, 90.3028, 0, 1
1745407371.673, 5.272, 3.664, 2.0528, -1.0985, -2.5510, 1.1892, 39.9090, 90.3035, 0, 1
1745407371.753, 5.272, 3.664, 2.0528, -1.0985, -2.5510, 1.1845, 39.9075, 90.3015, 0, 1
1745407371.832, 5.273, 3.664, 2.0529, -1.0985, -2.5511, 1.1814, 39.9056, 90.2983, 0, 1
1745407371.912, 5.273, 3.664, 2.0529, -1.0985, -2.5511, 1.1812, 39.9034, 90.2947, 0, 1
1745407371.992, 5.273, 3.665, 2.0529, -1.0985, -2.5511, 1.1804, 39.9026, 90.2930, 0, 1
1745407372.071, 5.273, 3.664, 2.0530, -1.0985, -2.5511, 1.1813, 39.9030, 90.2885, 0, 1
1745407372.151, 5.273, 3.664, 2.0530, -1.0985, -2.5510, 1.1822, 39.9029, 90.2849, 0, 1
1745407372.231, 5.274, 3.664, 2.0530, -1.0985, -2.5510, 1.1853, 39.9027, 90.2826, 0, 1
1745407372.310, 5.274, 3.664, 2.0530, -1.0985, -2.5510, 1.1862, 39.9029, 90.2806, 0, 1
1745407372.390, 5.274, 3.664, 2.0530, -1.0985, -2.5511, 1.1876, 39.9032, 90.2784, 0, 1
1745407372.470, 5.273, 3.664, 2.0531, -1.0985, -2.5511, 1.1902, 39.9029, 90.2767, 0, 1
1745407372.549, 5.273, 3.664, 2.0531, -1.0986, -2.5511, 1.1915, 39.9045, 90.2771, 0, 1
1745407372.629, 5.272, 3.664, 2.0531, -1.0986, -2.5511, 1.1914, 39.9073, 90.2764, 0, 1
1745407372.709, 5.272, 3.664, 2.0531, -1.0986, -2.5511, 1.1916, 39.9085, 90.2765, 0, 1
1745407372.788, 5.273, 3.664, 2.0530, -1.0986, -2.5510, 1.1887, 39.9101, 90.2803, 0, 1
1745407372.868, 5.273, 3.664, 2.0530, -1.0985, -2.5510, 1.1853, 39.9113, 90.2824, 0, 1
1745407372.947, 5.273, 3.664, 2.0530, -1.0985, -2.5511, 1.1826, 39.9103, 90.2831, 0, 1
1745407373.027, 5.273, 3.664, 2.0530, -1.0985, -2.5511, 1.1806, 39.9095, 90.2820, 0, 1
1745407373.107, 5.273, 3.664, 2.0530, -1.0985, -2.5511, 1.1807, 39.9092, 90.2801, 1, 1
1745407373.186, 5.272, 3.664, 2.0531, -1.0985, -2.5511, 1.1813, 39.9081, 90.2772, 1, 1
1745407373.266, 5.272, 3.664, 2.0531, -1.0986, -2.5511, 1.1841, 39.9073, 90.2726, 1, 1
