Timestamp, Distance_2(Z), Distance_3(X), X, Y, Z, Roll, Yaw, Pitch, CalibrationMode
1745406944.698, 2.308, 2.505, -0.9705, -1.1423, -3.5955, 0.2542, 39.6553, 89.9599, 0
1745406944.777, 2.310, 2.505, -0.9707, -1.1425, -3.5954, 0.2528, 39.6564, 89.9563, 0
1745406944.857, 2.310, 2.498, -0.9705, -1.1422, -3.5953, 0.2773, 39.6536, 89.9342, 0
1745406944.936, 2.308, 2.497, -0.9705, -1.1425, -3.5954, 0.2742, 39.6716, 89.9562, 0
1745406945.016, 2.309, 2.497, -0.9705, -1.1422, -3.5953, 0.3374, 39.6721, 89.9020, 0
1745406945.096, 2.308, 2.504, -0.9699, -1.1423, -3.5961, 0.3518, 39.7050, 89.8978, 0
1745406945.175, 2.308, 2.504, -0.9661, -1.1423, -3.6006, 0.3464, 39.6982, 89.9447, 0
1745406945.255, 2.308, 2.497, -0.9583, -1.1422, -3.6103, 0.4348, 39.7066, 89.9186, 0
1745406945.335, 2.311, 2.507, -0.9473, -1.1421, -3.6237, 0.5048, 39.7118, 89.9005, 0
1745406945.414, 2.308, 2.522, -0.9351, -1.1418, -3.6379, 0.6243, 39.7937, 89.8671, 0
1745406945.494, 2.308, 2.545, -0.9241, -1.1422, -3.6516, 0.5762, 39.9044, 89.8524, 0
1745406945.573, 2.308, 2.545, -0.9138, -1.1415, -3.6634, 0.6063, 40.0748, 89.7696, 0
1745406945.653, 2.308, 2.567, -0.9057, -1.1416, -3.6730, 0.5862, 40.0985, 89.7624, 0
1745406945.733, 2.309, 2.587, -0.8980, -1.1419, -3.6814, 0.5322, 40.0680, 89.8012, 0
1745406945.812, 2.311, 2.599, -0.8909, -1.1413, -3.6897, 0.5776, 40.0620, 89.8185, 0
1745406945.892, 2.308, 2.610, -0.8835, -1.1415, -3.6984, 0.5926, 40.1565, 89.8807, 0
1745406945.971, 2.308, 2.610, -0.8749, -1.1416, -3.7084, 0.6347, 40.2160, 89.8180, 0
1745406946.051, 2.311, 2.625, -0.8663, -1.1415, -3.7184, 0.5637, 40.3360, 89.9214, 0
1745406946.131, 2.307, 2.638, -0.8585, -1.1412, -3.7273, 0.6338, 40.3971, 89.8745, 0
1745406946.210, 2.308, 2.658, -0.8522, -1.1412, -3.7345, 0.6506, 40.4260, 89.8566, 0
1745406946.290, 2.308, 2.676, -0.8474, -1.1413, -3.7401, 0.5439, 40.4466, 89.8705, 0
1745406946.370, 2.308, 2.676, -0.8440, -1.1412, -3.7437, 0.4776, 40.4838, 89.9569, 0
1745406946.449, 2.306, 2.685, -0.8402, -1.1409, -3.7477, 0.4991, 40.4279, 89.8712, 0
1745406946.529, 2.309, 2.692, -0.8369, -1.1410, -3.7515, 0.4600, 40.4321, 89.9118, 0
1745406946.609, 2.309, 2.693, -0.8355, -1.1411, -3.7534, 0.4546, 40.4015, 89.8978, 0
1745406946.688, 2.311, 2.700, -0.8352, -1.1412, -3.7536, 0.4527, 40.4157, 89.8833, 0
1745406946.768, 2.311, 2.700, -0.8350, -1.1412, -3.7538, 0.4815, 40.4208, 89.8658, 0
1745406946.848, 2.308, 2.709, -0.8349, -1.1413, -3.7537, 0.4978, 40.4230, 89.8604, 0
1745406946.927, 2.308, 2.703, -0.8350, -1.1413, -3.7539, 0.5209, 40.4253, 89.8404, 0
1745406947.007, 2.307, 2.702, -0.8349, -1.1414, -3.7539, 0.5364, 40.4276, 89.8359, 0
1745406947.087, 2.307, 2.708, -0.8349, -1.1413, -3.7539, 0.5409, 40.4402, 89.8415, 0
1745406947.166, 2.307, 2.708, -0.8349, -1.1413, -3.7539, 0.5562, 40.4531, 89.8334, 0
1745406947.246, 2.309, 2.704, -0.8348, -1.1414, -3.7540, 0.5584, 40.4628, 89.8355, 0
1745406947.326, 2.308, 2.704, -0.8348, -1.1415, -3.7541, 0.5386, 40.4597, 89.8444, 0
1745406947.405, 2.308, 2.708, -0.8346, -1.1415, -3.7541, 0.5466, 40.4572, 89.8329, 0
1745406947.485, 2.310, 2.703, -0.8345, -1.1416, -3.7542, 0.5603, 40.4567, 89.8305, 0
1745406947.564, 2.310, 2.703, -0.8347, -1.1417, -3.7542, 0.5004, 40.4484, 89.8667, 0
1745406947.644, 2.309, 2.709, -0.8346, -1.1415, -3.7541, 0.5202, 40.4412, 89.8565, 0
1745406947.724, 2.310, 2.708, -0.8346, -1.1415, -3.7540, 0.4971, 40.4368, 89.8647, 0
1745406947.803, 2.310, 2.708, -0.8346, -1.1416, -3.7542, 0.5052, 40.4398, 89.8630, 0
1745406947.883, 2.307, 2.702, -0.8347, -1.1415, -3.7541, 0.5213, 40.4480, 89.8520, 0
1745406947.963, 2.307, 2.702, -0.8346, -1.1418, -3.7543, 0.5057, 40.4529, 89.8544, 0
1745406948.042, 2.310, 2.704, -0.8345, -1.1416, -3.7543, 0.5123, 40.4468, 89.8561, 0
1745406948.122, 2.310, 2.705, -0.8346, -1.1418, -3.7545, 0.5021, 40.5043, 89.8931, 0
1745406948.202, 2.308, 2.705, -0.8336, -1.1418, -3.7554, 0.4711, 40.3878, 89.8948, 0
1745406948.281, 2.307, 2.703, -0.8316, -1.1416, -3.7574, 0.4791, 40.4150, 89.8931, 0
1745406948.361, 2.307, 2.703, -0.8292, -1.1415, -3.7603, 0.5086, 40.4505, 89.8858, 0
1745406948.440, 2.309, 2.706, -0.8270, -1.1415, -3.7629, 0.5506, 40.4095, 89.8734, 0
1745406948.520, 2.308, 2.708, -0.8253, -1.1416, -3.7646, 0.5607, 40.4006, 89.8684, 0
1745406948.600, 2.307, 2.721, -0.8254, -1.1416, -3.7646, 0.5764, 40.4217, 89.8630, 0
1745406948.679, 2.307, 2.721, -0.8253, -1.1417, -3.7647, 0.5645, 40.4139, 89.8553, 0
1745406948.759, 2.307, 2.718, -0.8251, -1.1418, -3.7648, 0.5611, 40.4155, 89.8484, 0
1745406948.839, 2.309, 2.723, -0.8251, -1.1417, -3.7649, 0.5594, 40.4121, 89.8541, 0
1745406948.918, 2.309, 2.721, -0.8251, -1.1418, -3.7649, 0.5608, 40.4104, 89.8571, 0
1745406948.998, 2.307, 2.721, -0.8250, -1.1418, -3.7649, 0.5585, 40.4074, 89.8601, 0
1745406949.078, 2.309, 2.721, -0.8249, -1.1419, -3.7651, 0.5640, 40.4053, 89.8597, 0
1745406949.157, 2.309, 2.723, -0.8239, -1.1419, -3.7665, 0.6254, 40.4269, 89.8749, 0
1745406949.237, 2.309, 2.722, -0.8204, -1.1419, -3.7705, 0.6485, 40.4159, 89.8407, 0
1745406949.316, 2.307, 2.725, -0.8154, -1.1421, -3.7766, 0.6157, 40.4416, 89.9063, 0
1745406949.396, 2.306, 2.729, -0.8090, -1.1412, -3.7840, 0.7324, 40.4974, 89.8549, 0
1745406949.476, 2.303, 2.729, -0.8036, -1.1420, -3.7912, 0.7834, 40.4874, 89.7858, 0
1745406949.556, 2.303, 2.734, -0.7982, -1.1417, -3.7971, 0.8086, 40.5063, 89.8221, 0
1745406949.635, 2.291, 2.745, -0.7937, -1.1413, -3.8022, 0.8132, 40.5608, 89.8362, 0
1745406949.715, 2.261, 2.760, -0.7895, -1.1413, -3.8071, 0.8819, 40.6004, 89.8246, 0
1745406949.795, 2.293, 2.766, -0.7851, -1.1411, -3.8119, 0.8343, 40.6710, 89.8615, 0
1745406949.874, 2.301, 2.766, -0.7808, -1.1408, -3.8170, 0.8576, 40.7388, 89.8688, 0
1745406949.954, 2.301, 2.779, -0.7762, -1.1409, -3.8217, 0.8347, 40.8010, 89.8918, 0
1745406950.034, 2.299, 2.780, -0.7717, -1.1412, -3.8273, 0.8794, 40.8619, 89.8734, 0
1745406950.113, 2.305, 2.789, -0.7667, -1.1412, -3.8331, 0.7570, 40.8594, 89.9482, 0
1745406950.193, 2.303, 2.803, -0.7613, -1.1413, -3.8391, 0.7452, 40.8369, 89.9853, 0
1745406950.272, 2.303, 2.803, -0.7558, -1.1409, -3.8449, 0.6725, 40.8264, 90.0533, 0
1745406950.352, 2.303, 2.814, -0.7511, -1.1407, -3.8500, 0.6939, 40.8007, 90.0825, 0
1745406950.432, 2.306, 2.818, -0.7468, -1.1407, -3.8550, 0.7322, 40.7999, 90.1065, 0
1745406950.511, 2.306, 2.833, -0.7427, -1.1403, -3.8601, 0.8555, 40.8497, 90.0836, 0
1745406950.591, 2.304, 2.835, -0.7384, -1.1404, -3.8652, 0.8014, 40.8837, 90.1391, 0
1745406950.671, 2.305, 2.835, -0.7329, -1.1404, -3.8709, 0.7135, 40.9138, 90.1853, 0
1745406950.750, 2.305, 2.849, -0.7278, -1.1404, -3.8765, 0.7007, 40.9906, 90.2008, 0
1745406950.830, 2.308, 2.854, -0.7235, -1.1402, -3.8817, 0.7864, 41.0238, 90.1917, 0
1745406950.910, 2.308, 2.867, -0.7190, -1.1400, -3.8868, 0.8248, 41.0649, 90.1652, 0
1745406950.989, 2.310, 2.877, -0.7146, -1.1399, -3.8918, 0.7869, 41.1141, 90.1979, 0
1745406951.069, 2.308, 2.877, -0.7101, -1.1401, -3.8964, 0.7395, 41.1326, 90.2195, 0
1745406951.148, 2.308, 2.885, -0.7057, -1.1400, -3.9014, 0.6867, 41.1157, 90.2151, 0
1745406951.228, 2.310, 2.892, -0.7008, -1.1399, -3.9069, 0.6936, 41.1115, 90.1907, 0
1745406951.308, 2.312, 2.895, -0.6956, -1.1400, -3.9126, 0.6934, 41.0745, 90.1586, 0
1745406951.387, 2.312, 2.908, -0.6906, -1.1398, -3.9182, 0.6974, 41.0630, 90.1812, 0
1745406951.467, 2.309, 2.908, -0.6857, -1.1396, -3.9240, 0.7380, 41.0317, 90.1221, 0
1745406951.547, 2.309, 2.914, -0.6812, -1.1398, -3.9295, 0.7549, 41.0404, 90.1662, 0
1745406951.626, 2.311, 2.929, -0.6764, -1.1393, -3.9348, 0.7927, 41.0225, 90.1345, 0
1745406951.706, 2.312, 2.930, -0.6721, -1.1395, -3.9403, 0.8788, 41.0565, 90.1169, 0
1745406951.786, 2.309, 2.939, -0.6679, -1.1389, -3.9453, 1.0068, 41.0749, 89.9960, 0
1745406951.865, 2.309, 2.939, -0.6633, -1.1393, -3.9508, 0.9993, 41.0955, 89.9763, 0
1745406951.945, 2.309, 2.952, -0.6586, -1.1390, -3.9560, 1.0547, 41.1542, 89.9777, 0
1745406952.025, 2.311, 2.953, -0.6537, -1.1388, -3.9617, 1.0912, 41.1926, 89.9512, 0
1745406952.104, 2.310, 2.961, -0.6485, -1.1386, -3.9675, 1.1017, 41.2652, 89.9528, 0
1745406952.184, 2.311, 2.971, -0.6430, -1.1387, -3.9734, 1.1071, 41.3221, 89.9583, 0
1745406952.263, 2.315, 2.971, -0.6380, -1.1386, -3.9791, 1.1128, 41.4195, 89.9837, 0
1745406952.463, 2.309, 2.995, -0.6251, -1.1385, -3.9934, 1.1164, 41.5487, 89.9360, 0
1745406952.542, 2.309, 3.002, -0.6201, -1.1385, -3.9989, 1.0853, 41.5682, 89.9583, 0
1745406952.622, 2.311, 3.018, -0.6150, -1.1382, -4.0045, 1.0673, 41.5516, 89.9811, 0
1745406952.702, 2.313, 3.031, -0.6100, -1.1383, -4.0100, 1.0422, 41.5347, 89.9795, 0
1745406952.781, 2.312, 3.037, -0.6051, -1.1382, -4.0156, 1.0708, 41.5861, 89.9947, 0
1745406952.861, 2.312, 3.037, -0.6002, -1.1378, -4.0212, 1.1461, 41.6445, 89.9683, 0
1745406952.940, 2.313, 3.049, -0.5947, -1.1378, -4.0271, 1.0435, 41.6794, 89.9993, 0
1745406953.020, 2.315, 3.052, -0.5890, -1.1380, -4.0331, 0.9484, 41.7439, 90.0746, 0
1745406953.100, 2.313, 3.070, -0.5839, -1.1375, -4.0387, 1.0112, 41.7507, 90.0574, 0
1745406953.179, 2.318, 3.072, -0.5793, -1.1375, -4.0442, 1.0455, 41.7597, 90.0336, 0
1745406953.259, 2.318, 3.072, -0.5745, -1.1377, -4.0494, 1.0120, 41.8096, 90.0126, 0
1745406953.339, 2.315, 3.079, -0.5695, -1.1374, -4.0543, 0.9354, 41.7948, 90.0327, 0
1745406953.420, 2.316, 3.094, -0.5646, -1.1373, -4.0597, 0.8679, 41.8067, 90.0257, 0
1745406953.498, 2.315, 3.098, -0.5594, -1.1374, -4.0654, 0.8851, 41.7502, 89.9917, 0
1745406953.578, 2.316, 3.112, -0.5543, -1.1373, -4.0709, 0.8325, 41.7032, 90.0289, 0
1745406953.657, 2.316, 3.112, -0.5488, -1.1368, -4.0769, 0.8564, 41.6409, 90.0590, 0
1745406953.737, 2.320, 3.116, -0.5451, -1.1368, -4.0812, 0.8731, 41.6270, 90.0206, 0
1745406953.817, 2.319, 3.132, -0.5438, -1.1369, -4.0826, 0.8799, 41.6217, 89.9796, 0
1745406953.896, 2.319, 3.140, -0.5442, -1.1369, -4.0824, 0.8552, 41.6182, 90.0121, 0
1745406953.976, 2.317, 3.136, -0.5440, -1.1368, -4.0823, 0.8447, 41.6151, 90.0038, 0
1745406954.056, 2.317, 3.136, -0.5441, -1.1368, -4.0823, 0.8475, 41.6234, 89.9993, 0
1745406954.135, 2.319, 3.142, -0.5441, -1.1370, -4.0825, 0.8293, 41.6244, 90.0104, 0
1745406954.215, 2.316, 3.136, -0.5440, -1.1370, -4.0824, 0.7945, 41.6158, 90.0361, 0
1745406954.295, 2.319, 3.136, -0.5439, -1.1369, -4.0824, 0.7905, 41.6158, 90.0513, 0
1745406954.374, 2.317, 3.136, -0.5440, -1.1369, -4.0824, 0.7880, 41.6178, 90.0610, 0
1745406954.454, 2.317, 3.142, -0.5450, -1.1368, -4.0813, 0.7854, 41.5883, 90.0340, 0
1745406954.533, 2.320, 3.134, -0.5482, -1.1371, -4.0779, 0.8127, 41.5862, 90.0444, 0
1745406954.613, 2.317, 3.140, -0.5529, -1.1370, -4.0725, 0.7780, 41.6551, 90.0484, 0
1745406954.693, 2.320, 3.133, -0.5590, -1.1372, -4.0660, 0.8234, 41.6400, 90.0162, 0
1745406954.772, 2.320, 3.133, -0.5650, -1.1377, -4.0592, 0.8084, 41.5881, 90.0795, 0
1745406954.852, 2.320, 3.118, -0.5711, -1.1375, -4.0527, 0.9002, 41.4230, 90.0595, 0
1745406954.932, 2.319, 3.111, -0.5761, -1.1376, -4.0473, 0.9912, 41.3523, 90.0096, 0
1745406955.011, 2.312, 3.094, -0.5800, -1.1376, -4.0430, 1.0044, 41.2533, 90.0069, 0
1745406955.091, 2.319, 3.085, -0.5836, -1.1377, -4.0388, 0.9934, 41.1557, 90.0320, 0
1745406955.171, 2.319, 3.085, -0.5875, -1.1378, -4.0344, 0.9725, 41.1066, 90.0245, 0
1745406955.250, 2.319, 3.078, -0.5919, -1.1380, -4.0295, 0.9792, 41.0527, 90.0107, 0
1745406955.330, 2.312, 3.077, -0.5967, -1.1380, -4.0242, 1.0324, 40.9614, 89.9811, 0
1745406955.409, 2.311, 3.063, -0.6012, -1.1380, -4.0194, 1.1226, 40.8463, 89.9455, 0
1745406955.489, 2.312, 3.059, -0.6055, -1.1383, -4.0142, 0.9883, 40.8482, 89.9751, 0
1745406955.569, 2.313, 3.059, -0.6102, -1.1383, -4.0087, 0.9714, 40.7198, 89.9744, 0
1745406955.648, 2.313, 3.052, -0.6151, -1.1383, -4.0032, 1.0399, 40.6160, 89.9237, 0
1745406955.728, 2.313, 3.044, -0.6195, -1.1385, -3.9981, 1.0730, 40.5543, 89.9145, 0
1745406955.808, 2.305, 3.028, -0.6236, -1.1385, -3.9934, 1.0645, 40.4841, 89.9374, 0
1745406955.887, 2.309, 3.021, -0.6279, -1.1385, -3.9889, 1.1081, 40.4457, 89.9153, 0
1745406955.967, 2.312, 3.021, -0.6321, -1.1387, -3.9837, 1.1041, 40.3841, 89.9466, 0
1745406956.047, 2.312, 3.021, -0.6366, -1.1388, -3.9783, 1.1190, 40.2335, 89.9550, 0
1745406956.126, 2.310, 3.002, -0.6411, -1.1391, -3.9731, 1.1171, 40.1427, 89.9815, 0
1745406956.206, 2.309, 2.994, -0.6459, -1.1390, -3.9674, 1.0904, 40.0324, 90.0154, 0
1745406956.286, 2.313, 2.989, -0.6504, -1.1391, -3.9620, 1.0952, 39.9829, 90.0164, 0
1745406956.365, 2.318, 2.989, -0.6547, -1.1393, -3.9568, 1.1049, 39.8949, 89.9858, 0
1745406956.445, 2.318, 2.978, -0.6591, -1.1397, -3.9519, 1.0898, 39.8625, 89.9621, 0
1745406956.524, 2.316, 2.972, -0.6636, -1.1398, -3.9465, 1.0833, 39.8019, 90.0007, 0
1745406956.604, 2.316, 2.966, -0.6678, -1.1398, -3.9413, 0.9940, 39.7458, 90.0597, 0
1745406956.684, 2.312, 2.951, -0.6721, -1.1397, -3.9358, 0.9328, 39.6788, 90.0910, 0
1745406956.763, 2.317, 2.951, -0.6762, -1.1400, -3.9308, 0.8860, 39.6738, 90.1222, 0
1745406956.843, 2.317, 2.948, -0.6805, -1.1403, -3.9259, 0.8264, 39.6774, 90.1553, 0
1745406956.923, 2.318, 2.939, -0.6845, -1.1403, -3.9207, 0.7345, 39.6702, 90.1984, 0
1745406957.002, 2.316, 2.932, -0.6886, -1.1403, -3.9157, 0.7114, 39.6825, 90.2025, 0
1745406957.082, 2.314, 2.924, -0.6928, -1.1404, -3.9107, 0.7166, 39.6986, 90.1842, 0
1745406957.162, 2.314, 2.924, -0.6973, -1.1405, -3.9057, 0.7558, 39.7415, 90.1760, 0
1745406957.241, 2.314, 2.915, -0.7017, -1.1408, -3.9006, 0.7201, 39.7338, 90.2219, 0
1745406957.321, 2.315, 2.908, -0.7064, -1.1411, -3.8952, 0.7740, 39.6866, 90.2390, 0
1745406957.401, 2.314, 2.894, -0.7113, -1.1409, -3.8895, 0.8505, 39.5657, 90.1995, 0
1745406957.480, 2.317, 2.891, -0.7162, -1.1413, -3.8840, 0.8225, 39.4857, 90.2467, 0
1745406957.560, 2.316, 2.891, -0.7203, -1.1412, -3.8785, 0.8198, 39.3782, 90.2420, 0
1745406957.640, 2.316, 2.877, -0.7248, -1.1412, -3.8731, 0.7336, 39.3193, 90.2909, 0
1745406957.719, 2.318, 2.866, -0.7290, -1.1416, -3.8680, 0.7347, 39.2720, 90.2525, 0
1745406957.799, 2.317, 2.859, -0.7332, -1.1416, -3.8631, 0.7398, 39.2490, 90.2460, 0
1745406957.878, 2.318, 2.852, -0.7371, -1.1412, -3.8586, 0.7882, 39.2205, 90.2158, 0
1745406957.958, 2.316, 2.852, -0.7409, -1.1413, -3.8537, 0.6445, 39.1173, 90.2452, 0
1745406958.038, 2.316, 2.849, -0.7454, -1.1415, -3.8482, 0.6020, 39.0705, 90.2164, 0
1745406958.117, 2.310, 2.842, -0.7500, -1.1416, -3.8425, 0.6566, 38.9640, 90.1409, 0
1745406958.197, 2.298, 2.834, -0.7547, -1.1417, -3.8373, 0.6713, 38.9415, 90.1084, 0
1745406958.277, 2.269, 2.824, -0.7590, -1.1416, -3.8318, 0.6899, 38.9380, 90.0796, 0
1745406958.356, 2.278, 2.824, -0.7631, -1.1417, -3.8272, 0.7882, 38.9007, 89.9879, 0
1745406958.436, 2.278, 2.809, -0.7673, -1.1418, -3.8220, 0.8711, 38.8092, 89.9248, 0
1745406958.516, 2.292, 2.807, -0.7715, -1.1419, -3.8170, 0.8570, 38.7467, 89.9279, 0
1745406958.595, 2.305, 2.799, -0.7758, -1.1418, -3.8117, 0.8680, 38.6695, 89.9413, 0
1745406958.675, 2.314, 2.791, -0.7802, -1.1421, -3.8061, 0.8668, 38.6547, 89.9274, 0
1745406958.755, 2.320, 2.791, -0.7858, -1.1425, -3.7998, 0.8954, 38.5708, 89.9089, 0
1745406958.834, 2.320, 2.777, -0.7912, -1.1424, -3.7925, 0.8934, 38.5444, 89.8813, 0
1745406958.914, 2.319, 2.768, -0.7978, -1.1424, -3.7847, 0.8892, 38.4768, 89.8435, 0
1745406958.994, 2.319, 2.758, -0.8042, -1.1423, -3.7764, 0.7288, 38.4010, 89.9751, 0
1745406959.073, 2.321, 2.745, -0.8107, -1.1428, -3.7686, 0.5904, 38.3919, 89.9910, 0
1745406959.153, 2.317, 2.745, -0.8163, -1.1434, -3.7616, 0.5027, 38.4420, 90.0277, 0
1745406959.232, 2.317, 2.739, -0.8216, -1.1429, -3.7544, 0.4745, 38.4224, 90.0266, 0
1745406959.312, 2.320, 2.722, -0.8270, -1.1425, -3.7477, 0.4583, 38.4356, 90.0187, 0
1745406959.392, 2.321, 2.709, -0.8327, -1.1424, -3.7412, 0.4231, 38.4962, 90.0934, 0
1745406959.471, 2.321, 2.705, -0.8379, -1.1423, -3.7346, 0.5278, 38.4378, 90.0176, 0
1745406959.551, 2.319, 2.705, -0.8436, -1.1427, -3.7281, 0.6888, 38.3485, 89.9429, 0
1745406959.631, 2.319, 2.692, -0.8491, -1.1427, -3.7212, 0.6997, 38.2176, 89.9401, 0
1745406959.710, 2.319, 2.677, -0.8544, -1.1428, -3.7143, 0.6906, 38.0881, 89.8773, 0
1745406959.790, 2.323, 2.666, -0.8602, -1.1429, -3.7069, 0.7101, 38.0280, 89.8520, 0
1745406959.870, 2.322, 2.666, -0.8661, -1.1432, -3.7001, 0.8016, 37.9570, 89.8178, 0
1745406959.949, 2.322, 2.658, -0.8715, -1.1432, -3.6932, 0.7372, 37.8470, 89.7991, 0
1745406960.029, 2.322, 2.644, -0.8771, -1.1433, -3.6861, 0.6212, 37.7669, 89.8372, 0
1745406960.109, 2.323, 2.639, -0.8827, -1.1434, -3.6788, 0.6472, 37.6962, 89.8299, 0
1745406960.188, 2.321, 2.623, -0.8882, -1.1435, -3.6719, 0.6495, 37.6075, 89.8001, 0
1745406960.268, 2.322, 2.623, -0.8936, -1.1434, -3.6651, 0.6949, 37.5934, 89.7660, 0
1745406960.348, 2.322, 2.612, -0.8993, -1.1436, -3.6584, 0.7679, 37.5471, 89.7018, 0
1745406960.427, 2.322, 2.607, -0.9049, -1.1435, -3.6509, 0.7285, 37.4817, 89.7889, 0
1745406960.507, 2.323, 2.592, -0.9109, -1.1434, -3.6429, 0.6441, 37.4071, 89.8860, 0
1745406960.586, 2.327, 2.578, -0.9174, -1.1440, -3.6351, 0.6369, 37.3714, 89.9078, 0
1745406960.666, 2.323, 2.578, -0.9235, -1.1437, -3.6270, 0.7042, 37.3011, 89.8181, 0
1745406960.746, 2.323, 2.571, -0.9299, -1.1441, -3.6189, 0.6190, 37.2452, 89.9073, 0
1745406960.825, 2.332, 2.555, -0.9362, -1.1441, -3.6100, 0.4681, 37.1976, 90.0101, 0
1745406960.905, 2.324, 2.543, -0.9427, -1.1436, -3.6013, 0.3872, 37.1909, 90.0425, 0
1745406960.985, 2.331, 2.534, -0.9492, -1.1433, -3.5931, 0.3933, 37.1660, 89.9484, 0
1745406961.064, 2.332, 2.534, -0.9559, -1.1435, -3.5844, 0.3603, 37.2339, 89.9489, 0
1745406961.144, 2.332, 2.523, -0.9629, -1.1439, -3.5757, 0.4673, 37.2443, 89.8784, 0
1745406961.224, 2.328, 2.504, -0.9709, -1.1443, -3.5665, 0.6445, 37.1599, 89.7596, 0
1745406961.303, 2.334, 2.493, -0.9789, -1.1443, -3.5563, 0.5947, 36.9827, 89.8187, 0
1745406961.383, 2.335, 2.477, -0.9865, -1.1439, -3.5455, 0.5603, 36.8931, 89.8681, 0
1745406961.463, 2.336, 2.477, -0.9943, -1.1439, -3.5356, 0.6249, 36.7471, 89.8031, 0
1745406961.542, 2.336, 2.460, -1.0016, -1.1440, -3.5258, 0.5162, 36.6176, 89.8195, 0
1745406961.622, 2.338, 2.441, -1.0091, -1.1444, -3.5163, 0.5167, 36.4654, 89.8352, 0
1745406961.701, 2.338, 2.433, -1.0159, -1.1439, -3.5067, 0.4002, 36.4696, 89.8927, 0
1745406961.781, 2.334, 2.419, -1.0229, -1.1441, -3.4974, 0.5339, 36.4445, 89.7830, 0
1745406961.861, 2.339, 2.419, -1.0304, -1.1439, -3.4880, 0.6216, 36.2952, 89.7303, 0
1745406961.940, 2.339, 2.403, -1.0385, -1.1442, -3.4773, 0.4701, 36.3164, 89.9038, 0
1745406962.020, 2.339, 2.392, -1.0472, -1.1438, -3.4656, 0.4518, 36.1701, 89.9119, 0
1745406962.100, 2.340, 2.368, -1.0564, -1.1440, -3.4536, 0.4431, 36.0766, 89.8847, 0
1745406962.179, 2.342, 2.352, -1.0650, -1.1441, -3.4412, 0.3304, 36.0205, 89.9087, 0
1745406962.259, 2.342, 2.352, -1.0735, -1.1443, -3.4297, 0.2175, 35.9817, 89.9634, 0
1745406962.339, 2.342, 2.337, -1.0814, -1.1443, -3.4196, 0.2207, 35.9495, 89.9181, 0
1745406962.418, 2.342, 2.316, -1.0880, -1.1440, -3.4106, 0.1116, 35.9856, 90.0283, 0
1745406962.498, 2.343, 2.304, -1.0938, -1.1440, -3.4031, 0.2001, 35.8814, 89.9988, 0
1745406962.578, 2.350, 2.287, -1.0990, -1.1440, -3.3969, 0.2964, 35.8448, 89.9279, 0
1745406962.657, 2.351, 2.287, -1.1037, -1.1437, -3.3899, 0.2797, 35.7146, 90.0071, 0
1745406962.737, 2.351, 2.279, -1.1088, -1.1440, -3.3834, 0.2247, 35.5518, 90.0628, 0
1745406962.817, 2.346, 2.268, -1.1120, -1.1436, -3.3782, 0.1161, 35.5667, 90.2015, 0
1745406962.896, 2.356, 2.260, -1.1128, -1.1439, -3.3774, 0.1705, 35.6334, 90.1400, 0
1745406962.976, 2.355, 2.250, -1.1123, -1.1437, -3.3776, 0.1792, 35.6376, 90.1502, 0
1745406963.055, 2.352, 2.250, -1.1127, -1.1439, -3.3780, 0.1905, 35.6180, 90.0991, 0
1745406963.135, 2.352, 2.253, -1.1126, -1.1437, -3.3779, 0.1608, 35.6182, 90.1084, 0
1745406963.217, 2.356, 2.253, -1.1127, -1.1437, -3.3779, 0.1968, 35.6164, 90.0808, 0
1745406965.465, 2.357, 2.252, -1.1147, -1.1423, -3.3766, 0.1035, 35.6241, 90.1154, 0
1745406965.545, 2.357, 2.252, -1.1146, -1.1422, -3.3765, 0.1606, 35.6176, 90.0605, 0
1745406965.624, 2.351, 2.251, -1.1147, -1.1422, -3.3764, 0.1361, 35.6170, 90.0650, 0
1745406965.704, 2.348, 2.253, -1.1148, -1.1422, -3.3764, 0.0676, 35.6165, 90.0983, 0
1745406965.783, 2.355, 2.251, -1.1150, -1.1419, -3.3763, 0.0777, 35.6135, 90.0828, 0
1745406965.863, 2.351, 2.251, -1.1146, -1.1419, -3.3763, 0.1642, 35.5989, 90.0102, 0
1745406965.943, 2.351, 2.251, -1.1149, -1.1421, -3.3763, 0.1161, 35.6167, 90.0569, 0
1745406966.022, 2.354, 2.253, -1.1149, -1.1421, -3.3763, 0.1341, 35.6282, 90.0477, 0
1745406966.102, 2.350, 2.254, -1.1150, -1.1422, -3.3765, 0.1614, 35.6237, 90.0153, 0
1745406966.182, 2.350, 2.252, -1.1147, -1.1419, -3.3762, 0.1669, 35.6069, 90.0140, 0
1745406966.261, 2.356, 2.252, -1.1151, -1.1420, -3.3762, 0.0866, 35.6125, 90.0798, 0
1745406966.341, 2.356, 2.253, -1.1148, -1.1417, -3.3761, 0.1141, 35.6084, 90.0673, 0
1745406966.421, 2.352, 2.253, -1.1152, -1.1419, -3.3762, 0.1187, 35.6075, 90.0684, 0
1745406966.500, 2.354, 2.252, -1.1152, -1.1418, -3.3761, 0.0527, 35.6003, 90.0960, 0
1745406966.580, 2.350, 2.254, -1.1153, -1.1419, -3.3758, -0.0004, 35.6104, 90.1570, 0
1745406966.660, 2.348, 2.254, -1.1152, -1.1414, -3.3759, -0.0100, 35.6019, 90.1475, 0
1745406966.739, 2.348, 2.252, -1.1156, -1.1415, -3.3759, -0.0022, 35.6053, 90.1498, 0
1745406966.819, 2.354, 2.253, -1.1152, -1.1414, -3.3759, 0.0459, 35.5934, 90.0919, 0
1745406966.898, 2.353, 2.253, -1.1155, -1.1416, -3.3760, 0.1182, 35.5995, 90.0518, 0
1745406966.978, 2.349, 2.251, -1.1155, -1.1417, -3.3760, 0.0934, 35.6003, 90.0714, 0
1745406967.058, 2.351, 2.251, -1.1155, -1.1418, -3.3761, 0.0867, 35.6061, 90.0732, 0
1745406967.137, 2.351, 2.251, -1.1156, -1.1415, -3.3759, 0.0813, 35.6039, 90.0800, 0
1745406967.217, 2.353, 2.252, -1.1157, -1.1416, -3.3759, 0.0246, 35.6020, 90.0995, 0
1745406967.297, 2.356, 2.253, -1.1157, -1.1414, -3.3759, 0.0269, 35.5992, 90.0981, 0
1745406967.496, 2.356, 2.254, -1.1155, -1.1411, -3.3757, 0.0668, 35.5898, 90.0601, 0
1745406967.575, 2.354, 2.252, -1.1159, -1.1415, -3.3758, 0.0147, 35.5933, 90.1049, 0
1745406967.655, 2.352, 2.252, -1.1158, -1.1412, -3.3756, 0.0325, 35.5935, 90.0903, 0
1745406967.735, 2.352, 2.252, -1.1158, -1.1413, -3.3757, 0.0397, 35.5987, 90.0871, 0
1745406967.816, 2.356, 2.253, -1.1160, -1.1413, -3.3756, 0.0695, 35.5936, 90.0570, 0
1745406967.894, 2.349, 2.253, -1.1156, -1.1410, -3.3756, 0.1609, 35.5789, 89.9636, 0
1745406967.974, 2.354, 2.253, -1.1158, -1.1415, -3.3758, 0.1771, 35.5887, 89.9620, 0
1745406968.053, 2.350, 2.253, -1.1155, -1.1410, -3.3755, 0.1269, 35.5836, 90.0271, 0
1745406968.133, 2.350, 2.251, -1.1159, -1.1414, -3.3756, 0.0622, 35.5857, 90.0736, 0
1745406968.213, 2.350, 2.253, -1.1155, -1.1410, -3.3754, 0.0663, 35.5889, 90.0771, 0
1745406968.412, 2.354, 2.251, -1.1161, -1.1413, -3.3755, -0.0578, 35.5796, 90.1701, 0
1745406968.611, 2.355, 2.251, -1.1167, -1.1418, -3.3755, -0.0002, 35.6116, 90.1514, 0
1745406968.810, 2.354, 2.250, -1.1164, -1.1412, -3.3754, 0.0658, 35.5956, 90.0814, 0
1745406968.889, 2.351, 2.251, -1.1161, -1.1409, -3.3751, 0.1039, 35.5805, 90.0572, 0
1745406968.971, 2.357, 2.251, -1.1162, -1.1411, -3.3753, 0.1339, 35.5817, 90.0299, 0
1745406969.049, 2.351, 2.251, -1.1161, -1.1410, -3.3752, 0.1195, 35.5960, 90.0449, 0
1745406969.128, 2.351, 2.253, -1.1164, -1.1410, -3.3752, 0.0512, 35.5963, 90.0886, 0
1745406969.208, 2.349, 2.251, -1.1160, -1.1407, -3.3750, 0.0570, 35.5795, 90.0727, 0
1745406969.288, 2.352, 2.253, -1.1163, -1.1412, -3.3753, 0.0958, 35.5831, 90.0405, 0
1745406971.538, 2.339, 2.188, -1.1621, -1.1415, -3.3243, 0.5763, 38.9445, 90.0691, 0
1745406971.617, 2.343, 2.183, -1.1626, -1.1413, -3.3237, 0.5226, 39.1628, 89.9936, 0
1745406971.697, 2.343, 2.178, -1.1628, -1.1413, -3.3233, 0.5647, 39.1752, 90.0018, 0
1745406971.777, 2.344, 2.174, -1.1628, -1.1414, -3.3233, 0.5612, 39.1907, 89.9938, 0
1745406971.856, 2.343, 2.174, -1.1625, -1.1416, -3.3234, 0.5988, 39.2194, 89.9269, 0
1745406971.936, 2.343, 2.174, -1.1627, -1.1415, -3.3227, 0.4189, 39.1210, 89.9426, 0
1745406972.017, 2.341, 2.174, -1.1638, -1.1408, -3.3214, 0.4296, 39.2546, 89.0888, 0
1745406972.095, 2.339, 2.173, -1.1672, -1.1400, -3.3171, 0.4198, 39.1151, 88.0382, 0
1745406972.175, 2.341, 2.171, -1.1746, -1.1399, -3.3076, 0.4157, 38.4920, 87.8910, 0
1745406972.255, 2.344, 2.171, -1.1828, -1.1401, -3.2966, 0.2380, 38.1492, 87.9600, 0
1745406972.334, 2.344, 2.165, -1.1899, -1.1408, -3.2888, 0.3969, 38.1407, 87.8002, 0
1745406972.414, 2.343, 2.147, -1.1948, -1.1405, -3.2826, 0.4527, 38.2651, 87.8905, 0
1745406972.494, 2.349, 2.133, -1.1973, -1.1404, -3.2798, 0.4573, 38.4035, 87.9632, 0
1745406972.573, 2.342, 2.125, -1.1986, -1.1405, -3.2782, 0.4760, 38.4477, 88.0177, 0
1745406972.653, 2.345, 2.125, -1.2005, -1.1409, -3.2769, 0.5844, 38.5551, 88.0333, 0
1745406972.732, 2.345, 2.119, -1.2025, -1.1408, -3.2746, 0.6984, 38.8214, 88.0453, 0
1745406972.812, 2.342, 2.118, -1.2057, -1.1409, -3.2712, 0.8474, 38.9610, 88.0331, 0
1745406972.892, 2.342, 2.112, -1.2096, -1.1413, -3.2668, 0.6144, 38.9780, 88.1633, 0
1745406972.971, 2.340, 2.106, -1.2140, -1.1408, -3.2616, 0.8162, 38.9391, 88.0169, 0
1745406973.051, 2.343, 2.106, -1.2187, -1.1414, -3.2563, 0.7966, 39.2018, 88.0811, 0
1745406973.131, 2.343, 2.098, -1.2222, -1.1414, -3.2519, 0.5563, 39.4375, 88.2142, 0
1745406973.210, 2.342, 2.088, -1.2262, -1.1416, -3.2480, 0.6603, 39.6675, 88.4113, 0
1745406973.290, 2.342, 2.080, -1.2286, -1.1415, -3.2450, 0.7360, 39.7316, 88.4185, 0
1745406973.370, 2.336, 2.072, -1.2316, -1.1416, -3.2421, 0.9307, 39.7510, 88.4033, 0
1745406973.449, 2.341, 2.072, -1.2346, -1.1423, -3.2393, 0.9771, 39.7799, 88.4080, 0
1745406973.529, 2.341, 2.069, -1.2379, -1.1421, -3.2355, 1.2283, 39.8472, 88.3747, 0
1745406973.609, 2.338, 2.062, -1.2416, -1.1424, -3.2314, 1.2196, 39.8476, 88.4804, 0
1745406973.688, 2.340, 2.055, -1.2445, -1.1425, -3.2275, 1.1275, 39.8899, 88.5686, 0
1745406973.768, 2.340, 2.046, -1.2485, -1.1424, -3.2233, 1.1610, 40.1194, 88.9369, 0
1745406973.848, 2.337, 2.046, -1.2487, -1.1428, -3.2238, 1.3005, 40.2270, 88.8723, 0
1745406973.927, 2.337, 2.041, -1.2476, -1.1425, -3.2231, 1.0046, 40.2468, 88.8616, 0
1745406974.007, 2.332, 2.037, -1.2486, -1.1426, -3.2235, 1.4476, 40.2417, 88.8047, 0
1745406974.086, 2.326, 2.038, -1.2482, -1.1427, -3.2234, 1.3664, 40.2531, 88.7772, 0
1745406974.166, 2.330, 2.038, -1.2479, -1.1428, -3.2236, 1.3924, 40.2584, 88.7652, 0
1745406974.246, 2.325, 2.038, -1.2467, -1.1428, -3.2235, 0.9782, 40.2546, 88.7285, 0
1745406974.325, 2.325, 2.038, -1.2469, -1.1429, -3.2233, 1.0853, 40.2434, 88.7800, 0
1745406974.405, 2.330, 2.039, -1.2465, -1.1429, -3.2235, 1.0296, 40.2389, 88.7286, 0
1745406974.485, 2.328, 2.039, -1.2461, -1.1426, -3.2224, 0.5810, 40.0111, 88.9706, 0
1745406974.564, 2.336, 2.040, -1.2465, -1.1419, -3.2157, -1.0649, 40.1051, 90.2308, 0
1745406974.644, 2.345, 2.040, -1.2541, -1.1427, -3.1996, -2.8225, 40.0263, 93.1949, 0
1745406974.723, 2.345, 2.037, -1.2737, -1.1429, -3.1869, 0.4201, 39.6698, 92.6802, 0
1745406974.803, 2.348, 2.023, -1.2866, -1.1449, -3.1744, 0.6126, 38.8821, 92.6514, 0
1745406974.883, 2.345, 1.996, -1.2932, -1.1426, -3.1665, 0.9813, 38.5356, 92.2739, 0
1745406974.962, 2.357, 1.973, -1.2962, -1.1432, -3.1649, 1.5108, 38.3748, 91.7190, 0
1745406975.042, 2.374, 1.973, -1.2964, -1.1433, -3.1650, 1.5898, 38.3892, 91.6125, 0
1745406975.122, 2.374, 1.965, -1.2962, -1.1433, -3.1650, 1.5524, 38.3721, 91.6621, 0
1745406975.201, 2.373, 1.963, -1.2968, -1.1435, -3.1649, 1.7141, 38.4466, 91.4626, 0
1745406975.281, 2.370, 1.965, -1.3008, -1.1440, -3.1649, 2.7665, 38.4012, 90.0792, 0
1745406975.361, 2.365, 1.963, -1.3054, -1.1436, -3.1624, 3.5538, 38.2610, 88.9152, 0
1745406975.440, 2.365, 1.963, -1.3076, -1.1441, -3.1550, 2.4399, 38.0864, 90.4338, 0
1745406975.520, 2.365, 1.958, -1.3093, -1.1440, -3.1510, 2.0363, 38.0168, 90.9037, 0
1745406975.600, 2.363, 1.949, -1.3115, -1.1445, -3.1518, 2.7532, 38.0185, 89.9491, 0
1745406975.679, 2.366, 1.942, -1.3132, -1.1444, -3.1515, 3.1723, 38.1037, 89.2772, 0
1745406975.759, 2.363, 1.941, -1.3144, -1.1446, -3.1483, 2.7521, 37.9756, 89.7722, 0
1745406975.839, 2.363, 1.941, -1.3173, -1.1448, -3.1453, 2.9860, 38.0060, 89.3965, 0
1745406975.918, 2.363, 1.938, -1.3209, -1.1450, -3.1404, 2.9037, 37.9453, 89.4414, 0
1745406975.998, 2.369, 1.935, -1.3250, -1.1455, -3.1352, 2.6741, 37.8727, 89.6599, 0
1745406976.078, 2.365, 1.928, -1.3287, -1.1453, -3.1300, 2.6348, 37.8827, 89.6545, 0
1745406976.157, 2.365, 1.917, -1.3323, -1.1454, -3.1255, 2.6646, 37.8271, 89.6503, 0
1745406976.237, 2.369, 1.917, -1.3358, -1.1457, -3.1209, 2.6540, 37.7863, 89.6880, 0
1745406976.317, 2.369, 1.912, -1.3387, -1.1461, -3.1169, 2.4966, 37.6777, 89.8468, 0
1745406976.396, 2.372, 1.902, -1.3400, -1.1461, -3.1139, 2.1723, 37.6951, 90.0793, 0
1745406976.476, 2.373, 1.898, -1.3403, -1.1461, -3.1129, 2.0746, 37.6852, 90.1733, 0
1745406976.556, 2.370, 1.898, -1.3406, -1.1463, -3.1130, 2.0384, 37.6896, 90.1903, 0
1745406976.635, 2.365, 1.897, -1.3405, -1.1462, -3.1129, 2.0357, 37.6890, 90.1823, 0
1745406976.715, 2.365, 1.897, -1.3403, -1.1462, -3.1129, 1.9899, 37.6863, 90.2068, 0
1745406976.794, 2.368, 1.895, -1.3404, -1.1462, -3.1128, 2.0508, 37.6995, 90.1663, 0
1745406976.874, 2.366, 1.897, -1.3406, -1.1464, -3.1131, 2.0015, 37.7053, 90.1909, 0
1745406976.954, 2.374, 1.897, -1.3407, -1.1464, -3.1129, 1.9274, 37.6909, 90.2488, 0
1745406977.033, 2.368, 1.895, -1.3405, -1.1460, -3.1128, 1.9545, 37.6844, 90.2087, 0
1745406977.113, 2.368, 1.897, -1.3408, -1.1463, -3.1129, 1.8849, 37.6903, 90.2614, 0
1745406977.193, 2.374, 1.894, -1.3408, -1.1462, -3.1128, 1.8260, 37.6798, 90.2937, 0
1745406977.272, 2.369, 1.895, -1.3410, -1.1462, -3.1128, 1.7939, 37.6776, 90.3150, 0
1745406977.352, 2.368, 1.895, -1.3408, -1.1458, -3.1126, 1.8531, 37.6647, 90.2679, 0
1745406977.432, 2.367, 1.897, -1.3411, -1.1461, -3.1128, 1.7980, 37.6802, 90.3124, 0
1745406977.511, 2.367, 1.895, -1.3408, -1.1457, -3.1125, 1.8400, 37.6631, 90.2763, 0
1745406977.591, 2.374, 1.897, -1.3411, -1.1460, -3.1128, 1.8389, 37.6601, 90.2726, 0
1745406977.671, 2.372, 1.894, -1.3407, -1.1459, -3.1126, 1.9053, 37.6550, 90.2176, 0
1745406977.750, 2.372, 1.894, -1.3409, -1.1458, -3.1126, 1.9774, 37.6550, 90.1682, 0
1745406977.830, 2.372, 1.897, -1.3408, -1.1460, -3.1127, 1.9472, 37.6653, 90.1839, 0
1745406977.909, 2.372, 1.897, -1.3410, -1.1460, -3.1127, 1.9702, 37.6701, 90.1774, 0
1745406977.989, 2.371, 1.895, -1.3408, -1.1459, -3.1127, 1.9639, 37.6633, 90.1808, 0
1745406978.069, 2.367, 1.897, -1.3408, -1.1458, -3.1126, 2.0213, 37.6709, 90.1514, 0
1745406978.148, 2.370, 1.897, -1.3409, -1.1459, -3.1126, 2.0618, 37.6696, 90.1233, 0
1745406978.228, 2.370, 1.896, -1.3406, -1.1460, -3.1127, 2.0897, 37.6704, 90.0990, 0
1745406978.308, 2.367, 1.895, -1.3406, -1.1460, -3.1128, 2.0813, 37.6837, 90.1179, 0
1745406978.387, 2.373, 1.895, -1.3406, -1.1460, -3.1127, 2.1316, 37.6898, 90.0739, 0
1745406978.467, 2.367, 1.895, -1.3406, -1.1460, -3.1128, 2.1585, 37.6890, 90.0537, 0
1745406978.547, 2.371, 1.895, -1.3405, -1.1461, -3.1127, 2.0841, 37.6835, 90.0977, 0
1745406978.626, 2.371, 1.895, -1.3405, -1.1460, -3.1128, 2.0760, 37.6873, 90.1022, 0
1745406978.706, 2.373, 1.897, -1.3406, -1.1460, -3.1127, 2.1212, 37.6871, 90.0802, 0
1745406978.785, 2.369, 1.894, -1.3407, -1.1464, -3.1130, 2.1033, 37.7015, 90.0931, 0
1745406978.865, 2.366, 1.894, -1.3405, -1.1461, -3.1128, 2.0927, 37.6933, 90.1073, 0
1745406978.945, 2.368, 1.894, -1.3405, -1.1461, -3.1127, 2.0842, 37.6865, 90.1098, 0
1745406979.024, 2.368, 1.895, -1.3405, -1.1461, -3.1128, 2.1240, 37.7011, 90.0833, 0
1745406979.104, 2.365, 1.898, -1.3405, -1.1463, -3.1128, 2.1543, 37.7029, 90.0689, 0
1745406979.184, 2.371, 1.897, -1.3405, -1.1463, -3.1128, 2.0776, 37.7078, 90.1188, 0
1745406979.263, 2.372, 1.894, -1.3404, -1.1462, -3.1128, 2.1167, 37.7061, 90.0946, 0
1745406979.343, 2.365, 1.894, -1.3404, -1.1462, -3.1128, 2.1265, 37.6927, 90.0967, 0
1745406979.423, 2.365, 1.895, -1.3404, -1.1462, -3.1129, 2.1191, 37.6904, 90.0911, 0
1745406979.502, 2.372, 1.894, -1.3404, -1.1462, -3.1128, 2.1442, 37.6956, 90.0771, 0
1745406979.582, 2.366, 1.895, -1.3404, -1.1463, -3.1129, 2.1820, 37.6969, 90.0529, 0
1745406979.662, 2.367, 1.895, -1.3404, -1.1465, -3.1130, 2.1569, 37.7047, 90.0696, 0
1745406979.741, 2.372, 1.895, -1.3402, -1.1463, -3.1128, 2.1655, 37.7105, 90.0581, 0
1745406979.821, 2.372, 1.895, -1.3402, -1.1465, -3.1131, 2.1955, 37.7095, 90.0351, 0
1745406979.901, 2.372, 1.896, -1.3401, -1.1465, -3.1130, 2.2086, 37.7109, 90.0262, 0
1745406979.980, 2.367, 1.897, -1.3401, -1.1465, -3.1131, 2.2259, 37.7126, 90.0077, 0
1745406980.060, 2.373, 1.897, -1.3401, -1.1466, -3.1130, 2.2451, 37.7103, 89.9968, 0
1745406980.139, 2.366, 1.897, -1.3403, -1.1469, -3.1133, 2.2123, 37.7142, 90.0242, 0
1745406980.219, 2.366, 1.897, -1.3400, -1.1466, -3.1130, 2.1843, 37.7732, 90.0567, 0
1745406980.299, 2.367, 1.895, -1.3401, -1.1466, -3.1129, 2.1127, 37.7907, 90.1031, 0
1745406980.378, 2.367, 1.894, -1.3401, -1.1465, -3.1127, 2.0816, 37.7887, 90.1293, 0
1745406980.458, 2.367, 1.895, -1.3402, -1.1466, -3.1128, 2.0641, 37.7869, 90.1327, 0
1745406980.538, 2.375, 1.895, -1.3401, -1.1467, -3.1129, 2.0062, 37.7827, 90.1661, 0
1745406980.618, 2.375, 1.896, -1.3402, -1.1466, -3.1128, 2.0563, 37.7813, 90.1256, 0
1745406980.697, 2.373, 1.896, -1.3403, -1.1467, -3.1127, 1.9435, 37.7780, 90.2074, 0
1745406980.777, 2.368, 1.897, -1.3406, -1.1467, -3.1129, 1.8614, 37.7846, 90.2746, 0
1745406980.856, 2.367, 1.896, -1.3406, -1.1465, -3.1128, 1.8484, 37.7673, 90.2741, 0
1745406980.936, 2.367, 1.896, -1.3407, -1.1467, -3.1129, 1.8365, 37.7625, 90.2792, 0
1745406981.015, 2.367, 1.895, -1.3403, -1.1464, -3.1128, 1.8985, 37.7574, 90.2299, 0
1745406981.095, 2.372, 1.896, -1.3404, -1.1466, -3.1128, 1.8681, 37.7577, 90.2451, 0
1745406981.175, 2.372, 1.894, -1.3407, -1.1466, -3.1128, 1.8626, 37.7601, 90.2532, 0
1745406981.254, 2.368, 1.896, -1.3405, -1.1463, -3.1127, 1.9324, 37.7492, 90.1958, 0
1745406981.334, 2.368, 1.896, -1.3405, -1.1465, -3.1127, 1.9409, 37.7475, 90.1813, 0
1745406981.414, 2.368, 1.895, -1.3405, -1.1467, -3.1129, 1.8882, 37.7486, 90.2154, 0
1745406981.493, 2.374, 1.896, -1.3404, -1.1464, -3.1126, 1.9416, 37.7406, 90.1828, 0
1745406981.573, 2.372, 1.897, -1.3404, -1.1465, -3.1126, 1.9788, 37.7392, 90.1619, 0
1745406981.653, 2.374, 1.897, -1.3406, -1.1468, -3.1128, 1.9375, 37.7658, 90.1864, 0
1745406981.732, 2.375, 1.897, -1.3402, -1.1465, -3.1128, 1.8627, 37.7618, 90.2236, 0
1745406981.812, 2.375, 1.896, -1.3401, -1.1465, -3.1128, 1.8572, 37.7651, 90.2255, 0
1745406981.892, 2.366, 1.895, -1.3404, -1.1464, -3.1127, 1.9218, 37.7689, 90.1928, 0
1745406981.971, 2.373, 1.897, -1.3405, -1.1463, -3.1126, 1.8937, 37.7715, 90.2226, 0
1745406982.051, 2.372, 1.897, -1.3405, -1.1464, -3.1127, 1.8747, 37.7816, 90.2372, 0
1745406982.131, 2.372, 1.897, -1.3404, -1.1464, -3.1127, 1.8934, 37.7809, 90.2250, 0
1745406982.210, 2.372, 1.895, -1.3404, -1.1465, -3.1126, 1.9513, 37.7855, 90.1795, 0
1745406982.290, 2.366, 1.895, -1.3404, -1.1464, -3.1127, 1.9413, 37.7923, 90.1814, 0
1745406982.369, 2.374, 1.895, -1.3404, -1.1464, -3.1126, 1.9518, 37.7890, 90.1881, 0
1745406982.449, 2.374, 1.895, -1.3403, -1.1465, -3.1127, 1.9484, 37.7894, 90.1886, 0
1745406982.529, 2.368, 1.896, -1.3404, -1.1465, -3.1127, 1.9435, 37.7941, 90.1844, 0
1745406982.608, 2.368, 1.897, -1.3403, -1.1465, -3.1127, 1.9906, 37.8039, 90.1458, 0
1745406982.688, 2.373, 1.895, -1.3403, -1.1466, -3.1127, 1.9798, 37.8121, 90.1412, 0
1745406982.768, 2.367, 1.897, -1.3409, -1.1466, -3.1117, 1.8810, 38.0071, 90.0791, 0
1745406982.848, 2.375, 1.897, -1.3429, -1.1475, -3.1059, 0.7318, 38.6044, 90.6057, 0
1745406982.927, 2.365, 1.895, -1.3463, -1.1484, -3.1004, 0.1730, 39.6496, 90.7320, 0
1745406983.007, 2.365, 1.886, -1.3509, -1.1484, -3.0967, 0.3194, 40.1756, 90.6034, 0
1745406983.086, 2.373, 1.879, -1.3543, -1.1485, -3.0934, 0.2864, 40.7352, 90.6036, 0
1745406983.166, 2.366, 1.871, -1.3575, -1.1487, -3.0905, 0.2874, 41.2016, 90.5610, 0
1745406983.246, 2.366, 1.871, -1.3614, -1.1488, -3.0869, 0.3240, 41.6314, 90.5470, 0
1745406983.325, 2.366, 1.866, -1.3657, -1.1489, -3.0825, 0.4456, 41.6199, 90.5157, 0
1745406983.405, 2.355, 1.860, -1.3703, -1.1492, -3.0773, 0.4636, 41.5927, 90.5150, 0
1745406983.485, 2.361, 1.855, -1.3752, -1.1494, -3.0716, 0.4287, 41.5699, 90.5157, 0
1745406983.564, 2.363, 1.845, -1.3799, -1.1495, -3.0663, 0.4013, 41.5762, 90.5440, 0
1745406983.644, 2.364, 1.845, -1.3838, -1.1498, -3.0617, 0.3989, 41.5260, 90.5719, 0
1745406983.724, 2.364, 1.835, -1.3859, -1.1498, -3.0594, 0.4230, 41.5375, 90.5659, 0
1745406983.803, 2.371, 1.827, -1.3860, -1.1499, -3.0592, 0.4093, 41.5538, 90.5920, 0
1745406983.883, 2.371, 1.822, -1.3860, -1.1499, -3.0593, 0.4177, 41.5467, 90.5865, 0
1745406983.962, 2.362, 1.822, -1.3859, -1.1499, -3.0594, 0.4170, 41.5367, 90.5865, 0
1745406984.162, 2.366, 1.823, -1.3857, -1.1501, -3.0594, 0.3862, 41.5317, 90.6199, 0
1745406984.241, 2.368, 1.823, -1.3857, -1.1500, -3.0594, 0.4020, 41.5377, 90.6180, 0
1745406984.321, 2.368, 1.823, -1.3857, -1.1502, -3.0595, 0.3989, 41.5425, 90.6210, 0
1745406984.401, 2.370, 1.822, -1.3856, -1.1501, -3.0595, 0.4028, 41.5327, 90.6189, 0
1745406984.480, 2.365, 1.823, -1.3856, -1.1503, -3.0595, 0.4156, 41.5350, 90.6071, 0
1745406984.560, 2.371, 1.823, -1.3856, -1.1503, -3.0596, 0.4170, 41.5321, 90.6060, 0
1745406984.640, 2.370, 1.823, -1.3855, -1.1504, -3.0595, 0.4098, 41.5295, 90.6113, 0
1745406984.719, 2.370, 1.823, -1.3854, -1.1504, -3.0596, 0.4211, 41.5259, 90.6014, 0
1745406984.799, 2.368, 1.821, -1.3854, -1.1504, -3.0596, 0.4184, 41.5261, 90.6137, 0
1745406984.878, 2.365, 1.821, -1.3854, -1.1505, -3.0597, 0.4244, 41.5264, 90.6047, 0
1745406984.958, 2.365, 1.821, -1.3852, -1.1506, -3.0597, 0.4254, 41.5294, 90.5991, 0
1745406985.038, 2.364, 1.821, -1.3853, -1.1505, -3.0597, 0.4234, 41.5275, 90.6000, 0
1745406985.117, 2.364, 1.822, -1.3853, -1.1507, -3.0598, 0.4399, 41.5335, 90.5824, 0
1745406985.197, 2.363, 1.821, -1.3851, -1.1507, -3.0598, 0.4541, 41.5359, 90.5765, 0
1745406985.277, 2.364, 1.823, -1.3851, -1.1507, -3.0598, 0.4383, 41.5315, 90.5856, 0
1745406985.356, 2.365, 1.822, -1.3851, -1.1508, -3.0598, 0.4381, 41.5330, 90.5747, 0
1745406985.436, 2.363, 1.822, -1.3851, -1.1507, -3.0597, 0.4280, 41.5286, 90.5986, 0
1745406985.516, 2.363, 1.821, -1.3850, -1.1508, -3.0599, 0.4148, 41.5326, 90.5972, 0
1745406985.595, 2.370, 1.823, -1.3850, -1.1508, -3.0599, 0.4286, 41.5248, 90.5987, 0
1745406985.675, 2.367, 1.822, -1.3849, -1.1509, -3.0598, 0.4492, 41.5163, 90.5886, 0
1745406985.754, 2.365, 1.821, -1.3848, -1.1511, -3.0599, 0.4359, 41.4899, 90.6023, 0
1745406985.834, 2.363, 1.821, -1.3848, -1.1510, -3.0599, 0.4432, 41.4893, 90.6029, 0
1745406985.914, 2.363, 1.821, -1.3848, -1.1510, -3.0599, 0.4474, 41.4946, 90.6084, 0
1745406985.993, 2.364, 1.821, -1.3847, -1.1511, -3.0599, 0.4486, 41.5023, 90.6140, 0
1745406986.073, 2.367, 1.822, -1.3848, -1.1510, -3.0599, 0.4437, 41.4871, 90.6162, 0
1745406986.153, 2.365, 1.820, -1.3847, -1.1511, -3.0600, 0.4296, 41.4928, 90.6170, 0
1745406986.232, 2.364, 1.820, -1.3846, -1.1512, -3.0600, 0.4362, 41.5007, 90.6217, 0
1745406986.312, 2.364, 1.822, -1.3847, -1.1512, -3.0601, 0.4511, 41.5072, 90.6209, 0
1745406986.392, 2.368, 1.820, -1.3845, -1.1512, -3.0600, 0.4484, 41.5088, 90.6149, 0
1745406986.471, 2.364, 1.821, -1.3846, -1.1513, -3.0600, 0.4616, 41.4696, 90.5971, 0
1745406986.551, 2.367, 1.821, -1.3860, -1.1512, -3.0586, 0.4497, 41.5261, 90.6058, 0
1745406986.630, 2.363, 1.821, -1.3890, -1.1514, -3.0556, 0.4810, 41.7495, 90.5990, 0
1745406986.710, 2.363, 1.820, -1.3936, -1.1516, -3.0510, 0.5250, 41.9506, 90.5868, 0
1745406986.790, 2.365, 1.817, -1.3989, -1.1516, -3.0454, 0.5035, 42.2226, 90.6273, 0
1745406986.869, 2.364, 1.805, -1.4045, -1.1519, -3.0398, 0.4902, 42.4204, 90.6842, 0
1745406986.949, 2.366, 1.799, -1.4100, -1.1520, -3.0343, 0.5419, 42.6545, 90.6238, 0
1745406987.029, 2.369, 1.799, -1.4150, -1.1522, -3.0295, 0.5616, 42.8741, 90.5943, 0
1745406987.108, 2.369, 1.789, -1.4197, -1.1522, -3.0249, 0.5710, 43.1086, 90.5786, 0
1745406987.188, 2.368, 1.781, -1.4242, -1.1524, -3.0206, 0.5798, 43.3349, 90.5322, 0
1745406987.268, 2.364, 1.772, -1.4280, -1.1526, -3.0164, 0.5153, 43.3989, 90.4789, 0
1745406987.347, 2.364, 1.767, -1.4293, -1.1524, -3.0139, 0.2109, 43.2285, 90.3332, 0
1745406987.427, 2.367, 1.767, -1.4306, -1.1520, -3.0118, -0.0412, 43.3070, 90.3243, 0
1745406987.507, 2.367, 1.760, -1.4326, -1.1515, -3.0094, -0.2439, 43.5342, 90.0248, 0
1745406987.586, 2.364, 1.754, -1.4372, -1.1513, -3.0054, -0.2243, 43.9617, 89.4472, 0
1745406987.666, 2.370, 1.753, -1.4444, -1.1515, -2.9988, -0.3090, 44.4871, 89.4045, 0
1745406987.746, 2.370, 1.753, -1.4525, -1.1515, -2.9917, -0.2921, 45.1467, 89.1111, 0
1745406987.825, 2.359, 1.745, -1.4608, -1.1517, -2.9843, -0.3597, 45.6201, 89.2181, 0
1745406987.905, 2.359, 1.734, -1.4672, -1.1523, -2.9791, -0.2184, 45.9237, 89.0956, 0
1745406987.985, 2.348, 1.723, -1.4724, -1.1518, -2.9747, -0.1208, 46.2142, 88.9818, 0
1745406988.064, 2.337, 1.712, -1.4768, -1.1521, -2.9712, -0.0872, 46.3916, 89.0107, 0
1745406988.144, 2.340, 1.712, -1.4812, -1.1522, -2.9675, -0.0503, 46.6330, 89.0285, 0
1745406988.223, 2.340, 1.706, -1.4876, -1.1528, -2.9625, 0.0504, 46.9913, 89.2825, 0
1745406988.303, 2.340, 1.700, -1.4987, -1.1546, -2.9536, 0.2202, 47.0936, 90.6405, 0
1745406988.383, 2.340, 1.691, -1.5079, -1.1557, -2.9473, 0.7005, 47.6073, 90.5229, 0
1745406988.462, 2.336, 1.676, -1.5134, -1.1552, -2.9425, 0.5944, 48.1299, 90.5733, 0
1745406988.542, 2.336, 1.676, -1.5164, -1.1552, -2.9401, 0.6020, 48.0634, 90.4676, 0
1745406988.622, 2.339, 1.668, -1.5173, -1.1553, -2.9391, 0.5449, 48.1656, 90.5090, 0
1745406988.701, 2.339, 1.663, -1.5173, -1.1553, -2.9393, 0.5700, 48.1454, 90.4690, 0
1745406988.781, 2.336, 1.660, -1.5171, -1.1553, -2.9393, 0.5651, 48.1512, 90.4586, 0
1745406988.861, 2.339, 1.659, -1.5171, -1.1554, -2.9394, 0.5716, 48.1594, 90.4464, 0
1745406988.940, 2.337, 1.659, -1.5171, -1.1554, -2.9393, 0.5528, 48.1572, 90.4664, 0
1745406989.020, 2.337, 1.658, -1.5171, -1.1554, -2.9393, 0.5461, 48.1614, 90.4687, 0
1745406989.099, 2.340, 1.659, -1.5172, -1.1554, -2.9393, 0.5380, 48.1607, 90.4729, 0
1745406989.179, 2.337, 1.658, -1.5171, -1.1554, -2.9393, 0.5326, 48.1569, 90.4698, 0
1745406989.259, 2.338, 1.658, -1.5171, -1.1555, -2.9394, 0.5389, 48.1473, 90.4542, 0
1745406989.338, 2.337, 1.658, -1.5171, -1.1555, -2.9393, 0.5517, 48.1417, 90.4448, 0
1745406989.418, 2.337, 1.659, -1.5170, -1.1555, -2.9394, 0.5531, 48.1365, 90.4416, 0
1745406989.498, 2.336, 1.657, -1.5171, -1.1555, -2.9394, 0.5601, 48.1421, 90.4390, 0
1745406989.577, 2.341, 1.659, -1.5170, -1.1556, -2.9393, 0.5588, 48.1279, 90.4400, 0
1745406989.657, 2.337, 1.658, -1.5170, -1.1555, -2.9393, 0.5584, 48.1324, 90.4442, 0
1745406989.737, 2.341, 1.658, -1.5179, -1.1557, -2.9386, 0.5410, 48.1706, 90.4480, 0
1745406989.816, 2.341, 1.658, -1.5207, -1.1556, -2.9361, 0.5498, 48.1372, 90.4223, 0
1745406989.896, 2.340, 1.659, -1.5243, -1.1557, -2.9328, 0.7236, 47.8123, 90.2344, 0
1745406989.976, 2.341, 1.655, -1.5254, -1.1555, -2.9327, 1.0193, 47.8229, 89.9142, 0
1745406990.055, 2.336, 1.648, -1.5254, -1.1556, -2.9324, 0.9717, 47.8221, 89.9825, 0
1745406990.135, 2.332, 1.648, -1.5254, -1.1555, -2.9326, 0.9634, 47.8242, 89.9965, 0
1745406990.214, 2.332, 1.648, -1.5255, -1.1555, -2.9324, 0.9569, 47.8039, 90.0048, 0
1745406990.294, 2.330, 1.647, -1.5263, -1.1552, -2.9318, 1.0079, 47.9482, 89.6836, 0
1745406990.374, 2.336, 1.647, -1.5270, -1.1546, -2.9310, 0.7899, 48.7109, 89.3390, 0
1745406990.453, 2.335, 1.648, -1.5267, -1.1542, -2.9289, -0.0857, 48.4871, 89.7290, 0
1745406990.533, 2.341, 1.648, -1.5277, -1.1529, -2.9246, -1.0964, 48.5446, 90.0746, 0
1745406990.613, 2.341, 1.649, -1.5322, -1.1524, -2.9172, -2.2409, 48.3489, 90.6621, 0
1745406990.692, 2.341, 1.643, -1.5417, -1.1526, -2.9092, -2.3138, 48.6495, 90.7160, 0
1745406990.772, 2.341, 1.632, -1.5528, -1.1518, -2.9010, -1.6922, 48.6422, 90.9136, 0
1745406990.852, 2.341, 1.632, -1.5631, -1.1520, -2.8950, -0.6283, 48.6918, 90.6576, 0
1745406991.051, 2.344, 1.585, -1.5869, -1.1526, -2.8855, 3.3007, 48.7372, 90.0249, 0
1745406991.130, 2.352, 1.585, -1.5878, -1.1526, -2.8813, 2.1375, 48.8461, 90.3468, 0
1745406991.210, 2.352, 1.574, -1.5925, -1.1527, -2.8797, 3.0773, 48.8489, 90.2088, 0
1745406991.290, 2.347, 1.569, -1.5940, -1.1537, -2.8752, 1.5561, 49.2414, 91.0342, 0
1745406991.369, 2.351, 1.563, -1.5980, -1.1562, -2.8669, -0.0400, 49.2585, 92.1669, 0
1745406991.449, 2.346, 1.559, -1.6033, -1.1578, -2.8648, 0.9177, 48.8942, 89.6214, 0
1745406991.648, 2.350, 1.541, -1.6074, -1.1581, -2.8610, 0.6051, 49.2287, 90.1968, 0
1745406991.728, 2.356, 1.541, -1.6078, -1.1582, -2.8608, 0.6208, 49.2949, 90.1562, 0
1745406991.807, 2.356, 1.540, -1.6098, -1.1582, -2.8592, 0.6075, 49.2426, 90.1510, 0
1745406991.887, 2.357, 1.540, -1.6135, -1.1582, -2.8559, 0.6056, 49.2810, 90.1134, 0
1745406991.967, 2.352, 1.537, -1.6183, -1.1583, -2.8519, 0.5911, 49.3430, 90.1088, 0
1745406994.456, 2.324, 1.443, -1.6814, -1.1573, -2.8078, 3.7844, 47.9244, 87.9178, 0
1745406994.535, 2.323, 1.443, -1.6815, -1.1572, -2.8079, 3.7818, 47.9243, 87.9183, 0
1745406994.615, 2.323, 1.444, -1.6815, -1.1572, -2.8078, 3.7884, 47.9249, 87.9152, 0
1745406994.694, 2.326, 1.443, -1.6815, -1.1572, -2.8078, 3.7921, 47.9249, 87.9098, 0
1745406994.774, 2.322, 1.444, -1.6815, -1.1572, -2.8078, 3.7838, 47.9287, 87.9153, 0
1745406994.854, 2.324, 1.443, -1.6815, -1.1572, -2.8078, 3.7907, 47.9240, 87.9082, 0
1745406994.933, 2.326, 1.443, -1.6815, -1.1572, -2.8078, 3.7818, 47.9258, 87.9124, 0
1745406995.013, 2.326, 1.443, -1.6816, -1.1571, -2.8078, 3.7770, 47.9141, 87.9185, 0
1745406995.093, 2.326, 1.444, -1.6815, -1.1571, -2.8078, 3.7810, 47.9205, 87.9152, 0
1745406995.172, 2.321, 1.443, -1.6815, -1.1572, -2.8079, 3.7828, 47.9216, 87.9158, 0
1745406995.252, 2.326, 1.443, -1.6816, -1.1571, -2.8077, 3.7803, 47.9202, 87.9247, 0
1745406995.332, 2.321, 1.443, -1.6815, -1.1572, -2.8078, 3.7800, 47.9234, 87.9215, 0
1745406995.411, 2.321, 1.442, -1.6814, -1.1573, -2.8078, 3.7811, 47.9238, 87.9222, 0
1745406995.491, 2.321, 1.444, -1.6815, -1.1572, -2.8078, 3.7692, 47.9268, 87.9225, 0
1745406995.571, 2.325, 1.443, -1.6815, -1.1572, -2.8077, 3.7894, 47.9228, 87.9137, 0
1745406995.652, 2.326, 1.443, -1.6815, -1.1571, -2.8077, 3.7900, 47.9273, 87.9193, 0
1745406995.730, 2.326, 1.443, -1.6816, -1.1572, -2.8078, 3.7854, 47.9274, 87.9270, 0
1745406995.810, 2.326, 1.444, -1.6815, -1.1572, -2.8077, 3.7880, 47.9242, 87.9203, 0
1745406995.889, 2.324, 1.442, -1.6815, -1.1572, -2.8078, 3.7795, 47.9202, 87.9166, 0
1745406995.969, 2.324, 1.443, -1.6816, -1.1571, -2.8077, 3.7814, 47.9239, 87.9246, 0
1745406996.048, 2.323, 1.444, -1.6816, -1.1571, -2.8079, 3.8356, 47.9224, 87.8394, 0
1745406996.128, 2.322, 1.444, -1.6824, -1.1571, -2.8073, 3.8635, 47.9149, 87.7872, 0
1745406996.208, 2.322, 1.443, -1.6843, -1.1572, -2.8056, 3.8240, 47.8653, 87.7626, 0
1745406996.287, 2.321, 1.443, -1.6872, -1.1573, -2.8029, 3.8376, 47.8589, 87.6894, 0
1745406996.367, 2.320, 1.440, -1.6910, -1.1575, -2.7994, 3.7549, 47.7833, 87.7125, 0
1745406996.447, 2.322, 1.434, -1.6952, -1.1581, -2.7941, 3.1785, 47.7862, 88.1296, 0
1745406996.526, 2.322, 1.434, -1.6987, -1.1593, -2.7845, 0.9526, 47.5692, 89.8032, 0
1745406996.610, 2.322, 1.427, -1.7037, -1.1600, -2.7784, 0.5231, 48.0937, 89.9606, 0
1745406996.686, 2.319, 1.417, -1.7080, -1.1598, -2.7757, 0.7906, 47.8846, 89.7804, 0
1745406996.765, 2.325, 1.407, -1.7091, -1.1597, -2.7745, 0.6738, 48.0160, 89.8735, 0
1745406996.845, 2.324, 1.402, -1.7102, -1.1597, -2.7737, 0.7492, 48.1079, 89.8133, 0
1745406996.925, 2.321, 1.402, -1.7127, -1.1598, -2.7715, 0.7234, 48.0116, 89.8046, 0
1745406997.004, 2.321, 1.402, -1.7175, -1.1598, -2.7671, 0.7215, 48.0027, 89.8703, 0
1745406997.204, 2.319, 1.389, -1.7339, -1.1601, -2.7522, 0.5945, 47.8225, 90.1019, 0
1745406997.283, 2.320, 1.378, -1.7403, -1.1603, -2.7464, 0.5338, 47.7872, 90.1825, 0
1745406997.363, 2.317, 1.367, -1.7462, -1.1605, -2.7411, 0.4988, 47.7437, 90.1938, 0
1745406997.442, 2.315, 1.356, -1.7514, -1.1605, -2.7363, 0.4490, 47.7632, 90.2256, 0
1745406997.522, 2.313, 1.356, -1.7564, -1.1607, -2.7320, 0.4412, 47.8058, 90.2410, 0
1745406997.602, 2.313, 1.346, -1.7612, -1.1610, -2.7277, 0.4856, 47.8195, 90.2249, 0
1745406997.681, 2.315, 1.336, -1.7661, -1.1609, -2.7235, 0.4829, 47.8297, 90.1969, 0
1745406997.761, 2.312, 1.328, -1.7711, -1.1612, -2.7191, 0.5055, 47.8460, 90.1193, 0
1745406997.841, 2.311, 1.322, -1.7763, -1.1615, -2.7144, 0.4620, 47.8872, 90.1398, 0
1745406997.920, 2.310, 1.322, -1.7820, -1.1610, -2.7094, 0.4928, 47.9614, 90.1265, 0
1745406998.000, 2.310, 1.312, -1.7879, -1.1612, -2.7042, 0.4285, 47.9726, 90.2166, 0
1745406998.079, 2.309, 1.304, -1.7939, -1.1612, -2.6991, 0.4242, 47.9772, 90.2832, 0
1745406998.159, 2.308, 1.294, -1.7997, -1.1612, -2.6939, 0.4058, 47.9392, 90.3551, 0
1745406998.239, 2.307, 1.284, -1.8059, -1.1615, -2.6886, 0.3926, 47.8861, 90.3710, 0
1745406998.318, 2.304, 1.284, -1.8117, -1.1616, -2.6830, 0.2546, 47.8880, 90.4345, 0
1745406998.398, 2.304, 1.272, -1.8177, -1.1617, -2.6777, 0.2603, 47.8651, 90.4276, 0
1745406998.477, 2.305, 1.264, -1.8240, -1.1618, -2.6725, 0.4407, 47.8028, 90.2997, 0
1745406998.557, 2.302, 1.264, -1.8305, -1.1618, -2.6665, 0.3579, 47.8184, 90.2961, 0
1745406998.637, 2.301, 1.264, -1.8373, -1.1621, -2.6604, 0.3014, 47.7961, 90.3044, 0
1745406998.716, 2.300, 1.244, -1.8440, -1.1621, -2.6545, 0.3507, 47.7975, 90.1993, 0
1745406998.796, 2.300, 1.235, -1.8510, -1.1624, -2.6486, 0.4175, 47.7350, 90.1095, 0
1745406998.876, 2.300, 1.222, -1.8576, -1.1625, -2.6430, 0.4577, 47.7795, 90.1266, 0
1745406998.955, 2.300, 1.211, -1.8638, -1.1625, -2.6376, 0.5037, 47.7977, 90.0806, 0
1745406999.035, 2.299, 1.211, -1.8655, -1.1627, -2.6361, 0.5913, 47.6305, 90.0096, 0
1745406999.115, 2.294, 1.199, -1.8646, -1.1625, -2.6370, 0.5122, 47.7671, 90.0642, 0
1745406999.194, 2.294, 1.193, -1.8644, -1.1626, -2.6371, 0.5721, 47.8226, 89.9987, 0
1745406999.274, 2.296, 1.194, -1.8644, -1.1627, -2.6371, 0.5430, 47.8346, 90.0323, 0
1745406999.354, 2.294, 1.194, -1.8646, -1.1625, -2.6372, 0.5393, 47.8358, 90.0367, 0
1745406999.433, 2.293, 1.194, -1.8645, -1.1627, -2.6371, 0.5499, 47.8412, 90.0323, 0
1745406999.513, 2.298, 1.194, -1.8645, -1.1627, -2.6371, 0.5577, 47.8401, 90.0246, 0
1745406999.712, 2.297, 1.194, -1.8645, -1.1627, -2.6371, 0.5715, 47.8536, 90.0012, 0
1745406999.792, 2.297, 1.193, -1.8645, -1.1626, -2.6371, 0.5761, 47.8473, 89.9952, 0
1745406999.871, 2.297, 1.194, -1.8644, -1.1627, -2.6371, 0.6005, 47.8418, 89.9797, 0
1745406999.951, 2.298, 1.193, -1.8645, -1.1626, -2.6371, 0.5992, 47.8399, 89.9632, 0
1745407002.440, 2.298, 1.194, -1.8643, -1.1628, -2.6371, 0.6135, 47.8501, 89.9566, 1
1745407002.520, 2.298, 1.194, -1.8644, -1.1627, -2.6371, 0.6141, 47.8508, 89.9508, 1
1745407002.599, 2.298, 1.193, -1.8644, -1.1628, -2.6372, 0.6034, 47.8484, 89.9692, 1
1745407052.079, 2.785, 2.185, -0.8048, -1.1411, -3.0372, 1.2390, 41.4176, 89.9255, 0
1745407052.158, 2.785, 2.184, -0.8046, -1.1411, -3.0373, 1.2446, 41.4211, 89.9179, 0
1745407052.238, 2.780, 2.184, -0.8047, -1.1411, -3.0373, 1.2549, 41.4226, 89.9213, 0
1745407052.318, 2.781, 2.185, -0.8047, -1.1410, -3.0372, 1.2645, 41.4271, 89.9116, 0
1745407052.397, 2.781, 2.184, -0.8047, -1.1411, -3.0373, 1.2628, 41.4216, 89.9100, 0
1745407052.477, 2.786, 2.184, -0.8048, -1.1411, -3.0372, 1.2702, 41.4235, 89.9038, 0
1745407052.557, 2.786, 2.184, -0.8048, -1.1410, -3.0372, 1.2702, 41.4211, 89.9086, 1
1745407052.636, 2.780, 2.185, -0.8047, -1.1411, -3.0372, 1.2757, 41.4140, 89.9048, 1
1745407052.716, 2.786, 2.184, -0.8047, -1.1410, -3.0372, 1.2732, 41.4149, 89.9083, 1
1745407052.796, 2.786, 2.184, -0.8048, -1.1411, -3.0372, 1.2739, 41.4147, 89.9100, 1
1745407052.875, 2.785, 2.184, -0.8048, -1.1409, -3.0372, 1.2765, 41.4156, 89.9021, 1
1745407052.955, 2.785, 2.185, -0.8048, -1.1411, -3.0373, 1.2781, 41.4158, 89.9010, 1
1745407053.034, 2.780, 2.184, -0.8047, -1.1411, -3.0372, 1.2635, 41.4180, 89.9067, 1
1745407053.114, 2.785, 2.184, -0.8048, -1.1410, -3.0372, 1.2595, 41.4162, 89.9079, 1
1745407053.194, 2.786, 2.184, -0.8048, -1.1410, -3.0372, 1.2650, 41.4152, 89.9012, 1
1745407053.273, 2.780, 2.184, -0.8048, -1.1411, -3.0372, 1.2683, 41.4171, 89.8991, 1
1745407053.353, 2.780, 2.185, -0.8048, -1.1410, -3.0372, 1.2604, 41.4163, 89.9114, 1
1745407053.433, 2.786, 2.184, -0.8048, -1.1410, -3.0371, 1.2583, 41.4147, 89.9048, 1
1745407053.512, 2.781, 2.185, -0.8049, -1.1410, -3.0372, 1.2456, 41.4097, 89.9086, 1
1745407053.592, 2.780, 2.185, -0.8048, -1.1410, -3.0372, 1.2472, 41.4141, 89.9128, 1
1745407053.672, 2.780, 2.185, -0.8048, -1.1410, -3.0372, 1.2445, 41.4143, 89.9088, 1
1745407053.751, 2.780, 2.184, -0.8048, -1.1409, -3.0372, 1.2424, 41.4149, 89.9150, 1
1745407053.831, 2.781, 2.185, -0.8049, -1.1410, -3.0372, 1.2449, 41.4127, 89.9239, 1
1745407053.910, 2.785, 2.183, -0.8048, -1.1410, -3.0372, 1.2498, 41.4128, 89.9219, 1
1745407053.990, 2.785, 2.184, -0.8049, -1.1410, -3.0372, 1.2429, 41.4106, 89.9243, 1
1745407054.070, 2.785, 2.184, -0.8049, -1.1410, -3.0372, 1.2511, 41.4092, 89.9235, 1
1745407054.149, 2.785, 2.184, -0.8048, -1.1410, -3.0372, 1.2565, 41.4069, 89.9280, 1
1745407056.240, 2.781, 2.184, -0.8049, -1.1409, -3.0371, 1.2743, 41.4278, 89.9013, 0
1745407056.320, 2.785, 2.184, -0.8049, -1.1409, -3.0371, 1.2688, 41.4213, 89.9110, 0
1745407056.399, 2.780, 2.184, -0.8050, -1.1408, -3.0371, 1.2726, 41.4243, 89.9028, 0
1745407056.479, 2.781, 2.184, -0.8049, -1.1409, -3.0372, 1.2750, 41.4231, 89.8996, 0
1745407056.559, 2.780, 2.184, -0.8049, -1.1409, -3.0371, 1.2808, 41.4224, 89.8990, 0
1745407056.638, 2.780, 2.184, -0.8050, -1.1409, -3.0371, 1.2833, 41.4250, 89.9006, 0
1745407056.718, 2.786, 2.185, -0.8049, -1.1409, -3.0371, 1.2773, 41.4185, 89.9095, 0
1745407056.798, 2.786, 2.184, -0.8050, -1.1408, -3.0371, 1.2821, 41.4266, 89.9181, 0
1745407056.877, 2.781, 2.184, -0.8051, -1.1408, -3.0371, 1.2859, 41.4226, 89.9253, 0
1745407056.957, 2.786, 2.184, -0.8050, -1.1408, -3.0371, 1.2893, 41.4194, 89.9149, 0
1745407057.037, 2.786, 2.184, -0.8050, -1.1408, -3.0371, 1.2813, 41.4201, 89.9163, 0
1745407057.116, 2.785, 2.184, -0.8050, -1.1409, -3.0371, 1.2879, 41.4204, 89.9165, 0
1745407057.196, 2.786, 2.185, -0.8050, -1.1409, -3.0371, 1.2939, 41.4209, 89.9122, 0
1745407057.276, 2.780, 2.185, -0.8050, -1.1409, -3.0371, 1.2987, 41.4216, 89.9099, 0
1745407057.355, 2.780, 2.184, -0.8050, -1.1409, -3.0371, 1.2906, 41.4229, 89.9186, 0
1745407057.435, 2.780, 2.184, -0.8051, -1.1408, -3.0371, 1.2821, 41.4224, 89.9219, 0
1745407057.514, 2.780, 2.185, -0.8050, -1.1409, -3.0372, 1.2816, 41.4231, 89.9173, 0
1745407057.594, 2.780, 2.184, -0.8050, -1.1408, -3.0371, 1.2779, 41.4163, 89.9203, 0
1745407057.674, 2.785, 2.184, -0.8052, -1.1408, -3.0371, 1.2799, 41.4277, 89.9096, 0
1745407057.753, 2.785, 2.184, -0.8051, -1.1409, -3.0371, 1.2772, 41.4245, 89.9061, 0
1745407057.833, 2.785, 2.184, -0.8051, -1.1408, -3.0371, 1.2782, 41.4245, 89.9032, 0
1745407057.913, 2.786, 2.184, -0.8051, -1.1408, -3.0371, 1.2758, 41.4249, 89.8976, 0
1745407057.992, 2.781, 2.184, -0.8051, -1.1408, -3.0371, 1.2723, 41.4286, 89.9043, 0
1745407058.072, 2.785, 2.184, -0.8050, -1.1408, -3.0371, 1.2760, 41.4285, 89.9010, 0
1745407058.152, 2.785, 2.184, -0.8051, -1.1408, -3.0371, 1.2883, 41.4217, 89.9087, 0
1745407058.231, 2.785, 2.185, -0.8050, -1.1409, -3.0372, 1.2779, 41.4164, 89.9125, 0
1745407058.311, 2.785, 2.185, -0.8051, -1.1408, -3.0371, 1.2736, 41.4179, 89.9137, 0
1745407058.390, 2.780, 2.184, -0.8051, -1.1408, -3.0370, 1.2663, 41.4172, 89.9203, 0
1745407058.470, 2.780, 2.184, -0.8052, -1.1407, -3.0370, 1.2719, 41.4139, 89.9227, 0
1745407058.550, 2.780, 2.184, -0.8051, -1.1408, -3.0371, 1.2731, 41.4197, 89.9158, 0
1745407058.629, 2.781, 2.184, -0.8052, -1.1408, -3.0370, 1.2740, 41.4169, 89.9155, 0
1745407058.709, 2.780, 2.184, -0.8051, -1.1407, -3.0370, 1.2698, 41.4194, 89.9194, 0
1745407058.789, 2.786, 2.184, -0.8052, -1.1408, -3.0371, 1.2669, 41.4182, 89.9234, 0
1745407058.869, 2.785, 2.184, -0.8051, -1.1408, -3.0371, 1.2701, 41.4147, 89.9196, 0
1745407058.948, 2.785, 2.184, -0.8052, -1.1407, -3.0371, 1.2665, 41.4161, 89.9177, 0
1745407059.028, 2.785, 2.185, -0.8052, -1.1407, -3.0370, 1.2685, 41.4201, 89.9243, 0
1745407059.107, 2.785, 2.184, -0.8052, -1.1408, -3.0371, 1.2730, 41.4194, 89.9233, 0
1745407059.187, 2.785, 2.184, -0.8053, -1.1408, -3.0370, 1.2760, 41.4144, 89.9196, 0
1745407059.267, 2.785, 2.184, -0.8053, -1.1407, -3.0371, 1.2770, 41.4321, 89.9426, 0
1745407059.346, 2.785, 2.184, -0.8031, -1.1406, -3.0394, 1.3128, 41.4347, 89.8939, 0
1745407059.426, 2.780, 2.184, -0.7990, -1.1408, -3.0438, 1.2531, 41.4213, 89.9083, 0
1745407059.506, 2.781, 2.187, -0.7923, -1.1399, -3.0509, 1.2353, 41.3746, 89.8737, 0
1745407059.585, 2.787, 2.196, -0.7834, -1.1402, -3.0608, 1.2650, 41.2241, 89.8014, 0
1745407059.665, 2.786, 2.196, -0.7731, -1.1405, -3.0727, 1.3199, 41.1420, 89.5737, 0
1745407059.745, 2.786, 2.211, -0.7617, -1.1403, -3.0848, 1.1860, 40.9814, 89.5645, 0
1745407059.824, 2.787, 2.230, -0.7513, -1.1396, -3.0960, 1.1911, 40.7918, 89.5234, 0
1745407059.904, 2.782, 2.250, -0.7411, -1.1394, -3.1070, 1.0534, 40.6812, 89.5875, 0
1745407059.983, 2.787, 2.250, -0.7319, -1.1393, -3.1169, 0.9596, 40.6033, 89.5730, 0
1745407060.063, 2.789, 2.272, -0.7240, -1.1398, -3.1263, 1.0138, 40.5190, 89.4574, 0
1745407060.143, 2.789, 2.289, -0.7194, -1.1396, -3.1317, 1.0119, 40.4516, 89.4007, 0
1745407060.222, 2.792, 2.304, -0.7189, -1.1395, -3.1321, 0.9976, 40.4585, 89.4304, 0
1745407060.302, 2.789, 2.310, -0.7192, -1.1396, -3.1318, 1.0002, 40.4428, 89.4159, 0
1745407060.382, 2.787, 2.310, -0.7195, -1.1395, -3.1314, 0.9849, 40.4674, 89.4366, 0
1745407060.461, 2.785, 2.313, -0.7194, -1.1395, -3.1314, 0.9587, 40.4844, 89.4411, 0
1745407060.541, 2.785, 2.308, -0.7194, -1.1396, -3.1315, 0.9730, 40.4904, 89.4249, 0
1745407060.621, 2.790, 2.313, -0.7192, -1.1397, -3.1316, 0.9636, 40.4893, 89.4242, 0
1745407060.700, 2.788, 2.312, -0.7192, -1.1396, -3.1315, 0.9597, 40.4952, 89.4233, 0
1745407060.780, 2.789, 2.312, -0.7193, -1.1397, -3.1315, 0.9614, 40.4978, 89.4254, 0
1745407060.860, 2.784, 2.310, -0.7193, -1.1396, -3.1316, 0.9592, 40.4988, 89.4233, 0
1745407060.939, 2.784, 2.309, -0.7192, -1.1397, -3.1316, 0.9586, 40.4941, 89.4189, 0
1745407061.019, 2.790, 2.309, -0.7191, -1.1398, -3.1316, 0.9474, 40.4934, 89.4200, 0
1745407061.098, 2.790, 2.312, -0.7191, -1.1397, -3.1316, 0.9381, 40.4943, 89.4242, 0
1745407061.178, 2.790, 2.312, -0.7192, -1.1397, -3.1316, 0.9437, 40.4983, 89.4212, 0
1745407061.258, 2.783, 2.311, -0.7191, -1.1398, -3.1316, 0.9400, 40.4937, 89.4184, 0
1745407061.337, 2.783, 2.313, -0.7191, -1.1398, -3.1316, 0.9449, 40.4949, 89.4160, 0
1745407061.417, 2.784, 2.313, -0.7191, -1.1398, -3.1316, 0.9527, 40.4904, 89.4091, 0
1745407061.497, 2.789, 2.313, -0.7189, -1.1399, -3.1317, 0.9486, 40.4922, 89.4153, 0
1745407061.576, 2.784, 2.313, -0.7188, -1.1400, -3.1319, 0.9539, 40.4969, 89.4157, 0
1745407061.656, 2.784, 2.310, -0.7190, -1.1399, -3.1317, 0.9556, 40.5033, 89.4303, 0
1745407061.736, 2.784, 2.310, -0.7189, -1.1397, -3.1316, 0.9495, 40.4989, 89.4288, 0
1745407061.815, 2.785, 2.312, -0.7189, -1.1398, -3.1316, 0.9369, 40.4924, 89.4275, 0
1745407061.895, 2.789, 2.309, -0.7189, -1.1399, -3.1317, 0.9419, 40.4971, 89.4202, 0
1745407061.975, 2.783, 2.309, -0.7188, -1.1399, -3.1318, 0.9447, 40.5003, 89.4122, 0
1745407062.054, 2.790, 2.309, -0.7188, -1.1399, -3.1317, 0.9430, 40.4974, 89.4208, 0
1745407062.134, 2.790, 2.311, -0.7188, -1.1400, -3.1318, 0.9484, 40.5017, 89.4090, 0
1745407062.214, 2.786, 2.313, -0.7188, -1.1399, -3.1318, 0.9491, 40.5568, 89.4310, 0
1745407062.293, 2.784, 2.309, -0.7181, -1.1400, -3.1325, 0.9531, 40.5439, 89.4228, 0
1745407062.373, 2.794, 2.309, -0.7173, -1.1400, -3.1335, 0.9819, 40.4271, 89.4047, 0
1745407062.452, 2.785, 2.314, -0.7152, -1.1399, -3.1360, 0.9984, 40.4508, 89.4252, 0
1745407062.532, 2.785, 2.314, -0.7117, -1.1399, -3.1399, 1.0107, 40.4070, 89.4214, 0
1745407062.612, 2.786, 2.317, -0.7074, -1.1398, -3.1450, 1.0313, 40.3678, 89.4197, 0
1745407062.691, 2.789, 2.324, -0.7027, -1.1399, -3.1505, 1.0757, 40.3057, 89.3782, 0
1745407062.771, 2.790, 2.324, -0.6984, -1.1397, -3.1555, 1.1151, 40.2599, 89.3467, 0
1745407062.851, 2.788, 2.329, -0.6946, -1.1395, -3.1601, 1.1921, 40.2050, 89.2762, 0
1745407062.930, 2.788, 2.339, -0.6911, -1.1395, -3.1640, 1.2109, 40.1465, 89.2725, 0
1745407063.010, 2.794, 2.345, -0.6879, -1.1397, -3.1677, 1.2245, 40.1137, 89.2652, 0
1745407063.090, 2.788, 2.355, -0.6843, -1.1395, -3.1720, 1.2730, 40.0515, 89.2431, 0
1745407063.169, 2.794, 2.355, -0.6801, -1.1396, -3.1765, 1.2461, 40.0081, 89.2796, 0
1745407063.249, 2.788, 2.357, -0.6761, -1.1396, -3.1810, 1.2023, 39.9728, 89.3233, 0
1745407063.329, 2.788, 2.365, -0.6723, -1.1397, -3.1852, 1.2151, 39.9234, 89.3208, 0
1745407063.408, 2.788, 2.374, -0.6686, -1.1398, -3.1895, 1.2335, 39.9065, 89.2772, 0
1745407063.488, 2.795, 2.378, -0.6650, -1.1397, -3.1937, 1.2238, 39.8959, 89.3117, 0
1745407063.568, 2.795, 2.378, -0.6613, -1.1396, -3.1978, 1.2217, 39.8446, 89.3002, 0
1745407063.647, 2.795, 2.386, -0.6576, -1.1396, -3.2020, 1.1959, 39.8281, 89.2967, 0
1745407063.727, 2.797, 2.394, -0.6543, -1.1397, -3.2060, 1.1702, 39.8423, 89.3388, 0
1745407063.806, 2.797, 2.406, -0.6506, -1.1395, -3.2100, 1.1260, 39.8245, 89.3437, 0
1745407063.886, 2.789, 2.408, -0.6467, -1.1397, -3.2144, 1.1276, 39.7358, 89.3166, 0
1745407063.966, 2.788, 2.408, -0.6431, -1.1396, -3.2186, 1.1442, 39.7146, 89.2950, 0
1745407064.046, 2.788, 2.418, -0.6396, -1.1394, -3.2227, 1.0980, 39.7297, 89.3545, 0
1745407064.125, 2.789, 2.427, -0.6362, -1.1392, -3.2270, 1.1452, 39.6846, 89.3048, 0
1745407064.205, 2.790, 2.429, -0.6332, -1.1391, -3.2306, 1.2186, 39.6765, 89.3095, 0
1745407064.285, 2.788, 2.435, -0.6300, -1.1393, -3.2345, 1.2165, 39.6297, 89.2562, 0
1745407064.364, 2.789, 2.435, -0.6260, -1.1393, -3.2389, 1.1888, 39.5913, 89.2620, 0
1745407064.444, 2.789, 2.438, -0.6219, -1.1391, -3.2433, 1.1106, 39.5123, 89.2982, 0
1745407064.523, 2.790, 2.452, -0.6179, -1.1393, -3.2479, 1.0591, 39.4299, 89.3517, 0
1745407064.603, 2.789, 2.460, -0.6145, -1.1392, -3.2520, 1.1057, 39.3778, 89.3558, 0
1745407064.683, 2.791, 2.468, -0.6108, -1.1388, -3.2561, 1.0787, 39.3082, 89.3654, 0
1745407064.762, 2.791, 2.468, -0.6071, -1.1391, -3.2604, 1.0559, 39.2714, 89.3770, 0
1745407064.842, 2.791, 2.472, -0.6032, -1.1393, -3.2650, 1.0434, 39.2653, 89.4088, 0
1745407064.922, 2.790, 2.473, -0.5993, -1.1391, -3.2696, 0.9782, 39.2131, 89.4496, 0
1745407065.001, 2.797, 2.487, -0.5953, -1.1389, -3.2739, 0.9436, 39.1255, 89.4636, 0
1745407065.081, 2.794, 2.490, -0.5920, -1.1391, -3.2781, 0.9539, 39.1360, 89.5053, 0
1745407065.161, 2.798, 2.490, -0.5884, -1.1390, -3.2822, 0.9472, 39.0701, 89.4470, 0
1745407065.240, 2.798, 2.503, -0.5853, -1.1390, -3.2862, 1.0066, 39.0655, 89.4553, 0
1745407065.320, 2.790, 2.510, -0.5820, -1.1390, -3.2904, 1.0533, 39.0108, 89.4113, 0
1745407065.400, 2.790, 2.514, -0.5784, -1.1388, -3.2947, 1.1021, 38.9769, 89.4301, 0
1745407065.479, 2.793, 2.522, -0.5747, -1.1387, -3.2994, 1.1237, 38.9258, 89.3757, 0
1745407065.559, 2.793, 2.522, -0.5709, -1.1387, -3.3039, 1.0715, 38.9160, 89.4964, 0
1745407065.638, 2.793, 2.528, -0.5675, -1.1386, -3.3077, 1.0371, 38.9153, 89.5749, 0
1745407065.718, 2.797, 2.530, -0.5644, -1.1387, -3.3112, 0.9940, 38.8157, 89.5873, 0
1745407065.798, 2.792, 2.543, -0.5614, -1.1385, -3.3150, 1.0236, 38.8043, 89.6015, 0
1745407065.877, 2.795, 2.543, -0.5580, -1.1383, -3.3192, 1.0136, 38.7517, 89.6027, 0
1745407065.957, 2.792, 2.543, -0.5545, -1.1383, -3.3235, 1.0217, 38.6809, 89.5927, 0
1745407066.036, 2.792, 2.552, -0.5505, -1.1382, -3.3282, 1.0138, 38.6433, 89.6159, 0
1745407066.116, 2.796, 2.561, -0.5461, -1.1383, -3.3334, 1.0018, 38.5811, 89.6284, 0
1745407066.196, 2.797, 2.568, -0.5418, -1.1383, -3.3383, 0.9863, 38.5152, 89.6450, 0
1745407066.276, 2.799, 2.568, -0.5378, -1.1385, -3.3431, 0.9467, 38.4639, 89.6846, 0
1745407066.355, 2.798, 2.570, -0.5343, -1.1384, -3.3475, 0.9413, 38.4261, 89.7090, 0
1745407066.435, 2.798, 2.586, -0.5305, -1.1382, -3.3517, 0.9013, 38.3824, 89.7307, 0
1745407066.514, 2.797, 2.592, -0.5272, -1.1382, -3.3561, 0.9417, 38.3822, 89.7240, 0
1745407066.594, 2.798, 2.594, -0.5236, -1.1381, -3.3605, 0.9861, 38.4093, 89.7493, 0
1745407066.674, 2.797, 2.594, -0.5203, -1.1381, -3.3650, 1.0903, 38.3399, 89.6458, 0
1745407066.753, 2.792, 2.606, -0.5166, -1.1379, -3.3695, 1.0886, 38.3124, 89.6951, 0
1745407066.833, 2.792, 2.613, -0.5128, -1.1380, -3.3740, 1.0865, 38.3178, 89.7154, 0
1745407066.913, 2.792, 2.613, -0.5089, -1.1380, -3.3791, 1.1014, 38.2630, 89.6797, 0
1745407066.992, 2.790, 2.626, -0.5047, -1.1378, -3.3839, 1.0835, 38.2670, 89.6855, 0
1745407067.072, 2.796, 2.626, -0.5011, -1.1379, -3.3888, 1.2135, 38.2407, 89.6350, 0
1745407067.152, 2.796, 2.634, -0.4981, -1.1374, -3.3927, 1.2898, 38.1992, 89.6041, 0
1745407067.231, 2.796, 2.640, -0.4942, -1.1378, -3.3976, 1.2118, 38.1889, 89.6199, 0
1745407067.311, 2.790, 2.646, -0.4892, -1.1376, -3.4029, 1.0876, 38.0814, 89.5984, 0
1745407067.391, 2.790, 2.648, -0.4846, -1.1375, -3.4082, 1.0110, 38.0098, 89.6461, 0
1745407067.470, 2.790, 2.648, -0.4803, -1.1375, -3.4131, 0.9596, 37.9032, 89.6634, 0
1745407067.550, 2.796, 2.662, -0.4763, -1.1375, -3.4179, 0.8837, 37.9228, 89.7472, 0
1745407067.629, 2.796, 2.675, -0.4718, -1.1375, -3.4233, 0.8452, 37.9162, 89.7342, 0
1745407067.709, 2.792, 2.683, -0.4665, -1.1372, -3.4293, 0.7689, 37.8974, 89.7478, 0
1745407067.789, 2.798, 2.684, -0.4609, -1.1372, -3.4361, 0.6905, 37.8782, 89.7847, 0
1745407067.868, 2.791, 2.684, -0.4552, -1.1374, -3.4431, 0.7047, 37.8680, 89.7452, 0
1745407067.948, 2.795, 2.701, -0.4497, -1.1376, -3.4503, 0.7145, 37.8263, 89.7070, 0
1745407068.147, 2.795, 2.724, -0.4371, -1.1369, -3.4665, 0.8991, 37.8119, 89.5850, 0
1745407068.227, 2.795, 2.736, -0.4323, -1.1370, -3.4726, 0.9547, 37.7874, 89.5317, 0
1745407068.306, 2.791, 2.741, -0.4289, -1.1370, -3.4773, 0.9722, 37.7440, 89.5007, 0
1745407068.386, 2.790, 2.754, -0.4277, -1.1368, -3.4786, 0.9905, 37.7449, 89.5000, 0
1745407068.466, 2.795, 2.754, -0.4277, -1.1371, -3.4787, 0.9954, 37.7513, 89.5034, 0
1745407068.545, 2.786, 2.755, -0.4277, -1.1369, -3.4786, 0.9947, 37.7478, 89.4984, 0
1745407068.625, 2.786, 2.755, -0.4277, -1.1368, -3.4786, 0.9925, 37.7489, 89.4956, 0
1745407068.705, 2.788, 2.761, -0.4278, -1.1368, -3.4786, 0.9885, 37.7493, 89.4935, 0
1745407068.784, 2.794, 2.753, -0.4276, -1.1370, -3.4786, 0.9828, 37.7374, 89.4938, 0
1745407068.864, 2.794, 2.753, -0.4277, -1.1369, -3.4786, 0.9922, 37.7396, 89.4765, 0
1745407068.944, 2.794, 2.757, -0.4276, -1.1369, -3.4786, 1.0098, 37.7457, 89.4648, 0
1745407069.023, 2.795, 2.761, -0.4277, -1.1369, -3.4787, 1.0112, 37.7478, 89.4568, 0
1745407069.103, 2.795, 2.752, -0.4277, -1.1369, -3.4786, 0.9976, 37.7453, 89.4665, 0
1745407069.182, 2.796, 2.762, -0.4277, -1.1370, -3.4786, 1.0093, 37.7438, 89.4522, 0
1745407069.262, 2.795, 2.762, -0.4277, -1.1369, -3.4786, 1.0157, 37.7501, 89.4424, 0
1745407069.342, 2.795, 2.761, -0.4279, -1.1369, -3.4786, 0.9924, 37.7488, 89.4619, 0
1745407069.421, 2.796, 2.760, -0.4277, -1.1368, -3.4786, 0.9845, 37.7436, 89.4575, 0
1745407069.501, 2.788, 2.760, -0.4277, -1.1369, -3.4786, 0.9901, 37.7400, 89.4584, 0
1745407069.581, 2.795, 2.757, -0.4278, -1.1369, -3.4786, 0.9763, 37.7388, 89.4736, 0
1745407069.660, 2.795, 2.757, -0.4277, -1.1370, -3.4786, 0.9775, 37.7433, 89.4636, 0
1745407069.740, 2.795, 2.759, -0.4278, -1.1369, -3.4785, 0.9710, 37.7291, 89.4706, 0
1745407069.820, 2.787, 2.760, -0.4278, -1.1369, -3.4784, 0.9789, 37.7361, 89.4581, 0
1745407069.899, 2.795, 2.760, -0.4279, -1.1368, -3.4785, 0.9937, 37.7375, 89.4406, 0
1745407069.979, 2.794, 2.752, -0.4279, -1.1371, -3.4786, 0.9536, 37.7541, 89.4907, 0
1745407070.059, 2.790, 2.752, -0.4278, -1.1369, -3.4785, 0.9454, 37.7453, 89.4998, 0
1745407070.138, 2.790, 2.760, -0.4279, -1.1368, -3.4785, 0.9651, 37.7466, 89.4855, 0
1745407070.218, 2.788, 2.752, -0.4278, -1.1369, -3.4786, 0.9616, 37.7409, 89.4892, 0
1745407070.298, 2.786, 2.760, -0.4279, -1.1368, -3.4785, 0.9663, 37.7407, 89.4911, 0
1745407070.377, 2.787, 2.760, -0.4279, -1.1368, -3.4786, 0.9723, 37.7459, 89.4768, 0
1745407070.457, 2.795, 2.760, -0.4279, -1.1368, -3.4785, 0.9864, 37.7490, 89.4575, 0
1745407070.537, 2.795, 2.753, -0.4281, -1.1368, -3.4782, 0.9901, 37.7590, 89.4490, 0
1745407070.616, 2.787, 2.761, -0.4294, -1.1369, -3.4764, 0.9635, 37.7625, 89.4770, 0
1745407070.696, 2.788, 2.752, -0.4320, -1.1368, -3.4733, 0.9618, 37.8332, 89.4640, 0
1745407070.776, 2.788, 2.752, -0.4357, -1.1371, -3.4684, 0.8931, 37.8748, 89.5565, 0
1745407070.855, 2.788, 2.752, -0.4403, -1.1374, -3.4623, 0.8207, 37.8406, 89.6006, 0
1745407070.935, 2.788, 2.750, -0.4456, -1.1372, -3.4556, 0.7703, 37.9974, 89.6865, 0
1745407071.014, 2.788, 2.740, -0.4507, -1.1373, -3.4491, 0.7058, 37.9900, 89.7114, 0
1745407071.094, 2.795, 2.731, -0.4553, -1.1373, -3.4436, 0.6991, 37.9923, 89.7280, 0
1745407071.174, 2.791, 2.731, -0.4595, -1.1373, -3.4380, 0.6933, 38.0751, 89.7540, 0
1745407071.253, 2.795, 2.719, -0.4640, -1.1373, -3.4327, 0.7456, 38.1205, 89.7383, 0
1745407071.333, 2.795, 2.712, -0.4684, -1.1372, -3.4275, 0.8023, 38.1847, 89.7220, 0
1745407071.413, 2.788, 2.697, -0.4731, -1.1372, -3.4223, 0.8930, 38.1958, 89.6508, 0
1745407071.492, 2.791, 2.696, -0.4779, -1.1369, -3.4165, 0.8939, 38.2531, 89.7030, 0
1745407071.572, 2.795, 2.696, -0.4829, -1.1369, -3.4105, 0.9532, 38.3707, 89.6680, 0
1745407071.652, 2.795, 2.685, -0.4882, -1.1372, -3.4047, 1.0705, 38.4085, 89.6057, 0
1745407071.731, 2.795, 2.666, -0.4935, -1.1374, -3.3989, 1.1898, 38.5087, 89.6023, 0
1745407071.811, 2.788, 2.664, -0.4984, -1.1375, -3.3934, 1.2578, 38.4842, 89.6152, 0
1745407071.890, 2.796, 2.648, -0.5028, -1.1374, -3.3873, 1.0943, 38.5532, 89.6742, 0
1745407071.970, 2.796, 2.648, -0.5074, -1.1377, -3.3812, 1.0522, 38.5810, 89.6860, 0
1745407072.050, 2.796, 2.643, -0.5122, -1.1378, -3.3756, 1.0623, 38.5470, 89.7011, 0
1745407072.130, 2.796, 2.636, -0.5167, -1.1376, -3.3701, 1.0869, 38.5194, 89.6816, 0
1745407072.209, 2.797, 2.626, -0.5210, -1.1380, -3.3650, 1.0812, 38.5523, 89.6526, 0
1745407072.289, 2.788, 2.620, -0.5252, -1.1381, -3.3596, 1.0511, 38.6115, 89.6505, 0
1745407072.368, 2.792, 2.620, -0.5294, -1.1379, -3.3541, 0.9979, 38.6968, 89.6509, 0
1745407072.448, 2.791, 2.606, -0.5341, -1.1382, -3.3488, 0.9914, 38.7706, 89.6490, 0
1745407072.528, 2.791, 2.603, -0.5385, -1.1380, -3.3433, 0.9588, 38.7685, 89.6719, 0
1745407072.607, 2.797, 2.590, -0.5434, -1.1380, -3.3377, 1.0322, 38.8297, 89.6515, 0
1745407072.687, 2.791, 2.581, -0.5482, -1.1383, -3.3323, 1.0279, 38.8884, 89.6304, 0
1745407072.767, 2.792, 2.581, -0.5529, -1.1381, -3.3264, 1.0116, 38.9248, 89.6238, 0
1745407072.846, 2.791, 2.577, -0.5577, -1.1380, -3.3204, 0.9415, 38.9653, 89.6538, 0
1745407072.926, 2.791, 2.561, -0.5627, -1.1382, -3.3144, 0.9245, 38.9176, 89.6370, 0
1745407073.005, 2.796, 2.551, -0.5674, -1.1384, -3.3086, 0.9288, 38.8581, 89.6325, 0
1745407073.085, 2.797, 2.544, -0.5723, -1.1385, -3.3032, 1.0343, 38.8232, 89.5027, 0
1745407073.165, 2.792, 2.544, -0.5767, -1.1384, -3.2980, 1.0637, 38.8000, 89.4166, 0
1745407073.244, 2.791, 2.533, -0.5808, -1.1387, -3.2927, 1.0034, 38.8257, 89.4663, 0
1745407073.324, 2.791, 2.530, -0.5851, -1.1388, -3.2875, 0.9734, 38.8681, 89.4513, 0
1745407073.404, 2.790, 2.517, -0.5895, -1.1384, -3.2820, 0.9615, 38.8557, 89.4765, 0
1745407073.483, 2.798, 2.510, -0.5941, -1.1389, -3.2767, 0.9622, 38.8553, 89.4826, 0
1745407073.563, 2.796, 2.510, -0.5989, -1.1390, -3.2711, 0.9992, 38.9014, 89.4548, 0
1745407073.643, 2.797, 2.506, -0.6038, -1.1388, -3.2654, 1.1004, 38.9261, 89.3979, 0
1745407073.722, 2.797, 2.490, -0.6085, -1.1388, -3.2600, 1.1065, 38.8991, 89.3568, 0
1745407073.802, 2.797, 2.487, -0.6134, -1.1389, -3.2541, 1.0873, 38.9601, 89.3613, 0
1745407073.882, 2.791, 2.476, -0.6181, -1.1390, -3.2484, 1.0076, 39.1092, 89.4302, 0
1745407073.961, 2.793, 2.476, -0.6232, -1.1388, -3.2428, 1.1250, 39.1144, 89.2850, 0
1745407074.041, 2.797, 2.464, -0.6283, -1.1390, -3.2371, 1.2353, 39.1123, 89.2665, 0
1745407074.120, 2.797, 2.455, -0.6329, -1.1390, -3.2315, 1.2179, 39.1121, 89.2672, 0
1745407074.200, 2.789, 2.446, -0.6377, -1.1392, -3.2254, 1.1189, 39.1448, 89.3480, 0
1745407074.280, 2.792, 2.440, -0.6425, -1.1393, -3.2194, 1.1017, 39.1244, 89.3494, 0
1745407074.359, 2.792, 2.440, -0.6478, -1.1393, -3.2133, 1.0992, 39.1267, 89.3450, 0
1745407074.439, 2.797, 2.429, -0.6533, -1.1395, -3.2069, 1.1529, 39.0926, 89.3115, 0
1745407074.519, 2.797, 2.424, -0.6587, -1.1394, -3.2003, 1.1475, 39.1151, 89.3555, 0
1745407074.598, 2.792, 2.407, -0.6640, -1.1392, -3.1943, 1.2359, 39.1154, 89.2839, 0
1745407074.678, 2.797, 2.407, -0.6691, -1.1395, -3.1882, 1.2387, 39.1980, 89.2524, 0
1745407074.757, 2.798, 2.407, -0.6744, -1.1395, -3.1819, 1.2032, 39.2237, 89.2974, 0
1745407074.837, 2.798, 2.386, -0.6798, -1.1393, -3.1756, 1.2555, 39.2881, 89.2817, 0
1745407074.917, 2.798, 2.380, -0.6855, -1.1390, -3.1691, 1.2428, 39.3938, 89.2382, 0
1745407074.996, 2.798, 2.367, -0.6909, -1.1396, -3.1624, 1.1879, 39.4549, 89.3018, 0
1745407075.076, 2.797, 2.367, -0.6965, -1.1397, -3.1554, 1.0904, 39.4890, 89.3529, 0
1745407075.156, 2.791, 2.367, -0.7021, -1.1397, -3.1487, 1.0203, 39.4697, 89.4351, 0
1745407075.235, 2.791, 2.344, -0.7075, -1.1397, -3.1421, 1.0888, 39.5222, 89.3933, 0
1745407075.315, 2.797, 2.337, -0.7125, -1.1399, -3.1362, 1.0497, 39.5447, 89.3907, 0
1745407075.395, 2.791, 2.328, -0.7176, -1.1400, -3.1301, 1.0410, 39.6047, 89.4181, 0
1745407075.474, 2.797, 2.314, -0.7225, -1.1403, -3.1241, 0.9811, 39.6278, 89.4608, 0
1745407075.554, 2.792, 2.314, -0.7278, -1.1403, -3.1178, 0.9297, 39.5702, 89.5486, 0
1745407075.634, 2.792, 2.304, -0.7334, -1.1401, -3.1114, 1.0174, 39.5646, 89.5224, 0
1745407075.713, 2.792, 2.297, -0.7393, -1.1401, -3.1049, 1.1009, 39.5874, 89.4950, 0
1745407075.793, 2.792, 2.286, -0.7450, -1.1401, -3.0983, 1.1758, 39.5694, 89.4698, 0
1745407075.873, 2.799, 2.276, -0.7508, -1.1403, -3.0916, 1.1716, 39.6979, 89.4911, 0
1745407075.952, 2.798, 2.276, -0.7569, -1.1404, -3.0848, 1.1866, 39.7884, 89.5059, 0
1745407076.032, 2.798, 2.263, -0.7628, -1.1402, -3.0783, 1.3571, 39.7645, 89.4348, 0
1745407076.112, 2.798, 2.252, -0.7686, -1.1406, -3.0719, 1.3968, 39.7364, 89.4238, 0
1745407076.191, 2.796, 2.242, -0.7741, -1.1406, -3.0648, 1.2333, 39.7540, 89.6582, 0
1745407076.271, 2.790, 2.227, -0.7803, -1.1410, -3.0577, 1.2175, 39.8340, 89.7716, 0
1745407076.350, 2.789, 2.227, -0.7860, -1.1412, -3.0512, 1.2138, 39.8321, 89.8070, 0
1745407076.430, 2.789, 2.218, -0.7914, -1.1411, -3.0450, 1.2504, 39.7488, 89.8260, 0
1745407076.510, 2.789, 2.206, -0.7967, -1.1410, -3.0390, 1.2783, 39.8034, 89.8797, 0
1745407076.589, 2.797, 2.196, -0.8020, -1.1409, -3.0329, 1.3155, 39.8381, 89.8776, 0
1745407076.669, 2.790, 2.186, -0.8070, -1.1410, -3.0269, 1.3016, 39.8534, 89.8776, 0
1745407076.749, 2.789, 2.186, -0.8125, -1.1411, -3.0204, 1.2403, 39.8996, 89.9386, 0
1745407076.828, 2.789, 2.177, -0.8184, -1.1412, -3.0138, 1.2901, 39.9751, 89.8858, 0
1745407076.908, 2.789, 2.165, -0.8244, -1.1413, -3.0067, 1.2681, 40.0589, 89.9111, 0
1745407076.988, 2.788, 2.156, -0.8303, -1.1416, -2.9997, 1.1730, 40.1024, 89.9781, 0
1745407077.067, 2.795, 2.156, -0.8361, -1.1418, -2.9927, 1.0513, 40.0965, 90.0435, 0
1745407077.147, 2.794, 2.143, -0.8422, -1.1419, -2.9856, 1.0377, 40.0851, 90.0679, 0
1745407077.227, 2.794, 2.129, -0.8477, -1.1420, -2.9791, 1.0467, 40.1837, 90.0543, 0
1745407077.306, 2.797, 2.120, -0.8529, -1.1421, -2.9730, 1.0531, 40.2578, 90.0319, 0
1745407077.386, 2.785, 2.109, -0.8581, -1.1422, -2.9671, 1.0144, 40.3328, 90.0595, 0
1745407077.465, 2.784, 2.109, -0.8632, -1.1425, -2.9615, 1.0451, 40.2739, 89.9338, 0
1745407077.545, 2.786, 2.101, -0.8687, -1.1425, -2.9551, 1.0935, 40.1853, 89.9222, 0
1745407077.625, 2.786, 2.089, -0.8741, -1.1427, -2.9490, 1.1693, 40.1809, 89.9167, 0
1745407077.704, 2.792, 2.078, -0.8800, -1.1428, -2.9427, 1.2777, 40.2177, 89.8408, 0
1745407077.784, 2.787, 2.066, -0.8859, -1.1430, -2.9362, 1.2866, 40.2537, 89.8484, 0
1745407077.864, 2.796, 2.066, -0.8916, -1.1429, -2.9293, 1.1775, 40.3651, 89.9309, 0
1745407077.943, 2.790, 2.054, -0.8978, -1.1433, -2.9226, 1.3575, 40.3700, 89.8496, 0
1745407078.023, 2.790, 2.044, -0.9042, -1.1434, -2.9161, 1.5429, 40.3475, 89.7921, 0
1745407078.103, 2.793, 2.032, -0.9099, -1.1436, -2.9092, 1.3468, 40.4097, 89.9396, 0
1745407078.182, 2.791, 2.022, -0.9157, -1.1439, -2.9022, 1.2615, 40.4014, 90.0264, 0
1745407078.262, 2.791, 2.022, -0.9214, -1.1439, -2.8956, 1.2329, 40.3528, 90.1036, 0
1745407078.342, 2.793, 2.011, -0.9270, -1.1440, -2.8892, 1.2333, 40.3393, 90.1473, 0
1745407078.421, 2.793, 2.000, -0.9326, -1.1443, -2.8832, 1.3002, 40.3328, 90.1156, 0
1745407078.501, 2.788, 1.991, -0.9380, -1.1444, -2.8769, 1.3337, 40.2959, 90.0901, 0
1745407078.581, 2.788, 1.979, -0.9434, -1.1443, -2.8707, 1.3742, 40.2913, 90.0440, 0
1745407078.660, 2.795, 1.979, -0.9488, -1.1443, -2.8643, 1.3262, 40.3163, 90.0594, 0
1745407078.740, 2.797, 1.970, -0.9545, -1.1446, -2.8580, 1.3046, 40.3646, 90.0857, 0
1745407078.820, 2.797, 1.958, -0.9603, -1.1450, -2.8515, 1.3265, 40.4329, 90.0404, 0
1745407078.899, 2.794, 1.948, -0.9666, -1.1449, -2.8442, 1.2891, 40.5035, 90.1010, 0
1745407078.979, 2.792, 1.936, -0.9728, -1.1453, -2.8366, 1.1726, 40.5716, 90.1856, 0
1745407079.059, 2.791, 1.936, -0.9790, -1.1453, -2.8293, 1.0887, 40.5496, 90.2672, 0
1745407079.138, 2.797, 1.926, -0.9851, -1.1455, -2.8223, 1.1019, 40.6249, 90.2635, 0
1745407079.218, 2.797, 1.911, -0.9907, -1.1458, -2.8161, 1.1822, 40.6564, 90.1451, 0
1745407079.298, 2.810, 1.901, -0.9962, -1.1460, -2.8099, 1.1565, 40.7030, 90.1832, 0
1745407079.377, 2.815, 1.890, -1.0015, -1.1462, -2.8038, 1.1511, 40.6950, 90.2405, 0
1745407079.457, 2.813, 1.890, -1.0068, -1.1463, -2.7976, 1.1328, 40.6079, 90.2908, 0
1745407079.536, 2.814, 1.879, -1.0123, -1.1463, -2.7916, 1.2004, 40.6254, 90.2658, 0
1745407079.616, 2.814, 1.869, -1.0180, -1.1466, -2.7853, 1.2677, 40.6362, 90.2302, 0
1745407079.696, 2.813, 1.859, -1.0240, -1.1472, -2.7790, 1.2743, 40.7110, 90.1865, 0
1745407079.775, 2.813, 1.849, -1.0301, -1.1470, -2.7719, 1.2029, 40.8438, 90.2212, 0
1745407079.855, 2.817, 1.849, -1.0367, -1.1471, -2.7649, 1.3280, 40.8941, 90.1454, 0
1745407079.935, 2.818, 1.837, -1.0430, -1.1476, -2.7582, 1.4259, 40.9199, 90.0870, 0
1745407080.014, 2.818, 1.824, -1.0489, -1.1480, -2.7514, 1.2526, 40.9574, 90.1863, 0
1745407080.094, 2.811, 1.815, -1.0546, -1.1476, -2.7446, 1.1971, 40.9308, 90.2419, 0
1745407080.173, 2.809, 1.801, -1.0603, -1.1478, -2.7380, 1.1724, 40.8971, 90.2697, 0
1745407080.253, 2.811, 1.801, -1.0660, -1.1479, -2.7318, 1.2085, 40.8575, 90.2299, 0
1745407080.333, 2.811, 1.791, -1.0716, -1.1480, -2.7256, 1.2568, 40.8588, 90.1769, 0
1745407080.413, 2.816, 1.780, -1.0773, -1.1483, -2.7195, 1.3151, 40.8618, 90.1275, 0
1745407080.492, 2.810, 1.769, -1.0830, -1.1485, -2.7132, 1.3457, 40.8601, 90.0968, 0
1745407080.572, 2.815, 1.758, -1.0883, -1.1487, -2.7070, 1.2659, 40.8909, 90.1368, 0
1745407080.651, 2.814, 1.758, -1.0941, -1.1489, -2.7008, 1.3612, 40.9022, 90.0454, 0
1745407080.731, 2.814, 1.747, -1.1000, -1.1490, -2.6942, 1.3603, 41.0160, 89.9742, 0
1745407080.811, 2.814, 1.740, -1.1062, -1.1490, -2.6872, 1.3369, 41.0390, 89.9839, 0
1745407080.890, 2.808, 1.727, -1.1125, -1.1495, -2.6797, 1.1671, 41.0852, 90.1023, 0
1745407080.970, 2.807, 1.714, -1.1184, -1.1497, -2.6726, 1.1107, 41.0296, 90.1864, 0
1745407081.050, 2.814, 1.714, -1.1246, -1.1496, -2.6658, 1.1121, 41.0904, 90.1856, 0
1745407081.129, 2.814, 1.703, -1.1301, -1.1500, -2.6597, 1.2079, 41.1228, 90.0816, 0
1745407081.209, 2.808, 1.691, -1.1353, -1.1502, -2.6538, 1.1450, 41.1554, 90.1505, 0
1745407081.288, 2.814, 1.683, -1.1390, -1.1501, -2.6494, 1.1062, 41.1387, 90.2167, 0
1745407081.368, 2.806, 1.671, -1.1397, -1.1503, -2.6487, 1.1169, 41.1602, 90.1968, 0
1745407081.448, 2.815, 1.671, -1.1395, -1.1503, -2.6489, 1.1609, 41.1899, 90.1522, 0
1745407081.527, 2.815, 1.667, -1.1395, -1.1503, -2.6489, 1.1649, 41.1825, 90.1405, 0
1745407081.607, 2.813, 1.668, -1.1396, -1.1502, -2.6489, 1.1679, 41.1787, 90.1409, 0
1745407081.687, 2.813, 1.668, -1.1396, -1.1503, -2.6489, 1.1826, 41.1836, 90.1139, 0
1745407081.766, 2.808, 1.668, -1.1394, -1.1503, -2.6488, 1.1865, 41.1827, 90.1205, 0
1745407081.846, 2.807, 1.668, -1.1395, -1.1503, -2.6488, 1.1868, 41.1908, 90.1142, 0
1745407081.926, 2.807, 1.668, -1.1395, -1.1503, -2.6489, 1.1998, 41.1885, 90.1070, 0
1745407082.005, 2.814, 1.668, -1.1395, -1.1503, -2.6489, 1.1997, 41.1859, 90.1053, 0
1745407082.085, 2.814, 1.668, -1.1394, -1.1504, -2.6489, 1.2024, 41.1824, 90.1027, 0
1745407082.165, 2.813, 1.668, -1.1395, -1.1503, -2.6489, 1.2093, 41.1814, 90.0995, 0
1745407082.244, 2.808, 1.668, -1.1394, -1.1504, -2.6489, 1.2011, 41.1866, 90.1050, 0
1745407082.324, 2.808, 1.667, -1.1395, -1.1503, -2.6489, 1.2115, 41.1860, 90.1045, 0
1745407082.404, 2.808, 1.667, -1.1395, -1.1504, -2.6489, 1.2082, 41.1858, 90.1083, 0
1745407082.483, 2.815, 1.668, -1.1395, -1.1504, -2.6489, 1.2049, 41.1836, 90.1227, 0
1745407082.563, 2.814, 1.668, -1.1394, -1.1503, -2.6489, 1.2042, 41.1854, 90.1215, 0
1745407082.643, 2.808, 1.667, -1.1394, -1.1503, -2.6489, 1.2047, 41.1780, 90.1236, 0
1745407082.722, 2.808, 1.668, -1.1395, -1.1503, -2.6489, 1.2041, 41.1786, 90.1138, 0
1745407082.802, 2.808, 1.667, -1.1394, -1.1504, -2.6489, 1.2098, 41.1741, 90.1041, 0
1745407082.881, 2.814, 1.668, -1.1394, -1.1504, -2.6489, 1.2119, 41.1815, 90.1008, 0
1745407082.961, 2.814, 1.668, -1.1393, -1.1504, -2.6489, 1.2116, 41.1858, 90.1019, 0
1745407083.041, 2.814, 1.669, -1.1394, -1.1503, -2.6489, 1.2066, 41.1858, 90.1038, 0
1745407083.120, 2.814, 1.667, -1.1394, -1.1504, -2.6489, 1.1996, 41.1898, 90.1095, 0
1745407083.200, 2.807, 1.668, -1.1394, -1.1504, -2.6489, 1.1999, 41.1948, 90.1170, 0
1745407083.280, 2.814, 1.668, -1.1393, -1.1504, -2.6489, 1.1965, 41.1991, 90.1198, 0
1745407083.359, 2.809, 1.668, -1.1394, -1.1504, -2.6489, 1.1989, 41.1904, 90.1168, 0
1745407083.439, 2.808, 1.668, -1.1393, -1.1504, -2.6489, 1.1889, 41.1894, 90.1197, 0
1745407083.519, 2.808, 1.668, -1.1394, -1.1504, -2.6489, 1.1947, 41.1865, 90.1108, 0
1745407083.598, 2.814, 1.667, -1.1393, -1.1504, -2.6489, 1.1903, 41.1924, 90.1186, 0
1745407083.678, 2.813, 1.668, -1.1393, -1.1504, -2.6488, 1.1878, 41.1900, 90.1228, 0
1745407083.758, 2.807, 1.668, -1.1393, -1.1504, -2.6489, 1.1995, 41.1871, 90.1210, 0
1745407083.837, 2.813, 1.669, -1.1394, -1.1505, -2.6489, 1.1898, 41.1930, 90.1316, 0
1745407083.917, 2.813, 1.669, -1.1393, -1.1504, -2.6489, 1.1892, 41.1953, 90.1304, 0
1745407083.996, 2.814, 1.668, -1.1393, -1.1504, -2.6489, 1.1917, 41.1886, 90.1106, 0
1745407084.076, 2.813, 1.668, -1.1392, -1.1505, -2.6489, 1.1919, 41.1872, 90.1097, 0
1745407084.156, 2.808, 1.668, -1.1393, -1.1505, -2.6490, 1.1948, 41.1875, 90.1013, 0
1745407084.235, 2.808, 1.668, -1.1393, -1.1504, -2.6489, 1.1917, 41.1878, 90.0964, 0
1745407084.315, 2.808, 1.668, -1.1393, -1.1505, -2.6489, 1.1949, 41.1883, 90.1035, 0
1745407084.395, 2.813, 1.667, -1.1393, -1.1505, -2.6489, 1.1965, 41.1856, 90.0998, 0
1745407084.474, 2.808, 1.667, -1.1393, -1.1505, -2.6489, 1.1903, 41.1854, 90.1062, 0
1745407084.554, 2.808, 1.667, -1.1393, -1.1504, -2.6489, 1.1952, 41.1892, 90.1047, 0
1745407084.634, 2.814, 1.667, -1.1393, -1.1505, -2.6489, 1.1866, 41.1929, 90.1071, 0
1745407084.713, 2.814, 1.668, -1.1392, -1.1504, -2.6489, 1.1866, 41.1969, 90.1154, 0
1745407084.793, 2.814, 1.668, -1.1392, -1.1505, -2.6489, 1.1956, 41.1958, 90.1108, 0
1745407084.872, 2.808, 1.669, -1.1393, -1.1505, -2.6489, 1.1894, 41.1958, 90.1149, 0
1745407084.952, 2.808, 1.669, -1.1392, -1.1504, -2.6489, 1.1866, 41.2030, 90.1222, 0
1745407085.032, 2.807, 1.668, -1.1394, -1.1505, -2.6489, 1.1869, 41.1997, 90.1181, 0
1745407085.112, 2.807, 1.669, -1.1393, -1.1505, -2.6489, 1.1795, 41.2026, 90.1158, 0
1745407085.191, 2.813, 1.669, -1.1392, -1.1505, -2.6490, 1.1800, 41.1949, 90.1051, 0
1745407085.271, 2.806, 1.668, -1.1392, -1.1505, -2.6489, 1.1901, 41.1947, 90.1024, 0
1745407085.350, 2.807, 1.668, -1.1392, -1.1505, -2.6489, 1.1931, 41.1953, 90.0962, 0
1745407085.430, 2.808, 1.668, -1.1392, -1.1505, -2.6489, 1.1927, 41.1958, 90.0986, 0
1745407085.510, 2.808, 1.668, -1.1392, -1.1505, -2.6489, 1.1945, 41.1896, 90.1031, 0
1745407085.589, 2.814, 1.669, -1.1392, -1.1505, -2.6490, 1.2016, 41.1934, 90.1001, 0
1745407085.669, 2.808, 1.667, -1.1392, -1.1506, -2.6489, 1.1920, 41.1908, 90.1025, 0
1745407085.749, 2.808, 1.667, -1.1383, -1.1505, -2.6499, 1.2008, 41.1380, 90.0933, 0
1745407085.828, 2.808, 1.667, -1.1361, -1.1505, -2.6525, 1.2128, 41.1330, 90.0828, 0
1745407085.908, 2.808, 1.668, -1.1321, -1.1502, -2.6570, 1.2386, 40.9868, 90.0689, 0
1745407085.987, 2.814, 1.671, -1.1268, -1.1503, -2.6628, 1.2774, 40.8528, 90.0446, 0
1745407086.067, 2.807, 1.681, -1.1212, -1.1501, -2.6693, 1.2960, 40.7491, 90.0661, 0
1745407086.147, 2.815, 1.681, -1.1153, -1.1499, -2.6759, 1.2683, 40.6490, 90.0211, 0
1745407086.226, 2.815, 1.690, -1.1099, -1.1498, -2.6823, 1.3586, 40.5520, 89.9505, 0
1745407086.306, 2.809, 1.702, -1.1046, -1.1494, -2.6885, 1.4127, 40.4367, 89.9019, 0
1745407086.386, 2.808, 1.711, -1.0993, -1.1496, -2.6948, 1.4544, 40.3433, 89.8993, 0
1745407086.467, 2.814, 1.722, -1.0932, -1.1491, -2.7014, 1.4213, 40.2818, 89.9641, 0
1745407086.545, 2.814, 1.722, -1.0871, -1.1489, -2.7081, 1.3569, 40.2646, 90.0461, 0
1745407086.625, 2.814, 1.732, -1.0810, -1.1488, -2.7153, 1.3729, 40.2645, 90.0692, 0
1745407086.704, 2.815, 1.744, -1.0747, -1.1485, -2.7224, 1.3269, 40.2210, 90.1024, 0
1745407086.784, 2.810, 1.758, -1.0684, -1.1489, -2.7294, 1.2269, 40.2063, 90.1875, 0
1745407086.864, 2.810, 1.767, -1.0622, -1.1481, -2.7364, 1.1977, 40.1215, 90.2084, 0
1745407086.943, 2.809, 1.767, -1.0562, -1.1483, -2.7431, 1.1775, 40.0268, 90.2141, 0
1745407087.023, 2.809, 1.778, -1.0506, -1.1481, -2.7496, 1.2109, 39.8941, 90.2248, 0
1745407087.103, 2.811, 1.792, -1.0453, -1.1477, -2.7564, 1.3404, 39.8390, 90.1753, 0
1745407087.182, 2.816, 1.801, -1.0395, -1.1476, -2.7629, 1.3076, 39.7271, 90.1747, 0
1745407087.262, 2.816, 1.815, -1.0331, -1.1470, -2.7696, 1.1547, 39.5966, 90.2748, 0
1745407087.342, 2.811, 1.815, -1.0271, -1.1467, -2.7768, 1.2417, 39.5007, 90.2857, 0
1745407087.421, 2.811, 1.825, -1.0207, -1.1468, -2.7843, 1.2575, 39.3979, 90.2251, 0
1745407087.501, 2.810, 1.838, -1.0144, -1.1471, -2.7916, 1.1784, 39.3379, 90.2748, 0
1745407087.580, 2.812, 1.849, -1.0079, -1.1468, -2.7990, 1.1293, 39.2944, 90.3103, 0
1745407087.660, 2.817, 1.860, -1.0017, -1.1464, -2.8069, 1.1754, 39.2302, 90.1806, 0
1745407087.740, 2.817, 1.860, -0.9949, -1.1466, -2.8149, 1.2050, 39.0819, 90.0969, 0
1745407087.819, 2.817, 1.874, -0.9879, -1.1472, -2.8236, 1.2120, 39.0365, 90.1440, 0
1745407087.899, 2.812, 1.885, -0.9807, -1.1459, -2.8322, 1.2011, 38.9410, 90.1715, 0
1745407087.979, 2.812, 1.900, -0.9731, -1.1455, -2.8415, 1.3080, 38.8316, 90.0417, 0
1745407088.058, 2.812, 1.900, -0.9658, -1.1456, -2.8507, 1.4257, 38.7321, 90.0062, 0
1745407088.138, 2.811, 1.914, -0.9578, -1.1450, -2.8602, 1.3926, 38.6440, 90.0348, 0
1745407088.218, 2.811, 1.930, -0.9497, -1.1449, -2.8701, 1.4586, 38.5615, 89.9981, 0
1745407088.297, 2.816, 1.945, -0.9418, -1.1447, -2.8795, 1.3908, 38.5682, 90.0455, 0
1745407088.377, 2.817, 1.960, -0.9338, -1.1448, -2.8891, 1.3641, 38.5056, 90.0286, 0
1745407088.457, 2.809, 1.960, -0.9259, -1.1445, -2.8986, 1.2938, 38.4522, 90.0469, 0
1745407088.536, 2.816, 1.975, -0.9186, -1.1441, -2.9076, 1.2691, 38.3591, 90.0487, 0
1745407088.616, 2.816, 1.994, -0.9115, -1.1436, -2.9169, 1.4256, 38.2110, 89.9635, 0
1745407088.695, 2.812, 2.008, -0.9039, -1.1433, -2.9257, 1.3260, 38.1245, 89.9342, 0
1745407088.775, 2.807, 2.022, -0.8955, -1.1437, -2.9353, 1.1695, 37.9991, 90.0164, 0
1745407088.855, 2.797, 2.022, -0.8881, -1.1427, -2.9447, 1.2622, 37.8385, 89.9138, 0
1745407088.934, 2.791, 2.036, -0.8803, -1.1430, -2.9545, 1.1585, 37.7901, 89.9396, 0
1745407089.014, 2.791, 2.050, -0.8721, -1.1429, -2.9645, 1.1135, 37.7254, 89.9053, 0
1745407089.094, 2.793, 2.067, -0.8642, -1.1431, -2.9736, 1.0395, 37.6855, 90.0408, 0
1745407089.173, 2.782, 2.085, -0.8575, -1.1427, -2.9827, 1.1218, 37.5632, 89.9872, 0
1745407089.253, 2.781, 2.085, -0.8503, -1.1425, -2.9919, 1.1416, 37.4382, 89.9924, 0
1745407089.333, 2.784, 2.101, -0.8433, -1.1420, -3.0012, 1.2068, 37.3818, 89.9350, 0
1745407089.412, 2.784, 2.115, -0.8360, -1.1415, -3.0107, 1.2269, 37.2315, 89.9158, 0
1745407089.492, 2.791, 2.130, -0.8284, -1.1412, -3.0203, 1.3050, 37.1273, 89.8734, 0
1745407089.572, 2.783, 2.144, -0.8205, -1.1416, -3.0300, 1.1634, 37.0254, 89.9785, 0
1745407089.651, 2.784, 2.144, -0.8129, -1.1414, -3.0399, 1.2616, 36.9974, 89.9369, 0
1745407089.731, 2.783, 2.161, -0.8049, -1.1414, -3.0500, 1.1747, 36.9684, 89.9204, 0
1745407089.810, 2.783, 2.178, -0.7966, -1.1417, -3.0604, 1.1414, 36.8171, 89.8761, 0
1745407089.890, 2.788, 2.194, -0.7884, -1.1410, -3.0713, 1.1740, 36.7464, 89.7832, 0
1745407089.970, 2.790, 2.211, -0.7797, -1.1405, -3.0828, 1.2412, 36.5475, 89.6496, 0
1745407090.050, 2.781, 2.211, -0.7708, -1.1408, -3.0938, 1.0812, 36.4998, 89.6361, 0
1745407090.129, 2.786, 2.228, -0.7619, -1.1403, -3.1055, 1.0596, 36.2984, 89.6089, 0
1745407090.209, 2.786, 2.248, -0.7518, -1.1404, -3.1182, 0.9383, 36.2376, 89.6383, 0
1745407090.290, 2.782, 2.264, -0.7414, -1.1402, -3.1314, 0.8142, 36.1595, 89.5876, 0
1745407090.368, 2.787, 2.284, -0.7322, -1.1404, -3.1440, 0.8792, 35.9822, 89.5158, 0
1745407090.448, 2.780, 2.284, -0.7228, -1.1404, -3.1568, 1.0007, 35.9589, 89.5007, 0
1745407090.528, 2.779, 2.308, -0.7140, -1.1403, -3.1690, 1.0528, 35.8411, 89.4409, 0
1745407090.607, 2.779, 2.326, -0.7055, -1.1401, -3.1807, 1.1167, 35.7379, 89.3649, 0
1745407090.687, 2.779, 2.348, -0.6964, -1.1400, -3.1924, 1.0651, 35.6061, 89.4480, 0
1745407090.766, 2.778, 2.368, -0.6873, -1.1402, -3.2044, 0.9948, 35.6065, 89.4892, 0
1745407090.846, 2.783, 2.368, -0.6781, -1.1401, -3.2169, 0.9967, 35.5231, 89.4380, 0
1745407090.925, 2.777, 2.379, -0.6687, -1.1397, -3.2293, 0.8908, 35.4384, 89.5447, 0
1745407091.005, 2.777, 2.401, -0.6594, -1.1397, -3.2420, 0.8955, 35.3684, 89.5697, 0
1745407091.085, 2.780, 2.421, -0.6504, -1.1396, -3.2545, 0.9979, 35.2746, 89.4457, 0
1745407091.165, 2.774, 2.446, -0.6415, -1.1393, -3.2663, 0.8868, 35.0817, 89.5421, 0
1745407091.244, 2.778, 2.446, -0.6326, -1.1394, -3.2785, 0.9016, 34.9047, 89.5355, 0
1745407091.324, 2.778, 2.463, -0.6235, -1.1393, -3.2905, 0.8258, 34.8050, 89.5930, 0
1745407091.403, 2.778, 2.477, -0.6147, -1.1390, -3.3030, 0.8442, 34.6727, 89.5860, 0
1745407091.483, 2.772, 2.496, -0.6061, -1.1394, -3.3154, 0.8607, 34.6287, 89.6324, 0
1745407091.562, 2.772, 2.516, -0.5975, -1.1393, -3.3273, 0.8227, 34.5149, 89.7146, 0
1745407091.642, 2.777, 2.516, -0.5892, -1.1390, -3.3393, 0.8910, 34.3860, 89.6946, 0
1745407091.722, 2.777, 2.540, -0.5805, -1.1392, -3.3515, 0.9428, 34.3194, 89.6418, 0
1745407091.801, 2.775, 2.553, -0.5721, -1.1388, -3.3636, 0.9827, 34.2221, 89.6841, 0
1745407091.881, 2.770, 2.572, -0.5633, -1.1390, -3.3758, 0.9711, 34.1626, 89.7963, 0
1745407091.961, 2.773, 2.591, -0.5545, -1.1386, -3.3885, 1.0257, 34.2001, 89.7931, 0
1745407092.040, 2.765, 2.591, -0.5451, -1.1383, -3.4015, 1.0184, 34.2145, 89.7930, 0
1745407092.120, 2.765, 2.615, -0.5369, -1.1383, -3.4143, 1.1764, 34.1803, 89.6308, 0
1745407092.200, 2.763, 2.629, -0.5276, -1.1383, -3.4264, 0.9933, 33.9835, 89.6645, 0
1745407092.279, 2.762, 2.652, -0.5189, -1.1379, -3.4382, 0.8695, 33.8999, 89.7685, 0
1745407092.359, 2.766, 2.674, -0.5102, -1.1374, -3.4501, 0.8157, 33.8858, 89.7956, 0
1745407092.439, 2.762, 2.674, -0.5011, -1.1377, -3.4625, 0.7265, 33.9064, 89.8130, 0
1745407092.518, 2.762, 2.685, -0.4920, -1.1379, -3.4757, 0.7088, 33.8594, 89.6799, 0
1745407092.598, 2.760, 2.712, -0.4834, -1.1378, -3.4884, 0.7761, 33.7194, 89.6041, 0
1745407092.677, 2.762, 2.725, -0.4750, -1.1372, -3.5005, 0.8175, 33.6111, 89.6271, 0
1745407092.757, 2.756, 2.753, -0.4667, -1.1371, -3.5132, 0.9709, 33.5340, 89.5455, 0
1745407092.837, 2.760, 2.753, -0.4600, -1.1374, -3.5232, 0.9616, 33.4456, 89.5314, 0
1745407092.916, 2.760, 2.769, -0.4576, -1.1373, -3.5266, 0.9580, 33.4193, 89.5522, 0
1745407092.996, 2.756, 2.780, -0.4581, -1.1374, -3.5258, 0.9750, 33.4292, 89.5550, 0
1745407093.076, 2.758, 2.792, -0.4585, -1.1375, -3.5254, 0.9880, 33.4460, 89.5461, 0
1745407093.155, 2.753, 2.783, -0.4585, -1.1372, -3.5252, 0.9789, 33.4411, 89.5474, 0
1745407093.235, 2.757, 2.783, -0.4586, -1.1373, -3.5253, 0.9795, 33.4395, 89.5448, 0
1745407093.315, 2.757, 2.790, -0.4586, -1.1374, -3.5254, 0.9741, 33.4486, 89.5511, 0
1745407093.394, 2.754, 2.783, -0.4587, -1.1373, -3.5252, 0.9551, 33.4404, 89.5764, 0
1745407093.474, 2.757, 2.790, -0.4587, -1.1373, -3.5252, 0.9505, 33.4460, 89.5757, 0
1745407093.554, 2.758, 2.790, -0.4587, -1.1373, -3.5253, 0.9525, 33.4515, 89.5677, 0
1745407093.633, 2.757, 2.783, -0.4589, -1.1373, -3.5251, 0.9544, 33.4620, 89.5674, 0
1745407093.713, 2.757, 2.790, -0.4587, -1.1373, -3.5252, 0.9523, 33.4633, 89.5651, 0
1745407093.793, 2.757, 2.791, -0.4587, -1.1371, -3.5251, 0.9576, 33.4640, 89.5644, 0
1745407093.872, 2.757, 2.790, -0.4588, -1.1372, -3.5250, 0.9635, 33.4702, 89.5690, 0
1745407093.952, 2.759, 2.790, -0.4588, -1.1372, -3.5252, 0.9724, 33.4662, 89.5566, 0
1745407094.032, 2.758, 2.791, -0.4588, -1.1373, -3.5252, 0.9650, 33.4627, 89.5604, 0
1745407094.111, 2.758, 2.791, -0.4589, -1.1373, -3.5251, 0.9648, 33.4751, 89.5581, 0
1745407094.191, 2.752, 2.791, -0.4589, -1.1371, -3.5250, 0.9565, 33.4629, 89.5662, 0
1745407094.271, 2.758, 2.784, -0.4589, -1.1371, -3.5251, 0.9609, 33.4604, 89.5514, 0
1745407094.350, 2.758, 2.784, -0.4589, -1.1372, -3.5251, 0.9604, 33.4531, 89.5468, 1
1745407094.430, 2.759, 2.783, -0.4590, -1.1372, -3.5251, 0.9632, 33.4586, 89.5474, 1
1745407094.509, 2.759, 2.783, -0.4590, -1.1372, -3.5250, 0.9682, 33.4593, 89.5404, 1
1745407115.078, 3.452, 2.823, 0.1232, -1.1237, -3.0929, 1.5285, 42.9211, 89.4831, 0
1745407115.158, 3.457, 2.829, 0.1233, -1.1237, -3.0929, 1.5181, 42.9181, 89.4835, 0
1745407115.237, 3.455, 2.823, 0.1233, -1.1234, -3.0931, 1.5264, 42.9205, 89.4794, 0
1745407115.317, 3.457, 2.823, 0.1231, -1.1237, -3.0929, 1.5122, 42.9209, 89.4886, 0
1745407115.396, 3.457, 2.823, 0.1232, -1.1236, -3.0930, 1.5225, 42.9227, 89.4731, 0
1745407115.476, 3.456, 2.829, 0.1232, -1.1235, -3.0930, 1.5195, 42.9263, 89.4751, 0
1745407115.556, 3.452, 2.829, 0.1233, -1.1238, -3.0930, 1.5126, 42.9245, 89.4740, 1
1745407115.635, 3.455, 2.822, 0.1233, -1.1234, -3.0929, 1.5164, 42.9218, 89.4727, 1
1745407115.715, 3.450, 2.822, 0.1232, -1.1239, -3.0930, 1.5206, 42.9209, 89.4706, 1
1745407116.591, 3.452, 2.829, 0.1232, -1.1238, -3.0929, 1.5172, 42.9148, 89.4658, 0
1745407116.671, 3.454, 2.823, 0.1233, -1.1235, -3.0930, 1.5182, 42.9107, 89.4685, 0
1745407116.750, 3.451, 2.829, 0.1233, -1.1238, -3.0929, 1.5223, 42.9142, 89.4683, 0
1745407116.830, 3.457, 2.829, 0.1233, -1.1234, -3.0930, 1.5286, 42.9134, 89.4721, 0
1745407116.910, 3.455, 2.830, 0.1233, -1.1237, -3.0929, 1.5153, 42.9229, 89.4823, 0
1745407116.989, 3.455, 2.829, 0.1233, -1.1237, -3.0929, 1.5108, 42.9150, 89.4848, 0
1745407117.069, 3.450, 2.822, 0.1233, -1.1235, -3.0929, 1.5120, 42.9084, 89.4863, 0
1745407117.149, 3.456, 2.828, 0.1233, -1.1237, -3.0930, 1.5195, 42.9140, 89.4678, 0
1745407117.228, 3.451, 2.828, 0.1234, -1.1236, -3.0930, 1.5208, 42.9112, 89.4615, 0
1745407117.308, 3.451, 2.823, 0.1233, -1.1237, -3.0928, 1.5155, 42.9174, 89.4646, 0
1745407117.387, 3.451, 2.822, 0.1233, -1.1237, -3.0930, 1.5284, 42.9162, 89.4471, 0
1745407117.467, 3.450, 2.829, 0.1235, -1.1237, -3.0930, 1.5239, 42.9219, 89.4510, 0
1745407117.547, 3.453, 2.829, 0.1234, -1.1235, -3.0929, 1.5389, 42.9215, 89.4450, 0
1745407117.626, 3.452, 2.829, 0.1234, -1.1237, -3.0930, 1.5364, 42.9226, 89.4477, 0
1745407117.706, 3.451, 2.829, 0.1233, -1.1236, -3.0930, 1.5363, 42.9249, 89.4533, 0
1745407117.786, 3.451, 2.823, 0.1233, -1.1237, -3.0929, 1.5399, 42.9269, 89.4435, 0
1745407117.865, 3.455, 2.822, 0.1234, -1.1236, -3.0930, 1.5322, 42.9257, 89.4432, 0
1745407117.945, 3.455, 2.830, 0.1234, -1.1237, -3.0930, 1.5378, 42.9334, 89.4522, 0
1745407118.025, 3.456, 2.830, 0.1234, -1.1236, -3.0930, 1.5399, 42.9344, 89.4518, 0
1745407118.104, 3.456, 2.822, 0.1234, -1.1236, -3.0930, 1.5469, 42.9312, 89.4403, 0
1745407118.184, 3.456, 2.823, 0.1235, -1.1238, -3.0930, 1.5263, 42.9298, 89.4552, 0
1745407118.264, 3.452, 2.824, 0.1234, -1.1235, -3.0930, 1.5351, 42.9219, 89.4567, 0
1745407118.343, 3.451, 2.830, 0.1234, -1.1237, -3.0929, 1.5339, 42.9186, 89.4617, 0
1745407118.542, 3.455, 2.830, 0.1234, -1.1237, -3.0930, 1.5247, 42.9095, 89.4684, 0
1745407118.622, 3.452, 2.830, 0.1235, -1.1237, -3.0930, 1.5236, 42.9181, 89.4726, 0
1745407118.702, 3.452, 2.829, 0.1235, -1.1238, -3.0930, 1.5285, 42.9267, 89.4587, 0
1745407118.781, 3.452, 2.829, 0.1234, -1.1236, -3.0930, 1.5351, 42.9270, 89.4610, 0
1745407118.861, 3.451, 2.829, 0.1234, -1.1237, -3.0930, 1.5343, 42.9325, 89.4575, 0
1745407118.941, 3.455, 2.822, 0.1234, -1.1236, -3.0929, 1.5274, 42.9342, 89.4617, 0
1745407119.020, 3.455, 2.822, 0.1235, -1.1238, -3.0930, 1.5331, 42.9292, 89.4531, 0
1745407119.100, 3.452, 2.829, 0.1235, -1.1236, -3.0931, 1.5377, 42.9128, 89.4447, 0
1745407119.180, 3.452, 2.823, 0.1228, -1.1238, -3.0926, 1.6503, 43.0699, 89.3570, 0
1745407119.259, 3.450, 2.829, 0.1211, -1.1236, -3.0906, 1.6018, 42.9571, 89.3806, 0
1745407119.339, 3.459, 2.822, 0.1179, -1.1237, -3.0870, 1.5662, 42.8760, 89.4122, 0
1745407119.419, 3.456, 2.822, 0.1138, -1.1239, -3.0826, 1.5748, 42.7808, 89.3995, 0
1745407119.498, 3.452, 2.819, 0.1097, -1.1239, -3.0780, 1.5341, 42.7294, 89.4327, 0
1745407119.578, 3.452, 2.812, 0.1060, -1.1243, -3.0739, 1.4881, 42.6762, 89.4471, 0
1745407119.657, 3.451, 2.801, 0.1025, -1.1243, -3.0702, 1.4792, 42.6119, 89.4468, 0
1745407119.737, 3.457, 2.795, 0.0998, -1.1243, -3.0669, 1.4290, 42.5795, 89.4802, 0
1745407119.817, 3.450, 2.795, 0.0968, -1.1244, -3.0637, 1.4060, 42.5249, 89.4683, 0
1745407119.896, 3.450, 2.796, 0.0926, -1.1245, -3.0591, 1.3516, 42.4767, 89.4953, 0
1745407119.976, 3.451, 2.790, 0.0881, -1.1245, -3.0538, 1.2924, 42.3982, 89.4920, 0
1745407120.056, 3.450, 2.781, 0.0825, -1.1247, -3.0479, 1.2884, 42.3565, 89.4895, 0
1745407120.135, 3.450, 2.774, 0.0767, -1.1245, -3.0416, 1.2834, 42.4112, 89.5163, 0
1745407120.215, 3.451, 2.774, 0.0714, -1.1243, -3.0363, 1.3112, 42.4053, 89.5229, 0
1745407120.295, 3.451, 2.759, 0.0668, -1.1244, -3.0312, 1.3348, 42.3612, 89.4879, 0
1745407120.374, 3.450, 2.749, 0.0619, -1.1247, -3.0261, 1.4142, 42.2680, 89.4351, 0
1745407120.454, 3.448, 2.740, 0.0570, -1.1246, -3.0209, 1.4388, 42.2312, 89.4401, 0
1745407120.534, 3.447, 2.738, 0.0520, -1.1248, -3.0152, 1.3691, 42.2400, 89.4816, 0
1745407120.613, 3.450, 2.738, 0.0463, -1.1247, -3.0091, 1.4106, 42.1195, 89.4404, 0
1745407120.693, 3.450, 2.726, 0.0407, -1.1250, -3.0032, 1.5144, 41.9472, 89.3822, 0
1745407120.772, 3.447, 2.718, 0.0355, -1.1253, -2.9973, 1.4352, 41.9162, 89.4212, 0
1745407120.852, 3.447, 2.704, 0.0305, -1.1253, -2.9914, 1.3721, 41.8305, 89.4207, 0
1745407120.932, 3.449, 2.697, 0.0255, -1.1256, -2.9859, 1.4080, 41.7791, 89.3938, 0
1745407121.011, 3.448, 2.697, 0.0202, -1.1255, -2.9804, 1.4347, 41.7063, 89.3985, 0
1745407121.091, 3.448, 2.685, 0.0154, -1.1254, -2.9749, 1.4349, 41.6443, 89.4154, 0
1745407121.171, 3.445, 2.673, 0.0104, -1.1256, -2.9695, 1.4496, 41.5822, 89.4437, 0
1745407121.251, 3.443, 2.666, 0.0054, -1.1259, -2.9640, 1.5169, 41.5312, 89.4066, 0
1745407121.330, 3.444, 2.666, 0.0002, -1.1259, -2.9586, 1.5809, 41.4703, 89.3685, 0
1745407121.410, 3.443, 2.658, -0.0050, -1.1258, -2.9529, 1.5764, 41.3845, 89.3835, 0
1745407121.489, 3.443, 2.646, -0.0102, -1.1260, -2.9472, 1.5971, 41.3502, 89.3511, 0
1745407121.569, 3.443, 2.632, -0.0155, -1.1261, -2.9414, 1.6504, 41.3022, 89.2915, 0
1745407121.649, 3.442, 2.627, -0.0206, -1.1262, -2.9354, 1.6066, 41.3083, 89.3111, 0
1745407121.728, 3.442, 2.627, -0.0258, -1.1261, -2.9296, 1.6330, 41.2363, 89.2966, 0
1745407121.808, 3.437, 2.615, -0.0312, -1.1263, -2.9234, 1.5447, 41.1182, 89.3746, 0
1745407121.888, 3.437, 2.611, -0.0360, -1.1264, -2.9172, 1.4570, 41.0962, 89.4206, 0
1745407121.967, 3.441, 2.602, -0.0413, -1.1263, -2.9113, 1.4105, 41.0416, 89.4641, 0
1745407122.047, 3.442, 2.592, -0.0464, -1.1266, -2.9051, 1.3001, 40.9593, 89.5003, 0
1745407122.127, 3.430, 2.592, -0.0516, -1.1268, -2.8990, 1.2632, 40.8619, 89.4827, 0
1745407122.206, 3.433, 2.577, -0.0575, -1.1273, -2.8921, 1.2151, 40.7900, 89.5020, 0
1745407122.286, 3.433, 2.566, -0.0643, -1.1272, -2.8843, 1.1723, 40.8444, 89.5794, 0
1745407122.365, 3.445, 2.554, -0.0714, -1.1267, -2.8762, 1.2428, 40.7256, 89.5317, 0
1745407122.445, 3.439, 2.547, -0.0788, -1.1270, -2.8682, 1.3153, 40.6719, 89.4662, 0
1745407122.525, 3.438, 2.547, -0.0861, -1.1268, -2.8597, 1.3305, 40.6199, 89.4468, 0
1745407122.604, 3.443, 2.530, -0.0936, -1.1272, -2.8513, 1.4118, 40.5141, 89.3578, 0
1745407122.684, 3.443, 2.521, -0.1009, -1.1276, -2.8431, 1.5199, 40.2956, 89.3378, 0
1745407122.764, 3.443, 2.507, -0.1075, -1.1281, -2.8353, 1.4030, 40.1805, 89.3993, 0
1745407122.843, 3.439, 2.488, -0.1140, -1.1282, -2.8273, 1.3542, 40.1263, 89.3861, 0
1745407122.923, 3.446, 2.488, -0.1208, -1.1276, -2.8193, 1.3656, 40.0747, 89.4038, 0
1745407123.003, 3.447, 2.480, -0.1273, -1.1277, -2.8115, 1.3686, 39.9812, 89.4313, 0
1745407123.082, 3.447, 2.465, -0.1340, -1.1282, -2.8037, 1.4008, 39.8881, 89.4183, 0
1745407123.162, 3.448, 2.451, -0.1409, -1.1283, -2.7958, 1.4038, 39.8281, 89.4573, 0
1745407123.242, 3.448, 2.444, -0.1475, -1.1283, -2.7882, 1.4123, 39.8326, 89.4137, 0
1745407123.321, 3.442, 2.444, -0.1544, -1.1288, -2.7802, 1.4713, 39.7481, 89.3496, 0
1745407123.401, 3.443, 2.425, -0.1611, -1.1283, -2.7720, 1.4036, 39.7052, 89.3605, 0
1745407123.480, 3.443, 2.417, -0.1679, -1.1281, -2.7636, 1.3342, 39.5972, 89.3842, 0
1745407123.560, 3.447, 2.398, -0.1746, -1.1296, -2.7554, 1.2092, 39.5678, 89.5084, 0
1745407123.640, 3.448, 2.387, -0.1811, -1.1289, -2.7470, 1.1327, 39.4995, 89.4754, 0
1745407123.719, 3.448, 2.387, -0.1876, -1.1290, -2.7391, 1.0594, 39.3868, 89.4947, 0
1745407123.799, 3.448, 2.374, -0.1940, -1.1289, -2.7313, 1.0648, 39.3473, 89.4672, 0
1745407123.879, 3.448, 2.357, -0.2006, -1.1290, -2.7237, 1.0920, 39.3530, 89.4743, 0
1745407123.958, 3.450, 2.348, -0.2070, -1.1291, -2.7160, 1.1494, 39.2966, 89.4112, 0
1745407124.038, 3.450, 2.336, -0.2141, -1.1296, -2.7078, 1.2102, 39.2191, 89.3743, 0
1745407124.118, 3.449, 2.336, -0.2210, -1.1289, -2.6994, 1.2130, 39.2066, 89.4005, 0
1745407124.197, 3.449, 2.326, -0.2281, -1.1291, -2.6911, 1.2785, 39.1359, 89.3233, 0
1745407124.277, 3.449, 2.311, -0.2354, -1.1297, -2.6825, 1.4094, 38.9850, 89.3033, 0
1745407124.356, 3.449, 2.298, -0.2422, -1.1299, -2.6739, 1.2538, 38.9295, 89.4115, 0
1745407124.436, 3.446, 2.282, -0.2487, -1.1296, -2.6653, 1.2006, 38.9344, 89.4517, 0
1745407124.516, 3.447, 2.282, -0.2555, -1.1294, -2.6573, 1.2463, 38.8570, 89.4612, 0
1745407124.595, 3.448, 2.271, -0.2620, -1.1301, -2.6496, 1.2772, 38.8264, 89.4223, 0
1745407124.675, 3.448, 2.259, -0.2688, -1.1301, -2.6415, 1.3598, 38.7293, 89.4569, 0
1745407124.755, 3.448, 2.246, -0.2755, -1.1296, -2.6335, 1.3850, 38.7498, 89.4362, 0
1745407124.834, 3.452, 2.232, -0.2825, -1.1300, -2.6250, 1.4502, 38.7230, 89.4100, 0
1745407124.914, 3.451, 2.232, -0.2898, -1.1303, -2.6163, 1.4510, 38.7643, 89.4859, 0
1745407124.993, 3.451, 2.220, -0.2972, -1.1301, -2.6074, 1.5472, 38.7091, 89.4251, 0
1745407125.073, 3.451, 2.203, -0.3049, -1.1304, -2.5974, 1.4235, 38.7203, 89.5337, 0
1745407125.153, 3.451, 2.188, -0.3129, -1.1309, -2.5871, 1.3395, 38.6141, 89.5663, 0
1745407125.232, 3.449, 2.173, -0.3211, -1.1314, -2.5767, 1.2190, 38.5553, 89.6539, 0
1745407125.312, 3.453, 2.173, -0.3292, -1.1313, -2.5664, 1.2080, 38.5486, 89.6503, 0
1745407125.392, 3.451, 2.158, -0.3373, -1.1313, -2.5566, 1.2366, 38.5941, 89.6827, 0
1745407125.471, 3.451, 2.140, -0.3456, -1.1311, -2.5472, 1.4530, 38.5185, 89.6733, 0
1745407125.551, 3.450, 2.124, -0.3535, -1.1312, -2.5374, 1.5099, 38.4676, 89.7286, 0
1745407125.631, 3.452, 2.107, -0.3619, -1.1315, -2.5276, 1.5799, 38.4675, 89.7208, 0
1745407125.710, 3.456, 2.107, -0.3703, -1.1322, -2.5171, 1.6526, 38.2787, 89.7341, 0
1745407125.790, 3.456, 2.090, -0.3787, -1.1322, -2.5063, 1.5636, 38.1294, 89.7636, 0
1745407125.869, 3.450, 2.072, -0.3871, -1.1327, -2.4958, 1.6146, 38.0898, 89.7745, 0
1745407125.949, 3.453, 2.057, -0.3957, -1.1329, -2.4852, 1.6688, 37.9612, 89.7958, 0
1745407126.029, 3.475, 2.039, -0.4042, -1.1328, -2.4746, 1.6943, 37.8795, 89.9150, 0
1745407126.108, 3.483, 2.039, -0.4126, -1.1330, -2.4642, 1.7708, 37.7766, 89.8582, 0
1745407126.188, 3.483, 2.023, -0.4212, -1.1335, -2.4536, 1.8204, 37.7396, 89.8306, 0
1745407126.268, 3.480, 2.008, -0.4301, -1.1339, -2.4426, 1.8898, 37.6162, 89.7229, 0
1745407126.347, 3.481, 1.990, -0.4389, -1.1343, -2.4307, 1.7485, 37.6135, 89.7469, 0
1745407126.427, 3.485, 1.971, -0.4478, -1.1342, -2.4186, 1.6517, 37.5100, 89.8112, 0
1745407126.507, 3.487, 1.971, -0.4569, -1.1347, -2.4065, 1.5557, 37.4123, 89.9178, 0
1745407126.586, 3.487, 1.953, -0.4656, -1.1349, -2.3954, 1.5492, 37.4170, 89.9098, 0
1745407126.666, 3.485, 1.934, -0.4739, -1.1350, -2.3848, 1.6063, 37.2779, 89.8762, 0
1745407126.746, 3.488, 1.918, -0.4820, -1.1353, -2.3742, 1.6982, 37.0552, 89.8040, 0
1745407126.825, 3.493, 1.918, -0.4902, -1.1356, -2.3636, 1.6635, 36.9665, 89.7495, 0
1745407126.905, 3.490, 1.900, -0.4990, -1.1359, -2.3526, 1.8834, 36.6664, 89.6440, 0
1745407126.984, 3.490, 1.884, -0.5072, -1.1363, -2.3409, 1.6631, 36.5448, 89.7195, 0
1745407127.064, 3.495, 1.864, -0.5159, -1.1363, -2.3290, 1.6857, 36.3305, 89.7155, 0
1745407127.144, 3.498, 1.849, -0.5252, -1.1365, -2.3169, 1.7620, 36.1809, 89.7425, 0
1745407127.225, 3.501, 1.849, -0.5352, -1.1366, -2.3035, 1.8017, 35.9699, 89.6827, 0
1745407127.303, 3.502, 1.832, -0.5456, -1.1369, -2.2894, 1.8764, 35.8554, 89.5753, 0
1745407127.383, 3.502, 1.813, -0.5565, -1.1373, -2.2741, 1.8111, 35.8097, 89.5777, 0
1745407127.462, 3.506, 1.788, -0.5675, -1.1378, -2.2581, 1.5872, 35.7427, 89.7081, 0
1745407127.542, 3.506, 1.767, -0.5783, -1.1382, -2.2424, 1.3677, 35.5764, 89.8432, 0
1745407127.622, 3.506, 1.767, -0.5891, -1.1383, -2.2277, 1.3444, 35.4393, 89.8371, 0
1745407127.701, 3.510, 1.741, -0.5994, -1.1385, -2.2135, 1.4058, 35.1852, 89.8309, 0
1745407127.781, 3.510, 1.719, -0.6096, -1.1384, -2.1996, 1.4961, 35.0166, 89.6277, 0
1745407127.861, 3.510, 1.699, -0.6195, -1.1387, -2.1862, 1.6744, 34.8130, 89.5686, 0
1745407127.940, 3.518, 1.678, -0.6292, -1.1393, -2.1719, 1.5713, 34.6088, 89.5047, 0
1745407128.020, 3.520, 1.678, -0.6393, -1.1397, -2.1573, 1.4306, 34.3780, 89.6077, 0
1745407128.100, 3.525, 1.660, -0.6497, -1.1398, -2.1425, 1.5736, 34.3005, 89.5575, 0
1745407128.179, 3.525, 1.634, -0.6600, -1.1399, -2.1276, 1.5952, 34.1360, 89.5626, 0
1745407128.259, 3.528, 1.613, -0.6698, -1.1403, -2.1133, 1.5818, 34.0182, 89.4545, 0
1745407128.339, 3.529, 1.590, -0.6795, -1.1400, -2.0985, 1.4207, 33.8944, 89.5407, 0
1745407128.418, 3.535, 1.590, -0.6893, -1.1405, -2.0842, 1.4571, 33.8440, 89.4590, 0
1745407128.500, 3.539, 1.569, -0.6993, -1.1409, -2.0687, 1.2737, 33.7194, 89.6971, 0
1745407128.577, 3.539, 1.547, -0.7095, -1.1410, -2.0542, 1.3665, 33.5146, 89.7474, 0
1745407128.657, 3.542, 1.525, -0.7193, -1.1409, -2.0397, 1.4518, 33.3304, 89.7258, 0
1745407128.737, 3.545, 1.501, -0.7291, -1.1411, -2.0252, 1.5038, 33.2020, 89.6219, 0
1745407128.816, 3.547, 1.501, -0.7389, -1.1412, -2.0107, 1.5634, 33.1157, 89.6312, 0
1745407128.896, 3.552, 1.480, -0.7484, -1.1417, -1.9959, 1.4102, 32.9899, 89.6940, 0
1745407128.976, 3.552, 1.457, -0.7580, -1.1418, -1.9809, 1.4173, 32.8208, 89.7565, 0
1745407129.055, 3.558, 1.436, -0.7682, -1.1420, -1.9657, 1.4414, 32.7375, 89.8474, 0
1745407129.135, 3.560, 1.416, -0.7779, -1.1423, -1.9506, 1.4551, 32.5477, 89.7908, 0
1745407129.215, 3.564, 1.416, -0.7877, -1.1424, -1.9356, 1.5010, 32.3476, 89.7612, 0
1745407129.294, 3.575, 1.394, -0.7972, -1.1426, -1.9203, 1.3808, 32.3148, 89.7528, 0
1745407129.374, 3.575, 1.370, -0.8066, -1.1430, -1.9053, 1.2678, 32.2238, 89.8678, 0
1745407129.454, 3.576, 1.348, -0.8146, -1.1435, -1.8925, 1.1646, 32.1734, 90.0426, 0
1745407129.533, 3.582, 1.327, -0.8176, -1.1435, -1.8877, 1.1524, 32.1404, 90.1254, 0
1745407129.613, 3.584, 1.327, -0.8167, -1.1432, -1.8888, 1.1687, 32.1030, 90.0701, 0
1745407129.693, 3.585, 1.312, -0.8153, -1.1431, -1.8909, 1.1751, 32.0941, 90.0631, 0
1745407129.772, 3.585, 1.312, -0.8146, -1.1432, -1.8921, 1.1833, 32.1192, 90.0616, 0
1745407129.852, 3.583, 1.316, -0.8145, -1.1432, -1.8922, 1.1877, 32.1146, 90.0624, 0
1745407129.931, 3.584, 1.318, -0.8145, -1.1432, -1.8922, 1.1888, 32.1233, 90.0648, 0
1745407130.011, 3.583, 1.318, -0.8145, -1.1432, -1.8921, 1.1928, 32.1209, 90.0583, 0
1745407130.091, 3.583, 1.316, -0.8144, -1.1433, -1.8921, 1.2013, 32.1214, 90.0618, 0
1745407130.170, 3.583, 1.316, -0.8145, -1.1432, -1.8922, 1.1952, 32.1180, 90.0662, 0
1745407130.250, 3.582, 1.317, -0.8144, -1.1432, -1.8923, 1.2011, 32.1225, 90.0681, 0
1745407130.449, 3.586, 1.316, -0.8144, -1.1433, -1.8922, 1.1814, 32.1103, 90.0869, 0
1745407130.648, 3.583, 1.318, -0.8144, -1.1434, -1.8922, 1.1737, 32.1084, 90.1030, 0
1745407130.728, 3.585, 1.317, -0.8144, -1.1433, -1.8923, 1.1731, 32.1118, 90.1033, 0
1745407130.808, 3.583, 1.317, -0.8130, -1.1433, -1.8943, 1.1716, 32.2271, 90.0956, 0
1745407131.007, 3.584, 1.319, -0.7989, -1.1430, -1.9174, 1.3173, 32.4772, 89.9799, 0
1745407131.206, 3.572, 1.343, -0.7791, -1.1425, -1.9486, 1.4857, 32.8375, 89.8486, 0
1745407131.285, 3.572, 1.362, -0.7720, -1.1422, -1.9590, 1.4079, 33.0285, 89.9602, 0
1745407131.365, 3.572, 1.379, -0.7657, -1.1423, -1.9688, 1.4951, 33.1437, 89.8481, 0
1745407131.445, 3.563, 1.396, -0.7596, -1.1423, -1.9779, 1.4594, 33.1978, 89.8371, 0
1745407131.524, 3.561, 1.407, -0.7533, -1.1415, -1.9869, 1.3997, 33.3249, 89.8060, 0
1745407131.604, 3.561, 1.407, -0.7484, -1.1416, -1.9944, 1.4224, 33.4122, 89.7850, 0
1745407131.684, 3.561, 1.420, -0.7471, -1.1418, -1.9964, 1.4326, 33.4487, 89.7450, 0
1745407131.763, 3.559, 1.432, -0.7475, -1.1418, -1.9959, 1.4041, 33.4292, 89.7838, 0
1745407131.843, 3.552, 1.435, -0.7476, -1.1418, -1.9958, 1.4049, 33.4289, 89.7789, 0
1745407131.923, 3.558, 1.435, -0.7475, -1.1418, -1.9957, 1.3971, 33.4319, 89.7706, 0
1745407132.002, 3.559, 1.435, -0.7475, -1.1418, -1.9958, 1.4053, 33.4354, 89.7610, 0
1745407132.082, 3.559, 1.435, -0.7476, -1.1418, -1.9958, 1.4009, 33.4381, 89.7625, 0
1745407132.161, 3.559, 1.435, -0.7475, -1.1418, -1.9958, 1.3884, 33.4357, 89.7692, 0
1745407132.241, 3.557, 1.435, -0.7475, -1.1418, -1.9958, 1.3938, 33.4309, 89.7708, 0
1745407132.321, 3.558, 1.435, -0.7475, -1.1418, -1.9957, 1.3767, 33.4263, 89.7835, 0
1745407132.400, 3.559, 1.435, -0.7475, -1.1418, -1.9957, 1.3739, 33.4144, 89.7968, 0
1745407132.480, 3.559, 1.435, -0.7475, -1.1418, -1.9958, 1.3780, 33.4233, 89.7814, 0
1745407132.560, 3.556, 1.435, -0.7474, -1.1419, -1.9958, 1.3762, 33.4212, 89.7800, 0
1745407132.639, 3.555, 1.435, -0.7475, -1.1419, -1.9957, 1.3697, 33.4166, 89.7795, 0
1745407132.719, 3.559, 1.435, -0.7475, -1.1419, -1.9957, 1.3751, 33.4613, 89.7752, 0
1745407132.799, 3.553, 1.435, -0.7475, -1.1419, -1.9957, 1.3693, 33.4558, 89.7733, 0
1745407132.878, 3.553, 1.435, -0.7475, -1.1419, -1.9957, 1.3635, 33.4537, 89.7864, 0
1745407132.958, 3.555, 1.435, -0.7475, -1.1419, -1.9958, 1.3689, 33.4536, 89.7792, 0
1745407133.038, 3.554, 1.435, -0.7476, -1.1418, -1.9958, 1.3756, 33.4534, 89.7761, 0
1745407133.117, 3.557, 1.435, -0.7475, -1.1419, -1.9958, 1.3679, 33.4632, 89.7772, 0
1745407133.197, 3.554, 1.435, -0.7475, -1.1419, -1.9957, 1.3606, 33.4509, 89.7812, 0
1745407133.277, 3.554, 1.435, -0.7476, -1.1418, -1.9957, 1.3526, 33.4472, 89.7952, 0
1745407133.356, 3.559, 1.434, -0.7476, -1.1418, -1.9957, 1.3505, 33.4511, 89.7972, 0
1745407133.436, 3.555, 1.434, -0.7475, -1.1419, -1.9958, 1.3426, 33.4509, 89.8018, 0
1745407133.516, 3.552, 1.434, -0.7476, -1.1419, -1.9957, 1.3475, 33.4577, 89.7953, 0
1745407133.595, 3.558, 1.435, -0.7475, -1.1418, -1.9957, 1.3605, 33.4620, 89.7913, 0
1745407133.675, 3.558, 1.435, -0.7476, -1.1419, -1.9957, 1.3624, 33.4623, 89.7894, 0
1745407133.754, 3.553, 1.435, -0.7475, -1.1419, -1.9958, 1.3666, 33.4591, 89.7909, 0
1745407133.834, 3.554, 1.434, -0.7475, -1.1419, -1.9957, 1.3708, 33.4579, 89.7891, 0
1745407133.914, 3.554, 1.434, -0.7475, -1.1420, -1.9957, 1.3611, 33.4522, 89.7865, 0
1745407133.993, 3.553, 1.435, -0.7475, -1.1419, -1.9958, 1.3595, 33.4562, 89.7913, 0
1745407134.073, 3.553, 1.435, -0.7475, -1.1419, -1.9957, 1.3573, 33.4599, 89.7882, 0
1745407134.153, 3.558, 1.435, -0.7476, -1.1419, -1.9957, 1.3509, 33.4555, 89.7910, 0
1745407134.232, 3.555, 1.435, -0.7474, -1.1419, -1.9958, 1.3408, 33.4497, 89.7953, 0
1745407134.312, 3.553, 1.435, -0.7476, -1.1419, -1.9957, 1.3400, 33.4455, 89.8055, 0
1745407134.392, 3.556, 1.434, -0.7475, -1.1419, -1.9957, 1.3407, 33.4512, 89.8093, 0
1745407134.471, 3.556, 1.434, -0.7474, -1.1419, -1.9959, 1.3395, 33.4497, 89.7985, 0
1745407134.551, 3.556, 1.434, -0.7470, -1.1419, -1.9964, 1.3445, 33.4043, 89.8070, 0
1745407134.630, 3.558, 1.435, -0.7469, -1.1418, -1.9967, 1.3679, 33.4211, 89.7804, 0
1745407134.710, 3.558, 1.435, -0.7467, -1.1419, -1.9967, 1.3528, 33.4170, 89.8145, 0
1745407134.790, 3.556, 1.436, -0.7468, -1.1419, -1.9968, 1.3742, 33.4247, 89.8030, 0
1745407134.869, 3.556, 1.436, -0.7468, -1.1418, -1.9967, 1.3631, 33.4184, 89.8187, 0
1745407134.949, 3.557, 1.436, -0.7468, -1.1419, -1.9967, 1.3539, 33.4186, 89.8218, 0
1745407135.029, 3.552, 1.436, -0.7468, -1.1420, -1.9967, 1.3484, 33.4170, 89.8208, 0
1745407135.108, 3.555, 1.436, -0.7468, -1.1418, -1.9967, 1.3484, 33.4225, 89.8202, 0
1745407135.188, 3.556, 1.435, -0.7469, -1.1419, -1.9967, 1.3475, 33.4239, 89.8271, 0
1745407135.268, 3.556, 1.435, -0.7469, -1.1418, -1.9967, 1.3483, 33.4246, 89.8225, 0
1745407135.347, 3.553, 1.436, -0.7468, -1.1419, -1.9967, 1.3506, 33.4158, 89.8261, 0
1745407135.427, 3.554, 1.437, -0.7469, -1.1419, -1.9968, 1.3506, 33.4259, 89.8282, 0
1745407135.507, 3.560, 1.437, -0.7469, -1.1418, -1.9968, 1.3638, 33.4259, 89.8253, 0
1745407135.586, 3.553, 1.436, -0.7468, -1.1418, -1.9966, 1.3592, 33.4255, 89.8225, 0
1745407135.666, 3.553, 1.435, -0.7469, -1.1419, -1.9968, 1.3544, 33.4257, 89.8233, 0
1745407135.745, 3.553, 1.436, -0.7469, -1.1419, -1.9968, 1.3596, 33.4316, 89.8246, 0
1745407135.825, 3.557, 1.436, -0.7469, -1.1419, -1.9967, 1.3528, 33.4303, 89.8174, 0
1745407135.905, 3.553, 1.436, -0.7469, -1.1419, -1.9967, 1.3444, 33.4295, 89.8198, 0
1745407135.985, 3.555, 1.436, -0.7468, -1.1419, -1.9968, 1.3509, 33.4260, 89.8189, 0
1745407136.064, 3.555, 1.437, -0.7469, -1.1419, -1.9968, 1.3515, 33.4248, 89.8251, 0
1745407136.144, 3.558, 1.436, -0.7469, -1.1418, -1.9967, 1.3200, 33.4126, 89.8616, 0
1745407136.224, 3.552, 1.436, -0.7469, -1.1418, -1.9968, 1.3389, 33.4173, 89.8447, 0
1745407136.303, 3.559, 1.436, -0.7469, -1.1418, -1.9968, 1.3311, 33.4178, 89.8475, 0
1745407136.383, 3.555, 1.435, -0.7469, -1.1418, -1.9968, 1.3259, 33.4077, 89.8573, 0
1745407136.462, 3.555, 1.436, -0.7468, -1.1417, -1.9969, 1.3404, 33.4102, 89.8466, 0
1745407136.542, 3.554, 1.436, -0.7468, -1.1418, -1.9969, 1.3379, 33.4105, 89.8519, 0
1745407136.622, 3.556, 1.435, -0.7469, -1.1417, -1.9968, 1.3459, 33.4182, 89.8383, 0
1745407136.701, 3.556, 1.435, -0.7469, -1.1418, -1.9969, 1.3473, 33.4088, 89.8450, 0
1745407136.781, 3.556, 1.436, -0.7469, -1.1417, -1.9968, 1.3516, 33.4124, 89.8409, 0
1745407136.861, 3.555, 1.436, -0.7469, -1.1418, -1.9969, 1.3556, 33.4114, 89.8360, 0
1745407136.940, 3.557, 1.436, -0.7468, -1.1418, -1.9968, 1.3498, 33.4168, 89.8318, 0
1745407137.020, 3.553, 1.436, -0.7469, -1.1418, -1.9969, 1.3465, 33.4106, 89.8422, 0
1745407137.100, 3.553, 1.436, -0.7469, -1.1418, -1.9968, 1.3586, 33.4116, 89.8399, 0
1745407137.179, 3.553, 1.436, -0.7468, -1.1418, -1.9969, 1.3614, 33.4130, 89.8328, 0
1745407137.259, 3.559, 1.437, -0.7468, -1.1418, -1.9969, 1.3699, 33.4121, 89.8307, 0
1745407137.338, 3.559, 1.436, -0.7469, -1.1418, -1.9968, 1.3785, 33.4157, 89.8164, 0
1745407137.418, 3.560, 1.436, -0.7469, -1.1418, -1.9969, 1.3631, 33.4130, 89.8225, 0
1745407137.498, 3.558, 1.436, -0.7469, -1.1418, -1.9969, 1.3551, 33.4169, 89.8222, 0
1745407137.577, 3.558, 1.436, -0.7469, -1.1418, -1.9969, 1.3646, 33.4220, 89.8198, 0
1745407137.657, 3.555, 1.436, -0.7468, -1.1419, -1.9968, 1.3624, 33.4222, 89.8215, 0
1745407137.737, 3.555, 1.436, -0.7469, -1.1418, -1.9968, 1.3629, 33.4215, 89.8197, 0
1745407137.816, 3.560, 1.437, -0.7469, -1.1418, -1.9969, 1.3629, 33.4200, 89.8165, 0
1745407137.896, 3.558, 1.437, -0.7469, -1.1418, -1.9968, 1.3543, 33.4122, 89.8274, 0
1745407137.976, 3.558, 1.435, -0.7469, -1.1418, -1.9969, 1.3484, 33.4060, 89.8415, 0
1745407138.055, 3.554, 1.436, -0.7469, -1.1418, -1.9969, 1.3461, 33.4182, 89.8400, 0
1745407138.135, 3.558, 1.436, -0.7467, -1.1418, -1.9970, 1.3880, 33.3594, 89.7896, 0
1745407138.215, 3.560, 1.436, -0.7467, -1.1417, -1.9969, 1.3982, 33.3531, 89.7741, 0
1745407138.294, 3.560, 1.437, -0.7469, -1.1417, -1.9971, 1.3947, 33.3511, 89.7812, 0
1745407138.374, 3.560, 1.436, -0.7468, -1.1418, -1.9970, 1.3940, 33.3480, 89.7776, 0
1745407138.453, 3.559, 1.435, -0.7468, -1.1417, -1.9970, 1.4001, 33.3510, 89.7775, 0
1745407138.533, 3.554, 1.436, -0.7468, -1.1418, -1.9970, 1.4025, 33.3502, 89.7753, 0
1745407138.613, 3.555, 1.436, -0.7468, -1.1418, -1.9970, 1.4085, 33.3477, 89.7674, 0
1745407138.692, 3.560, 1.436, -0.7468, -1.1418, -1.9970, 1.4150, 33.3495, 89.7712, 0
1745407138.772, 3.560, 1.436, -0.7469, -1.1417, -1.9970, 1.4039, 33.3437, 89.7805, 0
1745407138.852, 3.555, 1.437, -0.7468, -1.1418, -1.9970, 1.3935, 33.3425, 89.7800, 0
1745407138.931, 3.555, 1.437, -0.7468, -1.1418, -1.9970, 1.3916, 33.3353, 89.7912, 0
1745407139.011, 3.552, 1.437, -0.7468, -1.1418, -1.9970, 1.3896, 33.3378, 89.7935, 0
1745407139.091, 3.554, 1.437, -0.7468, -1.1418, -1.9970, 1.3904, 33.3421, 89.7885, 0
1745407139.170, 3.554, 1.437, -0.7467, -1.1418, -1.9970, 1.4007, 33.3423, 89.7824, 0
1745407139.250, 3.555, 1.437, -0.7468, -1.1418, -1.9970, 1.3972, 33.3482, 89.7845, 0
1745407139.330, 3.560, 1.437, -0.7467, -1.1418, -1.9970, 1.3893, 33.3486, 89.7780, 0
1745407139.409, 3.557, 1.437, -0.7468, -1.1418, -1.9970, 1.3924, 33.3524, 89.7762, 0
1745407139.489, 3.557, 1.436, -0.7467, -1.1418, -1.9970, 1.3932, 33.3497, 89.7813, 0
1745407139.569, 3.557, 1.436, -0.7463, -1.1418, -1.9977, 1.3875, 33.4177, 89.7902, 0
1745407139.648, 3.554, 1.437, -0.7449, -1.1417, -2.0006, 1.3886, 33.8516, 89.8374, 0
1745407139.728, 3.557, 1.438, -0.7413, -1.1416, -2.0079, 1.4605, 34.8484, 89.7638, 0
1745407139.808, 3.547, 1.438, -0.7361, -1.1404, -2.0185, 1.7207, 36.3290, 89.6274, 0
1745407139.887, 3.537, 1.441, -0.7287, -1.1412, -2.0304, 1.4546, 38.2537, 89.8897, 0
1745407139.967, 3.537, 1.450, -0.7214, -1.1413, -2.0425, 1.5670, 40.0767, 89.8100, 0
1745407140.047, 3.525, 1.463, -0.7143, -1.1408, -2.0530, 1.6138, 41.8215, 89.7263, 0
1745407140.126, 3.523, 1.481, -0.7083, -1.1409, -2.0617, 1.6484, 43.2906, 89.6720, 0
1745407140.206, 3.515, 1.481, -0.7051, -1.1410, -2.0658, 1.6531, 43.8893, 89.6200, 0
1745407140.285, 3.521, 1.498, -0.7051, -1.1412, -2.0658, 1.6342, 43.9306, 89.6465, 0
1745407140.365, 3.521, 1.510, -0.7053, -1.1412, -2.0656, 1.6187, 43.9333, 89.6624, 0
1745407140.445, 3.518, 1.512, -0.7053, -1.1411, -2.0656, 1.6283, 43.9341, 89.6387, 0
1745407140.524, 3.522, 1.512, -0.7053, -1.1411, -2.0655, 1.6310, 43.9370, 89.6374, 0
1745407140.604, 3.522, 1.512, -0.7054, -1.1411, -2.0655, 1.6412, 43.9413, 89.6332, 0
1745407140.684, 3.523, 1.510, -0.7053, -1.1412, -2.0656, 1.6294, 43.9384, 89.6337, 0
1745407140.763, 3.523, 1.510, -0.7054, -1.1412, -2.0655, 1.6374, 43.9355, 89.6290, 0
1745407140.843, 3.520, 1.511, -0.7053, -1.1412, -2.0655, 1.6390, 43.9373, 89.6280, 0
1745407140.922, 3.524, 1.511, -0.7053, -1.1412, -2.0655, 1.6251, 43.9393, 89.6374, 0
1745407141.004, 3.524, 1.511, -0.7052, -1.1412, -2.0654, 1.6446, 43.9368, 89.6127, 0
1745407141.082, 3.519, 1.511, -0.7053, -1.1412, -2.0655, 1.6637, 43.9358, 89.5994, 0
1745407141.161, 3.519, 1.511, -0.7053, -1.1412, -2.0656, 1.6455, 43.9374, 89.6096, 0
1745407141.241, 3.524, 1.512, -0.7052, -1.1412, -2.0655, 1.6297, 43.9380, 89.6204, 0
1745407141.321, 3.519, 1.510, -0.7052, -1.1413, -2.0655, 1.6367, 43.9404, 89.6114, 0
1745407141.400, 3.519, 1.510, -0.7052, -1.1412, -2.0655, 1.6532, 43.9388, 89.6105, 0
1745407141.480, 3.519, 1.510, -0.7052, -1.1413, -2.0655, 1.6428, 43.9441, 89.6198, 0
1745407141.560, 3.519, 1.511, -0.7051, -1.1412, -2.0654, 1.6394, 43.9404, 89.6290, 0
1745407141.639, 3.522, 1.511, -0.7051, -1.1413, -2.0655, 1.6357, 43.9480, 89.6196, 0
1745407141.719, 3.521, 1.511, -0.7052, -1.1413, -2.0655, 1.6475, 43.9510, 89.6098, 0
1745407141.799, 3.524, 1.511, -0.7052, -1.1413, -2.0655, 1.6321, 43.9528, 89.6088, 0
1745407141.878, 3.522, 1.510, -0.7052, -1.1413, -2.0655, 1.6295, 43.9519, 89.6066, 0
1745407141.958, 3.522, 1.511, -0.7052, -1.1413, -2.0655, 1.6286, 43.9502, 89.6157, 0
1745407142.038, 3.524, 1.511, -0.7051, -1.1413, -2.0655, 1.6295, 43.9447, 89.6194, 0
1745407142.117, 3.523, 1.511, -0.7052, -1.1413, -2.0655, 1.6376, 43.9382, 89.6166, 0
1745407142.197, 3.522, 1.511, -0.7051, -1.1414, -2.0655, 1.6380, 43.9399, 89.6131, 0
1745407142.277, 3.519, 1.511, -0.7051, -1.1413, -2.0654, 1.6495, 43.9369, 89.6059, 0
1745407142.356, 3.519, 1.511, -0.7051, -1.1413, -2.0655, 1.6623, 43.9388, 89.5938, 0
1745407142.436, 3.524, 1.511, -0.7051, -1.1413, -2.0655, 1.6690, 43.9432, 89.5884, 0
1745407142.515, 3.523, 1.511, -0.7051, -1.1413, -2.0654, 1.6559, 43.9672, 89.6022, 0
1745407142.595, 3.520, 1.511, -0.7051, -1.1413, -2.0655, 1.6811, 43.9618, 89.5817, 0
1745407142.675, 3.520, 1.511, -0.7050, -1.1413, -2.0655, 1.6759, 43.9585, 89.5849, 0
1745407142.754, 3.521, 1.511, -0.7051, -1.1414, -2.0655, 1.6840, 43.9639, 89.5795, 0
1745407142.834, 3.520, 1.510, -0.7051, -1.1414, -2.0655, 1.6714, 43.9564, 89.5827, 0
1745407142.914, 3.524, 1.511, -0.7051, -1.1413, -2.0655, 1.6681, 43.9583, 89.5841, 0
1745407142.993, 3.520, 1.511, -0.7049, -1.1415, -2.0655, 1.6593, 43.9597, 89.5810, 0
1745407143.073, 3.520, 1.511, -0.7050, -1.1414, -2.0655, 1.6627, 43.9582, 89.5914, 0
1745407143.153, 3.520, 1.511, -0.7050, -1.1414, -2.0655, 1.6647, 43.9596, 89.5919, 0
1745407143.232, 3.523, 1.511, -0.7050, -1.1413, -2.0655, 1.6695, 43.9547, 89.5866, 0
1745407143.312, 3.519, 1.511, -0.7050, -1.1414, -2.0655, 1.6711, 43.9528, 89.5869, 0
1745407143.391, 3.520, 1.511, -0.7050, -1.1414, -2.0655, 1.6639, 43.9510, 89.5947, 0
1745407143.471, 3.520, 1.511, -0.7050, -1.1414, -2.0655, 1.6713, 43.9481, 89.5887, 0
1745407143.551, 3.519, 1.511, -0.7049, -1.1414, -2.0654, 1.6669, 43.9580, 89.5905, 0
1745407143.630, 3.523, 1.511, -0.7050, -1.1415, -2.0655, 1.6713, 43.9560, 89.5837, 0
1745407143.710, 3.520, 1.511, -0.7050, -1.1414, -2.0655, 1.6692, 43.9538, 89.5768, 0
1745407143.790, 3.523, 1.511, -0.7050, -1.1414, -2.0655, 1.6716, 43.9595, 89.5833, 0
1745407143.869, 3.523, 1.511, -0.7047, -1.1414, -2.0658, 1.6919, 43.9668, 89.5908, 0
1745407143.949, 3.523, 1.511, -0.7029, -1.1414, -2.0677, 1.6468, 44.1415, 89.6378, 0
1745407144.029, 3.518, 1.512, -0.6989, -1.1414, -2.0724, 1.6410, 44.5386, 89.5805, 0
1745407144.108, 3.521, 1.512, -0.6928, -1.1413, -2.0789, 1.6059, 45.1538, 89.6107, 0
1745407144.188, 3.525, 1.516, -0.6862, -1.1408, -2.0865, 1.6080, 45.7772, 89.5288, 0
1745407144.268, 3.525, 1.526, -0.6793, -1.1409, -2.0940, 1.6884, 46.4325, 89.4519, 0
1745407144.467, 3.527, 1.556, -0.6612, -1.1406, -2.1134, 1.8817, 48.2226, 89.4121, 0
1745407144.666, 3.525, 1.592, -0.6428, -1.1399, -2.1317, 1.9668, 50.0777, 89.3990, 0
1745407144.746, 3.528, 1.609, -0.6355, -1.1399, -2.1387, 2.0378, 50.8386, 89.3028, 0
1745407144.825, 3.538, 1.627, -0.6283, -1.1399, -2.1453, 2.0465, 51.6094, 89.3152, 0
1745407144.905, 3.548, 1.627, -0.6207, -1.1397, -2.1520, 2.0329, 52.3289, 89.3238, 0
1745407144.984, 3.564, 1.647, -0.6134, -1.1398, -2.1583, 1.9698, 53.0648, 89.4143, 0
1745407145.064, 3.564, 1.666, -0.6059, -1.1395, -2.1639, 1.8265, 53.4972, 89.5147, 0
1745407145.144, 3.579, 1.683, -0.6006, -1.1390, -2.1677, 1.7753, 53.5713, 89.5157, 0
1745407145.223, 3.592, 1.697, -0.5998, -1.1390, -2.1683, 1.7995, 53.5415, 89.5468, 0
1745407145.303, 3.601, 1.697, -0.6000, -1.1391, -2.1682, 1.7724, 53.5458, 89.5954, 0
1745407145.383, 3.600, 1.703, -0.5999, -1.1391, -2.1681, 1.7675, 53.5372, 89.6047, 0
1745407145.462, 3.600, 1.702, -0.6000, -1.1391, -2.1682, 1.7685, 53.5462, 89.6234, 0
1745407145.542, 3.596, 1.702, -0.6000, -1.1392, -2.1682, 1.7659, 53.5463, 89.6266, 0
1745407145.621, 3.600, 1.702, -0.5999, -1.1392, -2.1681, 1.7293, 53.5428, 89.6557, 0
1745407145.701, 3.600, 1.702, -0.5999, -1.1391, -2.1681, 1.7282, 53.5331, 89.6576, 0
1745407145.781, 3.599, 1.703, -0.5999, -1.1392, -2.1681, 1.7246, 53.5340, 89.6610, 0
1745407145.860, 3.599, 1.702, -0.5999, -1.1392, -2.1682, 1.7274, 53.5404, 89.6571, 0
1745407145.940, 3.595, 1.703, -0.5998, -1.1392, -2.1682, 1.7359, 53.5318, 89.6498, 0
1745407146.020, 3.598, 1.702, -0.5998, -1.1392, -2.1681, 1.7532, 53.5401, 89.6353, 0
1745407146.100, 3.596, 1.702, -0.5997, -1.1393, -2.1681, 1.7566, 53.5347, 89.6318, 0
1745407146.179, 3.593, 1.702, -0.5998, -1.1393, -2.1681, 1.7595, 53.5332, 89.6290, 0
1745407146.259, 3.593, 1.702, -0.5997, -1.1393, -2.1681, 1.7587, 53.5340, 89.6331, 0
1745407146.338, 3.595, 1.703, -0.5997, -1.1393, -2.1681, 1.7522, 53.5380, 89.6421, 0
1745407146.418, 3.594, 1.703, -0.5997, -1.1393, -2.1681, 1.7745, 53.5415, 89.6267, 0
1745407146.498, 3.592, 1.703, -0.5996, -1.1394, -2.1681, 1.7618, 53.5421, 89.6360, 0
1745407146.577, 3.598, 1.702, -0.5997, -1.1393, -2.1681, 1.7484, 53.5353, 89.6412, 0
1745407146.657, 3.598, 1.703, -0.5997, -1.1395, -2.1682, 1.7581, 53.5578, 89.6427, 0
1745407146.737, 3.595, 1.702, -0.6001, -1.1394, -2.1680, 1.6918, 53.8025, 89.7010, 0
1745407146.816, 3.595, 1.703, -0.6002, -1.1394, -2.1680, 1.6588, 53.9170, 89.7228, 0
1745407146.896, 3.600, 1.703, -0.6002, -1.1394, -2.1679, 1.6875, 53.9115, 89.6976, 0
1745407146.976, 3.603, 1.704, -0.6002, -1.1394, -2.1679, 1.7060, 53.9134, 89.6906, 0
1745407147.055, 3.603, 1.705, -0.6001, -1.1395, -2.1680, 1.7009, 53.9127, 89.6935, 0
1745407147.135, 3.603, 1.704, -0.6002, -1.1394, -2.1680, 1.6882, 53.9105, 89.7062, 0
1745407147.334, 3.603, 1.704, -0.6001, -1.1395, -2.1680, 1.6935, 53.9151, 89.6912, 0
1745407147.414, 3.603, 1.704, -0.6001, -1.1395, -2.1679, 1.6910, 53.9187, 89.6975, 0
1745407147.493, 3.601, 1.704, -0.6000, -1.1395, -2.1679, 1.6995, 53.9245, 89.6873, 0
1745407147.573, 3.600, 1.704, -0.6000, -1.1396, -2.1680, 1.7219, 53.9227, 89.6751, 0
1745407147.653, 3.600, 1.704, -0.5999, -1.1395, -2.1679, 1.7101, 53.9242, 89.6828, 0
1745407147.732, 3.600, 1.705, -0.6000, -1.1395, -2.1679, 1.7260, 53.9197, 89.6697, 0
1745407147.812, 3.604, 1.704, -0.6000, -1.1396, -2.1680, 1.7206, 53.9178, 89.6756, 0
1745407147.891, 3.602, 1.704, -0.5999, -1.1396, -2.1680, 1.7223, 53.9192, 89.6688, 0
1745407147.971, 3.601, 1.704, -0.5999, -1.1395, -2.1678, 1.7091, 53.9214, 89.6819, 0
1745407148.051, 3.601, 1.704, -0.6000, -1.1396, -2.1679, 1.6918, 53.9118, 89.6870, 0
1745407148.130, 3.602, 1.705, -0.6002, -1.1396, -2.1678, 1.7796, 53.8946, 89.6240, 0
1745407148.210, 3.605, 1.704, -0.6003, -1.1397, -2.1678, 1.7664, 53.8931, 89.6196, 0
1745407148.290, 3.601, 1.704, -0.6004, -1.1396, -2.1677, 1.7802, 53.8877, 89.6018, 0
1745407148.489, 3.603, 1.704, -0.6003, -1.1396, -2.1677, 1.7770, 53.8864, 89.5881, 0
1745407148.568, 3.603, 1.705, -0.6002, -1.1397, -2.1677, 1.7696, 53.8895, 89.5891, 0
1745407148.648, 3.602, 1.704, -0.6003, -1.1396, -2.1677, 1.7760, 53.8910, 89.5819, 0
1745407148.728, 3.602, 1.704, -0.6002, -1.1396, -2.1677, 1.7696, 53.8937, 89.5906, 0
1745407148.807, 3.599, 1.704, -0.6003, -1.1396, -2.1677, 1.7677, 53.8943, 89.5950, 0
1745407148.887, 3.603, 1.704, -0.6002, -1.1395, -2.1677, 1.7833, 53.8991, 89.5886, 0
1745407148.967, 3.603, 1.704, -0.6003, -1.1396, -2.1677, 1.7873, 53.8990, 89.5840, 0
1745407149.046, 3.603, 1.704, -0.6003, -1.1396, -2.1677, 1.7896, 53.8956, 89.5783, 0
1745407149.126, 3.604, 1.704, -0.6002, -1.1397, -2.1677, 1.7893, 53.8981, 89.5866, 0
1745407149.206, 3.600, 1.704, -0.6002, -1.1397, -2.1677, 1.7850, 53.8957, 89.5833, 0
1745407149.285, 3.602, 1.704, -0.6002, -1.1397, -2.1677, 1.7730, 53.8956, 89.5975, 0
1745407149.365, 3.602, 1.704, -0.6001, -1.1397, -2.1677, 1.7612, 53.8956, 89.6051, 0
1745407149.444, 3.600, 1.704, -0.6002, -1.1396, -2.1677, 1.7798, 53.8936, 89.5905, 0
1745407149.644, 3.600, 1.704, -0.6003, -1.1397, -2.1676, 1.7718, 53.8632, 89.5648, 0
1745407149.723, 3.598, 1.703, -0.6025, -1.1397, -2.1662, 1.8284, 53.9045, 89.5189, 0
1745407149.803, 3.598, 1.703, -0.6075, -1.1397, -2.1627, 1.8740, 53.8700, 89.4400, 0
1745407149.882, 3.599, 1.703, -0.6154, -1.1396, -2.1569, 1.9337, 53.7573, 89.3810, 0
1745407149.962, 3.599, 1.698, -0.6249, -1.1402, -2.1503, 2.0522, 53.5795, 89.2890, 0
1745407150.042, 3.601, 1.685, -0.6343, -1.1405, -2.1434, 2.0805, 53.4659, 89.2641, 0
1745407150.121, 3.587, 1.669, -0.6429, -1.1409, -2.1370, 1.9876, 53.4092, 89.3145, 0
1745407150.201, 3.586, 1.669, -0.6506, -1.1409, -2.1313, 2.0395, 53.3258, 89.2420, 0
1745407150.281, 3.583, 1.655, -0.6573, -1.1414, -2.1265, 2.0496, 53.3182, 89.2097, 0
1745407150.360, 3.583, 1.643, -0.6637, -1.1412, -2.1216, 2.0225, 53.3433, 89.2143, 0
1745407150.440, 3.572, 1.630, -0.6701, -1.1415, -2.1168, 1.9608, 53.3720, 89.2349, 0
1745407150.520, 3.570, 1.619, -0.6771, -1.1414, -2.1119, 2.0137, 53.3737, 89.1721, 0
1745407150.599, 3.574, 1.619, -0.6845, -1.1418, -2.1063, 1.9292, 53.3716, 89.2696, 0
1745407150.679, 3.570, 1.610, -0.6918, -1.1425, -2.1006, 1.8152, 53.3214, 89.3527, 0
1745407150.758, 3.570, 1.598, -0.6992, -1.1424, -2.0949, 1.7820, 53.1961, 89.3909, 0
1745407150.838, 3.564, 1.586, -0.7064, -1.1425, -2.0895, 1.7642, 53.0851, 89.4313, 0
1745407150.918, 3.564, 1.573, -0.7131, -1.1422, -2.0845, 1.9434, 52.9265, 89.3074, 0
1745407150.998, 3.558, 1.573, -0.7185, -1.1424, -2.0809, 2.0348, 52.8701, 89.2666, 0
1745407151.077, 3.549, 1.559, -0.7198, -1.1425, -2.0800, 2.0800, 52.8686, 89.2344, 0
1745407151.157, 3.549, 1.549, -0.7192, -1.1426, -2.0802, 2.0546, 52.8370, 89.2466, 0
1745407151.237, 3.545, 1.545, -0.7189, -1.1425, -2.0804, 2.0602, 52.8289, 89.2470, 0
1745407151.316, 3.549, 1.546, -0.7190, -1.1425, -2.0805, 2.0713, 52.8299, 89.2428, 0
1745407151.396, 3.552, 1.546, -0.7189, -1.1425, -2.0804, 2.0734, 52.8219, 89.2485, 0
1745407151.475, 3.547, 1.549, -0.7189, -1.1425, -2.0805, 2.0720, 52.8186, 89.2481, 0
1745407151.555, 3.547, 1.547, -0.7189, -1.1425, -2.0804, 2.0705, 52.8157, 89.2470, 0
1745407151.635, 3.547, 1.546, -0.7188, -1.1426, -2.0805, 2.0830, 52.8175, 89.2363, 0
1745407151.714, 3.545, 1.546, -0.7189, -1.1426, -2.0804, 2.0935, 52.8208, 89.2278, 0
1745407151.794, 3.546, 1.546, -0.7189, -1.1425, -2.0804, 2.0954, 52.8155, 89.2253, 0
1745407151.874, 3.550, 1.547, -0.7189, -1.1426, -2.0804, 2.0859, 52.8179, 89.2229, 0
1745407151.953, 3.550, 1.546, -0.7200, -1.1426, -2.0794, 2.0655, 52.6877, 89.2254, 0
1745407152.033, 3.546, 1.547, -0.7248, -1.1425, -2.0760, 2.1170, 52.6398, 89.1426, 0
1745407152.113, 3.543, 1.543, -0.7307, -1.1427, -2.0714, 2.0727, 52.7177, 89.2241, 0
1745407152.192, 3.543, 1.543, -0.7352, -1.1428, -2.0678, 1.9816, 52.7989, 89.2787, 0
1745407152.278, 3.545, 1.535, -0.7365, -1.1430, -2.0669, 1.9888, 52.8190, 89.2630, 0
1745407153.566, 3.536, 1.508, -0.7509, -1.1430, -2.0565, 2.0722, 52.7730, 89.1433, 0
1745407153.646, 3.536, 1.506, -0.7509, -1.1430, -2.0565, 2.0775, 52.7768, 89.1357, 0
1745407153.725, 3.537, 1.508, -0.7509, -1.1431, -2.0565, 2.0903, 52.7782, 89.1211, 0
1745407153.805, 3.536, 1.506, -0.7509, -1.1430, -2.0566, 2.0740, 52.7814, 89.1234, 0
1745407153.885, 3.538, 1.506, -0.7510, -1.1430, -2.0565, 2.0720, 52.7787, 89.1352, 0
1745407153.964, 3.538, 1.508, -0.7509, -1.1430, -2.0566, 2.0803, 52.7787, 89.1265, 0
1745407154.044, 3.540, 1.506, -0.7510, -1.1430, -2.0565, 2.0625, 52.7821, 89.1415, 0
1745407154.123, 3.537, 1.507, -0.7509, -1.1431, -2.0565, 2.0696, 52.7755, 89.1359, 0
1745407154.203, 3.540, 1.508, -0.7510, -1.1430, -2.0566, 2.0735, 52.7801, 89.1412, 0
1745407154.283, 3.540, 1.508, -0.7510, -1.1430, -2.0565, 2.0668, 52.7773, 89.1425, 0
1745407154.362, 3.540, 1.507, -0.7524, -1.1431, -2.0552, 2.1226, 52.6646, 89.0815, 0
1745407154.442, 3.538, 1.508, -0.7576, -1.1430, -2.0513, 1.9512, 52.7418, 89.1815, 0
1745407154.522, 3.539, 1.502, -0.7631, -1.1434, -2.0471, 1.9916, 52.7151, 89.1826, 0
1745407154.603, 3.536, 1.495, -0.7667, -1.1434, -2.0443, 1.9411, 52.7704, 89.2432, 0
1745407154.681, 3.536, 1.495, -0.7677, -1.1435, -2.0436, 1.9973, 52.6867, 89.1767, 0
1745407154.761, 3.536, 1.489, -0.7676, -1.1435, -2.0436, 1.9608, 52.6650, 89.1872, 0
1745407154.840, 3.537, 1.485, -0.7688, -1.1435, -2.0425, 2.0286, 52.5396, 89.1227, 0
1745407154.920, 3.533, 1.483, -0.7712, -1.1437, -2.0407, 2.0098, 52.5938, 89.1317, 0
1745407155.000, 3.532, 1.483, -0.7731, -1.1436, -2.0394, 2.0159, 52.5782, 89.1484, 0
1745407155.079, 3.531, 1.480, -0.7737, -1.1436, -2.0390, 2.0477, 52.5609, 89.1073, 0
1745407155.159, 3.531, 1.477, -0.7750, -1.1438, -2.0380, 2.1207, 52.4488, 89.0424, 0
1745407155.239, 3.533, 1.476, -0.7808, -1.1438, -2.0335, 2.0870, 52.3811, 89.0685, 0
1745407155.318, 3.533, 1.473, -0.7882, -1.1439, -2.0279, 2.1757, 52.2298, 89.0086, 0
1745407155.398, 3.528, 1.473, -0.7935, -1.1441, -2.0238, 2.1596, 52.1911, 89.0779, 0
1745407155.478, 3.523, 1.459, -0.7949, -1.1441, -2.0229, 2.1523, 52.1769, 89.0649, 0
1745407155.557, 3.523, 1.449, -0.7950, -1.1441, -2.0227, 2.1074, 52.2411, 89.0376, 0
1745407155.637, 3.522, 1.445, -0.7987, -1.1439, -2.0197, 2.0460, 52.1914, 89.1834, 0
1745407155.717, 3.521, 1.444, -0.8029, -1.1442, -2.0162, 1.9468, 52.1128, 89.2940, 0
1745407155.796, 3.520, 1.444, -0.8061, -1.1443, -2.0139, 1.9538, 52.1192, 89.3022, 0
1745407155.876, 3.521, 1.439, -0.8067, -1.1443, -2.0133, 1.9469, 52.1225, 89.3005, 0
1745407155.955, 3.521, 1.432, -0.8069, -1.1443, -2.0132, 1.9555, 52.1527, 89.2925, 0
1745407156.035, 3.514, 1.431, -0.8105, -1.1444, -2.0106, 2.0119, 52.1653, 89.1685, 0
1745407156.115, 3.512, 1.431, -0.8188, -1.1444, -2.0042, 1.9699, 52.0620, 89.2397, 0
1745407156.194, 3.520, 1.431, -0.8241, -1.1440, -1.9982, 1.4907, 51.8646, 89.2368, 0
1745407156.274, 3.509, 1.422, -0.8247, -1.1441, -1.9981, 1.6089, 51.8305, 89.1252, 0
1745407156.354, 3.509, 1.409, -0.8239, -1.1445, -1.9992, 1.7690, 51.8796, 89.1718, 0
1745407156.433, 3.507, 1.405, -0.8240, -1.1445, -1.9992, 1.7765, 51.8540, 89.1673, 0
1745407156.513, 3.508, 1.408, -0.8241, -1.1443, -1.9987, 1.5745, 51.8090, 89.2914, 0
1745407156.593, 3.509, 1.408, -0.8254, -1.1440, -1.9971, 1.3191, 51.7818, 89.2162, 0
1745407156.672, 3.508, 1.406, -0.8268, -1.1437, -1.9957, 1.1934, 51.7731, 88.9333, 0
1745407156.752, 3.508, 1.404, -0.8307, -1.1432, -1.9926, 1.2349, 51.8117, 88.2103, 0
1745407156.831, 3.506, 1.402, -0.8427, -1.1434, -1.9838, 1.2190, 51.8672, 87.9097, 0
1745407156.911, 3.509, 1.395, -0.8576, -1.1432, -1.9728, 1.4896, 51.7929, 87.5297, 0
1745407156.991, 3.507, 1.395, -0.8704, -1.1434, -1.9625, 1.2502, 51.1527, 88.0134, 0
1745407157.070, 3.501, 1.375, -0.8751, -1.1441, -1.9590, 1.3137, 51.1018, 87.9399, 0
1745407157.150, 3.501, 1.350, -0.8736, -1.1436, -1.9607, 1.5508, 51.2362, 87.5517, 0
1745407157.230, 3.487, 1.340, -0.8719, -1.1437, -1.9622, 1.4880, 51.3041, 87.6019, 0
1745407157.309, 3.491, 1.343, -0.8706, -1.1437, -1.9632, 1.5541, 51.2752, 87.5032, 0
1745407157.389, 3.491, 1.343, -0.8701, -1.1436, -1.9637, 1.5916, 51.2690, 87.4413, 0
1745407157.469, 3.491, 1.345, -0.8700, -1.1437, -1.9637, 1.5827, 51.2542, 87.4510, 0
1745407157.548, 3.491, 1.347, -0.8701, -1.1437, -1.9637, 1.5559, 51.2494, 87.4694, 0
1745407157.628, 3.487, 1.346, -0.8700, -1.1436, -1.9636, 1.5347, 51.2521, 87.4822, 0
1745407157.707, 3.491, 1.347, -0.8701, -1.1436, -1.9636, 1.5565, 51.2521, 87.4687, 0
1745407157.787, 3.491, 1.347, -0.8701, -1.1436, -1.9636, 1.5450, 51.2532, 87.4691, 0
1745407157.869, 3.493, 1.346, -0.8700, -1.1436, -1.9636, 1.5697, 51.2526, 87.4369, 0
1745407157.946, 3.493, 1.346, -0.8701, -1.1436, -1.9636, 1.5714, 51.2527, 87.4371, 0
1745407158.026, 3.492, 1.347, -0.8700, -1.1436, -1.9636, 1.5570, 51.2551, 87.4475, 0
1745407158.106, 3.495, 1.347, -0.8700, -1.1437, -1.9636, 1.5661, 51.2493, 87.4358, 0
1745407158.185, 3.488, 1.347, -0.8701, -1.1437, -1.9636, 1.5679, 51.2517, 87.4310, 0
1745407158.265, 3.488, 1.347, -0.8701, -1.1436, -1.9636, 1.5810, 51.2494, 87.4244, 0
1745407158.345, 3.488, 1.346, -0.8700, -1.1436, -1.9635, 1.5593, 51.2544, 87.4436, 0
1745407158.424, 3.491, 1.347, -0.8701, -1.1436, -1.9637, 1.5598, 51.2544, 87.4493, 0
1745407158.504, 3.493, 1.346, -0.8700, -1.1437, -1.9636, 1.5574, 51.2545, 87.4491, 0
1745407158.583, 3.491, 1.346, -0.8700, -1.1436, -1.9636, 1.5615, 51.2566, 87.4398, 0
1745407158.663, 3.490, 1.346, -0.8701, -1.1437, -1.9636, 1.5497, 51.2582, 87.4467, 0
1745407158.743, 3.490, 1.347, -0.8701, -1.1437, -1.9636, 1.5489, 51.2602, 87.4462, 0
1745407158.822, 3.489, 1.347, -0.8701, -1.1437, -1.9636, 1.5449, 51.2578, 87.4449, 0
1745407158.902, 3.491, 1.346, -0.8700, -1.1437, -1.9635, 1.5419, 51.2542, 87.4462, 0
1745407158.982, 3.491, 1.346, -0.8700, -1.1437, -1.9636, 1.5268, 51.2512, 87.4526, 0
1745407159.062, 3.496, 1.346, -0.8701, -1.1436, -1.9635, 1.5398, 51.2567, 87.4371, 0
1745407159.141, 3.496, 1.347, -0.8700, -1.1436, -1.9636, 1.5352, 51.2579, 87.4472, 0
1745407159.221, 3.495, 1.345, -0.8701, -1.1436, -1.9636, 1.5394, 51.2573, 87.4469, 0
1745407159.300, 3.492, 1.347, -0.8700, -1.1436, -1.9636, 1.5434, 51.2594, 87.4531, 0
1745407159.380, 3.488, 1.347, -0.8700, -1.1437, -1.9636, 1.5269, 51.2560, 87.4602, 0
1745407159.460, 3.488, 1.346, -0.8701, -1.1436, -1.9636, 1.5154, 51.2544, 87.4660, 0
1745407159.539, 3.494, 1.346, -0.8701, -1.1437, -1.9635, 1.5301, 51.2247, 87.4746, 0
1745407159.619, 3.488, 1.346, -0.8700, -1.1438, -1.9634, 1.5517, 51.2109, 87.4688, 0
1745407159.699, 3.488, 1.346, -0.8702, -1.1437, -1.9635, 1.5730, 51.2097, 87.4489, 0
1745407159.778, 3.496, 1.346, -0.8702, -1.1437, -1.9635, 1.5620, 51.2071, 87.4606, 0
1745407159.858, 3.496, 1.345, -0.8701, -1.1437, -1.9635, 1.5743, 51.2089, 87.4551, 0
1745407159.938, 3.493, 1.346, -0.8701, -1.1437, -1.9635, 1.5745, 51.2080, 87.4565, 0
1745407160.017, 3.491, 1.345, -0.8702, -1.1437, -1.9634, 1.5573, 51.2057, 87.4757, 0
1745407160.097, 3.493, 1.345, -0.8701, -1.1437, -1.9635, 1.5592, 51.2119, 87.4811, 0
1745407160.177, 3.492, 1.345, -0.8702, -1.1437, -1.9634, 1.5636, 51.1999, 87.4678, 0
1745407160.256, 3.492, 1.345, -0.8702, -1.1437, -1.9635, 1.5693, 51.2037, 87.4648, 0
1745407160.336, 3.491, 1.346, -0.8702, -1.1437, -1.9635, 1.5875, 51.2012, 87.4497, 0
1745407160.415, 3.487, 1.345, -0.8701, -1.1438, -1.9635, 1.5705, 51.1982, 87.4669, 0
1745407160.495, 3.491, 1.345, -0.8701, -1.1437, -1.9635, 1.5554, 51.2041, 87.4800, 0
1745407160.575, 3.490, 1.345, -0.8701, -1.1437, -1.9635, 1.5502, 51.1977, 87.4737, 0
1745407160.654, 3.490, 1.345, -0.8701, -1.1437, -1.9635, 1.5449, 51.2028, 87.4715, 0
1745407160.734, 3.489, 1.346, -0.8702, -1.1437, -1.9635, 1.5485, 51.2081, 87.4656, 0
1745407160.814, 3.494, 1.345, -0.8702, -1.1437, -1.9635, 1.5447, 51.2135, 87.4711, 0
1745407160.893, 3.490, 1.345, -0.8702, -1.1437, -1.9635, 1.5220, 51.2161, 87.4876, 0
1745407160.973, 3.488, 1.345, -0.8701, -1.1437, -1.9635, 1.5402, 51.2100, 87.4783, 0
1745407161.053, 3.488, 1.345, -0.8701, -1.1438, -1.9634, 1.5347, 51.2083, 87.4847, 0
1745407161.132, 3.493, 1.346, -0.8701, -1.1437, -1.9635, 1.5327, 51.2109, 87.4893, 0
1745407161.212, 3.488, 1.345, -0.8701, -1.1437, -1.9635, 1.5425, 51.2094, 87.4814, 0
1745407161.291, 3.489, 1.345, -0.8700, -1.1438, -1.9635, 1.5348, 51.2074, 87.4765, 0
1745407161.371, 3.488, 1.344, -0.8701, -1.1437, -1.9635, 1.5370, 51.2081, 87.4788, 0
1745407161.451, 3.488, 1.346, -0.8701, -1.1437, -1.9634, 1.5452, 51.2040, 87.4787, 0
1745407161.530, 3.493, 1.345, -0.8701, -1.1437, -1.9635, 1.5443, 51.2091, 87.4784, 0
1745407161.610, 3.489, 1.346, -0.8701, -1.1437, -1.9634, 1.5542, 51.2102, 87.4644, 0
1745407161.690, 3.494, 1.346, -0.8701, -1.1437, -1.9635, 1.5374, 51.2126, 87.4855, 0
1745407161.769, 3.490, 1.346, -0.8702, -1.1437, -1.9635, 1.5467, 51.1965, 87.4724, 0
1745407161.849, 3.490, 1.345, -0.8701, -1.1437, -1.9634, 1.5434, 51.1812, 87.4685, 0
1745407161.929, 3.493, 1.345, -0.8708, -1.1437, -1.9625, 1.4578, 50.9798, 87.6141, 0
1745407162.008, 3.490, 1.345, -0.8722, -1.1437, -1.9610, 1.4315, 50.6772, 87.5988, 0
1745407162.088, 3.488, 1.345, -0.8755, -1.1437, -1.9573, 1.3400, 49.9926, 87.7316, 0
1745407162.168, 3.483, 1.343, -0.8817, -1.1441, -1.9518, 1.6595, 49.0027, 87.7626, 0
1745407162.247, 3.483, 1.335, -0.8926, -1.1463, -1.9408, 1.8582, 47.1504, 89.5230, 0
1745407162.329, 3.498, 1.322, -0.8989, -1.1467, -1.9323, 1.6311, 46.0135, 89.4521, 0
1745407162.407, 3.481, 1.294, -0.9016, -1.1459, -1.9283, 1.5795, 45.1685, 89.4857, 0
1745407162.486, 3.468, 1.294, -0.9017, -1.1462, -1.9285, 1.5426, 45.2966, 89.5392, 0
1745407162.566, 3.466, 1.280, -0.9012, -1.1462, -1.9291, 1.5522, 45.3086, 89.5263, 0
1745407162.645, 3.466, 1.278, -0.9011, -1.1463, -1.9290, 1.5343, 45.3139, 89.5421, 0
1745407162.725, 3.468, 1.278, -0.9011, -1.1463, -1.9291, 1.5379, 45.3116, 89.5413, 0
1745407162.805, 3.469, 1.279, -0.9011, -1.1462, -1.9291, 1.5123, 45.3170, 89.5538, 0
1745407162.885, 3.466, 1.279, -0.9012, -1.1462, -1.9291, 1.5098, 45.3224, 89.5456, 0
1745407162.964, 3.466, 1.277, -0.9011, -1.1463, -1.9291, 1.5182, 45.3244, 89.5381, 0
1745407163.044, 3.466, 1.279, -0.9010, -1.1463, -1.9290, 1.5067, 45.3244, 89.5533, 0
1745407163.123, 3.469, 1.278, -0.9006, -1.1464, -1.9294, 1.4881, 45.3318, 89.6210, 0
1745407163.203, 3.468, 1.278, -0.8975, -1.1462, -1.9328, 1.5704, 45.3085, 89.5724, 0
1745407163.283, 3.468, 1.278, -0.8921, -1.1453, -1.9367, 1.1296, 44.6409, 89.3759, 0
1745407163.362, 3.466, 1.281, -0.8873, -1.1447, -1.9416, 1.2772, 44.7597, 88.5084, 0
1745407163.442, 3.466, 1.288, -0.8805, -1.1441, -1.9483, 1.1471, 44.8009, 88.0791, 0
1745407163.522, 3.464, 1.296, -0.8688, -1.1436, -1.9603, 1.2807, 44.9557, 87.8441, 0
1745407163.601, 3.465, 1.310, -0.8531, -1.1432, -1.9755, 1.1655, 45.2413, 87.9326, 0
1745407163.681, 3.468, 1.310, -0.8385, -1.1435, -1.9906, 1.3504, 45.2709, 87.9654, 0
1745407163.761, 3.470, 1.334, -0.8264, -1.1439, -2.0028, 1.4047, 45.8628, 88.5682, 0
1745407163.840, 3.470, 1.363, -0.8185, -1.1469, -2.0112, 1.9905, 45.5232, 89.3666, 0
1745407163.920, 3.480, 1.385, -0.8102, -1.1448, -2.0192, 1.8300, 45.4335, 89.4418, 0
1745407164.000, 3.479, 1.401, -0.8027, -1.1446, -2.0266, 1.9205, 45.3949, 89.3004, 0
1745407164.079, 3.480, 1.401, -0.7958, -1.1433, -2.0330, 1.9088, 45.3059, 89.2716, 0
1745407164.159, 3.480, 1.414, -0.7912, -1.1444, -2.0376, 1.8581, 45.1913, 89.2928, 0
1745407164.238, 3.480, 1.424, -0.7905, -1.1444, -2.0382, 1.8181, 45.2040, 89.3496, 0
1745407164.318, 3.476, 1.433, -0.7906, -1.1442, -2.0379, 1.7713, 45.1978, 89.4083, 0
1745407164.398, 3.480, 1.434, -0.7907, -1.1442, -2.0381, 1.7825, 45.1995, 89.4132, 0
1745407164.477, 3.477, 1.434, -0.7906, -1.1442, -2.0379, 1.7725, 45.1944, 89.4247, 0
1745407164.557, 3.475, 1.434, -0.7907, -1.1441, -2.0379, 1.7583, 45.1944, 89.4331, 0
1745407164.637, 3.475, 1.433, -0.7907, -1.1441, -2.0380, 1.7471, 45.1955, 89.4470, 0
1745407164.716, 3.475, 1.434, -0.7907, -1.1442, -2.0379, 1.7449, 45.2006, 89.4436, 0
1745407164.796, 3.478, 1.434, -0.7906, -1.1441, -2.0379, 1.7395, 45.2029, 89.4422, 0
1745407164.876, 3.481, 1.434, -0.7907, -1.1442, -2.0381, 1.7336, 45.2023, 89.4500, 0
1745407164.955, 3.481, 1.434, -0.7907, -1.1442, -2.0380, 1.7399, 45.2009, 89.4473, 0
1745407165.035, 3.475, 1.433, -0.7906, -1.1442, -2.0380, 1.7308, 45.2034, 89.4511, 0
1745407165.114, 3.481, 1.435, -0.7907, -1.1442, -2.0379, 1.7351, 45.2014, 89.4512, 0
1745407165.194, 3.480, 1.434, -0.7908, -1.1442, -2.0380, 1.7357, 45.2013, 89.4513, 0
1745407165.274, 3.476, 1.434, -0.7907, -1.1441, -2.0380, 1.7210, 45.1970, 89.4690, 0
1745407165.354, 3.476, 1.434, -0.7908, -1.1442, -2.0381, 1.7212, 45.1969, 89.4635, 0
1745407165.433, 3.481, 1.434, -0.7908, -1.1441, -2.0381, 1.6997, 45.1915, 89.4812, 0
1745407165.513, 3.482, 1.434, -0.7907, -1.1441, -2.0379, 1.7020, 45.1907, 89.4850, 0
1745407165.592, 3.475, 1.434, -0.7908, -1.1441, -2.0380, 1.7097, 45.1839, 89.4833, 0
1745407165.672, 3.482, 1.434, -0.7908, -1.1441, -2.0380, 1.6873, 45.1945, 89.5038, 0
1745407165.752, 3.482, 1.433, -0.7908, -1.1441, -2.0380, 1.6933, 45.1939, 89.5020, 0
1745407165.831, 3.479, 1.434, -0.7908, -1.1441, -2.0380, 1.7027, 45.1967, 89.4982, 0
1745407165.911, 3.475, 1.434, -0.7908, -1.1441, -2.0380, 1.6901, 45.2023, 89.5021, 0
1745407165.991, 3.479, 1.434, -0.7909, -1.1441, -2.0380, 1.7006, 45.2019, 89.4937, 0
1745407166.070, 3.482, 1.434, -0.7908, -1.1441, -2.0380, 1.7042, 45.1967, 89.4884, 0
1745407166.150, 3.482, 1.435, -0.7909, -1.1441, -2.0380, 1.6917, 45.1990, 89.4905, 0
1745407166.230, 3.480, 1.434, -0.7908, -1.1441, -2.0380, 1.6943, 45.2021, 89.4957, 0
1745407166.309, 3.482, 1.434, -0.7909, -1.1441, -2.0380, 1.6929, 45.2021, 89.4944, 0
1745407166.389, 3.481, 1.434, -0.7909, -1.1441, -2.0380, 1.7000, 45.2048, 89.4829, 0
1745407166.468, 3.481, 1.434, -0.7909, -1.1440, -2.0380, 1.7064, 45.2026, 89.4756, 0
1745407166.548, 3.481, 1.434, -0.7909, -1.1441, -2.0380, 1.7075, 45.2004, 89.4737, 0
1745407166.628, 3.481, 1.434, -0.7909, -1.1441, -2.0380, 1.7126, 45.1994, 89.4738, 0
1745407166.707, 3.477, 1.434, -0.7909, -1.1441, -2.0381, 1.6973, 45.2004, 89.4880, 0
1745407166.787, 3.481, 1.434, -0.7909, -1.1441, -2.0380, 1.6912, 45.2010, 89.4824, 0
1745407166.867, 3.476, 1.435, -0.7909, -1.1441, -2.0380, 1.7036, 45.2009, 89.4798, 0
1745407166.946, 3.476, 1.433, -0.7909, -1.1441, -2.0380, 1.7035, 45.1962, 89.4773, 0
1745407167.026, 3.475, 1.434, -0.7908, -1.1441, -2.0381, 1.6894, 45.1856, 89.4916, 0
1745407167.106, 3.476, 1.434, -0.7899, -1.1441, -2.0392, 1.7100, 45.1953, 89.4777, 0
1745407167.185, 3.484, 1.434, -0.7860, -1.1441, -2.0425, 1.7135, 45.1451, 89.4949, 0
1745407167.269, 3.483, 1.435, -0.7801, -1.1435, -2.0489, 1.8506, 45.0004, 89.3616, 0
1745407169.156, 3.484, 1.558, -0.7005, -1.1421, -2.1270, 1.6710, 43.4388, 89.5328, 0
1745407169.236, 3.484, 1.558, -0.7004, -1.1422, -2.1271, 1.6763, 43.4412, 89.5283, 0
1745407169.316, 3.482, 1.559, -0.7005, -1.1421, -2.1271, 1.6698, 43.4473, 89.5303, 0
1745407169.395, 3.480, 1.558, -0.7005, -1.1422, -2.1271, 1.6749, 43.4439, 89.5225, 0
1745407169.475, 3.486, 1.558, -0.7005, -1.1421, -2.1270, 1.6835, 43.4487, 89.5222, 0
1745407169.555, 3.484, 1.558, -0.7004, -1.1422, -2.1272, 1.6864, 43.4526, 89.5132, 0
1745407169.634, 3.484, 1.558, -0.7004, -1.1422, -2.1271, 1.6833, 43.4552, 89.5100, 0
1745407169.714, 3.480, 1.558, -0.7004, -1.1422, -2.1272, 1.6776, 43.4566, 89.5131, 0
1745407169.794, 3.483, 1.559, -0.7004, -1.1422, -2.1271, 1.6819, 43.4526, 89.5063, 0
1745407169.873, 3.480, 1.559, -0.7005, -1.1422, -2.1271, 1.6767, 43.4470, 89.5107, 0
1745407169.953, 3.483, 1.559, -0.7005, -1.1422, -2.1272, 1.6752, 43.4494, 89.5088, 0
1745407170.033, 3.483, 1.560, -0.7005, -1.1422, -2.1271, 1.6773, 43.4498, 89.5066, 0
1745407170.112, 3.484, 1.559, -0.7004, -1.1421, -2.1271, 1.6685, 43.4515, 89.5194, 0
1745407170.192, 3.481, 1.559, -0.7002, -1.1422, -2.1273, 1.6491, 43.4432, 89.5231, 0
1745407170.272, 3.482, 1.559, -0.6997, -1.1421, -2.1279, 1.6661, 43.4245, 89.5353, 0
1745407170.351, 3.479, 1.559, -0.6977, -1.1422, -2.1299, 1.6740, 43.3922, 89.5735, 0
1745407170.431, 3.479, 1.560, -0.6940, -1.1421, -2.1339, 1.7397, 43.3015, 89.4906, 0
1745407170.511, 3.483, 1.564, -0.6890, -1.1419, -2.1392, 1.8033, 43.1755, 89.4783, 0
1745407170.590, 3.485, 1.570, -0.6831, -1.1417, -2.1455, 1.8280, 43.0554, 89.4786, 0
1745407170.670, 3.486, 1.570, -0.6767, -1.1415, -2.1519, 1.7902, 42.9535, 89.5014, 0
1745407170.751, 3.486, 1.582, -0.6700, -1.1416, -2.1587, 1.7883, 42.8366, 89.4973, 0
1745407170.829, 3.482, 1.592, -0.6640, -1.1414, -2.1651, 1.7830, 42.7478, 89.4766, 0
1745407170.909, 3.487, 1.604, -0.6576, -1.1411, -2.1715, 1.7318, 42.6903, 89.5122, 0
1745407170.988, 3.484, 1.614, -0.6515, -1.1411, -2.1777, 1.6656, 42.6247, 89.5619, 0
1745407171.068, 3.487, 1.614, -0.6452, -1.1406, -2.1840, 1.5941, 42.5174, 89.6183, 0
1745407171.148, 3.487, 1.625, -0.6391, -1.1406, -2.1902, 1.5447, 42.4683, 89.6835, 0
1745407171.227, 3.486, 1.637, -0.6334, -1.1405, -2.1966, 1.5751, 42.3494, 89.6711, 0
1745407171.309, 3.482, 1.649, -0.6276, -1.1404, -2.2031, 1.6835, 42.1846, 89.6432, 0
1745407171.387, 3.487, 1.659, -0.6215, -1.1403, -2.2096, 1.6804, 42.0426, 89.6900, 0
1745407171.466, 3.486, 1.659, -0.6143, -1.1402, -2.2167, 1.5279, 41.8899, 89.7773, 0
1745407171.546, 3.486, 1.670, -0.6079, -1.1399, -2.2237, 1.5699, 41.7651, 89.7961, 0
1745407171.626, 3.485, 1.683, -0.6015, -1.1395, -2.2309, 1.6240, 41.6738, 89.7615, 0
1745407171.705, 3.488, 1.692, -0.5950, -1.1396, -2.2379, 1.6197, 41.6307, 89.7645, 0
1745407171.785, 3.483, 1.692, -0.5884, -1.1396, -2.2448, 1.5200, 41.5593, 89.8224, 0
1745407171.864, 3.486, 1.704, -0.5821, -1.1393, -2.2513, 1.4826, 41.4962, 89.8535, 0
1745407171.948, 3.486, 1.716, -0.5761, -1.1394, -2.2581, 1.5376, 41.4231, 89.8471, 0
1745407173.716, 3.486, 1.835, -0.5128, -1.1373, -2.3292, 1.6663, 40.7627, 89.7847, 0
1745407173.796, 3.488, 1.836, -0.5127, -1.1373, -2.3292, 1.6861, 40.7704, 89.7487, 0
1745407173.875, 3.489, 1.836, -0.5127, -1.1374, -2.3292, 1.6928, 40.7520, 89.7645, 0
1745407173.955, 3.493, 1.835, -0.5127, -1.1374, -2.3291, 1.6807, 40.7451, 89.7719, 0
1745407174.046, 3.493, 1.835, -0.5128, -1.1374, -2.3292, 1.6893, 40.7426, 89.7680, 0
1745407174.851, 3.488, 1.834, -0.5128, -1.1373, -2.3291, 1.6629, 40.7356, 89.7818, 0
1745407174.951, 3.491, 1.835, -0.5129, -1.1373, -2.3291, 1.6666, 40.7331, 89.7882, 0
1745407175.030, 3.491, 1.834, -0.5129, -1.1373, -2.3291, 1.6699, 40.7292, 89.7896, 0
1745407175.110, 3.489, 1.833, -0.5128, -1.1373, -2.3291, 1.6570, 40.7324, 89.7992, 0
1745407175.190, 3.488, 1.833, -0.5128, -1.1373, -2.3291, 1.6716, 40.7326, 89.7903, 0
1745407175.269, 3.486, 1.833, -0.5128, -1.1373, -2.3292, 1.6842, 40.7315, 89.7862, 0
1745407175.349, 3.490, 1.835, -0.5129, -1.1373, -2.3291, 1.6696, 40.7388, 89.7980, 0
1745407175.429, 3.490, 1.834, -0.5128, -1.1373, -2.3291, 1.6567, 40.7369, 89.7969, 0
1745407175.508, 3.488, 1.835, -0.5129, -1.1372, -2.3291, 1.6706, 40.7371, 89.7875, 0
1745407175.588, 3.487, 1.834, -0.5129, -1.1373, -2.3291, 1.6657, 40.7391, 89.7935, 0
1745407175.668, 3.487, 1.834, -0.5130, -1.1373, -2.3291, 1.6828, 40.7383, 89.7851, 0
1745407175.747, 3.493, 1.835, -0.5129, -1.1373, -2.3291, 1.6645, 40.7358, 89.7938, 0
1745407175.827, 3.493, 1.834, -0.5128, -1.1373, -2.3291, 1.6567, 40.7316, 89.8054, 0
1745407175.906, 3.489, 1.834, -0.5129, -1.1373, -2.3291, 1.6755, 40.7244, 89.8042, 0
1745407175.986, 3.489, 1.834, -0.5129, -1.1374, -2.3292, 1.6748, 40.7322, 89.7970, 0
1745407176.066, 3.487, 1.834, -0.5129, -1.1373, -2.3291, 1.6661, 40.7274, 89.8066, 0
1745407176.145, 3.492, 1.834, -0.5129, -1.1373, -2.3291, 1.6680, 40.7306, 89.8043, 0
1745407176.225, 3.492, 1.834, -0.5129, -1.1373, -2.3291, 1.6552, 40.7324, 89.8043, 0
1745407176.305, 3.489, 1.833, -0.5129, -1.1372, -2.3291, 1.6669, 40.7324, 89.8011, 0
1745407176.384, 3.490, 1.835, -0.5129, -1.1373, -2.3292, 1.6735, 40.7374, 89.7930, 0
1745407176.464, 3.487, 1.835, -0.5129, -1.1373, -2.3290, 1.6752, 40.7400, 89.7871, 0
1745407176.544, 3.487, 1.836, -0.5130, -1.1373, -2.3291, 1.6866, 40.7442, 89.7745, 0
1745407176.623, 3.488, 1.833, -0.5129, -1.1373, -2.3291, 1.6860, 40.7452, 89.7750, 0
1745407176.703, 3.492, 1.833, -0.5129, -1.1373, -2.3291, 1.6843, 40.7436, 89.7746, 0
1745407176.783, 3.487, 1.833, -0.5130, -1.1372, -2.3291, 1.6888, 40.7496, 89.7698, 0
1745407176.862, 3.490, 1.833, -0.5129, -1.1373, -2.3291, 1.6800, 40.7470, 89.7778, 0
1745407176.942, 3.490, 1.835, -0.5130, -1.1373, -2.3292, 1.6769, 40.7492, 89.7809, 0
1745407177.021, 3.488, 1.833, -0.5129, -1.1372, -2.3290, 1.6711, 40.7522, 89.7783, 0
1745407177.101, 3.488, 1.834, -0.5129, -1.1372, -2.3292, 1.6813, 40.7497, 89.7714, 0
1745407177.181, 3.492, 1.834, -0.5130, -1.1373, -2.3292, 1.6868, 40.7467, 89.7725, 0
1745407177.260, 3.490, 1.835, -0.5130, -1.1373, -2.3291, 1.6735, 40.7472, 89.7737, 0
1745407177.340, 3.490, 1.835, -0.5127, -1.1373, -2.3293, 1.6742, 40.7770, 89.7807, 0
1745407177.420, 3.488, 1.835, -0.5120, -1.1372, -2.3303, 1.6778, 40.7867, 89.7711, 0
1745407177.499, 3.489, 1.834, -0.5106, -1.1371, -2.3317, 1.6827, 40.7391, 89.8053, 0
1745407177.579, 3.488, 1.834, -0.5079, -1.1370, -2.3348, 1.6631, 40.7650, 89.7823, 0
1745407177.659, 3.492, 1.836, -0.5041, -1.1370, -2.3393, 1.6650, 40.7511, 89.8132, 0
1745407177.738, 3.492, 1.839, -0.4994, -1.1368, -2.3444, 1.6524, 40.8098, 89.8647, 0
1745407177.818, 3.489, 1.849, -0.4950, -1.1366, -2.3497, 1.6645, 40.8099, 89.8476, 0
1745407177.897, 3.489, 1.856, -0.4907, -1.1365, -2.3546, 1.7245, 40.8151, 89.8336, 0
1745407177.979, 3.489, 1.856, -0.4869, -1.1365, -2.3595, 1.8354, 40.8096, 89.7722, 0
1745407178.057, 3.490, 1.863, -0.4830, -1.1366, -2.3638, 1.7825, 40.8246, 89.8157, 0
1745407178.137, 3.490, 1.871, -0.4788, -1.1365, -2.3683, 1.6751, 40.8218, 89.8660, 0
1745407178.216, 3.484, 1.878, -0.4747, -1.1362, -2.3729, 1.6476, 40.8081, 89.8836, 0
1745407178.296, 3.482, 1.888, -0.4710, -1.1357, -2.3772, 1.6731, 40.8854, 89.8636, 0
1745407178.375, 3.475, 1.888, -0.4676, -1.1358, -2.3813, 1.7132, 40.8462, 89.8471, 0
1745407178.455, 3.473, 1.896, -0.4638, -1.1357, -2.3858, 1.7123, 40.8805, 89.8495, 0
1745407178.535, 3.473, 1.901, -0.4595, -1.1355, -2.3906, 1.6848, 40.9356, 89.8620, 0
1745407178.614, 3.465, 1.910, -0.4551, -1.1352, -2.3954, 1.6722, 40.9853, 89.8288, 0
1745407178.694, 3.465, 1.916, -0.4509, -1.1354, -2.4001, 1.6284, 40.9838, 89.8393, 0
1745407178.774, 3.460, 1.916, -0.4472, -1.1352, -2.4042, 1.6066, 41.0243, 89.8517, 0
1745407178.853, 3.459, 1.926, -0.4433, -1.1351, -2.4084, 1.5893, 41.0705, 89.8595, 0
1745407178.933, 3.459, 1.933, -0.4394, -1.1347, -2.4128, 1.5189, 41.0778, 89.9468, 0
1745407179.012, 3.460, 1.940, -0.4355, -1.1353, -2.4175, 1.5266, 41.0690, 89.9998, 0
1745407179.092, 3.458, 1.946, -0.4311, -1.1348, -2.4223, 1.5327, 41.0749, 89.9899, 0
1745407179.172, 3.466, 1.946, -0.4268, -1.1344, -2.4273, 1.5572, 41.0652, 89.9767, 0
1745407179.251, 3.464, 1.946, -0.4222, -1.1341, -2.4327, 1.5990, 41.0441, 89.9040, 0
1745407179.331, 3.464, 1.965, -0.4178, -1.1340, -2.4377, 1.6254, 40.9919, 89.9378, 0
1745407179.411, 3.456, 1.971, -0.4130, -1.1339, -2.4435, 1.6849, 41.0009, 89.9196, 0
1745407179.491, 3.456, 1.981, -0.4083, -1.1337, -2.4488, 1.6954, 40.9844, 89.8890, 0
1745407179.570, 3.453, 1.981, -0.4031, -1.1335, -2.4546, 1.7163, 41.0466, 89.8998, 0
1745407179.650, 3.453, 1.991, -0.3979, -1.1336, -2.4605, 1.7001, 41.0557, 89.9137, 0
1745407182.019, 3.454, 2.106, -0.3345, -1.1318, -2.5308, 1.2939, 41.1267, 89.8336, 0
1745407182.099, 3.455, 2.107, -0.3343, -1.1317, -2.5307, 1.3051, 41.1302, 89.8235, 0
1745407182.179, 3.458, 2.105, -0.3344, -1.1318, -2.5308, 1.3104, 41.1302, 89.8238, 0
1745407182.258, 3.454, 2.105, -0.3344, -1.1317, -2.5307, 1.3128, 41.1312, 89.8202, 0
1745407182.338, 3.454, 2.106, -0.3343, -1.1318, -2.5307, 1.3159, 41.1343, 89.8175, 0
1745407182.417, 3.454, 2.104, -0.3344, -1.1318, -2.5308, 1.3159, 41.1328, 89.8156, 0
1745407182.497, 3.456, 2.105, -0.3344, -1.1317, -2.5308, 1.3115, 41.1285, 89.8243, 0
1745407182.577, 3.456, 2.104, -0.3344, -1.1318, -2.5308, 1.3029, 41.1280, 89.8319, 0
1745407182.656, 3.453, 2.104, -0.3345, -1.1317, -2.5307, 1.2982, 41.1244, 89.8374, 0
1745407182.736, 3.457, 2.107, -0.3344, -1.1318, -2.5308, 1.2939, 41.1154, 89.8418, 0
1745407182.816, 3.457, 2.104, -0.3346, -1.1317, -2.5306, 1.2955, 41.1222, 89.8477, 0
1745407182.895, 3.453, 2.104, -0.3348, -1.1317, -2.5302, 1.2835, 41.1482, 89.8371, 0
1745407182.975, 3.457, 2.104, -0.3371, -1.1317, -2.5281, 1.3163, 41.1423, 89.8534, 0
1745407183.054, 3.460, 2.103, -0.3411, -1.1317, -2.5237, 1.3611, 41.1805, 89.8800, 0
1745407183.134, 3.464, 2.102, -0.3470, -1.1316, -2.5178, 1.4951, 41.2480, 89.8436, 0
1745407183.214, 3.464, 2.096, -0.3532, -1.1318, -2.5106, 1.4115, 41.2776, 89.9593, 0
1745407183.293, 3.466, 2.086, -0.3596, -1.1320, -2.5033, 1.4531, 41.1626, 89.9308, 0
1745407183.373, 3.463, 2.086, -0.3651, -1.1324, -2.4970, 1.4851, 41.1020, 89.8616, 0
1745407183.453, 3.466, 2.071, -0.3699, -1.1328, -2.4920, 1.5410, 41.0547, 89.8332, 0
1745407183.532, 3.460, 2.060, -0.3738, -1.1327, -2.4875, 1.5507, 41.0638, 89.8573, 0
1745407183.612, 3.460, 2.050, -0.3775, -1.1328, -2.4836, 1.6051, 41.0572, 89.8009, 0
1745407183.692, 3.462, 2.044, -0.3798, -1.1330, -2.4808, 1.6277, 41.0232, 89.8085, 0
1745407183.771, 3.464, 2.044, -0.3808, -1.1329, -2.4799, 1.6313, 40.9892, 89.8127, 0
1745407183.851, 3.460, 2.039, -0.3807, -1.1330, -2.4802, 1.6338, 41.0193, 89.7962, 0
1745407183.931, 3.465, 2.034, -0.3807, -1.1330, -2.4802, 1.6151, 41.0134, 89.8159, 0
1745407184.010, 3.465, 2.034, -0.3807, -1.1329, -2.4801, 1.6212, 41.0113, 89.8124, 0
1745407184.090, 3.460, 2.034, -0.3807, -1.1329, -2.4802, 1.6145, 41.0100, 89.8143, 0
1745407184.170, 3.466, 2.034, -0.3807, -1.1330, -2.4801, 1.6052, 41.0086, 89.8200, 0
1745407184.249, 3.465, 2.034, -0.3806, -1.1330, -2.4801, 1.6246, 41.0140, 89.8005, 0
1745407184.329, 3.466, 2.034, -0.3807, -1.1329, -2.4801, 1.6202, 41.0210, 89.8128, 0
1745407184.408, 3.466, 2.034, -0.3807, -1.1329, -2.4801, 1.6190, 41.0199, 89.8126, 0
1745407184.488, 3.465, 2.034, -0.3806, -1.1330, -2.4802, 1.6249, 41.0284, 89.8022, 0
1745407184.568, 3.461, 2.034, -0.3794, -1.1330, -2.4815, 1.6092, 41.0403, 89.8335, 0
1745407184.648, 3.461, 2.034, -0.3756, -1.1329, -2.4857, 1.5746, 41.0502, 89.8723, 0
1745407184.727, 3.460, 2.036, -0.3692, -1.1331, -2.4929, 1.5501, 41.0104, 89.8619, 0
1745407184.807, 3.460, 2.041, -0.3614, -1.1331, -2.5015, 1.4724, 40.9652, 89.9151, 0
1745407184.886, 3.462, 2.053, -0.3536, -1.1317, -2.5103, 1.5600, 40.9881, 89.8945, 0
1745407184.966, 3.459, 2.053, -0.3464, -1.1317, -2.5184, 1.5185, 40.9704, 89.8692, 0
1745407185.046, 3.461, 2.069, -0.3394, -1.1319, -2.5260, 1.3834, 40.9311, 89.8534, 0
1745407185.125, 3.465, 2.084, -0.3328, -1.1308, -2.5330, 1.3401, 40.9541, 89.7739, 0
1745407185.205, 3.465, 2.098, -0.3268, -1.1314, -2.5401, 1.3520, 40.9934, 89.7111, 0
1745407185.285, 3.456, 2.109, -0.3205, -1.1315, -2.5469, 1.2919, 41.0001, 89.6714, 0
1745407185.364, 3.454, 2.109, -0.3142, -1.1315, -2.5538, 1.2002, 41.0364, 89.7000, 0
1745407185.444, 3.457, 2.124, -0.3078, -1.1313, -2.5609, 1.1274, 41.0846, 89.7521, 0
1745407185.524, 3.469, 2.134, -0.3014, -1.1312, -2.5681, 1.1425, 41.0940, 89.7203, 0
1745407185.603, 3.469, 2.144, -0.2955, -1.1304, -2.5751, 1.2469, 41.0652, 89.6915, 0
1745407185.683, 3.466, 2.158, -0.2892, -1.1309, -2.5823, 1.2777, 41.0504, 89.6250, 0
1745407185.763, 3.464, 2.158, -0.2830, -1.1309, -2.5898, 1.3311, 41.0460, 89.5553, 0
1745407185.842, 3.460, 2.169, -0.2768, -1.1299, -2.5965, 1.3528, 41.0099, 89.5874, 0
1745407185.922, 3.457, 2.183, -0.2704, -1.1302, -2.6040, 1.4000, 41.0152, 89.5210, 0
1745407186.001, 3.457, 2.195, -0.2637, -1.1299, -2.6117, 1.4147, 41.0394, 89.4535, 0
1745407186.081, 3.464, 2.205, -0.2568, -1.1305, -2.6193, 1.3903, 41.1120, 89.4281, 0
1745407186.161, 3.464, 2.205, -0.2501, -1.1300, -2.6269, 1.3486, 41.1542, 89.4526, 0
1745407186.240, 3.463, 2.220, -0.2432, -1.1301, -2.6343, 1.3095, 41.1966, 89.4689, 0
1745407186.320, 3.462, 2.233, -0.2367, -1.1301, -2.6415, 1.2196, 41.2708, 89.5320, 0
1745407186.400, 3.462, 2.244, -0.2304, -1.1302, -2.6485, 1.1841, 41.3175, 89.5469, 0
1745407186.479, 3.470, 2.258, -0.2244, -1.1301, -2.6549, 1.1257, 41.3490, 89.5372, 0
1745407186.559, 3.468, 2.258, -0.2188, -1.1297, -2.6611, 1.1124, 41.3611, 89.5789, 0
1745407186.639, 3.468, 2.267, -0.2133, -1.1296, -2.6680, 1.2075, 41.3750, 89.5121, 0
1745407186.718, 3.471, 2.280, -0.2075, -1.1296, -2.6745, 1.3053, 41.4222, 89.4305, 0
1745407186.798, 3.471, 2.291, -0.2015, -1.1293, -2.6810, 1.1976, 41.4577, 89.4883, 0
1745407186.877, 3.469, 2.302, -0.1959, -1.1294, -2.6870, 1.1452, 41.4365, 89.4679, 0
1745407186.957, 3.470, 2.302, -0.1913, -1.1292, -2.6922, 1.2088, 41.4468, 89.4637, 0
1745407187.037, 3.469, 2.310, -0.1870, -1.1294, -2.6973, 1.2514, 41.4653, 89.3959, 0
1745407187.156, 3.472, 2.322, -0.1799, -1.1292, -2.7050, 1.2141, 41.5286, 89.4202, 0
1745407187.236, 3.470, 2.327, -0.1747, -1.1292, -2.7106, 1.1652, 41.5325, 89.4394, 0
1745407187.316, 3.471, 2.336, -0.1692, -1.1292, -2.7163, 1.0802, 41.5589, 89.4802, 0
1745407187.395, 3.471, 2.343, -0.1642, -1.1290, -2.7217, 1.0243, 41.5773, 89.5471, 0
1745407187.475, 3.470, 2.343, -0.1595, -1.1290, -2.7270, 1.0203, 41.6052, 89.5774, 0
1745407187.556, 3.474, 2.343, -0.1547, -1.1290, -2.7325, 1.0729, 41.5918, 89.5497, 0
1745407187.634, 3.478, 2.365, -0.1500, -1.1288, -2.7380, 1.1471, 41.6281, 89.4910, 0
1745407187.714, 3.475, 2.372, -0.1448, -1.1286, -2.7438, 1.1969, 41.6156, 89.4696, 0
1745407187.793, 3.475, 2.385, -0.1396, -1.1284, -2.7499, 1.2680, 41.6294, 89.4591, 0
1745407187.873, 3.477, 2.393, -0.1339, -1.1284, -2.7562, 1.3041, 41.6496, 89.4381, 0
1745407187.953, 3.473, 2.393, -0.1284, -1.1284, -2.7624, 1.3361, 41.6743, 89.4861, 0
1745407188.032, 3.478, 2.406, -0.1228, -1.1283, -2.7689, 1.3161, 41.7273, 89.4997, 0
1745407188.112, 3.471, 2.416, -0.1169, -1.1282, -2.7752, 1.3475, 41.7606, 89.5157, 0
1745407188.192, 3.471, 2.427, -0.1112, -1.1283, -2.7816, 1.3430, 41.7794, 89.5249, 0
1745407188.271, 3.476, 2.427, -0.1055, -1.1282, -2.7879, 1.3475, 41.8621, 89.5096, 0
1745407188.351, 3.473, 2.433, -0.0998, -1.1278, -2.7940, 1.2984, 41.9363, 89.5373, 0
1745407188.430, 3.472, 2.450, -0.0944, -1.1280, -2.7998, 1.2698, 41.9765, 89.5403, 0
1745407188.510, 3.473, 2.454, -0.0891, -1.1275, -2.8055, 1.2286, 42.0182, 89.5633, 0
1745407188.590, 3.473, 2.465, -0.0833, -1.1277, -2.8114, 1.1728, 42.0504, 89.6005, 0
1745407188.669, 3.480, 2.465, -0.0779, -1.1278, -2.8172, 1.1726, 41.9879, 89.6870, 0
1745407188.749, 3.473, 2.473, -0.0722, -1.1275, -2.8234, 1.2109, 41.7943, 89.6377, 0
1745407188.829, 3.474, 2.487, -0.0660, -1.1270, -2.8301, 1.2769, 41.5824, 89.6134, 0
1745407188.908, 3.479, 2.499, -0.0594, -1.1264, -2.8364, 1.0892, 41.2569, 89.7961, 0
1745407188.988, 3.479, 2.507, -0.0526, -1.1265, -2.8437, 1.1899, 40.9849, 89.6683, 0
1745407189.068, 3.471, 2.507, -0.0463, -1.1276, -2.8510, 1.2501, 40.7137, 89.6163, 0
1745407189.147, 3.464, 2.520, -0.0400, -1.1270, -2.8577, 1.2479, 40.4808, 89.5841, 0
1745407189.227, 3.473, 2.531, -0.0336, -1.1266, -2.8644, 1.2046, 40.1889, 89.5942, 0
1745407189.307, 3.477, 2.539, -0.0274, -1.1263, -2.8706, 1.0945, 39.8636, 89.6684, 0
1745407189.386, 3.477, 2.555, -0.0215, -1.1266, -2.8775, 1.1381, 39.6224, 89.6104, 0
1745407189.466, 3.481, 2.555, -0.0158, -1.1270, -2.8843, 1.2073, 39.3516, 89.6038, 0
1745407189.546, 3.485, 2.567, -0.0098, -1.1265, -2.8911, 1.2719, 39.0572, 89.5523, 0
1745407189.625, 3.482, 2.571, -0.0036, -1.1264, -2.8981, 1.3212, 38.7889, 89.4802, 0
1745407189.705, 3.482, 2.584, 0.0020, -1.1262, -2.9050, 1.4596, 38.4615, 89.4297, 0
1745407189.785, 3.481, 2.601, 0.0084, -1.1257, -2.9126, 1.4922, 38.1254, 89.4300, 0
1745407189.864, 3.485, 2.601, 0.0151, -1.1257, -2.9204, 1.5128, 37.8135, 89.4157, 0
1745407189.944, 3.484, 2.612, 0.0214, -1.1263, -2.9283, 1.5229, 37.6055, 89.4326, 0
1745407190.024, 3.483, 2.621, 0.0277, -1.1264, -2.9359, 1.4411, 37.6095, 89.5223, 0
1745407190.103, 3.483, 2.637, 0.0340, -1.1259, -2.9437, 1.4413, 37.5601, 89.4677, 0
1745407190.183, 3.488, 2.648, 0.0403, -1.1260, -2.9514, 1.3839, 37.5288, 89.4867, 0
1745407190.262, 3.487, 2.648, 0.0464, -1.1258, -2.9587, 1.3443, 37.5198, 89.5326, 0
1745407190.342, 3.485, 2.661, 0.0524, -1.1259, -2.9662, 1.2952, 37.5245, 89.5465, 0
1745407190.422, 3.486, 2.666, 0.0578, -1.1252, -2.9730, 1.2780, 37.4782, 89.5967, 0
1745407190.503, 3.486, 2.686, 0.0630, -1.1251, -2.9799, 1.3725, 37.4340, 89.6114, 0
1745407190.581, 3.488, 2.691, 0.0685, -1.1249, -2.9870, 1.3784, 37.4152, 89.5970, 0
1745407190.661, 3.487, 2.691, 0.0746, -1.1252, -2.9945, 1.3384, 37.3373, 89.5787, 0
1745407190.740, 3.485, 2.706, 0.0808, -1.1253, -3.0028, 1.3606, 37.2861, 89.6512, 0
1745407190.820, 3.483, 2.715, 0.0871, -1.1253, -3.0109, 1.3767, 37.2439, 89.5730, 0
1745407190.899, 3.483, 2.734, 0.0935, -1.1247, -3.0188, 1.3580, 37.2099, 89.5147, 0
1745407190.979, 3.484, 2.741, 0.0996, -1.1246, -3.0266, 1.3438, 37.2027, 89.5005, 0
1745407191.059, 3.483, 2.741, 0.1055, -1.1248, -3.0341, 1.3297, 37.1750, 89.5327, 0
1745407191.138, 3.485, 2.755, 0.1110, -1.1246, -3.0412, 1.3187, 37.1171, 89.5316, 0
1745407191.218, 3.482, 2.765, 0.1161, -1.1245, -3.0481, 1.4081, 37.1443, 89.5123, 0
1745407191.298, 3.482, 2.778, 0.1218, -1.1244, -3.0555, 1.4555, 37.0863, 89.4551, 0
1745407191.377, 3.485, 2.792, 0.1273, -1.1242, -3.0629, 1.4779, 37.0520, 89.4621, 0
1745407191.457, 3.480, 2.792, 0.1314, -1.1240, -3.0682, 1.5145, 37.0447, 89.4272, 0
1745407191.537, 3.480, 2.798, 0.1330, -1.1239, -3.0705, 1.5068, 37.0377, 89.4593, 0
1745407191.616, 3.484, 2.809, 0.1330, -1.1240, -3.0704, 1.5208, 37.0306, 89.4564, 0
1745407191.696, 3.484, 2.814, 0.1329, -1.1239, -3.0702, 1.5199, 37.0268, 89.4664, 0
1745407191.776, 3.481, 2.814, 0.1329, -1.1239, -3.0703, 1.5356, 37.0155, 89.4488, 0
1745407191.855, 3.477, 2.814, 0.1329, -1.1239, -3.0703, 1.5275, 37.0199, 89.4638, 0
1745407191.935, 3.478, 2.813, 0.1328, -1.1239, -3.0704, 1.5304, 37.0258, 89.4579, 0
1745407192.015, 3.483, 2.813, 0.1329, -1.1239, -3.0703, 1.5162, 37.0210, 89.4793, 0
1745407192.094, 3.483, 2.814, 0.1328, -1.1239, -3.0703, 1.5044, 37.0223, 89.4910, 0
1745407192.174, 3.479, 2.817, 0.1329, -1.1239, -3.0703, 1.5074, 37.0178, 89.4889, 0
1745407192.253, 3.480, 2.817, 0.1327, -1.1239, -3.0702, 1.5108, 37.0134, 89.4814, 0
1745407192.333, 3.482, 2.813, 0.1327, -1.1239, -3.0702, 1.5120, 37.0138, 89.4868, 0
1745407192.413, 3.480, 2.818, 0.1328, -1.1239, -3.0702, 1.5225, 37.0119, 89.4743, 0
1745407192.493, 3.480, 2.813, 0.1327, -1.1239, -3.0703, 1.5166, 37.0126, 89.4803, 0
1745407192.572, 3.479, 2.818, 0.1327, -1.1238, -3.0703, 1.5162, 37.0132, 89.4804, 0
1745407192.652, 3.481, 2.818, 0.1326, -1.1239, -3.0703, 1.5401, 37.0041, 89.4590, 0
1745407192.731, 3.480, 2.818, 0.1327, -1.1239, -3.0703, 1.5492, 37.0066, 89.4472, 0
1745407192.811, 3.480, 2.813, 0.1328, -1.1239, -3.0703, 1.5636, 37.0047, 89.4399, 0
1745407193.010, 3.483, 2.818, 0.1325, -1.1238, -3.0702, 1.5336, 37.0082, 89.4779, 0
1745407193.090, 3.483, 2.819, 0.1327, -1.1239, -3.0702, 1.5247, 37.0068, 89.4688, 0
1745407193.170, 3.479, 2.818, 0.1326, -1.1239, -3.0701, 1.5227, 37.0083, 89.4766, 0
1745407193.249, 3.482, 2.818, 0.1327, -1.1238, -3.0703, 1.5366, 37.0115, 89.4593, 0
1745407193.329, 3.481, 2.814, 0.1326, -1.1239, -3.0702, 1.5356, 37.0132, 89.4651, 0
1745407193.409, 3.483, 2.814, 0.1325, -1.1240, -3.0702, 1.5362, 37.0181, 89.4605, 0
1745407193.488, 3.483, 2.818, 0.1325, -1.1238, -3.0703, 1.5327, 37.0176, 89.4647, 0
1745407193.571, 3.479, 2.817, 0.1326, -1.1238, -3.0702, 1.5507, 37.0183, 89.4578, 0
1745407195.459, 3.483, 2.813, 0.1323, -1.1238, -3.0701, 1.5551, 37.0100, 89.4513, 0
1745407195.539, 3.484, 2.818, 0.1333, -1.1237, -3.0714, 1.5579, 37.0501, 89.4758, 0
1745407195.619, 3.480, 2.817, 0.1356, -1.1238, -3.0744, 1.5691, 36.9932, 89.5126, 0
1745407195.698, 3.480, 2.819, 0.1399, -1.1235, -3.0801, 1.5802, 36.9832, 89.5197, 0
1745407195.778, 3.481, 2.824, 0.1420, -1.1230, -3.0873, 2.6568, 37.4038, 88.8888, 0
1745407195.858, 3.479, 2.824, 0.1417, -1.1223, -3.0894, 3.0572, 37.4609, 88.7388, 0
1745407195.937, 3.487, 2.832, 0.1416, -1.1224, -3.0889, 3.0158, 37.3920, 88.8424, 0
1745407196.017, 3.492, 2.835, 0.1416, -1.1224, -3.0889, 2.9915, 37.4072, 88.8648, 0
1745407196.096, 3.492, 2.833, 0.1416, -1.1224, -3.0889, 3.0027, 37.4182, 88.8526, 0
1745407196.176, 3.495, 2.832, 0.1416, -1.1224, -3.0888, 3.0069, 37.4146, 88.8660, 0
1745407196.256, 3.490, 2.832, 0.1415, -1.1224, -3.0888, 2.9954, 37.4191, 88.8916, 0
1745407196.335, 3.492, 2.836, 0.1415, -1.1225, -3.0887, 3.0038, 37.4158, 88.8875, 0
1745407196.415, 3.494, 2.835, 0.1414, -1.1224, -3.0887, 3.0287, 37.4135, 88.8689, 0
1745407196.495, 3.494, 2.832, 0.1414, -1.1224, -3.0888, 3.0260, 37.4193, 88.8694, 0
1745407196.574, 3.496, 2.832, 0.1414, -1.1224, -3.0888, 3.0129, 37.4242, 88.8873, 0
1745407196.656, 3.495, 2.832, 0.1414, -1.1224, -3.0888, 3.0203, 37.4238, 88.8799, 0
1745407196.734, 3.497, 2.836, 0.1413, -1.1224, -3.0888, 3.0251, 37.4358, 88.8834, 0
1745407196.813, 3.497, 2.831, 0.1413, -1.1224, -3.0886, 3.0197, 37.4238, 88.8905, 0
1745407196.893, 3.497, 2.833, 0.1412, -1.1222, -3.0887, 3.0145, 37.4204, 88.8918, 0
1745407196.972, 3.490, 2.831, 0.1413, -1.1224, -3.0888, 3.0072, 37.4223, 88.8940, 0
1745407197.052, 3.496, 2.831, 0.1412, -1.1224, -3.0887, 3.0004, 37.4185, 88.9034, 0
1745407197.132, 3.493, 2.833, 0.1413, -1.1223, -3.0887, 2.9995, 37.4187, 88.9011, 0
1745407197.213, 3.495, 2.836, 0.1412, -1.1223, -3.0887, 2.9985, 37.4167, 88.9027, 0
1745407197.291, 3.495, 2.832, 0.1412, -1.1223, -3.0888, 2.9908, 37.4185, 88.9054, 0
1745407197.371, 3.490, 2.835, 0.1411, -1.1223, -3.0886, 2.9968, 37.4202, 88.9129, 0
1745407197.450, 3.490, 2.835, 0.1412, -1.1223, -3.0888, 3.0113, 37.4209, 88.9016, 0
1745407197.530, 3.494, 2.832, 0.1412, -1.1222, -3.0886, 3.0194, 37.4229, 88.9077, 0
1745407197.610, 3.490, 2.836, 0.1411, -1.1222, -3.0886, 3.0114, 37.4209, 88.9173, 0
1745407197.689, 3.490, 2.836, 0.1411, -1.1223, -3.0887, 3.0235, 37.4119, 88.9039, 0
1745407197.771, 3.496, 2.832, 0.1411, -1.1223, -3.0886, 3.0389, 37.4180, 88.8822, 0
1745407197.849, 3.490, 2.832, 0.1410, -1.1222, -3.0886, 3.0255, 37.4167, 88.8914, 0
1745407197.928, 3.492, 2.832, 0.1410, -1.1223, -3.0887, 3.0235, 37.4175, 88.8994, 0
1745407198.008, 3.497, 2.836, 0.1410, -1.1222, -3.0886, 3.0237, 37.4172, 88.9005, 0
1745407198.207, 3.497, 2.832, 0.1410, -1.1223, -3.0886, 3.0415, 37.4226, 88.8980, 0
1745407198.287, 3.497, 2.832, 0.1409, -1.1222, -3.0885, 3.0424, 37.4246, 88.8912, 0
1745407198.366, 3.497, 2.832, 0.1410, -1.1223, -3.0887, 3.0477, 37.4261, 88.8760, 0
1745407198.446, 3.490, 2.832, 0.1409, -1.1222, -3.0886, 3.0540, 37.4132, 88.8846, 0
1745407198.526, 3.491, 2.835, 0.1410, -1.1222, -3.0886, 3.0495, 37.4071, 88.8807, 0
1745407198.605, 3.491, 2.835, 0.1409, -1.1222, -3.0885, 3.0465, 37.4075, 88.8879, 0
1745407198.685, 3.491, 2.835, 0.1407, -1.1221, -3.0885, 3.0260, 37.4103, 88.9047, 0
1745407198.765, 3.491, 2.836, 0.1409, -1.1222, -3.0885, 3.0128, 37.4041, 88.9167, 0
1745407198.844, 3.491, 2.836, 0.1408, -1.1222, -3.0886, 3.0108, 37.4060, 88.9183, 0
1745407198.924, 3.489, 2.837, 0.1407, -1.1222, -3.0885, 3.0125, 37.3999, 88.9259, 0
1745407199.003, 3.496, 2.832, 0.1408, -1.1222, -3.0886, 3.0066, 37.4075, 88.9176, 0
1745407199.083, 3.496, 2.835, 0.1407, -1.1222, -3.0886, 3.0050, 37.4082, 88.9267, 0
1745407199.165, 3.493, 2.832, 0.1408, -1.1222, -3.0884, 3.0176, 37.3982, 88.9126, 0
1745407199.242, 3.492, 2.832, 0.1407, -1.1221, -3.0885, 3.0314, 37.4042, 88.8991, 0
1745407199.322, 3.491, 2.836, 0.1407, -1.1221, -3.0884, 3.0436, 37.4037, 88.8930, 0
1745407199.402, 3.494, 2.832, 0.1408, -1.1222, -3.0884, 3.0377, 37.4030, 88.8927, 0
1745407199.481, 3.494, 2.836, 0.1407, -1.1221, -3.0885, 3.0438, 37.4013, 88.8829, 0
1745407199.561, 3.495, 2.836, 0.1406, -1.1221, -3.0885, 3.0417, 37.4044, 88.8838, 0
1745407199.641, 3.490, 2.831, 0.1407, -1.1223, -3.0883, 3.0365, 37.4074, 88.8912, 0
1745407199.720, 3.491, 2.836, 0.1407, -1.1221, -3.0884, 3.0370, 37.4135, 88.8803, 0
1745407199.802, 3.490, 2.832, 0.1406, -1.1222, -3.0885, 3.0409, 37.4031, 88.8869, 0
1745407199.880, 3.490, 2.836, 0.1406, -1.1222, -3.0885, 3.0374, 37.3976, 88.8852, 0
1745407199.959, 3.494, 2.836, 0.1405, -1.1221, -3.0884, 3.0189, 37.3975, 88.9015, 0
1745407200.039, 3.490, 2.832, 0.1405, -1.1221, -3.0885, 3.0056, 37.4055, 88.9069, 0
1745407200.119, 3.494, 2.836, 0.1407, -1.1221, -3.0885, 3.0042, 37.4012, 88.9026, 0
1745407200.198, 3.489, 2.831, 0.1406, -1.1221, -3.0886, 3.0014, 37.4051, 88.9098, 0
1745407200.278, 3.489, 2.836, 0.1404, -1.1220, -3.0884, 2.9974, 37.4102, 88.9203, 0
1745407200.358, 3.493, 2.836, 0.1406, -1.1221, -3.0885, 2.9929, 37.4112, 88.9168, 0
1745407200.441, 3.494, 2.832, 0.1405, -1.1221, -3.0884, 2.9899, 37.4080, 88.9255, 0
1745407202.209, 3.490, 2.831, 0.1404, -1.1220, -3.0884, 3.0410, 37.4078, 88.8817, 0
1745407202.289, 3.490, 2.835, 0.1403, -1.1220, -3.0883, 3.0476, 37.4084, 88.8858, 0
1745407202.368, 3.494, 2.831, 0.1403, -1.1220, -3.0883, 3.0457, 37.3978, 88.8861, 0
1745407202.448, 3.496, 2.831, 0.1403, -1.1220, -3.0884, 3.0311, 37.4045, 88.9037, 0
1745407202.528, 3.489, 2.837, 0.1403, -1.1220, -3.0884, 3.0350, 37.4057, 88.8970, 0
1745407202.607, 3.492, 2.836, 0.1403, -1.1220, -3.0882, 3.0535, 37.4056, 88.8833, 0
1745407202.687, 3.492, 2.836, 0.1403, -1.1220, -3.0885, 3.0525, 37.4045, 88.8786, 0
1745407202.767, 3.489, 2.832, 0.1403, -1.1221, -3.0883, 3.0419, 37.3996, 88.8971, 0
1745407202.846, 3.491, 2.832, 0.1403, -1.1220, -3.0884, 3.0457, 37.3990, 88.8930, 0
1745407202.926, 3.493, 2.836, 0.1402, -1.1221, -3.0884, 3.0494, 37.4049, 88.8919, 0
1745407203.006, 3.490, 2.836, 0.1402, -1.1219, -3.0883, 3.0414, 37.4121, 88.8908, 0
1745407203.085, 3.490, 2.836, 0.1402, -1.1220, -3.0883, 3.0318, 37.4152, 88.9024, 0
1745407203.165, 3.493, 2.836, 0.1401, -1.1219, -3.0883, 3.0359, 37.4050, 88.8984, 0
1745407203.245, 3.496, 2.836, 0.1402, -1.1220, -3.0883, 3.0264, 37.4062, 88.8949, 0
1745407203.324, 3.491, 2.831, 0.1402, -1.1220, -3.0882, 3.0271, 37.4020, 88.9021, 0
1745407203.404, 3.495, 2.835, 0.1402, -1.1219, -3.0884, 3.0313, 37.4023, 88.8975, 0
1745407203.483, 3.495, 2.836, 0.1402, -1.1220, -3.0883, 3.0287, 37.4071, 88.9022, 0
1745407203.563, 3.493, 2.835, 0.1401, -1.1220, -3.0883, 3.0350, 37.4091, 88.8968, 0
1745407203.643, 3.493, 2.835, 0.1402, -1.1219, -3.0884, 3.0231, 37.4048, 88.8999, 0
1745407203.723, 3.497, 2.837, 0.1401, -1.1220, -3.0882, 3.0161, 37.4101, 88.9123, 0
1745407203.802, 3.492, 2.836, 0.1401, -1.1220, -3.0883, 3.0170, 37.4043, 88.9128, 0
1745407203.882, 3.492, 2.831, 0.1402, -1.1220, -3.0883, 3.0256, 37.3965, 88.9003, 0
1745407203.962, 3.490, 2.831, 0.1401, -1.1219, -3.0883, 3.0242, 37.3927, 88.9029, 0
1745407204.041, 3.489, 2.831, 0.1403, -1.1220, -3.0884, 3.0199, 37.3920, 88.9073, 0
1745407204.121, 3.488, 2.831, 0.1401, -1.1220, -3.0883, 3.0291, 37.3936, 88.8995, 0
1745407204.200, 3.491, 2.837, 0.1402, -1.1220, -3.0882, 3.0317, 37.3956, 88.8945, 0
1745407204.280, 3.491, 2.836, 0.1401, -1.1220, -3.0882, 3.0531, 37.3929, 88.8829, 0
1745407204.360, 3.493, 2.833, 0.1402, -1.1220, -3.0883, 3.0552, 37.3869, 88.8904, 0
1745407204.439, 3.495, 2.833, 0.1401, -1.1220, -3.0884, 3.0490, 37.3910, 88.9045, 0
1745407204.519, 3.492, 2.831, 0.1402, -1.1220, -3.0883, 3.0505, 37.3918, 88.8910, 0
1745407204.599, 3.495, 2.832, 0.1402, -1.1219, -3.0882, 3.0577, 37.3985, 88.8916, 0
1745407204.678, 3.495, 2.831, 0.1401, -1.1219, -3.0883, 3.0413, 37.3982, 88.8921, 0
1745407204.758, 3.494, 2.831, 0.1401, -1.1219, -3.0883, 3.0335, 37.3995, 88.8958, 0
1745407204.838, 3.491, 2.831, 0.1401, -1.1220, -3.0882, 3.0442, 37.3914, 88.8826, 0
1745407204.917, 3.489, 2.837, 0.1401, -1.1220, -3.0884, 3.0454, 37.4029, 88.8742, 0
1745407204.997, 3.494, 2.832, 0.1400, -1.1220, -3.0882, 3.0477, 37.4015, 88.8784, 0
1745407205.077, 3.494, 2.837, 0.1401, -1.1219, -3.0882, 3.0468, 37.4075, 88.8762, 0
1745407205.156, 3.493, 2.837, 0.1400, -1.1219, -3.0883, 3.0430, 37.4037, 88.8814, 0
1745407205.236, 3.491, 2.832, 0.1401, -1.1220, -3.0882, 3.0470, 37.3969, 88.8778, 0
1745407205.315, 3.496, 2.836, 0.1402, -1.1219, -3.0883, 3.0420, 37.4054, 88.8843, 0
1745407205.395, 3.495, 2.831, 0.1400, -1.1219, -3.0882, 3.0326, 37.4066, 88.8978, 0
1745407205.475, 3.495, 2.832, 0.1401, -1.1219, -3.0883, 3.0354, 37.4051, 88.8893, 1
1745407205.554, 3.495, 2.832, 0.1401, -1.1220, -3.0883, 3.0476, 37.3945, 88.8795, 1
1745407205.634, 3.491, 2.832, 0.1402, -1.1220, -3.0883, 3.0511, 37.3881, 88.8717, 1
1745407205.714, 3.493, 2.831, 0.1400, -1.1219, -3.0883, 3.0577, 37.4006, 88.8729, 1
1745407205.793, 3.496, 2.831, 0.1401, -1.1219, -3.0882, 3.0445, 37.3930, 88.8801, 1
1745407205.873, 3.496, 2.836, 0.1401, -1.1219, -3.0882, 3.0307, 37.3970, 88.8902, 1
1745407205.952, 3.496, 2.836, 0.1400, -1.1219, -3.0882, 3.0261, 37.4032, 88.8884, 1
1745407206.032, 3.496, 2.835, 0.1400, -1.1219, -3.0883, 3.0362, 37.3990, 88.8894, 1
1745407206.112, 3.495, 2.831, 0.1401, -1.1219, -3.0883, 3.0237, 37.4031, 88.8957, 1
1745407206.192, 3.495, 2.833, 0.1399, -1.1219, -3.0884, 3.0438, 37.4099, 88.8719, 1
1745407206.271, 3.495, 2.835, 0.1400, -1.1219, -3.0881, 3.0558, 37.4105, 88.8619, 1
1745407206.470, 3.491, 2.832, 0.1400, -1.1219, -3.0882, 3.0364, 37.4036, 88.8922, 1
1745407206.550, 3.495, 2.832, 0.1400, -1.1220, -3.0883, 3.0327, 37.4054, 88.8899, 1
1745407206.629, 3.495, 2.831, 0.1400, -1.1220, -3.0882, 3.0341, 37.4041, 88.8891, 1
1745407206.709, 3.492, 2.836, 0.1399, -1.1219, -3.0881, 3.0556, 37.4036, 88.8737, 1
1745407206.789, 3.492, 2.836, 0.1400, -1.1219, -3.0882, 3.0583, 37.4100, 88.8739, 1
1745407209.039, 3.492, 2.836, 0.1400, -1.1219, -3.0883, 3.0265, 37.3997, 88.9209, 1
1745407209.118, 3.491, 2.831, 0.1398, -1.1219, -3.0880, 3.0257, 37.3992, 88.9281, 1
1745407209.198, 3.493, 2.832, 0.1400, -1.1219, -3.0883, 3.0316, 37.4098, 88.9040, 1
1745407209.278, 3.493, 2.833, 0.1400, -1.1219, -3.0883, 3.0269, 37.4031, 88.9162, 1
1745407209.357, 3.493, 2.835, 0.1400, -1.1219, -3.0883, 3.0443, 37.3917, 88.9049, 1
1745407209.437, 3.494, 2.835, 0.1400, -1.1219, -3.0882, 3.0504, 37.3868, 88.8964, 1
1745407209.516, 3.489, 2.832, 0.1400, -1.1219, -3.0883, 3.0212, 37.3896, 88.9210, 1
1745407209.596, 3.489, 2.832, 0.1399, -1.1219, -3.0882, 3.0404, 37.3988, 88.9123, 1
1745407209.676, 3.489, 2.835, 0.1400, -1.1219, -3.0883, 3.0320, 37.3973, 88.9127, 1
1745407209.756, 3.490, 2.837, 0.1400, -1.1219, -3.0882, 3.0322, 37.3963, 88.9099, 1
1745407209.835, 3.490, 2.837, 0.1400, -1.1219, -3.0882, 3.0271, 37.3984, 88.9152, 1
1745407209.915, 3.493, 2.836, 0.1399, -1.1218, -3.0882, 3.0403, 37.3999, 88.8997, 1
1745407209.994, 3.495, 2.831, 0.1400, -1.1218, -3.0882, 3.0525, 37.3980, 88.8816, 1
1745407210.074, 3.495, 2.836, 0.1399, -1.1219, -3.0882, 3.0585, 37.3922, 88.8782, 1
1745407210.154, 3.491, 2.830, 0.1399, -1.1219, -3.0882, 3.0546, 37.3938, 88.8805, 1
1745407210.233, 3.492, 2.830, 0.1400, -1.1219, -3.0882, 3.0506, 37.3984, 88.8897, 1
1745407210.313, 3.489, 2.835, 0.1400, -1.1219, -3.0883, 3.0652, 37.3960, 88.8864, 1
1745407210.393, 3.492, 2.836, 0.1400, -1.1218, -3.0882, 3.0608, 37.4011, 88.8894, 1
1745407210.474, 3.492, 2.835, 0.1399, -1.1218, -3.0882, 3.0679, 37.3939, 88.8834, 1
1745407210.552, 3.494, 2.835, 0.1401, -1.1218, -3.0882, 3.0443, 37.3974, 88.9004, 1
1745407210.632, 3.491, 2.836, 0.1400, -1.1218, -3.0883, 3.0490, 37.3990, 88.9108, 1
1745407210.711, 3.496, 2.836, 0.1399, -1.1219, -3.0882, 3.0578, 37.4007, 88.9125, 1
1745407210.791, 3.489, 2.832, 0.1400, -1.1218, -3.0883, 3.0394, 37.4078, 88.9241, 1
1745407210.871, 3.489, 2.836, 0.1399, -1.1219, -3.0881, 3.0400, 37.3980, 88.9184, 1
1745407210.950, 3.491, 2.836, 0.1399, -1.1218, -3.0881, 3.0488, 37.3960, 88.8992, 1
1745407211.030, 3.492, 2.832, 0.1399, -1.1219, -3.0882, 3.0537, 37.4062, 88.8932, 1
1745407211.109, 3.491, 2.836, 0.1399, -1.1218, -3.0882, 3.0654, 37.3995, 88.8875, 1
1745407211.191, 3.491, 2.831, 0.1400, -1.1218, -3.0882, 3.0613, 37.3993, 88.8952, 1
1745407211.269, 3.491, 2.831, 0.1399, -1.1218, -3.0883, 3.0430, 37.3962, 88.9235, 1
1745407211.348, 3.491, 2.831, 0.1398, -1.1218, -3.0880, 3.0443, 37.3987, 88.9168, 1
1745407211.468, 3.491, 2.835, 0.1399, -1.1219, -3.0882, 3.0444, 37.3942, 88.9108, 1
1745407211.547, 3.491, 2.835, 0.1399, -1.1219, -3.0882, 3.0336, 37.3957, 88.9089, 1
1745407211.629, 3.491, 2.835, 0.1400, -1.1218, -3.0882, 3.0192, 37.3983, 88.9256, 1
1745407211.707, 3.496, 2.837, 0.1399, -1.1219, -3.0883, 3.0211, 37.4038, 88.9258, 1
1745407211.786, 3.493, 2.832, 0.1399, -1.1219, -3.0883, 3.0122, 37.4025, 88.9224, 1
1745407211.866, 3.493, 2.837, 0.1400, -1.1218, -3.0881, 3.0128, 37.4005, 88.9235, 1
1745407211.948, 3.491, 2.837, 0.1398, -1.1218, -3.0881, 3.0269, 37.3955, 88.9101, 1
1745407212.025, 3.489, 2.833, 0.1401, -1.1217, -3.0883, 3.0292, 37.3993, 88.9001, 1
1745407212.105, 3.496, 2.832, 0.1399, -1.1219, -3.0882, 3.0522, 37.3960, 88.8984, 1
1745407212.185, 3.496, 2.831, 0.1399, -1.1219, -3.0881, 3.0623, 37.3997, 88.8903, 1
1745407212.264, 3.489, 2.832, 0.1400, -1.1218, -3.0883, 3.0600, 37.4009, 88.9031, 1
1745407212.344, 3.490, 2.832, 0.1399, -1.1218, -3.0882, 3.0538, 37.4018, 88.9123, 1
1745407212.424, 3.491, 2.835, 0.1398, -1.1218, -3.0881, 3.0524, 37.4163, 88.9101, 1
1745407212.623, 3.495, 2.830, 0.1400, -1.1219, -3.0884, 3.0362, 37.3943, 88.8983, 1
1745407212.702, 3.492, 2.836, 0.1402, -1.1218, -3.0881, 3.0297, 37.4000, 88.9152, 1
1745407212.782, 3.492, 2.832, 0.1402, -1.1219, -3.0882, 3.0063, 37.3969, 88.9329, 1
1745407212.862, 3.495, 2.836, 0.1399, -1.1219, -3.0881, 3.0247, 37.4017, 88.9195, 1
1745407212.941, 3.495, 2.836, 0.1401, -1.1219, -3.0881, 3.0052, 37.4113, 88.9109, 1
1745407213.021, 3.489, 2.836, 0.1401, -1.1220, -3.0881, 2.9898, 37.3930, 88.9656, 1
1745407213.101, 3.494, 2.832, 0.1401, -1.1219, -3.0877, 2.9179, 37.3911, 89.0711, 1
1745407213.180, 3.494, 2.836, 0.1409, -1.1214, -3.0855, 2.2900, 37.5963, 90.2977, 1
1745407213.260, 3.490, 2.836, 0.1422, -1.1177, -3.0804, 1.7086, 40.5598, 93.6937, 1
1745407213.340, 3.493, 2.836, 0.1437, -1.1155, -3.0785, 1.5219, 42.3934, 95.9211, 1
1745407213.419, 3.469, 2.832, 0.1486, -1.1155, -3.0805, 1.1124, 43.7636, 95.7587, 1
1745407213.499, 3.480, 1.566, 0.1510, -1.1139, -3.0838, 1.8943, 44.7698, 96.5509, 1
1745407213.579, 3.480, 2.131, 0.1643, -1.1089, -3.1055, 5.8546, 43.4964, 91.2804, 1
1745407213.658, 3.487, 1.430, 0.1898, -1.0928, -3.1304, 7.0932, 44.6018, 87.0852, 1
1745407213.738, 3.508, 1.430, 0.2335, -1.0690, -3.1605, 5.7475, 43.3786, 83.3645, 1
1745407213.817, 3.519, 2.883, 0.2865, -1.0463, -3.1953, 4.4288, 42.8838, 79.9729, 1
1745407213.897, 3.527, 2.944, 0.3364, -1.0343, -3.2302, 4.7134, 42.5147, 78.1708, 1
1745407213.977, 3.527, 3.047, 0.3770, -1.0352, -3.2547, 3.0357, 42.0400, 80.0906, 1
1745407214.056, 3.533, 3.137, 0.4072, -1.0432, -3.2718, 1.8098, 40.8838, 82.4626, 1
1745407214.136, 3.532, 3.137, 0.4294, -1.0543, -3.2872, 3.1175, 41.2936, 83.0692, 1
1745407214.216, 3.546, 3.168, 0.4491, -1.0676, -3.2974, 3.5084, 41.7668, 84.3892, 1
1745407214.295, 3.555, 3.189, 0.4670, -1.0799, -3.3007, 2.0840, 40.6705, 86.9111, 1
1745407214.375, 3.555, 3.203, 0.4804, -1.0897, -3.3008, 0.8598, 39.1813, 88.8580, 1
1745407214.455, 3.568, 3.207, 0.4869, -1.0964, -3.3012, 0.5387, 38.5310, 90.1508, 1
1745407214.534, 3.585, 3.207, 0.4898, -1.1026, -3.3022, 0.4679, 38.8528, 90.7448, 1
1745407214.614, 3.599, 3.216, 0.4911, -1.1084, -3.3026, -0.5319, 39.6857, 91.9559, 1
1745407214.694, 3.598, 3.219, 0.4886, -1.1132, -3.3080, 1.8194, 40.2399, 90.5698, 1
1745407214.773, 3.598, 3.218, 0.4907, -1.1141, -3.3112, 1.4869, 40.0734, 90.3409, 1
1745407214.853, 3.591, 3.221, 0.4918, -1.1152, -3.3121, 1.5433, 41.0137, 90.3390, 1
1745407214.932, 3.587, 3.221, 0.4929, -1.1158, -3.3129, 1.3173, 41.2640, 90.2275, 1
1745407215.012, 3.573, 3.228, 0.4924, -1.1162, -3.3134, 1.3937, 40.8015, 90.0218, 1
1745407215.092, 3.585, 3.227, 0.4923, -1.1161, -3.3140, 1.3658, 40.2629, 89.9506, 1
1745407215.171, 3.585, 3.230, 0.4924, -1.1163, -3.3143, 1.3164, 40.2262, 89.9512, 1
1745407215.251, 3.582, 3.227, 0.4928, -1.1164, -3.3147, 1.3205, 40.2808, 89.9400, 1
1745407215.331, 3.584, 3.227, 0.4933, -1.1163, -3.3151, 1.3375, 40.3113, 89.9111, 1
1745407215.410, 3.580, 3.225, 0.4939, -1.1165, -3.3159, 1.3613, 40.2138, 89.8587, 1
1745407215.490, 3.586, 3.232, 0.4944, -1.1164, -3.3166, 1.4259, 40.1872, 89.8415, 1
1745407215.569, 3.586, 3.233, 0.4944, -1.1164, -3.3166, 1.4500, 40.1933, 89.8259, 1
1745407215.649, 3.588, 3.231, 0.4944, -1.1163, -3.3169, 1.5142, 40.2115, 89.7595, 1
1745407215.729, 3.586, 3.231, 0.4945, -1.1162, -3.3170, 1.5442, 40.2406, 89.7785, 1
1745407215.808, 3.588, 3.234, 0.4944, -1.1163, -3.3167, 1.5291, 40.2183, 89.7747, 1
1745407215.888, 3.586, 3.235, 0.4944, -1.1163, -3.3169, 1.5501, 40.2209, 89.7603, 1
1745407215.968, 3.586, 3.229, 0.4945, -1.1163, -3.3169, 1.5559, 40.2202, 89.7623, 1
1745407216.047, 3.586, 3.234, 0.4945, -1.1163, -3.3169, 1.5613, 40.2181, 89.7678, 1
1745407216.127, 3.587, 3.234, 0.4945, -1.1163, -3.3168, 1.5543, 40.2172, 89.7679, 1
1745407216.207, 3.584, 3.234, 0.4944, -1.1164, -3.3168, 1.5510, 40.2163, 89.7723, 1
1745407216.286, 3.585, 3.236, 0.4945, -1.1163, -3.3169, 1.5600, 40.2134, 89.7656, 1
1745407216.366, 3.585, 3.232, 0.4944, -1.1164, -3.3168, 1.5540, 40.2131, 89.7771, 1
1745407216.446, 3.587, 3.232, 0.4946, -1.1163, -3.3169, 1.5562, 40.2147, 89.7772, 1
1745407216.525, 3.588, 3.235, 0.4945, -1.1164, -3.3169, 1.5577, 40.2112, 89.7822, 1
1745407216.605, 3.589, 3.231, 0.4945, -1.1163, -3.3169, 1.5520, 40.2103, 89.7867, 1
1745407216.685, 3.587, 3.230, 0.4946, -1.1163, -3.3169, 1.5495, 40.2165, 89.7858, 1
1745407216.764, 3.587, 3.234, 0.4946, -1.1164, -3.3168, 1.5523, 40.2164, 89.7881, 1
1745407216.844, 3.585, 3.234, 0.4945, -1.1163, -3.3168, 1.5484, 40.2195, 89.7916, 1
1745407216.924, 3.586, 3.230, 0.4946, -1.1164, -3.3169, 1.5450, 40.2184, 89.7915, 1
1745407217.003, 3.584, 3.229, 0.4946, -1.1163, -3.3169, 1.5430, 40.2201, 89.7896, 1
1745407217.083, 3.584, 3.230, 0.4946, -1.1164, -3.3169, 1.5477, 40.2151, 89.7869, 1
1745407217.162, 3.584, 3.234, 0.4946, -1.1164, -3.3169, 1.5415, 40.2227, 89.7952, 1
1745407217.242, 3.588, 3.234, 0.4946, -1.1164, -3.3169, 1.5473, 40.2150, 89.7898, 1
1745407217.322, 3.586, 3.231, 0.4946, -1.1165, -3.3168, 1.5380, 40.2195, 89.7885, 1
1745407217.401, 3.585, 3.234, 0.4947, -1.1164, -3.3169, 1.5491, 40.2205, 89.7809, 1
1745407217.481, 3.589, 3.229, 0.4946, -1.1163, -3.3169, 1.5546, 40.2166, 89.7819, 1
1745407217.561, 3.589, 3.231, 0.4947, -1.1163, -3.3169, 1.5607, 40.2208, 89.7733, 1
1745407217.640, 3.584, 3.231, 0.4947, -1.1164, -3.3168, 1.5728, 40.2176, 89.7758, 1
1745407217.720, 3.588, 3.234, 0.4947, -1.1165, -3.3169, 1.5736, 40.2215, 89.7663, 1
1745407217.800, 3.586, 3.234, 0.4947, -1.1164, -3.3168, 1.5676, 40.2206, 89.7833, 1
1745407217.879, 3.583, 3.229, 0.4947, -1.1164, -3.3169, 1.5746, 40.2235, 89.7794, 1
1745407217.959, 3.583, 3.230, 0.4947, -1.1165, -3.3170, 1.5712, 40.2175, 89.7837, 1
1745407218.039, 3.584, 3.230, 0.4947, -1.1164, -3.3170, 1.5651, 40.2148, 89.7870, 1
1745407218.118, 3.588, 3.229, 0.4946, -1.1165, -3.3169, 1.5647, 40.2150, 89.7877, 1
1745407218.198, 3.585, 3.234, 0.4948, -1.1164, -3.3170, 1.5769, 40.2134, 89.7765, 1
1745407218.277, 3.585, 3.231, 0.4947, -1.1164, -3.3169, 1.5735, 40.2083, 89.7856, 1
1745407218.357, 3.585, 3.230, 0.4948, -1.1164, -3.3170, 1.5745, 40.2148, 89.7851, 1
1745407218.437, 3.584, 3.230, 0.4947, -1.1164, -3.3169, 1.5686, 40.2178, 89.7927, 1
1745407218.516, 3.585, 3.234, 0.4948, -1.1165, -3.3170, 1.5753, 40.2178, 89.7918, 1
1745407218.596, 3.583, 3.235, 0.4947, -1.1164, -3.3169, 1.5715, 40.2195, 89.7926, 1
1745407218.676, 3.583, 3.230, 0.4949, -1.1165, -3.3170, 1.5580, 40.2146, 89.7996, 1
1745407218.755, 3.588, 3.234, 0.4947, -1.1165, -3.3168, 1.5600, 40.2183, 89.8102, 1
1745407218.835, 3.584, 3.234, 0.4949, -1.1165, -3.3171, 1.5648, 40.2116, 89.7900, 1
1745407218.915, 3.583, 3.235, 0.4949, -1.1165, -3.3171, 1.5621, 40.2168, 89.7910, 1
1745407218.994, 3.587, 3.229, 0.4948, -1.1164, -3.3170, 1.5745, 40.2116, 89.7917, 1
1745407219.074, 3.587, 3.236, 0.4948, -1.1165, -3.3171, 1.5811, 40.2115, 89.7895, 1
1745407219.153, 3.587, 3.234, 0.4949, -1.1165, -3.3169, 1.5734, 40.2184, 89.7898, 1
1745407219.233, 3.588, 3.234, 0.4950, -1.1164, -3.3169, 1.5791, 40.2178, 89.7792, 1
1745407219.313, 3.588, 3.231, 0.4950, -1.1166, -3.3170, 1.5820, 40.2227, 89.7802, 1
1745407219.392, 3.587, 3.235, 0.4949, -1.1165, -3.3170, 1.5850, 40.2193, 89.7880, 1
1745407219.472, 3.587, 3.231, 0.4950, -1.1166, -3.3171, 1.5771, 40.2169, 89.7911, 1
1745407219.552, 3.588, 3.235, 0.4950, -1.1164, -3.3170, 1.5787, 40.2172, 89.8016, 1
1745407219.631, 3.585, 3.235, 0.4950, -1.1165, -3.3171, 1.5810, 40.2224, 89.7930, 1
1745407219.711, 3.587, 3.234, 0.4950, -1.1166, -3.3171, 1.5702, 40.2194, 89.8027, 1
1745407219.791, 3.584, 3.235, 0.4950, -1.1165, -3.3171, 1.5866, 40.2168, 89.7972, 1
1745407219.870, 3.584, 3.230, 0.4949, -1.1165, -3.3169, 1.5801, 40.2139, 89.8091, 1
1745407219.950, 3.587, 3.231, 0.4950, -1.1165, -3.3171, 1.5869, 40.2173, 89.7973, 1
1745407220.030, 3.588, 3.231, 0.4950, -1.1166, -3.3171, 1.5924, 40.2183, 89.7877, 1
1745407220.109, 3.583, 3.230, 0.4950, -1.1165, -3.3169, 1.5888, 40.2147, 89.7883, 1
1745407220.189, 3.584, 3.229, 0.4950, -1.1165, -3.3171, 1.5796, 40.2162, 89.7952, 1
1745407220.268, 3.584, 3.233, 0.4951, -1.1166, -3.3171, 1.5761, 40.2194, 89.8002, 1
1745407220.348, 3.584, 3.235, 0.4950, -1.1165, -3.3171, 1.5866, 40.2239, 89.7977, 1
1745407220.428, 3.586, 3.235, 0.4950, -1.1165, -3.3170, 1.5755, 40.2234, 89.8013, 1
1745407220.508, 3.589, 3.231, 0.4951, -1.1165, -3.3171, 1.5823, 40.2303, 89.7905, 1
1745407220.587, 3.588, 3.230, 0.4950, -1.1165, -3.3170, 1.6048, 40.2293, 89.7761, 1
1745407220.667, 3.588, 3.235, 0.4950, -1.1166, -3.3171, 1.5974, 40.2269, 89.7745, 1
1745407220.746, 3.585, 3.234, 0.4950, -1.1165, -3.3170, 1.5864, 40.2252, 89.7839, 1
1745407220.826, 3.588, 3.234, 0.4951, -1.1166, -3.3171, 1.5877, 40.2222, 89.7840, 1
1745407220.906, 3.587, 3.233, 0.4950, -1.1166, -3.3171, 1.5867, 40.2167, 89.7895, 1
1745407220.985, 3.585, 3.231, 0.4950, -1.1165, -3.3170, 1.5774, 40.2164, 89.7902, 1
1745407221.065, 3.585, 3.230, 0.4951, -1.1166, -3.3170, 1.5743, 40.2146, 89.7932, 1
1745407221.145, 3.585, 3.235, 0.4951, -1.1165, -3.3171, 1.5846, 40.2136, 89.7904, 1
1745407221.224, 3.588, 3.235, 0.4951, -1.1166, -3.3171, 1.5793, 40.2148, 89.7870, 1
1745407221.304, 3.587, 3.234, 0.4951, -1.1165, -3.3170, 1.5730, 40.2095, 89.7998, 1
1745407221.384, 3.586, 3.229, 0.4950, -1.1166, -3.3171, 1.5818, 40.2152, 89.7899, 1
1745407221.463, 3.586, 3.235, 0.4951, -1.1166, -3.3171, 1.5720, 40.2174, 89.7935, 1
1745407221.543, 3.588, 3.237, 0.4952, -1.1165, -3.3170, 1.5807, 40.2154, 89.7875, 1
1745407221.623, 3.587, 3.237, 0.4951, -1.1167, -3.3170, 1.5917, 40.2195, 89.7795, 1
1745407221.702, 3.589, 3.229, 0.4951, -1.1165, -3.3171, 1.5906, 40.2215, 89.7776, 1
1745407221.782, 3.584, 3.231, 0.4952, -1.1166, -3.3170, 1.5885, 40.2183, 89.7789, 1
1745407221.862, 3.584, 3.229, 0.4950, -1.1165, -3.3170, 1.6018, 40.2256, 89.7733, 1
1745407221.941, 3.588, 3.229, 0.4951, -1.1166, -3.3170, 1.5859, 40.2241, 89.7807, 1
1745407222.021, 3.586, 3.235, 0.4951, -1.1167, -3.3170, 1.5916, 40.2287, 89.7751, 1
1745407222.100, 3.584, 3.229, 0.4952, -1.1166, -3.3171, 1.5925, 40.2348, 89.7660, 1
1745407222.180, 3.588, 3.230, 0.4951, -1.1166, -3.3171, 1.5846, 40.2367, 89.7898, 1
1745407222.260, 3.588, 3.236, 0.4951, -1.1165, -3.3171, 1.5869, 40.2309, 89.7787, 1
1745407222.339, 3.584, 3.236, 0.4952, -1.1165, -3.3170, 1.5773, 40.2298, 89.7884, 1
1745407222.419, 3.587, 3.231, 0.4952, -1.1166, -3.3171, 1.5775, 40.2258, 89.7842, 1
1745407222.499, 3.583, 3.230, 0.4952, -1.1165, -3.3171, 1.5854, 40.2195, 89.7907, 1
1745407222.578, 3.587, 3.231, 0.4977, -1.1166, -3.3200, 1.5587, 40.2814, 89.8427, 1
1745407222.658, 3.587, 3.233, 0.5032, -1.1164, -3.3261, 1.5234, 40.2467, 89.8255, 1
1745407222.738, 3.583, 3.233, 0.5111, -1.1157, -3.3351, 1.4511, 40.4784, 89.8298, 1
1745407222.817, 3.587, 3.236, 0.5205, -1.1164, -3.3461, 1.4398, 40.7088, 89.7958, 1
1745407222.897, 3.586, 3.248, 0.5298, -1.1162, -3.3570, 1.4626, 40.8880, 89.8731, 1
1745407222.976, 3.578, 3.263, 0.5382, -1.1157, -3.3668, 1.4259, 41.0108, 89.9465, 1
1745407223.056, 3.578, 3.286, 0.5461, -1.1157, -3.3758, 1.4335, 41.1401, 89.8609, 1
1745407223.136, 3.581, 3.286, 0.5525, -1.1152, -3.3838, 1.6180, 41.2227, 89.7324, 1
1745407223.215, 3.585, 3.302, 0.5593, -1.1154, -3.3914, 1.5783, 41.2844, 89.7248, 1
1745407223.295, 3.580, 3.318, 0.5668, -1.1149, -3.3995, 1.5183, 41.3747, 89.6726, 1
1745407223.375, 3.589, 3.328, 0.5746, -1.1150, -3.4082, 1.4583, 41.5017, 89.7033, 1
1745407223.454, 3.589, 3.339, 0.5827, -1.1149, -3.4174, 1.4245, 41.5488, 89.7088, 1
1745407223.536, 3.590, 3.339, 0.5913, -1.1146, -3.4272, 1.4711, 41.7230, 89.6657, 1
1745407223.733, 3.593, 3.373, 0.6107, -1.1146, -3.4496, 1.5954, 41.9608, 89.6595, 1
1745407223.932, 3.593, 3.407, 0.6303, -1.1135, -3.4717, 1.7522, 42.3343, 89.4789, 1
1745407224.131, 3.594, 3.434, 0.6521, -1.1135, -3.4953, 1.5435, 42.7568, 89.7085, 1
1745407224.331, 3.595, 3.467, 0.6747, -1.1129, -3.5196, 1.5886, 43.1108, 89.8366, 1
1745407224.410, 3.598, 3.486, 0.6843, -1.1125, -3.5298, 1.5948, 43.2521, 89.7442, 1
1745407224.490, 3.599, 3.506, 0.6940, -1.1133, -3.5411, 1.7330, 43.3503, 89.6144, 1
1745407224.570, 3.599, 3.524, 0.7057, -1.1122, -3.5516, 1.5335, 42.8665, 89.7171, 1
1745407224.649, 3.600, 3.542, 0.7191, -1.1118, -3.5617, 1.3713, 40.1669, 89.7205, 1
1745407224.729, 3.600, 3.542, 0.7293, -1.1106, -3.5730, 1.9140, 38.7834, 88.7250, 1
1745407224.808, 3.597, 3.554, 0.7348, -1.1104, -3.5805, 2.3249, 38.1890, 88.2265, 1
1745407224.888, 3.608, 3.573, 0.7381, -1.1100, -3.5877, 3.3806, 37.1486, 88.0218, 1
1745407224.968, 3.608, 3.588, 0.7453, -1.1100, -3.5973, 3.3517, 37.1938, 88.0603, 1
1745407225.047, 3.631, 3.602, 0.7559, -1.1096, -3.6109, 3.3614, 37.1115, 88.1447, 1
1745407225.127, 3.632, 3.602, 0.7695, -1.1096, -3.6271, 3.0775, 36.9890, 88.2268, 1
1745407225.207, 3.627, 3.620, 0.7846, -1.1113, -3.6424, 2.0055, 36.9397, 89.5417, 1
1745407225.286, 3.627, 3.645, 0.7963, -1.1089, -3.6556, 1.4978, 36.9134, 89.9658, 1
1745407225.366, 3.627, 3.670, 0.8078, -1.1067, -3.6711, 1.7675, 36.7842, 89.5810, 1
1745407225.446, 3.607, 3.698, 0.8180, -1.1096, -3.6851, 1.6378, 36.7925, 89.6739, 1
1745407225.525, 3.605, 3.698, 0.8274, -1.1097, -3.6969, 1.6841, 36.7544, 89.5740, 1
1745407225.605, 3.609, 3.720, 0.8358, -1.1099, -3.7080, 1.6537, 36.5846, 89.5864, 1
1745407225.684, 3.605, 3.741, 0.8446, -1.1094, -3.7196, 1.6387, 36.5182, 89.5643, 1
1745407225.764, 3.605, 3.759, 0.8539, -1.1094, -3.7321, 1.6515, 36.4113, 89.5660, 1
1745407225.844, 3.605, 3.778, 0.8636, -1.1094, -3.7454, 1.7805, 36.4031, 89.5582, 1
1745407225.923, 3.604, 3.778, 0.8740, -1.1092, -3.7596, 1.8374, 36.3258, 89.5635, 1
1745407226.003, 3.604, 3.797, 0.8843, -1.1087, -3.7733, 1.8803, 36.2887, 89.5242, 1
1745407226.083, 3.603, 3.819, 0.8951, -1.1085, -3.7872, 1.9175, 36.1932, 89.4883, 1
1745407226.162, 3.603, 3.841, 0.9050, -1.1083, -3.8007, 1.8720, 36.1260, 89.5719, 1
1745407226.242, 3.601, 3.862, 0.9144, -1.1082, -3.8132, 1.8839, 36.1335, 89.5981, 1
1745407226.321, 3.602, 3.862, 0.9233, -1.1078, -3.8257, 1.9680, 36.1304, 89.6354, 1
1745407226.401, 3.601, 3.883, 0.9331, -1.1075, -3.8378, 1.7776, 36.1195, 89.7248, 1
1745407226.481, 3.600, 3.900, 0.9423, -1.1073, -3.8500, 1.7309, 36.0598, 89.8666, 1
1745407226.561, 3.600, 3.922, 0.9523, -1.1075, -3.8634, 1.7904, 35.9638, 89.7747, 1
1745407226.640, 3.598, 3.943, 0.9625, -1.1070, -3.8768, 1.7051, 35.8069, 89.8207, 1
1745407226.720, 3.598, 3.943, 0.9724, -1.1066, -3.8901, 1.7562, 35.6872, 89.8078, 1
1745407226.800, 3.596, 3.967, 0.9833, -1.1063, -3.9041, 1.6435, 35.5891, 89.9008, 1
1745407226.879, 3.587, 3.989, 0.9931, -1.1067, -3.9178, 1.7542, 35.4396, 89.9444, 1
1745407226.959, 3.587, 4.010, 1.0029, -1.1063, -3.9306, 1.6336, 35.4078, 90.0520, 1
1745407227.038, 3.589, 4.029, 1.0127, -1.1056, -3.9440, 1.6390, 35.4009, 90.0145, 1
1745407227.118, 3.587, 4.029, 1.0220, -1.1055, -3.9566, 1.6670, 35.2965, 89.9255, 1
1745407227.198, 3.586, 4.052, 1.0277, -1.1062, -3.9644, 1.6245, 35.2905, 89.9389, 1
1745407227.277, 3.588, 4.072, 1.0285, -1.1054, -3.9652, 1.5889, 35.2762, 89.9880, 1
1745407227.357, 3.588, 4.086, 1.0276, -1.1053, -3.9640, 1.6008, 35.3137, 90.0038, 1
1745407227.437, 3.587, 4.086, 1.0268, -1.1054, -3.9629, 1.5912, 35.3269, 90.0314, 1
1745407227.556, 3.587, 4.084, 1.0261, -1.1054, -3.9622, 1.6112, 35.3293, 90.0242, 1
1745407227.636, 3.584, 4.084, 1.0262, -1.1055, -3.9623, 1.6020, 35.3446, 90.0273, 1
1745407227.716, 3.591, 4.080, 1.0261, -1.1055, -3.9620, 1.6015, 35.3043, 90.0160, 1
1745407227.795, 3.585, 4.082, 1.0241, -1.1054, -3.9594, 1.6223, 35.4075, 90.0184, 1
1745407227.875, 3.590, 4.084, 1.0206, -1.1053, -3.9545, 1.6072, 35.5419, 89.9712, 1
1745407227.955, 3.590, 4.078, 1.0157, -1.1053, -3.9478, 1.6381, 35.5461, 90.0213, 1
1745407228.034, 3.586, 4.078, 1.0105, -1.1057, -3.9408, 1.6491, 35.5451, 90.0260, 1
1745407228.114, 3.589, 4.067, 1.0056, -1.1059, -3.9340, 1.5926, 35.6364, 90.0579, 1
1745407228.194, 3.585, 4.057, 1.0017, -1.1061, -3.9291, 1.6352, 35.6792, 90.0448, 1
1745407228.273, 3.584, 4.044, 0.9991, -1.1061, -3.9254, 1.6267, 35.6907, 90.0307, 1
1745407228.353, 3.584, 4.038, 0.9970, -1.1063, -3.9228, 1.6537, 35.7824, 90.0128, 1
1745407228.432, 3.589, 4.038, 0.9946, -1.1062, -3.9204, 1.6490, 36.1288, 90.0079, 1
1745407228.512, 3.586, 4.030, 0.9918, -1.1064, -3.9175, 1.6934, 36.4683, 89.9773, 1
1745407228.592, 3.586, 4.026, 0.9891, -1.1064, -3.9143, 1.6486, 36.9803, 89.9739, 1
1745407228.671, 3.584, 4.018, 0.9854, -1.1066, -3.9107, 1.6783, 37.5160, 89.9190, 1
1745407228.751, 3.584, 4.011, 0.9814, -1.1066, -3.9066, 1.6726, 38.0967, 89.9213, 1
1745407228.830, 3.582, 4.011, 0.9779, -1.1070, -3.9028, 1.7094, 38.5410, 89.8715, 1
1745407228.910, 3.582, 4.003, 0.9741, -1.1069, -3.8988, 1.7590, 38.5671, 89.8240, 1
1745407228.990, 3.576, 3.994, 0.9708, -1.1069, -3.8949, 1.8187, 38.6138, 89.7690, 1
1745407229.069, 3.576, 3.989, 0.9675, -1.1069, -3.8910, 1.7937, 38.6532, 89.7597, 1
1745407229.149, 3.576, 3.983, 0.9642, -1.1070, -3.8867, 1.7666, 38.7724, 89.7798, 1
1745407229.229, 3.579, 3.983, 0.9606, -1.1072, -3.8824, 1.7781, 38.8851, 89.7387, 1
1745407229.308, 3.575, 3.973, 0.9566, -1.1071, -3.8780, 1.8282, 38.9293, 89.7051, 1
1745407229.388, 3.578, 3.968, 0.9528, -1.1072, -3.8735, 1.8422, 38.9955, 89.7154, 1
1745407229.468, 3.578, 3.959, 0.9488, -1.1072, -3.8688, 1.8904, 39.0253, 89.6617, 1
1745407229.547, 3.578, 3.953, 0.9449, -1.1074, -3.8644, 1.9100, 39.0181, 89.6813, 1
1745407229.627, 3.578, 3.953, 0.9409, -1.1073, -3.8600, 1.9417, 39.1425, 89.6833, 1
1745407229.706, 3.575, 3.946, 0.9371, -1.1075, -3.8554, 1.8906, 39.2986, 89.6903, 1
1745407229.786, 3.579, 3.936, 0.9337, -1.1077, -3.8510, 1.7641, 39.4300, 89.7641, 1
1745407229.866, 3.579, 3.928, 0.9295, -1.1078, -3.8468, 1.8511, 39.4553, 89.6966, 1
1745407229.945, 3.570, 3.922, 0.9255, -1.1079, -3.8423, 1.9098, 39.4465, 89.6490, 1
1745407230.025, 3.577, 3.922, 0.9218, -1.1081, -3.8384, 2.0246, 39.4005, 89.5580, 1
1745407230.105, 3.575, 3.913, 0.9185, -1.1078, -3.8350, 2.0754, 39.4920, 89.5013, 1
1745407230.184, 3.574, 3.905, 0.9149, -1.1078, -3.8315, 1.9877, 40.0053, 89.4858, 1
1745407230.264, 3.574, 3.899, 0.9113, -1.1080, -3.8273, 2.0386, 40.0283, 89.4101, 1
1745407230.344, 3.570, 3.895, 0.9075, -1.1080, -3.8230, 2.0378, 39.9708, 89.4023, 1
1745407230.423, 3.572, 3.895, 0.9038, -1.1083, -3.8187, 2.0747, 39.9318, 89.3617, 1
1745407230.503, 3.571, 3.888, 0.9000, -1.1085, -3.8145, 2.0907, 39.8708, 89.3504, 1
1745407230.583, 3.576, 3.878, 0.8962, -1.1084, -3.8099, 2.0845, 39.8177, 89.3423, 1
1745407230.662, 3.576, 3.872, 0.8910, -1.1083, -3.8040, 2.1359, 39.7436, 89.3049, 1
1745407230.742, 3.569, 3.865, 0.8845, -1.1090, -3.7969, 2.1927, 39.6847, 89.2370, 1
1745407230.822, 3.571, 3.865, 0.8770, -1.1087, -3.7877, 2.1456, 39.5630, 89.2991, 1
1745407230.909, 3.571, 3.854, 0.8685, -1.1091, -3.7769, 2.0769, 39.3074, 89.4155, 1
1745407232.196, 3.566, 3.720, 0.7764, -1.1113, -3.6709, 1.9807, 39.4124, 89.4217, 1
1745407232.275, 3.571, 3.700, 0.7668, -1.1115, -3.6596, 1.9987, 39.2264, 89.4187, 1
1745407232.355, 3.571, 3.683, 0.7580, -1.1114, -3.6489, 1.9614, 39.2475, 89.4497, 1
1745407232.434, 3.570, 3.662, 0.7499, -1.1115, -3.6391, 2.0152, 39.2445, 89.4186, 1
1745407232.514, 3.570, 3.662, 0.7420, -1.1116, -3.6297, 1.9756, 39.1641, 89.4889, 1
1745407232.594, 3.574, 3.647, 0.7339, -1.1116, -3.6200, 1.9819, 39.0272, 89.4902, 1
1745407232.673, 3.570, 3.631, 0.7256, -1.1117, -3.6099, 1.9626, 38.8654, 89.5325, 1
1745407232.753, 3.570, 3.615, 0.7169, -1.1117, -3.5996, 1.9748, 38.9177, 89.4791, 1
1745407232.833, 3.574, 3.597, 0.7081, -1.1124, -3.5884, 1.8397, 38.8109, 89.6344, 1
1745407232.912, 3.580, 3.597, 0.6995, -1.1123, -3.5779, 1.9834, 38.6454, 89.5082, 1
1745407232.992, 3.576, 3.581, 0.6923, -1.1123, -3.5689, 1.9657, 38.6510, 89.4997, 1
1745407233.072, 3.579, 3.562, 0.6889, -1.1124, -3.5649, 1.9905, 38.6591, 89.4825, 1
1745407233.151, 3.579, 3.549, 0.6889, -1.1126, -3.5651, 1.9934, 38.6554, 89.5049, 1
1745407233.231, 3.577, 3.549, 0.6901, -1.1127, -3.5663, 1.9790, 38.6745, 89.4768, 1
1745407233.310, 3.582, 3.545, 0.6905, -1.1127, -3.5669, 1.9843, 38.6578, 89.4622, 1
1745407233.390, 3.573, 3.546, 0.6905, -1.1127, -3.5670, 1.9882, 38.6754, 89.4549, 1
1745407233.470, 3.573, 3.549, 0.6905, -1.1128, -3.5670, 1.9823, 38.6763, 89.4561, 1
1745407233.549, 3.573, 3.547, 0.6906, -1.1127, -3.5670, 1.9766, 38.6846, 89.4514, 1
1745407233.629, 3.573, 3.547, 0.6904, -1.1127, -3.5670, 1.9863, 38.6846, 89.4378, 1
1745407233.709, 3.578, 3.550, 0.6906, -1.1127, -3.5668, 1.9847, 38.6811, 89.4366, 1
1745407233.788, 3.580, 3.548, 0.6906, -1.1128, -3.5671, 1.9886, 38.6790, 89.4306, 1
1745407233.868, 3.577, 3.548, 0.6905, -1.1127, -3.5669, 1.9972, 38.6800, 89.4227, 1
1745407233.948, 3.577, 3.548, 0.6904, -1.1127, -3.5669, 1.9952, 38.6845, 89.4195, 1
1745407234.027, 3.579, 3.548, 0.6905, -1.1127, -3.5670, 2.0008, 38.6829, 89.4049, 1
1745407234.107, 3.575, 3.550, 0.6905, -1.1127, -3.5669, 1.9967, 38.6866, 89.4020, 1
1745407234.186, 3.576, 3.549, 0.6904, -1.1127, -3.5670, 1.9998, 38.6978, 89.3981, 1
1745407234.266, 3.574, 3.547, 0.6888, -1.1128, -3.5649, 1.9977, 38.6887, 89.3758, 1
1745407234.346, 3.574, 3.549, 0.6832, -1.1126, -3.5583, 1.9971, 38.5894, 89.3902, 1
1745407234.426, 3.578, 3.549, 0.6749, -1.1124, -3.5479, 2.0981, 38.5324, 89.3496, 1
1745407234.505, 3.581, 3.541, 0.6661, -1.1126, -3.5366, 2.0129, 38.3135, 89.5248, 1
1745407234.585, 3.576, 3.527, 0.6613, -1.1131, -3.5306, 1.8932, 38.1332, 89.6162, 1
1745407234.666, 3.581, 3.510, 0.6608, -1.1132, -3.5303, 1.9196, 38.0787, 89.5511, 1
1745407234.744, 3.581, 3.504, 0.6618, -1.1132, -3.5316, 1.9419, 38.0629, 89.5408, 1
1745407234.824, 3.578, 3.504, 0.6627, -1.1130, -3.5328, 1.9554, 38.0732, 89.5348, 1
1745407234.904, 3.580, 3.505, 0.6631, -1.1131, -3.5332, 1.9650, 38.0776, 89.5300, 1
1745407234.983, 3.577, 3.506, 0.6630, -1.1131, -3.5332, 1.9739, 38.0796, 89.5336, 1
1745407235.063, 3.577, 3.509, 0.6630, -1.1131, -3.5331, 1.9789, 38.0837, 89.5438, 1
1745407235.142, 3.583, 3.507, 0.6629, -1.1130, -3.5330, 1.9835, 38.0878, 89.5433, 1
1745407235.222, 3.580, 3.507, 0.6630, -1.1130, -3.5332, 1.9872, 38.0853, 89.5417, 1
1745407235.302, 3.579, 3.507, 0.6630, -1.1131, -3.5332, 1.9873, 38.0855, 89.5498, 1
1745407235.381, 3.583, 3.505, 0.6630, -1.1130, -3.5330, 1.9924, 38.0851, 89.5584, 1
1745407235.461, 3.583, 3.506, 0.6630, -1.1131, -3.5333, 2.0022, 38.0921, 89.5458, 1
1745407235.541, 3.579, 3.506, 0.6629, -1.1130, -3.5331, 2.0043, 38.0979, 89.5499, 1
1745407235.620, 3.579, 3.506, 0.6630, -1.1130, -3.5331, 2.0062, 38.0960, 89.5494, 1
1745407235.700, 3.581, 3.507, 0.6630, -1.1130, -3.5331, 2.0102, 38.0990, 89.5397, 1
1745407235.780, 3.580, 3.508, 0.6631, -1.1132, -3.5332, 2.0132, 38.0984, 89.5434, 1
1745407235.859, 3.580, 3.507, 0.6630, -1.1129, -3.5330, 2.0132, 38.0954, 89.5468, 1
1745407235.939, 3.582, 3.506, 0.6630, -1.1130, -3.5332, 2.0175, 38.0955, 89.5403, 1
1745407236.019, 3.582, 3.506, 0.6629, -1.1131, -3.5331, 2.0128, 38.0969, 89.5427, 1
1745407236.098, 3.582, 3.507, 0.6629, -1.1130, -3.5332, 2.0113, 38.0920, 89.5472, 1
1745407236.178, 3.580, 3.507, 0.6629, -1.1130, -3.5332, 2.0202, 38.0896, 89.5415, 1
1745407236.258, 3.580, 3.504, 0.6630, -1.1130, -3.5333, 2.0154, 38.0931, 89.5422, 1
1745407236.337, 3.581, 3.506, 0.6629, -1.1131, -3.5331, 2.0174, 38.0934, 89.5464, 1
1745407236.417, 3.582, 3.506, 0.6630, -1.1130, -3.5331, 2.0099, 38.0977, 89.5420, 1
1745407236.496, 3.580, 3.506, 0.6630, -1.1131, -3.5331, 2.0089, 38.0963, 89.5494, 1
1745407236.576, 3.583, 3.508, 0.6630, -1.1130, -3.5331, 2.0047, 38.0995, 89.5537, 1
1745407236.656, 3.583, 3.507, 0.6630, -1.1130, -3.5332, 2.0153, 38.0991, 89.5529, 1
1745407236.735, 3.581, 3.507, 0.6630, -1.1131, -3.5332, 2.0159, 38.1026, 89.5581, 1
1745407236.815, 3.582, 3.507, 0.6630, -1.1130, -3.5332, 2.0244, 38.1071, 89.5508, 1
1745407236.895, 3.582, 3.506, 0.6629, -1.1130, -3.5331, 2.0311, 38.1097, 89.5537, 1
1745407236.974, 3.580, 3.505, 0.6630, -1.1131, -3.5331, 2.0300, 38.1085, 89.5531, 1
1745407237.054, 3.580, 3.505, 0.6630, -1.1130, -3.5332, 2.0331, 38.1035, 89.5523, 1
1745407237.134, 3.583, 3.508, 0.6630, -1.1130, -3.5331, 2.0307, 38.1031, 89.5586, 1
1745407237.213, 3.579, 3.508, 0.6630, -1.1130, -3.5332, 2.0341, 38.1001, 89.5539, 1
1745407237.293, 3.579, 3.508, 0.6629, -1.1130, -3.5330, 2.0329, 38.1059, 89.5554, 1
1745407237.372, 3.580, 3.507, 0.6629, -1.1130, -3.5331, 2.0362, 38.1092, 89.5461, 1
1745407237.452, 3.580, 3.507, 0.6629, -1.1130, -3.5332, 2.0360, 38.1049, 89.5412, 1
1745407237.532, 3.578, 3.509, 0.6629, -1.1130, -3.5332, 2.0357, 38.0987, 89.5433, 1
1745407237.611, 3.581, 3.509, 0.6630, -1.1130, -3.5332, 2.0290, 38.1027, 89.5440, 1
1745407237.691, 3.582, 3.508, 0.6629, -1.1130, -3.5331, 2.0282, 38.1013, 89.5536, 1
1745407237.771, 3.581, 3.505, 0.6630, -1.1130, -3.5332, 2.0361, 38.1017, 89.5475, 1
1745407237.850, 3.581, 3.505, 0.6630, -1.1131, -3.5331, 2.0362, 38.1023, 89.5510, 1
1745407237.930, 3.583, 3.508, 0.6630, -1.1131, -3.5332, 2.0391, 38.1071, 89.5417, 1
1745407238.010, 3.579, 3.508, 0.6631, -1.1131, -3.5331, 2.0340, 38.1067, 89.5441, 1
1745407238.089, 3.581, 3.507, 0.6630, -1.1130, -3.5331, 2.0422, 38.1090, 89.5423, 1
1745407238.169, 3.581, 3.508, 0.6630, -1.1130, -3.5331, 2.0421, 38.1134, 89.5502, 1
1745407238.248, 3.581, 3.506, 0.6631, -1.1130, -3.5332, 2.0321, 38.1129, 89.5468, 1
1745407238.328, 3.582, 3.508, 0.6631, -1.1131, -3.5333, 2.0412, 38.1065, 89.5501, 1
1745407238.408, 3.581, 3.508, 0.6630, -1.1131, -3.5333, 2.0406, 38.1096, 89.5497, 1
1745407238.487, 3.581, 3.505, 0.6632, -1.1131, -3.5331, 2.0344, 38.1081, 89.5572, 1
1745407238.567, 3.580, 3.507, 0.6631, -1.1131, -3.5331, 2.0382, 38.1073, 89.5577, 1
1745407238.647, 3.580, 3.505, 0.6632, -1.1131, -3.5333, 2.0464, 38.1063, 89.5516, 1
1745407238.726, 3.583, 3.505, 0.6631, -1.1131, -3.5332, 2.0409, 38.1046, 89.5606, 1
1745407238.806, 3.578, 3.506, 0.6630, -1.1130, -3.5331, 2.0402, 38.1057, 89.5613, 1
1745407238.886, 3.579, 3.506, 0.6630, -1.1130, -3.5330, 2.0375, 38.1039, 89.5566, 1
1745407238.965, 3.581, 3.506, 0.6630, -1.1131, -3.5332, 2.0368, 38.1034, 89.5399, 1
1745407239.045, 3.581, 3.507, 0.6631, -1.1130, -3.5332, 2.0357, 38.1035, 89.5429, 1
1745407239.125, 3.577, 3.507, 0.6631, -1.1130, -3.5331, 2.0446, 38.1022, 89.5404, 1
1745407239.204, 3.584, 3.506, 0.6630, -1.1131, -3.5332, 2.0471, 38.1013, 89.5335, 1
1745407239.284, 3.584, 3.505, 0.6630, -1.1130, -3.5332, 2.0519, 38.0967, 89.5371, 1
1745407239.363, 3.582, 3.504, 0.6630, -1.1130, -3.5331, 2.0581, 38.1007, 89.5386, 1
1745407239.443, 3.582, 3.509, 0.6631, -1.1130, -3.5332, 2.0529, 38.1018, 89.5418, 1
1745407260.529, 5.281, 3.685, 2.0747, -1.0995, -2.5633, 1.5341, 39.0672, 90.0911, 0
1745407260.609, 5.279, 3.684, 2.0746, -1.0994, -2.5632, 1.5396, 39.0744, 90.0946, 0
1745407260.688, 5.282, 3.684, 2.0746, -1.0995, -2.5633, 1.5350, 39.0788, 90.0871, 0
1745407260.768, 5.282, 3.683, 2.0747, -1.0995, -2.5632, 1.5354, 39.0769, 90.0813, 0
1745407260.848, 5.282, 3.685, 2.0746, -1.0994, -2.5632, 1.5453, 39.0797, 90.0702, 0
1745407260.927, 5.282, 3.685, 2.0747, -1.0995, -2.5633, 1.5398, 39.0727, 90.0679, 0
1745407261.007, 5.282, 3.685, 2.0748, -1.0995, -2.5633, 1.5379, 39.0757, 90.0698, 0
1745407261.087, 5.282, 3.685, 2.0748, -1.0995, -2.5633, 1.5479, 39.0842, 90.0719, 0
1745407261.166, 5.279, 3.683, 2.0747, -1.0995, -2.5632, 1.5394, 39.0762, 90.0826, 0
1745407261.246, 5.279, 3.683, 2.0748, -1.0996, -2.5634, 1.5350, 39.0765, 90.0803, 0
1745407261.325, 5.279, 3.685, 2.0747, -1.0995, -2.5632, 1.5320, 39.0771, 90.0821, 0
1745407261.405, 5.282, 3.685, 2.0747, -1.0995, -2.5633, 1.5333, 39.0798, 90.0786, 0
1745407261.485, 5.281, 3.683, 2.0748, -1.0995, -2.5633, 1.5311, 39.0754, 90.0799, 0
1745407261.564, 5.281, 3.685, 2.0748, -1.0995, -2.5633, 1.5313, 39.0776, 90.0842, 0
1745407261.644, 5.281, 3.684, 2.0747, -1.0995, -2.5633, 1.5259, 39.0717, 90.0874, 0
1745407261.724, 5.281, 3.686, 2.0749, -1.0995, -2.5634, 1.5282, 39.0725, 90.0896, 0
1745407261.803, 5.279, 3.686, 2.0749, -1.0995, -2.5634, 1.5297, 39.0599, 90.0838, 0
1745407261.883, 5.279, 3.685, 2.0747, -1.0995, -2.5632, 1.5334, 39.0682, 90.0941, 0
1745407261.963, 5.282, 3.685, 2.0747, -1.0995, -2.5633, 1.5372, 39.0700, 90.0887, 0
1745407262.042, 5.280, 3.685, 2.0748, -1.0995, -2.5632, 1.5242, 39.0722, 90.0908, 0
1745407262.122, 5.280, 3.685, 2.0747, -1.0995, -2.5633, 1.5373, 39.0821, 90.0889, 0
1745407262.202, 5.280, 3.685, 2.0747, -1.0995, -2.5632, 1.5348, 39.0799, 90.0898, 0
1745407262.281, 5.279, 3.684, 2.0748, -1.0995, -2.5633, 1.5384, 39.0771, 90.0851, 0
1745407262.361, 5.282, 3.684, 2.0748, -1.0996, -2.5633, 1.5422, 39.0759, 90.0861, 0
1745407262.440, 5.281, 3.683, 2.0747, -1.0995, -2.5633, 1.5441, 39.0738, 90.0869, 0
1745407262.520, 5.281, 3.683, 2.0747, -1.0995, -2.5632, 1.5368, 39.0737, 90.0898, 0
1745407262.600, 5.280, 3.683, 2.0746, -1.0995, -2.5632, 1.5398, 39.0748, 90.0822, 0
1745407262.679, 5.279, 3.685, 2.0747, -1.0995, -2.5633, 1.5304, 39.0717, 90.0938, 0
1745407262.759, 5.281, 3.684, 2.0748, -1.0995, -2.5632, 1.5334, 39.0722, 90.0961, 0
1745407262.839, 5.280, 3.684, 2.0748, -1.0995, -2.5634, 1.5303, 39.0760, 90.0970, 0
1745407262.918, 5.280, 3.686, 2.0748, -1.0995, -2.5633, 1.5298, 39.0736, 90.0971, 0
1745407262.998, 5.279, 3.686, 2.0747, -1.0995, -2.5632, 1.5346, 39.0682, 90.0957, 0
1745407263.078, 5.280, 3.684, 2.0747, -1.0995, -2.5632, 1.5348, 39.0675, 90.0868, 0
1745407263.157, 5.281, 3.683, 2.0748, -1.0994, -2.5633, 1.5372, 39.0726, 90.0825, 1
1745407263.237, 5.281, 3.684, 2.0749, -1.0995, -2.5633, 1.5362, 39.0719, 90.0877, 1
1745407263.316, 5.282, 3.685, 2.0746, -1.0994, -2.5632, 1.5379, 39.0698, 90.0949, 1
1745407263.396, 5.280, 3.685, 2.0747, -1.0995, -2.5633, 1.5316, 39.0731, 90.0919, 1
1745407263.476, 5.281, 3.683, 2.0747, -1.0995, -2.5631, 1.5288, 39.0820, 90.1012, 1
1745407263.555, 5.281, 3.684, 2.0747, -1.0995, -2.5632, 1.5314, 39.0860, 90.0947, 1
1745407263.635, 5.281, 3.685, 2.0747, -1.0994, -2.5633, 1.5271, 39.0789, 90.0978, 1
1745407263.715, 5.281, 3.683, 2.0747, -1.0994, -2.5632, 1.5325, 39.0765, 90.0957, 1
1745407263.794, 5.283, 3.683, 2.0746, -1.0994, -2.5631, 1.5358, 39.0756, 90.0932, 1
1745407263.874, 5.280, 3.684, 2.0747, -1.0995, -2.5633, 1.5370, 39.0833, 90.0897, 1
1745407263.954, 5.280, 3.684, 2.0748, -1.0995, -2.5633, 1.5416, 39.0883, 90.0896, 1
1745407264.033, 5.280, 3.685, 2.0748, -1.0994, -2.5633, 1.5510, 39.0835, 90.0916, 1
1745407264.113, 5.280, 3.685, 2.0747, -1.0995, -2.5632, 1.5523, 39.0805, 90.0935, 1
1745407264.193, 5.281, 3.685, 2.0748, -1.0994, -2.5632, 1.5463, 39.0837, 90.0938, 1
1745407265.109, 5.280, 3.683, 2.0747, -1.0994, -2.5631, 1.5361, 39.0727, 90.0830, 0
1745407265.188, 5.281, 3.683, 2.0748, -1.0994, -2.5633, 1.5458, 39.0814, 90.0748, 0
1745407265.268, 5.281, 3.683, 2.0747, -1.0994, -2.5632, 1.5612, 39.0815, 90.0759, 0
1745407265.347, 5.280, 3.685, 2.0747, -1.0994, -2.5633, 1.5651, 39.0822, 90.0744, 0
1745407265.427, 5.280, 3.684, 2.0748, -1.0995, -2.5633, 1.5693, 39.0829, 90.0772, 0
1745407265.507, 5.280, 3.685, 2.0748, -1.0994, -2.5632, 1.5645, 39.0774, 90.0863, 0
1745407265.586, 5.281, 3.685, 2.0747, -1.0995, -2.5633, 1.5616, 39.0747, 90.0847, 0
1745407265.666, 5.280, 3.685, 2.0748, -1.0995, -2.5633, 1.5616, 39.0785, 90.0899, 0
1745407265.746, 5.279, 3.685, 2.0748, -1.0995, -2.5632, 1.5544, 39.0771, 90.0924, 0
1745407265.825, 5.279, 3.683, 2.0748, -1.0994, -2.5633, 1.5560, 39.0694, 90.0891, 0
1745407265.905, 5.282, 3.685, 2.0747, -1.0993, -2.5632, 1.5593, 39.0755, 90.0857, 0
1745407265.985, 5.282, 3.685, 2.0748, -1.0994, -2.5634, 1.5454, 39.0777, 90.0874, 0
1745407266.064, 5.280, 3.685, 2.0749, -1.0996, -2.5633, 1.5419, 39.0736, 90.0885, 0
1745407266.144, 5.280, 3.685, 2.0747, -1.0994, -2.5631, 1.5433, 39.0761, 90.0926, 0
1745407266.224, 5.280, 3.684, 2.0749, -1.0995, -2.5632, 1.5334, 39.0715, 90.0912, 0
1745407266.303, 5.282, 3.685, 2.0749, -1.0995, -2.5633, 1.5472, 39.0750, 90.0965, 0
1745407266.383, 5.280, 3.685, 2.0748, -1.0994, -2.5633, 1.5453, 39.0693, 90.0954, 0
1745407266.463, 5.281, 3.685, 2.0749, -1.0994, -2.5633, 1.5392, 39.0671, 90.0916, 0
1745407266.542, 5.280, 3.686, 2.0749, -1.0994, -2.5633, 1.5508, 39.0683, 90.0832, 0
1745407266.622, 5.280, 3.685, 2.0748, -1.0995, -2.5633, 1.5601, 39.0654, 90.0736, 0
1745407266.701, 5.280, 3.685, 2.0750, -1.0995, -2.5634, 1.5536, 39.0651, 90.0754, 0
1745407266.781, 5.281, 3.686, 2.0745, -1.0996, -2.5628, 1.5288, 39.0610, 90.0728, 0
1745407266.861, 5.281, 3.684, 2.0729, -1.0996, -2.5608, 1.5253, 39.0408, 90.0615, 0
1745407266.940, 5.279, 3.683, 2.0702, -1.0996, -2.5577, 1.5287, 39.0063, 90.0453, 0
1745407267.020, 5.279, 3.681, 2.0667, -1.0995, -2.5536, 1.5721, 38.9537, 90.0312, 0
1745407267.100, 5.281, 3.681, 2.0625, -1.0998, -2.5491, 1.7099, 38.8773, 89.9788, 0
1745407267.179, 5.282, 3.676, 2.0589, -1.1000, -2.5447, 1.7998, 38.7610, 89.9159, 0
1745407267.259, 5.283, 3.670, 2.0553, -1.1001, -2.5398, 1.6729, 38.7115, 89.9802, 0
1745407267.339, 5.283, 3.663, 2.0516, -1.1001, -2.5354, 1.6635, 38.6381, 90.0136, 0
1745407267.418, 5.283, 3.655, 2.0486, -1.1003, -2.5314, 1.6638, 38.5788, 90.0187, 0
1745407267.500, 5.284, 3.655, 2.0458, -1.1003, -2.5279, 1.6531, 38.5331, 90.0283, 0
1745407267.578, 5.285, 3.646, 2.0434, -1.1003, -2.5251, 1.6591, 38.4618, 90.0180, 0
1745407267.657, 5.287, 3.641, 2.0408, -1.1005, -2.5218, 1.6696, 38.4239, 90.0292, 0
1745407267.737, 5.283, 3.639, 2.0380, -1.1006, -2.5184, 1.6817, 38.3704, 90.0177, 0
1745407267.817, 5.283, 3.633, 2.0352, -1.1006, -2.5147, 1.6754, 38.3545, 90.0445, 0
1745407267.896, 5.284, 3.633, 2.0322, -1.1009, -2.5110, 1.7297, 38.2724, 90.0104, 0
1745407267.976, 5.285, 3.625, 2.0287, -1.1009, -2.5069, 1.7392, 38.2030, 90.0503, 0
1745407268.055, 5.286, 3.621, 2.0257, -1.1007, -2.5031, 1.7840, 38.1507, 90.0363, 0
1745407268.135, 5.286, 3.612, 2.0227, -1.1011, -2.4992, 1.7748, 38.0873, 90.0639, 0
1745407268.215, 5.286, 3.608, 2.0198, -1.1014, -2.4953, 1.8042, 38.0193, 90.0497, 0
1745407268.294, 5.287, 3.608, 2.0168, -1.1014, -2.4917, 1.7875, 37.9550, 90.0476, 0
1745407268.374, 5.285, 3.599, 2.0140, -1.1013, -2.4882, 1.8056, 37.9571, 90.0467, 0
1745407268.454, 5.288, 3.593, 2.0111, -1.1013, -2.4844, 1.8291, 37.8936, 90.0555, 0
1745407268.533, 5.290, 3.587, 2.0081, -1.1013, -2.4808, 1.8518, 37.8751, 90.0076, 0
1745407268.613, 5.290, 3.583, 2.0053, -1.1014, -2.4771, 1.8623, 37.8283, 89.9716, 0
1745407268.693, 5.288, 3.583, 2.0025, -1.1015, -2.4734, 1.8394, 37.8464, 90.0000, 0
1745407268.772, 5.290, 3.579, 1.9995, -1.1014, -2.4698, 1.8547, 37.8107, 89.9658, 0
1745407268.852, 5.290, 3.571, 1.9967, -1.1015, -2.4660, 1.8029, 37.8451, 89.9670, 0
1745407268.932, 5.290, 3.565, 1.9939, -1.1017, -2.4625, 1.8124, 37.8509, 89.9130, 0
1745407269.011, 5.288, 3.562, 1.9912, -1.1018, -2.4589, 1.7840, 37.8658, 89.9291, 0
1745407269.091, 5.290, 3.562, 1.9885, -1.1020, -2.4554, 1.7387, 37.8099, 89.9491, 0
1745407269.170, 5.290, 3.552, 1.9859, -1.1021, -2.4519, 1.7151, 37.8028, 89.9762, 0
1745407269.250, 5.290, 3.549, 1.9834, -1.1021, -2.4484, 1.6754, 37.7188, 89.9962, 0
1745407269.330, 5.290, 3.547, 1.9809, -1.1023, -2.4452, 1.6665, 37.6672, 89.9906, 0
1745407269.409, 5.290, 3.541, 1.9782, -1.1023, -2.4417, 1.6920, 37.6083, 89.9580, 0
1745407269.489, 5.292, 3.541, 1.9757, -1.1025, -2.4384, 1.6742, 37.5783, 89.9464, 0
1745407269.569, 5.292, 3.541, 1.9730, -1.1026, -2.4350, 1.6712, 37.5209, 89.9631, 0
1745407269.648, 5.293, 3.528, 1.9703, -1.1027, -2.4316, 1.6825, 37.4643, 89.9749, 0
1745407269.728, 5.293, 3.526, 1.9677, -1.1027, -2.4283, 1.7102, 37.4168, 89.9602, 0
1745407269.808, 5.292, 3.517, 1.9651, -1.1029, -2.4251, 1.6999, 37.4052, 89.9500, 0
1745407269.887, 5.293, 3.517, 1.9630, -1.1029, -2.4222, 1.7021, 37.3695, 89.9333, 0
1745407269.967, 5.293, 3.512, 1.9605, -1.1030, -2.4190, 1.6866, 37.3391, 89.9422, 0
1745407270.047, 5.293, 3.507, 1.9579, -1.1030, -2.4157, 1.7197, 37.2657, 89.9476, 0
1745407270.126, 5.293, 3.502, 1.9553, -1.1030, -2.4125, 1.7479, 37.2335, 89.9138, 0
1745407270.206, 5.294, 3.494, 1.9525, -1.1031, -2.4090, 1.7795, 37.1757, 89.9058, 0
1745407270.286, 5.295, 3.494, 1.9496, -1.1032, -2.4056, 1.8114, 37.1214, 89.8777, 0
1745407270.365, 5.294, 3.491, 1.9471, -1.1031, -2.4022, 1.8269, 37.0710, 89.8253, 0
1745407270.445, 5.296, 3.488, 1.9445, -1.1034, -2.3986, 1.8033, 37.0209, 89.8210, 0
1745407270.524, 5.296, 3.486, 1.9418, -1.1034, -2.3949, 1.7816, 37.0087, 89.8118, 0
1745407270.604, 5.296, 3.475, 1.9393, -1.1034, -2.3916, 1.7983, 36.9855, 89.7791, 0
1745407270.684, 5.296, 3.475, 1.9365, -1.1035, -2.3884, 1.8706, 36.9250, 89.7150, 0
1745407270.763, 5.296, 3.470, 1.9340, -1.1035, -2.3852, 1.9367, 36.8614, 89.6690, 0
1745407270.843, 5.300, 3.466, 1.9313, -1.1036, -2.3823, 2.0370, 36.8126, 89.5880, 0
1745407270.923, 5.300, 3.464, 1.9287, -1.1036, -2.3790, 2.0869, 36.7536, 89.5827, 0
1745407271.002, 5.296, 3.453, 1.9261, -1.1038, -2.3752, 1.9873, 36.7358, 89.6050, 0
1745407271.082, 5.300, 3.453, 1.9232, -1.1041, -2.3712, 1.9520, 36.6648, 89.6394, 0
1745407271.162, 5.298, 3.453, 1.9203, -1.1041, -2.3673, 1.9268, 36.5883, 89.6673, 0
1745407271.241, 5.301, 3.449, 1.9176, -1.1043, -2.3636, 1.9116, 36.5474, 89.6852, 0
1745407271.321, 5.301, 3.440, 1.9151, -1.1042, -2.3604, 1.9171, 36.4643, 89.6790, 0
1745407271.401, 5.301, 3.434, 1.9129, -1.1043, -2.3571, 1.9092, 36.4006, 89.6700, 0
1745407271.480, 5.302, 3.434, 1.9106, -1.1044, -2.3544, 1.9267, 36.3329, 89.6421, 0
1745407271.560, 5.304, 3.431, 1.9082, -1.1044, -2.3513, 1.9303, 36.2648, 89.6517, 0
1745407271.640, 5.306, 3.427, 1.9058, -1.1045, -2.3481, 1.9451, 36.2473, 89.6317, 0
1745407271.719, 5.306, 3.420, 1.9031, -1.1044, -2.3445, 1.9585, 36.1524, 89.6416, 0
1745407271.799, 5.307, 3.415, 1.9005, -1.1045, -2.3411, 1.9962, 36.1028, 89.5829, 0
1745407271.879, 5.308, 3.415, 1.8979, -1.1046, -2.3375, 2.0183, 35.9738, 89.5938, 0
1745407271.958, 5.311, 3.410, 1.8953, -1.1046, -2.3340, 2.0251, 35.8901, 89.5830, 0
1745407272.038, 5.310, 3.406, 1.8927, -1.1049, -2.3304, 2.0146, 35.8162, 89.6030, 0
1745407272.117, 5.310, 3.404, 1.8901, -1.1047, -2.3268, 2.0061, 35.7359, 89.6085, 0
1745407272.197, 5.309, 3.404, 1.8876, -1.1048, -2.3233, 2.0008, 35.6693, 89.6086, 0
1745407272.277, 5.312, 3.392, 1.8851, -1.1049, -2.3198, 2.0273, 35.5841, 89.5717, 0
1745407272.356, 5.312, 3.388, 1.8825, -1.1049, -2.3161, 2.0453, 35.5486, 89.5568, 0
1745407272.436, 5.312, 3.382, 1.8797, -1.1051, -2.3125, 2.0455, 35.4785, 89.5324, 0
1745407272.516, 5.312, 3.378, 1.8772, -1.1049, -2.3090, 2.0323, 35.3949, 89.5263, 0
1745407272.595, 5.314, 3.378, 1.8746, -1.1050, -2.3054, 2.0310, 35.3163, 89.5091, 0
1745407272.675, 5.316, 3.373, 1.8721, -1.1050, -2.3019, 2.0277, 35.2786, 89.4944, 0
1745407272.755, 5.318, 3.368, 1.8694, -1.1052, -2.2981, 2.0049, 35.2660, 89.4985, 0
1745407272.834, 5.319, 3.363, 1.8665, -1.1053, -2.2940, 1.9627, 35.2379, 89.5266, 0
1745407272.914, 5.319, 3.359, 1.8637, -1.1054, -2.2900, 1.9183, 35.2346, 89.5306, 0
1745407272.994, 5.319, 3.359, 1.8612, -1.1055, -2.2865, 1.9027, 35.2210, 89.5483, 0
1745407273.073, 5.321, 3.355, 1.8588, -1.1055, -2.2829, 1.8714, 35.1442, 89.5715, 0
1745407273.153, 5.321, 3.344, 1.8564, -1.1055, -2.2794, 1.8583, 35.0918, 89.5691, 0
1745407273.232, 5.323, 3.340, 1.8540, -1.1057, -2.2760, 1.8424, 35.0279, 89.5624, 0
1745407273.312, 5.323, 3.340, 1.8515, -1.1057, -2.2722, 1.8237, 34.9379, 89.5892, 0
1745407273.392, 5.322, 3.340, 1.8489, -1.1059, -2.2685, 1.7743, 34.8587, 89.6425, 0
1745407273.471, 5.325, 3.334, 1.8464, -1.1059, -2.2648, 1.7431, 34.8004, 89.7046, 0
1745407273.551, 5.326, 3.325, 1.8439, -1.1061, -2.2613, 1.7383, 34.7396, 89.7441, 0
1745407273.631, 5.329, 3.321, 1.8415, -1.1059, -2.2578, 1.7149, 34.7366, 89.7851, 0
1745407273.710, 5.329, 3.315, 1.8393, -1.1060, -2.2547, 1.7206, 34.6844, 89.7886, 0
1745407273.790, 5.329, 3.315, 1.8370, -1.1062, -2.2513, 1.7068, 34.6317, 89.8214, 0
1745407273.869, 5.332, 3.315, 1.8350, -1.1063, -2.2484, 1.7054, 34.5875, 89.8030, 0
1745407273.949, 5.330, 3.306, 1.8325, -1.1061, -2.2451, 1.7192, 34.5483, 89.8354, 0
1745407274.029, 5.332, 3.304, 1.8300, -1.1060, -2.2415, 1.7457, 34.4560, 89.8151, 0
1745407274.108, 5.332, 3.295, 1.8276, -1.1061, -2.2382, 1.7528, 34.4214, 89.7918, 0
1745407274.188, 5.336, 3.295, 1.8249, -1.1060, -2.2343, 1.7757, 34.3675, 89.7968, 0
1745407274.268, 5.332, 3.295, 1.8221, -1.1061, -2.2304, 1.7724, 34.3182, 89.7990, 0
1745407274.347, 5.333, 3.290, 1.8192, -1.1065, -2.2259, 1.6787, 34.2745, 89.8564, 0
1745407274.427, 5.333, 3.284, 1.8164, -1.1064, -2.2216, 1.6675, 34.2661, 89.8534, 0
1745407274.507, 5.337, 3.278, 1.8137, -1.1064, -2.2179, 1.7268, 34.1964, 89.7738, 0
1745407274.587, 5.339, 3.278, 1.8112, -1.1064, -2.2146, 1.7683, 34.1500, 89.7382, 0
1745407274.666, 5.339, 3.272, 1.8086, -1.1065, -2.2114, 1.8741, 34.0568, 89.6892, 0
1745407274.746, 5.341, 3.267, 1.8064, -1.1064, -2.2084, 1.9267, 34.0429, 89.6665, 0
1745407274.825, 5.341, 3.259, 1.8041, -1.1066, -2.2051, 1.8780, 33.9805, 89.6864, 0
1745407274.907, 5.340, 3.254, 1.8010, -1.1066, -2.2004, 1.8013, 33.9551, 89.7258, 0
1745407274.984, 5.344, 3.254, 1.7982, -1.1068, -2.1963, 1.7927, 33.9315, 89.7253, 0
1745407275.184, 5.348, 3.245, 1.7916, -1.1071, -2.1866, 1.7658, 33.7447, 89.7419, 0
1745407275.263, 5.347, 3.239, 1.7896, -1.1070, -2.1835, 1.7596, 33.6901, 89.7241, 0
1745407275.343, 5.348, 3.232, 1.7874, -1.1071, -2.1804, 1.7546, 33.6553, 89.7287, 0
1745407275.422, 5.348, 3.232, 1.7851, -1.1071, -2.1769, 1.7668, 33.5877, 89.7324, 0
1745407275.502, 5.347, 3.225, 1.7825, -1.1071, -2.1732, 1.7913, 33.5621, 89.7086, 0
1745407275.582, 5.350, 3.225, 1.7799, -1.1072, -2.1696, 1.8124, 33.4760, 89.6941, 0
1745407275.781, 5.351, 3.218, 1.7733, -1.1075, -2.1601, 1.8549, 33.2675, 89.6533, 0
1745407275.980, 5.357, 1.825, 1.7673, -1.1074, -2.1507, 1.8260, 33.1304, 89.6632, 0
1745407276.060, 5.358, 1.824, 1.7646, -1.1075, -2.1469, 1.8434, 33.0448, 89.6596, 0
1745407276.140, 5.361, 1.818, 1.7622, -1.1074, -2.1434, 1.8384, 32.9771, 89.6325, 0
1745407276.219, 5.361, 1.809, 1.7600, -1.1076, -2.1400, 1.8614, 32.9690, 89.5945, 0
1745407276.299, 5.362, 1.807, 1.7578, -1.1076, -2.1366, 1.7914, 32.9033, 89.5854, 0
1745407276.378, 5.363, 1.807, 1.7551, -1.1075, -2.1327, 1.7871, 32.9573, 89.6072, 0
1745407276.458, 5.365, 1.796, 1.7524, -1.1077, -2.1291, 1.7350, 33.2055, 89.6040, 0
1745407276.538, 5.363, 1.793, 1.7493, -1.1077, -2.1253, 1.7443, 33.5405, 89.5714, 0
1745407276.617, 5.363, 1.788, 1.7463, -1.1075, -2.1216, 1.6956, 33.9230, 89.5637, 0
1745407276.697, 5.362, 3.162, 1.7432, -1.1081, -2.1179, 1.6707, 34.2651, 89.5612, 0
1745407276.777, 5.354, 3.162, 1.7409, -1.1078, -2.1144, 1.6402, 34.3574, 89.5736, 0
1745407276.856, 5.351, 3.155, 1.7386, -1.1079, -2.1109, 1.5872, 34.3961, 89.5991, 0
1745407276.936, 5.350, 3.142, 1.7361, -1.1079, -2.1074, 1.5821, 34.4302, 89.6034, 0
1745407277.135, 5.349, 3.130, 1.7295, -1.1082, -2.0982, 1.5174, 34.6824, 89.6355, 0
1745407277.214, 5.349, 3.129, 1.7267, -1.1083, -2.0946, 1.5192, 34.7929, 89.6532, 0
1745407277.294, 5.350, 3.120, 1.7241, -1.1082, -2.0910, 1.5496, 34.9005, 89.6401, 0
1745407277.374, 5.348, 3.120, 1.7214, -1.1083, -2.0877, 1.5545, 35.0830, 89.6801, 0
1745407277.454, 5.348, 3.110, 1.7186, -1.1083, -2.0842, 1.5552, 35.2453, 89.6970, 0
1745407277.533, 5.346, 3.103, 1.7162, -1.1085, -2.0812, 1.5829, 35.3477, 89.6828, 0
1745407277.613, 5.346, 3.096, 1.7134, -1.1084, -2.0777, 1.6257, 35.5191, 89.6833, 0
1745407277.693, 5.343, 3.096, 1.7107, -1.1083, -2.0745, 1.6467, 35.6537, 89.6940, 0
1745407277.892, 5.343, 3.089, 1.7036, -1.1085, -2.0658, 1.6937, 35.9542, 89.6980, 0
1745407278.091, 5.339, 3.081, 1.6969, -1.1086, -2.0566, 1.6484, 35.9318, 89.6733, 0
1745407278.170, 5.341, 3.070, 1.6941, -1.1085, -2.0528, 1.6572, 35.9935, 89.6677, 0
1745407278.250, 5.339, 3.065, 1.6913, -1.1086, -2.0495, 1.6959, 35.9791, 89.6509, 0
1745407278.330, 5.341, 3.055, 1.6886, -1.1087, -2.0462, 1.7883, 35.9907, 89.5800, 0
1745407278.409, 5.341, 3.053, 1.6862, -1.1088, -2.0433, 1.8764, 35.9689, 89.5112, 0
1745407278.489, 5.340, 3.053, 1.6834, -1.1086, -2.0401, 1.9481, 35.9635, 89.4699, 0
1745407278.569, 5.342, 3.050, 1.6807, -1.1086, -2.0361, 1.8358, 36.0086, 89.4801, 0
1745407278.648, 5.340, 3.046, 1.6773, -1.1086, -2.0318, 1.7675, 36.2161, 89.5370, 0
1745407278.728, 5.342, 3.034, 1.6741, -1.1089, -2.0280, 1.7632, 36.6577, 89.5617, 0
1745407278.808, 5.342, 3.034, 1.6709, -1.1090, -2.0243, 1.8175, 36.7754, 89.5347, 0
1745407278.887, 5.338, 3.034, 1.6683, -1.1092, -2.0210, 1.7950, 36.7589, 89.5290, 0
1745407278.967, 5.338, 3.023, 1.6660, -1.1092, -2.0179, 1.8014, 36.6834, 89.5274, 0
1745407279.046, 5.335, 3.014, 1.6635, -1.1091, -2.0147, 1.8039, 36.6686, 89.5211, 0
1745407279.126, 5.336, 3.010, 1.6610, -1.1091, -2.0116, 1.8265, 36.6678, 89.4971, 0
1745407279.206, 5.336, 3.007, 1.6587, -1.1094, -2.0083, 1.8209, 36.6798, 89.5102, 0
1745407279.285, 5.337, 3.007, 1.6559, -1.1094, -2.0051, 1.8457, 36.6612, 89.4936, 0
1745407279.365, 5.339, 3.005, 1.6534, -1.1093, -2.0017, 1.8554, 36.6202, 89.4888, 0
1745407279.445, 5.341, 2.998, 1.6508, -1.1095, -1.9981, 1.8973, 36.5799, 89.4836, 0
1745407279.524, 5.334, 2.993, 1.6477, -1.1095, -1.9941, 1.9178, 36.4426, 89.5113, 0
1745407279.604, 5.334, 2.981, 1.6445, -1.1094, -1.9904, 1.8649, 36.7609, 89.5666, 0
1745407279.683, 5.339, 2.981, 1.6414, -1.1095, -1.9872, 1.9303, 37.3089, 89.5139, 0
1745407279.763, 5.338, 2.973, 1.6383, -1.1093, -1.9837, 1.9165, 37.5296, 89.5074, 0
1745407279.843, 5.334, 2.968, 1.6357, -1.1096, -1.9806, 1.9472, 37.5206, 89.4927, 0
1745407279.922, 5.333, 2.964, 1.6332, -1.1095, -1.9774, 1.9449, 37.5284, 89.4702, 0
1745407280.002, 5.333, 2.962, 1.6308, -1.1097, -1.9742, 1.9226, 37.5220, 89.4645, 0
1745407280.082, 5.334, 2.962, 1.6282, -1.1099, -1.9711, 1.9197, 37.5264, 89.4148, 0
1745407280.161, 5.334, 2.950, 1.6257, -1.1099, -1.9677, 1.9078, 37.5315, 89.4031, 0
1745407280.241, 5.334, 2.948, 1.6229, -1.1097, -1.9642, 1.8763, 37.5488, 89.3970, 0
1745407280.321, 5.334, 2.947, 1.6202, -1.1098, -1.9608, 1.8635, 37.5357, 89.3790, 0
1745407280.400, 5.333, 2.933, 1.6174, -1.1100, -1.9573, 1.8440, 37.5595, 89.3802, 0
1745407280.480, 5.336, 2.933, 1.6145, -1.1100, -1.9535, 1.8542, 37.5986, 89.3808, 0
1745407280.560, 5.333, 2.936, 1.6118, -1.1101, -1.9501, 1.7949, 37.5714, 89.4228, 0
1745407280.639, 5.335, 2.928, 1.6092, -1.1102, -1.9467, 1.7903, 37.5854, 89.4321, 0
1745407280.719, 5.335, 2.919, 1.6067, -1.1103, -1.9433, 1.7650, 37.5507, 89.4219, 0
1745407280.799, 5.333, 2.918, 1.6041, -1.1103, -1.9402, 1.7116, 37.6970, 89.4997, 0
1745407280.878, 5.335, 2.918, 1.6010, -1.1105, -1.9369, 1.7313, 37.9395, 89.4631, 0
1745407280.958, 5.335, 2.914, 1.5983, -1.1104, -1.9336, 1.7438, 37.9227, 89.4715, 0
1745407281.038, 5.334, 2.907, 1.5955, -1.1103, -1.9301, 1.7400, 37.8875, 89.4940, 0
1745407281.117, 5.334, 2.900, 1.5927, -1.1103, -1.9266, 1.7547, 37.8598, 89.5266, 0
1745407281.197, 5.333, 2.893, 1.5903, -1.1103, -1.9234, 1.7229, 37.7863, 89.5728, 0
1745407281.276, 5.334, 2.893, 1.5873, -1.1106, -1.9208, 1.7462, 38.4894, 89.5856, 0
1745407281.356, 5.337, 2.895, 1.5840, -1.1108, -1.9185, 1.8300, 39.5223, 89.5532, 0
1745407281.436, 5.331, 2.888, 1.5811, -1.1106, -1.9158, 1.8552, 39.9294, 89.5383, 0
1745407281.515, 5.331, 2.877, 1.5783, -1.1107, -1.9127, 1.8647, 39.9365, 89.5381, 0
1745407281.595, 5.325, 2.879, 1.5754, -1.1107, -1.9094, 1.8731, 39.9485, 89.5310, 0
1745407281.675, 5.326, 2.879, 1.5724, -1.1110, -1.9060, 1.8627, 39.8329, 89.5548, 0
1745407281.754, 5.326, 2.869, 1.5693, -1.1110, -1.9031, 1.8508, 40.4818, 89.5028, 0
1745407281.834, 5.327, 2.868, 1.5653, -1.1109, -1.9006, 1.8449, 41.7682, 89.4371, 0
1745407281.914, 5.327, 2.868, 1.5614, -1.1110, -1.8985, 1.9252, 42.9621, 89.3335, 0
1745407281.993, 5.316, 2.855, 1.5575, -1.1108, -1.8963, 1.9618, 44.0963, 89.3212, 0
1745407282.073, 5.325, 2.855, 1.5538, -1.1107, -1.8942, 2.0546, 45.0693, 89.3232, 0
1745407282.153, 5.329, 2.854, 1.5506, -1.1113, -1.8915, 2.0798, 45.3767, 89.2914, 0
1745407282.232, 5.335, 2.854, 1.5471, -1.1113, -1.8876, 1.9227, 45.3394, 89.4041, 0
1745407282.312, 5.335, 2.850, 1.5435, -1.1112, -1.8839, 1.9169, 45.2933, 89.3709, 0
1745407282.392, 5.334, 2.849, 1.5400, -1.1114, -1.8807, 1.9189, 45.2216, 89.3740, 0
1745407282.471, 5.338, 2.849, 1.5373, -1.1115, -1.8779, 1.9542, 45.1511, 89.3145, 0
1745407282.551, 5.335, 2.835, 1.5343, -1.1115, -1.8752, 1.9727, 45.0854, 89.3153, 0
1745407282.630, 5.334, 2.831, 1.5321, -1.1116, -1.8731, 1.9724, 45.0668, 89.3025, 0
1745407282.710, 5.334, 2.826, 1.5297, -1.1116, -1.8706, 1.9702, 45.0377, 89.3170, 0
1745407282.790, 5.334, 2.821, 1.5271, -1.1116, -1.8681, 1.9790, 44.9768, 89.2980, 0
1745407282.869, 5.332, 2.821, 1.5242, -1.1116, -1.8653, 2.0145, 44.9478, 89.2862, 0
1745407282.949, 5.332, 2.816, 1.5213, -1.1118, -1.8625, 2.0199, 44.8888, 89.2739, 0
1745407283.029, 5.331, 2.813, 1.5182, -1.1117, -1.8594, 2.0753, 44.8631, 89.2339, 0
1745407283.108, 5.331, 2.811, 1.5151, -1.1118, -1.8563, 2.0994, 44.7170, 89.2395, 0
1745407283.188, 5.330, 2.811, 1.5118, -1.1118, -1.8529, 2.1199, 44.6429, 89.2460, 0
1745407283.268, 5.332, 2.799, 1.5087, -1.1119, -1.8498, 2.1108, 44.5500, 89.2588, 0
1745407283.347, 5.329, 2.799, 1.5059, -1.1120, -1.8469, 2.1229, 44.4381, 89.2677, 0
1745407283.427, 5.329, 2.788, 1.5027, -1.1121, -1.8439, 2.1161, 44.5042, 89.2708, 0
1745407283.507, 5.329, 2.782, 1.4994, -1.1121, -1.8412, 2.1546, 44.8381, 89.2250, 0
1745407283.586, 5.322, 2.782, 1.4962, -1.1121, -1.8386, 2.1595, 45.2409, 89.2037, 0
1745407283.666, 5.327, 2.782, 1.4932, -1.1121, -1.8361, 2.1178, 45.6541, 89.2133, 0
1745407283.745, 5.329, 2.780, 1.4903, -1.1121, -1.8336, 2.1549, 45.7486, 89.2172, 0
1745407283.825, 5.328, 2.773, 1.4871, -1.1122, -1.8306, 2.1281, 45.7135, 89.2503, 0
1745407283.905, 5.328, 2.769, 1.4843, -1.1124, -1.8278, 2.0881, 45.7100, 89.2594, 0
1745407283.984, 5.333, 2.769, 1.4813, -1.1125, -1.8249, 2.0283, 45.7290, 89.2722, 0
1745407284.064, 5.331, 2.764, 1.4782, -1.1124, -1.8218, 1.9806, 45.6871, 89.2685, 0
1745407284.144, 5.331, 2.764, 1.4752, -1.1125, -1.8189, 1.9414, 45.6582, 89.2750, 0
1745407284.223, 5.332, 2.760, 1.4722, -1.1126, -1.8157, 1.9254, 45.6117, 89.2581, 0
1745407284.303, 5.332, 2.755, 1.4690, -1.1127, -1.8126, 1.8447, 45.6560, 89.3624, 0
1745407284.382, 5.330, 2.755, 1.4658, -1.1128, -1.8096, 1.8306, 45.6160, 89.3515, 0
1745407284.462, 5.328, 2.746, 1.4629, -1.1128, -1.8065, 1.7418, 45.6143, 89.4465, 0
1745407284.542, 5.328, 2.741, 1.4600, -1.1129, -1.8037, 1.7214, 45.5710, 89.4536, 0
1745407284.622, 5.325, 2.732, 1.4572, -1.1130, -1.8009, 1.6632, 45.5634, 89.4823, 0
1745407284.701, 5.325, 2.726, 1.4544, -1.1129, -1.7982, 1.6582, 45.5204, 89.4890, 0
1745407284.781, 5.326, 2.726, 1.4514, -1.1130, -1.7953, 1.6319, 45.4809, 89.5083, 0
1745407284.860, 5.324, 2.722, 1.4485, -1.1131, -1.7924, 1.6485, 45.4421, 89.5012, 0
1745407284.940, 5.325, 2.715, 1.4455, -1.1131, -1.7894, 1.6905, 45.3170, 89.4805, 0
1745407285.020, 5.327, 2.709, 1.4422, -1.1132, -1.7865, 1.7495, 45.2722, 89.4527, 0
1745407285.099, 5.327, 2.703, 1.4393, -1.1133, -1.7837, 1.8010, 45.1745, 89.4171, 0
1745407285.179, 5.325, 2.703, 1.4364, -1.1135, -1.7811, 1.8648, 45.1631, 89.3822, 0
1745407285.259, 5.322, 2.698, 1.4338, -1.1132, -1.7784, 1.8729, 45.1131, 89.3885, 0
1745407285.338, 5.322, 2.691, 1.4311, -1.1134, -1.7758, 1.8691, 45.0619, 89.4017, 0
1745407285.418, 5.320, 2.687, 1.4284, -1.1133, -1.7731, 1.8692, 45.0485, 89.3957, 0
1745407285.498, 5.320, 2.686, 1.4253, -1.1134, -1.7701, 1.8655, 45.0085, 89.4044, 0
1745407285.577, 5.319, 2.686, 1.4224, -1.1135, -1.7671, 1.8277, 44.9918, 89.4217, 0
1745407285.657, 5.317, 2.682, 1.4191, -1.1136, -1.7637, 1.7847, 44.9504, 89.4452, 0
1745407285.737, 5.317, 2.671, 1.4161, -1.1135, -1.7606, 1.7031, 44.9541, 89.4761, 0
1745407285.816, 5.317, 2.671, 1.4134, -1.1137, -1.7581, 1.7244, 44.9255, 89.4489, 0
1745407285.896, 5.317, 2.660, 1.4111, -1.1139, -1.7558, 1.7388, 44.8935, 89.4040, 0
1745407285.976, 5.317, 2.660, 1.4085, -1.1139, -1.7531, 1.7328, 44.8926, 89.4330, 0
1745407286.055, 5.317, 2.661, 1.4056, -1.1137, -1.7506, 1.8255, 44.8675, 89.3860, 0
1745407286.135, 5.317, 2.658, 1.4028, -1.1137, -1.7479, 1.8141, 44.8453, 89.4171, 0
1745407286.214, 5.317, 2.646, 1.3996, -1.1139, -1.7446, 1.7156, 44.8531, 89.4577, 0
1745407286.294, 5.315, 2.645, 1.3959, -1.1139, -1.7406, 1.5808, 44.8330, 89.5851, 0
1745407286.374, 5.314, 2.645, 1.3927, -1.1142, -1.7373, 1.5643, 44.8083, 89.5839, 0
1745407286.453, 5.315, 2.636, 1.3895, -1.1143, -1.7341, 1.5597, 44.7738, 89.6012, 0
1745407286.533, 5.313, 2.629, 1.3867, -1.1143, -1.7314, 1.5587, 44.7592, 89.5923, 0
1745407286.613, 5.313, 2.629, 1.3841, -1.1145, -1.7290, 1.5890, 44.7167, 89.5807, 0
1745407286.692, 5.313, 2.619, 1.3816, -1.1144, -1.7264, 1.6023, 44.6943, 89.5714, 0
1745407286.772, 5.312, 2.619, 1.3789, -1.1144, -1.7238, 1.6023, 44.6996, 89.5770, 0
1745407286.851, 5.312, 2.617, 1.3763, -1.1144, -1.7212, 1.6073, 44.6317, 89.5978, 0
1745407286.931, 5.311, 2.618, 1.3737, -1.1146, -1.7187, 1.6453, 44.6069, 89.5651, 0
1745407287.011, 5.311, 2.608, 1.3708, -1.1146, -1.7160, 1.6412, 44.5923, 89.5727, 0
1745407287.090, 5.310, 2.606, 1.3680, -1.1147, -1.7133, 1.6754, 44.5631, 89.5573, 0
1745407287.170, 5.310, 2.606, 1.3650, -1.1145, -1.7103, 1.7112, 44.5055, 89.5378, 0
1745407287.250, 5.309, 2.598, 1.3616, -1.1146, -1.7070, 1.7071, 44.4655, 89.5752, 0
1745407287.329, 5.309, 2.598, 1.3585, -1.1147, -1.7041, 1.7082, 44.4197, 89.5822, 0
1745407287.409, 5.309, 2.591, 1.3556, -1.1149, -1.7010, 1.6960, 44.3730, 89.6236, 0
1745407287.489, 5.308, 2.582, 1.3525, -1.1148, -1.6980, 1.6743, 44.3283, 89.6585, 0
1745407287.568, 5.307, 2.582, 1.3498, -1.1148, -1.6952, 1.7220, 44.3021, 89.6335, 0
1745407287.648, 5.309, 2.582, 1.3471, -1.1149, -1.6926, 1.7343, 44.3067, 89.6103, 0
1745407287.728, 5.307, 2.568, 1.3443, -1.1149, -1.6898, 1.7436, 44.2644, 89.6054, 0
1745407287.807, 5.307, 2.569, 1.3415, -1.1149, -1.6869, 1.7403, 44.2690, 89.5791, 0
1745407287.887, 5.307, 2.565, 1.3386, -1.1150, -1.6838, 1.7001, 44.2573, 89.6126, 0
1745407287.966, 5.304, 2.565, 1.3358, -1.1151, -1.6810, 1.6475, 44.2345, 89.6412, 0
1745407288.046, 5.303, 2.555, 1.3331, -1.1151, -1.6782, 1.6153, 44.2310, 89.6251, 0
1745407288.126, 5.305, 2.554, 1.3304, -1.1151, -1.6754, 1.5615, 44.2509, 89.6378, 0
1745407288.205, 5.305, 2.551, 1.3275, -1.1152, -1.6723, 1.5495, 44.2690, 89.6291, 0
1745407288.285, 5.303, 2.540, 1.3245, -1.1154, -1.6693, 1.4912, 44.2737, 89.6476, 0
1745407288.365, 5.301, 2.540, 1.3216, -1.1154, -1.6663, 1.4856, 44.2644, 89.6467, 0
1745407288.444, 5.302, 2.534, 1.3183, -1.1155, -1.6629, 1.3950, 44.2980, 89.7431, 0
1745407288.526, 5.306, 2.530, 1.3153, -1.1154, -1.6597, 1.3749, 44.2892, 89.7483, 0
1745407288.605, 5.306, 2.530, 1.3124, -1.1157, -1.6567, 1.3112, 44.2700, 89.8084, 0
1745407288.683, 5.301, 2.530, 1.3096, -1.1158, -1.6538, 1.2874, 44.2506, 89.8213, 0
1745407288.763, 5.303, 2.526, 1.3070, -1.1159, -1.6511, 1.2129, 44.1877, 89.8996, 0
1745407288.843, 5.304, 2.519, 1.3041, -1.1159, -1.6480, 1.1826, 44.1388, 89.8944, 0
1745407291.212, 5.291, 2.432, 1.2536, -1.1166, -1.5946, 1.3483, 42.7260, 89.7976, 0
1745407291.292, 5.292, 2.433, 1.2535, -1.1166, -1.5946, 1.3408, 42.7266, 89.8010, 0
1745407291.371, 5.291, 2.433, 1.2536, -1.1166, -1.5946, 1.3396, 42.7316, 89.7952, 0
1745407291.451, 5.291, 2.432, 1.2536, -1.1166, -1.5946, 1.3372, 42.7312, 89.7936, 0
1745407291.531, 5.291, 2.434, 1.2536, -1.1166, -1.5946, 1.3427, 42.7337, 89.7890, 0
1745407291.610, 5.291, 2.431, 1.2536, -1.1166, -1.5946, 1.3440, 42.7353, 89.7855, 0
1745407291.690, 5.291, 2.433, 1.2537, -1.1166, -1.5947, 1.3395, 42.7396, 89.7885, 0
1745407291.770, 5.292, 2.433, 1.2537, -1.1167, -1.5947, 1.3370, 42.7378, 89.7925, 0
1745407291.849, 5.292, 2.430, 1.2536, -1.1167, -1.5946, 1.3328, 42.7374, 89.8009, 0
1745407291.929, 5.290, 2.431, 1.2537, -1.1166, -1.5946, 1.3330, 42.7389, 89.7999, 0
1745407292.009, 5.290, 2.431, 1.2534, -1.1166, -1.5946, 1.3427, 42.7388, 89.8047, 0
1745407292.088, 5.292, 2.433, 1.2536, -1.1167, -1.5947, 1.3331, 42.7407, 89.8037, 0
1745407292.168, 5.291, 2.433, 1.2537, -1.1166, -1.5946, 1.3226, 42.7315, 89.8111, 0
1745407292.247, 5.292, 2.430, 1.2536, -1.1166, -1.5947, 1.3300, 42.7341, 89.8021, 0
1745407292.327, 5.290, 2.431, 1.2537, -1.1167, -1.5947, 1.3329, 42.7331, 89.8028, 0
1745407292.407, 5.290, 2.431, 1.2536, -1.1167, -1.5946, 1.3337, 42.7359, 89.8051, 0
1745407292.486, 5.293, 2.433, 1.2537, -1.1167, -1.5947, 1.3368, 42.7358, 89.7967, 0
1745407292.566, 5.291, 2.433, 1.2536, -1.1166, -1.5946, 1.3382, 42.7242, 89.8019, 0
1745407292.646, 5.291, 2.430, 1.2530, -1.1166, -1.5939, 1.3087, 42.6934, 89.8189, 0
1745407292.725, 5.291, 2.431, 1.2513, -1.1165, -1.5919, 1.2163, 42.6975, 89.8416, 0
1745407292.805, 5.291, 2.429, 1.2480, -1.1167, -1.5886, 1.2567, 42.6839, 89.7900, 0
1745407292.885, 5.294, 2.430, 1.2440, -1.1170, -1.5843, 1.2493, 42.6268, 89.7731, 0
1745407292.964, 5.293, 2.430, 1.2393, -1.1170, -1.5793, 1.2538, 42.5155, 89.7616, 0
1745407293.044, 5.291, 2.417, 1.2351, -1.1171, -1.5750, 1.2631, 42.4759, 89.7325, 0
1745407293.124, 5.290, 2.412, 1.2311, -1.1171, -1.5707, 1.2716, 42.3771, 89.7197, 0
1745407293.203, 5.290, 2.402, 1.2270, -1.1171, -1.5664, 1.2761, 42.2998, 89.6784, 0
1745407293.283, 5.290, 2.398, 1.2224, -1.1172, -1.5615, 1.3417, 42.2923, 89.5806, 0
1745407293.362, 5.291, 2.398, 1.2173, -1.1171, -1.5560, 1.3738, 42.1656, 89.5378, 0
1745407293.442, 5.290, 2.388, 1.2117, -1.1172, -1.5500, 1.3581, 42.0334, 89.5486, 0
1745407293.522, 5.288, 2.378, 1.2061, -1.1173, -1.5439, 1.3721, 41.9064, 89.4926, 0
1745407293.603, 5.288, 2.367, 1.2006, -1.1172, -1.5378, 1.4045, 41.8246, 89.4284, 0
1745407293.681, 5.287, 2.360, 1.1957, -1.1174, -1.5325, 1.3546, 41.8075, 89.4396, 0
1745407293.761, 5.285, 2.360, 1.1911, -1.1175, -1.5272, 1.3079, 41.7691, 89.4231, 0
1745407293.840, 5.286, 2.346, 1.1863, -1.1174, -1.5218, 1.2318, 41.7293, 89.3732, 0
1745407293.920, 5.286, 2.341, 1.1814, -1.1174, -1.5165, 1.2141, 41.7544, 89.3203, 0
1745407294.000, 5.286, 2.332, 1.1765, -1.1175, -1.5111, 1.2071, 41.8139, 89.2859, 0
1745407294.079, 5.286, 2.323, 1.1717, -1.1176, -1.5054, 1.0951, 41.8065, 89.3857, 0
1745407294.159, 5.285, 2.323, 1.1665, -1.1176, -1.4996, 1.0101, 41.6852, 89.4629, 0
1745407294.239, 5.285, 2.312, 1.1614, -1.1178, -1.4939, 0.9669, 41.5866, 89.5064, 0
1745407294.318, 5.286, 2.301, 1.1563, -1.1177, -1.4883, 1.0017, 41.5216, 89.4903, 0
1745407294.398, 5.286, 2.295, 1.1512, -1.1178, -1.4828, 1.0746, 41.4683, 89.4599, 0
1745407294.478, 5.283, 2.295, 1.1462, -1.1178, -1.4773, 1.1099, 41.4163, 89.4426, 0
1745407294.557, 5.284, 2.283, 1.1413, -1.1177, -1.4721, 1.1568, 41.3935, 89.4379, 0
1745407294.637, 5.283, 2.276, 1.1367, -1.1178, -1.4669, 1.1764, 41.3765, 89.4476, 0
1745407294.716, 5.282, 2.267, 1.1321, -1.1178, -1.4617, 1.1566, 41.3407, 89.4498, 0
1745407294.796, 5.282, 2.257, 1.1273, -1.1177, -1.4562, 1.0833, 41.3704, 89.4878, 0
1745407294.876, 5.282, 2.257, 1.1220, -1.1175, -1.4504, 1.1225, 41.3924, 89.5021, 0
1745407294.955, 5.285, 2.248, 1.1168, -1.1177, -1.4453, 1.2651, 41.3048, 89.3945, 0
1745407295.035, 5.283, 2.240, 1.1121, -1.1176, -1.4396, 1.1428, 41.2499, 89.4575, 0
1745407295.115, 5.279, 2.230, 1.1065, -1.1178, -1.4334, 1.1216, 41.2585, 89.4604, 0
1745407295.194, 5.279, 2.220, 1.1007, -1.1180, -1.4269, 1.1216, 41.1543, 89.5118, 0
1745407295.274, 5.285, 2.220, 1.0949, -1.1179, -1.4205, 1.1197, 41.0543, 89.5671, 0
1745407295.354, 5.282, 2.210, 1.0900, -1.1180, -1.4150, 1.1288, 40.9966, 89.5954, 0
1745407295.433, 5.279, 2.199, 1.0851, -1.1178, -1.4098, 1.1918, 40.9632, 89.6023, 0
1745407295.513, 5.279, 2.187, 1.0805, -1.1181, -1.4048, 1.2493, 40.8923, 89.5911, 0
1745407295.593, 5.279, 2.179, 1.0757, -1.1181, -1.3994, 1.3121, 40.8307, 89.5675, 0
1745407295.672, 5.279, 2.179, 1.0707, -1.1182, -1.3937, 1.3154, 40.6887, 89.6689, 0
1745407295.752, 5.280, 2.170, 1.0653, -1.1184, -1.3875, 1.3450, 40.5309, 89.7056, 0
1745407295.831, 5.279, 2.160, 1.0596, -1.1183, -1.3812, 1.3740, 40.4596, 89.7637, 0
1745407295.911, 5.280, 2.152, 1.0543, -1.1184, -1.3751, 1.3704, 40.3872, 89.7672, 0
1745407295.991, 5.280, 2.139, 1.0496, -1.1185, -1.3695, 1.3431, 40.3204, 89.8136, 0
1745407296.070, 5.279, 2.139, 1.0446, -1.1185, -1.3636, 1.3329, 40.2456, 89.7885, 0
1745407296.150, 5.280, 2.129, 1.0397, -1.1186, -1.3578, 1.2814, 40.1848, 89.8890, 0
1745407296.230, 5.283, 2.121, 1.0347, -1.1186, -1.3522, 1.2499, 40.1823, 89.9291, 0
1745407296.313, 5.280, 2.110, 1.0294, -1.1188, -1.3461, 1.2256, 40.1033, 90.0077, 0
1745407298.081, 5.299, 2.013, 0.9780, -1.1195, -1.2856, 1.2592, 39.4709, 90.2499, 0
1745407298.161, 5.300, 2.013, 0.9779, -1.1196, -1.2857, 1.2571, 39.4669, 90.2527, 0
1745407298.241, 5.296, 2.014, 0.9780, -1.1196, -1.2857, 1.2542, 39.4720, 90.2524, 0
1745407298.320, 5.298, 2.013, 0.9779, -1.1196, -1.2857, 1.2440, 39.4686, 90.2649, 0
1745407298.400, 5.298, 2.013, 0.9779, -1.1195, -1.2857, 1.2412, 39.4644, 90.2616, 0
1745407298.480, 5.299, 2.013, 0.9779, -1.1195, -1.2857, 1.2427, 39.4596, 90.2583, 0
1745407298.559, 5.300, 2.013, 0.9779, -1.1195, -1.2857, 1.2443, 39.4600, 90.2595, 0
1745407298.639, 5.299, 2.013, 0.9779, -1.1195, -1.2858, 1.2462, 39.4644, 90.2597, 0
1745407298.719, 5.297, 2.012, 0.9779, -1.1195, -1.2857, 1.2433, 39.4682, 90.2683, 0
1745407298.798, 5.297, 2.015, 0.9778, -1.1195, -1.2857, 1.2415, 39.4730, 90.2706, 0
1745407298.878, 5.299, 2.013, 0.9779, -1.1195, -1.2857, 1.2421, 39.4735, 90.2643, 0
1745407298.958, 5.298, 2.013, 0.9779, -1.1196, -1.2858, 1.2415, 39.4735, 90.2702, 0
1745407299.037, 5.298, 2.013, 0.9779, -1.1195, -1.2857, 1.2402, 39.4800, 90.2753, 0
1745407299.117, 5.298, 2.013, 0.9778, -1.1195, -1.2857, 1.2373, 39.4752, 90.2739, 0
1745407299.196, 5.298, 2.013, 0.9779, -1.1196, -1.2857, 1.2355, 39.4687, 90.2723, 0
1745407299.276, 5.297, 2.013, 0.9768, -1.1195, -1.2846, 1.2816, 39.4698, 90.2350, 0
1745407299.356, 5.296, 2.013, 0.9744, -1.1196, -1.2818, 1.2725, 39.4648, 90.2068, 0
1745407299.435, 5.300, 2.013, 0.9713, -1.1198, -1.2779, 1.1584, 39.4609, 90.2365, 0
1745407299.515, 5.304, 2.010, 0.9678, -1.1198, -1.2736, 1.1701, 39.4824, 90.2302, 0
1745407299.595, 5.304, 2.003, 0.9650, -1.1200, -1.2702, 1.1731, 39.4603, 90.1881, 0
1745407299.674, 5.305, 1.996, 0.9627, -1.1201, -1.2677, 1.1630, 39.4526, 90.1791, 0
1745407299.754, 5.305, 1.996, 0.9611, -1.1200, -1.2658, 1.1800, 39.4314, 90.1480, 0
1745407299.834, 5.308, 1.992, 0.9597, -1.1200, -1.2642, 1.1754, 39.4398, 90.1522, 0
1745407299.913, 5.310, 1.989, 0.9583, -1.1201, -1.2626, 1.1632, 39.4251, 90.1584, 0
1745407299.993, 5.310, 1.988, 0.9567, -1.1203, -1.2606, 1.1590, 39.4055, 90.1520, 0
1745407300.073, 5.310, 1.988, 0.9545, -1.1203, -1.2582, 1.1513, 39.3739, 90.1729, 0
1745407300.152, 5.311, 1.984, 0.9524, -1.1203, -1.2556, 1.1653, 39.3613, 90.1708, 0
1745407300.232, 5.311, 1.980, 0.9503, -1.1204, -1.2532, 1.1681, 39.3114, 90.1348, 0
1745407300.312, 5.310, 1.975, 0.9482, -1.1204, -1.2507, 1.1824, 39.2913, 90.1388, 0
1745407300.391, 5.310, 1.971, 0.9463, -1.1204, -1.2485, 1.2104, 39.2964, 90.1187, 0
1745407300.471, 5.311, 1.971, 0.9445, -1.1206, -1.2464, 1.2388, 39.2519, 90.0784, 0
1745407300.550, 5.312, 1.968, 0.9426, -1.1206, -1.2443, 1.2542, 39.2475, 90.0787, 0
1745407300.630, 5.312, 1.964, 0.9407, -1.1205, -1.2420, 1.2581, 39.2160, 90.0838, 0
1745407300.710, 5.311, 1.960, 0.9387, -1.1206, -1.2396, 1.2543, 39.1875, 90.0842, 0
1745407300.789, 5.311, 1.956, 0.9367, -1.1207, -1.2372, 1.2671, 39.1969, 90.0929, 0
1745407300.869, 5.313, 1.956, 0.9345, -1.1207, -1.2348, 1.2641, 39.1665, 90.1116, 0
1745407300.949, 5.312, 1.951, 0.9325, -1.1207, -1.2323, 1.2552, 39.1385, 90.1031, 0
1745407301.028, 5.312, 1.949, 0.9306, -1.1209, -1.2300, 1.2774, 39.1061, 90.0944, 0
1745407301.108, 5.310, 1.945, 0.9289, -1.1210, -1.2281, 1.2794, 39.1028, 90.0914, 0
1745407301.188, 5.310, 1.940, 0.9273, -1.1209, -1.2261, 1.2510, 39.0968, 90.1298, 0
1745407301.267, 5.312, 1.940, 0.9260, -1.1209, -1.2244, 1.2496, 39.0733, 90.1126, 0
1745407301.347, 5.312, 1.936, 0.9247, -1.1211, -1.2229, 1.2824, 39.0299, 90.0963, 0
1745407301.427, 5.312, 1.934, 0.9234, -1.1211, -1.2213, 1.2808, 39.0038, 90.0966, 0
1745407301.506, 5.312, 1.932, 0.9216, -1.1210, -1.2194, 1.3159, 38.9641, 90.0866, 0
1745407301.586, 5.312, 1.931, 0.9201, -1.1211, -1.2173, 1.2667, 38.9810, 90.1022, 0
1745407301.666, 5.311, 1.931, 0.9184, -1.1210, -1.2153, 1.2955, 38.9530, 90.0808, 0
1745407301.745, 5.310, 1.927, 0.9167, -1.1210, -1.2133, 1.2755, 38.9739, 90.0637, 0
1745407301.825, 5.312, 1.921, 0.9151, -1.1211, -1.2113, 1.2899, 38.9604, 90.0324, 0
1745407301.904, 5.312, 1.920, 0.9135, -1.1212, -1.2094, 1.2723, 38.9641, 90.0239, 0
1745407301.984, 5.312, 1.916, 0.9119, -1.1212, -1.2073, 1.2420, 38.9237, 90.0283, 0
1745407302.064, 5.312, 1.916, 0.9102, -1.1212, -1.2052, 1.2030, 38.9510, 90.0240, 0
1745407302.143, 5.311, 1.913, 0.9086, -1.1214, -1.2033, 1.2092, 38.9376, 90.0075, 0
1745407302.223, 5.313, 1.911, 0.9072, -1.1213, -1.2015, 1.1804, 38.9785, 90.0324, 0
1745407302.303, 5.312, 1.909, 0.9055, -1.1213, -1.1996, 1.1881, 38.9601, 89.9829, 0
1745407302.382, 5.312, 1.903, 0.9037, -1.1214, -1.1976, 1.1875, 38.9828, 89.9827, 0
1745407302.462, 5.314, 1.903, 0.9022, -1.1214, -1.1956, 1.1863, 39.0161, 89.9746, 0
1745407302.542, 5.311, 1.900, 0.9003, -1.1214, -1.1934, 1.1889, 39.0175, 89.9507, 0
1745407302.623, 5.312, 1.898, 0.8982, -1.1215, -1.1909, 1.2061, 39.0145, 89.9512, 0
1745407302.701, 5.312, 1.894, 0.8960, -1.1215, -1.1882, 1.2039, 39.0215, 89.9407, 0
1745407302.781, 5.313, 1.891, 0.8935, -1.1215, -1.1852, 1.1940, 38.9497, 89.9487, 0
1745407302.860, 5.315, 1.891, 0.8910, -1.1216, -1.1820, 1.1569, 38.9419, 89.9708, 0
1745407302.940, 5.313, 1.883, 0.8884, -1.1216, -1.1786, 1.1183, 38.8720, 90.0182, 0
1745407303.019, 5.314, 1.878, 0.8856, -1.1217, -1.1752, 1.0984, 38.8387, 90.0600, 0
1745407303.099, 5.314, 1.875, 0.8829, -1.1218, -1.1721, 1.0945, 38.7884, 90.0838, 0
1745407303.179, 5.314, 1.868, 0.8803, -1.1219, -1.1689, 1.1083, 38.7445, 90.0917, 0
1745407303.258, 5.314, 1.868, 0.8776, -1.1220, -1.1659, 1.1581, 38.6858, 90.0795, 0
1745407303.338, 5.314, 1.864, 0.8751, -1.1222, -1.1629, 1.1978, 38.6400, 90.0667, 0
1745407303.418, 5.315, 1.858, 0.8724, -1.1222, -1.1598, 1.2155, 38.5932, 90.0800, 0
1745407303.617, 5.316, 1.848, 0.8661, -1.1223, -1.1521, 1.2522, 38.4423, 90.0775, 0
1745407303.816, 5.314, 1.838, 0.8590, -1.1223, -1.1434, 1.2676, 38.3275, 90.0653, 0
1745407304.015, 5.317, 1.828, 0.8521, -1.1226, -1.1347, 1.2178, 38.2594, 90.0380, 0
1745407304.095, 5.317, 1.820, 0.8496, -1.1226, -1.1316, 1.2342, 38.2154, 90.0387, 0
1745407304.174, 5.317, 1.819, 0.8470, -1.1225, -1.1285, 1.2873, 38.1756, 90.0103, 0
1745407304.373, 5.317, 1.806, 0.8408, -1.1226, -1.1212, 1.3557, 38.1365, 89.9514, 0
1745407304.573, 5.316, 1.796, 0.8333, -1.1228, -1.1116, 1.3171, 38.0905, 89.8957, 0
1745407304.772, 5.321, 1.783, 0.8262, -1.1230, -1.1031, 1.3781, 38.0516, 89.8793, 0
1745407304.851, 5.317, 1.783, 0.8238, -1.1232, -1.1000, 1.3597, 37.9938, 89.9023, 0
1745407304.931, 5.317, 1.779, 0.8215, -1.1233, -1.0970, 1.3665, 37.9557, 89.9119, 0
1745407305.011, 5.322, 1.774, 0.8190, -1.1232, -1.0938, 1.3545, 37.8798, 89.9268, 0
1745407305.090, 5.322, 1.768, 0.8162, -1.1233, -1.0905, 1.3755, 37.8461, 89.9165, 0
1745407305.170, 5.320, 1.763, 0.8143, -1.1234, -1.0881, 1.3898, 37.7949, 89.9320, 0
1745407305.250, 5.322, 1.763, 0.8136, -1.1234, -1.0872, 1.3846, 37.8061, 89.9401, 0
1745407305.329, 5.321, 1.760, 0.8136, -1.1234, -1.0872, 1.3664, 37.7978, 89.9369, 0
1745407305.529, 5.320, 1.756, 0.8138, -1.1234, -1.0872, 1.3347, 37.8009, 89.9759, 0
1745407305.608, 5.322, 1.757, 0.8137, -1.1233, -1.0871, 1.3224, 37.7923, 89.9849, 0
1745407305.688, 5.322, 1.757, 0.8137, -1.1233, -1.0871, 1.3143, 37.7912, 89.9914, 0
1745407305.767, 5.320, 1.757, 0.8138, -1.1235, -1.0872, 1.3064, 37.7882, 89.9864, 0
1745407305.847, 5.321, 1.756, 0.8139, -1.1235, -1.0872, 1.2927, 37.7819, 89.9978, 0
1745407305.927, 5.320, 1.756, 0.8138, -1.1234, -1.0871, 1.2911, 37.7846, 89.9972, 0
1745407306.006, 5.324, 1.757, 0.8138, -1.1234, -1.0871, 1.2845, 37.7911, 90.0055, 0
1745407306.086, 5.324, 1.757, 0.8139, -1.1235, -1.0872, 1.2865, 37.7894, 89.9946, 0
1745407306.166, 5.324, 1.757, 0.8139, -1.1235, -1.0870, 1.2844, 37.7813, 90.0185, 0
1745407306.245, 5.322, 1.757, 0.8139, -1.1235, -1.0871, 1.2800, 37.7794, 90.0176, 0
1745407306.325, 5.322, 1.758, 0.8139, -1.1235, -1.0871, 1.2749, 37.7835, 90.0218, 0
1745407306.404, 5.321, 1.757, 0.8139, -1.1235, -1.0871, 1.2776, 37.7812, 90.0255, 0
1745407306.484, 5.321, 1.757, 0.8139, -1.1235, -1.0870, 1.2793, 37.7839, 90.0276, 0
1745407306.564, 5.321, 1.757, 0.8140, -1.1235, -1.0871, 1.2757, 37.7795, 90.0322, 0
1745407306.643, 5.323, 1.757, 0.8140, -1.1236, -1.0871, 1.2765, 37.7847, 90.0213, 0
1745407306.723, 5.322, 1.757, 0.8140, -1.1235, -1.0870, 1.2794, 37.7795, 90.0260, 0
1745407306.803, 5.319, 1.758, 0.8139, -1.1234, -1.0870, 1.2768, 37.7846, 90.0314, 0
1745407306.882, 5.319, 1.757, 0.8141, -1.1236, -1.0871, 1.2740, 37.7833, 90.0295, 0
1745407306.962, 5.322, 1.757, 0.8140, -1.1235, -1.0870, 1.2747, 37.7805, 90.0367, 0
1745407307.043, 5.318, 1.756, 0.8141, -1.1236, -1.0871, 1.2678, 37.7811, 90.0380, 0
1745407307.121, 5.321, 1.757, 0.8141, -1.1236, -1.0871, 1.2642, 37.7712, 90.0489, 0
1745407307.201, 5.320, 1.758, 0.8141, -1.1236, -1.0871, 1.2723, 37.7717, 90.0362, 0
1745407307.281, 5.320, 1.757, 0.8140, -1.1235, -1.0870, 1.2784, 37.7781, 90.0319, 0
1745407307.360, 5.320, 1.757, 0.8141, -1.1236, -1.0870, 1.2795, 37.7802, 90.0295, 0
1745407307.440, 5.322, 1.758, 0.8140, -1.1235, -1.0870, 1.2813, 37.7800, 90.0321, 0
1745407307.519, 5.322, 1.758, 0.8141, -1.1236, -1.0871, 1.2726, 37.7739, 90.0299, 0
1745407307.599, 5.319, 1.756, 0.8142, -1.1235, -1.0870, 1.2665, 37.7696, 90.0434, 0
1745407307.679, 5.319, 1.757, 0.8141, -1.1236, -1.0870, 1.2759, 37.7677, 90.0417, 0
1745407307.758, 5.323, 1.757, 0.8141, -1.1235, -1.0870, 1.2741, 37.7690, 90.0394, 0
1745407307.838, 5.320, 1.757, 0.8142, -1.1236, -1.0870, 1.2716, 37.7680, 90.0395, 0
1745407307.918, 5.319, 1.758, 0.8141, -1.1236, -1.0870, 1.2640, 37.7732, 90.0434, 0
1745407307.997, 5.319, 1.758, 0.8141, -1.1236, -1.0869, 1.2573, 37.7715, 90.0492, 0
1745407308.077, 5.319, 1.757, 0.8141, -1.1236, -1.0869, 1.2603, 37.7636, 90.0417, 0
1745407308.156, 5.320, 1.757, 0.8142, -1.1237, -1.0870, 1.2509, 37.7635, 90.0486, 0
1745407308.236, 5.322, 1.756, 0.8142, -1.1236, -1.0869, 1.2281, 37.7639, 90.0688, 0
1745407308.316, 5.322, 1.758, 0.8142, -1.1236, -1.0870, 1.2279, 37.7621, 90.0683, 0
1745407308.397, 5.322, 1.757, 0.8142, -1.1236, -1.0870, 1.2335, 37.7625, 90.0614, 0
1745407308.475, 5.320, 1.758, 0.8142, -1.1236, -1.0869, 1.2373, 37.7672, 90.0655, 0
1745407308.555, 5.320, 1.758, 0.8142, -1.1236, -1.0870, 1.2369, 37.7620, 90.0621, 0
1745407308.634, 5.322, 1.756, 0.8142, -1.1237, -1.0870, 1.2418, 37.7707, 90.0554, 0
1745407308.714, 5.322, 1.757, 0.8142, -1.1237, -1.0870, 1.2551, 37.7733, 90.0469, 0
1745407308.794, 5.322, 1.757, 0.8142, -1.1237, -1.0869, 1.2686, 37.7621, 90.0391, 0
1745407308.873, 5.322, 1.758, 0.8143, -1.1236, -1.0870, 1.2626, 37.7656, 90.0393, 0
1745407308.953, 5.321, 1.758, 0.8142, -1.1236, -1.0869, 1.2615, 37.7593, 90.0540, 0
1745407309.033, 5.321, 1.757, 0.8143, -1.1237, -1.0870, 1.2592, 37.7699, 90.0579, 0
1745407309.112, 5.319, 1.757, 0.8141, -1.1236, -1.0869, 1.2594, 37.7655, 90.0689, 0
1745407309.192, 5.319, 1.756, 0.8142, -1.1237, -1.0870, 1.2526, 37.7622, 90.0727, 0
1745407309.272, 5.322, 1.758, 0.8143, -1.1237, -1.0870, 1.2442, 37.7596, 90.0759, 0
1745407309.351, 5.321, 1.758, 0.8142, -1.1236, -1.0869, 1.2433, 37.7547, 90.0831, 0
1745407309.431, 5.321, 1.758, 0.8141, -1.1236, -1.0869, 1.2385, 37.7565, 90.0853, 0
1745407309.511, 5.320, 1.757, 0.8142, -1.1237, -1.0870, 1.2335, 37.7489, 90.0927, 0
1745407309.590, 5.320, 1.757, 0.8141, -1.1236, -1.0869, 1.2346, 37.7497, 90.0950, 0
1745407309.670, 5.322, 1.757, 0.8142, -1.1236, -1.0869, 1.2290, 37.7479, 90.0966, 0
1745407309.750, 5.321, 1.757, 0.8142, -1.1237, -1.0870, 1.2326, 37.7488, 90.0947, 0
1745407309.829, 5.322, 1.758, 0.8141, -1.1236, -1.0869, 1.2255, 37.7467, 90.1024, 0
1745407309.909, 5.321, 1.758, 0.8143, -1.1238, -1.0870, 1.2235, 37.7512, 90.0979, 0
1745407309.988, 5.321, 1.758, 0.8143, -1.1237, -1.0870, 1.2240, 37.7494, 90.0892, 0
1745407310.068, 5.321, 1.758, 0.8142, -1.1237, -1.0869, 1.2280, 37.7429, 90.0883, 0
1745407310.148, 5.322, 1.758, 0.8142, -1.1236, -1.0869, 1.2422, 37.7439, 90.0819, 0
1745407310.227, 5.319, 1.756, 0.8142, -1.1236, -1.0869, 1.2351, 37.7529, 90.0824, 0
1745407310.307, 5.319, 1.758, 0.8143, -1.1237, -1.0870, 1.2204, 37.7538, 90.0847, 0
1745407310.387, 5.319, 1.756, 0.8143, -1.1237, -1.0870, 1.2158, 37.7567, 90.0934, 0
1745407310.466, 5.322, 1.758, 0.8142, -1.1237, -1.0869, 1.2225, 37.7588, 90.0914, 0
1745407310.546, 5.321, 1.758, 0.8138, -1.1236, -1.0864, 1.2349, 37.7876, 90.0672, 0
1745407310.626, 5.321, 1.756, 0.8118, -1.1237, -1.0843, 1.2935, 37.8831, 90.0228, 0
1745407310.705, 5.321, 1.757, 0.8081, -1.1239, -1.0801, 1.2911, 38.2079, 90.0237, 0
1745407310.785, 5.321, 1.750, 0.8030, -1.1238, -1.0748, 1.3153, 38.4697, 90.0306, 0
1745407310.864, 5.318, 1.744, 0.7978, -1.1239, -1.0690, 1.3300, 38.8067, 90.0415, 0
1745407310.944, 5.318, 1.744, 0.7933, -1.1241, -1.0640, 1.3606, 39.1218, 90.0250, 0
1745407311.024, 5.316, 1.733, 0.7894, -1.1241, -1.0598, 1.3563, 39.4107, 90.0137, 0
1745407311.104, 5.315, 1.725, 0.7859, -1.1241, -1.0563, 1.4183, 39.6881, 89.9501, 0
1745407311.183, 5.315, 1.718, 0.7828, -1.1242, -1.0531, 1.3888, 39.9652, 89.9633, 0
1745407311.263, 5.314, 1.718, 0.7798, -1.1242, -1.0498, 1.3392, 40.2492, 89.9487, 0
1745407311.342, 5.313, 1.710, 0.7760, -1.1242, -1.0458, 1.2563, 40.5441, 90.0042, 0
1745407311.422, 5.312, 1.703, 0.7723, -1.1244, -1.0415, 1.2115, 40.6433, 89.9983, 0
1745407311.502, 5.312, 1.699, 0.7684, -1.1245, -1.0373, 1.2898, 40.7549, 89.9201, 0
1745407311.582, 5.312, 1.691, 0.7645, -1.1245, -1.0329, 1.2273, 40.7775, 89.9815, 0
1745407311.661, 5.314, 1.691, 0.7607, -1.1246, -1.0286, 1.2473, 40.8503, 89.9332, 0
1745407311.741, 5.313, 1.687, 0.7571, -1.1248, -1.0244, 1.1767, 40.8024, 89.9822, 0
1745407311.820, 5.313, 1.682, 0.7533, -1.1250, -1.0199, 1.1173, 40.7358, 90.0296, 0
1745407311.900, 5.311, 1.669, 0.7498, -1.1251, -1.0158, 1.1253, 40.7878, 90.0525, 0
1745407311.980, 5.311, 1.662, 0.7459, -1.1250, -1.0117, 1.1613, 40.7158, 90.0577, 0
1745407312.059, 5.312, 1.662, 0.7422, -1.1252, -1.0074, 1.1912, 40.6636, 90.0676, 0
1745407312.139, 5.313, 1.654, 0.7382, -1.1251, -1.0034, 1.2953, 40.6539, 90.0331, 0
1745407312.218, 5.311, 1.646, 0.7347, -1.1253, -0.9994, 1.3187, 40.5563, 90.0103, 0
1745407312.298, 5.313, 1.641, 0.7314, -1.1254, -0.9958, 1.3487, 40.5791, 90.0243, 0
1745407312.378, 5.313, 1.630, 0.7276, -1.1255, -0.9916, 1.3819, 40.5045, 90.0418, 0
1745407312.457, 5.311, 1.630, 0.7240, -1.1255, -0.9873, 1.3270, 40.5354, 90.0882, 0
1745407312.537, 5.312, 1.626, 0.7203, -1.1255, -0.9830, 1.2544, 40.5406, 90.1195, 0
1745407312.617, 5.312, 1.618, 0.7165, -1.1254, -0.9788, 1.2646, 40.5106, 90.1320, 0
1745407312.696, 5.311, 1.610, 0.7130, -1.1256, -0.9749, 1.2697, 40.5378, 90.1428, 0
1745407312.776, 5.311, 1.605, 0.7092, -1.1258, -0.9710, 1.4011, 40.5305, 90.1253, 0
1745407312.856, 5.313, 1.605, 0.7056, -1.1258, -0.9671, 1.4144, 40.4984, 90.0931, 0
1745407312.935, 5.311, 1.600, 0.7018, -1.1259, -0.9627, 1.3801, 40.5075, 90.0717, 0
1745407313.015, 5.311, 1.592, 0.6979, -1.1259, -0.9581, 1.3119, 40.5595, 90.1210, 0
1745407313.095, 5.311, 1.586, 0.6938, -1.1262, -0.9535, 1.3435, 40.5618, 90.1007, 0
1745407313.174, 5.311, 1.576, 0.6897, -1.1263, -0.9492, 1.4202, 40.5835, 90.0557, 0
1745407313.254, 5.312, 1.576, 0.6859, -1.1264, -0.9450, 1.4300, 40.5552, 90.0594, 0
1745407313.334, 5.311, 1.568, 0.6824, -1.1266, -0.9410, 1.4269, 40.5223, 90.0702, 0
1745407313.414, 5.311, 1.561, 0.6789, -1.1266, -0.9373, 1.4466, 40.4986, 90.0679, 0
1745407313.493, 5.310, 1.555, 0.6757, -1.1267, -0.9337, 1.4827, 40.4870, 90.0352, 0
1745407313.613, 5.311, 1.549, 0.6704, -1.1268, -0.9279, 1.5198, 40.4415, 90.0199, 0
1745407313.692, 5.308, 1.544, 0.6667, -1.1269, -0.9237, 1.5382, 40.4098, 90.0078, 0
1745407313.772, 5.308, 1.534, 0.6630, -1.1270, -0.9196, 1.5615, 40.4065, 89.9828, 0
1745407313.851, 5.310, 1.534, 0.6591, -1.1269, -0.9151, 1.5347, 40.3482, 90.0235, 0
1745407313.931, 5.308, 1.527, 0.6554, -1.1269, -0.9108, 1.5659, 40.2922, 89.9828, 0
1745407314.011, 5.310, 1.520, 0.6518, -1.1272, -0.9067, 1.5305, 40.2772, 90.0326, 0
1745407314.090, 5.310, 1.514, 0.6486, -1.1275, -0.9029, 1.5516, 40.1833, 89.9756, 0
1745407314.170, 5.311, 1.508, 0.6451, -1.1275, -0.8989, 1.5382, 40.1931, 89.9723, 0
1745407314.249, 5.311, 1.508, 0.6418, -1.1277, -0.8950, 1.5189, 40.1694, 89.9440, 0
1745407314.329, 5.311, 1.501, 0.6384, -1.1277, -0.8907, 1.4634, 40.2022, 89.9642, 0
1745407314.409, 5.311, 1.496, 0.6348, -1.1277, -0.8867, 1.4091, 40.1960, 89.9249, 0
1745407314.489, 5.311, 1.491, 0.6312, -1.1279, -0.8826, 1.4091, 40.1923, 89.9088, 0
1745407314.568, 5.309, 1.482, 0.6276, -1.1280, -0.8784, 1.4281, 40.3029, 89.8816, 0
1745407314.648, 5.310, 1.482, 0.6242, -1.1279, -0.8743, 1.3627, 40.2559, 89.8903, 0
1745407314.728, 5.311, 1.474, 0.6208, -1.1281, -0.8704, 1.3961, 40.3021, 89.8434, 0
1745407314.807, 5.311, 1.468, 0.6172, -1.1282, -0.8664, 1.3347, 40.2228, 89.8802, 0
1745407314.887, 5.311, 1.458, 0.6137, -1.1284, -0.8620, 1.2983, 40.1788, 89.9091, 0
1745407314.967, 5.312, 1.453, 0.6100, -1.1284, -0.8579, 1.3129, 40.1482, 89.9165, 0
1745407315.046, 5.308, 1.453, 0.6063, -1.1283, -0.8535, 1.3081, 40.1030, 89.9585, 0
1745407315.126, 5.310, 1.445, 0.6028, -1.1286, -0.8497, 1.3999, 40.0783, 89.9045, 0
1745407315.205, 5.310, 1.437, 0.5993, -1.1287, -0.8460, 1.4982, 40.0205, 89.8549, 0
1745407315.285, 5.310, 1.433, 0.5959, -1.1288, -0.8421, 1.4814, 39.9343, 89.8595, 0
1745407315.365, 5.310, 1.426, 0.5925, -1.1288, -0.8383, 1.5220, 39.8499, 89.8664, 0
1745407315.444, 5.311, 1.426, 0.5891, -1.1289, -0.8342, 1.4741, 39.8138, 89.8870, 0
1745407315.524, 5.310, 1.419, 0.5856, -1.1291, -0.8302, 1.4394, 39.8536, 89.8766, 0
1745407315.604, 5.309, 1.414, 0.5818, -1.1291, -0.8260, 1.4130, 40.1847, 89.8958, 0
1745407315.683, 5.309, 1.408, 0.5782, -1.1289, -0.8224, 1.3943, 40.6444, 89.8309, 0
1745407315.763, 5.310, 1.400, 0.5743, -1.1290, -0.8191, 1.4208, 41.1228, 89.8204, 0
1745407315.842, 5.309, 1.400, 0.5704, -1.1291, -0.8157, 1.5474, 41.3227, 89.7526, 0
1745407315.922, 5.309, 1.393, 0.5671, -1.1294, -0.8118, 1.4527, 41.3476, 89.7400, 0
1745407316.002, 5.308, 1.387, 0.5634, -1.1294, -0.8074, 1.3715, 41.3588, 89.7485, 0
1745407316.081, 5.308, 1.382, 0.5594, -1.1294, -0.8032, 1.3748, 41.3211, 89.7056, 0
1745407316.161, 5.308, 1.376, 0.5556, -1.1295, -0.7988, 1.3406, 41.3310, 89.7431, 0
1745407316.241, 5.307, 1.376, 0.5517, -1.1297, -0.7947, 1.3680, 41.3114, 89.7189, 0
1745407316.320, 5.307, 1.366, 0.5479, -1.1297, -0.7908, 1.4089, 41.2738, 89.7168, 0
1745407316.400, 5.308, 1.360, 0.5445, -1.1300, -0.7871, 1.4276, 41.1806, 89.6790, 0
1745407316.480, 5.308, 1.351, 0.5413, -1.1300, -0.7835, 1.4484, 41.1259, 89.6765, 0
1745407316.559, 5.308, 1.346, 0.5382, -1.1300, -0.7800, 1.4718, 41.1108, 89.6507, 0
1745407316.641, 5.307, 1.346, 0.5349, -1.1301, -0.7764, 1.5092, 41.0071, 89.6478, 0
1745407316.718, 5.307, 1.338, 0.5315, -1.1301, -0.7728, 1.5439, 40.9612, 89.6269, 0
1745407316.798, 5.306, 1.332, 0.5278, -1.1304, -0.7687, 1.5739, 40.9006, 89.5884, 0
1745407316.878, 5.306, 1.323, 0.5242, -1.1302, -0.7644, 1.5587, 40.8326, 89.5798, 0
1745407316.957, 5.305, 1.323, 0.5205, -1.1304, -0.7603, 1.5817, 40.7702, 89.5809, 0
1745407317.037, 5.308, 1.317, 0.5171, -1.1305, -0.7562, 1.5436, 40.7129, 89.6398, 0
1745407317.117, 5.305, 1.309, 0.5137, -1.1308, -0.7523, 1.5609, 40.6221, 89.6132, 0
1745407317.196, 5.305, 1.304, 0.5113, -1.1307, -0.7496, 1.5774, 40.5710, 89.5967, 0
1745407317.276, 5.305, 1.299, 0.5110, -1.1307, -0.7492, 1.5670, 40.5914, 89.6019, 0
1745407317.356, 5.305, 1.299, 0.5110, -1.1307, -0.7492, 1.5776, 40.5844, 89.5952, 0
1745407317.435, 5.305, 1.297, 0.5111, -1.1307, -0.7492, 1.5727, 40.5706, 89.5994, 0
1745407317.515, 5.305, 1.295, 0.5111, -1.1306, -0.7492, 1.5898, 40.5804, 89.5890, 0
1745407317.595, 5.304, 1.296, 0.5112, -1.1307, -0.7492, 1.5945, 40.5894, 89.5778, 0
1745407317.674, 5.304, 1.296, 0.5111, -1.1307, -0.7492, 1.5780, 40.5899, 89.5930, 0
1745407317.754, 5.307, 1.296, 0.5111, -1.1307, -0.7492, 1.5917, 40.5940, 89.5728, 0
1745407317.834, 5.306, 1.296, 0.5112, -1.1307, -0.7492, 1.5959, 40.5875, 89.5729, 0
1745407317.913, 5.306, 1.296, 0.5112, -1.1308, -0.7492, 1.6023, 40.5879, 89.5679, 0
1745407317.993, 5.306, 1.297, 0.5112, -1.1308, -0.7491, 1.5997, 40.5851, 89.5675, 0
1745407318.192, 5.306, 1.298, 0.5113, -1.1307, -0.7491, 1.6095, 40.5857, 89.5692, 0
1745407318.391, 5.307, 1.296, 0.5114, -1.1307, -0.7491, 1.6084, 40.5959, 89.5772, 0
1745407320.163, 5.307, 1.335, 0.5372, -1.1300, -0.7784, 1.5062, 40.7436, 89.6827, 0
1745407320.243, 5.308, 1.335, 0.5373, -1.1301, -0.7785, 1.4858, 40.7262, 89.6982, 0
1745407320.323, 5.306, 1.333, 0.5374, -1.1301, -0.7784, 1.4834, 40.7292, 89.6954, 0
1745407320.402, 5.303, 1.334, 0.5373, -1.1301, -0.7784, 1.4923, 40.7137, 89.6884, 0
1745407320.482, 5.303, 1.334, 0.5374, -1.1302, -0.7785, 1.4855, 40.7147, 89.6982, 0
1745407320.561, 5.305, 1.335, 0.5373, -1.1302, -0.7785, 1.4805, 40.7177, 89.7083, 0
1745407320.641, 5.306, 1.335, 0.5373, -1.1302, -0.7785, 1.4763, 40.7132, 89.7050, 0
1745407320.721, 5.307, 1.334, 0.5373, -1.1303, -0.7785, 1.4734, 40.7131, 89.7070, 0
1745407320.800, 5.305, 1.333, 0.5372, -1.1301, -0.7784, 1.4737, 40.7101, 89.7109, 0
1745407320.880, 5.305, 1.335, 0.5363, -1.1301, -0.7774, 1.5276, 40.6168, 89.6911, 0
1745407320.960, 5.307, 1.333, 0.5330, -1.1302, -0.7732, 1.4364, 40.5921, 89.7163, 0
1745407321.041, 5.306, 1.333, 0.5267, -1.1301, -0.7665, 1.5391, 40.5978, 89.6316, 0
1745407321.119, 5.307, 1.330, 0.5197, -1.1303, -0.7583, 1.4535, 40.4694, 89.6973, 0
1745407321.198, 5.306, 1.319, 0.5123, -1.1308, -0.7500, 1.5130, 40.2792, 89.6993, 0
1745407321.278, 5.306, 1.306, 0.5062, -1.1308, -0.7427, 1.5123, 40.1812, 89.6051, 0
1745407321.358, 5.307, 1.297, 0.5015, -1.1308, -0.7369, 1.4290, 40.1568, 89.6291, 0
1745407321.439, 5.306, 1.297, 0.4981, -1.1307, -0.7328, 1.3541, 40.2073, 89.6594, 0
1745407321.517, 5.306, 1.285, 0.4963, -1.1308, -0.7307, 1.3806, 40.1439, 89.6239, 0
1745407321.597, 5.308, 1.279, 0.4957, -1.1310, -0.7300, 1.3665, 40.1384, 89.6190, 0
1745407321.676, 5.308, 1.274, 0.4957, -1.1310, -0.7300, 1.3697, 40.1382, 89.6046, 0
1745407321.756, 5.307, 1.272, 0.4950, -1.1310, -0.7291, 1.3817, 40.1392, 89.5755, 0
1745407321.836, 5.305, 1.272, 0.4928, -1.1309, -0.7268, 1.3631, 40.1655, 89.6000, 0
1745407321.915, 5.308, 1.274, 0.4900, -1.1310, -0.7236, 1.4052, 40.1721, 89.5500, 0
1745407321.995, 5.307, 1.268, 0.4865, -1.1312, -0.7196, 1.3953, 40.2201, 89.5583, 0
1745407322.075, 5.307, 1.264, 0.4826, -1.1314, -0.7148, 1.3321, 40.2483, 89.5304, 0
1745407322.154, 5.307, 1.264, 0.4774, -1.1314, -0.7086, 1.2573, 40.1236, 89.6026, 0
1745407322.234, 5.306, 1.255, 0.4716, -1.1313, -0.7019, 1.3173, 40.0525, 89.5922, 0
1745407322.313, 5.306, 1.246, 0.4658, -1.1315, -0.6950, 1.3626, 39.9643, 89.6364, 0
1745407322.393, 5.308, 1.237, 0.4601, -1.1319, -0.6885, 1.4200, 39.8190, 89.6429, 0
1745407322.473, 5.308, 1.226, 0.4554, -1.1322, -0.6830, 1.4437, 39.7320, 89.6470, 0
1745407322.552, 5.308, 1.226, 0.4509, -1.1318, -0.6776, 1.4060, 39.7120, 89.6512, 0
1745407322.632, 5.308, 1.217, 0.4467, -1.1320, -0.6723, 1.3325, 39.6923, 89.6703, 0
1745407322.712, 5.308, 1.208, 0.4423, -1.1320, -0.6672, 1.3404, 39.6631, 89.6539, 0
1745407322.791, 5.308, 1.196, 0.4377, -1.1320, -0.6619, 1.3642, 39.6382, 89.6981, 0
1745407322.871, 5.308, 1.190, 0.4326, -1.1320, -0.6562, 1.4587, 39.5807, 89.6199, 0
1745407322.951, 5.307, 1.190, 0.4279, -1.1322, -0.6502, 1.3367, 39.5861, 89.6256, 0
1745407323.030, 5.309, 1.180, 0.4227, -1.1323, -0.6441, 1.2883, 39.6553, 89.6298, 0
1745407323.110, 5.309, 1.169, 0.4175, -1.1325, -0.6383, 1.3539, 39.6812, 89.5407, 0
1745407323.193, 5.309, 1.159, 0.4121, -1.1326, -0.6322, 1.4164, 39.7008, 89.4502, 0
1745407323.389, 5.309, 1.141, 0.4005, -1.1327, -0.6188, 1.4799, 39.5254, 89.3864, 0
1745407323.468, 5.309, 1.131, 0.3957, -1.1328, -0.6133, 1.5039, 39.5163, 89.3865, 0
1745407323.548, 5.309, 1.131, 0.3910, -1.1329, -0.6076, 1.5437, 39.4302, 89.3278, 0
1745407323.627, 5.309, 1.120, 0.3860, -1.1330, -0.6016, 1.5681, 39.3463, 89.3310, 0
1745407323.707, 5.309, 1.111, 0.3808, -1.1332, -0.5955, 1.5553, 39.3064, 89.3487, 0
1745407323.787, 5.307, 1.101, 0.3755, -1.1332, -0.5890, 1.5533, 39.2205, 89.3657, 0
1745407323.866, 5.307, 1.093, 0.3716, -1.1331, -0.5841, 1.5179, 39.1509, 89.3672, 0
1745407323.946, 5.310, 1.093, 0.3704, -1.1332, -0.5827, 1.5209, 39.1922, 89.3420, 0
1745407324.145, 5.310, 1.078, 0.3710, -1.1332, -0.5833, 1.5712, 39.1708, 89.2910, 0
1745407324.344, 5.307, 1.080, 0.3711, -1.1333, -0.5833, 1.5713, 39.1860, 89.2902, 0
1745407324.543, 5.310, 1.080, 0.3712, -1.1333, -0.5831, 1.5442, 39.1822, 89.3266, 0
1745407324.623, 5.308, 1.079, 0.3712, -1.1333, -0.5832, 1.5533, 39.1916, 89.3200, 0
1745407324.704, 5.309, 1.080, 0.3713, -1.1333, -0.5831, 1.5652, 39.1933, 89.3160, 0
1745407324.782, 5.309, 1.079, 0.3713, -1.1333, -0.5831, 1.5646, 39.1813, 89.3146, 0
1745407324.862, 5.309, 1.080, 0.3713, -1.1334, -0.5831, 1.5642, 39.1622, 89.3224, 0
1745407327.351, 5.307, 1.200, 0.4495, -1.1323, -0.6755, 1.3468, 39.5946, 89.7771, 0
1745407327.431, 5.307, 1.200, 0.4495, -1.1324, -0.6755, 1.3488, 39.5918, 89.7840, 0
1745407327.510, 5.309, 1.202, 0.4495, -1.1323, -0.6755, 1.3511, 39.5916, 89.7742, 0
1745407327.590, 5.308, 1.202, 0.4495, -1.1324, -0.6755, 1.3488, 39.5950, 89.7732, 0
1745407327.669, 5.308, 1.201, 0.4495, -1.1324, -0.6756, 1.3566, 39.5992, 89.7662, 0
1745407327.749, 5.310, 1.201, 0.4495, -1.1323, -0.6755, 1.3473, 39.5935, 89.7744, 0
1745407327.829, 5.308, 1.201, 0.4495, -1.1324, -0.6755, 1.3547, 39.5976, 89.7660, 0
1745407327.908, 5.307, 1.200, 0.4495, -1.1323, -0.6755, 1.3601, 39.6002, 89.7571, 0
1745407327.988, 5.307, 1.202, 0.4495, -1.1324, -0.6755, 1.3708, 39.6010, 89.7556, 0
1745407328.068, 5.307, 1.200, 0.4495, -1.1324, -0.6755, 1.3780, 39.5998, 89.7568, 0
1745407328.147, 5.308, 1.200, 0.4495, -1.1324, -0.6755, 1.3703, 39.5957, 89.7651, 0
1745407328.227, 5.308, 1.201, 0.4495, -1.1324, -0.6755, 1.3713, 39.5983, 89.7610, 0
1745407328.307, 5.307, 1.200, 0.4494, -1.1323, -0.6754, 1.3678, 39.6002, 89.7689, 0
1745407328.386, 5.308, 1.202, 0.4495, -1.1324, -0.6756, 1.3540, 39.5963, 89.7867, 0
1745407328.466, 5.308, 1.200, 0.4500, -1.1324, -0.6762, 1.3732, 39.5176, 89.8423, 0
1745407328.545, 5.308, 1.200, 0.4521, -1.1322, -0.6789, 1.4264, 39.6277, 89.7351, 0
1745407328.625, 5.308, 1.201, 0.4557, -1.1325, -0.6834, 1.4476, 39.7197, 89.7792, 0
1745407328.705, 5.305, 1.203, 0.4610, -1.1323, -0.6896, 1.4050, 39.7518, 89.8036, 0
1745407328.784, 5.306, 1.211, 0.4668, -1.1319, -0.6963, 1.3584, 39.8245, 89.7716, 0
1745407328.864, 5.306, 1.221, 0.4727, -1.1319, -0.7031, 1.3319, 39.8738, 89.7371, 0
1745407328.944, 5.307, 1.221, 0.4776, -1.1316, -0.7089, 1.3115, 39.8622, 89.6851, 0
1745407329.023, 5.308, 1.231, 0.4820, -1.1314, -0.7141, 1.3231, 39.8605, 89.6819, 0
1745407329.103, 5.308, 1.242, 0.4863, -1.1316, -0.7192, 1.3328, 39.8558, 89.7048, 0
1745407329.183, 5.304, 1.250, 0.4906, -1.1315, -0.7246, 1.3501, 39.8521, 89.7245, 0
1745407329.263, 5.304, 1.257, 0.4954, -1.1312, -0.7301, 1.3355, 39.8365, 89.7667, 0
1745407329.342, 5.308, 1.257, 0.4999, -1.1313, -0.7357, 1.3794, 39.8863, 89.7865, 0
1745407329.422, 5.307, 1.267, 0.5048, -1.1310, -0.7416, 1.4481, 39.9058, 89.7900, 0
1745407329.501, 5.305, 1.277, 0.5094, -1.1308, -0.7472, 1.4831, 39.9397, 89.8295, 0
1745407329.581, 5.306, 1.287, 0.5142, -1.1309, -0.7531, 1.4812, 39.9961, 89.8041, 0
1745407329.661, 5.306, 1.299, 0.5188, -1.1310, -0.7586, 1.5084, 40.0817, 89.8016, 0
1745407329.740, 5.303, 1.299, 0.5236, -1.1309, -0.7642, 1.4826, 40.1656, 89.8071, 0
1745407329.820, 5.305, 1.305, 0.5283, -1.1307, -0.7695, 1.4920, 40.1648, 89.8108, 0
1745407329.900, 5.305, 1.314, 0.5332, -1.1306, -0.7752, 1.4638, 40.2024, 89.8245, 0
1745407329.979, 5.303, 1.324, 0.5381, -1.1303, -0.7805, 1.4044, 40.2589, 89.8700, 0
1745407330.059, 5.303, 1.335, 0.5431, -1.1302, -0.7862, 1.4064, 40.2688, 89.8657, 0
1745407330.138, 5.305, 1.335, 0.5480, -1.1299, -0.7917, 1.3497, 40.2464, 89.8871, 0
1745407330.218, 5.306, 1.342, 0.5528, -1.1300, -0.7968, 1.2702, 40.1864, 89.9526, 0
1745407330.298, 5.303, 1.352, 0.5574, -1.1301, -0.8024, 1.3092, 40.1673, 89.9218, 0
1745407330.377, 5.305, 1.360, 0.5619, -1.1298, -0.8077, 1.3172, 40.1381, 89.9704, 0
1745407330.457, 5.305, 1.369, 0.5664, -1.1294, -0.8132, 1.3369, 40.0991, 90.0204, 0
1745407330.537, 5.303, 1.369, 0.5710, -1.1293, -0.8185, 1.3706, 40.1152, 90.0798, 0
1745407330.616, 5.306, 1.380, 0.5759, -1.1294, -0.8242, 1.3025, 40.1652, 90.0902, 0
1745407330.696, 5.305, 1.390, 0.5810, -1.1293, -0.8302, 1.3148, 40.2262, 90.0809, 0
1745407330.776, 5.305, 1.398, 0.5858, -1.1294, -0.8362, 1.3841, 40.2509, 90.0615, 0
1745407330.855, 5.307, 1.406, 0.5901, -1.1292, -0.8414, 1.4194, 40.2588, 90.0807, 0
1745407330.935, 5.306, 1.406, 0.5948, -1.1291, -0.8467, 1.3979, 40.3072, 90.0991, 0
1745407331.015, 5.304, 1.414, 0.6001, -1.1288, -0.8523, 1.3190, 40.3489, 90.1297, 0
1745407331.094, 5.308, 1.420, 0.6050, -1.1288, -0.8578, 1.2724, 40.3892, 90.1137, 0
1745407331.174, 5.308, 1.433, 0.6099, -1.1286, -0.8633, 1.2314, 40.4061, 90.1115, 0
1745407331.253, 5.307, 1.440, 0.6143, -1.1286, -0.8684, 1.2137, 40.4127, 90.0913, 0
1745407331.333, 5.305, 1.440, 0.6190, -1.1282, -0.8739, 1.2610, 40.3950, 90.1001, 0
1745407331.413, 5.304, 1.449, 0.6235, -1.1282, -0.8793, 1.2886, 40.4004, 90.0990, 0
1745407331.492, 5.306, 1.458, 0.6284, -1.1280, -0.8848, 1.2521, 40.3752, 90.1637, 0
1745407331.572, 5.306, 1.469, 0.6334, -1.1280, -0.8907, 1.2819, 40.4184, 90.1637, 0
1745407331.652, 5.306, 1.478, 0.6380, -1.1281, -0.8962, 1.3361, 40.4306, 90.2073, 0
1745407331.731, 5.304, 1.478, 0.6427, -1.1277, -0.9020, 1.4322, 40.4464, 90.1726, 0
1745407331.811, 5.307, 1.487, 0.6474, -1.1279, -0.9074, 1.4454, 40.4679, 90.1675, 0
1745407331.891, 5.306, 1.497, 0.6521, -1.1276, -0.9130, 1.4412, 40.4534, 90.2080, 0
1745407331.970, 5.306, 1.504, 0.6570, -1.1274, -0.9182, 1.3989, 40.5143, 90.2212, 0
1745407332.050, 5.307, 1.513, 0.6619, -1.1272, -0.9239, 1.3756, 40.5620, 90.2018, 0
1745407332.130, 5.305, 1.513, 0.6668, -1.1271, -0.9295, 1.3982, 40.5503, 90.2033, 0
1745407332.209, 5.304, 1.525, 0.6718, -1.1271, -0.9353, 1.3544, 40.5953, 90.2292, 0
1745407332.289, 5.306, 1.533, 0.6769, -1.1269, -0.9406, 1.3137, 40.6362, 90.2599, 0
1745407332.369, 5.306, 1.542, 0.6820, -1.1268, -0.9461, 1.2654, 40.5826, 90.2426, 0
1745407332.488, 5.305, 1.552, 0.6890, -1.1264, -0.9540, 1.1535, 40.5155, 90.3293, 0
1745407332.568, 5.305, 1.563, 0.6938, -1.1264, -0.9594, 1.2028, 40.4713, 90.2582, 0
1745407332.647, 5.306, 1.569, 0.6985, -1.1260, -0.9648, 1.1951, 40.4034, 90.2936, 0
1745407332.727, 5.308, 1.569, 0.7033, -1.1259, -0.9704, 1.2037, 40.3670, 90.3329, 0
1745407332.807, 5.308, 1.580, 0.7078, -1.1256, -0.9758, 1.2269, 40.3889, 90.4114, 0
1745407332.886, 5.308, 1.588, 0.7129, -1.1258, -0.9814, 1.1716, 40.3907, 90.3776, 0
1745407332.966, 5.308, 1.588, 0.7180, -1.1256, -0.9873, 1.1474, 40.4199, 90.3947, 0
1745407333.045, 5.307, 1.608, 0.7229, -1.1257, -0.9932, 1.2308, 40.4629, 90.2905, 0
1745407333.125, 5.309, 1.608, 0.7278, -1.1255, -0.9989, 1.2640, 40.4692, 90.2795, 0
1745407333.205, 5.308, 1.618, 0.7327, -1.1255, -1.0044, 1.2203, 40.5093, 90.2721, 0
1745407333.284, 5.304, 1.627, 0.7379, -1.1254, -1.0100, 1.1388, 40.5382, 90.3073, 0
1745407333.364, 5.304, 1.639, 0.7427, -1.1252, -1.0153, 1.0657, 40.5985, 90.2869, 0
1745407333.444, 5.307, 1.639, 0.7474, -1.1252, -1.0205, 1.0217, 40.6063, 90.2919, 0
1745407333.523, 5.306, 1.647, 0.7522, -1.1251, -1.0260, 1.0120, 40.6144, 90.2296, 0
1745407333.603, 5.308, 1.660, 0.7568, -1.1248, -1.0313, 1.0458, 40.6194, 90.2240, 0
1745407333.683, 5.309, 1.667, 0.7619, -1.1246, -1.0371, 1.0853, 40.5900, 90.2073, 0
1745407333.762, 5.309, 1.678, 0.7669, -1.1247, -1.0429, 1.0753, 40.5625, 90.1876, 0
1745407333.842, 5.309, 1.678, 0.7720, -1.1244, -1.0487, 1.0867, 40.5784, 90.1836, 0
1745407333.922, 5.307, 1.686, 0.7769, -1.1244, -1.0545, 1.1558, 40.6147, 90.1787, 0
1745407334.001, 5.308, 1.696, 0.7812, -1.1243, -1.0599, 1.2408, 40.5988, 90.1684, 0
1745407334.081, 5.307, 1.706, 0.7859, -1.1242, -1.0655, 1.2760, 40.6095, 90.1869, 0
1745407334.161, 5.307, 1.715, 0.7905, -1.1240, -1.0708, 1.2894, 40.6265, 90.1973, 0
1745407334.240, 5.307, 1.715, 0.7953, -1.1237, -1.0763, 1.2775, 40.6756, 90.1980, 0
1745407334.320, 5.306, 1.723, 0.8005, -1.1238, -1.0819, 1.2705, 40.6709, 90.1749, 0
1745407334.399, 5.309, 1.732, 0.8053, -1.1237, -1.0875, 1.2713, 40.6790, 90.1783, 0
1745407334.479, 5.308, 1.740, 0.8105, -1.1236, -1.0932, 1.2322, 40.7312, 90.1957, 0
1745407334.559, 5.308, 1.753, 0.8155, -1.1237, -1.0987, 1.2068, 40.7269, 90.1998, 0
1745407334.638, 5.306, 1.753, 0.8206, -1.1234, -1.1043, 1.1319, 40.6841, 90.2318, 0
1745407334.718, 5.309, 1.760, 0.8254, -1.1232, -1.1094, 1.0859, 40.6583, 90.2467, 0
1745407334.798, 5.309, 1.770, 0.8300, -1.1231, -1.1144, 1.0307, 40.6309, 90.2654, 0
1745407334.877, 5.310, 1.780, 0.8346, -1.1230, -1.1199, 1.0620, 40.5998, 90.2160, 0
1745407334.957, 5.310, 1.789, 0.8393, -1.1230, -1.1256, 1.1132, 40.5792, 90.2344, 0
1745407335.037, 5.310, 1.789, 0.8438, -1.1228, -1.1311, 1.2217, 40.5750, 90.2380, 0
1745407335.116, 5.310, 1.796, 0.8488, -1.1226, -1.1365, 1.1395, 40.5739, 90.2756, 0
1745407335.196, 5.312, 1.805, 0.8538, -1.1228, -1.1420, 1.0714, 40.6199, 90.3181, 0
1745407335.276, 5.310, 1.817, 0.8588, -1.1225, -1.1479, 1.1115, 40.6545, 90.2929, 0
1745407335.355, 5.310, 1.822, 0.8636, -1.1223, -1.1536, 1.1914, 40.6721, 90.2702, 0
1745407335.435, 5.309, 1.822, 0.8683, -1.1222, -1.1591, 1.1996, 40.7336, 90.2755, 0
1745407335.514, 5.311, 1.836, 0.8736, -1.1221, -1.1646, 1.1226, 40.7615, 90.3145, 0
1745407335.594, 5.309, 1.845, 0.8788, -1.1219, -1.1701, 1.0118, 40.7855, 90.3327, 0
1745407335.674, 5.305, 1.854, 0.8835, -1.1220, -1.1754, 0.9772, 40.8230, 90.3206, 0
1745407335.753, 5.305, 1.864, 0.8882, -1.1218, -1.1808, 0.9342, 40.8097, 90.3089, 0
1745407335.833, 5.302, 1.864, 0.8929, -1.1216, -1.1861, 0.9213, 40.8201, 90.3073, 0
1745407335.913, 5.298, 1.873, 0.8976, -1.1215, -1.1915, 1.0210, 40.8370, 90.2406, 0
1745407335.992, 5.294, 1.879, 0.9025, -1.1216, -1.1971, 0.9899, 40.7874, 90.2417, 0
1745407336.072, 5.293, 1.893, 0.9076, -1.1214, -1.2030, 0.9861, 40.7594, 90.2747, 0
1745407336.152, 5.293, 1.900, 0.9124, -1.1212, -1.2085, 1.0350, 40.7802, 90.3056, 0
1745407336.233, 5.292, 1.900, 0.9174, -1.1211, -1.2145, 1.0991, 40.7794, 90.2959, 0
1745407336.311, 5.289, 1.910, 0.9220, -1.1209, -1.2199, 1.1361, 40.7702, 90.3187, 0
1745407336.390, 5.289, 1.919, 0.9268, -1.1209, -1.2251, 1.0900, 40.7893, 90.4014, 0
1745407336.470, 5.289, 1.930, 0.9316, -1.1209, -1.2306, 1.0805, 40.8061, 90.3800, 0
1745407336.550, 5.288, 1.937, 0.9366, -1.1207, -1.2358, 1.0537, 40.8010, 90.3902, 0
1745407336.629, 5.285, 1.937, 0.9413, -1.1203, -1.2411, 1.0549, 40.8119, 90.3941, 0
1745407336.709, 5.283, 1.947, 0.9465, -1.1203, -1.2470, 1.0255, 40.8539, 90.4031, 0
1745407336.789, 5.283, 1.957, 0.9513, -1.1199, -1.2524, 1.0182, 40.8575, 90.4056, 0
1745407336.869, 5.283, 1.966, 0.9564, -1.1200, -1.2579, 0.9570, 40.8583, 90.4398, 0
1745407336.948, 5.287, 1.973, 0.9613, -1.1200, -1.2632, 0.8884, 40.8181, 90.5132, 0
1745407337.028, 5.286, 1.973, 0.9658, -1.1197, -1.2682, 0.8316, 40.8043, 90.5710, 0
1745407337.107, 5.287, 1.985, 0.9702, -1.1195, -1.2733, 0.8527, 40.7462, 90.5473, 0
1745407337.187, 5.286, 1.994, 0.9751, -1.1194, -1.2791, 0.9264, 40.6992, 90.5101, 0
1745407337.267, 5.286, 2.002, 0.9798, -1.1194, -1.2846, 0.9504, 40.6659, 90.5573, 0
1745407337.346, 5.285, 2.010, 0.9846, -1.1193, -1.2901, 0.9719, 40.6484, 90.5772, 0
1745407337.426, 5.285, 2.010, 0.9895, -1.1190, -1.2957, 0.9120, 40.6238, 90.5848, 0
1745407337.506, 5.287, 2.018, 0.9948, -1.1191, -1.3014, 0.8961, 40.6563, 90.6051, 0
1745407337.585, 5.286, 2.028, 0.9997, -1.1189, -1.3073, 0.9588, 40.6803, 90.5929, 0
1745407337.665, 5.286, 2.038, 1.0041, -1.1191, -1.3127, 1.0238, 40.7705, 90.5541, 0
1745407337.745, 5.286, 2.047, 1.0091, -1.1188, -1.3182, 0.9696, 40.7733, 90.5689, 0
1745407337.824, 5.285, 2.047, 1.0143, -1.1186, -1.3237, 0.8904, 40.8391, 90.5848, 0
1745407337.904, 5.283, 2.055, 1.0196, -1.1184, -1.3293, 0.8500, 40.8580, 90.5735, 0
1745407337.983, 5.287, 2.067, 1.0246, -1.1184, -1.3350, 0.8406, 40.8871, 90.4892, 0
1745407338.063, 5.287, 2.076, 1.0292, -1.1183, -1.3405, 0.8498, 40.9139, 90.4567, 0
1745407338.143, 5.288, 2.086, 1.0341, -1.1181, -1.3461, 0.9283, 40.9460, 90.3386, 0
1745407338.222, 5.284, 2.086, 1.0389, -1.1181, -1.3520, 1.0135, 40.8941, 90.2388, 0
1745407338.302, 5.286, 2.097, 1.0440, -1.1180, -1.3575, 0.9833, 40.9073, 90.2384, 0
1745407338.382, 5.284, 2.105, 1.0488, -1.1180, -1.3634, 1.0330, 40.8904, 90.1711, 0
1745407338.462, 5.284, 2.114, 1.0537, -1.1180, -1.3689, 1.0870, 40.9217, 90.1227, 0
1745407338.541, 5.286, 2.125, 1.0582, -1.1178, -1.3745, 1.1666, 40.9822, 90.0294, 0
1745407338.621, 5.285, 2.125, 1.0632, -1.1177, -1.3801, 1.1328, 40.9960, 90.0130, 0
1745407338.700, 5.284, 2.134, 1.0684, -1.1178, -1.3859, 1.1062, 41.0386, 90.0162, 0
1745407338.780, 5.284, 2.143, 1.0736, -1.1176, -1.3917, 1.1191, 41.1140, 89.9073, 0
1745407338.860, 5.284, 2.154, 1.0788, -1.1175, -1.3974, 1.0838, 41.1350, 89.8851, 0
1745407338.939, 5.286, 2.154, 1.0843, -1.1173, -1.4032, 1.0299, 41.1289, 89.8787, 0
1745407339.019, 5.286, 2.163, 1.0895, -1.1173, -1.4089, 0.9754, 41.1339, 89.8624, 0
1745407339.099, 5.287, 2.173, 1.0946, -1.1174, -1.4144, 0.9389, 41.1279, 89.8345, 0
1745407339.178, 5.288, 2.182, 1.0999, -1.1171, -1.4199, 0.8553, 41.0959, 89.8355, 0
1745407339.258, 5.288, 2.194, 1.1046, -1.1171, -1.4248, 0.7895, 41.0899, 89.8737, 0
1745407339.338, 5.287, 2.194, 1.1093, -1.1170, -1.4302, 0.8006, 41.0343, 89.7829, 0
1745407339.417, 5.288, 2.202, 1.1141, -1.1169, -1.4357, 0.8264, 40.9879, 89.7512, 0
1745407339.497, 5.289, 2.211, 1.1188, -1.1169, -1.4413, 0.8734, 40.9376, 89.7310, 0
1745407339.576, 5.289, 2.220, 1.1234, -1.1169, -1.4468, 1.0095, 40.8871, 89.7490, 0
1745407339.656, 5.289, 2.230, 1.1287, -1.1170, -1.4524, 0.8698, 40.9046, 89.8106, 0
1745407339.736, 5.288, 2.230, 1.1338, -1.1170, -1.4582, 0.8995, 40.8762, 89.7895, 0
1745407339.815, 5.288, 2.240, 1.1387, -1.1168, -1.4639, 0.9190, 40.8952, 89.7526, 0
1745407339.895, 5.287, 2.249, 1.1435, -1.1170, -1.4698, 0.9743, 40.9396, 89.7299, 0
1745407339.975, 5.287, 2.259, 1.1486, -1.1169, -1.4752, 0.9447, 40.9689, 89.7482, 0
1745407340.054, 5.287, 2.269, 1.1534, -1.1168, -1.4805, 0.8666, 40.9678, 89.7852, 0
1745407340.134, 5.289, 2.269, 1.1586, -1.1167, -1.4861, 0.8119, 41.0338, 89.7869, 0
1745407340.214, 5.290, 2.276, 1.1638, -1.1168, -1.4916, 0.7711, 41.0732, 89.7803, 0
1745407340.293, 5.290, 2.287, 1.1685, -1.1167, -1.4969, 0.7537, 41.0791, 89.7885, 0
1745407340.373, 5.290, 2.294, 1.1729, -1.1167, -1.5021, 0.7987, 41.1013, 89.7489, 0
1745407340.453, 5.290, 2.302, 1.1775, -1.1166, -1.5074, 0.8448, 41.0550, 89.7411, 0
1745407340.532, 5.289, 2.302, 1.1821, -1.1165, -1.5127, 0.8656, 41.0286, 89.7555, 0
1745407340.612, 5.290, 2.312, 1.1870, -1.1167, -1.5183, 0.9032, 41.0364, 89.7763, 0
1745407340.691, 5.289, 2.322, 1.1917, -1.1166, -1.5238, 0.9234, 41.0384, 89.8285, 0
1745407340.771, 5.288, 2.332, 1.1965, -1.1166, -1.5294, 1.0343, 41.0678, 89.8314, 0
1745407340.851, 5.288, 2.338, 1.2010, -1.1165, -1.5347, 1.0909, 41.0365, 89.8250, 0
1745407340.930, 5.288, 2.338, 1.2058, -1.1163, -1.5401, 1.0980, 41.1113, 89.8895, 0
1745407341.010, 5.289, 2.344, 1.2108, -1.1165, -1.5456, 1.0740, 41.1687, 89.9385, 0
1745407341.090, 5.289, 2.356, 1.2157, -1.1160, -1.5512, 1.0829, 41.2522, 89.9211, 0
1745407341.169, 5.290, 2.367, 1.2206, -1.1162, -1.5568, 1.1008, 41.2590, 89.9511, 0
1745407341.249, 5.290, 2.376, 1.2256, -1.1160, -1.5623, 1.0755, 41.2790, 89.9933, 0
1745407341.329, 5.289, 2.376, 1.2307, -1.1159, -1.5677, 1.0591, 41.3479, 90.0338, 0
1745407341.408, 5.290, 2.380, 1.2355, -1.1160, -1.5730, 1.0071, 41.3233, 90.1045, 0
1745407341.488, 5.291, 2.395, 1.2404, -1.1160, -1.5781, 0.9467, 41.2747, 90.1411, 0
1745407341.568, 5.290, 2.406, 1.2451, -1.1157, -1.5831, 0.8842, 41.2370, 90.1827, 0
1745407341.647, 5.290, 2.414, 1.2497, -1.1154, -1.5885, 0.9757, 41.2015, 90.1607, 0
1745407341.727, 5.292, 2.414, 1.2545, -1.1155, -1.5940, 0.9995, 41.1766, 90.1464, 0
1745407341.807, 5.291, 2.424, 1.2588, -1.1156, -1.5993, 1.0945, 41.1905, 90.1988, 0
1745407341.886, 5.292, 2.428, 1.2637, -1.1156, -1.6048, 1.1217, 41.1970, 90.2023, 0
1745407341.966, 5.292, 2.436, 1.2686, -1.1153, -1.6101, 1.0311, 41.2154, 90.2556, 0
1745407342.045, 5.291, 2.449, 1.2739, -1.1153, -1.6159, 1.0490, 41.2650, 90.2913, 0
1745407342.125, 5.290, 2.449, 1.2789, -1.1154, -1.6219, 1.1298, 41.2931, 90.2575, 0
1745407342.205, 5.293, 2.457, 1.2839, -1.1151, -1.6276, 1.1656, 41.3425, 90.2326, 0
1745407342.284, 5.291, 2.468, 1.2888, -1.1153, -1.6330, 1.0927, 41.4009, 90.2831, 0
1745407342.364, 5.291, 2.473, 1.2939, -1.1152, -1.6383, 0.9979, 41.4164, 90.3043, 0
1745407342.444, 5.291, 2.482, 1.2991, -1.1149, -1.6436, 0.9414, 41.4884, 90.3034, 0
1745407342.523, 5.292, 2.482, 1.3037, -1.1147, -1.6486, 0.9291, 41.4936, 90.3132, 0
1745407342.603, 5.293, 2.493, 1.3085, -1.1147, -1.6540, 0.9616, 41.5118, 90.2495, 0
1745407342.683, 5.292, 2.504, 1.3131, -1.1145, -1.6594, 1.0158, 41.5233, 90.2245, 0
1745407342.762, 5.292, 2.508, 1.3181, -1.1144, -1.6648, 1.0639, 41.4956, 90.1838, 0
1745407342.842, 5.291, 2.522, 1.3229, -1.1142, -1.6704, 1.1090, 41.4855, 90.1628, 0
1745407342.922, 5.292, 2.522, 1.3276, -1.1142, -1.6758, 1.1731, 41.5040, 90.1538, 0
1745407343.001, 5.293, 2.527, 1.3323, -1.1141, -1.6813, 1.2710, 41.5314, 90.1020, 0
1745407343.081, 5.293, 2.540, 1.3372, -1.1141, -1.6871, 1.3513, 41.5228, 90.0519, 0
1745407343.161, 5.293, 2.549, 1.3421, -1.1138, -1.6927, 1.3869, 41.5555, 90.0368, 0
1745407343.240, 5.291, 2.553, 1.3472, -1.1139, -1.6983, 1.3795, 41.6207, 90.0580, 0
1745407343.320, 5.292, 2.553, 1.3524, -1.1138, -1.7041, 1.4013, 41.6401, 90.0157, 0
1745407343.400, 5.292, 2.564, 1.3577, -1.1136, -1.7099, 1.4070, 41.6478, 89.9979, 0
1745407343.479, 5.294, 2.577, 1.3628, -1.1135, -1.7153, 1.3863, 41.7131, 89.9863, 0
1745407343.559, 5.294, 2.587, 1.3678, -1.1134, -1.7207, 1.3170, 41.7161, 89.9864, 0
1745407343.638, 5.294, 2.596, 1.3729, -1.1135, -1.7263, 1.3151, 41.7090, 89.9643, 0
1745407343.718, 5.295, 2.596, 1.3777, -1.1133, -1.7313, 1.2232, 41.7110, 90.0192, 0
1745407343.798, 5.294, 2.600, 1.3826, -1.1130, -1.7364, 1.1567, 41.6677, 90.0660, 0
1745407343.877, 5.294, 2.608, 1.3875, -1.1128, -1.7420, 1.2310, 41.6509, 89.9739, 0
1745407343.957, 5.294, 2.621, 1.3920, -1.1127, -1.7475, 1.3070, 41.6175, 89.9103, 0
1745407344.037, 5.293, 2.629, 1.3969, -1.1127, -1.7529, 1.3684, 41.6148, 89.8513, 0
1745407344.116, 5.295, 2.629, 1.4013, -1.1126, -1.7582, 1.4479, 41.6283, 89.8656, 0
1745407344.196, 5.293, 2.635, 1.4062, -1.1126, -1.7637, 1.3993, 41.6419, 89.8805, 0
1745407344.276, 5.296, 2.642, 1.4116, -1.1125, -1.7696, 1.4167, 41.6764, 89.8710, 0
1745407344.355, 5.296, 2.657, 1.4166, -1.1125, -1.7755, 1.4861, 41.7239, 89.8228, 0
1745407344.435, 5.294, 2.657, 1.4214, -1.1122, -1.7813, 1.6026, 41.8758, 89.7603, 0
1745407344.514, 5.295, 2.669, 1.4263, -1.1123, -1.7867, 1.5689, 41.9226, 89.7850, 0
1745407344.594, 5.295, 2.677, 1.4316, -1.1120, -1.7920, 1.4831, 41.9738, 89.8280, 0
1745407344.674, 5.294, 2.685, 1.4370, -1.1120, -1.7977, 1.4236, 42.0162, 89.8442, 0
1745407344.753, 5.294, 2.695, 1.4420, -1.1120, -1.8030, 1.3886, 42.0782, 89.8721, 0
1745407344.833, 5.295, 2.695, 1.4468, -1.1118, -1.8083, 1.3738, 42.1284, 89.8708, 0
1745407344.913, 5.297, 2.701, 1.4515, -1.1117, -1.8135, 1.4088, 42.1430, 89.8322, 0
1745407344.992, 5.298, 2.710, 1.4564, -1.1117, -1.8190, 1.4615, 42.1345, 89.8092, 0
1745407345.072, 5.301, 2.724, 1.4612, -1.1116, -1.8242, 1.4760, 42.1256, 89.7709, 0
1745407345.152, 5.301, 2.727, 1.4661, -1.1116, -1.8298, 1.5328, 42.1458, 89.7604, 0
1745407345.231, 5.296, 2.727, 1.4708, -1.1113, -1.8352, 1.5984, 42.1474, 89.7553, 0
1745407345.311, 5.298, 2.737, 1.4757, -1.1114, -1.8408, 1.6690, 42.1669, 89.7450, 0
1745407345.390, 5.298, 2.753, 1.4805, -1.1113, -1.8462, 1.6985, 42.2129, 89.7549, 0
1745407345.470, 5.301, 2.757, 1.4855, -1.1110, -1.8517, 1.7308, 42.2550, 89.7497, 0
1745407345.550, 5.301, 2.771, 1.4906, -1.1111, -1.8570, 1.7332, 42.2834, 89.7610, 0
1745407345.629, 5.299, 2.771, 1.4953, -1.1109, -1.8623, 1.7344, 42.3053, 89.7314, 0
1745407345.709, 5.297, 2.775, 1.5008, -1.1109, -1.8680, 1.7185, 42.3066, 89.6927, 0
1745407345.789, 5.302, 2.788, 1.5059, -1.1109, -1.8733, 1.7022, 42.3197, 89.6935, 0
1745407345.868, 5.302, 2.792, 1.5113, -1.1107, -1.8788, 1.6686, 42.3141, 89.6933, 0
1745407345.948, 5.302, 2.807, 1.5162, -1.1106, -1.8841, 1.6124, 42.2863, 89.7032, 0
1745407346.028, 5.302, 2.807, 1.5214, -1.1105, -1.8892, 1.4980, 42.2781, 89.7799, 0
1745407346.107, 5.301, 2.810, 1.5264, -1.1104, -1.8946, 1.5078, 42.2522, 89.7468, 0
1745407346.187, 5.306, 2.825, 1.5313, -1.1103, -1.9001, 1.5498, 42.1967, 89.6992, 0
1745407346.266, 5.305, 2.834, 1.5361, -1.1100, -1.9053, 1.5986, 42.1859, 89.7016, 0
1745407346.346, 5.305, 2.842, 1.5406, -1.1100, -1.9107, 1.6927, 42.1487, 89.6848, 0
1745407346.426, 5.301, 2.842, 1.5456, -1.1101, -1.9160, 1.6541, 42.1214, 89.7095, 0
1745407346.505, 5.303, 2.847, 1.5507, -1.1101, -1.9213, 1.6081, 42.1418, 89.7621, 0
1745407346.585, 5.304, 2.860, 1.5558, -1.1097, -1.9269, 1.6073, 42.1473, 89.7407, 0
1745407346.665, 5.306, 2.871, 1.5605, -1.1096, -1.9324, 1.6934, 42.1585, 89.7268, 0
1745407346.744, 5.306, 2.874, 1.5656, -1.1096, -1.9379, 1.7090, 42.1981, 89.7199, 0
1745407346.824, 5.306, 2.874, 1.5711, -1.1097, -1.9437, 1.6414, 42.2268, 89.7677, 0
1745407346.904, 5.304, 2.882, 1.5764, -1.1096, -1.9489, 1.5208, 42.2620, 89.8109, 0
1745407346.983, 5.305, 2.893, 1.5816, -1.1095, -1.9543, 1.4831, 42.3017, 89.8183, 0
1745407347.063, 5.308, 2.907, 1.5868, -1.1094, -1.9597, 1.4372, 42.2883, 89.8272, 0
1745407347.143, 5.308, 2.916, 1.5919, -1.1093, -1.9652, 1.4217, 42.3254, 89.8371, 0
1745407347.222, 5.310, 2.916, 1.5967, -1.1092, -1.9705, 1.5081, 42.3502, 89.7659, 0
1745407347.302, 5.309, 2.924, 1.6014, -1.1092, -1.9757, 1.5159, 42.3000, 89.7525, 0
1745407347.382, 5.308, 2.929, 1.6059, -1.1089, -1.9807, 1.5322, 42.2906, 89.7644, 0
1745407347.461, 5.308, 2.936, 1.6108, -1.1088, -1.9861, 1.5971, 42.2946, 89.7592, 0
1745407347.543, 5.310, 2.949, 1.6158, -1.1087, -1.9918, 1.6654, 42.2739, 89.7723, 0
1745407347.621, 5.309, 2.949, 1.6207, -1.1087, -1.9972, 1.7032, 42.2819, 89.7695, 0
1745407347.700, 5.310, 2.952, 1.6255, -1.1085, -2.0026, 1.7369, 42.3227, 89.7611, 0
1745407347.780, 5.311, 2.964, 1.6307, -1.1084, -2.0080, 1.7311, 42.3360, 89.8063, 0
1745407347.859, 5.311, 2.972, 1.6362, -1.1084, -2.0137, 1.6595, 42.3318, 89.8493, 0
1745407347.939, 5.310, 2.981, 1.6412, -1.1082, -2.0191, 1.6740, 42.3552, 89.8116, 0
1745407348.019, 5.311, 2.981, 1.6463, -1.1081, -2.0245, 1.6431, 42.3945, 89.8383, 0
1745407348.098, 5.310, 2.990, 1.6512, -1.1079, -2.0296, 1.6385, 42.4090, 89.8557, 0
1745407348.178, 5.312, 3.009, 1.6565, -1.1079, -2.0350, 1.5832, 42.4441, 89.8615, 0
1745407348.258, 5.312, 3.015, 1.6613, -1.1079, -2.0403, 1.5032, 42.4354, 89.9395, 0
1745407348.337, 5.313, 3.022, 1.6666, -1.1077, -2.0455, 1.4642, 42.4098, 89.9724, 0
1745407348.417, 5.312, 3.022, 1.6715, -1.1073, -2.0506, 1.4902, 42.3750, 89.9540, 0
1745407348.497, 5.314, 3.028, 1.6761, -1.1074, -2.0560, 1.5839, 42.3516, 89.8915, 0
1745407348.576, 5.313, 3.039, 1.6806, -1.1075, -2.0613, 1.6737, 42.3286, 89.8251, 0
1745407348.656, 5.313, 3.048, 1.6852, -1.1072, -2.0664, 1.6803, 42.2936, 89.8552, 0
1745407348.736, 5.313, 3.055, 1.6902, -1.1071, -2.0716, 1.6224, 42.3087, 89.8961, 0
1745407348.815, 5.311, 3.055, 1.6958, -1.1072, -2.0775, 1.5807, 42.2674, 89.8982, 0
1745407348.895, 5.313, 3.070, 1.7008, -1.1073, -2.0832, 1.6381, 42.3177, 89.8838, 0
1745407348.974, 5.313, 3.079, 1.7062, -1.1072, -2.0890, 1.6826, 42.3906, 89.8375, 0
1745407349.054, 5.313, 3.088, 1.7114, -1.1071, -2.0945, 1.5985, 42.4307, 89.9036, 0
1745407349.134, 5.313, 3.098, 1.7165, -1.1070, -2.0996, 1.5105, 42.4396, 89.9250, 0
1745407349.213, 5.317, 3.098, 1.7217, -1.1069, -2.1047, 1.4221, 42.4835, 89.9546, 0
1745407349.293, 5.317, 3.108, 1.7268, -1.1065, -2.1104, 1.4172, 42.4605, 89.9183, 0
1745407349.373, 5.317, 3.113, 1.7319, -1.1064, -2.1155, 1.3934, 42.5515, 89.9318, 0
1745407349.452, 5.317, 3.127, 1.7367, -1.1065, -2.1209, 1.4245, 42.5569, 89.9118, 0
1745407349.532, 5.315, 3.138, 1.7420, -1.1064, -2.1267, 1.4745, 42.5375, 89.8356, 0
1745407349.612, 5.318, 3.138, 1.7466, -1.1061, -2.1318, 1.5602, 42.5267, 89.7833, 0
1745407349.691, 5.315, 3.141, 1.7513, -1.1060, -2.1371, 1.5814, 42.5200, 89.7707, 0
1745407349.771, 5.321, 3.155, 1.7559, -1.1058, -2.1422, 1.6607, 42.5044, 89.7631, 0
1745407349.851, 5.321, 3.164, 1.7608, -1.1058, -2.1476, 1.6848, 42.5130, 89.7929, 0
1745407349.930, 5.316, 3.173, 1.7656, -1.1056, -2.1529, 1.7352, 42.5285, 89.7873, 0
1745407350.010, 5.320, 3.173, 1.7710, -1.1055, -2.1586, 1.7623, 42.5450, 89.7881, 0
1745407350.090, 5.318, 3.177, 1.7763, -1.1052, -2.1641, 1.7622, 42.5488, 89.8102, 0
1745407350.169, 5.319, 3.192, 1.7814, -1.1054, -2.1696, 1.6923, 42.5668, 89.8920, 0
1745407350.249, 5.319, 3.200, 1.7865, -1.1053, -2.1749, 1.6872, 42.5881, 89.8897, 0
1745407350.328, 5.316, 3.200, 1.7920, -1.1054, -2.1805, 1.6449, 42.5988, 89.9259, 0
1745407350.408, 5.318, 3.208, 1.7968, -1.1054, -2.1856, 1.6677, 42.5861, 89.9351, 0
1745407350.488, 5.321, 3.214, 1.8020, -1.1050, -2.1908, 1.5259, 42.5664, 90.0461, 0
1745407350.567, 5.321, 3.228, 1.8071, -1.1049, -2.1957, 1.4466, 42.5494, 90.1222, 0
1745407350.647, 5.321, 3.233, 1.8122, -1.1046, -2.2012, 1.4663, 42.5145, 90.0885, 0
1745407350.727, 5.323, 3.233, 1.8171, -1.1045, -2.2068, 1.5305, 42.4995, 90.0522, 0
1745407350.806, 5.322, 3.242, 1.8219, -1.1043, -2.2123, 1.6542, 42.4816, 89.9644, 0
1745407350.886, 5.323, 3.252, 1.8262, -1.1041, -2.2173, 1.7643, 42.4484, 89.9379, 0
1745407350.966, 5.323, 3.258, 1.8312, -1.1039, -2.2225, 1.7130, 42.4581, 89.9447, 0
1745407351.045, 5.323, 3.266, 1.8364, -1.1040, -2.2283, 1.6994, 42.4592, 89.9548, 0
1745407351.125, 5.325, 3.266, 1.8416, -1.1041, -2.2337, 1.7226, 42.4524, 89.9481, 0
1745407351.204, 5.323, 3.276, 1.8464, -1.1040, -2.2391, 1.8015, 42.5019, 89.9544, 0
1745407351.284, 5.324, 3.276, 1.8514, -1.1037, -2.2447, 1.8055, 42.5679, 89.9049, 0
1745407351.364, 5.326, 3.298, 1.8567, -1.1037, -2.2501, 1.7262, 42.5882, 89.9448, 0
1745407351.443, 5.326, 3.304, 1.8620, -1.1034, -2.2553, 1.6386, 42.6405, 89.9703, 0
1745407351.523, 5.325, 3.304, 1.8674, -1.1032, -2.2608, 1.5994, 42.6424, 89.9527, 0
1745407351.603, 5.327, 3.318, 1.8723, -1.1032, -2.2659, 1.5747, 42.6990, 89.9711, 0
1745407351.682, 5.327, 3.327, 1.8772, -1.1029, -2.2716, 1.5956, 42.7602, 89.9619, 0
1745407351.762, 5.329, 3.337, 1.8821, -1.1027, -2.2768, 1.6538, 42.7537, 89.8950, 0
1745407351.842, 5.329, 3.342, 1.8870, -1.1029, -2.2822, 1.6938, 42.7279, 89.8408, 0
1745407351.921, 5.329, 3.342, 1.8917, -1.1028, -2.2873, 1.7285, 42.7125, 89.8027, 0
1745407352.001, 5.327, 3.354, 1.8964, -1.1024, -2.2926, 1.7699, 42.7051, 89.8134, 0
1745407352.200, 5.330, 3.371, 1.9087, -1.1022, -2.3061, 1.8744, 42.7911, 89.8245, 0
1745407352.280, 5.329, 3.382, 1.9141, -1.1023, -2.3119, 1.8816, 42.8094, 89.8345, 0
1745407352.359, 5.330, 3.391, 1.9193, -1.1020, -2.3173, 1.8770, 42.7967, 89.8313, 0
1745407352.439, 5.330, 3.400, 1.9246, -1.1020, -2.3227, 1.8041, 42.8341, 89.9164, 0
1745407352.519, 5.330, 3.400, 1.9301, -1.1018, -2.3282, 1.7836, 42.8364, 89.9080, 0
1745407352.598, 5.332, 3.408, 1.9352, -1.1017, -2.3336, 1.7547, 42.8602, 89.9338, 0
1745407352.678, 5.333, 3.421, 1.9402, -1.1014, -2.3387, 1.7108, 42.8413, 89.9689, 0
1745407352.758, 5.332, 3.427, 1.9454, -1.1013, -2.3437, 1.6059, 42.8068, 90.0280, 0
1745407352.837, 5.332, 3.438, 1.9503, -1.1011, -2.3486, 1.5250, 42.7726, 90.0924, 0
1745407352.917, 5.332, 3.438, 1.9551, -1.1009, -2.3537, 1.5213, 42.7341, 90.0525, 0
1745407352.997, 5.332, 3.447, 1.9603, -1.1009, -2.3595, 1.5965, 42.7025, 89.9884, 0
1745407353.076, 5.332, 3.455, 1.9648, -1.1008, -2.3645, 1.6391, 42.6990, 90.0053, 0
1745407353.156, 5.332, 3.463, 1.9688, -1.1006, -2.3691, 1.7454, 42.6649, 89.9406, 0
1745407353.235, 5.331, 3.473, 1.9711, -1.1004, -2.3716, 1.7387, 42.6534, 89.9404, 0
1745407353.315, 5.331, 3.473, 1.9717, -1.1005, -2.3720, 1.7366, 42.6505, 89.9523, 0
1745407353.395, 5.332, 3.480, 1.9717, -1.1005, -2.3720, 1.7188, 42.6515, 89.9653, 0
1745407353.474, 5.332, 3.478, 1.9717, -1.1004, -2.3719, 1.7234, 42.6508, 89.9707, 0
1745407353.554, 5.332, 3.484, 1.9719, -1.1005, -2.3720, 1.7173, 42.6486, 89.9716, 0
1745407353.634, 5.333, 3.480, 1.9720, -1.1006, -2.3721, 1.7139, 42.6502, 89.9763, 0
1745407353.713, 5.333, 3.480, 1.9720, -1.1005, -2.3720, 1.7045, 42.6490, 89.9853, 0
1745407353.793, 5.332, 3.484, 1.9719, -1.1005, -2.3719, 1.7043, 42.6509, 89.9908, 0
1745407353.873, 5.332, 3.482, 1.9721, -1.1005, -2.3720, 1.7096, 42.6422, 89.9849, 0
1745407353.952, 5.332, 3.483, 1.9721, -1.1006, -2.3720, 1.7096, 42.6387, 89.9822, 0
1745407354.032, 5.332, 3.480, 1.9722, -1.1006, -2.3720, 1.7101, 42.6358, 89.9742, 0
1745407354.112, 5.331, 3.480, 1.9722, -1.1006, -2.3720, 1.7066, 42.6326, 89.9772, 0
1745407354.191, 5.331, 3.485, 1.9721, -1.1006, -2.3719, 1.7053, 42.6294, 89.9760, 0
1745407354.271, 5.332, 3.484, 1.9723, -1.1007, -2.3721, 1.6939, 42.6338, 89.9815, 0
1745407354.350, 5.332, 3.482, 1.9723, -1.1009, -2.3721, 1.6494, 42.6726, 90.0186, 0
1745407354.430, 5.332, 3.483, 1.9727, -1.1007, -2.3720, 1.6486, 42.6849, 90.0395, 0
1745407354.510, 5.332, 3.483, 1.9724, -1.1007, -2.3719, 1.6719, 42.6772, 90.0385, 0
1745407354.589, 5.331, 3.480, 1.9724, -1.1007, -2.3719, 1.6601, 42.6814, 90.0445, 0
1745407354.669, 5.332, 3.485, 1.9725, -1.1007, -2.3720, 1.6563, 42.6789, 90.0452, 0
1745407354.749, 5.332, 3.483, 1.9725, -1.1007, -2.3720, 1.6578, 42.6816, 90.0506, 0
1745407354.828, 5.330, 3.479, 1.9726, -1.1008, -2.3720, 1.6588, 42.6829, 90.0487, 0
1745407354.908, 5.332, 3.479, 1.9725, -1.1006, -2.3718, 1.6640, 42.7042, 90.0346, 0
1745407354.988, 5.335, 3.480, 1.9726, -1.1007, -2.3720, 1.7016, 42.6013, 89.9878, 0
1745407355.067, 5.333, 3.478, 1.9726, -1.1008, -2.3720, 1.7012, 42.5949, 89.9913, 0
1745407355.147, 5.333, 3.485, 1.9728, -1.1007, -2.3721, 1.6982, 42.5832, 89.9926, 0
1745407355.226, 5.333, 3.481, 1.9728, -1.1007, -2.3719, 1.7120, 42.5828, 89.9844, 0
1745407355.306, 5.333, 3.481, 1.9728, -1.1008, -2.3720, 1.7127, 42.5872, 89.9773, 0
1745407355.386, 5.334, 3.479, 1.9727, -1.1007, -2.3719, 1.7039, 42.5892, 89.9843, 0
1745407355.465, 5.333, 3.482, 1.9728, -1.1007, -2.3719, 1.6986, 42.5897, 89.9824, 0
1745407355.545, 5.333, 3.484, 1.9729, -1.1008, -2.3720, 1.6926, 42.5833, 89.9855, 0
1745407355.625, 5.333, 3.484, 1.9730, -1.1008, -2.3720, 1.6976, 42.5850, 89.9843, 0
1745407355.704, 5.333, 3.478, 1.9729, -1.1007, -2.3720, 1.6997, 42.5843, 89.9846, 0
1745407355.784, 5.335, 3.478, 1.9729, -1.1009, -2.3719, 1.7087, 42.6087, 89.9481, 0
1745407355.864, 5.333, 3.479, 1.9718, -1.1007, -2.3708, 1.7094, 42.5869, 90.0118, 0
1745407355.943, 5.333, 3.482, 1.9702, -1.1008, -2.3691, 1.6935, 42.5895, 89.9734, 0
1745407356.023, 5.332, 3.482, 1.9672, -1.1009, -2.3656, 1.6356, 42.5947, 89.9914, 0
1745407356.103, 5.332, 3.482, 1.9630, -1.1012, -2.3609, 1.6054, 42.5759, 90.0281, 0
1745407356.182, 5.332, 3.476, 1.9579, -1.1014, -2.3554, 1.5523, 42.5083, 90.0330, 0
1745407356.262, 5.335, 3.467, 1.9529, -1.1014, -2.3497, 1.5415, 42.4344, 90.0819, 0
1745407356.342, 5.335, 3.459, 1.9476, -1.1016, -2.3445, 1.6511, 42.2891, 89.9843, 0
1745407356.421, 5.331, 3.459, 1.9429, -1.1017, -2.3397, 1.7570, 42.1809, 89.9094, 0
1745407356.501, 5.332, 3.446, 1.9391, -1.1014, -2.3356, 1.7496, 42.0818, 89.9065, 0
1745407356.580, 5.331, 3.436, 1.9351, -1.1016, -2.3321, 1.7711, 42.6537, 89.9216, 0
1745407356.660, 5.330, 3.432, 1.9309, -1.1019, -2.3290, 1.7869, 43.4219, 89.9064, 0
1745407356.740, 5.330, 3.426, 1.9262, -1.1020, -2.3251, 1.7813, 44.2042, 89.8840, 0
1745407356.819, 5.330, 3.426, 1.9208, -1.1021, -2.3204, 1.9130, 44.2055, 89.7824, 0
1745407356.899, 5.332, 3.419, 1.9156, -1.1023, -2.3154, 1.9548, 44.1151, 89.7162, 0
1745407356.979, 5.333, 3.416, 1.9108, -1.1025, -2.3104, 1.9172, 44.0764, 89.7189, 0
1745407357.058, 5.331, 3.405, 1.9063, -1.1025, -2.3059, 1.9251, 43.9595, 89.6617, 0
1745407357.138, 5.331, 3.397, 1.9020, -1.1026, -2.3015, 1.8777, 44.0192, 89.6826, 0
1745407357.218, 5.329, 3.397, 1.8977, -1.1029, -2.2977, 1.7805, 44.5828, 89.7532, 0
1745407357.297, 5.330, 3.388, 1.8929, -1.1031, -2.2940, 1.7638, 45.4394, 89.7999, 0
1745407357.377, 5.331, 3.380, 1.8883, -1.1030, -2.2899, 1.6213, 45.6764, 89.8637, 0
1745407357.457, 5.340, 3.384, 1.8841, -1.1032, -2.2855, 1.5780, 45.6099, 89.8988, 0
1745407357.536, 5.340, 3.374, 1.8794, -1.1033, -2.2808, 1.5337, 45.5052, 89.9488, 0
1745407357.616, 5.338, 3.374, 1.8746, -1.1036, -2.2763, 1.4866, 45.5339, 89.9785, 0
1745407357.695, 5.336, 3.369, 1.8698, -1.1036, -2.2718, 1.4764, 45.5222, 90.0068, 0
1745407357.775, 5.336, 3.356, 1.8654, -1.1038, -2.2680, 1.5008, 45.6040, 89.9653, 0
1745407357.855, 5.339, 3.351, 1.8610, -1.1036, -2.2640, 1.5457, 45.7278, 89.9173, 0
1745407357.934, 5.339, 3.346, 1.8570, -1.1038, -2.2602, 1.5995, 45.6732, 89.8931, 0
1745407358.014, 5.337, 3.346, 1.8528, -1.1040, -2.2562, 1.6322, 45.6489, 89.9148, 0
1745407358.094, 5.336, 3.335, 1.8483, -1.1042, -2.2522, 1.7266, 45.5393, 89.8626, 0
1745407358.173, 5.334, 3.328, 1.8437, -1.1041, -2.2480, 1.7659, 45.5938, 89.8378, 0
1745407358.253, 5.332, 3.321, 1.8391, -1.1042, -2.2447, 1.7448, 46.4409, 89.8009, 0
1745407358.332, 5.332, 3.317, 1.8337, -1.1043, -2.2411, 1.7307, 47.4809, 89.8542, 0
1745407358.412, 5.335, 3.317, 1.8295, -1.1047, -2.2375, 1.7707, 47.4409, 89.8104, 0
1745407358.492, 5.346, 3.317, 1.8255, -1.1049, -2.2339, 1.8071, 47.4275, 89.8192, 0
1745407358.571, 5.349, 3.310, 1.8219, -1.1048, -2.2300, 1.7393, 47.3582, 89.8388, 0
1745407358.651, 5.349, 3.306, 1.8177, -1.1048, -2.2263, 1.6045, 47.3721, 89.9396, 0
1745407358.731, 5.345, 3.299, 1.8132, -1.1053, -2.2222, 1.4878, 47.6855, 90.0444, 0
1745407358.810, 5.345, 3.299, 1.8083, -1.1052, -2.2193, 1.4460, 48.7438, 90.0672, 0
1745407358.890, 5.347, 3.292, 1.8030, -1.1053, -2.2160, 1.4373, 49.5415, 90.0548, 0
1745407358.970, 5.358, 3.294, 1.7985, -1.1055, -2.2121, 1.3597, 49.5733, 90.1550, 0
1745407359.049, 5.358, 3.292, 1.7945, -1.1057, -2.2088, 1.4133, 49.5659, 90.0878, 0
1745407359.129, 5.366, 3.290, 1.7904, -1.1057, -2.2055, 1.4057, 49.5090, 90.1486, 0
1745407359.209, 5.364, 3.290, 1.7867, -1.1056, -2.2024, 1.4695, 49.4641, 90.0616, 0
1745407359.288, 5.362, 3.279, 1.7827, -1.1060, -2.1992, 1.5408, 49.4005, 90.0097, 0
1745407359.368, 5.362, 3.273, 1.7787, -1.1060, -2.1958, 1.5670, 49.3269, 89.9847, 0
1745407359.450, 5.362, 3.269, 1.7746, -1.1060, -2.1924, 1.5784, 49.2201, 89.9606, 0
1745407359.527, 5.358, 3.256, 1.7718, -1.1061, -2.1898, 1.5872, 49.1966, 89.9508, 0
1745407359.607, 5.357, 3.256, 1.7708, -1.1061, -2.1890, 1.5846, 49.2044, 89.9724, 0
1745407359.687, 5.354, 3.250, 1.7708, -1.1062, -2.1891, 1.6002, 49.2027, 89.9450, 0
1745407359.766, 5.355, 3.254, 1.7711, -1.1063, -2.1892, 1.5784, 49.2013, 89.9575, 0
1745407359.846, 5.355, 3.253, 1.7709, -1.1063, -2.1889, 1.5858, 49.1996, 89.9636, 0
1745407359.926, 5.352, 3.254, 1.7709, -1.1062, -2.1890, 1.6033, 49.1969, 89.9482, 0
1745407360.005, 5.356, 3.254, 1.7710, -1.1062, -2.1889, 1.5939, 49.1946, 89.9553, 0
1745407360.085, 5.352, 3.254, 1.7712, -1.1062, -2.1891, 1.5911, 49.1911, 89.9406, 0
1745407360.164, 5.356, 3.248, 1.7712, -1.1063, -2.1891, 1.5880, 49.1885, 89.9489, 0
1745407360.244, 5.356, 3.248, 1.7711, -1.1062, -2.1890, 1.5776, 49.1945, 89.9662, 0
1745407360.324, 5.352, 3.252, 1.7711, -1.1063, -2.1891, 1.5824, 49.1964, 89.9609, 0
1745407360.403, 5.353, 3.252, 1.7713, -1.1063, -2.1891, 1.5943, 49.1966, 89.9538, 0
1745407360.483, 5.353, 3.249, 1.7713, -1.1064, -2.1890, 1.5854, 49.1941, 89.9609, 0
1745407360.563, 5.354, 3.252, 1.7712, -1.1062, -2.1888, 1.5820, 49.1517, 89.9597, 0
1745407360.642, 5.354, 3.249, 1.7703, -1.1063, -2.1883, 1.6021, 49.2526, 89.9071, 0
1745407360.722, 5.352, 3.253, 1.7671, -1.1065, -2.1857, 1.6696, 49.1049, 89.8446, 0
1745407360.802, 5.353, 3.253, 1.7626, -1.1066, -2.1817, 1.6805, 49.0445, 89.7827, 0
1745407360.881, 5.354, 3.247, 1.7573, -1.1068, -2.1773, 1.6764, 49.0183, 89.7612, 0
1745407360.961, 5.351, 3.236, 1.7519, -1.1070, -2.1725, 1.6415, 48.9599, 89.7616, 0
1745407361.041, 5.351, 3.226, 1.7471, -1.1069, -2.1683, 1.5916, 48.9496, 89.7521, 0
1745407361.120, 5.349, 3.226, 1.7431, -1.1070, -2.1648, 1.6294, 48.9300, 89.6794, 0
1745407361.200, 5.347, 3.219, 1.7396, -1.1072, -2.1617, 1.5874, 48.9090, 89.6926, 0
1745407361.279, 5.347, 3.210, 1.7362, -1.1073, -2.1586, 1.5606, 48.8489, 89.6975, 0
1745407361.359, 5.345, 3.209, 1.7327, -1.1074, -2.1555, 1.5173, 48.8273, 89.7190, 0
1745407361.439, 5.345, 3.200, 1.7288, -1.1074, -2.1517, 1.4096, 48.7306, 89.8305, 0
1745407361.518, 5.343, 3.200, 1.7246, -1.1077, -2.1478, 1.3358, 48.6339, 89.8962, 0
1745407361.598, 5.342, 3.199, 1.7198, -1.1079, -2.1436, 1.3083, 48.6380, 89.9365, 0
1745407361.678, 5.341, 3.184, 1.7148, -1.1079, -2.1391, 1.2598, 48.5169, 89.9874, 0
1745407361.757, 5.338, 3.176, 1.7096, -1.1081, -2.1346, 1.2908, 48.4941, 89.9610, 0
1745407361.837, 5.338, 3.166, 1.7045, -1.1079, -2.1304, 1.3811, 48.3573, 89.8723, 0
1745407361.917, 5.338, 3.166, 1.6995, -1.1080, -2.1261, 1.4599, 48.2739, 89.8249, 0
1745407361.996, 5.332, 3.161, 1.6950, -1.1082, -2.1222, 1.5246, 48.1217, 89.7979, 0
1745407362.076, 5.330, 3.153, 1.6904, -1.1080, -2.1186, 1.6399, 48.0017, 89.7172, 0
1745407362.155, 5.326, 3.140, 1.6861, -1.1083, -2.1146, 1.6246, 48.0083, 89.7441, 0
1745407362.235, 5.326, 3.129, 1.6816, -1.1082, -2.1105, 1.5967, 47.9408, 89.7277, 0
1745407362.315, 5.325, 3.129, 1.6774, -1.1084, -2.1068, 1.5968, 47.8769, 89.6892, 0
1745407362.394, 5.324, 3.125, 1.6733, -1.1085, -2.1033, 1.6691, 47.8247, 89.6527, 0
1745407362.474, 5.321, 3.113, 1.6695, -1.1086, -2.1000, 1.7263, 47.6949, 89.6306, 0
1745407362.554, 5.315, 3.110, 1.6659, -1.1086, -2.0968, 1.7595, 47.6931, 89.6289, 0
1745407362.633, 5.315, 3.104, 1.6623, -1.1087, -2.0933, 1.5750, 47.6508, 89.7242, 0
1745407362.713, 5.313, 3.104, 1.6581, -1.1090, -2.0893, 1.4693, 47.6854, 89.8255, 0
1745407362.793, 5.312, 3.092, 1.6538, -1.1092, -2.0852, 1.4239, 47.6325, 89.8846, 0
1745407362.872, 5.312, 3.090, 1.6498, -1.1091, -2.0813, 1.3771, 47.5558, 89.9196, 0
1745407362.952, 5.312, 3.084, 1.6458, -1.1091, -2.0779, 1.3969, 47.4795, 89.9054, 0
1745407363.032, 5.312, 3.076, 1.6424, -1.1089, -2.0747, 1.3992, 47.4700, 89.8933, 0
1745407363.111, 5.312, 3.076, 1.6389, -1.1091, -2.0712, 1.3816, 47.2258, 89.9128, 0
1745407363.191, 5.311, 3.069, 1.6353, -1.1093, -2.0678, 1.3771, 46.9306, 89.9499, 0
1745407363.271, 5.308, 3.063, 1.6315, -1.1093, -2.0640, 1.4454, 46.6193, 89.8575, 0
1745407363.350, 5.303, 3.049, 1.6277, -1.1093, -2.0602, 1.5155, 46.2097, 89.7888, 0
1745407363.430, 5.303, 3.042, 1.6242, -1.1096, -2.0561, 1.5279, 45.7899, 89.7796, 0
1745407363.510, 5.296, 3.042, 1.6208, -1.1096, -2.0525, 1.5626, 45.3600, 89.7566, 0
1745407363.589, 5.292, 3.037, 1.6175, -1.1098, -2.0488, 1.5992, 44.9283, 89.7231, 0
1745407363.669, 5.287, 3.024, 1.6143, -1.1098, -2.0448, 1.5847, 44.4326, 89.7378, 0
1745407363.748, 5.285, 3.008, 1.6111, -1.1097, -2.0409, 1.6340, 43.8817, 89.6869, 0
1745407363.828, 5.285, 3.006, 1.6080, -1.1098, -2.0369, 1.6728, 43.3066, 89.6581, 0
1745407363.908, 5.280, 3.006, 1.6046, -1.1098, -2.0327, 1.6807, 42.7544, 89.6607, 0
1745407363.987, 5.277, 2.992, 1.6016, -1.1102, -2.0287, 1.6592, 42.2359, 89.6650, 0
1745407364.067, 5.274, 2.981, 1.5991, -1.1102, -2.0259, 1.6636, 42.1054, 89.6932, 0
1745407364.147, 5.271, 2.974, 1.5986, -1.1101, -2.0254, 1.6544, 42.1215, 89.7057, 0
1745407364.226, 5.271, 2.970, 1.5985, -1.1100, -2.0253, 1.6687, 42.1265, 89.7129, 0
1745407364.306, 5.270, 2.970, 1.5985, -1.1100, -2.0253, 1.6801, 42.1303, 89.7085, 0
1745407364.386, 5.270, 2.968, 1.5985, -1.1100, -2.0253, 1.6782, 42.1369, 89.7143, 0
1745407364.465, 5.270, 2.968, 1.5986, -1.1101, -2.0254, 1.6896, 42.1372, 89.7022, 0
1745407364.545, 5.270, 2.969, 1.5986, -1.1101, -2.0254, 1.6930, 42.1384, 89.7061, 0
1745407364.625, 5.271, 2.974, 1.5985, -1.1101, -2.0254, 1.7020, 42.1409, 89.7018, 0
1745407364.704, 5.269, 2.974, 1.5986, -1.1101, -2.0254, 1.7097, 42.1399, 89.6963, 0
1745407364.784, 5.270, 2.971, 1.5984, -1.1099, -2.0254, 1.7099, 42.1424, 89.6944, 0
1745407364.863, 5.271, 2.970, 1.5986, -1.1101, -2.0254, 1.6990, 42.1409, 89.7035, 0
1745407364.943, 5.271, 2.970, 1.5985, -1.1101, -2.0254, 1.7084, 42.1488, 89.7032, 0
1745407365.023, 5.269, 2.972, 1.5986, -1.1100, -2.0254, 1.7047, 42.1412, 89.7046, 0
1745407365.102, 5.271, 2.972, 1.5997, -1.1100, -2.0266, 1.6917, 42.2083, 89.7513, 0
1745407365.182, 5.268, 2.975, 1.6046, -1.1099, -2.0320, 1.7291, 42.2164, 89.7565, 0
1745407365.262, 5.273, 2.969, 1.6132, -1.1101, -2.0413, 1.6908, 42.3025, 89.8132, 0
1745407365.341, 5.273, 2.984, 1.6248, -1.1095, -2.0534, 1.5861, 42.4731, 89.8788, 0
1745407365.421, 5.271, 3.003, 1.6370, -1.1089, -2.0659, 1.4874, 42.4867, 89.9280, 0
1745407365.501, 5.275, 3.003, 1.6479, -1.1087, -2.0776, 1.4687, 42.4637, 89.9266, 0
1745407365.580, 5.276, 3.023, 1.6573, -1.1087, -2.0885, 1.6255, 42.3830, 89.7811, 0
1745407365.660, 5.276, 3.043, 1.6653, -1.1087, -2.0970, 1.6605, 42.3784, 89.7762, 0
1745407365.740, 5.276, 3.059, 1.6726, -1.1087, -2.1048, 1.6180, 42.3609, 89.8058, 0
1745407365.819, 5.275, 3.072, 1.6795, -1.1086, -2.1128, 1.7222, 42.4109, 89.7780, 0
1745407365.899, 5.276, 3.072, 1.6882, -1.1080, -2.1216, 1.6258, 42.4858, 89.8214, 0
1745407365.978, 5.277, 3.086, 1.6975, -1.1082, -2.1311, 1.4953, 42.5536, 89.8426, 0
1745407366.058, 5.277, 3.105, 1.7072, -1.1079, -2.1414, 1.3791, 42.6110, 89.8906, 0
1745407366.138, 5.277, 3.124, 1.7169, -1.1075, -2.1519, 1.4547, 42.6512, 89.8910, 0
1745407366.217, 5.280, 3.137, 1.7263, -1.1078, -2.1617, 1.5472, 42.3954, 89.7758, 0
1745407366.297, 5.282, 3.137, 1.7352, -1.1071, -2.1698, 1.6935, 40.8225, 89.7397, 0
1745407366.377, 5.279, 3.157, 1.7442, -1.1068, -2.1777, 1.7947, 38.9938, 89.7291, 0
1745407366.456, 5.275, 3.165, 1.7529, -1.1073, -2.1860, 1.7525, 37.6297, 89.8325, 0
1745407366.536, 5.275, 3.180, 1.7611, -1.1074, -2.1962, 1.7091, 37.6269, 89.9405, 0
1745407366.616, 5.287, 3.201, 1.7693, -1.1064, -2.2065, 1.7077, 37.7612, 89.8990, 0
1745407366.695, 5.291, 3.201, 1.7777, -1.1057, -2.2168, 1.5644, 37.8450, 90.0240, 0
1745407366.775, 5.290, 3.215, 1.7860, -1.1061, -2.2271, 1.4078, 37.8861, 90.1185, 0
1745407366.855, 5.291, 3.231, 1.7937, -1.1062, -2.2374, 1.5249, 37.9068, 90.0239, 0
1745407366.934, 5.291, 3.250, 1.8007, -1.1057, -2.2473, 1.7428, 38.0026, 89.8876, 0
1745407367.014, 5.290, 3.250, 1.8087, -1.1061, -2.2568, 1.5663, 38.0317, 89.9660, 0
1745407367.093, 5.286, 3.263, 1.8160, -1.1059, -2.2668, 1.7507, 38.0788, 89.9182, 0
1745407367.173, 5.287, 3.276, 1.8237, -1.1054, -2.2767, 1.6862, 38.2301, 89.9512, 0
1745407367.253, 5.283, 3.295, 1.8320, -1.1051, -2.2869, 1.6540, 38.3907, 89.8877, 0
1745407367.332, 5.283, 3.311, 1.8402, -1.1045, -2.2968, 1.5636, 38.5200, 89.9189, 0
1745407367.412, 5.282, 3.311, 1.8477, -1.1045, -2.3065, 1.5962, 38.6450, 89.9025, 0
1745407367.492, 5.281, 3.329, 1.8547, -1.1039, -2.3154, 1.6435, 38.7144, 89.8546, 0
1745407367.571, 5.281, 3.340, 1.8618, -1.1035, -2.3244, 1.7494, 38.7767, 89.7145, 0
1745407367.651, 5.279, 3.353, 1.8687, -1.1035, -2.3333, 1.8769, 38.8630, 89.7588, 0
1745407367.731, 5.279, 3.367, 1.8761, -1.1039, -2.3427, 1.8667, 38.9981, 89.7596, 0
1745407367.810, 5.277, 3.367, 1.8836, -1.1032, -2.3519, 1.9006, 39.0558, 89.7965, 0
1745407367.890, 5.277, 3.386, 1.8914, -1.1034, -2.3613, 1.8422, 39.2262, 89.9077, 0
1745407367.970, 5.276, 3.395, 1.8993, -1.1034, -2.3703, 1.7511, 39.3318, 89.9418, 0
1745407368.049, 5.275, 3.414, 1.9063, -1.1028, -2.3789, 1.7078, 39.3942, 89.9496, 0
1745407368.129, 5.275, 3.429, 1.9127, -1.1028, -2.3861, 1.6293, 39.4334, 90.0214, 0
1745407368.209, 5.275, 3.429, 1.9180, -1.1027, -2.3923, 1.5958, 39.4253, 90.0309, 0
1745407368.288, 5.276, 3.444, 1.9227, -1.1025, -2.3983, 1.6026, 39.4616, 90.0678, 0
1745407368.368, 5.275, 3.451, 1.9275, -1.1019, -2.4042, 1.6975, 39.4431, 90.0341, 0
1745407368.448, 5.275, 3.465, 1.9327, -1.1019, -2.4107, 1.7261, 39.4849, 90.0650, 0
1745407368.527, 5.275, 3.470, 1.9385, -1.1018, -2.4176, 1.6303, 39.5546, 90.0810, 0
1745407368.607, 5.274, 3.470, 1.9434, -1.1020, -2.4240, 1.6467, 39.7652, 90.0886, 0
1745407368.687, 5.276, 3.484, 1.9484, -1.1017, -2.4299, 1.6776, 39.7847, 90.1457, 0
1745407368.766, 5.275, 3.492, 1.9528, -1.1015, -2.4352, 1.6877, 39.7992, 90.1283, 0
1745407368.846, 5.274, 3.503, 1.9573, -1.1013, -2.4403, 1.6018, 39.8194, 90.2431, 0
1745407368.925, 5.274, 3.511, 1.9622, -1.1010, -2.4456, 1.5104, 39.8596, 90.2527, 0
1745407369.005, 5.278, 3.511, 1.9672, -1.1009, -2.4513, 1.4250, 39.8675, 90.2949, 0
1745407369.124, 5.272, 3.531, 1.9745, -1.1009, -2.4596, 1.3554, 39.8794, 90.3788, 0
1745407369.204, 5.272, 3.531, 1.9794, -1.1008, -2.4654, 1.3685, 39.9032, 90.3590, 0
1745407369.284, 5.272, 3.539, 1.9841, -1.1005, -2.4713, 1.4117, 39.9002, 90.3340, 0
1745407369.363, 5.273, 3.550, 1.9888, -1.1002, -2.4768, 1.4288, 39.8521, 90.2820, 0
1745407369.443, 5.272, 3.560, 1.9933, -1.1000, -2.4822, 1.4783, 39.8834, 90.2600, 0
1745407369.523, 5.272, 3.567, 1.9975, -1.0997, -2.4875, 1.5952, 39.8723, 90.1840, 0
1745407369.602, 5.272, 3.567, 2.0018, -1.0999, -2.4928, 1.6662, 39.8739, 90.1862, 0
1745407369.682, 5.273, 3.579, 2.0062, -1.0997, -2.4984, 1.6867, 39.8405, 90.1708, 0
1745407369.762, 5.272, 3.580, 2.0104, -1.0994, -2.5031, 1.6686, 39.8583, 90.1767, 0
1745407369.841, 5.271, 3.591, 2.0145, -1.0990, -2.5079, 1.6620, 39.8464, 90.1949, 0
1745407369.921, 5.271, 3.602, 2.0183, -1.0993, -2.5122, 1.6332, 39.8752, 90.2036, 0
1745407370.000, 5.269, 3.602, 2.0224, -1.0992, -2.5168, 1.5843, 39.8920, 90.2203, 0
1745407370.080, 5.270, 3.608, 2.0261, -1.0992, -2.5211, 1.5728, 39.8624, 90.2929, 0
1745407370.160, 5.271, 3.619, 2.0300, -1.0988, -2.5254, 1.5143, 39.9122, 90.3048, 0
1745407370.240, 5.271, 3.623, 2.0341, -1.0991, -2.5301, 1.4717, 39.9460, 90.2820, 0
1745407370.319, 5.273, 3.632, 2.0383, -1.0989, -2.5349, 1.4559, 39.9575, 90.2791, 0
1745407370.399, 5.272, 3.632, 2.0422, -1.0985, -2.5393, 1.3841, 39.9487, 90.3230, 0
1745407370.479, 5.271, 3.643, 2.0461, -1.0985, -2.5437, 1.3245, 39.9341, 90.3640, 0
1745407370.558, 5.273, 3.646, 2.0497, -1.0984, -2.5476, 1.2634, 39.9364, 90.3743, 0
1745407370.638, 5.273, 3.654, 2.0521, -1.0984, -2.5505, 1.2521, 39.9335, 90.3485, 0
1745407370.717, 5.274, 3.660, 2.0525, -1.0984, -2.5510, 1.2523, 39.9251, 90.3245, 0
1745407370.797, 5.274, 3.660, 2.0526, -1.0984, -2.5511, 1.2359, 39.9267, 90.3272, 0
1745407370.877, 5.271, 3.667, 2.0525, -1.0984, -2.5510, 1.2269, 39.9178, 90.3232, 0
1745407370.956, 5.274, 3.665, 2.0524, -1.0984, -2.5509, 1.2147, 39.9201, 90.3193, 0
1745407371.036, 5.274, 3.665, 2.0527, -1.0984, -2.5511, 1.2068, 39.9135, 90.3088, 0
1745407371.116, 5.274, 3.664, 2.0527, -1.0984, -2.5511, 1.2096, 39.9068, 90.3104, 0
1745407371.195, 5.274, 3.664, 2.0528, -1.0985, -2.5512, 1.2132, 39.9010, 90.2971, 0
1745407371.275, 5.274, 3.664, 2.0528, -1.0985, -2.5512, 1.2051, 39.9042, 90.3021, 0
1745407371.355, 5.272, 3.664, 2.0527, -1.0985, -2.5511, 1.2032, 39.9100, 90.3063, 0
1745407371.434, 5.272, 3.665, 2.0527, -1.0985, -2.5510, 1.1912, 39.9104, 90.3094, 0
1745407371.514, 5.271, 3.663, 2.0527, -1.0984, -2.5510, 1.1850, 39.9124, 90.3056, 0
1745407371.593, 5.272, 3.663, 2.0530, -1.0986, -2.5511, 1.1887, 39.9063, 90.2907, 0
1745407371.673, 5.272, 3.667, 2.0528, -1.0986, -2.5510, 1.1778, 39.9060, 90.3056, 0
1745407371.753, 5.274, 3.663, 2.0529, -1.0985, -2.5511, 1.1800, 39.9022, 90.2963, 0
1745407371.832, 5.274, 3.664, 2.0530, -1.0985, -2.5510, 1.1755, 39.9009, 90.2930, 0
1745407371.912, 5.272, 3.665, 2.0530, -1.0985, -2.5510, 1.1842, 39.9016, 90.2878, 0
1745407371.992, 5.272, 3.665, 2.0530, -1.0985, -2.5511, 1.1847, 39.9023, 90.2822, 0
1745407372.071, 5.274, 3.664, 2.0531, -1.0986, -2.5511, 1.1821, 39.9079, 90.2834, 0
1745407372.151, 5.275, 3.664, 2.0530, -1.0985, -2.5510, 1.1846, 39.9014, 90.2782, 0
1745407372.231, 5.275, 3.664, 2.0529, -1.0984, -2.5509, 1.1908, 39.9001, 90.2814, 0
1745407372.310, 5.274, 3.664, 2.0531, -1.0986, -2.5511, 1.1890, 39.9028, 90.2781, 0
1745407372.390, 5.271, 3.665, 2.0532, -1.0986, -2.5513, 1.1914, 39.9035, 90.2708, 0
1745407372.470, 5.272, 3.663, 2.0532, -1.0986, -2.5511, 1.1950, 39.9068, 90.2749, 0
1745407372.549, 5.272, 3.665, 2.0530, -1.0985, -2.5510, 1.1913, 39.9095, 90.2804, 0
1745407372.629, 5.272, 3.663, 2.0531, -1.0986, -2.5511, 1.1905, 39.9138, 90.2778, 0
1745407372.709, 5.274, 3.663, 2.0530, -1.0985, -2.5510, 1.1900, 39.9088, 90.2786, 0
1745407372.788, 5.274, 3.665, 2.0530, -1.0986, -2.5510, 1.1765, 39.9115, 90.2899, 0
1745407372.868, 5.274, 3.664, 2.0530, -1.0985, -2.5511, 1.1780, 39.9129, 90.2856, 0
1745407372.947, 5.272, 3.665, 2.0530, -1.0985, -2.5511, 1.1778, 39.9047, 90.2837, 0
1745407373.027, 5.272, 3.662, 2.0532, -1.0986, -2.5512, 1.1805, 39.9096, 90.2724, 0
1745407373.107, 5.272, 3.662, 2.0530, -1.0985, -2.5510, 1.1904, 39.9076, 90.2692, 1
1745407373.186, 5.271, 3.665, 2.0531, -1.0986, -2.5509, 1.1797, 39.9058, 90.2751, 1
1745407373.266, 5.271, 3.667, 2.0532, -1.0986, -2.5510, 1.1920, 39.9089, 90.2629, 1
