stamp:
  sec: 3336
  nanosec: 750049721
lateral:
  stamp:
    sec: 3336
    nanosec: 750049721
  steering_tire_angle: 0.0
  steering_tire_rotation_rate: 0.0
longitudinal:
  stamp:
    sec: 3336
    nanosec: 750049721
  speed: 0.0
  acceleration: -1.5
  jerk: 0.0
---
stamp:
  sec: 3336
  nanosec: 800049722
lateral:
  stamp:
    sec: 3336
    nanosec: 800049722
  steering_tire_angle: 0.0
  steering_tire_rotation_rate: 0.0
longitudinal:
  stamp:
    sec: 3336
    nanosec: 800049722
  speed: 0.0
  acceleration: -1.5
  jerk: 0.0
---
stamp:
  sec: 3336
  nanosec: 850049722
lateral:
  stamp:
    sec: 3336
    nanosec: 850049722
  steering_tire_angle: 0.0
  steering_tire_rotation_rate: 0.0
longitudinal:
  stamp:
    sec: 3336
    nanosec: 850049722
  speed: 0.0
  acceleration: -1.5
  jerk: 0.0
---
stamp:
  sec: 3336
  nanosec: 900049723
lateral:
  stamp:
    sec: 3336
    nanosec: 900049723
  steering_tire_angle: 0.0
  steering_tire_rotation_rate: 0.0
longitudinal:
  stamp:
    sec: 3336
    nanosec: 900049723
  speed: 0.0
  acceleration: -1.5
  jerk: 0.0
---
stamp:
  sec: 3336
  nanosec: 950049724
lateral:
  stamp:
    sec: 3336
    nanosec: 950049724
  steering_tire_angle: 0.0
  steering_tire_rotation_rate: 0.0
longitudinal:
  stamp:
    sec: 3336
    nanosec: 950049724
  speed: 0.0
  acceleration: -1.5
  jerk: 0.0
---
stamp:
  sec: 3337
  nanosec: 49725
lateral:
  stamp:
    sec: 3337
    nanosec: 49725
  steering_tire_angle: 0.0
  steering_tire_rotation_rate: 0.0
longitudinal:
  stamp:
    sec: 3337
    nanosec: 49725
  speed: 0.0
  acceleration: -1.5
  jerk: 0.0
---
stamp:
  sec: 3337
  nanosec: 50049725
lateral:
  stamp:
    sec: 3337
    nanosec: 50049725
  steering_tire_angle: 0.0
  steering_tire_rotation_rate: 0.0
longitudinal:
  stamp:
    sec: 3337
    nanosec: 50049725
  speed: 0.0
  acceleration: -1.5
  jerk: 0.0
---
stamp:
  sec: 3337
  nanosec: 100049726
lateral:
  stamp:
    sec: 3337
    nanosec: 100049726
  steering_tire_angle: 0.0
  steering_tire_rotation_rate: 0.0
longitudinal:
  stamp:
    sec: 3337
    nanosec: 100049726
  speed: 0.0
  acceleration: -1.5
  jerk: 0.0
---
stamp:
  sec: 3337
  nanosec: 150049727
lateral:
  stamp:
    sec: 3337
    nanosec: 150049727
  steering_tire_angle: 0.0
  steering_tire_rotation_rate: 0.0
longitudinal:
  stamp:
    sec: 3337
    nanosec: 150049727
  speed: 0.0
  acceleration: -1.5
  jerk: 0.0
---
stamp:
  sec: 3337
  nanosec: 200049728
lateral:
  stamp:
    sec: 3337
    nanosec: 200049728
  steering_tire_angle: 0.0
  steering_tire_rotation_rate: 0.0
longitudinal:
  stamp:
    sec: 3337
    nanosec: 200049728
  speed: 0.0
  acceleration: -1.5
  jerk: 0.0
---
stamp:
  sec: 3337
  nanosec: 250049728
lateral:
  stamp:
    sec: 3337
    nanosec: 250049728
  steering_tire_angle: 0.0
  steering_tire_rotation_rate: 0.0
longitudinal:
  stamp:
    sec: 3337
    nanosec: 250049728
  speed: 0.0
  acceleration: -1.5
  jerk: 0.0
---
stamp:
  sec: 3337
  nanosec: 300049729
lateral:
  stamp:
    sec: 3337
    nanosec: 300049729
  steering_tire_angle: 0.0
  steering_tire_rotation_rate: 0.0
longitudinal:
  stamp:
    sec: 3337
    nanosec: 300049729
  speed: 0.0
  acceleration: -1.5
  jerk: 0.0
---
stamp:
  sec: 3337
  nanosec: 350049730
lateral:
  stamp:
    sec: 3337
    nanosec: 350049730
  steering_tire_angle: 0.0
  steering_tire_rotation_rate: 0.0
longitudinal:
  stamp:
    sec: 3337
    nanosec: 350049730
  speed: 0.0
  acceleration: -1.5
  jerk: 0.0
---
stamp:
  sec: 3337
  nanosec: 400049731
lateral:
  stamp:
    sec: 3337
    nanosec: 400049731
  steering_tire_angle: 0.0
  steering_tire_rotation_rate: 0.0
longitudinal:
  stamp:
    sec: 3337
    nanosec: 400049731
  speed: 0.0
  acceleration: -1.5
  jerk: 0.0
---
stamp:
  sec: 3337
  nanosec: 450049731
lateral:
  stamp:
    sec: 3337
    nanosec: 450049731
  steering_tire_angle: 0.0
  steering_tire_rotation_rate: 0.0
longitudinal:
  stamp:
    sec: 3337
    nanosec: 450049731
  speed: 0.0
  acceleration: -1.5
  jerk: 0.0
---
stamp:
  sec: 3337
  nanosec: 500049732
lateral:
  stamp:
    sec: 3337
    nanosec: 500049732
  steering_tire_angle: 0.0
  steering_tire_rotation_rate: 0.0
longitudinal:
  stamp:
    sec: 3337
    nanosec: 500049732
  speed: 0.0
  acceleration: -1.5
  jerk: 0.0
---
stamp:
  sec: 3337
  nanosec: 550049733
lateral:
  stamp:
    sec: 3337
    nanosec: 550049733
  steering_tire_angle: 0.0
  steering_tire_rotation_rate: 0.0
longitudinal:
  stamp:
    sec: 3337
    nanosec: 550049733
  speed: 0.0
  acceleration: -1.5
  jerk: 0.0
---
stamp:
  sec: 3337
  nanosec: 600049734
lateral:
  stamp:
    sec: 3337
    nanosec: 600049734
  steering_tire_angle: 0.0
  steering_tire_rotation_rate: 0.0
longitudinal:
  stamp:
    sec: 3337
    nanosec: 600049734
  speed: 0.0
  acceleration: -1.5
  jerk: 0.0
---
stamp:
  sec: 3337
  nanosec: 650049734
lateral:
  stamp:
    sec: 3337
    nanosec: 650049734
  steering_tire_angle: 0.0
  steering_tire_rotation_rate: 0.0
longitudinal:
  stamp:
    sec: 3337
    nanosec: 650049734
  speed: 0.0
  acceleration: -1.5
  jerk: 0.0
---
stamp:
  sec: 3337
  nanosec: 700049735
lateral:
  stamp:
    sec: 3337
    nanosec: 700049735
  steering_tire_angle: 0.0
  steering_tire_rotation_rate: 0.0
longitudinal:
  stamp:
    sec: 3337
    nanosec: 700049735
  speed: 0.0
  acceleration: -1.5
  jerk: 0.0
---
stamp:
  sec: 3337
  nanosec: 750049736
lateral:
  stamp:
    sec: 3337
    nanosec: 750049736
  steering_tire_angle: 0.0
  steering_tire_rotation_rate: 0.0
longitudinal:
  stamp:
    sec: 3337
    nanosec: 750049736
  speed: 0.0
  acceleration: -1.5
  jerk: 0.0
---
stamp:
  sec: 3337
  nanosec: 800049737
lateral:
  stamp:
    sec: 3337
    nanosec: 800049737
  steering_tire_angle: 0.0
  steering_tire_rotation_rate: 0.0
longitudinal:
  stamp:
    sec: 3337
    nanosec: 800049737
  speed: 0.0
  acceleration: -1.5
  jerk: 0.0
---
stamp:
  sec: 3337
  nanosec: 850049737
lateral:
  stamp:
    sec: 3337
    nanosec: 850049737
  steering_tire_angle: 0.0
  steering_tire_rotation_rate: 0.0
longitudinal:
  stamp:
    sec: 3337
    nanosec: 850049737
  speed: 0.0
  acceleration: -1.5
  jerk: 0.0
---
stamp:
  sec: 3337
  nanosec: 900049738
lateral:
  stamp:
    sec: 3337
    nanosec: 900049738
  steering_tire_angle: 0.0
  steering_tire_rotation_rate: 0.0
longitudinal:
  stamp:
    sec: 3337
    nanosec: 900049738
  speed: 0.0
  acceleration: -1.5
  jerk: 0.0
---
stamp:
  sec: 3337
  nanosec: 950049739
lateral:
  stamp:
    sec: 3337
    nanosec: 950049739
  steering_tire_angle: 0.0
  steering_tire_rotation_rate: 0.0
longitudinal:
  stamp:
    sec: 3337
    nanosec: 950049739
  speed: 0.0
  acceleration: -1.5
  jerk: 0.0
---
stamp:
  sec: 3338
  nanosec: 49740
lateral:
  stamp:
    sec: 3338
    nanosec: 49740
  steering_tire_angle: 0.0
  steering_tire_rotation_rate: 0.0
longitudinal:
  stamp:
    sec: 3338
    nanosec: 49740
  speed: 0.0
  acceleration: -1.5
  jerk: 0.0
---
stamp:
  sec: 3338
  nanosec: 50049740
lateral:
  stamp:
    sec: 3338
    nanosec: 50049740
  steering_tire_angle: 0.0
  steering_tire_rotation_rate: 0.0
longitudinal:
  stamp:
    sec: 3338
    nanosec: 50049740
  speed: 0.0
  acceleration: -1.5
  jerk: 0.0
---
stamp:
  sec: 3338
  nanosec: 100049741
lateral:
  stamp:
    sec: 3338
    nanosec: 100049741
  steering_tire_angle: 0.0
  steering_tire_rotation_rate: 0.0
longitudinal:
  stamp:
    sec: 3338
    nanosec: 100049741
  speed: 0.0
  acceleration: -1.5
  jerk: 0.0
---
stamp:
  sec: 3338
  nanosec: 150049742
lateral:
  stamp:
    sec: 3338
    nanosec: 150049742
  steering_tire_angle: 0.0
  steering_tire_rotation_rate: 0.0
longitudinal:
  stamp:
    sec: 3338
    nanosec: 150049742
  speed: 0.0
  acceleration: -1.5
  jerk: 0.0
---
stamp:
  sec: 3338
  nanosec: 200049743
lateral:
  stamp:
    sec: 3338
    nanosec: 200049743
  steering_tire_angle: 0.0
  steering_tire_rotation_rate: 0.0
longitudinal:
  stamp:
    sec: 3338
    nanosec: 200049743
  speed: 0.0
  acceleration: -1.5
  jerk: 0.0
---
stamp:
  sec: 3338
  nanosec: 250049743
lateral:
  stamp:
    sec: 3338
    nanosec: 250049743
  steering_tire_angle: 0.0
  steering_tire_rotation_rate: 0.0
longitudinal:
  stamp:
    sec: 3338
    nanosec: 250049743
  speed: 0.0
  acceleration: -1.5
  jerk: 0.0
---
stamp:
  sec: 3338
  nanosec: 300049744
lateral:
  stamp:
    sec: 3338
    nanosec: 300049744
  steering_tire_angle: 0.0
  steering_tire_rotation_rate: 0.0
longitudinal:
  stamp:
    sec: 3338
    nanosec: 300049744
  speed: 0.0
  acceleration: -1.5
  jerk: 0.0
---
stamp:
  sec: 3338
  nanosec: 350049745
lateral:
  stamp:
    sec: 3338
    nanosec: 350049745
  steering_tire_angle: 0.0
  steering_tire_rotation_rate: 0.0
longitudinal:
  stamp:
    sec: 3338
    nanosec: 350049745
  speed: 0.0
  acceleration: -1.5
  jerk: 0.0
---
stamp:
  sec: 3338
  nanosec: 400049746
lateral:
  stamp:
    sec: 3338
    nanosec: 400049746
  steering_tire_angle: 0.0
  steering_tire_rotation_rate: 0.0
longitudinal:
  stamp:
    sec: 3338
    nanosec: 400049746
  speed: 0.0
  acceleration: -1.5
  jerk: 0.0
---
stamp:
  sec: 3338
  nanosec: 450049746
lateral:
  stamp:
    sec: 3338
    nanosec: 450049746
  steering_tire_angle: 0.0
  steering_tire_rotation_rate: 0.0
longitudinal:
  stamp:
    sec: 3338
    nanosec: 450049746
  speed: 0.0
  acceleration: -1.5
  jerk: 0.0
---
stamp:
  sec: 3338
  nanosec: 500049747
lateral:
  stamp:
    sec: 3338
    nanosec: 500049747
  steering_tire_angle: 0.0
  steering_tire_rotation_rate: 0.0
longitudinal:
  stamp:
    sec: 3338
    nanosec: 500049747
  speed: 0.0
  acceleration: -1.5
  jerk: 0.0
---
stamp:
  sec: 3338
  nanosec: 550049748
lateral:
  stamp:
    sec: 3338
    nanosec: 550049748
  steering_tire_angle: 0.0
  steering_tire_rotation_rate: 0.0
longitudinal:
  stamp:
    sec: 3338
    nanosec: 550049748
  speed: 0.0
  acceleration: -1.5
  jerk: 0.0
---
stamp:
  sec: 3338
  nanosec: 600049749
lateral:
  stamp:
    sec: 3338
    nanosec: 600049749
  steering_tire_angle: 0.0
  steering_tire_rotation_rate: 0.0
longitudinal:
  stamp:
    sec: 3338
    nanosec: 600049749
  speed: 0.0
  acceleration: -1.5
  jerk: 0.0
---
stamp:
  sec: 3338
  nanosec: 650049749
lateral:
  stamp:
    sec: 3338
    nanosec: 650049749
  steering_tire_angle: 0.0
  steering_tire_rotation_rate: 0.0
longitudinal:
  stamp:
    sec: 3338
    nanosec: 650049749
  speed: 0.0
  acceleration: -1.5
  jerk: 0.0
---
stamp:
  sec: 3338
  nanosec: 700049750
lateral:
  stamp:
    sec: 3338
    nanosec: 700049750
  steering_tire_angle: 0.0
  steering_tire_rotation_rate: 0.0
longitudinal:
  stamp:
    sec: 3338
    nanosec: 700049750
  speed: 0.0
  acceleration: -1.5
  jerk: 0.0
---
stamp:
  sec: 3338
  nanosec: 750049751
lateral:
  stamp:
    sec: 3338
    nanosec: 750049751
  steering_tire_angle: 0.0
  steering_tire_rotation_rate: 0.0
longitudinal:
  stamp:
    sec: 3338
    nanosec: 750049751
  speed: 0.0
  acceleration: -1.5
  jerk: 0.0
---
stamp:
  sec: 3338
  nanosec: 800049751
lateral:
  stamp:
    sec: 3338
    nanosec: 800049751
  steering_tire_angle: 0.0
  steering_tire_rotation_rate: 0.0
longitudinal:
  stamp:
    sec: 3338
    nanosec: 800049751
  speed: 0.0
  acceleration: -1.5
  jerk: 0.0
---
stamp:
  sec: 3338
  nanosec: 850049752
lateral:
  stamp:
    sec: 3338
    nanosec: 850049752
  steering_tire_angle: 0.0
  steering_tire_rotation_rate: 0.0
longitudinal:
  stamp:
    sec: 3338
    nanosec: 850049752
  speed: 0.0
  acceleration: -1.5
  jerk: 0.0
---
stamp:
  sec: 3338
  nanosec: 900049753
lateral:
  stamp:
    sec: 3338
    nanosec: 900049753
  steering_tire_angle: 0.0
  steering_tire_rotation_rate: 0.0
longitudinal:
  stamp:
    sec: 3338
    nanosec: 900049753
  speed: 0.0
  acceleration: -1.5
  jerk: 0.0
---
stamp:
  sec: 3338
  nanosec: 950049754
lateral:
  stamp:
    sec: 3338
    nanosec: 950049754
  steering_tire_angle: 0.0
  steering_tire_rotation_rate: 0.0
longitudinal:
  stamp:
    sec: 3338
    nanosec: 950049754
  speed: 0.0
  acceleration: -1.5
  jerk: 0.0
---
stamp:
  sec: 3339
  nanosec: 49754
lateral:
  stamp:
    sec: 3339
    nanosec: 49754
  steering_tire_angle: 0.0
  steering_tire_rotation_rate: 0.0
longitudinal:
  stamp:
    sec: 3339
    nanosec: 49754
  speed: 0.0
  acceleration: -1.5
  jerk: 0.0
---
stamp:
  sec: 3339
  nanosec: 50049755
lateral:
  stamp:
    sec: 3339
    nanosec: 50049755
  steering_tire_angle: 0.0
  steering_tire_rotation_rate: 0.0
longitudinal:
  stamp:
    sec: 3339
    nanosec: 50049755
  speed: 0.0
  acceleration: -1.5
  jerk: 0.0
---
stamp:
  sec: 3339
  nanosec: 100049756
lateral:
  stamp:
    sec: 3339
    nanosec: 100049756
  steering_tire_angle: 0.0
  steering_tire_rotation_rate: 0.0
longitudinal:
  stamp:
    sec: 3339
    nanosec: 100049756
  speed: 0.0
  acceleration: -1.5
  jerk: 0.0
---
stamp:
  sec: 3339
  nanosec: 150049757
lateral:
  stamp:
    sec: 3339
    nanosec: 150049757
  steering_tire_angle: 0.0
  steering_tire_rotation_rate: 0.0
longitudinal:
  stamp:
    sec: 3339
    nanosec: 150049757
  speed: 0.0
  acceleration: -1.5
  jerk: 0.0
---
stamp:
  sec: 3339
  nanosec: 200049757
lateral:
  stamp:
    sec: 3339
    nanosec: 200049757
  steering_tire_angle: 0.0
  steering_tire_rotation_rate: 0.0
longitudinal:
  stamp:
    sec: 3339
    nanosec: 200049757
  speed: 0.0
  acceleration: -1.5
  jerk: 0.0
---
stamp:
  sec: 3339
  nanosec: 250049758
lateral:
  stamp:
    sec: 3339
    nanosec: 250049758
  steering_tire_angle: 0.0
  steering_tire_rotation_rate: 0.0
longitudinal:
  stamp:
    sec: 3339
    nanosec: 250049758
  speed: 0.0
  acceleration: -1.5
  jerk: 0.0
---
stamp:
  sec: 3339
  nanosec: 300049759
lateral:
  stamp:
    sec: 3339
    nanosec: 300049759
  steering_tire_angle: 0.0
  steering_tire_rotation_rate: 0.0
longitudinal:
  stamp:
    sec: 3339
    nanosec: 300049759
  speed: 0.0
  acceleration: -1.5
  jerk: 0.0
---
stamp:
  sec: 3339
  nanosec: 350049760
lateral:
  stamp:
    sec: 3339
    nanosec: 350049760
  steering_tire_angle: 0.0
  steering_tire_rotation_rate: 0.0
longitudinal:
  stamp:
    sec: 3339
    nanosec: 350049760
  speed: 0.0
  acceleration: -1.5
  jerk: 0.0
---
stamp:
  sec: 3339
  nanosec: 400049760
lateral:
  stamp:
    sec: 3339
    nanosec: 400049760
  steering_tire_angle: 0.0
  steering_tire_rotation_rate: 0.0
longitudinal:
  stamp:
    sec: 3339
    nanosec: 400049760
  speed: 0.0
  acceleration: -1.5
  jerk: 0.0
---
stamp:
  sec: 3339
  nanosec: 450049761
lateral:
  stamp:
    sec: 3339
    nanosec: 450049761
  steering_tire_angle: 0.0
  steering_tire_rotation_rate: 0.0
longitudinal:
  stamp:
    sec: 3339
    nanosec: 450049761
  speed: 0.0
  acceleration: -1.5
  jerk: 0.0
---
stamp:
  sec: 3339
  nanosec: 500049762
lateral:
  stamp:
    sec: 3339
    nanosec: 500049762
  steering_tire_angle: 0.0
  steering_tire_rotation_rate: 0.0
longitudinal:
  stamp:
    sec: 3339
    nanosec: 500049762
  speed: 0.0
  acceleration: -1.5
  jerk: 0.0
---
stamp:
  sec: 3339
  nanosec: 550049763
lateral:
  stamp:
    sec: 3339
    nanosec: 550049763
  steering_tire_angle: 0.0
  steering_tire_rotation_rate: 0.0
longitudinal:
  stamp:
    sec: 3339
    nanosec: 550049763
  speed: 0.0
  acceleration: -1.5
  jerk: 0.0
---
stamp:
  sec: 3339
  nanosec: 600049763
lateral:
  stamp:
    sec: 3339
    nanosec: 600049763
  steering_tire_angle: 0.0
  steering_tire_rotation_rate: 0.0
longitudinal:
  stamp:
    sec: 3339
    nanosec: 600049763
  speed: 0.0
  acceleration: -1.5
  jerk: 0.0
---
stamp:
  sec: 3339
  nanosec: 650049764
lateral:
  stamp:
    sec: 3339
    nanosec: 650049764
  steering_tire_angle: 0.0
  steering_tire_rotation_rate: 0.0
longitudinal:
  stamp:
    sec: 3339
    nanosec: 650049764
  speed: 0.0
  acceleration: -1.5
  jerk: 0.0
---
stamp:
  sec: 3339
  nanosec: 700049765
lateral:
  stamp:
    sec: 3339
    nanosec: 700049765
  steering_tire_angle: 0.0
  steering_tire_rotation_rate: 0.0
longitudinal:
  stamp:
    sec: 3339
    nanosec: 700049765
  speed: 0.0
  acceleration: -1.5
  jerk: 0.0
---
stamp:
  sec: 3339
  nanosec: 750049766
lateral:
  stamp:
    sec: 3339
    nanosec: 750049766
  steering_tire_angle: 0.0
  steering_tire_rotation_rate: 0.0
longitudinal:
  stamp:
    sec: 3339
    nanosec: 750049766
  speed: 0.0
  acceleration: -1.5
  jerk: 0.0
---
stamp:
  sec: 3339
  nanosec: 800049766
lateral:
  stamp:
    sec: 3339
    nanosec: 800049766
  steering_tire_angle: 0.0
  steering_tire_rotation_rate: 0.0
longitudinal:
  stamp:
    sec: 3339
    nanosec: 800049766
  speed: 0.0
  acceleration: -1.5
  jerk: 0.0
---
stamp:
  sec: 3339
  nanosec: 850049767
lateral:
  stamp:
    sec: 3339
    nanosec: 850049767
  steering_tire_angle: 0.0
  steering_tire_rotation_rate: 0.0
longitudinal:
  stamp:
    sec: 3339
    nanosec: 850049767
  speed: 0.0
  acceleration: -1.5
  jerk: 0.0
---
stamp:
  sec: 3339
  nanosec: 900049768
lateral:
  stamp:
    sec: 3339
    nanosec: 900049768
  steering_tire_angle: 0.0
  steering_tire_rotation_rate: 0.0
longitudinal:
  stamp:
    sec: 3339
    nanosec: 900049768
  speed: 0.0
  acceleration: -1.5
  jerk: 0.0
---
stamp:
  sec: 3339
  nanosec: 950049769
lateral:
  stamp:
    sec: 3339
    nanosec: 950049769
  steering_tire_angle: 0.0
  steering_tire_rotation_rate: 0.0
longitudinal:
  stamp:
    sec: 3339
    nanosec: 950049769
  speed: 0.0
  acceleration: -1.5
  jerk: 0.0
---
stamp:
  sec: 3340
  nanosec: 49769
lateral:
  stamp:
    sec: 3340
    nanosec: 49769
  steering_tire_angle: 0.0
  steering_tire_rotation_rate: 0.0
longitudinal:
  stamp:
    sec: 3340
    nanosec: 49769
  speed: 0.0
  acceleration: -1.5
  jerk: 0.0
---
stamp:
  sec: 3340
  nanosec: 50049770
lateral:
  stamp:
    sec: 3340
    nanosec: 50049770
  steering_tire_angle: 0.0
  steering_tire_rotation_rate: 0.0
longitudinal:
  stamp:
    sec: 3340
    nanosec: 50049770
  speed: 0.0
  acceleration: -1.5
  jerk: 0.0
---
stamp:
  sec: 3340
  nanosec: 100049771
lateral:
  stamp:
    sec: 3340
    nanosec: 100049771
  steering_tire_angle: 0.0
  steering_tire_rotation_rate: 0.0
longitudinal:
  stamp:
    sec: 3340
    nanosec: 100049771
  speed: 0.0
  acceleration: -1.5
  jerk: 0.0
---
stamp:
  sec: 3340
  nanosec: 150049772
lateral:
  stamp:
    sec: 3340
    nanosec: 150049772
  steering_tire_angle: 0.0
  steering_tire_rotation_rate: 0.0
longitudinal:
  stamp:
    sec: 3340
    nanosec: 150049772
  speed: 0.0
  acceleration: -1.5
  jerk: 0.0
---
stamp:
  sec: 3340
  nanosec: 200049772
lateral:
  stamp:
    sec: 3340
    nanosec: 200049772
  steering_tire_angle: 0.0
  steering_tire_rotation_rate: 0.0
longitudinal:
  stamp:
    sec: 3340
    nanosec: 200049772
  speed: 0.0
  acceleration: -1.5
  jerk: 0.0
---
stamp:
  sec: 3340
  nanosec: 250049773
lateral:
  stamp:
    sec: 3340
    nanosec: 250049773
  steering_tire_angle: 0.0
  steering_tire_rotation_rate: 0.0
longitudinal:
  stamp:
    sec: 3340
    nanosec: 250049773
  speed: 0.0
  acceleration: -1.5
  jerk: 0.0
---
stamp:
  sec: 3340
  nanosec: 300049774
lateral:
  stamp:
    sec: 3340
    nanosec: 300049774
  steering_tire_angle: 0.0
  steering_tire_rotation_rate: 0.0
longitudinal:
  stamp:
    sec: 3340
    nanosec: 300049774
  speed: 0.0
  acceleration: -1.5
  jerk: 0.0
---
stamp:
  sec: 3340
  nanosec: 350049775
lateral:
  stamp:
    sec: 3340
    nanosec: 350049775
  steering_tire_angle: 0.0
  steering_tire_rotation_rate: 0.0
longitudinal:
  stamp:
    sec: 3340
    nanosec: 350049775
  speed: 0.0
  acceleration: -1.5
  jerk: 0.0
---
stamp:
  sec: 3340
  nanosec: 400049775
lateral:
  stamp:
    sec: 3340
    nanosec: 400049775
  steering_tire_angle: 0.0
  steering_tire_rotation_rate: 0.0
longitudinal:
  stamp:
    sec: 3340
    nanosec: 400049775
  speed: 0.0
  acceleration: -1.5
  jerk: 0.0
---
stamp:
  sec: 3340
  nanosec: 450049776
lateral:
  stamp:
    sec: 3340
    nanosec: 450049776
  steering_tire_angle: 0.0
  steering_tire_rotation_rate: 0.0
longitudinal:
  stamp:
    sec: 3340
    nanosec: 450049776
  speed: 0.0
  acceleration: -1.5
  jerk: 0.0
---
stamp:
  sec: 3340
  nanosec: 500049777
lateral:
  stamp:
    sec: 3340
    nanosec: 500049777
  steering_tire_angle: 0.0
  steering_tire_rotation_rate: 0.0
longitudinal:
  stamp:
    sec: 3340
    nanosec: 500049777
  speed: 0.0
  acceleration: -1.5
  jerk: 0.0
---
stamp:
  sec: 3340
  nanosec: 550049778
lateral:
  stamp:
    sec: 3340
    nanosec: 550049778
  steering_tire_angle: 0.0
  steering_tire_rotation_rate: 0.0
longitudinal:
  stamp:
    sec: 3340
    nanosec: 550049778
  speed: 0.0
  acceleration: -1.5
  jerk: 0.0
---
stamp:
  sec: 3340
  nanosec: 600049778
lateral:
  stamp:
    sec: 3340
    nanosec: 600049778
  steering_tire_angle: 0.0
  steering_tire_rotation_rate: 0.0
longitudinal:
  stamp:
    sec: 3340
    nanosec: 600049778
  speed: 0.0
  acceleration: -1.5
  jerk: 0.0
---
stamp:
  sec: 3340
  nanosec: 650049779
lateral:
  stamp:
    sec: 3340
    nanosec: 650049779
  steering_tire_angle: 0.0
  steering_tire_rotation_rate: 0.0
longitudinal:
  stamp:
    sec: 3340
    nanosec: 650049779
  speed: 0.0
  acceleration: -1.5
  jerk: 0.0
---
stamp:
  sec: 3340
  nanosec: 650049779
lateral:
  stamp:
    sec: 3340
    nanosec: 650049779
  steering_tire_angle: 0.0
  steering_tire_rotation_rate: 0.0
longitudinal:
  stamp:
    sec: 3340
    nanosec: 650049779
  speed: 0.0
  acceleration: -1.5
  jerk: 0.0
---
stamp:
  sec: 3340
  nanosec: 750049781
lateral:
  stamp:
    sec: 3340
    nanosec: 750049781
  steering_tire_angle: 0.0
  steering_tire_rotation_rate: 0.0
longitudinal:
  stamp:
    sec: 3340
    nanosec: 750049781
  speed: 0.0
  acceleration: -1.5
  jerk: 0.0
---
stamp:
  sec: 3340
  nanosec: 800049781
lateral:
  stamp:
    sec: 3340
    nanosec: 800049781
  steering_tire_angle: 0.0
  steering_tire_rotation_rate: 0.0
longitudinal:
  stamp:
    sec: 3340
    nanosec: 800049781
  speed: 0.0
  acceleration: -1.5
  jerk: 0.0
---
stamp:
  sec: 3340
  nanosec: 850049782
lateral:
  stamp:
    sec: 3340
    nanosec: 850049782
  steering_tire_angle: 0.0
  steering_tire_rotation_rate: 0.0
longitudinal:
  stamp:
    sec: 3340
    nanosec: 850049782
  speed: 0.0
  acceleration: -1.5
  jerk: 0.0
---
stamp:
  sec: 3340
  nanosec: 900049783
lateral:
  stamp:
    sec: 3340
    nanosec: 900049783
  steering_tire_angle: 0.0
  steering_tire_rotation_rate: 0.0
longitudinal:
  stamp:
    sec: 3340
    nanosec: 900049783
  speed: 0.0
  acceleration: -1.5
  jerk: 0.0
---
stamp:
  sec: 3340
  nanosec: 950049784
lateral:
  stamp:
    sec: 3340
    nanosec: 950049784
  steering_tire_angle: 0.0
  steering_tire_rotation_rate: 0.0
longitudinal:
  stamp:
    sec: 3340
    nanosec: 950049784
  speed: 0.0
  acceleration: -1.5
  jerk: 0.0
---
stamp:
  sec: 3341
  nanosec: 49784
lateral:
  stamp:
    sec: 3341
    nanosec: 49784
  steering_tire_angle: 0.0
  steering_tire_rotation_rate: 0.0
longitudinal:
  stamp:
    sec: 3341
    nanosec: 49784
  speed: 0.0
  acceleration: -1.5
  jerk: 0.0
---
stamp:
  sec: 3341
  nanosec: 50049785
lateral:
  stamp:
    sec: 3341
    nanosec: 50049785
  steering_tire_angle: 0.0
  steering_tire_rotation_rate: 0.0
longitudinal:
  stamp:
    sec: 3341
    nanosec: 50049785
  speed: 0.0
  acceleration: -1.5
  jerk: 0.0
---
stamp:
  sec: 3341
  nanosec: 100049786
lateral:
  stamp:
    sec: 3341
    nanosec: 100049786
  steering_tire_angle: 0.0
  steering_tire_rotation_rate: 0.0
longitudinal:
  stamp:
    sec: 3341
    nanosec: 100049786
  speed: 0.0
  acceleration: -1.5
  jerk: 0.0
---
stamp:
  sec: 3341
  nanosec: 150049787
lateral:
  stamp:
    sec: 3341
    nanosec: 150049787
  steering_tire_angle: 0.0
  steering_tire_rotation_rate: 0.0
longitudinal:
  stamp:
    sec: 3341
    nanosec: 150049787
  speed: 0.0
  acceleration: -1.5
  jerk: 0.0
---
stamp:
  sec: 3341
  nanosec: 200049787
lateral:
  stamp:
    sec: 3341
    nanosec: 200049787
  steering_tire_angle: 0.0
  steering_tire_rotation_rate: 0.0
longitudinal:
  stamp:
    sec: 3341
    nanosec: 200049787
  speed: 0.0
  acceleration: -1.5
  jerk: 0.0
---
stamp:
  sec: 3341
  nanosec: 250049788
lateral:
  stamp:
    sec: 3341
    nanosec: 250049788
  steering_tire_angle: 0.0
  steering_tire_rotation_rate: 0.0
longitudinal:
  stamp:
    sec: 3341
    nanosec: 250049788
  speed: 0.0
  acceleration: -1.5
  jerk: 0.0
---
stamp:
  sec: 3341
  nanosec: 300049789
lateral:
  stamp:
    sec: 3341
    nanosec: 300049789
  steering_tire_angle: 0.0
  steering_tire_rotation_rate: 0.0
longitudinal:
  stamp:
    sec: 3341
    nanosec: 300049789
  speed: 0.0
  acceleration: -1.5
  jerk: 0.0
---
stamp:
  sec: 3341
  nanosec: 350049789
lateral:
  stamp:
    sec: 3341
    nanosec: 350049789
  steering_tire_angle: 0.0
  steering_tire_rotation_rate: 0.0
longitudinal:
  stamp:
    sec: 3341
    nanosec: 350049789
  speed: 0.0
  acceleration: -1.5
  jerk: 0.0
---
stamp:
  sec: 3341
  nanosec: 400049790
lateral:
  stamp:
    sec: 3341
    nanosec: 400049790
  steering_tire_angle: 0.0
  steering_tire_rotation_rate: 0.0
longitudinal:
  stamp:
    sec: 3341
    nanosec: 400049790
  speed: 0.0
  acceleration: -1.5
  jerk: 0.0
---
stamp:
  sec: 3341
  nanosec: 450049791
lateral:
  stamp:
    sec: 3341
    nanosec: 450049791
  steering_tire_angle: 0.0
  steering_tire_rotation_rate: 0.0
longitudinal:
  stamp:
    sec: 3341
    nanosec: 450049791
  speed: 0.0
  acceleration: -1.5
  jerk: 0.0
---
stamp:
  sec: 3341
  nanosec: 500049792
lateral:
  stamp:
    sec: 3341
    nanosec: 500049792
  steering_tire_angle: 0.0
  steering_tire_rotation_rate: 0.0
longitudinal:
  stamp:
    sec: 3341
    nanosec: 500049792
  speed: 0.0
  acceleration: -1.5
  jerk: 0.0
---
stamp:
  sec: 3341
  nanosec: 550049792
lateral:
  stamp:
    sec: 3341
    nanosec: 550049792
  steering_tire_angle: 0.0
  steering_tire_rotation_rate: 0.0
longitudinal:
  stamp:
    sec: 3341
    nanosec: 550049792
  speed: 0.0
  acceleration: -1.5
  jerk: 0.0
---
stamp:
  sec: 3341
  nanosec: 600049793
lateral:
  stamp:
    sec: 3341
    nanosec: 600049793
  steering_tire_angle: 0.0
  steering_tire_rotation_rate: 0.0
longitudinal:
  stamp:
    sec: 3341
    nanosec: 600049793
  speed: 0.0
  acceleration: -1.5
  jerk: 0.0
---
stamp:
  sec: 3341
  nanosec: 650049794
lateral:
  stamp:
    sec: 3341
    nanosec: 650049794
  steering_tire_angle: 0.0
  steering_tire_rotation_rate: 0.0
longitudinal:
  stamp:
    sec: 3341
    nanosec: 650049794
  speed: 0.0
  acceleration: -1.5
  jerk: 0.0
---
stamp:
  sec: 3341
  nanosec: 700049795
lateral:
  stamp:
    sec: 3341
    nanosec: 700049795
  steering_tire_angle: 0.0
  steering_tire_rotation_rate: 0.0
longitudinal:
  stamp:
    sec: 3341
    nanosec: 700049795
  speed: 0.0
  acceleration: -1.5
  jerk: 0.0
---
stamp:
  sec: 3341
  nanosec: 750049795
lateral:
  stamp:
    sec: 3341
    nanosec: 750049795
  steering_tire_angle: 0.0
  steering_tire_rotation_rate: 0.0
longitudinal:
  stamp:
    sec: 3341
    nanosec: 750049795
  speed: 0.0
  acceleration: -1.5
  jerk: 0.0
---
stamp:
  sec: 3341
  nanosec: 800049796
lateral:
  stamp:
    sec: 3341
    nanosec: 800049796
  steering_tire_angle: 0.0
  steering_tire_rotation_rate: 0.0
longitudinal:
  stamp:
    sec: 3341
    nanosec: 800049796
  speed: 0.0
  acceleration: -1.5
  jerk: 0.0
---
stamp:
  sec: 3341
  nanosec: 850049797
lateral:
  stamp:
    sec: 3341
    nanosec: 850049797
  steering_tire_angle: 0.0
  steering_tire_rotation_rate: 0.0
longitudinal:
  stamp:
    sec: 3341
    nanosec: 850049797
  speed: 0.0
  acceleration: -1.5
  jerk: 0.0
---
stamp:
  sec: 3341
  nanosec: 900049798
lateral:
  stamp:
    sec: 3341
    nanosec: 900049798
  steering_tire_angle: 0.0
  steering_tire_rotation_rate: 0.0
longitudinal:
  stamp:
    sec: 3341
    nanosec: 900049798
  speed: 0.0
  acceleration: -1.5
  jerk: 0.0
---
stamp:
  sec: 3341
  nanosec: 950049798
lateral:
  stamp:
    sec: 3341
    nanosec: 950049798
  steering_tire_angle: 0.0
  steering_tire_rotation_rate: 0.0
longitudinal:
  stamp:
    sec: 3341
    nanosec: 950049798
  speed: 0.0
  acceleration: -1.5
  jerk: 0.0
---
stamp:
  sec: 3342
  nanosec: 49799
lateral:
  stamp:
    sec: 3342
    nanosec: 49799
  steering_tire_angle: 0.0
  steering_tire_rotation_rate: 0.0
longitudinal:
  stamp:
    sec: 3342
    nanosec: 49799
  speed: 0.0
  acceleration: -1.5
  jerk: 0.0
---
stamp:
  sec: 3342
  nanosec: 50049800
lateral:
  stamp:
    sec: 3342
    nanosec: 50049800
  steering_tire_angle: 0.0
  steering_tire_rotation_rate: 0.0
longitudinal:
  stamp:
    sec: 3342
    nanosec: 50049800
  speed: 0.0
  acceleration: -1.5
  jerk: 0.0
---
stamp:
  sec: 3342
  nanosec: 100049801
lateral:
  stamp:
    sec: 3342
    nanosec: 100049801
  steering_tire_angle: 0.0
  steering_tire_rotation_rate: 0.0
longitudinal:
  stamp:
    sec: 3342
    nanosec: 100049801
  speed: 0.0
  acceleration: -1.5
  jerk: 0.0
---
stamp:
  sec: 3342
  nanosec: 150049801
lateral:
  stamp:
    sec: 3342
    nanosec: 150049801
  steering_tire_angle: 0.0
  steering_tire_rotation_rate: 0.0
longitudinal:
  stamp:
    sec: 3342
    nanosec: 150049801
  speed: 0.0
  acceleration: -1.5
  jerk: 0.0
---
stamp:
  sec: 3342
  nanosec: 200049802
lateral:
  stamp:
    sec: 3342
    nanosec: 200049802
  steering_tire_angle: 0.0
  steering_tire_rotation_rate: 0.0
longitudinal:
  stamp:
    sec: 3342
    nanosec: 200049802
  speed: 0.0
  acceleration: -1.5
  jerk: 0.0
---
stamp:
  sec: 3342
  nanosec: 250049803
lateral:
  stamp:
    sec: 3342
    nanosec: 250049803
  steering_tire_angle: 0.0
  steering_tire_rotation_rate: 0.0
longitudinal:
  stamp:
    sec: 3342
    nanosec: 250049803
  speed: 0.0
  acceleration: -1.5
  jerk: 0.0
---
stamp:
  sec: 3342
  nanosec: 300049804
lateral:
  stamp:
    sec: 3342
    nanosec: 300049804
  steering_tire_angle: 0.0
  steering_tire_rotation_rate: 0.0
longitudinal:
  stamp:
    sec: 3342
    nanosec: 300049804
  speed: 0.0
  acceleration: -1.5
  jerk: 0.0
---
stamp:
  sec: 3342
  nanosec: 350049804
lateral:
  stamp:
    sec: 3342
    nanosec: 350049804
  steering_tire_angle: 0.0
  steering_tire_rotation_rate: 0.0
longitudinal:
  stamp:
    sec: 3342
    nanosec: 350049804
  speed: 0.0
  acceleration: -1.5
  jerk: 0.0
---
stamp:
  sec: 3342
  nanosec: 400049805
lateral:
  stamp:
    sec: 3342
    nanosec: 400049805
  steering_tire_angle: 0.0
  steering_tire_rotation_rate: 0.0
longitudinal:
  stamp:
    sec: 3342
    nanosec: 400049805
  speed: 0.0
  acceleration: -1.5
  jerk: 0.0
---
stamp:
  sec: 3342
  nanosec: 450049806
lateral:
  stamp:
    sec: 3342
    nanosec: 450049806
  steering_tire_angle: 0.0
  steering_tire_rotation_rate: 0.0
longitudinal:
  stamp:
    sec: 3342
    nanosec: 450049806
  speed: 0.0
  acceleration: -1.5
  jerk: 0.0
---
stamp:
  sec: 3342
  nanosec: 500049807
lateral:
  stamp:
    sec: 3342
    nanosec: 500049807
  steering_tire_angle: 0.0
  steering_tire_rotation_rate: 0.0
longitudinal:
  stamp:
    sec: 3342
    nanosec: 500049807
  speed: 0.0
  acceleration: -1.5
  jerk: 0.0
---
stamp:
  sec: 3342
  nanosec: 550049807
lateral:
  stamp:
    sec: 3342
    nanosec: 550049807
  steering_tire_angle: 0.0
  steering_tire_rotation_rate: 0.0
longitudinal:
  stamp:
    sec: 3342
    nanosec: 550049807
  speed: 0.0
  acceleration: -1.5
  jerk: 0.0
---
stamp:
  sec: 3342
  nanosec: 600049808
lateral:
  stamp:
    sec: 3342
    nanosec: 600049808
  steering_tire_angle: 0.0
  steering_tire_rotation_rate: 0.0
longitudinal:
  stamp:
    sec: 3342
    nanosec: 600049808
  speed: 0.0
  acceleration: -1.5
  jerk: 0.0
---
stamp:
  sec: 3342
  nanosec: 650049809
lateral:
  stamp:
    sec: 3342
    nanosec: 650049809
  steering_tire_angle: 0.0
  steering_tire_rotation_rate: 0.0
longitudinal:
  stamp:
    sec: 3342
    nanosec: 650049809
  speed: 0.0
  acceleration: -1.5
  jerk: 0.0
---
stamp:
  sec: 3342
  nanosec: 700049810
lateral:
  stamp:
    sec: 3342
    nanosec: 700049810
  steering_tire_angle: 0.0
  steering_tire_rotation_rate: 0.0
longitudinal:
  stamp:
    sec: 3342
    nanosec: 700049810
  speed: 0.0
  acceleration: -1.5
  jerk: 0.0
---
stamp:
  sec: 3342
  nanosec: 750049810
lateral:
  stamp:
    sec: 3342
    nanosec: 750049810
  steering_tire_angle: 0.0
  steering_tire_rotation_rate: 0.0
longitudinal:
  stamp:
    sec: 3342
    nanosec: 750049810
  speed: 0.0
  acceleration: -1.5
  jerk: 0.0
---
stamp:
  sec: 3342
  nanosec: 800049811
lateral:
  stamp:
    sec: 3342
    nanosec: 800049811
  steering_tire_angle: 0.0
  steering_tire_rotation_rate: 0.0
longitudinal:
  stamp:
    sec: 3342
    nanosec: 800049811
  speed: 0.0
  acceleration: -1.5
  jerk: 0.0
---
stamp:
  sec: 3342
  nanosec: 850049812
lateral:
  stamp:
    sec: 3342
    nanosec: 850049812
  steering_tire_angle: 0.0
  steering_tire_rotation_rate: 0.0
longitudinal:
  stamp:
    sec: 3342
    nanosec: 850049812
  speed: 0.0
  acceleration: -1.5
  jerk: 0.0
---
stamp:
  sec: 3342
  nanosec: 900049813
lateral:
  stamp:
    sec: 3342
    nanosec: 900049813
  steering_tire_angle: 0.0
  steering_tire_rotation_rate: 0.0
longitudinal:
  stamp:
    sec: 3342
    nanosec: 900049813
  speed: 0.0
  acceleration: -1.5
  jerk: 0.0
---
stamp:
  sec: 3342
  nanosec: 950049813
lateral:
  stamp:
    sec: 3342
    nanosec: 950049813
  steering_tire_angle: 0.0
  steering_tire_rotation_rate: 0.0
longitudinal:
  stamp:
    sec: 3342
    nanosec: 950049813
  speed: 0.0
  acceleration: -1.5
  jerk: 0.0
---
stamp:
  sec: 3343
  nanosec: 49814
lateral:
  stamp:
    sec: 3343
    nanosec: 49814
  steering_tire_angle: 0.0
  steering_tire_rotation_rate: 0.0
longitudinal:
  stamp:
    sec: 3343
    nanosec: 49814
  speed: 0.0
  acceleration: -1.5
  jerk: 0.0
---
stamp:
  sec: 3343
  nanosec: 50049815
lateral:
  stamp:
    sec: 3343
    nanosec: 50049815
  steering_tire_angle: 0.0
  steering_tire_rotation_rate: 0.0
longitudinal:
  stamp:
    sec: 3343
    nanosec: 50049815
  speed: 0.0
  acceleration: -1.5
  jerk: 0.0
---
stamp:
  sec: 3343
  nanosec: 100049816
lateral:
  stamp:
    sec: 3343
    nanosec: 100049816
  steering_tire_angle: 0.0
  steering_tire_rotation_rate: 0.0
longitudinal:
  stamp:
    sec: 3343
    nanosec: 100049816
  speed: 0.0
  acceleration: -1.5
  jerk: 0.0
---
stamp:
  sec: 3343
  nanosec: 150049816
lateral:
  stamp:
    sec: 3343
    nanosec: 150049816
  steering_tire_angle: 0.0
  steering_tire_rotation_rate: 0.0
longitudinal:
  stamp:
    sec: 3343
    nanosec: 150049816
  speed: 0.0
  acceleration: -1.5
  jerk: 0.0
---
stamp:
  sec: 3343
  nanosec: 200049817
lateral:
  stamp:
    sec: 3343
    nanosec: 200049817
  steering_tire_angle: 0.0
  steering_tire_rotation_rate: 0.0
longitudinal:
  stamp:
    sec: 3343
    nanosec: 200049817
  speed: 0.0
  acceleration: -1.5
  jerk: 0.0
---
stamp:
  sec: 3343
  nanosec: 250049818
lateral:
  stamp:
    sec: 3343
    nanosec: 250049818
  steering_tire_angle: 0.0
  steering_tire_rotation_rate: 0.0
longitudinal:
  stamp:
    sec: 3343
    nanosec: 250049818
  speed: 0.0
  acceleration: -1.5
  jerk: 0.0
---
stamp:
  sec: 3343
  nanosec: 300049819
lateral:
  stamp:
    sec: 3343
    nanosec: 300049819
  steering_tire_angle: 0.0
  steering_tire_rotation_rate: 0.0
longitudinal:
  stamp:
    sec: 3343
    nanosec: 300049819
  speed: 0.0
  acceleration: -1.5
  jerk: 0.0
---
stamp:
  sec: 3343
  nanosec: 350049819
lateral:
  stamp:
    sec: 3343
    nanosec: 350049819
  steering_tire_angle: 0.0
  steering_tire_rotation_rate: 0.0
longitudinal:
  stamp:
    sec: 3343
    nanosec: 350049819
  speed: 0.0
  acceleration: -1.5
  jerk: 0.0
---
stamp:
  sec: 3343
  nanosec: 400049820
lateral:
  stamp:
    sec: 3343
    nanosec: 400049820
  steering_tire_angle: 0.0
  steering_tire_rotation_rate: 0.0
longitudinal:
  stamp:
    sec: 3343
    nanosec: 400049820
  speed: 0.0
  acceleration: -1.5
  jerk: 0.0
---
stamp:
  sec: 3343
  nanosec: 450049821
lateral:
  stamp:
    sec: 3343
    nanosec: 450049821
  steering_tire_angle: 0.0
  steering_tire_rotation_rate: 0.0
longitudinal:
  stamp:
    sec: 3343
    nanosec: 450049821
  speed: 0.0
  acceleration: -1.5
  jerk: 0.0
---
stamp:
  sec: 3343
  nanosec: 500049822
lateral:
  stamp:
    sec: 3343
    nanosec: 500049822
  steering_tire_angle: 0.0
  steering_tire_rotation_rate: 0.0
longitudinal:
  stamp:
    sec: 3343
    nanosec: 500049822
  speed: 0.0
  acceleration: -1.5
  jerk: 0.0
---
stamp:
  sec: 3343
  nanosec: 550049822
lateral:
  stamp:
    sec: 3343
    nanosec: 550049822
  steering_tire_angle: 0.0
  steering_tire_rotation_rate: 0.0
longitudinal:
  stamp:
    sec: 3343
    nanosec: 550049822
  speed: 0.0
  acceleration: -1.5
  jerk: 0.0
---
stamp:
  sec: 3343
  nanosec: 600049823
lateral:
  stamp:
    sec: 3343
    nanosec: 600049823
  steering_tire_angle: 0.0
  steering_tire_rotation_rate: 0.0
longitudinal:
  stamp:
    sec: 3343
    nanosec: 600049823
  speed: 0.0
  acceleration: -1.5
  jerk: 0.0
---
stamp:
  sec: 3343
  nanosec: 650049824
lateral:
  stamp:
    sec: 3343
    nanosec: 650049824
  steering_tire_angle: 0.0
  steering_tire_rotation_rate: 0.0
longitudinal:
  stamp:
    sec: 3343
    nanosec: 650049824
  speed: 0.0
  acceleration: -1.5
  jerk: 0.0
---
stamp:
  sec: 3343
  nanosec: 700049825
lateral:
  stamp:
    sec: 3343
    nanosec: 700049825
  steering_tire_angle: 0.0
  steering_tire_rotation_rate: 0.0
longitudinal:
  stamp:
    sec: 3343
    nanosec: 700049825
  speed: 0.0
  acceleration: -1.5
  jerk: 0.0
---
stamp:
  sec: 3343
  nanosec: 750049825
lateral:
  stamp:
    sec: 3343
    nanosec: 750049825
  steering_tire_angle: 0.0
  steering_tire_rotation_rate: 0.0
longitudinal:
  stamp:
    sec: 3343
    nanosec: 750049825
  speed: 0.0
  acceleration: -1.5
  jerk: 0.0
---
stamp:
  sec: 3343
  nanosec: 800049826
lateral:
  stamp:
    sec: 3343
    nanosec: 800049826
  steering_tire_angle: 0.0
  steering_tire_rotation_rate: 0.0
longitudinal:
  stamp:
    sec: 3343
    nanosec: 800049826
  speed: 0.0
  acceleration: -1.5
  jerk: 0.0
---
stamp:
  sec: 3343
  nanosec: 850049827
lateral:
  stamp:
    sec: 3343
    nanosec: 850049827
  steering_tire_angle: 0.0
  steering_tire_rotation_rate: 0.0
longitudinal:
  stamp:
    sec: 3343
    nanosec: 850049827
  speed: 0.0
  acceleration: -1.5
  jerk: 0.0
---
stamp:
  sec: 3343
  nanosec: 900049827
lateral:
  stamp:
    sec: 3343
    nanosec: 900049827
  steering_tire_angle: 0.0
  steering_tire_rotation_rate: 0.0
longitudinal:
  stamp:
    sec: 3343
    nanosec: 900049827
  speed: 0.0
  acceleration: -1.5
  jerk: 0.0
---
stamp:
  sec: 3343
  nanosec: 950049828
lateral:
  stamp:
    sec: 3343
    nanosec: 950049828
  steering_tire_angle: 0.0
  steering_tire_rotation_rate: 0.0
longitudinal:
  stamp:
    sec: 3343
    nanosec: 950049828
  speed: 0.0
  acceleration: -1.5
  jerk: 0.0
---
stamp:
  sec: 3344
  nanosec: 49829
lateral:
  stamp:
    sec: 3344
    nanosec: 49829
  steering_tire_angle: 0.0
  steering_tire_rotation_rate: 0.0
longitudinal:
  stamp:
    sec: 3344
    nanosec: 49829
  speed: 0.0
  acceleration: -1.5
  jerk: 0.0
---
stamp:
  sec: 3344
  nanosec: 50049830
lateral:
  stamp:
    sec: 3344
    nanosec: 50049830
  steering_tire_angle: 0.0
  steering_tire_rotation_rate: 0.0
longitudinal:
  stamp:
    sec: 3344
    nanosec: 50049830
  speed: 0.0
  acceleration: -1.5
  jerk: 0.0
---
stamp:
  sec: 3344
  nanosec: 100049830
lateral:
  stamp:
    sec: 3344
    nanosec: 100049830
  steering_tire_angle: 0.0
  steering_tire_rotation_rate: 0.0
longitudinal:
  stamp:
    sec: 3344
    nanosec: 100049830
  speed: 0.0
  acceleration: -1.5
  jerk: 0.0
---
stamp:
  sec: 3344
  nanosec: 150049831
lateral:
  stamp:
    sec: 3344
    nanosec: 150049831
  steering_tire_angle: 0.0
  steering_tire_rotation_rate: 0.0
longitudinal:
  stamp:
    sec: 3344
    nanosec: 150049831
  speed: 0.0
  acceleration: -1.5
  jerk: 0.0
---
stamp:
  sec: 3344
  nanosec: 200049832
lateral:
  stamp:
    sec: 3344
    nanosec: 200049832
  steering_tire_angle: 0.0
  steering_tire_rotation_rate: 0.0
longitudinal:
  stamp:
    sec: 3344
    nanosec: 200049832
  speed: 0.0
  acceleration: -1.5
  jerk: 0.0
---
stamp:
  sec: 3344
  nanosec: 250049833
lateral:
  stamp:
    sec: 3344
    nanosec: 250049833
  steering_tire_angle: 0.0
  steering_tire_rotation_rate: 0.0
longitudinal:
  stamp:
    sec: 3344
    nanosec: 250049833
  speed: 0.0
  acceleration: -1.5
  jerk: 0.0
---
stamp:
  sec: 3344
  nanosec: 300049833
lateral:
  stamp:
    sec: 3344
    nanosec: 300049833
  steering_tire_angle: 0.0
  steering_tire_rotation_rate: 0.0
longitudinal:
  stamp:
    sec: 3344
    nanosec: 300049833
  speed: 0.0
  acceleration: -1.5
  jerk: 0.0
---
stamp:
  sec: 3344
  nanosec: 350049834
lateral:
  stamp:
    sec: 3344
    nanosec: 350049834
  steering_tire_angle: 0.0
  steering_tire_rotation_rate: 0.0
longitudinal:
  stamp:
    sec: 3344
    nanosec: 350049834
  speed: 0.0
  acceleration: -1.5
  jerk: 0.0
---
stamp:
  sec: 3344
  nanosec: 400049835
lateral:
  stamp:
    sec: 3344
    nanosec: 400049835
  steering_tire_angle: 0.0
  steering_tire_rotation_rate: 0.0
longitudinal:
  stamp:
    sec: 3344
    nanosec: 400049835
  speed: 0.0
  acceleration: -1.5
  jerk: 0.0
---
stamp:
  sec: 3344
  nanosec: 450049836
lateral:
  stamp:
    sec: 3344
    nanosec: 450049836
  steering_tire_angle: 0.0
  steering_tire_rotation_rate: 0.0
longitudinal:
  stamp:
    sec: 3344
    nanosec: 450049836
  speed: 0.0
  acceleration: -1.5
  jerk: 0.0
---
stamp:
  sec: 3344
  nanosec: 500049836
lateral:
  stamp:
    sec: 3344
    nanosec: 500049836
  steering_tire_angle: 0.0
  steering_tire_rotation_rate: 0.0
longitudinal:
  stamp:
    sec: 3344
    nanosec: 500049836
  speed: 0.0
  acceleration: -1.5
  jerk: 0.0
---
stamp:
  sec: 3344
  nanosec: 550049837
lateral:
  stamp:
    sec: 3344
    nanosec: 550049837
  steering_tire_angle: 0.0
  steering_tire_rotation_rate: 0.0
longitudinal:
  stamp:
    sec: 3344
    nanosec: 550049837
  speed: 0.0
  acceleration: -1.5
  jerk: 0.0
---
stamp:
  sec: 3344
  nanosec: 600049838
lateral:
  stamp:
    sec: 3344
    nanosec: 600049838
  steering_tire_angle: 0.0
  steering_tire_rotation_rate: 0.0
longitudinal:
  stamp:
    sec: 3344
    nanosec: 600049838
  speed: 0.0
  acceleration: -1.5
  jerk: 0.0
---
stamp:
  sec: 3344
  nanosec: 650049839
lateral:
  stamp:
    sec: 3344
    nanosec: 650049839
  steering_tire_angle: 0.0
  steering_tire_rotation_rate: 0.0
longitudinal:
  stamp:
    sec: 3344
    nanosec: 650049839
  speed: 0.0
  acceleration: -1.5
  jerk: 0.0
---
stamp:
  sec: 3344
  nanosec: 700049839
lateral:
  stamp:
    sec: 3344
    nanosec: 700049839
  steering_tire_angle: 0.0
  steering_tire_rotation_rate: 0.0
longitudinal:
  stamp:
    sec: 3344
    nanosec: 700049839
  speed: 0.0
  acceleration: -1.5
  jerk: 0.0
---
stamp:
  sec: 3344
  nanosec: 750049840
lateral:
  stamp:
    sec: 3344
    nanosec: 750049840
  steering_tire_angle: 0.0
  steering_tire_rotation_rate: 0.0
longitudinal:
  stamp:
    sec: 3344
    nanosec: 750049840
  speed: 0.0
  acceleration: -1.5
  jerk: 0.0
---
stamp:
  sec: 3344
  nanosec: 800049841
lateral:
  stamp:
    sec: 3344
    nanosec: 800049841
  steering_tire_angle: 0.0
  steering_tire_rotation_rate: 0.0
longitudinal:
  stamp:
    sec: 3344
    nanosec: 800049841
  speed: 0.0
  acceleration: -1.5
  jerk: 0.0
---
stamp:
  sec: 3344
  nanosec: 850049842
lateral:
  stamp:
    sec: 3344
    nanosec: 850049842
  steering_tire_angle: 0.0
  steering_tire_rotation_rate: 0.0
longitudinal:
  stamp:
    sec: 3344
    nanosec: 850049842
  speed: 0.0
  acceleration: -1.5
  jerk: 0.0
---
stamp:
  sec: 3344
  nanosec: 900049842
lateral:
  stamp:
    sec: 3344
    nanosec: 900049842
  steering_tire_angle: 0.0
  steering_tire_rotation_rate: 0.0
longitudinal:
  stamp:
    sec: 3344
    nanosec: 900049842
  speed: 0.0
  acceleration: -1.5
  jerk: 0.0
---
stamp:
  sec: 3344
  nanosec: 950049843
lateral:
  stamp:
    sec: 3344
    nanosec: 950049843
  steering_tire_angle: 0.0
  steering_tire_rotation_rate: 0.0
longitudinal:
  stamp:
    sec: 3344
    nanosec: 950049843
  speed: 0.0
  acceleration: -1.5
  jerk: 0.0
---
stamp:
  sec: 3345
  nanosec: 49844
lateral:
  stamp:
    sec: 3345
    nanosec: 49844
  steering_tire_angle: 0.0
  steering_tire_rotation_rate: 0.0
longitudinal:
  stamp:
    sec: 3345
    nanosec: 49844
  speed: 0.0
  acceleration: -1.5
  jerk: 0.0
---
stamp:
  sec: 3345
  nanosec: 50049845
lateral:
  stamp:
    sec: 3345
    nanosec: 50049845
  steering_tire_angle: 0.0
  steering_tire_rotation_rate: 0.0
longitudinal:
  stamp:
    sec: 3345
    nanosec: 50049845
  speed: 0.0
  acceleration: -1.5
  jerk: 0.0
---
stamp:
  sec: 3345
  nanosec: 100049845
lateral:
  stamp:
    sec: 3345
    nanosec: 100049845
  steering_tire_angle: 0.0
  steering_tire_rotation_rate: 0.0
longitudinal:
  stamp:
    sec: 3345
    nanosec: 100049845
  speed: 0.0
  acceleration: -1.5
  jerk: 0.0
---
stamp:
  sec: 3345
  nanosec: 150049846
lateral:
  stamp:
    sec: 3345
    nanosec: 150049846
  steering_tire_angle: 0.0
  steering_tire_rotation_rate: 0.0
longitudinal:
  stamp:
    sec: 3345
    nanosec: 150049846
  speed: 0.0
  acceleration: -1.5
  jerk: 0.0
---
stamp:
  sec: 3345
  nanosec: 200049847
lateral:
  stamp:
    sec: 3345
    nanosec: 200049847
  steering_tire_angle: 0.0
  steering_tire_rotation_rate: 0.0
longitudinal:
  stamp:
    sec: 3345
    nanosec: 200049847
  speed: 0.0
  acceleration: -1.5
  jerk: 0.0
---
stamp:
  sec: 3345
  nanosec: 250049848
lateral:
  stamp:
    sec: 3345
    nanosec: 250049848
  steering_tire_angle: 0.0
  steering_tire_rotation_rate: 0.0
longitudinal:
  stamp:
    sec: 3345
    nanosec: 250049848
  speed: 0.0
  acceleration: -1.5
  jerk: 0.0
---
stamp:
  sec: 3345
  nanosec: 300049848
lateral:
  stamp:
    sec: 3345
    nanosec: 300049848
  steering_tire_angle: 0.0
  steering_tire_rotation_rate: 0.0
longitudinal:
  stamp:
    sec: 3345
    nanosec: 300049848
  speed: 0.0
  acceleration: -1.5
  jerk: 0.0
---
stamp:
  sec: 3345
  nanosec: 350049849
lateral:
  stamp:
    sec: 3345
    nanosec: 350049849
  steering_tire_angle: 0.0
  steering_tire_rotation_rate: 0.0
longitudinal:
  stamp:
    sec: 3345
    nanosec: 350049849
  speed: 0.0
  acceleration: -1.5
  jerk: 0.0
---
stamp:
  sec: 3345
  nanosec: 400049850
lateral:
  stamp:
    sec: 3345
    nanosec: 400049850
  steering_tire_angle: 0.0
  steering_tire_rotation_rate: 0.0
longitudinal:
  stamp:
    sec: 3345
    nanosec: 400049850
  speed: 0.0
  acceleration: -1.5
  jerk: 0.0
---
stamp:
  sec: 3345
  nanosec: 450049851
lateral:
  stamp:
    sec: 3345
    nanosec: 450049851
  steering_tire_angle: 0.0
  steering_tire_rotation_rate: 0.0
longitudinal:
  stamp:
    sec: 3345
    nanosec: 450049851
  speed: 0.0
  acceleration: -1.5
  jerk: 0.0
---
stamp:
  sec: 3345
  nanosec: 500049851
lateral:
  stamp:
    sec: 3345
    nanosec: 500049851
  steering_tire_angle: 0.0
  steering_tire_rotation_rate: 0.0
longitudinal:
  stamp:
    sec: 3345
    nanosec: 500049851
  speed: 0.0
  acceleration: -1.5
  jerk: 0.0
---
stamp:
  sec: 3345
  nanosec: 550049852
lateral:
  stamp:
    sec: 3345
    nanosec: 550049852
  steering_tire_angle: 0.0
  steering_tire_rotation_rate: 0.0
longitudinal:
  stamp:
    sec: 3345
    nanosec: 550049852
  speed: 0.0
  acceleration: -1.5
  jerk: 0.0
---
stamp:
  sec: 3345
  nanosec: 600049853
lateral:
  stamp:
    sec: 3345
    nanosec: 600049853
  steering_tire_angle: 0.0
  steering_tire_rotation_rate: 0.0
longitudinal:
  stamp:
    sec: 3345
    nanosec: 600049853
  speed: 0.0
  acceleration: -1.5
  jerk: 0.0
---
stamp:
  sec: 3345
  nanosec: 650049854
lateral:
  stamp:
    sec: 3345
    nanosec: 650049854
  steering_tire_angle: 0.0
  steering_tire_rotation_rate: 0.0
longitudinal:
  stamp:
    sec: 3345
    nanosec: 650049854
  speed: 0.0
  acceleration: -1.5
  jerk: 0.0
---
stamp:
  sec: 3345
  nanosec: 700049854
lateral:
  stamp:
    sec: 3345
    nanosec: 700049854
  steering_tire_angle: 0.0
  steering_tire_rotation_rate: 0.0
longitudinal:
  stamp:
    sec: 3345
    nanosec: 700049854
  speed: 0.0
  acceleration: -1.5
  jerk: 0.0
---
stamp:
  sec: 3345
  nanosec: 750049855
lateral:
  stamp:
    sec: 3345
    nanosec: 750049855
  steering_tire_angle: 0.0
  steering_tire_rotation_rate: 0.0
longitudinal:
  stamp:
    sec: 3345
    nanosec: 750049855
  speed: 0.0
  acceleration: -1.5
  jerk: 0.0
---
stamp:
  sec: 3345
  nanosec: 800049856
lateral:
  stamp:
    sec: 3345
    nanosec: 800049856
  steering_tire_angle: 0.0
  steering_tire_rotation_rate: 0.0
longitudinal:
  stamp:
    sec: 3345
    nanosec: 800049856
  speed: 0.0
  acceleration: -1.5
  jerk: 0.0
---
stamp:
  sec: 3345
  nanosec: 850049857
lateral:
  stamp:
    sec: 3345
    nanosec: 850049857
  steering_tire_angle: 0.0
  steering_tire_rotation_rate: 0.0
longitudinal:
  stamp:
    sec: 3345
    nanosec: 850049857
  speed: 0.0
  acceleration: -1.5
  jerk: 0.0
---
stamp:
  sec: 3345
  nanosec: 900049857
lateral:
  stamp:
    sec: 3345
    nanosec: 900049857
  steering_tire_angle: 0.0
  steering_tire_rotation_rate: 0.0
longitudinal:
  stamp:
    sec: 3345
    nanosec: 900049857
  speed: 0.0
  acceleration: -1.5
  jerk: 0.0
---
stamp:
  sec: 3345
  nanosec: 950049858
lateral:
  stamp:
    sec: 3345
    nanosec: 950049858
  steering_tire_angle: 0.0
  steering_tire_rotation_rate: 0.0
longitudinal:
  stamp:
    sec: 3345
    nanosec: 950049858
  speed: 0.0
  acceleration: -1.5
  jerk: 0.0
---
stamp:
  sec: 3346
  nanosec: 49859
lateral:
  stamp:
    sec: 3346
    nanosec: 49859
  steering_tire_angle: 0.0
  steering_tire_rotation_rate: 0.0
longitudinal:
  stamp:
    sec: 3346
    nanosec: 49859
  speed: 0.0
  acceleration: -1.5
  jerk: 0.0
---
stamp:
  sec: 3346
  nanosec: 50049860
lateral:
  stamp:
    sec: 3346
    nanosec: 50049860
  steering_tire_angle: 0.0
  steering_tire_rotation_rate: 0.0
longitudinal:
  stamp:
    sec: 3346
    nanosec: 50049860
  speed: 0.0
  acceleration: -1.5
  jerk: 0.0
---
stamp:
  sec: 3346
  nanosec: 100049860
lateral:
  stamp:
    sec: 3346
    nanosec: 100049860
  steering_tire_angle: 0.0
  steering_tire_rotation_rate: 0.0
longitudinal:
  stamp:
    sec: 3346
    nanosec: 100049860
  speed: 0.0
  acceleration: -1.5
  jerk: 0.0
---
stamp:
  sec: 3346
  nanosec: 150049861
lateral:
  stamp:
    sec: 3346
    nanosec: 150049861
  steering_tire_angle: 0.0
  steering_tire_rotation_rate: 0.0
longitudinal:
  stamp:
    sec: 3346
    nanosec: 150049861
  speed: 0.0
  acceleration: -1.5
  jerk: 0.0
---
stamp:
  sec: 3346
  nanosec: 200049862
lateral:
  stamp:
    sec: 3346
    nanosec: 200049862
  steering_tire_angle: 0.0
  steering_tire_rotation_rate: 0.0
longitudinal:
  stamp:
    sec: 3346
    nanosec: 200049862
  speed: 0.0
  acceleration: -1.5
  jerk: 0.0
---
stamp:
  sec: 3346
  nanosec: 250049863
lateral:
  stamp:
    sec: 3346
    nanosec: 250049863
  steering_tire_angle: 0.0
  steering_tire_rotation_rate: 0.0
longitudinal:
  stamp:
    sec: 3346
    nanosec: 250049863
  speed: 0.0
  acceleration: -1.5
  jerk: 0.0
---
stamp:
  sec: 3346
  nanosec: 300049863
lateral:
  stamp:
    sec: 3346
    nanosec: 300049863
  steering_tire_angle: 0.0
  steering_tire_rotation_rate: 0.0
longitudinal:
  stamp:
    sec: 3346
    nanosec: 300049863
  speed: 0.0
  acceleration: -1.5
  jerk: 0.0
---
stamp:
  sec: 3346
  nanosec: 350049864
lateral:
  stamp:
    sec: 3346
    nanosec: 350049864
  steering_tire_angle: 0.0
  steering_tire_rotation_rate: 0.0
longitudinal:
  stamp:
    sec: 3346
    nanosec: 350049864
  speed: 0.0
  acceleration: -1.5
  jerk: 0.0
---
stamp:
  sec: 3346
  nanosec: 400049865
lateral:
  stamp:
    sec: 3346
    nanosec: 400049865
  steering_tire_angle: 0.0
  steering_tire_rotation_rate: 0.0
longitudinal:
  stamp:
    sec: 3346
    nanosec: 400049865
  speed: 0.0
  acceleration: -1.5
  jerk: 0.0
---
stamp:
  sec: 3346
  nanosec: 450049865
lateral:
  stamp:
    sec: 3346
    nanosec: 450049865
  steering_tire_angle: 0.0
  steering_tire_rotation_rate: 0.0
longitudinal:
  stamp:
    sec: 3346
    nanosec: 450049865
  speed: 0.0
  acceleration: -1.5
  jerk: 0.0
---
stamp:
  sec: 3346
  nanosec: 500049866
lateral:
  stamp:
    sec: 3346
    nanosec: 500049866
  steering_tire_angle: 0.0
  steering_tire_rotation_rate: 0.0
longitudinal:
  stamp:
    sec: 3346
    nanosec: 500049866
  speed: 0.0
  acceleration: -1.5
  jerk: 0.0
---
stamp:
  sec: 3346
  nanosec: 550049867
lateral:
  stamp:
    sec: 3346
    nanosec: 550049867
  steering_tire_angle: 0.0
  steering_tire_rotation_rate: 0.0
longitudinal:
  stamp:
    sec: 3346
    nanosec: 550049867
  speed: 0.0
  acceleration: -1.5
  jerk: 0.0
---
stamp:
  sec: 3346
  nanosec: 600049868
lateral:
  stamp:
    sec: 3346
    nanosec: 600049868
  steering_tire_angle: 0.0
  steering_tire_rotation_rate: 0.0
longitudinal:
  stamp:
    sec: 3346
    nanosec: 600049868
  speed: 0.0
  acceleration: -1.5
  jerk: 0.0
---
stamp:
  sec: 3346
  nanosec: 650049868
lateral:
  stamp:
    sec: 3346
    nanosec: 650049868
  steering_tire_angle: 0.0
  steering_tire_rotation_rate: 0.0
longitudinal:
  stamp:
    sec: 3346
    nanosec: 650049868
  speed: 0.0
  acceleration: -1.5
  jerk: 0.0
---
stamp:
  sec: 3346
  nanosec: 700049869
lateral:
  stamp:
    sec: 3346
    nanosec: 700049869
  steering_tire_angle: 0.0
  steering_tire_rotation_rate: 0.0
longitudinal:
  stamp:
    sec: 3346
    nanosec: 700049869
  speed: 0.0
  acceleration: -1.5
  jerk: 0.0
---
stamp:
  sec: 3346
  nanosec: 750049870
lateral:
  stamp:
    sec: 3346
    nanosec: 750049870
  steering_tire_angle: 0.0
  steering_tire_rotation_rate: 0.0
longitudinal:
  stamp:
    sec: 3346
    nanosec: 750049870
  speed: 0.0
  acceleration: -1.5
  jerk: 0.0
---
stamp:
  sec: 3346
  nanosec: 800049871
lateral:
  stamp:
    sec: 3346
    nanosec: 800049871
  steering_tire_angle: 0.0
  steering_tire_rotation_rate: 0.0
longitudinal:
  stamp:
    sec: 3346
    nanosec: 800049871
  speed: 0.0
  acceleration: -1.5
  jerk: 0.0
---
stamp:
  sec: 3346
  nanosec: 850049871
lateral:
  stamp:
    sec: 3346
    nanosec: 850049871
  steering_tire_angle: 0.0
  steering_tire_rotation_rate: 0.0
longitudinal:
  stamp:
    sec: 3346
    nanosec: 850049871
  speed: 0.0
  acceleration: -1.5
  jerk: 0.0
---
stamp:
  sec: 3346
  nanosec: 900049872
lateral:
  stamp:
    sec: 3346
    nanosec: 900049872
  steering_tire_angle: 0.0
  steering_tire_rotation_rate: 0.0
longitudinal:
  stamp:
    sec: 3346
    nanosec: 900049872
  speed: 0.0
  acceleration: -1.5
  jerk: 0.0
---
stamp:
  sec: 3346
  nanosec: 950049873
lateral:
  stamp:
    sec: 3346
    nanosec: 950049873
  steering_tire_angle: 0.0
  steering_tire_rotation_rate: 0.0
longitudinal:
  stamp:
    sec: 3346
    nanosec: 950049873
  speed: 0.0
  acceleration: -1.5
  jerk: 0.0
---
stamp:
  sec: 3347
  nanosec: 49874
lateral:
  stamp:
    sec: 3347
    nanosec: 49874
  steering_tire_angle: 0.0
  steering_tire_rotation_rate: 0.0
longitudinal:
  stamp:
    sec: 3347
    nanosec: 49874
  speed: 0.0
  acceleration: -1.5
  jerk: 0.0
---
stamp:
  sec: 3347
  nanosec: 50049874
lateral:
  stamp:
    sec: 3347
    nanosec: 50049874
  steering_tire_angle: 0.0
  steering_tire_rotation_rate: 0.0
longitudinal:
  stamp:
    sec: 3347
    nanosec: 50049874
  speed: 0.0
  acceleration: -1.5
  jerk: 0.0
---
stamp:
  sec: 3347
  nanosec: 100049875
lateral:
  stamp:
    sec: 3347
    nanosec: 100049875
  steering_tire_angle: 0.0
  steering_tire_rotation_rate: 0.0
longitudinal:
  stamp:
    sec: 3347
    nanosec: 100049875
  speed: 0.0
  acceleration: -1.5
  jerk: 0.0
---
stamp:
  sec: 3347
  nanosec: 150049876
lateral:
  stamp:
    sec: 3347
    nanosec: 150049876
  steering_tire_angle: 0.0
  steering_tire_rotation_rate: 0.0
longitudinal:
  stamp:
    sec: 3347
    nanosec: 150049876
  speed: 0.0
  acceleration: -1.5
  jerk: 0.0
---
stamp:
  sec: 3347
  nanosec: 200049877
lateral:
  stamp:
    sec: 3347
    nanosec: 200049877
  steering_tire_angle: 0.0
  steering_tire_rotation_rate: 0.0
longitudinal:
  stamp:
    sec: 3347
    nanosec: 200049877
  speed: 0.0
  acceleration: -1.5
  jerk: 0.0
---
stamp:
  sec: 3347
  nanosec: 250049877
lateral:
  stamp:
    sec: 3347
    nanosec: 250049877
  steering_tire_angle: 0.0
  steering_tire_rotation_rate: 0.0
longitudinal:
  stamp:
    sec: 3347
    nanosec: 250049877
  speed: 0.0
  acceleration: -1.5
  jerk: 0.0
---
stamp:
  sec: 3347
  nanosec: 300049878
lateral:
  stamp:
    sec: 3347
    nanosec: 300049878
  steering_tire_angle: 0.0
  steering_tire_rotation_rate: 0.0
longitudinal:
  stamp:
    sec: 3347
    nanosec: 300049878
  speed: 0.0
  acceleration: -1.5
  jerk: 0.0
---
stamp:
  sec: 3347
  nanosec: 350049879
lateral:
  stamp:
    sec: 3347
    nanosec: 350049879
  steering_tire_angle: 0.0
  steering_tire_rotation_rate: 0.0
longitudinal:
  stamp:
    sec: 3347
    nanosec: 350049879
  speed: 0.0
  acceleration: -1.5
  jerk: 0.0
---
stamp:
  sec: 3347
  nanosec: 400049880
lateral:
  stamp:
    sec: 3347
    nanosec: 400049880
  steering_tire_angle: 0.0
  steering_tire_rotation_rate: 0.0
longitudinal:
  stamp:
    sec: 3347
    nanosec: 400049880
  speed: 0.0
  acceleration: -1.5
  jerk: 0.0
---
stamp:
  sec: 3347
  nanosec: 450049880
lateral:
  stamp:
    sec: 3347
    nanosec: 450049880
  steering_tire_angle: 0.0
  steering_tire_rotation_rate: 0.0
longitudinal:
  stamp:
    sec: 3347
    nanosec: 450049880
  speed: 0.0
  acceleration: -1.5
  jerk: 0.0
---
stamp:
  sec: 3347
  nanosec: 500049881
lateral:
  stamp:
    sec: 3347
    nanosec: 500049881
  steering_tire_angle: 0.0
  steering_tire_rotation_rate: 0.0
longitudinal:
  stamp:
    sec: 3347
    nanosec: 500049881
  speed: 0.0
  acceleration: -1.5
  jerk: 0.0
---
stamp:
  sec: 3347
  nanosec: 550049882
lateral:
  stamp:
    sec: 3347
    nanosec: 550049882
  steering_tire_angle: 0.0
  steering_tire_rotation_rate: 0.0
longitudinal:
  stamp:
    sec: 3347
    nanosec: 550049882
  speed: 0.0
  acceleration: -1.5
  jerk: 0.0
---
stamp:
  sec: 3347
  nanosec: 600049883
lateral:
  stamp:
    sec: 3347
    nanosec: 600049883
  steering_tire_angle: 0.0
  steering_tire_rotation_rate: 0.0
longitudinal:
  stamp:
    sec: 3347
    nanosec: 600049883
  speed: 0.0
  acceleration: -1.5
  jerk: 0.0
---
stamp:
  sec: 3347
  nanosec: 650049883
lateral:
  stamp:
    sec: 3347
    nanosec: 650049883
  steering_tire_angle: 0.0
  steering_tire_rotation_rate: 0.0
longitudinal:
  stamp:
    sec: 3347
    nanosec: 650049883
  speed: 0.0
  acceleration: -1.5
  jerk: 0.0
---
stamp:
  sec: 3347
  nanosec: 700049884
lateral:
  stamp:
    sec: 3347
    nanosec: 700049884
  steering_tire_angle: 0.0
  steering_tire_rotation_rate: 0.0
longitudinal:
  stamp:
    sec: 3347
    nanosec: 700049884
  speed: 0.0
  acceleration: -1.5
  jerk: 0.0
---
stamp:
  sec: 3347
  nanosec: 750049885
lateral:
  stamp:
    sec: 3347
    nanosec: 750049885
  steering_tire_angle: 0.0
  steering_tire_rotation_rate: 0.0
longitudinal:
  stamp:
    sec: 3347
    nanosec: 750049885
  speed: 0.0
  acceleration: -1.5
  jerk: 0.0
---
stamp:
  sec: 3347
  nanosec: 800049886
lateral:
  stamp:
    sec: 3347
    nanosec: 800049886
  steering_tire_angle: 0.0
  steering_tire_rotation_rate: 0.0
longitudinal:
  stamp:
    sec: 3347
    nanosec: 800049886
  speed: 0.0
  acceleration: -1.5
  jerk: 0.0
---
stamp:
  sec: 3347
  nanosec: 850049886
lateral:
  stamp:
    sec: 3347
    nanosec: 850049886
  steering_tire_angle: 0.0
  steering_tire_rotation_rate: 0.0
longitudinal:
  stamp:
    sec: 3347
    nanosec: 850049886
  speed: 0.0
  acceleration: -1.5
  jerk: 0.0
---
stamp:
  sec: 3347
  nanosec: 900049887
lateral:
  stamp:
    sec: 3347
    nanosec: 900049887
  steering_tire_angle: 0.0
  steering_tire_rotation_rate: 0.0
longitudinal:
  stamp:
    sec: 3347
    nanosec: 900049887
  speed: 0.0
  acceleration: -1.5
  jerk: 0.0
---
stamp:
  sec: 3347
  nanosec: 950049888
lateral:
  stamp:
    sec: 3347
    nanosec: 950049888
  steering_tire_angle: 0.0
  steering_tire_rotation_rate: 0.0
longitudinal:
  stamp:
    sec: 3347
    nanosec: 950049888
  speed: 0.0
  acceleration: -1.5
  jerk: 0.0
---
stamp:
  sec: 3348
  nanosec: 49889
lateral:
  stamp:
    sec: 3348
    nanosec: 49889
  steering_tire_angle: 0.0
  steering_tire_rotation_rate: 0.0
longitudinal:
  stamp:
    sec: 3348
    nanosec: 49889
  speed: 0.0
  acceleration: -1.5
  jerk: 0.0
---
stamp:
  sec: 3348
  nanosec: 50049889
lateral:
  stamp:
    sec: 3348
    nanosec: 50049889
  steering_tire_angle: 0.0
  steering_tire_rotation_rate: 0.0
longitudinal:
  stamp:
    sec: 3348
    nanosec: 50049889
  speed: 0.0
  acceleration: -1.5
  jerk: 0.0
---
stamp:
  sec: 3348
  nanosec: 100049890
lateral:
  stamp:
    sec: 3348
    nanosec: 100049890
  steering_tire_angle: 0.0
  steering_tire_rotation_rate: 0.0
longitudinal:
  stamp:
    sec: 3348
    nanosec: 100049890
  speed: 0.0
  acceleration: -1.5
  jerk: 0.0
---
stamp:
  sec: 3348
  nanosec: 150049891
lateral:
  stamp:
    sec: 3348
    nanosec: 150049891
  steering_tire_angle: 0.0
  steering_tire_rotation_rate: 0.0
longitudinal:
  stamp:
    sec: 3348
    nanosec: 150049891
  speed: 0.0
  acceleration: -1.5
  jerk: 0.0
---
stamp:
  sec: 3348
  nanosec: 200049892
lateral:
  stamp:
    sec: 3348
    nanosec: 200049892
  steering_tire_angle: 0.0
  steering_tire_rotation_rate: 0.0
longitudinal:
  stamp:
    sec: 3348
    nanosec: 200049892
  speed: 0.0
  acceleration: -1.5
  jerk: 0.0
---
stamp:
  sec: 3348
  nanosec: 250049892
lateral:
  stamp:
    sec: 3348
    nanosec: 250049892
  steering_tire_angle: 0.0
  steering_tire_rotation_rate: 0.0
longitudinal:
  stamp:
    sec: 3348
    nanosec: 250049892
  speed: 0.0
  acceleration: -1.5
  jerk: 0.0
---
stamp:
  sec: 3348
  nanosec: 300049893
lateral:
  stamp:
    sec: 3348
    nanosec: 300049893
  steering_tire_angle: 0.0
  steering_tire_rotation_rate: 0.0
longitudinal:
  stamp:
    sec: 3348
    nanosec: 300049893
  speed: 0.0
  acceleration: -1.5
  jerk: 0.0
---
stamp:
  sec: 3351
  nanosec: 350049939
lateral:
  stamp:
    sec: 3351
    nanosec: 350049939
  steering_tire_angle: 0.0
  steering_tire_rotation_rate: 0.0
longitudinal:
  stamp:
    sec: 3351
    nanosec: 350049939
  speed: 0.0
  acceleration: -1.0
  jerk: 0.0
---
stamp:
  sec: 3351
  nanosec: 400049939
lateral:
  stamp:
    sec: 3351
    nanosec: 400049939
  steering_tire_angle: -0.05000000074505806
  steering_tire_rotation_rate: -0.07034860551357269
longitudinal:
  stamp:
    sec: 3351
    nanosec: 400049939
  speed: 0.05000000074505806
  acceleration: -0.9750000238418579
  jerk: 0.0
---
stamp:
  sec: 3351
  nanosec: 450049940
lateral:
  stamp:
    sec: 3351
    nanosec: 450049940
  steering_tire_angle: -0.05000000074505806
  steering_tire_rotation_rate: -0.07034899294376373
longitudinal:
  stamp:
    sec: 3351
    nanosec: 450049940
  speed: 0.10000000149011612
  acceleration: -0.9500000476837158
  jerk: 0.0
---
stamp:
  sec: 3351
  nanosec: 500049941
lateral:
  stamp:
    sec: 3351
    nanosec: 500049941
  steering_tire_angle: -0.05000000074505806
  steering_tire_rotation_rate: -0.015325157903134823
longitudinal:
  stamp:
    sec: 3351
    nanosec: 500049941
  speed: 0.15000000596046448
  acceleration: -0.9250000715255737
  jerk: 0.0
---
stamp:
  sec: 3351
  nanosec: 550049941
lateral:
  stamp:
    sec: 3351
    nanosec: 550049941
  steering_tire_angle: -0.05000000447034836
  steering_tire_rotation_rate: 0.0
longitudinal:
  stamp:
    sec: 3351
    nanosec: 550049941
  speed: 0.10000000894069672
  acceleration: -0.9500000476837158
  jerk: 0.0
---
stamp:
  sec: 3351
  nanosec: 600049942
lateral:
  stamp:
    sec: 3351
    nanosec: 600049942
  steering_tire_angle: -0.05000000447034836
  steering_tire_rotation_rate: 0.0
longitudinal:
  stamp:
    sec: 3351
    nanosec: 600049942
  speed: 0.05000000819563866
  acceleration: -0.9750000238418579
  jerk: 0.0
---
stamp:
  sec: 3351
  nanosec: 650049943
lateral:
  stamp:
    sec: 3351
    nanosec: 650049943
  steering_tire_angle: -0.05000000447034836
  steering_tire_rotation_rate: 0.0
longitudinal:
  stamp:
    sec: 3351
    nanosec: 650049943
  speed: 7.195638751511524e-09
  acceleration: -1.0
  jerk: 0.0
---
stamp:
  sec: 3351
  nanosec: 700049944
lateral:
  stamp:
    sec: 3351
    nanosec: 700049944
  steering_tire_angle: -0.05000000447034836
  steering_tire_rotation_rate: 0.0
longitudinal:
  stamp:
    sec: 3351
    nanosec: 700049944
  speed: 0.0
  acceleration: -1.25
  jerk: 0.0
---
stamp:
  sec: 3351
  nanosec: 750049944
lateral:
  stamp:
    sec: 3351
    nanosec: 750049944
  steering_tire_angle: -3.725290298461914e-09
  steering_tire_rotation_rate: 0.0
longitudinal:
  stamp:
    sec: 3351
    nanosec: 750049944
  speed: 0.0
  acceleration: -1.5
  jerk: 0.0
---
stamp:
  sec: 3351
  nanosec: 800049945
lateral:
  stamp:
    sec: 3351
    nanosec: 800049945
  steering_tire_angle: 0.0
  steering_tire_rotation_rate: 0.0
longitudinal:
  stamp:
    sec: 3351
    nanosec: 800049945
  speed: 0.0
  acceleration: -1.5
  jerk: 0.0
---
stamp:
  sec: 3351
  nanosec: 850049946
lateral:
  stamp:
    sec: 3351
    nanosec: 850049946
  steering_tire_angle: 0.0
  steering_tire_rotation_rate: 0.0
longitudinal:
  stamp:
    sec: 3351
    nanosec: 850049946
  speed: 0.0
  acceleration: -1.5
  jerk: 0.0
---
stamp:
  sec: 3351
  nanosec: 900049947
lateral:
  stamp:
    sec: 3351
    nanosec: 900049947
  steering_tire_angle: 0.0
  steering_tire_rotation_rate: 0.0
longitudinal:
  stamp:
    sec: 3351
    nanosec: 900049947
  speed: 0.0
  acceleration: -1.5
  jerk: 0.0
---
stamp:
  sec: 3351
  nanosec: 950049947
lateral:
  stamp:
    sec: 3351
    nanosec: 950049947
  steering_tire_angle: 0.0
  steering_tire_rotation_rate: 0.0
longitudinal:
  stamp:
    sec: 3351
    nanosec: 950049947
  speed: 0.0
  acceleration: -1.5
  jerk: 0.0
---
stamp:
  sec: 3352
  nanosec: 49948
lateral:
  stamp:
    sec: 3352
    nanosec: 49948
  steering_tire_angle: 0.0
  steering_tire_rotation_rate: 0.0
longitudinal:
  stamp:
    sec: 3352
    nanosec: 49948
  speed: 0.0
  acceleration: -1.5
  jerk: 0.0
---
stamp:
  sec: 3352
  nanosec: 50049949
lateral:
  stamp:
    sec: 3352
    nanosec: 50049949
  steering_tire_angle: 0.0
  steering_tire_rotation_rate: 0.0
longitudinal:
  stamp:
    sec: 3352
    nanosec: 50049949
  speed: 0.0
  acceleration: -1.5
  jerk: 0.0
---
stamp:
  sec: 3352
  nanosec: 100049950
lateral:
  stamp:
    sec: 3352
    nanosec: 100049950
  steering_tire_angle: 0.0
  steering_tire_rotation_rate: 0.0
longitudinal:
  stamp:
    sec: 3352
    nanosec: 100049950
  speed: 0.0
  acceleration: -1.5
  jerk: 0.0
---
stamp:
  sec: 3352
  nanosec: 150049950
lateral:
  stamp:
    sec: 3352
    nanosec: 150049950
  steering_tire_angle: 0.0
  steering_tire_rotation_rate: 0.0
longitudinal:
  stamp:
    sec: 3352
    nanosec: 150049950
  speed: 0.0
  acceleration: -0.0381283313035965
  jerk: 0.0
---
stamp:
  sec: 3352
  nanosec: 200049951
lateral:
  stamp:
    sec: 3352
    nanosec: 200049951
  steering_tire_angle: 0.0
  steering_tire_rotation_rate: 0.0
longitudinal:
  stamp:
    sec: 3352
    nanosec: 200049951
  speed: 0.0
  acceleration: -0.038128335028886795
  jerk: 0.0
---
stamp:
  sec: 3352
  nanosec: 250049952
lateral:
  stamp:
    sec: 3352
    nanosec: 250049952
  steering_tire_angle: 0.0
  steering_tire_rotation_rate: 0.0
longitudinal:
  stamp:
    sec: 3352
    nanosec: 250049952
  speed: 0.0
  acceleration: -0.2711871862411499
  jerk: 0.0
---
stamp:
  sec: 3352
  nanosec: 300049953
lateral:
  stamp:
    sec: 3352
    nanosec: 300049953
  steering_tire_angle: 0.0
  steering_tire_rotation_rate: 0.0
longitudinal:
  stamp:
    sec: 3352
    nanosec: 300049953
  speed: 0.0
  acceleration: -0.2690684497356415
  jerk: 0.0
---
stamp:
  sec: 3352
  nanosec: 350049953
lateral:
  stamp:
    sec: 3352
    nanosec: 350049953
  steering_tire_angle: 0.0
  steering_tire_rotation_rate: 0.0
longitudinal:
  stamp:
    sec: 3352
    nanosec: 350049953
  speed: 0.0
  acceleration: -0.26716160774230957
  jerk: 0.0
---
stamp:
  sec: 3352
  nanosec: 400049954
lateral:
  stamp:
    sec: 3352
    nanosec: 400049954
  steering_tire_angle: 0.0
  steering_tire_rotation_rate: 0.0
longitudinal:
  stamp:
    sec: 3352
    nanosec: 400049954
  speed: 0.0
  acceleration: -0.26390090584754944
  jerk: 0.0
---
stamp:
  sec: 3352
  nanosec: 450049955
lateral:
  stamp:
    sec: 3352
    nanosec: 450049955
  steering_tire_angle: 0.0
  steering_tire_rotation_rate: 0.0
longitudinal:
  stamp:
    sec: 3352
    nanosec: 450049955
  speed: 0.0
  acceleration: -0.26390090584754944
  jerk: 0.0
---
stamp:
  sec: 3352
  nanosec: 500049956
lateral:
  stamp:
    sec: 3352
    nanosec: 500049956
  steering_tire_angle: 0.0
  steering_tire_rotation_rate: 0.0
longitudinal:
  stamp:
    sec: 3352
    nanosec: 500049956
  speed: 0.0
  acceleration: -0.2625108063220978
  jerk: 0.0
---
stamp:
  sec: 3352
  nanosec: 550049956
lateral:
  stamp:
    sec: 3352
    nanosec: 550049956
  steering_tire_angle: 0.0
  steering_tire_rotation_rate: 0.0
longitudinal:
  stamp:
    sec: 3352
    nanosec: 550049956
  speed: 0.0
  acceleration: -0.2601337432861328
  jerk: 0.0
---
stamp:
  sec: 3352
  nanosec: 600049957
lateral:
  stamp:
    sec: 3352
    nanosec: 600049957
  steering_tire_angle: 0.0
  steering_tire_rotation_rate: 0.0
longitudinal:
  stamp:
    sec: 3352
    nanosec: 600049957
  speed: 0.0
  acceleration: -0.2601337730884552
  jerk: 0.0
---
stamp:
  sec: 3352
  nanosec: 650049958
lateral:
  stamp:
    sec: 3352
    nanosec: 650049958
  steering_tire_angle: 0.0
  steering_tire_rotation_rate: 0.0
longitudinal:
  stamp:
    sec: 3352
    nanosec: 650049958
  speed: 0.0
  acceleration: -0.259120374917984
  jerk: 0.0
---
stamp:
  sec: 3352
  nanosec: 700049959
lateral:
  stamp:
    sec: 3352
    nanosec: 700049959
  steering_tire_angle: 0.0
  steering_tire_rotation_rate: 0.0
longitudinal:
  stamp:
    sec: 3352
    nanosec: 700049959
  speed: 0.0
  acceleration: -0.25738751888275146
  jerk: 0.0
---
stamp:
  sec: 3352
  nanosec: 750049959
lateral:
  stamp:
    sec: 3352
    nanosec: 750049959
  steering_tire_angle: 0.0
  steering_tire_rotation_rate: 0.0
longitudinal:
  stamp:
    sec: 3352
    nanosec: 750049959
  speed: 0.0
  acceleration: -0.2566487491130829
  jerk: 0.0
---
stamp:
  sec: 3352
  nanosec: 800049960
lateral:
  stamp:
    sec: 3352
    nanosec: 800049960
  steering_tire_angle: 0.0
  steering_tire_rotation_rate: 0.0
longitudinal:
  stamp:
    sec: 3352
    nanosec: 800049960
  speed: 0.0
  acceleration: -0.2559838891029358
  jerk: 0.0
---
stamp:
  sec: 3352
  nanosec: 850049961
lateral:
  stamp:
    sec: 3352
    nanosec: 850049961
  steering_tire_angle: 0.0
  steering_tire_rotation_rate: 0.0
longitudinal:
  stamp:
    sec: 3352
    nanosec: 850049961
  speed: 0.0
  acceleration: -0.2559838891029358
  jerk: 0.0
---
stamp:
  sec: 3352
  nanosec: 900049962
lateral:
  stamp:
    sec: 3352
    nanosec: 900049962
  steering_tire_angle: 0.0
  steering_tire_rotation_rate: 0.0
longitudinal:
  stamp:
    sec: 3352
    nanosec: 900049962
  speed: 0.0
  acceleration: -0.25538548827171326
  jerk: 0.0
---
stamp:
  sec: 3353
  nanosec: 49963
lateral:
  stamp:
    sec: 3353
    nanosec: 49963
  steering_tire_angle: 0.0
  steering_tire_rotation_rate: 0.0
longitudinal:
  stamp:
    sec: 3353
    nanosec: 49963
  speed: 0.0
  acceleration: -0.5048469305038452
  jerk: 0.0
---
stamp:
  sec: 3353
  nanosec: 50049964
lateral:
  stamp:
    sec: 3353
    nanosec: 50049964
  steering_tire_angle: 0.0
  steering_tire_rotation_rate: 0.0
longitudinal:
  stamp:
    sec: 3353
    nanosec: 50049964
  speed: 0.0
  acceleration: -0.2543622553348541
  jerk: 0.0
---
stamp:
  sec: 3353
  nanosec: 100049965
lateral:
  stamp:
    sec: 3353
    nanosec: 100049965
  steering_tire_angle: 0.0
  steering_tire_rotation_rate: 0.0
longitudinal:
  stamp:
    sec: 3353
    nanosec: 100049965
  speed: 0.0
  acceleration: -0.25392603874206543
  jerk: 0.0
---
stamp:
  sec: 3353
  nanosec: 150049965
lateral:
  stamp:
    sec: 3353
    nanosec: 150049965
  steering_tire_angle: 0.0
  steering_tire_rotation_rate: 0.0
longitudinal:
  stamp:
    sec: 3353
    nanosec: 150049965
  speed: 0.0
  acceleration: -0.25353342294692993
  jerk: 0.0
---
stamp:
  sec: 3353
  nanosec: 200049966
lateral:
  stamp:
    sec: 3353
    nanosec: 200049966
  steering_tire_angle: 0.0
  steering_tire_rotation_rate: 0.0
longitudinal:
  stamp:
    sec: 3353
    nanosec: 200049966
  speed: 0.0
  acceleration: -0.5035334229469299
  jerk: 0.0
---
stamp:
  sec: 3353
  nanosec: 250049967
lateral:
  stamp:
    sec: 3353
    nanosec: 250049967
  steering_tire_angle: 0.0
  steering_tire_rotation_rate: 0.0
longitudinal:
  stamp:
    sec: 3353
    nanosec: 250049967
  speed: 0.0
  acceleration: -0.7535334229469299
  jerk: 0.0
---
stamp:
  sec: 3353
  nanosec: 300049968
lateral:
  stamp:
    sec: 3353
    nanosec: 300049968
  steering_tire_angle: 0.0
  steering_tire_rotation_rate: 0.0
longitudinal:
  stamp:
    sec: 3353
    nanosec: 300049968
  speed: 0.0
  acceleration: -1.0035334825515747
  jerk: 0.0
---
stamp:
  sec: 3353
  nanosec: 350049968
lateral:
  stamp:
    sec: 3353
    nanosec: 350049968
  steering_tire_angle: 0.0
  steering_tire_rotation_rate: 0.0
longitudinal:
  stamp:
    sec: 3353
    nanosec: 350049968
  speed: 0.0
  acceleration: -1.2535334825515747
  jerk: 0.0
---
stamp:
  sec: 3353
  nanosec: 400049969
lateral:
  stamp:
    sec: 3353
    nanosec: 400049969
  steering_tire_angle: 0.0
  steering_tire_rotation_rate: 0.0
longitudinal:
  stamp:
    sec: 3353
    nanosec: 400049969
  speed: 0.0
  acceleration: -1.5
  jerk: 0.0
---
stamp:
  sec: 3353
  nanosec: 450049970
lateral:
  stamp:
    sec: 3353
    nanosec: 450049970
  steering_tire_angle: 0.0
  steering_tire_rotation_rate: 0.0
longitudinal:
  stamp:
    sec: 3353
    nanosec: 450049970
  speed: 0.0
  acceleration: -1.5
  jerk: 0.0
---
stamp:
  sec: 3353
  nanosec: 500049971
lateral:
  stamp:
    sec: 3353
    nanosec: 500049971
  steering_tire_angle: 0.0
  steering_tire_rotation_rate: 0.0
longitudinal:
  stamp:
    sec: 3353
    nanosec: 500049971
  speed: 0.0
  acceleration: -1.5
  jerk: 0.0
---
stamp:
  sec: 3353
  nanosec: 550049971
lateral:
  stamp:
    sec: 3353
    nanosec: 550049971
  steering_tire_angle: 0.0
  steering_tire_rotation_rate: 0.0
longitudinal:
  stamp:
    sec: 3353
    nanosec: 550049971
  speed: 0.0
  acceleration: -1.5
  jerk: 0.0
---
stamp:
  sec: 3353
  nanosec: 600049972
lateral:
  stamp:
    sec: 3353
    nanosec: 600049972
  steering_tire_angle: 0.0
  steering_tire_rotation_rate: 0.0
longitudinal:
  stamp:
    sec: 3353
    nanosec: 600049972
  speed: 0.0
  acceleration: -1.5
  jerk: 0.0
---
stamp:
  sec: 3353
  nanosec: 650049973
lateral:
  stamp:
    sec: 3353
    nanosec: 650049973
  steering_tire_angle: 0.0
  steering_tire_rotation_rate: 0.0
longitudinal:
  stamp:
    sec: 3353
    nanosec: 650049973
  speed: 0.0
  acceleration: -1.5
  jerk: 0.0
---
stamp:
  sec: 3353
  nanosec: 700049974
lateral:
  stamp:
    sec: 3353
    nanosec: 700049974
  steering_tire_angle: 0.0
  steering_tire_rotation_rate: 0.0
longitudinal:
  stamp:
    sec: 3353
    nanosec: 700049974
  speed: 0.0
  acceleration: -1.5
  jerk: 0.0
---
stamp:
  sec: 3353
  nanosec: 750049974
lateral:
  stamp:
    sec: 3353
    nanosec: 750049974
  steering_tire_angle: 0.0
  steering_tire_rotation_rate: 0.0
longitudinal:
  stamp:
    sec: 3353
    nanosec: 750049974
  speed: 0.0
  acceleration: -1.5
  jerk: 0.0
---
stamp:
  sec: 3353
  nanosec: 800049975
lateral:
  stamp:
    sec: 3353
    nanosec: 800049975
  steering_tire_angle: 0.0
  steering_tire_rotation_rate: 0.0
longitudinal:
  stamp:
    sec: 3353
    nanosec: 800049975
  speed: 0.0
  acceleration: -1.5
  jerk: 0.0
---
stamp:
  sec: 3353
  nanosec: 850049976
lateral:
  stamp:
    sec: 3353
    nanosec: 850049976
  steering_tire_angle: 0.0
  steering_tire_rotation_rate: 0.0
longitudinal:
  stamp:
    sec: 3353
    nanosec: 850049976
  speed: 0.0
  acceleration: -1.5
  jerk: 0.0
---
stamp:
  sec: 3353
  nanosec: 900049977
lateral:
  stamp:
    sec: 3353
    nanosec: 900049977
  steering_tire_angle: 0.0
  steering_tire_rotation_rate: 0.0
longitudinal:
  stamp:
    sec: 3353
    nanosec: 900049977
  speed: 0.0
  acceleration: -1.5
  jerk: 0.0
---
stamp:
  sec: 3353
  nanosec: 950049977
lateral:
  stamp:
    sec: 3353
    nanosec: 950049977
  steering_tire_angle: 0.0
  steering_tire_rotation_rate: 0.0
longitudinal:
  stamp:
    sec: 3353
    nanosec: 950049977
  speed: 0.0
  acceleration: -1.5
  jerk: 0.0
---
stamp:
  sec: 3354
  nanosec: 49978
lateral:
  stamp:
    sec: 3354
    nanosec: 49978
  steering_tire_angle: 0.0
  steering_tire_rotation_rate: 0.0
longitudinal:
  stamp:
    sec: 3354
    nanosec: 49978
  speed: 0.0
  acceleration: -1.5
  jerk: 0.0
---
stamp:
  sec: 3354
  nanosec: 50049979
lateral:
  stamp:
    sec: 3354
    nanosec: 50049979
  steering_tire_angle: 0.0
  steering_tire_rotation_rate: 0.0
longitudinal:
  stamp:
    sec: 3354
    nanosec: 50049979
  speed: 0.0
  acceleration: -1.5
  jerk: 0.0
---
stamp:
  sec: 3354
  nanosec: 100049979
lateral:
  stamp:
    sec: 3354
    nanosec: 100049979
  steering_tire_angle: 0.0
  steering_tire_rotation_rate: 0.0
longitudinal:
  stamp:
    sec: 3354
    nanosec: 100049979
  speed: 0.0
  acceleration: -1.5
  jerk: 0.0
---
stamp:
  sec: 3354
  nanosec: 150049980
lateral:
  stamp:
    sec: 3354
    nanosec: 150049980
  steering_tire_angle: 0.0
  steering_tire_rotation_rate: 0.0
longitudinal:
  stamp:
    sec: 3354
    nanosec: 150049980
  speed: 0.0
  acceleration: -1.5
  jerk: 0.0
---
stamp:
  sec: 3354
  nanosec: 200049981
lateral:
  stamp:
    sec: 3354
    nanosec: 200049981
  steering_tire_angle: 0.0
  steering_tire_rotation_rate: 0.0
longitudinal:
  stamp:
    sec: 3354
    nanosec: 200049981
  speed: 0.0
  acceleration: -1.5
  jerk: 0.0
---
stamp:
  sec: 3354
  nanosec: 250049982
lateral:
  stamp:
    sec: 3354
    nanosec: 250049982
  steering_tire_angle: 0.0
  steering_tire_rotation_rate: 0.0
longitudinal:
  stamp:
    sec: 3354
    nanosec: 250049982
  speed: 0.0
  acceleration: -1.5
  jerk: 0.0
---
stamp:
  sec: 3354
  nanosec: 300049982
lateral:
  stamp:
    sec: 3354
    nanosec: 300049982
  steering_tire_angle: 0.0
  steering_tire_rotation_rate: 0.0
longitudinal:
  stamp:
    sec: 3354
    nanosec: 300049982
  speed: 0.0
  acceleration: -1.5
  jerk: 0.0
---
stamp:
  sec: 3354
  nanosec: 350049983
lateral:
  stamp:
    sec: 3354
    nanosec: 350049983
  steering_tire_angle: 0.0
  steering_tire_rotation_rate: 0.0
longitudinal:
  stamp:
    sec: 3354
    nanosec: 350049983
  speed: 0.0
  acceleration: -1.5
  jerk: 0.0
---
stamp:
  sec: 3354
  nanosec: 400049984
lateral:
  stamp:
    sec: 3354
    nanosec: 400049984
  steering_tire_angle: 0.0
  steering_tire_rotation_rate: 0.0
longitudinal:
  stamp:
    sec: 3354
    nanosec: 400049984
  speed: 0.0
  acceleration: -1.5
  jerk: 0.0
---
stamp:
  sec: 3354
  nanosec: 450049985
lateral:
  stamp:
    sec: 3354
    nanosec: 450049985
  steering_tire_angle: 0.0
  steering_tire_rotation_rate: 0.0
longitudinal:
  stamp:
    sec: 3354
    nanosec: 450049985
  speed: 0.0
  acceleration: -1.5
  jerk: 0.0
---
stamp:
  sec: 3354
  nanosec: 500049985
lateral:
  stamp:
    sec: 3354
    nanosec: 500049985
  steering_tire_angle: 0.0
  steering_tire_rotation_rate: 0.0
longitudinal:
  stamp:
    sec: 3354
    nanosec: 500049985
  speed: 0.0
  acceleration: -1.5
  jerk: 0.0
---
stamp:
  sec: 3354
  nanosec: 550049986
lateral:
  stamp:
    sec: 3354
    nanosec: 550049986
  steering_tire_angle: 0.0
  steering_tire_rotation_rate: 0.0
longitudinal:
  stamp:
    sec: 3354
    nanosec: 550049986
  speed: 0.0
  acceleration: -1.5
  jerk: 0.0
---
stamp:
  sec: 3354
  nanosec: 600049987
lateral:
  stamp:
    sec: 3354
    nanosec: 600049987
  steering_tire_angle: 0.0
  steering_tire_rotation_rate: 0.0
longitudinal:
  stamp:
    sec: 3354
    nanosec: 600049987
  speed: 0.0
  acceleration: -1.5
  jerk: 0.0
---
stamp:
  sec: 3354
  nanosec: 650049988
lateral:
  stamp:
    sec: 3354
    nanosec: 650049988
  steering_tire_angle: 0.0
  steering_tire_rotation_rate: 0.0
longitudinal:
  stamp:
    sec: 3354
    nanosec: 650049988
  speed: 0.0
  acceleration: -1.5
  jerk: 0.0
---
stamp:
  sec: 3354
  nanosec: 700049988
lateral:
  stamp:
    sec: 3354
    nanosec: 700049988
  steering_tire_angle: 0.0
  steering_tire_rotation_rate: 0.0
longitudinal:
  stamp:
    sec: 3354
    nanosec: 700049988
  speed: 0.0
  acceleration: -1.5
  jerk: 0.0
---
stamp:
  sec: 3354
  nanosec: 750049989
lateral:
  stamp:
    sec: 3354
    nanosec: 750049989
  steering_tire_angle: 0.0
  steering_tire_rotation_rate: 0.0
longitudinal:
  stamp:
    sec: 3354
    nanosec: 750049989
  speed: 0.0
  acceleration: -1.5
  jerk: 0.0
---
stamp:
  sec: 3354
  nanosec: 800049990
lateral:
  stamp:
    sec: 3354
    nanosec: 800049990
  steering_tire_angle: 0.0
  steering_tire_rotation_rate: 0.0
longitudinal:
  stamp:
    sec: 3354
    nanosec: 800049990
  speed: 0.0
  acceleration: -1.5
  jerk: 0.0
---
stamp:
  sec: 3354
  nanosec: 850049991
lateral:
  stamp:
    sec: 3354
    nanosec: 850049991
  steering_tire_angle: 0.0
  steering_tire_rotation_rate: 0.0
longitudinal:
  stamp:
    sec: 3354
    nanosec: 850049991
  speed: 0.0
  acceleration: -1.5
  jerk: 0.0
---
stamp:
  sec: 3354
  nanosec: 900049991
lateral:
  stamp:
    sec: 3354
    nanosec: 900049991
  steering_tire_angle: 0.0
  steering_tire_rotation_rate: 0.0
longitudinal:
  stamp:
    sec: 3354
    nanosec: 900049991
  speed: 0.0
  acceleration: -1.5
  jerk: 0.0
---
stamp:
  sec: 3354
  nanosec: 950049992
lateral:
  stamp:
    sec: 3354
    nanosec: 950049992
  steering_tire_angle: 0.0
  steering_tire_rotation_rate: 0.0
longitudinal:
  stamp:
    sec: 3354
    nanosec: 950049992
  speed: 0.0
  acceleration: -1.5
  jerk: 0.0
---
stamp:
  sec: 3355
  nanosec: 49993
lateral:
  stamp:
    sec: 3355
    nanosec: 49993
  steering_tire_angle: 0.0
  steering_tire_rotation_rate: 0.0
longitudinal:
  stamp:
    sec: 3355
    nanosec: 49993
  speed: 0.0
  acceleration: -1.5
  jerk: 0.0
---
stamp:
  sec: 3355
  nanosec: 50049994
lateral:
  stamp:
    sec: 3355
    nanosec: 50049994
  steering_tire_angle: 0.0
  steering_tire_rotation_rate: 0.0
longitudinal:
  stamp:
    sec: 3355
    nanosec: 50049994
  speed: 0.0
  acceleration: -1.5
  jerk: 0.0
---
stamp:
  sec: 3355
  nanosec: 100049994
lateral:
  stamp:
    sec: 3355
    nanosec: 100049994
  steering_tire_angle: 0.0
  steering_tire_rotation_rate: 0.0
longitudinal:
  stamp:
    sec: 3355
    nanosec: 100049994
  speed: 0.0
  acceleration: -1.5
  jerk: 0.0
---
stamp:
  sec: 3355
  nanosec: 150049995
lateral:
  stamp:
    sec: 3355
    nanosec: 150049995
  steering_tire_angle: 0.0
  steering_tire_rotation_rate: 0.0
longitudinal:
  stamp:
    sec: 3355
    nanosec: 150049995
  speed: 0.0
  acceleration: -1.5
  jerk: 0.0
---
stamp:
  sec: 3355
  nanosec: 200049996
lateral:
  stamp:
    sec: 3355
    nanosec: 200049996
  steering_tire_angle: 0.0
  steering_tire_rotation_rate: 0.0
longitudinal:
  stamp:
    sec: 3355
    nanosec: 200049996
  speed: 0.0
  acceleration: -1.5
  jerk: 0.0
---
stamp:
  sec: 3355
  nanosec: 250049997
lateral:
  stamp:
    sec: 3355
    nanosec: 250049997
  steering_tire_angle: 0.0
  steering_tire_rotation_rate: 0.0
longitudinal:
  stamp:
    sec: 3355
    nanosec: 250049997
  speed: 0.0
  acceleration: -1.5
  jerk: 0.0
---
stamp:
  sec: 3355
  nanosec: 300049997
lateral:
  stamp:
    sec: 3355
    nanosec: 300049997
  steering_tire_angle: 0.0
  steering_tire_rotation_rate: 0.0
longitudinal:
  stamp:
    sec: 3355
    nanosec: 300049997
  speed: 0.0
  acceleration: -1.5
  jerk: 0.0
---
stamp:
  sec: 3355
  nanosec: 350049998
lateral:
  stamp:
    sec: 3355
    nanosec: 350049998
  steering_tire_angle: 0.0
  steering_tire_rotation_rate: 0.0
longitudinal:
  stamp:
    sec: 3355
    nanosec: 350049998
  speed: 0.0
  acceleration: -1.5
  jerk: 0.0
---
stamp:
  sec: 3355
  nanosec: 400049999
lateral:
  stamp:
    sec: 3355
    nanosec: 400049999
  steering_tire_angle: 0.0
  steering_tire_rotation_rate: 0.0
longitudinal:
  stamp:
    sec: 3355
    nanosec: 400049999
  speed: 0.0
  acceleration: -1.5
  jerk: 0.0
---
stamp:
  sec: 3355
  nanosec: 450050000
lateral:
  stamp:
    sec: 3355
    nanosec: 450050000
  steering_tire_angle: 0.0
  steering_tire_rotation_rate: 0.0
longitudinal:
  stamp:
    sec: 3355
    nanosec: 450050000
  speed: 0.0
  acceleration: -1.5
  jerk: 0.0
---
stamp:
  sec: 3355
  nanosec: 500050000
lateral:
  stamp:
    sec: 3355
    nanosec: 500050000
  steering_tire_angle: 0.0
  steering_tire_rotation_rate: 0.0
longitudinal:
  stamp:
    sec: 3355
    nanosec: 500050000
  speed: 0.0
  acceleration: -1.5
  jerk: 0.0
---
stamp:
  sec: 3355
  nanosec: 550050001
lateral:
  stamp:
    sec: 3355
    nanosec: 550050001
  steering_tire_angle: 0.0
  steering_tire_rotation_rate: 0.0
longitudinal:
  stamp:
    sec: 3355
    nanosec: 550050001
  speed: 0.0
  acceleration: -1.5
  jerk: 0.0
---
stamp:
  sec: 3355
  nanosec: 600050002
lateral:
  stamp:
    sec: 3355
    nanosec: 600050002
  steering_tire_angle: 0.0
  steering_tire_rotation_rate: 0.0
longitudinal:
  stamp:
    sec: 3355
    nanosec: 600050002
  speed: 0.0
  acceleration: -1.5
  jerk: 0.0
---
stamp:
  sec: 3355
  nanosec: 650050003
lateral:
  stamp:
    sec: 3355
    nanosec: 650050003
  steering_tire_angle: 0.0
  steering_tire_rotation_rate: 0.0
longitudinal:
  stamp:
    sec: 3355
    nanosec: 650050003
  speed: 0.0
  acceleration: -1.5
  jerk: 0.0
---
stamp:
  sec: 3355
  nanosec: 700050003
lateral:
  stamp:
    sec: 3355
    nanosec: 700050003
  steering_tire_angle: 0.0
  steering_tire_rotation_rate: 0.0
longitudinal:
  stamp:
    sec: 3355
    nanosec: 700050003
  speed: 0.0
  acceleration: -1.5
  jerk: 0.0
---
stamp:
  sec: 3355
  nanosec: 750050004
lateral:
  stamp:
    sec: 3355
    nanosec: 750050004
  steering_tire_angle: 0.0
  steering_tire_rotation_rate: 0.0
longitudinal:
  stamp:
    sec: 3355
    nanosec: 750050004
  speed: 0.0
  acceleration: -1.5
  jerk: 0.0
---
stamp:
  sec: 3355
  nanosec: 800050005
lateral:
  stamp:
    sec: 3355
    nanosec: 800050005
  steering_tire_angle: 0.0
  steering_tire_rotation_rate: 0.0
longitudinal:
  stamp:
    sec: 3355
    nanosec: 800050005
  speed: 0.0
  acceleration: -1.5
  jerk: 0.0
---
stamp:
  sec: 3355
  nanosec: 850050006
lateral:
  stamp:
    sec: 3355
    nanosec: 850050006
  steering_tire_angle: 0.0
  steering_tire_rotation_rate: 0.0
longitudinal:
  stamp:
    sec: 3355
    nanosec: 850050006
  speed: 0.0
  acceleration: -1.5
  jerk: 0.0
---
stamp:
  sec: 3355
  nanosec: 900050006
lateral:
  stamp:
    sec: 3355
    nanosec: 900050006
  steering_tire_angle: 0.0
  steering_tire_rotation_rate: 0.0
longitudinal:
  stamp:
    sec: 3355
    nanosec: 900050006
  speed: 0.0
  acceleration: -1.5
  jerk: 0.0
---
stamp:
  sec: 3355
  nanosec: 950050007
lateral:
  stamp:
    sec: 3355
    nanosec: 950050007
  steering_tire_angle: 0.0
  steering_tire_rotation_rate: 0.0
longitudinal:
  stamp:
    sec: 3355
    nanosec: 950050007
  speed: 0.0
  acceleration: -1.5
  jerk: 0.0
---
stamp:
  sec: 3356
  nanosec: 50008
lateral:
  stamp:
    sec: 3356
    nanosec: 50008
  steering_tire_angle: 0.0
  steering_tire_rotation_rate: 0.0
longitudinal:
  stamp:
    sec: 3356
    nanosec: 50008
  speed: 0.0
  acceleration: -1.5
  jerk: 0.0
---
stamp:
  sec: 3356
  nanosec: 50050009
lateral:
  stamp:
    sec: 3356
    nanosec: 50050009
  steering_tire_angle: 0.0
  steering_tire_rotation_rate: 0.0
longitudinal:
  stamp:
    sec: 3356
    nanosec: 50050009
  speed: 0.0
  acceleration: -1.5
  jerk: 0.0
---
stamp:
  sec: 3356
  nanosec: 100050009
lateral:
  stamp:
    sec: 3356
    nanosec: 100050009
  steering_tire_angle: 0.0
  steering_tire_rotation_rate: 0.0
longitudinal:
  stamp:
    sec: 3356
    nanosec: 100050009
  speed: 0.0
  acceleration: -1.5
  jerk: 0.0
---
stamp:
  sec: 3356
  nanosec: 150050010
lateral:
  stamp:
    sec: 3356
    nanosec: 150050010
  steering_tire_angle: 0.0
  steering_tire_rotation_rate: 0.0
longitudinal:
  stamp:
    sec: 3356
    nanosec: 150050010
  speed: 0.0
  acceleration: -1.5
  jerk: 0.0
---
stamp:
  sec: 3356
  nanosec: 200050011
lateral:
  stamp:
    sec: 3356
    nanosec: 200050011
  steering_tire_angle: 0.0
  steering_tire_rotation_rate: 0.0
longitudinal:
  stamp:
    sec: 3356
    nanosec: 200050011
  speed: 0.0
  acceleration: -1.5
  jerk: 0.0
---
stamp:
  sec: 3356
  nanosec: 250050012
lateral:
  stamp:
    sec: 3356
    nanosec: 250050012
  steering_tire_angle: 0.0
  steering_tire_rotation_rate: 0.0
longitudinal:
  stamp:
    sec: 3356
    nanosec: 250050012
  speed: 0.0
  acceleration: -1.5
  jerk: 0.0
---
stamp:
  sec: 3356
  nanosec: 300050012
lateral:
  stamp:
    sec: 3356
    nanosec: 300050012
  steering_tire_angle: 0.0
  steering_tire_rotation_rate: 0.0
longitudinal:
  stamp:
    sec: 3356
    nanosec: 300050012
  speed: 0.0
  acceleration: -1.5
  jerk: 0.0
---
stamp:
  sec: 3356
  nanosec: 350050013
lateral:
  stamp:
    sec: 3356
    nanosec: 350050013
  steering_tire_angle: 0.0
  steering_tire_rotation_rate: 0.0
longitudinal:
  stamp:
    sec: 3356
    nanosec: 350050013
  speed: 0.0
  acceleration: -1.5
  jerk: 0.0
---
stamp:
  sec: 3356
  nanosec: 400050014
lateral:
  stamp:
    sec: 3356
    nanosec: 400050014
  steering_tire_angle: 0.0
  steering_tire_rotation_rate: 0.0
longitudinal:
  stamp:
    sec: 3356
    nanosec: 400050014
  speed: 0.0
  acceleration: -1.5
  jerk: 0.0
---
stamp:
  sec: 3356
  nanosec: 450050015
lateral:
  stamp:
    sec: 3356
    nanosec: 450050015
  steering_tire_angle: 0.0
  steering_tire_rotation_rate: 0.0
longitudinal:
  stamp:
    sec: 3356
    nanosec: 450050015
  speed: 0.0
  acceleration: -1.5
  jerk: 0.0
---
stamp:
  sec: 3356
  nanosec: 500050015
lateral:
  stamp:
    sec: 3356
    nanosec: 500050015
  steering_tire_angle: 0.0
  steering_tire_rotation_rate: 0.0
longitudinal:
  stamp:
    sec: 3356
    nanosec: 500050015
  speed: 0.0
  acceleration: -1.5
  jerk: 0.0
---
stamp:
  sec: 3356
  nanosec: 550050016
lateral:
  stamp:
    sec: 3356
    nanosec: 550050016
  steering_tire_angle: 0.0
  steering_tire_rotation_rate: 0.0
longitudinal:
  stamp:
    sec: 3356
    nanosec: 550050016
  speed: 0.0
  acceleration: -1.5
  jerk: 0.0
---
stamp:
  sec: 3356
  nanosec: 600050017
lateral:
  stamp:
    sec: 3356
    nanosec: 600050017
  steering_tire_angle: 0.0
  steering_tire_rotation_rate: 0.0
longitudinal:
  stamp:
    sec: 3356
    nanosec: 600050017
  speed: 0.0
  acceleration: -1.5
  jerk: 0.0
---
stamp:
  sec: 3356
  nanosec: 650050017
lateral:
  stamp:
    sec: 3356
    nanosec: 650050017
  steering_tire_angle: 0.0
  steering_tire_rotation_rate: 0.0
longitudinal:
  stamp:
    sec: 3356
    nanosec: 650050017
  speed: 0.0
  acceleration: -1.5
  jerk: 0.0
---
stamp:
  sec: 3356
  nanosec: 650050017
lateral:
  stamp:
    sec: 3356
    nanosec: 650050017
  steering_tire_angle: 0.0
  steering_tire_rotation_rate: 0.0
longitudinal:
  stamp:
    sec: 3356
    nanosec: 650050017
  speed: 0.0
  acceleration: -1.5
  jerk: 0.0
---
stamp:
  sec: 3356
  nanosec: 750050019
lateral:
  stamp:
    sec: 3356
    nanosec: 750050019
  steering_tire_angle: 0.0
  steering_tire_rotation_rate: 0.0
longitudinal:
  stamp:
    sec: 3356
    nanosec: 750050019
  speed: 0.0
  acceleration: -1.5
  jerk: 0.0
---
stamp:
  sec: 3356
  nanosec: 800050020
lateral:
  stamp:
    sec: 3356
    nanosec: 800050020
  steering_tire_angle: 0.0
  steering_tire_rotation_rate: 0.0
longitudinal:
  stamp:
    sec: 3356
    nanosec: 800050020
  speed: 0.0
  acceleration: -1.5
  jerk: 0.0
---
stamp:
  sec: 3356
  nanosec: 850050020
lateral:
  stamp:
    sec: 3356
    nanosec: 850050020
  steering_tire_angle: 0.0
  steering_tire_rotation_rate: 0.0
longitudinal:
  stamp:
    sec: 3356
    nanosec: 850050020
  speed: 0.0
  acceleration: -1.5
  jerk: 0.0
---
stamp:
  sec: 3356
  nanosec: 900050021
lateral:
  stamp:
    sec: 3356
    nanosec: 900050021
  steering_tire_angle: 0.0
  steering_tire_rotation_rate: 0.0
longitudinal:
  stamp:
    sec: 3356
    nanosec: 900050021
  speed: 0.0
  acceleration: -1.5
  jerk: 0.0
---
stamp:
  sec: 3356
  nanosec: 950050022
lateral:
  stamp:
    sec: 3356
    nanosec: 950050022
  steering_tire_angle: 0.0
  steering_tire_rotation_rate: 0.0
longitudinal:
  stamp:
    sec: 3356
    nanosec: 950050022
  speed: 0.0
  acceleration: -1.5
  jerk: 0.0
---
stamp:
  sec: 3357
  nanosec: 50023
lateral:
  stamp:
    sec: 3357
    nanosec: 50023
  steering_tire_angle: 0.0
  steering_tire_rotation_rate: 0.0
longitudinal:
  stamp:
    sec: 3357
    nanosec: 50023
  speed: 0.0
  acceleration: -1.5
  jerk: 0.0
---
stamp:
  sec: 3357
  nanosec: 50050023
lateral:
  stamp:
    sec: 3357
    nanosec: 50050023
  steering_tire_angle: 0.0
  steering_tire_rotation_rate: 0.0
longitudinal:
  stamp:
    sec: 3357
    nanosec: 50050023
  speed: 0.0
  acceleration: -1.5
  jerk: 0.0
---
stamp:
  sec: 3357
  nanosec: 100050024
lateral:
  stamp:
    sec: 3357
    nanosec: 100050024
  steering_tire_angle: 0.0
  steering_tire_rotation_rate: 0.0
longitudinal:
  stamp:
    sec: 3357
    nanosec: 100050024
  speed: 0.0
  acceleration: -1.5
  jerk: 0.0
---
stamp:
  sec: 3357
  nanosec: 150050025
lateral:
  stamp:
    sec: 3357
    nanosec: 150050025
  steering_tire_angle: 0.0
  steering_tire_rotation_rate: 0.0
longitudinal:
  stamp:
    sec: 3357
    nanosec: 150050025
  speed: 0.0
  acceleration: -1.5
  jerk: 0.0
---
stamp:
  sec: 3357
  nanosec: 200050026
lateral:
  stamp:
    sec: 3357
    nanosec: 200050026
  steering_tire_angle: 0.0
  steering_tire_rotation_rate: 0.0
longitudinal:
  stamp:
    sec: 3357
    nanosec: 200050026
  speed: 0.0
  acceleration: -1.5
  jerk: 0.0
---
stamp:
  sec: 3357
  nanosec: 250050026
lateral:
  stamp:
    sec: 3357
    nanosec: 250050026
  steering_tire_angle: 0.0
  steering_tire_rotation_rate: 0.0
longitudinal:
  stamp:
    sec: 3357
    nanosec: 250050026
  speed: 0.0
  acceleration: -1.5
  jerk: 0.0
---
stamp:
  sec: 3357
  nanosec: 300050027
lateral:
  stamp:
    sec: 3357
    nanosec: 300050027
  steering_tire_angle: 0.0
  steering_tire_rotation_rate: 0.0
longitudinal:
  stamp:
    sec: 3357
    nanosec: 300050027
  speed: 0.0
  acceleration: -1.5
  jerk: 0.0
---
stamp:
  sec: 3357
  nanosec: 350050028
lateral:
  stamp:
    sec: 3357
    nanosec: 350050028
  steering_tire_angle: 0.0
  steering_tire_rotation_rate: 0.0
longitudinal:
  stamp:
    sec: 3357
    nanosec: 350050028
  speed: 0.0
  acceleration: -1.5
  jerk: 0.0
---
stamp:
  sec: 3357
  nanosec: 400050029
lateral:
  stamp:
    sec: 3357
    nanosec: 400050029
  steering_tire_angle: 0.0
  steering_tire_rotation_rate: 0.0
longitudinal:
  stamp:
    sec: 3357
    nanosec: 400050029
  speed: 0.0
  acceleration: -1.5
  jerk: 0.0
---
stamp:
  sec: 3357
  nanosec: 450050029
lateral:
  stamp:
    sec: 3357
    nanosec: 450050029
  steering_tire_angle: 0.0
  steering_tire_rotation_rate: 0.0
longitudinal:
  stamp:
    sec: 3357
    nanosec: 450050029
  speed: 0.0
  acceleration: -1.5
  jerk: 0.0
---
stamp:
  sec: 3357
  nanosec: 500050030
lateral:
  stamp:
    sec: 3357
    nanosec: 500050030
  steering_tire_angle: 0.0
  steering_tire_rotation_rate: 0.0
longitudinal:
  stamp:
    sec: 3357
    nanosec: 500050030
  speed: 0.0
  acceleration: -1.5
  jerk: 0.0
---
stamp:
  sec: 3357
  nanosec: 550050031
lateral:
  stamp:
    sec: 3357
    nanosec: 550050031
  steering_tire_angle: 0.0
  steering_tire_rotation_rate: 0.0
longitudinal:
  stamp:
    sec: 3357
    nanosec: 550050031
  speed: 0.0
  acceleration: -1.5
  jerk: 0.0
---
stamp:
  sec: 3357
  nanosec: 600050032
lateral:
  stamp:
    sec: 3357
    nanosec: 600050032
  steering_tire_angle: 0.0
  steering_tire_rotation_rate: 0.0
longitudinal:
  stamp:
    sec: 3357
    nanosec: 600050032
  speed: 0.0
  acceleration: -1.5
  jerk: 0.0
---
stamp:
  sec: 3357
  nanosec: 650050032
lateral:
  stamp:
    sec: 3357
    nanosec: 650050032
  steering_tire_angle: 0.0
  steering_tire_rotation_rate: 0.0
longitudinal:
  stamp:
    sec: 3357
    nanosec: 650050032
  speed: 0.0
  acceleration: -1.5
  jerk: 0.0
---
stamp:
  sec: 3357
  nanosec: 700050033
lateral:
  stamp:
    sec: 3357
    nanosec: 700050033
  steering_tire_angle: 0.0
  steering_tire_rotation_rate: 0.0
longitudinal:
  stamp:
    sec: 3357
    nanosec: 700050033
  speed: 0.0
  acceleration: -1.5
  jerk: 0.0
---
stamp:
  sec: 3357
  nanosec: 750050034
lateral:
  stamp:
    sec: 3357
    nanosec: 750050034
  steering_tire_angle: 0.0
  steering_tire_rotation_rate: 0.0
longitudinal:
  stamp:
    sec: 3357
    nanosec: 750050034
  speed: 0.0
  acceleration: -1.5
  jerk: 0.0
---
stamp:
  sec: 3357
  nanosec: 800050035
lateral:
  stamp:
    sec: 3357
    nanosec: 800050035
  steering_tire_angle: 0.0
  steering_tire_rotation_rate: 0.0
longitudinal:
  stamp:
    sec: 3357
    nanosec: 800050035
  speed: 0.0
  acceleration: -1.5
  jerk: 0.0
---
stamp:
  sec: 3357
  nanosec: 850050035
lateral:
  stamp:
    sec: 3357
    nanosec: 850050035
  steering_tire_angle: 0.0
  steering_tire_rotation_rate: 0.0
longitudinal:
  stamp:
    sec: 3357
    nanosec: 850050035
  speed: 0.0
  acceleration: -1.5
  jerk: 0.0
---
stamp:
  sec: 3357
  nanosec: 900050036
lateral:
  stamp:
    sec: 3357
    nanosec: 900050036
  steering_tire_angle: 0.0
  steering_tire_rotation_rate: 0.0
longitudinal:
  stamp:
    sec: 3357
    nanosec: 900050036
  speed: 0.0
  acceleration: -1.5
  jerk: 0.0
---
stamp:
  sec: 3357
  nanosec: 950050037
lateral:
  stamp:
    sec: 3357
    nanosec: 950050037
  steering_tire_angle: 0.0
  steering_tire_rotation_rate: 0.0
longitudinal:
  stamp:
    sec: 3357
    nanosec: 950050037
  speed: 0.0
  acceleration: -1.5
  jerk: 0.0
---
stamp:
  sec: 3358
  nanosec: 50038
lateral:
  stamp:
    sec: 3358
    nanosec: 50038
  steering_tire_angle: 0.0
  steering_tire_rotation_rate: 0.0
longitudinal:
  stamp:
    sec: 3358
    nanosec: 50038
  speed: 0.0
  acceleration: -1.5
  jerk: 0.0
---
stamp:
  sec: 3358
  nanosec: 50050038
lateral:
  stamp:
    sec: 3358
    nanosec: 50050038
  steering_tire_angle: 0.0
  steering_tire_rotation_rate: 0.0
longitudinal:
  stamp:
    sec: 3358
    nanosec: 50050038
  speed: 0.0
  acceleration: -1.5
  jerk: 0.0
---
stamp:
  sec: 3358
  nanosec: 100050039
lateral:
  stamp:
    sec: 3358
    nanosec: 100050039
  steering_tire_angle: 0.0
  steering_tire_rotation_rate: 0.0
longitudinal:
  stamp:
    sec: 3358
    nanosec: 100050039
  speed: 0.0
  acceleration: -1.5
  jerk: 0.0
---
stamp:
  sec: 3358
  nanosec: 150050040
lateral:
  stamp:
    sec: 3358
    nanosec: 150050040
  steering_tire_angle: 0.0
  steering_tire_rotation_rate: 0.0
longitudinal:
  stamp:
    sec: 3358
    nanosec: 150050040
  speed: 0.0
  acceleration: -1.5
  jerk: 0.0
---
stamp:
  sec: 3358
  nanosec: 200050041
lateral:
  stamp:
    sec: 3358
    nanosec: 200050041
  steering_tire_angle: 0.0
  steering_tire_rotation_rate: 0.0
longitudinal:
  stamp:
    sec: 3358
    nanosec: 200050041
  speed: 0.0
  acceleration: -1.5
  jerk: 0.0
---
stamp:
  sec: 3358
  nanosec: 250050041
lateral:
  stamp:
    sec: 3358
    nanosec: 250050041
  steering_tire_angle: 0.0
  steering_tire_rotation_rate: 0.0
longitudinal:
  stamp:
    sec: 3358
    nanosec: 250050041
  speed: 0.0
  acceleration: -1.5
  jerk: 0.0
---
stamp:
  sec: 3358
  nanosec: 300050042
lateral:
  stamp:
    sec: 3358
    nanosec: 300050042
  steering_tire_angle: 0.0
  steering_tire_rotation_rate: 0.0
longitudinal:
  stamp:
    sec: 3358
    nanosec: 300050042
  speed: 0.0
  acceleration: -1.5
  jerk: 0.0
---
stamp:
  sec: 3358
  nanosec: 350050043
lateral:
  stamp:
    sec: 3358
    nanosec: 350050043
  steering_tire_angle: 0.0
  steering_tire_rotation_rate: 0.0
longitudinal:
  stamp:
    sec: 3358
    nanosec: 350050043
  speed: 0.0
  acceleration: -1.5
  jerk: 0.0
---
stamp:
  sec: 3358
  nanosec: 400050044
lateral:
  stamp:
    sec: 3358
    nanosec: 400050044
  steering_tire_angle: 0.0
  steering_tire_rotation_rate: 0.0
longitudinal:
  stamp:
    sec: 3358
    nanosec: 400050044
  speed: 0.0
  acceleration: -1.5
  jerk: 0.0
---
stamp:
  sec: 3358
  nanosec: 450050044
lateral:
  stamp:
    sec: 3358
    nanosec: 450050044
  steering_tire_angle: 0.0
  steering_tire_rotation_rate: 0.0
longitudinal:
  stamp:
    sec: 3358
    nanosec: 450050044
  speed: 0.0
  acceleration: -1.5
  jerk: 0.0
---
stamp:
  sec: 3358
  nanosec: 500050045
lateral:
  stamp:
    sec: 3358
    nanosec: 500050045
  steering_tire_angle: 0.0
  steering_tire_rotation_rate: 0.0
longitudinal:
  stamp:
    sec: 3358
    nanosec: 500050045
  speed: 0.0
  acceleration: -1.5
  jerk: 0.0
---
stamp:
  sec: 3358
  nanosec: 550050046
lateral:
  stamp:
    sec: 3358
    nanosec: 550050046
  steering_tire_angle: 0.0
  steering_tire_rotation_rate: 0.0
longitudinal:
  stamp:
    sec: 3358
    nanosec: 550050046
  speed: 0.0
  acceleration: -1.5
  jerk: 0.0
---
stamp:
  sec: 3358
  nanosec: 600050047
lateral:
  stamp:
    sec: 3358
    nanosec: 600050047
  steering_tire_angle: 0.0
  steering_tire_rotation_rate: 0.0
longitudinal:
  stamp:
    sec: 3358
    nanosec: 600050047
  speed: 0.0
  acceleration: -1.5
  jerk: 0.0
---
stamp:
  sec: 3358
  nanosec: 650050047
lateral:
  stamp:
    sec: 3358
    nanosec: 650050047
  steering_tire_angle: 0.0
  steering_tire_rotation_rate: 0.0
longitudinal:
  stamp:
    sec: 3358
    nanosec: 650050047
  speed: 0.0
  acceleration: -1.5
  jerk: 0.0
---
stamp:
  sec: 3358
  nanosec: 700050048
lateral:
  stamp:
    sec: 3358
    nanosec: 700050048
  steering_tire_angle: 0.0
  steering_tire_rotation_rate: 0.0
longitudinal:
  stamp:
    sec: 3358
    nanosec: 700050048
  speed: 0.0
  acceleration: -1.5
  jerk: 0.0
---
stamp:
  sec: 3358
  nanosec: 750050049
lateral:
  stamp:
    sec: 3358
    nanosec: 750050049
  steering_tire_angle: 0.0
  steering_tire_rotation_rate: 0.0
longitudinal:
  stamp:
    sec: 3358
    nanosec: 750050049
  speed: 0.0
  acceleration: -1.5
  jerk: 0.0
---
stamp:
  sec: 3358
  nanosec: 800050050
lateral:
  stamp:
    sec: 3358
    nanosec: 800050050
  steering_tire_angle: 0.0
  steering_tire_rotation_rate: 0.0
longitudinal:
  stamp:
    sec: 3358
    nanosec: 800050050
  speed: 0.0
  acceleration: -1.5
  jerk: 0.0
---
stamp:
  sec: 3358
  nanosec: 850050050
lateral:
  stamp:
    sec: 3358
    nanosec: 850050050
  steering_tire_angle: 0.0
  steering_tire_rotation_rate: 0.0
longitudinal:
  stamp:
    sec: 3358
    nanosec: 850050050
  speed: 0.0
  acceleration: -1.5
  jerk: 0.0
---
stamp:
  sec: 3358
  nanosec: 900050051
lateral:
  stamp:
    sec: 3358
    nanosec: 900050051
  steering_tire_angle: 0.0
  steering_tire_rotation_rate: 0.0
longitudinal:
  stamp:
    sec: 3358
    nanosec: 900050051
  speed: 0.0
  acceleration: -1.5
  jerk: 0.0
---
stamp:
  sec: 3358
  nanosec: 950050052
lateral:
  stamp:
    sec: 3358
    nanosec: 950050052
  steering_tire_angle: 0.0
  steering_tire_rotation_rate: 0.0
longitudinal:
  stamp:
    sec: 3358
    nanosec: 950050052
  speed: 0.0
  acceleration: -1.5
  jerk: 0.0
---
stamp:
  sec: 3359
  nanosec: 50053
lateral:
  stamp:
    sec: 3359
    nanosec: 50053
  steering_tire_angle: 0.0
  steering_tire_rotation_rate: 0.0
longitudinal:
  stamp:
    sec: 3359
    nanosec: 50053
  speed: 0.0
  acceleration: -1.5
  jerk: 0.0
---
stamp:
  sec: 3359
  nanosec: 50050053
lateral:
  stamp:
    sec: 3359
    nanosec: 50050053
  steering_tire_angle: 0.0
  steering_tire_rotation_rate: 0.0
longitudinal:
  stamp:
    sec: 3359
    nanosec: 50050053
  speed: 0.0
  acceleration: -1.5
  jerk: 0.0
---
stamp:
  sec: 3359
  nanosec: 100050054
lateral:
  stamp:
    sec: 3359
    nanosec: 100050054
  steering_tire_angle: 0.0
  steering_tire_rotation_rate: 0.0
longitudinal:
  stamp:
    sec: 3359
    nanosec: 100050054
  speed: 0.0
  acceleration: -1.5
  jerk: 0.0
---
stamp:
  sec: 3359
  nanosec: 150050055
lateral:
  stamp:
    sec: 3359
    nanosec: 150050055
  steering_tire_angle: 0.0
  steering_tire_rotation_rate: 0.0
longitudinal:
  stamp:
    sec: 3359
    nanosec: 150050055
  speed: 0.0
  acceleration: -1.5
  jerk: 0.0
---
stamp:
  sec: 3359
  nanosec: 200050055
lateral:
  stamp:
    sec: 3359
    nanosec: 200050055
  steering_tire_angle: 0.0
  steering_tire_rotation_rate: 0.0
longitudinal:
  stamp:
    sec: 3359
    nanosec: 200050055
  speed: 0.0
  acceleration: -1.5
  jerk: 0.0
---
stamp:
  sec: 3359
  nanosec: 250050056
lateral:
  stamp:
    sec: 3359
    nanosec: 250050056
  steering_tire_angle: 0.0
  steering_tire_rotation_rate: 0.0
longitudinal:
  stamp:
    sec: 3359
    nanosec: 250050056
  speed: 0.0
  acceleration: -1.5
  jerk: 0.0
---
stamp:
  sec: 3359
  nanosec: 300050057
lateral:
  stamp:
    sec: 3359
    nanosec: 300050057
  steering_tire_angle: 0.0
  steering_tire_rotation_rate: 0.0
longitudinal:
  stamp:
    sec: 3359
    nanosec: 300050057
  speed: 0.0
  acceleration: -1.5
  jerk: 0.0
---
stamp:
  sec: 3359
  nanosec: 350050058
lateral:
  stamp:
    sec: 3359
    nanosec: 350050058
  steering_tire_angle: 0.0
  steering_tire_rotation_rate: 0.0
longitudinal:
  stamp:
    sec: 3359
    nanosec: 350050058
  speed: 0.0
  acceleration: -1.5
  jerk: 0.0
---
stamp:
  sec: 3359
  nanosec: 400050058
lateral:
  stamp:
    sec: 3359
    nanosec: 400050058
  steering_tire_angle: 0.0
  steering_tire_rotation_rate: 0.0
longitudinal:
  stamp:
    sec: 3359
    nanosec: 400050058
  speed: 0.0
  acceleration: -1.5
  jerk: 0.0
---
stamp:
  sec: 3359
  nanosec: 450050059
lateral:
  stamp:
    sec: 3359
    nanosec: 450050059
  steering_tire_angle: 0.0
  steering_tire_rotation_rate: 0.0
longitudinal:
  stamp:
    sec: 3359
    nanosec: 450050059
  speed: 0.0
  acceleration: -1.5
  jerk: 0.0
---
stamp:
  sec: 3359
  nanosec: 500050060
lateral:
  stamp:
    sec: 3359
    nanosec: 500050060
  steering_tire_angle: 0.0
  steering_tire_rotation_rate: 0.0
longitudinal:
  stamp:
    sec: 3359
    nanosec: 500050060
  speed: 0.0
  acceleration: -1.5
  jerk: 0.0
---
stamp:
  sec: 3359
  nanosec: 550050061
lateral:
  stamp:
    sec: 3359
    nanosec: 550050061
  steering_tire_angle: 0.0
  steering_tire_rotation_rate: 0.0
longitudinal:
  stamp:
    sec: 3359
    nanosec: 550050061
  speed: 0.0
  acceleration: -1.5
  jerk: 0.0
---
stamp:
  sec: 3359
  nanosec: 600050061
lateral:
  stamp:
    sec: 3359
    nanosec: 600050061
  steering_tire_angle: 0.0
  steering_tire_rotation_rate: 0.0
longitudinal:
  stamp:
    sec: 3359
    nanosec: 600050061
  speed: 0.0
  acceleration: -1.5
  jerk: 0.0
---
stamp:
  sec: 3359
  nanosec: 650050062
lateral:
  stamp:
    sec: 3359
    nanosec: 650050062
  steering_tire_angle: 0.0
  steering_tire_rotation_rate: 0.0
longitudinal:
  stamp:
    sec: 3359
    nanosec: 650050062
  speed: 0.0
  acceleration: -1.5
  jerk: 0.0
---
stamp:
  sec: 3359
  nanosec: 700050063
lateral:
  stamp:
    sec: 3359
    nanosec: 700050063
  steering_tire_angle: 0.0
  steering_tire_rotation_rate: 0.0
longitudinal:
  stamp:
    sec: 3359
    nanosec: 700050063
  speed: 0.0
  acceleration: -1.5
  jerk: 0.0
---
stamp:
  sec: 3359
  nanosec: 750050064
lateral:
  stamp:
    sec: 3359
    nanosec: 750050064
  steering_tire_angle: 0.0
  steering_tire_rotation_rate: 0.0
longitudinal:
  stamp:
    sec: 3359
    nanosec: 750050064
  speed: 0.0
  acceleration: -1.5
  jerk: 0.0
---
stamp:
  sec: 3359
  nanosec: 800050064
lateral:
  stamp:
    sec: 3359
    nanosec: 800050064
  steering_tire_angle: 0.0
  steering_tire_rotation_rate: 0.0
longitudinal:
  stamp:
    sec: 3359
    nanosec: 800050064
  speed: 0.0
  acceleration: -1.5
  jerk: 0.0
---
stamp:
  sec: 3359
  nanosec: 850050065
lateral:
  stamp:
    sec: 3359
    nanosec: 850050065
  steering_tire_angle: 0.0
  steering_tire_rotation_rate: 0.0
longitudinal:
  stamp:
    sec: 3359
    nanosec: 850050065
  speed: 0.0
  acceleration: -1.5
  jerk: 0.0
---
stamp:
  sec: 3359
  nanosec: 900050066
lateral:
  stamp:
    sec: 3359
    nanosec: 900050066
  steering_tire_angle: 0.0
  steering_tire_rotation_rate: 0.0
longitudinal:
  stamp:
    sec: 3359
    nanosec: 900050066
  speed: 0.0
  acceleration: -1.5
  jerk: 0.0
---
stamp:
  sec: 3359
  nanosec: 950050067
lateral:
  stamp:
    sec: 3359
    nanosec: 950050067
  steering_tire_angle: 0.0
  steering_tire_rotation_rate: 0.0
longitudinal:
  stamp:
    sec: 3359
    nanosec: 950050067
  speed: 0.0
  acceleration: -1.5
  jerk: 0.0
---
stamp:
  sec: 3360
  nanosec: 50067
lateral:
  stamp:
    sec: 3360
    nanosec: 50067
  steering_tire_angle: 0.0
  steering_tire_rotation_rate: 0.0
longitudinal:
  stamp:
    sec: 3360
    nanosec: 50067
  speed: 0.0
  acceleration: -1.5
  jerk: 0.0
---
stamp:
  sec: 3360
  nanosec: 50050068
lateral:
  stamp:
    sec: 3360
    nanosec: 50050068
  steering_tire_angle: 0.0
  steering_tire_rotation_rate: 0.0
longitudinal:
  stamp:
    sec: 3360
    nanosec: 50050068
  speed: 0.0
  acceleration: -1.5
  jerk: 0.0
---
stamp:
  sec: 3360
  nanosec: 100050069
lateral:
  stamp:
    sec: 3360
    nanosec: 100050069
  steering_tire_angle: 0.0
  steering_tire_rotation_rate: 0.0
longitudinal:
  stamp:
    sec: 3360
    nanosec: 100050069
  speed: 0.0
  acceleration: -1.5
  jerk: 0.0
---
stamp:
  sec: 3360
  nanosec: 150050070
lateral:
  stamp:
    sec: 3360
    nanosec: 150050070
  steering_tire_angle: 0.0
  steering_tire_rotation_rate: 0.0
longitudinal:
  stamp:
    sec: 3360
    nanosec: 150050070
  speed: 0.0
  acceleration: -1.5
  jerk: 0.0
---
stamp:
  sec: 3360
  nanosec: 200050070
lateral:
  stamp:
    sec: 3360
    nanosec: 200050070
  steering_tire_angle: 0.0
  steering_tire_rotation_rate: 0.0
longitudinal:
  stamp:
    sec: 3360
    nanosec: 200050070
  speed: 0.0
  acceleration: -1.5
  jerk: 0.0
---
stamp:
  sec: 3360
  nanosec: 250050071
lateral:
  stamp:
    sec: 3360
    nanosec: 250050071
  steering_tire_angle: 0.0
  steering_tire_rotation_rate: 0.0
longitudinal:
  stamp:
    sec: 3360
    nanosec: 250050071
  speed: 0.0
  acceleration: -1.5
  jerk: 0.0
---
stamp:
  sec: 3360
  nanosec: 300050072
lateral:
  stamp:
    sec: 3360
    nanosec: 300050072
  steering_tire_angle: 0.0
  steering_tire_rotation_rate: 0.0
longitudinal:
  stamp:
    sec: 3360
    nanosec: 300050072
  speed: 0.0
  acceleration: -1.5
  jerk: 0.0
---
stamp:
  sec: 3360
  nanosec: 350050073
lateral:
  stamp:
    sec: 3360
    nanosec: 350050073
  steering_tire_angle: 0.0
  steering_tire_rotation_rate: 0.0
longitudinal:
  stamp:
    sec: 3360
    nanosec: 350050073
  speed: 0.0
  acceleration: -1.5
  jerk: 0.0
---
stamp:
  sec: 3360
  nanosec: 400050073
lateral:
  stamp:
    sec: 3360
    nanosec: 400050073
  steering_tire_angle: 0.0
  steering_tire_rotation_rate: 0.0
longitudinal:
  stamp:
    sec: 3360
    nanosec: 400050073
  speed: 0.0
  acceleration: -1.5
  jerk: 0.0
---
stamp:
  sec: 3360
  nanosec: 450050074
lateral:
  stamp:
    sec: 3360
    nanosec: 450050074
  steering_tire_angle: 0.0
  steering_tire_rotation_rate: 0.0
longitudinal:
  stamp:
    sec: 3360
    nanosec: 450050074
  speed: 0.0
  acceleration: -1.5
  jerk: 0.0
---
stamp:
  sec: 3360
  nanosec: 500050075
lateral:
  stamp:
    sec: 3360
    nanosec: 500050075
  steering_tire_angle: 0.0
  steering_tire_rotation_rate: 0.0
longitudinal:
  stamp:
    sec: 3360
    nanosec: 500050075
  speed: 0.0
  acceleration: -1.5
  jerk: 0.0
---
stamp:
  sec: 3360
  nanosec: 550050076
lateral:
  stamp:
    sec: 3360
    nanosec: 550050076
  steering_tire_angle: 0.0
  steering_tire_rotation_rate: 0.0
longitudinal:
  stamp:
    sec: 3360
    nanosec: 550050076
  speed: 0.0
  acceleration: -1.5
  jerk: 0.0
---
stamp:
  sec: 3360
  nanosec: 600050076
lateral:
  stamp:
    sec: 3360
    nanosec: 600050076
  steering_tire_angle: 0.0
  steering_tire_rotation_rate: 0.0
longitudinal:
  stamp:
    sec: 3360
    nanosec: 600050076
  speed: 0.0
  acceleration: -1.5
  jerk: 0.0
---
stamp:
  sec: 3360
  nanosec: 650050077
lateral:
  stamp:
    sec: 3360
    nanosec: 650050077
  steering_tire_angle: 0.0
  steering_tire_rotation_rate: 0.0
longitudinal:
  stamp:
    sec: 3360
    nanosec: 650050077
  speed: 0.0
  acceleration: -1.5
  jerk: 0.0
---
stamp:
  sec: 3360
  nanosec: 700050078
lateral:
  stamp:
    sec: 3360
    nanosec: 700050078
  steering_tire_angle: 0.0
  steering_tire_rotation_rate: 0.0
longitudinal:
  stamp:
    sec: 3360
    nanosec: 700050078
  speed: 0.0
  acceleration: -1.5
  jerk: 0.0
---
stamp:
  sec: 3360
  nanosec: 750050079
lateral:
  stamp:
    sec: 3360
    nanosec: 750050079
  steering_tire_angle: 0.0
  steering_tire_rotation_rate: 0.0
longitudinal:
  stamp:
    sec: 3360
    nanosec: 750050079
  speed: 0.0
  acceleration: -1.5
  jerk: 0.0
---
stamp:
  sec: 3360
  nanosec: 800050079
lateral:
  stamp:
    sec: 3360
    nanosec: 800050079
  steering_tire_angle: 0.0
  steering_tire_rotation_rate: 0.0
longitudinal:
  stamp:
    sec: 3360
    nanosec: 800050079
  speed: 0.0
  acceleration: -1.5
  jerk: 0.0
---
stamp:
  sec: 3360
  nanosec: 850050080
lateral:
  stamp:
    sec: 3360
    nanosec: 850050080
  steering_tire_angle: 0.0
  steering_tire_rotation_rate: 0.0
longitudinal:
  stamp:
    sec: 3360
    nanosec: 850050080
  speed: 0.0
  acceleration: -1.5
  jerk: 0.0
---
stamp:
  sec: 3360
  nanosec: 900050081
lateral:
  stamp:
    sec: 3360
    nanosec: 900050081
  steering_tire_angle: 0.0
  steering_tire_rotation_rate: 0.0
longitudinal:
  stamp:
    sec: 3360
    nanosec: 900050081
  speed: 0.0
  acceleration: -1.5
  jerk: 0.0
---
stamp:
  sec: 3360
  nanosec: 950050082
lateral:
  stamp:
    sec: 3360
    nanosec: 950050082
  steering_tire_angle: 0.0
  steering_tire_rotation_rate: 0.0
longitudinal:
  stamp:
    sec: 3360
    nanosec: 950050082
  speed: 0.0
  acceleration: -1.5
  jerk: 0.0
---
stamp:
  sec: 3361
  nanosec: 50082
lateral:
  stamp:
    sec: 3361
    nanosec: 50082
  steering_tire_angle: 0.0
  steering_tire_rotation_rate: 0.0
longitudinal:
  stamp:
    sec: 3361
    nanosec: 50082
  speed: 0.0
  acceleration: -1.5
  jerk: 0.0
---
stamp:
  sec: 3361
  nanosec: 50050083
lateral:
  stamp:
    sec: 3361
    nanosec: 50050083
  steering_tire_angle: 0.0
  steering_tire_rotation_rate: 0.0
longitudinal:
  stamp:
    sec: 3361
    nanosec: 50050083
  speed: 0.0
  acceleration: -1.5
  jerk: 0.0
---
stamp:
  sec: 3361
  nanosec: 100050084
lateral:
  stamp:
    sec: 3361
    nanosec: 100050084
  steering_tire_angle: 0.0
  steering_tire_rotation_rate: 0.0
longitudinal:
  stamp:
    sec: 3361
    nanosec: 100050084
  speed: 0.0
  acceleration: -1.5
  jerk: 0.0
---
stamp:
  sec: 3361
  nanosec: 150050085
lateral:
  stamp:
    sec: 3361
    nanosec: 150050085
  steering_tire_angle: 0.0
  steering_tire_rotation_rate: 0.0
longitudinal:
  stamp:
    sec: 3361
    nanosec: 150050085
  speed: 0.0
  acceleration: -1.5
  jerk: 0.0
---
stamp:
  sec: 3361
  nanosec: 200050085
lateral:
  stamp:
    sec: 3361
    nanosec: 200050085
  steering_tire_angle: 0.0
  steering_tire_rotation_rate: 0.0
longitudinal:
  stamp:
    sec: 3361
    nanosec: 200050085
  speed: 0.0
  acceleration: -1.5
  jerk: 0.0
---
stamp:
  sec: 3361
  nanosec: 250050086
lateral:
  stamp:
    sec: 3361
    nanosec: 250050086
  steering_tire_angle: 0.0
  steering_tire_rotation_rate: 0.0
longitudinal:
  stamp:
    sec: 3361
    nanosec: 250050086
  speed: 0.0
  acceleration: -1.5
  jerk: 0.0
---
stamp:
  sec: 3361
  nanosec: 300050087
lateral:
  stamp:
    sec: 3361
    nanosec: 300050087
  steering_tire_angle: 0.0
  steering_tire_rotation_rate: 0.0
longitudinal:
  stamp:
    sec: 3361
    nanosec: 300050087
  speed: 0.0
  acceleration: -1.5
  jerk: 0.0
---
stamp:
  sec: 3361
  nanosec: 350050088
lateral:
  stamp:
    sec: 3361
    nanosec: 350050088
  steering_tire_angle: 0.0
  steering_tire_rotation_rate: 0.0
longitudinal:
  stamp:
    sec: 3361
    nanosec: 350050088
  speed: 0.0
  acceleration: -1.5
  jerk: 0.0
---
stamp:
  sec: 3361
  nanosec: 400050088
lateral:
  stamp:
    sec: 3361
    nanosec: 400050088
  steering_tire_angle: 0.0
  steering_tire_rotation_rate: 0.0
longitudinal:
  stamp:
    sec: 3361
    nanosec: 400050088
  speed: 0.0
  acceleration: -1.5
  jerk: 0.0
---
stamp:
  sec: 3361
  nanosec: 450050089
lateral:
  stamp:
    sec: 3361
    nanosec: 450050089
  steering_tire_angle: 0.0
  steering_tire_rotation_rate: 0.0
longitudinal:
  stamp:
    sec: 3361
    nanosec: 450050089
  speed: 0.0
  acceleration: -1.5
  jerk: 0.0
---
stamp:
  sec: 3361
  nanosec: 500050090
lateral:
  stamp:
    sec: 3361
    nanosec: 500050090
  steering_tire_angle: 0.0
  steering_tire_rotation_rate: 0.0
longitudinal:
  stamp:
    sec: 3361
    nanosec: 500050090
  speed: 0.0
  acceleration: -1.5
  jerk: 0.0
---
stamp:
  sec: 3361
  nanosec: 550050090
lateral:
  stamp:
    sec: 3361
    nanosec: 550050090
  steering_tire_angle: 0.0
  steering_tire_rotation_rate: 0.0
longitudinal:
  stamp:
    sec: 3361
    nanosec: 550050090
  speed: 0.0
  acceleration: -1.5
  jerk: 0.0
---
stamp:
  sec: 3361
  nanosec: 600050091
lateral:
  stamp:
    sec: 3361
    nanosec: 600050091
  steering_tire_angle: 0.0
  steering_tire_rotation_rate: 0.0
longitudinal:
  stamp:
    sec: 3361
    nanosec: 600050091
  speed: 0.0
  acceleration: -1.5
  jerk: 0.0
---
stamp:
  sec: 3361
  nanosec: 650050092
lateral:
  stamp:
    sec: 3361
    nanosec: 650050092
  steering_tire_angle: 0.0
  steering_tire_rotation_rate: 0.0
longitudinal:
  stamp:
    sec: 3361
    nanosec: 650050092
  speed: 0.0
  acceleration: -1.5
  jerk: 0.0
---
stamp:
  sec: 3361
  nanosec: 700050093
lateral:
  stamp:
    sec: 3361
    nanosec: 700050093
  steering_tire_angle: 0.0
  steering_tire_rotation_rate: 0.0
longitudinal:
  stamp:
    sec: 3361
    nanosec: 700050093
  speed: 0.0
  acceleration: -1.5
  jerk: 0.0
---
stamp:
  sec: 3361
  nanosec: 750050093
lateral:
  stamp:
    sec: 3361
    nanosec: 750050093
  steering_tire_angle: 0.0
  steering_tire_rotation_rate: 0.0
longitudinal:
  stamp:
    sec: 3361
    nanosec: 750050093
  speed: 0.0
  acceleration: -1.5
  jerk: 0.0
---
stamp:
  sec: 3361
  nanosec: 800050094
lateral:
  stamp:
    sec: 3361
    nanosec: 800050094
  steering_tire_angle: 0.0
  steering_tire_rotation_rate: 0.0
longitudinal:
  stamp:
    sec: 3361
    nanosec: 800050094
  speed: 0.0
  acceleration: -1.5
  jerk: 0.0
---
stamp:
  sec: 3361
  nanosec: 850050095
lateral:
  stamp:
    sec: 3361
    nanosec: 850050095
  steering_tire_angle: 0.0
  steering_tire_rotation_rate: 0.0
longitudinal:
  stamp:
    sec: 3361
    nanosec: 850050095
  speed: 0.0
  acceleration: -1.5
  jerk: 0.0
---
stamp:
  sec: 3361
  nanosec: 900050096
lateral:
  stamp:
    sec: 3361
    nanosec: 900050096
  steering_tire_angle: 0.0
  steering_tire_rotation_rate: 0.0
longitudinal:
  stamp:
    sec: 3361
    nanosec: 900050096
  speed: 0.0
  acceleration: -1.5
  jerk: 0.0
---
stamp:
  sec: 3361
  nanosec: 950050096
lateral:
  stamp:
    sec: 3361
    nanosec: 950050096
  steering_tire_angle: 0.0
  steering_tire_rotation_rate: 0.0
longitudinal:
  stamp:
    sec: 3361
    nanosec: 950050096
  speed: 0.0
  acceleration: -1.5
  jerk: 0.0
---
stamp:
  sec: 3362
  nanosec: 50097
lateral:
  stamp:
    sec: 3362
    nanosec: 50097
  steering_tire_angle: 0.0
  steering_tire_rotation_rate: 0.0
longitudinal:
  stamp:
    sec: 3362
    nanosec: 50097
  speed: 0.0
  acceleration: -1.5
  jerk: 0.0
---
stamp:
  sec: 3362
  nanosec: 50050098
lateral:
  stamp:
    sec: 3362
    nanosec: 50050098
  steering_tire_angle: 0.0
  steering_tire_rotation_rate: 0.0
longitudinal:
  stamp:
    sec: 3362
    nanosec: 50050098
  speed: 0.0
  acceleration: -1.5
  jerk: 0.0
---
stamp:
  sec: 3362
  nanosec: 100050099
lateral:
  stamp:
    sec: 3362
    nanosec: 100050099
  steering_tire_angle: 0.0
  steering_tire_rotation_rate: 0.0
longitudinal:
  stamp:
    sec: 3362
    nanosec: 100050099
  speed: 0.0
  acceleration: -1.5
  jerk: 0.0
---
stamp:
  sec: 3362
  nanosec: 150050099
lateral:
  stamp:
    sec: 3362
    nanosec: 150050099
  steering_tire_angle: 0.0
  steering_tire_rotation_rate: 0.0
longitudinal:
  stamp:
    sec: 3362
    nanosec: 150050099
  speed: 0.0
  acceleration: -1.5
  jerk: 0.0
---
stamp:
  sec: 3362
  nanosec: 200050100
lateral:
  stamp:
    sec: 3362
    nanosec: 200050100
  steering_tire_angle: 0.0
  steering_tire_rotation_rate: 0.0
longitudinal:
  stamp:
    sec: 3362
    nanosec: 200050100
  speed: 0.0
  acceleration: -1.5
  jerk: 0.0
---
stamp:
  sec: 3362
  nanosec: 250050101
lateral:
  stamp:
    sec: 3362
    nanosec: 250050101
  steering_tire_angle: 0.0
  steering_tire_rotation_rate: 0.0
longitudinal:
  stamp:
    sec: 3362
    nanosec: 250050101
  speed: 0.0
  acceleration: -1.5
  jerk: 0.0
---
stamp:
  sec: 3362
  nanosec: 300050102
lateral:
  stamp:
    sec: 3362
    nanosec: 300050102
  steering_tire_angle: 0.0
  steering_tire_rotation_rate: 0.0
longitudinal:
  stamp:
    sec: 3362
    nanosec: 300050102
  speed: 0.0
  acceleration: -1.5
  jerk: 0.0
---
stamp:
  sec: 3362
  nanosec: 350050102
lateral:
  stamp:
    sec: 3362
    nanosec: 350050102
  steering_tire_angle: 0.0
  steering_tire_rotation_rate: 0.0
longitudinal:
  stamp:
    sec: 3362
    nanosec: 350050102
  speed: 0.0
  acceleration: -1.5
  jerk: 0.0
---
stamp:
  sec: 3362
  nanosec: 400050103
lateral:
  stamp:
    sec: 3362
    nanosec: 400050103
  steering_tire_angle: 0.0
  steering_tire_rotation_rate: 0.0
longitudinal:
  stamp:
    sec: 3362
    nanosec: 400050103
  speed: 0.0
  acceleration: -1.5
  jerk: 0.0
---
stamp:
  sec: 3362
  nanosec: 450050104
lateral:
  stamp:
    sec: 3362
    nanosec: 450050104
  steering_tire_angle: 0.0
  steering_tire_rotation_rate: 0.0
longitudinal:
  stamp:
    sec: 3362
    nanosec: 450050104
  speed: 0.0
  acceleration: -1.5
  jerk: 0.0
---
stamp:
  sec: 3362
  nanosec: 500050105
lateral:
  stamp:
    sec: 3362
    nanosec: 500050105
  steering_tire_angle: 0.0
  steering_tire_rotation_rate: 0.0
longitudinal:
  stamp:
    sec: 3362
    nanosec: 500050105
  speed: 0.0
  acceleration: -1.5
  jerk: 0.0
---
stamp:
  sec: 3362
  nanosec: 550050105
lateral:
  stamp:
    sec: 3362
    nanosec: 550050105
  steering_tire_angle: 0.0
  steering_tire_rotation_rate: 0.0
longitudinal:
  stamp:
    sec: 3362
    nanosec: 550050105
  speed: 0.0
  acceleration: -1.5
  jerk: 0.0
---
stamp:
  sec: 3362
  nanosec: 600050106
lateral:
  stamp:
    sec: 3362
    nanosec: 600050106
  steering_tire_angle: 0.0
  steering_tire_rotation_rate: 0.0
longitudinal:
  stamp:
    sec: 3362
    nanosec: 600050106
  speed: 0.0
  acceleration: -1.5
  jerk: 0.0
---
stamp:
  sec: 3362
  nanosec: 650050107
lateral:
  stamp:
    sec: 3362
    nanosec: 650050107
  steering_tire_angle: 0.0
  steering_tire_rotation_rate: 0.0
longitudinal:
  stamp:
    sec: 3362
    nanosec: 650050107
  speed: 0.0
  acceleration: -1.5
  jerk: 0.0
---
stamp:
  sec: 3362
  nanosec: 700050108
lateral:
  stamp:
    sec: 3362
    nanosec: 700050108
  steering_tire_angle: 0.0
  steering_tire_rotation_rate: 0.0
longitudinal:
  stamp:
    sec: 3362
    nanosec: 700050108
  speed: 0.0
  acceleration: -1.5
  jerk: 0.0
---
stamp:
  sec: 3362
  nanosec: 750050108
lateral:
  stamp:
    sec: 3362
    nanosec: 750050108
  steering_tire_angle: 0.0
  steering_tire_rotation_rate: 0.0
longitudinal:
  stamp:
    sec: 3362
    nanosec: 750050108
  speed: 0.0
  acceleration: -1.5
  jerk: 0.0
---
stamp:
  sec: 3362
  nanosec: 800050109
lateral:
  stamp:
    sec: 3362
    nanosec: 800050109
  steering_tire_angle: 0.0
  steering_tire_rotation_rate: 0.0
longitudinal:
  stamp:
    sec: 3362
    nanosec: 800050109
  speed: 0.0
  acceleration: -1.5
  jerk: 0.0
---
stamp:
  sec: 3362
  nanosec: 850050110
lateral:
  stamp:
    sec: 3362
    nanosec: 850050110
  steering_tire_angle: 0.0
  steering_tire_rotation_rate: 0.0
longitudinal:
  stamp:
    sec: 3362
    nanosec: 850050110
  speed: 0.0
  acceleration: -1.5
  jerk: 0.0
---
stamp:
  sec: 3362
  nanosec: 900050111
lateral:
  stamp:
    sec: 3362
    nanosec: 900050111
  steering_tire_angle: 0.0
  steering_tire_rotation_rate: 0.0
longitudinal:
  stamp:
    sec: 3362
    nanosec: 900050111
  speed: 0.0
  acceleration: -1.5
  jerk: 0.0
---
stamp:
  sec: 3362
  nanosec: 950050111
lateral:
  stamp:
    sec: 3362
    nanosec: 950050111
  steering_tire_angle: 0.0
  steering_tire_rotation_rate: 0.0
longitudinal:
  stamp:
    sec: 3362
    nanosec: 950050111
  speed: 0.0
  acceleration: -1.5
  jerk: 0.0
---
stamp:
  sec: 3363
  nanosec: 50112
lateral:
  stamp:
    sec: 3363
    nanosec: 50112
  steering_tire_angle: 0.0
  steering_tire_rotation_rate: 0.0
longitudinal:
  stamp:
    sec: 3363
    nanosec: 50112
  speed: 0.0
  acceleration: -1.5
  jerk: 0.0
---
stamp:
  sec: 3363
  nanosec: 50050113
lateral:
  stamp:
    sec: 3363
    nanosec: 50050113
  steering_tire_angle: 0.0
  steering_tire_rotation_rate: 0.0
longitudinal:
  stamp:
    sec: 3363
    nanosec: 50050113
  speed: 0.0
  acceleration: -1.5
  jerk: 0.0
---
stamp:
  sec: 3363
  nanosec: 100050114
lateral:
  stamp:
    sec: 3363
    nanosec: 100050114
  steering_tire_angle: 0.0
  steering_tire_rotation_rate: 0.0
longitudinal:
  stamp:
    sec: 3363
    nanosec: 100050114
  speed: 0.0
  acceleration: -1.5
  jerk: 0.0
---
stamp:
  sec: 3363
  nanosec: 150050114
lateral:
  stamp:
    sec: 3363
    nanosec: 150050114
  steering_tire_angle: 0.0
  steering_tire_rotation_rate: 0.0
longitudinal:
  stamp:
    sec: 3363
    nanosec: 150050114
  speed: 0.0
  acceleration: -1.5
  jerk: 0.0
---
stamp:
  sec: 3363
  nanosec: 200050115
lateral:
  stamp:
    sec: 3363
    nanosec: 200050115
  steering_tire_angle: 0.0
  steering_tire_rotation_rate: 0.0
longitudinal:
  stamp:
    sec: 3363
    nanosec: 200050115
  speed: 0.0
  acceleration: -1.5
  jerk: 0.0
---
stamp:
  sec: 3363
  nanosec: 250050116
lateral:
  stamp:
    sec: 3363
    nanosec: 250050116
  steering_tire_angle: 0.0
  steering_tire_rotation_rate: 0.0
longitudinal:
  stamp:
    sec: 3363
    nanosec: 250050116
  speed: 0.0
  acceleration: -1.5
  jerk: 0.0
---
stamp:
  sec: 3363
  nanosec: 300050117
lateral:
  stamp:
    sec: 3363
    nanosec: 300050117
  steering_tire_angle: 0.0
  steering_tire_rotation_rate: 0.0
longitudinal:
  stamp:
    sec: 3363
    nanosec: 300050117
  speed: 0.0
  acceleration: -1.5
  jerk: 0.0
---
stamp:
  sec: 3363
  nanosec: 350050117
lateral:
  stamp:
    sec: 3363
    nanosec: 350050117
  steering_tire_angle: 0.0
  steering_tire_rotation_rate: 0.0
longitudinal:
  stamp:
    sec: 3363
    nanosec: 350050117
  speed: 0.0
  acceleration: -1.5
  jerk: 0.0
---
stamp:
  sec: 3363
  nanosec: 400050118
lateral:
  stamp:
    sec: 3363
    nanosec: 400050118
  steering_tire_angle: 0.0
  steering_tire_rotation_rate: 0.0
longitudinal:
  stamp:
    sec: 3363
    nanosec: 400050118
  speed: 0.0
  acceleration: -1.5
  jerk: 0.0
---
stamp:
  sec: 3363
  nanosec: 450050119
lateral:
  stamp:
    sec: 3363
    nanosec: 450050119
  steering_tire_angle: 0.0
  steering_tire_rotation_rate: 0.0
longitudinal:
  stamp:
    sec: 3363
    nanosec: 450050119
  speed: 0.0
  acceleration: -1.5
  jerk: 0.0
---
stamp:
  sec: 3363
  nanosec: 500050120
lateral:
  stamp:
    sec: 3363
    nanosec: 500050120
  steering_tire_angle: 0.0
  steering_tire_rotation_rate: 0.0
longitudinal:
  stamp:
    sec: 3363
    nanosec: 500050120
  speed: 0.0
  acceleration: -1.5
  jerk: 0.0
---
stamp:
  sec: 3363
  nanosec: 550050120
lateral:
  stamp:
    sec: 3363
    nanosec: 550050120
  steering_tire_angle: 0.0
  steering_tire_rotation_rate: 0.0
longitudinal:
  stamp:
    sec: 3363
    nanosec: 550050120
  speed: 0.0
  acceleration: -1.5
  jerk: 0.0
---
stamp:
  sec: 3363
  nanosec: 600050121
lateral:
  stamp:
    sec: 3363
    nanosec: 600050121
  steering_tire_angle: 0.0
  steering_tire_rotation_rate: 0.0
longitudinal:
  stamp:
    sec: 3363
    nanosec: 600050121
  speed: 0.0
  acceleration: -1.5
  jerk: 0.0
---
stamp:
  sec: 3363
  nanosec: 650050122
lateral:
  stamp:
    sec: 3363
    nanosec: 650050122
  steering_tire_angle: 0.0
  steering_tire_rotation_rate: 0.0
longitudinal:
  stamp:
    sec: 3363
    nanosec: 650050122
  speed: 0.0
  acceleration: -1.5
  jerk: 0.0
---
stamp:
  sec: 3363
  nanosec: 700050123
lateral:
  stamp:
    sec: 3363
    nanosec: 700050123
  steering_tire_angle: 0.0
  steering_tire_rotation_rate: 0.0
longitudinal:
  stamp:
    sec: 3363
    nanosec: 700050123
  speed: 0.0
  acceleration: -1.5
  jerk: 0.0
---
stamp:
  sec: 3363
  nanosec: 750050123
lateral:
  stamp:
    sec: 3363
    nanosec: 750050123
  steering_tire_angle: 0.0
  steering_tire_rotation_rate: 0.0
longitudinal:
  stamp:
    sec: 3363
    nanosec: 750050123
  speed: 0.0
  acceleration: -1.5
  jerk: 0.0
---
stamp:
  sec: 3363
  nanosec: 800050124
lateral:
  stamp:
    sec: 3363
    nanosec: 800050124
  steering_tire_angle: 0.0
  steering_tire_rotation_rate: 0.0
longitudinal:
  stamp:
    sec: 3363
    nanosec: 800050124
  speed: 0.0
  acceleration: -1.5
  jerk: 0.0
---
stamp:
  sec: 3363
  nanosec: 850050125
lateral:
  stamp:
    sec: 3363
    nanosec: 850050125
  steering_tire_angle: 0.0
  steering_tire_rotation_rate: 0.0
longitudinal:
  stamp:
    sec: 3363
    nanosec: 850050125
  speed: 0.0
  acceleration: -1.5
  jerk: 0.0
---
stamp:
  sec: 3363
  nanosec: 900050126
lateral:
  stamp:
    sec: 3363
    nanosec: 900050126
  steering_tire_angle: 0.0
  steering_tire_rotation_rate: 0.0
longitudinal:
  stamp:
    sec: 3363
    nanosec: 900050126
  speed: 0.0
  acceleration: -1.5
  jerk: 0.0
---
stamp:
  sec: 3363
  nanosec: 950050126
lateral:
  stamp:
    sec: 3363
    nanosec: 950050126
  steering_tire_angle: 0.0
  steering_tire_rotation_rate: 0.0
longitudinal:
  stamp:
    sec: 3363
    nanosec: 950050126
  speed: 0.0
  acceleration: -1.5
  jerk: 0.0
---
stamp:
  sec: 3364
  nanosec: 50127
lateral:
  stamp:
    sec: 3364
    nanosec: 50127
  steering_tire_angle: 0.0
  steering_tire_rotation_rate: 0.0
longitudinal:
  stamp:
    sec: 3364
    nanosec: 50127
  speed: 0.0
  acceleration: -1.5
  jerk: 0.0
---
stamp:
  sec: 3364
  nanosec: 50050128
lateral:
  stamp:
    sec: 3364
    nanosec: 50050128
  steering_tire_angle: 0.0
  steering_tire_rotation_rate: 0.0
longitudinal:
  stamp:
    sec: 3364
    nanosec: 50050128
  speed: 0.0
  acceleration: -1.5
  jerk: 0.0
---
stamp:
  sec: 3364
  nanosec: 100050128
lateral:
  stamp:
    sec: 3364
    nanosec: 100050128
  steering_tire_angle: 0.0
  steering_tire_rotation_rate: 0.0
longitudinal:
  stamp:
    sec: 3364
    nanosec: 100050128
  speed: 0.0
  acceleration: -1.5
  jerk: 0.0
---
stamp:
  sec: 3364
  nanosec: 150050129
lateral:
  stamp:
    sec: 3364
    nanosec: 150050129
  steering_tire_angle: 0.0
  steering_tire_rotation_rate: 0.0
longitudinal:
  stamp:
    sec: 3364
    nanosec: 150050129
  speed: 0.0
  acceleration: -1.5
  jerk: 0.0
---
stamp:
  sec: 3364
  nanosec: 200050130
lateral:
  stamp:
    sec: 3364
    nanosec: 200050130
  steering_tire_angle: 0.0
  steering_tire_rotation_rate: 0.0
longitudinal:
  stamp:
    sec: 3364
    nanosec: 200050130
  speed: 0.0
  acceleration: -1.5
  jerk: 0.0
---
stamp:
  sec: 3364
  nanosec: 250050131
lateral:
  stamp:
    sec: 3364
    nanosec: 250050131
  steering_tire_angle: 0.0
  steering_tire_rotation_rate: 0.0
longitudinal:
  stamp:
    sec: 3364
    nanosec: 250050131
  speed: 0.0
  acceleration: -1.5
  jerk: 0.0
---
stamp:
  sec: 3364
  nanosec: 300050131
lateral:
  stamp:
    sec: 3364
    nanosec: 300050131
  steering_tire_angle: 0.0
  steering_tire_rotation_rate: 0.0
longitudinal:
  stamp:
    sec: 3364
    nanosec: 300050131
  speed: 0.0
  acceleration: -1.5
  jerk: 0.0
---
stamp:
  sec: 3364
  nanosec: 350050132
lateral:
  stamp:
    sec: 3364
    nanosec: 350050132
  steering_tire_angle: 0.0
  steering_tire_rotation_rate: 0.0
longitudinal:
  stamp:
    sec: 3364
    nanosec: 350050132
  speed: 0.0
  acceleration: -1.5
  jerk: 0.0
---
stamp:
  sec: 3364
  nanosec: 400050133
lateral:
  stamp:
    sec: 3364
    nanosec: 400050133
  steering_tire_angle: 0.0
  steering_tire_rotation_rate: 0.0
longitudinal:
  stamp:
    sec: 3364
    nanosec: 400050133
  speed: 0.0
  acceleration: -1.5
  jerk: 0.0
---
stamp:
  sec: 3364
  nanosec: 450050134
lateral:
  stamp:
    sec: 3364
    nanosec: 450050134
  steering_tire_angle: 0.0
  steering_tire_rotation_rate: 0.0
longitudinal:
  stamp:
    sec: 3364
    nanosec: 450050134
  speed: 0.0
  acceleration: -1.5
  jerk: 0.0
---
stamp:
  sec: 3364
  nanosec: 500050134
lateral:
  stamp:
    sec: 3364
    nanosec: 500050134
  steering_tire_angle: 0.0
  steering_tire_rotation_rate: 0.0
longitudinal:
  stamp:
    sec: 3364
    nanosec: 500050134
  speed: 0.0
  acceleration: -1.5
  jerk: 0.0
---
stamp:
  sec: 3364
  nanosec: 550050135
lateral:
  stamp:
    sec: 3364
    nanosec: 550050135
  steering_tire_angle: 0.0
  steering_tire_rotation_rate: 0.0
longitudinal:
  stamp:
    sec: 3364
    nanosec: 550050135
  speed: 0.0
  acceleration: -1.5
  jerk: 0.0
---
stamp:
  sec: 3364
  nanosec: 600050136
lateral:
  stamp:
    sec: 3364
    nanosec: 600050136
  steering_tire_angle: 0.0
  steering_tire_rotation_rate: 0.0
longitudinal:
  stamp:
    sec: 3364
    nanosec: 600050136
  speed: 0.0
  acceleration: -1.5
  jerk: 0.0
---
stamp:
  sec: 3364
  nanosec: 650050137
lateral:
  stamp:
    sec: 3364
    nanosec: 650050137
  steering_tire_angle: 0.0
  steering_tire_rotation_rate: 0.0
longitudinal:
  stamp:
    sec: 3364
    nanosec: 650050137
  speed: 0.0
  acceleration: -1.5
  jerk: 0.0
---
stamp:
  sec: 3364
  nanosec: 700050137
lateral:
  stamp:
    sec: 3364
    nanosec: 700050137
  steering_tire_angle: 0.0
  steering_tire_rotation_rate: 0.0
longitudinal:
  stamp:
    sec: 3364
    nanosec: 700050137
  speed: 0.0
  acceleration: -1.5
  jerk: 0.0
---
stamp:
  sec: 3364
  nanosec: 750050138
lateral:
  stamp:
    sec: 3364
    nanosec: 750050138
  steering_tire_angle: 0.0
  steering_tire_rotation_rate: 0.0
longitudinal:
  stamp:
    sec: 3364
    nanosec: 750050138
  speed: 0.0
  acceleration: -1.5
  jerk: 0.0
---
stamp:
  sec: 3364
  nanosec: 800050139
lateral:
  stamp:
    sec: 3364
    nanosec: 800050139
  steering_tire_angle: 0.0
  steering_tire_rotation_rate: 0.0
longitudinal:
  stamp:
    sec: 3364
    nanosec: 800050139
  speed: 0.0
  acceleration: -1.5
  jerk: 0.0
---
stamp:
  sec: 3364
  nanosec: 850050140
lateral:
  stamp:
    sec: 3364
    nanosec: 850050140
  steering_tire_angle: 0.0
  steering_tire_rotation_rate: 0.0
longitudinal:
  stamp:
    sec: 3364
    nanosec: 850050140
  speed: 0.0
  acceleration: -1.5
  jerk: 0.0
---
stamp:
  sec: 3364
  nanosec: 900050140
lateral:
  stamp:
    sec: 3364
    nanosec: 900050140
  steering_tire_angle: 0.0
  steering_tire_rotation_rate: 0.0
longitudinal:
  stamp:
    sec: 3364
    nanosec: 900050140
  speed: 0.0
  acceleration: -1.5
  jerk: 0.0
---
stamp:
  sec: 3364
  nanosec: 950050141
lateral:
  stamp:
    sec: 3364
    nanosec: 950050141
  steering_tire_angle: 0.0
  steering_tire_rotation_rate: 0.0
longitudinal:
  stamp:
    sec: 3364
    nanosec: 950050141
  speed: 0.0
  acceleration: -1.5
  jerk: 0.0
---
stamp:
  sec: 3365
  nanosec: 50142
lateral:
  stamp:
    sec: 3365
    nanosec: 50142
  steering_tire_angle: 0.0
  steering_tire_rotation_rate: 0.0
longitudinal:
  stamp:
    sec: 3365
    nanosec: 50142
  speed: 0.0
  acceleration: -1.5
  jerk: 0.0
---
stamp:
  sec: 3365
  nanosec: 50050143
lateral:
  stamp:
    sec: 3365
    nanosec: 50050143
  steering_tire_angle: 0.0
  steering_tire_rotation_rate: 0.0
longitudinal:
  stamp:
    sec: 3365
    nanosec: 50050143
  speed: 0.0
  acceleration: -1.5
  jerk: 0.0
---
stamp:
  sec: 3365
  nanosec: 100050143
lateral:
  stamp:
    sec: 3365
    nanosec: 100050143
  steering_tire_angle: 0.0
  steering_tire_rotation_rate: 0.0
longitudinal:
  stamp:
    sec: 3365
    nanosec: 100050143
  speed: 0.0
  acceleration: -1.5
  jerk: 0.0
---
stamp:
  sec: 3365
  nanosec: 150050144
lateral:
  stamp:
    sec: 3365
    nanosec: 150050144
  steering_tire_angle: 0.0
  steering_tire_rotation_rate: 0.0
longitudinal:
  stamp:
    sec: 3365
    nanosec: 150050144
  speed: 0.0
  acceleration: -1.5
  jerk: 0.0
---
stamp:
  sec: 3365
  nanosec: 200050145
lateral:
  stamp:
    sec: 3365
    nanosec: 200050145
  steering_tire_angle: 0.0
  steering_tire_rotation_rate: 0.0
longitudinal:
  stamp:
    sec: 3365
    nanosec: 200050145
  speed: 0.0
  acceleration: -1.5
  jerk: 0.0
---
stamp:
  sec: 3365
  nanosec: 250050146
lateral:
  stamp:
    sec: 3365
    nanosec: 250050146
  steering_tire_angle: 0.0
  steering_tire_rotation_rate: 0.0
longitudinal:
  stamp:
    sec: 3365
    nanosec: 250050146
  speed: 0.0
  acceleration: -1.5
  jerk: 0.0
---
stamp:
  sec: 3365
  nanosec: 300050146
lateral:
  stamp:
    sec: 3365
    nanosec: 300050146
  steering_tire_angle: 0.0
  steering_tire_rotation_rate: 0.0
longitudinal:
  stamp:
    sec: 3365
    nanosec: 300050146
  speed: 0.0
  acceleration: -1.5
  jerk: 0.0
---
stamp:
  sec: 3365
  nanosec: 350050147
lateral:
  stamp:
    sec: 3365
    nanosec: 350050147
  steering_tire_angle: 0.0
  steering_tire_rotation_rate: 0.0
longitudinal:
  stamp:
    sec: 3365
    nanosec: 350050147
  speed: 0.0
  acceleration: -1.5
  jerk: 0.0
---
stamp:
  sec: 3365
  nanosec: 400050148
lateral:
  stamp:
    sec: 3365
    nanosec: 400050148
  steering_tire_angle: 0.0
  steering_tire_rotation_rate: 0.0
longitudinal:
  stamp:
    sec: 3365
    nanosec: 400050148
  speed: 0.0
  acceleration: -1.5
  jerk: 0.0
---
stamp:
  sec: 3365
  nanosec: 450050149
lateral:
  stamp:
    sec: 3365
    nanosec: 450050149
  steering_tire_angle: 0.0
  steering_tire_rotation_rate: 0.0
longitudinal:
  stamp:
    sec: 3365
    nanosec: 450050149
  speed: 0.0
  acceleration: -1.5
  jerk: 0.0
---
stamp:
  sec: 3365
  nanosec: 500050149
lateral:
  stamp:
    sec: 3365
    nanosec: 500050149
  steering_tire_angle: 0.0
  steering_tire_rotation_rate: 0.0
longitudinal:
  stamp:
    sec: 3365
    nanosec: 500050149
  speed: 0.0
  acceleration: -1.5
  jerk: 0.0
---
stamp:
  sec: 3365
  nanosec: 550050150
lateral:
  stamp:
    sec: 3365
    nanosec: 550050150
  steering_tire_angle: 0.0
  steering_tire_rotation_rate: 0.0
longitudinal:
  stamp:
    sec: 3365
    nanosec: 550050150
  speed: 0.0
  acceleration: -1.0
  jerk: 0.0
---
stamp:
  sec: 3365
  nanosec: 600050151
lateral:
  stamp:
    sec: 3365
    nanosec: 600050151
  steering_tire_angle: -0.040363721549510956
  steering_tire_rotation_rate: -0.044418707489967346
longitudinal:
  stamp:
    sec: 3365
    nanosec: 600050151
  speed: 0.05000000074505806
  acceleration: -0.9750000238418579
  jerk: 0.0
---
stamp:
  sec: 3365
  nanosec: 650050152
lateral:
  stamp:
    sec: 3365
    nanosec: 650050152
  steering_tire_angle: -0.040363721549510956
  steering_tire_rotation_rate: -0.04441890865564346
longitudinal:
  stamp:
    sec: 3365
    nanosec: 650050152
  speed: 0.10000000149011612
  acceleration: -0.9500000476837158
  jerk: 0.0
---
stamp:
  sec: 3365
  nanosec: 700050152
lateral:
  stamp:
    sec: 3365
    nanosec: 700050152
  steering_tire_angle: -0.040363721549510956
  steering_tire_rotation_rate: -2.280515332131472e-09
longitudinal:
  stamp:
    sec: 3365
    nanosec: 700050152
  speed: 0.15000000596046448
  acceleration: -0.9250000715255737
  jerk: 0.0
---
stamp:
  sec: 3365
  nanosec: 750050153
lateral:
  stamp:
    sec: 3365
    nanosec: 750050153
  steering_tire_angle: -0.040363721549510956
  steering_tire_rotation_rate: -2.2785267006497634e-09
longitudinal:
  stamp:
    sec: 3365
    nanosec: 750050153
  speed: 0.25
  acceleration: 0.25
  jerk: 0.0
---
stamp:
  sec: 3365
  nanosec: 800050154
lateral:
  stamp:
    sec: 3365
    nanosec: 800050154
  steering_tire_angle: -0.040363721549510956
  steering_tire_rotation_rate: -2.2764909957118107e-09
longitudinal:
  stamp:
    sec: 3365
    nanosec: 800050154
  speed: 0.25000491738319397
  acceleration: 0.3000294268131256
  jerk: 0.0
---
stamp:
  sec: 3365
  nanosec: 850050155
lateral:
  stamp:
    sec: 3365
    nanosec: 850050155
  steering_tire_angle: -0.040363721549510956
  steering_tire_rotation_rate: -2.2744481853465004e-09
longitudinal:
  stamp:
    sec: 3365
    nanosec: 850050155
  speed: 0.25
  acceleration: 0.30000725388526917
  jerk: 0.0
---
stamp:
  sec: 3365
  nanosec: 900050155
lateral:
  stamp:
    sec: 3365
    nanosec: 900050155
  steering_tire_angle: -0.040363721549510956
  steering_tire_rotation_rate: -2.2728510185032746e-09
longitudinal:
  stamp:
    sec: 3365
    nanosec: 900050155
  speed: 0.2505950331687927
  acceleration: 0.30264419317245483
  jerk: 0.0
---
stamp:
  sec: 3365
  nanosec: 950050156
lateral:
  stamp:
    sec: 3365
    nanosec: 950050156
  steering_tire_angle: -0.040363721549510956
  steering_tire_rotation_rate: -2.2709019109612427e-09
longitudinal:
  stamp:
    sec: 3365
    nanosec: 950050156
  speed: 0.2507234215736389
  acceleration: 0.30326610803604126
  jerk: 0.0
---
stamp:
  sec: 3366
  nanosec: 50157
lateral:
  stamp:
    sec: 3366
    nanosec: 50157
  steering_tire_angle: -0.040363721549510956
  steering_tire_rotation_rate: -2.269615828609517e-09
longitudinal:
  stamp:
    sec: 3366
    nanosec: 50157
  speed: 0.2517606019973755
  acceleration: 0.3079228103160858
  jerk: 0.0
---
stamp:
  sec: 3366
  nanosec: 50050158
lateral:
  stamp:
    sec: 3366
    nanosec: 50050158
  steering_tire_angle: -0.040363721549510956
  steering_tire_rotation_rate: -2.267500853747606e-09
longitudinal:
  stamp:
    sec: 3366
    nanosec: 50050158
  speed: 0.251676470041275
  acceleration: 0.30769652128219604
  jerk: 0.0
---
stamp:
  sec: 3366
  nanosec: 100050158
lateral:
  stamp:
    sec: 3366
    nanosec: 100050158
  steering_tire_angle: -0.040363721549510956
  steering_tire_rotation_rate: -2.2672772548304465e-09
longitudinal:
  stamp:
    sec: 3366
    nanosec: 100050158
  speed: 0.25418999791145325
  acceleration: 0.3189626634120941
  jerk: 0.0
---
stamp:
  sec: 3366
  nanosec: 150050159
lateral:
  stamp:
    sec: 3366
    nanosec: 150050159
  steering_tire_angle: -0.0390336848795414
  steering_tire_rotation_rate: 0.10244323313236237
longitudinal:
  stamp:
    sec: 3366
    nanosec: 150050159
  speed: 0.270803838968277
  acceleration: 0.41896265745162964
  jerk: 0.0
---
stamp:
  sec: 3366
  nanosec: 200050160
lateral:
  stamp:
    sec: 3366
    nanosec: 200050160
  steering_tire_angle: -0.033414751291275024
  steering_tire_rotation_rate: 0.20399682223796844
longitudinal:
  stamp:
    sec: 3366
    nanosec: 200050160
  speed: 0.2964004576206207
  acceleration: 0.5189626812934875
  jerk: 0.0
---
stamp:
  sec: 3366
  nanosec: 250050161
lateral:
  stamp:
    sec: 3366
    nanosec: 250050161
  steering_tire_angle: -0.021812476217746735
  steering_tire_rotation_rate: 0.3004091680049896
longitudinal:
  stamp:
    sec: 3366
    nanosec: 250050161
  speed: 0.2864127457141876
  acceleration: 0.6189626455307007
  jerk: 0.0
---
stamp:
  sec: 3366
  nanosec: 300050161
lateral:
  stamp:
    sec: 3366
    nanosec: 300050161
  steering_tire_angle: -0.004814615473151207
  steering_tire_rotation_rate: 0.38485467433929443
longitudinal:
  stamp:
    sec: 3366
    nanosec: 300050161
  speed: 0.3813830614089966
  acceleration: 0.7189626693725586
  jerk: 0.0
---
stamp:
  sec: 3366
  nanosec: 350050162
lateral:
  stamp:
    sec: 3366
    nanosec: 350050162
  steering_tire_angle: 0.01609579287469387
  steering_tire_rotation_rate: 0.46613138914108276
longitudinal:
  stamp:
    sec: 3366
    nanosec: 350050162
  speed: 0.5082948207855225
  acceleration: 0.8189626336097717
  jerk: 0.0
---
stamp:
  sec: 3366
  nanosec: 400050163
lateral:
  stamp:
    sec: 3366
    nanosec: 400050163
  steering_tire_angle: 0.03936729207634926
  steering_tire_rotation_rate: 0.5040011405944824
longitudinal:
  stamp:
    sec: 3366
    nanosec: 400050163
  speed: 0.6598907709121704
  acceleration: 0.9189626574516296
  jerk: 0.0
---
stamp:
  sec: 3366
  nanosec: 450050164
lateral:
  stamp:
    sec: 3366
    nanosec: 450050164
  steering_tire_angle: 0.06376791000366211
  steering_tire_rotation_rate: 0.5399976372718811
longitudinal:
  stamp:
    sec: 3366
    nanosec: 450050164
  speed: 0.6634615659713745
  acceleration: 1.0189626216888428
  jerk: 0.0
---
stamp:
  sec: 3366
  nanosec: 500050164
lateral:
  stamp:
    sec: 3366
    nanosec: 500050164
  steering_tire_angle: 0.08848777413368225
  steering_tire_rotation_rate: 0.5901104211807251
longitudinal:
  stamp:
    sec: 3366
    nanosec: 500050164
  speed: 0.7411221265792847
  acceleration: 1.0976072549819946
  jerk: 0.0
---
stamp:
  sec: 3366
  nanosec: 550050165
lateral:
  stamp:
    sec: 3366
    nanosec: 550050165
  steering_tire_angle: 0.11308998614549637
  steering_tire_rotation_rate: 0.577272355556488
longitudinal:
  stamp:
    sec: 3366
    nanosec: 550050165
  speed: 0.8792560696601868
  acceleration: 1.0558885335922241
  jerk: 0.0
---
stamp:
  sec: 3366
  nanosec: 600050166
lateral:
  stamp:
    sec: 3366
    nanosec: 600050166
  steering_tire_angle: 0.13740430772304535
  steering_tire_rotation_rate: 0.5837913751602173
longitudinal:
  stamp:
    sec: 3366
    nanosec: 600050166
  speed: 0.8989125490188599
  acceleration: 0.8591538071632385
  jerk: 0.0
---
stamp:
  sec: 3366
  nanosec: 650050166
lateral:
  stamp:
    sec: 3366
    nanosec: 650050166
  steering_tire_angle: 0.161419078707695
  steering_tire_rotation_rate: 0.5855811834335327
longitudinal:
  stamp:
    sec: 3366
    nanosec: 650050166
  speed: 0.9422315955162048
  acceleration: 0.7142817378044128
  jerk: 0.0
---
stamp:
  sec: 3366
  nanosec: 700050167
lateral:
  stamp:
    sec: 3366
    nanosec: 700050167
  steering_tire_angle: 0.1851966679096222
  steering_tire_rotation_rate: 0.5848366618156433
longitudinal:
  stamp:
    sec: 3366
    nanosec: 700050167
  speed: 1.0137314796447754
  acceleration: 0.5741282105445862
  jerk: 0.0
---
stamp:
  sec: 3366
  nanosec: 750050168
lateral:
  stamp:
    sec: 3366
    nanosec: 750050168
  steering_tire_angle: 0.2088187336921692
  steering_tire_rotation_rate: 0.5831186175346375
longitudinal:
  stamp:
    sec: 3366
    nanosec: 750050168
  speed: 1.008765459060669
  acceleration: 0.5352962613105774
  jerk: 0.0
---
stamp:
  sec: 3366
  nanosec: 800050169
lateral:
  stamp:
    sec: 3366
    nanosec: 800050169
  steering_tire_angle: 0.2323571741580963
  steering_tire_rotation_rate: 0.6085165739059448
longitudinal:
  stamp:
    sec: 3366
    nanosec: 800050169
  speed: 1.0698150396347046
  acceleration: 0.4485224485397339
  jerk: 0.0
---
stamp:
  sec: 3366
  nanosec: 850050169
lateral:
  stamp:
    sec: 3366
    nanosec: 850050169
  steering_tire_angle: 0.2532031834125519
  steering_tire_rotation_rate: 0.3750714659690857
longitudinal:
  stamp:
    sec: 3366
    nanosec: 850050169
  speed: 1.220996379852295
  acceleration: 0.5485224723815918
  jerk: 0.0
---
stamp:
  sec: 3366
  nanosec: 900050170
lateral:
  stamp:
    sec: 3366
    nanosec: 900050170
  steering_tire_angle: 0.2532031834125519
  steering_tire_rotation_rate: 0.2510843873023987
longitudinal:
  stamp:
    sec: 3366
    nanosec: 900050170
  speed: 1.220996379852295
  acceleration: 0.5485224723815918
  jerk: 0.0
---
stamp:
  sec: 3366
  nanosec: 950050171
lateral:
  stamp:
    sec: 3366
    nanosec: 950050171
  steering_tire_angle: 0.27158671617507935
  steering_tire_rotation_rate: 0.1661485731601715
longitudinal:
  stamp:
    sec: 3366
    nanosec: 950050171
  speed: 1.1600977182388306
  acceleration: 0.22211970388889313
  jerk: 0.0
---
stamp:
  sec: 3367
  nanosec: 50172
lateral:
  stamp:
    sec: 3367
    nanosec: 50172
  steering_tire_angle: 0.27108967304229736
  steering_tire_rotation_rate: 0.06324175745248795
longitudinal:
  stamp:
    sec: 3367
    nanosec: 50172
  speed: 1.198524832725525
  acceleration: 0.1943763792514801
  jerk: 0.0
---
stamp:
  sec: 3367
  nanosec: 50050172
lateral:
  stamp:
    sec: 3367
    nanosec: 50050172
  steering_tire_angle: 0.2657417356967926
  steering_tire_rotation_rate: -0.10331742465496063
longitudinal:
  stamp:
    sec: 3367
    nanosec: 50050172
  speed: 1.2827703952789307
  acceleration: 0.2943763732910156
  jerk: 0.0
---
stamp:
  sec: 3367
  nanosec: 100050173
lateral:
  stamp:
    sec: 3367
    nanosec: 100050173
  steering_tire_angle: 0.2548222839832306
  steering_tire_rotation_rate: -0.23387400805950165
longitudinal:
  stamp:
    sec: 3367
    nanosec: 100050173
  speed: 1.3007386922836304
  acceleration: 0.32592299580574036
  jerk: 0.0
---
stamp:
  sec: 3367
  nanosec: 150050174
lateral:
  stamp:
    sec: 3367
    nanosec: 150050174
  steering_tire_angle: 0.23853857815265656
  steering_tire_rotation_rate: -0.3429923951625824
longitudinal:
  stamp:
    sec: 3367
    nanosec: 150050174
  speed: 1.2889223098754883
  acceleration: 0.3379358649253845
  jerk: 0.0
---
stamp:
  sec: 3367
  nanosec: 200050175
lateral:
  stamp:
    sec: 3367
    nanosec: 200050175
  steering_tire_angle: 0.21819518506526947
  steering_tire_rotation_rate: -0.4287339150905609
longitudinal:
  stamp:
    sec: 3367
    nanosec: 200050175
  speed: 1.353530764579773
  acceleration: 0.37917637825012207
  jerk: 0.0
---
stamp:
  sec: 3367
  nanosec: 250050175
lateral:
  stamp:
    sec: 3367
    nanosec: 250050175
  steering_tire_angle: 0.19529637694358826
  steering_tire_rotation_rate: -0.49125173687934875
longitudinal:
  stamp:
    sec: 3367
    nanosec: 250050175
  speed: 1.4203499555587769
  acceleration: 0.4302637279033661
  jerk: 0.0
---
stamp:
  sec: 3367
  nanosec: 300050176
lateral:
  stamp:
    sec: 3367
    nanosec: 300050176
  steering_tire_angle: 0.1710967868566513
  steering_tire_rotation_rate: -0.5334302186965942
longitudinal:
  stamp:
    sec: 3367
    nanosec: 300050176
  speed: 1.4952270984649658
  acceleration: 0.47062885761260986
  jerk: 0.0
---
stamp:
  sec: 3367
  nanosec: 350050177
lateral:
  stamp:
    sec: 3367
    nanosec: 350050177
  steering_tire_angle: 0.14645522832870483
  steering_tire_rotation_rate: -0.5598590970039368
longitudinal:
  stamp:
    sec: 3367
    nanosec: 350050177
  speed: 1.5567559003829956
  acceleration: 0.4914391338825226
  jerk: 0.0
---
stamp:
  sec: 3367
  nanosec: 400050178
lateral:
  stamp:
    sec: 3367
    nanosec: 400050178
  steering_tire_angle: 0.12185836583375931
  steering_tire_rotation_rate: -0.6027446985244751
longitudinal:
  stamp:
    sec: 3367
    nanosec: 400050178
  speed: 1.6268222332000732
  acceleration: 0.5050723552703857
  jerk: 0.0
---
stamp:
  sec: 3367
  nanosec: 450050178
lateral:
  stamp:
    sec: 3367
    nanosec: 450050178
  steering_tire_angle: 0.09751530736684799
  steering_tire_rotation_rate: -0.5826252698898315
longitudinal:
  stamp:
    sec: 3367
    nanosec: 450050178
  speed: 1.737086296081543
  acceleration: 0.5729115605354309
  jerk: 0.0
---
stamp:
  sec: 3367
  nanosec: 500050179
lateral:
  stamp:
    sec: 3367
    nanosec: 500050179
  steering_tire_angle: 0.07346294820308685
  steering_tire_rotation_rate: -0.58513343334198
longitudinal:
  stamp:
    sec: 3367
    nanosec: 500050179
  speed: 1.7340282201766968
  acceleration: 0.4580061137676239
  jerk: 0.0
---
stamp:
  sec: 3367
  nanosec: 550050180
lateral:
  stamp:
    sec: 3367
    nanosec: 550050180
  steering_tire_angle: 0.049652259796857834
  steering_tire_rotation_rate: -0.5848135352134705
longitudinal:
  stamp:
    sec: 3367
    nanosec: 550050180
  speed: 1.7939119338989258
  acceleration: 0.36637675762176514
  jerk: 0.0
---
stamp:
  sec: 3367
  nanosec: 600050181
lateral:
  stamp:
    sec: 3367
    nanosec: 600050181
  steering_tire_angle: 0.026006601750850677
  steering_tire_rotation_rate: -0.6107724905014038
longitudinal:
  stamp:
    sec: 3367
    nanosec: 600050181
  speed: 1.837262511253357
  acceleration: 0.3093394935131073
  jerk: 0.0
---
stamp:
  sec: 3367
  nanosec: 650050181
lateral:
  stamp:
    sec: 3367
    nanosec: 650050181
  steering_tire_angle: 0.002454180270433426
  steering_tire_rotation_rate: -0.5815727710723877
longitudinal:
  stamp:
    sec: 3367
    nanosec: 650050181
  speed: 1.8864164352416992
  acceleration: 0.3038730323314667
  jerk: 0.0
---
stamp:
  sec: 3367
  nanosec: 700050182
lateral:
  stamp:
    sec: 3367
    nanosec: 700050182
  steering_tire_angle: -0.02105839177966118
  steering_tire_rotation_rate: -0.5801526308059692
longitudinal:
  stamp:
    sec: 3367
    nanosec: 700050182
  speed: 1.9094027280807495
  acceleration: 0.09915801882743835
  jerk: 0.0
---
stamp:
  sec: 3367
  nanosec: 750050183
lateral:
  stamp:
    sec: 3367
    nanosec: 750050183
  steering_tire_angle: -0.04456416144967079
  steering_tire_rotation_rate: -0.5791879296302795
longitudinal:
  stamp:
    sec: 3367
    nanosec: 750050183
  speed: 1.9228017330169678
  acceleration: 0.006526148412376642
  jerk: 0.0
---
stamp:
  sec: 3367
  nanosec: 800050184
lateral:
  stamp:
    sec: 3367
    nanosec: 800050184
  steering_tire_angle: -0.06807955354452133
  steering_tire_rotation_rate: -0.5786461234092712
longitudinal:
  stamp:
    sec: 3367
    nanosec: 800050184
  speed: 1.956365942955017
  acceleration: -0.06049547344446182
  jerk: 0.0
---
stamp:
  sec: 3367
  nanosec: 850050184
lateral:
  stamp:
    sec: 3367
    nanosec: 850050184
  steering_tire_angle: -0.09160979092121124
  steering_tire_rotation_rate: -0.5784172415733337
longitudinal:
  stamp:
    sec: 3367
    nanosec: 850050184
  speed: 1.958259105682373
  acceleration: -0.07790876924991608
  jerk: 0.0
---
stamp:
  sec: 3367
  nanosec: 900050185
lateral:
  stamp:
    sec: 3367
    nanosec: 900050185
  steering_tire_angle: -0.11515387147665024
  steering_tire_rotation_rate: -0.5783808827400208
longitudinal:
  stamp:
    sec: 3367
    nanosec: 900050185
  speed: 1.9903826713562012
  acceleration: -0.11455538868904114
  jerk: 0.0
---
stamp:
  sec: 3367
  nanosec: 950050186
lateral:
  stamp:
    sec: 3367
    nanosec: 950050186
  steering_tire_angle: -0.138708233833313
  steering_tire_rotation_rate: -0.5784395337104797
longitudinal:
  stamp:
    sec: 3367
    nanosec: 950050186
  speed: 1.984574317932129
  acceleration: -0.11249841749668121
  jerk: 0.0
---
stamp:
  sec: 3368
  nanosec: 50187
lateral:
  stamp:
    sec: 3368
    nanosec: 50187
  steering_tire_angle: -0.16226892173290253
  steering_tire_rotation_rate: -0.6054275035858154
longitudinal:
  stamp:
    sec: 3368
    nanosec: 50187
  speed: 2.0123631954193115
  acceleration: -0.12186695635318756
  jerk: 0.0
---
stamp:
  sec: 3368
  nanosec: 50050187
lateral:
  stamp:
    sec: 3368
    nanosec: 50050187
  steering_tire_angle: -0.18583275377750397
  steering_tire_rotation_rate: -0.5786092877388
longitudinal:
  stamp:
    sec: 3368
    nanosec: 50050187
  speed: 2.0529212951660156
  acceleration: -0.05341942235827446
  jerk: 0.0
---
stamp:
  sec: 3368
  nanosec: 100050188
lateral:
  stamp:
    sec: 3368
    nanosec: 100050188
  steering_tire_angle: -0.2093975692987442
  steering_tire_rotation_rate: -0.5786694884300232
longitudinal:
  stamp:
    sec: 3368
    nanosec: 100050188
  speed: 2.0621497631073
  acceleration: -0.13850896060466766
  jerk: 0.0
---
stamp:
  sec: 3368
  nanosec: 150050189
lateral:
  stamp:
    sec: 3368
    nanosec: 150050189
  steering_tire_angle: -0.2329622060060501
  steering_tire_rotation_rate: -0.5787064433097839
longitudinal:
  stamp:
    sec: 3368
    nanosec: 150050189
  speed: 2.049041748046875
  acceleration: -0.12645848095417023
  jerk: 0.0
---
stamp:
  sec: 3368
  nanosec: 200050190
lateral:
  stamp:
    sec: 3368
    nanosec: 200050190
  steering_tire_angle: -0.25652608275413513
  steering_tire_rotation_rate: -0.5787245631217957
longitudinal:
  stamp:
    sec: 3368
    nanosec: 200050190
  speed: 2.0658047199249268
  acceleration: -0.11393667757511139
  jerk: 0.0
---
stamp:
  sec: 3368
  nanosec: 250050190
lateral:
  stamp:
    sec: 3368
    nanosec: 250050190
  steering_tire_angle: -0.28008925914764404
  steering_tire_rotation_rate: -0.5787301063537598
longitudinal:
  stamp:
    sec: 3368
    nanosec: 250050190
  speed: 2.056786060333252
  acceleration: -0.0623127706348896
  jerk: 0.0
---
stamp:
  sec: 3368
  nanosec: 300050191
lateral:
  stamp:
    sec: 3368
    nanosec: 300050191
  steering_tire_angle: -0.3036518096923828
  steering_tire_rotation_rate: -0.5787288546562195
longitudinal:
  stamp:
    sec: 3368
    nanosec: 300050191
  speed: 2.081197500228882
  acceleration: 0.002015654928982258
  jerk: 0.0
---
stamp:
  sec: 3368
  nanosec: 350050192
lateral:
  stamp:
    sec: 3368
    nanosec: 350050192
  steering_tire_angle: -0.32721394300460815
  steering_tire_rotation_rate: -0.5787246823310852
longitudinal:
  stamp:
    sec: 3368
    nanosec: 350050192
  speed: 2.0731003284454346
  acceleration: 0.07703235745429993
  jerk: 0.0
---
stamp:
  sec: 3368
  nanosec: 400050193
lateral:
  stamp:
    sec: 3368
    nanosec: 400050193
  steering_tire_angle: -0.3507758378982544
  steering_tire_rotation_rate: -0.5517997741699219
longitudinal:
  stamp:
    sec: 3368
    nanosec: 400050193
  speed: 2.1017441749572754
  acceleration: 0.14494332671165466
  jerk: 0.0
---
stamp:
  sec: 3368
  nanosec: 450050193
lateral:
  stamp:
    sec: 3368
    nanosec: 450050193
  steering_tire_angle: -0.3736780881881714
  steering_tire_rotation_rate: -0.5279158353805542
longitudinal:
  stamp:
    sec: 3368
    nanosec: 450050193
  speed: 2.102590560913086
  acceleration: 0.2170732319355011
  jerk: 0.0
---
stamp:
  sec: 3368
  nanosec: 500050194
lateral:
  stamp:
    sec: 3368
    nanosec: 500050194
  steering_tire_angle: -0.3937830328941345
  steering_tire_rotation_rate: -0.4259113669395447
longitudinal:
  stamp:
    sec: 3368
    nanosec: 500050194
  speed: 2.1365909576416016
  acceleration: 0.25402605533599854
  jerk: 0.0
---
stamp:
  sec: 3368
  nanosec: 550050195
lateral:
  stamp:
    sec: 3368
    nanosec: 550050195
  steering_tire_angle: -0.40875881910324097
  steering_tire_rotation_rate: -0.3269059360027313
longitudinal:
  stamp:
    sec: 3368
    nanosec: 550050195
  speed: 2.176356554031372
  acceleration: 0.2720177173614502
  jerk: 0.0
---
stamp:
  sec: 3368
  nanosec: 600050196
lateral:
  stamp:
    sec: 3368
    nanosec: 600050196
  steering_tire_angle: -0.4180428087711334
  steering_tire_rotation_rate: -0.23642730712890625
longitudinal:
  stamp:
    sec: 3368
    nanosec: 600050196
  speed: 2.1837785243988037
  acceleration: 0.272105872631073
  jerk: 0.0
---
stamp:
  sec: 3368
  nanosec: 650050196
lateral:
  stamp:
    sec: 3368
    nanosec: 650050196
  steering_tire_angle: -0.42200183868408203
  steering_tire_rotation_rate: -0.10892070829868317
longitudinal:
  stamp:
    sec: 3368
    nanosec: 650050196
  speed: 2.193511486053467
  acceleration: 0.2519727051258087
  jerk: 0.0
---
stamp:
  sec: 3368
  nanosec: 700050197
lateral:
  stamp:
    sec: 3368
    nanosec: 700050197
  steering_tire_angle: -0.42000865936279297
  steering_tire_rotation_rate: 0.052720412611961365
longitudinal:
  stamp:
    sec: 3368
    nanosec: 700050197
  speed: 2.2280025482177734
  acceleration: 0.1922711879014969
  jerk: 0.0
---
stamp:
  sec: 3368
  nanosec: 750050198
lateral:
  stamp:
    sec: 3368
    nanosec: 750050198
  steering_tire_angle: -0.4111633896827698
  steering_tire_rotation_rate: 0.19271694123744965
longitudinal:
  stamp:
    sec: 3368
    nanosec: 750050198
  speed: 2.2315726280212402
  acceleration: 0.1418302357196808
  jerk: 0.0
---
stamp:
  sec: 3368
  nanosec: 800050199
lateral:
  stamp:
    sec: 3368
    nanosec: 800050199
  steering_tire_angle: -0.3959764540195465
  steering_tire_rotation_rate: 0.3152591288089752
longitudinal:
  stamp:
    sec: 3368
    nanosec: 800050199
  speed: 2.2589285373687744
  acceleration: 0.07308951020240784
  jerk: 0.0
---
stamp:
  sec: 3368
  nanosec: 850050199
lateral:
  stamp:
    sec: 3368
    nanosec: 850050199
  steering_tire_angle: -0.376075804233551
  steering_tire_rotation_rate: 0.4080258905887604
longitudinal:
  stamp:
    sec: 3368
    nanosec: 850050199
  speed: 2.278738498687744
  acceleration: 0.04385414719581604
  jerk: 0.0
---
stamp:
  sec: 3368
  nanosec: 900050200
lateral:
  stamp:
    sec: 3368
    nanosec: 900050200
  steering_tire_angle: -0.3533894717693329
  steering_tire_rotation_rate: 0.4654165506362915
longitudinal:
  stamp:
    sec: 3368
    nanosec: 900050200
  speed: 2.2901546955108643
  acceleration: -0.06565669924020767
  jerk: 0.0
---
stamp:
  sec: 3368
  nanosec: 950050201
lateral:
  stamp:
    sec: 3368
    nanosec: 950050201
  steering_tire_angle: -0.3308091461658478
  steering_tire_rotation_rate: 0.41895025968551636
longitudinal:
  stamp:
    sec: 3368
    nanosec: 950050201
  speed: 2.2824764251708984
  acceleration: -0.0951075479388237
  jerk: 0.0
---
stamp:
  sec: 3369
  nanosec: 50202
lateral:
  stamp:
    sec: 3369
    nanosec: 50202
  steering_tire_angle: -0.31110110878944397
  steering_tire_rotation_rate: 0.41862621903419495
longitudinal:
  stamp:
    sec: 3369
    nanosec: 50202
  speed: 2.3021955490112305
  acceleration: -0.11803070455789566
  jerk: 0.0
---
stamp:
  sec: 3369
  nanosec: 50050202
lateral:
  stamp:
    sec: 3369
    nanosec: 50050202
  steering_tire_angle: -0.29438701272010803
  steering_tire_rotation_rate: 0.4047114849090576
longitudinal:
  stamp:
    sec: 3369
    nanosec: 50050202
  speed: 2.2990403175354004
  acceleration: -0.11084527522325516
  jerk: 0.0
---
stamp:
  sec: 3369
  nanosec: 100050203
lateral:
  stamp:
    sec: 3369
    nanosec: 100050203
  steering_tire_angle: -0.27916163206100464
  steering_tire_rotation_rate: 0.4075552523136139
longitudinal:
  stamp:
    sec: 3369
    nanosec: 100050203
  speed: 2.3188440799713135
  acceleration: -0.11210945248603821
  jerk: 0.0
---
stamp:
  sec: 3369
  nanosec: 150050204
lateral:
  stamp:
    sec: 3369
    nanosec: 150050204
  steering_tire_angle: -0.26421135663986206
  steering_tire_rotation_rate: 0.39910656213760376
longitudinal:
  stamp:
    sec: 3369
    nanosec: 150050204
  speed: 2.3364524841308594
  acceleration: -0.0998181700706482
  jerk: 0.0
---
stamp:
  sec: 3369
  nanosec: 200050204
lateral:
  stamp:
    sec: 3369
    nanosec: 200050204
  steering_tire_angle: -0.2486065775156021
  steering_tire_rotation_rate: 0.4445759654045105
longitudinal:
  stamp:
    sec: 3369
    nanosec: 200050204
  speed: 2.3665058612823486
  acceleration: -0.07535853981971741
  jerk: 0.0
---
stamp:
  sec: 3369
  nanosec: 250050205
lateral:
  stamp:
    sec: 3369
    nanosec: 250050205
  steering_tire_angle: -0.231514111161232
  steering_tire_rotation_rate: 0.44450119137763977
longitudinal:
  stamp:
    sec: 3369
    nanosec: 250050205
  speed: 2.354661703109741
  acceleration: -0.07871930301189423
  jerk: 0.0
---
stamp:
  sec: 3369
  nanosec: 300050206
lateral:
  stamp:
    sec: 3369
    nanosec: 300050206
  steering_tire_angle: -0.21372467279434204
  steering_tire_rotation_rate: 0.38750091195106506
longitudinal:
  stamp:
    sec: 3369
    nanosec: 300050206
  speed: 2.360995292663574
  acceleration: -0.06284359842538834
  jerk: 0.0
---
stamp:
  sec: 3369
  nanosec: 350050207
lateral:
  stamp:
    sec: 3369
    nanosec: 350050207
  steering_tire_angle: -0.19671577215194702
  steering_tire_rotation_rate: 0.41571128368377686
longitudinal:
  stamp:
    sec: 3369
    nanosec: 350050207
  speed: 2.355412244796753
  acceleration: -0.0003493987605907023
  jerk: 0.0
---
stamp:
  sec: 3369
  nanosec: 400050207
lateral:
  stamp:
    sec: 3369
    nanosec: 400050207
  steering_tire_angle: -0.17969946563243866
  steering_tire_rotation_rate: 0.464458167552948
longitudinal:
  stamp:
    sec: 3369
    nanosec: 400050207
  speed: 2.374445915222168
  acceleration: 0.05264677479863167
  jerk: 0.0
---
stamp:
  sec: 3369
  nanosec: 450050208
lateral:
  stamp:
    sec: 3369
    nanosec: 450050208
  steering_tire_angle: -0.1612018346786499
  steering_tire_rotation_rate: 0.47378993034362793
longitudinal:
  stamp:
    sec: 3369
    nanosec: 450050208
  speed: 2.383424997329712
  acceleration: 0.11297134310007095
  jerk: 0.0
---
stamp:
  sec: 3369
  nanosec: 500050209
lateral:
  stamp:
    sec: 3369
    nanosec: 500050209
  steering_tire_angle: -0.14089348912239075
  steering_tire_rotation_rate: 0.52165287733078
longitudinal:
  stamp:
    sec: 3369
    nanosec: 500050209
  speed: 2.4010467529296875
  acceleration: 0.11187436431646347
  jerk: 0.0
---
stamp:
  sec: 3369
  nanosec: 550050210
lateral:
  stamp:
    sec: 3369
    nanosec: 550050210
  steering_tire_angle: -0.11903483420610428
  steering_tire_rotation_rate: 0.5264292359352112
longitudinal:
  stamp:
    sec: 3369
    nanosec: 550050210
  speed: 2.427724838256836
  acceleration: 0.11830147355794907
  jerk: 0.0
---
stamp:
  sec: 3369
  nanosec: 600050210
lateral:
  stamp:
    sec: 3369
    nanosec: 600050210
  steering_tire_angle: -0.09609328955411911
  steering_tire_rotation_rate: 0.5453683137893677
longitudinal:
  stamp:
    sec: 3369
    nanosec: 600050210
  speed: 2.4322173595428467
  acceleration: 0.10594337433576584
  jerk: 0.0
---
stamp:
  sec: 3369
  nanosec: 650050211
lateral:
  stamp:
    sec: 3369
    nanosec: 650050211
  steering_tire_angle: -0.07252386212348938
  steering_tire_rotation_rate: 0.5592106580734253
longitudinal:
  stamp:
    sec: 3369
    nanosec: 650050211
  speed: 2.435497522354126
  acceleration: 0.08197034895420074
  jerk: 0.0
---
stamp:
  sec: 3369
  nanosec: 700050212
lateral:
  stamp:
    sec: 3369
    nanosec: 700050212
  steering_tire_angle: -0.04867331311106682
  steering_tire_rotation_rate: 0.5688433647155762
longitudinal:
  stamp:
    sec: 3369
    nanosec: 700050212
  speed: 2.4621376991271973
  acceleration: 0.03516491502523422
  jerk: 0.0
---
stamp:
  sec: 3369
  nanosec: 750050213
lateral:
  stamp:
    sec: 3369
    nanosec: 750050213
  steering_tire_angle: -0.02476128190755844
  steering_tire_rotation_rate: 0.5751781463623047
longitudinal:
  stamp:
    sec: 3369
    nanosec: 750050213
  speed: 2.465808629989624
  acceleration: -0.011521533131599426
  jerk: 0.0
---
stamp:
  sec: 3369
  nanosec: 800050213
lateral:
  stamp:
    sec: 3369
    nanosec: 800050213
  steering_tire_angle: -0.0009006131440401077
  steering_tire_rotation_rate: 0.6060796976089478
longitudinal:
  stamp:
    sec: 3369
    nanosec: 800050213
  speed: 2.4859917163848877
  acceleration: -0.07987650483846664
  jerk: 0.0
---
stamp:
  sec: 3369
  nanosec: 850050214
lateral:
  stamp:
    sec: 3369
    nanosec: 850050214
  steering_tire_angle: 0.022869471460580826
  steering_tire_rotation_rate: 0.5804482698440552
longitudinal:
  stamp:
    sec: 3369
    nanosec: 850050214
  speed: 2.4881787300109863
  acceleration: -0.13045409321784973
  jerk: 0.0
---
stamp:
  sec: 3369
  nanosec: 900050215
lateral:
  stamp:
    sec: 3369
    nanosec: 900050215
  steering_tire_angle: 0.04655175656080246
  steering_tire_rotation_rate: 0.5807855129241943
longitudinal:
  stamp:
    sec: 3369
    nanosec: 900050215
  speed: 2.500516653060913
  acceleration: -0.19716328382492065
  jerk: 0.0
---
stamp:
  sec: 3369
  nanosec: 950050216
lateral:
  stamp:
    sec: 3369
    nanosec: 950050216
  steering_tire_angle: 0.07016731798648834
  steering_tire_rotation_rate: 0.5804694890975952
longitudinal:
  stamp:
    sec: 3369
    nanosec: 950050216
  speed: 2.5010123252868652
  acceleration: -0.2274680882692337
  jerk: 0.0
---
stamp:
  sec: 3370
  nanosec: 50216
lateral:
  stamp:
    sec: 3370
    nanosec: 50216
  steering_tire_angle: 0.09374072402715683
  steering_tire_rotation_rate: 0.606988251209259
longitudinal:
  stamp:
    sec: 3370
    nanosec: 50216
  speed: 2.5145440101623535
  acceleration: -0.256620854139328
  jerk: 0.0
---
stamp:
  sec: 3370
  nanosec: 50050217
lateral:
  stamp:
    sec: 3370
    nanosec: 50050217
  steering_tire_angle: 0.11729255318641663
  steering_tire_rotation_rate: 0.5794129371643066
longitudinal:
  stamp:
    sec: 3370
    nanosec: 50050217
  speed: 2.518490791320801
  acceleration: -0.26279395818710327
  jerk: 0.0
---
stamp:
  sec: 3370
  nanosec: 100050218
lateral:
  stamp:
    sec: 3370
    nanosec: 100050218
  steering_tire_angle: 0.1408369392156601
  steering_tire_rotation_rate: 0.579021692276001
longitudinal:
  stamp:
    sec: 3370
    nanosec: 100050218
  speed: 2.5267624855041504
  acceleration: -0.273884654045105
  jerk: 0.0
---
stamp:
  sec: 3370
  nanosec: 150050219
lateral:
  stamp:
    sec: 3370
    nanosec: 150050219
  steering_tire_angle: 0.1643819361925125
  steering_tire_rotation_rate: 0.5787758231163025
longitudinal:
  stamp:
    sec: 3370
    nanosec: 150050219
  speed: 2.5256121158599854
  acceleration: -0.255306214094162
  jerk: 0.0
---
stamp:
  sec: 3370
  nanosec: 200050219
lateral:
  stamp:
    sec: 3370
    nanosec: 200050219
  steering_tire_angle: 0.18793104588985443
  steering_tire_rotation_rate: 0.60555100440979
longitudinal:
  stamp:
    sec: 3370
    nanosec: 200050219
  speed: 2.536989450454712
  acceleration: -0.2330438643693924
  jerk: 0.0
---
stamp:
  sec: 3370
  nanosec: 250050220
lateral:
  stamp:
    sec: 3370
    nanosec: 250050220
  steering_tire_angle: 0.211484894156456
  steering_tire_rotation_rate: 0.5786086916923523
longitudinal:
  stamp:
    sec: 3370
    nanosec: 250050220
  speed: 2.5422849655151367
  acceleration: -0.20342759788036346
  jerk: 0.0
---
stamp:
  sec: 3370
  nanosec: 300050221
lateral:
  stamp:
    sec: 3370
    nanosec: 300050221
  steering_tire_angle: 0.2350427210330963
  steering_tire_rotation_rate: 0.5786132216453552
longitudinal:
  stamp:
    sec: 3370
    nanosec: 300050221
  speed: 2.549241304397583
  acceleration: -0.18478524684906006
  jerk: 0.0
---
stamp:
  sec: 3370
  nanosec: 350050222
lateral:
  stamp:
    sec: 3370
    nanosec: 350050222
  steering_tire_angle: 0.2586032450199127
  steering_tire_rotation_rate: 0.5786378383636475
longitudinal:
  stamp:
    sec: 3370
    nanosec: 350050222
  speed: 2.549180269241333
  acceleration: -0.14184758067131042
  jerk: 0.0
---
stamp:
  sec: 3370
  nanosec: 400050222
lateral:
  stamp:
    sec: 3370
    nanosec: 400050222
  steering_tire_angle: 0.28125664591789246
  steering_tire_rotation_rate: 0.5086753368377686
longitudinal:
  stamp:
    sec: 3370
    nanosec: 400050222
  speed: 2.5555930137634277
  acceleration: -0.09376435726881027
  jerk: 0.0
---
stamp:
  sec: 3370
  nanosec: 450050223
lateral:
  stamp:
    sec: 3370
    nanosec: 450050223
  steering_tire_angle: 0.30051955580711365
  steering_tire_rotation_rate: 0.40381669998168945
longitudinal:
  stamp:
    sec: 3370
    nanosec: 450050223
  speed: 2.5543360710144043
  acceleration: -0.029900260269641876
  jerk: 0.0
---
stamp:
  sec: 3370
  nanosec: 500050224
lateral:
  stamp:
    sec: 3370
    nanosec: 500050224
  steering_tire_angle: 0.31373196840286255
  steering_tire_rotation_rate: 0.2660680413246155
longitudinal:
  stamp:
    sec: 3370
    nanosec: 500050224
  speed: 2.565680980682373
  acceleration: 0.034653134644031525
  jerk: 0.0
---
stamp:
  sec: 3370
  nanosec: 550050225
lateral:
  stamp:
    sec: 3370
    nanosec: 550050225
  steering_tire_angle: 0.319722056388855
  steering_tire_rotation_rate: 0.14430294930934906
longitudinal:
  stamp:
    sec: 3370
    nanosec: 550050225
  speed: 2.5776093006134033
  acceleration: 0.09091030806303024
  jerk: 0.0
---
stamp:
  sec: 3370
  nanosec: 600050225
lateral:
  stamp:
    sec: 3370
    nanosec: 600050225
  steering_tire_angle: 0.31878799200057983
  steering_tire_rotation_rate: 0.0029829342383891344
longitudinal:
  stamp:
    sec: 3370
    nanosec: 600050225
  speed: 2.583423137664795
  acceleration: 0.13567478954792023
  jerk: 0.0
---
stamp:
  sec: 3370
  nanosec: 650050226
lateral:
  stamp:
    sec: 3370
    nanosec: 650050226
  steering_tire_angle: 0.3119012117385864
  steering_tire_rotation_rate: -0.10502172261476517
longitudinal:
  stamp:
    sec: 3370
    nanosec: 650050226
  speed: 2.588623523712158
  acceleration: 0.16226640343666077
  jerk: 0.0
---
stamp:
  sec: 3370
  nanosec: 700050227
lateral:
  stamp:
    sec: 3370
    nanosec: 700050227
  steering_tire_angle: 0.3004375696182251
  steering_tire_rotation_rate: -0.2079545259475708
longitudinal:
  stamp:
    sec: 3370
    nanosec: 700050227
  speed: 2.6041159629821777
  acceleration: 0.16776171326637268
  jerk: 0.0
---
stamp:
  sec: 3370
  nanosec: 750050228
lateral:
  stamp:
    sec: 3370
    nanosec: 750050228
  steering_tire_angle: 0.28563979268074036
  steering_tire_rotation_rate: -0.2953587770462036
longitudinal:
  stamp:
    sec: 3370
    nanosec: 750050228
  speed: 2.611483097076416
  acceleration: 0.15779438614845276
  jerk: 0.0
---
stamp:
  sec: 3370
  nanosec: 800050228
lateral:
  stamp:
    sec: 3370
    nanosec: 800050228
  steering_tire_angle: 0.2681862413883209
  steering_tire_rotation_rate: -0.37812885642051697
longitudinal:
  stamp:
    sec: 3370
    nanosec: 800050228
  speed: 2.6287500858306885
  acceleration: 0.12012074142694473
  jerk: 0.0
---
stamp:
  sec: 3370
  nanosec: 850050229
lateral:
  stamp:
    sec: 3370
    nanosec: 850050229
  steering_tire_angle: 0.24854829907417297
  steering_tire_rotation_rate: -0.435699462890625
longitudinal:
  stamp:
    sec: 3370
    nanosec: 850050229
  speed: 2.637871503829956
  acceleration: 0.06624588370323181
  jerk: 0.0
---
stamp:
  sec: 3370
  nanosec: 900050230
lateral:
  stamp:
    sec: 3370
    nanosec: 900050230
  steering_tire_angle: 0.22774431109428406
  steering_tire_rotation_rate: -0.449252724647522
longitudinal:
  stamp:
    sec: 3370
    nanosec: 900050230
  speed: 2.6524369716644287
  acceleration: -0.007184169255197048
  jerk: 0.0
---
stamp:
  sec: 3370
  nanosec: 950050231
lateral:
  stamp:
    sec: 3370
    nanosec: 950050231
  steering_tire_angle: 0.20731757581233978
  steering_tire_rotation_rate: -0.44734814763069153
longitudinal:
  stamp:
    sec: 3370
    nanosec: 950050231
  speed: 2.6574759483337402
  acceleration: -0.0759892389178276
  jerk: 0.0
---
stamp:
  sec: 3371
  nanosec: 50231
lateral:
  stamp:
    sec: 3371
    nanosec: 50231
  steering_tire_angle: 0.18835271894931793
  steering_tire_rotation_rate: -0.4545641839504242
longitudinal:
  stamp:
    sec: 3371
    nanosec: 50231
  speed: 2.668119192123413
  acceleration: -0.14193077385425568
  jerk: 0.0
---
stamp:
  sec: 3371
  nanosec: 50050232
lateral:
  stamp:
    sec: 3371
    nanosec: 50050232
  steering_tire_angle: 0.17094777524471283
  steering_tire_rotation_rate: -0.42749375104904175
longitudinal:
  stamp:
    sec: 3371
    nanosec: 50050232
  speed: 2.6757805347442627
  acceleration: -0.2093535214662552
  jerk: 0.0
---
stamp:
  sec: 3371
  nanosec: 100050233
lateral:
  stamp:
    sec: 3371
    nanosec: 100050233
  steering_tire_angle: 0.15545237064361572
  steering_tire_rotation_rate: -0.34428858757019043
longitudinal:
  stamp:
    sec: 3371
    nanosec: 100050233
  speed: 2.6816983222961426
  acceleration: -0.26261773705482483
  jerk: 0.0
---
stamp:
  sec: 3371
  nanosec: 150050234
lateral:
  stamp:
    sec: 3371
    nanosec: 150050234
  steering_tire_angle: 0.14284083247184753
  steering_tire_rotation_rate: -0.3097950220108032
longitudinal:
  stamp:
    sec: 3371
    nanosec: 150050234
  speed: 2.682725429534912
  acceleration: -0.2817765176296234
  jerk: 0.0
---
stamp:
  sec: 3371
  nanosec: 200050234
lateral:
  stamp:
    sec: 3371
    nanosec: 200050234
  steering_tire_angle: 0.13251769542694092
  steering_tire_rotation_rate: -0.3150258958339691
longitudinal:
  stamp:
    sec: 3371
    nanosec: 200050234
  speed: 2.68988299369812
  acceleration: -0.2902454137802124
  jerk: 0.0
---
stamp:
  sec: 3371
  nanosec: 250050235
lateral:
  stamp:
    sec: 3371
    nanosec: 250050235
  steering_tire_angle: 0.1226172000169754
  steering_tire_rotation_rate: -0.2961091697216034
longitudinal:
  stamp:
    sec: 3371
    nanosec: 250050235
  speed: 2.6947336196899414
  acceleration: -0.29869332909584045
  jerk: 0.0
---
stamp:
  sec: 3371
  nanosec: 300050236
lateral:
  stamp:
    sec: 3371
    nanosec: 300050236
  steering_tire_angle: 0.11221682280302048
  steering_tire_rotation_rate: -0.2774663269519806
longitudinal:
  stamp:
    sec: 3371
    nanosec: 300050236
  speed: 2.6994121074676514
  acceleration: -0.296559602022171
  jerk: 0.0
---
stamp:
  sec: 3371
  nanosec: 350050237
lateral:
  stamp:
    sec: 3371
    nanosec: 350050237
  steering_tire_angle: 0.10140407830476761
  steering_tire_rotation_rate: -0.2787567377090454
longitudinal:
  stamp:
    sec: 3371
    nanosec: 350050237
  speed: 2.699985980987549
  acceleration: -0.27047204971313477
  jerk: 0.0
---
stamp:
  sec: 3371
  nanosec: 400050237
lateral:
  stamp:
    sec: 3371
    nanosec: 400050237
  steering_tire_angle: 0.09018909931182861
  steering_tire_rotation_rate: -0.2848190367221832
longitudinal:
  stamp:
    sec: 3371
    nanosec: 400050237
  speed: 2.70534348487854
  acceleration: -0.2389354109764099
  jerk: 0.0
---
stamp:
  sec: 3371
  nanosec: 450050238
lateral:
  stamp:
    sec: 3371
    nanosec: 450050238
  steering_tire_angle: 0.07829407602548599
  steering_tire_rotation_rate: -0.30017557740211487
longitudinal:
  stamp:
    sec: 3371
    nanosec: 450050238
  speed: 2.7058870792388916
  acceleration: -0.1937214434146881
  jerk: 0.0
---
stamp:
  sec: 3371
  nanosec: 500050239
lateral:
  stamp:
    sec: 3371
    nanosec: 500050239
  steering_tire_angle: 0.0653422623872757
  steering_tire_rotation_rate: -0.34153860807418823
longitudinal:
  stamp:
    sec: 3371
    nanosec: 500050239
  speed: 2.7107014656066895
  acceleration: -0.1438763588666916
  jerk: 0.0
---
stamp:
  sec: 3371
  nanosec: 550050240
lateral:
  stamp:
    sec: 3371
    nanosec: 550050240
  steering_tire_angle: 0.051099035888910294
  steering_tire_rotation_rate: -0.3459724187850952
longitudinal:
  stamp:
    sec: 3371
    nanosec: 550050240
  speed: 2.719954490661621
  acceleration: -0.11957010626792908
  jerk: 0.0
---
stamp:
  sec: 3371
  nanosec: 600050240
lateral:
  stamp:
    sec: 3371
    nanosec: 600050240
  steering_tire_angle: 0.03601527586579323
  steering_tire_rotation_rate: -0.3622928261756897
longitudinal:
  stamp:
    sec: 3371
    nanosec: 600050240
  speed: 2.719055652618408
  acceleration: -0.08167637884616852
  jerk: 0.0
---
stamp:
  sec: 3371
  nanosec: 650050241
lateral:
  stamp:
    sec: 3371
    nanosec: 650050241
  steering_tire_angle: 0.021165164187550545
  steering_tire_rotation_rate: -0.31137093901634216
longitudinal:
  stamp:
    sec: 3371
    nanosec: 650050241
  speed: 2.7246038913726807
  acceleration: -0.07326254993677139
  jerk: 0.0
---
stamp:
  sec: 3371
  nanosec: 700050242
lateral:
  stamp:
    sec: 3371
    nanosec: 700050242
  steering_tire_angle: 0.00734063982963562
  steering_tire_rotation_rate: -0.32503947615623474
longitudinal:
  stamp:
    sec: 3371
    nanosec: 700050242
  speed: 2.729846954345703
  acceleration: -0.07175703346729279
  jerk: 0.0
---
stamp:
  sec: 3371
  nanosec: 750050242
lateral:
  stamp:
    sec: 3371
    nanosec: 750050242
  steering_tire_angle: -0.0053322650492191315
  steering_tire_rotation_rate: -0.30097857117652893
longitudinal:
  stamp:
    sec: 3371
    nanosec: 750050242
  speed: 2.7361629009246826
  acceleration: -0.07543917745351791
  jerk: 0.0
---
stamp:
  sec: 3371
  nanosec: 800050243
lateral:
  stamp:
    sec: 3371
    nanosec: 800050243
  steering_tire_angle: -0.016949504613876343
  steering_tire_rotation_rate: -0.3073567748069763
longitudinal:
  stamp:
    sec: 3371
    nanosec: 800050243
  speed: 2.7390763759613037
  acceleration: -0.09389708191156387
  jerk: 0.0
---
stamp:
  sec: 3371
  nanosec: 850050244
lateral:
  stamp:
    sec: 3371
    nanosec: 850050244
  steering_tire_angle: -0.027283772826194763
  steering_tire_rotation_rate: -0.23835574090480804
longitudinal:
  stamp:
    sec: 3371
    nanosec: 850050244
  speed: 2.7469964027404785
  acceleration: -0.15044115483760834
  jerk: 0.0
---
stamp:
  sec: 3371
  nanosec: 900050245
lateral:
  stamp:
    sec: 3371
    nanosec: 900050245
  steering_tire_angle: -0.035732802003622055
  steering_tire_rotation_rate: -0.20588383078575134
longitudinal:
  stamp:
    sec: 3371
    nanosec: 900050245
  speed: 2.753028631210327
  acceleration: -0.22892697155475616
  jerk: 0.0
---
stamp:
  sec: 3371
  nanosec: 950050245
lateral:
  stamp:
    sec: 3371
    nanosec: 950050245
  steering_tire_angle: -0.04210340604186058
  steering_tire_rotation_rate: -0.16138452291488647
longitudinal:
  stamp:
    sec: 3371
    nanosec: 950050245
  speed: 2.754984140396118
  acceleration: -0.30350542068481445
  jerk: 0.0
---
stamp:
  sec: 3372
  nanosec: 50246
lateral:
  stamp:
    sec: 3372
    nanosec: 50246
  steering_tire_angle: -0.04657938703894615
  steering_tire_rotation_rate: -0.1228170245885849
longitudinal:
  stamp:
    sec: 3372
    nanosec: 50246
  speed: 2.75864315032959
  acceleration: -0.37460383772850037
  jerk: 0.0
---
stamp:
  sec: 3372
  nanosec: 50050247
lateral:
  stamp:
    sec: 3372
    nanosec: 50050247
  steering_tire_angle: -0.04949368163943291
  steering_tire_rotation_rate: -0.09479398280382156
longitudinal:
  stamp:
    sec: 3372
    nanosec: 50050247
  speed: 2.7615623474121094
  acceleration: -0.4310207664966583
  jerk: 0.0
---
stamp:
  sec: 3372
  nanosec: 100050248
lateral:
  stamp:
    sec: 3372
    nanosec: 100050248
  steering_tire_angle: -0.051438938826322556
  steering_tire_rotation_rate: -0.07467463612556458
longitudinal:
  stamp:
    sec: 3372
    nanosec: 100050248
  speed: 2.7622644901275635
  acceleration: -0.47082632780075073
  jerk: 0.0
---
stamp:
  sec: 3372
  nanosec: 150050248
lateral:
  stamp:
    sec: 3372
    nanosec: 150050248
  steering_tire_angle: -0.05301022157073021
  steering_tire_rotation_rate: -0.0650084987282753
longitudinal:
  stamp:
    sec: 3372
    nanosec: 150050248
  speed: 2.762749433517456
  acceleration: -0.4940946698188782
  jerk: 0.0
---
stamp:
  sec: 3372
  nanosec: 200050249
lateral:
  stamp:
    sec: 3372
    nanosec: 200050249
  steering_tire_angle: -0.05466878041625023
  steering_tire_rotation_rate: -0.06057332456111908
longitudinal:
  stamp:
    sec: 3372
    nanosec: 200050249
  speed: 2.7647907733917236
  acceleration: -0.5048559904098511
  jerk: 0.0
---
stamp:
  sec: 3372
  nanosec: 250050250
lateral:
  stamp:
    sec: 3372
    nanosec: 250050250
  steering_tire_angle: -0.05667177960276604
  steering_tire_rotation_rate: -0.06121942400932312
longitudinal:
  stamp:
    sec: 3372
    nanosec: 250050250
  speed: 2.7666940689086914
  acceleration: -0.5007850527763367
  jerk: 0.0
---
stamp:
  sec: 3372
  nanosec: 300050251
lateral:
  stamp:
    sec: 3372
    nanosec: 300050251
  steering_tire_angle: -0.05910028889775276
  steering_tire_rotation_rate: -0.06449851393699646
longitudinal:
  stamp:
    sec: 3372
    nanosec: 300050251
  speed: 2.7666237354278564
  acceleration: -0.48253607749938965
  jerk: 0.0
---
stamp:
  sec: 3372
  nanosec: 350050251
lateral:
  stamp:
    sec: 3372
    nanosec: 350050251
  steering_tire_angle: -0.0618765763938427
  steering_tire_rotation_rate: -0.06496728956699371
longitudinal:
  stamp:
    sec: 3372
    nanosec: 350050251
  speed: 2.7681162357330322
  acceleration: -0.4592982828617096
  jerk: 0.0
---
stamp:
  sec: 3372
  nanosec: 400050252
lateral:
  stamp:
    sec: 3372
    nanosec: 400050252
  steering_tire_angle: -0.06482135504484177
  steering_tire_rotation_rate: -0.07017794251441956
longitudinal:
  stamp:
    sec: 3372
    nanosec: 400050252
  speed: 2.7681586742401123
  acceleration: -0.42396336793899536
  jerk: 0.0
---
stamp:
  sec: 3372
  nanosec: 450050253
lateral:
  stamp:
    sec: 3372
    nanosec: 450050253
  steering_tire_angle: -0.06751274317502975
  steering_tire_rotation_rate: -0.04593312740325928
longitudinal:
  stamp:
    sec: 3372
    nanosec: 450050253
  speed: 2.7693660259246826
  acceleration: -0.3873501420021057
  jerk: 0.0
---
stamp:
  sec: 3372
  nanosec: 500050254
lateral:
  stamp:
    sec: 3372
    nanosec: 500050254
  steering_tire_angle: -0.06946824491024017
  steering_tire_rotation_rate: -0.042276155203580856
longitudinal:
  stamp:
    sec: 3372
    nanosec: 500050254
  speed: 2.7693421840667725
  acceleration: -0.3399900496006012
  jerk: 0.0
---
stamp:
  sec: 3372
  nanosec: 550050254
lateral:
  stamp:
    sec: 3372
    nanosec: 550050254
  steering_tire_angle: -0.07067591696977615
  steering_tire_rotation_rate: -0.0294092558324337
longitudinal:
  stamp:
    sec: 3372
    nanosec: 550050254
  speed: 2.770409107208252
  acceleration: -0.29187196493148804
  jerk: 0.0
---
stamp:
  sec: 3372
  nanosec: 600050255
lateral:
  stamp:
    sec: 3372
    nanosec: 600050255
  steering_tire_angle: -0.0713597759604454
  steering_tire_rotation_rate: -0.026232264935970306
longitudinal:
  stamp:
    sec: 3372
    nanosec: 600050255
  speed: 2.771209955215454
  acceleration: -0.231491357088089
  jerk: 0.0
---
stamp:
  sec: 3372
  nanosec: 650050256
lateral:
  stamp:
    sec: 3372
    nanosec: 650050256
  steering_tire_angle: -0.07138846814632416
  steering_tire_rotation_rate: 0.008921033702790737
longitudinal:
  stamp:
    sec: 3372
    nanosec: 650050256
  speed: 2.771345853805542
  acceleration: -0.18228501081466675
  jerk: 0.0
---
stamp:
  sec: 3372
  nanosec: 700050257
lateral:
  stamp:
    sec: 3372
    nanosec: 700050257
  steering_tire_angle: -0.07061149179935455
  steering_tire_rotation_rate: 0.00511231878772378
longitudinal:
  stamp:
    sec: 3372
    nanosec: 700050257
  speed: 2.7718608379364014
  acceleration: -0.11476103216409683
  jerk: 0.0
---
stamp:
  sec: 3372
  nanosec: 750050257
lateral:
  stamp:
    sec: 3372
    nanosec: 750050257
  steering_tire_angle: -0.06904639303684235
  steering_tire_rotation_rate: 0.04680897668004036
longitudinal:
  stamp:
    sec: 3372
    nanosec: 750050257
  speed: 2.7740657329559326
  acceleration: -0.08491186052560806
  jerk: 0.0
---
stamp:
  sec: 3372
  nanosec: 800050258
lateral:
  stamp:
    sec: 3372
    nanosec: 800050258
  steering_tire_angle: -0.06652349978685379
  steering_tire_rotation_rate: 0.053540460765361786
longitudinal:
  stamp:
    sec: 3372
    nanosec: 800050258
  speed: 2.774047613143921
  acceleration: -0.04657072573900223
  jerk: 0.0
---
stamp:
  sec: 3372
  nanosec: 850050259
lateral:
  stamp:
    sec: 3372
    nanosec: 850050259
  steering_tire_angle: -0.06329431384801865
  steering_tire_rotation_rate: 0.06454874575138092
longitudinal:
  stamp:
    sec: 3372
    nanosec: 850050259
  speed: 2.77494478225708
  acceleration: -0.0246152114123106
  jerk: 0.0
---
stamp:
  sec: 3372
  nanosec: 900050260
lateral:
  stamp:
    sec: 3372
    nanosec: 900050260
  steering_tire_angle: -0.059731703251600266
  steering_tire_rotation_rate: 0.0804881826043129
longitudinal:
  stamp:
    sec: 3372
    nanosec: 900050260
  speed: 2.775216817855835
  acceleration: -0.024893319234251976
  jerk: 0.0
---
stamp:
  sec: 3372
  nanosec: 950050260
lateral:
  stamp:
    sec: 3372
    nanosec: 950050260
  steering_tire_angle: -0.055827703326940536
  steering_tire_rotation_rate: 0.08835846930742264
longitudinal:
  stamp:
    sec: 3372
    nanosec: 950050260
  speed: 2.7760562896728516
  acceleration: -0.049806226044893265
  jerk: 0.0
---
stamp:
  sec: 3373
  nanosec: 50261
lateral:
  stamp:
    sec: 3373
    nanosec: 50261
  steering_tire_angle: -0.051620904356241226
  steering_tire_rotation_rate: 0.09838423132896423
longitudinal:
  stamp:
    sec: 3373
    nanosec: 50261
  speed: 2.7764816284179688
  acceleration: -0.10272105038166046
  jerk: 0.0
---
stamp:
  sec: 3373
  nanosec: 50050262
lateral:
  stamp:
    sec: 3373
    nanosec: 50050262
  steering_tire_angle: -0.04724196717143059
  steering_tire_rotation_rate: 0.09903296828269958
longitudinal:
  stamp:
    sec: 3373
    nanosec: 50050262
  speed: 2.7771501541137695
  acceleration: -0.17752598226070404
  jerk: 0.0
---
stamp:
  sec: 3373
  nanosec: 100050263
lateral:
  stamp:
    sec: 3373
    nanosec: 100050263
  steering_tire_angle: -0.04294769838452339
  steering_tire_rotation_rate: 0.09567146003246307
longitudinal:
  stamp:
    sec: 3373
    nanosec: 100050263
  speed: 2.777174472808838
  acceleration: -0.2550678253173828
  jerk: 0.0
---
stamp:
  sec: 3373
  nanosec: 150050263
lateral:
  stamp:
    sec: 3373
    nanosec: 150050263
  steering_tire_angle: -0.039071224629879
  steering_tire_rotation_rate: 0.08450023084878922
longitudinal:
  stamp:
    sec: 3373
    nanosec: 150050263
  speed: 2.7774901390075684
  acceleration: -0.3285696506500244
  jerk: 0.0
---
stamp:
  sec: 3373
  nanosec: 200050264
lateral:
  stamp:
    sec: 3373
    nanosec: 200050264
  steering_tire_angle: -0.03602927178144455
  steering_tire_rotation_rate: 0.060496505349874496
longitudinal:
  stamp:
    sec: 3373
    nanosec: 200050264
  speed: 2.7775049209594727
  acceleration: -0.3852812349796295
  jerk: 0.0
---
stamp:
  sec: 3373
  nanosec: 250050265
lateral:
  stamp:
    sec: 3373
    nanosec: 250050265
  steering_tire_angle: -0.03420555591583252
  steering_tire_rotation_rate: 0.039195142686367035
longitudinal:
  stamp:
    sec: 3373
    nanosec: 250050265
  speed: 2.7774641513824463
  acceleration: -0.42680394649505615
  jerk: 0.0
---
stamp:
  sec: 3373
  nanosec: 300050266
lateral:
  stamp:
    sec: 3373
    nanosec: 300050266
  steering_tire_angle: -0.03363407775759697
  steering_tire_rotation_rate: 0.018259666860103607
longitudinal:
  stamp:
    sec: 3373
    nanosec: 300050266
  speed: 2.7775986194610596
  acceleration: -0.4545189440250397
  jerk: 0.0
---
stamp:
  sec: 3373
  nanosec: 350050266
lateral:
  stamp:
    sec: 3373
    nanosec: 350050266
  steering_tire_angle: -0.03405989333987236
  steering_tire_rotation_rate: 0.0014113218057900667
longitudinal:
  stamp:
    sec: 3373
    nanosec: 350050266
  speed: 2.7777175903320312
  acceleration: -0.4657144248485565
  jerk: 0.0
---
stamp:
  sec: 3373
  nanosec: 400050267
lateral:
  stamp:
    sec: 3373
    nanosec: 400050267
  steering_tire_angle: -0.035161036998033524
  steering_tire_rotation_rate: -0.01210506446659565
longitudinal:
  stamp:
    sec: 3373
    nanosec: 400050267
  speed: 2.7776362895965576
  acceleration: -0.4636491537094116
  jerk: 0.0
---
stamp:
  sec: 3373
  nanosec: 450050268
lateral:
  stamp:
    sec: 3373
    nanosec: 450050268
  steering_tire_angle: -0.036499954760074615
  steering_tire_rotation_rate: -0.01104169525206089
longitudinal:
  stamp:
    sec: 3373
    nanosec: 450050268
  speed: 2.777637481689453
  acceleration: -0.45256146788597107
  jerk: 0.0
---
stamp:
  sec: 3373
  nanosec: 500050269
lateral:
  stamp:
    sec: 3373
    nanosec: 500050269
  steering_tire_angle: -0.037662897258996964
  steering_tire_rotation_rate: -0.01707175001502037
longitudinal:
  stamp:
    sec: 3373
    nanosec: 500050269
  speed: 2.777672529220581
  acceleration: -0.42903733253479004
  jerk: 0.0
---
stamp:
  sec: 3373
  nanosec: 550050269
lateral:
  stamp:
    sec: 3373
    nanosec: 550050269
  steering_tire_angle: -0.038541294634342194
  steering_tire_rotation_rate: -0.014538442716002464
longitudinal:
  stamp:
    sec: 3373
    nanosec: 550050269
  speed: 2.7777116298675537
  acceleration: -0.39923951029777527
  jerk: 0.0
---
stamp:
  sec: 3373
  nanosec: 600050270
lateral:
  stamp:
    sec: 3373
    nanosec: 600050270
  steering_tire_angle: -0.039120856672525406
  steering_tire_rotation_rate: -0.009766935370862484
longitudinal:
  stamp:
    sec: 3373
    nanosec: 600050270
  speed: 2.7777276039123535
  acceleration: -0.3613453507423401
  jerk: 0.0
---
stamp:
  sec: 3373
  nanosec: 650050271
lateral:
  stamp:
    sec: 3373
    nanosec: 650050271
  steering_tire_angle: -0.03942923992872238
  steering_tire_rotation_rate: -0.010816591791808605
longitudinal:
  stamp:
    sec: 3373
    nanosec: 650050271
  speed: 2.777726888656616
  acceleration: -0.31032776832580566
  jerk: 0.0
---
stamp:
  sec: 3373
  nanosec: 700050272
lateral:
  stamp:
    sec: 3373
    nanosec: 700050272
  steering_tire_angle: -0.03961007669568062
  steering_tire_rotation_rate: -0.008084959350526333
longitudinal:
  stamp:
    sec: 3373
    nanosec: 700050272
  speed: 2.777737855911255
  acceleration: -0.25336867570877075
  jerk: 0.0
---
stamp:
  sec: 3373
  nanosec: 750050272
lateral:
  stamp:
    sec: 3373
    nanosec: 750050272
  steering_tire_angle: -0.039689868688583374
  steering_tire_rotation_rate: -0.0021865966264158487
longitudinal:
  stamp:
    sec: 3373
    nanosec: 750050272
  speed: 2.7777321338653564
  acceleration: -0.19799397885799408
  jerk: 0.0
---
stamp:
  sec: 3373
  nanosec: 800050273
lateral:
  stamp:
    sec: 3373
    nanosec: 800050273
  steering_tire_angle: -0.03956175968050957
  steering_tire_rotation_rate: 0.003846794366836548
longitudinal:
  stamp:
    sec: 3373
    nanosec: 800050273
  speed: 2.7777507305145264
  acceleration: -0.15130843222141266
  jerk: 0.0
---
stamp:
  sec: 3373
  nanosec: 850050274
lateral:
  stamp:
    sec: 3373
    nanosec: 850050274
  steering_tire_angle: -0.03886266425251961
  steering_tire_rotation_rate: 0.032257456332445145
longitudinal:
  stamp:
    sec: 3373
    nanosec: 850050274
  speed: 2.777754306793213
  acceleration: -0.12736806273460388
  jerk: 0.0
---
stamp:
  sec: 3373
  nanosec: 900050275
lateral:
  stamp:
    sec: 3373
    nanosec: 900050275
  steering_tire_angle: -0.03713557869195938
  steering_tire_rotation_rate: 0.045792385935783386
longitudinal:
  stamp:
    sec: 3373
    nanosec: 900050275
  speed: 2.777768850326538
  acceleration: -0.12294571101665497
  jerk: 0.0
---
stamp:
  sec: 3373
  nanosec: 950050275
lateral:
  stamp:
    sec: 3373
    nanosec: 950050275
  steering_tire_angle: -0.03441064804792404
  steering_tire_rotation_rate: 0.06143491715192795
longitudinal:
  stamp:
    sec: 3373
    nanosec: 950050275
  speed: 2.777773857116699
  acceleration: -0.1361033320426941
  jerk: 0.0
---
stamp:
  sec: 3374
  nanosec: 50276
lateral:
  stamp:
    sec: 3374
    nanosec: 50276
  steering_tire_angle: -0.030934374779462814
  steering_tire_rotation_rate: 0.0806964561343193
longitudinal:
  stamp:
    sec: 3374
    nanosec: 50276
  speed: 2.7777748107910156
  acceleration: -0.16995656490325928
  jerk: 0.0
---
stamp:
  sec: 3374
  nanosec: 50050277
lateral:
  stamp:
    sec: 3374
    nanosec: 50050277
  steering_tire_angle: -0.0268840491771698
  steering_tire_rotation_rate: 0.08743365854024887
longitudinal:
  stamp:
    sec: 3374
    nanosec: 50050277
  speed: 2.7777771949768066
  acceleration: -0.21090899407863617
  jerk: 0.0
---
stamp:
  sec: 3374
  nanosec: 100050278
lateral:
  stamp:
    sec: 3374
    nanosec: 100050278
  steering_tire_angle: -0.022542502731084824
  steering_tire_rotation_rate: 0.09391459822654724
longitudinal:
  stamp:
    sec: 3374
    nanosec: 100050278
  speed: 2.777777910232544
  acceleration: -0.27315109968185425
  jerk: 0.0
---
stamp:
  sec: 3374
  nanosec: 150050278
lateral:
  stamp:
    sec: 3374
    nanosec: 150050278
  steering_tire_angle: -0.01832803338766098
  steering_tire_rotation_rate: 0.0797426700592041
longitudinal:
  stamp:
    sec: 3374
    nanosec: 150050278
  speed: 2.7777774333953857
  acceleration: -0.33419060707092285
  jerk: 0.0
---
stamp:
  sec: 3374
  nanosec: 200050279
lateral:
  stamp:
    sec: 3374
    nanosec: 200050279
  steering_tire_angle: -0.014603756368160248
  steering_tire_rotation_rate: 0.08369500190019608
longitudinal:
  stamp:
    sec: 3374
    nanosec: 200050279
  speed: 2.7777774333953857
  acceleration: -0.3858988881111145
  jerk: 0.0
---
stamp:
  sec: 3374
  nanosec: 250050280
lateral:
  stamp:
    sec: 3374
    nanosec: 250050280
  steering_tire_angle: -0.011395130306482315
  steering_tire_rotation_rate: 0.07717815786600113
longitudinal:
  stamp:
    sec: 3374
    nanosec: 250050280
  speed: 2.777777671813965
  acceleration: -0.42526155710220337
  jerk: 0.0
---
stamp:
  sec: 3374
  nanosec: 300050280
lateral:
  stamp:
    sec: 3374
    nanosec: 300050280
  steering_tire_angle: -0.00876852497458458
  steering_tire_rotation_rate: 0.057224199175834656
longitudinal:
  stamp:
    sec: 3374
    nanosec: 300050280
  speed: 2.777777671813965
  acceleration: -0.44445279240608215
  jerk: 0.0
---
stamp:
  sec: 3374
  nanosec: 350050281
lateral:
  stamp:
    sec: 3374
    nanosec: 350050281
  steering_tire_angle: -0.006946548353880644
  steering_tire_rotation_rate: 0.04534538835287094
longitudinal:
  stamp:
    sec: 3374
    nanosec: 350050281
  speed: 2.777777671813965
  acceleration: -0.450447678565979
  jerk: 0.0
---
stamp:
  sec: 3374
  nanosec: 400050282
lateral:
  stamp:
    sec: 3374
    nanosec: 400050282
  steering_tire_angle: -0.005848489236086607
  steering_tire_rotation_rate: 0.03738969564437866
longitudinal:
  stamp:
    sec: 3374
    nanosec: 400050282
  speed: 2.7777771949768066
  acceleration: -0.443632572889328
  jerk: 0.0
---
stamp:
  sec: 3374
  nanosec: 450050283
lateral:
  stamp:
    sec: 3374
    nanosec: 450050283
  steering_tire_angle: -0.005050064530223608
  steering_tire_rotation_rate: 0.03734159097075462
longitudinal:
  stamp:
    sec: 3374
    nanosec: 450050283
  speed: 2.7777767181396484
  acceleration: -0.43816620111465454
  jerk: 0.0
---
stamp:
  sec: 3374
  nanosec: 500050283
lateral:
  stamp:
    sec: 3374
    nanosec: 500050283
  steering_tire_angle: -0.004220865201205015
  steering_tire_rotation_rate: 0.025781316682696342
longitudinal:
  stamp:
    sec: 3374
    nanosec: 500050283
  speed: 2.7777769565582275
  acceleration: -0.4136401116847992
  jerk: 0.0
---
stamp:
  sec: 3374
  nanosec: 600050285
lateral:
  stamp:
    sec: 3374
    nanosec: 600050285
  steering_tire_angle: -0.0034224889241158962
  steering_tire_rotation_rate: 0.021434947848320007
longitudinal:
  stamp:
    sec: 3374
    nanosec: 600050285
  speed: 2.777777671813965
  acceleration: -0.38059672713279724
  jerk: 0.0
---
stamp:
  sec: 3374
  nanosec: 650050286
lateral:
  stamp:
    sec: 3374
    nanosec: 650050286
  steering_tire_angle: -0.0026772688142955303
  steering_tire_rotation_rate: 0.02380126714706421
longitudinal:
  stamp:
    sec: 3374
    nanosec: 650050286
  speed: 2.7777774333953857
  acceleration: -0.3333187401294708
  jerk: 0.0
---
stamp:
  sec: 3374
  nanosec: 700050286
lateral:
  stamp:
    sec: 3374
    nanosec: 700050286
  steering_tire_angle: -0.001941415946930647
  steering_tire_rotation_rate: 0.015388759784400463
longitudinal:
  stamp:
    sec: 3374
    nanosec: 700050286
  speed: 2.7777774333953857
  acceleration: -0.2670474648475647
  jerk: 0.0
---
stamp:
  sec: 3374
  nanosec: 750050287
lateral:
  stamp:
    sec: 3374
    nanosec: 750050287
  steering_tire_angle: -0.001335806678980589
  steering_tire_rotation_rate: 0.014490744099020958
longitudinal:
  stamp:
    sec: 3374
    nanosec: 750050287
  speed: 2.7777774333953857
  acceleration: -0.19815635681152344
  jerk: 0.0
---
stamp:
  sec: 3374
  nanosec: 800050288
lateral:
  stamp:
    sec: 3374
    nanosec: 800050288
  steering_tire_angle: -0.0008525061421096325
  steering_tire_rotation_rate: 0.014725972898304462
longitudinal:
  stamp:
    sec: 3374
    nanosec: 800050288
  speed: 2.7777774333953857
  acceleration: -0.13023927807807922
  jerk: 0.0
---
stamp:
  sec: 3374
  nanosec: 850050289
lateral:
  stamp:
    sec: 3374
    nanosec: 850050289
  steering_tire_angle: -0.00017624301835894585
  steering_tire_rotation_rate: 0.029471978545188904
longitudinal:
  stamp:
    sec: 3374
    nanosec: 850050289
  speed: 2.777777671813965
  acceleration: -0.08035434782505035
  jerk: 0.0
---
stamp:
  sec: 3374
  nanosec: 900050289
lateral:
  stamp:
    sec: 3374
    nanosec: 900050289
  steering_tire_angle: 0.001084300223737955
  steering_tire_rotation_rate: 0.03684191778302193
longitudinal:
  stamp:
    sec: 3374
    nanosec: 900050289
  speed: 2.777777910232544
  acceleration: -0.048937492072582245
  jerk: 0.0
---
stamp:
  sec: 3374
  nanosec: 950050290
lateral:
  stamp:
    sec: 3374
    nanosec: 950050290
  steering_tire_angle: 0.003009787295013666
  steering_tire_rotation_rate: 0.04767361655831337
longitudinal:
  stamp:
    sec: 3374
    nanosec: 950050290
  speed: 2.777777671813965
  acceleration: -0.03422307223081589
  jerk: 0.0
---
stamp:
  sec: 3375
  nanosec: 50291
lateral:
  stamp:
    sec: 3375
    nanosec: 50291
  steering_tire_angle: 0.005506678018718958
  steering_tire_rotation_rate: 0.06042960658669472
longitudinal:
  stamp:
    sec: 3375
    nanosec: 50291
  speed: 2.777777671813965
  acceleration: -0.04063691198825836
  jerk: 0.0
---
stamp:
  sec: 3375
  nanosec: 50050292
lateral:
  stamp:
    sec: 3375
    nanosec: 50050292
  steering_tire_angle: 0.008595351129770279
  steering_tire_rotation_rate: 0.07541725784540176
longitudinal:
  stamp:
    sec: 3375
    nanosec: 50050292
  speed: 2.777777671813965
  acceleration: -0.07095090299844742
  jerk: 0.0
---
stamp:
  sec: 3375
  nanosec: 100050292
lateral:
  stamp:
    sec: 3375
    nanosec: 100050292
  steering_tire_angle: 0.012234671972692013
  steering_tire_rotation_rate: 0.08064358681440353
longitudinal:
  stamp:
    sec: 3375
    nanosec: 100050292
  speed: 2.777777671813965
  acceleration: -0.12545204162597656
  jerk: 0.0
---
stamp:
  sec: 3375
  nanosec: 150050293
lateral:
  stamp:
    sec: 3375
    nanosec: 150050293
  steering_tire_angle: 0.016153527423739433
  steering_tire_rotation_rate: 0.08552969992160797
longitudinal:
  stamp:
    sec: 3375
    nanosec: 150050293
  speed: 2.777777910232544
  acceleration: -0.2030961960554123
  jerk: 0.0
---
stamp:
  sec: 3375
  nanosec: 200050294
lateral:
  stamp:
    sec: 3375
    nanosec: 200050294
  steering_tire_angle: 0.02010561153292656
  steering_tire_rotation_rate: 0.09352245181798935
longitudinal:
  stamp:
    sec: 3375
    nanosec: 200050294
  speed: 2.7777769565582275
  acceleration: -0.2967025637626648
  jerk: 0.0
---
stamp:
  sec: 3375
  nanosec: 250050295
lateral:
  stamp:
    sec: 3375
    nanosec: 250050295
  steering_tire_angle: 0.023858802393078804
  steering_tire_rotation_rate: 0.07906468212604523
longitudinal:
  stamp:
    sec: 3375
    nanosec: 250050295
  speed: 2.7777771949768066
  acceleration: -0.38263601064682007
  jerk: 0.0
---
stamp:
  sec: 3375
  nanosec: 300050295
lateral:
  stamp:
    sec: 3375
    nanosec: 300050295
  steering_tire_angle: 0.026949001476168633
  steering_tire_rotation_rate: 0.06078581511974335
longitudinal:
  stamp:
    sec: 3375
    nanosec: 300050295
  speed: 2.777777910232544
  acceleration: -0.4649704694747925
  jerk: 0.0
---
stamp:
  sec: 3375
  nanosec: 350050296
lateral:
  stamp:
    sec: 3375
    nanosec: 350050296
  steering_tire_angle: 0.02892480231821537
  steering_tire_rotation_rate: 0.03897356614470482
longitudinal:
  stamp:
    sec: 3375
    nanosec: 350050296
  speed: 2.777777910232544
  acceleration: -0.5319206118583679
  jerk: 0.0
---
stamp:
  sec: 3375
  nanosec: 400050297
lateral:
  stamp:
    sec: 3375
    nanosec: 400050297
  steering_tire_angle: 0.029543180018663406
  steering_tire_rotation_rate: 0.008048816584050655
longitudinal:
  stamp:
    sec: 3375
    nanosec: 400050297
  speed: 2.777777910232544
  acceleration: -0.5829257369041443
  jerk: 0.0
---
stamp:
  sec: 3375
  nanosec: 450050298
lateral:
  stamp:
    sec: 3375
    nanosec: 450050298
  steering_tire_angle: 0.028952959924936295
  steering_tire_rotation_rate: 0.0009246201370842755
longitudinal:
  stamp:
    sec: 3375
    nanosec: 450050298
  speed: 2.777777910232544
  acceleration: -0.6158391237258911
  jerk: 0.0
---
stamp:
  sec: 3375
  nanosec: 500050298
lateral:
  stamp:
    sec: 3375
    nanosec: 500050298
  steering_tire_angle: 0.027627740055322647
  steering_tire_rotation_rate: -0.018912842497229576
longitudinal:
  stamp:
    sec: 3375
    nanosec: 500050298
  speed: 2.777777910232544
  acceleration: -0.6278271675109863
  jerk: 0.0
---
stamp:
  sec: 3375
  nanosec: 600050300
lateral:
  stamp:
    sec: 3375
    nanosec: 600050300
  steering_tire_angle: 0.02585945650935173
  steering_tire_rotation_rate: -0.02950536459684372
longitudinal:
  stamp:
    sec: 3375
    nanosec: 600050300
  speed: 2.777777671813965
  acceleration: -0.6270992159843445
  jerk: 0.0
---
stamp:
  sec: 3375
  nanosec: 650050301
lateral:
  stamp:
    sec: 3375
    nanosec: 650050301
  steering_tire_angle: 0.02585945650935173
  steering_tire_rotation_rate: -0.04599785804748535
longitudinal:
  stamp:
    sec: 3375
    nanosec: 650050301
  speed: 2.777777671813965
  acceleration: -0.6270992159843445
  jerk: 0.0
---
stamp:
  sec: 3375
  nanosec: 700050301
lateral:
  stamp:
    sec: 3375
    nanosec: 700050301
  steering_tire_angle: 0.021240150555968285
  steering_tire_rotation_rate: -0.05182349309325218
longitudinal:
  stamp:
    sec: 3375
    nanosec: 700050301
  speed: 2.7777769565582275
  acceleration: -0.5623576641082764
  jerk: 0.0
---
stamp:
  sec: 3375
  nanosec: 750050302
lateral:
  stamp:
    sec: 3375
    nanosec: 750050302
  steering_tire_angle: 0.018633393570780754
  steering_tire_rotation_rate: -0.05616297945380211
longitudinal:
  stamp:
    sec: 3375
    nanosec: 750050302
  speed: 2.7777771949768066
  acceleration: -0.5203536152839661
  jerk: 0.0
---
stamp:
  sec: 3375
  nanosec: 800050303
lateral:
  stamp:
    sec: 3375
    nanosec: 800050303
  steering_tire_angle: 0.01615726388990879
  steering_tire_rotation_rate: -0.05808156356215477
longitudinal:
  stamp:
    sec: 3375
    nanosec: 800050303
  speed: 2.7777774333953857
  acceleration: -0.4724128544330597
  jerk: 0.0
---
stamp:
  sec: 3375
  nanosec: 850050304
lateral:
  stamp:
    sec: 3375
    nanosec: 850050304
  steering_tire_angle: 0.014257660135626793
  steering_tire_rotation_rate: -0.025593610480427742
longitudinal:
  stamp:
    sec: 3375
    nanosec: 850050304
  speed: 2.777777671813965
  acceleration: -0.42203423380851746
  jerk: 0.0
---
stamp:
  sec: 3375
  nanosec: 900050304
lateral:
  stamp:
    sec: 3375
    nanosec: 900050304
  steering_tire_angle: 0.013362724334001541
  steering_tire_rotation_rate: -0.02100912667810917
longitudinal:
  stamp:
    sec: 3375
    nanosec: 900050304
  speed: 2.7777774333953857
  acceleration: -0.3650170564651489
  jerk: 0.0
---
stamp:
  sec: 3375
  nanosec: 950050305
lateral:
  stamp:
    sec: 3375
    nanosec: 950050305
  steering_tire_angle: 0.013218283653259277
  steering_tire_rotation_rate: -0.013668261468410492
longitudinal:
  stamp:
    sec: 3375
    nanosec: 950050305
  speed: 2.7777771949768066
  acceleration: -0.30064842104911804
  jerk: 0.0
---
stamp:
  sec: 3376
  nanosec: 50306
lateral:
  stamp:
    sec: 3376
    nanosec: 50306
  steering_tire_angle: 0.013334410265088081
  steering_tire_rotation_rate: -0.01041132677346468
longitudinal:
  stamp:
    sec: 3376
    nanosec: 50306
  speed: 2.7777771949768066
  acceleration: -0.23673070967197418
  jerk: 0.0
---
stamp:
  sec: 3376
  nanosec: 50050307
lateral:
  stamp:
    sec: 3376
    nanosec: 50050307
  steering_tire_angle: 0.01377380732446909
  steering_tire_rotation_rate: 0.016971305012702942
longitudinal:
  stamp:
    sec: 3376
    nanosec: 50050307
  speed: 2.7777774333953857
  acceleration: -0.20278318226337433
  jerk: 0.0
---
stamp:
  sec: 3376
  nanosec: 100050307
lateral:
  stamp:
    sec: 3376
    nanosec: 100050307
  steering_tire_angle: 0.014842198230326176
  steering_tire_rotation_rate: 0.02140398882329464
longitudinal:
  stamp:
    sec: 3376
    nanosec: 100050307
  speed: 2.7777774333953857
  acceleration: -0.17325420677661896
  jerk: 0.0
---
stamp:
  sec: 3376
  nanosec: 150050308
lateral:
  stamp:
    sec: 3376
    nanosec: 150050308
  steering_tire_angle: 0.0164302047342062
  steering_tire_rotation_rate: 0.03245609998703003
longitudinal:
  stamp:
    sec: 3376
    nanosec: 150050308
  speed: 2.777777671813965
  acceleration: -0.15775418281555176
  jerk: 0.0
---
stamp:
  sec: 3376
  nanosec: 200050309
lateral:
  stamp:
    sec: 3376
    nanosec: 200050309
  steering_tire_angle: 0.018360162153840065
  steering_tire_rotation_rate: 0.044765591621398926
longitudinal:
  stamp:
    sec: 3376
    nanosec: 200050309
  speed: 2.777777671813965
  acceleration: -0.1633695662021637
  jerk: 0.0
---
stamp:
  sec: 3376
  nanosec: 250050310
lateral:
  stamp:
    sec: 3376
    nanosec: 250050310
  steering_tire_angle: 0.020733419805765152
  steering_tire_rotation_rate: 0.05891738831996918
longitudinal:
  stamp:
    sec: 3376
    nanosec: 250050310
  speed: 2.777777910232544
  acceleration: -0.18094338476657867
  jerk: 0.0
---
stamp:
  sec: 3376
  nanosec: 300050310
lateral:
  stamp:
    sec: 3376
    nanosec: 300050310
  steering_tire_angle: 0.02360452152788639
  steering_tire_rotation_rate: 0.06527175009250641
longitudinal:
  stamp:
    sec: 3376
    nanosec: 300050310
  speed: 2.777777910232544
  acceleration: -0.24112577736377716
  jerk: 0.0
---
stamp:
  sec: 3376
  nanosec: 350050311
lateral:
  stamp:
    sec: 3376
    nanosec: 350050311
  steering_tire_angle: 0.02675492875277996
  steering_tire_rotation_rate: 0.06716769188642502
longitudinal:
  stamp:
    sec: 3376
    nanosec: 350050311
  speed: 2.777777910232544
  acceleration: -0.30620867013931274
  jerk: 0.0
---
stamp:
  sec: 3376
  nanosec: 400050312
lateral:
  stamp:
    sec: 3376
    nanosec: 400050312
  steering_tire_angle: 0.02990460768342018
  steering_tire_rotation_rate: 0.0733153447508812
longitudinal:
  stamp:
    sec: 3376
    nanosec: 400050312
  speed: 2.7777767181396484
  acceleration: -0.36557653546333313
  jerk: 0.0
---
stamp:
  sec: 3376
  nanosec: 450050313
lateral:
  stamp:
    sec: 3376
    nanosec: 450050313
  steering_tire_angle: 0.03297077491879463
  steering_tire_rotation_rate: 0.07160118222236633
longitudinal:
  stamp:
    sec: 3376
    nanosec: 450050313
  speed: 2.7777769565582275
  acceleration: -0.41257020831108093
  jerk: 0.0
---
stamp:
  sec: 3376
  nanosec: 500050313
lateral:
  stamp:
    sec: 3376
    nanosec: 500050313
  steering_tire_angle: 0.03586157411336899
  steering_tire_rotation_rate: 0.06370434165000916
longitudinal:
  stamp:
    sec: 3376
    nanosec: 500050313
  speed: 2.7777771949768066
  acceleration: -0.44648414850234985
  jerk: 0.0
---
stamp:
  sec: 3376
  nanosec: 550050314
lateral:
  stamp:
    sec: 3376
    nanosec: 550050314
  steering_tire_angle: 0.03837535157799721
  steering_tire_rotation_rate: 0.0573352575302124
longitudinal:
  stamp:
    sec: 3376
    nanosec: 550050314
  speed: 2.777777910232544
  acceleration: -0.4684220254421234
  jerk: 0.0
---
stamp:
  sec: 3376
  nanosec: 600050315
lateral:
  stamp:
    sec: 3376
    nanosec: 600050315
  steering_tire_angle: 0.040460217744112015
  steering_tire_rotation_rate: 0.055815450847148895
longitudinal:
  stamp:
    sec: 3376
    nanosec: 600050315
  speed: 2.777777910232544
  acceleration: -0.4757329821586609
  jerk: 0.0
---
stamp:
  sec: 3376
  nanosec: 650050316
lateral:
  stamp:
    sec: 3376
    nanosec: 650050316
  steering_tire_angle: 0.042295973747968674
  steering_tire_rotation_rate: 0.052012961357831955
longitudinal:
  stamp:
    sec: 3376
    nanosec: 650050316
  speed: 2.777777910232544
  acceleration: -0.4746987521648407
  jerk: 0.0
---
stamp:
  sec: 3376
  nanosec: 700050316
lateral:
  stamp:
    sec: 3376
    nanosec: 700050316
  steering_tire_angle: 0.0440378375351429
  steering_tire_rotation_rate: 0.04539306461811066
longitudinal:
  stamp:
    sec: 3376
    nanosec: 700050316
  speed: 2.777777671813965
  acceleration: -0.4590228497982025
  jerk: 0.0
---
stamp:
  sec: 3376
  nanosec: 750050317
lateral:
  stamp:
    sec: 3376
    nanosec: 750050317
  steering_tire_angle: 0.04565124958753586
  steering_tire_rotation_rate: 0.04065322503447533
longitudinal:
  stamp:
    sec: 3376
    nanosec: 750050317
  speed: 2.777777671813965
  acceleration: -0.43568408489227295
  jerk: 0.0
---
stamp:
  sec: 3376
  nanosec: 800050318
lateral:
  stamp:
    sec: 3376
    nanosec: 800050318
  steering_tire_angle: 0.04708922654390335
  steering_tire_rotation_rate: 0.039104871451854706
longitudinal:
  stamp:
    sec: 3376
    nanosec: 800050318
  speed: 2.777777671813965
  acceleration: -0.40344148874282837
  jerk: 0.0
---
stamp:
  sec: 3376
  nanosec: 850050318
lateral:
  stamp:
    sec: 3376
    nanosec: 850050318
  steering_tire_angle: 0.048524606972932816
  steering_tire_rotation_rate: 0.04433789849281311
longitudinal:
  stamp:
    sec: 3376
    nanosec: 850050318
  speed: 2.7777771949768066
  acceleration: -0.38795948028564453
  jerk: 0.0
---
stamp:
  sec: 3376
  nanosec: 900050319
lateral:
  stamp:
    sec: 3376
    nanosec: 900050319
  steering_tire_angle: 0.050154779106378555
  steering_tire_rotation_rate: 0.04107734188437462
longitudinal:
  stamp:
    sec: 3376
    nanosec: 900050319
  speed: 2.7777774333953857
  acceleration: -0.3378519117832184
  jerk: 0.0
---
stamp:
  sec: 3376
  nanosec: 950050320
lateral:
  stamp:
    sec: 3376
    nanosec: 950050320
  steering_tire_angle: 0.05190541222691536
  steering_tire_rotation_rate: 0.041414931416511536
longitudinal:
  stamp:
    sec: 3376
    nanosec: 950050320
  speed: 2.7777774333953857
  acceleration: -0.27754074335098267
  jerk: 0.0
---
stamp:
  sec: 3377
  nanosec: 50321
lateral:
  stamp:
    sec: 3377
    nanosec: 50321
  steering_tire_angle: 0.05365589261054993
  steering_tire_rotation_rate: 0.043502677232027054
longitudinal:
  stamp:
    sec: 3377
    nanosec: 50321
  speed: 2.7777771949768066
  acceleration: -0.21613682806491852
  jerk: 0.0
---
stamp:
  sec: 3377
  nanosec: 50050321
lateral:
  stamp:
    sec: 3377
    nanosec: 50050321
  steering_tire_angle: 0.05548170208930969
  steering_tire_rotation_rate: 0.0484217070043087
longitudinal:
  stamp:
    sec: 3377
    nanosec: 50050321
  speed: 2.7777774333953857
  acceleration: -0.17700901627540588
  jerk: 0.0
---
stamp:
  sec: 3377
  nanosec: 100050322
lateral:
  stamp:
    sec: 3377
    nanosec: 100050322
  steering_tire_angle: 0.057418908923864365
  steering_tire_rotation_rate: 0.0432172529399395
longitudinal:
  stamp:
    sec: 3377
    nanosec: 100050322
  speed: 2.7777774333953857
  acceleration: -0.1494012176990509
  jerk: 0.0
---
stamp:
  sec: 3377
  nanosec: 150050323
lateral:
  stamp:
    sec: 3377
    nanosec: 150050323
  steering_tire_angle: 0.059281423687934875
  steering_tire_rotation_rate: 0.04123986139893532
longitudinal:
  stamp:
    sec: 3377
    nanosec: 150050323
  speed: 2.7777769565582275
  acceleration: -0.13530629873275757
  jerk: 0.0
---
stamp:
  sec: 3377
  nanosec: 200050324
lateral:
  stamp:
    sec: 3377
    nanosec: 200050324
  steering_tire_angle: 0.06091059371829033
  steering_tire_rotation_rate: 0.039127085357904434
longitudinal:
  stamp:
    sec: 3377
    nanosec: 200050324
  speed: 2.7777771949768066
  acceleration: -0.14177469909191132
  jerk: 0.0
---
stamp:
  sec: 3377
  nanosec: 250050324
lateral:
  stamp:
    sec: 3377
    nanosec: 250050324
  steering_tire_angle: 0.0623587965965271
  steering_tire_rotation_rate: 0.038933996111154556
longitudinal:
  stamp:
    sec: 3377
    nanosec: 250050324
  speed: 2.777777671813965
  acceleration: -0.16399751603603363
  jerk: 0.0
---
stamp:
  sec: 3377
  nanosec: 300050325
lateral:
  stamp:
    sec: 3377
    nanosec: 300050325
  steering_tire_angle: 0.06365817785263062
  steering_tire_rotation_rate: 0.02853400446474552
longitudinal:
  stamp:
    sec: 3377
    nanosec: 300050325
  speed: 2.7777767181396484
  acceleration: -0.21886436641216278
  jerk: 0.0
---
stamp:
  sec: 3377
  nanosec: 350050326
lateral:
  stamp:
    sec: 3377
    nanosec: 350050326
  steering_tire_angle: 0.06464232504367828
  steering_tire_rotation_rate: 0.02152031846344471
longitudinal:
  stamp:
    sec: 3377
    nanosec: 350050326
  speed: 2.7777764797210693
  acceleration: -0.28165245056152344
  jerk: 0.0
---
stamp:
  sec: 3377
  nanosec: 400050327
lateral:
  stamp:
    sec: 3377
    nanosec: 400050327
  steering_tire_angle: 0.06526222079992294
  steering_tire_rotation_rate: 0.02012084797024727
longitudinal:
  stamp:
    sec: 3377
    nanosec: 400050327
  speed: 2.777777671813965
  acceleration: -0.34033116698265076
  jerk: 0.0
---
stamp:
  sec: 3377
  nanosec: 450050327
lateral:
  stamp:
    sec: 3377
    nanosec: 450050327
  steering_tire_angle: 0.06580911576747894
  steering_tire_rotation_rate: 0.02460002340376377
longitudinal:
  stamp:
    sec: 3377
    nanosec: 450050327
  speed: 2.7777771949768066
  acceleration: -0.38811028003692627
  jerk: 0.0
---
stamp:
  sec: 3377
  nanosec: 500050328
lateral:
  stamp:
    sec: 3377
    nanosec: 500050328
  steering_tire_angle: 0.06656736880540848
  steering_tire_rotation_rate: 0.022864608094096184
longitudinal:
  stamp:
    sec: 3377
    nanosec: 500050328
  speed: 2.7777769565582275
  acceleration: -0.4227214753627777
  jerk: 0.0
---
stamp:
  sec: 3377
  nanosec: 550050329
lateral:
  stamp:
    sec: 3377
    nanosec: 550050329
  steering_tire_angle: 0.06751586496829987
  steering_tire_rotation_rate: 0.02332669124007225
longitudinal:
  stamp:
    sec: 3377
    nanosec: 550050329
  speed: 2.7777767181396484
  acceleration: -0.4452512860298157
  jerk: 0.0
---
stamp:
  sec: 3377
  nanosec: 600050330
lateral:
  stamp:
    sec: 3377
    nanosec: 600050330
  steering_tire_angle: 0.06853673607110977
  steering_tire_rotation_rate: 0.024791602045297623
longitudinal:
  stamp:
    sec: 3377
    nanosec: 600050330
  speed: 2.7777771949768066
  acceleration: -0.453208863735199
  jerk: 0.0
---
stamp:
  sec: 3377
  nanosec: 650050330
lateral:
  stamp:
    sec: 3377
    nanosec: 650050330
  steering_tire_angle: 0.06971105188131332
  steering_tire_rotation_rate: 0.03382837772369385
longitudinal:
  stamp:
    sec: 3377
    nanosec: 650050330
  speed: 2.7777774333953857
  acceleration: -0.4607330560684204
  jerk: 0.0
---
stamp:
  sec: 3377
  nanosec: 700050331
lateral:
  stamp:
    sec: 3377
    nanosec: 700050331
  steering_tire_angle: 0.0711434930562973
  steering_tire_rotation_rate: 0.03237113356590271
longitudinal:
  stamp:
    sec: 3377
    nanosec: 700050331
  speed: 2.777777671813965
  acceleration: -0.4449070394039154
  jerk: 0.0
---
stamp:
  sec: 3377
  nanosec: 750050332
lateral:
  stamp:
    sec: 3377
    nanosec: 750050332
  steering_tire_angle: 0.07264964282512665
  steering_tire_rotation_rate: 0.030056478455662727
longitudinal:
  stamp:
    sec: 3377
    nanosec: 750050332
  speed: 2.777777671813965
  acceleration: -0.42090773582458496
  jerk: 0.0
---
stamp:
  sec: 3377
  nanosec: 800050333
lateral:
  stamp:
    sec: 3377
    nanosec: 800050333
  steering_tire_angle: 0.07397270947694778
  steering_tire_rotation_rate: 0.028679389506578445
longitudinal:
  stamp:
    sec: 3377
    nanosec: 800050333
  speed: 2.7777771949768066
  acceleration: -0.3907437026500702
  jerk: 0.0
---
stamp:
  sec: 3377
  nanosec: 850050333
lateral:
  stamp:
    sec: 3377
    nanosec: 850050333
  steering_tire_angle: 0.07509464770555496
  steering_tire_rotation_rate: 0.02861900068819523
longitudinal:
  stamp:
    sec: 3377
    nanosec: 850050333
  speed: 2.7777769565582275
  acceleration: -0.370567262172699
  jerk: 0.0
---
stamp:
  sec: 3377
  nanosec: 900050334
lateral:
  stamp:
    sec: 3377
    nanosec: 900050334
  steering_tire_angle: 0.0761113092303276
  steering_tire_rotation_rate: 0.025129225105047226
longitudinal:
  stamp:
    sec: 3377
    nanosec: 900050334
  speed: 2.7777771949768066
  acceleration: -0.32173413038253784
  jerk: 0.0
---
stamp:
  sec: 3377
  nanosec: 950050335
lateral:
  stamp:
    sec: 3377
    nanosec: 950050335
  steering_tire_angle: 0.077013298869133
  steering_tire_rotation_rate: 0.02040393091738224
longitudinal:
  stamp:
    sec: 3377
    nanosec: 950050335
  speed: 2.7777774333953857
  acceleration: -0.2608743906021118
  jerk: 0.0
---
stamp:
  sec: 3378
  nanosec: 50336
lateral:
  stamp:
    sec: 3378
    nanosec: 50336
  steering_tire_angle: 0.07774821668863297
  steering_tire_rotation_rate: 0.018489671871066093
longitudinal:
  stamp:
    sec: 3378
    nanosec: 50336
  speed: 2.7777774333953857
  acceleration: -0.19894956052303314
  jerk: 0.0
---
stamp:
  sec: 3378
  nanosec: 50050336
lateral:
  stamp:
    sec: 3378
    nanosec: 50050336
  steering_tire_angle: 0.07832294702529907
  steering_tire_rotation_rate: 0.01517160888761282
longitudinal:
  stamp:
    sec: 3378
    nanosec: 50050336
  speed: 2.7777771949768066
  acceleration: -0.16288702189922333
  jerk: 0.0
---
stamp:
  sec: 3378
  nanosec: 100050337
lateral:
  stamp:
    sec: 3378
    nanosec: 100050337
  steering_tire_angle: 0.07869802415370941
  steering_tire_rotation_rate: 0.007371639832854271
longitudinal:
  stamp:
    sec: 3378
    nanosec: 100050337
  speed: 2.7777771949768066
  acceleration: -0.13475430011749268
  jerk: 0.0
---
stamp:
  sec: 3378
  nanosec: 150050338
lateral:
  stamp:
    sec: 3378
    nanosec: 150050338
  steering_tire_angle: 0.07878165692090988
  steering_tire_rotation_rate: 0.0013007966335862875
longitudinal:
  stamp:
    sec: 3378
    nanosec: 150050338
  speed: 2.7777774333953857
  acceleration: -0.12015339732170105
  jerk: 0.0
---
stamp:
  sec: 3378
  nanosec: 200050339
lateral:
  stamp:
    sec: 3378
    nanosec: 200050339
  steering_tire_angle: 0.07850383222103119
  steering_tire_rotation_rate: -0.008328736759722233
longitudinal:
  stamp:
    sec: 3378
    nanosec: 200050339
  speed: 2.7777771949768066
  acceleration: -0.12621237337589264
  jerk: 0.0
---
stamp:
  sec: 3378
  nanosec: 250050339
lateral:
  stamp:
    sec: 3378
    nanosec: 250050339
  steering_tire_angle: 0.07772998511791229
  steering_tire_rotation_rate: -0.022543810307979584
longitudinal:
  stamp:
    sec: 3378
    nanosec: 250050339
  speed: 2.7777767181396484
  acceleration: -0.17961856722831726
  jerk: 0.0
---
stamp:
  sec: 3378
  nanosec: 300050340
lateral:
  stamp:
    sec: 3378
    nanosec: 300050340
  steering_tire_angle: 0.07648705691099167
  steering_tire_rotation_rate: -0.020748991519212723
longitudinal:
  stamp:
    sec: 3378
    nanosec: 300050340
  speed: 2.777777671813965
  acceleration: -0.23094455897808075
  jerk: 0.0
---
stamp:
  sec: 3378
  nanosec: 350050341
lateral:
  stamp:
    sec: 3378
    nanosec: 350050341
  steering_tire_angle: 0.07505634427070618
  steering_tire_rotation_rate: -0.028906449675559998
longitudinal:
  stamp:
    sec: 3378
    nanosec: 350050341
  speed: 2.777777910232544
  acceleration: -0.3065473735332489
  jerk: 0.0
---
stamp:
  sec: 3378
  nanosec: 400050342
lateral:
  stamp:
    sec: 3378
    nanosec: 400050342
  steering_tire_angle: 0.0734155997633934
  steering_tire_rotation_rate: -0.04496645927429199
longitudinal:
  stamp:
    sec: 3378
    nanosec: 400050342
  speed: 2.777777671813965
  acceleration: -0.39784640073776245
  jerk: 0.0
---
stamp:
  sec: 3378
  nanosec: 450050342
lateral:
  stamp:
    sec: 3378
    nanosec: 450050342
  steering_tire_angle: 0.07173455506563187
  steering_tire_rotation_rate: -0.0191793292760849
longitudinal:
  stamp:
    sec: 3378
    nanosec: 450050342
  speed: 2.777777671813965
  acceleration: -0.4727899730205536
  jerk: 0.0
---
stamp:
  sec: 3378
  nanosec: 500050343
lateral:
  stamp:
    sec: 3378
    nanosec: 500050343
  steering_tire_angle: 0.07055775076150894
  steering_tire_rotation_rate: -0.025156201794743538
longitudinal:
  stamp:
    sec: 3378
    nanosec: 500050343
  speed: 2.7777769565582275
  acceleration: -0.550956666469574
  jerk: 0.0
---
stamp:
  sec: 3378
  nanosec: 550050344
lateral:
  stamp:
    sec: 3378
    nanosec: 550050344
  steering_tire_angle: 0.06983248144388199
  steering_tire_rotation_rate: -0.019986901432275772
longitudinal:
  stamp:
    sec: 3378
    nanosec: 550050344
  speed: 2.7777769565582275
  acceleration: -0.6156935691833496
  jerk: 0.0
---
stamp:
  sec: 3378
  nanosec: 600050345
lateral:
  stamp:
    sec: 3378
    nanosec: 600050345
  steering_tire_angle: 0.069359190762043
  steering_tire_rotation_rate: -0.01268220879137516
longitudinal:
  stamp:
    sec: 3378
    nanosec: 600050345
  speed: 2.7777774333953857
  acceleration: -0.6657645106315613
  jerk: 0.0
---
stamp:
  sec: 3378
  nanosec: 650050345
lateral:
  stamp:
    sec: 3378
    nanosec: 650050345
  steering_tire_angle: 0.06946924328804016
  steering_tire_rotation_rate: 0.014250505715608597
longitudinal:
  stamp:
    sec: 3378
    nanosec: 650050345
  speed: 2.7777774333953857
  acceleration: -0.6904228329658508
  jerk: 0.0
---
stamp:
  sec: 3378
  nanosec: 700050346
lateral:
  stamp:
    sec: 3378
    nanosec: 700050346
  steering_tire_angle: 0.07040853798389435
  steering_tire_rotation_rate: 0.016745539382100105
longitudinal:
  stamp:
    sec: 3378
    nanosec: 700050346
  speed: 2.777777671813965
  acceleration: -0.6997089982032776
  jerk: 0.0
---
stamp:
  sec: 3378
  nanosec: 750050347
lateral:
  stamp:
    sec: 3378
    nanosec: 750050347
  steering_tire_angle: 0.07184978574514389
  steering_tire_rotation_rate: 0.024375712499022484
longitudinal:
  stamp:
    sec: 3378
    nanosec: 750050347
  speed: 2.777777910232544
  acceleration: -0.6977946758270264
  jerk: 0.0
---
stamp:
  sec: 3378
  nanosec: 800050348
lateral:
  stamp:
    sec: 3378
    nanosec: 800050348
  steering_tire_angle: 0.07343338429927826
  steering_tire_rotation_rate: 0.031034229323267937
longitudinal:
  stamp:
    sec: 3378
    nanosec: 800050348
  speed: 2.777777671813965
  acceleration: -0.6851247549057007
  jerk: 0.0
---
stamp:
  sec: 3378
  nanosec: 850050348
lateral:
  stamp:
    sec: 3378
    nanosec: 850050348
  steering_tire_angle: 0.07514151185750961
  steering_tire_rotation_rate: 0.03947221860289574
longitudinal:
  stamp:
    sec: 3378
    nanosec: 850050348
  speed: 2.777777671813965
  acceleration: -0.6636377573013306
  jerk: 0.0
---
stamp:
  sec: 3378
  nanosec: 900050349
lateral:
  stamp:
    sec: 3378
    nanosec: 900050349
  steering_tire_angle: 0.07692893594503403
  steering_tire_rotation_rate: 0.034864164888858795
longitudinal:
  stamp:
    sec: 3378
    nanosec: 900050349
  speed: 2.777777671813965
  acceleration: -0.6305290460586548
  jerk: 0.0
---
stamp:
  sec: 3378
  nanosec: 950050350
lateral:
  stamp:
    sec: 3378
    nanosec: 950050350
  steering_tire_angle: 0.07854215055704117
  steering_tire_rotation_rate: 0.03214271366596222
longitudinal:
  stamp:
    sec: 3378
    nanosec: 950050350
  speed: 2.777777671813965
  acceleration: -0.5912024974822998
  jerk: 0.0
---
stamp:
  sec: 3379
  nanosec: 50351
lateral:
  stamp:
    sec: 3379
    nanosec: 50351
  steering_tire_angle: 0.07983069121837616
  steering_tire_rotation_rate: 0.03155691921710968
longitudinal:
  stamp:
    sec: 3379
    nanosec: 50351
  speed: 2.7777774333953857
  acceleration: -0.5453078746795654
  jerk: 0.0
---
stamp:
  sec: 3379
  nanosec: 50050351
lateral:
  stamp:
    sec: 3379
    nanosec: 50050351
  steering_tire_angle: 0.08087483793497086
  steering_tire_rotation_rate: 0.027840659022331238
longitudinal:
  stamp:
    sec: 3379
    nanosec: 50050351
  speed: 2.7777769565582275
  acceleration: -0.5022674202919006
  jerk: 0.0
---
stamp:
  sec: 3379
  nanosec: 100050352
lateral:
  stamp:
    sec: 3379
    nanosec: 100050352
  steering_tire_angle: 0.08181862533092499
  steering_tire_rotation_rate: 0.02768501080572605
longitudinal:
  stamp:
    sec: 3379
    nanosec: 100050352
  speed: 2.7777771949768066
  acceleration: -0.4439413547515869
  jerk: 0.0
---
stamp:
  sec: 3379
  nanosec: 150050353
lateral:
  stamp:
    sec: 3379
    nanosec: 150050353
  steering_tire_angle: 0.08283400535583496
  steering_tire_rotation_rate: 0.03123362921178341
longitudinal:
  stamp:
    sec: 3379
    nanosec: 150050353
  speed: 2.777777671813965
  acceleration: -0.37786462903022766
  jerk: 0.0
---
stamp:
  sec: 3379
  nanosec: 200050354
lateral:
  stamp:
    sec: 3379
    nanosec: 200050354
  steering_tire_angle: 0.08408565074205399
  steering_tire_rotation_rate: 0.03665343299508095
longitudinal:
  stamp:
    sec: 3379
    nanosec: 200050354
  speed: 2.7777774333953857
  acceleration: -0.31532910466194153
  jerk: 0.0
---
stamp:
  sec: 3379
  nanosec: 250050354
lateral:
  stamp:
    sec: 3379
    nanosec: 250050354
  steering_tire_angle: 0.0856131836771965
  steering_tire_rotation_rate: 0.03726249188184738
longitudinal:
  stamp:
    sec: 3379
    nanosec: 250050354
  speed: 2.7777771949768066
  acceleration: -0.27592116594314575
  jerk: 0.0
---
stamp:
  sec: 3379
  nanosec: 300050355
lateral:
  stamp:
    sec: 3379
    nanosec: 300050355
  steering_tire_angle: 0.0872235968708992
  steering_tire_rotation_rate: 0.03195985406637192
longitudinal:
  stamp:
    sec: 3379
    nanosec: 300050355
  speed: 2.7777774333953857
  acceleration: -0.24171455204486847
  jerk: 0.0
---
stamp:
  sec: 3379
  nanosec: 350050356
lateral:
  stamp:
    sec: 3379
    nanosec: 350050356
  steering_tire_angle: 0.08849713206291199
  steering_tire_rotation_rate: 0.017879832535982132
longitudinal:
  stamp:
    sec: 3379
    nanosec: 350050356
  speed: 2.7777774333953857
  acceleration: -0.22539380192756653
  jerk: 0.0
---
stamp:
  sec: 3379
  nanosec: 400050356
lateral:
  stamp:
    sec: 3379
    nanosec: 400050356
  steering_tire_angle: 0.08898060023784637
  steering_tire_rotation_rate: 0.0026970249600708485
longitudinal:
  stamp:
    sec: 3379
    nanosec: 400050356
  speed: 2.7777771949768066
  acceleration: -0.23068392276763916
  jerk: 0.0
---
stamp:
  sec: 3379
  nanosec: 450050357
lateral:
  stamp:
    sec: 3379
    nanosec: 450050357
  steering_tire_angle: 0.08855035156011581
  steering_tire_rotation_rate: -0.008589067496359348
longitudinal:
  stamp:
    sec: 3379
    nanosec: 450050357
  speed: 2.7777767181396484
  acceleration: -0.25276893377304077
  jerk: 0.0
---
stamp:
  sec: 3379
  nanosec: 500050358
lateral:
  stamp:
    sec: 3379
    nanosec: 500050358
  steering_tire_angle: 0.08718941360712051
  steering_tire_rotation_rate: -0.039384834468364716
longitudinal:
  stamp:
    sec: 3379
    nanosec: 500050358
  speed: 2.777777671813965
  acceleration: -0.3091616928577423
  jerk: 0.0
---
stamp:
  sec: 3379
  nanosec: 550050359
lateral:
  stamp:
    sec: 3379
    nanosec: 550050359
  steering_tire_angle: 0.08483809232711792
  steering_tire_rotation_rate: -0.04795186221599579
longitudinal:
  stamp:
    sec: 3379
    nanosec: 550050359
  speed: 2.777777910232544
  acceleration: -0.37112194299697876
  jerk: 0.0
---
stamp:
  sec: 3379
  nanosec: 600050359
lateral:
  stamp:
    sec: 3379
    nanosec: 600050359
  steering_tire_angle: 0.08188863843679428
  steering_tire_rotation_rate: -0.056173358112573624
longitudinal:
  stamp:
    sec: 3379
    nanosec: 600050359
  speed: 2.7777771949768066
  acceleration: -0.4284294843673706
  jerk: 0.0
---
stamp:
  sec: 3379
  nanosec: 650050360
lateral:
  stamp:
    sec: 3379
    nanosec: 650050360
  steering_tire_angle: 0.07911045849323273
  steering_tire_rotation_rate: -0.04037848860025406
longitudinal:
  stamp:
    sec: 3379
    nanosec: 650050360
  speed: 2.7777769565582275
  acceleration: -0.4796517491340637
  jerk: 0.0
---
stamp:
  sec: 3379
  nanosec: 700050361
lateral:
  stamp:
    sec: 3379
    nanosec: 700050361
  steering_tire_angle: 0.0771719217300415
  steering_tire_rotation_rate: -0.030337978154420853
longitudinal:
  stamp:
    sec: 3379
    nanosec: 700050361
  speed: 2.7777769565582275
  acceleration: -0.511493980884552
  jerk: 0.0
---
stamp:
  sec: 3379
  nanosec: 750050362
lateral:
  stamp:
    sec: 3379
    nanosec: 750050362
  steering_tire_angle: 0.0762057825922966
  steering_tire_rotation_rate: -0.022551069036126137
longitudinal:
  stamp:
    sec: 3379
    nanosec: 750050362
  speed: 2.7777771949768066
  acceleration: -0.5316414833068848
  jerk: 0.0
---
stamp:
  sec: 3379
  nanosec: 800050362
lateral:
  stamp:
    sec: 3379
    nanosec: 800050362
  steering_tire_angle: 0.07589244097471237
  steering_tire_rotation_rate: -0.015564660541713238
longitudinal:
  stamp:
    sec: 3379
    nanosec: 800050362
  speed: 2.7777774333953857
  acceleration: -0.537408709526062
  jerk: 0.0
---
stamp:
  sec: 3379
  nanosec: 850050363
lateral:
  stamp:
    sec: 3379
    nanosec: 850050363
  steering_tire_angle: 0.0758637860417366
  steering_tire_rotation_rate: -0.013467036187648773
longitudinal:
  stamp:
    sec: 3379
    nanosec: 850050363
  speed: 2.777777671813965
  acceleration: -0.5322975516319275
  jerk: 0.0
---
stamp:
  sec: 3379
  nanosec: 900050364
lateral:
  stamp:
    sec: 3379
    nanosec: 900050364
  steering_tire_angle: 0.07580168545246124
  steering_tire_rotation_rate: -0.01337508950382471
longitudinal:
  stamp:
    sec: 3379
    nanosec: 900050364
  speed: 2.7777774333953857
  acceleration: -0.5178945660591125
  jerk: 0.0
---
stamp:
  sec: 3379
  nanosec: 950050365
lateral:
  stamp:
    sec: 3379
    nanosec: 950050365
  steering_tire_angle: 0.0754995197057724
  steering_tire_rotation_rate: -0.015777884051203728
longitudinal:
  stamp:
    sec: 3379
    nanosec: 950050365
  speed: 2.777777671813965
  acceleration: -0.49314382672309875
  jerk: 0.0
---
stamp:
  sec: 3380
  nanosec: 50365
lateral:
  stamp:
    sec: 3380
    nanosec: 50365
  steering_tire_angle: 0.07487344741821289
  steering_tire_rotation_rate: -0.019270485267043114
longitudinal:
  stamp:
    sec: 3380
    nanosec: 50365
  speed: 2.7777771949768066
  acceleration: -0.45946183800697327
  jerk: 0.0
---
stamp:
  sec: 3380
  nanosec: 50050366
lateral:
  stamp:
    sec: 3380
    nanosec: 50050366
  steering_tire_angle: 0.07406214624643326
  steering_tire_rotation_rate: -0.012863044627010822
longitudinal:
  stamp:
    sec: 3380
    nanosec: 50050366
  speed: 2.7777769565582275
  acceleration: -0.4254843294620514
  jerk: 0.0
---
stamp:
  sec: 3380
  nanosec: 100050367
lateral:
  stamp:
    sec: 3380
    nanosec: 100050367
  steering_tire_angle: 0.07332167774438858
  steering_tire_rotation_rate: -0.014347382821142673
longitudinal:
  stamp:
    sec: 3380
    nanosec: 100050367
  speed: 2.7777771949768066
  acceleration: -0.37311500310897827
  jerk: 0.0
---
stamp:
  sec: 3380
  nanosec: 150050368
lateral:
  stamp:
    sec: 3380
    nanosec: 150050368
  steering_tire_angle: 0.07272139936685562
  steering_tire_rotation_rate: -0.012178556993603706
longitudinal:
  stamp:
    sec: 3380
    nanosec: 150050368
  speed: 2.7777774333953857
  acceleration: -0.31445521116256714
  jerk: 0.0
---
stamp:
  sec: 3380
  nanosec: 200050368
lateral:
  stamp:
    sec: 3380
    nanosec: 200050368
  steering_tire_angle: 0.07225137203931808
  steering_tire_rotation_rate: -0.010902104899287224
longitudinal:
  stamp:
    sec: 3380
    nanosec: 200050368
  speed: 2.7777771949768066
  acceleration: -0.25527718663215637
  jerk: 0.0
---
stamp:
  sec: 3380
  nanosec: 250050369
lateral:
  stamp:
    sec: 3380
    nanosec: 250050369
  steering_tire_angle: 0.07192204892635345
  steering_tire_rotation_rate: -0.00836219172924757
longitudinal:
  stamp:
    sec: 3380
    nanosec: 250050369
  speed: 2.7777771949768066
  acceleration: -0.21544034779071808
  jerk: 0.0
---
stamp:
  sec: 3380
  nanosec: 300050370
lateral:
  stamp:
    sec: 3380
    nanosec: 300050370
  steering_tire_angle: 0.07161525636911392
  steering_tire_rotation_rate: -0.013392088934779167
longitudinal:
  stamp:
    sec: 3380
    nanosec: 300050370
  speed: 2.7777771949768066
  acceleration: -0.18326671421527863
  jerk: 0.0
---
stamp:
  sec: 3380
  nanosec: 350050371
lateral:
  stamp:
    sec: 3380
    nanosec: 350050371
  steering_tire_angle: 0.07106247544288635
  steering_tire_rotation_rate: -0.021485958248376846
longitudinal:
  stamp:
    sec: 3380
    nanosec: 350050371
  speed: 2.7777774333953857
  acceleration: -0.167527973651886
  jerk: 0.0
---
stamp:
  sec: 3380
  nanosec: 400050371
lateral:
  stamp:
    sec: 3380
    nanosec: 400050371
  steering_tire_angle: 0.06996206939220428
  steering_tire_rotation_rate: -0.03584304824471474
longitudinal:
  stamp:
    sec: 3380
    nanosec: 400050371
  speed: 2.7777771949768066
  acceleration: -0.17807921767234802
  jerk: 0.0
---
stamp:
  sec: 3380
  nanosec: 450050372
lateral:
  stamp:
    sec: 3380
    nanosec: 450050372
  steering_tire_angle: 0.06809130311012268
  steering_tire_rotation_rate: -0.05028696730732918
longitudinal:
  stamp:
    sec: 3380
    nanosec: 450050372
  speed: 2.7777767181396484
  acceleration: -0.23322653770446777
  jerk: 0.0
---
stamp:
  sec: 3380
  nanosec: 500050373
lateral:
  stamp:
    sec: 3380
    nanosec: 500050373
  steering_tire_angle: 0.06559909135103226
  steering_tire_rotation_rate: -0.04900898039340973
longitudinal:
  stamp:
    sec: 3380
    nanosec: 500050373
  speed: 2.777777671813965
  acceleration: -0.2863849103450775
  jerk: 0.0
---
stamp:
  sec: 3380
  nanosec: 550050374
lateral:
  stamp:
    sec: 3380
    nanosec: 550050374
  steering_tire_angle: 0.06304305791854858
  steering_tire_rotation_rate: -0.04662410542368889
longitudinal:
  stamp:
    sec: 3380
    nanosec: 550050374
  speed: 2.777777910232544
  acceleration: -0.34543150663375854
  jerk: 0.0
---
stamp:
  sec: 3380
  nanosec: 600050374
lateral:
  stamp:
    sec: 3380
    nanosec: 600050374
  steering_tire_angle: 0.060906097292900085
  steering_tire_rotation_rate: -0.03868440166115761
longitudinal:
  stamp:
    sec: 3380
    nanosec: 600050374
  speed: 2.777777671813965
  acceleration: -0.4030708968639374
  jerk: 0.0
---
stamp:
  sec: 3380
  nanosec: 650050375
lateral:
  stamp:
    sec: 3380
    nanosec: 650050375
  steering_tire_angle: 0.05937022343277931
  steering_tire_rotation_rate: -0.03233778476715088
longitudinal:
  stamp:
    sec: 3380
    nanosec: 650050375
  speed: 2.777777910232544
  acceleration: -0.4520076513290405
  jerk: 0.0
---
stamp:
  sec: 3380
  nanosec: 700050376
lateral:
  stamp:
    sec: 3380
    nanosec: 700050376
  steering_tire_angle: 0.05845753103494644
  steering_tire_rotation_rate: -0.019838128238916397
longitudinal:
  stamp:
    sec: 3380
    nanosec: 700050376
  speed: 2.777777910232544
  acceleration: -0.48658812046051025
  jerk: 0.0
---
stamp:
  sec: 3380
  nanosec: 750050377
lateral:
  stamp:
    sec: 3380
    nanosec: 750050377
  steering_tire_angle: 0.05815283581614494
  steering_tire_rotation_rate: -0.010197916999459267
longitudinal:
  stamp:
    sec: 3380
    nanosec: 750050377
  speed: 2.777777910232544
  acceleration: -0.5060074329376221
  jerk: 0.0
---
stamp:
  sec: 3380
  nanosec: 800050377
lateral:
  stamp:
    sec: 3380
    nanosec: 800050377
  steering_tire_angle: 0.05834289640188217
  steering_tire_rotation_rate: -0.003429264295846224
longitudinal:
  stamp:
    sec: 3380
    nanosec: 800050377
  speed: 2.777777910232544
  acceleration: -0.5133227109909058
  jerk: 0.0
---
stamp:
  sec: 3380
  nanosec: 850050378
lateral:
  stamp:
    sec: 3380
    nanosec: 850050378
  steering_tire_angle: 0.0589161142706871
  steering_tire_rotation_rate: 0.010310149751603603
longitudinal:
  stamp:
    sec: 3380
    nanosec: 850050378
  speed: 2.777777910232544
  acceleration: -0.520698606967926
  jerk: 0.0
---
stamp:
  sec: 3380
  nanosec: 900050379
lateral:
  stamp:
    sec: 3380
    nanosec: 900050379
  steering_tire_angle: 0.05985300987958908
  steering_tire_rotation_rate: 0.017399508506059647
longitudinal:
  stamp:
    sec: 3380
    nanosec: 900050379
  speed: 2.7777771949768066
  acceleration: -0.5050382614135742
  jerk: 0.0
---
stamp:
  sec: 3380
  nanosec: 950050380
lateral:
  stamp:
    sec: 3380
    nanosec: 950050380
  steering_tire_angle: 0.06103856861591339
  steering_tire_rotation_rate: 0.021720580756664276
longitudinal:
  stamp:
    sec: 3380
    nanosec: 950050380
  speed: 2.7777769565582275
  acceleration: -0.4788251519203186
  jerk: 0.0
---
stamp:
  sec: 3381
  nanosec: 50380
lateral:
  stamp:
    sec: 3381
    nanosec: 50380
  steering_tire_angle: 0.06227809935808182
  steering_tire_rotation_rate: 0.02316313423216343
longitudinal:
  stamp:
    sec: 3381
    nanosec: 50380
  speed: 2.7777774333953857
  acceleration: -0.44415730237960815
  jerk: 0.0
---
stamp:
  sec: 3381
  nanosec: 50050381
lateral:
  stamp:
    sec: 3381
    nanosec: 50050381
  steering_tire_angle: 0.06338465213775635
  steering_tire_rotation_rate: 0.01955993101000786
longitudinal:
  stamp:
    sec: 3381
    nanosec: 50050381
  speed: 2.777777671813965
  acceleration: -0.40476194024086
  jerk: 0.0
---
stamp:
  sec: 3381
  nanosec: 100050382
lateral:
  stamp:
    sec: 3381
    nanosec: 100050382
  steering_tire_angle: 0.06428101658821106
  steering_tire_rotation_rate: 0.021706361323595047
longitudinal:
  stamp:
    sec: 3381
    nanosec: 100050382
  speed: 2.7777771949768066
  acceleration: -0.3827219307422638
  jerk: 0.0
---
stamp:
  sec: 3381
  nanosec: 150050383
lateral:
  stamp:
    sec: 3381
    nanosec: 150050383
  steering_tire_angle: 0.06516459584236145
  steering_tire_rotation_rate: 0.02832396700978279
longitudinal:
  stamp:
    sec: 3381
    nanosec: 150050383
  speed: 2.7777769565582275
  acceleration: -0.3369678854942322
  jerk: 0.0
---
stamp:
  sec: 3381
  nanosec: 200050383
lateral:
  stamp:
    sec: 3381
    nanosec: 200050383
  steering_tire_angle: 0.06632314622402191
  steering_tire_rotation_rate: 0.03507896140217781
longitudinal:
  stamp:
    sec: 3381
    nanosec: 200050383
  speed: 2.7777771949768066
  acceleration: -0.2802760601043701
  jerk: 0.0
---
stamp:
  sec: 3381
  nanosec: 250050384
lateral:
  stamp:
    sec: 3381
    nanosec: 250050384
  steering_tire_angle: 0.06778400391340256
  steering_tire_rotation_rate: 0.033527158200740814
longitudinal:
  stamp:
    sec: 3381
    nanosec: 250050384
  speed: 2.7777774333953857
  acceleration: -0.22255785763263702
  jerk: 0.0
---
stamp:
  sec: 3381
  nanosec: 300050385
lateral:
  stamp:
    sec: 3381
    nanosec: 300050385
  steering_tire_angle: 0.06917768716812134
  steering_tire_rotation_rate: 0.021053496748209
longitudinal:
  stamp:
    sec: 3381
    nanosec: 300050385
  speed: 2.7777771949768066
  acceleration: -0.18283748626708984
  jerk: 0.0
---
stamp:
  sec: 3381
  nanosec: 350050386
lateral:
  stamp:
    sec: 3381
    nanosec: 350050386
  steering_tire_angle: 0.06989753991365433
  steering_tire_rotation_rate: 0.0014613070525228977
longitudinal:
  stamp:
    sec: 3381
    nanosec: 350050386
  speed: 2.7777769565582275
  acceleration: -0.16882158815860748
  jerk: 0.0
---
stamp:
  sec: 3381
  nanosec: 400050386
lateral:
  stamp:
    sec: 3381
    nanosec: 400050386
  steering_tire_angle: 0.06946303695440292
  steering_tire_rotation_rate: -0.01943504810333252
longitudinal:
  stamp:
    sec: 3381
    nanosec: 400050386
  speed: 2.7777774333953857
  acceleration: -0.17691946029663086
  jerk: 0.0
---
stamp:
  sec: 3381
  nanosec: 450050387
lateral:
  stamp:
    sec: 3381
    nanosec: 450050387
  steering_tire_angle: 0.06789761036634445
  steering_tire_rotation_rate: -0.030141225084662437
longitudinal:
  stamp:
    sec: 3381
    nanosec: 450050387
  speed: 2.777777671813965
  acceleration: -0.20169378817081451
  jerk: 0.0
---
stamp:
  sec: 3381
  nanosec: 500050388
lateral:
  stamp:
    sec: 3381
    nanosec: 500050388
  steering_tire_angle: 0.06946303695440292
  steering_tire_rotation_rate: 0.0
longitudinal:
  stamp:
    sec: 3381
    nanosec: 500050388
  speed: 2.7277777194976807
  acceleration: -0.226693794131279
  jerk: 0.0
---
stamp:
  sec: 3381
  nanosec: 550050389
lateral:
  stamp:
    sec: 3381
    nanosec: 550050389
  steering_tire_angle: 0.06946303695440292
  steering_tire_rotation_rate: 0.0
longitudinal:
  stamp:
    sec: 3381
    nanosec: 550050389
  speed: 3.2142531871795654
  acceleration: 0.9687279462814331
  jerk: 0.0
---
stamp:
  sec: 3381
  nanosec: 600050389
lateral:
  stamp:
    sec: 3381
    nanosec: 600050389
  steering_tire_angle: 0.06946303695440292
  steering_tire_rotation_rate: 0.0
longitudinal:
  stamp:
    sec: 3381
    nanosec: 600050389
  speed: 3.366483449935913
  acceleration: 1.0
  jerk: 0.0
---
stamp:
  sec: 3381
  nanosec: 650050390
lateral:
  stamp:
    sec: 3381
    nanosec: 650050390
  steering_tire_angle: 0.06946303695440292
  steering_tire_rotation_rate: 0.0
longitudinal:
  stamp:
    sec: 3381
    nanosec: 650050390
  speed: 3.3741538524627686
  acceleration: 0.9511131048202515
  jerk: 0.0
---
stamp:
  sec: 3381
  nanosec: 700050391
lateral:
  stamp:
    sec: 3381
    nanosec: 700050391
  steering_tire_angle: 0.06946303695440292
  steering_tire_rotation_rate: 0.0
longitudinal:
  stamp:
    sec: 3381
    nanosec: 700050391
  speed: 3.2872304916381836
  acceleration: 0.6796553134918213
  jerk: 0.0
---
stamp:
  sec: 3381
  nanosec: 750050392
lateral:
  stamp:
    sec: 3381
    nanosec: 750050392
  steering_tire_angle: 0.06946303695440292
  steering_tire_rotation_rate: 0.0
longitudinal:
  stamp:
    sec: 3381
    nanosec: 750050392
  speed: 3.0872304439544678
  acceleration: 0.4546552896499634
  jerk: 0.0
---
stamp:
  sec: 3381
  nanosec: 800050392
lateral:
  stamp:
    sec: 3381
    nanosec: 800050392
  steering_tire_angle: 0.06946303695440292
  steering_tire_rotation_rate: 0.0
longitudinal:
  stamp:
    sec: 3381
    nanosec: 800050392
  speed: 2.8857827186584473
  acceleration: -0.06518657505512238
  jerk: 0.0
---
stamp:
  sec: 3381
  nanosec: 850050393
lateral:
  stamp:
    sec: 3381
    nanosec: 850050393
  steering_tire_angle: 0.06946303695440292
  steering_tire_rotation_rate: 0.0
longitudinal:
  stamp:
    sec: 3381
    nanosec: 850050393
  speed: 2.8857827186584473
  acceleration: -0.06518658250570297
  jerk: 0.0
---
stamp:
  sec: 3381
  nanosec: 900050394
lateral:
  stamp:
    sec: 3381
    nanosec: 900050394
  steering_tire_angle: 0.06946303695440292
  steering_tire_rotation_rate: 0.0
longitudinal:
  stamp:
    sec: 3381
    nanosec: 900050394
  speed: 2.7748286724090576
  acceleration: -0.30557581782341003
  jerk: 0.0
---
stamp:
  sec: 3381
  nanosec: 950050394
lateral:
  stamp:
    sec: 3381
    nanosec: 950050394
  steering_tire_angle: 0.06946303695440292
  steering_tire_rotation_rate: 0.0
longitudinal:
  stamp:
    sec: 3381
    nanosec: 950050394
  speed: 2.734772205352783
  acceleration: -0.3801310956478119
  jerk: 0.0
---
stamp:
  sec: 3382
  nanosec: 50395
lateral:
  stamp:
    sec: 3382
    nanosec: 50395
  steering_tire_angle: 0.06946303695440292
  steering_tire_rotation_rate: 0.0
longitudinal:
  stamp:
    sec: 3382
    nanosec: 50395
  speed: 2.80397629737854
  acceleration: -0.2287098914384842
  jerk: 0.0
---
stamp:
  sec: 3382
  nanosec: 50050396
lateral:
  stamp:
    sec: 3382
    nanosec: 50050396
  steering_tire_angle: 0.06946303695440292
  steering_tire_rotation_rate: 0.0
longitudinal:
  stamp:
    sec: 3382
    nanosec: 50050396
  speed: 2.935560464859009
  acceleration: 0.006395424250513315
  jerk: 0.0
---
stamp:
  sec: 3382
  nanosec: 100050397
lateral:
  stamp:
    sec: 3382
    nanosec: 100050397
  steering_tire_angle: 0.06946303695440292
  steering_tire_rotation_rate: 0.0
longitudinal:
  stamp:
    sec: 3382
    nanosec: 100050397
  speed: 2.935560464859009
  acceleration: 0.006395424250513315
  jerk: 0.0
---
stamp:
  sec: 3382
  nanosec: 150050397
lateral:
  stamp:
    sec: 3382
    nanosec: 150050397
  steering_tire_angle: 0.06946303695440292
  steering_tire_rotation_rate: 0.0
longitudinal:
  stamp:
    sec: 3382
    nanosec: 150050397
  speed: 2.955209970474243
  acceleration: 0.09477770328521729
  jerk: 0.0
---
stamp:
  sec: 3382
  nanosec: 200050398
lateral:
  stamp:
    sec: 3382
    nanosec: 200050398
  steering_tire_angle: 0.06946303695440292
  steering_tire_rotation_rate: 0.0
longitudinal:
  stamp:
    sec: 3382
    nanosec: 200050398
  speed: 2.955209970474243
  acceleration: -0.014422600157558918
  jerk: 0.0
---
stamp:
  sec: 3382
  nanosec: 250050399
lateral:
  stamp:
    sec: 3382
    nanosec: 250050399
  steering_tire_angle: 0.06946303695440292
  steering_tire_rotation_rate: 0.0
longitudinal:
  stamp:
    sec: 3382
    nanosec: 250050399
  speed: 2.9006690979003906
  acceleration: -0.16113364696502686
  jerk: 0.0
---
stamp:
  sec: 3382
  nanosec: 300050400
lateral:
  stamp:
    sec: 3382
    nanosec: 300050400
  steering_tire_angle: 0.06946303695440292
  steering_tire_rotation_rate: 0.0
longitudinal:
  stamp:
    sec: 3382
    nanosec: 300050400
  speed: 2.7073466777801514
  acceleration: -0.5566651225090027
  jerk: 0.0
---
stamp:
  sec: 3382
  nanosec: 350050400
lateral:
  stamp:
    sec: 3382
    nanosec: 350050400
  steering_tire_angle: 0.06946303695440292
  steering_tire_rotation_rate: 0.0
longitudinal:
  stamp:
    sec: 3382
    nanosec: 350050400
  speed: 2.7073466777801514
  acceleration: -0.5566650629043579
  jerk: 0.0
---
stamp:
  sec: 3382
  nanosec: 400050401
lateral:
  stamp:
    sec: 3382
    nanosec: 400050401
  steering_tire_angle: 0.06946303695440292
  steering_tire_rotation_rate: 0.0
longitudinal:
  stamp:
    sec: 3382
    nanosec: 400050401
  speed: 2.595632553100586
  acceleration: -0.7494270205497742
  jerk: 0.0
---
stamp:
  sec: 3382
  nanosec: 450050402
lateral:
  stamp:
    sec: 3382
    nanosec: 450050402
  steering_tire_angle: 0.06946303695440292
  steering_tire_rotation_rate: 0.0
longitudinal:
  stamp:
    sec: 3382
    nanosec: 450050402
  speed: 2.4591352939605713
  acceleration: -0.9724789261817932
  jerk: 0.0
---
stamp:
  sec: 3382
  nanosec: 500050403
lateral:
  stamp:
    sec: 3382
    nanosec: 500050403
  steering_tire_angle: 0.06946303695440292
  steering_tire_rotation_rate: 0.0
longitudinal:
  stamp:
    sec: 3382
    nanosec: 500050403
  speed: 2.350717544555664
  acceleration: -1.1170662641525269
  jerk: 0.0
---
stamp:
  sec: 3382
  nanosec: 550050403
lateral:
  stamp:
    sec: 3382
    nanosec: 550050403
  steering_tire_angle: 0.06946303695440292
  steering_tire_rotation_rate: 0.0
longitudinal:
  stamp:
    sec: 3382
    nanosec: 550050403
  speed: 2.2944586277008057
  acceleration: -1.1428778171539307
  jerk: 0.0
---
stamp:
  sec: 3382
  nanosec: 600050404
lateral:
  stamp:
    sec: 3382
    nanosec: 600050404
  steering_tire_angle: 0.06946303695440292
  steering_tire_rotation_rate: 0.0
longitudinal:
  stamp:
    sec: 3382
    nanosec: 600050404
  speed: 2.3238420486450195
  acceleration: -0.9948228597640991
  jerk: 0.0
---
stamp:
  sec: 3382
  nanosec: 650050405
lateral:
  stamp:
    sec: 3382
    nanosec: 650050405
  steering_tire_angle: 0.06946303695440292
  steering_tire_rotation_rate: 0.0
longitudinal:
  stamp:
    sec: 3382
    nanosec: 650050405
  speed: 2.649348497390747
  acceleration: -0.22322630882263184
  jerk: 0.0
---
stamp:
  sec: 3382
  nanosec: 700050406
lateral:
  stamp:
    sec: 3382
    nanosec: 700050406
  steering_tire_angle: 0.06946303695440292
  steering_tire_rotation_rate: 0.0
longitudinal:
  stamp:
    sec: 3382
    nanosec: 700050406
  speed: 2.649348497390747
  acceleration: -0.22322630882263184
  jerk: 0.0
---
stamp:
  sec: 3382
  nanosec: 750050406
lateral:
  stamp:
    sec: 3382
    nanosec: 750050406
  steering_tire_angle: 0.06946303695440292
  steering_tire_rotation_rate: 0.0
longitudinal:
  stamp:
    sec: 3382
    nanosec: 750050406
  speed: 2.7661383152008057
  acceleration: 0.007675588130950928
  jerk: 0.0
---
stamp:
  sec: 3382
  nanosec: 800050407
lateral:
  stamp:
    sec: 3382
    nanosec: 800050407
  steering_tire_angle: 0.06946303695440292
  steering_tire_rotation_rate: 0.0
longitudinal:
  stamp:
    sec: 3382
    nanosec: 800050407
  speed: 2.822901725769043
  acceleration: 0.09543498605489731
  jerk: 0.0
---
stamp:
  sec: 3382
  nanosec: 850050408
lateral:
  stamp:
    sec: 3382
    nanosec: 850050408
  steering_tire_angle: 0.06946303695440292
  steering_tire_rotation_rate: 0.0
longitudinal:
  stamp:
    sec: 3382
    nanosec: 850050408
  speed: 2.730581045150757
  acceleration: -0.14334093034267426
  jerk: 0.0
---
stamp:
  sec: 3382
  nanosec: 900050409
lateral:
  stamp:
    sec: 3382
    nanosec: 900050409
  steering_tire_angle: 0.06946303695440292
  steering_tire_rotation_rate: 0.0
longitudinal:
  stamp:
    sec: 3382
    nanosec: 900050409
  speed: 2.730581045150757
  acceleration: -0.14334093034267426
  jerk: 0.0
---
stamp:
  sec: 3382
  nanosec: 950050409
lateral:
  stamp:
    sec: 3382
    nanosec: 950050409
  steering_tire_angle: 0.06946303695440292
  steering_tire_rotation_rate: 0.0
longitudinal:
  stamp:
    sec: 3382
    nanosec: 950050409
  speed: 2.6720306873321533
  acceleration: -0.2711075246334076
  jerk: 0.0
---
stamp:
  sec: 3383
  nanosec: 50410
lateral:
  stamp:
    sec: 3383
    nanosec: 50410
  steering_tire_angle: 0.06946303695440292
  steering_tire_rotation_rate: 0.0
longitudinal:
  stamp:
    sec: 3383
    nanosec: 50410
  speed: 2.565948486328125
  acceleration: -0.4811609983444214
  jerk: 0.0
---
stamp:
  sec: 3383
  nanosec: 50050411
lateral:
  stamp:
    sec: 3383
    nanosec: 50050411
  steering_tire_angle: 0.06946303695440292
  steering_tire_rotation_rate: 0.0
longitudinal:
  stamp:
    sec: 3383
    nanosec: 50050411
  speed: 2.490126848220825
  acceleration: -0.567889928817749
  jerk: 0.0
---
stamp:
  sec: 3383
  nanosec: 100050412
lateral:
  stamp:
    sec: 3383
    nanosec: 100050412
  steering_tire_angle: 0.06946303695440292
  steering_tire_rotation_rate: 0.0
longitudinal:
  stamp:
    sec: 3383
    nanosec: 100050412
  speed: 2.490126848220825
  acceleration: -0.567889928817749
  jerk: 0.0
---
stamp:
  sec: 3383
  nanosec: 150050412
lateral:
  stamp:
    sec: 3383
    nanosec: 150050412
  steering_tire_angle: 0.06946303695440292
  steering_tire_rotation_rate: 0.0
longitudinal:
  stamp:
    sec: 3383
    nanosec: 150050412
  speed: 2.196035623550415
  acceleration: -1.1242835521697998
  jerk: 0.0
---
stamp:
  sec: 3383
  nanosec: 200050413
lateral:
  stamp:
    sec: 3383
    nanosec: 200050413
  steering_tire_angle: 0.06946303695440292
  steering_tire_rotation_rate: 0.0
longitudinal:
  stamp:
    sec: 3383
    nanosec: 200050413
  speed: 2.0924794673919678
  acceleration: -1.2439676523208618
  jerk: 0.0
---
stamp:
  sec: 3383
  nanosec: 250050414
lateral:
  stamp:
    sec: 3383
    nanosec: 250050414
  steering_tire_angle: 0.06946303695440292
  steering_tire_rotation_rate: 0.0
longitudinal:
  stamp:
    sec: 3383
    nanosec: 250050414
  speed: 2.0233747959136963
  acceleration: -1.2827801704406738
  jerk: 0.0
---
stamp:
  sec: 3383
  nanosec: 300050415
lateral:
  stamp:
    sec: 3383
    nanosec: 300050415
  steering_tire_angle: 0.06946303695440292
  steering_tire_rotation_rate: 0.0
longitudinal:
  stamp:
    sec: 3383
    nanosec: 300050415
  speed: 2.238678216934204
  acceleration: -0.7488954663276672
  jerk: 0.0
---
stamp:
  sec: 3383
  nanosec: 350050415
lateral:
  stamp:
    sec: 3383
    nanosec: 350050415
  steering_tire_angle: 0.06946303695440292
  steering_tire_rotation_rate: 0.0
longitudinal:
  stamp:
    sec: 3383
    nanosec: 350050415
  speed: 2.199347496032715
  acceleration: -0.7776671051979065
  jerk: 0.0
---
stamp:
  sec: 3383
  nanosec: 400050416
lateral:
  stamp:
    sec: 3383
    nanosec: 400050416
  steering_tire_angle: 0.06946303695440292
  steering_tire_rotation_rate: 0.0
longitudinal:
  stamp:
    sec: 3383
    nanosec: 400050416
  speed: 2.4924912452697754
  acceleration: -0.11235672980546951
  jerk: 0.0
---
stamp:
  sec: 3383
  nanosec: 450050417
lateral:
  stamp:
    sec: 3383
    nanosec: 450050417
  steering_tire_angle: 0.06946303695440292
  steering_tire_rotation_rate: 0.0
longitudinal:
  stamp:
    sec: 3383
    nanosec: 450050417
  speed: 2.789130210876465
  acceleration: 0.4671568274497986
  jerk: 0.0
---
stamp:
  sec: 3383
  nanosec: 500050418
lateral:
  stamp:
    sec: 3383
    nanosec: 500050418
  steering_tire_angle: 0.06946303695440292
  steering_tire_rotation_rate: 0.0
longitudinal:
  stamp:
    sec: 3383
    nanosec: 500050418
  speed: 2.783714771270752
  acceleration: 0.4671568274497986
  jerk: 0.0
---
stamp:
  sec: 3383
  nanosec: 550050418
lateral:
  stamp:
    sec: 3383
    nanosec: 550050418
  steering_tire_angle: 0.06946303695440292
  steering_tire_rotation_rate: 0.0
longitudinal:
  stamp:
    sec: 3383
    nanosec: 550050418
  speed: 2.783714771270752
  acceleration: 0.3846103549003601
  jerk: 0.0
---
stamp:
  sec: 3383
  nanosec: 600050419
lateral:
  stamp:
    sec: 3383
    nanosec: 600050419
  steering_tire_angle: 0.06946303695440292
  steering_tire_rotation_rate: 0.0
longitudinal:
  stamp:
    sec: 3383
    nanosec: 600050419
  speed: 2.7694060802459717
  acceleration: 0.2925318479537964
  jerk: 0.0
---
stamp:
  sec: 3383
  nanosec: 650050420
lateral:
  stamp:
    sec: 3383
    nanosec: 650050420
  steering_tire_angle: 0.06946303695440292
  steering_tire_rotation_rate: 0.0
longitudinal:
  stamp:
    sec: 3383
    nanosec: 650050420
  speed: 2.7060956954956055
  acceleration: 0.11165761202573776
  jerk: 0.0
---
stamp:
  sec: 3383
  nanosec: 700050421
lateral:
  stamp:
    sec: 3383
    nanosec: 700050421
  steering_tire_angle: 0.06946303695440292
  steering_tire_rotation_rate: 0.0
longitudinal:
  stamp:
    sec: 3383
    nanosec: 700050421
  speed: 2.579068183898926
  acceleration: -0.23243747651576996
  jerk: 0.0
---
stamp:
  sec: 3383
  nanosec: 750050421
lateral:
  stamp:
    sec: 3383
    nanosec: 750050421
  steering_tire_angle: 0.06946303695440292
  steering_tire_rotation_rate: 0.0
longitudinal:
  stamp:
    sec: 3383
    nanosec: 750050421
  speed: 2.445873498916626
  acceleration: -0.5005834102630615
  jerk: 0.0
---
stamp:
  sec: 3383
  nanosec: 800050422
lateral:
  stamp:
    sec: 3383
    nanosec: 800050422
  steering_tire_angle: 0.06946303695440292
  steering_tire_rotation_rate: 0.0
longitudinal:
  stamp:
    sec: 3383
    nanosec: 800050422
  speed: 2.316127300262451
  acceleration: -0.7350172996520996
  jerk: 0.0
---
stamp:
  sec: 3383
  nanosec: 800050422
lateral:
  stamp:
    sec: 3383
    nanosec: 800050422
  steering_tire_angle: 0.06946303695440292
  steering_tire_rotation_rate: 0.0
longitudinal:
  stamp:
    sec: 3383
    nanosec: 800050422
  speed: 2.566127300262451
  acceleration: -0.4850172996520996
  jerk: 0.0
---
stamp:
  sec: 3383
  nanosec: 900050424
lateral:
  stamp:
    sec: 3383
    nanosec: 900050424
  steering_tire_angle: 0.06946303695440292
  steering_tire_rotation_rate: 0.0
longitudinal:
  stamp:
    sec: 3383
    nanosec: 900050424
  speed: 1.922248363494873
  acceleration: -1.224273681640625
  jerk: 0.0
---
stamp:
  sec: 3383
  nanosec: 950050424
lateral:
  stamp:
    sec: 3383
    nanosec: 950050424
  steering_tire_angle: 0.06946303695440292
  steering_tire_rotation_rate: 0.0
longitudinal:
  stamp:
    sec: 3383
    nanosec: 950050424
  speed: 2.1020379066467285
  acceleration: -1.042267084121704
  jerk: 0.0
---
stamp:
  sec: 3384
  nanosec: 50425
lateral:
  stamp:
    sec: 3384
    nanosec: 50425
  steering_tire_angle: 0.06946303695440292
  steering_tire_rotation_rate: 0.0
longitudinal:
  stamp:
    sec: 3384
    nanosec: 50425
  speed: 2.222642183303833
  acceleration: -0.6547670364379883
  jerk: 0.0
---
stamp:
  sec: 3384
  nanosec: 50050426
lateral:
  stamp:
    sec: 3384
    nanosec: 50050426
  steering_tire_angle: 0.06946303695440292
  steering_tire_rotation_rate: 0.0
longitudinal:
  stamp:
    sec: 3384
    nanosec: 50050426
  speed: 2.608508586883545
  acceleration: -0.6547670364379883
  jerk: 0.0
---
stamp:
  sec: 3384
  nanosec: 100050427
lateral:
  stamp:
    sec: 3384
    nanosec: 100050427
  steering_tire_angle: 0.06946303695440292
  steering_tire_rotation_rate: 0.0
longitudinal:
  stamp:
    sec: 3384
    nanosec: 100050427
  speed: 2.608508586883545
  acceleration: 0.1574421525001526
  jerk: 0.0
---
stamp:
  sec: 3384
  nanosec: 150050427
lateral:
  stamp:
    sec: 3384
    nanosec: 150050427
  steering_tire_angle: 0.06946303695440292
  steering_tire_rotation_rate: 0.0
longitudinal:
  stamp:
    sec: 3384
    nanosec: 150050427
  speed: 2.677457332611084
  acceleration: 0.2545958161354065
  jerk: 0.0
---
stamp:
  sec: 3384
  nanosec: 200050428
lateral:
  stamp:
    sec: 3384
    nanosec: 200050428
  steering_tire_angle: 0.06946303695440292
  steering_tire_rotation_rate: 0.0
longitudinal:
  stamp:
    sec: 3384
    nanosec: 200050428
  speed: 2.8691763877868652
  acceleration: 0.5875742435455322
  jerk: 0.0
---
stamp:
  sec: 3384
  nanosec: 250050429
lateral:
  stamp:
    sec: 3384
    nanosec: 250050429
  steering_tire_angle: 0.06946303695440292
  steering_tire_rotation_rate: 0.0
longitudinal:
  stamp:
    sec: 3384
    nanosec: 250050429
  speed: 2.897637128829956
  acceleration: 0.4916824698448181
  jerk: 0.0
---
stamp:
  sec: 3384
  nanosec: 300050429
lateral:
  stamp:
    sec: 3384
    nanosec: 300050429
  steering_tire_angle: 0.06946303695440292
  steering_tire_rotation_rate: 0.0
longitudinal:
  stamp:
    sec: 3384
    nanosec: 300050429
  speed: 2.897637128829956
  acceleration: 0.4916824698448181
  jerk: 0.0
---
stamp:
  sec: 3384
  nanosec: 350050430
lateral:
  stamp:
    sec: 3384
    nanosec: 350050430
  steering_tire_angle: 0.06946303695440292
  steering_tire_rotation_rate: 0.0
longitudinal:
  stamp:
    sec: 3384
    nanosec: 350050430
  speed: 2.688246250152588
  acceleration: 0.15354394912719727
  jerk: 0.0
---
stamp:
  sec: 3384
  nanosec: 400050431
lateral:
  stamp:
    sec: 3384
    nanosec: 400050431
  steering_tire_angle: 0.06946303695440292
  steering_tire_rotation_rate: 0.0
longitudinal:
  stamp:
    sec: 3384
    nanosec: 400050431
  speed: 2.5868711471557617
  acceleration: -0.26520997285842896
  jerk: 0.0
---
stamp:
  sec: 3384
  nanosec: 450050432
lateral:
  stamp:
    sec: 3384
    nanosec: 450050432
  steering_tire_angle: 0.06946303695440292
  steering_tire_rotation_rate: 0.0
longitudinal:
  stamp:
    sec: 3384
    nanosec: 450050432
  speed: 2.426114559173584
  acceleration: -0.26520997285842896
  jerk: 0.0
---
stamp:
  sec: 3384
  nanosec: 500050432
lateral:
  stamp:
    sec: 3384
    nanosec: 500050432
  steering_tire_angle: 0.06946303695440292
  steering_tire_rotation_rate: 0.0
longitudinal:
  stamp:
    sec: 3384
    nanosec: 500050432
  speed: 2.29410457611084
  acceleration: -0.5852025151252747
  jerk: 0.0
---
stamp:
  sec: 3384
  nanosec: 550050433
lateral:
  stamp:
    sec: 3384
    nanosec: 550050433
  steering_tire_angle: 0.06946303695440292
  steering_tire_rotation_rate: 0.0
longitudinal:
  stamp:
    sec: 3384
    nanosec: 550050433
  speed: 2.266695976257324
  acceleration: -0.8139488101005554
  jerk: 0.0
---
stamp:
  sec: 3384
  nanosec: 600050434
lateral:
  stamp:
    sec: 3384
    nanosec: 600050434
  steering_tire_angle: 0.06946303695440292
  steering_tire_rotation_rate: 0.0
longitudinal:
  stamp:
    sec: 3384
    nanosec: 600050434
  speed: 2.3164384365081787
  acceleration: -0.6580694317817688
  jerk: 0.0
---
stamp:
  sec: 3384
  nanosec: 650050435
lateral:
  stamp:
    sec: 3384
    nanosec: 650050435
  steering_tire_angle: 0.06946303695440292
  steering_tire_rotation_rate: 0.0
longitudinal:
  stamp:
    sec: 3384
    nanosec: 650050435
  speed: 2.508485794067383
  acceleration: -0.6580694317817688
  jerk: 0.0
---
stamp:
  sec: 3384
  nanosec: 700050435
lateral:
  stamp:
    sec: 3384
    nanosec: 700050435
  steering_tire_angle: 0.06946303695440292
  steering_tire_rotation_rate: 0.0
longitudinal:
  stamp:
    sec: 3384
    nanosec: 700050435
  speed: 2.508485794067383
  acceleration: -0.23316746950149536
  jerk: 0.0
---
stamp:
  sec: 3384
  nanosec: 750050436
lateral:
  stamp:
    sec: 3384
    nanosec: 750050436
  steering_tire_angle: 0.06946303695440292
  steering_tire_rotation_rate: 0.0
longitudinal:
  stamp:
    sec: 3384
    nanosec: 750050436
  speed: 2.541490077972412
  acceleration: -0.16884206235408783
  jerk: 0.0
---
stamp:
  sec: 3384
  nanosec: 800050437
lateral:
  stamp:
    sec: 3384
    nanosec: 800050437
  steering_tire_angle: 0.06946303695440292
  steering_tire_rotation_rate: 0.0
longitudinal:
  stamp:
    sec: 3384
    nanosec: 800050437
  speed: 2.5526187419891357
  acceleration: -0.15470074117183685
  jerk: 0.0
---
stamp:
  sec: 3389
  nanosec: 900050513
lateral:
  stamp:
    sec: 3389
    nanosec: 900050513
  steering_tire_angle: 0.06946303695440292
  steering_tire_rotation_rate: 0.0
longitudinal:
  stamp:
    sec: 3389
    nanosec: 900050513
  speed: 0.0
  acceleration: -1.0
  jerk: 0.0
---
stamp:
  sec: 3389
  nanosec: 950050514
lateral:
  stamp:
    sec: 3389
    nanosec: 950050514
  steering_tire_angle: 0.02080022543668747
  steering_tire_rotation_rate: -0.05500021204352379
longitudinal:
  stamp:
    sec: 3389
    nanosec: 950050514
  speed: 0.05000000074505806
  acceleration: -0.9750000238418579
  jerk: 0.0
---
stamp:
  sec: 3390
  nanosec: 50514
lateral:
  stamp:
    sec: 3390
    nanosec: 50514
  steering_tire_angle: 0.02080022171139717
  steering_tire_rotation_rate: -1.6700253979706758e-07
longitudinal:
  stamp:
    sec: 3390
    nanosec: 50514
  speed: 0.10000000149011612
  acceleration: -0.9500000476837158
  jerk: 0.0
---
stamp:
  sec: 3390
  nanosec: 50050515
lateral:
  stamp:
    sec: 3390
    nanosec: 50050515
  steering_tire_angle: 0.02080022171139717
  steering_tire_rotation_rate: -1.1530904231449313e-07
longitudinal:
  stamp:
    sec: 3390
    nanosec: 50050515
  speed: 0.15000000596046448
  acceleration: -0.9250000715255737
  jerk: 0.0
---
stamp:
  sec: 3390
  nanosec: 100050516
lateral:
  stamp:
    sec: 3390
    nanosec: 100050516
  steering_tire_angle: 0.02080022357404232
  steering_tire_rotation_rate: -6.073781122495348e-08
longitudinal:
  stamp:
    sec: 3390
    nanosec: 100050516
  speed: 0.20000000298023224
  acceleration: -0.9000000953674316
  jerk: 0.0
---
stamp:
  sec: 3390
  nanosec: 150050517
lateral:
  stamp:
    sec: 3390
    nanosec: 150050517
  steering_tire_angle: 0.02080022171139717
  steering_tire_rotation_rate: 0.0
longitudinal:
  stamp:
    sec: 3390
    nanosec: 150050517
  speed: 0.15000000596046448
  acceleration: -0.9250000715255737
  jerk: 0.0
---
stamp:
  sec: 3390
  nanosec: 200050517
lateral:
  stamp:
    sec: 3390
    nanosec: 200050517
  steering_tire_angle: 0.02080022357404232
  steering_tire_rotation_rate: 0.0
longitudinal:
  stamp:
    sec: 3390
    nanosec: 200050517
  speed: 0.10000000894069672
  acceleration: -0.9500000476837158
  jerk: 0.0
---
stamp:
  sec: 3390
  nanosec: 250050518
lateral:
  stamp:
    sec: 3390
    nanosec: 250050518
  steering_tire_angle: 0.02080022357404232
  steering_tire_rotation_rate: 0.0
longitudinal:
  stamp:
    sec: 3390
    nanosec: 250050518
  speed: 0.05000000819563866
  acceleration: -0.9750000238418579
  jerk: 0.0
---
stamp:
  sec: 3390
  nanosec: 300050519
lateral:
  stamp:
    sec: 3390
    nanosec: 300050519
  steering_tire_angle: 0.02080022357404232
  steering_tire_rotation_rate: 0.0
longitudinal:
  stamp:
    sec: 3390
    nanosec: 300050519
  speed: 7.195638751511524e-09
  acceleration: -1.0
  jerk: 0.0
---
stamp:
  sec: 3390
  nanosec: 350050520
lateral:
  stamp:
    sec: 3390
    nanosec: 350050520
  steering_tire_angle: 0.02080022357404232
  steering_tire_rotation_rate: 0.0
longitudinal:
  stamp:
    sec: 3390
    nanosec: 350050520
  speed: 0.0
  acceleration: -1.25
  jerk: 0.0
---
stamp:
  sec: 3390
  nanosec: 400050520
lateral:
  stamp:
    sec: 3390
    nanosec: 400050520
  steering_tire_angle: 0.02080022357404232
  steering_tire_rotation_rate: 0.0
longitudinal:
  stamp:
    sec: 3390
    nanosec: 400050520
  speed: 0.0
  acceleration: -1.5
  jerk: 0.0
---
stamp:
  sec: 3390
  nanosec: 450050521
lateral:
  stamp:
    sec: 3390
    nanosec: 450050521
  steering_tire_angle: 0.0
  steering_tire_rotation_rate: 0.0
longitudinal:
  stamp:
    sec: 3390
    nanosec: 450050521
  speed: 0.0
  acceleration: -1.5
  jerk: 0.0
---
stamp:
  sec: 3390
  nanosec: 500050522
lateral:
  stamp:
    sec: 3390
    nanosec: 500050522
  steering_tire_angle: 0.0
  steering_tire_rotation_rate: 0.0
longitudinal:
  stamp:
    sec: 3390
    nanosec: 500050522
  speed: 0.0
  acceleration: -1.5
  jerk: 0.0
---
stamp:
  sec: 3390
  nanosec: 550050523
lateral:
  stamp:
    sec: 3390
    nanosec: 550050523
  steering_tire_angle: 0.0
  steering_tire_rotation_rate: 0.0
longitudinal:
  stamp:
    sec: 3390
    nanosec: 550050523
  speed: 0.0
  acceleration: -1.5
  jerk: 0.0
---
stamp:
  sec: 3390
  nanosec: 600050523
lateral:
  stamp:
    sec: 3390
    nanosec: 600050523
  steering_tire_angle: 0.0
  steering_tire_rotation_rate: 0.0
longitudinal:
  stamp:
    sec: 3390
    nanosec: 600050523
  speed: 0.0
  acceleration: -1.5
  jerk: 0.0
---
stamp:
  sec: 3390
  nanosec: 650050524
lateral:
  stamp:
    sec: 3390
    nanosec: 650050524
  steering_tire_angle: 0.0
  steering_tire_rotation_rate: 0.0
longitudinal:
  stamp:
    sec: 3390
    nanosec: 650050524
  speed: 0.0
  acceleration: -1.5
  jerk: 0.0
---
stamp:
  sec: 3390
  nanosec: 700050525
lateral:
  stamp:
    sec: 3390
    nanosec: 700050525
  steering_tire_angle: 0.0
  steering_tire_rotation_rate: 0.0
longitudinal:
  stamp:
    sec: 3390
    nanosec: 700050525
  speed: 0.0
  acceleration: -1.5
  jerk: 0.0
---
stamp:
  sec: 3390
  nanosec: 750050526
lateral:
  stamp:
    sec: 3390
    nanosec: 750050526
  steering_tire_angle: 0.0
  steering_tire_rotation_rate: 0.0
longitudinal:
  stamp:
    sec: 3390
    nanosec: 750050526
  speed: 0.0
  acceleration: -1.5
  jerk: 0.0
---
stamp:
  sec: 3390
  nanosec: 800050526
lateral:
  stamp:
    sec: 3390
    nanosec: 800050526
  steering_tire_angle: 0.0
  steering_tire_rotation_rate: 0.0
longitudinal:
  stamp:
    sec: 3390
    nanosec: 800050526
  speed: 0.0
  acceleration: -1.5
  jerk: 0.0
---
stamp:
  sec: 3390
  nanosec: 850050527
lateral:
  stamp:
    sec: 3390
    nanosec: 850050527
  steering_tire_angle: 0.0
  steering_tire_rotation_rate: 0.0
longitudinal:
  stamp:
    sec: 3390
    nanosec: 850050527
  speed: 0.0
  acceleration: -1.5
  jerk: 0.0
---
stamp:
  sec: 3390
  nanosec: 900050528
lateral:
  stamp:
    sec: 3390
    nanosec: 900050528
  steering_tire_angle: 0.0
  steering_tire_rotation_rate: 0.0
longitudinal:
  stamp:
    sec: 3390
    nanosec: 900050528
  speed: 0.0
  acceleration: -1.5
  jerk: 0.0
---
stamp:
  sec: 3390
  nanosec: 950050529
lateral:
  stamp:
    sec: 3390
    nanosec: 950050529
  steering_tire_angle: 0.0
  steering_tire_rotation_rate: 0.0
longitudinal:
  stamp:
    sec: 3390
    nanosec: 950050529
  speed: 0.0
  acceleration: -1.5
  jerk: 0.0
---
stamp:
  sec: 3391
  nanosec: 50529
lateral:
  stamp:
    sec: 3391
    nanosec: 50529
  steering_tire_angle: 0.0
  steering_tire_rotation_rate: 0.0
longitudinal:
  stamp:
    sec: 3391
    nanosec: 50529
  speed: 0.0
  acceleration: -1.5
  jerk: 0.0
---
stamp:
  sec: 3391
  nanosec: 50050530
lateral:
  stamp:
    sec: 3391
    nanosec: 50050530
  steering_tire_angle: 0.0
  steering_tire_rotation_rate: 0.0
longitudinal:
  stamp:
    sec: 3391
    nanosec: 50050530
  speed: 0.0
  acceleration: -1.5
  jerk: 0.0
---
stamp:
  sec: 3391
  nanosec: 100050531
lateral:
  stamp:
    sec: 3391
    nanosec: 100050531
  steering_tire_angle: 0.0
  steering_tire_rotation_rate: 0.0
longitudinal:
  stamp:
    sec: 3391
    nanosec: 100050531
  speed: 0.0
  acceleration: -1.5
  jerk: 0.0
---
stamp:
  sec: 3391
  nanosec: 150050532
lateral:
  stamp:
    sec: 3391
    nanosec: 150050532
  steering_tire_angle: 0.0
  steering_tire_rotation_rate: 0.0
longitudinal:
  stamp:
    sec: 3391
    nanosec: 150050532
  speed: 0.0
  acceleration: -1.5
  jerk: 0.0
---
stamp:
  sec: 3391
  nanosec: 200050532
lateral:
  stamp:
    sec: 3391
    nanosec: 200050532
  steering_tire_angle: 0.0
  steering_tire_rotation_rate: 0.0
longitudinal:
  stamp:
    sec: 3391
    nanosec: 200050532
  speed: 0.0
  acceleration: -1.5
  jerk: 0.0
---
stamp:
  sec: 3391
  nanosec: 250050533
lateral:
  stamp:
    sec: 3391
    nanosec: 250050533
  steering_tire_angle: 0.0
  steering_tire_rotation_rate: 0.0
longitudinal:
  stamp:
    sec: 3391
    nanosec: 250050533
  speed: 0.0
  acceleration: -1.5
  jerk: 0.0
---
stamp:
  sec: 3391
  nanosec: 300050534
lateral:
  stamp:
    sec: 3391
    nanosec: 300050534
  steering_tire_angle: 0.0
  steering_tire_rotation_rate: 0.0
longitudinal:
  stamp:
    sec: 3391
    nanosec: 300050534
  speed: 0.0
  acceleration: -1.5
  jerk: 0.0
---
stamp:
  sec: 3391
  nanosec: 350050535
lateral:
  stamp:
    sec: 3391
    nanosec: 350050535
  steering_tire_angle: 0.0
  steering_tire_rotation_rate: 0.0
longitudinal:
  stamp:
    sec: 3391
    nanosec: 350050535
  speed: 0.0
  acceleration: -1.5
  jerk: 0.0
---
stamp:
  sec: 3391
  nanosec: 400050535
lateral:
  stamp:
    sec: 3391
    nanosec: 400050535
  steering_tire_angle: 0.0
  steering_tire_rotation_rate: 0.0
longitudinal:
  stamp:
    sec: 3391
    nanosec: 400050535
  speed: 0.0
  acceleration: -1.5
  jerk: 0.0
---
stamp:
  sec: 3391
  nanosec: 450050536
lateral:
  stamp:
    sec: 3391
    nanosec: 450050536
  steering_tire_angle: 0.0
  steering_tire_rotation_rate: 0.0
longitudinal:
  stamp:
    sec: 3391
    nanosec: 450050536
  speed: 0.0
  acceleration: -1.5
  jerk: 0.0
---
stamp:
  sec: 3391
  nanosec: 500050537
lateral:
  stamp:
    sec: 3391
    nanosec: 500050537
  steering_tire_angle: 0.0
  steering_tire_rotation_rate: 0.0
longitudinal:
  stamp:
    sec: 3391
    nanosec: 500050537
  speed: 0.0
  acceleration: -1.5
  jerk: 0.0
---
stamp:
  sec: 3391
  nanosec: 550050538
lateral:
  stamp:
    sec: 3391
    nanosec: 550050538
  steering_tire_angle: 0.0
  steering_tire_rotation_rate: 0.0
longitudinal:
  stamp:
    sec: 3391
    nanosec: 550050538
  speed: 0.0
  acceleration: -1.5
  jerk: 0.0
---
stamp:
  sec: 3391
  nanosec: 600050538
lateral:
  stamp:
    sec: 3391
    nanosec: 600050538
  steering_tire_angle: 0.0
  steering_tire_rotation_rate: 0.0
longitudinal:
  stamp:
    sec: 3391
    nanosec: 600050538
  speed: 0.0
  acceleration: -1.5
  jerk: 0.0
---
stamp:
  sec: 3391
  nanosec: 650050539
lateral:
  stamp:
    sec: 3391
    nanosec: 650050539
  steering_tire_angle: 0.0
  steering_tire_rotation_rate: 0.0
longitudinal:
  stamp:
    sec: 3391
    nanosec: 650050539
  speed: 0.0
  acceleration: -1.5
  jerk: 0.0
---
stamp:
  sec: 3391
  nanosec: 700050540
lateral:
  stamp:
    sec: 3391
    nanosec: 700050540
  steering_tire_angle: 0.0
  steering_tire_rotation_rate: 0.0
longitudinal:
  stamp:
    sec: 3391
    nanosec: 700050540
  speed: 0.0
  acceleration: -1.5
  jerk: 0.0
---
stamp:
  sec: 3391
  nanosec: 750050541
lateral:
  stamp:
    sec: 3391
    nanosec: 750050541
  steering_tire_angle: 0.0
  steering_tire_rotation_rate: 0.0
longitudinal:
  stamp:
    sec: 3391
    nanosec: 750050541
  speed: 0.0
  acceleration: -1.5
  jerk: 0.0
---
stamp:
  sec: 3391
  nanosec: 800050541
lateral:
  stamp:
    sec: 3391
    nanosec: 800050541
  steering_tire_angle: 0.0
  steering_tire_rotation_rate: 0.0
longitudinal:
  stamp:
    sec: 3391
    nanosec: 800050541
  speed: 0.0
  acceleration: -1.5
  jerk: 0.0
---
stamp:
  sec: 3391
  nanosec: 850050542
lateral:
  stamp:
    sec: 3391
    nanosec: 850050542
  steering_tire_angle: 0.0
  steering_tire_rotation_rate: 0.0
longitudinal:
  stamp:
    sec: 3391
    nanosec: 850050542
  speed: 0.0
  acceleration: -1.5
  jerk: 0.0
---
stamp:
  sec: 3391
  nanosec: 900050543
lateral:
  stamp:
    sec: 3391
    nanosec: 900050543
  steering_tire_angle: 0.0
  steering_tire_rotation_rate: 0.0
longitudinal:
  stamp:
    sec: 3391
    nanosec: 900050543
  speed: 0.0
  acceleration: -1.5
  jerk: 0.0
---
stamp:
  sec: 3391
  nanosec: 950050543
lateral:
  stamp:
    sec: 3391
    nanosec: 950050543
  steering_tire_angle: 0.0
  steering_tire_rotation_rate: 0.0
longitudinal:
  stamp:
    sec: 3391
    nanosec: 950050543
  speed: 0.0
  acceleration: -1.5
  jerk: 0.0
---
stamp:
  sec: 3392
  nanosec: 50544
lateral:
  stamp:
    sec: 3392
    nanosec: 50544
  steering_tire_angle: 0.0
  steering_tire_rotation_rate: 0.0
longitudinal:
  stamp:
    sec: 3392
    nanosec: 50544
  speed: 0.0
  acceleration: -1.5
  jerk: 0.0
---
stamp:
  sec: 3392
  nanosec: 50050545
lateral:
  stamp:
    sec: 3392
    nanosec: 50050545
  steering_tire_angle: 0.0
  steering_tire_rotation_rate: 0.0
longitudinal:
  stamp:
    sec: 3392
    nanosec: 50050545
  speed: 0.0
  acceleration: -1.5
  jerk: 0.0
---
