:020000040800F2
:10000000885A0020DD010008672F0008ED2A00084B
:10001000632F000855260008675200080000000002
:100020000000000000000000000000004501000882
:10003000592600080000000089010008F13F00086F
:10004000F7010008F7010008F7010008F7010008B0
:10005000F7010008F7010008F7010008F7010008A0
:10006000F7010008F7010008F7010008F701000890
:10007000F7010008F7010008F7010008F701000880
:10008000F7010008F7010008F7010008F701000870
:10009000F7010008F7010008F7010008F701000860
:1000A000F7010008F7010008F7010008F701000850
:1000B000F7010008F7010008F7010008F701000840
:1000C000F7010008F7010008F7010008F701000830
:1000D000F7010008814D0008D94E0008C94F0008FB
:1000E000F7010008F7010008F7010008F701000810
:1000F000F7010008F7010008F7010008F701000800
:10010000F7010008F7010008F7010008F7010008EF
:100110005D4B0008B54C0008F7010008F701000826
:10012000F7010008F7010008F7010008F7010008CF
:10013000DFF80CD000F088FC00480047B15D0008F3
:10014000885A0020224B19680868B0E8F00F80F345
:100150000988BFF36F8F4FF0000080F311884EF0D5
:100160000D0E70470000000006480068006880F32C
:10017000088862B661B6BFF34F8FBFF36F8F00DFA1
:1001800000BF00BF08ED00E0EFF30980BFF36F8F01
:100190000F4B1A6820E9F00F106008B54FF05000BF
:1001A00080F31188BFF34F8FBFF36F8F07F09AF979
:1001B0004FF0000080F31188BDE808401968086816
:1001C000B0E8F00F80F30988BFF36F8F704700BF6E
:1001D000B0000020EFF3058070470000064880471C
:1001E00006480047FEE7FEE7FEE7FEE7FEE7FEE71C
:1001F000FEE7FEE7FEE7FEE70140000831010008E8
:1002000040EA01039B0703D009E008C9121F08C098
:10021000042AFAD203E011F8013B00F8013B521E18
:10022000F9D27047F0B480EA0102D40F4200B2EB79
:10023000410F02D20246084611464A0042D0C30D81
:10024000DDB2C1F3C752AD1A202D35DAC1F3160164
:1002500041F4000204B15242C5F1200602FA06F14F
:100260002A411044B3EBD05F23D0C4B1012DA0EBE1
:10027000C35009DCF0BC4FF0004202EAC352DBB2CB
:1002800000F5000000F03EBB400000F1807000EB84
:10029000C350A0F1807040EAD170490009E04908DC
:1002A00041EAC071A0EBC35000F50000400800EB2C
:1002B000C350F0BC00F01DBB6142012202EB4101C2
:1002C000001BF6E7F0BC704781F00041AAE780F020
:1002D0000040A7E780EA010210B502F000434000A9
:1002E00022D04A001FD0010E01EB1261C0F356006C
:1002F000C2F3560240F4000042F40002A0FB0220C8
:1003000000047F39140400D0401C50EA124001D48C
:100310004000491EC2B20C0604EBD010401C40083D
:10032000802A02D003E0002010BD20F00100002947
:1003300000DA0020184310BD30B480EA010202F058
:10034000004530F0004221F0004013D090B1C30DC1
:10035000D40DC2F31601C0F31600E41A41F40001F3
:1003600040F400027D34914201D3641C00E0490056
:10037000002C02DA30BC002070474FF4000000234C
:10038000914201D3891A034340084FEA4101F7D152
:1003900051B1914202D14FF0004105E002D24FF03D
:1003A000010101E06FF0010103EBC450284430BCAF
:1003B00000F09FBA2DE9FE4F804681EA0300C00F8E
:1003C0000C46009021F0004123F00045B8EB0200FC
:1003D000A94105D24046214690461C460B4602469E
:1003E00023F00040104347D0270DC7F30A00C3F3A2
:1003F0000A510290401A019040286BDAC3F31300AF
:1004000040F4801B0098924620B10023D2EB030AEF
:1004100063EB0B0B01985946C0F14002504600F0C7
:1004200037FA06460D4650465946019A00F04FFAF3
:1004300010EB08006141002487EA115284EAE77357
:100440001A4340D0009A62B3019A012A4FEA075238
:1004500015DC001B61EB02014FF0004202EA07527B
:10046000CDE90042001C41F5801132462B4600F0D8
:1004700086FA03B0BDE8F08F40462146F9E7001B3D
:1004800061EB0201001C41F5801300185B4120184C
:10049000A2F5001747EB030140EAD570B6196D418C
:1004A00011E06D084FEA360645EAC0754FEA07527B
:1004B000001B61EB0201001C41F5801149084FEA65
:1004C00030000019514132462B4603B0BDE8F04FD1
:1004D00000F046BA0098012240000023D0EB02024F
:1004E00063EBE073009821464FEAE074B8EB00003C
:1004F00061EB0401E9E783F000435BE781F0004131
:1005000058E72DE9FE4F81EA030404F0004421F08E
:10051000004100944FF0000B23F0004350EA010427
:100520005ED052EA03045BD0C3F30A54C1F30A5508
:100530002C44A4F2F3340194A0FB0254C1F3130140
:1005400041F48011C3F3130343F4801301FB02440D
:1005500000FB034E840A970A44EA815447EA835712
:10056000A4FB076802958D0A05FB07854FEA932CCB
:1005700004FB0C542705029D4FEA065847EA16373C
:10058000B5EB08056EEB070C870E920E47EA811754
:1005900042EA8312A7FB0201B6EB0B0164EB0004F5
:1005A0002B0D43EA0C335E1844EB1C50DA465146DF
:1005B000E7FB0201C5F313044FEA0B3343EA14537C
:1005C0004FEA0432019C43EA0603A4F10C040294AE
:1005D000009CCDE900B400F0D2F903B0BDE8F08F83
:1005E00000200146F9E72DE9F04D81EA030404F00B
:1005F000004B21F0004514464FF0000A23F0004163
:1006000050EA050220D054EA01021DD0C5F30A5772
:100610000246C5F31303C1F31300C1F30A5640F4B5
:10062000801543F48013A7EB0608101BD64608F28A
:10063000FD3873EB050002D308F1010801E09218C0
:100640005B41B8F1000F03DA00200146BDE8F08DF0
:1006500000204FF48011064684460EE0171B73EB12
:10066000050705D3121B63EB050306434CEA010C97
:1006700049084FEA300092185B4150EA0107EDD17A
:1006800052EA030012D082EA040083EA050108431B
:1006900005D0101BAB4106D20122002306E0002248
:1006A0004FF0004302E06FF0010253101AEB060016
:1006B0004CEB085110EB0A0041EB0B01BDE8F04D8B
:1006C00000F04EB9C10F80EAE0700844CA079623D3
:1006D000002100F017B90EB5C10F80EAE0700844A0
:1006E000CA07002140F233438DE80E000A460B464C
:1006F00000F045F903B000BD0EB540F23341029160
:100700000021CDE900110A460B4600F038F903B08C
:1007100000BD00F0004220F00040C10DC0F3160003
:1007200040F400007F2901DA00207047962903DC9D
:10073000C1F19601C84001E096398840002AF4D002
:100740004042704720F00040C10DC0F3160040F455
:1007500000007F2901DA00207047962903DCC1F1EF
:100760009601C840704796398840704770B5C1F30C
:100770000A5201F000450024C1F3130140F2FF3397
:1007800041F480119A4201DA002070BD40F23343F7
:100790009A42A2F2334203DC524200F088F800E0B1
:1007A00090402C43F1D0404270BDC1F30A5210B5C5
:1007B000C1F3130140F2FF3341F480119A4201DA90
:1007C000002010BD40F233439A42A2F2334203DCD0
:1007D000524200F06CF810BD904010BD00F0004295
:1007E00030F000400AD0C10D01F56071C0F3160071
:1007F00042EA0151C20840071143704700200146F8
:10080000704701F0004330B421F0004150EA01028A
:1008100006D00A0DA2F56072C1F31301002A02DCB2
:1008200030BC00207047440F44EAC104C100E01806
:1008300030BC00EBC25000F05CB80000002801DBC7
:10084000C0F10040002901DBC1F100418142704745
:10085000002801DBC0F10040002901DBC1F10041AB
:100860008842704730B50B46014600202022012403
:1008700009E021FA02F59D4205D303FA02F5491B6E
:1008800004FA02F52844151EA2F10102F1DC30BD84
:10089000202A04DB203A00FA02F100207047914040
:1008A000C2F1200320FA03F3194390407047202A35
:1008B00004DB203A21FA02F00021704721FA02F30A
:1008C000D040C2F120029140084319467047202AC7
:1008D00006DBCB17203A41FA02F043EAE07306E068
:1008E00041FA02F3D040C2F1200291400843194678
:1008F00070470029A8BF7047401C490008BF20F07E
:100900000100704710B4B0FA80FC00FA0CF050EA15
:10091000010404BF10BC704749B1CCF1200421FA96
:1009200004F411FA0CF118BF012121430843A3EB91
:100930000C01CB1D4FEA00614FEA102042BF00209E
:1009400010BC704700EBC35010440029A4BF10BC7A
:100950007047401C490008BF20F0010010BC7047E0
:1009600010B5141E73F1000408DA401C41F10001B7
:1009700092185B411A4301D120F0010010BD2DE90E
:10098000F04D92469B4611B1B1FA81F202E0B0FA05
:1009900080F220329046FFF77BFF04460F4640EA84
:1009A0000A0041EA0B0153465A46084313D0114648
:1009B00053EA010019D0C8F140025046FFF777FF13
:1009C00005460E46504659464246FFF761FF08432A
:1009D00005D0012004E020463946BDE8F08D002016
:1009E000054346EAE0762C4337430A986305E40A58
:1009F000A0EB08000022FD0A44EA47540A3002D561
:100A000000200146E9E7010510196941DDE90845C3
:100A100000196941BDE8F04DA2E770B521F000432F
:100A200003430CD0C1F30A550024D5EB040564EB55
:100A30000403D617AD1AB34102DB0020014670BD96
:100A4000201841EB025170BD064C074D06E0E068EE
:100A500040F0010394E8070098471034AC42F6D305
:100A6000FFF76AFB90900008B090000830B58C1832
:100A700010F8012B12F00F0301D110F8013B1209FD
:100A800006D110F8012B03E010F8015B01F8015BBF
:100A90005B1EF9D101E001F8013B521EFBD1A142DE
:100AA000E6D3002030BD21B1826842F001028260AD
:100AB00003E0826822F00102826070470146002054
:100AC0008A6802F004020AB1012000E000207047A9
:100AD0000146C86C80B270470246002013680B4084
:100AE0000BB1012000E000207047014600208A6819
:100AF00002F008020AB1012000E000207047000067
:100B000030B502460020002350680F4C20400D797C
:100B10000C6844EA05242043506090680B4C204048
:100B2000D1E902542C434D7944EA450420439060B6
:100B3000D06A20F470000C7C641EE4B2234340EAC7
:100B40000350D06230BD0000FFFEF0FFFDF7F1FF63
:100B5000F0B504460D4600200021092D11DDE068A6
:100B6000A5F10A0606EB4607072606FA07F18843B1
:100B7000A5F10A0606EB460603FA06F10843E06013
:100B80000CE0206905EB4507072606FA07F18843C4
:100B900005EB450603FA06F108432061072A0FDA40
:100BA000606B561E06EB86071F2606FA07F1884380
:100BB000561E06EB860605FA06F10843606322E03E
:100BC0000D2A0FDA206BD61F06EB86071F2606FAC2
:100BD00007F18843D61F06EB860605FA06F108439F
:100BE000206310E0E06AA2F10D0606EB86071F26DF
:100BF00006FA07F18843A2F10D0606EB860605FA10
:100C000006F10843E062F0BD816841F008018160AF
:100C1000704721B1826842F4A002826003E08268DA
:100C200022F4A00282607047816841F00401816073
:100C3000704700002DE9F84F83460C46002C35D054
:100C4000BBF1000F32D02046FFF73CFD0546584669
:100C5000FFF738FD06462946FFF76EFB8246002166
:100C60005046FFF7F5FD06D216495046FFF7E6FD60
:100C700001D2DFF850A000215046FFF7DFFD06D279
:100C800011495046FFF7E4FD01D2DFF83CA0514680
:100C90000E48FFF751FB0090FFF7A0FD074604F058
:100CA00065FF0546FFF7ADFD814601E04FF0000905
:100CB00007494846FFF70EFB0546FFF72AFD00B23D
:100CC000BDE8F88F3333B33E3333B3BE77BE1F3E38
:100CD00000007A4408B50121102002F073FB4FF4A4
:100CE0000050ADF8000010208DF8030003208DF8AF
:100CF00002006946044801F013FE4FF40051024817
:100D000001F0EBFE08BD00000010014010B5534893
:100D100001F01AFB002860D050480078312816D125
:100D20004E48007940B200EB400040004C49C8807A
:100D30004A48C07840B2A0EB800040000881474894
:100D4000407840B2404200EB80004649088043486A
:100D50000078322816D14148007940B200EB4000BB
:100D600040003F49C8803D48C07840B2A0EB8000B9
:100D7000400008813948407840B2404200EB800092
:100D8000384908803548007833280FD13348C07877
:100D900040B2A0EB800040003149C8802F488078E5
:100DA00040B2A0EB800040002E4908802B4800781C
:100DB000412812D1294840782B490870274880786B
:100DC00048702648C078887024480079C870234845
:100DD000407908712148807948712048007832288C
:100DE0003AD11E4880790007C00E204908801B4870
:100DF000407900F0200038B11D4800880988084477
:100E000000B21B4908800CE01448407900F0100043
:100E100038B11748008815490988401A00B21449AA
:100E200008800E48407900F0400040B110484088EA
:100E30000E490988084400B20D4948800CE0074873
:100E4000407900F0800038B1094840880749098896
:100E5000401A00B20649488010BD0000A8010020D9
:100E6000400100205E00002030000020940000209F
:100E7000600000207748007873287DD1754800799C
:100E8000C0F1800074490978484300B27349C880B2
:100E90007048C078C0F180006F490978484300B2BB
:100EA0006E4908816B484079C0F1800080006C4930
:100EB00008806848407800F0010018B101206949B5
:100EC000087012E06748007878B167480078062813
:100ED00005DA65480078401C6349087002E001208B
:100EE0006149087000205F4908705A48407800F056
:100EF000020018B101205D49087015E05B480078D8
:100F000090B155480078022805DD53480078401E0E
:100F10005149087005E002204F49087001205449EA
:100F200008700020514908704A48407800F00400D9
:100F300018B101204F49087015E04E48007890B173
:100F400045480078092805DA43480078401C4249A2
:100F5000087005E0092040490870012044490870E4
:100F60000020444908703B48407800F0800050B1B0
:100F700041480088414900E06BE00988084400B21C
:100F80003D4908800CE03348407800F0200038B13B
:100F90003948008839490988401A00B23649088022
:100FA0002C48407800F0400040B133484088334935
:100FB0000988084400B2304948800CE02548407850
:100FC00000F0100038B12C4840882C490988401A9C
:100FD00000B2294948801F48807800F0040018B109
:100FE00001202749087015E02548007890B1234872
:100FF0000088192805DA21480088401D1F4908800B
:1010000005E019201D4908800120194908700020B9
:101010001B4908700F48807800F0010018B10120CA
:101020001849087015E01748007890B113480088F7
:10103000052805DD11480088401F1049088005E09B
:1010400005200E49088001200949087000200D493B
:1010500008707047510000209100002040010020DE
:101060005E0000208C000020300000208D00002059
:10107000500000208E000020600000209200002020
:101080008F000020900000202DE9F0412D4800F055
:101090005BFE002854D02B48C089B0F5FA7F4FDAA8
:1010A00028480089B0F5FA7F04DA4FF07F502649CE
:1010B00008600CE023480089B0F57A7F04DA4FF02D
:1010C0007E502149086002E020481F4908601D4900
:1010D0004988A1F57870FFF7F5FA05461A480168C6
:1010E0002846FFF7F7F80446FFF713FB00B218494C
:1010F000C88014490988A1F57870FFF7E3FA06461D
:101100001148006880F0004531462846FFF7E2F8B4
:101110000446FFF7FEFA00B20D4908810949C98863
:10112000A1F57870FFF7D7FA06464FF03332094B36
:10113000FFF7E7F90446FFF719FB00B206490880FC
:10114000BDE8F081B8010020980000203333333F20
:10115000400100203333E3BF5E00002010B50420BF
:1011600002F032FF0E4800680E49B0FBF1F00E4964
:1011700008700B4800680B49B0FBF1F44FF47A702B
:1011800044434FF0E020006940F002004FF0E021BE
:10119000086108464461006940F00100086110BD23
:1011A0001C00002040420F009E00002010B50446A5
:1011B0004FF47A7104FB01F000F002F810BD00005A
:1011C00070B5034600224FF0E02675690D4E367863
:1011D00003FB06F44FF0E026B16910E04FF0E02683
:1011E000B06988420BD0884202D20E1A324402E023
:1011F0002E1A0E4432440146A24200D300E0EDE72D
:1012000000BF70BD9E0000204FF08040808C704772
:1012100000B587B001210D2002F0D4F80121284843
:1012200001F00AFC0820ADF8180004208DF81B001E
:1012300003208DF81A0006A9224801F071FB4FF433
:101240000040ADF8180006A91F4801F069FB012114
:10125000084602F097F84FF0804003F049F803A8E1
:1012600003F09EFB0020ADF80C004FF6FF70ADF8C8
:1012700010000020ADF81200ADF80E0003A94FF0E9
:10128000804003F03BFB00231A4603214FF08040CF
:1012900003F022F9684603F097F90620ADF808003C
:1012A00069464FF0804003F039F900204FF080414B
:1012B00088840121880702F0FFFF07B000BD00000D
:1012C00000031800000C0140000801404FF080416D
:1012D000888470470148008870470000240400405B
:1012E00000B587B00121092002F06CF83020ADF87C
:1012F000180004208DF81B0003208DF81A0006A9A1
:101300001D4801F00DFB0121022002F03BF80121F4
:101310001A4801F091FB1A4802F0EAFF03A803F013
:101320003FFB0020ADF80C004FF6FF70ADF8100049
:101330000020ADF81200ADF80E0003A9104803F02C
:10134000DDFA00231A4603210D4803F0C5F868466C
:1013500003F03AF90620ADF808006946084803F0A2
:10136000DDF800200649243108800121044802F0FC
:10137000A3FF07B000BD0000000C014000081A00E8
:101380000004004001490880704700002404004028
:1013900001464906084A926942F00102064B9A61E9
:1013A000064A526822F0E062044B5A601A465268BC
:1013B0000A435A60704700000010024000000140DC
:1013C00008B50121082001F0FDFF0120ADF8000063
:1013D00048208DF803006946014801F0A1FA08BDD4
:1013E000000C01400348006808B901207047002044
:1013F000FCE700000081214208B50121142001F022
:10140000E1FF1020ADF800008DF8030003208DF8F7
:10141000020069460A4801F083FA4FF48070ADF883
:1014200000006946074801F07BFA1021044801F0EA
:1014300056FB4FF48071034801F051FB08BD0000DA
:10144000001001400008014070B505462C46B4F577
:10145000616F01DD4FF4616414F5616F00DA0D4CCA
:10146000002C0BDD4FF461610B4803F012FAC4F558
:10147000616081B2084803F00EFA0AE04FF461613E
:10148000054803F008FA04F5616081B2024803F0F0
:1014900000FA70BDF0F1FFFF0008004070B505468E
:1014A0002C46B4F5616F01DD4FF4616414F5616F92
:1014B00000DA0D4C002C0BDD4FF461610B4803F09A
:1014C000ECF9C4F5616081B2084803F0E8F90AE07C
:1014D0004FF46161054803F0E2F904F5616081B2FF
:1014E000024803F0DAF970BDF0F1FFFF0008004098
:1014F00000B589B00121082001F064FF4FF470703D
:10150000ADF8200018208DF8230003208DF822006C
:1015100008A9274801F004FA0121042001F032FF54
:1015200040F60F60ADF818000020ADF81400ADF8DB
:101530001A00ADF8160005A91E4803F0DFF9602077
:10154000ADF804000120ADF806000020ADF80A0057
:10155000ADF80C0001A9174803F040F80821154820
:1015600003F088F801A9134803F08EF80821114808
:1015700003F0DCF801A90F4803F0E6F808210D4854
:1015800003F032F901A90B4803F038F908210948A2
:1015900003F072F90121074802F082FE012105489B
:1015A00002F08AFE0121034802F092FE09B000BD5C
:1015B000000C0140000800401CB5044606226946A4
:1015C0003B2001F0BAFC9DF801009DF8001040EAB4
:1015D000012000B220809DF803009DF8021040EA2F
:1015E000012000B260809DF805009DF8041040EADB
:1015F000012000B2A0801CBD1CB50446062269462D
:10160000432001F09AFC9DF801009DF8001040EA8B
:10161000012000B220809DF803009DF8021040EAEE
:10162000012000B260809DF805009DF8041040EA9A
:10163000012000B2A0801CBD08B50121042001F0EA
:10164000C1FE4FF4C050ADF8000010208DF803002B
:1016500003208DF802006946164801F061F9012067
:10166000154908601549C1F8AC0180216B2001F0D3
:101670006FFC1348FFF7A4FD00216B2001F068FC0C
:1016800018211B2001F064FC00211C2001F060FCEB
:101690000021382001F05CFC0021232001F058FCDF
:1016A00001216B2001F054FC00216C2001F050FC62
:1016B00008BD000000080140B001214200002142A5
:1016C000A086010010B50446E006010E1C2001F0C2
:1016D0003FFC10BD10B5044621461A2001F038FC2D
:1016E00010BD10B50446E006010E1B2001F030FCD1
:1016F00010BD70B50446B4F57A7F01DD4FF47A74FD
:101700000A2C00DA0A244FF47A7090FBF4F0401EA1
:10171000C5B22946192001F01BFC70BD70B500242C
:1017200015E004F1B001C8B201F0AAFD002001F0FB
:10173000A7FD102001F0A4FD002504E0002001F029
:10174000AFFD681CC5B2802DF8DB601CC4B2082C4C
:10175000E7DB70BD2DE9F04705460E461746984673
:101760004FF000090024A7F1200000F0FF097B2DB5
:101770002BDA082E29DAB8F1000F14D031462846AA
:1017800001F06AFD00BF0BE009EB490104EB4101E8
:101790000F4A515CC943C8B201F082FD601CC4B25B
:1017A000062CF1DB11E03146284601F055FD0024FE
:1017B00009E009EB490104EB4101054A505C01F0E5
:1017C0006FFD601CC4B2062CF3DBBDE8F08700009F
:1017D000948C00082DE9F04105460E4614461F463C
:1017E0000A2C07DA04F13000C2B23B4631462846E3
:1017F000FFF7B0FFBDE8F0812DE9F05F05460E462A
:1018000017469846DDE90A9B7F2D01DC072E01DD96
:10181000BDE8F09FE819802803DC06EB08000828E3
:1018200000DDF5E7BBF1000F18D0344613E0214688
:10183000284601F011FDAA4609E019F8012BD14311
:10184000C8B201F02DFD0AF1010000F0FF0ABA450F
:10185000F3DB601CC4B24445E9DB15E0344611E01B
:101860002146284601F0F8FCAA4607E019F8010BCA
:1018700001F016FD0AF1010000F0FF0ABA45F5DBA0
:10188000601CC4B24445EBDB00BFC1E72DE9F04169
:1018900004460D461646984600277B2C14DA082D80
:1018A00012DA0EE0F25D434629462046FFF752FF6A
:1018B000A01DC4B27A2C02DD0024681CC5B2781CBD
:1018C000C7B2F05D0028EDD1BDE8F0812DE9FE4FF3
:1018D00080468A4691461D46DDE90C7B002D76DD6B
:1018E000E8190A2873DAB9F1000F02DAC9F1000623
:1018F00000E04E460A20B6FBF0F100FB11608DF8C7
:1019000001006420B6FBF0F100FB11600A21B0FB7E
:10191000F1F08DF802004FF47A70B6FBF0F100FBA5
:1019200011606421B0FBF1F0C0B28DF8030042F207
:101930001070B6FBF0F100FB11604FF47A71B0FB50
:10194000F1F0C0B28DF804005948B6FBF0F100FB8D
:10195000116042F21071B0FBF1F0C0B28DF80500D9
:101960005448B6FBF0F100FB11605149B0FBF1F0B7
:10197000C0B28DF806005048B6FBF0F100FB1160D4
:101980004C49B0FBF1F0C0B28DF807004B48B6FBF4
:10199000F0F100FB11604849B0FBF1F0C0B28DF8E6
:1019A00008004748B6FBF0F100FB11604349B0FB6B
:1019B000F1F0C0B28DF80900B9F1000F41DA00234F
:1019C0002D2251464046FFF7C5FE002412E037E0C5
:1019D000E919091B491E1DF8012004EB440308F115
:1019E000060101EB4301C8B25B465146FFF7F2FE28
:1019F000601CC4B2681EA042EADC002F56D005EB82
:101A0000450108EB4101C8B25B462E225146FFF763
:101A1000A1FE002412E005EB450108EB4101891D00
:101A200004EB440301EB4301C8B2391B1DF801204C
:101A30005B465146FFF7CEFE601CC4B2BC42EADBF7
:101A400034E000240EE0E919091B1DF8012004EB25
:101A5000440108EB4101C8B25B465146FFF7BAFEAC
:101A6000601CC4B2AC42EEDB07B305EB450108EBEA
:101A70004101C8B25B462E225146FFF76BFE00249F
:101A800012E005EB450108EB4101891D04EB44031D
:101A900001EB4301C8B2391B1DF801205B465146DA
:101AA000FFF798FE601CC4B2BC42EADBBDE8FE8FC3
:101AB000A086010040420F008096980000E1F505E5
:101AC00000CA9A3B00B587B00121042001F07AFCDE
:101AD000A020ADF8040003208DF8060018208DF832
:101AE000070001A9544800F01BFF1020ADF80400C6
:101AF0008DF8070001A9504800F012FF4020ADF812
:101B0000040010208DF8070001A94B4800F008FFE1
:101B10000121080301F056FC0020ADF808004FF445
:101B20008270ADF80A000020ADF80C000220ADF87C
:101B30000E000120ADF810004002ADF812000020A8
:101B4000ADF81400ADF816000720ADF8180002A992
:101B50003A4802F00FF80121384801F0F1FFFF2068
:101B600001F06CFF4021344800F0B9FF6420FFF71A
:101B70001DFB4021304800F0B0FFC820FFF716FBE6
:101B800040212D4800F0ABFFAE2001F079FB002092
:101B900001F076FB102001F073FB402001F070FB98
:101BA000812001F06DFBEF2001F06AFBA12001F024
:101BB00067FBC82001F064FBA62001F061FBA820B0
:101BC00001F05EFB3F2001F05BFBD32001F058FBEE
:101BD000002001F055FBD52001F052FB802001F0E0
:101BE0004FFBD92001F04CFBF12001F049FBDA203A
:101BF00001F046FB122001F043FBDB2001F040FB2B
:101C0000402001F03DFB202001F03AFB022001F0D2
:101C100037FB8D2001F034FB142001F031FBA420B0
:101C200001F02EFBA62001F02BFBAF2001F028FBDA
:101C3000FFF774FD07B000BD00080140003001400F
:101C400008B50121102001F0BDFB0120ADF8000016
:101C500048208DF8030003208DF8020069461748DC
:101C600000F05EFE0220ADF8000010208DF80300A9
:101C700003208DF802006946104800F051FE042050
:101C8000ADF8000010208DF8030003208DF802004D
:101C900069460A4800F044FE0820ADF80000102014
:101CA0008DF8030003208DF802006946034800F018
:101CB00037FE01200249086008BD00000010014005
:101CC0008801224270B504460020144908600025AE
:101CD00007E01349485D01F0E9FA12494855681CCC
:101CE000C5B2092DF5DB01200C4908600D4840788C
:101CF00020700C48C078C04360700A480079C04327
:101D0000A07008484079E070064880792071054845
:101D1000C07960710348007AA07170BD88012242C9
:101D2000BC8E00083003002010B50548007820B9AB
:101D300000200449C8800881488101F0CDFB10BD16
:101D40004E00002040010020014630480078002865
:101D500059D02F4840782E4A927840EA0220C0F3AA
:101D60000A0008802A488078C010294AD27840EAC0
:101D70004210C0F30A0048802548C0788011244AE8
:101D8000127940EA8200224A527940EA8220C0F366
:101D90000A0088801E48407940101D4A927940EA26
:101DA000C210C0F30A00C880194880790011184A8F
:101DB000D27940EA0210C0F30A0008811448C079C1
:101DC000C011134A127A40EA4200114A527A40EA9C
:101DD0004220C0F30A0048810D48407A80100C4A26
:101DE000927A40EA8210C0F30A0088810848807A1B
:101DF0004011074AD27A40EAC200C8810020034A53
:101E00001070012070470020FCE70000AA000020AD
:101E10000803002000B587B00121082001F0D2FAA4
:101E20004FF40060ADF8180004208DF81B0006A9DF
:101E30001D4800F075FD0121880401F0A3FA1B483C
:101E400002900020ADF80C004FF40050ADF80E00E9
:101E5000C010ADF810000020ADF814000420ADF85B
:101E6000120002A9124803F089F927208DF8040016
:101E700001208DF805008DF806008DF8070001A8F7
:101E800001F084F9012240F22551094803F051F98B
:101E9000012240F22441064803F04BF90121044895
:101EA00003F004F907B000BD000C0140A08601005A
:101EB0000048004000B589B00121112001F082FAEC
:101EC0004FF47070ADF8200018208DF82300032027
:101ED0008DF8220008A9294800F022FD01214803BD
:101EE00001F070FA4720ADF814000020ADF816009C
:101EF00044F61F60ADF818000020ADF81A0005A9DF
:101F00001F4802F0FBFC6020ADF804000120ADF892
:101F1000060040F2DC50ADF80A000020ADF80C00DD
:101F200001A9174802F05AFB0821154802F0A2FB4C
:101F300001A9134802F0A8FB0821114802F0F6FBA2
:101F400001A90F4802F000FC08210D4802F04CFCEA
:101F500001A90B4802F052FC0821094802F08CFC50
:101F60000121074802F09CF90121054802F0A4F97B
:101F70000121034802F0ACF909B000BD0010014096
:101F8000003401402DE9F0410446B4F5617F01DDE4
:101F90004FF4617414F5617F00DA0B4C2046FEF7B4
:101FA00091FB80460949FEF795F907460849FEF777
:101FB00039F90646FEF7C6FB85B22946054802F008
:101FC0006EFCBDE8F08100007CFCFFFF3F358E3FDA
:101FD0000080BB44003401402DE9F0410446B4F5D3
:101FE000617F01DD4FF4617414F5617F00DA0B4C01
:101FF0002046FEF767FB80460949FEF76BF9074666
:102000000849FEF70FF90646FEF79CFB85B2294604
:10201000054802F042FCBDE8F08100007CFCFFFFB7
:102020003F358E3F0080BB44003401402DE9F04134
:102030000446B4F5617F01DD4FF4617414F5617FEE
:1020400000DA0B4C2046FEF73DFB80460949FEF7BF
:1020500041F907460849FEF7E5F80646FEF772FB28
:1020600085B22946054802F016FCBDE8F081000063
:102070007CFCFFFF3F358E3F0080BB4400340140B5
:102080002DE9F84F04460D4629462046FEF71CF977
:10209000274908602748016825480068FEF714F9B9
:1020A00082462548B0F90000FEF70CFB83465146F6
:1020B000FEF710F980462148B0F90000FEF702FB58
:1020C00082461B4801685046FEF704F981464146A6
:1020D000FEF7A8F807461A48B0F90000FEF7F2FA32
:1020E00039460090FEF79EF80646FEF712FB00B256
:1020F000134908800E4800680E4908601048B0F97E
:10210000000041F26801884202DD08460C4908805F
:102110000B48B0F900000B49884203DA4EF698707C
:10212000074908800648B0F90000BDE8F88F0000B4
:10213000780000207C0000204C0000204A00002095
:102140007400002098EFFFFF2DE9F84F04460D467C
:1021500029462046FEF7B8F8274908602748016855
:1021600025480068FEF7B0F882462548B0F900001F
:10217000FEF7A8FA83465146FEF7ACF880462148A0
:10218000B0F90000FEF79EFA82461B4801685046EF
:10219000FEF7A0F881464146FEF744F807461A4884
:1021A000B0F90000FEF78EFA39460090FEF73AF8D3
:1021B0000646FEF7AEFA00B2134908800E480068E2
:1021C0000E4908601048B0F9000041F268018842E9
:1021D00002DD08460C4908800B48B0F900000B49A5
:1021E000884203DA4EF69870074908800648B0F92D
:1021F0000000BDE8F88F0000840000208800002067
:102200004C0000204A0000208000002098EFFFFFD3
:1022100010B586B004460121042001F0D3F8012155
:10222000880301F0CFF84FF40070ADF814001820C7
:102230008DF8170003208DF8160005A91C4800F042
:102240006FFB4FF48060ADF8140004208DF8170088
:1022500005A9174800F064FB01940020ADF80800C0
:10226000ADF80A00ADF80C00ADF810000C20ADF888
:102270000E0001A90F4802F081FF25208DF8000013
:1022800002208DF8010001208DF802008DF8030076
:10229000684600F07BFF012240F22551054802F01C
:1022A00048FF0121034802F001FF06B010BD000005
:1022B00000080140003801402DE9F04707460D466F
:1022C00090464FF00009202D37DCAA201C490870E9
:1022D00055204870681D8870084680F803800024E7
:1022E00005E0395D201D164A1154601CC4B2AC4291
:1022F000F7DB281DC6B2002406E01148005D484403
:1023000000F0FF09601CC4B2B442F6DB0C4800F8D0
:102310000490681DC6B200240DE00948015D09481B
:1023200002F09DFF00BF4021064802F0CBFE0128CD
:10233000F9D1601CC4B2B442EFDBBDE8F087000005
:10234000F00100200038014010B503460B4800782A
:1023500090B10B488078001FC2B2002105E0C81C74
:10236000074C205C5854481CC1B29142F7DB002056
:10237000024C2070104610BD0020FCE7A100002098
:102380001802002010B586B004460121082001F093
:1023900019F80420ADF8140018208DF81700032058
:1023A0008DF8160005A91E4800F0BAFA0820ADF80D
:1023B000140004208DF8170005A9194800F0B0FAA0
:1023C0000121480400F0DEFF01940020ADF8080070
:1023D000ADF80A00ADF80C00ADF810000C20ADF817
:1023E0000E0001A90F4802F0C9FE26208DF800005A
:1023F00002208DF8010001208DF802008DF8030005
:10240000684600F0C3FE012240F22551054802F063
:1024100090FE0121034802F049FE06B010BD000005
:10242000000801400044004010B586B00446012178
:10243000102000F0C7FF4FF48060ADF814001820A2
:102440008DF8170003208DF8160005A91E4800F02E
:1024500067FA4FF40060ADF8140004208DF81700FF
:1024600005A9194800F05CFA0121C80400F08AFFB0
:1024700001940020ADF80800ADF80A00ADF80C009A
:10248000ADF810000C20ADF80E0001A90F4802F0C5
:1024900075FE34208DF8000002208DF80100012027
:1024A0008DF802008DF80300684600F06FFE0122EF
:1024B00040F22551054802F03CFE0121034802F09C
:1024C000F5FD06B010BD000000100140004C0040BA
:1024D0002DE9F04707460D4690464FF00009322D92
:1024E00037DCAA201C49087055204870681D887088
:1024F000084680F80380002405E0395D201D164A57
:102500001154601CC4B2AC42F7DB281DC6B20024D3
:1025100006E01148005D484400F0FF09601CC4B2A9
:10252000B442F6DB0C4800F80490681DC6B20024E3
:102530000DE00948015D094802F091FE00BF40210D
:10254000064802F0BFFD0128F9D1601CC4B2B442B4
:10255000EFDBBDE8F087000090020020004C004057
:102560002DE9F05F01211148FEF753FB00BF022166
:102570000E48FEF7B1FA0028F9D00C48FEF7A8FA89
:1025800083465846FEF7B8F88046094A094BFDF7DE
:10259000B8FF06460022084BFEF725F80446FEF772
:1025A00004F91FFA80FA5046BDE8F09F0028014068
:1025B0000AD7A370BD54AC4000FEAF4000B587B051
:1025C0000121082000F0FEFE0220ADF818000020D6
:1025D0008DF81B0006A91D4800F0A2F90121880210
:1025E00000F0F0FE002001908DF808008DF8090041
:1025F0004FF4602003900020049001208DF8140017
:1026000001A91348FEF77CFA4FF4004000F0AEFE3B
:102610000723012209210E48FEF79AFA01210C48EE
:10262000FEF741FA0A48FEF7EFFA00BF0848FEF746
:102630005CFA0028FAD10648FEF7F6FA00BF044813
:10264000FEF73CFA0028FAD107B000BD000C0140AB
:102650000028014000BFFEE7704700001CB598E06D
:10266000642004F047FC4B48007800B349480078E8
:10267000012806D1002348A202215A20FFF706F9BB
:102680001BE044480078022806D1002343A202211F
:102690005A20FFF7FBF810E03E48007803280CD1E1
:1026A00000233FA202215A20FFF7F0F805E00023A3
:1026B0003CA202215A20FFF7E9F83B480088FEF7C8
:1026C0001BF80546394A3A4BFDF71BFF0746FEF754
:1026D0004DF804460020012102232246CDE90010D6
:1026E00003211E20FFF7F2F80020009001903148EE
:1026F000B0F90A20062303215A20FFF7E7F86420E7
:1027000004F0F8FB00200321CDE900102A48B0F9BD
:10271000000000EB80004200022305211E20FFF78D
:10272000D5F800200221CDE900102448B0F900209E
:10273000052319466020FFF7C9F821480022214BE4
:10274000D0E900512846FDF7DCFE0746FEF70EF8FB
:102750000446002002210B462246CDE90010062146
:102760001E20FFF7B3F818480022164BD0E900519D
:102770002846FDF7C6FE0746FDF7F8FF0446002091
:1027800002210B462246CDE9001006215A20FFF710
:102790009DF865E75D000020505332004150500025
:1027A000524D5300524F5300360000209A99999988
:1027B0009999B93F880100205E0000204001002067
:1027C0006801002000005940780100201648007878
:1027D000012828D11448C07814490978484300B228
:1027E0001349C8801048407812490978484300B21C
:1027F000114908800C480079002808DD0B48007852
:10280000401C0A49087001200C4908700BE006487A
:102810000079002807DA05480078401E034908704F
:102820000120064908707047580000209C000020D5
:10283000400100209D0000205E000020500000208C
:1028400010B588B0044600F0EDFB684600F04AFC85
:10285000002861D14FF40051304800F040F9642065
:10286000FEF7A4FC4FF400512C4800F036F99DF817
:102870000100552828D19DF802007E2824D19DF81A
:1028800008007E2820D19DF8090055281CD19DF80C
:10289000030020709DF8040060709DF80500A07092
:1028A0009DF80600E0709DF8070020714FF400517C
:1028B0001A4800F014F96420FEF778FC4FF4005138
:1028C000164800F00AF927E0002020706070A07020
:1028D000E07020714FF40051104800F000F9102111
:1028E0000E4800F0FAF8C820FEF760FC4FF40051E3
:1028F0000A4800F0F2F81021084800F0F0F84FF410
:102900000051064800F0EBF81420FEF74FFC4FF49E
:102910000051024800F0E1F808B010BD001001407D
:102920002DE9F04102460025002600200023002466
:10293000002791F803C00CF00F0591F803C00CF0CC
:10294000100CBCF1000F03D091F802C04CEA050551
:1029500091F800C0BCF1000F31D0146800202BE0CA
:102960004FF0010C0CFA00F3B1F800C00CEA0306BA
:102970009E4220D183004FF00F0C0CFA03F7BC43AA
:1029800005FA03FC4CEA040491F803C0BCF1280FDB
:1029900006D14FF0010C0CFA00FCC2F814C00AE09A
:1029A00091F803C0BCF1480F05D14FF0010C0CFAAF
:1029B00000FCC2F810C0401C0828D1D31460B1F844
:1029C00000C0BCF1FF0F34DD546800202EE000F1A0
:1029D000080C4FF0010808FA0CF3B1F800C00CEA3B
:1029E00003069E4221D183004FF00F0C0CFA03F72F
:1029F000BC4305FA03FC4CEA040491F803C0BCF1A3
:102A0000280F05D100F1080C08FA0CF8C2F8148060
:102A100091F803C0BCF1480F07D100F1080C4FF04A
:102A2000010808FA0CF8C2F81080401C0828CED320
:102A30005460BDE8F0810000F0B50A460023002490
:102A40000021002500F00046B6F1004F02D11D4ED6
:102A5000F16901E01B4E7168C0F3034583B200F4D5
:102A60004016B6F5401F08D121F07061154E76680A
:102A700026F07066134F7E6012E000F48016B6F503
:102A8000801F06D1032606FA05F4A14341F07061C8
:102A900006E0460D360103FA06F6B14341F07061D7
:102AA00022B1460D360103FA06F6314300F0004626
:102AB000B6F1004F02D1034EF16101E0014E7160A9
:102AC000F0BD0000000001400246002093680B406A
:102AD0000BB1012000E000207047416170470161A7
:102AE00070470AB1016100E04161704700BFFEE735
:102AF00010B500200E4908600E48006820F47040B0
:102B00000C4908600846006840F440500860002006
:102B10000949C1F8AC010120FEF752FB012004492C
:102B20000860FEF74DFB00200349C1F8B00110BD5D
:102B3000B0012142040801400000214210B50020EC
:102B40000E4908600E48006820F470400C49086087
:102B50000846006840F44050086001200949C1F867
:102B6000AC01FEF72DFB012004490860FEF728FBAD
:102B700000200449C1F8B00110BD0000B00121429D
:102B8000040801400000214270B5054600241748A2
:102B9000006820F47040154908600846006840F459
:102BA00000400860002616E000201149086002205D
:102BB000FEF706FB01200F49C1F8B0016006040EC4
:102BC0000B488438006808B1601CC4B20220FEF7CC
:102BD000F7FA701CC6B2082EE6DB15B1FFF788FFC6
:102BE00001E0FFF7ABFF204670BD00000408014084
:102BF000B00121420000214270B50446144800682B
:102C000020F47040124908600846006840F44050C3
:102C1000086000200F490860002516E0E0090D4912
:102C2000091F08606006040E0120FEF7C9FA0120A2
:102C30000949C1F8B001FEF7C3FA00200549086050
:102C40000120FEF7BDFA681CC5B2082DE6DB70BD99
:102C500004080140B00121420000214210B516488D
:102C6000006820F47040144908600846006840F489
:102C7000405008600120114908601148D0F82C012B
:102C800008B9002010BD01200C49091D0860FEF79D
:102C900097FA00200A49C1F8AC010848803800685A
:102CA00008B10020EEE70120FEF78AFA0020034970
:102CB000091D08600120E5E704080140AC0121423C
:102CC0000000214210B50E48006820F470400C4905
:102CD00008600846006840F4405008600020094938
:102CE00008600949C1F8AC010120FEF769FA01202A
:102CF000044908600449C1F8AC01FEF761FA10BD4F
:102D000004080140B00121420000214210B5002416
:102D10001548006820F470401349086008460068B0
:102D200040F400400860012010490860FEF748FAAE
:102D300001200F49C1F8B001FEF742FA0AE0601C19
:102D4000C4B2322C03DDFFF7BDFF002010BD01200F
:102D5000FEF736FA0548803800680028EFD10349AD
:102D6000091D08600120F1E704080140AC0121427F
:102D70000000214210B51A48B0F90000B0F5617F9B
:102D800003DD4FF46170164908801548B0F9000062
:102D900010F5617F03DA4FF67C4011490880104836
:102DA000B0F90200B0F5617F03DD4FF461700C49AA
:102DB00048800B48B0F9020010F5617F03DA4FF646
:102DC0007C40074948800649B1F90000FFF7DAF86E
:102DD00003494988494208B2FFF7FEF810BD0000D8
:102DE0006000002039E0FEF7FDFA002832D03220E2
:102DF00004F080F8FEF7F6FA60B3002417E0322002
:102E000004F078F8FEF7EEFA00B912E03C2C0CD191
:102E10004FF400511148FFF762FEC82004F06AF831
:102E20004FF400510D48FFF758FE601CC4B2C82C87
:102E3000E5DB00BF142C0CDA09480078062805DA17
:102E400007480078401C0649087002E00120044948
:102E5000087000BF322004F04DF8C4E700100140B4
:102E6000300000202DE9F04106460F4614461D466D
:102E7000FFF7F4FE10B90120BDE8F0817106080EDD
:102E8000FFF7BAFEFFF742FF18B9FFF71BFF01205B
:102E9000F2E73846FFF7B0FEFFF738FFFFF7DEFE38
:102EA000012101EB4601C8B2FFF7A6FEFFF72EFF96
:102EB0000DE0012C04D10020FFF766FE287003E02E
:102EC0000120FFF761FE28706D1C601EC4B2002C4B
:102ED000EFD1FFF7F7FE0020CEE72DE9F0410546E0
:102EE0000E4617469846FFF7B9FE10B90120BDE817
:102EF000F0816906080EFFF77FFEFFF707FF18B99C
:102F0000FFF7E0FE0120F2E73046FFF775FEFFF71E
:102F1000FDFE00240BE018F80400FFF76DFEFFF73C
:102F2000F5FE18B9FFF7CEFE0020E0E7641CBC42B6
:102F3000F1DBFFF7C7FE0020D9E770B504460D4668
:102F40001646F2B22B4621466820FFF78BFF70BD74
:102F500013B5044601AB012221466820FFF7BDFFEF
:102F60001CBD00BFFEE7704700B587B001213820C7
:102F700000F028FA4FF48050ADF8180028208DF8A2
:102F80001B0006A92148FFF7CBFC0420ADF8180070
:102F900006A91F48FFF7C4FC4FF48050ADF8180095
:102FA00006A91C48FFF7BCFC00F064FD00211A488C
:102FB00000F0C6FD0020ADF804004FF48270ADF8BB
:102FC00006000020ADF80800ADF80A00ADF80C00CE
:102FD0004FF40070ADF80E000820ADF8100000208E
:102FE000ADF812000720ADF8140001A90A4800F05E
:102FF000C1FD0121084800F0A3FD00200749086039
:1030000001200749C1F8B00107B000BD0010014020
:1030100000140140000C0140003800408881224229
:103020000080214210B50020114908600522114995
:103030002A2000F075F80121212000F08FF80121ED
:10304000222000F08BF80021252000F087F82021B5
:10305000312000F083F80F21262000F07FF80F21A7
:10306000202000F07BF801200349C1F8880110BD41
:1030700088812242CA8E0008008022422DE9F04158
:1030800007460D46164600200A490860384600F0FB
:1030900019FD8046002405E0FF2000F013FD2855AF
:1030A000601CC4B2B442F7DB01200249086040460C
:1030B000BDE8F081B081214270B504460020074987
:1030C0000860204600F0FEFCFF2000F0FBFC0546F7
:1030D00001200349C1F8B001284670BDB0812142EA
:1030E0000080214270B50446082000F015FD07203D
:1030F000FFF7E2FF05462946272000F02FF805F0EC
:10310000400050B1202221466120FFF7B7FFFF2188
:10311000E22000F023F8002070BD0120FCE7000051
:103120002DE9F04107460C46154600200A49086083
:10313000384600F0C7FC8046002605E014F8010B75
:1031400000F0C0FC701CC6B2AE42F7DB01200249A1
:1031500008604046BDE8F081B081214270B5054667
:103160000C46002007490860284600F0ABFC0646E4
:10317000204600F0A7FC01200349C1F8B001304609
:1031800070BD0000B08121420080214270B5002155
:1031900000230F22C47804B3154C246804F4E064BF
:1031A000C4F5E064210AC1F10403CA40447804FA7A
:1031B00003F184781440214309010E4C0678A1558F
:1031C000047804F01F050124AC4005786D11AD00B2
:1031D00005F1E025C5F8004109E0047804F01F0579
:1031E0000124AC40044D0678761145F8264070BDA8
:1031F0000CED00E000E400E080E100E00249014362
:10320000024A1160704700000000FA050CED00E072
:1032100000BF04F0A3FD0C49086014E014210A4823
:1032200003F0A4FE0948FFF70BFB094800780428C7
:1032300009D006480078012805D104200449087007
:10324000012004490870E9E77000002058000020C0
:103250005D0000205000002070B504460D4605F1C9
:10326000B001C8B200F00CF8102141EA141000F0CF
:1032700007F804F00F0141F0010000F001F870BD03
:1032800010B5044610210548FFF727FC204600F042
:10329000D5FB10210148FFF722FC10BD00080140BA
:1032A00010B50446204600F0C9FB10BD1CB504460D
:1032B000002001900120009027E09DF800002040B0
:1032C00018B101201449086002E00020124908608A
:1032D00000201149083108601020FDF771FF0F48E8
:1032E000D0F8000128B19DF804009DF800100843B3
:1032F000019001200849083108601020FDF760FFA7
:103300009DF800004006000E00909DF80000002887
:10331000D3DC9DF804001CBD84012242000022423F
:1033200000BF04F01BFD0D49086016E014210B4896
:1033300003F01CFE0A48FEF7C5FC0A480078012885
:103340000BD007484078082807D10548807920B974
:1033500001200449087004490870E7E76C00002068
:10336000510000205D000020500000200146002098
:10337000034A506820F44040084350607047000002
:103380000010024029B1064AD2690243044BDA61B7
:1033900004E0034AD2698243014BDA6170470000BE
:1033A0000010024029B1064A12690243044B1A6117
:1033B00004E0034A12698243014B1A61704700001E
:1033C0000010024029B1064A92690243044B9A61F7
:1033D00004E0034A92698243014B9A6170470000FE
:1033E0000010024029B1064AD2680243044BDA6059
:1033F00004E0034AD2688243014BDA607047000060
:103400000010024030B500210022002400232D4D81
:103410006D6805F00C0121B1042905D0082923D1DC
:1034200005E0294D056022E0274D05601FE0254D90
:103430006D6805F47012234D6D6805F48034022523
:1034400005EB92421CB9214D554305600BE01D4D23
:103450006D6805F400351DB11C4D5543056002E053
:10346000194D5543056002E0174D056000BF00BFD0
:10347000144D6D6805F0F0010909154D6B5C056888
:10348000DD4045600F4D6D6805F4E061090A104D9F
:103490006B5C4568DD4085600A4D6D6805F46051E0
:1034A000C90A0B4D6B5C4568DD40C560054D6D6814
:1034B00005F44041890B074D6B5CC568B5FBF3F51E
:1034C000056130BD0010024000127A0000093D0085
:1034D00024010020340100202DE9F04F8FB0FDF7CA
:1034E00093FE00B20990FDF7F6F88246D24AD34B1C
:1034F000FDF707F881F00041CDE90A01FDF781F9F8
:103500000D90FDF76BF9CE4A03C20020FDF7DEFEF9
:10351000FDF7E0FE00B20990FDF7DDF8C64AC74BA3
:10352000CDE90A01FCF7EDFF8246FDF76AF90D903F
:10353000FDF754F9C34A03C20020FDF723FFC24838
:10354000B0F9060040F2DC51884202DD0846BE496F
:10355000C880BD48B0F90600BC49884203DA4FF67E
:103560002420B949C880B849B1F90600FDF7B3F87D
:103570000022B74BCDE90C01FDF735F88246FDF787
:1035800040F90446B348B0F90000FDF7A4F8002262
:10359000AF4BCDE90C01FDF726F88246FDF731F976
:1035A00006463046FDF71AF9CDE90A0103F0BAFAEA
:1035B00002460B46CDE90C014FF06040A649FDF7ED
:1035C00012F88246FDF71DF98046A24800880028BF
:1035D0007CD04046FDF702F9CDE90A014046FDF7EF
:1035E000FDF882469D4A9E4BFCF785FFCDE906011A
:1035F0002046FDF7F3F8CDE90401DDE90623FCF7E9
:1036000080FFCDE90801DDE90A23FCF7ECFFCDE9F5
:103610000C01FDF7F6F88A4988604046FDF7DEF8B0
:10362000CDE90A014046FDF7D9F88C4A8C4BCDE92B
:103630000401FCF7BFFECDE908012046FDF7CEF8F6
:10364000CDE90601DDE90823FCF75BFF8246DDE9F1
:103650000A23FCF7C8FFCDE90C01FDF7D2F8794940
:1036600088603046FDF7BAF87E4A7F4BCDE900010D
:10367000FCF747FF824603F055FA02460B46CDE9B8
:1036800002014FF060407449FCF7ADFF734A744B80
:10369000CDE90401FCF78EFE02460B46CDE906019A
:1036A0004FF060406C49FCF79EFFCDE9080102F045
:1036B0005DFA6E4A6E4BCDE90A01FCF722FFCDE9B7
:1036C0000C01FDF79EF8054605E0FFE75C488460C5
:1036D0005C48846000252846FDF780F88246654AEC
:1036E000654BFCF70EFFCDE906012846FDF776F89D
:1036F000CDE902012846FDF771F882465F4A604B2A
:10370000FCF7FFFECDE90001DDE90223FCF7F9FE3D
:10371000CDE90401DDE90623FCF74CFE81F0004110
:103720000022584BCDE90801FCF7EBFE564A574BF7
:10373000CDE90A01FCF757FFCDE90C01FDF761F86F
:10374000074653493846FCF7C5FD83460021FCF780
:1037500069FD8246FCF7DDFF0FFA80F94846FEF767
:1037600065FC3748D0E900211046FDF74AF882464B
:10377000334988685146FEF783FC314988813149D5
:10378000D1E900211046FDF73CF882462D498868B2
:103790005146FEF7D9FC2B4988812949898949423C
:1037A00008B2FDF751FE2749B1F90C00FDF776FE8E
:1037B0002349D1E900A181F00043224903C95246BF
:1037C000CDE90601FCF7F6FD00224FF08043CDE97C
:1037D0000801FCF708FF00221D4BCDE90A01FCF7A8
:1037E00090FECDE90C01FCF7C1FF00B2164908803C
:1037F000002048801249D1E900A181F0004311481E
:1038000003C85246CDE90601FCF7D4FD134A214B0B
:10381000CDE90801FCF7E7FE00220D4BCDE90A01D6
:10382000FCF76FFECDE90C01FCF7A0FF00B20649E2
:1038300088800FB0BDE8F08FE3775F723A55733F31
:1038400068010020780100204001002024FAFFFFD9
:1038500000408F405E000020CEF7C33F1F85EB5134
:10386000B81EB53FCAC342AD69DE913F144C77B66E
:10387000D7A54C409BE61DA7E848F33F091B9E5E79
:1038800029CB703F00806640A7E8482EFF21094001
:1038900000002041B81EC53F10B51B48FDF78CFE47
:1038A000194840881949088017480088404200B2EA
:1038B00048801548808888801548FDF79DFE14488B
:1038C000008814490988084400B211490880084654
:1038D000408810494988084400B20D49488008468C
:1038E00080880C498988084400B2094988800846C4
:1038F00040880649C88006480088404200B20881D6
:1039000003488088488110BD3800002088010020CD
:103910003E0000204400002010B529480088000A1D
:103920002849087026480078487025484088000AD1
:10393000887023488078C87021488088000A087100
:103940001F48007948711E48C088000A88711C48C9
:103950008079C8711A480089000A08721848007AEC
:10396000487217484089000A88721548807AC872E0
:1039700015480088000A08731348007848731248F5
:103980004088000A887310488078C8730E48808881
:10399000000A08740C48007948740C48008800122A
:1039A00088740A480078C874102214210548FEF76C
:1039B0008FFD102214210348FEF77EFC10BD00008D
:1039C00088010020940100204001002036000020E2
:1039D00000BF04F0C3F91749086029E01421154815
:1039E00003F0C4FA14480078D0B1134800780128D5
:1039F00002D1FDF73FFA13E00F480078022802D108
:103A0000FDF784F90CE00C480078032802D1FDF79B
:103A10003BFB05E008480078042801D1FEF7D6FEFC
:103A2000FEF782F9FFF7A6F9FFF736FFFFF774FFFD
:103A3000D4E70000640000205D00002010B50446BB
:103A400000BF02210A4800F087F80028F9D021467B
:103A5000074800F08DF800BF0121054800F07CF810
:103A60000028F9D0024800F080F8C0B210BD000074
:103A70000030014008B501210820FFF7A3FC4FF4F6
:103A80006040ADF8000018208DF8030003208DF889
:103A9000020069460948FEF743FF01218803FFF74A
:103AA00071FC4FF460410548FFF719F80121044803
:103AB00000F046F8FF2000F005F808BD000C0140BA
:103AC0000038004070B50546002405E0601CC4B213
:103AD000C82C01DD002070BD02210E4800F03CF82A
:103AE0000028F3D029460B4800F042F8002405E0F6
:103AF000601CC4B2C82C01DD0020ECE701210548A0
:103B000000F02AF80028F3D0024800F02EF8C0B2E6
:103B1000E1E700000038004010B50446074800887F
:103B20004FF6C771084005490880084600882043C1
:103B300008800121014800F003F810BD0038004062
:103B400021B1028842F04002028004E002884FF670
:103B5000BF731A40028070470246002013890B4051
:103B60000BB1012000E000207047014688897047B2
:103B70008181704710B50022028802F441520B88FF
:103B80004C8823438C882343CC8823430C892343CC
:103B90004C8923438C892343CC8923431A430280D5
:103BA000838B4FF2FF74234083830B8A038210BD03
:103BB00010B500F001F810BD0CB500200190009088
:103BC0003348006840F480303149086000BF304815
:103BD000006800F4003000900198401C01900098AB
:103BE00018B90198B0F5A06FF1D12948006800F428
:103BF000003010B10120009001E0002000900098FA
:103C0000012843D12348006840F010002149086092
:103C10000846006820F0030008600846006840F08D
:103C2000020008601A484068194948600846406820
:103C300048600846406840F4806048600846406834
:103C400020F47C1048600846406840F4E810486062
:103C50000846006840F08070086000BF0C480068AB
:103C600000F000700028F9D00948406820F00300F7
:103C7000074948600846406840F00200486000BFBD
:103C80000348406800F00C000828F9D10CBD000082
:103C900000100240002002402DE9FF410746552652
:103CA0000020FEF76FF90020FEF796F90020FEF7DE
:103CB000BDF900252BE04FF480717B48FEF70DFF26
:103CC0001420FDF773FA4FF480717748FEF707FF71
:103CD0001420FDF76BFA02A8FDF78EFC73480088EC
:103CE000BDF80810084400B27049088008464088B2
:103CF000BDF80A10084400B26C4948800846808824
:103D0000BDF80C10084400B2684988806D1C0A2D6B
:103D1000D1DB6648B0F9000040420A2190FBF1F087
:103D200000B2624908800846B0F9020040420A2108
:103D300090FBF1F000B25D4948800846B0F90400FC
:103D400040420A2190FBF1F000B2584988800025DA
:103D500022E000240BE0E006060E4FF4807152488A
:103D6000FEF7BBFE1420FDF721FA601CC4B21E2C26
:103D7000F1DB14240DE004EB44008006060E4FF442
:103D800080714948FEF7ABFE1420FDF70FFA601E64
:103D9000C4B2002CEFDC6D1C032DDADB4FF4807114
:103DA0004148FEF79AFE4FF400514148FEF797FE56
:103DB0006420FDF7FBF94FF400513D48FEF78DFEFE
:103DC000FDF7ACFC00233BA219461846FDF75EFD4B
:103DD00000233EA202211846FDF758FD002341A210
:103DE00002211E20FDF752FD002340A203211846A8
:103DF000FDF74CFD002343A204211846FDF746FDC4
:103E0000002346A205211846FDF740FD002349A2E4
:103E100006211846FDF73AFD02F000FF4B4803214A
:103E200000234FF48072CDE9001049A14B4803F004
:103E300055FF4B48042100238022CDE9001049A101
:103E40004B4803F04BFF4B48062100238022CDE96D
:103E5000001049A14B4803F041FF4B480A210023C1
:103E60008022CDE9001049A14B4803F037FF4B48B1
:103E70000B2100238022CDE9001049A14B4803F01B
:103E80002DFF4B480C2100238022CDE9001049A1D1
:103E90004B4803F023FF4B48006803F0D7F802F0CB
:103EA000FFFEBDE8FF810000000801404400002043
:103EB000001001402020202A205441524B424F54F0
:103EC00020414B4D202A2020200000002056657202
:103ED0003A56302E3030204D6F643A524F532020E6
:103EE0002000000056312E303000000020566F6C4C
:103EF0003A31322E32562047797A3A3030303030EB
:103F0000200000002D2D2D2D2D2D2D2D2D2D2D2D75
:103F10002D2D2D2D2D2D2D2D2D00000020416E67D6
:103F20003A3030302E30302056656C3A302E3030FA
:103F300030200000204D54413A30302E3030204D9A
:103F400054423A2D302E3030200000000400002072
:103F5000526F626F745F5461736B0000D139000857
:103F6000080000204B65795F5461736B000000000E
:103F7000E52D00080C000020446973705F546173E4
:103F80006B0000005D260008100000205472697666
:103F900069615F5461736B00B5490008140000202B
:103FA0005073325F5461736B0000000021330008CE
:103FB000180000204E72665F5461736B00000000B1
:103FC0001132000800000020042808D14FF0E02141
:103FD000096941F004014FF0E022116107E04FF060
:103FE000E021096921F004014FF0E02211617047DE
:103FF00010B503F0A3FE012801D003F019FB10BD9A
:1040000010B51348006840F00100114908600846E7
:104010004068104908400E494860084600680E494B
:1040200008400B4908600846006820F480200860BA
:104030000846406820F4FE0048604FF41F00886086
:10404000FFF7B6FD4FF000600449086010BD0000A6
:10405000001002400000FFF8FFFFF6FE08ED00E050
:10406000F0B50C46154600220021068C4FF6FE776F
:104070003E400684028B018C4FF60C7632407E1C4B
:1040800006EA03162E433243104EB0420ED0104EB5
:10409000B0420BD0B0F1804F08D00E4EB04205D0E8
:1040A0000D4EB04202D00D4EB04206D14FF6FD7615
:1040B000314044F00106314305E04FF6F5763140DA
:1040C00044F00106314302830184F0BD002C01401D
:1040D000003401400004004000080040000C004093
:1040E000F0B50C461546002200210026078C4FF63D
:1040F000EF7C07EA0C070784028B018C4FF6FF77F1
:1041000007EA041640F6FF473A404FF6FF7707EA02
:1041100003373A434FF6FF7707EA05273A43114F33
:10412000B8420ED0104FB8420BD0B0F1804F08D03B
:104130000E4FB84205D00E4FB84202D00D4FB842D4
:1041400006D14FF6DF77394046F01007394305E0D6
:104150004FF65F77394044F01007394302830184FA
:10416000F0BD0000002C014000340140000400407C
:1041700000080040000C0040F0B50C461546002237
:1041800000210026078C4FF6FF6C07EA0C07078416
:10419000828B018C4FF6FF7707EA04264FF60C77E7
:1041A0003A404FF6FF7707EA03172F433A43114F80
:1041B000B8420ED0104FB8420BD0B0F1804F08D0AB
:1041C0000E4FB84205D00E4FB84202D00D4FB84244
:1041D00006D14FF6FF57394046F48077394305E062
:1041E0004FF2FF57394044F480773943828301848A
:1041F000F0BD0000002C01400034014000040040EC
:1042000000080040000C0040F0B50C4615460022A6
:1042100000210026078C4EF6FF7C07EA0C07078476
:10422000828B018C4FF6FF7707EA043640F6FF4792
:104230003A404FF6FF7707EA05273A434FF6FF77F4
:1042400007EA03373A43114FB8420ED0104FB84235
:104250000BD0B0F1804F08D00E4FB84205D00E4FB2
:10426000B84202D00D4FB84206D14DF6FF77394023
:1042700046F48057394305E047F6FF57394044F488
:104280008057394382830184F0BD0000002C014037
:10429000003401400004004000080040000C0040D1
:1042A00021B1028842F08002028004E002884FF6C9
:1042B0007F731A400280704721B1028842F00102E8
:1042C000028004E002884FF6FE731A4002807047B5
:1042D00031B1B0F8442042F40042A0F8442005E097
:1042E000B0F84420C2F30E02A0F84420704700004A
:1042F00010B504466848844208D10121C014FFF774
:1043000071F80021E014FFF76DF8C4E0B4F1804FBC
:1043100008D101210846FFF745F800210120FFF7E9
:1043200041F8B8E05D48844208D101210220FFF73E
:1043300039F800210220FFF735F8ACE058488442F4
:1043400008D101210420FFF72DF800210420FFF7F8
:1043500029F8A0E05348844208D101210820FFF742
:1043600021F800210820FFF71DF894E04E48844210
:1043700008D101211020FFF715F800211020FFF7C8
:1043800011F888E04948844208D101212020FFF734
:1043900009F800212020FFF705F87CE0444884421A
:1043A00008D101214014FFF71DF800216014FFF728
:1043B00019F870E03F48844209D10121C804FFF791
:1043C00011F800214FF40020FFF70CF863E03A48A1
:1043D000844209D101210805FFF704F800214FF4B8
:1043E0008010FEF7FFFF56E03448844209D10121D6
:1043F0004805FEF7F7FF00214FF40010FEF7F2FF2B
:1044000049E02F48844208D101214020FEF7CAFF2D
:1044100000214020FEF7C6FF3DE02A48844208D133
:1044200001218020FEF7BEFF00218020FEF7BAFFA9
:1044300031E02548844208D101218015FEF7B2FF02
:104440000021A015FEF7AEFF25E02048844209D1E7
:1044500001210804FEF7C6FF00214FF48030FEF76B
:10446000C1FF18E01A48844209D101214804FEF72F
:10447000B9FF00214FF40030FEF7B4FF0BE0154800
:10448000844208D101218804FEF7ACFF00214FF4DB
:104490008020FEF7A7FF10BD002C01400004004063
:1044A00000080040000C00400010004000140040D4
:1044B00000340140004C01400050014000540140D4
:1044C00000180040001C0040002000400040014057
:1044D0000044014000480140F0B50C4615461E4618
:1044E0000021002200230189028B038C4FF6F8770C
:1044F000394021434FF6FC473A4040F201173A4316
:104500004FF6DD773B404FF6FF7707EA06172F435C
:104510003B43018102830384F0BD000070B5054672
:104520000C46244885420ED0234885420BD0B5F175
:10453000804F08D02148854205D02148854202D0CD
:104540002048854200D100E000BF208850B923896F
:10455000A28861882846FFF783FDE188284600F09D
:10456000A1F925E0208804280AD12389A28861883E
:104570002846FFF7B5FDE188284600F09CF917E0D2
:10458000208808280AD12389A28861882846FFF755
:10459000F3FDE188284600F09BF909E02389A28811
:1045A00061882846FFF730FEE188284600F099F937
:1045B00070BD0000002C01400034014000040040A8
:1045C00000080040000C00400021018041800121D2
:1045D00081800021C18001817047000070B50024F6
:1045E00000220023058C4FF6FE7635400584028CB0
:1045F0008388048B4FF68F752C40B51E2C400D8898
:104600002C43751E2A400D892A434D882A43144D98
:10461000A8420BD0134DA84208D0134DA84205D094
:10462000124DA84202D0124DA84213D14FF6F77591
:104630002A404D892A434FF6FB752A408D882A432C
:104640004FF6FF652B404FF6FF552B408D892B43CE
:10465000CD892B4383800483CD888586028470BDF9
:10466000002C014000340140004001400044014062
:10467000004801400A460021018B4FF6F7731940AC
:10468000114301837047000070B50024002200230D
:10469000058C4FF6EF7635400584028C8388048BB9
:1046A00048F6FF752C404FF6FF452C400D884FF61D
:1046B000FF7606EA05252C434FF6DF752A400D8963
:1046C00006EA05152A434D8806EA05152A43154DC5
:1046D000A84202D0144DA8421DD14FF67F752A4042
:1046E0004D894FF6FF7606EA05152A434FF6BF754A
:1046F0002A408D8806EA05152A434FF6FF352B40E0
:104700004FF2FF752B408D8906EA85052B43CD8935
:1047100006EA85052B4383800483CD8805870284C0
:1047200070BD0000002C0140003401400A46002109
:10473000018B4FF2FF7319404FF6FF7303EA022318
:10474000194301837047000070B500240022002344
:10475000058C4FF6FF6635400584028C8388848B78
:104760004FF68F752C404FF6FC752C400D882C436E
:104770004FF6FF552A400D894FF6FF7606EA0525CC
:104780002A434D8806EA05252A43154DA84202D042
:10479000144DA8421DD14FF2FF752A404D894FF6A6
:1047A000FF7606EA05252A434FF6FF352A408D8815
:1047B00006EA05252A434EF6FF752B404DF6FF7598
:1047C0002B408D8906EA05152B43CD8906EA051590
:1047D0002B4383808483CD888587028470BD00004D
:1047E000002C0140003401400A460021818B4FF625
:1047F000F7731940114381837047000070B50022A0
:1048000000230024058C4EF6FF7635400584038C8A
:104810008488828B48F6FF752A404FF6FF452A4070
:104820000D884FF6FF7606EA05252A434DF6FF75FB
:104830002B400D8906EA05352B434D8806EA0535E0
:104840002B430B4DA84202D00A4DA84208D14BF68B
:10485000FF752C408D894FF6FF7606EA85152C43AF
:1048600084808283CD88A0F84050038470BD00000E
:10487000002C0140003401400A460021818B4FF298
:10488000FF7319404FF6FF7303EA02231943818334
:104890007047818670470187704781877047A0F80D
:1048A00040107047028B4FF6F3731A400283028B5D
:1048B0000A4302837047028B4FF2FF331A40028390
:1048C000028B4FF6FF7303EA01231A4302837047FA
:1048D000828B4FF6F3731A408283828B0A43828362
:1048E0007047828B4FF2FF331A408283828B4FF6E0
:1048F000FF7303EA01231A43828370470022028870
:104900001D4B98420ED01D4B98420BD0B0F1804FFA
:1049100008D01B4B984205D01A4B984202D01A4B34
:10492000984204D14FF68F731A404B881A43174BA5
:10493000984207D0164B984204D04FF6FF431A40D6
:10494000CB881A4302808B8883850B8803850A4BAA
:1049500098420BD0094B984208D00E4B984205D094
:104960000D4B984202D00D4B984201D10B7A038631
:104970000123838270470000002C01400034014075
:104980000004004000080040000C004000100040FF
:104990000014004000400140004401400048014034
:1049A0004FF6FF71818000210180C180418001723A
:1049B00070470000ABE0FDF7D3FD5549088008467D
:1049C0000088B0F5856F64DC10215248FEF77CF852
:1049D000C0F10100C4B2224610214E48FEF781F812
:1049E0004B480088B0F57D7F57DA10214948FEF723
:1049F00074F847480088B0F5767F46DA4648008864
:104A0000401C45490880084600880A2845DD4FF4C7
:104A100080714248FEF763F810213E48FEF75DF8CA
:104A20003F48006802F0D4FC3E48006802F0D0FC29
:104A30000020FCF709FD0020FCF730FDFCF76EFEBE
:104A400022E0002338A203211846FCF71FFF0023B1
:104A50003BA205211846FCF719FF4FF400512D48E1
:104A6000FEF73DF81E2002F045FA4FF400512948A8
:104A7000FEF733F84FF47A7002F03CFAFCF74EFE82
:104A80004FF47A7002F036FADBE700202249088002
:104A900003E010211F48FEF722F82F48007820B3CA
:104AA0002D48007801280FD141031A48FEF717F866
:104AB000C82002F01FFA4FF400511648FEF70DF817
:104AC00000202549087010E04FF400511148FEF70E
:104AD00006F84FF47A7002F00DFA4FF400510D48C9
:104AE000FDF7FBFF00201C4908704FF480710B4854
:104AF000FDF7EAFFC0F10100C4B222464FF4807115
:104B00000648FDF7EEFF4FF4FA7002F0F3F952E7B2
:104B1000360000200010014068000020000801401D
:104B2000040000200C00002020202020204C6F7763
:104B300020706F7765722020202020200000000068
:104B40002020526F626F74206861732073746F70DD
:104B500070656420000000005000002010B540F295
:104B600025514C4800F0BBFA002874D0494800F0A9
:104B700071FBC4B248480078032823DA464800781D
:104B800038B9AA2C7ED145480470012042490870EA
:104B900078E04148007801280BD1552C05D13F48D9
:104BA000447002203C4908706CE000203A490870CB
:104BB00068E03A488470032037490870601E38491D
:104BC00008705FE035488078401E33490978884294
:104BD0000EDD32483049097844542F480078401C93
:104BE0002D4908702E48007820442D49087049E06E
:104BF0000020294908702A480078844242D10020C8
:104C0000284908702548C078502825D12348407984
:104C10002249097940EA012000B22349C8801F488F
:104C2000C0791E49897940EA012000B21E490881F5
:104C30001A48407A1949097A40EA012000B21A4913
:104C400048810A46B2F90A10B2F90600FBF7F2FFF2
:104C50001649088016E01BE01048C078602811D182
:104C60000E4840790D49097940EA012000B2104907
:104C700008800A48C0790949897940EA012000B2D0
:104C80000B494880012240F22551024800F051FAB8
:104C900010BD0000004C0040A5000020680200206C
:104CA000A60000205D000020400100205E000020E2
:104CB0006000002010B540F225512C4800F00FFA9A
:104CC000002851D0294800F0C5FAC4B2284800781D
:104CD000032823DA2648007838B9AA2C3ED1254883
:104CE000047001202249087038E02148007801282A
:104CF0000BD1552C05D11F48447002201C49087067
:104D00002CE000201A49087028E01A48847003201B
:104D100017490870601E184908701FE01548807810
:104D2000401E1349097888420EDD1248104909785F
:104D300044540F480078401C0D4908700E48007814
:104D400020440D49087009E00B480078844205D1E1
:104D500001200A490870002005490870012240F22C
:104D60002551024800F0E5F910BD00000050004058
:104D7000A8000020B8020020A9000020A700002001
:104D800010B540F225514C4800F0A9F9002874D024
:104D9000494800F05FFAC4B248480078032823DA93
:104DA0004648007838B9AA2C7ED1454804700120C5
:104DB0004249087078E04148007801280BD1552C11
:104DC00005D13F48447002203C4908706CE0002047
:104DD0003A49087068E03A488470032037490870FF
:104DE000601E384908705FE035488078401E3349BE
:104DF000097888420EDD32483049097844542F48FA
:104E00000078401C2D4908702E48007820442D4918
:104E1000087049E00020294908702A480078844237
:104E200042D10020284908702548C078502825D153
:104E3000234840792249097940EA012000B22349F8
:104E4000C8801F48C0791E49897940EA012000B214
:104E50001E4908811A48407A1949097A40EA012016
:104E600000B21A4948810A46B2F90A10B2F906009E
:104E7000FBF7E0FE1649088016E01BE01048C078FA
:104E8000602811D10E4840790D49097940EA012086
:104E900000B2104908800A48C0790949897940EA76
:104EA000012000B20B494880012240F225510248FE
:104EB00000F03FF910BD0000003801409F000020C5
:104EC000C8010020A00000205D000020400100205B
:104ED0005E0000206000002010B540F225513348EC
:104EE00000F0FDF800285FD0304800F0B3F9C4B2FC
:104EF0002F480078032823DA2D48007838B9AA2CE7
:104F00004CD12C48047001202949087046E02848FB
:104F1000007801280BD1552C05D126484470022079
:104F2000234908703AE000202149087036E0214802
:104F3000847003201E490870601E1F4908702DE010
:104F40001C488078401E1A49097888420EDD1948AD
:104F500017490978445416480078401C14490870D1
:104F60001548007820441449087017E000201049C3
:104F7000087011480078844210D101200F49087050
:104F80000C48C078302809D10A480079552805D145
:104F900002200B49087001200A490870012240F2E2
:104FA0002551024800F0C5F810BD00000044004043
:104FB000A200002018020020A3000020A100002071
:104FC0005D0000205000002010B540F2255130480F
:104FD00000F085F800285AD02D4800F03BF9C4B203
:104FE0002C48007858B90F2C4BD12B482949097807
:104FF000445428480078401C2649087041E0254860
:105000000078182834DB94BB012024490870244818
:105010000078032827D02048C07880111E490979DC
:1050200040EA81001C49497940EA8120C0F30A0026
:105030001C4908801848807A40111749C97A40EA0B
:10504000C100184948800846008840F2DC51884277
:1050500009DD14484088884205DD032010490870A6
:1050600001201149087000200A49087009E0FFE793
:10507000094808490978445406480078401C054905
:105080000870012240F22551014800F052F810BD8D
:1050900000480040AB00002008030020AA000020C8
:1050A0005D000020AC0000205000002021B182896A
:1050B00042F40052828104E082894DF6FF731A4067
:1050C0008281704702460020B1F5007F00D100BF09
:1050D00013880B400BB1012000E00020704770B531
:1050E0000246002400230025002040F66A16B14243
:1050F00000D100BFC1F3421501F01F03012606FADB
:1051000003F3012D02D19689334006E0022D02D12E
:10511000168A334001E0968A33400C12012606FAC3
:1051200004F41688344013B10CB1012000E00020D3
:1051300070BDF0B50346002400260025002040F68F
:105140006A17B94200D100BF1846C1F3421401F0FA
:105150001F06012707FA06F5012C01D10C3004E0E7
:10516000022C01D1103000E014301AB107682F432F
:10517000076002E00768AF430760F0BD2DE9F04724
:1051800086B005460E460024A24600BFA146002771
:10519000B08900B100BF2F462C8A4CF6FF70044046
:1051A000F08804432C82AC894EF6F3100440B0889A
:1051B00031890843718908430443AC81AC8A4FF6B6
:1051C000FF400440B0890443AC8201A8FEF71AF9FD
:1051D0001F48874202D1DDF810A001E0DDF80CA0E5
:1051E000A88900F4004040B10AEBCA0000EB0A10A5
:1051F00031684900B0FBF1F807E00AEBCA0000EBA8
:105200000A1031688900B0FBF1F86420B8FBF0F0B7
:1052100004012009642101FB1089A88900F40040E1
:1052200040B1322000EBC900B0FBF1F000F0070004
:10523000044308E0322000EB09106421B0FBF1F0D8
:1052400000F00F0004432C8106B0BDE8F087000099
:105250000038014001468888C0F308007047C1F358
:1052600008028280704700BFFEE700000FB4054BC4
:1052700010B503A9044A029800F09CFB10BC5DF82D
:1052800014FB00008D5D000838010020490050EA41
:10529000C12018BF04204A0D18BF40F0010040F2A1
:1052A000FF72B2EB515F08BF40F00200012808BF57
:1052B000052070472DE9F74F144694B00021C4E94A
:1052C00002111599079121F00045C9498D4206DC6C
:1052D0001599C4E9000117B00020BDE8F08FC54959
:1052E000DFF814A3A9423CDD0799C44E0029C44F3E
:1052F000C44A1599534619DDFBF7FDF8554506D00C
:10530000C14AC24BFBF7F7F8C4E900010AE04FF0CD
:10531000D352BE4BFBF7EFF832463B46FBF7EBF8B8
:10532000C4E9000117B00120BDE8F08FFBF742F897
:10533000554506D0B44AB54BFBF73CF8C4E900012B
:105340000AE04FF0D352B14BFBF734F832463B46FC
:10535000FBF730F8C4E9000117B04FF0FF30BDE8AB
:10536000F08FAB49A942159978DB21F000418346C3
:105370008846A84AA84BFBF7C4F80022A74BFBF7C6
:1053800019F8FBF7F3F90990FBF7A5F906460F4664
:105390009C4A5346FBF7B5F843465A46FBF7AEF82E
:1053A00080468A46984A994B30463946FBF7A9F819
:1053B0002A0D01250B9242465346FBF79FF8032D19
:1053C000C4E9000139D00B98C1F30A51401A05EB2A
:1053D00045111139814230DA9148C346784400EBD7
:1053E0000510CDF80CA00C90D0E9002330463946CA
:1053F000FBF787F802460B4604910690584603993E
:10540000FBF779F880468A4602460B4658460399D0
:10541000FBF771F8049B069AFBF76DF883460C982E
:1054200003913946D0E902233046FBF76AF85A4621
:10543000039BFBF760F86D1CBDE707980028A2BF2F
:10544000099817B0BDE8F08F616881F00041616094
:10545000099817B04042BDE8F08FFFE784461598E1
:10546000C1F31301C0F30A50A0F2F5304FEA6018FF
:1054700000F01F06C6F12000139000200690079050
:1054800041F4801E05206D4676B1664A08EB0001A6
:105490007A4452F8213002EB8101B3404A681399F3
:1054A00022FA01F1194305E05F4908EB0002794453
:1054B00051F82210A1FB0E27A1FB0C131A449A42AB
:1054C00034BF0123002303EB070A05EB8003D3E974
:1054D00001B70F448F4234BF0121002193448B4414
:1054E00011B1934502D903E0934501D2012100E0B7
:1054F0000021C3E901B7514445F82010011EA0F175
:105500000100C1DC0298059F00F10050800F12904D
:105510000298DDE903568000FBF7DDF88346284654
:105520000D91FBF7E9F86FF01D02FBF776FACDE974
:105530000E013046FBF7E0F86FF03D02FBF76DFA25
:1055400080468A463846FBF7D7F86FF05D02FBF7D6
:1055500064FA0746424653461191FAF72BFFDDE9FC
:105560000E23FAF727FF5A460D9BFAF723FF002573
:105570000E465A4628460D9BFAF7BDFFDDE90E237D
:10558000FAF7B9FF42465346FAF7B5FF3A46119B80
:10559000FAF7B4FFDFF898A0244A5346FAF7B1FFB0
:1055A00007468846234A244B31462846FAF7A9FF86
:1055B0003A464346FAF7FEFE074688464FF0A842B1
:1055C000534631462846FAF79CFF3A464346FAF7D7
:1055D000F1FE159A12F0004F04D0129A81F00041AA
:1055E00052421292C4E90001129817B0BDE8F08F40
:1055F000FB21E93F7CD90240FB21F93F7370032E68
:105600008A19A33B000040543163621A61B4D03D53
:10561000FB21394183C8C96D305FE43F0000E03FA2
:10562000883B0000043B0000E63A0000182D44547B
:10563000FB21F93D3326A611460B113C2DE9F04123
:105640004F1E00EBC7010446D1E9000115461E4676
:1056500037F006020DD02A463346FAF752FF7F1E76
:1056600004EBC703D3E90023FAF7A4FE37F00602E0
:10567000F1D1022F25D0042F13D0062F18BFBDE87B
:10568000F0812A463346FAF73CFFD4E90A23FAF7B9
:1056900091FE2A463346FAF734FFD4E90823FAF795
:1056A00089FE2A463346FAF72CFFD4E90623FAF797
:1056B00081FE2A463346FAF724FFD4E90423FAF799
:1056C00079FE2A463346FAF71CFFD4E90223FAF79B
:1056D00071FE2A463346FAF714FFD4E90023BDE8E9
:1056E000F041FAF767BE00002DE9F04D04468CB09A
:1056F000904821F00047164698460D46099187428A
:1057000006DA20462946FBF731F8002800F0AE8083
:105710008948B8421CDC09980028BCBF85F00045C8
:1057200088F00048854A864B20462946FAF7E6FE6F
:1057300004460D463246434682488349FAF7DBFE6B
:1057400022462B46FAF736FE002604460D46B046A2
:1057500022462B4610461946FAF7D3FE8B46824660
:1057600002460B46FAF7CDFE0246089077480B46F4
:10577000009106217844FFF761FFCDE903107448DA
:1057800006217844009B089AFFF758FF52465B4673
:10579000FAF7B7FECDE9051052465B46204629468A
:1057A000FAF7AFFE07910090DDE90310DDE905325D
:1057B000FAF700FE079B009AFAF7A3FE324643462B
:1057C000FAF7F8FD52465B46FAF79BFE324643462F
:1057D000FAF7F0FD80460E465E4A5F4B0799009847
:1057E000FAF78FFE42463346FAF7E4FD82468B46CF
:1057F00022462B46FAF7DEFD80464F480E46B84259
:1058000014985BDCFAF767FF07464246334605917A
:10581000FAF7D0FDCDE9011042463346104619464D
:10582000FAF76FFEDDE90132FAF7DDFE52465B461C
:10583000FAF761FE22462B46FAF760FE0122FBF7DB
:10584000ECF83A46059BFAF759FE04460D460998CE
:10585000022101EAA070C0F10100FAF73CFF0CB090
:1058600022462B46BDE8F04DFAF74BBE1498401C7B
:10587000384320430BD01498012812D00CB0224694
:105880002B46BDE8F04D00203449FAF7ACBE0CB011
:1058900025F000432246BDE8F04D00203049FAF7DC
:1058A000A2BE20462946FFF7F1FC042808BF00F0FD
:1058B00063F820460CB02946BDE8F08D012802BFF0
:1058C00040460CB0BDE8F08D00270B463A46204616
:1058D0002946FAF713FE52465B46FAF70FFE0446D6
:1058E0000D464246334600201C49FAF77CFE8346AB
:1058F0003A46884633461046FAF703FE0022184B14
:10590000FAF758FD06468A4622462B463846414657
:10591000FAF7F7FD32465346FAF74CFD5A4643462E
:10592000FAF7EFFD0CB03A464346BDE8F04DFAF702
:1059300041BD00000000303E2894E53F182D44543E
:10594000FB21E93F075C143326A6813CB8380000F0
:10595000DA380000635555555555D53F0000F0BF66
:105960000000F03F0122FBF758B800221346104612
:105970001146FAF738BE0000024A00201107FBF773
:105980004CB8000001FDFFFF02E008C8121F08C16B
:10599000002AFAD170477047002001E001C1121FB0
:1059A000002AFBD1704700000149086070470000E1
:1059B0003C0100202DE9FF4F8BB09A460F4605466B
:1059C000002606E025280BD052460D9990476D1C05
:1059D000761C28780028F5D10FB03046BDE8F08F4E
:1059E0000024A0460122604900E0044315F8013F6D
:1059F000203B02FA03F00842F7D128782E2817D16D
:105A000015F8010F44F004042A280ED06FF02F027D
:105A10002878A0F1300109290AD808EB880102EBA7
:105A2000410100EB01086D1CF2E757F8048B6D1C77
:105A3000287869283ED006DC0028CDD063280BD01A
:105A4000642804D136E0732810D075284BD0524614
:105A50000D999047761C85E017F8040B8DF800002F
:105A600000208DF80100E946012003E057F8049B6F
:105A70004FF0FF3061074FF0000401D40AE0641CCE
:105A800044450DDA8442FADB19F804100029F6D1F6
:105A900006E0641C8442FCDB19F804100029F8D1EC
:105AA000264404E019F8010B52460D999047641EF4
:105AB000F8D257E001CF4FF00A0B002802DA40423B
:105AC0002D2102E0210504D52B218DF82410012180
:105AD00003E0E10705D02021F7E70DF12009089147
:105AE0000CE00021F9E701CF4FF00A0BF9E7594626
:105AF000FAF7B8FE01F1300209F8012D0028F6D1BD
:105B0000ADEB090000F1200B600701D44FF0010854
:105B1000D84502DDA8EB0B0000E000208046002401
:105B200006E009A85246005D0D999047641C761C5A
:105B300008988442F5DB04E0302052460D999047E6
:105B4000761CB8F10001A8F10108F5DC05E019F8B0
:105B5000010B52460D999047761CBBF10001ABF149
:105B6000010BF4DC6D1C34E7092801002DE9F84F26
:105B700004460D4621F0004000917349814211DC3A
:105B80007249884201DC06D12CB120462946BDE885
:105B9000F84FFFF7E7BE6E48002DCCBF6D496E4948
:105BA000BDE8F88F6D49814211DD6D498142D8BF52
:105BB0004FF0FF366DDD20462946FFF767FB0428CE
:105BC00008BFFFF7D9FE20462946BDE8F88F654992
:105BD000654F25F00045814233DD6449814219DD7E
:105BE000002632464FF0804320462946FAF7E2FB72
:105BF00080468A46012220462946FAF70EFF0022F7
:105C00003B46FAF778FC42465346FAF7ECFC04466A
:105C10000D463EE001260022BA463B462046294674
:105C2000FAF7C8FB80460F46002253462046294615
:105C3000FAF761FC42463B46FAF7D5FC04460D46AE
:105C400027E04B4981421BDDDFF828A10226002214
:105C5000534620462946FAF754FC00223B46FAF701
:105C6000A9FB80460F460022534620462946FAF7F4
:105C700042FC42463B46FAF7B6FC04460D4608E0B5
:105C8000032622462B4600203B49FAF7ACFC04468B
:105C90000D4622462B4610461946FAF732FC8B4633
:105CA000824602460B46FAF72CFC0746024633486A
:105CB00088460B4606217844FFF7C0FC52465B46F7
:105CC000FAF71FFC82462E488B463A46434605218A
:105CD0007844FFF7B3FC3A464346FAF712FC024613
:105CE0000B46002E504659460CDAFAF763FB224663
:105CF0002B46FAF706FC01B022462B46BDE8F04FD2
:105D0000FAF7FCBBFAF756FB22462B46FAF7F9FBEB
:105D10001C4A7A4402EBC603D3E90023FAF7EBFBF3
:105D200022462B46FAF7E7FB174A7A4402EBC603F2
:105D3000D3E90023FAF7E2FB009A002AB8BF81F00A
:105D40000041BDE8F88F0000000010440000F07F23
:105D5000182D4454FB21F93FFB21F9BF0000DC3F23
:105D60000000203E0000F33F0000F03F0000E63F4F
:105D7000008003400000F83F0000F0BF7E320000CA
:105D80003C320000DA310000A231000070B5044658
:105D90000D46E1B20548FFF762FA00BF4021034813
:105DA000FFF790F90028F9D0204670BD0038014077
:105DB0001CB54FF4A060FDF721FAFCF77BF8FBF768
:105DC00097FBFBF7CBF90220FBF7E2FA0120FBF788
:105DD000DFFAFBF711FBFBF7F3FAFCF7EFFBFAF73F
:105DE00079FF4FF4E130FCF713FA4FF46130FCF720
:105DF0001BFB4FF4E130FCF7C5FAFCF70BF8FBF79F
:105E00001FFFFBF705FAFBF76BFAFBF75BFE0020C1
:105E10001C4908238022CDE900100146FBF7ECFC69
:105E2000FDF7A2F840F6B830FBF7C0F9FBF704FC29
:105E30000020FBF747FC0120FBF753FCC820FBF7D1
:105E400058FC0220FBF746FC4FF400510E48FCF7CB
:105E500046FE6420FBF7AAF94FF400510A48FCF70C
:105E60003CFE6420FBF7A2F90848012100238022B0
:105E7000CDE9001006A1094801F030FF01F050FA09
:105E800000BFFEE7A48200080010014000000020CF
:105E900053746172745F5461736B0000993C000825
:105EA0002DE9F04105460E461C4807681C4800686D
:105EB000001D00F069FE50B91948006890F82C10D8
:105EC0000120884017490968814316480160681C11
:105ED00038B936B112480168091D134800F092FE26
:105EE0001AE07C190E4800684460BC4207D20C4896
:105EF0000168091D0D48006800F06AFE0CE00848C2
:105F00000168091D0A48006800F062FE094800683F
:105F1000844201D207480460BDE8F081C40000203B
:105F2000B0000020C80000204C060020B80000206F
:105F3000B4000020E000002010B5044600F06EFE22
:105F400023480068401C224908602248006840B984
:105F5000204804600846006801280DD100F0E6F9E9
:105F60000AE01D48006838B91A480068C06AE16A4A
:105F7000884201D81748046018480068401C174937
:105F8000086094F82C1001208840154909680843DE
:105F900013490860E16A01EB8101124A02EB8100BA
:105FA000211D00F02FFE00F07BFE0B48006868B159
:105FB00008480068C06AE16A884207D24FF0805002
:105FC00009490860BFF34F8FBFF36F8F10BD00000A
:105FD000C0000020B0000020CC000020DC00002029
:105FE000C80000207C03002004ED00E010B500F0A4
:105FF00015FE10480068D0B90F4800F0D9FD0F48D1
:1060000000F0D6FD0C480E4908600C480D490860A8
:1060100000221021052001F025FB064908600846F2
:10602000006820B108A10348006800F027FF00F0D5
:1060300037FE10BDF400002060060020740600202A
:10604000EC000020F0000020546D725100000000B0
:1060500070B523E001F03EFA1348006808B901204A
:1060600000E00020054601F0FBFFBDB900F0D6FDC1
:106070000D48C068C468201D00F086FD0B4800680C
:10608000401E0A4908600A480068401E0849086026
:1060900000F006FE204600F060F800BF04480068EB
:1060A0000028D7D170BD000038060020C0000020B5
:1060B000BC00002070B504460D46206C70B1216C08
:1060C000E0680844E0606168E068884201D32068C5
:1060D000E0602846226CE168FAF792F870BD2DE97D
:1060E000F04104460F4615464FF00008A66B206CA1
:1060F00040B9206860BB606801F0E8FE804600207F
:10610000606025E07DB93946226CA068FAF778F81E
:10611000216CA0680844A060D4E90110884217D31C
:106120002068A06014E03946226CE068FAF768F84D
:10613000216CE068401AE0602168E068884203D280
:10614000216C6068401AE060022D01D106B1761E14
:10615000701CA0634046BDE8F08110B50446206B7A
:1061600000F0D4FD204600F0D1FD10BD0146084AE4
:10617000126812680AB9012200E000220A600A6867
:1061800022B9034A1268D268106800E00020704704
:10619000EC00002030B54FF4A043174800F007048E
:1061A0002CB1C01D20F00700134C041B1B1B024622
:1061B000124C22600024114D6C60D018083820F079
:1061C00007000F4C206000240D4D2D686C600C4DB5
:1061D0002D682C601146441A4C60094C24680C60F0
:1061E000084D4C682C60084D4C682C604FF0004402
:1061F000064D2C6030BD0000880600200001002004
:1062000008010020100100200C01002014010020D2
:1062100000BFFFF71DFF064800680128F9D94FF0BD
:10622000805004490860BFF34F8FBFF36F8FF0E7D2
:106230007C03002004ED00E02DE9F04106460D4608
:1062400017469846069C0DB9246000E02760E66377
:1062500025640121204601F027FB0020A064BDE851
:10626000F08100002DE9FF5F81460F469246DDE98F
:106270000E6B109CAAF10100216B01EB800828F045
:10628000070808F0070008B9012000E0002028B93D
:1062900040F22B321BA121A0FEF7E8FF002507E00A
:1062A000795D04F134004155785D00B902E06D1C60
:1062B000102DF5D300BF002143200155202E00D31F
:1062C0001F26E66266640020A064201D00F07DFCAD
:1062D00004F1180000F079FC2461C6F12000A061EF
:1062E00064620020E06484F8500049464046039A06
:1062F00000F006FC2060BBF1000F01D0CBF800409D
:10630000BDE8FF9F2E2E5C4672656552544F535C6C
:106310007372635C7461736B732E63004572726F8A
:10632000723A25732C25640D0A00000010B5002474
:1063300007E004EB84010F4A02EB810000F038FC17
:10634000641C202CF5D30C4800F032FC0B4800F004
:106350002FFC0B4800F02CFC0A4800F029FC0A48EE
:1063600000F026FC04480949086004480849086010
:1063700010BD00007C030020FC050020100600205A
:1063800024060020380600204C060020B40000201F
:10639000B800002010B50146164800E00068036808
:1063A0008B42FBD30246436813448B4204D14368BB
:1063B0004C682344436001460A464B681344046812
:1063C000A34211D10C4C03682468A34208D04B6847
:1063D0000468646823444B6003681B680B6005E035
:1063E000054B1B680B6001E003680B60884200D01E
:1063F000016010BD00010020080100202DE9F041DE
:1064000004460D4616461F464FF00008656024619D
:10641000B5420CD8F01BA169884202D34FF00108A5
:1064200011E0211D0948006800F0D2FB0BE0BE42DC
:1064300004D2BD4202D34FF0010804E0211D0448FC
:10644000006800F0C5FB4046BDE8F081F000002088
:10645000EC00002070B5054600F0E0FBA86B08B921
:10646000012400E0002400F01BFC204670BD70B544
:10647000054600F0D3FBA86BE96B884201D10124EB
:1064800000E0002400F00CFC204670BD2DE9F34133
:106490000D460098846C00272CB940F6CE121AA144
:1064A0001FA0FEF7E3FEA06BE16B884201D2012042
:1064B00000E0002028B940F6CF1213A118A0FEF783
:1064C000D5FEA06BE16B88421BD294F945602A4649
:1064D00069462046FFF703FE0746701C60B9606AF4
:1064E00008B9012000E0002050B904F1240001F0B7
:1064F0005BFD28B1012703E0701C40B284F8450021
:1065000000BF3846BDE8FC812E2E5C4672656552A0
:10651000544F535C7372635C71756575652E6300CF
:106520004572726F723A25732C25640D0A000000C3
:10653000F8B505460F4613480068C068C468201DBA
:1065400000F022FBE069012818D1A06941192B460F
:106550003A462046FFF752FF80B1002003462A4604
:1065600001460090204601F049FE06462EB94FF440
:10657000027205A10BA0FEF779FE00BF2046616AFA
:106580008847F8BDEC0000202E2E5C4672656552EF
:10659000544F535C7372635C74696D6572732E63E0
:1065A000000000004572726F723A25732C25640D4D
:1065B0000A000000F0B587B070E0039800280CDAFC
:1065C00004AE2EB940F2E7223AA141A0FEF74EFEFA
:1065D000D6E90020B168904700BF039800285DDB32
:1065E000059C606908B9012000E0002010B9201D59
:1065F00000F0CAFA02A800F0C9F8054603980A2874
:106600004AD2DFE800F00905072C2E4506082D2F99
:1066100000BF00BF00BF00BF0498A26981180346F5
:106620002A462046FFF7EAFEC0B12046616A884745
:10663000E069012812D1002000900498A169421855
:1066400000231946204601F0D9FD07462FB940F234
:10665000213218A11EA0FEF709FE00BF1DE000BFF9
:106660001BE000BF0498A061A06908B1012000E010
:10667000002028B94FF44E720EA115A0FEF7F6FDCA
:10668000A06941192B462A462046FFF7B7FE04E0D1
:10669000204600F03BFB00E000BF00BF00231A468D
:1066A00003A90F48006801F019F8002885D107B048
:1066B000F0BD00002E2E5C4672656552544F535C4F
:1066C0007372635C74696D6572732E630000000001
:1066D0004572726F723A25732C25640D0A00000012
:1066E000F4000020F8B505460C4600F0F3FE6846BD
:1066F00000F04CF80646009820BB44B9B54206D8D5
:1067000001F0AEFC31462846FFF712FF1CE03CB119
:106710000E480068006808B9012000E00020044627
:10672000A91B22460A48006800F0BEFB01F098FC55
:1067300050B94FF0805007490860BFF34F8FBFF347
:106740006F8F01E001F08CFCF8BD0000F00000202C
:10675000F400002004ED00E00A490968096809B95D
:10676000012100E0002121B14FF0FF31064A116004
:1067700006E004490968C968C868034A41681160AD
:1067800070470000B4000020E000002070B504460F
:1067900001F0E4FA054607480068854204D200F09B
:1067A0000BF80120206001E0002020600148056016
:1067B000284670BDFC0000202DE9F8432DE021485B
:1067C0000068C06805681F480068C068C468201D6C
:1067D00000F0DAF92046616A8847E06901281CD197
:1067E000A0694619AE4207D966602461211D15488B
:1067F000006800F0EDF910E0002003462A4601464B
:106800000090204601F0FAFC07462FB940F2923280
:106810000DA114A0FEF72AFD00BF0A480068006819
:1068200008B9012000E000200028C8D00548D0F8B1
:10683000008010480068034908600E48C0F80080D6
:10684000BDE8F883EC0000202E2E5C467265655290
:10685000544F535C7372635C74696D6572732E631D
:10686000000000004572726F723A25732C25640D8A
:106870000A000000F00000200B480068401C08B926
:10688000012000E0002020B9F42208A111A0FEF7A9
:10689000EDFC00BF502080F31188BFF34F8FBFF392
:1068A0006F8F00BF00BFFEE7180100202E2E5C4650
:1068B00072656552544F535C706F72745C525644EB
:1068C000535C41524D5F434D335C706F72742E6365
:1068D000000000004572726F723A25732C25640D1A
:1068E0000A00000008B500BF6846FFF73FFC0446F9
:1068F00020460099FFF7F6FEFFF75CFEF4E770B55F
:10690000044600F08BF994F945501AE0A06C38B1B8
:1069100000212046FFF7BAFD88B100F01FFC0EE011
:10692000606A08B9012000E0002038B904F12400B1
:1069300001F03AFB18B100F011FC00E003E0681E22
:1069400045B2002DE2DC00BFFF2084F8450000F0D6
:10695000A7F900F063F994F9445010E0206908B9F0
:10696000012000E0002048B904F1100001F01CFBF8
:1069700008B100F0F3FB681E45B200E001E0002D15
:10698000ECDC00BFFF2084F8440000F089F970BD02
:106990002DE9F04104464FF0000800F09BFD3E4811
:1069A000006808B9FFF7F6FB3C4800682040002863
:1069B0005FD1A4B1083404F0070080B104F00700EF
:1069C000C0F10800044404F0070008B9012000E009
:1069D000002020B9BF2232A13AA0FEF747FC002CCC
:1069E00047D03C480068844243D83B4E3046056857
:1069F00001E02E462D686868A04202D2286800286F
:106A0000F7D125480068854233D0306800F1080886
:106A1000286830606868001B102813D92F1907F008
:106A2000070008B9012000E0002020B9EC221CA1D9
:106A300024A0FEF71BFC6868001B78606C60384679
:106A4000FFF7A8FC234968680968081A214908600B
:106A50000846006821490968884203D21D48006839
:106A60001E4908600D49686809680843686000208D
:106A7000286001F0F5FA08F0070008B9012000E0ED
:106A8000002028B94FF4967205A10EA0FEF7EEFB88
:106A90004046BDE8F08100000801002014010020FC
:106AA0002E2E5C4672656552544F535C706F727443
:106AB0005C4D656D4D616E675C686561705F342E1D
:106AC000630000004572726F723A25732C25640DC5
:106AD0000A0000000C01002000010020100100202D
:106AE0000648006830B10549096801F14800896C21
:106AF000491C01600148006870470000B000002098
:106B0000001F4FF080730360001F21F0010303603A
:106B1000001F034B036014380260203870470000E8
:106B20007968000810B5164B21F00042012486B0A8
:106B30009A4203DC0022134600941CE0114B9A4257
:106B400008D140B94FF00100FEF72EFFFEF70DFF10
:106B500006B010BD03DBFEF705FF06B010BD02AAAC
:106B6000FEF7A8FB00F00100A4EB40000DF1080CBB
:106B700000909CE80F00FEF7B7FD06B010BD0000C6
:106B8000FB21E93F0000F07F01460A69D1E90130AD
:106B90009860D1E9010358605068884201D1886843
:106BA0005060002008611068401E10601068704737
:106BB00000F1080141604FF0FF31816000F10801F0
:106BC000C1600161002101607047002101617047CF
:106BD00010B502460B685C1C0CB9106907E002F1A5
:106BE000080000E04068446824689C42FAD9446880
:106BF0004C604C68A160886041600A611468641C44
:106C0000146010BD42684A6093688B609368596055
:106C10009160086103685B1C0360704710B500BF9A
:106C2000502080F31188BFF34F8FBFF36F8F00BFE9
:106C30000B480068401C0A490860084600680128A3
:106C40000DD108480068C0B208B9012000E000205A
:106C500028B94FF4BD7204A10DA0FEF707FB10BDCB
:106C60001801002004ED00E02E2E5C46726565528E
:106C7000544F535C706F72745C525644535C415273
:106C80004D5F434D335C706F72742E6300000000E3
:106C90004572726F723A25732C25640D0A0000004C
:106CA00010B50B48006828B940F2811209A113A061
:106CB000FEF7DCFA06480068401E054908600846F1
:106CC000006820B9002080F3118800BF00BF10BD0C
:106CD000180100202E2E5C4672656552544F535C9D
:106CE000706F72745C525644535C41524D5F434D19
:106CF000335C706F72742E63000000004572726F17
:106D0000723A25732C25640D0A00000070B5064602
:106D10003546002E35D0083D2C461A496068096872
:106D2000084008B1012000E0002028B94FF4A0720B
:106D300015A11EA0FEF79AFA206808B9012000E00C
:106D4000002028B940F241120FA118A0FEF78EFAD8
:106D50000C4960680968084098B1206888B90949F9
:106D6000606809688843606000F0B4FB134960689C
:106D700009680844114908602046FFF70BFB01F041
:106D80006FF970BD140100202E2E5C4672656552AD
:106D9000544F535C706F72745C4D656D4D616E67DE
:106DA0005C686561705F342E630000004572726F2D
:106DB000723A25732C25640D0A0000000C01002096
:106DC000064800684FF47A71B0FBF1F0401E4FF0B6
:106DD000E021486107200861704700001C00002086
:106DE00070B5F9F7F7F90546102D11D305F1E0203C
:106DF00090F8F04310480078844201DB012000E065
:106E0000002028B94FF42A720CA116A0FEF72EFA22
:106E10001848006800F4E06017490968884201D802
:106E2000012000E0002028B94FF42E7203A10DA02C
:106E3000FEF71CFA70BD00001C0100202E2E5C46DF
:106E400072656552544F535C706F72745C52564455
:106E5000535C41524D5F434D335C706F72742E63CF
:106E6000000000004572726F723A25732C25640D84
:106E70000A0000000CED00E0200100200246002086
:106E80000BE0084B53F8303033B9064B43F8301061
:106E900003EBC0035A6002E0401C0828F1D300BF96
:106EA000704700003C0300202DE9F04105460E46E6
:106EB00017462C46FFF7B2FE94F94400401C10B967
:106EC000002084F8440094F94500401C10B90020CB
:106ED00084F84500FFF7E4FEA06B28B93A46314636
:106EE00004F1240000F06CF92046FFF708FDBDE82E
:106EF000F081000070B504460025ACB10F48006871
:106F000008B9012000E0002028B940F2CF420CA1CE
:106F100011A0FEF7ABF900F0DDFA00212046FEF7E4
:106F2000BFFF01F09DF805463DB94FF080500E4976
:106F30000860BFF34F8FBFF36F8F70BDE800002074
:106F40002E2E5C4672656552544F535C7372635CBF
:106F50007461736B732E63004572726F723A25739E
:106F60002C25640D0A00000004ED00E02DE9F04737
:106F700004460F464FF000092CB940F2794226A191
:106F80002BA0FEF773F90FB1012000E0002028B913
:106F900040F27A4220A126A0FEF768F9284800684E
:106FA00008B9012000E0002028B940F27B421AA174
:106FB0001FA0FEF75BF900F08DFA224806682068F2
:106FC000C5192068B04207D92068A8420BD9B5423C
:106FD00009D94FF0010906E02068A84201D8B5425E
:106FE00001D94FF001092560B9F1000F03D0A81BAA
:106FF0000021FEF755FF01F033F88046B8F1000F8D
:1070000007D14FF0805010490860BFF34F8FBFF396
:107010006F8FBDE8F08700002E2E5C4672656552CA
:10702000544F535C7372635C7461736B732E6300B3
:107030004572726F723A25732C25640D0A000000A8
:10704000E8000020C400002004ED00E070B5054613
:10705000FFF7E4FD15B92D48006800E02846044616
:10706000201DFFF791FD78B9E06A00EB8000284908
:1070700051F8200040B994F82C100120884025498F
:107080000968814323480160A06A18B104F118001F
:10709000FFF77AFD20480068401C1F4908601B4824
:1070A0000068844209D1211D1C48FFF7ABFD1C4834
:1070B0000068401C1A49086009E01A480068401E30
:1070C000184908602046FFF748F8FFF745FBFFF72F
:1070D000E7FD15480068C0B10C480068844214D12F
:1070E0001248006808B9012000E0002028B940F2E9
:1070F00065420FA114A0FEF7B9F84FF08050164971
:107100000860BFF34F8FBFF36F8F70BDB0000020DA
:107110007C030020C8000020DC000020380600208E
:10712000BC000020C0000020CC000020E8000020AF
:107130002E2E5C4672656552544F535C7372635CCD
:107140007461736B732E63004572726F723A2573AC
:107150002C25640D0A00000004ED00E00120014927
:1071600008607047D400002070B504460D462CB965
:1071700040F6063207A10DA0FEF778F80F48016827
:1071800018312046FFF724FD01212846FEF788FE2E
:1071900070BD00002E2E5C4672656552544F535CE4
:1071A0007372635C7461736B732E63004572726FEC
:1071B000723A25732C25640D0A000000B0000020EF
:1071C00070B505460E4614462DB940F6313209A178
:1071D0000EA0FEF74BF81148016818312846FFF75A
:1071E00011FD0CB14FF0FF3621463046FEF758FE38
:1071F00070BD00002E2E5C4672656552544F535C84
:107200007372635C7461736B732E63004572726F8B
:10721000723A25732C25640D0A000000B00000208E
:1072200070B505462C46002D4BD02649E06A09680A
:10723000C96A884245D2A06900F0004028B92148B7
:107240000068C06AC0F12000A061E16A01EB810121
:107250001D4A02EB81016069884201D1012000E0F2
:10726000002050B3201DFFF78FFC78B9E06A00EBD7
:107270008000154951F8200040B994F82C100120E5
:107280008840124909688143104801600D48006830
:10729000C06AE06294F82C10012088400B4909680C
:1072A00008430A490860E16A01EB8101064A02EBE2
:1072B0008100211DFFF7A6FC03E002480068C06AB8
:1072C000E06270BDB00000207C030020C8000020F8
:1072D00010B504462CB940F6C13205A10AA0FDF74D
:1072E000C5FF0D48006820600C480068606010BD54
:1072F0002E2E5C4672656552544F535C7372635C0C
:107300007461736B732E63004572726F723A2573EA
:107310002C25640D0A000000D8000020C4000020C5
:107320001CB51A4800210B468022CDE9001018A197
:10733000194800F0D3FC0446012C02D100F022FFD2
:107340000446012C15D100BF502080F31188BFF3F3
:107350004F8FBFF36F8F00BF4FF0FF300F490860B2
:1073600001200F49086000200E49086000F010F964
:107370000BE0601C08B1012000E0002028B940F2B9
:10738000847209A10EA0FDF771FF1CBDE40000206E
:1073900049444C450000000011620008E000002054
:1073A000CC000020C40000202E2E5C467265655281
:1073B000544F535C7372635C7461736B732E630020
:1073C0004572726F723A25732C25640D0A00000015
:1073D00070B50546FFF722FC15B92C48006800E09F
:1073E00028460446201DFFF7CFFB78B9E06A00EB82
:1073F0008000274951F8200040B994F82C10012052
:10740000884024490968814322480160A06A18B174
:1074100004F11800FFF7B8FB211D1F48FFF7F2FB2E
:10742000FFF73EFC1D48006828B1FFF7F7FBFFF7A8
:1074300093F9FFF735FC15480068844224D11748BA
:107440000068A8B11648006808B9012000E00020D3
:1074500028B940F2576213A118A0FDF707FF4FF0BB
:1074600080501A490860BFF34F8FBFF36F8F0BE056
:107470000948006816490968884203D10020034979
:10748000086001E000F02EF870BD0000B0000020A0
:107490007C030020C80000204C060020CC00002007
:1074A000E80000202E2E5C4672656552544F535CF6
:1074B0007372635C7461736B732E63004572726FD9
:1074C000723A25732C25640D0A00000004ED00E0DB
:1074D000C000002002480068401C01490860704755
:1074E000E800002010B51B48006818B101201A49B7
:1074F00008602DE000201849086018480068B0FABC
:1075000080F0C0F11F0404EB8400154951F82000FD
:1075100008B1012000E0002028B940F6F62211A1B0
:1075200016A0FDF7A3FE04EB84010D4A02EB8100D7
:1075300041684968416000F1080142688A4202D10D
:107540004168496841604168C968104A116000BFDC
:1075500010BD0000E8000020D4000020C80000207A
:107560007C0300202E2E5C4672656552544F535C9E
:107570007372635C7461736B732E63004572726F18
:10758000723A25732C25640D0A000000B00000201B
:107590001CB52248014609780191FF21024611706D
:1075A0000146097800919DF8001001F050011C4A35
:1075B000117007211B4A116009E01A490968491E28
:1075C000184A11609DF800104906090E00919DF8B7
:1075D000001001F080018029EFD0124909680902EA
:1075E000104A11601146098801F4E06111600B4AEC
:1075F000019911700C48006840F470000A49086055
:107600000846006840F070400860FFF7D9FB002092
:1076100006490860F8F7A8FD00201CBD00E400E062
:107620001C0100202001002020ED00E018010020B6
:1076300010B500BF502080F31188BFF34F8FBFF308
:107640006F8F00BF00F090FB18B14FF080500449DD
:10765000086000BF002080F3118800BF10BD00004B
:1076600004ED00E02DE9F84305460E4690460DB1C5
:10767000012000E0002028B94FF4C4720DA113A02E
:10768000FDF7F4FD0EB9002701E005FB06F707F151
:107690004C00FFF77DF9044644B104F14C09434620
:1076A0004A46314628460094FEF7C6FD2046BDE80E
:1076B000F88300002E2E5C4672656552544F535C71
:1076C0007372635C71756575652E63004572726FC8
:1076D000723A25732C25640D0A0000002DE9FF473E
:1076E00082B005460E461F464FF0000A2C462CB9C4
:1076F00040F2DC4261A167A0FDF7B8FD0EB9206C35
:1077000008B9012000E0002028B940F2DD425BA169
:1077100060A0FDF7ABFD00F011FB08B9049808B9B3
:10772000012000E0002028B94FF49C6253A159A029
:10773000FDF79CFD00BFFFF771FAD4F83890B9F15E
:10774000000F3DD0D4F80C8031462046FEF7B2FC45
:10775000DFB9A9F10100A063206810B9FFF7C0F9F3
:107760006060206908B9012000E0002010BB04F12E
:10777000100000F019FCE8B14FF080504949086052
:10778000BFF34F8FBFF36F8F14E0C4F80C80606AB3
:1077900008B9012000E0002060B904F1240000F0E5
:1077A00003FC38B14FF080503E490860BFF34F8F63
:1077B000BFF36F8FFFF774FA012006B0BDE8F087C2
:1077C000049818B9FFF76CFA0020F6E7BAF1000F39
:1077D00004D16846FFF77CFD4FF0010AFFF760FA1D
:1077E000FFF778FEFFF71AFA94F94400401C10B92D
:1077F000002084F8440094F94500401C10B9002092
:1078000084F84500FFF74CFA04A9684600F014FA22
:1078100040BB2046FEF71EFEF0B1206830B9FFF7EE
:10782000FDF96068FFF7FCFCFFF73AFA04F1240069
:107830000499FFF799FC2046FFF761F800F010FC6F
:1078400000287FF478AF4FF0805016490860BFF3EE
:107850004F8FBFF36F8F6EE72046FFF750F800F0B1
:10786000FFFB68E72046FFF74AF800F0F9FB2046E7
:10787000FEF7F0FD0028EED000209EE72E2E5C469D
:1078800072656552544F535C7372635C71756575B4
:10789000652E63004572726F723A25732C25640D54
:1078A0000A00000004ED00E070B505460E462C46C7
:1078B0002CB940F21B121EA123A0FDF7D7FCFFF745
:1078C000ADF9D4E90F12206801FB020060600020CE
:1078D000A0632068A060E06B401E226C216800FB62
:1078E0000210E060FF2084F8440084F845009EB94F
:1078F000206908B9012000E00020A8B904F11000B7
:1079000000F052FB80B14FF0805013490860BFF384
:107910004F8FBFF36F8F07E004F11000FFF748F9B6
:1079200004F12400FFF744F9FFF7BAF9012070BD14
:107930002E2E5C4672656552544F535C7372635CC5
:1079400071756575652E63004572726F723A2573A5
:107950002C25640D0A00000004ED00E02DE9FF4332
:1079600083B0064688461D464FF0000934462CB9C0
:1079700040F2D92260A166A0FDF778FCB8F1000FB3
:1079800001D1206C08B9012000E0002028B940F2A4
:10799000DA2259A15EA0FDF769FC022D02D1E06B4D
:1079A000012801D1012000E0002028B940F2DB22AB
:1079B00051A157A0FDF75AFC00F0C0F908B905988D
:1079C00008B9012000E0002028B940F2DE224AA1D7
:1079D0004FA0FDF74BFC00BFFFF720F9A06BE16B58
:1079E000884201D3022D38D12A4641462046FEF76F
:1079F00076FB0746A06C68B129462046FEF746FD97
:107A000028B34FF0805046490860BFF34F8FBFF353
:107A10006F8F1CE0606A08B9012000E0002068B99F
:107A200004F1240000F0C0FA88B14FF080503C49C6
:107A30000860BFF34F8FBFF36F8F08E03FB14FF087
:107A4000805037490860BFF34F8FBFF36F8FFFF748
:107A500027F9012007B0BDE8F083059818B9FFF7B2
:107A60001FF90020F6E7B9F1000F04D101A8FFF7D4
:107A70002FFC4FF00109FFF713F9FFF72BFDFFF77C
:107A8000CDF894F94400401C10B9002084F844005B
:107A900094F94500401C10B9002084F84500FFF718
:107AA000FFF805A901A800F0C7F8F0B92046FEF7D5
:107AB000DEFCA0B104F110000599FFF755FB20464C
:107AC000FEF71DFF00F0CCFA002885D14FF0805062
:107AD00013490860BFF34F8FBFF36F8F7CE72046D9
:107AE000FEF70DFF00F0BCFA76E72046FEF707FF31
:107AF00000F0B6FA0020ADE72E2E5C4672656552A6
:107B0000544F535C7372635C71756575652E6300C9
:107B10004572726F723A25732C25640D0A000000BD
:107B200004ED00E02DE9F05F80468A4615461E46CA
:107B300044462CB940F29F3235A13BA0FDF796FB9D
:107B4000BAF1000F01D1206C08B9012000E000203B
:107B500028B94FF468722EA133A0FDF787FB022EDF
:107B600002D1E06B012801D1012000E0002028B9FA
:107B700040F2A13226A12CA0FDF778FBFFF730F9E7
:107B800000BF5021EFF3118081F31188BFF34F8FB5
:107B9000BFF36F8F00BF0746A06BE16B884201D334
:107BA000022E2BD194F945B0324651462046FEF7BD
:107BB00096FA0BF10100C8B9A06C40B131462046DD
:107BC000FEF764FCB8B1B5B10120286013E0606A2B
:107BD00008B9012000E0002068B904F1240000F099
:107BE000E3F940B13DB10120286004E00BF1010050
:107BF00040B284F845004FF0010901E04FF0000960
:107C000000BF87F3118800BF4846BDE8F09F000021
:107C10002E2E5C4672656552544F535C7372635CE2
:107C200071756575652E63004572726F723A2573C2
:107C30002C25640D0A0000002DE9F04104460D4694
:107C40002CB940F6CB3219A11EA0FDF70FFB2DB9C0
:107C500040F6CC3215A11BA0FDF708FBFEF7DEFFB6
:107C60001C4807682868401C08B9002619E01A4912
:107C700020680968884204D06068B84201D80126AB
:107C80000FE06068381A2968884209D2286861685C
:107C9000791A401A28602046FFF71AFB002600E0F8
:107CA0000126FEF7FDFF3046BDE8F0812E2E5C4632
:107CB00072656552544F535C7372635C7461736B8D
:107CC000732E63004572726F723A25732C25640D12
:107CD0000A000000C4000020D80000202DE9FF4F5A
:107CE00085B0804689461746DDE912ABB800FEF73D
:107CF0004FFE064656B15420FEF74AFE04460CB12C
:107D0000266304E03046FFF701F800E000247CB170
:107D10000020CDE900ABCDE902403A464946404655
:107D2000089BFEF79FFA2046FEF706F9012501E0C1
:107D30004FF0FF35284609B0BDE8F08F05490968C6
:107D400009B9012005E00449096809B9022000E0E9
:107D500000207047CC000020E8000020014908689E
:107D600070470000C40000202DE9F0414FF00008EA
:107D700041480068002872D140480068451C3F48CF
:107D80000560EDB93E480068006808B9012000E0D0
:107D9000002028B940F6D9123AA140A0FDF766FAB2
:107DA0003748076841480068354908603F48076020
:107DB0003F480068401C3E490860FEF7CDFC00BF0C
:107DC0003C48006885423CD300BF2D4800680068ED
:107DD00008B9012000E0002020B14FF0FF30354904
:107DE00008602DE026480068C068C4686668B5422F
:107DF00002D23048066023E0201DFEF7C5FEA06ACF
:107E000018B104F11800FEF7BFFE94F82C10012001
:107E1000884029490968084327490860E16A01EB5D
:107E20008101264A02EB8100211DFEF7EBFE244969
:107E3000E06A0968C96A8842C7D34FF00108C4E7FD
:107E400000BF1F480068C06A00EB80001B4951F862
:107E50002000012801D94FF0010805E0FFE719488B
:107E60000068401C174908601748006808B14FF0C7
:107E700001084046BDE8F081E8000020C400002071
:107E8000B40000202E2E5C4672656552544F535C40
:107E90007372635C7461736B732E63004572726FEF
:107EA000723A25732C25640D0A000000B8000020EA
:107EB000D8000020E0000020C80000207C03002043
:107EC000B0000020D0000020D400002070B505468E
:107ED0002C460026002D4BD026480068844201D154
:107EE000012000E0002028B940F6C76222A128A0A6
:107EF000FDF7BCF9A06C28B940F6C9621EA124A008
:107F0000FDF7B4F9A06C401EA064616CE06A884281
:107F10002ED0A06C60BB201DFEF736FE78B9E06A5B
:107F200000EB80001E4951F8200040B994F82C1055
:107F3000012088401B49096881431A480160606C30
:107F4000E062E06AC0F12000A06194F82C100120EA
:107F5000884014490968084312490860E16A01EB46
:107F600081010F4A02EB8100211DFEF74BFE012625
:107F7000304670BDB00000202E2E5C467265655202
:107F8000544F535C7372635C7461736B732E630044
:107F90004572726F723A25732C25640D0A00000039
:107FA0007C030020C800002070B50646F068C46855
:107FB0002CB940F661321AA11FA0FDF757F904F160
:107FC0001800FEF7E1FD20480068A8B9201DFEF763
:107FD000DBFD94F82C10012088401C4909680843F7
:107FE0001A490860E16A01EB8101194A02EB81003C
:107FF000211DFEF707FE04E004F118011548FEF705
:1080000001FE1549E06A0968C96A884204D9012558
:1080100001201249086000E00025284670BD0000DC
:108020002E2E5C4672656552544F535C7372635CCE
:108030007461736B732E63004572726F723A2573AD
:108040002C25640D0A000000E8000020C800002074
:108050007C03002024060020B0000020D400002073
:1080600070B5002400263448006828B94FF4FD623A
:1080700032A138A0FDF7FAF8FEF7D0FD2E480068CF
:10808000401E2D4908600846006800284FD1354839
:10809000006800284BD024E03348C068C46804F16D
:1080A0001800FEF771FD201DFEF76EFD94F82C10F0
:1080B000012088402D49096808432C490860E16A7D
:1080C00001EB81012A4A02EB8100211DFEF79AFD96
:1080D0002849E06A0968C96A884202D30120264912
:1080E00008602148006808B9012000E0002000284D
:1080F000D2D00CB1FEF730FB2048056865B100BF57
:10810000FFF732FE10B101201B4908606D1E002DE3
:10811000F6D10020194908601748006838B10126D7
:10812000300717490860BFF34F8FBFF36F8FFEF71B
:10813000B7FD304670BD0000E80000202E2E5C46E2
:1081400072656552544F535C7372635C7461736BF8
:10815000732E63004572726F723A25732C25640D7D
:108160000A000000C000002024060020C8000020F3
:108170007C030020B0000020D4000020D0000020AC
:1081800004ED00E01CB50024FDF730FF0B4800684B
:1081900058B10B481F2100234FF48072CDE9001025
:1081A00008A10A48FFF79AFD04462CB940F23312A1
:1081B00007A10EA0FDF75AF820461CBDF4000020D0
:1081C000F8000020546D722053766300E5680008C3
:1081D0002E2E5C4672656552544F535C7372635C1D
:1081E00074696D6572732E63000000004572726FD2
:1081F000723A25732C25640D0A0000002DE9FF4713
:1082000004460D4616461F46DDF830804FF0000943
:108210002CB94FF4D37217A11DA0FDF727F8204801
:10822000006810B3009501960294062D15DAFFF749
:1082300085FD022808D10023424669461848006897
:10824000FFF78CFB814610E000231A46694614486C
:108250000068FFF783FB814607E000233A46694642
:108260000F480068FFF75EFC8146484604B0BDE851
:10827000F08700002E2E5C4672656552544F535CA9
:108280007372635C74696D6572732E630000000025
:108290004572726F723A25732C25640D0A00000036
:1082A000F4000020000000000000000000000000BA
:1082B00000000000000000000000000000000000BE
:1082C00000000000000000000000000000000000AE
:1082D000000000000000000000000000000000009E
:1082E000000000000000000000000000000000008E
:1082F000000000000000000000000000000000007E
:10830000000000000000000000000000000000006D
:10831000000000000000000000000000000000005D
:10832000000000000000000000000000000000004D
:10833000000000000000000000000000000000003D
:10834000000000000000000000000000000000002D
:10835000000000000000000000000000000000001D
:10836000000000000000000000000000000000000D
:1083700000000000000000000000000000000000FD
:1083800000000000000000000000000000000000ED
:1083900000000000000000000000000000000000DD
:1083A00000000000000000000000020E1E7EFEFE25
:1083B000FEF8E000000080E0F8FCFEFE7E1E0602F3
:1083C000001E1E1E1E1E1E1EFEFEFEFEFE1E1E1E8B
:1083D0001E1E1E1E0000000000000000E0FCFEFE4D
:1083E0007EFEFEFEFCE00000000000000000000039
:1083F00000FEFEFEFEFE1E1E1E1E1E1E3EFEFCFC9F
:10840000FCF8E00000000000FEFEFEFEFE000000A2
:108410000080E0F0F8FEFE7E1E0E06020000000066
:108420000000000000000000000000000000010744
:10843000CFFFFFFFFCFEFFFFDF070300000000008F
:108440000000000000000000FFFFFFFFFF00000031
:10845000000000000000000000E0F8FFFFFF1F0325
:108460000000073FFFFFFFF8E000000000000000F1
:1084700000FFFFFFFFFFF0F0F0F0F0F8FCBFBF3FA0
:108480001F0F030000000000FFFFFFFFFF70F8FE5A
:10849000FFFFFFCF87010000000000000000000088
:1084A0000000000000000000000000C0E0F8FCFF39
:1084B000FF3F0F0700030F3FFFFFFEF8F0C0000073
:1084C0000000000000000000FFFFFFFFFF000000B1
:1084D000000000000000C0F8FFFFFF7F0F0F0F0F2C
:1084E0000F0F0F0F0F0F7FFFFFFFF8C000000000FE
:1084F00000FFFFFFFFFF0000000101071F3FFFFF1C
:10850000FEF8F0C000000000FFFFFFFFFF000001C9
:10851000070F1F3FFFFEFCF8F0C0800000000000C6
:108520000000000000000000000203030303030337
:108530000000000000000000000303030303030227
:10854000000000000000000003030303030000001C
:10855000000000000002030303030300000000000A
:1085600000000000000000030303030302000000FA
:1085700000030303030300000000000000000003E9
:1085800003030303030200000303030303000000CB
:1085900000000000000103030303030302000000C6
:1085A00000000000000000000000000000000000CB
:1085B00000000000000000000000000000000000BB
:1085C00000000000000000000000000000000000AB
:1085D000000000000000000000000000000000009B
:1085E000000000000000000000000000000000008B
:1085F000000000000000000000000000000000007B
:10860000000000000000000000000000000000006A
:10861000000000000000000000000000000000005A
:10862000000000000000000000000000000000004A
:10863000000000000000000000000000000000003A
:10864000000000000000000000000000000000002A
:10865000000000000000000000000000000000001A
:10866000000000000000000000000000000000000A
:1086700000000000000000000000000000000000FA
:1086800000000000000000000000000000000000EA
:1086900000000000000000000000000000000000DA
:1086A00000000000000000000000000000000000CA
:1086B00000000000000000F800000000000000338F
:1086C0003000000000100C06100C06000000000036
:1086D0000000000040C07840C0784000043F04041F
:1086E0003F040400007088FC08300000001820FFE0
:1086F000211E0000F008F000E018000000211C031B
:108700001E211E0000F00888700000001E21232496
:108710001927211010160E000000000000000000B4
:1087200000000000000000E0180402000000000744
:108730001820400000020418E0000000004020184B
:1087400007000000404080F0804040000202010F1E
:1087500001020200000000F0000000000101011F02
:1087600001010100000000000000000080B0700066
:1087700000000000000000000000000000010101F6
:108780000101010100000000000000000030300085
:10879000000000000000000080601804006018065F
:1087A0000100000000E010080810E000000F102099
:1087B00020100F00001010F8000000000020203FE3
:1087C000202000000070080808887000003028246D
:1087D000222130000030088888483000001820200E
:1087E00020110E000000C02010F800000007042433
:1087F000243F240000F80888880808000019212078
:1088000020110E0000E0108888180000000F1120D1
:1088100020110E0000380808C83808000000003F8A
:10882000000000000070880808887000001C2221E9
:1088300021221C0000E010080810E0000000312296
:1088400022110F00000000C0C00000000000003036
:108850003000000000000080000000000000806088
:108860000000000000008040201008000001020409
:1088700008102000404040404040400004040404F0
:1088800004040400000810204080000000201008AC
:1088900004020100007048080808F00000000030E1
:1088A00036010000C030C828E810E000071827246F
:1088B00023140B000000C038E0000000203C23021D
:1088C0000227382008F8888888700000203F202080
:1088D00020110E00C03008080808380007182020B2
:1088E0002010080008F808080810E000203F2020A9
:1088F00020100F0008F88888E8081000203F20208A
:108900002320180008F88888E8081000203F20007D
:1089100003000000C03008080838000007182020B5
:10892000221E020008F808000008F808203F210174
:1089300001213F20000808F8080800000020203F1F
:108940002020000000000808F8080800C08080808F
:108950007F00000008F888C028180800203F200188
:108960002638200008F8080000000000203F2020E2
:108970002020300008F8F800F8F80800203F003FF9
:10898000003F200008F830C00008F808203F200011
:1089900007183F00E01008080810E0000F10202022
:1089A00020100F0008F808080808F000203F2101F7
:1089B00001010000E01008080810E0000F1824244E
:1089C00038504F0008F8888888887000203F2000C1
:1089D000030C302000708808080838000038202177
:1089E00021221C00180808F8080818000000203F81
:1089F0002000000008F808000008F808001F2020E8
:108A000020201F000878880000C8380800000738B8
:108A10000E010000F80800F80008F800033C070009
:108A2000073C0300081868808068180820302C0371
:108A3000032C30200838C800C83808000000203F48
:108A40002000000010080808C83808002038262137
:108A500020201800000000FE020202000000007F3B
:108A600040404000000C30C0000000000000000149
:108A70000638C00000020202FE0000000040404034
:108A80007F00000000000402020204000000000059
:108A900000000000000000000000000080808080D6
:108AA00080808080000202040000000000000000BE
:108AB0000000000000008080808000000019242257
:108AC00022223F2008F8008080000000003F112093
:108AD00020110E000000008080800000000E112098
:108AE00020201100000000808088F800000E112076
:108AF00020103F200000808080800000001F222284
:108B000022221300008080F0888888180020203FEF
:108B1000202000000000808080808000006B949402
:108B20009493600008F8008080800000203F2100BE
:108B300000203F2000809898000000000020203F87
:108B400020200000000000809898000000C0808075
:108B5000807F000008F8000080808000203F240211
:108B60002D302000000808F8000000000020203F01
:108B7000202000008080808080808000203F2000B6
:108B80003F20003F8080008080800000203F210047
:108B900000203F200000808080800000001F2020F7
:108BA00020201F00808000808000000080FFA12026
:108BB00020110E000000008080808000000E112037
:108BC00020A0FF80808080008080800020203F21C6
:108BD0002000010000008080808080000033242479
:108BE00024241900008080E0808000000000001F25
:108BF000202000008080000000808000001F2020D6
:108C000020103F20808080000080808000010E3096
:108C10000806010080800080008080800F300C03F7
:108C20000C300F0000808000808080000020312EFA
:108C30000E312000808080000080808080818E70D6
:108C40001806010000808080808080000021302C88
:108C50002221300000000000807C020200000000A1
:108C6000003F404000000000FF0000000000000046
:108C7000FF0000000002027C800000000040403F36
:108C800000000000000601010202040400000000D0
:108C9000000000000000000000000000002F0000A5
:108CA00000000700070000147F147F1400242A7FAF
:108CB0002A1200626408132300364955225000002E
:108CC0000503000000001C224100000041221C009E
:108CD0000014083E08140008083E0808000000A020
:108CE000600000080808080800006060000000201C
:108CF00010080402003E5149453E0000427F4000FA
:108D0000004261514946002141454B31001814127F
:108D10007F10002745454539003C4A49493000014C
:108D20007109050300364949493600064949291E9B
:108D300000003636000000005636000000081422FD
:108D400041000014141414140000412214080002FD
:108D50000151090600324959513E007C1211127C22
:108D6000007F49494936003E41414122007F41414F
:108D7000221C007F49494941007F09090901003E41
:108D80004149497A007F0808087F0000417F41007F
:108D9000002040413F01007F08142241007F4040F5
:108DA0004040007F020C027F007F0408107F003EDD
:108DB0004141413E007F09090906003E4151215EC3
:108DC000007F091929460046494949310001017FC0
:108DD0000101003F4040403F001F2040201F003F56
:108DE0004038403F00631408146300070870080708
:108DF00000615149454300007F41410000552A551B
:108E00002A55000041417F00000402010204004095
:108E100040404040000001020400002054545478B7
:108E2000007F4844443800384444442000384444D7
:108E3000487F00385454541800087E090102001875
:108E4000A4A4A47C007F080404780000447D4000B2
:108E5000004080847D00007F102844000000417F96
:108E60004000007C04180478007C08040478003872
:108E70004444443800FC242424180018242418FCFA
:108E8000007C0804040800485454542000043F4463
:108E90004020003C4040207C001C2040201C003C26
:108EA0004030403C004428102844001CA0A0A07C76
:108EB000004464544C44141414141414014200006B
:108EC0000000000000FFFFFFFFFFFFFFFFFFFF00AC
:108ED0004FBB610567ACDD3F182D4454FB21E93FD2
:108EE0009BF681D20B73EF3F182D4454FB21F93FC1
:108EF000E2652F227F2B7A3C075C143326A6813C47
:108F0000BDCBF07A8807703C075C143326A6913CF1
:108F1000C4EB98999999C9BF711623FEC671BCBF5D
:108F20006D9A74AFF2B0B3BF9AFDDE522DDEADBFC5
:108F30002F6C6A2C44B4A2BF0D5555555555D53FDD
:108F4000FF8300922449C23F6E204CC5CD45B73FF8
:108F5000513DD0A0660DB13FEB0D76244B7BA93F70
:108F600011DA22E33AAD903F00004054FB21F93F73
:108F70003163621A61B4D03D0000601A61B4D03D23
:108F80007370032E8A19A33B0000002E8A19A33B9D
:108F9000C14920259A837B390000000000000000B1
:108FA0006E83F9A22915444ED15727FCC0DD34F554
:108FB000999562DB4190433CAB6351FE61C5BBDEDA
:108FC0003A6E24B7E0D24D42EA2E49061C92D109EE
:108FD0001CEB1DFE3EA729B1F53582E88444BB2E6B
:108FE00026709CE9417E5FB439D69139F4395383B8
:108FF0008B5F849C3B28F9BDFF97F81F0F9805DE17
:109000008B112FEF1F6D0A5ACF7E366DB709CB2714
:10901000663F464F2DEA5F9EC7BA27757BF1E5EBA9
:10902000F739073DEA92528AB15FFB6B085D8D1FED
:109030007AFE10111111C13F37D60684F464963FB1
:10904000280356C9226D6D3F0165F2F2D844433FB3
:10905000A69237A0887E143F735360DBCB75F3BEB6
:10906000FE41B31BBAA1AB3F93846EE9E326823F76
:109070001583E0FEC8DB573F68108D1AF726303F96
:10908000E9A7F0320FB8123FD47ABF74702AFB3EC2
:10909000B090000800000020400100006C0A0008A9
:1090A000E890000840010020485900009859000845
:1090B000011E94A24A04091B0102030406070809C1
:1090C0000742BC0284030101A3040F037B0404D5FF
:1090D000AAAAAAAA90110102030401020304060726
:0890E000080902040608000063
:0400000508000131BD
:00000001FF
