:020000040800F2
:10000000905A0020DD0100082B300008B12B0008B9
:1000100027300008312700081354000800000000B2
:100020000000000000000000000000004501000882
:10003000352700080000000089010008D9400008A9
:10004000F7010008F7010008F7010008F7010008B0
:10005000F7010008F7010008F7010008F7010008A0
:10006000F7010008F7010008F7010008F701000890
:10007000F7010008F7010008F7010008F701000880
:10008000F7010008F7010008F7010008F701000870
:10009000F7010008F7010008F7010008F701000860
:1000A000F7010008F7010008F7010008F701000850
:1000B000F7010008F7010008F7010008F701000840
:1000C000F7010008F7010008F7010008F701000830
:1000D000F70100082D4F00088550000875510008F1
:1000E000F7010008F7010008F7010008F701000810
:1000F000F7010008F7010008F7010008F701000800
:10010000F7010008F7010008F7010008F7010008EF
:10011000094D0008614E0008F7010008F7010008CA
:10012000F7010008F7010008F7010008F7010008CF
:10013000DFF80CD000F088FC004800475D5F000845
:10014000905A0020224B19680868B0E8F00F80F33D
:100150000988BFF36F8F4FF0000080F311884EF0D5
:100160000D0E70470000000006480068006880F32C
:10017000088862B661B6BFF34F8FBFF36F8F00DFA1
:1001800000BF00BF08ED00E0EFF30980BFF36F8F01
:100190000F4B1A6820E9F00F106008B54FF05000BF
:1001A00080F31188BFF34F8FBFF36F8F07F070FAA2
:1001B0004FF0000080F31188BDE808401968086816
:1001C000B0E8F00F80F30988BFF36F8F704700BF6E
:1001D000B4000020EFF30580704700000648804718
:1001E00006480047FEE7FEE7FEE7FEE7FEE7FEE71C
:1001F000FEE7FEE7FEE7FEE7E94000083101000800
:1002000040EA01039B0703D009E008C9121F08C098
:10021000042AFAD203E011F8013B00F8013B521E18
:10022000F9D27047F0B480EA0102D40F4200B2EB79
:10023000410F02D20246084611464A0042D0C30D81
:10024000DDB2C1F3C752AD1A202D35DAC1F3160164
:1002500041F4000204B15242C5F1200602FA06F14F
:100260002A411044B3EBD05F23D0C4B1012DA0EBE1
:10027000C35009DCF0BC4FF0004202EAC352DBB2CB
:1002800000F5000000F03EBB400000F1807000EB84
:10029000C350A0F1807040EAD170490009E04908DC
:1002A00041EAC071A0EBC35000F50000400800EB2C
:1002B000C350F0BC00F01DBB6142012202EB4101C2
:1002C000001BF6E7F0BC704781F00041AAE780F020
:1002D0000040A7E780EA010210B502F000434000A9
:1002E00022D04A001FD0010E01EB1261C0F356006C
:1002F000C2F3560240F4000042F40002A0FB0220C8
:1003000000047F39140400D0401C50EA124001D48C
:100310004000491EC2B20C0604EBD010401C40083D
:10032000802A02D003E0002010BD20F00100002947
:1003300000DA0020184310BD30B480EA010202F058
:10034000004530F0004221F0004013D090B1C30DC1
:10035000D40DC2F31601C0F31600E41A41F40001F3
:1003600040F400027D34914201D3641C00E0490056
:10037000002C02DA30BC002070474FF4000000234C
:10038000914201D3891A034340084FEA4101F7D152
:1003900051B1914202D14FF0004105E002D24FF03D
:1003A000010101E06FF0010103EBC450284430BCAF
:1003B00000F09FBA2DE9FE4F804681EA0300C00F8E
:1003C0000C46009021F0004123F00045B8EB0200FC
:1003D000A94105D24046214690461C460B4602469E
:1003E00023F00040104347D0270DC7F30A00C3F3A2
:1003F0000A510290401A019040286BDAC3F31300AF
:1004000040F4801B0098924620B10023D2EB030AEF
:1004100063EB0B0B01985946C0F14002504600F0C7
:1004200037FA06460D4650465946019A00F04FFAF3
:1004300010EB08006141002487EA115284EAE77357
:100440001A4340D0009A62B3019A012A4FEA075238
:1004500015DC001B61EB02014FF0004202EA07527B
:10046000CDE90042001C41F5801132462B4600F0D8
:1004700086FA03B0BDE8F08F40462146F9E7001B3D
:1004800061EB0201001C41F5801300185B4120184C
:10049000A2F5001747EB030140EAD570B6196D418C
:1004A00011E06D084FEA360645EAC0754FEA07527B
:1004B000001B61EB0201001C41F5801149084FEA65
:1004C00030000019514132462B4603B0BDE8F04FD1
:1004D00000F046BA0098012240000023D0EB02024F
:1004E00063EBE073009821464FEAE074B8EB00003C
:1004F00061EB0401E9E783F000435BE781F0004131
:1005000058E72DE9FE4F81EA030404F0004421F08E
:10051000004100944FF0000B23F0004350EA010427
:100520005ED052EA03045BD0C3F30A54C1F30A5508
:100530002C44A4F2F3340194A0FB0254C1F3130140
:1005400041F48011C3F3130343F4801301FB02440D
:1005500000FB034E840A970A44EA815447EA835712
:10056000A4FB076802958D0A05FB07854FEA932CCB
:1005700004FB0C542705029D4FEA065847EA16373C
:10058000B5EB08056EEB070C870E920E47EA811754
:1005900042EA8312A7FB0201B6EB0B0164EB0004F5
:1005A0002B0D43EA0C335E1844EB1C50DA465146DF
:1005B000E7FB0201C5F313044FEA0B3343EA14537C
:1005C0004FEA0432019C43EA0603A4F10C040294AE
:1005D000009CCDE900B400F0D2F903B0BDE8F08F83
:1005E00000200146F9E72DE9F04D81EA030404F00B
:1005F000004B21F0004514464FF0000A23F0004163
:1006000050EA050220D054EA01021DD0C5F30A5772
:100610000246C5F31303C1F31300C1F30A5640F4B5
:10062000801543F48013A7EB0608101BD64608F28A
:10063000FD3873EB050002D308F1010801E09218C0
:100640005B41B8F1000F03DA00200146BDE8F08DF0
:1006500000204FF48011064684460EE0171B73EB12
:10066000050705D3121B63EB050306434CEA010C97
:1006700049084FEA300092185B4150EA0107EDD17A
:1006800052EA030012D082EA040083EA050108431B
:1006900005D0101BAB4106D20122002306E0002248
:1006A0004FF0004302E06FF0010253101AEB060016
:1006B0004CEB085110EB0A0041EB0B01BDE8F04D8B
:1006C00000F04EB9C10F80EAE0700844CA079623D3
:1006D000002100F017B90EB5C10F80EAE0700844A0
:1006E000CA07002140F233438DE80E000A460B464C
:1006F00000F045F903B000BD0EB540F23341029160
:100700000021CDE900110A460B4600F038F903B08C
:1007100000BD00F0004220F00040C10DC0F3160003
:1007200040F400007F2901DA00207047962903DC9D
:10073000C1F19601C84001E096398840002AF4D002
:100740004042704720F00040C10DC0F3160040F455
:1007500000007F2901DA00207047962903DCC1F1EF
:100760009601C840704796398840704770B5C1F30C
:100770000A5201F000450024C1F3130140F2FF3397
:1007800041F480119A4201DA002070BD40F23343F7
:100790009A42A2F2334203DC524200F088F800E0B1
:1007A00090402C43F1D0404270BDC1F30A5210B5C5
:1007B000C1F3130140F2FF3341F480119A4201DA90
:1007C000002010BD40F233439A42A2F2334203DCD0
:1007D000524200F06CF810BD904010BD00F0004295
:1007E00030F000400AD0C10D01F56071C0F3160071
:1007F00042EA0151C20840071143704700200146F8
:10080000704701F0004330B421F0004150EA01028A
:1008100006D00A0DA2F56072C1F31301002A02DCB2
:1008200030BC00207047440F44EAC104C100E01806
:1008300030BC00EBC25000F05CB80000002801DBC7
:10084000C0F10040002901DBC1F100418142704745
:10085000002801DBC0F10040002901DBC1F10041AB
:100860008842704730B50B46014600202022012403
:1008700009E021FA02F59D4205D303FA02F5491B6E
:1008800004FA02F52844151EA2F10102F1DC30BD84
:10089000202A04DB203A00FA02F100207047914040
:1008A000C2F1200320FA03F3194390407047202A35
:1008B00004DB203A21FA02F00021704721FA02F30A
:1008C000D040C2F120029140084319467047202AC7
:1008D00006DBCB17203A41FA02F043EAE07306E068
:1008E00041FA02F3D040C2F1200291400843194678
:1008F00070470029A8BF7047401C490008BF20F07E
:100900000100704710B4B0FA80FC00FA0CF050EA15
:10091000010404BF10BC704749B1CCF1200421FA96
:1009200004F411FA0CF118BF012121430843A3EB91
:100930000C01CB1D4FEA00614FEA102042BF00209E
:1009400010BC704700EBC35010440029A4BF10BC7A
:100950007047401C490008BF20F0010010BC7047E0
:1009600010B5141E73F1000408DA401C41F10001B7
:1009700092185B411A4301D120F0010010BD2DE90E
:10098000F04D92469B4611B1B1FA81F202E0B0FA05
:1009900080F220329046FFF77BFF04460F4640EA84
:1009A0000A0041EA0B0153465A46084313D0114648
:1009B00053EA010019D0C8F140025046FFF777FF13
:1009C00005460E46504659464246FFF761FF08432A
:1009D00005D0012004E020463946BDE8F08D002016
:1009E000054346EAE0762C4337430A986305E40A58
:1009F000A0EB08000022FD0A44EA47540A3002D561
:100A000000200146E9E7010510196941DDE90845C3
:100A100000196941BDE8F04DA2E770B521F000432F
:100A200003430CD0C1F30A550024D5EB040564EB55
:100A30000403D617AD1AB34102DB0020014670BD96
:100A4000201841EB025170BD064C074D06E0E068EE
:100A500040F0010394E8070098471034AC42F6D305
:100A6000FFF76AFB409200086092000870B58C188E
:100A700010F8015B15F0070301D110F8013B2A11B2
:100A800006D110F8012B03E010F8016B01F8016B9F
:100A90005B1EF9D12B0705D40023521E0DD401F89B
:100AA000013BFAE710F8013BCB1A921C03E013F864
:100AB000015B01F8015B521EF9D5A142D8D3002099
:100AC00070BD21B1826842F00102826003E0826859
:100AD00022F0010282607047014600208A6802F01D
:100AE00004020AB1012000E0002070470146C86CF2
:100AF00080B270470246002013680B400BB1012002
:100B000000E000207047014600208A6802F00802D9
:100B10000AB1012000E000207047000030B5024615
:100B20000020002350680F4C20400D790C6844EAE7
:100B300005242043506090680B4C2040D1E90254BA
:100B40002C434D7944EA450420439060D06A20F458
:100B500070000C7C641EE4B2234340EA0350D06270
:100B600030BD0000FFFEF0FFFDF7F1FFF0B50446D9
:100B70000D4600200021092D11DDE068A5F10A06CF
:100B800006EB4607072606FA07F18843A5F10A0691
:100B900006EB460603FA06F10843E0600CE0206924
:100BA00005EB4507072606FA07F1884305EB4506DE
:100BB00003FA06F108432061072A0FDA606B561E1C
:100BC00006EB86071F2606FA07F18843561E06EB3A
:100BD000860605FA06F10843606322E00D2A0FDA63
:100BE000206BD61F06EB86071F2606FA07F18843FF
:100BF000D61F06EB860605FA06F10843206310E0CF
:100C0000E06AA2F10D0606EB86071F2606FA07F139
:100C10008843A2F10D0606EB860605FA06F10843A5
:100C2000E062F0BD816841F008018160704721B148
:100C3000826842F4A002826003E0826822F4A0028B
:100C400082607047816841F0040181607047000054
:100C50002DE9F84F83460C46002C35D0BBF1000F30
:100C600032D02046FFF72EFD05465846FFF72AFDF5
:100C700006462946FFF760FB824600215046FFF7F3
:100C8000E7FD06D216495046FFF7D8FD01D2DFF83E
:100C900050A000215046FFF7D1FD06D21149504621
:100CA000FFF7D6FD01D2DFF83CA051460E48FFF712
:100CB00043FB0090FFF792FD074605F02DF805462F
:100CC000FFF79FFD814601E04FF0000907494846C4
:100CD000FFF700FB0546FFF71CFD00B2BDE8F88FEB
:100CE0003333B33E3333B3BE77BE1F3E00007A4486
:100CF00008B50121102002F0D9FB4FF40050ADF8E7
:100D0000000010208DF8030003208DF802006946D2
:100D1000044801F067FE4FF40051024801F03FFF24
:100D200008BD00000010014010B5534801F07AFBE7
:100D3000002860D050480078312816D14E480079FC
:100D400040B200EB400040004C49C8804A48C0789F
:100D500040B2A0EB8000400008814748407840B294
:100D6000404200EB80004649088043480078322822
:100D700016D14148007940B200EB400040003F49A5
:100D8000C8803D48C07840B2A0EB80004000088198
:100D90003948407840B2404200EB80003849088032
:100DA0003548007833280FD13348C07840B2A0EBE3
:100DB000800040003149C8802F48807840B2A0EBC5
:100DC000800040002E4908802B480078412812D12D
:100DD000294840782B490870274880784870264871
:100DE000C078887024480079C87023484079087119
:100DF0002148807948712048007832283AD11E482D
:100E000080790007C00E204908801B48407900F017
:100E1000200038B11D4800880988084400B21B49E9
:100E200008800CE01448407900F0100038B11748F1
:100E3000008815490988401A00B2144908800E48F4
:100E4000407900F0400040B1104840880E490988C0
:100E5000084400B20D4948800CE00748407900F092
:100E6000800038B10948408807490988401A00B213
:100E70000649488010BD0000B00100204801002054
:100E80005E00002030000020940000206000002060
:100E90007748007873287DD175480079C0F18000CB
:100EA00074490978484300B27349C8807048C078D3
:100EB000C0F180006F490978484300B26E4908814B
:100EC0006B484079C0F1800080006C490880684818
:100ED000407800F0010018B101206949087012E063
:100EE0006748007878B167480078062805DA6548D1
:100EF0000078401C6349087002E0012061490870D5
:100F000000205F4908705A48407800F0020018B18C
:100F100001205D49087015E05B48007890B15548A4
:100F20000078022805DD53480078401E51490870BA
:100F300005E002204F490870012054490870002044
:100F4000514908704A48407800F0040018B1012067
:100F50004F49087015E04E48007890B14548007838
:100F6000092805DA43480078401C4249087005E02A
:100F70000920404908700120444908700020444974
:100F800008703B48407800F0800050B1414800882C
:100F9000414900E06BE00988084400B23D490880FF
:100FA0000CE03348407800F0200038B13948008820
:100FB00039490988401A00B2364908802C484078DF
:100FC00000F0400040B13348408833490988084464
:100FD00000B2304948800CE02548407800F010000D
:100FE00038B12C4840882C490988401A00B2294958
:100FF00048801F48807800F0040018B1012027497C
:10100000087015E02548007890B123480088192819
:1010100005DA21480088401D1F49088005E0192095
:101020001D49088001201949087000201B490870DB
:101030000F48807800F0010018B1012018490870AD
:1010400015E01748007890B113480088052805DDA1
:1010500011480088401F1049088005E005200E490E
:10106000088001200949087000200D490870704768
:101070005100002091000020480100205E00002067
:101080008C000020300000208D0000205000002047
:101090008E00002060000020920000208F000020C1
:1010A000900000202DE9F0412D4800F0BBFE002803
:1010B00054D02B48C089B0F5FA7F4FDA2848008910
:1010C000B0F5FA7F04DA4FF07F50264908600CE053
:1010D00023480089B0F57A7F04DA4FF07E50214929
:1010E000086002E020481F4908601D494988A1F5B1
:1010F0007870FFF7E7FA05461A4801682846FFF7B7
:10110000E9F80446FFF705FB00B21849C880144906
:101110000988A1F57870FFF7D5FA064611480068EE
:1011200080F0004531462846FFF7D4F80446FFF723
:10113000F0FA00B20D4908810949C988A1F5787013
:10114000FFF7C9FA06464FF03332094BFFF7D9F9DA
:101150000446FFF70BFB00B206490880BDE8F081AA
:10116000C0010020980000203333333F48010020A5
:101170003333E3BF5E00002010B5042002F098FF77
:101180000E4800680E49B0FBF1F00E4908700B489C
:1011900000680B49B0FBF1F44FF47A7044434FF010
:1011A000E020006940F002004FF0E02108610846AD
:1011B0004461006940F00100086110BD1C0000207E
:1011C00040420F009E00002010B504464FF47A7193
:1011D00004FB01F000F002F810BD000070B50346FA
:1011E00000224FF0E02675690D4E367803FB06F4B9
:1011F0004FF0E026B16910E04FF0E026B069884278
:101200000BD0884202D20E1A324402E02E1A0E444B
:1012100032440146A24200D300E0EDE700BF70BDBA
:101220009E0000204FF08040808C704700B587B052
:1012300001210D2002F03AF90121284801F05EFC5D
:101240000820ADF8180004208DF81B0003208DF84D
:101250001A0006A9224801F0C5FB4FF40040ADF882
:10126000180006A91F4801F0BDFB0121084602F045
:10127000FDF84FF0804003F0AFF803A803F004FC42
:101280000020ADF80C004FF6FF70ADF81000002004
:10129000ADF81200ADF80E0003A94FF0804003F046
:1012A000A1FB00231A4603214FF0804003F088F988
:1012B000684603F0FDF90620ADF8080069464FF0D6
:1012C000804003F09FF900204FF080418884012185
:1012D000880703F065F807B000BD000000031800A0
:1012E000000C0140000801404FF0804188847047A5
:1012F00001480088704700002404004000B587B012
:101300000121092002F0D2F83020ADF818000420A5
:101310008DF81B0003208DF81A0006A91D4801F066
:1013200061FB0121022002F0A1F801211A4801F01D
:10133000E5FB1A4803F050F803A803F0A5FB0020D2
:10134000ADF80C004FF6FF70ADF810000020ADF8BE
:101350001200ADF80E0003A9104803F043FB002370
:101360001A4603210D4803F02BF9684603F0A0F953
:101370000620ADF808006946084803F043F900204C
:101380000649243108800121044803F009F807B018
:1013900000BD0000000C014000081A0000040040DD
:1013A00001490880704700002404004001464906B6
:1013B000084A926942F00102064B9A61064A526855
:1013C00022F0E062044B5A601A4652680A435A609F
:1013D00070470000001002400000014008B50121E4
:1013E000082002F063F80120ADF8000048208DF8D5
:1013F00003006946014801F0F5FA08BD000C014000
:101400000348006808B9012070470020FCE700008D
:101410000081214208B50121142002F047F8102074
:10142000ADF800008DF8030003208DF80200694636
:101430000A4801F0D7FA4FF48070ADF80000694611
:10144000074801F0CFFA1021044801F0AAFB4FF43D
:101450008071034801F0A5FB08BD000000100140A9
:101460000008014070B505462C46B4F5616F01DDFA
:101470004FF4616414F5616F00DA0D4C002C0BDD44
:101480004FF461610B4803F078FAC4F5616081B2F2
:10149000084803F074FA0AE04FF46161054803F06C
:1014A0006EFA04F5616081B2024803F066FA70BD1D
:1014B000F0F1FFFF0008004070B505462C46B4F57A
:1014C000616F01DD4FF4616414F5616F00DA0D4C5A
:1014D000002C0BDD4FF461610B4803F052FAC4F5A8
:1014E000616081B2084803F04EFA0AE04FF461618E
:1014F000054803F048FA04F5616081B2024803F040
:1015000040FA70BDF0F1FFFF0008004000B589B05F
:101510000121082001F0CAFF4FF47070ADF82000DF
:1015200018208DF8230003208DF8220008A92748F1
:1015300001F058FA0121042001F098FF40F60F60F5
:10154000ADF818000020ADF81400ADF81A00ADF8A1
:10155000160005A91E4803F045FA6020ADF8040006
:101560000120ADF806000020ADF80A00ADF80C002F
:1015700001A9174803F0A6F80821154803F0EEF872
:1015800001A9134803F0F4F80821114803F042F9C7
:1015900001A90F4803F04CF908210D4803F098F910
:1015A00001A90B4803F09EF90821094803F0D8F976
:1015B0000121074802F0E8FE0121054802F0F0FE93
:1015C0000121034802F0F8FE09B000BD000C014003
:1015D000000800401CB50446062269463B2001F085
:1015E0000EFD9DF801009DF8001040EA012000B2B8
:1015F00020809DF803009DF8021040EA012000B20F
:1016000060809DF805009DF8041040EA012000B2BA
:10161000A0801CBD1CB5044606226946432001F08B
:10162000EEFC9DF801009DF8001040EA012000B298
:1016300020809DF803009DF8021040EA012000B2CE
:1016400060809DF805009DF8041040EA012000B27A
:10165000A0801CBD08B50121042001F027FF4FF434
:10166000C050ADF8000010208DF8030003208DF865
:1016700002006946164801F0B5F9012015490860D5
:101680001549C1F8AC0180216B2001F0C3FC13485F
:10169000FFF7A4FD00216B2001F0BCFC18211B20EA
:1016A00001F0B8FC00211C2001F0B4FC002138201E
:1016B00001F0B0FC0021232001F0ACFC01216B20E3
:1016C00001F0A8FC00216C2001F0A4FC08BD000082
:1016D00000080140B001214200002142A086010023
:1016E00010B50446E006010E1C2001F093FC10BD6D
:1016F00010B5044621461A2001F08CFC10BD10B52F
:101700000446E006010E1B2001F084FC10BD70B5FC
:101710000446B4F57A7F01DD4FF47A740A2C00DABE
:101720000A244FF47A7090FBF4F0401EC5B22946AB
:10173000192001F06FFC70BD70B5002415E004F1B4
:10174000B001C8B201F010FE002001F00DFE102023
:1017500001F00AFE002504E0002001F015FE681CDF
:10176000C5B2802DF8DB601CC4B2082CE7DB70BD6D
:101770002DE9F04707460E4690469946002500247D
:10178000A8F12000C5B2792F4DDA072E4BDAB9F156
:10179000000F26D03146384601F0D2FD00BF09E0E7
:1017A00004EB0511214A515CC943C8B201F0ECFDBC
:1017B000601CC4B2082CF3DB701CC1B2384601F0C7
:1017C000BFFD00240AE004EB05110831174A515C03
:1017D000C943C8B201F0D8FD601CC4B2082CF2DBCA
:1017E00021E03146384601F0ABFD002407E004EB70
:1017F00005110E4A505C01F0C7FD601CC4B2082CF4
:10180000F5DB701CC1B2384601F09AFD002408E0F7
:1018100004EB05110831054A505C01F0B5FD601C70
:10182000C4B2082CF4DBBDE8F08700005088000843
:101830002DE9F04705460E46174698464FF0000939
:101840000024A7F1200000F0FF097B2D2BDA082EE1
:1018500029DAB8F1000F14D03146284601F070FDA6
:1018600000BF0BE009EB490104EB41010F4A515C59
:10187000C943C8B201F088FD601CC4B2062CF1DB7C
:1018800011E03146284601F05BFD002409E009EB38
:10189000490104EB4101054A505C01F075FD601CF3
:1018A000C4B2062CF3DBBDE8F0870000408E0008D0
:1018B0002DE9F04105460E4614461F460A2C07DA6C
:1018C00004F13000C2B23B4631462846FFF7B0FF74
:1018D000BDE8F0812DE9F05F05460E4617469846B3
:1018E000DDE90A9B7F2D01DC072E01DDBDE8F09FBD
:1018F000E819802803DC06EB0800082800DDF5E77E
:10190000BBF1000F18D0344613E02146284601F001
:1019100017FDAA4609E019F8012BD143C8B201F01E
:1019200033FD0AF1010000F0FF0ABA45F3DB601C49
:10193000C4B24445E9DB15E0344611E021462846AF
:1019400001F0FEFCAA4607E019F8010B01F01CFDAE
:101950000AF1010000F0FF0ABA45F5DB601CC4B2D1
:101960004445EBDB00BFC1E72DE9F04104460D46DD
:101970001646984600277B2C14DA082D12DA0EE062
:10198000F25D434629462046FFF752FFA01DC4B230
:101990007A2C02DD0024681CC5B2781CC7B2F05D49
:1019A0000028EDD1BDE8F0812DE9FE4F80468A4642
:1019B00091461D46DDE90C7B002D76DDE8190A28ED
:1019C00073DAB9F1000F02DAC9F1000600E04E4601
:1019D0000A20B6FBF0F100FB11608DF801006420D5
:1019E000B6FBF0F100FB11600A21B0FBF1F08DF8BD
:1019F00002004FF47A70B6FBF0F100FB1160642135
:101A0000B0FBF1F0C0B28DF8030042F21070B6FBEB
:101A1000F0F100FB11604FF47A71B0FBF1F0C0B24D
:101A20008DF804005948B6FBF0F100FB116042F25A
:101A30001071B0FBF1F0C0B28DF805005448B6FB50
:101A4000F0F100FB11605149B0FBF1F0C0B28DF82C
:101A500006005048B6FBF0F100FB11604C49B0FBAA
:101A6000F1F0C0B28DF807004B48B6FBF0F100FB77
:101A700011604849B0FBF1F0C0B28DF8080047484A
:101A8000B6FBF0F100FB11604349B0FBF1F0C0B2CE
:101A90008DF80900B9F1000F41DA00232D225146DB
:101AA0004046FFF7C5FE002412E037E0E919091BA4
:101AB000491E1DF8012004EB440308F1060101EB67
:101AC0004301C8B25B465146FFF7F2FE601CC4B248
:101AD000681EA042EADC002F56D005EB450108EB5A
:101AE0004101C8B25B462E225146FFF7A1FE0024F9
:101AF00012E005EB450108EB4101891D04EB4403AD
:101B000001EB4301C8B2391B1DF801205B46514669
:101B1000FFF7CEFE601CC4B2BC42EADB34E0002416
:101B20000EE0E919091B1DF8012004EB440108EB44
:101B30004101C8B25B465146FFF7BAFE601CC4B211
:101B4000AC42EEDB07B305EB450108EB4101C8B23F
:101B50005B462E225146FFF76BFE002412E005EB98
:101B6000450108EB4101891D04EB440301EB4301EE
:101B7000C8B2391B1DF801205B465146FFF798FE9D
:101B8000601CC4B2BC42EADBBDE8FE8FA086010047
:101B900040420F008096980000E1F50500CA9A3B8C
:101BA00000B587B00121042001F080FCA020ADF831
:101BB000040003208DF8060018208DF8070001A905
:101BC000544800F00FFF1020ADF804008DF8070016
:101BD00001A9504800F006FF4020ADF80400102095
:101BE0008DF8070001A94B4800F0FCFE0121080315
:101BF00001F05CFC0020ADF808004FF48270ADF8F5
:101C00000A000020ADF80C000220ADF80E00012003
:101C1000ADF810004002ADF812000020ADF814003D
:101C2000ADF816000720ADF8180002A93A4802F0F6
:101C300015F80121384801F0F7FFFF2001F072FF8D
:101C40004021344800F0ADFF6420FFF7BDFA402189
:101C5000304800F0A4FFC820FFF7B6FA40212D4815
:101C600000F09FFFAE2001F07FFB002001F07CFB25
:101C7000102001F079FB402001F076FB812001F07B
:101C800073FBEF2001F070FBA12001F06DFBC82079
:101C900001F06AFBA62001F067FBA82001F064FBBD
:101CA0003F2001F061FBD32001F05EFB002001F03A
:101CB0005BFBD52001F058FB802001F055FBD920BB
:101CC00001F052FBF12001F04FFBDA2001F04CFB58
:101CD000122001F049FBDB2001F046FB402001F01F
:101CE00043FB202001F040FB022001F03DFB8D2052
:101CF00001F03AFB142001F037FBA42001F034FB83
:101D0000A62001F031FBAF2001F02EFBFFF714FD00
:101D100007B000BD000801400030014008B50121B6
:101D2000102001F0C3FB0120ADF8000048208DF821
:101D3000030003208DF802006946174800F052FEA8
:101D40000220ADF8000010208DF8030003208DF86C
:101D500002006946104800F045FE0420ADF800007E
:101D600010208DF8030003208DF8020069460A4810
:101D700000F038FE0820ADF8000010208DF80300B8
:101D800003208DF802006946034800F02BFE012075
:101D90000249086008BD000000100140880122428D
:101DA00070B50446002014490860002507E0134977
:101DB000485D01F0EFFA12494855681CC5B2092D7B
:101DC000F5DB01200C4908600D48407820700C4874
:101DD000C078C04360700A480079C043A0700848CA
:101DE0004079E0700648807920710548C0796071BB
:101DF0000348007AA07170BD8801224268900008F3
:101E00003803002010B50548007820B900200449A7
:101E1000C8800881488101F0D3FB10BD4E0000202E
:101E200048010020014630480078002859D02F484A
:101E300040782E4A927840EA0220C0F30A000880D7
:101E40002A488078C010294AD27840EA4210C0F36C
:101E50000A0048802548C0788011244A127940EA57
:101E60008200224A527940EA8220C0F30A00888028
:101E70001E48407940101D4A927940EAC210C0F3D2
:101E80000A00C880194880790011184AD27940EABE
:101E90000210C0F30A0008811448C079C011134A27
:101EA000127A40EA4200114A527A40EA4220C0F3D4
:101EB0000A0048810D48407A80100C4A927A40EA24
:101EC0008210C0F30A0088810848807A4011074ACE
:101ED000D27A40EAC200C8810020034A1070012073
:101EE00070470020FCE70000AA000020100300203B
:101EF00000B587B00121082001F0D8FA4FF4006046
:101F0000ADF8180004208DF81B0006A91D4800F04C
:101F100069FD0121880401F0A9FA1B480290002004
:101F2000ADF80C004FF40050ADF80E00C010ADF845
:101F300010000020ADF814000420ADF8120002A932
:101F4000124803F0F1F927208DF8040001208DF8E4
:101F500005008DF806008DF8070001A801F08AF948
:101F6000012240F22551094803F0B9F9012240F25B
:101F70002441064803F0B3F90121044803F06CF949
:101F800007B000BD000C0140A086010000480040E1
:101F900000B589B00121112001F088FA4FF470706A
:101FA000ADF8200018208DF8230003208DF82200C2
:101FB00008A9294800F016FD0121480301F076FA2E
:101FC0004720ADF814000020ADF8160044F61F605D
:101FD000ADF818000020ADF81A0005A91F4802F05E
:101FE00001FD6020ADF804000120ADF8060040F2CC
:101FF000DC50ADF80A000020ADF80C0001A917482C
:1020000002F060FB0821154802F0A8FB01A9134863
:1020100002F0AEFB0821114802F0FCFB01A90F48B9
:1020200002F006FC08210D4802F052FC01A90B4801
:1020300002F058FC0821094802F092FC01210748EF
:1020400002F0A2F90121054802F0AAF90121034892
:1020500002F0B2F909B000BD0010014000340140A7
:102060002DE9F0410446B4F5617F01DD4FF4617460
:1020700014F5617F00DA0B4C2046FEF723FB804607
:102080000949FEF727F907460849FEF7CBF8064647
:10209000FEF758FB85B22946054802F074FCBDE8FE
:1020A000F08100007CFCFFFF3F358E3F0080BB4489
:1020B000003401402DE9F0410446B4F5617F01DDB3
:1020C0004FF4617414F5617F00DA0B4C2046FEF783
:1020D000F9FA80460949FEF7FDF807460849FEF778
:1020E000A1F80646FEF72EFB85B22946054802F008
:1020F00048FCBDE8F08100007CFCFFFF3F358E3FCF
:102100000080BB44003401402DE9F0410446B4F5A1
:10211000617F01DD4FF4617414F5617F00DA0B4CCF
:102120002046FEF7CFFA80460949FEF7D3F8074666
:102130000849FEF777F80646FEF704FB85B2294604
:10214000054802F01CFCBDE8F08100007CFCFFFFAC
:102150003F358E3F0080BB44003401402DE9F84FED
:1021600004460D4629462046FEF7AEF8274908608A
:102170002748016825480068FEF7A6F882462548EA
:10218000B0F90000FEF79EFA83465146FEF7A2F82A
:1021900080462148B0F90000FEF794FA82461B48B9
:1021A00001685046FEF796F881464146FEF73AF838
:1021B00007461A48B0F90000FEF784FA3946009045
:1021C000FEF730F80646FEF7A4FA00B2134908807D
:1021D0000E4800680E4908601048B0F9000041F24E
:1021E0006801884202DD08460C4908800B48B0F9B6
:1021F00000000B49884203DA4EF6987007490880C0
:102200000648B0F90000BDE8F88F00007800002013
:102210007C0000204C0000204A00002074000020B8
:1022200098EFFFFF2DE9F84F04460D46294620465A
:10223000FEF74AF8274908602748016825480068E2
:10224000FEF742F882462548B0F90000FEF73AFA58
:1022500083465146FEF73EF880462148B0F900001B
:10226000FEF730FA82461B4801685046FEF732F806
:1022700081464146FDF7D6FF07461A48B0F90000EF
:10228000FEF720FA39460090FDF7CCFF0646FEF730
:1022900040FA00B2134908800E4800680E490860F1
:1022A0001048B0F9000041F26801884202DD08469A
:1022B0000C4908800B48B0F900000B49884203DA4A
:1022C0004EF69870074908800648B0F90000BDE84E
:1022D000F88F000084000020880000204C000020BF
:1022E0004A0000208000002098EFFFFF10B586B064
:1022F00004460121042001F0D9F80121880301F0EE
:10230000D5F84FF40070ADF8140018208DF81700C0
:1023100003208DF8160005A91C4800F063FB4FF45C
:102320008060ADF8140004208DF8170005A9174847
:1023300000F058FB01940020ADF80800ADF80A0049
:10234000ADF80C00ADF810000C20ADF80E0001A99E
:102350000F4802F0E9FF25208DF8000002208DF8DB
:10236000010001208DF802008DF80300684600F09E
:1023700081FF012240F22551054802F0B0FF012102
:10238000034802F069FF06B010BD000000080140DC
:10239000003801402DE9F04707460D4690464FF0C2
:1023A0000009202D37DCAA201C49087055204870F0
:1023B000681D8870084680F80380002405E0395DB8
:1023C000201D164A1154601CC4B2AC42F7DB281D14
:1023D000C6B2002406E01148005D484400F0FF0941
:1023E000601CC4B2B442F6DB0C4800F80490681DCF
:1023F000C6B200240DE00948015D094803F005F864
:1024000000BF4021064802F033FF0128F9D1601CCB
:10241000C4B2B442EFDBBDE8F0870000F801002051
:102420000038014010B503460B48007890B10B48C6
:102430008078001FC2B2002105E0C81C074C205C58
:102440005854481CC1B29142F7DB0020024C207066
:10245000104610BD0020FCE7A10000202002002053
:1024600010B586B004460121082001F01FF80420B1
:10247000ADF8140018208DF8170003208DF8160011
:1024800005A91E4800F0AEFA0820ADF8140004209B
:102490008DF8170005A9194800F0A4FA0121480495
:1024A00000F0E4FF01940020ADF80800ADF80A0048
:1024B000ADF80C00ADF810000C20ADF80E0001A92D
:1024C0000F4802F031FF26208DF8000002208DF821
:1024D000010001208DF802008DF80300684600F02D
:1024E000C9FE012240F22551054802F0F8FE012103
:1024F000034802F0B1FE06B010BD00000008014024
:102500000044004010B586B004460121102000F0C0
:10251000CDFF4FF48060ADF8140018208DF817003F
:1025200003208DF8160005A91E4800F05BFA4FF451
:102530000060ADF8140004208DF8170005A91948B3
:1025400000F050FA0121C80400F090FF019400202F
:10255000ADF80800ADF80A00ADF80C00ADF81000B9
:102560000C20ADF80E0001A90F4802F0DDFE34206A
:102570008DF8000002208DF8010001208DF8020086
:102580008DF80300684600F075FE012240F22551E7
:10259000054802F0A4FE0121034802F05DFE06B0EA
:1025A00010BD000000100140004C00402DE9F04734
:1025B00007460D4690464FF00009322D37DCAA2021
:1025C0001C49087055204870681D8870084680F8BE
:1025D0000380002405E0395D201D164A1154601C5B
:1025E000C4B2AC42F7DB281DC6B2002406E0114895
:1025F000005D484400F0FF09601CC4B2B442F6DB41
:102600000C4800F80490681DC6B200240DE009488B
:10261000015D094802F0F9FE00BF4021064802F0C2
:1026200027FE0128F9D1601CC4B2B442EFDBBDE83B
:10263000F087000098020020004C00402DE9F05F78
:1026400001211148FEF7F3FA00BF02210E48FEF700
:1026500051FA0028F9D00C48FEF748FA834658464C
:10266000FEF74AF88046094A094BFDF74AFF06463D
:102670000022084BFDF7B7FF0446FEF796F81FFA55
:1026800080FA5046BDE8F09F002801400AD7A370A9
:10269000BD54AC4000FEAF4000B587B0012108201A
:1026A00000F004FF0220ADF8180000208DF81B0098
:1026B00006A91D4800F096F90121880200F0F6FEF7
:1026C000002001908DF808008DF809004FF460207B
:1026D00003900020049001208DF8140001A91348F4
:1026E000FEF71CFA4FF4004000F0B4FE072301226D
:1026F00009210E48FEF73AFA01210C48FEF7E1F9EC
:102700000A48FEF78FFA00BF0848FEF7FCF90028D8
:10271000FAD10648FEF796FA00BF0448FEF7DCF946
:102720000028FAD107B000BD000C0140002801408C
:1027300000BFFEE7704700001CB598E0642004F07D
:10274000AFFC4B48007800B349480078012806D117
:10275000002348A202215A20FFF706F91BE0444853
:102760000078022806D1002343A202215A20FFF755
:10277000FBF810E03E48007803280CD100233FA26C
:1027800002215A20FFF7F0F805E000233CA20221C5
:102790005A20FFF7E9F83B480088FDF7ADFF0546F2
:1027A000394A3A4BFDF7ADFE0746FDF7DFFF044619
:1027B0000020012102232246CDE9001003211E2022
:1027C000FFF7F2F80020009001903148B0F90A209C
:1027D000062303215A20FFF7E7F8642004F060FC89
:1027E00000200321CDE900102A48B0F9000000EBD9
:1027F00080004200022305211E20FFF7D5F80020AB
:102800000221CDE900102448B0F900200523194623
:102810006020FFF7C9F821480022214BD0E9005180
:102820002846FDF76EFE0746FDF7A0FF0446002090
:1028300002210B462246CDE9001006211E20FFF79B
:10284000B3F818480022164BD0E900512846FDF78E
:1028500058FE0746FDF78AFF0446002002210B467A
:102860002246CDE9001006215A20FFF79DF865E7C2
:102870005D0000205053320041505000524D530033
:10288000524F5300360000209A9999999999B93F6F
:10289000900100205E00002048010020700100200F
:1028A00000005940800100201948007801282ED1ED
:1028B0001748C078C0F1800016490978494248435A
:1028C00000B21549C88012484078C0F17800134919
:1028D00009784942484300B2114908800C48007900
:1028E000002808DD0B480078401C0A4908700120C8
:1028F0000C4908700BE006480079002807DA054803
:102900000078401E0349087001200649087070478E
:10291000580000209C000020480100209D0000205D
:102920005E0000205000002030B589B0044600F061
:10293000DBFB082001F064F901202749086007202B
:1029400000F01CFC0546FEF7F7FE01A800F02CFC89
:10295000D0BB9DF80520002319461846FEF708FF56
:102960009DF80400552815D19DF805007E2811D149
:102970009DF80C007E280DD19DF80D00552809D139
:102980009DF8060020709DF8070060709DF8090012
:10299000E0701FE09DF8050055281BD19DF806004A
:1029A0007E2817D19DF80D007E2813D19DF80E00CA
:1029B00055280FD19DF8070020709DF80800607021
:1029C0009DF80A00E07005E0FFE700200349087069
:1029D0000349087009B030BD88812242B000002050
:1029E000B10000202DE9F04102460025002600201C
:1029F00000230024002791F803C00CF00F0591F884
:102A000003C00CF0100CBCF1000F03D091F802C011
:102A10004CEA050591F800C0BCF1000F31D01468F4
:102A200000202BE04FF0010C0CFA00F3B1F800C0CD
:102A30000CEA03069E4220D183004FF00F0C0CFAE3
:102A400003F7BC4305FA03FC4CEA040491F803C005
:102A5000BCF1280F06D14FF0010C0CFA00FCC2F8B3
:102A600014C00AE091F803C0BCF1480F05D14FF043
:102A7000010C0CFA00FCC2F810C0401C0828D1D38D
:102A80001460B1F800C0BCF1FF0F34DD54680020C1
:102A90002EE000F1080C4FF0010808FA0CF3B1F831
:102AA00000C00CEA03069E4221D183004FF00F0CB8
:102AB0000CFA03F7BC4305FA03FC4CEA040491F852
:102AC00003C0BCF1280F05D100F1080C08FA0CF87E
:102AD000C2F8148091F803C0BCF1480F07D100F18F
:102AE000080C4FF0010808FA0CF8C2F81080401CDE
:102AF0000828CED35460BDE8F0810000F0B50A4646
:102B0000002300240021002500F00046B6F1004F0C
:102B100002D11D4EF16901E01B4E7168C0F30345FF
:102B200083B200F44016B6F5401F08D121F0706161
:102B3000154E766826F07066134F7E6012E000F442
:102B40008016B6F5801F06D1032606FA05F4A143C8
:102B500041F0706106E0460D360103FA06F6B14316
:102B600041F0706122B1460D360103FA06F6314399
:102B700000F00046B6F1004F02D1034EF16101E0D2
:102B8000014E7160F0BD00000000014002460020CF
:102B900093680B400BB1012000E0002070474161B9
:102BA0007047016170470AB1016100E041617047FF
:102BB00000BFFEE710B500200E4908600E4800680F
:102BC00020F470400C4908600846006840F440500A
:102BD000086000200949C1F8AC010120FEF7FEFAA7
:102BE000012004490860FEF7F9FA00200349C1F802
:102BF000B00110BDB0012142040801400000214293
:102C000010B500200E4908600E48006820F470409E
:102C10000C4908600846006840F4405008600120F4
:102C20000949C1F8AC01FEF7D9FA0120044908604E
:102C3000FEF7D4FA00200449C1F8B00110BD00002D
:102C4000B0012142040801400000214270B5054650
:102C500000241748006820F47040154908600846B1
:102C6000006840F400400860002616E0002011498A
:102C700008600220FEF7B2FA01200F49C1F8B00146
:102C80006006040E0B488438006808B1601CC4B2AA
:102C90000220FEF7A3FA701CC6B2082EE6DB15B1BF
:102CA000FFF788FF01E0FFF7ABFF204670BD000093
:102CB00004080140B00121420000214270B50446E1
:102CC0001448006820F47040124908600846006803
:102CD00040F44050086000200F490860002516E0CD
:102CE000E0090D49091F08606006040E0120FEF787
:102CF00075FA01200949C1F8B001FEF76FFA00200A
:102D0000054908600120FEF769FA681CC5B2082D64
:102D1000E6DB70BD04080140B00121420000214201
:102D200010B51648006820F4704014490860084641
:102D3000006840F4405008600120114908601148C3
:102D4000D0F82C0108B9002010BD01200C49091D44
:102D50000860FEF743FA00200A49C1F8AC010848B0
:102D60008038006808B10020EEE70120FEF736FA4F
:102D700000200349091D08600120E5E7040801401F
:102D8000AC0121420000214210B50E48006820F439
:102D900070400C4908600846006840F440500860E4
:102DA0000020094908600949C1F8AC010120FEF77B
:102DB00015FA0120044908600449C1F8AC01FEF786
:102DC0000DFA10BD04080140B0012142000021426B
:102DD00010B500241548006820F4704013490860BD
:102DE0000846006840F4004008600120104908606F
:102DF000FEF7F4F901200F49C1F8B001FEF7EEF932
:102E00000AE0601CC4B2322C03DDFFF7BDFF0020D6
:102E100010BD0120FEF7E2F905488038006800285F
:102E2000EFD10349091D08600120F1E704080140C2
:102E3000AC0121420000214210B51A48B0F900004F
:102E4000B0F5617F03DD4FF46170164908801548C5
:102E5000B0F9000010F5617F03DA4FF67C401149AC
:102E600008801048B0F90200B0F5617F03DD4FF42F
:102E700061700C4948800B48B0F9020010F5617F81
:102E800003DA4FF67C40074948800649B1F9000053
:102E9000FFF7E6F803494988494208B2FFF70AF903
:102EA00010BD00006000002039E0FEF7A9FA0028FC
:102EB00032D0322004F0F4F8FEF7A2FA60B3002416
:102EC00017E0322004F0ECF8FEF79AFA00B912E0AD
:102ED0003C2C0CD14FF400511148FFF762FEC82082
:102EE00004F0DEF84FF400510D48FFF758FE601C67
:102EF000C4B2C82CE5DB00BF142C0CDA09480078FA
:102F0000062805DA07480078401C0649087002E0E8
:102F100001200449087000BF322004F0C1F8C4E762
:102F200000100140300000202DE9F04106460F4618
:102F300014461D46FFF7F4FE10B90120BDE8F081EC
:102F40007106080EFFF7BAFEFFF742FF18B9FFF748
:102F50001BFF0120F2E73846FFF7B0FEFFF738FF0E
:102F6000FFF7DEFE012101EB4601C8B2FFF7A6FE26
:102F7000FFF72EFF0DE0012C04D10020FFF766FEC5
:102F8000287003E00120FFF761FE28706D1C601EB1
:102F9000C4B2002CEFD1FFF7F7FE0020CEE72DE9F9
:102FA000F04105460E4617469846FFF7B9FE10B9A0
:102FB0000120BDE8F0816906080EFFF77FFEFFF7EC
:102FC00007FF18B9FFF7E0FE0120F2E73046FFF7F0
:102FD00075FEFFF7FDFE00240BE018F80400FFF774
:102FE0006DFEFFF7F5FE18B9FFF7CEFE0020E0E713
:102FF000641CBC42F1DBFFF7C7FE0020D9E770B5C7
:1030000004460D461646F2B22B4621466820FFF7CD
:103010008BFF70BD13B5044601AB01222146682029
:10302000FFF7BDFF1CBD00BFFEE7704700B587B0CE
:103030000121382000F03AFA4FF48050ADF8180022
:1030400028208DF81B0006A92148FFF7CBFC04209F
:10305000ADF8180006A91F48FFF7C4FC4FF48050D4
:10306000ADF8180006A91C48FFF7BCFC00F076FD7F
:1030700000211A4800F0D8FD0020ADF804004FF4FC
:103080008270ADF806000020ADF80800ADF80A0027
:10309000ADF80C004FF40070ADF80E000820ADF84C
:1030A00010000020ADF812000720ADF8140001A9AF
:1030B0000A4800F0D3FD0121084800F0B5FD0020CA
:1030C0000749086001200749C1F8B00107B000BDF9
:1030D0000010014000140140000C01400038004085
:1030E000888122420080214210B5002011490860E9
:1030F000052211492A2000F087F80121212000F043
:10310000A1F80121222000F09DF80021252000F0E7
:1031100099F82021312000F095F80F21262000F0A9
:1031200091F80F21202000F08DF801200349C1F80B
:10313000880110BD888122427690000800802242DA
:103140002DE9F04107460D46164600200A49086061
:10315000384600F02BFD8046002405E0FF2000F0FB
:1031600025FD2855601CC4B2B442F7DB012002499A
:1031700008604046BDE8F081B081214270B5044648
:10318000002007490860204600F010FDFF2000F0F5
:103190000DFD054601200349C1F8B001284670BD68
:1031A000B08121420080214270B50446082000F021
:1031B00027FD0720FFF7E2FF0546002010490860C1
:1031C0002946272000F03EF801200E49C1F8880169
:1031D00005F0400088B1202221466120FFF7B0FFB2
:1031E000002007490860FF21E22000F02BF80120B1
:1031F0000449C1F88801002070BD0120FCE70000EF
:1032000088812242008022422DE9F04107460C4687
:10321000154600200A490860384600F0C7FC804681
:10322000002605E014F8010B00F0C0FC701CC6B2CB
:10323000AE42F7DB0120024908604046BDE8F0815C
:10324000B081214270B505460C4600200749086050
:10325000284600F0ABFC0646204600F0A7FC012003
:103260000349C1F8B001304670BD0000B081214271
:103270000080214270B5002100230F22C47804B3DE
:10328000154C246804F4E064C4F5E064210AC1F13B
:103290000403CA40447804FA03F1847814402143BB
:1032A00009010E4C0678A155047804F01F0501248D
:1032B000AC4005786D11AD0005F1E025C5F8004181
:1032C00009E0047804F01F050124AC40044D0678A1
:1032D000761145F8264070BD0CED00E000E400E0FA
:1032E00080E100E002490143024A1160704700009A
:1032F0000000FA050CED00E000BF04F005FE0C49EB
:10330000086014E014210A4803F006FF0948FFF79B
:103310000BFB09480078042809D0064800780128EA
:1033200005D1042004490870012004490870E9E728
:1033300070000020580000205D0000205000002098
:1033400070B504460D4605F1B001C8B200F00CF8A6
:10335000102141EA141000F007F804F00F0141F0C9
:10336000010000F001F870BD10B5044610210548B9
:10337000FFF715FC204600F0D5FB10210148FFF7B0
:1033800010FC10BD0008014010B50446204600F0B6
:10339000C9FB10BD1CB5044600200190012000901F
:1033A00027E09DF80000204018B101201449086072
:1033B00002E000201249086000201149083108602D
:1033C0001020FDF70BFF0F48D0F8000128B19DF841
:1033D00004009DF8001008430190012008490831BD
:1033E00008601020FDF7FAFE9DF800004006000E70
:1033F00000909DF800000028D3DC9DF804001CBD5F
:10340000840122420000224200BF04F07DFD0D49EC
:10341000086016E014210B4803F07EFE0A48FEF710
:10342000BFFC0A48007801280BD0074840780828DC
:1034300007D10548807920B9012004490870044962
:103440000870E7E76C000020510000205D000020BC
:103450005000002001460020034A506820F44040FC
:1034600008435060704700000010024029B1064A2E
:10347000D2690243044BDA6104E0034AD269824311
:10348000014BDA61704700000010024029B1064A82
:1034900012690243044B1A6104E0034A1269824331
:1034A000014B1A61704700000010024029B1064A22
:1034B00092690243044B9A6104E0034A9269824391
:1034C000014B9A61704700000010024029B1064A82
:1034D000D2680243044BDA6004E0034AD2688243B4
:1034E000014BDA60704700000010024030B5002147
:1034F0000022002400232D4D6D6805F00C0121B140
:10350000042905D0082923D105E0294D056022E0D2
:10351000274D05601FE0254D6D6805F47012234DA1
:103520006D6805F48034022505EB92421CB9214DEB
:10353000554305600BE01D4D6D6805F400351DB168
:103540001C4D5543056002E0194D5543056002E0EE
:10355000174D056000BF00BF144D6D6805F0F00108
:103560000909154D6B5C0568DD4045600F4D6D68C0
:1035700005F4E061090A104D6B5C4568DD4085602B
:103580000A4D6D6805F46051C90A0B4D6B5C4568C6
:10359000DD40C560054D6D6805F44041890B074D60
:1035A0006B5CC568B5FBF3F5056130BD00100240EA
:1035B00000127A0000093D00280100203801002097
:1035C0002DE9F04F8FB0FDF72DFE00B20990FDF709
:1035D00082F88246D24AD34BFCF793FF81F0004138
:1035E000CDE90A01FDF70DF90D90FDF7F7F8CE4A88
:1035F00003C20020FDF778FEFDF77AFE00B20990C5
:10360000FDF769F8C64AC74BCDE90A01FCF779FF17
:103610008246FDF7F6F80D90FDF7E0F8C34A03C2C5
:103620000020FDF7BDFEC248B0F9060040F2DC51B3
:10363000884202DD0846BE49C880BD48B0F9060090
:10364000BC49884203DA4FF62420B949C880B849FA
:10365000B1F90600FDF73FF80022B74BCDE90C01A8
:10366000FCF7C1FF8246FDF7CCF80446B348B0F939
:103670000000FDF730F80022AF4BCDE90C01FCF75C
:10368000B2FF8246FDF7BDF806463046FDF7A6F8C4
:10369000CDE90A0103F01CFB02460B46CDE90C0103
:1036A0004FF06040A649FCF79EFF8246FDF7A9F85F
:1036B0008046A248008800287CD04046FDF78EF85E
:1036C000CDE90A014046FDF789F882469D4A9E4BA6
:1036D000FCF711FFCDE906012046FDF77FF8CDE9A3
:1036E0000401DDE90623FCF70CFFCDE90801DDE963
:1036F0000A23FCF778FFCDE90C01FDF782F88A492F
:1037000088604046FDF76AF8CDE90A014046FDF7BA
:1037100065F88C4A8C4BCDE90401FCF74BFECDE9F2
:1037200008012046FDF75AF8CDE90601DDE9082336
:10373000FCF7E7FE8246DDE90A23FCF754FFCDE9FA
:103740000C01FDF75EF8794988603046FDF746F8D0
:103750007E4A7F4BCDE90001FCF7D3FE824603F0A1
:10376000B7FA02460B46CDE902014FF060407449BA
:10377000FCF739FF734A744BCDE90401FCF71AFEDC
:1037800002460B46CDE906014FF060406C49FCF75C
:103790002AFFCDE9080102F0BFFA6E4A6E4BCDE96F
:1037A0000A01FCF7AEFECDE90C01FDF72AF805464B
:1037B00005E0FFE75C4884605C488460002528469B
:1037C000FDF70CF88246654A654BFCF79AFECDE999
:1037D00006012846FDF702F8CDE902012846FCF76C
:1037E000FDFF82465F4A604BFCF78BFECDE900018E
:1037F000DDE90223FCF785FECDE90401DDE90623BE
:10380000FCF7D8FD81F000410022584BCDE90801BA
:10381000FCF777FE564A574BCDE90A01FCF7E3FE69
:10382000CDE90C01FCF7EDFF074653493846FCF79C
:1038300051FD83460021FCF7F5FC8246FCF769FF49
:103840000FFA80F94846FEF75FFC3748D0E90021BF
:103850001046FCF7D6FF8246334988685146FEF78A
:103860007DFC314988813149D1E900211046FCF7BE
:10387000C8FF82462D4988685146FEF7D3FC2B4984
:10388000888129498989494208B2FDF7EBFD27491A
:10389000B1F90C00FDF710FE2349D1E900A181F038
:1038A0000043224903C95246CDE90601FCF782FDD7
:1038B00000224FF08043CDE90801FCF794FE00227E
:1038C0001D4BCDE90A01FCF71CFECDE90C01FCF70C
:1038D0004DFF00B216490880002048801249D1E906
:1038E00000A181F00043114803C85246CDE906010A
:1038F000FCF760FD134A214BCDE90801FCF773FE8C
:1039000000220D4BCDE90A01FCF7FBFDCDE90C01CE
:10391000FCF72CFF00B2064988800FB0BDE8F08F9D
:10392000E3775F723A55733F7001002080010020F9
:103930004801002024FAFFFF00408F405E00002075
:10394000CEF7C33F1F85EB51B81EB53FCAC342AD8A
:1039500069DE913F144C77B6D7A54C409BE61DA776
:10396000E848F33F091B9E5E29CB703F008066400C
:10397000A7E8482EFF21094000002041B81EC53F9E
:1039800010B51B48FDF726FE1948408819490880E4
:1039900017480088404200B24880154880888880D7
:1039A0001548FDF737FE1448008814490988084473
:1039B00000B21149088008464088104949880844E7
:1039C00000B20D494880084680880C49898808441F
:1039D00000B209498880084640880649C8800648E0
:1039E0000088404200B2088103488088488110BDA9
:1039F00038000020900100203E00002044000020FC
:103A000010B529480088000A28490870264800781F
:103A1000487025484088000A887023488078C8701C
:103A200021488088000A08711F48007948711E48A3
:103A3000C088000A88711C488079C8711A480089BA
:103A4000000A08721848007A487217484089000A2C
:103A500088721548807AC87215480088000A087371
:103A600013480078487312484088000A8873104849
:103A70008078C8730E488088000A08740C48007962
:103A800048740C480088001288740A480078C8748A
:103A9000102214210548FEF789FD10221421034845
:103AA000FEF778FC10BD0000900100209C01002072
:103AB000480100203600002000BF04F025FA174915
:103AC000086029E01421154803F026FB144800780B
:103AD000D0B113480078012802D1FDF7D9F913E0DD
:103AE0000F480078022802D1FDF71EF90CE00C48BF
:103AF0000078032802D1FDF7D5FA05E008480078E0
:103B0000042801D1FEF7D0FEFEF77CF9FFF794F907
:103B1000FFF736FFFFF774FFD4E7000064000020D2
:103B20005D00002010B5044600BF02210A4800F0E5
:103B300087F80028F9D02146074800F08DF800BF2B
:103B40000121054800F07CF80028F9D0024800F077
:103B500080F8C0B210BD00000030014008B501215E
:103B60000820FFF7A3FC4FF46040ADF800001820D8
:103B70008DF8030003208DF8020069460948FEF71E
:103B800031FF01218803FFF771FC4FF460410548C4
:103B9000FFF707F80121044800F046F8FF2000F085
:103BA00005F808BD000C01400038004070B505461E
:103BB000002405E0601CC4B2C82C01DD002070BDEB
:103BC00002210E4800F03CF80028F3D029460B48AB
:103BD00000F042F8002405E0601CC4B2C82C01DDEE
:103BE0000020ECE70121054800F02AF80028F3D076
:103BF000024800F02EF8C0B2E1E7000000380040B3
:103C000010B50446074800884FF6C77108400549BB
:103C1000088008460088204308800121014800F000
:103C200003F810BD0038004021B1028842F0400284
:103C3000028004E002884FF6BF731A40028070478A
:103C40000246002013890B400BB1012000E0002048
:103C500070470146888970478181704710B50022FE
:103C6000028802F441520B884C8823438C882343FA
:103C7000CC8823430C8923434C8923438C892343D9
:103C8000CC8923431A430280838B4FF2FF74234075
:103C900083830B8A038210BD10B500F001F810BDBC
:103CA0000CB50020019000903348006840F480304B
:103CB0003149086000BF3048006800F400300090CF
:103CC0000198401C0190009818B90198B0F5A06FB8
:103CD000F1D12948006800F4003010B101200090B3
:103CE00001E0002000900098012843D1234800689B
:103CF00040F01000214908600846006820F00300E9
:103D000008600846006840F0020008601A484068F1
:103D1000194948600846406848600846406840F4D1
:103D2000806048600846406820F47C10486008467F
:103D3000406840F4E81048600846006840F0807031
:103D4000086000BF0C48006800F000700028F9D03F
:103D50000948406820F00300074948600846406869
:103D600040F00200486000BF0348406800F00C00CB
:103D70000828F9D10CBD00000010024000200240CC
:103D80002DE9FF41074655260020FEF769F900207E
:103D9000FEF790F90020FEF7B7F900252BE04FF46D
:103DA00080717B48FEF7FBFE1420FDF70DFA4FF4FF
:103DB00080717748FEF7F5FE1420FDF705FA02A89A
:103DC000FDF728FC73480088BDF80810084400B2CD
:103DD0007049088008464088BDF80A10084400B2BF
:103DE0006C49488008468088BDF80C10084400B231
:103DF000684988806D1C0A2DD1DB6648B0F9000047
:103E000040420A2190FBF1F000B262490880084666
:103E1000B0F9020040420A2190FBF1F000B25D4986
:103E200048800846B0F9040040420A2190FBF1F0B6
:103E300000B258498880002522E000240BE0E0060B
:103E4000060E4FF480715248FEF7A9FE1420FDF7CC
:103E5000BBF9601CC4B21E2CF1DB14240DE004EB92
:103E600044008006060E4FF480714948FEF799FE23
:103E70001420FDF7A9F9601EC4B2002CEFDC6D1C04
:103E8000032DDADB4FF480714148FEF788FE4FF4D2
:103E900000514148FEF785FE6420FDF795F94FF487
:103EA00000513D48FEF77BFEFDF746FC00233BA298
:103EB00019461846FDF758FD00233EA20221184678
:103EC000FDF752FD002341A202211E20FDF74CFD0B
:103ED000002340A203211846FDF746FD002343A21C
:103EE00004211846FDF740FD002346A2052118468F
:103EF000FDF73AFD002349A206211846FDF734FDDF
:103F000002F062FF4B48032100234FF48072CDE999
:103F1000001049A14B4803F0B7FF4B480421002390
:103F20008022CDE9001049A14B4803F0ADFF4B487A
:103F3000062100238022CDE9001049A14B4803F05F
:103F4000A3FF4B480A2100238022CDE9001049A19C
:103F50004B4803F099FF4B480B2100238022CDE909
:103F6000001049A14B4803F08FFF4B480C21002360
:103F70004FF48072CDE9001048A14B4803F084FF54
:103F80004A48006803F038F902F060FFBDE8FF819D
:103F90000008014044000020001001402020202A99
:103FA000205441524B424F5420414B4D202A202057
:103FB00020000000205665723A56302E3030204DD9
:103FC0006F643A524F5320202000000056312E30AB
:103FD0003000000020566F6C3A31322E32562047A6
:103FE000797A3A3030303030200000002D2D2D2DE0
:103FF0002D2D2D2D2D2D2D2D2D2D2D2D2D2D2D2DF1
:104000002D00000020416E673A3030302E303020D5
:1040100056656C3A302E303030200000204D54412F
:104020003A30302E3030204D54423A2D302E303040
:104030002000000004000020526F626F745F546122
:10404000736B0000B93A0008080000204B65795FE7
:104050005461736B00000000A92E00080C000020C2
:10406000446973705F5461736B0000003927000866
:10407000100000205472697669615F5461736B00AF
:104080009D4A0008140000205073325F5461736B26
:104090000000000009340008180000204E72665F1E
:1040A0005461736B00000000F9320008000000202A
:1040B000042808D14FF0E021096941F004014FF0D4
:1040C000E022116107E04FF0E021096921F00401CD
:1040D0004FF0E0221161704710B503F005FF012891
:1040E00001D003F07BFB10BD10B51348006840F011
:1040F00001001149086008464068104908400E490F
:104100004860084600680E4908400B4908600846A8
:10411000006820F4802008600846406820F4FE0013
:1041200048604FF41F008860FFF7B6FD4FF0006055
:104130000449086010BD0000001002400000FFF8B4
:10414000FFFFF6FE08ED00E0F0B50C461546002234
:104150000021068C4FF6FE773E400684028B018CD0
:104160004FF60C7632407E1C06EA03162E4332438D
:10417000104EB0420ED0104EB0420BD0B0F1804F76
:1041800008D00E4EB04205D00D4EB04202D00D4EBA
:10419000B04206D14FF6FD76314044F0010631437E
:1041A00005E04FF6F576314044F0010631430283D5
:1041B0000184F0BD002C01400034014000040040A7
:1041C00000080040000C0040F0B50C4615460022E7
:1041D00000210026078C4FF6EF7C07EA0C070784C6
:1041E000028B018C4FF6FF7707EA041640F6FF4773
:1041F0003A404FF6FF7707EA03373A434FF6FF7727
:1042000007EA05273A43114FB8420ED0104FB84283
:104210000BD0B0F1804F08D00E4FB84205D00E4FF2
:10422000B84202D00D4FB84206D14FF6DF77394081
:1042300046F01007394305E04FF65F77394044F008
:104240001007394302830184F0BD0000002C0140B7
:10425000003401400004004000080040000C004011
:10426000F0B50C461546002200210026078C4FF6BB
:10427000FF6C07EA0C070784828B018C4FF6FF77EF
:1042800007EA04264FF60C773A404FF6FF7707EA25
:1042900003172F433A43114FB8420ED0104FB84284
:1042A0000BD0B0F1804F08D00E4FB84205D00E4F62
:1042B000B84202D00D4FB84206D14FF6FF573940F1
:1042C00046F48077394305E04FF2FF57394044F414
:1042D0008077394382830184F0BD0000002C0140C7
:1042E000003401400004004000080040000C004081
:1042F000F0B50C461546002200210026078C4EF62C
:10430000FF7C07EA0C070784828B018C4FF6FF774E
:1043100007EA043640F6FF473A404FF6FF7707EAD0
:1043200005273A434FF6FF7707EA03373A43114F21
:10433000B8420ED0104FB8420BD0B0F1804F08D029
:104340000E4FB84205D00E4FB84202D00D4FB842C2
:1043500006D14DF6FF77394046F48057394305E0E2
:1043600047F6FF57394044F480573943828301842C
:10437000F0BD0000002C014000340140000400406A
:1043800000080040000C004021B1028842F0800289
:10439000028004E002884FF67F731A400280704763
:1043A00021B1028842F00102028004E002884FF647
:1043B000FE731A400280704731B1B0F8442042F4D5
:1043C0000042A0F8442005E0B0F84420C2F30E02F9
:1043D000A0F844207047000010B5044668488442A5
:1043E00008D10121C014FFF771F80021E014FFF794
:1043F0006DF8C4E0B4F1804F08D101210846FFF701
:1044000045F800210120FFF741F8B8E05D488442FB
:1044100008D101210220FFF739F800210220FFF71F
:1044200035F8ACE05848844208D101210420FFF758
:104430002DF800210420FFF729F8A0E0534884421A
:1044400008D101210820FFF721F800210820FFF7FB
:104450001DF894E04E48844208D101211020FFF756
:1044600015F800211020FFF711F888E04948844230
:1044700008D101212020FFF709F800212020FFF7B3
:1044800005F87CE04448844208D101214014FFF73C
:104490001DF800216014FFF719F870E03F488442CE
:1044A00009D10121C804FFF711F800214FF40020C1
:1044B000FFF70CF863E03A48844209D1012108056E
:1044C000FFF704F800214FF48010FEF7FFFF56E0DD
:1044D0003448844209D101214805FEF7F7FF002145
:1044E0004FF40010FEF7F2FF49E02F48844208D154
:1044F00001214020FEF7CAFF00214020FEF7C6FF41
:104500003DE02A48844208D101218020FEF7BEFF09
:1045100000218020FEF7BAFF31E02548844208D10F
:1045200001218015FEF7B2FF0021A015FEF7AEFFB6
:1045300025E02048844209D101210804FEF7C6FF86
:1045400000214FF48030FEF7C1FF18E01A48844282
:1045500009D101214804FEF7B9FF00214FF40030D2
:10456000FEF7B4FF0BE01548844208D1012188040E
:10457000FEF7ACFF00214FF48020FEF7A7FF10BD2F
:10458000002C01400004004000080040000C0040E6
:10459000001000400014004000340140004C014075
:1045A000005001400054014000180040001C004031
:1045B000002000400040014000440140004801400C
:1045C000F0B50C4615461E46002100220023018945
:1045D000028B038C4FF6F877394021434FF6FC47A6
:1045E0003A4040F201173A434FF6DD773B404FF631
:1045F000FF7707EA06172F433B43018102830384B9
:10460000F0BD000070B505460C46244885420ED02A
:10461000234885420BD0B5F1804F08D02148854210
:1046200005D02148854202D02048854200D100E0D3
:1046300000BF208850B92389A28861882846FFF7E7
:1046400083FDE188284600F0A1F925E020880428B0
:104650000AD12389A28861882846FFF7B5FDE18841
:10466000284600F09CF917E0208808280AD1238901
:10467000A28861882846FFF7F3FDE188284600F00C
:104680009BF909E02389A28861882846FFF730FE5C
:10469000E188284600F099F970BD0000002C014027
:1046A000003401400004004000080040000C0040BD
:1046B000002101804180012181800021C180018190
:1046C0007047000070B5002400220023058C4FF6CF
:1046D000FE7635400584028C8388048B4FF68F75F7
:1046E0002C40B51E2C400D882C43751E2A400D8988
:1046F0002A434D882A43144DA8420BD0134DA8429B
:1047000008D0134DA84205D0124DA84202D0124D38
:10471000A84213D14FF6F7752A404D892A434FF628
:10472000FB752A408D882A434FF6FF652B404FF6D4
:10473000FF552B408D892B43CD892B4383800483E8
:10474000CD888586028470BD002C01400034014074
:104750000040014000440140004801400A46002159
:10476000018B4FF6F7731940114301837047000026
:1047700070B5002400220023058C4FF6EF763540FB
:104780000584028C8388048B48F6FF752C404FF615
:10479000FF452C400D884FF6FF7606EA05252C4391
:1047A0004FF6DF752A400D8906EA05152A434D8824
:1047B00006EA05152A43154DA84202D0144DA84219
:1047C0001DD14FF67F752A404D894FF6FF7606EAD8
:1047D00005152A434FF6BF752A408D8806EA051550
:1047E0002A434FF6FF352B404FF2FF752B408D8942
:1047F00006EA85052B43CD8906EA85052B43838090
:104800000483CD880587028470BD0000002C014020
:10481000003401400A460021018B4FF2FF7319401A
:104820004FF6FF7303EA0223194301837047000028
:1048300070B5002400220023058C4FF6FF6635403A
:104840000584028C8388848B4FF68F752C404FF63D
:10485000FC752C400D882C434FF6FF552A400D89DE
:104860004FF6FF7606EA05252A434D8806EA052518
:104870002A43154DA84202D0144DA8421DD14FF233
:10488000FF752A404D894FF6FF7606EA05252A4333
:104890004FF6FF352A408D8806EA05252A434EF655
:1048A000FF752B404DF6FF752B408D8906EA0515E7
:1048B0002B43CD8906EA05152B4383808483CD885D
:1048C0008587028470BD0000002C01400034014047
:1048D0000A460021818B4FF6F773194011438183FB
:1048E0007047000070B5002200230024058C4EF6AE
:1048F000FF7635400584038C8488828B48F6FF75EB
:104900002A404FF6FF452A400D884FF6FF7606EA0B
:1049100005252A434DF6FF752B400D8906EA05351E
:104920002B434D8806EA05352B430B4DA84202D098
:104930000A4DA84208D14BF6FF752C408D894FF6E1
:10494000FF7606EA85152C4384808283CD88A0F803
:104950004050038470BD0000002C01400034014031
:104960000A460021818B4FF2FF7319404FF6FF7307
:1049700003EA0223194381837047818670470187C8
:10498000704781877047A0F840107047028B4FF640
:10499000F3731A400283028B0A4302837047028B2F
:1049A0004FF2FF331A400283028B4FF6FF7303EA84
:1049B00001231A4302837047828B4FF6F3731A4028
:1049C0008283828B0A4382837047828B4FF2FF334C
:1049D0001A408283828B4FF6FF7303EA01231A4346
:1049E00082837047002202881D4B98420ED01D4BD7
:1049F00098420BD0B0F1804F08D01B4B984205D0A5
:104A00001A4B984202D01A4B984204D14FF68F733A
:104A10001A404B881A43174B984207D0164B9842BE
:104A200004D04FF6FF431A40CB881A4302808B888C
:104A300083850B8803850A4B98420BD0094B98421B
:104A400008D00E4B984205D00D4B984202D00D4B2A
:104A5000984201D10B7A03860123838270470000BC
:104A6000002C0140003401400004004000080040D8
:104A7000000C0040001000400014004000400140C5
:104A800000440140004801404FF6FF718180002141
:104A90000180C180418001727047000009E1FDF78B
:104AA000CDFD8449088008460088B0F5856F64DC38
:104AB00010218148FEF76AF8C0F10100C4B2224615
:104AC00010217D48FEF76FF87A480088B0F57D7FA9
:104AD00057DA10217848FEF762F876480088B0F57A
:104AE000767F46DA75480088401C7449088008467D
:104AF00000880A2845DD4FF480717148FEF751F8AF
:104B000010216D48FEF74BF86E48006802F036FD44
:104B10006D48006802F032FD0020FCF7A3FC002085
:104B2000FCF7CAFCFCF708FE22E0002367A2032181
:104B30001846FCF719FF00236AA205211846FCF766
:104B400013FF4FF400515C48FEF72BF81E2002F0D3
:104B5000A7FA4FF400515848FEF721F84FF47A7045
:104B600002F09EFAFCF7E8FD4FF47A7002F098FA32
:104B7000DBE700205149088003E010214E48FEF792
:104B800010F85E480078032821D05C48007801289E
:104B90000FD101024A48FEF702F8642002F080FAC1
:104BA0004FF480714648FDF7FCFF0320534908701D
:104BB0000DE010214048FDF7F2FF642002F070FA8A
:104BC00010213D48FDF7EDFF03204C4908704C488B
:104BD0000078032833D04A48007801280FD14103D8
:104BE0003548FDF7DEFF642002F05AFA4FF4005119
:104BF0003148FDF7D4FF0320414908701FE04FF40E
:104C000000512D48FDF7CDFFC82002F049FA4FF4BE
:104C100000512948FDF7C3FF642002F041FA4FF428
:104C200000512548FDF7BDFFC82002F039FA4FF4C6
:104C300000512148FDF7B3FF032031490870314886
:104C4000007820B32F48007801280FD141031A487B
:104C5000FDF7A7FFC82002F023FA4FF400511648D1
:104C6000FDF79DFF00202749087010E04FF4005128
:104C70001148FDF796FF4FF47A7002F011FA4FF4E5
:104C800000510D48FDF78BFF00201E4908704FF4BE
:104C900080710B48FDF77AFFC0F10100C4B22246D3
:104CA0004FF480710648FDF77EFF4FF4FA7002F072
:104CB000F7F9F4E6360000200010014068000020FB
:104CC00000080140040000200C00002020202020CB
:104CD000204C6F7720706F77657220202020202075
:104CE000000000002020526F626F74206861732002
:104CF00073746F707065642000000000B1000020C4
:104D0000B00000205000002010B540F225514C4862
:104D100000F0BBFA002874D0494800F071FBC4B21F
:104D200048480078032823DA4648007838B9AA2C86
:104D30007ED14548047001204249087078E041481E
:104D4000007801280BD1552C05D13F484470022032
:104D50003C4908706CE000203A49087068E03A4825
:104D60008470032037490870601E384908705FE07E
:104D700035488078401E3349097888420EDD324834
:104D80003049097844542F480078401C2D49087058
:104D90002E48007820442D49087049E00020294918
:104DA00008702A480078844242D1002028490870BF
:104DB0002548C078502825D12348407922490979CF
:104DC00040EA012000B22349C8801F48C0791E492B
:104DD000897940EA012000B21E4908811A48407AC8
:104DE0001949097A40EA012000B21A4948810A4665
:104DF000B2F90A10B2F90600FBF72AFF164908803B
:104E000016E01BE01048C078602811D10E484079A8
:104E10000D49097940EA012000B2104908800A488A
:104E2000C0790949897940EA012000B20B494880DC
:104E3000012240F22551024800F051FA10BD000055
:104E4000004C0040A500002070020020A6000020B9
:104E50005D000020480100205E000020600000206E
:104E600010B540F225512C4800F00FFA002851D01F
:104E7000294800F0C5FAC4B228480078032823DA8C
:104E80002648007838B9AA2C3ED125480470012064
:104E90002249087038E02148007801280BD1552CB0
:104EA00005D11F48447002201C4908702CE00020E6
:104EB0001A49087028E01A488470032017490870BE
:104EC000601E184908701FE015488078401E13497D
:104ED000097888420EDD12481049097844540F4879
:104EE0000078401C0D4908700E48007820440D4998
:104EF000087009E00B480078844205D101200A4976
:104F00000870002005490870012240F2255102482E
:104F100000F0E5F910BD000000500040A80000209E
:104F2000C0020020A9000020A700002010B540F218
:104F300025514C4800F0A9F9002874D0494800F0E8
:104F40005FFAC4B248480078032823DA464800785C
:104F500038B9AA2C7ED14548047001204249087016
:104F600078E04148007801280BD1552C05D13F4805
:104F7000447002203C4908706CE000203A490870F7
:104F800068E03A488470032037490870601E384949
:104F900008705FE035488078401E334909788842C0
:104FA0000EDD32483049097844542F480078401CBF
:104FB0002D4908702E48007820442D49087049E09A
:104FC0000020294908702A480078844242D10020F4
:104FD000284908702548C078502825D123484079B1
:104FE0002249097940EA012000B22349C8801F48BC
:104FF000C0791E49897940EA012000B21E49088122
:105000001A48407A1949097A40EA012000B21A493F
:1050100048810A46B2F90A10B2F90600FBF718FEF9
:105020001649088016E01BE01048C078602811D1AE
:105030000E4840790D49097940EA012000B2104933
:1050400008800A48C0790949897940EA012000B2FC
:105050000B494880012240F22551024800F03FF9F7
:1050600010BD0000003801409F000020D00100204A
:10507000A00000205D000020480100205E0000200C
:105080006000002010B540F22551334800F0FDF8D3
:1050900000285FD0304800F0B3F9C4B22F48007840
:1050A000032823DA2D48007838B9AA2C4CD12C4893
:1050B000047001202949087046E02848007801283A
:1050C0000BD1552C05D12648447002202349087085
:1050D0003AE000202149087036E02148847003201E
:1050E0001E490870601E1F4908702DE01C4880781A
:1050F000401E1A49097888420EDD19481749097877
:10510000445416480078401C14490870154800782B
:1051100020441449087017E0002010490870114815
:105120000078844210D101200F4908700C48C078E3
:10513000302809D10A480079552805D102200B49A9
:10514000087001200A490870012240F225510248E6
:1051500000F0C5F810BD000000440040A20000208F
:1051600020020020A3000020A10000205D000020FC
:105170005000002010B540F22551304800F085F86D
:1051800000285AD02D4800F03BF9C4B22C480078D2
:1051900058B90F2C4BD12B48294909784454284839
:1051A0000078401C2649087041E0254800781828FE
:1051B00034DB94BB0120244908702448007803287C
:1051C00027D02048C07880111E49097940EA810023
:1051D0001C49497940EA8120C0F30A001C49088033
:1051E0001848807A40111749C97A40EAC100184925
:1051F00048800846008840F2DC51884209DD1448A6
:105200004088884205DD03201049087001201149BB
:10521000087000200A49087009E0FFE709480849BA
:105220000978445406480078401C0549087001225A
:1052300040F22551014800F052F810BD00480040EE
:10524000AB00002010030020AA0000205D00002019
:10525000AC0000205000002021B1828942F40052AD
:10526000828104E082894DF6FF731A408281704783
:1052700002460020B1F5007F00D100BF13880B402B
:105280000BB1012000E00020704770B502460024F9
:1052900000230025002040F66A16B14200D100BF6D
:1052A000C1F3421501F01F03012606FA03F3012D95
:1052B00002D19689334006E0022D02D1168A33408E
:1052C00001E0968A33400C12012606FA04F416888F
:1052D000344013B10CB1012000E0002070BDF0B5E6
:1052E0000346002400260025002040F66A17B94234
:1052F00000D100BF1846C1F3421401F01F06012778
:1053000007FA06F5012C01D10C3004E0022C01D182
:10531000103000E014301AB107682F43076002E034
:105320000768AF430760F0BD2DE9F04786B005463A
:105330000E460024A24600BFA1460027B08900B156
:1053400000BF2F462C8A4CF6FF700440F0880443BF
:105350002C82AC894EF6F3100440B08831890843A2
:10536000718908430443AC81AC8A4FF6FF40044086
:10537000B0890443AC8201A8FEF7B8F81F48874201
:1053800002D1DDF810A001E0DDF80CA0A88900F43E
:10539000004040B10AEBCA0000EB0A103168490036
:1053A000B0FBF1F807E00AEBCA0000EB0A10316825
:1053B0008900B0FBF1F86420B8FBF0F0040120098B
:1053C000642101FB1089A88900F4004040B132201B
:1053D00000EBC900B0FBF1F000F00700044308E067
:1053E000322000EB09106421B0FBF1F000F00F0057
:1053F00004432C8106B0BDE8F0870000003801406E
:1054000001468888C0F308007047C1F30802828013
:10541000704700BFFEE700000FB4054B10B503A9AD
:10542000044A029800F09CFB10BC5DF814FB0000DD
:10543000395F00083C010020490050EAC12018BF34
:1054400004204A0D18BF40F0010040F2FF72B2EB99
:10545000515F08BF40F00200012808BF05207047D7
:105460002DE9F74F144694B00021C4E902111599B3
:10547000079121F00045C9498D4206DC1599C4E920
:10548000000117B00020BDE8F08FC549DFF814A374
:10549000A9423CDD0799C44E0029C44FC44A15995E
:1054A000534619DDFBF727F8554506D0C14AC24BD4
:1054B000FBF721F8C4E900010AE04FF0D352BE4BDC
:1054C000FBF719F832463B46FBF715F8C4E9000133
:1054D00017B00120BDE8F08FFAF76CFF554506D0F4
:1054E000B44AB54BFAF766FFC4E900010AE04FF091
:1054F000D352B14BFAF75EFF32463B46FAF75AFFFA
:10550000C4E9000117B04FF0FF30BDE8F08FAB49A0
:10551000A942159978DB21F0004183468846A84AC4
:10552000A84BFAF7EEFF0022A74BFAF743FFFBF771
:105530001DF90990FBF7CFF806460F469C4A5346E3
:10554000FAF7DFFF43465A46FAF7D8FF80468A4605
:10555000984A994B30463946FAF7D3FF2A0D012570
:105560000B9242465346FAF7C9FF032DC4E90001E6
:1055700039D00B98C1F30A51401A05EB4511113986
:10558000814230DA9148C346784400EB0510CDF8EB
:105590000CA00C90D0E9002330463946FAF7B1FF51
:1055A00002460B460491069058460399FAF7A3FF6A
:1055B00080468A4602460B4658460399FAF79BFFF7
:1055C000049B069AFAF797FF83460C980391394695
:1055D000D0E902233046FAF794FF5A46039BFAF7C4
:1055E0008AFF6D1CBDE707980028A2BF099817B075
:1055F000BDE8F08F616881F000416160099817B0E3
:105600004042BDE8F08FFFE784461598C1F31301CF
:10561000C0F30A50A0F2F5304FEA601800F01F0600
:10562000C6F12000139000200690079041F4801EE0
:1056300005206D4676B1664A08EB00017A4452F8BF
:10564000213002EB8101B3404A68139922FA01F13B
:10565000194305E05F4908EB0002794451F8221034
:10566000A1FB0E27A1FB0C131A449A4234BF01235D
:10567000002303EB070A05EB8003D3E901B70F44CE
:105680008F4234BF0121002193448B4411B19345D3
:1056900002D903E0934501D2012100E00021C3E9D2
:1056A00001B7514445F82010011EA0F10100C1DCF2
:1056B0000298059F00F10050800F12900298DDE9DA
:1056C00003568000FBF707F8834628460D91FBF749
:1056D00013F86FF01D02FBF7A0F9CDE90E0130467B
:1056E000FBF70AF86FF03D02FBF797F980468A4610
:1056F0003846FBF701F86FF05D02FBF78EF90746BD
:10570000424653461191FAF755FEDDE90E23FAF7AA
:1057100051FE5A460D9BFAF74DFE00250E465A469D
:1057200028460D9BFAF7E7FEDDE90E23FAF7E3FEC4
:1057300042465346FAF7DFFE3A46119BFAF7DEFE81
:10574000DFF898A0244A5346FAF7DBFE074688465E
:10575000234A244B31462846FAF7D3FE3A464346BD
:10576000FAF728FE074688464FF0A84253463146CE
:105770002846FAF7C6FE3A464346FAF71BFE159A44
:1057800012F0004F04D0129A81F00041524212925E
:10579000C4E90001129817B0BDE8F08FFB21E93F82
:1057A0007CD90240FB21F93F7370032E8A19A33B79
:1057B000000040543163621A61B4D03DFB2139418D
:1057C00083C8C96D305FE43F0000E03F8C3B0000C0
:1057D000083B0000EA3A0000182D4454FB21F93D33
:1057E0003326A611460B113C2DE9F0414F1E00EB6C
:1057F000C7010446D1E9000115461E4637F00602EE
:105800000DD02A463346FAF77CFE7F1E04EBC70311
:10581000D3E90023FAF7CEFD37F00602F1D1022FCB
:1058200025D0042F13D0062F18BFBDE8F0812A46DB
:105830003346FAF766FED4E90A23FAF7BBFD2A4697
:105840003346FAF75EFED4E90823FAF7B3FD2A4699
:105850003346FAF756FED4E90623FAF7ABFD2A469B
:105860003346FAF74EFED4E90423FAF7A3FD2A469D
:105870003346FAF746FED4E90223FAF79BFD2A469F
:105880003346FAF73EFED4E90023BDE8F041FAF7CB
:1058900091BD00002DE9F04D04468CB0904821F0F8
:1058A0000047164698460D460991874206DA20467B
:1058B0002946FAF75BFF002800F0AE808948B8421D
:1058C0001CDC09980028BCBF85F0004588F0004822
:1058D000854A864B20462946FAF710FE04460D46B7
:1058E0003246434682488349FAF705FE22462B4654
:1058F000FAF760FD002604460D46B04622462B46C8
:1059000010461946FAF7FDFD8B46824602460B46C5
:10591000FAF7F7FD0246089077480B4600910621FA
:105920007844FFF761FFCDE90310744806217844FD
:10593000009B089AFFF758FF52465B46FAF7E1FDD5
:10594000CDE9051052465B4620462946FAF7D9FDB7
:1059500007910090DDE90310DDE90532FAF72AFD31
:10596000079B009AFAF7CDFD32464346FAF722FD2F
:1059700052465B46FAF7C5FD32464346FAF71AFD32
:1059800080460E465E4A5F4B07990098FAF7B9FDCC
:1059900042463346FAF70EFD82468B4622462B4698
:1059A000FAF708FD80464F480E46B84214985BDC73
:1059B000FAF791FE0746424633460591FAF7FAFC9C
:1059C000CDE901104246334610461946FAF799FDD3
:1059D000DDE90132FAF707FE52465B46FAF78BFD26
:1059E00022462B46FAF78AFD0122FBF716F83A46C3
:1059F000059BFAF783FD04460D460998022101EA4A
:105A0000A070C0F10100FAF766FE0CB022462B46EA
:105A1000BDE8F04DFAF775BD1498401C384320439B
:105A20000BD01498012812D00CB022462B46BDE8AA
:105A3000F04D00203449FAF7D6BD0CB025F00043F4
:105A40002246BDE8F04D00203049FAF7CCBD204693
:105A50002946FFF7F1FC042808BF00F063F8204650
:105A60000CB02946BDE8F08D012802BF40460CB0BD
:105A7000BDE8F08D00270B463A4620462946FAF746
:105A80003DFD52465B46FAF739FD04460D46424657
:105A9000334600201C49FAF7A6FD83463A4688465D
:105AA00033461046FAF72DFD0022184BFAF782FC18
:105AB00006468A4622462B4638464146FAF721FDDD
:105AC00032465346FAF776FC5A464346FAF719FD32
:105AD0000CB03A464346BDE8F04DFAF76BBC000007
:105AE0000000303E2894E53F182D4454FB21E93F47
:105AF000075C143326A6813CBC380000DE38000069
:105B0000635555555555D53F0000F0BF0000F03F97
:105B10000122FAF782BF0022134610461146FAF717
:105B200062BD0000024A00201107FAF776BF0000AC
:105B300001FDFFFF02E008C8121F08C1002AFAD1C8
:105B400070477047002001E001C1121F002AFBD1FD
:105B500070470000014908607047000040010020C4
:105B60002DE9FF4F8BB09A460F460546002606E00A
:105B700025280BD052460D9990476D1C761C28782D
:105B80000028F5D10FB03046BDE8F08F0024A046C4
:105B90000122604900E0044315F8013F203B02FA6E
:105BA00003F00842F7D128782E2817D115F8010FF5
:105BB00044F004042A280ED06FF02F022878A0F1B8
:105BC000300109290AD808EB880102EB410100EBFA
:105BD00001086D1CF2E757F8048B6D1C28786928C2
:105BE0003ED006DC0028CDD063280BD0642804D139
:105BF00036E0732810D075284BD052460D99904747
:105C0000761C85E017F8040B8DF8000000208DF855
:105C10000100E946012003E057F8049B4FF0FF30F4
:105C200061074FF0000401D40AE0641C44450DDA1A
:105C30008442FADB19F804100029F6D106E0641C4E
:105C40008442FCDB19F804100029F8D1264404E052
:105C500019F8010B52460D999047641EF8D257E08F
:105C600001CF4FF00A0B002802DA40422D2102E05A
:105C7000210504D52B218DF82410012103E0E10733
:105C800005D02021F7E70DF1200908910CE0002153
:105C9000F9E701CF4FF00A0BF9E75946FAF7E2FDB1
:105CA00001F1300209F8012D0028F6D1ADEB090011
:105CB00000F1200B600701D44FF00108D84502DD48
:105CC000A8EB0B0000E000208046002406E009A8B5
:105CD0005246005D0D999047641C761C08988442DA
:105CE000F5DB04E0302052460D999047761CB8F160
:105CF0000001A8F10108F5DC05E019F8010B524696
:105D00000D999047761CBBF10001ABF1010BF4DC5F
:105D10006D1C34E7092801002DE9F84F04460D46B3
:105D200021F0004000917349814211DC72498842A0
:105D300001DC06D12CB120462946BDE8F84FFFF71B
:105D4000E7BE6E48002DCCBF6D496E49BDE8F88FA7
:105D50006D49814211DD6D498142D8BF4FF0FF3658
:105D60006DDD20462946FFF767FB042808BFFFF7D3
:105D7000D9FE20462946BDE8F88F6549654F25F0D4
:105D80000045814233DD6449814219DD00263246F7
:105D90004FF0804320462946FAF70CFB80468A469E
:105DA000012220462946FAF738FE00223B46FAF740
:105DB000A2FB42465346FAF716FC04460D463EE067
:105DC00001260022BA463B4620462946FAF7F2FA57
:105DD00080460F460022534620462946FAF78BFBA1
:105DE00042463B46FAF7FFFB04460D4627E04B4987
:105DF00081421BDDDFF828A10226002253462046FF
:105E00002946FAF77EFB00223B46FAF7D3FA804692
:105E10000F460022534620462946FAF76CFB4246BD
:105E20003B46FAF7E0FB04460D4608E0032622460F
:105E30002B4600203B49FAF7D6FB04460D46224686
:105E40002B4610461946FAF75CFB8B468246024603
:105E50000B46FAF756FB07460246334888460B4680
:105E600006217844FFF7C0FC52465B46FAF749FB2F
:105E700082462E488B463A46434605217844FFF732
:105E8000B3FC3A464346FAF73CFB02460B46002E6B
:105E9000504659460CDAFAF78DFA22462B46FAF7A5
:105EA00030FB01B022462B46BDE8F04FFAF726BB87
:105EB000FAF780FA22462B46FAF723FB1C4A7A446B
:105EC00002EBC603D3E90023FAF715FB22462B4663
:105ED000FAF711FB174A7A4402EBC603D3E9002311
:105EE000FAF70CFB009A002AB8BF81F00041BDE828
:105EF000F88F0000000010440000F07F182D44547B
:105F0000FB21F93FFB21F9BF0000DC3F0000203EF0
:105F10000000F33F0000F03F0000E63F0080034038
:105F20000000F83F0000F0BF823200004032000065
:105F3000DE310000A631000070B504460D46E1B226
:105F40000548FFF762FA00BF40210348FFF790F9C8
:105F50000028F9D0204670BD003801401CB54FF430
:105F6000A060FDF7BFF9FCF713F8FBF7CFFAFBF7DA
:105F700003F90220FBF71AFA0120FBF717FAFBF7E7
:105F800049FAFBF72BFAFCF787FBFAF7B1FE4FF45F
:105F9000E130FCF7ABF94FF46130FCF7B3FA4FF4A2
:105FA000E130FCF75DFAFBF7A3FFFBF7B7FEFBF769
:105FB0003DF9FBF7A3F9FBF7F3FD00201C4908238B
:105FC0008022CDE900100146FBF784FCFDF72EF896
:105FD00040F6B830FBF7F8F8FBF73CFB0020FBF786
:105FE0007FFB0120FBF78BFBC820FBF790FB022017
:105FF000FBF77EFB4FF400510E48FCF7D2FD642006
:10600000FBF7E2F84FF400510A48FCF7C8FD6420A2
:10601000FBF7DAF80848012100238022CDE90010BF
:1060200006A1094801F030FF01F050FA00BFFEE779
:106030005084000800100140000000205374617279
:10604000745F5461736B0000813D00082DE9F041DD
:1060500005460E461C4807681C480068001D00F0F5
:1060600069FE50B91948006890F82C10012088404A
:1060700017490968814316480160681C38B936B170
:1060800012480168091D134800F092FE1AE07C19BD
:106090000E4800684460BC4207D20C480168091DE4
:1060A0000D48006800F06AFE0CE008480168091D10
:1060B0000A48006800F062FE09480068844201D284
:1060C00007480460BDE8F081C8000020B40000204B
:1060D000CC00002054060020BC000020B8000020A6
:1060E000E400002010B5044600F06EFE234800686E
:1060F000401C224908602248006840B920480460DA
:106100000846006801280DD100F0E6F90AE01D48B4
:10611000006838B91A480068C06AE16A884201D844
:106120001748046018480068401C1749086094F834
:106130002C1001208840154909680843134908605C
:10614000E16A01EB8101124A02EB8100211D00F09E
:106150002FFE00F07BFE0B48006868B1084800681D
:10616000C06AE16A884207D24FF08050094908604E
:10617000BFF34F8FBFF36F8F10BD0000C40000202E
:10618000B4000020D0000020E0000020CC0000205F
:106190008403002004ED00E010B500F015FE104867
:1061A0000068D0B90F4800F0D9FD0F4800F0D6FDC7
:1061B0000C480E4908600C480D4908600022102167
:1061C000052001F025FB064908600846006820B15B
:1061D00008A10348006800F027FF00F037FE10BD5B
:1061E000F8000020680600207C060020F000002057
:1061F000F4000020546D72510000000070B523E0DF
:1062000001F03EFA1348006808B9012000E00020C0
:10621000054601F0FBFFBDB900F0D6FD0D48C06892
:10622000C468201D00F086FD0B480068401E0A4926
:1062300008600A480068401E0849086000F006FE31
:10624000204600F060F800BF044800680028D7D15D
:1062500070BD000040060020C4000020C0000020E7
:1062600070B504460D46206C70B1216CE06808449E
:10627000E0606168E068884201D32068E0602846F9
:10628000226CE168F9F7BCFF70BD2DE9F0410446CE
:106290000F4615464FF00008A66B206C40B92068E9
:1062A00060BB606801F0E8FE80460020606025E089
:1062B0007DB93946226CA068F9F7A2FF216CA0686D
:1062C0000844A060D4E90110884217D32068A06078
:1062D00014E03946226CE068F9F792FF216CE0681F
:1062E000401AE0602168E068884203D2216C60684F
:1062F000401AE060022D01D106B1761E701CA06329
:106300004046BDE8F08110B50446206B00F0D4FD96
:10631000204600F0D1FD10BD0146084A12681268FF
:106320000AB9012200E000220A600A6822B9034A81
:106330001268D268106800E000207047F00000206A
:1063400030B54FF4A043174800F007042CB1C01D2E
:1063500020F00700134C041B1B1B0246124C22604A
:106360000024114D6C60D018083820F007000F4C45
:10637000206000240D4D2D686C600C4D2D682C6044
:106380001146441A4C60094C24680C60084D4C6856
:106390002C60084D4C682C604FF00044064D2C607A
:1063A00030BD000090060020040100200C010020F8
:1063B00014010020100100201801002000BFFFF789
:1063C0001DFF064800680128F9D94FF080500449A4
:1063D0000860BFF34F8FBFF36F8FF0E78403002097
:1063E00004ED00E02DE9F04106460D4617469846BB
:1063F000069C0DB9246000E02760E6632564012156
:10640000204601F027FB0020A064BDE8F0810000D9
:106410002DE9FF5F81460F469246DDE90E6B109C29
:10642000AAF10100216B01EB800828F0070808F0B1
:10643000070008B9012000E0002028B940F22B3203
:106440001BA121A0FEF7E8FF002507E0795D04F11C
:1064500034004155785D00B902E06D1C102DF5D374
:1064600000BF002143200155202E00D31F26E662E5
:1064700066640020A064201D00F07DFC04F118007B
:1064800000F079FC2461C6F12000A0616462002064
:10649000E06484F8500049464046039A00F006FC48
:1064A0002060BBF1000F01D0CBF80040BDE8FF9F9A
:1064B0002E2E5C4672656552544F535C7372635C5A
:1064C0007461736B732E63004572726F723A257339
:1064D0002C25640D0A00000010B5002407E004EB31
:1064E00084010F4A02EB810000F038FC641C202C70
:1064F000F5D30C4800F032FC0B4800F02FFC0B48A1
:1065000000F02CFC0A4800F029FC0A4800F026FCA8
:1065100004480949086004480849086010BD0000A3
:106520008403002004060020180600202C0600200A
:106530004006002054060020B8000020BC000020C7
:1065400010B50146164800E0006803688B42FBD393
:106550000246436813448B4204D143684C68234489
:10656000436001460A464B6813440468A34211D1B4
:106570000C4C03682468A34208D04B680468646824
:1065800023444B6003681B680B6005E0054B1B68E8
:106590000B6001E003680B60884200D0016010BD11
:1065A000040100200C0100202DE9F04104460D46B5
:1065B00016461F464FF0000865602461B5420CD8AE
:1065C000F01BA169884202D34FF0010811E0211DA0
:1065D0000948006800F0D2FB0BE0BE4204D2BD4285
:1065E00002D34FF0010804E0211D0448006800F0C8
:1065F000C5FB4046BDE8F081F4000020F00000201B
:1066000070B5054600F0E0FBA86B08B9012400E076
:10661000002400F01BFC204670BD70B5054600F05C
:10662000D3FBA86BE96B884201D1012400E0002470
:1066300000F00CFC204670BD2DE9F3410D4600989A
:10664000846C00272CB940F6CE121AA11FA0FEF7C9
:10665000E3FEA06BE16B884201D2012000E0002044
:1066600028B940F6CF1213A118A0FEF7D5FEA06BF3
:10667000E16B88421BD294F945602A466946204660
:10668000FFF703FE0746701C60B9606A08B9012075
:1066900000E0002050B904F1240001F05BFD28B1B6
:1066A000012703E0701C40B284F8450000BF384663
:1066B000BDE8FC812E2E5C4672656552544F535CDA
:1066C0007372635C71756575652E63004572726FD8
:1066D000723A25732C25640D0A000000F8B50546B2
:1066E0000F4613480068C068C468201D00F022FBF4
:1066F000E069012818D1A06941192B463A46204685
:10670000FFF752FF80B1002003462A460146009061
:10671000204601F049FE06462EB94FF4027205A14B
:106720000BA0FEF779FE00BF2046616A8847F8BDDE
:10673000F00000202E2E5C4672656552544F535C6B
:106740007372635C74696D6572732E630000000080
:106750004572726F723A25732C25640D0A00000091
:10676000F0B587B070E0039800280CDA04AE2EB9BB
:1067700040F2E7223AA141A0FEF74EFED6E9002002
:10678000B168904700BF039800285DDB059C6069F5
:1067900008B9012000E0002010B9201D00F0CAFA5D
:1067A00002A800F0C9F8054603980A284AD2DFE893
:1067B00000F00905072C2E4506082D2F00BF00BF4D
:1067C00000BF00BF0498A269811803462A462046EC
:1067D000FFF7EAFEC0B12046616A8847E0690128F8
:1067E00012D1002000900498A16942180023194694
:1067F000204601F0D9FD07462FB940F2213218A1F9
:106800001EA0FEF709FE00BF1DE000BF1BE000BF99
:106810000498A061A06908B1012000E0002028B917
:106820004FF44E720EA115A0FEF7F6FDA0694119B6
:106830002B462A462046FFF7B7FE04E0204600F02C
:106840003BFB00E000BF00BF00231A4603A90F482E
:10685000006801F019F8002885D107B0F0BD0000EC
:106860002E2E5C4672656552544F535C7372635CA6
:1068700074696D6572732E63000000004572726F5B
:10688000723A25732C25640D0A000000F8000020E0
:10689000F8B505460C4600F0F3FE684600F04CF8EB
:1068A0000646009820BB44B9B54206D801F0AEFCBC
:1068B00031462846FFF712FF1CE03CB10E48006845
:1068C000006808B9012000E000200446A91B224608
:1068D0000A48006800F0BEFB01F098FC50B94FF088
:1068E000805007490860BFF34F8FBFF36F8F01E0FF
:1068F00001F08CFCF8BD0000F4000020F80000203E
:1069000004ED00E00A490968096809B9012100E0BD
:10691000002121B14FF0FF31064A116006E0044921
:106920000968C968C868034A416811607047000077
:10693000B8000020E400002070B5044601F0E4FA3D
:10694000054607480068854204D200F00BF8012094
:10695000206001E00020206001480560284670BDED
:10696000000100202DE9F8432DE021480068C068AF
:1069700005681F480068C068C468201D00F0DAF987
:106980002046616A8847E06901281CD1A069461940
:10699000AE4207D966602461211D1548006800F0E9
:1069A000EDF910E0002003462A46014600902046FB
:1069B00001F0FAFC07462FB940F292320DA114A063
:1069C000FEF72AFD00BF0A480068006808B90120E8
:1069D00000E000200028C8D00548D0F8008010480A
:1069E0000068034908600E48C0F80080BDE8F883DD
:1069F000F00000202E2E5C4672656552544F535CA9
:106A00007372635C74696D6572732E6300000000BD
:106A10004572726F723A25732C25640D0A000000CE
:106A2000F40000200B480068401C08B9012000E079
:106A3000002020B9F42208A111A0FEF7EDFC00BF50
:106A4000502080F31188BFF34F8FBFF36F8F00BFCB
:106A500000BFFEE71C0100202E2E5C4672656552C9
:106A6000544F535C706F72745C525644535C415285
:106A70004D5F434D335C706F72742E6300000000F5
:106A80004572726F723A25732C25640D0A0000005E
:106A900008B500BF6846FFF73FFC04462046009952
:106AA000FFF7F6FEFFF75CFEF4E770B5044600F072
:106AB0008BF994F945501AE0A06C38B100212046BA
:106AC000FFF7BAFD88B100F01FFC0EE0606A08B95C
:106AD000012000E0002038B904F1240001F03AFB65
:106AE00018B100F011FC00E003E0681E45B2002D73
:106AF000E2DC00BFFF2084F8450000F0A7F900F0B9
:106B000063F994F9445010E0206908B9012000E0CD
:106B1000002048B904F1100001F01CFB08B100F09E
:106B2000F3FB681E45B200E001E0002DECDC00BF85
:106B3000FF2084F8440000F089F970BD2DE9F04190
:106B400004464FF0000800F09BFD3E48006808B97D
:106B5000FFF7F6FB3C480068204000285FD1A4B155
:106B6000083404F0070080B104F00700C0F1080009
:106B7000044404F0070008B9012000E0002020B917
:106B8000BF2232A13AA0FEF747FC002C47D03C4878
:106B90000068844243D83B4E3046056801E02E46EB
:106BA0002D686868A04202D228680028F7D12548DD
:106BB0000068854233D0306800F1080828683060EA
:106BC0006868001B102813D92F1907F0070008B9AF
:106BD000012000E0002020B9EC221CA124A0FEF737
:106BE0001BFC6868001B78606C603846FFF7A8FCE7
:106BF000234968680968081A21490860084600683E
:106C000021490968884203D21D4800681E4908606E
:106C10000D4968680968084368600020286001F031
:106C2000F5FA08F0070008B9012000E0002028B9B3
:106C30004FF4967205A10EA0FEF7EEFB4046BDE8AC
:106C4000F08100000C010020180100202E2E5C466F
:106C500072656552544F535C706F72745C4D656D14
:106C60004D616E675C686561705F342E6300000083
:106C70004572726F723A25732C25640D0A0000006C
:106C800010010020040100201401002006480068C3
:106C900030B10549096801F14800896C491C01605F
:106CA0000148006870470000B4000020001F4FF04A
:106CB00080730360001F21F001030360001F034B7A
:106CC000036014380260203870470000256A00080D
:106CD00010B5164B21F00042012486B09A4203DC25
:106CE0000022134600941CE0114B9A4208D140B98F
:106CF0004FF00100FEF72EFFFEF70DFF06B010BDAE
:106D000003DBFEF705FF06B010BD02AAFEF7A8FBE5
:106D100000F00100A4EB40000DF1080C00909CE88D
:106D20000F00FEF7B7FD06B010BD0000FB21E93FE4
:106D30000000F07F01460A69D1E901309860D1E98D
:106D4000010358605068884201D188685060002073
:106D500008611068401E10601068704700F108015B
:106D600041604FF0FF31816000F10801C1600161B5
:106D700000210160704700210161704710B5024693
:106D80000B685C1C0CB9106907E002F1080000E018
:106D90004068446824689C42FAD944684C604C6856
:106DA000A160886041600A611468641C146010BDB1
:106DB00042684A6093688B6093685960916008618B
:106DC00003685B1C0360704710B500BF502080F360
:106DD0001188BFF34F8FBFF36F8F00BF0B48006860
:106DE000401C0A4908600846006801280DD108487F
:106DF0000068C0B208B9012000E0002028B94FF4B3
:106E0000BD7204A10DA0FEF707FB10BD1C01002000
:106E100004ED00E02E2E5C4672656552544F535CC3
:106E2000706F72745C525644535C41524D5F434DD7
:106E3000335C706F72742E63000000004572726FD5
:106E4000723A25732C25640D0A00000010B50B481A
:106E5000006828B940F2811209A113A0FEF7DCFAFC
:106E600006480068401E054908600846006820B9C9
:106E7000002080F3118800BF00BF10BD1C0100205E
:106E80002E2E5C4672656552544F535C706F72745F
:106E90005C525644535C41524D5F434D335C706FBE
:106EA00072742E63000000004572726F723A25738F
:106EB0002C25640D0A00000070B506463546002EEC
:106EC00035D0083D2C461A4960680968084008B169
:106ED000012000E0002028B94FF4A07215A11EA0E7
:106EE000FEF79AFA206808B9012000E0002028B9CE
:106EF00040F241120FA118A0FEF78EFA0C4960680B
:106F00000968084098B1206888B90949606809682B
:106F10008843606000F0B4FB134960680968084466
:106F2000114908602046FFF70BFB01F06FF970BDB7
:106F3000180100202E2E5C4672656552544F535C3A
:106F4000706F72745C4D656D4D616E675C686561F4
:106F5000705F342E630000004572726F723A2573C1
:106F60002C25640D0A00000010010020064800686E
:106F70004FF47A71B0FBF1F0401E4FF0E021486110
:106F800007200861704700001C00002070B5F9F769
:106F900021F90546102D11D305F1E02090F8F043BA
:106FA00010480078844201DB012000E0002028B96D
:106FB0004FF42A720CA116A0FEF72EFA18480068AA
:106FC00000F4E06017490968884201D8012000E018
:106FD000002028B94FF42E7203A10DA0FEF71CFA71
:106FE00070BD0000200100202E2E5C4672656552A7
:106FF000544F535C706F72745C525644535C4152F0
:107000004D5F434D335C706F72742E63000000005F
:107010004572726F723A25732C25640D0A000000C8
:107020000CED00E024010020024600200BE0084B9C
:1070300053F8303033B9064B43F8301003EBC0033C
:107040005A6002E0401C0828F1D300BF70470000DE
:10705000440300202DE9F04105460E4617462C4614
:10706000FFF7B2FE94F94400401C10B9002084F8E8
:10707000440094F94500401C10B9002084F84500F4
:10708000FFF7E4FEA06B28B93A46314604F124002C
:1070900000F06CF92046FFF708FDBDE8F081000024
:1070A00070B504460025ACB10F48006808B901204E
:1070B00000E0002028B940F2CF420CA111A0FEF759
:1070C000ABF900F0DDFA00212046FEF7BFFF01F02A
:1070D0009DF805463DB94FF080500E490860BFF35A
:1070E0004F8FBFF36F8F70BDEC0000202E2E5C46DB
:1070F00072656552544F535C7372635C7461736B59
:10710000732E63004572726F723A25732C25640DDD
:107110000A00000004ED00E02DE9F04704460F46A8
:107120004FF000092CB940F2794226A12BA0FEF7BE
:1071300073F90FB1012000E0002028B940F27A4233
:1071400020A126A0FEF768F92848006808B90120A8
:1071500000E0002028B940F27B421AA11FA0FEF7F0
:107160005BF900F08DFA224806682068C51920688E
:10717000B04207D92068A8420BD9B54209D94FF0CF
:10718000010906E02068A84201D8B54201D94FF0B4
:1071900001092560B9F1000F03D0A81B0021FEF7FB
:1071A00055FF01F033F88046B8F1000F07D14FF0DA
:1071B000805010490860BFF34F8FBFF36F8FBDE859
:1071C000F08700002E2E5C4672656552544F535C6A
:1071D0007372635C7461736B732E63004572726FBC
:1071E000723A25732C25640D0A000000EC00002083
:1071F000C800002004ED00E070B50546FFF7E4FD8F
:1072000015B92D48006800E028460446201DFFF708
:1072100091FD78B9E06A00EB8000284951F8200020
:1072200040B994F82C100120884025490968814311
:1072300023480160A06A18B104F11800FFF77AFD35
:1072400020480068401C1F4908601B4800688442B1
:1072500009D1211D1C48FFF7ABFD1C480068401CEC
:107260001A49086009E01A480068401E1849086079
:107270002046FFF748F8FFF745FBFFF7E7FD154805
:107280000068C0B10C480068844214D112480068FC
:1072900008B9012000E0002028B940F265420FA1A2
:1072A00014A0FEF7B9F84FF0805016490860BFF3FC
:1072B0004F8FBFF36F8F70BDB40000208403002098
:1072C000CC000020E000002040060020C00000208C
:1072D000C4000020D0000020EC0000202E2E5C46D0
:1072E00072656552544F535C7372635C7461736B67
:1072F000732E63004572726F723A25732C25640DEC
:107300000A00000004ED00E0012001490860704718
:10731000D800002070B504460D462CB940F6063260
:1073200007A10DA0FEF778F80F4801681831204634
:10733000FFF724FD01212846FEF788FE70BD0000FE
:107340002E2E5C4672656552544F535C7372635CBB
:107350007461736B732E63004572726F723A25739A
:107360002C25640D0A000000B400002070B505460D
:107370000E4614462DB940F6313209A10EA0FEF793
:107380004BF81148016818312846FFF711FD0CB180
:107390004FF0FF3621463046FEF758FE70BD000024
:1073A0002E2E5C4672656552544F535C7372635C5B
:1073B0007461736B732E63004572726F723A25733A
:1073C0002C25640D0A000000B400002070B50546AD
:1073D0002C46002D4BD02649E06A0968C96A8842CC
:1073E00045D2A06900F0004028B921480068C06A71
:1073F000C0F12000A061E16A01EB81011D4A02EBAE
:1074000081016069884201D1012000E0002050B371
:10741000201DFFF78FFC78B9E06A00EB800015496A
:1074200051F8200040B994F82C10012088401249EE
:1074300009688143104801600D480068C06AE06235
:1074400094F82C10012088400B49096808430A4928
:107450000860E16A01EB8101064A02EB8100211D0F
:10746000FFF7A6FC03E002480068C06AE06270BD56
:10747000B400002084030020CC00002010B5044696
:107480002CB940F6C13205A10AA0FDF7C5FF0D4891
:10749000006820600C480068606010BD2E2E5C46BD
:1074A00072656552544F535C7372635C7461736BA5
:1074B000732E63004572726F723A25732C25640D2A
:1074C0000A000000DC000020C80000201CB51A489B
:1074D00000210B468022CDE9001018A1194800F0C8
:1074E000D3FC0446012C02D100F022FF0446012CFB
:1074F00015D100BF502080F31188BFF34F8FBFF329
:107500006F8F00BF4FF0FF300F49086001200F4917
:10751000086000200E49086000F010F90BE0601CC4
:1075200008B1012000E0002028B940F2847209A1CE
:107530000EA0FDF771FF1CBDE800002049444C453A
:1075400000000000BD630008E4000020D00000201F
:10755000C80000202E2E5C4672656552544F535C65
:107560007372635C7461736B732E63004572726F28
:10757000723A25732C25640D0A00000070B505468B
:10758000FFF722FC15B92C48006800E028460446A5
:10759000201DFFF7CFFB78B9E06A00EB8000274998
:1075A00051F8200040B994F82C100120884024495B
:1075B0000968814322480160A06A18B104F11800EB
:1075C000FFF7B8FB211D1F48FFF7F2FBFFF73EFC5A
:1075D0001D48006828B1FFF7F7FBFFF793F9FFF7A5
:1075E00035FC15480068844224D117480068A8B1CA
:1075F0001648006808B9012000E0002028B940F2D0
:10760000576213A118A0FDF707FF4FF080501A49E9
:107610000860BFF34F8FBFF36F8F0BE0094800681E
:1076200016490968884203D100200349086001E037
:1076300000F02EF870BD0000B4000020840300208C
:10764000CC00002054060020D0000020EC000020D8
:107650002E2E5C4672656552544F535C7372635CA8
:107660007461736B732E63004572726F723A257387
:107670002C25640D0A00000004ED00E0C400002089
:1076800002480068401C014908607047EC00002077
:1076900010B51B48006818B101201A4908602DE098
:1076A00000201849086018480068B0FA80F0C0F15E
:1076B0001F0404EB8400154951F8200008B1012093
:1076C00000E0002028B940F6F62211A116A0FDF72F
:1076D000A3FE04EB84010D4A02EB81004168496876
:1076E000416000F1080142688A4202D1416849685C
:1076F00041604168C968104A116000BF10BD0000B8
:10770000EC000020D8000020CC00002084030020E2
:107710002E2E5C4672656552544F535C7372635CE7
:107720007461736B732E63004572726F723A2573C6
:107730002C25640D0A000000B40000201CB522486E
:10774000014609780191FF2102461170014609782E
:1077500000919DF8001001F050011C4A11700721A2
:107760001B4A116009E01A490968491E184A11604C
:107770009DF800104906090E00919DF8001001F0D7
:1077800080018029EFD0124909680902104A11606E
:107790001146098801F4E06111600B4A01991170EA
:1077A0000C48006840F470000A4908600846006808
:1077B00040F070400860FFF7D9FB002006490860E0
:1077C000F8F7D2FC00201CBD00E400E020010020FE
:1077D0002401002020ED00E01C01002010B500BFB6
:1077E000502080F31188BFF34F8FBFF36F8F00BF1E
:1077F00000F090FB18B14FF080500449086000BFC2
:10780000002080F3118800BF10BD000004ED00E0EF
:107810002DE9F84305460E4690460DB1012000E0E3
:10782000002028B94FF4C4720DA113A0FDF7F4FD98
:107830000EB9002701E005FB06F707F14C00FFF742
:107840007DF9044644B104F14C0943464A463146A9
:1078500028460094FEF7C6FD2046BDE8F8830000E8
:107860002E2E5C4672656552544F535C7372635C96
:1078700071756575652E63004572726F723A257376
:107880002C25640D0A0000002DE9FF4782B0054653
:107890000E461F464FF0000A2C462CB940F2DC423F
:1078A00061A167A0FDF7B8FD0EB9206C08B90120F1
:1078B00000E0002028B940F2DD425BA160A0FDF7A6
:1078C000ABFD00F011FB08B9049808B9012000E0F5
:1078D000002028B94FF49C6253A159A0FDF79CFDEC
:1078E00000BFFFF771FAD4F83890B9F1000F3DD01E
:1078F000D4F80C8031462046FEF7B2FCDFB9A9F17E
:107900000100A063206810B9FFF7C0F9606020692A
:1079100008B9012000E0002010BB04F1100000F0C5
:1079200019FCE8B14FF0805049490860BFF34F8F10
:10793000BFF36F8F14E0C4F80C80606A08B90120AF
:1079400000E0002060B904F1240000F003FC38B12D
:107950004FF080503E490860BFF34F8FBFF36F8FE9
:10796000FFF774FA012006B0BDE8F087049818B953
:10797000FFF76CFA0020F6E7BAF1000F04D1684671
:10798000FFF77CFD4FF0010AFFF760FAFFF778FE82
:10799000FFF71AFA94F94400401C10B9002084F84B
:1079A000440094F94500401C10B9002084F84500BB
:1079B000FFF74CFA04A9684600F014FA40BB2046D1
:1079C000FEF71EFEF0B1206830B9FFF7FDF96068E0
:1079D000FFF7FCFCFFF73AFA04F124000499FFF7E3
:1079E00099FC2046FFF761F800F010FC00287FF4B6
:1079F00078AF4FF0805016490860BFF34F8FBFF348
:107A00006F8F6EE72046FFF750F800F0FFFB68E746
:107A10002046FFF74AF800F0F9FB2046FEF7F0FD9C
:107A20000028EED000209EE72E2E5C46726565523F
:107A3000544F535C7372635C71756575652E63009A
:107A40004572726F723A25732C25640D0A0000008E
:107A500004ED00E070B505460E462C462CB940F208
:107A60001B121EA123A0FDF7D7FCFFF7ADF9D4E947
:107A70000F12206801FB020060600020A0632068F4
:107A8000A060E06B401E226C216800FB0210E060E9
:107A9000FF2084F8440084F845009EB9206908B9A5
:107AA000012000E00020A8B904F1100000F052FB12
:107AB00080B14FF0805013490860BFF34F8FBFF380
:107AC0006F8F07E004F11000FFF748F904F124007C
:107AD000FFF744F9FFF7BAF9012070BD2E2E5C467E
:107AE00072656552544F535C7372635C7175657552
:107AF000652E63004572726F723A25732C25640DF2
:107B00000A00000004ED00E02DE9FF4383B00646C3
:107B100088461D464FF0000934462CB940F2D92260
:107B200060A166A0FDF778FCB8F1000F01D1206CD0
:107B300008B9012000E0002028B940F2DA2259A15A
:107B40005EA0FDF769FC022D02D1E06B012801D196
:107B5000012000E0002028B940F2DB2251A157A00B
:107B6000FDF75AFC00F0C0F908B9059808B90120E2
:107B700000E0002028B940F2DE224AA14FA0FDF724
:107B80004BFC00BFFFF720F9A06BE16B884201D3EB
:107B9000022D38D12A4641462046FEF776FB07469D
:107BA000A06C68B129462046FEF746FD28B34FF089
:107BB000805046490860BFF34F8FBFF36F8F1CE0C2
:107BC000606A08B9012000E0002068B904F12400CF
:107BD00000F0C0FA88B14FF080503C490860BFF314
:107BE0004F8FBFF36F8F08E03FB14FF080503749A0
:107BF0000860BFF34F8FBFF36F8FFFF727F90120A6
:107C000007B0BDE8F083059818B9FFF71FF9002009
:107C1000F6E7B9F1000F04D101A8FFF72FFC4FF0F0
:107C20000109FFF713F9FFF72BFDFFF7CDF894F9E2
:107C30004400401C10B9002084F8440094F9450029
:107C4000401C10B9002084F84500FFF7FFF805A993
:107C500001A800F0C7F8F0B92046FEF7DEFCA0B19D
:107C600004F110000599FFF755FB2046FEF71DFFB4
:107C700000F0CCFA002885D14FF0805013490860FD
:107C8000BFF34F8FBFF36F8F7CE72046FEF70DFFEA
:107C900000F0BCFA76E72046FEF707FF00F0B6FAE0
:107CA0000020ADE72E2E5C4672656552544F535C42
:107CB0007372635C71756575652E63004572726FD2
:107CC000723A25732C25640D0A00000004ED00E0D3
:107CD0002DE9F05F80468A4615461E4644462CB97B
:107CE00040F29F3235A13BA0FDF796FBBAF1000FA1
:107CF00001D1206C08B9012000E0002028B94FF420
:107D000068722EA133A0FDF787FB022E02D1E06B33
:107D1000012801D1012000E0002028B940F2A13261
:107D200026A12CA0FDF778FBFFF730F900BF50210A
:107D3000EFF3118081F31188BFF34F8FBFF36F8F83
:107D400000BF0746A06BE16B884201D3022E2BD106
:107D500094F945B0324651462046FEF796FA0BF1AB
:107D60000100C8B9A06C40B131462046FEF764FC62
:107D7000B8B1B5B10120286013E0606A08B90120EC
:107D800000E0002068B904F1240000F0E3F940B1FC
:107D90003DB10120286004E00BF1010040B284F8FD
:107DA00045004FF0010901E04FF0000900BF87F3E3
:107DB000118800BF4846BDE8F09F00002E2E5C46AB
:107DC00072656552544F535C7372635C717565756F
:107DD000652E63004572726F723A25732C25640D0F
:107DE0000A0000002DE9F04104460D462CB940F68A
:107DF000CB3219A11EA0FDF70FFB2DB940F6CC32F6
:107E000015A11BA0FDF708FBFEF7DEFF1C48076865
:107E10002868401C08B9002619E01A49206809683A
:107E2000884204D06068B84201D801260FE060683B
:107E3000381A2968884209D228686168791A401A74
:107E400028602046FFF71AFB002600E00126FEF717
:107E5000FDFF3046BDE8F0812E2E5C46726565520E
:107E6000544F535C7372635C7461736B732E630065
:107E70004572726F723A25732C25640D0A0000005A
:107E8000C8000020DC0000202DE9FF4F85B08046AF
:107E900089461746DDE912ABB800FEF74FFE0646ED
:107EA00056B15420FEF74AFE04460CB1266304E0A6
:107EB0003046FFF701F800E000247CB10020CDE956
:107EC00000ABCDE902403A4649464046089BFEF7E2
:107ED0009FFA2046FEF706F9012501E04FF0FF3535
:107EE000284609B0BDE8F08F0549096809B90120A5
:107EF00005E00449096809B9022000E00020704744
:107F0000D0000020EC000020014908687047000004
:107F1000C80000202DE9F0414FF0000841480068FA
:107F2000002872D140480068451C3F480560EDB903
:107F30003E480068006808B9012000E0002028B928
:107F400040F6D9123AA140A0FDF766FA3748076813
:107F500041480068354908603F4807603F4800686D
:107F6000401C3E490860FEF7CDFC00BF3C4800685D
:107F700085423CD300BF2D480068006808B9012045
:107F800000E0002020B14FF0FF30354908602DE0BF
:107F900026480068C068C4686668B54202D23048A6
:107FA000066023E0201DFEF7C5FEA06A18B104F1AB
:107FB0001800FEF7BFFE94F82C10012088402949D4
:107FC0000968084327490860E16A01EB8101264AF4
:107FD00002EB8100211DFEF7EBFE2449E06A0968EF
:107FE000C96A8842C7D34FF00108C4E700BF1F48E1
:107FF0000068C06A00EB80001B4951F8200001288E
:1080000001D94FF0010805E0FFE719480068401C5E
:10801000174908601748006808B14FF0010840464A
:10802000BDE8F081EC000020C8000020B80000206E
:108030002E2E5C4672656552544F535C7372635CBE
:108040007461736B732E63004572726F723A25739D
:108050002C25640D0A000000BC000020DC0000207C
:10806000E4000020CC00002084030020B4000020A5
:10807000D4000020D800002070B505462C4600260C
:10808000002D4BD026480068844201D1012000E039
:10809000002028B940F6C76222A128A0FDF7BCF94C
:1080A000A06C28B940F6C9621EA124A0FDF7B4F95E
:1080B000A06C401EA064616CE06A88422ED0A06C67
:1080C00060BB201DFEF736FE78B9E06A00EB800049
:1080D0001E4951F8200040B994F82C100120884026
:1080E0001B49096881431A480160606CE062E06ADC
:1080F000C0F12000A06194F82C10012088401449A0
:108100000968084312490860E16A01EB81010F4ADE
:1081100002EB8100211DFEF74BFE0126304670BDAB
:10812000B40000202E2E5C4672656552544F535C9D
:108130007372635C7461736B732E63004572726F4C
:10814000723A25732C25640D0A0000008403002078
:10815000CC00002070B50646F068C4682CB940F623
:1081600061321AA11FA0FDF757F904F11800FEF7BC
:10817000E1FD20480068A8B9201DFEF7DBFD94F85A
:108180002C10012088401C49096808431A490860DE
:10819000E16A01EB8101194A02EB8100211DFEF722
:1081A00007FE04E004F118011548FEF701FE154929
:1081B000E06A0968C96A884204D901250120124988
:1081C000086000E00025284670BD00002E2E5C46A9
:1081D00072656552544F535C7372635C7461736B68
:1081E000732E63004572726F723A25732C25640DED
:1081F0000A000000EC000020CC00002084030020D6
:108200002C060020B4000020D800002070B5002407
:1082100000263448006828B94FF4FD6232A138A026
:10822000FDF7FAF8FEF7D0FD2E480068401E2D49F4
:1082300008600846006800284FD1354800680028CB
:108240004BD024E03348C068C46804F11800FEF73E
:1082500071FD201DFEF76EFD94F82C100120884062
:108260002D49096808432C490860E16A01EB810146
:108270002A4A02EB8100211DFEF79AFD2849E06A97
:108280000968C96A884202D301202649086021484A
:10829000006808B9012000E000200028D2D00CB10D
:1082A000FEF730FB2048056865B100BFFFF732FEDE
:1082B00010B101201B4908606D1E002DF6D1002071
:1082C000194908601748006838B101263007174976
:1082D0000860BFF34F8FBFF36F8FFEF7B7FD3046D7
:1082E00070BD0000EC0000202E2E5C4672656552C9
:1082F000544F535C7372635C7461736B732E6300D1
:108300004572726F723A25732C25640D0A000000C5
:10831000C40000202C060020CC0000208403002094
:10832000B4000020D8000020D400002004ED00E0BC
:108330001CB50024FDF730FF0B48006858B10B480E
:108340001F2100234FF48072CDE9001008A10A48D4
:10835000FFF79AFD04462CB940F2331207A10EA094
:10836000FDF75AF820461CBDF8000020FC00002054
:10837000546D722053766300916A00082E2E5C467D
:1083800072656552544F535C7372635C74696D65BA
:1083900072732E63000000004572726F723A25738B
:1083A0002C25640D0A0000002DE9FF4704460D4608
:1083B00016461F46DDF830804FF000092CB94FF407
:1083C000D37217A11DA0FDF727F82048006810B34D
:1083D000009501960294062D15DAFFF785FD022817
:1083E00008D100234246694618480068FFF78CFB15
:1083F000814610E000231A46694614480068FFF7DA
:1084000083FB814607E000233A4669460F4800682F
:10841000FFF75EFC8146484604B0BDE8F0870000E7
:108420002E2E5C4672656552544F535C7372635CCA
:1084300074696D6572732E63000000004572726F7F
:10844000723A25732C25640D0A000000F800002004
:10845000000000000000000000000000000000001C
:10846000000000000000000000000000000000000C
:1084700000000000000000000000000000000000FC
:1084800000000000000000000000000000000000EC
:1084900000000000000000000000000000000000DC
:1084A00000000000000000000000000000000000CC
:1084B00000000000000000000000000000000000BC
:1084C00000000000000000000000000000000000AC
:1084D000000000000000000000000000000000009C
:1084E000000000000000000000000000000000008C
:1084F000000000000000000000000000000000007C
:10850000000000000000000000000000000000006B
:10851000000000000000000000000000000000005B
:10852000000000000000000000000000000000004B
:10853000000000000000000000000000000000003B
:10854000000000000000000000000000000000002B
:10855000000000000000020E1E7EFEFEFEF8E0009D
:10856000000080E0F8FCFEFE7E1E0602001E1E1EBD
:108570001E1E1E1EFEFEFEFEFE1E1E1E1E1E1E1EBB
:108580000000000000000000E0FCFEFE7EFEFEFE9B
:10859000FCE00000000000000000000000FEFEFE05
:1085A000FEFE1E1E1E1E1E1E3EFEFCFCFCF8E00013
:1085B00000000000FEFEFEFEFE0000000080E0F075
:1085C000F8FEFE7E1E0E0602000000000000000005
:1085D000000000000000000000000107CFFFFFFFC7
:1085E000FCFEFFFFDF0703000000000000000000AA
:1085F00000000000FFFFFFFFFF0000000000000080
:108600000000000000E0F8FFFFFF1F030000073F2D
:10861000FFFFFFF8E00000000000000000FFFFFF88
:10862000FFFFF0F0F0F0F0F8FCBFBF3F1F0F0300BA
:1086300000000000FFFFFFFFFF70F8FEFFFFFFCF0D
:1086400087010000000000000000000000000000A2
:1086500000000000000000C0E0F8FCFFFF3F0F0733
:1086600000030F3FFFFFFEF8F0C000000000000015
:1086700000000000FFFFFFFFFF00000000000000FF
:108680000000C0F8FFFFFF7F0F0F0F0F0F0F0F0F3E
:108690000F0F7FFFFFFFF8C00000000000FFFFFF8B
:1086A000FFFF0000000101071F3FFFFFFEF8F0C0C1
:1086B00000000000FFFFFFFFFF000001070F1F3F4A
:1086C000FFFEFCF8F0C08000000000000000000089
:1086D0000000000000020303030303030000000086
:1086E0000000000000030303030303020000000076
:1086F000000000000303030303000000000000006B
:108700000002030303030300000000000000000058
:10871000000000030303030302000000000303033F
:108720000303000000000000000000030303030334
:108730000302000003030303030000000000000025
:108740000001030303030303020000000000000014
:108750000000000000000000000000000000000019
:108760000000000000000000000000000000000009
:1087700000000000000000000000000000000000F9
:1087800000000000000000000000000000000000E9
:1087900000000000000000000000000000000000D9
:1087A00000000000000000000000000000000000C9
:1087B00000000000000000000000000000000000B9
:1087C00000000000000000000000000000000000A9
:1087D0000000000000000000000000000000000099
:1087E0000000000000000000000000000000000089
:1087F0000000000000000000000000000000000079
:108800000000000000000000000000000000000068
:108810000000000000000000000000000000000058
:108820000000000000000000000000000000000048
:108830000000000000000000000000000000000038
:108840000000000000000000000000000000000028
:108850000000000000000000000000000000000018
:10886000000000F8000000000000003330000000AD
:1088700000100C06100C06000000000000000000B4
:1088800040C07840C0784000043F04043F04040026
:10889000007088FC08300000001820FF211E000036
:1088A000F008F000E018000000211C031E211E004B
:1088B00000F00888700000001E21232419272110D1
:1088C00010160E0000000000000000000000000074
:1088D000000000E01804020000000007182040001B
:1088E00000020418E000000000402018070000000B
:1088F000404080F0804040000202010F010202006F
:10890000000000F0000000000101011F0101010052
:10891000000000000000000080B0700000000000B7
:108920000000000000000000000101010101010140
:1089300000000000000000000030300000000000D7
:1089400000000000806018040060180601000000AC
:1089500000E010080810E000000F102020100F00A9
:10896000001010F8000000000020203F2020000030
:108970000070080808887000003028242221300088
:1089800000300888884830000018202020110E0090
:108990000000C02010F8000000070424243F240039
:1089A00000F80888880808000019212020110E000E
:1089B00000E0108888180000000F112020110E0020
:1089C00000380808C83808000000003F0000000018
:1089D0000070880808887000001C222121221C00D9
:1089E00000E010080810E0000000312222110F0002
:1089F000000000C0C0000000000000303000000097
:108A00000000008000000000000080600000000006
:108A1000000080402010080000010204081020001F
:108A2000404040404040400004040404040404006A
:108A300000081020408000000020100804020100FF
:108A4000007048080808F0000000003036010000FF
:108A5000C030C828E810E0000718272423140B00B2
:108A60000000C038E0000000203C2302022738202C
:108A700008F8888888700000203F202020110E0010
:108A8000C030080808083800071820202010080007
:108A900008F808080810E000203F202020100F00F0
:108AA00008F88888E8081000203F202023201800BC
:108AB00008F88888E8081000203F20000300000024
:108AC000C03008080838000007182020221E0200C5
:108AD00008F808000008F808203F210101213F2084
:108AE000000808F8080800000020203F20200000AF
:108AF00000000808F8080800C08080807F0000009F
:108B000008F888C028180800203F200126382000D7
:108B100008F8080000000000203F2020202030003E
:108B200008F8F800F8F80800203F003F003F200058
:108B300008F830C00008F808203F200007183F0060
:108B4000E01008080810E0000F10202020100F008F
:108B500008F808080808F000203F21010101000082
:108B6000E01008080810E0000F18242438504F00C7
:108B700008F8888888887000203F2000030C302087
:108B800000708808080838000038202121221C00C5
:108B9000180808F8080818000000203F200000000E
:108BA00008F808000008F808001F202020201F00F7
:108BB0000878880000C83808000007380E01000057
:108BC000F80800F80008F800033C0700073C030021
:108BD000081868808068180820302C03032C302087
:108BE0000838C800C83808000000203F20000000F6
:108BF00010080808C838080020382621202018004E
:108C0000000000FE020202000000007F4040400021
:108C1000000C30C000000000000000010638C00059
:108C200000020202FE000000004040407F00000001
:108C30000000040202020400000000000000000026
:108C40000000000000000000808080808080808024
:108C5000000202040000000000000000000000000C
:108C600000008080808000000019242222223F2002
:108C700008F8008080000000003F112020110E0045
:108C80000000008080800000000E112020201100D4
:108C9000000000808088F800000E112020103F2086
:108CA0000000808080800000001F2222222213000A
:108CB000008080F0888888180020203F2020000055
:108CC0000000808080808000006B9494949360000A
:108CD00008F8008080800000203F210000203F2015
:108CE00000809898000000000020203F2020000015
:108CF000000000809898000000C08080807F000005
:108D000008F8000080808000203F24022D302000E1
:108D1000000808F8000000000020203F202000008C
:108D20008080808080808000203F20003F20003FA6
:108D30008080008080800000203F210000203F20B4
:108D40000000808080800000001F202020201F0065
:108D5000808000808000000080FFA12020110E0094
:108D60000000008080808000000E112020A0FF8085
:108D7000808080008080800020203F212000010032
:108D80000000808080808000003324242424190087
:108D9000008080E0808000000000001F2020000094
:108DA0008080000000808000001F202020103F20D5
:108DB000808080000080808000010E300806010065
:108DC00080800080008080800F300C030C300F000A
:108DD00000808000808080000020312E0E31200035
:108DE000808080000080808080818E701806010065
:108DF00000808080808080000021302C2221300083
:108E000000000000807C020200000000003F4040A3
:108E100000000000FF00000000000000FF00000054
:108E20000002027C800000000040403F0000000083
:108E3000000601010202040400000000000000001E
:108E40000000000000000000002F000000000700EC
:108E5000070000147F147F1400242A7F2A12006266
:108E60006408132300364955225000000503000012
:108E700000001C224100000041221C000014083E9A
:108E800008140008083E0808000000A06000000860
:108E900008080808000060600000002010080402B4
:108EA000003E5149453E0000427F40000042615172
:108EB0004946002141454B31001814127F1000270C
:108EC00045454539003C4A494930000171090503CF
:108ED00000364949493600064949291E0000363600
:108EE0000000000056360000000814224100001463
:108EF0001414141400004122140800020151090640
:108F000000324959513E007C1211127C007F4949C0
:108F10004936003E41414122007F4141221C007FF1
:108F200049494941007F09090901003E4149497AFF
:108F3000007F0808087F0000417F41000020404179
:108F40003F01007F08142241007F40404040007FE5
:108F5000020C027F007F0408107F003E4141413E29
:108F6000007F09090906003E4151215E007F091971
:108F700029460046494949310001017F0101003F6E
:108F80004040403F001F2040201F003F4038403FEE
:108F90000063140814630007087008070061514952
:108FA000454300007F41410000552A552A550000E5
:108FB00041417F0000040201020400404040404063
:108FC000000001020400002054545478007F4844FB
:108FD000443800384444442000384444487F003832
:108FE0005454541800087E0901020018A4A4A47C5B
:108FF000007F080404780000447D40000040808425
:109000007D00007F102844000000417F4000007C6C
:1090100004180478007C0804047800384444443878
:1090200000FC242424180018242418FC007C0804C4
:10903000040800485454542000043F444020003C9D
:109040004040207C001C2040201C003C4030403C24
:10905000004428102844001CA0A0A07C00446454B4
:109060004C441414141414140142000000000000B5
:1090700000FFFFFFFFFFFFFFFFFFFF0000000000FA
:109080004FBB610567ACDD3F182D4454FB21E93F20
:109090009BF681D20B73EF3F182D4454FB21F93F0F
:1090A000E2652F227F2B7A3C075C143326A6813C95
:1090B000BDCBF07A8807703C075C143326A6913C40
:1090C000C4EB98999999C9BF711623FEC671BCBFAC
:1090D0006D9A74AFF2B0B3BF9AFDDE522DDEADBF14
:1090E0002F6C6A2C44B4A2BF0D5555555555D53F2C
:1090F000FF8300922449C23F6E204CC5CD45B73F47
:10910000513DD0A0660DB13FEB0D76244B7BA93FBE
:1091100011DA22E33AAD903F00004054FB21F93FC1
:109120003163621A61B4D03D0000601A61B4D03D71
:109130007370032E8A19A33B0000002E8A19A33BEB
:10914000C14920259A837B390000000000000000FF
:109150006E83F9A22915444ED15727FCC0DD34F5A2
:10916000999562DB4190433CAB6351FE61C5BBDE28
:109170003A6E24B7E0D24D42EA2E49061C92D1093C
:109180001CEB1DFE3EA729B1F53582E88444BB2EB9
:1091900026709CE9417E5FB439D69139F439538306
:1091A0008B5F849C3B28F9BDFF97F81F0F9805DE65
:1091B0008B112FEF1F6D0A5ACF7E366DB709CB2763
:1091C000663F464F2DEA5F9EC7BA27757BF1E5EBF8
:1091D000F739073DEA92528AB15FFB6B085D8D1F3C
:1091E0007AFE10111111C13F37D60684F464963F00
:1091F000280356C9226D6D3F0165F2F2D844433F02
:10920000A69237A0887E143F735360DBCB75F3BE04
:10921000FE41B31BBAA1AB3F93846EE9E326823FC4
:109220001583E0FEC8DB573F68108D1AF726303FE4
:10923000E9A7F0320FB8123FD47ABF74702AFB3E10
:109240006092000800000020440100006C0A000841
:1092500098920008440100204C590000445B00082B
:10926000011D84A24A0400091A010203040607082A
:10927000090741BC02840301018B040F0B02120594
:10928000036A03031AAA01C12D0102030404800921
:089290000607080902040608A4
:0400000508000131BD
:00000001FF
