:020000040800F2
:10000000983501205902000811490008073F0008EF
:100010000D49000821350008FB66000800000000BB
:10002000000000000000000000000000A101000826
:10003000253C000800000000F501000851540008AC
:1000400073020008730200087302000873020008BC
:1000500073020008730200087302000873020008AC
:10006000730200087302000873020008730200089C
:10007000730200087302000873020008730200088C
:10008000730200087302000873020008730200087C
:100090002535000873020008730200087302000887
:1000A000730200087302000873020008730200085C
:1000B000730200087302000873020008730200084C
:1000C000730200087302000873020008730200083C
:1000D0007302000805610008D1610008816300080F
:1000E000730200087302000873020008730200081C
:1000F000730200087302000873020008730200080C
:1001000073020008730200087302000873020008FB
:10011000315F0008216000087302000873020008C4
:1001200073020008730200087302000873020008DB
:1001300073020008730200087302000873020008CB
:1001400073020008730200087302000873020008BB
:1001500073020008730200087302000873020008AB
:10016000730200087302000873020008730200089B
:10017000730200087302000873020008730200088B
:100180007302000873020008DFF810D000F06CFB67
:10019000004800471D670008AFF300809835012034
:1001A0002A4B19680868B0E8F04F80F30988BFF35C
:1001B0006F8F4FF0000080F311887047000000003F
:1001C00006480068006880F3088862B661B6BFF32D
:1001D0004F8FBFF36F8F00DF00BF00BF08ED00E05F
:1001E000DFF80C00016841F470010160704700BF46
:1001F00088ED00E0EFF30980BFF36F8F134B1A68AF
:100200001EF0100F08BF20ED108A20E9F04F10609B
:1002100008B44FF0500080F31188BFF34F8FBFF345
:100220006F8F07F0E5FC4FF0000080F3118808BCE9
:1002300019680868B0E8F04F1EF0100F08BFB0EC66
:10024000108A80F30988BFF36F8F7047D0000020B9
:10025000EFF30580704700000648804706480047D6
:10026000FEE7FEE7FEE7FEE7FEE7FEE7FEE7FEE766
:10027000FEE7FEE7615400088901000840EA010337
:100280009B0703D009E008C9121F08C0042AFAD24C
:1002900003E011F8013B00F8013B521EF9D2704710
:1002A000D2B201E000F8012B491EFBD270470022B8
:1002B000F6E710B513460A4604461946FFF7F0FF65
:1002C000204610BD2DE9FE4F804681EA0300C00F95
:1002D0000C46009021F0004123F00045B8EB0200ED
:1002E000A94105D24046214690461C460B4602468F
:1002F00023F00040104347D0270DC7F30A00C3F393
:100300000A510290401A019040286BDAC3F313009F
:1003100040F4801B0098924620B10023D2EB030AE0
:1003200063EB0B0B01985946C0F14002504600F0B8
:10033000D6F906460D4650465946019A00F0EEF9A8
:1003400010EB08006141002487EA115284EAE77348
:100350001A4340D0009A62B3019A012A4FEA075229
:1003600015DC001B61EB02014FF0004202EA07526C
:10037000CDE90042001C41F5801132462B4600F0C9
:1003800025FA03B0BDE8F08F40462146F9E7001B8F
:1003900061EB0201001C41F5801300185B4120183D
:1003A000A2F5001747EB030140EAD570B6196D417D
:1003B00011E06D084FEA360645EAC0754FEA07526C
:1003C000001B61EB0201001C41F5801149084FEA56
:1003D00030000019514132462B4603B0BDE8F04FC2
:1003E00000F0E5B90098012240000023D0EB0202A2
:1003F00063EBE073009821464FEAE074B8EB00002D
:1004000061EB0401E9E783F000435BE781F0004121
:1004100058E72DE9FE4F81EA030404F0004421F07F
:10042000004100944FF0000B23F0004350EA010418
:100430005ED052EA03045BD0C3F30A54C1F30A55F9
:100440002C44A4F2F3340194A0FB0254C1F3130131
:1004500041F48011C3F3130343F4801301FB0244FE
:1004600000FB034E840A970A44EA815447EA835703
:10047000A4FB076802958D0A05FB07854FEA932CBC
:1004800004FB0C542705029D4FEA065847EA16372D
:10049000B5EB08056EEB070C870E920E47EA811745
:1004A00042EA8312A7FB0201B6EB0B0164EB0004E6
:1004B0002B0D43EA0C335E1844EB1C50DA465146D0
:1004C000E7FB0201C5F313044FEA0B3343EA14536D
:1004D0004FEA0432019C43EA0603A4F10C0402949F
:1004E000009CCDE900B400F071F903B0BDE8F08FD5
:1004F00000200146F9E72DE9F04D81EA030404F0FC
:10050000004B21F0004514464FF0000A23F0004153
:1005100050EA050220D054EA01021DD0C5F30A5763
:100520000246C5F31303C1F31300C1F30A5640F4A6
:10053000801543F48013A7EB0608101BD64608F27B
:10054000FD3873EB050002D308F1010801E09218B1
:100550005B41B8F1000F03DA00200146BDE8F08DE1
:1005600000204FF48011064684460EE0171B73EB03
:10057000050705D3121B63EB050306434CEA010C88
:1005800049084FEA300092185B4150EA0107EDD16B
:1005900052EA030012D082EA040083EA050108430C
:1005A00005D0101BAB4106D20122002306E0002239
:1005B0004FF0004302E06FF0010253101AEB060007
:1005C0004CEB085110EB0A0041EB0B01BDE8F04D7C
:1005D00000F0EDB80EB5C10F80EAE0700844CA071C
:1005E000002140F233438DE80E000A460B4600F02E
:1005F000EDF803B000BD0EB540F233410291002189
:10060000CDE900110A460B4600F0E0F803B000BD4A
:1006100070B5C1F30A5201F000450024C1F3130183
:1006200040F2FF3341F480119A4201DA002070BD9C
:1006300040F233439A42A2F2334203DC524200F0CA
:100640005DF800E090402C43F1D0404270BDC1F312
:100650000A5210B5C1F3130140F2FF3341F4801187
:100660009A4201DA002010BD40F233439A42A2F2CE
:10067000334203DC524200F041F810BD904010BDFF
:1006800000F0004230F000400AD0C10D01F5607169
:10069000C0F3160042EA0151C208400711437047F7
:1006A00000200146704701F0004330B421F00041C2
:1006B00050EA010206D00A0DA2F56072C1F31301DF
:1006C000002A02DC30BC00207047440F44EAC10419
:1006D000C100E01830BC00EBC25000F031B8202A55
:1006E00004DB203A00FA02F1002070479140C2F189
:1006F000200320FA03F3194390407047202A04DBBB
:10070000203A21FA02F00021704721FA02F3D0408A
:10071000C2F120029140084319467047202A06DBA7
:10072000CB17203A41FA02F043EAE07306E041FABF
:1007300002F3D040C2F120029140084319467047AD
:100740000029A8BF7047401C490008BF20F00100E5
:10075000704710B4B0FA80FC00FA0CF050EA0104C3
:1007600004BF10BC704749B1CCF1200421FA04F455
:1007700011FA0CF118BF012121430843A3EB0C012E
:10078000CB1D4FEA00614FEA102042BF002010BC91
:10079000704700EBC35010440029A4BF10BC704741
:1007A000401C490008BF20F0010010BC704710B584
:1007B000141E73F1000408DA401C41F10001921884
:1007C0005B411A4301D120F0010010BD2DE9F04D2D
:1007D00092469B4611B1B1FA81F202E0B0FA80F282
:1007E00020329046FFF77BFF04460F4640EA0A009E
:1007F00041EA0B0153465A46084313D0114653EAC7
:10080000010019D0C8F140025046FFF777FF0546B6
:100810000E46504659464246FFF761FF084305D051
:10082000012004E020463946BDE8F08D0020054354
:1008300046EAE0762C4337430A986305E40AA0EBC6
:1008400008000022FD0A44EA47540A3002D500207D
:100850000146E9E7010510196941DDE9084500197C
:100860006941BDE8F04DA2E7064C074D06E0E0689F
:1008700040F0010394E8070098471034AC42F6D3E7
:10088000FFF786FC4C9500086C95000870B58C1835
:1008900010F8015B15F0070301D110F8013B2A1194
:1008A00006D110F8012B03E010F8016B01F8016B81
:1008B0005B1EF9D12B0705D40023521E0DD401F87D
:1008C000013BFAE710F8013BCB1A921C03E013F846
:1008D000015B01F8015B521EF9D5A142D8D300207B
:1008E00070BD21B1826842F00102826003E082683B
:1008F00022F00102826070470021084A1168084A0C
:100900001140D0E900231A4383681A43C3681A438D
:100910001143044AC2F80413704700000423014045
:10092000E030FCFF002001400146C86C80B27047F7
:100930000246002013680B400BB1012000E00020AC
:100940007047000030B50246002000235068104C6C
:1009500020400D790C6844EA0524204350609068DB
:100960000C4C2040D1E903542C438D682C434D7925
:1009700044EA450420439060D06A20F470000C7D66
:10098000641EE4B2234340EA0350D06230BD00004D
:10099000FFFEFFFCFDF7FFC0F0B504460D4600204A
:1009A0000021092D11DDE068A5F10A0606EB4607D6
:1009B000072606FA07F18843A5F10A0606EB460664
:1009C00003FA06F10843E0600CE0206905EB4507F7
:1009D000072606FA07F1884305EB450603FA06F1F8
:1009E00008432061072A0FDA606B561E06EB860764
:1009F0001F2606FA07F18843561E06EB860605FAFF
:100A000006F10843606322E00D2A0FDA206BD61F3F
:100A100006EB86071F2606FA07F18843D61F06EB6A
:100A2000860605FA06F10843206310E0E06AA2F1A9
:100A30000D0606EB86071F2606FA07F18843A2F18A
:100A40000D0606EB860605FA06F10843E062F0BDE6
:100A5000816841F080418160704700001CB5012130
:100A6000102004F027F80220009001208DF80400E7
:100A700000208DF8060003208DF8050001208DF878
:100A800007006946034803F0C1F90221014803F059
:100A900031FA1CBD0010024000B58BB001210820C6
:100AA00004F008F80121480604F014F80320099026
:100AB00002208DF8280000208DF82A0003208DF8F0
:100AC000290001208DF82B0009A92D4803F09EF97B
:100AD000092200212A4803F0E1F9092201212848CE
:100AE00003F0DCF900208DF81A008DF81B008DF85A
:100AF0001C0001208DF81D0000208DF81E008DF8CF
:100B00001F008DF816008DF8170003208DF81800CF
:100B100001208DF819000620ADF8140005A9194828
:100B200002F0BFFD00208DF80E00ADF80400ADF816
:100B30000600ADF80800ADF80A008DF80F0001209E
:100B40008DF810000020ADF80C0001208DF8110088
:100B500001A802F019FD012202210A4802F098FDC5
:100B600014208DF8200001208DF821008DF822003E
:100B70008DF8230008A803F0CDFE0BB000BD0000E7
:100B8000000C0240006400402DE9F04106460D468D
:100B900017460B48066000200949087248728D729A
:100BA000002405E0395D06480B300155601CC4B2D5
:100BB000AC42F7D30249034802F075FEBDE8F0816C
:100BC0000C0400200064004010B5394802F0B4FB6A
:100BD00000286CD036480078312817D13448007985
:100BE00040B200EB400040003249C8803048C07835
:100BF00040B2A0EB8000400008812D48407840B210
:100C00006FF0130110FB01F02A4948812848007851
:100C1000322817D12648007940B200EB400040004E
:100C20002449C8802248C07840B2A0EB8000400030
:100C300008811F48407840B26FF0130110FB01F0AB
:100C40001C4948811A48007833280ED11848C078CA
:100C500040B2A0EB800040001649C880144880785C
:100C600040B2A0EB001040004881114800784128B4
:100C700012D10F484078104908700D4880784870AC
:100C80000B48C07888700A480079C87008484079D5
:100C9000087107488079487105480078422806D1D4
:100CA00003484078552802D101200449087010BD3E
:100CB000E801002048010020300000205100002001
:100CC0004048007873287BD13E480079C0F180000D
:100CD0003D49097810FB01F000B23C49C880394811
:100CE000C078C0F180003849097810FB01F000B2EB
:100CF0003649088134480078800032494979C1F189
:100D0000800110FB01F000B2304948812D48407845
:100D100000F0010018B101202D49087012E02C48A4
:100D2000007878B12B480078062805DA2948007841
:100D3000401C2849087002E0012026490870002064
:100D4000234908701F48407800F0020018B10120C4
:100D50002149087015E02048007890B11A480078C1
:100D6000022805DD18480078401E1749087005E084
:100D70000220154908700120184908700020164902
:100D800008701048407800F0040018B101201449A0
:100D9000087015E01248007890B10B4800780928D7
:100DA00005DA09480078401C0749087005E0092069
:100DB0000549087001200949087000200849087099
:100DC0007047000053000020A700002048010020C9
:100DD000A400002030000020A500002052000020C8
:100DE000A600002010B52DED088B394801F0C4FD98
:100DF000002869D03648C089B0F5FA7F64DA3448F3
:100E00000089B0F5FA7F05DAB7EE080A314880EDBF
:100E1000000A0FE02E480089B0F57A7F05DAB7EEB8
:100E2000000A2C4880ED000A04E09FED2B0A2948B7
:100E300080ED000A26484088A0F5787000EE100A80
:100E4000B8EEC00A2348D0ED000A20EE200ABDEE1D
:100E5000C00A10EE100A00B22049C8801C48008861
:100E6000A0F5787000EE100AB8EEC00A1948D0ED6F
:100E7000000AF1EE600A20EE200ABDEEC00A10EE74
:100E8000100A00B208811249C988A1F57870FFF7ED
:100E9000A1FB41EC190B0F480068FFF7F1FB41EC97
:100EA0001B0B9FED0F0B53EC102BFFF7B2FA41EC2D
:100EB0001A0B53EC192BFFF7ACFA41EC180BFFF7A8
:100EC000A7FB00B205494881BDEC088B10BD0000AE
:100ED000F8010020A80000203333333F48010020F0
:100EE00000000000000014C010B5042004F09CFABB
:100EF0000E4800680E49B0FBF1F00E4908700B482F
:100F000000680B49B0FBF1F44FF47A7044434FF0A2
:100F1000E020006940F002004FF0E021086108463F
:100F20004461006940F00100086110BD1C00002010
:100F300040420F00AC00002010B504464FF47A7117
:100F400004FB01F000F002F810BD000070B503468C
:100F500000224FF0E02675690D4E367803FB06F44B
:100F60004FF0E026B16910E04FF0E026B06988420A
:100F70000BD0884202D20E1A324402E02E1A0E44DE
:100F800032440146A24200D300E0EDE700BF70BD4D
:100F9000AC0000201CB50121102003F08BFD0420C3
:100FA000009001208DF8040000208DF80600032039
:100FB0008DF8050001208DF807006946094802F008
:100FC00025FF0820009001208DF80600694605489D
:100FD00002F01CFF0120044908600449C1F88C029A
:100FE0001CBD000000100240880242420000424244
:100FF00070B50446002603F037F92112A02202EB57
:101000004101C8B203F0D8F803F0BAF92546E11758
:1010100004EB11610912A4EB0121C8B203F0CCF872
:1010200003F0AEF903F020F9A12003F0C5F803F0B6
:10103000A7F9002003F064F8064603F055F930469E
:1010400070BD70B504460E4603F00EF92112A022C1
:1010500002EB4101C8B203F0AFF803F091F9254665
:10106000E11704EB11610912A4EB0121C8B203F0EE
:10107000A3F803F085F9304603F09EF803F080F9F9
:1010800003F032F942F21070FFF760FF70BD4FF0CD
:101090008040406A80B2704700B589B0012108469F
:1010A00003F008FD0121022003F004FD01210846A0
:1010B00003F010FD01220F21294802F0EFFE01226A
:1010C0000321284802F0EAFE4FF400400790022076
:1010D0008DF8200003208DF8210000208DF82200DB
:1010E00001208DF8230007A91D4802F08FFE08207B
:1010F000079007A91B4802F089FE4FF0804004F0DA
:101100009BFA04A804F084FD0020ADF810004FF60F
:10111000FF7005900020ADF81800ADF8120004A98A
:101120004FF0804004F032FD00231A4603214FF0B7
:10113000804004F049FB01A804F09EFB0620ADF8B6
:101140000C0001A94FF0804004F05FFB00204FF03D
:10115000804148620121880704F053FA09B000BDBC
:1011600000000240000402404FF080414862704796
:101170000148006880B270472404004000B589B07F
:101180000121022003F096FC0121022003F0A2FCC1
:1011900002220421244802F081FE02220521224875
:1011A00002F07CFE3020079002208DF82000032002
:1011B0008DF8210000208DF8220001208DF82300F9
:1011C00007A9194802F022FE184804F035FA04A8CD
:1011D00004F01EFD0020ADF810004FF6FF700590E2
:1011E0000020ADF81800ADF8120004A90F4804F073
:1011F000CDFC00231A4603210C4804F0E5FA01A8AF
:1012000004F03AFB0620ADF80C0001A9074804F0F1
:10121000FCFA00200549243108600121034804F04C
:10122000F0F909B000BD00000004024000040040D5
:10123000014908607047000024040040014800682C
:1012400080B27047240C004000B589B001210846E7
:1012500003F030FC0121082003F03CFC02220021B5
:10126000244802F01BFE02220121224802F016FE51
:101270000320079002208DF8200003208DF8210024
:1012800000208DF8220001208DF8230007A91948BD
:1012900002F0BCFD184804F0CFF904A804F0B8FC33
:1012A0000020ADF810004FF6FF7005900020ADF85B
:1012B0001800ADF8120004A90F4804F067FC0023E1
:1012C0001A4603210C4804F07FFA01A804F0D4FA6E
:1012D0000620ADF80C0001A9074804F096FA00209A
:1012E0000549243108600121034804F08AF909B056
:1012F00000BD000000000240000C004001490860F1
:1013000070470000240C00400148006880B270471C
:101310002408004000B589B00121082003F0CAFB71
:101320000121042003F0D6FB02220C21244802F004
:10133000B5FD02220D21224802F0B0FD4FF44050CD
:10134000079002208DF8200003208DF82100002056
:101350008DF8220001208DF8230007A9184802F01B
:1013600055FD184804F068F904A804F051FC002069
:10137000ADF810004FF6FF7005900020ADF8180092
:10138000ADF8120004A90F4804F000FC00231A462F
:1013900003210C4804F018FA01A804F06DFA0620A5
:1013A000ADF80C0001A9074804F02FFA0020054908
:1013B000243108600121034804F023F909B000BD7D
:1013C000000C02400008004001490860704700001E
:1013D000240800401CB50121102003F06BFB012103
:1013E000094802F089FD0120009000208DF80400DA
:1013F00003208DF8050001208DF80700694602489A
:1014000002F004FD1CBD000000100240034800680B
:1014100008B9012070470020FCE7000000024242AA
:101420001CB50121082003F045FB08200090012095
:101430008DF8040000208DF8060003208DF80500CB
:1014400001208DF807006946084802F0DFFC0821FA
:10145000064802F051FD102000906946034802F052
:10146000D5FC1021014802F047FD1CBD000C0240D4
:1014700010B516480078012802D103F081F824E065
:1014800012480078022802D103F084F81DE00F48CA
:101490000078032802D103F0F3F816E00B48007837
:1014A000042802D103F0F4F80FE00848007805287A
:1014B00002D103F045F908E004480078062802D17B
:1014C00003F070F901E003F05BF810BD300000207C
:1014D00000B58BB00121102003F0ECFA0121084681
:1014E00003F018FB01220921354802F0D7FC012244
:1014F0000B21334802F0D2FC01220D21304802F0CA
:10150000CDFC01220E212E4802F0C8FC4FF4D4403D
:10151000099002208DF8280003208DF82900002072
:101520008DF82A0001208DF82B0009A9244802F02B
:101530006DFC41F2670007900120ADF81800002013
:10154000ADF81A00ADF8200006A91E4804F01EFBF5
:101550006020ADF804000120ADF8060000200390E3
:10156000ADF8100001A9174804F090F908211548BA
:1015700004F0CAF901A9134804F0D0F90821114870
:1015800004F01EFA01A90F4804F028FA08210D48BA
:1015900004F074FA01A90B4804F07AFA082109480A
:1015A00004F0B2FA0121074804F01FF801210548B0
:1015B00004F027F80121034804F02FF80BB000BD18
:1015C000001002400000014070B505462C4641F273
:1015D0006800844200DD04460E48844200DA044676
:1015E000002C0BDD41F268010B4804F09AFA41F23D
:1015F0006800011B084804F096FA0AE041F268010D
:10160000054804F090FA41F268002118024804F0FD
:1016100088FA70BD98EFFFFF0000014070B50546E5
:101620002C4641F26800844200DD04460E488442A4
:1016300000DA0446002C0BDD41F268010B4804F08F
:1016400074FA41F26800011B084804F070FA0AE0DD
:1016500041F26801054804F06AFA41F26800211875
:10166000024804F062FA70BD98EFFFFF00000140ED
:1016700000B58BB00121102003F01CFA01210804F1
:1016800003F048FA03220521504802F007FC032228
:1016900006214E4802F002FC6020099002208DF8DD
:1016A000280003208DF8290000208DF82A00012051
:1016B0008DF82B0009A9454802F0A8FB41F267000C
:1016C00007900120ADF818000020ADF81A00ADF821
:1016D000200006A93E4804F059FA6020ADF8040045
:1016E0000120ADF8060000200390ADF8100001A91C
:1016F000374804F0CBF80821354804F005F901A972
:10170000334804F00BF90821314804F059F901215C
:101710002F4803F06AFF01212D4803F072FF0121D9
:10172000022003F0C7F90121402003F0D3F9092278
:101730000E21284802F0B2FB09220F21254802F0B1
:10174000ADFB4FF44040099002208DF828000320A3
:101750008DF8290000208DF82A0001208DF82B003B
:1017600009A91C4802F052FB41F2670007900020D3
:10177000ADF81800ADF81A00ADF8200006A916481B
:1017800004F004FA6020ADF804000120ADF8060072
:1017900000200390ADF8100001A90F4804F076F87E
:1017A00008210D4804F0B0F801A90B4804F0B6F880
:1017B0000821094804F004F90121074803F015FF46
:1017C0000121054803F01DFF0BB000BD00100240D1
:1017D00000400140000402400018004070B505467A
:1017E0002C4641F26800844200DD04460E488442E3
:1017F00000DA0446002C0BDD41F268010B4804F0CE
:1018000090F941F26800011B084804F08CF90AE0E5
:1018100041F26801054804F086F941F26800211898
:10182000024804F07EF970BD98EFFFFF00400140D0
:1018300070B505462C4641F26800844200DD04463E
:101840000E48844200DA0446002C0BDD41F26801A8
:101850000B4804F066F941F26800011B084804F0E7
:1018600062F90AE041F26801054804F05CF941F2CE
:1018700068002118024804F054F970BD98EFFFFF8A
:10188000001800401CB50446062269463B2003F0C0
:1018900029F89DF801009DF8001040EA012000B2EF
:1018A00020809DF803009DF8021040EA012000B25C
:1018B00060809DF805009DF8041040EA012000B208
:1018C000A0801CBD1CB5044606226946432003F0D7
:1018D00009F89DF801009DF8001040EA012000B2CF
:1018E00020809DF803009DF8021040EA012000B21C
:1018F00060809DF805009DF8041040EA012000B2C8
:10190000A0801CBD1CB50121022003F0D3F84020AB
:10191000009001208DF8040000208DF806000320BF
:101920008DF8050001208DF8070069461A4802F07D
:101930006DFA8020009000208DF806006946164858
:1019400002F064FA0120154908601549C1F89C02AB
:1019500080216B2002F0D1FF1248FFF7F7FA002137
:101960006B2002F0CAFF18211B2002F0C6FF0021E5
:101970001C2002F0C2FF0021382002F0BEFF00212F
:10198000232002F0BAFF01216B2002F0B6FF0021F4
:101990006C2002F0B2FF1CBD00040240988240425D
:1019A00000804042A086010010B50446E006010E0A
:1019B0001C2002F0A2FF10BD10B5044621461A20DB
:1019C00002F09BFF10BD10B50446E006010E1B207F
:1019D00002F093FF10BD70B50446B4F57A7F01DDC7
:1019E0004FF47A740A2C00DA0A244FF47A7090FBD0
:1019F000F4F0401EC5B22946192002F07EFF70BDEA
:101A000070B5002415E004F1B001C8B202F0DCFFAB
:101A1000002002F0D9FF102002F0D6FF002504E0DC
:101A2000002002F0E1FF681CC5B2802DF8DB601CCD
:101A3000C4B2082CE7DB70BD2DE9F04705460E4621
:101A4000174698464FF000090024A7F1200000F047
:101A5000FF097B2D2BDA082E29DAB8F1000F14D0FC
:101A60003146284602F09CFF00BF0BE009EB49011C
:101A700004EB41010F4A515CC943C8B202F0B4FF04
:101A8000601CC4B2062CF1DB11E03146284602F09E
:101A900087FF002409E009EB490104EB4101054AF5
:101AA000505C02F0A1FF601CC4B2062CF3DBBDE861
:101AB000F0870000189300082DE9F04105460E4616
:101AC00014461F460A2C07DA04F13000C2B23B4626
:101AD00031462846FFF7B0FFBDE8F0812DE9F05F01
:101AE00005460E4617469846DDE90A9B7F2D01DC28
:101AF000072E01DDBDE8F09FE819802803DC06EB26
:101B00000800082800DDF5E7BBF1000F18D03446C7
:101B100013E02146284602F043FFAA4609E019F8DF
:101B2000012BD143C8B202F05FFF0AF1010000F0BF
:101B3000FF0ABA45F3DB601CC4B24445E9DB15E09B
:101B4000344611E02146284602F02AFFAA4607E063
:101B500019F8010B02F048FF0AF1010000F0FF0A3A
:101B6000BA45F5DB601CC4B24445EBDB00BFC1E7FE
:101B70002DE9F04104460D461646984600277B2C79
:101B800014DA082D12DA0EE0F25D434629462046AB
:101B9000FFF752FFA01DC4B27A2C02DD0024681C9E
:101BA000C5B2781CC7B2F05D0028EDD1BDE8F08168
:101BB0002DE9FE4F80468A4691461D46DDE90C7BA5
:101BC000002D76DDE8190A2873DAB9F1000F02DA80
:101BD000C9F1000600E04E460A20B6FBF0F100FB1A
:101BE00011608DF801006420B6FBF0F100FB11607C
:101BF0000A21B0FBF1F08DF802004FF47A70B6FBC9
:101C0000F0F100FB11606421B0FBF1F0C0B28DF87F
:101C1000030042F21070B6FBF0F100FB11604FF4CC
:101C20007A71B0FBF1F0C0B28DF804005948B6FBF0
:101C3000F0F100FB116042F21071B0FBF1F0C0B2A4
:101C40008DF805005448B6FBF0F100FB11605149D6
:101C5000B0FBF1F0C0B28DF806005048B6FBF0F1D1
:101C600000FB11604C49B0FBF1F0C0B28DF80700E9
:101C70004B48B6FBF0F100FB11604849B0FBF1F0B6
:101C8000C0B28DF808004748B6FBF0F100FB1160C8
:101C90004349B0FBF1F0C0B28DF80900B9F1000F73
:101CA00041DA00232D2251464046FFF7C5FE0024AD
:101CB00012E037E0E919091B491E1DF8012004EB69
:101CC000440308F1060101EB4301C8B25B465146EB
:101CD000FFF7F2FE601CC4B2681EA042EADC002FCF
:101CE00056D005EB450108EB4101C8B25B462E22F8
:101CF0005146FFF7A1FE002412E005EB450108EB79
:101D00004101891D04EB440301EB4301C8B2391BB7
:101D10001DF801205B465146FFF7CEFE601CC4B2A1
:101D2000BC42EADB34E000240EE0E919091B1DF88F
:101D3000012004EB440108EB4101C8B25B46514667
:101D4000FFF7BAFE601CC4B2AC42EEDB07B305EB92
:101D5000450108EB4101C8B25B462E225146FFF710
:101D60006BFE002412E005EB450108EB4101891DE3
:101D700004EB440301EB4301C8B2391B1DF80120F9
:101D80005B465146FFF798FE601CC4B2BC42EADBDA
:101D9000BDE8FE8FA086010040420F0080969800AB
:101DA00000E1F50500CA9A3B00B587B0012108465D
:101DB00002F080FE0121080302F0ACFEA02000909A
:101DC00002208DF8040000208DF8060003208DF815
:101DD000050001208DF807006946574802F016F803
:101DE00005221146544802F059F8052207215248AD
:101DF00002F054F85020009001208DF804000020DB
:101E00008DF8060003208DF8050001208DF80700ED
:101E10006946494801F0FAFF0020ADF808004FF488
:101E20008270ADF80A000020ADF80C000220ADF879
:101E30000E000120ADF810004002ADF812000020A5
:101E4000ADF81400ADF816000720ADF8180002A98F
:101E50003A4803F040F80121384803F019F8FF2010
:101E600002F0EEFF4021344802F046F86420FFF70C
:101E700063F84021304802F03DF8C820FFF75CF8D5
:101E800040212D4802F038F8AE2002F09DFD0020E0
:101E900002F09AFD102002F097FD402002F094FD20
:101EA000812002F091FDEF2002F08EFDA12002F0D2
:101EB0008BFDC82002F088FDA62002F085FDA82039
:101EC00002F082FD3F2002F07FFDD32002F07CFD76
:101ED000002002F079FDD52002F076FD802002F08E
:101EE00073FDD92002F070FDF12002F06DFDDA20C3
:101EF00002F06AFD122002F067FDDB2002F064FDB3
:101F0000402002F061FD202002F05EFD022002F080
:101F10005BFD8D2002F058FD142002F055FDA42039
:101F200002F052FDA62002F04FFDAF2002F04CFD62
:101F3000FFF766FD07B000BD000002400030014021
:101F40001CB50121102002F0B5FD4FF48050009027
:101F500000208DF8040003208DF8050002208DF884
:101F6000070069461F4801F051FF4FF48060009060
:101F700001208DF8040000208DF8060003208DF864
:101F8000050001208DF807006946164801F03EFF64
:101F90004FF48070009001208DF8040000208DF82F
:101FA000060003208DF8050001208DF80700694622
:101FB0000C4801F02BFF8020009001208DF80400D8
:101FC00000208DF8060003208DF8050001208DF813
:101FD00007006946034801F019FF01200249086023
:101FE0001CBD000000100240A002424270B5044631
:101FF000002014490860002507E01349485D02F0FD
:10200000F9FC12494855681CC5B2092DF5DB0120C1
:102010000C4908600D48407820700C48C078C043D7
:1020200060700A480079C043A07008484079E070A9
:102030000648807920710548C07960710348007AAC
:10204000A07170BDA0024242409500085C040020CF
:1020500000B597B00121042002F02CFD0121C80336
:1020600002F038FD06220C21344801F017FF4FF42E
:102070008050159002208DF858008DF859000020EE
:102080008DF85A0001208DF85B0015A92B4801F04E
:10209000BDFE4FF44040ADF840004FF48270ADF803
:1020A00042000020ADF84400ADF846000120ADF834
:1020B00048004002ADF84A001020ADF84C00002066
:1020C000ADF84E000720ADF8500010A91C4802F0F2
:1020D00002FF01211A4802F0DBFE0021184802F03D
:1020E000CBFE01220221164802F0DEFE0121480546
:1020F00002F0E0FC134801F08FFC00BF114801F032
:1021000037FD0028FAD101900D480C3002900E489E
:102110000390402004900020059006904FF48060CA
:1021200007900020089009900A904FF400300B901F
:1021300001A9044801F048FD17B000BD00080240A5
:10214000003C004088600240480300202DE9F04137
:1021500006460F46904600202149087081F8C100CC
:10216000002424E007FA04F000F0800008B1F82110
:1021700000E0C0211A4A601C115406FA04F000F075
:10218000800008B1F82100E0C021154A04F10900DF
:10219000115408FA04F000F0800008B1F82100E0C2
:1021A000C0210F4A04F111001154601C84B2082CA4
:1021B000D8DB01250EE0012408E00948005D182164
:1021C00001FB0541064A5054601C84B2192CF4DB13
:1021D000681C85B2082DEEDB02F030FDBDE8F08111
:1021E0004803002070B5064600202449087081F895
:1021F000C10000243CE0002536E004EB44003044FC
:102200004078A84000F0800008B1F82100E0C0212B
:1022100004EB440005EBC000401C184A115404EBC9
:102220004400305CA84000F0800008B1F82100E0D4
:10223000C02104EB440005EBC00009300F4A1154E3
:1022400004EB440030448078A84000F0800008B1DE
:10225000F82100E0C02104EB440005EBC000113080
:10226000064A1154681CC5B2082DC6DB601CC4B2F6
:10227000082CC0DB02F0E2FC70BD00004803002027
:1022800070B5064600202449087081F8C10000247A
:102290003CE0002536E004EB440030444078A840A0
:1022A00000F0800008B1F82100E0C02104EB4400F8
:1022B00005EBC000401C184A115404EB4400305C8C
:1022C000A84000F0800008B1F82100E0C02104EB34
:1022D000440005EBC00009300F4A115404EB4400E0
:1022E00030448078A84000F0800008B1F82100E078
:1022F000C02104EB440005EBC0001130064A115424
:10230000681CC5B2082DC6DB601CC4B2082CC0DB3B
:1023100002F094FC70BD00004803002070B52DED64
:102320000E8BFEF7B4FE05B22846FEF753F941ECDA
:102330001A0B9FEDFE0B53EC102BFEF76AF841ECE5
:10234000190B81F0004141EC180BFEF7ACF9044683
:10235000FEF796F9F74A03C20020FEF705FFFEF7E5
:1023600007FF05B22846FEF735F941EC190B9FED42
:10237000EF0B53EC102BFEF74CF841EC180BFEF76B
:1023800092F90446FEF77CF9EB4A03C20020FEF7FF
:102390004FFFFEF753FF05B22846FEF71BF941EC4D
:1023A0001A0B9FEDE20B53EC102BFEF732F841ECC9
:1023B000190B81F0004141EC180BFEF774F904464B
:1023C000FEF75EF9DD4A03C20020FEF797FFFEF735
:1023D0009BFF05B22846FEF7FDF841EC190B9FED77
:1023E000D30B53EC102BFEF714F841EC180BFEF74F
:1023F0005AF90446FEF744F9D14A03C20020FEF719
:10240000E3FFCD4890ED002BB0EE420AF0EE620AF9
:10241000C84890ED002BB0EE421AF0EE621A53EC71
:10242000102B51EC110BFDF74DFF41EC1C0BC34879
:1024300090ED001BB0EE410AF0EE610A53EC102B58
:1024400051EC1C0BFDF73EFF41EC1B0BBC4890ED23
:10245000001BB0EE410AF0EE610A53EC102B51EC78
:102460001B0BFDF72FFF41EC1A0B9FEDB60B53EC46
:10247000102BFEF740F841EC190B9FEDB40B53EC19
:10248000102BFDF7C6FF41EC180BFEF7C1F800B2A8
:10249000B0490880A74890ED001BB0EE410AF0EE6D
:1024A000610A51EC100B81F0004141EC1D0BA24878
:1024B00090ED001BB0EE410AF0EE610A53EC102BD8
:1024C00051EC1D0BFDF7FEFE41EC1C0B9B4890ED03
:1024D000001BB0EE410AF0EE610A53EC102B51ECF8
:1024E0001C0BFDF7EFFE41EC1B0B954890ED001B1C
:1024F000B0EE410AF0EE610A53EC102B51EC1B0BCD
:10250000FDF781FF41EC1A0B9FED8E0B53EC102B66
:10251000FDF7F1FF41EC190B9FED8C0B53EC102BE9
:10252000FDF777FF41EC180BFEF772F800B289490E
:102530004880804890ED001BB0EE410AF0EE610A41
:1025400051EC100B81F0004141EC1E0B7A4890EDEC
:10255000001BB0EE410AF0EE610A53EC102B51EC77
:102560001E0BFDF7AFFE41EC1D0B744890ED001BF8
:10257000B0EE410AF0EE610A53EC102B51EC1D0B4A
:10258000FDF741FF41EC1C0B6D4890ED001BB0EED8
:10259000410AF0EE610A53EC102B51EC1C0BFDF7D5
:1025A00091FE41EC1B0B9FED670B53EC102BFDF7DD
:1025B000A2FF41EC1A0B9FED680B53EC102BFDF7BB
:1025C0009AFF41EC190B9FED610B53EC102BFDF7BB
:1025D00020FF41EC180BFEF71BF800B25D49888024
:1025E0000846B0F9060040F2DC51884202DD084698
:1025F0005849C8805748B0F906005949884203DA5B
:102600004FF624205349C8805248B0F90800B0F56D
:10261000966F03DD4FF496604E4908814D48B0F93E
:10262000080010F5966F03DA4FF6503049490881DB
:102630004848B0F90A0041F68801884202DD0846A0
:10264000444948814348B0F90A004649884203DAC0
:102650004EF278703F4948813E49B1F90600FDF7D6
:10266000B9FF41EC190B9FED390B53EC102BFDF723
:1026700042FF41EC180BFEF716F836498861B1F9B4
:102680000800FDF7A7FF41EC190B9FED300B53EC51
:10269000102BFDF730FF41EC180BFEF704F82D4925
:1026A000C861B1F90A00FDF795FF41EC190B9FEDE8
:1026B000270B53EC102BFDF71EFF41EC180BFDF719
:1026C000F2FF24490862084690ED080A10EE101A3D
:1026D0000846FDF7D5FF41EC1B0B9FED1F0B53EC9C
:1026E000102BFDF796FE41EC190B1A4890ED060AE7
:1026F000D0ED070A30EE600A10EE101A0846FDF71A
:10270000BFFF41EC1A0B53EC192BFDF77CFE41EC9B
:10271000180BFDF7C8FF074988600E4890ED080ABE
:1027200010EE101A0846FDF7ABFF1DE0302E55697C
:102730008B6B203F70010020800100209001002061
:10274000A001002000000000000010400000000078
:1027500000408F404801002062105839B4C8C63F7D
:1027600024FAFFFF78E7FFFF41EC1B0B1FED060B80
:1027700053EC102BFDF74DFE41EC190B724890ED18
:10278000060AD0ED070A30EE200A10EE101A0846AD
:10279000FDF776FF41EC1A0B53EC192BFDF792FD78
:1027A00041EC180BFDF77FFF68498860664890EDA3
:1027B000080A10EE101A0846FDF762FF41EC1B0BE9
:1027C0001FED1B0B53EC102BFDF723FE41EC190BF7
:1027D0005D4890ED060AD0ED070A30EE200A10EEB3
:1027E000101A0846FDF74CFF41EC1A0B53EC192B5D
:1027F000FDF709FE41EC180BFDF755FF54498860C1
:10280000514890ED080A10EE101A0846FDF738FFFF
:1028100041EC1B0B1FED300B53EC102BFDF7F9FDBA
:1028200041EC190B484890ED060AD0ED070A30EE4E
:10283000600A10EE101A0846FDF722FF41EC1A0B51
:1028400053EC192BFDF73EFD41EC180BFDF72BFF68
:1028500040498860404890ED001BB0EE410AF0EE20
:10286000610A51EC100BFDF71EFF08EE100A3A4802
:10287000D0ED020AB0EE600AF0EE480A00F032FA3B
:1028800035498881314890ED001BB0EE410AF0EEE9
:10289000610A51EC100BFDF706FF08EE100A2B48F9
:1028A000D0ED020AB0EE600AF0EE480A00F076FAC7
:1028B00026498881264890ED001BB0EE410AF0EED3
:1028C000610A51EC100BFDF7EEFE08EE100A2048ED
:1028D000D0ED020AB0EE600AF0EE480A00F0BAFA53
:1028E0001B4988811B4890ED001BB0EE410AF0EEB9
:1028F000610A51EC100BFDF7D6FE08EE100A1548E0
:10290000D0ED020AB0EE600AF0EE480A00F0FEFADE
:10291000104988811049B1F90C00FEF755FE0B49AA
:10292000B1F90C00FEF77AFE09498989494208B2DB
:10293000FEF754FF07498989494208B2FEF778FF3C
:10294000BDEC0E8B70BD000048010020800100200E
:1029500090010020A00100207001002010B500208F
:10296000FEF732FE0020FEF759FE0020FEF736FF8C
:102970000020FEF75DFF10BD0146304800780028BA
:1029800059D02F4840782E4A927840EA0220C0F36E
:102990000A0008802A488078C010294AD27840EA84
:1029A0004210C0F30A0048802548C0788011244AAC
:1029B000127940EA8200224A527940EA8220C0F32A
:1029C0000A0088801E48407940101D4A927940EAEA
:1029D000C210C0F30A00C880194880790011184A53
:1029E000D27940EA0210C0F30A0008811448C07985
:1029F000C011134A127A40EA4200114A527A40EA60
:102A00004220C0F30A0048810D48407A80100C4AE9
:102A1000927A40EA8210C0F30A0088810848807ADE
:102A20004011074AD27A40EAC200C8810020034A16
:102A30001070012070470020FCE70000B800002063
:102A40003404002000B587B001210C2002F032F8D8
:102A50000121080502F03EF808220221244801F075
:102A60001DFA0420059002208DF818008DF8190039
:102A700000208DF81A0001208DF81B0005A91C48C4
:102A800001F0C4F91B4801904FF48050ADF80800E4
:102A90004000ADF80A00C010ADF80C000020ADF801
:102AA00010000420ADF80E0001A9134803F0B2FD98
:102AB00035208DF8000001208DF801008DF802000E
:102AC0008DF80300684601F025FF012240F22551F0
:102AD000094803F079FD012240F22441064803F041
:102AE00073FD0121044803F02CFD07B000BD000078
:102AF000000C0240A08601000050004000B58BB0E1
:102B00000121022001F0D6FF0121480402F002F861
:102B100003220821214801F0C1F902208DF8280084
:102B200000208DF82A004FF48070099001208DF864
:102B30002B0003208DF8290009A9184801F066F937
:102B4000A720ADF818000020ADF81A008DF822007B
:102B500044F61F6007900020ADF8200006A9104839
:102B600003F014F86020ADF804000120ADF8060071
:102B700000200390ADF8100001A9094802F086FE7C
:102B80000821074802F0C0FE0121054802F02DFD92
:102B90000121034802F035FD0BB000BD00040240E6
:102BA0000044014010B50446B4F5617F01DD4FF4E7
:102BB000617414F5617F00DA094C00EE104AF8EEFA
:102BC000C00A9FED080A9FED081A01EE200ABCEE2C
:102BD000C00A10EE101A054802F0A3FF10BD000055
:102BE0007CFCFFFF0080BB443F358E3F004401402A
:102BF00000B58BB00121022001F05CFF01218804A7
:102C000001F088FF03220921214801F047F9022041
:102C10008DF8280000208DF82A004FF400700990EC
:102C200001208DF82B0003208DF8290009A91848F0
:102C300001F0ECF8A720ADF818000020ADF81A005C
:102C40008DF8220044F61F6007900020ADF82000A8
:102C500006A9104802F09AFF6020ADF80400012098
:102C6000ADF8060000200390ADF8100001A9094856
:102C700002F00CFE0821074802F046FE012105483B
:102C800002F0B3FC0121034802F0BBFC0BB000BD15
:102C9000000402400048014010B50446B4F5617FCD
:102CA00001DD4FF4617414F5617F00DA094C00EE28
:102CB000104AF8EEC00A9FED080A9FED081A01EECF
:102CC000200ABCEEC00A10EE101A054802F029FFD7
:102CD00010BD00007CFCFFFF0080BB443F358E3FF1
:102CE0000048014030EE601A264880ED001A264860
:102CF000B0F9000001EE100AB8EEC11A2148D0ED7B
:102D0000001A21EE211AD0ED001A204890ED002A79
:102D100031EEC22A1E48B0F9000001EE900AF8EE2A
:102D2000E11A01EE821A1B48B0F9000001EE900A88
:102D3000F8EEE11A31EE211ABDEEC11A11EE100AB9
:102D400000B2144908800F4890ED001A0F4880ED3A
:102D5000001A0846B0F9000041F26801884202DD1D
:102D600008460C4908800B48B0F900000A4988421F
:102D700003DA4EF69870074908800648B0F900005B
:102D800070470000740000204A00002078000020F6
:102D90004C0000207000002098EFFFFF30EE601A1A
:102DA000264880ED001A2648B0F9000001EE100A0E
:102DB000B8EEC11A2148D0ED001A21EE211AD0ED4B
:102DC000001A204890ED002A31EEC22A1E48B0F9C0
:102DD000000001EE900AF8EEE11A01EE821A1B489B
:102DE000B0F9000001EE900AF8EEE11A31EE211A76
:102DF000BDEEC11A11EE100A00B2144908800F4846
:102E000090ED001A0F4880ED001A0846B0F9000056
:102E100041F26801884202DD08460C4908800B48EF
:102E2000B0F900000A49884203DA4EF69870074963
:102E300008800648B0F900007047000080000020BC
:102E40004A000020840000204C0000207C0000206C
:102E500098EFFFFF30EE601A264880ED001A2648F2
:102E6000B0F9000001EE100AB8EEC11A2148D0ED09
:102E7000001A21EE211AD0ED001A204890ED002A08
:102E800031EEC22A1E48B0F9000001EE900AF8EEB9
:102E9000E11A01EE821A1B48B0F9000001EE900A17
:102EA000F8EEE11A31EE211ABDEEC11A11EE100A48
:102EB00000B2144908800F4890ED001A0F4880EDC9
:102EC000001A0846B0F9000041F26801884202DDAC
:102ED00008460C4908800B48B0F900000A498842AE
:102EE00003DA4EF69870074908800648B0F90000EA
:102EF000704700008C0000204A0000209000002055
:102F00004C0000208800002098EFFFFF30EE601A90
:102F1000264880ED001A2648B0F9000001EE100A9C
:102F2000B8EEC11A2148D0ED001A21EE211AD0EDD9
:102F3000001A204890ED002A31EEC22A1E48B0F94E
:102F4000000001EE900AF8EEE11A01EE821A1B4829
:102F5000B0F9000001EE900AF8EEE11A31EE211A04
:102F6000BDEEC11A11EE100A00B2144908800F48D4
:102F700090ED001A0F4880ED001A0846B0F90000E5
:102F800041F26801884202DD08460C4908800B487E
:102F9000B0F900000A49884203DA4EF698700749F2
:102FA00008800648B0F90000704700009800002033
:102FB0004A0000209C0000204C00002094000020CB
:102FC00098EFFFFF1CB50121022001F073FD0121E4
:102FD0000E4800F091FF0120009000208DF80400C1
:102FE00003208DF8050001208DF807006946074889
:102FF00000F00CFF0221054800F07EFF0220009047
:103000006946024800F002FF1CBD000000040240B7
:1030100010B588B004460121084601F04BFD01219E
:10302000102001F077FD07220921244800F036FF27
:1030300007220A21214800F031FF4FF4C0600690BA
:1030400002208DF81C008DF81D0000208DF81E0058
:1030500001208DF81F0006A9184800F0D7FE029441
:103060000020ADF80C00ADF80E00ADF81000ADF882
:1030700014000C20ADF8120002A9114803F0CAFA9E
:1030800001210F4803F05DFA40210D4803F050FA8A
:10309000012240F225510A4803F096FA25208DF8C6
:1030A000040001208DF805008DF806008DF807005A
:1030B00001A801F02FFC08B010BD00000000024084
:1030C0000010014010B588B004460121084601F007
:1030D000F1FC0121480401F0FDFC072202212148F6
:1030E00000F0DCFE072203211E4800F0D7FE0C2072
:1030F000069002208DF81C008DF81D0000208DF830
:103100001E0001208DF81F0006A9164800F07EFE63
:1031100002940020ADF80C00ADF80E00ADF81000E0
:10312000ADF814000C20ADF8120002A90E4803F00F
:1031300071FA01210C4803F004FA012240F22551F2
:10314000094803F041FA26208DF8040001208DF88B
:1031500005008DF806008DF8070001A801F0DAFBE4
:1031600008B010BD00000240004400402DE9F047C7
:1031700007460D4690464FF00009202D37DCAA2067
:103180001C49087055204870681D8870084680F8F2
:103190000380002405E0395D201D164A1154601C8F
:1031A000C4B2AC42F7DB281DC6B2002406E01148C9
:1031B000005D484400F0FF09601CC4B2B442F6DB75
:1031C0000C4800F80490681DC6B200240DE00948C0
:1031D000015D094803F08DFA00BF4021064803F065
:1031E000BCF90128F9D1601CC4B2B442EFDBBDE8E0
:1031F000F0870000800200200044004010B588B035
:1032000004460121082001F055FC0121880401F049
:1032100061FC07220821224800F040FE0722092114
:103220001F4800F03BFE4FF44070069002208DF8DE
:103230001C008DF81D0000208DF81E0001208DF867
:103240001F0006A9164800F0E1FD02940020ADF829
:103250000C00ADF80E00ADF81000ADF814000C2015
:10326000ADF8120002A90F4803F0D4F901210D486E
:1032700003F067F9012240F225510A4803F0A4F94E
:1032800027208DF8040001208DF805008DF8060038
:103290008DF8070001A801F03DFB08B010BD00004B
:1032A000000C0240004800402DE9F04707460D465B
:1032B00090464FF00009202D37DCAA201C490870E9
:1032C00055204870681D8870084680F803800024E7
:1032D00005E0395D201D164A1154601CC4B2AC4291
:1032E000F7DB281DC6B2002406E01148005D484403
:1032F00000F0FF09601CC4B2B442F6DB0C4800F8D1
:103300000490681DC6B200240DE00948015D09481B
:1033100003F0EFF900BF4021064803F01EF9012831
:10332000F9D1601CC4B2B442EFDBBDE8F087000005
:10333000D00200200048004010B503460B4800783A
:1033400090B10B488078001FC2B2002105E0C81C74
:10335000074C205C5854481CC1B29142F7DB002056
:10336000024C2070104610BD0020FCE7B400002085
:10337000F802002010B588B004460121042001F0B5
:1033800099FB0121C80401F0A5FB08220A2122486B
:1033900000F084FD08220B211F4800F07FFD4FF450
:1033A0004060069002208DF81C008DF81D00002062
:1033B0008DF81E0001208DF81F0006A9164800F0A8
:1033C00025FD02940020ADF80C00ADF80E00ADF81C
:1033D0001000ADF814000C20ADF8120002A90F483F
:1033E00003F018F901210D4803F0ABF8012240F277
:1033F00025510A4803F0E8F834208DF80400012034
:103400008DF805008DF806008DF8070001A801F081
:1034100081FA08B010BD000000080240004C0040D6
:1034200070B52DED068B1548FDF712FB00BF02218C
:103430001248FDF77DFA0028F9D01048FDF774FA1C
:1034400005462846FDF7D7F841EC1A0B9FED0C0B0B
:1034500053EC102BFCF7DDFF41EC190B9FED0A0B31
:1034600053EC102BFDF747F841EC180BFDF7EFF884
:1034700084B22046BDEC068B70BD000000210140E7
:10348000285C8FC2F53EAC400000000000FEAF405B
:1034900000B58DB00121042001F00CFB0121480290
:1034A00001F038FB01200B9003208DF83000002044
:1034B0008DF833000BA9184800F0A8FC0121480240
:1034C00001F038FB00214FF4007001F033FB0020C5
:1034D00007900A9009904FF48030089007A8FDF7F4
:1034E0000BFA002001908DF808008DF80900039078
:1034F000059001208DF8180001A90848FDF722FA6F
:1035000001210648FDF7EDF9072301220A210348AE
:10351000FDF742FA0DB000BD000802400021014055
:1035200000BFFEE710B5144A0021144800F043F92B
:103530000020134908701048006840F28111884249
:1035400018D10D48007B0C49C97A40EA012000B22D
:103550000C49C8800848817B407B41EA002000B2CA
:10356000084908810448017CC07B41EA002000B280
:103570000449488110BD0000200400200064004080
:103580005A0000204801002010B50021837A012252
:1035900002FA03F13D4A126842F001023B4B1A6005
:1035A0003A4A1C3212688A43384B1C331A60027B39
:1035B000CAB9364A0C3212688A43344B0C331A604B
:1035C0004288C38842EA0343304A4032847A42F850
:1035D00034300288838842EA03432C4A4032847A9A
:1035E00002EBC4025360027B012A19D1274A0C3234
:1035F00012680A43254B0C331A604288038842EA5A
:103600000343224A4032847A42F83430C2888388A5
:1036100042EA03431D4A4032847A02EBC4025360FB
:10362000C27A3AB9194A121D12688A43174B1B1DF8
:103630001A6006E0154A121D12680A43134B1B1D3F
:103640001A60028932B9114A143212688A430F4B48
:1036500014331A600289012A06D10C4A1432126806
:103660000A430A4B14331A60427B012A06D1074AE7
:103670001C3212680A43054B1C331A60034A126855
:1036800022F00102014B1A6010BD000000660040EC
:103690001AB143690B43436102E043698B434361C1
:1036A000704730B5024600200023146824F002045D
:1036B0001460146844F00104146000E05B1C54685A
:1036C00004F001041CB94FF6FF74A342F6D154680C
:1036D00004F001040CB900206CE08C79012C04D1B9
:1036E000146844F08004146003E0146824F080043B
:1036F0001460CC79012C04D1146844F040041460A7
:1037000003E0146824F0400414600C7A012C04D106
:10371000146844F02004146003E0146824F02004CA
:1037200014604C7A012C04D1146844F01004146025
:1037300003E0146824F0100414608C7A012C04D186
:10374000146844F00804146003E0146824F00804CA
:103750001460CC7A012C04D1146844F00404146081
:1037600003E0146824F0040414608C78A407CD7876
:1037700044EA05640D7944EA05444D7944EA055468
:103780000D886D1E2C43D461146824F0010414606C
:10379000002300E05B1C546804F001041CB14FF6E8
:1037A000FF74A342F6D1546804F001040CB1002068
:1037B00000E0012030BD10B500F5D87303EB011314
:1037C0001B6803F004031372137A53B900F5D8731E
:1037D00003EB01131B6840F2FF7404EA53531360B8
:1037E00009E000F5D87303EB01131B686FF0604428
:1037F00004EAD303536000F5D87303EB01131B688D
:1038000003F00203537200F5D87303EB01135B68F6
:1038100003F00F03937200F5D87303EB01135B6899
:103820001B0AD37400F5D87303EB01139B68D372A2
:1038300000F5D87303EB01139B681C0A147300F5A1
:10384000D87303EB01139B681C0C547300F5D873F9
:1038500003EB01139B681B0E937300F5D87303EB06
:103860000113DB68D37300F5D87303EB0113DB6836
:103870001C0A147400F5D87303EB0113DB681C0CED
:10388000547400F5D87303EB0113DB681B0E9374BB
:1038900021B9C36843F02003C36003E0036943F028
:1038A0002003036110BD10B502460020936803F0A9
:1038B0008063B3F1806F00D110E0936803F0006380
:1038C000B3F1006F01D1012008E0936803F0805349
:1038D000B3F1805F01D1022000E00420042874D0FD
:1038E00002F5C07303EB00131B6803F0010402F53B
:1038F000C07303EB00131C600B7A7BB94B7A0C8806
:1039000043EA445302F5C07404EB001424682343D3
:1039100002F5C07404EB0014236010E00B7A4C68CD
:1039200043EAC4034C7A234302F5C07404EB001449
:103930002468234302F5C07404EB001423608B7ADF
:1039400003F00F038B7202F5C07303EB00135B6887
:1039500023F00F0402F5C07303EB00135C6002F563
:10396000C07303EB00135B688C7A234302F5C074C9
:1039700004EB001463608B7B1C064B7B44EA03441E
:103980000B7B44EA0323CC7A234302F5C07404EB97
:103990000014A3608B7C1C064B7C44EA03440B7C24
:1039A00044EA0323CC7B234302F5C07404EB0014E8
:1039B000E36002F5C07303EB00131B6843F00104DE
:1039C00002F5C07303EB00131C6010BD0246094BE7
:1039D0009A4201D2084801E00648103801F000532D
:1039E0001BB1064B0B40C36002E0044B0B408360ED
:1039F0007047000010640240006002407D0F7D0FA0
:103A000021B1026842F00102026003E0026822F084
:103A10000102026070470000016821F001010160AD
:103A20000021016041608160C1600161212141612B
:103A30004A49884204D13D21484A103A91608CE0BD
:103A400046491831884205D14FF47461434A103A0F
:103A5000916082E041493031884205D14FF47411C0
:103A60003E4A103A916078E03C494831884205D19D
:103A70004FF07461394A103A91606EE03749603115
:103A8000884204D13649354A103AD16065E033495D
:103A90007831884204D13349304A103AD1605CE031
:103AA0002E499031884204D12F492C4A103AD160D6
:103AB00053E02A49A831884205D14FF03D51274AA9
:103AC000103AD16049E02949884204D13D21274A72
:103AD000083A116041E025491831884205D14FF478
:103AE0007461224A083A116037E020493031884237
:103AF00005D14FF474111D4A083A11602DE01B499D
:103B00004831884205D14FF07461184A083A116073
:103B100023E016496031884204D11149134A121F2B
:103B200011601AE011497831884204D10D490F4AD9
:103B3000121F116011E00D499031884204D10A49E9
:103B40000A4A121F116008E00849A831884204D1CE
:103B50004FF03D51054A121F11607047106002403E
:103B60003D000020400F002000003D201064024076
:103B7000014600200A6802F001020AB1012000E0BB
:103B80000020704730B503460A46002000240B4D44
:103B9000AB4201D20A4901E00849103902F0005550
:103BA0000DB14C6800E00C68064D2C4004EA02059B
:103BB0000DB1012000E0002030BD00001064024083
:103BC000006002407D0F7D0F10B500220268134B8C
:103BD0001A40CC680B6823434C6923438C69234308
:103BE000CC6923430C6A23434C6A23438C6A2343E6
:103BF0004C6B23438C6B23431A430260426922F0CF
:103C00000702D1E90B3423431A4342610B69436035
:103C10004B6883608B68C36010BD00003F801CF060
:103C200041607047704700002DED048B82B0CDE0FD
:103C3000642003F00DFD6648007800B36448007806
:103C4000012806D1002363A202215A20FDF790FF2C
:103C50001BE05F480078022806D100235EA2022103
:103C60005A20FDF785FF10E05948007803280CD151
:103C700000235AA202215A20FDF77AFF05E0002313
:103C800057A202215A20FDF773FF56480088FCF71F
:103C9000B2FC41EC190B9FED540B53EC102BFCF7CD
:103CA000B8FB41EC180BFCF7B3FC044600200121E3
:103CB00002232246CDE9001003211E20FDF778FFE4
:103CC0000020009001904A48B0F90A200623032101
:103CD0005A20FDF76DFF642003F0BAFC454890EDD3
:103CE000001BB0EE410AF0EE610A9FED431B53EC5E
:103CF000112B51EC100BFCF78CFB41EC180BFCF773
:103D000087FC0446002002210B462246CDE9001024
:103D100006211E20FDF74CFF394890ED001BB0EE48
:103D2000410AF0EE610A9FED341B53EC112B51EC6C
:103D3000100BFCF76EFB41EC180BFCF769FC04461A
:103D4000002002210B462246CDE9001006215A2010
:103D5000FDF72EFF2B4890ED001BB0EE410AF0EE70
:103D6000610A9FED251B53EC112B51EC100BFCF756
:103D700050FB41EC180BFCF74BFC044600200221E1
:103D80000B462246CDE9001007211E20FDF710FF4B
:103D90001D4890ED001BB0EE410AF0EE610A9FED68
:103DA000161B53EC112B51EC100BFCF732FB41ECC2
:103DB000180BFCF72DFC0446002002210B4622467E
:103DC000CDE9001007215A20FDF7F2FE30E7000090
:103DD0005A0000205053320041505000524D5300C1
:103DE000524F5300360000209A9999999999B93FFA
:103DF000B0010020700100200000000000005940C8
:103E00008001002090010020A0010020F0B50A46AA
:103E100000210023002400BF3DE0012505FA01F345
:103E2000156805EA03049C4234D105684F00032657
:103E3000BE40B543056015794E00B5400668354370
:103E400005601579012D02D01579022D16D18568EE
:103E50004F000326BE40B543856055794E00B540FE
:103E6000866835438560456801268E40B5434560C8
:103E7000456896798E40B6B235434560C5684F00B7
:103E80000326BE40B543C560D5794E00B540C6682F
:103E90003543C560491C1029BFD3F0BDF0B50023E0
:103EA00000244D07ED0E02FA05F3CE1000F12005B7
:103EB00055F826504E07F70E0F26BE40B543CF10DB
:103EC00000F1200646F82750CE1000F1200555F8E5
:103ED000265045EA0304CE1000F1200545F826409F
:103EE000F0BD0246002013690B400BB1012000E039
:103EF0000020704741837047018370470AB10183F6
:103F000000E04183704700BFFEE7000010B50020CD
:103F10000E4908600E48006820F440400C490860D3
:103F20000846006840F48040086000200949C1F854
:103F30009C020120FDF70AF8012004490860FDF702
:103F400005F800200349C1F8980210BD988240424C
:103F5000000402400080404210B500200D49086076
:103F60000220FCF7F3FF01200B49C1F88802022070
:103F7000FCF7ECFF00200749091F08600220FCF74E
:103F8000E5FF01200449C1F88C020220FCF7DEFFA6
:103F900010BD00008C0242420000424210B50020D9
:103FA0000E4908600E48006820F440400C49086043
:103FB0000846006840F48040086001200949C1F8C3
:103FC0009C02FCF7C3FF012004490860FCF7BEFF18
:103FD00000200449C1F8980210BD000098824042B8
:103FE000000402400080404210B5012009490860E9
:103FF0000220FCF7ABFF01200749C1F8880202202C
:10400000FCF7A4FF00200349091F08600220FCF709
:104010009DFF10BD8C024242000042422DE9F0415A
:1040200006460F4614461D4600F0EAF810B9012076
:10403000BDE8F0817106080E00F08CF800F06EF912
:1040400018B900F02DF90120F2E7384600F082F8A7
:1040500000F064F900F0D4F8012101EB4601C8B288
:1040600000F078F800F05AF90DE0012C04D100209E
:1040700000F010F8287003E0012000F00BF8287021
:104080006D1C601EC4B2002CEFD100F009F90020B5
:10409000CEE7000070B5054600241648006820F4FD
:1040A000404014490860084600680860002616E091
:1040B0006006040E0020104908600220FCF746FF4D
:1040C00001200E49C1F898020B487C38006808B1FD
:1040D000601CC4B20220FCF739FF701CC6B2082E67
:1040E000E6DB15B1FFF712FF01E0FFF757FF2046AF
:1040F00070BD0000000402409882404200804042AF
:1041000070B505460024002615E06006040E012067
:104110000E4908600220FCF719FF0D48D0F80C0288
:1041200008B1601CC4B20020084908600220FCF7F6
:104130000DFF701CC6B2082EE7DB15B9FFF754FF60
:1041400001E0FFF709FF204670BD000088024242EF
:104150000000424270B504461448006820F4404014
:10416000124908600846006840F48040086000205A
:104170000F490860002516E0E0090D49091D086097
:104180000120FCF7E3FE01200A49C1F89802FCF780
:10419000DDFE0020064908600120FCF7D7FE60061E
:1041A000040E681CC5B2082DE6DB70BD0004024099
:1041B000988240420080404270B50446002514E0D9
:1041C000E0090D4908600220FCF7C0FE01200B4900
:1041D000C1F888020220FCF7B9FE00200649091F39
:1041E00008606006040E681CC5B2082DE8DB0120DB
:1041F0000149086070BD00008C024242000042424A
:1042000010B51648006820F440401449086008467C
:10421000006840F48040086001201149086011489E
:10422000D0F81C0208B9002010BD01200C49091F5C
:104230000860FCF78BFE00200A49C1F89C02084880
:104240008038006808B10020EEE70120FCF77EFE10
:1042500000200349091F08600120E5E7000402402F
:104260009C8240420080404210B501200A4908600B
:104270000A49C1F888020220FCF768FE00200649BE
:1042800008600220FCF762FE00200449C1F88802A1
:104290000220FCF75BFE10BD8C024242000042424D
:1042A00010B50E48006820F440400C4908600846EC
:1042B000006840F48040086000200949086009490E
:1042C000C1F89C020120FCF741FE0120044908606E
:1042D0000449C1F89C02FCF739FE10BD00040240FD
:1042E000988240420080404210B500200949086091
:1042F0000220FCF72BFE01200749C1F888020220AA
:10430000FCF724FE0120034908600220FCF71EFE92
:1043100010BD00008C0242420000424210B5002451
:104320001448006820F440401249086008460068BC
:104330000860012010490860FCF708FE01200F49C1
:10434000C1F89802FCF702FE07E0601CC4B2FA2C28
:1043500003DDFFF7A5FF002010BD07488038006887
:104360000028F2D10449091F08600120FCF7EEFD86
:104370000120F1E7000402409C824042008040425C
:1043800010B500240120114908600220FCF7DEFD71
:1043900001200F49C1F888020220FCF7D7FD07E091
:1043A000601CC4B2FA2C03DDFFF79EFF012010BD94
:1043B0000648803800680028F2D10449091F0860C7
:1043C0000220FCF7C3FD0020F1E700008C0242420E
:1043D000000042422DE9F04105460E461746984638
:1043E000FFF70EFF10B90120BDE8F0816906080E45
:1043F000FFF7B0FEFFF792FF18B9FFF751FF01205A
:10440000F2E73046FFF7A6FEFFF788FF00240BE037
:1044100018F80400FFF79EFEFFF780FF18B9FFF7BA
:104420003FFF0020E0E7641CBC42F1DBFFF738FFF0
:104430000020D9E783E0FCF7E9FF00287CD0322098
:1044400003F006F9FCF7E2FF002875D0002415E020
:10445000322003F0FDF8FCF7D9FF00B910E03C2C46
:104460000AD102213648FFF747FDC82003F0F0F8D3
:1044700002213348FFF73EFD601CC4B2C82CE7DBC5
:1044800000BF142C0CDA2F480078062805DA2D48D6
:104490000078401C2B49087002E00120294908706F
:1044A000C82C49D100210846FCF7CBFD26480068FE
:1044B00003F024FB2548006803F020FB022120487C
:1044C000FFF71AFD40F6B83003F0C2F802211C488D
:1044D000FFF710FD0020FDF777F80020FDF79EF8AC
:1044E0000020FDF77BF90020FDF7A2F9FDF788FA1F
:1044F00020E0002316A203211846FDF739FB002314
:1045000019A205211846FDF733FB02210C48FFF7DD
:10451000F3FC0A2003F09CF802210948FFF7EAFCAB
:1045200040F2DC5003F094F8FDF76AFA4FF4FA70A9
:1045300003F08EF8DDE7FFE7322003F089F87AE731
:104540000010024030000020040000201000002075
:104550002020526F626F74206861732073746F70D3
:10456000706564202000000020202020506C6561D0
:1045700073652052657374617274202020000000FE
:1045800010B5034B5A791979D878FDF7DFFD10BDC6
:10459000300000202DE9F0413748C078802801DB49
:1045A000012000E00020054633480079802801DB27
:1045B000012000E0002006462F484079802801DBDA
:1045C000012000E0002007462C480078292811DA55
:1045D0002A48007800EB40004006040E07FB04F375
:1045E000DAB206FB04F3D9B205FB04F3D8B2FDF747
:1045F000ADFD3AE0214800783D280CDAF02407FBB5
:1046000004F3DAB206FB04F3D9B205FB04F3D8B223
:10461000FDF79CFD29E0194800784F2811DA17486A
:104620000078C0F15000C006040E07FB04F3DAB2B4
:1046300006FB04F3D9B205FB04F3D8B2FDF786FDFF
:1046400013E00E4800785B280CDA0C2407FB04F317
:10465000DAB206FB04F3D9B205FB04F3D8B2FDF7D6
:1046600075FD02E002200549087004480078401CEE
:1046700002490870BDE8F08130000020A000002051
:1046800010B50248FDF7FCFD10BD0000E08C0008ED
:1046900010B528480078032803DA2748FDF7F0FD15
:1046A00042E024480078062805DA00221146104628
:1046B000FDF74CFD38E01F4800780A2803DA1E4851
:1046C000FDF7DEFD30E01B480078142805DA0022F3
:1046D00011461046FDF73AFD26E0164800781728E7
:1046E00003DA1648FDF7CCFD1EE0124800781A28C0
:1046F00005DA002211461046FDF728FD14E00D48AA
:1047000000781E2803DA0D48FDF7BAFD0CE00948D1
:104710000078282805DA002211461046FDF716FD1C
:1047200002E000200349087002480078401C01495B
:10473000087010BDA1000020F88C0008108D000842
:1047400010B51648C07816490870144800794870AA
:104750001248407988701148C07848750F4801792F
:104760000F4881750D4841790D48C17501240EE04F
:10477000002004EB44010A4A505404EB4401114464
:10478000487004EB440111448870601CC4B2072CCB
:10479000EEDB0348FDF726FD10BD000030000020D1
:1047A000D001002010B543480078082836DA414887
:1047B0000078A8B100213F480078401E00EB40007F
:1047C0003D4A11543B480078401E00EB4000104425
:1047D000417038480078401E00EB40001044817062
:1047E0003648C0783349097801EB4101324A5054C8
:1047F000324800792F49097801EB41011144487092
:104800002E4840792B49097801EB41011144887009
:1048100028480078401C2749087047E02548007860
:10482000102840DA23480078082818D000212148B1
:104830000078C0F1100000EB40001F4A11541D48E1
:104840000078C0F1100000EB40001044417019489E
:104850000078C0F1100000EB400010448170174850
:10486000C07814490978C1F10F0101EB4101124AE6
:104870005054124800790F490978C1F10F0101EB3A
:104880004101114448700D4840790A490978C1F145
:104890000F0101EB41011144887006480078401C6B
:1048A0000449087002E00020024908700248FDF740
:1048B00099FC10BDA2000020D00100203000002093
:1048C0000DE01E2002F0C4FE0548007810B1FCF790
:1048D000CFFD04E0002211461046FDF737FCF0E75B
:1048E0005000002070B504460D461646F2B22B4625
:1048F00021466820FFF792FB70BD13B5044601AB5B
:10490000012221466820FFF765FD1CBD00BFFEE7C0
:104910007047000070B5002100230F22C4781CB33B
:10492000174C246804F4E064C4F5E064C4F3072180
:10493000C1F10404E3B20A4144789C40E1B28478B6
:10494000144021430C07210E0E4C05786155047864
:1049500004F01F050124AC4005786D11AD0005F190
:10496000E025C5F8004109E0047804F01F050124A2
:10497000AC40054D0678761145F8264070BD000024
:104980000CED00E000E400E080E100E002490143BA
:10499000024A1160704700000000FA050CED00E0CB
:1049A00070B504460D4605F1B001C8B200F00CF830
:1049B000102141EA141000F007F804F00F0141F053
:1049C000010000F001F870BD10B504461021054843
:1049D000FFF790FA204600F033FA10210148FFF764
:1049E0008BFA10BD0000024010B50446204600F0CE
:1049F00027FA10BD1CB5044600200190012000904C
:104A000027E09DF80000204018B1012014490860FB
:104A100002E0002012490860002011490C390860AA
:104A20001020FCF793FA0F48D0F8300228B19DF817
:104A300004009DF8001008430190012008490C393A
:104A400008601020FCF782FA9DF800004006000E76
:104A500000909DF800000028D3DC9DF804001CBDE8
:104A6000A80242420000424200BF03F0EFFC0D49A1
:104A7000086016E014210B4802F018FE0A48FDF702
:104A8000B5FA0A48007801280BD007484078082872
:104A900007D10548807920B90120044908700449EC
:104AA0000870E7E76C000020530000205A00002047
:104AB0005200002029B1064A12680243044B1A60D2
:104AC00004E0034A12688243014B1A6070470000F9
:104AD0003038024029B1064A12680243044B1A607A
:104AE00004E0034A12688243014B1A6070470000D9
:104AF0004038024029B1064A12680243044B1A604A
:104B000004E0034A12688243014B1A6070470000B8
:104B10002038024029B1064A12680243044B1A6049
:104B200004E0034A12688243014B1A607047000098
:104B30004438024029B1064A12680243044B1A6005
:104B400004E0034A12688243014B1A607047000078
:104B500024380240F0B5002100220024022500265E
:104B60000223324F3F6807F00C0121B1042905D020
:104B7000082937D105E02E4F076036E02D4F07603A
:104B800033E02A4F3F1F3F68C7F38056274F3F1F30
:104B90003F6807F03F036EB1264FB7FBF3F7DFF82E
:104BA0008CC0ACF1040CDCF800C0CCF3881C07FB13
:104BB0000CF40CE01E4FB7FBF3F7DFF870C0ACF15C
:104BC000040CDCF800C0CCF3881C07FB0CF4174F76
:104BD0003F1F3F68C7F301477F1C7D00B4FBF5F71B
:104BE000076002E0124F076000BF00BF0F4F3F6831
:104BF00007F0F0010909104F7A5C0768D740476059
:104C00000A4F3F6807F4E051890A0B4F7A5C476806
:104C1000D7408760054F3F6807F46041490B064F56
:104C20007A5C4768D740C760F0BD00000838024092
:104C30000024F40000127A00BE00002010B5C2214A
:104C40000B48FEF7EDFF01210948FEF7D9FE00BF32
:104C500008490748FEF796FF0028F9D000210448CC
:104C6000FEF7CEFE03490248FEF7B0FE10BD00007D
:104C7000886002400008002010B51B48FCF702FEC7
:104C8000194840881949088017480088404200B2F6
:104C900048801548808888801548FCF713FE144822
:104CA000008814490988084400B211490880084660
:104CB000408810494988084400B20D494880084698
:104CC00080880C498988084400B2094988800846D0
:104CD00040880649C88006480088404200B20881E2
:104CE00003488088488110BD38000020B0010020B2
:104CF0003E0000204400002010B533480088000A20
:104D0000324908703048007848702F484088000ABF
:104D100088702D488078C8702B488088000A0871F8
:104D20002948007948712848C088000A88712648B7
:104D30008079C87124480089000A08722248007AE4
:104D4000487221484089000A88721F48807AC872D8
:104D50001F480088000A08731D48007848731C48E3
:104D60004088000A88731A488078C8731848808879
:104D7000000A087416480079487416480088001222
:104D8000887414480078C874102214210F48FEF764
:104D9000EDF9102214210D48FEF786FA0B4A062180
:104DA00040F22110FBF7F0FE084A921D06214FF455
:104DB0009170FBF7E9FE054A0C32082140F22310FE
:104DC000FBF7E2FE10BD0000B0010020BC01002096
:104DD000480100203600002000BF03F037FB1549D2
:104DE000086026E01421134802F060FC12480078A5
:104DF00098B111480078012802D1FBF761FF0CE05F
:104E00000D480078022802D1FBF7DEFE05E00A48D3
:104E10000078032801D1FBF7E5FF0848007810B1BE
:104E2000FDF77CFA01E0FDF799FDFFF725FFFFF79D
:104E300063FFD7E7600000205A0000204E000020EA
:104E400010B5044600BF02210A4800F036F80028D9
:104E5000F9D02146074800F03CF800BF0121054881
:104E600000F02BF80028F9D0024800F02FF8C0B26B
:104E700010BD00000030014021B1028842F4005210
:104E8000028004E002884DF6FF731A4002807047EA
:104E900021B1028842F04002028004E002884FF60D
:104EA000BF731A40028070471AB183880B43838016
:104EB00002E083888B438380704702460020138979
:104EC0000B400BB1012000E00020704701468889AB
:104ED00070478181704710B50022028802F4415268
:104EE0000B884C8823438C882343CC8823430C892C
:104EF00023434C8923438C892343CC8923431A437E
:104F00000280838B4FF2FF74234083830B8A0382DA
:104F100010BD00000CB500200190009034480068DE
:104F200040F480303249086000BF3148006800F426
:104F3000003000900198401C0190009818B9019829
:104F4000B0F5A04FF1D12A48006800F4003010B14C
:104F50000120009001E0002000900098012846D137
:104F600023484030006840F08050214940310860BB
:104F70002048006840F440401E4908601C48083042
:104F800000681B49083108600846006840F400408A
:104F900008600846006840F4A05008601648091FE1
:104FA0000860081F006840F08070091F086000BF9B
:104FB0000F48006800F000700028F9D040F205703A
:104FC0000E4908600A480830006820F003000849CC
:104FD000083108600846006840F00200086000BF21
:104FE00003480830006800F00C000828F8D10CBD18
:104FF000003802400070004008544007003C024066
:105000002DE9FF41074655250020FBF7F1FF8828D1
:1050100024D12020FBF7ECFFB84908702120FBF7D2
:10502000E7FFB64948702220FBF7E2FFB3498870DA
:105030002320FBF7DDFFB149C8702420FBF7D8FF20
:10504000AE4908712520FBF7D3FFAC4948715020C9
:10505000FBF7CEFF40B2AA49088030E00220A74902
:105060000870002048708870C870FF20087148716F
:10507000084601782020FBF7E4FFA0484178212072
:10508000FBF7DFFF9D4881782220FBF7DAFF9B4882
:10509000C1782320FBF7D5FF984801792420FBF73E
:1050A000D0FF964841792520FBF7CBFF9448017843
:1050B0005020FBF7C6FF88210020FBF7C2FF904875
:1050C000B0F90000FDF76EFD8D48B0F90000FDF766
:1050D000E3FD002629E010218A48FEF70BFF1E2081
:1050E00002F0B6FA10218748FEF706FF142002F0FE
:1050F000AFFA02A8FCF7E6FB83480088BDF8081069
:10510000084400B28049088008464088BDF80A106B
:10511000084400B27C49488008468088BDF80C10DD
:10512000084400B278498880761C0A2ED3DB764882
:10513000B0F9000040420A2190FBF1F000B2724940
:1051400008800846B0F9020040420A2190FBF1F0C5
:1051500000B26D4948800846B0F9040040420A2177
:1051600090FBF1F000B26849888000262AE0002414
:105170000FE0E006050E002211462846FCF7E6FF88
:1051800010216048FEF7B6FE142002F061FA601CA0
:10519000C4B21E2CEDDB142411E004EB44008006A5
:1051A000050E002211462846FCF7D0FF1021554875
:1051B000FEF7A2FE142002F04BFA601EC4B2002CCF
:1051C000EBDC761C032ED2DB002211461046FCF7E6
:1051D000BDFF10214B48FEF78DFE02214B48FEF724
:1051E0008BFE6420FBF7A8FE02214848FEF782FEF2
:1051F000FCF706FC002346A219461846FCF7B8FC4B
:10520000002349A201211846FCF7B2FC00234CA25E
:1052100002211846FCF7ACFC00234FA202211E20FD
:10522000FCF7A6FC00234EA203211846FCF7A0FCC5
:1052300000233DA204211846FCF79AFC00233AA261
:1052400005211846FCF794FC00234BA206211846C2
:10525000FCF78EFC00234EA207211846FCF788FCC1
:10526000002351A219464E20FCF782FC02F0D6F82A
:105270004E48032100234FF48072CDE900104CA169
:105280004E4803F0A3F84E48042100238022CDE9C4
:1052900000104CA14E4803F099F84E480521002318
:1052A0008022CDE900104CA14E4803F08FF84E4803
:1052B000062100238022CDE900104CA14E4803F0C6
:1052C00085F84E480A2100238022CDE900104CA128
:1052D0004E4803F07BF84E480B2100238022CDE995
:1052E00000104CA14E4803F071F84E48006802F0DF
:1052F00047FA02F0BDF8BDE8FF8100003000002051
:105300005E000020000C024044000020001002401B
:105310002020202A205441524B424F54204D4543D7
:10532000202A2020200000002D2D2D2D2D2D2D2D6B
:105330002D2D2D2D2D2D2D2D2D2D2D2D2D00000024
:10534000205665723A56302E3030204D6F643A52F6
:105350004F5320202000000056332E303100000033
:1053600020566F6C3A31322E32562047797A3A30D5
:105370003030303020000000204D54413A30302E83
:105380003030204D54423A2D302E30302000000075
:10539000204D54433A30302E3030204D54443A2D75
:1053A000302E3030200000004D4543000400002026
:1053B000526F626F745F5461736B0000D94D0008C7
:1053C000080000204B65795F5461736B000000009A
:1053D000354400080C0000204C696768745F546114
:1053E000736B0000C148000810000020446973700E
:1053F0005F5461736B000000293C0008140000201A
:105400005472697669615F5461736B00255C0008B2
:10541000180000205073325F5461736B000000006D
:10542000694A000800000020042808D14FF0E0215C
:10543000096941F004014FF0E022116107E04FF0EB
:10544000E021096921F004014FF0E0221161704769
:1054500010B502F0EBFF012801D002F0ADFC10BD49
:1054600010B51548006840F47000134908601348EF
:10547000006840F001001149086000200F49083120
:1054800008600E4800680E4908400C4908600D4845
:10549000091D0860081F006820F48020091F0860AB
:1054A000002006490C310860FFF734FD4FF0006022
:1054B00001498039086010BD88ED00E000380240E5
:1054C000FFFFF6FE10300024F0B50C461546002113
:1054D0000022068C4FF6FE773E400684018B028C3C
:1054E0004FF60C7631407E1C06EA03162E433143FC
:1054F0004FF6F576324044F00106324301830284D0
:10550000F0BDF0B50C461546002100220026078CA0
:105510004FF6EF7C07EA0C070784018B028C4FF6ED
:10552000FF7707EA041640F6FF4739404FF6FF774A
:1055300007EA033739434FF6FF7707EA0527394370
:105540004FF65F773A4046F010073A4301830284F2
:10555000F0BDF0B50C461546002100220026078C50
:105560004FF6FF6C07EA0C070784818B028C4FF61D
:10557000FF7707EA04264FF60C7739404FF6FF779E
:1055800007EA03172F4339434FF2FF573A4046F4D7
:1055900080773A4381830284F0BDF0B50C4615460E
:1055A000002100220026078C4EF6FF7C07EA0C073C
:1055B0000784818B028C4FF6FF7707EA043640F6AA
:1055C000FF4739404FF6FF7707EA052739434FF683
:1055D000FF7707EA0337394345F6FF773A4046F449
:1055E00080573A4381830284F0BD21B1028842F0A2
:1055F0008002028004E002884FF67F731A40028026
:10560000704721B1028842F00102028004E0028862
:105610004FF6FE731A400280704731B1B0F8442053
:1056200042F40042A0F8442005E0B0F84420C2F360
:105630000E02A0F84420704710B504465548844235
:1056400008D101210846FFF775FA00210120FFF774
:1056500071FA9DE0B4F1804F08D101210846FFF7AF
:1056600049FA00210120FFF745FA91E04A488442B7
:1056700008D101210220FFF73DFA00210220FFF7A7
:1056800039FA85E04548844208D101210420FFF71A
:1056900031FA00210420FFF72DFA79E040488442D6
:1056A00008D101210820FFF725FA00210820FFF783
:1056B00021FA6DE03B48844208D101211020FFF718
:1056C00019FA00211020FFF715FA61E036488442EC
:1056D00008D101212020FFF70DFA00212020FFF73B
:1056E00009FA55E03148844208D101210220FFF730
:1056F00021FA00210220FFF71DFA49E02C488442DC
:1057000009D101210804FFF715FA00214FF4803078
:10571000FFF710FA3CE02748844209D101214804F0
:10572000FFF708FA00214FF40030FFF703FA2FE0EB
:105730002148844209D101218804FFF7FBF90021A7
:105740004FF48020FFF7F6F922E01C48844208D18C
:1057500001214020FFF7CEF900214020FFF7CAF9D0
:1057600016E01748844208D101218020FFF7C2F9D2
:1057700000218020FFF7BEF90AE01248844207D1D9
:1057800001218015FFF7B6F90021A015FFF7B2F946
:1057900010BD00000000014000040040000800406F
:1057A000000C0040001000400014004000040140C4
:1057B0000040014000440140004801400018004002
:1057C000001C004000200040F0B50C4615461E4667
:1057D0000021002200230189028B038C4FF6F87709
:1057E000394021434FF6FC473A4040F201173A4313
:1057F0004FF6DD773B404FF6FF7707EA06172F435A
:105800003B43018102830384F0BD70B505460C461D
:10581000208850B92389A28861882846FFF754FE62
:10582000E188284600F085F925E0208804280AD17F
:105830002389A28861882846FFF763FEE18828460D
:1058400000F080F917E0208808280AD12389A2886F
:1058500061882846FFF77DFEE188284600F07FF941
:1058600009E02389A28861882846FFF796FEE1882F
:10587000284600F07DF970BD0021018041800121A2
:1058800081800021C18001817047000070B5002433
:1058900000220023058C4FF6FE7635400584028CED
:1058A0008388048B4FF68F752C40B51E2C400D88D5
:1058B0002C43751E2A408D892A434D882A43104D5A
:1058C000A84202D00F4DA84213D14FF6F7752A40D7
:1058D000CD892A434FF6FB752A408D882A434FF61F
:1058E000FF652B404FF6FF552B400D8A2B434D8A09
:1058F0002B43838004838D684563028470BD000060
:1059000000000140000401400A460021018B4FF6CF
:10591000F7731940114301837047000070B50024EC
:1059200000220023058C4FF6EF7635400584028C6B
:105930008388048B48F6FF752C404FF6FF452C40BA
:105940000D884FF6FF7606EA05252C434FF6DF75E6
:105950002A408D8906EA05152A434D8806EA051571
:105960002A43154DA84202D0144DA8421DD14FF62E
:105970007F752A40CD894FF6FF7606EA05152A4342
:105980004FF6BF752A408D8806EA05152A434FF663
:10599000FF352B404FF2FF752B400D8A06EA850537
:1059A0002B434D8A06EA85052B43838004838D684B
:1059B0008563028470BD00000000014000040140C6
:1059C0000A460021018B4FF2FF7319404FF6FF7317
:1059D00003EA0223194301837047000070B50024D5
:1059E00000220023058C4FF6FF6635400584028CAB
:1059F0008388848B4FF68F752C404FF6FC752C40B6
:105A00000D882C434FF6FF552A408D894FF6FF76BF
:105A100006EA05252A434D8806EA05252A43154D41
:105A2000A84202D0144DA8421DD14FF2FF752A4062
:105A3000CD894FF6FF7606EA05252A434FF6FF3556
:105A40002A408D8806EA05252A434EF6FF752B402D
:105A50004DF6FF752B400D8A06EA05152B434D8A3E
:105A600006EA05152B43838084838D68C563028411
:105A700070BD000000000140000401400A46002102
:105A8000818B4FF6F77319401143818370470000F3
:105A900070B5002200230024058C4EF6FF763540B9
:105AA0000584038C8488828B48F6FF752A404FF664
:105AB000FF452A400D884FF6FF7606EA05252A4362
:105AC0004DF6FF752B408D8906EA05352B434D8831
:105AD00006EA05352B430A4DA84202D0094DA842DB
:105AE00008D14BF6FF752C400D8A4FF6FF7606EA7B
:105AF00085152C43848082838D680564038470BD82
:105B000000000140000401400A460021818B4FF251
:105B1000FF7319404FF6FF7303EA02231943818391
:105B200070474163704781637047C1637047016488
:105B30007047028B4FF6F3731A400283028B0A43BD
:105B400002837047028B4FF2FF331A400283028BAD
:105B50004FF6FF7303EA01231A4302837047828BD7
:105B60004FF6F3731A408283828B0A438283704715
:105B7000828B4FF2FF331A408283828B4FF6FF7382
:105B800003EA01231A43828370470000002202883F
:105B9000184B98420ED0184B98420BD0B0F1804F62
:105BA00008D0164B984205D0154B984202D0154BA1
:105BB000984204D14FF68F731A404B881A43124B08
:105BC000984207D0114B984204D04FF6FF431A4039
:105BD0000B891A4302804B68C3620B880385054B0F
:105BE000984202D0044B984201D18B7A038601235C
:105BF000838270470000014000040140000400401F
:105C000000080040000C004000100040001400405C
:105C10004FF0FF314160002101800181418081729C
:105C20007047000053E1FDF7FBFBA94908800846D7
:105C30000088B0F5856F67DC0821A648FEF751F9AA
:105C4000C0F10100C5B22A460821A248FEF756F964
:105C50009F480088B0F57D7F5ADA08219D48FEF7FD
:105C600049F99B480088B0F5767F49DA9A48008860
:105C7000401C99490880084600880A2848DD102100
:105C80009448FEF739F908219248FEF733F9934812
:105C9000006801F033FF9248006801F02FFF0020F8
:105CA000FBF792FC0020FBF7B9FC0020FBF796FD08
:105CB0000020FBF7BDFDFBF7A3FE20E0002389A237
:105CC00003211846FBF754FF00238CA20521184638
:105CD000FBF74EFF02218F48FEF70EF91E2001F060
:105CE000B7FC02218B48FEF705F94FF47A7001F0FA
:105CF000AFFCFBF785FE4FF47A7001F0A9FCDDE7FD
:105D000000207549088003E008217248FEF7F4F886
:105D1000814890F90000002868DD00207F49088054
:105D2000488088806D48006801F0E8FE02217948CB
:105D3000FEF7E2F8322001F08BFC02217548FEF7F5
:105D4000D9F84FF47A7001F083FC08216148FEF71E
:105D5000D1F800241FE0142001F07AFC7048FBF712
:105D6000B1FD6E4800886E490988084400B26B494D
:105D70000880084640886A494988084400B2674953
:105D800048800846808866498988084400B263498B
:105D90008880601CC4B20A2CDDDB6048B0F90000CA
:105DA00040420A2190FBF1F000B25C4908800846AD
:105DB000B0F9020040420A2190FBF1F000B25749CD
:105DC00048800846B0F9040040420A2190FBF1F0F7
:105DD00000B25249888008213E48FEF78DF83F48BE
:105DE000006801F0E1FD00204B4908704D48007843
:105DF000002837DD3948006801F080FE4A48017804
:105E00002020FBF71EF9484841782120FBF719F9BB
:105E1000454881782220FBF714F94348C1782320B4
:105E2000FBF70FF9404801792420FBF70AF93E48B7
:105E300041792520FBF705F902213648FEF75CF889
:105E4000C82001F005FC02213248FEF753F84FF458
:105E50007A7001F0FDFB2148006801F0A5FD0020EB
:105E6000304908703148007808B33048007801287C
:105E70000ED102212748FEF73FF8C82001F0E8FBC9
:105E800002212448FEF736F80020284908700EE069
:105E900002212048FEF730F84FF47A7001F0D8FB69
:105EA00002211C48FEF726F8002020490870102126
:105EB0000848FEF716F8C0F10100C5B22A461021C5
:105EC0000448FEF71BF84FF4FA7001F0C1FBAAE694
:105ED00036000020000C0240640000200400002076
:105EE0001000002020202020204C6F7720706F773A
:105EF0006572202020202020000000002020526F0A
:105F0000626F74206861732073746F7070656420B1
:105F100000000000001002404F000020440000205C
:105F200066000020510000203000002052000020B8
:105F300010B540F22551334800F01CFB00285FD01B
:105F4000304800F0D1FBC4B22F480078032823DA90
:105F50002D48007838B9AA2C4CD12C480470012067
:105F60002949087046E02848007801280BD1552CB3
:105F700005D1264844700220234908703AE00020E9
:105F80002149087036E02148847003201E490870BA
:105F9000601E1F4908702DE01C488078401E1A4979
:105FA000097888420EDD1948174909784454164883
:105FB0000078401C144908701548007820441449A2
:105FC000087017E0002010490870114800788442DA
:105FD00010D101200F4908700C48C078302809D131
:105FE0000A480079552805D102200B490870012084
:105FF0000A490870012240F22551024800F0E4FAF3
:1060000010BD0000004C0040B5000020F802002048
:10601000B6000020B40000205A00002052000020EA
:1060200010B540F22551304800F0A4FA00285AD0AB
:106030002D4800F059FBC4B22C48007858B90F2CF9
:106040004BD12B4829490978445428480078401CF2
:106050002649087041E025480078182834DB94BBB5
:1060600001202449087024480078032827D02048BC
:10607000C07880111E49097940EA81001C4949799C
:1060800040EA8120C0F30A001C4908801848807A41
:1060900040111749C97A40EAC100184948800846AA
:1060A000008840F2DC51884209DD1448408888426B
:1060B00005DD0320104908700120114908700020F7
:1060C0000A49087009E0FFE709480849097844547B
:1060D00006480078401C05490870012240F225510D
:1060E000014800F071FA10BD00500040B9000020D6
:1060F00034040020B80000205A000020BA0000201C
:106100005200002010B540F225512C4800F032FA20
:10611000002851D0294800F0E7FAC4B22848007896
:10612000032823DA2648007838B9AA2C3ED125481E
:10613000047001202249087038E0214800780128C5
:106140000BD1552C05D11F48447002201C49087002
:106150002CE000201A49087028E01A4884700320B7
:1061600017490870601E184908701FE015488078AC
:10617000401E1349097888420EDD124810490978FB
:1061800044540F480078401C0D4908700E480078B0
:1061900020440D49087009E00020094908700A48A8
:1061A0000078844202D1012008490870012240F29F
:1061B0002551024800F008FA10BD0000001001400F
:1061C000AE00002008020020AF000020AD0000203B
:1061D00010B540F225515F4800F0CCF900287DD081
:1061E0005C4800F081FAC4B25B480078032823DAE7
:1061F0005948007838B9AA2C04D1584804700120B5
:10620000554908709FE05448007801280BD1552C5F
:1062100005D15248447002204F49087093E0002095
:106220004D4908708FE04D48847003204A4908703A
:10623000601E4B49087086E048488078401E4649F9
:10624000097888420EDD454843490978445442485C
:106250000078401C4049087041480078204440497B
:10626000087070E000203C4908703D480078844286
:1062700069D100203B4908703848C07850281BD1AC
:10628000364840793549097940EA012000B236495B
:10629000C8803248C0793149897940EA012000B28A
:1062A000314908812D48407A2C49097A40EA012079
:1062B00000B22D49488146E02848C078512804D1D1
:1062C0002648007940B2294908702448C0785228ED
:1062D00014D1224800792649087000E039E01F48AF
:1062E000407948701D48807988701C48C079C87012
:1062F0001A48007A08711948407A48711748C078DE
:10630000532802D101201B4908701448C078542832
:106310000BD11248007920B102211748FDF7ECFD9E
:1063200003E002211448FDF7E5FD0C48C0785A2827
:1063300009D10A480079012802D11049087002E009
:1063400002200E490870012240F22551014800F058
:106350003BF910BD00440040B0000020580200206E
:10636000B10000205A000020480100204F0000200A
:106370003000002051000020001002405200002098
:1063800010B540F225515F4800F0F4F800287DD0A8
:106390005C4800F0A9F9C4B25B480078032823DA0E
:1063A0005948007838B9AA2C04D158480470012003
:1063B000554908709FE05448007801280BD1552CAE
:1063C00005D15248447002204F49087093E00020E4
:1063D0004D4908708FE04D48847003204A49087089
:1063E000601E4B49087086E048488078401E464948
:1063F000097888420EDD45484349097844544248AB
:106400000078401C404908704148007820444049C9
:10641000087070E000203C4908703D4800788442D4
:1064200069D100203B4908703848C07850281BD1FA
:10643000364840793549097940EA012000B23649A9
:10644000C8803248C0793149897940EA012000B2D8
:10645000314908812D48407A2C49097A40EA0120C7
:1064600000B22D49488146E02848C078512804D11F
:106470002648007940B2294908702448C07852283B
:1064800014D1224800792649087000E039E01F48FD
:10649000407948701D48807988701C48C079C87060
:1064A0001A48007A08711948407A48711748C0782C
:1064B000532802D101201B4908701448C078542881
:1064C0000BD11248007920B102211748FDF714FDC5
:1064D00003E002211448FDF70DFD0C48C0785A284E
:1064E00009D10A480079012802D11049087002E058
:1064F00002200E490870012240F22551014800F0A7
:1065000063F810BD00480040B2000020A80200203F
:10651000B30000205A000020480100204F00002056
:1065200030000020510000200010024052000020E6
:1065300001F40072B2F5007F00D100BFCA430280AF
:10654000704721B1828942F40052828104E082893D
:106550004DF6FF731A408281704702460020B1F564
:10656000007F00D100BF13880B400BB1012000E079
:106570000020704770B5024600240023002500204B
:1065800040F66A16B14200D100BFC1F3421501F0D6
:106590001F03012606FA03F3012D02D19689334029
:1065A00006E0022D02D1168A334001E0968A33407C
:1065B0000C12012606FA04F41688344013B10CB10B
:1065C000012000E0002070BDF0B503460024002645
:1065D0000025002040F66A17B94200D100BF1846D6
:1065E000C1F3421401F01F06012707FA06F5012C3A
:1065F00001D10C3004E0022C01D1103000E0143045
:106600001AB107682F43076002E00768AF430760CD
:10661000F0BD00002DE9FF4705460E460024A146C7
:1066200000BFA046B08900B100BF2C8A24F44054BA
:10663000F08804432C82AC8941F20C608443B0881A
:1066400031890843718908430443AC81AC8A24F43E
:106650004074B0890443AC826846FEF77BFA204858
:10666000854202D01F48854202D1DDF80C9001E03E
:10667000DDF80890A88900F4004040B109EBC9009A
:1066800000EB091031684900B0FBF1F707E009EBB6
:10669000C90000EB091031688900B0FBF1F76420F4
:1066A000B7FBF0F004012009642101FB1078A889F0
:1066B00000F4004040B1322000EBC800B0FBF1F024
:1066C00000F00700044308E0322000EB08106421CA
:1066D000B0FBF1F000F00F0004432C81BDE8FF8710
:1066E000001001400014014001468888C0F30800F2
:1066F0007047C1F308028280704700BFFEE702E0E6
:1067000008C8121F08C1002AFAD17047704700203C
:1067100001E001C1121F002AFBD170471CB54FF4E4
:10672000A060FEF733F9FCF7E9F9FCF761FAFAF734
:10673000CFFEFAF79DFFFAF7D7FBFAF771FEFAF7EB
:1067400049FEFCF7A5FEFAF789F9FAF723FC4FF4A6
:106750006130FCF75DFC4FF46130FCF7B3FC4FF4A3
:106760006130FCF74BFD4FF4E130FCF703FEFCF722
:1067700069F9FAF791F9FBF7E3FBFAF78DFCFAF701
:10678000FDFCFAF761FDFAF7C5FDFBF761FC3F225E
:1067900011461046FBF7DAFCFBF706FB00201A490E
:1067A00008238022CDE900100146FBF797F9FCF79A
:1067B00009FC02211548FDF79FFB6420FAF7BCFB9A
:1067C00002211248FDF796FB40F26C70FAF7B4FB19
:1067D000FBF798F80020FBF7E7F80120FBF7F3F848
:1067E000C820FBF7F8F80220FBF7E6F8084801217B
:1067F00000238022CDE9001006A1094801F0E6FD42
:1068000001F032F900BFFEE7E08800080010024006
:106810000000002053746172745F5461736B000058
:10682000015000082DE9F04105460E461C48076856
:106830001C480068001D00F0A7FD50B91948006809
:1068400090F82C10012088401749096881431648A8
:106850000160681C38B936B112480168091D134837
:1068600000F0D0FD1AE07C190E4800684460BC427C
:1068700007D20C480168091D0D48006800F0A8FD0A
:106880000CE008480168091D0A48006800F0A0FDF6
:1068900009480068844201D207480460BDE8F081DD
:1068A000E4000020D0000020E80000205C0500206B
:1068B000D8000020D40000200001002010B50446BC
:1068C00000F0ACFD24480068401C234908602348C0
:1068D000006840B9214804600846006801280DD1CD
:1068E00000F0DEF90AE01E48006838B91B4800686D
:1068F000C06AE16A884201D81848046019480068F3
:10690000401C1849086008460068206494F82C1060
:106910000120884014490968084313490860E16A66
:1069200001EB8101114A02EB8100211D00F06AFD9B
:1069300000F09EFD0A48006868B108480068C06A17
:10694000E16A884207D24FF0805009490860BFF3DE
:106950004F8FBFF36F8F10BDE0000020D0000020EC
:10696000EC000020FC000020E8000020A80400202B
:1069700004ED00E010B500F051FD10480068D0B9FA
:106980000F4800F015FD0F4800F012FD0C480E49AD
:1069900008600C480D49086000220C210A2001F013
:1069A00025FA064908600846006820B108A1034896
:1069B000006800F011FE00F05BFD10BD1401002026
:1069C00070050020840500200C010020100100202B
:1069D000546D72510000000070B523E001F000F921
:1069E0001348006808B9012000E00020054601F0C6
:1069F00087FEBDB900F012FD0D48C068C468201DB7
:106A000000F0C2FC0B480068401E0A4908600A48B2
:106A10000068401E0849086000F02AFD204600F08A
:106A200060F800BF044800680028D7D170BD00009E
:106A300048050020E0000020DC00002070B504467E
:106A40000D46206C70B1216CE0680844E06061681C
:106A5000E068884201D32068E0602846226CE16843
:106A6000F9F70CFC70BD2DE9F04104460F461546C0
:106A70004FF00008A66B206C40B9206860BB6068CE
:106A800001F08EFD80460020606025E07DB939462A
:106A9000226CA068F9F7F2FB216CA0680844A060A2
:106AA000D4E90110884217D32068A06014E0394669
:106AB000226CE068F9F7E2FB216CE068401AE060C4
:106AC0002168E068884203D2216C6068401AE06067
:106AD000022D01D106B1761E701CA0634046BDE8B0
:106AE000F08110B50446206B00F0E0FC204600F079
:106AF000DDFC10BD0146084A126812680AB901227D
:106B000000E000220A600A6822B9034A1268D268CB
:106B1000106800E0002070470C01002030B54FF4F1
:106B20009633174800F007042CB1C01D20F0070071
:106B3000134C041B1B1B0246124C22600024114DF7
:106B40006C60D018083820F007000F4C206000243B
:106B50000D4D2D686C600C4D2D682C601146441A4B
:106B60004C60094C24680C60084D4C682C60084D42
:106B70004C682C604FF00044064D2C6030BD000086
:106B8000980500202001002028010020300100206D
:106B90002C0100203401002000BFFFF71DFF064834
:106BA00000680128F9D94FF0805004490860BFF30C
:106BB0004F8FBFF36F8FF0E7A804002004ED00E0D3
:106BC0002DE9F04106460D4617469846069C0DB93C
:106BD000246000E02760E66325640121204601F07F
:106BE00013FA84F84C80BDE8F0812DE9F05F82460D
:106BF0000F4690469B460A9E0C9C4FEA8801A522B0
:106C0000206BF9F74DFBA8F10100216B01EB800926
:106C100029F0070909F0070008B9012000E0002069
:106C200050B900BF502080F31188BFF34F8FBFF3DE
:106C30006F8F00BF00BFFEE7002507E0795D04F11C
:106C400034004155785D00B902E06D1C0A2DF5D382
:106C500000BF00213D200155052E00D30426E66229
:106C6000A6640020E064201D00F0AFFB04F11800D2
:106C700000F0ABFB2461C6F10500A0616462002056
:106C8000206584F854005A465146484600F066FB99
:106C900020600B9808B10B980460BDE8F09F0000DD
:106CA00010B5002407E004EB84010F4A02EB8100D9
:106CB00000F07EFB641C052CF5D30C4800F078FB3B
:106CC0000B4800F075FB0B4800F072FB0A4800F01F
:106CD0006FFB0A4800F06CFB04480949086004484F
:106CE0000849086010BD0000A80400200C05002021
:106CF0002005002034050020480500205C05002008
:106D0000D4000020D800002010B50146164800E04D
:106D1000006803688B42FBD30246436813448B42EE
:106D200004D143684C682344436001460A464B68DB
:106D300013440468A34211D10C4C03682468A34295
:106D400008D04B680468646823444B6003681B6880
:106D50000B6005E0054B1B680B6001E003680B60EE
:106D6000884200D0016010BD2001002028010020D1
:106D70002DE9F04104460D4616461F464FF0000827
:106D800065602461B5420CD8F01BA169884202D32A
:106D90004FF0010811E0211D0948006800F018FBC0
:106DA0000BE0BE4204D2BD4202D34FF0010804E022
:106DB000211D0448006800F00BFB4046BDE8F0814F
:106DC000100100200C01002070B5054600F026FBE4
:106DD000A86B08B9012400E0002400F049FB20461C
:106DE00070BD70B5054600F019FBA86BE96B8842D1
:106DF00001D1012400E0002400F03AFB204670BDE0
:106E0000F8B505460F4616480068C068C468201DDE
:106E100000F0BAFAE06901281DD1A06941192B469A
:106E20003A462046FFF7A4FFA8B1002003462A46B1
:106E300001460090204601F011FD064656B900BFFC
:106E4000502080F31188BFF34F8FBFF36F8F00BFC7
:106E500000BFFEE700BF2046616A8847F8BD00001A
:106E60000C01002070B586B06AE00398002867DB4B
:106E7000059C606908B9012000E0002010B9201DC0
:106E800000F082FA02A800F0BDF8054603980A282F
:106E900054D2DFE800F009050731334F06083234D9
:106EA00000BF00BF00BF00BF0498A269811803465D
:106EB0002A462046FFF75CFFE8B12046616A884712
:106EC000E069012817D1002000900498A1694218B8
:106ED00000231946204601F0C1FC064656B900BF02
:106EE000502080F31188BFF34F8FBFF36F8F00BF27
:106EF00000BFFEE700BF22E000BF20E000BF049813
:106F0000A061A06908B1012000E0002050B900BFD5
:106F1000502080F31188BFF34F8FBFF36F8F00BFF6
:106F200000BFFEE7A06941192B462A462046FFF71D
:106F30001FFF04E0204600F0B9FA00E000BF00BFE8
:106F400000231A4603A90448006800F07BFF0028CC
:106F50008BD106B070BD000014010020F8B50546C5
:106F60000C4600F03DFE684600F04CF806460098DE
:106F700020BB44B9B54206D801F0C2FB31462846D1
:106F8000FFF73EFF1CE03CB10E480068006808B9FE
:106F9000012000E000200446A91B22460A480068A0
:106FA00000F030FB01F0ACFB50B94FF080500749C6
:106FB0000860BFF34F8FBFF36F8F01E001F0A0FBBC
:106FC000F8BD0000100100201401002004ED00E0D5
:106FD0000A490968096809B9012100E0002121B1C5
:106FE0004FF0FF31064A116006E004490968C9689C
:106FF000C868034A4168116070470000D40000204F
:107000000001002070B5044601F020FA054607484B
:107010000068854204D200F00BF80120206001E0F6
:107020000020206001480560284670BD1C0100203A
:107030002DE9F84332E024480068C068056822481A
:107040000068C068C468201D00F09EF92046616A8F
:107050008847E069012821D1A0694619AE4207D9C5
:1070600066602461211D1848006800F0B1F915E040
:10707000002003462A4601460090204601F0EEFB20
:10708000074657B900BF502080F31188BFF34F8FD8
:10709000BFF36F8F00BF00BFFEE700BF0A48006864
:1070A000006808B9012000E000200028C3D006488D
:1070B000D0F8008005480068034908600348C0F81C
:1070C0000080BDE8F88300000C01002010010020C2
:1070D0000E480068401C08B9012000E0002050B9AB
:1070E00000BF502080F31188BFF34F8FBFF36F8F25
:1070F00000BF00BFFEE700BF502080F31188BFF340
:107100004F8FBFF36F8F00BF00BFFEE73801002035
:1071100010B502460020114652B900BF502383F338
:107120001188BFF34F8FBFF36F8F00BF00BFFEE723
:107130000B4C4B69A34201D1012300E0002373B142
:10714000084C8B6AA34201D1012300E0002333B92C
:107150008B6A0BB9012300E0002303B1012010BDAD
:107160005C0500203405002008B500BF6846FFF725
:10717000C1FC044620460099FFF7F0FEFFF772FEBF
:10718000F4E770B5044600F049F994F9455010E071
:10719000606A08B9012000E0002038B904F1240039
:1071A00001F062FA18B100F065FB00E003E0681E30
:1071B00045B2002DECDC00BFFF2084F8450000F054
:1071C00057F900F02BF994F9445010E0206908B900
:1071D000012000E0002048B904F1100001F044FA59
:1071E00008B100F047FB681E45B200E001E0002D49
:1071F000ECDC00BFFF2084F8440000F039F970BDDA
:107200002DE9F04104464FF0000800F0E9FC464843
:10721000006808B9FFF782FC444800682040002855
:107220006BD1D4B1083404F00700B0B104F007000A
:10723000C0F10800044404F0070008B9012000E090
:10724000002050B900BF502080F31188BFF34F8F4A
:10725000BFF36F8F00BF00BFFEE7002C4DD0344856
:107260000068844249D8334E3046056801E02E4616
:107270002D686868A04202D228680028F7D12A4801
:107280000068854239D0306800F10808286830600D
:107290006868001B102819D92F1907F0070008B9D2
:1072A000012000E0002050B900BF502080F3118879
:1072B000BFF34F8FBFF36F8F00BF00BFFEE768685B
:1072C000001B78606C603846FFF71EFD184968683F
:1072D0000968081A164908600846006816490968CE
:1072E000884203D212480068134908600F49686851
:1072F0000968084368600020286001F001FA08F07E
:10730000070008B9012000E0002050B900BF50205C
:1073100080F31188BFF34F8FBFF36F8F00BF00BFA3
:10732000FEE74046BDE8F08128010020340100203E
:107330002C010020200100203001002006480068B8
:1073400030B10549096801F14C00C96C491C016064
:107350000148006870470000D0000020001F4FF077
:1073600080730360001F21F001030360001F054BC1
:10737000036014380260001F6FF0020303602038BE
:1073800070470000D170000801460A69D1E9013058
:107390009860D1E9010358605068884201D188683B
:1073A0005060002008611068401E1060106870472F
:1073B00000F1080141604FF0FF31816000F10801E8
:1073C000C1600161002101607047002101617047C7
:1073D00010B502460B685C1C0CB9106907E002F19D
:1073E000080000E04068446824689C42FAD9446878
:1073F0004C604C68A160886041600A611468641C3C
:10740000146010BD42684A6093688B60936859604D
:107410009160086103685B1C0360704700BF5020E7
:1074200080F31188BFF34F8FBFF36F8F00BF0E48FB
:107430000068401C0C49086008460068012812D109
:107440000A480068C0B208B9012000E0002050B925
:1074500000BF502080F31188BFF34F8FBFF36F8FB1
:1074600000BF00BFFEE770473801002004ED00E0D8
:107470000D48006850B900BF502080F31188BFF359
:107480004F8FBFF36F8F00BF00BFFEE70648006855
:10749000401E054908600846006820B9002080F3B6
:1074A000118800BF00BF70473801002070B5064644
:1074B0003546002E3FD0083D2C461F4960680968BC
:1074C000084008B1012000E0002050B900BF502062
:1074D00080F31188BFF34F8FBFF36F8F00BF00BFE2
:1074E000FEE7206808B9012000E0002050B900BF85
:1074F000502080F31188BFF34F8FBFF36F8F00BF11
:1075000000BFFEE70C4960680968084098B1206830
:1075100088B90949606809688843606000F060FBC9
:107520000649606809680844044908602046FFF776
:10753000EBFB01F0E5F870BD340100202C010020C8
:10754000064800684FF47A71B0FBF1F0401E4FF02E
:10755000E021486107200861704700001C000020FE
:1075600070B5F8F775FE0446102C16D304F1E02030
:1075700090F8F05315480078854201DB012000E0C7
:10758000002050B900BF502080F31188BFF34F8F07
:10759000BFF36F8F00BF00BFFEE70D48006800F427
:1075A000E0600C490968884201D8012000E0002011
:1075B00050B900BF502080F31188BFF34F8FBFF345
:1075C0006F8F00BF00BFFEE770BD00003C010020D0
:1075D0000CED00E040010020024600200BE0084BCB
:1075E00053F8303033B9064B43F8301003EBC00387
:1075F0005A6002E0401C0828F1D300BF7047000029
:10760000680400202DE9F04105460E4617462C4639
:10761000FFF704FF94F94400401C10B9002084F8DF
:10762000440094F94500401C10B9002084F845003E
:10763000FFF71EFFA06B28B93A46314604F124003B
:1076400000F03AF92046FFF79CFDBDE8F08100000C
:1076500070B504460025D4B11248006808B901206D
:1076600000E0002050B900BF502080F31188BFF324
:107670004F8FBFF36F8F00BF00BFFEE700F0B0FA7F
:1076800000212046FFF7CEF801F03AF805463DB953
:107690004FF0805004490860BFF34F8FBFF36F8FE6
:1076A00070BD00000801002004ED00E02DE9F04766
:1076B00004460F464FF0000954B900BF502080F334
:1076C0001188BFF34F8FBFF36F8F00BF00BFFEE77E
:1076D0000FB1012000E0002050B900BF502080F31E
:1076E0001188BFF34F8FBFF36F8F00BF00BFFEE75E
:1076F0002048006808B9012000E0002050B900BF10
:10770000502080F31188BFF34F8FBFF36F8F00BFFE
:1077100000BFFEE700F064FA174806682068C51944
:107720002068B04207D92068A8420BD9B54209D9D0
:107730004FF0010906E02068A84201D8B54201D9FE
:107740004FF001092560B9F1000F03D0A81B0021FB
:10775000FFF768F800F0D4FF8046B8F1000F07D1BA
:107760004FF0805005490860BFF34F8FBFF36F8F14
:10777000BDE8F08708010020E400002004ED00E0EF
:1077800070B50546FFF74AFE15B93048006800E0BD
:1077900028460446201DFFF7F7FD78B9E06A00EBA4
:1077A00080002B4951F8200040B994F82C1001209A
:1077B000884028490968814326480160A06A18B1B9
:1077C00004F11800FFF7E0FD23480068401C22493F
:1077D00008601E480068844209D1211D1F48FFF738
:1077E00011FE1F480068401C1D49086009E01D4843
:1077F0000068401E1B4908602046FFF772F9FFF73A
:10780000E7FBFFF735FE18480068E8B10F4800684D
:10781000844219D11548006808B9012000E0002011
:1078200050B900BF502080F31188BFF34F8FBFF3D2
:107830006F8F00BF00BFFEE74FF080500C4908601B
:10784000BFF34F8FBFF36F8F70BD0000D0000020DB
:10785000A8040020E8000020FC00002048050020CB
:10786000DC000020E0000020EC00002008010020E7
:1078700004ED00E00120014908607047F400002099
:1078800070B504460D4654B900BF502080F31188EE
:10789000BFF34F8FBFF36F8F00BF00BFFEE70548F8
:1078A000016818312046FFF793FD01212846FEF7B5
:1078B000B9FF70BDD000002070B505460E461446D5
:1078C00055B900BF502080F31188BFF34F8FBFF32D
:1078D0006F8F00BF00BFFEE70648016818312846D9
:1078E000FFF790FD0CB14FF0FF3621463046FEF712
:1078F00099FF70BDD000002070B505462C46002DC4
:107900004BD02649E06A0968C96A884245D2A06915
:1079100000F0004028B921480068C06AC0F10500A5
:10792000A061E16A01EB81011D4A02EB81016069FE
:10793000884201D1012000E0002050B3201DFFF754
:1079400023FD78B9E06A00EB8000154951F820006A
:1079500040B994F82C1001208840124909688143ED
:10796000104801600D480068C06AE06294F82C106D
:10797000012088400B49096808430A490860E16A08
:1079800001EB8101064A02EB8100211DFFF73AFD60
:1079900003E002480068C06AE06270BDD0000020C9
:1079A000A8040020E800002070B505462C4655B913
:1079B00000BF502080F31188BFF34F8FBFF36F8F4C
:1079C00000BF00BFFEE774B31748006884422AD0A6
:1079D000FFF724FD2046FFF79BFB10B3201DFFF7A8
:1079E000D3FC94F82C100120884010490968084302
:1079F0000E490860E16A01EB81010D4A02EB81004A
:107A0000211DFFF7FFFC0849E06A0968C96A88423E
:107A100007D34FF0805007490860BFF34F8FBFF383
:107A20006F8FFFF725FD70BDD0000020E80000201B
:107A3000A804002004ED00E050B900BF502181F3FC
:107A40001188BFF34F8FBFF36F8F00BF00BFFEE7FA
:107A500003490968016003490968416070470000F3
:107A6000F8000020E40000201CB51D4800210B4652
:107A70008222CDE900101BA11C4800F0A7FC04469F
:107A8000012C02D100F0BEFE0446012C15D100BF2E
:107A9000502080F31188BFF34F8FBFF36F8F00BF6B
:107AA0004FF0FF30124908600120124908600020A1
:107AB0001149086000F0E2F810E0601C08B10120F4
:107AC00000E0002050B900BF502080F31188BFF3C0
:107AD0004F8FBFF36F8F00BF00BFFEE71CBD0000DC
:107AE0000401002049444C4500000000996B000847
:107AF00000010020EC000020E400002070B50546E5
:107B0000FFF78CFC15B92E48006800E028460446B3
:107B1000201DFFF739FC78B9E06A00EB80002949A5
:107B200051F8200040B994F82C10012088402649D3
:107B30000968814324480160A06A18B104F1180063
:107B4000FFF722FC211D2148FFF75CFCFFF790FCAA
:107B50001F48006828B1FFF761FCFFF739FAFFF70B
:107B600087FC17480068844229D119480068D0B1C1
:107B70001848006808B9012000E0002050B900BF93
:107B8000502080F31188BFF34F8FBFF36F8F00BF7A
:107B900000BFFEE74FF080500F490860BFF34F8FE2
:107BA000BFF36F8F0BE0094800680C4909688842F1
:107BB00003D100200249086001E000F019F870BD0F
:107BC000D0000020A8040020E80000205C05002070
:107BD000EC0000200801002004ED00E0E00000209F
:107BE00002480068401C01490860704708010020F5
:107BF0001D48006818B101201C49086032E00020CF
:107C00001A4908601A480068B0FA80F0C0F11F01F4
:107C100001EB8100174A52F8200008B1012000E072
:107C2000002050B900BF502080F31188BFF34F8F60
:107C3000BFF36F8F00BF00BFFEE701EB81020D4B6A
:107C400003EB820042685268426000F10802436818
:107C5000934202D14268526842604268D268064B41
:107C60001A6000BF7047000008010020F4000020E7
:107C7000E8000020A8040020D00000201CB54748E0
:107C800000684749884201D0012000E0002050B937
:107C900000BF502080F31188BFF34F8FBFF36F8F69
:107CA00000BF00BFFEE73D4800683D49491E8842CD
:107CB00001D0012000E0002050B900BF502080F327
:107CC0001188BFF34F8FBFF36F8F00BF00BFFEE778
:107CD0003449084600780190FF200A461070084693
:107CE000007800909DF8000000F0F0009DF8002062
:107CF000904201D1012000E0002050B900BF502087
:107D000080F31188BFF34F8FBFF36F8F00BF00BFA9
:107D1000FEE79DF8000000F05000234A1070072095
:107D2000224A106009E021480068401E1F4A106086
:107D30009DF800004006000E00909DF8000000F045
:107D400080008028EFD0194800680002174A1060B0
:107D50001046008800F4E0601060124A019810702C
:107D60000E482030006840F470000C492031086053
:107D70000846006840F070400860FFF7E1FB002013
:107D80000B490860F8F72CFA0A48006840F04040B8
:107D900008490860F8F714FA00201CBD00ED00E067
:107DA00071C20F4100E400E03C01002040010020CE
:107DB0003801002034EF00E010B500BF502080F300
:107DC0001188BFF34F8FBFF36F8F00BF00F044FBEC
:107DD00018B14FF080500449086000BF002080F3C4
:107DE000118800BF10BD000004ED00E02DE9F8434C
:107DF00005460E4690460DB1012000E0002050B926
:107E000000BF502080F31188BFF34F8FBFF36F8FF7
:107E100000BF00BFFEE70EB9002701E005FB06F733
:107E200007F15000FFF7ECF9044644B104F15009A2
:107E300043464A46314628460094FEF7C1FE204696
:107E4000BDE8F8832DE9FF4782B005460E461F4680
:107E50004FF0000A2C4654B900BF502080F311881F
:107E6000BFF34F8FBFF36F8F00BF00BFFEE70EB9A8
:107E7000206C08B9012000E0002050B900BF50205C
:107E800080F31188BFF34F8FBFF36F8F00BF00BF28
:107E9000FEE700F0CBFA08B9049808B9012000E029
:107EA000002050B900BF502080F31188BFF34F8FDE
:107EB000BFF36F8F00BF00BFFEE700BFFFF7AEFA52
:107EC000D4F83890B9F1000F3DD0D4F80C80314689
:107ED0002046FEF7B3FDDFB9A9F10100A0632068D9
:107EE00010B9FFF72BFA6060206908B9012000E0A3
:107EF000002010BB04F1100000F0B6FBE8B14FF019
:107F0000805040490860BFF34F8FBFF36F8F14E07C
:107F1000C4F80C80606A08B9012000E0002060B954
:107F200004F1240000F0A0FB38B14FF08050354937
:107F30000860BFF34F8FBFF36F8FFFF799FA0120EF
:107F400006B0BDE8F087049818B9FFF791FA002051
:107F5000F6E7BAF1000F04D16846FFF76DFD4FF068
:107F6000010AFFF785FAFFF73BFEFFF757FA94F98E
:107F70004400401C10B9002084F8440094F94500E6
:107F8000401C10B9002084F84500FFF771FA04A9DD
:107F9000684600F0D5F940BB2046FEF715FFF0B16A
:107FA000206830B9FFF73AFA6068FFF7A5FCFFF7E1
:107FB0005FFA04F124000499FFF762FC2046FFF702
:107FC000E0F800F09DFB00287FF478AF4FF0805080
:107FD0000C490860BFF34F8FBFF36F8F6EE72046E9
:107FE000FFF7CFF800F08CFB68E72046FFF7C9F8F1
:107FF00000F086FB2046FEF7E7FE0028EED00020CA
:108000009EE7000004ED00E070B505460E462C46E4
:1080100054B900BF502080F31188BFF34F8FBFF3D6
:108020006F8F00BF00BFFEE7FFF7F8F9D4E90F122A
:10803000206801FB020060600020A0632068A0604F
:10804000E06B401E226C216800FB0210E060FF2004
:1080500084F8440084F845009EB9206908B90120DD
:1080600000E00020A8B904F1100000F0FDFA80B192
:108070004FF0805009490860BFF34F8FBFF36F8FF7
:1080800007E004F11000FFF793F904F12400FFF773
:108090008FF9FFF7EDF9012070BD000004ED00E05D
:1080A0002DE9FF4383B0064688461D464FF0000980
:1080B000344654B900BF502080F31188BFF34F8F6E
:1080C000BFF36F8F00BF00BFFEE7B8F1000F01D113
:1080D000206C08B9012000E0002050B900BF5020FA
:1080E00080F31188BFF34F8FBFF36F8F00BF00BFC6
:1080F000FEE7022D02D1E06B012801D1012000E052
:10810000002050B900BF502080F31188BFF34F8F7B
:10811000BFF36F8F00BF00BFFEE700F087F908B91B
:10812000059808B9012000E0002050B900BF502098
:1081300080F31188BFF34F8FBFF36F8F00BF00BF75
:10814000FEE700BFFFF76AF9A06BE16B884201D33D
:10815000022D28D12A4641462046FEF784FC0746D8
:10816000606A08B9012000E0002068B904F1240029
:1081700000F07AFA88B14FF0805032490860BFF3BE
:108180004F8FBFF36F8F08E03FB14FF080502D4904
:108190000860BFF34F8FBFF36F8FFFF769F90120BE
:1081A00007B0BDE8F083059818B9FFF761F9002022
:1081B000F6E7B9F1000F04D101A8FFF73DFC4FF03D
:1081C0000109FFF755F9FFF70BFDFFF727F994F9C0
:1081D0004400401C10B9002084F8440094F9450084
:1081E000401C10B9002084F84500FFF741F905A9AB
:1081F00001A800F0A5F8F0B92046FEF7F2FDA0B105
:1082000004F110000599FFF73BFB2046FEF7B9FF8C
:1082100000F076FA002895D14FF0805009490860A7
:10822000BFF34F8FBFF36F8F8CE72046FEF7A9FF98
:1082300000F066FA86E72046FEF7A3FF00F060FA3A
:108240000020ADE704ED00E02DE9F05F07468A4627
:1082500090461E463C4654B900BF502080F311881A
:10826000BFF34F8FBFF36F8F00BF00BFFEE7BAF1C0
:10827000000F01D1206C08B9012000E0002050B9A6
:1082800000BF502080F31188BFF34F8FBFF36F8F73
:1082900000BF00BFFEE7022E02D1E06B012801D132
:1082A000012000E0002050B900BF502080F3118869
:1082B000BFF34F8FBFF36F8F00BF00BFFEE7FFF725
:1082C0004FF900BF5021EFF3118081F31188BFF304
:1082D0004F8FBFF36F8F00BF0546A06BE16B8842E5
:1082E00001D3022E23D194F945B03246514620469F
:1082F000FEF7B9FB0BF1010088B9606A08B90120EB
:1083000000E0002080B904F1240000F0ADF958B17C
:10831000B8F1000F08D00120C8F8000004E00BF10C
:10832000010040B284F845004FF0010901E04FF030
:10833000000900BF85F3118800BF4846BDE8F09FE3
:1083400070B504460D4654B900BF502080F3118823
:10835000BFF34F8FBFF36F8F00BF00BFFEE755B96C
:1083600000BF502080F31188BFF34F8FBFF36F8F92
:1083700000BF00BFFEE7FFF751F812480368286806
:10838000401C08B9002619E00F4920680968884296
:1083900004D06068984201D801260FE06068181A7E
:1083A0002968884209D228686168591A401A2860E9
:1083B0002046FFF741FB002600E00126FFF758F8B2
:1083C000304670BDE4000020F80000202DE9FF4F8A
:1083D00085B0804689461746DDE912ABB800FEF746
:1083E0000FFF064656B15820FEF70AFF04460CB1AF
:1083F000266304E03046FFF759F800E000247CB122
:108400000020CDE900ABCDE902403A46494640465E
:10841000089BFEF7EAFB2046FEF750FA012501E033
:108420004FF0FF35284609B0BDE8F08F05490968CF
:1084300009B9012005E00449096809B9022000E0F2
:1084400000207047EC000020080100200149086866
:1084500070470000E40000202DE9F0414FF00008D3
:1084600044480068002877D143480068451C4248CA
:10847000056015BB41480068006808B9012000E0AC
:10848000002050B900BF502080F31188BFF34F8FF8
:10849000BFF36F8F00BF00BFFEE73848076838485A
:1084A0000068364908603648076036480068401C56
:1084B00034490860FEF78CFD00BF334800688542F0
:1084C0003CD300BF2D480068006808B9012000E0D7
:1084D000002020B14FF0FF302B4908602DE02748E5
:1084E0000068C068C4686668B54202D22648066063
:1084F00023E0201DFEF748FFA06A18B104F1180020
:10850000FEF742FF94F82C10012088401F490968AB
:1085100008431E490860E16A01EB81011C4A02EB35
:108520008100211DFEF76EFF1A49E06A0968C96AD9
:108530008842C7D34FF00108C4E700BF1548006860
:10854000C06A00EB8000124951F82000012801D9CF
:108550004FF0010805E0FFE70F480068401C0E4996
:1085600008600E48006808B14FF001084046BDE8B9
:10857000F081000008010020E4000020D400002069
:10858000D8000020F800002000010020E8000020B2
:10859000A8040020D0000020F0000020F4000020FB
:1085A00070B505462C460026002D55D02B48006896
:1085B000844201D1012000E0002050B900BF5020CA
:1085C00080F31188BFF34F8FBFF36F8F00BF00BFE1
:1085D000FEE7E06C50B900BF502080F31188BFF374
:1085E0004F8FBFF36F8F00BF00BFFEE7E06C401EF0
:1085F000E064A16CE06A88422ED0E06C60BB201D74
:10860000FEF7C2FE78B9E06A00EB8000144951F829
:10861000200040B994F82C100120884011490968C5
:10862000814310480160A06CE062E06AC0F105007F
:10863000A06194F82C10012088400A490968084379
:1086400008490860E16A01EB8101054A02EB8100FB
:10865000211DFEF7D7FE0126304670BDD000002058
:10866000A8040020E800002070B50646F068C46841
:1086700054B900BF502080F31188BFF34F8FBFF370
:108680006F8F00BF00BFFEE704F11800FEF77CFE0D
:1086900015480068A8B9201DFEF776FE94F82C1046
:1086A0000120884011490968084310490860E16ABF
:1086B00001EB81010E4A02EB8100211DFEF7A2FEB3
:1086C00004E004F118010B48FEF79CFE0A49E06A39
:1086D0000968C96A884204D9012501200749086050
:1086E00000E00025284670BD08010020E8000020B9
:1086F000A804002034050020D0000020F400002051
:1087000070B5002400263648006850B900BF5020DC
:1087100080F31188BFF34F8FBFF36F8F00BF00BF8F
:10872000FEE7FEF77BFE2E480068401E2C490860DD
:108730000846006800284FD12A48006800284BD01E
:1087400024E02948C068C46804F11800FEF71CFE44
:10875000201DFEF719FE94F82C10012088402349B3
:108760000968084321490860E16A01EB8101204A58
:1087700002EB8100211DFEF745FE1E49E06A0968F3
:10878000C96A884202D301201B4908601648006864
:1087900008B9012000E000200028D2D00CB1FEF77B
:1087A00017FC1648056865B100BFFFF755FE10B10C
:1087B0000120114908606D1E002DF6D100200F49DF
:1087C00008600D48006838B1012630070C49086080
:1087D000BFF34F8FBFF36F8FFEF74AFE304670BD79
:1087E00008010020E000002034050020E8000020FF
:1087F000A8040020D0000020F4000020F000002099
:1088000004ED00E01CB50024FEF7B4F80E48006843
:1088100058B10E48022100234FF48272CDE90010B6
:108820000BA10D48FFF7D2FD044654B900BF5020FC
:1088300080F31188BFF34F8FBFF36F8F00BF00BF6E
:10884000FEE720461CBD0000140100201801002096
:10885000546D722053766300697100082DE9FE4360
:1088600004460D4616461F46DDF828804FF00009E5
:1088700054B900BF502080F31188BFF34F8FBFF36E
:108880006F8F00BF00BFFEE71448006810B300956B
:1088900001960294062D15DAFFF7C8FD022808D1CB
:1088A0000023424669460D480068FFF7F9FB814600
:1088B00010E000231A46694608480068FFF7F0FBFD
:1088C000814607E000233A46694604480068FFF7FE
:1088D000BBFC81464846BDE8FE8300001401002031
:1088E0000000000000000000000000000000000088
:1088F0000000000000000000000000000000000078
:108900000000000000000000000000000000000067
:108910000000000000000000000000000000000057
:108920000000000000000000000000000000000047
:108930000000000000000000000000000000000037
:108940000000000000000000000000000000000027
:108950000000000000000000000000000000000017
:108960000000000000000000000000000000000007
:1089700000000000000000000000000000000000F7
:1089800000000000000000000000000000000000E7
:1089900000000000000000000000000000000000D7
:1089A00000000000000000000000000000000000C7
:1089B00000000000000000000000000000000000B7
:1089C00000000000000000000000000000000000A7
:1089D0000000000000000000000000000000000097
:1089E000000000000000020E1E7EFEFEFEF8E00009
:1089F000000080E0F8FCFEFE7E1E0602001E1E1E29
:108A00001E1E1E1EFEFEFEFEFE1E1E1E1E1E1E1E26
:108A10000000000000000000E0FCFEFE7EFEFEFE06
:108A2000FCE00000000000000000000000FEFEFE70
:108A3000FEFE1E1E1E1E1E1E3EFEFCFCFCF8E0007E
:108A400000000000FEFEFEFEFE0000000080E0F0E0
:108A5000F8FEFE7E1E0E0602000000000000000070
:108A6000000000000000000000000107CFFFFFFF32
:108A7000FCFEFFFFDF070300000000000000000015
:108A800000000000FFFFFFFFFF00000000000000EB
:108A90000000000000E0F8FFFFFF1F030000073F99
:108AA000FFFFFFF8E00000000000000000FFFFFFF4
:108AB000FFFFF0F0F0F0F0F8FCBFBF3F1F0F030026
:108AC00000000000FFFFFFFFFF70F8FEFFFFFFCF79
:108AD000870100000000000000000000000000000E
:108AE00000000000000000C0E0F8FCFFFF3F0F079F
:108AF00000030F3FFFFFFEF8F0C000000000000081
:108B000000000000FFFFFFFFFF000000000000006A
:108B10000000C0F8FFFFFF7F0F0F0F0F0F0F0F0FA9
:108B20000F0F7FFFFFFFF8C00000000000FFFFFFF6
:108B3000FFFF0000000101071F3FFFFFFEF8F0C02C
:108B400000000000FFFFFFFFFF000001070F1F3FB5
:108B5000FFFEFCF8F0C080000000000000000000F4
:108B600000000000000203030303030300000000F1
:108B700000000000000303030303030200000000E1
:108B800000000000030303030300000000000000D6
:108B900000020303030303000000000000000000C4
:108BA00000000003030303030200000000030303AB
:108BB00003030000000000000000000303030303A0
:108BC0000302000003030303030000000000000091
:108BD0000001030303030303020000000000000080
:108BE0000000000000000000000000000000000085
:108BF0000000000000000000000000000000000075
:108C00000000000000000000000000000000000064
:108C10000000000000000000000000000000000054
:108C20000000000000000000000000000000000044
:108C30000000000000000000000000000000000034
:108C40000000000000000000000000000000000024
:108C50000000000000000000000000000000000014
:108C60000000000000000000000000000000000004
:108C700000000000000000000000000000000000F4
:108C800000000000000000000000000000000000E4
:108C900000000000000000000000000000000000D4
:108CA00000000000000000000000000000000000C4
:108CB00000000000000000000000000000000000B4
:108CC00000000000000000000000000000000000A4
:108CD0000000000000000000000000000000000094
:108CE000FF0000FFFF0000FF00FFFFFFFFFFFF008E
:108CF00000FF00FFFFFF00FF000000FF0000FF007B
:108D00000000000000000000000000000000000063
:108D10000000000000000000000000000000000053
:108D200000FF0000FF000000000000000000000045
:108D30000000000000000000000000F8000000003B
:108D4000000000333000000000100C06100C06007C
:108D5000000000000000000040C07840C0784000E3
:108D6000043F04043F040400007088FC0830000045
:108D7000001820FF211E0000F008F000E01800009D
:108D800000211C031E211E0000F008887000000056
:108D90001E2123241927211010160E0000000000A8
:108DA0000000000000000000000000E018040200C5
:108DB000000000071820400000020418E000000036
:108DC0000040201807000000404080F08040400034
:108DD0000202010F01020200000000F0000000008A
:108DE0000101011F0101010000000000000000005E
:108DF00080B07000000000000000000000000000D3
:108E0000000101010101010100000000000000005B
:108E100000303000000000000000000080601804F6
:108E2000006018060100000000E010080810E000D3
:108E3000000F102020100F00001010F8000000009C
:108E40000020203F202000000070080808887000E3
:108E50000030282422213000003008888848300063
:108E60000018202020110E000000C02010F8000083
:108E700000070424243F240000F80888880808001C
:108E80000019212020110E0000E010888818000031
:108E9000000F112020110E0000380808C838080003
:108EA0000000003F00000000007088080888700083
:108EB000001C222121221C0000E010080810E00004
:108EC0000000312222110F00000000C0C00000008D
:108ED00000000030300000000000008000000000B2
:108EE00000008060000000000000804020100800AA
:108EF0000001020408102000404040404040400073
:108F0000040404040404040000081020408000004D
:108F10000020100804020100007048080808F00052
:108F20000000003036010000C030C828E810E00022
:108F30000718272423140B000000C038E0000000AD
:108F4000203C23020227382008F888888870000017
:108F5000203F202020110E00C030080808083800EB
:108F6000071820202010080008F808080810E00062
:108F7000203F202020100F0008F88888E808100003
:108F8000203F20202320180008F88888E8081000D7
:108F9000203F200003000000C0300808083800000F
:108FA00007182020221E020008F808000008F80810
:108FB000203F210101213F20000808F80808000097
:108FC0000020203F2020000000000808F8080800CA
:108FD000C08080807F00000008F888C02818080042
:108FE000203F20012638200008F80800000000007B
:108FF000203F20202020300008F8F800F8F8080072
:10900000203F003F003F200008F830C00008F8086B
:10901000203F200007183F00E01008080810E0007B
:109020000F10202020100F0008F808080808F00092
:10903000203F210101010000E01008080810E000B5
:109040000F18242438504F0008F88888888870004A
:10905000203F2000030C30200070880808083800EA
:109060000038202121221C00180808F808081800E0
:109070000000203F2000000008F808000008F80861
:10908000001F202020201F000878880000C8380812
:10909000000007380E010000F80800F80008F8008A
:1090A000033C0700073C0300081868808068180824
:1090B00020302C03032C30200838C800C8380800A2
:1090C0000000203F2000000010080808C8380800F1
:1090D0002038262120201800000000FE0202020095
:1090E0000000007F40404000000C30C00000000045
:1090F000000000010638C00000020202FE0000006D
:10910000004040407F000000000004020202040012
:10911000000000000000000000000000000000004F
:109120008080808080808080000202040000000037
:10913000000000000000000000008080808000002F
:109140000019242222223F2008F80080800000001D
:10915000003F112020110E000000008080800000E0
:10916000000E112020201100000000808088F800EF
:10917000000E112020103F20000080808080000021
:10918000001F222222221300008080F08888881885
:109190000020203F20200000000080808080800090
:1091A000006B94949493600008F800808080000025
:1091B000203F210000203F20008098980000000000
:1091C0000020203F20200000000000809898000030
:1091D00000C08080807F000008F800008080800050
:1091E000203F24022D302000000808F80000000075
:1091F0000020203F20200000808080808080800030
:10920000203F20003F20003F8080008080800000C1
:10921000203F210000203F2000008080808000004F
:10922000001F202020201F00808000808000000080
:1092300080FFA12020110E000000008080808000AF
:10924000000E112020A0FF808080800080808000A0
:1092500020203F21200001000000808080808000CD
:109260000033242424241900008080E08080000042
:109270000000001F2020000080800000008080008F
:10928000001F202020103F208080800000808080F0
:1092900000010E3008060100808000800080808080
:1092A0000F300C030C300F000080800080808000A5
:1092B0000020312E0E3120008080800000808080D0
:1092C00080818E7018060100008080808080800080
:1092D0000021302C2221300000000000807C02029E
:1092E00000000000003F404000000000FF000000C0
:1092F00000000000FF0000000002027C800000006F
:109300000040403F0000000000060101020204048A
:10931000000000000000000000000000000000004D
:10932000002F000000000700070000147F147F14C6
:1093300000242A7F2A12006264081323003649554C
:10934000225000000503000000001C224100000024
:1093500041221C000014083E08140008083E0808BA
:10936000000000A060000008080808080000606015
:109370000000002010080402003E5149453E000054
:10938000427F4000004261514946002141454B3136
:10939000001814127F10002745454539003C4A4902
:1093A0004930000171090503003649494936000674
:1093B0004949291E000036360000000056360000DC
:1093C0000008142241000014141414140000412257
:1093D000140800020151090600324959513E007C2F
:1093E0001211127C007F49494936003E4141412219
:1093F000007F4141221C007F49494941007F090902
:109400000901003E4149497A007F0808087F0000B1
:10941000417F4100002040413F01007F081422416C
:10942000007F40404040007F020C027F007F040824
:10943000107F003E4141413E007F09090906003E80
:109440004151215E007F09192946004649494931A9
:109450000001017F0101003F4040403F001F2040CC
:10946000201F003F4038403F00631408146300078A
:109470000870080700615149454300007F414100E1
:1094800000552A552A55000041417F000004020181
:10949000020400404040404000000102040000205F
:1094A00054545478007F484444380038444444209D
:1094B00000384444487F00385454541800087E094A
:1094C00001020018A4A4A47C007F08040478000012
:1094D000447D4000004080847D00007F10284400CF
:1094E0000000417F4000007C04180478007C0804E0
:1094F000047800384444443800FC2424241800181C
:10950000242418FC007C0804040800485454542007
:1095100000043F444020003C4040207C001C204090
:10952000201C003C4030403C004428102844001CD3
:10953000A0A0A07C004464544C44141414141414CB
:109540000142000000000000000000006C950008CF
:1095500000000020440100008C08000894950008D9
:1095600044010020543401000E670008011D847A74
:10957000030A00091A01020304060708091620035A
:10958000E80301025601021A04299A09209E01509B
:049590001AAA018191
:040000050800018965
:00000001FF
