开始监控GPU显存变化，阈值为 200 MB
[2024-10-30 14:47:47] GPU Memory change detected: 200 MB
Wed Oct 30 14:47:47 2024       
+-----------------------------------------------------------------------------------------+
| NVIDIA-SMI 550.54.15              Driver Version: 550.54.15      CUDA Version: 12.4     |
|-----------------------------------------+------------------------+----------------------+
| GPU  Name                 Persistence-M | Bus-Id          Disp.A | Volatile Uncorr. ECC |
| Fan  Temp   Perf          Pwr:Usage/Cap |           Memory-Usage | GPU-Util  Compute M. |
|                                         |                        |               MIG M. |
|=========================================+========================+======================|
|   0  NVIDIA GeForce RTX 3090        Off |   00000000:01:00.0  On |                  N/A |
| 30%   38C    P8             33W /  350W |    6350MiB /  24576MiB |      2%      Default |
|                                         |                        |                  N/A |
+-----------------------------------------+------------------------+----------------------+
                                                                                         
+-----------------------------------------------------------------------------------------+
| Processes:                                                                              |
|  GPU   GI   CI        PID   Type   Process name                              GPU Memory |
|        ID   ID                                                               Usage      |
|=========================================================================================|
|    0   N/A  N/A      1623      G   /usr/lib/xorg/Xorg                            377MiB |
|    0   N/A  N/A      2209      G   /usr/bin/gnome-shell                           67MiB |
|    0   N/A  N/A      2437      G   ...in/bin/sunloginclient --cmd=autorun         13MiB |
|    0   N/A  N/A      2601      G   ...) Chrome/58.0.3029.81 Safari/537.36          4MiB |
|    0   N/A  N/A      2674      G   ...en=3F29A7109FD83F93C729D44480D8C4DC          4MiB |
|    0   N/A  N/A      6135      G   ...erProcess --variations-seed-version         57MiB |
|    0   N/A  N/A      9735    C+G   ...ine/Engine/Binaries/Linux/UE4Editor       5723MiB |
|    0   N/A  N/A     10337      G   ...local/share/Steam/ubuntu12_32/steam          6MiB |
|    0   N/A  N/A     10898      G   ./steamwebhelper                               13MiB |
+-----------------------------------------------------------------------------------------+
---------------------------------
[2024-10-30 14:47:48] GPU Memory change detected: 202 MB
Wed Oct 30 14:47:48 2024       
+-----------------------------------------------------------------------------------------+
| NVIDIA-SMI 550.54.15              Driver Version: 550.54.15      CUDA Version: 12.4     |
|-----------------------------------------+------------------------+----------------------+
| GPU  Name                 Persistence-M | Bus-Id          Disp.A | Volatile Uncorr. ECC |
| Fan  Temp   Perf          Pwr:Usage/Cap |           Memory-Usage | GPU-Util  Compute M. |
|                                         |                        |               MIG M. |
|=========================================+========================+======================|
|   0  NVIDIA GeForce RTX 3090        Off |   00000000:01:00.0  On |                  N/A |
| 30%   37C    P8             31W /  350W |    6428MiB /  24576MiB |      4%      Default |
|                                         |                        |                  N/A |
+-----------------------------------------+------------------------+----------------------+
                                                                                         
+-----------------------------------------------------------------------------------------+
| Processes:                                                                              |
|  GPU   GI   CI        PID   Type   Process name                              GPU Memory |
|        ID   ID                                                               Usage      |
|=========================================================================================|
|    0   N/A  N/A      1623      G   /usr/lib/xorg/Xorg                            377MiB |
|    0   N/A  N/A      2209      G   /usr/bin/gnome-shell                           67MiB |
|    0   N/A  N/A      2437      G   ...in/bin/sunloginclient --cmd=autorun         13MiB |
|    0   N/A  N/A      2601      G   ...) Chrome/58.0.3029.81 Safari/537.36          4MiB |
|    0   N/A  N/A      2674      G   ...en=3F29A7109FD83F93C729D44480D8C4DC          4MiB |
|    0   N/A  N/A      6135      G   ...erProcess --variations-seed-version         62MiB |
|    0   N/A  N/A      9735    C+G   ...ine/Engine/Binaries/Linux/UE4Editor       5797MiB |
|    0   N/A  N/A     10337      G   ...local/share/Steam/ubuntu12_32/steam          6MiB |
|    0   N/A  N/A     10898      G   ./steamwebhelper                               13MiB |
+-----------------------------------------------------------------------------------------+
---------------------------------
[2024-10-30 14:47:50] GPU Memory change detected: 229 MB
Wed Oct 30 14:47:50 2024       
+-----------------------------------------------------------------------------------------+
| NVIDIA-SMI 550.54.15              Driver Version: 550.54.15      CUDA Version: 12.4     |
|-----------------------------------------+------------------------+----------------------+
| GPU  Name                 Persistence-M | Bus-Id          Disp.A | Volatile Uncorr. ECC |
| Fan  Temp   Perf          Pwr:Usage/Cap |           Memory-Usage | GPU-Util  Compute M. |
|                                         |                        |               MIG M. |
|=========================================+========================+======================|
|   0  NVIDIA GeForce RTX 3090        Off |   00000000:01:00.0  On |                  N/A |
| 30%   37C    P5             33W /  350W |    6795MiB /  24576MiB |      1%      Default |
|                                         |                        |                  N/A |
+-----------------------------------------+------------------------+----------------------+
                                                                                         
+-----------------------------------------------------------------------------------------+
| Processes:                                                                              |
|  GPU   GI   CI        PID   Type   Process name                              GPU Memory |
|        ID   ID                                                               Usage      |
|=========================================================================================|
|    0   N/A  N/A      1623      G   /usr/lib/xorg/Xorg                            377MiB |
|    0   N/A  N/A      2209      G   /usr/bin/gnome-shell                           67MiB |
|    0   N/A  N/A      2437      G   ...in/bin/sunloginclient --cmd=autorun         13MiB |
|    0   N/A  N/A      2601      G   ...) Chrome/58.0.3029.81 Safari/537.36          4MiB |
|    0   N/A  N/A      2674      G   ...en=3F29A7109FD83F93C729D44480D8C4DC          4MiB |
|    0   N/A  N/A      6135      G   ...erProcess --variations-seed-version         61MiB |
|    0   N/A  N/A      9735    C+G   ...ine/Engine/Binaries/Linux/UE4Editor       6165MiB |
|    0   N/A  N/A     10337      G   ...local/share/Steam/ubuntu12_32/steam          6MiB |
|    0   N/A  N/A     10898      G   ./steamwebhelper                               13MiB |
+-----------------------------------------------------------------------------------------+
---------------------------------
[2024-10-30 14:47:50] GPU Memory change detected: 272 MB
Wed Oct 30 14:47:50 2024       
+-----------------------------------------------------------------------------------------+
| NVIDIA-SMI 550.54.15              Driver Version: 550.54.15      CUDA Version: 12.4     |
|-----------------------------------------+------------------------+----------------------+
| GPU  Name                 Persistence-M | Bus-Id          Disp.A | Volatile Uncorr. ECC |
| Fan  Temp   Perf          Pwr:Usage/Cap |           Memory-Usage | GPU-Util  Compute M. |
|                                         |                        |               MIG M. |
|=========================================+========================+======================|
|   0  NVIDIA GeForce RTX 3090        Off |   00000000:01:00.0  On |                  N/A |
| 30%   37C    P5             33W /  350W |    6925MiB /  24576MiB |     20%      Default |
|                                         |                        |                  N/A |
+-----------------------------------------+------------------------+----------------------+
                                                                                         
+-----------------------------------------------------------------------------------------+
| Processes:                                                                              |
|  GPU   GI   CI        PID   Type   Process name                              GPU Memory |
|        ID   ID                                                               Usage      |
|=========================================================================================|
|    0   N/A  N/A      1623      G   /usr/lib/xorg/Xorg                            377MiB |
|    0   N/A  N/A      2209      G   /usr/bin/gnome-shell                           67MiB |
|    0   N/A  N/A      2437      G   ...in/bin/sunloginclient --cmd=autorun         13MiB |
|    0   N/A  N/A      2601      G   ...) Chrome/58.0.3029.81 Safari/537.36          4MiB |
|    0   N/A  N/A      2674      G   ...en=3F29A7109FD83F93C729D44480D8C4DC          4MiB |
|    0   N/A  N/A      6135      G   ...erProcess --variations-seed-version         61MiB |
|    0   N/A  N/A      9735    C+G   ...ine/Engine/Binaries/Linux/UE4Editor       6295MiB |
|    0   N/A  N/A     10337      G   ...local/share/Steam/ubuntu12_32/steam          6MiB |
|    0   N/A  N/A     10898      G   ./steamwebhelper                               13MiB |
+-----------------------------------------------------------------------------------------+
---------------------------------
[2024-10-30 14:47:52] GPU Memory change detected: 273 MB
Wed Oct 30 14:47:52 2024       
+-----------------------------------------------------------------------------------------+
| NVIDIA-SMI 550.54.15              Driver Version: 550.54.15      CUDA Version: 12.4     |
|-----------------------------------------+------------------------+----------------------+
| GPU  Name                 Persistence-M | Bus-Id          Disp.A | Volatile Uncorr. ECC |
| Fan  Temp   Perf          Pwr:Usage/Cap |           Memory-Usage | GPU-Util  Compute M. |
|                                         |                        |               MIG M. |
|=========================================+========================+======================|
|   0  NVIDIA GeForce RTX 3090        Off |   00000000:01:00.0  On |                  N/A |
| 30%   37C    P8             28W /  350W |    7200MiB /  24576MiB |     41%      Default |
|                                         |                        |                  N/A |
+-----------------------------------------+------------------------+----------------------+
                                                                                         
+-----------------------------------------------------------------------------------------+
| Processes:                                                                              |
|  GPU   GI   CI        PID   Type   Process name                              GPU Memory |
|        ID   ID                                                               Usage      |
|=========================================================================================|
|    0   N/A  N/A      1623      G   /usr/lib/xorg/Xorg                            377MiB |
|    0   N/A  N/A      2209      G   /usr/bin/gnome-shell                           67MiB |
|    0   N/A  N/A      2437      G   ...in/bin/sunloginclient --cmd=autorun         13MiB |
|    0   N/A  N/A      2601      G   ...) Chrome/58.0.3029.81 Safari/537.36          4MiB |
|    0   N/A  N/A      2674      G   ...en=3F29A7109FD83F93C729D44480D8C4DC          4MiB |
|    0   N/A  N/A      6135      G   ...erProcess --variations-seed-version         61MiB |
|    0   N/A  N/A      9735    C+G   ...ine/Engine/Binaries/Linux/UE4Editor       6570MiB |
|    0   N/A  N/A     10337      G   ...local/share/Steam/ubuntu12_32/steam          6MiB |
|    0   N/A  N/A     10898      G   ./steamwebhelper                               13MiB |
+-----------------------------------------------------------------------------------------+
---------------------------------
[2024-10-30 14:47:58] GPU Memory change detected: 245 MB
Wed Oct 30 14:47:58 2024       
+-----------------------------------------------------------------------------------------+
| NVIDIA-SMI 550.54.15              Driver Version: 550.54.15      CUDA Version: 12.4     |
|-----------------------------------------+------------------------+----------------------+
| GPU  Name                 Persistence-M | Bus-Id          Disp.A | Volatile Uncorr. ECC |
| Fan  Temp   Perf          Pwr:Usage/Cap |           Memory-Usage | GPU-Util  Compute M. |
|                                         |                        |               MIG M. |
|=========================================+========================+======================|
|   0  NVIDIA GeForce RTX 3090        Off |   00000000:01:00.0  On |                  N/A |
| 30%   37C    P8             30W /  350W |    7453MiB /  24576MiB |     72%      Default |
|                                         |                        |                  N/A |
+-----------------------------------------+------------------------+----------------------+
                                                                                         
+-----------------------------------------------------------------------------------------+
| Processes:                                                                              |
|  GPU   GI   CI        PID   Type   Process name                              GPU Memory |
|        ID   ID                                                               Usage      |
|=========================================================================================|
|    0   N/A  N/A      1623      G   /usr/lib/xorg/Xorg                            377MiB |
|    0   N/A  N/A      2209      G   /usr/bin/gnome-shell                           67MiB |
|    0   N/A  N/A      2437      G   ...in/bin/sunloginclient --cmd=autorun         13MiB |
|    0   N/A  N/A      2601      G   ...) Chrome/58.0.3029.81 Safari/537.36          4MiB |
|    0   N/A  N/A      2674      G   ...en=3F29A7109FD83F93C729D44480D8C4DC          4MiB |
|    0   N/A  N/A      6135      G   ...erProcess --variations-seed-version         57MiB |
|    0   N/A  N/A      9735    C+G   ...ine/Engine/Binaries/Linux/UE4Editor       6827MiB |
|    0   N/A  N/A     10337      G   ...local/share/Steam/ubuntu12_32/steam          6MiB |
|    0   N/A  N/A     10898      G   ./steamwebhelper                               13MiB |
+-----------------------------------------------------------------------------------------+
---------------------------------
[2024-10-30 15:01:21] GPU Memory change detected: 703 MB
Wed Oct 30 15:01:21 2024       
+-----------------------------------------------------------------------------------------+
| NVIDIA-SMI 550.54.15              Driver Version: 550.54.15      CUDA Version: 12.4     |
|-----------------------------------------+------------------------+----------------------+
| GPU  Name                 Persistence-M | Bus-Id          Disp.A | Volatile Uncorr. ECC |
| Fan  Temp   Perf          Pwr:Usage/Cap |           Memory-Usage | GPU-Util  Compute M. |
|                                         |                        |               MIG M. |
|=========================================+========================+======================|
|   0  NVIDIA GeForce RTX 3090        Off |   00000000:01:00.0  On |                  N/A |
| 30%   46C    P5             44W /  350W |    8146MiB /  24576MiB |     39%      Default |
|                                         |                        |                  N/A |
+-----------------------------------------+------------------------+----------------------+
                                                                                         
+-----------------------------------------------------------------------------------------+
| Processes:                                                                              |
|  GPU   GI   CI        PID   Type   Process name                              GPU Memory |
|        ID   ID                                                               Usage      |
|=========================================================================================|
|    0   N/A  N/A      1623      G   /usr/lib/xorg/Xorg                            341MiB |
|    0   N/A  N/A      2209      G   /usr/bin/gnome-shell                           56MiB |
|    0   N/A  N/A      6135      G   ...erProcess --variations-seed-version         37MiB |
|    0   N/A  N/A      9735    C+G   ...ine/Engine/Binaries/Linux/UE4Editor       7513MiB |
|    0   N/A  N/A     10337      G   ...local/share/Steam/ubuntu12_32/steam          6MiB |
|    0   N/A  N/A     10898      G   ./steamwebhelper                                7MiB |
|    0   N/A  N/A    161013      G   ...ommon/SteamVR/bin/linux64/vrmonitor          8MiB |
|    0   N/A  N/A    161438    C+G   ./vrwebhelper                                  21MiB |
|    0   N/A  N/A    162326      G   ...bin/vrwebhelper/linux64/vrwebhelper         41MiB |
|    0   N/A  N/A    164593      G   /opt/ros/humble/lib/rviz2/rviz2                13MiB |
+-----------------------------------------------------------------------------------------+
---------------------------------
[2024-10-30 15:01:22] GPU Memory change detected: 235 MB
Wed Oct 30 15:01:22 2024       
+-----------------------------------------------------------------------------------------+
| NVIDIA-SMI 550.54.15              Driver Version: 550.54.15      CUDA Version: 12.4     |
|-----------------------------------------+------------------------+----------------------+
| GPU  Name                 Persistence-M | Bus-Id          Disp.A | Volatile Uncorr. ECC |
| Fan  Temp   Perf          Pwr:Usage/Cap |           Memory-Usage | GPU-Util  Compute M. |
|                                         |                        |               MIG M. |
|=========================================+========================+======================|
|   0  NVIDIA GeForce RTX 3090        Off |   00000000:01:00.0  On |                  N/A |
| 30%   46C    P5             37W /  350W |    8381MiB /  24576MiB |     53%      Default |
|                                         |                        |                  N/A |
+-----------------------------------------+------------------------+----------------------+
                                                                                         
+-----------------------------------------------------------------------------------------+
| Processes:                                                                              |
|  GPU   GI   CI        PID   Type   Process name                              GPU Memory |
|        ID   ID                                                               Usage      |
|=========================================================================================|
|    0   N/A  N/A      1623      G   /usr/lib/xorg/Xorg                            341MiB |
|    0   N/A  N/A      2209      G   /usr/bin/gnome-shell                           56MiB |
|    0   N/A  N/A      6135      G   ...erProcess --variations-seed-version         38MiB |
|    0   N/A  N/A      9735    C+G   ...ine/Engine/Binaries/Linux/UE4Editor       7746MiB |
|    0   N/A  N/A     10337      G   ...local/share/Steam/ubuntu12_32/steam          6MiB |
|    0   N/A  N/A     10898      G   ./steamwebhelper                                7MiB |
|    0   N/A  N/A    161013      G   ...ommon/SteamVR/bin/linux64/vrmonitor          8MiB |
|    0   N/A  N/A    161438    C+G   ./vrwebhelper                                  21MiB |
|    0   N/A  N/A    162326      G   ...bin/vrwebhelper/linux64/vrwebhelper         41MiB |
|    0   N/A  N/A    164593      G   /opt/ros/humble/lib/rviz2/rviz2                13MiB |
+-----------------------------------------------------------------------------------------+
---------------------------------
[2024-10-30 15:01:22] GPU Memory change detected: -806 MB
Wed Oct 30 15:01:22 2024       
+-----------------------------------------------------------------------------------------+
| NVIDIA-SMI 550.54.15              Driver Version: 550.54.15      CUDA Version: 12.4     |
|-----------------------------------------+------------------------+----------------------+
| GPU  Name                 Persistence-M | Bus-Id          Disp.A | Volatile Uncorr. ECC |
| Fan  Temp   Perf          Pwr:Usage/Cap |           Memory-Usage | GPU-Util  Compute M. |
|                                         |                        |               MIG M. |
|=========================================+========================+======================|
|   0  NVIDIA GeForce RTX 3090        Off |   00000000:01:00.0  On |                  N/A |
| 30%   48C    P3             46W /  350W |    7575MiB /  24576MiB |     22%      Default |
|                                         |                        |                  N/A |
+-----------------------------------------+------------------------+----------------------+
                                                                                         
+-----------------------------------------------------------------------------------------+
| Processes:                                                                              |
|  GPU   GI   CI        PID   Type   Process name                              GPU Memory |
|        ID   ID                                                               Usage      |
|=========================================================================================|
|    0   N/A  N/A      1623      G   /usr/lib/xorg/Xorg                            341MiB |
|    0   N/A  N/A      2209      G   /usr/bin/gnome-shell                           56MiB |
|    0   N/A  N/A      6135      G   ...erProcess --variations-seed-version         38MiB |
|    0   N/A  N/A      9735    C+G   ...ine/Engine/Binaries/Linux/UE4Editor       6940MiB |
|    0   N/A  N/A     10337      G   ...local/share/Steam/ubuntu12_32/steam          6MiB |
|    0   N/A  N/A     10898      G   ./steamwebhelper                                7MiB |
|    0   N/A  N/A    161013      G   ...ommon/SteamVR/bin/linux64/vrmonitor          8MiB |
|    0   N/A  N/A    161438    C+G   ./vrwebhelper                                  21MiB |
|    0   N/A  N/A    162326      G   ...bin/vrwebhelper/linux64/vrwebhelper         41MiB |
|    0   N/A  N/A    164593      G   /opt/ros/humble/lib/rviz2/rviz2                13MiB |
+-----------------------------------------------------------------------------------------+
---------------------------------
[2024-10-30 15:01:41] GPU Memory change detected: 273 MB
Wed Oct 30 15:01:41 2024       
+-----------------------------------------------------------------------------------------+
| NVIDIA-SMI 550.54.15              Driver Version: 550.54.15      CUDA Version: 12.4     |
|-----------------------------------------+------------------------+----------------------+
| GPU  Name                 Persistence-M | Bus-Id          Disp.A | Volatile Uncorr. ECC |
| Fan  Temp   Perf          Pwr:Usage/Cap |           Memory-Usage | GPU-Util  Compute M. |
|                                         |                        |               MIG M. |
|=========================================+========================+======================|
|   0  NVIDIA GeForce RTX 3090        Off |   00000000:01:00.0  On |                  N/A |
| 30%   62C    P0            249W /  350W |    7848MiB /  24576MiB |     74%      Default |
|                                         |                        |                  N/A |
+-----------------------------------------+------------------------+----------------------+
                                                                                         
+-----------------------------------------------------------------------------------------+
| Processes:                                                                              |
|  GPU   GI   CI        PID   Type   Process name                              GPU Memory |
|        ID   ID                                                               Usage      |
|=========================================================================================|
|    0   N/A  N/A      1623      G   /usr/lib/xorg/Xorg                            351MiB |
|    0   N/A  N/A      2209      G   /usr/bin/gnome-shell                           56MiB |
|    0   N/A  N/A      6135      G   ...erProcess --variations-seed-version         37MiB |
|    0   N/A  N/A      9735    C+G   ...ine/Engine/Binaries/Linux/UE4Editor       7205MiB |
|    0   N/A  N/A     10337      G   ...local/share/Steam/ubuntu12_32/steam          6MiB |
|    0   N/A  N/A     10898      G   ./steamwebhelper                                7MiB |
|    0   N/A  N/A    161013      G   ...ommon/SteamVR/bin/linux64/vrmonitor          8MiB |
|    0   N/A  N/A    161438    C+G   ./vrwebhelper                                  21MiB |
|    0   N/A  N/A    162326      G   ...bin/vrwebhelper/linux64/vrwebhelper         41MiB |
|    0   N/A  N/A    164593      G   /opt/ros/humble/lib/rviz2/rviz2                12MiB |
+-----------------------------------------------------------------------------------------+
---------------------------------
[2024-10-30 15:02:02] GPU Memory change detected: -7230 MB
Wed Oct 30 15:02:02 2024       
+-----------------------------------------------------------------------------------------+
| NVIDIA-SMI 550.54.15              Driver Version: 550.54.15      CUDA Version: 12.4     |
|-----------------------------------------+------------------------+----------------------+
| GPU  Name                 Persistence-M | Bus-Id          Disp.A | Volatile Uncorr. ECC |
| Fan  Temp   Perf          Pwr:Usage/Cap |           Memory-Usage | GPU-Util  Compute M. |
|                                         |                        |               MIG M. |
|=========================================+========================+======================|
|   0  NVIDIA GeForce RTX 3090        Off |   00000000:01:00.0  On |                  N/A |
| 41%   56C    P0             44W /  350W |     569MiB /  24576MiB |    100%      Default |
|                                         |                        |                  N/A |
+-----------------------------------------+------------------------+----------------------+
                                                                                         
+-----------------------------------------------------------------------------------------+
| Processes:                                                                              |
|  GPU   GI   CI        PID   Type   Process name                              GPU Memory |
|        ID   ID                                                               Usage      |
|=========================================================================================|
|    0   N/A  N/A      1623      G   /usr/lib/xorg/Xorg                            320MiB |
|    0   N/A  N/A      2209      G   /usr/bin/gnome-shell                           56MiB |
|    0   N/A  N/A      6135      G   ...erProcess --variations-seed-version         46MiB |
|    0   N/A  N/A     10337      G   ...local/share/Steam/ubuntu12_32/steam          6MiB |
|    0   N/A  N/A     10898      G   ./steamwebhelper                                7MiB |
|    0   N/A  N/A    161013      G   ...ommon/SteamVR/bin/linux64/vrmonitor          8MiB |
|    0   N/A  N/A    161438    C+G   ./vrwebhelper                                  21MiB |
|    0   N/A  N/A    162326      G   ...bin/vrwebhelper/linux64/vrwebhelper         41MiB |
|    0   N/A  N/A    164593      G   /opt/ros/humble/lib/rviz2/rviz2                12MiB |
+-----------------------------------------------------------------------------------------+
---------------------------------
[2024-10-30 15:02:42] GPU Memory change detected: 263 MB
Wed Oct 30 15:02:42 2024       
+-----------------------------------------------------------------------------------------+
| NVIDIA-SMI 550.54.15              Driver Version: 550.54.15      CUDA Version: 12.4     |
|-----------------------------------------+------------------------+----------------------+
| GPU  Name                 Persistence-M | Bus-Id          Disp.A | Volatile Uncorr. ECC |
| Fan  Temp   Perf          Pwr:Usage/Cap |           Memory-Usage | GPU-Util  Compute M. |
|                                         |                        |               MIG M. |
|=========================================+========================+======================|
|   0  NVIDIA GeForce RTX 3090        Off |   00000000:01:00.0  On |                  N/A |
| 30%   53C    P5            112W /  350W |     889MiB /  24576MiB |      9%      Default |
|                                         |                        |                  N/A |
+-----------------------------------------+------------------------+----------------------+
                                                                                         
+-----------------------------------------------------------------------------------------+
| Processes:                                                                              |
|  GPU   GI   CI        PID   Type   Process name                              GPU Memory |
|        ID   ID                                                               Usage      |
|=========================================================================================|
|    0   N/A  N/A      1623      G   /usr/lib/xorg/Xorg                            241MiB |
|    0   N/A  N/A      2209      G   /usr/bin/gnome-shell                           64MiB |
|    0   N/A  N/A      6135      G   ...erProcess --variations-seed-version         48MiB |
|    0   N/A  N/A     10337      G   ...local/share/Steam/ubuntu12_32/steam          6MiB |
|    0   N/A  N/A     10898      G   ./steamwebhelper                                7MiB |
|    0   N/A  N/A    161013      G   ...ommon/SteamVR/bin/linux64/vrmonitor          8MiB |
|    0   N/A  N/A    161438    C+G   ./vrwebhelper                                  21MiB |
|    0   N/A  N/A    162326      G   ...bin/vrwebhelper/linux64/vrwebhelper         41MiB |
|    0   N/A  N/A    164593      G   /opt/ros/humble/lib/rviz2/rviz2                66MiB |
|    0   N/A  N/A    178735    C+G   ...ine/Engine/Binaries/Linux/UE4Editor        291MiB |
+-----------------------------------------------------------------------------------------+
---------------------------------
[2024-10-30 15:02:45] GPU Memory change detected: 240 MB
Wed Oct 30 15:02:45 2024       
+-----------------------------------------------------------------------------------------+
| NVIDIA-SMI 550.54.15              Driver Version: 550.54.15      CUDA Version: 12.4     |
|-----------------------------------------+------------------------+----------------------+
| GPU  Name                 Persistence-M | Bus-Id          Disp.A | Volatile Uncorr. ECC |
| Fan  Temp   Perf          Pwr:Usage/Cap |           Memory-Usage | GPU-Util  Compute M. |
|                                         |                        |               MIG M. |
|=========================================+========================+======================|
|   0  NVIDIA GeForce RTX 3090        Off |   00000000:01:00.0  On |                  N/A |
| 30%   49C    P5             36W /  350W |    1122MiB /  24576MiB |     15%      Default |
|                                         |                        |                  N/A |
+-----------------------------------------+------------------------+----------------------+
                                                                                         
+-----------------------------------------------------------------------------------------+
| Processes:                                                                              |
|  GPU   GI   CI        PID   Type   Process name                              GPU Memory |
|        ID   ID                                                               Usage      |
|=========================================================================================|
|    0   N/A  N/A      1623      G   /usr/lib/xorg/Xorg                            241MiB |
|    0   N/A  N/A      2209      G   /usr/bin/gnome-shell                           64MiB |
|    0   N/A  N/A      6135      G   ...erProcess --variations-seed-version         46MiB |
|    0   N/A  N/A     10337      G   ...local/share/Steam/ubuntu12_32/steam          6MiB |
|    0   N/A  N/A     10898      G   ./steamwebhelper                                7MiB |
|    0   N/A  N/A    161013      G   ...ommon/SteamVR/bin/linux64/vrmonitor          8MiB |
|    0   N/A  N/A    161438    C+G   ./vrwebhelper                                  21MiB |
|    0   N/A  N/A    162326      G   ...bin/vrwebhelper/linux64/vrwebhelper         41MiB |
|    0   N/A  N/A    164593      G   /opt/ros/humble/lib/rviz2/rviz2                66MiB |
|    0   N/A  N/A    178735    C+G   ...ine/Engine/Binaries/Linux/UE4Editor        527MiB |
+-----------------------------------------------------------------------------------------+
---------------------------------
[2024-10-30 15:02:46] GPU Memory change detected: 201 MB
Wed Oct 30 15:02:46 2024       
+-----------------------------------------------------------------------------------------+
| NVIDIA-SMI 550.54.15              Driver Version: 550.54.15      CUDA Version: 12.4     |
|-----------------------------------------+------------------------+----------------------+
| GPU  Name                 Persistence-M | Bus-Id          Disp.A | Volatile Uncorr. ECC |
| Fan  Temp   Perf          Pwr:Usage/Cap |           Memory-Usage | GPU-Util  Compute M. |
|                                         |                        |               MIG M. |
|=========================================+========================+======================|
|   0  NVIDIA GeForce RTX 3090        Off |   00000000:01:00.0  On |                  N/A |
| 30%   49C    P5             37W /  350W |    1365MiB /  24576MiB |     21%      Default |
|                                         |                        |                  N/A |
+-----------------------------------------+------------------------+----------------------+
                                                                                         
+-----------------------------------------------------------------------------------------+
| Processes:                                                                              |
|  GPU   GI   CI        PID   Type   Process name                              GPU Memory |
|        ID   ID                                                               Usage      |
|=========================================================================================|
|    0   N/A  N/A      1623      G   /usr/lib/xorg/Xorg                            249MiB |
|    0   N/A  N/A      2209      G   /usr/bin/gnome-shell                           64MiB |
|    0   N/A  N/A      6135      G   ...erProcess --variations-seed-version         46MiB |
|    0   N/A  N/A     10337      G   ...local/share/Steam/ubuntu12_32/steam          6MiB |
|    0   N/A  N/A     10898      G   ./steamwebhelper                                7MiB |
|    0   N/A  N/A    161013      G   ...ommon/SteamVR/bin/linux64/vrmonitor          8MiB |
|    0   N/A  N/A    161438    C+G   ./vrwebhelper                                  21MiB |
|    0   N/A  N/A    162326      G   ...bin/vrwebhelper/linux64/vrwebhelper         41MiB |
|    0   N/A  N/A    164593      G   /opt/ros/humble/lib/rviz2/rviz2                66MiB |
|    0   N/A  N/A    178735    C+G   ...ine/Engine/Binaries/Linux/UE4Editor        761MiB |
+-----------------------------------------------------------------------------------------+
---------------------------------
[2024-10-30 15:02:47] GPU Memory change detected: 286 MB
Wed Oct 30 15:02:47 2024       
+-----------------------------------------------------------------------------------------+
| NVIDIA-SMI 550.54.15              Driver Version: 550.54.15      CUDA Version: 12.4     |
|-----------------------------------------+------------------------+----------------------+
| GPU  Name                 Persistence-M | Bus-Id          Disp.A | Volatile Uncorr. ECC |
| Fan  Temp   Perf          Pwr:Usage/Cap |           Memory-Usage | GPU-Util  Compute M. |
|                                         |                        |               MIG M. |
|=========================================+========================+======================|
|   0  NVIDIA GeForce RTX 3090        Off |   00000000:01:00.0  On |                  N/A |
| 30%   49C    P5             38W /  350W |    1608MiB /  24576MiB |     13%      Default |
|                                         |                        |                  N/A |
+-----------------------------------------+------------------------+----------------------+
                                                                                         
+-----------------------------------------------------------------------------------------+
| Processes:                                                                              |
|  GPU   GI   CI        PID   Type   Process name                              GPU Memory |
|        ID   ID                                                               Usage      |
|=========================================================================================|
|    0   N/A  N/A      1623      G   /usr/lib/xorg/Xorg                            249MiB |
|    0   N/A  N/A      2209      G   /usr/bin/gnome-shell                           64MiB |
|    0   N/A  N/A      6135      G   ...erProcess --variations-seed-version         46MiB |
|    0   N/A  N/A     10337      G   ...local/share/Steam/ubuntu12_32/steam          6MiB |
|    0   N/A  N/A     10898      G   ./steamwebhelper                                7MiB |
|    0   N/A  N/A    161013      G   ...ommon/SteamVR/bin/linux64/vrmonitor          8MiB |
|    0   N/A  N/A    161438    C+G   ./vrwebhelper                                  21MiB |
|    0   N/A  N/A    162326      G   ...bin/vrwebhelper/linux64/vrwebhelper         41MiB |
|    0   N/A  N/A    164593      G   /opt/ros/humble/lib/rviz2/rviz2                66MiB |
|    0   N/A  N/A    178735    C+G   ...ine/Engine/Binaries/Linux/UE4Editor       1004MiB |
+-----------------------------------------------------------------------------------------+
---------------------------------
[2024-10-30 15:02:47] GPU Memory change detected: 200 MB
Wed Oct 30 15:02:47 2024       
+-----------------------------------------------------------------------------------------+
| NVIDIA-SMI 550.54.15              Driver Version: 550.54.15      CUDA Version: 12.4     |
|-----------------------------------------+------------------------+----------------------+
| GPU  Name                 Persistence-M | Bus-Id          Disp.A | Volatile Uncorr. ECC |
| Fan  Temp   Perf          Pwr:Usage/Cap |           Memory-Usage | GPU-Util  Compute M. |
|                                         |                        |               MIG M. |
|=========================================+========================+======================|
|   0  NVIDIA GeForce RTX 3090        Off |   00000000:01:00.0  On |                  N/A |
| 30%   49C    P5             38W /  350W |    1827MiB /  24576MiB |     27%      Default |
|                                         |                        |                  N/A |
+-----------------------------------------+------------------------+----------------------+
                                                                                         
+-----------------------------------------------------------------------------------------+
| Processes:                                                                              |
|  GPU   GI   CI        PID   Type   Process name                              GPU Memory |
|        ID   ID                                                               Usage      |
|=========================================================================================|
|    0   N/A  N/A      1623      G   /usr/lib/xorg/Xorg                            249MiB |
|    0   N/A  N/A      2209      G   /usr/bin/gnome-shell                           64MiB |
|    0   N/A  N/A      6135      G   ...erProcess --variations-seed-version         46MiB |
|    0   N/A  N/A     10337      G   ...local/share/Steam/ubuntu12_32/steam          6MiB |
|    0   N/A  N/A     10898      G   ./steamwebhelper                                7MiB |
|    0   N/A  N/A    161013      G   ...ommon/SteamVR/bin/linux64/vrmonitor          8MiB |
|    0   N/A  N/A    161438    C+G   ./vrwebhelper                                  21MiB |
|    0   N/A  N/A    162326      G   ...bin/vrwebhelper/linux64/vrwebhelper         41MiB |
|    0   N/A  N/A    164593      G   /opt/ros/humble/lib/rviz2/rviz2                66MiB |
|    0   N/A  N/A    178735    C+G   ...ine/Engine/Binaries/Linux/UE4Editor       1222MiB |
+-----------------------------------------------------------------------------------------+
---------------------------------
[2024-10-30 15:02:47] GPU Memory change detected: 217 MB
Wed Oct 30 15:02:47 2024       
+-----------------------------------------------------------------------------------------+
| NVIDIA-SMI 550.54.15              Driver Version: 550.54.15      CUDA Version: 12.4     |
|-----------------------------------------+------------------------+----------------------+
| GPU  Name                 Persistence-M | Bus-Id          Disp.A | Volatile Uncorr. ECC |
| Fan  Temp   Perf          Pwr:Usage/Cap |           Memory-Usage | GPU-Util  Compute M. |
|                                         |                        |               MIG M. |
|=========================================+========================+======================|
|   0  NVIDIA GeForce RTX 3090        Off |   00000000:01:00.0  On |                  N/A |
| 30%   49C    P5             39W /  350W |    2100MiB /  24576MiB |     24%      Default |
|                                         |                        |                  N/A |
+-----------------------------------------+------------------------+----------------------+
                                                                                         
+-----------------------------------------------------------------------------------------+
| Processes:                                                                              |
|  GPU   GI   CI        PID   Type   Process name                              GPU Memory |
|        ID   ID                                                               Usage      |
|=========================================================================================|
|    0   N/A  N/A      1623      G   /usr/lib/xorg/Xorg                            249MiB |
|    0   N/A  N/A      2209      G   /usr/bin/gnome-shell                           64MiB |
|    0   N/A  N/A      6135      G   ...erProcess --variations-seed-version         46MiB |
|    0   N/A  N/A     10337      G   ...local/share/Steam/ubuntu12_32/steam          6MiB |
|    0   N/A  N/A     10898      G   ./steamwebhelper                                7MiB |
|    0   N/A  N/A    161013      G   ...ommon/SteamVR/bin/linux64/vrmonitor          8MiB |
|    0   N/A  N/A    161438    C+G   ./vrwebhelper                                  21MiB |
|    0   N/A  N/A    162326      G   ...bin/vrwebhelper/linux64/vrwebhelper         41MiB |
|    0   N/A  N/A    164593      G   /opt/ros/humble/lib/rviz2/rviz2                66MiB |
|    0   N/A  N/A    178735    C+G   ...ine/Engine/Binaries/Linux/UE4Editor       1496MiB |
+-----------------------------------------------------------------------------------------+
---------------------------------
[2024-10-30 15:02:48] GPU Memory change detected: 224 MB
Wed Oct 30 15:02:48 2024       
+-----------------------------------------------------------------------------------------+
| NVIDIA-SMI 550.54.15              Driver Version: 550.54.15      CUDA Version: 12.4     |
|-----------------------------------------+------------------------+----------------------+
| GPU  Name                 Persistence-M | Bus-Id          Disp.A | Volatile Uncorr. ECC |
| Fan  Temp   Perf          Pwr:Usage/Cap |           Memory-Usage | GPU-Util  Compute M. |
|                                         |                        |               MIG M. |
|=========================================+========================+======================|
|   0  NVIDIA GeForce RTX 3090        Off |   00000000:01:00.0  On |                  N/A |
| 30%   49C    P5             39W /  350W |    2265MiB /  24576MiB |     14%      Default |
|                                         |                        |                  N/A |
+-----------------------------------------+------------------------+----------------------+
                                                                                         
+-----------------------------------------------------------------------------------------+
| Processes:                                                                              |
|  GPU   GI   CI        PID   Type   Process name                              GPU Memory |
|        ID   ID                                                               Usage      |
|=========================================================================================|
|    0   N/A  N/A      1623      G   /usr/lib/xorg/Xorg                            249MiB |
|    0   N/A  N/A      2209      G   /usr/bin/gnome-shell                           64MiB |
|    0   N/A  N/A      6135      G   ...erProcess --variations-seed-version         46MiB |
|    0   N/A  N/A     10337      G   ...local/share/Steam/ubuntu12_32/steam          6MiB |
|    0   N/A  N/A     10898      G   ./steamwebhelper                                7MiB |
|    0   N/A  N/A    161013      G   ...ommon/SteamVR/bin/linux64/vrmonitor          8MiB |
|    0   N/A  N/A    161438    C+G   ./vrwebhelper                                  21MiB |
|    0   N/A  N/A    162326      G   ...bin/vrwebhelper/linux64/vrwebhelper         41MiB |
|    0   N/A  N/A    164593      G   /opt/ros/humble/lib/rviz2/rviz2                66MiB |
|    0   N/A  N/A    178735    C+G   ...ine/Engine/Binaries/Linux/UE4Editor       1664MiB |
+-----------------------------------------------------------------------------------------+
---------------------------------
[2024-10-30 15:02:48] GPU Memory change detected: 208 MB
Wed Oct 30 15:02:48 2024       
+-----------------------------------------------------------------------------------------+
| NVIDIA-SMI 550.54.15              Driver Version: 550.54.15      CUDA Version: 12.4     |
|-----------------------------------------+------------------------+----------------------+
| GPU  Name                 Persistence-M | Bus-Id          Disp.A | Volatile Uncorr. ECC |
| Fan  Temp   Perf          Pwr:Usage/Cap |           Memory-Usage | GPU-Util  Compute M. |
|                                         |                        |               MIG M. |
|=========================================+========================+======================|
|   0  NVIDIA GeForce RTX 3090        Off |   00000000:01:00.0  On |                  N/A |
| 30%   52C    P0             48W /  350W |    2457MiB /  24576MiB |     77%      Default |
|                                         |                        |                  N/A |
+-----------------------------------------+------------------------+----------------------+
                                                                                         
+-----------------------------------------------------------------------------------------+
| Processes:                                                                              |
|  GPU   GI   CI        PID   Type   Process name                              GPU Memory |
|        ID   ID                                                               Usage      |
|=========================================================================================|
|    0   N/A  N/A      1623      G   /usr/lib/xorg/Xorg                            249MiB |
|    0   N/A  N/A      2209      G   /usr/bin/gnome-shell                           65MiB |
|    0   N/A  N/A      6135      G   ...erProcess --variations-seed-version         46MiB |
|    0   N/A  N/A     10337      G   ...local/share/Steam/ubuntu12_32/steam          6MiB |
|    0   N/A  N/A     10898      G   ./steamwebhelper                                7MiB |
|    0   N/A  N/A    161013      G   ...ommon/SteamVR/bin/linux64/vrmonitor          8MiB |
|    0   N/A  N/A    161438    C+G   ./vrwebhelper                                  21MiB |
|    0   N/A  N/A    162326      G   ...bin/vrwebhelper/linux64/vrwebhelper         41MiB |
|    0   N/A  N/A    164593      G   /opt/ros/humble/lib/rviz2/rviz2                66MiB |
|    0   N/A  N/A    178735    C+G   ...ine/Engine/Binaries/Linux/UE4Editor       1852MiB |
+-----------------------------------------------------------------------------------------+
---------------------------------
[2024-10-30 15:02:49] GPU Memory change detected: 209 MB
Wed Oct 30 15:02:49 2024       
+-----------------------------------------------------------------------------------------+
| NVIDIA-SMI 550.54.15              Driver Version: 550.54.15      CUDA Version: 12.4     |
|-----------------------------------------+------------------------+----------------------+
| GPU  Name                 Persistence-M | Bus-Id          Disp.A | Volatile Uncorr. ECC |
| Fan  Temp   Perf          Pwr:Usage/Cap |           Memory-Usage | GPU-Util  Compute M. |
|                                         |                        |               MIG M. |
|=========================================+========================+======================|
|   0  NVIDIA GeForce RTX 3090        Off |   00000000:01:00.0  On |                  N/A |
| 30%   53C    P0             84W /  350W |    2666MiB /  24576MiB |     16%      Default |
|                                         |                        |                  N/A |
+-----------------------------------------+------------------------+----------------------+
                                                                                         
+-----------------------------------------------------------------------------------------+
| Processes:                                                                              |
|  GPU   GI   CI        PID   Type   Process name                              GPU Memory |
|        ID   ID                                                               Usage      |
|=========================================================================================|
|    0   N/A  N/A      1623      G   /usr/lib/xorg/Xorg                            249MiB |
|    0   N/A  N/A      2209      G   /usr/bin/gnome-shell                           64MiB |
|    0   N/A  N/A      6135      G   ...erProcess --variations-seed-version         46MiB |
|    0   N/A  N/A     10337      G   ...local/share/Steam/ubuntu12_32/steam          6MiB |
|    0   N/A  N/A     10898      G   ./steamwebhelper                                7MiB |
|    0   N/A  N/A    161013      G   ...ommon/SteamVR/bin/linux64/vrmonitor          8MiB |
|    0   N/A  N/A    161438    C+G   ./vrwebhelper                                  21MiB |
|    0   N/A  N/A    162326      G   ...bin/vrwebhelper/linux64/vrwebhelper         41MiB |
|    0   N/A  N/A    164593      G   /opt/ros/humble/lib/rviz2/rviz2                66MiB |
|    0   N/A  N/A    178735    C+G   ...ine/Engine/Binaries/Linux/UE4Editor       2062MiB |
+-----------------------------------------------------------------------------------------+
---------------------------------
[2024-10-30 15:02:49] GPU Memory change detected: 225 MB
Wed Oct 30 15:02:49 2024       
+-----------------------------------------------------------------------------------------+
| NVIDIA-SMI 550.54.15              Driver Version: 550.54.15      CUDA Version: 12.4     |
|-----------------------------------------+------------------------+----------------------+
| GPU  Name                 Persistence-M | Bus-Id          Disp.A | Volatile Uncorr. ECC |
| Fan  Temp   Perf          Pwr:Usage/Cap |           Memory-Usage | GPU-Util  Compute M. |
|                                         |                        |               MIG M. |
|=========================================+========================+======================|
|   0  NVIDIA GeForce RTX 3090        Off |   00000000:01:00.0  On |                  N/A |
| 30%   53C    P0            120W /  350W |    2899MiB /  24576MiB |      5%      Default |
|                                         |                        |                  N/A |
+-----------------------------------------+------------------------+----------------------+
                                                                                         
+-----------------------------------------------------------------------------------------+
| Processes:                                                                              |
|  GPU   GI   CI        PID   Type   Process name                              GPU Memory |
|        ID   ID                                                               Usage      |
|=========================================================================================|
|    0   N/A  N/A      1623      G   /usr/lib/xorg/Xorg                            249MiB |
|    0   N/A  N/A      2209      G   /usr/bin/gnome-shell                           64MiB |
|    0   N/A  N/A      6135      G   ...erProcess --variations-seed-version         46MiB |
|    0   N/A  N/A     10337      G   ...local/share/Steam/ubuntu12_32/steam          6MiB |
|    0   N/A  N/A     10898      G   ./steamwebhelper                                7MiB |
|    0   N/A  N/A    161013      G   ...ommon/SteamVR/bin/linux64/vrmonitor          8MiB |
|    0   N/A  N/A    161438    C+G   ./vrwebhelper                                  21MiB |
|    0   N/A  N/A    162326      G   ...bin/vrwebhelper/linux64/vrwebhelper         41MiB |
|    0   N/A  N/A    164593      G   /opt/ros/humble/lib/rviz2/rviz2                66MiB |
|    0   N/A  N/A    178735    C+G   ...ine/Engine/Binaries/Linux/UE4Editor       2294MiB |
+-----------------------------------------------------------------------------------------+
---------------------------------
[2024-10-30 15:02:50] GPU Memory change detected: 383 MB
Wed Oct 30 15:02:50 2024       
+-----------------------------------------------------------------------------------------+
| NVIDIA-SMI 550.54.15              Driver Version: 550.54.15      CUDA Version: 12.4     |
|-----------------------------------------+------------------------+----------------------+
| GPU  Name                 Persistence-M | Bus-Id          Disp.A | Volatile Uncorr. ECC |
| Fan  Temp   Perf          Pwr:Usage/Cap |           Memory-Usage | GPU-Util  Compute M. |
|                                         |                        |               MIG M. |
|=========================================+========================+======================|
|   0  NVIDIA GeForce RTX 3090        Off |   00000000:01:00.0  On |                  N/A |
| 30%   53C    P0            139W /  350W |    3284MiB /  24576MiB |      4%      Default |
|                                         |                        |                  N/A |
+-----------------------------------------+------------------------+----------------------+
                                                                                         
+-----------------------------------------------------------------------------------------+
| Processes:                                                                              |
|  GPU   GI   CI        PID   Type   Process name                              GPU Memory |
|        ID   ID                                                               Usage      |
|=========================================================================================|
|    0   N/A  N/A      1623      G   /usr/lib/xorg/Xorg                            249MiB |
|    0   N/A  N/A      2209      G   /usr/bin/gnome-shell                           64MiB |
|    0   N/A  N/A      6135      G   ...erProcess --variations-seed-version         46MiB |
|    0   N/A  N/A     10337      G   ...local/share/Steam/ubuntu12_32/steam          6MiB |
|    0   N/A  N/A     10898      G   ./steamwebhelper                                7MiB |
|    0   N/A  N/A    161013      G   ...ommon/SteamVR/bin/linux64/vrmonitor          8MiB |
|    0   N/A  N/A    161438    C+G   ./vrwebhelper                                  21MiB |
|    0   N/A  N/A    162326      G   ...bin/vrwebhelper/linux64/vrwebhelper         41MiB |
|    0   N/A  N/A    164593      G   /opt/ros/humble/lib/rviz2/rviz2                66MiB |
|    0   N/A  N/A    178735    C+G   ...ine/Engine/Binaries/Linux/UE4Editor       2679MiB |
+-----------------------------------------------------------------------------------------+
---------------------------------
[2024-10-30 15:02:50] GPU Memory change detected: 208 MB
Wed Oct 30 15:02:50 2024       
+-----------------------------------------------------------------------------------------+
| NVIDIA-SMI 550.54.15              Driver Version: 550.54.15      CUDA Version: 12.4     |
|-----------------------------------------+------------------------+----------------------+
| GPU  Name                 Persistence-M | Bus-Id          Disp.A | Volatile Uncorr. ECC |
| Fan  Temp   Perf          Pwr:Usage/Cap |           Memory-Usage | GPU-Util  Compute M. |
|                                         |                        |               MIG M. |
|=========================================+========================+======================|
|   0  NVIDIA GeForce RTX 3090        Off |   00000000:01:00.0  On |                  N/A |
| 30%   51C    P5            131W /  350W |    3482MiB /  24576MiB |     10%      Default |
|                                         |                        |                  N/A |
+-----------------------------------------+------------------------+----------------------+
                                                                                         
+-----------------------------------------------------------------------------------------+
| Processes:                                                                              |
|  GPU   GI   CI        PID   Type   Process name                              GPU Memory |
|        ID   ID                                                               Usage      |
|=========================================================================================|
|    0   N/A  N/A      1623      G   /usr/lib/xorg/Xorg                            249MiB |
|    0   N/A  N/A      2209      G   /usr/bin/gnome-shell                           64MiB |
|    0   N/A  N/A      6135      G   ...erProcess --variations-seed-version         46MiB |
|    0   N/A  N/A     10337      G   ...local/share/Steam/ubuntu12_32/steam          6MiB |
|    0   N/A  N/A     10898      G   ./steamwebhelper                                7MiB |
|    0   N/A  N/A    161013      G   ...ommon/SteamVR/bin/linux64/vrmonitor          8MiB |
|    0   N/A  N/A    161438    C+G   ./vrwebhelper                                  21MiB |
|    0   N/A  N/A    162326      G   ...bin/vrwebhelper/linux64/vrwebhelper         41MiB |
|    0   N/A  N/A    164593      G   /opt/ros/humble/lib/rviz2/rviz2                66MiB |
|    0   N/A  N/A    178735    C+G   ...ine/Engine/Binaries/Linux/UE4Editor       2878MiB |
+-----------------------------------------------------------------------------------------+
---------------------------------
[2024-10-30 15:02:50] GPU Memory change detected: 220 MB
Wed Oct 30 15:02:50 2024       
+-----------------------------------------------------------------------------------------+
| NVIDIA-SMI 550.54.15              Driver Version: 550.54.15      CUDA Version: 12.4     |
|-----------------------------------------+------------------------+----------------------+
| GPU  Name                 Persistence-M | Bus-Id          Disp.A | Volatile Uncorr. ECC |
| Fan  Temp   Perf          Pwr:Usage/Cap |           Memory-Usage | GPU-Util  Compute M. |
|                                         |                        |               MIG M. |
|=========================================+========================+======================|
|   0  NVIDIA GeForce RTX 3090        Off |   00000000:01:00.0  On |                  N/A |
| 30%   50C    P5             95W /  350W |    3702MiB /  24576MiB |     14%      Default |
|                                         |                        |                  N/A |
+-----------------------------------------+------------------------+----------------------+
                                                                                         
+-----------------------------------------------------------------------------------------+
| Processes:                                                                              |
|  GPU   GI   CI        PID   Type   Process name                              GPU Memory |
|        ID   ID                                                               Usage      |
|=========================================================================================|
|    0   N/A  N/A      1623      G   /usr/lib/xorg/Xorg                            249MiB |
|    0   N/A  N/A      2209      G   /usr/bin/gnome-shell                           64MiB |
|    0   N/A  N/A      6135      G   ...erProcess --variations-seed-version         46MiB |
|    0   N/A  N/A     10337      G   ...local/share/Steam/ubuntu12_32/steam          6MiB |
|    0   N/A  N/A     10898      G   ./steamwebhelper                                7MiB |
|    0   N/A  N/A    161013      G   ...ommon/SteamVR/bin/linux64/vrmonitor          8MiB |
|    0   N/A  N/A    161438    C+G   ./vrwebhelper                                  21MiB |
|    0   N/A  N/A    162326      G   ...bin/vrwebhelper/linux64/vrwebhelper         41MiB |
|    0   N/A  N/A    164593      G   /opt/ros/humble/lib/rviz2/rviz2                66MiB |
|    0   N/A  N/A    178735    C+G   ...ine/Engine/Binaries/Linux/UE4Editor       3097MiB |
+-----------------------------------------------------------------------------------------+
---------------------------------
[2024-10-30 15:02:51] GPU Memory change detected: 231 MB
Wed Oct 30 15:02:51 2024       
+-----------------------------------------------------------------------------------------+
| NVIDIA-SMI 550.54.15              Driver Version: 550.54.15      CUDA Version: 12.4     |
|-----------------------------------------+------------------------+----------------------+
| GPU  Name                 Persistence-M | Bus-Id          Disp.A | Volatile Uncorr. ECC |
| Fan  Temp   Perf          Pwr:Usage/Cap |           Memory-Usage | GPU-Util  Compute M. |
|                                         |                        |               MIG M. |
|=========================================+========================+======================|
|   0  NVIDIA GeForce RTX 3090        Off |   00000000:01:00.0  On |                  N/A |
| 30%   50C    P5             68W /  350W |    3937MiB /  24576MiB |     34%      Default |
|                                         |                        |                  N/A |
+-----------------------------------------+------------------------+----------------------+
                                                                                         
+-----------------------------------------------------------------------------------------+
| Processes:                                                                              |
|  GPU   GI   CI        PID   Type   Process name                              GPU Memory |
|        ID   ID                                                               Usage      |
|=========================================================================================|
|    0   N/A  N/A      1623      G   /usr/lib/xorg/Xorg                            249MiB |
|    0   N/A  N/A      2209      G   /usr/bin/gnome-shell                           64MiB |
|    0   N/A  N/A      6135      G   ...erProcess --variations-seed-version         46MiB |
|    0   N/A  N/A     10337      G   ...local/share/Steam/ubuntu12_32/steam          6MiB |
|    0   N/A  N/A     10898      G   ./steamwebhelper                                7MiB |
|    0   N/A  N/A    161013      G   ...ommon/SteamVR/bin/linux64/vrmonitor          8MiB |
|    0   N/A  N/A    161438    C+G   ./vrwebhelper                                  21MiB |
|    0   N/A  N/A    162326      G   ...bin/vrwebhelper/linux64/vrwebhelper         41MiB |
|    0   N/A  N/A    164593      G   /opt/ros/humble/lib/rviz2/rviz2                66MiB |
|    0   N/A  N/A    178735    C+G   ...ine/Engine/Binaries/Linux/UE4Editor       3335MiB |
+-----------------------------------------------------------------------------------------+
---------------------------------
[2024-10-30 15:02:51] GPU Memory change detected: 202 MB
Wed Oct 30 15:02:51 2024       
+-----------------------------------------------------------------------------------------+
| NVIDIA-SMI 550.54.15              Driver Version: 550.54.15      CUDA Version: 12.4     |
|-----------------------------------------+------------------------+----------------------+
| GPU  Name                 Persistence-M | Bus-Id          Disp.A | Volatile Uncorr. ECC |
| Fan  Temp   Perf          Pwr:Usage/Cap |           Memory-Usage | GPU-Util  Compute M. |
|                                         |                        |               MIG M. |
|=========================================+========================+======================|
|   0  NVIDIA GeForce RTX 3090        Off |   00000000:01:00.0  On |                  N/A |
| 30%   50C    P5             38W /  350W |    4175MiB /  24576MiB |     20%      Default |
|                                         |                        |                  N/A |
+-----------------------------------------+------------------------+----------------------+
                                                                                         
+-----------------------------------------------------------------------------------------+
| Processes:                                                                              |
|  GPU   GI   CI        PID   Type   Process name                              GPU Memory |
|        ID   ID                                                               Usage      |
|=========================================================================================|
|    0   N/A  N/A      1623      G   /usr/lib/xorg/Xorg                            249MiB |
|    0   N/A  N/A      2209      G   /usr/bin/gnome-shell                           64MiB |
|    0   N/A  N/A      6135      G   ...erProcess --variations-seed-version         46MiB |
|    0   N/A  N/A     10337      G   ...local/share/Steam/ubuntu12_32/steam          6MiB |
|    0   N/A  N/A     10898      G   ./steamwebhelper                                7MiB |
|    0   N/A  N/A    161013      G   ...ommon/SteamVR/bin/linux64/vrmonitor          8MiB |
|    0   N/A  N/A    161438    C+G   ./vrwebhelper                                  21MiB |
|    0   N/A  N/A    162326      G   ...bin/vrwebhelper/linux64/vrwebhelper         41MiB |
|    0   N/A  N/A    164593      G   /opt/ros/humble/lib/rviz2/rviz2                66MiB |
|    0   N/A  N/A    178735    C+G   ...ine/Engine/Binaries/Linux/UE4Editor       3570MiB |
+-----------------------------------------------------------------------------------------+
---------------------------------
[2024-10-30 15:02:51] GPU Memory change detected: 253 MB
Wed Oct 30 15:02:51 2024       
+-----------------------------------------------------------------------------------------+
| NVIDIA-SMI 550.54.15              Driver Version: 550.54.15      CUDA Version: 12.4     |
|-----------------------------------------+------------------------+----------------------+
| GPU  Name                 Persistence-M | Bus-Id          Disp.A | Volatile Uncorr. ECC |
| Fan  Temp   Perf          Pwr:Usage/Cap |           Memory-Usage | GPU-Util  Compute M. |
|                                         |                        |               MIG M. |
|=========================================+========================+======================|
|   0  NVIDIA GeForce RTX 3090        Off |   00000000:01:00.0  On |                  N/A |
| 30%   50C    P5             38W /  350W |    4403MiB /  24576MiB |     14%      Default |
|                                         |                        |                  N/A |
+-----------------------------------------+------------------------+----------------------+
                                                                                         
+-----------------------------------------------------------------------------------------+
| Processes:                                                                              |
|  GPU   GI   CI        PID   Type   Process name                              GPU Memory |
|        ID   ID                                                               Usage      |
|=========================================================================================|
|    0   N/A  N/A      1623      G   /usr/lib/xorg/Xorg                            249MiB |
|    0   N/A  N/A      2209      G   /usr/bin/gnome-shell                           64MiB |
|    0   N/A  N/A      6135      G   ...erProcess --variations-seed-version         46MiB |
|    0   N/A  N/A     10337      G   ...local/share/Steam/ubuntu12_32/steam          6MiB |
|    0   N/A  N/A     10898      G   ./steamwebhelper                                7MiB |
|    0   N/A  N/A    161013      G   ...ommon/SteamVR/bin/linux64/vrmonitor          8MiB |
|    0   N/A  N/A    161438    C+G   ./vrwebhelper                                  21MiB |
|    0   N/A  N/A    162326      G   ...bin/vrwebhelper/linux64/vrwebhelper         41MiB |
|    0   N/A  N/A    164593      G   /opt/ros/humble/lib/rviz2/rviz2                66MiB |
|    0   N/A  N/A    178735    C+G   ...ine/Engine/Binaries/Linux/UE4Editor       3798MiB |
+-----------------------------------------------------------------------------------------+
---------------------------------
[2024-10-30 15:02:53] GPU Memory change detected: 316 MB
Wed Oct 30 15:02:53 2024       
+-----------------------------------------------------------------------------------------+
| NVIDIA-SMI 550.54.15              Driver Version: 550.54.15      CUDA Version: 12.4     |
|-----------------------------------------+------------------------+----------------------+
| GPU  Name                 Persistence-M | Bus-Id          Disp.A | Volatile Uncorr. ECC |
| Fan  Temp   Perf          Pwr:Usage/Cap |           Memory-Usage | GPU-Util  Compute M. |
|                                         |                        |               MIG M. |
|=========================================+========================+======================|
|   0  NVIDIA GeForce RTX 3090        Off |   00000000:01:00.0  On |                  N/A |
| 30%   53C    P0            127W /  350W |    4707MiB /  24576MiB |     13%      Default |
|                                         |                        |                  N/A |
+-----------------------------------------+------------------------+----------------------+
                                                                                         
+-----------------------------------------------------------------------------------------+
| Processes:                                                                              |
|  GPU   GI   CI        PID   Type   Process name                              GPU Memory |
|        ID   ID                                                               Usage      |
|=========================================================================================|
|    0   N/A  N/A      1623      G   /usr/lib/xorg/Xorg                            249MiB |
|    0   N/A  N/A      2209      G   /usr/bin/gnome-shell                           64MiB |
|    0   N/A  N/A      6135      G   ...erProcess --variations-seed-version         46MiB |
|    0   N/A  N/A     10337      G   ...local/share/Steam/ubuntu12_32/steam          6MiB |
|    0   N/A  N/A     10898      G   ./steamwebhelper                                7MiB |
|    0   N/A  N/A    161013      G   ...ommon/SteamVR/bin/linux64/vrmonitor          8MiB |
|    0   N/A  N/A    161438    C+G   ./vrwebhelper                                  21MiB |
|    0   N/A  N/A    162326      G   ...bin/vrwebhelper/linux64/vrwebhelper         41MiB |
|    0   N/A  N/A    164593      G   /opt/ros/humble/lib/rviz2/rviz2                66MiB |
|    0   N/A  N/A    178735    C+G   ...ine/Engine/Binaries/Linux/UE4Editor       4101MiB |
+-----------------------------------------------------------------------------------------+
---------------------------------
[2024-10-30 15:02:55] GPU Memory change detected: 670 MB
Wed Oct 30 15:02:55 2024       
+-----------------------------------------------------------------------------------------+
| NVIDIA-SMI 550.54.15              Driver Version: 550.54.15      CUDA Version: 12.4     |
|-----------------------------------------+------------------------+----------------------+
| GPU  Name                 Persistence-M | Bus-Id          Disp.A | Volatile Uncorr. ECC |
| Fan  Temp   Perf          Pwr:Usage/Cap |           Memory-Usage | GPU-Util  Compute M. |
|                                         |                        |               MIG M. |
|=========================================+========================+======================|
|   0  NVIDIA GeForce RTX 3090        Off |   00000000:01:00.0  On |                  N/A |
| 30%   53C    P0            124W /  350W |    5374MiB /  24576MiB |      8%      Default |
|                                         |                        |                  N/A |
+-----------------------------------------+------------------------+----------------------+
                                                                                         
+-----------------------------------------------------------------------------------------+
| Processes:                                                                              |
|  GPU   GI   CI        PID   Type   Process name                              GPU Memory |
|        ID   ID                                                               Usage      |
|=========================================================================================|
|    0   N/A  N/A      1623      G   /usr/lib/xorg/Xorg                            269MiB |
|    0   N/A  N/A      2209      G   /usr/bin/gnome-shell                           64MiB |
|    0   N/A  N/A      6135      G   ...erProcess --variations-seed-version         46MiB |
|    0   N/A  N/A     10337      G   ...local/share/Steam/ubuntu12_32/steam          6MiB |
|    0   N/A  N/A     10898      G   ./steamwebhelper                                7MiB |
|    0   N/A  N/A    161013      G   ...ommon/SteamVR/bin/linux64/vrmonitor          8MiB |
|    0   N/A  N/A    161438    C+G   ./vrwebhelper                                  21MiB |
|    0   N/A  N/A    162326      G   ...bin/vrwebhelper/linux64/vrwebhelper         41MiB |
|    0   N/A  N/A    164593      G   /opt/ros/humble/lib/rviz2/rviz2                66MiB |
|    0   N/A  N/A    178735    C+G   ...ine/Engine/Binaries/Linux/UE4Editor       4743MiB |
+-----------------------------------------------------------------------------------------+
---------------------------------
[2024-10-30 15:02:55] GPU Memory change detected: 280 MB
Wed Oct 30 15:02:55 2024       
+-----------------------------------------------------------------------------------------+
| NVIDIA-SMI 550.54.15              Driver Version: 550.54.15      CUDA Version: 12.4     |
|-----------------------------------------+------------------------+----------------------+
| GPU  Name                 Persistence-M | Bus-Id          Disp.A | Volatile Uncorr. ECC |
| Fan  Temp   Perf          Pwr:Usage/Cap |           Memory-Usage | GPU-Util  Compute M. |
|                                         |                        |               MIG M. |
|=========================================+========================+======================|
|   0  NVIDIA GeForce RTX 3090        Off |   00000000:01:00.0  On |                  N/A |
| 30%   53C    P0            117W /  350W |    5654MiB /  24576MiB |      5%      Default |
|                                         |                        |                  N/A |
+-----------------------------------------+------------------------+----------------------+
                                                                                         
+-----------------------------------------------------------------------------------------+
| Processes:                                                                              |
|  GPU   GI   CI        PID   Type   Process name                              GPU Memory |
|        ID   ID                                                               Usage      |
|=========================================================================================|
|    0   N/A  N/A      1623      G   /usr/lib/xorg/Xorg                            269MiB |
|    0   N/A  N/A      2209      G   /usr/bin/gnome-shell                           64MiB |
|    0   N/A  N/A      6135      G   ...erProcess --variations-seed-version         46MiB |
|    0   N/A  N/A     10337      G   ...local/share/Steam/ubuntu12_32/steam          6MiB |
|    0   N/A  N/A     10898      G   ./steamwebhelper                                7MiB |
|    0   N/A  N/A    161013      G   ...ommon/SteamVR/bin/linux64/vrmonitor          8MiB |
|    0   N/A  N/A    161438    C+G   ./vrwebhelper                                  21MiB |
|    0   N/A  N/A    162326      G   ...bin/vrwebhelper/linux64/vrwebhelper         41MiB |
|    0   N/A  N/A    164593      G   /opt/ros/humble/lib/rviz2/rviz2                66MiB |
|    0   N/A  N/A    178735    C+G   ...ine/Engine/Binaries/Linux/UE4Editor       5023MiB |
+-----------------------------------------------------------------------------------------+
---------------------------------
[2024-10-30 15:03:08] GPU Memory change detected: 372 MB
Wed Oct 30 15:03:08 2024       
+-----------------------------------------------------------------------------------------+
| NVIDIA-SMI 550.54.15              Driver Version: 550.54.15      CUDA Version: 12.4     |
|-----------------------------------------+------------------------+----------------------+
| GPU  Name                 Persistence-M | Bus-Id          Disp.A | Volatile Uncorr. ECC |
| Fan  Temp   Perf          Pwr:Usage/Cap |           Memory-Usage | GPU-Util  Compute M. |
|                                         |                        |               MIG M. |
|=========================================+========================+======================|
|   0  NVIDIA GeForce RTX 3090        Off |   00000000:01:00.0  On |                  N/A |
| 30%   53C    P0            111W /  350W |    6224MiB /  24576MiB |     17%      Default |
|                                         |                        |                  N/A |
+-----------------------------------------+------------------------+----------------------+
                                                                                         
+-----------------------------------------------------------------------------------------+
| Processes:                                                                              |
|  GPU   GI   CI        PID   Type   Process name                              GPU Memory |
|        ID   ID                                                               Usage      |
|=========================================================================================|
|    0   N/A  N/A      1623      G   /usr/lib/xorg/Xorg                            276MiB |
|    0   N/A  N/A      2209      G   /usr/bin/gnome-shell                           86MiB |
|    0   N/A  N/A      6135      G   ...erProcess --variations-seed-version         46MiB |
|    0   N/A  N/A     10337      G   ...local/share/Steam/ubuntu12_32/steam          6MiB |
|    0   N/A  N/A     10898      G   ./steamwebhelper                                7MiB |
|    0   N/A  N/A    161013      G   ...ommon/SteamVR/bin/linux64/vrmonitor          8MiB |
|    0   N/A  N/A    161438    C+G   ./vrwebhelper                                  21MiB |
|    0   N/A  N/A    162326      G   ...bin/vrwebhelper/linux64/vrwebhelper         41MiB |
|    0   N/A  N/A    164593      G   /opt/ros/humble/lib/rviz2/rviz2                66MiB |
|    0   N/A  N/A    178735    C+G   ...ine/Engine/Binaries/Linux/UE4Editor       5583MiB |
+-----------------------------------------------------------------------------------------+
---------------------------------
[2024-10-30 15:03:30] GPU Memory change detected: 206 MB
Wed Oct 30 15:03:30 2024       
+-----------------------------------------------------------------------------------------+
| NVIDIA-SMI 550.54.15              Driver Version: 550.54.15      CUDA Version: 12.4     |
|-----------------------------------------+------------------------+----------------------+
| GPU  Name                 Persistence-M | Bus-Id          Disp.A | Volatile Uncorr. ECC |
| Fan  Temp   Perf          Pwr:Usage/Cap |           Memory-Usage | GPU-Util  Compute M. |
|                                         |                        |               MIG M. |
|=========================================+========================+======================|
|   0  NVIDIA GeForce RTX 3090        Off |   00000000:01:00.0  On |                  N/A |
| 30%   54C    P0            184W /  350W |    6232MiB /  24576MiB |     30%      Default |
|                                         |                        |                  N/A |
+-----------------------------------------+------------------------+----------------------+
                                                                                         
+-----------------------------------------------------------------------------------------+
| Processes:                                                                              |
|  GPU   GI   CI        PID   Type   Process name                              GPU Memory |
|        ID   ID                                                               Usage      |
|=========================================================================================|
|    0   N/A  N/A      1623      G   /usr/lib/xorg/Xorg                            363MiB |
|    0   N/A  N/A      2209      G   /usr/bin/gnome-shell                           82MiB |
|    0   N/A  N/A      6135      G   ...erProcess --variations-seed-version         46MiB |
|    0   N/A  N/A     10337      G   ...local/share/Steam/ubuntu12_32/steam          6MiB |
|    0   N/A  N/A     10898      G   ./steamwebhelper                                7MiB |
|    0   N/A  N/A    161013      G   ...ommon/SteamVR/bin/linux64/vrmonitor          8MiB |
|    0   N/A  N/A    161438    C+G   ./vrwebhelper                                  21MiB |
|    0   N/A  N/A    162326      G   ...bin/vrwebhelper/linux64/vrwebhelper         41MiB |
|    0   N/A  N/A    164593      G   /opt/ros/humble/lib/rviz2/rviz2                66MiB |
|    0   N/A  N/A    178735    C+G   ...ine/Engine/Binaries/Linux/UE4Editor       5472MiB |
|    0   N/A  N/A    187485      G   /opt/ros/humble/lib/rviz2/rviz2                13MiB |
+-----------------------------------------------------------------------------------------+
---------------------------------
[2024-10-30 15:03:34] GPU Memory change detected: 243 MB
Wed Oct 30 15:03:34 2024       
+-----------------------------------------------------------------------------------------+
| NVIDIA-SMI 550.54.15              Driver Version: 550.54.15      CUDA Version: 12.4     |
|-----------------------------------------+------------------------+----------------------+
| GPU  Name                 Persistence-M | Bus-Id          Disp.A | Volatile Uncorr. ECC |
| Fan  Temp   Perf          Pwr:Usage/Cap |           Memory-Usage | GPU-Util  Compute M. |
|                                         |                        |               MIG M. |
|=========================================+========================+======================|
|   0  NVIDIA GeForce RTX 3090        Off |   00000000:01:00.0  On |                  N/A |
| 30%   50C    P5             36W /  350W |    6479MiB /  24576MiB |     18%      Default |
|                                         |                        |                  N/A |
+-----------------------------------------+------------------------+----------------------+
                                                                                         
+-----------------------------------------------------------------------------------------+
| Processes:                                                                              |
|  GPU   GI   CI        PID   Type   Process name                              GPU Memory |
|        ID   ID                                                               Usage      |
|=========================================================================================|
|    0   N/A  N/A      1623      G   /usr/lib/xorg/Xorg                            363MiB |
|    0   N/A  N/A      2209      G   /usr/bin/gnome-shell                           82MiB |
|    0   N/A  N/A      6135      G   ...erProcess --variations-seed-version         46MiB |
|    0   N/A  N/A     10337      G   ...local/share/Steam/ubuntu12_32/steam          6MiB |
|    0   N/A  N/A     10898      G   ./steamwebhelper                                7MiB |
|    0   N/A  N/A    161013      G   ...ommon/SteamVR/bin/linux64/vrmonitor          8MiB |
|    0   N/A  N/A    161438    C+G   ./vrwebhelper                                  21MiB |
|    0   N/A  N/A    162326      G   ...bin/vrwebhelper/linux64/vrwebhelper         41MiB |
|    0   N/A  N/A    164593      G   /opt/ros/humble/lib/rviz2/rviz2                66MiB |
|    0   N/A  N/A    178735    C+G   ...ine/Engine/Binaries/Linux/UE4Editor       5721MiB |
|    0   N/A  N/A    187485      G   /opt/ros/humble/lib/rviz2/rviz2                12MiB |
+-----------------------------------------------------------------------------------------+
---------------------------------
[2024-10-30 15:03:36] GPU Memory change detected: 567 MB
Wed Oct 30 15:03:36 2024       
+-----------------------------------------------------------------------------------------+
| NVIDIA-SMI 550.54.15              Driver Version: 550.54.15      CUDA Version: 12.4     |
|-----------------------------------------+------------------------+----------------------+
| GPU  Name                 Persistence-M | Bus-Id          Disp.A | Volatile Uncorr. ECC |
| Fan  Temp   Perf          Pwr:Usage/Cap |           Memory-Usage | GPU-Util  Compute M. |
|                                         |                        |               MIG M. |
|=========================================+========================+======================|
|   0  NVIDIA GeForce RTX 3090        Off |   00000000:01:00.0  On |                  N/A |
| 30%   50C    P5             36W /  350W |    7042MiB /  24576MiB |     47%      Default |
|                                         |                        |                  N/A |
+-----------------------------------------+------------------------+----------------------+
                                                                                         
+-----------------------------------------------------------------------------------------+
| Processes:                                                                              |
|  GPU   GI   CI        PID   Type   Process name                              GPU Memory |
|        ID   ID                                                               Usage      |
|=========================================================================================|
|    0   N/A  N/A      1623      G   /usr/lib/xorg/Xorg                            363MiB |
|    0   N/A  N/A      2209      G   /usr/bin/gnome-shell                           82MiB |
|    0   N/A  N/A      6135      G   ...erProcess --variations-seed-version         46MiB |
|    0   N/A  N/A     10337      G   ...local/share/Steam/ubuntu12_32/steam          6MiB |
|    0   N/A  N/A     10898      G   ./steamwebhelper                                7MiB |
|    0   N/A  N/A    161013      G   ...ommon/SteamVR/bin/linux64/vrmonitor          8MiB |
|    0   N/A  N/A    161438    C+G   ./vrwebhelper                                  21MiB |
|    0   N/A  N/A    162326      G   ...bin/vrwebhelper/linux64/vrwebhelper         41MiB |
|    0   N/A  N/A    164593      G   /opt/ros/humble/lib/rviz2/rviz2                66MiB |
|    0   N/A  N/A    178735    C+G   ...ine/Engine/Binaries/Linux/UE4Editor       6284MiB |
|    0   N/A  N/A    187485      G   /opt/ros/humble/lib/rviz2/rviz2                12MiB |
+-----------------------------------------------------------------------------------------+
---------------------------------
[2024-10-30 15:03:39] GPU Memory change detected: 277 MB
Wed Oct 30 15:03:39 2024       
+-----------------------------------------------------------------------------------------+
| NVIDIA-SMI 550.54.15              Driver Version: 550.54.15      CUDA Version: 12.4     |
|-----------------------------------------+------------------------+----------------------+
| GPU  Name                 Persistence-M | Bus-Id          Disp.A | Volatile Uncorr. ECC |
| Fan  Temp   Perf          Pwr:Usage/Cap |           Memory-Usage | GPU-Util  Compute M. |
|                                         |                        |               MIG M. |
|=========================================+========================+======================|
|   0  NVIDIA GeForce RTX 3090        Off |   00000000:01:00.0  On |                  N/A |
| 30%   50C    P5             37W /  350W |    7319MiB /  24576MiB |     43%      Default |
|                                         |                        |                  N/A |
+-----------------------------------------+------------------------+----------------------+
                                                                                         
+-----------------------------------------------------------------------------------------+
| Processes:                                                                              |
|  GPU   GI   CI        PID   Type   Process name                              GPU Memory |
|        ID   ID                                                               Usage      |
|=========================================================================================|
|    0   N/A  N/A      1623      G   /usr/lib/xorg/Xorg                            363MiB |
|    0   N/A  N/A      2209      G   /usr/bin/gnome-shell                           82MiB |
|    0   N/A  N/A      6135      G   ...erProcess --variations-seed-version         46MiB |
|    0   N/A  N/A     10337      G   ...local/share/Steam/ubuntu12_32/steam          6MiB |
|    0   N/A  N/A     10898      G   ./steamwebhelper                                7MiB |
|    0   N/A  N/A    161013      G   ...ommon/SteamVR/bin/linux64/vrmonitor          8MiB |
|    0   N/A  N/A    161438    C+G   ./vrwebhelper                                  21MiB |
|    0   N/A  N/A    162326      G   ...bin/vrwebhelper/linux64/vrwebhelper         41MiB |
|    0   N/A  N/A    164593      G   /opt/ros/humble/lib/rviz2/rviz2                66MiB |
|    0   N/A  N/A    178735    C+G   ...ine/Engine/Binaries/Linux/UE4Editor       6560MiB |
|    0   N/A  N/A    187485      G   /opt/ros/humble/lib/rviz2/rviz2                12MiB |
+-----------------------------------------------------------------------------------------+
---------------------------------
[2024-10-30 15:03:44] GPU Memory change detected: 204 MB
Wed Oct 30 15:03:44 2024       
+-----------------------------------------------------------------------------------------+
| NVIDIA-SMI 550.54.15              Driver Version: 550.54.15      CUDA Version: 12.4     |
|-----------------------------------------+------------------------+----------------------+
| GPU  Name                 Persistence-M | Bus-Id          Disp.A | Volatile Uncorr. ECC |
| Fan  Temp   Perf          Pwr:Usage/Cap |           Memory-Usage | GPU-Util  Compute M. |
|                                         |                        |               MIG M. |
|=========================================+========================+======================|
|   0  NVIDIA GeForce RTX 3090        Off |   00000000:01:00.0  On |                  N/A |
| 30%   49C    P5             36W /  350W |    7523MiB /  24576MiB |     27%      Default |
|                                         |                        |                  N/A |
+-----------------------------------------+------------------------+----------------------+
                                                                                         
+-----------------------------------------------------------------------------------------+
| Processes:                                                                              |
|  GPU   GI   CI        PID   Type   Process name                              GPU Memory |
|        ID   ID                                                               Usage      |
|=========================================================================================|
|    0   N/A  N/A      1623      G   /usr/lib/xorg/Xorg                            363MiB |
|    0   N/A  N/A      2209      G   /usr/bin/gnome-shell                           82MiB |
|    0   N/A  N/A      6135      G   ...erProcess --variations-seed-version         46MiB |
|    0   N/A  N/A     10337      G   ...local/share/Steam/ubuntu12_32/steam          6MiB |
|    0   N/A  N/A     10898      G   ./steamwebhelper                                7MiB |
|    0   N/A  N/A    161013      G   ...ommon/SteamVR/bin/linux64/vrmonitor          8MiB |
|    0   N/A  N/A    161438    C+G   ./vrwebhelper                                  21MiB |
|    0   N/A  N/A    162326      G   ...bin/vrwebhelper/linux64/vrwebhelper         41MiB |
|    0   N/A  N/A    164593      G   /opt/ros/humble/lib/rviz2/rviz2                66MiB |
|    0   N/A  N/A    178735    C+G   ...ine/Engine/Binaries/Linux/UE4Editor       6765MiB |
|    0   N/A  N/A    187485      G   /opt/ros/humble/lib/rviz2/rviz2                12MiB |
+-----------------------------------------------------------------------------------------+
---------------------------------
[2024-10-30 15:03:54] GPU Memory change detected: 330 MB
Wed Oct 30 15:03:54 2024       
+-----------------------------------------------------------------------------------------+
| NVIDIA-SMI 550.54.15              Driver Version: 550.54.15      CUDA Version: 12.4     |
|-----------------------------------------+------------------------+----------------------+
| GPU  Name                 Persistence-M | Bus-Id          Disp.A | Volatile Uncorr. ECC |
| Fan  Temp   Perf          Pwr:Usage/Cap |           Memory-Usage | GPU-Util  Compute M. |
|                                         |                        |               MIG M. |
|=========================================+========================+======================|
|   0  NVIDIA GeForce RTX 3090        Off |   00000000:01:00.0  On |                  N/A |
| 30%   52C    P0             85W /  350W |    7811MiB /  24576MiB |      3%      Default |
|                                         |                        |                  N/A |
+-----------------------------------------+------------------------+----------------------+
                                                                                         
+-----------------------------------------------------------------------------------------+
| Processes:                                                                              |
|  GPU   GI   CI        PID   Type   Process name                              GPU Memory |
|        ID   ID                                                               Usage      |
|=========================================================================================|
|    0   N/A  N/A      1623      G   /usr/lib/xorg/Xorg                            453MiB |
|    0   N/A  N/A      2209      G   /usr/bin/gnome-shell                           90MiB |
|    0   N/A  N/A      6135      G   ...erProcess --variations-seed-version         45MiB |
|    0   N/A  N/A     10337      G   ...local/share/Steam/ubuntu12_32/steam          6MiB |
|    0   N/A  N/A     10898      G   ./steamwebhelper                                7MiB |
|    0   N/A  N/A    161013      G   ...ommon/SteamVR/bin/linux64/vrmonitor          8MiB |
|    0   N/A  N/A    161438    C+G   ./vrwebhelper                                  21MiB |
|    0   N/A  N/A    162326      G   ...bin/vrwebhelper/linux64/vrwebhelper         41MiB |
|    0   N/A  N/A    164593      G   /opt/ros/humble/lib/rviz2/rviz2                66MiB |
|    0   N/A  N/A    178735    C+G   ...ine/Engine/Binaries/Linux/UE4Editor       6885MiB |
|    0   N/A  N/A    187485      G   /opt/ros/humble/lib/rviz2/rviz2                66MiB |
|    0   N/A  N/A    192524      G   /opt/ros/humble/lib/rviz2/rviz2                14MiB |
+-----------------------------------------------------------------------------------------+
---------------------------------
[2024-10-30 15:03:56] GPU Memory change detected: 531 MB
Wed Oct 30 15:03:56 2024       
+-----------------------------------------------------------------------------------------+
| NVIDIA-SMI 550.54.15              Driver Version: 550.54.15      CUDA Version: 12.4     |
|-----------------------------------------+------------------------+----------------------+
| GPU  Name                 Persistence-M | Bus-Id          Disp.A | Volatile Uncorr. ECC |
| Fan  Temp   Perf          Pwr:Usage/Cap |           Memory-Usage | GPU-Util  Compute M. |
|                                         |                        |               MIG M. |
|=========================================+========================+======================|
|   0  NVIDIA GeForce RTX 3090        Off |   00000000:01:00.0  On |                  N/A |
| 30%   52C    P0            112W /  350W |    8384MiB /  24576MiB |     16%      Default |
|                                         |                        |                  N/A |
+-----------------------------------------+------------------------+----------------------+
                                                                                         
+-----------------------------------------------------------------------------------------+
| Processes:                                                                              |
|  GPU   GI   CI        PID   Type   Process name                              GPU Memory |
|        ID   ID                                                               Usage      |
|=========================================================================================|
|    0   N/A  N/A      1623      G   /usr/lib/xorg/Xorg                            390MiB |
|    0   N/A  N/A      2209      G   /usr/bin/gnome-shell                           86MiB |
|    0   N/A  N/A      6135      G   ...erProcess --variations-seed-version         45MiB |
|    0   N/A  N/A     10337      G   ...local/share/Steam/ubuntu12_32/steam          6MiB |
|    0   N/A  N/A     10898      G   ./steamwebhelper                                7MiB |
|    0   N/A  N/A    161013      G   ...ommon/SteamVR/bin/linux64/vrmonitor          8MiB |
|    0   N/A  N/A    161438    C+G   ./vrwebhelper                                  21MiB |
|    0   N/A  N/A    162326      G   ...bin/vrwebhelper/linux64/vrwebhelper         41MiB |
|    0   N/A  N/A    164593      G   /opt/ros/humble/lib/rviz2/rviz2                66MiB |
|    0   N/A  N/A    178735    C+G   ...ine/Engine/Binaries/Linux/UE4Editor       7524MiB |
|    0   N/A  N/A    187485      G   /opt/ros/humble/lib/rviz2/rviz2                66MiB |
|    0   N/A  N/A    192524      G   /opt/ros/humble/lib/rviz2/rviz2                13MiB |
+-----------------------------------------------------------------------------------------+
---------------------------------
[2024-10-30 15:03:57] GPU Memory change detected: 235 MB
Wed Oct 30 15:03:57 2024       
+-----------------------------------------------------------------------------------------+
| NVIDIA-SMI 550.54.15              Driver Version: 550.54.15      CUDA Version: 12.4     |
|-----------------------------------------+------------------------+----------------------+
| GPU  Name                 Persistence-M | Bus-Id          Disp.A | Volatile Uncorr. ECC |
| Fan  Temp   Perf          Pwr:Usage/Cap |           Memory-Usage | GPU-Util  Compute M. |
|                                         |                        |               MIG M. |
|=========================================+========================+======================|
|   0  NVIDIA GeForce RTX 3090        Off |   00000000:01:00.0  On |                  N/A |
| 30%   51C    P3             88W /  350W |    8619MiB /  24576MiB |     54%      Default |
|                                         |                        |                  N/A |
+-----------------------------------------+------------------------+----------------------+
                                                                                         
+-----------------------------------------------------------------------------------------+
| Processes:                                                                              |
|  GPU   GI   CI        PID   Type   Process name                              GPU Memory |
|        ID   ID                                                               Usage      |
|=========================================================================================|
|    0   N/A  N/A      1623      G   /usr/lib/xorg/Xorg                            390MiB |
|    0   N/A  N/A      2209      G   /usr/bin/gnome-shell                           87MiB |
|    0   N/A  N/A      6135      G   ...erProcess --variations-seed-version         46MiB |
|    0   N/A  N/A     10337      G   ...local/share/Steam/ubuntu12_32/steam          6MiB |
|    0   N/A  N/A     10898      G   ./steamwebhelper                                7MiB |
|    0   N/A  N/A    161013      G   ...ommon/SteamVR/bin/linux64/vrmonitor          8MiB |
|    0   N/A  N/A    161438    C+G   ./vrwebhelper                                  21MiB |
|    0   N/A  N/A    162326      G   ...bin/vrwebhelper/linux64/vrwebhelper         41MiB |
|    0   N/A  N/A    164593      G   /opt/ros/humble/lib/rviz2/rviz2                66MiB |
|    0   N/A  N/A    178735    C+G   ...ine/Engine/Binaries/Linux/UE4Editor       7758MiB |
|    0   N/A  N/A    187485      G   /opt/ros/humble/lib/rviz2/rviz2                66MiB |
|    0   N/A  N/A    192524      G   /opt/ros/humble/lib/rviz2/rviz2                13MiB |
+-----------------------------------------------------------------------------------------+
---------------------------------
[2024-10-30 15:03:57] GPU Memory change detected: -673 MB
Wed Oct 30 15:03:57 2024       
+-----------------------------------------------------------------------------------------+
| NVIDIA-SMI 550.54.15              Driver Version: 550.54.15      CUDA Version: 12.4     |
|-----------------------------------------+------------------------+----------------------+
| GPU  Name                 Persistence-M | Bus-Id          Disp.A | Volatile Uncorr. ECC |
| Fan  Temp   Perf          Pwr:Usage/Cap |           Memory-Usage | GPU-Util  Compute M. |
|                                         |                        |               MIG M. |
|=========================================+========================+======================|
|   0  NVIDIA GeForce RTX 3090        Off |   00000000:01:00.0  On |                  N/A |
| 30%   51C    P3             76W /  350W |    7820MiB /  24576MiB |     22%      Default |
|                                         |                        |                  N/A |
+-----------------------------------------+------------------------+----------------------+
                                                                                         
+-----------------------------------------------------------------------------------------+
| Processes:                                                                              |
|  GPU   GI   CI        PID   Type   Process name                              GPU Memory |
|        ID   ID                                                               Usage      |
|=========================================================================================|
|    0   N/A  N/A      1623      G   /usr/lib/xorg/Xorg                            390MiB |
|    0   N/A  N/A      2209      G   /usr/bin/gnome-shell                           87MiB |
|    0   N/A  N/A      6135      G   ...erProcess --variations-seed-version         46MiB |
|    0   N/A  N/A     10337      G   ...local/share/Steam/ubuntu12_32/steam          6MiB |
|    0   N/A  N/A     10898      G   ./steamwebhelper                                7MiB |
|    0   N/A  N/A    161013      G   ...ommon/SteamVR/bin/linux64/vrmonitor          8MiB |
|    0   N/A  N/A    161438    C+G   ./vrwebhelper                                  21MiB |
|    0   N/A  N/A    162326      G   ...bin/vrwebhelper/linux64/vrwebhelper         41MiB |
|    0   N/A  N/A    164593      G   /opt/ros/humble/lib/rviz2/rviz2                66MiB |
|    0   N/A  N/A    178735    C+G   ...ine/Engine/Binaries/Linux/UE4Editor       6960MiB |
|    0   N/A  N/A    187485      G   /opt/ros/humble/lib/rviz2/rviz2                66MiB |
|    0   N/A  N/A    192524      G   /opt/ros/humble/lib/rviz2/rviz2                13MiB |
+-----------------------------------------------------------------------------------------+
---------------------------------
[2024-10-30 15:04:29] GPU Memory change detected: 266 MB
Wed Oct 30 15:04:29 2024       
+-----------------------------------------------------------------------------------------+
| NVIDIA-SMI 550.54.15              Driver Version: 550.54.15      CUDA Version: 12.4     |
|-----------------------------------------+------------------------+----------------------+
| GPU  Name                 Persistence-M | Bus-Id          Disp.A | Volatile Uncorr. ECC |
| Fan  Temp   Perf          Pwr:Usage/Cap |           Memory-Usage | GPU-Util  Compute M. |
|                                         |                        |               MIG M. |
|=========================================+========================+======================|
|   0  NVIDIA GeForce RTX 3090        Off |   00000000:01:00.0  On |                  N/A |
| 45%   66C    P0            245W /  350W |    8284MiB /  24576MiB |     29%      Default |
|                                         |                        |                  N/A |
+-----------------------------------------+------------------------+----------------------+
                                                                                         
+-----------------------------------------------------------------------------------------+
| Processes:                                                                              |
|  GPU   GI   CI        PID   Type   Process name                              GPU Memory |
|        ID   ID                                                               Usage      |
|=========================================================================================|
|    0   N/A  N/A      1623      G   /usr/lib/xorg/Xorg                            395MiB |
|    0   N/A  N/A      2209      G   /usr/bin/gnome-shell                           89MiB |
|    0   N/A  N/A      6135      G   ...erProcess --variations-seed-version         46MiB |
|    0   N/A  N/A     10337      G   ...local/share/Steam/ubuntu12_32/steam          6MiB |
|    0   N/A  N/A     10898      G   ./steamwebhelper                                7MiB |
|    0   N/A  N/A    161013      G   ...ommon/SteamVR/bin/linux64/vrmonitor          8MiB |
|    0   N/A  N/A    161438    C+G   ./vrwebhelper                                  21MiB |
|    0   N/A  N/A    162326      G   ...bin/vrwebhelper/linux64/vrwebhelper         41MiB |
|    0   N/A  N/A    164593      G   /opt/ros/humble/lib/rviz2/rviz2                66MiB |
|    0   N/A  N/A    178735    C+G   ...ine/Engine/Binaries/Linux/UE4Editor       7411MiB |
|    0   N/A  N/A    187485      G   /opt/ros/humble/lib/rviz2/rviz2                66MiB |
|    0   N/A  N/A    192524      G   /opt/ros/humble/lib/rviz2/rviz2                12MiB |
|    0   N/A  N/A    198953      G   python3                                         5MiB |
+-----------------------------------------------------------------------------------------+
---------------------------------
[2024-10-30 15:05:03] GPU Memory change detected: 245 MB
Wed Oct 30 15:05:03 2024       
+-----------------------------------------------------------------------------------------+
| NVIDIA-SMI 550.54.15              Driver Version: 550.54.15      CUDA Version: 12.4     |
|-----------------------------------------+------------------------+----------------------+
| GPU  Name                 Persistence-M | Bus-Id          Disp.A | Volatile Uncorr. ECC |
| Fan  Temp   Perf          Pwr:Usage/Cap |           Memory-Usage | GPU-Util  Compute M. |
|                                         |                        |               MIG M. |
|=========================================+========================+======================|
|   0  NVIDIA GeForce RTX 3090        Off |   00000000:01:00.0  On |                  N/A |
| 47%   67C    P2            201W /  350W |    8466MiB /  24576MiB |     31%      Default |
|                                         |                        |                  N/A |
+-----------------------------------------+------------------------+----------------------+
                                                                                         
+-----------------------------------------------------------------------------------------+
| Processes:                                                                              |
|  GPU   GI   CI        PID   Type   Process name                              GPU Memory |
|        ID   ID                                                               Usage      |
|=========================================================================================|
|    0   N/A  N/A      1623      G   /usr/lib/xorg/Xorg                            399MiB |
|    0   N/A  N/A      2209      G   /usr/bin/gnome-shell                           90MiB |
|    0   N/A  N/A      6135      G   ...erProcess --variations-seed-version         47MiB |
|    0   N/A  N/A     10337      G   ...local/share/Steam/ubuntu12_32/steam          6MiB |
|    0   N/A  N/A     10898      G   ./steamwebhelper                                7MiB |
|    0   N/A  N/A    161013      G   ...ommon/SteamVR/bin/linux64/vrmonitor          8MiB |
|    0   N/A  N/A    161438    C+G   ./vrwebhelper                                  21MiB |
|    0   N/A  N/A    162326      G   ...bin/vrwebhelper/linux64/vrwebhelper         41MiB |
|    0   N/A  N/A    164593      G   /opt/ros/humble/lib/rviz2/rviz2                66MiB |
|    0   N/A  N/A    178735    C+G   ...ine/Engine/Binaries/Linux/UE4Editor       7293MiB |
|    0   N/A  N/A    187485      G   /opt/ros/humble/lib/rviz2/rviz2                66MiB |
|    0   N/A  N/A    192524      G   /opt/ros/humble/lib/rviz2/rviz2                37MiB |
|    0   N/A  N/A    198953      G   python3                                         5MiB |
|    0   N/A  N/A    206181      C   ..._centerpoint/lidar_centerpoint_node        262MiB |
+-----------------------------------------------------------------------------------------+
---------------------------------
[2024-10-30 15:05:05] GPU Memory change detected: 410 MB
Wed Oct 30 15:05:05 2024       
+-----------------------------------------------------------------------------------------+
| NVIDIA-SMI 550.54.15              Driver Version: 550.54.15      CUDA Version: 12.4     |
|-----------------------------------------+------------------------+----------------------+
| GPU  Name                 Persistence-M | Bus-Id          Disp.A | Volatile Uncorr. ECC |
| Fan  Temp   Perf          Pwr:Usage/Cap |           Memory-Usage | GPU-Util  Compute M. |
|                                         |                        |               MIG M. |
|=========================================+========================+======================|
|   0  NVIDIA GeForce RTX 3090        Off |   00000000:01:00.0  On |                  N/A |
| 47%   67C    P2            189W /  350W |    8875MiB /  24576MiB |     47%      Default |
|                                         |                        |                  N/A |
+-----------------------------------------+------------------------+----------------------+
                                                                                         
+-----------------------------------------------------------------------------------------+
| Processes:                                                                              |
|  GPU   GI   CI        PID   Type   Process name                              GPU Memory |
|        ID   ID                                                               Usage      |
|=========================================================================================|
|    0   N/A  N/A      1623      G   /usr/lib/xorg/Xorg                            399MiB |
|    0   N/A  N/A      2209      G   /usr/bin/gnome-shell                           90MiB |
|    0   N/A  N/A      6135      G   ...erProcess --variations-seed-version         47MiB |
|    0   N/A  N/A     10337      G   ...local/share/Steam/ubuntu12_32/steam          6MiB |
|    0   N/A  N/A     10898      G   ./steamwebhelper                                7MiB |
|    0   N/A  N/A    161013      G   ...ommon/SteamVR/bin/linux64/vrmonitor          8MiB |
|    0   N/A  N/A    161438    C+G   ./vrwebhelper                                  21MiB |
|    0   N/A  N/A    162326      G   ...bin/vrwebhelper/linux64/vrwebhelper         41MiB |
|    0   N/A  N/A    164593      G   /opt/ros/humble/lib/rviz2/rviz2                66MiB |
|    0   N/A  N/A    178735    C+G   ...ine/Engine/Binaries/Linux/UE4Editor       7293MiB |
|    0   N/A  N/A    187485      G   /opt/ros/humble/lib/rviz2/rviz2                66MiB |
|    0   N/A  N/A    192524      G   /opt/ros/humble/lib/rviz2/rviz2                37MiB |
|    0   N/A  N/A    198953      G   python3                                         5MiB |
|    0   N/A  N/A    206181      C   ..._centerpoint/lidar_centerpoint_node        402MiB |
|    0   N/A  N/A    206378      C   ...p_components/component_container_mt        266MiB |
+-----------------------------------------------------------------------------------------+
---------------------------------
[2024-10-30 15:05:06] GPU Memory change detected: 204 MB
Wed Oct 30 15:05:06 2024       
+-----------------------------------------------------------------------------------------+
| NVIDIA-SMI 550.54.15              Driver Version: 550.54.15      CUDA Version: 12.4     |
|-----------------------------------------+------------------------+----------------------+
| GPU  Name                 Persistence-M | Bus-Id          Disp.A | Volatile Uncorr. ECC |
| Fan  Temp   Perf          Pwr:Usage/Cap |           Memory-Usage | GPU-Util  Compute M. |
|                                         |                        |               MIG M. |
|=========================================+========================+======================|
|   0  NVIDIA GeForce RTX 3090        Off |   00000000:01:00.0  On |                  N/A |
| 47%   67C    P2            195W /  350W |    9081MiB /  24576MiB |     56%      Default |
|                                         |                        |                  N/A |
+-----------------------------------------+------------------------+----------------------+
                                                                                         
+-----------------------------------------------------------------------------------------+
| Processes:                                                                              |
|  GPU   GI   CI        PID   Type   Process name                              GPU Memory |
|        ID   ID                                                               Usage      |
|=========================================================================================|
|    0   N/A  N/A      1623      G   /usr/lib/xorg/Xorg                            399MiB |
|    0   N/A  N/A      2209      G   /usr/bin/gnome-shell                           90MiB |
|    0   N/A  N/A      6135      G   ...erProcess --variations-seed-version         47MiB |
|    0   N/A  N/A     10337      G   ...local/share/Steam/ubuntu12_32/steam          6MiB |
|    0   N/A  N/A     10898      G   ./steamwebhelper                                7MiB |
|    0   N/A  N/A    161013      G   ...ommon/SteamVR/bin/linux64/vrmonitor          8MiB |
|    0   N/A  N/A    161438    C+G   ./vrwebhelper                                  21MiB |
|    0   N/A  N/A    162326      G   ...bin/vrwebhelper/linux64/vrwebhelper         41MiB |
|    0   N/A  N/A    164593      G   /opt/ros/humble/lib/rviz2/rviz2                66MiB |
|    0   N/A  N/A    178735    C+G   ...ine/Engine/Binaries/Linux/UE4Editor       7293MiB |
|    0   N/A  N/A    187485      G   /opt/ros/humble/lib/rviz2/rviz2                66MiB |
|    0   N/A  N/A    192524      G   /opt/ros/humble/lib/rviz2/rviz2                37MiB |
|    0   N/A  N/A    198953      G   python3                                         5MiB |
|    0   N/A  N/A    206181      C   ..._centerpoint/lidar_centerpoint_node        460MiB |
|    0   N/A  N/A    206378      C   ...p_components/component_container_mt        414MiB |
+-----------------------------------------------------------------------------------------+
---------------------------------
[2024-10-30 15:05:07] GPU Memory change detected: 206 MB
Wed Oct 30 15:05:07 2024       
+-----------------------------------------------------------------------------------------+
| NVIDIA-SMI 550.54.15              Driver Version: 550.54.15      CUDA Version: 12.4     |
|-----------------------------------------+------------------------+----------------------+
| GPU  Name                 Persistence-M | Bus-Id          Disp.A | Volatile Uncorr. ECC |
| Fan  Temp   Perf          Pwr:Usage/Cap |           Memory-Usage | GPU-Util  Compute M. |
|                                         |                        |               MIG M. |
|=========================================+========================+======================|
|   0  NVIDIA GeForce RTX 3090        Off |   00000000:01:00.0  On |                  N/A |
| 47%   68C    P2            213W /  350W |    9287MiB /  24576MiB |     76%      Default |
|                                         |                        |                  N/A |
+-----------------------------------------+------------------------+----------------------+
                                                                                         
+-----------------------------------------------------------------------------------------+
| Processes:                                                                              |
|  GPU   GI   CI        PID   Type   Process name                              GPU Memory |
|        ID   ID                                                               Usage      |
|=========================================================================================|
|    0   N/A  N/A      1623      G   /usr/lib/xorg/Xorg                            399MiB |
|    0   N/A  N/A      2209      G   /usr/bin/gnome-shell                           90MiB |
|    0   N/A  N/A      6135      G   ...erProcess --variations-seed-version         47MiB |
|    0   N/A  N/A     10337      G   ...local/share/Steam/ubuntu12_32/steam          6MiB |
|    0   N/A  N/A     10898      G   ./steamwebhelper                                7MiB |
|    0   N/A  N/A    161013      G   ...ommon/SteamVR/bin/linux64/vrmonitor          8MiB |
|    0   N/A  N/A    161438    C+G   ./vrwebhelper                                  21MiB |
|    0   N/A  N/A    162326      G   ...bin/vrwebhelper/linux64/vrwebhelper         41MiB |
|    0   N/A  N/A    164593      G   /opt/ros/humble/lib/rviz2/rviz2                66MiB |
|    0   N/A  N/A    178735    C+G   ...ine/Engine/Binaries/Linux/UE4Editor       7293MiB |
|    0   N/A  N/A    187485      G   /opt/ros/humble/lib/rviz2/rviz2                66MiB |
|    0   N/A  N/A    192524      G   /opt/ros/humble/lib/rviz2/rviz2                37MiB |
|    0   N/A  N/A    198953      G   python3                                         5MiB |
|    0   N/A  N/A    206181      C   ..._centerpoint/lidar_centerpoint_node        628MiB |
|    0   N/A  N/A    206378      C   ...p_components/component_container_mt        454MiB |
+-----------------------------------------------------------------------------------------+
---------------------------------
[2024-10-30 15:05:07] GPU Memory change detected: 220 MB
Wed Oct 30 15:05:07 2024       
+-----------------------------------------------------------------------------------------+
| NVIDIA-SMI 550.54.15              Driver Version: 550.54.15      CUDA Version: 12.4     |
|-----------------------------------------+------------------------+----------------------+
| GPU  Name                 Persistence-M | Bus-Id          Disp.A | Volatile Uncorr. ECC |
| Fan  Temp   Perf          Pwr:Usage/Cap |           Memory-Usage | GPU-Util  Compute M. |
|                                         |                        |               MIG M. |
|=========================================+========================+======================|
|   0  NVIDIA GeForce RTX 3090        Off |   00000000:01:00.0  On |                  N/A |
| 47%   68C    P2            224W /  350W |    9501MiB /  24576MiB |     83%      Default |
|                                         |                        |                  N/A |
+-----------------------------------------+------------------------+----------------------+
                                                                                         
+-----------------------------------------------------------------------------------------+
| Processes:                                                                              |
|  GPU   GI   CI        PID   Type   Process name                              GPU Memory |
|        ID   ID                                                               Usage      |
|=========================================================================================|
|    0   N/A  N/A      1623      G   /usr/lib/xorg/Xorg                            399MiB |
|    0   N/A  N/A      2209      G   /usr/bin/gnome-shell                           90MiB |
|    0   N/A  N/A      6135      G   ...erProcess --variations-seed-version         47MiB |
|    0   N/A  N/A     10337      G   ...local/share/Steam/ubuntu12_32/steam          6MiB |
|    0   N/A  N/A     10898      G   ./steamwebhelper                                7MiB |
|    0   N/A  N/A    161013      G   ...ommon/SteamVR/bin/linux64/vrmonitor          8MiB |
|    0   N/A  N/A    161438    C+G   ./vrwebhelper                                  21MiB |
|    0   N/A  N/A    162326      G   ...bin/vrwebhelper/linux64/vrwebhelper         41MiB |
|    0   N/A  N/A    164593      G   /opt/ros/humble/lib/rviz2/rviz2                66MiB |
|    0   N/A  N/A    178735    C+G   ...ine/Engine/Binaries/Linux/UE4Editor       7293MiB |
|    0   N/A  N/A    187485      G   /opt/ros/humble/lib/rviz2/rviz2                66MiB |
|    0   N/A  N/A    192524      G   /opt/ros/humble/lib/rviz2/rviz2                37MiB |
|    0   N/A  N/A    198953      G   python3                                         5MiB |
|    0   N/A  N/A    206181      C   ..._centerpoint/lidar_centerpoint_node        774MiB |
|    0   N/A  N/A    206378      C   ...p_components/component_container_mt        522MiB |
+-----------------------------------------------------------------------------------------+
---------------------------------
[2024-10-30 15:05:08] GPU Memory change detected: 338 MB
Wed Oct 30 15:05:08 2024       
+-----------------------------------------------------------------------------------------+
| NVIDIA-SMI 550.54.15              Driver Version: 550.54.15      CUDA Version: 12.4     |
|-----------------------------------------+------------------------+----------------------+
| GPU  Name                 Persistence-M | Bus-Id          Disp.A | Volatile Uncorr. ECC |
| Fan  Temp   Perf          Pwr:Usage/Cap |           Memory-Usage | GPU-Util  Compute M. |
|                                         |                        |               MIG M. |
|=========================================+========================+======================|
|   0  NVIDIA GeForce RTX 3090        Off |   00000000:01:00.0  On |                  N/A |
| 47%   68C    P2            224W /  350W |    9835MiB /  24576MiB |     64%      Default |
|                                         |                        |                  N/A |
+-----------------------------------------+------------------------+----------------------+
                                                                                         
+-----------------------------------------------------------------------------------------+
| Processes:                                                                              |
|  GPU   GI   CI        PID   Type   Process name                              GPU Memory |
|        ID   ID                                                               Usage      |
|=========================================================================================|
|    0   N/A  N/A      1623      G   /usr/lib/xorg/Xorg                            399MiB |
|    0   N/A  N/A      2209      G   /usr/bin/gnome-shell                           90MiB |
|    0   N/A  N/A      6135      G   ...erProcess --variations-seed-version         47MiB |
|    0   N/A  N/A     10337      G   ...local/share/Steam/ubuntu12_32/steam          6MiB |
|    0   N/A  N/A     10898      G   ./steamwebhelper                                7MiB |
|    0   N/A  N/A    161013      G   ...ommon/SteamVR/bin/linux64/vrmonitor          8MiB |
|    0   N/A  N/A    161438    C+G   ./vrwebhelper                                  21MiB |
|    0   N/A  N/A    162326      G   ...bin/vrwebhelper/linux64/vrwebhelper         41MiB |
|    0   N/A  N/A    164593      G   /opt/ros/humble/lib/rviz2/rviz2                66MiB |
|    0   N/A  N/A    178735    C+G   ...ine/Engine/Binaries/Linux/UE4Editor       7293MiB |
|    0   N/A  N/A    187485      G   /opt/ros/humble/lib/rviz2/rviz2                66MiB |
|    0   N/A  N/A    192524      G   /opt/ros/humble/lib/rviz2/rviz2                37MiB |
|    0   N/A  N/A    198953      G   python3                                         5MiB |
|    0   N/A  N/A    206181      C   ..._centerpoint/lidar_centerpoint_node       1190MiB |
|    0   N/A  N/A    206378      C   ...p_components/component_container_mt        438MiB |
+-----------------------------------------------------------------------------------------+
---------------------------------
[2024-10-30 15:05:23] GPU Memory change detected: 255 MB
Wed Oct 30 15:05:23 2024       
+-----------------------------------------------------------------------------------------+
| NVIDIA-SMI 550.54.15              Driver Version: 550.54.15      CUDA Version: 12.4     |
|-----------------------------------------+------------------------+----------------------+
| GPU  Name                 Persistence-M | Bus-Id          Disp.A | Volatile Uncorr. ECC |
| Fan  Temp   Perf          Pwr:Usage/Cap |           Memory-Usage | GPU-Util  Compute M. |
|                                         |                        |               MIG M. |
|=========================================+========================+======================|
|   0  NVIDIA GeForce RTX 3090        Off |   00000000:01:00.0  On |                  N/A |
| 48%   69C    P2            220W /  350W |   10090MiB /  24576MiB |     50%      Default |
|                                         |                        |                  N/A |
+-----------------------------------------+------------------------+----------------------+
                                                                                         
+-----------------------------------------------------------------------------------------+
| Processes:                                                                              |
|  GPU   GI   CI        PID   Type   Process name                              GPU Memory |
|        ID   ID                                                               Usage      |
|=========================================================================================|
|    0   N/A  N/A      1623      G   /usr/lib/xorg/Xorg                            399MiB |
|    0   N/A  N/A      2209      G   /usr/bin/gnome-shell                           90MiB |
|    0   N/A  N/A      6135      G   ...erProcess --variations-seed-version         46MiB |
|    0   N/A  N/A     10337      G   ...local/share/Steam/ubuntu12_32/steam          6MiB |
|    0   N/A  N/A     10898      G   ./steamwebhelper                                7MiB |
|    0   N/A  N/A    161013      G   ...ommon/SteamVR/bin/linux64/vrmonitor          8MiB |
|    0   N/A  N/A    161438    C+G   ./vrwebhelper                                  21MiB |
|    0   N/A  N/A    162326      G   ...bin/vrwebhelper/linux64/vrwebhelper         41MiB |
|    0   N/A  N/A    164593      G   /opt/ros/humble/lib/rviz2/rviz2                66MiB |
|    0   N/A  N/A    178735    C+G   ...ine/Engine/Binaries/Linux/UE4Editor       7293MiB |
|    0   N/A  N/A    187485      G   /opt/ros/humble/lib/rviz2/rviz2                66MiB |
|    0   N/A  N/A    192524      G   /opt/ros/humble/lib/rviz2/rviz2               260MiB |
|    0   N/A  N/A    198953      G   python3                                         5MiB |
|    0   N/A  N/A    206181      C   ..._centerpoint/lidar_centerpoint_node       1190MiB |
|    0   N/A  N/A    206378      C   ...p_components/component_container_mt        472MiB |
+-----------------------------------------------------------------------------------------+
---------------------------------
[2024-10-30 15:06:25] GPU Memory change detected: 212 MB
Wed Oct 30 15:06:26 2024       
+-----------------------------------------------------------------------------------------+
| NVIDIA-SMI 550.54.15              Driver Version: 550.54.15      CUDA Version: 12.4     |
|-----------------------------------------+------------------------+----------------------+
| GPU  Name                 Persistence-M | Bus-Id          Disp.A | Volatile Uncorr. ECC |
| Fan  Temp   Perf          Pwr:Usage/Cap |           Memory-Usage | GPU-Util  Compute M. |
|                                         |                        |               MIG M. |
|=========================================+========================+======================|
|   0  NVIDIA GeForce RTX 3090        Off |   00000000:01:00.0  On |                  N/A |
| 51%   69C    P2            225W /  350W |   10310MiB /  24576MiB |     57%      Default |
|                                         |                        |                  N/A |
+-----------------------------------------+------------------------+----------------------+
                                                                                         
+-----------------------------------------------------------------------------------------+
| Processes:                                                                              |
|  GPU   GI   CI        PID   Type   Process name                              GPU Memory |
|        ID   ID                                                               Usage      |
|=========================================================================================|
|    0   N/A  N/A      1623      G   /usr/lib/xorg/Xorg                            399MiB |
|    0   N/A  N/A      2209      G   /usr/bin/gnome-shell                           90MiB |
|    0   N/A  N/A      6135      G   ...erProcess --variations-seed-version         40MiB |
|    0   N/A  N/A     10337      G   ...local/share/Steam/ubuntu12_32/steam          6MiB |
|    0   N/A  N/A     10898      G   ./steamwebhelper                                7MiB |
|    0   N/A  N/A    161013      G   ...ommon/SteamVR/bin/linux64/vrmonitor          8MiB |
|    0   N/A  N/A    161438    C+G   ./vrwebhelper                                  21MiB |
|    0   N/A  N/A    162326      G   ...bin/vrwebhelper/linux64/vrwebhelper         35MiB |
|    0   N/A  N/A    164593      G   /opt/ros/humble/lib/rviz2/rviz2                66MiB |
|    0   N/A  N/A    178735    C+G   ...ine/Engine/Binaries/Linux/UE4Editor       7293MiB |
|    0   N/A  N/A    187485      G   /opt/ros/humble/lib/rviz2/rviz2                66MiB |
|    0   N/A  N/A    192524      G   /opt/ros/humble/lib/rviz2/rviz2               262MiB |
|    0   N/A  N/A    198953      G   python3                                         5MiB |
|    0   N/A  N/A    206181      C   ..._centerpoint/lidar_centerpoint_node       1420MiB |
|    0   N/A  N/A    206378      C   ...p_components/component_container_mt        472MiB |
+-----------------------------------------------------------------------------------------+
---------------------------------
[2024-10-30 15:06:26] GPU Memory change detected: 204 MB
Wed Oct 30 15:06:26 2024       
+-----------------------------------------------------------------------------------------+
| NVIDIA-SMI 550.54.15              Driver Version: 550.54.15      CUDA Version: 12.4     |
|-----------------------------------------+------------------------+----------------------+
| GPU  Name                 Persistence-M | Bus-Id          Disp.A | Volatile Uncorr. ECC |
| Fan  Temp   Perf          Pwr:Usage/Cap |           Memory-Usage | GPU-Util  Compute M. |
|                                         |                        |               MIG M. |
|=========================================+========================+======================|
|   0  NVIDIA GeForce RTX 3090        Off |   00000000:01:00.0  On |                  N/A |
| 51%   69C    P2            225W /  350W |   10518MiB /  24576MiB |     66%      Default |
|                                         |                        |                  N/A |
+-----------------------------------------+------------------------+----------------------+
                                                                                         
+-----------------------------------------------------------------------------------------+
| Processes:                                                                              |
|  GPU   GI   CI        PID   Type   Process name                              GPU Memory |
|        ID   ID                                                               Usage      |
|=========================================================================================|
|    0   N/A  N/A      1623      G   /usr/lib/xorg/Xorg                            399MiB |
|    0   N/A  N/A      2209      G   /usr/bin/gnome-shell                           90MiB |
|    0   N/A  N/A      6135      G   ...erProcess --variations-seed-version         40MiB |
|    0   N/A  N/A     10337      G   ...local/share/Steam/ubuntu12_32/steam          6MiB |
|    0   N/A  N/A     10898      G   ./steamwebhelper                                7MiB |
|    0   N/A  N/A    161013      G   ...ommon/SteamVR/bin/linux64/vrmonitor          8MiB |
|    0   N/A  N/A    161438    C+G   ./vrwebhelper                                  21MiB |
|    0   N/A  N/A    162326      G   ...bin/vrwebhelper/linux64/vrwebhelper         35MiB |
|    0   N/A  N/A    164593      G   /opt/ros/humble/lib/rviz2/rviz2                66MiB |
|    0   N/A  N/A    178735    C+G   ...ine/Engine/Binaries/Linux/UE4Editor       7293MiB |
|    0   N/A  N/A    187485      G   /opt/ros/humble/lib/rviz2/rviz2                66MiB |
|    0   N/A  N/A    192524      G   /opt/ros/humble/lib/rviz2/rviz2               262MiB |
|    0   N/A  N/A    198953      G   python3                                         5MiB |
|    0   N/A  N/A    206181      C   ..._centerpoint/lidar_centerpoint_node       1628MiB |
|    0   N/A  N/A    206378      C   ...p_components/component_container_mt        472MiB |
+-----------------------------------------------------------------------------------------+
---------------------------------
[2024-10-30 15:16:28] GPU Memory change detected: -7371 MB
Wed Oct 30 15:16:28 2024       
+-----------------------------------------------------------------------------------------+
| NVIDIA-SMI 550.54.15              Driver Version: 550.54.15      CUDA Version: 12.4     |
|-----------------------------------------+------------------------+----------------------+
| GPU  Name                 Persistence-M | Bus-Id          Disp.A | Volatile Uncorr. ECC |
| Fan  Temp   Perf          Pwr:Usage/Cap |           Memory-Usage | GPU-Util  Compute M. |
|                                         |                        |               MIG M. |
|=========================================+========================+======================|
|   0  NVIDIA GeForce RTX 3090        Off |   00000000:01:00.0  On |                  N/A |
| 35%   53C    P2             38W /  350W |    3115MiB /  24576MiB |     87%      Default |
|                                         |                        |                  N/A |
+-----------------------------------------+------------------------+----------------------+
                                                                                         
+-----------------------------------------------------------------------------------------+
| Processes:                                                                              |
|  GPU   GI   CI        PID   Type   Process name                              GPU Memory |
|        ID   ID                                                               Usage      |
|=========================================================================================|
|    0   N/A  N/A      1623      G   /usr/lib/xorg/Xorg                            289MiB |
|    0   N/A  N/A      2209      G   /usr/bin/gnome-shell                           82MiB |
|    0   N/A  N/A      6135      G   ...erProcess --variations-seed-version         42MiB |
|    0   N/A  N/A     10337      G   ...local/share/Steam/ubuntu12_32/steam          6MiB |
|    0   N/A  N/A     10898      G   ./steamwebhelper                                7MiB |
|    0   N/A  N/A    161013      G   ...ommon/SteamVR/bin/linux64/vrmonitor          8MiB |
|    0   N/A  N/A    161438    C+G   ./vrwebhelper                                  21MiB |
|    0   N/A  N/A    162326      G   ...bin/vrwebhelper/linux64/vrwebhelper         14MiB |
|    0   N/A  N/A    164593      G   /opt/ros/humble/lib/rviz2/rviz2                66MiB |
|    0   N/A  N/A    187485      G   /opt/ros/humble/lib/rviz2/rviz2                66MiB |
|    0   N/A  N/A    192524      G   /opt/ros/humble/lib/rviz2/rviz2               250MiB |
|    0   N/A  N/A    198953      G   python3                                         4MiB |
+-----------------------------------------------------------------------------------------+
---------------------------------
[2024-10-30 15:16:28] GPU Memory change detected: -495 MB
Wed Oct 30 15:16:28 2024       
+-----------------------------------------------------------------------------------------+
| NVIDIA-SMI 550.54.15              Driver Version: 550.54.15      CUDA Version: 12.4     |
|-----------------------------------------+------------------------+----------------------+
| GPU  Name                 Persistence-M | Bus-Id          Disp.A | Volatile Uncorr. ECC |
| Fan  Temp   Perf          Pwr:Usage/Cap |           Memory-Usage | GPU-Util  Compute M. |
|                                         |                        |               MIG M. |
|=========================================+========================+======================|
|   0  NVIDIA GeForce RTX 3090        Off |   00000000:01:00.0  On |                  N/A |
| 35%   54C    P2             46W /  350W |    2639MiB /  24576MiB |     87%      Default |
|                                         |                        |                  N/A |
+-----------------------------------------+------------------------+----------------------+
                                                                                         
+-----------------------------------------------------------------------------------------+
| Processes:                                                                              |
|  GPU   GI   CI        PID   Type   Process name                              GPU Memory |
|        ID   ID                                                               Usage      |
|=========================================================================================|
|    0   N/A  N/A      1623      G   /usr/lib/xorg/Xorg                            289MiB |
|    0   N/A  N/A      2209      G   /usr/bin/gnome-shell                           81MiB |
|    0   N/A  N/A      6135      G   ...erProcess --variations-seed-version         42MiB |
|    0   N/A  N/A     10337      G   ...local/share/Steam/ubuntu12_32/steam          6MiB |
|    0   N/A  N/A     10898      G   ./steamwebhelper                                7MiB |
|    0   N/A  N/A    161013      G   ...ommon/SteamVR/bin/linux64/vrmonitor          8MiB |
|    0   N/A  N/A    161438    C+G   ./vrwebhelper                                  21MiB |
|    0   N/A  N/A    162326      G   ...bin/vrwebhelper/linux64/vrwebhelper         14MiB |
|    0   N/A  N/A    164593      G   /opt/ros/humble/lib/rviz2/rviz2                66MiB |
|    0   N/A  N/A    187485      G   /opt/ros/humble/lib/rviz2/rviz2                66MiB |
|    0   N/A  N/A    192524      G   /opt/ros/humble/lib/rviz2/rviz2               250MiB |
|    0   N/A  N/A    198953      G   python3                                         4MiB |
+-----------------------------------------------------------------------------------------+
---------------------------------
[2024-10-30 15:16:28] GPU Memory change detected: -1725 MB
Wed Oct 30 15:16:28 2024       
+-----------------------------------------------------------------------------------------+
| NVIDIA-SMI 550.54.15              Driver Version: 550.54.15      CUDA Version: 12.4     |
|-----------------------------------------+------------------------+----------------------+
| GPU  Name                 Persistence-M | Bus-Id          Disp.A | Volatile Uncorr. ECC |
| Fan  Temp   Perf          Pwr:Usage/Cap |           Memory-Usage | GPU-Util  Compute M. |
|                                         |                        |               MIG M. |
|=========================================+========================+======================|
|   0  NVIDIA GeForce RTX 3090        Off |   00000000:01:00.0  On |                  N/A |
| 35%   54C    P0             55W /  350W |     915MiB /  24576MiB |     29%      Default |
|                                         |                        |                  N/A |
+-----------------------------------------+------------------------+----------------------+
                                                                                         
+-----------------------------------------------------------------------------------------+
| Processes:                                                                              |
|  GPU   GI   CI        PID   Type   Process name                              GPU Memory |
|        ID   ID                                                               Usage      |
|=========================================================================================|
|    0   N/A  N/A      1623      G   /usr/lib/xorg/Xorg                            289MiB |
|    0   N/A  N/A      2209      G   /usr/bin/gnome-shell                           81MiB |
|    0   N/A  N/A      6135      G   ...erProcess --variations-seed-version         42MiB |
|    0   N/A  N/A     10337      G   ...local/share/Steam/ubuntu12_32/steam          6MiB |
|    0   N/A  N/A     10898      G   ./steamwebhelper                                7MiB |
|    0   N/A  N/A    161013      G   ...ommon/SteamVR/bin/linux64/vrmonitor          8MiB |
|    0   N/A  N/A    161438    C+G   ./vrwebhelper                                  21MiB |
|    0   N/A  N/A    162326      G   ...bin/vrwebhelper/linux64/vrwebhelper         14MiB |
|    0   N/A  N/A    164593      G   /opt/ros/humble/lib/rviz2/rviz2                66MiB |
|    0   N/A  N/A    187485      G   /opt/ros/humble/lib/rviz2/rviz2                66MiB |
|    0   N/A  N/A    192524      G   /opt/ros/humble/lib/rviz2/rviz2               250MiB |
|    0   N/A  N/A    198953      G   python3                                         4MiB |
+-----------------------------------------------------------------------------------------+
---------------------------------
[2024-10-30 15:17:02] GPU Memory change detected: -282 MB
Wed Oct 30 15:17:02 2024       
+-----------------------------------------------------------------------------------------+
| NVIDIA-SMI 550.54.15              Driver Version: 550.54.15      CUDA Version: 12.4     |
|-----------------------------------------+------------------------+----------------------+
| GPU  Name                 Persistence-M | Bus-Id          Disp.A | Volatile Uncorr. ECC |
| Fan  Temp   Perf          Pwr:Usage/Cap |           Memory-Usage | GPU-Util  Compute M. |
|                                         |                        |               MIG M. |
|=========================================+========================+======================|
|   0  NVIDIA GeForce RTX 3090        Off |   00000000:01:00.0  On |                  N/A |
| 30%   50C    P8             31W /  350W |     633MiB /  24576MiB |      0%      Default |
|                                         |                        |                  N/A |
+-----------------------------------------+------------------------+----------------------+
                                                                                         
+-----------------------------------------------------------------------------------------+
| Processes:                                                                              |
|  GPU   GI   CI        PID   Type   Process name                              GPU Memory |
|        ID   ID                                                               Usage      |
|=========================================================================================|
|    0   N/A  N/A      1623      G   /usr/lib/xorg/Xorg                            277MiB |
|    0   N/A  N/A      2209      G   /usr/bin/gnome-shell                           72MiB |
|    0   N/A  N/A      6135      G   ...erProcess --variations-seed-version         42MiB |
|    0   N/A  N/A     10337      G   ...local/share/Steam/ubuntu12_32/steam          6MiB |
|    0   N/A  N/A     10898      G   ./steamwebhelper                                7MiB |
|    0   N/A  N/A    161013      G   ...ommon/SteamVR/bin/linux64/vrmonitor          8MiB |
|    0   N/A  N/A    161438    C+G   ./vrwebhelper                                  21MiB |
|    0   N/A  N/A    162326      G   ...bin/vrwebhelper/linux64/vrwebhelper         14MiB |
|    0   N/A  N/A    164593      G   /opt/ros/humble/lib/rviz2/rviz2                66MiB |
|    0   N/A  N/A    187485      G   /opt/ros/humble/lib/rviz2/rviz2                66MiB |
+-----------------------------------------------------------------------------------------+
---------------------------------
[2024-10-30 15:25:06] GPU Memory change detected: 231 MB
Wed Oct 30 15:25:06 2024       
+-----------------------------------------------------------------------------------------+
| NVIDIA-SMI 550.54.15              Driver Version: 550.54.15      CUDA Version: 12.4     |
|-----------------------------------------+------------------------+----------------------+
| GPU  Name                 Persistence-M | Bus-Id          Disp.A | Volatile Uncorr. ECC |
| Fan  Temp   Perf          Pwr:Usage/Cap |           Memory-Usage | GPU-Util  Compute M. |
|                                         |                        |               MIG M. |
|=========================================+========================+======================|
|   0  NVIDIA GeForce RTX 3090        Off |   00000000:01:00.0  On |                  N/A |
| 30%   43C    P0            105W /  350W |     864MiB /  24576MiB |      2%      Default |
|                                         |                        |                  N/A |
+-----------------------------------------+------------------------+----------------------+
                                                                                         
+-----------------------------------------------------------------------------------------+
| Processes:                                                                              |
|  GPU   GI   CI        PID   Type   Process name                              GPU Memory |
|        ID   ID                                                               Usage      |
|=========================================================================================|
|    0   N/A  N/A      1623      G   /usr/lib/xorg/Xorg                            283MiB |
|    0   N/A  N/A      2209      G   /usr/bin/gnome-shell                           42MiB |
|    0   N/A  N/A      6135      G   ...erProcess --variations-seed-version         42MiB |
|    0   N/A  N/A     10337      G   ...local/share/Steam/ubuntu12_32/steam          6MiB |
|    0   N/A  N/A     10898      G   ./steamwebhelper                                7MiB |
|    0   N/A  N/A    161013      G   ...ommon/SteamVR/bin/linux64/vrmonitor          8MiB |
|    0   N/A  N/A    161438    C+G   ./vrwebhelper                                  21MiB |
|    0   N/A  N/A    162326      G   ...bin/vrwebhelper/linux64/vrwebhelper         14MiB |
|    0   N/A  N/A    164593      G   /opt/ros/humble/lib/rviz2/rviz2                66MiB |
|    0   N/A  N/A    187485      G   /opt/ros/humble/lib/rviz2/rviz2                66MiB |
|    0   N/A  N/A    403966    C+G   ...ine/Engine/Binaries/Linux/UE4Editor        203MiB |
+-----------------------------------------------------------------------------------------+
---------------------------------
[2024-10-30 15:25:11] GPU Memory change detected: 206 MB
Wed Oct 30 15:25:11 2024       
+-----------------------------------------------------------------------------------------+
| NVIDIA-SMI 550.54.15              Driver Version: 550.54.15      CUDA Version: 12.4     |
|-----------------------------------------+------------------------+----------------------+
| GPU  Name                 Persistence-M | Bus-Id          Disp.A | Volatile Uncorr. ECC |
| Fan  Temp   Perf          Pwr:Usage/Cap |           Memory-Usage | GPU-Util  Compute M. |
|                                         |                        |               MIG M. |
|=========================================+========================+======================|
|   0  NVIDIA GeForce RTX 3090        Off |   00000000:01:00.0  On |                  N/A |
| 30%   39C    P8             29W /  350W |    1079MiB /  24576MiB |     11%      Default |
|                                         |                        |                  N/A |
+-----------------------------------------+------------------------+----------------------+
                                                                                         
+-----------------------------------------------------------------------------------------+
| Processes:                                                                              |
|  GPU   GI   CI        PID   Type   Process name                              GPU Memory |
|        ID   ID                                                               Usage      |
|=========================================================================================|
|    0   N/A  N/A      1623      G   /usr/lib/xorg/Xorg                            283MiB |
|    0   N/A  N/A      2209      G   /usr/bin/gnome-shell                           42MiB |
|    0   N/A  N/A      6135      G   ...erProcess --variations-seed-version         42MiB |
|    0   N/A  N/A     10337      G   ...local/share/Steam/ubuntu12_32/steam          6MiB |
|    0   N/A  N/A     10898      G   ./steamwebhelper                                7MiB |
|    0   N/A  N/A    161013      G   ...ommon/SteamVR/bin/linux64/vrmonitor          8MiB |
|    0   N/A  N/A    161438    C+G   ./vrwebhelper                                  21MiB |
|    0   N/A  N/A    162326      G   ...bin/vrwebhelper/linux64/vrwebhelper         14MiB |
|    0   N/A  N/A    164593      G   /opt/ros/humble/lib/rviz2/rviz2                66MiB |
|    0   N/A  N/A    187485      G   /opt/ros/humble/lib/rviz2/rviz2                66MiB |
|    0   N/A  N/A    403966    C+G   ...ine/Engine/Binaries/Linux/UE4Editor        419MiB |
+-----------------------------------------------------------------------------------------+
---------------------------------
[2024-10-30 15:25:12] GPU Memory change detected: 252 MB
Wed Oct 30 15:25:12 2024       
+-----------------------------------------------------------------------------------------+
| NVIDIA-SMI 550.54.15              Driver Version: 550.54.15      CUDA Version: 12.4     |
|-----------------------------------------+------------------------+----------------------+
| GPU  Name                 Persistence-M | Bus-Id          Disp.A | Volatile Uncorr. ECC |
| Fan  Temp   Perf          Pwr:Usage/Cap |           Memory-Usage | GPU-Util  Compute M. |
|                                         |                        |               MIG M. |
|=========================================+========================+======================|
|   0  NVIDIA GeForce RTX 3090        Off |   00000000:01:00.0  On |                  N/A |
| 30%   39C    P8             29W /  350W |    1323MiB /  24576MiB |      1%      Default |
|                                         |                        |                  N/A |
+-----------------------------------------+------------------------+----------------------+
                                                                                         
+-----------------------------------------------------------------------------------------+
| Processes:                                                                              |
|  GPU   GI   CI        PID   Type   Process name                              GPU Memory |
|        ID   ID                                                               Usage      |
|=========================================================================================|
|    0   N/A  N/A      1623      G   /usr/lib/xorg/Xorg                            283MiB |
|    0   N/A  N/A      2209      G   /usr/bin/gnome-shell                           42MiB |
|    0   N/A  N/A      6135      G   ...erProcess --variations-seed-version         42MiB |
|    0   N/A  N/A     10337      G   ...local/share/Steam/ubuntu12_32/steam          6MiB |
|    0   N/A  N/A     10898      G   ./steamwebhelper                                7MiB |
|    0   N/A  N/A    161013      G   ...ommon/SteamVR/bin/linux64/vrmonitor          8MiB |
|    0   N/A  N/A    161438    C+G   ./vrwebhelper                                  21MiB |
|    0   N/A  N/A    162326      G   ...bin/vrwebhelper/linux64/vrwebhelper         14MiB |
|    0   N/A  N/A    164593      G   /opt/ros/humble/lib/rviz2/rviz2                66MiB |
|    0   N/A  N/A    187485      G   /opt/ros/humble/lib/rviz2/rviz2                66MiB |
|    0   N/A  N/A    403966    C+G   ...ine/Engine/Binaries/Linux/UE4Editor        662MiB |
+-----------------------------------------------------------------------------------------+
---------------------------------
[2024-10-30 15:25:12] GPU Memory change detected: 218 MB
Wed Oct 30 15:25:12 2024       
+-----------------------------------------------------------------------------------------+
| NVIDIA-SMI 550.54.15              Driver Version: 550.54.15      CUDA Version: 12.4     |
|-----------------------------------------+------------------------+----------------------+
| GPU  Name                 Persistence-M | Bus-Id          Disp.A | Volatile Uncorr. ECC |
| Fan  Temp   Perf          Pwr:Usage/Cap |           Memory-Usage | GPU-Util  Compute M. |
|                                         |                        |               MIG M. |
|=========================================+========================+======================|
|   0  NVIDIA GeForce RTX 3090        Off |   00000000:01:00.0  On |                  N/A |
| 30%   39C    P8             29W /  350W |    1540MiB /  24576MiB |      1%      Default |
|                                         |                        |                  N/A |
+-----------------------------------------+------------------------+----------------------+
                                                                                         
+-----------------------------------------------------------------------------------------+
| Processes:                                                                              |
|  GPU   GI   CI        PID   Type   Process name                              GPU Memory |
|        ID   ID                                                               Usage      |
|=========================================================================================|
|    0   N/A  N/A      1623      G   /usr/lib/xorg/Xorg                            283MiB |
|    0   N/A  N/A      2209      G   /usr/bin/gnome-shell                           42MiB |
|    0   N/A  N/A      6135      G   ...erProcess --variations-seed-version         42MiB |
|    0   N/A  N/A     10337      G   ...local/share/Steam/ubuntu12_32/steam          6MiB |
|    0   N/A  N/A     10898      G   ./steamwebhelper                                7MiB |
|    0   N/A  N/A    161013      G   ...ommon/SteamVR/bin/linux64/vrmonitor          8MiB |
|    0   N/A  N/A    161438    C+G   ./vrwebhelper                                  21MiB |
|    0   N/A  N/A    162326      G   ...bin/vrwebhelper/linux64/vrwebhelper         14MiB |
|    0   N/A  N/A    164593      G   /opt/ros/humble/lib/rviz2/rviz2                66MiB |
|    0   N/A  N/A    187485      G   /opt/ros/humble/lib/rviz2/rviz2                66MiB |
|    0   N/A  N/A    403966    C+G   ...ine/Engine/Binaries/Linux/UE4Editor        879MiB |
+-----------------------------------------------------------------------------------------+
---------------------------------
[2024-10-30 15:25:13] GPU Memory change detected: 216 MB
Wed Oct 30 15:25:13 2024       
+-----------------------------------------------------------------------------------------+
| NVIDIA-SMI 550.54.15              Driver Version: 550.54.15      CUDA Version: 12.4     |
|-----------------------------------------+------------------------+----------------------+
| GPU  Name                 Persistence-M | Bus-Id          Disp.A | Volatile Uncorr. ECC |
| Fan  Temp   Perf          Pwr:Usage/Cap |           Memory-Usage | GPU-Util  Compute M. |
|                                         |                        |               MIG M. |
|=========================================+========================+======================|
|   0  NVIDIA GeForce RTX 3090        Off |   00000000:01:00.0  On |                  N/A |
| 30%   39C    P8             29W /  350W |    1763MiB /  24576MiB |      0%      Default |
|                                         |                        |                  N/A |
+-----------------------------------------+------------------------+----------------------+
                                                                                         
+-----------------------------------------------------------------------------------------+
| Processes:                                                                              |
|  GPU   GI   CI        PID   Type   Process name                              GPU Memory |
|        ID   ID                                                               Usage      |
|=========================================================================================|
|    0   N/A  N/A      1623      G   /usr/lib/xorg/Xorg                            283MiB |
|    0   N/A  N/A      2209      G   /usr/bin/gnome-shell                           42MiB |
|    0   N/A  N/A      6135      G   ...erProcess --variations-seed-version         42MiB |
|    0   N/A  N/A     10337      G   ...local/share/Steam/ubuntu12_32/steam          6MiB |
|    0   N/A  N/A     10898      G   ./steamwebhelper                                7MiB |
|    0   N/A  N/A    161013      G   ...ommon/SteamVR/bin/linux64/vrmonitor          8MiB |
|    0   N/A  N/A    161438    C+G   ./vrwebhelper                                  21MiB |
|    0   N/A  N/A    162326      G   ...bin/vrwebhelper/linux64/vrwebhelper         14MiB |
|    0   N/A  N/A    164593      G   /opt/ros/humble/lib/rviz2/rviz2                66MiB |
|    0   N/A  N/A    187485      G   /opt/ros/humble/lib/rviz2/rviz2                66MiB |
|    0   N/A  N/A    403966    C+G   ...ine/Engine/Binaries/Linux/UE4Editor       1103MiB |
+-----------------------------------------------------------------------------------------+
---------------------------------
[2024-10-30 15:25:14] GPU Memory change detected: 210 MB
Wed Oct 30 15:25:14 2024       
+-----------------------------------------------------------------------------------------+
| NVIDIA-SMI 550.54.15              Driver Version: 550.54.15      CUDA Version: 12.4     |
|-----------------------------------------+------------------------+----------------------+
| GPU  Name                 Persistence-M | Bus-Id          Disp.A | Volatile Uncorr. ECC |
| Fan  Temp   Perf          Pwr:Usage/Cap |           Memory-Usage | GPU-Util  Compute M. |
|                                         |                        |               MIG M. |
|=========================================+========================+======================|
|   0  NVIDIA GeForce RTX 3090        Off |   00000000:01:00.0  On |                  N/A |
| 30%   39C    P8             29W /  350W |    1966MiB /  24576MiB |      1%      Default |
|                                         |                        |                  N/A |
+-----------------------------------------+------------------------+----------------------+
                                                                                         
+-----------------------------------------------------------------------------------------+
| Processes:                                                                              |
|  GPU   GI   CI        PID   Type   Process name                              GPU Memory |
|        ID   ID                                                               Usage      |
|=========================================================================================|
|    0   N/A  N/A      1623      G   /usr/lib/xorg/Xorg                            283MiB |
|    0   N/A  N/A      2209      G   /usr/bin/gnome-shell                           42MiB |
|    0   N/A  N/A      6135      G   ...erProcess --variations-seed-version         42MiB |
|    0   N/A  N/A     10337      G   ...local/share/Steam/ubuntu12_32/steam          6MiB |
|    0   N/A  N/A     10898      G   ./steamwebhelper                                7MiB |
|    0   N/A  N/A    161013      G   ...ommon/SteamVR/bin/linux64/vrmonitor          8MiB |
|    0   N/A  N/A    161438    C+G   ./vrwebhelper                                  21MiB |
|    0   N/A  N/A    162326      G   ...bin/vrwebhelper/linux64/vrwebhelper         14MiB |
|    0   N/A  N/A    164593      G   /opt/ros/humble/lib/rviz2/rviz2                66MiB |
|    0   N/A  N/A    187485      G   /opt/ros/humble/lib/rviz2/rviz2                66MiB |
|    0   N/A  N/A    403966    C+G   ...ine/Engine/Binaries/Linux/UE4Editor       1305MiB |
+-----------------------------------------------------------------------------------------+
---------------------------------
[2024-10-30 15:25:14] GPU Memory change detected: 217 MB
Wed Oct 30 15:25:14 2024       
+-----------------------------------------------------------------------------------------+
| NVIDIA-SMI 550.54.15              Driver Version: 550.54.15      CUDA Version: 12.4     |
|-----------------------------------------+------------------------+----------------------+
| GPU  Name                 Persistence-M | Bus-Id          Disp.A | Volatile Uncorr. ECC |
| Fan  Temp   Perf          Pwr:Usage/Cap |           Memory-Usage | GPU-Util  Compute M. |
|                                         |                        |               MIG M. |
|=========================================+========================+======================|
|   0  NVIDIA GeForce RTX 3090        Off |   00000000:01:00.0  On |                  N/A |
| 30%   39C    P8             28W /  350W |    2187MiB /  24576MiB |      0%      Default |
|                                         |                        |                  N/A |
+-----------------------------------------+------------------------+----------------------+
                                                                                         
+-----------------------------------------------------------------------------------------+
| Processes:                                                                              |
|  GPU   GI   CI        PID   Type   Process name                              GPU Memory |
|        ID   ID                                                               Usage      |
|=========================================================================================|
|    0   N/A  N/A      1623      G   /usr/lib/xorg/Xorg                            283MiB |
|    0   N/A  N/A      2209      G   /usr/bin/gnome-shell                           42MiB |
|    0   N/A  N/A      6135      G   ...erProcess --variations-seed-version         42MiB |
|    0   N/A  N/A     10337      G   ...local/share/Steam/ubuntu12_32/steam          6MiB |
|    0   N/A  N/A     10898      G   ./steamwebhelper                                7MiB |
|    0   N/A  N/A    161013      G   ...ommon/SteamVR/bin/linux64/vrmonitor          8MiB |
|    0   N/A  N/A    161438    C+G   ./vrwebhelper                                  21MiB |
|    0   N/A  N/A    162326      G   ...bin/vrwebhelper/linux64/vrwebhelper         14MiB |
|    0   N/A  N/A    164593      G   /opt/ros/humble/lib/rviz2/rviz2                66MiB |
|    0   N/A  N/A    187485      G   /opt/ros/humble/lib/rviz2/rviz2                66MiB |
|    0   N/A  N/A    403966    C+G   ...ine/Engine/Binaries/Linux/UE4Editor       1526MiB |
+-----------------------------------------------------------------------------------------+
---------------------------------
[2024-10-30 15:25:15] GPU Memory change detected: 203 MB
Wed Oct 30 15:25:15 2024       
+-----------------------------------------------------------------------------------------+
| NVIDIA-SMI 550.54.15              Driver Version: 550.54.15      CUDA Version: 12.4     |
|-----------------------------------------+------------------------+----------------------+
| GPU  Name                 Persistence-M | Bus-Id          Disp.A | Volatile Uncorr. ECC |
| Fan  Temp   Perf          Pwr:Usage/Cap |           Memory-Usage | GPU-Util  Compute M. |
|                                         |                        |               MIG M. |
|=========================================+========================+======================|
|   0  NVIDIA GeForce RTX 3090        Off |   00000000:01:00.0  On |                  N/A |
| 30%   39C    P8             29W /  350W |    2403MiB /  24576MiB |      7%      Default |
|                                         |                        |                  N/A |
+-----------------------------------------+------------------------+----------------------+
                                                                                         
+-----------------------------------------------------------------------------------------+
| Processes:                                                                              |
|  GPU   GI   CI        PID   Type   Process name                              GPU Memory |
|        ID   ID                                                               Usage      |
|=========================================================================================|
|    0   N/A  N/A      1623      G   /usr/lib/xorg/Xorg                            283MiB |
|    0   N/A  N/A      2209      G   /usr/bin/gnome-shell                           42MiB |
|    0   N/A  N/A      6135      G   ...erProcess --variations-seed-version         42MiB |
|    0   N/A  N/A     10337      G   ...local/share/Steam/ubuntu12_32/steam          6MiB |
|    0   N/A  N/A     10898      G   ./steamwebhelper                                7MiB |
|    0   N/A  N/A    161013      G   ...ommon/SteamVR/bin/linux64/vrmonitor          8MiB |
|    0   N/A  N/A    161438    C+G   ./vrwebhelper                                  21MiB |
|    0   N/A  N/A    162326      G   ...bin/vrwebhelper/linux64/vrwebhelper         14MiB |
|    0   N/A  N/A    164593      G   /opt/ros/humble/lib/rviz2/rviz2                66MiB |
|    0   N/A  N/A    187485      G   /opt/ros/humble/lib/rviz2/rviz2                66MiB |
|    0   N/A  N/A    403966    C+G   ...ine/Engine/Binaries/Linux/UE4Editor       1742MiB |
+-----------------------------------------------------------------------------------------+
---------------------------------
[2024-10-30 15:25:15] GPU Memory change detected: 217 MB
Wed Oct 30 15:25:15 2024       
+-----------------------------------------------------------------------------------------+
| NVIDIA-SMI 550.54.15              Driver Version: 550.54.15      CUDA Version: 12.4     |
|-----------------------------------------+------------------------+----------------------+
| GPU  Name                 Persistence-M | Bus-Id          Disp.A | Volatile Uncorr. ECC |
| Fan  Temp   Perf          Pwr:Usage/Cap |           Memory-Usage | GPU-Util  Compute M. |
|                                         |                        |               MIG M. |
|=========================================+========================+======================|
|   0  NVIDIA GeForce RTX 3090        Off |   00000000:01:00.0  On |                  N/A |
| 30%   42C    P0             49W /  350W |    2603MiB /  24576MiB |     14%      Default |
|                                         |                        |                  N/A |
+-----------------------------------------+------------------------+----------------------+
                                                                                         
+-----------------------------------------------------------------------------------------+
| Processes:                                                                              |
|  GPU   GI   CI        PID   Type   Process name                              GPU Memory |
|        ID   ID                                                               Usage      |
|=========================================================================================|
|    0   N/A  N/A      1623      G   /usr/lib/xorg/Xorg                            283MiB |
|    0   N/A  N/A      2209      G   /usr/bin/gnome-shell                           42MiB |
|    0   N/A  N/A      6135      G   ...erProcess --variations-seed-version         42MiB |
|    0   N/A  N/A     10337      G   ...local/share/Steam/ubuntu12_32/steam          6MiB |
|    0   N/A  N/A     10898      G   ./steamwebhelper                                7MiB |
|    0   N/A  N/A    161013      G   ...ommon/SteamVR/bin/linux64/vrmonitor          8MiB |
|    0   N/A  N/A    161438    C+G   ./vrwebhelper                                  21MiB |
|    0   N/A  N/A    162326      G   ...bin/vrwebhelper/linux64/vrwebhelper         14MiB |
|    0   N/A  N/A    164593      G   /opt/ros/humble/lib/rviz2/rviz2                66MiB |
|    0   N/A  N/A    187485      G   /opt/ros/humble/lib/rviz2/rviz2                66MiB |
|    0   N/A  N/A    403966    C+G   ...ine/Engine/Binaries/Linux/UE4Editor       1942MiB |
+-----------------------------------------------------------------------------------------+
---------------------------------
[2024-10-30 15:25:15] GPU Memory change detected: 213 MB
Wed Oct 30 15:25:15 2024       
+-----------------------------------------------------------------------------------------+
| NVIDIA-SMI 550.54.15              Driver Version: 550.54.15      CUDA Version: 12.4     |
|-----------------------------------------+------------------------+----------------------+
| GPU  Name                 Persistence-M | Bus-Id          Disp.A | Volatile Uncorr. ECC |
| Fan  Temp   Perf          Pwr:Usage/Cap |           Memory-Usage | GPU-Util  Compute M. |
|                                         |                        |               MIG M. |
|=========================================+========================+======================|
|   0  NVIDIA GeForce RTX 3090        Off |   00000000:01:00.0  On |                  N/A |
| 30%   43C    P0             77W /  350W |    2816MiB /  24576MiB |      0%      Default |
|                                         |                        |                  N/A |
+-----------------------------------------+------------------------+----------------------+
                                                                                         
+-----------------------------------------------------------------------------------------+
| Processes:                                                                              |
|  GPU   GI   CI        PID   Type   Process name                              GPU Memory |
|        ID   ID                                                               Usage      |
|=========================================================================================|
|    0   N/A  N/A      1623      G   /usr/lib/xorg/Xorg                            283MiB |
|    0   N/A  N/A      2209      G   /usr/bin/gnome-shell                           42MiB |
|    0   N/A  N/A      6135      G   ...erProcess --variations-seed-version         42MiB |
|    0   N/A  N/A     10337      G   ...local/share/Steam/ubuntu12_32/steam          6MiB |
|    0   N/A  N/A     10898      G   ./steamwebhelper                                7MiB |
|    0   N/A  N/A    161013      G   ...ommon/SteamVR/bin/linux64/vrmonitor          8MiB |
|    0   N/A  N/A    161438    C+G   ./vrwebhelper                                  21MiB |
|    0   N/A  N/A    162326      G   ...bin/vrwebhelper/linux64/vrwebhelper         14MiB |
|    0   N/A  N/A    164593      G   /opt/ros/humble/lib/rviz2/rviz2                66MiB |
|    0   N/A  N/A    187485      G   /opt/ros/humble/lib/rviz2/rviz2                66MiB |
|    0   N/A  N/A    403966    C+G   ...ine/Engine/Binaries/Linux/UE4Editor       2155MiB |
+-----------------------------------------------------------------------------------------+
---------------------------------
[2024-10-30 15:25:16] GPU Memory change detected: 232 MB
Wed Oct 30 15:25:16 2024       
+-----------------------------------------------------------------------------------------+
| NVIDIA-SMI 550.54.15              Driver Version: 550.54.15      CUDA Version: 12.4     |
|-----------------------------------------+------------------------+----------------------+
| GPU  Name                 Persistence-M | Bus-Id          Disp.A | Volatile Uncorr. ECC |
| Fan  Temp   Perf          Pwr:Usage/Cap |           Memory-Usage | GPU-Util  Compute M. |
|                                         |                        |               MIG M. |
|=========================================+========================+======================|
|   0  NVIDIA GeForce RTX 3090        Off |   00000000:01:00.0  On |                  N/A |
| 30%   43C    P0            105W /  350W |    3048MiB /  24576MiB |      0%      Default |
|                                         |                        |                  N/A |
+-----------------------------------------+------------------------+----------------------+
                                                                                         
+-----------------------------------------------------------------------------------------+
| Processes:                                                                              |
|  GPU   GI   CI        PID   Type   Process name                              GPU Memory |
|        ID   ID                                                               Usage      |
|=========================================================================================|
|    0   N/A  N/A      1623      G   /usr/lib/xorg/Xorg                            283MiB |
|    0   N/A  N/A      2209      G   /usr/bin/gnome-shell                           42MiB |
|    0   N/A  N/A      6135      G   ...erProcess --variations-seed-version         42MiB |
|    0   N/A  N/A     10337      G   ...local/share/Steam/ubuntu12_32/steam          6MiB |
|    0   N/A  N/A     10898      G   ./steamwebhelper                                7MiB |
|    0   N/A  N/A    161013      G   ...ommon/SteamVR/bin/linux64/vrmonitor          8MiB |
|    0   N/A  N/A    161438    C+G   ./vrwebhelper                                  21MiB |
|    0   N/A  N/A    162326      G   ...bin/vrwebhelper/linux64/vrwebhelper         14MiB |
|    0   N/A  N/A    164593      G   /opt/ros/humble/lib/rviz2/rviz2                66MiB |
|    0   N/A  N/A    187485      G   /opt/ros/humble/lib/rviz2/rviz2                66MiB |
|    0   N/A  N/A    403966    C+G   ...ine/Engine/Binaries/Linux/UE4Editor       2387MiB |
+-----------------------------------------------------------------------------------------+
---------------------------------
[2024-10-30 15:25:16] GPU Memory change detected: 232 MB
Wed Oct 30 15:25:16 2024       
+-----------------------------------------------------------------------------------------+
| NVIDIA-SMI 550.54.15              Driver Version: 550.54.15      CUDA Version: 12.4     |
|-----------------------------------------+------------------------+----------------------+
| GPU  Name                 Persistence-M | Bus-Id          Disp.A | Volatile Uncorr. ECC |
| Fan  Temp   Perf          Pwr:Usage/Cap |           Memory-Usage | GPU-Util  Compute M. |
|                                         |                        |               MIG M. |
|=========================================+========================+======================|
|   0  NVIDIA GeForce RTX 3090        Off |   00000000:01:00.0  On |                  N/A |
| 30%   42C    P5            105W /  350W |    3340MiB /  24576MiB |      0%      Default |
|                                         |                        |                  N/A |
+-----------------------------------------+------------------------+----------------------+
                                                                                         
+-----------------------------------------------------------------------------------------+
| Processes:                                                                              |
|  GPU   GI   CI        PID   Type   Process name                              GPU Memory |
|        ID   ID                                                               Usage      |
|=========================================================================================|
|    0   N/A  N/A      1623      G   /usr/lib/xorg/Xorg                            283MiB |
|    0   N/A  N/A      2209      G   /usr/bin/gnome-shell                           42MiB |
|    0   N/A  N/A      6135      G   ...erProcess --variations-seed-version         42MiB |
|    0   N/A  N/A     10337      G   ...local/share/Steam/ubuntu12_32/steam          6MiB |
|    0   N/A  N/A     10898      G   ./steamwebhelper                                7MiB |
|    0   N/A  N/A    161013      G   ...ommon/SteamVR/bin/linux64/vrmonitor          8MiB |
|    0   N/A  N/A    161438    C+G   ./vrwebhelper                                  21MiB |
|    0   N/A  N/A    162326      G   ...bin/vrwebhelper/linux64/vrwebhelper         14MiB |
|    0   N/A  N/A    164593      G   /opt/ros/humble/lib/rviz2/rviz2                66MiB |
|    0   N/A  N/A    187485      G   /opt/ros/humble/lib/rviz2/rviz2                66MiB |
|    0   N/A  N/A    403966    C+G   ...ine/Engine/Binaries/Linux/UE4Editor       2679MiB |
+-----------------------------------------------------------------------------------------+
---------------------------------
[2024-10-30 15:25:17] GPU Memory change detected: 210 MB
Wed Oct 30 15:25:17 2024       
+-----------------------------------------------------------------------------------------+
| NVIDIA-SMI 550.54.15              Driver Version: 550.54.15      CUDA Version: 12.4     |
|-----------------------------------------+------------------------+----------------------+
| GPU  Name                 Persistence-M | Bus-Id          Disp.A | Volatile Uncorr. ECC |
| Fan  Temp   Perf          Pwr:Usage/Cap |           Memory-Usage | GPU-Util  Compute M. |
|                                         |                        |               MIG M. |
|=========================================+========================+======================|
|   0  NVIDIA GeForce RTX 3090        Off |   00000000:01:00.0  On |                  N/A |
| 30%   41C    P5             73W /  350W |    3539MiB /  24576MiB |      0%      Default |
|                                         |                        |                  N/A |
+-----------------------------------------+------------------------+----------------------+
                                                                                         
+-----------------------------------------------------------------------------------------+
| Processes:                                                                              |
|  GPU   GI   CI        PID   Type   Process name                              GPU Memory |
|        ID   ID                                                               Usage      |
|=========================================================================================|
|    0   N/A  N/A      1623      G   /usr/lib/xorg/Xorg                            283MiB |
|    0   N/A  N/A      2209      G   /usr/bin/gnome-shell                           42MiB |
|    0   N/A  N/A      6135      G   ...erProcess --variations-seed-version         42MiB |
|    0   N/A  N/A     10337      G   ...local/share/Steam/ubuntu12_32/steam          6MiB |
|    0   N/A  N/A     10898      G   ./steamwebhelper                                7MiB |
|    0   N/A  N/A    161013      G   ...ommon/SteamVR/bin/linux64/vrmonitor          8MiB |
|    0   N/A  N/A    161438    C+G   ./vrwebhelper                                  21MiB |
|    0   N/A  N/A    162326      G   ...bin/vrwebhelper/linux64/vrwebhelper         14MiB |
|    0   N/A  N/A    164593      G   /opt/ros/humble/lib/rviz2/rviz2                66MiB |
|    0   N/A  N/A    187485      G   /opt/ros/humble/lib/rviz2/rviz2                66MiB |
|    0   N/A  N/A    403966    C+G   ...ine/Engine/Binaries/Linux/UE4Editor       2878MiB |
+-----------------------------------------------------------------------------------------+
---------------------------------
[2024-10-30 15:25:17] GPU Memory change detected: 269 MB
Wed Oct 30 15:25:17 2024       
+-----------------------------------------------------------------------------------------+
| NVIDIA-SMI 550.54.15              Driver Version: 550.54.15      CUDA Version: 12.4     |
|-----------------------------------------+------------------------+----------------------+
| GPU  Name                 Persistence-M | Bus-Id          Disp.A | Volatile Uncorr. ECC |
| Fan  Temp   Perf          Pwr:Usage/Cap |           Memory-Usage | GPU-Util  Compute M. |
|                                         |                        |               MIG M. |
|=========================================+========================+======================|
|   0  NVIDIA GeForce RTX 3090        Off |   00000000:01:00.0  On |                  N/A |
| 30%   40C    P5             47W /  350W |    3759MiB /  24576MiB |      0%      Default |
|                                         |                        |                  N/A |
+-----------------------------------------+------------------------+----------------------+
                                                                                         
+-----------------------------------------------------------------------------------------+
| Processes:                                                                              |
|  GPU   GI   CI        PID   Type   Process name                              GPU Memory |
|        ID   ID                                                               Usage      |
|=========================================================================================|
|    0   N/A  N/A      1623      G   /usr/lib/xorg/Xorg                            283MiB |
|    0   N/A  N/A      2209      G   /usr/bin/gnome-shell                           42MiB |
|    0   N/A  N/A      6135      G   ...erProcess --variations-seed-version         42MiB |
|    0   N/A  N/A     10337      G   ...local/share/Steam/ubuntu12_32/steam          6MiB |
|    0   N/A  N/A     10898      G   ./steamwebhelper                                7MiB |
|    0   N/A  N/A    161013      G   ...ommon/SteamVR/bin/linux64/vrmonitor          8MiB |
|    0   N/A  N/A    161438    C+G   ./vrwebhelper                                  21MiB |
|    0   N/A  N/A    162326      G   ...bin/vrwebhelper/linux64/vrwebhelper         14MiB |
|    0   N/A  N/A    164593      G   /opt/ros/humble/lib/rviz2/rviz2                66MiB |
|    0   N/A  N/A    187485      G   /opt/ros/humble/lib/rviz2/rviz2                66MiB |
|    0   N/A  N/A    403966    C+G   ...ine/Engine/Binaries/Linux/UE4Editor       3097MiB |
+-----------------------------------------------------------------------------------------+
---------------------------------
[2024-10-30 15:25:18] GPU Memory change detected: 230 MB
Wed Oct 30 15:25:18 2024       
+-----------------------------------------------------------------------------------------+
| NVIDIA-SMI 550.54.15              Driver Version: 550.54.15      CUDA Version: 12.4     |
|-----------------------------------------+------------------------+----------------------+
| GPU  Name                 Persistence-M | Bus-Id          Disp.A | Volatile Uncorr. ECC |
| Fan  Temp   Perf          Pwr:Usage/Cap |           Memory-Usage | GPU-Util  Compute M. |
|                                         |                        |               MIG M. |
|=========================================+========================+======================|
|   0  NVIDIA GeForce RTX 3090        Off |   00000000:01:00.0  On |                  N/A |
| 30%   40C    P8             32W /  350W |    3989MiB /  24576MiB |      0%      Default |
|                                         |                        |                  N/A |
+-----------------------------------------+------------------------+----------------------+
                                                                                         
+-----------------------------------------------------------------------------------------+
| Processes:                                                                              |
|  GPU   GI   CI        PID   Type   Process name                              GPU Memory |
|        ID   ID                                                               Usage      |
|=========================================================================================|
|    0   N/A  N/A      1623      G   /usr/lib/xorg/Xorg                            283MiB |
|    0   N/A  N/A      2209      G   /usr/bin/gnome-shell                           42MiB |
|    0   N/A  N/A      6135      G   ...erProcess --variations-seed-version         42MiB |
|    0   N/A  N/A     10337      G   ...local/share/Steam/ubuntu12_32/steam          6MiB |
|    0   N/A  N/A     10898      G   ./steamwebhelper                                7MiB |
|    0   N/A  N/A    161013      G   ...ommon/SteamVR/bin/linux64/vrmonitor          8MiB |
|    0   N/A  N/A    161438    C+G   ./vrwebhelper                                  21MiB |
|    0   N/A  N/A    162326      G   ...bin/vrwebhelper/linux64/vrwebhelper         14MiB |
|    0   N/A  N/A    164593      G   /opt/ros/humble/lib/rviz2/rviz2                66MiB |
|    0   N/A  N/A    187485      G   /opt/ros/humble/lib/rviz2/rviz2                66MiB |
|    0   N/A  N/A    403966    C+G   ...ine/Engine/Binaries/Linux/UE4Editor       3328MiB |
+-----------------------------------------------------------------------------------------+
---------------------------------
[2024-10-30 15:25:18] GPU Memory change detected: 243 MB
Wed Oct 30 15:25:18 2024       
+-----------------------------------------------------------------------------------------+
| NVIDIA-SMI 550.54.15              Driver Version: 550.54.15      CUDA Version: 12.4     |
|-----------------------------------------+------------------------+----------------------+
| GPU  Name                 Persistence-M | Bus-Id          Disp.A | Volatile Uncorr. ECC |
| Fan  Temp   Perf          Pwr:Usage/Cap |           Memory-Usage | GPU-Util  Compute M. |
|                                         |                        |               MIG M. |
|=========================================+========================+======================|
|   0  NVIDIA GeForce RTX 3090        Off |   00000000:01:00.0  On |                  N/A |
| 30%   40C    P8             30W /  350W |    4232MiB /  24576MiB |      1%      Default |
|                                         |                        |                  N/A |
+-----------------------------------------+------------------------+----------------------+
                                                                                         
+-----------------------------------------------------------------------------------------+
| Processes:                                                                              |
|  GPU   GI   CI        PID   Type   Process name                              GPU Memory |
|        ID   ID                                                               Usage      |
|=========================================================================================|
|    0   N/A  N/A      1623      G   /usr/lib/xorg/Xorg                            283MiB |
|    0   N/A  N/A      2209      G   /usr/bin/gnome-shell                           42MiB |
|    0   N/A  N/A      6135      G   ...erProcess --variations-seed-version         42MiB |
|    0   N/A  N/A     10337      G   ...local/share/Steam/ubuntu12_32/steam          6MiB |
|    0   N/A  N/A     10898      G   ./steamwebhelper                                7MiB |
|    0   N/A  N/A    161013      G   ...ommon/SteamVR/bin/linux64/vrmonitor          8MiB |
|    0   N/A  N/A    161438    C+G   ./vrwebhelper                                  21MiB |
|    0   N/A  N/A    162326      G   ...bin/vrwebhelper/linux64/vrwebhelper         14MiB |
|    0   N/A  N/A    164593      G   /opt/ros/humble/lib/rviz2/rviz2                66MiB |
|    0   N/A  N/A    187485      G   /opt/ros/humble/lib/rviz2/rviz2                66MiB |
|    0   N/A  N/A    403966    C+G   ...ine/Engine/Binaries/Linux/UE4Editor       3570MiB |
+-----------------------------------------------------------------------------------------+
---------------------------------
[2024-10-30 15:25:19] GPU Memory change detected: 200 MB
Wed Oct 30 15:25:19 2024       
+-----------------------------------------------------------------------------------------+
| NVIDIA-SMI 550.54.15              Driver Version: 550.54.15      CUDA Version: 12.4     |
|-----------------------------------------+------------------------+----------------------+
| GPU  Name                 Persistence-M | Bus-Id          Disp.A | Volatile Uncorr. ECC |
| Fan  Temp   Perf          Pwr:Usage/Cap |           Memory-Usage | GPU-Util  Compute M. |
|                                         |                        |               MIG M. |
|=========================================+========================+======================|
|   0  NVIDIA GeForce RTX 3090        Off |   00000000:01:00.0  On |                  N/A |
| 30%   40C    P8             28W /  350W |    4444MiB /  24576MiB |      0%      Default |
|                                         |                        |                  N/A |
+-----------------------------------------+------------------------+----------------------+
                                                                                         
+-----------------------------------------------------------------------------------------+
| Processes:                                                                              |
|  GPU   GI   CI        PID   Type   Process name                              GPU Memory |
|        ID   ID                                                               Usage      |
|=========================================================================================|
|    0   N/A  N/A      1623      G   /usr/lib/xorg/Xorg                            283MiB |
|    0   N/A  N/A      2209      G   /usr/bin/gnome-shell                           42MiB |
|    0   N/A  N/A      6135      G   ...erProcess --variations-seed-version         42MiB |
|    0   N/A  N/A     10337      G   ...local/share/Steam/ubuntu12_32/steam          6MiB |
|    0   N/A  N/A     10898      G   ./steamwebhelper                                7MiB |
|    0   N/A  N/A    161013      G   ...ommon/SteamVR/bin/linux64/vrmonitor          8MiB |
|    0   N/A  N/A    161438    C+G   ./vrwebhelper                                  21MiB |
|    0   N/A  N/A    162326      G   ...bin/vrwebhelper/linux64/vrwebhelper         14MiB |
|    0   N/A  N/A    164593      G   /opt/ros/humble/lib/rviz2/rviz2                66MiB |
|    0   N/A  N/A    187485      G   /opt/ros/humble/lib/rviz2/rviz2                66MiB |
|    0   N/A  N/A    403966    C+G   ...ine/Engine/Binaries/Linux/UE4Editor       3783MiB |
+-----------------------------------------------------------------------------------------+
---------------------------------
[2024-10-30 15:25:21] GPU Memory change detected: 327 MB
Wed Oct 30 15:25:21 2024       
+-----------------------------------------------------------------------------------------+
| NVIDIA-SMI 550.54.15              Driver Version: 550.54.15      CUDA Version: 12.4     |
|-----------------------------------------+------------------------+----------------------+
| GPU  Name                 Persistence-M | Bus-Id          Disp.A | Volatile Uncorr. ECC |
| Fan  Temp   Perf          Pwr:Usage/Cap |           Memory-Usage | GPU-Util  Compute M. |
|                                         |                        |               MIG M. |
|=========================================+========================+======================|
|   0  NVIDIA GeForce RTX 3090        Off |   00000000:01:00.0  On |                  N/A |
| 30%   45C    P0            129W /  350W |    4761MiB /  24576MiB |      4%      Default |
|                                         |                        |                  N/A |
+-----------------------------------------+------------------------+----------------------+
                                                                                         
+-----------------------------------------------------------------------------------------+
| Processes:                                                                              |
|  GPU   GI   CI        PID   Type   Process name                              GPU Memory |
|        ID   ID                                                               Usage      |
|=========================================================================================|
|    0   N/A  N/A      1623      G   /usr/lib/xorg/Xorg                            283MiB |
|    0   N/A  N/A      2209      G   /usr/bin/gnome-shell                           42MiB |
|    0   N/A  N/A      6135      G   ...erProcess --variations-seed-version         42MiB |
|    0   N/A  N/A     10337      G   ...local/share/Steam/ubuntu12_32/steam          6MiB |
|    0   N/A  N/A     10898      G   ./steamwebhelper                                7MiB |
|    0   N/A  N/A    161013      G   ...ommon/SteamVR/bin/linux64/vrmonitor          8MiB |
|    0   N/A  N/A    161438    C+G   ./vrwebhelper                                  21MiB |
|    0   N/A  N/A    162326      G   ...bin/vrwebhelper/linux64/vrwebhelper         14MiB |
|    0   N/A  N/A    164593      G   /opt/ros/humble/lib/rviz2/rviz2                66MiB |
|    0   N/A  N/A    187485      G   /opt/ros/humble/lib/rviz2/rviz2                66MiB |
|    0   N/A  N/A    403966    C+G   ...ine/Engine/Binaries/Linux/UE4Editor       4100MiB |
+-----------------------------------------------------------------------------------------+
---------------------------------
[2024-10-30 15:25:22] GPU Memory change detected: 664 MB
Wed Oct 30 15:25:22 2024       
+-----------------------------------------------------------------------------------------+
| NVIDIA-SMI 550.54.15              Driver Version: 550.54.15      CUDA Version: 12.4     |
|-----------------------------------------+------------------------+----------------------+
| GPU  Name                 Persistence-M | Bus-Id          Disp.A | Volatile Uncorr. ECC |
| Fan  Temp   Perf          Pwr:Usage/Cap |           Memory-Usage | GPU-Util  Compute M. |
|                                         |                        |               MIG M. |
|=========================================+========================+======================|
|   0  NVIDIA GeForce RTX 3090        Off |   00000000:01:00.0  On |                  N/A |
| 30%   44C    P0             74W /  350W |    5423MiB /  24576MiB |     19%      Default |
|                                         |                        |                  N/A |
+-----------------------------------------+------------------------+----------------------+
                                                                                         
+-----------------------------------------------------------------------------------------+
| Processes:                                                                              |
|  GPU   GI   CI        PID   Type   Process name                              GPU Memory |
|        ID   ID                                                               Usage      |
|=========================================================================================|
|    0   N/A  N/A      1623      G   /usr/lib/xorg/Xorg                            303MiB |
|    0   N/A  N/A      2209      G   /usr/bin/gnome-shell                           42MiB |
|    0   N/A  N/A      6135      G   ...erProcess --variations-seed-version         42MiB |
|    0   N/A  N/A     10337      G   ...local/share/Steam/ubuntu12_32/steam          6MiB |
|    0   N/A  N/A     10898      G   ./steamwebhelper                                7MiB |
|    0   N/A  N/A    161013      G   ...ommon/SteamVR/bin/linux64/vrmonitor          8MiB |
|    0   N/A  N/A    161438    C+G   ./vrwebhelper                                  21MiB |
|    0   N/A  N/A    162326      G   ...bin/vrwebhelper/linux64/vrwebhelper         14MiB |
|    0   N/A  N/A    164593      G   /opt/ros/humble/lib/rviz2/rviz2                66MiB |
|    0   N/A  N/A    187485      G   /opt/ros/humble/lib/rviz2/rviz2                66MiB |
|    0   N/A  N/A    403966    C+G   ...ine/Engine/Binaries/Linux/UE4Editor       4743MiB |
+-----------------------------------------------------------------------------------------+
---------------------------------
[2024-10-30 15:25:23] GPU Memory change detected: 280 MB
Wed Oct 30 15:25:23 2024       
+-----------------------------------------------------------------------------------------+
| NVIDIA-SMI 550.54.15              Driver Version: 550.54.15      CUDA Version: 12.4     |
|-----------------------------------------+------------------------+----------------------+
| GPU  Name                 Persistence-M | Bus-Id          Disp.A | Volatile Uncorr. ECC |
| Fan  Temp   Perf          Pwr:Usage/Cap |           Memory-Usage | GPU-Util  Compute M. |
|                                         |                        |               MIG M. |
|=========================================+========================+======================|
|   0  NVIDIA GeForce RTX 3090        Off |   00000000:01:00.0  On |                  N/A |
| 30%   44C    P0             91W /  350W |    5703MiB /  24576MiB |     13%      Default |
|                                         |                        |                  N/A |
+-----------------------------------------+------------------------+----------------------+
                                                                                         
+-----------------------------------------------------------------------------------------+
| Processes:                                                                              |
|  GPU   GI   CI        PID   Type   Process name                              GPU Memory |
|        ID   ID                                                               Usage      |
|=========================================================================================|
|    0   N/A  N/A      1623      G   /usr/lib/xorg/Xorg                            303MiB |
|    0   N/A  N/A      2209      G   /usr/bin/gnome-shell                           42MiB |
|    0   N/A  N/A      6135      G   ...erProcess --variations-seed-version         42MiB |
|    0   N/A  N/A     10337      G   ...local/share/Steam/ubuntu12_32/steam          6MiB |
|    0   N/A  N/A     10898      G   ./steamwebhelper                                7MiB |
|    0   N/A  N/A    161013      G   ...ommon/SteamVR/bin/linux64/vrmonitor          8MiB |
|    0   N/A  N/A    161438    C+G   ./vrwebhelper                                  21MiB |
|    0   N/A  N/A    162326      G   ...bin/vrwebhelper/linux64/vrwebhelper         14MiB |
|    0   N/A  N/A    164593      G   /opt/ros/humble/lib/rviz2/rviz2                66MiB |
|    0   N/A  N/A    187485      G   /opt/ros/humble/lib/rviz2/rviz2                66MiB |
|    0   N/A  N/A    403966    C+G   ...ine/Engine/Binaries/Linux/UE4Editor       5023MiB |
+-----------------------------------------------------------------------------------------+
---------------------------------
[2024-10-30 15:25:28] GPU Memory change detected: 208 MB
Wed Oct 30 15:25:28 2024       
+-----------------------------------------------------------------------------------------+
| NVIDIA-SMI 550.54.15              Driver Version: 550.54.15      CUDA Version: 12.4     |
|-----------------------------------------+------------------------+----------------------+
| GPU  Name                 Persistence-M | Bus-Id          Disp.A | Volatile Uncorr. ECC |
| Fan  Temp   Perf          Pwr:Usage/Cap |           Memory-Usage | GPU-Util  Compute M. |
|                                         |                        |               MIG M. |
|=========================================+========================+======================|
|   0  NVIDIA GeForce RTX 3090        Off |   00000000:01:00.0  On |                  N/A |
| 30%   46C    P2            101W /  350W |    5911MiB /  24576MiB |     40%      Default |
|                                         |                        |                  N/A |
+-----------------------------------------+------------------------+----------------------+
                                                                                         
+-----------------------------------------------------------------------------------------+
| Processes:                                                                              |
|  GPU   GI   CI        PID   Type   Process name                              GPU Memory |
|        ID   ID                                                               Usage      |
|=========================================================================================|
|    0   N/A  N/A      1623      G   /usr/lib/xorg/Xorg                            303MiB |
|    0   N/A  N/A      2209      G   /usr/bin/gnome-shell                           42MiB |
|    0   N/A  N/A      6135      G   ...erProcess --variations-seed-version         42MiB |
|    0   N/A  N/A     10337      G   ...local/share/Steam/ubuntu12_32/steam          6MiB |
|    0   N/A  N/A     10898      G   ./steamwebhelper                                7MiB |
|    0   N/A  N/A    161013      G   ...ommon/SteamVR/bin/linux64/vrmonitor          8MiB |
|    0   N/A  N/A    161438    C+G   ./vrwebhelper                                  21MiB |
|    0   N/A  N/A    162326      G   ...bin/vrwebhelper/linux64/vrwebhelper         14MiB |
|    0   N/A  N/A    164593      G   /opt/ros/humble/lib/rviz2/rviz2                66MiB |
|    0   N/A  N/A    187485      G   /opt/ros/humble/lib/rviz2/rviz2                66MiB |
|    0   N/A  N/A    403966    C+G   ...ine/Engine/Binaries/Linux/UE4Editor       5231MiB |
+-----------------------------------------------------------------------------------------+
---------------------------------
[2024-10-30 15:35:34] GPU Memory change detected: 204 MB
Wed Oct 30 15:35:34 2024       
+-----------------------------------------------------------------------------------------+
| NVIDIA-SMI 550.54.15              Driver Version: 550.54.15      CUDA Version: 12.4     |
|-----------------------------------------+------------------------+----------------------+
| GPU  Name                 Persistence-M | Bus-Id          Disp.A | Volatile Uncorr. ECC |
| Fan  Temp   Perf          Pwr:Usage/Cap |           Memory-Usage | GPU-Util  Compute M. |
|                                         |                        |               MIG M. |
|=========================================+========================+======================|
|   0  NVIDIA GeForce RTX 3090        Off |   00000000:01:00.0  On |                  N/A |
| 32%   55C    P8             32W /  350W |    6115MiB /  24576MiB |     22%      Default |
|                                         |                        |                  N/A |
+-----------------------------------------+------------------------+----------------------+
                                                                                         
+-----------------------------------------------------------------------------------------+
| Processes:                                                                              |
|  GPU   GI   CI        PID   Type   Process name                              GPU Memory |
|        ID   ID                                                               Usage      |
|=========================================================================================|
|    0   N/A  N/A      1623      G   /usr/lib/xorg/Xorg                            266MiB |
|    0   N/A  N/A      2209      G   /usr/bin/gnome-shell                           49MiB |
|    0   N/A  N/A      6135      G   ...erProcess --variations-seed-version         42MiB |
|    0   N/A  N/A     10337      G   ...local/share/Steam/ubuntu12_32/steam          6MiB |
|    0   N/A  N/A     10898      G   ./steamwebhelper                                7MiB |
|    0   N/A  N/A    161013      G   ...ommon/SteamVR/bin/linux64/vrmonitor          8MiB |
|    0   N/A  N/A    161438    C+G   ./vrwebhelper                                  21MiB |
|    0   N/A  N/A    162326      G   ...bin/vrwebhelper/linux64/vrwebhelper         14MiB |
|    0   N/A  N/A    403966    C+G   ...ine/Engine/Binaries/Linux/UE4Editor       5601MiB |
+-----------------------------------------------------------------------------------------+
---------------------------------
[2024-10-30 15:35:36] GPU Memory change detected: 267 MB
Wed Oct 30 15:35:36 2024       
+-----------------------------------------------------------------------------------------+
| NVIDIA-SMI 550.54.15              Driver Version: 550.54.15      CUDA Version: 12.4     |
|-----------------------------------------+------------------------+----------------------+
| GPU  Name                 Persistence-M | Bus-Id          Disp.A | Volatile Uncorr. ECC |
| Fan  Temp   Perf          Pwr:Usage/Cap |           Memory-Usage | GPU-Util  Compute M. |
|                                         |                        |               MIG M. |
|=========================================+========================+======================|
|   0  NVIDIA GeForce RTX 3090        Off |   00000000:01:00.0  On |                  N/A |
| 32%   55C    P8             32W /  350W |    6446MiB /  24576MiB |      0%      Default |
|                                         |                        |                  N/A |
+-----------------------------------------+------------------------+----------------------+
                                                                                         
+-----------------------------------------------------------------------------------------+
| Processes:                                                                              |
|  GPU   GI   CI        PID   Type   Process name                              GPU Memory |
|        ID   ID                                                               Usage      |
|=========================================================================================|
|    0   N/A  N/A      1623      G   /usr/lib/xorg/Xorg                            266MiB |
|    0   N/A  N/A      2209      G   /usr/bin/gnome-shell                           49MiB |
|    0   N/A  N/A      6135      G   ...erProcess --variations-seed-version         42MiB |
|    0   N/A  N/A     10337      G   ...local/share/Steam/ubuntu12_32/steam          6MiB |
|    0   N/A  N/A     10898      G   ./steamwebhelper                                7MiB |
|    0   N/A  N/A    161013      G   ...ommon/SteamVR/bin/linux64/vrmonitor          8MiB |
|    0   N/A  N/A    161438    C+G   ./vrwebhelper                                  21MiB |
|    0   N/A  N/A    162326      G   ...bin/vrwebhelper/linux64/vrwebhelper         14MiB |
|    0   N/A  N/A    403966    C+G   ...ine/Engine/Binaries/Linux/UE4Editor       5998MiB |
+-----------------------------------------------------------------------------------------+
---------------------------------
[2024-10-30 15:35:36] GPU Memory change detected: 259 MB
Wed Oct 30 15:35:36 2024       
+-----------------------------------------------------------------------------------------+
| NVIDIA-SMI 550.54.15              Driver Version: 550.54.15      CUDA Version: 12.4     |
|-----------------------------------------+------------------------+----------------------+
| GPU  Name                 Persistence-M | Bus-Id          Disp.A | Volatile Uncorr. ECC |
| Fan  Temp   Perf          Pwr:Usage/Cap |           Memory-Usage | GPU-Util  Compute M. |
|                                         |                        |               MIG M. |
|=========================================+========================+======================|
|   0  NVIDIA GeForce RTX 3090        Off |   00000000:01:00.0  On |                  N/A |
| 32%   55C    P8             32W /  350W |    6641MiB /  24576MiB |      0%      Default |
|                                         |                        |                  N/A |
+-----------------------------------------+------------------------+----------------------+
                                                                                         
+-----------------------------------------------------------------------------------------+
| Processes:                                                                              |
|  GPU   GI   CI        PID   Type   Process name                              GPU Memory |
|        ID   ID                                                               Usage      |
|=========================================================================================|
|    0   N/A  N/A      1623      G   /usr/lib/xorg/Xorg                            266MiB |
|    0   N/A  N/A      2209      G   /usr/bin/gnome-shell                           49MiB |
|    0   N/A  N/A      6135      G   ...erProcess --variations-seed-version         42MiB |
|    0   N/A  N/A     10337      G   ...local/share/Steam/ubuntu12_32/steam          6MiB |
|    0   N/A  N/A     10898      G   ./steamwebhelper                                7MiB |
|    0   N/A  N/A    161013      G   ...ommon/SteamVR/bin/linux64/vrmonitor          8MiB |
|    0   N/A  N/A    161438    C+G   ./vrwebhelper                                  21MiB |
|    0   N/A  N/A    162326      G   ...bin/vrwebhelper/linux64/vrwebhelper         14MiB |
|    0   N/A  N/A    403966    C+G   ...ine/Engine/Binaries/Linux/UE4Editor       6127MiB |
+-----------------------------------------------------------------------------------------+
---------------------------------
[2024-10-30 15:35:39] GPU Memory change detected: 273 MB
Wed Oct 30 15:35:39 2024       
+-----------------------------------------------------------------------------------------+
| NVIDIA-SMI 550.54.15              Driver Version: 550.54.15      CUDA Version: 12.4     |
|-----------------------------------------+------------------------+----------------------+
| GPU  Name                 Persistence-M | Bus-Id          Disp.A | Volatile Uncorr. ECC |
| Fan  Temp   Perf          Pwr:Usage/Cap |           Memory-Usage | GPU-Util  Compute M. |
|                                         |                        |               MIG M. |
|=========================================+========================+======================|
|   0  NVIDIA GeForce RTX 3090        Off |   00000000:01:00.0  On |                  N/A |
| 32%   54C    P8             32W /  350W |    6918MiB /  24576MiB |      0%      Default |
|                                         |                        |                  N/A |
+-----------------------------------------+------------------------+----------------------+
                                                                                         
+-----------------------------------------------------------------------------------------+
| Processes:                                                                              |
|  GPU   GI   CI        PID   Type   Process name                              GPU Memory |
|        ID   ID                                                               Usage      |
|=========================================================================================|
|    0   N/A  N/A      1623      G   /usr/lib/xorg/Xorg                            266MiB |
|    0   N/A  N/A      2209      G   /usr/bin/gnome-shell                           49MiB |
|    0   N/A  N/A      6135      G   ...erProcess --variations-seed-version         42MiB |
|    0   N/A  N/A     10337      G   ...local/share/Steam/ubuntu12_32/steam          6MiB |
|    0   N/A  N/A     10898      G   ./steamwebhelper                                7MiB |
|    0   N/A  N/A    161013      G   ...ommon/SteamVR/bin/linux64/vrmonitor          8MiB |
|    0   N/A  N/A    161438    C+G   ./vrwebhelper                                  21MiB |
|    0   N/A  N/A    162326      G   ...bin/vrwebhelper/linux64/vrwebhelper         14MiB |
|    0   N/A  N/A    403966    C+G   ...ine/Engine/Binaries/Linux/UE4Editor       6404MiB |
+-----------------------------------------------------------------------------------------+
---------------------------------
[2024-10-30 15:35:44] GPU Memory change detected: 234 MB
Wed Oct 30 15:35:44 2024       
+-----------------------------------------------------------------------------------------+
| NVIDIA-SMI 550.54.15              Driver Version: 550.54.15      CUDA Version: 12.4     |
|-----------------------------------------+------------------------+----------------------+
| GPU  Name                 Persistence-M | Bus-Id          Disp.A | Volatile Uncorr. ECC |
| Fan  Temp   Perf          Pwr:Usage/Cap |           Memory-Usage | GPU-Util  Compute M. |
|                                         |                        |               MIG M. |
|=========================================+========================+======================|
|   0  NVIDIA GeForce RTX 3090        Off |   00000000:01:00.0  On |                  N/A |
| 32%   54C    P8             32W /  350W |    7148MiB /  24576MiB |     56%      Default |
|                                         |                        |                  N/A |
+-----------------------------------------+------------------------+----------------------+
                                                                                         
+-----------------------------------------------------------------------------------------+
| Processes:                                                                              |
|  GPU   GI   CI        PID   Type   Process name                              GPU Memory |
|        ID   ID                                                               Usage      |
|=========================================================================================|
|    0   N/A  N/A      1623      G   /usr/lib/xorg/Xorg                            266MiB |
|    0   N/A  N/A      2209      G   /usr/bin/gnome-shell                           49MiB |
|    0   N/A  N/A      6135      G   ...erProcess --variations-seed-version         42MiB |
|    0   N/A  N/A     10337      G   ...local/share/Steam/ubuntu12_32/steam          6MiB |
|    0   N/A  N/A     10898      G   ./steamwebhelper                                7MiB |
|    0   N/A  N/A    161013      G   ...ommon/SteamVR/bin/linux64/vrmonitor          8MiB |
|    0   N/A  N/A    161438    C+G   ./vrwebhelper                                  21MiB |
|    0   N/A  N/A    162326      G   ...bin/vrwebhelper/linux64/vrwebhelper         14MiB |
|    0   N/A  N/A    403966    C+G   ...ine/Engine/Binaries/Linux/UE4Editor       6634MiB |
+-----------------------------------------------------------------------------------------+
---------------------------------
[2024-10-30 15:45:11] GPU Memory change detected: 201 MB
Wed Oct 30 15:45:11 2024       
+-----------------------------------------------------------------------------------------+
| NVIDIA-SMI 550.54.15              Driver Version: 550.54.15      CUDA Version: 12.4     |
|-----------------------------------------+------------------------+----------------------+
| GPU  Name                 Persistence-M | Bus-Id          Disp.A | Volatile Uncorr. ECC |
| Fan  Temp   Perf          Pwr:Usage/Cap |           Memory-Usage | GPU-Util  Compute M. |
|                                         |                        |               MIG M. |
|=========================================+========================+======================|
|   0  NVIDIA GeForce RTX 3090        Off |   00000000:01:00.0  On |                  N/A |
| 30%   39C    P8             31W /  350W |    7349MiB /  24576MiB |     10%      Default |
|                                         |                        |                  N/A |
+-----------------------------------------+------------------------+----------------------+
                                                                                         
+-----------------------------------------------------------------------------------------+
| Processes:                                                                              |
|  GPU   GI   CI        PID   Type   Process name                              GPU Memory |
|        ID   ID                                                               Usage      |
|=========================================================================================|
|    0   N/A  N/A      1623      G   /usr/lib/xorg/Xorg                            264MiB |
|    0   N/A  N/A      2209      G   /usr/bin/gnome-shell                           78MiB |
|    0   N/A  N/A      6135      G   ...erProcess --variations-seed-version         42MiB |
|    0   N/A  N/A     10337      G   ...local/share/Steam/ubuntu12_32/steam          6MiB |
|    0   N/A  N/A     10898      G   ./steamwebhelper                                7MiB |
|    0   N/A  N/A    161013      G   ...ommon/SteamVR/bin/linux64/vrmonitor          8MiB |
|    0   N/A  N/A    161438    C+G   ./vrwebhelper                                  21MiB |
|    0   N/A  N/A    162326      G   ...bin/vrwebhelper/linux64/vrwebhelper         14MiB |
|    0   N/A  N/A    403966    C+G   ...ine/Engine/Binaries/Linux/UE4Editor       6750MiB |
|    0   N/A  N/A    549673      G   ...13,262144 --variations-seed-version         55MiB |
+-----------------------------------------------------------------------------------------+
---------------------------------
[2024-10-30 15:45:11] GPU Memory change detected: 293 MB
Wed Oct 30 15:45:11 2024       
+-----------------------------------------------------------------------------------------+
| NVIDIA-SMI 550.54.15              Driver Version: 550.54.15      CUDA Version: 12.4     |
|-----------------------------------------+------------------------+----------------------+
| GPU  Name                 Persistence-M | Bus-Id          Disp.A | Volatile Uncorr. ECC |
| Fan  Temp   Perf          Pwr:Usage/Cap |           Memory-Usage | GPU-Util  Compute M. |
|                                         |                        |               MIG M. |
|=========================================+========================+======================|
|   0  NVIDIA GeForce RTX 3090        Off |   00000000:01:00.0  On |                  N/A |
| 30%   41C    P0             38W /  350W |    7632MiB /  24576MiB |     79%      Default |
|                                         |                        |                  N/A |
+-----------------------------------------+------------------------+----------------------+
                                                                                         
+-----------------------------------------------------------------------------------------+
| Processes:                                                                              |
|  GPU   GI   CI        PID   Type   Process name                              GPU Memory |
|        ID   ID                                                               Usage      |
|=========================================================================================|
|    0   N/A  N/A      1623      G   /usr/lib/xorg/Xorg                            246MiB |
|    0   N/A  N/A      2209      G   /usr/bin/gnome-shell                           78MiB |
|    0   N/A  N/A      6135      G   ...erProcess --variations-seed-version         42MiB |
|    0   N/A  N/A     10337      G   ...local/share/Steam/ubuntu12_32/steam          6MiB |
|    0   N/A  N/A     10898      G   ./steamwebhelper                                7MiB |
|    0   N/A  N/A    161013      G   ...ommon/SteamVR/bin/linux64/vrmonitor          8MiB |
|    0   N/A  N/A    161438    C+G   ./vrwebhelper                                  21MiB |
|    0   N/A  N/A    162326      G   ...bin/vrwebhelper/linux64/vrwebhelper         14MiB |
|    0   N/A  N/A    403966    C+G   ...ine/Engine/Binaries/Linux/UE4Editor       7021MiB |
|    0   N/A  N/A    549673      G   ...13,262144 --variations-seed-version         55MiB |
+-----------------------------------------------------------------------------------------+
---------------------------------
[2024-10-30 15:45:59] GPU Memory change detected: 548 MB
Wed Oct 30 15:45:59 2024       
+-----------------------------------------------------------------------------------------+
| NVIDIA-SMI 550.54.15              Driver Version: 550.54.15      CUDA Version: 12.4     |
|-----------------------------------------+------------------------+----------------------+
| GPU  Name                 Persistence-M | Bus-Id          Disp.A | Volatile Uncorr. ECC |
| Fan  Temp   Perf          Pwr:Usage/Cap |           Memory-Usage | GPU-Util  Compute M. |
|                                         |                        |               MIG M. |
|=========================================+========================+======================|
|   0  NVIDIA GeForce RTX 3090        Off |   00000000:01:00.0  On |                  N/A |
| 30%   42C    P5             86W /  350W |    8190MiB /  24576MiB |     30%      Default |
|                                         |                        |                  N/A |
+-----------------------------------------+------------------------+----------------------+
                                                                                         
+-----------------------------------------------------------------------------------------+
| Processes:                                                                              |
|  GPU   GI   CI        PID   Type   Process name                              GPU Memory |
|        ID   ID                                                               Usage      |
|=========================================================================================|
|    0   N/A  N/A      1623      G   /usr/lib/xorg/Xorg                            357MiB |
|    0   N/A  N/A      2209      G   /usr/bin/gnome-shell                           58MiB |
|    0   N/A  N/A      6135      G   ...erProcess --variations-seed-version         42MiB |
|    0   N/A  N/A     10337      G   ...local/share/Steam/ubuntu12_32/steam          6MiB |
|    0   N/A  N/A     10898      G   ./steamwebhelper                                7MiB |
|    0   N/A  N/A    161013      G   ...ommon/SteamVR/bin/linux64/vrmonitor          8MiB |
|    0   N/A  N/A    161438    C+G   ./vrwebhelper                                  21MiB |
|    0   N/A  N/A    162326      G   ...bin/vrwebhelper/linux64/vrwebhelper         14MiB |
|    0   N/A  N/A    403966    C+G   ...ine/Engine/Binaries/Linux/UE4Editor       7501MiB |
|    0   N/A  N/A    549673      G   ...13,262144 --variations-seed-version         55MiB |
|    0   N/A  N/A    616931      G   /opt/ros/humble/lib/rviz2/rviz2                13MiB |
+-----------------------------------------------------------------------------------------+
---------------------------------
[2024-10-30 15:45:59] GPU Memory change detected: 261 MB
Wed Oct 30 15:45:59 2024       
+-----------------------------------------------------------------------------------------+
| NVIDIA-SMI 550.54.15              Driver Version: 550.54.15      CUDA Version: 12.4     |
|-----------------------------------------+------------------------+----------------------+
| GPU  Name                 Persistence-M | Bus-Id          Disp.A | Volatile Uncorr. ECC |
| Fan  Temp   Perf          Pwr:Usage/Cap |           Memory-Usage | GPU-Util  Compute M. |
|                                         |                        |               MIG M. |
|=========================================+========================+======================|
|   0  NVIDIA GeForce RTX 3090        Off |   00000000:01:00.0  On |                  N/A |
| 30%   42C    P5             60W /  350W |    8451MiB /  24576MiB |     39%      Default |
|                                         |                        |                  N/A |
+-----------------------------------------+------------------------+----------------------+
                                                                                         
+-----------------------------------------------------------------------------------------+
| Processes:                                                                              |
|  GPU   GI   CI        PID   Type   Process name                              GPU Memory |
|        ID   ID                                                               Usage      |
|=========================================================================================|
|    0   N/A  N/A      1623      G   /usr/lib/xorg/Xorg                            357MiB |
|    0   N/A  N/A      2209      G   /usr/bin/gnome-shell                           58MiB |
|    0   N/A  N/A      6135      G   ...erProcess --variations-seed-version         42MiB |
|    0   N/A  N/A     10337      G   ...local/share/Steam/ubuntu12_32/steam          6MiB |
|    0   N/A  N/A     10898      G   ./steamwebhelper                                7MiB |
|    0   N/A  N/A    161013      G   ...ommon/SteamVR/bin/linux64/vrmonitor          8MiB |
|    0   N/A  N/A    161438    C+G   ./vrwebhelper                                  21MiB |
|    0   N/A  N/A    162326      G   ...bin/vrwebhelper/linux64/vrwebhelper         14MiB |
|    0   N/A  N/A    403966    C+G   ...ine/Engine/Binaries/Linux/UE4Editor       7762MiB |
|    0   N/A  N/A    549673      G   ...13,262144 --variations-seed-version         55MiB |
|    0   N/A  N/A    616931      G   /opt/ros/humble/lib/rviz2/rviz2                13MiB |
+-----------------------------------------------------------------------------------------+
---------------------------------
[2024-10-30 15:46:00] GPU Memory change detected: -831 MB
Wed Oct 30 15:46:00 2024       
+-----------------------------------------------------------------------------------------+
| NVIDIA-SMI 550.54.15              Driver Version: 550.54.15      CUDA Version: 12.4     |
|-----------------------------------------+------------------------+----------------------+
| GPU  Name                 Persistence-M | Bus-Id          Disp.A | Volatile Uncorr. ECC |
| Fan  Temp   Perf          Pwr:Usage/Cap |           Memory-Usage | GPU-Util  Compute M. |
|                                         |                        |               MIG M. |
|=========================================+========================+======================|
|   0  NVIDIA GeForce RTX 3090        Off |   00000000:01:00.0  On |                  N/A |
| 30%   43C    P3             50W /  350W |    7620MiB /  24576MiB |     13%      Default |
|                                         |                        |                  N/A |
+-----------------------------------------+------------------------+----------------------+
                                                                                         
+-----------------------------------------------------------------------------------------+
| Processes:                                                                              |
|  GPU   GI   CI        PID   Type   Process name                              GPU Memory |
|        ID   ID                                                               Usage      |
|=========================================================================================|
|    0   N/A  N/A      1623      G   /usr/lib/xorg/Xorg                            357MiB |
|    0   N/A  N/A      2209      G   /usr/bin/gnome-shell                           58MiB |
|    0   N/A  N/A      6135      G   ...erProcess --variations-seed-version         42MiB |
|    0   N/A  N/A     10337      G   ...local/share/Steam/ubuntu12_32/steam          6MiB |
|    0   N/A  N/A     10898      G   ./steamwebhelper                                7MiB |
|    0   N/A  N/A    161013      G   ...ommon/SteamVR/bin/linux64/vrmonitor          8MiB |
|    0   N/A  N/A    161438    C+G   ./vrwebhelper                                  21MiB |
|    0   N/A  N/A    162326      G   ...bin/vrwebhelper/linux64/vrwebhelper         14MiB |
|    0   N/A  N/A    403966    C+G   ...ine/Engine/Binaries/Linux/UE4Editor       6932MiB |
|    0   N/A  N/A    549673      G   ...13,262144 --variations-seed-version         55MiB |
|    0   N/A  N/A    616931      G   /opt/ros/humble/lib/rviz2/rviz2                12MiB |
+-----------------------------------------------------------------------------------------+
---------------------------------
[2024-10-30 15:46:31] GPU Memory change detected: 457 MB
Wed Oct 30 15:46:31 2024       
+-----------------------------------------------------------------------------------------+
| NVIDIA-SMI 550.54.15              Driver Version: 550.54.15      CUDA Version: 12.4     |
|-----------------------------------------+------------------------+----------------------+
| GPU  Name                 Persistence-M | Bus-Id          Disp.A | Volatile Uncorr. ECC |
| Fan  Temp   Perf          Pwr:Usage/Cap |           Memory-Usage | GPU-Util  Compute M. |
|                                         |                        |               MIG M. |
|=========================================+========================+======================|
|   0  NVIDIA GeForce RTX 3090        Off |   00000000:01:00.0  On |                  N/A |
| 31%   61C    P0            241W /  350W |    8157MiB /  24576MiB |     41%      Default |
|                                         |                        |                  N/A |
+-----------------------------------------+------------------------+----------------------+
                                                                                         
+-----------------------------------------------------------------------------------------+
| Processes:                                                                              |
|  GPU   GI   CI        PID   Type   Process name                              GPU Memory |
|        ID   ID                                                               Usage      |
|=========================================================================================|
|    0   N/A  N/A      1623      G   /usr/lib/xorg/Xorg                            362MiB |
|    0   N/A  N/A      2209      G   /usr/bin/gnome-shell                           59MiB |
|    0   N/A  N/A      6135      G   ...erProcess --variations-seed-version         42MiB |
|    0   N/A  N/A     10337      G   ...local/share/Steam/ubuntu12_32/steam          6MiB |
|    0   N/A  N/A     10898      G   ./steamwebhelper                                7MiB |
|    0   N/A  N/A    161013      G   ...ommon/SteamVR/bin/linux64/vrmonitor          8MiB |
|    0   N/A  N/A    161438    C+G   ./vrwebhelper                                  21MiB |
|    0   N/A  N/A    162326      G   ...bin/vrwebhelper/linux64/vrwebhelper         14MiB |
|    0   N/A  N/A    403966    C+G   ...ine/Engine/Binaries/Linux/UE4Editor       7456MiB |
|    0   N/A  N/A    549673      G   ...13,262144 --variations-seed-version         55MiB |
|    0   N/A  N/A    616931      G   /opt/ros/humble/lib/rviz2/rviz2                12MiB |
|    0   N/A  N/A    623400      G   python3                                         5MiB |
+-----------------------------------------------------------------------------------------+
---------------------------------
[2024-10-30 15:47:05] GPU Memory change detected: 210 MB
Wed Oct 30 15:47:05 2024       
+-----------------------------------------------------------------------------------------+
| NVIDIA-SMI 550.54.15              Driver Version: 550.54.15      CUDA Version: 12.4     |
|-----------------------------------------+------------------------+----------------------+
| GPU  Name                 Persistence-M | Bus-Id          Disp.A | Volatile Uncorr. ECC |
| Fan  Temp   Perf          Pwr:Usage/Cap |           Memory-Usage | GPU-Util  Compute M. |
|                                         |                        |               MIG M. |
|=========================================+========================+======================|
|   0  NVIDIA GeForce RTX 3090        Off |   00000000:01:00.0  On |                  N/A |
| 43%   66C    P2            207W /  350W |    8289MiB /  24576MiB |     34%      Default |
|                                         |                        |                  N/A |
+-----------------------------------------+------------------------+----------------------+
                                                                                         
+-----------------------------------------------------------------------------------------+
| Processes:                                                                              |
|  GPU   GI   CI        PID   Type   Process name                              GPU Memory |
|        ID   ID                                                               Usage      |
|=========================================================================================|
|    0   N/A  N/A      1623      G   /usr/lib/xorg/Xorg                            366MiB |
|    0   N/A  N/A      2209      G   /usr/bin/gnome-shell                           59MiB |
|    0   N/A  N/A      6135      G   ...erProcess --variations-seed-version         42MiB |
|    0   N/A  N/A     10337      G   ...local/share/Steam/ubuntu12_32/steam          6MiB |
|    0   N/A  N/A     10898      G   ./steamwebhelper                                7MiB |
|    0   N/A  N/A    161013      G   ...ommon/SteamVR/bin/linux64/vrmonitor          8MiB |
|    0   N/A  N/A    161438    C+G   ./vrwebhelper                                  21MiB |
|    0   N/A  N/A    162326      G   ...bin/vrwebhelper/linux64/vrwebhelper         14MiB |
|    0   N/A  N/A    403966    C+G   ...ine/Engine/Binaries/Linux/UE4Editor       7278MiB |
|    0   N/A  N/A    549673      G   ...13,262144 --variations-seed-version         55MiB |
|    0   N/A  N/A    616931      G   /opt/ros/humble/lib/rviz2/rviz2                37MiB |
|    0   N/A  N/A    623400      G   python3                                         5MiB |
|    0   N/A  N/A    630327      C   ..._centerpoint/lidar_centerpoint_node        276MiB |
+-----------------------------------------------------------------------------------------+
---------------------------------
[2024-10-30 15:47:07] GPU Memory change detected: 217 MB
Wed Oct 30 15:47:07 2024       
+-----------------------------------------------------------------------------------------+
| NVIDIA-SMI 550.54.15              Driver Version: 550.54.15      CUDA Version: 12.4     |
|-----------------------------------------+------------------------+----------------------+
| GPU  Name                 Persistence-M | Bus-Id          Disp.A | Volatile Uncorr. ECC |
| Fan  Temp   Perf          Pwr:Usage/Cap |           Memory-Usage | GPU-Util  Compute M. |
|                                         |                        |               MIG M. |
|=========================================+========================+======================|
|   0  NVIDIA GeForce RTX 3090        Off |   00000000:01:00.0  On |                  N/A |
| 43%   66C    P2            188W /  350W |    8752MiB /  24576MiB |     41%      Default |
|                                         |                        |                  N/A |
+-----------------------------------------+------------------------+----------------------+
                                                                                         
+-----------------------------------------------------------------------------------------+
| Processes:                                                                              |
|  GPU   GI   CI        PID   Type   Process name                              GPU Memory |
|        ID   ID                                                               Usage      |
|=========================================================================================|
|    0   N/A  N/A      1623      G   /usr/lib/xorg/Xorg                            366MiB |
|    0   N/A  N/A      2209      G   /usr/bin/gnome-shell                           59MiB |
|    0   N/A  N/A      6135      G   ...erProcess --variations-seed-version         42MiB |
|    0   N/A  N/A     10337      G   ...local/share/Steam/ubuntu12_32/steam          6MiB |
|    0   N/A  N/A     10898      G   ./steamwebhelper                                7MiB |
|    0   N/A  N/A    161013      G   ...ommon/SteamVR/bin/linux64/vrmonitor          8MiB |
|    0   N/A  N/A    161438    C+G   ./vrwebhelper                                  21MiB |
|    0   N/A  N/A    162326      G   ...bin/vrwebhelper/linux64/vrwebhelper         14MiB |
|    0   N/A  N/A    403966    C+G   ...ine/Engine/Binaries/Linux/UE4Editor       7278MiB |
|    0   N/A  N/A    549673      G   ...13,262144 --variations-seed-version         55MiB |
|    0   N/A  N/A    616931      G   /opt/ros/humble/lib/rviz2/rviz2                37MiB |
|    0   N/A  N/A    623400      G   python3                                         5MiB |
|    0   N/A  N/A    630327      C   ..._centerpoint/lidar_centerpoint_node        474MiB |
|    0   N/A  N/A    630736      C   ...p_components/component_container_mt        262MiB |
+-----------------------------------------------------------------------------------------+
---------------------------------
[2024-10-30 15:47:07] GPU Memory change detected: 258 MB
Wed Oct 30 15:47:07 2024       
+-----------------------------------------------------------------------------------------+
| NVIDIA-SMI 550.54.15              Driver Version: 550.54.15      CUDA Version: 12.4     |
|-----------------------------------------+------------------------+----------------------+
| GPU  Name                 Persistence-M | Bus-Id          Disp.A | Volatile Uncorr. ECC |
| Fan  Temp   Perf          Pwr:Usage/Cap |           Memory-Usage | GPU-Util  Compute M. |
|                                         |                        |               MIG M. |
|=========================================+========================+======================|
|   0  NVIDIA GeForce RTX 3090        Off |   00000000:01:00.0  On |                  N/A |
| 43%   66C    P2            189W /  350W |    8764MiB /  24576MiB |     53%      Default |
|                                         |                        |                  N/A |
+-----------------------------------------+------------------------+----------------------+
                                                                                         
+-----------------------------------------------------------------------------------------+
| Processes:                                                                              |
|  GPU   GI   CI        PID   Type   Process name                              GPU Memory |
|        ID   ID                                                               Usage      |
|=========================================================================================|
|    0   N/A  N/A      1623      G   /usr/lib/xorg/Xorg                            366MiB |
|    0   N/A  N/A      2209      G   /usr/bin/gnome-shell                           59MiB |
|    0   N/A  N/A      6135      G   ...erProcess --variations-seed-version         42MiB |
|    0   N/A  N/A     10337      G   ...local/share/Steam/ubuntu12_32/steam          6MiB |
|    0   N/A  N/A     10898      G   ./steamwebhelper                                7MiB |
|    0   N/A  N/A    161013      G   ...ommon/SteamVR/bin/linux64/vrmonitor          8MiB |
|    0   N/A  N/A    161438    C+G   ./vrwebhelper                                  21MiB |
|    0   N/A  N/A    162326      G   ...bin/vrwebhelper/linux64/vrwebhelper         14MiB |
|    0   N/A  N/A    403966    C+G   ...ine/Engine/Binaries/Linux/UE4Editor       7278MiB |
|    0   N/A  N/A    549673      G   ...13,262144 --variations-seed-version         55MiB |
|    0   N/A  N/A    616931      G   /opt/ros/humble/lib/rviz2/rviz2                37MiB |
|    0   N/A  N/A    623400      G   python3                                         5MiB |
|    0   N/A  N/A    630327      C   ..._centerpoint/lidar_centerpoint_node        476MiB |
|    0   N/A  N/A    630736      C   ...p_components/component_container_mt        272MiB |
+-----------------------------------------------------------------------------------------+
---------------------------------
[2024-10-30 15:47:07] GPU Memory change detected: 208 MB
Wed Oct 30 15:47:07 2024       
+-----------------------------------------------------------------------------------------+
| NVIDIA-SMI 550.54.15              Driver Version: 550.54.15      CUDA Version: 12.4     |
|-----------------------------------------+------------------------+----------------------+
| GPU  Name                 Persistence-M | Bus-Id          Disp.A | Volatile Uncorr. ECC |
| Fan  Temp   Perf          Pwr:Usage/Cap |           Memory-Usage | GPU-Util  Compute M. |
|                                         |                        |               MIG M. |
|=========================================+========================+======================|
|   0  NVIDIA GeForce RTX 3090        Off |   00000000:01:00.0  On |                  N/A |
| 43%   66C    P2            188W /  350W |    8980MiB /  24576MiB |     51%      Default |
|                                         |                        |                  N/A |
+-----------------------------------------+------------------------+----------------------+
                                                                                         
+-----------------------------------------------------------------------------------------+
| Processes:                                                                              |
|  GPU   GI   CI        PID   Type   Process name                              GPU Memory |
|        ID   ID                                                               Usage      |
|=========================================================================================|
|    0   N/A  N/A      1623      G   /usr/lib/xorg/Xorg                            366MiB |
|    0   N/A  N/A      2209      G   /usr/bin/gnome-shell                           59MiB |
|    0   N/A  N/A      6135      G   ...erProcess --variations-seed-version         42MiB |
|    0   N/A  N/A     10337      G   ...local/share/Steam/ubuntu12_32/steam          6MiB |
|    0   N/A  N/A     10898      G   ./steamwebhelper                                7MiB |
|    0   N/A  N/A    161013      G   ...ommon/SteamVR/bin/linux64/vrmonitor          8MiB |
|    0   N/A  N/A    161438    C+G   ./vrwebhelper                                  21MiB |
|    0   N/A  N/A    162326      G   ...bin/vrwebhelper/linux64/vrwebhelper         14MiB |
|    0   N/A  N/A    403966    C+G   ...ine/Engine/Binaries/Linux/UE4Editor       7278MiB |
|    0   N/A  N/A    549673      G   ...13,262144 --variations-seed-version         55MiB |
|    0   N/A  N/A    616931      G   /opt/ros/humble/lib/rviz2/rviz2                37MiB |
|    0   N/A  N/A    623400      G   python3                                         5MiB |
|    0   N/A  N/A    630327      C   ..._centerpoint/lidar_centerpoint_node        566MiB |
|    0   N/A  N/A    630736      C   ...p_components/component_container_mt        398MiB |
+-----------------------------------------------------------------------------------------+
---------------------------------
[2024-10-30 15:47:08] GPU Memory change detected: 220 MB
Wed Oct 30 15:47:08 2024       
+-----------------------------------------------------------------------------------------+
| NVIDIA-SMI 550.54.15              Driver Version: 550.54.15      CUDA Version: 12.4     |
|-----------------------------------------+------------------------+----------------------+
| GPU  Name                 Persistence-M | Bus-Id          Disp.A | Volatile Uncorr. ECC |
| Fan  Temp   Perf          Pwr:Usage/Cap |           Memory-Usage | GPU-Util  Compute M. |
|                                         |                        |               MIG M. |
|=========================================+========================+======================|
|   0  NVIDIA GeForce RTX 3090        Off |   00000000:01:00.0  On |                  N/A |
| 43%   67C    P2            192W /  350W |    9204MiB /  24576MiB |     53%      Default |
|                                         |                        |                  N/A |
+-----------------------------------------+------------------------+----------------------+
                                                                                         
+-----------------------------------------------------------------------------------------+
| Processes:                                                                              |
|  GPU   GI   CI        PID   Type   Process name                              GPU Memory |
|        ID   ID                                                               Usage      |
|=========================================================================================|
|    0   N/A  N/A      1623      G   /usr/lib/xorg/Xorg                            366MiB |
|    0   N/A  N/A      2209      G   /usr/bin/gnome-shell                           59MiB |
|    0   N/A  N/A      6135      G   ...erProcess --variations-seed-version         42MiB |
|    0   N/A  N/A     10337      G   ...local/share/Steam/ubuntu12_32/steam          6MiB |
|    0   N/A  N/A     10898      G   ./steamwebhelper                                7MiB |
|    0   N/A  N/A    161013      G   ...ommon/SteamVR/bin/linux64/vrmonitor          8MiB |
|    0   N/A  N/A    161438    C+G   ./vrwebhelper                                  21MiB |
|    0   N/A  N/A    162326      G   ...bin/vrwebhelper/linux64/vrwebhelper         14MiB |
|    0   N/A  N/A    403966    C+G   ...ine/Engine/Binaries/Linux/UE4Editor       7278MiB |
|    0   N/A  N/A    549673      G   ...13,262144 --variations-seed-version         55MiB |
|    0   N/A  N/A    616931      G   /opt/ros/humble/lib/rviz2/rviz2                37MiB |
|    0   N/A  N/A    623400      G   python3                                         5MiB |
|    0   N/A  N/A    630327      C   ..._centerpoint/lidar_centerpoint_node        750MiB |
|    0   N/A  N/A    630736      C   ...p_components/component_container_mt        438MiB |
+-----------------------------------------------------------------------------------------+
---------------------------------
[2024-10-30 15:47:08] GPU Memory change detected: 368 MB
Wed Oct 30 15:47:08 2024       
+-----------------------------------------------------------------------------------------+
| NVIDIA-SMI 550.54.15              Driver Version: 550.54.15      CUDA Version: 12.4     |
|-----------------------------------------+------------------------+----------------------+
| GPU  Name                 Persistence-M | Bus-Id          Disp.A | Volatile Uncorr. ECC |
| Fan  Temp   Perf          Pwr:Usage/Cap |           Memory-Usage | GPU-Util  Compute M. |
|                                         |                        |               MIG M. |
|=========================================+========================+======================|
|   0  NVIDIA GeForce RTX 3090        Off |   00000000:01:00.0  On |                  N/A |
| 44%   67C    P2            203W /  350W |    9668MiB /  24576MiB |     76%      Default |
|                                         |                        |                  N/A |
+-----------------------------------------+------------------------+----------------------+
                                                                                         
+-----------------------------------------------------------------------------------------+
| Processes:                                                                              |
|  GPU   GI   CI        PID   Type   Process name                              GPU Memory |
|        ID   ID                                                               Usage      |
|=========================================================================================|
|    0   N/A  N/A      1623      G   /usr/lib/xorg/Xorg                            366MiB |
|    0   N/A  N/A      2209      G   /usr/bin/gnome-shell                           59MiB |
|    0   N/A  N/A      6135      G   ...erProcess --variations-seed-version         42MiB |
|    0   N/A  N/A     10337      G   ...local/share/Steam/ubuntu12_32/steam          6MiB |
|    0   N/A  N/A     10898      G   ./steamwebhelper                                7MiB |
|    0   N/A  N/A    161013      G   ...ommon/SteamVR/bin/linux64/vrmonitor          8MiB |
|    0   N/A  N/A    161438    C+G   ./vrwebhelper                                  21MiB |
|    0   N/A  N/A    162326      G   ...bin/vrwebhelper/linux64/vrwebhelper         14MiB |
|    0   N/A  N/A    403966    C+G   ...ine/Engine/Binaries/Linux/UE4Editor       7278MiB |
|    0   N/A  N/A    549673      G   ...13,262144 --variations-seed-version         55MiB |
|    0   N/A  N/A    616931      G   /opt/ros/humble/lib/rviz2/rviz2                37MiB |
|    0   N/A  N/A    623400      G   python3                                         5MiB |
|    0   N/A  N/A    630327      C   ..._centerpoint/lidar_centerpoint_node       1190MiB |
|    0   N/A  N/A    630736      C   ...p_components/component_container_mt        462MiB |
+-----------------------------------------------------------------------------------------+
---------------------------------
[2024-10-30 15:47:25] GPU Memory change detected: 272 MB
Wed Oct 30 15:47:25 2024       
+-----------------------------------------------------------------------------------------+
| NVIDIA-SMI 550.54.15              Driver Version: 550.54.15      CUDA Version: 12.4     |
|-----------------------------------------+------------------------+----------------------+
| GPU  Name                 Persistence-M | Bus-Id          Disp.A | Volatile Uncorr. ECC |
| Fan  Temp   Perf          Pwr:Usage/Cap |           Memory-Usage | GPU-Util  Compute M. |
|                                         |                        |               MIG M. |
|=========================================+========================+======================|
|   0  NVIDIA GeForce RTX 3090        Off |   00000000:01:00.0  On |                  N/A |
| 45%   68C    P2            219W /  350W |    9926MiB /  24576MiB |     53%      Default |
|                                         |                        |                  N/A |
+-----------------------------------------+------------------------+----------------------+
                                                                                         
+-----------------------------------------------------------------------------------------+
| Processes:                                                                              |
|  GPU   GI   CI        PID   Type   Process name                              GPU Memory |
|        ID   ID                                                               Usage      |
|=========================================================================================|
|    0   N/A  N/A      1623      G   /usr/lib/xorg/Xorg                            366MiB |
|    0   N/A  N/A      2209      G   /usr/bin/gnome-shell                           73MiB |
|    0   N/A  N/A      6135      G   ...erProcess --variations-seed-version         54MiB |
|    0   N/A  N/A     10337      G   ...local/share/Steam/ubuntu12_32/steam          6MiB |
|    0   N/A  N/A     10898      G   ./steamwebhelper                                7MiB |
|    0   N/A  N/A    161013      G   ...ommon/SteamVR/bin/linux64/vrmonitor          8MiB |
|    0   N/A  N/A    161438    C+G   ./vrwebhelper                                  21MiB |
|    0   N/A  N/A    162326      G   ...bin/vrwebhelper/linux64/vrwebhelper         14MiB |
|    0   N/A  N/A    403966    C+G   ...ine/Engine/Binaries/Linux/UE4Editor       7278MiB |
|    0   N/A  N/A    549673      G   ...13,262144 --variations-seed-version         55MiB |
|    0   N/A  N/A    616931      G   /opt/ros/humble/lib/rviz2/rviz2               260MiB |
|    0   N/A  N/A    623400      G   python3                                         5MiB |
|    0   N/A  N/A    630327      C   ..._centerpoint/lidar_centerpoint_node       1190MiB |
|    0   N/A  N/A    630736      C   ...p_components/component_container_mt        472MiB |
+-----------------------------------------------------------------------------------------+
---------------------------------
[2024-10-30 15:48:27] GPU Memory change detected: 205 MB
Wed Oct 30 15:48:27 2024       
+-----------------------------------------------------------------------------------------+
| NVIDIA-SMI 550.54.15              Driver Version: 550.54.15      CUDA Version: 12.4     |
|-----------------------------------------+------------------------+----------------------+
| GPU  Name                 Persistence-M | Bus-Id          Disp.A | Volatile Uncorr. ECC |
| Fan  Temp   Perf          Pwr:Usage/Cap |           Memory-Usage | GPU-Util  Compute M. |
|                                         |                        |               MIG M. |
|=========================================+========================+======================|
|   0  NVIDIA GeForce RTX 3090        Off |   00000000:01:00.0  On |                  N/A |
| 50%   69C    P2            230W /  350W |   10045MiB /  24576MiB |     66%      Default |
|                                         |                        |                  N/A |
+-----------------------------------------+------------------------+----------------------+
                                                                                         
+-----------------------------------------------------------------------------------------+
| Processes:                                                                              |
|  GPU   GI   CI        PID   Type   Process name                              GPU Memory |
|        ID   ID                                                               Usage      |
|=========================================================================================|
|    0   N/A  N/A      1623      G   /usr/lib/xorg/Xorg                            376MiB |
|    0   N/A  N/A      2209      G   /usr/bin/gnome-shell                           74MiB |
|    0   N/A  N/A      6135      G   ...erProcess --variations-seed-version         47MiB |
|    0   N/A  N/A     10337      G   ...local/share/Steam/ubuntu12_32/steam          6MiB |
|    0   N/A  N/A     10898      G   ./steamwebhelper                                7MiB |
|    0   N/A  N/A    161013      G   ...ommon/SteamVR/bin/linux64/vrmonitor          8MiB |
|    0   N/A  N/A    161438    C+G   ./vrwebhelper                                  21MiB |
|    0   N/A  N/A    162326      G   ...bin/vrwebhelper/linux64/vrwebhelper         14MiB |
|    0   N/A  N/A    403966    C+G   ...ine/Engine/Binaries/Linux/UE4Editor       7286MiB |
|    0   N/A  N/A    549673      G   ...13,262144 --variations-seed-version         55MiB |
|    0   N/A  N/A    616931      G   /opt/ros/humble/lib/rviz2/rviz2               260MiB |
|    0   N/A  N/A    623400      G   python3                                         5MiB |
|    0   N/A  N/A    630327      C   ..._centerpoint/lidar_centerpoint_node       1298MiB |
|    0   N/A  N/A    630736      C   ...p_components/component_container_mt        472MiB |
+-----------------------------------------------------------------------------------------+
---------------------------------
[2024-10-30 15:48:28] GPU Memory change detected: 219 MB
Wed Oct 30 15:48:28 2024       
+-----------------------------------------------------------------------------------------+
| NVIDIA-SMI 550.54.15              Driver Version: 550.54.15      CUDA Version: 12.4     |
|-----------------------------------------+------------------------+----------------------+
| GPU  Name                 Persistence-M | Bus-Id          Disp.A | Volatile Uncorr. ECC |
| Fan  Temp   Perf          Pwr:Usage/Cap |           Memory-Usage | GPU-Util  Compute M. |
|                                         |                        |               MIG M. |
|=========================================+========================+======================|
|   0  NVIDIA GeForce RTX 3090        Off |   00000000:01:00.0  On |                  N/A |
| 50%   69C    P2            230W /  350W |   10268MiB /  24576MiB |     70%      Default |
|                                         |                        |                  N/A |
+-----------------------------------------+------------------------+----------------------+
                                                                                         
+-----------------------------------------------------------------------------------------+
| Processes:                                                                              |
|  GPU   GI   CI        PID   Type   Process name                              GPU Memory |
|        ID   ID                                                               Usage      |
|=========================================================================================|
|    0   N/A  N/A      1623      G   /usr/lib/xorg/Xorg                            376MiB |
|    0   N/A  N/A      2209      G   /usr/bin/gnome-shell                           74MiB |
|    0   N/A  N/A      6135      G   ...erProcess --variations-seed-version         47MiB |
|    0   N/A  N/A     10337      G   ...local/share/Steam/ubuntu12_32/steam          6MiB |
|    0   N/A  N/A     10898      G   ./steamwebhelper                                7MiB |
|    0   N/A  N/A    161013      G   ...ommon/SteamVR/bin/linux64/vrmonitor          8MiB |
|    0   N/A  N/A    161438    C+G   ./vrwebhelper                                  21MiB |
|    0   N/A  N/A    162326      G   ...bin/vrwebhelper/linux64/vrwebhelper         14MiB |
|    0   N/A  N/A    403966    C+G   ...ine/Engine/Binaries/Linux/UE4Editor       7286MiB |
|    0   N/A  N/A    549673      G   ...13,262144 --variations-seed-version         55MiB |
|    0   N/A  N/A    616931      G   /opt/ros/humble/lib/rviz2/rviz2               262MiB |
|    0   N/A  N/A    623400      G   python3                                         5MiB |
|    0   N/A  N/A    630327      C   ..._centerpoint/lidar_centerpoint_node       1520MiB |
|    0   N/A  N/A    630736      C   ...p_components/component_container_mt        472MiB |
+-----------------------------------------------------------------------------------------+
---------------------------------
[2024-10-30 15:48:29] GPU Memory change detected: 214 MB
Wed Oct 30 15:48:29 2024       
+-----------------------------------------------------------------------------------------+
| NVIDIA-SMI 550.54.15              Driver Version: 550.54.15      CUDA Version: 12.4     |
|-----------------------------------------+------------------------+----------------------+
| GPU  Name                 Persistence-M | Bus-Id          Disp.A | Volatile Uncorr. ECC |
| Fan  Temp   Perf          Pwr:Usage/Cap |           Memory-Usage | GPU-Util  Compute M. |
|                                         |                        |               MIG M. |
|=========================================+========================+======================|
|   0  NVIDIA GeForce RTX 3090        Off |   00000000:01:00.0  On |                  N/A |
| 50%   70C    P2            233W /  350W |   10468MiB /  24576MiB |     73%      Default |
|                                         |                        |                  N/A |
+-----------------------------------------+------------------------+----------------------+
                                                                                         
+-----------------------------------------------------------------------------------------+
| Processes:                                                                              |
|  GPU   GI   CI        PID   Type   Process name                              GPU Memory |
|        ID   ID                                                               Usage      |
|=========================================================================================|
|    0   N/A  N/A      1623      G   /usr/lib/xorg/Xorg                            376MiB |
|    0   N/A  N/A      2209      G   /usr/bin/gnome-shell                           74MiB |
|    0   N/A  N/A      6135      G   ...erProcess --variations-seed-version         47MiB |
|    0   N/A  N/A     10337      G   ...local/share/Steam/ubuntu12_32/steam          6MiB |
|    0   N/A  N/A     10898      G   ./steamwebhelper                                7MiB |
|    0   N/A  N/A    161013      G   ...ommon/SteamVR/bin/linux64/vrmonitor          8MiB |
|    0   N/A  N/A    161438    C+G   ./vrwebhelper                                  21MiB |
|    0   N/A  N/A    162326      G   ...bin/vrwebhelper/linux64/vrwebhelper         14MiB |
|    0   N/A  N/A    403966    C+G   ...ine/Engine/Binaries/Linux/UE4Editor       7286MiB |
|    0   N/A  N/A    549673      G   ...13,262144 --variations-seed-version         55MiB |
|    0   N/A  N/A    616931      G   /opt/ros/humble/lib/rviz2/rviz2               262MiB |
|    0   N/A  N/A    623400      G   python3                                         5MiB |
|    0   N/A  N/A    630327      C   ..._centerpoint/lidar_centerpoint_node       1718MiB |
|    0   N/A  N/A    630736      C   ...p_components/component_container_mt        472MiB |
+-----------------------------------------------------------------------------------------+
---------------------------------
[2024-10-30 15:49:24] GPU Memory change detected: 276 MB
Wed Oct 30 15:49:25 2024       
+-----------------------------------------------------------------------------------------+
| NVIDIA-SMI 550.54.15              Driver Version: 550.54.15      CUDA Version: 12.4     |
|-----------------------------------------+------------------------+----------------------+
| GPU  Name                 Persistence-M | Bus-Id          Disp.A | Volatile Uncorr. ECC |
| Fan  Temp   Perf          Pwr:Usage/Cap |           Memory-Usage | GPU-Util  Compute M. |
|                                         |                        |               MIG M. |
|=========================================+========================+======================|
|   0  NVIDIA GeForce RTX 3090        Off |   00000000:01:00.0  On |                  N/A |
| 55%   71C    P2            251W /  350W |   10744MiB /  24576MiB |     69%      Default |
|                                         |                        |                  N/A |
+-----------------------------------------+------------------------+----------------------+
                                                                                         
+-----------------------------------------------------------------------------------------+
| Processes:                                                                              |
|  GPU   GI   CI        PID   Type   Process name                              GPU Memory |
|        ID   ID                                                               Usage      |
|=========================================================================================|
|    0   N/A  N/A      1623      G   /usr/lib/xorg/Xorg                            376MiB |
|    0   N/A  N/A      2209      G   /usr/bin/gnome-shell                           76MiB |
|    0   N/A  N/A      6135      G   ...erProcess --variations-seed-version         47MiB |
|    0   N/A  N/A     10337      G   ...local/share/Steam/ubuntu12_32/steam          6MiB |
|    0   N/A  N/A     10898      G   ./steamwebhelper                                7MiB |
|    0   N/A  N/A    161013      G   ...ommon/SteamVR/bin/linux64/vrmonitor          8MiB |
|    0   N/A  N/A    161438    C+G   ./vrwebhelper                                  21MiB |
|    0   N/A  N/A    162326      G   ...bin/vrwebhelper/linux64/vrwebhelper         14MiB |
|    0   N/A  N/A    403966    C+G   ...ine/Engine/Binaries/Linux/UE4Editor       7557MiB |
|    0   N/A  N/A    549673      G   ...13,262144 --variations-seed-version         55MiB |
|    0   N/A  N/A    616931      G   /opt/ros/humble/lib/rviz2/rviz2               264MiB |
|    0   N/A  N/A    623400      G   python3                                         5MiB |
|    0   N/A  N/A    630327      C   ..._centerpoint/lidar_centerpoint_node       1718MiB |
|    0   N/A  N/A    630736      C   ...p_components/component_container_mt        472MiB |
+-----------------------------------------------------------------------------------------+
---------------------------------
[2024-10-30 15:57:33] GPU Memory change detected: -303 MB
Wed Oct 30 15:57:33 2024       
+-----------------------------------------------------------------------------------------+
| NVIDIA-SMI 550.54.15              Driver Version: 550.54.15      CUDA Version: 12.4     |
|-----------------------------------------+------------------------+----------------------+
| GPU  Name                 Persistence-M | Bus-Id          Disp.A | Volatile Uncorr. ECC |
| Fan  Temp   Perf          Pwr:Usage/Cap |           Memory-Usage | GPU-Util  Compute M. |
|                                         |                        |               MIG M. |
|=========================================+========================+======================|
|   0  NVIDIA GeForce RTX 3090        Off |   00000000:01:00.0  On |                  N/A |
| 58%   68C    P2            233W /  350W |   10440MiB /  24576MiB |     68%      Default |
|                                         |                        |                  N/A |
+-----------------------------------------+------------------------+----------------------+
                                                                                         
+-----------------------------------------------------------------------------------------+
| Processes:                                                                              |
|  GPU   GI   CI        PID   Type   Process name                              GPU Memory |
|        ID   ID                                                               Usage      |
|=========================================================================================|
|    0   N/A  N/A      1623      G   /usr/lib/xorg/Xorg                            298MiB |
|    0   N/A  N/A      2209      G   /usr/bin/gnome-shell                           38MiB |
|    0   N/A  N/A      6135      G   ...erProcess --variations-seed-version         47MiB |
|    0   N/A  N/A     10337      G   ...local/share/Steam/ubuntu12_32/steam          6MiB |
|    0   N/A  N/A     10898      G   ./steamwebhelper                                7MiB |
|    0   N/A  N/A    161013      G   ...ommon/SteamVR/bin/linux64/vrmonitor          8MiB |
|    0   N/A  N/A    161438    C+G   ./vrwebhelper                                  21MiB |
|    0   N/A  N/A    162326      G   ...bin/vrwebhelper/linux64/vrwebhelper         14MiB |
|    0   N/A  N/A    403966    C+G   ...ine/Engine/Binaries/Linux/UE4Editor       7639MiB |
|    0   N/A  N/A    549673      G   ...13,262144 --variations-seed-version         55MiB |
|    0   N/A  N/A    630327      C   ..._centerpoint/lidar_centerpoint_node       1718MiB |
|    0   N/A  N/A    630736      C   ...p_components/component_container_mt        472MiB |
+-----------------------------------------------------------------------------------------+
---------------------------------
[2024-10-30 17:21:08] GPU Memory change detected: -7624 MB
Wed Oct 30 17:21:08 2024       
+-----------------------------------------------------------------------------------------+
| NVIDIA-SMI 550.54.15              Driver Version: 550.54.15      CUDA Version: 12.4     |
|-----------------------------------------+------------------------+----------------------+
| GPU  Name                 Persistence-M | Bus-Id          Disp.A | Volatile Uncorr. ECC |
| Fan  Temp   Perf          Pwr:Usage/Cap |           Memory-Usage | GPU-Util  Compute M. |
|                                         |                        |               MIG M. |
|=========================================+========================+======================|
|   0  NVIDIA GeForce RTX 3090        Off |   00000000:01:00.0  On |                  N/A |
| 30%   41C    P2             41W /  350W |    2817MiB /  24576MiB |     75%      Default |
|                                         |                        |                  N/A |
+-----------------------------------------+------------------------+----------------------+
                                                                                         
+-----------------------------------------------------------------------------------------+
| Processes:                                                                              |
|  GPU   GI   CI        PID   Type   Process name                              GPU Memory |
|        ID   ID                                                               Usage      |
|=========================================================================================|
|    0   N/A  N/A      1623      G   /usr/lib/xorg/Xorg                            298MiB |
|    0   N/A  N/A      2209      G   /usr/bin/gnome-shell                           56MiB |
|    0   N/A  N/A      6135      G   ...erProcess --variations-seed-version        115MiB |
|    0   N/A  N/A     10337      G   ...local/share/Steam/ubuntu12_32/steam          6MiB |
|    0   N/A  N/A     10898      G   ./steamwebhelper                                5MiB |
|    0   N/A  N/A    161013      G   ...ommon/SteamVR/bin/linux64/vrmonitor          8MiB |
|    0   N/A  N/A    161438    C+G   ./vrwebhelper                                  21MiB |
|    0   N/A  N/A    162326      G   ...bin/vrwebhelper/linux64/vrwebhelper         14MiB |
|    0   N/A  N/A    549673      G   ...13,262144 --variations-seed-version         44MiB |
|    0   N/A  N/A    630327      C   ..._centerpoint/lidar_centerpoint_node       1718MiB |
|    0   N/A  N/A    630736      C   ...p_components/component_container_mt        472MiB |
+-----------------------------------------------------------------------------------------+
---------------------------------
[2024-10-30 17:21:16] GPU Memory change detected: -476 MB
Wed Oct 30 17:21:16 2024       
+-----------------------------------------------------------------------------------------+
| NVIDIA-SMI 550.54.15              Driver Version: 550.54.15      CUDA Version: 12.4     |
|-----------------------------------------+------------------------+----------------------+
| GPU  Name                 Persistence-M | Bus-Id          Disp.A | Volatile Uncorr. ECC |
| Fan  Temp   Perf          Pwr:Usage/Cap |           Memory-Usage | GPU-Util  Compute M. |
|                                         |                        |               MIG M. |
|=========================================+========================+======================|
|   0  NVIDIA GeForce RTX 3090        Off |   00000000:01:00.0  On |                  N/A |
| 30%   38C    P8             29W /  350W |    2341MiB /  24576MiB |      6%      Default |
|                                         |                        |                  N/A |
+-----------------------------------------+------------------------+----------------------+
                                                                                         
+-----------------------------------------------------------------------------------------+
| Processes:                                                                              |
|  GPU   GI   CI        PID   Type   Process name                              GPU Memory |
|        ID   ID                                                               Usage      |
|=========================================================================================|
|    0   N/A  N/A      1623      G   /usr/lib/xorg/Xorg                            288MiB |
|    0   N/A  N/A      2209      G   /usr/bin/gnome-shell                           62MiB |
|    0   N/A  N/A      6135      G   ...erProcess --variations-seed-version        119MiB |
|    0   N/A  N/A     10337      G   ...local/share/Steam/ubuntu12_32/steam          6MiB |
|    0   N/A  N/A     10898      G   ./steamwebhelper                                5MiB |
|    0   N/A  N/A    161013      G   ...ommon/SteamVR/bin/linux64/vrmonitor          8MiB |
|    0   N/A  N/A    161438    C+G   ./vrwebhelper                                  21MiB |
|    0   N/A  N/A    162326      G   ...bin/vrwebhelper/linux64/vrwebhelper         14MiB |
|    0   N/A  N/A    549673      G   ...13,262144 --variations-seed-version         44MiB |
+-----------------------------------------------------------------------------------------+
---------------------------------
[2024-10-30 17:21:16] GPU Memory change detected: -1724 MB
Wed Oct 30 17:21:16 2024       
+-----------------------------------------------------------------------------------------+
| NVIDIA-SMI 550.54.15              Driver Version: 550.54.15      CUDA Version: 12.4     |
|-----------------------------------------+------------------------+----------------------+
| GPU  Name                 Persistence-M | Bus-Id          Disp.A | Volatile Uncorr. ECC |
| Fan  Temp   Perf          Pwr:Usage/Cap |           Memory-Usage | GPU-Util  Compute M. |
|                                         |                        |               MIG M. |
|=========================================+========================+======================|
|   0  NVIDIA GeForce RTX 3090        Off |   00000000:01:00.0  On |                  N/A |
| 30%   38C    P8             29W /  350W |     617MiB /  24576MiB |     46%      Default |
|                                         |                        |                  N/A |
+-----------------------------------------+------------------------+----------------------+
                                                                                         
+-----------------------------------------------------------------------------------------+
| Processes:                                                                              |
|  GPU   GI   CI        PID   Type   Process name                              GPU Memory |
|        ID   ID                                                               Usage      |
|=========================================================================================|
|    0   N/A  N/A      1623      G   /usr/lib/xorg/Xorg                            288MiB |
|    0   N/A  N/A      2209      G   /usr/bin/gnome-shell                           62MiB |
|    0   N/A  N/A      6135      G   ...erProcess --variations-seed-version        119MiB |
|    0   N/A  N/A     10337      G   ...local/share/Steam/ubuntu12_32/steam          6MiB |
|    0   N/A  N/A     10898      G   ./steamwebhelper                                5MiB |
|    0   N/A  N/A    161013      G   ...ommon/SteamVR/bin/linux64/vrmonitor          8MiB |
|    0   N/A  N/A    161438    C+G   ./vrwebhelper                                  21MiB |
|    0   N/A  N/A    162326      G   ...bin/vrwebhelper/linux64/vrwebhelper         14MiB |
|    0   N/A  N/A    549673      G   ...13,262144 --variations-seed-version         44MiB |
+-----------------------------------------------------------------------------------------+
---------------------------------
[2024-10-30 17:21:21] GPU Memory change detected: 231 MB
Wed Oct 30 17:21:21 2024       
+-----------------------------------------------------------------------------------------+
| NVIDIA-SMI 550.54.15              Driver Version: 550.54.15      CUDA Version: 12.4     |
|-----------------------------------------+------------------------+----------------------+
| GPU  Name                 Persistence-M | Bus-Id          Disp.A | Volatile Uncorr. ECC |
| Fan  Temp   Perf          Pwr:Usage/Cap |           Memory-Usage | GPU-Util  Compute M. |
|                                         |                        |               MIG M. |
|=========================================+========================+======================|
|   0  NVIDIA GeForce RTX 3090        Off |   00000000:01:00.0  On |                  N/A |
| 30%   42C    P0            104W /  350W |     848MiB /  24576MiB |      2%      Default |
|                                         |                        |                  N/A |
+-----------------------------------------+------------------------+----------------------+
                                                                                         
+-----------------------------------------------------------------------------------------+
| Processes:                                                                              |
|  GPU   GI   CI        PID   Type   Process name                              GPU Memory |
|        ID   ID                                                               Usage      |
|=========================================================================================|
|    0   N/A  N/A      1623      G   /usr/lib/xorg/Xorg                            278MiB |
|    0   N/A  N/A      2209      G   /usr/bin/gnome-shell                           58MiB |
|    0   N/A  N/A      6135      G   ...erProcess --variations-seed-version        117MiB |
|    0   N/A  N/A     10337      G   ...local/share/Steam/ubuntu12_32/steam          6MiB |
|    0   N/A  N/A     10898      G   ./steamwebhelper                                5MiB |
|    0   N/A  N/A    161013      G   ...ommon/SteamVR/bin/linux64/vrmonitor          8MiB |
|    0   N/A  N/A    161438    C+G   ./vrwebhelper                                  21MiB |
|    0   N/A  N/A    162326      G   ...bin/vrwebhelper/linux64/vrwebhelper         14MiB |
|    0   N/A  N/A    549673      G   ...13,262144 --variations-seed-version         44MiB |
|    0   N/A  N/A   1539733    C+G   ...ine/Engine/Binaries/Linux/UE4Editor        203MiB |
+-----------------------------------------------------------------------------------------+
---------------------------------
[2024-10-30 17:21:25] GPU Memory change detected: 222 MB
Wed Oct 30 17:21:25 2024       
+-----------------------------------------------------------------------------------------+
| NVIDIA-SMI 550.54.15              Driver Version: 550.54.15      CUDA Version: 12.4     |
|-----------------------------------------+------------------------+----------------------+
| GPU  Name                 Persistence-M | Bus-Id          Disp.A | Volatile Uncorr. ECC |
| Fan  Temp   Perf          Pwr:Usage/Cap |           Memory-Usage | GPU-Util  Compute M. |
|                                         |                        |               MIG M. |
|=========================================+========================+======================|
|   0  NVIDIA GeForce RTX 3090        Off |   00000000:01:00.0  On |                  N/A |
| 30%   39C    P8             30W /  350W |    1070MiB /  24576MiB |     25%      Default |
|                                         |                        |                  N/A |
+-----------------------------------------+------------------------+----------------------+
                                                                                         
+-----------------------------------------------------------------------------------------+
| Processes:                                                                              |
|  GPU   GI   CI        PID   Type   Process name                              GPU Memory |
|        ID   ID                                                               Usage      |
|=========================================================================================|
|    0   N/A  N/A      1623      G   /usr/lib/xorg/Xorg                            282MiB |
|    0   N/A  N/A      2209      G   /usr/bin/gnome-shell                           62MiB |
|    0   N/A  N/A      6135      G   ...erProcess --variations-seed-version        115MiB |
|    0   N/A  N/A     10337      G   ...local/share/Steam/ubuntu12_32/steam          6MiB |
|    0   N/A  N/A     10898      G   ./steamwebhelper                                5MiB |
|    0   N/A  N/A    161013      G   ...ommon/SteamVR/bin/linux64/vrmonitor          8MiB |
|    0   N/A  N/A    161438    C+G   ./vrwebhelper                                  21MiB |
|    0   N/A  N/A    162326      G   ...bin/vrwebhelper/linux64/vrwebhelper         14MiB |
|    0   N/A  N/A    549673      G   ...13,262144 --variations-seed-version         44MiB |
|    0   N/A  N/A   1539733    C+G   ...ine/Engine/Binaries/Linux/UE4Editor        419MiB |
+-----------------------------------------------------------------------------------------+
---------------------------------
[2024-10-30 17:21:26] GPU Memory change detected: 243 MB
Wed Oct 30 17:21:26 2024       
+-----------------------------------------------------------------------------------------+
| NVIDIA-SMI 550.54.15              Driver Version: 550.54.15      CUDA Version: 12.4     |
|-----------------------------------------+------------------------+----------------------+
| GPU  Name                 Persistence-M | Bus-Id          Disp.A | Volatile Uncorr. ECC |
| Fan  Temp   Perf          Pwr:Usage/Cap |           Memory-Usage | GPU-Util  Compute M. |
|                                         |                        |               MIG M. |
|=========================================+========================+======================|
|   0  NVIDIA GeForce RTX 3090        Off |   00000000:01:00.0  On |                  N/A |
| 30%   39C    P5             30W /  350W |    1313MiB /  24576MiB |     50%      Default |
|                                         |                        |                  N/A |
+-----------------------------------------+------------------------+----------------------+
                                                                                         
+-----------------------------------------------------------------------------------------+
| Processes:                                                                              |
|  GPU   GI   CI        PID   Type   Process name                              GPU Memory |
|        ID   ID                                                               Usage      |
|=========================================================================================|
|    0   N/A  N/A      1623      G   /usr/lib/xorg/Xorg                            282MiB |
|    0   N/A  N/A      2209      G   /usr/bin/gnome-shell                           62MiB |
|    0   N/A  N/A      6135      G   ...erProcess --variations-seed-version        115MiB |
|    0   N/A  N/A     10337      G   ...local/share/Steam/ubuntu12_32/steam          6MiB |
|    0   N/A  N/A     10898      G   ./steamwebhelper                                5MiB |
|    0   N/A  N/A    161013      G   ...ommon/SteamVR/bin/linux64/vrmonitor          8MiB |
|    0   N/A  N/A    161438    C+G   ./vrwebhelper                                  21MiB |
|    0   N/A  N/A    162326      G   ...bin/vrwebhelper/linux64/vrwebhelper         14MiB |
|    0   N/A  N/A    549673      G   ...13,262144 --variations-seed-version         44MiB |
|    0   N/A  N/A   1539733    C+G   ...ine/Engine/Binaries/Linux/UE4Editor        662MiB |
+-----------------------------------------------------------------------------------------+
---------------------------------
[2024-10-30 17:21:26] GPU Memory change detected: 218 MB
Wed Oct 30 17:21:26 2024       
+-----------------------------------------------------------------------------------------+
| NVIDIA-SMI 550.54.15              Driver Version: 550.54.15      CUDA Version: 12.4     |
|-----------------------------------------+------------------------+----------------------+
| GPU  Name                 Persistence-M | Bus-Id          Disp.A | Volatile Uncorr. ECC |
| Fan  Temp   Perf          Pwr:Usage/Cap |           Memory-Usage | GPU-Util  Compute M. |
|                                         |                        |               MIG M. |
|=========================================+========================+======================|
|   0  NVIDIA GeForce RTX 3090        Off |   00000000:01:00.0  On |                  N/A |
| 30%   39C    P5             31W /  350W |    1537MiB /  24576MiB |     13%      Default |
|                                         |                        |                  N/A |
+-----------------------------------------+------------------------+----------------------+
                                                                                         
+-----------------------------------------------------------------------------------------+
| Processes:                                                                              |
|  GPU   GI   CI        PID   Type   Process name                              GPU Memory |
|        ID   ID                                                               Usage      |
|=========================================================================================|
|    0   N/A  N/A      1623      G   /usr/lib/xorg/Xorg                            282MiB |
|    0   N/A  N/A      2209      G   /usr/bin/gnome-shell                           62MiB |
|    0   N/A  N/A      6135      G   ...erProcess --variations-seed-version        115MiB |
|    0   N/A  N/A     10337      G   ...local/share/Steam/ubuntu12_32/steam          6MiB |
|    0   N/A  N/A     10898      G   ./steamwebhelper                                5MiB |
|    0   N/A  N/A    161013      G   ...ommon/SteamVR/bin/linux64/vrmonitor          8MiB |
|    0   N/A  N/A    161438    C+G   ./vrwebhelper                                  21MiB |
|    0   N/A  N/A    162326      G   ...bin/vrwebhelper/linux64/vrwebhelper         14MiB |
|    0   N/A  N/A    549673      G   ...13,262144 --variations-seed-version         44MiB |
|    0   N/A  N/A   1539733    C+G   ...ine/Engine/Binaries/Linux/UE4Editor        887MiB |
+-----------------------------------------------------------------------------------------+
---------------------------------
[2024-10-30 17:21:27] GPU Memory change detected: 233 MB
Wed Oct 30 17:21:27 2024       
+-----------------------------------------------------------------------------------------+
| NVIDIA-SMI 550.54.15              Driver Version: 550.54.15      CUDA Version: 12.4     |
|-----------------------------------------+------------------------+----------------------+
| GPU  Name                 Persistence-M | Bus-Id          Disp.A | Volatile Uncorr. ECC |
| Fan  Temp   Perf          Pwr:Usage/Cap |           Memory-Usage | GPU-Util  Compute M. |
|                                         |                        |               MIG M. |
|=========================================+========================+======================|
|   0  NVIDIA GeForce RTX 3090        Off |   00000000:01:00.0  On |                  N/A |
| 30%   39C    P5             33W /  350W |    1767MiB /  24576MiB |      1%      Default |
|                                         |                        |                  N/A |
+-----------------------------------------+------------------------+----------------------+
                                                                                         
+-----------------------------------------------------------------------------------------+
| Processes:                                                                              |
|  GPU   GI   CI        PID   Type   Process name                              GPU Memory |
|        ID   ID                                                               Usage      |
|=========================================================================================|
|    0   N/A  N/A      1623      G   /usr/lib/xorg/Xorg                            282MiB |
|    0   N/A  N/A      2209      G   /usr/bin/gnome-shell                           62MiB |
|    0   N/A  N/A      6135      G   ...erProcess --variations-seed-version        115MiB |
|    0   N/A  N/A     10337      G   ...local/share/Steam/ubuntu12_32/steam          6MiB |
|    0   N/A  N/A     10898      G   ./steamwebhelper                                5MiB |
|    0   N/A  N/A    161013      G   ...ommon/SteamVR/bin/linux64/vrmonitor          8MiB |
|    0   N/A  N/A    161438    C+G   ./vrwebhelper                                  21MiB |
|    0   N/A  N/A    162326      G   ...bin/vrwebhelper/linux64/vrwebhelper         14MiB |
|    0   N/A  N/A    549673      G   ...13,262144 --variations-seed-version         44MiB |
|    0   N/A  N/A   1539733    C+G   ...ine/Engine/Binaries/Linux/UE4Editor       1115MiB |
+-----------------------------------------------------------------------------------------+
---------------------------------
[2024-10-30 17:21:27] GPU Memory change detected: 245 MB
Wed Oct 30 17:21:27 2024       
+-----------------------------------------------------------------------------------------+
| NVIDIA-SMI 550.54.15              Driver Version: 550.54.15      CUDA Version: 12.4     |
|-----------------------------------------+------------------------+----------------------+
| GPU  Name                 Persistence-M | Bus-Id          Disp.A | Volatile Uncorr. ECC |
| Fan  Temp   Perf          Pwr:Usage/Cap |           Memory-Usage | GPU-Util  Compute M. |
|                                         |                        |               MIG M. |
|=========================================+========================+======================|
|   0  NVIDIA GeForce RTX 3090        Off |   00000000:01:00.0  On |                  N/A |
| 30%   39C    P5             33W /  350W |    2114MiB /  24576MiB |      3%      Default |
|                                         |                        |                  N/A |
+-----------------------------------------+------------------------+----------------------+
                                                                                         
+-----------------------------------------------------------------------------------------+
| Processes:                                                                              |
|  GPU   GI   CI        PID   Type   Process name                              GPU Memory |
|        ID   ID                                                               Usage      |
|=========================================================================================|
|    0   N/A  N/A      1623      G   /usr/lib/xorg/Xorg                            282MiB |
|    0   N/A  N/A      2209      G   /usr/bin/gnome-shell                           62MiB |
|    0   N/A  N/A      6135      G   ...erProcess --variations-seed-version        115MiB |
|    0   N/A  N/A     10337      G   ...local/share/Steam/ubuntu12_32/steam          6MiB |
|    0   N/A  N/A     10898      G   ./steamwebhelper                                5MiB |
|    0   N/A  N/A    161013      G   ...ommon/SteamVR/bin/linux64/vrmonitor          8MiB |
|    0   N/A  N/A    161438    C+G   ./vrwebhelper                                  21MiB |
|    0   N/A  N/A    162326      G   ...bin/vrwebhelper/linux64/vrwebhelper         14MiB |
|    0   N/A  N/A    549673      G   ...13,262144 --variations-seed-version         44MiB |
|    0   N/A  N/A   1539733    C+G   ...ine/Engine/Binaries/Linux/UE4Editor       1464MiB |
+-----------------------------------------------------------------------------------------+
---------------------------------
[2024-10-30 17:21:28] GPU Memory change detected: 225 MB
Wed Oct 30 17:21:28 2024       
+-----------------------------------------------------------------------------------------+
| NVIDIA-SMI 550.54.15              Driver Version: 550.54.15      CUDA Version: 12.4     |
|-----------------------------------------+------------------------+----------------------+
| GPU  Name                 Persistence-M | Bus-Id          Disp.A | Volatile Uncorr. ECC |
| Fan  Temp   Perf          Pwr:Usage/Cap |           Memory-Usage | GPU-Util  Compute M. |
|                                         |                        |               MIG M. |
|=========================================+========================+======================|
|   0  NVIDIA GeForce RTX 3090        Off |   00000000:01:00.0  On |                  N/A |
| 30%   39C    P5             33W /  350W |    2243MiB /  24576MiB |     49%      Default |
|                                         |                        |                  N/A |
+-----------------------------------------+------------------------+----------------------+
                                                                                         
+-----------------------------------------------------------------------------------------+
| Processes:                                                                              |
|  GPU   GI   CI        PID   Type   Process name                              GPU Memory |
|        ID   ID                                                               Usage      |
|=========================================================================================|
|    0   N/A  N/A      1623      G   /usr/lib/xorg/Xorg                            282MiB |
|    0   N/A  N/A      2209      G   /usr/bin/gnome-shell                           62MiB |
|    0   N/A  N/A      6135      G   ...erProcess --variations-seed-version        115MiB |
|    0   N/A  N/A     10337      G   ...local/share/Steam/ubuntu12_32/steam          6MiB |
|    0   N/A  N/A     10898      G   ./steamwebhelper                                5MiB |
|    0   N/A  N/A    161013      G   ...ommon/SteamVR/bin/linux64/vrmonitor          8MiB |
|    0   N/A  N/A    161438    C+G   ./vrwebhelper                                  21MiB |
|    0   N/A  N/A    162326      G   ...bin/vrwebhelper/linux64/vrwebhelper         14MiB |
|    0   N/A  N/A    549673      G   ...13,262144 --variations-seed-version         44MiB |
|    0   N/A  N/A   1539733    C+G   ...ine/Engine/Binaries/Linux/UE4Editor       1596MiB |
+-----------------------------------------------------------------------------------------+
---------------------------------
[2024-10-30 17:21:28] GPU Memory change detected: 212 MB
Wed Oct 30 17:21:28 2024       
+-----------------------------------------------------------------------------------------+
| NVIDIA-SMI 550.54.15              Driver Version: 550.54.15      CUDA Version: 12.4     |
|-----------------------------------------+------------------------+----------------------+
| GPU  Name                 Persistence-M | Bus-Id          Disp.A | Volatile Uncorr. ECC |
| Fan  Temp   Perf          Pwr:Usage/Cap |           Memory-Usage | GPU-Util  Compute M. |
|                                         |                        |               MIG M. |
|=========================================+========================+======================|
|   0  NVIDIA GeForce RTX 3090        Off |   00000000:01:00.0  On |                  N/A |
| 30%   39C    P5             33W /  350W |    2455MiB /  24576MiB |     65%      Default |
|                                         |                        |                  N/A |
+-----------------------------------------+------------------------+----------------------+
                                                                                         
+-----------------------------------------------------------------------------------------+
| Processes:                                                                              |
|  GPU   GI   CI        PID   Type   Process name                              GPU Memory |
|        ID   ID                                                               Usage      |
|=========================================================================================|
|    0   N/A  N/A      1623      G   /usr/lib/xorg/Xorg                            282MiB |
|    0   N/A  N/A      2209      G   /usr/bin/gnome-shell                           62MiB |
|    0   N/A  N/A      6135      G   ...erProcess --variations-seed-version        115MiB |
|    0   N/A  N/A     10337      G   ...local/share/Steam/ubuntu12_32/steam          6MiB |
|    0   N/A  N/A     10898      G   ./steamwebhelper                                5MiB |
|    0   N/A  N/A    161013      G   ...ommon/SteamVR/bin/linux64/vrmonitor          8MiB |
|    0   N/A  N/A    161438    C+G   ./vrwebhelper                                  21MiB |
|    0   N/A  N/A    162326      G   ...bin/vrwebhelper/linux64/vrwebhelper         14MiB |
|    0   N/A  N/A    549673      G   ...13,262144 --variations-seed-version         44MiB |
|    0   N/A  N/A   1539733    C+G   ...ine/Engine/Binaries/Linux/UE4Editor       1803MiB |
+-----------------------------------------------------------------------------------------+
---------------------------------
[2024-10-30 17:21:28] GPU Memory change detected: 213 MB
Wed Oct 30 17:21:28 2024       
+-----------------------------------------------------------------------------------------+
| NVIDIA-SMI 550.54.15              Driver Version: 550.54.15      CUDA Version: 12.4     |
|-----------------------------------------+------------------------+----------------------+
| GPU  Name                 Persistence-M | Bus-Id          Disp.A | Volatile Uncorr. ECC |
| Fan  Temp   Perf          Pwr:Usage/Cap |           Memory-Usage | GPU-Util  Compute M. |
|                                         |                        |               MIG M. |
|=========================================+========================+======================|
|   0  NVIDIA GeForce RTX 3090        Off |   00000000:01:00.0  On |                  N/A |
| 30%   39C    P5             34W /  350W |    2659MiB /  24576MiB |      1%      Default |
|                                         |                        |                  N/A |
+-----------------------------------------+------------------------+----------------------+
                                                                                         
+-----------------------------------------------------------------------------------------+
| Processes:                                                                              |
|  GPU   GI   CI        PID   Type   Process name                              GPU Memory |
|        ID   ID                                                               Usage      |
|=========================================================================================|
|    0   N/A  N/A      1623      G   /usr/lib/xorg/Xorg                            282MiB |
|    0   N/A  N/A      2209      G   /usr/bin/gnome-shell                           62MiB |
|    0   N/A  N/A      6135      G   ...erProcess --variations-seed-version        115MiB |
|    0   N/A  N/A     10337      G   ...local/share/Steam/ubuntu12_32/steam          6MiB |
|    0   N/A  N/A     10898      G   ./steamwebhelper                                5MiB |
|    0   N/A  N/A    161013      G   ...ommon/SteamVR/bin/linux64/vrmonitor          8MiB |
|    0   N/A  N/A    161438    C+G   ./vrwebhelper                                  21MiB |
|    0   N/A  N/A    162326      G   ...bin/vrwebhelper/linux64/vrwebhelper         14MiB |
|    0   N/A  N/A    549673      G   ...13,262144 --variations-seed-version         44MiB |
|    0   N/A  N/A   1539733    C+G   ...ine/Engine/Binaries/Linux/UE4Editor       2007MiB |
+-----------------------------------------------------------------------------------------+
---------------------------------
[2024-10-30 17:21:29] GPU Memory change detected: 215 MB
Wed Oct 30 17:21:29 2024       
+-----------------------------------------------------------------------------------------+
| NVIDIA-SMI 550.54.15              Driver Version: 550.54.15      CUDA Version: 12.4     |
|-----------------------------------------+------------------------+----------------------+
| GPU  Name                 Persistence-M | Bus-Id          Disp.A | Volatile Uncorr. ECC |
| Fan  Temp   Perf          Pwr:Usage/Cap |           Memory-Usage | GPU-Util  Compute M. |
|                                         |                        |               MIG M. |
|=========================================+========================+======================|
|   0  NVIDIA GeForce RTX 3090        Off |   00000000:01:00.0  On |                  N/A |
| 30%   39C    P5             34W /  350W |    2878MiB /  24576MiB |      0%      Default |
|                                         |                        |                  N/A |
+-----------------------------------------+------------------------+----------------------+
                                                                                         
+-----------------------------------------------------------------------------------------+
| Processes:                                                                              |
|  GPU   GI   CI        PID   Type   Process name                              GPU Memory |
|        ID   ID                                                               Usage      |
|=========================================================================================|
|    0   N/A  N/A      1623      G   /usr/lib/xorg/Xorg                            282MiB |
|    0   N/A  N/A      2209      G   /usr/bin/gnome-shell                           62MiB |
|    0   N/A  N/A      6135      G   ...erProcess --variations-seed-version        115MiB |
|    0   N/A  N/A     10337      G   ...local/share/Steam/ubuntu12_32/steam          6MiB |
|    0   N/A  N/A     10898      G   ./steamwebhelper                                5MiB |
|    0   N/A  N/A    161013      G   ...ommon/SteamVR/bin/linux64/vrmonitor          8MiB |
|    0   N/A  N/A    161438    C+G   ./vrwebhelper                                  21MiB |
|    0   N/A  N/A    162326      G   ...bin/vrwebhelper/linux64/vrwebhelper         14MiB |
|    0   N/A  N/A    549673      G   ...13,262144 --variations-seed-version         44MiB |
|    0   N/A  N/A   1539733    C+G   ...ine/Engine/Binaries/Linux/UE4Editor       2230MiB |
+-----------------------------------------------------------------------------------------+
---------------------------------
[2024-10-30 17:21:29] GPU Memory change detected: 210 MB
Wed Oct 30 17:21:29 2024       
+-----------------------------------------------------------------------------------------+
| NVIDIA-SMI 550.54.15              Driver Version: 550.54.15      CUDA Version: 12.4     |
|-----------------------------------------+------------------------+----------------------+
| GPU  Name                 Persistence-M | Bus-Id          Disp.A | Volatile Uncorr. ECC |
| Fan  Temp   Perf          Pwr:Usage/Cap |           Memory-Usage | GPU-Util  Compute M. |
|                                         |                        |               MIG M. |
|=========================================+========================+======================|
|   0  NVIDIA GeForce RTX 3090        Off |   00000000:01:00.0  On |                  N/A |
| 30%   39C    P5             34W /  350W |    3098MiB /  24576MiB |      1%      Default |
|                                         |                        |                  N/A |
+-----------------------------------------+------------------------+----------------------+
                                                                                         
+-----------------------------------------------------------------------------------------+
| Processes:                                                                              |
|  GPU   GI   CI        PID   Type   Process name                              GPU Memory |
|        ID   ID                                                               Usage      |
|=========================================================================================|
|    0   N/A  N/A      1623      G   /usr/lib/xorg/Xorg                            282MiB |
|    0   N/A  N/A      2209      G   /usr/bin/gnome-shell                           62MiB |
|    0   N/A  N/A      6135      G   ...erProcess --variations-seed-version        115MiB |
|    0   N/A  N/A     10337      G   ...local/share/Steam/ubuntu12_32/steam          6MiB |
|    0   N/A  N/A     10898      G   ./steamwebhelper                                5MiB |
|    0   N/A  N/A    161013      G   ...ommon/SteamVR/bin/linux64/vrmonitor          8MiB |
|    0   N/A  N/A    161438    C+G   ./vrwebhelper                                  21MiB |
|    0   N/A  N/A    162326      G   ...bin/vrwebhelper/linux64/vrwebhelper         14MiB |
|    0   N/A  N/A    549673      G   ...13,262144 --variations-seed-version         44MiB |
|    0   N/A  N/A   1539733    C+G   ...ine/Engine/Binaries/Linux/UE4Editor       2446MiB |
+-----------------------------------------------------------------------------------------+
---------------------------------
[2024-10-30 17:21:30] GPU Memory change detected: 235 MB
Wed Oct 30 17:21:30 2024       
+-----------------------------------------------------------------------------------------+
| NVIDIA-SMI 550.54.15              Driver Version: 550.54.15      CUDA Version: 12.4     |
|-----------------------------------------+------------------------+----------------------+
| GPU  Name                 Persistence-M | Bus-Id          Disp.A | Volatile Uncorr. ECC |
| Fan  Temp   Perf          Pwr:Usage/Cap |           Memory-Usage | GPU-Util  Compute M. |
|                                         |                        |               MIG M. |
|=========================================+========================+======================|
|   0  NVIDIA GeForce RTX 3090        Off |   00000000:01:00.0  On |                  N/A |
| 30%   39C    P5             34W /  350W |    3331MiB /  24576MiB |      2%      Default |
|                                         |                        |                  N/A |
+-----------------------------------------+------------------------+----------------------+
                                                                                         
+-----------------------------------------------------------------------------------------+
| Processes:                                                                              |
|  GPU   GI   CI        PID   Type   Process name                              GPU Memory |
|        ID   ID                                                               Usage      |
|=========================================================================================|
|    0   N/A  N/A      1623      G   /usr/lib/xorg/Xorg                            282MiB |
|    0   N/A  N/A      2209      G   /usr/bin/gnome-shell                           62MiB |
|    0   N/A  N/A      6135      G   ...erProcess --variations-seed-version        115MiB |
|    0   N/A  N/A     10337      G   ...local/share/Steam/ubuntu12_32/steam          6MiB |
|    0   N/A  N/A     10898      G   ./steamwebhelper                                5MiB |
|    0   N/A  N/A    161013      G   ...ommon/SteamVR/bin/linux64/vrmonitor          8MiB |
|    0   N/A  N/A    161438    C+G   ./vrwebhelper                                  21MiB |
|    0   N/A  N/A    162326      G   ...bin/vrwebhelper/linux64/vrwebhelper         14MiB |
|    0   N/A  N/A    549673      G   ...13,262144 --variations-seed-version         44MiB |
|    0   N/A  N/A   1539733    C+G   ...ine/Engine/Binaries/Linux/UE4Editor       2679MiB |
+-----------------------------------------------------------------------------------------+
---------------------------------
[2024-10-30 17:21:30] GPU Memory change detected: 211 MB
Wed Oct 30 17:21:30 2024       
+-----------------------------------------------------------------------------------------+
| NVIDIA-SMI 550.54.15              Driver Version: 550.54.15      CUDA Version: 12.4     |
|-----------------------------------------+------------------------+----------------------+
| GPU  Name                 Persistence-M | Bus-Id          Disp.A | Volatile Uncorr. ECC |
| Fan  Temp   Perf          Pwr:Usage/Cap |           Memory-Usage | GPU-Util  Compute M. |
|                                         |                        |               MIG M. |
|=========================================+========================+======================|
|   0  NVIDIA GeForce RTX 3090        Off |   00000000:01:00.0  On |                  N/A |
| 30%   39C    P8             34W /  350W |    3530MiB /  24576MiB |      0%      Default |
|                                         |                        |                  N/A |
+-----------------------------------------+------------------------+----------------------+
                                                                                         
+-----------------------------------------------------------------------------------------+
| Processes:                                                                              |
|  GPU   GI   CI        PID   Type   Process name                              GPU Memory |
|        ID   ID                                                               Usage      |
|=========================================================================================|
|    0   N/A  N/A      1623      G   /usr/lib/xorg/Xorg                            282MiB |
|    0   N/A  N/A      2209      G   /usr/bin/gnome-shell                           62MiB |
|    0   N/A  N/A      6135      G   ...erProcess --variations-seed-version        115MiB |
|    0   N/A  N/A     10337      G   ...local/share/Steam/ubuntu12_32/steam          6MiB |
|    0   N/A  N/A     10898      G   ./steamwebhelper                                5MiB |
|    0   N/A  N/A    161013      G   ...ommon/SteamVR/bin/linux64/vrmonitor          8MiB |
|    0   N/A  N/A    161438    C+G   ./vrwebhelper                                  21MiB |
|    0   N/A  N/A    162326      G   ...bin/vrwebhelper/linux64/vrwebhelper         14MiB |
|    0   N/A  N/A    549673      G   ...13,262144 --variations-seed-version         44MiB |
|    0   N/A  N/A   1539733    C+G   ...ine/Engine/Binaries/Linux/UE4Editor       2878MiB |
+-----------------------------------------------------------------------------------------+
---------------------------------
[2024-10-30 17:21:30] GPU Memory change detected: 220 MB
Wed Oct 30 17:21:30 2024       
+-----------------------------------------------------------------------------------------+
| NVIDIA-SMI 550.54.15              Driver Version: 550.54.15      CUDA Version: 12.4     |
|-----------------------------------------+------------------------+----------------------+
| GPU  Name                 Persistence-M | Bus-Id          Disp.A | Volatile Uncorr. ECC |
| Fan  Temp   Perf          Pwr:Usage/Cap |           Memory-Usage | GPU-Util  Compute M. |
|                                         |                        |               MIG M. |
|=========================================+========================+======================|
|   0  NVIDIA GeForce RTX 3090        Off |   00000000:01:00.0  On |                  N/A |
| 30%   39C    P8             32W /  350W |    3755MiB /  24576MiB |     13%      Default |
|                                         |                        |                  N/A |
+-----------------------------------------+------------------------+----------------------+
                                                                                         
+-----------------------------------------------------------------------------------------+
| Processes:                                                                              |
|  GPU   GI   CI        PID   Type   Process name                              GPU Memory |
|        ID   ID                                                               Usage      |
|=========================================================================================|
|    0   N/A  N/A      1623      G   /usr/lib/xorg/Xorg                            282MiB |
|    0   N/A  N/A      2209      G   /usr/bin/gnome-shell                           62MiB |
|    0   N/A  N/A      6135      G   ...erProcess --variations-seed-version        115MiB |
|    0   N/A  N/A     10337      G   ...local/share/Steam/ubuntu12_32/steam          6MiB |
|    0   N/A  N/A     10898      G   ./steamwebhelper                                5MiB |
|    0   N/A  N/A    161013      G   ...ommon/SteamVR/bin/linux64/vrmonitor          8MiB |
|    0   N/A  N/A    161438    C+G   ./vrwebhelper                                  21MiB |
|    0   N/A  N/A    162326      G   ...bin/vrwebhelper/linux64/vrwebhelper         14MiB |
|    0   N/A  N/A    549673      G   ...13,262144 --variations-seed-version         44MiB |
|    0   N/A  N/A   1539733    C+G   ...ine/Engine/Binaries/Linux/UE4Editor       3106MiB |
+-----------------------------------------------------------------------------------------+
---------------------------------
[2024-10-30 17:21:31] GPU Memory change detected: 231 MB
Wed Oct 30 17:21:31 2024       
+-----------------------------------------------------------------------------------------+
| NVIDIA-SMI 550.54.15              Driver Version: 550.54.15      CUDA Version: 12.4     |
|-----------------------------------------+------------------------+----------------------+
| GPU  Name                 Persistence-M | Bus-Id          Disp.A | Volatile Uncorr. ECC |
| Fan  Temp   Perf          Pwr:Usage/Cap |           Memory-Usage | GPU-Util  Compute M. |
|                                         |                        |               MIG M. |
|=========================================+========================+======================|
|   0  NVIDIA GeForce RTX 3090        Off |   00000000:01:00.0  On |                  N/A |
| 30%   39C    P8             31W /  350W |    4009MiB /  24576MiB |     15%      Default |
|                                         |                        |                  N/A |
+-----------------------------------------+------------------------+----------------------+
                                                                                         
+-----------------------------------------------------------------------------------------+
| Processes:                                                                              |
|  GPU   GI   CI        PID   Type   Process name                              GPU Memory |
|        ID   ID                                                               Usage      |
|=========================================================================================|
|    0   N/A  N/A      1623      G   /usr/lib/xorg/Xorg                            282MiB |
|    0   N/A  N/A      2209      G   /usr/bin/gnome-shell                           62MiB |
|    0   N/A  N/A      6135      G   ...erProcess --variations-seed-version        115MiB |
|    0   N/A  N/A     10337      G   ...local/share/Steam/ubuntu12_32/steam          6MiB |
|    0   N/A  N/A     10898      G   ./steamwebhelper                                5MiB |
|    0   N/A  N/A    161013      G   ...ommon/SteamVR/bin/linux64/vrmonitor          8MiB |
|    0   N/A  N/A    161438    C+G   ./vrwebhelper                                  21MiB |
|    0   N/A  N/A    162326      G   ...bin/vrwebhelper/linux64/vrwebhelper         14MiB |
|    0   N/A  N/A    549673      G   ...13,262144 --variations-seed-version         44MiB |
|    0   N/A  N/A   1539733    C+G   ...ine/Engine/Binaries/Linux/UE4Editor       3357MiB |
+-----------------------------------------------------------------------------------------+
---------------------------------
[2024-10-30 17:21:31] GPU Memory change detected: 242 MB
Wed Oct 30 17:21:31 2024       
+-----------------------------------------------------------------------------------------+
| NVIDIA-SMI 550.54.15              Driver Version: 550.54.15      CUDA Version: 12.4     |
|-----------------------------------------+------------------------+----------------------+
| GPU  Name                 Persistence-M | Bus-Id          Disp.A | Volatile Uncorr. ECC |
| Fan  Temp   Perf          Pwr:Usage/Cap |           Memory-Usage | GPU-Util  Compute M. |
|                                         |                        |               MIG M. |
|=========================================+========================+======================|
|   0  NVIDIA GeForce RTX 3090        Off |   00000000:01:00.0  On |                  N/A |
| 30%   39C    P8             30W /  350W |    4223MiB /  24576MiB |     15%      Default |
|                                         |                        |                  N/A |
+-----------------------------------------+------------------------+----------------------+
                                                                                         
+-----------------------------------------------------------------------------------------+
| Processes:                                                                              |
|  GPU   GI   CI        PID   Type   Process name                              GPU Memory |
|        ID   ID                                                               Usage      |
|=========================================================================================|
|    0   N/A  N/A      1623      G   /usr/lib/xorg/Xorg                            282MiB |
|    0   N/A  N/A      2209      G   /usr/bin/gnome-shell                           62MiB |
|    0   N/A  N/A      6135      G   ...erProcess --variations-seed-version        115MiB |
|    0   N/A  N/A     10337      G   ...local/share/Steam/ubuntu12_32/steam          6MiB |
|    0   N/A  N/A     10898      G   ./steamwebhelper                                5MiB |
|    0   N/A  N/A    161013      G   ...ommon/SteamVR/bin/linux64/vrmonitor          8MiB |
|    0   N/A  N/A    161438    C+G   ./vrwebhelper                                  21MiB |
|    0   N/A  N/A    162326      G   ...bin/vrwebhelper/linux64/vrwebhelper         14MiB |
|    0   N/A  N/A    549673      G   ...13,262144 --variations-seed-version         44MiB |
|    0   N/A  N/A   1539733    C+G   ...ine/Engine/Binaries/Linux/UE4Editor       3570MiB |
+-----------------------------------------------------------------------------------------+
---------------------------------
[2024-10-30 17:21:31] GPU Memory change detected: 226 MB
Wed Oct 30 17:21:31 2024       
+-----------------------------------------------------------------------------------------+
| NVIDIA-SMI 550.54.15              Driver Version: 550.54.15      CUDA Version: 12.4     |
|-----------------------------------------+------------------------+----------------------+
| GPU  Name                 Persistence-M | Bus-Id          Disp.A | Volatile Uncorr. ECC |
| Fan  Temp   Perf          Pwr:Usage/Cap |           Memory-Usage | GPU-Util  Compute M. |
|                                         |                        |               MIG M. |
|=========================================+========================+======================|
|   0  NVIDIA GeForce RTX 3090        Off |   00000000:01:00.0  On |                  N/A |
| 30%   39C    P8             30W /  350W |    4451MiB /  24576MiB |     16%      Default |
|                                         |                        |                  N/A |
+-----------------------------------------+------------------------+----------------------+
                                                                                         
+-----------------------------------------------------------------------------------------+
| Processes:                                                                              |
|  GPU   GI   CI        PID   Type   Process name                              GPU Memory |
|        ID   ID                                                               Usage      |
|=========================================================================================|
|    0   N/A  N/A      1623      G   /usr/lib/xorg/Xorg                            282MiB |
|    0   N/A  N/A      2209      G   /usr/bin/gnome-shell                           62MiB |
|    0   N/A  N/A      6135      G   ...erProcess --variations-seed-version        115MiB |
|    0   N/A  N/A     10337      G   ...local/share/Steam/ubuntu12_32/steam          6MiB |
|    0   N/A  N/A     10898      G   ./steamwebhelper                                5MiB |
|    0   N/A  N/A    161013      G   ...ommon/SteamVR/bin/linux64/vrmonitor          8MiB |
|    0   N/A  N/A    161438    C+G   ./vrwebhelper                                  21MiB |
|    0   N/A  N/A    162326      G   ...bin/vrwebhelper/linux64/vrwebhelper         14MiB |
|    0   N/A  N/A    549673      G   ...13,262144 --variations-seed-version         44MiB |
|    0   N/A  N/A   1539733    C+G   ...ine/Engine/Binaries/Linux/UE4Editor       3798MiB |
+-----------------------------------------------------------------------------------------+
---------------------------------
[2024-10-30 17:21:33] GPU Memory change detected: 301 MB
Wed Oct 30 17:21:33 2024       
+-----------------------------------------------------------------------------------------+
| NVIDIA-SMI 550.54.15              Driver Version: 550.54.15      CUDA Version: 12.4     |
|-----------------------------------------+------------------------+----------------------+
| GPU  Name                 Persistence-M | Bus-Id          Disp.A | Volatile Uncorr. ECC |
| Fan  Temp   Perf          Pwr:Usage/Cap |           Memory-Usage | GPU-Util  Compute M. |
|                                         |                        |               MIG M. |
|=========================================+========================+======================|
|   0  NVIDIA GeForce RTX 3090        Off |   00000000:01:00.0  On |                  N/A |
| 30%   43C    P0            117W /  350W |    4754MiB /  24576MiB |      4%      Default |
|                                         |                        |                  N/A |
+-----------------------------------------+------------------------+----------------------+
                                                                                         
+-----------------------------------------------------------------------------------------+
| Processes:                                                                              |
|  GPU   GI   CI        PID   Type   Process name                              GPU Memory |
|        ID   ID                                                               Usage      |
|=========================================================================================|
|    0   N/A  N/A      1623      G   /usr/lib/xorg/Xorg                            282MiB |
|    0   N/A  N/A      2209      G   /usr/bin/gnome-shell                           62MiB |
|    0   N/A  N/A      6135      G   ...erProcess --variations-seed-version        115MiB |
|    0   N/A  N/A     10337      G   ...local/share/Steam/ubuntu12_32/steam          6MiB |
|    0   N/A  N/A     10898      G   ./steamwebhelper                                5MiB |
|    0   N/A  N/A    161013      G   ...ommon/SteamVR/bin/linux64/vrmonitor          8MiB |
|    0   N/A  N/A    161438    C+G   ./vrwebhelper                                  21MiB |
|    0   N/A  N/A    162326      G   ...bin/vrwebhelper/linux64/vrwebhelper         14MiB |
|    0   N/A  N/A    549673      G   ...13,262144 --variations-seed-version         44MiB |
|    0   N/A  N/A   1539733    C+G   ...ine/Engine/Binaries/Linux/UE4Editor       4100MiB |
+-----------------------------------------------------------------------------------------+
---------------------------------
[2024-10-30 17:21:34] GPU Memory change detected: 678 MB
Wed Oct 30 17:21:34 2024       
+-----------------------------------------------------------------------------------------+
| NVIDIA-SMI 550.54.15              Driver Version: 550.54.15      CUDA Version: 12.4     |
|-----------------------------------------+------------------------+----------------------+
| GPU  Name                 Persistence-M | Bus-Id          Disp.A | Volatile Uncorr. ECC |
| Fan  Temp   Perf          Pwr:Usage/Cap |           Memory-Usage | GPU-Util  Compute M. |
|                                         |                        |               MIG M. |
|=========================================+========================+======================|
|   0  NVIDIA GeForce RTX 3090        Off |   00000000:01:00.0  On |                  N/A |
| 30%   44C    P0            126W /  350W |    5424MiB /  24576MiB |      8%      Default |
|                                         |                        |                  N/A |
+-----------------------------------------+------------------------+----------------------+
                                                                                         
+-----------------------------------------------------------------------------------------+
| Processes:                                                                              |
|  GPU   GI   CI        PID   Type   Process name                              GPU Memory |
|        ID   ID                                                               Usage      |
|=========================================================================================|
|    0   N/A  N/A      1623      G   /usr/lib/xorg/Xorg                            304MiB |
|    0   N/A  N/A      2209      G   /usr/bin/gnome-shell                           62MiB |
|    0   N/A  N/A      6135      G   ...erProcess --variations-seed-version        115MiB |
|    0   N/A  N/A     10337      G   ...local/share/Steam/ubuntu12_32/steam          6MiB |
|    0   N/A  N/A     10898      G   ./steamwebhelper                                5MiB |
|    0   N/A  N/A    161013      G   ...ommon/SteamVR/bin/linux64/vrmonitor          8MiB |
|    0   N/A  N/A    161438    C+G   ./vrwebhelper                                  21MiB |
|    0   N/A  N/A    162326      G   ...bin/vrwebhelper/linux64/vrwebhelper         14MiB |
|    0   N/A  N/A    549673      G   ...13,262144 --variations-seed-version         44MiB |
|    0   N/A  N/A   1539733    C+G   ...ine/Engine/Binaries/Linux/UE4Editor       4743MiB |
+-----------------------------------------------------------------------------------------+
---------------------------------
[2024-10-30 17:21:34] GPU Memory change detected: 276 MB
Wed Oct 30 17:21:34 2024       
+-----------------------------------------------------------------------------------------+
| NVIDIA-SMI 550.54.15              Driver Version: 550.54.15      CUDA Version: 12.4     |
|-----------------------------------------+------------------------+----------------------+
| GPU  Name                 Persistence-M | Bus-Id          Disp.A | Volatile Uncorr. ECC |
| Fan  Temp   Perf          Pwr:Usage/Cap |           Memory-Usage | GPU-Util  Compute M. |
|                                         |                        |               MIG M. |
|=========================================+========================+======================|
|   0  NVIDIA GeForce RTX 3090        Off |   00000000:01:00.0  On |                  N/A |
| 30%   43C    P0            120W /  350W |    5704MiB /  24576MiB |      2%      Default |
|                                         |                        |                  N/A |
+-----------------------------------------+------------------------+----------------------+
                                                                                         
+-----------------------------------------------------------------------------------------+
| Processes:                                                                              |
|  GPU   GI   CI        PID   Type   Process name                              GPU Memory |
|        ID   ID                                                               Usage      |
|=========================================================================================|
|    0   N/A  N/A      1623      G   /usr/lib/xorg/Xorg                            304MiB |
|    0   N/A  N/A      2209      G   /usr/bin/gnome-shell                           62MiB |
|    0   N/A  N/A      6135      G   ...erProcess --variations-seed-version        115MiB |
|    0   N/A  N/A     10337      G   ...local/share/Steam/ubuntu12_32/steam          6MiB |
|    0   N/A  N/A     10898      G   ./steamwebhelper                                5MiB |
|    0   N/A  N/A    161013      G   ...ommon/SteamVR/bin/linux64/vrmonitor          8MiB |
|    0   N/A  N/A    161438    C+G   ./vrwebhelper                                  21MiB |
|    0   N/A  N/A    162326      G   ...bin/vrwebhelper/linux64/vrwebhelper         14MiB |
|    0   N/A  N/A    549673      G   ...13,262144 --variations-seed-version         44MiB |
|    0   N/A  N/A   1539733    C+G   ...ine/Engine/Binaries/Linux/UE4Editor       5023MiB |
+-----------------------------------------------------------------------------------------+
---------------------------------
[2024-10-30 17:21:40] GPU Memory change detected: 208 MB
Wed Oct 30 17:21:40 2024       
+-----------------------------------------------------------------------------------------+
| NVIDIA-SMI 550.54.15              Driver Version: 550.54.15      CUDA Version: 12.4     |
|-----------------------------------------+------------------------+----------------------+
| GPU  Name                 Persistence-M | Bus-Id          Disp.A | Volatile Uncorr. ECC |
| Fan  Temp   Perf          Pwr:Usage/Cap |           Memory-Usage | GPU-Util  Compute M. |
|                                         |                        |               MIG M. |
|=========================================+========================+======================|
|   0  NVIDIA GeForce RTX 3090        Off |   00000000:01:00.0  On |                  N/A |
| 30%   45C    P0            134W /  350W |    5912MiB /  24576MiB |     34%      Default |
|                                         |                        |                  N/A |
+-----------------------------------------+------------------------+----------------------+
                                                                                         
+-----------------------------------------------------------------------------------------+
| Processes:                                                                              |
|  GPU   GI   CI        PID   Type   Process name                              GPU Memory |
|        ID   ID                                                               Usage      |
|=========================================================================================|
|    0   N/A  N/A      1623      G   /usr/lib/xorg/Xorg                            304MiB |
|    0   N/A  N/A      2209      G   /usr/bin/gnome-shell                           62MiB |
|    0   N/A  N/A      6135      G   ...erProcess --variations-seed-version        115MiB |
|    0   N/A  N/A     10337      G   ...local/share/Steam/ubuntu12_32/steam          6MiB |
|    0   N/A  N/A     10898      G   ./steamwebhelper                                5MiB |
|    0   N/A  N/A    161013      G   ...ommon/SteamVR/bin/linux64/vrmonitor          8MiB |
|    0   N/A  N/A    161438    C+G   ./vrwebhelper                                  21MiB |
|    0   N/A  N/A    162326      G   ...bin/vrwebhelper/linux64/vrwebhelper         14MiB |
|    0   N/A  N/A    549673      G   ...13,262144 --variations-seed-version         44MiB |
|    0   N/A  N/A   1539733    C+G   ...ine/Engine/Binaries/Linux/UE4Editor       5231MiB |
+-----------------------------------------------------------------------------------------+
---------------------------------
[2024-10-30 17:25:20] GPU Memory change detected: 329 MB
Wed Oct 30 17:25:20 2024       
+-----------------------------------------------------------------------------------------+
| NVIDIA-SMI 550.54.15              Driver Version: 550.54.15      CUDA Version: 12.4     |
|-----------------------------------------+------------------------+----------------------+
| GPU  Name                 Persistence-M | Bus-Id          Disp.A | Volatile Uncorr. ECC |
| Fan  Temp   Perf          Pwr:Usage/Cap |           Memory-Usage | GPU-Util  Compute M. |
|                                         |                        |               MIG M. |
|=========================================+========================+======================|
|   0  NVIDIA GeForce RTX 3090        Off |   00000000:01:00.0  On |                  N/A |
| 30%   58C    P5             38W /  350W |    6243MiB /  24576MiB |     13%      Default |
|                                         |                        |                  N/A |
+-----------------------------------------+------------------------+----------------------+
                                                                                         
+-----------------------------------------------------------------------------------------+
| Processes:                                                                              |
|  GPU   GI   CI        PID   Type   Process name                              GPU Memory |
|        ID   ID                                                               Usage      |
|=========================================================================================|
|    0   N/A  N/A      1623      G   /usr/lib/xorg/Xorg                            305MiB |
|    0   N/A  N/A      2209      G   /usr/bin/gnome-shell                           59MiB |
|    0   N/A  N/A      6135      G   ...erProcess --variations-seed-version        114MiB |
|    0   N/A  N/A     10337      G   ...local/share/Steam/ubuntu12_32/steam          6MiB |
|    0   N/A  N/A     10898      G   ./steamwebhelper                                5MiB |
|    0   N/A  N/A    161013      G   ...ommon/SteamVR/bin/linux64/vrmonitor          8MiB |
|    0   N/A  N/A    161438    C+G   ./vrwebhelper                                  21MiB |
|    0   N/A  N/A    162326      G   ...bin/vrwebhelper/linux64/vrwebhelper         14MiB |
|    0   N/A  N/A    549673      G   ...13,262144 --variations-seed-version         44MiB |
|    0   N/A  N/A   1539733    C+G   ...ine/Engine/Binaries/Linux/UE4Editor       5564MiB |
+-----------------------------------------------------------------------------------------+
---------------------------------
[2024-10-30 17:25:22] GPU Memory change detected: 289 MB
Wed Oct 30 17:25:22 2024       
+-----------------------------------------------------------------------------------------+
| NVIDIA-SMI 550.54.15              Driver Version: 550.54.15      CUDA Version: 12.4     |
|-----------------------------------------+------------------------+----------------------+
| GPU  Name                 Persistence-M | Bus-Id          Disp.A | Volatile Uncorr. ECC |
| Fan  Temp   Perf          Pwr:Usage/Cap |           Memory-Usage | GPU-Util  Compute M. |
|                                         |                        |               MIG M. |
|=========================================+========================+======================|
|   0  NVIDIA GeForce RTX 3090        Off |   00000000:01:00.0  On |                  N/A |
| 30%   58C    P5             37W /  350W |    6667MiB /  24576MiB |      0%      Default |
|                                         |                        |                  N/A |
+-----------------------------------------+------------------------+----------------------+
                                                                                         
+-----------------------------------------------------------------------------------------+
| Processes:                                                                              |
|  GPU   GI   CI        PID   Type   Process name                              GPU Memory |
|        ID   ID                                                               Usage      |
|=========================================================================================|
|    0   N/A  N/A      1623      G   /usr/lib/xorg/Xorg                            305MiB |
|    0   N/A  N/A      2209      G   /usr/bin/gnome-shell                           59MiB |
|    0   N/A  N/A      6135      G   ...erProcess --variations-seed-version        114MiB |
|    0   N/A  N/A     10337      G   ...local/share/Steam/ubuntu12_32/steam          6MiB |
|    0   N/A  N/A     10898      G   ./steamwebhelper                                5MiB |
|    0   N/A  N/A    161013      G   ...ommon/SteamVR/bin/linux64/vrmonitor          8MiB |
|    0   N/A  N/A    161438    C+G   ./vrwebhelper                                  21MiB |
|    0   N/A  N/A    162326      G   ...bin/vrwebhelper/linux64/vrwebhelper         14MiB |
|    0   N/A  N/A    549673      G   ...13,262144 --variations-seed-version         44MiB |
|    0   N/A  N/A   1539733    C+G   ...ine/Engine/Binaries/Linux/UE4Editor       5988MiB |
+-----------------------------------------------------------------------------------------+
---------------------------------
[2024-10-30 17:25:22] GPU Memory change detected: 266 MB
Wed Oct 30 17:25:22 2024       
+-----------------------------------------------------------------------------------------+
| NVIDIA-SMI 550.54.15              Driver Version: 550.54.15      CUDA Version: 12.4     |
|-----------------------------------------+------------------------+----------------------+
| GPU  Name                 Persistence-M | Bus-Id          Disp.A | Volatile Uncorr. ECC |
| Fan  Temp   Perf          Pwr:Usage/Cap |           Memory-Usage | GPU-Util  Compute M. |
|                                         |                        |               MIG M. |
|=========================================+========================+======================|
|   0  NVIDIA GeForce RTX 3090        Off |   00000000:01:00.0  On |                  N/A |
| 30%   58C    P5             37W /  350W |    6796MiB /  24576MiB |     17%      Default |
|                                         |                        |                  N/A |
+-----------------------------------------+------------------------+----------------------+
                                                                                         
+-----------------------------------------------------------------------------------------+
| Processes:                                                                              |
|  GPU   GI   CI        PID   Type   Process name                              GPU Memory |
|        ID   ID                                                               Usage      |
|=========================================================================================|
|    0   N/A  N/A      1623      G   /usr/lib/xorg/Xorg                            305MiB |
|    0   N/A  N/A      2209      G   /usr/bin/gnome-shell                           59MiB |
|    0   N/A  N/A      6135      G   ...erProcess --variations-seed-version        114MiB |
|    0   N/A  N/A     10337      G   ...local/share/Steam/ubuntu12_32/steam          6MiB |
|    0   N/A  N/A     10898      G   ./steamwebhelper                                5MiB |
|    0   N/A  N/A    161013      G   ...ommon/SteamVR/bin/linux64/vrmonitor          8MiB |
|    0   N/A  N/A    161438    C+G   ./vrwebhelper                                  21MiB |
|    0   N/A  N/A    162326      G   ...bin/vrwebhelper/linux64/vrwebhelper         14MiB |
|    0   N/A  N/A    549673      G   ...13,262144 --variations-seed-version         44MiB |
|    0   N/A  N/A   1539733    C+G   ...ine/Engine/Binaries/Linux/UE4Editor       6117MiB |
+-----------------------------------------------------------------------------------------+
---------------------------------
[2024-10-30 17:25:25] GPU Memory change detected: 275 MB
Wed Oct 30 17:25:25 2024       
+-----------------------------------------------------------------------------------------+
| NVIDIA-SMI 550.54.15              Driver Version: 550.54.15      CUDA Version: 12.4     |
|-----------------------------------------+------------------------+----------------------+
| GPU  Name                 Persistence-M | Bus-Id          Disp.A | Volatile Uncorr. ECC |
| Fan  Temp   Perf          Pwr:Usage/Cap |           Memory-Usage | GPU-Util  Compute M. |
|                                         |                        |               MIG M. |
|=========================================+========================+======================|
|   0  NVIDIA GeForce RTX 3090        Off |   00000000:01:00.0  On |                  N/A |
| 30%   57C    P8             34W /  350W |    7071MiB /  24576MiB |     41%      Default |
|                                         |                        |                  N/A |
+-----------------------------------------+------------------------+----------------------+
                                                                                         
+-----------------------------------------------------------------------------------------+
| Processes:                                                                              |
|  GPU   GI   CI        PID   Type   Process name                              GPU Memory |
|        ID   ID                                                               Usage      |
|=========================================================================================|
|    0   N/A  N/A      1623      G   /usr/lib/xorg/Xorg                            305MiB |
|    0   N/A  N/A      2209      G   /usr/bin/gnome-shell                           59MiB |
|    0   N/A  N/A      6135      G   ...erProcess --variations-seed-version        114MiB |
|    0   N/A  N/A     10337      G   ...local/share/Steam/ubuntu12_32/steam          6MiB |
|    0   N/A  N/A     10898      G   ./steamwebhelper                                5MiB |
|    0   N/A  N/A    161013      G   ...ommon/SteamVR/bin/linux64/vrmonitor          8MiB |
|    0   N/A  N/A    161438    C+G   ./vrwebhelper                                  21MiB |
|    0   N/A  N/A    162326      G   ...bin/vrwebhelper/linux64/vrwebhelper         14MiB |
|    0   N/A  N/A    549673      G   ...13,262144 --variations-seed-version         44MiB |
|    0   N/A  N/A   1539733    C+G   ...ine/Engine/Binaries/Linux/UE4Editor       6393MiB |
+-----------------------------------------------------------------------------------------+
---------------------------------
[2024-10-30 17:25:29] GPU Memory change detected: 204 MB
Wed Oct 30 17:25:29 2024       
+-----------------------------------------------------------------------------------------+
| NVIDIA-SMI 550.54.15              Driver Version: 550.54.15      CUDA Version: 12.4     |
|-----------------------------------------+------------------------+----------------------+
| GPU  Name                 Persistence-M | Bus-Id          Disp.A | Volatile Uncorr. ECC |
| Fan  Temp   Perf          Pwr:Usage/Cap |           Memory-Usage | GPU-Util  Compute M. |
|                                         |                        |               MIG M. |
|=========================================+========================+======================|
|   0  NVIDIA GeForce RTX 3090        Off |   00000000:01:00.0  On |                  N/A |
| 30%   57C    P8             34W /  350W |    7275MiB /  24576MiB |     37%      Default |
|                                         |                        |                  N/A |
+-----------------------------------------+------------------------+----------------------+
                                                                                         
+-----------------------------------------------------------------------------------------+
| Processes:                                                                              |
|  GPU   GI   CI        PID   Type   Process name                              GPU Memory |
|        ID   ID                                                               Usage      |
|=========================================================================================|
|    0   N/A  N/A      1623      G   /usr/lib/xorg/Xorg                            305MiB |
|    0   N/A  N/A      2209      G   /usr/bin/gnome-shell                           59MiB |
|    0   N/A  N/A      6135      G   ...erProcess --variations-seed-version        114MiB |
|    0   N/A  N/A     10337      G   ...local/share/Steam/ubuntu12_32/steam          6MiB |
|    0   N/A  N/A     10898      G   ./steamwebhelper                                4MiB |
|    0   N/A  N/A    161013      G   ...ommon/SteamVR/bin/linux64/vrmonitor          8MiB |
|    0   N/A  N/A    161438    C+G   ./vrwebhelper                                  21MiB |
|    0   N/A  N/A    162326      G   ...bin/vrwebhelper/linux64/vrwebhelper         14MiB |
|    0   N/A  N/A    549673      G   ...13,262144 --variations-seed-version         44MiB |
|    0   N/A  N/A   1539733    C+G   ...ine/Engine/Binaries/Linux/UE4Editor       6596MiB |
+-----------------------------------------------------------------------------------------+
---------------------------------
[2024-10-30 17:26:08] GPU Memory change detected: 209 MB
Wed Oct 30 17:26:08 2024       
+-----------------------------------------------------------------------------------------+
| NVIDIA-SMI 550.54.15              Driver Version: 550.54.15      CUDA Version: 12.4     |
|-----------------------------------------+------------------------+----------------------+
| GPU  Name                 Persistence-M | Bus-Id          Disp.A | Volatile Uncorr. ECC |
| Fan  Temp   Perf          Pwr:Usage/Cap |           Memory-Usage | GPU-Util  Compute M. |
|                                         |                        |               MIG M. |
|=========================================+========================+======================|
|   0  NVIDIA GeForce RTX 3090        Off |   00000000:01:00.0  On |                  N/A |
| 31%   60C    P0             97W /  350W |    7494MiB /  24576MiB |      4%      Default |
|                                         |                        |                  N/A |
+-----------------------------------------+------------------------+----------------------+
                                                                                         
+-----------------------------------------------------------------------------------------+
| Processes:                                                                              |
|  GPU   GI   CI        PID   Type   Process name                              GPU Memory |
|        ID   ID                                                               Usage      |
|=========================================================================================|
|    0   N/A  N/A      1623      G   /usr/lib/xorg/Xorg                            452MiB |
|    0   N/A  N/A      2209      G   /usr/bin/gnome-shell                           68MiB |
|    0   N/A  N/A      6135      G   ...erProcess --variations-seed-version        114MiB |
|    0   N/A  N/A     10337      G   ...local/share/Steam/ubuntu12_32/steam          6MiB |
|    0   N/A  N/A     10898      G   ./steamwebhelper                                5MiB |
|    0   N/A  N/A    161013      G   ...ommon/SteamVR/bin/linux64/vrmonitor          8MiB |
|    0   N/A  N/A    161438    C+G   ./vrwebhelper                                  21MiB |
|    0   N/A  N/A    162326      G   ...bin/vrwebhelper/linux64/vrwebhelper         14MiB |
|    0   N/A  N/A    549673      G   ...13,262144 --variations-seed-version         44MiB |
|    0   N/A  N/A   1539733    C+G   ...ine/Engine/Binaries/Linux/UE4Editor       6643MiB |
|    0   N/A  N/A   1593336      G   /opt/ros/humble/lib/rviz2/rviz2                14MiB |
+-----------------------------------------------------------------------------------------+
---------------------------------
[2024-10-30 17:26:11] GPU Memory change detected: 590 MB
Wed Oct 30 17:26:11 2024       
+-----------------------------------------------------------------------------------------+
| NVIDIA-SMI 550.54.15              Driver Version: 550.54.15      CUDA Version: 12.4     |
|-----------------------------------------+------------------------+----------------------+
| GPU  Name                 Persistence-M | Bus-Id          Disp.A | Volatile Uncorr. ECC |
| Fan  Temp   Perf          Pwr:Usage/Cap |           Memory-Usage | GPU-Util  Compute M. |
|                                         |                        |               MIG M. |
|=========================================+========================+======================|
|   0  NVIDIA GeForce RTX 3090        Off |   00000000:01:00.0  On |                  N/A |
| 31%   60C    P0            119W /  350W |    8074MiB /  24576MiB |     13%      Default |
|                                         |                        |                  N/A |
+-----------------------------------------+------------------------+----------------------+
                                                                                         
+-----------------------------------------------------------------------------------------+
| Processes:                                                                              |
|  GPU   GI   CI        PID   Type   Process name                              GPU Memory |
|        ID   ID                                                               Usage      |
|=========================================================================================|
|    0   N/A  N/A      1623      G   /usr/lib/xorg/Xorg                            389MiB |
|    0   N/A  N/A      2209      G   /usr/bin/gnome-shell                           67MiB |
|    0   N/A  N/A      6135      G   ...erProcess --variations-seed-version        114MiB |
|    0   N/A  N/A     10337      G   ...local/share/Steam/ubuntu12_32/steam          6MiB |
|    0   N/A  N/A     10898      G   ./steamwebhelper                                5MiB |
|    0   N/A  N/A    161013      G   ...ommon/SteamVR/bin/linux64/vrmonitor          8MiB |
|    0   N/A  N/A    161438    C+G   ./vrwebhelper                                  21MiB |
|    0   N/A  N/A    162326      G   ...bin/vrwebhelper/linux64/vrwebhelper         14MiB |
|    0   N/A  N/A    549673      G   ...13,262144 --variations-seed-version         44MiB |
|    0   N/A  N/A   1539733    C+G   ...ine/Engine/Binaries/Linux/UE4Editor       7285MiB |
|    0   N/A  N/A   1593336      G   /opt/ros/humble/lib/rviz2/rviz2                13MiB |
+-----------------------------------------------------------------------------------------+
---------------------------------
[2024-10-30 17:26:12] GPU Memory change detected: 248 MB
Wed Oct 30 17:26:12 2024       
+-----------------------------------------------------------------------------------------+
| NVIDIA-SMI 550.54.15              Driver Version: 550.54.15      CUDA Version: 12.4     |
|-----------------------------------------+------------------------+----------------------+
| GPU  Name                 Persistence-M | Bus-Id          Disp.A | Volatile Uncorr. ECC |
| Fan  Temp   Perf          Pwr:Usage/Cap |           Memory-Usage | GPU-Util  Compute M. |
|                                         |                        |               MIG M. |
|=========================================+========================+======================|
|   0  NVIDIA GeForce RTX 3090        Off |   00000000:01:00.0  On |                  N/A |
| 31%   59C    P3             95W /  350W |    8322MiB /  24576MiB |      8%      Default |
|                                         |                        |                  N/A |
+-----------------------------------------+------------------------+----------------------+
                                                                                         
+-----------------------------------------------------------------------------------------+
| Processes:                                                                              |
|  GPU   GI   CI        PID   Type   Process name                              GPU Memory |
|        ID   ID                                                               Usage      |
|=========================================================================================|
|    0   N/A  N/A      1623      G   /usr/lib/xorg/Xorg                            389MiB |
|    0   N/A  N/A      2209      G   /usr/bin/gnome-shell                           67MiB |
|    0   N/A  N/A      6135      G   ...erProcess --variations-seed-version        114MiB |
|    0   N/A  N/A     10337      G   ...local/share/Steam/ubuntu12_32/steam          6MiB |
|    0   N/A  N/A     10898      G   ./steamwebhelper                                5MiB |
|    0   N/A  N/A    161013      G   ...ommon/SteamVR/bin/linux64/vrmonitor          8MiB |
|    0   N/A  N/A    161438    C+G   ./vrwebhelper                                  21MiB |
|    0   N/A  N/A    162326      G   ...bin/vrwebhelper/linux64/vrwebhelper         14MiB |
|    0   N/A  N/A    549673      G   ...13,262144 --variations-seed-version         44MiB |
|    0   N/A  N/A   1539733    C+G   ...ine/Engine/Binaries/Linux/UE4Editor       7533MiB |
|    0   N/A  N/A   1593336      G   /opt/ros/humble/lib/rviz2/rviz2                13MiB |
+-----------------------------------------------------------------------------------------+
---------------------------------
[2024-10-30 17:26:26] GPU Memory change detected: 200 MB
Wed Oct 30 17:26:26 2024       
+-----------------------------------------------------------------------------------------+
| NVIDIA-SMI 550.54.15              Driver Version: 550.54.15      CUDA Version: 12.4     |
|-----------------------------------------+------------------------+----------------------+
| GPU  Name                 Persistence-M | Bus-Id          Disp.A | Volatile Uncorr. ECC |
| Fan  Temp   Perf          Pwr:Usage/Cap |           Memory-Usage | GPU-Util  Compute M. |
|                                         |                        |               MIG M. |
|=========================================+========================+======================|
|   0  NVIDIA GeForce RTX 3090        Off |   00000000:01:00.0  On |                  N/A |
| 43%   68C    P0            242W /  350W |    8522MiB /  24576MiB |     84%      Default |
|                                         |                        |                  N/A |
+-----------------------------------------+------------------------+----------------------+
                                                                                         
+-----------------------------------------------------------------------------------------+
| Processes:                                                                              |
|  GPU   GI   CI        PID   Type   Process name                              GPU Memory |
|        ID   ID                                                               Usage      |
|=========================================================================================|
|    0   N/A  N/A      1623      G   /usr/lib/xorg/Xorg                            389MiB |
|    0   N/A  N/A      2209      G   /usr/bin/gnome-shell                           67MiB |
|    0   N/A  N/A      6135      G   ...erProcess --variations-seed-version        114MiB |
|    0   N/A  N/A     10337      G   ...local/share/Steam/ubuntu12_32/steam          6MiB |
|    0   N/A  N/A     10898      G   ./steamwebhelper                                5MiB |
|    0   N/A  N/A    161013      G   ...ommon/SteamVR/bin/linux64/vrmonitor          8MiB |
|    0   N/A  N/A    161438    C+G   ./vrwebhelper                                  21MiB |
|    0   N/A  N/A    162326      G   ...bin/vrwebhelper/linux64/vrwebhelper         14MiB |
|    0   N/A  N/A    549673      G   ...13,262144 --variations-seed-version         44MiB |
|    0   N/A  N/A   1539733    C+G   ...ine/Engine/Binaries/Linux/UE4Editor       7736MiB |
|    0   N/A  N/A   1593336      G   /opt/ros/humble/lib/rviz2/rviz2                12MiB |
+-----------------------------------------------------------------------------------------+
---------------------------------
[2024-10-30 17:26:43] GPU Memory change detected: 361 MB
Wed Oct 30 17:26:43 2024       
+-----------------------------------------------------------------------------------------+
| NVIDIA-SMI 550.54.15              Driver Version: 550.54.15      CUDA Version: 12.4     |
|-----------------------------------------+------------------------+----------------------+
| GPU  Name                 Persistence-M | Bus-Id          Disp.A | Volatile Uncorr. ECC |
| Fan  Temp   Perf          Pwr:Usage/Cap |           Memory-Usage | GPU-Util  Compute M. |
|                                         |                        |               MIG M. |
|=========================================+========================+======================|
|   0  NVIDIA GeForce RTX 3090        Off |   00000000:01:00.0  On |                  N/A |
| 47%   67C    P0            216W /  350W |    8883MiB /  24576MiB |     66%      Default |
|                                         |                        |                  N/A |
+-----------------------------------------+------------------------+----------------------+
                                                                                         
+-----------------------------------------------------------------------------------------+
| Processes:                                                                              |
|  GPU   GI   CI        PID   Type   Process name                              GPU Memory |
|        ID   ID                                                               Usage      |
|=========================================================================================|
|    0   N/A  N/A      1623      G   /usr/lib/xorg/Xorg                            394MiB |
|    0   N/A  N/A      2209      G   /usr/bin/gnome-shell                           68MiB |
|    0   N/A  N/A      6135      G   ...erProcess --variations-seed-version        114MiB |
|    0   N/A  N/A     10337      G   ...local/share/Steam/ubuntu12_32/steam          6MiB |
|    0   N/A  N/A     10898      G   ./steamwebhelper                                5MiB |
|    0   N/A  N/A    161013      G   ...ommon/SteamVR/bin/linux64/vrmonitor          8MiB |
|    0   N/A  N/A    161438    C+G   ./vrwebhelper                                  21MiB |
|    0   N/A  N/A    162326      G   ...bin/vrwebhelper/linux64/vrwebhelper         14MiB |
|    0   N/A  N/A    549673      G   ...13,262144 --variations-seed-version         44MiB |
|    0   N/A  N/A   1539733    C+G   ...ine/Engine/Binaries/Linux/UE4Editor       8084MiB |
|    0   N/A  N/A   1593336      G   /opt/ros/humble/lib/rviz2/rviz2                12MiB |
|    0   N/A  N/A   1599721      G   python3                                         5MiB |
+-----------------------------------------------------------------------------------------+
---------------------------------
[2024-10-30 17:27:02] GPU Memory change detected: -659 MB
Wed Oct 30 17:27:02 2024       
+-----------------------------------------------------------------------------------------+
| NVIDIA-SMI 550.54.15              Driver Version: 550.54.15      CUDA Version: 12.4     |
|-----------------------------------------+------------------------+----------------------+
| GPU  Name                 Persistence-M | Bus-Id          Disp.A | Volatile Uncorr. ECC |
| Fan  Temp   Perf          Pwr:Usage/Cap |           Memory-Usage | GPU-Util  Compute M. |
|                                         |                        |               MIG M. |
|=========================================+========================+======================|
|   0  NVIDIA GeForce RTX 3090        Off |   00000000:01:00.0  On |                  N/A |
| 47%   66C    P0            199W /  350W |    8268MiB /  24576MiB |     44%      Default |
|                                         |                        |                  N/A |
+-----------------------------------------+------------------------+----------------------+
                                                                                         
+-----------------------------------------------------------------------------------------+
| Processes:                                                                              |
|  GPU   GI   CI        PID   Type   Process name                              GPU Memory |
|        ID   ID                                                               Usage      |
|=========================================================================================|
|    0   N/A  N/A      1623      G   /usr/lib/xorg/Xorg                            398MiB |
|    0   N/A  N/A      2209      G   /usr/bin/gnome-shell                           70MiB |
|    0   N/A  N/A      6135      G   ...erProcess --variations-seed-version        114MiB |
|    0   N/A  N/A     10337      G   ...local/share/Steam/ubuntu12_32/steam          6MiB |
|    0   N/A  N/A     10898      G   ./steamwebhelper                                5MiB |
|    0   N/A  N/A    161013      G   ...ommon/SteamVR/bin/linux64/vrmonitor          8MiB |
|    0   N/A  N/A    161438    C+G   ./vrwebhelper                                  21MiB |
|    0   N/A  N/A    162326      G   ...bin/vrwebhelper/linux64/vrwebhelper         14MiB |
|    0   N/A  N/A    549673      G   ...13,262144 --variations-seed-version         44MiB |
|    0   N/A  N/A   1539733    C+G   ...ine/Engine/Binaries/Linux/UE4Editor       7449MiB |
|    0   N/A  N/A   1593336      G   /opt/ros/humble/lib/rviz2/rviz2                12MiB |
|    0   N/A  N/A   1599721      G   python3                                         5MiB |
+-----------------------------------------------------------------------------------------+
---------------------------------
[2024-10-30 17:27:05] GPU Memory change detected: -201 MB
Wed Oct 30 17:27:05 2024       
+-----------------------------------------------------------------------------------------+
| NVIDIA-SMI 550.54.15              Driver Version: 550.54.15      CUDA Version: 12.4     |
|-----------------------------------------+------------------------+----------------------+
| GPU  Name                 Persistence-M | Bus-Id          Disp.A | Volatile Uncorr. ECC |
| Fan  Temp   Perf          Pwr:Usage/Cap |           Memory-Usage | GPU-Util  Compute M. |
|                                         |                        |               MIG M. |
|=========================================+========================+======================|
|   0  NVIDIA GeForce RTX 3090        Off |   00000000:01:00.0  On |                  N/A |
| 47%   67C    P0            210W /  350W |    8021MiB /  24576MiB |     54%      Default |
|                                         |                        |                  N/A |
+-----------------------------------------+------------------------+----------------------+
                                                                                         
+-----------------------------------------------------------------------------------------+
| Processes:                                                                              |
|  GPU   GI   CI        PID   Type   Process name                              GPU Memory |
|        ID   ID                                                               Usage      |
|=========================================================================================|
|    0   N/A  N/A      1623      G   /usr/lib/xorg/Xorg                            398MiB |
|    0   N/A  N/A      2209      G   /usr/bin/gnome-shell                           70MiB |
|    0   N/A  N/A      6135      G   ...erProcess --variations-seed-version        114MiB |
|    0   N/A  N/A     10337      G   ...local/share/Steam/ubuntu12_32/steam          6MiB |
|    0   N/A  N/A     10898      G   ./steamwebhelper                                5MiB |
|    0   N/A  N/A    161013      G   ...ommon/SteamVR/bin/linux64/vrmonitor          8MiB |
|    0   N/A  N/A    161438    C+G   ./vrwebhelper                                  21MiB |
|    0   N/A  N/A    162326      G   ...bin/vrwebhelper/linux64/vrwebhelper         14MiB |
|    0   N/A  N/A    549673      G   ...13,262144 --variations-seed-version         44MiB |
|    0   N/A  N/A   1539733    C+G   ...ine/Engine/Binaries/Linux/UE4Editor       7215MiB |
|    0   N/A  N/A   1593336      G   /opt/ros/humble/lib/rviz2/rviz2                12MiB |
|    0   N/A  N/A   1599721      G   python3                                         5MiB |
+-----------------------------------------------------------------------------------------+
---------------------------------
[2024-10-30 17:27:18] GPU Memory change detected: 312 MB
Wed Oct 30 17:27:18 2024       
+-----------------------------------------------------------------------------------------+
| NVIDIA-SMI 550.54.15              Driver Version: 550.54.15      CUDA Version: 12.4     |
|-----------------------------------------+------------------------+----------------------+
| GPU  Name                 Persistence-M | Bus-Id          Disp.A | Volatile Uncorr. ECC |
| Fan  Temp   Perf          Pwr:Usage/Cap |           Memory-Usage | GPU-Util  Compute M. |
|                                         |                        |               MIG M. |
|=========================================+========================+======================|
|   0  NVIDIA GeForce RTX 3090        Off |   00000000:01:00.0  On |                  N/A |
| 48%   66C    P2            188W /  350W |    8343MiB /  24576MiB |     25%      Default |
|                                         |                        |                  N/A |
+-----------------------------------------+------------------------+----------------------+
                                                                                         
+-----------------------------------------------------------------------------------------+
| Processes:                                                                              |
|  GPU   GI   CI        PID   Type   Process name                              GPU Memory |
|        ID   ID                                                               Usage      |
|=========================================================================================|
|    0   N/A  N/A      1623      G   /usr/lib/xorg/Xorg                            398MiB |
|    0   N/A  N/A      2209      G   /usr/bin/gnome-shell                           93MiB |
|    0   N/A  N/A      6135      G   ...erProcess --variations-seed-version        140MiB |
|    0   N/A  N/A     10337      G   ...local/share/Steam/ubuntu12_32/steam          6MiB |
|    0   N/A  N/A     10898      G   ./steamwebhelper                                5MiB |
|    0   N/A  N/A    161013      G   ...ommon/SteamVR/bin/linux64/vrmonitor          8MiB |
|    0   N/A  N/A    161438    C+G   ./vrwebhelper                                  21MiB |
|    0   N/A  N/A    162326      G   ...bin/vrwebhelper/linux64/vrwebhelper         14MiB |
|    0   N/A  N/A    549673      G   ...13,262144 --variations-seed-version         44MiB |
|    0   N/A  N/A   1539733    C+G   ...ine/Engine/Binaries/Linux/UE4Editor       7178MiB |
|    0   N/A  N/A   1593336      G   /opt/ros/humble/lib/rviz2/rviz2                37MiB |
|    0   N/A  N/A   1599721      G   python3                                         5MiB |
|    0   N/A  N/A   1607083      C   ..._centerpoint/lidar_centerpoint_node        280MiB |
+-----------------------------------------------------------------------------------------+
---------------------------------
[2024-10-30 17:27:20] GPU Memory change detected: 204 MB
Wed Oct 30 17:27:20 2024       
+-----------------------------------------------------------------------------------------+
| NVIDIA-SMI 550.54.15              Driver Version: 550.54.15      CUDA Version: 12.4     |
|-----------------------------------------+------------------------+----------------------+
| GPU  Name                 Persistence-M | Bus-Id          Disp.A | Volatile Uncorr. ECC |
| Fan  Temp   Perf          Pwr:Usage/Cap |           Memory-Usage | GPU-Util  Compute M. |
|                                         |                        |               MIG M. |
|=========================================+========================+======================|
|   0  NVIDIA GeForce RTX 3090        Off |   00000000:01:00.0  On |                  N/A |
| 48%   66C    P2            175W /  350W |    8539MiB /  24576MiB |     35%      Default |
|                                         |                        |                  N/A |
+-----------------------------------------+------------------------+----------------------+
                                                                                         
+-----------------------------------------------------------------------------------------+
| Processes:                                                                              |
|  GPU   GI   CI        PID   Type   Process name                              GPU Memory |
|        ID   ID                                                               Usage      |
|=========================================================================================|
|    0   N/A  N/A      1623      G   /usr/lib/xorg/Xorg                            398MiB |
|    0   N/A  N/A      2209      G   /usr/bin/gnome-shell                           93MiB |
|    0   N/A  N/A      6135      G   ...erProcess --variations-seed-version        142MiB |
|    0   N/A  N/A     10337      G   ...local/share/Steam/ubuntu12_32/steam          6MiB |
|    0   N/A  N/A     10898      G   ./steamwebhelper                                5MiB |
|    0   N/A  N/A    161013      G   ...ommon/SteamVR/bin/linux64/vrmonitor          8MiB |
|    0   N/A  N/A    161438    C+G   ./vrwebhelper                                  21MiB |
|    0   N/A  N/A    162326      G   ...bin/vrwebhelper/linux64/vrwebhelper         14MiB |
|    0   N/A  N/A    549673      G   ...13,262144 --variations-seed-version         44MiB |
|    0   N/A  N/A   1539733    C+G   ...ine/Engine/Binaries/Linux/UE4Editor       7178MiB |
|    0   N/A  N/A   1593336      G   /opt/ros/humble/lib/rviz2/rviz2                37MiB |
|    0   N/A  N/A   1599721      G   python3                                         5MiB |
|    0   N/A  N/A   1607083      C   ..._centerpoint/lidar_centerpoint_node        476MiB |
+-----------------------------------------------------------------------------------------+
---------------------------------
[2024-10-30 17:27:21] GPU Memory change detected: 337 MB
Wed Oct 30 17:27:21 2024       
+-----------------------------------------------------------------------------------------+
| NVIDIA-SMI 550.54.15              Driver Version: 550.54.15      CUDA Version: 12.4     |
|-----------------------------------------+------------------------+----------------------+
| GPU  Name                 Persistence-M | Bus-Id          Disp.A | Volatile Uncorr. ECC |
| Fan  Temp   Perf          Pwr:Usage/Cap |           Memory-Usage | GPU-Util  Compute M. |
|                                         |                        |               MIG M. |
|=========================================+========================+======================|
|   0  NVIDIA GeForce RTX 3090        Off |   00000000:01:00.0  On |                  N/A |
| 48%   66C    P2            177W /  350W |    8892MiB /  24576MiB |     44%      Default |
|                                         |                        |                  N/A |
+-----------------------------------------+------------------------+----------------------+
                                                                                         
+-----------------------------------------------------------------------------------------+
| Processes:                                                                              |
|  GPU   GI   CI        PID   Type   Process name                              GPU Memory |
|        ID   ID                                                               Usage      |
|=========================================================================================|
|    0   N/A  N/A      1623      G   /usr/lib/xorg/Xorg                            398MiB |
|    0   N/A  N/A      2209      G   /usr/bin/gnome-shell                           92MiB |
|    0   N/A  N/A      6135      G   ...erProcess --variations-seed-version        132MiB |
|    0   N/A  N/A     10337      G   ...local/share/Steam/ubuntu12_32/steam          6MiB |
|    0   N/A  N/A     10898      G   ./steamwebhelper                                5MiB |
|    0   N/A  N/A    161013      G   ...ommon/SteamVR/bin/linux64/vrmonitor          8MiB |
|    0   N/A  N/A    161438    C+G   ./vrwebhelper                                  21MiB |
|    0   N/A  N/A    162326      G   ...bin/vrwebhelper/linux64/vrwebhelper         14MiB |
|    0   N/A  N/A    549673      G   ...13,262144 --variations-seed-version         44MiB |
|    0   N/A  N/A   1539733    C+G   ...ine/Engine/Binaries/Linux/UE4Editor       7178MiB |
|    0   N/A  N/A   1593336      G   /opt/ros/humble/lib/rviz2/rviz2                37MiB |
|    0   N/A  N/A   1599721      G   python3                                         5MiB |
|    0   N/A  N/A   1607083      C   ..._centerpoint/lidar_centerpoint_node        568MiB |
|    0   N/A  N/A   1607263      C   ...p_components/component_container_mt        266MiB |
+-----------------------------------------------------------------------------------------+
---------------------------------
[2024-10-30 17:27:22] GPU Memory change detected: 211 MB
Wed Oct 30 17:27:22 2024       
+-----------------------------------------------------------------------------------------+
| NVIDIA-SMI 550.54.15              Driver Version: 550.54.15      CUDA Version: 12.4     |
|-----------------------------------------+------------------------+----------------------+
| GPU  Name                 Persistence-M | Bus-Id          Disp.A | Volatile Uncorr. ECC |
| Fan  Temp   Perf          Pwr:Usage/Cap |           Memory-Usage | GPU-Util  Compute M. |
|                                         |                        |               MIG M. |
|=========================================+========================+======================|
|   0  NVIDIA GeForce RTX 3090        Off |   00000000:01:00.0  On |                  N/A |
| 48%   66C    P2            182W /  350W |    9099MiB /  24576MiB |     52%      Default |
|                                         |                        |                  N/A |
+-----------------------------------------+------------------------+----------------------+
                                                                                         
+-----------------------------------------------------------------------------------------+
| Processes:                                                                              |
|  GPU   GI   CI        PID   Type   Process name                              GPU Memory |
|        ID   ID                                                               Usage      |
|=========================================================================================|
|    0   N/A  N/A      1623      G   /usr/lib/xorg/Xorg                            398MiB |
|    0   N/A  N/A      2209      G   /usr/bin/gnome-shell                           92MiB |
|    0   N/A  N/A      6135      G   ...erProcess --variations-seed-version        134MiB |
|    0   N/A  N/A     10337      G   ...local/share/Steam/ubuntu12_32/steam          6MiB |
|    0   N/A  N/A     10898      G   ./steamwebhelper                                5MiB |
|    0   N/A  N/A    161013      G   ...ommon/SteamVR/bin/linux64/vrmonitor          8MiB |
|    0   N/A  N/A    161438    C+G   ./vrwebhelper                                  21MiB |
|    0   N/A  N/A    162326      G   ...bin/vrwebhelper/linux64/vrwebhelper         14MiB |
|    0   N/A  N/A    549673      G   ...13,262144 --variations-seed-version         44MiB |
|    0   N/A  N/A   1539733    C+G   ...ine/Engine/Binaries/Linux/UE4Editor       7178MiB |
|    0   N/A  N/A   1593336      G   /opt/ros/humble/lib/rviz2/rviz2                37MiB |
|    0   N/A  N/A   1599721      G   python3                                         5MiB |
|    0   N/A  N/A   1607083      C   ..._centerpoint/lidar_centerpoint_node        690MiB |
|    0   N/A  N/A   1607263      C   ...p_components/component_container_mt        350MiB |
+-----------------------------------------------------------------------------------------+
---------------------------------
[2024-10-30 17:27:23] GPU Memory change detected: 212 MB
Wed Oct 30 17:27:23 2024       
+-----------------------------------------------------------------------------------------+
| NVIDIA-SMI 550.54.15              Driver Version: 550.54.15      CUDA Version: 12.4     |
|-----------------------------------------+------------------------+----------------------+
| GPU  Name                 Persistence-M | Bus-Id          Disp.A | Volatile Uncorr. ECC |
| Fan  Temp   Perf          Pwr:Usage/Cap |           Memory-Usage | GPU-Util  Compute M. |
|                                         |                        |               MIG M. |
|=========================================+========================+======================|
|   0  NVIDIA GeForce RTX 3090        Off |   00000000:01:00.0  On |                  N/A |
| 48%   67C    P2            187W /  350W |    9307MiB /  24576MiB |     69%      Default |
|                                         |                        |                  N/A |
+-----------------------------------------+------------------------+----------------------+
                                                                                         
+-----------------------------------------------------------------------------------------+
| Processes:                                                                              |
|  GPU   GI   CI        PID   Type   Process name                              GPU Memory |
|        ID   ID                                                               Usage      |
|=========================================================================================|
|    0   N/A  N/A      1623      G   /usr/lib/xorg/Xorg                            398MiB |
|    0   N/A  N/A      2209      G   /usr/bin/gnome-shell                           92MiB |
|    0   N/A  N/A      6135      G   ...erProcess --variations-seed-version        134MiB |
|    0   N/A  N/A     10337      G   ...local/share/Steam/ubuntu12_32/steam          6MiB |
|    0   N/A  N/A     10898      G   ./steamwebhelper                                5MiB |
|    0   N/A  N/A    161013      G   ...ommon/SteamVR/bin/linux64/vrmonitor          8MiB |
|    0   N/A  N/A    161438    C+G   ./vrwebhelper                                  21MiB |
|    0   N/A  N/A    162326      G   ...bin/vrwebhelper/linux64/vrwebhelper         14MiB |
|    0   N/A  N/A    549673      G   ...13,262144 --variations-seed-version         44MiB |
|    0   N/A  N/A   1539733    C+G   ...ine/Engine/Binaries/Linux/UE4Editor       7178MiB |
|    0   N/A  N/A   1593336      G   /opt/ros/humble/lib/rviz2/rviz2                37MiB |
|    0   N/A  N/A   1599721      G   python3                                         5MiB |
|    0   N/A  N/A   1607083      C   ..._centerpoint/lidar_centerpoint_node        810MiB |
|    0   N/A  N/A   1607263      C   ...p_components/component_container_mt        438MiB |
+-----------------------------------------------------------------------------------------+
---------------------------------
[2024-10-30 17:27:23] GPU Memory change detected: 388 MB
Wed Oct 30 17:27:23 2024       
+-----------------------------------------------------------------------------------------+
| NVIDIA-SMI 550.54.15              Driver Version: 550.54.15      CUDA Version: 12.4     |
|-----------------------------------------+------------------------+----------------------+
| GPU  Name                 Persistence-M | Bus-Id          Disp.A | Volatile Uncorr. ECC |
| Fan  Temp   Perf          Pwr:Usage/Cap |           Memory-Usage | GPU-Util  Compute M. |
|                                         |                        |               MIG M. |
|=========================================+========================+======================|
|   0  NVIDIA GeForce RTX 3090        Off |   00000000:01:00.0  On |                  N/A |
| 48%   67C    P2            191W /  350W |    9687MiB /  24576MiB |     62%      Default |
|                                         |                        |                  N/A |
+-----------------------------------------+------------------------+----------------------+
                                                                                         
+-----------------------------------------------------------------------------------------+
| Processes:                                                                              |
|  GPU   GI   CI        PID   Type   Process name                              GPU Memory |
|        ID   ID                                                               Usage      |
|=========================================================================================|
|    0   N/A  N/A      1623      G   /usr/lib/xorg/Xorg                            398MiB |
|    0   N/A  N/A      2209      G   /usr/bin/gnome-shell                           92MiB |
|    0   N/A  N/A      6135      G   ...erProcess --variations-seed-version        134MiB |
|    0   N/A  N/A     10337      G   ...local/share/Steam/ubuntu12_32/steam          6MiB |
|    0   N/A  N/A     10898      G   ./steamwebhelper                                5MiB |
|    0   N/A  N/A    161013      G   ...ommon/SteamVR/bin/linux64/vrmonitor          8MiB |
|    0   N/A  N/A    161438    C+G   ./vrwebhelper                                  21MiB |
|    0   N/A  N/A    162326      G   ...bin/vrwebhelper/linux64/vrwebhelper         14MiB |
|    0   N/A  N/A    549673      G   ...13,262144 --variations-seed-version         44MiB |
|    0   N/A  N/A   1539733    C+G   ...ine/Engine/Binaries/Linux/UE4Editor       7178MiB |
|    0   N/A  N/A   1593336      G   /opt/ros/humble/lib/rviz2/rviz2                37MiB |
|    0   N/A  N/A   1599721      G   python3                                         5MiB |
|    0   N/A  N/A   1607083      C   ..._centerpoint/lidar_centerpoint_node       1190MiB |
|    0   N/A  N/A   1607263      C   ...p_components/component_container_mt        438MiB |
+-----------------------------------------------------------------------------------------+
---------------------------------
[2024-10-30 17:27:43] GPU Memory change detected: 238 MB
Wed Oct 30 17:27:43 2024       
+-----------------------------------------------------------------------------------------+
| NVIDIA-SMI 550.54.15              Driver Version: 550.54.15      CUDA Version: 12.4     |
|-----------------------------------------+------------------------+----------------------+
| GPU  Name                 Persistence-M | Bus-Id          Disp.A | Volatile Uncorr. ECC |
| Fan  Temp   Perf          Pwr:Usage/Cap |           Memory-Usage | GPU-Util  Compute M. |
|                                         |                        |               MIG M. |
|=========================================+========================+======================|
|   0  NVIDIA GeForce RTX 3090        Off |   00000000:01:00.0  On |                  N/A |
| 48%   67C    P2            203W /  350W |    9925MiB /  24576MiB |     46%      Default |
|                                         |                        |                  N/A |
+-----------------------------------------+------------------------+----------------------+
                                                                                         
+-----------------------------------------------------------------------------------------+
| Processes:                                                                              |
|  GPU   GI   CI        PID   Type   Process name                              GPU Memory |
|        ID   ID                                                               Usage      |
|=========================================================================================|
|    0   N/A  N/A      1623      G   /usr/lib/xorg/Xorg                            398MiB |
|    0   N/A  N/A      2209      G   /usr/bin/gnome-shell                           92MiB |
|    0   N/A  N/A      6135      G   ...erProcess --variations-seed-version        119MiB |
|    0   N/A  N/A     10337      G   ...local/share/Steam/ubuntu12_32/steam          6MiB |
|    0   N/A  N/A     10898      G   ./steamwebhelper                                5MiB |
|    0   N/A  N/A    161013      G   ...ommon/SteamVR/bin/linux64/vrmonitor          8MiB |
|    0   N/A  N/A    161438    C+G   ./vrwebhelper                                  21MiB |
|    0   N/A  N/A    162326      G   ...bin/vrwebhelper/linux64/vrwebhelper         14MiB |
|    0   N/A  N/A    549673      G   ...13,262144 --variations-seed-version         44MiB |
|    0   N/A  N/A   1539733    C+G   ...ine/Engine/Binaries/Linux/UE4Editor       7174MiB |
|    0   N/A  N/A   1593336      G   /opt/ros/humble/lib/rviz2/rviz2               260MiB |
|    0   N/A  N/A   1599721      G   python3                                         5MiB |
|    0   N/A  N/A   1607083      C   ..._centerpoint/lidar_centerpoint_node       1190MiB |
|    0   N/A  N/A   1607263      C   ...p_components/component_container_mt        472MiB |
+-----------------------------------------------------------------------------------------+
---------------------------------
[2024-10-30 17:28:51] GPU Memory change detected: -7310 MB
Wed Oct 30 17:28:51 2024       
+-----------------------------------------------------------------------------------------+
| NVIDIA-SMI 550.54.15              Driver Version: 550.54.15      CUDA Version: 12.4     |
|-----------------------------------------+------------------------+----------------------+
| GPU  Name                 Persistence-M | Bus-Id          Disp.A | Volatile Uncorr. ECC |
| Fan  Temp   Perf          Pwr:Usage/Cap |           Memory-Usage | GPU-Util  Compute M. |
|                                         |                        |               MIG M. |
|=========================================+========================+======================|
|   0  NVIDIA GeForce RTX 3090        Off |   00000000:01:00.0  On |                  N/A |
| 49%   64C    P2            126W /  350W |    2615MiB /  24576MiB |     94%      Default |
|                                         |                        |                  N/A |
+-----------------------------------------+------------------------+----------------------+
                                                                                         
+-----------------------------------------------------------------------------------------+
| Processes:                                                                              |
|  GPU   GI   CI        PID   Type   Process name                              GPU Memory |
|        ID   ID                                                               Usage      |
|=========================================================================================|
|    0   N/A  N/A      1623      G   /usr/lib/xorg/Xorg                            302MiB |
|    0   N/A  N/A      2209      G   /usr/bin/gnome-shell                           83MiB |
|    0   N/A  N/A      6135      G   ...erProcess --variations-seed-version        147MiB |
|    0   N/A  N/A     10337      G   ...local/share/Steam/ubuntu12_32/steam          6MiB |
|    0   N/A  N/A     10898      G   ./steamwebhelper                                5MiB |
|    0   N/A  N/A    161013      G   ...ommon/SteamVR/bin/linux64/vrmonitor          8MiB |
|    0   N/A  N/A    161438    C+G   ./vrwebhelper                                  21MiB |
|    0   N/A  N/A    162326      G   ...bin/vrwebhelper/linux64/vrwebhelper         14MiB |
|    0   N/A  N/A    549673      G   ...13,262144 --variations-seed-version         44MiB |
|    0   N/A  N/A   1593336      G   /opt/ros/humble/lib/rviz2/rviz2               259MiB |
|    0   N/A  N/A   1607083      C   ..._centerpoint/lidar_centerpoint_node       1190MiB |
|    0   N/A  N/A   1607263      C   ...p_components/component_container_mt        472MiB |
+-----------------------------------------------------------------------------------------+
---------------------------------
[2024-10-30 17:34:40] GPU Memory change detected: 249 MB
Wed Oct 30 17:34:40 2024       
+-----------------------------------------------------------------------------------------+
| NVIDIA-SMI 550.54.15              Driver Version: 550.54.15      CUDA Version: 12.4     |
|-----------------------------------------+------------------------+----------------------+
| GPU  Name                 Persistence-M | Bus-Id          Disp.A | Volatile Uncorr. ECC |
| Fan  Temp   Perf          Pwr:Usage/Cap |           Memory-Usage | GPU-Util  Compute M. |
|                                         |                        |               MIG M. |
|=========================================+========================+======================|
|   0  NVIDIA GeForce RTX 3090        Off |   00000000:01:00.0  On |                  N/A |
| 30%   45C    P2            105W /  350W |    2872MiB /  24576MiB |      3%      Default |
|                                         |                        |                  N/A |
+-----------------------------------------+------------------------+----------------------+
                                                                                         
+-----------------------------------------------------------------------------------------+
| Processes:                                                                              |
|  GPU   GI   CI        PID   Type   Process name                              GPU Memory |
|        ID   ID                                                               Usage      |
|=========================================================================================|
|    0   N/A  N/A      1623      G   /usr/lib/xorg/Xorg                            300MiB |
|    0   N/A  N/A      2209      G   /usr/bin/gnome-shell                           64MiB |
|    0   N/A  N/A      6135      G   ...erProcess --variations-seed-version         91MiB |
|    0   N/A  N/A     10337      G   ...local/share/Steam/ubuntu12_32/steam          6MiB |
|    0   N/A  N/A     10898      G   ./steamwebhelper                                5MiB |
|    0   N/A  N/A    161013      G   ...ommon/SteamVR/bin/linux64/vrmonitor          8MiB |
|    0   N/A  N/A    161438    C+G   ./vrwebhelper                                  21MiB |
|    0   N/A  N/A    162326      G   ...bin/vrwebhelper/linux64/vrwebhelper         14MiB |
|    0   N/A  N/A    549673      G   ...13,262144 --variations-seed-version         44MiB |
|    0   N/A  N/A   1593336      G   /opt/ros/humble/lib/rviz2/rviz2               259MiB |
|    0   N/A  N/A   1607083      C   ..._centerpoint/lidar_centerpoint_node       1190MiB |
|    0   N/A  N/A   1607263      C   ...p_components/component_container_mt        472MiB |
|    0   N/A  N/A   1674800    C+G   ...ine/Engine/Binaries/Linux/UE4Editor        291MiB |
+-----------------------------------------------------------------------------------------+
---------------------------------
[2024-10-30 17:34:43] GPU Memory change detected: 240 MB
Wed Oct 30 17:34:43 2024       
+-----------------------------------------------------------------------------------------+
| NVIDIA-SMI 550.54.15              Driver Version: 550.54.15      CUDA Version: 12.4     |
|-----------------------------------------+------------------------+----------------------+
| GPU  Name                 Persistence-M | Bus-Id          Disp.A | Volatile Uncorr. ECC |
| Fan  Temp   Perf          Pwr:Usage/Cap |           Memory-Usage | GPU-Util  Compute M. |
|                                         |                        |               MIG M. |
|=========================================+========================+======================|
|   0  NVIDIA GeForce RTX 3090        Off |   00000000:01:00.0  On |                  N/A |
| 30%   42C    P8             31W /  350W |    3232MiB /  24576MiB |     29%      Default |
|                                         |                        |                  N/A |
+-----------------------------------------+------------------------+----------------------+
                                                                                         
+-----------------------------------------------------------------------------------------+
| Processes:                                                                              |
|  GPU   GI   CI        PID   Type   Process name                              GPU Memory |
|        ID   ID                                                               Usage      |
|=========================================================================================|
|    0   N/A  N/A      1623      G   /usr/lib/xorg/Xorg                            300MiB |
|    0   N/A  N/A      2209      G   /usr/bin/gnome-shell                           64MiB |
|    0   N/A  N/A      6135      G   ...erProcess --variations-seed-version         89MiB |
|    0   N/A  N/A     10337      G   ...local/share/Steam/ubuntu12_32/steam          6MiB |
|    0   N/A  N/A     10898      G   ./steamwebhelper                                5MiB |
|    0   N/A  N/A    161013      G   ...ommon/SteamVR/bin/linux64/vrmonitor          8MiB |
|    0   N/A  N/A    161438    C+G   ./vrwebhelper                                  21MiB |
|    0   N/A  N/A    162326      G   ...bin/vrwebhelper/linux64/vrwebhelper         14MiB |
|    0   N/A  N/A    549673      G   ...13,262144 --variations-seed-version         44MiB |
|    0   N/A  N/A   1593336      G   /opt/ros/humble/lib/rviz2/rviz2               259MiB |
|    0   N/A  N/A   1607083      C   ..._centerpoint/lidar_centerpoint_node       1190MiB |
|    0   N/A  N/A   1607263      C   ...p_components/component_container_mt        472MiB |
|    0   N/A  N/A   1674800    C+G   ...ine/Engine/Binaries/Linux/UE4Editor        653MiB |
+-----------------------------------------------------------------------------------------+
---------------------------------
[2024-10-30 17:34:44] GPU Memory change detected: 222 MB
Wed Oct 30 17:34:44 2024       
+-----------------------------------------------------------------------------------------+
| NVIDIA-SMI 550.54.15              Driver Version: 550.54.15      CUDA Version: 12.4     |
|-----------------------------------------+------------------------+----------------------+
| GPU  Name                 Persistence-M | Bus-Id          Disp.A | Volatile Uncorr. ECC |
| Fan  Temp   Perf          Pwr:Usage/Cap |           Memory-Usage | GPU-Util  Compute M. |
|                                         |                        |               MIG M. |
|=========================================+========================+======================|
|   0  NVIDIA GeForce RTX 3090        Off |   00000000:01:00.0  On |                  N/A |
| 30%   42C    P8             30W /  350W |    3343MiB /  24576MiB |     17%      Default |
|                                         |                        |                  N/A |
+-----------------------------------------+------------------------+----------------------+
                                                                                         
+-----------------------------------------------------------------------------------------+
| Processes:                                                                              |
|  GPU   GI   CI        PID   Type   Process name                              GPU Memory |
|        ID   ID                                                               Usage      |
|=========================================================================================|
|    0   N/A  N/A      1623      G   /usr/lib/xorg/Xorg                            300MiB |
|    0   N/A  N/A      2209      G   /usr/bin/gnome-shell                           64MiB |
|    0   N/A  N/A      6135      G   ...erProcess --variations-seed-version         89MiB |
|    0   N/A  N/A     10337      G   ...local/share/Steam/ubuntu12_32/steam          6MiB |
|    0   N/A  N/A     10898      G   ./steamwebhelper                                5MiB |
|    0   N/A  N/A    161013      G   ...ommon/SteamVR/bin/linux64/vrmonitor          8MiB |
|    0   N/A  N/A    161438    C+G   ./vrwebhelper                                  21MiB |
|    0   N/A  N/A    162326      G   ...bin/vrwebhelper/linux64/vrwebhelper         14MiB |
|    0   N/A  N/A    549673      G   ...13,262144 --variations-seed-version         44MiB |
|    0   N/A  N/A   1593336      G   /opt/ros/humble/lib/rviz2/rviz2               259MiB |
|    0   N/A  N/A   1607083      C   ..._centerpoint/lidar_centerpoint_node       1190MiB |
|    0   N/A  N/A   1607263      C   ...p_components/component_container_mt        472MiB |
|    0   N/A  N/A   1674800    C+G   ...ine/Engine/Binaries/Linux/UE4Editor        763MiB |
+-----------------------------------------------------------------------------------------+
---------------------------------
[2024-10-30 17:34:45] GPU Memory change detected: 226 MB
Wed Oct 30 17:34:45 2024       
+-----------------------------------------------------------------------------------------+
| NVIDIA-SMI 550.54.15              Driver Version: 550.54.15      CUDA Version: 12.4     |
|-----------------------------------------+------------------------+----------------------+
| GPU  Name                 Persistence-M | Bus-Id          Disp.A | Volatile Uncorr. ECC |
| Fan  Temp   Perf          Pwr:Usage/Cap |           Memory-Usage | GPU-Util  Compute M. |
|                                         |                        |               MIG M. |
|=========================================+========================+======================|
|   0  NVIDIA GeForce RTX 3090        Off |   00000000:01:00.0  On |                  N/A |
| 30%   42C    P5             34W /  350W |    3552MiB /  24576MiB |     10%      Default |
|                                         |                        |                  N/A |
+-----------------------------------------+------------------------+----------------------+
                                                                                         
+-----------------------------------------------------------------------------------------+
| Processes:                                                                              |
|  GPU   GI   CI        PID   Type   Process name                              GPU Memory |
|        ID   ID                                                               Usage      |
|=========================================================================================|
|    0   N/A  N/A      1623      G   /usr/lib/xorg/Xorg                            300MiB |
|    0   N/A  N/A      2209      G   /usr/bin/gnome-shell                           64MiB |
|    0   N/A  N/A      6135      G   ...erProcess --variations-seed-version         89MiB |
|    0   N/A  N/A     10337      G   ...local/share/Steam/ubuntu12_32/steam          6MiB |
|    0   N/A  N/A     10898      G   ./steamwebhelper                                5MiB |
|    0   N/A  N/A    161013      G   ...ommon/SteamVR/bin/linux64/vrmonitor          8MiB |
|    0   N/A  N/A    161438    C+G   ./vrwebhelper                                  21MiB |
|    0   N/A  N/A    162326      G   ...bin/vrwebhelper/linux64/vrwebhelper         14MiB |
|    0   N/A  N/A    549673      G   ...13,262144 --variations-seed-version         44MiB |
|    0   N/A  N/A   1593336      G   /opt/ros/humble/lib/rviz2/rviz2               259MiB |
|    0   N/A  N/A   1607083      C   ..._centerpoint/lidar_centerpoint_node       1190MiB |
|    0   N/A  N/A   1607263      C   ...p_components/component_container_mt        472MiB |
|    0   N/A  N/A   1674800    C+G   ...ine/Engine/Binaries/Linux/UE4Editor        972MiB |
+-----------------------------------------------------------------------------------------+
---------------------------------
[2024-10-30 17:34:46] GPU Memory change detected: 222 MB
Wed Oct 30 17:34:46 2024       
+-----------------------------------------------------------------------------------------+
| NVIDIA-SMI 550.54.15              Driver Version: 550.54.15      CUDA Version: 12.4     |
|-----------------------------------------+------------------------+----------------------+
| GPU  Name                 Persistence-M | Bus-Id          Disp.A | Volatile Uncorr. ECC |
| Fan  Temp   Perf          Pwr:Usage/Cap |           Memory-Usage | GPU-Util  Compute M. |
|                                         |                        |               MIG M. |
|=========================================+========================+======================|
|   0  NVIDIA GeForce RTX 3090        Off |   00000000:01:00.0  On |                  N/A |
| 30%   42C    P5             34W /  350W |    3774MiB /  24576MiB |     11%      Default |
|                                         |                        |                  N/A |
+-----------------------------------------+------------------------+----------------------+
                                                                                         
+-----------------------------------------------------------------------------------------+
| Processes:                                                                              |
|  GPU   GI   CI        PID   Type   Process name                              GPU Memory |
|        ID   ID                                                               Usage      |
|=========================================================================================|
|    0   N/A  N/A      1623      G   /usr/lib/xorg/Xorg                            300MiB |
|    0   N/A  N/A      2209      G   /usr/bin/gnome-shell                           64MiB |
|    0   N/A  N/A      6135      G   ...erProcess --variations-seed-version         89MiB |
|    0   N/A  N/A     10337      G   ...local/share/Steam/ubuntu12_32/steam          6MiB |
|    0   N/A  N/A     10898      G   ./steamwebhelper                                5MiB |
|    0   N/A  N/A    161013      G   ...ommon/SteamVR/bin/linux64/vrmonitor          8MiB |
|    0   N/A  N/A    161438    C+G   ./vrwebhelper                                  21MiB |
|    0   N/A  N/A    162326      G   ...bin/vrwebhelper/linux64/vrwebhelper         14MiB |
|    0   N/A  N/A    549673      G   ...13,262144 --variations-seed-version         44MiB |
|    0   N/A  N/A   1593336      G   /opt/ros/humble/lib/rviz2/rviz2               259MiB |
|    0   N/A  N/A   1607083      C   ..._centerpoint/lidar_centerpoint_node       1190MiB |
|    0   N/A  N/A   1607263      C   ...p_components/component_container_mt        472MiB |
|    0   N/A  N/A   1674800    C+G   ...ine/Engine/Binaries/Linux/UE4Editor       1195MiB |
+-----------------------------------------------------------------------------------------+
---------------------------------
[2024-10-30 17:34:46] GPU Memory change detected: 228 MB
Wed Oct 30 17:34:46 2024       
+-----------------------------------------------------------------------------------------+
| NVIDIA-SMI 550.54.15              Driver Version: 550.54.15      CUDA Version: 12.4     |
|-----------------------------------------+------------------------+----------------------+
| GPU  Name                 Persistence-M | Bus-Id          Disp.A | Volatile Uncorr. ECC |
| Fan  Temp   Perf          Pwr:Usage/Cap |           Memory-Usage | GPU-Util  Compute M. |
|                                         |                        |               MIG M. |
|=========================================+========================+======================|
|   0  NVIDIA GeForce RTX 3090        Off |   00000000:01:00.0  On |                  N/A |
| 30%   42C    P5             34W /  350W |    4002MiB /  24576MiB |     24%      Default |
|                                         |                        |                  N/A |
+-----------------------------------------+------------------------+----------------------+
                                                                                         
+-----------------------------------------------------------------------------------------+
| Processes:                                                                              |
|  GPU   GI   CI        PID   Type   Process name                              GPU Memory |
|        ID   ID                                                               Usage      |
|=========================================================================================|
|    0   N/A  N/A      1623      G   /usr/lib/xorg/Xorg                            300MiB |
|    0   N/A  N/A      2209      G   /usr/bin/gnome-shell                           64MiB |
|    0   N/A  N/A      6135      G   ...erProcess --variations-seed-version         89MiB |
|    0   N/A  N/A     10337      G   ...local/share/Steam/ubuntu12_32/steam          6MiB |
|    0   N/A  N/A     10898      G   ./steamwebhelper                                5MiB |
|    0   N/A  N/A    161013      G   ...ommon/SteamVR/bin/linux64/vrmonitor          8MiB |
|    0   N/A  N/A    161438    C+G   ./vrwebhelper                                  21MiB |
|    0   N/A  N/A    162326      G   ...bin/vrwebhelper/linux64/vrwebhelper         14MiB |
|    0   N/A  N/A    549673      G   ...13,262144 --variations-seed-version         44MiB |
|    0   N/A  N/A   1593336      G   /opt/ros/humble/lib/rviz2/rviz2               259MiB |
|    0   N/A  N/A   1607083      C   ..._centerpoint/lidar_centerpoint_node       1190MiB |
|    0   N/A  N/A   1607263      C   ...p_components/component_container_mt        472MiB |
|    0   N/A  N/A   1674800    C+G   ...ine/Engine/Binaries/Linux/UE4Editor       1422MiB |
+-----------------------------------------------------------------------------------------+
---------------------------------
[2024-10-30 17:34:47] GPU Memory change detected: 212 MB
Wed Oct 30 17:34:47 2024       
+-----------------------------------------------------------------------------------------+
| NVIDIA-SMI 550.54.15              Driver Version: 550.54.15      CUDA Version: 12.4     |
|-----------------------------------------+------------------------+----------------------+
| GPU  Name                 Persistence-M | Bus-Id          Disp.A | Volatile Uncorr. ECC |
| Fan  Temp   Perf          Pwr:Usage/Cap |           Memory-Usage | GPU-Util  Compute M. |
|                                         |                        |               MIG M. |
|=========================================+========================+======================|
|   0  NVIDIA GeForce RTX 3090        Off |   00000000:01:00.0  On |                  N/A |
| 30%   42C    P5             34W /  350W |    4263MiB /  24576MiB |      8%      Default |
|                                         |                        |                  N/A |
+-----------------------------------------+------------------------+----------------------+
                                                                                         
+-----------------------------------------------------------------------------------------+
| Processes:                                                                              |
|  GPU   GI   CI        PID   Type   Process name                              GPU Memory |
|        ID   ID                                                               Usage      |
|=========================================================================================|
|    0   N/A  N/A      1623      G   /usr/lib/xorg/Xorg                            300MiB |
|    0   N/A  N/A      2209      G   /usr/bin/gnome-shell                           64MiB |
|    0   N/A  N/A      6135      G   ...erProcess --variations-seed-version         89MiB |
|    0   N/A  N/A     10337      G   ...local/share/Steam/ubuntu12_32/steam          6MiB |
|    0   N/A  N/A     10898      G   ./steamwebhelper                                5MiB |
|    0   N/A  N/A    161013      G   ...ommon/SteamVR/bin/linux64/vrmonitor          8MiB |
|    0   N/A  N/A    161438    C+G   ./vrwebhelper                                  21MiB |
|    0   N/A  N/A    162326      G   ...bin/vrwebhelper/linux64/vrwebhelper         14MiB |
|    0   N/A  N/A    549673      G   ...13,262144 --variations-seed-version         44MiB |
|    0   N/A  N/A   1593336      G   /opt/ros/humble/lib/rviz2/rviz2               259MiB |
|    0   N/A  N/A   1607083      C   ..._centerpoint/lidar_centerpoint_node       1190MiB |
|    0   N/A  N/A   1607263      C   ...p_components/component_container_mt        472MiB |
|    0   N/A  N/A   1674800    C+G   ...ine/Engine/Binaries/Linux/UE4Editor       1683MiB |
+-----------------------------------------------------------------------------------------+
---------------------------------
[2024-10-30 17:34:47] GPU Memory change detected: 241 MB
Wed Oct 30 17:34:47 2024       
+-----------------------------------------------------------------------------------------+
| NVIDIA-SMI 550.54.15              Driver Version: 550.54.15      CUDA Version: 12.4     |
|-----------------------------------------+------------------------+----------------------+
| GPU  Name                 Persistence-M | Bus-Id          Disp.A | Volatile Uncorr. ECC |
| Fan  Temp   Perf          Pwr:Usage/Cap |           Memory-Usage | GPU-Util  Compute M. |
|                                         |                        |               MIG M. |
|=========================================+========================+======================|
|   0  NVIDIA GeForce RTX 3090        Off |   00000000:01:00.0  On |                  N/A |
| 30%   42C    P5             34W /  350W |    4457MiB /  24576MiB |      8%      Default |
|                                         |                        |                  N/A |
+-----------------------------------------+------------------------+----------------------+
                                                                                         
+-----------------------------------------------------------------------------------------+
| Processes:                                                                              |
|  GPU   GI   CI        PID   Type   Process name                              GPU Memory |
|        ID   ID                                                               Usage      |
|=========================================================================================|
|    0   N/A  N/A      1623      G   /usr/lib/xorg/Xorg                            300MiB |
|    0   N/A  N/A      2209      G   /usr/bin/gnome-shell                           64MiB |
|    0   N/A  N/A      6135      G   ...erProcess --variations-seed-version         89MiB |
|    0   N/A  N/A     10337      G   ...local/share/Steam/ubuntu12_32/steam          6MiB |
|    0   N/A  N/A     10898      G   ./steamwebhelper                                5MiB |
|    0   N/A  N/A    161013      G   ...ommon/SteamVR/bin/linux64/vrmonitor          8MiB |
|    0   N/A  N/A    161438    C+G   ./vrwebhelper                                  21MiB |
|    0   N/A  N/A    162326      G   ...bin/vrwebhelper/linux64/vrwebhelper         14MiB |
|    0   N/A  N/A    549673      G   ...13,262144 --variations-seed-version         44MiB |
|    0   N/A  N/A   1593336      G   /opt/ros/humble/lib/rviz2/rviz2               259MiB |
|    0   N/A  N/A   1607083      C   ..._centerpoint/lidar_centerpoint_node       1190MiB |
|    0   N/A  N/A   1607263      C   ...p_components/component_container_mt        472MiB |
|    0   N/A  N/A   1674800    C+G   ...ine/Engine/Binaries/Linux/UE4Editor       1877MiB |
+-----------------------------------------------------------------------------------------+
---------------------------------
[2024-10-30 17:34:47] GPU Memory change detected: 203 MB
Wed Oct 30 17:34:47 2024       
+-----------------------------------------------------------------------------------------+
| NVIDIA-SMI 550.54.15              Driver Version: 550.54.15      CUDA Version: 12.4     |
|-----------------------------------------+------------------------+----------------------+
| GPU  Name                 Persistence-M | Bus-Id          Disp.A | Volatile Uncorr. ECC |
| Fan  Temp   Perf          Pwr:Usage/Cap |           Memory-Usage | GPU-Util  Compute M. |
|                                         |                        |               MIG M. |
|=========================================+========================+======================|
|   0  NVIDIA GeForce RTX 3090        Off |   00000000:01:00.0  On |                  N/A |
| 30%   42C    P5             34W /  350W |    4672MiB /  24576MiB |      9%      Default |
|                                         |                        |                  N/A |
+-----------------------------------------+------------------------+----------------------+
                                                                                         
+-----------------------------------------------------------------------------------------+
| Processes:                                                                              |
|  GPU   GI   CI        PID   Type   Process name                              GPU Memory |
|        ID   ID                                                               Usage      |
|=========================================================================================|
|    0   N/A  N/A      1623      G   /usr/lib/xorg/Xorg                            300MiB |
|    0   N/A  N/A      2209      G   /usr/bin/gnome-shell                           64MiB |
|    0   N/A  N/A      6135      G   ...erProcess --variations-seed-version         89MiB |
|    0   N/A  N/A     10337      G   ...local/share/Steam/ubuntu12_32/steam          6MiB |
|    0   N/A  N/A     10898      G   ./steamwebhelper                                5MiB |
|    0   N/A  N/A    161013      G   ...ommon/SteamVR/bin/linux64/vrmonitor          8MiB |
|    0   N/A  N/A    161438    C+G   ./vrwebhelper                                  21MiB |
|    0   N/A  N/A    162326      G   ...bin/vrwebhelper/linux64/vrwebhelper         14MiB |
|    0   N/A  N/A    549673      G   ...13,262144 --variations-seed-version         44MiB |
|    0   N/A  N/A   1593336      G   /opt/ros/humble/lib/rviz2/rviz2               259MiB |
|    0   N/A  N/A   1607083      C   ..._centerpoint/lidar_centerpoint_node       1190MiB |
|    0   N/A  N/A   1607263      C   ...p_components/component_container_mt        472MiB |
|    0   N/A  N/A   1674800    C+G   ...ine/Engine/Binaries/Linux/UE4Editor       2093MiB |
+-----------------------------------------------------------------------------------------+
---------------------------------
[2024-10-30 17:34:48] GPU Memory change detected: 223 MB
Wed Oct 30 17:34:48 2024       
+-----------------------------------------------------------------------------------------+
| NVIDIA-SMI 550.54.15              Driver Version: 550.54.15      CUDA Version: 12.4     |
|-----------------------------------------+------------------------+----------------------+
| GPU  Name                 Persistence-M | Bus-Id          Disp.A | Volatile Uncorr. ECC |
| Fan  Temp   Perf          Pwr:Usage/Cap |           Memory-Usage | GPU-Util  Compute M. |
|                                         |                        |               MIG M. |
|=========================================+========================+======================|
|   0  NVIDIA GeForce RTX 3090        Off |   00000000:01:00.0  On |                  N/A |
| 30%   42C    P2             35W /  350W |    4881MiB /  24576MiB |     81%      Default |
|                                         |                        |                  N/A |
+-----------------------------------------+------------------------+----------------------+
                                                                                         
+-----------------------------------------------------------------------------------------+
| Processes:                                                                              |
|  GPU   GI   CI        PID   Type   Process name                              GPU Memory |
|        ID   ID                                                               Usage      |
|=========================================================================================|
|    0   N/A  N/A      1623      G   /usr/lib/xorg/Xorg                            300MiB |
|    0   N/A  N/A      2209      G   /usr/bin/gnome-shell                           64MiB |
|    0   N/A  N/A      6135      G   ...erProcess --variations-seed-version         89MiB |
|    0   N/A  N/A     10337      G   ...local/share/Steam/ubuntu12_32/steam          6MiB |
|    0   N/A  N/A     10898      G   ./steamwebhelper                                5MiB |
|    0   N/A  N/A    161013      G   ...ommon/SteamVR/bin/linux64/vrmonitor          8MiB |
|    0   N/A  N/A    161438    C+G   ./vrwebhelper                                  21MiB |
|    0   N/A  N/A    162326      G   ...bin/vrwebhelper/linux64/vrwebhelper         14MiB |
|    0   N/A  N/A    549673      G   ...13,262144 --variations-seed-version         44MiB |
|    0   N/A  N/A   1593336      G   /opt/ros/humble/lib/rviz2/rviz2               259MiB |
|    0   N/A  N/A   1607083      C   ..._centerpoint/lidar_centerpoint_node       1190MiB |
|    0   N/A  N/A   1607263      C   ...p_components/component_container_mt        472MiB |
|    0   N/A  N/A   1674800    C+G   ...ine/Engine/Binaries/Linux/UE4Editor       2301MiB |
+-----------------------------------------------------------------------------------------+
---------------------------------
[2024-10-30 17:34:48] GPU Memory change detected: 214 MB
Wed Oct 30 17:34:48 2024       
+-----------------------------------------------------------------------------------------+
| NVIDIA-SMI 550.54.15              Driver Version: 550.54.15      CUDA Version: 12.4     |
|-----------------------------------------+------------------------+----------------------+
| GPU  Name                 Persistence-M | Bus-Id          Disp.A | Volatile Uncorr. ECC |
| Fan  Temp   Perf          Pwr:Usage/Cap |           Memory-Usage | GPU-Util  Compute M. |
|                                         |                        |               MIG M. |
|=========================================+========================+======================|
|   0  NVIDIA GeForce RTX 3090        Off |   00000000:01:00.0  On |                  N/A |
| 30%   45C    P2             60W /  350W |    5095MiB /  24576MiB |      3%      Default |
|                                         |                        |                  N/A |
+-----------------------------------------+------------------------+----------------------+
                                                                                         
+-----------------------------------------------------------------------------------------+
| Processes:                                                                              |
|  GPU   GI   CI        PID   Type   Process name                              GPU Memory |
|        ID   ID                                                               Usage      |
|=========================================================================================|
|    0   N/A  N/A      1623      G   /usr/lib/xorg/Xorg                            300MiB |
|    0   N/A  N/A      2209      G   /usr/bin/gnome-shell                           64MiB |
|    0   N/A  N/A      6135      G   ...erProcess --variations-seed-version         89MiB |
|    0   N/A  N/A     10337      G   ...local/share/Steam/ubuntu12_32/steam          6MiB |
|    0   N/A  N/A     10898      G   ./steamwebhelper                                5MiB |
|    0   N/A  N/A    161013      G   ...ommon/SteamVR/bin/linux64/vrmonitor          8MiB |
|    0   N/A  N/A    161438    C+G   ./vrwebhelper                                  21MiB |
|    0   N/A  N/A    162326      G   ...bin/vrwebhelper/linux64/vrwebhelper         14MiB |
|    0   N/A  N/A    549673      G   ...13,262144 --variations-seed-version         44MiB |
|    0   N/A  N/A   1593336      G   /opt/ros/humble/lib/rviz2/rviz2               259MiB |
|    0   N/A  N/A   1607083      C   ..._centerpoint/lidar_centerpoint_node       1190MiB |
|    0   N/A  N/A   1607263      C   ...p_components/component_container_mt        472MiB |
|    0   N/A  N/A   1674800    C+G   ...ine/Engine/Binaries/Linux/UE4Editor       2517MiB |
+-----------------------------------------------------------------------------------------+
---------------------------------
[2024-10-30 17:34:48] GPU Memory change detected: 224 MB
Wed Oct 30 17:34:48 2024       
+-----------------------------------------------------------------------------------------+
| NVIDIA-SMI 550.54.15              Driver Version: 550.54.15      CUDA Version: 12.4     |
|-----------------------------------------+------------------------+----------------------+
| GPU  Name                 Persistence-M | Bus-Id          Disp.A | Volatile Uncorr. ECC |
| Fan  Temp   Perf          Pwr:Usage/Cap |           Memory-Usage | GPU-Util  Compute M. |
|                                         |                        |               MIG M. |
|=========================================+========================+======================|
|   0  NVIDIA GeForce RTX 3090        Off |   00000000:01:00.0  On |                  N/A |
| 30%   45C    P2             85W /  350W |    5319MiB /  24576MiB |      3%      Default |
|                                         |                        |                  N/A |
+-----------------------------------------+------------------------+----------------------+
                                                                                         
+-----------------------------------------------------------------------------------------+
| Processes:                                                                              |
|  GPU   GI   CI        PID   Type   Process name                              GPU Memory |
|        ID   ID                                                               Usage      |
|=========================================================================================|
|    0   N/A  N/A      1623      G   /usr/lib/xorg/Xorg                            300MiB |
|    0   N/A  N/A      2209      G   /usr/bin/gnome-shell                           64MiB |
|    0   N/A  N/A      6135      G   ...erProcess --variations-seed-version         89MiB |
|    0   N/A  N/A     10337      G   ...local/share/Steam/ubuntu12_32/steam          6MiB |
|    0   N/A  N/A     10898      G   ./steamwebhelper                                5MiB |
|    0   N/A  N/A    161013      G   ...ommon/SteamVR/bin/linux64/vrmonitor          8MiB |
|    0   N/A  N/A    161438    C+G   ./vrwebhelper                                  21MiB |
|    0   N/A  N/A    162326      G   ...bin/vrwebhelper/linux64/vrwebhelper         14MiB |
|    0   N/A  N/A    549673      G   ...13,262144 --variations-seed-version         44MiB |
|    0   N/A  N/A   1593336      G   /opt/ros/humble/lib/rviz2/rviz2               259MiB |
|    0   N/A  N/A   1607083      C   ..._centerpoint/lidar_centerpoint_node       1190MiB |
|    0   N/A  N/A   1607263      C   ...p_components/component_container_mt        472MiB |
|    0   N/A  N/A   1674800    C+G   ...ine/Engine/Binaries/Linux/UE4Editor       2740MiB |
+-----------------------------------------------------------------------------------------+
---------------------------------
[2024-10-30 17:34:49] GPU Memory change detected: 233 MB
Wed Oct 30 17:34:49 2024       
+-----------------------------------------------------------------------------------------+
| NVIDIA-SMI 550.54.15              Driver Version: 550.54.15      CUDA Version: 12.4     |
|-----------------------------------------+------------------------+----------------------+
| GPU  Name                 Persistence-M | Bus-Id          Disp.A | Volatile Uncorr. ECC |
| Fan  Temp   Perf          Pwr:Usage/Cap |           Memory-Usage | GPU-Util  Compute M. |
|                                         |                        |               MIG M. |
|=========================================+========================+======================|
|   0  NVIDIA GeForce RTX 3090        Off |   00000000:01:00.0  On |                  N/A |
| 30%   45C    P2            105W /  350W |    5568MiB /  24576MiB |      3%      Default |
|                                         |                        |                  N/A |
+-----------------------------------------+------------------------+----------------------+
                                                                                         
+-----------------------------------------------------------------------------------------+
| Processes:                                                                              |
|  GPU   GI   CI        PID   Type   Process name                              GPU Memory |
|        ID   ID                                                               Usage      |
|=========================================================================================|
|    0   N/A  N/A      1623      G   /usr/lib/xorg/Xorg                            300MiB |
|    0   N/A  N/A      2209      G   /usr/bin/gnome-shell                           64MiB |
|    0   N/A  N/A      6135      G   ...erProcess --variations-seed-version         89MiB |
|    0   N/A  N/A     10337      G   ...local/share/Steam/ubuntu12_32/steam          6MiB |
|    0   N/A  N/A     10898      G   ./steamwebhelper                                5MiB |
|    0   N/A  N/A    161013      G   ...ommon/SteamVR/bin/linux64/vrmonitor          8MiB |
|    0   N/A  N/A    161438    C+G   ./vrwebhelper                                  21MiB |
|    0   N/A  N/A    162326      G   ...bin/vrwebhelper/linux64/vrwebhelper         14MiB |
|    0   N/A  N/A    549673      G   ...13,262144 --variations-seed-version         44MiB |
|    0   N/A  N/A   1593336      G   /opt/ros/humble/lib/rviz2/rviz2               259MiB |
|    0   N/A  N/A   1607083      C   ..._centerpoint/lidar_centerpoint_node       1190MiB |
|    0   N/A  N/A   1607263      C   ...p_components/component_container_mt        472MiB |
|    0   N/A  N/A   1674800    C+G   ...ine/Engine/Binaries/Linux/UE4Editor       2991MiB |
+-----------------------------------------------------------------------------------------+
---------------------------------
[2024-10-30 17:34:49] GPU Memory change detected: 265 MB
Wed Oct 30 17:34:49 2024       
+-----------------------------------------------------------------------------------------+
| NVIDIA-SMI 550.54.15              Driver Version: 550.54.15      CUDA Version: 12.4     |
|-----------------------------------------+------------------------+----------------------+
| GPU  Name                 Persistence-M | Bus-Id          Disp.A | Volatile Uncorr. ECC |
| Fan  Temp   Perf          Pwr:Usage/Cap |           Memory-Usage | GPU-Util  Compute M. |
|                                         |                        |               MIG M. |
|=========================================+========================+======================|
|   0  NVIDIA GeForce RTX 3090        Off |   00000000:01:00.0  On |                  N/A |
| 30%   46C    P2            105W /  350W |    5834MiB /  24576MiB |      3%      Default |
|                                         |                        |                  N/A |
+-----------------------------------------+------------------------+----------------------+
                                                                                         
+-----------------------------------------------------------------------------------------+
| Processes:                                                                              |
|  GPU   GI   CI        PID   Type   Process name                              GPU Memory |
|        ID   ID                                                               Usage      |
|=========================================================================================|
|    0   N/A  N/A      1623      G   /usr/lib/xorg/Xorg                            300MiB |
|    0   N/A  N/A      2209      G   /usr/bin/gnome-shell                           64MiB |
|    0   N/A  N/A      6135      G   ...erProcess --variations-seed-version         89MiB |
|    0   N/A  N/A     10337      G   ...local/share/Steam/ubuntu12_32/steam          6MiB |
|    0   N/A  N/A     10898      G   ./steamwebhelper                                5MiB |
|    0   N/A  N/A    161013      G   ...ommon/SteamVR/bin/linux64/vrmonitor          8MiB |
|    0   N/A  N/A    161438    C+G   ./vrwebhelper                                  21MiB |
|    0   N/A  N/A    162326      G   ...bin/vrwebhelper/linux64/vrwebhelper         14MiB |
|    0   N/A  N/A    549673      G   ...13,262144 --variations-seed-version         44MiB |
|    0   N/A  N/A   1593336      G   /opt/ros/humble/lib/rviz2/rviz2               259MiB |
|    0   N/A  N/A   1607083      C   ..._centerpoint/lidar_centerpoint_node       1190MiB |
|    0   N/A  N/A   1607263      C   ...p_components/component_container_mt        472MiB |
|    0   N/A  N/A   1674800    C+G   ...ine/Engine/Binaries/Linux/UE4Editor       3255MiB |
+-----------------------------------------------------------------------------------------+
---------------------------------
[2024-10-30 17:34:50] GPU Memory change detected: 239 MB
Wed Oct 30 17:34:50 2024       
+-----------------------------------------------------------------------------------------+
| NVIDIA-SMI 550.54.15              Driver Version: 550.54.15      CUDA Version: 12.4     |
|-----------------------------------------+------------------------+----------------------+
| GPU  Name                 Persistence-M | Bus-Id          Disp.A | Volatile Uncorr. ECC |
| Fan  Temp   Perf          Pwr:Usage/Cap |           Memory-Usage | GPU-Util  Compute M. |
|                                         |                        |               MIG M. |
|=========================================+========================+======================|
|   0  NVIDIA GeForce RTX 3090        Off |   00000000:01:00.0  On |                  N/A |
| 30%   43C    P5             93W /  350W |    6056MiB /  24576MiB |     10%      Default |
|                                         |                        |                  N/A |
+-----------------------------------------+------------------------+----------------------+
                                                                                         
+-----------------------------------------------------------------------------------------+
| Processes:                                                                              |
|  GPU   GI   CI        PID   Type   Process name                              GPU Memory |
|        ID   ID                                                               Usage      |
|=========================================================================================|
|    0   N/A  N/A      1623      G   /usr/lib/xorg/Xorg                            300MiB |
|    0   N/A  N/A      2209      G   /usr/bin/gnome-shell                           64MiB |
|    0   N/A  N/A      6135      G   ...erProcess --variations-seed-version         89MiB |
|    0   N/A  N/A     10337      G   ...local/share/Steam/ubuntu12_32/steam          6MiB |
|    0   N/A  N/A     10898      G   ./steamwebhelper                                5MiB |
|    0   N/A  N/A    161013      G   ...ommon/SteamVR/bin/linux64/vrmonitor          8MiB |
|    0   N/A  N/A    161438    C+G   ./vrwebhelper                                  21MiB |
|    0   N/A  N/A    162326      G   ...bin/vrwebhelper/linux64/vrwebhelper         14MiB |
|    0   N/A  N/A    549673      G   ...13,262144 --variations-seed-version         44MiB |
|    0   N/A  N/A   1593336      G   /opt/ros/humble/lib/rviz2/rviz2               259MiB |
|    0   N/A  N/A   1607083      C   ..._centerpoint/lidar_centerpoint_node       1190MiB |
|    0   N/A  N/A   1607263      C   ...p_components/component_container_mt        472MiB |
|    0   N/A  N/A   1674800    C+G   ...ine/Engine/Binaries/Linux/UE4Editor       3476MiB |
+-----------------------------------------------------------------------------------------+
---------------------------------
[2024-10-30 17:34:50] GPU Memory change detected: 210 MB
Wed Oct 30 17:34:50 2024       
+-----------------------------------------------------------------------------------------+
| NVIDIA-SMI 550.54.15              Driver Version: 550.54.15      CUDA Version: 12.4     |
|-----------------------------------------+------------------------+----------------------+
| GPU  Name                 Persistence-M | Bus-Id          Disp.A | Volatile Uncorr. ECC |
| Fan  Temp   Perf          Pwr:Usage/Cap |           Memory-Usage | GPU-Util  Compute M. |
|                                         |                        |               MIG M. |
|=========================================+========================+======================|
|   0  NVIDIA GeForce RTX 3090        Off |   00000000:01:00.0  On |                  N/A |
| 30%   43C    P5             67W /  350W |    6275MiB /  24576MiB |     11%      Default |
|                                         |                        |                  N/A |
+-----------------------------------------+------------------------+----------------------+
                                                                                         
+-----------------------------------------------------------------------------------------+
| Processes:                                                                              |
|  GPU   GI   CI        PID   Type   Process name                              GPU Memory |
|        ID   ID                                                               Usage      |
|=========================================================================================|
|    0   N/A  N/A      1623      G   /usr/lib/xorg/Xorg                            300MiB |
|    0   N/A  N/A      2209      G   /usr/bin/gnome-shell                           64MiB |
|    0   N/A  N/A      6135      G   ...erProcess --variations-seed-version         89MiB |
|    0   N/A  N/A     10337      G   ...local/share/Steam/ubuntu12_32/steam          6MiB |
|    0   N/A  N/A     10898      G   ./steamwebhelper                                5MiB |
|    0   N/A  N/A    161013      G   ...ommon/SteamVR/bin/linux64/vrmonitor          8MiB |
|    0   N/A  N/A    161438    C+G   ./vrwebhelper                                  21MiB |
|    0   N/A  N/A    162326      G   ...bin/vrwebhelper/linux64/vrwebhelper         14MiB |
|    0   N/A  N/A    549673      G   ...13,262144 --variations-seed-version         44MiB |
|    0   N/A  N/A   1593336      G   /opt/ros/humble/lib/rviz2/rviz2               259MiB |
|    0   N/A  N/A   1607083      C   ..._centerpoint/lidar_centerpoint_node       1190MiB |
|    0   N/A  N/A   1607263      C   ...p_components/component_container_mt        472MiB |
|    0   N/A  N/A   1674800    C+G   ...ine/Engine/Binaries/Linux/UE4Editor       3695MiB |
+-----------------------------------------------------------------------------------------+
---------------------------------
[2024-10-30 17:34:51] GPU Memory change detected: 332 MB
Wed Oct 30 17:34:51 2024       
+-----------------------------------------------------------------------------------------+
| NVIDIA-SMI 550.54.15              Driver Version: 550.54.15      CUDA Version: 12.4     |
|-----------------------------------------+------------------------+----------------------+
| GPU  Name                 Persistence-M | Bus-Id          Disp.A | Volatile Uncorr. ECC |
| Fan  Temp   Perf          Pwr:Usage/Cap |           Memory-Usage | GPU-Util  Compute M. |
|                                         |                        |               MIG M. |
|=========================================+========================+======================|
|   0  NVIDIA GeForce RTX 3090        Off |   00000000:01:00.0  On |                  N/A |
| 30%   42C    P8             34W /  350W |    6655MiB /  24576MiB |     11%      Default |
|                                         |                        |                  N/A |
+-----------------------------------------+------------------------+----------------------+
                                                                                         
+-----------------------------------------------------------------------------------------+
| Processes:                                                                              |
|  GPU   GI   CI        PID   Type   Process name                              GPU Memory |
|        ID   ID                                                               Usage      |
|=========================================================================================|
|    0   N/A  N/A      1623      G   /usr/lib/xorg/Xorg                            300MiB |
|    0   N/A  N/A      2209      G   /usr/bin/gnome-shell                           64MiB |
|    0   N/A  N/A      6135      G   ...erProcess --variations-seed-version         89MiB |
|    0   N/A  N/A     10337      G   ...local/share/Steam/ubuntu12_32/steam          6MiB |
|    0   N/A  N/A     10898      G   ./steamwebhelper                                5MiB |
|    0   N/A  N/A    161013      G   ...ommon/SteamVR/bin/linux64/vrmonitor          8MiB |
|    0   N/A  N/A    161438    C+G   ./vrwebhelper                                  21MiB |
|    0   N/A  N/A    162326      G   ...bin/vrwebhelper/linux64/vrwebhelper         14MiB |
|    0   N/A  N/A    549673      G   ...13,262144 --variations-seed-version         44MiB |
|    0   N/A  N/A   1593336      G   /opt/ros/humble/lib/rviz2/rviz2               259MiB |
|    0   N/A  N/A   1607083      C   ..._centerpoint/lidar_centerpoint_node       1190MiB |
|    0   N/A  N/A   1607263      C   ...p_components/component_container_mt        472MiB |
|    0   N/A  N/A   1674800    C+G   ...ine/Engine/Binaries/Linux/UE4Editor       4076MiB |
+-----------------------------------------------------------------------------------------+
---------------------------------
[2024-10-30 17:34:52] GPU Memory change detected: 223 MB
Wed Oct 30 17:34:52 2024       
+-----------------------------------------------------------------------------------------+
| NVIDIA-SMI 550.54.15              Driver Version: 550.54.15      CUDA Version: 12.4     |
|-----------------------------------------+------------------------+----------------------+
| GPU  Name                 Persistence-M | Bus-Id          Disp.A | Volatile Uncorr. ECC |
| Fan  Temp   Perf          Pwr:Usage/Cap |           Memory-Usage | GPU-Util  Compute M. |
|                                         |                        |               MIG M. |
|=========================================+========================+======================|
|   0  NVIDIA GeForce RTX 3090        Off |   00000000:01:00.0  On |                  N/A |
| 30%   47C    P2             87W /  350W |    7354MiB /  24576MiB |      9%      Default |
|                                         |                        |                  N/A |
+-----------------------------------------+------------------------+----------------------+
                                                                                         
+-----------------------------------------------------------------------------------------+
| Processes:                                                                              |
|  GPU   GI   CI        PID   Type   Process name                              GPU Memory |
|        ID   ID                                                               Usage      |
|=========================================================================================|
|    0   N/A  N/A      1623      G   /usr/lib/xorg/Xorg                            320MiB |
|    0   N/A  N/A      2209      G   /usr/bin/gnome-shell                           64MiB |
|    0   N/A  N/A      6135      G   ...erProcess --variations-seed-version         89MiB |
|    0   N/A  N/A     10337      G   ...local/share/Steam/ubuntu12_32/steam          6MiB |
|    0   N/A  N/A     10898      G   ./steamwebhelper                                5MiB |
|    0   N/A  N/A    161013      G   ...ommon/SteamVR/bin/linux64/vrmonitor          8MiB |
|    0   N/A  N/A    161438    C+G   ./vrwebhelper                                  21MiB |
|    0   N/A  N/A    162326      G   ...bin/vrwebhelper/linux64/vrwebhelper         14MiB |
|    0   N/A  N/A    549673      G   ...13,262144 --variations-seed-version         44MiB |
|    0   N/A  N/A   1593336      G   /opt/ros/humble/lib/rviz2/rviz2               259MiB |
|    0   N/A  N/A   1607083      C   ..._centerpoint/lidar_centerpoint_node       1190MiB |
|    0   N/A  N/A   1607263      C   ...p_components/component_container_mt        472MiB |
|    0   N/A  N/A   1674800    C+G   ...ine/Engine/Binaries/Linux/UE4Editor       4747MiB |
+-----------------------------------------------------------------------------------------+
---------------------------------
[2024-10-30 17:34:52] GPU Memory change detected: 533 MB
Wed Oct 30 17:34:52 2024       
+-----------------------------------------------------------------------------------------+
| NVIDIA-SMI 550.54.15              Driver Version: 550.54.15      CUDA Version: 12.4     |
|-----------------------------------------+------------------------+----------------------+
| GPU  Name                 Persistence-M | Bus-Id          Disp.A | Volatile Uncorr. ECC |
| Fan  Temp   Perf          Pwr:Usage/Cap |           Memory-Usage | GPU-Util  Compute M. |
|                                         |                        |               MIG M. |
|=========================================+========================+======================|
|   0  NVIDIA GeForce RTX 3090        Off |   00000000:01:00.0  On |                  N/A |
| 30%   46C    P2             96W /  350W |    7354MiB /  24576MiB |      9%      Default |
|                                         |                        |                  N/A |
+-----------------------------------------+------------------------+----------------------+
                                                                                         
+-----------------------------------------------------------------------------------------+
| Processes:                                                                              |
|  GPU   GI   CI        PID   Type   Process name                              GPU Memory |
|        ID   ID                                                               Usage      |
|=========================================================================================|
|    0   N/A  N/A      1623      G   /usr/lib/xorg/Xorg                            320MiB |
|    0   N/A  N/A      2209      G   /usr/bin/gnome-shell                           64MiB |
|    0   N/A  N/A      6135      G   ...erProcess --variations-seed-version         89MiB |
|    0   N/A  N/A     10337      G   ...local/share/Steam/ubuntu12_32/steam          6MiB |
|    0   N/A  N/A     10898      G   ./steamwebhelper                                5MiB |
|    0   N/A  N/A    161013      G   ...ommon/SteamVR/bin/linux64/vrmonitor          8MiB |
|    0   N/A  N/A    161438    C+G   ./vrwebhelper                                  21MiB |
|    0   N/A  N/A    162326      G   ...bin/vrwebhelper/linux64/vrwebhelper         14MiB |
|    0   N/A  N/A    549673      G   ...13,262144 --variations-seed-version         44MiB |
|    0   N/A  N/A   1593336      G   /opt/ros/humble/lib/rviz2/rviz2               259MiB |
|    0   N/A  N/A   1607083      C   ..._centerpoint/lidar_centerpoint_node       1190MiB |
|    0   N/A  N/A   1607263      C   ...p_components/component_container_mt        472MiB |
|    0   N/A  N/A   1674800    C+G   ...ine/Engine/Binaries/Linux/UE4Editor       4747MiB |
+-----------------------------------------------------------------------------------------+
---------------------------------
[2024-10-30 17:34:52] GPU Memory change detected: 280 MB
Wed Oct 30 17:34:52 2024       
+-----------------------------------------------------------------------------------------+
| NVIDIA-SMI 550.54.15              Driver Version: 550.54.15      CUDA Version: 12.4     |
|-----------------------------------------+------------------------+----------------------+
| GPU  Name                 Persistence-M | Bus-Id          Disp.A | Volatile Uncorr. ECC |
| Fan  Temp   Perf          Pwr:Usage/Cap |           Memory-Usage | GPU-Util  Compute M. |
|                                         |                        |               MIG M. |
|=========================================+========================+======================|
|   0  NVIDIA GeForce RTX 3090        Off |   00000000:01:00.0  On |                  N/A |
| 30%   46C    P2            108W /  350W |    7634MiB /  24576MiB |     11%      Default |
|                                         |                        |                  N/A |
+-----------------------------------------+------------------------+----------------------+
                                                                                         
+-----------------------------------------------------------------------------------------+
| Processes:                                                                              |
|  GPU   GI   CI        PID   Type   Process name                              GPU Memory |
|        ID   ID                                                               Usage      |
|=========================================================================================|
|    0   N/A  N/A      1623      G   /usr/lib/xorg/Xorg                            320MiB |
|    0   N/A  N/A      2209      G   /usr/bin/gnome-shell                           64MiB |
|    0   N/A  N/A      6135      G   ...erProcess --variations-seed-version         89MiB |
|    0   N/A  N/A     10337      G   ...local/share/Steam/ubuntu12_32/steam          6MiB |
|    0   N/A  N/A     10898      G   ./steamwebhelper                                5MiB |
|    0   N/A  N/A    161013      G   ...ommon/SteamVR/bin/linux64/vrmonitor          8MiB |
|    0   N/A  N/A    161438    C+G   ./vrwebhelper                                  21MiB |
|    0   N/A  N/A    162326      G   ...bin/vrwebhelper/linux64/vrwebhelper         14MiB |
|    0   N/A  N/A    549673      G   ...13,262144 --variations-seed-version         44MiB |
|    0   N/A  N/A   1593336      G   /opt/ros/humble/lib/rviz2/rviz2               259MiB |
|    0   N/A  N/A   1607083      C   ..._centerpoint/lidar_centerpoint_node       1190MiB |
|    0   N/A  N/A   1607263      C   ...p_components/component_container_mt        472MiB |
|    0   N/A  N/A   1674800    C+G   ...ine/Engine/Binaries/Linux/UE4Editor       5027MiB |
+-----------------------------------------------------------------------------------------+
---------------------------------
[2024-10-30 17:34:58] GPU Memory change detected: 201 MB
Wed Oct 30 17:34:58 2024       
+-----------------------------------------------------------------------------------------+
| NVIDIA-SMI 550.54.15              Driver Version: 550.54.15      CUDA Version: 12.4     |
|-----------------------------------------+------------------------+----------------------+
| GPU  Name                 Persistence-M | Bus-Id          Disp.A | Volatile Uncorr. ECC |
| Fan  Temp   Perf          Pwr:Usage/Cap |           Memory-Usage | GPU-Util  Compute M. |
|                                         |                        |               MIG M. |
|=========================================+========================+======================|
|   0  NVIDIA GeForce RTX 3090        Off |   00000000:01:00.0  On |                  N/A |
| 30%   48C    P2            124W /  350W |    7835MiB /  24576MiB |     38%      Default |
|                                         |                        |                  N/A |
+-----------------------------------------+------------------------+----------------------+
                                                                                         
+-----------------------------------------------------------------------------------------+
| Processes:                                                                              |
|  GPU   GI   CI        PID   Type   Process name                              GPU Memory |
|        ID   ID                                                               Usage      |
|=========================================================================================|
|    0   N/A  N/A      1623      G   /usr/lib/xorg/Xorg                            320MiB |
|    0   N/A  N/A      2209      G   /usr/bin/gnome-shell                           64MiB |
|    0   N/A  N/A      6135      G   ...erProcess --variations-seed-version         89MiB |
|    0   N/A  N/A     10337      G   ...local/share/Steam/ubuntu12_32/steam          6MiB |
|    0   N/A  N/A     10898      G   ./steamwebhelper                                5MiB |
|    0   N/A  N/A    161013      G   ...ommon/SteamVR/bin/linux64/vrmonitor          8MiB |
|    0   N/A  N/A    161438    C+G   ./vrwebhelper                                  21MiB |
|    0   N/A  N/A    162326      G   ...bin/vrwebhelper/linux64/vrwebhelper         14MiB |
|    0   N/A  N/A    549673      G   ...13,262144 --variations-seed-version         44MiB |
|    0   N/A  N/A   1593336      G   /opt/ros/humble/lib/rviz2/rviz2               259MiB |
|    0   N/A  N/A   1607083      C   ..._centerpoint/lidar_centerpoint_node       1190MiB |
|    0   N/A  N/A   1607263      C   ...p_components/component_container_mt        472MiB |
|    0   N/A  N/A   1674800    C+G   ...ine/Engine/Binaries/Linux/UE4Editor       5229MiB |
+-----------------------------------------------------------------------------------------+
---------------------------------
[2024-10-30 17:36:10] GPU Memory change detected: 212 MB
Wed Oct 30 17:36:10 2024       
+-----------------------------------------------------------------------------------------+
| NVIDIA-SMI 550.54.15              Driver Version: 550.54.15      CUDA Version: 12.4     |
|-----------------------------------------+------------------------+----------------------+
| GPU  Name                 Persistence-M | Bus-Id          Disp.A | Volatile Uncorr. ECC |
| Fan  Temp   Perf          Pwr:Usage/Cap |           Memory-Usage | GPU-Util  Compute M. |
|                                         |                        |               MIG M. |
|=========================================+========================+======================|
|   0  NVIDIA GeForce RTX 3090        Off |   00000000:01:00.0  On |                  N/A |
| 30%   52C    P5             36W /  350W |    8047MiB /  24576MiB |     26%      Default |
|                                         |                        |                  N/A |
+-----------------------------------------+------------------------+----------------------+
                                                                                         
+-----------------------------------------------------------------------------------------+
| Processes:                                                                              |
|  GPU   GI   CI        PID   Type   Process name                              GPU Memory |
|        ID   ID                                                               Usage      |
|=========================================================================================|
|    0   N/A  N/A      1623      G   /usr/lib/xorg/Xorg                            321MiB |
|    0   N/A  N/A      2209      G   /usr/bin/gnome-shell                           64MiB |
|    0   N/A  N/A      6135      G   ...erProcess --variations-seed-version         94MiB |
|    0   N/A  N/A     10337      G   ...local/share/Steam/ubuntu12_32/steam          6MiB |
|    0   N/A  N/A     10898      G   ./steamwebhelper                                5MiB |
|    0   N/A  N/A    161013      G   ...ommon/SteamVR/bin/linux64/vrmonitor          8MiB |
|    0   N/A  N/A    161438    C+G   ./vrwebhelper                                  21MiB |
|    0   N/A  N/A    162326      G   ...bin/vrwebhelper/linux64/vrwebhelper         14MiB |
|    0   N/A  N/A    549673      G   ...13,262144 --variations-seed-version         44MiB |
|    0   N/A  N/A   1593336      G   /opt/ros/humble/lib/rviz2/rviz2               259MiB |
|    0   N/A  N/A   1607083      C   ..._centerpoint/lidar_centerpoint_node       1190MiB |
|    0   N/A  N/A   1607263      C   ...p_components/component_container_mt        472MiB |
|    0   N/A  N/A   1674800    C+G   ...ine/Engine/Binaries/Linux/UE4Editor       5433MiB |
+-----------------------------------------------------------------------------------------+
---------------------------------
[2024-10-30 17:36:12] GPU Memory change detected: 249 MB
Wed Oct 30 17:36:12 2024       
+-----------------------------------------------------------------------------------------+
| NVIDIA-SMI 550.54.15              Driver Version: 550.54.15      CUDA Version: 12.4     |
|-----------------------------------------+------------------------+----------------------+
| GPU  Name                 Persistence-M | Bus-Id          Disp.A | Volatile Uncorr. ECC |
| Fan  Temp   Perf          Pwr:Usage/Cap |           Memory-Usage | GPU-Util  Compute M. |
|                                         |                        |               MIG M. |
|=========================================+========================+======================|
|   0  NVIDIA GeForce RTX 3090        Off |   00000000:01:00.0  On |                  N/A |
| 30%   52C    P8             33W /  350W |    8438MiB /  24576MiB |     13%      Default |
|                                         |                        |                  N/A |
+-----------------------------------------+------------------------+----------------------+
                                                                                         
+-----------------------------------------------------------------------------------------+
| Processes:                                                                              |
|  GPU   GI   CI        PID   Type   Process name                              GPU Memory |
|        ID   ID                                                               Usage      |
|=========================================================================================|
|    0   N/A  N/A      1623      G   /usr/lib/xorg/Xorg                            321MiB |
|    0   N/A  N/A      2209      G   /usr/bin/gnome-shell                           64MiB |
|    0   N/A  N/A      6135      G   ...erProcess --variations-seed-version         91MiB |
|    0   N/A  N/A     10337      G   ...local/share/Steam/ubuntu12_32/steam          6MiB |
|    0   N/A  N/A     10898      G   ./steamwebhelper                                5MiB |
|    0   N/A  N/A    161013      G   ...ommon/SteamVR/bin/linux64/vrmonitor          8MiB |
|    0   N/A  N/A    161438    C+G   ./vrwebhelper                                  21MiB |
|    0   N/A  N/A    162326      G   ...bin/vrwebhelper/linux64/vrwebhelper         14MiB |
|    0   N/A  N/A    549673      G   ...13,262144 --variations-seed-version         44MiB |
|    0   N/A  N/A   1593336      G   /opt/ros/humble/lib/rviz2/rviz2               259MiB |
|    0   N/A  N/A   1607083      C   ..._centerpoint/lidar_centerpoint_node       1190MiB |
|    0   N/A  N/A   1607263      C   ...p_components/component_container_mt        472MiB |
|    0   N/A  N/A   1674800    C+G   ...ine/Engine/Binaries/Linux/UE4Editor       5828MiB |
+-----------------------------------------------------------------------------------------+
---------------------------------
[2024-10-30 17:36:12] GPU Memory change detected: 402 MB
Wed Oct 30 17:36:12 2024       
+-----------------------------------------------------------------------------------------+
| NVIDIA-SMI 550.54.15              Driver Version: 550.54.15      CUDA Version: 12.4     |
|-----------------------------------------+------------------------+----------------------+
| GPU  Name                 Persistence-M | Bus-Id          Disp.A | Volatile Uncorr. ECC |
| Fan  Temp   Perf          Pwr:Usage/Cap |           Memory-Usage | GPU-Util  Compute M. |
|                                         |                        |               MIG M. |
|=========================================+========================+======================|
|   0  NVIDIA GeForce RTX 3090        Off |   00000000:01:00.0  On |                  N/A |
| 30%   52C    P8             33W /  350W |    8698MiB /  24576MiB |     38%      Default |
|                                         |                        |                  N/A |
+-----------------------------------------+------------------------+----------------------+
                                                                                         
+-----------------------------------------------------------------------------------------+
| Processes:                                                                              |
|  GPU   GI   CI        PID   Type   Process name                              GPU Memory |
|        ID   ID                                                               Usage      |
|=========================================================================================|
|    0   N/A  N/A      1623      G   /usr/lib/xorg/Xorg                            321MiB |
|    0   N/A  N/A      2209      G   /usr/bin/gnome-shell                           64MiB |
|    0   N/A  N/A      6135      G   ...erProcess --variations-seed-version         91MiB |
|    0   N/A  N/A     10337      G   ...local/share/Steam/ubuntu12_32/steam          6MiB |
|    0   N/A  N/A     10898      G   ./steamwebhelper                                5MiB |
|    0   N/A  N/A    161013      G   ...ommon/SteamVR/bin/linux64/vrmonitor          8MiB |
|    0   N/A  N/A    161438    C+G   ./vrwebhelper                                  21MiB |
|    0   N/A  N/A    162326      G   ...bin/vrwebhelper/linux64/vrwebhelper         14MiB |
|    0   N/A  N/A    549673      G   ...13,262144 --variations-seed-version         44MiB |
|    0   N/A  N/A   1593336      G   /opt/ros/humble/lib/rviz2/rviz2               259MiB |
|    0   N/A  N/A   1607083      C   ..._centerpoint/lidar_centerpoint_node       1190MiB |
|    0   N/A  N/A   1607263      C   ...p_components/component_container_mt        472MiB |
|    0   N/A  N/A   1674800    C+G   ...ine/Engine/Binaries/Linux/UE4Editor       6087MiB |
+-----------------------------------------------------------------------------------------+
---------------------------------
[2024-10-30 17:36:15] GPU Memory change detected: 271 MB
Wed Oct 30 17:36:15 2024       
+-----------------------------------------------------------------------------------------+
| NVIDIA-SMI 550.54.15              Driver Version: 550.54.15      CUDA Version: 12.4     |
|-----------------------------------------+------------------------+----------------------+
| GPU  Name                 Persistence-M | Bus-Id          Disp.A | Volatile Uncorr. ECC |
| Fan  Temp   Perf          Pwr:Usage/Cap |           Memory-Usage | GPU-Util  Compute M. |
|                                         |                        |               MIG M. |
|=========================================+========================+======================|
|   0  NVIDIA GeForce RTX 3090        Off |   00000000:01:00.0  On |                  N/A |
| 30%   52C    P8             34W /  350W |    8975MiB /  24576MiB |     17%      Default |
|                                         |                        |                  N/A |
+-----------------------------------------+------------------------+----------------------+
                                                                                         
+-----------------------------------------------------------------------------------------+
| Processes:                                                                              |
|  GPU   GI   CI        PID   Type   Process name                              GPU Memory |
|        ID   ID                                                               Usage      |
|=========================================================================================|
|    0   N/A  N/A      1623      G   /usr/lib/xorg/Xorg                            321MiB |
|    0   N/A  N/A      2209      G   /usr/bin/gnome-shell                           64MiB |
|    0   N/A  N/A      6135      G   ...erProcess --variations-seed-version         91MiB |
|    0   N/A  N/A     10337      G   ...local/share/Steam/ubuntu12_32/steam          6MiB |
|    0   N/A  N/A     10898      G   ./steamwebhelper                                5MiB |
|    0   N/A  N/A    161013      G   ...ommon/SteamVR/bin/linux64/vrmonitor          8MiB |
|    0   N/A  N/A    161438    C+G   ./vrwebhelper                                  21MiB |
|    0   N/A  N/A    162326      G   ...bin/vrwebhelper/linux64/vrwebhelper         14MiB |
|    0   N/A  N/A    549673      G   ...13,262144 --variations-seed-version         44MiB |
|    0   N/A  N/A   1593336      G   /opt/ros/humble/lib/rviz2/rviz2               259MiB |
|    0   N/A  N/A   1607083      C   ..._centerpoint/lidar_centerpoint_node       1190MiB |
|    0   N/A  N/A   1607263      C   ...p_components/component_container_mt        472MiB |
|    0   N/A  N/A   1674800    C+G   ...ine/Engine/Binaries/Linux/UE4Editor       6365MiB |
+-----------------------------------------------------------------------------------------+
---------------------------------
[2024-10-30 17:36:20] GPU Memory change detected: 237 MB
Wed Oct 30 17:36:20 2024       
+-----------------------------------------------------------------------------------------+
| NVIDIA-SMI 550.54.15              Driver Version: 550.54.15      CUDA Version: 12.4     |
|-----------------------------------------+------------------------+----------------------+
| GPU  Name                 Persistence-M | Bus-Id          Disp.A | Volatile Uncorr. ECC |
| Fan  Temp   Perf          Pwr:Usage/Cap |           Memory-Usage | GPU-Util  Compute M. |
|                                         |                        |               MIG M. |
|=========================================+========================+======================|
|   0  NVIDIA GeForce RTX 3090        Off |   00000000:01:00.0  On |                  N/A |
| 30%   51C    P8             33W /  350W |    9206MiB /  24576MiB |     33%      Default |
|                                         |                        |                  N/A |
+-----------------------------------------+------------------------+----------------------+
                                                                                         
+-----------------------------------------------------------------------------------------+
| Processes:                                                                              |
|  GPU   GI   CI        PID   Type   Process name                              GPU Memory |
|        ID   ID                                                               Usage      |
|=========================================================================================|
|    0   N/A  N/A      1623      G   /usr/lib/xorg/Xorg                            321MiB |
|    0   N/A  N/A      2209      G   /usr/bin/gnome-shell                           64MiB |
|    0   N/A  N/A      6135      G   ...erProcess --variations-seed-version         91MiB |
|    0   N/A  N/A     10337      G   ...local/share/Steam/ubuntu12_32/steam          6MiB |
|    0   N/A  N/A     10898      G   ./steamwebhelper                                5MiB |
|    0   N/A  N/A    161013      G   ...ommon/SteamVR/bin/linux64/vrmonitor          8MiB |
|    0   N/A  N/A    161438    C+G   ./vrwebhelper                                  21MiB |
|    0   N/A  N/A    162326      G   ...bin/vrwebhelper/linux64/vrwebhelper         14MiB |
|    0   N/A  N/A    549673      G   ...13,262144 --variations-seed-version         44MiB |
|    0   N/A  N/A   1593336      G   /opt/ros/humble/lib/rviz2/rviz2               259MiB |
|    0   N/A  N/A   1607083      C   ..._centerpoint/lidar_centerpoint_node       1190MiB |
|    0   N/A  N/A   1607263      C   ...p_components/component_container_mt        472MiB |
|    0   N/A  N/A   1674800    C+G   ...ine/Engine/Binaries/Linux/UE4Editor       6595MiB |
+-----------------------------------------------------------------------------------------+
---------------------------------
[2024-10-30 17:38:35] GPU Memory change detected: 287 MB
Wed Oct 30 17:38:35 2024       
+-----------------------------------------------------------------------------------------+
| NVIDIA-SMI 550.54.15              Driver Version: 550.54.15      CUDA Version: 12.4     |
|-----------------------------------------+------------------------+----------------------+
| GPU  Name                 Persistence-M | Bus-Id          Disp.A | Volatile Uncorr. ECC |
| Fan  Temp   Perf          Pwr:Usage/Cap |           Memory-Usage | GPU-Util  Compute M. |
|                                         |                        |               MIG M. |
|=========================================+========================+======================|
|   0  NVIDIA GeForce RTX 3090        Off |   00000000:01:00.0  On |                  N/A |
| 30%   47C    P2            107W /  350W |    9493MiB /  24576MiB |     12%      Default |
|                                         |                        |                  N/A |
+-----------------------------------------+------------------------+----------------------+
                                                                                         
+-----------------------------------------------------------------------------------------+
| Processes:                                                                              |
|  GPU   GI   CI        PID   Type   Process name                              GPU Memory |
|        ID   ID                                                               Usage      |
|=========================================================================================|
|    0   N/A  N/A      1623      G   /usr/lib/xorg/Xorg                            394MiB |
|    0   N/A  N/A      2209      G   /usr/bin/gnome-shell                           37MiB |
|    0   N/A  N/A      6135      G   ...erProcess --variations-seed-version         91MiB |
|    0   N/A  N/A     10337      G   ...local/share/Steam/ubuntu12_32/steam          6MiB |
|    0   N/A  N/A     10898      G   ./steamwebhelper                                5MiB |
|    0   N/A  N/A    161013      G   ...ommon/SteamVR/bin/linux64/vrmonitor          8MiB |
|    0   N/A  N/A    161438    C+G   ./vrwebhelper                                  21MiB |
|    0   N/A  N/A    162326      G   ...bin/vrwebhelper/linux64/vrwebhelper         14MiB |
|    0   N/A  N/A    549673      G   ...13,262144 --variations-seed-version         44MiB |
|    0   N/A  N/A   1593336      G   /opt/ros/humble/lib/rviz2/rviz2               259MiB |
|    0   N/A  N/A   1607083      C   ..._centerpoint/lidar_centerpoint_node       1190MiB |
|    0   N/A  N/A   1607263      C   ...p_components/component_container_mt        472MiB |
|    0   N/A  N/A   1674800    C+G   ...ine/Engine/Binaries/Linux/UE4Editor       6575MiB |
|    0   N/A  N/A   1714198      G   /opt/ros/humble/lib/rviz2/rviz2               260MiB |
+-----------------------------------------------------------------------------------------+
---------------------------------
[2024-10-30 17:38:35] GPU Memory change detected: 644 MB
Wed Oct 30 17:38:35 2024       
+-----------------------------------------------------------------------------------------+
| NVIDIA-SMI 550.54.15              Driver Version: 550.54.15      CUDA Version: 12.4     |
|-----------------------------------------+------------------------+----------------------+
| GPU  Name                 Persistence-M | Bus-Id          Disp.A | Volatile Uncorr. ECC |
| Fan  Temp   Perf          Pwr:Usage/Cap |           Memory-Usage | GPU-Util  Compute M. |
|                                         |                        |               MIG M. |
|=========================================+========================+======================|
|   0  NVIDIA GeForce RTX 3090        Off |   00000000:01:00.0  On |                  N/A |
| 30%   48C    P2            115W /  350W |   10137MiB /  24576MiB |     21%      Default |
|                                         |                        |                  N/A |
+-----------------------------------------+------------------------+----------------------+
                                                                                         
+-----------------------------------------------------------------------------------------+
| Processes:                                                                              |
|  GPU   GI   CI        PID   Type   Process name                              GPU Memory |
|        ID   ID                                                               Usage      |
|=========================================================================================|
|    0   N/A  N/A      1623      G   /usr/lib/xorg/Xorg                            394MiB |
|    0   N/A  N/A      2209      G   /usr/bin/gnome-shell                           37MiB |
|    0   N/A  N/A      6135      G   ...erProcess --variations-seed-version         91MiB |
|    0   N/A  N/A     10337      G   ...local/share/Steam/ubuntu12_32/steam          6MiB |
|    0   N/A  N/A     10898      G   ./steamwebhelper                                5MiB |
|    0   N/A  N/A    161013      G   ...ommon/SteamVR/bin/linux64/vrmonitor          8MiB |
|    0   N/A  N/A    161438    C+G   ./vrwebhelper                                  21MiB |
|    0   N/A  N/A    162326      G   ...bin/vrwebhelper/linux64/vrwebhelper         14MiB |
|    0   N/A  N/A    549673      G   ...13,262144 --variations-seed-version         44MiB |
|    0   N/A  N/A   1593336      G   /opt/ros/humble/lib/rviz2/rviz2               259MiB |
|    0   N/A  N/A   1607083      C   ..._centerpoint/lidar_centerpoint_node       1190MiB |
|    0   N/A  N/A   1607263      C   ...p_components/component_container_mt        472MiB |
|    0   N/A  N/A   1674800    C+G   ...ine/Engine/Binaries/Linux/UE4Editor       7217MiB |
|    0   N/A  N/A   1714198      G   /opt/ros/humble/lib/rviz2/rviz2               260MiB |
+-----------------------------------------------------------------------------------------+
---------------------------------
[2024-10-30 17:38:36] GPU Memory change detected: 203 MB
Wed Oct 30 17:38:36 2024       
+-----------------------------------------------------------------------------------------+
| NVIDIA-SMI 550.54.15              Driver Version: 550.54.15      CUDA Version: 12.4     |
|-----------------------------------------+------------------------+----------------------+
| GPU  Name                 Persistence-M | Bus-Id          Disp.A | Volatile Uncorr. ECC |
| Fan  Temp   Perf          Pwr:Usage/Cap |           Memory-Usage | GPU-Util  Compute M. |
|                                         |                        |               MIG M. |
|=========================================+========================+======================|
|   0  NVIDIA GeForce RTX 3090        Off |   00000000:01:00.0  On |                  N/A |
| 30%   46C    P3             90W /  350W |    9750MiB /  24576MiB |     51%      Default |
|                                         |                        |                  N/A |
+-----------------------------------------+------------------------+----------------------+
                                                                                         
+-----------------------------------------------------------------------------------------+
| Processes:                                                                              |
|  GPU   GI   CI        PID   Type   Process name                              GPU Memory |
|        ID   ID                                                               Usage      |
|=========================================================================================|
|    0   N/A  N/A      1623      G   /usr/lib/xorg/Xorg                            394MiB |
|    0   N/A  N/A      2209      G   /usr/bin/gnome-shell                           37MiB |
|    0   N/A  N/A      6135      G   ...erProcess --variations-seed-version         91MiB |
|    0   N/A  N/A     10337      G   ...local/share/Steam/ubuntu12_32/steam          6MiB |
|    0   N/A  N/A     10898      G   ./steamwebhelper                                5MiB |
|    0   N/A  N/A    161013      G   ...ommon/SteamVR/bin/linux64/vrmonitor          8MiB |
|    0   N/A  N/A    161438    C+G   ./vrwebhelper                                  21MiB |
|    0   N/A  N/A    162326      G   ...bin/vrwebhelper/linux64/vrwebhelper         14MiB |
|    0   N/A  N/A    549673      G   ...13,262144 --variations-seed-version         44MiB |
|    0   N/A  N/A   1593336      G   /opt/ros/humble/lib/rviz2/rviz2               259MiB |
|    0   N/A  N/A   1607083      C   ..._centerpoint/lidar_centerpoint_node       1190MiB |
|    0   N/A  N/A   1607263      C   ...p_components/component_container_mt        472MiB |
|    0   N/A  N/A   1674800    C+G   ...ine/Engine/Binaries/Linux/UE4Editor       6831MiB |
|    0   N/A  N/A   1714198      G   /opt/ros/humble/lib/rviz2/rviz2               260MiB |
+-----------------------------------------------------------------------------------------+
---------------------------------
[2024-10-30 17:38:36] GPU Memory change detected: -632 MB
Wed Oct 30 17:38:36 2024       
+-----------------------------------------------------------------------------------------+
| NVIDIA-SMI 550.54.15              Driver Version: 550.54.15      CUDA Version: 12.4     |
|-----------------------------------------+------------------------+----------------------+
| GPU  Name                 Persistence-M | Bus-Id          Disp.A | Volatile Uncorr. ECC |
| Fan  Temp   Perf          Pwr:Usage/Cap |           Memory-Usage | GPU-Util  Compute M. |
|                                         |                        |               MIG M. |
|=========================================+========================+======================|
|   0  NVIDIA GeForce RTX 3090        Off |   00000000:01:00.0  On |                  N/A |
| 30%   47C    P2             88W /  350W |    9708MiB /  24576MiB |     50%      Default |
|                                         |                        |                  N/A |
+-----------------------------------------+------------------------+----------------------+
                                                                                         
+-----------------------------------------------------------------------------------------+
| Processes:                                                                              |
|  GPU   GI   CI        PID   Type   Process name                              GPU Memory |
|        ID   ID                                                               Usage      |
|=========================================================================================|
|    0   N/A  N/A      1623      G   /usr/lib/xorg/Xorg                            394MiB |
|    0   N/A  N/A      2209      G   /usr/bin/gnome-shell                           37MiB |
|    0   N/A  N/A      6135      G   ...erProcess --variations-seed-version         91MiB |
|    0   N/A  N/A     10337      G   ...local/share/Steam/ubuntu12_32/steam          6MiB |
|    0   N/A  N/A     10898      G   ./steamwebhelper                                5MiB |
|    0   N/A  N/A    161013      G   ...ommon/SteamVR/bin/linux64/vrmonitor          8MiB |
|    0   N/A  N/A    161438    C+G   ./vrwebhelper                                  21MiB |
|    0   N/A  N/A    162326      G   ...bin/vrwebhelper/linux64/vrwebhelper         14MiB |
|    0   N/A  N/A    549673      G   ...13,262144 --variations-seed-version         44MiB |
|    0   N/A  N/A   1593336      G   /opt/ros/humble/lib/rviz2/rviz2               259MiB |
|    0   N/A  N/A   1607083      C   ..._centerpoint/lidar_centerpoint_node       1190MiB |
|    0   N/A  N/A   1607263      C   ...p_components/component_container_mt        472MiB |
|    0   N/A  N/A   1674800    C+G   ...ine/Engine/Binaries/Linux/UE4Editor       6789MiB |
|    0   N/A  N/A   1714198      G   /opt/ros/humble/lib/rviz2/rviz2               260MiB |
+-----------------------------------------------------------------------------------------+
---------------------------------
[2024-10-30 17:38:56] GPU Memory change detected: 360 MB
Wed Oct 30 17:38:56 2024       
+-----------------------------------------------------------------------------------------+
| NVIDIA-SMI 550.54.15              Driver Version: 550.54.15      CUDA Version: 12.4     |
|-----------------------------------------+------------------------+----------------------+
| GPU  Name                 Persistence-M | Bus-Id          Disp.A | Volatile Uncorr. ECC |
| Fan  Temp   Perf          Pwr:Usage/Cap |           Memory-Usage | GPU-Util  Compute M. |
|                                         |                        |               MIG M. |
|=========================================+========================+======================|
|   0  NVIDIA GeForce RTX 3090        Off |   00000000:01:00.0  On |                  N/A |
| 30%   50C    P2             86W /  350W |   10123MiB /  24576MiB |     15%      Default |
|                                         |                        |                  N/A |
+-----------------------------------------+------------------------+----------------------+
                                                                                         
+-----------------------------------------------------------------------------------------+
| Processes:                                                                              |
|  GPU   GI   CI        PID   Type   Process name                              GPU Memory |
|        ID   ID                                                               Usage      |
|=========================================================================================|
|    0   N/A  N/A      1623      G   /usr/lib/xorg/Xorg                            326MiB |
|    0   N/A  N/A      2209      G   /usr/bin/gnome-shell                           64MiB |
|    0   N/A  N/A      6135      G   ...erProcess --variations-seed-version         97MiB |
|    0   N/A  N/A     10337      G   ...local/share/Steam/ubuntu12_32/steam          6MiB |
|    0   N/A  N/A     10898      G   ./steamwebhelper                                5MiB |
|    0   N/A  N/A    161013      G   ...ommon/SteamVR/bin/linux64/vrmonitor          8MiB |
|    0   N/A  N/A    161438    C+G   ./vrwebhelper                                  21MiB |
|    0   N/A  N/A    162326      G   ...bin/vrwebhelper/linux64/vrwebhelper         14MiB |
|    0   N/A  N/A    549673      G   ...13,262144 --variations-seed-version         44MiB |
|    0   N/A  N/A   1593336      G   /opt/ros/humble/lib/rviz2/rviz2               259MiB |
|    0   N/A  N/A   1607083      C   ..._centerpoint/lidar_centerpoint_node       1190MiB |
|    0   N/A  N/A   1607263      C   ...p_components/component_container_mt        472MiB |
|    0   N/A  N/A   1674800    C+G   ...ine/Engine/Binaries/Linux/UE4Editor       7231MiB |
|    0   N/A  N/A   1714198      G   /opt/ros/humble/lib/rviz2/rviz2               259MiB |
|    0   N/A  N/A   1718099      G   python3                                         5MiB |
+-----------------------------------------------------------------------------------------+
---------------------------------
[2024-10-30 17:39:19] GPU Memory change detected: 208 MB
Wed Oct 30 17:39:19 2024       
+-----------------------------------------------------------------------------------------+
| NVIDIA-SMI 550.54.15              Driver Version: 550.54.15      CUDA Version: 12.4     |
|-----------------------------------------+------------------------+----------------------+
| GPU  Name                 Persistence-M | Bus-Id          Disp.A | Volatile Uncorr. ECC |
| Fan  Temp   Perf          Pwr:Usage/Cap |           Memory-Usage | GPU-Util  Compute M. |
|                                         |                        |               MIG M. |
|=========================================+========================+======================|
|   0  NVIDIA GeForce RTX 3090        Off |   00000000:01:00.0  On |                  N/A |
| 30%   59C    P2            189W /  350W |   10288MiB /  24576MiB |     51%      Default |
|                                         |                        |                  N/A |
+-----------------------------------------+------------------------+----------------------+
                                                                                         
+-----------------------------------------------------------------------------------------+
| Processes:                                                                              |
|  GPU   GI   CI        PID   Type   Process name                              GPU Memory |
|        ID   ID                                                               Usage      |
|=========================================================================================|
|    0   N/A  N/A      1623      G   /usr/lib/xorg/Xorg                            330MiB |
|    0   N/A  N/A      2209      G   /usr/bin/gnome-shell                           65MiB |
|    0   N/A  N/A      6135      G   ...erProcess --variations-seed-version        101MiB |
|    0   N/A  N/A     10337      G   ...local/share/Steam/ubuntu12_32/steam          6MiB |
|    0   N/A  N/A     10898      G   ./steamwebhelper                                5MiB |
|    0   N/A  N/A    161013      G   ...ommon/SteamVR/bin/linux64/vrmonitor          8MiB |
|    0   N/A  N/A    161438    C+G   ./vrwebhelper                                  21MiB |
|    0   N/A  N/A    162326      G   ...bin/vrwebhelper/linux64/vrwebhelper         14MiB |
|    0   N/A  N/A    549673      G   ...13,262144 --variations-seed-version         44MiB |
|    0   N/A  N/A   1593336      G   /opt/ros/humble/lib/rviz2/rviz2               259MiB |
|    0   N/A  N/A   1607083      C   ..._centerpoint/lidar_centerpoint_node       1426MiB |
|    0   N/A  N/A   1607263      C   ...p_components/component_container_mt        472MiB |
|    0   N/A  N/A   1674800    C+G   ...ine/Engine/Binaries/Linux/UE4Editor       7152MiB |
|    0   N/A  N/A   1714198      G   /opt/ros/humble/lib/rviz2/rviz2               259MiB |
|    0   N/A  N/A   1718099      G   python3                                         5MiB |
+-----------------------------------------------------------------------------------------+
---------------------------------
[2024-10-30 17:39:20] GPU Memory change detected: 211 MB
Wed Oct 30 17:39:20 2024       
+-----------------------------------------------------------------------------------------+
| NVIDIA-SMI 550.54.15              Driver Version: 550.54.15      CUDA Version: 12.4     |
|-----------------------------------------+------------------------+----------------------+
| GPU  Name                 Persistence-M | Bus-Id          Disp.A | Volatile Uncorr. ECC |
| Fan  Temp   Perf          Pwr:Usage/Cap |           Memory-Usage | GPU-Util  Compute M. |
|                                         |                        |               MIG M. |
|=========================================+========================+======================|
|   0  NVIDIA GeForce RTX 3090        Off |   00000000:01:00.0  On |                  N/A |
| 30%   59C    P2            190W /  350W |   10503MiB /  24576MiB |     55%      Default |
|                                         |                        |                  N/A |
+-----------------------------------------+------------------------+----------------------+
                                                                                         
+-----------------------------------------------------------------------------------------+
| Processes:                                                                              |
|  GPU   GI   CI        PID   Type   Process name                              GPU Memory |
|        ID   ID                                                               Usage      |
|=========================================================================================|
|    0   N/A  N/A      1623      G   /usr/lib/xorg/Xorg                            330MiB |
|    0   N/A  N/A      2209      G   /usr/bin/gnome-shell                           65MiB |
|    0   N/A  N/A      6135      G   ...erProcess --variations-seed-version         99MiB |
|    0   N/A  N/A     10337      G   ...local/share/Steam/ubuntu12_32/steam          6MiB |
|    0   N/A  N/A     10898      G   ./steamwebhelper                                5MiB |
|    0   N/A  N/A    161013      G   ...ommon/SteamVR/bin/linux64/vrmonitor          8MiB |
|    0   N/A  N/A    161438    C+G   ./vrwebhelper                                  21MiB |
|    0   N/A  N/A    162326      G   ...bin/vrwebhelper/linux64/vrwebhelper         14MiB |
|    0   N/A  N/A    549673      G   ...13,262144 --variations-seed-version         44MiB |
|    0   N/A  N/A   1593336      G   /opt/ros/humble/lib/rviz2/rviz2               259MiB |
|    0   N/A  N/A   1607083      C   ..._centerpoint/lidar_centerpoint_node       1642MiB |
|    0   N/A  N/A   1607263      C   ...p_components/component_container_mt        472MiB |
|    0   N/A  N/A   1674800    C+G   ...ine/Engine/Binaries/Linux/UE4Editor       7152MiB |
|    0   N/A  N/A   1714198      G   /opt/ros/humble/lib/rviz2/rviz2               259MiB |
|    0   N/A  N/A   1718099      G   python3                                         5MiB |
+-----------------------------------------------------------------------------------------+
---------------------------------
[2024-10-30 17:39:30] GPU Memory change detected: 296 MB
Wed Oct 30 17:39:30 2024       
+-----------------------------------------------------------------------------------------+
| NVIDIA-SMI 550.54.15              Driver Version: 550.54.15      CUDA Version: 12.4     |
|-----------------------------------------+------------------------+----------------------+
| GPU  Name                 Persistence-M | Bus-Id          Disp.A | Volatile Uncorr. ECC |
| Fan  Temp   Perf          Pwr:Usage/Cap |           Memory-Usage | GPU-Util  Compute M. |
|                                         |                        |               MIG M. |
|=========================================+========================+======================|
|   0  NVIDIA GeForce RTX 3090        Off |   00000000:01:00.0  On |                  N/A |
| 30%   61C    P2            184W /  350W |   10783MiB /  24576MiB |     43%      Default |
|                                         |                        |                  N/A |
+-----------------------------------------+------------------------+----------------------+
                                                                                         
+-----------------------------------------------------------------------------------------+
| Processes:                                                                              |
|  GPU   GI   CI        PID   Type   Process name                              GPU Memory |
|        ID   ID                                                               Usage      |
|=========================================================================================|
|    0   N/A  N/A      1623      G   /usr/lib/xorg/Xorg                            330MiB |
|    0   N/A  N/A      2209      G   /usr/bin/gnome-shell                           76MiB |
|    0   N/A  N/A      6135      G   ...erProcess --variations-seed-version        120MiB |
|    0   N/A  N/A     10337      G   ...local/share/Steam/ubuntu12_32/steam          6MiB |
|    0   N/A  N/A     10898      G   ./steamwebhelper                                5MiB |
|    0   N/A  N/A    161013      G   ...ommon/SteamVR/bin/linux64/vrmonitor          8MiB |
|    0   N/A  N/A    161438    C+G   ./vrwebhelper                                  21MiB |
|    0   N/A  N/A    162326      G   ...bin/vrwebhelper/linux64/vrwebhelper         14MiB |
|    0   N/A  N/A    549673      G   ...13,262144 --variations-seed-version         44MiB |
|    0   N/A  N/A   1593336      G   /opt/ros/humble/lib/rviz2/rviz2               259MiB |
|    0   N/A  N/A   1607083      C   ..._centerpoint/lidar_centerpoint_node       1718MiB |
|    0   N/A  N/A   1607263      C   ...p_components/component_container_mt        472MiB |
|    0   N/A  N/A   1674800    C+G   ...ine/Engine/Binaries/Linux/UE4Editor       7325MiB |
|    0   N/A  N/A   1714198      G   /opt/ros/humble/lib/rviz2/rviz2               259MiB |
|    0   N/A  N/A   1718099      G   python3                                         5MiB |
+-----------------------------------------------------------------------------------------+
---------------------------------
[2024-10-30 17:39:37] GPU Memory change detected: 333 MB
Wed Oct 30 17:39:37 2024       
+-----------------------------------------------------------------------------------------+
| NVIDIA-SMI 550.54.15              Driver Version: 550.54.15      CUDA Version: 12.4     |
|-----------------------------------------+------------------------+----------------------+
| GPU  Name                 Persistence-M | Bus-Id          Disp.A | Volatile Uncorr. ECC |
| Fan  Temp   Perf          Pwr:Usage/Cap |           Memory-Usage | GPU-Util  Compute M. |
|                                         |                        |               MIG M. |
|=========================================+========================+======================|
|   0  NVIDIA GeForce RTX 3090        Off |   00000000:01:00.0  On |                  N/A |
| 30%   60C    P2            142W /  350W |   11116MiB /  24576MiB |     23%      Default |
|                                         |                        |                  N/A |
+-----------------------------------------+------------------------+----------------------+
                                                                                         
+-----------------------------------------------------------------------------------------+
| Processes:                                                                              |
|  GPU   GI   CI        PID   Type   Process name                              GPU Memory |
|        ID   ID                                                               Usage      |
|=========================================================================================|
|    0   N/A  N/A      1623      G   /usr/lib/xorg/Xorg                            330MiB |
|    0   N/A  N/A      2209      G   /usr/bin/gnome-shell                           80MiB |
|    0   N/A  N/A      6135      G   ...erProcess --variations-seed-version        133MiB |
|    0   N/A  N/A     10337      G   ...local/share/Steam/ubuntu12_32/steam          6MiB |
|    0   N/A  N/A     10898      G   ./steamwebhelper                                5MiB |
|    0   N/A  N/A    161013      G   ...ommon/SteamVR/bin/linux64/vrmonitor          8MiB |
|    0   N/A  N/A    161438    C+G   ./vrwebhelper                                  21MiB |
|    0   N/A  N/A    162326      G   ...bin/vrwebhelper/linux64/vrwebhelper         14MiB |
|    0   N/A  N/A    549673      G   ...13,262144 --variations-seed-version         44MiB |
|    0   N/A  N/A   1593336      G   /opt/ros/humble/lib/rviz2/rviz2               259MiB |
|    0   N/A  N/A   1607083      C   ..._centerpoint/lidar_centerpoint_node       1718MiB |
|    0   N/A  N/A   1607263      C   ...p_components/component_container_mt        504MiB |
|    0   N/A  N/A   1674800    C+G   ...ine/Engine/Binaries/Linux/UE4Editor       7335MiB |
|    0   N/A  N/A   1714198      G   /opt/ros/humble/lib/rviz2/rviz2               259MiB |
|    0   N/A  N/A   1718099      G   python3                                         5MiB |
|    0   N/A  N/A   1726419      C   ..._centerpoint/lidar_centerpoint_node        268MiB |
+-----------------------------------------------------------------------------------------+
---------------------------------
[2024-10-30 17:39:39] GPU Memory change detected: 202 MB
Wed Oct 30 17:39:39 2024       
+-----------------------------------------------------------------------------------------+
| NVIDIA-SMI 550.54.15              Driver Version: 550.54.15      CUDA Version: 12.4     |
|-----------------------------------------+------------------------+----------------------+
| GPU  Name                 Persistence-M | Bus-Id          Disp.A | Volatile Uncorr. ECC |
| Fan  Temp   Perf          Pwr:Usage/Cap |           Memory-Usage | GPU-Util  Compute M. |
|                                         |                        |               MIG M. |
|=========================================+========================+======================|
|   0  NVIDIA GeForce RTX 3090        Off |   00000000:01:00.0  On |                  N/A |
| 30%   60C    P2            137W /  350W |   11334MiB /  24576MiB |     35%      Default |
|                                         |                        |                  N/A |
+-----------------------------------------+------------------------+----------------------+
                                                                                         
+-----------------------------------------------------------------------------------------+
| Processes:                                                                              |
|  GPU   GI   CI        PID   Type   Process name                              GPU Memory |
|        ID   ID                                                               Usage      |
|=========================================================================================|
|    0   N/A  N/A      1623      G   /usr/lib/xorg/Xorg                            330MiB |
|    0   N/A  N/A      2209      G   /usr/bin/gnome-shell                           80MiB |
|    0   N/A  N/A      6135      G   ...erProcess --variations-seed-version        121MiB |
|    0   N/A  N/A     10337      G   ...local/share/Steam/ubuntu12_32/steam          6MiB |
|    0   N/A  N/A     10898      G   ./steamwebhelper                                5MiB |
|    0   N/A  N/A    161013      G   ...ommon/SteamVR/bin/linux64/vrmonitor          8MiB |
|    0   N/A  N/A    161438    C+G   ./vrwebhelper                                  21MiB |
|    0   N/A  N/A    162326      G   ...bin/vrwebhelper/linux64/vrwebhelper         14MiB |
|    0   N/A  N/A    549673      G   ...13,262144 --variations-seed-version         44MiB |
|    0   N/A  N/A   1593336      G   /opt/ros/humble/lib/rviz2/rviz2               259MiB |
|    0   N/A  N/A   1607083      C   ..._centerpoint/lidar_centerpoint_node       1718MiB |
|    0   N/A  N/A   1607263      C   ...p_components/component_container_mt        504MiB |
|    0   N/A  N/A   1674800    C+G   ...ine/Engine/Binaries/Linux/UE4Editor       7336MiB |
|    0   N/A  N/A   1714198      G   /opt/ros/humble/lib/rviz2/rviz2               259MiB |
|    0   N/A  N/A   1718099      G   python3                                         5MiB |
|    0   N/A  N/A   1726419      C   ..._centerpoint/lidar_centerpoint_node        496MiB |
+-----------------------------------------------------------------------------------------+
---------------------------------
[2024-10-30 17:39:39] GPU Memory change detected: 203 MB
Wed Oct 30 17:39:39 2024       
+-----------------------------------------------------------------------------------------+
| NVIDIA-SMI 550.54.15              Driver Version: 550.54.15      CUDA Version: 12.4     |
|-----------------------------------------+------------------------+----------------------+
| GPU  Name                 Persistence-M | Bus-Id          Disp.A | Volatile Uncorr. ECC |
| Fan  Temp   Perf          Pwr:Usage/Cap |           Memory-Usage | GPU-Util  Compute M. |
|                                         |                        |               MIG M. |
|=========================================+========================+======================|
|   0  NVIDIA GeForce RTX 3090        Off |   00000000:01:00.0  On |                  N/A |
| 30%   60C    P2            138W /  350W |   11527MiB /  24576MiB |     30%      Default |
|                                         |                        |                  N/A |
+-----------------------------------------+------------------------+----------------------+
                                                                                         
+-----------------------------------------------------------------------------------------+
| Processes:                                                                              |
|  GPU   GI   CI        PID   Type   Process name                              GPU Memory |
|        ID   ID                                                               Usage      |
|=========================================================================================|
|    0   N/A  N/A      1623      G   /usr/lib/xorg/Xorg                            330MiB |
|    0   N/A  N/A      2209      G   /usr/bin/gnome-shell                           80MiB |
|    0   N/A  N/A      6135      G   ...erProcess --variations-seed-version        121MiB |
|    0   N/A  N/A     10337      G   ...local/share/Steam/ubuntu12_32/steam          6MiB |
|    0   N/A  N/A     10898      G   ./steamwebhelper                                5MiB |
|    0   N/A  N/A    161013      G   ...ommon/SteamVR/bin/linux64/vrmonitor          8MiB |
|    0   N/A  N/A    161438    C+G   ./vrwebhelper                                  21MiB |
|    0   N/A  N/A    162326      G   ...bin/vrwebhelper/linux64/vrwebhelper         14MiB |
|    0   N/A  N/A    549673      G   ...13,262144 --variations-seed-version         44MiB |
|    0   N/A  N/A   1593336      G   /opt/ros/humble/lib/rviz2/rviz2               259MiB |
|    0   N/A  N/A   1607083      C   ..._centerpoint/lidar_centerpoint_node       1718MiB |
|    0   N/A  N/A   1607263      C   ...p_components/component_container_mt        504MiB |
|    0   N/A  N/A   1674800    C+G   ...ine/Engine/Binaries/Linux/UE4Editor       7337MiB |
|    0   N/A  N/A   1714198      G   /opt/ros/humble/lib/rviz2/rviz2               259MiB |
|    0   N/A  N/A   1718099      G   python3                                         5MiB |
|    0   N/A  N/A   1726419      C   ..._centerpoint/lidar_centerpoint_node        690MiB |
+-----------------------------------------------------------------------------------------+
---------------------------------
[2024-10-30 17:39:41] GPU Memory change detected: 312 MB
Wed Oct 30 17:39:41 2024       
+-----------------------------------------------------------------------------------------+
| NVIDIA-SMI 550.54.15              Driver Version: 550.54.15      CUDA Version: 12.4     |
|-----------------------------------------+------------------------+----------------------+
| GPU  Name                 Persistence-M | Bus-Id          Disp.A | Volatile Uncorr. ECC |
| Fan  Temp   Perf          Pwr:Usage/Cap |           Memory-Usage | GPU-Util  Compute M. |
|                                         |                        |               MIG M. |
|=========================================+========================+======================|
|   0  NVIDIA GeForce RTX 3090        Off |   00000000:01:00.0  On |                  N/A |
| 30%   60C    P2            139W /  350W |   11833MiB /  24576MiB |     31%      Default |
|                                         |                        |                  N/A |
+-----------------------------------------+------------------------+----------------------+
                                                                                         
+-----------------------------------------------------------------------------------------+
| Processes:                                                                              |
|  GPU   GI   CI        PID   Type   Process name                              GPU Memory |
|        ID   ID                                                               Usage      |
|=========================================================================================|
|    0   N/A  N/A      1623      G   /usr/lib/xorg/Xorg                            330MiB |
|    0   N/A  N/A      2209      G   /usr/bin/gnome-shell                           80MiB |
|    0   N/A  N/A      6135      G   ...erProcess --variations-seed-version        114MiB |
|    0   N/A  N/A     10337      G   ...local/share/Steam/ubuntu12_32/steam          6MiB |
|    0   N/A  N/A     10898      G   ./steamwebhelper                                5MiB |
|    0   N/A  N/A    161013      G   ...ommon/SteamVR/bin/linux64/vrmonitor          8MiB |
|    0   N/A  N/A    161438    C+G   ./vrwebhelper                                  21MiB |
|    0   N/A  N/A    162326      G   ...bin/vrwebhelper/linux64/vrwebhelper         14MiB |
|    0   N/A  N/A    549673      G   ...13,262144 --variations-seed-version         45MiB |
|    0   N/A  N/A   1593336      G   /opt/ros/humble/lib/rviz2/rviz2               259MiB |
|    0   N/A  N/A   1607083      C   ..._centerpoint/lidar_centerpoint_node       1718MiB |
|    0   N/A  N/A   1607263      C   ...p_components/component_container_mt        504MiB |
|    0   N/A  N/A   1674800    C+G   ...ine/Engine/Binaries/Linux/UE4Editor       7339MiB |
|    0   N/A  N/A   1714198      G   /opt/ros/humble/lib/rviz2/rviz2               259MiB |
|    0   N/A  N/A   1718099      G   python3                                         5MiB |
|    0   N/A  N/A   1726419      C   ..._centerpoint/lidar_centerpoint_node        998MiB |
+-----------------------------------------------------------------------------------------+
---------------------------------
[2024-10-30 17:39:46] GPU Memory change detected: 209 MB
Wed Oct 30 17:39:46 2024       
+-----------------------------------------------------------------------------------------+
| NVIDIA-SMI 550.54.15              Driver Version: 550.54.15      CUDA Version: 12.4     |
|-----------------------------------------+------------------------+----------------------+
| GPU  Name                 Persistence-M | Bus-Id          Disp.A | Volatile Uncorr. ECC |
| Fan  Temp   Perf          Pwr:Usage/Cap |           Memory-Usage | GPU-Util  Compute M. |
|                                         |                        |               MIG M. |
|=========================================+========================+======================|
|   0  NVIDIA GeForce RTX 3090        Off |   00000000:01:00.0  On |                  N/A |
| 30%   61C    P2            136W /  350W |   12060MiB /  24576MiB |     25%      Default |
|                                         |                        |                  N/A |
+-----------------------------------------+------------------------+----------------------+
                                                                                         
+-----------------------------------------------------------------------------------------+
| Processes:                                                                              |
|  GPU   GI   CI        PID   Type   Process name                              GPU Memory |
|        ID   ID                                                               Usage      |
|=========================================================================================|
|    0   N/A  N/A      1623      G   /usr/lib/xorg/Xorg                            330MiB |
|    0   N/A  N/A      2209      G   /usr/bin/gnome-shell                           80MiB |
|    0   N/A  N/A      6135      G   ...erProcess --variations-seed-version        105MiB |
|    0   N/A  N/A     10337      G   ...local/share/Steam/ubuntu12_32/steam          6MiB |
|    0   N/A  N/A     10898      G   ./steamwebhelper                                5MiB |
|    0   N/A  N/A    161013      G   ...ommon/SteamVR/bin/linux64/vrmonitor          8MiB |
|    0   N/A  N/A    161438    C+G   ./vrwebhelper                                  21MiB |
|    0   N/A  N/A    162326      G   ...bin/vrwebhelper/linux64/vrwebhelper         14MiB |
|    0   N/A  N/A    549673      G   ...13,262144 --variations-seed-version         45MiB |
|    0   N/A  N/A   1593336      G   /opt/ros/humble/lib/rviz2/rviz2               259MiB |
|    0   N/A  N/A   1607083      C   ..._centerpoint/lidar_centerpoint_node       1718MiB |
|    0   N/A  N/A   1607263      C   ...p_components/component_container_mt        504MiB |
|    0   N/A  N/A   1674800    C+G   ...ine/Engine/Binaries/Linux/UE4Editor       7344MiB |
|    0   N/A  N/A   1714198      G   /opt/ros/humble/lib/rviz2/rviz2               259MiB |
|    0   N/A  N/A   1718099      G   python3                                         5MiB |
|    0   N/A  N/A   1726419      C   ..._centerpoint/lidar_centerpoint_node       1226MiB |
+-----------------------------------------------------------------------------------------+
---------------------------------
[2024-10-30 17:39:47] GPU Memory change detected: 201 MB
Wed Oct 30 17:39:47 2024       
+-----------------------------------------------------------------------------------------+
| NVIDIA-SMI 550.54.15              Driver Version: 550.54.15      CUDA Version: 12.4     |
|-----------------------------------------+------------------------+----------------------+
| GPU  Name                 Persistence-M | Bus-Id          Disp.A | Volatile Uncorr. ECC |
| Fan  Temp   Perf          Pwr:Usage/Cap |           Memory-Usage | GPU-Util  Compute M. |
|                                         |                        |               MIG M. |
|=========================================+========================+======================|
|   0  NVIDIA GeForce RTX 3090        Off |   00000000:01:00.0  On |                  N/A |
| 30%   61C    P2            137W /  350W |   12247MiB /  24576MiB |     32%      Default |
|                                         |                        |                  N/A |
+-----------------------------------------+------------------------+----------------------+
                                                                                         
+-----------------------------------------------------------------------------------------+
| Processes:                                                                              |
|  GPU   GI   CI        PID   Type   Process name                              GPU Memory |
|        ID   ID                                                               Usage      |
|=========================================================================================|
|    0   N/A  N/A      1623      G   /usr/lib/xorg/Xorg                            330MiB |
|    0   N/A  N/A      2209      G   /usr/bin/gnome-shell                           80MiB |
|    0   N/A  N/A      6135      G   ...erProcess --variations-seed-version        105MiB |
|    0   N/A  N/A     10337      G   ...local/share/Steam/ubuntu12_32/steam          6MiB |
|    0   N/A  N/A     10898      G   ./steamwebhelper                                5MiB |
|    0   N/A  N/A    161013      G   ...ommon/SteamVR/bin/linux64/vrmonitor          8MiB |
|    0   N/A  N/A    161438    C+G   ./vrwebhelper                                  21MiB |
|    0   N/A  N/A    162326      G   ...bin/vrwebhelper/linux64/vrwebhelper         14MiB |
|    0   N/A  N/A    549673      G   ...13,262144 --variations-seed-version         45MiB |
|    0   N/A  N/A   1593336      G   /opt/ros/humble/lib/rviz2/rviz2               259MiB |
|    0   N/A  N/A   1607083      C   ..._centerpoint/lidar_centerpoint_node       1718MiB |
|    0   N/A  N/A   1607263      C   ...p_components/component_container_mt        504MiB |
|    0   N/A  N/A   1674800    C+G   ...ine/Engine/Binaries/Linux/UE4Editor       7346MiB |
|    0   N/A  N/A   1714198      G   /opt/ros/humble/lib/rviz2/rviz2               259MiB |
|    0   N/A  N/A   1718099      G   python3                                         5MiB |
|    0   N/A  N/A   1726419      C   ..._centerpoint/lidar_centerpoint_node       1412MiB |
+-----------------------------------------------------------------------------------------+
---------------------------------
[2024-10-30 17:39:49] GPU Memory change detected: 214 MB
Wed Oct 30 17:39:49 2024       
+-----------------------------------------------------------------------------------------+
| NVIDIA-SMI 550.54.15              Driver Version: 550.54.15      CUDA Version: 12.4     |
|-----------------------------------------+------------------------+----------------------+
| GPU  Name                 Persistence-M | Bus-Id          Disp.A | Volatile Uncorr. ECC |
| Fan  Temp   Perf          Pwr:Usage/Cap |           Memory-Usage | GPU-Util  Compute M. |
|                                         |                        |               MIG M. |
|=========================================+========================+======================|
|   0  NVIDIA GeForce RTX 3090        Off |   00000000:01:00.0  On |                  N/A |
| 30%   61C    P2            138W /  350W |   12467MiB /  24576MiB |     37%      Default |
|                                         |                        |                  N/A |
+-----------------------------------------+------------------------+----------------------+
                                                                                         
+-----------------------------------------------------------------------------------------+
| Processes:                                                                              |
|  GPU   GI   CI        PID   Type   Process name                              GPU Memory |
|        ID   ID                                                               Usage      |
|=========================================================================================|
|    0   N/A  N/A      1623      G   /usr/lib/xorg/Xorg                            330MiB |
|    0   N/A  N/A      2209      G   /usr/bin/gnome-shell                           80MiB |
|    0   N/A  N/A      6135      G   ...erProcess --variations-seed-version        115MiB |
|    0   N/A  N/A     10337      G   ...local/share/Steam/ubuntu12_32/steam          6MiB |
|    0   N/A  N/A     10898      G   ./steamwebhelper                                5MiB |
|    0   N/A  N/A    161013      G   ...ommon/SteamVR/bin/linux64/vrmonitor          8MiB |
|    0   N/A  N/A    161438    C+G   ./vrwebhelper                                  21MiB |
|    0   N/A  N/A    162326      G   ...bin/vrwebhelper/linux64/vrwebhelper         14MiB |
|    0   N/A  N/A    549673      G   ...13,262144 --variations-seed-version         45MiB |
|    0   N/A  N/A   1593336      G   /opt/ros/humble/lib/rviz2/rviz2               259MiB |
|    0   N/A  N/A   1607083      C   ..._centerpoint/lidar_centerpoint_node       1718MiB |
|    0   N/A  N/A   1607263      C   ...p_components/component_container_mt        504MiB |
|    0   N/A  N/A   1674800    C+G   ...ine/Engine/Binaries/Linux/UE4Editor       7348MiB |
|    0   N/A  N/A   1714198      G   /opt/ros/humble/lib/rviz2/rviz2               259MiB |
|    0   N/A  N/A   1718099      G   python3                                         5MiB |
|    0   N/A  N/A   1726419      C   ..._centerpoint/lidar_centerpoint_node       1620MiB |
+-----------------------------------------------------------------------------------------+
---------------------------------
[2024-10-30 17:40:23] GPU Memory change detected: 200 MB
Wed Oct 30 17:40:23 2024       
+-----------------------------------------------------------------------------------------+
| NVIDIA-SMI 550.54.15              Driver Version: 550.54.15      CUDA Version: 12.4     |
|-----------------------------------------+------------------------+----------------------+
| GPU  Name                 Persistence-M | Bus-Id          Disp.A | Volatile Uncorr. ECC |
| Fan  Temp   Perf          Pwr:Usage/Cap |           Memory-Usage | GPU-Util  Compute M. |
|                                         |                        |               MIG M. |
|=========================================+========================+======================|
|   0  NVIDIA GeForce RTX 3090        Off |   00000000:01:00.0  On |                  N/A |
| 39%   65C    P2            167W /  350W |   12657MiB /  24576MiB |     38%      Default |
|                                         |                        |                  N/A |
+-----------------------------------------+------------------------+----------------------+
                                                                                         
+-----------------------------------------------------------------------------------------+
| Processes:                                                                              |
|  GPU   GI   CI        PID   Type   Process name                              GPU Memory |
|        ID   ID                                                               Usage      |
|=========================================================================================|
|    0   N/A  N/A      1623      G   /usr/lib/xorg/Xorg                            330MiB |
|    0   N/A  N/A      2209      G   /usr/bin/gnome-shell                           80MiB |
|    0   N/A  N/A      6135      G   ...erProcess --variations-seed-version        105MiB |
|    0   N/A  N/A     10337      G   ...local/share/Steam/ubuntu12_32/steam          6MiB |
|    0   N/A  N/A     10898      G   ./steamwebhelper                                5MiB |
|    0   N/A  N/A    161013      G   ...ommon/SteamVR/bin/linux64/vrmonitor          8MiB |
|    0   N/A  N/A    161438    C+G   ./vrwebhelper                                  21MiB |
|    0   N/A  N/A    162326      G   ...bin/vrwebhelper/linux64/vrwebhelper         14MiB |
|    0   N/A  N/A    549673      G   ...13,262144 --variations-seed-version         44MiB |
|    0   N/A  N/A   1593336      G   /opt/ros/humble/lib/rviz2/rviz2               259MiB |
|    0   N/A  N/A   1607083      C   ..._centerpoint/lidar_centerpoint_node       1718MiB |
|    0   N/A  N/A   1607263      C   ...p_components/component_container_mt        504MiB |
|    0   N/A  N/A   1674800    C+G   ...ine/Engine/Binaries/Linux/UE4Editor       7421MiB |
|    0   N/A  N/A   1714198      G   /opt/ros/humble/lib/rviz2/rviz2               259MiB |
|    0   N/A  N/A   1718099      G   python3                                         5MiB |
|    0   N/A  N/A   1726419      C   ..._centerpoint/lidar_centerpoint_node       1718MiB |
+-----------------------------------------------------------------------------------------+
---------------------------------
[2024-10-30 17:40:58] GPU Memory change detected: -7519 MB
Wed Oct 30 17:40:58 2024       
+-----------------------------------------------------------------------------------------+
| NVIDIA-SMI 550.54.15              Driver Version: 550.54.15      CUDA Version: 12.4     |
|-----------------------------------------+------------------------+----------------------+
| GPU  Name                 Persistence-M | Bus-Id          Disp.A | Volatile Uncorr. ECC |
| Fan  Temp   Perf          Pwr:Usage/Cap |           Memory-Usage | GPU-Util  Compute M. |
|                                         |                        |               MIG M. |
|=========================================+========================+======================|
|   0  NVIDIA GeForce RTX 3090        Off |   00000000:01:00.0  On |                  N/A |
| 39%   62C    P2            129W /  350W |    5115MiB /  24576MiB |      0%      Default |
|                                         |                        |                  N/A |
+-----------------------------------------+------------------------+----------------------+
                                                                                         
+-----------------------------------------------------------------------------------------+
| Processes:                                                                              |
|  GPU   GI   CI        PID   Type   Process name                              GPU Memory |
|        ID   ID                                                               Usage      |
|=========================================================================================|
|    0   N/A  N/A      1623      G   /usr/lib/xorg/Xorg                            311MiB |
|    0   N/A  N/A      2209      G   /usr/bin/gnome-shell                           75MiB |
|    0   N/A  N/A      6135      G   ...erProcess --variations-seed-version         93MiB |
|    0   N/A  N/A     10337      G   ...local/share/Steam/ubuntu12_32/steam          6MiB |
|    0   N/A  N/A     10898      G   ./steamwebhelper                                5MiB |
|    0   N/A  N/A    161013      G   ...ommon/SteamVR/bin/linux64/vrmonitor          8MiB |
|    0   N/A  N/A    161438    C+G   ./vrwebhelper                                  21MiB |
|    0   N/A  N/A    162326      G   ...bin/vrwebhelper/linux64/vrwebhelper         14MiB |
|    0   N/A  N/A    549673      G   ...13,262144 --variations-seed-version         45MiB |
|    0   N/A  N/A   1593336      G   /opt/ros/humble/lib/rviz2/rviz2               259MiB |
|    0   N/A  N/A   1607083      C   ..._centerpoint/lidar_centerpoint_node       1718MiB |
|    0   N/A  N/A   1607263      C   ...p_components/component_container_mt        504MiB |
|    0   N/A  N/A   1714198      G   /opt/ros/humble/lib/rviz2/rviz2               259MiB |
|    0   N/A  N/A   1718099      G   python3                                         5MiB |
|    0   N/A  N/A   1726419      C   ..._centerpoint/lidar_centerpoint_node       1718MiB |
+-----------------------------------------------------------------------------------------+
---------------------------------
