Timestamp,d_laser_x,d_laser_z,laser_x,laser_z,X,Y,Z,Yaw,Roll,Pitch
1741944385.041,4.051,2.086,0.199,-0.426,0.1728,-0.5976,5.8754,133.0081,-179.8128,-0.2229
1741944385.121,4.051,2.086,0.199,-0.426,0.1728,-0.5976,5.8754,133.0081,-179.8216,-0.2423
1741944385.2,4.051,2.086,0.199,-0.426,0.1728,-0.5976,5.8754,133.0064,-179.8253,-0.2333
1741944385.28,4.052,2.085,0.198,-0.425,0.1728,-0.5976,5.8754,133.0036,-179.8347,-0.2295
1741944385.359,4.052,2.086,0.198,-0.426,0.1728,-0.5976,5.8754,132.9997,-179.8337,-0.2206
1741944385.439,4.051,2.086,0.199,-0.426,0.1728,-0.5976,5.8754,133.0001,-179.8324,-0.2304
1741944385.519,4.051,2.086,0.199,-0.426,0.1728,-0.5976,5.8754,132.9995,-179.824,-0.2286
1741944385.598,4.052,2.086,0.198,-0.426,0.1728,-0.5976,5.8754,133.0073,-179.8203,-0.2348
1741944385.678,4.052,2.086,0.198,-0.426,0.1728,-0.5976,5.8754,133.0113,-179.8198,-0.2369
1741944385.758,4.051,2.086,0.199,-0.426,0.1728,-0.5976,5.8754,133.0077,-179.8177,-0.2393
1741944385.837,4.05,2.086,0.2,-0.426,0.1728,-0.5976,5.8754,133.0072,-179.815,-0.2345
1741944385.917,4.05,2.086,0.2,-0.426,0.1728,-0.5976,5.8754,133.0069,-179.8187,-0.2317
1741944385.997,4.052,2.085,0.198,-0.425,0.1728,-0.5976,5.8754,133.0073,-179.8235,-0.2293
1741944386.076,4.051,2.086,0.199,-0.426,0.1728,-0.5976,5.8754,133.0062,-179.824,-0.23
1741944386.156,4.051,2.086,0.199,-0.426,0.1728,-0.5976,5.8754,133.0046,-179.8268,-0.2453
1741944386.236,4.052,2.085,0.198,-0.425,0.1728,-0.5976,5.8754,133.003,-179.8402,-0.2387
1741944386.315,4.052,2.085,0.198,-0.425,0.1728,-0.5976,5.8754,133.01,-179.8419,-0.2372
1741944386.395,4.051,2.086,0.199,-0.426,0.1728,-0.5976,5.8754,133.0078,-179.8383,-0.231
1741944386.475,4.051,2.085,0.199,-0.425,0.1728,-0.5976,5.8754,133.0103,-179.8233,-0.2365
1741944386.554,4.052,2.085,0.198,-0.425,0.1728,-0.5976,5.8754,133.0045,-179.8207,-0.2292
1741944386.634,4.051,2.086,0.199,-0.426,0.1728,-0.5976,5.8754,133.0039,-179.8251,-0.2273
1741944386.714,4.051,2.086,0.199,-0.426,0.1728,-0.5976,5.8754,132.9972,-179.8326,-0.2217
1741944386.793,4.051,2.085,0.199,-0.425,0.1728,-0.5976,5.8754,133.0049,-179.8449,-0.2377
1741944386.873,4.052,2.085,0.198,-0.425,0.1728,-0.5976,5.8754,133.0046,-179.8275,-0.2416
1741944386.952,4.052,2.084,0.198,-0.424,0.1728,-0.5976,5.8754,133.0045,-179.8235,-0.2407
1741944387.032,4.051,2.085,0.199,-0.425,0.1728,-0.5976,5.8754,133.0085,-179.8342,-0.2366
1741944387.112,4.051,2.085,0.199,-0.425,0.1728,-0.5976,5.8754,133.0102,-179.829,-0.2328
1741944387.191,4.051,2.085,0.199,-0.425,0.1728,-0.5976,5.8754,133.0137,-179.8293,-0.2305
1741944387.271,4.053,2.086,0.197,-0.426,0.1728,-0.5976,5.8754,133.0128,-179.8287,-0.2238
1741944387.351,4.052,2.085,0.198,-0.425,0.1728,-0.5976,5.8754,133.0078,-179.8283,-0.2221
1741944387.43,4.052,2.087,0.198,-0.427,0.1728,-0.5976,5.8754,133.0062,-179.8216,-0.2195
1741944387.51,4.052,2.087,0.198,-0.427,0.1728,-0.5976,5.8754,133.0056,-179.8236,-0.225
1741944387.59,4.051,2.086,0.199,-0.426,0.1728,-0.5976,5.8754,133.0041,-179.8277,-0.2323
1741944387.669,4.051,2.086,0.199,-0.426,0.1728,-0.5976,5.8754,133.0075,-179.8253,-0.2267
1741944387.749,4.052,2.086,0.198,-0.426,0.1728,-0.5976,5.8754,133.008,-179.8175,-0.2294
1741944387.828,4.05,2.087,0.2,-0.427,0.1728,-0.5976,5.8754,133.0048,-179.8262,-0.2279
1741944387.908,4.05,2.087,0.2,-0.427,0.1728,-0.5976,5.8754,133.0013,-179.8208,-0.2186
1741944387.988,4.051,2.085,0.199,-0.425,0.1728,-0.5976,5.8754,133.008,-179.8154,-0.2268
1741944388.068,4.051,2.085,0.199,-0.425,0.1728,-0.5976,5.8754,133.0047,-179.8269,-0.218
1741944388.147,4.051,2.086,0.199,-0.426,0.1728,-0.5976,5.8754,133.0017,-179.8276,-0.219
1741944388.227,4.052,2.085,0.198,-0.425,0.1728,-0.5976,5.8754,132.9989,-179.8271,-0.2299
1741944388.306,4.052,2.085,0.198,-0.425,0.1728,-0.5976,5.8754,132.9932,-179.8298,-0.2306
1741944388.386,4.052,2.083,0.198,-0.423,0.1728,-0.5976,5.8754,133.001,-179.8303,-0.2401
1741944388.466,4.052,1.457,0.198,0.203,0.1728,-0.5976,5.8754,133.0034,-179.8281,-0.2357
1741944388.545,4.052,1.447,0.198,0.213,0.1728,-0.5976,5.8754,133.0034,-179.8298,-0.228
1741944388.625,4.052,1.415,0.198,0.245,0.1728,-0.5976,5.8754,133.0052,-179.8201,-0.2179
1741944388.705,4.052,1.415,0.198,0.245,0.1728,-0.5976,5.8754,133.0092,-179.8144,-0.2215
1741944388.784,4.052,1.302,0.198,0.358,0.1728,-0.5976,5.8754,133.0122,-179.821,-0.2237
1741944388.864,4.052,1.342,0.198,0.318,0.1728,-0.5976,5.8754,133.0139,-179.8308,-0.2178
1741944388.944,4.052,1.357,0.198,0.303,0.1728,-0.5976,5.8754,133.0165,-179.8274,-0.2341
1741944389.023,4.051,1.339,0.199,0.321,0.1728,-0.5976,5.8754,133.0139,-179.823,-0.2384
1741944389.103,4.051,1.339,0.199,0.321,0.1728,-0.5976,5.8754,133.0122,-179.8289,-0.2371
1741944389.183,4.052,1.339,0.198,0.321,0.1728,-0.5976,5.8754,133.0066,-179.8167,-0.2418
1741944389.262,4.052,1.315,0.198,0.345,0.1728,-0.5976,5.8754,133.0119,-179.8162,-0.2413
1741944389.342,4.052,1.311,0.198,0.349,0.1728,-0.5976,5.8754,133.0073,-179.8111,-0.235
1741944389.422,4.052,1.307,0.198,0.353,0.1728,-0.5976,5.8754,133.0031,-179.8215,-0.2404
1741944389.501,4.052,1.307,0.198,0.353,0.1728,-0.5976,5.8754,133.0051,-179.8146,-0.2409
1741944389.581,4.052,1.309,0.198,0.351,0.1728,-0.5976,5.8754,133.0032,-179.8141,-0.2365
1741944389.66,4.052,1.31,0.198,0.35,0.1728,-0.5976,5.8754,133.0029,-179.8194,-0.2314
1741944389.74,4.051,1.309,0.199,0.351,0.1728,-0.5976,5.8754,133.0071,-179.8133,-0.2468
1741944389.82,4.051,1.308,0.199,0.352,0.1728,-0.5976,5.8754,133.0092,-179.808,-0.2389
1741944389.899,4.051,1.308,0.199,0.352,0.1728,-0.5976,5.8754,133.0048,-179.8103,-0.2349
1741944389.979,4.052,1.305,0.198,0.355,0.1728,-0.5976,5.8754,133.0033,-179.8162,-0.2206
1741944390.059,4.051,1.303,0.199,0.357,0.1728,-0.5976,5.8754,133.0039,-179.8137,-0.2234
1741944390.138,4.051,1.301,0.199,0.359,0.1728,-0.5976,5.8754,133.0062,-179.8059,-0.2217
1741944390.218,4.052,1.295,0.198,0.365,0.1728,-0.5976,5.8754,133.0076,-179.8137,-0.2134
1741944390.298,4.052,1.295,0.198,0.365,0.1728,-0.5976,5.8754,133.0068,-179.8088,-0.2207
1741944390.377,4.052,1.29,0.198,0.37,0.1728,-0.5976,5.8754,133.0016,-179.8112,-0.2273
1741944390.457,4.053,1.287,0.197,0.373,0.1728,-0.5976,5.8754,133.0015,-179.8215,-0.2252
1741944390.537,4.051,1.292,0.199,0.368,0.1728,-0.5976,5.8754,133.0144,-179.8277,-0.2198
1741944390.616,4.051,1.29,0.199,0.37,0.1728,-0.5976,5.8754,133.0071,-179.8218,-0.2246
1741944390.696,4.051,1.29,0.199,0.37,0.1728,-0.5976,5.8754,133.0059,-179.8309,-0.2139
1741944390.775,4.052,1.288,0.198,0.372,0.1728,-0.5976,5.8754,133.0034,-179.8368,-0.2183
1741944390.855,4.053,1.288,0.197,0.372,0.1728,-0.5976,5.8754,133.0052,-179.8295,-0.2219
1741944390.935,4.052,1.287,0.198,0.373,0.1728,-0.5976,5.8754,133.0085,-179.8307,-0.2285
1741944391.016,4.052,1.286,0.198,0.374,0.1728,-0.5976,5.8754,133.0019,-179.8352,-0.2173
1741944391.094,4.052,1.286,0.198,0.374,0.1728,-0.5976,5.8754,133.0038,-179.8356,-0.2162
1741944391.174,4.051,1.278,0.199,0.382,0.1728,-0.5976,5.8754,133.0041,-179.8316,-0.2247
1741944391.253,4.052,1.276,0.198,0.384,0.1728,-0.5976,5.8754,132.9987,-179.8307,-0.2263
1741944391.333,4.052,1.277,0.198,0.383,0.1728,-0.5976,5.8754,132.9994,-179.8183,-0.2155
1741944391.413,4.052,1.277,0.198,0.383,0.1728,-0.5976,5.8754,133.0019,-179.8138,-0.2325
1741944391.492,4.051,1.28,0.199,0.38,0.1728,-0.5976,5.8754,133.0031,-179.8262,-0.2324
1741944391.572,4.051,1.28,0.199,0.38,0.1728,-0.5976,5.8754,133.0058,-179.831,-0.2213
1741944391.652,4.052,1.28,0.198,0.38,0.1728,-0.5976,5.8754,133.0073,-179.8249,-0.2208
1741944391.731,4.051,1.282,0.199,0.378,0.1728,-0.5976,5.8754,133.0082,-179.8333,-0.229
1741944391.812,4.051,1.282,0.199,0.378,0.1728,-0.5976,5.8754,133.0018,-179.838,-0.226
1741944391.891,4.051,1.283,0.199,0.377,0.1728,-0.5976,5.8754,133.002,-179.829,-0.2334
1741944391.97,4.052,1.283,0.198,0.377,0.1728,-0.5976,5.8754,133.0007,-179.8287,-0.2295
1741944392.05,4.051,1.281,0.199,0.379,0.1728,-0.5976,5.8754,133.0062,-179.8218,-0.2282
1741944392.13,4.052,1.284,0.198,0.376,0.1728,-0.5976,5.8754,133.0034,-179.8223,-0.2317
1741944392.209,4.052,1.284,0.198,0.376,0.1728,-0.5976,5.8754,132.996,-179.8291,-0.2351
1741944392.289,4.052,1.283,0.198,0.377,0.1728,-0.5976,5.8754,132.9961,-179.8278,-0.2309
1741944392.368,4.052,1.287,0.198,0.373,0.1728,-0.5976,5.8754,132.9978,-179.8321,-0.2333
1741944392.448,4.052,1.288,0.198,0.372,0.1728,-0.5976,5.8754,133.0066,-179.8396,-0.2442
1741944392.528,4.052,1.289,0.198,0.371,0.1728,-0.5976,5.8754,133.0115,-179.8251,-0.2487
1741944392.608,4.052,1.289,0.198,0.371,0.1728,-0.5976,5.8754,133.0096,-179.8305,-0.2427
1741944392.687,4.052,1.294,0.198,0.366,0.1728,-0.5976,5.8754,133.0087,-179.8258,-0.2366
1741944392.767,4.051,1.29,0.199,0.37,0.1728,-0.5976,5.8754,133.0044,-179.8309,-0.2421
1741944392.846,4.052,1.289,0.198,0.371,0.1728,-0.5976,5.8754,133.0024,-179.8387,-0.2306
1741944392.926,4.052,1.284,0.198,0.376,0.1728,-0.5976,5.8754,133.0001,-179.8393,-0.2311
1741944393.006,4.052,1.284,0.198,0.376,0.1728,-0.5976,5.8754,133.0009,-179.829,-0.2253
1741944393.085,4.052,1.275,0.198,0.385,0.1728,-0.5976,5.8754,133.0056,-179.8266,-0.2266
1741944393.165,4.052,1.272,0.198,0.388,0.1728,-0.5976,5.8754,133.0065,-179.8226,-0.2218
1741944393.245,4.052,1.273,0.198,0.387,0.1728,-0.5976,5.8754,133.0113,-179.8153,-0.228
1741944393.324,4.051,1.277,0.199,0.383,0.1728,-0.5976,5.8754,133.0087,-179.8175,-0.2217
1741944393.404,4.051,1.277,0.199,0.383,0.1728,-0.5976,5.8754,133.0106,-179.8162,-0.2257
1741944393.483,4.052,1.287,0.198,0.373,0.1728,-0.5976,5.8754,133.0063,-179.8189,-0.2217
1741944393.563,4.052,1.294,0.198,0.366,0.1728,-0.5976,5.8754,133.0045,-179.8314,-0.2263
1741944393.643,4.051,1.294,0.199,0.366,0.1728,-0.5976,5.8754,133.002,-179.8266,-0.2327
1741944393.722,4.053,1.296,0.197,0.364,0.1728,-0.5976,5.8754,133.0048,-179.8172,-0.2321
1741944393.802,4.053,1.296,0.197,0.364,0.1728,-0.5976,5.8754,133.0056,-179.8238,-0.2242
1741944393.882,4.051,1.294,0.199,0.366,0.1728,-0.5976,5.8754,133.0051,-179.8342,-0.2181
1741944393.961,4.051,1.295,0.199,0.365,0.1728,-0.5976,5.8754,133.0083,-179.8307,-0.2119
1741944394.041,4.052,1.294,0.198,0.366,0.1728,-0.5976,5.8754,133.0095,-179.8344,-0.2265
1741944394.121,4.051,1.296,0.199,0.364,0.1728,-0.5976,5.8754,133.0087,-179.834,-0.2211
1741944394.2,4.051,1.296,0.199,0.364,0.1728,-0.5976,5.8754,133.0055,-179.8425,-0.2207
1741944394.28,4.052,1.296,0.198,0.364,0.1728,-0.5976,5.8754,133.0068,-179.8407,-0.2183
1741944394.36,4.051,1.301,0.199,0.359,0.1728,-0.5976,5.8754,133.0307,-179.8647,-0.2235
1741944394.439,4.053,1.306,0.197,0.354,0.1727,-0.5977,5.8753,133.0296,-179.8773,-0.1961
1741944394.519,4.052,1.316,0.198,0.344,0.1728,-0.5976,5.8754,133.0415,-179.8434,-0.1909
1741944394.599,4.052,1.316,0.198,0.344,0.1728,-0.5976,5.8754,133.0592,-179.8529,-0.2025
1741944394.678,4.051,1.322,0.199,0.338,0.1728,-0.5976,5.8754,133.0718,-179.7942,-0.1818
1741944394.758,4.051,1.308,0.199,0.352,0.1728,-0.5976,5.8754,133.0448,-179.8151,-0.1832
1741944394.837,4.051,1.323,0.199,0.337,0.1728,-0.5976,5.8754,133.0494,-179.8136,-0.15
1741944394.917,4.052,1.368,0.198,0.292,0.1728,-0.5976,5.8754,133.0375,-179.8301,-0.1451
1741944394.997,4.052,1.368,0.198,0.292,0.1728,-0.5976,5.8754,133.0115,-179.866,-0.1481
1741944395.076,4.052,1.392,0.198,0.268,0.1728,-0.5976,5.8754,133.0397,-179.8555,-0.168
1741944395.156,4.051,1.392,0.199,0.268,0.1728,-0.5976,5.8754,133.0408,-179.8779,-0.1351
1741944395.236,4.051,1.4,0.199,0.26,0.1728,-0.5976,5.8754,133.0325,-179.8595,-0.1492
1741944395.315,4.051,1.423,0.199,0.237,0.1728,-0.5976,5.8754,133.016,-179.8504,-0.1549
1741944395.395,4.051,1.423,0.199,0.237,0.1728,-0.5976,5.8754,132.9982,-179.8424,-0.1704
1741944395.475,4.051,1.489,0.199,0.171,0.1728,-0.5976,5.8754,132.9953,-179.8326,-0.1888
1741944395.554,4.052,2.085,0.198,-0.425,0.1728,-0.5976,5.8754,132.9992,-179.8161,-0.1979
1741944395.634,4.053,2.086,0.197,-0.426,0.1728,-0.5976,5.8754,133.0051,-179.8155,-0.2112
1741944395.714,4.052,2.087,0.198,-0.427,0.1728,-0.5976,5.8754,133.002,-179.8385,-0.2127
1741944395.793,4.052,2.087,0.198,-0.427,0.1728,-0.5976,5.8754,132.9946,-179.8387,-0.2239
1741944395.873,4.051,2.087,0.199,-0.427,0.1728,-0.5976,5.8754,132.9942,-179.8308,-0.223
1741944395.952,4.052,2.087,0.198,-0.427,0.1728,-0.5976,5.8754,133.002,-179.8324,-0.2247
1741944396.032,4.051,2.086,0.199,-0.426,0.1728,-0.5976,5.8754,133.0054,-179.8228,-0.237
1741944396.112,4.051,2.087,0.199,-0.427,0.1728,-0.5976,5.8754,133.0079,-179.8244,-0.2441
1741944396.192,4.051,2.087,0.199,-0.427,0.1728,-0.5976,5.8754,133.0075,-179.8385,-0.2371
1741944396.271,4.051,2.086,0.199,-0.426,0.1728,-0.5976,5.8754,133.0091,-179.8248,-0.2437
1741944396.351,4.053,2.086,0.197,-0.426,0.1728,-0.5976,5.8754,133.0132,-179.8081,-0.2527
1741944396.43,4.051,2.086,0.199,-0.426,0.1728,-0.5976,5.8754,133.0112,-179.8,-0.2431
1741944396.51,4.051,2.086,0.199,-0.426,0.1728,-0.5976,5.8754,133.0064,-179.8146,-0.246
1741944396.59,4.052,2.086,0.198,-0.426,0.1733,-0.5972,5.8754,132.9866,-179.8512,-0.1635
1741944396.669,4.051,2.087,0.199,-0.427,0.1749,-0.5957,5.8755,132.9574,-179.9281,-0.1466
1741944396.749,4.051,2.087,0.199,-0.427,0.1777,-0.593,5.8755,132.9537,-179.9621,-0.1054
1741944396.829,4.048,2.088,0.202,-0.428,0.1816,-0.5895,5.8757,132.8881,-179.9306,-0.1148
1741944396.91,4.048,2.087,0.202,-0.427,0.1869,-0.5846,5.8759,132.8257,-179.9161,-0.1137
1741944396.988,4.041,2.087,0.209,-0.427,0.1921,-0.58,5.8761,132.782,-179.9061,-0.0987
1741944397.068,4.034,2.086,0.216,-0.426,0.1974,-0.5751,5.8757,132.7369,-179.8775,-0.1043
1741944397.147,4.024,2.086,0.226,-0.426,0.2027,-0.5703,5.8758,132.7103,-179.8371,-0.1536
1741944397.227,4.015,2.086,0.235,-0.426,0.2072,-0.5662,5.8757,132.7438,-179.823,-0.1848
1741944397.307,4.015,2.086,0.235,-0.426,0.2113,-0.5625,5.8757,132.7182,-179.7884,-0.1343
1741944397.386,4.006,0.702,0.244,0.958,0.2157,-0.5585,5.876,132.7589,-179.8172,-0.1421
1741944397.466,3.999,0.7,0.251,0.96,0.2197,-0.5546,5.8757,132.7482,-179.8486,-0.1248
1741944397.545,3.993,2.081,0.257,-0.421,0.2239,-0.5507,5.8756,132.7426,-179.8186,-0.1452
1741944397.625,3.983,2.084,0.267,-0.424,0.2282,-0.5465,5.8756,132.7236,-179.8487,-0.1956
1741944397.705,3.983,2.084,0.267,-0.424,0.2334,-0.542,5.8759,132.7416,-179.7702,-0.2347
1741944397.785,3.975,2.083,0.275,-0.423,0.2382,-0.5376,5.8757,132.7613,-179.7394,-0.234
1741944397.864,3.968,2.083,0.282,-0.423,0.2431,-0.5327,5.8757,132.6907,-179.7956,-0.2701
1741944397.944,3.958,2.083,0.292,-0.423,0.2481,-0.5279,5.8762,132.6881,-179.8097,-0.2476
1741944398.024,3.951,2.082,0.299,-0.422,0.2535,-0.5232,5.8763,132.6906,-179.8232,-0.1923
1741944398.104,3.951,2.082,0.299,-0.422,0.258,-0.519,5.8762,132.6072,-179.8788,-0.2304
1741944398.183,3.939,2.082,0.312,-0.422,0.2625,-0.5148,5.8761,132.5869,-179.8878,-0.1877
1741944398.262,3.935,2.081,0.316,-0.421,0.2675,-0.51,5.8761,132.5206,-179.8811,-0.1849
1741944398.342,3.925,2.081,0.325,-0.421,0.2724,-0.5056,5.8763,132.6162,-179.8178,-0.2035
1741944398.422,3.925,2.082,0.326,-0.422,0.2772,-0.5014,5.8766,132.5597,-179.6804,-0.2339
1741944398.502,3.925,2.082,0.326,-0.422,0.2811,-0.4981,5.8767,132.5553,-179.6618,-0.1941
1741944398.581,3.911,2.082,0.34,-0.422,0.284,-0.4954,5.8765,132.5809,-179.7067,-0.1836
1741944398.661,3.901,2.081,0.35,-0.421,0.2865,-0.493,5.8763,132.5742,-179.7544,-0.1893
1741944398.74,3.899,2.08,0.352,-0.42,0.2895,-0.4902,5.8763,132.5554,-179.7691,-0.2048
1741944398.82,3.896,2.081,0.354,-0.421,0.2933,-0.4867,5.8763,132.5942,-179.8344,-0.2304
1741944398.9,3.896,2.081,0.354,-0.421,0.2978,-0.4822,5.8763,132.6674,-179.8272,-0.2726
1741944398.979,3.89,2.081,0.36,-0.421,0.3027,-0.4775,5.8765,132.6192,-179.7593,-0.2848
1741944399.059,3.881,2.079,0.37,-0.419,0.3083,-0.4722,5.8768,132.5618,-179.6389,-0.3536
1741944399.139,3.871,2.08,0.379,-0.42,0.3138,-0.4672,5.8764,132.6398,-179.7306,-0.3925
1741944399.218,3.86,2.08,0.391,-0.42,0.3191,-0.4623,5.8764,132.5731,-179.7829,-0.4046
1741944399.298,3.86,2.08,0.39,-0.42,0.324,-0.4575,5.8762,132.5918,-179.8491,-0.4032
1741944399.377,3.852,2.08,0.399,-0.42,0.3288,-0.4529,5.8761,132.5056,-179.8966,-0.4564
1741944399.457,3.844,2.078,0.407,-0.418,0.3328,-0.4494,5.8762,132.488,-179.8337,-0.4496
1741944399.537,3.838,2.079,0.413,-0.419,0.3365,-0.4461,5.8763,132.4666,-179.8391,-0.4446
1741944399.616,3.825,2.078,0.426,-0.418,0.341,-0.4419,5.8762,132.4439,-179.8292,-0.4363
1741944399.696,3.825,2.078,0.426,-0.418,0.3452,-0.4381,5.8762,132.3815,-179.8654,-0.3857
1741944399.776,3.821,2.078,0.43,-0.418,0.3506,-0.4333,5.8764,132.343,-179.87,-0.3313
1741944399.855,3.812,2.078,0.439,-0.418,0.3558,-0.4285,5.8766,132.3269,-179.807,-0.3808
1741944399.935,3.804,2.077,0.447,-0.417,0.3616,-0.4233,5.8767,132.3188,-179.6716,-0.3899
1741944400.015,3.797,2.078,0.454,-0.418,0.3667,-0.4187,5.877,132.3115,-179.6621,-0.4059
1741944400.094,3.797,2.078,0.454,-0.418,0.3713,-0.4146,5.8767,132.3397,-179.6142,-0.3887
1741944400.174,3.784,2.076,0.467,-0.416,0.3758,-0.4105,5.8764,132.4361,-179.5655,-0.364
1741944400.254,3.776,2.076,0.475,-0.416,0.3802,-0.406,5.8761,132.4451,-179.6401,-0.3907
1741944400.333,3.771,2.074,0.48,-0.414,0.3845,-0.4021,5.8761,132.4424,-179.6349,-0.3826
1741944400.413,3.762,2.074,0.489,-0.414,0.3888,-0.398,5.8759,132.5332,-179.6613,-0.4106
1741944400.493,3.762,2.074,0.489,-0.414,0.3936,-0.3936,5.8758,132.553,-179.6534,-0.3819
1741944400.572,3.757,2.076,0.494,-0.416,0.3983,-0.3891,5.8771,132.4239,-179.7013,-0.5158
1741944400.652,3.744,2.075,0.507,-0.415,0.4041,-0.3835,5.876,132.5201,-179.7438,-0.4336
1741944400.731,3.74,2.075,0.511,-0.415,0.4102,-0.3775,5.8759,132.5038,-179.7179,-0.353
1741944400.811,3.727,2.073,0.523,-0.413,0.4171,-0.3714,5.8764,132.5706,-179.7506,-0.3461
1741944400.891,3.727,2.073,0.524,-0.413,0.423,-0.3661,5.8766,132.5544,-179.7401,-0.3451
1741944400.97,3.719,2.075,0.532,-0.415,0.4289,-0.361,5.8766,132.5483,-179.6712,-0.3193
1741944401.05,3.705,2.074,0.545,-0.414,0.4346,-0.3558,5.8763,132.5979,-179.652,-0.3611
1741944401.13,3.693,2.074,0.557,-0.414,0.4395,-0.3509,5.8763,132.6853,-179.6396,-0.3508
1741944401.209,3.686,2.074,0.564,-0.414,0.4449,-0.3457,5.8765,132.6978,-179.6993,-0.3498
1741944401.289,3.686,2.074,0.564,-0.414,0.4506,-0.3401,5.8764,132.7129,-179.6427,-0.3412
1741944401.369,3.678,2.074,0.572,-0.414,0.4566,-0.3346,5.8763,132.7439,-179.6347,-0.3662
1741944401.448,3.663,2.073,0.587,-0.413,0.4622,-0.3288,5.8762,132.792,-179.6788,-0.398
1741944401.528,3.657,2.073,0.593,-0.413,0.468,-0.3231,5.8763,132.8348,-179.7024,-0.4283
1741944401.608,3.641,2.072,0.609,-0.412,0.4753,-0.3165,5.8765,132.8337,-179.7821,-0.3092
1741944401.687,3.641,2.072,0.609,-0.412,0.4817,-0.3102,5.8767,132.761,-179.7845,-0.3403
1741944401.767,3.631,2.073,0.619,-0.413,0.4879,-0.3046,5.8767,132.7813,-179.8157,-0.284
1741944401.846,3.618,2.073,0.632,-0.413,0.4943,-0.2987,5.8767,132.7251,-179.8147,-0.2656
1741944401.926,3.612,2.072,0.638,-0.412,0.4997,-0.2937,5.8764,132.6702,-179.8106,-0.2424
1741944402.006,3.612,2.072,0.638,-0.412,0.5066,-0.2872,5.8761,132.6846,-179.7873,-0.2363
1741944402.085,3.605,2.072,0.645,-0.412,0.5135,-0.2808,5.8756,132.6858,-179.7295,-0.3166
1741944402.165,3.594,2.072,0.656,-0.412,0.5199,-0.2749,5.8759,132.716,-179.6708,-0.3276
1741944402.245,3.575,2.07,0.675,-0.41,0.526,-0.269,5.8759,132.7587,-179.6285,-0.3227
1741944402.324,3.565,2.069,0.685,-0.409,0.5327,-0.2625,5.8761,132.7566,-179.6204,-0.3904
1741944402.405,3.565,2.069,0.685,-0.409,0.539,-0.2567,5.8763,132.8039,-179.5697,-0.3718
1741944402.484,3.553,2.069,0.697,-0.409,0.5444,-0.2517,5.8761,132.8219,-179.5352,-0.3111
1741944402.563,3.546,2.07,0.704,-0.41,0.5498,-0.2464,5.8759,132.8047,-179.5907,-0.2875
1741944402.643,3.534,2.068,0.716,-0.408,0.5551,-0.2413,5.876,132.7468,-179.5252,-0.3193
1741944402.723,3.524,2.068,0.726,-0.408,0.5608,-0.236,5.8763,132.7674,-179.5325,-0.3044
1741944402.803,3.524,2.068,0.726,-0.408,0.5668,-0.2304,5.8763,132.7036,-179.5626,-0.2896
1741944402.882,3.519,2.068,0.731,-0.408,0.5722,-0.2251,5.8761,132.6619,-179.5641,-0.2998
1741944402.962,3.51,2.068,0.74,-0.408,0.5782,-0.2196,5.8759,132.6855,-179.5749,-0.2927
1741944403.041,3.495,0.298,0.755,1.362,0.5838,-0.2142,5.8759,132.6915,-179.4789,-0.3524
1741944403.121,3.485,0.283,0.765,1.377,0.5898,-0.2086,5.8757,132.6976,-179.4178,-0.3933
1741944403.201,3.485,0.283,0.765,1.377,0.5957,-0.2029,5.8756,132.7515,-179.4185,-0.3795
1741944403.28,3.475,2.068,0.775,-0.408,0.6011,-0.1977,5.8755,132.7267,-179.3537,-0.3578
1741944403.36,3.469,2.066,0.781,-0.406,0.6072,-0.1918,5.8754,132.8109,-179.3518,-0.4047
1741944403.439,3.457,2.057,0.793,-0.397,0.6124,-0.1869,5.8754,132.8505,-179.2805,-0.4448
1741944403.519,3.449,0.314,0.801,1.346,0.6178,-0.1813,5.8751,133.0741,-179.2732,-0.4342
1741944403.599,3.449,0.314,0.801,1.346,0.6224,-0.1757,5.8748,133.9004,-179.2956,-0.4151
1741944403.678,3.439,2.053,0.812,-0.392,0.6277,-0.1694,5.8746,134.8454,-179.2729,-0.3439
1741944403.758,3.431,2.053,0.82,-0.392,0.6325,-0.1641,5.8745,135.0487,-179.3435,-0.2668
1741944403.838,3.42,2.068,0.831,-0.407,0.6376,-0.1587,5.8744,135.0434,-179.4047,-0.3064
1741944403.917,3.412,2.07,0.839,-0.409,0.6417,-0.1543,5.8746,135.0268,-179.4325,-0.3013
1741944403.997,3.412,2.07,0.839,-0.409,0.6459,-0.15,5.8747,135.0182,-179.4425,-0.2635
1741944404.077,3.398,2.069,0.853,-0.408,0.6496,-0.1462,5.8747,134.9858,-179.3977,-0.2176
1741944404.156,3.395,2.071,0.856,-0.41,0.6531,-0.1425,5.8746,135.1671,-179.3584,-0.1949
1741944404.236,3.382,2.07,0.87,-0.409,0.6546,-0.1407,5.8745,135.4512,-179.3757,-0.2204
1741944404.316,3.381,2.07,0.871,-0.409,0.6548,-0.1401,5.8743,135.4317,-179.3145,-0.223
1741944404.395,3.381,2.07,0.871,-0.409,0.655,-0.14,5.8742,135.4387,-179.2732,-0.2481
1741944404.475,3.381,2.07,0.871,-0.409,0.6549,-0.14,5.8742,135.4859,-179.3691,-0.2494
1741944404.555,3.382,2.069,0.87,-0.408,0.6544,-0.1397,5.8742,135.458,-179.3643,-0.2691
1741944404.634,3.381,2.071,0.871,-0.41,0.6546,-0.1395,5.8742,135.488,-179.3658,-0.168
1741944404.714,3.376,2.07,0.876,-0.409,0.6575,-0.1372,5.874,135.5249,-179.303,-0.1297
1741944404.794,3.376,2.07,0.876,-0.409,0.6615,-0.1332,5.8741,135.5286,-179.2803,-0.187
1741944404.873,3.38,2.07,0.872,-0.409,0.6672,-0.1274,5.8741,135.6526,-179.2189,-0.1907
1741944404.953,3.367,2.07,0.886,-0.408,0.6729,-0.1213,5.874,135.7843,-179.1995,-0.179
1741944405.032,3.358,2.071,0.895,-0.409,0.6789,-0.1149,5.8742,135.8911,-179.1702,-0.2146
1741944405.112,3.346,2.067,0.907,-0.405,0.6841,-0.109,5.8743,135.9243,-179.2039,-0.2023
1741944405.192,3.346,2.067,0.907,-0.405,0.6888,-0.1042,5.8742,135.9945,-179.2137,-0.1947
1741944405.391,3.33,2.07,0.924,-0.408,0.6979,-0.0944,5.874,136.2095,-179.3165,-0.0646
1741944405.47,3.326,2.071,0.928,-0.409,0.7014,-0.0904,5.874,136.2339,-179.3335,-0.0785
1741944405.55,3.32,2.071,0.934,-0.409,0.7068,-0.0845,5.8739,136.3013,-179.4317,0.0021
1741944405.63,3.308,2.07,0.946,-0.407,0.7145,-0.0762,5.8739,136.4,-179.5186,0.0845
1741944405.709,3.304,2.072,0.95,-0.409,0.724,-0.0663,5.8729,136.4674,-179.507,0.2099
1741944405.789,3.304,2.072,0.951,-0.409,0.7341,-0.0553,5.8727,136.5744,-179.4462,0.0848
1741944405.869,3.283,2.072,0.972,-0.409,0.7439,-0.0438,5.873,136.8099,-179.4398,0.0482
1741944405.948,3.265,2.074,0.991,-0.41,0.7519,-0.0348,5.8733,136.897,-179.4251,0.0464
1741944406.147,3.242,2.076,1.015,-0.412,0.7556,-0.0304,5.8736,137.135,-179.5608,-0.027
1741944406.227,3.242,2.077,1.015,-0.413,0.7554,-0.0306,5.8735,137.1593,-179.5244,-0.028
1741944406.307,3.242,2.076,1.015,-0.412,0.7552,-0.0307,5.8734,137.1565,-179.5194,-0.0243
1741944406.386,3.242,2.076,1.015,-0.412,0.7552,-0.0308,5.8733,137.1835,-179.5507,-0.006
1741944406.466,3.242,2.076,1.014,-0.412,0.7549,-0.0297,5.8729,137.1241,-179.5479,-0.0056
1741944406.546,3.242,2.077,1.015,-0.413,0.7549,-0.0295,5.8727,137.1436,-179.5368,-0.0008
1741944406.625,3.234,2.076,1.023,-0.412,0.7548,-0.0297,5.8729,137.1395,-179.5643,-0.0266
1741944406.705,3.242,2.078,1.015,-0.414,0.7548,-0.0299,5.8731,137.1397,-179.5786,-0.075
1741944406.785,3.242,2.078,1.015,-0.414,0.7548,-0.0299,5.8731,137.1331,-179.5544,-0.0837
1741944406.864,3.241,2.077,1.016,-0.413,0.7548,-0.03,5.8732,137.1337,-179.5586,-0.0693
1741944406.944,3.241,2.076,1.016,-0.412,0.7548,-0.03,5.8732,137.1411,-179.5667,-0.0539
1741944407.024,3.235,2.076,1.022,-0.412,0.7551,-0.0302,5.8731,137.1664,-179.525,-0.0271
1741944407.103,3.233,2.077,1.024,-0.413,0.7553,-0.0306,5.8734,137.2213,-179.4889,-0.0586
1741944407.183,3.233,2.077,1.024,-0.413,0.7552,-0.0308,5.8735,137.1658,-179.4994,-0.0155
1741944407.263,3.234,2.076,1.023,-0.412,0.7552,-0.0308,5.8735,137.2099,-179.4795,-0.0074
1741944407.342,3.241,2.075,1.016,-0.411,0.7552,-0.0308,5.8735,137.2416,-179.5238,0.0154
1741944407.422,3.241,2.077,1.016,-0.413,0.7549,-0.0304,5.8734,137.2326,-179.5665,-0.0792
1741944407.501,3.241,2.077,1.016,-0.413,0.7548,-0.0303,5.8734,137.2212,-179.5235,-0.0291
1741944407.581,3.233,2.077,1.024,-0.413,0.7549,-0.0303,5.8734,137.2052,-179.5858,-0.0785
1741944407.661,3.24,2.078,1.017,-0.413,0.755,-0.0301,5.8733,137.3603,-179.5201,-0.0482
1741944407.86,3.235,2.078,1.045,-0.399,0.7631,-0.0149,5.8726,141.2535,-179.5077,-0.0757
1741944409.493,3.115,2.255,1.176,-0.565,0.8798,0.2211,5.8727,142.8549,-179.9049,-0.4691
1741944409.572,3.048,2.22,1.224,-0.544,0.8893,0.2289,5.8733,140.4657,-179.8254,-0.4553
1741944409.652,3.0,2.193,1.263,-0.523,0.8992,0.2377,5.873,138.8993,-179.7247,-0.472
1741944409.732,2.971,2.178,1.292,-0.508,0.907,0.2464,5.8731,138.8843,-179.6984,-0.5373
1741944409.811,2.952,2.171,1.312,-0.501,0.9156,0.2563,5.873,139.0788,-179.6647,-0.5731
1741944409.891,2.952,2.171,1.313,-0.5,0.9234,0.2651,5.8731,139.2012,-179.7267,-0.5352
1741944409.97,2.935,2.172,1.33,-0.501,0.9315,0.2745,5.8732,139.3073,-179.7555,-0.5354
1741944410.05,2.916,2.172,1.35,-0.5,0.9402,0.2851,5.8729,139.4277,-179.794,-0.7421
1741944410.13,2.901,2.174,1.365,-0.502,0.9479,0.2941,5.8727,139.6096,-179.7579,-0.7392
1741944410.21,2.884,2.176,1.384,-0.503,0.9562,0.3044,5.8731,139.8333,-179.7678,-0.8389
1741944410.289,2.884,2.176,1.384,-0.502,0.964,0.3137,5.8737,139.9656,-179.6978,-0.7761
1741944410.369,2.876,2.181,1.394,-0.506,0.9712,0.3225,5.8741,140.2072,-179.6927,-0.7367
1741944410.449,2.861,2.182,1.407,-0.508,0.9797,0.3312,5.8741,140.0115,-179.6633,-0.6498
1741944410.528,2.84,2.183,1.42,-0.516,0.9895,0.3399,5.8741,138.2093,-179.8382,-0.6403
1741944410.608,2.824,2.181,1.433,-0.516,0.9982,0.3483,5.8739,137.5572,-179.7789,-0.6646
1741944410.687,2.824,2.181,1.433,-0.516,1.0071,0.3576,5.8737,137.5111,-179.7985,-0.6748
1741944410.767,2.811,2.173,1.446,-0.507,1.0153,0.3663,5.8735,137.5839,-179.6919,-0.7963
1741944410.847,2.796,2.174,1.461,-0.508,1.0239,0.3754,5.8736,137.5853,-179.6626,-0.8763
1741944410.926,2.771,2.174,1.487,-0.508,1.0324,0.3844,5.8738,137.7216,-179.56,-0.9063
1741944411.006,2.758,2.174,1.5,-0.508,1.0409,0.3937,5.8741,137.8488,-179.5818,-0.9849
1741944411.086,2.758,2.174,1.5,-0.507,1.0498,0.4034,5.8742,137.9442,-179.6108,-0.9994
1741944411.165,2.743,2.177,1.512,-0.513,1.0589,0.412,5.8744,137.0965,-179.609,-0.9708
1741944411.245,2.731,2.177,1.523,-0.514,1.0675,0.4205,5.8747,136.4433,-179.6603,-0.9754
1741944411.325,2.715,2.175,1.539,-0.512,1.0762,0.4295,5.8746,136.5752,-179.714,-1.0095
1741944411.404,2.693,2.174,1.561,-0.511,1.0851,0.4388,5.8743,136.5681,-179.6492,-1.1178
1741944411.484,2.693,2.174,1.561,-0.51,1.0942,0.4479,5.8741,136.8015,-179.5444,-1.1361
1741944411.564,2.684,2.175,1.571,-0.511,1.1029,0.4572,5.874,136.9398,-179.5003,-1.2021
1741944411.643,2.666,2.176,1.589,-0.512,1.111,0.466,5.8742,136.8884,-179.5239,-1.2868
1741944411.723,2.651,2.176,1.604,-0.512,1.1196,0.475,5.8749,136.9394,-179.4912,-1.2824
1741944411.803,2.643,2.177,1.612,-0.513,1.1275,0.484,5.8752,136.9355,-179.5598,-1.2872
1741944411.882,2.643,2.177,1.612,-0.513,1.1355,0.4926,5.8753,137.0426,-179.6121,-1.4045
1741944411.962,2.626,2.178,1.63,-0.513,1.1453,0.5027,5.8751,137.2819,-179.4861,-1.6211
1741944412.041,2.61,2.179,1.645,-0.515,1.1544,0.5123,5.875,137.1557,-179.461,-1.6949
1741944412.121,2.59,2.179,1.665,-0.515,1.1635,0.5227,5.8748,137.1648,-179.4656,-1.6866
1741944412.201,2.574,2.178,1.681,-0.513,1.1728,0.5331,5.8747,137.2009,-179.4528,-1.8309
1741944412.28,2.574,2.178,1.682,-0.513,1.1821,0.5437,5.8748,137.3952,-179.3781,-1.8306
1741944412.36,2.558,2.18,1.698,-0.515,1.1903,0.5527,5.8755,137.4075,-179.3921,-2.0023
1741944412.44,2.542,2.181,1.714,-0.515,1.1994,0.5607,5.8765,137.5771,-179.3314,-1.8331
1741944412.519,2.527,2.181,1.73,-0.515,1.2077,0.5703,5.8768,137.6695,-179.3894,-1.8269
1741944412.599,2.513,2.181,1.744,-0.515,1.2167,0.5792,5.8764,137.8239,-179.3626,-1.9815
1741944412.679,2.513,2.181,1.743,-0.516,1.2257,0.59,5.8759,137.4495,-179.4392,-2.1398
1741944412.758,2.503,2.181,1.751,-0.517,1.2355,0.5996,5.8755,136.8305,-179.5417,-2.2349
1741944412.838,2.487,2.183,1.767,-0.52,1.2446,0.6086,5.8756,136.5759,-179.4217,-2.2567
1741944412.918,2.471,2.181,1.782,-0.519,1.254,0.6188,5.8748,136.1669,-179.3428,-2.3956
1741944412.997,2.471,2.18,1.781,-0.518,1.2636,0.6276,5.8746,135.8057,-179.3176,-2.5582
1741944413.077,2.451,2.18,1.801,-0.518,1.2725,0.6369,5.8746,135.7713,-179.3701,-2.6916
1741944413.157,2.436,2.179,1.816,-0.517,1.2813,0.6462,5.875,135.6998,-179.5251,-2.7895
1741944413.236,2.417,2.18,1.834,-0.519,1.2902,0.6566,5.8751,135.4279,-179.7352,-3.1379
1741944413.316,2.4,2.179,1.852,-0.517,1.2996,0.666,5.8752,135.6666,-179.8061,-3.1669
1741944413.396,2.4,2.179,1.852,-0.517,1.3086,0.6753,5.8753,135.8611,-179.6376,-3.207
1741944413.475,2.385,2.179,1.867,-0.517,1.3194,0.686,5.8748,135.8886,-179.3534,-3.2555
1741944413.555,2.372,2.178,1.88,-0.516,1.3285,0.6943,5.8751,135.8514,-179.2298,-3.2411
1741944413.634,2.356,2.178,1.896,-0.516,1.3386,0.7055,5.8753,135.9099,-179.2751,-3.3684
1741944413.714,2.339,2.177,1.913,-0.515,1.3476,0.7139,5.8754,135.8745,-179.1454,-3.3406
1741944413.794,2.339,2.177,1.913,-0.515,1.3564,0.7234,5.8755,135.6871,-179.2911,-3.4986
1741944413.873,2.322,2.179,1.93,-0.517,1.3665,0.734,5.8754,135.7896,-179.1935,-3.5141
1741944413.953,2.304,2.178,1.946,-0.518,1.3758,0.7417,5.8756,134.6828,-179.2862,-3.8101
1741944414.033,2.288,2.179,1.962,-0.519,1.3876,0.7485,5.8754,132.3506,-179.0807,-3.6902
1741944414.112,2.272,2.175,1.984,-0.509,1.3991,0.7535,5.8757,129.4235,-179.1509,-3.2809
1741944414.193,2.272,2.175,1.994,-0.5,1.4113,0.7592,5.8764,126.7028,-179.3088,-2.8282
1741944414.272,2.262,2.178,2.016,-0.492,1.4212,0.7617,5.8771,124.5552,-179.4944,-2.4184
1741944414.909,2.185,2.182,2.096,-0.491,1.5072,0.8135,5.8798,123.7603,-179.5637,-2.5621
1741944414.989,2.185,2.182,2.097,-0.49,1.5174,0.8209,5.8799,123.6227,-179.6353,-2.6914
1741944415.068,2.169,2.179,2.111,-0.489,1.529,0.8292,5.88,123.9504,-179.5136,-2.6933
1741944415.148,2.15,2.176,2.13,-0.485,1.5399,0.8371,5.8799,123.8832,-179.5363,-2.8361
1741944415.227,2.133,2.17,2.146,-0.481,1.551,0.8452,5.8798,124.0889,-179.4354,-2.8413
1741944415.307,2.115,2.167,2.163,-0.478,1.561,0.8518,5.8797,124.1499,-179.4645,-2.6521
1741944415.387,2.115,2.167,2.163,-0.479,1.5724,0.8596,5.8794,124.223,-179.5106,-2.5867
1741944415.466,2.097,2.164,2.179,-0.477,1.583,0.866,5.8796,124.4809,-179.3962,-2.3809
1741944415.546,2.079,2.156,2.196,-0.471,1.5939,0.8731,5.8802,124.6946,-179.6551,-2.1912
1741944415.626,2.063,2.153,2.209,-0.47,1.6032,0.8806,5.8802,125.2054,-179.8201,-2.2032
1741944415.705,2.045,2.147,2.222,-0.469,1.6124,0.8886,5.8804,126.1452,-179.7888,-2.3536
1741944415.785,2.045,2.147,2.219,-0.473,1.6206,0.8956,5.8811,126.9011,179.9071,-2.5275
1741944415.865,2.022,2.142,2.237,-0.472,1.6295,0.9046,5.8814,127.9839,179.7182,-2.8055
1741944415.944,2.0,2.133,2.259,-0.464,1.6388,0.914,5.8814,128.0986,179.4674,-3.314
1741944416.024,1.978,2.128,2.28,-0.46,1.6493,0.9241,5.881,128.442,179.4752,-3.5524
1741944416.104,1.959,2.126,2.298,-0.458,1.6599,0.9339,5.8802,128.56,179.4592,-3.7529
1741944416.183,1.959,2.126,2.298,-0.459,1.6698,0.9425,5.8792,128.7688,179.5056,-3.8442
1741944416.263,1.944,2.123,2.312,-0.456,1.6806,0.953,5.8786,128.9221,179.5002,-4.1501
1741944416.343,1.923,2.12,2.335,-0.451,1.6907,0.9636,5.8786,128.1856,179.06,-5.4033
1741944416.422,1.91,2.115,2.347,-0.447,1.6993,0.9735,5.8779,128.6594,178.8405,-5.8985
1741944416.502,1.895,2.114,2.36,-0.449,1.7081,0.9824,5.8772,129.3669,178.9176,-5.6798
1741944416.581,1.895,2.114,2.36,-0.449,1.7173,0.9968,5.8764,129.5489,178.2784,-5.7429
1741944416.661,1.876,2.112,2.379,-0.446,1.7271,1.0051,5.8766,129.3357,178.3327,-5.4655
1741944416.741,1.859,2.108,2.395,-0.443,1.7368,1.0133,5.8767,129.594,178.4444,-5.0566
1741944416.82,1.842,2.111,2.412,-0.447,1.7471,1.0221,5.8767,129.8232,178.5673,-5.235
1741944416.9,1.824,2.132,2.429,-0.469,1.7394,0.9747,5.8994,130.4163,178.0387,-2.7735
1741944416.98,1.824,2.132,2.427,-0.47,1.7404,0.9707,5.9079,131.2776,178.5701,-3.1904
1741944417.059,1.807,2.132,2.444,-0.471,1.749,0.9865,5.909,131.9002,178.763,-4.4331
1741944417.139,1.79,2.13,2.461,-0.469,1.766,1.012,5.9034,131.8905,178.7153,-5.1907
1741944417.219,1.771,2.131,2.48,-0.47,1.7852,1.0418,5.8938,131.9556,178.9775,-5.8694
1741944417.298,1.758,2.13,2.493,-0.469,1.7998,1.065,5.8864,132.0238,178.245,-5.6034
1741944417.378,1.758,2.13,2.492,-0.469,1.8125,1.0865,5.8804,132.1961,178.0774,-5.7169
1741944417.458,1.742,2.13,2.508,-0.47,1.824,1.104,5.8752,132.4309,177.8657,-6.1149
1741944417.537,1.722,2.13,2.528,-0.47,1.833,1.1126,5.8743,132.361,177.2539,-5.5655
1741944417.617,1.707,2.13,2.543,-0.47,1.8415,1.1226,5.8734,132.4251,177.2528,-5.2793
1741944417.697,1.688,2.128,2.562,-0.468,1.85,1.1294,5.873,132.5201,177.2053,-5.1078
1741944417.776,1.688,2.128,2.562,-0.468,1.859,1.1385,5.8739,132.836,176.9512,-5.4519
1741944417.856,1.672,2.128,2.578,-0.468,1.8676,1.1482,5.8747,132.3228,176.947,-5.9235
1741944417.936,1.657,2.129,2.593,-0.469,1.8774,1.1563,5.8754,132.3609,177.1124,-6.494
1741944418.015,1.637,2.127,2.613,-0.467,1.886,1.163,5.8751,132.8917,177.3907,-6.2868
1741944418.095,1.621,2.128,2.629,-0.468,1.8956,1.1699,5.8757,133.0444,177.6231,-6.2033
1741944418.174,1.621,2.128,2.629,-0.468,1.9051,1.1816,5.8755,132.9027,177.458,-6.4354
1741944418.254,1.602,2.128,2.648,-0.468,1.9138,1.1914,5.8761,132.7995,177.1318,-6.4682
1741944418.334,1.588,2.128,2.662,-0.468,1.9226,1.199,5.8764,132.9729,176.9932,-6.0314
1741944418.413,1.573,2.129,2.677,-0.469,1.9323,1.2072,5.8771,133.1537,177.0764,-6.2687
1741944418.493,1.554,2.127,2.696,-0.467,1.9407,1.2168,5.8769,132.9581,176.7176,-5.9761
1741944418.573,1.554,2.127,2.696,-0.467,1.9498,1.2247,5.8767,132.9057,176.7534,-6.039
1741944418.652,1.538,2.127,2.712,-0.467,1.9574,1.2303,5.878,133.05,176.016,-5.237
1741944418.732,1.519,2.127,2.731,-0.467,1.96,1.2353,5.8793,133.5277,175.1854,-5.0604
1741944418.812,1.507,2.128,2.743,-0.468,1.9652,1.2376,5.8801,133.023,174.9558,-4.1013
1741944418.891,1.507,2.127,2.743,-0.467,1.9731,1.2475,5.8796,133.112,175.1726,-4.4628
1741944418.971,1.5,2.127,2.75,-0.467,1.984,1.253,5.8813,132.6039,174.6993,-3.4134
1741944419.051,1.487,2.128,2.763,-0.467,1.9972,1.2657,5.8816,132.1864,174.6482,-4.2686
1741944419.13,1.469,2.127,2.781,-0.467,2.0126,1.2816,5.8798,133.4947,175.9714,-5.6475
1741944419.21,1.45,2.126,2.8,-0.466,2.0289,1.298,5.8785,133.3812,177.9355,-6.7949
1741944419.29,1.45,2.123,2.8,-0.463,2.0372,1.3108,5.8782,132.664,177.2037,-6.8679
1741944419.369,1.421,2.123,2.829,-0.463,2.0447,1.3199,5.8769,133.2131,176.3666,-7.2453
1741944419.449,1.406,2.125,2.844,-0.465,2.0516,1.3299,5.8761,133.6673,176.4912,-7.3202
1741944419.529,1.389,2.124,2.861,-0.464,2.0561,1.3397,5.8763,132.661,176.1766,-7.831
1741944419.608,1.375,2.124,2.875,-0.464,2.0626,1.3461,5.8781,133.4554,176.0267,-9.6713
1741944419.688,1.375,2.124,2.875,-0.464,2.0687,1.3579,5.8786,133.4707,175.5673,-9.3002
1741944419.767,1.367,2.128,2.883,-0.468,2.0793,1.3676,5.878,133.7384,175.9726,-9.4472
1741944419.847,1.355,2.131,2.895,-0.47,2.0823,1.3748,5.8772,134.8727,175.2808,-9.1042
1741944419.927,1.337,2.131,2.914,-0.47,2.0869,1.3805,5.8797,135.3168,174.4216,-8.4144
1741944420.006,1.329,2.135,2.921,-0.475,2.0972,1.3848,5.8824,134.1468,174.3744,-7.3175
1741944420.086,1.329,2.135,2.922,-0.474,2.1157,1.3903,5.8831,135.2573,175.462,-6.9709
1741944420.166,1.317,2.133,2.933,-0.473,2.1396,1.394,5.8891,134.588,179.3578,-3.8776
1741944420.245,1.297,2.13,2.953,-0.47,2.1485,1.4228,5.8848,133.1748,177.3513,-6.0401
1741944420.325,1.27,2.117,2.98,-0.457,2.1594,1.4333,5.8842,133.3841,176.739,-5.9708
1741944420.405,1.248,2.123,3.002,-0.463,2.1665,1.443,5.8814,133.9191,176.0543,-7.9681
1741944420.485,1.248,2.123,3.002,-0.463,2.1695,1.4467,5.8802,133.2587,174.8662,-7.1303
1741944420.564,1.23,2.124,3.02,-0.464,2.1729,1.4573,5.8777,134.0662,174.8524,-9.4472
1741944420.644,1.214,2.124,3.036,-0.464,2.179,1.4616,5.8768,134.3607,176.1933,-7.9445
1741944420.723,1.201,2.122,3.049,-0.462,2.1864,1.4619,5.8785,133.9915,177.7529,-5.8272
1741944420.803,1.193,2.117,3.057,-0.457,2.1968,1.4697,5.8772,134.1098,178.5277,-6.9692
1741944420.882,1.193,2.117,3.057,-0.457,2.2098,1.4804,5.8758,134.2852,178.9018,-6.9575
1741944420.962,1.185,2.114,3.065,-0.453,2.2252,1.4976,5.8765,134.8791,178.9327,-7.5676
1741944421.042,1.167,2.115,3.083,-0.455,2.2365,1.5118,5.8741,133.3987,177.9339,-7.6317
1741944421.121,1.145,2.114,3.105,-0.453,2.2439,1.5326,5.8702,131.8088,174.8871,-8.9916
1741944421.201,1.121,2.115,3.129,-0.455,2.2495,1.5458,5.872,132.8638,174.8352,-8.5982
1741944421.281,1.121,2.115,3.129,-0.455,2.2564,1.5539,5.8749,133.2144,175.1588,-8.9846
1741944421.361,1.105,2.12,3.145,-0.46,2.2599,1.5629,5.877,133.8488,174.9595,-9.2168
1741944421.44,1.093,2.122,3.157,-0.462,2.2669,1.5697,5.8759,133.489,175.071,-9.0592
1741944421.52,1.08,2.121,3.17,-0.461,2.2733,1.5807,5.8765,133.7292,174.6352,-9.2845
1741944421.599,1.069,2.121,3.181,-0.46,2.288,1.5928,5.8739,132.1651,176.2511,-10.2033
1741944421.679,1.069,2.121,3.181,-0.46,2.301,1.6013,5.8756,131.9383,176.7157,-9.227
1741944421.759,1.05,2.122,3.2,-0.461,2.3095,1.6088,5.8767,132.1344,176.2081,-8.699
1741944421.838,1.035,2.12,3.215,-0.46,2.3191,1.6197,5.875,133.3635,176.495,-8.6868
1741944421.918,1.015,2.118,3.235,-0.458,2.3239,1.6239,5.8764,133.1844,174.9065,-7.5389
1741944421.998,1.003,2.121,3.247,-0.461,2.3322,1.6348,5.8748,134.0082,175.544,-9.7627
1741944422.077,1.003,2.121,3.247,-0.461,2.3397,1.6435,5.8747,133.5087,175.5429,-10.3279
1741944422.157,0.985,2.12,3.265,-0.46,2.3487,1.6525,5.8766,132.9862,175.5642,-9.8827
1741944422.236,0.97,2.121,3.28,-0.46,2.356,1.6629,5.877,131.9855,174.6087,-11.0493
1741944422.316,0.957,2.12,3.294,-0.458,2.3629,1.6739,5.8765,131.1789,173.8998,-10.9923
1741944422.396,0.944,2.116,3.308,-0.453,2.3687,1.6812,5.8759,130.213,172.8959,-10.7744
1741944422.475,0.944,2.116,3.308,-0.452,2.3826,1.6934,5.8731,130.0788,174.6321,-10.9439
1741944422.555,0.929,2.115,3.323,-0.451,2.3896,1.7039,5.8719,129.8625,174.3506,-11.9635
1741944422.635,0.911,2.114,3.34,-0.451,2.3985,1.71,5.8715,130.6746,174.3415,-11.9252
1741944422.714,0.896,2.114,3.355,-0.451,2.4037,1.7172,5.8711,130.4585,172.953,-11.0731
1741944422.794,0.881,2.113,3.369,-0.452,2.4109,1.7253,5.8689,131.5887,172.7196,-10.8105
1741944422.874,0.881,2.113,3.37,-0.451,2.4212,1.7331,5.8677,131.1866,173.4517,-10.7055
1741944422.953,0.871,2.113,3.379,-0.453,2.4242,1.6456,5.9031,132.8099,174.7924,-7.2403
1741944423.033,0.858,2.112,3.392,-0.452,2.4227,1.6724,5.9029,132.4018,174.7967,-7.9996
1741944423.113,0.838,2.11,3.412,-0.449,2.4306,1.7047,5.8994,131.7289,174.2063,-11.3022
1741944423.192,0.824,2.109,3.426,-0.449,2.4488,1.7356,5.8909,132.3589,174.8065,-11.7688
1741944423.272,0.824,2.109,3.426,-0.449,2.4649,1.7614,5.8821,133.4646,175.0541,-12.1817
1741944423.352,0.81,2.109,3.44,-0.449,2.4778,1.7797,5.8762,132.899,174.3568,-11.1898
1741944423.431,0.795,2.108,3.455,-0.448,2.4862,1.8011,5.8705,132.5792,174.5595,-10.8211
1741944423.511,0.776,2.109,3.474,-0.449,2.5013,1.8129,5.8675,133.0657,175.2971,-11.2693
1741944423.591,0.759,2.11,3.491,-0.45,2.5116,1.8227,5.8653,133.3488,175.2658,-12.2602
1741944423.67,0.759,2.11,3.491,-0.449,2.5246,1.836,5.8631,132.1816,176.3679,-10.9297
1741944423.75,0.743,2.11,3.507,-0.45,2.5329,1.8434,5.8644,132.9952,175.8013,-10.8504
1741944423.83,0.731,2.109,3.519,-0.449,2.5398,1.8507,5.8653,133.1002,175.3108,-10.3086
1741944423.909,0.712,2.109,3.538,-0.449,2.5469,1.857,5.8655,133.5051,175.1738,-9.9295
1741944423.989,0.697,2.109,3.553,-0.449,2.55,1.8644,5.8657,133.6266,174.69,-9.5983
1741944424.068,0.697,2.109,3.553,-0.448,2.562,1.8662,5.8683,134.7515,175.8848,-9.3437
1741944424.148,0.68,2.109,3.57,-0.449,2.5727,1.8694,5.8698,134.0972,176.1269,-11.2107
1741944424.228,0.667,2.11,3.583,-0.45,2.583,1.8807,5.8724,134.1447,176.3255,-11.4651
1741944424.307,0.65,2.11,3.6,-0.45,2.586,1.8944,5.8718,134.2582,174.4133,-10.8243
1741944424.387,0.64,2.11,3.61,-0.449,2.5911,1.9044,5.8691,135.5901,173.6572,-11.1129
1741944424.467,0.64,2.11,3.61,-0.449,2.595,1.9181,5.8701,134.8255,173.5135,-10.5867
1741944424.546,0.625,2.11,3.626,-0.447,2.6042,1.9281,5.8687,136.7249,174.42,-11.7501
1741944424.626,0.604,2.109,3.646,-0.448,2.6158,1.928,5.8712,135.4858,174.5751,-10.8684
1741944424.706,0.588,2.109,3.663,-0.447,2.6416,1.8987,5.8887,136.0189,176.9849,-11.0374
1741944424.785,0.574,2.109,3.676,-0.448,2.637,1.9258,5.8862,135.6498,175.862,-10.9083
1741944424.865,0.574,2.109,3.677,-0.446,2.6298,1.9422,5.8828,136.5364,174.8962,-10.191
1741944424.945,0.567,2.111,3.684,-0.448,2.6271,1.949,5.8777,136.555,174.0929,-12.5243
1741944425.024,0.567,2.11,3.685,-0.441,2.6257,1.9571,5.875,138.8751,173.4674,-16.7293
1741944425.104,0.568,2.109,3.683,-0.447,2.624,1.957,5.87,136.112,173.7995,-14.9923
1741944425.183,0.574,2.109,3.677,-0.447,2.6241,1.9552,5.8675,136.0603,174.9367,-14.2988
1741944425.263,0.574,2.109,3.677,-0.447,2.6167,1.9541,5.8634,136.0922,176.0985,-12.7242
1741944425.343,0.569,2.11,3.682,-0.448,2.6043,1.9426,5.8648,136.23,175.5723,-11.9312
1741944425.422,0.58,2.108,3.67,-0.447,2.5872,1.9253,5.8663,134.9909,175.3046,-11.0767
1741944425.502,0.604,2.109,3.646,-0.449,2.571,1.9008,5.8647,134.4469,175.5109,-10.3724
1741944425.582,0.639,2.109,3.611,-0.448,2.5532,1.8481,5.8509,134.835,176.4181,-7.8048
1741944425.661,0.639,2.11,3.611,-0.45,2.5449,1.8498,5.8594,133.9207,176.6507,-12.0805
1741944425.741,0.666,2.108,3.584,-0.448,2.5335,1.8575,5.8588,132.5969,174.4833,-12.4312
1741944425.821,0.688,2.11,3.562,-0.45,2.5247,1.8438,5.8645,133.4536,173.3379,-10.1444
1741944425.9,0.708,2.109,3.542,-0.449,2.5098,1.8369,5.865,133.4486,173.0453,-10.5755
1741944425.98,0.722,2.109,3.528,-0.449,2.4999,1.8172,5.8688,133.7137,173.8836,-11.4141
1741944426.06,0.722,2.109,3.528,-0.449,2.4868,1.8081,5.868,133.4616,174.8502,-11.6381
1741944426.139,0.746,2.11,3.504,-0.45,2.4744,1.795,5.8699,134.3739,175.2021,-11.489
1741944426.219,0.768,2.111,3.482,-0.451,2.4608,1.78,5.8715,134.1887,174.3269,-10.8436
1741944426.299,0.787,2.11,3.463,-0.449,2.4486,1.7713,5.8704,135.1207,174.6826,-11.8396
1741944426.378,0.812,2.11,3.438,-0.45,2.435,1.7579,5.8698,134.5111,173.9574,-12.4054
1741944426.458,0.812,2.109,3.438,-0.449,2.4243,1.7506,5.871,134.09,175.1637,-12.6415
1741944426.537,0.835,2.111,3.415,-0.45,2.4107,1.7282,5.8723,135.0642,174.1316,-10.2202
1741944426.617,0.858,2.113,3.392,-0.453,2.4023,1.708,5.8754,134.2205,175.4862,-9.3048
1741944426.697,0.878,2.111,3.372,-0.451,2.3953,1.6942,5.8758,133.7132,176.5929,-9.5888
1741944426.776,0.894,2.111,3.356,-0.451,2.3829,1.6896,5.8746,133.5472,176.5475,-9.4829
1741944426.856,0.894,2.11,3.356,-0.45,2.3626,1.6637,5.8747,134.1363,172.9472,-6.8703
1741944426.936,0.915,2.111,3.335,-0.451,2.344,1.652,5.8755,133.8635,172.3915,-8.7774
1741944427.016,0.939,2.111,3.311,-0.451,2.3311,1.636,5.8761,133.6698,173.0683,-9.0547
1741944427.095,0.966,2.113,3.284,-0.453,2.3205,1.621,5.8761,133.4617,174.0559,-8.7515
1741944427.175,0.985,2.113,3.265,-0.453,2.3095,1.6133,5.8761,133.5871,175.038,-9.8059
1741944427.254,0.985,2.11,3.265,-0.45,2.3013,1.5994,5.8769,133.3517,175.7615,-10.7344
1741944427.334,1.006,2.11,3.244,-0.45,2.2872,1.5848,5.8752,132.9743,174.262,-9.9371
1741944427.414,1.031,2.111,3.219,-0.451,2.2721,1.5671,5.8752,133.1166,172.2487,-8.4353
1741944427.493,1.051,2.11,3.199,-0.45,2.2608,1.5547,5.8741,133.3361,173.5274,-8.6371
1741944427.573,1.072,2.11,3.178,-0.45,2.2505,1.5402,5.8726,133.4624,174.8929,-8.6695
1741944427.653,1.072,2.111,3.178,-0.451,2.2389,1.5291,5.8707,133.2237,174.9886,-9.4199
1741944427.732,1.093,2.111,3.157,-0.451,2.2322,1.5167,5.8712,133.24,176.5117,-8.5873
1741944427.812,1.116,2.111,3.134,-0.451,2.2288,1.5028,5.8726,132.9257,177.7933,-7.9839
1741944427.892,1.135,2.107,3.115,-0.446,2.2216,1.4956,5.8733,131.9959,179.2355,-9.0639
1741944427.971,1.155,2.107,3.095,-0.446,2.2111,1.4828,5.8749,132.1921,178.9279,-8.3198
1741944428.051,1.155,2.107,3.095,-0.447,2.1985,1.4693,5.876,132.9777,178.9183,-9.7042
1741944428.131,1.174,2.107,3.078,-0.444,2.1711,1.4648,5.8726,130.2227,172.4326,-12.7799
1741944428.21,1.197,2.107,3.054,-0.446,2.1507,1.4501,5.8733,135.1951,171.227,-10.8625
1741944428.29,1.227,2.113,3.023,-0.453,2.136,1.4395,5.8722,134.391,172.608,-10.3062
1741944428.369,1.251,2.113,2.999,-0.453,2.1272,1.4239,5.8737,132.6193,173.5082,-8.2503
1741944428.449,1.251,2.114,2.999,-0.454,2.1209,1.4139,5.8733,132.3066,174.8049,-7.4769
1741944428.529,1.274,2.114,2.977,-0.453,2.118,1.4014,5.8753,131.5448,176.3724,-6.0376
1741944428.608,1.286,2.113,2.965,-0.451,2.1177,1.3909,5.8799,131.2938,178.0194,-5.7227
1741944428.688,1.294,2.111,2.957,-0.449,2.1119,1.3817,5.8802,131.253,178.2833,-7.0018
1741944428.768,1.3,2.111,2.951,-0.45,2.0962,1.366,5.882,131.4447,177.0104,-6.3446
1741944428.847,1.3,2.109,2.968,-0.42,2.0653,1.3553,5.8782,123.9275,173.9071,-10.0059
1741944428.927,1.317,2.112,2.937,-0.445,2.0506,1.3337,5.8799,128.9781,177.8209,-8.2946
1741944429.01,1.348,2.128,2.902,-0.468,2.0405,1.3195,5.8773,133.5711,-179.4574,-8.7017
1741944429.206,1.418,2.125,2.832,-0.464,2.014,1.2858,5.8803,131.9876,175.7838,-4.4769
1741944429.285,1.441,2.127,2.81,-0.466,2.0052,1.2801,5.8794,131.4661,175.3703,-5.3778
1741944429.365,1.441,2.127,2.81,-0.465,1.9931,1.2698,5.8803,131.2763,175.2001,-4.9881
1741944429.445,1.453,2.127,2.798,-0.465,1.9791,1.258,5.8806,131.0108,175.38,-5.0331
1741944429.524,1.466,2.127,2.786,-0.463,1.9626,1.2454,5.8797,130.1671,175.4166,-5.8473
1741944429.604,1.489,2.129,2.762,-0.467,1.954,1.2365,5.8761,131.2975,179.3115,-8.6191
1741944429.684,1.512,2.129,2.739,-0.467,1.9239,1.1628,5.8978,131.0289,178.4062,-4.4568
1741944429.763,1.512,2.129,2.74,-0.467,1.9006,1.1274,5.9099,130.7301,179.5195,-2.0027
1741944429.843,1.537,2.131,2.715,-0.469,1.8889,1.1161,5.9108,130.8674,179.4467,-3.2159
1741944429.922,1.557,2.131,2.694,-0.469,1.8807,1.1154,5.9079,131.1835,179.4127,-4.7537
1741944430.002,1.578,2.132,2.673,-0.471,1.8771,1.1238,5.899,131.3926,179.1745,-5.7113
1741944430.082,1.595,2.132,2.656,-0.471,1.8727,1.133,5.8878,131.4345,178.5902,-6.1854
1741944430.161,1.595,2.132,2.656,-0.471,1.8651,1.1375,5.8793,131.7393,178.42,-6.7638
1741944430.361,1.643,2.135,2.607,-0.474,1.8351,1.1311,5.8697,132.149,177.9812,-7.2072
1741944430.56,1.686,2.137,2.564,-0.477,1.8033,1.1007,5.8718,132.6184,177.8854,-5.7443
1741944430.759,1.729,2.139,2.522,-0.478,1.7702,1.0645,5.8731,131.92,177.8267,-5.2611
1741944430.838,1.748,2.141,2.503,-0.479,1.7581,1.0508,5.8748,131.3206,177.4673,-5.0333
1741944430.918,1.767,2.142,2.484,-0.481,1.7453,1.0372,5.8767,131.7821,177.7207,-5.0078
1741944430.998,1.789,2.14,2.462,-0.479,1.732,1.0246,5.8775,131.7552,177.9481,-5.3721
1741944431.077,1.81,2.14,2.441,-0.479,1.7207,1.0105,5.8788,132.1264,178.2187,-5.1778
1741944431.157,1.81,2.141,2.44,-0.481,1.7078,0.9987,5.879,132.2767,178.3378,-5.0621
1741944431.237,1.831,2.143,2.419,-0.483,1.696,0.9869,5.88,132.4719,178.227,-5.0053
1741944431.316,1.851,2.144,2.399,-0.484,1.6844,0.9741,5.8802,132.7164,178.5785,-4.4046
1741944431.396,1.877,2.143,2.373,-0.483,1.6731,0.9603,5.88,133.0145,178.5873,-4.5263
1741944431.476,1.895,2.143,2.355,-0.483,1.6622,0.9505,5.8791,133.1967,178.8533,-4.5498
1741944431.555,1.895,2.144,2.355,-0.484,1.6488,0.9398,5.8781,132.8823,178.6726,-4.8637
1741944431.635,1.914,2.145,2.336,-0.485,1.6372,0.9285,5.8777,133.0092,178.67,-4.9251
1741944431.715,1.934,2.138,2.316,-0.478,1.6266,0.9173,5.8775,133.2502,178.9862,-5.0387
1741944431.794,1.955,2.124,2.295,-0.464,1.6138,0.9058,5.8779,133.2537,178.6123,-5.1216
1741944431.874,1.977,2.124,2.273,-0.464,1.6027,0.8946,5.8778,133.5599,178.9473,-4.8432
1741944431.954,1.977,2.119,2.273,-0.459,1.5917,0.884,5.8778,133.7197,179.3641,-4.8188
1741944432.033,1.996,2.116,2.254,-0.456,1.5821,0.8733,5.8781,134.0472,179.4445,-4.7509
1741944432.113,2.016,2.121,2.234,-0.461,1.5721,0.8635,5.8782,134.0895,179.2588,-4.7715
1741944432.192,2.016,2.122,2.234,-0.462,1.5653,0.8576,5.8783,134.2801,179.1748,-4.5567
1741944432.272,2.054,2.122,2.196,-0.462,1.559,0.8523,5.878,134.233,179.2161,-4.6225
1741944432.352,2.054,2.119,2.196,-0.459,1.5531,0.8493,5.8769,133.096,178.872,-6.0533
1741944432.431,2.066,2.119,2.184,-0.459,1.5469,0.8429,5.8755,133.9521,179.2639,-5.923
1741944432.511,2.074,2.119,2.176,-0.459,1.5399,0.8358,5.8761,134.5525,179.6784,-5.7292
1741944432.591,2.087,2.122,2.164,-0.461,1.5331,0.8295,5.876,134.8659,-179.994,-5.6205
1741944432.67,2.099,2.122,2.151,-0.462,1.5219,0.7939,5.878,134.6077,-179.7698,-4.5165
1741944432.75,2.099,2.123,2.151,-0.463,1.5153,0.7928,5.8835,134.4247,-179.588,-1.886
1741944432.83,2.115,2.123,2.135,-0.463,1.5084,0.7945,5.8832,134.5438,-179.7259,-3.2257
1741944432.909,2.129,2.123,2.121,-0.463,1.5018,0.7942,5.8802,134.7323,-179.7615,-3.7902
1741944434.084,2.26,2.12,1.99,-0.46,1.4146,0.7,5.8761,134.5895,-179.4428,-3.8958
1741944434.164,2.272,2.12,1.978,-0.46,1.4091,0.6937,5.8758,134.0448,-179.4002,-3.5382
1741944434.243,2.272,2.116,1.978,-0.456,1.4023,0.6844,5.8766,133.4091,-179.339,-3.169
1741944434.323,2.283,2.117,1.967,-0.457,1.3963,0.6775,5.8767,132.9663,-179.2678,-3.0108
1741944434.403,2.298,2.116,1.952,-0.456,1.3903,0.6711,5.8767,132.4443,-179.1749,-3.0926
1741944434.482,2.31,2.121,1.941,-0.46,1.3837,0.6639,5.8776,132.1896,-179.2435,-2.9543
1741944434.562,2.32,2.121,1.931,-0.46,1.3768,0.6575,5.8784,132.1044,-179.2775,-2.6733
1741944434.642,2.32,2.123,1.931,-0.462,1.3695,0.6507,5.8788,132.0146,-179.2499,-2.489
1741944434.721,2.335,2.121,1.916,-0.46,1.3618,0.6433,5.8787,131.9018,-179.486,-2.2634
1741944434.801,2.344,2.123,1.907,-0.462,1.3543,0.6361,5.8782,131.7493,-179.6752,-2.3059
1741944434.881,2.355,2.126,1.896,-0.465,1.347,0.6287,5.8777,131.6948,-179.8821,-2.1269
1741944434.96,2.355,2.126,1.896,-0.465,1.3398,0.6227,5.8773,131.6396,179.9859,-2.0226
1741944435.04,2.364,2.126,1.887,-0.465,1.3338,0.6172,5.8773,131.6876,-179.8465,-2.2371
1741944435.119,2.38,2.127,1.871,-0.466,1.327,0.6115,5.8772,131.6757,-179.801,-2.167
1741944435.199,2.39,2.127,1.861,-0.466,1.3201,0.6053,5.8774,131.6304,-179.8268,-2.2328
1741944435.279,2.39,2.128,1.861,-0.467,1.3136,0.5997,5.8772,131.8184,-179.5384,-2.3044
1741944435.359,2.39,2.128,1.861,-0.467,1.3073,0.5935,5.8772,131.9168,-179.3702,-2.173
1741944435.438,2.411,2.128,1.84,-0.467,1.3005,0.5876,5.8765,131.881,-179.2144,-2.212
1741944435.518,2.42,2.128,1.831,-0.467,1.2936,0.5812,5.8764,132.0137,-179.2191,-2.1627
1741944435.597,2.435,2.128,1.816,-0.467,1.2868,0.5753,5.8761,132.0338,-179.2997,-2.0111
1741944435.677,2.45,2.129,1.801,-0.468,1.2788,0.5684,5.8757,131.9408,-179.3501,-1.9971
1741944435.757,2.45,2.129,1.801,-0.468,1.272,0.5628,5.8756,131.9316,-179.4065,-2.0483
1741944435.836,2.46,2.13,1.791,-0.469,1.2642,0.5567,5.8751,131.9069,-179.4335,-2.127
1741944435.916,2.47,2.13,1.781,-0.469,1.2566,0.5511,5.8747,131.7611,-179.3989,-2.2869
1741944435.996,2.48,2.132,1.771,-0.471,1.2492,0.5444,5.875,131.7483,-179.371,-2.1836
1741944436.075,2.494,2.133,1.757,-0.472,1.2424,0.5384,5.8747,131.8124,-179.2695,-2.2244
1741944436.155,2.494,2.133,1.757,-0.472,1.2352,0.5318,5.875,131.7416,-179.2815,-2.0495
1741944436.235,2.51,2.132,1.741,-0.471,1.2282,0.5248,5.875,131.6991,-179.2481,-1.8843
1741944436.314,2.521,2.132,1.73,-0.471,1.2206,0.5182,5.875,131.866,-179.2429,-1.9207
1741944436.394,2.528,2.134,1.723,-0.473,1.2133,0.5119,5.875,131.7083,-179.2354,-1.9738
1741944436.473,2.538,2.134,1.713,-0.473,1.2061,0.5049,5.8751,131.6146,-179.3112,-1.7998
1741944436.553,2.538,2.134,1.713,-0.473,1.1973,0.4981,5.8746,131.5409,-179.4135,-1.8368
1741944436.633,2.551,2.137,1.701,-0.476,1.189,0.4906,5.8745,131.5228,-179.475,-1.7709
1741944436.712,2.57,2.139,1.681,-0.478,1.1807,0.4835,5.8748,131.6505,-179.5356,-1.8296
1741944436.792,2.577,2.141,1.674,-0.48,1.173,0.4762,5.8739,131.6513,-179.515,-1.8204
1741944436.872,2.596,2.141,1.655,-0.48,1.1647,0.4689,5.8731,131.6085,-179.5595,-1.705
1741944436.951,2.596,2.141,1.655,-0.48,1.1567,0.4621,5.8738,131.6355,-179.535,-1.6507
1741944437.031,2.608,2.142,1.643,-0.481,1.1493,0.4552,5.8742,131.7005,-179.4115,-1.4816
1741944437.111,2.618,2.143,1.633,-0.482,1.1422,0.4485,5.8742,131.6796,-179.4068,-1.3438
1741944437.191,2.635,2.143,1.616,-0.482,1.1341,0.4417,5.8739,131.7891,-179.3847,-1.4046
1741944437.27,2.641,2.143,1.61,-0.482,1.1265,0.4345,5.8734,131.8049,-179.3825,-1.3505
1741944437.35,2.641,2.143,1.61,-0.482,1.1185,0.4277,5.8727,131.7301,-179.3769,-1.3477
1741944437.429,2.661,2.144,1.59,-0.483,1.1101,0.4206,5.872,131.7286,-179.4806,-1.4248
1741944437.509,2.668,2.145,1.583,-0.484,1.1023,0.414,5.8715,131.6838,-179.5349,-1.4667
1741944437.589,2.684,2.146,1.567,-0.485,1.0941,0.4075,5.8708,131.6697,-179.5367,-1.5055
1741944437.668,2.692,2.146,1.559,-0.485,1.0862,0.4009,5.8711,131.6586,-179.5911,-1.4476
1741944437.748,2.692,2.148,1.559,-0.487,1.079,0.3946,5.8719,131.6851,-179.5982,-1.3041
1741944437.828,2.71,2.148,1.541,-0.487,1.0718,0.3877,5.8732,131.6491,-179.5584,-1.09
1741944437.947,2.723,2.148,1.528,-0.487,1.0607,0.3774,5.8741,131.6329,-179.5983,-0.9729
1741944438.027,2.73,2.15,1.521,-0.489,1.0525,0.3696,5.8748,131.6593,-179.5368,-0.901
1741944438.106,2.741,2.15,1.511,-0.489,1.0439,0.3618,5.8736,131.6007,-179.614,-0.9095
1741944438.186,2.761,2.151,1.491,-0.49,1.0352,0.3544,5.872,131.5287,-179.6854,-1.0286
1741944438.266,2.774,2.151,1.478,-0.49,1.0276,0.3482,5.8722,131.4841,-179.7629,-1.0472
1741944438.345,2.774,2.152,1.478,-0.491,1.0203,0.3425,5.8729,131.4599,-179.7829,-1.1162
1741944438.425,2.786,2.154,1.466,-0.493,1.0129,0.3364,5.8733,131.4271,-179.7093,-1.1242
1741944438.505,2.796,2.155,1.456,-0.494,1.0056,0.3301,5.8731,131.4309,-179.7357,-1.0331
1741944438.584,2.814,2.158,1.438,-0.497,0.9981,0.3231,5.8726,131.4388,-179.6995,-0.9601
1741944438.664,2.823,2.158,1.429,-0.497,0.9914,0.3167,5.8729,131.5046,-179.5627,-0.9298
1741944438.744,2.823,2.158,1.429,-0.497,0.9836,0.3096,5.8734,131.5355,-179.484,-0.8417
1741944438.823,2.828,2.158,1.424,-0.497,0.9763,0.3033,5.8736,131.5212,-179.458,-0.8532
1741944438.903,2.841,2.16,1.411,-0.499,0.9682,0.2965,5.875,131.547,-179.4906,-0.8204
1741944438.982,2.854,2.162,1.398,-0.501,0.96,0.2888,5.8753,131.4926,-179.5301,-0.7041
1741944439.062,2.866,2.162,1.386,-0.501,0.9523,0.2818,5.8743,131.4549,-179.5748,-0.7035
1741944439.142,2.866,2.162,1.386,-0.501,0.9439,0.2746,5.8732,131.4218,-179.6417,-0.7557
1741944439.221,2.879,2.162,1.373,-0.501,0.936,0.2683,5.8724,131.4942,-179.6971,-0.8362
1741944439.301,2.894,2.164,1.357,-0.503,0.9284,0.2626,5.8722,131.6971,-179.7062,-0.8949
1741944439.381,2.904,2.163,1.347,-0.502,0.9215,0.2571,5.8723,131.9206,-179.6639,-0.8667
1741944439.46,2.915,2.163,1.336,-0.502,0.9142,0.2508,5.8725,132.1617,-179.5768,-0.8033
1741944439.54,2.915,2.165,1.336,-0.505,0.9072,0.2449,5.8733,132.3589,-179.6087,-0.7487
1741944439.62,2.927,2.165,1.323,-0.505,0.8997,0.2382,5.8737,132.616,-179.5529,-0.7001
1741944439.699,2.943,2.167,1.307,-0.507,0.8919,0.2312,5.8746,132.8748,-179.487,-0.6749
1741944439.779,2.948,2.166,1.302,-0.506,0.8833,0.2232,5.8742,133.0661,-179.5832,-0.5536
1741944439.859,2.967,2.166,1.283,-0.506,0.8757,0.2164,5.874,133.072,-179.6701,-0.6184
1741944439.938,2.967,2.166,1.283,-0.506,0.8676,0.209,5.8739,133.017,-179.7828,-0.5487
1741944440.018,2.974,2.166,1.276,-0.506,0.8603,0.2028,5.8742,133.0196,-179.8049,-0.6022
1741944440.098,2.992,2.168,1.258,-0.508,0.8536,0.197,5.8746,133.0641,-179.7901,-0.6026
1741944440.177,2.998,2.169,1.252,-0.509,0.8461,0.1899,5.8744,133.049,-179.7563,-0.508
1741944440.257,3.015,2.169,1.235,-0.509,0.8393,0.1829,5.8736,133.0729,-179.6964,-0.4103
1741944440.337,3.015,2.168,1.235,-0.508,0.8322,0.1758,5.8729,133.1299,-179.5896,-0.3861
1741944440.416,3.022,2.169,1.228,-0.509,0.8257,0.17,5.8725,133.1326,-179.597,-0.4214
1741944440.496,3.04,2.17,1.21,-0.51,0.819,0.1641,5.8722,133.1457,-179.5747,-0.4653
1741944440.575,3.043,2.17,1.207,-0.51,0.8119,0.1581,5.8717,133.1683,-179.5827,-0.6066
1741944440.655,3.043,2.17,1.207,-0.51,0.8042,0.1514,5.8713,133.1486,-179.6355,-0.6046
1741944440.735,3.054,2.17,1.196,-0.51,0.797,0.1451,5.8712,133.117,-179.661,-0.6379
1741944440.814,3.076,2.171,1.174,-0.511,0.7896,0.1391,5.8703,133.1231,-179.7086,-0.7104
1741944440.894,3.083,2.172,1.167,-0.512,0.7824,0.133,5.87,133.0765,-179.7213,-0.756
1741944440.974,3.095,2.171,1.155,-0.511,0.7758,0.1277,5.8695,133.0876,-179.7553,-0.7547
1741944441.053,3.095,2.171,1.155,-0.511,0.7686,0.1211,5.8696,133.2067,-179.6589,-0.5154
1741944441.133,3.107,2.171,1.143,-0.511,0.7622,0.1153,5.8693,133.1972,-179.6484,-0.4287
1741944441.213,3.125,2.172,1.125,-0.512,0.7557,0.109,5.8693,133.1827,-179.5989,-0.3802
1741944441.292,3.128,2.172,1.122,-0.512,0.749,0.1026,5.8698,133.3355,-179.6183,-0.3648
1741944441.372,3.144,2.174,1.106,-0.514,0.7416,0.0965,5.8696,133.8948,-179.5702,-0.392
1741944441.452,3.144,2.174,1.107,-0.514,0.7336,0.0895,5.8706,134.5452,-179.5617,-0.3702
1741944441.531,3.158,2.173,1.093,-0.512,0.7265,0.0828,5.8703,135.1487,-179.6031,-0.3595
1741944441.611,3.168,2.174,1.085,-0.512,0.719,0.0768,5.8697,135.7858,-179.6685,-0.4518
1741944441.69,3.182,2.177,1.072,-0.514,0.7121,0.0712,5.8698,136.3026,-179.8074,-0.4177
1741944441.77,3.188,2.177,1.068,-0.513,0.7046,0.0642,5.87,136.9797,-179.8785,-0.3234
1741944441.85,3.188,2.178,1.068,-0.514,0.6984,0.0577,5.8693,137.1425,-179.8427,-0.3866
1741944441.929,3.201,2.181,1.055,-0.517,0.6922,0.0512,5.8689,137.101,-179.826,-0.4991
1741944442.009,3.22,2.18,1.036,-0.516,0.6865,0.0451,5.8684,137.0581,-179.7805,-0.4905
1741944442.089,3.225,2.181,1.031,-0.517,0.6805,0.0387,5.8685,137.0931,-179.6316,-0.4621
1741944442.168,3.243,2.181,1.013,-0.517,0.6741,0.0318,5.8691,137.0844,-179.5727,-0.3651
1741944442.248,3.243,2.18,1.013,-0.516,0.6673,0.0238,5.8694,137.0415,-179.555,-0.1996
1741944442.328,3.248,2.177,1.008,-0.513,0.6608,0.0169,5.8695,137.0531,-179.5158,-0.2544
1741944442.407,3.266,2.177,0.99,-0.513,0.6544,0.0102,5.8692,137.0402,-179.5036,-0.2906
1741944442.487,3.273,2.179,0.983,-0.515,0.6473,0.0027,5.8692,136.9742,-179.5354,-0.3612
1741944442.567,3.286,2.179,0.97,-0.515,0.6406,-0.004,5.8686,136.9493,-179.6105,-0.4325
1741944442.646,3.286,2.177,0.97,-0.513,0.6343,-0.0107,5.8684,136.9194,-179.5449,-0.5144
1741944442.726,3.299,2.178,0.957,-0.514,0.6284,-0.017,5.8682,136.9587,-179.52,-0.5667
1741944442.806,3.305,2.177,0.953,-0.512,0.6214,-0.0238,5.8683,137.5472,-179.45,-0.6356
1741944442.885,3.317,2.177,0.944,-0.51,0.6149,-0.0302,5.8685,138.1873,-179.4092,-0.6041
1741944442.965,3.332,2.177,0.932,-0.508,0.6088,-0.0366,5.8686,138.7844,-179.3576,-0.5272
1741944443.044,3.332,2.179,0.935,-0.508,0.603,-0.0429,5.8692,139.3318,-179.3033,-0.5191
1741944443.124,3.352,2.181,0.919,-0.507,0.5971,-0.0489,5.8694,139.8858,-179.2567,-0.5438
1741944443.204,3.358,2.183,0.917,-0.507,0.5905,-0.0561,5.8701,140.5166,-179.2427,-0.5482
1741944443.283,3.374,2.186,0.906,-0.506,0.5833,-0.0639,5.8699,141.1774,-179.312,-0.5178
1741944443.363,3.393,2.186,0.892,-0.503,0.5767,-0.071,5.8688,141.7952,-179.4237,-0.5634
1741944443.443,3.393,2.188,0.898,-0.502,0.5704,-0.0778,5.8687,142.3892,-179.4444,-0.632
1741944443.522,3.414,2.192,0.878,-0.505,0.5643,-0.0856,5.8692,142.4484,-179.3691,-0.5933
1741944443.602,3.429,2.197,0.863,-0.51,0.5584,-0.093,5.87,142.4336,-179.4217,-0.6019
1741944443.682,3.441,2.196,0.85,-0.51,0.553,-0.1007,5.8703,142.3776,-179.39,-0.4683
1741944443.761,3.453,2.196,0.839,-0.509,0.5481,-0.1076,5.8706,142.4634,-179.3032,-0.4972
1741944443.841,3.453,2.193,0.84,-0.506,0.5424,-0.1158,5.8705,142.5506,-179.2886,-0.4312
1741944443.921,3.467,2.192,0.826,-0.505,0.5369,-0.1233,5.8703,142.5772,-179.274,-0.3576
1741944444.0,3.478,2.19,0.816,-0.503,0.5311,-0.1313,5.8703,142.583,-179.2275,-0.3797
1741944444.08,3.489,2.188,0.805,-0.501,0.525,-0.1392,5.8702,142.558,-179.2141,-0.4485
1741944444.159,3.507,2.188,0.787,-0.501,0.5188,-0.1474,5.8702,142.543,-179.2593,-0.4634
1741944444.239,3.507,2.187,0.785,-0.501,0.5124,-0.1491,5.8652,142.3957,-179.2097,-0.3965
1741944444.319,3.513,2.185,0.779,-0.499,0.5065,-0.1559,5.8646,142.3329,-179.2651,-0.2047
1741944444.398,3.527,2.183,0.765,-0.497,0.5013,-0.166,5.8677,142.3486,-179.3353,-0.077
1741944444.478,3.539,2.181,0.753,-0.495,0.4972,-0.1749,5.8696,142.3386,-179.2773,-0.0767
1741944444.558,3.547,2.181,0.744,-0.496,0.4944,-0.1829,5.8712,142.196,-179.0516,-0.1527
1741944444.637,3.547,0.413,0.746,1.252,0.4934,-0.1865,5.8717,142.4293,-178.8504,-0.144
1741944444.717,3.555,2.176,0.739,-0.489,0.4927,-0.1888,5.8719,142.4775,-178.5405,-0.0982
1741944444.797,3.563,2.176,0.732,-0.488,0.4914,-0.1921,5.8723,142.6333,-178.1618,0.0264
1741944444.876,3.562,2.18,0.734,-0.492,0.4883,-0.1989,5.8729,142.7366,-177.7614,0.3691
1741944444.956,3.574,2.18,0.73,-0.487,0.4818,-0.2083,5.8727,143.4536,-177.4592,0.6667
1741944447.983,3.726,2.16,0.577,-0.469,0.4029,-0.3085,5.8685,143.1491,-179.2817,0.1483
1741944448.062,3.726,2.16,0.571,-0.473,0.4002,-0.3129,5.8682,142.6041,-179.196,0.175
1741944448.142,3.726,2.156,0.558,-0.476,0.3942,-0.3193,5.868,141.2178,179.9043,-1.3869
1741944448.221,3.721,2.15,0.552,-0.477,0.3886,-0.3274,5.867,139.8153,179.8334,-0.8056
1741944448.301,3.723,2.143,0.545,-0.473,0.382,-0.3354,5.8656,139.1355,179.5375,-0.7937
1741944448.381,3.731,2.128,0.536,-0.458,0.3764,-0.3411,5.8647,138.9418,179.6076,-1.3958
1741944448.46,3.741,2.128,0.527,-0.458,0.371,-0.3467,5.865,139.0521,179.4752,-1.475
1741944448.54,3.741,2.125,0.528,-0.454,0.3659,-0.3534,5.8655,139.2668,179.8846,-1.0461
1741944448.62,3.746,2.137,0.524,-0.466,0.3609,-0.3601,5.8661,139.37,-179.9259,-0.801
1741944448.699,3.756,2.129,0.514,-0.457,0.356,-0.3669,5.8667,139.4628,-179.795,-0.5188
1741944448.779,3.765,2.129,0.506,-0.457,0.3516,-0.3728,5.8672,139.4999,-179.6642,-0.3644
1741944448.859,3.778,2.129,0.493,-0.457,0.3472,-0.3786,5.8676,139.519,-179.61,-0.2727
1741944448.938,3.778,2.128,0.492,-0.457,0.3433,-0.384,5.8682,139.4583,-179.5577,-0.2302
1741944449.018,3.785,2.126,0.482,-0.456,0.3408,-0.3881,5.8686,138.9425,-179.5406,-0.1776
1741944449.098,3.791,2.126,0.473,-0.458,0.3384,-0.3916,5.8684,138.4674,-179.5104,-0.1683
1741944449.177,3.796,2.123,0.465,-0.457,0.3361,-0.3953,5.8683,137.9222,-179.4771,-0.1723
1741944449.257,3.799,2.123,0.46,-0.458,0.3339,-0.3983,5.8683,137.3963,-179.5086,-0.1745
1741944449.337,3.799,2.119,0.459,-0.455,0.3313,-0.4017,5.8683,137.1292,-179.5136,-0.1921
1741944449.416,3.801,2.116,0.457,-0.452,0.3281,-0.4053,5.8681,137.1086,-179.5396,-0.1991
1741944449.496,3.805,2.113,0.453,-0.449,0.325,-0.4088,5.8681,137.1314,-179.5401,-0.1804
1741944449.576,3.81,2.114,0.448,-0.45,0.3218,-0.4123,5.868,137.132,-179.5326,-0.1745
1741944449.655,3.816,2.114,0.442,-0.45,0.3189,-0.4154,5.8682,137.1094,-179.5385,-0.1504
1741944449.735,3.816,2.114,0.442,-0.45,0.3166,-0.4177,5.8681,137.1075,-179.5162,-0.1294
1741944449.815,3.821,2.112,0.436,-0.448,0.3147,-0.42,5.8682,137.0902,-179.5297,-0.1229
1741944449.894,3.824,2.112,0.433,-0.448,0.3124,-0.4228,5.8683,137.0536,-179.5108,-0.179
1741944449.974,3.826,2.113,0.43,-0.45,0.3096,-0.4262,5.8683,136.7769,-179.4842,-0.2595
1741944450.053,3.832,2.113,0.423,-0.45,0.306,-0.4308,5.8684,136.3637,-179.507,-0.3004
1741944450.133,3.832,2.112,0.421,-0.45,0.3026,-0.4349,5.8685,135.9119,-179.4978,-0.2793
1741944450.213,3.839,2.108,0.413,-0.447,0.2997,-0.4386,5.8685,135.5304,-179.5095,-0.2618
1741944450.292,3.843,2.105,0.409,-0.444,0.2967,-0.4425,5.8686,135.1622,-179.5059,-0.2145
1741944450.372,3.849,2.107,0.402,-0.446,0.2941,-0.4454,5.8683,134.8291,-179.5143,-0.1906
1741944450.451,3.855,2.107,0.396,-0.447,0.2918,-0.448,5.8682,134.5528,-179.4908,-0.1833
1741944450.531,3.855,2.108,0.395,-0.448,0.2896,-0.4507,5.8681,134.2686,-179.5075,-0.1999
1741944450.611,3.857,2.106,0.393,-0.446,0.2872,-0.4539,5.8683,133.9245,-179.4476,-0.1611
1741944450.69,3.863,2.102,0.387,-0.442,0.2845,-0.457,5.8683,133.5701,-179.4292,-0.1721
1741944450.77,3.867,2.094,0.383,-0.434,0.2814,-0.4606,5.8682,133.1342,-179.3823,-0.2032
1741944450.85,3.876,2.094,0.374,-0.434,0.2786,-0.4635,5.868,132.8125,-179.3587,-0.1913
1741944450.929,3.876,2.096,0.375,-0.436,0.2758,-0.4665,5.8679,132.5138,-179.416,-0.1748
1741944451.009,3.881,2.1,0.37,-0.44,0.2727,-0.4693,5.8678,132.2665,-179.4595,-0.1661
1741944451.089,3.888,2.104,0.363,-0.443,0.2697,-0.4721,5.8679,132.2209,-179.4965,-0.158
1741944451.169,3.894,2.105,0.357,-0.444,0.2663,-0.4752,5.8678,132.1485,-179.5167,-0.1997
1741944451.248,3.897,2.105,0.354,-0.444,0.263,-0.4779,5.8675,132.1752,-179.5518,-0.1594
1741944451.328,3.897,2.105,0.354,-0.444,0.2597,-0.481,5.8675,132.1159,-179.5429,-0.1424
1741944451.408,3.904,2.105,0.347,-0.444,0.2565,-0.4841,5.8677,132.0796,-179.5272,-0.1537
1741944451.487,3.909,2.105,0.342,-0.444,0.2533,-0.4871,5.868,132.0761,-179.5086,-0.1325
1741944451.567,3.914,2.105,0.337,-0.444,0.2501,-0.4899,5.868,132.1085,-179.5458,-0.1212
1741944451.646,3.914,2.105,0.337,-0.444,0.2466,-0.4934,5.8679,132.142,-179.519,-0.0792
1741944451.726,3.92,2.106,0.331,-0.445,0.2429,-0.4966,5.8679,132.097,-179.5381,-0.1269
1741944451.806,3.928,2.107,0.323,-0.446,0.2397,-0.4998,5.8681,132.1028,-179.4764,-0.102
1741944451.885,3.934,2.107,0.317,-0.446,0.2363,-0.5027,5.8679,132.0795,-179.4797,-0.0948
1741944451.965,3.938,2.106,0.313,-0.445,0.2327,-0.5057,5.8676,132.0571,-179.5045,-0.0745
1741944452.045,3.938,2.106,0.313,-0.445,0.2296,-0.5083,5.8676,132.175,-179.539,-0.0331
1741944452.124,3.943,2.106,0.308,-0.446,0.2264,-0.5108,5.8677,132.5797,-179.5051,-0.0409
1741944452.204,3.949,2.108,0.301,-0.448,0.2228,-0.5135,5.8678,133.1183,-179.5181,-0.0524
1741944452.284,3.95,2.107,0.3,-0.447,0.2198,-0.5163,5.8678,133.3371,-179.4559,-0.048
1741944452.363,3.956,2.098,0.294,-0.438,0.2161,-0.52,5.8679,133.3425,-179.446,-0.042
1741944452.443,3.956,2.098,0.294,-0.438,0.2125,-0.5234,5.8679,133.322,-179.4674,-0.0435
1741944452.522,3.963,2.098,0.287,-0.438,0.2094,-0.5263,5.868,133.3046,-179.4924,-0.0296
1741944452.602,3.969,2.098,0.281,-0.438,0.2083,-0.5271,5.8678,133.313,-179.5409,0.0134
1741944452.682,3.974,2.101,0.276,-0.441,0.2081,-0.5273,5.8678,133.2881,-179.5436,0.0208
1741944452.761,3.974,2.103,0.276,-0.443,0.208,-0.527,5.8678,133.3003,-179.5585,-0.0829
1741944452.841,3.974,2.103,0.276,-0.443,0.208,-0.527,5.8678,133.2811,-179.5684,-0.1016
1741944452.921,3.974,2.101,0.276,-0.441,0.208,-0.527,5.8678,133.287,-179.5895,-0.1174
1741944453.001,3.975,2.102,0.275,-0.442,0.208,-0.527,5.8678,133.2681,-179.5977,-0.1175
1741944453.08,3.975,2.101,0.275,-0.441,0.208,-0.5271,5.8678,133.2604,-179.5927,-0.1373
1741944453.16,3.975,2.101,0.275,-0.441,0.208,-0.5271,5.8678,133.2938,-179.5823,-0.1226
1741944453.239,3.975,2.101,0.275,-0.441,0.208,-0.527,5.8678,133.302,-179.5948,-0.1163
1741944453.319,3.975,2.102,0.275,-0.442,0.208,-0.527,5.8678,133.2874,-179.588,-0.1272
1741944453.399,3.975,2.102,0.275,-0.442,0.208,-0.527,5.8678,133.2861,-179.5763,-0.1305
1741944453.478,3.974,2.1,0.276,-0.44,0.208,-0.527,5.8678,133.3045,-179.5597,-0.1275
1741944453.558,3.975,2.101,0.275,-0.441,0.208,-0.5271,5.8678,133.3074,-179.5428,-0.1247
1741944453.638,3.975,2.101,0.275,-0.441,0.208,-0.5271,5.8678,133.2963,-179.5552,-0.1484
1741944453.717,3.975,2.102,0.275,-0.442,0.208,-0.5271,5.8678,133.2637,-179.5122,-0.1744
1741944453.797,3.975,2.101,0.275,-0.441,0.208,-0.5271,5.8678,133.2514,-179.4923,-0.1894
1741944453.876,3.974,2.101,0.276,-0.441,0.208,-0.5271,5.8678,133.2418,-179.4804,-0.1968
1741944453.956,3.974,2.102,0.276,-0.442,0.2079,-0.5271,5.8678,133.2396,-179.4736,-0.1976
1741944454.036,3.974,2.102,0.276,-0.442,0.2079,-0.5271,5.8678,133.2481,-179.4712,-0.1941
1741944454.115,3.975,2.1,0.275,-0.44,0.2079,-0.5271,5.8678,133.2456,-179.4793,-0.1937
1741944454.195,3.975,2.1,0.275,-0.44,0.2095,-0.5259,5.8677,133.2365,-179.4913,-0.0955
1741944454.275,3.974,2.1,0.276,-0.44,0.2138,-0.5218,5.8677,133.3368,-179.5233,-0.1108
1741944454.355,3.973,2.097,0.277,-0.437,0.2206,-0.5149,5.8678,133.3977,-179.5673,-0.0796
1741944454.434,3.973,2.097,0.277,-0.437,0.2282,-0.5078,5.8676,133.4822,-179.536,-0.1485
1741944454.514,3.959,2.099,0.291,-0.439,0.2364,-0.5,5.8678,133.52,-179.4595,-0.1201
1741944454.593,3.948,2.096,0.302,-0.436,0.2428,-0.4938,5.8681,133.5208,-179.4855,-0.1434
1741944454.673,3.933,2.097,0.317,-0.437,0.2481,-0.4886,5.8682,133.4782,-179.4507,-0.1879
1741944454.753,3.92,2.096,0.33,-0.436,0.2516,-0.4851,5.8681,133.5681,-179.5224,-0.1816
1741944454.832,3.92,2.096,0.33,-0.436,0.2549,-0.4822,5.8683,133.5734,-179.5065,-0.1889
1741944454.912,3.916,2.101,0.334,-0.441,0.2585,-0.4786,5.8682,133.6398,-179.5855,-0.1804
1741944454.991,3.91,2.098,0.34,-0.438,0.2624,-0.4747,5.8682,133.6608,-179.5639,-0.2202
1741944455.071,3.905,2.099,0.345,-0.439,0.2669,-0.4704,5.8682,133.7474,-179.5113,-0.3105
1741944455.151,3.894,2.1,0.356,-0.44,0.2687,-0.4685,5.868,133.8225,-179.4757,-0.3597
1741944455.231,3.894,2.1,0.356,-0.44,0.2689,-0.4683,5.8679,133.799,-179.505,-0.3544
1741944455.31,3.889,2.098,0.361,-0.438,0.2688,-0.4681,5.8679,133.8097,-179.512,-0.3192
1741944455.509,3.891,2.101,0.359,-0.441,0.2687,-0.468,5.8679,133.82,-179.5068,-0.3282
1741944455.708,3.892,2.101,0.358,-0.441,0.2687,-0.468,5.8679,133.8146,-179.5253,-0.3369
1741944455.788,3.889,2.102,0.361,-0.442,0.2687,-0.468,5.8679,133.8245,-179.5145,-0.3271
1741944455.868,3.892,2.102,0.358,-0.442,0.2687,-0.468,5.8679,133.8299,-179.5082,-0.3085
1741944455.947,3.889,2.101,0.361,-0.441,0.2687,-0.4681,5.8679,133.831,-179.5325,-0.3227
1741944456.027,3.889,2.101,0.361,-0.441,0.2687,-0.468,5.8679,133.8014,-179.4874,-0.3182
1741944456.107,3.892,2.1,0.358,-0.44,0.2687,-0.468,5.8679,133.8141,-179.4966,-0.3063
1741944456.188,3.889,2.102,0.361,-0.442,0.2687,-0.468,5.8679,133.8139,-179.4621,-0.3074
1741944456.266,3.889,2.102,0.361,-0.442,0.2687,-0.468,5.8679,133.8183,-179.4538,-0.3159
1741944456.346,3.892,2.1,0.358,-0.44,0.2687,-0.468,5.8678,133.8084,-179.4345,-0.3483
1741944456.425,3.892,2.1,0.358,-0.44,0.2687,-0.4681,5.8679,133.8159,-179.4222,-0.3477
1741944456.505,3.89,2.101,0.36,-0.441,0.2687,-0.4681,5.8679,133.8153,-179.4131,-0.359
1741944456.585,3.889,2.101,0.361,-0.441,0.2686,-0.468,5.8678,133.8274,-179.4118,-0.3712
1741944456.664,3.892,2.101,0.358,-0.441,0.2686,-0.468,5.8678,133.8384,-179.4145,-0.3729
1741944456.744,3.891,2.101,0.359,-0.441,0.2686,-0.468,5.8677,133.8541,-179.421,-0.3857
1741944456.823,3.891,2.101,0.359,-0.441,0.2686,-0.4679,5.8677,133.8662,-179.4416,-0.3817
1741944456.903,3.893,2.102,0.357,-0.442,0.2685,-0.4679,5.8676,133.8725,-179.4529,-0.3867
1741944456.983,3.893,2.102,0.357,-0.442,0.2685,-0.4679,5.8676,133.8812,-179.4524,-0.3953
1741944457.062,3.892,2.102,0.358,-0.442,0.2685,-0.4679,5.8675,133.8879,-179.4652,-0.4033
1741944457.142,3.892,2.101,0.358,-0.441,0.2685,-0.4678,5.8674,133.8919,-179.4477,-0.4037
1741944457.222,3.891,2.101,0.359,-0.441,0.2684,-0.4678,5.8674,133.8982,-179.4454,-0.3968
1741944457.301,3.892,2.101,0.358,-0.441,0.2684,-0.4678,5.8673,133.8999,-179.4441,-0.4012
1741944457.381,3.89,2.1,0.36,-0.44,0.2684,-0.4677,5.8673,133.9056,-179.4452,-0.4076
1741944457.461,3.89,2.101,0.36,-0.441,0.2683,-0.4677,5.8672,133.9081,-179.4439,-0.4021
1741944457.54,3.89,2.101,0.36,-0.441,0.2683,-0.4677,5.8672,133.907,-179.4572,-0.408
1741944457.62,3.889,2.101,0.361,-0.441,0.2683,-0.4676,5.8671,133.9098,-179.4475,-0.4167
1741944457.7,3.89,2.102,0.36,-0.442,0.2683,-0.4676,5.8671,133.9128,-179.45,-0.4163
1741944457.779,3.889,2.101,0.361,-0.441,0.2682,-0.4676,5.867,133.912,-179.4555,-0.4296
1741944457.859,3.891,2.102,0.359,-0.442,0.2682,-0.4675,5.867,133.9117,-179.4543,-0.4215
1741944457.939,3.891,2.101,0.359,-0.441,0.2682,-0.4675,5.8669,133.9162,-179.4445,-0.414
1741944458.018,3.89,2.101,0.36,-0.441,0.2682,-0.4675,5.8669,133.922,-179.4468,-0.4233
1741944458.098,3.892,2.101,0.358,-0.441,0.2681,-0.4675,5.8668,133.923,-179.4479,-0.4172
1741944458.177,3.889,2.101,0.361,-0.441,0.2681,-0.4674,5.8668,133.9205,-179.458,-0.423
1741944458.257,3.89,2.102,0.36,-0.442,0.2681,-0.4674,5.8667,133.9215,-179.4619,-0.4218
1741944458.337,3.89,2.101,0.36,-0.441,0.2681,-0.4674,5.8667,133.9219,-179.4585,-0.4165
1741944458.416,3.893,2.101,0.357,-0.441,0.2681,-0.4673,5.8666,133.9227,-179.4561,-0.4056
1741944458.496,3.892,2.102,0.358,-0.442,0.268,-0.4673,5.8666,133.9252,-179.4429,-0.4069
1741944458.576,3.892,2.102,0.358,-0.442,0.268,-0.4673,5.8666,133.924,-179.4486,-0.407
1741944458.655,3.891,2.102,0.359,-0.442,0.268,-0.4673,5.8665,133.9174,-179.4495,-0.4088
1741944458.735,3.891,2.102,0.359,-0.442,0.268,-0.4672,5.8665,133.9172,-179.4499,-0.4097
1741944458.815,3.89,2.102,0.36,-0.442,0.268,-0.4672,5.8664,133.9222,-179.4551,-0.4257
1741944458.894,3.891,2.102,0.359,-0.442,0.2679,-0.4672,5.8664,133.9213,-179.4511,-0.4252
1741944458.974,3.892,2.101,0.358,-0.441,0.2679,-0.4672,5.8663,133.9186,-179.4512,-0.4218
1741944459.054,3.894,2.1,0.356,-0.44,0.2679,-0.4671,5.8663,133.9172,-179.4558,-0.4343
1741944459.133,3.894,2.101,0.356,-0.441,0.2679,-0.4671,5.8663,133.9141,-179.4504,-0.4216
1741944459.213,3.892,2.101,0.358,-0.441,0.2679,-0.4671,5.8662,133.9132,-179.4535,-0.4316
1741944459.293,3.889,2.1,0.361,-0.44,0.2679,-0.4671,5.8662,133.9139,-179.455,-0.436
1741944459.372,3.89,2.101,0.36,-0.441,0.2678,-0.467,5.8662,133.9151,-179.4595,-0.444
1741944459.452,3.892,2.101,0.358,-0.441,0.2678,-0.467,5.8661,133.9124,-179.4526,-0.4289
1741944459.532,3.892,2.102,0.358,-0.442,0.2678,-0.467,5.8661,133.9097,-179.4531,-0.431
1741944459.611,3.891,2.102,0.359,-0.442,0.2678,-0.467,5.866,133.9067,-179.4536,-0.4382
1741944459.691,3.892,2.1,0.358,-0.44,0.2678,-0.467,5.866,133.9122,-179.459,-0.4293
1741944459.77,3.889,2.101,0.361,-0.441,0.2678,-0.4669,5.866,133.9131,-179.4573,-0.4161
1741944459.85,3.893,2.102,0.357,-0.442,0.2677,-0.4669,5.8659,133.9123,-179.4558,-0.4185
1741944459.93,3.893,2.1,0.357,-0.44,0.2677,-0.4669,5.8659,133.9112,-179.4565,-0.4211
1741944460.009,3.892,2.1,0.358,-0.44,0.2677,-0.4669,5.8659,133.9157,-179.4426,-0.4127
1741944460.089,3.891,2.102,0.359,-0.442,0.2677,-0.4669,5.8658,133.9143,-179.4466,-0.4205
1741944460.169,3.887,2.1,0.363,-0.44,0.2677,-0.4668,5.8658,133.913,-179.4577,-0.4291
1741944460.248,3.89,2.102,0.36,-0.442,0.2677,-0.4668,5.8658,133.9138,-179.4575,-0.4329
1741944460.328,3.89,2.101,0.36,-0.441,0.2677,-0.4668,5.8657,133.9163,-179.4516,-0.4323
1741944460.407,3.892,2.101,0.358,-0.441,0.2676,-0.4668,5.8657,133.9139,-179.449,-0.425
1741944460.487,3.891,2.101,0.359,-0.441,0.2676,-0.4668,5.8657,133.9124,-179.443,-0.4135
1741944460.567,3.892,2.1,0.358,-0.44,0.2676,-0.4667,5.8657,133.9139,-179.434,-0.417
1741944460.647,3.893,2.102,0.357,-0.442,0.2676,-0.4667,5.8656,133.9108,-179.4409,-0.4092
1741944460.726,3.893,2.101,0.357,-0.441,0.2676,-0.4667,5.8656,133.9084,-179.4561,-0.4101
1741944460.806,3.892,2.101,0.358,-0.441,0.2676,-0.4667,5.8656,133.9103,-179.4449,-0.4087
1741944460.886,3.889,2.101,0.361,-0.441,0.2676,-0.4667,5.8656,133.9099,-179.438,-0.3993
1741944460.965,3.89,2.101,0.36,-0.441,0.2676,-0.4666,5.8655,133.9123,-179.4352,-0.4089
1741944461.045,3.89,2.102,0.36,-0.442,0.2675,-0.4666,5.8655,133.9098,-179.4327,-0.3926
1741944461.124,3.89,2.101,0.36,-0.441,0.2675,-0.4666,5.8655,133.9094,-179.4314,-0.4
1741944475.142,4.102,2.896,0.148,-1.236,-0.4458,-0.0417,5.8691,132.9647,-179.5135,-0.0553
1741944475.222,4.102,2.903,0.148,-1.243,-0.4458,-0.0417,5.8691,132.9672,-179.5133,-0.0462
1741944475.302,4.104,2.896,0.146,-1.236,-0.4458,-0.0417,5.8691,132.9701,-179.5236,-0.072
1741944475.381,4.104,2.902,0.146,-1.242,-0.4458,-0.0417,5.8691,132.9703,-179.5246,-0.0758
1741944475.461,4.104,2.902,0.146,-1.242,-0.4458,-0.0417,5.8691,132.9688,-179.5189,-0.0561
1741944475.541,4.104,2.902,0.146,-1.242,-0.4458,-0.0417,5.8691,132.9695,-179.5343,-0.0695
1741944475.62,4.104,2.895,0.146,-1.235,-0.4458,-0.0417,5.8691,132.9673,-179.545,-0.0814
1741944475.7,4.103,2.903,0.147,-1.243,-0.4458,-0.0417,5.8691,132.9687,-179.5238,-0.079
1741944475.78,4.104,2.903,0.146,-1.243,-0.4458,-0.0417,5.8691,132.9718,-179.5195,-0.087
1741944475.859,4.104,2.903,0.146,-1.243,-0.4458,-0.0417,5.8691,132.9697,-179.5139,-0.081
1741944475.939,4.103,2.896,0.147,-1.236,-0.4458,-0.0417,5.8691,132.9723,-179.526,-0.0784
1741944476.019,4.103,2.902,0.147,-1.242,-0.4458,-0.0417,5.8691,132.9721,-179.5204,-0.0599
1741944476.098,4.102,2.902,0.148,-1.242,-0.4458,-0.0417,5.8691,132.9721,-179.5126,-0.0655
1741944476.178,4.103,2.903,0.147,-1.243,-0.4458,-0.0417,5.8691,132.9671,-179.5294,-0.0571
1741944476.257,4.104,2.903,0.146,-1.243,-0.4458,-0.0417,5.8691,132.9658,-179.5196,-0.0491
1741944476.337,4.103,2.902,0.147,-1.242,-0.4458,-0.0417,5.8691,132.9667,-179.5158,-0.0598
1741944476.417,4.103,2.902,0.147,-1.242,-0.4458,-0.0417,5.8691,132.966,-179.5198,-0.056
1741944476.496,4.104,2.903,0.146,-1.243,-0.4458,-0.0417,5.8691,132.9662,-179.5223,-0.0721
1741944476.576,4.105,2.902,0.145,-1.242,-0.4458,-0.0417,5.8691,132.9671,-179.5175,-0.0817
1741944476.656,4.104,2.902,0.146,-1.242,-0.4458,-0.0417,5.8691,132.9675,-179.519,-0.0825
1741944476.735,4.103,2.896,0.147,-1.236,-0.4458,-0.0417,5.8691,132.9668,-179.5208,-0.0719
1741944476.815,4.103,2.903,0.147,-1.243,-0.4458,-0.0417,5.8691,132.967,-179.4906,-0.0549
1741944476.895,4.104,2.895,0.146,-1.235,-0.4458,-0.0417,5.8691,132.9685,-179.4981,-0.0485
1741944476.974,4.102,2.903,0.148,-1.243,-0.4458,-0.0417,5.8691,132.9695,-179.5216,-0.056
1741944477.054,4.104,2.903,0.146,-1.243,-0.4458,-0.0417,5.8691,132.9719,-179.514,-0.0657
1741944477.134,4.104,2.903,0.146,-1.243,-0.4458,-0.0417,5.8691,132.9676,-179.5177,-0.0592
1741944477.213,4.104,2.895,0.146,-1.235,-0.4458,-0.0417,5.8691,132.9694,-179.5269,-0.0583
1741944477.293,4.103,2.895,0.147,-1.235,-0.4458,-0.0417,5.8691,132.9679,-179.526,-0.0693
1741944477.373,4.104,2.903,0.146,-1.243,-0.4458,-0.0416,5.8691,132.9568,-179.5949,-0.0248
1741944477.452,4.104,2.903,0.146,-1.243,-0.4451,-0.0411,5.8691,132.9597,-179.4921,-0.0007
1741944477.532,4.102,2.902,0.148,-1.242,-0.4435,-0.04,5.8691,132.8699,-179.4581,0.0578
1741944477.612,4.102,2.895,0.148,-1.235,-0.4401,-0.0369,5.8693,132.8694,-179.4553,0.0954
1741944477.691,4.1,2.903,0.15,-1.243,-0.4346,-0.0321,5.8694,132.8817,-179.4455,0.1178
1741944477.771,4.092,2.902,0.158,-1.242,-0.4277,-0.0258,5.8694,132.9092,-179.422,0.1352
1741944477.851,4.084,2.902,0.166,-1.242,-0.4204,-0.0187,5.8695,132.9744,-179.3613,0.0218
1741944477.93,4.071,2.901,0.179,-1.241,-0.4125,-0.0114,5.87,133.0325,-179.2722,-0.0458
1741944478.01,4.071,2.895,0.179,-1.235,-0.4054,-0.0044,5.8701,133.0743,-179.2787,-0.0345
1741944478.089,4.06,2.893,0.19,-1.233,-0.3995,0.0017,5.8699,133.0425,-179.3725,-0.0454
1741944478.169,4.046,2.897,0.204,-1.237,-0.393,0.008,5.8698,132.9964,-179.446,0.0241
1741944478.249,4.034,2.897,0.216,-1.237,-0.3867,0.0135,5.8697,133.005,-179.4359,0.0747
1741944478.328,4.024,2.899,0.226,-1.239,-0.3805,0.0192,5.8698,133.0363,-179.3876,0.0841
1741944478.408,4.024,2.9,0.226,-1.24,-0.3742,0.0253,5.8699,132.9715,-179.3757,0.0355
1741944478.488,4.014,2.9,0.236,-1.24,-0.3678,0.0309,5.8699,132.9114,-179.3026,0.0258
1741944478.567,4.003,2.902,0.247,-1.242,-0.361,0.0369,5.8699,132.8234,-179.2674,0.0458
1741944478.647,3.991,2.902,0.259,-1.242,-0.3549,0.0423,5.8699,132.8001,-179.2333,0.0587
1741944478.727,3.977,2.898,0.273,-1.238,-0.349,0.048,5.8698,132.776,-179.1762,-0.037
1741944478.806,3.977,2.889,0.273,-1.229,-0.3421,0.0545,5.8696,132.7988,-179.1193,-0.0762
1741944478.886,3.97,2.891,0.281,-1.231,-0.3358,0.0587,5.8699,132.4828,-179.1728,0.4482
1741944478.966,3.958,2.896,0.293,-1.236,-0.3347,0.0609,5.8703,132.5274,-179.8599,0.7647
1741944479.045,3.951,2.896,0.299,-1.236,-0.3328,0.0633,5.8708,132.6292,179.5731,1.1428
1741944479.125,3.95,2.894,0.3,-1.234,-0.3281,0.0685,5.8713,132.8911,179.038,1.4563
1741944479.205,3.95,2.13,0.3,-0.47,-0.32,0.0764,5.8715,133.1763,178.9661,1.5639
1741944479.284,3.947,2.064,0.303,-0.404,-0.3084,0.0882,5.8717,133.2905,178.873,1.5063
1741944479.366,3.93,2.026,0.32,-0.366,-0.2904,0.105,5.8697,134.3343,-178.1874,-0.9483
1741944479.444,3.909,2.026,0.341,-0.366,-0.273,0.1223,5.8689,133.8538,-177.05,-1.5985
1741944479.523,3.909,2.004,0.341,-0.344,-0.2591,0.1366,5.8697,134.4045,-177.361,-1.4009
1741944479.603,3.873,1.982,0.378,-0.322,-0.2461,0.1497,5.8701,134.6821,-177.9553,-1.0157
1741944479.682,3.843,1.951,0.408,-0.29,-0.2341,0.1621,5.871,134.9444,-177.6211,-1.8402
1741944479.762,3.821,1.951,0.43,-0.29,-0.2246,0.1721,5.8714,134.9943,-177.392,-2.1534
1741944479.842,3.798,1.915,0.454,-0.254,-0.2127,0.1842,5.8711,135.1203,-177.3758,-2.1227
1741944479.921,3.798,1.888,0.454,-0.227,-0.1995,0.1974,5.8701,135.3737,-177.6867,-1.7797
1741944480.001,3.779,1.894,0.473,-0.233,-0.1877,0.2112,5.869,135.4078,179.117,2.1753
1741944480.083,3.758,1.896,0.495,-0.235,-0.1745,0.2258,5.8692,135.6155,179.6299,1.7879
1741944480.16,3.732,1.896,0.52,-0.235,-0.1652,0.2387,5.8703,135.2223,179.9876,0.5497
1741944480.24,3.705,1.878,0.547,-0.217,-0.1631,0.2442,5.8716,135.1717,179.937,-0.8887
1741944480.32,3.705,1.914,0.546,-0.254,-0.1627,0.2464,5.872,134.6185,179.7588,-1.244
1741944480.399,3.692,1.927,0.558,-0.267,-0.1643,0.2514,5.8731,134.1056,178.3978,-1.7664
1741944480.479,3.689,1.997,0.562,-0.337,-0.156,0.2629,5.874,134.7563,178.0262,-2.4469
1741944480.558,3.687,1.997,0.565,-0.336,-0.138,0.2824,5.874,135.3377,177.8163,-2.522
1741944480.638,3.665,2.193,0.589,-0.53,-0.1134,0.2985,5.8708,136.3217,178.711,-1.0537
1741944480.718,3.665,2.925,0.592,-1.259,-0.0885,0.3144,5.8674,137.0468,-176.3,-0.6345
1741944480.797,3.631,2.911,0.622,-1.249,-0.0736,0.3311,5.8657,135.7455,-177.9775,0.5755
1741944480.877,3.594,2.906,0.661,-1.242,-0.0618,0.3452,5.8671,136.5366,-178.2451,0.1388
1741944480.957,3.565,2.906,0.692,-1.241,-0.0543,0.3546,5.8685,137.0066,-178.5247,0.0301
1741944481.036,3.548,2.909,0.71,-1.243,-0.0483,0.3624,5.8693,137.3235,-178.7243,-0.0062
1741944481.116,3.548,2.906,0.711,-1.239,-0.04,0.3728,5.8698,137.5994,-179.0064,0.05
1741944481.196,3.54,2.912,0.72,-1.244,-0.0298,0.3848,5.8701,137.8762,-179.1663,0.1428
1741944481.275,3.525,2.914,0.737,-1.244,-0.018,0.3982,5.8695,138.1528,-179.1702,0.2626
1741944481.355,3.504,2.914,0.759,-1.243,-0.0062,0.4115,5.8691,138.4083,-179.1124,0.3212
1741944481.435,3.483,2.917,0.781,-1.245,0.0051,0.4246,5.8686,138.6771,-179.069,0.3363
1741944481.514,3.483,2.913,0.782,-1.241,0.0161,0.4383,5.8685,138.8054,-179.1029,0.1739
1741944481.594,3.461,2.923,0.805,-1.25,0.0263,0.4514,5.8683,138.9597,-179.2921,0.1044
1741944481.673,3.443,2.916,0.823,-1.242,0.0363,0.4634,5.8683,139.106,-179.4057,0.1725
1741944481.753,3.419,2.916,0.848,-1.242,0.0471,0.4765,5.8688,139.158,-179.4253,0.1796
1741944481.833,3.404,2.919,0.864,-1.244,0.0591,0.4902,5.8689,139.3506,-179.3484,0.2719
1741944481.912,3.404,2.928,0.865,-1.252,0.0695,0.502,5.8694,139.5456,-179.1952,0.298
1741944481.992,3.379,2.93,0.892,-1.251,0.0755,0.5124,5.8707,139.9621,179.7039,0.8025
1741944482.072,3.361,2.928,0.91,-1.25,0.082,0.5185,5.8709,139.9098,179.2008,1.876
1741944482.151,3.354,2.928,0.916,-1.25,0.0904,0.5286,5.8704,139.7989,179.1671,2.1326
1741944482.231,3.343,2.935,0.927,-1.258,0.1008,0.5418,5.8701,139.7227,179.1404,2.093
1741944482.311,3.343,2.936,0.918,-1.266,0.1176,0.56,5.8679,138.2409,-179.3452,0.5094
1741944482.39,3.326,2.937,0.934,-1.269,0.1304,0.5754,5.8668,137.8531,-179.0101,-0.3067
1741944482.47,3.283,2.929,0.978,-1.259,0.1414,0.5885,5.8674,138.2572,-179.2025,-0.1312
1741944482.55,3.259,2.929,1.004,-1.258,0.1503,0.5995,5.8678,138.5239,-179.3138,-0.0301
1741944482.629,3.244,2.935,1.02,-1.263,0.1577,0.6087,5.868,138.7841,-179.3799,0.0797
1741944482.709,3.244,2.932,1.017,-1.262,0.1634,0.619,5.8688,138.1312,-179.6903,-0.4009
1741944482.789,3.229,2.942,1.032,-1.272,0.1713,0.6263,5.8705,138.1459,-178.8723,-1.1467
1741944482.868,3.214,2.935,1.046,-1.266,0.1804,0.6339,5.8713,138.062,-178.0591,-1.3967
1741944482.948,3.195,2.935,1.062,-1.268,0.1925,0.6455,5.8713,137.3627,-177.9858,-1.461
1741944483.027,3.184,2.933,1.072,-1.267,0.2059,0.6582,5.8703,137.086,-178.2,-0.9613
1741944483.107,3.184,2.931,1.08,-1.258,0.2187,0.6711,5.8669,138.9532,178.2865,2.561
1741944483.187,3.15,2.927,1.113,-1.255,0.227,0.6831,5.8677,138.6781,179.3276,2.2584
1741944483.267,3.127,2.929,1.14,-1.253,0.2337,0.6878,5.8697,139.4452,-179.8736,2.6869
1741944483.346,3.118,2.929,1.144,-1.258,0.2412,0.695,5.8705,138.5335,179.8599,2.8964
1741944483.426,3.105,2.929,1.155,-1.259,0.2491,0.7053,5.8713,138.1966,179.3274,2.5365
1741944484.72,2.829,2.935,1.424,-1.272,0.4519,0.9014,5.875,135.926,-179.7747,1.4624
1741944484.8,2.829,2.929,1.424,-1.266,0.4653,0.9188,5.875,136.1049,-179.7594,0.9202
1741944484.879,2.81,2.931,1.444,-1.267,0.4787,0.9373,5.8743,136.3743,-179.7042,0.8093
1741944484.959,2.784,2.94,1.47,-1.276,0.4913,0.9535,5.8737,136.6372,-179.5685,0.7692
1741944485.039,2.761,2.94,1.494,-1.274,0.5045,0.97,5.873,137.0529,-179.4134,0.9854
1741944485.118,2.761,2.941,1.495,-1.275,0.5161,0.9842,5.8729,137.1856,-179.4683,0.8224
1741944485.198,2.738,2.941,1.519,-1.274,0.5272,0.9976,5.8733,137.4976,-179.4661,0.7954
1741944485.277,2.715,2.94,1.544,-1.271,0.5395,1.0106,5.8739,138.0488,-179.4119,0.6366
1741944485.357,2.694,2.94,1.566,-1.269,0.5518,1.0229,5.8737,138.4214,-179.2827,0.862
1741944485.437,2.673,2.941,1.588,-1.269,0.5659,1.0357,5.8736,138.7343,-179.0778,0.8331
1741944485.517,2.673,2.942,1.589,-1.269,0.5781,1.0485,5.8733,138.8799,-179.0726,0.5552
1741944485.596,2.645,2.942,1.618,-1.268,0.591,1.0623,5.8729,139.1686,-179.0474,0.4275
1741944485.676,2.623,2.943,1.641,-1.268,0.6031,1.076,5.8727,139.3291,-179.1225,0.2229
1741944485.755,2.605,2.943,1.66,-1.266,0.6148,1.0882,5.8729,139.726,-179.1166,0.2139
1741944485.835,2.58,2.945,1.686,-1.267,0.6274,1.101,5.8734,139.9116,-179.0907,0.2211
1741944485.915,2.58,2.946,1.689,-1.265,0.6408,1.1167,5.8739,140.4221,-178.9236,-0.2731
1741944485.994,2.558,2.946,1.712,-1.263,0.6521,1.1293,5.8745,140.6968,-178.8755,-0.1594
1741944486.074,2.536,2.946,1.737,-1.259,0.6638,1.1427,5.8746,141.2189,-178.697,-0.2421
1741944486.154,2.52,2.946,1.756,-1.255,0.6763,1.1576,5.8751,141.7641,-178.8054,-0.4298
1741944486.233,2.499,2.946,1.778,-1.254,0.6881,1.1714,5.875,141.9732,-178.8641,-0.5241
1741944486.313,2.499,2.949,1.78,-1.254,0.7016,1.1872,5.8753,142.3015,-178.8049,-0.9751
1741944486.393,2.476,2.946,1.803,-1.252,0.7138,1.2008,5.8759,142.241,-178.8532,-1.1793
1741944486.472,2.448,2.947,1.832,-1.251,0.7255,1.216,5.876,142.4382,-178.7419,-1.6398
1741944486.552,2.427,2.947,1.852,-1.252,0.7372,1.232,5.8764,142.3623,-178.8341,-2.0824
1741944486.631,2.406,2.953,1.874,-1.256,0.7487,1.2485,5.876,142.5434,-178.8984,-2.5223
1741944486.711,2.406,2.955,1.875,-1.257,0.7605,1.2641,5.8754,142.6491,-178.9315,-2.7619
1741944486.791,2.386,2.951,1.893,-1.255,0.773,1.2781,5.875,142.4538,-178.8727,-2.9486
1741944486.871,2.366,2.96,1.916,-1.26,0.7853,1.2922,5.8756,142.9077,-178.7025,-3.7561
1741944486.95,2.34,2.96,1.939,-1.264,0.7976,1.3085,5.8754,142.4804,-178.6207,-3.9823
1741944487.03,2.32,2.954,1.958,-1.259,0.8097,1.3244,5.8753,142.3537,-178.5781,-4.2119
1741944487.109,2.32,2.958,1.965,-1.254,0.8218,1.3435,5.8737,143.4229,-178.4935,-5.6251
1741944487.189,2.297,2.963,1.974,-1.276,0.8354,1.3586,5.8738,141.1747,-178.5073,-5.9889
1741944487.269,2.274,2.96,1.99,-1.282,0.8494,1.3704,5.8744,139.759,-178.5516,-6.38
1741944487.348,2.246,2.96,2.017,-1.284,0.8621,1.3914,5.8735,139.5521,-178.5771,-7.0854
1741944487.428,2.223,2.953,2.039,-1.278,0.8738,1.4047,5.8734,139.3698,-178.5923,-7.2698
1741944487.508,2.223,2.948,2.039,-1.273,0.8862,1.4204,5.8727,139.3746,-178.569,-7.6029
1741944487.587,2.202,2.953,2.051,-1.289,0.9018,1.3829,5.8873,136.6226,-178.308,-5.505
1741944487.667,2.179,2.955,2.077,-1.287,0.9138,1.4153,5.8842,137.6472,-178.4433,-6.9362
1741944487.747,2.159,2.955,2.098,-1.285,0.9257,1.4472,5.8791,138.226,-178.635,-7.3072
1741944487.826,2.134,2.955,2.126,-1.281,0.9372,1.4705,5.8746,139.0506,-178.8408,-7.8532
1741944487.906,2.134,2.95,2.128,-1.273,0.9487,1.4902,5.8719,139.6079,-178.6211,-8.2891
1741944487.986,2.108,2.951,2.155,-1.273,0.9611,1.4995,5.8718,139.834,-178.5524,-8.7292
1741944488.065,2.086,2.959,2.179,-1.278,0.9736,1.5214,5.8698,140.2752,-178.5098,-9.2085
1741944488.145,2.067,2.959,2.199,-1.276,0.9862,1.5308,5.8707,140.6215,-178.4212,-9.4692
1741944488.224,2.045,2.968,2.221,-1.285,0.9987,1.5567,5.8684,140.6683,-178.5122,-9.7131
1741944488.304,2.045,2.983,2.22,-1.3,1.0116,1.5739,5.8675,140.546,-178.5451,-9.7375
1741944488.384,2.02,2.983,2.238,-1.312,1.0259,1.5313,5.8834,138.4918,-178.3479,-8.4878
1741944488.463,1.996,2.984,2.263,-1.311,1.0367,1.5696,5.8794,138.8649,-178.6084,-9.3695
1741944488.543,1.976,2.984,2.285,-1.308,1.0478,1.6037,5.874,139.5122,-178.9474,-10.2316
1741944488.623,1.954,2.979,2.309,-1.3,1.059,1.6333,5.87,140.0558,-178.9375,-10.661
1741944488.702,1.954,2.985,2.31,-1.303,1.0708,1.6525,5.8684,140.3915,-179.1706,-11.4661
1741944488.782,1.932,2.988,2.335,-1.301,1.0811,1.6707,5.8664,141.187,-179.818,-12.7085
1741944488.862,1.911,2.982,2.356,-1.295,1.0948,1.6828,5.8647,141.1582,-179.526,-12.5604
1741944488.941,1.885,2.982,2.382,-1.295,1.1057,1.6991,5.8643,141.2098,-179.3905,-12.7969
1741944489.021,1.864,2.989,2.402,-1.303,1.1175,1.7148,5.8638,141.0764,-179.831,-13.1229
1741944489.101,1.864,2.991,2.402,-1.305,1.129,1.7317,5.8625,141.0653,179.3681,-13.6875
1741944489.18,1.841,2.987,2.425,-1.302,1.1395,1.7506,5.8626,140.9649,179.4187,-13.7126
1741944489.26,1.819,2.99,2.447,-1.304,1.1501,1.7684,5.8624,141.006,179.124,-14.6515
1741944489.34,1.797,2.99,2.469,-1.303,1.16,1.7831,5.862,141.261,178.811,-14.9892
1741944489.419,1.778,2.996,2.488,-1.309,1.1701,1.8025,5.8609,141.2246,178.4487,-15.2386
1741944489.499,1.778,2.991,2.488,-1.303,1.1818,1.8192,5.8609,141.2849,178.4281,-15.5006
1741944489.579,1.755,3.001,2.507,-1.321,1.1936,1.8282,5.8602,140.147,178.2582,-15.6997
1741944489.658,1.733,3.0,2.531,-1.316,1.2074,1.8422,5.8595,140.6979,178.6009,-16.0546
1741944489.738,1.711,3.0,2.552,-1.317,1.2179,1.8533,5.8591,140.6383,178.0514,-15.9825
1741944489.817,1.687,2.993,2.574,-1.314,1.2306,1.8714,5.8567,139.9919,177.838,-15.4039
1741944489.897,1.687,3.002,2.573,-1.324,1.2383,1.8877,5.8571,139.7794,177.567,-14.9137
1741944489.977,1.664,2.994,2.595,-1.318,1.2515,1.8945,5.8587,139.5146,177.3861,-14.5678
1741944490.056,1.641,2.998,2.617,-1.323,1.2618,1.9104,5.8573,139.2035,177.4738,-14.2529
1741944490.136,1.615,2.998,2.644,-1.321,1.2755,1.9178,5.8574,139.57,177.588,-15.7865
1741944490.216,1.615,3.0,2.644,-1.324,1.2837,1.9325,5.8591,139.3885,177.5647,-15.3862
1741944490.295,1.615,3.001,2.643,-1.326,1.2954,1.95,5.8575,139.2845,177.3234,-15.3398
1741944490.375,1.572,3.004,2.69,-1.321,1.3068,1.959,5.8562,140.5811,176.461,-16.1585
1741944490.455,1.551,3.009,2.705,-1.338,1.3177,1.7912,5.9058,138.3294,177.3884,-10.4682
1741944490.534,1.528,3.009,2.729,-1.336,1.3312,1.8423,5.8972,138.8819,177.8175,-13.8703
1741944490.614,1.528,3.006,2.729,-1.332,1.3446,1.8942,5.8871,139.098,177.5306,-14.576
1741944490.694,1.503,3.012,2.753,-1.339,1.3582,1.9513,5.8756,138.7812,177.3491,-15.9401
1741944490.773,1.484,3.017,2.777,-1.335,1.3636,1.9904,5.8686,140.404,176.1456,-15.7057
1741944490.853,1.461,3.017,2.802,-1.331,1.3692,2.0193,5.8648,141.0252,175.386,-14.756
1741944490.933,1.447,3.013,2.814,-1.329,1.3757,2.0407,5.8597,140.7131,174.947,-13.7385
1741944491.012,1.447,3.02,2.814,-1.338,1.3852,2.0622,5.8571,140.4162,174.9461,-13.0992
1741944491.092,1.438,3.028,2.823,-1.345,1.3952,2.0894,5.8547,140.5629,174.4481,-12.9877
1741944491.251,1.388,3.026,2.881,-1.324,1.4219,2.1171,5.8542,143.0143,175.3012,-11.665
1741944491.331,1.363,3.031,2.902,-1.337,1.4422,2.1326,5.8564,142.0739,177.22,-14.3212
1741944491.411,1.363,3.035,2.893,-1.362,1.4496,2.1494,5.8604,138.7829,175.2802,-16.5534
1741944491.49,1.331,3.028,2.924,-1.357,1.4549,2.1571,5.8633,138.4419,173.9277,-16.0755
1741944491.57,1.305,3.031,2.951,-1.357,1.4665,2.1579,5.8659,138.9709,173.6672,-16.2504
1741944491.649,1.289,3.031,2.966,-1.36,1.4756,2.1665,5.8683,138.4633,173.8368,-15.8972
1741944491.729,1.271,3.032,2.991,-1.344,1.4795,2.1712,5.869,141.2364,174.242,-14.9275
1741944491.809,1.271,3.028,2.99,-1.342,1.4772,2.1781,5.8708,141.0583,171.5635,-15.1336
1741944491.888,1.253,3.043,3.009,-1.353,1.4826,2.1757,5.8729,141.559,170.9584,-12.9991
1741944491.968,1.248,3.061,3.019,-1.36,1.4964,2.1863,5.8733,142.9343,170.9202,-12.1737
1741944492.048,1.235,3.061,3.019,-1.392,1.5238,2.1914,5.8731,137.9155,175.2685,-9.6068
1741944492.127,1.21,3.058,3.043,-1.39,1.5419,2.2117,5.8706,137.7607,175.6765,-9.5767
1741944492.207,1.21,3.039,3.048,-1.359,1.5563,2.2285,5.8672,140.0475,173.8909,-12.5195
1741944492.406,1.145,3.033,3.108,-1.366,1.5861,2.2617,5.8663,137.3733,175.2249,-13.2983
1741944492.486,1.113,3.035,3.14,-1.366,1.5954,2.2696,5.8661,137.9739,176.3642,-12.3277
1741944492.565,1.097,3.034,3.154,-1.372,1.5964,2.3031,5.8621,135.6927,172.4917,-14.0231
1741944492.645,1.081,3.034,3.173,-1.363,1.6074,2.3397,5.8572,138.4821,172.8009,-18.6075
1741944492.725,1.061,3.031,3.195,-1.354,1.6084,2.3776,5.8507,139.632,171.7814,-17.8861
1741944492.804,1.061,3.039,3.195,-1.362,1.6191,2.3961,5.849,139.5971,171.9959,-15.8034
1741944492.884,1.04,3.044,3.216,-1.365,1.6202,2.4211,5.844,139.8677,169.1903,-17.3612
1741944492.964,1.017,3.041,3.241,-1.356,1.6268,2.4345,5.846,140.9033,168.6458,-15.7314
1741944493.043,0.991,3.041,3.268,-1.352,1.6351,2.4597,5.8441,141.3769,168.2838,-20.0895
1741944493.123,0.967,3.044,3.294,-1.35,1.6426,2.4664,5.846,142.1302,169.1702,-15.9179
1741944493.202,0.967,3.057,3.289,-1.379,1.6918,2.3457,5.8526,139.6688,174.1156,-10.9768
1741944493.282,0.951,3.058,3.304,-1.381,1.6855,2.3933,5.8492,139.5726,171.58,-11.5595
1741944493.362,0.929,3.058,3.328,-1.375,1.6906,2.4498,5.8489,140.4719,171.1403,-15.8626
1741944493.441,0.907,3.058,3.347,-1.383,1.6969,2.4892,5.8489,139.1804,170.6444,-17.3682
1741944493.521,0.888,3.055,3.366,-1.381,1.7048,2.5042,5.8539,138.9915,168.7477,-16.0516
1741944493.601,0.888,3.05,3.366,-1.378,1.7077,2.5232,5.8523,138.6232,167.2913,-16.0411
1741944493.68,0.87,3.052,3.382,-1.385,1.7172,2.5348,5.8524,137.4961,166.1748,-15.6065
1741944493.76,0.851,3.055,3.402,-1.386,1.7255,2.5489,5.8518,137.9874,165.8968,-15.4278
1741944493.84,0.829,3.055,3.424,-1.386,1.7407,2.5593,5.8526,137.9622,166.6359,-16.1519
1741944493.919,0.806,3.054,3.445,-1.39,1.7663,2.5805,5.85,136.4143,171.1982,-19.9539
1741944493.999,0.806,3.057,3.445,-1.393,1.7775,2.5801,5.8536,136.5273,169.4557,-16.8939
1741944494.079,0.78,3.057,3.471,-1.395,1.7804,2.5823,5.8543,135.6282,168.1659,-15.782
1741944494.158,0.76,3.059,3.491,-1.396,1.7852,2.5886,5.8557,136.1342,168.0912,-15.379
1741944494.238,0.746,3.059,3.506,-1.39,1.7952,2.5954,5.8572,137.9369,168.0681,-15.2882
1741944494.318,0.737,3.057,3.515,-1.39,1.8081,2.6142,5.8589,137.4575,168.0197,-15.5133
1741944494.517,0.687,3.064,3.563,-1.403,1.8651,2.6282,5.8607,131.9209,169.9456,-10.9284
1741944494.597,0.687,3.061,3.563,-1.401,1.8796,2.637,5.8634,133.559,170.2961,-12.4909
1741944494.676,0.643,3.053,3.607,-1.392,1.8863,2.642,5.8628,134.7874,170.2312,-12.147
1741944494.756,0.616,3.054,3.635,-1.391,1.8919,2.6507,5.8586,135.9363,170.6983,-12.0086
1741944494.835,0.608,3.054,3.643,-1.388,1.8984,2.666,5.8556,137.1965,170.5068,-13.5888
1741944496.13,0.643,3.056,3.615,-1.36,1.8264,2.6426,5.846,142.3425,167.9374,-21.3459
1741944496.209,0.659,3.062,3.596,-1.379,1.8208,2.6389,5.8452,140.4757,166.3996,-20.7323
1741944496.289,0.659,3.068,3.595,-1.39,1.8197,2.6307,5.8478,139.705,169.8079,-17.4852
1741944496.369,0.67,3.062,3.582,-1.394,1.8219,2.6142,5.8513,137.5672,169.9517,-16.2386
1741944496.448,0.676,3.062,3.574,-1.401,1.8241,2.6059,5.8532,135.1097,170.6874,-17.1332
1741944496.528,0.683,3.051,3.567,-1.391,1.8229,2.6099,5.8531,132.9325,171.2621,-17.9917
1741944496.607,0.685,3.052,3.565,-1.39,1.8249,2.6033,5.8544,131.343,171.3569,-18.4529
1741944496.687,0.685,3.053,3.568,-1.38,1.8194,2.601,5.8518,128.1751,171.2784,-19.848
1741944497.085,0.754,3.131,3.507,-1.425,1.7738,2.5198,5.8667,123.6702,175.6935,-11.9609
1741944497.165,0.779,3.137,3.476,-1.457,1.7611,2.5127,5.8688,126.9655,174.5117,-12.7194
1741944497.245,0.798,3.137,3.453,-1.472,1.7395,2.5328,5.8671,130.2997,167.9997,-16.841
1741944497.324,0.807,3.115,3.443,-1.454,1.7264,2.5429,5.8628,132.3343,166.8429,-18.4095
1741944497.404,0.811,3.088,3.44,-1.426,1.7155,2.5564,5.8574,131.3852,166.4057,-19.6977
1741944497.484,0.811,3.085,3.44,-1.42,1.6982,2.5738,5.8508,130.2786,166.2952,-19.7609
1741944497.563,0.817,3.085,3.435,-1.419,1.689,2.5804,5.8444,129.9873,166.9847,-20.2961
1741944497.643,0.825,3.085,3.427,-1.417,1.6825,2.5884,5.8375,129.2961,168.3346,-20.6451
1741944497.723,0.833,3.087,3.418,-1.422,1.6713,2.5907,5.8363,130.2825,168.8158,-18.3732
1741944497.802,0.839,3.092,3.412,-1.427,1.6672,2.5939,5.8351,130.1985,168.2465,-21.0323
1741944497.882,0.839,3.087,3.413,-1.421,1.6672,2.589,5.8346,129.8938,168.7082,-20.6024
1741944497.962,0.847,3.087,3.404,-1.424,1.6668,2.5989,5.8311,131.1086,168.5126,-22.5939
1741944498.041,0.852,3.087,3.399,-1.424,1.662,2.6083,5.8309,130.7745,167.5641,-22.6814
1741944498.121,0.851,3.093,3.4,-1.429,1.6592,2.6084,5.8324,130.6675,168.0588,-22.0296
1741944498.201,0.849,3.092,3.402,-1.427,1.6563,2.6011,5.8337,130.1182,169.4293,-20.4591
1741944498.28,0.849,3.092,3.403,-1.425,1.6549,2.5925,5.8363,129.6077,169.9256,-20.4114
1741944498.36,0.855,3.088,3.397,-1.422,1.6525,2.5875,5.8367,130.0509,168.9611,-21.1573
1741944498.439,0.863,3.088,3.387,-1.426,1.6513,2.5944,5.8346,131.592,168.7913,-21.5746
1741944498.519,0.869,3.093,3.381,-1.432,1.6469,2.5758,5.8411,132.1417,167.3415,-19.9817
1741944498.599,0.872,3.096,3.378,-1.436,1.642,2.5714,5.8422,132.5026,168.4767,-19.2355
1741944498.679,0.872,3.087,3.378,-1.427,1.639,2.5621,5.8458,132.8223,169.0974,-17.9301
1741944498.758,0.876,3.086,3.374,-1.426,1.6435,2.5454,5.8474,132.5729,169.2808,-18.8996
1741944498.837,0.881,3.086,3.369,-1.426,1.6444,2.5343,5.8492,133.3982,170.8013,-18.0383
1741944498.917,0.884,3.094,3.366,-1.434,1.675,2.4261,5.8476,134.1375,175.4133,-10.1929
1741944498.997,0.893,3.095,3.357,-1.433,1.663,2.4517,5.8474,135.3971,173.9873,-13.3544
1741944499.077,0.893,3.097,3.357,-1.436,1.659,2.4693,5.8509,135.139,174.0165,-15.3736
1741944499.156,0.897,3.097,3.357,-1.425,1.6658,2.4632,5.8567,138.5717,173.9586,-20.7681
1741944499.236,0.906,3.097,3.345,-1.433,1.6598,2.4811,5.8538,136.5191,172.6268,-20.3541
1741944499.316,0.909,3.088,3.342,-1.426,1.6577,2.4836,5.8527,135.7995,172.0255,-18.9061
1741944499.395,0.912,3.093,3.338,-1.432,1.652,2.4939,5.8495,135.1752,171.6629,-18.4599
1741944499.475,0.912,3.092,3.339,-1.428,1.6483,2.4915,5.8493,136.3253,171.4422,-18.851
1741944499.594,0.912,3.095,3.338,-1.435,1.6436,2.4869,5.8497,134.5235,172.9336,-18.6681
1741944499.674,0.915,3.087,3.335,-1.427,1.6381,2.4815,5.851,134.1845,172.8934,-17.1197
1741944499.753,0.915,3.086,3.335,-1.425,1.6342,2.4685,5.8519,134.5592,173.9053,-16.3736
1741944499.833,0.924,3.086,3.326,-1.426,1.628,2.4557,5.8541,133.5834,173.7809,-15.9618
1741944499.913,0.938,3.086,3.312,-1.426,1.6203,2.4509,5.8537,133.6437,174.2197,-15.3151
1741944499.992,0.953,3.085,3.297,-1.425,1.6191,2.4338,5.8548,133.8493,174.3265,-15.6525
1741944500.072,0.965,3.087,3.285,-1.427,1.6099,2.4348,5.8527,133.8648,174.1515,-14.6275
1741944500.152,0.965,3.084,3.285,-1.424,1.6053,2.4189,5.8563,133.4033,174.3692,-14.2062
1741944500.231,0.973,3.084,3.277,-1.423,1.6053,2.4,5.8585,132.4585,174.9757,-13.8042
1741944500.311,0.985,3.083,3.265,-1.423,1.6022,2.3972,5.8594,134.3795,175.3006,-15.8612
1741944500.391,0.993,3.082,3.257,-1.422,1.5965,2.393,5.8597,133.5897,174.8519,-16.2407
1741944500.47,1.002,3.086,3.248,-1.426,1.5865,2.3877,5.8587,133.193,174.7008,-15.299
1741944500.55,1.002,3.086,3.248,-1.425,1.5767,2.3731,5.8583,134.6401,172.3216,-16.9754
1741944500.63,1.018,3.086,3.232,-1.426,1.5851,2.3224,5.8813,134.5023,173.4638,-13.9277
1741944500.709,1.032,3.097,3.219,-1.434,1.5712,2.3497,5.8741,135.8945,172.9146,-17.9403
1741944500.789,1.045,3.097,3.205,-1.436,1.561,2.3639,5.8668,134.822,172.9541,-17.8331
1741944500.869,1.049,3.088,3.201,-1.428,1.5583,2.375,5.8628,134.1851,173.246,-17.8937
1741944500.948,1.049,3.091,3.201,-1.431,1.5509,2.3902,5.8605,133.2983,172.9041,-18.0378
1741944501.028,1.056,3.091,3.194,-1.431,1.5522,2.3748,5.86,132.9659,172.5945,-15.4237
1741944501.108,1.059,3.09,3.191,-1.43,1.5522,2.3726,5.858,132.8122,173.2382,-16.0032
1741944501.187,1.061,3.094,3.189,-1.434,1.5526,2.357,5.8578,132.8909,173.3107,-15.035
1741944501.267,1.061,3.095,3.189,-1.434,1.5516,2.3501,5.8592,132.1978,173.9202,-14.2886
1741944501.347,1.06,3.086,3.19,-1.426,1.5445,2.3429,5.8586,132.7338,174.1659,-13.2815
1741944501.426,1.068,3.086,3.183,-1.424,1.5439,2.3298,5.8632,131.5995,175.5982,-12.2318
1741944501.506,1.08,3.093,3.171,-1.43,1.5397,2.318,5.864,131.0,176.3692,-13.5217
1741944501.585,1.087,3.093,3.163,-1.432,1.5312,2.3056,5.8655,132.3577,176.2716,-14.8001
1741944501.665,1.087,3.092,3.163,-1.431,1.5181,2.3003,5.8647,132.2721,175.8333,-17.257
1741944501.745,1.099,3.087,3.151,-1.427,1.4989,2.2967,5.8629,134.12,173.6223,-17.1359
1741944501.824,1.12,3.087,3.131,-1.425,1.4813,2.2876,5.8615,135.2882,170.2239,-16.695
1741944501.904,1.14,3.098,3.11,-1.438,1.4827,2.2916,5.8587,134.3323,176.3206,-15.5847
1741944501.984,1.158,3.105,3.093,-1.443,1.4783,2.2731,5.8585,135.5647,172.8297,-16.7419
1741944502.064,1.158,3.097,3.093,-1.435,1.4758,2.2723,5.8607,135.311,173.751,-18.1214
1741944502.143,1.167,3.097,3.083,-1.437,1.4697,2.2843,5.8554,133.7486,172.3218,-18.664
1741944502.223,1.173,3.101,3.077,-1.441,1.4556,2.3038,5.8505,133.8453,171.9388,-17.4424
1741944502.302,1.18,3.103,3.07,-1.443,1.4493,2.2903,5.852,133.8712,171.7891,-16.0652
1741944502.382,1.192,3.097,3.058,-1.437,1.4376,2.3028,5.8522,134.1646,171.7351,-17.5262
1741944502.462,1.192,3.098,3.058,-1.437,1.4361,2.2936,5.8537,134.8075,171.8246,-17.9073
1741944502.541,1.202,3.098,3.049,-1.436,1.4261,2.3089,5.8503,135.4026,171.0371,-17.746
1741944502.621,1.212,3.099,3.038,-1.438,1.4264,2.3095,5.8494,135.1053,171.1973,-17.3969
1741944502.701,1.219,3.094,3.032,-1.432,1.4261,2.3032,5.852,135.58,170.9481,-17.5159
1741944502.78,1.218,3.098,3.033,-1.435,1.4221,2.3004,5.8523,136.2011,170.9535,-16.3896
1741944502.86,1.218,3.094,3.035,-1.427,1.4163,2.278,5.8569,137.3973,170.6598,-16.031
1741944502.94,1.225,3.094,3.027,-1.43,1.4,2.259,5.8616,136.4512,169.9319,-15.5274
1741944503.019,1.237,3.101,3.014,-1.437,1.3838,2.2399,5.8605,136.2702,170.0896,-14.5502
1741944503.099,1.268,3.102,2.983,-1.439,1.3647,2.2234,5.8593,135.887,170.7397,-14.7726
1741944503.179,1.304,3.092,2.947,-1.429,1.3627,2.2063,5.8569,135.9326,177.5062,-19.0591
1741944503.258,1.304,3.098,2.946,-1.438,1.3549,2.195,5.8562,134.3205,176.6447,-18.0316
1741944503.338,1.335,3.098,2.915,-1.437,1.3507,2.1684,5.8566,134.6575,175.9432,-16.277
1741944503.417,1.355,3.089,2.896,-1.427,1.3404,2.1607,5.8572,135.3824,174.8411,-15.8745
1741944503.497,1.374,3.092,2.877,-1.43,1.3265,2.1467,5.8604,135.4727,174.273,-14.5862
1741944503.577,1.391,3.09,2.86,-1.427,1.3125,2.1258,5.8644,135.8211,173.7871,-14.9684
1741944503.656,1.391,3.09,2.86,-1.427,1.2954,2.1126,5.865,135.8281,173.7661,-15.4639
1741944503.736,1.414,3.09,2.837,-1.428,1.2841,2.0961,5.8647,135.3823,173.8858,-16.6438
1741944503.816,1.435,3.094,2.817,-1.429,1.2734,2.0766,5.8636,136.7724,174.621,-16.9204
1741944503.895,1.459,3.096,2.794,-1.43,1.2665,2.0622,5.8589,137.1514,175.9956,-16.7345
1741944503.975,1.48,3.096,2.774,-1.428,1.2524,2.0502,5.8584,137.4981,176.3411,-15.6098
1741944504.055,1.48,3.087,2.772,-1.424,1.2427,2.0486,5.8563,136.1444,177.0954,-17.0675
1741944504.134,1.502,3.087,2.75,-1.422,1.2331,2.0375,5.8533,136.7344,177.1614,-15.717
1741944504.214,1.523,3.095,2.731,-1.426,1.2248,2.0172,5.8543,137.8267,177.3898,-16.9527
1741944504.294,1.546,3.094,2.709,-1.425,1.2123,2.0127,5.8535,137.9873,177.2503,-16.0555
1741944504.373,1.569,3.085,2.685,-1.417,1.2008,2.0007,5.8527,137.6894,177.6296,-15.2131
1741944504.453,1.569,3.092,2.685,-1.425,1.1881,1.9792,5.8566,137.3475,177.6417,-14.7169
1741944504.533,1.59,3.092,2.663,-1.425,1.176,1.9666,5.8552,137.2773,177.8803,-14.0152
1741944504.652,1.613,3.094,2.64,-1.429,1.1593,1.936,5.8567,136.7831,178.748,-12.5517
1741944504.732,1.637,3.094,2.614,-1.432,1.1511,1.8102,5.8632,135.4073,178.8271,-8.2898
1741944504.811,1.659,3.085,2.593,-1.42,1.1379,1.8257,5.8604,136.6145,179.8921,-10.7585
1741944504.891,1.682,3.092,2.573,-1.423,1.1292,1.8407,5.8617,137.9273,-179.7738,-13.0651
1741944504.97,1.706,3.084,2.55,-1.414,1.1183,1.8494,5.8625,138.2039,-179.8327,-13.3098
1741944505.05,1.706,3.084,2.55,-1.413,1.1076,1.8511,5.8636,138.4465,179.9752,-13.2149
1741944505.13,1.725,3.084,2.533,-1.41,1.097,1.8433,5.8651,138.9772,-179.8879,-13.0756
1741944505.209,1.745,3.085,2.513,-1.41,1.085,1.83,5.8646,139.1554,179.8164,-13.5293
1741944505.289,1.764,3.084,2.494,-1.41,1.0732,1.8193,5.866,138.8907,179.7479,-12.8262
1741944505.369,1.785,3.083,2.472,-1.412,1.0587,1.8147,5.8665,138.4263,179.7044,-11.9909
1741944505.448,1.785,3.083,2.472,-1.411,1.0476,1.801,5.8678,138.5462,-179.8815,-12.4578
1741944505.528,1.81,3.083,2.447,-1.41,1.0342,1.7857,5.8694,138.6646,179.5854,-12.8118
1741944505.608,1.829,3.088,2.429,-1.414,1.0241,1.7711,5.87,138.9735,179.9787,-12.6141
1741944505.687,1.854,3.088,2.404,-1.414,1.0131,1.761,5.8713,138.9171,-179.5226,-12.224
1741944505.767,1.875,3.083,2.384,-1.409,1.003,1.7448,5.8721,139.0183,-179.2487,-11.8209
1741944505.847,1.875,3.081,2.383,-1.408,0.9902,1.726,5.8722,138.715,-179.4015,-12.0383
1741944505.926,1.895,3.081,2.364,-1.407,0.9786,1.7115,5.871,138.9916,-179.3764,-11.6267
1741944506.006,1.916,3.086,2.343,-1.411,0.9676,1.7028,5.8694,139.0752,-179.2191,-11.3307
1741944506.086,1.936,3.084,2.324,-1.409,0.9562,1.6887,5.8679,139.2008,-179.0083,-10.883
1741944506.165,1.957,3.08,2.303,-1.404,0.9453,1.6692,5.8679,139.2848,-178.8989,-11.0124
1741944506.245,1.957,3.079,2.304,-1.402,0.9316,1.6597,5.8675,139.4713,-179.0191,-10.8553
1741944506.325,1.978,3.079,2.282,-1.404,0.92,1.6448,5.8667,139.2119,-178.9823,-10.23
1741944506.404,1.999,3.069,2.26,-1.395,0.9083,1.6308,5.8675,139.042,-178.8585,-9.9204
1741944506.484,2.024,3.062,2.236,-1.387,0.8962,1.6174,5.8685,139.1649,-179.0581,-9.8215
1741944506.563,2.047,3.054,2.213,-1.379,0.8853,1.6023,5.8689,139.1585,-179.0802,-9.5448
1741944506.643,2.047,3.062,2.213,-1.387,0.8732,1.5877,5.8698,139.2411,-178.8933,-9.4799
1741944506.723,2.066,3.062,2.195,-1.385,0.863,1.5783,5.8697,139.482,-178.8155,-9.1772
1741944506.802,2.086,3.062,2.171,-1.391,0.8513,1.5154,5.871,138.3072,-178.1404,-7.0158
1741944506.882,2.105,3.059,2.153,-1.387,0.84,1.5215,5.87,138.5288,-178.0959,-7.1681
1741944506.962,2.105,3.061,2.154,-1.388,0.8283,1.5245,5.8708,138.7869,-178.3217,-7.3508
1741944507.041,2.126,3.052,2.134,-1.377,0.8159,1.5176,5.8715,139.1193,-178.642,-7.329
1741944507.121,2.149,3.052,2.113,-1.375,0.8043,1.5044,5.873,139.5353,-178.5683,-7.5135
1741944507.201,2.171,3.057,2.092,-1.379,0.7913,1.4919,5.8747,139.7774,-178.8566,-7.4426
1741944507.28,2.192,3.056,2.071,-1.378,0.7795,1.4839,5.8733,139.7669,-178.8073,-6.9681
1741944507.36,2.192,3.052,2.07,-1.375,0.7671,1.4711,5.871,139.5194,-178.8214,-6.4635
1741944507.44,2.215,3.051,2.046,-1.375,0.7553,1.4536,5.8711,139.3301,-178.867,-5.8372
1741944507.519,2.238,3.051,2.023,-1.375,0.7432,1.437,5.8723,139.2828,-178.7749,-5.1064
1741944507.599,2.259,3.051,1.997,-1.383,0.7272,1.4095,5.8816,137.6104,-179.3504,-3.5508
1741944507.679,2.279,3.056,1.979,-1.386,0.7181,1.396,5.8787,138.2487,-178.539,-3.8653
1741944507.758,2.279,3.055,1.981,-1.382,0.7075,1.3832,5.877,138.7732,-178.4189,-3.6724
1741944507.838,2.301,3.05,1.96,-1.376,0.6961,1.3692,5.8744,139.0203,-178.3531,-3.2807
1741944507.917,2.322,3.05,1.939,-1.375,0.6839,1.3541,5.8741,139.1351,-178.3808,-3.0218
1741944507.997,2.341,3.053,1.92,-1.379,0.6725,1.342,5.8736,139.0376,-178.5772,-2.8708
1741944508.077,2.365,3.052,1.896,-1.378,0.6601,1.3273,5.8734,138.9032,-178.5568,-2.7952
1741944508.156,2.365,3.051,1.895,-1.378,0.6497,1.3165,5.8723,138.8658,-178.3577,-2.6332
1741944508.236,2.38,3.043,1.88,-1.37,0.6363,1.3006,5.8727,138.8796,-178.6342,-2.2549
1741944508.316,2.406,3.043,1.854,-1.37,0.624,1.2878,5.8731,138.7765,-178.6741,-1.8441
1741944508.395,2.428,3.049,1.832,-1.377,0.6121,1.2747,5.8735,138.6087,-178.7051,-1.5131
1741944508.475,2.444,3.055,1.815,-1.383,0.5994,1.2605,5.8727,138.4961,-178.6752,-1.5387
1741944508.555,2.444,3.049,1.815,-1.378,0.5886,1.2485,5.8729,138.3639,-178.7177,-1.2735
1741944508.634,2.472,3.049,1.787,-1.378,0.5761,1.2351,5.8734,138.2612,-178.7778,-1.1763
1741944508.714,2.492,3.057,1.766,-1.387,0.5641,1.2216,5.8742,138.0737,-178.7627,-0.8451
1741944508.793,2.509,3.054,1.749,-1.384,0.5513,1.2083,5.8739,138.1072,-178.677,-0.4345
1741944508.873,2.525,3.049,1.74,-1.371,0.5389,1.1952,5.8739,139.6961,-178.4963,0.3944
1741944508.953,2.525,3.054,1.756,-1.357,0.5258,1.183,5.8746,142.4711,-178.4627,0.788
1741944509.431,2.642,3.08,1.647,-1.375,0.4589,1.0999,5.8737,143.2951,-179.2188,0.868
1741944509.51,2.662,3.077,1.624,-1.375,0.4482,1.0872,5.8736,142.9883,-179.0629,0.9044
1741944509.59,2.685,3.078,1.599,-1.379,0.4384,1.0752,5.874,142.6698,-179.0589,0.9616
1741944509.67,2.7,3.068,1.582,-1.371,0.4295,1.0646,5.8746,142.357,-179.0416,0.843
1741944509.749,2.7,3.069,1.574,-1.382,0.4222,1.0543,5.8744,141.1641,-179.0863,0.78
1741944509.829,2.724,3.069,1.543,-1.389,0.4135,1.0425,5.8739,139.9887,-179.0691,0.8596
1741944509.909,2.737,3.061,1.53,-1.382,0.4038,1.0315,5.8737,139.8868,-179.1158,0.8945
1741944509.988,2.743,3.049,1.524,-1.37,0.3938,1.0206,5.8735,139.8254,-179.1268,0.9765
1741944510.068,2.767,3.052,1.499,-1.374,0.3841,1.0103,5.873,139.7072,-179.2103,1.1372
1741944510.148,2.767,3.057,1.499,-1.38,0.374,0.9988,5.8723,139.5715,-179.2389,1.1633
1741944510.227,2.785,3.057,1.479,-1.382,0.3639,0.991,5.8719,139.2596,-179.207,1.1451
1741944510.307,2.8,3.048,1.459,-1.378,0.3571,0.9633,5.8761,138.1673,-179.0832,1.6967
1741944510.386,2.823,3.044,1.436,-1.375,0.3477,0.9491,5.8772,137.9794,-179.077,1.5789
1741944510.466,2.836,3.043,1.424,-1.373,0.3365,0.9412,5.875,138.2066,-179.2966,1.0746
1741944510.546,2.836,3.043,1.424,-1.372,0.3255,0.9363,5.8726,138.323,-179.4317,0.6686
1741944510.625,2.858,3.043,1.403,-1.372,0.3152,0.9305,5.8708,138.4487,-179.3977,0.5651
1741944510.705,2.878,3.042,1.383,-1.37,0.305,0.9226,5.8698,138.5707,-179.3909,0.5845
1741944510.785,2.895,3.048,1.367,-1.376,0.2951,0.9129,5.8695,138.6461,-179.2869,0.6373
1741944510.864,2.914,3.046,1.345,-1.377,0.2921,0.9039,5.8713,137.9919,-178.043,1.3831
1741944510.944,2.914,3.05,1.344,-1.382,0.2867,0.9006,5.8724,137.6385,-177.5531,-0.2921
1741944511.024,2.927,3.05,1.33,-1.382,0.2779,0.89,5.8734,137.5353,-177.3851,-0.6804
1741944511.103,2.933,3.043,1.324,-1.375,0.267,0.8763,5.8736,137.5646,-177.4276,-0.6558
1741944511.183,2.945,3.037,1.312,-1.37,0.2484,0.8533,5.8712,137.32,-179.9797,1.077
1741944511.263,2.969,3.044,1.281,-1.384,0.2329,0.834,5.87,134.1299,179.7742,4.007
1741944511.342,2.969,3.041,1.283,-1.379,0.2207,0.8199,5.8697,135.5831,179.6936,3.1695
1741944511.422,3.009,3.041,1.245,-1.377,0.2124,0.81,5.8694,136.3869,179.932,2.556
1741944511.621,3.041,3.036,1.216,-1.369,0.1961,0.7915,5.8708,137.3935,179.4406,2.5984
1741944511.701,3.056,3.032,1.203,-1.363,0.1902,0.7861,5.8714,137.9174,179.0467,2.7949
1741944511.78,3.074,3.029,1.188,-1.358,0.1808,0.7762,5.8713,138.4588,178.7537,2.8549
1741944511.86,3.09,3.03,1.173,-1.357,0.1691,0.7628,5.8711,138.8287,178.8583,2.7176
1741944511.94,3.09,3.033,1.173,-1.36,0.1576,0.7492,5.869,138.8309,-179.4358,1.2708
1741944512.019,3.112,3.033,1.161,-1.35,0.1448,0.7336,5.8704,140.5233,-176.9001,-1.3359
1741944512.099,3.128,3.038,1.146,-1.355,0.1405,0.7281,5.8722,140.583,-176.7353,-1.6251
1741944512.179,3.145,3.026,1.118,-1.353,0.1367,0.7247,5.8727,138.7128,-177.3926,-1.9022
1741944512.258,3.145,3.03,1.118,-1.358,0.131,0.7186,5.8727,138.7025,-177.2275,-2.0559
1741944512.338,3.152,3.029,1.11,-1.358,0.1213,0.7074,5.8722,138.491,-177.3947,-1.7537
1741944512.418,3.159,3.029,1.103,-1.358,0.1075,0.6936,5.8711,138.3972,-178.0341,-1.5796
1741944512.497,3.178,3.029,1.076,-1.366,0.0904,0.6708,5.8691,136.2035,-178.5046,2.1978
1741944512.577,3.202,3.03,1.051,-1.367,0.0764,0.6549,5.8684,135.89,-179.5456,2.2125
1741944512.656,3.202,3.023,1.053,-1.359,0.0645,0.6409,5.8686,136.5837,-179.7146,1.8707
1741944512.736,3.237,3.027,1.019,-1.361,0.0558,0.6308,5.8692,137.0872,-179.6478,1.4752
1741944512.816,3.259,3.027,0.997,-1.362,0.0497,0.6212,5.8702,136.8724,-179.6345,1.8129
1741944512.896,3.279,3.024,0.978,-1.358,0.0445,0.6164,5.8706,137.1803,179.7491,2.0888
1741944512.975,3.29,3.021,0.968,-1.353,0.0381,0.61,5.8715,137.5439,179.2358,2.4086
1741944513.055,3.29,3.023,0.97,-1.354,0.0272,0.5979,5.8721,137.8692,179.2843,2.322
1741944513.134,3.297,3.023,0.963,-1.354,0.0133,0.5829,5.8716,138.0071,179.4852,1.9861
1741944513.214,3.315,3.023,0.952,-1.347,0.0026,0.5679,5.8698,139.3313,-177.046,-0.5159
1741944513.294,3.341,3.023,0.92,-1.353,-0.0138,0.5511,5.8695,138.1875,-177.8256,-0.9345
1741944513.373,3.364,3.009,0.897,-1.339,-0.0252,0.5384,5.869,138.0662,-178.3163,-0.4212
1741944513.453,3.364,3.008,0.896,-1.339,-0.0337,0.5289,5.8689,137.9177,-178.6423,-0.058
1741944513.533,3.391,3.006,0.869,-1.338,-0.0405,0.5219,5.8692,137.8009,-178.8176,0.0731
1741944513.612,3.407,3.006,0.852,-1.338,-0.0486,0.5129,5.8693,137.7117,-178.9807,0.1771
1741944513.692,3.416,3.016,0.843,-1.348,-0.0578,0.5027,5.8696,137.6127,-179.0287,0.1571
1741944513.771,3.435,3.014,0.824,-1.346,-0.0688,0.4905,5.8699,137.5465,-179.1075,0.2482
1741944513.851,3.435,3.011,0.823,-1.344,-0.0807,0.4773,5.8694,137.4605,-179.2989,0.3028
1741944513.931,3.448,3.009,0.81,-1.342,-0.0927,0.464,5.8691,137.4248,-179.2912,0.2958
1741944514.01,3.473,3.009,0.785,-1.342,-0.1034,0.4523,5.8689,137.3883,-179.3122,0.2756
1741944514.09,3.491,3.009,0.767,-1.342,-0.1135,0.4408,5.8692,137.3852,-179.1263,0.2092
1741944514.17,3.511,3.004,0.747,-1.337,-0.1237,0.43,5.8697,137.4157,-179.128,0.0812
1741944514.249,3.511,3.003,0.747,-1.336,-0.1341,0.4187,5.8704,137.4396,-179.1451,0.0459
1741944514.329,3.534,3.003,0.724,-1.336,-0.1445,0.4068,5.8699,137.3561,-179.1296,0.0763
1741944514.409,3.552,3.008,0.706,-1.341,-0.1554,0.3947,5.8693,137.3383,-179.1585,0.0089
1741944514.488,3.568,3.005,0.69,-1.338,-0.166,0.3831,5.8692,137.3189,-179.1791,-0.0593
1741944514.568,3.593,3.002,0.665,-1.335,-0.1758,0.3723,5.8694,137.31,-179.1312,0.0207
1741944514.648,3.593,3.004,0.665,-1.337,-0.1866,0.3605,5.8688,137.3183,-179.1493,-0.0399
1741944514.727,3.608,3.004,0.65,-1.337,-0.1971,0.3489,5.8684,137.3278,-179.0954,-0.1048
1741944514.807,3.629,2.997,0.629,-1.33,-0.2078,0.3373,5.8683,137.3039,-179.151,-0.1519
1741944514.887,3.648,3.002,0.61,-1.335,-0.2189,0.3257,5.8687,137.2816,-179.2277,-0.2184
1741944514.966,3.665,3.003,0.593,-1.336,-0.2292,0.3146,5.8692,137.2927,-179.2143,-0.2274
1741944515.046,3.665,3.004,0.593,-1.337,-0.2403,0.3022,5.8696,137.2886,-179.2585,-0.1496
1741944515.126,3.689,3.004,0.569,-1.337,-0.2506,0.2907,5.8699,137.3212,-179.1395,-0.0471
1741944515.205,3.709,2.996,0.55,-1.329,-0.2602,0.28,5.8696,137.3887,-179.0392,-0.1208
1741944515.285,3.731,2.994,0.525,-1.329,-0.2654,0.2696,5.871,136.6924,-177.8366,0.2473
1741944515.365,3.746,2.992,0.511,-1.326,-0.2707,0.266,5.8717,137.0897,-176.3803,-1.4475
1741944515.444,3.746,2.995,0.511,-1.329,-0.2794,0.2572,5.8717,137.058,-176.5314,-1.7658
1741944515.524,3.755,2.995,0.501,-1.33,-0.2925,0.2435,5.8718,136.8588,-176.8977,-1.9234
1741944515.603,3.772,2.991,0.482,-1.328,-0.3101,0.2244,5.8693,136.2457,-179.4528,-0.0324
1741944515.683,3.793,2.991,0.458,-1.33,-0.3257,0.2085,5.8689,135.0711,-178.9095,0.2833
1741944515.763,3.831,2.989,0.422,-1.327,-0.3381,0.195,5.8697,135.6418,-179.1545,0.4017
1741944515.842,3.831,2.99,0.423,-1.327,-0.3486,0.1836,5.87,136.0295,-179.2379,0.3885
1741944515.922,3.855,2.99,0.399,-1.327,-0.3568,0.1746,5.8697,136.2408,-179.2729,0.2949
1741944516.002,3.873,2.989,0.382,-1.325,-0.3647,0.1649,5.8713,136.339,179.9552,1.3375
1741944516.081,3.886,2.988,0.37,-1.323,-0.3728,0.1571,5.8724,136.7137,179.3467,1.8192
1741944516.161,3.901,2.985,0.356,-1.32,-0.3827,0.1461,5.8721,136.9566,179.2601,1.8001
1741944516.241,3.901,2.987,0.358,-1.32,-0.395,0.1317,5.8719,137.3654,179.5647,1.5139
1741944516.32,3.923,2.987,0.344,-1.314,-0.4058,0.1169,5.8702,138.8148,-177.0606,-0.1886
1741944516.4,3.948,2.985,0.314,-1.316,-0.421,0.1019,5.8699,137.8762,-177.2094,-0.8471
1741944516.48,3.964,2.983,0.297,-1.315,-0.4299,0.0933,5.8693,137.74,-177.9802,-0.5843
1741944516.559,3.989,2.985,0.271,-1.317,-0.4313,0.0927,5.8689,137.6245,-178.4089,-0.3806
1741944516.639,3.989,2.986,0.271,-1.318,-0.43,0.0944,5.869,137.5618,-178.6742,-0.2446
1741944516.718,3.996,2.986,0.264,-1.319,-0.4279,0.0967,5.8693,137.5106,-178.7673,-0.2229
1741944516.798,3.992,2.986,0.268,-1.319,-0.4261,0.0985,5.8694,137.475,-178.8281,-0.2097
1741944516.878,3.988,2.985,0.272,-1.318,-0.4256,0.099,5.8694,137.467,-178.8997,-0.1738
1741944516.957,3.987,2.99,0.272,-1.323,-0.4255,0.0992,5.8694,137.4482,-179.0029,-0.1399
1741944517.037,3.987,2.984,0.272,-1.317,-0.4258,0.0993,5.8698,137.4104,-179.1564,-0.1419
1741944517.117,3.986,2.984,0.273,-1.317,-0.4258,0.0992,5.8699,137.3959,-179.1803,-0.1399
1741944517.196,3.986,2.985,0.273,-1.318,-0.4258,0.0993,5.8699,137.3849,-179.2135,-0.1371
1741944517.276,3.986,2.991,0.273,-1.324,-0.4258,0.0993,5.8699,137.3755,-179.2144,-0.1184
1741944517.356,3.986,2.993,0.273,-1.326,-0.4258,0.0993,5.8699,137.3399,-179.24,-0.0984
1741944517.435,3.986,2.986,0.273,-1.319,-0.4258,0.0993,5.8699,137.3377,-179.2725,-0.1029
1741944517.515,3.988,2.986,0.271,-1.319,-0.4258,0.0993,5.8699,137.3338,-179.2524,-0.1085
1741944517.595,3.986,2.991,0.273,-1.324,-0.4258,0.0993,5.8699,137.3561,-179.2672,-0.1059
1741944517.674,3.987,2.991,0.272,-1.324,-0.4258,0.0993,5.8699,137.3642,-179.2727,-0.1007
1741944517.754,3.987,2.992,0.272,-1.325,-0.4259,0.0993,5.8699,137.3688,-179.2232,-0.0984
1741944517.834,3.987,2.986,0.272,-1.319,-0.4259,0.0993,5.8699,137.3551,-179.2271,-0.1167
1741944517.913,3.986,2.986,0.273,-1.319,-0.4259,0.0993,5.8699,137.3494,-179.2559,-0.1239
1741944517.993,3.987,2.992,0.272,-1.325,-0.4259,0.0993,5.8699,137.3486,-179.2629,-0.137
1741944518.072,3.985,2.985,0.274,-1.318,-0.4259,0.0993,5.8699,137.3489,-179.2708,-0.1406
1741944518.152,3.985,2.99,0.274,-1.323,-0.4259,0.0993,5.8699,137.3479,-179.2771,-0.139
1741944518.232,3.988,2.985,0.271,-1.318,-0.4259,0.0993,5.8699,137.3463,-179.2682,-0.1412
1741944518.311,3.987,2.985,0.272,-1.318,-0.4259,0.0993,5.8699,137.3451,-179.2758,-0.1364
1741944518.391,3.986,2.989,0.273,-1.322,-0.4259,0.0993,5.8699,137.3417,-179.2876,-0.1443
1741944518.471,3.985,2.983,0.274,-1.316,-0.4259,0.0993,5.8699,137.3414,-179.2887,-0.1397
1741944518.55,3.985,2.986,0.274,-1.319,-0.4259,0.0993,5.8699,137.3429,-179.2801,-0.1326
1741944518.63,3.986,2.989,0.273,-1.322,-0.4259,0.0993,5.8699,137.343,-179.2898,-0.1363
1741944518.71,3.986,2.989,0.273,-1.322,-0.4259,0.0993,5.8699,137.3431,-179.3025,-0.1523
1741944518.789,3.987,2.991,0.272,-1.324,-0.4259,0.0993,5.8699,137.3441,-179.3036,-0.1547
1741944518.869,3.986,2.986,0.273,-1.319,-0.4259,0.0993,5.8699,137.3493,-179.2781,-0.1562
1741944518.949,3.986,2.986,0.273,-1.319,-0.4259,0.0992,5.8695,137.3355,-179.2481,-0.1277
1741944519.028,3.986,2.989,0.273,-1.322,-0.4259,0.0992,5.8698,137.3507,-179.2391,-0.1107
1741944519.108,3.986,2.989,0.273,-1.322,-0.4259,0.0992,5.8699,137.3272,-179.2615,-0.1223
1741944519.188,3.985,2.985,0.274,-1.318,-0.4258,0.0992,5.8699,137.311,-179.3432,-0.0727
1741944519.267,3.985,2.985,0.274,-1.318,-0.4256,0.0996,5.8698,137.2834,-179.3285,0.0219
1741944519.347,3.985,2.991,0.274,-1.324,-0.425,0.0997,5.8693,137.3109,-179.1729,-0.0666
1741944519.427,3.985,2.989,0.274,-1.322,-0.4247,0.1002,5.8693,137.3407,-179.1469,-0.1777
1741944519.506,3.985,2.989,0.275,-1.322,-0.4249,0.1004,5.8696,137.5081,-179.1785,-0.1141
1741944519.586,3.984,2.985,0.276,-1.317,-0.4267,0.0989,5.8701,137.5797,-179.1492,0.0471
1741944519.666,3.986,2.989,0.27,-1.324,-0.4318,0.0978,5.8707,136.736,-179.2672,0.0143
1741944519.745,3.986,2.986,0.265,-1.325,-0.4395,0.0964,5.8712,134.7839,-179.6228,-0.2515
1741944519.825,3.991,2.995,0.26,-1.335,-0.4457,0.095,5.8715,132.5501,-179.7002,-0.826
1741944519.905,3.994,2.995,0.257,-1.334,-0.4528,0.0929,5.8727,132.3849,-179.9904,-1.1486
1741944519.984,4.007,2.999,0.244,-1.338,-0.4608,0.091,5.8759,134.9955,179.7213,-1.8448
1741944520.064,4.011,2.997,0.247,-1.331,-0.4728,0.0904,5.8823,137.1596,178.4991,-2.244
1741944520.143,4.011,3.006,0.247,-1.34,-0.4866,0.0926,5.8893,137.2017,177.8788,-2.5398
1741944520.223,4.022,3.006,0.234,-1.342,-0.5075,0.0965,5.8962,136.5519,177.2043,-1.9524
1741944520.303,4.035,3.035,0.219,-1.372,-0.5324,0.1048,5.9018,136.0392,177.7254,-1.3115
1741944520.382,4.05,3.047,0.203,-1.384,-0.5589,0.1181,5.9061,135.8259,178.2909,-0.9825
1741944520.462,4.061,3.076,0.191,-1.414,-0.5849,0.1345,5.909,135.4974,178.4794,-0.6095
1741944520.542,4.061,3.104,0.19,-1.443,-0.6163,0.1576,5.912,135.0109,178.18,-0.1444
1741944520.621,4.07,3.104,0.18,-1.444,-0.6458,0.1827,5.914,134.3864,177.6924,0.384
1741944520.701,4.08,3.141,0.17,-1.481,-0.674,0.2104,5.9144,133.532,177.2241,0.7559
1741944520.78,4.088,3.192,0.162,-1.532,-0.6994,0.2359,5.9135,133.1219,176.8016,0.9629
1741944520.86,4.09,3.238,0.161,-1.577,-0.7287,0.2649,5.9129,132.3656,176.1506,0.6684
1741944520.94,4.09,3.292,0.162,-1.631,-0.7585,0.2928,5.9126,131.8725,175.9579,0.3723
1741944521.019,4.097,3.292,0.154,-1.631,-0.7878,0.3178,5.9133,132.1003,176.204,-0.0351
1741944521.099,4.102,3.345,0.151,-1.683,-0.824,0.3472,5.9139,131.3787,176.4397,-0.2292
1741944521.179,4.102,3.399,0.155,-1.733,-0.8533,0.3705,5.9132,130.147,176.5564,0.3089
1741944521.258,4.112,3.449,0.146,-1.783,-0.8827,0.3953,5.9116,130.0212,176.6132,0.6962
1741944521.338,4.112,3.503,0.14,-1.841,-0.9067,0.4178,5.9098,131.737,177.1338,0.1987
1741944521.418,4.125,3.503,0.125,-1.843,-0.9299,0.4358,5.9069,134.3548,176.9707,0.8801
1741944521.497,4.112,3.547,0.139,-1.886,-0.9452,0.4486,5.9015,134.5101,176.5911,1.956
1741944521.577,4.117,3.577,0.133,-1.917,-0.9537,0.4602,5.8958,134.1422,177.5277,1.4538
1741944521.657,4.121,3.593,0.13,-1.932,-0.9596,0.4682,5.891,134.8217,177.8849,0.6592
1741944521.736,4.121,3.61,0.132,-1.948,-0.962,0.4755,5.8868,135.618,178.0075,-0.1078
1741944521.816,4.111,3.61,0.148,-1.942,-0.9582,0.4755,5.8806,137.2041,179.1987,0.055
1741944521.895,4.106,3.625,0.159,-1.952,-0.9543,0.4781,5.8784,138.3848,179.9739,-0.3813
1741944521.975,4.105,3.636,0.159,-1.964,-0.9518,0.479,5.8773,138.2273,-179.3615,-0.1727
1741944522.055,4.103,3.636,0.159,-1.965,-0.9521,0.4804,5.8771,137.9542,-179.171,-0.041
1741944522.135,4.103,3.632,0.159,-1.962,-0.9512,0.4823,5.8768,137.8178,-179.0749,0.1403
1741944522.214,4.096,3.632,0.164,-1.963,-0.9497,0.4838,5.8768,137.541,-178.9844,0.3106
1741944522.294,4.092,3.634,0.167,-1.966,-0.9481,0.4854,5.877,137.2287,-178.9383,0.4039
1741944522.373,4.088,3.633,0.17,-1.966,-0.9469,0.4866,5.8774,137.0681,-178.8374,0.3421
1741944522.453,4.086,3.63,0.172,-1.963,-0.9461,0.487,5.8778,136.9822,-178.7165,0.2632
1741944522.533,4.086,3.631,0.17,-1.966,-0.9451,0.488,5.8782,136.5612,-178.5555,0.1539
1741944522.612,4.083,3.631,0.173,-1.966,-0.9436,0.4882,5.8784,136.5073,-178.2448,0.1219
1741944522.692,4.082,3.628,0.173,-1.964,-0.9445,0.4878,5.8776,136.3523,-178.7156,0.583
1741944522.772,4.078,3.622,0.177,-1.958,-0.9444,0.4883,5.8773,136.2319,-178.814,0.5615
1741944522.851,4.082,3.62,0.173,-1.956,-0.9445,0.4888,5.8773,136.2755,-178.9247,0.5368
1741944522.931,4.082,3.627,0.173,-1.962,-0.9452,0.4892,5.8771,136.3559,-179.1078,0.4461
1741944523.011,4.081,3.627,0.174,-1.962,-0.9455,0.4891,5.8769,136.437,-179.0682,0.4606
1741944523.09,4.08,3.629,0.175,-1.964,-0.9457,0.4891,5.8769,136.4493,-179.0869,0.4645
1741944523.17,4.081,3.628,0.174,-1.963,-0.9457,0.4895,5.8775,136.4624,-179.0821,0.3379
1741944523.249,4.081,3.629,0.174,-1.964,-0.9457,0.4895,5.8776,136.4693,-179.0777,0.2971
1741944523.329,4.081,3.627,0.174,-1.962,-0.9457,0.4895,5.8776,136.4685,-179.0864,0.2827
1741944523.409,4.08,3.627,0.176,-1.962,-0.9457,0.4895,5.8776,136.477,-179.0873,0.2564
1741944523.489,4.08,3.623,0.176,-1.958,-0.9457,0.4895,5.8776,136.4811,-179.0831,0.2457
1741944523.568,4.081,3.627,0.174,-1.962,-0.9446,0.4906,5.8776,136.3949,-179.1982,0.4341
1741944523.648,4.081,3.624,0.174,-1.96,-0.9379,0.4971,5.8772,136.2648,-179.109,0.4115
1741944523.727,4.082,3.628,0.172,-1.965,-0.9257,0.5093,5.8769,135.8947,-179.1745,0.5421
1741944523.807,4.072,3.628,0.181,-1.965,-0.9104,0.5245,5.8771,135.6655,-179.1412,0.7251
1741944523.887,4.05,3.627,0.203,-1.964,-0.8923,0.5422,5.8776,135.7184,-179.17,0.9173
1741944523.966,4.021,3.622,0.232,-1.96,-0.876,0.5588,5.8781,135.5929,-179.1192,0.8315
1741944524.046,4.021,3.623,0.232,-1.961,-0.8607,0.5731,5.878,135.5955,-178.9182,0.7467
1741944524.126,3.989,3.624,0.263,-1.962,-0.8485,0.5854,5.8779,135.5057,-178.9266,0.7775
1741944524.205,3.962,3.624,0.291,-1.962,-0.8379,0.5956,5.8778,135.5601,-178.815,0.8916
1741944524.285,3.939,3.623,0.313,-1.961,-0.8287,0.6055,5.8781,135.4469,-179.0607,0.9491
1741944524.365,3.922,3.624,0.33,-1.962,-0.8175,0.6169,5.8782,135.5038,-179.0254,0.9474
1741944524.444,3.922,3.62,0.331,-1.958,-0.8043,0.6301,5.8783,135.5798,-179.005,0.9633
1741944524.524,3.906,3.624,0.347,-1.961,-0.7916,0.6427,5.8789,135.6831,-178.9794,0.9235
1741944524.604,3.88,3.624,0.373,-1.961,-0.7781,0.6565,5.8786,135.6586,-178.9591,0.9872
1741944524.683,3.861,3.621,0.392,-1.958,-0.7653,0.6697,5.8785,135.7026,-178.9938,1.0608
1741944524.763,3.835,3.619,0.418,-1.956,-0.7526,0.6834,5.8787,135.7881,-179.1571,1.0101
1741944524.843,3.835,3.627,0.418,-1.964,-0.74,0.6965,5.8791,135.869,-179.1847,0.9218
1741944524.922,3.813,3.622,0.441,-1.959,-0.7284,0.7086,5.8792,135.9672,-179.2197,0.89
1741944525.002,3.788,3.622,0.466,-1.958,-0.715,0.722,5.8796,136.1537,-179.0264,0.8149
1741944525.081,3.765,3.625,0.489,-1.961,-0.7026,0.7351,5.8796,136.2016,-179.0395,0.733
1741944525.161,3.742,3.631,0.512,-1.967,-0.69,0.7478,5.8802,136.1296,-178.9202,0.7847
1741944525.241,3.742,3.624,0.511,-1.961,-0.6788,0.7598,5.8802,135.9215,-179.1802,0.8357
1741944525.32,3.724,3.63,0.529,-1.967,-0.6654,0.7739,5.8802,135.7994,-179.2299,0.6979
1741944525.4,3.698,3.63,0.555,-1.967,-0.6534,0.7864,5.8804,135.6879,-179.2161,0.7492
1741944525.48,3.678,3.625,0.574,-1.963,-0.6403,0.7998,5.8804,135.5546,-179.1689,0.7452
1741944525.559,3.653,3.624,0.599,-1.962,-0.6275,0.8125,5.8801,135.4209,-179.1438,0.7477
1741944525.639,3.653,3.63,0.599,-1.968,-0.6159,0.8246,5.88,135.3284,-179.2631,0.8227
1741944525.718,3.63,3.63,0.622,-1.968,-0.6035,0.8374,5.88,135.1941,-179.3698,0.7913
1741944525.798,3.605,3.625,0.647,-1.963,-0.5911,0.8499,5.8801,135.1907,-179.4008,0.8098
1741944525.878,3.587,3.625,0.665,-1.963,-0.5787,0.8626,5.8803,135.2698,-179.3896,0.7686
1741944525.957,3.565,3.63,0.687,-1.968,-0.5663,0.8749,5.8804,135.4142,-179.252,0.7276
1741944526.037,3.565,3.634,0.687,-1.972,-0.5553,0.8864,5.8803,135.4129,-179.3343,0.7192
1741944526.117,3.542,3.634,0.71,-1.972,-0.5441,0.8973,5.8805,135.4769,-179.2198,0.7605
1741944526.196,3.524,3.625,0.728,-1.963,-0.5336,0.9089,5.8804,135.4846,-179.4056,0.8028
1741944526.276,3.502,3.63,0.75,-1.968,-0.5225,0.9205,5.8804,135.449,-179.4352,0.6769
1741944526.356,3.486,3.625,0.766,-1.963,-0.5102,0.933,5.8801,135.4611,-179.387,0.617
1741944526.435,3.486,3.633,0.766,-1.971,-0.4978,0.9459,5.8808,135.5182,-179.3028,0.5055
1741944526.515,3.462,3.633,0.79,-1.971,-0.4857,0.9585,5.8807,135.4801,-179.2896,0.4217
1741944526.595,3.44,3.632,0.812,-1.97,-0.4729,0.9718,5.8812,135.4768,-179.3052,0.4212
1741944526.674,3.419,3.631,0.833,-1.969,-0.462,0.984,5.8822,135.3534,-179.4604,0.423
1741944526.754,3.398,3.626,0.854,-1.964,-0.4499,0.9968,5.883,135.3038,-179.4259,0.3703
1741944526.834,3.398,3.632,0.853,-1.971,-0.4378,1.009,5.8828,135.0101,-179.4226,0.3173
1741944526.913,3.377,3.632,0.873,-1.972,-0.4258,1.019,5.882,134.2858,-179.3218,0.3735
1741944526.993,3.352,3.633,0.898,-1.973,-0.4116,1.0302,5.8816,132.6765,-179.2656,0.4037
1741944527.073,3.328,3.629,0.926,-1.965,-0.3969,1.0401,5.8813,130.7061,-179.2085,0.459
1741944527.152,3.314,3.628,0.942,-1.961,-0.384,1.0512,5.8809,129.9569,-179.2495,0.4653
1741944527.232,3.314,3.633,0.942,-1.966,-0.3713,1.0626,5.8819,129.9557,-179.3022,0.4638
1741944527.312,3.297,3.633,0.959,-1.966,-0.3581,1.0737,5.8824,130.0381,-179.1622,0.4626
1741944527.391,3.281,3.633,0.975,-1.967,-0.3449,1.0853,5.8823,130.101,-179.1912,0.4988
1741944527.471,3.258,3.624,0.995,-1.96,-0.333,1.0969,5.8822,130.9726,-179.0829,0.5407
1741944527.55,3.233,3.622,1.017,-1.962,-0.323,1.1093,5.8819,133.48,-179.0092,0.4789
1741944527.749,3.19,3.619,1.062,-1.956,-0.2948,1.1417,5.8816,135.6823,-179.2715,0.339
1741944527.829,3.19,3.622,1.063,-1.959,-0.2828,1.155,5.8819,135.7742,-179.3479,0.2767
1741944527.909,3.167,3.622,1.086,-1.959,-0.2707,1.168,5.8819,136.0163,-179.2266,0.3161
1741944527.989,3.144,3.621,1.11,-1.957,-0.2596,1.1802,5.8825,136.3083,-179.2098,0.2876
1741944528.068,3.124,3.623,1.131,-1.958,-0.2489,1.1926,5.8837,136.6315,-179.0676,0.2081
1741944528.148,3.1,3.623,1.156,-1.957,-0.2452,1.2012,5.8843,136.9151,179.4509,0.0615
1741944528.227,3.1,3.629,1.155,-1.963,-0.238,1.2061,5.8843,136.8218,178.9749,0.9891
1741944528.307,3.091,3.629,1.162,-1.965,-0.2282,1.2155,5.8851,136.1549,179.0227,2.032
1741944528.387,3.081,3.631,1.174,-1.966,-0.2146,1.2305,5.8857,136.6491,178.936,1.9552
1741944528.467,3.06,3.624,1.193,-1.96,-0.1974,1.2444,5.8864,136.1481,-179.7108,1.6378
1741944528.546,3.027,3.628,1.224,-1.966,-0.185,1.2581,5.8865,135.2649,-179.7123,1.264
1741944528.626,3.027,3.634,1.224,-1.973,-0.1717,1.2699,5.886,134.6453,-179.6873,1.5552
1741944528.705,3.005,3.634,1.245,-1.974,-0.1595,1.2835,5.8843,133.9276,-179.6788,1.2078
1741944528.787,2.99,3.624,1.261,-1.963,-0.1493,1.3037,5.884,132.0766,179.6617,-2.1983
1741944528.865,2.961,3.615,1.29,-1.954,-0.1411,1.3158,5.8853,131.9811,179.2127,-2.9925
1741944528.944,2.938,3.624,1.313,-1.962,-0.1319,1.3247,5.8856,131.8507,179.4587,-2.7699
1741944529.024,2.938,3.635,1.314,-1.973,-0.1198,1.3363,5.8851,131.6076,179.3782,-2.5918
1741944529.104,2.928,3.635,1.322,-1.975,-0.0982,1.3417,5.8851,134.4058,-176.8787,-1.5903
1741944530.517,2.629,3.613,1.621,-1.953,0.1125,1.5627,5.8837,133.2909,-179.2237,0.3886
1741944530.597,2.615,3.613,1.635,-1.953,0.1251,1.575,5.8831,133.1213,-179.3149,0.4744
1741944530.677,2.589,3.615,1.661,-1.955,0.137,1.5871,5.8834,132.9936,-179.3893,0.5486
1741944530.756,2.575,3.612,1.675,-1.952,0.1503,1.6002,5.884,132.8693,-179.3821,0.5542
1741944530.836,2.575,3.604,1.675,-1.944,0.1624,1.6121,5.8849,132.9299,-179.2404,0.6623
1741944530.916,2.552,3.612,1.698,-1.952,0.1745,1.6245,5.8848,132.956,-179.2484,0.7354
1741944530.995,2.525,3.612,1.725,-1.952,0.1868,1.6366,5.8844,133.0453,-179.3043,0.8334
1741944531.075,2.505,3.607,1.745,-1.947,0.1992,1.6498,5.8843,133.324,-179.4201,0.8809
1741944531.154,2.484,3.611,1.766,-1.95,0.2121,1.6642,5.8842,134.6389,-179.4082,1.0386
1741944531.234,2.484,3.606,1.767,-1.945,0.2235,1.6763,5.8848,134.7708,-179.4341,1.0933
1741944531.314,2.468,3.616,1.783,-1.955,0.2364,1.6906,5.8852,135.1141,-179.4721,1.031
1741944531.393,2.443,3.616,1.808,-1.954,0.2482,1.7041,5.8855,135.4103,-179.5024,0.9418
1741944531.473,2.415,3.617,1.837,-1.954,0.2599,1.717,5.8852,135.6787,-179.5659,0.9503
1741944531.553,2.397,3.616,1.855,-1.953,0.2721,1.7298,5.8854,135.8492,-179.6847,1.0484
1741944531.632,2.397,3.616,1.855,-1.952,0.2845,1.7427,5.8854,136.033,-179.6703,1.0896
1741944531.712,2.376,3.616,1.877,-1.952,0.2962,1.7554,5.8852,136.2912,-179.4402,1.3811
1741944531.792,2.354,3.62,1.899,-1.955,0.3085,1.768,5.8856,136.5762,-179.3199,1.2773
1741944531.871,2.335,3.618,1.919,-1.952,0.3201,1.7806,5.8865,136.8731,-179.3114,1.1777
1741944531.951,2.313,3.619,1.942,-1.951,0.3314,1.7933,5.8865,137.2236,-179.3931,1.0981
1741944532.031,2.313,3.621,1.942,-1.953,0.3432,1.8066,5.8865,137.3224,-179.585,1.0827
1741944532.11,2.295,3.621,1.96,-1.953,0.3546,1.8186,5.8864,137.4179,-179.6165,1.0475
1741944532.19,2.273,3.624,1.983,-1.955,0.367,1.831,5.8859,137.6352,-179.536,1.0297
1741944532.27,2.249,3.621,2.007,-1.951,0.3771,1.8538,5.8884,137.7151,-179.625,0.3844
1741944532.349,2.226,3.624,2.031,-1.952,0.3888,1.8645,5.887,138.1249,-179.458,0.6282
1741944532.429,2.226,3.623,2.032,-1.95,0.4017,1.8749,5.8868,138.3008,-179.4467,0.8242
1741944532.508,2.205,3.623,2.053,-1.95,0.4137,1.8849,5.8865,138.2716,-179.5501,0.9129
1741944532.588,2.184,3.627,2.074,-1.954,0.4257,1.8947,5.8855,138.4135,-179.4128,0.7678
1741944532.668,2.162,3.631,2.096,-1.957,0.4379,1.9056,5.8842,138.5585,-179.3281,0.6407
1741944532.747,2.138,3.638,2.121,-1.962,0.4504,1.9171,5.884,138.8104,-179.1524,0.4188
1741944532.827,2.138,3.646,2.122,-1.969,0.4625,1.9292,5.8847,139.0183,-179.052,0.1821
1741944532.907,2.118,3.646,2.143,-1.967,0.4737,1.9407,5.8856,139.3347,-179.0203,0.1262
1741944532.986,2.092,3.656,2.169,-1.976,0.4852,1.9536,5.886,139.4949,-179.0339,-0.087
1741944533.066,2.073,3.659,2.19,-1.977,0.4961,1.9669,5.8863,139.8076,-179.1318,-0.3316
1741944533.146,2.054,3.658,2.209,-1.974,0.5073,1.9801,5.8869,140.0456,-179.1762,-0.3557
1741944533.225,2.054,3.661,2.211,-1.975,0.5184,1.9935,5.8872,140.3218,-179.0901,-0.5164
1741944533.305,2.033,3.661,2.232,-1.973,0.529,2.0063,5.8869,140.5427,-179.1086,-0.6355
1741944533.385,2.011,3.657,2.255,-1.968,0.5398,2.0192,5.8867,140.7675,-179.0867,-0.7696
1741944533.464,1.991,3.66,2.275,-1.97,0.5509,2.0328,5.8864,140.8199,-179.0913,-0.997
1741944533.544,1.973,3.661,2.293,-1.97,0.5615,2.0452,5.8857,140.9055,-179.1059,-1.1182
1741944533.624,1.973,3.667,2.295,-1.974,0.5728,2.0575,5.8847,141.1541,-178.9401,-1.1479
1741944533.703,1.952,3.667,2.316,-1.973,0.5838,2.0697,5.8843,141.3589,-178.8679,-1.1439
1741944533.783,1.932,3.663,2.337,-1.967,0.5948,2.0824,5.8843,141.5683,-178.7944,-1.4356
1741944533.863,1.909,3.664,2.359,-1.969,0.6052,2.0935,5.8838,141.437,-178.7645,-1.6105
1741944533.942,1.89,3.668,2.38,-1.97,0.6162,2.1078,5.8837,141.7732,-178.8005,-1.9351
1741944534.022,1.89,3.672,2.38,-1.973,0.6259,2.121,5.8838,141.8853,-178.9697,-2.1329
1741944534.102,1.869,3.672,2.399,-1.977,0.6379,2.1358,5.8838,141.3806,-179.0477,-2.5815
1741944534.181,1.848,3.673,2.417,-1.984,0.6499,2.1502,5.884,140.7078,-179.0438,-3.3978
1741944534.261,1.828,3.668,2.438,-1.975,0.6609,2.1669,5.8847,141.1353,-179.1405,-4.6339
1741944534.341,1.807,3.666,2.461,-1.97,0.6714,2.1851,5.8854,141.5812,-179.3508,-5.8355
1741944534.42,1.807,3.662,2.463,-1.962,0.6813,2.2025,5.8854,141.9784,-179.5852,-6.619
1741944534.5,1.786,3.662,2.483,-1.963,0.6908,2.2203,5.8849,141.9204,-179.7576,-6.9445
1741944534.579,1.765,3.667,2.509,-1.957,0.7007,2.2362,5.8847,142.9881,179.9935,-8.5346
1741944534.659,1.746,3.663,2.525,-1.959,0.7098,2.2555,5.8837,142.4197,179.7733,-8.7367
1741944534.739,1.746,3.669,2.525,-1.964,0.7193,2.2766,5.8838,142.4381,179.6796,-8.8261
1741944534.818,1.726,3.666,2.545,-1.961,0.7281,2.2982,5.8837,142.4886,179.7076,-8.6296
1741944534.898,1.707,3.666,2.563,-1.962,0.7381,2.3108,5.8838,142.3714,179.7083,-8.4122
1741944534.977,1.687,3.669,2.584,-1.963,0.7492,2.3209,5.8843,142.5389,179.5881,-9.6462
1741944535.057,1.667,3.674,2.603,-1.969,0.7597,2.334,5.8842,142.4312,179.6453,-9.2933
1741944535.137,1.667,3.675,2.606,-1.963,0.7705,2.3482,5.8842,143.1219,179.2699,-10.4888
1741944535.217,1.647,3.676,2.625,-1.967,0.7802,2.3617,5.8837,142.8405,179.1545,-10.2728
1741944535.296,1.626,3.676,2.644,-1.97,0.7897,2.3839,5.8822,142.5559,179.3721,-10.3405
1741944535.376,1.606,3.675,2.665,-1.966,0.7979,2.3988,5.882,142.8668,178.9718,-11.2706
1741944535.456,1.584,3.678,2.682,-1.982,0.8072,2.4107,5.8818,141.5416,179.0247,-10.4159
1741944535.535,1.584,3.678,2.686,-1.971,0.8185,2.4164,5.8826,142.6856,177.9009,-12.1251
1741944535.615,1.563,3.683,2.706,-1.977,0.8289,2.4283,5.8822,142.5179,177.6774,-12.2495
1741944535.814,1.522,3.682,2.745,-1.982,0.8448,2.5124,5.8795,141.9493,177.7533,-11.8026
1741944535.894,1.501,3.682,2.764,-1.985,0.8573,2.4986,5.8825,141.6621,177.1847,-10.7257
1741944535.973,1.482,3.684,2.789,-1.972,0.8637,2.5252,5.8825,143.1716,176.8192,-12.8646
1741944536.053,1.462,3.688,2.807,-1.98,0.8742,2.5332,5.883,142.7281,176.3574,-12.4642
1741944536.133,1.462,3.692,2.808,-1.98,0.883,2.5439,5.8852,143.0925,176.0125,-13.3481
1741944536.212,1.443,3.693,2.822,-1.995,0.8927,2.5646,5.8832,141.7322,175.7181,-13.4956
1741944536.411,1.402,3.697,2.862,-2.0,0.9149,2.5901,5.8844,141.6313,174.9903,-13.2978
1741944536.491,1.381,3.697,2.882,-2.001,0.9212,2.6138,5.8832,141.4772,175.1593,-12.8921
1741944536.571,1.363,3.697,2.907,-1.983,0.9352,2.6207,5.8834,143.2639,175.5432,-14.944
1741944536.77,1.321,3.698,2.948,-1.983,0.9601,2.6518,5.8833,143.3493,175.0365,-15.7791
1741944536.849,1.302,3.699,2.964,-1.995,0.9694,2.6723,5.8806,142.3768,174.8315,-15.3901
1741944536.929,1.302,3.702,2.954,-2.024,0.976,2.7041,5.8747,139.189,174.1201,-18.155
1741944537.009,1.282,3.706,2.976,-2.022,0.9808,2.7179,5.8763,139.9937,173.5734,-16.4348
1741944537.088,1.263,3.706,2.995,-2.023,0.9913,2.728,5.8758,139.9463,173.9289,-16.0216
1741944537.168,1.244,3.708,3.014,-2.023,1.0052,2.7245,5.8741,140.1287,173.9032,-15.5976
1741944537.367,1.203,3.713,3.051,-2.04,1.036,2.7404,5.8778,138.2982,174.3234,-13.6697
1741944537.566,1.162,3.701,3.096,-2.015,1.0497,2.7678,5.8822,140.3409,172.0152,-14.6224
1741944538.861,0.888,3.711,3.368,-2.027,1.2333,2.9246,5.8759,139.9941,173.3034,-14.3954
1741944538.94,0.877,3.71,3.378,-2.029,1.237,2.9398,5.8735,139.6212,174.062,-13.6485
1741944539.02,0.877,3.705,3.378,-2.025,1.2447,2.9504,5.8731,139.4114,173.7891,-13.4543
1741944539.1,0.87,3.705,3.384,-2.027,1.2518,2.9713,5.8681,139.1612,172.2484,-13.9416
1741944539.179,0.853,3.707,3.4,-2.034,1.2534,2.9941,5.8648,138.3326,168.5108,-14.3037
1741944539.259,0.833,3.711,3.421,-2.032,1.2636,3.0129,5.8644,139.3332,167.933,-16.0182
1741944539.338,0.802,3.714,3.451,-2.038,1.2746,3.0253,5.8651,138.7715,169.2221,-15.8576
1741944539.418,0.802,3.716,3.452,-2.038,1.2849,3.0332,5.8682,139.1092,169.2683,-16.2307
1741944539.498,0.783,3.716,3.474,-2.025,1.2965,3.0409,5.87,140.9142,169.9789,-18.3944
1741944539.577,0.766,3.716,3.489,-2.034,1.302,3.05,5.8707,139.7823,170.367,-16.0782
1741944539.657,0.75,3.718,3.506,-2.027,1.3135,3.0611,5.8691,140.9142,170.5989,-18.2451
1741944539.737,0.731,3.717,3.524,-2.03,1.3186,3.078,5.8713,140.3746,171.1216,-15.8545
1741944539.816,0.731,3.721,3.524,-2.038,1.3299,3.0897,5.8692,139.8649,171.8058,-14.9106
1741944539.896,0.719,3.721,3.533,-2.05,1.3435,3.0921,5.8718,137.8092,172.7423,-12.6192
1741944539.976,0.695,3.717,3.557,-2.048,1.3579,3.0904,5.8759,137.4713,171.9721,-11.7063
1741944540.055,0.68,3.716,3.571,-2.053,1.3618,3.1247,5.8709,135.9645,170.6647,-17.4295
1741944540.135,0.66,3.715,3.592,-2.044,1.3626,3.1519,5.8695,137.823,169.0942,-19.172
1741944540.215,0.66,3.714,3.592,-2.045,1.3617,3.1721,5.87,137.4581,168.3794,-18.3312
1741944540.294,0.637,3.714,3.615,-2.043,1.3702,3.1823,5.8646,137.8215,167.2375,-18.5637
1741944540.374,0.626,3.715,3.627,-2.038,1.3796,3.1907,5.8631,138.9478,166.6539,-20.2841
1741944540.453,0.607,3.715,3.645,-2.045,1.3817,3.2113,5.8596,137.6406,167.5334,-19.2561
1741944540.533,0.588,3.717,3.665,-2.039,1.3817,3.2403,5.8557,139.1364,167.0342,-21.6996
1741944540.613,0.588,3.717,3.663,-2.051,1.3869,3.2636,5.8536,136.8685,167.9709,-22.5761
1741944540.692,0.567,3.717,3.684,-2.052,1.3815,3.28,5.8491,136.5993,165.6017,-23.2264
1741944540.772,0.556,3.72,3.695,-2.05,1.3693,3.2926,5.849,137.5959,164.741,-22.1771
1741944540.852,0.551,3.723,3.706,-2.017,1.358,3.3002,5.8459,142.5621,161.8916,-20.4983
1741944540.931,0.552,3.723,3.703,-2.033,1.3489,3.3055,5.8474,140.8309,162.8375,-20.4182
1741944541.011,0.552,3.72,3.703,-2.028,1.3447,3.3032,5.849,141.0331,163.39,-20.5891
1741944541.091,0.548,3.72,3.706,-2.035,1.3386,3.3004,5.8531,140.1674,162.8708,-20.0524
1741944541.17,0.554,3.724,3.698,-2.048,1.334,3.295,5.8551,138.7503,165.367,-18.9444
1741944541.25,0.557,3.718,3.695,-2.045,1.3413,3.2608,5.8611,138.3382,167.2291,-16.8617
1741944541.33,0.563,3.724,3.687,-2.063,1.3328,3.2542,5.8656,134.6686,168.631,-20.6587
1741944541.409,0.563,3.721,3.688,-2.055,1.3292,3.2338,5.8695,136.6503,168.0837,-20.4127
1741944541.489,0.588,3.721,3.663,-2.053,1.3256,3.2064,5.87,137.3445,167.502,-18.7982
1741944541.57,0.613,3.717,3.638,-2.051,1.4501,2.9923,5.9049,136.7264,173.4499,-8.9123
1741944541.648,0.637,3.716,3.614,-2.05,1.445,2.98,5.9163,136.6794,176.0535,-5.1755
1741944541.728,0.65,3.714,3.601,-2.049,1.433,2.9742,5.9172,136.5659,174.2333,-7.4561
1741944541.807,0.65,3.715,3.601,-2.05,1.4075,2.9854,5.9137,136.5224,172.6944,-10.0811
1741944541.887,0.666,3.715,3.585,-2.051,1.374,3.0038,5.9045,136.1389,170.5426,-13.4886
1741944541.967,0.685,3.715,3.566,-2.047,1.3458,3.024,5.8942,137.2149,170.2255,-15.4723
1741944542.046,0.701,3.713,3.55,-2.049,1.3266,3.0301,5.8821,136.3112,169.9307,-16.0963
1741944542.126,0.712,3.714,3.539,-2.049,1.3075,3.036,5.8733,136.4273,169.9049,-15.2333
1741944542.206,0.712,3.713,3.54,-2.044,1.2956,3.0409,5.866,137.5885,169.4655,-17.9235
1741944542.285,0.735,3.713,3.517,-2.045,1.2848,3.0364,5.8585,137.1636,168.9471,-17.5743
1741944542.365,0.745,3.712,3.507,-2.042,1.2762,3.0316,5.8569,137.7367,168.2659,-16.6916
1741944542.445,0.763,3.713,3.488,-2.046,1.2624,3.0328,5.8556,136.8921,169.156,-15.9142
1741944542.524,0.782,3.712,3.469,-2.045,1.2569,3.026,5.8567,136.9404,169.4676,-17.2066
1741944542.604,0.782,3.711,3.469,-2.046,1.2522,3.0139,5.8617,136.5373,170.1483,-16.3291
1741944542.684,0.794,3.711,3.457,-2.047,1.2462,3.0014,5.8653,136.072,171.1514,-14.924
1741944542.763,0.812,3.71,3.44,-2.041,1.2823,2.9231,5.8804,137.447,176.1518,-12.8615
1741944542.843,0.826,3.711,3.425,-2.045,1.2695,2.9445,5.8799,136.7603,175.6738,-11.8692
1741944542.922,0.832,3.701,3.419,-2.035,1.2615,2.9512,5.8806,136.684,174.8373,-13.2087
1741944543.002,0.832,3.701,3.419,-2.037,1.2489,2.9497,5.8805,136.1711,174.2541,-13.0038
1741944543.082,0.839,3.706,3.412,-2.044,1.2363,2.9403,5.8808,135.5593,173.6145,-13.6518
1741944543.161,0.854,3.701,3.398,-2.032,1.2178,2.9307,5.8764,137.4564,171.6475,-13.9412
1741944543.241,0.87,3.701,3.382,-2.032,1.199,2.9137,5.8777,137.5562,167.7325,-13.0922
1741944543.321,0.895,3.709,3.358,-2.035,1.191,2.9103,5.8782,138.5513,168.9804,-15.1479
1741944543.4,0.895,3.709,3.358,-2.038,1.1954,2.9079,5.8773,137.8356,170.7498,-15.5053
1741944543.48,0.908,3.709,3.345,-2.035,1.1895,2.9179,5.8767,138.4342,171.118,-15.3585
1741944543.56,0.91,3.711,3.343,-2.037,1.1886,2.9167,5.877,138.465,170.7931,-15.3187
1741944543.639,0.91,3.713,3.343,-2.041,1.193,2.907,5.878,138.1709,171.9984,-15.5463
1741944543.719,0.913,3.714,3.339,-2.045,1.1848,2.8998,5.8793,137.4719,171.7459,-15.7094
1741944543.799,0.913,3.714,3.34,-2.044,1.1658,2.8949,5.8801,137.7914,172.2373,-16.1478
1741944543.878,0.924,3.709,3.328,-2.042,1.1565,2.8701,5.8824,137.0739,171.7383,-14.2495
1741944543.958,0.948,3.71,3.306,-2.036,1.1384,2.8624,5.8826,138.5122,170.4077,-14.4731
1741944544.038,0.974,3.709,3.278,-2.041,1.1291,2.8418,5.884,137.3347,172.8246,-9.481
1741944544.117,1.002,3.714,3.26,-2.009,1.1293,2.8225,5.8822,142.3843,175.8591,-11.1906
1741944544.197,1.002,3.714,3.256,-2.025,1.1245,2.8022,5.8812,140.6555,174.7316,-16.0869
1741944544.277,1.022,3.713,3.231,-2.041,1.1223,2.7796,5.8772,138.1154,175.0779,-11.2488
1741944544.476,1.051,3.705,3.202,-2.036,1.1616,2.6743,5.8692,137.578,173.6227,-8.4117
1741944544.675,1.056,3.706,3.198,-2.03,1.1156,2.7437,5.8629,138.7905,171.2307,-13.0226
1741944545.85,1.245,3.704,3.009,-2.033,0.9562,2.7,5.8846,137.9688,175.475,-12.9901
1741944545.929,1.259,3.701,2.995,-2.03,0.951,2.682,5.8844,137.9962,175.4307,-12.1521
1741944546.009,1.259,3.705,2.994,-2.036,0.9439,2.6744,5.8863,137.5172,174.987,-13.1843
1741944546.088,1.275,3.705,2.978,-2.036,0.9359,2.6634,5.887,137.507,175.1616,-13.0475
1741944546.168,1.291,3.706,2.964,-2.031,0.9323,2.6419,5.8842,138.7052,174.8553,-13.8341
1741944546.248,1.305,3.706,2.95,-2.031,0.9272,2.6242,5.8847,138.694,175.0375,-12.8622
1741944546.328,1.318,3.707,2.938,-2.031,0.9161,2.6217,5.8845,138.8049,175.0786,-12.5419
1741944546.407,1.318,3.702,2.937,-2.027,0.9105,2.6141,5.8842,138.6229,176.2662,-12.984
1741944546.487,1.333,3.702,2.924,-2.022,0.904,2.6044,5.8837,139.5239,176.7709,-13.3924
1741944546.566,1.348,3.703,2.912,-2.014,0.8976,2.5912,5.8833,140.6395,176.1233,-14.5436
1741944546.646,1.364,3.704,2.896,-2.018,0.889,2.5862,5.8816,140.3506,175.6682,-13.9268
1741944546.726,1.381,3.703,2.88,-2.015,0.8814,2.5765,5.8808,140.5718,176.1178,-12.8342
1741944546.805,1.381,3.706,2.879,-2.02,0.8741,2.5681,5.8814,140.2524,176.8266,-11.5373
1741944546.885,1.397,3.706,2.863,-2.019,0.8671,2.5477,5.8819,140.3589,176.8422,-10.6113
1741944546.965,1.412,3.703,2.847,-2.02,0.8622,2.5287,5.883,139.8669,177.3417,-9.7469
1741944547.044,1.425,3.702,2.834,-2.019,0.853,2.5165,5.8851,139.9372,177.2402,-9.2626
1741944547.124,1.442,3.706,2.819,-2.019,0.8466,2.5036,5.8862,140.4596,177.2956,-9.7298
1741944547.204,1.442,3.705,2.817,-2.021,0.8401,2.4888,5.8853,140.0347,177.4897,-9.45
1741944547.283,1.457,3.705,2.795,-2.039,0.8534,2.3758,5.875,136.7579,178.7849,-4.7822
1741944547.363,1.472,3.701,2.782,-2.032,0.8419,2.3779,5.8735,137.4818,178.8735,-6.0215
1741944547.443,1.486,3.705,2.769,-2.032,0.8301,2.3906,5.8731,138.2719,179.0063,-7.4052
1741944547.522,1.502,3.701,2.756,-2.022,0.82,2.4019,5.8774,139.3642,178.8372,-9.0922
1741944547.602,1.502,3.702,2.758,-2.016,0.8096,2.4089,5.881,140.2337,178.2663,-9.5928
1741944547.681,1.518,3.702,2.745,-2.01,0.8009,2.4092,5.8842,141.0942,178.4907,-10.0147
1741944547.761,1.534,3.7,2.732,-2.002,0.792,2.4083,5.8865,141.7352,178.8152,-10.2215
1741944547.841,1.552,3.703,2.717,-1.998,0.7825,2.4024,5.8872,142.3931,178.0897,-10.8367
1741944547.92,1.568,3.703,2.702,-1.995,0.7736,2.3977,5.8867,142.6989,178.2828,-10.6124
1741944548.0,1.568,3.699,2.704,-1.987,0.7665,2.3933,5.8857,143.1196,178.5718,-10.4436
1741944548.08,1.583,3.699,2.69,-1.986,0.7575,2.3923,5.8857,143.1957,178.8536,-10.2284
1741944548.159,1.595,3.7,2.678,-1.987,0.7501,2.3855,5.8846,143.1726,179.0048,-10.0185
1741944548.239,1.611,3.697,2.661,-1.986,0.7425,2.3782,5.8835,143.0382,179.0752,-9.8009
1741944548.319,1.627,3.698,2.645,-1.988,0.7369,2.3694,5.8822,142.976,179.3435,-9.3133
1741944548.398,1.627,3.698,2.644,-1.991,0.7311,2.3547,5.8833,142.624,179.393,-9.0338
1741944548.637,1.666,3.698,2.609,-1.983,0.7125,2.3328,5.8853,143.4205,179.1705,-10.3644
1741944548.717,1.675,3.698,2.599,-1.984,0.7059,2.3349,5.8846,143.2895,179.3162,-9.9304
1741944548.797,1.675,3.698,2.596,-1.991,0.701,2.3182,5.8852,142.6389,179.0616,-8.6966
1741944548.876,1.688,3.696,2.585,-1.986,0.6963,2.311,5.8853,142.938,179.2744,-8.2269
1741944548.956,1.699,3.698,2.574,-1.987,0.6914,2.2993,5.8856,143.028,179.4424,-7.5398
1741944549.035,1.709,3.696,2.563,-1.988,0.6857,2.297,5.8858,142.7865,179.7023,-7.2134
1741944549.115,1.72,3.696,2.55,-1.994,0.6834,2.277,5.8861,142.1367,-179.743,-6.4548
1741944549.195,1.72,3.696,2.549,-1.995,0.6796,2.2663,5.8862,142.0625,-179.6466,-6.5536
1741944549.274,1.729,3.696,2.541,-1.993,0.6753,2.2572,5.8862,142.2308,-179.6369,-6.8936
1741944549.354,1.74,3.692,2.528,-1.994,0.6701,2.2515,5.8863,141.7415,-179.8291,-7.1243
1741944549.434,1.748,3.688,2.52,-1.99,0.6638,2.2447,5.8859,141.7457,179.8278,-7.4488
1741944549.513,1.759,3.685,2.508,-1.988,0.6581,2.2368,5.8854,141.5824,179.8771,-7.3424
1741944549.593,1.759,3.685,2.508,-1.989,0.6514,2.2333,5.8851,141.4622,179.9536,-7.0683
1741944549.673,1.768,3.688,2.499,-1.993,0.6451,2.2248,5.8852,141.4195,-179.9972,-7.1287
1741944549.752,1.781,3.683,2.486,-1.987,0.6391,2.215,5.8853,141.5111,-179.977,-6.819
1741944549.832,1.79,3.684,2.477,-1.989,0.6317,2.2127,5.886,141.3943,179.8456,-6.8111
1741944549.912,1.803,3.682,2.462,-1.992,0.6246,2.1994,5.8874,140.8752,-179.9309,-6.3456
1741944549.991,1.803,3.682,2.46,-1.995,0.6175,2.1852,5.8884,140.4307,-179.698,-5.5714
1741944550.071,1.817,3.686,2.446,-1.999,0.6091,2.1798,5.8881,140.4331,-179.5648,-4.8953
1741944550.151,1.83,3.681,2.434,-1.994,0.6014,2.1701,5.8877,140.4653,-179.4981,-4.1673
1741944550.23,1.846,3.682,2.416,-1.998,0.5911,2.1501,5.8909,139.9846,-179.5156,-3.1779
1741944550.429,1.88,3.681,2.387,-1.987,0.5723,2.1142,5.8866,141.2484,-178.8995,-1.7644
1741944550.509,1.896,3.681,2.371,-1.989,0.5638,2.1003,5.8862,141.0812,-179.1105,-1.5561
1741944550.589,1.896,3.681,2.371,-1.989,0.5555,2.0844,5.8859,141.0754,-178.8741,-0.7484
1741944550.788,1.93,3.681,2.335,-1.993,0.5348,2.053,5.886,140.548,-179.0149,-0.3281
1741944550.867,1.945,3.681,2.32,-1.994,0.5262,2.0428,5.8865,140.505,-179.0554,-0.7079
1741944550.947,1.959,3.686,2.306,-1.998,0.518,2.0362,5.887,140.5056,-179.2304,-1.3845
1741944551.026,1.976,3.685,2.287,-2.0,0.5086,2.0289,5.8868,140.1407,-179.3714,-1.7434
1741944551.106,1.991,3.681,2.277,-1.988,0.5026,2.0062,5.8852,141.1895,-177.7677,3.0637
1741944551.186,1.991,3.681,2.275,-1.992,0.4959,1.9943,5.8853,140.7243,-178.1028,2.3508
1741944551.385,2.022,3.676,2.245,-1.986,0.4739,1.9709,5.8846,140.8397,-178.6125,0.9113
1741944551.465,2.037,3.67,2.229,-1.982,0.4645,1.9618,5.8845,140.628,-178.822,0.8902
1741944551.544,2.052,3.658,2.212,-1.973,0.455,1.9546,5.8849,140.2635,-178.9866,0.6575
1741944551.624,2.067,3.657,2.197,-1.973,0.4457,1.9483,5.8851,140.0873,-179.1783,0.5509
1741944551.704,2.067,3.659,2.196,-1.975,0.436,1.9401,5.8856,140.036,-178.971,1.302
1741944551.783,2.084,3.659,2.178,-1.978,0.4267,1.9328,5.8864,139.6524,-179.1629,0.929
1741944551.863,2.099,3.66,2.162,-1.981,0.4172,1.9261,5.8867,139.2839,-179.1915,0.9142
1741944551.943,2.117,3.657,2.143,-1.98,0.4087,1.9177,5.8866,139.0512,-179.235,0.7459
1741944552.022,2.131,3.66,2.128,-1.985,0.3998,1.9098,5.8867,138.7681,-179.3069,0.667
1741944552.102,2.131,3.659,2.127,-1.985,0.3909,1.9017,5.8866,138.4689,-179.4015,0.6526
1741944552.182,2.147,3.659,2.11,-1.987,0.382,1.8934,5.8867,138.1635,-179.429,0.7162
1741944552.261,2.164,3.657,2.092,-1.987,0.3723,1.8843,5.8867,137.8309,-179.4171,0.7129
1741944552.341,2.18,3.656,2.076,-1.987,0.3634,1.8752,5.8865,137.5764,-179.2718,1.2856
1741944552.421,2.197,3.657,2.058,-1.989,0.3544,1.8666,5.886,137.2208,-179.3619,1.108
1741944552.5,2.197,3.657,2.057,-1.991,0.3455,1.8578,5.8859,136.9062,-179.3962,0.8978
1741944552.58,2.214,3.657,2.039,-1.992,0.3366,1.8488,5.8862,136.5878,-179.4703,0.7825
1741944552.66,2.227,3.653,2.025,-1.989,0.3276,1.8397,5.8864,136.1819,-179.5248,0.7732
1741944552.739,2.244,3.657,2.008,-1.994,0.3187,1.8309,5.8863,135.8702,-179.5926,0.7754
1741944552.819,2.244,3.657,2.007,-1.995,0.3084,1.8215,5.8865,135.4904,-179.7285,0.8945
1741944552.898,2.244,3.652,2.007,-1.99,0.2987,1.8122,5.8859,135.2142,-179.6156,0.9476
1741944552.978,2.278,3.652,1.973,-1.991,0.2901,1.8038,5.8858,134.9414,-179.6328,0.8691
1741944553.058,2.296,3.655,1.954,-1.994,0.281,1.7946,5.8856,134.6872,-179.5959,0.8713
1741944553.137,2.313,3.657,1.937,-1.996,0.2723,1.7857,5.8853,134.4888,-179.6189,0.8967
1741944553.217,2.329,3.655,1.921,-1.995,0.2637,1.7776,5.8852,134.2389,-179.6395,0.8614
1741944553.297,2.329,3.657,1.921,-1.997,0.2555,1.7692,5.8853,133.9543,-179.5594,0.8332
1741944553.496,2.356,3.658,1.894,-1.998,0.2332,1.7466,5.8853,133.3591,-179.6341,0.9972
1741944553.575,2.369,3.658,1.881,-1.998,0.2239,1.7374,5.8852,133.1429,-179.607,1.0453
1741944553.655,2.389,3.654,1.861,-1.994,0.2159,1.7299,5.885,132.9793,-179.5935,1.0276
1741944553.735,2.4,3.656,1.85,-1.996,0.2066,1.7208,5.8847,132.8202,-179.5974,0.9994
1741944553.814,2.413,3.657,1.837,-1.997,0.1982,1.712,5.8846,132.6814,-179.536,0.99
1741944553.894,2.413,3.66,1.837,-2.0,0.1893,1.7034,5.8849,132.6134,-179.5168,0.9701
1741944553.974,2.433,3.66,1.817,-2.0,0.1808,1.6953,5.885,132.7562,-179.3678,0.9156
1741944554.053,2.443,3.658,1.807,-1.998,0.1703,1.6867,5.8846,133.5367,-179.4178,0.7998
1741944554.133,2.456,3.657,1.794,-1.997,0.1611,1.6777,5.8843,134.2964,-179.4006,0.8425
1741944554.213,2.474,3.662,1.777,-2.001,0.1518,1.6693,5.8844,134.9723,-179.4244,0.7819
1741944554.292,2.474,3.662,1.777,-2.0,0.1431,1.6603,5.8839,135.2767,-179.5631,0.7372
1741944554.372,2.49,3.665,1.761,-2.003,0.1341,1.651,5.8839,135.2484,-179.6074,0.6374
1741944554.451,2.505,3.669,1.746,-2.007,0.1259,1.6422,5.884,135.2392,-179.6026,0.5493
1741944554.531,2.518,3.663,1.733,-2.001,0.1174,1.6329,5.8843,135.2422,-179.6392,0.48
1741944554.611,2.539,3.664,1.712,-2.002,0.109,1.6237,5.8848,135.2489,-179.5469,0.3593
1741944554.69,2.539,3.664,1.712,-2.002,0.1016,1.6151,5.8845,135.2628,-179.4332,0.3141
1741944554.77,2.548,3.667,1.703,-2.005,0.0937,1.6062,5.8841,135.2105,-179.3847,0.2816
1741944554.85,2.564,3.663,1.687,-2.001,0.0849,1.5965,5.8836,135.1526,-179.4679,0.3267
1741944554.929,2.578,3.662,1.673,-2.001,0.0766,1.5876,5.8839,135.1032,-179.4404,0.3272
1741944555.011,2.591,3.66,1.66,-1.999,0.0685,1.5784,5.884,135.0723,-179.442,0.3332
1741944555.088,2.591,3.66,1.66,-1.999,0.0603,1.5695,5.8839,135.0718,-179.4783,0.2735
1741944555.168,2.608,3.666,1.643,-2.005,0.0523,1.5605,5.8841,135.0322,-179.4504,0.212
1741944555.248,2.621,3.666,1.63,-2.005,0.0446,1.5518,5.8839,134.9987,-179.4216,0.126
1741944555.328,2.638,3.666,1.613,-2.005,0.0366,1.5427,5.8838,134.8783,-179.3958,0.1356
1741944555.407,2.657,3.664,1.594,-2.003,0.0282,1.534,5.884,134.7535,-179.5135,0.0814
1741944555.606,2.679,3.661,1.571,-2.0,0.0063,1.5115,5.8829,134.5202,-179.5592,-0.003
1741944555.806,2.706,3.659,1.544,-1.998,-0.0136,1.4891,5.8832,134.4778,-179.6063,0.044
1741944556.005,2.741,3.661,1.509,-2.0,-0.0344,1.4663,5.8831,134.4653,-179.5625,-0.0516
1741944556.204,2.766,3.66,1.484,-2.0,-0.0541,1.4445,5.8828,134.4103,-179.4224,0.017
1741944556.283,2.766,3.66,1.484,-2.0,-0.0582,1.4348,5.8845,134.2217,-178.6416,0.6398
1741944556.363,2.779,3.657,1.471,-1.997,-0.0624,1.4276,5.8852,134.1427,-177.9807,1.0877
1741944556.443,2.798,3.659,1.452,-1.999,-0.069,1.4196,5.8854,133.9747,-177.7025,1.2728
1741944556.522,2.81,3.672,1.44,-2.012,-0.0775,1.4092,5.8854,133.7637,-177.4416,1.3677
1741944556.602,2.818,3.671,1.432,-2.011,-0.0869,1.3979,5.8855,133.6357,-177.4137,1.5162
1741944556.682,2.818,3.671,1.432,-2.011,-0.0973,1.3861,5.8851,133.5365,-177.3749,1.6131
1741944556.761,2.833,3.676,1.417,-2.016,-0.1108,1.3771,5.8839,133.3144,-178.014,1.0882
1741944556.841,2.854,3.675,1.396,-2.015,-0.1252,1.3761,5.8834,133.6128,179.1357,-1.0533
1741944556.92,2.873,3.646,1.377,-1.986,-0.129,1.3717,5.8841,133.545,179.4105,-1.5849
1741944557.0,2.873,3.673,1.377,-2.013,-0.1297,1.3671,5.8852,133.5023,-179.3426,-1.7027
1741944557.08,2.882,3.673,1.368,-2.013,-0.1344,1.3617,5.8859,133.5617,-178.5104,-1.8897
1741944557.159,2.887,3.666,1.363,-2.006,-0.1433,1.355,5.8859,133.616,-178.9846,-2.0443
1741944557.239,2.899,3.656,1.351,-1.996,-0.1532,1.345,5.8854,133.6225,-179.0761,-1.9936
1741944557.319,2.91,3.659,1.343,-1.995,-0.1617,1.3307,5.8844,130.9557,179.7553,-1.3449
1741944557.518,2.963,3.662,1.289,-1.999,-0.1829,1.3065,5.8844,131.2965,179.7511,1.8883
1741944557.598,2.963,3.663,1.289,-2.001,-0.1936,1.2988,5.8845,131.6615,179.2968,1.8417
1741944557.677,2.973,3.663,1.278,-2.001,-0.2033,1.29,5.8848,131.8262,179.4444,1.7689
1741944557.757,2.989,3.662,1.261,-2.002,-0.2153,1.2828,5.8847,134.0732,179.5085,1.5127
1741944557.837,3.004,3.661,1.252,-1.993,-0.2255,1.2784,5.8843,137.2453,-179.9934,0.6182
1741944557.916,3.012,3.659,1.244,-1.991,-0.2313,1.2701,5.8835,137.2047,179.543,1.6343
1741944558.115,3.036,3.672,1.218,-2.007,-0.2479,1.2523,5.8848,136.5778,179.1378,1.4399
1741944558.314,3.069,3.672,1.184,-2.009,-0.2674,1.2309,5.8831,135.9554,-179.282,-0.1501
1741944558.394,3.069,3.669,1.183,-2.006,-0.2764,1.2213,5.8824,135.7288,-179.4272,-0.0283
1741944558.474,3.076,3.669,1.176,-2.006,-0.2832,1.2141,5.8819,135.6861,-179.478,-0.1001
1741944558.553,3.088,3.666,1.165,-2.003,-0.29,1.2072,5.8825,135.9642,-179.6656,0.1135
1741944558.633,3.108,3.663,1.145,-1.999,-0.2959,1.2009,5.8825,136.1468,-179.6757,0.2663
1741944558.713,3.115,3.664,1.141,-1.996,-0.3029,1.1949,5.8821,137.1817,-179.682,0.2249
1741944558.792,3.115,3.669,1.153,-1.988,-0.3106,1.1888,5.8819,139.5842,-179.613,0.1065
1741944558.872,3.124,3.669,1.16,-1.969,-0.3188,1.1815,5.8815,141.9267,-179.5037,-0.093
1741944558.952,3.148,3.68,1.14,-1.976,-0.3266,1.1723,5.8816,142.361,-179.5923,-0.187
1741944559.031,3.176,3.707,1.11,-2.005,-0.3335,1.162,5.8825,142.1176,-179.5636,-0.1607
1741944559.111,3.198,3.71,1.087,-2.009,-0.3416,1.1517,5.8822,141.9853,-179.533,-0.1379
1741944559.19,3.198,3.701,1.086,-2.002,-0.3492,1.1416,5.8817,141.8554,-179.5037,-0.0661
1741944559.27,3.212,3.701,1.071,-2.003,-0.3555,1.1329,5.8813,141.7603,-179.5398,-0.0214
1741944559.35,3.226,3.699,1.057,-2.001,-0.3613,1.1249,5.8812,141.7141,-179.4734,-0.0104
1741944559.429,3.239,3.697,1.044,-2.0,-0.3672,1.1166,5.8812,141.6588,-179.4234,-0.0066
1741944559.509,3.245,3.693,1.037,-1.997,-0.3738,1.1077,5.8812,141.5466,-179.3514,-0.0037
1741944559.589,3.245,3.693,1.036,-1.998,-0.3802,1.0987,5.8812,141.3696,-179.2852,-0.0045
1741944559.668,3.258,3.693,1.022,-1.999,-0.3873,1.0894,5.8817,141.2841,-179.317,0.0204
1741944559.748,3.258,3.686,1.021,-1.993,-0.3948,1.0793,5.8819,141.119,-179.2891,0.0666
1741944559.828,3.288,3.681,0.99,-1.989,-0.4021,1.0699,5.8816,141.0464,-179.3412,0.0723
1741944559.907,3.298,3.677,0.979,-1.987,-0.4094,1.0605,5.8814,140.8065,-179.4425,0.0638
1741944559.987,3.298,3.677,0.977,-1.99,-0.4162,1.0514,5.8808,140.5079,-179.4394,0.0643
1741944560.067,3.313,3.678,0.96,-1.992,-0.4228,1.0425,5.8803,140.2595,-179.4786,0.0695
1741944560.146,3.325,3.673,0.946,-1.99,-0.429,1.0343,5.8799,139.8847,-179.5014,0.0763
1741944560.226,3.332,3.665,0.935,-1.986,-0.436,1.0249,5.8792,139.2985,-179.5073,0.0865
1741944560.305,3.349,3.658,0.915,-1.983,-0.4421,1.016,5.8809,138.6622,-179.4845,0.1782
1741944560.385,3.349,3.658,0.91,-1.988,-0.4487,1.0068,5.8813,137.7279,-179.4207,0.1927
1741944560.465,3.356,3.656,0.9,-1.99,-0.4546,0.9987,5.8808,136.8068,-179.3788,0.217
1741944560.544,3.361,3.643,0.892,-1.98,-0.4617,0.9893,5.8812,135.858,-179.4003,0.3823
1741944560.624,3.376,3.639,0.875,-1.978,-0.4686,0.98,5.8815,134.8188,-179.3159,0.4214
1741944560.704,3.387,3.634,0.863,-1.974,-0.4755,0.9716,5.8814,133.8971,-179.2373,0.5335
1741944560.783,3.387,3.634,0.863,-1.974,-0.4834,0.9626,5.8811,132.8608,-179.305,0.5967
1741944560.863,3.398,3.625,0.852,-1.965,-0.4917,0.9547,5.8803,132.7213,-179.374,0.5752
1741944560.943,3.418,3.634,0.832,-1.974,-0.4995,0.9471,5.88,132.6994,-179.4383,0.5757
1741944561.023,3.432,3.636,0.818,-1.976,-0.5079,0.9389,5.8803,132.7617,-179.3907,0.5606
1741944561.102,3.446,3.635,0.804,-1.975,-0.5153,0.9312,5.881,132.6783,-179.2336,0.6272
1741944561.182,3.446,3.635,0.804,-1.975,-0.5226,0.9249,5.881,132.6984,-179.3565,0.5773
1741944561.261,3.459,3.632,0.791,-1.972,-0.531,0.9169,5.8809,132.6066,-179.3828,0.6181
1741944561.341,3.471,3.63,0.779,-1.97,-0.5397,0.9084,5.8811,132.6521,-179.3407,0.7047
1741944561.421,3.483,3.634,0.767,-1.974,-0.5481,0.9005,5.8805,132.6528,-179.3193,0.7
1741944561.5,3.501,3.631,0.749,-1.971,-0.5563,0.8931,5.8803,132.7122,-179.4018,0.6361
1741944561.58,3.501,3.631,0.749,-1.971,-0.5638,0.8861,5.8796,132.7412,-179.4408,0.554
1741944561.659,3.512,3.633,0.738,-1.973,-0.5721,0.8794,5.8798,133.3695,-179.4418,0.5638
1741944561.739,3.528,3.634,0.723,-1.973,-0.5807,0.8728,5.8799,134.599,-179.4629,0.5369
1741944561.819,3.539,3.626,0.712,-1.965,-0.5885,0.8652,5.8799,135.0822,-179.4511,0.6025
1741944561.898,3.552,3.637,0.699,-1.976,-0.5962,0.8571,5.8803,135.0923,-179.3703,0.6318
1741944561.978,3.552,3.637,0.699,-1.976,-0.604,0.8491,5.8795,135.0018,-179.3337,0.6956
1741944562.058,3.567,3.635,0.684,-1.974,-0.6113,0.8414,5.8794,135.0472,-179.3217,0.6401
1741944562.137,3.583,3.635,0.668,-1.974,-0.6193,0.8327,5.8793,134.9891,-179.2725,0.7805
1741944562.337,3.609,3.634,0.642,-1.973,-0.639,0.8131,5.8794,134.9665,-179.347,0.7308
1741944562.416,3.62,3.635,0.631,-1.974,-0.6467,0.8054,5.8795,134.9484,-179.3634,0.7176
1741944562.496,3.636,3.638,0.615,-1.977,-0.6551,0.7964,5.8796,134.9825,-179.3261,0.7819
1741944562.575,3.636,3.638,0.615,-1.977,-0.6626,0.7884,5.8797,134.9284,-179.2466,0.7606
1741944562.655,3.651,3.637,0.6,-1.976,-0.6709,0.7804,5.8801,134.904,-179.347,0.7243
1741944562.735,3.664,3.633,0.587,-1.972,-0.6792,0.7717,5.88,134.8679,-179.2878,0.7767
1741944562.814,3.68,3.634,0.571,-1.973,-0.6876,0.7627,5.8796,134.8333,-179.1965,0.8303
1741944562.894,3.68,3.632,0.571,-1.971,-0.6962,0.7542,5.8797,134.8228,-179.2475,0.8531
1741944562.974,3.695,3.632,0.556,-1.971,-0.7053,0.745,5.8789,134.8434,-179.2831,0.8547
1741944563.053,3.709,3.629,0.542,-1.968,-0.7141,0.7362,5.8787,134.8095,-179.3099,0.8093
1741944563.133,3.726,3.634,0.525,-1.973,-0.7228,0.7275,5.8785,134.798,-179.3229,0.8046
1741944563.213,3.741,3.631,0.51,-1.97,-0.7314,0.7188,5.8786,134.7561,-179.3596,0.7791
1741944563.292,3.741,3.63,0.51,-1.969,-0.7398,0.7101,5.8784,134.7628,-179.2734,0.6988
1741944563.372,3.757,3.63,0.494,-1.969,-0.7481,0.7013,5.8786,134.6675,-179.1666,0.7127
1741944563.452,3.774,3.632,0.477,-1.971,-0.7566,0.6925,5.8788,134.65,-179.1501,0.7982
1741944563.531,3.789,3.628,0.462,-1.967,-0.7649,0.6839,5.8786,134.5868,-179.1612,0.8643
1741944563.611,3.805,3.636,0.446,-1.975,-0.774,0.6746,5.8785,134.5367,-179.1646,0.9404
1741944563.69,3.805,3.633,0.446,-1.972,-0.7836,0.6652,5.8781,134.4937,-179.1768,0.9581
1741944563.77,3.819,3.633,0.432,-1.972,-0.7916,0.6572,5.8779,134.4819,-179.2238,0.9366
1741944563.85,3.836,3.634,0.415,-1.973,-0.8008,0.6478,5.8782,134.5135,-179.1944,0.9421
1741944563.929,3.852,3.632,0.399,-1.972,-0.8092,0.639,5.8782,134.449,-179.0575,0.933
1741944564.009,3.869,3.632,0.381,-1.972,-0.8181,0.6304,5.8784,134.4131,-179.1298,0.9119
1741944564.089,3.869,3.626,0.381,-1.966,-0.8275,0.6212,5.8785,134.3491,-179.1485,0.9551
1741944564.168,3.879,3.626,0.371,-1.966,-0.8367,0.6116,5.8781,134.2829,-179.1055,0.9805
1741944564.248,3.897,3.626,0.353,-1.966,-0.8464,0.6032,5.8782,134.2591,-179.2199,0.8921
1741944564.328,3.914,3.627,0.336,-1.967,-0.8566,0.5933,5.8777,134.19,-179.3066,0.9081
1741944564.407,3.931,3.626,0.319,-1.966,-0.8659,0.584,5.8772,134.1114,-179.2781,0.8707
1741944564.487,3.931,3.633,0.319,-1.973,-0.8748,0.5751,5.8769,134.1301,-179.2376,0.8037
1741944564.567,3.949,3.633,0.301,-1.973,-0.8836,0.5664,5.8767,134.1088,-179.21,0.7066
1741944564.646,3.964,3.628,0.286,-1.968,-0.8916,0.5582,5.8768,134.1052,-179.0847,0.5963
1741944564.726,3.979,3.633,0.271,-1.973,-0.9007,0.5496,5.8773,134.1271,-179.0566,0.5451
1741944564.805,3.994,3.627,0.256,-1.967,-0.9091,0.5413,5.8775,134.2183,-179.1233,0.6479
1741944564.885,3.994,3.632,0.256,-1.972,-0.9129,0.5373,5.8774,134.2105,-179.1546,0.7412
1741944564.965,4.01,3.632,0.24,-1.972,-0.9132,0.5371,5.8772,134.1892,-179.2203,0.7787
1741944565.044,4.023,3.635,0.227,-1.975,-0.9132,0.5372,5.8771,134.1847,-179.2076,0.7793
1741944565.124,4.023,3.637,0.227,-1.977,-0.9131,0.5372,5.877,134.1657,-179.1483,0.7525
1741944565.204,4.02,3.638,0.23,-1.978,-0.9129,0.5373,5.8769,134.1844,-179.0847,0.7121
1741944565.283,4.02,3.636,0.23,-1.976,-0.9129,0.5378,5.8779,134.2031,-179.097,0.5788
1741944565.363,4.021,3.636,0.229,-1.976,-0.9128,0.5378,5.878,134.2743,-179.041,0.586
1741944565.443,4.021,3.636,0.229,-1.976,-0.9128,0.5378,5.878,134.2766,-179.0433,0.5688
1741944565.522,4.021,3.635,0.229,-1.975,-0.9127,0.5378,5.878,134.2716,-179.0501,0.5427
1741944565.602,4.02,3.633,0.23,-1.973,-0.9127,0.5378,5.878,134.2478,-179.0711,0.5321
1741944565.682,4.02,3.633,0.23,-1.973,-0.9127,0.5378,5.8781,134.2379,-179.0724,0.5032
1741944565.761,4.021,3.634,0.229,-1.974,-0.9127,0.5378,5.8781,134.2234,-179.0906,0.4938
1741944565.841,4.021,3.633,0.229,-1.973,-0.9127,0.5378,5.8781,134.2037,-179.0838,0.491
1741944565.921,4.022,3.633,0.228,-1.973,-0.9127,0.5378,5.8781,134.199,-179.0934,0.4834
1741944566.0,4.021,3.636,0.229,-1.976,-0.9127,0.5378,5.8781,134.2163,-179.0788,0.5062
1741944566.08,4.021,3.636,0.229,-1.976,-0.9127,0.5377,5.8781,134.2123,-179.0599,0.4827
1741944566.159,4.021,3.638,0.229,-1.978,-0.9127,0.5377,5.8781,134.2073,-179.0695,0.4895
1741944566.239,4.023,3.638,0.227,-1.978,-0.9127,0.5377,5.8781,134.2117,-179.0716,0.4773
1741944566.319,4.022,3.636,0.228,-1.976,-0.9127,0.5377,5.8781,134.2152,-179.0662,0.4741
1741944566.398,4.022,3.633,0.228,-1.973,-0.9127,0.5377,5.8781,134.2185,-179.0765,0.486
1741944566.478,4.022,3.633,0.228,-1.973,-0.9127,0.5377,5.8781,134.2193,-179.076,0.4949
1741944566.558,4.022,3.636,0.228,-1.976,-0.9127,0.5377,5.8781,134.2226,-179.0566,0.4908
1741944566.637,4.023,3.634,0.227,-1.974,-0.9125,0.5377,5.8779,134.1659,-179.0724,0.5606
1741944566.717,4.022,3.637,0.228,-1.977,-0.9123,0.5376,5.8773,134.2065,-179.0423,0.6184
1741944566.797,4.022,3.634,0.228,-1.974,-0.9123,0.5376,5.8772,134.1983,-179.0671,0.641
1741944566.876,4.022,3.634,0.228,-1.974,-0.9124,0.538,5.878,134.1955,-179.0719,0.5685
1741944566.956,4.021,3.639,0.229,-1.979,-0.9125,0.538,5.878,134.1881,-179.0778,0.5405
1741944567.155,4.021,3.639,0.229,-1.979,-0.9123,0.5367,5.8789,134.1187,-179.0045,0.6321
1741944567.235,4.021,3.638,0.229,-1.978,-0.9133,0.5384,5.8782,134.1634,-178.9847,0.5618
1741944567.314,4.021,3.636,0.229,-1.976,-0.9132,0.5384,5.8781,134.1708,-179.0281,0.5801
1741944567.394,4.022,3.636,0.228,-1.976,-0.9135,0.5378,5.8776,134.3892,-178.9895,0.6773
1741944567.474,4.022,3.636,0.228,-1.976,-0.9159,0.5379,5.8784,134.0813,-178.2193,0.7952
1741944567.553,4.022,3.638,0.23,-1.976,-0.9274,0.5401,5.8826,131.508,-178.3919,0.2913
1741944567.633,4.022,3.638,0.242,-1.966,-0.947,0.5435,5.889,128.7766,-179.6001,0.9403
1741944567.713,4.043,3.654,0.223,-1.979,-0.9747,0.5532,5.8979,128.3231,179.6195,1.4035
1741944567.792,4.076,3.694,0.188,-2.021,-1.0103,0.5722,5.908,128.688,179.0671,1.2033
1741944567.872,4.076,3.694,0.183,-2.026,-1.0517,0.601,5.9176,129.687,178.9108,0.6471
1741944567.952,4.088,3.73,0.165,-2.067,-1.0961,0.6357,5.9248,131.3601,179.1882,0.9378
1741944568.031,4.093,3.791,0.157,-2.131,-1.1396,0.6726,5.9295,132.6158,179.4386,2.0361
1741944568.111,4.093,3.85,0.157,-2.19,-1.1862,0.7167,5.9331,133.2942,179.7694,2.949
1741944568.191,4.093,3.917,0.157,-2.257,-1.2262,0.7599,5.9349,133.669,179.8773,2.8143
1741944568.27,4.096,3.917,0.155,-2.256,-1.259,0.799,5.9348,134.6416,-179.8944,2.2662
1741944568.35,4.091,3.991,0.161,-2.329,-1.286,0.8314,5.9332,135.3667,179.7655,1.7806
1741944568.43,4.084,4.062,0.168,-2.4,-1.3065,0.8576,5.9313,135.4234,179.2325,1.2938
1741944568.509,4.077,4.121,0.176,-2.458,-1.3214,0.8775,5.929,135.6275,179.2862,0.5601
1741944568.589,4.077,4.16,0.176,-2.497,-1.3307,0.8882,5.9256,135.7852,178.7229,-0.2535
1741944568.668,4.07,4.16,0.183,-2.497,-1.3355,0.8902,5.9215,135.5964,177.9288,-1.2194
1741944568.748,4.066,4.188,0.187,-2.525,-1.3366,0.8854,5.9167,135.5207,177.4181,-2.1832
1741944568.828,4.068,4.199,0.184,-2.537,-1.3345,0.8761,5.911,135.4492,177.2871,-2.0777
1741944568.907,4.077,4.203,0.175,-2.541,-1.3299,0.8655,5.9053,135.4354,177.979,-1.5682
1741944568.987,4.077,4.189,0.175,-2.527,-1.3257,0.857,5.9009,135.3435,178.5619,-1.7393
1741944569.067,4.083,4.189,0.169,-2.527,-1.3209,0.85,5.8972,135.4715,179.186,-2.5061
1741944569.146,4.086,4.173,0.167,-2.51,-1.3151,0.8424,5.893,135.5096,179.9561,-2.7348
1741944569.226,4.089,4.16,0.163,-2.498,-1.3115,0.8358,5.8879,135.2209,-179.8331,-2.3428
1741944569.306,4.09,4.148,0.162,-2.486,-1.3086,0.829,5.8824,135.1794,-179.5542,-1.3721
1741944569.386,4.09,4.139,0.161,-2.478,-1.3061,0.8276,5.8809,134.476,-179.0574,0.0087
1741944569.465,4.091,4.139,0.161,-2.477,-1.305,0.8263,5.8803,135.4694,-179.0181,0.7126
1741944569.545,4.098,4.126,0.154,-2.464,-1.3051,0.8259,5.8801,135.4818,-179.2151,0.629
1741944569.624,4.095,4.125,0.158,-2.462,-1.3049,0.8256,5.8801,135.6082,-179.2599,0.6878
1741944569.704,4.095,4.127,0.158,-2.464,-1.3051,0.825,5.88,135.6448,-179.2726,0.6388
1741944569.784,4.095,4.126,0.158,-2.463,-1.3052,0.8253,5.88,135.783,-179.373,0.5141
1741944569.863,4.096,4.126,0.157,-2.463,-1.3052,0.8251,5.8796,135.8359,-179.4157,0.4828
1741944569.943,4.096,4.127,0.157,-2.464,-1.3054,0.8254,5.8795,135.8532,-179.4965,0.4436
1741944570.022,4.098,4.126,0.155,-2.462,-1.3056,0.8254,5.8797,135.8647,-179.5267,0.4415
1741944570.102,4.098,4.125,0.156,-2.461,-1.3056,0.8263,5.8808,135.9225,-179.4937,0.2113
1741944570.182,4.098,4.127,0.156,-2.463,-1.3055,0.8263,5.8808,136.0261,-179.4538,0.2271
1741944570.261,4.096,4.127,0.158,-2.463,-1.3055,0.8263,5.8808,136.0363,-179.461,0.1883
1741944570.341,4.097,4.126,0.157,-2.462,-1.3055,0.8263,5.8808,136.0464,-179.4624,0.1796
1741944570.421,4.096,4.124,0.158,-2.46,-1.3055,0.8261,5.8804,136.0467,-179.4685,0.2615
1741944570.5,4.095,4.129,0.159,-2.465,-1.3055,0.8263,5.8809,136.0623,-179.4767,0.1213
1741944570.58,4.095,4.128,0.159,-2.464,-1.3054,0.8263,5.8809,136.0454,-179.4928,0.1248
1741944570.66,4.097,4.128,0.157,-2.464,-1.3054,0.8263,5.8809,136.0455,-179.479,0.1085
1741944570.739,4.095,4.126,0.159,-2.462,-1.3054,0.8263,5.8809,136.0565,-179.4827,0.0956
1741944570.819,4.096,4.123,0.158,-2.459,-1.3054,0.8263,5.8809,136.057,-179.4949,0.0904
1741944570.899,4.096,4.126,0.158,-2.462,-1.305,0.8267,5.8808,136.0048,-179.5495,0.2311
1741944570.978,4.096,4.125,0.158,-2.461,-1.3018,0.8298,5.8803,136.0263,-179.6091,0.3024
1741944571.058,4.097,4.125,0.157,-2.461,-1.2953,0.8367,5.8804,136.0275,-179.6969,0.4102
1741944571.137,4.091,4.124,0.163,-2.46,-1.2865,0.8458,5.8804,136.1337,-179.725,0.4441
1741944571.217,4.079,4.124,0.176,-2.459,-1.2777,0.8552,5.8804,136.2176,-179.7628,0.489
1741944571.297,4.062,4.127,0.194,-2.461,-1.2678,0.8656,5.88,136.499,-179.6637,0.3985
1741944571.376,4.062,4.127,0.194,-2.461,-1.2605,0.8734,5.8792,136.6147,-179.6417,0.3162
1741944571.456,4.045,4.128,0.211,-2.462,-1.2545,0.8798,5.8792,136.6699,-179.6228,0.2826
1741944571.536,4.031,4.129,0.225,-2.462,-1.2499,0.884,5.8794,136.7457,-179.62,0.3271
1741944571.615,4.023,4.131,0.234,-2.464,-1.2459,0.8889,5.8797,136.7977,-179.6778,0.2865
1741944571.695,4.012,4.132,0.245,-2.465,-1.2409,0.8945,5.8799,136.8856,-179.6435,0.3282
1741944571.775,4.012,4.132,0.245,-2.464,-1.2349,0.901,5.8804,136.9875,-179.6234,0.3848
1741944571.854,4.004,4.132,0.253,-2.464,-1.2286,0.9078,5.8805,136.9936,-179.5763,0.4323
1741944571.934,3.992,4.131,0.266,-2.463,-1.2216,0.9153,5.8805,137.0956,-179.6013,0.372
1741944572.014,3.98,4.132,0.278,-2.463,-1.2145,0.9228,5.8803,137.2185,-179.5417,0.3286
1741944572.093,3.967,4.132,0.292,-2.463,-1.208,0.9298,5.8802,137.306,-179.4422,0.2743
1741944572.173,3.967,4.132,0.293,-2.462,-1.2035,0.9364,5.8806,137.4907,-179.9962,0.3952
1741944572.253,3.953,4.135,0.307,-2.464,-1.2021,0.938,5.8811,137.6302,179.666,0.6802
1741944572.332,3.944,4.135,0.316,-2.464,-1.2014,0.939,5.8816,137.6305,179.281,0.9847
1741944572.412,3.945,4.138,0.315,-2.468,-1.199,0.9414,5.8825,137.4915,178.7743,1.6153
1741944572.492,3.943,4.137,0.315,-2.469,-1.1921,0.948,5.8827,137.1597,178.5037,2.2982
1741944572.571,3.943,4.137,0.315,-2.468,-1.1822,0.9584,5.882,137.2057,178.5172,2.3776
1741944572.651,3.939,4.137,0.318,-2.469,-1.1708,0.9697,5.8815,136.9827,178.8694,2.2177
1741944572.731,3.921,4.137,0.332,-2.473,-1.1558,0.9861,5.8805,135.8999,-179.7429,0.1057
1741944572.81,3.897,4.135,0.357,-2.471,-1.1475,0.9931,5.8811,135.959,-179.4395,0.4713
1741944572.89,3.87,4.136,0.384,-2.472,-1.1462,0.9997,5.8793,135.9773,-179.6961,0.3089
1741944572.969,3.87,4.136,0.384,-2.472,-1.1423,1.0007,5.8802,135.97,-179.6776,0.7119
1741944573.049,3.858,4.133,0.395,-2.47,-1.1377,1.0034,5.8811,135.8312,-179.8077,0.8014
1741944573.129,3.857,4.135,0.397,-2.471,-1.1317,1.0103,5.8812,136.0018,-179.9606,0.4372
1741944573.208,3.853,4.132,0.4,-2.469,-1.1238,1.018,5.8815,135.7641,-179.9538,0.3167
1741944573.288,3.834,4.135,0.418,-2.473,-1.1174,1.0232,5.8823,135.4844,-179.9453,0.7281
1741944573.368,3.834,4.135,0.417,-2.473,-1.1129,1.0273,5.8823,135.0688,179.9422,0.9874
1741944573.447,3.822,4.133,0.429,-2.472,-1.1072,1.0334,5.8826,134.7909,-179.9527,0.7434
1741944573.527,3.816,4.132,0.435,-2.471,-1.1023,1.038,5.8832,134.767,-179.0641,-0.1161
1741944573.607,3.804,4.129,0.447,-2.468,-1.0981,1.0431,5.8836,134.8732,-178.6087,-0.84
1741944573.686,3.804,4.131,0.447,-2.47,-1.0914,1.0497,5.8841,135.0016,-178.1781,-1.3187
1741944573.766,3.796,4.131,0.456,-2.469,-1.0828,1.0585,5.8845,135.1199,-178.1163,-1.3334
1741944573.846,3.79,4.132,0.462,-2.47,-1.0714,1.0702,5.8852,135.1841,-178.0403,-1.426
1741944573.925,3.771,4.133,0.482,-2.47,-1.0623,1.0783,5.8829,135.6649,-178.9718,-0.3432
1741944574.005,3.753,4.132,0.499,-2.47,-1.0546,1.0879,5.8824,135.3418,-179.8346,0.1617
1741944574.085,3.753,4.134,0.499,-2.472,-1.0504,1.0917,5.882,135.4574,-179.691,0.3173
1741944574.164,3.737,4.134,0.515,-2.472,-1.0494,1.0926,5.8817,135.4746,-179.5769,0.3177
1741944574.244,3.726,4.134,0.526,-2.471,-1.0489,1.093,5.8818,135.5356,-179.5368,0.307
1741944574.323,3.724,4.134,0.528,-2.471,-1.0475,1.0941,5.8821,135.5863,-179.4715,0.324
1741944574.403,3.722,4.134,0.53,-2.471,-1.0431,1.098,5.8823,135.5894,-179.3575,0.4272
1741944574.483,3.722,4.133,0.53,-2.471,-1.037,1.1066,5.8819,135.3939,-179.6717,0.0193
1741944574.562,3.72,4.133,0.532,-2.471,-1.0282,1.1154,5.8818,135.468,-179.8187,0.126
1741944574.642,3.703,4.132,0.55,-2.469,-1.0197,1.1233,5.8825,135.7352,-179.4,0.1149
1741944574.722,3.69,4.133,0.563,-2.469,-1.0151,1.1273,5.8824,135.9232,-179.1488,0.248
1741944574.801,3.679,4.134,0.574,-2.47,-1.0118,1.1306,5.8824,135.8951,-179.087,0.238
1741944574.881,3.679,4.134,0.574,-2.471,-1.0078,1.1368,5.8818,135.653,-179.5062,0.0398
1741944574.961,3.67,4.134,0.582,-2.471,-1.0024,1.1433,5.8817,135.5064,-179.8284,-0.0588
1741944575.04,3.665,4.134,0.586,-2.473,-0.9969,1.1486,5.8819,134.8607,-179.8965,-0.2239
1741944575.12,3.649,4.136,0.601,-2.476,-0.9916,1.1529,5.882,133.9451,-179.922,-0.3284
1741944575.2,3.642,4.134,0.608,-2.474,-0.9866,1.1566,5.8818,133.0178,-179.9504,-0.3531
1741944575.279,3.642,4.134,0.609,-2.473,-0.9817,1.1602,5.8818,132.4433,-179.9382,-0.3956
1741944575.359,3.636,4.134,0.615,-2.473,-0.9773,1.1641,5.8816,132.4674,-179.9248,-0.3871
1741944575.439,3.632,4.135,0.619,-2.474,-0.9722,1.169,5.8817,132.4611,-179.9688,-0.4452
1741944575.518,3.622,4.134,0.629,-2.473,-0.9672,1.1737,5.8819,132.4792,-179.9385,-0.4761
1741944575.598,3.616,4.135,0.635,-2.474,-0.9619,1.1787,5.8821,132.5305,-179.8685,-0.4086
1741944575.678,3.616,4.133,0.635,-2.472,-0.9563,1.1836,5.8819,132.5336,-179.8469,-0.4394
1741944575.757,3.605,4.133,0.645,-2.472,-0.9507,1.1885,5.8819,132.5558,-179.7976,-0.4659
1741944575.837,3.597,4.133,0.653,-2.473,-0.9455,1.1933,5.8818,132.6679,-179.7688,-0.4106
1741944575.917,3.586,4.133,0.664,-2.473,-0.9388,1.1994,5.8815,132.7033,-179.7903,-0.4173
1741944575.996,3.578,4.132,0.672,-2.472,-0.9288,1.2089,5.8813,132.7137,-179.8724,-0.4866
1741944576.076,3.578,4.13,0.672,-2.47,-0.9167,1.2201,5.8814,132.8301,-179.7408,-0.5503
1741944576.155,3.562,4.13,0.688,-2.47,-0.9038,1.2329,5.8812,132.8813,-179.852,-0.7074
1741944576.235,3.543,4.13,0.707,-2.47,-0.8911,1.2454,5.8815,132.946,-179.8976,-0.717
1741944576.315,3.518,4.128,0.732,-2.468,-0.8794,1.2564,5.8819,133.0706,-179.8928,-0.6481
1741944576.394,3.499,4.129,0.751,-2.469,-0.8687,1.2664,5.8816,133.1191,-179.8001,-0.7073
1741944576.474,3.499,4.125,0.751,-2.465,-0.8595,1.2751,5.8812,133.1858,-179.8073,-0.7046
1741944576.554,3.48,4.125,0.77,-2.465,-0.8511,1.2805,5.8818,132.689,179.9551,-0.0173
1741944576.673,3.458,4.122,0.792,-2.462,-0.8455,1.2878,5.8832,132.8873,178.8208,0.7036
1741944576.753,3.451,4.122,0.799,-2.462,-0.8353,1.297,5.883,133.2702,178.9468,0.8996
1741944576.833,3.443,4.122,0.807,-2.462,-0.8255,1.309,5.8838,133.987,178.6032,0.899
1741944576.912,3.428,4.123,0.823,-2.462,-0.8131,1.3234,5.884,134.7815,178.5375,0.5109
1741944576.992,3.41,4.126,0.842,-2.464,-0.7986,1.3376,5.8827,135.2679,179.4033,0.083
1741944577.071,3.41,4.126,0.843,-2.462,-0.7831,1.3528,5.882,136.0495,-179.4541,-1.0114
1741944577.151,3.38,4.127,0.874,-2.462,-0.7712,1.3649,5.8823,136.2314,-179.3219,-0.9958
1741944577.231,3.35,4.126,0.904,-2.461,-0.7612,1.3763,5.8822,136.2595,-179.5098,-1.0983
1741944577.31,3.333,4.129,0.925,-2.46,-0.7519,1.3825,5.8829,137.381,-178.6986,-0.7898
1741944577.39,3.313,4.128,0.945,-2.458,-0.7455,1.3865,5.8835,137.4405,-178.1654,-0.2952
1741944577.47,3.313,4.128,0.945,-2.458,-0.7381,1.3929,5.8841,137.4989,-177.7302,0.0766
1741944577.549,3.302,4.13,0.954,-2.463,-0.7305,1.4099,5.8846,136.9398,-177.7521,-2.5185
1741944577.629,3.295,4.145,0.962,-2.476,-0.7191,1.4232,5.8844,137.1924,-177.7397,-2.6314
1741944577.709,3.278,4.134,0.977,-2.468,-0.713,1.4374,5.8837,136.6946,179.8573,-2.6582
1741944577.79,3.249,4.139,1.03,-2.442,-0.696,1.4445,5.8818,141.1863,-178.4059,1.1587
1741944577.868,3.249,4.139,1.017,-2.459,-0.6884,1.4493,5.882,139.1008,-179.0487,1.6412
1741944577.947,3.235,4.142,1.029,-2.464,-0.6868,1.4507,5.8818,138.799,-179.0294,1.1856
1741944578.027,3.217,4.133,1.044,-2.459,-0.6874,1.4528,5.8821,138.2966,179.8495,1.0326
1741944578.107,3.216,4.134,1.044,-2.461,-0.6855,1.4569,5.8829,138.0456,179.1792,1.1933
1741944578.188,3.219,4.133,1.043,-2.458,-0.6782,1.4672,5.8828,138.4161,178.8877,1.2874
1741944578.266,3.219,4.133,1.047,-2.452,-0.6687,1.4792,5.8827,139.2878,178.4695,1.2496
1741944578.346,3.212,4.139,1.058,-2.453,-0.6577,1.4932,5.8826,139.8784,178.437,1.095
1741944578.425,3.196,4.144,1.078,-2.452,-0.6422,1.5116,5.8814,140.5826,-179.9527,-0.9564
1741944578.505,3.178,4.154,1.094,-2.465,-0.632,1.5238,5.8818,140.2967,-179.6638,-1.1598
1741944578.585,3.144,4.159,1.13,-2.467,-0.6237,1.5342,5.8813,140.6103,-179.8681,-0.9928
1741944578.664,3.144,4.159,1.13,-2.467,-0.6179,1.5415,5.8811,140.5789,-179.9923,-0.909
1741944578.744,3.125,4.162,1.149,-2.47,-0.6135,1.5475,5.8813,140.5932,179.9486,-0.8641
1741944578.824,3.114,4.166,1.154,-2.481,-0.6082,1.5531,5.8815,139.7186,179.9358,-0.8475
1741944578.903,3.105,4.17,1.158,-2.492,-0.6003,1.5569,5.8829,138.8415,-179.2338,-0.522
1741944578.983,3.098,4.159,1.161,-2.487,-0.5941,1.5583,5.8836,137.9237,-178.5009,0.2232
1741944579.063,3.098,4.159,1.156,-2.494,-0.5857,1.5633,5.8838,136.4102,-178.0164,0.5337
1741944579.142,3.084,4.153,1.166,-2.493,-0.5766,1.5805,5.8841,134.1028,-177.7836,-1.8205
1741944579.222,3.065,4.159,1.185,-2.499,-0.5646,1.5945,5.8837,133.3757,-178.4483,-2.3161
1741944579.301,3.04,4.138,1.21,-2.478,-0.5574,1.6099,5.8836,132.7688,178.9378,-2.8869
1741944579.381,3.04,4.143,1.211,-2.482,-0.5405,1.6166,5.8819,134.6609,-179.5106,-1.1645
1741944579.461,3.024,4.143,1.226,-2.483,-0.5323,1.6277,5.8819,134.2644,179.5461,-0.3467
1741944579.54,2.999,4.148,1.251,-2.487,-0.53,1.6318,5.8823,134.5198,179.1046,-0.6161
1741944579.62,2.986,4.139,1.265,-2.478,-0.5283,1.6295,5.8834,134.6031,179.0748,-0.2362
1741944579.7,2.979,4.143,1.271,-2.482,-0.5263,1.6332,5.8834,134.5063,178.6504,-0.0666
1741944579.779,2.979,4.141,1.271,-2.481,-0.5183,1.6421,5.8829,134.3794,178.4317,0.2214
1741944579.859,2.984,4.141,1.266,-2.481,-0.5065,1.6547,5.8831,134.2877,178.1007,0.5919
1741944579.938,2.974,4.141,1.276,-2.481,-0.4916,1.6707,5.8823,134.2201,178.1591,0.2818
1741944580.018,2.954,4.14,1.297,-2.479,-0.4771,1.6864,5.8819,134.7051,178.3879,0.031
1741944580.098,2.921,4.141,1.333,-2.475,-0.4602,1.7008,5.881,136.6048,-178.8944,-1.132
1741944580.178,2.921,4.143,1.333,-2.477,-0.4507,1.7103,5.8831,136.5047,-178.7472,-1.5667
1741944580.257,2.897,4.143,1.357,-2.477,-0.4433,1.7181,5.8835,136.4833,-178.9783,-1.679
1741944580.337,2.874,4.139,1.38,-2.473,-0.4401,1.7205,5.8831,136.4921,-179.1501,-1.1285
1741944580.417,2.863,4.142,1.39,-2.477,-0.4388,1.7226,5.8835,136.2568,-179.8245,-0.6729
1741944580.496,2.856,4.142,1.395,-2.48,-0.4372,1.7278,5.8843,135.0467,178.9432,-0.3251
1741944580.576,2.856,4.143,1.395,-2.482,-0.4353,1.7379,5.8853,134.873,177.4602,-1.1394
1741944580.656,2.859,4.143,1.392,-2.482,-0.4268,1.7497,5.8863,134.874,176.6487,-1.2501
1741944580.735,2.846,4.15,1.405,-2.489,-0.4121,1.7649,5.887,134.7773,176.8564,-1.4494
1741944580.815,2.83,4.159,1.42,-2.499,-0.3931,1.7859,5.8846,133.9441,177.9217,-2.955
1741944580.894,2.801,4.158,1.466,-2.473,-0.3675,1.7953,5.8843,139.8471,-176.4904,-1.805
1741944580.974,2.801,4.151,1.449,-2.49,-0.3593,1.803,5.8776,132.5014,174.4729,3.0338
1741944581.054,2.76,4.151,1.49,-2.491,-0.3508,1.8119,5.8768,132.9202,176.9896,1.2406
1741944581.133,2.737,4.138,1.513,-2.478,-0.3475,1.814,5.8781,133.5373,178.6291,0.5391
1741944581.213,2.724,4.139,1.526,-2.479,-0.3456,1.8152,5.8798,133.8489,179.5089,0.1639
1741944581.293,2.72,4.139,1.53,-2.479,-0.3427,1.816,5.8816,134.0181,-179.7504,0.1885
1741944581.372,2.72,4.139,1.53,-2.479,-0.3337,1.8214,5.8842,134.0948,-178.8254,0.5204
1741944581.452,2.721,4.139,1.529,-2.479,-0.321,1.8355,5.8848,134.2394,-178.5211,0.4388
1741944581.532,2.71,4.149,1.54,-2.488,-0.304,1.8541,5.885,134.5569,-178.3387,0.2526
1741944581.611,2.69,4.159,1.561,-2.498,-0.2951,1.8736,5.8852,134.9511,-179.9108,-0.7762
1741944581.691,2.663,4.156,1.587,-2.496,-0.2875,1.8921,5.8837,133.4887,178.4299,-2.0953
1741944581.771,2.663,4.149,1.587,-2.489,-0.2784,1.9009,5.8828,133.7502,178.4489,-1.9328
1741944581.85,2.651,4.149,1.599,-2.489,-0.2713,1.907,5.8832,133.5606,178.267,-1.1634
1741944581.93,2.631,4.153,1.619,-2.493,-0.2645,1.9143,5.883,134.1866,178.3677,-0.9624
1741944582.009,2.616,4.149,1.634,-2.489,-0.2559,1.9224,5.8838,134.3089,178.531,-0.6045
1741944582.089,2.61,4.149,1.641,-2.488,-0.2465,1.9327,5.8845,134.7445,178.4604,-0.3974
1741944582.169,2.61,4.153,1.641,-2.492,-0.2375,1.9421,5.8853,134.9718,178.6221,-0.417
1741944582.248,2.589,4.153,1.662,-2.491,-0.2272,1.9542,5.8859,135.243,178.6431,-0.4668
1741944582.328,2.574,4.151,1.677,-2.489,-0.2171,1.9655,5.8853,135.453,178.6872,-0.507
1741944582.408,2.563,4.153,1.688,-2.491,-0.2058,1.9792,5.8842,135.1213,179.6962,-1.181
1741944582.487,2.539,4.154,1.715,-2.487,-0.1978,1.9914,5.8856,136.7118,-178.9368,-3.5558
1741944582.567,2.539,4.154,1.714,-2.488,-0.1936,1.9989,5.8858,136.4553,179.9083,-3.5915
1741944582.647,2.51,4.153,1.743,-2.489,-0.1856,2.0068,5.886,136.1223,179.8895,-3.439
1741944582.726,2.502,4.164,1.75,-2.501,-0.1759,2.0184,5.8857,135.7116,179.7417,-3.593
1741944582.806,2.489,4.162,1.762,-2.5,-0.1657,2.0288,5.8856,135.3627,179.8998,-3.5455
1741944582.885,2.474,4.162,1.777,-2.5,-0.1565,2.0394,5.8842,135.0539,179.7293,-3.4694
1741944582.965,2.474,4.162,1.777,-2.501,-0.1466,2.0502,5.8842,134.7689,179.5526,-3.4656
1741944583.045,2.452,4.165,1.798,-2.504,-0.1376,2.06,5.8844,134.4911,179.4197,-3.4576
1741944583.125,2.435,4.162,1.815,-2.502,-0.1287,2.0696,5.8843,134.2664,179.3795,-3.5146
1741944583.204,2.416,4.166,1.834,-2.506,-0.12,2.0785,5.8847,134.2173,179.3076,-3.314
1741944583.284,2.4,4.166,1.851,-2.505,-0.1068,2.0846,5.8841,134.7881,179.7438,-1.5906
1741944583.364,2.4,4.166,1.85,-2.506,-0.0983,2.0915,5.8836,133.4167,179.6906,0.3356
1741944583.443,2.391,4.162,1.859,-2.502,-0.0896,2.1014,5.8844,133.5588,179.9126,-0.2527
1741944583.523,2.371,4.155,1.879,-2.495,-0.082,2.1101,5.8848,133.9397,-179.9822,-0.4512
1741944583.603,2.358,4.155,1.892,-2.495,-0.0743,2.119,5.8848,134.1238,-179.9429,-0.6397
1741944583.682,2.343,4.157,1.907,-2.497,-0.0656,2.1285,5.8845,134.3193,-179.7762,-0.7743
1741944583.762,2.343,4.157,1.907,-2.497,-0.0571,2.1392,5.8845,134.3684,-179.9672,-0.9923
1741944583.841,2.332,4.156,1.918,-2.495,-0.0475,2.1508,5.8855,134.4844,-179.9698,-0.9896
1741944583.921,2.315,4.159,1.935,-2.498,-0.0378,2.1623,5.8867,134.579,179.9969,-1.0092
1741944584.001,2.297,4.157,1.954,-2.496,-0.0289,2.1724,5.8865,134.8943,-179.8071,-0.9939
1741944584.08,2.278,4.158,1.973,-2.497,-0.0195,2.183,5.8863,134.9347,-179.7079,-1.1378
1741944584.16,2.278,4.158,1.973,-2.496,-0.0105,2.1931,5.8864,135.0511,-179.6727,-1.1659
1741944584.24,2.261,4.161,1.99,-2.499,-0.0019,2.2035,5.8868,135.1562,-179.5601,-1.22
1741944584.319,2.244,4.164,2.007,-2.502,0.0068,2.2139,5.8866,135.2612,-179.5062,-1.2335
1741944584.399,2.228,4.163,2.023,-2.501,0.0155,2.2235,5.8866,135.2332,-179.5797,-1.1573
1741944584.479,2.215,4.168,2.036,-2.506,0.0244,2.233,5.8866,135.3279,-179.5695,-1.0465
1741944584.558,2.215,4.168,2.036,-2.506,0.034,2.2436,5.887,135.4218,-179.5514,-0.9077
1741944584.638,2.197,4.172,2.054,-2.509,0.043,2.2538,5.887,135.5933,-179.4791,-0.7873
1741944584.717,2.179,4.179,2.073,-2.515,0.051,2.2631,5.887,135.8732,-179.4204,-0.7474
1741944584.797,2.161,4.193,2.091,-2.529,0.0602,2.2741,5.8873,135.9033,-179.4257,-0.9075
1741944584.877,2.161,4.193,2.091,-2.529,0.0687,2.284,5.8872,136.0969,-179.4824,-0.7984
1741944584.957,2.146,4.193,2.107,-2.528,0.0773,2.2941,5.8873,136.3249,-179.409,-0.7516
1741944585.036,2.128,4.194,2.125,-2.529,0.0857,2.3046,5.8874,136.2961,-179.5733,-0.794
1741944585.116,2.115,4.196,2.138,-2.531,0.0942,2.3149,5.8875,136.3954,-179.6343,-0.7285
1741944585.195,2.096,4.196,2.157,-2.53,0.103,2.3251,5.8875,136.562,-179.5677,-0.659
1741944585.275,2.096,4.199,2.157,-2.532,0.1111,2.3345,5.8875,136.6887,-179.5645,-0.6626
1741944585.355,2.081,4.199,2.173,-2.532,0.1202,2.345,5.8872,136.8268,-179.4315,-0.6217
1741944585.434,2.065,4.199,2.189,-2.531,0.129,2.3554,5.8874,136.9597,-179.4462,-0.6223
1741944585.514,2.05,4.201,2.204,-2.533,0.1377,2.3656,5.8876,137.1226,-179.3203,-0.6083
1741944585.594,2.033,4.204,2.221,-2.535,0.1458,2.3759,5.8879,137.236,-179.5177,-0.677
1741944585.673,2.033,4.204,2.222,-2.535,0.1545,2.3864,5.888,137.3291,-179.6261,-0.593
1741944585.753,2.017,4.204,2.238,-2.535,0.1629,2.3965,5.8884,137.3522,-179.6604,-0.5281
1741944585.833,2.0,4.205,2.255,-2.535,0.1713,2.4064,5.8886,137.4341,-179.6872,-0.3906
1741944585.912,1.984,4.207,2.271,-2.536,0.1799,2.4164,5.8887,137.6391,-179.6316,-0.2824
1741944585.992,1.969,4.206,2.287,-2.533,0.1886,2.4262,5.8887,137.941,-179.5281,-0.1855
1741944586.072,1.969,4.207,2.288,-2.533,0.1969,2.4363,5.8889,138.1852,-179.533,-0.1841
1741944586.151,1.952,4.207,2.305,-2.532,0.206,2.4471,5.8888,138.4075,-179.6482,-0.1309
1741944586.231,1.935,4.21,2.323,-2.532,0.2141,2.4564,5.8889,138.778,-179.5837,-0.041
1741944586.31,1.917,4.212,2.341,-2.534,0.2227,2.4668,5.8887,138.7843,-179.7681,-0.0751
1741944586.39,1.904,4.215,2.355,-2.536,0.2308,2.4768,5.889,138.9572,-179.839,-0.1053
1741944586.47,1.904,4.214,2.356,-2.533,0.2394,2.4862,5.8892,139.2281,-179.8275,0.0899
1741944586.549,1.889,4.214,2.37,-2.533,0.2474,2.4951,5.8891,139.1683,-179.8739,0.0694
1741944586.629,1.872,4.216,2.385,-2.539,0.2564,2.5042,5.8891,138.5892,-179.8673,0.0098
1741944586.709,1.856,4.219,2.399,-2.549,0.266,2.5133,5.8891,137.4955,-179.9538,0.0477
1741944586.788,1.837,4.213,2.415,-2.548,0.2755,2.5218,5.8889,136.4095,-179.9818,-0.0452
1741944586.868,1.837,4.208,2.414,-2.546,0.2849,2.5297,5.8887,135.329,179.8928,-0.0052
1741944586.948,1.819,4.208,2.431,-2.548,0.295,2.538,5.8882,134.1073,179.7892,-0.0849
1741944587.027,1.801,4.201,2.449,-2.541,0.3043,2.5462,5.888,134.1209,179.7416,-0.3404
1741944587.107,1.788,4.2,2.462,-2.54,0.3135,2.5543,5.8879,134.2269,179.7111,-0.1427
1741944587.187,1.77,4.198,2.48,-2.537,0.3228,2.5626,5.8877,134.4434,179.7637,-0.1482
1741944587.266,1.77,4.197,2.48,-2.536,0.332,2.5704,5.8877,134.5282,179.8337,-0.1543
1741944587.346,1.757,4.197,2.493,-2.536,0.341,2.5791,5.8878,134.8185,179.808,-0.2408
1741944587.426,1.741,4.196,2.51,-2.534,0.3499,2.5878,5.8877,135.0372,179.7987,-0.2647
1741944587.505,1.725,4.197,2.526,-2.535,0.3592,2.596,5.8873,135.3493,179.918,-0.0966
1741944587.585,1.707,4.195,2.544,-2.532,0.3682,2.6043,5.8865,135.5386,179.8607,-0.1479
1741944587.664,1.707,4.195,2.545,-2.531,0.3762,2.6121,5.8863,136.0365,179.8892,-0.5405
1741944587.744,1.692,4.195,2.56,-2.529,0.3848,2.6209,5.8861,136.5991,179.9335,-0.6572
1741944587.824,1.676,4.197,2.577,-2.529,0.3925,2.6285,5.8865,136.9318,179.9223,-0.5641
1741944587.903,1.662,4.197,2.592,-2.527,0.4006,2.6379,5.8867,137.4131,179.8351,-0.702
1741944587.983,1.646,4.196,2.609,-2.524,0.4098,2.6482,5.8864,137.84,179.8503,-0.7915
1741944588.063,1.646,4.196,2.61,-2.522,0.4192,2.6584,5.886,138.2539,179.8454,-1.0731
1741944588.142,1.629,4.198,2.628,-2.52,0.4287,2.6708,5.8859,138.7835,179.7484,-1.5209
1741944588.222,1.611,4.202,2.647,-2.522,0.4375,2.6816,5.8859,139.1615,179.6137,-1.5142
1741944588.302,1.593,4.204,2.666,-2.52,0.4453,2.6904,5.8859,139.5612,179.5023,-1.3582
1741944588.381,1.577,4.205,2.683,-2.518,0.4535,2.6995,5.8857,139.9655,179.5062,-1.2133
1741944588.461,1.577,4.205,2.684,-2.516,0.4619,2.7084,5.8856,140.1867,179.494,-1.1642
1741944588.541,1.562,4.207,2.7,-2.516,0.4705,2.7185,5.8855,140.4724,179.4371,-1.4464
1741944588.62,1.547,4.207,2.719,-2.504,0.4778,2.733,5.887,141.7392,179.2283,-3.2635
1741944588.7,1.532,4.21,2.741,-2.487,0.485,2.7328,5.8862,143.4173,-179.8603,-0.2452
1741944588.859,1.514,4.215,2.754,-2.505,0.4977,2.7525,5.8867,142.3665,179.6082,-2.3498
1741944588.939,1.505,4.22,2.765,-2.505,0.5097,2.7574,5.8852,142.7754,-179.7617,1.4033
1741944589.018,1.491,4.212,2.778,-2.499,0.5216,2.7697,5.8859,142.6382,179.9163,0.4519
1741944589.098,1.471,4.212,2.799,-2.494,0.532,2.7852,5.8877,142.9971,179.3697,-2.2676
1741944589.178,1.45,4.215,2.819,-2.499,0.5409,2.7974,5.887,142.8252,179.2949,-2.6563
1741944589.257,1.45,4.215,2.819,-2.501,0.5483,2.8088,5.8864,142.6848,178.9287,-3.0855
1741944589.337,1.433,4.215,2.835,-2.502,0.5548,2.8163,5.8861,142.6265,179.1361,-2.5332
1741944589.417,1.416,4.217,2.851,-2.506,0.5611,2.8266,5.8861,142.4332,178.9355,-2.965
1741944589.496,1.403,4.218,2.862,-2.512,0.5684,2.8383,5.886,141.9864,178.7319,-2.9769
1741944589.576,1.391,4.219,2.868,-2.531,0.5787,2.8472,5.8853,140.0735,178.6955,-2.7715
1741944589.656,1.391,4.219,2.863,-2.546,0.5883,2.8552,5.885,137.9786,178.6705,-2.9111
1741944589.735,1.373,4.215,2.878,-2.552,0.5977,2.8604,5.8846,135.6851,178.7457,-2.7641
1741944589.815,1.355,4.209,2.895,-2.548,0.6065,2.8667,5.8845,134.5192,178.7256,-2.6442
1741944589.895,1.341,4.21,2.909,-2.55,0.6154,2.8744,5.8848,134.1501,178.6196,-2.5037
1741944589.974,1.328,4.21,2.922,-2.55,0.6263,2.8839,5.8849,134.2559,178.5048,-2.5967
1741944590.054,1.328,4.21,2.922,-2.549,0.6374,2.8968,5.8852,134.5714,178.3423,-3.2908
1741944590.134,1.311,4.211,2.939,-2.55,0.6474,2.9101,5.8857,134.8099,177.9836,-4.7409
1741944590.213,1.292,4.207,2.958,-2.546,0.6583,2.9196,5.8856,134.5287,178.0843,-4.4695
1741944590.293,1.272,4.207,2.978,-2.547,0.6667,2.926,5.8857,134.046,178.1148,-4.2029
1741944590.373,1.256,4.204,2.994,-2.544,0.6699,2.9316,5.887,133.8832,177.307,-4.3222
1741944590.452,1.256,4.204,2.994,-2.544,0.6723,2.9395,5.8879,134.1746,176.5823,-4.2499
1741944590.532,1.247,4.206,3.003,-2.546,0.6797,2.9483,5.8883,134.0755,176.3691,-3.5112
1741944590.611,1.241,4.207,3.009,-2.546,0.6919,2.9601,5.8881,134.637,176.1385,-3.3714
1741944590.691,1.227,4.204,3.023,-2.543,0.7041,2.9723,5.8887,134.6181,176.0652,-3.3444
1741944590.771,1.227,4.2,3.023,-2.539,0.7175,2.9848,5.888,135.0247,176.2636,-3.5854
1741944590.85,1.202,4.2,3.048,-2.538,0.7295,2.999,5.8872,135.1295,176.697,-4.4008
1741944590.93,1.176,4.199,3.074,-2.538,0.7442,3.0049,5.8857,134.676,178.3414,-4.164
1741944591.01,1.154,4.2,3.096,-2.538,0.7529,3.0155,5.8855,135.17,177.968,-5.2587
1741944591.089,1.136,4.196,3.114,-2.535,0.7591,3.023,5.8863,134.7823,177.9214,-6.2883
1741944591.169,1.136,4.195,3.114,-2.534,0.7603,3.0259,5.8868,134.8729,177.5078,-6.4899
1741944591.249,1.121,4.195,3.13,-2.533,0.759,3.0279,5.887,135.2735,176.5553,-7.1881
1741944591.328,1.114,4.198,3.137,-2.534,0.7601,3.0309,5.8868,135.904,175.4735,-7.6027
1741944591.408,1.114,4.2,3.137,-2.536,0.7643,3.0462,5.8878,136.0965,174.7281,-8.5817
1741944591.487,1.108,4.206,3.143,-2.543,0.7783,3.0599,5.8874,135.7681,174.8152,-7.9637
1741944591.567,1.108,4.211,3.146,-2.537,0.7936,3.0879,5.8888,138.1504,174.5009,-12.6686
1741944591.647,1.087,4.211,3.164,-2.546,0.8109,3.1084,5.8877,136.2613,175.8508,-11.3432
1741944591.726,1.059,4.208,3.192,-2.542,0.8282,3.1133,5.8896,136.4504,176.7611,-7.5151
1741944591.806,1.027,4.204,3.224,-2.538,0.8352,3.1279,5.8906,136.464,177.4334,-6.6082
1741944591.886,1.007,4.186,3.244,-2.521,0.8378,3.1385,5.8915,136.348,176.0971,-5.4263
1741944591.965,1.007,4.188,3.244,-2.524,0.8451,3.1432,5.8925,135.9626,175.7559,-6.3924
1741944592.045,0.996,4.188,3.255,-2.524,0.8525,3.1477,5.8924,135.8554,175.3836,-5.9178
1741944592.125,0.982,4.188,3.269,-2.525,0.8613,3.1585,5.8921,135.8178,175.0001,-6.1259
1741944592.204,0.971,4.191,3.279,-2.531,0.8757,3.1665,5.8912,133.5129,177.0285,-7.4612
1741944592.284,0.954,4.19,3.296,-2.53,0.9072,3.1114,5.8843,133.7671,176.3263,-3.2764
1741944592.364,0.954,4.194,3.297,-2.53,0.9081,3.134,5.8834,136.0469,175.243,-4.2917
1741944592.443,0.936,4.194,3.322,-2.5,0.9061,3.1727,5.8842,140.7838,173.0746,-10.2174
1741944592.523,0.917,4.191,3.343,-2.487,0.9099,3.2107,5.8834,141.8455,173.1345,-11.9081
1741944592.603,0.901,4.194,3.359,-2.487,0.9153,3.2391,5.8864,142.0604,173.5321,-13.5781
1741944592.682,0.876,4.195,3.384,-2.486,0.9155,3.2668,5.8856,142.2601,173.4191,-13.1634
1741944592.762,0.876,4.191,3.385,-2.476,0.914,3.2872,5.8862,142.7515,172.3261,-10.954
1741944592.841,0.86,4.191,3.402,-2.471,0.9205,3.3021,5.8874,143.2043,172.978,-11.7561
1741944592.921,0.849,4.194,3.411,-2.487,0.9158,3.3346,5.8841,142.1086,172.1036,-14.5714
1741944593.001,0.829,4.196,3.432,-2.482,0.9171,3.3385,5.8899,142.6854,171.0892,-13.4588
1741944593.24,0.807,4.222,3.45,-2.524,0.9231,3.3291,5.8997,141.1643,171.111,-11.357
1741944593.319,0.816,4.091,3.441,-2.398,0.9325,3.3266,5.9037,140.8088,172.0678,-10.0877
1741944593.399,0.806,4.216,3.45,-2.526,0.9396,3.328,5.9026,140.306,170.764,-9.3212
1741944593.479,0.796,4.208,3.459,-2.52,0.9562,3.3354,5.9016,140.1423,170.6124,-8.3031
1741944593.718,0.75,4.211,3.507,-2.513,1.0035,3.3692,5.892,141.2356,173.1729,-10.3742
1741944593.797,0.721,4.077,3.536,-2.378,1.0095,3.3724,5.8894,141.4116,171.5567,-9.787
1741944593.877,0.703,4.076,3.554,-2.374,1.0096,3.3815,5.8897,141.7155,171.6814,-9.9521
1741944593.957,0.697,4.076,3.558,-2.385,1.0196,3.3778,5.8882,140.618,172.2151,-8.9626
1741944594.036,0.697,3.094,3.556,-1.421,1.0316,3.3757,5.8868,138.8301,172.9366,-7.9536
1741944594.116,0.688,4.078,3.566,-2.391,1.0399,3.3837,5.8887,140.0453,173.83,-10.9857
1741944594.196,0.671,4.213,3.582,-2.537,1.0502,3.3872,5.8882,138.4936,176.8708,-8.4876
1741944594.275,0.667,4.198,3.585,-2.529,1.0579,3.4027,5.8883,137.3481,176.7364,-10.8937
1741944594.355,0.667,4.198,3.584,-2.532,1.0701,3.4152,5.8913,136.5981,176.1386,-9.8834
1741944594.434,0.653,4.197,3.598,-2.53,1.0812,3.4248,5.8937,136.908,174.3148,-10.2595
1741944594.514,0.633,4.207,3.618,-2.538,1.0998,3.4278,5.8914,137.3278,176.2809,-5.958
1741944594.594,0.608,4.212,3.643,-2.546,1.1066,3.4318,5.8898,136.534,172.5737,-4.1293
1741944594.673,0.587,4.207,3.664,-2.54,1.1101,3.4376,5.8888,136.8306,172.8879,-5.5215
1741944594.754,0.587,4.207,3.664,-2.541,1.1156,3.433,5.8887,136.6359,174.0446,-5.7703
1741944594.833,0.567,4.207,3.685,-2.535,1.1144,3.4379,5.888,137.8346,173.8556,-10.1653
1741944594.912,0.567,4.206,3.686,-2.525,1.1114,3.4407,5.8862,139.2764,172.0217,-11.2664
1741944594.992,0.566,4.207,3.686,-2.529,1.1088,3.4456,5.8859,138.7591,172.3745,-11.0863
1741944595.072,0.573,4.207,3.679,-2.531,1.1031,3.4507,5.8857,138.5265,173.0684,-10.0943
1741944595.152,0.573,4.207,3.679,-2.536,1.099,3.4421,5.8859,137.6692,173.5957,-10.0609
1741944595.231,0.569,4.206,3.683,-2.531,1.0842,3.4387,5.8879,138.345,173.604,-10.2122
1741944595.311,0.582,4.206,3.669,-2.536,1.0726,3.4269,5.8917,137.4929,172.3503,-10.3732
1741944595.39,0.593,4.212,3.659,-2.538,1.077,3.4142,5.8942,138.0987,179.2567,-10.9565
1741944595.47,0.611,4.217,3.639,-2.554,1.0654,3.3982,5.8921,135.561,178.2427,-10.3666
1741944595.55,0.611,4.217,3.64,-2.55,1.0564,3.3729,5.8904,136.8478,177.2747,-8.1072
1741944595.629,0.635,4.207,3.615,-2.547,1.0328,3.3617,5.8867,132.6238,172.5221,-8.5798
1741944595.709,0.661,4.196,3.591,-2.526,1.0225,3.3401,5.8854,137.5165,172.6681,-8.2935
1741944595.788,0.689,4.204,3.563,-2.529,1.0102,3.3287,5.8857,138.3193,172.494,-8.6506
1741944595.868,0.708,4.204,3.545,-2.523,0.9966,3.3245,5.8867,139.1738,171.8239,-8.2272
1741944595.948,0.708,4.204,3.545,-2.526,0.9905,3.319,5.8882,138.7679,171.9455,-6.8193
1741944596.027,0.726,4.207,3.527,-2.532,0.9831,3.3145,5.8882,138.4097,172.4301,-6.1101
1741944596.107,0.736,4.209,3.515,-2.543,0.9764,3.3015,5.8903,136.5745,172.6458,-5.8029
1741944596.188,0.751,4.206,3.501,-2.533,0.9687,3.2904,5.8931,138.0785,171.5837,-7.2468
1741944596.266,0.768,4.194,3.487,-2.509,0.959,3.2858,5.8957,139.7285,172.1016,-11.006
1741944596.346,0.768,4.194,3.487,-2.505,0.9468,3.2791,5.8932,140.1982,173.6825,-11.6439
1741944596.426,0.786,4.2,3.47,-2.507,0.9425,3.2576,5.8957,140.6371,178.9363,-7.3954
1741944596.505,0.804,4.206,3.447,-2.543,0.9356,3.2471,5.896,135.5621,-179.9016,-6.6412
1741944596.585,0.833,4.192,3.418,-2.527,0.9276,3.2323,5.8965,136.1632,178.6511,-5.8301
1741944596.664,0.849,4.191,3.402,-2.526,0.9177,3.2173,5.8942,136.2301,177.3477,-4.8518
1741944596.744,0.849,4.191,3.404,-2.517,0.9035,3.208,5.8918,138.1328,175.6142,-5.227
1741944596.824,0.865,4.19,3.389,-2.51,0.8899,3.2051,5.8915,139.13,172.6304,-7.4275
1741944596.904,0.883,4.192,3.374,-2.498,0.8817,3.1999,5.8931,140.7601,171.8831,-10.7432
1741944596.983,0.896,4.206,3.36,-2.519,0.8676,3.1991,5.8931,139.9962,172.2525,-8.9701
1741944597.063,0.912,4.202,3.343,-2.517,0.8539,3.1913,5.8919,139.7935,172.3612,-9.652
1741944597.142,0.912,4.202,3.34,-2.532,0.848,3.1724,5.8891,137.4109,173.8858,-8.1206
1741944597.222,0.934,4.196,3.318,-2.525,0.8354,3.1665,5.8877,137.6071,173.7625,-7.2987
1741944597.302,0.958,4.194,3.294,-2.524,0.8253,3.1663,5.8856,137.5102,173.9072,-7.2012
1741944597.381,0.973,4.195,3.28,-2.523,0.8217,3.1507,5.8872,137.7688,174.6919,-6.4537
1741944597.461,0.988,4.192,3.265,-2.519,0.8115,3.1421,5.8877,138.038,175.398,-5.8149
1741944597.541,0.988,4.192,3.265,-2.521,0.8,3.1384,5.8895,137.7422,175.8421,-8.1706
1741944597.62,1.007,4.193,3.247,-2.517,0.7889,3.1308,5.8927,138.5287,174.0314,-10.4451
1741944597.7,1.024,4.2,3.229,-2.528,0.7809,3.1167,5.8948,137.8436,174.0289,-10.6942
1741944597.779,1.04,4.209,3.214,-2.532,0.7716,3.1057,5.8967,138.6256,173.8916,-11.9621
1741944597.859,1.058,4.208,3.196,-2.533,0.7621,3.0981,5.8959,138.3574,174.696,-11.4857
1741944597.939,1.058,4.208,3.195,-2.538,0.775,3.0579,5.8812,137.4411,176.3811,-10.014
1741944598.018,1.075,4.207,3.178,-2.535,0.7598,3.0446,5.8822,137.8344,176.1204,-8.7932
1741944598.098,1.092,4.204,3.158,-2.544,0.7376,3.0272,5.8841,132.8163,174.9433,-5.055
1741944598.178,1.117,4.199,3.134,-2.537,0.7203,3.0205,5.8883,135.3256,175.5739,-4.8134
1741944598.257,1.144,4.197,3.108,-2.531,0.7116,3.006,5.8909,136.5399,174.8716,-4.4547
1741944598.337,1.144,4.197,3.108,-2.531,0.7045,2.9981,5.8917,136.6675,174.9793,-4.9505
1741944598.417,1.163,4.2,3.089,-2.532,0.698,2.985,5.8913,136.9856,175.4062,-4.0945
1741944598.496,1.177,4.197,3.075,-2.528,0.6898,2.9725,5.8908,137.1553,176.0191,-4.1218
1741944598.576,1.193,4.197,3.06,-2.528,0.679,2.9558,5.8897,137.296,176.1842,-4.1356
1741944598.656,1.214,4.194,3.038,-2.528,0.6708,2.9466,5.8875,136.5121,176.3301,-4.3307
1741944598.735,1.214,4.194,3.039,-2.525,0.6614,2.9582,5.8868,137.2197,177.9898,-11.0587
1741944598.815,1.239,4.194,3.014,-2.525,0.6484,2.9503,5.8862,137.2092,176.1436,-9.1042
1741944598.894,1.253,4.204,2.998,-2.539,0.6373,2.9433,5.8872,136.3027,176.1265,-7.9973
1741944598.974,1.272,4.209,2.979,-2.546,0.6257,2.9366,5.8885,135.5466,176.7035,-7.1597
1741944599.054,1.289,4.212,2.961,-2.551,0.6137,2.9198,5.8888,135.0256,177.4554,-6.0994
1741944599.133,1.289,4.212,2.961,-2.551,0.6018,2.9032,5.889,134.6413,177.9832,-5.3547
1741944599.213,1.308,4.215,2.942,-2.555,0.5884,2.8855,5.8896,134.1163,178.0023,-4.2528
1741944599.293,1.33,4.219,2.92,-2.559,0.5746,2.8769,5.8909,134.1784,177.8244,-5.8907
1741944599.372,1.358,4.222,2.892,-2.562,0.5631,2.8643,5.8903,133.7747,178.0238,-5.2105
1741944599.452,1.381,4.222,2.869,-2.562,0.5535,2.854,5.8897,133.5133,178.4144,-4.581
1741944599.532,1.381,4.222,2.869,-2.562,0.5442,2.8404,5.8895,133.2672,178.5484,-3.8196
1741944599.612,1.4,4.229,2.85,-2.569,0.5334,2.8292,5.8895,132.9524,178.4315,-4.0373
1741944599.691,1.417,4.23,2.833,-2.57,0.5229,2.8171,5.8886,132.9364,178.4666,-3.4655
1741944599.771,1.435,4.233,2.815,-2.573,0.5126,2.8049,5.8884,133.0279,178.444,-3.6535
1741944599.85,1.454,4.233,2.796,-2.573,0.4998,2.7918,5.8882,133.1289,178.2909,-3.5865
1741944599.93,1.454,4.234,2.796,-2.574,0.4879,2.7796,5.8887,133.0119,178.6199,-3.3469
1741944600.01,1.472,4.236,2.778,-2.576,0.4753,2.7678,5.8884,132.8982,178.6696,-3.1242
1741944600.089,1.493,4.236,2.757,-2.576,0.4639,2.7555,5.8879,132.8093,178.8572,-2.7404
1741944600.169,1.512,4.242,2.738,-2.582,0.4537,2.7424,5.8877,133.2076,179.0471,-1.3131
1741944600.249,1.533,4.242,2.717,-2.582,0.4435,2.7321,5.8879,132.778,179.0991,-1.2484
1741944600.328,1.533,4.243,2.717,-2.583,0.4343,2.7231,5.8881,132.7553,179.0841,-1.3954
1741944600.408,1.551,4.239,2.699,-2.578,0.424,2.7134,5.8878,132.52,179.2569,-1.1951
1741944600.488,1.569,4.233,2.681,-2.572,0.4136,2.7037,5.8879,132.4027,179.3184,-1.3861
1741944600.567,1.583,4.23,2.668,-2.566,0.4071,2.6837,5.8901,131.0807,179.6614,-0.7907
1741944600.647,1.603,4.23,2.648,-2.566,0.3947,2.6739,5.8856,131.0695,179.5343,-0.8432
1741944600.727,1.603,4.219,2.648,-2.556,0.3824,2.6663,5.8841,131.2743,179.4946,-0.9427
1741944600.806,1.622,4.226,2.628,-2.565,0.3697,2.662,5.885,132.2214,179.4853,-1.4423
1741944600.886,1.639,4.228,2.611,-2.568,0.3571,2.6553,5.8858,132.9479,179.4803,-0.9973
1741944600.965,1.658,4.226,2.592,-2.566,0.3452,2.6481,5.8867,134.0706,179.5678,-0.6006
1741944601.045,1.671,4.226,2.58,-2.564,0.3341,2.64,5.8874,135.3163,179.6368,-0.4615
1741944601.125,1.671,4.25,2.58,-2.586,0.3234,2.6311,5.8884,135.8903,179.7144,-0.3809
1741944601.204,1.687,4.243,2.564,-2.58,0.3132,2.6213,5.8887,135.6412,179.7794,-0.3882
1741944601.284,1.704,4.249,2.547,-2.586,0.3032,2.6113,5.8887,135.4995,179.813,-0.3935
1741944601.364,1.722,4.247,2.53,-2.582,0.2949,2.6022,5.8887,136.2003,179.8452,0.0709
1741944601.443,1.737,4.247,2.516,-2.58,0.288,2.5932,5.8888,136.7667,179.92,0.74
1741944601.523,1.737,4.244,2.516,-2.577,0.2817,2.5854,5.8888,136.7244,179.9665,0.7252
1741944601.603,1.753,4.247,2.5,-2.58,0.2742,2.5766,5.8887,136.717,-179.8629,0.9895
1741944601.682,1.762,4.246,2.491,-2.579,0.2662,2.5664,5.8886,136.7979,-179.6649,1.5605
1741944601.762,1.779,4.244,2.474,-2.576,0.2575,2.5564,5.8887,137.0499,-179.6914,1.4249
1741944601.842,1.779,4.244,2.475,-2.575,0.2482,2.5477,5.8899,137.1712,-179.7241,0.9687
1741944601.921,1.795,4.244,2.459,-2.575,0.2393,2.5391,5.8899,137.223,-179.8437,0.7292
1741944602.001,1.81,4.248,2.444,-2.58,0.2307,2.5306,5.8894,137.0908,-179.8442,0.4512
1741944602.081,1.828,4.244,2.426,-2.576,0.223,2.5218,5.8891,137.1167,-179.8824,0.4087
1741944602.16,1.841,4.247,2.413,-2.578,0.216,2.5138,5.8886,137.1489,-179.8801,0.306
1741944602.24,1.841,4.247,2.413,-2.578,0.2104,2.5064,5.8882,137.21,-179.8547,0.3424
1741944602.319,1.859,4.242,2.394,-2.575,0.2063,2.4999,5.8879,136.6917,-179.7842,0.2846
1741944602.399,1.871,4.244,2.381,-2.58,0.2033,2.4952,5.8879,136.0502,-179.7874,0.2037
1741944602.479,1.878,4.244,2.373,-2.581,0.2014,2.4919,5.8879,135.6526,-179.7391,0.2206
1741944602.558,1.884,4.236,2.367,-2.573,0.1994,2.4897,5.8885,135.5382,-179.6471,0.0924
1741944602.638,1.884,4.236,2.367,-2.573,0.1963,2.4862,5.8886,135.6311,-179.5915,0.0619
1741944602.718,1.889,4.236,2.363,-2.573,0.1911,2.4815,5.8887,135.7837,-179.5753,-0.1203
1741944602.797,1.893,4.233,2.359,-2.569,0.1851,2.4749,5.8887,135.9203,-179.5936,-0.0881
1741944602.877,1.902,4.237,2.35,-2.573,0.1789,2.4678,5.8888,136.0163,-179.5699,-0.0615
1741944602.957,1.915,4.235,2.337,-2.57,0.1722,2.4603,5.8883,136.1831,-179.5477,-0.1527
1741944603.036,1.915,4.235,2.337,-2.57,0.1649,2.4511,5.8877,136.3511,-179.4904,-0.1374
1741944603.116,1.926,4.235,2.327,-2.569,0.1539,2.4383,5.8878,136.6198,-179.5219,-0.2075
1741944603.196,1.939,4.237,2.314,-2.57,0.142,2.4235,5.8876,136.8731,-179.45,-0.1821
1741944603.275,1.939,4.236,2.315,-2.568,0.1294,2.4078,5.8874,137.1148,-179.4431,-0.2355
1741944603.355,1.988,4.236,2.266,-2.567,0.1154,2.3909,5.8865,137.1632,-179.4292,-0.3235
1741944603.434,1.988,4.236,2.266,-2.567,0.1032,2.3758,5.8859,137.3024,-179.5095,-0.2836
1741944603.514,2.014,4.234,2.24,-2.565,0.0927,2.3634,5.8861,137.3019,-179.4802,-0.4568
1741944603.594,2.04,4.237,2.215,-2.567,0.0832,2.3522,5.8865,137.4035,-179.4822,-0.4402
1741944603.673,2.059,4.235,2.195,-2.566,0.0749,2.3415,5.8868,137.2169,-179.5308,-0.3825
1741944603.753,2.075,4.235,2.178,-2.569,0.0666,2.3306,5.8866,136.6658,-179.4408,-0.5926
1741944603.833,2.075,4.235,2.177,-2.571,0.0577,2.3187,5.8859,136.0766,-179.4424,-0.6544
1741944603.912,2.09,4.231,2.161,-2.569,0.0485,2.3063,5.8853,135.4157,-179.4064,-0.7829
1741944603.992,2.106,4.228,2.145,-2.565,0.04,2.2933,5.8854,135.5249,-179.2642,-0.2887
1741944604.072,2.125,4.216,2.126,-2.555,0.0313,2.2815,5.8853,134.9346,-179.4878,-0.6057
1741944604.151,2.142,4.192,2.108,-2.532,0.0212,2.2684,5.8855,134.0847,-179.3661,-0.5968
1741944604.231,2.142,4.192,2.108,-2.532,0.0118,2.2566,5.8865,133.6245,-179.4957,-0.4537
1741944604.31,2.163,4.19,2.087,-2.53,0.0025,2.2455,5.8867,133.1801,-179.5419,-0.5672
1741944604.39,2.18,4.187,2.07,-2.527,-0.0066,2.233,5.8857,132.8313,-179.3621,-0.3285
1741944604.47,2.198,4.184,2.052,-2.524,-0.0159,2.2206,5.8855,132.6658,-179.4587,-0.1942
1741944604.549,2.217,4.179,2.033,-2.518,-0.0252,2.2072,5.8845,132.3053,-179.4592,-0.1303
1741944604.629,2.217,4.179,2.034,-2.517,-0.0339,2.195,5.8842,131.8646,-179.4183,0.0711
1741944604.709,2.236,4.181,2.015,-2.519,-0.0429,2.182,5.8846,131.8073,-179.4223,0.2899
1741944604.789,2.256,4.175,1.996,-2.512,-0.0511,2.1694,5.8845,131.3743,-179.3275,0.8401
1741944604.868,2.274,4.175,1.979,-2.51,-0.059,2.1586,5.8841,130.5876,-179.0478,0.7362
1741944604.948,2.289,4.175,1.965,-2.507,-0.0675,2.1459,5.8844,130.0245,-178.8439,0.9468
1741944605.027,2.289,4.175,1.964,-2.509,-0.0767,2.1343,5.8849,130.3762,-178.8947,0.4028
1741944605.107,2.309,4.173,1.944,-2.507,-0.0859,2.1242,5.8847,130.5177,-179.6732,-0.9528
1741944605.187,2.327,4.172,1.926,-2.506,-0.0934,2.1124,5.884,130.4171,-179.3881,-0.0704
1741944605.266,2.344,4.171,1.918,-2.489,-0.1022,2.1068,5.8849,127.6676,-179.1561,-2.4998
1741944605.346,2.365,4.171,1.894,-2.495,-0.1089,2.0975,5.8846,128.5467,-179.4353,-2.8526
1741944605.426,2.365,4.171,1.895,-2.493,-0.1128,2.0852,5.8846,128.1594,-178.7713,-0.8475
1741944605.505,2.377,4.168,1.883,-2.49,-0.1166,2.0725,5.8834,128.2021,-178.0396,0.1805
1741944605.585,2.397,4.161,1.858,-2.492,-0.1218,2.0624,5.8839,129.6879,-178.6844,-1.6963
1741944605.665,2.411,4.159,1.841,-2.495,-0.127,2.0515,5.8844,131.036,-179.353,-1.876
1741944605.744,2.423,4.159,1.835,-2.485,-0.1334,2.043,5.8863,128.8476,-178.5062,-4.4716
1741944605.824,2.423,4.156,1.852,-2.453,-0.1455,2.0275,5.886,125.2462,-178.5772,-4.9223
1741944606.7,2.817,4.48,1.473,-2.756,-0.3031,1.9259,5.8778,123.8396,-176.3337,-3.1682
1741944606.78,2.696,4.279,1.566,-2.6,-0.3129,1.9132,5.88,128.0444,-174.9757,-1.1152
1741944606.859,2.646,4.196,1.604,-2.535,-0.3261,1.9079,5.8805,132.4693,-175.8438,-1.7388
1741944606.939,2.649,4.196,1.605,-2.529,-0.3396,1.9006,5.8819,136.7188,-176.4754,-1.9971
1741944607.019,2.649,4.188,1.64,-2.467,-0.362,1.8922,5.8803,143.3288,179.4836,-3.794
1741944607.576,2.804,4.361,1.488,-2.635,-0.386,1.8424,5.8849,143.4498,-177.4585,-2.5528
1741944607.656,2.806,4.331,1.448,-2.665,-0.3951,1.8199,5.8857,136.5426,-177.4756,-2.1831
1741944607.736,2.806,4.331,1.455,-2.654,-0.4083,1.7922,5.8856,128.4694,-177.4967,-1.4753
1741944607.815,2.769,4.216,1.488,-2.545,-0.4296,1.7619,5.8821,129.3287,178.8873,-0.5746
1741944608.373,3.058,4.401,1.233,-2.681,-0.533,1.7193,5.8803,124.0583,-178.389,-3.5106
1741944608.452,2.981,4.279,1.301,-2.574,-0.5493,1.7073,5.8804,125.1419,-178.7468,-2.839
1741944608.532,2.981,4.279,1.302,-2.571,-0.5632,1.6963,5.8795,124.9279,-179.2823,-2.3291
1741944608.612,2.968,4.248,1.316,-2.54,-0.5749,1.6864,5.8783,124.8554,-179.5216,-1.9941
1741944608.691,2.991,4.252,1.293,-2.544,-0.5872,1.6765,5.8781,124.8442,-179.6975,-1.6665
1741944608.771,3.014,4.253,1.271,-2.544,-0.5995,1.6666,5.8783,124.8202,-179.6378,-1.4149
1741944608.85,3.027,4.257,1.256,-2.551,-0.6111,1.6638,5.8806,125.0774,179.5884,-3.0406
1741944608.93,3.027,4.257,1.251,-2.557,-0.6202,1.6584,5.8814,125.6737,179.709,-3.3848
1741944609.01,3.048,4.268,1.216,-2.589,-0.6297,1.6532,5.8813,128.0736,-179.9635,-3.5089
1741944609.089,3.06,4.269,1.192,-2.606,-0.6391,1.6458,5.8812,131.4152,-179.8369,-3.4746
1741944609.169,3.047,4.247,1.206,-2.583,-0.6474,1.6367,5.8816,130.9128,-176.5435,-4.3068
1741944609.249,3.049,4.227,1.203,-2.564,-0.6575,1.6197,5.8815,131.2264,-176.9637,-1.9744
1741944609.328,3.049,4.227,1.205,-2.562,-0.6721,1.6059,5.88,130.7485,-177.7614,-0.514
1741944609.408,3.076,4.221,1.184,-2.548,-0.6926,1.5979,5.8766,128.9676,175.7138,-2.1097
1741944609.488,3.098,4.238,1.159,-2.568,-0.7069,1.5839,5.8778,129.6598,176.7019,-1.4309
1741944609.567,3.128,4.234,1.126,-2.569,-0.72,1.5729,5.8792,130.7135,177.1202,-1.0778
1741944609.647,3.147,4.235,1.108,-2.568,-0.7289,1.5628,5.8805,130.2895,176.8913,-0.0051
1741944609.727,3.147,4.235,1.108,-2.568,-0.735,1.5549,5.881,130.2314,177.1042,0.3938
1741944609.806,3.166,4.234,1.09,-2.566,-0.7465,1.5424,5.88,129.9321,177.6056,0.498
1741944609.886,3.183,4.235,1.074,-2.566,-0.759,1.5283,5.8808,129.6938,178.3709,0.6193
1741944609.965,3.203,4.238,1.053,-2.57,-0.774,1.5152,5.8813,130.008,178.6695,0.6986
1741944610.045,3.234,4.244,1.03,-2.565,-0.7861,1.5086,5.88,128.1201,-179.4736,-2.5706
1741944610.125,3.234,4.244,1.025,-2.572,-0.7988,1.504,5.8809,129.2671,178.8847,-3.2415
1741944610.205,3.256,4.245,1.0,-2.577,-0.8048,1.4988,5.8811,130.0587,179.4141,-3.4899
1741944610.284,3.26,4.257,0.991,-2.595,-0.8114,1.4939,5.8813,131.9364,179.9282,-3.3411
1741944610.364,3.274,4.257,0.976,-2.597,-0.8198,1.488,5.8818,134.2191,-179.9656,-3.3283
1741944610.443,3.279,4.252,0.974,-2.588,-0.8247,1.4764,5.8829,135.8535,-177.4647,-3.8586
1741944610.523,3.279,4.252,0.975,-2.587,-0.8332,1.4599,5.8828,136.3594,-177.2645,-2.1406
1741944610.603,3.293,4.243,0.959,-2.581,-0.8444,1.4435,5.8825,135.376,-176.8009,0.0043
1741944610.682,3.313,4.236,0.938,-2.574,-0.8568,1.4306,5.8821,135.0863,-177.2881,0.0883
1741944610.762,3.333,4.25,0.918,-2.589,-0.8676,1.4182,5.8824,134.7623,-177.4881,0.474
1741944610.842,3.357,4.25,0.894,-2.589,-0.8795,1.4065,5.8824,134.4891,-177.6906,0.3898
1741944610.921,3.357,4.247,0.894,-2.586,-0.8899,1.3968,5.884,134.8956,-179.0602,1.3781
1741944611.001,3.377,4.233,0.874,-2.572,-0.8982,1.3883,5.8847,134.5308,-179.5967,1.9673
1741944611.081,3.393,4.237,0.857,-2.577,-0.9097,1.3766,5.8856,134.153,-179.8198,2.1168
1741944611.16,3.415,4.226,0.835,-2.566,-0.9234,1.3623,5.8852,133.366,-179.5164,1.9144
1741944611.24,3.437,4.226,0.815,-2.564,-0.9357,1.3473,5.8845,135.3747,-176.5016,0.59
1741944611.32,3.437,4.227,0.813,-2.566,-0.949,1.3339,5.8841,134.4088,-177.0703,0.8744
1741944611.399,3.461,4.251,0.789,-2.591,-0.9611,1.3231,5.8834,133.6323,-177.5503,0.8124
1741944611.479,3.488,4.251,0.762,-2.591,-0.9721,1.3131,5.8829,133.3036,-177.9509,0.9426
1741944611.558,3.507,4.25,0.743,-2.59,-0.9826,1.3034,5.8829,132.9663,-178.1716,0.8903
1741944611.638,3.521,4.25,0.729,-2.59,-0.9936,1.2933,5.8826,132.6919,-178.2254,0.8789
1741944611.718,3.521,4.246,0.73,-2.585,-1.0038,1.2834,5.8828,132.5195,-178.2018,0.8751
1741944611.797,3.54,4.249,0.711,-2.588,-1.0159,1.2718,5.883,132.3463,-178.134,0.9538
1741944611.877,3.561,4.253,0.69,-2.592,-1.0281,1.2602,5.8826,132.1236,-178.1413,0.9125
1741944611.957,3.581,4.254,0.67,-2.593,-1.0417,1.2471,5.8827,132.0031,-178.1736,0.9319
1741944612.036,3.603,4.254,0.648,-2.592,-1.0552,1.2358,5.8833,131.8929,-178.2766,0.8908
1741944612.116,3.603,4.245,0.649,-2.583,-1.0675,1.2244,5.8834,131.7163,-178.273,0.9793
1741944612.196,3.626,4.241,0.626,-2.579,-1.0791,1.2139,5.8836,131.6512,-178.1667,1.0264
1741944612.275,3.647,4.253,0.605,-2.591,-1.0885,1.2066,5.8847,131.7547,-178.1152,0.3475
1741944612.355,3.663,4.254,0.589,-2.592,-1.0996,1.1944,5.8837,131.7948,-178.1071,0.9285
1741944612.435,3.682,4.254,0.57,-2.592,-1.1128,1.1823,5.8834,131.71,-178.215,1.372
1741944612.514,3.682,4.253,0.569,-2.591,-1.1253,1.1699,5.8833,131.8947,-178.1852,1.3393
1741944612.594,3.703,4.265,0.549,-2.603,-1.139,1.1607,5.8837,131.7813,-178.0977,1.3769
1741944612.674,3.73,4.268,0.522,-2.606,-1.1489,1.1543,5.8845,131.5994,-178.338,0.3674
1741944612.753,3.745,4.249,0.507,-2.587,-1.157,1.1444,5.8848,131.7233,-177.5534,0.0989
1741944612.833,3.745,4.249,0.507,-2.587,-1.1679,1.1351,5.8852,131.8668,-177.5708,-0.0643
1741944612.913,3.762,4.249,0.489,-2.588,-1.1832,1.1213,5.8837,132.1512,-178.6533,0.7953
1741944612.992,3.781,4.247,0.469,-2.587,-1.2027,1.108,5.8825,133.0384,178.4184,1.3477
1741944613.072,3.804,4.248,0.446,-2.588,-1.2153,1.0933,5.8826,132.8121,-179.8777,1.442
1741944613.152,3.832,4.253,0.418,-2.593,-1.2326,1.082,5.8827,133.0209,178.6303,1.6438
1741944613.231,3.832,4.253,0.418,-2.593,-1.2442,1.0698,5.8822,133.1539,179.3025,1.7652
1741944613.311,3.86,4.251,0.39,-2.591,-1.2595,1.0587,5.8821,133.8082,178.3668,1.8256
1741944613.39,3.881,4.251,0.369,-2.591,-1.2708,1.0477,5.8818,133.4818,178.3485,1.7733
1741944613.47,3.905,4.257,0.345,-2.597,-1.2814,1.0373,5.8813,133.0093,178.3642,1.7367
1741944613.55,3.925,4.255,0.325,-2.595,-1.2901,1.0281,5.8793,132.8304,-179.0797,-0.04
1741944613.63,3.925,4.255,0.325,-2.595,-1.3013,1.0171,5.8787,132.6936,-178.1921,-0.4295
1741944613.709,3.94,4.261,0.311,-2.6,-1.312,1.0063,5.8786,132.2401,-178.549,-0.2352
1741944613.789,3.956,4.257,0.295,-2.596,-1.3247,0.9947,5.8789,132.0971,-178.9624,-0.1076
1741944613.868,3.975,4.255,0.276,-2.594,-1.336,0.9848,5.8793,131.9794,-179.1927,0.0025
1741944613.948,4.0,4.257,0.252,-2.595,-1.3485,0.9737,5.8792,131.9091,-179.3931,0.0858
1741944614.028,4.0,4.257,0.252,-2.595,-1.3606,0.9628,5.8789,131.8489,-179.4936,0.1607
1741944614.107,4.019,4.262,0.233,-2.6,-1.3711,0.9534,5.8793,131.7422,-179.5502,0.1418
1741944614.188,4.041,4.263,0.211,-2.601,-1.3764,0.9487,5.8792,131.85,-179.6582,0.1992
1741944614.266,4.06,4.261,0.192,-2.599,-1.3762,0.9487,5.8792,131.8184,-179.7023,0.3042
1741944614.346,4.065,4.261,0.187,-2.599,-1.3749,0.9496,5.879,131.7754,-179.633,0.3503
1741944614.426,4.065,4.261,0.187,-2.599,-1.3739,0.9505,5.8786,131.7906,-179.5817,0.2484
1741944614.506,4.063,4.264,0.189,-2.602,-1.3735,0.951,5.8789,131.7946,-179.536,0.222
1741944614.585,4.061,4.264,0.191,-2.602,-1.3733,0.9512,5.8793,131.8099,-179.5049,0.2164
1741944614.665,4.06,4.262,0.192,-2.6,-1.3733,0.9512,5.8792,131.8051,-179.5135,0.2145
1741944614.745,4.062,4.262,0.19,-2.6,-1.3731,0.9518,5.8812,131.8148,-179.5045,0.0902
1741944614.824,4.062,4.262,0.19,-2.6,-1.3732,0.9515,5.8821,131.6752,-179.5675,-0.0015
1741944614.904,4.062,4.26,0.19,-2.598,-1.3732,0.9512,5.8827,131.6404,-179.5711,-0.0649
1741944614.983,4.06,4.262,0.192,-2.6,-1.3732,0.9513,5.8826,131.6845,-179.5413,-0.0277
1741944615.063,4.061,4.262,0.191,-2.6,-1.3732,0.9514,5.8825,131.723,-179.5224,-0.0023
1741944615.143,4.061,4.261,0.191,-2.599,-1.3732,0.9515,5.8824,131.7796,-179.4903,0.0248
1741944615.222,4.061,4.261,0.191,-2.599,-1.3732,0.9515,5.8823,131.793,-179.505,0.0371
1741944615.302,4.061,4.26,0.191,-2.598,-1.3732,0.9516,5.8822,131.7919,-179.5125,0.0139
1741944615.382,4.062,4.264,0.19,-2.602,-1.3732,0.9516,5.8822,131.8099,-179.4839,0.027
1741944615.461,4.062,4.261,0.19,-2.599,-1.3732,0.9516,5.8822,131.8085,-179.4846,0.0373
1741944615.541,4.061,4.261,0.191,-2.599,-1.3732,0.9516,5.8821,131.8183,-179.4801,0.0426
1741944615.621,4.061,4.261,0.191,-2.599,-1.3732,0.9516,5.8821,131.8172,-179.4787,0.0367
1741944615.7,4.062,4.261,0.19,-2.599,-1.3732,0.9517,5.8821,131.8263,-179.4639,0.0322
1741944615.78,4.061,4.263,0.191,-2.601,-1.3732,0.9517,5.882,131.8333,-179.503,0.0167
1741944615.859,4.061,4.262,0.191,-2.6,-1.3729,0.9517,5.8814,131.7061,-179.5044,0.0765
1741944615.939,4.062,4.26,0.189,-2.599,-1.374,0.9513,5.8796,132.1102,-179.4913,0.1647
1741944616.019,4.062,4.26,0.193,-2.595,-1.3762,0.9514,5.8793,130.6389,-179.1504,0.3646
1741944616.098,4.061,4.263,0.208,-2.583,-1.3765,0.9537,5.8833,127.9046,-177.0519,1.384
1741944616.178,4.064,4.27,0.228,-2.566,-1.385,0.9674,5.8854,125.226,-175.5573,-0.3753
1741944616.258,4.087,4.323,0.199,-2.625,-1.4053,0.9842,5.8896,125.8877,-176.94,-0.8297
1741944616.337,4.117,4.323,0.16,-2.635,-1.4315,1.0074,5.8959,126.9956,-177.3363,-0.8816
1741944616.417,4.117,4.344,0.162,-2.653,-1.4639,1.0352,5.9029,126.6943,-178.0549,-0.5767
1741944616.497,4.095,4.368,0.181,-2.68,-1.5055,1.0701,5.912,126.9988,-179.1484,0.2818
1741944616.576,4.1,4.425,0.162,-2.752,-1.5467,1.1024,5.9214,129.0455,-179.1228,0.9743
1741944616.656,4.102,4.484,0.15,-2.822,-1.5916,1.1355,5.9314,131.6011,-179.6108,1.1251
1741944616.736,4.085,4.484,0.165,-2.824,-1.6385,1.1715,5.9393,133.5565,-179.8989,0.2504
1741944616.815,4.085,4.53,0.167,-2.868,-1.6774,1.2001,5.9425,135.2342,179.8712,0.3513
1741944616.895,4.085,4.589,0.171,-2.922,-1.7091,1.2248,5.9422,136.6475,179.5462,0.7458
1741944616.975,4.09,4.653,0.166,-2.986,-1.7312,1.2452,5.9373,136.6302,178.7009,0.9626
1741944617.054,4.102,4.708,0.154,-3.041,-1.7441,1.2616,5.9288,136.7154,178.6122,1.7116
1741944617.134,4.106,4.708,0.156,-3.035,-1.7491,1.2724,5.9164,137.8137,179.3781,2.3734
1741944617.214,4.106,4.738,0.154,-3.066,-1.7517,1.2801,5.9033,137.5972,-179.9086,3.1927
1741944617.293,4.104,4.757,0.156,-3.086,-1.754,1.2879,5.894,137.4649,-179.4882,2.577
1741944617.373,4.099,4.773,0.161,-3.102,-1.7583,1.2968,5.8883,137.4217,-179.4773,0.6639
1741944617.452,4.09,4.772,0.166,-3.104,-1.7631,1.3016,5.886,136.7258,-179.8005,0.5591
1741944617.532,4.084,4.772,0.169,-3.108,-1.7678,1.3055,5.8846,135.8595,179.8482,1.4683
1741944617.612,4.084,4.788,0.171,-3.122,-1.7693,1.3116,5.8841,136.3953,-178.3369,0.6537
1741944617.691,4.084,4.789,0.168,-3.127,-1.7769,1.3202,5.8845,135.1292,-178.2549,0.043
1741944617.771,4.082,4.798,0.168,-3.138,-1.7845,1.3245,5.8833,132.736,-178.9245,0.52
1741944617.851,4.08,4.802,0.172,-3.139,-1.7888,1.3268,5.8828,131.5297,-179.7003,0.0602
1741944617.93,4.086,4.802,0.166,-3.14,-1.7905,1.3263,5.8827,131.6618,-179.7663,0.103
1741944618.01,4.086,4.817,0.166,-3.155,-1.791,1.3261,5.8825,131.8547,-179.6784,0.0072
1741944618.09,4.088,4.818,0.162,-3.158,-1.7911,1.3231,5.8824,133.6838,-179.5246,-0.1701
1741944618.169,4.089,4.815,0.172,-3.142,-1.7891,1.3167,5.8834,137.7712,-179.0029,-0.5601
1741944618.249,4.088,4.813,0.183,-3.129,-1.7894,1.3136,5.8831,139.2602,-179.1883,-0.2818
1741944618.329,4.105,4.813,0.154,-3.143,-1.7908,1.3163,5.883,137.1911,-179.2862,-0.1094
1741944618.408,4.105,4.828,0.148,-3.165,-1.7914,1.3183,5.8828,135.5591,-179.3063,-0.0067
1741944618.488,4.1,4.815,0.153,-3.152,-1.7909,1.3179,5.8825,135.5095,-179.2437,0.1668
1741944618.567,4.091,4.813,0.162,-3.15,-1.7908,1.3184,5.8821,135.5518,-179.2673,0.1321
1741944618.647,4.089,4.813,0.163,-3.15,-1.7905,1.3188,5.882,135.4722,-179.3832,0.1372
1741944618.727,4.089,4.813,0.164,-3.15,-1.7904,1.3187,5.882,135.567,-179.3046,0.2136
1741944618.807,4.09,4.811,0.163,-3.148,-1.7906,1.3187,5.8818,135.5224,-179.3488,0.177
1741944618.886,4.089,4.811,0.164,-3.148,-1.7905,1.3194,5.8843,135.5398,-179.3295,-0.011
1741944618.966,4.088,4.812,0.165,-3.149,-1.7905,1.3195,5.8844,135.5154,-179.3646,-0.0477
1741944619.045,4.088,4.811,0.165,-3.148,-1.7905,1.3195,5.8844,135.5168,-179.3787,-0.0653
1741944619.125,4.088,4.811,0.164,-3.148,-1.7902,1.3196,5.8844,135.4027,-179.5425,0.0609
1741944619.205,4.088,4.81,0.165,-3.147,-1.7851,1.3248,5.8829,135.5851,-179.5866,0.3847
1741944619.284,4.089,4.809,0.164,-3.145,-1.7741,1.3356,5.8816,135.7817,-179.67,0.5012
1741944619.364,4.082,4.809,0.171,-3.146,-1.7579,1.3511,5.8812,135.5573,-179.5537,0.5453
1741944619.444,4.06,4.812,0.193,-3.149,-1.7406,1.3689,5.8812,135.6215,-179.4732,0.3308
1741944619.523,4.06,4.812,0.193,-3.149,-1.7234,1.3867,5.8814,135.6209,-179.4575,0.1134
1741944619.603,4.028,4.811,0.224,-3.148,-1.7095,1.4013,5.8821,135.4286,-179.575,0.1671
1741944619.683,3.994,4.812,0.258,-3.15,-1.6965,1.4142,5.8823,135.3442,-179.597,0.1704
1741944619.762,3.97,4.817,0.282,-3.155,-1.6858,1.4252,5.8824,135.2556,-179.6918,0.1566
1741944619.842,3.948,4.816,0.303,-3.154,-1.6816,1.4298,5.884,134.97,179.965,0.7136
1741944619.925,3.948,4.816,0.303,-3.155,-1.6745,1.4364,5.8844,134.8884,179.3304,1.4529
1741944620.001,3.935,4.817,0.316,-3.156,-1.6638,1.4478,5.8852,134.8795,178.8869,1.668
1741944620.081,3.933,4.812,0.318,-3.15,-1.6474,1.464,5.8843,135.0083,179.258,1.4683
1741944620.16,3.913,4.814,0.337,-3.153,-1.629,1.4809,5.8824,134.3877,-179.3544,0.0663
1741944620.24,3.875,4.811,0.375,-3.151,-1.6112,1.4981,5.8811,134.1693,-179.247,-0.5535
1741944620.32,3.875,4.811,0.376,-3.15,-1.5949,1.5133,5.8808,134.5343,-179.5226,-0.383
1741944620.399,3.846,4.801,0.404,-3.14,-1.5819,1.5263,5.883,134.3349,-178.4221,-0.9866
1741944620.479,3.815,4.807,0.435,-3.147,-1.5706,1.5371,5.8849,134.085,-177.817,-1.5992
1741944620.559,3.789,4.809,0.461,-3.149,-1.5603,1.5472,5.885,134.1245,-177.7954,-1.8102
1741944620.758,3.752,4.808,0.498,-3.148,-1.5269,1.5747,5.8822,133.5365,-179.558,2.1844
1741944621.933,3.522,4.817,0.74,-3.141,-1.336,1.7438,5.8803,128.8523,-179.4127,-0.8734
1741944622.012,3.522,4.813,0.738,-3.139,-1.3209,1.7569,5.8799,129.1922,-179.3806,-0.9714
1741944622.092,3.489,4.81,0.763,-3.147,-1.3097,1.7691,5.8797,131.5492,-179.2598,-0.9169
1741944622.172,3.461,4.807,0.789,-3.147,-1.3007,1.7801,5.8798,133.8746,-179.2074,-0.8564
1741944622.251,3.429,4.791,0.821,-3.13,-1.2916,1.7899,5.8793,134.3704,-179.3035,-0.8072
1741944622.331,3.41,4.791,0.84,-3.13,-1.2799,1.8019,5.8789,134.384,-179.4163,-0.8343
1741944622.411,3.41,4.79,0.84,-3.129,-1.2682,1.8142,5.8788,134.3935,-179.5026,-0.935
1741944622.49,3.393,4.791,0.857,-3.13,-1.2548,1.8277,5.8785,134.3936,-179.57,-0.8861
1741944622.57,3.367,4.792,0.883,-3.131,-1.2401,1.8426,5.8784,134.3719,-179.5765,-0.9421
1741944622.649,3.341,4.792,0.909,-3.132,-1.2274,1.8549,5.8791,134.2889,-179.603,-0.9053
1741944622.729,3.319,4.792,0.931,-3.131,-1.2155,1.867,5.8796,134.3456,-179.5648,-0.9181
1741944622.809,3.319,4.791,0.931,-3.13,-1.203,1.8801,5.8796,134.3622,-179.7627,-0.9356
1741944622.888,3.298,4.79,0.953,-3.129,-1.19,1.8932,5.8791,134.5775,-179.5423,-0.9923
1741944622.968,3.275,4.793,0.976,-3.132,-1.177,1.906,5.8785,134.5949,-179.6126,-0.9551
1741944623.048,3.254,4.791,0.997,-3.13,-1.1639,1.9188,5.8778,134.7502,-179.6438,-0.7098
1741944623.127,3.235,4.791,1.016,-3.13,-1.1519,1.9307,5.8778,134.7024,-179.6429,-0.5269
1741944623.207,3.235,4.789,1.016,-3.128,-1.1392,1.9429,5.8783,134.6065,-179.658,-0.4843
1741944623.287,3.208,4.79,1.043,-3.129,-1.127,1.9553,5.8789,134.6867,-179.5585,-0.7787
1741944623.366,3.192,4.788,1.059,-3.127,-1.1133,1.9701,5.8784,134.7251,-179.6778,-0.8492
1741944623.446,3.164,4.793,1.087,-3.132,-1.1004,1.9823,5.8782,134.75,-179.7185,-0.8326
1741944623.526,3.14,4.793,1.11,-3.132,-1.0892,1.9933,5.8783,134.3937,-179.7918,-0.7797
1741944623.605,3.14,4.797,1.11,-3.136,-1.0757,2.0066,5.8785,134.3673,-179.7672,-0.8255
1741944623.685,3.12,4.793,1.13,-3.132,-1.0636,2.0192,5.8784,134.3862,-179.6807,-1.0538
1741944623.765,3.098,4.792,1.152,-3.131,-1.0508,2.0316,5.8781,134.4981,-179.5988,-1.0212
1741944623.844,3.079,4.793,1.171,-3.132,-1.0387,2.044,5.8777,134.4488,-179.7261,-0.8976
1741944623.924,3.048,4.793,1.202,-3.132,-1.0257,2.0567,5.8776,134.5369,-179.773,-0.8973
1741944624.003,3.048,4.789,1.202,-3.128,-1.0128,2.069,5.878,134.4385,-179.6412,-0.8653
1741944624.083,3.027,4.79,1.223,-3.129,-0.9997,2.082,5.8781,134.4735,-179.66,-0.8381
1741944624.163,3.006,4.788,1.244,-3.127,-0.9868,2.0949,5.879,134.3903,-179.5724,-0.9264
1741944624.242,2.986,4.788,1.264,-3.127,-0.9741,2.1079,5.8788,134.4261,-179.6806,-1.0413
1741944624.322,2.986,4.788,1.264,-3.127,-0.961,2.1212,5.8783,134.4216,-179.7348,-1.0557
1741944624.402,2.965,4.788,1.285,-3.127,-0.9481,2.1341,5.8782,134.4347,-179.7904,-1.0406
1741944624.481,2.946,4.79,1.304,-3.13,-0.9355,2.1466,5.8782,134.2106,-179.8499,-1.0111
1741944624.561,2.925,4.788,1.325,-3.128,-0.9232,2.1585,5.8786,134.1255,-179.6828,-1.1456
1741944624.641,2.904,4.789,1.346,-3.129,-0.9109,2.1714,5.8787,134.2152,-179.7185,-1.1579
1741944624.72,2.904,4.789,1.346,-3.129,-0.8974,2.184,5.8786,134.3176,-179.6223,-1.1366
1741944624.8,2.876,4.788,1.374,-3.127,-0.8852,2.1966,5.8777,134.3828,-179.7267,-1.0492
1741944624.879,2.856,4.789,1.394,-3.129,-0.8718,2.2095,5.8775,134.3006,-179.7469,-1.1768
1741944624.959,2.836,4.787,1.414,-3.126,-0.8595,2.2215,5.8769,134.3644,-179.6898,-1.1166
1741944625.039,2.811,4.787,1.44,-3.125,-0.8522,2.2319,5.8785,135.0968,179.5247,-1.0484
1741944625.119,2.811,4.787,1.44,-3.125,-0.8435,2.2389,5.8794,135.1792,179.1184,-0.2186
1741944625.198,2.789,4.796,1.462,-3.135,-0.8322,2.2508,5.8802,134.87,178.6886,-0.2148
1741944625.278,2.784,4.79,1.466,-3.13,-0.8192,2.2635,5.8807,134.2515,178.4009,0.303
1741944625.357,2.759,4.789,1.491,-3.129,-0.8044,2.2782,5.8803,134.1772,178.4141,0.261
1741944625.437,2.742,4.788,1.508,-3.128,-0.7836,2.299,5.8783,133.0904,-177.1362,-3.3797
1741944625.517,2.742,4.788,1.508,-3.127,-0.7666,2.3161,5.8807,132.6014,-176.9361,-4.0189
1741944625.596,2.711,4.788,1.542,-3.123,-0.752,2.3346,5.8817,130.8619,-177.4565,-4.5419
1741944625.676,2.68,4.788,1.573,-3.123,-0.7446,2.3456,5.8826,130.9435,-178.4707,-4.7517
1741944625.756,2.659,4.793,1.592,-3.131,-0.7395,2.3487,5.8901,131.7283,179.6692,-3.7875
1741944625.835,2.644,4.807,1.606,-3.146,-0.7225,2.3576,5.8869,132.417,-177.395,-4.3604
1741944625.915,2.644,4.807,1.606,-3.146,-0.7087,2.3721,5.8892,132.5917,-177.526,-4.1043
1741944625.995,2.622,4.789,1.628,-3.129,-0.69,2.3886,5.884,132.9106,-177.5303,-3.3117
1741944626.074,2.593,4.784,1.658,-3.123,-0.6755,2.4042,5.879,134.635,-178.4138,-3.1153
1741944626.154,2.569,4.774,1.682,-3.113,-0.6618,2.4113,5.8771,134.8021,-179.1719,-0.5371
1741944626.234,2.549,4.789,1.702,-3.128,-0.6577,2.4178,5.877,134.6626,179.7335,-0.2208
1741944626.313,2.549,4.789,1.703,-3.125,-0.6508,2.4265,5.878,135.7779,179.2793,-1.4924
1741944626.393,2.529,4.779,1.723,-3.114,-0.6397,2.4394,5.8777,135.9901,179.2516,-1.3676
1741944626.472,2.523,4.785,1.73,-3.12,-0.6266,2.4531,5.8783,136.0945,179.1906,-1.2909
1741944626.552,2.509,4.786,1.745,-3.118,-0.6052,2.4765,5.8774,136.71,-177.8932,-3.9266
1741944626.632,2.479,4.785,1.774,-3.119,-0.5886,2.4955,5.8779,136.371,-177.9656,-3.8311
1741944626.711,2.479,4.785,1.772,-3.123,-0.5758,2.5105,5.8792,135.3421,-179.2076,-5.2762
1741944626.791,2.441,4.784,1.811,-3.119,-0.5614,2.5228,5.8803,136.0552,-178.5753,-4.2594
1741944626.871,2.416,4.786,1.835,-3.124,-0.5539,2.5325,5.8818,135.0532,-177.1911,-4.6397
1741944626.95,2.397,4.789,1.854,-3.128,-0.5446,2.5412,5.8817,134.74,-177.2461,-4.3826
1741944627.03,2.383,4.789,1.868,-3.128,-0.5316,2.5554,5.8816,134.7391,-177.4171,-4.2859
1741944627.11,2.383,4.789,1.867,-3.128,-0.5215,2.5675,5.8794,132.599,179.4236,-3.0642
1741944627.189,2.363,4.789,1.894,-3.115,-0.505,2.5888,5.8786,129.1825,-179.8201,-3.5966
1741944627.269,2.337,4.792,1.914,-3.13,-0.4909,2.6022,5.8777,131.7157,-179.7631,-3.2965
1741944627.349,2.312,4.792,1.938,-3.131,-0.4787,2.6166,5.8779,132.3844,-179.0548,-3.5006
1741944627.428,2.285,4.797,1.965,-3.137,-0.4688,2.6266,5.8799,133.1186,-178.9859,-3.7061
1741944627.508,2.285,4.797,1.965,-3.137,-0.4579,2.6371,5.881,133.7213,-178.6875,-3.8969
1741944627.588,2.268,4.799,1.982,-3.138,-0.4464,2.651,5.8807,134.4222,-178.7541,-3.6933
1741944627.667,2.249,4.801,2.002,-3.139,-0.4338,2.6634,5.8807,135.0154,-178.6596,-3.1712
1741944627.747,2.229,4.81,2.022,-3.147,-0.4204,2.6777,5.8807,135.4413,-178.515,-3.0379
1741944627.827,2.205,4.81,2.046,-3.147,-0.4071,2.692,5.8812,135.5928,-178.288,-3.0168
1741944627.906,2.205,4.82,2.047,-3.156,-0.3943,2.7056,5.8819,135.7283,-178.2228,-3.1492
1741944627.986,2.181,4.825,2.071,-3.16,-0.3819,2.7196,5.8822,135.9852,-178.2345,-3.0125
1741944628.066,2.156,4.829,2.096,-3.165,-0.3706,2.7334,5.8826,135.972,-178.2572,-3.0902
1741944628.145,2.134,4.828,2.118,-3.163,-0.358,2.7501,5.8825,136.0513,-178.1125,-3.425
1741944628.225,2.109,4.828,2.143,-3.163,-0.3463,2.7641,5.8837,135.995,-178.0991,-3.6543
1741944628.304,2.109,4.833,2.143,-3.168,-0.3346,2.777,5.8832,136.1207,-178.0551,-3.4474
1741944628.384,2.088,4.837,2.164,-3.173,-0.3227,2.7914,5.8829,135.8223,-178.1642,-3.4824
1741944628.464,2.066,4.838,2.186,-3.174,-0.3105,2.8063,5.8832,135.8664,-177.9097,-3.5855
1741944628.543,2.047,4.838,2.205,-3.173,-0.2998,2.8192,5.8837,136.0492,-178.0546,-3.3939
1741944628.623,2.022,4.838,2.231,-3.17,-0.2874,2.8225,5.8829,136.8709,-178.0796,-2.6918
1741944628.703,2.022,4.84,2.233,-3.169,-0.2745,2.838,5.8816,137.3901,-178.079,-2.8154
1741944628.782,2.0,4.846,2.254,-3.176,-0.2631,2.8591,5.8822,137.1045,-178.0725,-3.6609
1741944628.862,1.979,4.848,2.273,-3.183,-0.2519,2.8752,5.8842,136.2145,-178.0301,-3.46
1741944628.941,1.956,4.849,2.295,-3.188,-0.2387,2.8901,5.8859,134.9035,-178.2188,-3.1063
1741944629.023,1.933,4.849,2.318,-3.186,-0.2291,2.8987,5.888,135.4506,-177.9872,-1.9274
1741944629.101,1.933,4.842,2.321,-3.171,-0.2252,2.9066,5.8877,137.3315,-178.4347,-2.5358
1741944629.18,1.911,4.841,2.343,-3.17,-0.2232,2.9092,5.8895,137.4271,-178.933,-1.0599
1741944629.26,1.903,4.849,2.351,-3.178,-0.2164,2.916,5.8907,137.3434,-179.784,0.2824
1741944629.34,1.899,4.85,2.354,-3.182,-0.2007,2.9351,5.8892,136.6921,-179.657,-0.2813
1741944629.42,1.885,4.85,2.389,-3.128,-0.1842,2.9542,5.888,142.636,-176.1168,-1.1578
1741944629.499,1.885,4.856,2.388,-3.136,-0.1636,2.9779,5.8868,142.5397,-176.518,-1.4544
1741944629.579,1.849,4.859,2.415,-3.163,-0.1435,3.0121,5.8879,140.4489,-172.9172,-7.9968
1741944629.658,1.813,4.877,2.45,-3.183,-0.13,3.0296,5.89,140.3104,-173.9381,-6.4273
1741944629.738,1.779,4.881,2.489,-3.173,-0.1181,3.042,5.8928,141.5456,-174.1467,-5.2064
1741944629.818,1.779,4.881,2.485,-3.183,-0.1107,3.049,5.895,140.6081,-174.4955,-3.7855
1741944629.897,1.779,4.89,2.478,-3.212,-0.1026,3.0576,5.8952,138.408,-174.8536,-2.9183
1741944629.977,1.745,4.884,2.505,-3.223,-0.0922,3.0723,5.8951,134.3834,-175.9876,-4.7228
1741944630.057,1.723,4.863,2.53,-3.194,-0.0819,3.0804,5.8932,129.9722,-177.9221,-4.0821
1741944630.136,1.695,4.847,2.559,-3.175,-0.0668,3.0894,5.8913,129.4114,-179.262,-3.2247
1741944630.216,1.695,4.847,2.555,-3.187,-0.0472,3.0888,5.8864,133.1888,-177.935,1.9169
1741944630.296,1.676,4.848,2.575,-3.186,-0.0333,3.1004,5.8859,132.0546,-178.9535,1.0798
1741944630.375,1.649,4.844,2.601,-3.184,-0.0272,3.1048,5.8886,133.1071,-178.9188,0.5537
1741944630.455,1.622,4.844,2.629,-3.182,-0.0214,3.1099,5.8887,132.0676,-179.8756,1.2923
1741944630.534,1.614,4.842,2.637,-3.179,-0.011,3.1206,5.8891,131.5604,179.6858,1.0755
1741944630.614,1.614,4.842,2.637,-3.179,0.0027,3.1337,5.8887,131.5388,179.5476,1.1891
1741944630.694,1.601,4.841,2.651,-3.176,0.0234,3.1596,5.8889,130.7799,-175.7794,-4.021
1741944630.773,1.577,4.843,2.677,-3.172,0.0418,3.1752,5.8906,129.6706,-176.569,-2.1754
1741944630.853,1.539,4.84,2.714,-3.172,0.057,3.1925,5.8922,130.1557,-177.2818,-1.8092
1741944630.933,1.509,4.839,2.744,-3.17,0.0689,3.2086,5.8947,129.9101,-177.6334,-2.1928
1741944631.012,1.509,4.839,2.743,-3.172,0.0784,3.2188,5.8967,130.3678,-176.8438,-2.7797
1741944631.092,1.482,4.834,2.77,-3.168,0.087,3.2268,5.897,130.7558,-176.7106,-2.5781
1741944631.172,1.467,4.838,2.784,-3.174,0.0996,3.2381,5.8977,131.1401,-176.9392,-2.1261
1741944631.251,1.453,4.837,2.798,-3.175,0.1121,3.2475,5.8952,131.9687,-178.0549,-0.5425
1741944631.331,1.427,4.836,2.823,-3.175,0.1256,3.2636,5.8951,134.3658,179.7554,-0.5445
1741944631.411,1.427,4.836,2.823,-3.176,0.1401,3.2776,5.8961,133.4661,-179.8914,-0.3014
1741944631.49,1.403,4.835,2.847,-3.175,0.1523,3.2898,5.8957,133.3906,-179.6121,-0.1986
1741944631.57,1.378,4.829,2.872,-3.169,0.1643,3.3013,5.8957,133.3131,-179.3352,0.0716
1741944631.65,1.355,4.831,2.895,-3.171,0.1747,3.311,5.8956,133.3256,-179.4115,0.2703
1741944631.729,1.334,4.831,2.916,-3.171,0.1857,3.3212,5.8956,133.41,-179.5297,0.3998
1741944631.809,1.334,4.831,2.916,-3.171,0.1976,3.3323,5.8956,133.3174,-179.6952,0.4865
1741944631.888,1.315,4.829,2.935,-3.169,0.2106,3.3442,5.8955,133.3634,-179.6953,0.6276
1741944631.968,1.297,4.83,2.953,-3.17,0.2243,3.3562,5.8948,133.5712,-179.5255,0.6483
1741944632.048,1.275,4.827,2.975,-3.167,0.2371,3.3678,5.8941,133.7418,-179.6045,0.69
1741944632.247,1.227,4.825,3.023,-3.165,0.2686,3.3932,5.8911,133.8775,-179.8044,1.0983
1741944632.446,1.184,4.827,3.066,-3.166,0.2988,3.4208,5.8899,134.4429,-179.8457,1.1159
1741944632.526,1.162,4.828,3.088,-3.167,0.3114,3.4314,5.8888,134.7582,-179.7821,1.1725
1741944632.605,1.162,4.828,3.088,-3.167,0.3238,3.4434,5.8886,134.8939,179.9816,0.8205
1741944632.685,1.139,4.827,3.111,-3.165,0.3371,3.4552,5.8877,134.9742,-179.9769,0.7805
1741944632.765,1.117,4.826,3.133,-3.164,0.3504,3.4671,5.8869,135.0233,-179.948,0.7617
1741944632.844,1.096,4.829,3.154,-3.167,0.3627,3.4785,5.887,135.0771,-179.9075,0.7157
1741944632.924,1.073,4.829,3.177,-3.167,0.376,3.4906,5.8866,135.1685,-179.8264,0.6178
1741944633.003,1.073,4.829,3.178,-3.167,0.388,3.5023,5.8861,135.334,-179.8904,0.5033
1741944633.083,1.051,4.828,3.2,-3.165,0.3991,3.5126,5.8851,135.3896,-179.8702,0.5133
1741944633.163,1.028,4.827,3.223,-3.164,0.4128,3.5252,5.884,135.4907,-179.9692,0.6457
1741944633.243,1.005,4.827,3.246,-3.164,0.4251,3.5356,5.8829,135.6037,-179.9276,0.8718
1741944633.322,0.983,4.827,3.268,-3.163,0.4379,3.548,5.8823,135.8927,179.9056,0.6941
1741944633.402,0.983,4.828,3.268,-3.162,0.4498,3.5594,5.882,136.2444,179.7222,0.5835
1741944633.482,0.963,4.825,3.288,-3.159,0.4623,3.5712,5.8815,136.3942,179.7217,0.5026
1741944633.561,0.942,4.828,3.309,-3.164,0.4727,3.5769,5.8823,135.8456,179.6894,1.7817
1741944633.641,0.918,4.828,3.333,-3.163,0.4777,3.5865,5.8834,136.0083,178.2926,1.9078
1741944633.72,0.904,4.828,3.349,-3.15,0.4874,3.6002,5.8854,138.5107,178.495,1.2628
1741944633.8,0.904,4.827,3.35,-3.146,0.4989,3.614,5.8858,138.8221,178.2529,1.1335
1741944633.88,0.886,4.829,3.369,-3.143,0.5153,3.6332,5.8843,139.4438,179.3585,-0.3008
1741944633.959,0.866,4.835,3.388,-3.151,0.5303,3.6511,5.8833,139.1705,-178.6706,-3.0418
1741944634.039,0.839,4.841,3.415,-3.156,0.5446,3.6659,5.8818,139.3261,-179.201,-2.3839
1741944634.119,0.812,4.841,3.445,-3.141,0.5593,3.6778,5.8817,140.9127,-178.6734,-1.8332
1741944634.198,0.812,4.843,3.444,-3.145,0.571,3.6839,5.8817,140.6823,-177.4472,-0.5885
1741944634.278,0.785,4.846,3.469,-3.159,0.5785,3.6965,5.8791,139.604,-178.1488,-2.667
1741944634.357,0.769,4.84,3.486,-3.147,0.588,3.7132,5.8816,140.158,-179.1918,-4.0389
1741944634.437,0.752,4.848,3.502,-3.16,0.5961,3.7277,5.881,139.6118,179.326,-3.5775
1741944634.517,0.728,4.848,3.528,-3.149,0.6126,3.741,5.8786,140.7783,-179.2299,-1.2854
1741944634.596,0.728,4.848,3.528,-3.15,0.626,3.7595,5.8805,140.721,179.9724,-1.6103
1741944634.676,0.702,4.815,3.552,-3.125,0.6368,3.7735,5.8811,139.9109,179.4597,-1.4318
1741944634.756,0.674,4.714,3.581,-3.022,0.6474,3.7847,5.8803,140.1812,179.4682,-1.0297
1741944634.835,0.657,3.724,3.598,-2.037,0.6567,3.7952,5.8795,140.4171,179.258,-0.7909
1741944634.915,0.639,3.724,3.617,-2.031,0.6654,3.8076,5.8795,141.092,178.7617,-1.2998
1741944634.995,0.639,3.352,3.616,-1.668,0.6758,3.8177,5.8792,140.3652,178.3341,-1.2336
1741944635.074,0.621,3.357,3.631,-1.684,0.6876,3.8285,5.8779,138.5914,178.4317,-0.9541
1741944635.154,0.595,3.361,3.658,-1.686,0.6912,3.8359,5.8771,138.9287,177.9602,-1.6126
1741944635.234,0.58,4.721,3.673,-3.039,0.6913,3.8355,5.8763,138.9703,177.7249,-1.5767
1741944635.313,0.569,4.721,3.684,-3.04,0.6917,3.833,5.8771,138.9197,178.1145,-1.4034
1741944635.393,0.569,4.718,3.684,-3.037,0.6905,3.8318,5.8767,138.91,178.1494,-1.4522
1741944635.472,0.577,4.713,3.676,-3.032,0.6871,3.8277,5.8761,138.9011,178.4531,-1.3207
1741944635.552,0.579,4.719,3.674,-3.037,0.6788,3.8167,5.8762,138.9942,178.7309,-1.3348
1741944635.632,0.582,4.725,3.671,-3.044,0.6663,3.8011,5.8763,138.9049,178.9629,-1.2058
1741944635.711,0.6,4.725,3.652,-3.046,0.6528,3.7856,5.8772,138.6415,178.9058,-1.1613
1741944635.791,0.6,4.841,3.653,-3.158,0.6346,3.7714,5.8784,139.1278,178.3623,-1.9585
1741944635.871,0.629,4.85,3.624,-3.169,0.6193,3.7558,5.8786,138.8277,178.4647,-1.6058
1741944635.95,0.661,4.85,3.592,-3.171,0.6078,3.7433,5.8788,138.556,178.6945,-1.2842
1741944636.03,0.688,4.85,3.565,-3.17,0.5973,3.7375,5.8804,138.7391,178.4371,-1.9351
1741944636.11,0.71,4.85,3.542,-3.174,0.591,3.7305,5.8817,138.1367,178.0535,-1.9304
1741944636.189,0.71,4.847,3.542,-3.171,0.5896,3.7221,5.8834,138.2105,-179.9251,-2.3589
1741944636.269,0.72,4.861,3.533,-3.179,0.5804,3.7103,5.8839,138.9598,-179.2913,-2.3102
1741944636.349,0.725,4.849,3.528,-3.166,0.5675,3.6895,5.883,139.1181,-178.7101,-1.172
1741944636.428,0.745,4.847,3.507,-3.177,0.5412,3.6779,5.883,137.1421,174.6628,-2.1781
1741944636.508,0.776,4.847,3.474,-3.186,0.5231,3.6674,5.8841,134.6435,173.7079,-2.3181
1741944636.588,0.776,4.84,3.474,-3.177,0.5087,3.6559,5.8863,135.3514,174.8598,-2.0883
1741944636.667,0.809,4.844,3.442,-3.179,0.4943,3.6474,5.8891,136.2173,175.0102,-1.4064
1741944636.747,0.834,4.844,3.416,-3.181,0.4882,3.6381,5.8921,135.4655,175.1691,0.0307
1741944636.826,0.852,4.847,3.398,-3.185,0.4813,3.6274,5.8933,135.1464,175.7975,0.6961
1741944636.906,0.867,4.847,3.383,-3.186,0.4705,3.6119,5.893,134.812,176.4981,1.3579
1741944636.986,0.867,4.844,3.383,-3.183,0.4617,3.5951,5.8917,134.8741,178.1128,1.5154
1741944637.065,0.885,4.839,3.365,-3.178,0.4522,3.5758,5.8883,134.4123,179.2223,0.2183
1741944637.145,0.907,4.833,3.343,-3.172,0.4394,3.5612,5.8849,134.4566,179.2147,0.1545
1741944637.225,0.933,4.837,3.317,-3.176,0.4275,3.5462,5.8829,134.4894,179.2257,0.4234
1741944637.304,0.958,4.837,3.292,-3.176,0.417,3.5349,5.8835,134.5863,179.234,0.4372
1741944637.384,0.958,4.831,3.293,-3.167,0.405,3.5319,5.8864,135.7623,178.4676,-2.2916
1741944637.464,0.977,4.834,3.274,-3.169,0.3939,3.5234,5.8879,136.1864,178.8962,-2.2599
1741944637.543,0.994,4.832,3.257,-3.167,0.3822,3.5123,5.8881,136.1469,179.2794,-1.7604
1741944637.623,1.016,4.831,3.235,-3.166,0.3705,3.4999,5.888,136.051,179.5822,-1.1872
1741944637.703,1.035,4.831,3.216,-3.167,0.3574,3.4862,5.8887,135.7863,179.6444,-0.5778
1741944637.782,1.035,4.832,3.216,-3.168,0.3448,3.4724,5.8891,135.7312,179.6292,0.1419
1741944637.862,1.061,4.83,3.19,-3.167,0.333,3.4598,5.8896,135.4037,179.637,0.4468
1741944637.942,1.082,4.829,3.168,-3.167,0.3206,3.4463,5.8906,135.0879,179.748,0.7561
1741944638.021,1.108,4.831,3.142,-3.17,0.3091,3.4342,5.8909,134.764,179.9536,0.9003
1741944638.101,1.13,4.831,3.12,-3.17,0.2983,3.4241,5.8902,134.6661,179.8214,0.456
1741944638.18,1.13,4.825,3.12,-3.165,0.2856,3.4118,5.8913,134.3144,179.9101,0.5967
1741944638.26,1.148,4.826,3.102,-3.166,0.2728,3.4008,5.8921,134.1022,179.9207,0.5148
1741944638.34,1.171,4.828,3.079,-3.168,0.2588,3.3885,5.8926,133.8567,179.9662,0.5169
1741944638.42,1.193,4.831,3.057,-3.171,0.2467,3.3771,5.8931,133.7065,-179.7992,0.5735
1741944638.499,1.193,4.831,3.057,-3.171,0.2337,3.3661,5.8932,133.8824,-179.7055,0.5605
1741944638.579,1.215,4.828,3.035,-3.168,0.2216,3.3546,5.8932,134.1292,-179.5103,0.583
1741944638.658,1.239,4.831,3.011,-3.17,0.2095,3.3447,5.8938,134.3538,-179.6521,0.5614
1741944638.738,1.26,4.831,2.99,-3.17,0.1968,3.3335,5.8941,134.556,-179.7149,0.4817
1741944638.818,1.283,4.831,2.967,-3.17,0.1852,3.3223,5.8948,134.6628,-179.637,0.4784
1741944638.898,1.283,4.83,2.967,-3.169,0.1735,3.3112,5.8955,134.6699,-179.5024,0.4579
1741944638.977,1.301,4.834,2.949,-3.173,0.1622,3.2997,5.895,134.6575,-179.3934,0.444
1741944639.057,1.322,4.832,2.928,-3.171,0.1497,3.288,5.8952,134.5,-179.3793,0.4337
1741944639.136,1.344,4.83,2.906,-3.169,0.1366,3.275,5.8948,134.4278,-179.4464,0.5097
1741944639.216,1.367,4.83,2.883,-3.169,0.124,3.2617,5.8944,134.4859,-179.4638,0.4985
1741944639.296,1.367,4.831,2.883,-3.171,0.1151,3.2487,5.8952,134.2741,-179.027,0.6303
1741944639.375,1.39,4.835,2.86,-3.175,0.1082,3.2438,5.8965,133.9201,-177.3381,-0.6352
1741944639.455,1.412,4.83,2.838,-3.17,0.0987,3.2346,5.8962,133.4458,-177.2237,-1.0077
1741944639.535,1.422,4.83,2.828,-3.17,0.0859,3.2204,5.8951,133.6528,-177.1138,-1.1495
1741944639.614,1.441,4.83,2.809,-3.17,0.0652,3.1985,5.8911,133.1998,179.6242,0.1903
1741944639.694,1.441,4.836,2.812,-3.165,0.0493,3.1803,5.8896,129.6578,-179.3558,1.8548
1741944639.773,1.466,4.84,2.786,-3.174,0.0356,3.1631,5.8885,130.7146,-179.5313,1.4433
1741944639.853,1.499,4.835,2.752,-3.171,0.0236,3.1501,5.8883,131.2302,-179.3328,1.1618
1741944639.933,1.527,4.834,2.724,-3.17,0.0135,3.1365,5.8887,131.107,-179.5706,1.9623
1741944640.013,1.55,4.834,2.7,-3.173,0.003,3.1276,5.8889,132.2219,179.3161,2.0231
1741944640.092,1.55,4.832,2.7,-3.171,-0.0081,3.116,5.8881,132.3839,179.3075,1.9889
1741944640.172,1.568,4.83,2.682,-3.169,-0.0216,3.1026,5.8871,132.3015,179.5112,1.6209
1741944640.251,1.586,4.834,2.664,-3.174,-0.0306,3.0902,5.8845,134.246,-175.9129,-1.2036
1741944640.331,1.609,4.834,2.641,-3.174,-0.0474,3.0707,5.883,133.618,-176.6381,-1.1906
1741944640.411,1.633,4.834,2.618,-3.172,-0.0602,3.0638,5.8827,135.3172,-178.2081,-2.0273
1741944640.49,1.633,4.832,2.617,-3.171,-0.0683,3.0551,5.8825,134.8952,-178.7734,-2.5662
1741944640.57,1.656,4.841,2.595,-3.179,-0.0707,3.0459,5.8836,135.0504,-177.5033,-2.3758
1741944640.65,1.671,4.847,2.58,-3.183,-0.0802,3.0342,5.8848,135.8693,-176.2495,-1.9176
1741944640.729,1.684,4.833,2.567,-3.169,-0.091,3.0185,5.8854,135.8982,-176.1625,-0.7588
1741944640.809,1.703,4.833,2.547,-3.172,-0.0968,3.0018,5.8871,134.8786,-174.7492,1.4098
1741944640.889,1.703,4.832,2.547,-3.171,-0.1068,2.9921,5.8866,134.4273,-174.0649,1.4592
1741944640.968,1.727,4.823,2.523,-3.163,-0.1244,2.9831,5.8839,133.8249,-175.5245,0.3932
1741944641.048,1.747,4.822,2.503,-3.161,-0.1476,2.9779,5.8805,132.5191,176.6074,-2.8891
1741944641.128,1.77,4.827,2.481,-3.165,-0.1641,2.9665,5.8803,135.2433,176.2663,-3.1896
1741944641.207,1.798,4.827,2.452,-3.167,-0.1737,2.9514,5.8811,134.0389,177.7876,-1.4246
1741944641.287,1.798,4.841,2.452,-3.181,-0.1854,2.9395,5.8819,133.2539,178.8253,-0.2752
1741944641.366,1.819,4.829,2.431,-3.168,-0.1955,2.9232,5.8823,132.5453,-179.4921,-0.6999
1741944641.446,1.843,4.827,2.409,-3.161,-0.2077,2.9096,5.8835,130.6878,179.2492,0.3001
1741944641.526,1.862,4.825,2.389,-3.161,-0.2174,2.8987,5.8843,131.3082,179.1753,1.0118
1741944641.605,1.889,4.825,2.362,-3.163,-0.2269,2.8884,5.8846,131.6565,-179.8645,0.4205
1741944641.685,1.889,4.802,2.362,-3.139,-0.2361,2.8849,5.8847,131.4064,-176.4949,-4.2783
1741944641.765,1.904,4.806,2.349,-3.138,-0.2487,2.8741,5.8882,130.2835,-175.7903,-4.9313
1741944641.844,1.919,4.812,2.334,-3.143,-0.2603,2.8651,5.8887,130.0455,-176.2442,-4.4758
1741944641.924,1.945,4.803,2.309,-3.134,-0.273,2.8537,5.888,129.9154,-176.6949,-3.623
1741944642.004,1.965,4.803,2.289,-3.133,-0.2852,2.8406,5.8865,129.8784,-176.9506,-2.7759
1741944642.083,1.965,4.806,2.289,-3.137,-0.2981,2.8281,5.8845,129.9328,-177.2844,-2.572
1741944642.163,1.986,4.808,2.268,-3.139,-0.3098,2.8128,5.8838,129.9504,-177.1385,-2.0251
1741944642.243,2.007,4.811,2.247,-3.142,-0.323,2.7978,5.8824,129.9003,-177.2976,-1.7298
1741944642.322,2.029,4.81,2.226,-3.139,-0.3352,2.7875,5.8806,129.5379,-177.2744,-2.5519
1741944642.402,2.05,4.81,2.205,-3.138,-0.3502,2.7731,5.8796,129.4006,-177.1276,-2.6129
1741944642.482,2.05,4.814,2.206,-3.141,-0.3673,2.7542,5.8821,129.2632,-177.456,-2.5434
1741944642.561,2.076,4.817,2.18,-3.143,-0.3801,2.7418,5.8808,129.2027,-177.6103,-2.8439
1741944642.641,2.098,4.819,2.158,-3.145,-0.3913,2.7315,5.8783,129.1146,-177.3921,-3.0666
1741944642.72,2.122,4.819,2.134,-3.145,-0.404,2.7207,5.8771,129.1027,-177.5216,-3.1418
1741944642.8,2.142,4.819,2.115,-3.144,-0.4168,2.7102,5.8772,128.9769,-177.3544,-3.5019
1741944642.88,2.142,4.817,2.115,-3.141,-0.4294,2.6994,5.8776,128.8064,-177.4704,-3.3941
1741944642.959,2.166,4.824,2.091,-3.148,-0.4437,2.6874,5.877,128.7705,-177.6773,-2.966
1741944643.039,2.191,4.825,2.067,-3.148,-0.4576,2.6751,5.878,128.6546,-177.5675,-2.8399
1741944643.119,2.215,4.825,2.043,-3.148,-0.4708,2.6622,5.8783,128.7056,-177.6294,-2.6127
1741944643.198,2.238,4.825,2.02,-3.148,-0.485,2.649,5.8791,128.6388,-178.1527,-2.4137
1741944643.278,2.238,4.832,2.021,-3.153,-0.4995,2.6357,5.8795,128.4171,-178.3587,-2.131
1741944643.358,2.26,4.83,2.0,-3.149,-0.5148,2.6235,5.8787,128.165,-178.7135,-2.3792
1741944643.437,2.287,4.836,1.973,-3.154,-0.5276,2.6126,5.8779,128.0321,-178.911,-2.4269
1741944643.517,2.311,4.84,1.95,-3.158,-0.5424,2.5991,5.878,128.0059,-179.0273,-2.3487
1741944643.597,2.332,4.84,1.927,-3.161,-0.5546,2.5956,5.8797,128.4767,-179.8321,-3.9006
1741944643.676,2.332,4.842,1.927,-3.163,-0.5624,2.5892,5.8806,128.3852,-179.7609,-4.2527
1741944643.756,2.351,4.852,1.903,-3.184,-0.568,2.5762,5.8806,130.2711,-177.3697,-3.6149
1741944643.836,2.359,4.853,1.895,-3.185,-0.5833,2.5629,5.8806,130.2191,-177.4581,-3.3773
1741944643.919,2.372,4.843,1.879,-3.182,-0.603,2.5437,5.8784,132.1466,-178.1992,-0.6144
1741944643.995,2.372,4.843,1.89,-3.158,-0.6276,2.5352,5.8762,139.281,176.065,-4.5243
1741944644.075,2.395,4.843,1.864,-3.165,-0.6432,2.5198,5.877,138.4328,177.9331,-4.1705
1741944644.154,2.428,4.837,1.828,-3.166,-0.6555,2.5083,5.8768,137.3938,178.8357,-3.7356
1741944644.234,2.448,4.836,1.808,-3.163,-0.6673,2.498,5.8778,137.6685,178.3067,-2.6423
1741944644.314,2.474,4.836,1.78,-3.168,-0.6761,2.4912,5.8775,136.7871,177.9571,-2.1388
1741944644.393,2.474,4.836,1.778,-3.173,-0.6855,2.4777,5.8774,135.5282,178.1957,-1.1597
1741944644.473,2.491,4.84,1.76,-3.178,-0.6977,2.4633,5.8764,135.0178,178.4444,-0.879
1741944644.554,2.509,4.838,1.742,-3.176,-0.7109,2.4496,5.8752,132.0278,-178.9894,-3.9666
1741944644.752,2.552,4.837,1.699,-3.175,-0.7319,2.4319,5.8778,131.8822,-176.6084,-7.5002
1741944646.046,2.835,4.862,1.42,-3.194,-0.9462,2.2261,5.8755,130.1167,-179.6877,-1.7633
1741944646.125,2.854,4.865,1.401,-3.196,-0.9588,2.2141,5.8761,130.0159,-179.4113,-1.7466
1741944646.205,2.869,4.865,1.388,-3.194,-0.973,2.2025,5.8765,129.6331,-179.671,-2.6206
1741944646.285,2.869,4.863,1.388,-3.192,-0.9869,2.1909,5.8759,129.6036,-179.6143,-2.4806
1741944646.364,2.893,4.868,1.364,-3.197,-1.0021,2.1772,5.8763,129.583,-179.5567,-2.2753
1741944646.444,2.926,4.869,1.331,-3.197,-1.0148,2.1659,5.8762,129.4588,-179.3607,-1.9827
1741944646.524,2.943,4.869,1.312,-3.2,-1.0283,2.1552,5.8761,130.0563,-179.197,-1.8936
1741944646.604,2.968,4.869,1.285,-3.204,-1.0431,2.1434,5.8762,130.9462,-179.2086,-1.8817
1741944646.683,2.968,4.872,1.283,-3.211,-1.0567,2.134,5.8747,132.1037,-179.3263,-2.1555
1741944646.763,2.986,4.875,1.264,-3.215,-1.0716,2.1211,5.8763,133.6085,-179.4808,-1.9813
1741944646.842,3.004,4.868,1.247,-3.206,-1.0849,2.1094,5.8765,135.1677,-179.4036,-1.7542
1741944646.922,3.022,4.869,1.232,-3.202,-1.0977,2.0982,5.8765,136.61,-179.5895,-1.5486
1741944647.002,3.043,4.869,1.213,-3.199,-1.1106,2.0845,5.8771,137.1657,-179.7049,-1.303
1741944647.081,3.043,4.877,1.214,-3.207,-1.1222,2.0725,5.8762,137.2521,-179.8397,-1.3286
1741944647.161,3.062,4.884,1.195,-3.214,-1.1336,2.0601,5.8763,137.2418,179.9661,-1.2822
1741944647.24,3.085,4.882,1.172,-3.211,-1.1468,2.0451,5.8767,137.2813,179.9985,-1.2683
1741944647.32,3.113,4.885,1.144,-3.215,-1.1576,2.0325,5.8764,137.2425,-179.9158,-1.173
1741944647.4,3.129,4.885,1.127,-3.215,-1.1695,2.0192,5.8766,137.1641,-179.8206,-1.0724
1741944647.48,3.129,4.877,1.127,-3.207,-1.1825,2.0049,5.8772,137.1474,-179.8487,-1.0327
1741944647.559,3.157,4.873,1.099,-3.203,-1.1939,1.9925,5.8771,137.1485,-179.7518,-1.1858
1741944647.639,3.175,4.878,1.081,-3.208,-1.2063,1.9792,5.877,137.0899,-179.7818,-1.257
1741944647.718,3.201,4.877,1.055,-3.207,-1.2187,1.9654,5.8771,137.0816,-179.8524,-1.154
1741944647.798,3.219,4.877,1.037,-3.208,-1.2303,1.9527,5.877,136.9796,-179.8111,-1.2738
1741944647.878,3.219,4.871,1.035,-3.204,-1.2415,1.9392,5.8777,136.5299,-179.8045,-1.1195
1741944647.957,3.247,4.871,1.007,-3.205,-1.2533,1.9265,5.8777,136.2544,-179.8089,-0.9719
1741944648.037,3.265,4.865,0.988,-3.2,-1.2648,1.9095,5.8811,136.1523,-179.8688,-0.9052
1741944648.117,3.287,4.863,0.966,-3.198,-1.2772,1.8996,5.8789,136.0948,-179.932,-1.2894
1741944648.196,3.307,4.863,0.946,-3.199,-1.293,1.8806,5.8751,135.9496,-179.8035,-0.6988
1741944648.276,3.307,4.864,0.946,-3.2,-1.3035,1.8713,5.8754,135.879,-179.3505,-1.349
1741944648.356,3.329,4.863,0.924,-3.199,-1.3144,1.8611,5.8776,135.7341,-179.2417,-1.3299
1741944648.435,3.346,4.865,0.906,-3.202,-1.3252,1.8505,5.8781,135.6115,-179.28,-1.2781
1741944648.515,3.374,4.858,0.878,-3.195,-1.3379,1.8375,5.8784,135.4772,-179.4709,-1.1343
1741944648.595,3.394,4.858,0.858,-3.195,-1.3509,1.8241,5.8785,135.3615,-179.5291,-1.0892
1741944648.674,3.394,4.861,0.858,-3.199,-1.3634,1.8116,5.8788,135.2573,-179.5751,-0.9647
1741944648.754,3.413,4.861,0.84,-3.197,-1.3738,1.8096,5.8803,135.8592,179.3305,-3.139
1741944648.833,3.441,4.863,0.811,-3.2,-1.3804,1.8068,5.8813,135.6641,178.8838,-3.8502
1741944648.913,3.446,4.882,0.804,-3.221,-1.3869,1.8029,5.8821,134.4621,179.2222,-4.5589
1741944648.993,3.455,4.882,0.796,-3.221,-1.3978,1.7922,5.8832,134.669,179.173,-4.5868
1741944649.073,3.455,4.886,0.795,-3.226,-1.4126,1.7763,5.882,133.7337,179.446,-4.0674
1741944649.152,3.47,4.886,0.781,-3.225,-1.4295,1.75,5.8812,132.0995,-178.7935,0.7694
1741944649.232,3.493,4.876,0.76,-3.212,-1.4465,1.7344,5.882,131.0846,179.9659,0.4696
1741944649.311,3.539,4.865,0.714,-3.201,-1.462,1.7204,5.8819,131.298,-179.8957,0.288
1741944649.391,3.565,4.865,0.686,-3.204,-1.4705,1.7134,5.8812,132.3813,-179.8856,-0.095
1741944649.471,3.565,4.868,0.686,-3.207,-1.4752,1.7097,5.8802,132.4597,-179.9239,-0.3392
1741944649.55,3.585,4.866,0.665,-3.205,-1.4796,1.7057,5.8804,132.6761,-179.7476,-0.4721
1741944649.63,3.593,4.867,0.657,-3.207,-1.4863,1.6993,5.8803,133.1456,-179.5915,-0.6334
1741944649.71,3.596,4.868,0.654,-3.208,-1.4958,1.6903,5.8807,133.5723,-179.4897,-0.8246
1741944649.789,3.596,4.868,0.654,-3.207,-1.508,1.6784,5.8808,134.3445,-179.4536,-0.8663
1741944649.869,3.606,4.865,0.646,-3.202,-1.5194,1.666,5.8814,135.5507,-179.2336,-0.6768
1741944649.949,3.628,4.864,0.637,-3.184,-1.527,1.6581,5.8814,138.6532,-178.9892,-0.4641
1741944650.028,3.653,4.867,0.628,-3.166,-1.5359,1.6504,5.881,140.9381,-179.7016,-0.5084
1741944650.108,3.68,4.867,0.606,-3.16,-1.5445,1.6392,5.8811,141.4905,-179.5979,-0.5323
1741944650.188,3.68,4.901,0.612,-3.185,-1.5544,1.6261,5.8814,142.1616,-179.3955,-0.6235
1741944650.267,3.704,4.906,0.6,-3.175,-1.5656,1.612,5.8815,143.2875,-179.2924,-0.4963
1741944651.462,4.03,5.01,0.268,-3.29,-1.667,1.4249,5.8841,142.3662,178.4755,1.3796
1741944651.542,4.007,4.93,0.248,-3.264,-1.6737,1.4077,5.8831,136.3649,179.0971,1.0838
1741944651.621,3.964,4.831,0.293,-3.163,-1.6788,1.3944,5.8803,130.1748,-176.827,-1.8841
1741944651.701,3.946,4.831,0.334,-3.135,-1.6905,1.3792,5.8784,126.4787,-177.6878,-1.0762
1741944651.78,3.946,4.788,0.334,-3.091,-1.7033,1.3684,5.8782,126.4115,-178.159,-0.5584
1741944651.86,4.0,4.813,0.278,-3.119,-1.7169,1.3582,5.8792,126.6649,-178.6761,-0.3351
1741944651.94,4.032,4.819,0.245,-3.127,-1.7305,1.348,5.8796,126.9246,-179.122,-0.1
1741944652.019,4.052,4.821,0.223,-3.131,-1.7377,1.3426,5.8797,127.0856,-179.4274,0.0448
1741944652.099,4.068,4.821,0.207,-3.131,-1.7383,1.3424,5.8802,127.1293,-179.6546,0.1349
1741944652.179,4.068,4.821,0.207,-3.131,-1.7373,1.3434,5.8804,127.1404,-179.7139,0.1749
1741944652.258,4.072,4.82,0.203,-3.131,-1.7361,1.3445,5.8804,127.1795,-179.6768,0.1355
1741944652.338,4.068,4.823,0.206,-3.134,-1.7359,1.3446,5.8803,127.2612,-179.6098,0.1663
1741944652.418,4.069,4.817,0.205,-3.129,-1.7357,1.3445,5.8803,127.3024,-179.6049,0.2013
1741944652.497,4.068,4.817,0.206,-3.129,-1.7356,1.3443,5.88,127.3149,-179.6326,0.2009
1741944652.577,4.068,4.819,0.205,-3.131,-1.7354,1.345,5.8833,127.351,-179.6823,0.1816
1741944652.657,4.067,4.822,0.208,-3.132,-1.7313,1.3475,5.8818,127.155,-179.7691,0.203
1741944652.736,4.065,4.819,0.208,-3.131,-1.7199,1.3565,5.881,127.3658,-179.8924,0.2073
1741944652.816,4.061,4.82,0.212,-3.133,-1.7023,1.37,5.8815,127.4415,-179.8792,0.3534
1741944652.896,4.042,4.82,0.221,-3.145,-1.6833,1.3867,5.8815,128.9099,-179.6652,0.345
1741944652.975,4.042,4.816,0.214,-3.148,-1.6677,1.4012,5.8805,130.2865,-179.7042,0.0084
1741944653.055,3.999,4.806,0.256,-3.14,-1.6605,1.4036,5.8813,130.6357,-178.8323,0.5415
1741944653.135,3.953,4.789,0.301,-3.124,-1.6651,1.4034,5.8809,130.889,-179.3089,-0.3337
1741944653.214,3.948,4.793,0.308,-3.126,-1.6694,1.3993,5.8809,130.4436,-179.3688,-0.137
1741944653.294,3.953,4.793,0.302,-3.127,-1.6713,1.3978,5.8808,130.5233,-179.5828,-0.0174
1741944653.374,3.953,4.791,0.302,-3.125,-1.6716,1.3977,5.8807,130.5485,-179.6419,0.0482
1741944653.573,3.959,4.79,0.296,-3.124,-1.6793,1.3904,5.8807,130.541,-179.2918,-0.1481
1741944653.652,3.959,4.791,0.297,-3.124,-1.6907,1.38,5.8795,130.3533,-179.312,-0.1601
1741944653.732,3.968,4.793,0.289,-3.124,-1.712,1.3682,5.8773,130.0364,-179.5339,-0.4288
1741944653.812,3.99,4.793,0.268,-3.124,-1.7303,1.3538,5.8776,129.9095,-179.6312,-0.3243
1741944653.891,4.024,4.793,0.234,-3.123,-1.7442,1.3367,5.8795,129.7956,-179.4769,0.0632
1741944653.971,4.024,4.799,0.235,-3.128,-1.7556,1.3244,5.88,129.6608,-179.5689,0.217
1741944654.05,4.053,4.799,0.206,-3.129,-1.7575,1.3228,5.8807,129.7322,-179.838,0.2733
1741944654.13,4.076,4.802,0.183,-3.132,-1.7556,1.3248,5.8803,129.7435,-179.9458,0.2805
1741944654.21,4.078,4.804,0.181,-3.134,-1.7523,1.3286,5.88,129.7198,-179.9544,0.2872
1741944654.289,4.072,4.804,0.186,-3.134,-1.7492,1.3311,5.8798,129.8507,-179.7927,0.1891
1741944654.369,4.072,4.802,0.186,-3.132,-1.7485,1.3317,5.8799,129.8509,-179.7117,0.1563
1741944654.449,4.065,4.802,0.193,-3.132,-1.7483,1.3317,5.88,129.8629,-179.6868,0.1231
1741944654.528,4.065,4.802,0.193,-3.132,-1.7482,1.332,5.8801,129.8811,-179.7009,0.0863
1741944654.608,4.064,4.803,0.194,-3.133,-1.7479,1.3324,5.8834,129.8726,-179.6096,0.0422
1741944654.688,4.064,4.803,0.194,-3.133,-1.7479,1.3324,5.8836,129.8572,-179.6041,0.0577
1741944654.767,4.064,4.801,0.194,-3.131,-1.7478,1.3324,5.8837,129.8506,-179.6001,0.038
1741944654.847,4.063,4.802,0.195,-3.132,-1.7478,1.3324,5.8838,129.861,-179.6093,0.0295
1741944654.927,4.065,4.8,0.193,-3.13,-1.7478,1.3324,5.8838,129.8741,-179.6066,0.0229
1741944655.006,4.064,4.801,0.194,-3.131,-1.7478,1.3324,5.8838,129.8801,-179.6076,0.0316
1741944655.086,4.064,4.801,0.194,-3.131,-1.7478,1.3324,5.8839,129.8812,-179.6132,0.0166
1741944655.165,4.064,4.802,0.194,-3.132,-1.7478,1.3324,5.8839,129.8835,-179.614,-0.0252
1741944655.245,4.063,4.801,0.195,-3.131,-1.7478,1.3325,5.8836,129.8364,-179.6314,0.0012
1741944655.325,4.064,4.803,0.194,-3.134,-1.7484,1.333,5.8817,130.0175,-179.75,0.0395
1741944655.404,4.066,4.8,0.194,-3.128,-1.7557,1.3371,5.8814,129.3887,-179.4807,0.9616
1741944655.484,4.066,4.8,0.2,-3.121,-1.7756,1.3525,5.8854,128.3604,-179.8574,2.28
1741944655.564,4.065,4.806,0.218,-3.107,-1.8101,1.3849,5.8932,126.1559,178.8194,2.5979
1741944655.643,4.081,4.846,0.223,-3.122,-1.8485,1.4295,5.9017,124.168,179.6794,1.6024
1741944655.723,4.11,4.933,0.186,-3.218,-1.8866,1.4756,5.9086,124.9495,179.705,1.1588
1741944655.803,4.122,4.933,0.14,-3.259,-1.9282,1.534,5.9146,129.1452,179.4729,0.6384
1741944655.882,4.122,5.037,0.128,-3.377,-1.9598,1.5855,5.9155,133.2669,179.3836,1.1369
1741944655.962,4.075,5.076,0.181,-3.409,-1.9797,1.6276,5.913,136.5717,179.5914,2.0808
1741944656.041,4.028,5.118,0.235,-3.442,-1.9901,1.6657,5.9088,138.0218,-179.91,0.4069
1741944656.121,4.01,5.181,0.26,-3.495,-1.9922,1.6943,5.9036,139.2094,-179.7131,-1.7876
1741944656.201,3.985,5.181,0.307,-3.466,-1.9885,1.7111,5.8976,141.8618,-178.7591,-2.844
1741944656.281,3.985,5.229,0.325,-3.49,-1.9844,1.7196,5.8916,143.4954,-178.1213,-3.5643
1741944656.36,3.976,5.267,0.307,-3.563,-1.9822,1.7211,5.8881,140.9397,-178.1467,-2.7037
1741944656.44,3.989,5.307,0.27,-3.634,-1.9802,1.7215,5.8867,137.4429,-178.0431,-1.8714
1741944656.52,3.963,5.254,0.295,-3.583,-1.9799,1.7218,5.8857,137.1389,-178.2923,-1.4278
1741944656.599,3.942,5.254,0.32,-3.578,-1.9794,1.7205,5.8858,137.9383,-178.5334,-0.6641
1741944656.679,3.942,5.235,0.318,-3.561,-1.9804,1.7185,5.8844,137.6491,-178.7589,0.0827
1741944657.017,3.939,5.232,0.313,-3.57,-1.9842,1.7211,5.8833,135.2394,-179.3637,0.2922
1741944657.097,3.94,5.232,0.312,-3.57,-1.9843,1.7211,5.8835,135.2692,-179.3659,0.314
1741944657.177,3.94,5.232,0.313,-3.567,-1.9847,1.7215,5.8833,135.8788,-179.3546,0.3849
1741944657.256,3.942,5.232,0.316,-3.561,-1.9856,1.7223,5.8835,137.1817,-179.3014,0.4942
1741944657.336,3.943,5.232,0.316,-3.56,-1.986,1.7231,5.8836,137.3927,-179.2489,0.4791
1741944657.415,3.945,5.242,0.311,-3.574,-1.9869,1.7249,5.8836,136.6143,-179.3771,0.4163
1741944657.495,3.947,5.242,0.309,-3.574,-1.988,1.727,5.8836,136.5838,-179.4474,0.4014
1741944657.575,3.947,5.244,0.313,-3.57,-1.989,1.7296,5.8834,137.6165,-179.3419,0.3682
1741944657.654,3.942,5.241,0.319,-3.566,-1.9888,1.7304,5.8837,137.7879,-179.302,0.3944
1741944657.734,3.941,5.249,0.318,-3.577,-1.9883,1.7314,5.8835,137.3658,-179.3245,0.3148
1741944657.814,3.944,5.249,0.313,-3.58,-1.9865,1.7345,5.8836,136.9193,-179.2997,0.3885
1741944657.893,3.94,5.249,0.316,-3.581,-1.9842,1.7379,5.8832,136.6706,-179.3416,0.3533
1741944657.973,3.94,5.248,0.316,-3.58,-1.984,1.7383,5.8832,136.6422,-179.4218,0.2618
1741944658.053,3.932,5.248,0.324,-3.58,-1.9845,1.7377,5.8834,136.6436,-179.3811,0.2594
1741944658.132,3.93,5.249,0.326,-3.581,-1.985,1.7373,5.8834,136.6127,-179.4031,0.229
1741944658.212,3.932,5.247,0.324,-3.579,-1.9851,1.7372,5.883,136.6113,-179.3974,0.2749
1741944658.292,3.931,5.247,0.325,-3.579,-1.9852,1.7375,5.8858,136.6039,-179.3438,0.166
1741944658.371,3.931,5.247,0.325,-3.579,-1.9851,1.7375,5.8861,136.6141,-179.3781,0.1685
1741944658.451,3.931,5.247,0.325,-3.579,-1.9842,1.7385,5.8853,136.7108,-179.4474,0.2638
1741944658.53,3.932,5.249,0.324,-3.581,-1.9785,1.7443,5.8833,136.6627,-179.4878,0.3575
1741944658.61,3.93,5.248,0.326,-3.58,-1.9666,1.757,5.8834,136.6129,-179.6012,0.4584
1741944658.69,3.915,5.248,0.341,-3.579,-1.9509,1.774,5.8839,136.797,-179.3859,0.307
1741944658.769,3.915,5.248,0.343,-3.577,-1.9339,1.7925,5.8841,137.1611,-179.3871,0.2669
1741944658.849,3.891,5.249,0.367,-3.578,-1.9188,1.8091,5.8842,137.2015,-179.49,0.0875
1741944658.929,3.863,5.254,0.396,-3.582,-1.9041,1.8252,5.8834,137.3718,-179.3115,0.0359
1741944659.008,3.832,5.254,0.427,-3.582,-1.8937,1.837,5.8832,137.3584,-179.3366,-0.0432
1741944659.088,3.808,5.254,0.451,-3.582,-1.8837,1.8479,5.883,137.4441,-179.2513,-0.0937
1741944659.168,3.808,5.256,0.452,-3.582,-1.8733,1.8593,5.883,137.6512,-179.1742,-0.1824
1741944659.247,3.79,5.256,0.47,-3.582,-1.8621,1.8714,5.8829,137.7288,-179.1895,-0.2516
1741944659.327,3.773,5.26,0.487,-3.585,-1.8505,1.8847,5.8828,137.7554,-179.2015,-0.3496
1741944659.407,3.75,5.261,0.511,-3.586,-1.8372,1.8994,5.8829,137.8806,-179.2007,-0.2959
1741944659.486,3.727,5.261,0.534,-3.586,-1.8244,1.9137,5.8827,137.8515,-179.2232,-0.3713
1741944659.566,3.727,5.261,0.534,-3.585,-1.8116,1.9276,5.8824,137.987,-179.1184,-0.3853
1741944659.646,3.702,5.266,0.561,-3.588,-1.7992,1.9416,5.8821,138.2496,-179.0207,-0.5196
1741944659.725,3.678,5.268,0.586,-3.588,-1.7871,1.9553,5.8815,138.5397,-178.9865,-0.5819
1741944659.805,3.655,5.271,0.609,-3.59,-1.7767,1.9673,5.8817,138.5588,-179.0651,-0.5407
1741944659.885,3.631,5.271,0.634,-3.589,-1.7647,1.9814,5.8818,138.7384,-179.0503,-0.6508
1741944659.964,3.631,5.27,0.634,-3.588,-1.7531,1.9947,5.8819,138.7705,-179.0234,-0.6701
1741944660.044,3.615,5.278,0.651,-3.595,-1.7418,2.0077,5.8817,138.8416,-179.0308,-0.6198
1741944660.124,3.592,5.278,0.675,-3.594,-1.7309,2.0203,5.8806,139.0144,-179.0941,-0.5263
1741944660.203,3.573,5.28,0.694,-3.594,-1.7188,2.0343,5.881,139.1445,-179.1196,-0.5308
1741944660.283,3.55,5.28,0.718,-3.593,-1.707,2.0483,5.8808,139.2543,-179.2157,-0.5899
1741944660.362,3.55,5.283,0.718,-3.596,-1.6949,2.0625,5.8805,139.2971,-179.1843,-0.546
1741944660.442,3.527,5.285,0.741,-3.598,-1.683,2.0764,5.8801,139.2583,-179.2427,-0.5222
1741944660.522,3.504,5.29,0.765,-3.602,-1.6714,2.0895,5.8803,139.4351,-179.1841,-0.4001
1741944660.601,3.482,5.289,0.781,-3.609,-1.6592,2.102,5.8801,138.4715,-179.2114,-0.4371
1741944660.681,3.46,5.289,0.794,-3.622,-1.6455,2.1132,5.8795,136.3847,-179.0936,-0.3511
1741944660.761,3.46,5.289,0.79,-3.629,-1.6323,2.1234,5.8792,133.5902,-179.3764,-0.469
1741944660.84,3.431,5.271,0.822,-3.606,-1.617,2.1338,5.8795,130.9224,-179.3766,-0.4225
1741944660.92,3.409,5.264,0.854,-3.585,-1.6016,2.1439,5.8789,128.567,-179.2549,-0.4275
1741944661.0,3.394,5.272,0.87,-3.591,-1.5867,2.1551,5.8792,128.3552,-179.0994,-0.5822
1741944661.079,3.394,5.272,0.869,-3.593,-1.5722,2.1663,5.8788,128.5727,-179.0181,-0.5738
1741944661.159,3.385,5.284,0.876,-3.606,-1.5595,2.1771,5.8778,128.786,-179.1681,-0.716
1741944661.238,3.357,5.278,0.904,-3.601,-1.5439,2.1892,5.8782,128.8851,-179.1384,-0.6429
1741944661.318,3.335,5.269,0.926,-3.592,-1.5303,2.2004,5.8783,128.9051,-179.1949,-0.6402
1741944661.398,3.313,5.269,0.947,-3.592,-1.5165,2.2118,5.878,128.9391,-179.0897,-0.7092
1741944661.477,3.313,5.269,0.942,-3.602,-1.5049,2.2232,5.8783,130.4657,-178.9938,-0.7716
1741944661.557,3.292,5.268,0.959,-3.607,-1.4932,2.2368,5.8783,132.4468,-179.0587,-0.8377
1741944661.637,3.262,5.258,0.988,-3.598,-1.4805,2.2497,5.8778,132.9372,-179.3131,-0.8629
1741944661.717,3.235,5.245,1.015,-3.585,-1.4661,2.2635,5.8775,133.3477,-179.3339,-0.8066
1741944661.796,3.205,5.245,1.045,-3.585,-1.4531,2.2758,5.8777,133.4099,-179.2788,-0.7657
1741944661.876,3.205,5.242,1.045,-3.582,-1.4401,2.2884,5.8774,133.3985,-179.1689,-1.0306
1741944661.955,3.186,5.243,1.064,-3.583,-1.4278,2.3005,5.8769,133.5366,-179.1224,-1.1466
1741944662.035,3.163,5.241,1.087,-3.581,-1.4149,2.3128,5.8768,133.754,-179.126,-1.1584
1741944662.115,3.136,5.238,1.114,-3.578,-1.4013,2.3257,5.8769,133.7762,-179.2313,-1.3216
1741944662.194,3.113,5.238,1.137,-3.578,-1.3883,2.3384,5.8769,133.7719,-179.2162,-1.3642
1741944662.274,3.113,5.242,1.137,-3.582,-1.3754,2.3509,5.8768,133.7099,-179.2168,-1.3259
1741944662.354,3.091,5.239,1.159,-3.579,-1.3625,2.3631,5.8769,133.741,-179.107,-1.3669
1741944662.433,3.075,5.241,1.175,-3.581,-1.3494,2.376,5.8767,133.8222,-179.037,-1.4758
1741944662.513,3.054,5.235,1.196,-3.575,-1.3368,2.3882,5.8761,134.0644,-178.9333,-1.4688
1741944662.593,3.022,5.235,1.228,-3.575,-1.324,2.4009,5.8762,134.0525,-179.1216,-1.4531
1741944662.672,3.022,5.238,1.228,-3.578,-1.3101,2.4147,5.8764,134.1388,-179.1795,-1.6579
1741944662.752,3.003,5.239,1.247,-3.579,-1.2977,2.4266,5.8765,134.2628,-179.1448,-1.6726
1741944662.831,2.98,5.238,1.27,-3.578,-1.2852,2.439,5.8764,134.1875,-179.1359,-1.9319
1741944662.911,2.963,5.239,1.287,-3.578,-1.2726,2.4513,5.8758,134.5126,-178.9994,-1.9192
1741944662.991,2.936,5.239,1.314,-3.578,-1.2597,2.4643,5.8754,134.5135,-179.1027,-1.9158
1741944663.07,2.936,5.239,1.315,-3.578,-1.2467,2.4772,5.8753,134.6702,-179.1573,-1.924
1741944663.15,2.922,5.238,1.329,-3.577,-1.2344,2.4895,5.8749,134.6517,-179.3019,-1.7236
1741944663.23,2.894,5.238,1.356,-3.577,-1.2208,2.5021,5.8754,134.4778,-179.269,-1.6911
1741944663.309,2.876,5.238,1.374,-3.577,-1.2086,2.5142,5.8751,134.295,-179.1577,-1.7941
1741944663.389,2.849,5.238,1.401,-3.578,-1.1966,2.5273,5.8747,134.1315,-179.3756,-1.7042
1741944663.469,2.849,5.238,1.401,-3.577,-1.1838,2.5398,5.8749,134.4313,-179.3191,-1.6233
1741944663.548,2.832,5.239,1.419,-3.577,-1.1724,2.5522,5.8747,135.0668,-179.6996,-1.8693
1741944663.628,2.803,5.239,1.448,-3.577,-1.1583,2.5665,5.8747,135.2337,-179.4474,-2.0783
1741944663.707,2.781,5.24,1.47,-3.577,-1.1455,2.5795,5.8746,135.2966,-179.3482,-2.1547
1741944663.787,2.759,5.24,1.493,-3.577,-1.1328,2.5926,5.8747,135.5337,-179.2162,-2.1535
1741944663.867,2.759,5.24,1.494,-3.575,-1.1205,2.605,5.8749,135.9523,-179.2538,-2.0157
1741944663.947,2.745,5.241,1.508,-3.576,-1.1082,2.619,5.8742,136.059,-179.2436,-2.2834
1741944664.026,2.714,5.243,1.539,-3.577,-1.0953,2.6319,5.8746,136.3218,-179.1657,-2.5249
1741944664.106,2.698,5.245,1.555,-3.578,-1.0815,2.6461,5.8744,136.4115,-179.1289,-2.5313
1741944664.185,2.678,5.245,1.575,-3.579,-1.0683,2.6589,5.875,136.335,-179.1611,-2.1927
1741944664.265,2.678,5.245,1.576,-3.578,-1.0567,2.6715,5.8747,136.5631,-179.1799,-2.0954
1741944664.345,2.65,5.246,1.604,-3.578,-1.0444,2.6843,5.8748,136.5971,-179.2359,-1.9618
1741944664.424,2.636,5.248,1.617,-3.581,-1.0321,2.6977,5.8747,136.4342,-179.2901,-2.2724
1741944664.504,2.606,5.249,1.648,-3.581,-1.0193,2.7097,5.875,136.5843,-179.25,-2.2203
1741944664.584,2.585,5.249,1.669,-3.581,-1.0075,2.7225,5.8738,136.6539,-179.2527,-2.1601
1741944664.663,2.585,5.251,1.669,-3.584,-0.9944,2.7363,5.8738,136.544,-178.8103,-2.0753
1741944664.743,2.563,5.251,1.691,-3.583,-0.9827,2.7491,5.8741,136.57,-178.9498,-1.814
1741944664.823,2.541,5.251,1.713,-3.583,-0.9703,2.7622,5.8747,136.6718,-178.8313,-1.7417
1741944664.902,2.52,5.253,1.734,-3.585,-0.958,2.7756,5.8741,136.5646,-179.0338,-1.7873
1741944664.982,2.503,5.253,1.75,-3.586,-0.9457,2.7898,5.8745,136.4861,-179.4619,-2.4522
1741944665.062,2.503,5.257,1.751,-3.589,-0.9334,2.8034,5.8737,136.7011,-179.1631,-2.5182
1741944665.141,2.482,5.257,1.772,-3.588,-0.9207,2.8166,5.8737,136.8851,-179.0438,-2.3949
1741944665.221,2.453,5.257,1.8,-3.59,-0.9079,2.83,5.8734,136.4955,-178.8409,-2.1857
1741944665.301,2.437,5.259,1.816,-3.592,-0.8959,2.8426,5.8739,136.5535,-178.8179,-2.0296
1741944665.38,2.41,5.259,1.842,-3.594,-0.8845,2.8558,5.8737,135.9517,-178.9362,-2.0806
1741944665.46,2.41,5.261,1.843,-3.594,-0.8718,2.8688,5.875,136.5052,-178.9902,-1.6928
1741944665.539,2.41,5.261,1.844,-3.593,-0.8595,2.8817,5.8758,136.6013,-178.678,-1.7315
1741944665.619,2.369,5.264,1.885,-3.595,-0.8476,2.8942,5.8755,136.8995,-178.848,-1.5391
1741944665.699,2.351,5.266,1.904,-3.595,-0.8359,2.9067,5.8746,137.1435,-178.7975,-1.5468
1741944665.778,2.326,5.266,1.928,-3.597,-0.8232,2.9212,5.8745,136.8345,-178.5223,-2.0479
1741944665.858,2.326,5.267,1.928,-3.598,-0.8122,2.9333,5.8751,136.8725,-178.8569,-1.8442
1741944665.938,2.307,5.268,1.948,-3.598,-0.7978,2.9465,5.8782,137.117,-178.5558,-1.5688
1741944666.017,2.282,5.274,1.972,-3.605,-0.7845,2.9618,5.8758,136.8876,-178.3475,-1.4716
1741944666.097,2.259,5.281,1.994,-3.614,-0.7731,2.9748,5.8763,136.5378,-178.1718,-1.6315
1741944666.177,2.236,5.281,2.017,-3.614,-0.7609,2.9883,5.8771,136.4056,-178.1606,-1.9409
1741944666.256,2.236,5.284,2.017,-3.617,-0.7481,3.0022,5.8773,136.507,-177.9016,-2.0184
1741944666.336,2.213,5.296,2.04,-3.629,-0.7353,3.0169,5.8771,136.41,-177.737,-2.2878
1741944666.416,2.19,5.299,2.062,-3.635,-0.7232,3.0359,5.8792,135.7094,-178.3653,-5.9698
1741944666.495,2.164,5.3,2.088,-3.636,-0.7102,3.0512,5.879,135.6337,-177.7688,-4.805
1741944666.575,2.164,5.3,2.088,-3.635,-0.6971,3.0665,5.8784,135.9266,-177.8315,-4.417
1741944666.654,2.142,5.303,2.111,-3.636,-0.6855,3.0803,5.8782,136.357,-177.5778,-4.4064
1741944666.734,2.12,5.305,2.134,-3.636,-0.6732,3.0945,5.8775,136.8683,-177.8001,-4.2736
1741944666.814,2.098,5.307,2.156,-3.636,-0.6609,3.1083,5.8777,137.2148,-177.893,-4.1753
1741944666.893,2.076,5.31,2.178,-3.639,-0.649,3.1211,5.8783,137.2153,-177.9062,-3.9253
1741944666.973,2.076,5.31,2.178,-3.641,-0.6371,3.1328,5.8789,136.8808,-177.4439,-3.7423
1741944667.053,2.052,5.309,2.202,-3.639,-0.6238,3.1474,5.8785,137.0832,-177.3425,-3.7231
1741944667.132,2.027,5.311,2.226,-3.642,-0.6121,3.161,5.8789,136.8294,-177.5544,-3.9747
1741944667.212,2.007,5.312,2.245,-3.646,-0.6001,3.1741,5.8783,136.2691,-177.7391,-3.8625
1741944667.292,1.985,5.312,2.266,-3.65,-0.5867,3.1861,5.8791,134.8798,-177.8845,-3.8295
1741944667.371,1.985,5.309,2.265,-3.649,-0.5764,3.1863,5.8819,133.713,-177.9889,-3.3696
1741944667.451,1.961,5.303,2.289,-3.643,-0.5627,3.2005,5.8798,132.7158,-177.7966,-3.5043
1741944667.531,1.935,5.298,2.316,-3.635,-0.5475,3.2164,5.879,131.5832,-177.8294,-3.797
1741944667.61,1.915,5.287,2.336,-3.625,-0.5337,3.2268,5.8797,131.9971,-177.9265,-3.0533
1741944667.69,1.894,5.287,2.357,-3.625,-0.5196,3.2454,5.8781,131.8127,-178.0069,-3.3933
1741944667.77,1.894,5.269,2.357,-3.606,-0.5055,3.2605,5.8781,131.682,-177.8867,-3.2148
1741944667.849,1.872,5.272,2.379,-3.608,-0.4929,3.2705,5.8807,131.3637,-177.5028,-3.2874
1741944667.929,1.847,5.283,2.404,-3.62,-0.4804,3.2811,5.8811,131.5143,-177.5443,-2.9817
1741944668.008,1.827,5.286,2.424,-3.623,-0.4679,3.2935,5.8807,131.5747,-177.9136,-3.064
1741944668.088,1.803,5.286,2.448,-3.623,-0.4553,3.3052,5.8797,131.7033,-178.1037,-2.5853
1741944668.168,1.803,5.291,2.448,-3.629,-0.4438,3.3149,5.8798,131.8311,-178.604,-2.3162
1741944668.247,1.782,5.292,2.469,-3.63,-0.4308,3.3266,5.8787,132.0344,-178.8151,-1.8552
1741944668.327,1.759,5.291,2.491,-3.63,-0.4182,3.3366,5.8786,132.2512,-178.8355,-1.3908
1741944668.407,1.737,5.288,2.513,-3.627,-0.4061,3.3464,5.8786,132.2646,-178.8122,-1.3439
1741944668.486,1.714,5.288,2.536,-3.627,-0.3925,3.3588,5.8773,132.4004,-178.7259,-1.2548
1741944668.566,1.714,5.288,2.537,-3.626,-0.3796,3.3718,5.8783,131.9737,-178.4595,-2.012
1741944668.646,1.691,5.29,2.559,-3.629,-0.3668,3.3843,5.8778,132.1946,-178.7059,-1.81
1741944668.725,1.667,5.288,2.583,-3.627,-0.3536,3.3972,5.878,132.1981,-178.5168,-1.783
1741944668.805,1.646,5.288,2.604,-3.626,-0.3412,3.4092,5.8787,132.1111,-178.3956,-1.6211
1741944668.885,1.622,5.288,2.628,-3.627,-0.3273,3.4212,5.8792,132.1801,-178.3061,-1.2684
1741944668.964,1.622,5.287,2.628,-3.626,-0.3152,3.4332,5.8797,132.2429,-178.2235,-1.2029
1741944669.044,1.6,5.286,2.65,-3.625,-0.3023,3.4457,5.8794,132.4926,-178.1043,-1.0382
1741944669.124,1.576,5.286,2.674,-3.625,-0.2894,3.4581,5.8793,132.284,-178.3104,-0.8775
1741944669.203,1.554,5.287,2.696,-3.626,-0.276,3.4703,5.8778,132.3868,-178.294,-0.6454
1741944669.283,1.53,5.287,2.72,-3.626,-0.2642,3.4815,5.8791,132.474,-178.3128,-0.4271
1741944669.363,1.53,5.287,2.72,-3.626,-0.2507,3.4949,5.879,132.5323,-178.089,-0.4425
1741944669.442,1.509,5.287,2.741,-3.626,-0.2394,3.5064,5.879,132.6435,-178.2654,-0.3692
1741944669.522,1.485,5.285,2.765,-3.625,-0.2271,3.5188,5.8797,132.8793,-178.5856,-0.2285
1741944669.602,1.463,5.286,2.787,-3.626,-0.2139,3.5312,5.8799,133.0314,-178.5663,-0.0946
1741944669.681,1.445,5.286,2.805,-3.626,-0.201,3.5444,5.8806,133.1638,-178.7293,0.0543
1741944669.761,1.445,5.288,2.805,-3.628,-0.1884,3.5569,5.881,133.2525,-178.8649,0.2736
1741944669.84,1.421,5.286,2.829,-3.626,-0.1765,3.5689,5.8806,133.4075,-179.0008,0.4218
1741944669.92,1.398,5.286,2.852,-3.626,-0.1647,3.5808,5.8808,133.3881,-178.9892,0.5956
1741944670.0,1.378,5.285,2.872,-3.625,-0.1525,3.5939,5.8814,133.6564,-179.2133,0.6925
1741944670.079,1.354,5.285,2.896,-3.625,-0.1391,3.6072,5.8812,133.7811,-179.2999,0.849
1741944670.159,1.354,5.285,2.896,-3.625,-0.1273,3.6194,5.8824,134.1262,-179.2964,0.993
1741944670.239,1.331,5.287,2.919,-3.626,-0.1152,3.6325,5.883,134.3192,-179.2134,0.9614
1741944670.318,1.308,5.288,2.942,-3.627,-0.1037,3.6441,5.8842,134.4295,-179.2147,1.1714
1741944670.398,1.289,5.288,2.961,-3.627,-0.091,3.6592,5.8855,134.5944,-179.0838,1.0666
1741944670.477,1.267,5.288,2.983,-3.627,-0.0785,3.6733,5.8867,134.7451,-179.2626,1.1014
1741944670.557,1.267,5.288,2.983,-3.626,-0.0657,3.6868,5.8873,134.9472,-179.1758,1.1796
1741944670.637,1.244,5.29,3.006,-3.628,-0.0537,3.7004,5.8886,135.092,-179.199,1.2377
1741944670.716,1.22,5.291,3.031,-3.629,-0.0407,3.7138,5.889,135.2445,-179.2046,1.3642
1741944670.796,1.197,5.291,3.054,-3.628,-0.0298,3.7267,5.8905,135.3391,-179.2241,1.4918
1741944670.876,1.176,5.291,3.075,-3.628,-0.0179,3.739,5.8908,135.4486,-179.1619,1.5651
1741944670.955,1.176,5.29,3.075,-3.626,-0.0058,3.7528,5.8912,135.6907,-179.3312,1.5982
1741944671.035,1.156,5.291,3.095,-3.626,0.0057,3.7657,5.8928,135.9063,-179.3136,1.6291
1741944671.115,1.135,5.293,3.116,-3.627,0.0178,3.7789,5.8937,136.2193,-179.1395,1.6848
1741944671.195,1.111,5.293,3.14,-3.627,0.0306,3.7925,5.8938,136.3004,-179.1121,1.5637
1741944671.274,1.088,5.293,3.163,-3.626,0.0424,3.8066,5.8955,136.441,-178.9382,1.4768
1741944671.354,1.088,5.295,3.164,-3.627,0.054,3.8193,5.8958,136.6389,-178.9238,1.4735
1741944671.433,1.065,5.298,3.187,-3.63,0.066,3.8331,5.8963,136.7322,-178.9667,1.4419
1741944671.513,1.046,5.299,3.206,-3.63,0.0773,3.8461,5.897,136.8606,-178.9801,1.4163
1741944671.593,1.023,5.302,3.229,-3.632,0.0893,3.8595,5.8978,136.9694,-178.9697,1.4662
1741944671.672,1.0,5.302,3.252,-3.631,0.1006,3.8707,5.8966,137.1712,-178.9287,1.6222
1741944671.752,1.0,5.305,3.252,-3.633,0.1125,3.8837,5.8969,137.3382,-179.0546,1.7377
1741944671.832,0.98,5.305,3.272,-3.632,0.1236,3.896,5.897,137.5215,-179.0206,1.7368
1741944672.031,0.935,5.307,3.317,-3.634,0.1395,3.9128,5.8948,137.5654,-179.2253,1.5708
1741944672.23,0.914,5.311,3.338,-3.638,0.1384,3.9096,5.8932,137.569,-179.2785,1.5861
1741944672.309,0.913,5.309,3.339,-3.635,0.1377,3.9098,5.8943,137.6983,-179.3773,1.6025
1741944672.389,0.919,5.309,3.334,-3.634,0.1363,3.908,5.8936,137.7577,-179.3662,1.6073
1741944672.469,0.919,5.309,3.334,-3.634,0.1316,3.9034,5.894,137.7955,-179.2544,1.4971
1741944672.548,0.918,5.308,3.334,-3.634,0.123,3.8925,5.8934,137.6574,-179.0252,1.5775
1741944672.628,0.926,5.309,3.326,-3.636,0.1094,3.8795,5.8957,137.5535,-178.997,1.6881
1741944672.708,0.942,5.308,3.31,-3.636,0.0946,3.8621,5.8954,137.4242,-179.0472,1.7192
1741944672.787,0.97,5.308,3.282,-3.636,0.0798,3.8465,5.8956,137.2836,-179.0287,1.6296
1741944672.867,0.97,5.305,3.282,-3.634,0.0659,3.8315,5.8954,137.1922,-179.1381,1.593
1741944672.947,0.999,5.304,3.253,-3.633,0.054,3.8196,5.8968,137.1693,-179.016,1.6275
1741944673.026,1.024,5.302,3.228,-3.632,0.0438,3.8073,5.8951,137.0892,-179.1847,1.6862
1741944673.106,1.045,5.301,3.207,-3.631,0.0339,3.7964,5.8954,137.1051,-179.1812,1.8651
1741944673.185,1.064,5.301,3.188,-3.631,0.0243,3.7849,5.8943,137.0988,-179.1263,1.8991
1741944673.265,1.064,5.297,3.188,-3.627,0.0133,3.7721,5.8932,136.9357,-179.0952,1.7883
1741944673.345,1.083,5.295,3.168,-3.63,0.002,3.7579,5.8925,136.0515,-179.0619,1.7039
1741944673.425,1.104,5.296,3.146,-3.635,-0.0097,3.7424,5.8913,134.7359,-179.0738,1.7604
1741944673.504,1.125,5.29,3.125,-3.63,-0.0218,3.7276,5.8903,133.3717,-179.1321,1.7475
1741944673.584,1.149,5.29,3.101,-3.629,-0.0341,3.7139,5.8901,132.1936,-179.1161,1.7106
1741944673.664,1.149,5.284,3.101,-3.622,-0.0475,3.7008,5.8882,131.8642,-179.249,1.5744
1741944673.743,1.172,5.285,3.079,-3.622,-0.0599,3.6896,5.8876,131.6347,-178.9883,1.3881
1741944673.823,1.196,5.288,3.055,-3.625,-0.0729,3.6772,5.8871,131.5149,-178.8536,1.3132
1741944673.902,1.217,5.29,3.034,-3.627,-0.0852,3.6651,5.8865,131.432,-178.86,1.289
1741944673.982,1.238,5.29,3.013,-3.626,-0.0955,3.6541,5.885,131.3325,-178.7021,1.1829
1741944674.062,1.238,5.289,3.013,-3.625,-0.1091,3.6415,5.8853,131.2946,-178.5646,1.1133
1741944674.141,1.26,5.289,2.991,-3.625,-0.1217,3.6294,5.8837,131.1953,-178.5836,1.0492
1741944674.221,1.282,5.29,2.97,-3.622,-0.1361,3.6148,5.8827,130.3571,-178.7347,2.129
1741944674.301,1.302,5.29,2.95,-3.622,-0.1499,3.6016,5.8821,130.3351,-178.7323,1.6349
1741944674.38,1.326,5.29,2.926,-3.622,-0.1633,3.5875,5.8804,130.3142,-178.7574,1.4789
1741944674.46,1.326,5.292,2.926,-3.624,-0.1765,3.5746,5.8794,130.3627,-178.9061,1.3679
1741944674.54,1.352,5.296,2.9,-3.629,-0.1889,3.5627,5.8784,130.471,-178.8722,1.2287
1741944674.619,1.371,5.293,2.881,-3.625,-0.203,3.5492,5.8761,130.4485,-179.0566,1.0488
1741944674.699,1.393,5.295,2.859,-3.628,-0.2159,3.5374,5.8758,130.4609,-179.078,0.8353
1741944674.778,1.416,5.295,2.836,-3.628,-0.2284,3.5263,5.876,130.4842,-179.0841,0.667
1741944674.858,1.416,5.298,2.836,-3.631,-0.2419,3.5136,5.8752,130.5514,-179.0021,0.5373
1741944674.938,1.438,5.3,2.814,-3.633,-0.2543,3.5029,5.8769,130.4671,-178.595,0.1814
1741944675.017,1.46,5.3,2.791,-3.635,-0.2658,3.4963,5.8815,130.9766,-178.569,0.0809
1741944675.097,1.479,5.303,2.773,-3.637,-0.2796,3.4815,5.8776,130.8722,-178.6678,0.1144
1741944675.177,1.501,5.303,2.751,-3.637,-0.2932,3.4676,5.8755,130.7317,-178.7153,0.0314
1741944675.257,1.501,5.301,2.751,-3.635,-0.307,3.455,5.8753,130.7354,-178.7597,-0.0809
1741944675.336,1.522,5.303,2.73,-3.636,-0.3197,3.4433,5.8753,130.5506,-178.2114,-0.2777
1741944675.416,1.548,5.304,2.704,-3.637,-0.3331,3.4317,5.8755,130.4668,-178.3691,-0.2364
1741944675.495,1.57,5.305,2.682,-3.638,-0.3459,3.4214,5.8757,130.4715,-178.3621,-0.6932
1741944675.575,1.593,5.305,2.659,-3.638,-0.3587,3.4103,5.8752,130.4717,-178.597,-0.6245
1741944675.655,1.593,5.307,2.659,-3.64,-0.3726,3.3987,5.874,130.467,-178.7308,-0.6604
1741944675.734,1.616,5.31,2.636,-3.643,-0.3869,3.3858,5.8741,130.5093,-178.7221,-0.7844
1741944675.814,1.639,5.309,2.613,-3.642,-0.3999,3.3732,5.8743,130.5142,-178.7774,-0.6262
1741944675.894,1.662,5.311,2.589,-3.647,-0.4107,3.3656,5.8791,131.3825,-178.7211,-0.4885
1741944675.973,1.682,5.311,2.569,-3.647,-0.4237,3.3534,5.8753,131.3483,-178.6316,-0.7547
1741944676.053,1.682,5.311,2.569,-3.647,-0.4376,3.3405,5.8737,131.2521,-178.3524,-1.3396
1741944676.133,1.706,5.311,2.545,-3.647,-0.4516,3.3278,5.8735,131.2852,-178.5977,-1.5936
1741944676.212,1.727,5.313,2.525,-3.648,-0.465,3.3162,5.874,131.0765,-178.3561,-1.9944
1741944676.292,1.748,5.303,2.504,-3.637,-0.478,3.304,5.8744,130.839,-178.2372,-1.9313
1741944676.372,1.771,5.303,2.481,-3.637,-0.4908,3.2933,5.8738,130.7261,-178.4254,-1.8468
1741944676.451,1.771,5.299,2.481,-3.634,-0.5041,3.2822,5.8745,130.9904,-178.6369,-1.809
1741944676.531,1.795,5.292,2.457,-3.626,-0.5168,3.2724,5.8757,130.6651,-178.1898,-2.4337
1741944676.61,1.818,5.293,2.435,-3.626,-0.53,3.2627,5.8768,130.4804,-177.9433,-3.3908
1741944676.69,1.839,5.295,2.414,-3.627,-0.5425,3.2521,5.8779,130.4309,-177.8552,-3.4831
1741944676.77,1.861,5.295,2.392,-3.627,-0.5542,3.2426,5.8784,130.4273,-177.7617,-3.5349
1741944676.849,1.861,5.295,2.391,-3.628,-0.5653,3.2336,5.878,130.5442,-177.6587,-3.5719
1741944676.929,1.882,5.295,2.371,-3.627,-0.5788,3.2211,5.879,130.2616,-177.5107,-3.5897
1741944677.009,1.904,5.295,2.349,-3.627,-0.5919,3.2105,5.878,130.3768,-177.6082,-3.8652
1741944677.088,1.928,5.294,2.325,-3.627,-0.6054,3.1976,5.878,130.5296,-177.6905,-3.6731
1741944677.168,1.951,5.294,2.301,-3.628,-0.6188,3.1844,5.8774,130.812,-177.6545,-3.3739
1741944677.248,1.951,5.299,2.301,-3.633,-0.6323,3.1722,5.8769,130.8185,-177.3949,-3.6381
1741944677.327,1.972,5.301,2.28,-3.636,-0.6454,3.1595,5.8765,131.0311,-177.732,-3.2364
1741944677.407,1.994,5.301,2.258,-3.637,-0.6585,3.1472,5.8762,131.2025,-177.884,-3.1489
1741944677.487,2.017,5.302,2.234,-3.639,-0.6726,3.1343,5.8759,131.4364,-178.2903,-2.9613
1741944677.566,2.041,5.302,2.21,-3.639,-0.6874,3.1199,5.877,131.4271,-178.393,-2.8965
1741944677.646,2.041,5.305,2.21,-3.642,-0.7016,3.1076,5.8764,131.5969,-178.6459,-3.063
1741944677.725,2.061,5.304,2.19,-3.641,-0.7143,3.0959,5.8765,131.5558,-178.1185,-3.618
1741944677.805,2.083,5.307,2.168,-3.645,-0.727,3.083,5.8768,131.9767,-178.2066,-3.2275
1741944677.885,2.103,5.306,2.149,-3.642,-0.7396,3.072,5.8772,131.2663,-177.966,-3.4281
1741944677.964,2.103,5.306,2.149,-3.641,-0.7531,3.0598,5.877,130.8993,-178.2642,-3.0229
1741944678.044,2.125,5.306,2.127,-3.641,-0.7675,3.0474,5.8767,131.1308,-178.5964,-2.9674
1741944678.124,2.15,5.307,2.102,-3.643,-0.7819,3.0344,5.8761,131.1858,-178.7678,-2.8125
1741944678.203,2.176,5.309,2.076,-3.645,-0.7951,3.0221,5.8754,131.2201,-178.9255,-2.4538
1741944678.283,2.199,5.31,2.053,-3.646,-0.8092,3.0084,5.8753,131.3082,-179.1636,-2.1225
1741944678.363,2.199,5.31,2.053,-3.646,-0.823,2.9964,5.8752,131.2582,-179.1453,-2.2236
1741944678.442,2.223,5.312,2.029,-3.648,-0.8372,2.982,5.876,131.3865,-179.3715,-1.9552
1741944678.522,2.244,5.313,2.008,-3.649,-0.8506,2.9696,5.8755,131.3867,-179.0093,-2.1346
1741944678.602,2.268,5.313,1.984,-3.649,-0.864,2.9576,5.8755,131.3398,-179.1156,-2.2053
1741944678.681,2.292,5.313,1.959,-3.65,-0.8825,2.9297,5.8717,131.7058,-179.4908,-1.5622
1741944678.761,2.292,5.315,1.959,-3.652,-0.8932,2.9241,5.871,131.5561,-179.0063,-2.3256
1741944678.84,2.313,5.319,1.938,-3.656,-0.9048,2.9165,5.8709,131.6662,-178.8547,-2.536
1741944678.92,2.334,5.319,1.917,-3.657,-0.9158,2.9088,5.8715,131.7981,-178.9668,-2.3822
1741944679.0,2.356,5.319,1.895,-3.657,-0.9305,2.8962,5.8739,131.8161,-179.1682,-2.1796
1741944679.08,2.374,5.319,1.877,-3.657,-0.9423,2.8875,5.8723,131.9608,-179.1669,-2.2469
1741944679.159,2.374,5.322,1.877,-3.66,-0.9559,2.8744,5.8731,132.0202,-179.2605,-1.877
1741944679.239,2.395,5.322,1.856,-3.66,-0.9675,2.8627,5.8746,131.8287,-178.474,-1.9846
1741944679.319,2.424,5.322,1.827,-3.659,-0.9793,2.8517,5.8742,131.4978,-177.9003,-2.3064
1741944679.517,2.463,5.326,1.788,-3.663,-1.013,2.8195,5.8747,131.6294,-178.2304,-1.7901
1741944679.717,2.51,5.325,1.741,-3.662,-1.0452,2.7894,5.8754,131.5259,-178.0742,-2.0555
1741944679.916,2.548,5.329,1.706,-3.661,-1.079,2.7623,5.8761,130.3086,-177.7558,-3.7092
1741944679.995,2.577,5.328,1.677,-3.66,-1.0918,2.751,5.8745,130.3467,-177.8204,-3.2636
1741944680.075,2.594,5.328,1.66,-3.66,-1.1047,2.7387,5.8755,130.4505,-177.8043,-2.9758
1741944680.155,2.594,5.332,1.659,-3.665,-1.1181,2.7263,5.8756,130.5478,-177.7857,-2.9402
1741944680.234,2.62,5.332,1.633,-3.666,-1.1321,2.7134,5.8762,130.7866,-178.0359,-2.7122
1741944680.314,2.638,5.333,1.614,-3.668,-1.1455,2.7018,5.8755,131.0658,-178.2518,-2.6227
1741944680.394,2.66,5.334,1.592,-3.671,-1.1587,2.6907,5.8754,131.5223,-178.4026,-2.4005
1741944680.473,2.68,5.334,1.57,-3.673,-1.1738,2.6778,5.8761,132.4096,-178.5007,-2.5521
1741944680.553,2.68,5.338,1.57,-3.678,-1.187,2.6656,5.8763,133.3555,-178.3662,-2.471
1741944680.633,2.704,5.336,1.546,-3.676,-1.2,2.6535,5.8759,134.1269,-178.3575,-2.23
1741944680.712,2.719,5.33,1.532,-3.668,-1.2138,2.6412,5.876,134.9837,-178.6362,-2.1957
1741944680.792,2.744,5.332,1.507,-3.67,-1.2268,2.6283,5.8762,134.9977,-178.8617,-2.1169
1741944680.872,2.761,5.332,1.49,-3.67,-1.2403,2.615,5.8762,135.0434,-179.1068,-1.8804
1741944680.951,2.761,5.336,1.49,-3.674,-1.2523,2.6018,5.8768,135.0659,-178.8724,-2.0236
1741944681.031,2.784,5.332,1.467,-3.67,-1.2653,2.5887,5.8768,135.0344,-178.8516,-1.9836
1741944681.111,2.811,5.332,1.44,-3.67,-1.2783,2.5756,5.8769,135.115,-178.8996,-1.8028
1741944681.19,2.835,5.333,1.416,-3.671,-1.2916,2.5627,5.8772,135.2255,-179.2137,-1.5832
1741944681.27,2.852,5.333,1.399,-3.671,-1.3038,2.5502,5.8772,135.04,-179.1819,-1.5625
1741944681.349,2.852,5.333,1.399,-3.671,-1.3253,2.5196,5.8715,135.0272,-179.5115,-0.5403
1741944681.429,2.873,5.336,1.378,-3.674,-1.3365,2.5097,5.8684,135.1104,-179.0445,-1.3303
1741944681.509,2.894,5.333,1.357,-3.671,-1.3447,2.5045,5.8715,135.2046,-178.7379,-1.8584
1741944681.588,2.923,5.332,1.328,-3.67,-1.3537,2.4979,5.8759,135.2261,-178.7088,-1.9691
1741944681.668,2.945,5.332,1.306,-3.67,-1.3645,2.4886,5.8778,135.0989,-178.8307,-1.8171
1741944681.748,2.945,5.333,1.306,-3.671,-1.3772,2.4771,5.8781,135.1212,-179.039,-1.6885
1741944681.827,2.961,5.332,1.29,-3.67,-1.3905,2.4636,5.8777,135.1603,-179.1628,-1.5554
1741944681.907,2.988,5.333,1.263,-3.671,-1.4034,2.4494,5.8772,135.157,-179.0032,-1.4629
1741944681.987,3.004,5.334,1.247,-3.672,-1.4162,2.4361,5.8771,135.0054,-179.0367,-1.4066
1741944682.066,3.024,5.334,1.227,-3.672,-1.4292,2.4228,5.8772,135.1136,-179.0634,-1.355
1741944682.146,3.024,5.334,1.227,-3.672,-1.4425,2.41,5.8771,135.1139,-179.178,-1.4096
1741944682.226,3.056,5.332,1.195,-3.67,-1.4545,2.3977,5.8773,135.0756,-179.1226,-1.3352
1741944682.305,3.072,5.332,1.179,-3.67,-1.4679,2.3844,5.8773,135.0878,-179.0726,-1.366
1741944682.385,3.099,5.332,1.152,-3.67,-1.4799,2.3718,5.8777,135.0281,-178.8488,-1.4407
1741944682.465,3.116,5.332,1.135,-3.67,-1.491,2.3603,5.8788,135.0312,-178.7355,-1.4282
1741944682.544,3.116,5.333,1.135,-3.671,-1.5035,2.3474,5.879,135.1858,-178.7833,-1.2783
1741944682.624,3.136,5.333,1.115,-3.671,-1.5165,2.335,5.879,135.2235,-178.9548,-1.2132
1741944682.703,3.162,5.33,1.089,-3.668,-1.5298,2.3219,5.8785,135.2283,-179.1372,-1.1625
1741944682.783,3.181,5.332,1.07,-3.67,-1.5423,2.3092,5.8785,135.0691,-179.0955,-1.2544
1741944682.863,3.21,5.332,1.041,-3.67,-1.5547,2.2961,5.8782,135.1159,-178.9104,-1.1145
1741944682.942,3.21,5.331,1.041,-3.669,-1.5676,2.2833,5.8783,135.0115,-178.9808,-1.0212
1741944683.022,3.232,5.33,1.019,-3.668,-1.5802,2.2707,5.8782,135.0731,-179.0148,-0.9427
1741944683.102,3.251,5.329,1.0,-3.667,-1.593,2.2584,5.8785,135.0926,-179.1315,-0.9573
1741944683.181,3.272,5.33,0.979,-3.668,-1.6059,2.2455,5.8784,134.9867,-179.1918,-0.8938
1741944683.261,3.293,5.33,0.958,-3.668,-1.6181,2.2331,5.8788,134.9711,-179.1943,-0.8465
1741944683.341,3.293,5.332,0.958,-3.67,-1.6307,2.2201,5.879,134.8621,-179.0486,-0.8557
1741944683.42,3.317,5.331,0.934,-3.67,-1.6429,2.2075,5.8792,134.732,-179.0023,-0.7185
1741944683.5,3.333,5.33,0.918,-3.669,-1.6553,2.1947,5.8792,134.7254,-178.9941,-0.5702
1741944683.58,3.36,5.33,0.891,-3.669,-1.6678,2.1822,5.8797,134.6514,-179.079,-0.4257
1741944683.659,3.36,5.33,0.891,-3.669,-1.6806,2.1698,5.8803,134.5494,-179.0968,-0.4487
1741944683.739,3.379,5.332,0.872,-3.671,-1.6933,2.157,5.8805,134.5072,-179.1148,-0.4011
1741944683.819,3.403,5.33,0.847,-3.669,-1.7064,2.1437,5.8802,134.4604,-178.9662,-0.421
1741944683.898,3.428,5.327,0.822,-3.666,-1.7191,2.1312,5.8806,134.3987,-178.9848,-0.4936
1741944683.978,3.449,5.33,0.801,-3.669,-1.7322,2.1177,5.8801,134.3429,-179.0279,-0.3551
1741944684.058,3.449,5.33,0.801,-3.669,-1.7444,2.1063,5.8801,134.3681,-179.0638,-0.4771
1741944684.137,3.47,5.331,0.78,-3.67,-1.7566,2.0948,5.8805,134.3984,-179.132,-0.5855
1741944684.336,3.514,5.33,0.737,-3.669,-1.7868,2.0646,5.8811,134.4749,-179.0274,-0.6496
1741944684.535,3.562,5.329,0.689,-3.668,-1.8184,2.033,5.8808,134.7991,-179.0178,-0.5889
1741944684.615,3.581,5.329,0.67,-3.668,-1.8314,2.0206,5.8813,134.839,-179.0378,-0.74
1741944684.695,3.604,5.332,0.647,-3.671,-1.8444,2.0075,5.8817,134.8409,-178.9818,-0.8257
1741944684.774,3.621,5.332,0.63,-3.671,-1.8571,1.9947,5.8821,134.7504,-178.95,-0.79
1741944684.854,3.621,5.332,0.63,-3.671,-1.8696,1.982,5.8826,134.8245,-178.981,-0.6731
1741944684.934,3.647,5.33,0.604,-3.669,-1.8824,1.9694,5.8824,134.8377,-179.0815,-0.5497
1741944685.013,3.669,5.331,0.582,-3.67,-1.8951,1.9573,5.8823,134.8271,-179.2303,-0.5107
1741944685.093,3.693,5.333,0.558,-3.672,-1.9074,1.9452,5.8824,134.8287,-179.2413,-0.5721
1741944685.173,3.717,5.333,0.534,-3.671,-1.9182,1.9345,5.8826,134.9688,-179.3388,-0.3772
1741944685.252,3.717,5.333,0.534,-3.671,-1.9207,1.9319,5.8827,134.9671,-179.3795,-0.3163
1741944685.332,3.737,5.334,0.514,-3.672,-1.9201,1.9327,5.8832,134.9754,-179.4347,-0.2918
1741944685.412,3.747,5.335,0.504,-3.673,-1.9184,1.9341,5.8832,134.968,-179.3531,-0.3351
1741944685.491,3.744,5.334,0.507,-3.672,-1.9169,1.9356,5.8831,134.9704,-179.3313,-0.3387
1741944685.571,3.742,5.334,0.509,-3.672,-1.9168,1.9359,5.8834,134.9338,-179.302,-0.3515
1741944685.65,3.742,5.335,0.509,-3.673,-1.9166,1.9359,5.8831,134.9447,-179.2991,-0.3797
1741944685.73,3.741,5.332,0.51,-3.67,-1.9167,1.9358,5.8857,134.8966,-179.2866,-0.2923
1741944685.81,3.74,5.333,0.511,-3.671,-1.9167,1.9357,5.886,134.8812,-179.3245,-0.3492
1741944685.889,3.74,5.331,0.511,-3.669,-1.9167,1.9356,5.8861,134.9359,-179.3168,-0.3299
1741944685.969,3.74,5.331,0.511,-3.669,-1.9167,1.9356,5.8861,134.943,-179.3124,-0.3186
1741944686.049,3.74,5.334,0.511,-3.672,-1.9167,1.9356,5.8861,134.9484,-179.3148,-0.3252
1741944686.128,3.742,5.334,0.509,-3.672,-1.9167,1.9356,5.8861,134.947,-179.315,-0.3159
1741944686.208,3.74,5.333,0.511,-3.671,-1.9167,1.9355,5.8862,134.9314,-179.3279,-0.3432
1741944686.288,3.739,5.333,0.512,-3.671,-1.9167,1.9356,5.8862,134.9424,-179.3337,-0.3286
1741944686.367,3.74,5.333,0.511,-3.671,-1.9167,1.9356,5.8862,134.9486,-179.3279,-0.3109
1741944686.447,3.74,5.335,0.511,-3.673,-1.9167,1.9356,5.8859,134.9581,-179.3203,-0.3338
1741944686.526,3.741,5.334,0.51,-3.672,-1.9167,1.9355,5.886,134.9324,-179.3372,-0.3284
1741944686.606,3.74,5.332,0.511,-3.67,-1.9167,1.9355,5.8861,134.9275,-179.3386,-0.3466
1741944686.686,3.74,5.333,0.511,-3.671,-1.9167,1.9355,5.8862,134.9528,-179.3346,-0.3381
1741944686.765,3.739,5.333,0.512,-3.671,-1.9167,1.9355,5.8862,134.9485,-179.3338,-0.3222
1741944686.845,3.739,5.333,0.512,-3.671,-1.9167,1.9355,5.8862,134.9412,-179.3277,-0.331
1741944686.925,3.739,5.334,0.512,-3.672,-1.9167,1.9355,5.8861,134.9468,-179.3209,-0.284
1741944687.004,3.742,5.332,0.509,-3.67,-1.9167,1.9355,5.8862,134.9314,-179.3408,-0.3347
1741944687.084,3.74,5.336,0.511,-3.674,-1.9167,1.9355,5.8862,134.937,-179.3354,-0.3444
1741944687.164,3.739,5.336,0.512,-3.674,-1.9167,1.9355,5.8862,134.9227,-179.3333,-0.3224
1741944687.243,3.739,5.335,0.512,-3.673,-1.9167,1.9355,5.8862,134.9362,-179.3198,-0.3179
1741944687.323,3.741,5.335,0.51,-3.673,-1.9167,1.9355,5.8862,134.9294,-179.3265,-0.3301
1741944687.403,3.742,5.334,0.509,-3.672,-1.9167,1.9355,5.8862,134.9392,-179.318,-0.3396
1741944687.482,3.739,5.333,0.512,-3.671,-1.9167,1.9355,5.8862,134.9483,-179.3379,-0.3552
1741944687.562,3.74,5.333,0.511,-3.671,-1.9167,1.9357,5.8847,134.9667,-179.3626,-0.4082
1741944687.642,3.74,5.333,0.511,-3.671,-1.9167,1.9356,5.8862,134.9586,-179.3314,-0.3425
1741944687.721,3.74,5.334,0.511,-3.672,-1.9167,1.9355,5.8862,134.9442,-179.3347,-0.3432
1741944687.801,3.74,5.332,0.511,-3.67,-1.9167,1.9355,5.8862,134.9424,-179.3422,-0.3476
1741944687.881,3.739,5.333,0.512,-3.671,-1.9167,1.9355,5.8861,134.9529,-179.3305,-0.3517
1741944687.96,3.74,5.333,0.511,-3.671,-1.9168,1.9356,5.8859,134.9529,-179.3417,-0.351
1741944688.04,3.74,5.333,0.511,-3.671,-1.9168,1.9355,5.8861,134.9464,-179.3533,-0.3594
1741944688.12,3.74,5.333,0.511,-3.671,-1.9168,1.9355,5.8862,134.9415,-179.3592,-0.3538
1741944688.199,3.739,5.333,0.512,-3.671,-1.9168,1.9355,5.8862,134.9441,-179.3268,-0.3431
1741944688.279,3.741,5.334,0.51,-3.672,-1.9168,1.9355,5.8862,134.9354,-179.3279,-0.3376
1741944688.358,3.74,5.334,0.511,-3.672,-1.9167,1.9355,5.8862,134.9566,-179.3185,-0.3279
1741944688.438,3.74,5.333,0.511,-3.671,-1.9167,1.9355,5.8862,134.9455,-179.3127,-0.3447
1741944688.518,3.74,5.334,0.511,-3.672,-1.9167,1.9355,5.8862,134.951,-179.3334,-0.3561
1741944688.598,3.741,5.333,0.51,-3.671,-1.9167,1.9355,5.8862,134.9477,-179.3145,-0.3482
1741944688.677,3.741,5.333,0.51,-3.671,-1.9167,1.9355,5.8862,134.956,-179.3097,-0.3261
1741944688.757,3.742,5.333,0.509,-3.671,-1.9167,1.9355,5.8862,134.9703,-179.3097,-0.3275
1741944688.836,3.742,5.335,0.509,-3.673,-1.9167,1.9355,5.8862,134.9497,-179.313,-0.35
1741944688.916,3.739,5.333,0.512,-3.671,-1.9168,1.9355,5.8862,134.9248,-179.3302,-0.3749
1741944688.996,3.74,5.335,0.511,-3.673,-1.9167,1.9355,5.8862,134.9094,-179.3461,-0.3581
1741944689.075,3.74,5.334,0.511,-3.672,-1.9168,1.9355,5.8862,134.8962,-179.3456,-0.3473
1741944689.155,3.74,5.334,0.511,-3.672,-1.9168,1.9355,5.8862,134.9135,-179.3297,-0.3213
1741944689.235,3.741,5.334,0.51,-3.672,-1.9167,1.9355,5.8862,134.9169,-179.3312,-0.3332
1741944689.314,3.74,5.333,0.511,-3.671,-1.9167,1.9355,5.8862,134.9219,-179.3335,-0.3412
1741944689.394,3.739,5.333,0.512,-3.671,-1.9168,1.9355,5.8862,134.9199,-179.3373,-0.337
1741944689.474,3.738,5.333,0.513,-3.671,-1.9167,1.9355,5.8862,134.9257,-179.3411,-0.3381
1741944689.553,3.738,5.333,0.513,-3.671,-1.9167,1.9355,5.8862,134.9275,-179.336,-0.3416
1741944689.633,3.742,5.333,0.509,-3.671,-1.9167,1.9355,5.8862,134.9204,-179.3375,-0.3586
1741944689.712,3.739,5.333,0.512,-3.671,-1.9167,1.9355,5.8862,134.9188,-179.3436,-0.3637
1741944689.792,3.74,5.333,0.511,-3.671,-1.9167,1.9355,5.8863,134.9196,-179.3581,-0.3607
1741944689.872,3.739,5.333,0.512,-3.671,-1.9167,1.9355,5.8863,134.9084,-179.3761,-0.358
1741944689.952,3.739,5.334,0.512,-3.672,-1.9167,1.9355,5.8863,134.9044,-179.3673,-0.3614
1741944690.031,3.74,5.332,0.511,-3.67,-1.9167,1.9355,5.8863,134.9107,-179.3688,-0.3761
1741944690.111,3.74,5.333,0.511,-3.671,-1.9167,1.9355,5.8863,134.9101,-179.3742,-0.3823
1741944690.19,3.739,5.333,0.512,-3.671,-1.9167,1.9355,5.8863,134.9288,-179.3451,-0.3665
1741944690.27,3.739,5.333,0.512,-3.671,-1.9167,1.9355,5.8863,134.9378,-179.3371,-0.3739
1741944690.35,3.739,5.334,0.512,-3.672,-1.9167,1.9355,5.8863,134.9397,-179.351,-0.3756
1741944690.429,3.739,5.333,0.512,-3.671,-1.9167,1.9355,5.8863,134.937,-179.3523,-0.3566
1741944690.509,3.741,5.332,0.51,-3.67,-1.9167,1.9355,5.8863,134.9332,-179.3387,-0.3557
1741944690.588,3.743,5.334,0.508,-3.672,-1.9167,1.9355,5.8863,134.9336,-179.3417,-0.3618
1741944690.668,3.74,5.334,0.511,-3.672,-1.9167,1.9355,5.8863,134.9308,-179.3357,-0.3639
1741944690.748,3.74,5.333,0.511,-3.671,-1.9167,1.9355,5.8863,134.9295,-179.3329,-0.36
1741944690.828,3.74,5.333,0.511,-3.671,-1.9167,1.9355,5.8863,134.9272,-179.3377,-0.3545
1741944690.907,3.741,5.333,0.51,-3.671,-1.9167,1.9355,5.8863,134.9328,-179.3402,-0.3582
1741944690.987,3.741,5.334,0.51,-3.672,-1.9167,1.9355,5.8863,134.9117,-179.3483,-0.359
1741944691.067,3.739,5.334,0.512,-3.672,-1.9167,1.9355,5.8863,134.9189,-179.3561,-0.3616
1741944691.146,3.739,5.333,0.512,-3.671,-1.9167,1.9355,5.8863,134.9214,-179.3505,-0.3586
1741944691.226,3.738,5.332,0.513,-3.67,-1.9167,1.9355,5.8863,134.9331,-179.3407,-0.3593
1741944691.306,3.741,5.336,0.51,-3.674,-1.9167,1.9355,5.8863,134.947,-179.337,-0.3741
1741944691.385,3.741,5.332,0.51,-3.67,-1.9167,1.9355,5.8863,134.9575,-179.336,-0.3811
1741944691.465,3.74,5.332,0.511,-3.67,-1.9167,1.9355,5.8863,134.9831,-179.3305,-0.3892
1741944691.544,3.74,5.333,0.511,-3.671,-1.9167,1.9355,5.8863,134.968,-179.3376,-0.3982
1741944691.624,3.74,5.333,0.511,-3.671,-1.9167,1.9354,5.8863,134.9579,-179.3657,-0.4139
1741944691.704,3.739,5.334,0.512,-3.672,-1.9167,1.9354,5.8863,134.9395,-179.369,-0.4133
1741944691.783,3.739,5.335,0.512,-3.673,-1.9168,1.9354,5.8863,134.9366,-179.3841,-0.3848
1741944691.863,3.739,5.335,0.512,-3.673,-1.9168,1.9354,5.8863,134.9451,-179.3752,-0.3822
1741944691.943,3.739,5.333,0.512,-3.671,-1.9168,1.9354,5.8863,134.9581,-179.354,-0.3847
1741944692.022,3.74,5.335,0.511,-3.673,-1.9168,1.9354,5.8863,134.9541,-179.3583,-0.3999
1741944692.102,3.739,5.335,0.512,-3.673,-1.9168,1.9354,5.8863,134.9442,-179.3639,-0.4023
1741944692.182,3.74,5.336,0.511,-3.674,-1.9168,1.9354,5.8863,134.9468,-179.3665,-0.4118
1741944692.261,3.741,5.336,0.51,-3.674,-1.9168,1.9354,5.8863,134.9585,-179.3677,-0.4029
1741944692.341,3.741,5.333,0.51,-3.671,-1.9168,1.9354,5.8863,134.946,-179.3704,-0.418
1741944692.42,3.74,5.333,0.511,-3.671,-1.9168,1.9354,5.8863,134.937,-179.3649,-0.4212
1741944692.5,3.74,5.332,0.511,-3.67,-1.9168,1.9354,5.8863,134.9438,-179.3679,-0.3923
1741944692.58,3.74,5.332,0.511,-3.67,-1.9168,1.9354,5.8863,134.9377,-179.3561,-0.3805
1741944692.659,3.74,5.332,0.511,-3.67,-1.9168,1.9354,5.8863,134.9391,-179.3683,-0.3903
1741944692.739,3.74,5.333,0.511,-3.671,-1.9168,1.9354,5.8863,134.9293,-179.3533,-0.3742
1741944692.819,3.739,5.333,0.512,-3.671,-1.9168,1.9354,5.8863,134.9202,-179.347,-0.3805
1741944692.898,3.741,5.334,0.51,-3.672,-1.9168,1.9354,5.8863,134.8997,-179.349,-0.3513
1741944692.978,3.74,5.333,0.511,-3.671,-1.9168,1.9354,5.8863,134.8941,-179.3635,-0.3533
1741944693.058,3.74,5.333,0.511,-3.671,-1.9168,1.9354,5.8863,134.9235,-179.3676,-0.3777
1741944693.137,3.74,5.334,0.511,-3.672,-1.9167,1.9354,5.8863,134.9346,-179.3653,-0.3739
1741944693.336,3.739,5.333,0.512,-3.671,-1.9167,1.9354,5.8863,134.9398,-179.3519,-0.3939
1741944693.416,3.741,5.334,0.51,-3.672,-1.9167,1.9354,5.8863,134.9371,-179.3616,-0.3962
1741944693.496,3.739,5.334,0.512,-3.672,-1.9167,1.9355,5.8863,134.9311,-179.3541,-0.3965
1741944693.575,3.742,5.335,0.509,-3.673,-1.9167,1.9355,5.8863,134.9408,-179.3417,-0.3926
1741944693.655,3.741,5.335,0.51,-3.673,-1.9167,1.9355,5.8863,134.9495,-179.3536,-0.3968
1741944693.735,3.741,5.335,0.51,-3.673,-1.9167,1.9355,5.8863,134.9608,-179.3681,-0.4202
1741944693.814,3.74,5.333,0.511,-3.671,-1.9167,1.9355,5.8863,134.9725,-179.3558,-0.4227
1741944693.894,3.739,5.335,0.512,-3.673,-1.9167,1.9355,5.8863,134.9658,-179.3583,-0.4117
1741944693.974,3.739,5.334,0.512,-3.672,-1.9167,1.9355,5.8863,134.947,-179.3537,-0.4349
1741944694.053,3.74,5.334,0.511,-3.672,-1.9167,1.9355,5.8863,134.9334,-179.3593,-0.4142
1741944694.133,3.74,5.334,0.511,-3.672,-1.9167,1.9355,5.8863,134.9389,-179.3751,-0.407
1741944694.213,3.739,5.333,0.512,-3.671,-1.9167,1.9355,5.8863,134.9369,-179.3803,-0.3939
1741944694.292,3.741,5.334,0.51,-3.672,-1.9167,1.9355,5.8863,134.9342,-179.3672,-0.4048
1741944694.372,3.739,5.335,0.512,-3.673,-1.9167,1.9355,5.8863,134.9376,-179.3687,-0.3994
1741944694.452,3.741,5.335,0.51,-3.673,-1.9167,1.9355,5.8863,134.9496,-179.3265,-0.4103
1741944694.531,3.741,5.334,0.51,-3.672,-1.9167,1.9355,5.8863,134.9489,-179.3298,-0.3923
1741944694.611,3.74,5.333,0.511,-3.671,-1.9167,1.9355,5.8863,134.9468,-179.3302,-0.4027
1741944694.691,3.741,5.334,0.51,-3.672,-1.9167,1.9355,5.8863,134.9466,-179.3462,-0.3977
1741944694.77,3.739,5.332,0.512,-3.67,-1.9167,1.9355,5.8863,134.9414,-179.339,-0.3831
1741944694.85,3.739,5.332,0.512,-3.67,-1.9167,1.9355,5.8863,134.9344,-179.3414,-0.3544
1741944694.929,3.741,5.333,0.51,-3.671,-1.9167,1.9355,5.8863,134.9353,-179.3431,-0.3518
1741944695.009,3.741,5.333,0.51,-3.671,-1.9167,1.9355,5.8863,134.9215,-179.3478,-0.3465
1741944695.089,3.739,5.333,0.512,-3.671,-1.9167,1.9355,5.8863,134.9232,-179.3448,-0.3488
1741944695.168,3.74,5.332,0.511,-3.67,-1.9167,1.9355,5.8863,134.9214,-179.3591,-0.3478
1741944695.248,3.74,5.332,0.511,-3.67,-1.9167,1.9355,5.8863,134.9203,-179.3519,-0.3455
1741944695.328,3.739,5.332,0.512,-3.67,-1.9167,1.9355,5.8863,134.9107,-179.3537,-0.3498
1741944695.407,3.741,5.333,0.51,-3.671,-1.9167,1.9355,5.8863,134.9368,-179.3554,-0.369
1741944695.487,3.739,5.333,0.512,-3.671,-1.9167,1.9355,5.8863,134.9538,-179.3468,-0.3727
1741944695.566,3.739,5.333,0.512,-3.671,-1.9167,1.9355,5.8863,134.9729,-179.3398,-0.3772
1741944695.646,3.739,5.333,0.512,-3.671,-1.9167,1.9355,5.8863,134.9818,-179.3242,-0.3854
1741944695.726,3.741,5.333,0.51,-3.671,-1.9167,1.9355,5.8863,134.9766,-179.3296,-0.3806
1741944695.805,3.741,5.334,0.51,-3.672,-1.9167,1.9355,5.8863,134.974,-179.3205,-0.3645
1741944695.885,3.74,5.333,0.511,-3.671,-1.9167,1.9355,5.8863,134.9693,-179.3255,-0.3793
1741944695.965,3.741,5.333,0.51,-3.671,-1.9167,1.9355,5.8863,134.9732,-179.3306,-0.3742
1741944696.045,3.741,5.335,0.51,-3.673,-1.9167,1.9355,5.8863,134.9706,-179.3348,-0.374
1741944696.124,3.74,5.332,0.511,-3.67,-1.9167,1.9355,5.8862,134.9694,-179.3092,-0.3656
1741944696.204,3.74,5.335,0.511,-3.673,-1.9167,1.9355,5.8863,134.966,-179.3127,-0.3842
1741944696.283,3.741,5.334,0.51,-3.672,-1.9167,1.9355,5.8863,134.9453,-179.3254,-0.3968
1741944696.363,3.741,5.334,0.51,-3.672,-1.9167,1.9355,5.8863,134.9233,-179.3452,-0.3968
1741944696.443,3.741,5.334,0.51,-3.672,-1.9167,1.9355,5.8863,134.9232,-179.3637,-0.3809
1741944696.522,3.741,5.332,0.51,-3.67,-1.9167,1.9355,5.8863,134.9229,-179.3633,-0.3719
1741944696.602,3.74,5.332,0.511,-3.67,-1.9167,1.9355,5.8863,134.916,-179.3637,-0.3738
1741944696.682,3.738,5.332,0.513,-3.67,-1.9167,1.9355,5.8863,134.9312,-179.3659,-0.3892
1741944696.761,3.74,5.332,0.511,-3.67,-1.9167,1.9355,5.8863,134.9333,-179.3866,-0.4074
1741944696.841,3.74,5.333,0.511,-3.671,-1.9167,1.9355,5.8863,134.9215,-179.3937,-0.3894
1741944696.921,3.74,5.332,0.511,-3.67,-1.9167,1.9355,5.8863,134.934,-179.3838,-0.3839
1741944697.0,3.739,5.333,0.512,-3.671,-1.9167,1.9355,5.8863,134.942,-179.3771,-0.4007
1741944697.08,3.739,5.333,0.512,-3.671,-1.9167,1.9355,5.8863,134.9429,-179.3747,-0.4099
1741944697.159,3.741,5.333,0.51,-3.671,-1.9167,1.9355,5.8863,134.9422,-179.369,-0.4163
1741944697.239,3.741,5.334,0.51,-3.672,-1.9167,1.9355,5.8863,134.9415,-179.3684,-0.4236
1741944697.319,3.741,5.333,0.51,-3.671,-1.9167,1.9355,5.8863,134.95,-179.3679,-0.418
1741944697.398,3.739,5.334,0.512,-3.672,-1.9167,1.9355,5.8863,134.9532,-179.362,-0.4207
1741944697.478,3.74,5.334,0.511,-3.672,-1.9167,1.9355,5.8863,134.9613,-179.3517,-0.4078
1741944697.558,3.738,5.334,0.513,-3.672,-1.9167,1.9355,5.8863,134.9723,-179.3442,-0.4079
1741944697.637,3.738,5.333,0.513,-3.671,-1.9167,1.9355,5.8863,134.9826,-179.3328,-0.4045
1741944697.717,3.739,5.333,0.512,-3.671,-1.9167,1.9355,5.8863,134.9743,-179.3357,-0.4168
1741944697.797,3.739,5.334,0.512,-3.672,-1.9167,1.9355,5.8863,134.9782,-179.3387,-0.4128
1741944697.876,3.739,5.333,0.512,-3.671,-1.9167,1.9355,5.8863,134.9645,-179.3542,-0.4242
