:020000040800F2
:10000000585B0020DD0100089B350008BD2D00086D
:10001000973500088D2800081756000800000000DA
:100020000000000000000000000000004501000882
:100030007D2A00080000000089010008A143000893
:10004000F7010008F7010008F7010008F7010008B0
:10005000F7010008F7010008F7010008F7010008A0
:10006000F7010008F7010008F7010008F701000890
:10007000F7010008F7010008F7010008F701000880
:10008000F7010008F7010008F7010008F701000870
:10009000F7010008F7010008F7010008F701000860
:1000A000F7010008F7010008F7010008F701000850
:1000B000F7010008F7010008F7010008F701000840
:1000C000F7010008F7010008F7010008F701000830
:1000D000F7010008315100088952000879530008DF
:1000E000F7010008F7010008F7010008F701000810
:1000F000F7010008F7010008F7010008F701000800
:10010000F7010008F7010008F7010008F7010008EF
:100110000D4F000865500008F7010008F7010008BE
:10012000F7010008F7010008F7010008F7010008CF
:10013000DFF80CD000F088FC00480047616100083F
:10014000585B0020224B19680868B0E8F00F80F374
:100150000988BFF36F8F4FF0000080F311884EF0D5
:100160000D0E70470000000006480068006880F32C
:10017000088862B661B6BFF34F8FBFF36F8F00DFA1
:1001800000BF00BF08ED00E0EFF30980BFF36F8F01
:100190000F4B1A6820E9F00F106008B54FF05000BF
:1001A00080F31188BFF34F8FBFF36F8F07F074FB9D
:1001B0004FF0000080F31188BDE808401968086816
:1001C000B0E8F00F80F30988BFF36F8F704700BF6E
:1001D000A8000020EFF30580704700000648804724
:1001E00006480047FEE7FEE7FEE7FEE7FEE7FEE71C
:1001F000FEE7FEE7FEE7FEE7B14300083101000835
:1002000040EA01039B0703D009E008C9121F08C098
:10021000042AFAD203E011F8013B00F8013B521E18
:10022000F9D27047F0B480EA0102D40F4200B2EB79
:10023000410F02D20246084611464A0042D0C30D81
:10024000DDB2C1F3C752AD1A202D35DAC1F3160164
:1002500041F4000204B15242C5F1200602FA06F14F
:100260002A411044B3EBD05F23D0C4B1012DA0EBE1
:10027000C35009DCF0BC4FF0004202EAC352DBB2CB
:1002800000F5000000F03EBB400000F1807000EB84
:10029000C350A0F1807040EAD170490009E04908DC
:1002A00041EAC071A0EBC35000F50000400800EB2C
:1002B000C350F0BC00F01DBB6142012202EB4101C2
:1002C000001BF6E7F0BC704781F00041AAE780F020
:1002D0000040A7E780EA010210B502F000434000A9
:1002E00022D04A001FD0010E01EB1261C0F356006C
:1002F000C2F3560240F4000042F40002A0FB0220C8
:1003000000047F39140400D0401C50EA124001D48C
:100310004000491EC2B20C0604EBD010401C40083D
:10032000802A02D003E0002010BD20F00100002947
:1003300000DA0020184310BD30B480EA010202F058
:10034000004530F0004221F0004013D090B1C30DC1
:10035000D40DC2F31601C0F31600E41A41F40001F3
:1003600040F400027D34914201D3641C00E0490056
:10037000002C02DA30BC002070474FF4000000234C
:10038000914201D3891A034340084FEA4101F7D152
:1003900051B1914202D14FF0004105E002D24FF03D
:1003A000010101E06FF0010103EBC450284430BCAF
:1003B00000F09FBA2DE9FE4F804681EA0300C00F8E
:1003C0000C46009021F0004123F00045B8EB0200FC
:1003D000A94105D24046214690461C460B4602469E
:1003E00023F00040104347D0270DC7F30A00C3F3A2
:1003F0000A510290401A019040286BDAC3F31300AF
:1004000040F4801B0098924620B10023D2EB030AEF
:1004100063EB0B0B01985946C0F14002504600F0C7
:1004200037FA06460D4650465946019A00F04FFAF3
:1004300010EB08006141002487EA115284EAE77357
:100440001A4340D0009A62B3019A012A4FEA075238
:1004500015DC001B61EB02014FF0004202EA07527B
:10046000CDE90042001C41F5801132462B4600F0D8
:1004700086FA03B0BDE8F08F40462146F9E7001B3D
:1004800061EB0201001C41F5801300185B4120184C
:10049000A2F5001747EB030140EAD570B6196D418C
:1004A00011E06D084FEA360645EAC0754FEA07527B
:1004B000001B61EB0201001C41F5801149084FEA65
:1004C00030000019514132462B4603B0BDE8F04FD1
:1004D00000F046BA0098012240000023D0EB02024F
:1004E00063EBE073009821464FEAE074B8EB00003C
:1004F00061EB0401E9E783F000435BE781F0004131
:1005000058E72DE9FE4F81EA030404F0004421F08E
:10051000004100944FF0000B23F0004350EA010427
:100520005ED052EA03045BD0C3F30A54C1F30A5508
:100530002C44A4F2F3340194A0FB0254C1F3130140
:1005400041F48011C3F3130343F4801301FB02440D
:1005500000FB034E840A970A44EA815447EA835712
:10056000A4FB076802958D0A05FB07854FEA932CCB
:1005700004FB0C542705029D4FEA065847EA16373C
:10058000B5EB08056EEB070C870E920E47EA811754
:1005900042EA8312A7FB0201B6EB0B0164EB0004F5
:1005A0002B0D43EA0C335E1844EB1C50DA465146DF
:1005B000E7FB0201C5F313044FEA0B3343EA14537C
:1005C0004FEA0432019C43EA0603A4F10C040294AE
:1005D000009CCDE900B400F0D2F903B0BDE8F08F83
:1005E00000200146F9E72DE9F04D81EA030404F00B
:1005F000004B21F0004514464FF0000A23F0004163
:1006000050EA050220D054EA01021DD0C5F30A5772
:100610000246C5F31303C1F31300C1F30A5640F4B5
:10062000801543F48013A7EB0608101BD64608F28A
:10063000FD3873EB050002D308F1010801E09218C0
:100640005B41B8F1000F03DA00200146BDE8F08DF0
:1006500000204FF48011064684460EE0171B73EB12
:10066000050705D3121B63EB050306434CEA010C97
:1006700049084FEA300092185B4150EA0107EDD17A
:1006800052EA030012D082EA040083EA050108431B
:1006900005D0101BAB4106D20122002306E0002248
:1006A0004FF0004302E06FF0010253101AEB060016
:1006B0004CEB085110EB0A0041EB0B01BDE8F04D8B
:1006C00000F04EB9C10F80EAE0700844CA079623D3
:1006D000002100F017B90EB5C10F80EAE0700844A0
:1006E000CA07002140F233438DE80E000A460B464C
:1006F00000F045F903B000BD0EB540F23341029160
:100700000021CDE900110A460B4600F038F903B08C
:1007100000BD00F0004220F00040C10DC0F3160003
:1007200040F400007F2901DA00207047962903DC9D
:10073000C1F19601C84001E096398840002AF4D002
:100740004042704720F00040C10DC0F3160040F455
:1007500000007F2901DA00207047962903DCC1F1EF
:100760009601C840704796398840704770B5C1F30C
:100770000A5201F000450024C1F3130140F2FF3397
:1007800041F480119A4201DA002070BD40F23343F7
:100790009A42A2F2334203DC524200F088F800E0B1
:1007A00090402C43F1D0404270BDC1F30A5210B5C5
:1007B000C1F3130140F2FF3341F480119A4201DA90
:1007C000002010BD40F233439A42A2F2334203DCD0
:1007D000524200F06CF810BD904010BD00F0004295
:1007E00030F000400AD0C10D01F56071C0F3160071
:1007F00042EA0151C20840071143704700200146F8
:10080000704701F0004330B421F0004150EA01028A
:1008100006D00A0DA2F56072C1F31301002A02DCB2
:1008200030BC00207047440F44EAC104C100E01806
:1008300030BC00EBC25000F05CB80000002801DBC7
:10084000C0F10040002901DBC1F100418142704745
:10085000002801DBC0F10040002901DBC1F10041AB
:100860008842704730B50B46014600202022012403
:1008700009E021FA02F59D4205D303FA02F5491B6E
:1008800004FA02F52844151EA2F10102F1DC30BD84
:10089000202A04DB203A00FA02F100207047914040
:1008A000C2F1200320FA03F3194390407047202A35
:1008B00004DB203A21FA02F00021704721FA02F30A
:1008C000D040C2F120029140084319467047202AC7
:1008D00006DBCB17203A41FA02F043EAE07306E068
:1008E00041FA02F3D040C2F1200291400843194678
:1008F00070470029A8BF7047401C490008BF20F07E
:100900000100704710B4B0FA80FC00FA0CF050EA15
:10091000010404BF10BC704749B1CCF1200421FA96
:1009200004F411FA0CF118BF012121430843A3EB91
:100930000C01CB1D4FEA00614FEA102042BF00209E
:1009400010BC704700EBC35010440029A4BF10BC7A
:100950007047401C490008BF20F0010010BC7047E0
:1009600010B5141E73F1000408DA401C41F10001B7
:1009700092185B411A4301D120F0010010BD2DE90E
:10098000F04D92469B4611B1B1FA81F202E0B0FA05
:1009900080F220329046FFF77BFF04460F4640EA84
:1009A0000A0041EA0B0153465A46084313D0114648
:1009B00053EA010019D0C8F140025046FFF777FF13
:1009C00005460E46504659464246FFF761FF08432A
:1009D00005D0012004E020463946BDE8F08D002016
:1009E000054346EAE0762C4337430A986305E40A58
:1009F000A0EB08000022FD0A44EA47540A3002D561
:100A000000200146E9E7010510196941DDE90845C3
:100A100000196941BDE8F04DA2E770B521F000432F
:100A200003430CD0C1F30A550024D5EB040564EB55
:100A30000403D617AD1AB34102DB0020014670BD96
:100A4000201841EB025170BD064C074D06E0E068EE
:100A500040F0010394E8070098471034AC42F6D305
:100A6000FFF76AFB88940008A894000870B58C18FA
:100A700010F8015B15F0070301D110F8013B2A11B2
:100A800006D110F8012B03E010F8016B01F8016B9F
:100A90005B1EF9D12B0705D40023521E0DD401F89B
:100AA000013BFAE710F8013BCB1A921C03E013F864
:100AB000015B01F8015B521EF9D5A142D8D3002099
:100AC00070BD21B1826842F00102826003E0826859
:100AD00022F0010282607047014600208A6802F01D
:100AE00004020AB1012000E0002070470146C86CF2
:100AF00080B270470246002013680B400BB1012002
:100B000000E000207047014600208A6802F00802D9
:100B10000AB1012000E000207047000030B5024615
:100B20000020002350680F4C20400D790C6844EAE7
:100B300005242043506090680B4C2040D1E90254BA
:100B40002C434D7944EA450420439060D06A20F458
:100B500070000C7C641EE4B2234340EA0350D06270
:100B600030BD0000FFFEF0FFFDF7F1FFF0B50446D9
:100B70000D4600200021092D11DDE068A5F10A06CF
:100B800006EB4607072606FA07F18843A5F10A0691
:100B900006EB460603FA06F10843E0600CE0206924
:100BA00005EB4507072606FA07F1884305EB4506DE
:100BB00003FA06F108432061072A0FDA606B561E1C
:100BC00006EB86071F2606FA07F18843561E06EB3A
:100BD000860605FA06F10843606322E00D2A0FDA63
:100BE000206BD61F06EB86071F2606FA07F18843FF
:100BF000D61F06EB860605FA06F10843206310E0CF
:100C0000E06AA2F10D0606EB86071F2606FA07F139
:100C10008843A2F10D0606EB860605FA06F10843A5
:100C2000E062F0BD816841F008018160704721B148
:100C3000826842F4A002826003E0826822F4A0028B
:100C400082607047816841F0040181607047000054
:100C50002DE9F84F83460C46002C35D0BBF1000F30
:100C600032D02046FFF72EFD05465846FFF72AFDF5
:100C700006462946FFF760FB824600215046FFF7F3
:100C8000E7FD06D216495046FFF7D8FD01D2DFF83E
:100C900050A000215046FFF7D1FD06D21149504621
:100CA000FFF7D6FD01D2DFF83CA051460E48FFF712
:100CB00043FB0090FFF792FD074605F02FF905462C
:100CC000FFF79FFD814601E04FF0000907494846C4
:100CD000FFF700FB0546FFF71CFD00B2BDE8F88FEB
:100CE0003333B33E3333B3BE77BE1F3E00007A4486
:100CF00008B50121102002F059FD4FF40050ADF865
:100D0000000010208DF8030003208DF802006946D2
:100D1000044801F06DFF4FF40051024802F045F81D
:100D200008BD00000010014010B5534801F028FC38
:100D3000002860D050480078312816D14E480079FC
:100D400040B200EB400040004C49C8804A48C0789F
:100D500040B2A0EB8000400008814748407840B294
:100D6000404200EB80004649088043480078322822
:100D700016D14148007940B200EB400040003F49A5
:100D8000C8803D48C07840B2A0EB80004000088198
:100D90003948407840B2404200EB80003849088032
:100DA0003548007833280FD13348C07840B2A0EBE3
:100DB000800040003149C8802F48807840B2A0EBC5
:100DC000800040002E4908802B480078412812D12D
:100DD000294840782B490870274880784870264871
:100DE000C078887024480079C87023484079087119
:100DF0002148807948712048007832283AD11E482D
:100E000080790007C00E204908801B48407900F017
:100E1000200038B11D4800880988084400B21B49E9
:100E200008800CE01448407900F0100038B11748F1
:100E3000008815490988401A00B2144908800E48F4
:100E4000407900F0400040B1104840880E490988C0
:100E5000084400B20D4948800CE00748407900F092
:100E6000800038B10948408807490988401A00B213
:100E70000649488010BD0000B80100205001002044
:100E80005E000020340000208C0000206000002064
:100E90003C480078732874D13A480079C0F180004A
:100EA00039490978484300B23849C8803548C07884
:100EB000C0F1800034490978484300B233490881C1
:100EC00030484079C0F180008000314908802D48C9
:100ED000407800F0010018B101202E49087012E09E
:100EE0002C48007878B12C480078062805DA2A4882
:100EF0000078401C2849087002E00120264908704B
:100F00000020244908701F48407800F0020018B102
:100F100001202249087015E02048007890B11A4855
:100F20000078022805DD18480078401E1649087030
:100F300005E00220144908700120194908700020BA
:100F4000164908700F48407800F0040018B10120DD
:100F50001449087015E01348007890B10A480078E9
:100F6000092805DA08480078401C0749087005E0A0
:100F70000920054908700120094908700020094925
:100F800008707047550000208B00002050010020A1
:100F90005E0000208800002034000020890000202E
:100FA000540000208A0000202DE9F0412D4800F077
:100FB000E7FF002854D02B48C089B0F5FA7F4FDAFC
:100FC00028480089B0F5FA7F04DA4FF07F502649AF
:100FD00008600CE023480089B0F57A7F04DA4FF00E
:100FE0007E502149086002E020481F4908601D49E1
:100FF0004988A1F57870FFF765FB05461A48016836
:101000002846FFF767F90446FFF783FB00B218494B
:10101000C88014490988A1F57870FFF753FB06468C
:101020001148006880F0004531462846FFF752F924
:101030000446FFF76EFB00B20D4908810949C988D3
:10104000A1F57870FFF747FB06464FF03332094BA6
:10105000FFF757FA0446FFF789FB00B206490880FC
:10106000BDE8F081C8010020900000203333333FF9
:10107000500100203333E3BF5E00002010B5042090
:1010800003F07AF90E4800680E49B0FBF1F00E4902
:1010900008700B4800680B49B0FBF1F44FF47A700C
:1010A00044434FF0E020006940F002004FF0E0219F
:1010B000086108464461006940F00100086110BD04
:1010C0001C00002040420F009400002010B5044690
:1010D0004FF47A7104FB01F000F002F810BD00003B
:1010E00070B5034600224FF0E02675690D4E367844
:1010F00003FB06F44FF0E026B16910E04FF0E02664
:10110000B06988420BD0884202D20E1A324402E003
:101110002E1A0E4432440146A24200D300E0EDE70D
:1011200000BF70BD940000204FF08040808C70475D
:1011300000B587B001210D2002F038FB01212848BD
:1011400001F0E2FD0820ADF8180004208DF81B0026
:1011500003208DF81A0006A9224801F049FD4FF43A
:101160000040ADF8180006A91F4801F041FD01211B
:10117000084602F0FBFA4FF0804003F091FA03A812
:1011800003F0E6FD0020ADF80C004FF6FF70ADF85F
:1011900010000020ADF81200ADF80E0003A94FF0CA
:1011A000804003F083FD00231A4603214FF0804066
:1011B00003F06AFB684603F0DFFB0620ADF8080089
:1011C00069464FF0804003F081FB00204FF08041E2
:1011D00088840121880703F047FA07B000BD0000AA
:1011E00000031800000C0140000801404FF080414E
:1011F000888470470148008870470000240400403C
:1012000000B587B00121092002F0D0FA3020ADF8F6
:10121000180004208DF81B0003208DF81A0006A981
:101220001D4801F0E5FC0121022002F09FFA012196
:101230001A4801F069FD1A4803F032FA03A803F0D6
:1012400087FD0020ADF80C004FF6FF70ADF81000E0
:101250000020ADF81200ADF80E0003A9104803F00D
:1012600025FD00231A4603210D4803F00DFB6846B7
:1012700003F082FB0620ADF808006946084803F039
:1012800025FB00200649243108800121044803F091
:10129000EBF907B000BD0000000C014000081A0087
:1012A0000004004001490880704700002404004009
:1012B00001464906084A926942F00102064B9A61CA
:1012C000064A526822F0E062044B5A601A4652689D
:1012D0000A435A60704700000010024000000140BD
:1012E00008B50121082002F061FA0120ADF80000E4
:1012F00048208DF803006946014801F079FC08BDDB
:10130000000C01400348006808B901207047002024
:10131000FCE700000081214208B50121142002F001
:1013200045FA1020ADF800008DF8030003208DF879
:10133000020069460A4801F05BFC4FF48070ADF88A
:1013400000006946074801F053FC1021044801F0F1
:101350002EFD4FF48071034801F029FD08BD000007
:10136000001001400008014010B51648007801281F
:1013700002D101F0DFFE24E012480078022802D1F9
:1013800001F0E2FE1DE00F480078032802D101F0D1
:1013900051FF16E00B480078042802D101F052FFFB
:1013A0000FE008480078052802D101F0A3FF08E00B
:1013B00004480078062802D101F0CEFF01E001F0D8
:1013C000B9FE10BD3400002070B505462C46B4F5BA
:1013D000616F01DD4FF4616414F5616F00DA0D4C4B
:1013E000002C0BDD4FF461610B4803F02AFCC4F5BF
:1013F000616081B2084803F026FC0AE04FF46161A5
:10140000054803F020FC04F5616081B2024803F056
:1014100018FC70BDF0F1FFFF0008004070B50546F4
:101420002C46B4F5616F01DD4FF4616414F5616F12
:1014300000DA0D4C002C0BDD4FF461610B4803F01A
:1014400004FCC4F5616081B2084803F000FC0AE0C6
:101450004FF46161054803F0FAFB04F5616081B265
:10146000024803F0F2FB70BDF0F1FFFF00080040FE
:1014700000B589B00121082002F098F94FF470708E
:10148000ADF8200018208DF8230003208DF82200ED
:1014900008A9274801F0ACFB0121042002F066F9FD
:1014A00040F60F60ADF818000020ADF81400ADF85C
:1014B0001A00ADF8160005A91E4803F0F7FB6020DE
:1014C000ADF804000120ADF806000020ADF80A00D8
:1014D000ADF80C0001A9174803F058FA0821154887
:1014E00003F0A0FA01A9134803F0A6FA0821114855
:1014F00003F0F4FA01A90F4803F0FEFA08210D48A1
:1015000003F04AFB01A90B4803F050FB08210948EE
:1015100003F08AFB0121074803F09AF801210548EE
:1015200003F0A2F80121034803F0AAF809B000BDB6
:10153000000C0140000800401CB504460622694624
:101540003B2002F014F89DF801009DF8001040EADD
:10155000012000B220809DF803009DF8021040EAAF
:10156000012000B260809DF805009DF8041040EA5B
:10157000012000B2A0801CBD1CB5044606226946AD
:10158000432001F0F4FF9DF801009DF8001040EAAF
:10159000012000B220809DF803009DF8021040EA6F
:1015A000012000B260809DF805009DF8041040EA1B
:1015B000012000B2A0801CBD08B50121042002F06A
:1015C000F5F84FF4C050ADF8000010208DF803007E
:1015D00003208DF802006946164801F009FB01203E
:1015E000154908601549C1F8AC0180216B2001F054
:1015F000C9FF1348FFF774FD00216B2001F0C2FF03
:1016000018211B2001F0BEFF00211C2001F0BAFFB1
:101610000021382001F0B6FF0021232001F0B2FFA5
:1016200001216B2001F0AEFF00216C2001F0AAFF28
:1016300008BD000000080140B00121420000214225
:10164000A086010010B50446E006010E1C2001F042
:1016500099FF10BD10B5044621461A2001F092FFF3
:1016600010BD10B50446E006010E1B2001F08AFFF4
:1016700010BD70B50446B4F57A7F01DD4FF47A747D
:101680000A2C00DA0A244FF47A7090FBF4F0401E22
:10169000C5B22946192001F075FF70BD70B5002450
:1016A00015E004F1B001C8B201F0CEFF002001F056
:1016B000CBFF102001F0C8FF002504E0002001F05E
:1016C000D3FF681CC5B2802DF8DB601CC4B2082CA7
:1016D000E7DB70BD2DE9F04705460E4617469846F4
:1016E0004FF000090024A7F1200000F0FF097B2D36
:1016F0002BDA082E29DAB8F1000F14D0314628462B
:1017000001F08EFF00BF0BE009EB490104EB410142
:101710000F4A515CC943C8B201F0A6FF601CC4B2B5
:10172000062CF1DB11E03146284601F079FF002458
:1017300009E009EB490104EB4101054A505C01F065
:1017400093FF601CC4B2062CF3DBBDE8F0870000F9
:10175000909000082DE9F04105460E4614461F46BC
:101760000A2C07DA04F13000C2B23B463146284663
:10177000FFF7B0FFBDE8F0812DE9F05F05460E46AA
:1017800017469846DDE90A9B7F2D01DC072E01DD17
:10179000BDE8F09FE819802803DC06EB0800082864
:1017A00000DDF5E7BBF1000F18D0344613E0214609
:1017B000284601F035FFAA4609E019F8012BD1436C
:1017C000C8B201F051FF0AF1010000F0FF0ABA456A
:1017D000F3DB601CC4B24445E9DB15E0344611E09C
:1017E0002146284601F01CFFAA4607E019F8010B24
:1017F00001F03AFF0AF1010000F0FF0ABA45F5DBFB
:10180000601CC4B24445EBDB00BFC1E72DE9F041E9
:1018100004460D461646984600277B2C14DA082D00
:1018200012DA0EE0F25D434629462046FFF752FFEA
:10183000A01DC4B27A2C02DD0024681CC5B2781C3D
:10184000C7B2F05D0028EDD1BDE8F0812DE9FE4F73
:1018500080468A4691461D46DDE90C7B002D76DDEB
:10186000E8190A2873DAB9F1000F02DAC9F10006A3
:1018700000E04E460A20B6FBF0F100FB11608DF847
:1018800001006420B6FBF0F100FB11600A21B0FBFF
:10189000F1F08DF802004FF47A70B6FBF0F100FB26
:1018A00011606421B0FBF1F0C0B28DF8030042F288
:1018B0001070B6FBF0F100FB11604FF47A71B0FBD1
:1018C000F1F0C0B28DF804005948B6FBF0F100FB0E
:1018D000116042F21071B0FBF1F0C0B28DF805005A
:1018E0005448B6FBF0F100FB11605149B0FBF1F038
:1018F000C0B28DF806005048B6FBF0F100FB116055
:101900004C49B0FBF1F0C0B28DF807004B48B6FB74
:10191000F0F100FB11604849B0FBF1F0C0B28DF866
:1019200008004748B6FBF0F100FB11604349B0FBEB
:10193000F1F0C0B28DF80900B9F1000F41DA0023CF
:101940002D2251464046FFF7C5FE002412E037E045
:10195000E919091B491E1DF8012004EB440308F195
:10196000060101EB4301C8B25B465146FFF7F2FEA8
:10197000601CC4B2681EA042EADC002F56D005EB02
:10198000450108EB4101C8B25B462E225146FFF7E4
:10199000A1FE002412E005EB450108EB4101891D81
:1019A00004EB440301EB4301C8B2391B1DF80120CD
:1019B0005B465146FFF7CEFE601CC4B2BC42EADB78
:1019C00034E000240EE0E919091B1DF8012004EBA6
:1019D000440108EB4101C8B25B465146FFF7BAFE2D
:1019E000601CC4B2AC42EEDB07B305EB450108EB6B
:1019F0004101C8B25B462E225146FFF76BFE002420
:101A000012E005EB450108EB4101891D04EB44039D
:101A100001EB4301C8B2391B1DF801205B4651465A
:101A2000FFF798FE601CC4B2BC42EADBBDE8FE8F43
:101A3000A086010040420F008096980000E1F50565
:101A400000CA9A3B00B587B00121042001F0AEFE28
:101A5000A020ADF8040003208DF8060018208DF8B2
:101A6000070001A9544801F0C3F81020ADF80400A4
:101A70008DF8070001A9504801F0BAF84020ADF8F0
:101A8000040010208DF8070001A94B4801F0B0F8C0
:101A90000121080301F08AFE0020ADF808004FF490
:101AA0008270ADF80A000020ADF80C000220ADF8FD
:101AB0000E000120ADF810004002ADF81200002029
:101AC000ADF81400ADF816000720ADF8180002A913
:101AD0003A4802F006FA0121384802F0DFF9FF2007
:101AE00002F0B4F94021344801F061F96420FFF7B5
:101AF000EDFA4021304801F058F9C820FFF7E6FA26
:101B000040212D4801F053F9AE2001F09DFD002049
:101B100001F09AFD102001F097FD402001F094FDA6
:101B2000812001F091FDEF2001F08EFDA12001F058
:101B30008BFDC82001F088FDA62001F085FDA820BE
:101B400001F082FD3F2001F07FFDD32001F07CFDFC
:101B5000002001F079FDD52001F076FD802001F014
:101B600073FDD92001F070FDF12001F06DFDDA2048
:101B700001F06AFD122001F067FDDB2001F064FD39
:101B8000402001F061FD202001F05EFD022001F007
:101B90005BFD8D2001F058FD142001F055FDA420BF
:101BA00001F052FDA62001F04FFDAF2001F04CFDE9
:101BB000FFF774FD07B000BD000801400030014090
:101BC00008B50121102001F0F1FD0120ADF8000061
:101BD00048208DF8030003208DF80200694617485D
:101BE00001F006F80220ADF8000010208DF8030087
:101BF00003208DF802006946104800F0F9FF042028
:101C0000ADF8000010208DF8030003208DF80200CD
:101C100069460A4800F0ECFF0820ADF800001020EB
:101C20008DF8030003208DF802006946034800F098
:101C3000DFFF01200249086008BD000000100140DC
:101C40008801224270B5044600201449086000252E
:101C500007E01349485D01F00DFD12494855681C25
:101C6000C5B2092DF5DB01200C4908600D4840780C
:101C700020700C48C078C04360700A480079C043A7
:101C8000A07008484079E0700648807920710548C6
:101C9000C07960710348007AA07170BD880122424A
:101CA000B89200080204002000B591B0012108207C
:101CB00001F07CFD4FF40040ADF8400018208DF895
:101CC000430003208DF8420010A92D4800F090FF3A
:101CD0004FF400412A4801F068F80121880301F01F
:101CE00045FD4FF44040ADF82C004FF48270ADF844
:101CF0002E000020ADF83000ADF832000120ADF824
:101D000034004002ADF836001020ADF83800002055
:101D1000ADF83A000720ADF83C000BA9194802F0D5
:101D2000E0F80121174802F0B9F80021154802F047
:101D3000A9F801220221134802F0BCF8012108464B
:101D400001F004FD104800F0BDFD0E480C3000907D
:101D50000E480190102002900020039004908020F3
:101D6000059000200690079008904FF400500990CD
:101D700000200A906946044800F060FE11B000BDE2
:101D8000000C0140003800405800024018030020B9
:101D90002DE9F04106460F46904600202149087083
:101DA00081F8C100002424E007FA04F000F080006C
:101DB00008B1F82100E080211A4A601C115406FA8B
:101DC00004F000F0800008B1F82100E08021154AFD
:101DD00004F10900115408FA04F000F0800008B181
:101DE000F82100E080210F4A04F111001154601C19
:101DF00084B2082CD8DB01250EE0012408E0094854
:101E0000005D182101FB0541064A5054601C84B254
:101E1000192CF4DB681C85B2082DEEDB01F050FDB7
:101E2000BDE8F0811803002070B506460020244963
:101E3000087081F8C10000243CE0002536E004EB86
:101E4000440030444078A84000F0800008B1F821F8
:101E500000E0802104EB440005EBC000401C184A60
:101E6000115404EB4400305CA84000F0800008B13D
:101E7000F82100E0802104EB440005EBC0000930AC
:101E80000F4A115404EB440030448078A84000F01D
:101E9000800008B1F82100E0802104EB440005EB4C
:101EA000C0001130064A1154681CC5B2082DC6DBAB
:101EB000601CC4B2082CC0DB01F002FD70BD000044
:101EC0001803002070B5064600202449087081F8E8
:101ED000C10000243CE0002536E004EB440030441F
:101EE0004078A84000F0800008B1F82100E080218F
:101EF00004EB440005EBC000401C184A115404EBED
:101F00004400305CA84000F0800008B1F82100E0F7
:101F1000802104EB440005EBC00009300F4A115446
:101F200004EB440030448078A84000F0800008B101
:101F3000F82100E0802104EB440005EBC0001130E3
:101F4000064A1154681CC5B2082DC6DB601CC4B219
:101F5000082CC0DB01F0B4FC70BD000018030020A9
:101F600010B50548007820B900200449C8800881D0
:101F7000488101F0C1FC10BD52000020500100203A
:101F8000014630480078002859D02F4840782E4A22
:101F9000927840EA0220C0F30A0008802A4880783C
:101FA000C010294AD27840EA4210C0F30A004880A3
:101FB0002548C0788011244A127940EA8200224ADA
:101FC000527940EA8220C0F30A0088801E48407996
:101FD00040101D4A927940EAC210C0F30A00C8803E
:101FE000194880790011184AD27940EA0210C0F3EA
:101FF0000A0008811448C079C011134A127A40EAD5
:102000004200114A527A40EA4220C0F30A00488155
:102010000D48407A80100C4A927A40EA8210C0F350
:102020000A0088810848807A4011074AD27A40EA3B
:10203000C200C8810020034A1070012070470020B0
:10204000FCE70000A0000020DA03002000B587B004
:102050000121082001F0AAFB4FF40060ADF8180040
:1020600004208DF81B0006A91D4800F0C1FD0121C8
:10207000880401F07BFB1B4802900020ADF80C00A7
:102080004FF40050ADF80E00C010ADF81000002065
:10209000ADF814000420ADF8120002A9124803F0B4
:1020A00045FA27208DF8040001208DF805008DF8F1
:1020B00006008DF8070001A801F070FA012240F235
:1020C0002551094803F00DFA012240F22441064847
:1020D00003F007FA0121044803F0C0F907B000BD7E
:1020E000000C0140A08601000048004000B589B006
:1020F0000121112001F05AFB4FF47070ADF820005F
:1021000018208DF8230003208DF8220008A9294803
:1021100000F06EFD0121480301F048FB4720ADF8B7
:1021200014000020ADF8160044F61F60ADF818004A
:102130000020ADF81A0005A91F4802F0B7FD602085
:10214000ADF804000120ADF8060040F2DC50ADF817
:102150000A000020ADF80C0001A9174802F016FC97
:102160000821154802F05EFC01A9134802F064FC46
:102170000821114802F0B2FC01A90F4802F0BCFC92
:1021800008210D4802F008FD01A90B4802F00EFDE0
:102190000821094802F048FD0121074802F058FAD9
:1021A0000121054802F060FA0121034802F068FAB3
:1021B00009B000BD00100140003401402DE9F0419C
:1021C0000446B4F5617F01DD4FF4617414F5617F5D
:1021D00000DA0B4C2046FEF775FA80460949FEF7F7
:1021E00079F807460849FEF71DF80646FEF7AAFAF1
:1021F00085B22946054802F02AFDBDE8F0810000BD
:102200007CFCFFFF3F358E3F0080BB440034014023
:102210002DE9F0410446B4F5617F01DD4FF46174AE
:1022200014F5617F00DA0B4C2046FEF74BFA80462E
:102230000949FEF74FF807460849FDF7F3FF064640
:10224000FEF780FA85B22946054802F0FEFCBDE89B
:10225000F08100007CFCFFFF3F358E3F0080BB44D7
:10226000003401402DE9F0410446B4F5617F01DD01
:102270004FF4617414F5617F00DA0B4C2046FEF7D1
:1022800021FA80460949FEF725F807460849FDF777
:10229000C9FF0646FEF756FA85B22946054802F000
:1022A000D2FCBDE8F08100007CFCFFFF3F358E3F93
:1022B0000080BB44003401402DE9F84F04460D4630
:1022C00029462046FEF700F827490860274801689C
:1022D00025480068FDF7F8FF82462548B0F9000060
:1022E000FEF7F0F983465146FDF7F4FF804621489A
:1022F000B0F90000FEF7E6F982461B480168504637
:10230000FDF7E8FF81464146FDF78CFF07461A4876
:10231000B0F90000FEF7D6F939460090FDF782FFCC
:102320000646FEF7F6F900B2134908800E48006829
:102330000E4908601048B0F9000041F26801884277
:1023400002DD08460C4908800B48B0F900000B4933
:10235000884203DA4EF69870074908800648B0F9BB
:102360000000BDE8F88F0000740000207800002015
:10237000500000204E0000207000002098EFFFFF6A
:102380002DE9F84F04460D4629462046FDF79CFFEF
:10239000274908602748016825480068FDF794FF31
:1023A00082462548B0F90000FEF78CF98346514675
:1023B000FDF790FF80462148B0F90000FEF782F952
:1023C00082461B4801685046FDF784FF814641461E
:1023D000FDF728FF07461A48B0F90000FEF772F92A
:1023E00039460090FDF71EFF0646FEF792F900B24F
:1023F000134908800E4800680E4908601048B0F97B
:10240000000041F26801884202DD08460C4908805C
:102410000B48B0F900000B49884203DA4EF6987079
:10242000074908800648B0F90000BDE8F88F0000B1
:102430008000002084000020500000204E0000207A
:102440007C00002098EFFFFF10B586B00446012104
:10245000042001F0ABF90121880301F0A7F94FF442
:102460000070ADF8140018208DF8170003208DF8C7
:10247000160005A91C4800F0BBFB4FF48060ADF8C6
:10248000140004208DF8170005A9174800F0B0FBD0
:1024900001940020ADF80800ADF80A00ADF80C007A
:1024A000ADF810000C20ADF80E0001A90F4803F0A4
:1024B0003DF825208DF8000002208DF80100012054
:1024C0008DF802008DF80300684601F067F80122DC
:1024D00040F22551054803F004F80121034802F0B9
:1024E000BDFF06B010BD00000008014000380140EB
:1024F0002DE9F04707460D4690464FF00009202D84
:1025000037DCAA201C49087055204870681D887067
:10251000084680F80380002405E0395D201D164A36
:102520001154601CC4B2AC42F7DB281DC6B20024B3
:1025300006E01148005D484400F0FF09601CC4B289
:10254000B442F6DB0C4800F80490681DC6B20024C3
:102550000DE00948015D094803F059F800BF40212A
:10256000064802F087FF0128F9D1601CC4B2B442CA
:10257000EFDBBDE8F08700000002002000380140DA
:1025800010B503460B48007890B10B488078001FC7
:10259000C2B2002105E0C81C074C205C5854481CFE
:1025A000C1B29142F7DB0020024C2070104610BDF2
:1025B0000020FCE7970000202802002010B586B01C
:1025C00004460121082001F0F1F80420ADF81400C0
:1025D00018208DF8170003208DF8160005A91E4855
:1025E00000F006FB0820ADF8140004208DF8170059
:1025F00005A9194800F0FCFA0121480401F0B6F8D9
:1026000001940020ADF80800ADF80A00ADF80C0008
:10261000ADF810000C20ADF80E0001A90F4802F033
:1026200085FF26208DF8000002208DF80100012092
:102630008DF802008DF80300684600F0AFFF01221C
:1026400040F22551054802F04CFF0121034802F0F9
:1026500005FF06B010BD0000000801400044004026
:1026600010B586B004460121102001F09FF84FF408
:102670008060ADF8140018208DF8170003208DF845
:10268000160005A91E4800F0B3FA4FF40060ADF83B
:10269000140004208DF8170005A9194800F0A8FAC5
:1026A0000121C80401F062F801940020ADF808008F
:1026B000ADF80A00ADF80C00ADF810000C20ADF834
:1026C0000E0001A90F4802F031FF34208DF8000000
:1026D00002208DF8010001208DF802008DF8030022
:1026E000684600F05BFF012240F22551054802F0E8
:1026F000F8FE0121034802F0B1FE06B010BD000053
:1027000000100140004C00402DE9F04707460D46FF
:1027100090464FF00009322D37DCAA201C49087082
:1027200055204870681D8870084680F80380002492
:1027300005E0395D201D164A1154601CC4B2AC423C
:10274000F7DB281DC6B2002406E01148005D4844AE
:1027500000F0FF09601CC4B2B442F6DB0C4800F87C
:102760000490681DC6B200240DE00948015D0948C7
:1027700002F04DFF00BF4021064802F07BFE012819
:10278000F9D1601CC4B2B442EFDBBDE8F0870000B1
:10279000A0020020004C00402DE9F05F012111480B
:1027A000FEF745FA00BF02210E48FEF7A3F9002804
:1027B000F9D00C48FEF79AF983465846FDF79CFF7E
:1027C0008046094A094BFDF79CFE06460022084B4D
:1027D000FDF709FF0446FDF7E8FF1FFA80FA5046AF
:1027E000BDE8F09F002801400AD7A370BD54AC405B
:1027F00000FEAF4000B587B00121082000F0D6FFF1
:102800000220ADF8180000208DF81B0006A91D4815
:1028100000F0EEF90121880200F0C8FF00200190CD
:102820008DF808008DF809004FF460200390002017
:10283000049001208DF8140001A91348FEF76EF9E9
:102840004FF4004000F076FF0723012209210E48D3
:10285000FEF78CF901210C48FEF733F90A48FEF720
:10286000E1F900BF0848FEF74EF90028FAD1064802
:10287000FEF7E8F900BF0448FEF72EF90028FAD168
:1028800007B000BD000C01400028014000BFFEE77A
:1028900000F0805111B10349086001E0024948602D
:1028A00070470000040402400000024021B10268A9
:1028B00042F00102026004E002684FF6FE731A4023
:1028C0000260704701684FF6FE72114001600021FE
:1028D000016041608160C1604B49884208D14A492A
:1028E0000839496841F00F01474A083A51608AE0C7
:1028F00045491431884208D143490839496841F0B3
:10290000F001414A083A51607DE03F492831884250
:1029100008D13D490839496841F470613A4A083A9A
:10292000516070E038493C31884208D13649083955
:10293000496841F47041344A083A516063E03249D1
:102940005031884208D130490839496841F4702132
:102950002D4A083A516056E02B496431884208D12B
:1029600029490839496841F47001274A083A5160F9
:1029700049E025497831884208D123490839496816
:1029800041F07061204A083A51603CE01F4988429A
:1029900006D1011F096841F00F01021F116032E0EA
:1029A0001A491431884208D11849091F096841F0B1
:1029B000F001164A121F116025E01449283188429F
:1029C00008D11249091F096841F470610F4A121FAA
:1029D000116018E00D493C31884208D10B49091FAC
:1029E000096841F47041094A121F11600BE0074960
:1029F0005031884207D10549091F096841F4702107
:102A0000024A121F11607047080002400804024089
:102A100001460020002201F0805313B1054B1A68D3
:102A200001E0054B1A6802EA01030BB1012000E046
:102A300000207047000402400000024010B5002250
:102A4000026847F6F0739A430C6A8B6823430C695B
:102A500023434C6923438C692343CC6923434C6A49
:102A600023438C6A23431A430260CB6843600B689C
:102A700083604B68C36010BD4160704770470000C1
:102A80001CB598E0642004F00FFC4B48007800B3BC
:102A900049480078012806D1002348A202215A2083
:102AA000FEF7B4FE1BE044480078022806D100235C
:102AB00043A202215A20FEF7A9FE10E03E4800780A
:102AC00003280CD100233FA202215A20FEF79EFECC
:102AD00005E000233CA202215A20FEF797FE3B4866
:102AE0000088FDF709FE0546394A3A4BFDF709FD16
:102AF0000746FDF73BFE0446002001210223224643
:102B0000CDE9001003211E20FEF7A0FE002000905A
:102B100001903148B0F90A20062303215A20FEF71C
:102B200095FE642004F0C0FB00200321CDE90010D5
:102B30002A48B0F9000000EB800042000223052182
:102B40001E20FEF783FE00200221CDE9001024485C
:102B5000B0F90020052319466020FEF777FE2148D2
:102B60000022214BD0E900512846FDF7CAFC074658
:102B7000FDF7FCFD0446002002210B462246CDE96C
:102B8000001006211E20FEF761FE18480022164B99
:102B9000D0E900512846FDF7B4FC0746FDF7E6FDF5
:102BA0000446002002210B462246CDE900100621F2
:102BB0005A20FEF74BFE65E75C00002050533200C0
:102BC00041505000524D5300524F53003A000020E4
:102BD0009A9999999999B93F980100205E0000202F
:102BE0005001002078010020000059408801002099
:102BF0002DE9F04102460025002600200023002494
:102C0000002791F803C00CF00F0591F803C00CF0F9
:102C1000100CBCF1000F03D091F802C04CEA05057E
:102C200091F800C0BCF1000F31D0146800202BE0F7
:102C30004FF0010C0CFA00F3B1F800C00CEA0306E7
:102C40009E4220D183004FF00F0C0CFA03F7BC43D7
:102C500005FA03FC4CEA040491F803C0BCF1280F08
:102C600006D14FF0010C0CFA00FCC2F814C00AE0C7
:102C700091F803C0BCF1480F05D14FF0010C0CFADC
:102C800000FCC2F810C0401C0828D1D31460B1F871
:102C900000C0BCF1FF0F34DD546800202EE000F1CD
:102CA000080C4FF0010808FA0CF3B1F800C00CEA68
:102CB00003069E4221D183004FF00F0C0CFA03F75C
:102CC000BC4305FA03FC4CEA040491F803C0BCF1D0
:102CD000280F05D100F1080C08FA0CF8C2F814808E
:102CE00091F803C0BCF1480F07D100F1080C4FF078
:102CF000010808FA0CF8C2F81080401C0828CED34E
:102D00005460BDE8F0810000F0B50A4600230024BD
:102D10000021002500F00046B6F1004F02D11D4E03
:102D2000F16901E01B4E7168C0F3034583B200F402
:102D30004016B6F5401F08D121F07061154E766837
:102D400026F07066134F7E6012E000F48016B6F530
:102D5000801F06D1032606FA05F4A14341F07061F5
:102D600006E0460D360103FA06F6B14341F0706104
:102D700022B1460D360103FA06F6314300F0004653
:102D8000B6F1004F02D1034EF16101E0014E7160D6
:102D9000F0BD0000000001400246002093680B4097
:102DA0000BB1012000E000207047416170470161D4
:102DB00070470AB1016100E04161704700BFFEE762
:102DC00010B500200E4908600E48006820F47040DD
:102DD0000C4908600846006840F440500860002034
:102DE0000949C1F8AC010120FEF77AF90120044934
:102DF0000860FEF775F900200349C1F8B00110BD65
:102E0000B0012142040801400000214210B5002019
:102E10000E4908600E48006820F470400C490860B4
:102E20000846006840F44050086001200949C1F894
:102E3000AC01FEF755F9012004490860FEF750F98E
:102E400000200449C1F8B00110BD0000B0012142CA
:102E5000040801400000214270B5054600241748CF
:102E6000006820F47040154908600846006840F486
:102E700000400860002616E000201149086002208A
:102E8000FEF72EF901200F49C1F8B0016006040ECB
:102E90000B488438006808B1601CC4B20220FEF7F9
:102EA0001FF9701CC6B2082EE6DB15B1FFF788FFCC
:102EB00001E0FFF7ABFF204670BD000004080140B1
:102EC000B00121420000214270B504461448006858
:102ED00020F47040124908600846006840F44050F1
:102EE000086000200F490860002516E0E0090D4940
:102EF000091F08606006040E0120FEF7F1F80120AA
:102F00000949C1F8B001FEF7EBF800200549086057
:102F10000120FEF7E5F8681CC5B2082DE6DB70BDA0
:102F200004080140B00121420000214210B51648BA
:102F3000006820F47040144908600846006840F4B6
:102F4000405008600120114908601148D0F82C0158
:102F500008B9002010BD01200C49091D0860FEF7CA
:102F6000BFF800200A49C1F8AC0108488038006861
:102F700008B10020EEE70120FEF7B2F80020034977
:102F8000091D08600120E5E704080140AC01214269
:102F90000000214210B50E48006820F470400C4932
:102FA00008600846006840F4405008600020094965
:102FB00008600949C1F8AC010120FEF791F8012031
:102FC000044908600449C1F8AC01FEF789F810BD56
:102FD00004080140B00121420000214210B5002444
:102FE0001548006820F470401349086008460068DE
:102FF00040F400400860012010490860FEF770F8B6
:1030000001200F49C1F8B001FEF76AF80AE0601C20
:10301000C4B2322C03DDFFF7BDFF002010BD01203C
:10302000FEF75EF80548803800680028EFD10349B4
:10303000091D08600120F1E704080140AC012142AC
:103040000000214210B51A48B0F90000B0F5617FC8
:1030500003DD4FF46170164908801548B0F900008F
:1030600010F5617F03DA4FF67C4011490880104863
:10307000B0F90200B0F5617F03DD4FF461700C49D7
:1030800048800B48B0F9020010F5617F03DA4FF673
:103090007C40074948800649B1F90000FFF78EF8E7
:1030A00003494988494208B2FFF7B2F810BD000051
:1030B0006000002039E0FEF725F9002832D03220E8
:1030C00004F0F2F8FEF71EF960B3002417E0322096
:1030D00004F0EAF8FEF716F900B912E03C2C0CD126
:1030E0004FF400511148FFF762FEC82004F0DCF8ED
:1030F0004FF400510D48FFF758FE601CC4B2C82CB5
:10310000E5DB00BF142C0CDA09480078062805DA44
:1031100007480078401C0649087002E00120044975
:10312000087000BF322004F0BFF8C4E7001001406F
:103130003400002010B5034B5A791979D878FEF77E
:1031400027FE10BD340000202DE9F0413748C0783B
:10315000802801DB012000E000200546334800798B
:10316000802801DB012000E0002006462F4840793E
:10317000802801DB012000E0002007462C48007871
:10318000292811DA2A48007800EB40004006040E96
:1031900007FB04F3DAB206FB04F3D9B205FB04F330
:1031A000D8B2FEF7F5FD3AE0214800783D280CDA68
:1031B000F02407FB04F3DAB206FB04F3D9B205FBF3
:1031C00004F3D8B2FEF7E4FD29E0194800784F284F
:1031D00011DA17480078C0F15000C006040E07FB52
:1031E00004F3DAB206FB04F3D9B205FB04F3D8B258
:1031F000FEF7CEFD13E00E4800785B280CDA0C24B5
:1032000007FB04F3DAB206FB04F3D9B205FB04F3BF
:10321000D8B2FEF7BDFD02E002200549087004485F
:103220000078401C02490870BDE8F081340000209D
:103230003000002010B50248FEF744FE10BD00002B
:10324000588A000810B528480078032803DA274870
:10325000FEF738FE42E024480078062805DA00220E
:1032600011461046FEF794FD38E01F4800780A2802
:1032700003DA1E48FEF726FE30E01B4800781428CB
:1032800005DA002211461046FEF782FD26E01648B8
:103290000078172803DA1648FEF714FE1EE01248DD
:1032A00000781A2805DA002211461046FEF770FD54
:1032B00014E00D4800781E2803DA0D48FEF702FEE0
:1032C0000CE009480078282805DA0022114610464B
:1032D000FEF75EFD02E00020034908700248007816
:1032E000401C0149087010BD31000020708A0008A0
:1032F000888A000810B51648C07816490870144826
:10330000007948701248407988701148C078487533
:103310000F4801790F4881750D4841790D48C175F5
:1033200001240EE0002004EB44010A4A505404EB4F
:1033300044011144487004EB440111448870601C3E
:10334000C4B2072CEEDB0348FEF76EFD10BD000093
:10335000340000203801002010B5434800780828C8
:1033600036DA41480078A8B100213F480078401E75
:1033700000EB40003D4A11543B480078401E00EBF2
:1033800040001044417038480078401E00EB400077
:10339000104481703648C0783349097801EB410107
:1033A000324A5054324800792F49097801EB4101E3
:1033B000114448702E4840792B49097801EB4101AE
:1033C0001144887028480078401C2749087047E05D
:1033D00025480078102840DA23480078082818D0BB
:1033E000002121480078C0F1100000EB40001F4A86
:1033F00011541D480078C0F1100000EB400010444B
:10340000417019480078C0F1100000EB40001044F2
:1034100081701748C07814490978C1F10F0101EB98
:103420004101124A5054124800790F490978C1F1FC
:103430000F0101EB4101114448700D4840790A49E0
:103440000978C1F10F0101EB410111448870064870
:103450000078401C0449087002E00020024908700E
:103460000248FEF7E1FC10BD3200002038010020C8
:10347000340000200DE01E2003F016FF0548007800
:1034800010B1FDF771FF04E0002211461046FEF76F
:103490007FFCF0E7530000202DE9F04106460F467F
:1034A00014461D46FFF742FD10B90120BDE8F0812A
:1034B0007106080EFFF708FDFFF790FD18B9FFF73A
:1034C00069FD0120F2E73846FFF7FEFCFFF786FDB5
:1034D000FFF72CFD012101EB4601C8B2FFF7F4FC18
:1034E000FFF77CFD0DE0012C04D10020FFF7B4FCB8
:1034F000287003E00120FFF7AFFC28706D1C601EF0
:10350000C4B2002CEFD1FFF745FD0020CEE72DE936
:10351000F04105460E4617469846FFF707FD10B9DD
:103520000120BDE8F0816906080EFFF7CDFCFFF72A
:1035300055FD18B9FFF72EFD0120F2E73046FFF7E1
:10354000C3FCFFF74BFD00240BE018F80400FFF765
:10355000BBFCFFF743FD18B9FFF71CFD0020E0E7B7
:10356000641CBC42F1DBFFF715FD0020D9E770B504
:1035700004460D461646F2B22B4621466820FFF758
:103580008BFF70BD13B5044601AB012221466820B4
:10359000FFF7BDFF1CBD00BFFEE7704770B50021FF
:1035A00000230F22C47804B3154C246804F4E064AB
:1035B000C4F5E064210AC1F10403CA40447804FA66
:1035C00003F184781440214309010E4C0678A1557B
:1035D000047804F01F050124AC4005786D11AD009E
:1035E00005F1E025C5F8004109E0047804F01F0565
:1035F0000124AC40044D0678761145F8264070BD94
:103600000CED00E000E400E080E100E0024901434D
:10361000024A1160704700000000FA050CED00E05E
:1036200070B504460D4605F1B001C8B200F00CF8C3
:10363000102141EA141000F007F804F00F0141F0E6
:10364000010000F001F870BD10B5044610210548D6
:10365000FFF7ABFB204600F0F9FB10210148FFF714
:10366000A6FB10BD0008014010B50446204600F03E
:10367000EDFB10BD1CB50446002001900120009018
:1036800027E09DF80000204018B10120144908608F
:1036900002E000201249086000201149083108604A
:1036A0001020FDF71DFD0F48D0F8000128B19DF84E
:1036B00004009DF8001008430190012008490831DA
:1036C00008601020FDF70CFD9DF800004006000E7C
:1036D00000909DF800000028D3DC9DF804001CBD7C
:1036E000840122420000224200BF04F011FD0D4976
:1036F000086016E014210B4803F012FE0A48FEF79A
:10370000A1FA0A48007801280BD007484078082819
:1037100007D10548807920B901200449087004497F
:103720000870E7E76C000020550000205C000020D6
:103730005400002001460020034A506820F4404015
:1037400008435060704700000010024029B1064A4B
:1037500052690243044B5A6104E0034A52698243AE
:10376000014B5A61704700000010024029B1064A1F
:10377000D2690243044BDA6104E0034AD26982430E
:10378000014BDA61704700000010024029B1064A7F
:1037900012690243044B1A6104E0034A126982432E
:1037A000014B1A61704700000010024029B1064A1F
:1037B00092690243044B9A6104E0034A926982438E
:1037C000014B9A61704700000010024029B1064A7F
:1037D000D2680243044BDA6004E0034AD2688243B1
:1037E000014BDA60704700000010024030B5002144
:1037F0000022002400232D4D6D6805F00C0121B13D
:10380000042905D0082923D105E0294D056022E0CF
:10381000274D05601FE0254D6D6805F47012234D9E
:103820006D6805F48034022505EB92421CB9214DE8
:10383000554305600BE01D4D6D6805F400351DB165
:103840001C4D5543056002E0194D5543056002E0EB
:10385000174D056000BF00BF144D6D6805F0F00105
:103860000909154D6B5C0568DD4045600F4D6D68BD
:1038700005F4E061090A104D6B5C4568DD40856028
:103880000A4D6D6805F46051C90A0B4D6B5C4568C3
:10389000DD40C560054D6D6805F44041890B074D5D
:1038A0006B5CC568B5FBF3F5056130BD00100240E7
:1038B00000127A0000093D001C0100202C010020AC
:1038C00010B5C2210B48FFF7D7F801210948FEF7D0
:1038D000EDFF00BF4FF40030FFF79AF80028F9D051
:1038E00000210448FEF7E2FF4FF40030FEF7D0FF5E
:1038F00010BD0000580002402DE9F04F8FB0FDF7D9
:1039000013FC00B20990FCF7E6FE8246D24AD34B84
:10391000FCF7F7FD81F00041CDE90A01FCF771FFEA
:103920000D90FCF75BFFCE4A03C20020FDF75EFC62
:10393000FDF760FC00B20990FCF7CDFEC64AC74B0C
:10394000CDE90A01FCF7DDFD8246FCF75AFF0D9038
:10395000FCF744FFC34A03C20020FDF7A3FCC248A2
:10396000B0F9060040F2DC51884202DD0846BE494B
:10397000C880BD48B0F90600BC49884203DA4FF65A
:103980002420B949C880B849B1F90600FCF7A3FE64
:103990000022B74BCDE90C01FCF725FE8246FCF76F
:1039A00030FF0446B348B0F90000FCF794FE002253
:1039B000AF4BCDE90C01FCF716FE8246FCF721FF68
:1039C00006463046FCF70AFFCDE90A0103F084FA07
:1039D00002460B46CDE90C014FF06040A649FCF7CA
:1039E00002FE8246FCF70DFF8046A24800880028B0
:1039F0007CD04046FCF7F2FECDE90A014046FCF7D8
:103A0000EDFE82469D4A9E4BFCF775FDCDE9060111
:103A10002046FCF7E3FECDE90401DDE90623FCF7CF
:103A200070FDCDE90801DDE90A23FCF7DCFDCDE9F5
:103A30000C01FCF7E6FE8A4988604046FCF7CEFEA2
:103A4000CDE90A014046FCF7C9FE8C4A8C4BCDE912
:103A50000401FCF7AFFCCDE908012046FCF7BEFEEF
:103A6000CDE90601DDE90823FCF74BFD8246DDE9DF
:103A70000A23FCF7B8FDCDE90C01FCF7C2FE794939
:103A800088603046FCF7AAFE7E4A7F4BCDE90001F4
:103A9000FCF737FD824603F01FFA02460B46CDE9DC
:103AA00002014FF060407449FCF79DFD734A744B6E
:103AB000CDE90401FCF77EFC02460B46CDE9060188
:103AC0004FF060406C49FCF78EFDCDE9080102F033
:103AD00025FA6E4A6E4BCDE90A01FCF712FDCDE9DD
:103AE0000C01FCF78EFE054605E0FFE75C488460AC
:103AF0005C48846000252846FCF770FE8246654AD3
:103B0000654BFCF7FEFCCDE906012846FCF766FE96
:103B1000CDE902012846FCF761FE82465F4A604B10
:103B2000FCF7EFFCCDE90001DDE90223FCF7E9FC3D
:103B3000CDE90401DDE90623FCF73CFC81F00041FE
:103B40000022584BCDE90801FCF7DBFC564A574BE5
:103B5000CDE90A01FCF747FDCDE90C01FCF751FE68
:103B6000074653493846FCF7B5FB83460021FCF76E
:103B700059FB8246FCF7CDFD0FFA80F94846FEF767
:103B800071FB3748D0E900211046FCF73AFE824627
:103B9000334988685146FEF78FFB314988813149A6
:103BA000D1E900211046FCF72CFE82462D49886899
:103BB0005146FEF7E5FB2B4988812949898949420D
:103BC00008B2FDF701FC2749B1F90C00FDF726FC0E
:103BD0002349D1E900A181F00043224903C952469B
:103BE000CDE90601FCF7E6FB00224FF08043CDE96A
:103BF0000801FCF7F8FC00221D4BCDE90A01FCF797
:103C000080FCCDE90C01FCF7B1FD00B2164908803B
:103C1000002048801249D1E900A181F000431148F9
:103C200003C85246CDE90601FCF7C4FB134A214BF9
:103C3000CDE90801FCF7D7FC00220D4BCDE90A01C4
:103C4000FCF75FFCCDE90C01FCF790FD00B20649E2
:103C500088800FB0BDE8F08FE3775F723A55733F0D
:103C600078010020880100205001002024FAFFFF85
:103C700000408F405E000020CEF7C33F1F85EB5110
:103C8000B81EB53FCAC342AD69DE913F144C77B64A
:103C9000D7A54C409BE61DA7E848F33F091B9E5E55
:103CA00029CB703F00806640A7E8482EFF210940DD
:103CB00000002041B81EC53F10B51B48FDF73CFC75
:103CC000194840881949088017480088404200B2C6
:103CD00048801548808888801548FDF74DFC1448B9
:103CE000008814490988084400B211490880084630
:103CF000408810494988084400B20D494880084668
:103D000080880C498988084400B20949888008469F
:103D100040880649C88006480088404200B20881B1
:103D200003488088488110BD3C0000209801002095
:103D3000420000204800002010B529480088000AF1
:103D40002849087026480078487025484088000AAD
:103D5000887023488078C87021488088000A0871DC
:103D60001F48007948711E48C088000A88711C48A5
:103D70008079C8711A480089000A08721848007AC8
:103D8000487217484089000A88721548807AC872BC
:103D900015480088000A08731348007848731248D1
:103DA0004088000A887310488078C8730E4880885D
:103DB000000A08740C48007948740C480088001206
:103DC00088740A480078C874102214210548FEF748
:103DD0009BFC102214210348FEF78AFB10BD000053
:103DE00098010020A4010020500100203A0000208A
:103DF00000BF04F08DF91349086022E01421114836
:103E000003F08EFA1048007898B10F480078012826
:103E100002D1FDF73DF80CE00B480078022802D1F2
:103E2000FCF782FF05E008480078032801D1FDF780
:103E3000BBF8FEF795F8FFF705F9FFF73DFFFFF731
:103E40007BFFDBE7640000205C00002010B5044627
:103E500000BF02210A4800F036F80028F9D02146B8
:103E6000074800F03CF800BF0121054800F02BF89E
:103E70000028F9D0024800F02FF8C0B210BD0000B1
:103E80000030014021B1028842F40052028004E077
:103E900002884DF6FF731A400280704721B10288F4
:103EA00042F04002028004E002884FF6BF731A40DD
:103EB000028070471AB183880B43838002E08388B5
:103EC0008B43838070470246002013890B400BB15F
:103ED000012000E0002070470146888970478181F9
:103EE000704710B50022028802F441520B884C88BA
:103EF00023438C882343CC8823430C8923434C8958
:103F000023438C892343CC8923431A430280838B28
:103F10004FF2FF74234083830B8A038210BD10B5D8
:103F200000F002F810BD00000CB5002001900090D8
:103F30003348006840F480303149086000BF3048A1
:103F4000006800F4003000900198401C0190009837
:103F500018B90198B0F5A06FF1D12948006800F4B4
:103F6000003010B10120009001E000200090009886
:103F7000012843D12348006840F01000214908601F
:103F80000846006820F0030008600846006840F01A
:103F9000020008601A4840681949486008464068AD
:103FA00048600846406840F48060486008464068C1
:103FB00020F47C1048600846406840F4E8104860EF
:103FC0000846006840F08070086000BF0C48006838
:103FD00000F000700028F9D00948406820F0030084
:103FE000074948600846406840F00200486000BF4A
:103FF0000348406800F00C000828F9D10CBD00000F
:1040000000100240002002402DE9FF4107465525DF
:10401000022090490870002048708870C870FF2006
:10402000087148710020FEF7C9F80020FEF7F0F88B
:104030000020FEF717F900262BE04FF48071864828
:10404000FEF7B3FE1E2003F02FF94FF48071824873
:10405000FEF7ADFE142003F027F902A8FDF78CFA55
:104060007E480088BDF80810084400B27B490880EB
:1040700008464088BDF80A10084400B277494880D5
:1040800008468088BDF80C10084400B27349888047
:10409000761C0A2ED1DB7148B0F9000040420A219B
:1040A00090FBF1F000B26D4908800846B0F90200BB
:1040B00040420A2190FBF1F000B26849488008466E
:1040C000B0F9040040420A2190FBF1F000B26349CC
:1040D000888000262CE0002410E0E006050E002277
:1040E00011462846FDF754FE4FF480715A48FEF7FA
:1040F0005CFE142003F0D8F8601CC4B21E2CECDB6C
:10410000142412E004EB44008006050E0022114640
:104110002846FDF73DFE4FF480714F48FEF747FEFD
:10412000142003F0C1F8601EC4B2002CEADC761C37
:10413000032ED0DB002211461046FDF729FE4FF476
:1041400080714548FEF731FE4FF400514448FEF7B8
:104150002EFE6420FCF7BAFF4FF400514048FEF7F2
:1041600024FEFDF79BFA00233EA219461846FDF7F0
:104170004DFB002341A201211846FDF747FB002318
:1041800044A202211846FDF741FB002347A2022169
:104190001E20FDF73BFB002346A203211846FDF736
:1041A00035FB002335A204211846FDF72FFB002321
:1041B00046A205211846FDF729FB002349A2062146
:1041C0001846FDF723FB02F003FF4C4803210023B0
:1041D0004FF48072CDE9001049A14C4803F058FF1C
:1041E0004B48042100238022CDE9001049A14C480E
:1041F00003F04EFF4B48052100238022CDE900103B
:1042000049A14C4803F044FF4B480621002380227B
:10421000CDE9001049A14C4803F03AFF4B480A2170
:1042200000238022CDE9001049A14C4803F030FF63
:104230004B480B2100238022CDE9001049A14C48B6
:1042400003F026FF4B48006803F0DAF802F002FFA3
:10425000BDE8FF8134000020000801404800002034
:10426000001001402020202A205441524B424F543C
:1042700020414B4D202A2020200000002D2D2D2DE7
:104280002D2D2D2D2D2D2D2D2D2D2D2D2D2D2D2D5E
:104290002D000000205665723A56302E3030204DE9
:1042A0006F643A524F5320202000000056312E30C8
:1042B0003000000020566F6C3A31322E32562047C3
:1042C000797A3A30303030302000000020416E677B
:1042D0003A3030302E30302056656C3A302E303047
:1042E00030200000204D54413A30302E3030204DE7
:1042F00054423A2D302E30302000000004000020BF
:10430000526F626F745F5461736B0000F13D00087F
:10431000080000204B65795F5461736B000000005A
:10432000B53000080C0000204C696768745F546168
:10433000736B00007534000810000020446973702E
:104340005F5461736B000000812A00081400002094
:104350005472697669615F5461736B00654D000842
:10436000180000205073325F5461736B000000002E
:10437000E936000800000020042808D14FF0E021B1
:10438000096941F004014FF0E022116107E04FF0AC
:10439000E021096921F004014FF0E022116170472A
:1043A00010B503F0A5FE012801D003F01BFB10BDE2
:1043B00010B51348006840F0010011490860084634
:1043C0004068104908400E494860084600680E4998
:1043D00008400B4908600846006820F48020086007
:1043E0000846406820F4FE0048604FF41F008860D3
:1043F000FFF795FD4FF000600449086010BD000014
:10440000001002400000FFF8FFFFF6FE08ED00E09C
:10441000F0B50C46154600220021068C4FF6FE77BB
:104420003E400684028B018C4FF60C7632407E1C97
:1044300006EA03162E433243104EB0420ED0104E01
:10444000B0420BD0B0F1804F08D00E4EB04205D034
:104450000D4EB04202D00D4EB04206D14FF6FD7661
:10446000314044F00106314305E04FF6F576314026
:1044700044F00106314302830184F0BD002C014069
:10448000003401400004004000080040000C0040DF
:10449000F0B50C461546002200210026078C4FF689
:1044A000EF7C07EA0C070784028B018C4FF6FF773D
:1044B00007EA041640F6FF473A404FF6FF7707EA4F
:1044C00003373A434FF6FF7707EA05273A43114F80
:1044D000B8420ED0104FB8420BD0B0F1804F08D088
:1044E0000E4FB84205D00E4FB84202D00D4FB84221
:1044F00006D14FF6DF77394046F01007394305E023
:104500004FF65F77394044F0100739430283018446
:10451000F0BD0000002C01400034014000040040C8
:1045200000080040000C0040F0B50C461546002283
:1045300000210026078C4FF6FF6C07EA0C07078462
:10454000828B018C4FF6FF7707EA04264FF60C7733
:104550003A404FF6FF7707EA03172F433A43114FCC
:10456000B8420ED0104FB8420BD0B0F1804F08D0F7
:104570000E4FB84205D00E4FB84202D00D4FB84290
:1045800006D14FF6FF57394046F48077394305E0AE
:104590004FF2FF57394044F48077394382830184D6
:1045A000F0BD0000002C0140003401400004004038
:1045B00000080040000C0040F0B50C4615460022F3
:1045C00000210026078C4EF6FF7C07EA0C070784C3
:1045D000828B018C4FF6FF7707EA043640F6FF47DF
:1045E0003A404FF6FF7707EA05273A434FF6FF7741
:1045F00007EA03373A43114FB8420ED0104FB84282
:104600000BD0B0F1804F08D00E4FB84205D00E4FFE
:10461000B84202D00D4FB84206D14DF6FF7739406F
:1046200046F48057394305E047F6FF57394044F4D4
:104630008057394382830184F0BD0000002C014083
:10464000003401400004004000080040000C00401D
:1046500021B1028842F08002028004E002884FF615
:104660007F731A400280704721B1028842F0010234
:10467000028004E002884FF6FE731A400280704701
:1046800031B1B0F8442042F40042A0F8442005E0E3
:10469000B0F84420C2F30E02A0F844207047000096
:1046A00010B504466848844208D10121C014FFF7C0
:1046B0008DF80021E014FFF789F8C4E0B4F1804FD1
:1046C00008D101210846FFF761F800210120FFF71A
:1046D0005DF8B8E05D48844208D101210220FFF76F
:1046E00055F800210220FFF751F8ACE05848844209
:1046F00008D101210420FFF749F800210420FFF729
:1047000045F8A0E05348844208D101210820FFF772
:104710003DF800210820FFF739F894E04E48844224
:1047200008D101211020FFF731F800211020FFF7F8
:104730002DF888E04948844208D101212020FFF764
:1047400025F800212020FFF721F87CE0444884422E
:1047500008D101214014FFF739F800216014FFF758
:1047600035F870E03F48844209D10121C804FFF7C1
:104770002DF800214FF40020FFF728F863E03A48B5
:10478000844209D101210805FFF720F800214FF4E8
:104790008010FFF71BF856E03448844209D101210C
:1047A0004805FFF713F800214FF40010FFF70EF84B
:1047B00049E02F48844208D101214020FEF7E6FF5E
:1047C00000214020FEF7E2FF3DE02A48844208D164
:1047D00001218020FEF7DAFF00218020FEF7D6FFBE
:1047E00031E02548844208D101218015FEF7CEFF33
:1047F0000021A015FEF7CAFF25E02048844209D118
:1048000001210804FEF7E2FF00214FF48030FEF79B
:10481000DDFF18E01A48844209D101214804FEF75F
:10482000D5FF00214FF40030FEF7D0FF0BE0154814
:10483000844208D101218804FEF7C8FF00214FF40B
:104840008020FEF7C3FF10BD002C01400004004093
:1048500000080040000C0040001000400014004020
:1048600000340140004C0140005001400054014020
:1048700000180040001C00400020004000400140A3
:104880000044014000480140F0B50C4615461E4664
:104890000021002200230189028B038C4FF6F87758
:1048A000394021434FF6FC473A4040F201173A4362
:1048B0004FF6DD773B404FF6FF7707EA06172F43A9
:1048C0003B43018102830384F0BD000070B50546BF
:1048D0000C46244885420ED0234885420BD0B5F1C2
:1048E000804F08D02148854205D02148854202D01A
:1048F0002048854200D100E000BF208850B92389BC
:10490000A28861882846FFF783FDE188284600F0E9
:10491000A1F925E0208804280AD12389A28861888A
:104920002846FFF7B5FDE188284600F09CF917E01E
:10493000208808280AD12389A28861882846FFF7A1
:10494000F3FDE188284600F09BF909E02389A2885D
:1049500061882846FFF730FEE188284600F099F983
:1049600070BD0000002C01400034014000040040F4
:1049700000080040000C004000210180418001211E
:1049800081800021C18001817047000070B5002442
:1049900000220023058C4FF6FE7635400584028CFC
:1049A0008388048B4FF68F752C40B51E2C400D88E4
:1049B0002C43751E2A400D892A434D882A43144DE5
:1049C000A8420BD0134DA84208D0134DA84205D0E1
:1049D000124DA84202D0124DA84213D14FF6F775DE
:1049E0002A404D892A434FF6FB752A408D882A4379
:1049F0004FF6FF652B404FF6FF552B408D892B431B
:104A0000CD892B4383800483CD888586028470BD45
:104A1000002C0140003401400040014000440140AE
:104A2000004801400A460021018B4FF6F7731940F8
:104A3000114301837047000070B500240022002359
:104A4000058C4FF6EF7635400584028C8388048B05
:104A500048F6FF752C404FF6FF452C400D884FF669
:104A6000FF7606EA05252C434FF6DF752A400D89AF
:104A700006EA05152A434D8806EA05152A43154D11
:104A8000A84202D0144DA8421DD14FF67F752A408E
:104A90004D894FF6FF7606EA05152A434FF6BF7596
:104AA0002A408D8806EA05152A434FF6FF352B402C
:104AB0004FF2FF752B408D8906EA85052B43CD8982
:104AC00006EA85052B4383800483CD88058702840D
:104AD00070BD0000002C0140003401400A46002156
:104AE000018B4FF2FF7319404FF6FF7303EA022365
:104AF000194301837047000070B500240022002391
:104B0000058C4FF6FF6635400584028C8388848BC4
:104B10004FF68F752C404FF6FC752C400D882C43BA
:104B20004FF6FF552A400D894FF6FF7606EA052518
:104B30002A434D8806EA05252A43154DA84202D08E
:104B4000144DA8421DD14FF2FF752A404D894FF6F2
:104B5000FF7606EA05252A434FF6FF352A408D8861
:104B600006EA05252A434EF6FF752B404DF6FF75E4
:104B70002B408D8906EA05152B43CD8906EA0515DC
:104B80002B4383808483CD888587028470BD000099
:104B9000002C0140003401400A460021818B4FF671
:104BA000F7731940114381837047000070B50022EC
:104BB00000230024058C4EF6FF7635400584038CD7
:104BC0008488828B48F6FF752A404FF6FF452A40BD
:104BD0000D884FF6FF7606EA05252A434DF6FF7548
:104BE0002B400D8906EA05352B434D8806EA05352D
:104BF0002B430B4DA84202D00A4DA84208D14BF6D8
:104C0000FF752C408D894FF6FF7606EA85152C43FB
:104C100084808283CD88A0F84050038470BD00005A
:104C2000002C0140003401400A460021818B4FF2E4
:104C3000FF7319404FF6FF7303EA02231943818380
:104C40007047818670470187704781877047A0F859
:104C500040107047028B4FF6F3731A400283028BA9
:104C60000A4302837047028B4FF2FF331A400283DC
:104C7000028B4FF6FF7303EA01231A430283704746
:104C8000828B4FF6F3731A408283828B0A438283AE
:104C90007047828B4FF2FF331A408283828B4FF62C
:104CA000FF7303EA01231A438283704700220288BC
:104CB0001D4B98420ED01D4B98420BD0B0F1804F47
:104CC00008D01B4B984205D01A4B984202D01A4B81
:104CD000984204D14FF68F731A404B881A43174BF2
:104CE000984207D0164B984204D04FF6FF431A4023
:104CF000CB881A4302808B8883850B8803850A4BF7
:104D000098420BD0094B984208D00E4B984205D0E0
:104D10000D4B984202D00D4B984201D10B7A03867D
:104D20000123838270470000002C014000340140C1
:104D30000004004000080040000C0040001000404B
:104D40000014004000400140004401400048014080
:104D50004FF6FF71818000210180C1804180017286
:104D600070470000ABE0FDF717FD55490880084685
:104D70000088B0F5856F64DC10215248FEF70CF80E
:104D8000C0F10100C4B2224610214E48FEF711F8CE
:104D90004B480088B0F57D7F57DA10214948FEF76F
:104DA00004F847480088B0F5767F46DA4648008820
:104DB000401C45490880084600880A2845DD4FF414
:104DC00080714248FDF7F3FF10213E48FDF7EDFFEB
:104DD0003F48006802F0D6FC3E48006802F0D2FC72
:104DE0000020FCF7F1FA0020FCF718FBFCF756FC5A
:104DF00022E0002338A203211846FCF707FD002318
:104E00003BA205211846FCF701FD4FF400512D4847
:104E1000FDF7CDFF1E2002F047FA4FF4005129485C
:104E2000FDF7C3FF4FF47A7002F03EFAFCF736FC50
:104E30004FF47A7002F038FADBE70020224908804C
:104E400003E010211F48FDF7B2FF2F48007820B380
:104E50002D48007801280FD141031A48FDF7A7FF1C
:104E6000C82002F021FA4FF400511648FDF79DFFCB
:104E700000202549087010E04FF400511148FDF75B
:104E800096FF4FF47A7002F00FFA4FF400510D487C
:104E9000FDF78BFF00201C4908704FF480710B4810
:104EA000FDF77AFFC0F10100C4B222464FF48071D1
:104EB0000648FDF77EFF4FF4FA7002F0F5F952E76D
:104EC0003A00002000100140680000200008014066
:104ED000040000201000002020202020204C6F77AC
:104EE00020706F77657220202020202000000000B5
:104EF0002020526F626F74206861732073746F702A
:104F000070656420000000005400002010B540F2DD
:104F100025514C4800F0BBFA002874D0494800F0F5
:104F200071FBC4B248480078032823DA4648007869
:104F300038B9AA2C7ED14548047001204249087036
:104F400078E04148007801280BD1552C05D13F4825
:104F5000447002203C4908706CE000203A49087017
:104F600068E03A488470032037490870601E384969
:104F700008705FE035488078401E334909788842E0
:104F80000EDD32483049097844542F480078401CDF
:104F90002D4908702E48007820442D49087049E0BA
:104FA0000020294908702A480078844242D1002014
:104FB000284908702548C078502825D123484079D1
:104FC0002249097940EA012000B22349C8801F48DC
:104FD000C0791E49897940EA012000B21E49088142
:104FE0001A48407A1949097A40EA012000B21A4960
:104FF00048810A46B2F90A10B2F90600FBF728FE0A
:105000001649088016E01BE01048C078602811D1CE
:105010000E4840790D49097940EA012000B2104953
:1050200008800A48C0790949897940EA012000B21C
:105030000B494880012240F22551024800F051FA04
:1050400010BD0000004C00409B00002078020020B2
:105050009C0000205C000020500100205E00002029
:105060006000002010B540F225512C4800F00FFAE6
:10507000002851D0294800F0C5FAC4B22848007869
:10508000032823DA2648007838B9AA2C3ED12548CF
:10509000047001202249087038E021480078012876
:1050A0000BD1552C05D11F48447002201C490870B3
:1050B0002CE000201A49087028E01A488470032068
:1050C00017490870601E184908701FE0154880785D
:1050D000401E1349097888420EDD124810490978AC
:1050E00044540F480078401C0D4908700E48007861
:1050F00020440D49087009E00B480078844205D12E
:1051000001200A490870002005490870012240F278
:105110002551024800F0E5F910BD000000500040A4
:105120009E000020C80200209F0000209D0000205B
:1051300010B540F225514C4800F0A9F9002874D070
:10514000494800F05FFAC4B248480078032823DADF
:105150004648007838B9AA2C7ED145480470012011
:105160004249087078E04148007801280BD1552C5D
:1051700005D13F48447002203C4908706CE0002093
:105180003A49087068E03A4884700320374908704B
:10519000601E384908705FE035488078401E33490A
:1051A000097888420EDD32483049097844542F4846
:1051B0000078401C2D4908702E48007820442D4965
:1051C000087049E00020294908702A480078844284
:1051D00042D10020284908702548C078502825D1A0
:1051E000234840792249097940EA012000B2234945
:1051F000C8801F48C0791E49897940EA012000B261
:105200001E4908811A48407A1949097A40EA012062
:1052100000B21A4948810A46B2F90A10B2F90600EA
:10522000FBF716FD1649088016E01BE01048C07811
:10523000602811D10E4840790D49097940EA0120D2
:1052400000B2104908800A48C0790949897940EAC2
:10525000012000B20B494880012240F2255102484A
:1052600000F03FF910BD000000380140950000201B
:10527000D8010020960000205C0000205001002092
:105280005E0000206000002010B540F22551334838
:1052900000F0FDF800285FD0304800F0B3F9C4B248
:1052A0002F480078032823DA2D48007838B9AA2C33
:1052B0004CD12C48047001202949087046E0284848
:1052C000007801280BD1552C05D1264844700220C6
:1052D000234908703AE000202149087036E021484F
:1052E000847003201E490870601E1F4908702DE05D
:1052F0001C488078401E1A49097888420EDD1948FA
:1053000017490978445416480078401C144908701D
:105310001548007820441449087017E0002010490F
:10532000087011480078844210D101200F4908709C
:105330000C48C078302809D10A480079552805D191
:1053400002200B49087001200A490870012240F22E
:105350002551024800F0C5F810BD0000004400408F
:1053600098000020280200209900002097000020CB
:105370005C0000205400002010B540F22551304858
:1053800000F085F800285AD02D4800F03BF9C4B24F
:105390002C48007858B90F2C4BD12B482949097853
:1053A000445428480078401C2649087041E02548AC
:1053B0000078182834DB94BB012024490870244865
:1053C0000078032827D02048C07880111E49097929
:1053D00040EA81001C49497940EA8120C0F30A0073
:1053E0001C4908801848807A40111749C97A40EA58
:1053F000C100184948800846008840F2DC518842C4
:1054000009DD14484088884205DD032010490870F2
:1054100001201149087000200A49087009E0FFE7DF
:10542000094808490978445406480078401C054951
:105430000870012240F22551014800F052F810BDD9
:1054400000480040A1000020DA030020A000002056
:105450005C000020A20000205400002021B18289BD
:1054600042F40052828104E082894DF6FF731A40B3
:105470008281704702460020B1F5007F00D100BF55
:1054800013880B400BB1012000E00020704770B57D
:105490000246002400230025002040F66A16B1428F
:1054A00000D100BFC1F3421501F01F03012606FA27
:1054B00003F3012D02D19689334006E0022D02D17B
:1054C000168A334001E0968A33400C12012606FA10
:1054D00004F41688344013B10CB1012000E0002020
:1054E00070BDF0B50346002400260025002040F6DC
:1054F0006A17B94200D100BF1846C1F3421401F047
:105500001F06012707FA06F5012C01D10C3004E033
:10551000022C01D1103000E014301AB107682F437B
:10552000076002E00768AF430760F0BD2DE9F04770
:1055300086B005460E460024A24600BFA1460027BD
:10554000B08900B100BF2F462C8A4CF6FF70044092
:10555000F08804432C82AC894EF6F3100440B088E6
:1055600031890843718908430443AC81AC8A4FF602
:10557000FF400440B0890443AC8201A8FEF736F92D
:105580001F48874202D1DDF810A001E0DDF80CA031
:10559000A88900F4004040B10AEBCA0000EB0A10F1
:1055A00031684900B0FBF1F807E00AEBCA0000EBF4
:1055B0000A1031688900B0FBF1F86420B8FBF0F004
:1055C00004012009642101FB1089A88900F400402E
:1055D00040B1322000EBC900B0FBF1F000F0070051
:1055E000044308E0322000EB09106421B0FBF1F025
:1055F00000F00F0004432C8106B0BDE8F0870000E6
:105600000038014001468888C0F308007047C1F3A4
:1056100008028280704700BFFEE700000FB4054B10
:1056200010B503A9044A029800F09CFB10BC5DF879
:1056300014FB00003D61000830010020490050EAE1
:10564000C12018BF04204A0D18BF40F0010040F2ED
:10565000FF72B2EB515F08BF40F00200012808BFA3
:10566000052070472DE9F74F144694B00021C4E996
:1056700002111599079121F00045C9498D4206DCB8
:105680001599C4E9000117B00020BDE8F08FC549A5
:10569000DFF814A3A9423CDD0799C44E0029C44F8A
:1056A000C44A1599534619DDFAF725FF554506D02A
:1056B000C14AC24BFAF71FFFC4E900010AE04FF0EC
:1056C000D352BE4BFAF717FF32463B46FAF713FFA9
:1056D000C4E9000117B00120BDE8F08FFAF76AFEB7
:1056E000554506D0B44AB54BFAF764FEC4E900014B
:1056F0000AE04FF0D352B14BFAF75CFE32463B461C
:10570000FAF758FEC4E9000117B04FF0FF30BDE8CA
:10571000F08FAB49A942159978DB21F0004183460F
:105720008846A84AA84BFAF7ECFE0022A74BFAF7E6
:1057300041FEFBF71BF80990FAF7CDFF06460F462E
:105740009C4A5346FAF7DDFE43465A46FAF7D6FE20
:1057500080468A46984A994B30463946FAF7D1FE38
:105760002A0D01250B9242465346FAF7C7FE032D38
:10577000C4E9000139D00B98C1F30A51401A05EB76
:1057800045111139814230DA9148C346784400EB23
:105790000510CDF80CA00C90D0E900233046394616
:1057A000FAF7AFFE02460B4604910690584603995D
:1057B000FAF7A1FE80468A4602460B4658460399F0
:1057C000FAF799FE049B069AFAF795FE83460C9821
:1057D00003913946D0E902233046FAF792FE5A4641
:1057E000039BFAF788FE6D1CBDE707980028A2BF4F
:1057F000099817B0BDE8F08F616881F000416160E1
:10580000099817B04042BDE8F08FFFE7844615982D
:10581000C1F31301C0F30A50A0F2F5304FEA60184B
:1058200000F01F06C6F1200013900020069007909C
:1058300041F4801E05206D4676B1664A08EB0001F2
:105840007A4452F8213002EB8101B3404A6813993F
:1058500022FA01F1194305E05F4908EB000279449F
:1058600051F82210A1FB0E27A1FB0C131A449A42F7
:1058700034BF0123002303EB070A05EB8003D3E9C0
:1058800001B70F448F4234BF0121002193448B4460
:1058900011B1934502D903E0934501D2012100E003
:1058A0000021C3E901B7514445F82010011EA0F1C1
:1058B0000100C1DC0298059F00F10050800F12909A
:1058C0000298DDE903568000FAF705FF8346284673
:1058D0000D91FAF711FF6FF01D02FBF79EF8CDE96D
:1058E0000E013046FAF708FF6FF03D02FBF795F81E
:1058F00080468A463846FAF7FFFE6FF05D02FBF7F6
:105900008CF80746424653461191FAF753FDDDE9FC
:105910000E23FAF74FFD5A460D9BFAF74BFD002573
:105920000E465A4628460D9BFAF7E5FDDDE90E23A3
:10593000FAF7E1FD42465346FAF7DDFD3A46119B80
:10594000FAF7DCFDDFF898A0244A5346FAF7D9FDB0
:1059500007468846234A244B31462846FAF7D1FDAC
:105960003A464346FAF726FD074688464FF0A842D6
:10597000534631462846FAF7C4FD3A464346FAF7FD
:1059800019FD159A12F0004F04D0129A81F00041CF
:1059900052421292C4E90001129817B0BDE8F08F8C
:1059A000FB21E93F7CD90240FB21F93F7370032EB4
:1059B0008A19A33B000040543163621A61B4D03DA0
:1059C000FB21394183C8C96D305FE43F0000E03FEF
:1059D000D03B00004C3B00002E3B0000182D4454EF
:1059E000FB21F93D3326A611460B113C2DE9F04170
:1059F0004F1E00EBC7010446D1E9000115461E46C3
:105A000037F006020DD02A463346FAF77AFD7F1E9C
:105A100004EBC703D3E90023FAF7CCFC37F0060206
:105A2000F1D1022F25D0042F13D0062F18BFBDE8C7
:105A3000F0812A463346FAF764FDD4E90A23FAF7DF
:105A4000B9FC2A463346FAF75CFDD4E90823FAF795
:105A5000B1FC2A463346FAF754FDD4E90623FAF797
:105A6000A9FC2A463346FAF74CFDD4E90423FAF799
:105A7000A1FC2A463346FAF744FDD4E90223FAF79B
:105A800099FC2A463346FAF73CFDD4E90023BDE8E9
:105A9000F041FAF78FBC00002DE9F04D04468CB0C0
:105AA000904821F00047164698460D4609918742D6
:105AB00006DA20462946FAF759FE002800F0AE80A3
:105AC0008948B8421CDC09980028BCBF85F0004515
:105AD00088F00048854A864B20462946FAF70EFD95
:105AE00004460D463246434682488349FAF703FD91
:105AF00022462B46FAF75EFC002604460D46B046C9
:105B000022462B4610461946FAF7FBFC8B46824686
:105B100002460B46FAF7F5FC0246089077480B461A
:105B2000009106217844FFF761FFCDE90310744826
:105B300006217844009B089AFFF758FF52465B46BF
:105B4000FAF7DFFCCDE9051052465B4620462946B0
:105B5000FAF7D7FC07910090DDE90310DDE9053283
:105B6000FAF728FC079B009AFAF7CBFC324643462B
:105B7000FAF720FC52465B46FAF7C3FC324643462E
:105B8000FAF718FC80460E465E4A5F4B079900986C
:105B9000FAF7B7FC42463346FAF70CFC82468B46CE
:105BA00022462B46FAF706FC80464F480E46B8427E
:105BB00014985BDCFAF78FFD0746424633460591A1
:105BC000FAF7F8FBCDE90110424633461046194674
:105BD000FAF797FCDDE90132FAF705FD52465B461C
:105BE000FAF789FC22462B46FAF788FC0122FAF7DD
:105BF00014FF3A46059BFAF781FC04460D460998C6
:105C0000022101EAA070C0F10100FAF764FD0CB0B6
:105C100022462B46BDE8F04DFAF773BC1498401CA1
:105C2000384320430BD01498012812D00CB02246E0
:105C30002B46BDE8F04D00203449FAF7D4BC0CB037
:105C400025F000432246BDE8F04D00203049FAF728
:105C5000CABC20462946FFF7F1FC042808BF00F023
:105C600063F820460CB02946BDE8F08D012802BF3C
:105C700040460CB0BDE8F08D00270B463A46204662
:105C80002946FAF73BFC52465B46FAF737FC0446D6
:105C90000D464246334600201C49FAF7A4FC8346D1
:105CA0003A46884633461046FAF72BFC0022184B3A
:105CB000FAF780FB06468A4622462B46384641467E
:105CC000FAF71FFC32465346FAF774FB5A4643462E
:105CD000FAF717FC0CB03A464346BDE8F04DFAF728
:105CE00069BB00000000303E2894E53F182D445465
:105CF000FB21E93F075C143326A6813C00390000F4
:105D000022390000635555555555D53F0000F0BF69
:105D10000000F03F0122FAF780BE00221346104631
:105D20001146FAF760BC0000024A00201107FAF79A
:105D300074BE000001FDFFFF02E008C8121F08C189
:105D4000002AFAD170477047002001E001C1121FFC
:105D5000002AFBD17047000001490860704700002D
:105D6000340100202DE9FF4F8BB09A460F460546BF
:105D7000002606E025280BD052460D9990476D1C51
:105D8000761C28780028F5D10FB03046BDE8F08F9A
:105D90000024A0460122604900E0044315F8013FB9
:105DA000203B02FA03F00842F7D128782E2817D1B9
:105DB00015F8010F44F004042A280ED06FF02F02CA
:105DC0002878A0F1300109290AD808EB880102EBF4
:105DD000410100EB01086D1CF2E757F8048B6D1CC4
:105DE000287869283ED006DC0028CDD063280BD067
:105DF000642804D136E0732810D075284BD0524661
:105E00000D999047761C85E017F8040B8DF800007B
:105E100000208DF80100E946012003E057F8049BBB
:105E20004FF0FF3061074FF0000401D40AE0641C1A
:105E300044450DDA8442FADB19F804100029F6D142
:105E400006E0641C8442FCDB19F804100029F8D138
:105E5000264404E019F8010B52460D999047641E40
:105E6000F8D257E001CF4FF00A0B002802DA404287
:105E70002D2102E0210504D52B218DF824100121CC
:105E800003E0E10705D02021F7E70DF12009089193
:105E90000CE00021F9E701CF4FF00A0BF9E7594672
:105EA000FAF7E0FC01F1300209F8012D0028F6D1E3
:105EB000ADEB090000F1200B600701D44FF00108A1
:105EC000D84502DDA8EB0B0000E00020804600244E
:105ED00006E009A85246005D0D999047641C761CA7
:105EE00008988442F5DB04E0302052460D99904733
:105EF000761CB8F10001A8F10108F5DC05E019F8FD
:105F0000010B52460D999047761CBBF10001ABF195
:105F1000010BF4DC6D1C34E7092801002DE9F84F72
:105F200004460D4621F0004000917349814211DC86
:105F30007249884201DC06D12CB120462946BDE8D1
:105F4000F84FFFF7E7BE6E48002DCCBF6D496E4994
:105F5000BDE8F88F6D49814211DD6D498142D8BF9E
:105F60004FF0FF366DDD20462946FFF767FB04281A
:105F700008BFFFF7D9FE20462946BDE8F88F6549DE
:105F8000654F25F00045814233DD6449814219DDCA
:105F9000002632464FF0804320462946FAF70AFA97
:105FA00080468A46012220462946FAF736FD00221D
:105FB0003B46FAF7A0FA42465346FAF714FB04466A
:105FC0000D463EE001260022BA463B4620462946C1
:105FD000FAF7F0F980460F4600225346204629463C
:105FE000FAF789FA42463B46FAF7FDFA04460D46AF
:105FF00027E04B4981421BDDDFF828A10226002261
:10600000534620462946FAF77CFA00223B46FAF727
:10601000D1F980460F460022534620462946FAF71A
:106020006AFA42463B46FAF7DEFA04460D4608E0B5
:10603000032622462B4600203B49FAF7D4FA0446B1
:106040000D4622462B4610461946FAF75AFA8B4659
:10605000824602460B46FAF754FA07460246334890
:1060600088460B4606217844FFF7C0FC52465B4643
:10607000FAF747FA82462E488B463A4643460521B0
:106080007844FFF7B3FC3A464346FAF73AFA024639
:106090000B46002E504659460CDAFAF78BF9224689
:1060A0002B46FAF72EFA01B022462B46BDE8F04FF8
:1060B000FAF724BAFAF77EF922462B46FAF721FAC4
:1060C0001C4A7A4402EBC603D3E90023FAF713FA19
:1060D00022462B46FAF70FFA174A7A4402EBC60318
:1060E000D3E90023FAF70AFA009A002AB8BF81F030
:1060F0000041BDE8F88F0000000010440000F07F70
:10610000182D4454FB21F93FFB21F9BF0000DC3F6F
:106110000000203E0000F33F0000F03F0000E63F9B
:10612000008003400000F83F0000F0BFC6320000CE
:106130008432000022320000EA31000070B50446CB
:106140000D46E1B20548FFF762FA00BF402103485F
:10615000FFF790F90028F9D0204670BD00380140C3
:106160001CB54FF4A060FDF751FAFBF7BFFFFBF73A
:106170007FF9FAF783FF0220FBF79AF80120FBF77B
:1061800097F8FBF7C9F8FBF7ABF8FCF733FBFAF726
:10619000AFFD4FF4E130FCF757F94FF46130FCF7F5
:1061A0005FFA4FF4E130FCF709FAFBF74FFFFBF71A
:1061B00007FDFAF7BDFFFBF723F8FBF775FD3F225C
:1061C00011461046FBF7E4FDFBF73CFC00201A49A2
:1061D00008238022CDE900100146FBF7CDFA4FF4E9
:1061E00000511648FCF7E3FD6420FAF76FFF4FF407
:1061F00000511248FCF7D9FD40F26C70FAF766FFC7
:10620000FBF7DAF90020FBF71DFA0120FBF729FA6A
:10621000C820FBF72EFA0220FBF71CFA08480121E0
:1062200000238022CDE9001006A1094801F030FFCB
:1062300001F050FA00BFFEE7588600080010014048
:106240000000002053746172745F5461736B00002E
:10625000094000082DE9F04105460E461C48076834
:106260001C480068001D00F069FE50B9194800681C
:1062700090F82C100120884017490968814316487E
:106280000160681C38B936B112480168091D13480D
:1062900000F092FE1AE07C190E4800684460BC428F
:1062A00007D20C480168091D0D48006800F06AFE1D
:1062B0000CE008480168091D0A48006800F062FE09
:1062C00009480068844201D207480460BDE8F081B3
:1062D000BC000020A8000020C00000201C070020F7
:1062E000B0000020AC000020D800002010B504460B
:1062F00000F06EFE23480068401C224908602248D6
:10630000006840B9204804600846006801280DD1A3
:1063100000F0E6F90AE01D48006838B91A4800683C
:10632000C06AE16A884201D81748046018480068CA
:10633000401C1749086094F82C100120884015492A
:106340000968084313490860E16A01EB8101124AB8
:1063500002EB8100211D00F02FFE00F07BFE0B48B8
:10636000006868B108480068C06AE16A884207D2DC
:106370004FF0805009490860BFF34F8FBFF36F8F14
:1063800010BD0000B8000020A8000020C4000020BC
:10639000D4000020C00000204C04002004ED00E0E8
:1063A00010B500F015FE10480068D0B90F4800F095
:1063B000D9FD0F4800F0D6FD0C480E4908600C4886
:1063C0000D49086000221021052001F025FB064937
:1063D00008600846006820B108A10348006800F082
:1063E00027FF00F037FE10BDEC0000203007002032
:1063F00044070020E4000020E8000020546D7251A2
:106400000000000070B523E001F03EFA1348006878
:1064100008B9012000E00020054601F0FBFFBDB9EE
:1064200000F0D6FD0D48C068C468201D00F086FD50
:106430000B480068401E0A4908600A480068401E70
:106440000849086000F006FE204600F060F800BF32
:10645000044800680028D7D170BD0000080700205C
:10646000B8000020B400002070B504460D46206C32
:1064700070B1216CE0680844E0606168E0688842BF
:1064800001D32068E0602846226CE168F9F7B8FE85
:1064900070BD2DE9F04104460F4615464FF0000847
:1064A000A66B206C40B9206860BB606801F0E8FE14
:1064B00080460020606025E07DB93946226CA068E6
:1064C000F9F79EFE216CA0680844A060D4E9011091
:1064D000884217D32068A06014E03946226CE06837
:1064E000F9F78EFE216CE068401AE0602168E068F0
:1064F000884203D2216C6068401AE060022D01D10D
:1065000006B1761E701CA0634046BDE8F08110B550
:106510000446206B00F0D4FD204600F0D1FD10BDF4
:106520000146084A126812680AB9012200E00022F6
:106530000A600A6822B9034A1268D268106800E04B
:1065400000207047E400002030B54FF4A043174806
:1065500000F007042CB1C01D20F00700134C041BF1
:106560001B1B0246124C22600024114D6C60D01897
:10657000083820F007000F4C206000240D4D2D68D6
:106580006C600C4D2D682C601146441A4C60094C0F
:1065900024680C60084D4C682C60084D4C682C60D9
:1065A0004FF00044064D2C6030BD0000580700201D
:1065B000F800002000010020080100200401002054
:1065C0000C01002000BFFFF71DFF064800680128EE
:1065D000F9D94FF0805004490860BFF34F8FBFF3E3
:1065E0006F8FF0E74C04002004ED00E02DE9F0414E
:1065F00006460D4617469846069C0DB9246000E0F5
:106600002760E66325640121204601F027FB002076
:10661000A064BDE8F08100002DE9FF5F81460F46D0
:106620009246DDE90E6B109CAAF10100216B01EB93
:10663000800828F0070808F0070008B9012000E0EA
:10664000002028B940F22B321BA121A0FEF7E6FF63
:10665000002507E0795D04F134004155785D00B90B
:1066600002E06D1C102DF5D300BF00214320015521
:10667000202E00D31F26E66266640020A064201D41
:1066800000F07DFC04F1180000F079FC2461C6F1F3
:106690002000A06164620020E06484F85000494654
:1066A0004046039A00F006FC2060BBF1000F01D0C9
:1066B000CBF80040BDE8FF9F2E2E5C467265655208
:1066C000544F535C7372635C7461736B732E63001D
:1066D0004572726F723A25732C25640D0A00000012
:1066E00010B5002407E004EB84010F4A02EB81009F
:1066F00000F038FC641C202CF5D30C4800F032FC70
:106700000B4800F02FFC0B4800F02CFC0A4800F06E
:1067100029FC0A4800F026FC04480949086004489E
:106720000849086010BD00004C040020CC06002081
:10673000E0060020F4060020080700201C070020C7
:10674000AC000020B000002010B50146164800E063
:10675000006803688B42FBD30246436813448B42B4
:1067600004D143684C682344436001460A464B68A1
:1067700013440468A34211D10C4C03682468A3425B
:1067800008D04B680468646823444B6003681B6846
:106790000B6005E0054B1B680B6001E003680B60B4
:1067A000884200D0016010BDF800002000010020E8
:1067B0002DE9F04104460D4616461F464FF00008ED
:1067C00065602461B5420CD8F01BA169884202D3F0
:1067D0004FF0010811E0211D0948006800F0D2FBCC
:1067E0000BE0BE4204D2BD4202D34FF0010804E0E8
:1067F000211D0448006800F0C5FB4046BDE8F0815B
:10680000E8000020E400002070B5054600F0E0FB41
:10681000A86B08B9012400E0002400F01BFC20460E
:1068200070BD70B5054600F0D3FBA86BE96B8842DC
:1068300001D1012400E0002400F00CFC204670BDD2
:106840002DE9F3410D460098846C00272CB940F6E1
:10685000CE121AA11FA0FEF7E1FEA06BE16B8842E9
:1068600001D2012000E0002028B940F6CF1213A188
:1068700018A0FEF7D3FEA06BE16B88421BD294F9FF
:1068800045602A4669462046FFF703FE0746701C0E
:1068900060B9606A08B9012000E0002050B904F135
:1068A000240001F05BFD28B1012703E0701C40B219
:1068B00084F8450000BF3846BDE8FC812E2E5C46BA
:1068C00072656552544F535C7372635C7175657584
:1068D000652E63004572726F723A25732C25640D24
:1068E0000A000000F8B505460F4613480068C06866
:1068F000C468201D00F022FBE069012818D1A069BE
:1069000041192B463A462046FFF752FF80B100203E
:1069100003462A4601460090204601F049FE0646FD
:106920002EB94FF4027205A10BA0FEF777FE00BF4F
:106930002046616A8847F8BDE40000202E2E5C46A0
:1069400072656552544F535C7372635C74696D6514
:1069500072732E63000000004572726F723A2573E5
:106960002C25640D0A000000F0B587B070E0039894
:1069700000280CDA04AE2EB940F2E7223AA141A079
:10698000FEF74CFED6E90020B168904700BF03989F
:1069900000285DDB059C606908B9012000E000204B
:1069A00010B9201D00F0CAFA02A800F0C9F8054687
:1069B00003980A284AD2DFE800F00905072C2E4583
:1069C00006082D2F00BF00BF00BF00BF0498A269BA
:1069D000811803462A462046FFF7EAFEC0B120464A
:1069E000616A8847E069012812D10020009004986C
:1069F000A169421800231946204601F0D9FD074637
:106A00002FB940F2213218A11EA0FEF707FE00BFE9
:106A10001DE000BF1BE000BF0498A061A06908B1A1
:106A2000012000E0002028B94FF44E720EA115A0FD
:106A3000FEF7F4FDA06941192B462A462046FFF7D0
:106A4000B7FE04E0204600F03BFB00E000BF00BFC3
:106A500000231A4603A90F48006801F019F800281E
:106A600085D107B0F0BD00002E2E5C4672656552E0
:106A7000544F535C7372635C74696D6572732E63FB
:106A8000000000004572726F723A25732C25640D68
:106A90000A000000EC000020F8B505460C4600F0A6
:106AA000F3FE684600F04CF80646009820BB44B957
:106AB000B54206D801F0AEFC31462846FFF712FF7A
:106AC0001CE03CB10E480068006808B9012000E0F5
:106AD00000200446A91B22460A48006800F0BEFBBD
:106AE00001F098FC50B94FF0805007490860BFF39F
:106AF0004F8FBFF36F8F01E001F08CFCF8BD0000F9
:106B0000E8000020EC00002004ED00E00A490968DC
:106B1000096809B9012100E0002121B14FF0FF31DE
:106B2000064A116006E004490968C968C868034A52
:106B30004168116070470000AC000020D8000020C0
:106B400070B5044601F0E4FA05460748006885423E
:106B500004D200F00BF80120206001E0002020604A
:106B600001480560284670BDF40000202DE9F84377
:106B70002DE021480068C06805681F480068C068AB
:106B8000C468201D00F0DAF92046616A8847E06990
:106B900001281CD1A0694619AE4207D9666024615C
:106BA000211D1548006800F0EDF910E000200346B3
:106BB0002A4601460090204601F0FAFC07462FB90C
:106BC00040F292320DA114A0FEF728FD00BF0A4842
:106BD0000068006808B9012000E000200028C8D043
:106BE0000548D0F8008010480068034908600E4846
:106BF000C0F80080BDE8F883E40000202E2E5C463B
:106C000072656552544F535C7372635C74696D6551
:106C100072732E63000000004572726F723A257322
:106C20002C25640D0A000000E80000200B480068D5
:106C3000401C08B9012000E0002020B9F42208A17E
:106C400011A0FEF7EBFC00BF502080F31188BFF3CA
:106C50004F8FBFF36F8F00BF00BFFEE71001002012
:106C60002E2E5C4672656552544F535C706F727481
:106C70005C525644535C41524D5F434D335C706FE0
:106C800072742E63000000004572726F723A2573B1
:106C90002C25640D0A00000008B500BF6846FFF708
:106CA0003FFC044620460099FFF7F6FEFFF75CFE26
:106CB000F4E770B5044600F08BF994F945501AE0FA
:106CC000A06C38B100212046FFF7BAFD88B100F072
:106CD0001FFC0EE0606A08B9012000E0002038B90E
:106CE00004F1240001F03AFB18B100F011FC00E0BF
:106CF00003E0681E45B2002DE2DC00BFFF2084F8EF
:106D0000450000F0A7F900F063F994F9445010E051
:106D1000206908B9012000E0002048B904F1100002
:106D200001F01CFB08B100F0F3FB681E45B200E067
:106D300001E0002DECDC00BFFF2084F8440000F0EF
:106D400089F970BD2DE9F04104464FF0000800F0CC
:106D50009BFD3E48006808B9FFF7F6FB3C48006819
:106D6000204000285FD1A4B1083404F0070080B1AE
:106D700004F00700C0F10800044404F0070008B95B
:106D8000012000E0002020B9BF2232A13AA0FEF786
:106D900045FC002C47D03C480068844243D83B4E19
:106DA0003046056801E02E462D686868A04202D290
:106DB00028680028F7D125480068854233D030681C
:106DC00000F10808286830606868001B102813D993
:106DD0002F1907F0070008B9012000E0002020B9B2
:106DE000EC221CA124A0FEF719FC6868001B786047
:106DF0006C603846FFF7A8FC234968680968081AE0
:106E0000214908600846006821490968884203D280
:106E10001D4800681E4908600D49686809680843F4
:106E200068600020286001F0F5FA08F0070008B952
:106E3000012000E0002028B94FF4967205A10EA0B1
:106E4000FEF7ECFB4046BDE8F081000000010020A9
:106E50000C0100202E2E5C4672656552544F535C27
:106E6000706F72745C4D656D4D616E675C686561D5
:106E7000705F342E630000004572726F723A2573A2
:106E80002C25640D0A00000004010020F8000020F9
:106E9000080100200648006830B10549096801F181
:106EA0004800896C491C0160014800687047000077
:106EB000A8000020001F4FF080730360001F21F026
:106EC00001030360001F034B036014380260203885
:106ED000704700002D6C000810B5164B21F00042E1
:106EE000012486B09A4203DC0022134600941CE081
:106EF000114B9A4208D140B94FF00100FEF72CFF28
:106F0000FEF70BFF06B010BD03DBFEF703FF06B074
:106F100010BD02AAFEF7A6FB00F00100A4EB4000A2
:106F20000DF1080C00909CE80F00FEF7B5FD06B0CF
:106F300010BD0000FB21E93F0000F07F01460A6917
:106F4000D1E901309860D1E9010358605068884266
:106F500001D188685060002008611068401E1060F0
:106F60001068704700F1080141604FF0FF31816007
:106F700000F10801C160016100210160704700213A
:106F80000161704710B502460B685C1C0CB91069B2
:106F900007E002F1080000E04068446824689C4271
:106FA000FAD944684C604C68A160886041600A610D
:106FB0001468641C146010BD42684A6093688B605A
:106FC000936859609160086103685B1C03607047B7
:106FD00010B500BF502080F31188BFF34F8FBFF36F
:106FE0006F8F00BF0B480068401C0A4908600846C4
:106FF000006801280DD108480068C0B208B9012016
:1070000000E0002028B94FF4BD7204A10DA0FEF7E6
:1070100005FB10BD1001002004ED00E02E2E5C46A3
:1070200072656552544F535C706F72745C52564473
:10703000535C41524D5F434D335C706F72742E63ED
:10704000000000004572726F723A25732C25640DA2
:107050000A00000010B50B48006828B940F2811200
:1070600009A113A0FEF7DAFA06480068401E054998
:1070700008600846006820B9002080F3118800BF2E
:1070800000BF10BD100100202E2E5C4672656552B7
:10709000544F535C706F72745C525644535C41524F
:1070A0004D5F434D335C706F72742E6300000000BF
:1070B0004572726F723A25732C25640D0A00000028
:1070C00070B506463546002E35D0083D2C461A4987
:1070D00060680968084008B1012000E0002028B974
:1070E0004FF4A07215A11EA0FEF798FA206808B907
:1070F000012000E0002028B940F241120FA118A0A1
:10710000FEF78CFA0C4960680968084098B120685D
:1071100088B90949606809688843606000F0B4FB79
:107120001349606809680844114908602046FFF760
:107130000BFB01F06FF970BD0C0100202E2E5C4698
:1071400072656552544F535C706F72745C4D656D1F
:107150004D616E675C686561705F342E630000008E
:107160004572726F723A25732C25640D0A00000077
:1071700004010020064800684FF47A71B0FBF1F07A
:10718000401E4FF0E0214861072008617047000071
:107190001C00002070B5F9F71DF80546102D11D31D
:1071A00005F1E02090F8F04310480078844201DBBC
:1071B000012000E0002028B94FF42A720CA116A08B
:1071C000FEF72CFA1848006800F4E06017490968D7
:1071D000884201D8012000E0002028B94FF42E7227
:1071E00003A10DA0FEF71AFA70BD000014010020E3
:1071F0002E2E5C4672656552544F535C706F7274EC
:107200005C525644535C41524D5F434D335C706F4A
:1072100072742E63000000004572726F723A25731B
:107220002C25640D0A0000000CED00E01801002080
:10723000024600200BE0084B53F8303033B9064BC0
:1072400043F8301003EBC0035A6002E0401C0828EA
:10725000F1D300BF704700000C0400202DE9F0417D
:1072600005460E4617462C46FFF7B2FE94F9440039
:10727000401C10B9002084F8440094F94500401CDB
:1072800010B9002084F84500FFF7E4FEA06B28B990
:107290003A46314604F1240000F06CF92046FFF72D
:1072A00008FDBDE8F081000070B504460025ACB1D2
:1072B0000F48006808B9012000E0002028B940F21A
:1072C000CF420CA111A0FEF7A9F900F0DDFA0021D0
:1072D0002046FEF7BFFF01F09DF805463DB94FF08F
:1072E00080500E490860BFF34F8FBFF36F8F70BDA2
:1072F000E00000202E2E5C4672656552544F535CB0
:107300007372635C7461736B732E63004572726F8A
:10731000723A25732C25640D0A00000004ED00E08C
:107320002DE9F04704460F464FF000092CB940F212
:10733000794226A12BA0FEF771F90FB1012000E0E0
:10734000002028B940F27A4220A126A0FEF766F973
:107350002848006808B9012000E0002028B940F260
:107360007B421AA11FA0FEF759F900F08DFA2248BE
:1073700006682068C5192068B04207D92068A8426D
:107380000BD9B54209D94FF0010906E02068A8429F
:1073900001D8B54201D94FF001092560B9F1000FBC
:1073A00003D0A81B0021FEF755FF01F033F88046FB
:1073B000B8F1000F07D14FF0805010490860BFF3BB
:1073C0004F8FBFF36F8FBDE8F08700002E2E5C4615
:1073D00072656552544F535C7372635C7461736B76
:1073E000732E63004572726F723A25732C25640DFB
:1073F0000A000000E0000020BC00002004ED00E0D6
:1074000070B50546FFF7E4FD15B92D48006800E0AA
:1074100028460446201DFFF791FD78B9E06A00EB8D
:107420008000284951F8200040B994F82C10012020
:10743000884025490968814323480160A06A18B142
:1074400004F11800FFF77AFD20480068401C1F492E
:1074500008601B480068844209D1211D1C48FFF7C1
:10746000ABFD1C480068401C1A49086009E01A4836
:107470000068401E184908602046FFF748F8FFF7EB
:1074800045FBFFF7E7FD15480068C0B10C480068F0
:10749000844214D11248006808B9012000E000209D
:1074A00028B940F265420FA114A0FEF7B7F84FF0DB
:1074B000805016490860BFF34F8FBFF36F8F70BDC8
:1074C000A80000204C040020C0000020D4000020B0
:1074D00008070020B4000020B8000020C4000020ED
:1074E000E00000202E2E5C4672656552544F535CBE
:1074F0007372635C7461736B732E63004572726F99
:10750000723A25732C25640D0A00000004ED00E09A
:107510000120014908607047CC00002070B5044686
:107520000D462CB940F6063207A10DA0FEF776F8FD
:107530000F48016818312046FFF724FD0121284635
:10754000FEF788FE70BD00002E2E5C467265655207
:10755000544F535C7372635C7461736B732E63007E
:107560004572726F723A25732C25640D0A00000073
:10757000A800002070B505460E4614462DB940F609
:10758000313209A10EA0FEF749F8114801681831FF
:107590002846FFF711FD0CB14FF0FF36214630466B
:1075A000FEF758FE70BD00002E2E5C4672656552D7
:1075B000544F535C7372635C7461736B732E63001E
:1075C0004572726F723A25732C25640D0A00000013
:1075D000A800002070B505462C46002D4BD026494A
:1075E000E06A0968C96A884245D2A06900F0004093
:1075F00028B921480068C06AC0F12000A061E16A92
:1076000001EB81011D4A02EB81016069884201D1D1
:10761000012000E0002050B3201DFFF78FFC78B957
:10762000E06A00EB8000154951F8200040B994F859
:107630002C100120884012490968814310480160DC
:107640000D480068C06AE06294F82C100120884060
:107650000B49096808430A490860E16A01EB8101A6
:10766000064A02EB8100211DFFF7A6FC03E0024859
:107670000068C06AE06270BDA80000204C040020D1
:10768000C000002010B504462CB940F6C13205A157
:107690000AA0FDF7C3FF0D48006820600C48006891
:1076A000606010BD2E2E5C4672656552544F535C6F
:1076B0007372635C7461736B732E63004572726FD7
:1076C000723A25732C25640D0A000000D0000020BA
:1076D000BC0000201CB51A4800210B468022CDE9D1
:1076E000001018A1194800F0D3FC0446012C02D167
:1076F00000F022FF0446012C15D100BF502080F37A
:107700001188BFF34F8FBFF36F8F00BF4FF0FF3073
:107710000F49086001200F49086000200E490860E9
:1077200000F010F90BE0601C08B1012000E000201F
:1077300028B940F2847209A10EA0FDF76FFF1CBDAD
:10774000DC00002049444C4500000000C5650008ED
:10775000D8000020C4000020BC0000202E2E5C4673
:1077600072656552544F535C7372635C7461736BE2
:10777000732E63004572726F723A25732C25640D67
:107780000A00000070B50546FFF722FC15B92C4829
:10779000006800E028460446201DFFF7CFFB78B9BB
:1077A000E06A00EB8000274951F8200040B994F8C6
:1077B0002C10012088402449096881432248016037
:1077C000A06A18B104F11800FFF7B8FB211D1F488B
:1077D000FFF7F2FBFFF73EFC1D48006828B1FFF7FA
:1077E000F7FBFFF793F9FFF735FC15480068844273
:1077F00024D117480068A8B11648006808B90120CC
:1078000000E0002028B940F2576213A118A0FDF74C
:1078100005FF4FF080501A490860BFF34F8FBFF348
:107820006F8F0BE00948006816490968884203D148
:1078300000200349086001E000F02EF870BD000050
:10784000A80000204C040020C00000201C070020DD
:10785000C4000020E00000202E2E5C4672656552B8
:10786000544F535C7372635C7461736B732E63006B
:107870004572726F723A25732C25640D0A00000060
:1078800004ED00E0B800002002480068401C0149F7
:1078900008607047E000002010B51B48006818B170
:1078A00001201A4908602DE0002018490860184896
:1078B0000068B0FA80F0C0F11F0404EB84001549A1
:1078C00051F8200008B1012000E0002028B940F65E
:1078D000F62211A116A0FDF7A1FE04EB84010D4ACA
:1078E00002EB810041684968416000F1080142688B
:1078F0008A4202D14168496841604168C968104ABA
:10790000116000BF10BD0000E0000020CC0000208E
:10791000C00000204C0400202E2E5C46726565528B
:10792000544F535C7372635C7461736B732E6300AA
:107930004572726F723A25732C25640D0A0000009F
:10794000A80000201CB52248014609780191FF21BA
:10795000024611700146097800919DF8001001F06F
:1079600050011C4A117007211B4A116009E01A4995
:107970000968491E184A11609DF800104906090E51
:1079800000919DF8001001F080018029EFD012498C
:1079900009680902104A11601146098801F4E06182
:1079A00011600B4A019911700C48006840F4700096
:1079B0000A4908600846006840F070400860FFF718
:1079C000D9FB002006490860F8F7CEFB00201CBD5B
:1079D00000E400E0140100201801002020ED00E088
:1079E0001001002010B500BF502080F31188BFF3B4
:1079F0004F8FBFF36F8F00BF00F090FB18B14FF0B7
:107A000080500449086000BF002080F3118800BF47
:107A100010BD000004ED00E02DE9F84305460E46D8
:107A200090460DB1012000E0002028B94FF4C47247
:107A30000DA113A0FDF7F2FD0EB9002701E005FB33
:107A400006F707F14C00FFF77DF9044644B104F155
:107A50004C0943464A46314628460094FEF7C6FD87
:107A60002046BDE8F88300002E2E5C467265655204
:107A7000544F535C7372635C71756575652E63005A
:107A80004572726F723A25732C25640D0A0000004E
:107A90002DE9FF4782B005460E461F464FF0000A0B
:107AA0002C462CB940F2DC4261A167A0FDF7B6FD7F
:107AB0000EB9206C08B9012000E0002028B940F27E
:107AC000DD425BA160A0FDF7A9FD00F011FB08B944
:107AD000049808B9012000E0002028B94FF49C6206
:107AE00053A159A0FDF79AFD00BFFFF771FAD4F832
:107AF0003890B9F1000F3DD0D4F80C8031462046C3
:107B0000FEF7B2FCDFB9A9F10100A063206810B94B
:107B1000FFF7C0F96060206908B9012000E000208B
:107B200010BB04F1100000F019FCE8B14FF08050D8
:107B300049490860BFF34F8FBFF36F8F14E0C4F85B
:107B40000C80606A08B9012000E0002060B904F1EF
:107B5000240000F003FC38B14FF080503E4908602B
:107B6000BFF34F8FBFF36F8FFFF774FA012006B09A
:107B7000BDE8F087049818B9FFF76CFA0020F6E723
:107B8000BAF1000F04D16846FFF77CFD4FF0010AFF
:107B9000FFF760FAFFF778FEFFF71AFA94F944004E
:107BA000401C10B9002084F8440094F94500401CA2
:107BB00010B9002084F84500FFF74CFA04A9684684
:107BC00000F014FA40BB2046FEF71EFEF0B120681C
:107BD00030B9FFF7FDF96068FFF7FCFCFFF73AFAF0
:107BE00004F124000499FFF799FC2046FFF761F89F
:107BF00000F010FC00287FF478AF4FF08050164959
:107C00000860BFF34F8FBFF36F8F6EE72046FFF71B
:107C100050F800F0FFFB68E72046FFF74AF800F055
:107C2000F9FB2046FEF7F0FD0028EED000209EE78D
:107C30002E2E5C4672656552544F535C7372635CC2
:107C400071756575652E63004572726F723A2573A2
:107C50002C25640D0A00000004ED00E070B5054617
:107C60000E462C462CB940F21B121EA123A0FDF794
:107C7000D5FCFFF7ADF9D4E90F12206801FB020033
:107C800060600020A0632068A060E06B401E226C52
:107C9000216800FB0210E060FF2084F8440084F8B3
:107CA00045009EB9206908B9012000E00020A8B96C
:107CB00004F1100000F052FB80B14FF080501349E6
:107CC0000860BFF34F8FBFF36F8F07E004F1100020
:107CD000FFF748F904F12400FFF744F9FFF7BAF978
:107CE000012070BD2E2E5C4672656552544F535C68
:107CF0007372635C71756575652E63004572726F92
:107D0000723A25732C25640D0A00000004ED00E092
:107D10002DE9FF4383B0064688461D464FF0000913
:107D200034462CB940F2D92260A166A0FDF776FC5A
:107D3000B8F1000F01D1206C08B9012000E000204B
:107D400028B940F2DA2259A15EA0FDF767FC022DA6
:107D500002D1E06B012801D1012000E0002028B908
:107D600040F2DB2251A157A0FDF758FC00F0C0F90A
:107D700008B9059808B9012000E0002028B940F2B0
:107D8000DE224AA14FA0FDF749FC00BFFFF720F912
:107D9000A06BE16B884201D3022D38D12A464146BF
:107DA0002046FEF776FB0746A06C68B129462046C0
:107DB000FEF746FD28B34FF0805046490860BFF3F8
:107DC0004F8FBFF36F8F1CE0606A08B9012000E09D
:107DD000002068B904F1240000F0C0FA88B14FF027
:107DE00080503C490860BFF34F8FBFF36F8F08E0AE
:107DF0003FB14FF0805037490860BFF34F8FBFF35A
:107E00006F8FFFF727F9012007B0BDE8F0830598D1
:107E100018B9FFF71FF90020F6E7B9F1000F04D1F8
:107E200001A8FFF72FFC4FF00109FFF713F9FFF747
:107E30002BFDFFF7CDF894F94400401C10B9002049
:107E400084F8440094F94500401C10B9002084F8DF
:107E50004500FFF7FFF805A901A800F0C7F8F0B941
:107E60002046FEF7DEFCA0B104F110000599FFF7F3
:107E700055FB2046FEF71DFF00F0CCFA002885D107
:107E80004FF0805013490860BFF34F8FBFF36F8FDF
:107E90007CE72046FEF70DFF00F0BCFA76E72046AF
:107EA000FEF707FF00F0B6FA0020ADE72E2E5C4685
:107EB00072656552544F535C7372635C717565757E
:107EC000652E63004572726F723A25732C25640D1E
:107ED0000A00000004ED00E02DE9F05F80468A46CC
:107EE00015461E4644462CB940F29F3235A13BA0B0
:107EF000FDF794FBBAF1000F01D1206C08B9012005
:107F000000E0002028B94FF468722EA133A0FDF7DD
:107F100085FB022E02D1E06B012801D1012000E097
:107F2000002028B940F2A13226A12CA0FDF776FB53
:107F3000FFF730F900BF5021EFF3118081F3118872
:107F4000BFF34F8FBFF36F8F00BF0746A06BE16B8E
:107F5000884201D3022E2BD194F945B032465146C6
:107F60002046FEF796FA0BF10100C8B9A06C40B1AB
:107F700031462046FEF764FCB8B1B5B10120286057
:107F800013E0606A08B9012000E0002068B904F13C
:107F9000240000F0E3F940B13DB10120286004E085
:107FA0000BF1010040B284F845004FF0010901E0F7
:107FB0004FF0000900BF87F3118800BF4846BDE8B5
:107FC000F09F00002E2E5C4672656552544F535C44
:107FD0007372635C71756575652E63004572726FAF
:107FE000723A25732C25640D0A0000002DE9F0413A
:107FF00004460D462CB940F6CB3219A11EA0FDF760
:108000000DFB2DB940F6CC3215A11BA0FDF706FBE8
:10801000FEF7DEFF1C4807682868401C08B90026E8
:1080200019E01A4920680968884204D06068B8429B
:1080300001D801260FE06068381A2968884209D201
:1080400028686168791A401A28602046FFF71AFBF1
:10805000002600E00126FEF7FDFF3046BDE8F08176
:108060002E2E5C4672656552544F535C7372635C8E
:108070007461736B732E63004572726F723A25736D
:108080002C25640D0A000000BC000020D000002058
:108090002DE9FF4F85B0804689461746DDE912ABD2
:1080A000B800FEF74FFE064656B15420FEF74AFED2
:1080B00004460CB1266304E03046FFF701F800E007
:1080C00000247CB10020CDE900ABCDE902403A4666
:1080D00049464046089BFEF79FFA2046FEF706F900
:1080E000012501E04FF0FF35284609B0BDE8F08FCB
:1080F0000549096809B9012005E00449096809B979
:10810000022000E000207047C4000020E0000020B2
:108110000149086870470000BC0000202DE9F041CB
:108120004FF0000841480068002872D140480068BC
:10813000451C3F480560EDB93E480068006808B935
:10814000012000E0002028B940F6D9123AA140A051
:10815000FDF764FA37480768414800683549086008
:108160003F4807603F480068401C3E490860FEF7F2
:10817000CDFC00BF3C48006885423CD300BF2D4881
:108180000068006808B9012000E0002020B14FF02D
:10819000FF30354908602DE026480068C068C46893
:1081A0006668B54202D23048066023E0201DFEF723
:1081B000C5FEA06A18B104F11800FEF7BFFE94F8DE
:1081C0002C10012088402949096808432749086084
:1081D000E16A01EB8101264A02EB8100211DFEF7D5
:1081E000EBFE2449E06A0968C96A8842C7D34FF0A8
:1081F0000108C4E700BF1F480068C06A00EB8000A8
:108200001B4951F82000012801D94FF0010805E071
:10821000FFE719480068401C1749086017480068C4
:1082200008B14FF001084046BDE8F081E0000020B1
:10823000BC000020AC0000202E2E5C46726565520A
:10824000544F535C7372635C7461736B732E630081
:108250004572726F723A25732C25640D0A00000076
:10826000B0000020D0000020D8000020C000002076
:108270004C040020A8000020C8000020CC000020F2
:1082800070B505462C460026002D4BD026480068C8
:10829000844201D1012000E0002028B940F6C762E5
:1082A00022A128A0FDF7BAF9A06C28B940F6C9624E
:1082B0001EA124A0FDF7B2F9A06C401EA064616C61
:1082C000E06A88422ED0A06C60BB201DFEF736FE0F
:1082D00078B9E06A00EB80001E4951F8200040B9EF
:1082E00094F82C10012088401B49096881431A48E2
:1082F0000160606CE062E06AC0F12000A06194F867
:108300002C1001208840144909680843124908606C
:10831000E16A01EB81010F4A02EB8100211DFEF7AA
:108320004BFE0126304670BDA80000202E2E5C4674
:1083300072656552544F535C7372635C7461736B06
:10834000732E63004572726F723A25732C25640D8B
:108350000A0000004C040020C000002070B5064652
:10836000F068C4682CB940F661321AA11FA0FDF76D
:1083700055F904F11800FEF7E1FD20480068A8B99E
:10838000201DFEF7DBFD94F82C10012088401C49CD
:10839000096808431A490860E16A01EB8101194A3A
:1083A00002EB8100211DFEF707FE04E004F1180135
:1083B0001548FEF701FE1549E06A0968C96A884256
:1083C00004D9012501201249086000E00025284653
:1083D00070BD00002E2E5C4672656552544F535C92
:1083E0007372635C7461736B732E63004572726F9A
:1083F000723A25732C25640D0A000000E00000206D
:10840000C00000204C040020F4060020A80000203A
:10841000CC00002070B5002400263448006828B93C
:108420004FF4FD6232A138A0FDF7F8F8FEF7D0FD59
:108430002E480068401E2D49086008460068002844
:108440004FD13548006800284BD024E03348C0683D
:10845000C46804F11800FEF771FD201DFEF76EFDE3
:1084600094F82C10012088402D49096808432C49B4
:108470000860E16A01EB81012A4A02EB8100211DBB
:10848000FEF79AFD2849E06A0968C96A884202D362
:108490000120264908602148006808B9012000E051
:1084A00000200028D2D00CB1FEF730FB2048056830
:1084B00065B100BFFFF732FE10B101201B49086013
:1084C0006D1E002DF6D1002019490860174800687C
:1084D00038B10126300717490860BFF34F8FBFF34B
:1084E0006F8FFEF7B7FD304670BD0000E000002042
:1084F0002E2E5C4672656552544F535C7372635CFA
:108500007461736B732E63004572726F723A2573D8
:108510002C25640D0A000000B8000020F40600209D
:10852000C00000204C040020A8000020CC00002047
:10853000C800002004ED00E01CB50024FDF730FF6A
:108540000B48006858B10B481F2100234FF480727C
:10855000CDE9001008A10A48FFF79AFD04462CB99E
:1085600040F2331207A10EA0FDF758F820461CBDBB
:10857000EC000020F0000020546D72205376630060
:10858000996C00082E2E5C4672656552544F535C00
:108590007372635C74696D6572732E630000000012
:1085A0004572726F723A25732C25640D0A00000023
:1085B0002DE9FF4704460D4616461F46DDF830807C
:1085C0004FF000092CB94FF4D37217A11DA0FDF78D
:1085D00025F82048006810B3009501960294062DF6
:1085E00015DAFFF785FD022808D1002342466946C7
:1085F00018480068FFF78CFB814610E000231A46FC
:10860000694614480068FFF783FB814607E00023B2
:108610003A4669460F480068FFF75EFC81464846C7
:1086200004B0BDE8F08700002E2E5C4672656552EE
:10863000544F535C7372635C74696D6572732E631F
:10864000000000004572726F723A25732C25640D8C
:108650000A000000EC000020000000000000000004
:10866000000000000000000000000000000000000A
:1086700000000000000000000000000000000000FA
:1086800000000000000000000000000000000000EA
:1086900000000000000000000000000000000000DA
:1086A00000000000000000000000000000000000CA
:1086B00000000000000000000000000000000000BA
:1086C00000000000000000000000000000000000AA
:1086D000000000000000000000000000000000009A
:1086E000000000000000000000000000000000008A
:1086F000000000000000000000000000000000007A
:108700000000000000000000000000000000000069
:108710000000000000000000000000000000000059
:108720000000000000000000000000000000000049
:108730000000000000000000000000000000000039
:108740000000000000000000000000000000000029
:108750000000000000000000000000000000020E09
:108760001E7EFEFEFEF8E000000080E0F8FCFEFE4B
:108770007E1E0602001E1E1E1E1E1E1EFEFEFEFE8B
:10878000FE1E1E1E1E1E1E1E000000000000000019
:10879000E0FCFEFE7EFEFEFEFCE0000000000000AD
:1087A0000000000000FEFEFEFEFE1E1E1E1E1E1E1F
:1087B0003EFEFCFCFCF8E00000000000FEFEFEFEB9
:1087C000FE0000000080E0F0F8FEFE7E1E0E0602B5
:1087D0000000000000000000000000000000000099
:1087E00000000107CFFFFFFFFCFEFFFFDF070300D4
:1087F000000000000000000000000000FFFFFFFF7D
:10880000FF000000000000000000000000E0F8FF92
:10881000FFFF1F030000073FFFFFFFF8E00000001D
:108820000000000000FFFFFFFFFFF0F0F0F0F0F8A5
:10883000FCBFBF3F1F0F030000000000FFFFFFFF52
:10884000FF70F8FEFFFFFFCF87010000000000006F
:10885000000000000000000000000000000000C058
:10886000E0F8FCFFFF3F0F0700030F3FFFFFFEF89C
:10887000F0C000000000000000000000FFFFFFFF4C
:10888000FF000000000000000000C0F8FFFFFF7FB5
:108890000F0F0F0F0F0F0F0F0F0F7FFFFFFFF8C00E
:1088A0000000000000FFFFFFFFFF000000010107C4
:1088B0001F3FFFFFFEF8F0C000000000FFFFFFFFBA
:1088C000FF000001070F1F3FFFFEFCF8F0C0800013
:1088D0000000000000000000000000000002030390
:1088E0000303030300000000000000000003030373
:1088F0000303030200000000000000000303030361
:108900000300000000000000000203030303030053
:108910000000000000000000000000030303030348
:108920000200000000030303030300000000000036
:108930000000000303030303030200000303030317
:108940000300000000000000000103030303030311
:108950000200000000000000000000000000000015
:108960000000000000000000000000000000000007
:1089700000000000000000000000000000000000F7
:1089800000000000000000000000000000000000E7
:1089900000000000000000000000000000000000D7
:1089A00000000000000000000000000000000000C7
:1089B00000000000000000000000000000000000B7
:1089C00000000000000000000000000000000000A7
:1089D0000000000000000000000000000000000097
:1089E0000000000000000000000000000000000087
:1089F0000000000000000000000000000000000077
:108A00000000000000000000000000000000000066
:108A10000000000000000000000000000000000056
:108A20000000000000000000000000000000000046
:108A30000000000000000000000000000000000036
:108A40000000000000000000000000000000000026
:108A50000000000000000000FF0000FFFF0000FF1A
:108A600000FFFFFFFFFFFF0000FF00FFFFFF00FF11
:108A7000000000FF0000FF000000000000000000F8
:108A800000000000000000000000000000000000E6
:108A9000000000000000000000FF0000FF000000D8
:108AA00000000000000000000000000000000000C6
:108AB000000000F80000000000000033300000005B
:108AC00000100C06100C0600000000000000000062
:108AD00040C07840C0784000043F04043F040400D4
:108AE000007088FC08300000001820FF211E0000E4
:108AF000F008F000E018000000211C031E211E00F9
:108B000000F00888700000001E212324192721107E
:108B100010160E0000000000000000000000000021
:108B2000000000E0180402000000000718204000C8
:108B300000020418E00000000040201807000000B8
:108B4000404080F0804040000202010F010202001C
:108B5000000000F0000000000101011F0101010000
:108B6000000000000000000080B070000000000065
:108B700000000000000000000001010101010101EE
:108B80000000000000000000003030000000000085
:108B9000000000008060180400601806010000005A
:108BA00000E010080810E000000F102020100F0057
:108BB000001010F8000000000020203F20200000DE
:108BC0000070080808887000003028242221300036
:108BD00000300888884830000018202020110E003E
:108BE0000000C02010F8000000070424243F2400E7
:108BF00000F80888880808000019212020110E00BC
:108C000000E0108888180000000F112020110E00CD
:108C100000380808C83808000000003F00000000C5
:108C20000070880808887000001C222121221C0086
:108C300000E010080810E0000000312222110F00AF
:108C4000000000C0C0000000000000303000000044
:108C500000000080000000000000806000000000B4
:108C600000008040201008000001020408102000CD
:108C70004040404040404000040404040404040018
:108C800000081020408000000020100804020100AD
:108C9000007048080808F0000000003036010000AD
:108CA000C030C828E810E0000718272423140B0060
:108CB0000000C038E0000000203C230202273820DA
:108CC00008F8888888700000203F202020110E00BE
:108CD000C0300808080838000718202020100800B5
:108CE00008F808080810E000203F202020100F009E
:108CF00008F88888E8081000203F2020232018006A
:108D000008F88888E8081000203F200003000000D1
:108D1000C03008080838000007182020221E020072
:108D200008F808000008F808203F210101213F2031
:108D3000000808F8080800000020203F202000005C
:108D400000000808F8080800C08080807F0000004C
:108D500008F888C028180800203F20012638200085
:108D600008F8080000000000203F202020203000EC
:108D700008F8F800F8F80800203F003F003F200006
:108D800008F830C00008F808203F200007183F000E
:108D9000E01008080810E0000F10202020100F003D
:108DA00008F808080808F000203F21010101000030
:108DB000E01008080810E0000F18242438504F0075
:108DC00008F8888888887000203F2000030C302035
:108DD00000708808080838000038202121221C0073
:108DE000180808F8080818000000203F20000000BC
:108DF00008F808000008F808001F202020201F00A5
:108E00000878880000C83808000007380E01000004
:108E1000F80800F80008F800033C0700073C0300CE
:108E2000081868808068180820302C03032C302034
:108E30000838C800C83808000000203F20000000A3
:108E400010080808C83808002038262120201800FB
:108E5000000000FE020202000000007F40404000CF
:108E6000000C30C000000000000000010638C00007
:108E700000020202FE000000004040407F000000AF
:108E800000000402020204000000000000000000D4
:108E900000000000000000008080808080808080D2
:108EA00000020204000000000000000000000000BA
:108EB00000008080808000000019242222223F20B0
:108EC00008F8008080000000003F112020110E00F3
:108ED0000000008080800000000E11202020110082
:108EE000000000808088F800000E112020103F2034
:108EF0000000808080800000001F222222221300B8
:108F0000008080F0888888180020203F2020000002
:108F10000000808080808000006B949494936000B7
:108F200008F8008080800000203F210000203F20C2
:108F300000809898000000000020203F20200000C2
:108F4000000000809898000000C08080807F0000B2
:108F500008F8000080808000203F24022D3020008F
:108F6000000808F8000000000020203F202000003A
:108F70008080808080808000203F20003F20003F54
:108F80008080008080800000203F210000203F2062
:108F90000000808080800000001F202020201F0013
:108FA000808000808000000080FFA12020110E0042
:108FB0000000008080808000000E112020A0FF8033
:108FC000808080008080800020203F2120000100E0
:108FD0000000808080808000003324242424190035
:108FE000008080E0808000000000001F2020000042
:108FF0008080000000808000001F202020103F2083
:10900000808080000080808000010E300806010012
:1090100080800080008080800F300C030C300F00B7
:1090200000808000808080000020312E0E312000E2
:10903000808080000080808080818E701806010012
:1090400000808080808080000021302C2221300030
:1090500000000000807C020200000000003F404051
:1090600000000000FF00000000000000FF00000002
:109070000002027C800000000040403F0000000031
:1090800000060101020204040000000000000000CC
:109090000000000000000000002F0000000007009A
:1090A000070000147F147F1400242A7F2A12006214
:1090B00064081323003649552250000005030000C0
:1090C00000001C224100000041221C000014083E48
:1090D00008140008083E0808000000A0600000080E
:1090E0000808080800006060000000201008040262
:1090F000003E5149453E0000427F40000042615120
:109100004946002141454B31001814127F100027B9
:1091100045454539003C4A4949300001710905037C
:1091200000364949493600064949291E00003636AD
:109130000000000056360000000814224100001410
:1091400014141414000041221408000201510906ED
:1091500000324959513E007C1211127C007F49496E
:109160004936003E41414122007F4141221C007F9F
:1091700049494941007F09090901003E4149497AAD
:10918000007F0808087F0000417F41000020404127
:109190003F01007F08142241007F40404040007F93
:1091A000020C027F007F0408107F003E4141413ED7
:1091B000007F09090906003E4151215E007F09191F
:1091C00029460046494949310001017F0101003F1C
:1091D0004040403F001F2040201F003F4038403F9C
:1091E0000063140814630007087008070061514900
:1091F000454300007F41410000552A552A55000093
:1092000041417F0000040201020400404040404010
:10921000000001020400002054545478007F4844A8
:10922000443800384444442000384444487F0038DF
:109230005454541800087E0901020018A4A4A47C08
:10924000007F080404780000447D400000408084D2
:109250007D00007F102844000000417F4000007C1A
:1092600004180478007C0804047800384444443826
:1092700000FC242424180018242418FC007C080472
:10928000040800485454542000043F444020003C4B
:109290004040207C001C2040201C003C4030403CD2
:1092A000004428102844001CA0A0A07C0044645462
:1092B0004C44141414141414014200000000000063
:1092C00000000000000000004FBB610567ACDD3FFF
:1092D000182D4454FB21E93F9BF681D20B73EF3FDD
:1092E000182D4454FB21F93FE2652F227F2B7A3C55
:1092F000075C143326A6813CBDCBF07A8807703C0E
:10930000075C143326A6913CC4EB98999999C9BF80
:10931000711623FEC671BCBF6D9A74AFF2B0B3BFB5
:109320009AFDDE522DDEADBF2F6C6A2C44B4A2BF75
:109330000D5555555555D53FFF8300922449C23FE1
:109340006E204CC5CD45B73F513DD0A0660DB13F15
:10935000EB0D76244B7BA93F11DA22E33AAD903F27
:1093600000004054FB21F93F3163621A61B4D03DE3
:109370000000601A61B4D03D7370032E8A19A33BBC
:109380000000002E8A19A33BC14920259A837B390E
:1093900000000000000000006E83F9A22915444E71
:1093A000D15727FCC0DD34F5999562DB4190433CF1
:1093B000AB6351FE61C5BBDE3A6E24B7E0D24D42CD
:1093C000EA2E49061C92D1091CEB1DFE3EA729B1CD
:1093D000F53582E88444BB2E26709CE9417E5FB45B
:1093E00039D69139F43953838B5F849C3B28F9BD7E
:1093F000FF97F81F0F9805DE8B112FEF1F6D0A5A8C
:10940000CF7E366DB709CB27663F464F2DEA5F9E6C
:10941000C7BA27757BF1E5EBF739073DEA92528A27
:10942000B15FFB6B085D8D1F7AFE10111111C13FFA
:1094300037D60684F464963F280356C9226D6D3FE3
:109440000165F2F2D844433FA69237A0887E143FCC
:10945000735360DBCB75F3BEFE41B31BBAA1AB3FC8
:1094600093846EE9E326823F1583E0FEC8DB573F15
:1094700068108D1AF726303FE9A7F0320FB8123F77
:10948000D47ABF74702AFB3EA89400080000002024
:10949000380100006C0A0008D4940008380100204C
:1094A000205A0000485D0008011D84A24A040009FA
:1094B0001E01020304060708090737BC02840301E2
:1094C00001796C017C1AAA01C129F869FC850204A2
:0494D000060800008A
:0400000508000131BD
:00000001FF
