timestamp,steering_angle,speed
1725954623389902233,0.0,0.0
1725954623401698667,0.0,0.0
1725954623428095233,0.0,0.0
1725954623455659569,0.0,0.0
1725954623478103535,0.0,0.0
1725954623502523003,0.0,0.0
1725954623530006187,0.0,0.0
1725954623555891954,0.0,0.0
1725954623579385799,0.0,0.0
1725954623602629179,0.0,0.0
1725954623629168632,0.0,0.0
1725954623661977938,0.0,0.0
1725954623682610179,0.0,0.0
1725954623708417073,0.0,0.0
1725954623735583320,0.0,0.0
1725954623762298171,0.0,0.0
1725954623784310673,0.0,0.0
1725954623806536983,0.0,0.0
1725954623836080789,0.0,0.0
1725954623862292582,0.0,0.0
1725954623884577231,0.0,0.0
1725954623908368937,0.0,0.0
1725954623935632897,0.0,0.0
1725954623962012266,0.0,0.0
1725954623984553838,0.0,0.0
1725954624006464866,0.0,0.0
1725954624033745410,0.0,0.0
1725954624062787338,0.0,0.0
1725954624086451398,0.0,0.0
1725954624110814759,0.0,0.0
1725954624142094220,0.0,0.0
1725954624180452320,0.0,0.0
1725954624202997802,0.0,0.0
1725954624231825295,0.0,0.0
1725954624255739556,0.0,0.0
1725954624280148140,0.0,0.0
1725954624302986666,0.0,0.0
1725954624330767121,0.0,0.0
1725954624360804260,0.0,0.0
1725954624384023039,0.0,0.0
1725954624407333942,0.0,0.0
1725954624433216135,0.0,0.0
1725954624460404864,0.0,0.0
1725954624483327611,0.0,0.0
1725954624504352842,0.0,0.0
1725954624530849395,0.0,0.0
1725954624555977421,0.0,0.0
1725954624579272587,0.0,0.0
1725954624606050719,0.0,0.0
1725954624631090123,0.0,0.0
1725954624657879620,0.0,0.0
1725954624684832839,0.0,0.0
1725954624708426989,0.0,0.0
1725954624734633391,0.0,0.0
1725954624760922224,0.0,0.0
1725954624785555873,0.0,0.0
1725954624808891236,0.0,0.0
1725954624833951229,0.0,0.0
1725954624859726785,0.0,0.0
1725954624884050795,0.0,0.0
1725954624905272579,0.0,0.0
1725954624929685790,0.0,0.0
1725954624955583454,0.0,0.0
1725954624980967660,0.0,0.0
1725954625006096733,0.0,0.0
1725954625035249569,0.0,0.0
1725954625061414041,0.0,0.0
1725954625084463232,0.0,0.0
1725954625108044931,0.0,0.0
1725954625134347488,0.0,0.0
1725954625158553971,0.0,0.0
1725954625184762697,0.0,0.0
1725954625206122409,0.0,0.0
1725954625236235954,0.0,0.0
1725954625263901759,0.0,0.0
1725954625286393825,0.0,0.0
1725954625310349890,0.0,0.0
1725954625338027822,0.0,0.0
1725954625362418274,0.0,0.0
1725954625387674200,0.0,0.0
1725954625412559741,0.0,0.0
1725954625439932319,0.0,0.0
1725954625470784284,0.0,0.0
1725954625492558499,0.0,0.0
1725954625514963194,0.0,0.0
1725954625539216739,0.0,0.0
1725954625564812271,0.0,0.0
1725954625590447784,0.0,0.0
1725954625614271108,0.0,0.0
1725954625644200400,0.0,0.0
1725954625667677725,0.0,0.0
1725954625709496194,0.0,0.0
1725954625737750477,0.0,0.0
1725954625764525006,0.0,0.0
1725954625791494062,0.0,0.0
1725954625817208790,0.0,0.0
1725954625842457398,0.0,0.0
1725954625867928387,0.0,0.0
1725954625890021999,0.0,0.0
1725954625914740216,0.0,0.0
1725954625946418890,0.0,0.0
1725954625972849621,0.0,0.0
1725954625995278062,0.0,0.0
1725954626017973967,0.0,0.0
1725954626046950023,0.0,0.0
1725954626076983390,0.0,0.0
1725954626097717476,0.0,0.0
1725954626121742386,0.0,0.0
1725954626149310472,0.0,0.0
1725954626176714699,0.0,0.0
1725954626200670499,0.0,0.0
1725954626235285312,0.0,0.0
1725954626264195026,0.0,0.0
1725954626290071103,0.0,0.0
1725954626316337617,0.0,0.0
1725954626340362220,0.0,0.0
1725954626366327070,0.0,0.0
1725954626391247396,0.0,0.0
1725954626416568985,0.0,0.0
1725954626439386815,0.0,0.0
1725954626471964307,0.0,0.0
1725954626494567582,0.0,0.0
1725954626520522976,0.0,0.0
1725954626547250361,0.0,0.0
1725954626573684513,0.0,0.0
1725954626597480314,0.0,0.0
1725954626620082694,0.0,0.0
1725954626644238945,0.0,0.0
1725954626670039440,0.0,0.0
1725954626693612669,0.0,0.0
1725954626715954753,0.0,0.0
1725954626742684402,0.0,0.0
1725954626771301133,0.0,0.0
1725954626798679388,0.0,0.0
1725954626819585510,0.0,0.0
1725954626841352749,0.0,0.0
1725954626870267675,0.0,0.0
1725954626895763746,0.0,0.0
1725954626917693323,0.0,0.0
1725954626940400427,0.0,0.0
1725954626967115284,0.0,0.0
1725954626992965338,0.0,0.0
1725954627016367500,0.0,0.0
1725954627038253655,0.0,0.0
1725954627066860859,0.0,0.0
1725954627092744416,0.0,0.0
1725954627117255169,0.0,0.0
1725954627139382610,0.0,0.0
1725954627163967695,0.0,0.0
1725954627191902533,0.0,0.0
1725954627217213055,0.0,0.0
1725954627243890788,0.0,0.0
1725954627269887973,0.0,0.0
1725954627297731041,0.0,0.0
1725954627322989011,0.0,0.0
1725954627344869012,0.0,0.0
1725954627374317057,0.0,0.0
1725954627403292813,0.0,0.0
1725954627423181578,0.0,0.0
1725954627447892758,0.0,0.0
1725954627475162756,0.0,0.0
1725954627500316494,0.0,0.0
1725954627523536261,0.0,0.0
1725954627544771025,0.0,0.0
1725954627572124873,0.0,0.0
1725954627598716060,0.0,0.0
1725954627618870217,0.0,0.0
1725954627643732598,0.0,0.0
1725954627671746023,0.0,0.0
1725954627696829238,0.0,0.0
1725954627723768358,0.0,0.0
1725954627753471740,0.0,0.0
1725954627780320794,0.0,0.0
1725954627806943580,0.0,0.0
1725954627829093711,0.0,0.0
1725954627852977856,0.0,0.0
1725954627878074709,0.0,0.0
1725954627904761524,0.0,0.0
1725954627926495892,0.0,0.0
1725954627950236941,0.0,0.0
1725954627979471177,0.0,0.0
1725954628003572029,0.0,0.0
1725954628025777411,0.0,0.0
1725954628050807833,0.0,0.0
1725954628078216742,0.0,0.0
1725954628100508679,0.0,0.0
1725954628123923702,0.0,0.0
1725954628149530776,0.0,0.0
1725954628175215554,0.0,0.0
1725954628204044902,0.0,0.0
1725954628227191247,0.0,0.0
1725954628253671761,0.0,0.0
1725954628280141929,0.0,0.0
1725954628308759902,0.0,0.0
1725954628331818178,0.0,0.0
1725954628356064290,0.0,0.0
1725954628381650680,0.0,0.0
1725954628409893652,0.0,0.0
1725954628433879872,0.0,0.0
1725954628456955082,0.0,0.0
1725954628482658513,0.0,0.0
1725954628508562143,0.0,0.0
1725954628531892627,0.0,0.0
1725954628555381492,0.0,0.0
1725954628583080321,0.0,0.0
1725954628609815349,0.0,0.0
1725954628631355550,0.0,0.0
1725954628655864768,0.0,0.0
1725954628680446907,0.0,0.0
1725954628704077867,0.0,0.0
1725954628727038975,0.0,0.0
1725954628759686578,0.0,0.0
1725954628802401335,0.0,0.0
1725954628827690720,0.0,0.0
1725954628853404522,0.0,0.0
1725954628878895169,0.0,0.0
1725954628905947973,0.0,0.0
1725954628931137763,0.0,0.0
1725954628953535056,0.0,0.0
1725954628981355183,0.0,0.0
1725954629007084095,0.0,0.0
1725954629033553756,0.0,0.0
1725954629054292112,0.0,0.0
1725954629086183348,0.0,0.0
1725954629117736653,0.0,0.0
1725954629138778896,0.0,0.0
1725954629161015198,0.0,0.0
1725954629191981454,0.0,0.0
1725954629213743106,0.0,0.0
1725954629249003165,0.0,0.0
1725954629278358109,0.0,0.0
1725954629303122763,0.0,0.0
1725954629332533298,0.0,0.0
1725954629351876780,0.0,0.0
1725954629376726264,0.0,0.0
1725954629403940440,0.0,0.0
1725954629428174642,0.0,0.0
1725954629453078535,0.0,0.0
1725954629481755845,0.0,0.0
1725954629507150768,0.0,0.0
1725954629537564827,0.0,0.0
1725954629562044054,0.0,0.0
1725954629585335792,0.0,0.0
1725954629611927372,0.0,0.0
1725954629633393911,0.0,0.0
1725954629659505115,0.0,0.0
1725954629683244582,0.0,0.0
1725954629713933375,0.0,0.0
1725954629739728504,0.0,0.0
1725954629763095790,0.0,0.0
1725954629788221024,0.0,0.0
1725954629819855458,0.0,0.0
1725954629848269943,0.0,0.0
1725954629870348084,0.0,0.0
1725954629892850141,0.0,0.0
1725954629917805118,0.0,0.0
1725954629944949283,0.0,0.0
1725954629971338922,0.0,0.0
1725954629999025287,0.0,0.0
1725954630026863936,0.0,0.0
1725954630053641132,0.0,0.0
1725954630080910830,0.0,0.0
1725954630102430411,0.0,0.0
1725954630132315473,0.0,0.0
1725954630159760719,0.0,0.0
1725954630181910944,0.0,0.0
1725954630208855785,0.0,0.0
1725954630241481674,0.0,0.0
1725954630262529772,0.0,0.0
1725954630287794340,0.0,0.0
1725954630317832456,0.0,0.0
1725954630349482726,0.0,0.0
1725954630377812839,0.0,0.0
1725954630400609786,0.0,0.0
1725954630423495606,0.0,0.0
1725954630459832513,0.0,0.0
1725954630482563499,0.0,0.0
1725954630503477424,0.0,0.0
1725954630530637832,0.0,0.0
1725954630555281288,0.0,0.0
1725954630582939909,0.0,0.0
1725954630605241775,0.0,0.0
1725954630628717466,0.0,0.0
1725954630657175621,0.0,0.0
1725954630684279374,0.0,0.0
1725954630710883814,0.0,0.0
1725954630737527938,0.0,0.0
1725954630762601943,0.0,0.0
1725954630789918695,0.0,0.0
1725954630816825228,0.0,0.0
1725954630853972853,0.0,0.0
1725954630874239089,0.0,0.0
1725954630900928203,0.0,0.0
1725954630923460678,0.0,0.0
1725954630945855364,0.0,0.0
1725954630976564528,0.0,0.0
1725954631002629644,0.0,0.0
1725954631023029249,0.0,0.0
1725954631047529829,0.0,0.0
1725954631073880355,0.0,0.0
1725954631098905374,0.0,0.0
1725954631120160004,0.0,0.0
1725954631143711530,0.0,0.0
1725954631169124832,0.0,0.0
1725954631195610259,0.0,0.0
1725954631218684786,0.0,0.0
1725954631243866631,0.0,0.0
1725954631272899088,0.0,0.0
1725954631299471729,0.0,0.0
1725954631321339850,0.0,0.0
1725954631347992398,0.0,0.0
1725954631377890526,0.0,0.0
1725954631405925024,0.0,0.0
1725954631429525451,0.0,0.0
1725954631451575659,0.0,0.0
1725954631477322047,0.0,0.0
1725954631504815837,0.0,0.0
1725954631526885164,0.0,0.0
1725954631555585503,0.0,0.0
1725954631584194640,0.0,0.0
1725954631612342745,0.0,0.0
1725954631631397107,0.0,0.0
1725954631654755966,0.0,0.0
1725954631679581251,0.0,0.0
1725954631705835406,0.0,0.0
1725954631731640726,0.0,0.0
1725954631755695164,0.0,0.0
1725954631783283769,0.0,0.0
1725954631808107952,0.0,0.0
1725954631828916972,2.408017535371343e-11,0.05000000074505806
1725954631857711517,2.4120341141076196e-11,0.10000000149011612
1725954631886499923,2.4160510397885915e-11,0.25042399764060974
1725954631911708473,2.420068138941911e-11,0.2504335939884186
1725954631933477644,2.424085411567578e-11,0.25042256712913513
1725954631955622611,2.4281030311379403e-11,0.2504219710826874
1725954631984045565,2.4321209976529978e-11,0.2504214644432068
1725954632011792228,2.4361393111127505e-11,0.2504311800003052
1725954632032261369,2.4401579715171984e-11,0.2504207491874695
1725954632056672785,2.444176805393994e-11,0.25043103098869324
1725954632084520841,2.448195812743137e-11,0.25042062997817993
1725954632111038140,2.45221482009228e-11,0.2504308223724365
1725954632134627099,2.456233827441423e-11,0.2504270374774933
1725954632159159950,2.4602526613182185e-11,0.25043073296546936
1725954632187475559,0.0011822538217529655,0.30729568004608154
1725954632214339524,0.0061768642626702785,0.5540874600410461
1725954632237175672,0.016489995643496513,0.7506198287010193
1725954632263081819,0.03159920498728752,0.8884499073028564
1725954632292534471,0.05018623545765877,0.9848843812942505
1725954632318075556,0.07087200880050659,1.0576382875442505
1725954632341732044,0.09256145358085632,1.132032871246338
1725954632372019963,0.1145346611738205,1.193206548690796
1725954632399308192,0.13640329241752625,1.245187759399414
1725954632423733905,0.15801602602005005,0.9951877593994141
1725954632444923494,0.179362490773201,0.7451877593994141
1725954632471785735,0.20049813389778137,0.49518775939941406
1725954632498718390,0.22149552404880524,0.24518775939941406
1725954632526275905,0.242418572306633,0.0
1725954632548428278,0.26331284642219543,0.0
1725954632573647173,0.2842054069042206,0.0
1725954632601704089,0.3051087558269501,0.0
1725954632629308696,0.32602617144584656,0.0
1725954632651654582,0.34695589542388916,0.0
1725954632676051794,0.36671212315559387,0.0
1725954632702963441,0.3826611638069153,0.0
1725954632731104017,0.393294095993042,0.0
1725954632754635883,0.39913156628608704,0.0
1725954632776284102,0.40149086713790894,0.0
1725954632801455754,0.40175071358680725,0.0
1725954632827979846,0.40100622177124023,0.0
1725954632853175226,0.3999774158000946,0.0
1725954632879169232,0.39905285835266113,0.0
1725954632907105511,0.3983840048313141,0.0
1725954632932534656,0.39798134565353394,0.0
1725954632953424236,0.39778953790664673,0.0
1725954632978858804,0.39773598313331604,0.0
1725954633006083886,0.39775681495666504,0.0
1725954633031840837,0.39780646562576294,0.0
1725954633052809674,0.3978578448295593,0.0
1725954633076984650,0.39789843559265137,0.0
1725954633102651663,0.3979249894618988,0.0
1725954633131081815,0.3979392349720001,0.0
1725954633154531803,0.39794468879699707,0.0
1725954633182357636,0.39794498682022095,0.0
1725954633207192909,0.347944974899292,0.0
1725954633234230239,0.29794496297836304,0.0
1725954633258324404,0.24794496595859528,0.0
1725954633283653262,0.19794496893882751,0.0
1725954633308543601,0.14794497191905975,0.0
1725954633335299962,0.09794497489929199,0.0
1725954633357964394,0.04794497415423393,0.0
1725954633392417030,0.0,0.0
1725954633413453329,0.0,0.0
1725954633439444638,0.0,0.0
1725954633461647888,0.0,0.0
1725954633484567585,0.0,0.0
1725954633514191428,0.0,0.0
1725954633541217971,0.0,0.0
1725954633564424108,0.05000000074505806,0.25
1725954633587368508,0.10000000149011612,0.2500357925891876
1725954633612616610,0.15000000596046448,0.25003477931022644
1725954633636908552,0.20000000298023224,0.2500326633453369
1725954633660131823,0.25,0.25003209710121155
1725954633683379405,0.30000001192092896,0.25002923607826233
1725954633711029222,0.3500000238418579,0.25146931409835815
1725954633736749347,0.39793506264686584,0.2500838041305542
1725954633759810145,0.3991173207759857,0.2824491262435913
1725954633784079532,0.40411192178726196,0.3632291853427887
1725954633810666192,0.4144250750541687,0.4566241502761841
1725954633838481069,0.42953428626060486,0.536022961139679
1725954633862656430,0.4481213092803955,0.6054362058639526
1725954633893946610,0.46880707144737244,0.6559315323829651
1725954633917802433,0.49049651622772217,0.6973573565483093
1725954633945209379,0.5124697089195251,0.73723304271698
1725954633966129376,0.5343383550643921,0.7768877744674683
1725954633989553364,0.5559511184692383,0.8108406066894531
1725954634018140932,0.577297568321228,0.844090461730957
1725954634043972040,0.5984331965446472,0.8617112636566162
1725954634067283329,0.6194306015968323,0.8860103487968445
1725954634092814938,0.6403536200523376,0.9048136472702026
1725954634119140412,0.660565197467804,0.9244072437286377
1725954634145190769,0.6780740022659302,0.9424606561660767
1725954634167775711,0.6909115314483643,0.9790562391281128
1725954634193758616,0.6987462639808655,1.014312744140625
1725954634220210779,0.7024701237678528,1.0675593614578247
1725954634245563007,0.7021424770355225,1.1217387914657593
1725954634270477561,0.6964287161827087,1.180515170097351
1725954634293018146,0.6848499178886414,1.2305952310562134
1725954634319100169,0.6685146689414978,1.2827703952789307
1725954634347394797,0.6489962339401245,1.3226318359375
1725954634370164876,0.6277221441268921,1.3639522790908813
1725954634406078001,0.605731725692749,1.397662878036499
1725954634431569257,0.5836549401283264,1.4316960573196411
1725954634458821140,0.5617949962615967,1.4628773927688599
1725954634480750651,0.5402396321296692,1.4959685802459717
1725954634506723424,0.5189594626426697,1.5180872678756714
1725954634533011891,0.49787917733192444,1.5481280088424683
1725954634558796407,0.4769197106361389,1.568327784538269
1725954634581065970,0.4560181796550751,1.5962257385253906
1725954634606044339,0.435133159160614,1.6151937246322632
1725954634635968050,0.4142422676086426,1.640475869178772
1725954634660953916,0.39333677291870117,1.6568371057510376
1725954634685230115,0.3724159896373749,1.6773711442947388
1725954634707724641,0.3514831066131592,1.6924842596054077
1725954634734388085,0.33054226636886597,1.7190641164779663
1725954634762232214,0.3095971345901489,1.7385728359222412
1725954634786922963,0.2886503338813782,1.7780427932739258
1725954634808842282,0.26770344376564026,1.8151679039001465
1725954634837441406,0.2467571645975113,1.8566031455993652
1725954634862235154,0.2258116900920868,1.8795812129974365
1725954634884277824,0.2048669159412384,1.9193494319915771
1725954634912369821,0.1839226484298706,1.9465842247009277
1725954634941587175,0.16297867894172668,1.9730180501937866
1725954634985198529,0.1420348435640335,1.9920457601547241
1725954635068649144,0.12109105288982391,2.013373613357544
1725954635097168506,0.10014723986387253,2.0363314151763916
1725954635122140347,0.07920338213443756,2.072868585586548
1725954635150284696,0.05825949087738991,2.0927746295928955
1725954635178752792,0.03731556609272957,2.1089377403259277
1725954635207503468,0.016371620818972588,2.122142791748047
1725954635233132221,-0.0045723337680101395,2.1359691619873047
1725954635251277242,-0.025516292080283165,2.1498777866363525
1725954635274063784,-0.04646025225520134,2.1631574630737305
1725954635305480630,-0.06740421056747437,2.1754825115203857
1725954635330632155,-0.08834816515445709,2.1863815784454346
1725954635355348946,-0.10929211974143982,2.201756715774536
1725954635383858484,-0.13023607432842255,2.218292713165283
1725954635411557265,-0.15118001401424408,2.23846173286438
1725954635438964571,-0.1721239686012268,2.257880210876465
1725954635461154033,-0.19306792318820953,2.2798984050750732
1725954635497258507,-0.21401187777519226,2.300060749053955
1725954635523460961,-0.2349558174610138,2.3170416355133057
1725954635552312200,-0.2558997869491577,2.332404375076294
1725954635574109295,-0.27684372663497925,2.348088264465332
1725954635601084312,-0.2977876663208008,2.361299753189087
1725954635620782054,-0.3187316358089447,2.3745181560516357
1725954635647967686,-0.33967557549476624,2.385885715484619
1725954635672969130,-0.36061951518058777,2.399822950363159
1725954635696904014,-0.3815634846687317,2.409174919128418
1725954635724301037,-0.4025074243545532,2.421091318130493
1725954635748511679,-0.42345139384269714,2.4306640625
1725954635776388006,-0.4443953335285187,2.443070888519287
1725954635799825385,-0.4653392732143402,2.4501874446868896
1725954635832474567,-0.48628324270248413,2.460822343826294
1725954635857002983,-0.5072271823883057,2.468306064605713
1725954635879749870,-0.5281711220741272,2.478193998336792
1725954635898902029,-0.5491150617599487,2.4851174354553223
1725954635933822717,-0.570059061050415,2.4968013763427734
1725954635958021405,-0.5910030007362366,2.50688099861145
1725954635979655703,-0.6119469404220581,2.521819829940796
1725954636005279934,-0.6328908801078796,2.534609079360962
1725954636030682209,-0.6535633206367493,2.548468828201294
1725954636065214235,-0.67244952917099,2.5612053871154785
1725954636085668399,-0.6871774196624756,2.5742130279541016
1725954636110191493,-0.6967068314552307,2.5835769176483154
1725954636136877413,-0.7017428874969482,2.5953338146209717
1725954636161710978,-0.7036178112030029,2.603861093521118
1725954636187927960,-0.7036454677581787,2.6154298782348633
1725954636207861070,-0.7028348445892334,2.621136426925659
1725954636238465467,-0.7018295526504517,2.6308512687683105
1725954636266084219,-0.7009636759757996,2.6371021270751953
1725954636285791824,-0.7003560066223145,2.646975517272949
1725954636317000394,-0.7000019550323486,2.651444673538208
1725954636348336696,-0.6998419761657715,2.6596782207489014
1725954636373843140,-0.6998056173324585,2.664281129837036
1725954636392080059,-0.6998331546783447,2.672654390335083
1725954636415212850,-0.699883222579956,2.6765379905700684
1725954636447506551,-0.6999320983886719,2.6822588443756104
1725954636481513358,-0.699969470500946,2.687368392944336
1725954636504409347,-0.6999931931495667,2.6946229934692383
1725954636528930723,-0.7000054121017456,2.702507257461548
1725954636555528439,-0.7000097036361694,2.709756374359131
1725954636585943566,-0.7000094652175903,2.7165029048919678
1725954636610393900,-0.7000072002410889,2.72359299659729
1725954636641361607,-0.6988223195075989,2.728811740875244
1725954636668064379,-0.6938254833221436,2.7346127033233643
1725954636698677089,-0.6835108399391174,2.738560914993286
1725954636722566413,-0.668400764465332,2.7436459064483643
1725954636745705375,-0.6498133540153503,2.746406078338623
1725954636773939607,-0.6291275024414062,2.750528573989868
1725954636799527478,-0.6074381470680237,2.7529478073120117
1725954636823527318,-0.5854650735855103,2.7566394805908203
1725954636841094840,-0.5854650735855103,2.7566394805908203
1725954636871031119,-0.5419839024543762,2.7611637115478516
1725954636897325386,-0.5206375122070312,2.7629716396331787
1725954636922713678,-0.49950188398361206,2.765146017074585
1725954636946212489,-0.4785045087337494,2.7663958072662354
1725954636973746546,-0.45758146047592163,2.768071413040161
1725954636999557594,-0.436687171459198,2.7692322731018066
1725954637023078986,-0.41579461097717285,2.7705228328704834
1725954637051004424,-0.39489123225212097,2.771470546722412
1725954637079961996,-0.3739738464355469,2.7724008560180664
1725954637105237378,-0.3530441224575043,2.773595094680786
1725954637129367109,-0.3321056365966797,2.7745625972747803
1725954637151709935,-0.31116196513175964,2.7754828929901123
1725954637188428140,-0.2902159094810486,2.7760558128356934
1725954637212163858,-0.2692692279815674,2.776463508605957
1725954637233227129,-0.24832290410995483,2.7769320011138916
1725954637254735185,-0.2273772805929184,2.777223587036133
1725954637285292428,-0.20643232762813568,2.7773799896240234
1725954637310628411,-0.18548792600631714,2.7774460315704346
1725954637332981992,-0.1651131957769394,2.7776129245758057
1725954637355432476,-0.1471528261899948,2.7776613235473633
1725954637385680541,-0.13316592574119568,2.7776989936828613
1725954637406648692,-0.1225653812289238,2.7777247428894043
1725954637429716687,-0.11398007720708847,2.7777414321899414
1725954637455356349,-0.1066892072558403,2.7777516841888428
1725954637481071270,-0.10015843063592911,2.7777597904205322
1725954637506725816,-0.09347134083509445,2.77775239944458
1725954637532126453,-0.08576323837041855,2.777769088745117
1725954637563928713,-0.07721010595560074,2.77777099609375
1725954637596066362,-0.06842037290334702,2.777773141860962
1725954637622741721,-0.05930974334478378,2.7777743339538574
1725954637645532056,-0.04943178966641426,2.777775764465332
1725954637663800426,-0.038539037108421326,2.7777769565582275
1725954637699802610,-0.026627834886312485,2.7777771949768066
1725954637724829694,-0.014371096156537533,2.7777774333953857
1725954637748615613,-0.002624083310365677,2.7777769565582275
1725954637774923168,0.008396959863603115,2.7777767181396484
1725954637800769976,0.01814567856490612,2.7777769565582275
1725954637828725006,0.026197586208581924,2.7777771949768066
1725954637846419144,0.032672617584466934,2.7777771949768066
1725954637873300957,0.037263136357069016,2.7777769565582275
1725954637901730578,0.04006623849272728,2.7777771949768066
1725954637931007081,0.04198108986020088,2.7777774333953857
1725954637957659692,0.04374708980321884,2.7777774333953857
1725954637979798736,0.04552718251943588,2.7777769565582275
1725954638014788074,0.04733090102672577,2.7777769565582275
1725954638043320649,0.04929320514202118,2.7777771949768066
1725954638070583412,0.051475558429956436,2.7777771949768066
1725954638095477271,0.05382910370826721,2.7777774333953857
1725954638131455373,0.05623151361942291,2.777777671813965
1725954638158731680,0.058662332594394684,2.777777671813965
1725954638179760823,0.061228491365909576,2.7777771949768066
1725954638201400406,0.063918337225914,2.7777774333953857
1725954638232048447,0.0656052976846695,2.7777771949768066
1725954638258977300,0.06509897112846375,2.7777769565582275
1725954638280246272,0.06342703849077225,2.7777771949768066
1725954638305190175,0.06220511719584465,2.777777671813965
1725954638333958558,0.06213205307722092,2.7777771949768066
1725954638362750540,0.06330721825361252,2.7777769565582275
1725954638386175292,0.06532088667154312,2.7777771949768066
1725954638406654094,0.06765993684530258,2.7777774333953857
1725954638433493878,0.06987179815769196,2.7777771949768066
1725954638462508964,0.07166927307844162,2.7777769565582275
1725954638487338707,0.07289411127567291,2.7777769565582275
1725954638506615857,0.07344715297222137,2.7777774333953857
1725954638537658943,0.07344772666692734,2.7777774333953857
1725954638564300647,0.07312259823083878,2.7777771949768066
1725954638587180397,0.07260111719369888,2.7777769565582275
1725954638610298421,0.07201765477657318,2.7777771949768066
1725954638637604065,0.07152929902076721,2.7777774333953857
1725954638665352897,0.0711272731423378,2.7777771949768066
1725954638687334623,0.07069955766201019,2.7777769565582275
1725954638716255407,0.0702342763543129,2.7777771949768066
1725954638743168049,0.06981474906206131,2.7777771949768066
1725954638769923121,0.06940846890211105,2.7777769565582275
1725954638791811632,0.06884793192148209,2.7777769565582275
1725954638813796976,0.0680631473660469,2.7777774333953857
1725954638841960410,0.06705368310213089,2.7777769565582275
1725954638871289235,0.06581761687994003,2.7777767181396484
1725954638895123232,0.06440388411283493,2.7777771949768066
1725954638917562616,0.06297682225704193,2.7777774333953857
1725954638949310690,0.06173834949731827,2.7777771949768066
1725954638974087283,0.06066393479704857,2.7777769565582275
1725954639004376610,0.05959463119506836,2.7777771949768066
1725954639029066808,0.058568075299263,2.7777774333953857
1725954639056132772,0.057703010737895966,2.7777774333953857
1725954639080524083,0.056934162974357605,2.7777769565582275
1725954639100565185,0.05612042918801308,2.7777769565582275
1725954639127895289,0.05525273457169533,2.7777771949768066
1725954639159182316,0.0543958880007267,2.7777774333953857
1725954639185382293,0.05352064222097397,2.7777771949768066
1725954639206098212,0.05253531411290169,2.7777769565582275
1725954639231549980,0.0514083132147789,2.7777771949768066
1725954639261053723,0.050206273794174194,2.7777771949768066
1725954639288942464,0.04887650907039642,2.7777769565582275
1725954639316038689,0.04726264253258705,2.7777769565582275
1725954639339995292,0.04537830874323845,2.7777774333953857
1725954639366077103,0.04331454634666443,2.7777769565582275
1725954639390512865,0.041117917746305466,2.7777767181396484
1725954639415833308,0.03889816254377365,2.7777771949768066
1725954639440313099,0.036960288882255554,2.7777774333953857
1725954639466527172,0.03552348539233208,2.7777771949768066
1725954639490626788,0.03442160785198212,2.7777769565582275
1725954639517572821,0.03339242562651634,2.7777771949768066
1725954639540472121,0.03242553398013115,2.7777774333953857
1725954639567349415,0.031584545969963074,2.7777774333953857
1725954639596812211,0.03074263036251068,2.7777769565582275
1725954639620302848,0.029753567650914192,2.7777769565582275
1725954639646350394,0.028687018901109695,2.7777771949768066
1725954639676595871,0.027710838243365288,2.7777774333953857
1725954639704329525,0.026799391955137253,2.7777769565582275
1725954639731200975,0.025765491649508476,2.7777769565582275
1725954639750408982,0.024591168388724327,2.7777771949768066
1725954639785956728,0.023488331586122513,2.7777774333953857
1725954639807698694,0.02254590578377247,2.7777769565582275
1725954639830682491,0.021591372787952423,2.7777771949768066
1725954639858499850,0.020498482510447502,2.7777774333953857
1725954639888892652,0.019304843619465828,2.7777774333953857
1725954639913782304,0.01801099255681038,2.7777774333953857
1725954639939580358,0.016616536304354668,2.7777771949768066
1725954639961897348,0.015288070775568485,2.7777769565582275
1725954639988901045,0.014182387851178646,2.7777771949768066
1725954640014827979,0.01322122197598219,2.7777771949768066
1725954640037561691,0.012295443564653397,2.7777771949768066
1725954640063455951,0.011462099850177765,2.7777769565582275
1725954640090476481,0.010748443193733692,2.7777769565582275
1725954640121916650,0.010045520029962063,2.7777774333953857
1725954640143610154,0.009284255094826221,2.7777774333953857
1725954640167217125,0.008539380505681038,2.7777771949768066
1725954640193149619,0.00787384994328022,2.7777771949768066
1725954640216765143,0.007220476865768433,2.777777671813965
1725954640239941249,0.00650889053940773,2.777777671813965
1725954640262730929,0.005804373417049646,2.7777774333953857
1725954640292408317,0.005264937411993742,2.7777769565582275
1725954640318579165,0.004912547301501036,2.7777774333953857
1725954640345804907,0.004594101570546627,2.7777774333953857
1725954640367507124,0.004246123600751162,2.7777769565582275
1725954640401653196,0.0038897350896149874,2.7777774333953857
1725954640423721391,0.0034786094911396503,2.7777771949768066
1725954640446825005,0.002971773035824299,2.7777771949768066
1725954640471002580,0.002425801707431674,2.7777769565582275
1725954640500690019,0.0019347722409293056,2.7777771949768066
1725954640530841133,0.0014688903465867043,2.7777771949768066
1725954640551893425,0.0009347704472020268,2.7777771949768066
1725954640572657292,0.0003592133289203048,2.7777769565582275
1725954640603334501,-0.00016992632299661636,2.7777769565582275
1725954640632373684,-0.0006702557438984513,2.7777774333953857
1725954640655743369,-0.0012302842224016786,2.7777774333953857
1725954640683561953,-0.0018280870281159878,2.7777771949768066
1725954640707560348,-0.002370811067521572,2.7777769565582275
1725954640738317793,-0.0028715950902551413,2.7777774333953857
1725954640761431995,-0.003375923726707697,2.7777774333953857
1725954640784998515,-0.003826658707112074,2.7777771949768066
1725954640814721870,-0.004139689262956381,2.7777769565582275
1725954640841872598,-0.004330382216721773,2.7777774333953857
1725954640860227099,-0.004490399733185768,2.7777774333953857
1725954640887745311,-0.004614851903170347,2.7777771949768066
1725954640916421317,-0.004619590938091278,2.7777774333953857
1725954640943256222,-0.0045126560144126415,2.7777771949768066
1725954640963289769,-0.004364952445030212,2.7777769565582275
1725954640988338298,-0.004196705296635628,2.7777767181396484
1725954641015463421,-0.003992485348135233,2.7777774333953857
1725954641043111273,-0.003787578549236059,2.7777774333953857
1725954641068278356,-0.0036556082777678967,2.7777771949768066
1725954641090060324,-0.0036379494704306126,2.7777767181396484
1725954641117063949,-0.003714220132678747,2.7777771949768066
1725954641146913802,-0.00386461871676147,2.7777771949768066
1725954641177336767,-0.004104090854525566,2.7777771949768066
1725954641204911159,-0.004408603999763727,2.7777769565582275
1725954641225290442,-0.004720692988485098,2.7777771949768066
1725954641252553712,-0.005039840470999479,2.7777774333953857
1725954641277259588,-0.005390149541199207,2.7777771949768066
1725954641304801000,-0.005728032905608416,2.7777769565582275
1725954641333986568,-0.006006569601595402,2.7777769565582275
1725954641362336248,-0.006258651614189148,2.7777774333953857
1725954641381606093,-0.0065381210297346115,2.7777774333953857
1725954641407513866,-0.006834043655544519,2.7777771949768066
1725954641435195468,-0.00708611449226737,2.7777769565582275
1725954641461018843,-0.007260735146701336,2.7777774333953857
1725954641484281348,-0.0073608774691820145,2.7777774333953857
1725954641512176197,-0.007323673460632563,2.7777769565582275
1725954641534689560,-0.007051256950944662,2.7777771949768066
1725954641564446787,-0.006591735873371363,2.7777771949768066
1725954641585891740,-0.006119054276496172,2.7777769565582275
1725954641606542177,-0.0057359193451702595,2.7777767181396484
1725954641634650767,-0.005460163578391075,2.7777774333953857
1725954641661443041,-0.005343102850019932,2.7777774333953857
1725954641688641010,-0.005432090722024441,2.7777771949768066
1725954641719482488,-0.0056970263831317425,2.7777767181396484
1725954641748220645,-0.006059642881155014,2.7777771949768066
1725954641780084943,-0.006479435600340366,2.7777771949768066
1725954641800487773,-0.006951086688786745,2.7777771949768066
1725954641822715579,-0.007431621663272381,2.7777769565582275
1725954641854666867,-0.007850877940654755,2.7777771949768066
1725954641886274240,-0.008199458941817284,2.7777774333953857
1725954641908195009,-0.008552531711757183,2.7777774333953857
1725954641932459579,-0.008952051401138306,2.7777769565582275
1725954641960718568,-0.009370570071041584,2.7777769565582275
1725954641986482119,-0.009828892536461353,2.7777774333953857
1725954642007373262,-0.010377511382102966,2.7777774333953857
1725954642032605909,-0.010980174876749516,2.7777769565582275
1725954642066233087,-0.011587214656174183,2.7777769565582275
1725954642094628190,-0.01222812756896019,2.7777774333953857
1725954642114243732,-0.0129493223503232,2.7777774333953857
1725954642141891941,-0.013759556226432323,2.7777769565582275
1725954642168839909,-0.014560004696249962,2.7777769565582275
1725954642200263820,-0.015412486158311367,2.7777771949768066
1725954642221591401,-0.01667224057018757,2.7777771949768066
1725954642244510869,-0.018488913774490356,2.777777671813965
1725954642272313487,-0.020755311474204063,2.7777771949768066
1725954642294740128,-0.023378491401672363,2.7777771949768066
1725954642315794746,-0.02621149644255638,2.7777774333953857
1725954642338428511,-0.029056798666715622,2.7777774333953857
1725954642372646394,-0.03173787146806717,2.7777771949768066
1725954642394701612,-0.03418102115392685,2.7777771949768066
1725954642418980316,-0.03654134273529053,2.7777771949768066
1725954642439692482,-0.03890225291252136,2.7777771949768066
1725954642466629798,-0.04122670739889145,2.7777771949768066
1725954642494014560,-0.04368556663393974,2.7777769565582275
1725954642523838365,-0.04642639681696892,2.7777771949768066
1725954642546480919,-0.04928595572710037,2.7777774333953857
1725954642576169968,-0.05209120362997055,2.7777774333953857
1725954642603836877,-0.0549265518784523,2.7777769565582275
1725954642627130973,-0.057901058346033096,2.7777769565582275
1725954642659693595,-0.060930777341127396,2.7777774333953857
1725954642683490986,-0.06390432268381119,2.7777774333953857
1725954642715554102,-0.06686003506183624,2.7777769565582275
1725954642741891821,-0.06977715343236923,2.7777769565582275
1725954642769994980,-0.07271206378936768,2.7777771949768066
1725954642808130658,-0.07617546617984772,2.7777771949768066
1725954642834354429,-0.08071840554475784,2.7777769565582275
1725954642858211643,-0.08664651960134506,2.7777771949768066
1725954642880527986,-0.09400489926338196,2.7777771949768066
1725954642916929933,-0.10239161550998688,2.7777769565582275
1725954642939188737,-0.11115556955337524,2.7777771949768066
1725954642961178127,-0.11973465979099274,2.7777771949768066
1725954642982120559,-0.12771058082580566,2.7777771949768066
1725954643011881461,-0.1346670687198639,2.7777771949768066
1725954643038316131,-0.1406751573085785,2.7777771949768066
1725954643063512282,-0.14642243087291718,2.7777771949768066
1725954643088566830,-0.15216737985610962,2.7777774333953857
1725954643121327458,-0.15776947140693665,2.7777774333953857
1725954643145170150,-0.16319094598293304,2.7777771949768066
1725954643166256309,-0.16856934130191803,2.7777771949768066
1725954643197402884,-0.17442335188388824,2.7777774333953857
1725954643220933240,-0.18109573423862457,2.7777774333953857
1725954643248075038,-0.18829865753650665,2.7777769565582275
1725954643269823132,-0.1954035460948944,2.7777769565582275
1725954643297981722,-0.20213912427425385,2.7777771949768066
1725954643322603594,-0.20879992842674255,2.7777774333953857
1725954643354524128,-0.21581381559371948,2.7777774333953857
1725954643382590304,-0.22350147366523743,2.7777774333953857
1725954643404533215,-0.23235660791397095,2.777777671813965
1725954643432344633,-0.24295231699943542,2.7777774333953857
1725954643462207708,-0.25441116094589233,2.7777774333953857
1725954643486369392,-0.2653380334377289,2.7777774333953857
1725954643511400511,-0.2753710448741913,2.7777774333953857
1725954643549024931,-0.284320592880249,2.7777774333953857
1725954643573866245,-0.29213011264801025,2.7777774333953857
1725954643598433090,-0.2988644540309906,2.7777774333953857
1725954643620892186,-0.30453383922576904,2.7777774333953857
1725954643648449038,-0.30939576029777527,2.7777774333953857
1725954643677452279,-0.3138948082923889,2.7777774333953857
1725954643701714687,-0.3182964026927948,2.7777774333953857
1725954643723756132,-0.3227011561393738,2.7777771949768066
1725954643750932034,-0.32722216844558716,2.7777771949768066
1725954643780327554,-0.33162689208984375,2.777777671813965
1725954643800352107,-0.3355270028114319,2.777777671813965
1725954643830602755,-0.3391163647174835,2.7777774333953857
1725954643858738172,-0.34267354011535645,2.7777771949768066
1725954643882301885,-0.3456433117389679,2.7777774333953857
1725954643905713524,-0.3475494980812073,2.7777771949768066
1725954643929769723,-0.3487265408039093,2.7777769565582275
1725954643961450715,-0.3500919044017792,2.7777774333953857
1725954643992372199,-0.35263410210609436,2.7777771949768066
1725954644015465369,-0.35633060336112976,2.7777771949768066
1725954644043210624,-0.36043012142181396,2.7777771949768066
1725954644071472459,-0.3642026484012604,2.7777771949768066
1725954644101698743,-0.3671374022960663,2.7777774333953857
1725954644126934580,-0.3690146207809448,2.7777774333953857
1725954644154413283,-0.36997780203819275,2.7777774333953857
1725954644182964824,-0.3702039122581482,2.7777774333953857
1725954644211901988,-0.3694763481616974,2.7777774333953857
1725954644233392848,-0.36752814054489136,2.7777774333953857
1725954644256072038,-0.36437466740608215,2.777777671813965
1725954644288580868,-0.3605938255786896,2.777777671813965
1725954644312530691,-0.3570241928100586,2.777777671813965
1725954644340300837,-0.3540232181549072,2.777777671813965
1725954644361423202,-0.3518567979335785,2.7777774333953857
1725954644389179546,-0.3504853844642639,2.7777769565582275
1725954644422436977,-0.34883421659469604,2.7777774333953857
1725954644445018575,-0.34606289863586426,2.7777774333953857
1725954644473560515,-0.34176740050315857,2.777777671813965
1725954644504085552,-0.3357210159301758,2.777778148651123
1725954644531338372,-0.3288153409957886,2.7777786254882812
1725954644552890508,-0.32228705286979675,2.7777791023254395
1725954644579163834,-0.3170846104621887,2.7777791023254395
1725954644608054172,-0.31364715099334717,2.7777788639068604
1725954644636267346,-0.3113003075122833,2.7777209281921387
1725954644655489495,-0.309176504611969,2.7776436805725098
1725954644679083064,-0.3073350489139557,2.777400016784668
1725954644707042755,-0.30594679713249207,2.7772295475006104
1725954644734625530,-0.3045791983604431,2.7767086029052734
1725954644757960461,-0.302555114030838,2.776315450668335
1725954644782606505,-0.2994798421859741,2.7755253314971924
1725954644808589707,-0.2957390546798706,2.775012731552124
1725954644834102551,-0.29184991121292114,2.773711919784546
1725954644861963634,-0.28795376420021057,2.772822618484497
1725954644886002596,-0.28431281447410583,2.7716095447540283
1725954644917856244,-0.2808230221271515,2.7699756622314453
1725954644941354435,-0.2765262722969055,2.7674803733825684
1725954644962529729,-0.2705511450767517,2.764953374862671
1725954644987138912,-0.26296374201774597,2.7610929012298584
1725954645013726611,-0.26296374201774597,2.7610929012298584
1725954645041085425,-0.2459375560283661,2.752894639968872
1725954645061915546,-0.23683445155620575,2.749034881591797
1725954645091291829,-0.22769343852996826,2.7439205646514893
1725954645122824423,-0.21954143047332764,2.7393298149108887
1725954645149669942,-0.21335558593273163,2.7338085174560547
1725954645170669612,-0.2093159258365631,2.729470729827881
1725954645192223129,-0.207008495926857,2.722714900970459
1725954645218023173,-0.20549732446670532,2.7172603607177734
1725954645247574382,-0.2036144882440567,2.7101290225982666
1725954645273224955,-0.20048655569553375,2.703591823577881
1725954645298216954,-0.1959100216627121,2.6967339515686035
1725954645326512200,-0.190501406788826,2.690403461456299
1725954645356202817,-0.18487395346164703,2.6821281909942627
1725954645377503764,-0.17928211390972137,2.6745195388793945
1725954645403642509,-0.17412373423576355,2.667389392852783
1725954645432622393,-0.16957038640975952,2.6595375537872314
1725954645461656750,-0.16512474417686462,2.6504733562469482
1725954645481134699,-0.16040371358394623,2.6421477794647217
1725954645509696014,-0.15513333678245544,2.6312766075134277
1725954645542412956,-0.1489286869764328,2.619504690170288
1725954645569043401,-0.14190800487995148,2.604017496109009
1725954645591722707,-0.13437201082706451,2.588012456893921
1725954645619315823,-0.12657611072063446,2.5701794624328613
1725954645649019546,-0.11902420222759247,2.5541203022003174
1725954645674290608,-0.11217540502548218,2.536754608154297
1725954645694156637,-0.10628858953714371,2.521202325820923
1725954645722675813,-0.10160061717033386,2.504209041595459
1725954645750408701,-0.09814392775297165,2.4885385036468506
1725954645775904059,-0.09549068659543991,2.4710588455200195
1725954645802433733,-0.09311801940202713,2.4550299644470215
1725954645826362403,-0.09070856124162674,2.437448024749756
1725954645862183896,-0.08803434669971466,2.4210619926452637
1725954645889282441,-0.08498843759298325,2.4028749465942383
1725954645912692588,-0.08157667517662048,2.386181592941284
1725954645942018098,-0.07794695347547531,2.368915319442749
1725954645967989675,-0.0743166133761406,2.351064443588257
1725954646000705320,-0.07063732296228409,2.3323283195495605
1725954646021799659,-0.06679706275463104,2.3134052753448486
1725954646052176397,-0.06267428398132324,2.296419858932495
1725954646086916630,-0.058077383786439896,2.2791662216186523
1725954646110290463,-0.05333615466952324,2.2600152492523193
1725954646130238141,-0.04908518120646477,2.2424819469451904
1725954646162070166,-0.04568732529878616,2.223478078842163
1725954646185418498,-0.04322576895356178,2.2058846950531006
1725954646215213535,-0.04150783643126488,2.1863648891448975
1725954646237196546,-0.04020407050848007,2.1698219776153564
1725954646267980601,-0.03900205343961716,2.150165319442749
1725954646298624771,-0.03755555301904678,2.128369092941284
1725954646325562657,-0.035399287939071655,2.1003642082214355
1725954646346348864,-0.03224080801010132,2.077349901199341
1725954646369689039,-0.02798779495060444,2.032698392868042
1725954646401477831,-0.02273048833012581,1.9960116147994995
1725954646428924310,-0.01689283549785614,1.9596052169799805
1725954646451191386,-0.010980064980685711,1.927158236503601
1725954646485238284,-0.005574559327214956,1.894514560699463
1725954646512132523,-0.0011022230610251427,1.8604782819747925
1725954646534732830,0.002242063404992223,1.8264013528823853
1725954646556046737,0.004396419506520033,1.7934623956680298
1725954646579958531,0.005714207421988249,1.7592206001281738
1725954646612912972,0.006765680853277445,1.725790023803711
1725954646640338827,0.007891266606748104,1.6908684968948364
1725954646662328160,0.009134054183959961,1.6570345163345337
1725954646692038858,0.010452874936163425,1.6217460632324219
1725954646723732094,0.011929166503250599,1.5873130559921265
1725954646752531620,0.01369656901806593,1.551124095916748
1725954646774514463,0.01569979637861252,1.5161007642745972
1725954646806844618,0.017778614535927773,1.4791381359100342
1725954646839815434,0.019840534776449203,1.4431402683258057
1725954646863411693,0.02187831699848175,1.4052554368972778
1725954646887468293,0.024002602323889732,1.3687034845352173
1725954646911168069,0.02633378840982914,1.330583095550537
1725954646938946743,0.028735382482409477,1.2934054136276245
1725954646967641433,0.03101133555173874,1.254797101020813
1725954646991358797,0.033043816685676575,1.217270016670227
1725954647015079611,0.03465977683663368,1.1778827905654907
1725954647044629530,0.035838782787323,1.139294147491455
1725954647069399842,0.03669756278395653,1.097816824913025
1725954647097787325,0.03729426488280296,1.0536442995071411
1725954647125626726,0.03765494376420975,1.014140009880066
1725954647148223314,0.03785765543580055,0.97170490026474
1725954647173997689,0.0380416214466095,0.9275316596031189
1725954647198747742,0.038322921842336655,0.8798010349273682
1725954647220733645,0.038737427443265915,0.8388249278068542
1725954647247349923,0.03908912464976311,0.7938328981399536
1725954647274351231,0.039122749119997025,0.748488187789917
1725954647294016584,0.039030030369758606,0.6985693573951721
1725954647319513185,0.03923909366130829,0.6545441150665283
1725954647358657987,0.03971147909760475,0.6056416630744934
1725954647387514546,0.04017079994082451,0.5487133264541626
1725954647412239708,0.04085579514503479,0.4913249611854553
1725954647433228877,0.041685204952955246,0.43303778767585754
1725954647461224568,0.04244454205036163,0.18303778767585754
1725954647491115273,0.04363707825541496,0.0
1725954647513893628,0.04512671008706093,0.0
1725954647540824831,0.046898502856492996,0.0
1725954647563886556,0.048003073781728745,0.0
1725954647588433330,0.04604155570268631,0.0
1725954647609480280,0.04158611595630646,0.0
1725954647635962219,0.03701331093907356,0.0
1725954647660465734,0.033420149236917496,0.0
1725954647688416682,0.031079571694135666,0.0
1725954647720083789,0.02983170561492443,0.0
1725954647743669130,0.029357802122831345,0.0
1725954647775802813,0.02933952957391739,0.0
1725954647805548235,0.029530618339776993,0.0
1725954647830251410,0.029772864654660225,0.0
1725954647853656433,0.029983453452587128,0.0
1725954647875892436,0.03013223223388195,0.0
1725954647905559370,0.03021957352757454,0.0
1725954647933049210,0.030259516090154648,0.0
1725954647955011778,0.030269088223576546,0.0
1725954647979328085,0.030262816697359085,0.0
1725954648003977309,0.030250823125243187,0.0
1725954648034224547,0.030238956212997437,0.0
1725954648067920171,0.030229825526475906,0.0
1725954648097463840,0.030223986133933067,0.0
1725954648128219420,0.03022094815969467,0.0
1725954648154318415,0.0,0.0
1725954648177649217,0.0,0.0
1725954648205078049,0.0,0.0
1725954648233566444,0.0,0.0
1725954648258743580,0.0,0.0
1725954648277557633,0.0,0.0
1725954648309585843,0.0,0.0
1725954648332289775,0.0,0.0
1725954648356174958,0.0,0.0
1725954648380765140,0.0,0.0
1725954648406344142,0.0,0.0
1725954648435066657,0.0,0.0
1725954648456763438,0.0,0.0
1725954648480248993,0.0,0.0
1725954648511261919,0.0,0.0
1725954648540512605,0.0,0.0
1725954648562746425,0.0,0.0
1725954648594687288,0.0,0.0
1725954648625206840,0.0,0.0
1725954648653859970,0.0,0.0
1725954648674445186,0.0,0.0
1725954648701410144,0.0,0.0
1725954648731955648,0.0,0.0
1725954648757916030,0.0,0.0
1725954648783259906,0.0,0.0
1725954648807704847,0.0,0.0
1725954648841265328,0.0,0.0
1725954648865921846,0.0,0.0
1725954648891555492,0.0,0.0
1725954648914550762,0.0,0.0
1725954648938177569,0.0,0.0
1725954648965002033,0.0,0.0
1725954648989799976,0.0,0.0
1725954649013765297,0.0,0.0
1725954649045526620,0.0,0.0
1725954649070826455,0.0,0.0
1725954649095098830,0.0,0.0
1725954649123517992,0.0,0.0
1725954649148192858,0.0,0.0
1725954649176786424,0.0,0.0
1725954649201689252,0.0,0.0
1725954649226033327,0.0,0.0
1725954649253215649,0.0,0.0
1725954649281101241,0.0,0.0
1725954649305544173,0.0,0.0
1725954649331175627,0.0,0.0
1725954649367576469,0.0,0.0
1725954649396490955,0.0,0.0
1725954649417519662,0.0,0.0
1725954649439455372,0.0,0.0
1725954649471731919,0.0,0.0
1725954649495482417,0.0,0.0
1725954649514339656,0.0,0.0
1725954649538982345,0.0,0.0
1725954649570186793,0.0,0.0
1725954649596389680,0.0,0.0
1725954649617441511,0.0,0.0
1725954649650580442,0.0,0.0
1725954649676553597,0.0,0.0
1725954649708371322,0.0,0.0
1725954649731845719,0.0,0.0
1725954649759841835,0.0,0.0
1725954649790025506,0.0,0.0
1725954649816550092,0.0,0.0
1725954649839536050,0.0,0.0
1725954649865457363,0.0,0.0
1725954649895106790,0.0,0.0
1725954649925350546,0.0,0.0
1725954649949817061,0.0,0.0
1725954649976554293,0.0,0.0
1725954650001830294,0.0,0.0
1725954650027680302,0.0,0.0
1725954650048915130,0.0,0.0
1725954650070194130,0.0,0.0
1725954650100940629,0.0,0.0
1725954650129802443,0.0,0.0
1725954650152097555,0.0,0.0
1725954650175640309,0.0,0.0
1725954650206302901,0.0,0.0
1725954650236558046,0.0,0.0
1725954650262584320,0.0,0.0
1725954650283395386,0.0,0.0
1725954650312638853,0.0,0.0
1725954650343366228,0.0,0.0
1725954650365028950,0.0,0.0
1725954650389735639,0.0,0.0
1725954650420047872,0.0,0.0
1725954650444819146,0.0,0.0
1725954650466478064,0.0,0.0
1725954650491096447,0.0,0.0
1725954650523092606,0.0,0.0
1725954650549839716,0.0,0.0
1725954650573791880,0.0,0.0
1725954650594855715,0.0,0.0
1725954650627870366,0.0,0.0
1725954650655415808,0.0,0.0
1725954650683532009,0.0,0.0
1725954650710354596,0.0,0.0
1725954650739380990,0.0,0.0
1725954650765037681,0.0,0.0
1725954650787144691,0.0,0.0
1725954650811036118,0.0,0.0
1725954650840507670,0.0,0.0
1725954650866827811,0.0,0.0
1725954650886008961,0.0,0.0
1725954650908703519,0.0,0.0
1725954650937311771,0.0,0.0
1725954650968171240,0.0,0.0
1725954650991413585,0.0,0.0
1725954651018231857,0.0,0.0
1725954651044026866,0.0,0.0
1725954651073362758,0.0,0.0
1725954651092008300,0.0,0.0
1725954651113326433,0.0,0.0
1725954651138644346,0.0,0.0
1725954651171464589,0.0,0.0
1725954651196455248,0.0,0.0
1725954651225033159,0.0,0.0
1725954651248259797,0.0,0.0
1725954651278036777,0.0,0.0
1725954651306992138,0.0,0.0
1725954651327082859,0.0,0.0
1725954651356578878,0.0,0.0
1725954651384541476,0.0,0.0
1725954651411093097,0.0,0.0
1725954651434705112,0.0,0.0
1725954651457594103,0.0,0.0
1725954651487143766,0.0,0.0
1725954651519679843,0.0,0.0
1725954651544395146,0.0,0.0
1725954651570619919,0.0,0.0
1725954651601897510,0.0,0.0
1725954651631502275,0.0,0.0
1725954651651464567,0.0,0.0
1725954651679124079,0.0,0.0
1725954651711351965,0.0,0.0
1725954651737978769,0.0,0.0
1725954651767849486,0.0,0.0
1725954651797546000,0.0,0.0
1725954651821517201,0.0,0.0
1725954651844970456,0.0,0.0
1725954651868549543,0.0,0.0
1725954651896933632,0.0,0.0
1725954651923187291,0.0,0.0
1725954651944704582,0.0,0.0
1725954651973625416,0.0,0.0
1725954651997825894,0.0,0.0
1725954652027585746,0.0,0.0
1725954652059332533,0.0,0.0
1725954652081484581,0.0,0.0
1725954652114676400,0.0,0.0
1725954652143968903,0.0,0.0
1725954652171020173,0.0,0.0
1725954652192979347,0.0,0.0
1725954652230560081,0.0,0.0
1725954652253778896,0.0,0.0
1725954652280656509,0.0,0.0
1725954652312610862,0.0,0.0
1725954652336126560,0.0,0.0
1725954652365545898,0.0,0.0
1725954652389387380,0.0,0.0
1725954652414533050,0.0,0.0
1725954652448520413,0.0,0.0
1725954652475342679,0.0,0.0
1725954652499023424,0.0,0.0
1725954652523026624,0.0,0.0
1725954652548715397,0.0,0.0
1725954652575855874,0.0,0.0
1725954652602826084,0.0,0.0
1725954652624485723,0.0,0.0
1725954652650735451,0.0,0.0
1725954652679473270,0.0,0.0
1725954652703094794,0.0,0.0
1725954652730853707,0.0,0.0
1725954652760109411,0.0,0.0
1725954652786428583,0.0,0.0
1725954652812106575,0.0,0.0
1725954652841395131,0.0,0.0
1725954652868538635,0.0,0.0
1725954652895217051,0.0,0.0
1725954652917674605,0.0,0.0
1725954652935880649,0.0,0.0
1725954652966973151,0.0,0.0
1725954652990430460,0.0,0.0
1725954653019157385,0.0,0.0
1725954653045127619,0.0,0.0
1725954653072050121,0.0,0.0
1725954653094763496,0.0,0.0
1725954653118288226,0.0,0.0
1725954653141356192,0.0,0.0
1725954653177823593,0.0,0.0
1725954653209762252,0.0,0.0
1725954653232548308,0.0,0.0
1725954653257783167,0.0,0.0
1725954653287953968,0.0,0.0
1725954653311305720,0.0,0.0
1725954653336189099,0.0,0.0
1725954653367563080,0.0,0.0
1725954653392741411,0.0,0.0
1725954653420249573,0.0,0.0
1725954653441808991,0.0,0.0
1725954653470844448,0.0,0.0
1725954653499916117,0.0,0.0
1725954653521647611,0.0,0.0
1725954653542223883,0.0,0.0
1725954653565347270,0.0,0.0
1725954653597488710,0.0,0.0
1725954653622947923,0.0,0.0
1725954653642062463,0.0,0.0
1725954653672008962,0.0,0.0
1725954653694617187,0.0,0.0
1725954653727012183,0.0,0.0
1725954653746158134,0.0,0.0
1725954653775685374,0.0,0.0
1725954653810895526,0.0,0.0
1725954653840583177,0.0,0.0
1725954653878284782,0.0,0.0
1725954653912002729,0.0,0.0
1725954653944521150,0.0,0.0
1725954653968845512,0.0,0.0
1725954653998384304,0.0,0.0
1725954654027207348,0.0,0.0
1725954654050719520,0.0,0.0
1725954654077090414,0.0,0.0
1725954654106142698,0.0,0.0
1725954654138081532,0.0,0.0
1725954654163639678,0.0,0.0
1725954654188294103,0.0,0.0
1725954654214084648,0.0,0.0
1725954654242746223,0.0,0.0
1725954654270682869,0.0,0.0
1725954654296483750,0.0,0.0
1725954654323912901,0.0,0.0
1725954654354888327,0.0,0.0
1725954654379326646,0.0,0.0
1725954654405564012,0.0,0.0
1725954654435283315,0.0,0.0
1725954654465625319,0.0,0.0
1725954654488657228,0.0,0.0
1725954654522400820,0.0,0.0
1725954654556854674,0.0,0.0
1725954654580676451,0.0,0.0
1725954654605596442,0.0,0.0
1725954654635996806,0.0,0.0
1725954654661118916,0.0,0.0
1725954654681224843,0.0,0.0
1725954654706865695,0.0,0.0
1725954654737378071,0.0,0.0
1725954654761513680,0.0,0.0
1725954654784952029,0.0,0.0
1725954654814432361,0.0,0.0
1725954654843922565,0.0,0.0
1725954654872315416,0.0,0.0
1725954654898379821,0.0,0.0
1725954654926460013,0.0,0.0
1725954654955181427,0.0,0.0
1725954654988806482,0.0,0.0
1725954655007897652,0.0,0.0
1725954655027885088,0.0,0.0
1725954655058650625,0.0,0.0
1725954655086389225,0.0,0.0
1725954655105964266,0.0,0.0
1725954655135234168,0.0,0.0
1725954655164968049,0.0,0.0
1725954655193438603,0.0,0.0
1725954655215568503,0.0,0.0
1725954655237068915,0.0,0.0
1725954655269300007,0.0,0.0
1725954655294515256,0.0,0.0
1725954655317833605,0.0,0.0
1725954655342300010,0.0,0.0
1725954655369538772,0.0,0.0
1725954655394017337,0.0,0.0
1725954655416870657,0.0,0.0
1725954655442247435,0.0,0.0
1725954655473747734,0.0,0.0
1725954655504673435,0.0,0.0
1725954655527320423,0.0,0.0
1725954655553392101,0.0,0.0
1725954655588682646,0.0,0.0
1725954655613495753,0.0,0.0
1725954655634856911,0.0,0.0
1725954655660404745,0.0,0.0
1725954655689812673,0.0,0.0
1725954655716651779,0.0,0.0
1725954655743255224,0.0,0.0
1725954655767901460,0.0,0.0
1725954655794010031,0.0,0.0
1725954655823986192,0.0,0.0
1725954655844104666,0.0,0.0
1725954655876094290,0.0,0.0
1725954655908371103,0.0,0.0
1725954655932367590,0.0,0.0
1725954655958235937,0.0,0.0
1725954655981369274,0.0,0.0
1725954656013470915,0.0,0.0
1725954656041765493,0.0,0.0
1725954656068771079,0.0,0.0
1725954656094907575,0.0,0.0
1725954656128121034,0.0,0.0
1725954656154271592,0.0,0.0
1725954656177704920,0.0,0.0
1725954656201605857,0.0,0.0
1725954656230367057,0.0,0.0
1725954656255860877,0.0,0.0
1725954656283846248,0.0,0.0
1725954656308118590,0.0,0.0
1725954656340679511,0.0,0.0
1725954656364365561,0.0,0.0
1725954656387773743,0.0,0.0
1725954656410546577,0.0,0.0
1725954656440331853,0.0,0.0
1725954656472438117,0.0,0.0
1725954656491765327,0.0,0.0
1725954656517506418,0.0,0.0
1725954656545225891,0.0,0.0
1725954656582112993,0.0,0.0
1725954656604740916,0.0,0.0
1725954656629733756,0.0,0.0
1725954656661611235,0.0,0.0
1725954656690546439,0.0,0.0
1725954656713921714,0.0,0.0
1725954656737184427,0.0,0.0
1725954656767198536,0.0,0.0
1725954656795717971,0.0,0.0
1725954656822959399,0.0,0.0
1725954656844998324,0.0,0.0
1725954656872311467,0.0,0.0
1725954656898901475,0.0,0.0
1725954656926385883,0.0,0.0
1725954656956506353,0.0,0.0
1725954656984337781,0.0,0.0
1725954657010706714,0.0,0.0
1725954657032297120,0.0,0.0
1725954657061532596,0.0,0.0
1725954657090102921,0.0,0.0
1725954657127366635,0.0,0.0
1725954657152351065,0.0,0.0
1725954657186200367,0.0,0.0
1725954657215025598,0.0,0.0
1725954657240658120,0.0,0.0
1725954657265412934,0.0,0.0
1725954657291628306,0.0,0.0
1725954657319456544,0.0,0.0
1725954657346294829,0.0,0.0
1725954657372879156,0.0,0.0
1725954657400769517,0.0,0.0
1725954657431777925,0.0,0.0
1725954657452453482,0.0,0.0
1725954657478045725,0.0,0.0
1725954657511107887,0.0,0.0
1725954657535246215,0.0,0.0
1725954657560247564,0.0,0.0
1725954657584331038,0.0,0.0
1725954657613725940,0.0,0.0
1725954657641437094,0.0,0.0
1725954657669118428,0.0,0.0
1725954657692769797,0.0,0.0
1725954657721297780,0.0,0.0
1725954657750329945,0.0,0.0
1725954657777634097,0.0,0.0
1725954657805553012,0.0,0.0
1725954657831309837,0.0,0.0
1725954657855934575,0.0,0.0
1725954657880059502,0.0,0.0
1725954657901179008,0.0,0.0
1725954657932112618,0.0,0.0
1725954657959213077,0.0,0.0
1725954657988010711,0.0,0.0
1725954658010346909,0.0,0.0
1725954658041642980,0.0,0.0
1725954658069759188,0.0,0.0
1725954658093910735,0.0,0.0
1725954658117644931,0.0,0.0
1725954658147192059,0.0,0.0
1725954658177571141,0.0,0.0
1725954658211880674,0.0,0.0
1725954658235536506,0.0,0.0
1725954658264744320,0.0,0.0
1725954658290082997,0.0,0.0
1725954658312974300,0.030220219865441322,0.05000000074505806
1725954658342737536,0.030220219865441322,0.10000000149011612
1725954658371752232,0.030220219865441322,0.25003814697265625
1725954658392540495,0.030220219865441322,0.25003063678741455
1725954658419114711,0.030220219865441322,0.25010770559310913
1725954658456861496,0.030220219865441322,0.25000160932540894
1725954658479780924,0.030220219865441322,0.2512836456298828
1725954658504159787,0.029037967324256897,0.27218344807624817
1725954658524681426,0.024043355137109756,0.3069891333580017
1725954658554453806,0.013730224221944809,0.4030200242996216
1725954658587391861,-0.001378985121846199,0.49409621953964233
1725954658611836701,-0.019966015592217445,0.5726708769798279
1725954658634379380,-0.04065179079771042,0.6378624439239502
1725954658691184673,-0.08431444317102432,0.7407575845718384
1725954658716020709,-0.10618307441473007,0.7850843667984009
1725954658743827450,-0.12709997594356537,0.8274285197257996
1725954658780029068,-0.14460492134094238,0.8662434220314026
1725954658807155163,-0.15636493265628815,0.8889276385307312
1725954658832191771,-0.16208593547344208,0.9252203702926636
1725954658853190447,-0.16223837435245514,0.957531213760376
1725954658885019566,-0.15786300599575043,0.9876383543014526
1725954658911052716,-0.15093562006950378,1.0167360305786133
1725954658931456642,-0.1434488296508789,1.0461809635162354
1725954658953600855,-0.1366080939769745,1.072579026222229
1725954658982924917,-0.13072538375854492,1.0985710620880127
1725954659012104644,-0.1260661482810974,1.120877742767334
1725954659039995606,-0.12285752594470978,1.1440225839614868
1725954659064772719,-0.12038328498601913,1.1798608303070068
1725954659091340980,-0.11731932312250137,1.2173359394073486
1725954659121956463,-0.11233557760715485,1.2709436416625977
1725954659145118674,-0.10497414320707321,1.3043467998504639
1725954659169789128,-0.09505375474691391,1.3856357336044312
1725954659203456632,-0.08156278729438782,1.4405896663665771
1725954659229907463,-0.0650552436709404,1.4883674383163452
1725954659256365326,-0.047894805669784546,1.5296807289123535
1725954659275532308,-0.03221707046031952,1.567351222038269
1725954659325067029,-0.019472144544124603,1.6020961999893188
1725954659351918335,-0.00961464922875166,1.6333427429199219
1725954659384858505,-0.0012115463614463806,1.6656386852264404
1725954659417648215,0.006655143573880196,1.6945596933364868
1725954659444028653,0.013722088187932968,1.7217340469360352
1725954659465447644,0.019619125872850418,1.7478442192077637
1725954659488435044,0.02459598332643509,1.7736567258834839
1725954659522292650,0.02907748334109783,1.798351526260376
1725954659553862726,0.03312631696462631,1.8217716217041016
1725954659579088063,0.03662101551890373,1.8434666395187378
1725954659600831220,0.039627451449632645,1.8653290271759033
1725954659629259437,0.042407289147377014,1.8853243589401245
1725954659658648626,0.04515913501381874,1.9039435386657715
1725954659683349422,0.0481429360806942,1.923482060432434
1725954659707333283,0.05158592760562897,1.9464915990829468
1725954659734362711,0.05556273087859154,1.973158836364746
1725954659763521610,0.06035327911376953,2.0043411254882812
1725954659787939288,0.06607373803853989,2.027597665786743
1725954659814069585,0.07254135608673096,2.07234525680542
1725954659846236108,0.07957595586776733,2.106586217880249
1725954659874203509,0.08637629449367523,2.136216640472412
1725954659898330402,0.09209474176168442,2.163693428039551
1725954659928745486,0.09640270471572876,2.187300205230713
1725954659955078581,0.09918338060379028,2.2109363079071045
1725954659977962410,0.10071732103824615,2.232433795928955
1725954659999205880,0.10137178003787994,2.253066062927246
1725954660033859991,0.10140712559223175,2.2726352214813232
1725954660062238796,0.10105752944946289,2.291719436645508
1725954660087759419,0.10054486244916916,2.309675455093384
1725954660113679787,0.10002700239419937,2.3263044357299805
1725954660141932596,0.0996101126074791,2.342559814453125
1725954660170839697,0.09936971962451935,2.3579554557800293
1725954660192588037,0.09931670129299164,2.3729782104492188
1725954660216356603,0.09943729639053345,2.388007402420044
1725954660244886624,0.09964361041784286,2.3997342586517334
1725954660272629083,0.09989477694034576,2.412761926651001
1725954660294281099,0.10018075257539749,2.42775559425354
1725954660319136728,0.1003151461482048,2.4413468837738037
1725954660350788416,0.10002192854881287,2.461893081665039
1725954660382228473,0.09930016845464706,2.4833407402038574
1725954660406829035,0.09800249338150024,2.5041866302490234
1725954660431285968,0.09590502828359604,2.523923397064209
1725954660465773987,0.09364987909793854,2.541320562362671
1725954660489454157,0.09195130318403244,2.5576202869415283
1725954660512624983,0.09103470295667648,2.571732521057129
1725954660536836672,0.0908287763595581,2.586181402206421
1725954660565887286,0.09098485112190247,2.597832202911377
1725954660593675535,0.0912812277674675,2.609637498855591
1725954660615423902,0.09158361703157425,2.620117425918579
1725954660640254227,0.09178116172552109,2.630337953567505
1725954660671246245,0.09184744209051132,2.6397078037261963
1725954660697751760,0.0916934534907341,2.6482625007629395
1725954660722018104,0.09115272760391235,2.657107353210449
1725954660745051512,0.09020273387432098,2.664926767349243
1725954660772878282,0.08896618336439133,2.6723737716674805
1725954660798836383,0.0875016301870346,2.6791281700134277
1725954660821996687,0.08573651313781738,2.685633659362793
1725954660847668258,0.08355296403169632,2.692023992538452
1725954660877951967,0.08091100305318832,2.6972248554229736
1725954660912610346,0.07792945951223373,2.7033896446228027
1725954660935096897,0.07468701899051666,2.7105185985565186
1725954660959173143,0.07069515436887741,2.7179229259490967
1725954660989982477,0.06540876626968384,2.7253546714782715
1725954661019235638,0.05927567556500435,2.732400894165039
1725954661044605127,0.05312073603272438,2.738922357559204
1725954661067855027,0.04748918488621712,2.7441911697387695
1725954661100685957,0.04299195483326912,2.7483603954315186
1725954661126201206,0.03985321894288063,2.7525923252105713
1725954661151954296,0.03764516860246658,2.755718469619751
1725954661175958729,0.03572074696421623,2.7591686248779297
1725954661206982098,0.03342164680361748,2.761469841003418
1725954661234082914,0.030458558350801468,2.76389741897583
1725954661258520213,0.02683734893798828,2.7658114433288574
1725954661279492732,0.022670375183224678,2.767832040786743
1725954661309629342,0.01834900490939617,2.769237756729126
1725954661338360747,0.014329086989164352,2.770581007003784
1725954661364664498,0.010801560245454311,2.7719013690948486
1725954661390434202,0.007716561201959848,2.772702932357788
1725954661419669084,0.004747617524117231,2.7735769748687744
1725954661446315158,0.0013454556465148926,2.77427339553833
1725954661470378308,-0.0028033507987856865,2.7749509811401367
1725954661498319462,-0.007492927834391594,2.775388240814209
1725954661529457821,-0.012315855361521244,2.775815963745117
1725954661553353176,-0.017289789393544197,2.7762529850006104
1725954661575468473,-0.022879555821418762,2.776642322540283
1725954661597900947,-0.029646920040249825,2.7770230770111084
1725954661628119965,-0.03800902143120766,2.7772879600524902
1725954661659263870,-0.04809637740254402,2.7775015830993652
1725954661683247642,-0.05970223620533943,2.777592420578003
1725954661703962641,-0.07206153869628906,2.777676820755005
1725954661733065985,-0.08426870405673981,2.7777040004730225
1725954661760867465,-0.095951609313488,2.7777342796325684
1725954661785522103,-0.1068972647190094,2.7777462005615234
1725954661809035116,-0.11673726886510849,2.7777576446533203
1725954661839383682,-0.1253838986158371,2.777763605117798
1725954661868653516,-0.13306674361228943,2.777768135070801
1725954661892742175,-0.14016681909561157,2.777770757675171
1725954661916750152,-0.1472705453634262,2.777772903442383
1725954661951399403,-0.1546732783317566,2.7777748107910156
1725954661991863697,-0.16246314346790314,2.777775287628174
1725954662019477526,-0.17069771885871887,2.7777762413024902
1725954662051678199,-0.17905768752098083,2.7777769565582275
1725954662081224583,-0.187366783618927,2.7777767181396484
1725954662102809710,-0.1958431452512741,2.7777771949768066
1725954662128287306,-0.20508860051631927,2.777777671813965
1725954662158584150,-0.21628527343273163,2.7777771949768066
1725954662190569367,-0.23037198185920715,2.7777769565582275
1725954662212219912,-0.24730880558490753,2.7777774333953857
1725954662237581548,-0.26629430055618286,2.777777910232544
1725954662266034680,-0.28603464365005493,2.7777767181396484
1725954662296394988,-0.3048804700374603,2.7777769565582275
1725954662320852162,-0.3214748799800873,2.777777671813965
1725954662344646285,-0.335059255361557,2.777777910232544
1725954662373214989,-0.34566667675971985,2.777777671813965
1725954662403253989,-0.35399752855300903,2.777777910232544
1725954662426487384,-0.3609008193016052,2.7777769565582275
1725954662451201009,-0.36712154746055603,2.7777767181396484
1725954662480079371,-0.37323200702667236,2.7777774333953857
1725954662508578955,-0.37951165437698364,2.777777671813965
1725954662546373265,-0.38575538992881775,2.777777671813965
1725954662589143055,-0.39173001050949097,2.777777671813965
1725954662620465976,-0.3977464437484741,2.7777774333953857
1725954662647894415,-0.4041081368923187,2.7777771949768066
1725954662669927869,-0.410431832075119,2.7777774333953857
1725954662699186492,-0.41638922691345215,2.777777671813965
1725954662728020146,-0.4209148585796356,2.777777671813965
1725954662751555085,-0.42421311140060425,2.777777671813965
1725954662782032579,-0.4281017482280731,2.777777671813965
1725954662806383470,-0.43160825967788696,2.7777771949768066
1725954662832823623,-0.43173015117645264,2.7777769565582275
1725954662853818654,-0.42683154344558716,2.7777769565582275
1725954662881343086,-0.4178183972835541,2.777777910232544
1725954662914044795,-0.40777724981307983,2.777777910232544
1725954662936682954,-0.4009026885032654,2.777777910232544
1725954662966811169,-0.3990437686443329,2.7777769565582275
1725954662993337030,-0.4001891613006592,2.7777771949768066
1725954663018668416,-0.4012205898761749,2.7777774333953857
1725954663047785013,-0.39942389726638794,2.777777671813965
1725954663089321968,-0.39476528763771057,2.777777671813965
1725954663119413060,-0.3894366919994354,2.777777671813965
1725954663147216382,-0.38361185789108276,2.777777671813965
1725954663173444025,-0.37677791714668274,2.777777671813965
1725954663201240510,-0.3694619834423065,2.777777671813965
1725954663230004228,-0.36222171783447266,2.777777910232544
1725954663259671519,-0.3555695116519928,2.777777910232544
1725954663286781001,-0.34978538751602173,2.777777671813965
1725954663309155137,-0.3451334834098816,2.777777671813965
1725954663336198965,-0.34147506952285767,2.777777671813965
1725954663363554023,-0.3378841280937195,2.777777671813965
1725954663390219458,-0.33332139253616333,2.777777671813965
1725954663421444855,-0.3272365629673004,2.777777671813965
1725954663450717894,-0.3194219172000885,2.777777671813965
1725954663476676049,-0.3098440170288086,2.777777671813965
1725954663501791184,-0.29906535148620605,2.777777910232544
1725954663521733033,-0.2881038188934326,2.777777910232544
1725954663550536934,-0.2780326306819916,2.777777910232544
1725954663584137004,-0.26966750621795654,2.777777910232544
1725954663604314193,-0.26325783133506775,2.777777910232544
1725954663632422428,-0.25862646102905273,2.777777910232544
1725954663672157874,-0.25538086891174316,2.777777910232544
1725954663698795922,-0.25295454263687134,2.777777910232544
1725954663724705778,-0.25087955594062805,2.777777910232544
1725954663747488354,-0.2488849014043808,2.777777910232544
1725954663780088332,-0.24678438901901245,2.777777910232544
1725954663808724352,-0.24475429952144623,2.777777671813965
1725954663832233750,-0.24308042228221893,2.777777910232544
1725954663857331824,-0.24177055060863495,2.777777671813965
1725954663886423184,-0.24078930914402008,2.777777910232544
1725954663914819492,-0.2400522232055664,2.777777910232544
1725954663938799682,-0.2391495257616043,2.777777910232544
1725954663960596530,-0.2377435266971588,2.777777671813965
1725954663992475936,-0.23573945462703705,2.777777671813965
1725954664020006192,-0.2326771467924118,2.777777671813965
1725954664043018602,-0.22813118994235992,2.777777910232544
1725954664068371068,-0.22234012186527252,2.777777910232544
1725954664098470984,-0.21612688899040222,2.777777910232544
1725954664125466096,-0.21068625152111053,2.777777671813965
1725954664151503088,-0.20687538385391235,2.777777910232544
1725954664177941894,-0.20474423468112946,2.777777910232544
1725954664210837827,-0.20385156571865082,2.777777910232544
1725954664240022595,-0.20399059355258942,2.777777671813965
1725954664264172964,-0.2051485925912857,2.777777910232544
1725954664287005020,-0.2065570056438446,2.777777910232544
1725954664326814038,-0.2076113224029541,2.777777671813965
1725954664349865056,-0.20849686861038208,2.777777910232544
1725954664376193008,-0.2089778333902359,2.777777910232544
1725954664396927521,-0.20898787677288055,2.777777910232544
1725954664430017181,-0.208950936794281,2.777777910232544
1725954664457806008,-0.2090872824192047,2.777777910232544
1725954664482147170,-0.2095550149679184,2.777777910232544
1725954664506619594,-0.21035990118980408,2.777777671813965
1725954664534015182,-0.2112901210784912,2.777777671813965
1725954664564721998,-0.2119145691394806,2.777777671813965
1725954664584335229,-0.2116096019744873,2.777777671813965
1725954664613031407,-0.21003000438213348,2.777777671813965
1725954664646686134,-0.20753656327724457,2.777777910232544
1725954664670768756,-0.20488332211971283,2.777777910232544
1725954664697899144,-0.20318344235420227,2.777777671813965
1725954664720092507,-0.20325329899787903,2.777777910232544
1725954664753914628,-0.20451343059539795,2.777777910232544
1725954664778566014,-0.20598025619983673,2.777777671813965
1725954664803554360,-0.20712998509407043,2.777777910232544
1725954664824887339,-0.20748987793922424,2.777777910232544
1725954664855604909,-0.20706886053085327,2.777777910232544
1725954664886364668,-0.20671677589416504,2.777777910232544
1725954664911809628,-0.20681606233119965,2.777777910232544
1725954664937487810,-0.2072492241859436,2.777777910232544
1725954664967600358,-0.20808035135269165,2.777777910232544
1725954664989740634,-0.2091543972492218,2.777777910232544
1725954665020223680,-0.21057553589344025,2.777777671813965
1725954665050178777,-0.2124236822128296,2.777777671813965
1725954665076215163,-0.21439774334430695,2.777777671813965
1725954665101713025,-0.21608318388462067,2.777777671813965
1725954665126280030,-0.216618612408638,2.777777910232544
1725954665147588985,-0.21562451124191284,2.777777910232544
1725954665178549813,-0.21408702433109283,2.777777671813965
1725954665213357875,-0.21264350414276123,2.777777910232544
1725954665238316382,-0.21072059869766235,2.777777910232544
1725954665260299854,-0.20874333381652832,2.777777910232544
1725954665295036301,-0.20782504975795746,2.777777910232544
1725954665321241365,-0.20791256427764893,2.777777910232544
1725954665348623031,-0.20900891721248627,2.777777910232544
1725954665365999542,-0.21093009412288666,2.777777910232544
1725954665401803797,-0.2129332423210144,2.777777671813965
1725954665430941156,-0.21480830013751984,2.777777910232544
1725954665454074344,-0.2163124531507492,2.777777671813965
1725954665481309921,-0.21698974072933197,2.777777910232544
1725954665510833651,-0.21623775362968445,2.777777910232544
1725954665537217296,-0.2141573280096054,2.777777671813965
1725954665563621434,-0.21165797114372253,2.777777910232544
1725954665589253433,-0.20918317139148712,2.777777671813965
1725954665622262671,-0.2071959227323532,2.777777671813965
1725954665649924320,-0.206197127699852,2.777777671813965
1725954665675178771,-0.20592722296714783,2.777777671813965
1725954665696523328,-0.2055055946111679,2.777777671813965
1725954665732943051,-0.20411717891693115,2.777777671813965
1725954665758419527,-0.20148004591464996,2.777777910232544
1725954665785279339,-0.1980804204940796,2.777777671813965
1725954665812652404,-0.19473780691623688,2.777777910232544
1725954665837631587,-0.19155645370483398,2.777777910232544
1725954665868195304,-0.18855316936969757,2.777777910232544
1725954665892927876,-0.18652300536632538,2.777777671813965
1725954665922037022,-0.18591652810573578,2.777777910232544
1725954665951305452,-0.18627586960792542,2.777777910232544
1725954665976790396,-0.186834454536438,2.777777910232544
1725954665999901288,-0.18658994138240814,2.777777910232544
1725954666022834291,-0.1850384771823883,2.777777910232544
1725954666058872584,-0.18262165784835815,2.777777910232544
1725954666079025195,-0.18001151084899902,2.777777910232544
1725954666107030353,-0.17756950855255127,2.777777910232544
1725954666125133869,-0.1753942370414734,2.777777910232544
1725954666152892621,-0.17336693406105042,2.777777910232544
1725954666182823219,-0.17106874287128448,2.777777671813965
1725954666207747515,-0.1682894080877304,2.777777671813965
1725954666234084168,-0.1646287590265274,2.777777910232544
1725954666266507842,-0.15940126776695251,2.777777910232544
1725954666290907932,-0.15284082293510437,2.777777910232544
1725954666313819467,-0.14604048430919647,2.777777910232544
1725954666372527948,-0.13562187552452087,2.777777910232544
1725954666404095893,-0.1322331577539444,2.777777910232544
1725954666428356994,-0.12937214970588684,2.777777910232544
1725954666458576060,-0.126798614859581,2.777777910232544
1725954666484244330,-0.12439381331205368,2.777777910232544
1725954666504476613,-0.12216286361217499,2.777777910232544
1725954666531821984,-0.12007266283035278,2.777777910232544
1725954666554706986,-0.11800814419984818,2.777777910232544
1725954666587763971,-0.11600448191165924,2.777777671813965
1725954666617106732,-0.11397359520196915,2.777777910232544
1725954666641458145,-0.11179342120885849,2.777777671813965
1725954666665550185,-0.1094849705696106,2.777777910232544
1725954666695851207,-0.1069437563419342,2.777777910232544
1725954666725010240,-0.10420966148376465,2.777777671813965
1725954666751159445,-0.10144779831171036,2.777777671813965
1725954666772569443,-0.09845186769962311,2.777777671813965
1725954666807764887,-0.09482582658529282,2.777777671813965
1725954666832311596,-0.09026322513818741,2.777777671813965
1725954666854501488,-0.08478441834449768,2.777777671813965
1725954666887157351,-0.07887696474790573,2.777777910232544
1725954666932592049,-0.0731816440820694,2.777777910232544
1725954666953422623,-0.06763709336519241,2.777777910232544
1725954666976030611,-0.0619865357875824,2.777777910232544
1725954667005596652,-0.05706543102860451,2.777777910232544
1725954667038575912,-0.05378163605928421,2.777777910232544
1725954667062080440,-0.05231251195073128,2.777777910232544
1725954667083641692,-0.05232067406177521,2.777777671813965
1725954667115114260,-0.05308143422007561,2.777777910232544
1725954667139711443,-0.05389935150742531,2.777777910232544
1725954667165233665,-0.05437926948070526,2.777777910232544
1725954667190436020,-0.054339002817869186,2.777777910232544
1725954667222043534,-0.05370006710290909,2.777777910232544
1725954667242456214,-0.052589401602745056,2.777777910232544
1725954667267998444,-0.05120158940553665,2.777777671813965
1725954667292783966,-0.049608100205659866,2.777777671813965
1725954667326928894,-0.04778924584388733,2.777777671813965
1725954667357071525,-0.04570046439766884,2.777777671813965
1725954667380757606,-0.04312566667795181,2.777777671813965
1725954667400822870,-0.03983435034751892,2.777777671813965
1725954667444131730,-0.035978447645902634,2.777777910232544
1725954667469856154,-0.032263610512018204,2.777777910232544
1725954667492856874,-0.02938970923423767,2.777777910232544
1725954667525324137,-0.028466753661632538,2.777777910232544
1725954667551089700,-0.03062642738223076,2.777777910232544
1725954667575659337,-0.034646227955818176,2.777777671813965
1725954667621300230,-0.038282059133052826,2.777777910232544
1725954667720799886,-0.040337808430194855,2.777777671813965
1725954667752649160,-0.040454257279634476,2.777777671813965
1725954667778464428,-0.03876836225390434,2.777777910232544
1725954667802547855,-0.03547538071870804,2.777777910232544
1725954667826666113,-0.03115961328148842,2.777777671813965
1725954667854879374,-0.02675609476864338,2.777777910232544
1725954667882142448,-0.022862466052174568,2.777777910232544
1725954667906705759,-0.019890546798706055,2.777777910232544
1725954667927747422,-0.018092330545186996,2.777777671813965
1725954667962770531,-0.01705036871135235,2.777777671813965
1725954667989616126,-0.01607796922326088,2.777777671813965
1725954668011555892,-0.015018685720860958,2.777777910232544
1725954668045378554,-0.013870944269001484,2.777777910232544
1725954668078285037,-0.012318042106926441,2.777777910232544
1725954668107314022,-0.010441761463880539,2.777777671813965
1725954668130323041,-0.008809253573417664,2.777777910232544
1725954668155178193,-0.007642088923603296,2.777777910232544
1725954668207603642,-0.0068147010169923306,2.777777671813965
1725954668231136862,-0.006041692104190588,2.777777910232544
1725954668254591244,-0.004997645504772663,2.777777910232544
1725954668283608499,-0.00370483729057014,2.777777910232544
1725954668313122323,-0.002375547308474779,2.777777910232544
1725954668340328913,-0.0012005382450297475,2.777777671813965
1725954668362340880,-0.00036069710040465,2.777777910232544
1725954668391848854,0.0001284614554606378,2.777777671813965
1725954668418160052,0.00041011229041032493,2.777777671813965
1725954668441013676,0.0006016188999637961,2.777777671813965
1725954668469584854,0.0007699566194787621,2.777777671813965
1725954668495529112,0.0010492954170331359,2.777777671813965
1725954668523458060,0.0016224471619352698,2.777777671813965
1725954668549047960,0.0025439492892473936,2.777777671813965
1725954668575994605,0.0037146704271435738,2.777777910232544
1725954668598556203,0.0050038485787808895,2.777777910232544
1725954668637523492,0.006271124817430973,2.777777910232544
1725954668662221712,0.007288079243153334,2.777777910232544
1725954668686043508,0.007848554290831089,2.777777910232544
1725954668707914822,0.007999488152563572,2.777777910232544
1725954668738972399,0.007958877831697464,2.777777910232544
1725954668763892147,0.007850251160562038,2.777777671813965
1725954668788781500,0.007682757452130318,2.777777910232544
1725954668811613187,0.00750941364094615,2.777777671813965
1725954668839634233,0.007417191751301289,2.777777910232544
1725954668872109704,0.007389680482447147,2.777777671813965
1725954668893187189,0.007449046708643436,2.777777910232544
1725954668921613907,0.007652000058442354,2.777777671813965
1725954668953244581,0.007855338044464588,2.777777910232544
1725954668981106055,0.007907655090093613,2.777777671813965
1725954669003172884,0.007769833318889141,2.777777671813965
1725954669032579512,0.007533226162195206,2.777777671813965
1725954669055903898,0.0074008372612297535,2.777777671813965
1725954669087184668,0.007457329425960779,2.777777671813965
1725954669109028867,0.007675975561141968,2.777777671813965
1725954669134263531,0.00804207194596529,2.777777910232544
1725954669165466200,0.008534345775842667,2.777777910232544
1725954669196969471,0.009020771831274033,2.777777910232544
1725954669219531355,0.009324409067630768,2.777777910232544
1725954669249690825,0.009415333159267902,2.777777671813965
1725954669279482668,0.009362852200865746,2.777777910232544
1725954669311080214,0.009171735495328903,2.777777671813965
1725954669332576678,0.009171735495328903,2.777777671813965
1725954669362946530,0.00836906861513853,2.777777671813965
1725954669384497750,0.007948690094053745,2.777777910232544
1725954669410674831,0.007555785588920116,2.777777910232544
1725954669433606293,0.0071434746496379375,2.777777910232544
1725954669467699674,0.00674829026684165,2.777777671813965
1725954669490894545,0.006437165662646294,2.777777910232544
1725954669523429519,0.006173912435770035,2.777777671813965
1725954669546166152,0.0058551630936563015,2.777777671813965
1725954669572903906,0.005514747928828001,2.777777671813965
1725954669600369609,0.005299912299960852,2.777777671813965
1725954669628846519,0.005247549619525671,2.777777671813965
1725954669651390760,0.005316346418112516,2.777777910232544
1725954669681344607,0.00551634281873703,2.777777671813965
1725954669716737547,0.005848512053489685,2.777777910232544
1725954669745198778,0.006093146745115519,2.777777910232544
1725954669777052919,0.006036880426108837,2.777777910232544
1725954669808215289,0.005845178384333849,2.777777671813965
1725954669836143538,0.0056734406389296055,2.777777910232544
1725954669858738481,0.005445112474262714,2.777777671813965
1725954669883778901,0.005151188001036644,2.777777910232544
1725954669922242796,0.0049039204604923725,2.777777671813965
1725954669946271716,0.004748935345560312,2.777777910232544
1725954669971871682,0.004633271135389805,2.777777671813965
1725954669998737173,0.00454873638227582,2.777777910232544
1725954670025615959,0.00452160369604826,2.777777671813965
1725954670056593678,0.004498742986470461,2.777777910232544
1725954670082683910,0.0043845209293067455,2.777777671813965
1725954670107164146,0.004179759882390499,2.777777910232544
1725954670140198046,0.003971149679273367,2.777777671813965
1725954670166868401,0.0037602970842272043,2.777777671813965
1725954670190121943,0.003485727123916149,2.777777671813965
1725954670242745353,0.003095482476055622,2.777777671813965
1725954670275921955,0.003135486738756299,2.777777671813965
1725954670301496708,0.003275881055742502,2.777777910232544
1725954670335783694,0.0035069878213107586,2.777777671813965
1725954670360745051,0.0038312627002596855,2.777777671813965
1725954670389515435,0.004120633937418461,2.777777910232544
1725954670413239778,0.004224210511893034,2.777777910232544
1725954670435743561,0.004133217036724091,2.777777910232544
1725954670471083770,0.003927710931748152,2.777777910232544
1725954670495072441,0.0036282807122915983,2.777777910232544
1725954670527208635,0.00320241367444396,2.777777671813965
1725954670552783911,0.002704707207158208,2.777777910232544
1725954670584433347,0.002255855593830347,2.777777671813965
1725954670611107348,0.0018667089752852917,2.777777910232544
1725954670631721706,0.0014641673769801855,2.777777910232544
1725954670657936695,0.0010619539534673095,2.777777910232544
1725954670689775943,0.000750873819924891,2.777777910232544
1725954670715873500,0.0005353032611310482,2.777777671813965
1725954670755319689,0.0003704125701915473,2.777777671813965
1725954670787927633,0.00032298799487762153,2.777777671813965
1725954670817760711,0.0004217741952743381,2.777777671813965
1725954670848780638,0.0005560231511481106,2.777777910232544
1725954670886552957,0.000652422197163105,2.777777910232544
1725954670908683682,0.0007063241209834814,2.777777671813965
1725954670933061778,0.0006656352779828012,2.777777910232544
1725954670959523521,0.0005003373371437192,2.777777910232544
1725954670986508480,0.0003032101085409522,2.777777671813965
1725954671015348783,0.0001317171409027651,2.777777910232544
1725954671041284319,-0.00012037144915666431,2.777777671813965
1725954671067119803,-0.0004035873571410775,2.777777910232544
1725954671098073261,-0.0005250555695965886,2.777777671813965
1725954671130766478,-0.0005145537434145808,2.777777910232544
1725954671151075134,-0.00038948480505496264,2.777777671813965
1725954671175605777,-9.71766421571374e-05,2.777777910232544
1725954671206500365,0.00032548702438361943,2.777777671813965
1725954671232763294,0.0007903109071776271,2.777777910232544
1725954671256442435,0.00106821081135422,2.777777671813965
1725954671282341700,0.001015915535390377,2.777777671813965
1725954671319666193,0.0008362031076103449,2.777777671813965
1725954671342372559,0.000730797415599227,2.777777671813965
1725954671363735590,0.0007460699416697025,2.777777671813965
1725954671390981972,0.0009557417361065745,2.777777671813965
1725954671426013965,0.0013902614591643214,2.777777910232544
1725954671452037918,0.0019484312506392598,2.777777671813965
1725954671478458123,0.0023558158427476883,2.777777910232544
1725954671504577224,0.002453062916174531,2.777777910232544
1725954671532570852,0.00241565122269094,2.777777671813965
1725954671561231279,0.002352565759792924,2.777777910232544
1725954671586508641,0.002136480063199997,2.777777671813965
1725954671610153930,0.0017529820324853063,2.777777910232544
1725954671641439777,0.0014150373172014952,2.777777671813965
1725954671667368845,0.0012036097468808293,2.777777910232544
1725954671689534637,0.0009562457562424242,2.777777671813965
1725954671712504473,0.0006877042469568551,2.777777910232544
1725954671748420867,0.0005968667101114988,2.777777671813965
1725954671772739775,0.0005936935194768012,2.777777910232544
1725954671799876472,0.00048304969095624983,2.777777671813965
1725954671832610972,0.0002589945215731859,2.777777910232544
1725954671855452421,-2.0097068045288324e-05,2.777777671813965
1725954671885800097,-0.00036091110086999834,2.777777910232544
1725954671906190718,-0.0009336574003100395,2.777777671813965
1725954671942663438,-0.0017402475932613015,2.777777671813965
1725954671978641282,-0.0024842231068760157,2.777777671813965
1725954672002504398,-0.003106658346951008,2.777777671813965
1725954672023936883,-0.003734810743480921,2.777777671813965
1725954672051385770,-0.00436476431787014,2.777777910232544
1725954672080552225,-0.005025691818445921,2.777777910232544
1725954672105812665,-0.005849521141499281,2.777777910232544
1725954672130929735,-0.007037647999823093,2.777777671813965
1725954672156295821,-0.008633334189653397,2.777777910232544
1725954672188501232,-0.010410821996629238,2.777777671813965
1725954672216625313,-0.012219571508467197,2.777777910232544
1725954672240215884,-0.014048443175852299,2.777777671813965
1725954672261746157,-0.015853380784392357,2.777777910232544
1725954672291277546,-0.01760898530483246,2.777777671813965
1725954672316322131,-0.019427331164479256,2.777777910232544
1725954672343352534,-0.021412357687950134,2.777777671813965
1725954672367601066,-0.02350267767906189,2.777777910232544
1725954672398421653,-0.025653380900621414,2.777777671813965
1725954672422661083,-0.027900999411940575,2.777777910232544
1725954672447233597,-0.03026491403579712,2.777777910232544
1725954672471489215,-0.032724618911743164,2.777777910232544
1725954672502905728,-0.035237640142440796,2.777777910232544
1725954672529325652,-0.03789203241467476,2.777777671813965
1725954672550988582,-0.04088464006781578,2.777777910232544
1725954672577238784,-0.04404407739639282,2.777777910232544
1725954672607369844,-0.04694907367229462,2.777777671813965
1725954672635541830,-0.04966107755899429,2.777777671813965
1725954672658767777,-0.05259710177779198,2.777777671813965
1725954672681390095,-0.055877212435007095,2.777777671813965
1725954672715091888,-0.05958164855837822,2.777777671813965
1725954672736657256,-0.06392178684473038,2.777777910232544
1725954672766228566,-0.06870087236166,2.777777671813965
1725954672791744277,-0.07365863025188446,2.777777910232544
1725954672822563523,-0.07894106209278107,2.777777671813965
1725954672855222706,-0.0844402089715004,2.777777910232544
1725954672875053086,-0.08970899134874344,2.777777910232544
1725954672906959926,-0.09469704329967499,2.777777910232544
1725954672923173641,-0.0994536429643631,2.777777910232544
1725954672949973630,-0.10411203652620316,2.777777910232544
1725954672974833535,-0.10912623256444931,2.777777671813965
1725954673000730854,-0.1142926961183548,2.777777910232544
1725954673029324215,-0.11875243484973907,2.777777910232544
1725954673058229783,-0.1225440576672554,2.777777671813965
1725954673083321723,-0.12648816406726837,2.777777671813965
1725954673106957414,-0.1304594874382019,2.777777910232544
1725954673141651436,-0.13404564559459686,2.777777671813965
1725954673162075943,-0.13747532665729523,2.777777910232544
1725954673185178957,-0.14087113738059998,2.777777671813965
1725954673215254315,-0.14426405727863312,2.777777910232544
1725954673245188570,-0.1476992517709732,2.777777671813965
1725954673270836009,-0.15121473371982574,2.777777671813965
1725954673295345907,-0.15487806499004364,2.777777671813965
1725954673322187346,-0.15881593525409698,2.777777671813965
1725954673349486609,-0.1632724106311798,2.777777671813965
1725954673372849851,-0.16827982664108276,2.777777910232544
1725954673399199009,-0.17368058860301971,2.777777671813965
1725954673423468408,-0.17933817207813263,2.777777910232544
1725954673452467424,-0.18518364429473877,2.777777671813965
1725954673476119673,-0.19117489457130432,2.777777910232544
1725954673503846384,-0.19713079929351807,2.777777671813965
1725954673529842950,-0.2025451362133026,2.777777910232544
1725954673560351837,-0.20646625757217407,2.777777910232544
1725954673587191819,-0.20926158130168915,2.777777671813965
1725954673614732373,-0.21239721775054932,2.777777910232544
1725954673642747023,-0.2156384438276291,2.777777910232544
1725954673670700693,-0.2182426154613495,2.777777910232544
1725954673695923664,-0.22078749537467957,2.777777910232544
1725954673718663330,-0.2241148054599762,2.777777671813965
1725954673739924621,-0.2241148054599762,2.777777671813965
1725954673772081910,-0.23182794451713562,2.777777671813965
1725954673800053703,-0.23533675074577332,2.777777671813965
1725954673822495333,-0.23865832388401031,2.777777671813965
1725954673845955555,-0.24174198508262634,2.777777671813965
1725954673882638632,-0.24457380175590515,2.777777671813965
1725954673907203302,-0.24722935259342194,2.777777671813965
1725954673929828056,-0.2496715933084488,2.777777671813965
1725954673954054723,-0.25184160470962524,2.777777910232544
1725954673981951095,-0.25395467877388,2.777777910232544
1725954674014799485,-0.25677791237831116,2.777777910232544
1725954674044058114,-0.2613506317138672,2.777777671813965
1725954674066459393,-0.2676018178462982,2.777777910232544
1725954674099797750,-0.2738296091556549,2.777777910232544
1725954674121208057,-0.2793184220790863,2.777777671813965
1725954674144917752,-0.28462451696395874,2.777777910232544
1725954674167608411,-0.2888920307159424,2.777777910232544
1725954674199945900,-0.2913478910923004,2.777777910232544
1725954674228791001,-0.29303961992263794,2.777777910232544
1725954674251191054,-0.29528772830963135,2.777777671813965
1725954674276018111,-0.2982761859893799,2.777777910232544
1725954674307817071,-0.3014167845249176,2.777777671813965
1725954674335288703,-0.3042806386947632,2.777777910232544
1725954674361004578,-0.3067532777786255,2.777777671813965
1725954674379247474,-0.30892014503479004,2.777777910232544
1725954674412182592,-0.3108885884284973,2.777777671813965
1725954674439406145,-0.312714159488678,2.777777671813965
1725954674463791750,-0.3142370581626892,2.777777671813965
1725954674487648718,-0.31529700756073,2.777777671813965
1725954674520149376,-0.31589141488075256,2.777777671813965
1725954674539888983,-0.3157971203327179,2.777777671813965
1725954674563068618,-0.3150942325592041,2.777777671813965
1725954674587722902,-0.31381484866142273,2.777777910232544
1725954674623006471,-0.3112527132034302,2.777777910232544
1725954674648288239,-0.30786922574043274,2.777777671813965
1725954674671767754,-0.30509787797927856,2.777777910232544
1725954674696125075,-0.30311504006385803,2.777777910232544
1725954674723309456,-0.30197614431381226,2.777777671813965
1725954674754612480,-0.3020850419998169,2.777777910232544
1725954674780189840,-0.30294254422187805,2.777777671813965
1725954674804805701,-0.3038327693939209,2.777777910232544
1725954674830537848,-0.30441272258758545,2.777777671813965
1725954674858176070,-0.30454492568969727,2.777777910232544
1725954674879140811,-0.3039311170578003,2.777777671813965
1725954674904233218,-0.3022099733352661,2.777777910232544
1725954674934616084,-0.2994633615016937,2.777777671813965
1725954674960074165,-0.2958935797214508,2.777777671813965
1725954674984048383,-0.29181307554244995,2.777777671813965
1725954675005280989,-0.28767621517181396,2.777777671813965
1725954675040529302,-0.283692330121994,2.777777671813965
1725954675069353207,-0.27953699231147766,2.777777671813965
1725954675088971458,-0.2742536962032318,2.777777910232544
1725954675126262246,-0.2672978341579437,2.777777910232544
1725954675152353377,-0.2591951787471771,2.777777910232544
1725954675177593401,-0.2515454590320587,2.777777910232544
1725954675202813168,-0.24610884487628937,2.777777910232544
1725954675227318238,-0.24281635880470276,2.777777910232544
1725954675259091958,-0.24041756987571716,2.777777910232544
1725954675281742429,-0.23844817280769348,2.777777671813965
1725954675304556768,-0.23686856031417847,2.777777671813965
1725954675330613610,-0.23508425056934357,2.777777910232544
1725954675363627956,-0.23235934972763062,2.777777910232544
1725954675388765692,-0.22863724827766418,2.777777910232544
1725954675414451724,-0.22448976337909698,2.777777671813965
1725954675437753067,-0.22017264366149902,2.777777910232544
1725954675466788080,-0.2156493067741394,2.777777671813965
1725954675494336058,-0.21099258959293365,2.777777910232544
1725954675516889124,-0.20643222332000732,2.777777671813965
1725954675545773657,-0.20232108235359192,2.777777671813965
1725954675575348239,-0.20232108235359192,2.777777671813965
1725954675604486030,-0.19834011793136597,2.777777671813965
1725954675624746333,-0.19293425977230072,2.777777671813965
1725954675650022542,-0.18415424227714539,2.777777671813965
1725954675685409869,-0.17195701599121094,2.777777910232544
1725954675709552751,-0.15828755497932434,2.777777671813965
1725954675731967474,-0.14487063884735107,2.777777910232544
1725954675751489165,-0.13299602270126343,2.777777910232544
1725954675784617554,-0.12381930649280548,2.777777671813965
1725954675811093401,-0.11757013201713562,2.777777910232544
1725954675837099665,-0.11344069987535477,2.777777671813965
1725954675861090039,-0.11045220494270325,2.777777910232544
1725954675897647215,-0.10789880901575089,2.777777671813965
1725954675918154922,-0.10524525493383408,2.777777910232544
1725954675940476742,-0.10215121507644653,2.777777671813965
1725954675966954821,-0.09853089600801468,2.777777910232544
1725954676000378453,-0.0944160670042038,2.777777671813965
1725954676029023570,-0.0897461548447609,2.777777910232544
1725954676052759372,-0.08437643945217133,2.777777671813965
1725954676074993525,-0.07841607183218002,2.777777671813965
1725954676104444630,-0.07229700684547424,2.777777671813965
1725954676129054494,-0.06628400087356567,2.777777671813965
1725954676155964203,-0.06029357761144638,2.777777671813965
1725954676181213318,-0.053973663598299026,2.777777910232544
1725954676211278544,-0.04680703207850456,2.777777910232544
1725954676237846857,-0.03867250308394432,2.777777671813965
1725954676260171575,-0.03001377545297146,2.777777910232544
1725954676284546549,-0.02110624685883522,2.777777910232544
1725954676310609942,-0.012234310619533062,2.777777671813965
1725954676345215609,-0.003995430655777454,2.777777910232544
1725954676366620937,0.00293748639523983,2.777777671813965
1725954676390721929,0.007872924208641052,2.777777910232544
1725954676419778109,0.01067292969673872,2.777777671813965
1725954676447437849,0.011831890791654587,2.777777910232544
1725954676472084359,0.012270902283489704,2.777777671813965
1725954676497622877,0.012931919656693935,2.777777910232544
1725954676526759690,0.014328449964523315,2.777777671813965
1725954676551124544,0.01673879474401474,2.777777910232544
1725954676579492264,0.020062241703271866,2.777777671813965
1725954676598689542,0.023803509771823883,2.777777910232544
1725954676631895997,0.027590051293373108,2.777777671813965
1725954676657772620,0.03145090118050575,2.777777671813965
1725954676681687021,0.03565303981304169,2.777777671813965
1725954676707108059,0.040332719683647156,2.777777671813965
1725954676743959181,0.04540938138961792,2.777777910232544
1725954676766259982,0.05108501762151718,2.777777671813965
1725954676792559107,0.057268910109996796,2.777777910232544
1725954676814274443,0.06322816759347916,2.777777910232544
1725954676844496795,0.06885439157485962,2.777777671813965
1725954676866694573,0.0742998868227005,2.777777910232544
1725954676894769643,0.07907659560441971,2.777777671813965
1725954676917202679,0.08264841139316559,2.777777910232544
1725954676947170951,0.08508629351854324,2.777777671813965
1725954676972977660,0.08685138821601868,2.777777910232544
1725954676994123821,0.08816028386354446,2.777777671813965
1725954677023500956,0.08913613110780716,2.777777910232544
1725954677048853497,0.09018732607364655,2.777777671813965
1725954677075832591,0.09150945395231247,2.777777910232544
1725954677098321263,0.09285563975572586,2.777777671813965
1725954677123461992,0.09410067647695541,2.777777910232544
1725954677152777014,0.09538917988538742,2.777777671813965
1725954677181234328,0.09674443304538727,2.777777910232544
1725954677208190344,0.09794194251298904,2.777777910232544
1725954677235528059,0.09888050705194473,2.777777910232544
1725954677261267876,0.09958283603191376,2.777777910232544
1725954677289661223,0.1000840961933136,2.777777671813965
1725954677314610071,0.10042314976453781,2.777777671813965
1725954677337202084,0.10057564824819565,2.777777671813965
1725954677364340734,0.10065551847219467,2.777777910232544
1725954677396743150,0.10096374899148941,2.777777671813965
1725954677417708215,0.10172588378190994,2.777777671813965
1725954677445907890,0.10293492674827576,2.777777910232544
1725954677474173607,0.10465452075004578,2.777777671813965
1725954677497601638,0.10673131793737411,2.777777910232544
1725954677524596400,0.10852428525686264,2.777777671813965
1725954677553103218,0.10964385420084,2.777777910232544
1725954677582582871,0.11024311929941177,2.777777671813965
1725954677604894897,0.11045826226472855,2.777777910232544
1725954677632808399,0.11020196974277496,2.777777910232544
1725954677656708043,0.10955104976892471,2.777777910232544
1725954677688981937,0.10891634225845337,2.777777671813965
1725954677715163432,0.10860966145992279,2.777777910232544
1725954677739361400,0.10843401402235031,2.777777910232544
1725954677781732609,0.10809790343046188,2.777777910232544
1725954677808831843,0.10754188895225525,2.777777910232544
1725954677835877838,0.10693089663982391,2.777777671813965
1725954677858143691,0.10629608482122421,2.777777910232544
1725954677881816478,0.10542133450508118,2.777777910232544
1725954677914434453,0.10430386662483215,2.777777671813965
1725954677941498421,0.10318461060523987,2.777777671813965
1725954677964696945,0.1023324728012085,2.777777671813965
1725954677987196032,0.10186406224966049,2.777777671813965
1725954678021228663,0.10183156281709671,2.777777671813965
1725954678045584942,0.1020619198679924,2.777777671813965
1725954678067143297,0.10210860520601273,2.777777671813965
1725954678096116869,0.10178173333406448,2.777777910232544
1725954678125993494,0.10121278464794159,2.777777671813965
1725954678152385750,0.10047528147697449,2.777777910232544
1725954678175157899,0.09954120218753815,2.777777910232544
1725954678197286683,0.09844482690095901,2.777777910232544
1725954678237206106,0.0974082201719284,2.777777671813965
1725954678263684216,0.09664341807365417,2.777777910232544
1725954678287508738,0.09596054255962372,2.777777910232544
1725954678317116767,0.095056913793087,2.777777910232544
1725954678359775006,0.09391399472951889,2.777777910232544
1725954678381655157,0.09269126504659653,2.777777910232544
1725954678410555843,0.0915534719824791,2.777777910232544
1725954678443197641,0.09055063128471375,2.777777910232544
1725954678468368495,0.08950237929821014,2.777777671813965
1725954678494928572,0.08825637400150299,2.777777910232544
1725954678524265460,0.08688333630561829,2.777777671813965
1725954678545930613,0.08544041961431503,2.777777671813965
1725954678571783849,0.08379416167736053,2.777777671813965
1725954678595877911,0.08196348696947098,2.777777671813965
1725954678625052140,0.08011519908905029,2.777777910232544
1725954678649646571,0.07820367068052292,2.777777910232544
1725954678675998327,0.07626143097877502,2.777777671813965
1725954678696284064,0.07449846714735031,2.777777910232544
1725954678722938612,0.0730053037405014,2.777777910232544
1725954678750098259,0.0716518685221672,2.777777910232544
1725954678779800679,0.07036644220352173,2.777777910232544
1725954678798804307,0.06923437118530273,2.777777910232544
1725954678824932125,0.06841886043548584,2.777777671813965
1725954678862036243,0.06795676052570343,2.777777910232544
1725954678892528966,0.06752040982246399,2.777777910232544
1725954678916207734,0.06682994961738586,2.777777910232544
1725954678950518642,0.06597167998552322,2.777777671813965
1725954678969295902,0.06494524329900742,2.777777910232544
1725954678993594881,0.06353968381881714,2.777777910232544
1725954679017795990,0.06173582747578621,2.777777910232544
1725954679046570501,0.059744007885456085,2.777777910232544
1725954679076270140,0.057905372232198715,2.777777671813965
1725954679101088356,0.056532759219408035,2.777777671813965
1725954679124325681,0.05555533617734909,2.777777671813965
1725954679157654220,0.05455736070871353,2.777777671813965
1725954679184643513,0.0530853271484375,2.777777671813965
1725954679207427766,0.05086718872189522,2.777777910232544
1725954679229817547,0.04806312546133995,2.777777910232544
1725954679255583690,0.04525384306907654,2.777777671813965
1725954679287956015,0.04293227568268776,2.777777910232544
1725954679308762379,0.041048839688301086,2.777777671813965
1725954679333428572,0.039330821484327316,2.777777910232544
1725954679366971146,0.03769410029053688,2.777777671813965
1725954679387741873,0.03600112348794937,2.777777910232544
1725954679416837077,0.03402218595147133,2.777777910232544
1725954679448738887,0.03167720139026642,2.777777910232544
1725954679480364407,0.02891535684466362,2.777777910232544
1725954679510479102,0.02610979974269867,2.777777671813965
1725954679533619080,0.02377961575984955,2.777777910232544
1725954679558009719,0.02194669283926487,2.777777910232544
1725954679589921122,0.020730260759592056,2.777777671813965
1725954679614303897,0.02001142129302025,2.777777671813965
1725954679643702394,0.020416254177689552,2.527777671813965
1725954679661538922,0.02451753430068493,2.277777671813965
1725954679692906533,0.03408683463931084,2.027777671813965
1725954679724163662,0.04868750646710396,1.7777776718139648
1725954679748478234,0.0669868066906929,1.5277776718139648
1725954679777478845,0.08754929155111313,1.2777776718139648
1725954679811810219,0.1092173382639885,1.0277776718139648
1725954679841668259,0.13121989369392395,0.7777776718139648
1725954679868408409,0.15313409268856049,0.5277776718139648
1725954679893226073,0.1747894287109375,0.27777767181396484
1725954679921868548,0.19616751372814178,0.027777666226029396
1725954679940909191,0.2173227071762085,0.0
1725954679971011127,0.23832979798316956,0.0
1725954679999442000,0.25925591588020325,0.0
1725954680029586636,0.28014957904815674,0.0
1725954680056707360,0.30103999376296997,0.0
1725954680083283873,0.3219410181045532,0.0
1725954680107782544,0.3428565263748169,0.0
1725954680133254478,0.3637849688529968,0.0
1725954680156655949,0.3847227692604065,0.0
1725954680187218707,0.40566614270210266,0.0
1725954680215419467,0.4242476522922516,0.0
1725954680242364148,0.4242476522922516,0.0
1725954680265963292,0.4242476522922516,0.0
1725954680289630908,0.4242476522922516,0.0
1725954680323531930,0.4242476522922516,0.0
1725954680356026089,0.4242476522922516,0.0
1725954680376883381,0.4242476522922516,0.0
1725954680404003720,0.4242476522922516,0.0
1725954680433424041,0.4242476522922516,0.0
1725954680456482478,0.4242476522922516,0.0
1725954680482935971,0.4242476522922516,0.0
1725954680516141297,0.4242476522922516,0.0
1725954680543046486,0.4242476522922516,0.0
1725954680570794861,0.4242476522922516,0.0
1725954680592421875,0.4242476522922516,0.0
1725954680612410513,0.4242476522922516,0.0
1725954680639634799,0.4242476522922516,0.0
1725954680672846056,0.4242476522922516,0.0
1725954680694509891,0.4242476522922516,0.0
1725954680718559849,0.4242476522922516,0.0
1725954680749260703,0.4242476522922516,0.0
1725954680774037095,0.37424764037132263,0.0
1725954680796065633,0.3242476284503937,0.0
1725954680824584433,0.2742476165294647,0.0
1725954680855157057,0.22424761950969696,0.0
1725954680885255236,0.1742476224899292,0.0
1725954680904355270,0.12424762547016144,0.0
1725954680925407358,0.07424762845039368,0.0
1725954680958402853,0.024247627705335617,0.0
1725954680989143942,0.0,0.0
1725954681015958823,0.0,0.0
1725954681045029102,0.0,0.0
1725954681071685482,0.0,0.0
1725954681097120934,0.0,0.0
1725954681120273004,0.0,0.0
1725954681147021810,0.0,0.0
1725954681178280693,0.0,0.0
1725954681201630041,0.0,0.0
1725954681223796063,0.0,0.0
1725954681254593884,0.0,0.0
1725954681289413454,0.0,0.0
1725954681314561346,0.0,0.0
1725954681338163568,0.0,0.0
1725954681365345588,0.0,0.0
1725954681392232466,0.0,0.0
1725954681420658688,0.0,0.0
1725954681441045484,0.0,0.0
1725954681470142652,0.0,0.0
1725954681495048483,0.0,0.0
1725954681527336351,0.0,0.0
1725954681550707849,0.0,0.0
1725954681576780844,0.0,0.0
1725954681607816398,0.0,0.0
1725954681635471417,0.0,0.0
1725954681659969529,0.0,0.0
1725954681684159314,0.0,0.0
1725954681715767385,0.0,0.0
1725954681740417229,0.0,0.0
1725954681763380315,0.0,0.0
1725954681788167635,0.0,0.0
1725954681820711321,0.0,0.0
1725954681849344237,0.0,0.0
1725954681870685260,0.0,0.0
1725954681892864651,0.0,0.0
1725954681924591974,0.0,0.0
1725954681948888589,0.0,0.0
1725954681973762524,0.0,0.0
1725954681998206936,0.0,0.0
1725954682021128134,0.0,0.0
1725954682049987910,0.0,0.0
1725954682074054224,0.0,0.0
1725954682098098340,0.0,0.0
1725954682129839111,0.0,0.0
1725954682150984635,0.0,0.0
1725954682173178542,0.0,0.0
1725954682204085630,0.0,0.0
1725954682229489983,0.0,0.0
1725954682259999239,0.0,0.0
1725954682276915930,0.0,0.0
1725954682305072053,0.0,0.0
1725954682331032422,0.0,0.0
1725954682357787978,0.0,0.0
1725954682380414930,0.0,0.0
1725954682403767036,0.0,0.0
1725954682432804249,0.0,0.0
1725954682460543652,0.0,0.0
1725954682489427456,0.0,0.0
1725954682511963091,0.0,0.0
1725954682538551841,0.0,0.0
1725954682562445828,0.0,0.0
1725954682587011651,0.0,0.0
1725954682607252963,0.0,0.0
1725954682634291634,0.0,0.0
1725954682658090474,0.0,0.0
1725954682686526204,0.0,0.0
1725954682715088696,0.0,0.0
1725954682740739604,0.0,0.0
1725954682770581473,0.0,0.0
1725954682793188362,0.0,0.0
1725954682821643265,0.0,0.0
1725954682854054808,0.0,0.0
1725954682883710447,0.0,0.0
1725954682907224895,0.0,0.0
1725954682927748343,0.0,0.0
1725954682956038984,0.0,0.0
1725954682982743520,0.0,0.0
1725954683010584523,0.0,0.0
1725954683034446173,0.0,0.0
1725954683063135966,0.0,0.0
1725954683091801664,0.0,0.0
1725954683113460256,0.0,0.0
1725954683144572846,0.0,0.0
1725954683169248407,0.0,0.0
1725954683200438552,0.0,0.0
1725954683226470460,0.0,0.0
1725954683253135394,0.0,0.0
1725954683284149489,0.0,0.0
1725954683315215845,0.0,0.0
1725954683339294357,0.0,0.0
1725954683363790805,0.0,0.0
1725954683385656359,0.0,0.0
1725954683421170091,0.0,0.0
1725954683442041001,0.0,0.0
1725954683463673985,0.0,0.0
1725954683492190255,0.0,0.0
1725954683522232868,0.0,0.0
1725954683545082091,0.0,0.0
1725954683578235531,0.0,0.0
1725954683608331956,0.0,0.0
1725954683632478031,0.0,0.0
1725954683656168181,0.0,0.0
1725954683682361089,0.0,0.0
1725954683714226216,0.0,0.0
1725954683740290491,0.0,0.0
1725954683762586034,0.0,0.0
1725954683791406029,0.0,0.0
1725954683820333458,0.0,0.0
1725954683838399431,0.0,0.0
1725954683861324687,0.0,0.0
1725954683883342658,0.0,0.0
1725954683916806341,0.0,0.0
1725954683943470295,0.0,0.0
1725954683973104311,0.0,0.0
1725954684000886693,0.0,0.0
1725954684030595151,0.0,0.0
1725954684060164422,0.0,0.0
1725954684080173615,0.0,0.0
1725954684102278554,0.0,0.0
1725954684129692059,0.0,0.0
1725954684162364260,0.0,0.0
1725954684185951674,0.0,0.0
1725954684211556007,0.0,0.0
1725954684240173036,0.0,0.0
1725954684265706506,0.0,0.0
1725954684287218134,0.0,0.0
1725954684319293281,0.0,0.0
1725954684345937827,0.0,0.0
1725954684376018513,0.0,0.0
1725954684399000759,0.0,0.0
1725954684424504058,0.0,0.0
1725954684449560431,0.0,0.0
1725954684480808673,0.0,0.0
1725954684508656442,0.0,0.0
1725954684533169455,0.0,0.0
1725954684561490731,0.0,0.0
1725954684585313244,0.0,0.0
1725954684606292780,0.0,0.0
1725954684635661765,0.0,0.0
1725954684673002181,0.0,0.0
1725954684693747756,0.0,0.0
1725954684712319386,0.0,0.0
1725954684745308055,0.0,0.0
1725954684773603297,0.0,0.0
1725954684798280586,0.0,0.0
1725954684820534811,0.0,0.0
1725954684844087507,0.0,0.0
1725954684868937113,0.0,0.0
1725954684895653724,0.0,0.0
1725954684918458140,0.0,0.0
1725954684943983919,0.0,0.0
1725954684975013924,0.0,0.0
1725954685002700057,0.0,0.0
1725954685025385958,0.0,0.0
1725954685051125055,0.0,0.0
1725954685084679068,0.0,0.0
1725954685112929474,0.0,0.0
1725954685138708257,0.0,0.0
1725954685160377267,0.0,0.0
1725954685193154724,0.0,0.0
1725954685216900268,0.0,0.0
1725954685240758368,0.0,0.0
1725954685268567788,0.0,0.0
1725954685294554844,0.0,0.0
1725954685320053621,0.0,0.0
1725954685345917153,0.0,0.0
1725954685376362736,0.0,0.0
1725954685401002629,0.0,0.0
1725954685432767877,0.0,0.0
1725954685455630238,0.0,0.0
1725954685482066900,0.0,0.0
1725954685508717467,0.0,0.0
1725954685538568513,0.0,0.0
1725954685561559251,0.0,0.0
1725954685586414831,0.0,0.0
1725954685615587108,0.0,0.0
1725954685641817822,0.0,0.0
1725954685665467215,0.0,0.0
1725954685691905116,0.0,0.0
1725954685716554706,0.0,0.0
1725954685746542684,0.0,0.0
1725954685766925961,0.0,0.0
1725954685794305835,0.0,0.0
1725954685819213612,0.0,0.0
1725954685849364450,0.0,0.0
1725954685875829101,0.0,0.0
1725954685903815807,0.0,0.0
1725954685926439510,0.0,0.0
1725954685958908198,0.0,0.0
1725954685984604891,0.0,0.0
1725954686008968190,0.0,0.0
1725954686040041489,0.0,0.0
1725954686073803478,0.0,0.0
1725954686091666772,0.0,0.0
1725954686114943529,0.0,0.0
1725954686144650957,0.0,0.0
1725954686181635544,0.0,0.0
1725954686211711885,0.0,0.0
1725954686242280457,0.0,0.0
1725954686268899144,0.0,0.0
1725954686294299179,0.0,0.0
1725954686313111313,0.0,0.0
1725954686347566338,0.0,0.0
1725954686375125159,0.0,0.0
1725954686400462906,0.0,0.0
1725954686424832425,0.0,0.0
1725954686452002096,0.0,0.0
1725954686480959540,0.0,0.0
1725954686500650470,0.0,0.0
1725954686526728253,0.0,0.0
1725954686558954618,0.0,0.0
1725954686587182499,0.0,0.0
1725954686612007849,0.0,0.0
1725954686648784116,0.0,0.0
1725954686673097479,0.0,0.0
1725954686698241432,0.0,0.0
1725954686725216051,0.0,0.0
1725954686753935229,0.0,0.0
1725954686783937716,0.0,0.0
1725954686809022790,0.0,0.0
1725954686833398942,0.0,0.0
1725954686858687041,0.0,0.0
1725954686882867020,0.0,0.0
1725954686904076166,0.0,0.0
1725954686931911810,0.0,0.0
1725954686953557229,0.0,0.0
1725954686981280508,0.0,0.0
1725954687004578138,0.0,0.0
1725954687032882514,0.0,0.0
1725954687070709408,0.0,0.0
1725954687106737931,0.0,0.0
1725954687124498720,0.0,0.0
1725954687160994015,0.0,0.0
1725954687185796063,0.0,0.0
1725954687210803850,0.0,0.0
1725954687233037638,0.0,0.0
1725954687268174792,0.0,0.0
1725954687295405484,0.0,0.0
1725954687318947522,0.0,0.0
1725954687351504619,0.0,0.0
1725954687381040922,0.0,0.0
1725954687414615057,0.0,0.0
1725954687437076400,0.0,0.0
1725954687461546946,0.0,0.0
1725954687488751004,0.0,0.0
1725954687518948802,0.0,0.0
1725954687540928399,0.0,0.0
1725954687565292853,0.0,0.0
1725954687589634550,0.0,0.0
1725954687616322581,0.0,0.0
1725954687642364622,0.0,0.0
1725954687665812962,0.0,0.0
1725954687690891036,0.0,0.0
1725954687718598163,0.0,0.0
1725954687741142669,0.0,0.0
1725954687769211881,0.0,0.0
1725954687793240776,0.0,0.0
1725954687821739711,0.0,0.0
1725954687841972411,0.0,0.0
1725954687869491892,0.0,0.0
1725954687902330040,0.0,0.0
1725954687935345408,0.0,0.0
1725954687958326044,0.0,0.0
1725954687979184005,0.0,0.0
1725954688007189603,0.0,0.0
1725954688038077841,0.0,0.0
1725954688059615152,0.0,0.0
1725954688080155607,0.0,0.0
1725954688113547944,0.0,0.0
1725954688134964047,0.0,0.0
1725954688163360382,0.0,0.0
1725954688189093117,0.0,0.0
1725954688221183956,0.0,0.0
1725954688247717249,0.0,0.0
1725954688274655409,0.0,0.0
1725954688293409790,0.0,0.0
1725954688325241155,0.0,0.0
1725954688355096651,0.0,0.0
1725954688374792541,0.0,0.0
1725954688394632924,0.0,0.0
1725954688423336938,0.0,0.0
1725954688452983477,0.0,0.0
1725954688481915736,0.0,0.0
1725954688506230935,0.0,0.0
1725954688536698866,0.0,0.0
1725954688563944290,0.0,0.0
1725954688582636412,0.0,0.0
1725954688607780908,0.0,0.0
1725954688640011097,0.0,0.0
1725954688666011763,0.0,0.0
1725954688696985451,0.0,0.0
1725954688723268539,0.0,0.0
1725954688754193711,0.0,0.0
1725954688777862292,0.0,0.0
1725954688802403410,0.0,0.0
1725954688831939509,0.0,0.0
1725954688863344668,0.0,0.0
1725954688887346821,0.0,0.0
1725954688907030874,0.0,0.0
1725954688936415546,0.0,0.0
1725954688964015642,0.0,0.0
1725954688985504954,0.0,0.0
1725954689010369813,0.0,0.0
1725954689036900066,0.0,0.0
1725954689065233678,0.0,0.0
1725954689087126342,0.0,0.0
1725954689113983581,0.0,0.0
1725954689141602181,0.0,0.0
1725954689170515891,0.0,0.0
1725954689195221013,0.0,0.0
1725954689229854009,0.0,0.0
1725954689262123545,0.0,0.0
1725954689293580027,0.0,0.0
1725954689319450672,0.0,0.0
1725954689346443115,0.0,0.0
1725954689379337897,0.0,0.0
1725954689408163585,0.0,0.0
1725954689434285315,0.0,0.0
1725954689457717961,0.0,0.0
1725954689484873587,0.0,0.0
1725954689510040215,0.0,0.0
1725954689533604306,0.0,0.0
1725954689558683554,0.0,0.0
1725954689587137195,0.0,0.0
1725954689612564621,0.0,0.0
1725954689639118167,0.0,0.0
1725954689663458500,0.0,0.0
1725954689687647156,0.0,0.0
1725954689714505733,0.0,0.0
1725954689738884213,0.0,0.0
1725954689763012735,0.0,0.0
1725954689791055482,0.0,0.0
1725954689819779307,0.0,0.0
1725954689843532240,0.0,0.0
1725954689873959166,0.0,0.0
1725954689900888603,0.0,0.0
1725954689925781674,0.0,0.0
1725954689949570134,0.0,0.0
1725954689973705772,0.0,0.0
1725954690002055039,0.0,0.0
1725954690033498621,0.0,0.0
1725954690052308436,0.0,0.0
1725954690082299338,0.0,0.0
1725954690111354269,0.0,0.0
1725954690138052761,0.0,0.0
1725954690162630392,0.0,0.0
1725954690187104974,0.0,0.0
1725954690215438755,0.0,0.0
1725954690240882459,0.0,0.0
1725954690265554171,0.0,0.0
1725954690290615472,0.0,0.0
1725954690316235058,0.0,0.0
1725954690344055372,0.0,0.0
1725954690363817333,0.0,0.0
1725954690393910696,0.0,0.0
1725954690424034273,0.0,0.0
1725954690447778992,0.0,0.0
1725954690474876901,0.0,0.0
1725954690500040635,0.0,0.0
1725954690529187978,0.0,0.0
1725954690561152414,0.0,0.0
1725954690584025165,0.0,0.0
1725954690608788061,0.0,0.0
1725954690635448859,0.0,0.0
1725954690660591003,0.0,0.0
1725954690685873627,0.0,0.0
1725954690709248880,0.0,0.0
1725954690740674087,0.0,0.0
1725954690772268531,0.0,0.0
1725954690792626357,0.0,0.0
1725954690814590192,0.0,0.0
1725954690845716768,0.0,0.0
1725954690878747409,0.0,0.0
1725954690898739973,0.0,0.0
1725954690930462733,0.0,0.0
1725954690951279972,0.0,0.0
1725954690977777290,0.0,0.0
1725954691003319291,0.0,0.0
1725954691028731197,0.0,0.0
1725954691047485124,0.0,0.0
1725954691076870750,0.0,0.0
1725954691100973350,0.0,0.0
1725954691128474239,0.0,0.0
1725954691155592832,0.0,0.0
1725954691180289273,0.0,0.0
1725954691203684895,0.0,0.0
1725954691229787621,0.0,0.0
1725954691260496102,0.0,0.0
1725954691283261984,0.0,0.0
1725954691308354550,0.0,0.0
1725954691333964322,0.0,0.0
1725954691363442263,0.0,0.0
1725954691389541802,0.0,0.0
1725954691413689265,0.0,0.0
1725954691445262840,0.0,0.0
1725954691468207607,0.0,0.0
1725954691495351315,0.0,0.0
1725954691519883889,0.0,0.0
1725954691546060156,0.0,0.0
1725954691572410532,0.0,0.0
1725954691600627220,0.0,0.0
1725954691623408081,0.0,0.0
1725954691649546752,0.0,0.0
1725954691674243121,0.0,0.0
1725954691703896230,0.0,0.0
1725954691727582383,0.0,0.0
1725954691751833336,0.0,0.0
1725954691776736335,0.0,0.0
1725954691806687173,0.0,0.0
1725954691830517549,0.0,0.0
1725954691854809859,0.0,0.0
1725954691884937533,0.0,0.0
1725954691912585794,0.0,0.0
1725954691933400409,0.0,0.0
1725954691961602159,0.0,0.0
1725954691997635241,0.0,0.0
1725954692018237809,0.0,0.0
1725954692042068477,0.0,0.0
1725954692070237444,0.0,0.0
1725954692098265814,0.0,0.0
1725954692125964031,0.0,0.0
1725954692159336426,0.0,0.0
1725954692183160230,0.0,0.0
1725954692210225433,0.0,0.0
1725954692235675419,0.0,0.0
1725954692258001394,0.0,0.0
1725954692288672426,0.0,0.0
1725954692311252430,0.0,0.0
1725954692339522350,0.0,0.0
1725954692360455526,0.0,0.0
1725954692387667406,0.0,0.0
1725954692415262585,0.0,0.0
1725954692441646178,0.0,0.0
1725954692463990014,0.0,0.0
1725954692490638716,0.0,0.0
1725954692519698973,0.0,0.0
1725954692550611554,0.0,0.0
1725954692575240005,0.0,0.0
1725954692603480540,0.0,0.0
1725954692634163686,0.0,0.0
1725954692658562682,0.0,0.0
1725954692682142541,0.0,0.0
1725954692709799573,0.0,0.0
1725954692730309104,0.0,0.0
1725954692761594415,0.0,0.0
1725954692784601469,0.0,0.0
1725954692809011015,0.0,0.0
1725954692838123837,0.0,0.0
1725954692860264916,0.0,0.0
1725954692882740622,0.0,0.0
1725954692905847083,0.0,0.0
1725954692940555030,0.0,0.0
1725954692967074563,0.0,0.0
1725954692990297222,0.0,0.0
1725954693019800326,0.0,0.0
1725954693043266803,0.0,0.0
1725954693073305232,0.0,0.0
1725954693094460393,0.0,0.0
1725954693121232541,0.0,0.0
1725954693143542752,0.0,0.0
1725954693172540472,0.05000000074505806,0.05000000074505806
1725954693198729953,0.10000000149011612,0.10000000149011612
1725954693232366063,0.15000000596046448,0.15000000596046448
1725954693258500727,0.20000000298023224,0.2503276765346527
1725954693283562843,0.25,0.2503276765346527
1725954693309702660,0.30000001192092896,0.2510359585285187
1725954693334510183,0.3500000238418579,0.2758615016937256
1725954693364416313,0.40000003576278687,0.2841249704360962
1725954693389807901,0.4077576696872711,0.3813496530056
1725954693413208993,0.39264845848083496,0.46301284432411194
1725954693441159563,0.3740614056587219,0.5320107936859131
1725954693464748873,0.353375643491745,0.5774132609367371
1725954693496881553,0.33168619871139526,0.6770434379577637
1725954693519746553,0.3097129762172699,0.6770434379577637
1725954693551037735,0.28784435987472534,0.7178390026092529
1725954693570067250,0.26623162627220154,0.7533861398696899
1725954693596501482,0.2448851615190506,0.785180389881134
1725954693625115272,0.22374951839447021,0.8165853023529053
1725954693652022489,0.20275212824344635,0.8444229960441589
1725954693678295986,0.1818290799856186,0.8666417002677917
1725954693704332795,0.16093479096889496,0.8856197595596313
1725954693727672178,0.1400422602891922,0.9065861105918884
1725954693755748998,0.11913888901472092,0.926142156124115
1725954693782854265,0.09822148829698563,0.9473690986633301
1725954693807432569,0.07729176431894302,0.9769929051399231
1725954693829808573,0.05635328218340874,1.0177723169326782
1725954693856303094,0.03540961816906929,1.072892665863037
1725954693885373974,0.014463555067777634,1.104268193244934
1725954693907313820,-0.006483111530542374,1.1784988641738892
1725954693928516639,-0.02742943726480007,1.2231734991073608
1725954693958962773,-0.048375073820352554,1.2662551403045654
1725954693987570024,-0.06932001560926437,1.3002079725265503
1725954694010971150,-0.09026442468166351,1.3351178169250488
1725954694040086467,-0.1112084910273552,1.3629175424575806
1725954694082086006,-0.13215237855911255,1.3938182592391968
1725954694096915535,-0.15309618413448334,1.4239917993545532
1725954694122756240,-0.17404000461101532,1.447458267211914
1725954694146920630,-0.1949838548898697,1.4702497720718384
1725954694172627532,-0.21592773497104645,1.4940873384475708
1725954694202739553,-0.2368716597557068,1.5171386003494263
1725954694231729301,-0.2578155994415283,1.533547282218933
1725954694254853848,-0.27875953912734985,1.5526384115219116
1725954694283474913,-0.2997035086154938,1.5705856084823608
1725954694311645549,-0.3206474483013153,1.5891356468200684
1725954694339493269,-0.34159141778945923,1.6108837127685547
1725954694365185642,-0.36253538727760315,1.6376720666885376
1725954694392559603,-0.3834793269634247,1.6719104051589966
1725954694422324206,-0.4044232666492462,1.6956217288970947
1725954694446670311,-0.42536723613739014,1.74412202835083
1725954694470238938,-0.44631117582321167,1.7804574966430664
1725954694501121266,-0.4672551453113556,1.8146389722824097
1725954694527139972,-0.4881990849971771,1.8378342390060425
1725954694554961039,-0.509143054485321,1.863490343093872
1725954694577758599,-0.5287548899650574,1.8850816488265991
1725954694608400117,-0.5440481305122375,1.9077318906784058
1725954694630851353,-0.5524691343307495,1.9315112829208374
1725954694657178231,-0.5531890392303467,1.9492822885513306
1725954694683909847,-0.5476715564727783,1.9813685417175293
1725954694708085771,-0.5388709902763367,1.9813685417175293
1725954694746964815,-0.5295640826225281,1.9967070817947388
1725954694774720932,-0.5216814279556274,2.0097761154174805
1725954694800684416,-0.516167938709259,2.026829957962036
1725954694830733327,-0.5126776099205017,2.0478172302246094
1725954694854080917,-0.5102679133415222,2.0655078887939453
1725954694883913891,-0.5079622864723206,2.0991604328155518
1725954694910388648,-0.5047328472137451,2.1276378631591797
1725954694939526455,-0.5004395246505737,2.1564247608184814
1725954694960282807,-0.49633562564849854,2.1783058643341064
1725954694985113994,-0.49375057220458984,2.2105202674865723
1725954695007227201,-0.4927960932254791,2.2308902740478516
1725954695038266069,-0.4934200942516327,2.2531137466430664
1725954695062683413,-0.4955492615699768,2.270975351333618
1725954695086271570,-0.49863865971565247,2.289099931716919
1725954695113170828,-0.5021201372146606,2.308382749557495
1725954695145130041,-0.5058401823043823,2.324509620666504
1725954695171990836,-0.5095185041427612,2.3404242992401123
1725954695201253886,-0.5124213099479675,2.355771541595459
1725954695223894090,-0.5144582390785217,2.367500066757202
1725954695255229315,-0.5161653757095337,2.3790695667266846
1725954695284345449,-0.5179290175437927,2.3935952186584473
1725954695305007015,-0.5194717049598694,2.403390884399414
1725954695342212245,-0.5204073786735535,2.4164559841156006
1725954695370315211,-0.5208776593208313,2.4240190982818604
1725954695393406212,-0.5211292505264282,2.4369561672210693
1725954695421197476,-0.52126544713974,2.446805000305176
1725954695446658961,-0.5213701725006104,2.460819721221924
1725954695478432085,-0.5214090347290039,2.4766860008239746
1725954695506044171,-0.5214591026306152,2.4896674156188965
1725954695530002697,-0.5212736129760742,2.5119576454162598
1725954695558643764,-0.5203405618667603,2.525987386703491
1725954695589337924,-0.5187991261482239,2.541926383972168
1725954695612044486,-0.5169089436531067,2.553476333618164
1725954695639668753,-0.5146114826202393,2.5662360191345215
1725954695663132807,-0.5118678212165833,2.577462673187256
1725954695694734231,-0.5089122653007507,2.5861449241638184
1725954695718268870,-0.504827618598938,2.598275899887085
1725954695742241062,-0.49982914328575134,2.6084210872650146
1725954695767552693,-0.4976704716682434,2.6144628524780273
1725954695795629070,-0.4999741315841675,2.6208529472351074
1725954695821955905,-0.5042281746864319,2.6303491592407227
1725954695843599683,-0.5077884793281555,2.6357522010803223
1725954695878626618,-0.5091543197631836,2.6435134410858154
1725954695905198696,-0.5074703693389893,2.647254467010498
1725954695932118762,-0.5027368068695068,2.655179262161255
1725954695954218119,-0.49637463688850403,2.6590588092803955
1725954695978769774,-0.49049240350723267,2.664804220199585
1725954696010898953,-0.48615390062332153,2.6702728271484375
1725954696037693731,-0.4823859930038452,2.6764681339263916
1725954696060429900,-0.47698113322257996,2.6839792728424072
1725954696084065175,-0.4685923755168915,2.6907143592834473
1725954696114940721,-0.4569948613643646,2.6981213092803955
1725954696138188753,-0.44347578287124634,2.703808546066284
1725954696162220704,-0.43038758635520935,2.7110438346862793
1725954696189568353,-0.4193212687969208,2.715721607208252
1725954696227807112,-0.41090452671051025,2.7206854820251465
1725954696249702854,-0.40460532903671265,2.7260162830352783
1725954696274674105,-0.40013644099235535,2.729645252227783
1725954696299101671,-0.39716771245002747,2.7334790229797363
1725954696326534175,-0.3947964608669281,2.7369019985198975
1725954696355644006,-0.3928641974925995,2.7402546405792236
1725954696382299102,-0.3910101652145386,2.743208408355713
1725954696409245713,-0.3885057270526886,2.745903968811035
1725954696438380932,-0.38483378291130066,2.7485342025756836
1725954696464463682,-0.379913330078125,2.751108169555664
1725954696491839335,-0.374316543340683,2.7530758380889893
1725954696517010569,-0.368963360786438,2.755218982696533
1725954696547657128,-0.36501383781433105,2.7568113803863525
1725954696576388844,-0.362530916929245,2.7586822509765625
1725954696599142226,-0.35959097743034363,2.760782241821289
1725954696624773851,-0.3541933000087738,2.762821912765503
1725954696652616082,-0.3453160226345062,2.765136480331421
1725954696682257822,-0.3332967758178711,2.76680588722229
1725954696704948353,-0.31942763924598694,2.7691214084625244
1725954696728640218,-0.3048780560493469,2.7705070972442627
1725954696766491161,-0.2906940281391144,2.7718701362609863
1725954696790486085,-0.2776245176792145,2.773085117340088
1725954696812129051,-0.26668089628219604,2.773998737335205
1725954696839769293,-0.25824445486068726,2.7747702598571777
1725954696865010029,-0.2518138587474823,2.775326728820801
1725954696897293061,-0.24726316332817078,2.775825262069702
1725954696922031221,-0.2441691756248474,2.776228427886963
1725954696946298991,-0.2413840889930725,2.7765443325042725
1725954696975690808,-0.23766708374023438,2.7768185138702393
1725954697001498216,-0.23244090378284454,2.7770659923553467
1725954697024417161,-0.22605639696121216,2.77721905708313
1725954697054585337,-0.21959073841571808,2.777362823486328
1725954697081130915,-0.213962122797966,2.7774598598480225
1725954697108688878,-0.20888817310333252,2.777540445327759
1725954697130608720,-0.20337484776973724,2.7776150703430176
1725954697159397082,-0.1965048909187317,2.777667999267578
1725954697189006435,-0.1873144656419754,2.7776851654052734
1725954697215494424,-0.17605945467948914,2.7777366638183594
1725954697239431377,-0.1641491949558258,2.7777581214904785
1725954697264040399,-0.15265542268753052,2.7777647972106934
1725954697297871962,-0.14243558049201965,2.777771234512329
1725954697321239000,-0.1336817592382431,2.777773141860962
1725954697348281091,-0.12632538378238678,2.7777750492095947
1725954697374134155,-0.12037741392850876,2.7777767181396484
1725954697395166064,-0.11536526679992676,2.7777771949768066
1725954697424948942,-0.11085519194602966,2.7777771949768066
1725954697448691104,-0.10693353414535522,2.7777769565582275
1725954697473224389,-0.10371020436286926,2.7777769565582275
1725954697504736704,-0.10087563842535019,2.7777774333953857
1725954697529567075,-0.09801627695560455,2.7777774333953857
1725954697551692821,-0.09498918801546097,2.7777771949768066
1725954697580250198,-0.09181874245405197,2.7777769565582275
1725954697609623857,-0.08858150243759155,2.7777771949768066
1725954697631795837,-0.08538287878036499,2.7777774333953857
1725954697656164829,-0.08214309811592102,2.7777774333953857
1725954697679886669,-0.07860197126865387,2.7777774333953857
1725954697706588770,-0.07437455654144287,2.7777769565582275
1725954697734695718,-0.06950296461582184,2.7777769565582275
1725954697758511478,-0.06414974480867386,2.7777774333953857
1725954697783909350,-0.0580253005027771,2.7777774333953857
1725954697815440550,-0.05123739317059517,2.777777671813965
1725954697842822172,-0.044647395610809326,2.777777671813965
1725954697866354986,-0.039223331958055496,2.7777774333953857
1725954697891370802,-0.035264939069747925,2.7777769565582275
1725954697919307944,-0.033226557075977325,2.7777771949768066
1725954697947326247,-0.03363461047410965,2.7777771949768066
1725954697969388906,-0.035517700016498566,2.7777774333953857
1725954697990400022,-0.03726581856608391,2.7777774333953857
1725954698027575684,-0.03793300688266754,2.7777769565582275
1725954698051807520,-0.03721683472394943,2.7777769565582275
1725954698071357147,-0.03512178733944893,2.7777771949768066
1725954698099042418,-0.031947243958711624,2.7777774333953857
1725954698130015459,-0.028271585702896118,2.7777771949768066
1725954698153456125,-0.024681420996785164,2.7777769565582275
1725954698177898969,-0.021623948588967323,2.7777771949768066
1725954698203526343,-0.019146427512168884,2.7777774333953857
1725954698229596671,-0.016953207552433014,2.7777771949768066
1725954698258730101,-0.014972221106290817,2.7777769565582275
1725954698284639168,-0.01342532504349947,2.7777771949768066
1725954698307807541,-0.012058734893798828,2.7777771949768066
1725954698352680338,-0.010100645944476128,2.7777767181396484
1725954698374087260,-0.007333359681069851,2.7777767181396484
1725954698398456403,-0.004241069778800011,2.7777769565582275
1725954698426469821,-0.0012096804566681385,2.777777671813965
1725954698454423843,0.0015387977473437786,2.7777774333953857
1725954698479488403,0.003629218554124236,2.7777769565582275
1725954698506453488,0.004850801546126604,2.7777767181396484
1725954698531223290,0.0055070132948458195,2.7777771949768066
1725954698565524586,0.006041869521141052,2.7777774333953857
1725954698587552908,0.006605160888284445,2.7777771949768066
1725954698610024839,0.007184821646660566,2.7777769565582275
1725954698633160250,0.007878301665186882,2.7777771949768066
1725954698660104738,0.008763876743614674,2.7777774333953857
1725954698686891229,0.009682849980890751,2.7777771949768066
1725954698711444791,0.010459446348249912,2.7777774333953857
1725954698735982076,0.011162443086504936,2.777777671813965
1725954698761318958,0.011898851953446865,2.7777771949768066
1725954698785279615,0.012539087794721127,2.7777771949768066
1725954698809893569,0.013008457608520985,2.7777774333953857
1725954698835084468,0.013428783975541592,2.777777671813965
1725954698863722762,0.013834227807819843,2.7777774333953857
1725954698890752377,0.014207570813596249,2.7777769565582275
1725954698915112227,0.014599340967833996,2.7777774333953857
1725954698941149901,0.015153864398598671,2.7777771949768066
1725954698970000462,0.01593332178890705,2.7777769565582275
1725954698996894382,0.016765346750617027,2.777777671813965
1725954699016309786,0.017429709434509277,2.777777671813965
1725954699043973695,0.017871886491775513,2.7777771949768066
1725954699072028855,0.018155155703425407,2.7777767181396484
1725954699101902754,0.01818973198533058,2.7777774333953857
1725954699128124852,0.017870405688881874,2.777777671813965
1725954699152123397,0.01739455945789814,2.7777774333953857
1725954699179621697,0.016974307596683502,2.7777769565582275
1725954699202405581,0.01652437262237072,2.7777771949768066
1725954699224232225,0.015960564836859703,2.7777774333953857
1725954699249495683,0.015466999262571335,2.7777771949768066
1725954699275949313,0.015172629617154598,2.7777769565582275
1725954699302192462,0.014862056821584702,2.7777771949768066
1725954699327944729,0.014344013296067715,2.7777774333953857
1725954699351791904,0.013777187094092369,2.7777774333953857
1725954699382597196,0.013318759389221668,2.7777771949768066
1725954699407115923,0.012840492650866508,2.7777769565582275
1725954699431048205,0.012239249423146248,2.7777767181396484
1725954699453205897,0.011694228276610374,2.7777769565582275
1725954699480350162,0.011353067122399807,2.7777774333953857
1725954699509609662,0.011041708290576935,2.7777774333953857
1725954699530179810,0.010616855695843697,2.7777771949768066
1725954699558217571,0.010278269648551941,2.7777771949768066
1725954699585179528,0.010197848081588745,2.7777774333953857
1725954699611379773,0.010237368755042553,2.777777671813965
1725954699634447836,0.01024639792740345,2.777777671813965
1725954699659777115,0.010294009000062943,2.7777771949768066
1725954699689397090,0.010474683716893196,2.7777767181396484
1725954699710576857,0.010636815801262856,2.7777774333953857
1725954699733643388,0.010601413436233997,2.777777671813965
1725954699758251763,0.010486471466720104,2.7777771949768066
1725954699785463504,0.010438697412610054,2.7777769565582275
1725954699810419593,0.010333960875868797,2.7777771949768066
1725954699832109583,0.010134569369256496,2.7777774333953857
1725954699858993273,0.010048506781458855,2.7777771949768066
1725954699887863183,0.010084714740514755,2.7777769565582275
1725954699912050193,0.01000866387039423,2.7777771949768066
1725954699934656348,0.009786820039153099,2.7777774333953857
1725954699963039516,0.009633286856114864,2.7777774333953857
1725954699991144863,0.009637858718633652,2.7777774333953857
1725954700017326549,0.009740831330418587,2.7777774333953857
1725954700041288879,0.00985488761216402,2.777777671813965
1725954700062279044,0.009978147223591805,2.7777774333953857
1725954700089018438,0.010158042423427105,2.7777771949768066
1725954700121523371,0.010258711874485016,2.7777769565582275
1725954700142741387,0.010236455127596855,2.7777771949768066
1725954700168600437,0.010472077876329422,2.7777771949768066
1725954700200858490,0.01134516391903162,2.7777769565582275
1725954700224039356,0.012735399417579174,2.7777769565582275
1725954700262069495,0.014489592984318733,2.7777771949768066
1725954700356278055,0.016844455152750015,2.7777769565582275
1725954700393564331,0.019775686785578728,2.7777767181396484
1725954700421503915,0.023154545575380325,2.7777774333953857
1725954700445284471,0.02712060883641243,2.7777771949768066
1725954700472361996,0.03127499669790268,2.7777769565582275
1725954700505273473,0.03127499669790268,2.7777769565582275
1725954700538099423,0.0380631685256958,2.7777767181396484
1725954700560458951,0.04057725518941879,2.7777769565582275
1725954700585318607,0.0426846519112587,2.7777774333953857
1725954700614204546,0.04440411925315857,2.7777771949768066
1725954700638079151,0.04587345942854881,2.7777774333953857
1725954700663623464,0.047381602227687836,2.7777774333953857
1725954700689401066,0.04922320693731308,2.777777671813965
1725954700713497980,0.05159328132867813,2.777777671813965
1725954700742515932,0.05439072474837303,2.7777774333953857
1725954700764309824,0.05736089497804642,2.7777771949768066
1725954700791290599,0.06087004765868187,2.7777774333953857
1725954700820568917,0.06591259688138962,2.7777774333953857
1725954700846763518,0.07284336537122726,2.7777771949768066
1725954700869398092,0.0808722972869873,2.7777771949768066
1725954700895998332,0.0893855020403862,2.777777671813965
1725954700923337399,0.09904414415359497,2.7777771949768066
1725954700950069421,0.11012183874845505,2.7777769565582275
1725954700974794583,0.12147694826126099,2.7777774333953857
1725954701005539469,0.1317472755908966,2.777777671813965
1725954701030888388,0.14018091559410095,2.7777774333953857
1725954701061772452,0.14688709378242493,2.7777771949768066
1725954701085901051,0.1524522453546524,2.7777774333953857
1725954701113358617,0.15730877220630646,2.777777671813965
1725954701140916439,0.16205476224422455,2.777777671813965
1725954701171115010,0.16712616384029388,2.777777671813965
1725954701192653829,0.17230600118637085,2.777777671813965
1725954701219580503,0.17749522626399994,2.7777771949768066
1725954701250835224,0.18285389244556427,2.7777771949768066
1725954701278445410,0.18830688297748566,2.7777774333953857
1725954701299866726,0.19362704455852509,2.7777774333953857
1725954701321111489,0.1988769769668579,2.777777671813965
1725954701357110740,0.20399893820285797,2.7777774333953857
1725954701379021960,0.20880739390850067,2.7777771949768066
1725954701407863282,0.2136305421590805,2.7777769565582275
1725954701436967459,0.21905729174613953,2.7777774333953857
1725954701466326078,0.2256070375442505,2.7777774333953857
1725954701496024892,0.23370489478111267,2.7777774333953857
1725954701519095623,0.24312575161457062,2.7777771949768066
1725954701574401526,0.2624588906764984,2.7777769565582275
1725954701603621994,0.2722783088684082,2.7777771949768066
1725954701625822550,0.28280767798423767,2.7777774333953857
1725954701647418842,0.2930154502391815,2.7777774333953857
1725954701677842316,0.3016819953918457,2.7777771949768066
1725954701701888566,0.3089739978313446,2.7777769565582275
1725954701727177926,0.3153455853462219,2.7777771949768066
1725954701750212986,0.3208784759044647,2.7777774333953857
1725954701777389227,0.325925350189209,2.7777774333953857
1725954701804392056,0.3310087323188782,2.7777771949768066
1725954701832508395,0.33620813488960266,2.7777769565582275
1725954701858709977,0.34141436219215393,2.7777771949768066
1725954701884801689,0.34676963090896606,2.7777774333953857
1725954701914019295,0.3524598181247711,2.7777774333953857
1725954701934486180,0.3581467270851135,2.7777774333953857
1725954701964910630,0.3635142147541046,2.7777771949768066
1725954701991610836,0.369067907333374,2.7777771949768066
1725954702016316874,0.3751949965953827,2.7777774333953857
1725954702041470335,0.381822794675827,2.7777774333953857
1725954702074609306,0.3890262246131897,2.777777671813965
1725954702105758976,0.39699625968933105,2.777777671813965
1725954702134802041,0.40623798966407776,2.777777671813965
1725954702156268585,0.41573143005371094,2.777777910232544
1725954702183658962,0.42281392216682434,2.777777910232544
1725954702210747493,0.42756593227386475,2.777777910232544
1725954702235820634,0.43171122670173645,2.777777910232544
1725954702260132637,0.43594807386398315,2.7777774333953857
1725954702286716320,0.44088974595069885,2.7777771949768066
1725954702313337623,0.44680055975914,2.7777771949768066
1725954702336632324,0.4534168839454651,2.7777774333953857
1725954702365544670,0.4601653814315796,2.7777771949768066
1725954702390908460,0.4664877951145172,2.7777769565582275
1725954702414604351,0.4723062813282013,2.7777769565582275
1725954702442170021,0.4777756929397583,2.7777771949768066
1725954702467323346,0.48270922899246216,2.7777774333953857
1725954702493032918,0.48697391152381897,2.7777771949768066
1725954702524520742,0.4908240735530853,2.7777769565582275
1725954702553409122,0.4943253695964813,2.7777774333953857
1725954702577257914,0.4975569546222687,2.7777774333953857
1725954702608161219,0.5010249018669128,2.7777774333953857
1725954702634298995,0.5051764249801636,2.7777771949768066
1725954702657542029,0.5098701119422913,2.7777769565582275
1725954702686136716,0.5150341391563416,2.7777769565582275
1725954702711143557,0.520285964012146,2.7777774333953857
1725954702741082392,0.5245762467384338,2.7777769565582275
1725954702767185773,0.5272567272186279,2.7777767181396484
1725954702791703794,0.5283487439155579,2.7777771949768066
1725954702815072997,0.5286590456962585,2.777777671813965
1725954702843326601,0.5290513038635254,2.7777771949768066
1725954702877422932,0.5295966863632202,2.7777769565582275
1725954702898504248,0.5298183560371399,2.7777771949768066
1725954702927012452,0.5294606685638428,2.7777774333953857
1725954702951228249,0.5285923480987549,2.7777774333953857
1725954702979139402,0.5267141461372375,2.7777771949768066
1725954703007513763,0.5230324268341064,2.7777771949768066
1725954703034657412,0.5182064175605774,2.7777774333953857
1725954703060826992,0.5141957402229309,2.7777774333953857
1725954703091301857,0.5119935274124146,2.7777771949768066
1725954703113208713,0.510691225528717,2.7777771949768066
1725954703173350084,0.5069379210472107,2.777777671813965
1725954703198793381,0.5030567049980164,2.7777774333953857
1725954703225514852,0.49781543016433716,2.7777769565582275
1725954703247747839,0.4926988482475281,2.7777771949768066
1725954703280073692,0.48800891637802124,2.7777774333953857
1725954703307046885,0.481873095035553,2.7777774333953857
1725954703338659706,0.47125402092933655,2.777777671813965
1725954703362785720,0.45429274439811707,2.777777910232544
1725954703401859110,0.4319806694984436,2.777777910232544
1725954703431476869,0.40728065371513367,2.777777671813965
1725954703453256095,0.3841283619403839,2.777777671813965
1725954703481715198,0.36604949831962585,2.7777771949768066
1725954703513741082,0.35366395115852356,2.7777774333953857
1725954703532994833,0.34503141045570374,2.777777671813965
1725954703554465110,0.3377465307712555,2.7777774333953857
1725954703582924694,0.33063656091690063,2.7777771949768066
1725954703613245119,0.32452136278152466,2.7777774333953857
1725954703643723704,0.3199136257171631,2.7777774333953857
1725954703667990917,0.3156733512878418,2.7777774333953857
1725954703690220087,0.31084415316581726,2.7777769565582275
1725954703724563626,0.30521059036254883,2.7777771949768066
1725954703750517305,0.2984032928943634,2.7777774333953857
1725954703774359535,0.2902652323246002,2.777777671813965
1725954703802653039,0.2814067006111145,2.7777771949768066
1725954703834555513,0.27247315645217896,2.7777771949768066
1725954703864472398,0.26358509063720703,2.7777774333953857
1725954703882756252,0.2547658383846283,2.7777774333953857
1725954703909075036,0.2462894320487976,2.7777771949768066
1725954703935433649,0.2381727248430252,2.7777769565582275
1725954703963222083,0.22958840429782867,2.7777774333953857
1725954703994946268,0.21896685659885406,2.7777771949768066
1725954704023489177,0.20564626157283783,2.7777769565582275
1725954704048478119,0.19098640978336334,2.7777774333953857
1725954704078227829,0.17650820314884186,2.7777771949768066
1725954704100061537,0.16309182345867157,2.7777771949768066
1725954704129162237,0.1515519767999649,2.7777769565582275
1725954704157794623,0.14229565858840942,2.7777771949768066
1725954704185707691,0.13502797484397888,2.7777771949768066
1725954704207438855,0.12886208295822144,2.7777771949768066
1725954704233588810,0.12307298183441162,2.7777326107025146
1725954704262208252,0.11742085963487625,2.777663469314575
1725954704289582962,0.11152753978967667,2.777399778366089
1725954704318802451,0.10504887998104095,2.7771801948547363
1725954704342531973,0.0984182134270668,2.7767210006713867
1725954704372970159,0.09224791824817657,2.7764129638671875
1725954704395429410,0.08658289909362793,2.7758617401123047
1725954704420961080,0.08135630190372467,2.7755072116851807
1725954704449886137,0.07660219073295593,2.774775743484497
1725954704476805871,0.07222159206867218,2.7742319107055664
1725954704502011487,0.0676749050617218,2.7733681201934814
1725954704524854055,0.06197156384587288,2.7724711894989014
1725954704551939371,0.05439748987555504,2.7712299823760986
1725954704582260598,0.044750820845365524,2.7699368000030518
1725954704605107181,0.033472467213869095,2.768634796142578
1725954704634471213,0.02144799940288067,2.7670838832855225
1725954704654702543,0.00929803866893053,2.765564441680908
1725954704679545320,-0.0023823389783501625,2.7641570568084717
1725954704710021979,-0.01296189334243536,2.7626407146453857
1725954704734468214,-0.022137638181447983,2.761274576187134
1725954704774499313,-0.029774382710456848,2.7599103450775146
1725954704808124242,-0.035976942628622055,2.7585668563842773
1725954704838650009,-0.04203193262219429,2.7572553157806396
1725954704859736892,-0.049579016864299774,2.7559452056884766
1725954704896598119,-0.058544471859931946,2.754664421081543
1725954704925185998,-0.06826256215572357,2.7532050609588623
1725954704955512785,-0.07856515794992447,2.7519075870513916
1725954704980356696,-0.08896588534116745,2.7506628036499023
1725954705012402742,-0.0991441085934639,2.7496063709259033
1725954705034165843,-0.10890865325927734,2.7484471797943115
1725954705062516528,-0.11758343875408173,2.747443199157715
1725954705092216903,-0.12513503432273865,2.7462782859802246
1725954705120625950,-0.1328442096710205,2.745169162750244
1725954705143755593,-0.14231885969638824,2.7436740398406982
1725954705166852597,-0.15452413260936737,2.742281198501587
1725954705193638646,-0.16962534189224243,2.741199254989624
1725954705224978693,-0.1872578263282776,2.7406532764434814
1725954705246597041,-0.2064780592918396,2.740022897720337
1725954705268796558,-0.22568504512310028,2.739776611328125
1725954705301567926,-0.2428893893957138,2.7393996715545654
1725954705332353107,-0.25702619552612305,2.7391788959503174
1725954705353446163,-0.26878368854522705,2.7390594482421875
1725954705379216106,-0.2791043817996979,2.739011764526367
1725954705411128858,-0.28865647315979004,2.7389161586761475
1725954705441211099,-0.29842549562454224,2.738973379135132
1725954705462411443,-0.3091711103916168,2.7389512062072754
1725954705488139730,-0.32054224610328674,2.739032030105591
1725954705516485224,-0.33168989419937134,2.7390472888946533
1725954705546601857,-0.3427092432975769,2.7391440868377686
1725954705568829649,-0.35404640436172485,2.73919415473938
1725954705594847192,-0.3650517463684082,2.7392897605895996
1725954705624475726,-0.3751421868801117,2.739351272583008
1725954705649691255,-0.3857421576976776,2.7394208908081055
1725954705678394245,-0.3982992172241211,2.7394697666168213
1725954705705792197,-0.4127584993839264,2.7395098209381104
1725954705729945278,-0.4290439486503601,2.73954701423645
1725954705760798423,-0.4465566575527191,2.739560842514038
1725954705778915727,-0.4641830325126648,2.73957896232605
1725954705802546065,-0.4817119538784027,2.7395803928375244
1725954705838436829,-0.4990907907485962,2.7395877838134766
1725954705869473319,-0.5149968862533569,2.739588499069214
1725954705886128839,-0.5277977585792542,2.739584445953369
1725954705912964283,-0.5379776358604431,2.739577293395996
1725954705945200174,-0.5471041202545166,2.7395718097686768
1725954705972721642,-0.5553578734397888,2.739560127258301
1725954705994687164,-0.5625195503234863,2.7395527362823486
1725954706019002925,-0.5689281225204468,2.7395384311676025
1725954706052132163,-0.5749631524085999,2.7395288944244385
1725954706078134177,-0.581067681312561,2.739513397216797
1725954706101915547,-0.5875452160835266,2.7395012378692627
1725954706128093589,-0.5939652919769287,2.7394871711730957
1725954706154777398,-0.5999715924263,2.7394745349884033
1725954706180060093,-0.6061288714408875,2.7394564151763916
1725954706204971104,-0.6123143434524536,2.739434003829956
1725954706230728351,-0.6173117160797119,2.73942494392395
1725954706262535922,-0.6207137107849121,2.739436388015747
1725954706292820149,-0.6225939989089966,2.739480495452881
1725954706312169833,-0.6222721934318542,2.7394912242889404
1725954706334513639,-0.619551956653595,2.739473581314087
1725954706367110407,-0.6162998676300049,2.7394633293151855
1725954706407098282,-0.6149700284004211,2.739429473876953
1725954706426801208,-0.6156731247901917,2.7393600940704346
1725954706459165652,-0.6175302863121033,2.7392797470092773
1725954706487462770,-0.6197848320007324,2.739211320877075
1725954706509512710,-0.6206572651863098,2.7390835285186768
1725954706534242018,-0.6193810105323792,2.7389767169952393
1725954706563862283,-0.6173631548881531,2.7388288974761963
1725954706591907479,-0.6156641244888306,2.738698720932007
1725954706617726304,-0.6133309006690979,2.738569498062134
1725954706636992052,-0.6086698770523071,2.7384445667266846
1725954706663085312,-0.6013868451118469,2.7383902072906494
1725954706695120540,-0.5924807190895081,2.738276958465576
1725954706722147053,-0.5824730396270752,2.7381505966186523
1725954706748409190,-0.5725541710853577,2.7380237579345703
1725954706778510844,-0.5652329921722412,2.737954616546631
1725954706805902423,-0.5613632798194885,2.737842321395874
1725954706826572873,-0.5591994524002075,2.737786054611206
1725954706849101554,-0.5564385652542114,2.7376883029937744
1725954706879391206,-0.5520553588867188,2.7378463745117188
1725954706908798394,-0.5459639430046082,2.7378318309783936
1725954706941087194,-0.5377734303474426,2.7380011081695557
1725954706971287508,-0.5277488231658936,2.7382140159606934
1725954706999400585,-0.5167168378829956,2.7391035556793213
1725954707022611518,-0.5040422081947327,2.7397866249084473
1725954707052180693,-0.48876050114631653,2.741250991821289
1725954707075578536,-0.4710259735584259,2.742090940475464
1725954707101749148,-0.45146188139915466,2.7436952590942383
1725954707127354877,-0.4316074848175049,2.7447702884674072
1725954707152457371,-0.41420185565948486,2.7463698387145996
1725954707175616702,-0.40141579508781433,2.7474913597106934
1725954707208098304,-0.3929629921913147,2.74898362159729
1725954707235295501,-0.38658207654953003,2.7501463890075684
1725954707257309378,-0.38023319840431213,2.7514898777008057
1725954707286949401,-0.3735017478466034,2.7527377605438232
1725954707319603988,-0.36702659726142883,2.754053831100464
1725954707343642701,-0.3609274923801422,2.755280017852783
1725954707369209483,-0.35471075773239136,2.756260871887207
1725954707392633594,-0.3476583957672119,2.7575175762176514
1725954707425317711,-0.33881160616874695,2.7585256099700928
1725954707450199652,-0.328100323677063,2.7596426010131836
1725954707475419586,-0.3166413903236389,2.7608284950256348
1725954707512858603,-0.30528220534324646,2.7617361545562744
1725954707536875883,-0.29360419511795044,2.76328182220459
1725954707557610598,-0.28041505813598633,2.764310121536255
1725954707586254795,-0.2650233209133148,2.7650492191314697
1725954707613594655,-0.2476106584072113,2.7668352127075195
1725954707642679234,-0.22860273718833923,2.7677505016326904
1725954707666596176,-0.20960097014904022,2.7689616680145264
1725954707686545684,-0.1925467997789383,2.7695963382720947
1725954707714533127,-0.17774519324302673,2.770565986633301
1725954707740712769,-0.16537690162658691,2.771169662475586
1725954707762056922,-0.1551007479429245,2.772038459777832
1725954707784760785,-0.14591678977012634,2.77264666557312
1725954707813620903,-0.13810855150222778,2.7733263969421387
1725954707843791145,-0.13192600011825562,2.7737979888916016
1725954707874067158,-0.12645092606544495,2.7744224071502686
1725954707895965435,-0.1208084225654602,2.7748894691467285
1725954707918472815,-0.114914171397686,2.775315284729004
1725954707948006436,-0.10875072330236435,2.775728940963745
1725954707969749816,-0.10156405717134476,2.776122570037842
1725954707996679618,-0.09272850304841995,2.776395320892334
1725954708021067326,-0.08278805017471313,2.7766761779785156
1725954708051195429,-0.07242633402347565,2.7769017219543457
1725954708073923762,-0.060852449387311935,2.7771637439727783
1725954708094849031,-0.04729592055082321,2.7773027420043945
1725954708129320422,-0.03224335238337517,2.777517557144165
1725954708158226277,-0.016187148168683052,2.7776098251342773
1725954708181649310,0.0003577340394258499,2.777693271636963
1725954708208353323,0.015452270396053791,2.7777140140533447
1725954708230439425,0.02695799060165882,2.7777488231658936
1725954708257217690,0.03524436056613922,2.77775239944458
1725954708281585452,0.04171810299158096,2.777768135070801
1725954708303716000,0.04688490554690361,2.7777678966522217
1725954708328529872,0.05054862052202225,2.7777748107910156
1725954708350567029,0.05259149521589279,2.777773380279541
1725954708375287487,0.05360150709748268,2.7777769565582275
1725954708395415193,0.05450625717639923,2.7777488231658936
1725954708422618659,0.05593455210328102,2.777705192565918
1725954708449277252,0.05785461142659187,2.77752423286438
1725954708473451422,0.06000985577702522,2.7773752212524414
1725954708508924114,0.06000985577702522,2.7773752212524414
1725954708538486771,0.06450407952070236,2.7766990661621094
1725954708561920761,0.0662812739610672,2.775838851928711
1725954708585320514,0.06878302246332169,2.7749388217926025
1725954708639400481,0.07449458539485931,2.771322250366211
1725954708667082654,0.07618203014135361,2.768984794616699
1725954708687047316,0.0772203803062439,2.766335964202881
1725954708709626339,0.07772901654243469,2.763032913208008
1725954708732276158,0.07708557695150375,2.7601492404937744
1725954708768459315,0.07464027404785156,2.7558834552764893
1725954708788462271,0.07051926106214523,2.752570867538452
1725954708816422472,0.06542062014341354,2.7478394508361816
1725954708846190927,0.06067391857504845,2.7440550327301025
1725954708868384431,0.057670075446367264,2.738621950149536
1725954708891838722,0.056414470076560974,2.734358787536621
1725954708914896670,0.056148920208215714,2.7282090187072754
1725954708943587045,0.056641388684511185,2.724034309387207
1725954708971690702,0.0577438548207283,2.7173545360565186
1725954708996052962,0.05913400277495384,2.712451219558716
1725954709035429812,0.060752127319574356,2.7059667110443115
1725954709069084037,0.062405917793512344,2.6997973918914795
1725954709095192920,0.062358058989048004,2.68534517288208
1725954709118785251,0.05887351185083389,2.6762304306030273
1725954709141769952,0.053294625133275986,2.671297311782837
1725954709170704882,0.04851779714226723,2.660334825515747
1725954709192105573,0.046106547117233276,2.6501529216766357
1725954709218098745,0.046143125742673874,2.638887882232666
1725954709240246021,0.04839681461453438,2.6220192909240723
1725954709269715433,0.05283137038350105,2.6033318042755127
1725954709297398072,0.05931732803583145,2.5856375694274902
1725954709318887481,0.06725053489208221,2.5675551891326904
1725954709343161633,0.07542164623737335,2.548243522644043
1725954709367491337,0.08246174454689026,2.5280585289001465
1725954709396611959,0.08754391223192215,2.5117499828338623
1725954709416585213,0.09012533724308014,2.4897451400756836
1725954709440092943,0.08961550891399384,2.4747257232666016
1725954709475403919,0.08614052832126617,2.453605890274048
1725954709499604335,0.08025224506855011,2.4364004135131836
1725954709524237634,0.07214917987585068,2.4191715717315674
1725954709556738178,0.06234414502978325,2.39756178855896
1725954709585675695,0.05244557559490204,2.3738691806793213
1725954709613098010,0.04428820684552193,2.3555707931518555
1725954709632883399,0.04013563692569733,2.332871437072754
1725954709659485473,0.04159929230809212,2.3128035068511963
1725954709683510330,0.04648089036345482,2.287677764892578
1725954709714274420,0.05122988298535347,2.2686705589294434
1725954709735501838,0.053809523582458496,2.241281032562256
1725954709761670987,0.05233510211110115,2.2046093940734863
1725954709793081000,0.04622771590948105,2.1983914375305176
1725954709818205622,0.03715844824910164,2.1789073944091797
1725954709841204737,0.026600167155265808,2.1530520915985107
1725954709866154983,0.01567373052239418,2.1338682174682617
1725954709890265286,0.005737587809562683,2.108173131942749
1725954709913591240,-0.002819221466779709,2.089163064956665
1725954709938452905,-0.010102802887558937,2.0609874725341797
1725954709959154752,-0.01573224924504757,2.044706106185913
1725954709988545260,-0.01982874982059002,2.019108295440674
1725954710017514002,-0.023690609261393547,1.9791706800460815
1725954710040320486,-0.028088273480534554,1.9791706800460815
1725954710067607281,-0.03232334554195404,1.9560470581054688
1725954710089528440,-0.036046236753463745,1.9302107095718384
1725954710120448525,-0.03977280110120773,1.9119549989700317
1725954710142457024,-0.04405631124973297,1.8839116096496582
1725954710164240840,-0.049192361533641815,1.8687818050384521
1725954710194551642,-0.05490214377641678,1.8387943506240845
1725954710224540003,-0.060920074582099915,1.8108826875686646
1725954710255965491,-0.06697456538677216,1.7791008949279785
1725954710274722122,-0.0724455863237381,1.7318122386932373
1725954710303643121,-0.07688356935977936,1.6837505102157593
1725954710330750946,-0.08023978769779205,1.645859718322754
1725954710353585214,-0.08256429433822632,1.6035957336425781
1725954710381891029,-0.08394940197467804,1.5678948163986206
1725954710408648959,-0.08551722764968872,1.525306224822998
1725954710434872892,-0.08940193057060242,1.491533637046814
1725954710461378861,-0.09667284786701202,1.446434736251831
1725954710486143060,-0.1061854138970375,1.4156904220581055
1725954710516003912,-0.11569444090127945,1.3736642599105835
1725954710541510127,-0.12289319932460785,1.3390655517578125
1725954710568796827,-0.12590532004833221,1.3002017736434937
1725954710594869971,-0.12448015064001083,1.2585318088531494
1725954710622099055,-0.12033315002918243,1.2126888036727905
1725954710652409865,-0.11504320800304413,1.1777817010879517
1725954710676465982,-0.10911809653043747,1.128065824508667
1725954710695888008,-0.10353563725948334,1.096843957901001
1725954710723657301,-0.0997537299990654,1.049532413482666
1725954710749941929,-0.09797418117523193,1.0143078565597534
1725954710776331222,-0.09719087183475494,0.9619367122650146
1725954710793789551,-0.09660761058330536,0.9296123385429382
1725954710823251656,-0.09590968489646912,0.8813529014587402
1725954710848280033,-0.09490197151899338,0.8455912470817566
1725954710867983946,-0.09335462003946304,0.7973593473434448
1725954710891239071,-0.091348797082901,0.7644402384757996
1725954710921266210,-0.089342400431633,0.7182642221450806
1725954710943298025,-0.08747895807027817,0.6786736845970154
1725954710972895261,-0.08549892157316208,0.6332032680511475
1725954710998123927,-0.08346634358167648,0.596425473690033
1725954711026556180,-0.08194541186094284,0.5332621932029724
1725954711049877892,-0.0812540352344513,0.48876962065696716
1725954711080757608,-0.0811719000339508,0.4352165460586548
1725954711100843864,-0.0814066007733345,0.373191237449646
1725954711133191659,-0.08159337937831879,0.44883450865745544
1725954711158829556,-0.08120281249284744,0.4993714392185211
1725954711181554134,-0.08013232797384262,0.2500006854534149
1725954711199809888,-0.07817377150058746,0.25610965490341187
1725954711239299863,-0.07494760304689407,0.27134010195732117
1725954711267511577,-0.07119152694940567,0.2719261944293976
1725954711292603272,-0.06791451573371887,0.021926188841462135
1725954711311287563,-0.06552779674530029,0.0
1725954711341936612,-0.0641079843044281,0.0
1725954711366936546,-0.0640563890337944,0.0
1725954711392132614,-0.0657321885228157,0.0
1725954711411080546,-0.06703827530145645,0.0
1725954711440642877,-0.06551402807235718,0.0
1725954711463690563,-0.06195202097296715,0.0
1725954711489575210,-0.05827638506889343,0.0
1725954711512993737,-0.05537950247526169,0.0
1725954711537942276,-0.05348750576376915,0.0
1725954711562276226,-0.052475351840257645,0.0
1725954711590401909,-0.05208805575966835,0.0
1725954711612874296,-0.05206967145204544,0.0
1725954711642406083,-0.05222161114215851,0.0
1725954711669691958,-0.052415963262319565,0.0
1725954711690384159,-0.05258553847670555,0.0
1725954711718178683,-0.05270565673708916,0.0
1725954711741244091,-0.05277637764811516,0.0
1725954711770342740,-0.05280887708067894,0.0
1725954711790381336,-0.05281681939959526,0.0
1725954711811288816,-0.05281190574169159,0.0
1725954711843598354,-0.05280230939388275,0.0
1725954711875364474,-0.05279276892542839,0.0
1725954711898770876,-0.05278540402650833,0.0
1725954711916620170,-0.05278068408370018,0.0
1725954711949529888,-0.0527782142162323,0.0
1725954711976214123,-0.00277821347117424,0.0
1725954712000892260,0.0,0.0
1725954712024084056,0.0,0.0
1725954712051859221,0.0,0.0
1725954712077587701,0.0,0.0
1725954712112660602,0.0,0.0
1725954712132766523,0.0,0.0
1725954712161386848,0.0,0.0
1725954712189736052,0.0,0.0
1725954712213187725,0.0,0.0
1725954712237023104,0.0,0.0
1725954712265582944,0.0,0.0
1725954712293066558,0.0,0.0
1725954712313540336,0.0,0.0
1725954712334850251,0.0,0.0
1725954712362856092,0.0,0.0
1725954712389203892,0.0,0.0
1725954712415540570,0.0,0.0
1725954712443272399,0.0,0.0
1725954712481282029,0.0,0.0
1725954712509662941,0.0,0.0
1725954712532708829,0.0,0.0
1725954712566320840,0.0,0.0
1725954712590746316,0.0,0.0
1725954712616771276,0.0,0.0
1725954712641825715,0.0,0.0
1725954712679088118,0.0,0.0
1725954712701172389,0.0,0.0
1725954712723222767,0.0,0.0
1725954712742852052,0.0,0.0
1725954712774494332,0.0,0.0
1725954712804753864,0.0,0.0
1725954712831887432,0.0,0.0
1725954712861447061,0.0,0.0
1725954712888138770,0.0,0.0
1725954712916671165,0.0,0.0
1725954712939901269,0.0,0.0
1725954712963751737,0.0,0.0
1725954712990199182,0.0,0.0
1725954713019538743,0.0,0.0
1725954713038866620,0.0,0.0
1725954713063570762,0.0,0.0
1725954713092734037,0.0,0.0
1725954713120904443,0.0,0.0
1725954713145075437,0.0,0.0
1725954713174362339,0.0,0.0
1725954713203736357,0.0,0.0
1725954713237053228,0.0,0.0
1725954713256935926,0.0,0.0
1725954713283586961,0.0,0.0
1725954713315036661,0.0,0.0
1725954713341095876,0.0,0.0
1725954713364863978,0.0,0.0
1725954713394865835,0.0,0.0
1725954713417788206,0.0,0.0
1725954713443606023,0.0,0.0
1725954713461932049,0.0,0.0
1725954713487777192,0.0,0.0
1725954713517869962,0.0,0.0
1725954713543228006,0.0,0.0
1725954713567431708,0.0,0.0
1725954713590981018,0.0,0.0
1725954713618751785,0.0,0.0
1725954713644973563,0.0,0.0
1725954713663169296,0.0,0.0
1725954713694514655,0.0,0.0
1725954713727910250,0.0,0.0
1725954713754883537,0.0,0.0
1725954713780996531,0.0,0.0
1725954713802480508,0.0,0.0
1725954713829259414,0.0,0.0
1725954713856953476,0.0,0.0
1725954713881550763,0.0,0.0
1725954713908100333,0.0,0.0
1725954713930716718,0.0,0.0
1725954713963797605,0.0,0.0
1725954713983177523,0.0,0.0
1725954714009317210,0.0,0.0
1725954714036888002,0.0,0.0
1725954714064316356,0.0,0.0
1725954714089290939,0.0,0.0
1725954714115204561,0.0,0.0
1725954714147576736,0.0,0.0
1725954714179787618,0.0,0.0
1725954714203513400,0.0,0.0
1725954714229588986,0.0,0.0
1725954714258461523,0.0,0.0
1725954714285057838,0.0,0.0
1725954714308776502,0.0,0.0
1725954714332187299,0.0,0.0
1725954714360686742,0.0,0.0
1725954714388978060,0.0,0.0
1725954714407287888,0.0,0.0
1725954714432326317,0.0,0.0
1725954714457206218,0.0,0.0
1725954714486122248,0.0,0.0
1725954714504952988,0.0,0.0
1725954714529204549,0.0,0.0
1725954714557512620,0.0,0.0
1725954714590537996,0.0,0.0
1725954714609106874,0.0,0.0
1725954714634618795,0.0,0.0
1725954714659820000,0.0,0.0
1725954714685335523,0.0,0.0
1725954714708238927,0.0,0.0
1725954714744848148,0.0,0.0
1725954714766901830,0.0,0.0
1725954714794963127,0.0,0.0
1725954714817967833,0.0,0.0
1725954714838060190,0.0,0.0
1725954714866286822,0.0,0.0
1725954714890659301,0.0,0.0
1725954714916250329,0.0,0.0
1725954714941005777,0.0,0.0
1725954714966162370,0.0,0.0
1725954714994743780,0.0,0.0
1725954715016395703,0.0,0.0
1725954715038452581,0.0,0.0
1725954715073681193,0.0,0.0
1725954715102345562,0.0,0.0
1725954715127144782,0.0,0.0
1725954715149768195,0.0,0.0
1725954715173938739,0.0,0.0
1725954715199317062,0.0,0.0
1725954715218377254,0.0,0.0
1725954715243014936,0.0,0.0
1725954715273266581,0.0,0.0
1725954715298876187,0.0,0.0
1725954715322484580,0.0,0.0
1725954715351304900,0.0,0.0
1725954715379148905,0.0,0.0
1725954715406478149,0.0,0.0
1725954715430204537,0.0,0.0
1725954715455029082,0.0,0.0
1725954715482648532,0.0,0.0
1725954715511501499,0.0,0.0
1725954715533070361,0.0,0.0
1725954715562375500,0.0,0.0
1725954715586718745,0.0,0.0
1725954715614887635,0.0,0.0
1725954715637864861,0.0,0.0
1725954715659705459,0.0,0.0
1725954715686915346,0.0,0.0
1725954715716826809,0.0,0.0
1725954715737540543,0.0,0.0
1725954715776182777,0.0,0.0
1725954715802892857,0.0,0.0
1725954715832831077,0.0,0.0
1725954715853934363,0.0,0.0
1725954715879408902,0.0,0.0
1725954715910714592,0.0,0.0
1725954715940098214,0.0,0.0
1725954715961195619,0.0,0.0
1725954715983277552,0.0,0.0
1725954716014447089,0.0,0.0
1725954716041243824,0.0,0.0
1725954716065792134,0.0,0.0
1725954716087002824,0.0,0.0
1725954716121094725,0.0,0.0
1725954716144494572,0.0,0.0
1725954716164342594,0.0,0.0
1725954716190001227,0.0,0.0
1725954716218700982,0.0,0.0
1725954716246213378,0.0,0.0
1725954716265963955,0.0,0.0
1725954716298872138,0.0,0.0
1725954716325093718,0.0,0.0
1725954716351284032,0.0,0.0
1725954716374407203,0.0,0.0
1725954716398639659,0.0,0.0
1725954716424152556,0.0,0.0
1725954716457258873,0.0,0.0
1725954716483516722,0.0,0.0
1725954716507369941,0.0,0.0
1725954716543594025,0.0,0.0
1725954716566347080,0.0,0.0
1725954716591147858,0.0,0.0
1725954716615281087,0.0,0.0
1725954716642726992,0.0,0.0
1725954716666293387,0.0,0.0
1725954716685568514,0.0,0.0
1725954716709281052,0.0,0.0
1725954716742882997,0.0,0.0
1725954716770208178,0.0,0.0
1725954716792538228,0.0,0.0
1725954716818559893,0.0,0.0
1725954716858078453,0.0,0.0
1725954716889805671,0.0,0.0
1725954716913783250,0.0,0.0
1725954716946140361,0.0,0.0
1725954716972358454,0.0,0.0
1725954716994009925,0.0,0.0
1725954717018775672,0.0,0.0
1725954717047067912,0.0,0.0
1725954717077408910,0.0,0.0
1725954717099978442,0.0,0.0
1725954717123559381,0.0,0.0
1725954717154698091,0.0,0.0
1725954717182585600,0.0,0.0
1725954717203036315,0.0,0.0
1725954717225783735,0.0,0.0
1725954717253990635,0.0,0.0
1725954717279203203,0.0,0.0
1725954717300551690,0.0,0.0
1725954717324522937,0.0,0.0
1725954717364589810,0.0,0.0
1725954717380017903,0.0,0.0
1725954717405513959,0.0,0.0
1725954717430622801,0.0,0.0
1725954717459404903,0.0,0.0
1725954717484701173,0.0,0.0
1725954717506886130,0.0,0.0
1725954717531209416,0.0,0.0
1725954717559938449,0.0,0.0
1725954717588890619,0.0,0.0
1725954717608793917,0.0,0.0
1725954717639012047,0.0,0.0
1725954717664296341,0.0,0.0
1725954717686706548,0.0,0.0
1725954717708989398,0.0,0.0
1725954717733491958,0.0,0.0
1725954717767577660,0.0,0.0
1725954717791920198,0.0,0.0
1725954717816895354,0.0,0.0
1725954717841017345,0.0,0.0
1725954717864968011,0.0,0.0
1725954717895334584,0.0,0.0
1725954717921074335,0.0,0.0
1725954717944238608,0.0,0.0
1725954717976033396,0.0,0.0
1725954718005718315,0.0,0.0
1725954718024225800,0.0,0.0
1725954718053847511,0.0,0.0
1725954718089401662,0.0,0.0
1725954718116806697,0.0,0.0
1725954718139025283,0.0,0.0
1725954718158632048,0.0,0.0
1725954718188107622,0.0,0.0
1725954718213026395,0.0,0.0
1725954718239692773,0.0,0.0
1725954718259838142,0.0,0.0
1725954718288516726,0.0,0.0
1725954718315685943,0.0,0.0
1725954718334793097,0.0,0.0
1725954718360232680,0.0,0.0
1725954718389840718,0.0,0.0
1725954718417623922,0.0,0.0
1725954718441642325,0.0,0.0
1725954718467677820,0.0,0.0
1725954718503528988,0.0,0.0
1725954718532342266,0.0,0.0
1725954718557042272,0.0,0.0
1725954718583428245,0.0,0.0
1725954718615739515,0.0,0.0
1725954718637471336,0.0,0.0
1725954718657428894,0.0,0.0
1725954718684538793,0.0,0.0
1725954718711890695,0.0,0.0
1725954718740055924,0.0,0.0
1725954718761413455,0.0,0.0
1725954718788095894,0.0,0.0
1725954718815704294,0.0,0.0
1725954718844800620,0.0,0.0
1725954718871928146,0.0,0.0
1725954718893741841,0.0,0.0
1725954718920361561,0.0,0.0
1725954718945351326,0.0,0.0
1725954718973302165,0.0,0.0
1725954718994530024,0.0,0.0
1725954719031623248,0.0,0.0
1725954719057024420,0.0,0.0
1725954719078267571,0.0,0.0
1725954719111583567,0.0,0.0
1725954719144271736,-0.05000000074505806,0.05000000074505806
1725954719169966062,-0.05277788266539574,0.10000000149011612
1725954719191044973,-0.05277788266539574,0.15000000596046448
1725954719215415360,-0.05277788266539574,0.25001466274261475
1725954719244052841,-0.05277788266539574,0.25001317262649536
1725954719269430524,-0.05277788266539574,0.2500281035900116
1725954719291645848,-0.05277788266539574,0.25002795457839966
1725954719315894038,-0.05396013706922531,0.3078904151916504
1725954719346508623,-0.05895474553108215,0.35535913705825806
1725954719371850120,-0.0692678764462471,0.46733030676841736
1725954719393578313,-0.08437708765268326,0.5032538771629333
1725954719419003643,-0.1029641181230545,0.6446382999420166
1725954719449301831,-0.12364989519119263,0.7010846734046936
1725954719476182629,-0.14533933997154236,0.7723531723022461
1725954719508905732,-0.16731254756450653,0.8109875321388245
1725954719529092093,-0.18918117880821228,0.8461204171180725
1725954719563278347,-0.21079391241073608,0.8783556222915649
1725954719588651464,-0.23214037716388702,0.9508057236671448
1725954719610512030,-0.2532760202884674,0.9787831902503967
1725954719637270996,-0.2738841772079468,1.0235381126403809
1725954719668278585,-0.29215168952941895,1.048937439918518
1725954719690904114,-0.3056277930736542,1.0855337381362915
1725954719713655080,-0.31343337893486023,1.112329125404358
1725954719737249506,-0.3162004351615906,1.1529173851013184
1725954719766697350,-0.31545165181159973,1.1936569213867188
1725954719796761936,-0.3129101097583771,1.2532113790512085
1725954719818180507,-0.30966082215309143,1.3077906370162964
1725954719843249241,-0.30621030926704407,1.3669077157974243
1725954719875598421,-0.3027556240558624,1.4218175411224365
1725954719904865759,-0.2992956042289734,1.4767531156539917
1725954719924979460,-0.2957291305065155,1.513586401939392
1725954719947795916,-0.29242318868637085,1.5594534873962402
1725954719981663580,-0.2901190221309662,1.591978669166565
1725954720006310804,-0.2889239490032196,1.6289602518081665
1725954720030735856,-0.28827929496765137,1.657047986984253
1725954720056150010,-0.28747475147247314,1.6918811798095703
1725954720089949160,-0.28594499826431274,1.7163671255111694
1725954720112966505,-0.2834649085998535,1.7474761009216309
1725954720135952214,-0.2800789475440979,1.7697186470031738
1725954720160916858,-0.27598652243614197,1.7983752489089966
1725954720194711828,-0.27156853675842285,1.8170043230056763
1725954720225619701,-0.267292857170105,1.841508388519287
1725954720244689524,-0.26331567764282227,1.860743522644043
1725954720267636882,-0.25918006896972656,1.901350736618042
1725954720294327745,-0.2539282441139221,1.9357166290283203
1725954720324256335,-0.24661785364151,1.9772504568099976
1725954720348764382,-0.23713178932666779,2.0015389919281006
1725954720371860606,-0.22582565248012543,2.0515267848968506
1725954720399401113,-0.2127593755722046,2.082042694091797
1725954720426756004,-0.19833452999591827,2.115499973297119
1725954720448961462,-0.1836138367652893,2.140763521194458
1725954720475416482,-0.17004382610321045,2.1656906604766846
1725954720502545601,-0.15872228145599365,2.187626838684082
1725954720529073637,-0.14956875145435333,2.2146105766296387
1725954720550378592,-0.14191778004169464,2.2354276180267334
1725954720586209398,-0.1356765329837799,2.252000570297241
1725954720618360271,-0.13075873255729675,2.269575357437134
1725954720646867786,-0.12663917243480682,2.2923433780670166
1725954720667084793,-0.12265545129776001,2.307954788208008
1725954720686617962,-0.11781072616577148,2.328343391418457
1725954720720173695,-0.11142772436141968,2.3428425788879395
1725954720741832290,-0.1034122109413147,2.3598952293395996
1725954720764758860,-0.09402976185083389,2.373792886734009
1725954720789115852,-0.0836896225810051,2.396108865737915
1725954720818026982,-0.0728396624326706,2.4108152389526367
1725954720838758417,-0.061743851751089096,2.434020519256592
1725954720863481888,-0.050529349595308304,2.449402332305908
1725954720893491093,-0.038595642894506454,2.4788756370544434
1725954720917013642,-0.024199752137064934,2.499356746673584
1725954720941404229,-0.007033804431557655,2.5201303958892822
1725954720964891847,0.01077646017074585,2.5361087322235107
1725954720994089251,0.026739561930298805,2.552922248840332
1725954721023717425,0.03995119035243988,2.5671794414520264
1725954721052363138,0.05122362822294235,2.581885814666748
1725954721072953426,0.06111578643321991,2.595395565032959
1725954721113637896,0.06869687139987946,2.606013298034668
1725954721146288811,0.07335022836923599,2.618626594543457
1725954721173570504,0.07584331929683685,2.6314008235931396
1725954721196680179,0.07713350653648376,2.640486717224121
1725954721218578103,0.07820276916027069,2.6506993770599365
1725954721255683696,0.08043569326400757,2.6593782901763916
1725954721283011190,0.08490562438964844,2.6681692600250244
1725954721306517740,0.0910852774977684,2.6749236583709717
1725954721326773739,0.09720118343830109,2.682210683822632
1725954721352144174,0.10219874978065491,2.6891825199127197
1725954721382870164,0.10638323426246643,2.6969945430755615
1725954721407953413,0.10988448560237885,2.7065625190734863
1725954721432234194,0.11218787729740143,2.7137560844421387
1725954721464245383,0.11325033009052277,2.721446990966797
1725954721491917578,0.11384560167789459,2.729675769805908
1725954721515429919,0.1146918535232544,2.7356977462768555
1725954721539768184,0.1156141385436058,2.742152452468872
1725954721571418891,0.11597448587417603,2.7471392154693604
1725954721603535681,0.11500206589698792,2.751164674758911
1725954721624938979,0.11221151053905487,2.754925012588501
1725954721652244649,0.10778549313545227,2.7583208084106445
1725954721678626734,0.10284148156642914,2.7610466480255127
1725954721704991314,0.09850353002548218,2.7633540630340576
1725954721731199730,0.09442692995071411,2.7657079696655273
1725954721749601997,0.09006139636039734,2.767244577407837
1725954721787018579,0.08538255840539932,2.768827199935913
1725954721809906179,0.0803278237581253,2.7701563835144043
1725954721832138767,0.07519770413637161,2.7713422775268555
1725954721861723756,0.07062231749296188,2.7722973823547363
1725954721892410675,0.06709495931863785,2.7734291553497314
1725954721922038042,0.06481602042913437,2.7739992141723633
1725954721942680567,0.0631914809346199,2.7746479511260986
1725954721963079067,0.06088269129395485,2.7750742435455322
1725954721993427454,0.05663946643471718,2.7758069038391113
1725954722019631485,0.04963592439889908,2.776254653930664
1725954722043129266,0.04000840708613396,2.7766366004943848
1725954722063343620,0.028646990656852722,2.777055501937866
1725954722093486912,0.016143182292580605,2.7773571014404297
1725954722117029313,0.002787006087601185,2.777474880218506
1725954722143799950,-0.01071981992572546,2.777613401412964
1725954722164869044,-0.022952266037464142,2.7776453495025635
1725954722211006682,-0.03259650245308876,2.7776994705200195
1725954722226410180,-0.03961831331253052,2.7777438163757324
1725954722251888066,-0.0453796461224556,2.77775502204895
1725954722267327048,-0.051151204854249954,2.7777602672576904
1725954722297414677,-0.05751073732972145,2.777765989303589
1725954722331582551,-0.06473247706890106,2.777769088745117
1725954722354611897,-0.0724126324057579,2.7777717113494873
1725954722377676644,-0.07990691810846329,2.777773380279541
1725954722407237950,-0.0868549570441246,2.7777745723724365
1725954722434476193,-0.09354604780673981,2.777775526046753
1725954722461532425,-0.10095105320215225,2.777776002883911
1725954722486249969,-0.10916631668806076,2.7777767181396484
1725954722516669828,-0.11777326464653015,2.7777767181396484
1725954722538923377,-0.12729953229427338,2.7777767181396484
1725954722559015894,-0.13788384199142456,2.7777771949768066
1725954722585775410,-0.1492263376712799,2.7777771949768066
1725954722615412757,-0.1619298905134201,2.7777767181396484
1725954722644268473,-0.17655856907367706,2.7777771949768066
1725954722665569836,-0.1925015151500702,2.7777774333953857
1725954722690251869,-0.20839734375476837,2.777777671813965
1725954722724861859,-0.22339317202568054,2.777777671813965
1725954722748386938,-0.23681405186653137,2.777777671813965
1725954722774388092,-0.2483823001384735,2.777777671813965
1725954722794801244,-0.2588188648223877,2.7777774333953857
1725954722830516215,-0.26782360672950745,2.7777769565582275
1725954722854107741,-0.2750103771686554,2.7777771949768066
1725954722884577117,-0.281419962644577,2.7777774333953857
1725954722911732455,-0.2871865928173065,2.777777671813965
1725954722942863778,-0.29243919253349304,2.7777771949768066
1725954722968853586,-0.2986644506454468,2.7777774333953857
1725954722990968797,-0.30596256256103516,2.777777671813965
1725954723017736253,-0.3134148418903351,2.777777671813965
1725954723045618856,-0.3207390010356903,2.777777910232544
1725954723076570762,-0.32755088806152344,2.777777671813965
1725954723099458096,-0.33350515365600586,2.7777771949768066
1725954723126050926,-0.3383789658546448,2.7777769565582275
1725954723152953815,-0.34264832735061646,2.7777771949768066
1725954723178443752,-0.347647100687027,2.7777774333953857
1725954723201996646,-0.3537904620170593,2.7777774333953857
1725954723230245848,-0.36067670583724976,2.7777771949768066
1725954723267854802,-0.36774957180023193,2.7777769565582275
1725954723294199482,-0.3734509348869324,2.7777767181396484
1725954723317754055,-0.3768756687641144,2.777777671813965
1725954723339850524,-0.379553884267807,2.7777771949768066
1725954723374597134,-0.38273167610168457,2.7777769565582275
1725954723402882268,-0.3861955404281616,2.7777771949768066
1725954723427973696,-0.389866441488266,2.7777774333953857
1725954723450730937,-0.39394012093544006,2.7777771949768066
1725954723481801319,-0.39814916253089905,2.7777769565582275
1725954723509450850,-0.40181756019592285,2.7777769565582275
1725954723528787067,-0.40452563762664795,2.7777774333953857
1725954723558542430,-0.406015008687973,2.7777774333953857
1725954723585986730,-0.40662238001823425,2.7777771949768066
1725954723613114056,-0.40687423944473267,2.7777769565582275
1725954723636431520,-0.4068112373352051,2.7777771949768066
1725954723658684305,-0.40655630826950073,2.7777774333953857
1725954723686715999,-0.4063010811805725,2.7777771949768066
1725954723712762881,-0.4059576988220215,2.7777769565582275
1725954723742710923,-0.4051723778247833,2.7777774333953857
1725954723766447262,-0.40361499786376953,2.7777771949768066
1725954723801327889,-0.4010753929615021,2.7777769565582275
1725954723823120829,-0.3973405361175537,2.7777767181396484
1725954723847576782,-0.3928726613521576,2.7777769565582275
1725954723872305028,-0.38882508873939514,2.7777771949768066
1725954723904871406,-0.38551679253578186,2.7777774333953857
1725954723934710598,-0.38292568922042847,2.7777774333953857
1725954723955174492,-0.38144227862358093,2.777777671813965
1725954723978526201,-0.38097241520881653,2.7777774333953857
1725954724005736152,-0.3809565305709839,2.7777769565582275
1725954724036535600,-0.38008520007133484,2.7777767181396484
1725954724057156842,-0.3775312602519989,2.7777774333953857
1725954724095517546,-0.3746202290058136,2.7777774333953857
1725954724121254252,-0.37268364429473877,2.7777771949768066
1725954724144076892,-0.37145915627479553,2.7777767181396484
1725954724167335417,-0.37034252285957336,2.7777767181396484
1725954724192388859,-0.3692445456981659,2.7777769565582275
1725954724224303885,-0.36793652176856995,2.7777771949768066
1725954724256701547,-0.3657650649547577,2.7777774333953857
1725954724285331228,-0.36210572719573975,2.7777769565582275
1725954724313462242,-0.3563937246799469,2.7777767181396484
1725954724350747742,-0.34846243262290955,2.7777774333953857
1725954724373549412,-0.33919742703437805,2.777777671813965
1725954724395782323,-0.33021631836891174,2.777777671813965
1725954724422617542,-0.33021631836891174,2.777777671813965
1725954724453680104,-0.3166443705558777,2.777777910232544
1725954724474585450,-0.3117706775665283,2.777777671813965
1725954724499773162,-0.30890506505966187,2.777777910232544
1725954724533893613,-0.30778267979621887,2.777777671813965
1725954724556213393,-0.30729565024375916,2.7777771949768066
1725954724576235819,-0.3061579167842865,2.7777769565582275
1725954724602422774,-0.30402088165283203,2.7777767181396484
1725954724629372991,-0.3018057644367218,2.7777771949768066
1725954724656261544,-0.2995889186859131,2.7777774333953857
1725954724681119219,-0.29688072204589844,2.7777774333953857
1725954724709743285,-0.2937665283679962,2.7777771949768066
1725954724734412010,-0.2904905378818512,2.7777769565582275
1725954724765230571,-0.28704768419265747,2.7777771949768066
1725954724781935881,-0.2833682894706726,2.7777774333953857
1725954724812519408,-0.2795780301094055,2.7777774333953857
1725954724840916579,-0.2755621373653412,2.7777771949768066
1725954724863160262,-0.27061623334884644,2.7777774333953857
1725954724883535026,-0.26457902789115906,2.7777774333953857
1725954724904014385,-0.257867693901062,2.7777769565582275
1725954724932258207,-0.25039392709732056,2.7777767181396484
1725954724963679757,-0.2424829751253128,2.777777671813965
1725954724985501805,-0.2354949414730072,2.7777771949768066
1725954725019618055,-0.2307388186454773,2.7777769565582275
1725954725041398813,-0.22800785303115845,2.7777767181396484
1725954725066652071,-0.22649553418159485,2.7777767181396484
1725954725090615505,-0.22544653713703156,2.7777774333953857
1725954725114439491,-0.22442498803138733,2.7777771949768066
1725954725139369078,-0.22413931787014008,2.7777774333953857
1725954725172265300,-0.22421607375144958,2.777777671813965
1725954725191513293,-0.2233307808637619,2.777777671813965
1725954725216095415,-0.22113962471485138,2.7777771949768066
1725954725239686995,-0.21793410181999207,2.7777771949768066
1725954725270381323,-0.2140102982521057,2.7777774333953857
1725954725294358918,-0.20961754024028778,2.777777671813965
1725954725314798922,-0.20508097112178802,2.7777774333953857
1725954725346575635,-0.20508097112178802,2.7777774333953857
1725954725375140331,-0.1954525113105774,2.7777774333953857
1725954725400393135,-0.18950967490673065,2.7777771949768066
1725954725421549093,-0.18265995383262634,2.7777769565582275
1725954725449798702,-0.17570272088050842,2.7777771949768066
1725954725479041240,-0.16925713419914246,2.777777671813965
1725954725501251370,-0.16355197131633759,2.7777771949768066
1725954725524693860,-0.15922510623931885,2.7777769565582275
1725954725560261435,-0.1562119722366333,2.7777767181396484
1725954725584499556,-0.1537994146347046,2.7777769565582275
1725954725606088640,-0.15168888866901398,2.7777774333953857
1725954725629237987,-0.1498531699180603,2.7777771949768066
1725954725655852705,-0.14846475422382355,2.7777774333953857
1725954725686001912,-0.1473308950662613,2.777777671813965
1725954725705124311,-0.14600010216236115,2.777777671813965
1725954725728804036,-0.14435942471027374,2.7777771949768066
1725954725763172345,-0.14246396720409393,2.7777769565582275
1725954725785995013,-0.14032064378261566,2.7777771949768066
1725954725809548556,-0.13795830309391022,2.7777774333953857
1725954725837164347,-0.13548694550991058,2.7777771949768066
1725954725860567249,-0.13289640843868256,2.7777769565582275
1725954725891358910,-0.12987852096557617,2.7777774333953857
1725954725914614337,-0.1262599229812622,2.7777771949768066
1725954725937845155,-0.12200400978326797,2.7777774333953857
1725954725967915567,-0.11698439717292786,2.7777771949768066
1725954725995925742,-0.11134576797485352,2.7777769565582275
1725954726017641029,-0.10568739473819733,2.7777771949768066
1725954726047112736,-0.10094799101352692,2.7777774333953857
1725954726076305425,-0.09741376340389252,2.777777671813965
1725954726107380014,-0.09495655447244644,2.777777671813965
1725954726124129472,-0.09369265288114548,2.777777671813965
1725954726151092581,-0.09321301430463791,2.777777910232544
1725954726180677395,-0.09285861998796463,2.777777671813965
1725954726208375300,-0.09225384891033173,2.777777910232544
1725954726228201345,-0.09120481461286545,2.777777910232544
1725954726252414509,-0.08964816480875015,2.7777774333953857
1725954726277425289,-0.08759307861328125,2.7777771949768066
1725954726310037811,-0.08515064418315887,2.7777774333953857
1725954726335898510,-0.08253142982721329,2.7777774333953857
1725954726353758672,-0.08007806539535522,2.7777771949768066
1725954726388171734,-0.07803238928318024,2.7777769565582275
1725954726421200804,-0.07628675550222397,2.7777771949768066
1725954726448134417,-0.07445590198040009,2.777777671813965
1725954726467784266,-0.0721687525510788,2.777777671813965
1725954726498009894,-0.06935723125934601,2.777777910232544
1725954726526311187,-0.06607059389352798,2.777777910232544
1725954726547784104,-0.0624815858900547,2.777777910232544
1725954726570152320,-0.05888449773192406,2.777777910232544
1725954726595928947,-0.05555097386240959,2.7777774333953857
1725954726625803248,-0.052640289068222046,2.7777769565582275
1725954726646341115,-0.05007925629615784,2.7777767181396484
1725954726668637029,-0.04801909253001213,2.7777774333953857
1725954726698703939,-0.046766169369220734,2.7777771949768066
1725954726727682717,-0.046126384288072586,2.7777769565582275
1725954726749524544,-0.04561660438776016,2.7777767181396484
1725954726767312697,-0.045043207705020905,2.7777774333953857
1725954726800643419,-0.0444527305662632,2.7777774333953857
1725954726823306982,-0.04378215968608856,2.7777771949768066
1725954726843224273,-0.04286252707242966,2.7777769565582275
1725954726865733831,-0.041699156165122986,2.7777774333953857
1725954726895235968,-0.04047519341111183,2.777777671813965
1725954726916637153,-0.03917580470442772,2.7777774333953857
1725954726942744333,-0.03770412132143974,2.7777769565582275
1725954726973933772,-0.03598858043551445,2.7777774333953857
1725954726996459451,-0.033814337104558945,2.7777771949768066
1725954727028447905,-0.03101276606321335,2.7777769565582275
1725954727047829328,-0.027780955657362938,2.7777774333953857
1725954727073300709,-0.024580886587500572,2.777777671813965
1725954727100449964,-0.02170116826891899,2.7777771949768066
1725954727127974570,-0.019243348389863968,2.7777767181396484
1725954727150221300,-0.017159512266516685,2.7777774333953857
1725954727174265572,-0.015423784963786602,2.777777671813965
1725954727202335892,-0.014167070388793945,2.7777771949768066
1725954727236985351,-0.013374938629567623,2.7777769565582275
1725954727259672492,-0.012892150320112705,2.7777767181396484
1725954727287056574,-0.012674926780164242,2.7777774333953857
1725954727313733392,-0.012688366696238518,2.7777771949768066
1725954727339211895,-0.012723605148494244,2.7777769565582275
1725954727358591458,-0.01257116999477148,2.7777769565582275
1725954727386342020,-0.012141682207584381,2.7777774333953857
1725954727416038035,-0.011501914821565151,2.7777774333953857
1725954727441749989,-0.010778641328215599,2.7777771949768066
1725954727464518456,-0.009967617690563202,2.7777769565582275
1725954727485817601,-0.009062981233000755,2.7777774333953857
1725954727512658151,-0.008149133063852787,2.777777671813965
1725954727542247672,-0.007343593053519726,2.7777774333953857
1725954727560524214,-0.006768441759049892,2.7777769565582275
1725954727588335583,-0.0064139170572161674,2.7777774333953857
1725954727613545471,-0.006110696122050285,2.7777771949768066
1725954727642316138,-0.005729673895984888,2.7777769565582275
1725954727667653570,-0.006154168397188187,2.7777771949768066
1725954727692216873,-0.008450492285192013,2.777777671813965
1725954727715400891,-0.011679895222187042,2.7777771949768066
1725954727745853866,-0.014332063496112823,2.7777769565582275
1725954727771141309,-0.015692563727498055,2.7777774333953857
1725954727796306500,-0.01551879569888115,2.7777774333953857
1725954727828266686,-0.014251910150051117,2.7777771949768066
1725954727850762541,-0.012515823356807232,2.7777769565582275
1725954727872036269,-0.010745290666818619,2.7777769565582275
1725954727897999685,-0.009206226095557213,2.7777774333953857
1725954727927545942,-0.007986899465322495,2.7777774333953857
1725954727953599510,-0.007083345204591751,2.7777771949768066
1725954727975679648,-0.0064923521131277084,2.7777769565582275
1725954728003388676,-0.006224071141332388,2.7777771949768066
1725954728029162529,-0.0061998325400054455,2.777777671813965
1725954728055380485,-0.006316607818007469,2.777777671813965
1725954728077497329,-0.006508792284876108,2.7777771949768066
1725954728103694342,-0.00665068905800581,2.7777774333953857
1725954728130718305,-0.006566610652953386,2.7777771949768066
1725954728153103625,-0.006157577503472567,2.7777769565582275
1725954728178281690,-0.005423086229711771,2.7777767181396484
1725954728201361195,-0.0044364589266479015,2.7777774333953857
1725954728227811380,-0.0033331590238958597,2.7777769565582275
1725954728254814368,-0.0022112466394901276,2.7777767181396484
1725954728276882858,-0.0012052103411406279,2.7777774333953857
1725954728304792985,-0.0004916045581921935,2.777777671813965
1725954728329130555,-8.975292439572513e-05,2.7777771949768066
1725954728355564926,7.541402010247111e-05,2.7777769565582275
1725954728376400199,5.772549411631189e-05,2.7777771949768066
1725954728407261909,-7.210552575998008e-05,2.7777774333953857
1725954728436930076,-0.00021022798318881541,2.777777671813965
1725954728460795998,-0.0003101765178143978,2.777777671813965
1725954728483980222,-0.0003929746453650296,2.777777671813965
1725954728514658043,-0.0004204818105790764,2.777777910232544
1725954728540855989,-0.00033514288952574134,2.777777671813965
1725954728566218022,-0.00019626396533567458,2.777777910232544
1725954728585940572,-0.00012123390479246154,2.777777671813965
1725954728611650958,-0.0001339910813840106,2.7777774333953857
1725954728638361315,-0.00017888830916490406,2.7777774333953857
1725954728664723257,-0.00026258506113663316,2.777777671813965
1725954728681691643,-0.0004689153574872762,2.777777671813965
1725954728710714082,-0.0007788185030221939,2.7777774333953857
1725954728737832879,-0.001048727659508586,2.7777771949768066
1725954728764552898,-0.0011733280261978507,2.7777774333953857
1725954728785295877,-0.001120035070925951,2.7777774333953857
1725954728810125464,-0.0008177573909051716,2.7777769565582275
1725954728835128479,-0.00017928803572431207,2.7777774333953857
1725954728860883420,0.0006977420416660607,2.777777671813965
1725954728883786405,0.0015516587300226092,2.7777771949768066
1725954728909572676,0.0021861863788217306,2.7777767181396484
1725954728939104715,0.0025625983253121376,2.7777774333953857
1725954728965370512,0.002688510110601783,2.777777671813965
1725954728991039471,0.002558131003752351,2.7777771949768066
1725954729009402937,0.002226279117166996,2.7777769565582275
1725954729042246673,0.0018195377197116613,2.7777771949768066
1725954729069120137,0.0014021876268088818,2.7777774333953857
1725954729090088867,0.0009586754604242742,2.7777771949768066
1725954729112742032,0.0005324451485648751,2.7777769565582275
1725954729145189063,0.000202406314201653,2.7777769565582275
1725954729173329946,-5.163357127457857e-05,2.7777774333953857
1725954729192993940,-0.0003397797408979386,2.7777774333953857
1725954729215531992,-0.0006998477620072663,2.7777771949768066
1725954729246754632,-0.0010606354335322976,2.7777771949768066
1725954729274602938,-0.0013963549863547087,2.7777774333953857
1725954729298918616,-0.0017456896603107452,2.777777671813965
1725954729323595130,-0.002075783209875226,2.7777774333953857
1725954729346167544,-0.002301098546013236,2.7777769565582275
1725954729374018921,-0.002418274525552988,2.7777774333953857
1725954729397370916,-0.0025016667786985636,2.7777774333953857
1725954729431765326,-0.002505921060219407,2.7777769565582275
1725954729456382362,-0.0022910116240382195,2.7777764797210693
1725954729485219840,-0.0019247811287641525,2.7777771949768066
1725954729503495358,-0.001620170078240335,2.7777771949768066
1725954729527099916,-0.0014281515032052994,2.7777774333953857
1725954729560744723,-0.001289157778955996,2.7777774333953857
1725954729590978329,-0.0012201961362734437,2.777777671813965
1725954729610053096,-0.0012412865180522203,2.7777771949768066
1725954729636450720,-0.00128261954523623,2.7777769565582275
1725954729666708216,-0.0012673253659158945,2.7777769565582275
1725954729692474065,-0.0012168290559202433,2.777777671813965
1725954729710242846,-0.0012203548103570938,2.7777774333953857
1725954729739522188,-0.001308525213971734,2.7777771949768066
1725954729774031695,-0.001442036940716207,2.7777769565582275
1725954729794873778,-0.0016233868664130569,2.7777771949768066
1725954729820744732,-0.0018916288390755653,2.7777774333953857
1725954729842869043,-0.0022017566952854395,2.7777771949768066
1725954729871982816,-0.0024482635781168938,2.7777769565582275
1725954729899268583,-0.002590026706457138,2.7777774333953857
1725954729926132739,-0.0026308719534426928,2.7777771949768066
1725954729952885258,-0.0025136079639196396,2.7777769565582275
1725954729978286532,-0.0021758866496384144,2.7777771949768066
1725954730007026834,-0.0016910559497773647,2.777777671813965
1725954730029053431,-0.0012585418298840523,2.7777771949768066
1725954730055302642,-0.000983787002041936,2.7777767181396484
1725954730081887680,-0.000822351488750428,2.7777771949768066
1725954730114882268,-0.0007691337377764285,2.7777774333953857
1725954730139833080,-0.0008530292543582618,2.7777771949768066
1725954730162682208,-0.0010172247420996428,2.7777769565582275
1725954730193306403,-0.0011441162787377834,2.7777771949768066
1725954730222112528,-0.0011886503780260682,2.7777774333953857
1725954730242951493,-0.0011872882023453712,2.7777774333953857
1725954730269252174,-0.001159447943791747,2.7777769565582275
1725954730297125123,-0.0011076260125264525,2.7777769565582275
1725954730322588602,-0.0010871514678001404,2.7777771949768066
1725954730347367742,-0.001180812600068748,2.7777774333953857
1725954730372518940,-0.0013947566039860249,2.7777771949768066
1725954730403459826,-0.001675866195000708,2.7777769565582275
1725954730424247300,-0.002020035171881318,2.7777771949768066
1725954730446951478,-0.002431055996567011,2.7777771949768066
1725954730466167397,-0.0028233833145350218,2.7777769565582275
1725954730502104630,-0.003066384932026267,2.7777771949768066
1725954730529039306,-0.0030843031127005816,2.7777774333953857
1725954730550747347,-0.0029052412137389183,2.7777774333953857
1725954730573848235,-0.0025591610465198755,2.777777671813965
1725954730602561293,-0.002065200824290514,2.7777771949768066
1725954730628109108,-0.0015477753477171063,2.7777769565582275
1725954730649384576,-0.0011954002548009157,2.7777774333953857
1725954730668973489,-0.0010781418532133102,2.777777671813965
1725954730700881216,-0.0010949568822979927,2.7777771949768066
1725954730725227064,-0.0011637695133686066,2.7777769565582275
1725954730751370088,-0.0012652053264901042,2.7777771949768066
1725954730773770716,-0.0013205548748373985,2.7777774333953857
1725954730804130273,-0.0012588086538016796,2.7777771949768066
1725954730829404835,-0.0011260907631367445,2.7777769565582275
1725954730850032979,-0.00099534064065665,2.7777771949768066
1725954730874448845,-0.0008661362226121128,2.7777774333953857
1725954730898645690,-0.0007158743683248758,2.7777774333953857
1725954730928805039,-0.0005719212349504232,2.7777771949768066
1725954730950375784,-0.000474028114695102,2.7777771949768066
1725954730978168800,-0.00039981582085601985,2.7777774333953857
1725954731001791540,-0.0003020782896783203,2.777777671813965
1725954731028877569,-0.00018749639275483787,2.7777774333953857
1725954731048935043,-0.00014242836914490908,2.7777769565582275
1725954731076389633,-0.00016674798098392785,2.7777774333953857
1725954731106396478,-6.92102694301866e-05,2.7777771949768066
1725954731141302237,0.00025134714087471366,2.7777769565582275
1725954731168115526,0.0007336857379414141,2.7777767181396484
1725954731195679671,0.0013180228415876627,2.7777771949768066
1725954731226625843,0.001878076116554439,2.7777771949768066
1725954731246525368,0.002244040369987488,2.7777769565582275
1725954731268685931,0.0023462751414626837,2.7777774333953857
1725954731305071407,0.002223355695605278,2.7777774333953857
1725954731330713289,0.0019237999804317951,2.7777771949768066
1725954731359626530,0.0014777040341868997,2.7777769565582275
1725954731381356492,0.0009871856309473515,2.7777771949768066
1725954731426350367,0.000577495782636106,2.7777774333953857
1725954731449760398,0.00024088466307148337,2.777777671813965
1725954731471626535,-0.0001234097871929407,2.7777774333953857
1725954731493585924,-0.0005492082564160228,2.7777774333953857
1725954731523670832,-0.0010065570240840316,2.7777771949768066
1725954731548475805,-0.001528833294287324,2.7777771949768066
1725954731573731486,-0.0021558967418968678,2.7777774333953857
1725954731594895844,-0.002774486318230629,2.7777774333953857
1725954731621948944,-0.003227029927074909,2.7777771949768066
1725954731649540140,-0.0034892898984253407,2.7777771949768066
1725954731676245292,-0.003575407899916172,2.7777774333953857
1725954731700451517,-0.003452247241511941,2.777777671813965
1725954731726411718,-0.003156130900606513,2.7777774333953857
1725954731756757287,-0.00273943692445755,2.7777774333953857
1725954731785276386,-0.0022478816099464893,2.7777774333953857
1725954731806691503,-0.001662947004660964,2.7777771949768066
1725954731834550776,-0.0008668361697345972,2.7777769565582275
1725954731866731753,5.0810922402888536e-05,2.7777774333953857
1725954731886096380,0.0009013853268697858,2.777777671813965
1725954731908797543,0.0016324060270562768,2.7777771949768066
1725954731943162958,0.0022150438744574785,2.7777771949768066
1725954731965555727,0.0025943818036466837,2.7777771949768066
1725954731988590869,0.0027302484959363937,2.7777774333953857
1725954732008988211,0.0026767973322421312,2.7777771949768066
1725954732037028106,0.0025454177521169186,2.7777769565582275
1725954732069960149,0.0023603318259119987,2.7777771949768066
1725954732094917991,0.0021087268833070993,2.7777774333953857
1725954732114394406,0.0018345338758081198,2.7777774333953857
1725954732144333775,0.0015644785016775131,2.7777769565582275
1725954732169948983,0.0012783213751390576,2.7777769565582275
1725954732195965952,0.0009861151920631528,2.7777774333953857
1725954732219235359,0.0007771893870085478,2.7777774333953857
1725954732248694360,0.000723826524335891,2.7777771949768066
1725954732276149156,0.0007889656699262559,2.7777771949768066
1725954732301221973,0.0009191903518512845,2.7777774333953857
1725954732327508761,0.0011267820373177528,2.777777671813965
1725954732354277421,0.0014307304518297315,2.7777774333953857
1725954732380447794,0.0018189717084169388,2.7777771949768066
1725954732399336189,0.0022549910936504602,2.7777769565582275
1725954732435627684,0.0027290855068713427,2.7777771949768066
1725954732533651581,0.0032630569767206907,2.7777774333953857
1725954732577763267,0.0037796234246343374,2.7777771949768066
1725954732603080996,0.0041900216601789,2.7777769565582275
1725954732621407438,0.004500107374042273,2.7777769565582275
1725954732648482455,0.00470369728282094,2.7777774333953857
1725954732675270418,0.004793116357177496,2.777777671813965
1725954732699492659,0.004752281121909618,2.7777771949768066
1725954732719295954,0.004519814625382423,2.7777769565582275
1725954732745889007,0.004085618536919355,2.7777769565582275
1725954732769546994,0.0035246300976723433,2.7777774333953857
1725954732795578644,0.0028732693754136562,2.7777774333953857
1725954732815757358,0.0021279160864651203,2.7777771949768066
1725954732840478474,0.0014548248145729303,2.7777771949768066
1725954732878561390,0.0010707249166443944,2.7777774333953857
1725954732905078286,0.0009128705132752657,2.777777671813965
1725954732928068247,0.0007988300640136003,2.777777671813965
1725954732955822724,0.000712941458914429,2.7777771949768066
1725954732990045993,0.0007304835598915815,2.7777769565582275
1725954733013860434,0.0008466484723612666,2.7777771949768066
1725954733046510829,0.000982424127869308,2.7777774333953857
1725954733069843527,0.0011081000557169318,2.7777769565582275
1725954733093396288,0.0012282051611691713,2.7777767181396484
1725954733117907714,0.0012649024138227105,2.7777771949768066
1725954733146826499,0.0011161905713379383,2.7777771949768066
1725954733167822694,0.0008018234511837363,2.7777771949768066
1725954733209918572,0.00041499853250570595,2.7777769565582275
1725954733230260046,-2.915642107836902e-05,2.7777769565582275
1725954733255917047,-0.0005670642713084817,2.7777769565582275
1725954733278809747,-0.0011317122261971235,2.7777771949768066
1725954733313825199,-0.001598136150278151,2.7777771949768066
1725954733333179219,-0.0019190881866961718,2.7777771949768066
1725954733356649381,-0.002071961062029004,2.7777774333953857
1725954733381169849,-0.0020823555532842875,2.777777671813965
1725954733410412827,-0.0020414041355252266,2.7777771949768066
1725954733439584692,-0.0019811547826975584,2.7777771949768066
1725954733461967327,-0.0019116295734420419,2.777777671813965
1725954733485589238,-0.0018272087909281254,2.777777671813965
1725954733510650268,-0.0016715159872546792,2.7777771949768066
1725954733537936392,-0.0014452647883445024,2.7777771949768066
1725954733571738116,-0.0011628420324996114,2.7777774333953857
1725954733607697794,-0.0007477792678400874,2.777777671813965
1725954733638303302,-0.00018177740275859833,2.7777771949768066
1725954733664750882,0.00042413221672177315,2.7777771949768066
1725954733689828302,0.0009659170755185187,2.7777769565582275
1725954733714794187,0.0014035096392035484,2.7777771949768066
1725954733745009550,0.001693700673058629,2.7777771949768066
1725954733767806770,0.0017812836449593306,2.7777771949768066
1725954733786795794,0.0016828697407618165,2.7777769565582275
1725954733814153243,0.00147587014362216,2.7777769565582275
1725954733850431274,0.001191960065625608,2.7777774333953857
1725954733871562867,0.0008143296581692994,2.7777774333953857
1725954733893205291,0.00039529622881673276,2.7777771949768066
1725954733924637055,3.8475642213597894e-05,2.7777769565582275
1725954733952783638,-0.00024030005442909896,2.7777774333953857
1725954733976889091,-0.00048457123921252787,2.7777774333953857
1725954733995148701,-0.000649231078568846,2.7777771949768066
1725954734027492640,-0.0006580737535841763,2.7777769565582275
1725954734057546611,-0.0005318515468388796,2.7777771949768066
1725954734077109877,-0.0003431268560234457,2.7777771949768066
1725954734108056379,-7.823531632311642e-05,2.777777671813965
1725954734134297839,0.0003408840566407889,2.777777671813965
1725954734162891949,0.0008694417774677277,2.777777671813965
1725954734181961166,0.0013524788664653897,2.777777910232544
1725954734204488969,0.0016995156183838844,2.777777910232544
1725954734241958590,0.0019149945583194494,2.777777910232544
1725954734264584212,0.001987360417842865,2.777777910232544
1725954734284554814,0.0018988343654200435,2.777777671813965
1725954734309996731,0.0017073240596801043,2.7777771949768066
1725954734341736822,0.0014990413328632712,2.7777771949768066
1725954734372160692,0.001286459737457335,2.7777774333953857
1725954734398911443,0.001026312937028706,2.7777774333953857
1725954734422310240,0.0007330556400120258,2.7777771949768066
1725954734453194546,0.0006964925560168922,2.7777769565582275
1725954734478258480,0.0011928221210837364,2.7777774333953857
1725954734497112487,0.001943759387359023,2.7777774333953857
1725954734526620552,0.0025502818170934916,2.7777771949768066
1725954734546921954,0.0028545144014060497,2.7777769565582275
1725954734575698835,0.002798781031742692,2.7777774333953857
1725954734595135684,0.002441848861053586,2.7777774333953857
1725954734625009973,0.0019629010930657387,2.7777769565582275
1725954734654143956,0.0015972282271832228,2.7777771949768066
1725954734682269006,0.0014330960111692548,2.7777771949768066
1725954734706795477,0.0013896337477490306,2.7777769565582275
1725954734730735614,0.0014517944073304534,2.7777767181396484
1725954734757483934,0.0016498623881489038,2.7777774333953857
1725954734785922061,0.0018752807518467307,2.7777774333953857
1725954734813130328,0.001975612249225378,2.7777771949768066
1725954734833457717,0.0019295591628178954,2.7777767181396484
1725954734865107763,0.0018010116182267666,2.7777771949768066
1725954734892845935,0.0015959673328325152,2.7777771949768066
1725954734916116528,0.0012912334641441703,2.7777771949768066
1725954734943672811,0.0009442498558200896,2.7777769565582275
1725954734980291878,0.00037794775562360883,2.7777769565582275
1725954735006417462,-0.00075294025009498,2.7777769565582275
1725954735028364396,-0.00228111376054585,2.7777769565582275
1725954735048991241,-0.003704213537275791,2.7777774333953857
1725954735076415082,-0.004665190353989601,2.7777771949768066
1725954735101888835,-0.005112098529934883,2.777777671813965
1725954735128236674,-0.005281219724565744,2.777777671813965
1725954735149909843,-0.005331207532435656,2.7777771949768066
1725954735175071448,-0.005279431585222483,2.7777771949768066
1725954735202822342,-0.005206091329455376,2.777777671813965
1725954735232306284,-0.005213904660195112,2.777777671813965
1725954735254657144,-0.005269499961286783,2.7777774333953857
1725954735284632245,-0.005240040831267834,2.7777771949768066
1725954735319358302,-0.005016621667891741,2.7777774333953857
1725954735340368177,-0.004577369429171085,2.7777771949768066
1725954735367790125,-0.003973076120018959,2.7777767181396484
1725954735392900800,-0.003249706933274865,2.7777774333953857
1725954735416377577,-0.002492432249709964,2.7777771949768066
1725954735439789484,-0.001885529374703765,2.7777769565582275
1725954735468148912,-0.001550891320221126,2.7777771949768066
1725954735493895638,-0.0014276071451604366,2.7777771949768066
1725954735520689549,-0.0014561214484274387,2.7777771949768066
1725954735543882751,-0.0016558050410822034,2.7777771949768066
1725954735572295679,-0.0019744960591197014,2.7777771949768066
1725954735601261572,-0.0022977455519139767,2.7777771949768066
1725954735626587002,-0.002609166782349348,2.7777774333953857
1725954735650602889,-0.0029249275103211403,2.7777774333953857
1725954735673863352,-0.003168185008689761,2.7777771949768066
1725954735703255414,-0.0032856971956789494,2.7777771949768066
1725954735731907692,-0.0033465137239545584,2.7777774333953857
1725954735752684397,-0.0034382024314254522,2.7777774333953857
1725954735779295357,-0.003545397659763694,2.7777771949768066
1725954735808398199,-0.0036035613156855106,2.7777771949768066
1725954735842339643,-0.003593462985008955,2.7777774333953857
1725954735862004428,-0.0035303186159580946,2.7777774333953857
1725954735885602062,-0.00332069699652493,2.7777774333953857
1725954735916527535,-0.0027713081799447536,2.7777774333953857
1725954735942036983,-0.001859651179984212,2.7777771949768066
1725954735966104771,-0.0007460807682946324,2.7777774333953857
1725954735985070772,0.0004129786975681782,2.7777774333953857
1725954736018433673,0.0014388625277206302,2.7777774333953857
1725954736046071368,0.002124626189470291,2.7777774333953857
1725954736067157903,0.002386915497481823,2.7777774333953857
1725954736090709931,0.0023042960092425346,2.7777771949768066
1725954736122808161,0.0020204479806125164,2.7777774333953857
1725954736153011576,0.001607610029168427,2.7777774333953857
1725954736177731749,0.0010814247652888298,2.7777774333953857
1725954736202587788,0.0004817850422114134,2.7777774333953857
1725954736228124659,-0.0001358180888928473,2.7777774333953857
1725954736255122753,-0.0006898895371705294,2.7777771949768066
1725954736278139212,-0.001068245735950768,2.7777771949768066
1725954736298062960,-0.0010072950972244143,2.7777774333953857
1725954736324313629,-0.0003022262826561928,2.7777774333953857
1725954736360623842,0.0008001187816262245,2.7777771949768066
1725954736386372849,0.0018243996892124414,2.7777769565582275
1725954736412434651,0.0024637444876134396,2.7777771949768066
1725954736442204895,0.0026767831295728683,2.7777771949768066
1725954736472874577,0.0025721609126776457,2.777777671813965
1725954736493431912,0.0022733816877007484,2.777777671813965
1725954736514994218,0.0020057845395058393,2.777777671813965
1725954736543560286,0.0020912322215735912,2.777777671813965
1725954736576578158,0.0032389843836426735,2.777777671813965
1725954736596402724,0.006092102266848087,2.777777671813965
1725954736624431022,0.01013724785298109,2.777777671813965
1725954736647020677,0.01438432838767767,2.777777671813965
1725954736676586728,0.018230751156806946,2.777777671813965
1725954736705621110,0.021264774724841118,2.777777671813965
1725954736725398769,0.0231405571103096,2.777777910232544
1725954736757771551,0.02392534166574478,2.777777671813965
1725954736782434169,0.02405550330877304,2.777777910232544
1725954736803726579,0.023939410224556923,2.777777910232544
1725954736824078066,0.023968525230884552,2.777778387069702
1725954736856710838,0.02445542812347412,2.7777788639068604
1725954736884261742,0.025385836139321327,2.7777793407440186
1725954736903959975,0.026522770524024963,2.7777795791625977
1725954736930791435,0.02777174487709999,2.7777795791625977
1725954736954740942,0.02913517877459526,2.7777793407440186
1725954736992333285,0.030522512272000313,2.777778387069702
1725954737014654467,0.031805165112018585,2.7777421474456787
1725954737035486292,0.03293934091925621,2.777717113494873
1725954737061096434,0.034011997282505035,2.7776472568511963
1725954737092969233,0.03545699641108513,2.7773044109344482
1725954737118882874,0.037663787603378296,2.7771294116973877
1725954737140577039,0.04030608758330345,2.7765650749206543
1725954737165373689,0.042968057096004486,2.7759296894073486
1725954737195745974,0.045649319887161255,2.7745895385742188
1725954737222310595,0.04832311347126961,2.7735402584075928
1725954737246289932,0.05092880502343178,2.7709524631500244
1725954737273458902,0.05365968123078346,2.7689080238342285
1725954737300801539,0.056620076298713684,2.7661476135253906
1725954737321479745,0.059544894844293594,2.76361083984375
1725954737346233908,0.062153566628694534,2.7604622840881348
1725954737378391868,0.0643400102853775,2.75730299949646
1725954737404742924,0.06591176241636276,2.7536933422088623
1725954737424982737,0.06677678972482681,2.7503323554992676
1725954737443490655,0.0672392025589943,2.745830774307251
1725954737469848582,0.0676577165722847,2.741971015930176
1725954737513939266,0.0682038962841034,2.7370824813842773
1725954737541100176,0.06890673190355301,2.7321693897247314
1725954737575836398,0.06973473727703094,2.726685047149658
1725954737604211615,0.07062757760286331,2.72198224067688
1725954737631396027,0.06973767280578613,2.71456241607666
1725954737651209483,0.06463248282670975,2.70991587638855
1725954737679369317,0.05676211044192314,2.702420234680176
1725954737708386035,0.04954022169113159,2.696979522705078
1725954737733958129,0.045101821422576904,2.688340425491333
1725954737756453100,0.0444861575961113,2.680913209915161
1725954737789594214,0.047439444810152054,2.669160842895508
1725954737816322589,0.05288293585181236,2.657850980758667
1725954737838345381,0.05965893343091011,2.644695281982422
1725954737863441937,0.06683143228292465,2.6284682750701904
1725954737894733874,0.07357289642095566,2.611485719680786
1725954737923938533,0.078912653028965,2.5983119010925293
1725954737947234485,0.08232942223548889,2.5814990997314453
1725954737969105090,0.08398407697677612,2.568281888961792
1725954737999467823,0.08435966819524765,2.5509908199310303
1725954738023510698,0.08403192460536957,2.5373802185058594
1725954738050068345,0.08332411199808121,2.518141031265259
1725954738073084873,0.08229485154151917,2.5054357051849365
1725954738101052190,0.08090072125196457,2.4870147705078125
1725954738127692800,0.07883172482252121,2.4724485874176025
1725954738155851588,0.07612499594688416,2.452200412750244
1725954738179616912,0.07347772270441055,2.4392170906066895
1725954738205684720,0.07126612216234207,2.4197700023651123
1725954738231882342,0.06926051527261734,2.4049999713897705
1725954738256245382,0.06709485501050949,2.3834919929504395
1725954738278587992,0.06480275839567184,2.370204210281372
1725954738308580950,0.0626830905675888,2.3500592708587646
1725954738333102477,0.06064805015921593,2.3350393772125244
1725954738359155597,0.058253075927495956,2.312969207763672
1725954738382865105,0.05518482252955437,2.2995529174804688
1725954738406995621,0.051492687314748764,2.278837203979492
1725954738433398595,0.04724231734871864,2.2646028995513916
1725954738464302051,0.04248492792248726,2.2425479888916016
1725954738485847218,0.037554673850536346,2.2243239879608154
1725954738512277021,0.03272632509469986,2.196481704711914
1725954738539056233,0.02793702855706215,2.1698803901672363
1725954738567264771,0.023200444877147675,2.1477506160736084
1725954738595196127,0.01822868175804615,2.10542368888855
1725954738625343596,0.012135019525885582,2.0703272819519043
1725954738652131448,0.00450566690415144,2.0427534580230713
1725954738672348473,-0.003983509726822376,2.009387254714966
1725954738698808745,-0.011874288320541382,1.9840511083602905
1725954738723257541,-0.018304957076907158,1.9517993927001953
1725954738747673895,-0.023896781727671623,1.9256176948547363
1725954738772199866,-0.029610633850097656,1.8905459642410278
1725954738798427052,-0.03524870052933693,1.8667936325073242
1725954738825027161,-0.04001709818840027,1.834220051765442
1725954738852740746,-0.04400668293237686,1.807560682296753
1725954738877675745,-0.04768864065408707,1.7711585760116577
1725954738903173585,-0.051157426089048386,1.7469168901443481
1725954738934235366,-0.05466586723923683,1.713285207748413
1725954738959680749,-0.05948685482144356,1.686145305633545
1725954738984893950,-0.06717509031295776,1.6489275693893433
1725954739005417066,-0.07742943614721298,1.6243399381637573
1725954739034113871,-0.0884111076593399,1.5896300077438354
1725954739061522959,-0.09888388961553574,1.561876893043518
1725954739089428135,-0.1083114892244339,1.531153678894043
1725954739115486992,-0.1160430833697319,1.5006513595581055
1725954739142841113,-0.12192324548959732,1.4662425518035889
1725954739167955188,-0.12666015326976776,1.438690185546875
1725954739190528498,-0.13083773851394653,1.401399850845337
1725954739223347864,-0.13495442271232605,1.3770192861557007
1725954739255987423,-0.14000430703163147,1.3422894477844238
1725954739283496290,-0.14632825553417206,1.3150173425674438
1725954739304334117,-0.1533934623003006,1.2769224643707275
1725954739329108923,-0.16071365773677826,1.2523843050003052
1725954739360892542,-0.1678822934627533,1.2146629095077515
1725954739387252780,-0.17449475824832916,1.1899292469024658
1725954739411793246,-0.1802666336297989,1.1547728776931763
1725954739433476689,-0.18497781455516815,1.1273167133331299
1725954739459248885,-0.18845048546791077,1.091252326965332
1725954739489915231,-0.19082079827785492,1.0631521940231323
1725954739514639671,-0.19251561164855957,1.023476004600525
1725954739542540256,-0.19389329850673676,0.9982951283454895
1725954739565256834,-0.19525881111621857,0.9604470133781433
1725954739586627054,-0.19669508934020996,0.9312995672225952
1725954739617379252,-0.19764705002307892,0.8895941376686096
1725954739642886360,-0.1975383311510086,0.8621441721916199
1725954739672095259,-0.19633501768112183,0.8246208429336548
1725954739702092877,-0.194095179438591,0.7955836653709412
1725954739725498356,-0.19034452736377716,0.7589783668518066
1725954739750300715,-0.184757262468338,0.7266137599945068
1725954739778358530,-0.17840199172496796,0.6870557069778442
1725954739807478152,-0.17296086251735687,0.6573518514633179
1725954739829843911,-0.16939468681812286,0.6174304485321045
1725954739847386523,-0.1676829308271408,0.5870428681373596
1725954739877742538,-0.1670614331960678,0.5467118620872498
1725954739906034237,-0.16641665995121002,0.5159959197044373
1725954739932868555,-0.16477558016777039,0.4738272428512573
1725954739958045628,-0.1617557853460312,0.44177883863449097
1725954739988126356,-0.15746723115444183,0.4038759768009186
1725954740010941822,-0.1522216647863388,0.15387597680091858
1725954740034132043,-0.1463594138622284,0.0
1725954740056577598,-0.14006276428699493,0.0
1725954740082835860,-0.13441592454910278,0.0
1725954740107467613,-0.13074059784412384,0.0
1725954740136441368,-0.12836384773254395,0.0
1725954740157851384,-0.12603460252285004,0.0
1725954740188242268,-0.12355950474739075,0.0
1725954740223177936,-0.12134401500225067,0.0
1725954740245094813,-0.11974569410085678,0.0
1725954740266241482,-0.1187862679362297,0.0
1725954740298369185,-0.11833125352859497,0.0
1725954740326039538,-0.11820618063211441,0.0
1725954740345280150,-0.11825796961784363,0.0
1725954740366226460,-0.11837772279977798,0.0
1725954740397152995,-0.11850105226039886,0.0
1725954740425478908,-0.11859813332557678,0.0
1725954740448030532,-0.11866147071123123,0.0
1725954740471224368,-0.11869530379772186,0.0
1725954740501342656,-0.11870820075273514,0.0
1725954740529129612,-0.11870875209569931,0.0
1725954740553366991,-0.11870361864566803,0.0
1725954740576143831,-0.11869706958532333,0.0
1725954740601702248,-0.11869136244058609,0.0
1725954740631535481,-0.11868731677532196,0.0
1725954740657623157,-0.11868493258953094,0.0
1725954740678931721,-0.1186838299036026,0.0
1725954740708883017,-0.06868383288383484,0.0
1725954740738918058,-0.01868383213877678,0.0
1725954740762125720,0.0,0.0
1725954740784140725,0.0,0.0
1725954740817213667,0.0,0.0
1725954740839268254,0.0,0.0
1725954740862768683,0.0,0.0
1725954740881627288,0.0,0.0
1725954740911279261,0.0,0.0
1725954740934189728,0.0,0.0
1725954740956779545,0.0,0.0
1725954740982296696,0.0,0.0
1725954741007633999,0.0,0.0
1725954741042655521,0.0,0.0
1725954741065486263,0.0,0.0
1725954741090500868,0.0,0.0
1725954741121994326,0.0,0.0
1725954741156966804,0.0,0.0
1725954741182211213,0.0,0.0
1725954741211564615,0.0,0.0
1725954741241623983,0.0,0.0
1725954741264322580,0.0,0.0
1725954741287056095,0.0,0.0
1725954741315243748,0.0,0.0
1725954741344730318,0.0,0.0
1725954741362173356,0.0,0.0
1725954741391617797,0.0,0.0
1725954741422028724,0.0,0.0
1725954741455868230,0.0,0.0
1725954741479987363,0.0,0.0
1725954741510789083,0.0,0.0
1725954741537983045,0.0,0.0
1725954741567580419,0.0,0.0
1725954741588657127,0.0,0.0
1725954741609284050,0.0,0.0
1725954741636778091,0.0,0.0
1725954741665513804,0.0,0.0
1725954741687360529,0.0,0.0
1725954741717542502,0.0,0.0
1725954741750612440,0.0,0.0
1725954741773064085,0.0,0.0
1725954741798085104,0.0,0.0
1725954741823901403,0.0,0.0
1725954741857530809,0.0,0.0
1725954741885740662,0.0,0.0
1725954741911000731,0.0,0.0
1725954741937812180,0.0,0.0
1725954741966369525,0.0,0.0
1725954741993646493,0.0,0.0
1725954742017324636,0.0,0.0
1725954742039000315,0.0,0.0
1725954742071140790,0.0,0.0
1725954742097285582,0.0,0.0
1725954742121776179,0.0,0.0
1725954742149461085,0.0,0.0
1725954742179085903,0.0,0.0
1725954742207817482,0.0,0.0
1725954742233443092,0.0,0.0
1725954742267185594,0.0,0.0
1725954742291565779,0.0,0.0
1725954742321305769,0.0,0.0
1725954742343258815,0.0,0.0
1725954742369917338,0.0,0.0
1725954742402137173,0.0,0.0
1725954742432408495,0.0,0.0
1725954742452992344,0.0,0.0
1725954742474371483,0.0,0.0
1725954742506170076,0.0,0.0
1725954742533224979,0.0,0.0
1725954742551559150,0.0,0.0
1725954742575977968,0.0,0.0
1725954742601191465,0.0,0.0
1725954742626191710,0.0,0.0
1725954742647572044,0.0,0.0
1725954742672294702,0.0,0.0
1725954742698001962,0.0,0.0
1725954742725949424,0.0,0.0
1725954742753396416,0.0,0.0
1725954742783218939,0.0,0.0
1725954742811858034,0.0,0.0
1725954742843239009,0.0,0.0
1725954742864074625,0.0,0.0
1725954742889098116,0.0,0.0
1725954742921048896,0.0,0.0
1725954742949054908,0.0,0.0
1725954742973412270,0.0,0.0
1725954742993362515,0.0,0.0
1725954743026633449,0.0,0.0
1725954743050423193,0.0,0.0
1725954743073919991,0.0,0.0
1725954743096806535,0.0,0.0
1725954743129003147,0.0,0.0
1725954743162442549,0.0,0.0
1725954743179576700,0.0,0.0
1725954743201614675,0.0,0.0
1725954743232054400,0.0,0.0
1725954743261567417,0.0,0.0
1725954743286113497,0.0,0.0
1725954743313864267,0.0,0.0
1725954743341406977,0.0,0.0
1725954743367595105,0.0,0.0
1725954743390519245,0.0,0.0
1725954743416338635,0.0,0.0
1725954743440826793,0.0,0.0
1725954743466241989,0.0,0.0
1725954743488874818,0.0,0.0
1725954743513654714,0.0,0.0
1725954743536286612,0.0,0.0
1725954743565540237,0.0,0.0
1725954743591518617,0.0,0.0
1725954743616626908,0.0,0.0
1725954743649966785,0.0,0.0
1725954743676654689,0.0,0.0
1725954743701629606,0.0,0.0
1725954743721378466,0.0,0.0
1725954743753944602,0.0,0.0
1725954743782997553,0.0,0.0
1725954743807674763,0.0,0.0
1725954743838270646,0.0,0.0
1725954743866143985,0.0,0.0
1725954743891415847,0.0,0.0
1725954743911876332,0.0,0.0
1725954743943173770,0.0,0.0
1725954743964960618,0.0,0.0
1725954743994800650,0.0,0.0
1725954744015172748,0.0,0.0
1725954744043168173,0.0,0.0
1725954744069891438,0.0,0.0
1725954744102787124,0.0,0.0
1725954744123559001,0.0,0.0
1725954744147145669,0.0,0.0
1725954744167426835,0.0,0.0
1725954744194156344,0.0,0.0
1725954744219072793,0.0,0.0
1725954744242613423,0.0,0.0
1725954744267260495,0.0,0.0
1725954744295807232,0.0,0.0
1725954744318482595,0.0,0.0
1725954744344878058,0.0,0.0
1725954744376351244,0.0,0.0
1725954744405562533,0.0,0.0
1725954744426128290,0.0,0.0
1725954744452111888,0.0,0.0
1725954744479950378,0.0,0.0
1725954744507317955,0.0,0.0
1725954744527088805,0.0,0.0
1725954744553315951,0.0,0.0
1725954744579972887,0.0,0.0
1725954744608695168,0.0,0.0
1725954744629784231,0.0,0.0
1725954744652264051,0.0,0.0
1725954744679655644,0.0,0.0
1725954744709503741,0.0,0.0
1725954744731085419,0.0,0.0
1725954744752173279,0.0,0.0
1725954744778433825,0.0,0.0
1725954744806743888,0.0,0.0
1725954744831997313,0.0,0.0
1725954744862438362,0.0,0.0
1725954744888942367,0.0,0.0
1725954744918759561,0.0,0.0
1725954744939741945,0.0,0.0
1725954744970232344,0.0,0.0
1725954744993600976,0.0,0.0
1725954745024525278,0.0,0.0
1725954745049829987,0.0,0.0
1725954745071445675,0.0,0.0
1725954745097911768,0.0,0.0
1725954745126278288,0.0,0.0
1725954745151538617,0.0,0.0
1725954745173551671,0.0,0.0
1725954745201106348,0.0,0.0
1725954745226202693,0.0,0.0
1725954745249126923,0.0,0.0
1725954745274038597,0.0,0.0
1725954745301301836,0.0,0.0
1725954745322892530,0.0,0.0
1725954745348953477,0.0,0.0
1725954745375824165,0.0,0.0
1725954745400726017,0.0,0.0
1725954745427431360,0.0,0.0
1725954745455579065,0.0,0.0
1725954745482257577,0.0,0.0
1725954745510087925,0.0,0.0
1725954745539196136,0.0,0.0
1725954745567971310,0.0,0.0
1725954745586909122,0.0,0.0
1725954745617277058,0.0,0.0
1725954745645916477,0.0,0.0
1725954745665312049,0.0,0.0
1725954745689270845,0.0,0.0
1725954745720264662,0.0,0.0
1725954745751071886,0.0,0.0
1725954745771135577,0.0,0.0
1725954745799109249,0.0,0.0
1725954745825643229,0.0,0.0
1725954745855810384,0.0,0.0
1725954745878449438,0.0,0.0
1725954745906239342,0.0,0.0
1725954745934255709,0.0,0.0
1725954745958852375,0.0,0.0
1725954745982546476,0.0,0.0
1725954746002892355,0.0,0.0
1725954746032371195,0.0,0.0
1725954746061176457,0.0,0.0
1725954746089227485,0.0,0.0
1725954746114359503,0.0,0.0
1725954746140698883,0.0,0.0
1725954746166525695,0.0,0.0
1725954746188242192,0.0,0.0
1725954746216337180,0.0,0.0
1725954746245322597,0.0,0.0
1725954746269817314,0.0,0.0
1725954746289830255,0.0,0.0
1725954746314028198,0.0,0.0
1725954746344356564,0.0,0.0
1725954746373248689,0.0,0.0
1725954746393989284,0.0,0.0
1725954746423068673,0.0,0.0
1725954746452204727,0.0,0.0
1725954746480826610,0.0,0.0
1725954746507578411,0.0,0.0
1725954746534045142,0.0,0.0
1725954746561326097,0.0,0.0
1725954746589317087,0.0,0.0
1725954746606544479,0.0,0.0
1725954746634052327,0.0,0.0
1725954746663076238,0.0,0.0
1725954746697527607,0.0,0.0
1725954746719342216,0.0,0.0
1725954746744069528,0.0,0.0
1725954746773719934,0.0,0.0
1725954746793665984,0.0,0.0
1725954746821690715,0.0,0.0
1725954746845271531,0.0,0.0
1725954746879337426,0.0,0.0
1725954746903391850,0.0,0.0
1725954746925013977,0.0,0.0
1725954746952972516,0.0,0.0
1725954746980197630,0.0,0.0
1725954747008925867,0.0,0.0
1725954747034973681,0.0,0.0
1725954747054086029,0.0,0.0
1725954747083757333,0.0,0.0
1725954747108669295,0.0,0.0
1725954747134832579,0.0,0.0
1725954747159107016,0.0,0.0
1725954747182828850,0.0,0.0
1725954747209907422,0.0,0.0
1725954747235282171,0.0,0.0
1725954747257134208,0.0,0.0
1725954747291472603,0.0,0.0
1725954747318386132,0.0,0.0
1725954747339405699,0.0,0.0
1725954747360180439,0.0,0.0
1725954747393821003,0.0,0.0
1725954747424403332,0.0,0.0
1725954747445198458,0.0,0.0
1725954747475298823,0.0,0.0
1725954747499986995,0.0,0.0
1725954747526728417,0.0,0.0
1725954747550642918,0.0,0.0
1725954747569895423,0.0,0.0
1725954747591617225,0.0,0.0
1725954747620308194,0.0,0.0
1725954747652244072,0.0,0.0
1725954747677998009,0.0,0.0
1725954747698631085,0.0,0.0
1725954747726028967,0.0,0.0
1725954747750756352,0.0,0.0
1725954747780276542,0.0,0.0
1725954747804969326,0.0,0.0
1725954747833426972,0.0,0.0
1725954747864531772,0.0,0.0
1725954747884891872,0.0,0.0
1725954747910579026,0.0,0.0
1725954747940381444,0.0,0.0
1725954747965830507,0.0,0.0
1725954747996605991,0.0,0.0
1725954748018230463,0.0,0.0
1725954748044302243,0.0,0.0
1725954748068590605,0.0,0.0
1725954748097458529,0.0,0.0
1725954748118379590,0.0,0.0
1725954748151215705,0.0,0.0
1725954748177274488,0.0,0.0
1725954748200470861,0.0,0.0
1725954748224808564,0.0,0.0
1725954748252582824,0.0,0.0
1725954748280572019,0.0,0.0
1725954748300298458,0.0,0.0
1725954748325235325,0.0,0.0
1725954748354016334,0.0,0.0
1725954748383156565,0.0,0.0
1725954748411749106,0.0,0.0
1725954748433072299,0.0,0.0
1725954748456045681,0.0,0.0
1725954748484850862,0.0,0.0
1725954748508794047,0.0,0.0
1725954748541295912,0.0,0.0
1725954748566455651,0.0,0.0
1725954748595473519,0.0,0.0
1725954748620189406,0.0,0.0
1725954748652735845,0.0,0.0
1725954748682963563,0.0,0.0
1725954748706086256,0.0,0.0
1725954748734231768,0.0,0.0
1725954748761948225,0.0,0.0
1725954748784860364,0.0,0.0
1725954748807192256,0.0,0.0
1725954748831461313,0.0,0.0
1725954748857820792,0.0,0.0
1725954748881027913,0.0,0.0
1725954748909102607,0.0,0.0
1725954748933179875,0.0,0.0
1725954748955756907,0.0,0.0
1725954748980694144,0.0,0.0
1725954749010926487,0.0,0.0
1725954749039583240,0.0,0.0
1725954749062194860,0.0,0.0
1725954749091454268,0.0,0.0
1725954749118737999,0.0,0.0
1725954749140982083,0.0,0.0
1725954749167645820,0.0,0.0
1725954749193940864,0.0,0.0
1725954749224868901,0.0,0.0
1725954749248136908,0.0,0.0
1725954749267445366,0.0,0.0
1725954749296937443,0.0,0.0
1725954749323565810,0.0,0.0
1725954749347479053,0.0,0.0
1725954749371254712,0.0,0.0
1725954749399635587,0.0,0.0
1725954749426925039,0.0,0.0
1725954749448512930,0.0,0.0
1725954749475303026,0.0,0.0
1725954749504787406,0.0,0.0
1725954749532043350,0.0,0.0
1725954749558628812,0.0,0.0
1725954749581783235,0.0,0.0
1725954749607402538,0.0,0.0
1725954749638025643,0.0,0.0
1725954749664549587,0.0,0.0
1725954749685147735,0.0,0.0
1725954749715374732,0.0,0.0
1725954749738101339,0.0,0.0
1725954749761789112,0.0,0.0
1725954749781351993,0.0,0.0
1725954749815980674,0.0,0.0
1725954749840422846,0.0,0.0
1725954749859481082,0.0,0.0
1725954749892652935,0.0,0.0
1725954749927564362,0.0,0.0
1725954749956954943,0.0,0.0
1725954749977506495,0.0,0.0
1725954749997783736,0.0,0.0
1725954750028545845,0.0,0.0
1725954750058787642,0.0,0.0
1725954750079126221,0.0,0.0
1725954750103696519,0.0,0.0
1725954750135367158,0.0,0.0
1725954750157532682,0.0,0.0
1725954750181276326,0.0,0.0
1725954750211874847,0.0,0.0
1725954750244575317,0.0,0.0
1725954750273635853,0.0,0.0
1725954750302268647,0.0,0.0
1725954750322672940,0.0,0.0
1725954750355900776,0.0,0.0
1725954750383487232,0.0,0.0
1725954750406070105,0.0,0.0
1725954750435837857,0.0,0.0
1725954750455341506,0.0,0.0
1725954750488633108,0.0,0.0
1725954750506663310,0.0,0.0
1725954750541555467,0.0,0.0
1725954750563670803,0.0,0.0
1725954750590380933,0.0,0.0
1725954750619447150,0.0,0.0
1725954750654985968,0.0,0.0
1725954750681715199,0.0,0.0
1725954750707962937,0.0,0.0
1725954750732068426,0.0,0.0
1725954750764809044,0.0,0.0
1725954750791867711,0.0,0.0
1725954750815829983,0.0,0.0
1725954750834063201,0.0,0.0
1725954750859087887,0.0,0.0
1725954750886075064,0.0,0.0
1725954750915954560,0.0,0.0
1725954750948219583,0.0,0.0
1725954750968053400,0.0,0.0
1725954750997271337,0.0,0.0
1725954751022616814,0.0,0.0
1725954751046652040,0.0,0.0
1725954751072224430,0.0,0.0
1725954751099840728,0.0,0.0
1725954751128918119,0.0,0.0
1725954751170661758,0.0,0.0
1725954751195104712,0.0,0.0
1725954751217920513,0.0,0.0
1725954751240617117,0.0,0.0
1725954751272695526,0.0,0.0
1725954751296304829,0.0,0.0
1725954751328750575,0.0,0.0
1725954751348743258,0.0,0.0
1725954751370875045,0.0,0.0
1725954751400462686,0.0,0.0
1725954751428269667,0.0,0.0
1725954751448965351,0.0,0.0
1725954751473444129,0.0,0.0
1725954751502392331,0.0,0.0
1725954751530882920,0.0,0.0
1725954751559690831,0.0,0.0
1725954751586444373,0.0,0.0
1725954751615289495,0.0,0.0
1725954751644529674,0.0,0.0
1725954751663577300,0.0,0.0
1725954751696963038,0.0,0.0
1725954751719880419,0.0,0.0
1725954751748399880,0.0,0.0
1725954751769922394,0.0,0.0
1725954751790707817,0.0,0.0
1725954751822228831,0.0,0.0
1725954751854522284,0.0,0.0
1725954751880647961,0.0,0.0
1725954751907336896,0.0,0.0
1725954751939005394,0.0,0.0
1725954751970480411,0.0,0.0
1725954751990761251,0.0,0.0
1725954752012370687,0.0,0.0
1725954752037877614,0.0,0.0
1725954752065788184,0.0,0.0
1725954752090761068,0.0,0.0
1725954752110668481,0.0,0.0
1725954752141456423,0.0,0.0
1725954752166008037,0.0,0.0
1725954752189604569,0.0,0.0
1725954752219427301,0.0,0.0
1725954752249990620,0.0,0.0
1725954752274164999,0.0,0.0
1725954752296521059,0.0,0.0
1725954752322911084,0.0,0.0
1725954752349153417,0.0,0.0
1725954752375429537,0.0,0.0
1725954752398647083,0.0,0.0
1725954752426817066,0.0,0.0
1725954752458338759,0.0,0.0
1725954752483648629,0.0,0.0
1725954752511973744,0.0,0.0
1725954752532998517,0.0,0.0
1725954752561770093,0.0,0.0
1725954752584190081,0.0,0.0
1725954752615226318,0.0,0.0
1725954752641111088,0.0,0.0
1725954752669035046,0.0,0.0
1725954752693941970,0.0,0.0
1725954752714341680,0.0,0.0
1725954752748155895,0.0,0.0
1725954752771370734,0.0,0.0
1725954752799080711,0.0,0.0
1725954752824186495,0.0,0.0
1725954752849406171,0.0,0.0
1725954752878505735,0.0,0.0
1725954752903756251,0.0,0.0
1725954752927509250,0.0,0.0
1725954752951652935,0.0,0.0
1725954752983473535,0.0,0.0
1725954753011103619,0.0,0.0
1725954753030986647,0.0,0.0
1725954753056798894,0.0,0.0
1725954753086949093,0.0,0.0
1725954753113367633,0.0,0.0
1725954753131096005,0.0,0.0
1725954753156438344,0.0,0.0
1725954753189587466,0.0,0.0
1725954753216434114,0.0,0.0
1725954753235832276,0.0,0.0
1725954753264170084,0.0,0.0
1725954753292272732,0.0,0.0
1725954753317879222,0.0,0.0
1725954753340227838,0.0,0.0
1725954753365054005,0.0,0.0
1725954753391285063,0.0,0.0
1725954753414188943,0.0,0.0
1725954753440232074,0.0,0.0
1725954753456939922,0.0,0.0
1725954753484478408,0.0,0.0
1725954753512407869,0.0,0.0
1725954753538008704,0.0,0.0
1725954753559209627,0.0,0.0
1725954753588807243,0.0,0.0
1725954753621205351,0.0,0.0
1725954753642761693,0.0,0.0
1725954753665945729,0.0,0.0
1725954753693014702,0.0,0.0
1725954753721267053,0.0,0.0
1725954753744712545,0.0,0.0
1725954753771206656,0.0,0.0
1725954753792727258,0.0,0.0
1725954753815589227,0.0,0.0
1725954753839468679,0.0,0.0
1725954753866201835,0.0,0.0
1725954753894766668,0.0,0.0
1725954753920424585,0.0,0.0
1725954753941346044,0.0,0.0
1725954753962480232,0.0,0.0
1725954753993697349,0.0,0.0
1725954754022566218,0.0,0.0
1725954754049887498,0.0,0.0
1725954754076707126,0.0,0.0
1725954754109244688,0.0,0.0
1725954754140890783,0.0,0.0
1725954754159418830,0.0,0.0
1725954754187367329,0.0,0.0
1725954754217008955,0.0,0.0
1725954754242114272,0.0,0.0
1725954754270733191,0.0,0.0
1725954754300976112,0.0,0.0
1725954754331407407,0.0,0.0
1725954754362251795,0.0,0.0
1725954754387652883,0.0,0.0
1725954754407348717,0.0,0.0
1725954754435894436,0.0,0.0
1725954754461652742,0.0,0.0
1725954754481069075,0.0,0.0
1725954754502844284,0.0,0.0
1725954754537226310,0.0,0.0
1725954754558544512,0.0,0.0
1725954754583918535,0.0,0.0
1725954754604590168,0.0,0.0
1725954754636415916,0.0,0.0
1725954754661387869,0.0,0.0
1725954754696005551,0.0,0.0
1725954754720739408,0.0,0.0
1725954754749143985,0.0,0.0
1725954754779300027,0.0,0.0
1725954754799845778,0.0,0.0
1725954754834434458,0.0,0.0
1725954754871141335,0.0,0.0
1725954754896809071,0.0,0.0
1725954754918627737,0.0,0.0
1725954754946448223,0.0,0.0
1725954754978681942,0.0,0.0
1725954755002111717,0.0,0.0
1725954755023863256,0.0,0.0
1725954755048177565,0.0,0.0
1725954755076524347,0.0,0.0
1725954755103617956,0.0,0.0
1725954755124306110,0.0,0.0
1725954755144626319,0.0,0.0
1725954755171204977,0.0,0.0
1725954755203233085,0.0,0.0
1725954755225674442,0.0,0.0
1725954755246500414,0.0,0.0
1725954755281715012,0.0,0.0
1725954755304099948,0.0,0.0
1725954755332940012,0.0,0.0
1725954755367499246,0.0,0.0
1725954755396351975,0.0,0.0
1725954755427524081,0.0,0.0
1725954755449111014,0.0,0.0
1725954755471430442,0.0,0.0
1725954755500917410,0.0,0.0
1725954755526250673,0.0,0.0
1725954755552121050,0.0,0.0
1725954755569934647,0.0,0.0
1725954755600737920,0.0,0.0
1725954755625969966,0.0,0.0
1725954755649450081,0.0,0.0
1725954755677273673,0.0,0.0
1725954755703567888,0.0,0.0
1725954755726704052,0.0,0.0
1725954755751187933,0.0,0.0
1725954755776399125,0.0,0.0
1725954755804542667,0.0,0.0
1725954755831447300,0.0,0.0
1725954755856189066,0.0,0.0
1725954755890629764,0.0,0.0
1725954755919415103,0.0,0.0
1725954755945283418,0.0,0.0
1725954755969932526,0.0,0.0
1725954755992752346,0.0,0.0
1725954756020592509,0.0,0.0
1725954756046578699,0.0,0.0
1725954756069337675,0.0,0.0
1725954756093130705,0.0,0.0
1725954756122888444,0.0,0.0
1725954756152879879,0.0,0.0
1725954756176034326,0.0,0.0
1725954756198486921,0.0,0.0
1725954756225915347,0.0,0.0
1725954756251695438,0.0,0.0
1725954756274206875,0.0,0.0
1725954756296905235,0.0,0.0
1725954756330185011,0.0,0.0
1725954756354773906,0.0,0.0
1725954756380652461,0.0,0.0
1725954756406866804,0.0,0.0
1725954756457604465,0.0,0.0
1725954756482687127,0.0,0.0
1725954756506681892,0.0,0.0
1725954756528782582,0.0,0.0
1725954756558598338,0.0,0.0
1725954756580807031,0.0,0.0
1725954756605818172,0.0,0.0
1725954756631341873,0.0,0.0
1725954756665489624,0.0,0.0
1725954756690592390,0.0,0.0
1725954756712464178,0.0,0.0
1725954756736585023,0.0,0.0
1725954756773801322,0.0,0.0
1725954756796657933,0.0,0.0
1725954756825186187,0.0,0.0
1725954756843819224,0.0,0.0
1725954756875407295,0.0,0.0
1725954756901674392,0.0,0.0
1725954756931956172,0.0,0.0
1725954756954547313,0.0,0.0
1725954756985105251,0.0,0.0
1725954757014668916,0.0,0.0
1725954757039394954,0.0,0.0
1725954757067592526,0.0,0.0
1725954757094809823,0.0,0.0
1725954757119320906,0.0,0.0
1725954757140773158,0.0,0.0
1725954757160745259,0.0,0.0
1725954757190688853,0.0,0.0
1725954757217933038,0.0,0.0
1725954757236975432,0.0,0.0
1725954757261099780,0.0,0.0
1725954757286365428,0.0,0.0
1725954757313429799,0.0,0.0
1725954757336841744,0.0,0.0
1725954757360206610,0.0,0.0
1725954757392596172,0.0,0.0
1725954757417961873,0.0,0.0
1725954757444966955,0.0,0.0
1725954757471535425,0.0,0.0
1725954757498661036,0.0,0.0
1725954757521536131,0.0,0.0
1725954757545356282,0.0,0.0
1725954757568543482,0.0,0.0
1725954757600024765,0.0,0.0
1725954757630564792,0.0,0.0
1725954757653764023,0.0,0.0
1725954757673553028,0.0,0.0
1725954757705128719,0.0,0.0
1725954757729358054,0.0,0.0
1725954757751966905,0.0,0.0
1725954757772120815,0.0,0.0
1725954757797462012,0.0,0.0
1725954757827702267,0.0,0.0
1725954757855109197,0.0,0.0
1725954757879303944,0.0,0.0
1725954757905727162,0.0,0.0
1725954757933064683,0.0,0.0
1725954757966189372,0.0,0.0
1725954757990786822,0.0,0.0
1725954758022497220,0.0,0.0
1725954758048862015,0.0,0.0
1725954758072618101,0.0,0.0
1725954758101675678,0.0,0.0
1725954758124601245,0.0,0.0
1725954758155357316,0.0,0.0
1725954758179977781,0.0,0.0
1725954758199043551,0.0,0.0
1725954758228158129,0.0,0.0
1725954758256934851,0.0,0.0
1725954758278454479,0.0,0.0
1725954758305357390,0.0,0.0
1725954758332840933,0.0,0.0
1725954758362377732,0.0,0.0
1725954758387510179,0.0,0.0
1725954758409220980,0.0,0.0
1725954758440615041,0.0,0.0
1725954758465227144,0.0,0.0
1725954758502715211,0.0,0.0
1725954758529391390,0.0,0.0
1725954758555674417,0.0,0.0
1725954758579863474,0.0,0.0
1725954758608430405,0.0,0.0
1725954758636888047,0.0,0.0
1725954758662552990,0.0,0.0
1725954758692680904,0.0,0.0
1725954758711771460,0.0,0.0
1725954758740260566,0.0,0.0
1725954758774369777,0.0,0.0
1725954758794448643,0.0,0.0
1725954758821222338,0.0,0.0
1725954758849802269,0.0,0.0
1725954758881419285,0.0,0.0
1725954758903218195,0.0,0.0
1725954758926618102,0.0,0.0
1725954758952827384,0.0,0.0
1725954758981377525,0.0,0.0
1725954759004409597,0.0,0.0
1725954759032520046,0.0,0.0
1725954759060718966,0.0,0.0
1725954759083832811,0.0,0.0
1725954759111316154,0.0,0.0
1725954759135390162,0.0,0.0
1725954759167917195,0.0,0.0
1725954759192728959,0.0,0.0
1725954759214657839,0.0,0.0
1725954759238777820,0.0,0.0
1725954759275297677,0.0,0.0
1725954759302930132,0.0,0.0
1725954759325780814,0.0,0.0
1725954759344831534,0.0,0.0
1725954759373931661,0.0,0.0
1725954759400265661,0.0,0.0
1725954759421968632,0.0,0.0
1725954759454617704,0.0,0.0
1725954759489601677,0.0,0.0
1725954759512412354,0.0,0.0
1725954759531760084,0.0,0.0
1725954759561624254,0.0,0.0
1725954759589359310,0.0,0.0
1725954759617817714,0.0,0.0
1725954759647525654,0.0,0.0
1725954759665899478,0.0,0.0
1725954759698101049,0.0,0.0
1725954759722941173,0.0,0.0
1725954759746971460,0.0,0.0
1725954759772424469,0.0,0.0
1725954759805267873,0.0,0.0
1725954759830455431,0.0,0.0
1725954759854255069,0.0,0.0
1725954759879168396,0.0,0.0
1725954759907329417,0.0,0.0
1725954759935422444,0.0,0.0
1725954759955893536,0.0,0.0
1725954759984177967,0.0,0.0
1725954760010409432,0.0,0.0
1725954760039361215,0.0,0.0
1725954760065026966,0.0,0.0
1725954760096155593,0.0,0.0
1725954760129056040,0.0,0.0
1725954760153142684,0.0,0.0
1725954760179681799,0.0,0.0
1725954760202800775,0.0,0.0
1725954760234088096,0.0,0.0
1725954760262688633,0.0,0.0
1725954760289330227,0.0,0.0
1725954760316909934,0.0,0.0
1725954760345577058,0.0,0.0
1725954760380389099,0.0,0.0
1725954760401837984,0.0,0.0
1725954760428511616,0.0,0.0
1725954760453574362,0.0,0.0
1725954760474583298,0.0,0.0
1725954760504056685,0.0,0.0
1725954760523117278,0.0,0.0
1725954760551689544,0.0,0.0
1725954760579417859,0.0,0.0
1725954760605477732,0.0,0.0
1725954760642712587,0.0,0.0
1725954760671892227,0.0,0.0
1725954760702010086,0.0,0.0
1725954760723272375,0.0,0.0
1725954760750053864,0.0,0.0
1725954760771455025,0.0,0.0
1725954760806078476,0.0,0.0
1725954760828289831,0.0,0.0
1725954760848335567,0.0,0.0
1725954760874603614,0.0,0.0
1725954760904477882,0.0,0.0
1725954760929276375,0.0,0.0
1725954760959693318,0.0,0.0
1725954760983528538,0.0,0.0
1725954761013130020,0.0,0.0
1725954761034024082,0.0,0.0
1725954761060841299,0.0,0.0
1725954761089749671,0.0,0.0
1725954761117698274,0.0,0.0
1725954761140213084,0.0,0.0
1725954761173410363,0.0,0.0
1725954761220649185,0.0,0.0
1725954761245041593,0.0,0.0
1725954761266166500,0.0,0.0
1725954761288480480,0.0,0.0
1725954761321365245,0.0,0.0
1725954761352096906,0.0,0.0
1725954761372391198,0.0,0.0
1725954761393065177,0.0,0.0
1725954761426096251,0.0,0.0
1725954761449613948,0.0,0.0
1725954761477493801,0.0,0.0
1725954761505302494,0.0,0.0
1725954761535989516,0.0,0.0
1725954761563536060,0.0,0.0
1725954761586337926,0.0,0.0
1725954761607798119,0.0,0.0
1725954761636281314,0.0,0.0
1725954761661183362,0.0,0.0
1725954761686060199,0.0,0.0
1725954761707378505,0.0,0.0
1725954761736905128,0.0,0.0
1725954761766167310,0.0,0.0
1725954761795823130,0.0,0.0
1725954761820670695,0.0,0.0
1725954761846671381,0.0,0.0
1725954761872886093,0.0,0.0
1725954761892965245,0.0,0.0
1725954761924842721,0.0,0.0
1725954761955696021,0.0,0.0
1725954761981517830,0.0,0.0
1725954762002390374,0.0,0.0
1725954762025643826,0.0,0.0
1725954762052699472,0.0,0.0
1725954762080331059,0.0,0.0
1725954762103690085,0.0,0.0
1725954762130659742,0.0,0.0
1725954762158056899,0.0,0.0
1725954762184394866,0.0,0.0
1725954762217148214,0.0,0.0
1725954762242855943,0.0,0.0
1725954762273214887,0.0,0.0
1725954762293161476,0.0,0.0
1725954762317662136,0.0,0.0
1725954762343600604,0.0,0.0
1725954762367444966,0.0,0.0
1725954762390094303,0.0,0.0
1725954762414227868,0.0,0.0
1725954762441279125,0.0,0.0
1725954762469351708,0.0,0.0
1725954762498878820,0.0,0.0
1725954762519388515,0.0,0.0
1725954762550332991,0.0,0.0
1725954762574809858,0.0,0.0
1725954762601294379,0.0,0.0
1725954762623985512,0.0,0.0
1725954762655647503,0.0,0.0
1725954762683519004,0.0,0.0
1725954762704593786,0.0,0.0
1725954762738439849,0.0,0.0
1725954762768695446,0.0,0.0
1725954762792426367,0.0,0.0
1725954762814657845,0.0,0.0
1725954762841060893,0.0,0.0
1725954762869167460,0.0,0.0
1725954762896973231,0.0,0.0
1725954762918386627,0.0,0.0
1725954762942973639,0.0,0.0
1725954762978941371,0.0,0.0
1725954763011801005,0.0,0.0
1725954763033045428,0.0,0.0
1725954763083357167,0.0,0.0
1725954763109614022,0.0,0.0
1725954763132634708,0.0,0.0
1725954763164435828,0.0,0.0
1725954763190355700,0.0,0.0
1725954763214558153,0.0,0.0
1725954763237400581,0.0,0.0
1725954763273763996,0.0,0.0
1725954763295755719,0.0,0.0
1725954763320498043,0.0,0.0
1725954763341521502,0.0,0.0
1725954763377158910,0.0,0.0
1725954763402735496,0.0,0.0
1725954763427491470,0.0,0.0
1725954763450216939,0.0,0.0
1725954763478306054,0.0,0.0
1725954763499771375,0.0,0.0
1725954763524107060,0.0,0.0
1725954763548843005,0.0,0.0
1725954763582869563,0.0,0.0
1725954763606093270,0.0,0.0
1725954763630951054,0.0,0.0
1725954763653721931,0.0,0.0
1725954763680018522,0.0,0.0
1725954763712805078,0.0,0.0
1725954763738386590,0.0,0.0
1725954763760517128,0.0,0.0
1725954763800461092,0.0,0.0
1725954763818590298,0.0,0.0
1725954763838415598,0.0,0.0
1725954763861861293,0.0,0.0
1725954763889145680,0.0,0.0
1725954763917000548,0.0,0.0
1725954763940442912,0.0,0.0
1725954763966686128,0.0,0.0
1725954763994750114,0.0,0.0
1725954764021716741,0.0,0.0
1725954764044794278,0.0,0.0
1725954764073916855,0.0,0.0
1725954764098239897,0.0,0.0
1725954764124917074,0.0,0.0
1725954764148180996,0.0,0.0
1725954764176389188,0.0,0.0
1725954764206043426,0.0,0.0
1725954764225210495,0.0,0.0
1725954764246602237,0.0,0.0
1725954764272493491,0.0,0.0
1725954764316409951,0.0,0.0
1725954764333494293,0.0,0.0
1725954764361466615,0.0,0.0
1725954764387048876,0.0,0.0
1725954764416060270,0.0,0.0
1725954764447349362,0.0,0.0
1725954764472706893,0.0,0.0
1725954764497867899,0.0,0.0
1725954764518742536,0.0,0.0
1725954764544441961,0.0,0.0
1725954764574493168,0.0,0.0
1725954764597738025,0.0,0.0
1725954764643082593,0.0,0.0
1725954764730983263,0.0,0.0
1725954764756703192,0.0,0.0
1725954764789428232,0.0,0.0
1725954764808201167,0.0,0.0
1725954764838568374,0.0,0.0
1725954764871099487,0.0,0.0
1725954764900434004,0.0,0.0
1725954764932169795,0.0,0.0
1725954764959575428,0.0,0.0
1725954764985551518,0.0,0.0
1725954765007775814,0.0,0.0
1725954765030282228,0.0,0.0
1725954765056532017,0.0,0.0
1725954765090729193,0.0,0.0
1725954765114748213,0.0,0.0
1725954765137432290,0.0,0.0
1725954765164163307,0.0,0.0
1725954765188262094,0.0,0.0
1725954765216941844,0.0,0.0
1725954765236180513,0.0,0.0
1725954765267371532,0.0,0.0
1725954765290736157,0.0,0.0
1725954765317425448,0.0,0.0
1725954765339901588,0.0,0.0
1725954765376309759,0.0,0.0
1725954765404498995,0.0,0.0
1725954765428540215,0.0,0.0
1725954765455152389,0.0,0.0
1725954765486478794,0.0,0.0
1725954765510046034,0.0,0.0
1725954765537768455,0.0,0.0
1725954765563210313,0.0,0.0
1725954765591166933,0.0,0.0
1725954765616565446,0.0,0.0
1725954765642286445,0.0,0.0
1725954765673601963,0.0,0.0
1725954765700340964,0.0,0.0
1725954765721055959,0.0,0.0
1725954765743253242,0.0,0.0
1725954765776444737,0.0,0.0
1725954765799322639,0.0,0.0
1725954765824733359,0.0,0.0
1725954765850465916,0.0,0.0
1725954765879317926,0.0,0.0
1725954765906492700,0.0,0.0
1725954765927505196,0.0,0.0
1725954765957953649,0.0,0.0
1725954765980914891,0.0,0.0
1725954766012340548,0.0,0.0
1725954766045465904,0.0,0.0
1725954766067041831,0.0,0.0
1725954766098144127,0.0,0.0
1725954766124041023,0.0,0.0
1725954766147680554,0.0,0.0
1725954766174380236,0.0,0.0
1725954766205261072,0.0,0.0
1725954766237355403,0.0,0.0
1725954766258192086,0.0,0.0
1725954766280756989,0.0,0.0
1725954766313230772,0.0,0.0
1725954766341206622,0.0,0.0
1725954766365810870,0.0,0.0
1725954766388933742,0.0,0.0
1725954766416176117,0.0,0.0
1725954766439731603,0.0,0.0
1725954766462277617,0.0,0.0
1725954766497537441,0.0,0.0
1725954766523317256,0.0,0.0
1725954766555427166,0.0,0.0
1725954766579258149,0.0,0.0
1725954766600718270,0.0,0.0
1725954766632700293,0.0,0.0
1725954766659135440,0.0,0.0
1725954766685410587,0.0,0.0
1725954766706429311,0.0,0.0
1725954766736845747,0.0,0.0
1725954766760294854,0.0,0.0
1725954766786582141,0.0,0.0
1725954766818351572,0.0,0.0
1725954766848819258,0.0,0.0
1725954766878165206,0.0,0.0
1725954766901331910,0.0,0.0
1725954766921570731,0.0,0.0
1725954766947674220,0.0,0.0
1725954766978278903,0.0,0.0
1725954767005871050,0.0,0.0
1725954767040231351,0.0,0.0
1725954767064668005,0.0,0.0
1725954767101220200,0.0,0.0
1725954767123025021,0.0,0.0
1725954767146200169,0.0,0.0
1725954767183278736,0.0,0.0
1725954767208290436,0.0,0.0
1725954767235779269,0.0,0.0
1725954767265540207,0.0,0.0
1725954767292967378,0.0,0.0
1725954767327718455,0.0,0.0
1725954767351035768,0.0,0.0
1725954767376412123,0.0,0.0
1725954767402347240,0.0,0.0
1725954767427569378,0.0,0.0
1725954767448021299,0.0,0.0
1725954767473076380,0.0,0.0
1725954767500891485,0.0,0.0
1725954767521059533,0.0,0.0
1725954767547000863,0.0,0.0
1725954767576631236,0.0,0.0
1725954767604086658,0.0,0.0
1725954767624912814,0.0,0.0
1725954767650604403,0.0,0.0
1725954767680287303,0.0,0.0
1725954767709230752,0.0,0.0
1725954767738542572,0.0,0.0
1725954767770144425,0.0,0.0
1725954767796366321,0.0,0.0
1725954767822146570,0.0,0.0
1725954767845235375,0.0,0.0
1725954767872904048,0.0,0.0
1725954767899820765,0.0,0.0
1725954767941163512,0.0,0.0
1725954767958801637,0.0,0.0
1725954767985981062,0.0,0.0
1725954768014209492,0.0,0.0
1725954768040599124,0.0,0.0
1725954768063868491,0.0,0.0
1725954768087767623,0.0,0.0
1725954768119592690,0.0,0.0
1725954768139302602,0.0,0.0
1725954768163748134,0.0,0.0
1725954768196305040,0.0,0.0
1725954768222258461,0.0,0.0
1725954768254788761,0.0,0.0
1725954768272885315,0.0,0.0
1725954768303087269,0.0,0.0
1725954768327663323,0.0,0.0
1725954768352725520,0.0,0.0
1725954768374610765,0.0,0.0
1725954768406088806,0.0,0.0
1725954768434613819,0.0,0.0
1725954768459931047,0.0,0.0
1725954768485233649,0.0,0.0
1725954768516706405,0.0,0.0
1725954768545212362,0.0,0.0
1725954768566667409,0.0,0.0
1725954768589941097,0.0,0.0
1725954768619968294,0.0,0.0
1725954768647590505,0.0,0.0
1725954768667376525,0.0,0.0
1725954768690504750,0.0,0.0
1725954768720894835,0.0,0.0
1725954768746979584,0.0,0.0
1725954768770267288,0.0,0.0
1725954768792835044,0.0,0.0
1725954768824265887,0.0,0.0
1725954768849292825,0.0,0.0
1725954768873408435,0.0,0.0
1725954768901687526,0.0,0.0
1725954768931654304,0.0,0.0
1725954768961025647,0.0,0.0
1725954768983072481,0.0,0.0
1725954769004051813,0.0,0.0
1725954769031115127,0.0,0.0
1725954769062076760,0.0,0.0
1725954769086996907,0.0,0.0
1725954769107577498,0.0,0.0
1725954769131523069,0.0,0.0
1725954769163154699,0.0,0.0
1725954769189943264,0.0,0.0
1725954769209611342,0.0,0.0
1725954769239330117,0.0,0.0
1725954769270968428,0.0,0.0
1725954769293814305,0.0,0.0
1725954769323132554,0.0,0.0
1725954769345884472,0.0,0.0
1725954769375345575,0.0,0.0
1725954769396482789,0.0,0.0
1725954769422086710,0.0,0.0
1725954769445999359,0.0,0.0
1725954769475765979,0.0,0.0
1725954769502751428,0.0,0.0
1725954769527073830,0.0,0.0
1725954769554460141,0.0,0.0
1725954769579270131,0.0,0.0
1725954769612233384,0.0,0.0
1725954769636158330,0.0,0.0
1725954769671601119,0.0,0.0
1725954769708756340,0.0,0.0
1725954769732839447,0.0,0.0
1725954769762074939,0.0,0.0
1725954769790262711,0.0,0.0
1725954769812719646,0.0,0.0
1725954769839172869,0.0,0.0
1725954769863359585,0.0,0.0
1725954769888422961,0.0,0.0
1725954769910532076,0.0,0.0
1725954769942519564,0.0,0.0
1725954769968793613,0.0,0.0
1725954769994874646,0.0,0.0
1725954770018243663,0.0,0.0
1725954770041949370,0.0,0.0
1725954770078667086,0.0,0.0
1725954770113105559,0.0,0.0
1725954770130874594,0.0,0.0
1725954770155115393,0.0,0.0
1725954770186691739,0.0,0.0
1725954770210970966,0.0,0.0
1725954770237284393,0.0,0.0
1725954770253498116,0.0,0.0
1725954770282972395,0.0,0.0
1725954770309653629,0.0,0.0
1725954770336502978,0.0,0.0
1725954770361090240,0.0,0.0
1725954770385703065,0.0,0.0
1725954770412972876,0.0,0.0
1725954770437115151,0.0,0.0
1725954770462245016,0.0,0.0
1725954770490612022,0.0,0.0
1725954770527822260,0.0,0.0
1725954770547574775,0.0,0.0
1725954770568683141,0.0,0.0
1725954770601311971,0.0,0.0
1725954770627516197,0.0,0.0
1725954770656619812,0.0,0.0
1725954770678377484,0.0,0.0
1725954770708339816,0.0,0.0
1725954770740105473,0.0,0.0
1725954770768087753,0.0,0.0
1725954770792845514,0.0,0.0
1725954770821885914,0.0,0.0
1725954770857291679,0.0,0.0
1725954770881972998,0.0,0.0
1725954770917854983,0.0,0.0
1725954770943517641,0.0,0.0
1725954770959447129,0.0,0.0
1725954770987708070,0.0,0.0
1725954771017815086,0.0,0.0
1725954771040350936,0.0,0.0
1725954771073280419,0.0,0.0
1725954771093700542,0.0,0.0
1725954771123903754,0.0,0.0
1725954771149630294,0.0,0.0
1725954771172336735,0.0,0.0
1725954771194300484,0.0,0.0
1725954771223419717,0.0,0.0
1725954771253355288,0.0,0.0
1725954771273873553,0.0,0.0
1725954771310629823,0.0,0.0
1725954771334629517,0.0,0.0
1725954771362149775,0.0,0.0
1725954771388188324,0.0,0.0
1725954771410780155,0.0,0.0
1725954771438081915,0.0,0.0
1725954771463074143,0.0,0.0
1725954771490773891,0.0,0.0
1725954771510025358,0.0,0.0
1725954771542867710,0.0,0.0
1725954771572517850,0.0,0.0
1725954771594859420,0.0,0.0
1725954771623075961,0.0,0.0
1725954771659429406,0.0,0.0
1725954771692310593,0.0,0.0
1725954771728379877,0.0,0.0
1725954771756296552,0.0,0.0
1725954771782972067,0.0,0.0
1725954771814328427,0.0,0.0
1725954771837139457,0.0,0.0
1725954771871575187,0.0,0.0
1725954771890609805,0.0,0.0
1725954771913726846,0.0,0.0
1725954771941201177,0.0,0.0
1725954771963952216,0.0,0.0
1725954771986509081,0.0,0.0
1725954772010360603,0.0,0.0
1725954772039470793,0.0,0.0
1725954772064562586,0.0,0.0
1725954772087500176,0.0,0.0
1725954772110862553,0.0,0.0
1725954772136602262,0.0,0.0
1725954772162310838,0.0,0.0
1725954772189385397,0.0,0.0
1725954772215138638,0.0,0.0
1725954772240104359,0.0,0.0
1725954772266530022,0.0,0.0
1725954772291111539,0.0,0.0
1725954772316776131,0.0,0.0
1725954772343954065,0.0,0.0
1725954772374767127,0.0,0.0
1725954772396172024,0.0,0.0
1725954772426576974,0.0,0.0
1725954772454319158,0.0,0.0
1725954772483938785,0.0,0.0
1725954772511378732,0.0,0.0
1725954772539691882,0.0,0.0
1725954772563898180,0.0,0.0
1725954772587929927,0.0,0.0
1725954772619624563,0.0,0.0
1725954772647117385,0.0,0.0
1725954772682055428,0.0,0.0
1725954772709181459,0.0,0.0
1725954772730497634,0.0,0.0
1725954772755111426,0.0,0.0
1725954772783047025,0.0,0.0
1725954772811188382,0.0,0.0
1725954772834649443,0.0,0.0
1725954772857908677,0.0,0.0
1725954772884821955,0.0,0.0
1725954772919420137,0.0,0.0
1725954772938249886,0.0,0.0
1725954772967718421,0.0,0.0
1725954772992373552,0.0,0.0
1725954773022330796,0.0,0.0
1725954773042942592,0.0,0.0
1725954773066763750,0.0,0.0
1725954773097512341,0.0,0.0
1725954773120795083,0.0,0.0
1725954773140707125,0.0,0.0
1725954773168136626,0.0,0.0
1725954773194279260,0.0,0.0
1725954773218945889,0.0,0.0
1725954773245352528,0.0,0.0
1725954773278330367,0.0,0.0
1725954773301720402,0.0,0.0
1725954773325192821,0.0,0.0
1725954773345514242,0.0,0.0
1725954773369812399,0.0,0.0
1725954773401069512,0.0,0.0
1725954773431662622,0.0,0.0
1725954773451146409,0.0,0.0
1725954773476337246,0.0,0.0
1725954773505646962,0.0,0.0
1725954773531119915,0.0,0.0
1725954773549396434,0.0,0.0
1725954773573429789,0.0,0.0
1725954773606500546,0.0,0.0
1725954773630614274,0.0,0.0
1725954773654780828,0.0,0.0
1725954773680093470,0.0,0.0
1725954773709742404,0.0,0.0
1725954773733987874,0.0,0.0
1725954773761650213,0.0,0.0
1725954773788012397,0.0,0.0
1725954773825064902,0.0,0.0
1725954773854132579,0.0,0.0
1725954773881670388,0.0,0.0
1725954773904408050,0.0,0.0
1725954773928084398,0.0,0.0
1725954773958226770,0.0,0.0
1725954773979921898,0.0,0.0
1725954774011341187,0.0,0.0
1725954774040839820,0.0,0.0
1725954774065467078,0.0,0.0
1725954774090555588,0.0,0.0
1725954774122540194,0.0,0.0
1725954774147224687,0.0,0.0
1725954774173718739,0.0,0.0
1725954774193614730,0.0,0.0
1725954774224282086,0.0,0.0
1725954774252031448,0.0,0.0
1725954774278736427,0.0,0.0
1725954774305984742,0.0,0.0
1725954774337181658,0.0,0.0
1725954774372776728,0.0,0.0
1725954774401345948,0.0,0.0
1725954774429037144,0.0,0.0
1725954774459653275,0.0,0.0
1725954774481406832,0.0,0.0
1725954774506686244,0.0,0.0
1725954774533055301,0.0,0.0
1725954774563677773,0.0,0.0
1725954774585226917,0.0,0.0
1725954774609900860,0.0,0.0
1725954774638639748,0.0,0.0
1725954774667207210,0.0,0.0
1725954774691007001,0.0,0.0
1725954774720584249,0.0,0.0
1725954774748628010,0.0,0.0
1725954774771584185,0.0,0.0
1725954774792652106,0.0,0.0
1725954774816921418,0.0,0.0
1725954774850768935,0.0,0.0
1725954774877002074,0.0,0.0
1725954774901651423,0.0,0.0
1725954774922864519,0.0,0.0
1725954774950947356,0.0,0.0
1725954774980726303,0.0,0.0
1725954775007056252,0.0,0.0
1725954775031116384,0.0,0.0
1725954775057364643,0.0,0.0
1725954775081479963,0.0,0.0
1725954775107653486,0.0,0.0
1725954775137747772,0.0,0.0
1725954775162191878,0.0,0.0
1725954775193423497,0.0,0.0
1725954775213890375,0.0,0.0
1725954775238814534,0.0,0.0
1725954775267486373,0.0,0.0
1725954775295509324,0.0,0.0
1725954775316210009,0.0,0.0
1725954775345120751,-0.05000000074505806,0.05000000074505806
1725954775371638447,-0.10000000149011612,0.10000000149011612
1725954775401651071,-0.11866458505392075,0.15000000596046448
1725954775427845651,-0.11866458505392075,0.2500004470348358
1725954775458014343,-0.11866458505392075,0.2500004470348358
1725954775480428742,-0.11866458505392075,0.2500004470348358
1725954775506782576,-0.11866458505392075,0.25000065565109253
1725954775526908775,-0.11928240954875946,0.2844737768173218
1725954775557420698,-0.12153609097003937,0.3363308310508728
1725954775585930259,-0.1261207014322281,0.41537582874298096
1725954775610668020,-0.13320288062095642,0.47619321942329407
1725954775635330641,-0.14224673807621002,0.5812468528747559
1725954775656983399,-0.15253126621246338,0.6391258835792542
1725954775685772554,-0.162796288728714,0.6925048828125
1725954775711159629,-0.17148299515247345,0.7338941097259521
1725954775737977515,-0.1775519847869873,0.7768387794494629
1725954775762892684,-0.1807122677564621,0.8113799095153809
1725954775788257846,-0.18160346150398254,0.8518536686897278
1725954775814701666,-0.18100637197494507,0.8919069170951843
1725954775838114462,-0.1795779913663864,0.9173563122749329
1725954775862794821,-0.17809636890888214,0.9426040053367615
1725954775890540084,-0.17713545262813568,0.9762222766876221
1725954775924759477,-0.17689256370067596,1.0021699666976929
1725954775948309419,-0.17730696499347687,1.028555989265442
1725954775972140164,-0.17821109294891357,1.0645618438720703
1725954776008099824,-0.17953673005104065,1.1150808334350586
1725954776033050625,-0.1812313199043274,1.1500135660171509
1725954776055916974,-0.18325448036193848,1.226754069328308
1725954776081816082,-0.18564273416996002,1.2764252424240112
1725954776110813243,-0.1883932650089264,1.3359272480010986
1725954776138240894,-0.19146355986595154,1.3781886100769043
1725954776161618078,-0.19464799761772156,1.4274566173553467
1725954776187489444,-0.1976458579301834,1.4653973579406738
1725954776223819210,-0.20043523609638214,1.5024207830429077
1725954776249682245,-0.20313280820846558,1.535574197769165
1725954776271056372,-0.20568667352199554,1.5657135248184204
1725954776296661052,-0.2080525904893875,1.592990517616272
1725954776326318617,-0.2102818787097931,1.621897578239441
1725954776352415218,-0.21240130066871643,1.6516852378845215
1725954776373082176,-0.21432626247406006,1.673130750656128
1725954776396575527,-0.216025710105896,1.6951698064804077
1725954776423329730,-0.2177361100912094,1.7198878526687622
1725954776457976651,-0.21968692541122437,1.7423549890518188
1725954776479144162,-0.22178228199481964,1.7604891061782837
1725954776505759407,-0.22388781607151031,1.7833749055862427
1725954776537516691,-0.22592532634735107,1.8152199983596802
1725954776566210137,-0.22790256142616272,1.8397759199142456
1725954776585374405,-0.23043781518936157,1.887757420539856
1725954776616347778,-0.2343865931034088,1.9288270473480225
1725954776641125888,-0.2402081936597824,1.9680891036987305
1725954776669694777,-0.2476997822523117,1.9977298974990845
1725954776693114523,-0.256212055683136,2.038252830505371
1725954776716494907,-0.2652379870414734,2.0665318965911865
1725954776744787066,-0.27438122034072876,2.092001438140869
1725954776774863265,-0.28307411074638367,2.11826491355896
1725954776797115037,-0.2906545102596283,2.138880968093872
1725954776826594141,-0.29716235399246216,2.160737991333008
1725954776856316493,-0.303391695022583,2.181025743484497
1725954776879041196,-0.30980461835861206,2.2024500370025635
1725954776904732306,-0.31619733572006226,2.2190561294555664
1725954776927306774,-0.3224472105503082,2.237072706222534
1725954776961880732,-0.328869491815567,2.253957986831665
1725954776992175966,-0.33545568585395813,2.2718605995178223
1725954777017099833,-0.3416774570941925,2.2860021591186523
1725954777042280911,-0.34738609194755554,2.3010201454162598
1725954777068268905,-0.35278892517089844,2.315692663192749
1725954777092328193,-0.3580358624458313,2.330639362335205
1725954777123291058,-0.3632526099681854,2.342099189758301
1725954777147961865,-0.3687889575958252,2.3580899238586426
1725954777173637188,-0.3752802014350891,2.3754889965057373
1725954777199111568,-0.38270649313926697,2.3904330730438232
1725954777221756425,-0.3909280598163605,2.4165725708007812
1725954777251897196,-0.4005201458930969,2.439584255218506
1725954777271645524,-0.4119127094745636,2.4616036415100098
1725954777297740018,-0.42524173855781555,2.4826390743255615
1725954777322294742,-0.43991589546203613,2.4993374347686768
1725954777348983348,-0.45411932468414307,2.517467975616455
1725954777375142835,-0.46656209230422974,2.530855417251587
1725954777402968653,-0.47681760787963867,2.545445680618286
1725954777423730222,-0.4842891991138458,2.5565989017486572
1725954777453154218,-0.48931628465652466,2.568821907043457
1725954777480776932,-0.4935017228126526,2.5800867080688477
1725954777518245294,-0.4978347718715668,2.5906670093536377
1725954777540270136,-0.5015811920166016,2.6000311374664307
1725954777560247383,-0.5047333240509033,2.6087446212768555
1725954777588991121,-0.508814811706543,2.6166727542877197
1725954777619395617,-0.5137459635734558,2.624854326248169
1725954777639374822,-0.5181537866592407,2.6316514015197754
1725954777667480320,-0.5214906930923462,2.637904167175293
1725954777697070783,-0.5239610075950623,2.6444203853607178
1725954777723003485,-0.5256432890892029,2.6505415439605713
1725954777749016442,-0.5264548063278198,2.6565322875976562
1725954777769816857,-0.5272544622421265,2.6625452041625977
1725954777800176266,-0.5280734300613403,2.669332981109619
1725954777832820532,-0.5277487635612488,2.6754343509674072
1725954777858335336,-0.5253626108169556,2.6837804317474365
1725954777885874991,-0.5193723440170288,2.6904115676879883
1725954777912468004,-0.5099940299987793,2.6972079277038574
1725954777943374131,-0.5003035068511963,2.702228546142578
1725954777967019201,-0.4917444884777069,2.7076973915100098
1725954777991469922,-0.4827941358089447,2.7118637561798096
1725954778022653409,-0.472029447555542,2.7154288291931152
1725954778048066959,-0.45965754985809326,2.71931529045105
1725954778067881987,-0.4478451907634735,2.7222814559936523
1725954778094350839,-0.4395422637462616,2.725027322769165
1725954778125464010,-0.4353364408016205,2.7275819778442383
1725954778145141692,-0.43257299065589905,2.7302515506744385
1725954778171426183,-0.4284842014312744,2.7327330112457275
1725954778197417497,-0.4224953055381775,2.7350151538848877
1725954778220627131,-0.41542890667915344,2.7367639541625977
1725954778246970107,-0.40863412618637085,2.738044500350952
1725954778272307414,-0.40284463763237,2.7396650314331055
1725954778296255521,-0.3975529670715332,2.7413225173950195
1725954778326174597,-0.3914729654788971,2.7430388927459717
1725954778349143683,-0.3833472728729248,2.745070695877075
1725954778371723069,-0.3732452392578125,2.7466866970062256
1725954778400478294,-0.3629978597164154,2.748309850692749
1725954778424754880,-0.3545721471309662,2.749786138534546
1725954778452630192,-0.348231703042984,2.751575231552124
1725954778478468341,-0.342928022146225,2.7533366680145264
1725954778505966451,-0.3371054232120514,2.7553539276123047
1725954778534303852,-0.32892775535583496,2.75748348236084
1725954778563367867,-0.31748658418655396,2.7593488693237305
1725954778581952673,-0.3033442795276642,2.7617413997650146
1725954778609083029,-0.2875822186470032,2.7635645866394043
1725954778632735491,-0.2715176045894623,2.765165090560913
1725954778659523087,-0.2565326988697052,2.766784429550171
1725954778682195166,-0.24390928447246552,2.7679431438446045
1725954778709320418,-0.23443755507469177,2.769153118133545
1725954778734847447,-0.22762472927570343,2.770169496536255
1725954778760584889,-0.2224600464105606,2.7712926864624023
1725954778783256922,-0.21861471235752106,2.772059440612793
1725954778807004490,-0.21586190164089203,2.7728335857391357
1725954778835219556,-0.2132364809513092,2.773519277572632
1725954778866332239,-0.20962901413440704,2.7741801738739014
1725954778887765961,-0.20490846037864685,2.7746505737304688
1725954778912374221,-0.19987435638904572,2.775082588195801
1725954778939547552,-0.19457775354385376,2.7754788398742676
1725954778968645353,-0.1883237361907959,2.775789737701416
1725954778990795044,-0.18139244616031647,2.7761685848236084
1725954779022107729,-0.17446963489055634,2.7764835357666016
1725954779049439373,-0.16735891997814178,2.7767863273620605
1725954779078409785,-0.15926657617092133,2.77704119682312
1725954779102560898,-0.14966459572315216,2.7773125171661377
1725954779130407415,-0.1387118697166443,2.7774879932403564
1725954779157003387,-0.12698541581630707,2.777604818344116
1725954779183516189,-0.11564063280820847,2.777693033218384
1725954779209533838,-0.10610425472259521,2.7777180671691895
1725954779235427978,-0.09892421215772629,2.777721881866455
1725954779256488517,-0.09360577911138535,2.7777531147003174
1725954779283871009,-0.08937958627939224,2.77775239944458
1725954779304891848,-0.08591403812170029,2.7777674198150635
1725954779328661301,-0.08303861320018768,2.777770757675171
1725954779360075658,-0.08030705153942108,2.777772903442383
1725954779387204033,-0.07732266187667847,2.7777745723724365
1725954779410962987,-0.07422236353158951,2.777775287628174
1725954779446833477,-0.07135457545518875,2.777776002883911
1725954779472405615,-0.06862325966358185,2.7777767181396484
1725954779492568642,-0.06699585914611816,2.7777769565582275
1725954779519325204,-0.06793171912431717,2.7777771949768066
1725954779543202389,-0.07026174664497375,2.7777774333953857
1725954779573256064,-0.07160516828298569,2.7777774333953857
1725954779596627536,-0.07068952172994614,2.7777771949768066
1725954779620469111,-0.06686299294233322,2.7777771949768066
1725954779644225723,-0.05984330177307129,2.777777671813965
1725954779680180809,-0.050276242196559906,2.7777769565582275
1725954779706686161,-0.039497315883636475,2.7777767181396484
1725954779727791396,-0.028934204950928688,2.7777774333953857
1725954779751370104,-0.019892016425728798,2.777777671813965
1725954779779902397,-0.012861127965152264,2.7777769565582275
1725954779803994734,-0.007820229046046734,2.7777767181396484
1725954779827454899,-0.0049715833738446236,2.7777769565582275
1725954779855469627,-0.004077293910086155,2.7777774333953857
1725954779878704532,-0.004181391559541225,2.7777771949768066
1725954779902749013,-0.004360044375061989,2.7777769565582275
1725954779924936316,-0.004189174622297287,2.7777769565582275
1725954779954375565,-0.003557592863216996,2.7777774333953857
1725954779986486484,-0.002426141407340765,2.777777671813965
1725954780011244046,-0.0009880373254418373,2.7777774333953857
1725954780033620897,0.0004094683099538088,2.7777771949768066
1725954780058180885,0.0016726965550333261,2.7777774333953857
1725954780091772653,0.0029313762206584215,2.777777671813965
1725954780116479895,0.0042404429987072945,2.7777771949768066
1725954780138289672,0.005530694033950567,2.7777769565582275
1725954780164377962,0.0067717041820287704,2.7777771949768066
1725954780191259930,0.008065039291977882,2.7777774333953857
1725954780216883967,0.009561305865645409,2.777777671813965
1725954780238704914,0.011292028240859509,2.7777774333953857
1725954780266123955,0.013189585879445076,2.7777769565582275
1725954780290204698,0.015259488485753536,2.7777774333953857
1725954780320064586,0.017355289310216904,2.7777774333953857
1725954780341496445,0.01917554810643196,2.7777771949768066
1725954780365593169,0.020657217130064964,2.7777767181396484
1725954780391797638,0.021881045773625374,2.7777774333953857
1725954780417091039,0.02279667928814888,2.777777671813965
1725954780442612447,0.02325221709907055,2.7777771949768066
1725954780479494578,0.02326170913875103,2.7777767181396484
1725954780503615733,0.023044882342219353,2.7777764797210693
1725954780526290354,0.022680671885609627,2.7777769565582275
1725954780551405912,0.022102707996964455,2.7777771949768066
1725954780575286210,0.021447863429784775,2.7777774333953857
1725954780604982329,0.02093888632953167,2.7777774333953857
1725954780630712235,0.020623018965125084,2.777777671813965
1725954780650625337,0.020480142906308174,2.777777671813965
1725954780679669853,0.020518450066447258,2.7777771949768066
1725954780708395215,0.020708568394184113,2.7777769565582275
1725954780739478882,0.020932085812091827,2.7777771949768066
1725954780759216789,0.021072063595056534,2.7777774333953857
1725954780786531552,0.02112831361591816,2.7777774333953857
1725954780814237680,0.021153833717107773,2.7777771949768066
1725954780839656266,0.021119503304362297,2.7777774333953857
1725954780866811897,0.020973972976207733,2.7777774333953857
1725954780892184928,0.02077970840036869,2.7777774333953857
1725954780922217953,0.020626375451683998,2.7777771949768066
1725954780942841462,0.020491771399974823,2.7777769565582275
1725954780967852057,0.020331626757979393,2.7777771949768066
1725954780991815994,0.02017526514828205,2.777777671813965
1725954781019048537,0.02004745602607727,2.7777769565582275
1725954781048725336,0.01991090551018715,2.7777767181396484
1725954781066387039,0.019689397886395454,2.7777774333953857
1725954781108138019,0.019363611936569214,2.777777671813965
1725954781132800048,0.019006332382559776,2.777777671813965
1725954781158671971,0.018652377650141716,2.777777671813965
1725954781184307137,0.01828657276928425,2.777777671813965
1725954781210048761,0.017938734963536263,2.777777671813965
1725954781240372257,0.01765689253807068,2.777777671813965
1725954781263893955,0.017413783818483353,2.777777671813965
1725954781284681163,0.01712876558303833,2.777777671813965
1725954781313040510,0.0167820043861866,2.7777771949768066
1725954781338643549,0.016404878348112106,2.7777771949768066
1725954781363475509,0.01597996987402439,2.7777774333953857
1725954781385311211,0.01546214148402214,2.7777774333953857
1725954781412187174,0.014881100505590439,2.7777771949768066
1725954781437363928,0.01431091595441103,2.7777769565582275
1725954781464683458,0.01376933790743351,2.7777771949768066
1725954781484378017,0.013233627192676067,2.7777774333953857
1725954781507690584,0.012717739678919315,2.7777774333953857
1725954781537881016,0.012239048257470131,2.7777774333953857
1725954781566267828,0.011775895021855831,2.7777771949768066
1725954781589067620,0.01128791831433773,2.7777774333953857
1725954781625571214,0.01075841300189495,2.777777671813965
1725954781649905631,0.01023870799690485,2.777777910232544
1725954781678920204,0.009747766889631748,2.777777671813965
1725954781700082486,0.009240214712917805,2.7777774333953857
1725954781724458019,0.008730357512831688,2.7777769565582275
1725954781750036819,0.00827702321112156,2.7777771949768066
1725954781776661974,0.007866008207201958,2.7777771949768066
1725954781797037393,0.007429895456880331,2.7777771949768066
1725954781820387250,0.006961607839912176,2.7777769565582275
1725954781848414332,0.00648864358663559,2.7777769565582275
1725954781874131626,0.005999108776450157,2.7777771949768066
1725954781896459325,0.005483811255544424,2.7777774333953857
1725954781923322651,0.004980844911187887,2.7777771949768066
1725954781948831237,0.0045310440473258495,2.7777769565582275
1725954781975461970,0.00411089276894927,2.7777771949768066
1725954781998801544,0.003667226294055581,2.7777774333953857
1725954782023996713,0.0032139448449015617,2.7777769565582275
1725954782049727571,0.0028080143965780735,2.7777771949768066
1725954782077538698,0.0024434917140752077,2.7777774333953857
1725954782101213967,0.001996323699131608,2.7777774333953857
1725954782130253799,0.0013886498054489493,2.777777671813965
1725954782153419572,0.0007409675163216889,2.7777774333953857
1725954782180839616,0.00015457457629963756,2.7777771949768066
1725954782203550743,-0.000378243625164032,2.7777771949768066
1725954782229314884,-0.0008282720227725804,2.7777774333953857
1725954782256907992,-0.001151854987256229,2.7777774333953857
1725954782281655732,-0.0013843505876138806,2.7777771949768066
1725954782305251466,-0.0016194499330595136,2.7777769565582275
1725954782330507383,-0.0019035887671634555,2.7777771949768066
1725954782357384469,-0.0022236299701035023,2.7777774333953857
1725954782384471594,-0.0025940595660358667,2.7777771949768066
1725954782407103499,-0.0030308999121189117,2.7777769565582275
1725954782433277692,-0.0034570437856018543,2.7777771949768066
1725954782460143192,-0.0037617681082338095,2.7777771949768066
1725954782487702192,-0.003926939330995083,2.7777769565582275
1725954782509842699,-0.004010582342743874,2.7777771949768066
1725954782534810442,-0.004031003452837467,2.7777774333953857
1725954782563798184,-0.0039863199926912785,2.7777769565582275
1725954782588907499,-0.003954775165766478,2.7777767181396484
1725954782612132089,-0.003932044375687838,2.7777771949768066
1725954782636404498,-0.0037964743096381426,2.7777774333953857
1725954782666487726,-0.003593388944864273,2.7777771949768066
1725954782694042099,-0.0034960107877850533,2.7777771949768066
1725954782716442381,-0.003613888518884778,2.7777771949768066
1725954782742776572,-0.003948600962758064,2.7777774333953857
1725954782769998032,-0.004416031762957573,2.7777774333953857
1725954782801157635,-0.00493932468816638,2.7777769565582275
1725954782822863526,-0.00546894920989871,2.7777769565582275
1725954782850631809,-0.005942489951848984,2.7777771949768066
1725954782873340160,-0.006305082235485315,2.7777774333953857
1725954782901339868,-0.006546691060066223,2.7777769565582275
1725954782922669727,-0.006688904948532581,2.7777769565582275
1725954782948234079,-0.006739627104252577,2.7777774333953857
1725954782973421944,-0.006683421786874533,2.7777771949768066
1725954783003832135,-0.006540155969560146,2.7777769565582275
1725954783026739472,-0.00633974140509963,2.7777774333953857
1725954783050862719,-0.006053179036825895,2.777777671813965
1725954783082062693,-0.005687271244823933,2.7777769565582275
1725954783106945126,-0.005353241227567196,2.7777767181396484
1725954783128585520,-0.005203611217439175,2.7777771949768066
1725954783156570318,-0.005321614909917116,2.7777771949768066
1725954783185559154,-0.005635331850498915,2.7777771949768066
1725954783214855178,-0.006053307559341192,2.7777771949768066
1725954783237307732,-0.0065544345416128635,2.7777771949768066
1725954783261669081,-0.0070757693611085415,2.7777774333953857
1725954783287867955,-0.007531499024480581,2.7777774333953857
1725954783316389033,-0.007895587012171745,2.7777769565582275
1725954783336465600,-0.008184113539755344,2.7777769565582275
1725954783363676478,-0.008415677584707737,2.7777774333953857
1725954783388565523,-0.008596515282988548,2.7777774333953857
1725954783415206890,-0.008760077878832817,2.7777769565582275
1725954783441779551,-0.008940982632339,2.7777769565582275
1725954783465882540,-0.00910415593534708,2.7777774333953857
1725954783495624344,-0.009192993864417076,2.7777774333953857
1725954783522396190,-0.009209836833178997,2.7777771949768066
1725954783545847318,-0.009160080924630165,2.7777771949768066
1725954783570620626,-0.008979334495961666,2.7777774333953857
1725954783598256472,-0.008636567741632462,2.7777774333953857
1725954783623229332,-0.00819930899888277,2.777777671813965
1725954783644895321,-0.007927203550934792,2.7777769565582275
1725954783671563970,-0.00807663518935442,2.7777767181396484
1725954783697827745,-0.00854054931551218,2.7777774333953857
1725954783724183127,-0.009115985594689846,2.7777774333953857
1725954783745633988,-0.009717117063701153,2.7777771949768066
1725954783771193719,-0.010257333517074585,2.7777771949768066
1725954783799017683,-0.010665230453014374,2.7777771949768066
1725954783829749369,-0.010967936366796494,2.7777774333953857
1725954783850001710,-0.011259371414780617,2.7777771949768066
1725954783878682991,-0.01156720332801342,2.7777769565582275
1725954783903792007,-0.011869590729475021,2.7777769565582275
1725954783931769285,-0.012181912548840046,2.7777774333953857
1725954783955653865,-0.012527115643024445,2.7777774333953857
1725954783981330983,-0.01288880780339241,2.7777769565582275
1725954784011469358,-0.013245546258985996,2.7777771949768066
1725954784038365070,-0.013605467975139618,2.7777774333953857
1725954784064994229,-0.013989770784974098,2.777777671813965
1725954784090993178,-0.014396232552826405,2.7777771949768066
1725954784117645549,-0.014818998984992504,2.7777769565582275
1725954784144307361,-0.015268415212631226,2.7777771949768066
1725954784167245975,-0.015600400045514107,2.7777774333953857
1725954784192099156,-0.015586737543344498,2.7777774333953857
1725954784221250195,-0.01523711159825325,2.7777771949768066
1725954784251036313,-0.014767368324100971,2.7777771949768066
1725954784274869439,-0.014399819076061249,2.7777771949768066
1725954784298011781,-0.014238790608942509,2.7777771949768066
1725954784327928992,-0.014271588996052742,2.7777771949768066
1725954784353986592,-0.01447969302535057,2.7777771949768066
1725954784377562637,-0.014860867522656918,2.7777771949768066
1725954784404476334,-0.015353777445852757,2.7777774333953857
1725954784430629453,-0.015851883217692375,2.7777774333953857
1725954784455517711,-0.01631462574005127,2.7777769565582275
1725954784480654002,-0.016754793003201485,2.7777769565582275
1725954784507941647,-0.01715119741857052,2.7777771949768066
1725954784534470339,-0.017462391406297684,2.7777774333953857
1725954784559432211,-0.01769820787012577,2.7777771949768066
1725954784579926004,-0.017910605296492577,2.7777769565582275
1725954784604733974,-0.018131611868739128,2.7777774333953857
1725954784636645425,-0.018370894715189934,2.7777774333953857
1725954784663102477,-0.018586982041597366,2.7777774333953857
1725954784683861496,-0.018704818561673164,2.7777771949768066
1725954784708906657,-0.018696779385209084,2.7777769565582275
1725954784735696470,-0.018569443374872208,2.7777774333953857
1725954784759938204,-0.018377287313342094,2.7777774333953857
1725954784785323299,-0.01820014975965023,2.7777771949768066
1725954784809368616,-0.018051275983452797,2.7777769565582275
1725954784836294757,-0.017930176109075546,2.7777774333953857
1725954784863779441,-0.017888108268380165,2.7777774333953857
1725954784886161447,-0.017972314730286598,2.7777774333953857
1725954784912046789,-0.018156791105866432,2.7777771949768066
1725954784940133447,-0.018374470993876457,2.7777771949768066
1725954784965496175,-0.018579082563519478,2.7777774333953857
1725954784988875502,-0.01873762719333172,2.7777774333953857
1725954785026073223,-0.01884269341826439,2.7777771949768066
1725954785049100766,-0.018896952271461487,2.7777774333953857
1725954785076579399,-0.018932437524199486,2.7777771949768066
1725954785098205820,-0.01900334842503071,2.7777771949768066
1725954785123688393,-0.01910562440752983,2.777777671813965
1725954785151117894,-0.019201505929231644,2.777777671813965
1725954785178349279,-0.019129514694213867,2.7777774333953857
1725954785204262260,-0.018697615712881088,2.7777774333953857
1725954785226561648,-0.017953436821699142,2.7777774333953857
1725954785255961569,-0.01703699491918087,2.777777671813965
1725954785281920163,-0.016109220683574677,2.777777671813965
1725954785304494929,-0.015356075949966908,2.777777671813965
1725954785329635911,-0.01489337533712387,2.7777771949768066
1725954785357147554,-0.014771617949008942,2.7777771949768066
1725954785386515044,-0.014885995537042618,2.7777769565582275
1725954785407250309,-0.0150595773011446,2.7777769565582275
1725954785430515058,-0.015179893001914024,2.7777774333953857
1725954785457521799,-0.015141746029257774,2.7777771949768066
1725954785483033168,-0.014864660799503326,2.777777671813965
1725954785507766585,-0.01439850777387619,2.777777671813965
1725954785535515816,-0.013863736763596535,2.7777771949768066
1725954785561040506,-0.013321184553205967,2.7777771949768066
1725954785590272908,-0.01282652746886015,2.7777774333953857
1725954785612151655,-0.012443005107343197,2.7777774333953857
1725954785635778363,-0.012170554138720036,2.7777767181396484
1725954785661019611,-0.011937899515032768,2.7777767181396484
1725954785688682450,-0.011307218112051487,2.7777771949768066
1725954785709877868,-0.00978728849440813,2.7777771949768066
1725954785734146845,-0.007602198049426079,2.7777774333953857
1725954785760477362,-0.0052119833417236805,2.7777774333953857
1725954785788331520,-0.0029279422014951706,2.7777771949768066
1725954785814292619,-0.0009364495053887367,2.7777774333953857
1725954785837176177,0.0008831687737256289,2.777777671813965
1725954785863655491,0.00268887123093009,2.777777910232544
1725954785892439190,0.0044681476429104805,2.777778148651123
1725954785915339773,0.006025142502039671,2.777777671813965
1725954785944528163,0.007202794309705496,2.7777771949768066
1725954785968344855,0.008157223463058472,2.7777771949768066
1725954785993340793,0.00903512816876173,2.7777774333953857
1725954786016327431,0.009772327728569508,2.7777774333953857
1725954786042398529,0.01041903905570507,2.7777774333953857
1725954786069064363,0.01116730086505413,2.777777671813965
1725954786094223455,0.012095184065401554,2.777777910232544
1725954786115337028,0.013209962286055088,2.777778148651123
1725954786139369235,0.014603047631680965,2.777778148651123
1725954786165943792,0.01627146638929844,2.777778387069702
1725954786195389030,0.018268335610628128,2.777778148651123
1725954786216771817,0.020740672945976257,2.7777655124664307
1725954786241262378,0.023546166718006134,2.7777130603790283
1725954786269386005,0.02655184268951416,2.7775652408599854
1725954786297668412,0.029809871688485146,2.7771646976470947
1725954786320710348,0.033290211111307144,2.776723623275757
1725954786344286872,0.03703472390770912,2.7758536338806152
1725954786372926273,0.04113846644759178,2.775040626525879
1725954786400067691,0.045160457491874695,2.773576498031616
1725954786423126555,0.04836403951048851,2.772416591644287
1725954786449028340,0.050523556768894196,2.770516872406006
1725954786475659943,0.05200115591287613,2.768897771835327
1725954786499598196,0.0531914196908474,2.766329050064087
1725954786528172082,0.054120611399412155,2.764528751373291
1725954786553402906,0.054834842681884766,2.761711359024048
1725954786579436490,0.055564627051353455,2.7593142986297607
1725954786606865951,0.05636284127831459,2.7560245990753174
1725954786630294851,0.05716359242796898,2.753260612487793
1725954786654152052,0.058049220591783524,2.749518394470215
1725954786680856864,0.05913149192929268,2.746405839920044
1725954786712057189,0.06041961908340454,2.742208242416382
1725954786736554191,0.05994109809398651,2.738440990447998
1725954786761301113,0.054407380521297455,2.732882499694824
1725954786787349752,0.0446164608001709,2.7270126342773438
1725954786815307991,0.03492073342204094,2.7207581996917725
1725954786838701772,0.02874632738530636,2.7105166912078857
1725954786864759911,0.02759562060236931,2.7005534172058105
1725954786889445001,0.03103877231478691,2.691483736038208
1725954786915730572,0.037481751292943954,2.681525707244873
1725954786938201623,0.04533395171165466,2.672353982925415
1725954786965954835,0.05307367816567421,2.6619815826416016
1725954786989820606,0.05943263694643974,2.652282238006592
1725954787018216628,0.06374252587556839,2.6414055824279785
1725954787039788188,0.06588663160800934,2.631244659423828
1725954787065961184,0.06592275202274323,2.619905710220337
1725954787091261385,0.0639798641204834,2.6092424392700195
1725954787122445417,0.060899768024683,2.59731125831604
1725954787144134007,0.05787158012390137,2.586231231689453
1725954787168866075,0.05571521073579788,2.5738284587860107
1725954787196877445,0.05487731471657753,2.5624146461486816
1725954787224421678,0.05602036416530609,2.5484542846679688
1725954787249121448,0.05961008369922638,2.537590980529785
1725954787272874008,0.06446074694395065,2.524653673171997
1725954787298870442,0.06871416419744492,2.5130419731140137
1725954787326475587,0.07098133862018585,2.4982850551605225
1725954787349216001,0.07034574449062347,2.488332748413086
1725954787371667905,0.06680334359407425,2.4739763736724854
1725954787398703161,0.060841355472803116,2.45898699760437
1725954787423035700,0.053256500512361526,2.4431214332580566
1725954787445990768,0.04466632381081581,2.417909622192383
1725954787471968763,0.03481848165392876,2.3920068740844727
1725954787498740986,0.02363022416830063,2.3650410175323486
1725954787525476477,0.012064513750374317,2.3409087657928467
1725954787550018538,0.0009875493124127388,2.310884714126587
1725954787575941836,-0.009976368397474289,2.2835750579833984
1725954787603178051,-0.020764950662851334,2.258929967880249
1725954787630501539,-0.030493460595607758,2.2311534881591797
1725954787653801261,-0.038889214396476746,2.207508087158203
1725954787678530017,-0.04606349766254425,2.1815590858459473
1725954787704739924,-0.05232483521103859,2.156689167022705
1725954787737531846,-0.058163098990917206,2.1274571418762207
1725954787758741398,-0.06382517516613007,2.103529453277588
1725954787781239932,-0.06964624673128128,2.076789140701294
1725954787806875598,-0.07676300406455994,2.0513787269592285
1725954787835869506,-0.08636549115180969,2.0208663940429688
1725954787858472738,-0.09860792756080627,1.997560739517212
1725954787882743771,-0.11295673251152039,1.9697377681732178
1725954787912934559,-0.12860840559005737,1.9435023069381714
1725954787937945713,-0.1440054029226303,1.9121520519256592
1725954787962558306,-0.15739062428474426,1.888221263885498
1725954787986900864,-0.16867752373218536,1.8599151372909546
1725954788014017455,-0.17932866513729095,1.8332422971725464
1725954788038938212,-0.19095633924007416,1.8019050359725952
1725954788063094817,-0.20472897589206696,1.7767149209976196
1725954788088893404,-0.22076405584812164,1.7483652830123901
1725954788113792751,-0.2378597855567932,1.7213690280914307
1725954788139097754,-0.25408610701560974,1.6924489736557007
1725954788163452495,-0.2683328688144684,1.665151834487915
1725954788190714032,-0.2809511423110962,1.636345386505127
1725954788214865624,-0.29250097274780273,1.608705759048462
1725954788252061840,-0.3034769594669342,1.579838514328003
1725954788274981829,-0.3147404193878174,1.5522541999816895
1725954788298939151,-0.32682234048843384,1.522815465927124
1725954788327657633,-0.3398546576499939,1.4949159622192383
1725954788353248879,-0.35365498065948486,1.4629473686218262
1725954788376099107,-0.36691415309906006,1.4374885559082031
1725954788400646836,-0.3780565559864044,1.4083731174468994
1725954788430866925,-0.3871137797832489,1.3801661729812622
1725954788453073320,-0.3954698145389557,1.3479821681976318
1725954788476413787,-0.4041009545326233,1.3211798667907715
1725954788501996052,-0.41309645771980286,1.2922159433364868
1725954788528014591,-0.4218357801437378,1.262535810470581
1725954788559480234,-0.4291442930698395,1.2288838624954224
1725954788585042333,-0.43474557995796204,1.2008371353149414
1725954788609729547,-0.44027599692344666,1.171822190284729
1725954788633592394,-0.447757363319397,1.142425775527954
1725954788662057958,-0.4571858048439026,1.1086320877075195
1725954788683215147,-0.466820627450943,1.080130934715271
1725954788706378089,-0.4750119149684906,1.0497668981552124
1725954788730986753,-0.480314165353775,1.0183364152908325
1725954788760647301,-0.480940043926239,0.9833659529685974
1725954788784446112,-0.47533512115478516,0.9543026685714722
1725954788807974435,-0.4636061489582062,0.9225064516067505
1725954788833738592,-0.4486437737941742,0.890428364276886
1725954788862375782,-0.4348013401031494,0.8547110557556152
1725954788886480620,-0.425049751996994,0.8261170983314514
1725954788910867405,-0.4207146465778351,0.7950856685638428
1725954788936107565,-0.42165878415107727,0.7637151479721069
1725954788961412111,-0.42580747604370117,0.7312830090522766
1725954788983971570,-0.43033576011657715,0.6991350650787354
1725954789012277673,-0.4326658546924591,0.6636295914649963
1725954789039144040,-0.4311716556549072,0.6300553679466248
1725954789067135626,-0.42536816000938416,0.5913089513778687
1725954789092810285,-0.41582512855529785,0.5545297265052795
1725954789116339391,-0.4039417505264282,0.515993058681488
1725954789144646077,-0.3910691738128662,0.26599305868148804
1725954789171345063,-0.37808141112327576,0.015993058681488037
1725954789192160369,-0.36521682143211365,0.0
1725954789214325203,-0.3528628945350647,0.0
1725954789241350238,-0.3413805663585663,0.0
1725954789269808456,-0.33230093121528625,0.0
1725954789289807914,-0.32692453265190125,0.0
1725954789314963673,-0.3232479691505432,0.0
1725954789340078106,-0.31998497247695923,0.0
1725954789367663336,-0.31764501333236694,0.0
1725954789390002172,-0.31624922156333923,0.0
1725954789414152007,-0.3155938386917114,0.0
1725954789438232218,-0.3154199719429016,0.0
1725954789467004171,-0.31550225615501404,0.0
1725954789491125170,-0.3156813681125641,0.0
1725954789514947774,-0.31586360931396484,0.0
1725954789540801226,-0.3160061538219452,0.0
1725954789569295912,-0.3160986006259918,0.0
1725954789592756696,-0.3161476254463196,0.0
1725954789621190640,-0.3161660134792328,0.0
1725954789646325305,-0.3161664605140686,0.0
1725954789671761362,-0.3161587119102478,0.0
1725954789694517068,-0.3161490261554718,0.0
1725954789719635256,-0.31614065170288086,0.0
1725954789745851281,-0.3161347508430481,0.0
1725954789773919988,-0.3161313235759735,0.0
1725954789795622083,-0.31612974405288696,0.0
1725954789821843216,-0.3161293864250183,0.0
1725954789851679463,-0.26612937450408936,0.0
1725954789877236861,-0.2161293774843216,0.0
1725954789899007874,0.0,0.0
1725954789922268850,0.0,0.0
1725954789950241762,0.0,0.0
1725954789980245666,0.0,0.0
1725954790004745283,0.0,0.0
1725954790028956787,0.0,0.0
1725954790058351724,0.0,0.0
1725954790082529034,0.0,0.0
1725954790105665032,0.0,0.0
1725954790131416388,0.0,0.0
1725954790158092939,0.0,0.0
1725954790184879017,0.0,0.0
1725954790207767744,0.0,0.0
1725954790233685304,0.0,0.0
1725954790260519923,0.0,0.0
1725954790297914053,0.0,0.0
1725954790335300954,0.0,0.0
1725954790356805375,0.0,0.0
1725954790391821052,0.0,0.0
1725954790412557419,0.0,0.0
1725954790435735004,0.0,0.0
1725954790467787051,0.0,0.0
1725954790489814862,0.0,0.0
1725954790511006422,0.0,0.0
1725954790539595433,0.0,0.0
1725954790560210677,0.0,0.0
1725954790594160946,0.0,0.0
1725954790613916092,0.0,0.0
1725954790635449644,0.0,0.0
1725954790664607997,0.0,0.0
1725954790692594920,0.0,0.0
1725954790721391257,0.0,0.0
1725954790744706100,0.0,0.0
1725954790776203247,0.0,0.0
1725954790803159070,0.0,0.0
1725954790824696112,0.0,0.0
1725954790848688343,0.0,0.0
1725954790876747263,0.0,0.0
1725954790904831575,0.0,0.0
1725954790926647846,0.0,0.0
1725954790947083694,0.0,0.0
1725954790975999367,0.0,0.0
1725954791006395806,0.0,0.0
1725954791025264593,0.0,0.0
1725954791050497334,0.0,0.0
1725954791076090076,0.0,0.0
1725954791100664972,0.0,0.0
1725954791124476654,0.0,0.0
1725954791146491532,0.0,0.0
1725954791172039300,0.0,0.0
1725954791204245875,0.0,0.0
1725954791229247194,0.0,0.0
1725954791252185720,0.0,0.0
1725954791282180685,0.0,0.0
1725954791310484369,0.0,0.0
1725954791329842503,0.0,0.0
1725954791355146705,0.0,0.0
1725954791385023337,0.0,0.0
1725954791406357113,0.0,0.0
1725954791436121759,0.0,0.0
1725954791458181984,0.0,0.0
1725954791484552140,0.0,0.0
1725954791513913836,0.0,0.0
1725954791534986396,0.0,0.0
1725954791561116274,0.0,0.0
1725954791587130702,0.0,0.0
1725954791616402945,0.0,0.0
1725954791640844618,0.0,0.0
1725954791664983250,0.0,0.0
1725954791689536803,0.0,0.0
1725954791715893022,0.0,0.0
1725954791737659414,0.0,0.0
1725954791762783483,0.0,0.0
1725954791789986453,0.0,0.0
1725954791821359005,0.0,0.0
1725954791838774666,0.0,0.0
1725954791865503823,0.0,0.0
1725954791896250209,0.0,0.0
1725954791923549303,0.0,0.0
1725954791945221437,0.0,0.0
1725954791966391312,0.0,0.0
1725954791992302569,0.0,0.0
1725954792021881006,0.0,0.0
1725954792043970531,0.0,0.0
1725954792068062684,0.0,0.0
1725954792090217807,0.0,0.0
1725954792120118665,0.0,0.0
1725954792143794866,0.0,0.0
1725954792167518934,0.0,0.0
1725954792190899571,0.0,0.0
1725954792217960669,0.0,0.0
1725954792238913901,0.0,0.0
1725954792263624602,0.0,0.0
1725954792295030483,0.0,0.0
1725954792319450956,0.0,0.0
1725954792345768505,0.0,0.0
1725954792368723487,0.0,0.0
1725954792398486634,0.0,0.0
1725954792425097432,0.0,0.0
1725954792445243400,0.0,0.0
1725954792470434220,0.0,0.0
1725954792501344465,0.0,0.0
1725954792523692749,0.0,0.0
1725954792547096794,0.0,0.0
1725954792570334796,0.0,0.0
1725954792593891795,0.0,0.0
1725954792618470674,0.0,0.0
1725954792647660672,0.0,0.0
1725954792668783742,0.0,0.0
1725954792694415831,0.0,0.0
1725954792727816500,0.0,0.0
1725954792750509329,0.0,0.0
1725954792773230511,0.0,0.0
1725954792800041062,0.0,0.0
1725954792830930757,0.0,0.0
1725954792852520425,0.0,0.0
1725954792875549783,0.0,0.0
1725954792905170099,0.0,0.0
1725954792932401823,0.0,0.0
1725954792954289709,0.0,0.0
1725954792977267679,0.0,0.0
1725954793001377525,0.0,0.0
1725954793031192590,0.0,0.0
1725954793051293085,0.0,0.0
1725954793076250473,0.0,0.0
1725954793100441051,0.0,0.0
1725954793126788452,0.0,0.0
1725954793153616363,0.0,0.0
1725954793174247024,0.0,0.0
1725954793202862816,0.0,0.0
1725954793226914979,0.0,0.0
1725954793256336242,0.0,0.0
1725954793277913812,0.0,0.0
1725954793311004135,0.0,0.0
1725954793345637349,0.0,0.0
1725954793363451238,0.0,0.0
1725954793388371589,0.0,0.0
1725954793415631553,0.0,0.0
1725954793442567610,0.0,0.0
1725954793465784434,0.0,0.0
1725954793489066679,0.0,0.0
1725954793522567810,0.0,0.0
1725954793545645720,0.0,0.0
1725954793569831314,0.0,0.0
1725954793591005923,0.0,0.0
1725954793620632721,0.0,0.0
1725954793646142168,0.0,0.0
1725954793668564375,0.0,0.0
1725954793694009156,0.0,0.0
1725954793721242282,0.0,0.0
1725954793750506562,0.0,0.0
1725954793774751047,0.0,0.0
1725954793800302259,0.0,0.0
1725954793827528673,0.0,0.0
1725954793865144417,0.0,0.0
1725954793893447874,0.0,0.0
1725954793915329158,0.0,0.0
1725954793949110415,0.0,0.0
1725954793967357689,0.0,0.0
1725954793992162610,0.0,0.0
1725954794021192549,0.0,0.0
1725954794051385565,0.0,0.0
1725954794071452172,0.0,0.0
1725954794099716706,0.0,0.0
1725954794126073804,0.0,0.0
1725954794150020884,0.0,0.0
1725954794175024289,0.0,0.0
1725954794198096244,0.0,0.0
1725954794225612241,0.0,0.0
1725954794248282623,0.0,0.0
1725954794269882613,0.0,0.0
1725954794293546939,0.0,0.0
1725954794329783608,0.0,0.0
1725954794350721383,0.0,0.0
1725954794381380739,0.0,0.0
1725954794399576726,0.0,0.0
1725954794428529281,0.0,0.0
1725954794459591382,0.0,0.0
1725954794482914426,0.0,0.0
1725954794508486338,0.0,0.0
1725954794537678240,0.0,0.0
1725954794564430503,0.0,0.0
1725954794585734320,0.0,0.0
1725954794608239531,0.0,0.0
1725954794637769554,0.0,0.0
1725954794659247708,0.0,0.0
1725954794685849306,0.0,0.0
1725954794708764070,0.0,0.0
1725954794734759457,0.0,0.0
1725954794757831847,0.0,0.0
1725954794785858735,0.0,0.0
1725954794806374289,0.0,0.0
1725954794837740778,0.0,0.0
1725954794860926861,0.0,0.0
1725954794886102148,0.0,0.0
1725954794913075547,0.0,0.0
1725954794943548803,0.0,0.0
1725954794969403835,0.0,0.0
1725954794993788902,0.0,0.0
1725954795024255256,0.0,0.0
1725954795047792996,0.0,0.0
1725954795074282694,0.0,0.0
1725954795095216674,0.0,0.0
1725954795122459010,0.0,0.0
1725954795148872918,0.0,0.0
1725954795171415840,0.0,0.0
1725954795192587008,0.0,0.0
1725954795222346980,0.0,0.0
1725954795245042487,0.0,0.0
1725954795270346401,0.0,0.0
1725954795294457063,0.0,0.0
1725954795325477319,0.0,0.0
1725954795360616875,0.0,0.0
1725954795379146095,0.0,0.0
1725954795410849849,0.0,0.0
1725954795437994574,0.0,0.0
1725954795462484888,0.0,0.0
1725954795490842680,0.0,0.0
1725954795513204784,0.0,0.0
1725954795545890210,0.0,0.0
1725954795569201996,0.0,0.0
1725954795594102018,0.0,0.0
1725954795616255500,0.0,0.0
1725954795642983924,0.0,0.0
1725954795673698354,0.0,0.0
1725954795692918777,0.0,0.0
1725954795724102170,0.0,0.0
1725954795756624995,0.0,0.0
1725954795785656799,0.0,0.0
1725954795808544677,0.0,0.0
1725954795830250788,0.0,0.0
1725954795860962151,0.0,0.0
1725954795887412968,0.0,0.0
1725954795908047267,0.0,0.0
1725954795940897400,0.0,0.0
1725954795966235547,0.0,0.0
1725954795994714202,0.0,0.0
1725954796016591495,0.0,0.0
1725954796039101691,0.0,0.0
1725954796065842396,0.0,0.0
1725954796096171651,0.0,0.0
1725954796115192854,0.0,0.0
1725954796139057149,0.0,0.0
1725954796166989365,0.0,0.0
1725954796194941099,0.0,0.0
1725954796218440829,0.0,0.0
1725954796242419341,0.0,0.0
1725954796270274605,0.0,0.0
1725954796297958745,0.0,0.0
1725954796321998140,0.0,0.0
1725954796342609218,0.0,0.0
1725954796369803271,0.0,0.0
1725954796392984782,0.0,0.0
1725954796416873720,0.0,0.0
1725954796442234234,0.0,0.0
1725954796469494075,0.0,0.0
1725954796499850497,0.0,0.0
1725954796521424696,0.0,0.0
1725954796546864517,0.0,0.0
1725954796591493906,0.0,0.0
1725954796683646065,0.0,0.0
1725954796725495584,0.0,0.0
1725954796752741038,0.0,0.0
1725954796773880627,0.0,0.0
1725954796800329678,0.0,0.0
1725954796826853942,0.0,0.0
1725954796846691059,0.0,0.0
1725954796868324576,0.0,0.0
1725954796898212336,0.0,0.0
1725954796927297010,0.0,0.0
1725954796949676555,0.0,0.0
1725954796970763610,0.0,0.0
1725954796998792731,0.0,0.0
1725954797028683106,0.0,0.0
1725954797050310589,0.0,0.0
1725954797074754894,0.0,0.0
1725954797103854457,0.0,0.0
1725954797129083615,0.0,0.0
1725954797152895445,0.0,0.0
1725954797173986848,0.0,0.0
1725954797208465013,0.0,0.0
1725954797228939301,0.0,0.0
1725954797252397260,0.0,0.0
1725954797285122932,0.0,0.0
1725954797313263125,0.0,0.0
1725954797339100769,0.0,0.0
1725954797356103950,0.0,0.0
1725954797385531200,0.0,0.0
1725954797406969479,0.0,0.0
1725954797436602129,0.0,0.0
1725954797456526507,0.0,0.0
1725954797480258451,0.0,0.0
1725954797511683746,0.0,0.0
1725954797539566746,0.0,0.0
1725954797561682123,0.0,0.0
1725954797585271071,0.0,0.0
1725954797613307054,0.0,0.0
1725954797640364471,0.0,0.0
1725954797665118318,0.0,0.0
1725954797685696698,0.0,0.0
1725954797715050746,0.0,0.0
1725954797738756718,0.0,0.0
1725954797765485393,0.0,0.0
1725954797794675593,0.0,0.0
1725954797825287665,0.0,0.0
1725954797855117136,0.0,0.0
1725954797873503577,0.0,0.0
1725954797895018969,0.0,0.0
1725954797925462700,0.0,0.0
1725954797957267570,0.0,0.0
1725954797976410828,0.0,0.0
1725954797999749330,0.0,0.0
1725954798032026342,0.0,0.0
1725954798061926516,0.0,0.0
1725954798081455951,0.0,0.0
1725954798104220862,0.0,0.0
1725954798135727967,0.0,0.0
1725954798156979767,0.0,0.0
1725954798181852685,0.0,0.0
1725954798203205057,0.0,0.0
1725954798227804228,0.0,0.0
1725954798256688457,0.0,0.0
1725954798281323118,0.0,0.0
1725954798306251733,0.0,0.0
1725954798333290259,0.0,0.0
1725954798358570857,0.0,0.0
1725954798380387950,0.0,0.0
1725954798410978907,0.0,0.0
1725954798445116129,0.0,0.0
1725954798467913259,0.0,0.0
1725954798487481290,0.0,0.0
1725954798509829247,0.0,0.0
1725954798538045730,0.0,0.0
1725954798562181742,0.0,0.0
1725954798587202351,0.0,0.0
1725954798608096513,0.0,0.0
1725954798638740967,0.0,0.0
1725954798667547115,0.0,0.0
1725954798690765893,0.0,0.0
1725954798715180980,0.0,0.0
1725954798738999947,0.0,0.0
1725954798764568218,0.0,0.0
1725954798793079127,0.0,0.0
1725954798816009527,0.0,0.0
1725954798842224680,0.0,0.0
1725954798869870695,0.0,0.0
1725954798891721994,0.0,0.0
1725954798916594708,0.0,0.0
1725954798946557131,0.0,0.0
1725954798972677334,0.0,0.0
1725954798995912212,0.0,0.0
1725954799017693744,0.0,0.0
1725954799046308377,0.0,0.0
1725954799081816786,0.0,0.0
1725954799106937580,0.0,0.0
1725954799134443678,0.0,0.0
1725954799159836308,0.0,0.0
1725954799183910057,0.0,0.0
1725954799204442212,0.0,0.0
1725954799230670010,0.0,0.0
1725954799260906462,0.0,0.0
1725954799288660738,0.0,0.0
1725954799308760673,0.0,0.0
1725954799335199441,0.0,0.0
1725954799355899822,0.0,0.0
1725954799390929105,0.0,0.0
1725954799406548564,0.0,0.0
1725954799435257101,0.0,0.0
1725954799462169938,0.0,0.0
1725954799493862013,0.0,0.0
1725954799514049789,0.0,0.0
1725954799542858554,0.0,0.0
1725954799573561992,0.0,0.0
1725954799603340151,0.0,0.0
1725954799629922253,0.0,0.0
1725954799655510243,0.0,0.0
1725954799686160542,0.0,0.0
1725954799709782038,0.0,0.0
1725954799734550899,0.0,0.0
1725954799758517997,0.0,0.0
1725954799785104342,0.0,0.0
1725954799810156814,0.0,0.0
1725954799833682688,0.0,0.0
1725954799854219462,0.0,0.0
1725954799877166519,0.0,0.0
1725954799902975510,0.0,0.0
1725954799926758305,0.0,0.0
1725954799951469917,0.0,0.0
1725954799976470740,0.0,0.0
1725954800005179798,0.0,0.0
1725954800026971364,0.0,0.0
1725954800047557166,0.0,0.0
1725954800078878798,0.0,0.0
1725954800115415247,0.0,0.0
1725954800136084822,0.0,0.0
1725954800158728166,0.0,0.0
1725954800191366853,0.0,0.0
1725954800218997506,0.0,0.0
1725954800245352944,0.0,0.0
1725954800270239427,0.0,0.0
1725954800291914193,0.0,0.0
1725954800319719902,0.0,0.0
1725954800338607043,0.0,0.0
1725954800361429351,0.0,0.0
1725954800394231089,0.0,0.0
1725954800421095217,0.0,0.0
1725954800446436492,0.0,0.0
1725954800468848067,0.0,0.0
1725954800499017140,0.0,0.0
1725954800523141914,0.0,0.0
1725954800547735604,0.0,0.0
1725954800569407847,0.0,0.0
1725954800596552018,0.0,0.0
1725954800630553556,0.0,0.0
1725954800648406835,0.0,0.0
1725954800676302858,0.0,0.0
1725954800701949281,0.0,0.0
1725954800730023926,0.0,0.0
1725954800751310442,0.0,0.0
1725954800779565636,0.0,0.0
1725954800808712730,0.0,0.0
1725954800840596394,0.0,0.0
1725954800864279721,0.0,0.0
1725954800886647356,0.0,0.0
1725954800915403611,0.0,0.0
1725954800935171026,0.0,0.0
1725954800961402009,0.0,0.0
1725954800986953302,0.0,0.0
1725954801013053337,0.0,0.0
1725954801036598108,0.0,0.0
1725954801056079381,0.0,0.0
1725954801086315832,0.0,0.0
1725954801110427471,0.0,0.0
1725954801144376055,0.0,0.0
1725954801162700079,0.0,0.0
1725954801188452646,0.0,0.0
1725954801219723773,0.0,0.0
1725954801250739701,0.0,0.0
1725954801268318838,0.0,0.0
1725954801295931098,0.0,0.0
1725954801313908817,0.0,0.0
1725954801345273347,0.0,0.0
1725954801364000515,0.0,0.0
1725954801388688716,0.0,0.0
1725954801421635650,0.0,0.0
1725954801445596869,0.0,0.0
1725954801473685395,0.0,0.0
1725954801496283931,0.0,0.0
1725954801525141350,0.0,0.0
1725954801547433498,0.0,0.0
1725954801573644261,0.0,0.0
1725954801599594295,0.0,0.0
1725954801625633825,0.0,0.0
1725954801658296483,0.0,0.0
1725954801680381795,0.0,0.0
1725954801701312341,0.0,0.0
1725954801731591178,0.0,0.0
1725954801755173431,0.0,0.0
1725954801778110480,0.0,0.0
1725954801800937781,0.0,0.0
1725954801834213348,0.0,0.0
1725954801862357586,0.0,0.0
1725954801883348561,0.0,0.0
1725954801905930692,0.0,0.0
1725954801929420694,0.0,0.0
1725954801958185575,0.0,0.0
1725954801980985709,0.0,0.0
1725954802002581476,0.0,0.0
1725954802028034498,0.0,0.0
1725954802053738870,0.0,0.0
1725954802085284095,0.0,0.0
1725954802110975358,0.0,0.0
1725954802140018073,0.0,0.0
1725954802170462213,0.0,0.0
1725954802192814234,0.0,0.0
1725954802216580603,0.0,0.0
1725954802249080416,0.0,0.0
1725954802278512012,0.0,0.0
1725954802296270817,0.0,0.0
1725954802317771673,0.0,0.0
1725954802346494199,0.0,0.0
1725954802372727801,0.0,0.0
1725954802395356868,0.0,0.0
1725954802424874576,0.0,0.0
1725954802452828519,0.0,0.0
1725954802479253861,0.0,0.0
1725954802504660211,0.0,0.0
1725954802525572478,0.0,0.0
1725954802554253216,0.0,0.0
1725954802581170317,0.0,0.0
1725954802602961071,0.0,0.0
1725954802628096107,0.0,0.0
1725954802657498677,0.0,0.0
1725954802691274469,0.0,0.0
1725954802717217394,0.0,0.0
1725954802745035936,0.0,0.0
1725954802772925527,0.0,0.0
1725954802796648728,0.0,0.0
1725954802822467318,0.0,0.0
1725954802854567885,0.0,0.0
1725954802877591267,0.0,0.0
1725954802904153022,0.0,0.0
1725954802929097818,0.0,0.0
1725954802957470735,0.0,0.0
1725954802989879563,0.0,0.0
1725954803022032819,0.0,0.0
1725954803048461884,0.0,0.0
1725954803072229946,-0.05000000074505806,0.25
1725954803098927745,-0.10000000149011612,0.2502189576625824
1725954803125300244,-0.15000000596046448,0.2502294182777405
1725954803150469693,-0.20000000298023224,0.2502307593822479
1725954803178488389,-0.25,0.25023818016052246
1725954803204630928,-0.30000001192092896,0.2502366006374359
1725954803228292830,-0.31613120436668396,0.2516077756881714
1725954803250888247,-0.316942036151886,0.2812395393848419
1725954803282780911,-0.31967487931251526,0.29006427526474
1725954803309064788,-0.32488587498664856,0.3951863646507263
1725954803335695559,-0.33323442935943604,0.4762243628501892
1725954803357856214,-0.34402984380722046,0.5454140305519104
1725954803386000973,-0.35478657484054565,0.5944343209266663
1725954803418615077,-0.3631663918495178,0.6555125117301941
1725954803443142287,-0.36800557374954224,0.6996684670448303
1725954803465993788,-0.36953598260879517,0.7387447953224182
1725954803496071862,-0.36840376257896423,0.7772846221923828
1725954803525075089,-0.3649578094482422,0.8078219890594482
1725954803553707515,-0.359907865524292,0.8404715061187744
1725954803581124641,-0.3532683551311493,0.8633579015731812
1725954803611834931,-0.34467580914497375,0.8838991522789001
1725954803639717393,-0.33533063530921936,0.8994425535202026
1725954803662344634,-0.3267248272895813,0.9217917323112488
1725954803685974750,-0.3199017345905304,0.9402081370353699
1725954803716400098,-0.3154807984828949,0.9622735977172852
1725954803746651788,-0.31302767992019653,0.9915794134140015
1725954803772837856,-0.3115440607070923,1.0327939987182617
1725954803798448389,-0.3101953864097595,1.0819181203842163
1725954803825623574,-0.3086652159690857,1.1129955053329468
1725954803849440423,-0.3064933717250824,1.187240719795227
1725954803877724868,-0.3027588427066803,1.2351280450820923
1725954803904648042,-0.2973213493824005,1.2760807275772095
1725954803931809175,-0.29099833965301514,1.31172513961792
1725954803962987967,-0.28452032804489136,1.345276951789856
1725954803983136718,-0.2780323028564453,1.3760919570922852
1725954804006297714,-0.2713026702404022,1.40634286403656
1725954804042226966,-0.2644060552120209,1.4353244304656982
1725954804073459092,-0.2579965889453888,1.4594651460647583
1725954804100183478,-0.25272437930107117,1.4845391511917114
1725954804123180866,-0.2489887773990631,1.5089175701141357
1725954804158506011,-0.2469278872013092,1.533567190170288
1725954804177220064,-0.24632549285888672,1.552677035331726
1725954804202307159,-0.24672365188598633,1.5710549354553223
1725954804231422495,-0.24739636480808258,1.5896562337875366
1725954804252928089,-0.24748994410037994,1.6114962100982666
1725954804276659395,-0.245975062251091,1.6483415365219116
1725954804303214882,-0.24163511395454407,1.6865429878234863
1725954804334043870,-0.23375234007835388,1.7265310287475586
1725954804362462459,-0.2226339876651764,1.7547181844711304
1725954804382498857,-0.20895832777023315,1.8059645891189575
1725954804407448420,-0.19359759986400604,1.843409538269043
1725954804440534019,-0.1783418357372284,1.8742408752441406
1725954804459543694,-0.1783418357372284,1.8742408752441406
1725954804484128599,-0.15697099268436432,1.9300991296768188
1725954804511092258,-0.15156681835651398,1.9791308641433716
1725954804545600389,-0.14758090674877167,1.9780954122543335
1725954804574181377,-0.14434920251369476,2.002605676651001
1725954804598061074,-0.14079685509204865,2.0223803520202637
1725954804621373454,-0.1362980753183365,2.0427284240722656
1725954804645834851,-0.13143685460090637,2.0622024536132812
1725954804675549370,-0.12702147662639618,2.083383798599243
1725954804694894559,-0.12354805320501328,2.0991218090057373
1725954804719355204,-0.1208023801445961,2.117323160171509
1725954804750704572,-0.11826056241989136,2.1309914588928223
1725954804775609981,-0.11567427217960358,2.14868426322937
1725954804799358204,-0.11293482780456543,2.166945219039917
1725954804820266804,-0.10943222045898438,2.190723180770874
1725954804853027619,-0.10422234237194061,2.2150626182556152
1725954804879855118,-0.09721308946609497,2.234609365463257
1725954804898475845,-0.08903305232524872,2.26924204826355
1725954804929183597,-0.08010276407003403,2.2966084480285645
1725954804957202716,-0.07115472108125687,2.3191535472869873
1725954804984113956,-0.06401174515485764,2.3400418758392334
1725954805004088536,-0.06029722839593887,2.358886957168579
1725954805032063928,-0.05993889644742012,2.3778700828552246
1725954805060986439,-0.06220033019781113,2.394085645675659
1725954805088121892,-0.0662987232208252,2.4121475219726562
1725954805119773206,-0.07090475410223007,2.4261035919189453
1725954805146755019,-0.07426144927740097,2.4407429695129395
1725954805172790249,-0.07509391009807587,2.454806327819824
1725954805198161197,-0.07327823340892792,2.469135046005249
1725954805222150797,-0.06985657662153244,2.4804625511169434
1725954805253543907,-0.06655766814947128,2.4926352500915527
1725954805282229851,-0.06462354212999344,2.5036070346832275
1725954805306530081,-0.06472794711589813,2.516254425048828
1725954805328139524,-0.06705223023891449,2.524930238723755
1725954805354716266,-0.07105525583028793,2.5359840393066406
1725954805382276995,-0.0764303058385849,2.55881929397583
1725954805408932852,-0.08281354606151581,2.55881929397583
1725954805432343301,-0.08914518356323242,2.5765955448150635
1725954805460812444,-0.09489190578460693,2.5931859016418457
1725954805487532671,-0.10030528903007507,2.608539581298828
1725954805514887571,-0.10537414252758026,2.6209640502929688
1725954805539288714,-0.1096939891576767,2.635132312774658
1725954805562155371,-0.1135922372341156,2.647040843963623
1725954805593184021,-0.1179686039686203,2.656566619873047
1725954805621497897,-0.12303469330072403,2.6662161350250244
1725954805657704462,-0.12824037671089172,2.6748743057250977
1725954805707270352,-0.13301503658294678,2.6827826499938965
1725954805730275525,-0.13760188221931458,2.697705030441284
1725954805757350969,-0.14228901267051697,2.704024076461792
1725954805783348357,-0.1468818634748459,2.71018123626709
1725954805810811544,-0.15142005681991577,2.715226650238037
1725954805835482598,-0.15569666028022766,2.721158027648926
1725954805862294517,-0.15924495458602905,2.7251675128936768
1725954805889349935,-0.16207872331142426,2.7293765544891357
1725954805917065989,-0.16454778611660004,2.7330398559570312
1725954805942352554,-0.16677744686603546,2.7368175983428955
1725954805971505143,-0.1688474863767624,2.7408173084259033
1725954805998177025,-0.1712157130241394,2.745043992996216
1725954806027589032,-0.17417936027050018,2.749591827392578
1725954806053027510,-0.177528977394104,2.752868413925171
1725954806076979393,-0.1807926893234253,2.7575435638427734
1725954806106956537,-0.18364332616329193,2.7605743408203125
1725954806129368088,-0.18590739369392395,2.763359546661377
1725954806155806310,-0.18747659027576447,2.7654616832733154
1725954806183674053,-0.18860667943954468,2.767380714416504
1725954806221879862,-0.18915343284606934,2.7692110538482666
1725954806246271699,-0.1889413297176361,2.7706334590911865
1725954806275084508,-0.18897154927253723,2.7718803882598877
1725954806293935773,-0.18993407487869263,2.7730484008789062
1725954806326045583,-0.19155967235565186,2.7739663124084473
1725954806351773095,-0.19365990161895752,2.7746639251708984
1725954806379002079,-0.1958613395690918,2.7752625942230225
1725954806401348238,-0.19771456718444824,2.775728464126587
1725954806435414632,-0.19898511469364166,2.7761356830596924
1725954806466430135,-0.1994454711675644,2.7763967514038086
1725954806485551608,-0.1988956481218338,2.776679515838623
1725954806510265654,-0.19720686972141266,2.7769899368286133
1725954806545860716,-0.19462080299854279,2.7772395610809326
1725954806566841527,-0.19156292080879211,2.7773756980895996
1725954806593060341,-0.18830353021621704,2.777580499649048
1725954806611337685,-0.18830353021621704,2.777580499649048
1725954806647907467,-0.18214748799800873,2.7777040004730225
1725954806673338243,-0.17974379658699036,2.7777061462402344
1725954806699786366,-0.1779921054840088,2.777747631072998
1725954806729803399,-0.177048459649086,2.777759552001953
1725954806762463555,-0.17645949125289917,2.7777695655822754
1725954806789082406,-0.1758931428194046,2.77777361869812
1725954806813055015,-0.17583923041820526,2.7777745723724365
1725954806834841161,-0.17625977098941803,2.777775764465332
1725954806868079714,-0.17644715309143066,2.7777767181396484
1725954806890885869,-0.17598208785057068,2.7777767181396484
1725954806918060019,-0.17482006549835205,2.7777771949768066
1725954806950271055,-0.1731640249490738,2.7777771949768066
1725954806976334488,-0.17133569717407227,2.7777774333953857
1725954807007402443,-0.1693643033504486,2.777777671813965
1725954807027147085,-0.1672820895910263,2.7777771949768066
1725954807053499728,-0.1651364117860794,2.7777769565582275
1725954807079657895,-0.16262023150920868,2.7777767181396484
1725954807102592940,-0.15930090844631195,2.7777774333953857
1725954807125349813,-0.15536433458328247,2.7777774333953857
1725954807151671109,-0.15116609632968903,2.7777769565582275
1725954807179281874,-0.14643089473247528,2.7777767181396484
1725954807205114992,-0.14121556282043457,2.777777671813965
1725954807234002118,-0.13638631999492645,2.7777771949768066
1725954807273288332,-0.1328033059835434,2.7777769565582275
1725954807323076417,-0.13050591945648193,2.7777767181396484
1725954807350613390,-0.12870362401008606,2.7777774333953857
1725954807375775683,-0.12655209004878998,2.777777671813965
1725954807411507738,-0.12392231076955795,2.777777671813965
1725954807432229510,-0.1212204173207283,2.777777671813965
1725954807456445941,-0.11869915574789047,2.7777774333953857
1725954807479166486,-0.11624093353748322,2.7777769565582275
1725954807513148936,-0.11371646076440811,2.7777769565582275
1725954807536600679,-0.11133015155792236,2.7777771949768066
1725954807559553937,-0.10931488871574402,2.7777774333953857
1725954807582555362,-0.10756691545248032,2.777777671813965
1725954807615068151,-0.10587962716817856,2.777777671813965
1725954807644437522,-0.10400260984897614,2.777777671813965
1725954807667593734,-0.1016952246427536,2.777777671813965
1725954807691316513,-0.09870264679193497,2.777777671813965
1725954807724680041,-0.09468422830104828,2.777777671813965
1725954807749815958,-0.08975552767515182,2.777777910232544
1725954807772402569,-0.08457969129085541,2.777777910232544
1725954807800464220,-0.07979410886764526,2.777777910232544
1725954807832909419,-0.07552855461835861,2.777777910232544
1725954807861261837,-0.07159898430109024,2.7777774333953857
1725954807886338644,-0.06793646514415741,2.7777769565582275
1725954807911142004,-0.06486110389232635,2.7777767181396484
1725954807946365526,-0.06270521879196167,2.7777769565582275
1725954807966999890,-0.06130421906709671,2.7777771949768066
1725954807990293056,-0.06029355898499489,2.7777774333953857
1725954808014145019,-0.05940471962094307,2.777777671813965
1725954808041631635,-0.05940471962094307,2.777777671813965
1725954808067540292,-0.0575016587972641,2.7777771949768066
1725954808093592004,-0.0562199167907238,2.7777774333953857
1725954808114065831,-0.05455470830202103,2.777777671813965
1725954808149132048,-0.0526321716606617,2.777777671813965
1725954808171227358,-0.0526321716606617,2.777777671813965
1725954808195525122,-0.04785310477018356,2.7777774333953857
1725954808223589119,-0.04468842223286629,2.777777671813965
1725954808253346056,-0.04104527458548546,2.7777771949768066
1725954808278915537,-0.037254877388477325,2.7777767181396484
1725954808305201038,-0.033704038709402084,2.7777771949768066
1725954808336062036,-0.030859218910336494,2.7777774333953857
1725954808368851349,-0.02885998785495758,2.777777671813965
1725954808394297547,-0.02747018076479435,2.777777671813965
1725954808421534098,-0.02740440145134926,2.777777671813965
1725954808444356635,-0.029692640528082848,2.777777910232544
1725954808474599562,-0.03331175073981285,2.777777671813965
1725954808503001489,-0.0364546962082386,2.777777910232544
1725954808529116051,-0.038178373128175735,2.777777671813965
1725954808549958138,-0.03810352832078934,2.7777774333953857
1725954808587997429,-0.03649977222084999,2.7777771949768066
1725954808614364669,-0.03399936482310295,2.7777774333953857
1725954808640151156,-0.031205326318740845,2.777777671813965
1725954808667690114,-0.028556950390338898,2.777777671813965
1725954808699960944,-0.02633584663271904,2.777777671813965
1725954808727603296,-0.024578966200351715,2.7777774333953857
1725954808748846425,-0.023042602464556694,2.7777774333953857
1725954808773425918,-0.021401716396212578,2.777777671813965
1725954808807951313,-0.01939302682876587,2.777777671813965
1725954808830728617,-0.016934050247073174,2.777777910232544
1725954808853040753,-0.014226354658603668,2.777777910232544
1725954808877602143,-0.011596888303756714,2.777777910232544
1725954808910362534,-0.009257708676159382,2.777777910232544
1725954808935861470,-0.0073667666874825954,2.777777910232544
1725954808960777445,-0.0059543801471591,2.7777771949768066
1725954808984694109,-0.0049837855622172356,2.7777769565582275
1725954809017323685,-0.0044177984818816185,2.7777771949768066
1725954809037074585,-0.004148142412304878,2.7777774333953857
1725954809064029412,-0.004086787346750498,2.777777671813965
1725954809084160345,-0.004117719829082489,2.777777671813965
1725954809119716517,-0.004098084289580584,2.7777774333953857
1725954809147999093,-0.003958456683903933,2.7777774333953857
1725954809170782900,-0.0036725113168358803,2.7777769565582275
1725954809198849079,-0.0032070386223495007,2.7777767181396484
1725954809226430553,-0.0025811693631112576,2.7777767181396484
1725954809254661994,-0.0018789535388350487,2.7777771949768066
1725954809277629275,-0.0011979127302765846,2.7777771949768066
1725954809302982469,-0.0005857701180502772,2.7777774333953857
1725954809332389207,-3.401684807613492e-05,2.7777774333953857
1725954809362930677,0.0004897394683212042,2.7777771949768066
1725954809386445637,0.0010063743684440851,2.7777774333953857
1725954809417948479,0.0016339168651029468,2.777777671813965
1725954809451733480,0.002540291752666235,2.777777671813965
1725954809475599245,0.0036436659283936024,2.777777910232544
1725954809497597672,0.004753843415528536,2.7777769565582275
1725954809523915125,0.005789579823613167,2.7777771949768066
1725954809551842689,0.0066884420812129974,2.7777774333953857
1725954809576363312,0.007379249669611454,2.777777671813965
1725954809597926111,0.007818924263119698,2.7777769565582275
1725954809622761507,0.008005565963685513,2.7777767181396484
1725954809651439269,0.0080082006752491,2.7777771949768066
1725954809676024636,0.00790619570761919,2.7777774333953857
1725954809700496073,0.007741620298475027,2.7777771949768066
1725954809724900411,0.007599479053169489,2.7777767181396484
1725954809754932576,0.007553502917289734,2.7777767181396484
1725954809787219211,0.007553999777883291,2.7777774333953857
1725954809810323982,0.007515918929129839,2.777777671813965
1725954809836149637,0.007434536702930927,2.777777671813965
1725954809865057746,0.007357036229223013,2.777777671813965
1725954809891056936,0.007282755803316832,2.777777910232544
1725954809920709685,0.0071613420732319355,2.777777910232544
1725954809939590225,0.0070039136335253716,2.777777910232544
1725954809976003433,0.006865364499390125,2.777777671813965
1725954810002791317,0.006735092494636774,2.777777671813965
1725954810026972128,0.006577513180673122,2.777777910232544
1725954810048928276,0.006431294605135918,2.777777671813965
1725954810081735715,0.0063737970776855946,2.777777671813965
1725954810108284825,0.006423715967684984,2.777777910232544
1725954810130520099,0.006533453706651926,2.777777671813965
1725954810155551689,0.006684272550046444,2.777777910232544
1725954810188709755,0.006884735077619553,2.777777671813965
1725954810215925395,0.007064972538501024,2.777777910232544
1725954810240417095,0.007139644585549831,2.777777671813965
1725954810263553398,0.00713005056604743,2.777777910232544
1725954810296013611,0.007095792796462774,2.777777671813965
1725954810318196358,0.007025375496596098,2.777777910232544
1725954810340637302,0.006872774567455053,2.777777910232544
1725954810366999154,0.00665831845253706,2.777777910232544
1725954810397212986,0.0064468360505998135,2.777777671813965
1725954810426102934,0.00624235300347209,2.777777910232544
1725954810448641694,0.006006929557770491,2.777777671813965
1725954810468610464,0.005748427473008633,2.777777910232544
1725954810511055462,0.005502880085259676,2.777777671813965
1725954810536613894,0.005266047082841396,2.777777671813965
1725954810570114053,0.005016937851905823,2.777777671813965
1725954810597473887,0.004828736651688814,2.777777671813965
1725954810629533743,0.0047734580002725124,2.777777671813965
1725954810652246254,0.00478478753939271,2.777777671813965
1725954810676531612,0.004831135738641024,2.777777671813965
1725954810709565630,0.004986502695828676,2.777777671813965
1725954810734891787,0.005249054171144962,2.777777671813965
1725954810758513960,0.00552638852968812,2.777777910232544
1725954810777823416,0.005769248586148024,2.777777910232544
1725954810816389495,0.005973510909825563,2.777777910232544
1725954810843234832,0.006091234739869833,2.777777671813965
1725954810862975011,0.0060523203574121,2.777777910232544
1725954810890552980,0.005867986939847469,2.777777910232544
1725954810922559363,0.005610478576272726,2.777777671813965
1725954810948050655,0.0053038871847093105,2.777777910232544
1725954810969945238,0.00493540707975626,2.777777910232544
1725954810992743448,0.004539379384368658,2.777777671813965
1725954811023253406,0.004168311133980751,2.777777910232544
1725954811052965350,0.0038182560820132494,2.777777671813965
1725954811078714572,0.0034804418683052063,2.777777671813965
1725954811106077701,0.003225842723622918,2.777777671813965
1725954811136618117,0.0031230102758854628,2.777777671813965
1725954811166551120,0.0031386548653244972,2.777777671813965
1725954811193912078,0.0031967894174158573,2.777777671813965
1725954811217164552,0.0033050021156668663,2.777777910232544
1725954811242697278,0.003521203761920333,2.777777910232544
1725954811274718429,0.003794723888859153,2.777777671813965
1725954811297565331,0.004008329939097166,2.777777910232544
1725954811322313400,0.004128437489271164,2.777777910232544
1725954811354779632,0.0041766040958464146,2.777777910232544
1725954811381003375,0.004137244075536728,2.777777671813965
1725954811404204912,0.003985253162682056,2.777777910232544
1725954811433627190,0.0037564116064459085,2.777777671813965
1725954811454003993,0.0035158470273017883,2.777777910232544
1725954811488175190,0.003264707513153553,2.777777671813965
1725954811509625097,0.0029734077397733927,2.777777910232544
1725954811533531516,0.0026816173922270536,2.777777671813965
1725954811561436903,0.0024439941626042128,2.777777910232544
1725954811593471977,0.0022358924616128206,2.777777671813965
1725954811618734184,0.002018067752942443,2.777777910232544
1725954811643034162,0.001817392883822322,2.777777910232544
1725954811671949389,0.001698815729469061,2.777777671813965
1725954811702152758,0.0016844460042193532,2.777777671813965
1725954811721655532,0.0017231854144483805,2.777777671813965
1725954811745430401,0.0017948700115084648,2.777777671813965
1725954811778247616,0.0019148529972881079,2.777777910232544
1725954811806836096,0.002064214553683996,2.777777671813965
1725954811827194578,0.0022183270193636417,2.777777671813965
1725954811856457301,0.0023570917546749115,2.777777910232544
1725954811878880269,0.0024654685985296965,2.777777910232544
1725954811910247208,0.002534562489017844,2.777777671813965
1725954811932136233,0.002551436424255371,2.777777910232544
1725954811955590804,0.0025109234265983105,2.777777910232544
1725954811985834132,0.0024283137172460556,2.777777910232544
1725954812013513145,0.0022937944158911705,2.777777671813965
1725954812037802611,0.002078023971989751,2.777777910232544
1725954812062371422,0.0018025273457169533,2.777777671813965
1725954812096252448,0.0015168513637036085,2.777777671813965
1725954812123113742,0.0012277885107323527,2.777777671813965
1725954812142122266,0.0009085892816074193,2.777777910232544
1725954812165494383,0.0005775386234745383,2.777777910232544
1725954812197609859,0.00029990237089805305,2.777777910232544
1725954812231758090,7.03499827068299e-05,2.777777910232544
1725954812257374806,-0.0001927176199387759,2.777777671813965
1725954812280145595,-0.00047613491187803447,2.777777671813965
1725954812313166106,-0.0006871980149298906,2.777777671813965
1725954812339601807,-0.0008401806699112058,2.777777671813965
1725954812363387957,-0.0010142206447198987,2.777777910232544
1725954812386706023,-0.0012086331844329834,2.777777671813965
1725954812413050897,-0.0013909689150750637,2.777777910232544
1725954812445337344,-0.0016100176144391298,2.777777671813965
1725954812466174002,-0.0019521537469699979,2.777777910232544
1725954812492029070,-0.0024208163376897573,2.777777910232544
1725954812518602086,-0.00296200648881495,2.777777910232544
1725954812547094617,-0.0035684427712112665,2.777777671813965
1725954812572320684,-0.004262149333953857,2.777777910232544
1725954812592253695,-0.004999455995857716,2.777777671813965
1725954812625364993,-0.005704984534531832,2.777777910232544
1725954812649679069,-0.006411293521523476,2.777777671813965
1725954812670327108,-0.007210284937173128,2.777777910232544
1725954812697359807,-0.008089905604720116,2.777777671813965
1725954812736758912,-0.008980422280728817,2.777777910232544
1725954812760314491,-0.009889154694974422,2.777777910232544
1725954812785699671,-0.010881442576646805,2.777777910232544
1725954812813702005,-0.01196359097957611,2.777777671813965
1725954812839560777,-0.013076426461338997,2.777777671813965
1725954812868748327,-0.014242229051887989,2.777777671813965
1725954812889569294,-0.015520080924034119,2.777777671813965
1725954812916180972,-0.016870206221938133,2.777777671813965
1725954812953111516,-0.018308354541659355,2.777777671813965
1725954812976979223,-0.0199473537504673,2.777777671813965
1725954812999552668,-0.021877221763134003,2.777777910232544
1725954813023103172,-0.02410992607474327,2.777777671813965
1725954813053094685,-0.026524974033236504,2.777777910232544
1725954813079922198,-0.02903767302632332,2.777777671813965
1725954813101140160,-0.03160858526825905,2.777777910232544
1725954813135158338,-0.03406861796975136,2.777777910232544
1725954813155097746,-0.03632480651140213,2.777777910232544
1725954813186722775,-0.03858920931816101,2.777777671813965
1725954813212671025,-0.04110482335090637,2.777777671813965
1725954813235065853,-0.04376528784632683,2.777777910232544
1725954813297219230,-0.046336252242326736,2.777777910232544
1725954813324825490,-0.04898102954030037,2.777777910232544
1725954813349328222,-0.05211281776428223,2.777777671813965
1725954813377960295,-0.055688370019197464,2.777777910232544
1725954813408408352,-0.05940401926636696,2.777777671813965
1725954813428884658,-0.06309672445058823,2.777777671813965
1725954813456661928,-0.06657642871141434,2.777777671813965
1725954813487135063,-0.06978344917297363,2.777777671813965
1725954813515743570,-0.07297263294458389,2.777777671813965
1725954813541313302,-0.07657156139612198,2.777777671813965
1725954813570043035,-0.08091972768306732,2.777777910232544
1725954813594069034,-0.08637308329343796,2.777777671813965
1725954813626538466,-0.09322132170200348,2.777777910232544
1725954813649672937,-0.10105769336223602,2.777777671813965
1725954813677580409,-0.10874119400978088,2.777777910232544
1725954813706073540,-0.11543390899896622,2.777777671813965
1725954813731795739,-0.12120454013347626,2.777777910232544
1725954813752748968,-0.12599386274814606,2.777777910232544
1725954813779245403,-0.12972453236579895,2.777777671813965
1725954813812577796,-0.13298799097537994,2.777777910232544
1725954813840285265,-0.13631954789161682,2.777777671813965
1725954813865511079,-0.13981467485427856,2.777777910232544
1725954813893244431,-0.14342015981674194,2.777777671813965
1725954813921413734,-0.1472322940826416,2.777777910232544
1725954813950358601,-0.1511547565460205,2.777777671813965
1725954813974663852,-0.1550593376159668,2.777777910232544
1725954814000083233,-0.15893787145614624,2.777777910232544
1725954814031812875,-0.16268806159496307,2.777777671813965
1725954814057272816,-0.16635067760944366,2.777777671813965
1725954814085255844,-0.16992653906345367,2.777777671813965
1725954814115033548,-0.17334149777889252,2.777777671813965
1725954814145973275,-0.17653249204158783,2.777777671813965
1725954814173759997,-0.17987129092216492,2.777777671813965
1725954814196696498,-0.18421925604343414,2.777777671813965
1725954814225289398,-0.18953707814216614,2.777777910232544
1725954814253055580,-0.1948845237493515,2.777777910232544
1725954814277750809,-0.20007579028606415,2.777777671813965
1725954814298363835,-0.20541603863239288,2.777777910232544
1725954814321421639,-0.2107091099023819,2.777777671813965
1725954814368178780,-0.2157035917043686,2.777777910232544
1725954814397664990,-0.219906747341156,2.777777910232544
1725954814423195119,-0.22330854833126068,2.777777671813965
1725954814452335573,-0.2266731858253479,2.777777910232544
1725954814479680048,-0.22972427308559418,2.777777910232544
1725954814505422179,-0.23225654661655426,2.777777671813965
1725954814530219521,-0.23498056828975677,2.777777910232544
1725954814558005042,-0.23795150220394135,2.777777910232544
1725954814585155009,-0.2409956306219101,2.777777671813965
1725954814606739685,-0.24419349431991577,2.777777910232544
1725954814634896424,-0.24724088609218597,2.777777910232544
1725954814663151552,-0.2501685321331024,2.777777671813965
1725954814691001911,-0.25364744663238525,2.777777671813965
1725954814710545916,-0.2578096389770508,2.777777671813965
1725954814735512907,-0.26215633749961853,2.777777910232544
1725954814763679252,-0.26620128750801086,2.777777910232544
1725954814793555106,-0.27024105191230774,2.777777671813965
1725954814817987308,-0.274616539478302,2.777777910232544
1725954814842664806,-0.2790558338165283,2.777777671813965
1725954814871764280,-0.28337785601615906,2.777777910232544
1725954814900030535,-0.28738683462142944,2.777777671813965
1725954814928485377,-0.29089105129241943,2.777777910232544
1725954814963067391,-0.2933410704135895,2.777777910232544
1725954814989028515,-0.2946864664554596,2.777777910232544
1725954815015589754,-0.2964322566986084,2.777777671813965
1725954815041826890,-0.29959070682525635,2.777777910232544
1725954815062000974,-0.3030643165111542,2.777777910232544
1725954815096452791,-0.3060457110404968,2.777777671813965
1725954815116394758,-0.3089088499546051,2.777777910232544
1725954815142263744,-0.31148114800453186,2.777777910232544
1725954815169444654,-0.31346046924591064,2.777777671813965
1725954815197216671,-0.3150881826877594,2.777777671813965
1725954815226379383,-0.3164389729499817,2.777777671813965
1725954815245551374,-0.3172723650932312,2.777777671813965
1725954815269727517,-0.3176143765449524,2.777777671813965
1725954815304315631,-0.3174940347671509,2.777777671813965
1725954815330391819,-0.3164665102958679,2.777777910232544
1725954815352386385,-0.31439802050590515,2.777777671813965
1725954815373674744,-0.31171470880508423,2.777777910232544
1725954815406696519,-0.30891600251197815,2.777777671813965
1725954815429122563,-0.30662447214126587,2.777777910232544
1725954815465362504,-0.3049475848674774,2.777777671813965
1725954815479706179,-0.3038586378097534,2.777777910232544
1725954815515623188,-0.3030622899532318,2.777777910232544
1725954815544678084,-0.3022126853466034,2.777777671813965
1725954815566668600,-0.3015838861465454,2.777777910232544
1725954815590061031,-0.30073660612106323,2.777777910232544
1725954815623384673,-0.2997288107872009,2.777777671813965
1725954815646466372,-0.2995151877403259,2.777777671813965
1725954815666053360,-0.29941102862358093,2.777777910232544
1725954815690764035,-0.2976532578468323,2.777777910232544
1725954815717691036,-0.2940738797187805,2.777777671813965
1725954815746532626,-0.2898504137992859,2.777777671813965
1725954815767577394,-0.2853732705116272,2.777777910232544
1725954815789295810,-0.2805458903312683,2.777777910232544
1725954815824572167,-0.2760083079338074,2.777777671813965
1725954815846102527,-0.27253738045692444,2.777777671813965
1725954815870544432,-0.2697022259235382,2.777777671813965
1725954815889765768,-0.26604071259498596,2.777777671813965
1725954815923482732,-0.26057279109954834,2.777777910232544
1725954815947027779,-0.2532329559326172,2.777777910232544
1725954815972709239,-0.24507609009742737,2.777777671813965
1725954815999721194,-0.23776204884052277,2.777777910232544
1725954816027468415,-0.2315264791250229,2.777777910232544
1725954816059097813,-0.2258429229259491,2.777777671813965
1725954816079381561,-0.2207624912261963,2.777777910232544
1725954816106499089,-0.2162730097770691,2.777777910232544
1725954816135962282,-0.2127017229795456,2.777777671813965
1725954816158281836,-0.21057158708572388,2.777777671813965
1725954816181540259,-0.2090459018945694,2.777777910232544
1725954816207602618,-0.20669116079807281,2.777777910232544
1725954816230506109,-0.20322038233280182,2.777777671813965
1725954816260370971,-0.19878055155277252,2.777777910232544
1725954816280596079,-0.1936095505952835,2.777777671813965
1725954816302161022,-0.1886134147644043,2.777777671813965
1725954816338566365,-0.18457213044166565,2.777777671813965
1725954816362700953,-0.1813700646162033,2.777777671813965
1725954816384951497,-0.17828144133090973,2.777777671813965
1725954816407409537,-0.17462114989757538,2.777777671813965
1725954816441467863,-0.16990263760089874,2.777777671813965
1725954816462394123,-0.16365814208984375,2.777777671813965
1725954816484963013,-0.15537460148334503,2.777777671813965
1725954816503920710,-0.14485566318035126,2.777777910232544
1725954816548500631,-0.13303714990615845,2.777777671813965
1725954816573694535,-0.12097198516130447,2.777777910232544
1725954816596632027,-0.10887360572814941,2.777777910232544
1725954816618374847,-0.0973859503865242,2.777777910232544
1725954816646332372,-0.08753030747175217,2.777777671813965
1725954816676083311,-0.07955745607614517,2.777777671813965
1725954816701128082,-0.07319721579551697,2.777777910232544
1725954816725372118,-0.068479984998703,2.777777910232544
1725954816755988919,-0.06526803225278854,2.777777910232544
1725954816778839690,-0.06275655329227448,2.777777671813965
1725954816804088273,-0.060085661709308624,2.777777910232544
1725954816821772036,-0.056967347860336304,2.777777910232544
1725954816854807028,-0.053616806864738464,2.777777671813965
1725954816882044771,-0.05022302642464638,2.777777671813965
1725954816913306653,-0.04653465375304222,2.777777910232544
1725954816933996592,-0.04215538874268532,2.777777910232544
1725954816968069775,-0.036721371114254,2.777777671813965
1725954816996374732,-0.030057717114686966,2.777777671813965
1725954817017466707,-0.023004252463579178,2.777777671813965
1725954817040057308,-0.016536302864551544,2.777777671813965
1725954817072803524,-0.01062331348657608,2.777777671813965
1725954817097630651,-0.004644501488655806,2.777777671813965
1725954817122165456,0.001936651300638914,2.777777671813965
1725954817146436442,0.009207823313772678,2.777777910232544
1725954817173246648,0.016768749803304672,2.777777910232544
1725954817199505060,0.02427217923104763,2.777777671813965
1725954817223418836,0.0313413105905056,2.777777910232544
1725954817239303714,0.03708405792713165,2.777777910232544
1725954817286812355,0.04112158343195915,2.777777671813965
1725954817307292630,0.0439675897359848,2.777777910232544
1725954817327879678,0.04618397727608681,2.777777910232544
1725954817354454708,0.04828088358044624,2.777777671813965
1725954817387573357,0.05071591958403587,2.777777910232544
1725954817413807391,0.05349942296743393,2.777777671813965
1725954817437254082,0.05640212073922157,2.777777910232544
1725954817462919231,0.059323377907276154,2.777777671813965
1725954817490810817,0.062233492732048035,2.777777910232544
1725954817519954779,0.06512632966041565,2.777777671813965
1725954817539634676,0.06798066943883896,2.777777671813965
1725954817560334936,0.07065969705581665,2.777777671813965
1725954817588309246,0.07322180271148682,2.777777671813965
1725954817619133704,0.0761253833770752,2.777777671813965
1725954817642588333,0.07958149909973145,2.777777910232544
1725954817670620695,0.08338934928178787,2.777777671813965
1725954817697610761,0.08749023079872131,2.777777671813965
1725954817724776083,0.09178880602121353,2.777777671813965
1725954817746026415,0.09560240060091019,2.777777910232544
1725954817768710595,0.09828530997037888,2.777777671813965
1725954817801079308,0.09995600581169128,2.777777910232544
1725954817825317653,0.10102159529924393,2.777777671813965
1725954817850081025,0.10172149538993835,2.777777910232544
1725954817870991502,0.10197541117668152,2.777777910232544
1725954817906425216,0.10188131034374237,2.777777671813965
1725954817927459557,0.10188806056976318,2.777777671813965
1725954817955149407,0.10207919776439667,2.777777910232544
1725954817979224450,0.10244248807430267,2.777777671813965
1725954818001800246,0.10313054919242859,2.777777910232544
1725954818035953785,0.10403981059789658,2.777777671813965
1725954818054156956,0.10490518063306808,2.777777671813965
1725954818078339300,0.10551030933856964,2.777777671813965
1725954818105282950,0.10587653517723083,2.777777671813965
1725954818134913417,0.1062500849366188,2.777777671813965
1725954818156735900,0.10665947198867798,2.777777671813965
1725954818179581753,0.10709615796804428,2.777777910232544
1725954818207110095,0.10767204314470291,2.777777910232544
1725954818235065816,0.10834220051765442,2.777777671813965
1725954818263219898,0.1089370846748352,2.777777910232544
1725954818285888259,0.10936387628316879,2.777777671813965
1725954818327594604,0.10964393615722656,2.777777910232544
1725954818349313225,0.10956314206123352,2.777777910232544
1725954818372061142,0.10909243673086166,2.777777671813965
1725954818396605041,0.10866571217775345,2.777777910232544
1725954818429858976,0.10836391896009445,2.777777671813965
1725954818451963140,0.10796516388654709,2.777777671813965
1725954818478094650,0.10735111683607101,2.777777910232544
1725954818499573906,0.1066022664308548,2.777777671813965
1725954818533135511,0.10594464093446732,2.777777910232544
1725954818555365169,0.10536517947912216,2.777777671813965
1725954818577649349,0.10473547130823135,2.777777910232544
1725954818603534348,0.10413289815187454,2.777777671813965
1725954818641138292,0.10364098101854324,2.777777671813965
1725954818664615105,0.10303371399641037,2.777777671813965
1725954818688760719,0.10210657119750977,2.777777671813965
1725954818714241578,0.10115544497966766,2.777777671813965
1725954818739766690,0.10038556158542633,2.777777910232544
1725954818765230472,0.0995618999004364,2.777777671813965
1725954818789356506,0.0985865443944931,2.777777910232544
1725954818807864304,0.09761713445186615,2.777777671813965
1725954818841142800,0.09677501022815704,2.777777910232544
1725954818867809925,0.09603356570005417,2.777777671813965
1725954818889175152,0.09528887271881104,2.777777910232544
1725954818917287615,0.09457984566688538,2.777777671813965
1725954818943171504,0.09402696788311005,2.777777910232544
1725954818972559396,0.09341857582330704,2.777777671813965
1725954819000303228,0.09252449125051498,2.777777671813965
1725954819029164441,0.09150489419698715,2.777777910232544
1725954819060734692,0.09060762077569962,2.777777671813965
1725954819082520127,0.08986544609069824,2.777777671813965
1725954819110107300,0.08908063173294067,2.777777910232544
1725954819132517226,0.08821803331375122,2.777777671813965
1725954819154312118,0.08742338418960571,2.777777671813965
1725954819183489652,0.0865408256649971,2.777777671813965
1725954819209582791,0.0853734090924263,2.777777671813965
1725954819232134053,0.08402925729751587,2.777777671813965
1725954819260910380,0.08252716809511185,2.777777671813965
1725954819285900047,0.08070270717144012,2.777777671813965
1725954819311847945,0.07858052104711533,2.777777910232544
1725954819334741214,0.07647750526666641,2.777777671813965
1725954819363854742,0.07460582256317139,2.777777910232544
1725954819394109999,0.07297571748495102,2.777777671813965
1725954819412492220,0.07162165641784668,2.777777910232544
1725954819439224618,0.07056385278701782,2.777777671813965
1725954819473363664,0.06976618617773056,2.777777910232544
1725954819495088029,0.06894608587026596,2.777777671813965
1725954819536780455,0.06771936267614365,2.777777910232544
1725954819587339277,0.06608104705810547,2.777777671813965
1725954819613694207,0.06413666903972626,2.777777910232544
1725954819635492070,0.061871547251939774,2.777777671813965
1725954819661450731,0.05950360745191574,2.777777671813965
1725954819690432974,0.05714741721749306,2.777777910232544
1725954819715233330,0.05473979189991951,2.777777671813965
1725954819739874431,0.052490949630737305,2.777777910232544
1725954819782823079,0.050620317459106445,2.777777671813965
1725954819811139915,0.04911545291543007,2.777777671813965
1725954819828861981,0.047841012477874756,2.777777671813965
1725954819853673117,0.04671382158994675,2.777777671813965
1725954819881414696,0.045663852244615555,2.777777671813965
1725954819906880780,0.04439888149499893,2.777777671813965
1725954819930516824,0.04270031675696373,2.777777671813965
1725954819955924681,0.04055709019303322,2.777777910232544
1725954819989402750,0.037901621311903,2.777777671813965
1725954820013566072,0.034852735698223114,2.777777910232544
1725954820036181542,0.0317726768553257,2.777777671813965
1725954820062680738,0.029048921540379524,2.777777671813965
1725954820091796653,0.02676566131412983,2.777777910232544
1725954820119432364,0.024478496983647346,2.777777671813965
1725954820140907853,0.02173151634633541,2.777777671813965
1725954820168192406,0.01849188655614853,2.777777910232544
1725954820199372298,0.014929190278053284,2.777777671813965
1725954820232621187,0.01112407073378563,2.777777910232544
1725954820249139191,0.007225304376333952,2.777777671813965
1725954820269605063,0.0036684756632894278,2.777777910232544
1725954820302990778,0.0009234205354005098,2.777777671813965
1725954820341380975,-0.0010913629084825516,2.777777910232544
1725954820358413037,-0.0031759184785187244,2.777776002883911
1725954820379803486,-0.006061729975044727,2.7777516841888428
1725954820417080267,-0.009911385364830494,2.777698278427124
1725954820442886438,-0.014463954605162144,2.7775282859802246
1725954820462804144,-0.019307348877191544,2.7773947715759277
1725954820488896841,-0.024341512471437454,2.77693772315979
1725954820517664233,-0.029775209724903107,2.7765583992004395
1725954820547757489,-0.0360252745449543,2.7758915424346924
1725954820566090590,-0.04328763484954834,2.7754015922546387
1725954820591562577,-0.051418792456388474,2.774509906768799
1725954820617576748,-0.060509972274303436,2.7736198902130127
1725954820647587562,-0.07049064338207245,2.7726547718048096
1725954820665480448,-0.08074966818094254,2.7717342376708984
1725954820701835235,-0.09035032242536545,2.7708194255828857
1725954820719912041,-0.0986766442656517,2.7698397636413574
1725954820741237124,-0.10593952983617783,2.768770694732666
1725954820769150545,-0.11237521469593048,2.7676620483398438
1725954820788037205,-0.11772935092449188,2.7665786743164062
1725954820816119019,-0.12221373617649078,2.7655117511749268
1725954820842876249,-0.12659692764282227,2.7642314434051514
1725954820867908124,-0.13171568512916565,2.763122797012329
1725954820892193992,-0.13821004331111908,2.7618167400360107
1725954820913146909,-0.14573943614959717,2.7608110904693604
1725954820944446753,-0.15340539813041687,2.7597086429595947
1725954820973804940,-0.16087041795253754,2.7586591243743896
1725954821003420907,-0.1681268811225891,2.7574243545532227
1725954821025123961,-0.17501799762248993,2.7560694217681885
1725954821056365439,-0.1818685382604599,2.7544045448303223
1725954821077751255,-0.18963073194026947,2.752645969390869
1725954821100223427,-0.19866783916950226,2.751197338104248
1725954821120758095,-0.20875470340251923,2.749364137649536
1725954821146451654,-0.2200619876384735,2.748007297515869
1725954821182733089,-0.2327045202255249,2.746694326400757
1725954821214335732,-0.24574105441570282,2.745413303375244
1725954821235576399,-0.2576097548007965,2.744088888168335
1725954821260408482,-0.2679814100265503,2.7428250312805176
1725954821291280873,-0.27726563811302185,2.7416579723358154
1725954821315881983,-0.2851508855819702,2.741063117980957
1725954821336920791,-0.2915358543395996,2.740208387374878
1725954821363813037,-0.2971234619617462,2.739671230316162
1725954821390007376,-0.30275091528892517,2.7388947010040283
1725954821413347288,-0.3087511658668518,2.7385730743408203
1725954821434509892,-0.3149673342704773,2.737999439239502
1725954821459984685,-0.32136398553848267,2.7377266883850098
1725954821488620443,-0.32812532782554626,2.737220287322998
1725954821515247712,-0.33535152673721313,2.736917734146118
1725954821539540652,-0.3432096540927887,2.7364368438720703
1725954821562158853,-0.3523727059364319,2.7360055446624756
1725954821592522559,-0.36285504698753357,2.7357237339019775
1725954821625153891,-0.3738856613636017,2.735370397567749
1725954821648105009,-0.3857020437717438,2.735093593597412
1725954821675834378,-0.39881429076194763,2.734968662261963
1725954821697669852,-0.4129001796245575,2.734818696975708
1725954821736618955,-0.42654427886009216,2.734726667404175
1725954821752266800,-0.4382127523422241,2.734684705734253
1725954821775386844,-0.4483117163181305,2.734684467315674
1725954821806652958,-0.4577903747558594,2.734666585922241
1725954821836195408,-0.465994268655777,2.7347235679626465
1725954821862278634,-0.47236305475234985,2.7347373962402344
1725954821889096437,-0.47764134407043457,2.7347941398620605
1725954821916747332,-0.4826730489730835,2.7348856925964355
1725954821941223785,-0.48772668838500977,2.7350094318389893
1725954821963069249,-0.49286985397338867,2.7350728511810303
1725954821992613050,-0.49828726053237915,2.7351529598236084
1725954822025479776,-0.503745436668396,2.7352445125579834
1725954822051989284,-0.5084715485572815,2.7353644371032715
1725954822074022839,-0.5119494795799255,2.735455274581909
1725954822102893098,-0.5143703818321228,2.7355473041534424
1725954822130913424,-0.5161168575286865,2.7356173992156982
1725954822167692494,-0.5167954564094543,2.7357265949249268
1725954822189136833,-0.5161920189857483,2.735827922821045
1725954822218755340,-0.515780508518219,2.7359094619750977
1725954822242335174,-0.5171887278556824,2.735969305038452
1725954822272301427,-0.5200880765914917,2.735997438430786
1725954822294964922,-0.5226942300796509,2.7360408306121826
1725954822317802205,-0.5235905051231384,2.736067533493042
1725954822351842157,-0.5227224230766296,2.736100673675537
1725954822377971203,-0.5212438106536865,2.7361130714416504
1725954822400791098,-0.5201928019523621,2.7361669540405273
1725954822424967007,-0.5193261504173279,2.7363076210021973
1725954822457461974,-0.517837643623352,2.7363688945770264
1725954822486288621,-0.515138566493988,2.7364299297332764
1725954822506592620,-0.510745644569397,2.736487865447998
1725954822532959762,-0.5049527883529663,2.7365851402282715
1725954822560479744,-0.4991399943828583,2.7366597652435303
1725954822592254385,-0.4946725070476532,2.736957311630249
1725954822614781599,-0.4915473759174347,2.7372066974639893
1725954822638742136,-0.4884043037891388,2.737950563430786
1725954822672186429,-0.48388198018074036,2.7383086681365967
1725954822697853010,-0.4771147668361664,2.7393605709075928
1725954822725161673,-0.46791529655456543,2.740150213241577
1725954822751546465,-0.45735839009284973,2.7413508892059326
1725954822780527942,-0.4473651349544525,2.7426111698150635
1725954822808511577,-0.4393012523651123,2.744135856628418
1725954822828310245,-0.4329591691493988,2.745142936706543
1725954822853421365,-0.4273054003715515,2.746677875518799
1725954822881389669,-0.4218407869338989,2.7478997707366943
1725954822913003938,-0.4169672429561615,2.749331474304199
1725954822934782149,-0.4132480323314667,2.7504971027374268
1725954822962008322,-0.4105882942676544,2.7518231868743896
1725954822984159473,-0.4079698324203491,2.753143548965454
1725954823022872238,-0.404231458902359,2.754401922225952
1725954823042825380,-0.3988666534423828,2.7556650638580322
1725954823061459480,-0.39234459400177,2.7568297386169434
1725954823093652780,-0.38572630286216736,2.757908344268799
1725954823116289015,-0.3792351186275482,2.7593626976013184
1725954823142787775,-0.37222233414649963,2.760781764984131
1725954823167989838,-0.36351948976516724,2.7624735832214355
1725954823195484797,-0.3523617386817932,2.763676166534424
1725954823228796872,-0.33903101086616516,2.765582799911499
1725954823250471896,-0.3237190842628479,2.766965866088867
1725954823275439985,-0.3068592846393585,2.7682602405548096
1725954823304824027,-0.29052168130874634,2.7693123817443848
1725954823333823073,-0.27710381150245667,2.770371913909912
1725954823352776835,-0.2670254409313202,2.771176338195801
1725954823377375054,-0.25917020440101624,2.772033452987671
1725954823407360388,-0.2530132830142975,2.772676467895508
1725954823431730971,-0.24873898923397064,2.7734487056732178
1725954823452176567,-0.24560898542404175,2.7740278244018555
1725954823476377859,-0.24247518181800842,2.774566650390625
1725954823507684113,-0.23849624395370483,2.7750637531280518
1725954823542645500,-0.23324455320835114,2.7754602432250977
1725954823564370310,-0.22686143219470978,2.7758195400238037
1725954823591854907,-0.2197990119457245,2.776209831237793
1725954823613945367,-0.21281838417053223,2.7764241695404053
1725954823646322295,-0.20626838505268097,2.776674270629883
1725954823667714255,-0.19968262314796448,2.7768893241882324
1725954823693010004,-0.19210898876190186,2.7771248817443848
1725954823721108500,-0.18319247663021088,2.7772836685180664
1725954823748952330,-0.17306409776210785,2.7774860858917236
1725954823770899273,-0.16129979491233826,2.7775886058807373
1725954823797159789,-0.14798475801944733,2.7776782512664795
1725954823819534119,-0.13466215133666992,2.777721405029297
1725954823847611604,-0.12348324805498123,2.777761220932007
1725954823869491970,-0.11547311395406723,2.7777657508850098
1725954823900429182,-0.11000408232212067,2.777770519256592
1725954823926849972,-0.10610296577215195,2.7777726650238037
1725954823949998568,-0.10338011384010315,2.7777745723724365
1725954823977974519,-0.10144156217575073,2.777775287628174
1725954824004246378,-0.09957511723041534,2.7777762413024902
1725954824024549563,-0.0972433015704155,2.7777767181396484
1725954824053689740,-0.09424754232168198,2.7777769565582275
1725954824076635761,-0.09064088016748428,2.7777771949768066
1725954824105556352,-0.086515411734581,2.7777774333953857
1725954824135399210,-0.08201300352811813,2.7777774333953857
1725954824162118042,-0.07743903249502182,2.7777771949768066
1725954824183801701,-0.07298335433006287,2.7777769565582275
1725954824212198638,-0.06835001707077026,2.7777774333953857
1725954824237228859,-0.06344665586948395,2.7777774333953857
1725954824266522348,-0.05824366211891174,2.7777769565582275
1725954824290649227,-0.05217449739575386,2.7777774333953857
1725954824320257984,-0.045219067484140396,2.777777671813965
1725954824345282437,-0.03903394564986229,2.7777771949768066
1725954824369911772,-0.035615015774965286,2.7777769565582275
1725954824392057554,-0.03466358780860901,2.7777771949768066
1725954824420284242,-0.034552931785583496,2.7777774333953857
1725954824442231258,-0.034158628433942795,2.7777771949768066
1725954824473275462,-0.03297301009297371,2.7777769565582275
1725954824493309753,-0.031003423035144806,2.7777771949768066
1725954824522357492,-0.0283991489559412,2.7777774333953857
1725954824539678092,-0.025354495272040367,2.7777774333953857
1725954824570934230,-0.02213553711771965,2.7777771949768066
1725954824591269105,-0.019027365371584892,2.7777769565582275
1725954824620521452,-0.016118071973323822,2.7777771949768066
1725954824647834077,-0.013394110836088657,2.7777774333953857
1725954824674790179,-0.011007030494511127,2.7777774333953857
1725954824696275196,-0.00907046813517809,2.7777774333953857
1725954824732234775,-0.007382359821349382,2.7777771949768066
1725954824755962996,-0.00593907805159688,2.7777771949768066
1725954824783849920,-0.004588594660162926,2.7777774333953857
1725954824805493948,-0.002463392913341522,2.7777774333953857
1725954824832811409,0.000695676077157259,2.777777671813965
1725954824863176816,0.004308995325118303,2.7777771949768066
1725954824888626583,0.007892820052802563,2.7777767181396484
1725954824910877991,0.011339675635099411,2.777777671813965
1725954824936145467,0.014537406153976917,2.777777671813965
1725954824964395491,0.016949813812971115,2.7777771949768066
1725954824991113441,0.01819024421274662,2.7777769565582275
1725954825011817275,0.018434572964906693,2.7777771949768066
1725954825038253651,0.018181880936026573,2.7777774333953857
1725954825061513783,0.01790357194840908,2.7777771949768066
1725954825090871267,0.01781396195292473,2.7777769565582275
1725954825111647388,0.01795404776930809,2.7777771949768066
1725954825136409359,0.018323957920074463,2.7777774333953857
1725954825167284197,0.018886830657720566,2.7777771949768066
1725954825193840563,0.0195611584931612,2.7777769565582275
1725954825218500522,0.020248308777809143,2.7777769565582275
1725954825251798866,0.020900649949908257,2.7777771949768066
1725954825275641095,0.021505771204829216,2.7777774333953857
1725954825299566068,0.021997960284352303,2.7777774333953857
1725954825323339025,0.022303396835923195,2.7777771949768066
1725954825348143637,0.022445285692811012,2.7777774333953857
1725954825376674506,0.02249198965728283,2.7777774333953857
1725954825407651718,0.022441189736127853,2.777777671813965
1725954825426441119,0.02228659950196743,2.7777774333953857
1725954825453773886,0.02210187166929245,2.7777771949768066
1725954825485183860,0.02196573279798031,2.7777769565582275
1725954825508919548,0.0218807402998209,2.7777774333953857
1725954825533404117,0.021804017946124077,2.7777769565582275
1725954825564082610,0.021730437874794006,2.7777767181396484
1725954825594872821,0.021665364503860474,2.7777769565582275
1725954825619679388,0.02156551368534565,2.7777771949768066
1725954825640576138,0.02138557657599449,2.7777771949768066
1725954825666861146,0.02114504761993885,2.7777774333953857
1725954825693504419,0.020892834290862083,2.7777774333953857
1725954825721845321,0.02060101553797722,2.7777774333953857
1725954825743496679,0.02022341825067997,2.7777774333953857
1725954825772234390,0.019802164286375046,2.7777769565582275
1725954825798576332,0.019392842426896095,2.7777771949768066
1725954825824502956,0.018992070108652115,2.7777774333953857
1725954825846215338,0.018564194440841675,2.7777774333953857
1725954825885506018,0.018112272024154663,2.7777771949768066
1725954825907615769,0.0176888145506382,2.7777769565582275
1725954825937247107,0.0173003189265728,2.7777767181396484
1725954825961740753,0.016887377947568893,2.7777769565582275
1725954825987445680,0.016435474157333374,2.7777771949768066
1725954826011739093,0.015996214002370834,2.7777774333953857
1725954826036657729,0.015584002248942852,2.7777771949768066
1725954826063172637,0.015171129256486893,2.7777771949768066
1725954826089852273,0.014782687649130821,2.7777774333953857
1725954826113048363,0.014470364898443222,2.7777774333953857
1725954826141039780,0.014230035245418549,2.777777671813965
1725954826162224973,0.014021622017025948,2.7777771949768066
1725954826189938596,0.013844598084688187,2.7777769565582275
1725954826215630302,0.013742426410317421,2.7777771949768066
1725954826240631557,0.013702085241675377,2.7777774333953857
1725954826268078419,0.013641285710036755,2.7777771949768066
1725954826294651356,0.013538402505218983,2.7777769565582275
1725954826315739179,0.013441548682749271,2.7777771949768066
1725954826347114654,0.013324097730219364,2.7777774333953857
1725954826371146944,0.013132263906300068,2.7777774333953857
1725954826400875416,0.012941152788698673,2.7777769565582275
1725954826424141372,0.012874103151261806,2.7777767181396484
1725954826453278584,0.012852339074015617,2.7777767181396484
1725954826474529919,0.01269192062318325,2.7777769565582275
1725954826502772329,0.012442171573638916,2.7777771949768066
1725954826529031985,0.012283846735954285,2.7777774333953857
1725954826557662448,0.012314793653786182,2.7777771949768066
1725954826579348658,0.012615503743290901,2.7777771949768066
1725954826603225289,0.013343818485736847,2.7777774333953857
1725954826635746364,0.014617123641073704,2.7777771949768066
1725954826659943639,0.01641501486301422,2.7777774333953857
1725954826682090835,0.01868623122572899,2.7777771949768066
1725954826707459794,0.021396633237600327,2.7777769565582275
1725954826733554515,0.02440078929066658,2.7777771949768066
1725954826762098921,0.02731405943632126,2.7777774333953857
1725954826787782926,0.02978026680648327,2.7777771949768066
1725954826816447595,0.03184833005070686,2.7777769565582275
1725954826840982421,0.03369758650660515,2.7777771949768066
1725954826869795409,0.03531302139163017,2.7777774333953857
1725954826891232489,0.036793868988752365,2.7777774333953857
1725954826916796235,0.03845779597759247,2.7777769565582275
1725954826943039420,0.04056062176823616,2.7777769565582275
1725954826971523614,0.043033115565776825,2.7777771949768066
1725954826993699423,0.04582115635275841,2.7777774333953857
1725954827020893224,0.049161944538354874,2.7777771949768066
1725954827049242815,0.052993662655353546,2.7777769565582275
1725954827077097012,0.056854307651519775,2.7777771949768066
1725954827096441055,0.06048009917140007,2.7777774333953857
1725954827122184803,0.06431549042463303,2.7777769565582275
1725954827154414514,0.06889237463474274,2.7777769565582275
1725954827178554976,0.07435938715934753,2.7777774333953857
1725954827202909849,0.08105415850877762,2.7777774333953857
1725954827226662142,0.0890684723854065,2.777777671813965
1725954827257532112,0.09788598120212555,2.7777771949768066
1725954827288987581,0.10664989799261093,2.7777769565582275
1725954827311265181,0.11436501890420914,2.7777769565582275
1725954827338034817,0.12108704447746277,2.7777771949768066
1725954827364655742,0.12755006551742554,2.7777771949768066
1725954827393062087,0.13340631127357483,2.7777774333953857
1725954827415695947,0.1382390260696411,2.7777774333953857
1725954827442074309,0.1425730288028717,2.7777769565582275
1725954827469010041,0.14709483087062836,2.7777769565582275
1725954827492596144,0.15199850499629974,2.7777771949768066
1725954827517506874,0.15708795189857483,2.7777774333953857
1725954827541691991,0.16252538561820984,2.7777771949768066
1725954827569543637,0.16844585537910461,2.7777771949768066
1725954827593869177,0.1742735654115677,2.7777774333953857
1725954827619576554,0.1795942187309265,2.7777774333953857
1725954827651457711,0.1850549280643463,2.7777769565582275
1725954827683888089,0.19137795269489288,2.7777767181396484
1725954827709859288,0.19853538274765015,2.7777769565582275
1725954827731266859,0.20690248906612396,2.7777771949768066
1725954827758042133,0.21703419089317322,2.777777671813965
1725954827786628087,0.22847320139408112,2.7777769565582275
1725954827813853461,0.2398943156003952,2.7777769565582275
1725954827836848040,0.25018179416656494,2.7777771949768066
1725954827862369280,0.2594509422779083,2.7777774333953857
1725954827890035948,0.26798760890960693,2.7777774333953857
1725954827918644439,0.2761402130126953,2.7777774333953857
1725954827943262907,0.2837693691253662,2.7777774333953857
1725954827965707609,0.28956347703933716,2.7777769565582275
1725954827984831386,0.2935621738433838,2.7777769565582275
1725954828013608474,0.2967134416103363,2.7777774333953857
1725954828038756405,0.2995188236236572,2.7777774333953857
1725954828064714908,0.3027757406234741,2.7777771949768066
1725954828095191074,0.3071691393852234,2.7777769565582275
1725954828118461396,0.31262776255607605,2.7777771949768066
1725954828140525891,0.3186703324317932,2.7777774333953857
1725954828174592702,0.3253593444824219,2.7777774333953857
1725954828197339750,0.3329010307788849,2.777777671813965
1725954828228403270,0.3410659730434418,2.7777774333953857
1725954828247337833,0.3499982953071594,2.7777771949768066
1725954828273826571,0.3598887324333191,2.7777767181396484
1725954828302096751,0.3702428340911865,2.7777771949768066
1725954828327305350,0.3801269829273224,2.7777771949768066
1725954828354864329,0.3887549638748169,2.7777771949768066
1725954828379011722,0.3961248993873596,2.7777769565582275
1725954828405974838,0.4025490880012512,2.7777771949768066
1725954828432578619,0.40796959400177,2.7777774333953857
1725954828455414361,0.4124847948551178,2.7777774333953857
1725954828487270128,0.4168037176132202,2.7777769565582275
1725954828505585484,0.42157721519470215,2.7777769565582275
1725954828537606929,0.42646557092666626,2.7777774333953857
1725954828558672528,0.43072935938835144,2.7777774333953857
1725954828586219160,0.43470683693885803,2.7777771949768066
1725954828614753525,0.439089298248291,2.7777767181396484
1725954828638883722,0.44375401735305786,2.7777769565582275
1725954828662668350,0.44839009642601013,2.7777771949768066
1725954828691153298,0.4532073438167572,2.7777774333953857
1725954828722753062,0.4582103192806244,2.777777671813965
1725954828750606756,0.4629056751728058,2.777777910232544
1725954828775582644,0.46748608350753784,2.777777910232544
1725954828799315234,0.47264134883880615,2.777777910232544
1725954828826835876,0.47871485352516174,2.777777910232544
1725954828872797105,0.4853229820728302,2.777777671813965
1725954828967145249,0.4916246831417084,2.7777774333953857
1725954828993436108,0.4971737265586853,2.7777771949768066
1725954829028580272,0.5019885897636414,2.7777771949768066
1725954829048105970,0.5061573386192322,2.777777671813965
1725954829073910699,0.5104256272315979,2.7777774333953857
1725954829105418036,0.5162128806114197,2.7777774333953857
1725954829131012207,0.5226393342018127,2.7777771949768066
1725954829153731339,0.5287443399429321,2.7777769565582275
1725954829179668392,0.5352380275726318,2.7777771949768066
1725954829212496476,0.5411087274551392,2.7777774333953857
1725954829236931661,0.544948935508728,2.7777774333953857
1725954829256827874,0.5462832450866699,2.7777774333953857
1725954829285873250,0.5451757311820984,2.7777769565582275
1725954829315331265,0.5420337319374084,2.777191638946533
1725954829343359912,0.5366227626800537,2.775908946990967
1725954829364724533,0.5284168720245361,2.7754318714141846
1725954829400282199,0.5174890756607056,2.7751808166503906
1725954829423646308,0.5048190355300903,2.7751095294952393
1725954829452116694,0.4928857088088989,2.7751471996307373
1725954829477409527,0.4843745231628418,2.7751193046569824
1725954829501150130,0.4800693988800049,2.775310754776001
1725954829532412209,0.4789991080760956,2.775373935699463
1725954829562029723,0.47934243083000183,2.7755889892578125
1725954829581103954,0.47905001044273376,2.7757034301757812
1725954829609867893,0.47670799493789673,2.7758848667144775
1725954829669737504,0.467491090297699,2.7762656211853027
1725954829688985556,0.4611445665359497,2.7764155864715576
1725954829711857078,0.45249393582344055,2.776594638824463
1725954829736825144,0.44175949692726135,2.776740312576294
1725954829763794402,0.42980635166168213,2.7768661975860596
1725954829787074208,0.4175064265727997,2.7770073413848877
1725954829811643627,0.40654081106185913,2.7771103382110596
1725954829838602526,0.39874568581581116,2.777224063873291
1725954829867182020,0.39424148201942444,2.77730131149292
1725954829893594788,0.39091548323631287,2.7774112224578857
1725954829941174258,0.3862402141094208,2.777488946914673
1725954829956822184,0.3782527446746826,2.7775869369506836
1725954829990309074,0.3655388653278351,2.7776501178741455
1725954830017567953,0.34884700179100037,2.777712345123291
1725954830044668645,0.329836368560791,2.777750253677368
1725954830075392868,0.30988478660583496,2.7777578830718994
1725954830103259587,0.291063517332077,2.777761220932007
1725954830121464003,0.2746657431125641,2.777771472930908
1725954830153507720,0.26149967312812805,2.777771234512329
1725954830180686935,0.2527211308479309,2.777775526046753
1725954830206660876,0.24772204458713531,2.7777767181396484
1725954830228851295,0.24474668502807617,2.7777769565582275
1725954830261093146,0.24474668502807617,2.7777769565582275
1725954830286187722,0.23885230720043182,2.7777774333953857
1725954830310434421,0.2341718077659607,2.7777771949768066
1725954830341019790,0.22839787602424622,2.777777671813965
1725954830372660048,0.22167567908763885,2.777777910232544
1725954830401255916,0.2144252210855484,2.7777774333953857
1725954830425754245,0.20721235871315002,2.7777771949768066
1725954830447595398,0.20024345815181732,2.7777769565582275
1725954830483316833,0.19351159036159515,2.7777771949768066
1725954830508036490,0.1868339478969574,2.7777774333953857
1725954830530379074,0.18045777082443237,2.7777774333953857
1725954830556332405,0.17524822056293488,2.7777774333953857
1725954830589243671,0.17112970352172852,2.7777774333953857
1725954830612406357,0.16711845993995667,2.7777774333953857
1725954830637115031,0.16202259063720703,2.7777771949768066
1725954830663768199,0.1546347439289093,2.777618169784546
1725954830727264515,0.13199825584888458,2.7766082286834717
1725954830754876248,0.11639843136072159,2.7758495807647705
1725954830779487328,0.09809282422065735,2.77494478225708
1725954830807731993,0.07839176058769226,2.7738959789276123
1725954830825493011,0.05891416594386101,2.7729296684265137
1725954830852617346,0.04184235632419586,2.77178692817688
1725954830887504848,0.028321832418441772,2.770723342895508
1725954830915549384,0.01790076494216919,2.769270181655884
1725954830936712716,0.010288819670677185,2.7681541442871094
1725954830962689957,0.005119847599416971,2.7667713165283203
1725954830990016397,0.0009907358326017857,2.7654917240142822
1725954831025240989,-0.003501621540635824,2.7639753818511963
1725954831046949320,-0.008969985879957676,2.7626826763153076
1725954831070254247,-0.015698770061135292,2.761280059814453
1725954831102837198,-0.023673081770539284,2.7599639892578125
1725954831126549010,-0.032698143273591995,2.758460521697998
1725954831145989184,-0.042416300624608994,2.7572808265686035
1725954831171311171,-0.05211513116955757,2.7559359073638916
1725954831202600236,-0.061654288321733475,2.754624128341675
1725954831231454654,-0.07142482697963715,2.7530527114868164
1725954831254380585,-0.08109834045171738,2.751908540725708
1725954831277567210,-0.08997459709644318,2.750803232192993
1725954831303857089,-0.09814734011888504,2.7496516704559326
1725954831336848065,-0.10613764077425003,2.7483909130096436
1725954831360700894,-0.11434713751077652,2.7471108436584473
1725954831381038833,-0.12362165749073029,2.7458558082580566
1725954831416962076,-0.13510902225971222,2.7441678047180176
1725954831441487069,-0.14911846816539764,2.742797613143921
1725954831462893894,-0.16508641839027405,2.741335391998291
1725954831487887477,-0.18237152695655823,2.740685224533081
1725954831518126014,-0.20044229924678802,2.7399609088897705
1725954831552226427,-0.218912735581398,2.739431858062744
1725954831571056554,-0.23723796010017395,2.739222764968872
1725954831594685773,-0.2543027102947235,2.7391037940979004
1725954831622985512,-0.26951414346694946,2.7388594150543213
1725954831659547183,-0.28309160470962524,2.7388393878936768
1725954831682284869,-0.2948392331600189,2.738724946975708
1725954831710199271,-0.3047914505004883,2.738781690597534
1725954831743368474,-0.3141985237598419,2.7387397289276123
1725954831768857771,-0.3243696987628937,2.7388339042663574
1725954831788003820,-0.3352435529232025,2.738840341567993
1725954831812729999,-0.34588623046875,2.7389519214630127
1725954831838085755,-0.35602006316185,2.7389941215515137
1725954831873879675,-0.3664078712463379,2.7391083240509033
1725954831893942404,-0.3774987459182739,2.7391648292541504
1725954831915949101,-0.3891901969909668,2.7392752170562744
1725954831952865458,-0.40185531973838806,2.739372968673706
1725954831974918022,-0.4159642159938812,2.739511013031006
1725954832004518642,-0.4314923584461212,2.739616870880127
1725954832027092631,-0.4483785033226013,2.7396950721740723
1725954832055387759,-0.4665585458278656,2.7397749423980713
1725954832087579330,-0.48480769991874695,2.739841938018799
1725954832109384034,-0.5012387633323669,2.739886522293091
1725954832134496024,-0.5151330828666687,2.7399141788482666
1725954832162317522,-0.5272924900054932,2.739947557449341
1725954832192878764,-0.5384082198143005,2.739957094192505
1725954832213462353,-0.548276960849762,2.739975929260254
1725954832238549699,-0.5569726228713989,2.739975929260254
1725954832266968073,-0.5651393532752991,2.739988088607788
1725954832296601020,-0.5732527375221252,2.7399871349334717
1725954832322876223,-0.5809053778648376,2.7399940490722656
1725954832343994427,-0.587590217590332,2.739992380142212
1725954832374724704,-0.5936861038208008,2.739996910095215
1725954832403155228,-0.5988174080848694,2.7399954795837402
1725954832427056564,-0.601859986782074,2.7399981021881104
1725954832457960609,-0.603696882724762,2.7399988174438477
1725954832489395094,-0.6057872772216797,2.739999294281006
1725954832514356769,-0.6079207062721252,2.739999771118164
1725954832537405639,-0.6091283559799194,2.739999771118164
1725954832564642768,-0.6091866493225098,2.739999532699585
1725954832592941920,-0.6089059114456177,2.739999771118164
1725954832620266994,-0.6084702014923096,2.739999771118164
1725954832644777171,-0.6082583665847778,2.740000009536743
1725954832668957405,-0.6096981167793274,2.7400004863739014
1725954832700457862,-0.6133660674095154,2.7400009632110596
1725954832729147403,-0.617946445941925,2.7400012016296387
1725954832749307341,-0.6209694147109985,2.7400012016296387
1725954832776636007,-0.6212114691734314,2.7400007247924805
1725954832807076003,-0.6188507080078125,2.73996901512146
1725954832835542996,-0.6138235330581665,2.7398571968078613
1725954832855214576,-0.6069313287734985,2.73979115486145
1725954832879576441,-0.6006361842155457,2.7394814491271973
1725954832913597254,-0.5959925055503845,2.7393155097961426
1725954832938268222,-0.5914244651794434,2.738569498062134
1725954832966715717,-0.5853651762008667,2.7382471561431885
1725954832991425927,-0.5777192115783691,2.7373716831207275
1725954833018710031,-0.5689914226531982,2.7368593215942383
1725954833044211458,-0.5592657923698425,2.735577344894409
1725954833069588951,-0.549252986907959,2.7346911430358887
1725954833097511153,-0.5402601361274719,2.7327051162719727
1725954833119135540,-0.5314323902130127,2.731067419052124
1725954833150769889,-0.520808756351471,2.728259801864624
1725954833169251366,-0.5077981352806091,2.725257396697998
1725954833194240295,-0.49229714274406433,2.721163749694824
1725954833220216043,-0.47461259365081787,2.718412399291992
1725954833245731628,-0.45624130964279175,2.713304042816162
1725954833265307672,-0.4398762881755829,2.710120677947998
1725954833312783101,-0.4272404611110687,2.7048397064208984
1725954833339346790,-0.41727715730667114,2.701183319091797
1725954833369139709,-0.40787196159362793,2.6950323581695557
1725954833392060789,-0.3981592059135437,2.6904687881469727
1725954833419356266,-0.38926735520362854,2.6839840412139893
1725954833448650931,-0.3824564814567566,2.6782071590423584
1725954833479294521,-0.37880077958106995,2.67145037651062
1725954833498676795,-0.37870725989341736,2.666001319885254
1725954833522708457,-0.37924736738204956,2.658505916595459
1725954833549389159,-0.3766022026538849,2.6518640518188477
1725954833577898493,-0.36924150586128235,2.644413948059082
1725954833605187456,-0.3581613004207611,2.638002634048462
1725954833629138703,-0.3459802567958832,2.629793167114258
1725954833660452662,-0.33469104766845703,2.621748685836792
1725954833690459492,-0.3247586488723755,2.6135776042938232
1725954833711047974,-0.315867155790329,2.6039159297943115
1725954833737282713,-0.3068789541721344,2.5923755168914795
1725954833757641253,-0.29635268449783325,2.581447124481201
1725954833784266266,-0.28332361578941345,2.562025308609009
1725954833805921071,-0.2666318714618683,2.545346260070801
1725954833835118529,-0.2466723918914795,2.529710292816162
1725954833860730932,-0.22668640315532684,2.513455867767334
1725954833889559247,-0.21020400524139404,2.4970340728759766
1725954833910389012,-0.19893047213554382,2.4801743030548096
1725954833933100280,-0.1927403211593628,2.4638099670410156
1725954833961252642,-0.19012488424777985,2.4457712173461914
1725954833987308341,-0.18889141082763672,2.428633689880371
1725954834007407408,-0.1877019852399826,2.4114365577697754
1725954834031043653,-0.18645289540290833,2.394915819168091
1725954834064197539,-0.18522909283638,2.3765149116516113
1725954834090416252,-0.1836133450269699,2.35748291015625
1725954834116099381,-0.18081353604793549,2.339376926422119
1725954834135132923,-0.17598150670528412,2.320629119873047
1725954834164560366,-0.1686697006225586,2.3027679920196533
1725954834188756196,-0.1592826545238495,2.2809183597564697
1725954834215604931,-0.14932852983474731,2.26470685005188
1725954834241138592,-0.14095638692378998,2.244490385055542
1725954834274863453,-0.13531778752803802,2.22656512260437
1725954834296628944,-0.13215479254722595,2.205026865005493
1725954834316427432,-0.1306937038898468,2.186988353729248
1725954834347656259,-0.13026966154575348,2.167687177658081
1725954834371787284,-0.13044023513793945,2.1479172706604004
1725954834401636030,-0.13043881952762604,2.125974178314209
1725954834424925513,-0.12941038608551025,2.1077170372009277
1725954834448255334,-0.1272439807653427,2.0876922607421875
1725954834471341210,-0.12418868392705917,2.0691871643066406
1725954834496707347,-0.12099229544401169,2.045764207839966
1725954834521460803,-0.118424192070961,2.015545606613159
1725954834546082392,-0.11569559574127197,1.982855200767517
1725954834576495505,-0.11163503676652908,1.946761965751648
1725954834599282791,-0.10572396218776703,1.9080579280853271
1725954834623031043,-0.09812219440937042,1.8724186420440674
1725954834647515242,-0.08987557888031006,1.837793231010437
1725954834677656717,-0.08195926994085312,1.8050835132598877
1725954834704451947,-0.07517252117395401,1.7694612741470337
1725954834724084008,-0.07044655084609985,1.7390447854995728
1725954834750243568,-0.06829231977462769,1.705357313156128
1725954834773866401,-0.06823860853910446,1.6723068952560425
1725954834801701520,-0.06911320239305496,1.6376891136169434
1725954834824695993,-0.07013768702745438,1.6039797067642212
1725954834862552519,-0.07117520272731781,1.568520188331604
1725954834882496107,-0.07186576724052429,1.5363397598266602
1725954834916260647,-0.07154888659715652,1.5020222663879395
1725954834934768981,-0.07004471123218536,1.4633079767227173
1725954834960870843,-0.06772125512361526,1.4316701889038086
1725954834985636937,-0.06496328115463257,1.3964203596115112
1725954835013703013,-0.06213131174445152,1.3583632707595825
1725954835033473990,-0.05972260236740112,1.3211861848831177
1725954835055457646,-0.05760832875967026,1.2794638872146606
1725954835090962744,-0.05511566996574402,1.2367138862609863
1725954835114564431,-0.052114345133304596,1.1977626085281372
1725954835137266744,-0.04907180741429329,1.1593372821807861
1725954835161811231,-0.04673026129603386,1.116568922996521
1725954835185417833,-0.045834433287382126,1.0717246532440186
1725954835213686469,-0.046704184263944626,1.0280574560165405
1725954835238580194,-0.04881519451737404,0.9860897064208984
1725954835261152951,-0.05098927021026611,0.9347171187400818
1725954835280500371,-0.052124038338661194,0.8931219577789307
1725954835309787209,-0.05156051740050316,0.8273608684539795
1725954835331840575,-0.049056921154260635,0.7762566804885864
1725954835358438380,-0.044739507138729095,0.7201228141784668
1725954835391097032,-0.03944910317659378,0.6631178855895996
1725954835412583896,-0.03393024578690529,0.5892001986503601
1725954835434419253,-0.027629507705569267,0.5383951663970947
1725954835460466194,-0.019645245745778084,0.47450965642929077
1725954835489599615,-0.009420327842235565,0.22450965642929077
1725954835520015600,0.0022587962448596954,0.0
1725954835540339601,0.013515403494238853,0.0
1725954835563677808,0.02375883236527443,0.0
1725954835586175927,0.032721083611249924,0.0
1725954835615665487,0.03825969994068146,0.0
1725954835641174772,0.03860240802168846,0.0
1725954835661241507,0.03534500300884247,0.0
1725954835691633246,0.031201448291540146,0.0
1725954835717046751,0.027594314888119698,0.0
1725954835737495815,0.025043275207281113,0.0
1725954835762821076,0.023543955758213997,0.0
1725954835785879952,0.02285691350698471,0.0
1725954835809040236,0.02269088290631771,0.0
1725954835829585251,0.022797027602791786,0.0
1725954835859789733,0.02300180122256279,0.0
1725954835888602413,0.023204762488603592,0.0
1725954835911982941,0.023361077532172203,0.0
1725954835939144565,0.023461081087589264,0.0
1725954835961911307,0.02351313829421997,0.0
1725954835990147283,0.02353183925151825,0.0
1725954836017034176,0.023531289771199226,0.0
1725954836038239276,0.023522188887000084,0.0
1725954836061319312,0.023511286824941635,0.0
1725954836087343486,0.023502033203840256,0.0
1725954836113147568,0.0,0.0
1725954836136544991,0.0,0.0
1725954836161051421,0.0,0.0
1725954836182700224,0.0,0.0
1725954836210349672,0.0,0.0
1725954836235628363,0.0,0.0
1725954836258812407,0.0,0.0
1725954836287982287,0.0,0.0
1725954836315598270,0.0,0.0
1725954836335110302,0.0,0.0
1725954836362940753,0.0,0.0
1725954836391342076,0.0,0.0
1725954836414610435,0.0,0.0
1725954836438969410,0.0,0.0
1725954836458862961,0.0,0.0
1725954836487948131,0.0,0.0
1725954836512027776,0.0,0.0
1725954836535079908,0.0,0.0
1725954836558217828,0.0,0.0
1725954836591112350,0.0,0.0
1725954836618320626,0.0,0.0
1725954836636277299,0.0,0.0
1725954836661497355,0.0,0.0
1725954836687528768,0.0,0.0
1725954836711188333,0.0,0.0
1725954836734937257,0.0,0.0
1725954836757591669,0.0,0.0
1725954836791392291,0.0,0.0
1725954836815979712,0.0,0.0
1725954836837203714,0.0,0.0
1725954836874829973,0.0,0.0
1725954836901852507,0.0,0.0
1725954836927554522,0.0,0.0
1725954836951027876,0.0,0.0
1725954836975892859,0.0,0.0
1725954837004757938,0.0,0.0
1725954837026669726,0.0,0.0
1725954837044707150,0.0,0.0
1725954837066805285,0.0,0.0
1725954837099558830,0.0,0.0
1725954837124199094,0.0,0.0
1725954837142816583,0.0,0.0
1725954837169103119,0.0,0.0
1725954837203407618,0.0,0.0
1725954837224585385,0.0,0.0
1725954837248665137,0.0,0.0
1725954837273126448,0.0,0.0
1725954837301212177,0.0,0.0
1725954837322656023,0.0,0.0
1725954837348486777,0.0,0.0
1725954837378487070,0.0,0.0
1725954837403118254,0.0,0.0
1725954837434330921,0.0,0.0
1725954837451164955,0.0,0.0
1725954837478935257,0.0,0.0
1725954837501686829,0.0,0.0
1725954837532254930,0.0,0.0
1725954837552584304,0.0,0.0
1725954837573350242,0.0,0.0
1725954837602281807,0.0,0.0
1725954837631381951,0.0,0.0
1725954837651903699,0.0,0.0
1725954837676465782,0.0,0.0
1725954837708904580,0.0,0.0
1725954837735106548,0.0,0.0
1725954837754296937,0.0,0.0
1725954837776634449,0.0,0.0
1725954837806499558,0.0,0.0
1725954837832686299,0.0,0.0
1725954837854779149,0.0,0.0
1725954837893757898,0.0,0.0
1725954837916264828,0.0,0.0
1725954837939208855,0.0,0.0
1725954837959666924,0.0,0.0
1725954837988857852,0.0,0.0
1725954838013132460,0.0,0.0
1725954838040950512,0.0,0.0
1725954838062988162,0.0,0.0
1725954838082890384,0.0,0.0
1725954838118220052,0.0,0.0
1725954838143593303,0.0,0.0
1725954838163083628,0.0,0.0
1725954838185491570,0.0,0.0
1725954838215633967,0.0,0.0
1725954838241373795,0.0,0.0
1725954838261825269,0.0,0.0
1725954838282118839,0.0,0.0
1725954838314470324,0.0,0.0
1725954838338870274,0.0,0.0
1725954838357548828,0.0,0.0
1725954838387645467,0.0,0.0
1725954838418770260,0.0,0.0
1725954838441028722,0.0,0.0
1725954838462333008,0.0,0.0
1725954838488218662,0.0,0.0
1725954838517364444,0.0,0.0
1725954838537703312,0.0,0.0
1725954838563275428,0.0,0.0
1725954838590555774,0.0,0.0
1725954838618743391,0.0,0.0
1725954838644678157,0.0,0.0
1725954838664826022,0.0,0.0
1725954838688633455,0.0,0.0
1725954838711382354,0.0,0.0
1725954838738562792,0.0,0.0
1725954838762412941,0.0,0.0
1725954838789675183,0.0,0.0
1725954838810953877,0.0,0.0
1725954838841004473,0.0,0.0
1725954838859751528,0.0,0.0
1725954838893992559,0.0,0.0
1725954838921096636,0.0,0.0
1725954838945749759,0.0,0.0
1725954838966953257,0.0,0.0
1725954838993632214,0.0,0.0
1725954839021541999,0.0,0.0
1725954839044483165,0.0,0.0
1725954839064572202,0.0,0.0
1725954839089592192,0.0,0.0
1725954839115518139,0.0,0.0
1725954839143351821,0.0,0.0
1725954839163106080,0.0,0.0
1725954839187916408,0.0,0.0
1725954839218559861,0.0,0.0
1725954839239086561,0.0,0.0
1725954839263041290,0.0,0.0
1725954839285908112,0.0,0.0
1725954839314308714,0.0,0.0
1725954839340036623,0.0,0.0
1725954839365481385,0.0,0.0
1725954839393358450,0.0,0.0
1725954839427197924,0.0,0.0
1725954839451762704,0.0,0.0
1725954839472524470,0.0,0.0
1725954839497375159,0.0,0.0
1725954839524558803,0.0,0.0
1725954839556180622,0.0,0.0
1725954839575791020,0.0,0.0
1725954839597360132,0.0,0.0
1725954839631766612,0.0,0.0
1725954839651482581,0.0,0.0
1725954839673078187,0.0,0.0
1725954839695851680,0.0,0.0
1725954839725907895,0.0,0.0
1725954839750455960,0.0,0.0
1725954839770999006,0.0,0.0
1725954839797384859,0.0,0.0
1725954839818800493,0.0,0.0
1725954839848063809,0.0,0.0
1725954839867465533,0.0,0.0
1725954839899494741,0.0,0.0
1725954839926566724,0.0,0.0
1725954839946760980,0.0,0.0
1725954839969903134,0.0,0.0
1725954839995842248,0.0,0.0
1725954840023371942,0.0,0.0
1725954840049248097,0.0,0.0
1725954840072374731,0.0,0.0
1725954840096767320,0.0,0.0
1725954840117244058,0.0,0.0
1725954840146590215,0.0,0.0
1725954840170929225,0.0,0.0
1725954840193020708,0.0,0.0
1725954840217441325,0.0,0.0
1725954840246802497,0.0,0.0
1725954840268518374,0.0,0.0
1725954840290737694,0.0,0.0
1725954840318402634,0.0,0.0
1725954840344395131,0.0,0.0
1725954840367051577,0.0,0.0
1725954840399572278,0.0,0.0
1725954840423219107,0.0,0.0
1725954840452741287,0.0,0.0
1725954840472220540,0.0,0.0
1725954840494340221,0.0,0.0
1725954840520227421,0.0,0.0
1725954840552471374,0.0,0.0
1725954840576161033,0.0,0.0
1725954840601985770,0.0,0.0
1725954840630382717,0.0,0.0
1725954840655647170,0.0,0.0
1725954840674364775,0.0,0.0
1725954840697090809,0.0,0.0
1725954840722243654,0.0,0.0
1725954840746265281,0.0,0.0
1725954840772234724,0.0,0.0
1725954840795577948,0.0,0.0
1725954840821696692,0.0,0.0
1725954840848533067,0.0,0.0
1725954840869464122,0.0,0.0
1725954840898172058,0.0,0.0
1725954840924899580,0.0,0.0
1725954840952181014,0.0,0.0
1725954840976582143,0.0,0.0
1725954841002507797,0.0,0.0
1725954841029038075,0.0,0.0
1725954841055311432,0.0,0.0
1725954841075784489,0.0,0.0
1725954841102124160,0.0,0.0
1725954841126433765,0.0,0.0
1725954841153472301,0.0,0.0
1725954841172673501,0.0,0.0
1725954841197028963,0.0,0.0
1725954841226098991,0.0,0.0
1725954841252346976,0.0,0.0
1725954841273175113,0.0,0.0
1725954841294750726,0.0,0.0
1725954841336642009,0.0,0.0
1725954841358917588,0.0,0.0
1725954841382935852,0.0,0.0
1725954841410869990,0.0,0.0
1725954841436734183,0.0,0.0
1725954841465417594,0.0,0.0
1725954841484927503,0.0,0.0
1725954841513883953,0.0,0.0
1725954841533112282,0.0,0.0
1725954841564709957,0.0,0.0
1725954841584156406,0.0,0.0
1725954841611696113,0.0,0.0
1725954841630205523,0.0,0.0
1725954841658164305,0.0,0.0
1725954841677422276,0.0,0.0
1725954841702625148,0.0,0.0
1725954841727261612,0.0,0.0
1725954841754841107,0.0,0.0
1725954841777644602,0.0,0.0
1725954841798191870,0.0,0.0
1725954841825073748,0.0,0.0
1725954841856240429,0.0,0.0
1725954841875565842,0.0,0.0
1725954841903878177,0.0,0.0
1725954841937681894,0.0,0.0
1725954841962614362,0.0,0.0
1725954841986459528,0.0,0.0
1725954842008383951,0.0,0.0
1725954842037958098,0.0,0.0
1725954842063353748,0.0,0.0
1725954842087938426,0.0,0.0
1725954842107520607,0.0,0.0
1725954842136328189,0.0,0.0
1725954842170112932,0.0,0.0
1725954842217796445,0.0,0.0
1725954842263164367,0.0,0.0
1725954842287615631,0.0,0.0
1725954842313979461,0.0,0.0
1725954842337369546,0.0,0.0
1725954842363656273,0.0,0.0
1725954842382585397,0.0,0.0
1725954842415128101,0.0,0.0
1725954842437466665,0.0,0.0
1725954842468861168,0.0,0.0
1725954842490060182,0.0,0.0
1725954842513381483,0.0,0.0
1725954842538732107,0.0,0.0
1725954842562768597,0.0,0.0
1725954842581535013,0.0,0.0
1725954842604420707,0.0,0.0
1725954842630748977,0.0,0.0
1725954842659357254,0.0,0.0
1725954842677017536,0.0,0.0
1725954842698931173,0.0,0.0
1725954842731541443,0.0,0.0
1725954842756205920,0.0,0.0
1725954842778258994,0.0,0.0
1725954842798063002,0.0,0.0
1725954842828550587,0.0,0.0
1725954842855570067,0.0,0.0
1725954842872464538,0.0,0.0
1725954842902993116,0.0,0.0
1725954842929690735,0.0,0.0
1725954842955254228,0.0,0.0
1725954842978768093,0.0,0.0
1725954843000497574,0.0,0.0
1725954843028222610,0.0,0.0
1725954843058416908,0.0,0.0
1725954843085643019,0.0,0.0
1725954843108945143,0.0,0.0
1725954843131938589,0.0,0.0
1725954843161127754,0.0,0.0
1725954843182648060,0.0,0.0
1725954843205610466,0.0,0.0
1725954843227992281,0.0,0.0
1725954843256201573,0.0,0.0
1725954843276201111,0.0,0.0
1725954843307388810,0.0,0.0
1725954843331629377,0.0,0.0
1725954843359741082,0.0,0.0
1725954843380679884,0.0,0.0
1725954843417276708,0.0,0.0
1725954843445176995,0.0,0.0
1725954843468927977,0.0,0.0
1725954843492578302,0.0,0.0
1725954843518132442,0.0,0.0
1725954843540802508,0.0,0.0
1725954843565500496,0.0,0.0
1725954843588508791,0.0,0.0
1725954843609336329,0.0,0.0
1725954843635737884,0.0,0.0
1725954843664149614,0.0,0.0
1725954843687020125,0.0,0.0
1725954843713251106,0.0,0.0
1725954843734685086,0.0,0.0
1725954843762965049,0.0,0.0
1725954843785131373,0.0,0.0
1725954843811729192,0.0,0.0
1725954843833232274,0.0,0.0
1725954843865745123,0.0,0.0
1725954843884921413,0.0,0.0
1725954843916755837,0.0,0.0
1725954843946862419,0.0,0.0
1725954843969252933,0.0,0.0
1725954843990502393,0.0,0.0
1725954844014599805,0.0,0.0
1725954844043173460,0.0,0.0
1725954844066827195,0.0,0.0
1725954844088336156,0.0,0.0
1725954844110908794,0.0,0.0
1725954844139420157,0.0,0.0
1725954844163466603,0.0,0.0
1725954844185761830,0.0,0.0
1725954844211819325,0.0,0.0
1725954844238707611,0.0,0.0
1725954844265949491,0.0,0.0
1725954844286869490,0.0,0.0
1725954844310385434,0.0,0.0
1725954844332661312,0.0,0.0
1725954844361360732,0.0,0.0
1725954844379574401,0.0,0.0
1725954844412104828,0.0,0.0
1725954844434918240,0.0,0.0
1725954844458056499,0.0,0.0
1725954844488284974,0.0,0.0
1725954844505202475,0.0,0.0
1725954844535142497,0.0,0.0
1725954844558579681,0.0,0.0
1725954844585057079,0.0,0.0
1725954844607135234,0.0,0.0
1725954844637371072,0.0,0.0
1725954844675546243,0.0,0.0
1725954844694441742,0.0,0.0
1725954844719656754,0.0,0.0
1725954844745929080,0.0,0.0
1725954844775843238,0.0,0.0
1725954844797670729,0.0,0.0
1725954844819032838,0.0,0.0
1725954844850957431,0.0,0.0
1725954844871144181,0.0,0.0
1725954844890710458,0.0,0.0
1725954844918777503,0.0,0.0
1725954844942971436,0.0,0.0
1725954844974117309,0.0,0.0
1725954844998661515,0.0,0.0
1725954845027911277,0.0,0.0
1725954845056383834,0.0,0.0
1725954845083478652,0.0,0.0
1725954845107849424,0.0,0.0
1725954845134185883,0.0,0.0
1725954845158718240,0.0,0.0
1725954845194771162,0.0,0.0
1725954845215890155,0.0,0.0
1725954845236605186,0.0,0.0
1725954845263395453,0.0,0.0
1725954845288921552,0.0,0.0
1725954845317087024,0.0,0.0
1725954845339222402,0.0,0.0
1725954845369309254,0.0,0.0
1725954845397508702,0.0,0.0
1725954845418350182,0.0,0.0
1725954845458082344,0.0,0.0
1725954845477933281,0.0,0.0
1725954845507844507,0.0,0.0
1725954845530943248,0.0,0.0
1725954845560152740,0.0,0.0
1725954845591090505,0.0,0.0
1725954845612583757,0.0,0.0
1725954845640674290,0.0,0.0
1725954845664533908,0.0,0.0
1725954845690778972,0.0,0.0
1725954845713739734,0.0,0.0
1725954845736081078,0.0,0.0
1725954845758239543,0.0,0.0
1725954845779783921,0.0,0.0
1725954845808288997,0.0,0.0
1725954845835558141,0.0,0.0
1725954845857939663,0.0,0.0
1725954845882022041,0.0,0.0
1725954845910551420,0.0,0.0
1725954845936018425,0.0,0.0
1725954845966292248,0.0,0.0
1725954845990720189,0.0,0.0
1725954846019798184,0.0,0.0
1725954846039612321,0.0,0.0
1725954846062109542,0.0,0.0
1725954846088238166,0.0,0.0
1725954846119655898,0.0,0.0
1725954846139173438,0.0,0.0
1725954846165909629,0.0,0.0
1725954846192187093,0.0,0.0
1725954846218261178,0.0,0.0
1725954846246265057,0.0,0.0
1725954846264937841,0.0,0.0
1725954846300278672,0.0,0.0
1725954846320736745,0.0,0.0
1725954846342993810,0.0,0.0
1725954846369805363,0.0,0.0
1725954846391599007,0.0,0.0
1725954846420252947,0.0,0.0
1725954846442455954,0.0,0.0
1725954846469836750,0.0,0.0
1725954846491967241,0.0,0.0
1725954846520280415,0.0,0.0
1725954846540553817,0.0,0.0
1725954846566955494,0.0,0.0
1725954846592748504,0.0,0.0
1725954846621973967,0.0,0.0
1725954846641363993,0.0,0.0
1725954846667275024,0.0,0.0
1725954846694601538,0.0,0.0
1725954846718865988,0.0,0.0
1725954846743938541,0.0,0.0
1725954846767909719,0.0,0.0
1725954846796686433,0.0,0.0
1725954846819446923,0.0,0.0
1725954846841510133,0.0,0.0
1725954846865859488,0.0,0.0
1725954846894240798,0.0,0.0
1725954846920683522,0.0,0.0
1725954846940739553,0.0,0.0
1725954846972517932,0.0,0.0
1725954847000985622,0.0,0.0
1725954847024761615,0.0,0.0
1725954847050143204,0.0,0.0
1725954847072694342,0.0,0.0
1725954847105458134,0.0,0.0
1725954847128340417,0.0,0.0
1725954847151573643,0.0,0.0
1725954847177458302,0.0,0.0
1725954847205597032,0.0,0.0
1725954847232713004,0.0,0.0
1725954847253733437,0.0,0.0
1725954847275700737,0.0,0.0
1725954847304887243,0.0,0.0
1725954847332066717,0.0,0.0
1725954847355030561,0.0,0.0
1725954847381307268,0.0,0.0
1725954847412036570,0.0,0.0
1725954847435054723,0.0,0.0
1725954847460784573,0.0,0.0
1725954847493772226,0.0,0.0
1725954847518717618,0.0,0.0
1725954847547509771,0.0,0.0
1725954847568928235,0.0,0.0
1725954847594126043,0.0,0.0
1725954847619049625,0.0,0.0
1725954847651421944,0.0,0.0
1725954847671892817,0.0,0.0
1725954847696701542,0.0,0.0
1725954847731737753,0.0,0.0
1725954847751818385,0.0,0.0
1725954847776957565,0.0,0.0
1725954847801383860,0.0,0.0
1725954847828201672,0.0,0.0
1725954847854691635,0.0,0.0
1725954847878240402,0.0,0.0
1725954847900996317,0.0,0.0
1725954847928549212,0.0,0.0
1725954847955942833,0.0,0.0
1725954847980849824,0.0,0.0
1725954848005135388,0.0,0.0
1725954848037251921,0.0,0.0
1725954848059850060,0.0,0.0
1725954848083153845,0.0,0.0
1725954848104709159,0.0,0.0
1725954848136520795,0.0,0.0
1725954848163792784,0.0,0.0
1725954848183691576,0.0,0.0
1725954848207238426,0.0,0.0
1725954848235041549,0.0,0.0
1725954848257780181,0.0,0.0
1725954848277974560,0.0,0.0
1725954848301134982,0.0,0.0
1725954848332029407,0.0,0.0
1725954848353518179,0.0,0.0
1725954848374942992,0.0,0.0
1725954848397947297,0.0,0.0
1725954848429654604,0.0,0.0
1725954848456491825,0.0,0.0
1725954848476940375,0.0,0.0
1725954848505274431,0.0,0.0
1725954848536329845,0.0,0.0
1725954848563584799,0.0,0.0
1725954848583315827,0.0,0.0
1725954848611213475,0.0,0.0
1725954848635848883,0.0,0.0
1725954848661175396,0.0,0.0
1725954848681860145,0.0,0.0
1725954848713256527,0.0,0.0
1725954848735390649,0.0,0.0
1725954848761563053,0.0,0.0
1725954848783465956,0.0,0.0
1725954848804317990,0.0,0.0
1725954848831708179,0.0,0.0
1725954848855878643,0.0,0.0
1725954848880616886,0.0,0.0
1725954848904584098,0.0,0.0
1725954848936287872,0.0,0.0
1725954848964576778,0.0,0.0
1725954848985517931,0.0,0.0
1725954849022623142,0.0,0.0
1725954849046581994,0.0,0.0
1725954849074000925,0.0,0.0
1725954849096356713,0.0,0.0
1725954849116119111,0.0,0.0
1725954849144847302,0.0,0.0
1725954849170802305,0.0,0.0
1725954849191570366,0.0,0.0
1725954849213696586,0.0,0.0
1725954849246509885,0.0,0.0
1725954849270822518,0.0,0.0
1725954849291798722,0.0,0.0
1725954849314968359,0.0,0.0
1725954849344358304,0.0,0.0
1725954849373319507,0.0,0.0
1725954849394499358,0.0,0.0
1725954849418331804,0.0,0.0
1725954849443883431,0.0,0.0
1725954849472408248,0.0,0.0
1725954849490278369,0.0,0.0
1725954849518782731,0.0,0.0
1725954849550971509,0.0,0.0
1725954849577336252,0.0,0.0
1725954849605077811,0.0,0.0
1725954849626145667,0.0,0.0
1725954849654517977,0.0,0.0
1725954849688255162,0.0,0.0
1725954849707105774,0.0,0.0
1725954849733900403,0.0,0.0
1725954849761060829,0.0,0.0
1725954849789453696,0.0,0.0
1725954849814306906,0.0,0.0
1725954849835993445,0.0,0.0
1725954849863245835,0.0,0.0
1725954849897248692,0.0,0.0
1725954849916460499,0.0,0.0
1725954849937916522,0.0,0.0
1725954849970680698,0.0,0.0
1725954849992019491,0.0,0.0
1725954850018792779,0.0,0.0
1725954850047295291,0.0,0.0
1725954850075285242,0.0,0.0
1725954850103469969,0.0,0.0
1725954850124410351,0.0,0.0
1725954850148225576,0.0,0.0
1725954850172651224,0.0,0.0
1725954850205039185,0.0,0.0
1725954850225037190,0.0,0.0
1725954850250914369,0.0,0.0
1725954850278324407,0.0,0.0
1725954850308417722,0.0,0.0
1725954850330494545,0.0,0.0
1725954850351068746,0.0,0.0
1725954850381384616,0.0,0.0
1725954850407189885,0.0,0.0
1725954850426657774,0.0,0.0
1725954850445811973,0.0,0.0
1725954850474307199,0.0,0.0
1725954850500548539,0.0,0.0
1725954850524706726,0.0,0.0
1725954850550936505,0.0,0.0
1725954850579246111,0.0,0.0
1725954850605485361,0.0,0.0
1725954850627921169,0.0,0.0
1725954850651731895,0.0,0.0
1725954850683019330,0.0,0.0
1725954850703204814,0.0,0.0
1725954850723570532,0.0,0.0
1725954850746989830,0.0,0.0
1725954850777528481,0.0,0.0
1725954850808028934,0.0,0.0
1725954850829168963,0.0,0.0
1725954850854318640,0.0,0.0
1725954850875269456,0.0,0.0
1725954850906191190,0.0,0.0
1725954850928393866,0.0,0.0
1725954850950601787,0.0,0.0
1725954850980775028,0.0,0.0
1725954851009502669,0.0,0.0
1725954851032431441,0.0,0.0
1725954851071868194,0.0,0.0
1725954851098807102,0.0,0.0
1725954851129251020,0.0,0.0
1725954851147967960,0.0,0.0
1725954851177074219,0.0,0.0
1725954851206439771,0.0,0.0
1725954851233025944,0.0,0.0
1725954851253050977,0.0,0.0
1725954851277657246,0.0,0.0
1725954851304823202,0.0,0.0
1725954851330014988,0.0,0.0
1725954851351244603,0.0,0.0
1725954851373373154,0.0,0.0
1725954851399776608,0.0,0.0
1725954851424512578,0.0,0.0
1725954851447190929,0.0,0.0
1725954851470854556,0.0,0.0
1725954851501093312,0.0,0.0
1725954851526011288,0.0,0.0
1725954851546700711,0.0,0.0
1725954851593501922,0.0,0.0
1725954851617618324,0.0,0.0
1725954851642004719,0.0,0.0
1725954851662362524,0.0,0.0
1725954851687521128,0.0,0.0
1725954851715128679,0.0,0.0
1725954851748694434,0.0,0.0
1725954851768878550,0.0,0.0
1725954851791712662,0.0,0.0
1725954851822988044,0.0,0.0
1725954851847812917,0.0,0.0
1725954851874773211,0.0,0.0
1725954851897583847,0.0,0.0
1725954851927508268,0.0,0.0
1725954851956656095,0.0,0.0
1725954851977278732,0.0,0.0
1725954852000977878,0.0,0.0
1725954852025088468,0.0,0.0
1725954852052741306,0.0,0.0
1725954852071233579,0.0,0.0
1725954852109454632,0.0,0.0
1725954852139815847,0.0,0.0
1725954852165767691,0.0,0.0
1725954852185733381,0.0,0.0
1725954852211504905,0.0,0.0
1725954852235491856,0.0,0.0
1725954852269513837,0.0,0.0
1725954852292484534,0.0,0.0
1725954852316435454,0.0,0.0
1725954852341434915,0.0,0.0
1725954852372954933,0.0,0.0
1725954852393600264,0.0,0.0
1725954852416095350,0.0,0.0
1725954852440430964,0.0,0.0
1725954852471567351,0.0,0.0
1725954852494607836,0.0,0.0
1725954852521932227,0.0,0.0
1725954852542043996,0.0,0.0
1725954852569083407,0.0,0.0
1725954852590780379,0.0,0.0
1725954852620622515,0.0,0.0
1725954852647138286,0.0,0.0
1725954852675682018,0.0,0.0
1725954852692357508,0.0,0.0
1725954852717409256,0.0,0.0
1725954852744874263,0.0,0.0
1725954852768281161,0.0,0.0
1725954852789617931,0.0,0.0
1725954852814892619,0.0,0.0
1725954852841688322,0.0,0.0
1725954852868244213,0.0,0.0
1725954852888195165,0.0,0.0
1725954852910479689,0.0,0.0
1725954852938767228,0.0,0.0
1725954852963787132,0.0,0.0
1725954852983097740,0.0,0.0
1725954853006064163,0.0,0.0
1725954853037272066,0.0,0.0
1725954853061491136,0.0,0.0
1725954853084652373,0.0,0.0
1725954853115878091,0.0,0.0
1725954853146225792,0.0,0.0
1725954853177947552,0.0,0.0
1725954853196430161,0.0,0.0
1725954853219650334,0.0,0.0
1725954853243073879,0.0,0.0
1725954853277868283,0.0,0.0
1725954853295232845,0.0,0.0
1725954853320903839,0.0,0.0
1725954853343790264,0.0,0.0
1725954853374322852,0.0,0.0
1725954853391258048,0.0,0.0
1725954853417036111,0.0,0.0
1725954853443523072,0.0,0.0
1725954853467570650,0.0,0.0
1725954853490078450,0.0,0.0
1725954853516195362,0.0,0.0
1725954853549981650,0.0,0.0
1725954853575324576,0.0,0.0
1725954853591625040,0.0,0.0
1725954853620079587,0.0,0.0
1725954853645762213,0.0,0.0
1725954853670620307,0.0,0.0
1725954853697092941,0.0,0.0
1725954853717837331,0.0,0.0
1725954853754269878,0.0,0.0
1725954853776909171,0.0,0.0
1725954853799357858,0.0,0.0
1725954853822562325,0.0,0.0
1725954853847456357,0.0,0.0
1725954853876633244,0.0,0.0
1725954853898945645,0.0,0.0
1725954853923911000,0.0,0.0
1725954853952277375,0.0,0.0
1725954853978446435,0.0,0.0
1725954853999214678,0.0,0.0
1725954854030411199,0.0,0.0
1725954854057992019,0.0,0.0
1725954854081995466,0.0,0.0
1725954854101615625,0.0,0.0
1725954854136718936,0.0,0.0
1725954854166432853,0.0,0.0
1725954854190052841,0.0,0.0
1725954854212448647,0.0,0.0
1725954854240089307,0.0,0.0
1725954854270749020,0.0,0.0
1725954854296301145,0.0,0.0
1725954854318601939,0.0,0.0
1725954854343312209,0.0,0.0
1725954854372201303,0.0,0.0
1725954854398397608,0.0,0.0
1725954854422585546,0.0,0.0
1725954854445394397,0.0,0.0
1725954854485381177,0.0,0.0
1725954854507009506,0.0,0.0
1725954854530575019,0.0,0.0
1725954854550260276,0.0,0.0
1725954854573228351,0.0,0.0
1725954854601088002,0.0,0.0
1725954854621496335,0.0,0.0
1725954854662486534,0.0,0.0
1725954854707298457,0.0,0.0
1725954854731795500,0.0,0.0
1725954854753301178,0.0,0.0
1725954854776081139,0.0,0.0
1725954854809509637,0.0,0.0
1725954854837021195,0.0,0.0
1725954854861871525,0.0,0.0
1725954854888284653,0.0,0.0
1725954854915229583,0.0,0.0
1725954854942964165,0.0,0.0
1725954854962562114,0.0,0.0
1725954854989319548,0.0,0.0
1725954855011749510,0.0,0.0
1725954855040367596,0.0,0.0
1725954855059504115,0.0,0.0
1725954855085606648,0.0,0.0
1725954855111934243,0.0,0.0
1725954855140362496,0.0,0.0
1725954855177458297,0.0,0.0
1725954855201467087,0.0,0.0
1725954855230525528,0.0,0.0
1725954855248104973,0.0,0.0
1725954855275123099,0.0,0.0
1725954855300759146,0.0,0.0
1725954855326098329,0.0,0.0
1725954855345802798,0.0,0.0
1725954855366421529,0.0,0.0
1725954855400215049,0.0,0.0
1725954855429106681,0.0,0.0
1725954855448380334,0.0,0.0
1725954855472251850,0.0,0.0
1725954855495605112,0.0,0.0
1725954855527865010,0.0,0.0
1725954855547447721,0.0,0.0
1725954855570613369,0.0,0.0
1725954855601414425,0.0,0.0
1725954855624418824,0.0,0.0
1725954855648768476,0.0,0.0
1725954855674838758,0.0,0.0
1725954855705887267,0.0,0.0
1725954855730294136,0.0,0.0
1725954855751783563,0.0,0.0
1725954855770928879,0.0,0.0
1725954855797726724,0.0,0.0
1725954855828740934,0.0,0.0
1725954855848444733,0.0,0.0
1725954855872905205,0.0,0.0
1725954855896146789,0.0,0.0
1725954855930445521,0.0,0.0
1725954855949160451,0.0,0.0
1725954855970676939,0.0,0.0
1725954856001228501,0.0,0.0
1725954856033376499,0.0,0.0
1725954856051632790,0.0,0.0
1725954856075999408,0.0,0.0
1725954856102194957,0.0,0.0
1725954856133974644,0.0,0.0
1725954856153828199,0.0,0.0
1725954856180972985,0.0,0.0
1725954856217429598,0.0,0.0
1725954856238430685,0.0,0.0
1725954856263342850,0.0,0.0
1725954856283720151,0.0,0.0
1725954856308973539,0.0,0.0
1725954856337126806,0.0,0.0
1725954856362286062,0.0,0.0
1725954856389466349,0.0,0.0
1725954856413945619,0.0,0.0
1725954856440396531,0.0,0.0
1725954856465112888,0.0,0.0
1725954856489015545,0.0,0.0
1725954856513294570,0.0,0.0
1725954856545670566,0.0,0.0
1725954856562254871,0.0,0.0
1725954856589489137,0.0,0.0
1725954856614958829,0.0,0.0
1725954856644760608,0.0,0.0
1725954856664829520,0.0,0.0
1725954856704813635,0.0,0.0
1725954856737950529,0.0,0.0
1725954856759868302,0.0,0.0
1725954856784768499,0.0,0.0
1725954856804336195,0.0,0.0
1725954856833710807,0.0,0.0
1725954856859576768,0.0,0.0
1725954856880163385,0.0,0.0
1725954856905222197,0.0,0.0
1725954856940308908,0.0,0.0
1725954856963739284,0.0,0.0
1725954856982144881,0.0,0.0
1725954857006526253,0.0,0.0
1725954857035324976,0.0,0.0
1725954857057988349,0.0,0.0
1725954857076096804,0.0,0.0
1725954857098719501,0.0,0.0
1725954857126263280,0.0,0.0
1725954857155101384,0.0,0.0
1725954857175460086,0.0,0.0
1725954857205614362,0.0,0.0
1725954857234815861,0.0,0.0
1725954857260403619,0.0,0.0
1725954857288762528,0.0,0.0
1725954857309854582,0.0,0.0
1725954857336729076,0.0,0.0
1725954857363420469,0.0,0.0
1725954857384464574,0.0,0.0
1725954857409846229,0.0,0.0
1725954857433588905,0.0,0.0
1725954857461484779,0.0,0.0
1725954857484151245,0.0,0.0
1725954857509030329,0.0,0.0
1725954857535214375,0.0,0.0
1725954857556623885,0.0,0.0
1725954857579768963,0.0,0.0
1725954857608899007,0.0,0.0
1725954857633765123,0.0,0.0
1725954857666168589,0.0,0.0
1725954857682427382,0.0,0.0
1725954857719657449,0.0,0.0
1725954857747388036,0.0,0.0
1725954857768204473,0.0,0.0
1725954857794564280,0.0,0.0
1725954857815004223,0.0,0.0
1725954857845286603,0.0,0.0
1725954857869214848,0.0,0.0
1725954857895421419,0.0,0.0
1725954857918236209,0.0,0.0
1725954857945532213,0.0,0.0
1725954857971378171,0.0,0.0
1725954857994251278,0.0,0.0
1725954858013942695,0.0,0.0
1725954858042323934,0.0,0.0
1725954858071895606,0.0,0.0
1725954858092129270,0.0,0.0
1725954858116509284,0.0,0.0
1725954858140480007,0.0,0.0
1725954858177196628,0.0,0.0
1725954858196886974,0.0,0.0
1725954858221223341,0.0,0.0
1725954858248499864,0.0,0.0
1725954858273773485,0.0,0.0
1725954858295628883,0.0,0.0
1725954858321152174,0.0,0.0
1725954858347185723,0.0,0.0
1725954858376170181,0.0,0.0
1725954858398434763,0.0,0.0
1725954858418677298,0.0,0.0
1725954858452289287,0.0,0.0
1725954858475459691,0.0,0.0
1725954858504146561,0.0,0.0
1725954858526620903,0.0,0.0
1725954858551252911,0.0,0.0
1725954858577634875,0.0,0.0
1725954858601164162,0.0,0.0
1725954858627635089,0.0,0.0
1725954858648804060,0.0,0.0
1725954858681601565,0.0,0.0
1725954858699453364,0.0,0.0
1725954858724962714,0.0,0.0
1725954858752641565,0.0,0.0
1725954858779791653,0.0,0.0
1725954858803467318,0.0,0.0
1725954858821977501,0.0,0.0
1725954858854041848,0.0,0.0
1725954858879383515,0.0,0.0
1725954858904130384,0.0,0.0
1725954858925181035,0.0,0.0
1725954858955183996,0.0,0.0
1725954858978362699,0.0,0.0
1725954859001549617,0.0,0.0
1725954859019681344,0.0,0.0
1725954859056253610,0.0,0.0
1725954859082854137,0.0,0.0
1725954859103072515,0.0,0.0
1725954859125611389,0.0,0.0
1725954859150502968,0.0,0.0
1725954859175873427,0.0,0.0
1725954859199987621,0.0,0.0
1725954859226915703,0.0,0.0
1725954859255901182,0.0,0.0
1725954859286607839,0.0,0.0
1725954859309730897,0.0,0.0
1725954859334980592,0.0,0.0
1725954859357877198,0.0,0.0
1725954859385529869,0.0,0.0
1725954859406177331,0.0,0.0
1725954859433638000,0.0,0.0
1725954859451417681,0.0,0.0
1725954859479675510,0.0,0.0
1725954859500424917,0.0,0.0
1725954859522395811,0.0,0.0
1725954859547957001,0.0,0.0
1725954859575903620,0.0,0.0
1725954859595175312,0.0,0.0
1725954859622464164,0.0,0.0
1725954859650892365,0.0,0.0
1725954859674120434,0.0,0.0
1725954859695845962,0.0,0.0
1725954859717625940,0.0,0.0
1725954859747734189,0.0,0.0
1725954859772510951,0.0,0.0
1725954859794094835,0.0,0.0
1725954859817758101,0.0,0.0
1725954859847444310,0.0,0.0
1725954859874286038,0.0,0.0
1725954859895590996,0.0,0.0
1725954859917078088,0.0,0.0
1725954859945293787,0.0,0.0
1725954859975964756,0.0,0.0
1725954859994509200,0.0,0.0
1725954860016189551,0.0,0.0
1725954860042769350,0.0,0.0
1725954860069902276,0.0,0.0
1725954860091542603,0.0,0.0
1725954860113900463,0.0,0.0
1725954860145335114,0.0,0.0
1725954860169685686,0.0,0.0
1725954860209104665,0.0,0.0
1725954860317533101,0.0,0.0
1725954860351263517,0.0,0.0
1725954860378526128,0.0,0.0
1725954860398991253,0.0,0.0
1725954860426644451,0.0,0.0
1725954860455170754,0.0,0.0
1725954860474735749,0.0,0.0
1725954860493715727,0.0,0.0
1725954860515165991,0.0,0.0
1725954860543452839,0.0,0.0
1725954860577010344,0.0,0.0
1725954860597311244,0.0,0.0
1725954860619718201,0.0,0.0
1725954860645753367,0.0,0.0
1725954860668231130,0.0,0.0
1725954860694150093,0.0,0.0
1725954860718453426,0.0,0.0
1725954860749503142,0.0,0.0
1725954860770984895,0.0,0.0
1725954860806238252,0.0,0.0
1725954860828584800,0.0,0.0
1725954860855400147,0.0,0.0
1725954860876714415,0.0,0.0
1725954860905075988,0.0,0.0
1725954860929919316,0.0,0.0
1725954860957651909,0.0,0.0
1725954860981591872,0.0,0.0
1725954861004719889,0.0,0.0
1725954861036740623,0.0,0.0
1725954861062710940,0.0,0.0
1725954861082139035,0.0,0.0
1725954861104116617,0.0,0.0
1725954861140281104,0.0,0.0
1725954861157292316,0.0,0.0
1725954861183149053,0.0,0.0
1725954861207320223,0.0,0.0
1725954861233395056,0.0,0.0
1725954861260539747,0.0,0.0
1725954861283007849,0.0,0.0
1725954861308727492,0.0,0.0
1725954861333459756,0.0,0.0
1725954861361219183,0.0,0.0
1725954861381758434,0.0,0.0
1725954861410361883,0.0,0.0
1725954861433963640,0.0,0.0
1725954861460353116,0.0,0.0
1725954861483254803,0.0,0.0
1725954861512265335,0.0,0.0
1725954861545920368,0.0,0.0
1725954861569931863,0.0,0.0
1725954861597444915,0.0,0.0
1725954861617071632,0.0,0.0
1725954861639595949,0.0,0.0
1725954861667415061,0.0,0.0
1725954861688728645,0.0,0.0
1725954861709863290,0.0,0.0
1725954861740255188,0.0,0.0
1725954861771217881,0.0,0.0
1725954861793878813,0.0,0.0
1725954861818506909,0.0,0.0
1725954861844867572,0.0,0.0
1725954861871707300,0.0,0.0
1725954861890891810,0.0,0.0
1725954861916986471,0.0,0.0
1725954861946722996,0.0,0.0
1725954861973819086,0.0,0.0
1725954861994559639,0.0,0.0
1725954862017979736,0.0,0.0
1725954862050610807,0.0,0.0
1725954862074518601,0.0,0.0
1725954862096479839,0.0,0.0
1725954862129602284,0.0,0.0
1725954862154710310,0.0,0.0
1725954862179538534,0.0,0.0
1725954862204308809,0.0,0.0
1725954862226952798,0.0,0.0
1725954862251798263,0.0,0.0
1725954862279942663,0.0,0.0
1725954862303648443,0.0,0.0
1725954862329546710,0.0,0.0
1725954862358046764,0.0,0.0
1725954862386438567,0.0,0.0
1725954862408056930,0.0,0.0
1725954862436317846,0.0,0.0
1725954862462432901,0.0,0.0
1725954862495512463,0.0,0.0
1725954862521392883,0.0,0.0
1725954862543857625,0.0,0.0
1725954862577031364,0.0,0.0
1725954862595599146,0.0,0.0
1725954862618247536,0.0,0.0
1725954862644575461,0.0,0.0
1725954862678602566,0.0,0.0
1725954862700592751,0.0,0.0
1725954862727716453,0.0,0.0
1725954862746809059,0.0,0.0
1725954862778051345,0.0,0.0
1725954862806673054,0.0,0.0
1725954862826870812,0.0,0.0
1725954862858409106,0.0,0.0
1725954862888727646,0.0,0.0
1725954862915714984,0.0,0.0
1725954862934577911,0.0,0.0
1725954862955746023,0.0,0.0
1725954862987093417,0.0,0.0
1725954863012754105,0.0,0.0
1725954863033196529,0.0,0.0
1725954863055566823,0.0,0.0
1725954863095490695,0.0,0.0
1725954863115180635,0.0,0.0
1725954863140964044,0.0,0.0
1725954863167467499,0.0,0.0
1725954863204444628,0.0,0.0
1725954863235720571,0.0,0.0
1725954863256632916,0.0,0.0
1725954863279943291,0.0,0.0
1725954863305987664,0.0,0.0
1725954863338196380,0.0,0.0
1725954863365901635,0.0,0.0
1725954863395475035,0.0,0.0
1725954863418855973,0.0,0.0
1725954863449589757,0.0,0.0
1725954863469577387,0.0,0.0
1725954863496075344,0.0,0.0
1725954863517980653,0.0,0.0
1725954863546008241,0.0,0.0
1725954863566542187,0.0,0.0
1725954863590709212,0.0,0.0
1725954863617355487,0.0,0.0
1725954863646896320,0.0,0.0
1725954863666111588,0.0,0.0
1725954863690353910,0.0,0.0
1725954863722649758,0.0,0.0
1725954863747338508,0.0,0.0
1725954863769053204,0.0,0.0
1725954863792655729,0.0,0.0
1725954863818242965,0.0,0.0
1725954863849460332,0.0,0.0
1725954863868948932,0.0,0.0
1725954863902309611,0.0,0.0
1725954863926222775,0.0,0.0
1725954863957863711,0.0,0.0
1725954863979171598,0.0,0.0
1725954864003441283,0.0,0.0
1725954864033027558,0.0,0.0
1725954864060230822,0.0,0.0
1725954864080624025,0.0,0.0
1725954864105999506,0.0,0.0
1725954864134082547,0.0,0.0
1725954864159809838,0.0,0.0
1725954864181845490,0.0,0.0
1725954864208179459,0.0,0.0
1725954864233502491,0.0,0.0
1725954864260969114,0.0,0.0
1725954864287601912,0.0,0.0
1725954864309236521,0.0,0.0
1725954864336573588,0.0,0.0
1725954864364060311,0.0,0.0
1725954864384948131,0.0,0.0
1725954864416143823,0.0,0.0
1725954864439887634,0.0,0.0
1725954864471989382,0.0,0.0
1725954864493388004,0.0,0.0
1725954864519427475,0.0,0.0
1725954864545404040,0.0,0.0
1725954864574301358,0.0,0.0
1725954864591113696,0.0,0.0
1725954864620042626,0.0,0.0
1725954864647939411,0.0,0.0
1725954864672272306,0.0,0.0
1725954864695560067,0.0,0.0
1725954864719118826,0.0,0.0
1725954864749407017,0.0,0.0
1725954864772332251,0.0,0.0
1725954864795649351,0.0,0.0
1725954864849031058,0.0,0.0
1725954864874988653,0.0,0.0
1725954864898717690,0.0,0.0
1725954864929375486,0.0,0.0
1725954864960437505,0.0,0.0
1725954864991773951,0.0,0.0
1725954865009438020,0.0,0.0
1725954865035500797,0.0,0.0
1725954865068432271,0.0,0.0
1725954865089643427,0.0,0.0
1725954865111657065,0.0,0.0
1725954865140207815,0.0,0.0
1725954865164407437,0.0,0.0
1725954865190766155,0.0,0.0
1725954865210630158,0.0,0.0
1725954865234829434,0.0,0.0
1725954865260728803,0.0,0.0
1725954865285397400,0.0,0.0
1725954865309012606,0.0,0.0
1725954865331878801,0.0,0.0
1725954865361307115,0.0,0.0
1725954865383921774,0.0,0.0
1725954865412057949,0.0,0.0
1725954865437052027,0.0,0.0
1725954865470189421,0.0,0.0
1725954865495555454,0.0,0.0
1725954865517828437,0.0,0.0
1725954865545177771,0.0,0.0
1725954865568770763,0.0,0.0
1725954865604915306,0.0,0.0
1725954865630604214,0.0,0.0
1725954865651514064,0.0,0.0
1725954865684221742,0.0,0.0
1725954865705715207,0.0,0.0
1725954865727672740,0.0,0.0
1725954865751117429,0.0,0.0
1725954865777994386,0.0,0.0
1725954865802247323,0.0,0.0
1725954865825974866,0.0,0.0
1725954865849339731,0.0,0.0
1725954865873926353,0.0,0.0
1725954865901956203,0.0,0.0
1725954865924608028,0.0,0.0
1725954865951987071,0.0,0.0
1725954865984693543,0.0,0.0
1725954866012292675,0.0,0.0
1725954866032173591,0.0,0.0
1725954866056496240,0.0,0.0
1725954866086198795,0.0,0.0
1725954866120649483,0.0,0.0
1725954866138792497,0.0,0.0
1725954866162908875,0.0,0.0
1725954866190159199,0.0,0.0
1725954866214283242,0.0,0.0
1725954866238027523,0.0,0.0
1725954866261488502,0.0,0.0
1725954866291705412,0.0,0.0
1725954866317777179,0.0,0.0
1725954866343471395,0.0,0.0
1725954866363995525,0.0,0.0
1725954866390293822,0.0,0.0
1725954866418412436,0.0,0.0
1725954866440873649,0.0,0.0
1725954866463858313,0.0,0.0
1725954866493660219,0.0,0.0
1725954866520539338,0.0,0.0
1725954866544520267,0.0,0.0
1725954866570224678,0.0,0.0
1725954866597630670,0.0,0.0
1725954866620542441,0.0,0.0
1725954866641778665,0.0,0.0
1725954866667226352,0.0,0.0
1725954866697695290,0.0,0.0
1725954866728848550,0.0,0.0
1725954866749296263,0.0,0.0
1725954866773508684,0.0,0.0
1725954866800049982,0.0,0.0
1725954866824862537,0.0,0.0
1725954866845744813,0.0,0.0
1725954866874090531,0.0,0.0
1725954866897211724,0.0,0.0
1725954866925465783,0.0,0.0
1725954866947574576,0.0,0.0
1725954866982675340,0.0,0.0
1725954867004034464,0.0,0.0
1725954867031045192,0.0,0.0
1725954867050377298,0.0,0.0
1725954867075911846,0.0,0.0
1725954867099040017,0.0,0.0
1725954867132549843,0.0,0.0
1725954867164538695,0.0,0.0
1725954867186529618,0.0,0.0
1725954867211359235,0.0,0.0
1725954867239838084,0.0,0.0
1725954867264872934,0.0,0.0
1725954867285988147,0.0,0.0
1725954867313756958,0.0,0.0
1725954867337598512,0.0,0.0
1725954867363497651,0.0,0.0
1725954867385700307,0.0,0.0
1725954867406322128,0.0,0.0
1725954867439932776,0.0,0.0
1725954867464016690,0.0,0.0
1725954867488392761,0.0,0.0
1725954867511130243,0.0,0.0
1725954867542145253,0.0,0.0
1725954867566946288,0.0,0.0
1725954867591748317,0.0,0.0
1725954867614543884,0.0,0.0
1725954867641475145,0.0,0.0
1725954867668057366,0.0,0.0
1725954867692236502,0.0,0.0
1725954867720374549,0.0,0.0
1725954867745281944,0.0,0.0
1725954867776553807,0.0,0.0
1725954867797879946,0.0,0.0
1725954867820243911,0.0,0.0
1725954867849124399,0.0,0.0
1725954867872719139,0.0,0.0
1725954867897560738,0.0,0.0
1725954867919488878,0.0,0.0
1725954867945233548,0.0,0.0
1725954867969431531,0.0,0.0
1725954867999280100,0.0,0.0
1725954868023578965,0.0,0.0
1725954868044724144,0.0,0.0
1725954868072600171,0.0,0.0
1725954868093685327,0.0,0.0
1725954868115265833,0.0,0.0
1725954868141885561,0.0,0.0
1725954868168975816,0.0,0.0
1725954868194359938,0.0,0.0
1725954868217890541,0.0,0.0
1725954868244272025,0.0,0.0
1725954868268850501,0.0,0.0
1725954868292091947,0.0,0.0
1725954868315199569,0.0,0.0
1725954868342161309,0.0,0.0
1725954868373287651,0.0,0.0
1725954868393690936,0.0,0.0
1725954868417056066,0.0,0.0
1725954868445780327,0.0,0.0
1725954868474543479,0.0,0.0
1725954868499148001,0.0,0.0
1725954868520049285,0.0,0.0
1725954868547086546,0.0,0.0
1725954868574146198,0.0,0.0
1725954868593608356,0.0,0.0
1725954868620834972,0.0,0.0
1725954868650538139,0.0,0.0
1725954868675890721,0.0,0.0
1725954868694601061,0.0,0.0
1725954868719290090,0.0,0.0
1725954868746069135,0.0,0.0
1725954868769677765,0.0,0.0
1725954868794938397,0.0,0.0
1725954868814713837,0.0,0.0
1725954868838201854,0.0,0.0
1725954868868212264,0.0,0.0
1725954868890616463,0.0,0.0
1725954868914869485,0.0,0.0
1725954868947816122,0.0,0.0
1725954868973485006,0.0,0.0
1725954869002364070,0.0,0.0
1725954869026838184,0.0,0.0
1725954869056877989,0.0,0.0
1725954869080562295,0.0,0.0
1725954869102975671,0.0,0.0
1725954869129113146,0.0,0.0
1725954869159988636,0.0,0.0
1725954869182185465,0.0,0.0
1725954869204937298,0.0,0.0
1725954869232732468,0.0,0.0
1725954869256461019,0.0,0.0
1725954869283229846,0.0,0.0
1725954869306215534,0.0,0.0
1725954869327853423,0.0,0.0
1725954869363934799,0.0,0.0
1725954869384093109,0.0,0.0
1725954869410129681,0.0,0.0
1725954869441073758,0.0,0.0
1725954869472536977,0.0,0.0
1725954869503795881,0.0,0.0
1725954869524729538,0.0,0.0
1725954869551734822,0.0,0.0
1725954869582915677,0.0,0.0
1725954869611500628,0.0,0.0
1725954869630821005,0.0,0.0
1725954869659194508,0.0,0.0
1725954869689808808,0.0,0.0
1725954869710801133,0.0,0.0
1725954869735734106,0.0,0.0
1725954869766450384,0.0,0.0
1725954869790347302,0.0,0.0
1725954869818269181,0.0,0.0
1725954869843033168,0.0,0.0
1725954869865530091,0.0,0.0
1725954869896800719,0.0,0.0
1725954869927892064,0.0,0.0
1725954869949377680,0.0,0.0
1725954869976802529,0.0,0.0
1725954870007563971,0.0,0.0
1725954870035656967,0.0,0.0
1725954870063289340,0.0,0.0
1725954870088610395,0.0,0.0
1725954870113636447,0.0,0.0
1725954870140866832,0.0,0.0
1725954870164921750,0.0,0.0
1725954870193444354,0.0,0.0
1725954870213411911,0.0,0.0
1725954870242051708,0.0,0.0
1725954870264571639,0.0,0.0
1725954870287404721,0.0,0.0
1725954870313846109,0.0,0.0
1725954870343724163,0.0,0.0
1725954870365441841,0.0,0.0
1725954870391613131,0.0,0.0
1725954870423213102,0.0,0.0
1725954870448141836,0.0,0.0
1725954870472000574,0.0,0.0
1725954870489879743,0.0,0.0
1725954870522788622,0.0,0.0
1725954870556329887,0.0,0.0
1725954870575932989,0.0,0.0
1725954870598028107,0.0,0.0
1725954870628636267,0.0,0.0
1725954870651470991,0.0,0.0
1725954870677414387,0.0,0.0
1725954870704915041,0.0,0.0
1725954870731431822,0.0,0.0
1725954870755695111,0.0,0.0
1725954870778149498,0.0,0.0
1725954870806000073,0.0,0.0
1725954870826850894,0.0,0.0
1725954870858860310,0.0,0.0
1725954870882058273,0.0,0.0
1725954870906196077,0.0,0.0
1725954870934449454,0.0,0.0
1725954870959928422,0.0,0.0
1725954870987541119,0.0,0.0
1725954871007602584,0.0,0.0
1725954871036772322,0.0,0.0
1725954871073836007,0.0,0.0
1725954871093538121,0.0,0.0
1725954871118019893,0.0,0.0
1725954871147686739,0.0,0.0
1725954871173584765,0.0,0.0
1725954871195984036,0.0,0.0
1725954871217882266,0.0,0.0
1725954871243908098,0.0,0.0
1725954871269256817,0.0,0.0
1725954871295606730,0.0,0.0
1725954871315210846,0.0,0.0
1725954871347371533,0.0,0.0
1725954871373912557,0.0,0.0
1725954871398185044,0.0,0.0
1725954871422402692,0.0,0.0
1725954871447525904,0.0,0.0
1725954871470398083,0.0,0.0
1725954871495645470,0.0,0.0
1725954871515277793,0.0,0.0
1725954871546929758,0.0,0.0
1725954871579044969,0.0,0.0
1725954871601488699,0.0,0.0
1725954871625156022,0.0,0.0
1725954871648062532,0.0,0.0
1725954871675639455,0.0,0.0
1725954871698192038,0.0,0.0
1725954871722771225,0.0,0.0
1725954871747924155,0.0,0.0
1725954871776273294,0.0,0.0
1725954871801814701,0.0,0.0
1725954871827144236,0.0,0.0
1725954871847736892,0.0,0.0
1725954871878475353,0.0,0.0
1725954871898218765,0.0,0.0
1725954871923651327,0.0,0.0
1725954871953018281,0.0,0.0
1725954871975865986,0.0,0.0
1725954872000912066,0.0,0.0
1725954872024374899,0.0,0.0
1725954872051243697,0.0,0.0
1725954872086945203,0.0,0.0
1725954872110560638,0.02265079878270626,0.05000000074505806
1725954872135536440,0.02265079878270626,0.10000000149011612
1725954872166600170,0.02265079878270626,0.15000000596046448
1725954872192508865,0.02265079878270626,0.2500031590461731
1725954872213841381,0.02265079878270626,0.2500614523887634
1725954872240137530,0.02265079878270626,0.2500031292438507
1725954872263286399,0.02265079878270626,0.2500030994415283
1725954872292522641,0.021468544378876686,0.2988361418247223
1725954872313845247,0.016473934054374695,0.34445813298225403
1725954872341025041,0.006160802207887173,0.4252198040485382
1725954872369787718,-0.008948407135903835,0.4909457862377167
1725954872394322637,-0.027535438537597656,0.6167454123497009
1725954872420439329,-0.04822121188044548,0.6634045243263245
1725954872441634470,-0.06991065293550491,0.7212045192718506
1725954872471515847,-0.09188386052846909,0.7689197659492493
1725954872497625802,-0.11329930275678635,0.8080735206604004
1725954872521316217,-0.13204079866409302,0.8514570593833923
1725954872543898842,-0.14531610906124115,0.8971207737922668
1725954872570092246,-0.15225628018379211,0.9265689849853516
1725954872604205195,-0.15425944328308105,0.9535734057426453
1725954872628987363,-0.15328089892864227,0.9932700395584106
1725954872651490123,-0.15097060799598694,1.0153013467788696
1725954872683426604,-0.14852569997310638,1.0459630489349365
1725954872706436816,-0.14679069817066193,1.0938698053359985
1725954872727434098,-0.14622187614440918,1.1348434686660767
1725954872753815230,-0.14692971110343933,1.1962897777557373
1725954872781524389,-0.14881615340709686,1.228783130645752
1725954872806425430,-0.15192706882953644,1.3161475658416748
1725954872837246875,-0.1565762758255005,1.3795617818832397
1725954872856743637,-0.16252659261226654,1.4355700016021729
1725954872885198515,-0.1688179075717926,1.4752463102340698
1725954872909912218,-0.17460446059703827,1.5192763805389404
1725954872935437709,-0.1796167492866516,1.5513641834259033
1725954872958338055,-0.18382108211517334,1.582833170890808
1725954872987838566,-0.1872759312391281,1.6170016527175903
1725954873013645565,-0.19019657373428345,1.6501222848892212
1725954873037373136,-0.19273117184638977,1.6752548217773438
1725954873061441965,-0.19503815472126007,1.7055858373641968
1725954873090722533,-0.19747447967529297,1.7511011362075806
1725954873123149596,-0.20015178620815277,1.7511011362075806
1725954873146410210,-0.2027539312839508,1.7775163650512695
1725954873172735647,-0.2052631378173828,1.7967551946640015
1725954873200059213,-0.20782580971717834,1.8219282627105713
1725954873226355639,-0.2103843092918396,1.8496055603027344
1725954873255785314,-0.21317614614963531,1.8776087760925293
1725954873276104004,-0.21671773493289948,1.9138132333755493
1725954873310147077,-0.22133928537368774,1.9474104642868042
1725954873334153515,-0.22714382410049438,1.9863187074661255
1725954873361859025,-0.2341291755437851,2.0188026428222656
1725954873384938685,-0.24203303456306458,2.0519309043884277
1725954873414212325,-0.250307559967041,2.077230215072632
1725954873439622870,-0.25833719968795776,2.104351043701172
1725954873461680104,-0.2656566798686981,2.1251742839813232
1725954873485988411,-0.272195965051651,2.1450138092041016
1725954873517674590,-0.2779642939567566,2.1697113513946533
1725954873542097324,-0.2828865647315979,2.1937673091888428
1725954873563910843,-0.2872386574745178,2.2098476886749268
1725954873586603946,-0.2913908064365387,2.2254016399383545
1725954873620484015,-0.2956554889678955,2.2615036964416504
1725954873652014075,-0.30028098821640015,2.275031566619873
1725954873674148824,-0.3049706220626831,2.3057453632354736
1725954873695077854,-0.30949193239212036,2.318408250808716
1725954873727165287,-0.31422266364097595,2.351577043533325
1725954873752695805,-0.31950730085372925,2.3846611976623535
1725954873777331305,-0.32572776079177856,2.402254581451416
1725954873797844346,-0.3333958387374878,2.4348983764648438
1725954873827313776,-0.34254732728004456,2.449056625366211
1725954873856498296,-0.3530343472957611,2.4844260215759277
1725954873879221959,-0.3649168908596039,2.5027413368225098
1725954873901472708,-0.3777894377708435,2.519584894180298
1725954873929868378,-0.3906921446323395,2.5400466918945312
1725954873958614758,-0.4026324152946472,2.5568106174468994
1725954873980847525,-0.4130244553089142,2.567845582962036
1725954874007852883,-0.4221329391002655,2.579930543899536
1725954874035189556,-0.4303807318210602,2.5904603004455566
1725954874059790542,-0.43745285272598267,2.5988800525665283
1725954874087395552,-0.4431525468826294,2.606975555419922
1725954874104474251,-0.44809240102767944,2.614849805831909
1725954874132686629,-0.45297056436538696,2.6220507621765137
1725954874168658425,-0.4581433832645416,2.6286211013793945
1725954874193087658,-0.4634004533290863,2.635160207748413
1725954874219508981,-0.46878013014793396,2.6410837173461914
1725954874245267839,-0.47494152188301086,2.6463282108306885
1725954874270997281,-0.48166874051094055,2.652240037918091
1725954874297816386,-0.4883072078227997,2.6591811180114746
1725954874323228951,-0.4948728084564209,2.66615891456604
1725954874351255776,-0.501458466053009,2.671862840652466
1725954874380501770,-0.5077139139175415,2.6804039478302
1725954874403959523,-0.5134392976760864,2.6867916584014893
1725954874429530911,-0.5188930034637451,2.692185640335083
1725954874455712198,-0.5242603421211243,2.6967971324920654
1725954874481537592,-0.5293444395065308,2.7009594440460205
1725954874505419077,-0.5338277220726013,2.704529285430908
1725954874530002227,-0.5377284288406372,2.707937002182007
1725954874557631114,-0.5409543514251709,2.710963249206543
1725954874580165648,-0.5433568954467773,2.7133548259735107
1725954874606469204,-0.5454396605491638,2.7158102989196777
1725954874629787851,-0.5477823615074158,2.7179956436157227
1725954874662219542,-0.5502005815505981,2.720092535018921
1725954874685763835,-0.5521764755249023,2.721806764602661
1725954874708900333,-0.5532099604606628,2.72348952293396
1725954874732267195,-0.5531235933303833,2.7247519493103027
1725954874762167311,-0.552410364151001,2.7261013984680176
1725954874786206130,-0.5513887405395508,2.726980447769165
1725954874807104484,-0.5500240325927734,2.7284767627716064
1725954874831621661,-0.548254668712616,2.7295310497283936
1725954874865955448,-0.5458682775497437,2.7307374477386475
1725954874890336494,-0.5421419143676758,2.732109546661377
1725954874912929316,-0.5351778268814087,2.7331886291503906
1725954874936401773,-0.5235987305641174,2.7338976860046387
1725954874964539328,-0.5089871883392334,2.734663248062134
1725954874992276658,-0.49432602524757385,2.7353127002716064
1725954875015648430,-0.4819186329841614,2.7359564304351807
1725954875039508356,-0.47290655970573425,2.7364981174468994
1725954875076250832,-0.4667294919490814,2.737137794494629
1725954875097198519,-0.462589293718338,2.7378814220428467
1725954875117943006,-0.4594597816467285,2.738442897796631
1725954875140439482,-0.4554067850112915,2.7390847206115723
1725954875173962464,-0.4505590796470642,2.7398743629455566
1725954875196180973,-0.44695210456848145,2.740949869155884
1725954875220710204,-0.44436466693878174,2.741971969604492
1725954875247093776,-0.4406126141548157,2.743082284927368
1725954875270053553,-0.4340154528617859,2.7444424629211426
1725954875301268149,-0.4237762987613678,2.745544910430908
1725954875323882317,-0.410922646522522,2.746647596359253
1725954875346330710,-0.3972063958644867,2.7484805583953857
1725954875382121133,-0.3841199278831482,2.749814033508301
1725954875402395391,-0.3728258013725281,2.752253293991089
1725954875427959613,-0.3618015646934509,2.7541377544403076
1725954875447362000,-0.34865909814834595,2.756023406982422
1725954875477125273,-0.3329349756240845,2.7577173709869385
1725954875504168883,-0.3154865503311157,2.7594380378723145
1725954875529981519,-0.29843857884407043,2.760923147201538
1725954875555854452,-0.2838001847267151,2.7623815536499023
1725954875585267593,-0.27205654978752136,2.763766050338745
1725954875608641492,-0.2632083594799042,2.764955997467041
1725954875632810135,-0.2567824423313141,2.7661471366882324
1725954875656158798,-0.2514148950576782,2.767303943634033
1725954875683821626,-0.24615702033042908,2.768484354019165
1725954875713011828,-0.2411668300628662,2.769322633743286
1725954875736025338,-0.2363627701997757,2.7702999114990234
1725954875753945914,-0.2363627701997757,2.7702999114990234
1725954875779828941,-0.22415296733379364,2.7719030380249023
1725954875814401767,-0.21678747236728668,2.7724411487579346
1725954875833865912,-0.2096887081861496,2.7730467319488525
1725954875858115756,-0.20301653444766998,2.7736732959747314
1725954875888906432,-0.19637513160705566,2.7742085456848145
1725954875913164535,-0.18901783227920532,2.775033950805664
1725954875934364844,-0.17935357987880707,2.77565860748291
1725954875960977688,-0.16636154055595398,2.7762491703033447
1725954875990401082,-0.15104511380195618,2.776655912399292
1725954876013814142,-0.1353650838136673,2.777076482772827
1725954876033928941,-0.12054630368947983,2.777266502380371
1725954876061772298,-0.1066613718867302,2.7776033878326416
1725954876083753033,-0.09432376176118851,2.7775533199310303
1725954876110475140,-0.08553940057754517,2.7776010036468506
1725954876137545150,-0.08057920634746552,2.7776834964752197
1725954876157906608,-0.07758768647909164,2.777724266052246
1725954876187537112,-0.07501829415559769,2.777740001678467
1725954876227832751,-0.07214925438165665,2.777754306793213
1725954876243189533,-0.06867682933807373,2.7777671813964844
1725954876272659145,-0.06448356062173843,2.777773141860962
1725954876303144983,-0.059617891907691956,2.7777748107910156
1725954876327104963,-0.054118141531944275,2.7777762413024902
1725954876347822140,-0.04801920801401138,2.7777769565582275
1725954876371478050,-0.04157945513725281,2.7777771949768066
1725954876405039937,-0.03519533947110176,2.7777771949768066
1725954876428679818,-0.028989525511860847,2.7777774333953857
1725954876453284943,-0.02235359512269497,2.7777771949768066
1725954876472810694,-0.014734483323991299,2.7777769565582275
1725954876500497683,-0.006838205270469189,2.7777769565582275
1725954876528796371,0.0005996022373437881,2.7777774333953857
1725954876553135745,0.007674789987504482,2.7777774333953857
1725954876573680397,0.014489461667835712,2.7777774333953857
1725954876602321891,0.02100631780922413,2.7777769565582275
1725954876630439378,0.02732228673994541,2.7777767181396484
1725954876653196844,0.033293530344963074,2.7777771949768066
1725954876676016051,0.03846103698015213,2.7777774333953857
1725954876701786263,0.04258473217487335,2.7777774333953857
1725954876738037066,0.045624662190675735,2.7777771949768066
1725954876762014763,0.04753919318318367,2.7777769565582275
1725954876790988078,0.04840701445937157,2.7777771949768066
1725954876814249264,0.04860490933060646,2.7777774333953857
1725954876840257867,0.04842990264296532,2.777777671813965
1725954876863642025,0.0480775386095047,2.777777671813965
1725954876888122942,0.04793404042720795,2.7777771949768066
1725954876917975685,0.04821902513504028,2.7777769565582275
1725954876945754648,0.048946257680654526,2.7777771949768066
1725954876966711726,0.050036873668432236,2.7777774333953857
1725954876994358523,0.05131727457046509,2.777777671813965
1725954877018709049,0.052763815969228745,2.777777671813965
1725954877045637654,0.0544554702937603,2.777777671813965
1725954877069876114,0.056359704583883286,2.7777774333953857
1725954877093113907,0.058445531874895096,2.7777771949768066
1725954877119813245,0.060656946152448654,2.7777769565582275
1725954877147207763,0.0628058910369873,2.7777771949768066
1725954877168937728,0.06475791335105896,2.7777769565582275
1725954877193130955,0.06649771332740784,2.7777767181396484
1725954877230644012,0.06794540584087372,2.7777774333953857
1725954877252103772,0.06893668323755264,2.777777671813965
1725954877275972132,0.06946604698896408,2.7777771949768066
1725954877302915546,0.06971220672130585,2.7777769565582275
1725954877335092041,0.06975486129522324,2.7777769565582275
1725954877363907872,0.06949231028556824,2.7777769565582275
1725954877388194385,0.06888911873102188,2.7777774333953857
1725954877408470524,0.06810706108808517,2.777777671813965
1725954877438747846,0.06746751070022583,2.777777671813965
1725954877472074404,0.06721231341362,2.777777910232544
1725954877493048141,0.06728259474039078,2.777777910232544
1725954877519438658,0.06754158437252045,2.777777910232544
1725954877541209848,0.06790424883365631,2.777777671813965
1725954877569539810,0.06825511157512665,2.7777774333953857
1725954877595829706,0.06860445439815521,2.7777771949768066
1725954877618221238,0.06910951435565948,2.7777774333953857
1725954877651108912,0.06969759613275528,2.777777671813965
1725954877674744835,0.07008253037929535,2.7777774333953857
1725954877700186020,0.07008124142885208,2.7777774333953857
1725954877724151707,0.06965035945177078,2.777777671813965
1725954877749518461,0.06889821588993073,2.7777774333953857
1725954877782671444,0.06798509508371353,2.7777769565582275
1725954877804583167,0.06698280572891235,2.7777774333953857
1725954877841273585,0.06597968935966492,2.777777671813965
1725954877865017707,0.06505981832742691,2.777777671813965
1725954877890909597,0.06482244282960892,2.7777774333953857
1725954877915491370,0.06596044450998306,2.7777769565582275
1725954877942967541,0.06784825772047043,2.7777767181396484
1725954877977745114,0.06944794952869415,2.7777771949768066
1725954877998344382,0.07028087228536606,2.7777774333953857
1725954878025948354,0.07012070715427399,2.7777774333953857
1725954878055687073,0.06904347985982895,2.777777671813965
1725954878083015120,0.06741700321435928,2.777777671813965
1725954878103607525,0.06560784578323364,2.777777910232544
1725954878126709929,0.0637691542506218,2.777777910232544
1725954878162572741,0.06195374205708504,2.777777910232544
1725954878191052258,0.06024548038840294,2.777777910232544
1725954878214311186,0.05881963297724724,2.777777910232544
1725954878234789443,0.05776560306549072,2.7777774333953857
1725954878263015006,0.05689133331179619,2.7777769565582275
1725954878290364726,0.05606049671769142,2.7777769565582275
1725954878317113233,0.0552336648106575,2.7777774333953857
1725954878344176522,0.05423755198717117,2.7777771949768066
1725954878362473843,0.05302390828728676,2.7777767181396484
1725954878392600146,0.05178084224462509,2.7777771949768066
1725954878418786531,0.05069366469979286,2.7777774333953857
1725954878444600208,0.049795206636190414,2.7777771949768066
1725954878470216221,0.049052245914936066,2.7777769565582275
1725954878495915004,0.04845111444592476,2.7777771949768066
1725954878519866963,0.04794270172715187,2.7777774333953857
1725954878542048808,0.047424234449863434,2.7777774333953857
1725954878561270674,0.046853482723236084,2.7777769565582275
1725954878588190339,0.04626444727182388,2.7777769565582275
1725954878616214688,0.045652978122234344,2.7777771949768066
1725954878639405108,0.04499349370598793,2.7777774333953857
1725954878665730564,0.044339291751384735,2.7777771949768066
1725954878701716287,0.043770164251327515,2.7777769565582275
1725954878722072225,0.043770164251327515,2.7777769565582275
1725954878747270627,0.04258054867386818,2.7777774333953857
1725954878772786114,0.04169989377260208,2.777777671813965
1725954878802063195,0.04067360609769821,2.777777671813965
1725954878825765762,0.039621300995349884,2.7777771949768066
1725954878850234836,0.03848513960838318,2.7777769565582275
1725954878873842743,0.037267331033945084,2.7777767181396484
1725954878908140355,0.03618905320763588,2.7777771949768066
1725954878927617159,0.03534836322069168,2.7777774333953857
1725954878951858149,0.03460332006216049,2.7777774333953857
1725954878975434478,0.033853523433208466,2.777777671813965
1725954879005351441,0.03310072049498558,2.7777774333953857
1725954879033288813,0.03231295570731163,2.7777774333953857
1725954879054027444,0.03141190484166145,2.7777771949768066
1725954879079121045,0.03033960983157158,2.7777769565582275
1725954879103765059,0.029213765636086464,2.7777769565582275
1725954879136835149,0.028203099966049194,2.7777774333953857
1725954879161453906,0.027315080165863037,2.7777774333953857
1725954879191137282,0.026568764820694923,2.7777771949768066
1725954879223469578,0.0258967075496912,2.7777769565582275
1725954879245300686,0.02527366392314434,2.7777769565582275
1725954879271713656,0.024911023676395416,2.7777771949768066
1725954879290371246,0.024779146537184715,2.7777774333953857
1725954879322293389,0.02466505579650402,2.7777774333953857
1725954879344542302,0.024450670927762985,2.7777774333953857
1725954879367302757,0.024009518325328827,2.7777774333953857
1725954879392815058,0.023282499983906746,2.7777771949768066
1725954879422492379,0.02242409810423851,2.7777774333953857
1725954879448722096,0.021657658740878105,2.7777769565582275
1725954879472773903,0.021001195535063744,2.7777767181396484
1725954879495609959,0.020349537953734398,2.7777767181396484
1725954879533152564,0.019763348624110222,2.7777769565582275
1725954879561516595,0.019356610253453255,2.7777774333953857
1725954879585948577,0.018999919295310974,2.777777671813965
1725954879639392271,0.018296953290700912,2.7777774333953857
1725954879663841475,0.01812168024480343,2.7777771949768066
1725954879690539816,0.017905408516526222,2.7777769565582275
1725954879711609350,0.017576152458786964,2.7777769565582275
1725954879739793215,0.017245255410671234,2.7777771949768066
1725954879770110433,0.01697116158902645,2.7777774333953857
1725954879794334992,0.016692524775862694,2.7777774333953857
1725954879816216264,0.01641354151070118,2.7777771949768066
1725954879846545754,0.0161991436034441,2.7777769565582275
1725954879870030259,0.016071919351816177,2.7777774333953857
1725954879897817801,0.016055135056376457,2.7777774333953857
1725954879920603795,0.01624474860727787,2.7777769565582275
1725954879955561353,0.016712691634893417,2.7777767181396484
1725954879976529447,0.01735328696668148,2.7777769565582275
1725954880000884166,0.017999999225139618,2.777777671813965
1725954880018878199,0.01857873797416687,2.7777512073516846
1725954880062793989,0.01909099519252777,2.7777247428894043
1725954880081464606,0.019531400874257088,2.777479887008667
1725954880108698336,0.019887490198016167,2.7772703170776367
1725954880129835043,0.020270034670829773,2.776822805404663
1725954880157942745,0.02081163413822651,2.7764036655426025
1725954880183067300,0.02151489071547985,2.775829792022705
1725954880207859324,0.022319642826914787,2.7753078937530518
1725954880233235664,0.023227209225296974,2.7746469974517822
1725954880256980279,0.024297965690493584,2.773979902267456
1725954880288375531,0.025510622188448906,2.7732536792755127
1725954880310551944,0.026827136054635048,2.7726073265075684
1725954880335798964,0.028345774859189987,2.7717065811157227
1725954880362720201,0.03015843592584133,2.7708828449249268
1725954880386781417,0.03216737136244774,2.770122528076172
1725954880410098360,0.034218929708004,2.769282102584839
1725954880435410712,0.0363856703042984,2.768397331237793
1725954880466846355,0.038853537291288376,2.767390251159668
1725954880486612710,0.04154457896947861,2.766514301300049
1725954880507456318,0.044352009892463684,2.765424966812134
1725954880529856243,0.04764770716428757,2.7640857696533203
1725954880572501855,0.05183776095509529,2.762942314147949
1725954880602074745,0.05630528926849365,2.7627298831939697
1725954880626391017,0.061526983976364136,2.758795976638794
1725954880649801809,0.061526983976364136,2.758795976638794
1725954880681492499,0.08240025490522385,2.7545742988586426
1725954880699148197,0.09726130962371826,2.7526540756225586
1725954880723118113,0.11283718049526215,2.750838041305542
1725954880753719882,0.1270209401845932,2.749422073364258
1725954880778723287,0.13882793486118317,2.74796462059021
1725954880807790492,0.14832830429077148,2.7466797828674316
1725954880831286229,0.15618176758289337,2.745424747467041
1725954880860575582,0.16343511641025543,2.7438855171203613
1725954880906312917,0.17054957151412964,2.7424848079681396
1725954880926095616,0.17751836776733398,2.7414157390594482
1725954880953454077,0.1849256306886673,2.7404117584228516
1725954880982067432,0.1935393065214157,2.739745616912842
1725954881004408198,0.20290830731391907,2.7392263412475586
1725954881031465084,0.21242280304431915,2.7387962341308594
1725954881061083323,0.22231923043727875,2.738537311553955
1725954881087557148,0.2325419932603836,2.738060235977173
1725954881110278468,0.2426091730594635,2.737746238708496
1725954881134303490,0.25250381231307983,2.7374556064605713
1725954881163560022,0.26272061467170715,2.7372682094573975
1725954881188431789,0.2734704315662384,2.7369608879089355
1725954881212142974,0.2844711244106293,2.7368059158325195
1725954881254259565,0.2949213683605194,2.73661470413208
1725954881278420827,0.30483105778694153,2.7364449501037598
1725954881304233802,0.31546729803085327,2.7363085746765137
1725954881326891295,0.32784879207611084,2.736137628555298
1725954881351370579,0.34271255135536194,2.736052989959717
1725954881377763282,0.35999199748039246,2.735963821411133
1725954881405740294,0.3789007067680359,2.735917091369629
1725954881429107720,0.39806368947029114,2.735883951187134
1725954881450454430,0.41654449701309204,2.735912322998047
1725954881478089682,0.43429476022720337,2.7359237670898438
1725954881507319160,0.45046719908714294,2.7359766960144043
1725954881530243621,0.46432429552078247,2.7360148429870605
1725954881554757828,0.4764506220817566,2.736079216003418
1725954881584740371,0.4873020350933075,2.736140489578247
1725954881610058110,0.49620771408081055,2.736207962036133
1725954881633715161,0.5030591487884521,2.7362723350524902
1725954881655698375,0.5089865922927856,2.7363932132720947
1725954881687804576,0.5153787136077881,2.736532688140869
1725954881713273303,0.5225339531898499,2.7366247177124023
1725954881735108735,0.5297099351882935,2.7367160320281982
1725954881761998767,0.5365417003631592,2.7367985248565674
1725954881802986385,0.5429175496101379,2.7368686199188232
1725954881821881493,0.5476940274238586,2.736919403076172
1725954881844303525,0.5507351756095886,2.7369906902313232
1725954881869052746,0.5537930727005005,2.7370526790618896
1725954881899988484,0.5573491454124451,2.737074375152588
1725954881925690594,0.5602791905403137,2.737088918685913
1725954881951705725,0.561225175857544,2.7370917797088623
1725954881976923478,0.5594034194946289,2.7370376586914062
1725954882008756180,0.5547642707824707,2.736954927444458
1725954882033744684,0.5480648875236511,2.736894369125366
1725954882056356899,0.5407850742340088,2.7368195056915283
1725954882079372409,0.5348531603813171,2.7367594242095947
1725954882109876738,0.5321277379989624,2.7367022037506104
1725954882138637490,0.5319283604621887,2.736757755279541
1725954882161962526,0.5313191413879395,2.736809730529785
1725954882188602304,0.5290059447288513,2.7368223667144775
1725954882216871154,0.5254330635070801,2.736828088760376
1725954882239957571,0.5215470790863037,2.7369730472564697
1725954882263171001,0.5187452435493469,2.7371747493743896
1725954882287388243,0.5169522762298584,2.7374942302703857
1725954882330874722,0.5146680474281311,2.738002300262451
1725954882351767769,0.5108331441879272,2.738537073135376
1725954882379270571,0.5055719614028931,2.7389676570892334
1725954882407053656,0.5003909468650818,2.7394027709960938
1725954882434923319,0.4966146945953369,2.74049973487854
1725954882456309664,0.4938124120235443,2.7417545318603516
1725954882482043796,0.49077606201171875,2.742903470993042
1725954882515181553,0.4862741231918335,2.743990182876587
1725954882547870015,0.47838976979255676,2.7457947731018066
1725954882571892178,0.4653255343437195,2.7477657794952393
1725954882601289057,0.4477591812610626,2.7497212886810303
1725954882626422608,0.4282113313674927,2.7518250942230225
1725954882650504465,0.408141553401947,2.7539522647857666
1725954882672779991,0.3886672258377075,2.7556676864624023
1725954882699727151,0.3716491162776947,2.7574703693389893
1725954882724570986,0.3582952320575714,2.759127378463745
1725954882748826725,0.3488592207431793,2.760728359222412
1725954882773061661,0.34320247173309326,2.7621188163757324
1725954882800406165,0.3405456840991974,2.763518810272217
1725954882828203207,0.3386932611465454,2.764798641204834
1725954882853708968,0.3351533114910126,2.7660231590270996
1725954882874649363,0.3292042911052704,2.7671165466308594
1725954882918832119,0.3214467167854309,2.768157720565796
1725954882934301842,0.3126700520515442,2.7690935134887695
1725954882958181733,0.30380770564079285,2.770052671432495
1725954882980411594,0.29529842734336853,2.770554542541504
1725954883011134941,0.2867620587348938,2.7707226276397705
1725954883037766942,0.2777867019176483,2.7712759971618652
1725954883063400650,0.2676517069339752,2.771575927734375
1725954883087464044,0.2553512156009674,2.7717444896698
1725954883116270991,0.24049168825149536,2.771848678588867
1725954883143239473,0.22317664325237274,2.7716691493988037
1725954883167841833,0.20366191864013672,2.7713675498962402
1725954883193291157,0.1829758882522583,2.7707138061523438
1725954883221915576,0.16293512284755707,2.7699267864227295
1725954883249562750,0.1451827585697174,2.769300937652588
1725954883272984305,0.13070468604564667,2.7685022354125977
1725954883296413705,0.11952756345272064,2.7674643993377686
1725954883322658533,0.11100108176469803,2.7664577960968018
1725954883350583512,0.10403444617986679,2.7652947902679443
1725954883374624224,0.09714484214782715,2.764159679412842
1725954883396524229,0.0890708863735199,2.76297926902771
1725954883434131259,0.07948928326368332,2.7617900371551514
1725954883458641886,0.06881584227085114,2.760585308074951
1725954883482841764,0.05744573846459389,2.7593209743499756
1725954883507082351,0.04575904831290245,2.75813627243042
1725954883539685889,0.034181416034698486,2.7569212913513184
1725954883564912399,0.02292555570602417,2.7556352615356445
1725954883586838486,0.01191639993339777,2.7542309761047363
1725954883609825887,0.0008831694722175598,2.752714157104492
1725954883637464456,-0.01072173286229372,2.7511370182037354
1725954883664453952,-0.023758534342050552,2.749291181564331
1725954883690842501,-0.038970645517110825,2.7474632263183594
1725954883713537182,-0.056456826627254486,2.7457847595214844
1725954883742200619,-0.07574810087680817,2.744368314743042
1725954883769913451,-0.09622562676668167,2.7428324222564697
1725954883794386628,-0.11734281480312347,2.7414650917053223
1725954883819583690,-0.13870902359485626,2.7408604621887207
1725954883851287253,-0.1593947410583496,2.740182876586914
1725954883876946826,-0.1780681014060974,2.739750385284424
1725954883903411140,-0.19382821023464203,2.739347457885742
1725954883922513563,-0.2063993215560913,2.7390999794006348
1725954883962499764,-0.21639935672283173,2.7388875484466553
1725954883989482927,-0.22536243498325348,2.7387616634368896
1725954884014344087,-0.23511746525764465,2.738760232925415
1725954884042285366,-0.24668541550636292,2.7386322021484375
1725954884069452567,-0.2600754201412201,2.7386271953582764
1725954884091246395,-0.2746905982494354,2.738642454147339
1725954884116113671,-0.289631187915802,2.7386837005615234
1725954884148733905,-0.3041803538799286,2.738750696182251
1725954884175618330,-0.31826087832450867,2.7388265132904053
1725954884196097940,-0.3322362005710602,2.7389402389526367
1725954884224633425,-0.3469161093235016,2.73907208442688
1725954884250805336,-0.36284565925598145,2.739170789718628
1725954884283102361,-0.37979182600975037,2.739262342453003
1725954884308202357,-0.3977593779563904,2.739335060119629
1725954884332438633,-0.4164503812789917,2.7393856048583984
1725954884363331098,-0.4351586103439331,2.7394163608551025
1725954884389853630,-0.4533267021179199,2.7394368648529053
1725954884412229751,-0.4702213406562805,2.7394657135009766
1725954884434089198,-0.48504960536956787,2.739483118057251
1725954884463308036,-0.49784061312675476,2.739492893218994
1725954884489474050,-0.5093485713005066,2.739495277404785
1725954884512953402,-0.5201000571250916,2.7395050525665283
1725954884534390936,-0.5305172204971313,2.739506959915161
1725954884564509320,-0.5409402251243591,2.739506721496582
1725954884602442901,-0.5511823296546936,2.739504337310791
1725954884626355755,-0.5602642297744751,2.739499568939209
1725954884654316427,-0.5682900547981262,2.739497184753418
1725954884681998999,-0.5763183236122131,2.739487886428833
1725954884703615774,-0.5838556289672852,2.7394778728485107
1725954884726538952,-0.5905341506004333,2.7394635677337646
1725954884752716320,-0.5970072746276855,2.7394461631774902
1725954884779533177,-0.6033375859260559,2.7394299507141113
1725954884805291601,-0.6089006662368774,2.739419460296631
1725954884828806802,-0.6131963133811951,2.739412546157837
1725954884855400390,-0.6163412928581238,2.739410638809204
1725954884883211137,-0.6188471913337708,2.7394046783447266
1725954884905552133,-0.6214364767074585,2.739398717880249
1725954884932412387,-0.6252192258834839,2.7393746376037598
1725954884959715300,-0.6309102177619934,2.7393300533294678
1725954884986640006,-0.6375021934509277,2.7393064498901367
1725954885009073621,-0.6431654691696167,2.7392468452453613
1725954885031168791,-0.6465357542037964,2.739210844039917
1725954885078403883,-0.6468273401260376,2.7391200065612793
1725954885117166686,-0.6448544859886169,2.739004611968994
1725954885139628029,-0.6429787874221802,2.7389330863952637
1725954885170960827,-0.6416215896606445,2.7388381958007812
1725954885196623721,-0.6390093564987183,2.7387630939483643
1725954885218517349,-0.6335033774375916,2.738624095916748
1725954885240091721,-0.6238163113594055,2.7384865283966064
1725954885269623437,-0.6097179055213928,2.7383298873901367
1725954885296140256,-0.5922384262084961,2.7381670475006104
1725954885317386464,-0.572984516620636,2.7379679679870605
1725954885340828981,-0.5546316504478455,2.737912893295288
1725954885369322501,-0.5400458574295044,2.737884759902954
1725954885398017134,-0.5299266576766968,2.7378106117248535
1725954885421404236,-0.5233973264694214,2.7378034591674805
1725954885443527951,-0.5197344422340393,2.73779034614563
1725954885474812337,-0.518548309803009,2.738117218017578
1725954885501468600,-0.5191088318824768,2.738316297531128
1725954885523506562,-0.5199874043464661,2.7388181686401367
1725954885546000016,-0.5191440582275391,2.7395997047424316
1725954885586418447,-0.5150782465934753,2.7403461933135986
1725954885607290304,-0.5073201060295105,2.7413318157196045
1725954885631991401,-0.49648523330688477,2.742279052734375
1725954885655414733,-0.48497822880744934,2.743187427520752
1725954885703742403,-0.47504371404647827,2.7442710399627686
1725954885729437709,-0.46611514687538147,2.7464442253112793
1725954885751306619,-0.45598986744880676,2.7474849224090576
1725954885780519416,-0.44386088848114014,2.748530864715576
1725954885804406942,-0.4304565489292145,2.7498700618743896
1725954885835980549,-0.4165267050266266,2.751053810119629
1725954885860187612,-0.4034796953201294,2.752269744873047
1725954885885744245,-0.3923250436782837,2.7544522285461426
1725954885914011435,-0.38124120235443115,2.756216049194336
1725954885939428349,-0.36796286702156067,2.758326768875122
1725954885964476103,-0.35196518898010254,2.760126829147339
1725954885998511273,-0.33362576365470886,2.7619388103485107
1725954886031070006,-0.3140411674976349,2.763683795928955
1725954886058456533,-0.2947767674922943,2.7651379108428955
1725954886085726082,-0.2773608863353729,2.766448497772217
1725954886106279240,-0.2632014751434326,2.7677407264709473
1725954886134024899,-0.25297826528549194,2.7688491344451904
1725954886166892732,-0.246103435754776,2.7699763774871826
1725954886186717535,-0.24133099615573883,2.7709121704101562
1725954886218329709,-0.2372666597366333,2.771803855895996
1725954886243176387,-0.23253577947616577,2.7727177143096924
1725954886280185525,-0.22662410140037537,2.77337646484375
1725954886302013963,-0.2199837565422058,2.7740039825439453
1725954886325196005,-0.21320565044879913,2.7746260166168213
1725954886356977801,-0.2067047506570816,2.775094509124756
1725954886384771847,-0.20050965249538422,2.77553129196167
1725954886407804027,-0.19436116516590118,2.7759182453155518
1725954886430807654,-0.1880175620317459,2.776218891143799
1725954886460323994,-0.18154864013195038,2.7765238285064697
1725954886490024414,-0.17544181644916534,2.776728868484497
1725954886508605960,-0.16991747915744781,2.7769293785095215
1725954886533976273,-0.16448897123336792,2.7770674228668213
1725954886558193794,-0.15869027376174927,2.777269124984741
1725954886590039076,-0.15201996266841888,2.777466058731079
1725954886611830632,-0.14339964091777802,2.777585983276367
1725954886639932761,-0.13213136792182922,2.777682304382324
1725954886664378792,-0.11916399747133255,2.777714252471924
1725954886689282683,-0.10640299320220947,2.777754068374634
1725954886713640069,-0.09502942115068436,2.777759313583374
1725954886737058069,-0.08576914668083191,2.7777693271636963
1725954886767448033,-0.07937183231115341,2.77777099609375
1725954886794578347,-0.07562285661697388,2.7777743339538574
1725954886818049220,-0.07311636209487915,2.777775287628174
1725954886845458929,-0.07071401923894882,2.7777762413024902
1725954886878909278,-0.06789185106754303,2.7777769565582275
1725954886905025581,-0.06449515372514725,2.7777771949768066
1725954886928140603,-0.06077754497528076,2.7777771949768066
1725954886953969212,-0.056833356618881226,2.7777769565582275
1725954886976068427,-0.05268913507461548,2.7777771949768066
1725954887004101267,-0.048627857118844986,2.7777774333953857
1725954887027544600,-0.04495488852262497,2.7777774333953857
1725954887054791017,-0.041616879403591156,2.7777771949768066
1725954887077423196,-0.038504116237163544,2.7777769565582275
1725954887107381720,-0.03572686016559601,2.7777771949768066
1725954887126721200,-0.033846087753772736,2.7777774333953857
1725954887149839221,-0.033286210149526596,2.7777771949768066
1725954887181695967,-0.033162251114845276,2.7777769565582275
1725954887209609219,-0.032054342329502106,2.7777774333953857
1725954887232742946,-0.029017573222517967,2.7777774333953857
1725954887256491582,-0.02385926991701126,2.777777671813965
1725954887283978032,-0.017300158739089966,2.7777771949768066
1725954887312496430,-0.010296385735273361,2.7777767181396484
1725954887341909788,-0.0034829722717404366,2.7777769565582275
1725954887366982428,0.0024283751845359802,2.7777771949768066
1725954887396758562,0.006678761448711157,2.7777774333953857
1725954887418585490,0.009238469414412975,2.777777671813965
1725954887439783749,0.010815620422363281,2.7777771949768066
1725954887466182725,0.012038026936352253,2.7777769565582275
1725954887494867484,0.013198945671319962,2.7777771949768066
1725954887523503553,0.01435063499957323,2.7777774333953857
1725954887542494921,0.015413536690175533,2.7777774333953857
1725954887572980530,0.01643938012421131,2.777777671813965
1725954887607333406,0.017549345269799232,2.777777671813965
1725954887630456606,0.018736982718110085,2.777777671813965
1725954887653351687,0.019915863871574402,2.777777671813965
1725954887680713771,0.021068109199404716,2.777777910232544
1725954887702564570,0.022189565002918243,2.777777910232544
1725954887730260123,0.023286649957299232,2.7777774333953857
1725954887754861441,0.024378785863518715,2.7777774333953857
1725954887778948973,0.02545556239783764,2.7777774333953857
1725954887807225959,0.026501281186938286,2.777777671813965
1725954887836003170,0.0275021493434906,2.7777771949768066
1725954887859056743,0.02848021499812603,2.7777771949768066
1725954887884041872,0.029492739588022232,2.7777774333953857
1725954887939307209,0.03137880563735962,2.7777769565582275
1725954887957085793,0.032049693167209625,2.7777771949768066
1725954887989276871,0.032547831535339355,2.7777774333953857
1725954888012888898,0.032888397574424744,2.7777771949768066
1725954888036851917,0.033019956201314926,2.7777769565582275
1725954888059174844,0.03290219604969025,2.7777771949768066
1725954888086387442,0.03261377662420273,2.7777774333953857
1725954888111507006,0.03228738531470299,2.7777774333953857
1725954888138091089,0.03200497850775719,2.7777769565582275
1725954888161129477,0.03180554509162903,2.7777769565582275
1725954888185374922,0.03172684088349342,2.7777771949768066
1725954888218283856,0.031772758811712265,2.7777774333953857
1725954888237394659,0.03188087046146393,2.7777771949768066
1725954888262912603,0.03195329010486603,2.7777771949768066
1725954888287820451,0.031931981444358826,2.7777774333953857
1725954888315207431,0.031824953854084015,2.777777671813965
1725954888343210486,0.03163854405283928,2.7777774333953857
1725954888367936399,0.031348537653684616,2.7777771949768066
1725954888393346966,0.030962031334638596,2.7777774333953857
1725954888422980050,0.03051001951098442,2.7777771949768066
1725954888453574078,0.029985183849930763,2.7777769565582275
1725954888474834663,0.029365558177232742,2.7777769565582275
1725954888502234605,0.028673166409134865,2.7777771949768066
1725954888531745439,0.027986880391836166,2.7777771949768066
1725954888551914033,0.027371441945433617,2.7777774333953857
1725954888573871931,0.026827119290828705,2.7777774333953857
1725954888597142800,0.026347609236836433,2.777777671813965
1725954888623302184,0.02594318985939026,2.7777774333953857
1725954888653066208,0.02558043599128723,2.7777769565582275
1725954888676633004,0.02519483119249344,2.7777769565582275
1725954888702372168,0.024782398715615273,2.7777774333953857
1725954888729693065,0.0243742186576128,2.7777774333953857
1725954888763974840,0.023933740332722664,2.7777771949768066
1725954888784484965,0.02338782511651516,2.7777769565582275
1725954888809428413,0.022743765264749527,2.7777771949768066
1725954888831022397,0.022075025364756584,2.7777774333953857
1725954888855258584,0.022075025364756584,2.7777774333953857
1725954888881187738,0.020630579441785812,2.7777771949768066
1725954888902076075,0.01975015178322792,2.7777769565582275
1725954888931349460,0.01878340169787407,2.7777769565582275
1725954888959011412,0.017755048349499702,2.7777774333953857
1725954888980993189,0.01666351780295372,2.7777771949768066
1725954889003681371,0.015601422637701035,2.7777767181396484
1725954889037220654,0.014681423082947731,2.7777771949768066
1725954889062756916,0.013928168453276157,2.7777771949768066
1725954889083954549,0.013287700712680817,2.7777771949768066
1725954889108162415,0.012696613557636738,2.7777769565582275
1725954889137658947,0.012128027155995369,2.7777771949768066
1725954889162421604,0.011555672623217106,2.7777774333953857
1725954889186014351,0.010953152552247047,2.7777774333953857
1725954889206259169,0.010344615206122398,2.7777771949768066
1725954889232726420,0.0097759198397398,2.7777769565582275
1725954889261503009,0.009208246134221554,2.7777771949768066
1725954889284309211,0.008554087020456791,2.7777774333953857
1725954889310656382,0.00781406369060278,2.7777771949768066
1725954889336817450,0.0070569333620369434,2.7777771949768066
1725954889370431261,0.006307596806436777,2.7777774333953857
1725954889390510070,0.0055656759068369865,2.7777771949768066
1725954889419313447,0.004875635728240013,2.7777769565582275
1725954889447100882,0.004311582073569298,2.7777769565582275
1725954889474360240,0.003904128447175026,2.7777771949768066
1725954889494073444,0.0036111215595155954,2.7777769565582275
1725954889519964014,0.0033954971004277468,2.7777767181396484
1725954889547571543,0.0032592127099633217,2.7777774333953857
1725954889576174582,0.003162339562550187,2.7777774333953857
1725954889597032183,0.003014216898009181,2.7777771949768066
1725954889627657581,0.0027845874428749084,2.7777769565582275
1725954889653905648,0.0025128049310296774,2.7777769565582275
1725954889679706108,0.002182404976338148,2.7777769565582275
1725954889702441892,0.001752997632138431,2.7777771949768066
1725954889728042203,0.0012746514985337853,2.7777774333953857
1725954889751605122,0.0008258371381089091,2.7777771949768066
1725954889780653857,0.0004161177494097501,2.7777769565582275
1725954889804787762,1.0430638212710619e-05,2.7777769565582275
1725954889831656360,-0.00037314172368496656,2.7777774333953857
1725954889857765954,-0.0006829604390077293,2.7777774333953857
1725954889887366206,-0.0009517890866845846,2.7777771949768066
1725954889906524045,-0.001255066366866231,2.7777771949768066
1725954889933478612,-0.0015919685829430819,2.777777671813965
1725954889959167406,-0.0019122110679745674,2.777777671813965
1725954889980356605,-0.002214624546468258,2.7777774333953857
1725954890004579185,-0.0025250192265957594,2.7777771949768066
1725954890029698027,-0.0027910054195672274,2.7777774333953857
1725954890058428752,-0.0029217887204140425,2.7777771949768066
1725954890085170518,-0.002879139967262745,2.7777769565582275
1725954890104454502,-0.0026501331012696028,2.7777774333953857
1725954890144019390,-0.0022285254672169685,2.777777671813965
1725954890171727444,-0.0016591405728831887,2.777777671813965
1725954890197047964,-0.00109947775490582,2.777777671813965
1725954890224484606,-0.0007874094299040735,2.777777671813965
1725954890248403389,-0.0008545882301405072,2.777777910232544
1725954890273157091,-0.0012546224752441049,2.777777671813965
1725954890309359782,-0.0019290767377242446,2.777777671813965
1725954890327663272,-0.0028328329790383577,2.777777671813965
1725954890355611689,-0.0037987728137522936,2.7777771949768066
1725954890386564127,-0.00462687760591507,2.7777771949768066
1725954890411570543,-0.00526282237842679,2.7777774333953857
1725954890435922730,-0.005743048619478941,2.7777774333953857
1725954890462420469,-0.006040703970938921,2.7777771949768066
1725954890483643344,-0.006113740149885416,2.7777769565582275
1725954890517128556,-0.006044821348041296,2.7777774333953857
1725954890536754614,-0.005957174580544233,2.7777774333953857
1725954890563173150,-0.005846781190484762,2.777777671813965
1725954890593405025,-0.005660921800881624,2.777777671813965
1725954890621995415,-0.005353174172341824,2.7777774333953857
1725954890644190835,-0.00490176398307085,2.7777774333953857
1725954890670059025,-0.004395037889480591,2.7777769565582275
1725954890705469585,-0.003913169726729393,2.7777769565582275
1725954890732334062,-0.0035068250726908445,2.7777771949768066
1725954890752169143,-0.003211651463061571,2.7777771949768066
1725954890773208499,-0.0029720610473304987,2.7777771949768066
1725954890803881404,-0.002739544492214918,2.7777771949768066
1725954890837027432,-0.0025513239670544863,2.7777771949768066
1725954890857147158,-0.0024453781079500914,2.7777771949768066
1725954890879183797,-0.002388282911852002,2.7777774333953857
1725954890911135237,-0.002322422107681632,2.7777774333953857
1725954890940881765,-0.002258734777569771,2.7777771949768066
1725954890961537316,-0.002241507638245821,2.7777771949768066
1725954890985942468,-0.002255541505292058,2.7777774333953857
1725954891012372041,-0.0022589503787457943,2.7777774333953857
1725954891045055016,-0.002255418337881565,2.7777771949768066
1725954891075070038,-0.002266021678224206,2.7777769565582275
1725954891097011848,-0.002235286869108677,2.7777769565582275
1725954891130370660,-0.0020691556856036186,2.7777771949768066
1725954891156131430,-0.001748683163896203,2.7777774333953857
1725954891177684811,-0.0013092226581647992,2.7777774333953857
1725954891202335649,-0.0007719463901594281,2.777777671813965
1725954891229478734,-0.00016772944945842028,2.7777771949768066
1725954891260988714,0.0004072472220286727,2.7777771949768066
1725954891281131832,0.0008322537178173661,2.7777771949768066
1725954891307387824,0.0010700642596930265,2.7777774333953857
1725954891333056244,0.0011611601803451777,2.7777774333953857
1725954891366120282,0.0011139115085825324,2.7777771949768066
1725954891385048437,0.0009071423555724323,2.7777771949768066
1725954891412855405,0.0005926628364250064,2.7777774333953857
1725954891436633895,0.00027347070863470435,2.7777774333953857
1725954891460679394,-2.1810526959598064e-05,2.7777771949768066
1725954891489327453,-0.000324213964631781,2.7777769565582275
1725954891511952470,-0.0006090722163207829,2.7777771949768066
1725954891539365689,-0.0008043372072279453,2.7777774333953857
1725954891567561671,-0.0009043007739819586,2.7777771949768066
1725954891590527416,-0.0009691780433058739,2.7777771949768066
1725954891612509726,-0.000982908415608108,2.7777774333953857
1725954891638095810,-0.000883648986928165,2.7777774333953857
1725954891668808663,-0.0006773446802981198,2.7777774333953857
1725954891690611643,-0.000373783492250368,2.7777774333953857
1725954891715176408,7.951847510412335e-05,2.7777774333953857
1725954891743104759,0.0007545265252701938,2.7777774333953857
1725954891774456572,0.0016779019497334957,2.7777774333953857
1725954891794526979,0.0027608475647866726,2.7777774333953857
1725954891818547492,0.003860656637698412,2.777777671813965
1725954891850177946,0.004813855513930321,2.777777671813965
1725954891878198780,0.005501850508153439,2.777777910232544
1725954891900463998,0.005947571713477373,2.777777910232544
1725954891925307448,0.006198500283062458,2.777777671813965
1725954891954784071,0.006330639589577913,2.7777774333953857
1725954891998197169,0.006388304755091667,2.7777771949768066
1725954892084984732,0.006347157992422581,2.7777771949768066
1725954892118598078,0.006249036639928818,2.7777774333953857
1725954892151002568,0.0061809103935956955,2.7777769565582275
1725954892170565109,0.006133962422609329,2.7777769565582275
1725954892195884767,0.0060411375015974045,2.7777774333953857
1725954892220792663,0.005931290797889233,2.7777774333953857
1725954892250177132,0.005784295499324799,2.7777774333953857
1725954892271784134,0.005475400481373072,2.7777774333953857
1725954892307933996,0.004993007052689791,2.7777771949768066
1725954892336566859,0.00439917016774416,2.7777769565582275
1725954892362659542,0.0035911037120968103,2.7777774333953857
1725954892386801382,0.0024533725809305906,2.7777774333953857
1725954892412652250,0.001165764406323433,2.7777774333953857
1725954892441464206,-1.356832217425108e-05,2.777777671813965
1725954892470038531,-0.0010154631454497576,2.777777910232544
1725954892501388754,-0.00191351433750242,2.7777531147003174
1725954892532262886,-0.002799448324367404,2.7776992321014404
1725954892562010329,-0.003734199097380042,2.777661085128784
1725954892583907028,-0.004779398441314697,2.7775185108184814
1725954892607092992,-0.0059807621873915195,2.7773778438568115
1725954892637588069,-0.0073721157386898994,2.7770979404449463
1725954892664594502,-0.00898565910756588,2.7769217491149902
1725954892687030832,-0.010789802297949791,2.776611804962158
1725954892709088608,-0.012713000178337097,2.7763280868530273
1725954892738097676,-0.01475253701210022,2.7757749557495117
1725954892767703365,-0.01692347414791584,2.7754127979278564
1725954892788623918,-0.019257286563515663,2.7748348712921143
1725954892812882586,-0.021853012964129448,2.77435302734375
1725954892842457064,-0.02469467930495739,2.7733800411224365
1725954892867571108,-0.027638806030154228,2.77275013923645
1725954892887946325,-0.030783962458372116,2.7716991901397705
1725954892910985379,-0.03445299714803696,2.770545244216919
1725954892942284468,-0.03881119191646576,2.768545627593994
1725954892971909707,-0.04399137943983078,2.7663989067077637
1725954892997373455,-0.05015191063284874,2.7636005878448486
1725954893015915099,-0.05716316029429436,2.7614707946777344
1725954893046660894,-0.06457647681236267,2.7588257789611816
1725954893075753517,-0.07195265591144562,2.7564821243286133
1725954893095266506,-0.07907325774431229,2.753312110900879
1725954893125856356,-0.08587323129177094,2.7506210803985596
1725954893157436077,-0.09249185770750046,2.747664213180542
1725954893187532309,-0.09921126812696457,2.744544744491577
1725954893210423677,-0.10626989603042603,2.7417941093444824
1725954893235769255,-0.11377169191837311,2.739250898361206
1725954893267727807,-0.12167027592658997,2.736656665802002
1725954893290566613,-0.12921001017093658,2.736656665802002
1725954893315615767,-0.136241152882576,2.7315399646759033
1725954893338397950,-0.14439955353736877,2.7291104793548584
1725954893368786186,-0.1544332355260849,2.726271152496338
1725954893393337242,-0.1655902862548828,2.723818302154541
1725954893415033133,-0.17759130895137787,2.720902681350708
1725954893441075764,-0.19060948491096497,2.7182579040527344
1725954893469982354,-0.20433959364891052,2.7145636081695557
1725954893497696705,-0.2187272012233734,2.7106552124023438
1725954893531845417,-0.23448607325553894,2.705927610397339
1725954893557826051,-0.25203338265419006,2.7001113891601562
1725954893586262337,-0.27115321159362793,2.6938681602478027
1725954893609538927,-0.2913932800292969,2.688359260559082
1725954893631501724,-0.31229686737060547,2.6821160316467285
1725954893656647985,-0.3335084617137909,2.676630735397339
1725954893689097016,-0.3547983467578888,2.670231342315674
1725954893713126374,-0.3760454058647156,2.6645216941833496
1725954893738719689,-0.3972046971321106,2.657778263092041
1725954893761931708,-0.3972046971321106,2.657778263092041
1725954893787502623,-0.4338681995868683,2.6445887088775635
1725954893813207467,-0.44616156816482544,2.638162612915039
1725954893837596108,-0.45557501912117004,2.6306848526000977
1725954893865730420,-0.4626462161540985,2.6230976581573486
1725954893897797585,-0.4677434265613556,2.6160776615142822
1725954893921924944,-0.47264254093170166,2.6089928150177
1725954893945230020,-0.477813720703125,2.6006922721862793
1725954893970862619,-0.4826393723487854,2.5935051441192627
1725954893997776505,-0.4883739948272705,2.5844969749450684
1725954894020226023,-0.4883739948272705,2.5844969749450684
1725954894060476199,-0.5045246481895447,2.5635552406311035
1725954894086766234,-0.5125681161880493,2.5498242378234863
1725954894112141917,-0.5198349356651306,2.533863067626953
1725954894133559414,-0.5274858474731445,2.518673896789551
1725954894159950549,-0.5364140272140503,2.5028107166290283
1725954894189251960,-0.5457918047904968,2.4889111518859863
1725954894219221117,-0.5534816980361938,2.473280191421509
1725954894243212017,-0.557115375995636,2.4598066806793213
1725954894266255179,-0.5558179616928101,2.4441192150115967
1725954894293075261,-0.5512839555740356,2.4292492866516113
1725954894324697492,-0.5467784404754639,2.4141149520874023
1725954894343519618,-0.5444044470787048,2.4004769325256348
1725954894368335355,-0.5433213710784912,2.383948802947998
1725954894399864239,-0.5415279269218445,2.3687937259674072
1725954894427428207,-0.5382202863693237,2.35262131690979
1725954894448453218,-0.5337004065513611,2.3389732837677
1725954894475514899,-0.5284445285797119,2.3210623264312744
1725954894504899698,-0.5236942172050476,2.3064069747924805
1725954894528129162,-0.5215526819229126,2.2886195182800293
1725954894549051821,-0.5226579308509827,2.2738215923309326
1725954894579646273,-0.5256627798080444,2.2564969062805176
1725954894606889631,-0.5285756587982178,2.240408182144165
1725954894633539110,-0.5299557447433472,2.223412036895752
1725954894654682887,-0.5296952128410339,2.2089340686798096
1725954894684307685,-0.5284808278083801,2.191209077835083
1725954894711147092,-0.5272960662841797,2.174895763397217
1725954894739207755,-0.527159571647644,2.157723903656006
1725954894764295546,-0.5283567309379578,2.1394710540771484
1725954894788509880,-0.5298570990562439,2.1149351596832275
1725954894817131398,-0.5302001237869263,2.0958755016326904
1725954894843215588,-0.5282123684883118,2.056143045425415
1725954894864858932,-0.5228623151779175,2.026827096939087
1725954894890947496,-0.514435350894928,1.9946399927139282
1725954894917645049,-0.505379319190979,1.9684773683547974
1725954894944086979,-0.4988029897212982,1.9355382919311523
1725954894965202255,-0.49644187092781067,1.909232258796692
1725954894988621255,-0.4968743622303009,1.8777202367782593
1725954895028083353,-0.4970451593399048,1.8488277196884155
1725954895052212013,-0.49593716859817505,1.8179413080215454
1725954895076290126,-0.49407005310058594,1.7915235757827759
1725954895106015621,-0.4926185607910156,1.7596063613891602
1725954895135695034,-0.4922963082790375,1.7330251932144165
1725954895160269021,-0.4922960102558136,1.6986863613128662
1725954895180800374,-0.4922960102558136,1.6986863613128662
1725954895208947406,-0.4941948354244232,1.6382300853729248
1725954895229588448,-0.49756792187690735,1.6070829629898071
1725954895262122512,-0.5012843012809753,1.5742205381393433
1725954895283034697,-0.5047078132629395,1.5424522161483765
1725954895304855580,-0.5084415674209595,1.5112941265106201
1725954895327801077,-0.5127558708190918,1.4830553531646729
1725954895359147139,-0.5167344808578491,1.4461222887039185
1725954895384700949,-0.5192093253135681,1.4139076471328735
1725954895407695728,-0.5201115608215332,1.3807753324508667
1725954895435914502,-0.5198006629943848,1.3494402170181274
1725954895459771632,-0.5180234909057617,1.3124160766601562
1725954895481393218,-0.5150347948074341,1.2821301221847534
1725954895507324880,-0.5127328634262085,1.2426859140396118
1725954895536139615,-0.5127021670341492,1.2101129293441772
1725954895555981495,-0.5137948989868164,1.1706104278564453
1725954895584195926,-0.513739824295044,1.1386091709136963
1725954895617405920,-0.5114826560020447,1.1063917875289917
1725954895638322130,-0.5086041688919067,1.0725374221801758
1725954895667244988,-0.5076633095741272,1.0340821743011475
1725954895690306301,-0.5080968737602234,0.9976516366004944
1725954895714535053,-0.5075350403785706,0.9602742195129395
1725954895737633303,-0.5045146942138672,0.921387791633606
1725954895766435726,-0.49981439113616943,0.8783528208732605
1725954895790194828,-0.4950239360332489,0.8381383419036865
1725954895815157911,-0.4892175495624542,0.7944262027740479
1725954895843433864,-0.4809998869895935,0.754204511642456
1725954895871669498,-0.47076770663261414,0.7046245336532593
1725954895890436229,-0.4593134820461273,0.6637757420539856
1725954895915422721,-0.44660669565200806,0.6162776350975037
1725954895947141265,-0.43248462677001953,0.5706918835639954
1725954895974326187,-0.4173406660556793,0.5186390280723572
1725954895993900774,-0.40196460485458374,0.4755791127681732
1725954896019342926,-0.3867437243461609,0.22557911276817322
1725954896049012794,-0.37089771032333374,0.0
1725954896075525239,-0.3536190092563629,0.0
1725954896100366052,-0.33723190426826477,0.0
1725954896128163544,-0.3273109793663025,0.0
1725954896159217695,-0.3249073624610901,0.0
1725954896184992397,-0.3240680694580078,0.0
1725954896205348875,-0.31939390301704407,0.0
1725954896232162315,-0.31050100922584534,0.0
1725954896255352181,-0.3005334734916687,0.0
1725954896280495925,-0.2923325002193451,0.0
1725954896305146394,-0.28677898645401,0.0
1725954896325956925,-0.2836719751358032,0.0
1725954896359405745,-0.2823685109615326,0.0
1725954896382618352,-0.28217175602912903,0.0
1725954896404488782,-0.2825179398059845,0.0
1725954896425352439,-0.28303053975105286,0.0
1725954896451241533,-0.28350234031677246,0.0
1725954896480514698,-0.28384923934936523,0.0
1725954896500750388,-0.2840615510940552,0.0
1725954896520782315,-0.28416529297828674,0.0
1725954896552931449,-0.2841967046260834,0.0
1725954896575364050,-0.284188449382782,0.0
1725954896600073167,-0.2841641902923584,0.0
1725954896631889434,-0.28413820266723633,0.0
1725954896662162142,-0.28411728143692017,0.0
1725954896686625514,-0.2841033935546875,0.0
1725954896713389218,-0.28409579396247864,0.0
1725954896747717256,-0.2840927541255951,0.0
1725954896770851235,-0.23409275710582733,0.0
1725954896801101292,0.0,0.0
1725954896820715847,0.0,0.0
1725954896839261571,0.0,0.0
1725954896866896133,0.0,0.0
1725954896894155204,0.0,0.0
1725954896916324037,0.0,0.0
1725954896945796796,0.0,0.0
1725954896965616874,0.0,0.0
1725954896992652463,0.0,0.0
1725954897014207859,0.0,0.0
1725954897038067592,0.0,0.0
1725954897064340194,0.0,0.0
1725954897093310340,0.0,0.0
1725954897116135464,0.0,0.0
1725954897151937051,0.0,0.0
1725954897174356613,0.0,0.0
1725954897199558254,0.0,0.0
1725954897219904198,0.0,0.0
1725954897244255715,0.0,0.0
1725954897272952115,0.0,0.0
1725954897298892587,0.0,0.0
1725954897319168707,0.0,0.0
1725954897344126565,0.0,0.0
1725954897372143454,0.0,0.0
1725954897397606793,0.0,0.0
1725954897418986286,0.0,0.0
1725954897443846361,0.0,0.0
1725954897467078212,0.0,0.0
1725954897492448546,0.0,0.0
1725954897512950105,0.0,0.0
1725954897535671868,0.0,0.0
1725954897556412646,0.0,0.0
1725954897584100893,0.0,0.0
1725954897606135192,0.0,0.0
1725954897641073057,0.0,0.0
1725954897660582938,0.0,0.0
1725954897688157461,0.0,0.0
1725954897714172798,0.0,0.0
1725954897735392478,0.0,0.0
1725954897759228038,0.0,0.0
1725954897784602248,0.0,0.0
1725954897811046209,0.0,0.0
1725954897831717005,0.0,0.0
1725954897853967838,0.0,0.0
1725954897883625857,0.0,0.0
1725954897911303717,0.0,0.0
1725954897932302874,0.0,0.0
1725954897955899992,0.0,0.0
1725954897983361922,0.0,0.0
1725954898010490682,0.0,0.0
1725954898033505824,0.0,0.0
1725954898053016448,0.0,0.0
1725954898081585202,0.0,0.0
1725954898110098441,0.0,0.0
1725954898137255065,0.0,0.0
1725954898157223947,0.0,0.0
1725954898186317692,0.0,0.0
1725954898207022306,0.0,0.0
1725954898228390796,0.0,0.0
1725954898250825719,0.0,0.0
1725954898278129364,0.0,0.0
1725954898302156157,0.0,0.0
1725954898324712808,0.0,0.0
1725954898347156321,0.0,0.0
1725954898373015841,0.0,0.0
1725954898399466903,0.0,0.0
1725954898420983582,0.0,0.0
1725954898441828158,0.0,0.0
1725954898467540678,0.0,0.0
1725954898494565327,0.0,0.0
1725954898516591448,0.0,0.0
1725954898538570056,0.0,0.0
1725954898567232172,0.0,0.0
1725954898593296773,0.0,0.0
1725954898628605757,0.0,0.0
1725954898646102282,0.0,0.0
1725954898672624376,0.0,0.0
1725954898701650080,0.0,0.0
1725954898726322073,0.0,0.0
1725954898747099881,0.0,0.0
1725954898775065776,0.0,0.0
1725954898799129677,0.0,0.0
1725954898825043635,0.0,0.0
1725954898849768610,0.0,0.0
1725954898871808567,0.0,0.0
1725954898898874766,0.0,0.0
1725954898919829138,0.0,0.0
1725954898944538115,0.0,0.0
1725954898968511462,0.0,0.0
1725954898996852447,0.0,0.0
1725954899021044105,0.0,0.0
1725954899043622021,0.0,0.0
1725954899069254486,0.0,0.0
1725954899099420830,0.0,0.0
1725954899143167509,0.0,0.0
1725954899172448654,0.0,0.0
1725954899198117389,0.0,0.0
1725954899217787043,0.0,0.0
1725954899246336271,0.0,0.0
1725954899269760148,0.0,0.0
1725954899299446246,0.0,0.0
1725954899321630088,0.0,0.0
1725954899345301523,0.0,0.0
1725954899378093411,0.0,0.0
1725954899400351129,0.0,0.0
1725954899425644869,0.0,0.0
1725954899447122346,0.0,0.0
1725954899476065923,0.0,0.0
1725954899501884256,0.0,0.0
1725954899525520212,0.0,0.0
1725954899542892818,0.0,0.0
1725954899568583808,0.0,0.0
1725954899594639693,0.0,0.0
1725954899634214287,0.0,0.0
1725954899653957190,0.0,0.0
1725954899681217456,0.0,0.0
1725954899702605554,0.0,0.0
1725954899739839429,0.0,0.0
1725954899756902800,0.0,0.0
1725954899781528261,0.0,0.0
1725954899804172415,0.0,0.0
1725954899829021173,0.0,0.0
1725954899852953785,0.0,0.0
1725954899881807366,0.0,0.0
1725954899903663530,0.0,0.0
1725954899932500727,0.0,0.0
1725954899953881893,0.0,0.0
1725954899978342884,0.0,0.0
1725954900004208779,0.0,0.0
1725954900036890628,0.0,0.0
1725954900058839330,0.0,0.0
1725954900084594839,0.0,0.0
1725954900108467528,0.0,0.0
1725954900141949179,0.0,0.0
1725954900163142883,0.0,0.0
1725954900187495365,0.0,0.0
1725954900214397599,0.0,0.0
1725954900239189464,0.0,0.0
1725954900263488740,0.0,0.0
1725954900295569591,0.0,0.0
1725954900318124617,0.0,0.0
1725954900344169335,0.0,0.0
1725954900367206631,0.0,0.0
1725954900391737909,0.0,0.0
1725954900414459103,0.0,0.0
1725954900441884188,0.0,0.0
1725954900462585027,0.0,0.0
1725954900490062085,0.0,0.0
1725954900512210034,0.0,0.0
1725954900536760188,0.0,0.0
1725954900562988396,0.0,0.0
1725954900587749554,0.0,0.0
1725954900612533174,0.0,0.0
1725954900647134941,0.0,0.0
1725954900664295121,0.0,0.0
1725954900686803448,0.0,0.0
1725954900715217258,0.0,0.0
1725954900741661431,0.0,0.0
1725954900761159207,0.0,0.0
1725954900787248194,0.0,0.0
1725954900814909833,0.0,0.0
1725954900840447744,0.0,0.0
1725954900861967483,0.0,0.0
1725954900884100836,0.0,0.0
1725954900913491613,0.0,0.0
1725954900939244596,0.0,0.0
1725954900959884600,0.0,0.0
1725954900981938667,0.0,0.0
1725954901015480298,0.0,0.0
1725954901036600822,0.0,0.0
1725954901060786001,0.0,0.0
1725954901082537447,0.0,0.0
1725954901109272559,0.0,0.0
1725954901139763768,0.0,0.0
1725954901163817704,0.0,0.0
1725954901190061085,0.0,0.0
1725954901209892045,0.0,0.0
1725954901242458504,0.0,0.0
1725954901261357280,0.0,0.0
1725954901286066194,0.0,0.0
1725954901314983026,0.0,0.0
1725954901342272667,0.0,0.0
1725954901368835384,0.0,0.0
1725954901386336393,0.0,0.0
1725954901415659420,0.0,0.0
1725954901443025202,0.0,0.0
1725954901463855040,0.0,0.0
1725954901488905274,0.0,0.0
1725954901514385893,0.0,0.0
1725954901540057109,0.0,0.0
1725954901564310210,0.0,0.0
1725954901590075510,0.0,0.0
1725954901618916828,0.0,0.0
1725954901649463354,0.0,0.0
1725954901679658898,0.0,0.0
1725954901708084588,0.0,0.0
1725954901733477581,0.0,0.0
1725954901754743277,0.0,0.0
1725954901780566392,0.0,0.0
1725954901802000710,0.0,0.0
1725954901832083427,0.0,0.0
1725954901865192560,0.0,0.0
1725954901881730816,0.0,0.0
1725954901913358686,0.0,0.0
1725954901949170833,0.0,0.0
1725954901973331703,0.0,0.0
1725954901993620587,0.0,0.0
1725954902022392396,0.0,0.0
1725954902047949481,0.0,0.0
1725954902072715918,0.0,0.0
1725954902094960220,0.0,0.0
1725954902121888206,0.0,0.0
1725954902151696372,0.0,0.0
1725954902178738999,0.0,0.0
1725954902199660776,0.0,0.0
1725954902234657189,0.0,0.0
1725954902260472528,0.0,0.0
1725954902283759725,0.0,0.0
1725954902306836763,0.0,0.0
1725954902332474793,0.0,0.0
1725954902357623288,0.0,0.0
1725954902379632120,0.0,0.0
1725954902404887308,0.0,0.0
1725954902432429906,0.0,0.0
1725954902463908737,0.0,0.0
1725954902485801071,0.0,0.0
1725954902510413217,0.0,0.0
1725954902534871796,0.0,0.0
1725954902562765099,0.0,0.0
1725954902580780028,0.0,0.0
1725954902606360820,0.0,0.0
1725954902636056998,0.0,0.0
1725954902667380809,0.0,0.0
1725954902695665209,0.0,0.0
1725954902723357586,0.0,0.0
1725954902743793949,0.0,0.0
1725954902773045587,0.0,0.0
1725954902794431921,0.0,0.0
1725954902815801583,0.0,0.0
1725954902850695764,0.0,0.0
1725954902868897647,0.0,0.0
1725954902892612859,0.0,0.0
1725954902914530159,0.0,0.0
1725954902940555574,0.0,0.0
1725954902966090198,0.0,0.0
1725954902990656449,0.0,0.0
1725954903017583094,0.0,0.0
1725954903039404529,0.0,0.0
1725954903063765107,0.0,0.0
1725954903083930354,0.0,0.0
1725954903109230278,0.0,0.0
1725954903136033520,0.0,0.0
1725954903165096934,0.0,0.0
1725954903192435457,0.0,0.0
1725954903215795352,0.0,0.0
1725954903253363698,0.0,0.0
1725954903274493807,0.0,0.0
1725954903301605873,0.0,0.0
1725954903322324351,0.0,0.0
1725954903355818249,0.0,0.0
1725954903378843525,0.0,0.0
1725954903403758793,0.0,0.0
1725954903426412462,0.0,0.0
1725954903451584324,0.0,0.0
1725954903474682591,0.0,0.0
1725954903497651298,0.0,0.0
1725954903526742387,0.0,0.0
1725954903554599159,0.0,0.0
1725954903578028941,0.0,0.0
1725954903600620074,0.0,0.0
1725954903624937801,0.0,0.0
1725954903644436901,0.0,0.0
1725954903676285135,0.0,0.0
1725954903707317264,0.0,0.0
1725954903729712037,0.0,0.0
1725954903757091991,0.0,0.0
1725954903781176872,0.0,0.0
1725954903805267528,0.0,0.0
1725954903831440609,0.0,0.0
1725954903856787929,0.0,0.0
1725954903883821435,0.0,0.0
1725954903906764768,0.0,0.0
1725954903931802918,0.0,0.0
1725954903957327168,0.0,0.0
1725954903980565040,0.0,0.0
1725954904001323170,0.0,0.0
1725954904025777536,0.0,0.0
1725954904054274567,0.0,0.0
1725954904077262208,0.0,0.0
1725954904098578094,0.0,0.0
1725954904120973165,0.0,0.0
1725954904151994258,0.0,0.0
1725954904173034368,0.0,0.0
1725954904204358674,0.0,0.0
1725954904230274114,0.0,0.0
1725954904256561478,0.0,0.0
1725954904279118723,0.0,0.0
1725954904301661437,0.0,0.0
1725954904324938562,0.0,0.0
1725954904351755443,0.0,0.0
1725954904374341818,0.0,0.0
1725954904398184169,0.0,0.0
1725954904423577796,0.0,0.0
1725954904447188389,0.0,0.0
1725954904477043629,0.0,0.0
1725954904498901376,0.0,0.0
1725954904525960204,0.0,0.0
1725954904549224678,0.0,0.0
1725954904579300455,0.0,0.0
1725954904599868162,0.0,0.0
1725954904622336632,0.0,0.0
1725954904650649982,0.0,0.0
1725954904672946895,0.0,0.0
1725954904702841410,0.0,0.0
1725954904724248643,0.0,0.0
1725954904756481718,0.0,0.0
1725954904781091326,0.0,0.0
1725954904800958719,0.0,0.0
1725954904823358411,0.0,0.0
1725954904859130873,0.0,0.0
1725954904887173820,0.0,0.0
1725954904907171938,0.0,0.0
1725954904937200032,0.0,0.0
1725954904964846082,0.0,0.0
1725954904994038749,0.0,0.0
1725954905013273360,0.0,0.0
1725954905034017806,0.0,0.0
1725954905064915203,0.0,0.0
1725954905093998173,0.0,0.0
1725954905111259714,0.0,0.0
1725954905138912708,0.0,0.0
1725954905165342664,0.0,0.0
1725954905190239665,0.0,0.0
1725954905221283593,0.0,0.0
1725954905245729894,0.0,0.0
1725954905280301050,0.0,0.0
1725954905307092536,0.0,0.0
1725954905327551993,0.0,0.0
1725954905352090668,0.0,0.0
1725954905382186094,0.0,0.0
1725954905413791114,0.0,0.0
1725954905432615565,0.0,0.0
1725954905458366936,0.0,0.0
1725954905483209445,0.0,0.0
1725954905505402969,0.0,0.0
1725954905529439215,0.0,0.0
1725954905547346413,0.0,0.0
1725954905573205017,0.0,0.0
1725954905599759635,0.0,0.0
1725954905620347477,0.0,0.0
1725954905641585778,0.0,0.0
1725954905675036141,0.0,0.0
1725954905701952062,0.0,0.0
1725954905730829008,0.0,0.0
1725954905753117194,0.0,0.0
1725954905783553869,0.0,0.0
1725954905806778205,0.0,0.0
1725954905832061578,0.0,0.0
1725954905851709423,0.0,0.0
1725954905877424446,0.0,0.0
1725954905904973957,0.0,0.0
1725954905928035116,0.0,0.0
1725954905957558056,0.0,0.0
1725954905979615262,0.0,0.0
1725954906009275692,0.0,0.0
1725954906034732232,0.0,0.0
1725954906055051419,0.0,0.0
1725954906081346770,0.0,0.0
1725954906105532875,0.0,0.0
1725954906130627602,0.0,0.0
1725954906155230244,0.0,0.0
1725954906183461275,0.0,0.0
1725954906205777004,0.0,0.0
1725954906241297900,0.0,0.0
1725954906259818036,0.0,0.0
1725954906291385727,0.0,0.0
1725954906316434151,0.0,0.0
1725954906341139785,0.0,0.0
1725954906366603357,0.0,0.0
1725954906392913674,0.0,0.0
1725954906417686287,0.0,0.0
1725954906437672451,0.0,0.0
1725954906459657195,0.0,0.0
1725954906488247558,0.0,0.0
1725954906513741643,0.0,0.0
1725954906535186960,0.0,0.0
1725954906560526983,0.0,0.0
1725954906584249728,0.0,0.0
1725954906611229805,0.0,0.0
1725954906631532698,0.0,0.0
1725954906659783719,0.0,0.0
1725954906679452236,0.0,0.0
1725954906707748067,0.0,0.0
1725954906737863533,0.0,0.0
1725954906762574485,0.0,0.0
1725954906789306599,0.0,0.0
1725954906815696709,0.0,0.0
1725954906832600772,0.0,0.0
1725954906856966631,0.0,0.0
1725954906884003979,0.0,0.0
1725954906913439052,0.0,0.0
1725954906931160160,0.0,0.0
1725954906958385658,0.0,0.0
1725954906982103963,0.0,0.0
1725954907010390078,0.0,0.0
1725954907032769838,0.0,0.0
1725954907053965798,0.0,0.0
1725954907086116905,0.0,0.0
1725954907109816533,0.0,0.0
1725954907130835962,0.0,0.0
1725954907153884191,0.0,0.0
1725954907182789435,0.0,0.0
1725954907207797011,0.0,0.0
1725954907242428895,0.0,0.0
1725954907266061073,0.0,0.0
1725954907295464489,0.0,0.0
1725954907321885990,0.0,0.0
1725954907346898423,0.0,0.0
1725954907372064801,0.0,0.0
1725954907399348218,0.0,0.0
1725954907422577884,0.0,0.0
1725954907443965557,0.0,0.0
1725954907475125642,0.0,0.0
1725954907501599511,0.0,0.0
1725954907527915076,0.0,0.0
1725954907547598108,0.0,0.0
1725954907572394462,0.0,0.0
1725954907602893058,0.0,0.0
1725954907628568001,0.0,0.0
1725954907652109928,0.0,0.0
1725954907678590733,0.0,0.0
1725954907703393353,0.0,0.0
1725954907723139064,0.0,0.0
1725954907756957138,0.0,0.0
1725954907778144602,0.0,0.0
1725954907809722755,0.0,0.0
1725954907834258412,0.0,0.0
1725954907858690480,0.0,0.0
1725954907881311305,0.0,0.0
1725954907909684593,0.0,0.0
1725954907936302137,0.0,0.0
1725954907958246871,0.0,0.0
1725954907980693370,0.0,0.0
1725954908008080215,0.0,0.0
1725954908033841389,0.0,0.0
1725954908054300250,0.0,0.0
1725954908077696362,0.0,0.0
1725954908108626602,0.0,0.0
1725954908131922726,0.0,0.0
1725954908161944127,0.0,0.0
1725954908183481159,0.0,0.0
1725954908208199641,0.0,0.0
1725954908240852513,0.0,0.0
1725954908268588772,0.0,0.0
1725954908293112124,0.0,0.0
1725954908311308113,0.0,0.0
1725954908336362623,0.0,0.0
1725954908355509666,0.0,0.0
1725954908384882735,0.0,0.0
1725954908406213882,0.0,0.0
1725954908432812072,0.0,0.0
1725954908456600410,0.0,0.0
1725954908482551308,0.0,0.0
1725954908507893878,0.0,0.0
1725954908535674817,0.0,0.0
1725954908556471419,0.0,0.0
1725954908578377305,0.0,0.0
1725954908604027830,0.0,0.0
1725954908631013449,0.0,0.0
1725954908658539494,0.0,0.0
1725954908679476964,0.0,0.0
1725954908708344240,0.0,0.0
1725954908731680240,0.0,0.0
1725954908770873021,0.0,0.0
1725954908796946843,0.0,0.0
1725954908825781798,0.0,0.0
1725954908845340084,0.0,0.0
1725954908868414907,0.0,0.0
1725954908890174320,0.0,0.0
1725954908920225223,0.0,0.0
1725954908948077695,0.0,0.0
1725954908965536658,0.0,0.0
1725954908990305537,0.0,0.0
1725954909020227972,0.0,0.0
1725954909044490998,0.0,0.0
1725954909067288544,0.0,0.0
1725954909090915646,0.0,0.0
1725954909118216397,0.0,0.0
1725954909143791235,0.0,0.0
1725954909167459239,0.0,0.0
1725954909192676199,0.0,0.0
1725954909217458947,0.0,0.0
1725954909239191716,0.0,0.0
1725954909272831337,0.0,0.0
1725954909290718457,0.0,0.0
1725954909321889088,0.0,0.0
1725954909355862838,0.0,0.0
1725954909377198276,0.0,0.0
1725954909398582070,0.0,0.0
1725954909430079737,0.0,0.0
1725954909454510811,0.0,0.0
1725954909476490444,0.0,0.0
1725954909494991163,0.0,0.0
1725954909525108147,0.0,0.0
1725954909551972560,0.0,0.0
1725954909571887046,0.0,0.0
1725954909596178028,0.0,0.0
1725954909621695505,0.0,0.0
1725954909649456832,0.0,0.0
1725954909671622978,0.0,0.0
1725954909690252544,0.0,0.0
1725954909720630172,0.0,0.0
1725954909746057618,0.0,0.0
1725954909784691432,0.0,0.0
1725954909807189562,0.0,0.0
1725954909835718287,0.0,0.0
1725954909858403400,0.0,0.0
1725954909889963267,0.0,0.0
1725954909907800389,0.0,0.0
1725954909943088175,0.0,0.0
1725954909961196827,0.0,0.0
1725954909987661163,0.0,0.0
1725954910009503568,0.0,0.0
1725954910038543656,0.0,0.0
1725954910070159031,0.0,0.0
1725954910097183524,0.0,0.0
1725954910121362377,0.0,0.0
1725954910153428220,0.0,0.0
1725954910176378084,0.0,0.0
1725954910196066212,0.0,0.0
1725954910227020613,0.0,0.0
1725954910253041900,0.0,0.0
1725954910280791892,0.0,0.0
1725954910303485787,0.0,0.0
1725954910329579411,0.0,0.0
1725954910356977250,0.0,0.0
1725954910381958458,0.0,0.0
1725954910408371147,0.0,0.0
1725954910428798841,0.0,0.0
1725954910465291798,0.0,0.0
1725954910484352336,0.0,0.0
1725954910509138504,0.0,0.0
1725954910534103715,0.0,0.0
1725954910560537967,0.0,0.0
1725954910589111769,0.0,0.0
1725954910623853382,0.0,0.0
1725954910641767614,0.0,0.0
1725954910673093146,0.0,0.0
1725954910698946543,0.0,0.0
1725954910723946707,0.0,0.0
1725954910748505476,0.0,0.0
1725954910775071013,0.0,0.0
1725954910803430518,0.0,0.0
1725954910827687917,0.0,0.0
1725954910851980864,0.0,0.0
1725954910876558515,0.0,0.0
1725954910902372422,0.0,0.0
1725954910927414212,0.0,0.0
1725954910950013456,0.0,0.0
1725954910979537738,0.0,0.0
1725954911008321962,0.0,0.0
1725954911029887114,0.0,0.0
1725954911048254091,0.0,0.0
1725954911076692270,0.0,0.0
1725954911108899594,0.0,0.0
1725954911133029761,0.0,0.0
1725954911158093907,0.0,0.0
1725954911188908719,0.0,0.0
1725954911213199943,0.0,0.0
1725954911238023060,0.0,0.0
1725954911256860396,0.0,0.0
1725954911287540475,0.0,0.0
1725954911309985664,0.0,0.0
1725954911336773643,0.0,0.0
1725954911355042432,0.0,0.0
1725954911386236269,0.0,0.0
1725954911409811621,0.0,0.0
1725954911434368931,0.0,0.0
1725954911457861014,0.0,0.0
1725954911487168973,0.0,0.0
1725954911515293581,0.0,0.0
1725954911536279728,0.0,0.0
1725954911562281659,0.0,0.0
1725954911591962599,0.0,0.0
1725954911620354146,0.0,0.0
1725954911647905571,0.0,0.0
1725954911671662726,0.0,0.0
1725954911697785375,0.0,0.0
1725954911726459066,0.0,0.0
1725954911748209245,0.0,0.0
1725954911768987284,0.0,0.0
1725954911799254701,0.0,0.0
1725954911823956990,0.0,0.0
1725954911847291890,0.0,0.0
1725954911878790796,0.0,0.0
1725954911905800217,0.0,0.0
1725954911925593537,0.0,0.0
1725954911950581571,0.0,0.0
1725954911975296223,0.0,0.0
1725954912001891453,0.0,0.0
1725954912033906838,0.0,0.0
1725954912055850784,0.0,0.0
1725954912079529408,0.0,0.0
1725954912105849879,0.0,0.0
1725954912133905892,0.0,0.0
1725954912160120896,0.0,0.0
1725954912181534226,0.0,0.0
1725954912209286457,0.0,0.0
1725954912236431347,0.0,0.0
1725954912260799448,0.0,0.0
1725954912284217456,0.0,0.0
1725954912313046556,0.0,0.0
1725954912338275043,0.0,0.0
1725954912359917003,0.0,0.0
1725954912383336156,0.0,0.0
1725954912413787668,0.0,0.0
1725954912435966902,0.0,0.0
1725954912460487726,0.0,0.0
1725954912483812111,0.0,0.0
1725954912510863172,0.0,0.0
1725954912536557801,0.0,0.0
1725954912559362955,0.0,0.0
1725954912580294200,0.0,0.0
1725954912606582416,0.0,0.0
1725954912637184873,0.0,0.0
1725954912668090722,0.0,0.0
1725954912686408451,0.0,0.0
1725954912717374875,0.0,0.0
1725954912747008213,0.0,0.0
1725954912767374748,0.0,0.0
1725954912790912730,0.0,0.0
1725954912822529484,0.0,0.0
1725954912841113991,0.0,0.0
1725954912873464591,0.0,0.0
1725954912891151566,0.0,0.0
1725954912918140550,0.0,0.0
1725954912942753842,0.0,0.0
1725954912966462734,0.0,0.0
1725954912985765355,0.0,0.0
1725954913011736026,0.0,0.0
1725954913043289545,0.0,0.0
1725954913062385266,0.0,0.0
1725954913084071818,0.0,0.0
1725954913109161373,0.0,0.0
1725954913137239511,0.0,0.0
1725954913168826455,0.0,0.0
1725954913199250270,0.0,0.0
1725954913222675624,0.0,0.0
1725954913252283891,0.0,0.0
1725954913273720113,0.0,0.0
1725954913296581188,0.0,0.0
1725954913332255920,0.0,0.0
1725954913354158319,0.0,0.0
1725954913377311256,0.0,0.0
1725954913402244355,0.0,0.0
1725954913429228507,0.0,0.0
1725954913452362743,0.0,0.0
1725954913483925410,0.0,0.0
1725954913505248993,0.0,0.0
1725954913535290532,0.0,0.0
1725954913560995308,0.0,0.0
1725954913583907320,0.0,0.0
1725954913606803890,0.0,0.0
1725954913631863446,0.0,0.0
1725954913658399666,0.0,0.0
1725954913697521107,0.0,0.0
1725954913722068130,0.0,0.0
1725954913754066501,0.0,0.0
1725954913775293392,0.0,0.0
1725954913799569485,0.0,0.0
1725954913829112690,0.0,0.0
1725954913851800284,0.0,0.0
1725954913872543735,0.0,0.0
1725954913896838875,0.0,0.0
1725954913923254361,0.0,0.0
1725954913950734908,0.0,0.0
1725954913979301021,0.0,0.0
1725954914001507888,0.0,0.0
1725954914032042307,0.0,0.0
1725954914058591315,0.0,0.0
1725954914086642742,0.0,0.0
1725954914108275812,0.0,0.0
1725954914127858071,0.0,0.0
1725954914160912539,0.0,0.0
1725954914187849679,0.0,0.0
1725954914229542386,0.0,0.0
1725954914254838505,0.0,0.0
1725954914278597430,0.0,0.0
1725954914298215283,0.0,0.0
1725954914327207277,0.0,0.0
1725954914353845485,0.0,0.0
1725954914381068761,0.0,0.0
1725954914404680729,0.0,0.0
1725954914426742544,0.0,0.0
1725954914453395808,0.0,0.0
1725954914479494031,0.0,0.0
1725954914499362414,0.0,0.0
1725954914525536422,0.0,0.0
1725954914551378643,0.0,0.0
1725954914575144909,0.0,0.0
1725954914600224047,0.0,0.0
1725954914618412982,0.0,0.0
1725954914650829633,0.0,0.0
1725954914678423708,0.0,0.0
1725954914700105631,0.0,0.0
1725954914737030814,0.0,0.0
1725954914785445264,0.0,0.0
1725954914809560878,0.0,0.0
1725954914833924747,0.0,0.0
1725954914858955198,0.0,0.0
1725954914889009656,0.0,0.0
1725954914907634841,0.0,0.0
1725954914934668356,0.0,0.0
1725954914961131040,0.0,0.0
1725954914986490221,0.0,0.0
1725954915011706556,0.0,0.0
1725954915033597433,0.0,0.0
1725954915058323799,0.0,0.0
1725954915085154967,0.0,0.0
1725954915111527617,0.0,0.0
1725954915132259232,0.0,0.0
1725954915158110028,0.0,0.0
1725954915180438001,0.0,0.0
1725954915207159160,0.0,0.0
1725954915236380731,0.0,0.0
1725954915256393046,0.0,0.0
1725954915278792269,0.0,0.0
1725954915296244661,0.0,0.0
1725954915321187740,0.0,0.0
1725954915346116211,0.0,0.0
1725954915374732585,0.0,0.0
1725954915399343272,0.0,0.0
1725954915421130541,0.0,0.0
1725954915446333006,0.0,0.0
1725954915468131394,0.0,0.0
1725954915499186932,0.0,0.0
1725954915519268085,0.0,0.0
1725954915543951834,0.0,0.0
1725954915573691865,0.0,0.0
1725954915599176726,0.0,0.0
1725954915617483253,0.0,0.0
1725954915645177909,0.0,0.0
1725954915665385517,0.0,0.0
1725954915692005570,0.0,0.0
1725954915724236241,0.0,0.0
1725954915748244305,0.0,0.0
1725954915772033669,0.0,0.0
1725954915806348225,0.0,0.0
1725954915824912007,0.0,0.0
1725954915851818039,0.0,0.0
1725954915880789357,0.0,0.0
1725954915905370461,0.0,0.0
1725954915929431764,0.0,0.0
1725954915954666354,0.0,0.0
1725954915978695800,0.0,0.0
1725954916005370813,0.0,0.0
1725954916027793233,0.0,0.0
1725954916050526571,0.0,0.0
1725954916076241262,0.0,0.0
1725954916103426805,0.0,0.0
1725954916129186255,0.0,0.0
1725954916150712662,0.0,0.0
1725954916176223953,0.0,0.0
1725954916203821279,0.0,0.0
1725954916227440060,0.0,0.0
1725954916247666468,0.0,0.0
1725954916280484111,0.0,0.0
1725954916300753981,0.0,0.0
1725954916325352433,0.0,0.0
1725954916343574970,0.0,0.0
1725954916373445317,0.0,0.0
1725954916399188902,0.0,0.0
1725954916423036679,0.0,0.0
1725954916440658084,0.0,0.0
1725954916471641161,0.0,0.0
1725954916496363259,0.0,0.0
1725954916522663775,0.0,0.0
1725954916545849131,0.0,0.0
1725954916571175050,0.0,0.0
1725954916598235174,0.0,0.0
1725954916620915740,0.0,0.0
1725954916643767926,0.0,0.0
1725954916669533660,0.0,0.0
1725954916695037141,0.0,0.0
1725954916738743324,0.0,0.0
1725954916761401325,0.0,0.0
1725954916791379578,0.0,0.0
1725954916814374400,0.0,0.0
1725954916839138317,0.0,0.0
1725954916864873977,0.0,0.0
1725954916888445354,0.0,0.0
1725954916910272284,0.0,0.0
1725954916940716597,0.0,0.0
1725954916968830373,0.0,0.0
1725954916995824137,0.0,0.0
1725954917017122621,0.0,0.0
1725954917042254109,0.0,0.0
1725954917068840615,0.0,0.0
1725954917094403871,0.0,0.0
1725954917116437000,0.0,0.0
1725954917136279663,0.0,0.0
1725954917167079819,0.0,0.0
1725954917191002960,0.0,0.0
1725954917211165577,0.0,0.0
1725954917255757345,0.0,0.0
1725954917279749558,0.0,0.0
1725954917301849953,0.0,0.0
1725954917323995569,0.0,0.0
1725954917342386602,0.0,0.0
1725954917365784002,0.0,0.0
1725954917394036714,0.0,0.0
1725954917417611385,0.0,0.0
1725954917440238605,0.0,0.0
1725954917465335654,0.0,0.0
1725954917495041450,0.0,0.0
1725954917516991593,0.0,0.0
1725954917544152803,0.0,0.0
1725954917566029905,0.0,0.0
1725954917590947590,0.0,0.0
1725954917618585272,0.0,0.0
1725954917640262346,0.0,0.0
1725954917659024708,0.0,0.0
1725954917687981800,0.0,0.0
1725954917719726550,0.0,0.0
1725954917741886741,0.0,0.0
1725954917767313456,0.0,0.0
1725954917789794467,0.0,0.0
1725954917816706126,0.0,0.0
1725954917844905640,0.0,0.0
1725954917865072801,0.0,0.0
1725954917893519171,0.0,0.0
1725954917917894553,0.0,0.0
1725954917940791464,0.0,0.0
1725954917961880077,0.0,0.0
1725954917989553628,0.0,0.0
1725954918020250724,0.0,0.0
1725954918044226064,0.0,0.0
1725954918065130875,0.0,0.0
1725954918093295768,0.0,0.0
1725954918116101682,0.0,0.0
1725954918144537194,0.0,0.0
1725954918165784001,0.0,0.0
1725954918191508489,0.0,0.0
1725954918218863205,0.0,0.0
1725954918251940971,0.0,0.0
1725954918272222822,0.0,0.0
1725954918299621412,0.0,0.0
1725954918329997055,0.0,0.0
1725954918351495924,0.0,0.0
1725954918378147810,0.0,0.0
1725954918401759927,0.0,0.0
1725954918427988064,0.0,0.0
1725954918450165817,0.0,0.0
1725954918472652739,0.0,0.0
1725954918505689906,0.0,0.0
1725954918525952434,0.0,0.0
1725954918549342301,0.0,0.0
1725954918576460631,0.0,0.0
1725954918602240746,0.0,0.0
1725954918628329088,0.0,0.0
1725954918648155698,0.0,0.0
1725954918673116135,0.0,0.0
1725954918700535928,0.0,0.0
1725954918722127783,0.0,0.0
1725954918751891258,0.0,0.0
1725954918775697487,0.0,0.0
1725954918806077691,0.0,0.0
1725954918833405894,0.0,0.0
1725954918854416747,0.0,0.0
1725954918876300531,0.0,0.0
1725954918905008528,0.0,0.0
1725954918933737386,0.0,0.0
1725954918958346778,0.0,0.0
1725954918978705595,0.0,0.0
1725954919005200048,0.0,0.0
1725954919031526753,0.0,0.0
1725954919058159889,0.0,0.0
1725954919076356906,0.0,0.0
1725954919105722611,0.0,0.0
1725954919127423072,0.0,0.0
1725954919150435130,0.0,0.0
1725954919172547637,0.0,0.0
1725954919204260746,0.0,0.0
1725954919226990898,0.0,0.0
1725954919257517138,0.0,0.0
1725954919285144077,0.0,0.0
1725954919313279740,0.0,0.0
1725954919340037447,0.0,0.0
1725954919365767751,0.0,0.0
1725954919403219591,0.0,0.0
1725954919433921297,0.0,0.0
1725954919456713386,0.0,0.0
1725954919485875080,0.0,0.0
1725954919511170834,0.0,0.0
1725954919539477631,0.0,0.0
1725954919560741479,0.0,0.0
1725954919584175438,0.0,0.0
1725954919604239096,0.0,0.0
1725954919637037599,0.0,0.0
1725954919661539517,0.0,0.0
1725954919686095917,0.0,0.0
1725954919704200812,0.0,0.0
1725954919731482130,0.0,0.0
1725954919762575737,0.0,0.0
1725954919783967546,0.0,0.0
1725954919806170026,0.0,0.0
1725954919834460284,0.0,0.0
1725954919863412259,0.0,0.0
1725954919885883613,0.0,0.0
1725954919916983323,0.0,0.0
1725954919943457844,0.0,0.0
1725954919973800035,0.0,0.0
1725954919996637400,0.0,0.0
1725954920019037601,0.0,0.0
1725954920044397953,0.0,0.0
1725954920068428516,0.0,0.0
1725954920092104657,0.0,0.0
1725954920115916059,0.0,0.0
1725954920142600986,0.0,0.0
1725954920163511902,0.0,0.0
1725954920189576816,0.0,0.0
1725954920215069301,0.0,0.0
1725954920241600060,0.0,0.0
1725954920272548372,0.0,0.0
1725954920293133033,0.0,0.0
1725954920319834807,0.0,0.0
1725954920348331772,0.0,0.0
1725954920375950172,0.0,0.0
1725954920396822011,0.0,0.0
1725954920419085700,0.0,0.0
1725954920463502443,0.0,0.0
1725954920489556742,0.0,0.0
1725954920513012716,0.0,0.0
1725954920540174924,0.0,0.0
1725954920563855108,0.0,0.0
1725954920585304060,0.0,0.0
1725954920609185109,0.0,0.0
1725954920637096051,0.0,0.0
1725954920660855157,0.0,0.0
1725954920685402702,0.0,0.0
1725954920709978793,0.0,0.0
1725954920732754984,0.0,0.0
1725954920759484462,0.0,0.0
1725954920782475719,0.0,0.0
1725954920804865009,0.0,0.0
1725954920836322903,0.0,0.0
1725954920858993823,0.0,0.0
1725954920883160537,0.0,0.0
1725954920901824272,0.0,0.0
1725954920935398605,0.0,0.0
1725954920962939434,0.0,0.0
1725954920989175216,0.0,0.0
1725954921017868210,0.0,0.0
1725954921042100043,0.0,0.0
1725954921071624326,0.0,0.0
1725954921092953838,0.0,0.0
1725954921117291354,0.0,0.0
1725954921143656120,0.0,0.0
1725954921166357879,0.0,0.0
1725954921190353984,0.0,0.0
1725954921215858686,0.0,0.0
1725954921243341946,0.0,0.0
1725954921269325531,0.0,0.0
1725954921292197311,0.0,0.0
1725954921318829411,0.0,0.0
1725954921341936511,0.0,0.0
1725954921369012617,0.0,0.0
1725954921393631677,0.0,0.0
1725954921411476678,0.0,0.0
1725954921447721366,0.0,0.0
1725954921470013378,0.0,0.0
1725954921489173723,0.0,0.0
1725954921519859822,0.0,0.0
1725954921551897390,0.0,0.0
1725954921577666230,0.0,0.0
1725954921600008651,0.0,0.0
1725954921627037213,0.0,0.0
1725954921655677915,0.0,0.0
1725954921680863907,0.0,0.0
1725954921703627632,0.0,0.0
1725954921724974272,0.0,0.0
1725954921754167172,0.0,0.0
1725954921773520249,0.0,0.0
1725954921800120351,0.0,0.0
1725954921819514511,0.0,0.0
1725954921849869491,0.0,0.0
1725954921877010381,0.0,0.0
1725954921902323125,0.0,0.0
1725954921926878463,0.0,0.0
1725954921953764581,0.0,0.0
1725954921982797390,0.0,0.0
1725954922004313459,0.0,0.0
1725954922031407589,0.0,0.0
1725954922053115296,0.0,0.0
1725954922093282808,0.0,0.0
1725954922118676389,0.0,0.0
1725954922147869651,0.0,0.0
1725954922171447360,0.0,0.0
1725954922199051816,0.0,0.0
1725954922222227177,0.0,0.0
1725954922244107850,0.0,0.0
1725954922269752883,0.0,0.0
1725954922300874142,0.0,0.0
1725954922324833510,0.0,0.0
1725954922349191949,0.0,0.0
1725954922378382469,0.0,0.0
1725954922410135036,0.0,0.0
1725954922431996790,0.0,0.0
1725954922456696186,0.0,0.0
1725954922481706780,0.0,0.0
1725954922506594630,0.0,0.0
1725954922529627377,0.0,0.0
1725954922551770617,0.0,0.0
1725954922583919771,0.0,0.0
1725954922607983770,0.0,0.0
1725954922643374035,0.0,0.0
1725954922669969844,0.0,0.0
1725954922702466875,0.0,0.0
1725954922731535963,0.0,0.0
1725954922752583343,0.0,0.0
1725954922775136297,0.0,0.0
1725954922807639361,0.0,0.0
1725954922832510935,0.0,0.0
1725954922855031696,0.0,0.0
1725954922879388979,0.0,0.0
1725954922907855627,0.0,0.0
1725954922931360078,0.0,0.0
1725954922961519650,0.0,0.0
1725954922982750191,0.0,0.0
1725954923014378399,0.0,0.0
1725954923036871176,0.0,0.0
1725954923059379262,0.0,0.0
1725954923082108887,0.0,0.0
1725954923102159408,-0.05000000074505806,0.05000000074505806
1725954923129634583,-0.10000000149011612,0.10000000149011612
1725954923151219284,-0.15000000596046448,0.2500012218952179
1725954923178977698,-0.20000000298023224,0.25000232458114624
1725954923199715818,-0.25,0.25
1725954923226731086,-0.28409746289253235,0.25
1725954923268808052,-0.28409746289253235,0.25
1725954923362211029,-0.2829152047634125,0.2758431136608124
1725954923392653623,-0.27792060375213623,0.30740106105804443
1725954923417581385,-0.2676074802875519,0.4262514114379883
1725954923437027630,-0.2524982690811157,0.46934428811073303
1725954923467256530,-0.23391123116016388,0.6888518929481506
1725954923492567199,-0.21322545409202576,0.7725964784622192
1725954923520581625,-0.19153600931167603,0.8345717191696167
1725954923539647659,-0.16956280171871185,0.883192241191864
1725954923565569448,-0.1476941704750061,0.9313672780990601
1725954923594028480,-0.1260814368724823,0.9775224328041077
1725954923615441957,-0.10473496466875076,1.0171926021575928
1725954923640008297,-0.08359932899475098,1.0552548170089722
1725954923663370409,-0.06260193884372711,1.087066650390625
1725954923689679101,-0.041678886860609055,1.1210837364196777
1725954923717812505,-0.02078460529446602,1.1507995128631592
1725954923745826490,0.0001079365611076355,1.2098368406295776
1725954923767389474,0.020895399153232574,1.2087067365646362
1725954923815627966,0.039980318397283554,1.237058401107788
1725954923841220451,0.054181888699531555,1.2624266147613525
1725954923865833354,0.061687495559453964,1.2867271900177002
1725954923911692738,0.06304367631673813,1.3060517311096191
1725954923936200277,0.060078468173742294,1.361972451210022
1725954923959879108,0.05495547130703926,1.4234493970870972
1725954923981454920,0.049300868064165115,1.4734761714935303
1725954924017743937,0.044182561337947845,1.526629090309143
1725954924044711897,0.040043219923973083,1.5772414207458496
1725954924069262717,0.036752816289663315,1.6196383237838745
1725954924092466838,0.034316711127758026,1.6585228443145752
1725954924121975578,0.03288227319717407,1.691969394683838
1725954924145645464,0.032327327877283096,1.7232314348220825
1725954924170767588,0.0324055515229702,1.7523303031921387
1725954924192295090,0.0328710600733757,1.7802563905715942
1725954924221089550,0.033469077199697495,1.806915044784546
1725954924244718286,0.03399108350276947,1.831919550895691
1725954924268045048,0.03440476581454277,1.8576955795288086
1725954924293105727,0.03470385819673538,1.8784912824630737
1725954924331726359,0.034713659435510635,1.8998687267303467
1725954924353898179,0.03435680270195007,1.920698881149292
1725954924380306403,0.03371565043926239,1.9402720928192139
1725954924406420817,0.032904092222452164,1.957826018333435
1725954924433061905,0.03200709819793701,1.9757533073425293
1725954924458331226,0.031048713251948357,1.9968982934951782
1725954924482487969,0.03024633228778839,2.016611099243164
1725954924503306023,0.02969951182603836,2.05252742767334
1725954924532877100,0.02899380773305893,2.0844180583953857
1725954924560075649,0.027827773243188858,2.117208480834961
1725954924584083507,0.02645939402282238,2.141258955001831
1725954924605530858,0.02515806443989277,2.1753807067871094
1725954924638562556,0.023815324530005455,2.200855255126953
1725954924661715515,0.02242404595017433,2.2237331867218018
1725954924688645359,0.02114798128604889,2.2443225383758545
1725954924711667688,0.020066965371370316,2.2643074989318848
1725954924736964237,0.01921989396214485,2.2825446128845215
1725954924764063708,0.018540773540735245,2.300394296646118
1725954924791017951,0.018018819391727448,2.3184988498687744
1725954924811777991,0.017695458605885506,2.333296298980713
1725954924838814926,0.017412634566426277,2.348440408706665
1725954924877705241,0.017001919448375702,2.3629395961761475
1725954924912652308,0.01650739274919033,2.37868070602417
1725954924935394957,0.015925554558634758,2.3913118839263916
1725954924963051820,0.015089335851371288,2.4040610790252686
1725954924982891403,0.013991376385092735,2.417537212371826
1725954925009439199,0.012803582474589348,2.4280662536621094
1725954925034211112,0.011758341453969479,2.4422075748443604
1725954925061542763,0.010901867412030697,2.4581239223480225
1725954925085523558,0.009966986253857613,2.471809148788452
1725954925108619572,0.008842426352202892,2.495321750640869
1725954925133155835,0.007695389911532402,2.515906572341919
1725954925164868262,0.006585550028830767,2.536325693130493
1725954925186846701,0.005401296075433493,2.5521864891052246
1725954925214812635,0.004272842779755592,2.5713789463043213
1725954925234305461,0.0034821860026568174,2.5871808528900146
1725954925263638730,0.0029443311505019665,2.6004316806793213
1725954925285278346,0.0023793354630470276,2.614039182662964
1725954925309091165,0.0017644710605964065,2.624262571334839
1725954925339455951,0.0012949592201039195,2.6352734565734863
1725954925367901397,0.000992020359262824,2.644725799560547
1725954925389391430,0.000624274427536875,2.6552929878234863
1725954925430554896,0.00011349102715030313,2.663209915161133
1725954925454985884,-0.0003473108808975667,2.671058177947998
1725954925481228439,-0.0006995893782004714,2.6783740520477295
1725954925507843596,-0.0011476250365376472,2.6861109733581543
1725954925531585573,-0.0017504568677395582,2.691983222961426
1725954925560944282,-0.002297128550708294,2.6979591846466064
1725954925587190200,-0.0027202076744288206,2.7038657665252686
1725954925612909915,-0.003211013972759247,2.7100205421447754
1725954925635334891,-0.003812950337305665,2.714146852493286
1725954925668492896,-0.004293845966458321,2.71881103515625
1725954925694645967,-0.004569164477288723,2.724134683609009
1725954925715734213,-0.004752400331199169,2.7295403480529785
1725954925743555874,-0.004873060621321201,2.735722303390503
1725954925767466533,-0.004926636349409819,2.7413363456726074
1725954925796542048,-0.004957936238497496,2.747530937194824
1725954925822012928,-0.005138373002409935,2.7513368129730225
1725954925848817836,-0.005542509723454714,2.756199598312378
1725954925874604187,-0.0059589301235973835,2.7594168186187744
1725954925904388884,-0.0062871649861335754,2.762247323989868
1725954925922646732,-0.006673529278486967,2.7650365829467773
1725954925954788346,-0.0071401214227080345,2.767106294631958
1725954925991039270,-0.0074938880279660225,2.769144296646118
1725954926017441013,-0.007675876375287771,2.7706077098846436
1725954926043572521,-0.007858878932893276,2.7720835208892822
1725954926071377747,-0.008106455206871033,2.773247480392456
1725954926100845171,-0.008255068212747574,2.7741551399230957
1725954926128503035,-0.00826698075979948,2.774888515472412
1725954926153599203,-0.008367802947759628,2.7755279541015625
1725954926178236070,-0.008656495250761509,2.7757811546325684
1725954926208209540,-0.008946617133915424,2.776355504989624
1725954926235359238,-0.009152045473456383,2.776494264602661
1725954926256019253,-0.009426931850612164,2.776921510696411
1725954926283026283,-0.009817376732826233,2.777099609375
1725954926314594012,-0.010108370333909988,2.7772679328918457
1725954926349785344,-0.010169006884098053,2.777421236038208
1725954926379953673,-0.010183584876358509,2.7775352001190186
1725954926407598740,-0.01011611893773079,2.7776474952697754
1725954926432945162,-0.009661855176091194,2.7777099609375
1725954926461745187,-0.008934433571994305,2.7777657508850098
1725954926480988872,-0.008309409022331238,2.7777676582336426
1725954926505839027,-0.00792857725173235,2.7777721881866455
1725954926549837675,-0.007680804468691349,2.77777361869812
1725954926579311558,-0.007482463493943214,2.777776002883911
1725954926608641018,-0.007329863496124744,2.7777769565582275
1725954926637822937,-0.007227584253996611,2.7777774333953857
1725954926663000613,-0.007239948958158493,2.777777671813965
1725954926690584156,-0.007388071622699499,2.777777671813965
1725954926710923519,-0.00760456221178174,2.777777671813965
1725954926743099860,-0.007851166650652885,2.7777774333953857
1725954926765316993,-0.00814464595168829,2.7777769565582275
1725954926785342805,-0.008447054773569107,2.7777774333953857
1725954926819775951,-0.008688854984939098,2.777777671813965
1725954926855098400,-0.008885344490408897,2.777777671813965
1725954926871225885,-0.009073026478290558,2.777777910232544
1725954926900259858,-0.009204789996147156,2.777777910232544
1725954926925718480,-0.009200582280755043,2.777777671813965
1725954926954688099,-0.009025572799146175,2.777777671813965
1725954926978668598,-0.008696655742824078,2.777777671813965
1725954927003052528,-0.008134710602462292,2.7777769565582275
1725954927036124815,-0.007327445782721043,2.7777767181396484
1725954927061507861,-0.006538963411003351,2.7777769565582275
1725954927087346910,-0.005993478000164032,2.7777771949768066
1725954927109954288,-0.0057035647332668304,2.777777671813965
1725954927145119130,-0.005594252608716488,2.777777910232544
1725954927175354160,-0.0056151216849684715,2.777777910232544
1725954927196472499,-0.005753585137426853,2.777777910232544
1725954927223807200,-0.005962296389043331,2.777777910232544
1725954927247674931,-0.00616958225145936,2.777777671813965
1725954927280853837,-0.006370109971612692,2.7777771949768066
1725954927299891070,-0.006607663352042437,2.7777769565582275
1725954927325757362,-0.006857423111796379,2.7777774333953857
1725954927359842065,-0.00705321179702878,2.777777671813965
1725954927387083964,-0.007198740728199482,2.777777671813965
1725954927409339541,-0.007355750072747469,2.777777910232544
1725954927432882917,-0.007487248629331589,2.777777910232544
1725954927460694290,-0.0074263387359678745,2.777777671813965
1725954927484639568,-0.0071106357499957085,2.777777671813965
1725954927508733340,-0.006618693936616182,2.777777910232544
1725954927535804754,-0.00592542439699173,2.7777769565582275
1725954927563237812,-0.005045528057962656,2.7777767181396484
1725954927589761037,-0.0042487019672989845,2.777777671813965
1725954927627596672,-0.003740520216524601,2.777777671813965
1725954927645370128,-0.003495327662676573,2.777777910232544
1725954927668922416,-0.003421356901526451,2.777777910232544
1725954927701716400,-0.003450611373409629,2.777777671813965
1725954927726776911,-0.0035503366962075233,2.777777910232544
1725954927750658459,-0.003674792591482401,2.777777910232544
1725954927778778054,-0.0037660521920770407,2.777777671813965
1725954927802917748,-0.00372446421533823,2.777777910232544
1725954927829399692,-0.003465933259576559,2.777777671813965
1725954927855174438,-0.0030811193864792585,2.777777910232544
1725954927878585884,-0.002732631517574191,2.777777671813965
1725954927912141231,-0.002531078876927495,2.777777910232544
1725954927936960402,-0.0025095196906477213,2.777777671813965
1725954927961617106,-0.002625236753374338,2.777777671813965
1725954927985203369,-0.002797534456476569,2.777777671813965
1725954928015322992,-0.0029640737920999527,2.777777671813965
1725954928033227139,-0.00309750996530056,2.777777671813965
1725954928061339091,-0.0031032487750053406,2.777777671813965
1725954928092043287,-0.002898742211982608,2.777777671813965
1725954928119019199,-0.002563305664807558,2.777777910232544
1725954928143306582,-0.002253943122923374,2.777777671813965
1725954928171155281,-0.0020496982615441084,2.777777910232544
1725954928200087942,-0.0019515987951308489,2.777777671813965
1725954928227123492,-0.0019896330777555704,2.777777910232544
1725954928258956937,-0.0022041627671569586,2.777777910232544
1725954928286464080,-0.0025430647656321526,2.777777910232544
1725954928310304492,-0.0025430647656321526,2.777777910232544
1725954928335373472,-0.003444913774728775,2.777777910232544
1725954928361392167,-0.004006681963801384,2.777777910232544
1725954928392809620,-0.004396357573568821,2.777777910232544
1725954928421831030,-0.004470279440283775,2.777777671813965
1725954928447800914,-0.004449649713933468,2.777777910232544
1725954928466197942,-0.004447918850928545,2.777777910232544
1725954928499048577,-0.004392969887703657,2.777777910232544
1725954928526525421,-0.004284239839762449,2.777777671813965
1725954928549377790,-0.004167398903518915,2.777777671813965
1725954928569140042,-0.0040452745743095875,2.777777671813965
1725954928602574042,-0.0038523508701473475,2.777777910232544
1725954928630017332,-0.003583966288715601,2.777777671813965
1725954928655559819,-0.0032801078632473946,2.777777910232544
1725954928681569343,-0.002935318276286125,2.777777910232544
1725954928710097113,-0.0025605654809623957,2.777777910232544
1725954928744314994,-0.0022520460188388824,2.777777671813965
1725954928764562877,-0.0021186228841543198,2.777777910232544
1725954928789426930,-0.0021510531660169363,2.777777910232544
1725954928825212075,-0.0021799439564347267,2.777777910232544
1725954928851488959,-0.002135963412001729,2.777777910232544
1725954928876986058,-0.0021934660617262125,2.777777910232544
1725954928900253556,-0.0024166603107005358,2.777777910232544
1725954928928070059,-0.0026934263296425343,2.777777910232544
1725954928950637424,-0.002957894466817379,2.777777671813965
1725954928979033733,-0.003214549971744418,2.777777910232544
1725954928999947973,-0.0034505610819905996,2.777777671813965
1725954929028403624,-0.0036322646774351597,2.777777910232544
1725954929056665939,-0.0037857904098927975,2.777777671813965
1725954929080736476,-0.003960613626986742,2.777777910232544
1725954929101604548,-0.004149002023041248,2.777777671813965
1725954929130479315,-0.004319265019148588,2.777777910232544
1725954929160593889,-0.004470033571124077,2.777777671813965
1725954929184885802,-0.004620754159986973,2.777777671813965
1725954929206126196,-0.004746671766042709,2.777777671813965
1725954929241992619,-0.004771341569721699,2.777777671813965
1725954929266572315,-0.004696526098996401,2.777777671813965
1725954929289747019,-0.004582963418215513,2.777777910232544
1725954929315266792,-0.004445565864443779,2.777777910232544
1725954929347381820,-0.004298106767237186,2.777777910232544
1725954929377723597,-0.004234959837049246,2.777777671813965
1725954929420500475,-0.0043630339205265045,2.777777910232544
1725954929459555575,-0.004648292902857065,2.777777910232544
1725954929488518914,-0.005115285981446505,2.777777910232544
1725954929522761081,-0.0060151368379592896,2.777777910232544
1725954929550923259,-0.007307402323931456,2.777777671813965
1725954929577974426,-0.00863517913967371,2.777777910232544
1725954929599331684,-0.00977078452706337,2.777777910232544
1725954929631912868,-0.010571739636361599,2.777777910232544
1725954929657808339,-0.010959741659462452,2.777777671813965
1725954929686088374,-0.011023839004337788,2.777777671813965
1725954929708855917,-0.010933466255664825,2.777777671813965
1725954929733994460,-0.01078838761895895,2.777777671813965
1725954929762651766,-0.010615621693432331,2.777777671813965
1725954929791901833,-0.01030600443482399,2.777777671813965
1725954929817617982,-0.00983074214309454,2.777777671813965
1725954929842072700,-0.009374914690852165,2.777777671813965
1725954929865305604,-0.008995686657726765,2.777777671813965
1725954929900910533,-0.008679147809743881,2.777777910232544
1725954929931279162,-0.008478855714201927,2.777777671813965
1725954929959085150,-0.008381490595638752,2.777777910232544
1725954929988286447,-0.008327100425958633,2.777777910232544
1725954930019517284,-0.008390728384256363,2.777777671813965
1725954930042838479,-0.008690926246345043,2.777777910232544
1725954930068597300,-0.009123282507061958,2.777777910232544
1725954930095368727,-0.009512122720479965,2.777777910232544
1725954930118709290,-0.009807219728827477,2.777777910232544
1725954930142884382,-0.010035235434770584,2.777777910232544
1725954930166897212,-0.010217903181910515,2.777777910232544
1725954930195233102,-0.010455380193889141,2.777777671813965
1725954930225200140,-0.010816438123583794,2.777777671813965
1725954930251337013,-0.01114089135080576,2.777777910232544
1725954930278158636,-0.011264697648584843,2.777777910232544
1725954930306496322,-0.011129957623779774,2.777777671813965
1725954930336630713,-0.010809558443725109,2.777777671813965
1725954930360515225,-0.01046811230480671,2.777777671813965
1725954930388734437,-0.010192295536398888,2.777777671813965
1725954930419052192,-0.0100559638813138,2.777777671813965
1725954930451557165,-0.010116228833794594,2.777777671813965
1725954930479133585,-0.010299429297447205,2.777777910232544
1725954930505473268,-0.010472052730619907,2.777777910232544
1725954930532473439,-0.010582324117422104,2.777777910232544
1725954930558375557,-0.010726859793066978,2.777777910232544
1725954930584978105,-0.011011486873030663,2.777777910232544
1725954930611095289,-0.011388829909265041,2.777777910232544
1725954930639039754,-0.011849204078316689,2.777777910232544
1725954930667543857,-0.012373759411275387,2.777777910232544
1725954930687662511,-0.012771167792379856,2.777777671813965
1725954930714434936,-0.012937053106725216,2.777777910232544
1725954930735280580,-0.012881100177764893,2.777777910232544
1725954930765984745,-0.012681436724960804,2.777777910232544
1725954930788404911,-0.012609097175300121,2.777777671813965
1725954930814295894,-0.012800063006579876,2.777777910232544
1725954930841764094,-0.013046810403466225,2.777777910232544
1725954930868509692,-0.01321235578507185,2.777777910232544
1725954930894113920,-0.013434397988021374,2.777777671813965
1725954930924329622,-0.01387067325413227,2.777777671813965
1725954930949944686,-0.014418426901102066,2.777777671813965
1725954930976445162,-0.01487668789923191,2.777777671813965
1725954931015264902,-0.015144159086048603,2.777777671813965
1725954931035557410,-0.015137745998799801,2.777777910232544
1725954931065939477,-0.014855331741273403,2.777777910232544
1725954931092045309,-0.014340619556605816,2.777777671813965
1725954931116232051,-0.013636336661875248,2.777777671813965
1725954931151589335,-0.012881538830697536,2.777777910232544
1725954931171887729,-0.012288807891309261,2.777777671813965
1725954931197888840,-0.0120207779109478,2.777777910232544
1725954931219743040,-0.012081228196620941,2.777777910232544
1725954931252350698,-0.01235977653414011,2.777777910232544
1725954931276370522,-0.012783757410943508,2.777777910232544
1725954931299006274,-0.013329684734344482,2.777777910232544
1725954931321337309,-0.013933121226727962,2.777777910232544
1725954931353170292,-0.014524602331221104,2.777777910232544
1725954931375175993,-0.015206163749098778,2.777777671813965
1725954931401408868,-0.01606293022632599,2.777777910232544
1725954931432157693,-0.016876952722668648,2.777777910232544
1725954931457259558,-0.0174582339823246,2.777777910232544
1725954931485808693,-0.01785784214735031,2.777777671813965
1725954931511523263,-0.018193112686276436,2.777777671813965
1725954931544731556,-0.018497256562113762,2.777777671813965
1725954931575185437,-0.018738998100161552,2.777777671813965
1725954931602834139,-0.018936851993203163,2.777777910232544
1725954931626221967,-0.01900099776685238,2.777777671813965
1725954931649185839,-0.01888168789446354,2.777777671813965
1725954931682392924,-0.018779296427965164,2.777777910232544
1725954931707606047,-0.01887844316661358,2.777777671813965
1725954931732682513,-0.019266488030552864,2.777777910232544
1725954931759121224,-0.01987450197339058,2.777777910232544
1725954931791383597,-0.020526986569166183,2.777777910232544
1725954931808635174,-0.02118649333715439,2.777777671813965
1725954931840316813,-0.021909521892666817,2.777777910232544
1725954931865285622,-0.022779734805226326,2.777777671813965
1725954931885625099,-0.0238640196621418,2.777777910232544
1725954931917651496,-0.02506137825548649,2.777777671813965
1725954931941799738,-0.026189178228378296,2.777777910232544
1725954931964385674,-0.027111511677503586,2.777777910232544
1725954931994112689,-0.02775084599852562,2.777777910232544
1725954932018857378,-0.028178388252854347,2.777777910232544
1725954932043879553,-0.028572535142302513,2.777777910232544
1725954932068341326,-0.029058411717414856,2.777777671813965
1725954932098379433,-0.029612598940730095,2.777777671813965
1725954932124780718,-0.03016785718500614,2.777777910232544
1725954932158626525,-0.03085348941385746,2.777777671813965
1725954932186131725,-0.03180234506726265,2.777777910232544
1725954932212725422,-0.03293950855731964,2.777777910232544
1725954932235211952,-0.034207526594400406,2.777777910232544
1725954932263182078,-0.03557471185922623,2.777777910232544
1725954932283989381,-0.03697988763451576,2.777777910232544
1725954932313534146,-0.03839575871825218,2.777777910232544
1725954932335105107,-0.03985251858830452,2.777777671813965
1725954932363382427,-0.04137641191482544,2.777777910232544
1725954932393879694,-0.04285234212875366,2.777777910232544
1725954932418494718,-0.04423828795552254,2.777777671813965
1725954932444363880,-0.04558275640010834,2.777777910232544
1725954932472598502,-0.0467611588537693,2.777777910232544
1725954932492361550,-0.04773048684000969,2.777777910232544
1725954932524218958,-0.04866829887032509,2.777777910232544
1725954932544642842,-0.04983355104923248,2.777777671813965
1725954932574057746,-0.051297202706336975,2.777777910232544
1725954932597499317,-0.05275331437587738,2.777777671813965
1725954932625575509,-0.054019853472709656,2.777777671813965
1725954932650169780,-0.05514778569340706,2.777777910232544
1725954932681786268,-0.056077681481838226,2.777777910232544
1725954932711378304,-0.05672960355877876,2.777777910232544
1725954932739589033,-0.05722523108124733,2.777777671813965
1725954932764114504,-0.05781163275241852,2.777777671813965
1725954932788303267,-0.05858893319964409,2.777777910232544
1725954932813106724,-0.059588827192783356,2.777777671813965
1725954932840557178,-0.06083184853196144,2.777777910232544
1725954932860422484,-0.062314316630363464,2.777777910232544
1725954932887352498,-0.06403795629739761,2.777777910232544
1725954932918215867,-0.06593721359968185,2.777777671813965
1725954932943300806,-0.0679655373096466,2.777777910232544
1725954932973803125,-0.07012790441513062,2.777777910232544
1725954932996701099,-0.07229900360107422,2.777777671813965
1725954933024569817,-0.07422754913568497,2.777777910232544
1725954933049974938,-0.07571230083703995,2.777777910232544
1725954933072813892,-0.07680919766426086,2.777777910232544
1725954933096903701,-0.07769809663295746,2.777777910232544
1725954933127497085,-0.07852335274219513,2.777777910232544
1725954933151679833,-0.07951520383358002,2.777777910232544
1725954933185679124,-0.08084467798471451,2.777777671813965
1725954933213848933,-0.08251522481441498,2.777777671813965
1725954933237646050,-0.08423278480768204,2.777777910232544
1725954933262736770,-0.08556853979825974,2.777777671813965
1725954933285318941,-0.0863228365778923,2.777777671813965
1725954933312059999,-0.08655988425016403,2.777777910232544
1725954933339897187,-0.08667349815368652,2.777777671813965
1725954933364667739,-0.0871134102344513,2.777777910232544
1725954933389095243,-0.0880490392446518,2.777777910232544
1725954933416721283,-0.08951710164546967,2.777777910232544
1725954933442234508,-0.0914769172668457,2.777777910232544
1725954933463928948,-0.09377699345350266,2.777777910232544
1725954933486725759,-0.09628007560968399,2.777777910232544
1725954933517863789,-0.09883424639701843,2.777777910232544
1725954933542850677,-0.10139553248882294,2.777777671813965
1725954933566896588,-0.10403133183717728,2.777777910232544
1725954933588585602,-0.10650063306093216,2.777777910232544
1725954933620255693,-0.10844045132398605,2.777777910232544
1725954933645280464,-0.10994386672973633,2.777777671813965
1725954933667220880,-0.11137812584638596,2.777777910232544
1725954933706344968,-0.11276937276124954,2.777777910232544
1725954933763608297,-0.11389979720115662,2.777777910232544
1725954933790616817,-0.11510902643203735,2.777777910232544
1725954933810049215,-0.11722949892282486,2.777777671813965
1725954933839325684,-0.12017076462507248,2.777777910232544
1725954933866406106,-0.12311196327209473,2.777777671813965
1725954933897161235,-0.12538985908031464,2.777777671813965
1725954933917480391,-0.12676067650318146,2.777777671813965
1725954933946016580,-0.12762251496315002,2.777777671813965
1725954933976513188,-0.12838132679462433,2.777777671813965
1725954934003867515,-0.12902936339378357,2.777777671813965
1725954934026521370,-0.12952713668346405,2.777777910232544
1725954934050704153,-0.1300511360168457,2.777777910232544
1725954934083247284,-0.1308685690164566,2.777777671813965
1725954934106021064,-0.13222606480121613,2.777777910232544
1725954934131559908,-0.134036585688591,2.777777671813965
1725954934158067405,-0.13604509830474854,2.777777910232544
1725954934179869563,-0.1379697024822235,2.777777910232544
1725954934210143140,-0.13930176198482513,2.777777910232544
1725954934235998539,-0.13996419310569763,2.777777671813965
1725954934290711845,-0.14058654010295868,2.777777910232544
1725954934318706485,-0.14154592156410217,2.777777910232544
1725954934347470574,-0.1425715833902359,2.777777910232544
1725954934375789961,-0.1432753950357437,2.777777910232544
1725954934400500340,-0.14398311078548431,2.777777910232544
1725954934429338853,-0.14506474137306213,2.777777910232544
1725954934452513082,-0.14631471037864685,2.777777671813965
1725954934482248466,-0.14764903485774994,2.777777671813965
1725954934507341363,-0.14900517463684082,2.777777671813965
1725954934532727851,-0.1501743495464325,2.777777671813965
1725954934559371834,-0.15099623799324036,2.777777671813965
1725954934584305708,-0.15159288048744202,2.777777910232544
1725954934607701815,-0.15226759016513824,2.777777910232544
1725954934631289091,-0.15313281118869781,2.777777910232544
1725954934658327931,-0.15434475243091583,2.777777671813965
1725954934684264886,-0.15621598064899445,2.777777910232544
1725954934706942341,-0.15865300595760345,2.777777671813965
1725954934736538786,-0.16114380955696106,2.777777910232544
1725954934764254736,-0.16314874589443207,2.777777910232544
1725954934792854003,-0.16440004110336304,2.777777910232544
1725954934813910797,-0.16499188542366028,2.777777910232544
1725954934847619480,-0.1654185652732849,2.777777910232544
1725954934871966661,-0.1659831553697586,2.777777910232544
1725954934897950193,-0.16655929386615753,2.777777910232544
1725954934922415870,-0.1674703061580658,2.777777910232544
1725954934942941887,-0.16897819936275482,2.777777910232544
1725954934973669569,-0.17087936401367188,2.777777671813965
1725954935000517259,-0.1729702204465866,2.777777671813965
1725954935023552473,-0.17504261434078217,2.777777671813965
1725954935049696777,-0.1768624484539032,2.777777671813965
1725954935078518327,-0.1783674657344818,2.777777910232544
1725954935102266965,-0.1799013763666153,2.777777910232544
1725954935130696196,-0.18173736333847046,2.777777910232544
1725954935158180456,-0.1841239333152771,2.777777671813965
1725954935181872577,-0.18700145184993744,2.777777910232544
1725954935204213649,-0.18950682878494263,2.777777910232544
1725954935231949877,-0.1914106011390686,2.777777910232544
1725954935255915485,-0.19305652379989624,2.777777910232544
1725954935288555589,-0.19443492591381073,2.777777910232544
1725954935324895454,-0.19573712348937988,2.777777910232544
1725954935353235851,-0.19707463681697845,2.777777910232544
1725954935382964276,-0.19822221994400024,2.777777910232544
1725954935407737698,-0.19877086579799652,2.777777910232544
1725954935426914469,-0.1987675279378891,2.777777910232544
1725954935454523875,-0.1992606818675995,2.777777910232544
1725954935485168285,-0.2008035033941269,2.777777910232544
1725954935508526941,-0.2030065357685089,2.777777671813965
1725954935532190815,-0.2055744230747223,2.777777910232544
1725954935565063377,-0.2083406299352646,2.777777671813965
1725954935584860907,-0.21103885769844055,2.777777671813965
1725954935606903704,-0.21335001289844513,2.777777671813965
1725954935635656384,-0.21515481173992157,2.777777671813965
1725954935663473583,-0.21652793884277344,2.777777671813965
1725954935687954527,-0.21758735179901123,2.777777910232544
1725954935713196832,-0.2184143215417862,2.777777910232544
1725954935743076421,-0.21912996470928192,2.777777910232544
1725954935771125015,-0.22002865374088287,2.777777910232544
1725954935793494636,-0.2210569828748703,2.777777910232544
1725954935828643614,-0.2219800502061844,2.777777910232544
1725954935856579269,-0.22291061282157898,2.777777910232544
1725954935886227655,-0.22386246919631958,2.777777910232544
1725954935912751063,-0.22506633400917053,2.777777910232544
1725954935938406955,-0.22643546760082245,2.777777910232544
1725954935962048484,-0.22729149460792542,2.777777910232544
1725954935986543156,-0.22789266705513,2.777777910232544
1725954936021151059,-0.22902324795722961,2.777777671813965
1725954936043113123,-0.2306070625782013,2.777777910232544
1725954936066779748,-0.23167665302753448,2.777777910232544
1725954936095024830,-0.23167665302753448,2.777777910232544
1725954936124677313,-0.23148277401924133,2.777777910232544
1725954936142913088,-0.23058004677295685,2.777777671813965
1725954936175442084,-0.22934779524803162,2.777777671813965
1725954936197936826,-0.22784841060638428,2.777777671813965
1725954936230316646,-0.2258986234664917,2.777777671813965
1725954936250284306,-0.22355003654956818,2.777777671813965
1725954936280030519,-0.22093592584133148,2.777777671813965
1725954936308209812,-0.21796272695064545,2.777777671813965
1725954936335560914,-0.21439392864704132,2.777777910232544
1725954936364449512,-0.21014602482318878,2.777777910232544
1725954936391399499,-0.20562744140625,2.777777910232544
1725954936425815362,-0.20189045369625092,2.777777671813965
1725954936451534139,-0.19985570013523102,2.777777910232544
1725954936475154818,-0.19893944263458252,2.777777910232544
1725954936500123999,-0.1980913132429123,2.777777910232544
1725954936530517692,-0.1975332498550415,2.777777910232544
1725954936559983315,-0.19777143001556396,2.777777671813965
1725954936581597279,-0.19834905862808228,2.777777910232544
1725954936604487101,-0.19819219410419464,2.777777910232544
1725954936633046899,-0.1968979686498642,2.777777910232544
1725954936658191131,-0.19472646713256836,2.777777910232544
1725954936683935294,-0.1919470727443695,2.777777671813965
1725954936708683465,-0.1889212280511856,2.777777910232544
1725954936732427484,-0.18596357107162476,2.777777910232544
1725954936767173250,-0.18317857384681702,2.777777910232544
1725954936788070323,-0.1805194616317749,2.777777910232544
1725954936810762267,-0.17810140550136566,2.777777910232544
1725954936839654791,-0.17594307661056519,2.777777671813965
1725954936867953305,-0.17364546656608582,2.777777671813965
1725954936904459980,-0.17061206698417664,2.777777671813965
1725954936938795609,-0.16649049520492554,2.777777671813965
1725954936969544933,-0.16121122241020203,2.777777910232544
1725954936996580502,-0.15518724918365479,2.777777671813965
1725954937019010804,-0.14917629957199097,2.777777910232544
1725954937045915607,-0.1433950513601303,2.777777910232544
1725954937074970906,-0.138260617852211,2.777777671813965
1725954937100361449,-0.1343424767255783,2.777777910232544
1725954937123756458,-0.13140609860420227,2.777777910232544
1725954937146990471,-0.1288772076368332,2.777777910232544
1725954937179454459,-0.12649764120578766,2.777777910232544
1725954937204236203,-0.12426707148551941,2.777777910232544
1725954937226451948,-0.12205836921930313,2.777777910232544
1725954937251683831,-0.11979734152555466,2.777777910232544
1725954937280873892,-0.11752120405435562,2.777777910232544
1725954937311788950,-0.11517909914255142,2.777777910232544
1725954937334020266,-0.11270705610513687,2.777777910232544
1725954937359942891,-0.1101236566901207,2.777777910232544
1725954937386595576,-0.10747545212507248,2.777777671813965
1725954937411319191,-0.10478775948286057,2.777777671813965
1725954937439146872,-0.10192780941724777,2.777777671813965
1725954937471493500,-0.09859223663806915,2.777777671813965
1725954937503152298,-0.09444837272167206,2.777777910232544
1725954937528656772,-0.08926013112068176,2.777777671813965
1725954937554947218,-0.08330962806940079,2.777777910232544
1725954937578995955,-0.0772508904337883,2.777777910232544
1725954937604960554,-0.07159038633108139,2.777777910232544
1725954937633817554,-0.06689334660768509,2.777777671813965
1725954937651074237,-0.0636010617017746,2.777777910232544
1725954937680977930,-0.06120695173740387,2.777777910232544
1725954937709240553,-0.05927249416708946,2.777777671813965
1725954937737489467,-0.058275092393159866,2.777777910232544
1725954937757563222,-0.058219172060489655,2.777777910232544
1725954937782205858,-0.058517806231975555,2.777777910232544
1725954937811575187,-0.058616749942302704,2.777777910232544
1725954937833103546,-0.058071911334991455,2.777777910232544
1725954937856819363,-0.05680672079324722,2.777777910232544
1725954937884023317,-0.05500028282403946,2.777777910232544
1725954937912786837,-0.05288851261138916,2.777777910232544
1725954937945788985,-0.050734203308820724,2.777777671813965
1725954937983567948,-0.048611968755722046,2.777777671813965
1725954938005771699,-0.04631100967526436,2.777777671813965
1725954938030886622,-0.043587666004896164,2.777777671813965
1725954938055972849,-0.04028372839093208,2.777777910232544
1725954938074350755,-0.037496186792850494,2.777777671813965
1725954938108898291,-0.03688611462712288,2.777777910232544
1725954938135366763,-0.0378049872815609,2.777777910232544
1725954938161577328,-0.038499053567647934,2.777777910232544
1725954938182962543,-0.03823041543364525,2.777777910232544
1725954938209674289,-0.036881327629089355,2.777777910232544
1725954938233398063,-0.034621886909008026,2.777777910232544
1725954938262210019,-0.03169272840023041,2.777777910232544
1725954938289329834,-0.028536131605505943,2.777777910232544
1725954938317683736,-0.025767536833882332,2.777777671813965
1725954938342318532,-0.02347390353679657,2.777777910232544
1725954938370726566,-0.02139192819595337,2.777777910232544
1725954938392303999,-0.019651254639029503,2.777777910232544
1725954938424789261,-0.018463650718331337,2.777777671813965
1725954938449171767,-0.017663663253188133,2.777777910232544
1725954938476477192,-0.0171099491417408,2.777777671813965
1725954938501607808,-0.016691934317350388,2.777777671813965
1725954938527012957,-0.01615763083100319,2.777777671813965
1725954938551459675,-0.015300337225198746,2.777777671813965
1725954938578819897,-0.013965697027742863,2.777777910232544
1725954938603518724,-0.01216331496834755,2.777777671813965
1725954938632699883,-0.01007811538875103,2.777777910232544
1725954938659774177,-0.007821853272616863,2.777777910232544
1725954938680974842,-0.005452769808471203,2.777777910232544
1725954938703180107,-0.0033046638127416372,2.777777910232544
1725954938729882215,-0.001757453428581357,2.777777910232544
1725954938762080756,-0.0007733863312751055,2.777777671813965
1725954938785224136,-9.122129995375872e-05,2.777777910232544
1725954938807287610,0.00043035380076617,2.777777910232544
1725954938838962394,0.0007666987949050963,2.777777910232544
1725954938867684685,0.000925073865801096,2.777777910232544
1725954938888600857,0.0009887493215501308,2.777777671813965
1725954938909835338,0.0010545083787292242,2.777777910232544
1725954938944392475,0.0012224754318594933,2.777777910232544
1725954938968556756,0.0015145131619647145,2.777777910232544
1725954938994923921,0.0018906932091340423,2.777777671813965
1725954939039246457,0.0023577148094773293,2.777777671813965
1725954939062008788,0.0029514578636735678,2.777777671813965
1725954939090691400,0.0036540681030601263,2.777777910232544
1725954939118204543,0.004443170037120581,2.777777671813965
1725954939138715127,0.0052840192802250385,2.777777910232544
1725954939168005107,0.00611914275214076,2.777777910232544
1725954939189509056,0.006925834808498621,2.777777910232544
1725954939215501870,0.00773948710411787,2.777777910232544
1725954939237103183,0.008508972823619843,2.777777910232544
1725954939268332161,0.009046497754752636,2.777777910232544
1725954939295535143,0.009268390946090221,2.777777910232544
1725954939316218896,0.00921274721622467,2.777777671813965
1725954939344651846,0.008978824131190777,2.777777910232544
1725954939366593629,0.00871154386550188,2.777777910232544
1725954939396377047,0.008472547866404057,2.777777910232544
1725954939422070710,0.008248772472143173,2.777777910232544
1725954939443584366,0.008068070746958256,2.777777910232544
1725954939478080523,0.007979313842952251,2.777777671813965
1725954939501469353,0.007954692468047142,2.777777910232544
1725954939526781133,0.007923713885247707,2.777777671813965
1725954939559512933,0.007879039272665977,2.777777671813965
1725954939588876043,0.007834156975150108,2.777777671813965
1725954939615797419,0.007773171178996563,2.777777671813965
1725954939643334573,0.007707209326326847,2.777777671813965
1725954939661764597,0.007689582649618387,2.777777671813965
1725954939690670858,0.007788935210555792,2.777777910232544
1725954939721827070,0.007993142120540142,2.777777910232544
1725954939748655110,0.00830481480807066,2.777777671813965
1725954939769847661,0.008722391910851002,2.777777910232544
1725954939805323836,0.009047368541359901,2.777777671813965
1725954939828558848,0.009116971865296364,2.777777910232544
1725954939851499273,0.008937379345297813,2.777777671813965
1725954939872127663,0.00859569851309061,2.777777910232544
1725954939903831052,0.008211929351091385,2.777777910232544
1725954939931006521,0.007836769334971905,2.777777910232544
1725954939951203984,0.007469814736396074,2.777777671813965
1725954939976750447,0.00709918886423111,2.777777910232544
1725954940006122049,0.006769539322704077,2.777777910232544
1725954940032878381,0.006565232295542955,2.777777910232544
1725954940056621027,0.006437309086322784,2.777777910232544
1725954940079719371,0.006312117911875248,2.777777910232544
1725954940111662247,0.0061726076528429985,2.777777910232544
1725954940133895835,0.005982306785881519,2.777777910232544
1725954940156460414,0.005738924257457256,2.777777910232544
1725954940178126185,0.005511989817023277,2.777777910232544
1725954940207157721,0.005500862840563059,2.777777910232544
1725954940238024870,0.005776004400104284,2.777777910232544
1725954940266485967,0.006093483418226242,2.777777910232544
1725954940285372568,0.006299913395196199,2.777777910232544
1725954940315209566,0.00641987007111311,2.777777910232544
1725954940343082114,0.006424203515052795,2.777777910232544
1725954940366858130,0.006264082621783018,2.777777910232544
1725954940387088179,0.005986327305436134,2.777777910232544
1725954940416978827,0.005690819583833218,2.777777910232544
1725954940443907884,0.005388634745031595,2.777777910232544
1725954940465026205,0.005122013855725527,2.777777910232544
1725954940493866535,0.004955556243658066,2.777777910232544
1725954940525647854,0.004828587640076876,2.777777910232544
1725954940553295652,0.004665041342377663,2.777777910232544
1725954940578186840,0.004379934165626764,2.777777910232544
1725954940596639950,0.004000185057520866,2.777777910232544
1725954940627688853,0.003670539241284132,2.777777910232544
1725954940650224422,0.003447061637416482,2.777777910232544
1725954940673595450,0.003291127271950245,2.777777910232544
1725954940696768978,0.003193188225850463,2.777777910232544
1725954940719615402,0.003210329683497548,2.777777910232544
1725954940752055819,0.003322985488921404,2.777777910232544
1725954940776862384,0.003548904089257121,2.777778148651123
1725954940803150549,0.003918449394404888,2.777778387069702
1725954940836062330,0.004241896327584982,2.7777786254882812
1725954940862372447,0.004338737111538649,2.7777786254882812
1725954940879959833,0.004298321902751923,2.7777786254882812
1725954940904867573,0.0042617060244083405,2.7777786254882812
1725954940937832828,0.004222293850034475,2.7777786254882812
1725954940960609356,0.004222293850034475,2.7777786254882812
1725954940988552480,0.0038571450859308243,2.7777786254882812
1725954941017023355,0.0034516877494752407,2.7777786254882812
1725954941037739731,0.0030433577485382557,2.7777786254882812
1725954941071045734,0.002679237863048911,2.7777786254882812
1725954941092433870,0.00232705962844193,2.7777786254882812
1725954941113904377,0.001997782150283456,2.7777786254882812
1725954941143240135,0.0017331921262666583,2.7777786254882812
1725954941166729742,0.0015173652209341526,2.7777786254882812
1725954941191569254,0.001283858553506434,2.7777786254882812
1725954941213237681,0.001035479479469359,2.7777786254882812
1725954941240966787,0.0008582468726672232,2.7777786254882812
1725954941271619487,0.0007590845925733447,2.7777786254882812
1725954941291930847,0.0006762714474461973,2.7777786254882812
1725954941313612319,0.0006071239477023482,2.7777786254882812
1725954941341036635,0.0005736983730457723,2.7777786254882812
1725954941373105827,0.0005187036003917456,2.7777786254882812
1725954941396842291,0.0004557113570626825,2.7777786254882812
1725954941417578867,0.00037705161958001554,2.7777786254882812
1725954941444854990,0.00012670186697505414,2.7777786254882812
1725954941473170537,-0.0002732274297159165,2.7777786254882812
1725954941495698580,-0.0006120228208601475,2.7777786254882812
1725954941518456685,-0.0008481538388878107,2.7777786254882812
1725954941547146253,-0.0011751068523153663,2.7777786254882812
1725954941579549725,-0.0016126284608617425,2.7777786254882812
1725954941598262642,-0.0020057535730302334,2.7777786254882812
1725954941619511949,-0.0022428242955356836,2.7777786254882812
1725954941649266222,-0.0022450571414083242,2.7777786254882812
1725954941676133151,-0.002057556062936783,2.7777786254882812
1725954941702104013,-0.0017137082759290934,2.7777786254882812
1725954941727095446,-0.0013383401092141867,2.7777786254882812
1725954941760323042,-0.001115855178795755,2.7777786254882812
1725954941792686332,-0.0009523148182779551,2.7777786254882812
1725954941817180980,-0.000791264115832746,2.7777786254882812
1725954941840994427,-0.0006487636710517108,2.7777786254882812
1725954941870978671,-0.00046537903835996985,2.7777786254882812
1725954941898284095,-0.0002850094751920551,2.7777786254882812
1725954941915198422,-0.00010594085324555635,2.7777786254882812
1725954941941501793,2.3897577193565667e-05,2.7777786254882812
1725954941969272115,-0.00013392917753662914,2.7777786254882812
1725954941997728652,-0.0005563771119341254,2.7777786254882812
1725954942018171301,-0.0009822363499552011,2.7777786254882812
1725954942039317636,-0.0012824046425521374,2.7777786254882812
1725954942069496908,-0.0014337217435240746,2.7777786254882812
1725954942095192307,-0.0015040179714560509,2.7777786254882812
1725954942120613905,-0.0016137664206326008,2.7777786254882812
1725954942145512735,-0.0018196770688518882,2.7777786254882812
1725954942172515942,-0.002095287200063467,2.7777786254882812
1725954942201933215,-0.002446175320073962,2.7777786254882812
1725954942225317208,-0.0028146200347691774,2.7777786254882812
1725954942250392741,-0.0030977907590568066,2.7777786254882812
1725954942279441326,-0.0033956316765397787,2.7777786254882812
1725954942303026066,-0.003790181828662753,2.7777786254882812
1725954942328835119,-0.004239526577293873,2.7777786254882812
1725954942350772483,-0.004735393915325403,2.7777786254882812
1725954942374536561,-0.005288736894726753,2.7777786254882812
1725954942403614612,-0.005964169278740883,2.7777786254882812
1725954942425252091,-0.00674058310687542,2.7777786254882812
1725954942449557425,-0.007514433469623327,2.7777786254882812
1725954942484188335,-0.00834916066378355,2.7777786254882812
1725954942507137671,-0.00933076348155737,2.7777786254882812
1725954942532624227,-0.010444574989378452,2.7777786254882812
1725954942557945852,-0.011623592115938663,2.7777786254882812
1725954942584452054,-0.012780864723026752,2.7777786254882812
1725954942621288125,-0.013954571448266506,2.7777786254882812
1725954942641600621,-0.01513456366956234,2.7777786254882812
1725954942663984759,-0.01620742306113243,2.7777786254882812
1725954942691257016,-0.017276084050536156,2.7777786254882812
1725954942717895108,-0.018543677404522896,2.7777786254882812
1725954942737351867,-0.019997091963887215,2.7777786254882812
1725954942761145885,-0.021499907597899437,2.7777786254882812
1725954942793390434,-0.02316889725625515,2.7777786254882812
1725954942821704982,-0.025265300646424294,2.7777786254882812
1725954942842289636,-0.02786230854690075,2.7777786254882812
1725954942869369765,-0.03096301108598709,2.7777786254882812
1725954942893849344,-0.034295421093702316,2.7777786254882812
1725954942919057167,-0.03752325475215912,2.7777786254882812
1725954942942480895,-0.04045676067471504,2.7777786254882812
1725954942963887619,-0.04274114966392517,2.7777786254882812
1725954942990838089,-0.04437174275517464,2.7777786254882812
1725954943022798529,-0.04582640901207924,2.7777786254882812
1725954943043974504,-0.04762660339474678,2.7777786254882812
1725954943066976091,-0.05016090348362923,2.7777786254882812
1725954943094269578,-0.05346342548727989,2.7777786254882812
1725954943121156449,-0.057231053709983826,2.7777786254882812
1725954943144203889,-0.06109292060136795,2.7777786254882812
1725954943166444807,-0.06474614888429642,2.7777786254882812
1725954943193422338,-0.06798873096704483,2.7777786254882812
1725954943224966941,-0.07077046483755112,2.7777786254882812
1725954943245741226,-0.0731896385550499,2.7777786254882812
1725954943270792583,-0.07529816776514053,2.7777786254882812
1725954943295231309,-0.07725401967763901,2.7777786254882812
1725954943323070674,-0.07949230074882507,2.7777786254882812
1725954943346235619,-0.08224588632583618,2.7777786254882812
1725954943367781826,-0.08582165092229843,2.7777786254882812
1725954943396806975,-0.09113958477973938,2.7777786254882812
1725954943428081074,-0.09893683344125748,2.7777786254882812
1725954943451982311,-0.10885532200336456,2.7777786254882812
1725954943471724916,-0.1199653297662735,2.7777786254882812
1725954943500035208,-0.13156668841838837,2.7777786254882812
1725954943530497955,-0.14308613538742065,2.7777786254882812
1725954943555718551,-0.1534729152917862,2.7777786254882812
1725954943576483071,-0.16116495430469513,2.7777786254882812
1725954943602764596,-0.1653159111738205,2.7777786254882812
1725954943629913177,-0.16599451005458832,2.7777786254882812
1725954943659833328,-0.16394779086112976,2.7777786254882812
1725954943685801807,-0.16102291643619537,2.7777786254882812
1725954943711157383,-0.1598716378211975,2.7777786254882812
1725954943734739137,-0.16255882382392883,2.7777786254882812
1725954943760415991,-0.16911809146404266,2.7777786254882812
1725954943779126126,-0.1779438704252243,2.7777786254882812
1725954943804504294,-0.18706972897052765,2.7777786254882812
1725954943838830593,-0.19516855478286743,2.7777786254882812
1725954943858971900,-0.2013300210237503,2.7777786254882812
1725954943882489143,-0.20483161509037018,2.7777786254882812
1725954943909673969,-0.206022709608078,2.7777786254882812
1725954943940029250,-0.2058866322040558,2.7777786254882812
1725954943958794770,-0.2050563544034958,2.7777786254882812
1725954943983560611,-0.20403914153575897,2.7777786254882812
1725954944010720879,-0.20364384353160858,2.7777786254882812
1725954944039841499,-0.20450261235237122,2.7777786254882812
1725954944065394595,-0.2067549228668213,2.7777786254882812
1725954944090437167,-0.21058706939220428,2.7777786254882812
1725954944113635926,-0.21616674959659576,2.7777786254882812
1725954944140040236,-0.22320149838924408,2.7777786254882812
1725954944164913921,-0.23089633882045746,2.7777786254882812
1725954944185923731,-0.23844777047634125,2.7777786254882812
1725954944214581683,-0.24522024393081665,2.7777786254882812
1725954944246094845,-0.25019195675849915,2.7777786254882812
1725954944267292259,-0.25277623534202576,2.7777786254882812
1725954944287389037,-0.2534369230270386,2.7777786254882812
1725954944317557672,-0.2527264952659607,2.7777786254882812
1725954944345918043,-0.25149381160736084,2.7777786254882812
1725954944366297065,-0.2512166202068329,2.7777786254882812
1725954944390131169,-0.25300323963165283,2.7777786254882812
1725954944417686287,-0.2570114731788635,2.7777786254882812
1725954944445682202,-0.26247814297676086,2.7777786254882812
1725954944469243754,-0.268176406621933,2.7777786254882812
1725954944499652091,-0.27323469519615173,2.7777786254882812
1725954944524849341,-0.27695590257644653,2.7777786254882812
1725954944559666896,-0.2786060869693756,2.7777786254882812
1725954944577691513,-0.2780172526836395,2.7777786254882812
1725954944597963385,-0.27545639872550964,2.7777786254882812
1725954944625760668,-0.2712593078613281,2.7777786254882812
1725954944655338924,-0.2656528353691101,2.7777786254882812
1725954944675550492,-0.2588357925415039,2.7777786254882812
1725954944699125012,-0.2509472072124481,2.7777786254882812
1725954944731073269,-0.24241487681865692,2.7777786254882812
1725954944753875120,-0.23403297364711761,2.7777786254882812
1725954944782353518,-0.22572678327560425,2.7777786254882812
1725954944799288291,-0.21765461564064026,2.7777786254882812
1725954944829062725,-0.21054914593696594,2.7777786254882812
1725954944856084910,-0.20409731566905975,2.6038994789123535
1725954944878414918,-0.19742396473884583,2.3538994789123535
1725954944898040560,-0.1907356232404709,2.1038994789123535
1725954944931263154,-0.18611058592796326,1.8538994789123535
1725954944957610377,-0.1840423047542572,1.6038994789123535
1725954944978781639,-0.18216079473495483,1.3538994789123535
1725954944997095396,-0.1794893741607666,1.1038994789123535
1725954945025144044,-0.17561587691307068,0.8538994789123535
1725954945054949619,-0.16917550563812256,0.6038994789123535
1725954945082688371,-0.16006740927696228,0.3538994789123535
1725954945100908715,-0.1487126648426056,0.10389947146177292
1725954945127276794,-0.13545797765254974,0.0
1725954945153071308,-0.12166651338338852,0.0
1725954945172869800,-0.11097047477960587,0.0
1725954945199831552,-0.10833118855953217,0.0
1725954945227346145,-0.11469295620918274,0.0
1725954945253567281,-0.12612693011760712,0.0
1725954945274148134,-0.1399126797914505,0.0
1725954945297521843,-0.15362763404846191,0.0
1725954945327075205,-0.16131584346294403,0.0
1725954945358958796,-0.16131584346294403,0.0
1725954945381326244,-0.16131584346294403,0.0
1725954945402234054,-0.16131584346294403,0.0
1725954945432152787,-0.16131584346294403,0.0
1725954945457706041,-0.16131584346294403,0.0
1725954945484019339,-0.16131584346294403,0.0
1725954945506255430,-0.16131584346294403,0.0
1725954945532476916,-0.16131584346294403,0.0
1725954945558204834,-0.16131584346294403,0.0
1725954945580372300,-0.16131584346294403,0.0
1725954945602593807,-0.16131584346294403,0.0
1725954945631136196,-0.16131584346294403,0.0
1725954945657167118,-0.16131584346294403,0.0
1725954945678702920,-0.16131584346294403,0.0
1725954945701638133,-0.16131584346294403,0.0
1725954945730526655,-0.16131584346294403,0.0
1725954945755730277,-0.16131584346294403,0.0
1725954945780090622,-0.16131584346294403,0.0
1725954945800822085,-0.16131584346294403,0.0
1725954945827496174,-0.16131584346294403,0.0
1725954945860059375,-0.11131584644317627,0.0
1725954945880918350,-0.06131584569811821,0.0
1725954945906253830,-0.01131584495306015,0.0
1725954945934139697,0.0,0.0
1725954945960933918,0.0,0.0
1725954945986007293,0.0,0.0
1725954946009910699,0.0,0.0
1725954946032738912,0.0,0.0
1725954946057762688,0.0,0.0
1725954946078918460,0.0,0.0
1725954946102142561,0.0,0.0
1725954946128660934,0.0,0.0
1725954946158030437,0.0,0.0
1725954946177674687,0.0,0.0
1725954946200048439,0.0,0.0
1725954946226456296,0.0,0.0
1725954946258385735,0.0,0.0
1725954946282166686,0.0,0.0
1725954946307551159,0.0,0.0
1725954946331790734,0.0,0.0
1725954946359402979,0.0,0.0
1725954946379298928,0.0,0.0
1725954946405938139,0.0,0.0
1725954946430564273,0.0,0.0
1725954946458981419,0.0,0.0
1725954946480990229,0.0,0.0
1725954946501096997,0.0,0.0
1725954946528298705,0.0,0.0
1725954946557042078,0.0,0.0
1725954946580965346,0.0,0.0
1725954946599252997,0.0,0.0
1725954946625968809,0.0,0.0
1725954946653720761,0.0,0.0
1725954946674256916,0.0,0.0
1725954946699917446,0.0,0.0
1725954946723782259,0.0,0.0
1725954946752151359,0.0,0.0
1725954946772742251,0.0,0.0
1725954946794089717,0.0,0.0
1725954946819129463,0.0,0.0
1725954946846379208,0.0,0.0
1725954946865815230,0.0,0.0
1725954946889570216,0.0,0.0
1725954946916041102,0.0,0.0
1725954946940675379,0.0,0.0
1725954946967331266,0.0,0.0
1725954946987167372,0.0,0.0
1725954947013039218,0.0,0.0
1725954947043923631,0.0,0.0
1725954947063164875,0.0,0.0
1725954947087853752,0.0,0.0
1725954947116018876,0.0,0.0
1725954947142311848,0.0,0.0
1725954947161852175,0.0,0.0
1725954947181289499,0.0,0.0
1725954947221120077,0.0,0.0
1725954947244705157,0.0,0.0
1725954947268393756,0.0,0.0
1725954947295166369,0.0,0.0
1725954947317928092,0.0,0.0
1725954947345765707,0.0,0.0
1725954947366125412,0.0,0.0
1725954947387630883,0.0,0.0
1725954947415463628,0.0,0.0
1725954947444459275,0.0,0.0
1725954947464570402,0.0,0.0
1725954947485209732,0.0,0.0
1725954947520471105,0.0,0.0
1725954947544203638,0.0,0.0
1725954947562453149,0.0,0.0
1725954947585077953,0.0,0.0
1725954947611173888,0.0,0.0
1725954947640424856,0.0,0.0
1725954947660653711,0.0,0.0
1725954947682845807,0.0,0.0
1725954947710855720,0.0,0.0
1725954947736151994,0.0,0.0
1725954947757220639,0.0,0.0
1725954947779223000,0.0,0.0
1725954947811390811,0.0,0.0
1725954947834096747,0.0,0.0
1725954947857342124,0.0,0.0
1725954947880082909,0.0,0.0
1725954947908108508,0.0,0.0
1725954947937380976,0.0,0.0
1725954947959760648,0.0,0.0
1725954947976747455,0.0,0.0
1725954948004718661,0.0,0.0
1725954948031089157,0.0,0.0
1725954948051657176,0.0,0.0
1725954948077382821,0.0,0.0
1725954948101928013,0.0,0.0
1725954948129470753,0.0,0.0
1725954948155479540,0.0,0.0
1725954948173208890,0.0,0.0
1725954948198341718,0.0,0.0
1725954948222491484,0.0,0.0
1725954948243546857,0.0,0.0
1725954948268686003,0.0,0.0
1725954948295466940,0.0,0.0
1725954948323120910,0.0,0.0
1725954948344713608,0.0,0.0
1725954948372780792,0.0,0.0
1725954948397139113,0.0,0.0
1725954948426576379,0.0,0.0
1725954948452233479,0.0,0.0
1725954948477471020,0.0,0.0
1725954948502101586,0.0,0.0
1725954948530021774,0.0,0.0
1725954948552777595,0.0,0.0
1725954948571464984,0.0,0.0
1725954948596838222,0.0,0.0
1725954948627502431,0.0,0.0
1725954948646553071,0.0,0.0
1725954948671512121,0.0,0.0
1725954948696547557,0.0,0.0
1725954948722245903,0.0,0.0
1725954948742949267,0.0,0.0
1725954948767142850,0.0,0.0
1725954948794715185,0.0,0.0
1725954948824913479,0.0,0.0
1725954948842848598,0.0,0.0
1725954948864261042,0.0,0.0
1725954948891406382,0.0,0.0
1725954948922636021,0.0,0.0
1725954948942529777,0.0,0.0
1725954948962863175,0.0,0.0
1725954948988704576,0.0,0.0
1725954949022321923,0.0,0.0
1725954949040307826,0.0,0.0
1725954949067399617,0.0,0.0
1725954949092945055,0.0,0.0
1725954949120408210,0.0,0.0
1725954949138178906,0.0,0.0
1725954949167925952,0.0,0.0
1725954949191604364,0.0,0.0
1725954949218014852,0.0,0.0
1725954949239646551,0.0,0.0
1725954949264021698,0.0,0.0
1725954949291017036,0.0,0.0
1725954949316129180,0.0,0.0
1725954949338693313,0.0,0.0
1725954949359699084,0.0,0.0
1725954949386945560,0.0,0.0
1725954949420584586,0.0,0.0
1725954949442417100,0.0,0.0
1725954949461974786,0.0,0.0
1725954949487009934,0.0,0.0
1725954949509781466,0.0,0.0
1725954949534726655,0.0,0.0
1725954949552559554,0.0,0.0
1725954949581402001,0.0,0.0
1725954949605916459,0.0,0.0
1725954949629655442,0.0,0.0
1725954949648566289,0.0,0.0
1725954949679628191,0.0,0.0
1725954949704332880,0.0,0.0
1725954949727530632,0.0,0.0
1725954949750352138,0.0,0.0
1725954949780179951,0.0,0.0
1725954949808097986,0.0,0.0
1725954949828266367,0.0,0.0
1725954949853352837,0.0,0.0
1725954949882071849,0.0,0.0
1725954949909888346,0.0,0.0
1725954949930909748,0.0,0.0
1725954949952933630,0.0,0.0
1725954949980399540,0.0,0.0
1725954950003827762,0.0,0.0
1725954950044098005,0.0,0.0
1725954950065143692,0.0,0.0
1725954950095566863,0.0,0.0
1725954950125624025,0.0,0.0
1725954950146614719,0.0,0.0
1725954950170178672,0.0,0.0
1725954950195788266,0.0,0.0
1725954950218048452,0.0,0.0
1725954950245347747,0.0,0.0
1725954950262976252,0.0,0.0
1725954950295679818,0.0,0.0
1725954950322418739,0.0,0.0
1725954950340974995,0.0,0.0
1725954950364259362,0.0,0.0
1725954950386855005,0.0,0.0
1725954950415796454,0.0,0.0
1725954950438183751,0.0,0.0
1725954950457081678,0.0,0.0
1725954950489367030,0.0,0.0
1725954950512150745,0.0,0.0
1725954950533655593,0.0,0.0
1725954950559242952,0.0,0.0
1725954950591687821,0.0,0.0
1725954950615742644,0.0,0.0
1725954950634292129,0.0,0.0
1725954950661312923,0.0,0.0
1725954950690471650,0.0,0.0
1725954950717054374,0.0,0.0
1725954950742648388,0.0,0.0
1725954950766183816,0.0,0.0
1725954950794921841,0.0,0.0
1725954950818463219,0.0,0.0
1725954950838622183,0.0,0.0
1725954950864697327,0.0,0.0
1725954950890089320,0.0,0.0
1725954950920009239,0.0,0.0
1725954950937690289,0.0,0.0
1725954950958302995,0.0,0.0
1725954950985083861,0.0,0.0
1725954951013177569,0.0,0.0
1725954951034912706,0.0,0.0
1725954951055587217,0.0,0.0
1725954951079348478,0.0,0.0
1725954951106313867,0.0,0.0
1725954951137315238,0.0,0.0
1725954951154455952,0.0,0.0
1725954951178744542,0.0,0.0
1725954951208281002,0.0,0.0
1725954951233886329,0.0,0.0
1725954951253640136,0.0,0.0
1725954951276484990,0.0,0.0
1725954951304763775,0.0,0.0
1725954951334670165,0.0,0.0
1725954951357813141,0.0,0.0
1725954951382679363,0.0,0.0
1725954951406142534,0.0,0.0
1725954951438696523,0.0,0.0
1725954951458242192,0.0,0.0
1725954951489399122,0.0,0.0
1725954951510831574,0.0,0.0
1725954951543108087,0.0,0.0
1725954951560720544,0.0,0.0
1725954951583727742,0.0,0.0
1725954951608596349,0.0,0.0
1725954951637083524,0.0,0.0
1725954951655584999,0.0,0.0
1725954951683321544,0.0,0.0
1725954951710649753,0.0,0.0
1725954951743041618,0.0,0.0
1725954951761610867,0.0,0.0
1725954951785392321,0.0,0.0
1725954951808719228,0.0,0.0
1725954951837679601,0.0,0.0
1725954951858850383,0.0,0.0
1725954951882161596,0.0,0.0
1725954951904822246,0.0,0.0
1725954951929187101,0.0,0.0
1725954951951602108,0.0,0.0
1725954951970314512,0.0,0.0
1725954951997881137,0.0,0.0
1725954952027441208,0.0,0.0
1725954952050431149,0.0,0.0
1725954952075422655,0.0,0.0
1725954952099351937,0.0,0.0
1725954952125006973,0.0,0.0
1725954952148638314,0.0,0.0
1725954952174904517,0.0,0.0
1725954952201302709,0.0,0.0
1725954952233274072,0.0,0.0
1725954952250783553,0.0,0.0
1725954952272775290,0.0,0.0
1725954952303934316,0.0,0.0
1725954952330793210,0.0,0.0
1725954952350115933,0.0,0.0
1725954952376346620,0.0,0.0
1725954952407414501,0.0,0.0
1725954952431970287,0.0,0.0
1725954952451809834,0.0,0.0
1725954952477629785,0.0,0.0
1725954952504265797,0.0,0.0
1725954952533234819,0.0,0.0
1725954952553006877,0.0,0.0
1725954952578932278,0.0,0.0
1725954952605039974,0.0,0.0
1725954952629827083,0.0,0.0
1725954952650706790,0.0,0.0
1725954952685692496,0.0,0.0
1725954952712149202,0.0,0.0
1725954952741421883,0.0,0.0
1725954952763206113,0.0,0.0
1725954952789742537,0.0,0.0
1725954952812937143,0.0,0.0
1725954952841436331,0.0,0.0
1725954952859320617,0.0,0.0
1725954952884534909,0.0,0.0
1725954952914244428,0.0,0.0
1725954955108795781,0.0,0.0
1725954955132989856,0.0,0.0
1725954955155082339,0.0,0.0
1725954955175969442,0.0,0.0
1725954955205863519,0.0,0.0
1725954955234582846,0.0,0.0
1725954955259336979,0.0,0.0
1725954955278977027,0.0,0.0
1725954955309000496,0.0,0.0
1725954955339024372,0.0,0.0
1725954955359177844,0.0,0.0
1725954955386205102,0.0,0.0
1725954955411004718,0.0,0.0
1725954955438825737,0.0,0.0
1725954955458926103,0.0,0.0
1725954955481374227,0.0,0.0
1725954955514076388,0.0,0.0
1725954955539643544,0.0,0.0
1725954955557283170,0.0,0.0
1725954955579087737,0.0,0.0
1725954955608736614,0.0,0.0
1725954955636382767,0.0,0.0
1725954955654886159,0.0,0.0
1725954955680582638,0.0,0.0
1725954955706598023,0.0,0.0
1725954955732691089,0.0,0.0
1725954955762494872,0.0,0.0
1725954955779493324,0.0,0.0
1725954955806294775,0.0,0.0
1725954955833340921,0.0,0.0
1725954955856015473,0.0,0.0
1725954955874444723,0.0,0.0
1725954955900796876,0.0,0.0
1725954955927964289,0.0,0.0
1725954955952781032,0.0,0.0
1725954955979129340,0.0,0.0
1725954955998349434,0.0,0.0
1725954956022716262,0.0,0.0
1725954956047407143,0.0,0.0
1725954956065731255,0.0,0.0
1725954956098465469,0.0,0.0
1725954956124102839,0.0,0.0
1725954956145593135,0.0,0.0
1725954956166752035,0.0,0.0
1725954956195024732,0.0,0.0
1725954956228139761,0.0,0.0
1725954956249939460,0.0,0.0
1725954956268905955,0.0,0.0
1725954956297710906,0.0,0.0
1725954956321844328,0.0,0.0
1725954956343154813,0.0,0.0
1725954956373276408,0.0,0.0
1725954956405353047,0.0,0.0
1725954956430664409,0.0,0.0
1725954956448543291,0.0,0.0
1725954956468004635,0.0,0.0
1725954956495203344,0.0,0.0
1725954956520782310,0.0,0.0
1725954956542712565,0.0,0.0
1725954956564317598,0.0,0.0
1725954956591208631,0.0,0.0
1725954956618472334,0.0,0.0
1725954956643421922,0.0,0.0
1725954956664309851,0.0,0.0
1725954956697733746,0.0,0.0
1725954956722833967,0.0,0.0
1725954956746426337,0.0,0.0
1725954956768257032,0.0,0.0
1725954956794771796,0.0,0.0
1725954956827456128,0.0,0.0
1725954956850331179,0.0,0.0
1725954956871237519,0.0,0.0
1725954956894609408,0.0,0.0
1725954956927441056,0.0,0.0
1725954956951189103,0.0,0.0
1725954956974862868,0.0,0.0
1725954957001777758,0.0,0.0
1725954957023195564,0.0,0.0
1725954957043455760,0.0,0.0
1725954957066574256,0.0,0.0
1725954957091371728,0.0,0.0
1725954957120661460,0.0,0.0
1725954957150028320,0.0,0.0
1725954957174623374,0.0,0.0
1725954957195975680,0.0,0.0
1725954957222266002,0.0,0.0
1725954957257486430,0.0,0.0
1725954957277351381,0.0,0.0
1725954957299317852,0.0,0.0
1725954957320298966,0.0,0.0
1725954957350610415,0.0,0.0
1725954957372221944,0.0,0.0
1725954957398509624,0.0,0.0
1725954957428667448,0.0,0.0
1725954957449445094,0.0,0.0
1725954957466092789,0.0,0.0
1725954957492497690,0.0,0.0
1725954957522581116,0.0,0.0
1725954957545885716,0.0,0.0
1725954957572434389,0.0,0.0
1725954957595972353,0.0,0.0
1725954957617849564,0.0,0.0
1725954957648334780,0.0,0.0
1725954957668906490,0.0,0.0
1725954957693207027,0.0,0.0
1725954957715975249,0.0,0.0
1725954957747995119,0.0,0.0
1725954957768990043,0.0,0.0
1725954957794804618,0.0,0.0
1725954957825090841,0.0,0.0
1725954957858905064,0.0,0.0
1725954957877333506,0.0,0.0
1725954957903495739,0.0,0.0
1725954957932639515,0.0,0.0
1725954957964563987,0.0,0.0
1725954957984518027,0.0,0.0
1725954958012943804,0.0,0.0
1725954958036230671,0.0,0.0
1725954958065398901,0.0,0.0
1725954958087900360,0.0,0.0
1725954958110072052,0.0,0.0
1725954958145209373,0.0,0.0
1725954958166226404,0.0,0.0
1725954958188768686,0.0,0.0
1725954958215622045,0.0,0.0
1725954958237719103,0.0,0.0
1725954958264143763,0.0,0.0
1725954958286389789,0.0,0.0
1725954958307492711,0.0,0.0
1725954958330789326,0.0,0.0
1725954958362131052,0.0,0.0
1725954958383397084,0.0,0.0
1725954958408399490,0.0,0.0
1725954958438618068,0.0,0.0
1725954958467037869,0.0,0.0
1725954958486313151,0.0,0.0
1725954958510962647,0.0,0.0
1725954958536124924,0.0,0.0
1725954958560534087,0.0,0.0
1725954958586242599,0.0,0.0
1725954958608745946,0.0,0.0
1725954958632371890,0.0,0.0
1725954958661769803,0.0,0.0
1725954958681390568,0.0,0.0
1725954958704873538,0.0,0.0
1725954958731142522,0.0,0.0
1725954958760484352,0.0,0.0
1725954958781555423,0.0,0.0
1725954958806485440,0.0,0.0
1725954958833822885,0.0,0.0
1725954958867690924,0.0,0.0
1725954958893830397,0.0,0.0
1725954958911765321,0.0,0.0
1725954958935350728,0.0,0.0
1725954958964316212,0.0,0.0
1725954958984152087,0.0,0.0
1725954959008587070,0.0,0.0
1725954959033532420,0.0,0.0
1725954959057653738,0.0,0.0
1725954959078789135,0.0,0.0
1725954959100813289,0.0,0.0
1725954959131358159,0.0,0.0
1725954959158470679,0.0,0.0
1725954959177341367,0.0,0.0
1725954959199961642,0.0,0.0
1725954959227493775,0.0,0.0
1725954959260720901,0.0,0.0
1725954959280576151,0.0,0.0
1725954959309582330,0.0,0.0
1725954959333344671,0.0,0.0
1725954959358767171,0.0,0.0
1725954959384029026,0.0,0.0
1725954959406224117,0.0,0.0
1725954959431131664,0.0,0.0
1725954959457182715,0.0,0.0
1725954959481232497,0.0,0.0
1725954959505737324,0.0,0.0
1725954959528620647,0.0,0.0
1725954959559804304,0.0,0.0
1725954959583185922,0.0,0.0
1725954959607714848,0.0,0.0
1725954959633798600,0.0,0.0
1725954959653627373,0.0,0.0
1725954959674707415,0.0,0.0
1725954959697373952,0.0,0.0
1725954959723050932,0.0,0.0
1725954959749126847,0.0,0.0
1725954959774251905,0.0,0.0
1725954959794604936,0.0,0.0
1725954959826387892,0.0,0.0
1725954959852147650,0.0,0.0
1725954959875329070,0.0,0.0
1725954959896008728,0.0,0.0
1725954959928556875,0.0,0.0
1725954959956254824,0.0,0.0
1725954959976741475,0.0,0.0
1725954959999366493,0.0,0.0
1725954960022487562,0.0,0.0
1725954960046616078,0.0,0.0
1725954960069215928,0.0,0.0
1725954960092648608,0.0,0.0
1725954960114002586,0.0,0.0
1725954960141046207,0.0,0.0
1725954960165724649,0.0,0.0
1725954960187040201,0.0,0.0
1725954960207396490,0.0,0.0
1725954960238761488,0.0,0.0
1725954960258472115,0.0,0.0
1725954960283988782,0.0,0.0
1725954960308064602,0.0,0.0
1725954960337141703,0.0,0.0
1725954960363154594,0.0,0.0
1725954960392259096,0.0,0.0
1725954960415979863,0.0,0.0
1725954960444743432,0.0,0.0
1725954960463967922,0.0,0.0
1725954960487777255,0.0,0.0
1725954960514353188,0.0,0.0
1725954960543130127,0.0,0.0
1725954960564413031,0.0,0.0
1725954960591415865,0.0,0.0
1725954960615503044,0.0,0.0
1725954960640253539,0.0,0.0
1725954960666913727,0.0,0.0
1725954960690067596,0.0,0.0
1725954960718220711,0.0,0.0
1725954960745172013,0.0,0.0
1725954960765387079,0.0,0.0
1725954960789466385,0.0,0.0
1725954960807802361,0.0,0.0
1725954960841107029,0.0,0.0
1725954960862271929,0.0,0.0
1725954960883823484,0.0,0.0
1725954960914656110,0.0,0.0
1725954960943933530,0.0,0.0
1725954960965222147,0.0,0.0
1725954960984445877,0.0,0.0
1725954961012235261,0.0,0.0
1725954961036850598,0.0,0.0
1725954961055311036,0.0,0.0
1725954961079143714,0.0,0.0
1725954961108344871,0.0,0.0
1725954961133681659,0.0,0.0
1725954961154028519,0.0,0.0
1725954961178734684,0.0,0.0
1725954961206347775,0.0,0.0
1725954961234966133,0.0,0.0
1725954961254441045,0.0,0.0
1725954961279481824,0.0,0.0
1725954961303414046,0.0,0.0
1725954961328412794,0.0,0.0
1725954961346073019,0.0,0.0
1725954961371390498,0.0,0.0
1725954961402634304,0.0,0.0
1725954961424107670,0.0,0.0
1725954961450013429,0.0,0.0
1725954961474518069,0.0,0.0
1725954961505978744,0.0,0.0
1725954961529229479,0.0,0.0
1725954961553081251,0.0,0.0
1725954961580254287,0.0,0.0
1725954961606332650,0.0,0.0
1725954961639506919,0.0,0.0
1725954961659231842,0.0,0.0
1725954961680536255,0.0,0.0
1725954961702351353,0.0,0.0
1725954961735737139,0.0,0.0
1725954961752760679,0.0,0.0
1725954961775686369,0.0,0.0
1725954961799442327,0.0,0.0
1725954961831871102,0.0,0.0
1725954961855039768,0.0,0.0
1725954961881904349,0.0,0.0
1725954961903184696,0.0,0.0
1725954961930457648,0.0,0.0
1725954961952239431,0.0,0.0
1725954961975088641,0.0,0.0
1725954961998986803,0.0,0.0
1725954962032246408,0.0,0.0
1725954962052285266,0.0,0.0
1725954962078627095,0.0,0.0
1725954962105001518,0.0,0.0
1725954962133025049,0.0,0.0
1725954962154079021,0.0,0.0
1725954962177665529,0.0,0.0
1725954962203108408,0.0,0.0
1725954962229610498,0.0,0.0
1725954962253820319,0.0,0.0
1725954962274620116,0.0,0.0
1725954962297908656,0.0,0.0
1725954962328988847,0.0,0.0
1725954962356747648,0.0,0.0
1725954962379791164,0.0,0.0
1725954962411915671,0.0,0.0
1725954962431533794,0.0,0.0
1725954962457697282,0.0,0.0
1725954962480211671,0.0,0.0
1725954962504458218,0.0,0.0
1725954962534909837,0.0,0.0
1725954962554649282,0.0,0.0
1725954962574080184,0.0,0.0
1725954962600714106,0.0,0.0
1725954962633650984,0.0,0.0
1725954962652057033,0.0,0.0
1725954962673860374,0.0,0.0
1725954962706472312,0.0,0.0
1725954962731125658,0.0,0.0
1725954962748964316,0.0,0.0
1725954962771221540,0.0,0.0
1725954962797716744,0.0,0.0
1725954962828137156,0.0,0.0
1725954962849524426,0.0,0.0
1725954962872487635,0.0,0.0
1725954962900075219,0.0,0.0
1725954962932843277,0.0,0.0
1725954962950570837,0.0,0.0
1725954962974707498,0.0,0.0
1725954963009262251,0.0,0.0
1725954963035675790,0.0,0.0
1725954963055434672,0.0,0.0
1725954963079287649,0.0,0.0
1725954963105064978,0.0,0.0
1725954963131454373,0.0,0.0
1725954963153651899,0.0,0.0
1725954963181007999,0.0,0.0
1725954963206268481,0.0,0.0
1725954963238139801,0.0,0.0
1725954963260695138,0.0,0.0
1725954963281782829,0.0,0.0
1725954963307942265,0.0,0.0
1725954963336631725,0.0,0.0
1725954963359251042,0.0,0.0
1725954963380822491,0.0,0.0
1725954963406876925,0.0,0.0
1725954963437060351,0.0,0.0
1725954963460054198,0.0,0.0
1725954963488980977,0.0,0.0
1725954963516106893,0.0,0.0
1725954963543151408,0.0,0.0
1725954963562928525,0.0,0.0
1725954963589287870,0.0,0.0
1725954963611084407,0.0,0.0
1725954963645992822,0.0,0.0
1725954963664844509,0.0,0.0
1725954963686196389,0.0,0.0
1725954963714036666,0.0,0.0
1725954963740472161,0.0,0.0
1725954963760611022,0.0,0.0
1725954963781755839,0.0,0.0
1725954963813935360,0.0,0.0
1725954963843181503,0.0,0.0
1725954963862348353,0.0,0.0
1725954963883280448,0.0,0.0
1725954963911520561,0.0,0.0
1725954963937122065,0.0,0.0
1725954963958418229,0.0,0.0
1725954963986351667,0.0,0.0
1725954964012391732,0.0,0.0
1725954964037755963,0.0,0.0
1725954964058974407,0.0,0.0
1725954964085167393,0.0,0.0
1725954964109925585,0.0,0.0
1725954964140640165,0.0,0.0
1725954964159098527,0.0,0.0
1725954964183679375,0.0,0.0
1725954964205028285,0.0,0.0
1725954964235707089,0.0,0.0
1725954964259971445,0.0,0.0
1725954964283359780,0.0,0.0
1725954964312067196,0.0,0.0
1725954964336066674,0.0,0.0
1725954964357575959,0.0,0.0
1725954964387850920,0.0,0.0
1725954964407750856,0.0,0.0
1725954964438086111,0.0,0.0
1725954964462596420,0.0,0.0
1725954964487536818,0.0,0.0
1725954964510391830,0.0,0.0
1725954964533016192,0.0,0.0
1725954964561497313,0.0,0.0
1725954964591246127,0.0,0.0
1725954964610162484,0.0,0.0
1725954964639995629,0.0,0.0
1725954964661417756,0.0,0.0
1725954964677702526,0.0,0.0
1725954964705903674,0.0,0.0
1725954964733640966,0.0,0.0
1725954964758139120,0.0,0.0
1725954964780318427,0.0,0.0
1725954964810995457,0.0,0.0
1725954964840145203,0.0,0.0
1725954964861977361,0.0,0.0
1725954964883166393,0.0,0.0
1725954964913279320,0.0,0.0
1725954964943973912,0.0,0.0
1725954964962823562,0.0,0.0
1725954964984133045,0.0,0.0
1725954965008434320,0.0,0.0
1725954965035856806,0.0,0.0
1725954965057135215,0.0,0.0
1725954965082282900,0.0,0.0
1725954965114984502,0.0,0.0
1725954965136341147,0.0,0.0
1725954965158247807,0.0,0.0
1725954965182153016,0.0,0.0
1725954965204293383,0.0,0.0
1725954965231992457,0.0,0.0
1725954965252220501,0.0,0.0
1725954965280689610,0.0,0.0
1725954965302290998,0.0,0.0
1725954965336370725,0.0,0.0
1725954965359590535,0.0,0.0
1725954965380974277,0.0,0.0
1725954965411395200,0.0,0.0
1725954965439863547,0.0,0.0
1725954965459633408,0.0,0.0
1725954965480916143,0.0,0.0
1725954965507354664,0.0,0.0
1725954965532786519,0.0,0.0
1725954965550946863,0.0,0.0
1725954965576057669,0.0,0.0
1725954965603458793,0.0,0.0
1725954965627137068,0.0,0.0
1725954965648916929,0.0,0.0
1725954965675909815,0.0,0.0
1725954965707414161,0.0,0.0
1725954965736605699,0.0,0.0
1725954965752799301,0.0,0.0
1725954965775464172,0.0,0.0
1725954965798942222,0.0,0.0
1725954965826992040,0.0,0.0
1725954965849780970,0.0,0.0
1725954965874874900,0.0,0.0
1725954965893858984,0.0,0.0
1725954965922401889,0.0,0.0
1725954965945471146,0.0,0.0
1725954965967425028,0.0,0.0
1725954966002414255,0.0,0.0
1725954966020808524,0.0,0.0
1725954966045230962,0.0,0.0
1725954966070268212,0.0,0.0
1725954966102487667,0.0,0.0
1725954966125453373,0.0,0.0
1725954966148404091,0.0,0.0
1725954966168487191,0.0,0.0
1725954966204875564,0.0,0.0
1725954966231163116,0.0,0.0
1725954966252442918,0.0,0.0
1725954966277582866,0.0,0.0
1725954966304571234,0.0,0.0
1725954966334007101,0.0,0.0
1725954966352435463,0.0,0.0
1725954966376770583,0.0,0.0
1725954966400153439,0.0,0.0
1725954966433697398,0.0,0.0
1725954966456183064,0.0,0.0
1725954966476408030,0.0,0.0
1725954966505174686,0.0,0.0
1725954966533056850,0.0,0.0
1725954966556657342,0.0,0.0
1725954966576449638,0.0,0.0
1725954966603650557,0.0,0.0
1725954966628212728,0.0,0.0
1725954966651363077,0.0,0.0
1725954966671287032,0.0,0.0
1725954966705231365,0.0,0.0
1725954966728081765,0.0,0.0
1725954966751341916,0.0,0.0
1725954966772799873,0.0,0.0
1725954966801684894,0.0,0.0
1725954966828320894,0.0,0.0
1725954966845405722,0.0,0.0
1725954966869765121,0.0,0.0
1725954966897677292,0.0,0.0
1725954966920732215,0.0,0.0
1725954966948253254,0.0,0.0
1725954966966941573,0.0,0.0
1725954966998965772,0.0,0.0
1725954967022520918,0.0,0.0
1725954967045816487,0.0,0.0
1725954967064608585,0.0,0.0
1725954967094444522,0.0,0.0
1725954967123632015,0.0,0.0
1725954967143497597,0.0,0.0
1725954967164511754,0.0,0.0
1725954967191682205,0.0,0.0
1725954967221418894,0.0,0.0
1725954967241344215,0.0,0.0
1725954967265689420,0.0,0.0
1725954967288048972,0.0,0.0
1725954967318902959,0.0,0.0
1725954967339732142,0.0,0.0
1725954967363438982,0.0,0.0
1725954967390696272,0.0,0.0
1725954967413539173,0.0,0.0
1725954967438813529,0.0,0.0
1725954967458010246,0.0,0.0
1725954967488311260,0.0,0.0
1725954967515480410,0.0,0.0
1725954967535328054,0.0,0.0
1725954967562127986,0.0,0.0
1725954967588266529,0.0,0.0
1725954967613170767,0.0,0.0
1725954967635317852,0.0,0.0
1725954967657217877,0.0,0.0
1725954967682386280,0.0,0.0
1725954967710518064,0.0,0.0
1725954967730540403,0.0,0.0
1725954967751559009,0.0,0.0
1725954967777616580,0.0,0.0
1725954967808382181,0.0,0.0
1725954967825971564,0.0,0.0
1725954967846756833,0.0,0.0
1725954967875606131,0.0,0.0
1725954967899048013,0.0,0.0
1725954967922466678,0.0,0.0
1725954967947246737,0.0,0.0
1725954967976094390,0.0,0.0
1725954968003318137,0.0,0.0
1725954968024932495,0.0,0.0
1725954968049373224,0.0,0.0
1725954968072776099,0.0,0.0
1725954968099863647,0.0,0.0
1725954968121727720,0.0,0.0
1725954968144362488,0.0,0.0
1725954968171412477,0.0,0.0
1725954968200673704,0.0,0.0
1725954968223165089,0.0,0.0
1725954968241534207,0.0,0.0
1725954968269635867,0.0,0.0
1725954968303853403,0.0,0.0
1725954968324565292,0.0,0.0
1725954968348332074,0.0,0.0
1725954968378111059,0.0,0.0
1725954968411207181,0.0,0.0
1725954968432745250,0.0,0.0
1725954968457969093,0.0,0.0
1725954968478738327,0.0,0.0
1725954968508973912,0.0,0.0
1725954968528184253,0.0,0.0
1725954968550177598,0.0,0.0
1725954968575351057,0.0,0.0
1725954968601459772,0.0,0.0
1725954968624859601,0.0,0.0
1725954968644884524,0.0,0.0
1725954968669918963,0.0,0.0
1725954968702645836,0.0,0.0
1725954968726217893,0.0,0.0
1725954968741632656,0.0,0.0
1725954968778092414,0.0,0.0
1725954968804028227,0.0,0.0
1725954968824386251,0.0,0.0
1725954968850882610,0.0,0.0
1725954968871715588,0.0,0.0
1725954968892764751,0.0,0.0
1725954968916835613,0.0,0.0
1725954968933954357,0.0,0.0
1725954968960714557,0.0,0.0
1725954968984194038,0.0,0.0
1725954969010304714,0.0,0.0
1725954969029222487,0.0,0.0
1725954969050606378,0.0,0.0
1725954969075000671,0.0,0.0
1725954969098276817,0.0,0.0
1725954969121643217,0.0,0.0
1725954969138885920,0.0,0.0
1725954969161369845,0.0,0.0
1725954969189984524,0.0,0.0
1725954969211688894,0.0,0.0
1725954969233836317,0.0,0.0
1725954969253027152,0.0,0.0
1725954969281078675,0.0,0.0
1725954969307206447,0.0,0.0
1725954969331437631,0.0,0.0
1725954969351365033,0.0,0.0
1725954969380938841,0.0,0.0
1725954969404492139,0.0,0.0
1725954969425033837,0.0,0.0
1725954969449796581,0.0,0.0
1725954969475032597,0.0,0.0
1725954969501963207,0.0,0.0
1725954969523288862,0.0,0.0
1725954969547587351,0.0,0.0
1725954969568824081,0.0,0.0
1725954969595662234,0.0,0.0
1725954969617480900,0.0,0.0
1725954969640405436,0.0,0.0
1725954969665244116,0.0,0.0
1725954969690239838,0.0,0.0
1725954969713030516,0.0,0.0
1725954969734254068,0.0,0.0
1725954969759009093,0.0,0.0
1725954969791853919,0.0,0.0
1725954969813811127,0.0,0.0
1725954969833521392,0.0,0.0
1725954969862219708,0.0,0.0
1725954969881843496,0.0,0.0
1725954969903882365,0.0,0.0
1725954969927270860,0.0,0.0
1725954969954200995,0.0,0.0
1725954969976428084,0.0,0.0
1725954969996202346,0.0,0.0
1725954970021840870,0.0,0.0
1725954970047310098,0.0,0.0
1725954970074236279,0.0,0.0
1725954970093877926,0.0,0.0
1725954970115491411,0.0,0.0
1725954970140405914,0.0,0.0
1725954970168909152,0.0,0.0
1725954970195594643,0.0,0.0
1725954970216848680,0.0,0.0
1725954970240799499,0.0,0.0
1725954970267996806,0.0,0.0
1725954970287753737,0.0,0.0
1725954970311556751,0.0,0.0
1725954970340732318,0.0,0.0
1725954970362266932,0.0,0.0
1725954970385300556,0.0,0.0
1725954970415034469,0.0,0.0
1725954970438159645,0.0,0.0
1725954970468126002,0.0,0.0
1725954970490905870,0.0,0.0
1725954970510328220,0.0,0.0
1725954970545214317,0.0,0.0
1725954970568667050,0.0,0.0
1725954970590477185,0.0,0.0
1725954970613799115,0.0,0.0
1725954970637036867,0.0,0.0
1725954970662768921,0.0,0.0
1725954970683882211,0.0,0.0
1725954970705324626,0.0,0.0
1725954970735388391,0.0,0.0
1725954970760609850,0.0,0.0
1725954970784135705,0.0,0.0
1725954970805320932,0.0,0.0
1725954970830812411,0.0,0.0
1725954970860429767,0.0,0.0
1725954970881384857,0.0,0.0
1725954970909343727,0.0,0.0
1725954970929706147,0.0,0.0
1725954970961151205,0.0,0.0
1725954970979220756,0.0,0.0
1725954971000339771,0.0,0.0
1725954971026442763,0.0,0.0
1725954971053075085,0.0,0.0
1725954971078152891,0.0,0.0
1725954971096694787,0.0,0.0
1725954971124401089,0.0,0.0
1725954971154843583,0.0,0.0
1725954971172670652,0.0,0.0
1725954971198153454,0.0,0.0
1725954971222329849,0.0,0.0
1725954971248557866,0.0,0.0
1725954971272791501,0.0,0.0
1725954971296205480,0.0,0.0
1725954971319681605,0.0,0.0
1725954971354608471,0.0,0.0
1725954971375987020,0.0,0.0
1725954971399535226,0.0,0.0
1725954971424737938,0.0,0.0
1725954971447578546,0.0,0.0
1725954971468261917,0.0,0.0
1725954971493697732,0.0,0.0
1725954971521312421,0.0,0.0
1725954971549217571,0.0,0.0
1725954971567782685,0.0,0.0
1725954971594473822,0.0,0.0
1725954971619572218,0.0,0.0
1725954971649356215,0.0,0.0
1725954971668558082,0.0,0.0
1725954971695171766,0.0,0.0
1725954971722103039,0.0,0.0
1725954971745952731,0.0,0.0
1725954971767346294,0.0,0.0
1725954971790582548,0.0,0.0
1725954971820386656,0.0,0.0
1725954971845337329,0.0,0.0
1725954971865432750,0.0,0.0
1725954971888742109,0.0,0.0
1725954971916793038,0.0,0.0
1725954971945816443,0.0,0.0
1725954971965079631,0.0,0.0
1725954971987458173,0.0,0.0
1725954972011859028,0.0,0.0
1725954972036754015,0.0,0.0
1725954972058196667,0.0,0.0
1725954972081150815,0.0,0.0
1725954972111575708,0.0,0.0
1725954972135162686,0.0,0.0
1725954972155737001,0.0,0.0
1725954972177226004,0.0,0.0
1725954972206864560,0.0,0.0
1725954972234273378,0.0,0.0
1725954972254785418,0.0,0.0
1725954972278071150,0.0,0.0
1725954972301353397,0.0,0.0
1725954972338308539,0.0,0.0
1725954972359943054,0.0,0.0
1725954972376532285,0.0,0.0
1725954972404006632,0.0,0.0
1725954972430354416,0.0,0.0
1725954972450907398,0.0,0.0
1725954972480679512,0.0,0.0
1725954972503213812,0.0,0.0
1725954972530592826,0.0,0.0
1725954972550146296,0.0,0.0
1725954972571413180,0.0,0.0
1725954972594543065,0.0,0.0
1725954972628787852,0.0,0.0
1725954972652094961,0.0,0.0
1725954972669846361,0.0,0.0
1725954972695387779,0.0,0.0
1725954972721048263,0.0,0.0
1725954972744330128,0.0,0.0
1725954972766747096,0.0,0.0
1725954972789738906,0.0,0.0
1725954972816400973,0.0,0.0
1725954972837634659,0.0,0.0
1725954972864309079,0.0,0.0
1725954972893807020,0.0,0.0
1725954972924052641,0.0,0.0
1725954972942507612,0.0,0.0
1725954972965844437,0.0,0.0
1725954972997999916,0.0,0.0
1725954973024429978,0.0,0.0
1725954973043585050,0.0,0.0
1725954973065162785,0.0,0.0
1725954973088637033,0.0,0.0
1725954973114127198,0.0,0.0
1725954973135719017,0.0,0.0
1725954973162120327,0.0,0.0
1725954973185813286,0.0,0.0
1725954973213166177,0.0,0.0
1725954973234230505,0.0,0.0
1725954973265380477,0.0,0.0
1725954973292930514,0.0,0.0
1725954973316316879,0.0,0.0
1725954973336809817,0.0,0.0
1725954973363864296,0.0,0.0
1725954973391909589,0.0,0.0
1725954973414138690,0.0,0.0
1725954973434533182,0.0,0.0
1725954973457470971,0.0,0.0
1725954973484891313,0.0,0.0
1725954973506981861,0.0,0.0
1725954973529648874,0.0,0.0
1725954973550003864,0.0,0.0
1725954973582207998,0.0,0.0
1725954973607771225,0.0,0.0
1725954973629169339,0.0,0.0
1725954973647648475,0.0,0.0
1725954973674598679,0.0,0.0
1725954973696599249,0.0,0.0
1725954973723586500,0.0,0.0
1725954973742523770,0.0,0.0
1725954973772899623,0.0,0.0
1725954973800047613,0.0,0.0
1725954973824050315,0.0,0.0
1725954973850754013,0.0,0.0
1725954973875283468,0.0,0.0
1725954973903237161,0.0,0.0
1725954973925976490,0.0,0.0
1725954973951902981,0.0,0.0
1725954973978320214,0.0,0.0
1725954974007261866,0.0,0.0
1725954974028153753,0.0,0.0
1725954974054160625,0.0,0.0
1725954974081228254,0.0,0.0
1725954974104898161,0.0,0.0
1725954974123007568,0.0,0.0
1725954974150289137,0.0,0.0
1725954974185913767,0.0,0.0
1725954974210543730,0.0,0.0
1725954974235135673,0.0,0.0
1725954974258564586,0.0,0.0
1725954974282723777,0.0,0.0
1725954974306691265,0.0,0.0
1725954974330600439,0.0,0.0
1725954974352677021,0.0,0.0
1725954974379405483,0.0,0.0
1725954974408363644,0.0,0.0
1725954974431501866,0.0,0.0
1725954974449614101,0.0,0.0
1725954974474564296,0.0,0.0
1725954974502999175,0.0,0.0
1725954974524678714,0.0,0.0
1725954974547324804,0.0,0.0
1725954974567765297,0.0,0.0
1725954974603732888,0.0,0.0
1725954974624256158,0.0,0.0
1725954974644883836,0.0,0.0
1725954974671520605,0.0,0.0
1725954974703827641,0.0,0.0
1725954974722394862,0.0,0.0
1725954974744616492,0.0,0.0
1725954974766927587,0.0,0.0
1725954974793264107,0.0,0.0
1725954974816165209,0.0,0.0
1725954974841529574,0.0,0.0
1725954974871834882,0.0,0.0
1725954974893159884,0.0,0.0
1725954974918078409,0.0,0.0
1725954974938882783,0.0,0.0
1725954974968049851,0.0,0.0
1725954974993363651,0.0,0.0
1725954975015087341,0.0,0.0
1725954975040577582,0.0,0.0
1725954975066735923,0.0,0.0
1725954975095718672,0.0,0.0
1725954975109892990,0.0,0.0
1725954975140856819,0.0,0.0
1725954975167267663,0.0,0.0
1725954975192243490,0.0,0.0
1725954975212402622,0.0,0.0
1725954975238868430,0.0,0.0
1725954975260502570,0.0,0.0
1725954975285035574,0.0,0.0
1725954975307937396,0.0,0.0
1725954975326680035,0.0,0.0
1725954975351545467,0.0,0.0
1725954975381748562,0.0,0.0
1725954975404492032,0.0,0.0
1725954975427333658,0.0,0.0
1725954975447581803,0.0,0.0
1725954975472259053,0.0,0.0
1725954975495285393,0.0,0.0
1725954975521990810,0.0,0.0
1725954975543976526,0.0,0.0
1725954975569856440,0.0,0.0
1725954975594150465,0.0,0.0
1725954975615345032,0.0,0.0
1725954975642483394,0.0,0.0
1725954975672352954,0.0,0.0
1725954975690651848,0.0,0.0
1725954975717223745,0.0,0.0
1725954975743012417,0.0,0.0
1725954975766202000,0.0,0.0
1725954975786158565,0.0,0.0
1725954975814272966,0.0,0.0
1725954975838185391,0.0,0.0
1725954975864003635,0.0,0.0
1725954975892960110,0.0,0.0
1725954975907948878,0.0,0.0
1725954975935731960,0.0,0.0
1725954975962108722,0.0,0.0
1725954975981741541,0.0,0.0
1725954976006423740,0.0,0.0
1725954976029365924,0.0,0.0
1725954976063422804,0.0,0.0
1725954976081953788,0.0,0.0
1725954976107588852,0.0,0.0
1725954976133063495,0.0,0.0
1725954976158223817,0.0,0.0
1725954976177822534,0.0,0.0
1725954976198761998,0.0,0.0
1725954976229340094,0.0,0.0
1725954976254019626,0.0,0.0
1725954976275014206,0.0,0.0
1725954976298667984,0.0,0.0
1725954976328535043,0.0,0.0
1725954976358810248,0.0,0.0
1725954976378100177,0.0,0.0
1725954976404561694,0.0,0.0
1725954976426424894,0.0,0.0
1725954976454418495,0.0,0.0
1725954976475436668,0.0,0.0
1725954976501736568,0.0,0.0
1725954976529191132,0.0,0.0
1725954976553046690,0.0,0.0
1725954976572918852,0.0,0.0
1725954976597692277,0.0,0.0
1725954976619503337,0.0,0.0
1725954976649204259,0.0,0.0
1725954976673404551,0.0,0.0
1725954976695712933,0.0,0.0
1725954976717975075,0.0,0.0
1725954976744513209,0.0,0.0
1725954976764713394,0.0,0.0
1725954976789022379,0.0,0.0
1725954976813624903,0.0,0.0
1725954976843130616,0.0,0.0
1725954976864757088,0.0,0.0
1725954976884405465,0.0,0.0
1725954976913415157,0.0,0.0
1725954976942871836,0.0,0.0
1725954976965245431,0.0,0.0
1725954976987412784,0.0,0.0
1725954977017869559,0.0,0.0
1725954977039160770,0.0,0.0
1725954977061771820,0.0,0.0
1725954977086034919,0.0,0.0
1725954977109587509,0.0,0.0
1725954977140889552,0.0,0.0
1725954977159677814,0.0,0.0
1725954977181710902,0.0,0.0
1725954977206811256,0.0,0.0
1725954977236393275,0.0,0.0
1725954977258096955,0.0,0.0
1725954977279987313,0.0,0.0
1725954977311437090,0.0,0.0
1725954977335519213,0.0,0.0
1725954977355934843,0.0,0.0
1725954977379982225,0.0,0.0
1725954977406067349,0.0,0.0
1725954977431952173,0.0,0.0
1725954977452520266,0.0,0.0
1725954977476757517,0.0,0.0
1725954977508484870,0.0,0.0
1725954977532145799,0.0,0.0
1725954977550250075,0.0,0.0
1725954977577866037,0.0,0.0
1725954977604129063,0.0,0.0
1725954977632558968,0.0,0.0
1725954977651122025,0.0,0.0
1725954977672430812,0.0,0.0
1725954977702676677,0.0,0.0
1725954977728828906,0.0,0.0
1725954977753235451,0.0,0.0
1725954977774796079,0.0,0.0
1725954977809010577,0.0,0.0
1725954977831032400,0.0,0.0
1725954977852594294,0.0,0.0
1725954977875982726,0.0,0.0
1725954977902469940,0.0,0.0
1725954977929280091,0.0,0.0
1725954977946834060,0.0,0.0
1725954977969224536,0.0,0.0
1725954977995908230,0.0,0.0
1725954978023643463,0.0,0.0
1725954978049420697,0.0,0.0
1725954978073099473,0.0,0.0
1725954978103169013,0.0,0.0
1725954978124143996,0.0,0.0
1725954978144183925,0.0,0.0
1725954978168063234,0.0,0.0
1725954978195533332,0.0,0.0
1725954978223772324,0.0,0.0
1725954978243425284,0.0,0.0
1725954978263403366,0.0,0.0
1725954978290514298,0.0,0.0
1725954978316395305,0.0,0.0
1725954978335553570,0.0,0.0
1725954978358575994,0.0,0.0
1725954978388458843,0.0,0.0
1725954978416692913,0.0,0.0
1725954978434406034,0.0,0.0
1725954978459837502,0.0,0.0
1725954978493512773,0.0,0.0
1725954978516432422,0.0,0.0
1725954978536652060,0.0,0.0
1725954978564203784,0.0,0.0
1725954978595913339,0.0,0.0
1725954978622677462,0.0,0.0
1725954978641301104,0.0,0.0
1725954978664594863,0.0,0.0
1725954978693178176,0.0,0.0
1725954978719172246,0.0,0.0
1725954978738373387,0.0,0.0
1725954978763988575,0.0,0.0
1725954978788600684,0.0,0.0
1725954978816456952,0.0,0.0
1725954978838519313,0.0,0.0
1725954978858593263,0.0,0.0
1725954978887661260,0.0,0.0
1725954978916242648,0.0,0.0
1725954978936291767,0.0,0.0
1725954978959311781,0.0,0.0
1725954978994636185,0.0,0.0
1725954979018926885,0.0,0.0
1725954979038892623,0.0,0.0
1725954979060425168,0.0,0.0
1725954979088445418,0.0,0.0
1725954979115957977,0.0,0.0
1725954979142182488,0.0,0.0
1725954979165330863,0.0,0.0
1725954979193066425,0.0,0.0
1725954979217770685,0.0,0.0
1725954979235550081,0.0,0.0
1725954979261423116,0.0,0.0
1725954979285298708,0.0,0.0
1725954979313982225,0.0,0.0
1725954979335339384,0.0,0.0
1725954979353634561,0.0,0.0
1725954979384231463,0.0,0.0
1725954979406244982,0.0,0.0
1725954979427395723,0.0,0.0
1725954979448353389,0.0,0.0
1725954979475721274,0.0,0.0
1725954979501396055,0.0,0.0
1725954979521145772,0.0,0.0
1725954979547342451,0.0,0.0
1725954979575451033,0.0,0.0
1725954979599820144,0.0,0.0
1725954979618567900,0.0,0.0
1725954979641715360,0.0,0.0
1725954979670448857,0.0,0.0
1725954979698983745,0.0,0.0
1725954979722618186,0.0,0.0
1725954979749504247,0.0,0.0
1725954979773321234,0.0,0.0
1725954979798909768,0.0,0.0
1725954979821461337,0.0,0.0
1725954979843991371,0.0,0.0
1725954979871705533,0.0,0.0
1725954979900496126,0.0,0.0
1725954979922551575,0.0,0.0
1725954979949075359,0.0,0.0
1725954979979732742,0.0,0.0
1725954980005864104,0.0,0.0
1725954980027214358,0.0,0.0
1725954980053776378,0.0,0.0
1725954980077972207,0.0,0.0
1725954980104528192,0.0,0.0
1725954980126525837,0.0,0.0
1725954980151092944,0.0,0.0
1725954980180010769,0.0,0.0
1725954980203688329,0.0,0.0
1725954980228163241,0.0,0.0
1725954980251181165,0.0,0.0
1725954980277322931,0.0,0.0
1725954980303612097,0.0,0.0
1725954980324541795,0.0,0.0
1725954980344155636,0.0,0.0
1725954980379791392,0.0,0.0
1725954980400061379,0.0,0.0
1725954980429022891,0.0,0.0
1725954980450020076,0.0,0.0
1725954980478791123,0.0,0.0
1725954980501904698,0.0,0.0
1725954980521552347,0.0,0.0
1725954980546848559,0.0,0.0
1725954980574847309,0.0,0.0
1725954980597207048,0.0,0.0
1725954980618167055,0.0,0.0
1725954980639083883,0.0,0.0
1725954980665264219,0.0,0.0
1725954980687950253,0.0,0.0
1725954980713820575,0.0,0.0
1725954980738188788,0.0,0.0
1725954980773796726,0.0,0.0
1725954980796627203,0.0,0.0
1725954980816452407,0.0,0.0
1725954980844158479,0.0,0.0
1725954980869817975,0.0,0.0
1725954980898145008,0.0,0.0
1725954980919882295,0.0,0.0
1725954980942640769,0.0,0.0
1725954980965138628,0.0,0.0
1725954980997119353,0.0,0.0
1725954981014227046,0.0,0.0
1725954981043358598,0.0,0.0
1725954981067583788,0.0,0.0
1725954981094850697,0.0,0.0
1725954981118790660,0.0,0.0
1725954981142031303,0.0,0.0
1725954981166481203,0.0,0.0
1725954981194412440,0.0,0.0
1725954981213349953,0.0,0.0
1725954981237110878,0.0,0.0
1725954981261788948,0.0,0.0
1725954981290413159,0.0,0.0
1725954981308312555,0.0,0.0
1725954981333420152,0.0,0.0
1725954981354743349,0.0,0.0
1725954981380615651,0.0,0.0
1725954981402144639,0.0,0.0
1725954981429536916,0.0,0.0
1725954981447689893,0.0,0.0
1725954981476679238,0.0,0.0
1725954981497042621,0.0,0.0
1725954981522133814,0.0,0.0
1725954981548480248,0.0,0.0
1725954981577644319,0.0,0.0
1725954981597322840,0.0,0.0
1725954981620584943,0.0,0.0
1725954981642923960,0.0,0.0
1725954981668343950,0.0,0.0
1725954981688723073,0.0,0.0
1725954981716442953,0.0,0.0
1725954981742319275,0.0,0.0
1725954981763388230,0.0,0.0
1725954981788309286,0.0,0.0
1725954981810936459,0.0,0.0
1725954981832950165,0.0,0.0
1725954981860118755,0.0,0.0
1725954981879781167,0.0,0.0
1725954981905288873,0.0,0.0
1725954981930806889,0.0,0.0
1725954981958958568,0.0,0.0
1725954981979918411,0.0,0.0
1725954982003399863,0.0,0.0
1725954982031268526,0.0,0.0
1725954982057067480,0.0,0.0
1725954982080725528,0.0,0.0
1725954982104302052,0.0,0.0
1725954982132338310,0.0,0.0
1725954982153005458,0.0,0.0
1725954982175878957,0.0,0.0
1725954982200423966,0.0,0.0
1725954982223312371,0.0,0.0
1725954982247280049,0.0,0.0
1725954982272218031,0.0,0.0
1725954982291968168,0.0,0.0
1725954982320225013,0.0,0.0
1725954982353581011,0.0,0.0
1725954982376705337,0.0,0.0
1725954982416267114,0.0,0.0
1725954982432851001,0.0,0.0
1725954982456919201,0.0,0.0
1725954982481487855,0.0,0.0
1725954982501396950,0.0,0.0
1725954982533661793,0.0,0.0
1725954982553580900,0.0,0.0
1725954982577681016,0.0,0.0
1725954982598266811,0.0,0.0
1725954982627599565,0.0,0.0
1725954982653910934,0.0,0.0
1725954982671654719,0.0,0.0
1725954982700416243,0.0,0.0
1725954982720713464,0.0,0.0
1725954982750698287,0.0,0.0
1725954982777733701,0.0,0.0
1725954982807530887,0.0,0.0
1725954982833447538,0.0,0.0
1725954982861755079,0.0,0.0
1725954982882070424,0.0,0.0
1725954982906552255,0.0,0.0
1725954982931129859,0.0,0.0
1725954982958972791,0.0,0.0
1725954982978721941,0.0,0.0
1725954983002560283,0.0,0.0
1725954983034475107,0.0,0.0
1725954983054550930,0.0,0.0
1725954983078046252,0.0,0.0
1725954983104736930,0.0,0.0
1725954983126770577,0.0,0.0
1725954983155762751,0.0,0.0
1725954983174093714,0.0,0.0
1725954983198990384,0.0,0.0
1725954983226926532,0.0,0.0
1725954983251504635,0.0,0.0
1725954983272713143,0.0,0.0
1725954983296437668,0.0,0.0
1725954983325932989,0.0,0.0
1725954983352403328,0.0,0.0
1725954983372801181,0.0,0.0
1725954983394958778,0.0,0.0
1725954983420023118,0.0,0.0
1725954983448852627,0.0,0.0
1725954983472562635,0.0,0.0
1725954983496574152,0.0,0.0
1725954983521371679,0.0,0.0
1725954983549315150,0.0,0.0
1725954983571836299,0.0,0.0
1725954983593575672,0.0,0.0
1725954983621547441,0.0,0.0
1725954983651915523,0.0,0.0
1725954983673177876,0.0,0.0
1725954983694880719,0.0,0.0
1725954983724935715,0.0,0.0
1725954983744209652,0.0,0.0
1725954983767507594,0.0,0.0
1725954983794384146,0.0,0.0
1725954983823737664,0.0,0.0
1725954983849971732,0.0,0.0
1725954983870327835,0.0,0.0
1725954983895141645,0.0,0.0
1725954983922480456,0.0,0.0
1725954983948467373,0.0,0.0
1725954983966047364,0.0,0.0
1725954983984135253,0.0,0.0
1725954984009524232,0.0,0.0
1725954984040196192,0.0,0.0
1725954984061590423,0.0,0.0
1725954984079524597,0.0,0.0
1725954984109952223,0.0,0.0
1725954984132332964,0.0,0.0
1725954984154944835,0.0,0.0
1725954984181491611,0.0,0.0
1725954984208187761,0.0,0.0
1725954984228337250,0.0,0.0
1725954984249450057,0.0,0.0
1725954984272055828,0.0,0.0
1725954984297655247,0.0,0.0
1725954984321670040,0.0,0.0
1725954984346077614,0.0,0.0
1725954984372981043,0.0,0.0
1725954984392527006,0.0,0.0
1725954984414883506,0.0,0.0
1725954984439328382,0.0,0.0
1725954984457576076,0.0,0.0
1725954984479324289,0.0,0.0
1725954984509769975,0.0,0.0
1725954984537191598,0.0,0.0
1725954984553094671,0.0,0.0
1725954984578701757,0.0,0.0
1725954984609104400,0.0,0.0
1725954984629514550,0.0,0.0
1725954984655695738,0.0,0.0
1725954984678493762,0.0,0.0
1725954984704209272,0.0,0.0
1725954984730545257,0.0,0.0
1725954984752405801,0.0,0.0
1725954984774933607,0.0,0.0
1725954984799423909,0.0,0.0
1725954984822634109,0.0,0.0
1725954984844914163,0.0,0.0
1725954984874815727,0.0,0.0
1725954984897013327,0.0,0.0
1725954984927196535,0.0,0.0
1725954984953372021,0.0,0.0
1725954984977735424,0.0,0.0
1725954985000217061,0.0,0.0
1725954985029635742,0.0,0.0
1725954985051016057,0.0,0.0
1725954985068542635,0.0,0.0
1725954985094651231,0.0,0.0
1725954985119794502,0.0,0.0
1725954985141150135,0.0,0.0
1725954985174967754,0.0,0.0
1725954985266576532,0.0,0.0
1725954985294002198,0.0,0.0
1725954985333919490,0.0,0.0
1725954985358097241,0.0,0.0
1725954985376603086,0.0,0.0
1725954985398469189,0.0,0.0
1725954985425407879,0.0,0.0
1725954985449079019,0.0,0.0
1725954985476257925,0.0,0.0
1725954985495534352,0.0,0.0
1725954985522686676,0.0,0.0
1725954985555515554,0.0,0.0
1725954985573509022,0.0,0.0
1725954985601877587,0.0,0.0
1725954985624149186,0.0,0.0
1725954985652179767,0.0,0.0
1725954985672886394,0.0,0.0
1725954985699131404,0.0,0.0
1725954985724045156,0.0,0.0
1725954985756968622,0.0,0.0
1725954985776736471,0.0,0.0
1725954985803387681,0.0,0.0
1725954985830193741,0.0,0.0
1725954985854657100,0.0,0.0
1725954985873478398,0.0,0.0
1725954985897474111,0.0,0.0
1725954985921416572,0.0,0.0
1725954985949268589,0.0,0.0
1725954985968424980,0.0,0.0
1725954985995141543,0.0,0.0
1725954986023168868,0.0,0.0
1725954986043733538,0.0,0.0
1725954986065561833,0.0,0.0
1725954986087808170,0.0,0.0
1725954986116140604,0.0,0.0
1725954986144902516,0.0,0.0
1725954986166382943,0.0,0.0
1725954986189168739,0.0,0.0
1725954986219139790,0.0,0.0
1725954986241305932,0.0,0.0
1725954986265384820,0.0,0.0
1725954986288318944,0.0,0.0
1725954986317676558,0.0,0.0
1725954986341669472,0.0,0.0
1725954986369247936,0.0,0.0
1725954986392817097,0.0,0.0
1725954986416101002,0.0,0.0
1725954986444006057,0.0,0.0
1725954986464732501,0.0,0.0
1725954986487143259,0.0,0.0
1725954986516282224,0.0,0.0
1725954986537667317,0.0,0.0
1725954986566617860,0.0,0.0
1725954986589202296,0.0,0.0
1725954986612936909,0.0,0.0
1725954986638902353,0.0,0.0
1725954986661528744,0.0,0.0
1725954986685004210,0.0,0.0
1725954986712721149,0.0,0.0
1725954986738525545,0.0,0.0
1725954986760823359,0.0,0.0
1725954986788514502,0.0,0.0
1725954986815555897,0.0,0.0
1725954986842687450,0.0,0.0
1725954986863542758,0.0,0.0
1725954986886682879,0.0,0.0
1725954986914370555,0.0,0.0
1725954986942468530,0.0,0.0
1725954986961793164,0.0,0.0
1725954986989497505,0.0,0.0
1725954987012483063,0.0,0.0
1725954987037047706,0.0,0.0
1725954987055154753,0.0,0.0
1725954987082682616,0.0,0.0
1725954987113179262,0.0,0.0
1725954987135367201,0.0,0.0
1725954987154325007,0.0,0.0
1725954987178688658,0.0,0.0
1725954987204075072,0.0,0.0
1725954987231537448,0.0,0.0
1725954987258441477,0.0,0.0
1725954987281021460,0.0,0.0
1725954987305430054,0.0,0.0
1725954987331285333,0.0,0.0
1725954987351046131,0.0,0.0
1725954987379468328,0.0,0.0
1725954987405765959,0.0,0.0
1725954987428433756,0.0,0.0
1725954987448985431,0.0,0.0
1725954987473386232,0.0,0.0
1725954987498703935,0.0,0.0
1725954987527231564,0.0,0.0
1725954987549612220,0.0,0.0
1725954987573726723,0.0,0.0
1725954987602672693,0.0,0.0
1725954987626766353,0.0,0.0
1725954987646351411,0.0,0.0
1725954987666317430,0.0,0.0
1725954987696150662,0.0,0.0
1725954987719814137,0.0,0.0
1725954987739778829,0.0,0.0
1725954987763542216,0.0,0.0
1725954987792965304,0.0,0.0
1725954987818819368,0.0,0.0
1725954987840347043,0.0,0.0
1725954987865135427,0.0,0.0
1725954987899492103,0.0,0.0
1725954987919624171,0.0,0.0
1725954987940600230,0.0,0.0
1725954987961170977,0.0,0.0
1725954987994286045,0.0,0.0
1725954988025170438,0.0,0.0
1725954988053001883,0.0,0.0
1725954988072663134,0.0,0.0
1725954988103772745,0.0,0.0
1725954988127307801,0.0,0.0
1725954988147319583,0.0,0.0
1725954988167312770,0.0,0.0
1725954988196519523,0.0,0.0
1725954988224545186,0.0,0.0
1725954988246567869,0.0,0.0
1725954988271895390,0.0,0.0
1725954988293655195,0.0,0.0
1725954988323595727,0.0,0.0
1725954988343971876,0.0,0.0
1725954988367716809,0.0,0.0
1725954988396442282,0.0,0.0
1725954988418318885,0.0,0.0
1725954988439672263,0.0,0.0
1725954988462595147,0.0,0.0
1725954988487131696,0.0,0.0
1725954988518118688,0.0,0.0
1725954988537617609,0.0,0.0
1725954988560184553,0.0,0.0
1725954988586919984,0.0,0.0
1725954988613896105,0.0,0.0
1725954988636462916,0.0,0.0
1725954988655551525,0.0,0.0
1725954988686714044,0.0,0.0
1725954988715046269,0.0,0.0
1725954988734012754,0.0,0.0
1725954988760469145,0.0,0.0
1725954988786929455,0.0,0.0
1725954988821414939,0.0,0.0
1725954988837901494,0.0,0.0
1725954988859484377,0.0,0.0
1725954988885053170,0.0,0.0
1725954988915481896,0.0,0.0
1725954988939823594,0.0,0.0
1725954988964246954,0.0,0.0
1725954988993950321,0.0,0.0
1725954989016577906,0.0,0.0
1725954989042513393,0.0,0.0
1725954989061964689,0.0,0.0
1725954989089078624,0.0,0.0
1725954989117535714,0.0,0.0
1725954989136974089,0.0,0.0
1725954989165103272,0.0,0.0
1725954989194124431,0.0,0.0
1725954989221997622,0.0,0.0
1725954989238125397,0.0,0.0
1725954989263367075,0.0,0.0
1725954989284815069,0.0,0.0
1725954989317495250,0.0,0.0
1725954989336280429,0.0,0.0
1725954989360148680,0.0,0.0
1725954989386589197,0.0,0.0
1725954989417069015,0.0,0.0
1725954989438546648,0.0,0.0
1725954989461666011,0.0,0.0
1725954989487244565,0.0,0.0
1725954989513428712,0.0,0.0
1725954989537059771,0.0,0.0
1725954989557210829,0.0,0.0
1725954989582077281,0.0,0.0
1725954989609053460,0.0,0.0
1725954989635015588,0.0,0.0
1725954989660691169,0.0,0.0
1725954989690346943,0.0,0.0
1725954989726362255,0.0,0.0
1725954989744904457,0.0,0.0
1725954989770395628,0.0,0.0
1725954989797870478,0.0,0.0
1725954989823475048,0.0,0.0
1725954989848991896,0.0,0.0
1725954989877965978,0.0,0.0
1725954989898652565,0.0,0.0
1725954989919050365,0.0,0.0
1725954989946946500,0.0,0.0
1725954989974175608,0.0,0.0
1725954990001174530,0.0,0.0
1725954990023301711,0.0,0.0
1725954990054324329,0.0,0.0
1725954990074903594,0.0,0.0
1725954990098324014,0.0,0.0
1725954990121325758,0.0,0.0
1725954990145659876,0.0,0.0
1725954990173237687,0.0,0.0
1725954990197727465,0.0,0.0
1725954990221658833,0.0,0.0
1725954990241736998,0.0,0.0
1725954990270773848,0.0,0.0
1725954990295502930,0.0,0.0
1725954990313135328,0.0,0.0
1725954990334906772,0.0,0.0
1725954990367953009,0.0,0.0
1725954990392843510,0.0,0.0
1725954990415465073,0.0,0.0
1725954990437619188,0.0,0.0
1725954990464011012,0.0,0.0
1725954990494767634,0.0,0.0
1725954990514347525,0.0,0.0
1725954990537627823,0.0,0.0
1725954990566777674,0.0,0.0
1725954990591810869,0.0,0.0
1725954990615352077,0.0,0.0
1725954990636709466,0.0,0.0
1725954990674037110,0.0,0.0
1725954990697630754,0.0,0.0
1725954990712155030,0.0,0.0
1725954990736229513,0.0,0.0
1725954990764330216,0.0,0.0
1725954990794664654,0.0,0.0
1725954990813770800,0.0,0.0
1725954990842010172,0.0,0.0
1725954990873620051,0.0,0.0
1725954990898621372,0.0,0.0
1725954990921955361,0.0,0.0
1725954990941353006,0.0,0.0
1725954990968585898,0.0,0.0
1725954990997478624,0.0,0.0
1725954991019604880,0.0,0.0
1725954991039148482,0.0,0.0
1725954991063962116,0.0,0.0
1725954991089692378,0.0,0.0
1725954991114627212,0.0,0.0
1725954991131097059,0.0,0.0
1725954991159014995,0.0,0.0
1725954991186577149,0.0,0.0
1725954991211487893,0.0,0.0
1725954991232183924,0.0,0.0
1725954991264587049,0.0,0.0
1725954991290691374,0.0,0.0
1725954991314389846,0.0,0.0
1725954991337323588,0.0,0.0
1725954991366046172,0.0,0.0
1725954991401054294,0.0,0.0
1725954991415648343,0.0,0.0
1725954991440131363,0.0,0.0
1725954991464926458,0.0,0.0
1725954991493016008,0.0,0.0
1725954991515269642,0.0,0.0
1725954991537823276,0.0,0.0
1725954991568023212,0.0,0.0
1725954991589284655,0.0,0.0
1725954991609792792,0.0,0.0
1725954991631969891,0.0,0.0
1725954991664237856,0.0,0.0
1725954991689558254,0.0,0.0
1725954991717361380,0.0,0.0
1725954991734660250,0.0,0.0
1725954991766734600,0.0,0.0
1725954991791302455,0.0,0.0
1725954991812119103,0.0,0.0
1725954991836375776,0.0,0.0
1725954991867049750,0.0,0.0
1725954991893532303,0.0,0.0
1725954991919964763,0.0,0.0
1725954991943894781,0.0,0.0
1725954991973258366,0.0,0.0
1725954992003761068,0.0,0.0
1725954992021083171,0.0,0.0
1725954992044494285,0.0,0.0
1725954992074538888,0.0,0.0
1725954992096694594,0.0,0.0
1725954992118281272,0.0,0.0
1725954992140685087,0.0,0.0
1725954992172687680,0.0,0.0
1725954992199451884,0.0,0.0
1725954992215701442,0.0,0.0
1725954992250018161,0.0,0.0
1725954992269590018,0.0,0.0
1725954992290643885,0.0,0.0
1725954992317668260,0.0,0.0
1725954992335360565,0.0,0.0
1725954992360943629,0.0,0.0
1725954992385245860,0.0,0.0
1725954992409409167,0.0,0.0
1725954992436891774,0.0,0.0
1725954992456258504,0.0,0.0
1725954992488334578,0.0,0.0
1725954992509291725,0.0,0.0
1725954992532899269,0.0,0.0
1725954992557719370,0.0,0.0
1725954992585763190,0.0,0.0
1725954992606098207,0.0,0.0
1725954992630543902,0.0,0.0
1725954992649852216,0.0,0.0
1725954992677883046,0.0,0.0
1725954992700552373,0.0,0.0
1725954992720740572,0.0,0.0
1725954992754087225,0.0,0.0
1725954992780377812,0.0,0.0
1725954992800613732,0.0,0.0
1725954992823612180,0.0,0.0
1725954992857505172,0.0,0.0
1725954992876917977,0.0,0.0
1725954992898930020,0.0,0.0
1725954992919048278,0.0,0.0
1725954992953127182,0.0,0.0
1725954992976285841,0.0,0.0
1725954993003235660,0.0,0.0
1725954993026283497,0.0,0.0
1725954993050593254,0.0,0.0
1725954993077872733,0.0,0.0
1725954993097511596,0.0,0.0
1725954993122234646,0.0,0.0
1725954993146408575,0.0,0.0
1725954993174974774,0.0,0.0
1725954993197573589,0.0,0.0
1725954993222130255,0.0,0.0
1725954993247049175,0.0,0.0
1725954993273484748,0.0,0.0
1725954993293304144,0.0,0.0
1725954993317674932,0.0,0.0
1725954993343853704,0.0,0.0
1725954993378649047,0.0,0.0
1725954993397207388,0.0,0.0
1725954993417432192,0.0,0.0
1725954993448782034,0.0,0.0
1725954993477099428,0.0,0.0
1725954993495344199,0.0,0.0
1725954993518567346,0.0,0.0
1725954993545893258,0.0,0.0
1725954993570616978,0.0,0.0
1725954993593924165,0.0,0.0
1725954993624237701,0.0,0.0
1725954993644036272,0.0,0.0
1725954993671986458,0.0,0.0
1725954993692031248,0.0,0.0
1725954993715293252,0.0,0.0
1725954993742701705,0.0,0.0
1725954993767448477,0.0,0.0
1725954993785921749,0.0,0.0
1725954993808091108,0.0,0.0
1725954993841301572,0.0,0.0
1725954993872487171,0.0,0.0
1725954993892558026,0.0,0.0
1725954993912456795,0.0,0.0
1725954993938093677,0.0,0.0
1725954993964015340,0.0,0.0
1725954993988590260,0.0,0.0
1725954994008117396,0.0,0.0
1725954994034525226,0.0,0.0
1725954994058801864,0.0,0.0
1725954994080251880,0.0,0.0
1725954994099124951,0.0,0.0
1725954994121512451,0.0,0.0
1725954994148633723,0.0,0.0
1725954994178397660,0.0,0.0
1725954994196276952,0.0,0.0
1725954994222333327,0.0,0.0
1725954994248392064,0.0,0.0
1725954994279088014,0.0,0.0
1725954994296672365,0.0,0.0
1725954994320840717,0.0,0.0
1725954994344552878,0.0,0.0
1725954994372309132,0.0,0.0
1725954994393443332,0.0,0.0
1725954994416931940,0.0,0.0
1725954994440713011,0.0,0.0
1725954994470469141,0.0,0.0
1725954994491146964,0.0,0.0
1725954994514907950,0.0,0.0
1725954994545254999,0.0,0.0
1725954994568174562,0.0,0.0
1725954994591819583,0.0,0.0
1725954994617349216,0.0,0.0
1725954994645275606,0.0,0.0
1725954994670658369,0.0,0.0
1725954994688864133,0.0,0.0
1725954994712264593,0.0,0.0
1725954994736252522,0.0,0.0
1725954994761189819,0.0,0.0
1725954994785559093,0.0,0.0
1725954994807376485,0.0,0.0
1725954994833066909,0.0,0.0
1725954994861485430,0.0,0.0
1725954994885469550,0.0,0.0
1725954994907462392,0.0,0.0
1725954994928544402,0.0,0.0
1725954994960061082,0.0,0.0
1725954994978361977,0.0,0.0
1725954995003034234,0.0,0.0
1725954995024932042,0.0,0.0
1725954995054761989,0.0,0.0
1725954995073010623,0.0,0.0
1725954995101387742,0.0,0.0
1725954995118935957,0.0,0.0
1725954995151291064,0.0,0.0
1725954995172814771,0.0,0.0
1725954995194418411,0.0,0.0
1725954995228267962,0.0,0.0
1725954995247872497,0.0,0.0
1725954995268889995,0.0,0.0
1725954995293975856,0.0,0.0
1725954995322793942,0.0,0.0
1725954995346268528,0.0,0.0
1725954995366907241,0.0,0.0
1725954995386192575,0.0,0.0
1725954995415133435,0.0,0.0
1725954995441369624,0.0,0.0
1725954995462034658,0.0,0.0
1725954995484427395,0.0,0.0
1725954995511466433,0.0,0.0
1725954995542128530,0.0,0.0
1725954995564644418,0.0,0.0
1725954995587484163,0.0,0.0
1725954995615602651,0.0,0.0
1725954995639416910,0.0,0.0
1725954995666224903,0.0,0.0
1725954995693667347,0.0,0.0
1725954995718959852,0.0,0.0
1725954995748650039,0.0,0.0
1725954995771382735,0.0,0.0
1725954995793577990,0.0,0.0
1725954995818567701,0.0,0.0
1725954995845955333,0.0,0.0
1725954995866890274,0.0,0.0
1725954995889182384,0.0,0.0
1725954995915473186,0.0,0.0
1725954995944717547,0.0,0.0
1725954995965744201,0.0,0.0
1725954995983310277,0.0,0.0
1725954996008583305,0.0,0.0
1725954996034540845,0.0,0.0
1725954996056649201,0.0,0.0
1725954996081959323,0.0,0.0
1725954996103203235,0.0,0.0
1725954996130275968,0.0,0.0
1725954996151684353,0.0,0.0
1725954996171224196,0.0,0.0
1725954996203055958,0.0,0.0
1725954996227207533,0.0,0.0
1725954996249290626,0.0,0.0
1725954996274564685,0.0,0.0
1725954996301899894,0.0,0.0
1725954996331117654,0.0,0.0
1725954996352141990,0.0,0.0
1725954996370638261,0.0,0.0
1725954996396695287,0.0,0.0
1725954996428331329,0.0,0.0
1725954996448387392,0.0,0.0
1725954996474233744,0.0,0.0
1725954996507234505,0.0,0.0
1725954996526079524,0.0,0.0
1725954996546191649,0.0,0.0
1725954996568725254,0.0,0.0
1725954996596244298,0.0,0.0
1725954996620775065,0.0,0.0
1725954996642622009,0.0,0.0
1725954996665772696,0.0,0.0
1725954996692495951,0.0,0.0
1725954996724230899,0.0,0.0
1725954996744860607,0.0,0.0
1725954996764793190,0.0,0.0
1725954996792745371,0.0,0.0
1725954996820857918,0.0,0.0
1725954996846047914,0.0,0.0
1725954996872799436,0.0,0.0
1725954996897704553,0.0,0.0
1725954996921952061,0.0,0.0
1725954996943832917,0.0,0.0
1725954996965526336,0.0,0.0
1725954996993163704,0.0,0.0
1725954997022496060,0.0,0.0
1725954997042403747,0.0,0.0
1725954997067378266,0.0,0.0
1725954997092927362,0.0,0.0
1725954997120026213,0.0,0.0
1725954997142357367,0.0,0.0
1725954997164836097,0.0,0.0
1725954997195609367,0.0,0.0
1725954997225158713,0.0,0.0
1725954997242197890,0.0,0.0
1725954997266691372,0.0,0.0
1725954997289131564,0.0,0.0
1725954997316767003,0.0,0.0
1725954997343520554,0.0,0.0
1725954997365018295,0.0,0.0
1725954997390366559,0.0,0.0
1725954997420854256,0.0,0.0
1725954997440806537,0.0,0.0
1725954997469063543,0.0,0.0
1725954997489408999,0.0,0.0
1725954997516144416,0.0,0.0
1725954997538946391,0.0,0.0
1725954997561959124,0.0,0.0
1725954997587939267,0.0,0.0
1725954997616858446,0.0,0.0
1725954997638665416,0.0,0.0
1725954997660077572,0.0,0.0
1725954997686286807,0.0,0.0
1725954997714671540,0.0,0.0
1725954997734803379,0.0,0.0
1725954997761579763,0.0,0.0
1725954997782909137,0.0,0.0
1725954997811155240,0.0,0.0
1725954997832096518,0.0,0.0
1725954997858000657,0.0,0.0
1725954997881366081,0.0,0.0
1725954997908460602,0.0,0.0
1725954997929359589,0.0,0.0
1725954997955169786,0.0,0.0
1725954997981538768,0.0,0.0
1725954998003369862,0.0,0.0
1725954998027702322,0.0,0.0
1725954998053713671,0.0,0.0
1725954998075238696,0.0,0.0
1725954998104943145,0.0,0.0
1725954998127227669,0.0,0.0
1725954998151715776,0.0,0.0
1725954998169860061,0.0,0.0
1725954998198164905,0.0,0.0
1725954998220918490,0.0,0.0
1725954998245783515,0.0,0.0
1725954998271266540,0.0,0.0
1725954998299986292,0.0,0.0
1725954998324018426,0.0,0.0
1725954998344338891,0.0,0.0
1725954998365187781,0.0,0.0
1725954998396153372,0.0,0.0
1725954998414885153,0.0,0.0
1725954998439981160,0.0,0.0
1725954998463569201,0.0,0.0
1725954998493298568,0.0,0.0
1725954998516658742,0.0,0.0
1725954998535097832,0.0,0.0
1725954998561766570,0.0,0.0
1725954998589018423,0.0,0.0
1725954998613015553,0.0,0.0
1725954998635571212,0.0,0.0
1725954998659783353,0.0,0.0
1725954998689053455,0.0,0.0
1725954998711049208,0.0,0.0
1725954998730625734,0.0,0.0
1725954998759567927,0.0,0.0
1725954998786012488,0.0,0.0
1725954998808835902,0.0,0.0
1725954998830683656,0.0,0.0
1725954998849688537,0.0,0.0
1725954998880194902,0.0,0.0
1725954998899122788,0.0,0.0
1725954998918657181,0.0,0.0
1725954998947289623,0.0,0.0
1725954998972105393,0.0,0.0
1725954998999109271,0.0,0.0
1725954999015369165,0.0,0.0
1725954999043820888,0.0,0.0
1725954999070352160,0.0,0.0
1725954999093003602,0.0,0.0
1725954999114974484,0.0,0.0
1725954999146584163,0.0,0.0
1725954999171704101,0.0,0.0
1725954999192588691,0.0,0.0
1725954999217090833,0.0,0.0
1725954999244473161,0.0,0.0
1725954999267048064,0.0,0.0
1725954999291295891,0.0,0.0
1725954999312595192,0.0,0.0
1725954999340462978,0.0,0.0
1725954999365142185,0.0,0.0
1725954999386921532,0.0,0.0
1725954999406849287,0.0,0.0
1725954999436278882,0.0,0.0
1725954999459646491,0.0,0.0
1725954999483252808,0.0,0.0
1725954999503787154,0.0,0.0
1725954999528315055,0.0,0.0
1725954999558551486,0.0,0.0
1725954999579463676,0.0,0.0
1725954999596951325,0.0,0.0
1725954999618829202,0.0,0.0
1725954999650757110,0.0,0.0
1725954999675327856,0.0,0.0
1725954999697042979,0.0,0.0
1725954999720643605,0.0,0.0
1725954999748751465,0.0,0.0
1725954999770259782,0.0,0.0
1725954999792890333,0.0,0.0
1725954999816401627,0.0,0.0
1725954999843771714,0.0,0.0
1725954999867103276,0.0,0.0
1725954999888434641,0.0,0.0
1725954999912372611,0.0,0.0
1725954999936954747,0.0,0.0
1725955001535117307,0.0,0.0
1725955001556003955,0.0,0.0
1725955001585704874,0.0,0.0
1725955001614754903,0.0,0.0
1725955001637418494,0.0,0.0
1725955001664785100,0.0,0.0
1725955001689659881,0.0,0.0
1725955001716287249,0.0,0.0
1725955001737491254,0.0,0.0
1725955001758440254,0.0,0.0
1725955001785151036,0.0,0.0
1725955001808104297,0.0,0.0
1725955001829372819,0.0,0.0
1725955001849155762,0.0,0.0
1725955001876258734,0.0,0.0
1725955001901317558,0.0,0.0
1725955001924531043,0.0,0.0
1725955001948438740,0.0,0.0
1725955001974775581,0.0,0.0
1725955002005433683,0.0,0.0
1725955002025188102,0.0,0.0
1725955002051307619,0.0,0.0
1725955002078364266,0.0,0.0
1725955002106891046,0.0,0.0
1725955002136497532,0.0,0.0
1725955002157219639,0.0,0.0
1725955002184897347,0.0,0.0
1725955002214394162,0.0,0.0
1725955002231882596,0.0,0.0
1725955002257156266,0.0,0.0
1725955002280318981,0.0,0.0
1725955002309530886,0.0,0.0
1725955002332818713,0.0,0.0
1725955002355621146,0.0,0.0
1725955002378732386,0.0,0.0
1725955002405131241,0.0,0.0
1725955002428005888,0.0,0.0
1725955002451618807,0.0,0.0
1725955002481377000,0.0,0.0
1725955002504536854,0.0,0.0
1725955002530757480,0.0,0.0
1725955002552185492,0.0,0.0
1725955002581683440,0.0,0.0
1725955002600137986,0.0,0.0
1725955002622407426,0.0,0.0
1725955002643051524,0.0,0.0
1725955002670684614,0.0,0.0
1725955002704343279,0.0,0.0
1725955002729668011,0.0,0.0
1725955002752424617,0.0,0.0
1725955002780223573,0.0,0.0
1725955002802454250,0.0,0.0
1725955002826198782,0.0,0.0
1725955002848077577,0.0,0.0
1725955002878102647,0.0,0.0
1725955002907738338,0.0,0.0
1725955002928156565,0.0,0.0
1725955002953333594,0.0,0.0
1725955002975603948,0.0,0.0
1725955002998812617,0.0,0.0
1725955003019991967,0.0,0.0
1725955003043235050,0.0,0.0
1725955003066920967,0.0,0.0
1725955003093914442,0.0,0.0
1725955003119173222,0.0,0.0
1725955003139802938,0.0,0.0
1725955003165892065,0.0,0.0
1725955003195743400,0.0,0.0
1725955003219585913,0.0,0.0
1725955003244411733,0.0,0.0
1725955003267573981,0.0,0.0
1725955003295209067,0.0,0.0
1725955003321487931,0.0,0.0
1725955003342514520,0.0,0.0
1725955003381912220,0.0,0.0
1725955003412731788,0.0,0.0
1725955003438057193,0.0,0.0
1725955003459703860,0.0,0.0
1725955003486437676,0.0,0.0
1725955003509449883,0.0,0.0
1725955003540959727,0.0,0.0
1725955003558544225,0.0,0.0
1725955003578941018,0.0,0.0
1725955003610662119,0.0,0.0
1725955003636601524,0.0,0.0
1725955003661992057,0.0,0.0
1725955003680644706,0.0,0.0
1725955003715424413,0.0,0.0
1725955003745369107,0.0,0.0
1725955003765035093,0.0,0.0
1725955003783975171,0.0,0.0
1725955003809568399,0.0,0.0
1725955003842106403,0.0,0.0
1725955003862976534,0.0,0.0
1725955003887732625,0.0,0.0
1725955003914414939,0.0,0.0
1725955003942264157,0.0,0.0
1725955003962298287,0.0,0.0
1725955003989203482,0.0,0.0
1725955004015600443,0.0,0.0
1725955004042488220,0.0,0.0
1725955004063452642,0.0,0.0
1725955004086967205,0.0,0.0
1725955004109971898,0.0,0.0
1725955004139044070,0.0,0.0
1725955004161012237,0.0,0.0
1725955004179579076,0.0,0.0
1725955004211999807,0.0,0.0
1725955004235134219,0.0,0.0
1725955004257948660,0.0,0.0
1725955004278810525,0.0,0.0
1725955004313538535,0.0,0.0
1725955004336505428,0.0,0.0
1725955004358869003,0.0,0.0
1725955004379656149,0.0,0.0
1725955004407252422,0.0,0.0
1725955004435884950,0.0,0.0
1725955004455082100,0.0,0.0
1725955004477331900,0.0,0.0
1725955004503713638,0.0,0.0
1725955004526060724,0.0,0.0
1725955004549281221,0.0,0.0
1725955004578737372,0.0,0.0
1725955004604470393,0.0,0.0
1725955004637567561,0.0,0.0
1725955004656117421,0.0,0.0
1725955004676658640,0.0,0.0
1725955004699174957,0.0,0.0
1725955004729323695,0.0,0.0
1725955004751046611,0.0,0.0
1725955004772330167,0.0,0.0
1725955004798913533,0.0,0.0
1725955004829589223,0.0,0.0
1725955004847793696,0.0,0.0
1725955004870201738,0.0,0.0
1725955004898903906,0.0,0.0
1725955004925116731,0.0,0.0
1725955004948966816,0.0,0.0
1725955004973611864,0.0,0.0
1725955004996426679,0.0,0.0
1725955005027598533,0.0,0.0
1725955005048168596,0.0,0.0
1725955005069899734,0.0,0.0
1725955005095824993,0.0,0.0
1725955005127163082,0.0,0.0
1725955005146588688,0.0,0.0
1725955005168631037,0.0,0.0
1725955005189422863,0.0,0.0
1725955005219405516,0.0,0.0
1725955005238048488,0.0,0.0
1725955005263018311,0.0,0.0
1725955005288822615,0.0,0.0
1725955005323265112,0.0,0.0
1725955005339782275,0.0,0.0
1725955005361415836,0.0,0.0
1725955005385209104,0.0,0.0
1725955005415092477,0.0,0.0
1725955005438590816,0.0,0.0
1725955005460722769,0.0,0.0
1725955005496152293,0.0,0.0
1725955005519585529,0.0,0.0
1725955005539550797,0.0,0.0
1725955005563555814,0.0,0.0
1725955005590985461,0.0,0.0
1725955005625319193,0.0,0.0
1725955005645049196,0.0,0.0
1725955005667529450,0.0,0.0
1725955005700602768,0.0,0.0
1725955005725472283,0.0,0.0
1725955005744114083,0.0,0.0
1725955005771365674,0.0,0.0
1725955005793950891,0.0,0.0
1725955005822612402,0.0,0.0
1725955005842110221,0.0,0.0
1725955005864658916,0.0,0.0
1725955005889401343,0.0,0.0
1725955005915692675,0.0,0.0
1725955005939850843,0.0,0.0
1725955005963813708,0.0,0.0
1725955005993668328,0.0,0.0
1725955006016617062,0.0,0.0
1725955006037538558,0.0,0.0
1725955006062990557,0.0,0.0
1725955006088252363,0.0,0.0
1725955006117613956,0.0,0.0
1725955006137792562,0.0,0.0
1725955006164165287,0.0,0.0
1725955006185294417,0.0,0.0
1725955006219018833,0.0,0.0
1725955006238117720,0.0,0.0
1725955006261291368,0.0,0.0
1725955006286750170,0.0,0.0
1725955006318278192,0.0,0.0
1725955006338133847,0.0,0.0
1725955006357518874,0.0,0.0
1725955006387121181,0.0,0.0
1725955006414279288,0.0,0.0
1725955006438860057,0.0,0.0
1725955006459665061,0.0,0.0
1725955006485868982,0.0,0.0
1725955006512018037,0.0,0.0
1725955006537329337,0.0,0.0
1725955006561532938,0.0,0.0
1725955006583247379,0.0,0.0
1725955006612584054,0.0,0.0
1725955006633590954,0.0,0.0
1725955006655054462,0.0,0.0
1725955006679190435,0.0,0.0
1725955006709437950,0.0,0.0
1725955006731338106,0.0,0.0
1725955006752988204,0.0,0.0
1725955006784098358,0.0,0.0
1725955006809754055,0.0,0.0
1725955006831552096,0.0,0.0
1725955006850427031,0.0,0.0
1725955006882124220,0.0,0.0
1725955006910328390,0.0,0.0
1725955006931388155,0.0,0.0
1725955006955327890,0.0,0.0
1725955006981258641,0.0,0.0
1725955007006543483,0.0,0.0
1725955007027925955,0.0,0.0
1725955007054332453,0.0,0.0
1725955007078982050,0.0,0.0
1725955007110888706,0.0,0.0
1725955007128991332,0.0,0.0
1725955007152207199,0.0,0.0
1725955007175089198,0.0,0.0
1725955007204237987,0.0,0.0
1725955007224143936,0.0,0.0
1725955007247047826,0.0,0.0
1725955007272112013,0.0,0.0
1725955007302183750,0.0,0.0
1725955007328396777,0.0,0.0
1725955007350464197,0.0,0.0
1725955007381834067,0.0,0.0
1725955007409708225,0.0,0.0
1725955007429979874,0.0,0.0
1725955007454902354,0.0,0.0
1725955007477451643,0.0,0.0
1725955007507472810,0.0,0.0
1725955007530389215,0.0,0.0
1725955007558964026,0.0,0.0
1725955007583052364,0.0,0.0
1725955007617764635,0.0,0.0
1725955007635379715,0.0,0.0
1725955007654932616,0.0,0.0
1725955007681595217,0.0,0.0
1725955007708450064,0.0,0.0
1725955007730657906,0.0,0.0
1725955007755850357,0.0,0.0
1725955007778973446,0.0,0.0
1725955007800474997,0.0,0.0
1725955007821988659,0.0,0.0
1725955007847255279,0.0,0.0
1725955007870163435,0.0,0.0
1725955007899730001,0.0,0.0
1725955007924150649,0.0,0.0
1725955007943272181,0.0,0.0
1725955007971840506,0.0,0.0
1725955007997148722,0.0,0.0
1725955008024671257,0.0,0.0
1725955008049420564,0.0,0.0
1725955008071252940,0.0,0.0
1725955008101589910,0.0,0.0
1725955008122210145,0.0,0.0
1725955008144948423,0.0,0.0
1725955008174854619,0.0,0.0
1725955008201748586,0.0,0.0
1725955008222841813,0.0,0.0
1725955008252306081,0.0,0.0
1725955008273245612,0.0,0.0
1725955008295461601,0.0,0.0
1725955008315598821,0.0,0.0
1725955008334330809,0.0,0.0
1725955008354786186,0.0,0.0
1725955008384558716,0.0,0.0
1725955008418407957,0.0,0.0
1725955008441610459,0.0,0.0
1725955008461585053,0.0,0.0
1725955008490269457,0.0,0.0
1725955008518516388,0.0,0.0
1725955008540754165,0.0,0.0
1725955008561946148,0.0,0.0
1725955008591457006,0.0,0.0
1725955008617431716,0.0,0.0
1725955008636085593,0.0,0.0
1725955008657848641,0.0,0.0
1725955008682085587,0.0,0.0
1725955008710655750,0.0,0.0
1725955008731870345,0.0,0.0
1725955008755282031,0.0,0.0
1725955008781926382,0.0,0.0
1725955008812029470,0.0,0.0
1725955008831458864,0.0,0.0
1725955008857933025,0.0,0.0
1725955008886011743,0.0,0.0
1725955008908815036,0.0,0.0
1725955008930473214,0.0,0.0
1725955008950807673,0.0,0.0
1725955008979003866,0.0,0.0
1725955009007050444,0.0,0.0
1725955009036488134,0.0,0.0
1725955009053453060,0.0,0.0
1725955009086751492,0.0,0.0
1725955009113937288,0.0,0.0
1725955009133684412,0.0,0.0
1725955009156053904,0.0,0.0
1725955009184969097,0.0,0.0
1725955009211369108,0.0,0.0
1725955009234157240,0.0,0.0
1725955009258575684,0.0,0.0
1725955009288571272,0.0,0.0
1725955009311175099,0.0,0.0
1725955009337544955,0.0,0.0
1725955009360002446,0.0,0.0
1725955009388747937,0.0,0.0
1725955009409937282,0.0,0.0
1725955009428463280,0.0,0.0
1725955009448513489,0.0,0.0
1725955009469840803,0.0,0.0
1725955009503192979,0.0,0.0
1725955009527358255,0.0,0.0
1725955009546497812,0.0,0.0
1725955009565461927,0.0,0.0
1725955009597873616,0.0,0.0
1725955009622760629,0.0,0.0
1725955009640063013,0.0,0.0
1725955009667424013,0.0,0.0
1725955009696965193,0.0,0.0
1725955009722313556,0.0,0.0
1725955009742313107,0.0,0.0
1725955009765852081,0.0,0.0
1725955009796902768,0.0,0.0
1725955009819053009,0.0,0.0
1725955009841904995,0.0,0.0
1725955009870574923,0.0,0.0
1725955009900154014,0.0,0.0
1725955009926574534,0.0,0.0
1725955009947177655,0.0,0.0
1725955009970683506,0.0,0.0
1725955009992763709,0.0,0.0
1725955010023576153,0.0,0.0
1725955010041824618,0.0,0.0
1725955010071302714,0.0,0.0
1725955010091040572,0.0,0.0
1725955010118209883,0.0,0.0
1725955010142225938,0.0,0.0
