Timestamp,d_laser_x,d_laser_z,laser_x,laser_z,X,Y,Z,Yaw,Roll,Pitch
1741951127.334,4.126,2.165,0.126,-0.504,1.4472,-2.0845,5.9624,-155.2279,179.3455,-0.8989
1741951127.413,4.126,2.165,0.126,-0.504,1.4472,-2.0845,5.9624,-155.2331,179.3316,-0.9049
1741951127.493,4.126,2.163,0.126,-0.502,1.4472,-2.0845,5.9624,-155.2422,179.3074,-0.9061
1741951127.573,4.128,2.163,0.124,-0.502,1.4472,-2.0845,5.9624,-155.2317,179.3233,-0.9244
1741951127.652,4.127,2.164,0.125,-0.503,1.4472,-2.0845,5.9624,-155.2185,179.3168,-0.9196
1741951127.732,4.127,2.164,0.125,-0.503,1.4472,-2.0845,5.9624,-155.2251,179.3386,-0.9009
1741951127.812,4.124,2.164,0.128,-0.503,1.4472,-2.0845,5.9624,-155.2298,179.3583,-0.8982
1741951127.891,4.125,2.164,0.127,-0.503,1.4472,-2.0845,5.9624,-155.23,179.3516,-0.8955
1741951127.971,4.126,2.164,0.126,-0.503,1.4472,-2.0845,5.9624,-155.2321,179.3527,-0.9072
1741951128.051,4.125,2.164,0.127,-0.503,1.4472,-2.0845,5.9624,-155.2432,179.3676,-0.9131
1741951128.13,4.125,2.164,0.127,-0.503,1.4472,-2.0845,5.9624,-155.2334,179.3396,-0.9059
1741951128.21,4.126,2.164,0.126,-0.503,1.4472,-2.0845,5.9624,-155.2231,179.3178,-0.9025
1741951128.409,4.128,2.165,0.124,-0.504,1.4472,-2.0845,5.9624,-155.2156,179.3292,-0.9047
1741951128.608,4.125,2.165,0.127,-0.504,1.4472,-2.0845,5.9624,-155.2257,179.3373,-0.9038
1741951128.807,4.128,2.163,0.124,-0.502,1.4472,-2.0845,5.9624,-155.2378,179.3443,-0.9058
1741951130.101,4.125,2.164,0.127,-0.503,1.4472,-2.0845,5.9624,-155.2326,179.3432,-0.9266
1741951130.181,4.125,2.163,0.127,-0.502,1.4472,-2.0845,5.9624,-155.2301,179.3421,-0.9303
1741951130.261,4.125,2.164,0.127,-0.503,1.4472,-2.0845,5.9624,-155.2325,179.3554,-0.9287
1741951130.34,4.125,2.164,0.127,-0.503,1.4472,-2.0845,5.9624,-155.2304,179.3509,-0.9215
1741951130.42,4.127,2.164,0.125,-0.503,1.4472,-2.0845,5.9624,-155.2298,179.3636,-0.917
1741951130.5,4.125,2.163,0.127,-0.502,1.4472,-2.0845,5.9624,-155.23,179.3705,-0.9171
1741951130.579,4.126,2.164,0.126,-0.503,1.4472,-2.0845,5.9624,-155.2296,179.3582,-0.9212
1741951130.659,4.126,2.163,0.126,-0.502,1.4472,-2.0845,5.9624,-155.2322,179.3646,-0.9165
1741951130.739,4.126,2.163,0.126,-0.502,1.4472,-2.0845,5.9624,-155.2379,179.3663,-0.9113
1741951130.818,4.126,2.163,0.126,-0.502,1.4472,-2.0845,5.9624,-155.2375,179.3685,-0.9142
1741951130.898,4.125,2.163,0.127,-0.502,1.4472,-2.0845,5.9624,-155.2351,179.361,-0.9196
1741951130.977,4.125,2.163,0.127,-0.502,1.4472,-2.0845,5.9624,-155.2258,179.3578,-0.9089
1741951131.057,4.126,2.163,0.126,-0.502,1.4472,-2.0845,5.9624,-155.2229,179.3431,-0.9181
1741951131.137,4.126,2.163,0.126,-0.502,1.4472,-2.0845,5.9624,-155.2267,179.3405,-0.9312
1741951131.216,4.126,2.164,0.126,-0.503,1.4472,-2.0845,5.9624,-155.2297,179.3452,-0.9332
1741951131.296,4.127,2.164,0.125,-0.503,1.4472,-2.0845,5.9624,-155.221,179.3578,-0.9037
1741951131.376,4.126,2.164,0.126,-0.503,1.4471,-2.0844,5.9623,-155.206,179.4289,-0.8
1741951131.455,4.128,2.163,0.124,-0.502,1.4468,-2.0833,5.9623,-155.1503,179.4092,-0.8195
1741951131.535,4.128,2.163,0.123,-0.502,1.445,-2.0793,5.9623,-155.0945,179.339,-0.8815
1741951131.615,4.125,2.161,0.126,-0.5,1.4416,-2.0725,5.962,-154.9515,179.28,-0.9168
1741951131.694,4.121,2.163,0.13,-0.502,1.4377,-2.0648,5.962,-154.8684,179.262,-0.9098
1741951131.774,4.11,2.162,0.141,-0.502,1.4338,-2.0573,5.9621,-154.7147,179.2555,-0.908
1741951131.854,4.1,2.161,0.151,-0.501,1.4299,-2.0495,5.9624,-154.6427,179.2639,-0.959
1741951131.933,4.1,2.161,0.151,-0.501,1.4274,-2.044,5.9621,-154.5629,179.2701,-0.9403
1741951132.013,4.089,2.162,0.161,-0.502,1.4253,-2.0388,5.9616,-154.4897,179.324,-0.9561
1741951132.093,4.082,2.166,0.168,-0.506,1.4233,-2.0353,5.9619,-154.3018,179.2894,-0.8398
1741951132.172,4.073,2.164,0.177,-0.504,1.4207,-2.0301,5.9617,-154.215,179.2523,-1.0124
1741951132.252,4.068,2.161,0.182,-0.501,1.4174,-2.0234,5.9619,-154.1239,179.2882,-1.1408
1741951132.332,4.068,2.161,0.182,-0.501,1.4139,-2.0164,5.9619,-154.0444,179.2918,-1.0888
1741951132.411,4.058,2.165,0.192,-0.505,1.4108,-2.0102,5.9619,-154.0105,179.3592,-1.0614
1741951132.491,4.049,2.164,0.201,-0.504,1.4075,-2.0033,5.962,-153.946,179.4154,-1.0777
1741951132.57,4.041,2.165,0.209,-0.505,1.4045,-1.997,5.962,-153.85,179.5082,-1.0839
1741951132.65,4.03,2.155,0.22,-0.495,1.401,-1.9906,5.9619,-153.8852,179.4346,-1.0389
1741951132.73,4.03,2.155,0.22,-0.495,1.3979,-1.9845,5.9616,-153.8479,179.4288,-0.9926
1741951132.809,4.023,2.165,0.227,-0.505,1.3947,-1.9785,5.9613,-153.7927,179.4276,-0.9981
1741951132.889,4.013,2.164,0.237,-0.504,1.3915,-1.9728,5.9611,-153.7078,179.3668,-1.0379
1741951132.969,4.005,2.166,0.245,-0.506,1.3883,-1.9664,5.961,-153.5603,179.331,-1.0698
1741951133.048,3.994,2.165,0.256,-0.505,1.3855,-1.9608,5.9609,-153.418,179.3088,-1.0509
1741951133.128,3.994,2.165,0.256,-0.505,1.3825,-1.955,5.9607,-153.2626,179.2548,-1.0833
1741951133.208,3.989,2.165,0.261,-0.505,1.3792,-1.9491,5.9606,-153.1455,179.2285,-1.1497
1741951133.287,3.978,2.165,0.272,-0.505,1.3763,-1.9434,5.9606,-153.1146,179.2038,-1.1517
1741951133.367,3.972,2.167,0.278,-0.507,1.3728,-1.9372,5.9607,-153.0052,179.179,-1.1411
1741951133.447,3.962,2.166,0.288,-0.506,1.3697,-1.9313,5.9607,-152.8761,179.1281,-1.1771
1741951133.526,3.962,2.166,0.288,-0.506,1.3666,-1.9255,5.9609,-152.7372,179.1725,-1.147
1741951133.606,3.956,2.167,0.295,-0.507,1.3645,-1.9219,5.9606,-152.6745,179.3966,-1.062
1741951133.686,3.948,2.166,0.303,-0.506,1.3635,-1.9157,5.9574,-152.6332,179.5164,-1.0629
1741951133.765,3.942,2.167,0.309,-0.507,1.3593,-1.9093,5.9584,-152.4961,179.3197,-1.1168
1741951133.845,3.942,2.167,0.309,-0.507,1.3554,-1.9034,5.9598,-152.3946,179.2659,-1.1107
1741951133.925,3.933,2.166,0.318,-0.505,1.3516,-1.8974,5.9603,-152.3478,179.2422,-1.0156
1741951134.004,3.925,2.168,0.326,-0.507,1.3492,-1.8933,5.9603,-152.3112,179.2558,-0.9504
1741951134.084,3.917,2.169,0.334,-0.508,1.3468,-1.8888,5.9602,-152.2125,179.2853,-0.9501
1741951134.163,3.912,2.167,0.339,-0.506,1.3449,-1.8852,5.96,-152.1602,179.3163,-0.8814
1741951134.243,3.912,2.167,0.339,-0.506,1.3423,-1.8805,5.9597,-152.0763,179.2854,-0.9299
1741951134.323,3.905,2.167,0.347,-0.506,1.3391,-1.8746,5.9597,-151.964,179.2292,-0.9738
1741951134.402,3.899,2.166,0.353,-0.505,1.3354,-1.8681,5.9597,-151.8125,179.1778,-0.9848
1741951134.482,3.891,2.169,0.361,-0.508,1.3321,-1.8614,5.9597,-151.7263,179.1797,-0.975
1741951134.562,3.88,2.168,0.371,-0.507,1.3305,-1.8573,5.96,-152.0411,179.4356,-0.9411
1741951134.642,3.88,2.168,0.371,-0.507,1.3294,-1.8543,5.9601,-152.2186,179.5248,-1.0051
1741951134.721,3.875,2.167,0.376,-0.507,1.3283,-1.8511,5.96,-152.4123,179.7525,-0.9327
1741951134.801,3.868,2.167,0.382,-0.507,1.3251,-1.8457,5.9593,-152.7796,179.5299,-1.1381
1741951134.88,3.864,2.166,0.386,-0.506,1.3198,-1.8373,5.9599,-153.1812,178.7474,-1.6254
1741951134.96,3.855,2.167,0.395,-0.507,1.3144,-1.8276,5.9599,-152.7493,178.7262,-1.6011
1741951135.199,3.832,2.172,0.419,-0.511,1.3036,-1.8074,5.9591,-152.2277,179.0919,-1.474
1741951135.278,3.821,2.173,0.43,-0.512,1.3013,-1.8024,5.9596,-152.0369,178.9861,-1.5312
1741951135.358,3.815,2.173,0.437,-0.512,1.2989,-1.7991,5.9594,-151.9035,179.0113,-1.2468
1741951135.438,3.815,2.173,0.437,-0.512,1.2974,-1.7963,5.9591,-151.9369,178.9169,-1.075
1741951135.517,3.813,2.173,0.437,-0.513,1.297,-1.7936,5.9587,-152.8577,179.1091,-1.0753
1741951135.597,3.802,2.173,0.448,-0.513,1.2944,-1.7863,5.9583,-153.7954,179.0606,-1.0861
1741951135.677,3.797,2.169,0.454,-0.508,1.2912,-1.7768,5.9584,-154.9874,179.107,-1.0877
1741951135.756,3.789,2.165,0.463,-0.504,1.2871,-1.7663,5.9585,-155.5211,179.1996,-1.2202
1741951135.916,3.775,2.166,0.478,-0.505,1.2803,-1.751,5.9582,-155.7239,179.0431,-1.5167
1741951135.995,3.761,2.165,0.491,-0.504,1.2778,-1.7458,5.9583,-155.6649,179.014,-1.4825
1741951136.075,3.754,2.166,0.498,-0.505,1.2758,-1.7418,5.9582,-155.5453,178.9795,-1.3904
1741951136.155,3.75,2.164,0.502,-0.503,1.2735,-1.7373,5.9584,-155.4594,178.9534,-1.336
1741951136.234,3.75,2.164,0.502,-0.503,1.2711,-1.7308,5.9586,-155.3332,179.2033,-1.1722
1741951136.314,3.74,2.164,0.511,-0.503,1.2665,-1.722,5.9615,-155.1999,179.3591,-1.0273
1741951136.394,3.734,2.167,0.517,-0.506,1.2631,-1.7152,5.9617,-155.1518,179.4973,-0.8264
1741951136.473,3.721,2.165,0.53,-0.504,1.2609,-1.7111,5.959,-155.0887,179.5572,-0.5836
1741951136.553,3.712,2.163,0.539,-0.502,1.2584,-1.7058,5.9573,-155.0351,179.5195,-0.595
1741951136.633,3.712,2.163,0.539,-0.502,1.256,-1.7001,5.9566,-154.9672,179.4343,-0.7501
1741951136.712,3.701,2.162,0.55,-0.501,1.2526,-1.6933,5.957,-154.9185,179.2469,-0.9346
1741951136.792,3.696,2.164,0.554,-0.504,1.2484,-1.6858,5.9581,-154.4721,178.2815,-2.2921
1741951136.871,3.685,2.162,0.565,-0.502,1.2449,-1.6793,5.9578,-154.2378,178.3952,-2.1377
1741951136.951,3.676,2.162,0.574,-0.502,1.2416,-1.673,5.9574,-154.2533,178.5809,-1.8989
1741951137.031,3.676,2.162,0.574,-0.502,1.2387,-1.6668,5.9576,-154.1181,178.738,-1.6454
1741951137.11,3.664,2.162,0.586,-0.502,1.2364,-1.662,5.9573,-154.0425,178.8923,-1.436
1741951137.19,3.66,2.162,0.59,-0.502,1.234,-1.6567,5.957,-153.9599,179.0235,-1.32
1741951137.27,3.651,2.161,0.599,-0.501,1.2315,-1.6517,5.9566,-153.9325,179.0618,-1.2466
1741951137.349,3.646,2.161,0.604,-0.501,1.2282,-1.6452,5.9565,-153.7877,179.0048,-1.2461
1741951137.429,3.646,2.161,0.604,-0.501,1.2249,-1.6385,5.9563,-153.7166,179.0209,-1.1647
1741951137.509,3.634,2.162,0.616,-0.502,1.2216,-1.632,5.9563,-153.5926,179.0643,-1.1463
1741951137.588,3.627,2.163,0.623,-0.503,1.2188,-1.6258,5.9562,-153.5242,179.127,-1.2365
1741951137.668,3.615,2.163,0.635,-0.503,1.2153,-1.6197,5.956,-153.4533,179.0736,-1.1411
1741951137.748,3.606,2.165,0.644,-0.505,1.2119,-1.6132,5.9562,-153.4496,179.0404,-1.1025
1741951137.827,3.606,2.165,0.644,-0.505,1.2089,-1.6073,5.9561,-153.4785,179.0976,-1.1151
1741951137.907,3.602,2.163,0.648,-0.503,1.2055,-1.601,5.9563,-153.4653,179.047,-1.2652
1741951137.986,3.59,2.17,0.66,-0.51,1.2027,-1.596,5.9562,-153.1109,179.0606,-1.1397
1741951138.066,3.582,2.159,0.668,-0.499,1.1994,-1.5903,5.956,-153.0325,178.9878,-1.0694
1741951138.146,3.578,2.152,0.672,-0.492,1.1964,-1.5845,5.9558,-152.94,179.0102,-1.0672
1741951138.225,3.578,2.152,0.672,-0.492,1.1939,-1.5803,5.9558,-152.6939,179.1501,-1.0129
1741951138.305,3.567,2.154,0.683,-0.494,1.1909,-1.5749,5.9555,-152.728,179.0275,-1.1483
1741951138.385,3.56,2.153,0.69,-0.493,1.1875,-1.5676,5.9555,-152.7071,178.9215,-1.3169
1741951138.464,3.549,2.154,0.701,-0.494,1.1836,-1.5602,5.9554,-152.6419,178.8229,-1.2614
1741951138.544,3.541,2.158,0.71,-0.498,1.1797,-1.5533,5.9557,-152.5559,178.7566,-1.2111
1741951138.624,3.541,2.158,0.71,-0.498,1.1756,-1.5463,5.9557,-152.4936,178.7949,-1.0954
1741951138.703,3.531,2.163,0.72,-0.503,1.1706,-1.5368,5.9558,-152.3762,178.8881,-1.0688
1741951138.783,3.522,2.167,0.729,-0.506,1.1653,-1.5269,5.9555,-152.2931,178.9315,-0.9615
1741951138.863,3.51,2.165,0.741,-0.504,1.1625,-1.5184,5.9519,-152.3368,179.0387,-0.7879
1741951138.942,3.496,2.167,0.755,-0.506,1.1558,-1.5078,5.9533,-152.343,178.85,-1.0194
1741951139.181,3.47,2.171,0.781,-0.51,1.1401,-1.4798,5.9547,-152.0203,178.8611,-1.1694
1741951139.261,3.456,2.17,0.795,-0.509,1.1349,-1.4695,5.9543,-151.933,178.8297,-1.2886
1741951139.341,3.444,2.171,0.808,-0.51,1.1304,-1.4614,5.9539,-151.887,178.8167,-1.188
1741951139.5,3.429,2.172,0.823,-0.511,1.1207,-1.4434,5.9532,-151.7663,178.8723,-1.1576
1741951139.579,3.417,2.174,0.835,-0.513,1.1161,-1.4351,5.9529,-151.6047,178.9238,-1.1253
1741951139.659,3.402,2.172,0.852,-0.509,1.1105,-1.4276,5.953,-150.684,178.7672,-1.0296
1741951139.739,3.402,2.172,0.855,-0.507,1.1046,-1.4193,5.9531,-149.8005,178.7592,-0.9403
1741951139.818,3.392,2.175,0.866,-0.51,1.0994,-1.4108,5.9535,-149.788,178.7778,-0.8495
1741951139.898,3.384,2.181,0.874,-0.516,1.0946,-1.403,5.9532,-149.6224,178.8066,-0.6896
1741951139.978,3.377,2.183,0.881,-0.518,1.0893,-1.3933,5.9535,-149.6372,178.6006,-1.4764
1741951140.057,3.363,2.184,0.895,-0.519,1.0837,-1.384,5.9543,-149.6303,178.4485,-1.6812
1741951140.296,3.343,2.187,0.918,-0.52,1.0683,-1.3604,5.9531,-149.0575,178.5257,-1.0311
1741951140.376,3.333,2.188,0.928,-0.521,1.0635,-1.3521,5.9527,-148.9894,178.7241,-0.8875
1741951140.456,3.322,2.19,0.939,-0.523,1.0586,-1.3439,5.9527,-148.944,178.944,-0.661
1741951140.774,3.284,2.191,0.976,-0.524,1.0384,-1.3116,5.9531,-149.1283,178.7916,-0.8156
1741951141.093,3.247,2.199,1.014,-0.532,1.018,-1.2793,5.9518,-148.9056,178.7571,-0.7377
1741951141.172,3.238,2.199,1.023,-0.532,1.0131,-1.271,5.9516,-148.8695,178.7477,-0.7572
1741951141.65,3.185,2.205,1.079,-0.535,0.9827,-1.2232,5.9517,-148.1579,177.3134,-2.6204
1741951141.81,3.168,2.204,1.097,-0.534,0.9732,-1.2078,5.9495,-148.0958,178.2459,-1.6431
1741951141.889,3.16,2.207,1.104,-0.537,0.97,-1.2016,5.9504,-148.1123,178.3994,-1.3015
1741951142.049,3.137,2.209,1.122,-0.543,0.9622,-1.1875,5.9512,-149.2937,178.4484,-0.9462
1741951142.367,3.086,2.199,1.166,-0.537,0.9459,-1.1548,5.9505,-151.4285,178.7507,-0.3549
1741951142.447,3.076,2.201,1.176,-0.539,0.9416,-1.1469,5.9503,-151.3843,178.74,-0.375
1741951142.526,3.076,2.201,1.177,-0.539,0.9374,-1.1396,5.9503,-151.2222,178.5668,-0.4263
1741951142.606,3.067,2.199,1.186,-0.537,0.9333,-1.1321,5.9508,-151.2062,178.5158,-0.4546
1741951142.805,3.046,2.2,1.207,-0.538,0.9221,-1.1118,5.9499,-151.0488,178.6363,-0.2944
1741951142.885,3.034,2.2,1.219,-0.538,0.9176,-1.1055,5.9488,-150.9629,178.5687,-0.3076
1741951142.964,3.029,2.201,1.224,-0.539,0.9137,-1.098,5.9493,-151.0741,178.7455,-0.2769
1741951143.044,3.012,2.203,1.242,-0.54,0.9092,-1.0887,5.9494,-150.8135,178.6532,-0.4023
1741951143.124,3.012,2.203,1.242,-0.54,0.905,-1.0807,5.9499,-150.6895,178.6706,-0.5846
1741951143.203,3.002,2.205,1.252,-0.542,0.9006,-1.0733,5.95,-150.6623,178.5846,-0.4221
1741951143.283,2.99,2.204,1.262,-0.542,0.8967,-1.065,5.9497,-151.4438,178.5362,-0.3599
1741951143.363,2.982,2.203,1.268,-0.543,0.8937,-1.0561,5.9497,-153.0714,178.4888,-0.3749
1741951143.442,2.973,2.201,1.277,-0.541,0.8903,-1.0479,5.9501,-153.7532,178.5875,-0.4352
1741951143.602,2.954,2.198,1.296,-0.538,0.8832,-1.0333,5.9496,-153.5629,178.6821,-0.621
1741951143.681,2.945,2.199,1.305,-0.539,0.8798,-1.0264,5.9495,-153.5924,178.702,-0.5515
1741951143.761,2.941,2.2,1.309,-0.54,0.8765,-1.0198,5.95,-153.6587,178.7393,-0.5943
1741951143.841,2.926,2.201,1.324,-0.541,0.8733,-1.0139,5.9502,-153.6202,178.7838,-0.5279
1741951143.92,2.926,2.201,1.324,-0.541,0.8697,-1.0067,5.9507,-153.5101,178.6899,-0.5568
1741951144.0,2.916,2.2,1.334,-0.54,0.8663,-1.0004,5.9504,-153.3684,178.5865,-0.4777
1741951144.079,2.908,2.2,1.342,-0.54,0.8627,-0.9929,5.9503,-153.3077,178.552,-0.4018
1741951144.159,2.896,2.199,1.354,-0.539,0.8588,-0.986,5.95,-153.2629,178.6005,-0.3667
1741951144.239,2.889,2.2,1.361,-0.54,0.8545,-0.9776,5.9496,-153.1695,178.4943,-0.5368
1741951144.558,2.855,2.199,1.395,-0.539,0.8386,-0.9453,5.9498,-152.9044,178.7404,-0.3002
1741951144.637,2.843,2.199,1.407,-0.539,0.8345,-0.9377,5.9502,-152.8669,178.6805,-0.0598
1741951145.195,2.784,2.202,1.466,-0.542,0.8034,-0.8788,5.9487,-152.5288,179.1078,0.3609
1741951145.354,2.76,2.202,1.491,-0.541,0.7935,-0.8606,5.9494,-152.3293,178.3968,-0.492
1741951148.938,2.356,2.199,1.9,-0.533,0.6142,-0.4895,5.9479,-157.8069,178.7839,0.4558
1741951149.496,2.297,2.195,1.959,-0.53,0.5914,-0.4344,5.9467,-157.5736,179.3377,-0.1837
1741951149.655,2.277,2.194,1.976,-0.531,0.5847,-0.4198,5.9457,-156.6287,178.7898,-0.0356
1741951149.734,2.261,2.194,1.992,-0.531,0.5798,-0.4078,5.9465,-156.4747,178.6783,-0.0583
1741951155.987,1.529,2.201,2.721,-0.541,0.2669,0.2498,5.939,-154.1313,-179.9335,1.8267
1741951156.067,1.521,2.202,2.729,-0.542,0.2642,0.2547,5.9376,-154.1312,-179.9468,1.9708
1741951157.5,1.338,2.209,2.913,-0.548,0.1713,0.4158,5.9394,-151.5081,177.5844,0.8903
1741951158.376,1.232,2.207,3.029,-0.527,0.1471,0.5301,5.9353,-161.3094,-179.0114,-1.2487
1741951158.456,1.226,2.203,3.035,-0.524,0.1473,0.5361,5.9353,-161.1637,-178.4094,-1.1988
1741951159.332,1.097,2.189,3.153,-0.528,0.0864,0.6401,5.9318,-154.9882,179.6,0.4389
1741951159.412,1.097,2.189,3.154,-0.528,0.087,0.6385,5.9297,-155.4054,-178.6725,2.8791
1741951159.491,1.094,2.188,3.157,-0.527,0.0877,0.6376,5.9291,-155.447,-178.921,2.223
1741951159.571,1.095,2.188,3.156,-0.527,0.0876,0.6372,5.9292,-155.4421,-179.3864,1.5912
1741951159.651,1.095,2.186,3.156,-0.525,0.0917,0.6328,5.9257,-155.4524,-179.8614,0.9493
1741951159.73,1.096,2.188,3.155,-0.527,0.0966,0.6177,5.9263,-155.3319,179.5661,0.7856
1741951160.049,1.16,2.184,3.091,-0.522,0.1359,0.5523,5.9352,-156.2267,-177.921,-1.7131
1741951160.129,1.186,2.186,3.066,-0.523,0.1427,0.5354,5.9347,-156.5072,-178.1195,-1.179
1741951160.447,1.255,2.197,2.998,-0.532,0.1677,0.465,5.9353,-157.6286,-179.5012,1.5261
1741951160.527,1.274,2.198,2.979,-0.533,0.1736,0.455,5.9364,-157.3275,-178.9012,1.1988
1741951160.606,1.274,2.198,2.978,-0.535,0.1771,0.4501,5.9384,-156.8164,-179.105,-0.3982
1741951160.686,1.292,2.196,2.96,-0.532,0.1805,0.4451,5.9402,-156.9596,-179.3001,-1.9631
1741951160.766,1.304,2.194,2.948,-0.53,0.1868,0.4338,5.9408,-156.9374,-179.1198,-2.6185
1741951161.244,1.423,2.209,2.828,-0.547,0.2308,0.3097,5.9411,-156.1317,-179.1245,1.5666
1741951161.324,1.451,2.214,2.801,-0.551,0.2357,0.2981,5.9417,-156.5434,-179.0502,1.8208
1741951161.722,1.531,2.223,2.731,-0.546,0.2679,0.2168,5.9376,-160.6306,179.3425,-1.9945
1741951161.961,1.581,2.23,2.687,-0.544,0.2843,0.1728,5.9392,-162.3009,179.3226,-0.5379
1741951163.952,1.685,2.244,2.573,-0.574,0.3014,0.0989,5.9415,-159.0475,179.3442,0.1212
1741951164.031,1.679,2.243,2.578,-0.573,0.298,0.1069,5.9415,-158.9956,179.2719,0.0442
1741951165.067,1.532,2.238,2.718,-0.578,0.242,0.2205,5.9382,-152.6421,179.4,0.4017
1741951165.146,1.533,2.237,2.717,-0.577,0.2424,0.22,5.9385,-152.5885,179.4408,0.322
1741951165.226,1.534,2.238,2.716,-0.578,0.2425,0.2198,5.9386,-152.5483,179.4551,0.2494
1741951165.306,1.534,2.238,2.716,-0.578,0.242,0.2216,5.9399,-152.5075,179.3524,-0.1579
1741951165.385,1.535,2.237,2.715,-0.577,0.242,0.2217,5.94,-152.5091,179.3376,-0.2277
1741951165.465,1.536,2.238,2.714,-0.578,0.242,0.2218,5.9401,-152.5087,179.3688,-0.2056
1741951165.544,1.535,2.237,2.715,-0.576,0.2412,0.2246,5.944,-152.3766,179.453,-0.1318
1741951165.624,1.536,2.238,2.714,-0.578,0.2412,0.2244,5.9437,-152.412,179.5045,-0.0984
1741951165.704,1.536,2.238,2.714,-0.578,0.2413,0.2242,5.9435,-152.3965,179.4481,-0.1656
1741951165.783,1.535,2.236,2.715,-0.576,0.2413,0.2241,5.9433,-152.4261,179.4679,-0.1094
1741951165.863,1.535,2.238,2.715,-0.578,0.2412,0.2241,5.943,-152.5409,179.8302,0.046
1741951165.943,1.535,2.238,2.715,-0.578,0.2414,0.224,5.9429,-152.5036,179.7571,0.0078
1741951166.022,1.536,2.239,2.714,-0.579,0.2419,0.2232,5.9426,-152.4814,179.7088,0.1113
1741951166.102,1.536,2.239,2.714,-0.579,0.2416,0.2234,5.9424,-152.5772,179.4786,-0.0353
1741951166.182,1.536,2.236,2.714,-0.576,0.2416,0.2233,5.9422,-152.5076,179.4221,-0.071
1741951166.262,1.536,2.237,2.714,-0.577,0.2417,0.2229,5.942,-152.497,179.455,0.0714
1741951166.341,1.535,2.238,2.715,-0.578,0.242,0.2219,5.9415,-152.5625,179.4783,0.2349
1741951166.421,1.536,2.237,2.714,-0.577,0.2422,0.2211,5.9403,-152.5803,179.4309,0.1871
1741951166.5,1.536,2.237,2.714,-0.576,0.2424,0.2201,5.9389,-152.3729,179.5644,-0.2857
1741951166.58,1.535,2.238,2.715,-0.577,0.2423,0.2204,5.9391,-152.3784,179.4935,-0.2985
1741951166.66,1.534,2.238,2.716,-0.577,0.2423,0.2205,5.9394,-152.3532,179.4678,-0.3226
1741951166.739,1.534,2.239,2.716,-0.578,0.2423,0.2203,5.9395,-152.3072,179.5986,-0.4295
1741951166.819,1.535,2.239,2.715,-0.578,0.2424,0.2201,5.9395,-152.2742,179.55,-0.4856
1741951166.899,1.535,2.239,2.715,-0.578,0.2424,0.22,5.9395,-152.2606,179.5023,-0.5001
1741951166.978,1.534,2.239,2.716,-0.578,0.2425,0.2198,5.9395,-152.2433,179.4834,-0.5219
1741951167.058,1.535,2.239,2.715,-0.578,0.2425,0.2197,5.9395,-152.2408,179.453,-0.544
1741951167.138,1.534,2.238,2.716,-0.577,0.2425,0.2196,5.9395,-152.2051,179.4771,-0.588
1741951167.218,1.533,2.238,2.717,-0.577,0.2425,0.2196,5.9395,-152.1921,179.4463,-0.58
1741951167.297,1.533,2.238,2.717,-0.577,0.2426,0.2195,5.9395,-152.1776,179.4109,-0.5779
1741951167.376,1.536,2.238,2.714,-0.577,0.2426,0.2195,5.9395,-152.1919,179.3798,-0.582
1741951167.456,1.533,2.239,2.718,-0.578,0.2427,0.2192,5.9395,-152.121,179.3863,-0.6665
1741951167.536,1.533,2.238,2.718,-0.577,0.2434,0.2176,5.9395,-151.787,179.4702,-0.7011
1741951167.616,1.533,2.238,2.719,-0.575,0.2449,0.2135,5.9394,-150.8812,179.517,-0.7828
1741951167.695,1.537,2.237,2.717,-0.571,0.2467,0.2068,5.9392,-149.3503,179.4748,-0.8075
1741951167.775,1.54,2.239,2.719,-0.566,0.2493,0.1992,5.9391,-147.4387,179.4539,-0.8685
1741951167.854,1.551,2.247,2.712,-0.568,0.2513,0.194,5.9403,-146.0472,179.7583,-0.9621
1741951167.934,1.57,2.258,2.702,-0.567,0.2548,0.1852,5.94,-144.0958,179.7886,-0.8105
1741951169.925,1.687,2.228,2.568,-0.561,0.3316,0.093,5.9399,-148.9829,179.9125,-1.0467
1741951170.084,1.691,2.223,2.562,-0.559,0.3372,0.0863,5.9409,-150.205,179.7886,-1.3012
1741951170.244,1.701,2.218,2.55,-0.557,0.3437,0.0778,5.942,-151.6693,179.6126,-1.2854
1741951170.323,1.706,2.215,2.544,-0.555,0.3478,0.0723,5.9422,-152.6207,179.6233,-1.2414
1741951170.483,1.712,2.21,2.539,-0.549,0.3561,0.057,5.9453,-155.0703,179.5347,-1.1924
1741951170.562,1.723,2.207,2.529,-0.545,0.3614,0.0507,5.9437,-156.1132,179.6451,-1.3077
1741951170.642,1.736,2.206,2.517,-0.542,0.3661,0.0443,5.9425,-157.0936,179.6418,-1.2538
1741951170.722,1.746,2.204,2.509,-0.538,0.3701,0.0384,5.9427,-157.8554,179.7044,-1.2935
1741951170.801,1.746,2.204,2.509,-0.538,0.373,0.0318,5.9428,-157.9405,179.6287,-1.2168
1741951170.881,1.753,2.205,2.502,-0.539,0.3761,0.0237,5.943,-157.9711,179.5574,-1.1984
1741951170.961,1.763,2.207,2.492,-0.541,0.379,0.017,5.9432,-157.9653,179.563,-1.2701
1741951171.04,1.775,2.207,2.48,-0.541,0.3817,0.0099,5.9433,-157.918,179.5877,-1.2749
1741951171.12,1.784,2.209,2.471,-0.543,0.3846,0.0024,5.9433,-157.9277,179.5703,-1.1758
1741951171.199,1.784,2.209,2.471,-0.543,0.3874,-0.005,5.9432,-157.9091,179.5585,-1.1485
1741951171.279,1.793,2.212,2.46,-0.548,0.3891,-0.0122,5.9433,-157.0017,179.5708,-1.1931
1741951171.359,1.806,2.211,2.445,-0.55,0.3903,-0.0187,5.9434,-155.5232,179.5174,-1.2379
1741951171.439,1.81,2.213,2.44,-0.553,0.3922,-0.0254,5.9431,-154.4355,179.5332,-1.2794
1741951171.518,1.819,2.214,2.431,-0.554,0.3949,-0.0314,5.9435,-154.3113,179.4547,-1.3602
1741951171.598,1.819,2.214,2.431,-0.554,0.3979,-0.0375,5.9435,-154.3523,179.4308,-1.3255
1741951171.677,1.826,2.214,2.424,-0.554,0.4013,-0.0447,5.9438,-154.4253,179.474,-1.2814
1741951171.757,1.835,2.212,2.415,-0.552,0.4048,-0.051,5.944,-154.4752,179.5622,-1.3023
1741951171.837,1.843,2.213,2.407,-0.553,0.4085,-0.0582,5.9441,-154.4689,179.6066,-1.3024
1741951171.916,1.854,2.214,2.396,-0.554,0.4129,-0.0661,5.9445,-154.477,179.6712,-1.4153
1741951172.315,1.917,2.214,2.334,-0.553,0.4449,-0.132,5.9457,-155.1698,179.7612,-1.3918
1741951172.554,1.953,2.213,2.298,-0.552,0.4614,-0.1652,5.9472,-155.4978,179.8019,-1.5361
1741951172.633,1.968,2.196,2.283,-0.535,0.4666,-0.1756,5.9476,-155.619,179.8539,-1.5899
1741951172.713,1.986,2.187,2.265,-0.525,0.4727,-0.1891,5.9472,-155.8179,179.8271,-1.5136
1741951172.952,2.021,2.19,2.231,-0.528,0.4899,-0.2273,5.9482,-156.1671,179.7022,-1.4916
1741951173.031,2.038,2.192,2.214,-0.53,0.4957,-0.2397,5.9477,-156.2329,179.7241,-1.4108
1741951173.27,2.07,2.192,2.183,-0.529,0.5122,-0.2747,5.9473,-156.671,-179.8854,-1.5376
1741951173.35,2.085,2.192,2.168,-0.529,0.5167,-0.2845,5.9479,-156.7702,-179.8594,-1.5628
1741951173.43,2.1,2.193,2.154,-0.529,0.5217,-0.2955,5.9484,-156.9167,-179.8103,-1.5969
1741951173.589,2.117,2.196,2.137,-0.532,0.5307,-0.3166,5.9494,-157.034,-179.9276,-1.4163
1741951173.669,2.131,2.196,2.123,-0.532,0.5367,-0.3297,5.9492,-157.1682,-179.8662,-1.2642
1741951173.748,2.145,2.197,2.109,-0.533,0.5417,-0.3407,5.9492,-157.1626,-179.806,-1.1835
1741951173.828,2.162,2.197,2.093,-0.532,0.5466,-0.3521,5.949,-157.3549,-179.7267,-1.1312
1741951174.067,2.194,2.198,2.062,-0.532,0.5598,-0.3825,5.9489,-157.6614,-179.7484,-1.4393
1741951174.147,2.209,2.2,2.047,-0.534,0.5644,-0.3936,5.9496,-157.7662,-179.8232,-1.5382
1741951174.226,2.224,2.2,2.033,-0.534,0.5691,-0.405,5.9499,-157.9937,-179.7415,-1.5648
1741951174.624,2.285,2.206,1.975,-0.537,0.5946,-0.4614,5.9501,-158.8619,-178.8706,-1.4499
1741951174.863,2.317,2.209,1.943,-0.54,0.6071,-0.4946,5.9515,-158.8121,-179.1655,-1.2019
1741951174.943,2.33,2.21,1.93,-0.54,0.6115,-0.5062,5.9512,-158.925,-179.206,-0.9767
1741951175.023,2.348,2.212,1.912,-0.543,0.6166,-0.5182,5.9511,-158.8556,-179.3621,-0.9183
1741951175.182,2.362,2.214,1.898,-0.544,0.6255,-0.5388,5.9517,-158.911,-179.5515,-1.2474
1741951175.263,2.379,2.216,1.883,-0.544,0.6297,-0.549,5.952,-159.4423,-179.6059,-1.1054
1741951175.341,2.393,2.215,1.872,-0.541,0.6339,-0.5588,5.9525,-159.9745,-179.294,-1.1953
1741951175.421,2.412,2.219,1.856,-0.543,0.6383,-0.5692,5.954,-160.5383,-179.3428,-1.1709
1741951175.74,2.46,2.228,1.811,-0.549,0.6557,-0.6177,5.9528,-161.0785,-179.1384,-1.1898
1741951175.819,2.473,2.231,1.798,-0.552,0.6605,-0.6296,5.9523,-161.018,-179.0284,-1.1415
1741951176.217,2.538,2.235,1.736,-0.554,0.6828,-0.6878,5.9518,-161.515,-178.9244,-0.7149
1741951176.377,2.557,2.236,1.711,-0.56,0.6886,-0.7099,5.9514,-160.4711,-179.4389,-0.7823
1741951176.456,2.57,2.238,1.689,-0.57,0.6917,-0.7225,5.9506,-158.5026,-179.4829,-0.7483
1741951176.536,2.577,2.237,1.678,-0.573,0.695,-0.7326,5.9515,-157.0928,-179.5519,-0.918
1741951176.616,2.579,2.236,1.676,-0.572,0.6993,-0.7436,5.9516,-157.0441,-179.4516,-0.6915
1741951176.854,2.617,2.236,1.639,-0.571,0.714,-0.7765,5.9524,-157.3965,-179.4301,-1.3196
1741951176.934,2.633,2.237,1.623,-0.572,0.7192,-0.7886,5.9526,-157.5186,-179.3991,-1.2142
1741951177.014,2.645,2.237,1.611,-0.572,0.7236,-0.7987,5.9531,-157.4311,-179.5666,-1.2021
1741951177.253,2.676,2.238,1.58,-0.573,0.738,-0.8313,5.9528,-157.5523,-179.6169,-0.9971
1741951177.332,2.686,2.239,1.572,-0.573,0.7428,-0.8415,5.9526,-157.9021,-178.8685,-0.8737
1741951177.412,2.704,2.24,1.554,-0.573,0.7473,-0.8509,5.9532,-158.0064,-178.9144,-1.0527
1741951177.571,2.716,2.241,1.542,-0.575,0.7559,-0.8698,5.9536,-157.9422,-179.0626,-1.0018
1741951177.731,2.74,2.243,1.518,-0.577,0.7638,-0.8901,5.9532,-157.9503,-179.1216,-0.5005
1741951177.81,2.747,2.243,1.511,-0.576,0.7676,-0.8996,5.9537,-158.0562,-179.2106,-0.467
1741951178.049,2.784,2.247,1.473,-0.581,0.7828,-0.9348,5.9496,-157.7683,-178.7916,-0.6427
1741951178.209,2.803,2.249,1.457,-0.581,0.7861,-0.9463,5.9595,-158.4746,-179.1323,-1.0686
1741951178.608,2.862,2.255,1.4,-0.586,0.8084,-0.9971,5.9512,-158.7562,-179.9557,-1.6007
1741951178.766,2.874,2.254,1.388,-0.584,0.8136,-1.0113,5.9559,-158.9208,-179.7783,-1.5115
1741951178.846,2.88,2.257,1.381,-0.588,0.8166,-1.0184,5.9571,-158.6933,-179.8339,-2.2843
1741951178.925,2.891,2.257,1.367,-0.591,0.8197,-1.0272,5.957,-157.8352,-179.6577,-2.0215
1741951179.244,2.924,2.256,1.332,-0.591,0.8364,-1.0659,5.9544,-157.2488,-178.9564,-0.6386
1741951179.324,2.943,2.256,1.313,-0.591,0.841,-1.0754,5.9543,-157.2391,-178.9849,-0.6618
1741951179.802,2.987,2.26,1.27,-0.594,0.859,-1.1198,5.9562,-157.6218,-179.4565,-0.9102
1741951180.12,3.037,2.263,1.217,-0.6,0.8792,-1.167,5.9555,-156.6277,-179.5165,-0.7535
1741951180.439,3.072,2.266,1.182,-0.603,0.8941,-1.2031,5.9577,-156.3536,-179.8314,-0.1679
1741951181.554,3.208,2.273,1.045,-0.611,0.9522,-1.3272,5.9566,-156.1496,-179.2228,-2.1465
1741951181.633,3.219,2.273,1.034,-0.611,0.9563,-1.3349,5.957,-156.0801,-179.2364,-1.7188
1741951181.713,3.234,2.271,1.019,-0.609,0.9603,-1.3448,5.9575,-156.1004,-179.1419,-0.8607
1741951182.509,3.331,2.278,0.922,-0.616,0.9994,-1.4323,5.9585,-156.2023,-178.8606,0.452
1741951182.589,3.331,2.278,0.922,-0.616,0.9997,-1.4319,5.9593,-156.044,-178.8373,0.3328
1741951182.669,3.333,2.276,0.92,-0.614,0.9994,-1.4312,5.9599,-156.0394,-178.917,0.2097
1741951182.748,3.334,2.276,0.919,-0.614,0.9984,-1.4336,5.9572,-156.0022,-179.0152,0.5427
1741951182.828,3.335,2.276,0.918,-0.614,0.9933,-1.428,5.9598,-155.8411,-179.6991,-0.0888
1741951182.908,3.335,2.276,0.918,-0.614,0.9931,-1.4279,5.9598,-155.9295,-179.4295,-0.3901
1741951182.987,3.335,2.276,0.917,-0.615,0.9931,-1.4276,5.96,-155.6602,-179.6319,-0.2779
1741951183.067,3.335,2.276,0.917,-0.614,0.9932,-1.4276,5.9599,-155.7548,-179.7345,-0.4603
1741951183.146,3.335,2.275,0.916,-0.614,0.993,-1.4273,5.9599,-155.0711,-179.4761,0.0346
1741951183.226,3.334,2.276,0.918,-0.615,0.9939,-1.4284,5.9599,-155.3787,-179.1905,-0.163
1741951183.306,3.334,2.276,0.92,-0.613,0.9985,-1.4335,5.9593,-156.2869,-178.3176,0.2338
1741951183.385,3.334,2.276,0.918,-0.615,1.0037,-1.4395,5.9589,-155.5041,-178.8742,-0.9765
1741951183.943,3.384,2.279,0.868,-0.618,1.0237,-1.485,5.9584,-155.5019,-179.3538,-2.0076
1741951184.022,3.391,2.279,0.861,-0.618,1.0271,-1.4882,5.9591,-155.6522,-179.0978,-1.8999
1741951184.103,3.391,2.277,0.861,-0.616,1.0285,-1.4897,5.9599,-155.3743,-178.5743,-1.5059
1741951184.182,3.399,2.277,0.853,-0.616,1.0296,-1.491,5.9601,-155.6204,-178.5382,-0.9458
1741951184.262,3.403,2.274,0.848,-0.613,1.0302,-1.4873,5.9619,-152.261,-179.4003,-2.8484
1741951184.341,3.398,2.273,0.855,-0.611,1.0329,-1.492,5.9634,-155.8633,-176.6874,-1.5951
1741951185.615,3.561,2.287,0.695,-0.623,1.0992,-1.6394,5.963,-157.0546,-177.6404,0.8813
1741951186.492,3.637,2.29,0.62,-0.626,1.1268,-1.7058,5.9615,-157.0911,-177.9706,1.6775
1741951186.571,3.631,2.29,0.624,-0.627,1.1209,-1.7001,5.9622,-156.685,-178.5288,1.4336
1741951186.651,3.636,2.29,0.62,-0.626,1.1199,-1.6991,5.963,-156.9014,-178.1348,1.3561
1741951186.731,3.636,2.291,0.619,-0.628,1.1194,-1.698,5.9636,-156.5564,-178.4101,1.4888
1741951186.81,3.632,2.291,0.626,-0.626,1.1186,-1.6974,5.9639,-157.3766,-177.6527,1.835
1741951186.89,3.632,2.291,0.625,-0.627,1.1184,-1.6971,5.9642,-157.1763,-177.8416,1.6668
1741951186.97,3.633,2.29,0.622,-0.627,1.1182,-1.6966,5.9645,-156.7204,-177.9608,1.6117
1741951187.049,3.631,2.29,0.623,-0.627,1.118,-1.6963,5.9648,-156.4408,-178.1894,1.416
1741951187.129,3.635,2.291,0.619,-0.629,1.1179,-1.696,5.965,-156.2164,-178.454,1.2477
1741951187.208,3.631,2.29,0.622,-0.628,1.1178,-1.6958,5.9652,-156.0654,-178.6096,1.2174
1741951187.288,3.631,2.29,0.622,-0.628,1.1176,-1.6955,5.9653,-156.0327,-178.3816,1.4208
1741951187.368,3.629,2.29,0.629,-0.625,1.1172,-1.6956,5.9653,-157.49,-177.3683,1.9645
1741951187.447,3.637,2.289,0.621,-0.624,1.1172,-1.6954,5.9654,-157.4251,-177.6785,1.6792
1741951187.527,3.635,2.29,0.623,-0.625,1.1172,-1.6954,5.9656,-157.391,-178.1121,1.3356
1741951187.607,3.628,2.289,0.63,-0.624,1.1172,-1.6953,5.9658,-157.3116,-178.4481,1.0874
1741951187.687,3.628,2.289,0.629,-0.624,1.1172,-1.6953,5.9659,-157.2229,-178.6721,0.8866
1741951187.766,3.636,2.291,0.621,-0.627,1.1172,-1.6953,5.966,-157.1319,-178.8463,0.7478
1741951187.846,3.632,2.29,0.625,-0.626,1.1171,-1.6951,5.9662,-157.0409,-178.9194,0.6482
1741951187.925,3.631,2.29,0.625,-0.626,1.1171,-1.6949,5.9663,-156.9772,-178.9414,0.5847
1741951188.005,3.636,2.29,0.62,-0.626,1.117,-1.6947,5.9664,-156.9318,-178.9641,0.5475
1741951188.085,3.636,2.29,0.62,-0.626,1.117,-1.6945,5.9666,-156.8903,-178.9803,0.5074
1741951188.164,3.636,2.29,0.62,-0.626,1.1169,-1.6944,5.9667,-156.8642,-178.9704,0.4929
1741951188.244,3.631,2.291,0.625,-0.627,1.1168,-1.6942,5.9668,-156.8276,-178.9668,0.485
1741951188.324,3.629,2.289,0.627,-0.625,1.1168,-1.694,5.9669,-156.8122,-178.9671,0.4854
1741951188.403,3.629,2.29,0.627,-0.626,1.1167,-1.6939,5.967,-156.8024,-178.9784,0.4814
1741951188.483,3.629,2.29,0.627,-0.626,1.1167,-1.6937,5.9672,-156.7918,-178.9814,0.4882
1741951188.563,3.635,2.29,0.621,-0.626,1.1166,-1.6936,5.9673,-156.7792,-178.9818,0.4855
1741951188.642,3.632,2.291,0.624,-0.627,1.1166,-1.6934,5.9674,-156.7817,-178.9674,0.4778
1741951188.722,3.631,2.291,0.625,-0.627,1.1165,-1.6933,5.9675,-156.7678,-178.9876,0.4702
1741951188.802,3.632,2.29,0.624,-0.627,1.1165,-1.6932,5.9676,-156.7576,-179.0154,0.4592
1741951188.881,3.632,2.29,0.624,-0.627,1.1165,-1.693,5.9676,-156.7624,-179.01,0.4777
1741951188.961,3.631,2.29,0.625,-0.627,1.1164,-1.6929,5.9677,-156.7584,-178.9899,0.4893
1741951189.04,3.631,2.289,0.624,-0.626,1.1164,-1.6928,5.9678,-156.7428,-179.0251,0.4807
1741951189.12,3.635,2.291,0.62,-0.628,1.1164,-1.6927,5.9679,-156.7457,-179.035,0.4853
1741951189.2,3.631,2.29,0.625,-0.627,1.1163,-1.6926,5.968,-156.7673,-178.9882,0.4861
1741951189.279,3.631,2.29,0.624,-0.627,1.1163,-1.6925,5.9681,-156.7516,-178.994,0.4703
1741951189.359,3.631,2.291,0.625,-0.627,1.1162,-1.6924,5.9681,-156.7839,-178.9708,0.4826
1741951189.439,3.634,2.291,0.622,-0.627,1.1162,-1.6923,5.9682,-156.7819,-178.9809,0.4875
1741951189.518,3.633,2.289,0.623,-0.625,1.1162,-1.6921,5.9683,-156.7786,-178.9738,0.4935
1741951189.598,3.633,2.289,0.623,-0.625,1.1161,-1.692,5.9684,-156.7857,-178.9571,0.5037
1741951189.678,3.636,2.289,0.62,-0.625,1.1161,-1.6919,5.9685,-156.7859,-178.9813,0.5013
1741951189.757,3.633,2.29,0.623,-0.626,1.1161,-1.6918,5.9685,-156.7788,-178.9823,0.5051
1741951189.837,3.636,2.29,0.62,-0.626,1.116,-1.6917,5.9686,-156.781,-178.9764,0.4879
1741951189.917,3.631,2.29,0.623,-0.627,1.1167,-1.6922,5.9687,-156.4042,-178.6846,0.7221
1741951189.998,3.631,2.29,0.622,-0.628,1.1213,-1.6977,5.9685,-155.9596,-177.8398,1.0091
1741951190.872,3.785,2.303,0.48,-0.634,1.1827,-1.8334,5.9723,-158.767,-177.5189,1.7551
1741951191.111,3.778,2.301,0.478,-0.637,1.1715,-1.8188,5.9734,-156.7856,179.4968,0.1021
1741951191.191,3.778,2.301,0.488,-0.631,1.1694,-1.8181,5.973,-158.9109,-178.3665,0.5616
1741951191.27,3.777,2.301,0.496,-0.627,1.1683,-1.8171,5.9727,-159.9534,-176.7105,1.5663
1741951191.35,3.777,2.3,0.49,-0.629,1.1755,-1.8237,5.9797,-159.1162,-177.3993,0.891
1741951191.43,3.777,2.301,0.49,-0.631,1.1752,-1.8235,5.9794,-158.9659,-177.7457,0.8065
1741951191.51,3.777,2.302,0.489,-0.632,1.1749,-1.823,5.979,-158.8942,-178.2474,1.367
1741951191.589,3.777,2.302,0.487,-0.634,1.1746,-1.8226,5.9788,-158.4522,-178.755,1.2513
1741951191.669,3.781,2.302,0.482,-0.634,1.1745,-1.8225,5.9786,-158.4142,-179.1249,0.7868
1741951191.749,3.78,2.302,0.481,-0.635,1.1743,-1.8222,5.9784,-157.9072,-179.4336,0.4961
1741951191.828,3.78,2.302,0.478,-0.637,1.1741,-1.822,5.9781,-157.2678,-179.3522,0.4996
1741951191.908,3.777,2.301,0.481,-0.636,1.1754,-1.8236,5.9777,-157.3387,-179.141,0.8175
1741951191.987,3.777,2.301,0.482,-0.636,1.1781,-1.8279,5.9759,-157.5133,-178.4175,1.7174
1741951192.067,3.777,2.303,0.482,-0.637,1.1722,-1.8206,5.9764,-157.6394,-178.4346,1.3297
1741951192.147,3.779,2.301,0.481,-0.635,1.1719,-1.8204,5.9761,-157.7559,-178.6536,0.9472
1741951192.226,3.78,2.303,0.479,-0.638,1.1715,-1.8201,5.9758,-157.5381,-178.5269,0.736
1741951192.306,3.781,2.3,0.483,-0.632,1.1706,-1.8206,5.975,-158.4785,-178.0079,0.842
1741951192.386,3.781,2.3,0.48,-0.633,1.1705,-1.8201,5.9749,-157.9999,-178.1557,1.3793
1741951192.465,3.779,2.303,0.488,-0.632,1.1706,-1.8205,5.9745,-159.086,-177.144,1.6736
1741951192.545,3.778,2.301,0.48,-0.636,1.174,-1.8241,5.9741,-157.4164,-177.1424,2.1799
1741951192.625,3.777,2.302,0.482,-0.637,1.1809,-1.8315,5.9732,-157.4901,-177.1385,0.8107
1741951193.899,3.933,2.313,0.327,-0.647,1.2318,-1.9646,5.9742,-157.7299,-177.4051,3.0069
1741951195.572,4.124,2.332,0.147,-0.66,1.2961,-2.1265,5.9792,-159.4486,-179.5137,1.1242
1741951195.651,4.124,2.333,0.145,-0.662,1.2953,-2.1262,5.9791,-159.0964,-179.1646,1.0072
1741951195.731,4.127,2.332,0.141,-0.662,1.2951,-2.1261,5.979,-158.9029,-179.4018,0.8943
1741951195.811,4.126,2.332,0.145,-0.66,1.2947,-2.126,5.9789,-159.4337,-178.9341,1.0571
1741951195.892,4.126,2.333,0.144,-0.662,1.2946,-2.1259,5.9789,-159.2062,-179.2206,1.0521
1741951195.97,4.125,2.333,0.142,-0.663,1.2944,-2.1256,5.979,-158.7992,-179.2088,1.1027
1741951196.05,4.125,2.332,0.147,-0.66,1.2943,-2.1256,5.9789,-159.4803,-179.0982,1.3927
1741951196.129,4.126,2.333,0.151,-0.658,1.2944,-2.1263,5.9788,-160.1815,-178.5689,1.5594
1741951196.209,4.125,2.332,0.148,-0.659,1.2965,-2.129,5.9785,-159.5996,-178.2136,2.0788
1741951196.289,4.125,2.332,0.144,-0.661,1.2942,-2.1258,5.9789,-159.1148,-179.0961,1.1444
1741951196.368,4.125,2.333,0.144,-0.662,1.294,-2.1254,5.979,-159.1387,-179.3413,1.3781
1741951196.448,4.126,2.333,0.144,-0.662,1.294,-2.1252,5.979,-159.1906,-179.5626,1.4926
1741951196.527,4.127,2.332,0.141,-0.662,1.2987,-2.13,5.9827,-158.9497,-179.8058,1.2237
1741951196.607,4.126,2.331,0.143,-0.66,1.3012,-2.1322,5.985,-159.0716,-179.7353,0.9421
1741951196.687,4.126,2.331,0.143,-0.66,1.3009,-2.132,5.9848,-159.1384,-179.8384,1.1967
1741951196.766,4.128,2.333,0.146,-0.659,1.3004,-2.1319,5.9843,-159.7987,-179.1472,1.5065
1741951196.846,4.127,2.333,0.143,-0.662,1.3002,-2.1316,5.9842,-159.2002,-179.2721,1.5874
1741951196.926,4.125,2.333,0.141,-0.664,1.3,-2.1313,5.984,-158.7158,-179.4115,1.4883
1741951197.005,4.124,2.332,0.143,-0.663,1.2997,-2.1312,5.9838,-158.7561,-179.3194,1.4828
1741951197.085,4.124,2.332,0.149,-0.659,1.2988,-2.1314,5.983,-159.6291,-178.5001,1.8981
1741951197.164,4.127,2.333,0.146,-0.66,1.2987,-2.1314,5.983,-159.7058,-178.9284,1.4913
1741951197.244,4.125,2.334,0.147,-0.662,1.2996,-2.1333,5.9801,-159.5307,-179.0833,1.1126
1741951197.324,4.125,2.333,0.147,-0.66,1.2996,-2.1333,5.9801,-159.5707,-179.3665,0.5738
1741951197.404,4.127,2.333,0.146,-0.66,1.2995,-2.1333,5.9801,-159.5997,-179.5546,0.2032
1741951197.483,4.127,2.333,0.146,-0.66,1.2994,-2.1332,5.9801,-159.6186,-179.6238,-0.0193
1741951197.563,4.126,2.333,0.147,-0.66,1.2993,-2.1331,5.9801,-159.6499,-179.6407,-0.1569
1741951197.642,4.125,2.332,0.148,-0.659,1.2992,-2.133,5.9801,-159.6605,-179.6568,-0.2428
1741951197.722,4.124,2.333,0.149,-0.66,1.2991,-2.1329,5.9801,-159.6656,-179.6445,-0.2946
1741951197.802,4.127,2.333,0.146,-0.66,1.299,-2.1328,5.9801,-159.6725,-179.6496,-0.3239
1741951197.881,4.127,2.333,0.146,-0.66,1.2989,-2.1327,5.9801,-159.673,-179.6754,-0.3626
1741951197.961,4.126,2.334,0.147,-0.661,1.2988,-2.1325,5.98,-159.6861,-179.6457,-0.3318
1741951198.041,4.126,2.332,0.147,-0.659,1.2987,-2.1324,5.98,-159.6785,-179.6076,-0.3233
1741951198.12,4.126,2.332,0.147,-0.659,1.2986,-2.1323,5.98,-159.6826,-179.6316,-0.3327
1741951198.2,4.127,2.332,0.146,-0.659,1.2985,-2.1322,5.98,-159.683,-179.6702,-0.371
1741951198.28,4.127,2.332,0.146,-0.659,1.2984,-2.1321,5.98,-159.7021,-179.641,-0.3316
1741951198.359,4.126,2.333,0.147,-0.66,1.2984,-2.132,5.98,-159.6977,-179.7137,-0.3871
1741951198.439,4.126,2.333,0.147,-0.66,1.2983,-2.1319,5.98,-159.6788,-179.6822,-0.3593
1741951198.519,4.127,2.331,0.146,-0.658,1.2982,-2.1318,5.98,-159.6789,-179.6573,-0.3503
1741951198.598,4.126,2.331,0.147,-0.658,1.2981,-2.1317,5.98,-159.7088,-179.7581,-0.4307
1741951198.678,4.126,2.331,0.147,-0.658,1.2981,-2.1317,5.98,-159.7077,-179.7408,-0.4172
1741951198.758,4.126,2.333,0.147,-0.66,1.2979,-2.1315,5.98,-159.7134,-179.6585,-0.3842
1741951198.837,4.126,2.332,0.147,-0.659,1.2979,-2.1314,5.98,-159.7117,-179.6303,-0.3557
1741951198.917,4.125,2.331,0.148,-0.658,1.2978,-2.1314,5.98,-159.7168,-179.6465,-0.3691
1741951198.997,4.126,2.333,0.147,-0.66,1.2977,-2.1313,5.98,-159.7106,-179.6304,-0.3686
1741951199.076,4.126,2.333,0.147,-0.66,1.2976,-2.1312,5.98,-159.7074,-179.6377,-0.3773
1741951199.156,4.125,2.331,0.148,-0.658,1.2976,-2.1311,5.98,-159.6749,-179.6758,-0.3822
1741951199.235,4.124,2.334,0.149,-0.661,1.2975,-2.131,5.9799,-159.6997,-179.6352,-0.3618
1741951199.315,4.125,2.333,0.148,-0.66,1.2974,-2.1309,5.9799,-159.7083,-179.6392,-0.361
1741951199.395,4.125,2.333,0.148,-0.66,1.2974,-2.1308,5.9799,-159.6942,-179.6732,-0.3696
1741951199.474,4.125,2.333,0.148,-0.66,1.2973,-2.1307,5.9799,-159.6802,-179.6299,-0.3334
1741951199.554,4.127,2.332,0.146,-0.659,1.2972,-2.1306,5.9799,-159.6637,-179.6099,-0.3293
1741951199.634,4.126,2.333,0.147,-0.66,1.2971,-2.1306,5.9799,-159.6812,-179.6225,-0.3288
1741951199.713,4.126,2.332,0.147,-0.659,1.2971,-2.1305,5.9799,-159.664,-179.6338,-0.3301
1741951199.793,4.125,2.332,0.148,-0.659,1.297,-2.1304,5.9799,-159.6528,-179.6423,-0.3204
1741951199.873,4.125,2.332,0.148,-0.659,1.2969,-2.1304,5.9799,-159.7067,-179.6222,-0.3521
1741951199.952,4.126,2.332,0.147,-0.659,1.2969,-2.1303,5.9799,-159.6761,-179.6441,-0.3668
1741951200.032,4.125,2.332,0.148,-0.659,1.2968,-2.1302,5.9799,-159.6927,-179.6132,-0.3427
1741951200.112,4.125,2.332,0.148,-0.659,1.2968,-2.1301,5.9799,-159.7118,-179.6181,-0.3588
1741951200.191,4.125,2.331,0.148,-0.658,1.2967,-2.1301,5.9799,-159.6821,-179.636,-0.365
1741951200.271,4.125,2.331,0.148,-0.658,1.2967,-2.13,5.9799,-159.7123,-179.6323,-0.3598
1741951200.351,4.127,2.333,0.146,-0.66,1.2966,-2.1299,5.9799,-159.7028,-179.6388,-0.3474
1741951200.43,4.127,2.333,0.146,-0.66,1.2965,-2.1298,5.9799,-159.6661,-179.6348,-0.357
1741951200.51,4.125,2.333,0.148,-0.66,1.2965,-2.1298,5.9799,-159.6406,-179.6549,-0.3626
1741951200.59,4.125,2.333,0.148,-0.66,1.2964,-2.1297,5.9799,-159.6558,-179.6547,-0.3595
1741951200.669,4.126,2.333,0.147,-0.66,1.2964,-2.1297,5.9799,-159.6841,-179.6478,-0.3486
1741951200.749,4.126,2.333,0.147,-0.66,1.2963,-2.1296,5.9799,-159.6874,-179.6256,-0.3347
1741951200.828,4.126,2.332,0.148,-0.659,1.2963,-2.1295,5.9799,-159.719,-179.6117,-0.3417
1741951200.908,4.124,2.332,0.149,-0.659,1.2962,-2.1295,5.9799,-159.7133,-179.6205,-0.3609
1741951200.988,4.124,2.332,0.149,-0.659,1.2962,-2.1294,5.9799,-159.7151,-179.602,-0.3514
1741951201.067,4.125,2.332,0.148,-0.659,1.2961,-2.1293,5.9799,-159.7095,-179.6092,-0.3441
1741951201.147,4.125,2.332,0.148,-0.659,1.2961,-2.1293,5.9799,-159.7014,-179.6286,-0.3715
1741951201.227,4.125,2.333,0.148,-0.66,1.296,-2.1292,5.9799,-159.7054,-179.6209,-0.3513
1741951201.306,4.125,2.331,0.149,-0.658,1.296,-2.1292,5.9799,-159.726,-179.629,-0.3618
1741951201.386,4.125,2.331,0.149,-0.658,1.2959,-2.1291,5.9799,-159.7345,-179.6297,-0.3692
1741951201.587,4.125,2.333,0.148,-0.66,1.2958,-2.129,5.9799,-159.6944,-179.6247,-0.3618
1741951201.665,4.126,2.332,0.147,-0.659,1.2958,-2.1289,5.9799,-159.6915,-179.6582,-0.3903
1741951201.744,4.124,2.333,0.149,-0.66,1.2957,-2.1289,5.9799,-159.6974,-179.6399,-0.399
1741951201.824,4.125,2.333,0.148,-0.66,1.2957,-2.1288,5.9799,-159.7182,-179.6038,-0.3441
1741951201.904,4.127,2.332,0.147,-0.659,1.2957,-2.1288,5.9799,-159.72,-179.6132,-0.3495
1741951201.983,4.127,2.332,0.147,-0.659,1.2956,-2.1287,5.9799,-159.7267,-179.6373,-0.3615
1741951202.063,4.124,2.332,0.15,-0.659,1.2956,-2.1287,5.9799,-159.7281,-179.6363,-0.3716
1741951202.142,4.125,2.333,0.148,-0.66,1.2955,-2.1286,5.9799,-159.7162,-179.6447,-0.3563
1741951202.222,4.126,2.334,0.147,-0.661,1.2955,-2.1286,5.9799,-159.7166,-179.6529,-0.3803
1741951202.302,4.125,2.332,0.148,-0.659,1.2955,-2.1285,5.9799,-159.6962,-179.6415,-0.3634
1741951202.382,4.125,2.332,0.148,-0.659,1.2954,-2.1285,5.9799,-159.7163,-179.6591,-0.3749
1741951202.461,4.124,2.333,0.149,-0.66,1.2954,-2.1284,5.98,-159.7079,-179.6453,-0.3397
1741951202.541,4.125,2.334,0.156,-0.656,1.2957,-2.1289,5.9797,-160.6488,-178.8747,0.8179
1741951202.62,4.125,2.332,0.151,-0.657,1.2954,-2.1285,5.9798,-160.0715,-179.2273,0.5747
1741951202.7,4.125,2.331,0.149,-0.657,1.2967,-2.1305,5.9796,-159.7814,-179.1726,1.216
1741951202.78,4.125,2.331,0.147,-0.659,1.3005,-2.1367,5.9789,-159.4526,-178.6138,2.0413
1741951204.751,4.136,3.076,0.116,-1.415,0.6325,-2.4846,6.0087,-155.3645,-177.3731,-2.1191
1741951204.831,4.131,3.073,0.121,-1.411,0.6353,-2.487,5.9996,-155.4517,-177.5561,-2.6762
1741951204.91,4.13,3.05,0.12,-1.39,0.6401,-2.4879,5.993,-153.6343,-177.2052,-1.8328
1741951204.99,4.128,3.068,0.122,-1.408,0.6422,-2.4924,5.9891,-153.3141,-177.5966,-1.2495
1741951205.07,4.128,3.068,0.122,-1.408,0.6413,-2.4958,5.9878,-153.3003,-178.1391,-1.1724
1741951205.149,4.13,3.067,0.12,-1.407,0.6404,-2.4992,5.9875,-153.0672,-178.3977,-0.5986
1741951205.229,4.129,3.068,0.121,-1.408,0.64,-2.5032,5.9877,-153.0465,-178.8074,-0.2724
1741951205.308,4.133,3.059,0.117,-1.399,0.6379,-2.5026,5.9885,-153.4948,-178.8194,-0.3949
1741951205.388,4.134,3.067,0.116,-1.407,0.6359,-2.5001,5.9895,-153.9357,-178.9025,-0.6525
1741951205.468,4.134,3.067,0.116,-1.407,0.636,-2.4986,5.9906,-153.7573,-178.7344,-0.6866
1741951205.547,4.133,3.068,0.117,-1.408,0.6337,-2.498,5.9915,-153.7069,-179.6104,-0.3943
1741951205.627,4.133,3.07,0.117,-1.41,0.6326,-2.4962,5.9921,-153.2064,-179.7295,-0.9332
1741951205.707,4.136,3.067,0.114,-1.407,0.6285,-2.4927,5.993,-153.0497,179.8853,-1.3858
1741951205.786,4.135,3.061,0.115,-1.401,0.6291,-2.4927,5.993,-152.9143,179.9699,-0.7486
1741951205.866,4.135,3.061,0.115,-1.401,0.6303,-2.4935,5.9931,-152.8847,-179.8735,-0.5224
1741951205.946,4.136,3.06,0.114,-1.4,0.6312,-2.4942,5.9932,-153.0952,-179.6042,-0.4125
1741951206.025,4.136,3.061,0.114,-1.401,0.6324,-2.4955,5.993,-153.3959,-179.3433,-0.5366
1741951206.105,4.137,3.063,0.113,-1.403,0.6278,-2.4921,5.9936,-153.687,-179.7213,-0.7918
1741951206.185,4.137,3.071,0.113,-1.411,0.6272,-2.491,5.9936,-153.372,-178.8757,0.7507
1741951206.264,4.136,3.071,0.114,-1.411,0.6272,-2.4911,5.9937,-153.9859,-178.8347,0.6074
1741951206.344,4.138,3.069,0.112,-1.409,0.6273,-2.4913,5.9939,-153.9986,-179.1236,0.1472
1741951206.424,4.137,3.062,0.113,-1.402,0.6273,-2.4913,5.994,-153.8572,-179.2922,-0.1028
1741951206.503,4.137,3.07,0.113,-1.41,0.6265,-2.4907,5.9936,-153.6173,-177.7172,3.5065
1741951206.583,4.137,3.069,0.113,-1.409,0.6266,-2.491,5.9936,-153.2142,-178.3821,2.8841
1741951206.662,4.137,3.069,0.113,-1.409,0.6267,-2.4911,5.9937,-153.1663,-178.838,1.9256
1741951206.742,4.136,3.072,0.114,-1.412,0.6268,-2.4912,5.9938,-153.4505,-179.3521,1.0402
1741951206.822,4.137,3.062,0.113,-1.402,0.6268,-2.4913,5.9938,-153.1465,-179.24,0.4064
1741951206.902,4.136,3.063,0.116,-1.401,0.6265,-2.4917,5.9935,-155.5804,-177.6961,0.8439
1741951206.981,4.136,3.063,0.118,-1.4,0.6263,-2.4903,5.9936,-151.0165,-176.8485,3.1984
1741951207.061,4.136,3.069,0.117,-1.407,0.6264,-2.4905,5.9937,-151.421,-177.5638,2.1389
1741951207.14,4.137,3.062,0.115,-1.401,0.6266,-2.4907,5.9938,-151.8379,-178.1613,1.2586
1741951207.22,4.136,3.062,0.115,-1.401,0.6267,-2.4909,5.9939,-152.2767,-178.5492,0.6568
1741951207.3,4.137,3.06,0.113,-1.4,0.6267,-2.491,5.994,-152.7126,-178.8248,0.2158
1741951207.379,4.137,3.06,0.113,-1.4,0.6268,-2.4912,5.994,-153.1209,-178.9665,-0.0972
1741951207.459,4.137,3.072,0.113,-1.412,0.6268,-2.4912,5.994,-153.4445,-179.0051,-0.2765
1741951207.539,4.137,3.063,0.113,-1.403,0.6294,-2.495,5.9939,-153.9087,-178.6478,0.2454
1741951207.618,4.137,3.069,0.113,-1.409,0.6368,-2.505,5.9942,-153.0765,-179.0246,-0.2624
1741951208.016,4.206,3.06,0.054,-1.393,0.6673,-2.5581,5.9979,-157.6006,-179.8296,-2.3061
1741951208.813,4.193,3.064,0.058,-1.404,0.6595,-2.5475,5.989,-154.6218,-179.3814,-0.2899
1741951208.892,4.178,3.068,0.072,-1.408,0.6464,-2.5201,5.9894,-154.3262,-179.0781,-0.631
1741951209.211,4.112,3.064,0.139,-1.403,0.6081,-2.4506,5.9901,-152.4372,-177.8528,1.1171
1741951209.291,4.093,3.067,0.159,-1.406,0.6025,-2.4388,5.9906,-151.9245,-177.8404,0.7716
1741951209.45,4.075,3.072,0.178,-1.41,0.5919,-2.4184,5.9905,-151.4866,-177.8023,0.639
1741951210.705,3.843,3.067,0.411,-1.403,0.4942,-2.2174,5.9898,-156.3441,-178.3669,-0.1701
1741951210.864,3.824,3.064,0.445,-1.389,0.4778,-2.1856,5.9879,-159.3498,-177.5209,3.068
1741951210.943,3.798,3.075,0.467,-1.403,0.4714,-2.1704,5.9873,-158.7477,-177.5002,2.6267
1741951211.023,3.773,3.059,0.488,-1.39,0.4672,-2.1597,5.9858,-158.0541,-177.5308,1.9854
1741951211.103,3.751,3.061,0.508,-1.394,0.4619,-2.1493,5.9854,-157.5787,-178.1402,1.7111
1741951211.183,3.735,3.065,0.523,-1.398,0.4568,-2.1384,5.9847,-157.346,-178.3233,1.1612
1741951211.262,3.735,3.065,0.521,-1.4,0.4504,-2.1344,5.977,-156.774,-176.3832,5.3156
1741951211.342,3.721,3.06,0.533,-1.396,0.4474,-2.1235,5.9798,-156.3815,-176.6181,4.6466
1741951211.421,3.704,3.061,0.549,-1.399,0.4419,-2.1097,5.9805,-155.8587,-176.9879,4.3862
1741951211.501,3.688,3.058,0.564,-1.396,0.4362,-2.0943,5.9814,-155.6033,-177.455,3.4833
1741951211.581,3.688,3.065,0.564,-1.403,0.4278,-2.0741,5.982,-155.4032,-177.794,2.5419
1741951211.66,3.663,3.065,0.588,-1.404,0.4207,-2.0584,5.9818,-155.0359,-178.1012,2.1734
1741951211.74,3.645,3.057,0.605,-1.397,0.4133,-2.0431,5.9816,-154.4873,-178.766,2.0407
1741951211.82,3.623,3.056,0.628,-1.395,0.4064,-2.0288,5.981,-154.8862,-178.229,2.1121
1741951211.899,3.608,3.059,0.643,-1.398,0.3987,-2.0128,5.9811,-154.8139,-178.4316,1.6092
1741951211.979,3.608,3.06,0.644,-1.399,0.3916,-1.9978,5.9816,-155.291,-178.2862,1.7466
1741951212.059,3.588,3.06,0.667,-1.395,0.3805,-1.9839,5.9709,-156.7627,-178.6422,-0.3938
1741951212.218,3.55,3.059,0.701,-1.398,0.3631,-1.9561,5.9732,-155.1405,-178.6187,1.9474
1741951212.298,3.531,3.054,0.72,-1.393,0.3615,-1.947,5.9729,-155.1884,-178.6041,1.8953
1741951212.377,3.531,3.057,0.719,-1.397,0.3597,-1.9357,5.9736,-154.4964,-178.6481,3.2254
1741951212.457,3.517,3.057,0.734,-1.396,0.3553,-1.9194,5.9756,-154.7188,-178.3919,2.7273
1741951212.536,3.5,3.055,0.751,-1.394,0.3477,-1.9024,5.9783,-154.7107,-178.6712,2.2926
1741951212.616,3.478,3.056,0.773,-1.395,0.3414,-1.8871,5.9805,-154.9197,-178.705,1.8312
1741951212.696,3.458,3.048,0.792,-1.388,0.3394,-1.8793,5.9814,-154.3439,-178.4806,2.2227
1741951212.775,3.458,3.048,0.806,-1.376,0.3387,-1.8788,5.9779,-158.777,-173.7537,8.113
1741951212.855,3.438,3.052,0.823,-1.383,0.337,-1.8713,5.9773,-158.1038,-174.664,6.4504
1741951213.094,3.394,3.047,0.864,-1.379,0.3169,-1.8325,5.9798,-157.6536,-176.6464,4.0857
1741951213.174,3.394,3.047,0.863,-1.381,0.3076,-1.8132,5.9795,-157.2754,-177.1429,3.6041
1741951213.253,3.382,3.054,0.871,-1.392,0.2949,-1.7889,5.9777,-155.9032,-177.9374,2.6679
1741951213.492,3.301,3.05,0.95,-1.389,0.2651,-1.7275,5.9719,-155.0436,-177.7049,0.3031
1741951213.652,3.279,3.054,0.971,-1.394,0.2526,-1.7045,5.9738,-153.9699,-178.2602,0.0314
1741951213.731,3.262,3.046,0.988,-1.386,0.2487,-1.6969,5.9769,-153.7181,-178.9522,-0.5728
1741951213.811,3.253,3.048,0.997,-1.388,0.2423,-1.6876,5.9787,-153.5521,-179.5512,-0.6771
1741951213.89,3.241,3.053,1.009,-1.393,0.2338,-1.6713,5.9798,-153.0675,-179.6325,-1.2853
1741951214.926,3.04,3.06,1.21,-1.4,0.1416,-1.4999,5.9786,-152.8914,-178.8734,-0.2448
1741951215.005,3.024,3.056,1.227,-1.395,0.137,-1.4935,5.9779,-152.3317,-179.6253,0.1177
1741951215.085,3.019,3.059,1.231,-1.399,0.1301,-1.4785,5.9779,-152.832,-179.789,-1.0153
1741951216.2,2.824,3.042,1.445,-1.361,0.0624,-1.2694,5.9745,-160.3097,-176.5229,-1.3562
1741951216.28,2.812,3.047,1.467,-1.356,0.0582,-1.2558,5.9734,-161.7943,-175.1458,-0.8488
1741951216.599,2.746,3.036,1.524,-1.354,0.0368,-1.1946,5.9723,-160.4508,-174.5344,-2.2052
1741951222.572,1.532,3.062,2.727,-1.385,-0.5143,-0.1187,5.9609,-147.5045,-178.1564,-1.8762
1741951224.085,1.227,3.042,3.025,-1.376,-0.6294,0.1535,5.9644,-157.1589,-177.9155,-2.3112
1741951226.474,0.762,3.02,3.489,-1.358,-0.8242,0.5711,5.9575,-151.2738,179.6338,-4.5135
1741951226.554,0.762,3.02,3.488,-1.358,-0.8224,0.5658,5.9566,-151.6624,179.8046,-3.4815
1741951226.634,0.771,3.026,3.479,-1.365,-0.821,0.5619,5.9558,-152.1181,179.8998,-2.6484
1741951226.714,0.771,3.02,3.479,-1.359,-0.8214,0.5583,5.9546,-152.5201,-179.9719,-2.2066
1741951226.793,0.774,3.019,3.476,-1.359,-0.8223,0.5565,5.9532,-152.8904,-179.9412,-1.8561
1741951226.873,0.781,3.021,3.469,-1.361,-0.8226,0.5542,5.9526,-153.197,179.9667,-1.9122
1741951226.953,0.781,3.021,3.469,-1.361,-0.8225,0.5516,5.9526,-153.2766,179.7685,-2.0381
1741951227.032,0.78,3.026,3.47,-1.366,-0.8219,0.5501,5.9533,-153.7377,179.4742,-2.3526
1741951227.112,0.78,3.023,3.47,-1.363,-0.82,0.5468,5.9549,-153.9542,179.1199,-2.9712
1741951227.191,0.781,3.023,3.47,-1.36,-0.815,0.5374,5.9555,-156.2076,178.9038,-2.9465
1741951230.716,0.889,3.095,3.363,-1.428,-0.8312,0.4308,5.9636,-157.4948,-179.0307,1.0093
1741951230.795,0.884,3.093,3.368,-1.427,-0.8322,0.43,5.9627,-157.2104,-178.9819,1.0926
1741951230.875,0.889,3.1,3.363,-1.434,-0.8326,0.4295,5.9621,-157.1732,-178.9775,1.1652
1741951230.955,0.885,3.1,3.367,-1.434,-0.8332,0.4287,5.9618,-157.1382,-179.0698,1.1876
1741951231.034,0.885,3.1,3.367,-1.435,-0.8325,0.4257,5.9618,-157.006,-179.2383,1.1246
1741951231.114,0.885,3.1,3.367,-1.434,-0.8285,0.417,5.9619,-157.0477,-179.2749,0.9294
1741951231.194,0.887,3.097,3.364,-1.432,-0.8233,0.4021,5.9621,-156.9099,-179.6448,0.4559
1741951231.273,0.904,3.104,3.348,-1.437,-0.8153,0.3853,5.961,-157.3593,-179.9028,-0.7767
1741951231.353,0.921,3.104,3.33,-1.439,-0.8056,0.3648,5.9615,-156.6868,-179.5327,-2.163
1741951231.592,0.976,3.105,3.275,-1.441,-0.7865,0.3175,5.9606,-156.5385,-179.7416,-1.584
1741951231.672,0.998,3.101,3.253,-1.437,-0.7797,0.3055,5.9608,-156.515,-179.4402,-1.516
1741951231.751,1.014,3.101,3.237,-1.437,-0.7721,0.2966,5.962,-156.363,-178.4391,-2.051
1741951231.831,1.014,3.108,3.237,-1.444,-0.7653,0.2827,5.9622,-156.5512,-178.1365,-2.3418
1741951231.911,1.031,3.106,3.221,-1.441,-0.7577,0.2669,5.963,-156.7601,-177.9,-2.7156
1741951231.99,1.044,3.104,3.208,-1.439,-0.7497,0.2498,5.9631,-156.8085,-177.7818,-2.8651
1741951232.07,1.07,3.108,3.182,-1.443,-0.7411,0.2289,5.9633,-156.842,-177.8121,-2.7499
1741951232.149,1.095,3.108,3.16,-1.435,-0.7398,0.2046,5.9615,-158.9162,179.5994,0.6213
1741951232.388,1.147,3.111,3.106,-1.444,-0.719,0.1611,5.9637,-157.5227,-178.6984,0.167
1741951232.468,1.17,3.11,3.083,-1.442,-0.7164,0.1625,5.9639,-157.738,-178.0206,-1.1534
1741951232.548,1.175,3.11,3.078,-1.443,-0.7165,0.1611,5.9634,-157.4921,-178.1316,-1.3244
1741951232.627,1.175,3.115,3.077,-1.449,-0.715,0.1611,5.9644,-157.2939,-178.1573,-2.5341
1741951232.707,1.175,3.116,3.078,-1.449,-0.7121,0.1546,5.966,-157.4252,-178.5524,-3.7967
1741951232.787,1.177,3.112,3.076,-1.444,-0.7053,0.1379,5.9666,-157.7695,-178.5032,-4.1981
1741951233.265,1.341,3.118,2.915,-1.443,-0.643,-0.0157,5.9663,-159.1815,-177.5684,0.9699
1741951233.344,1.356,3.118,2.899,-1.445,-0.6382,-0.0266,5.9657,-158.7432,-177.7945,0.8699
1741951233.504,1.373,3.127,2.881,-1.458,-0.6284,-0.0532,5.9646,-157.8914,-178.6513,0.0657
1741951233.583,1.389,3.124,2.863,-1.46,-0.6205,-0.0664,5.9636,-156.6288,179.8411,-4.6438
1741951233.663,1.41,3.132,2.843,-1.465,-0.6141,-0.0832,5.9631,-157.5469,-179.7402,-3.6398
1741951233.862,1.455,3.135,2.798,-1.469,-0.5971,-0.1241,5.9635,-157.008,-179.3996,-2.1924
1741951234.101,1.497,3.136,2.755,-1.472,-0.5771,-0.171,5.9647,-156.5762,-179.2903,-1.8772
1741951234.18,1.516,3.136,2.736,-1.472,-0.5699,-0.1865,5.9649,-156.4039,-179.2078,-2.0211
1741951234.26,1.537,3.135,2.715,-1.472,-0.562,-0.2041,5.9649,-156.2017,-179.0604,-2.0655
1741951234.579,1.606,3.132,2.645,-1.47,-0.5331,-0.2686,5.9649,-155.8261,-178.7907,-2.3281
1741951234.897,1.672,3.139,2.579,-1.477,-0.5049,-0.332,5.9668,-155.4994,-178.9681,-2.5854
1741951234.977,1.693,3.142,2.558,-1.481,-0.4982,-0.347,5.9669,-155.3582,-179.0457,-2.5251
1741951235.057,1.715,3.141,2.536,-1.48,-0.4908,-0.3626,5.9674,-155.3255,-179.0703,-2.471
1741951235.295,1.762,3.138,2.488,-1.477,-0.4668,-0.4136,5.9681,-154.9406,-178.6018,-2.7856
1741951235.375,1.784,3.144,2.466,-1.483,-0.4592,-0.4302,5.968,-154.772,-178.6936,-2.5739
1741951235.455,1.807,3.144,2.443,-1.484,-0.4522,-0.4453,5.9683,-154.5795,-178.6024,-2.7042
1741951235.694,1.851,3.145,2.399,-1.485,-0.4287,-0.4931,5.9702,-154.0368,-178.9923,-2.617
1741951235.773,1.872,3.147,2.378,-1.487,-0.4228,-0.5083,5.9692,-153.9321,-178.9808,-2.4353
1741951235.853,1.893,3.147,2.357,-1.487,-0.415,-0.5248,5.9691,-153.814,-178.9377,-2.3237
1741951236.172,1.961,3.142,2.289,-1.482,-0.3823,-0.589,5.9712,-153.5183,-178.7723,-2.3299
1741951236.251,1.982,3.142,2.268,-1.482,-0.3748,-0.6044,5.9719,-153.1362,-178.9612,-2.1505
1741951236.57,2.049,3.144,2.201,-1.484,-0.3426,-0.668,5.9725,-152.7261,-178.9588,-2.2794
1741951236.65,2.072,3.144,2.178,-1.483,-0.3346,-0.6846,5.9722,-152.5507,-179.0861,-2.2007
1741951236.889,2.117,3.124,2.133,-1.464,-0.3122,-0.7302,5.9725,-152.771,-179.1757,-1.9565
1741951237.048,2.159,3.117,2.091,-1.456,-0.2954,-0.7621,5.9737,-152.5537,-179.2683,-1.8527
1741951237.287,2.204,3.125,2.047,-1.464,-0.2736,-0.8063,5.9746,-152.2413,-179.485,-1.2952
1741951237.366,2.225,3.118,2.026,-1.457,-0.2664,-0.8203,5.9744,-152.1025,-179.5954,-1.2583
1741951237.446,2.244,3.118,2.007,-1.457,-0.2585,-0.8333,5.9742,-152.3826,-179.4392,-1.3537
1741951237.605,2.265,3.121,1.985,-1.461,-0.2435,-0.8577,5.9744,-153.3914,-179.3628,-1.8175
1741951237.685,2.282,3.115,1.968,-1.455,-0.2369,-0.8705,5.9744,-154.1561,-179.3677,-1.6583
1741951237.765,2.303,3.111,1.947,-1.45,-0.2297,-0.885,5.974,-154.6979,-179.3483,-1.5697
1741951237.844,2.323,3.111,1.928,-1.449,-0.2232,-0.8987,5.9743,-155.383,-178.993,-1.5368
1741951238.083,2.363,3.117,1.889,-1.455,-0.2017,-0.9418,5.9751,-155.7941,-178.809,-1.6719
1741951238.163,2.38,3.114,1.872,-1.451,-0.1953,-0.9555,5.9749,-156.0022,-178.8052,-1.6865
1741951238.243,2.403,3.114,1.85,-1.45,-0.1867,-0.9721,5.9777,-156.5166,-178.1247,-1.3001
1741951239.756,2.715,3.137,1.542,-1.469,-0.0606,-1.2643,5.9756,-157.6638,-177.4498,0.5796
1741951240.552,2.876,3.15,1.385,-1.477,-0.0003,-1.4069,5.9768,-158.7228,-177.9926,-0.999
1741951242.145,3.189,3.181,1.076,-1.506,0.1098,-1.6902,5.9762,-159.1971,-179.844,-4.3494
1741951242.225,3.189,3.176,1.068,-1.509,0.1085,-1.6977,5.976,-157.4597,178.5284,-2.8301
1741951242.305,3.202,3.175,1.055,-1.508,0.1121,-1.7001,5.9771,-157.3187,178.8115,-3.1011
1741951242.384,3.208,3.186,1.048,-1.52,0.1159,-1.7088,5.978,-157.0011,179.38,-2.8968
1741951242.464,3.215,3.174,1.042,-1.507,0.1227,-1.725,5.9793,-157.3313,179.5128,-2.6068
1741951242.942,3.33,3.186,0.927,-1.52,0.1635,-1.8335,5.9815,-157.219,-179.8598,1.6347
1741951246.844,4.042,3.218,0.215,-1.553,0.4548,-2.4931,5.9909,-156.8627,-179.6427,-1.7547
1741951247.601,4.17,3.216,0.081,-1.555,0.5109,-2.6065,5.9935,-155.1054,-179.3004,-1.6979
1741951247.681,4.182,3.216,0.069,-1.555,0.5108,-2.6017,5.9933,-155.0559,-179.0419,-2.0614
1741951247.76,4.183,3.216,0.068,-1.555,0.5098,-2.6021,5.9931,-154.8453,-179.2763,-1.7837
1741951247.84,4.179,3.216,0.072,-1.555,0.5091,-2.6027,5.993,-154.9443,-179.5441,-1.6076
1741951247.92,4.179,3.216,0.072,-1.555,0.5085,-2.6033,5.9929,-154.9748,-179.6613,-1.4047
1741951247.999,4.179,3.217,0.073,-1.556,0.5084,-2.6036,5.9926,-155.3065,-179.4612,-1.3995
1741951248.079,4.179,3.224,0.073,-1.562,0.5054,-2.603,5.9929,-155.4829,-179.8541,-1.1516
1741951248.159,4.18,3.224,0.071,-1.563,0.5052,-2.603,5.9928,-155.1104,-179.7271,-1.0836
1741951248.238,4.181,3.224,0.07,-1.563,0.5051,-2.603,5.9928,-155.0575,-179.868,-1.095
1741951248.318,4.181,3.223,0.07,-1.562,0.5051,-2.6031,5.9928,-155.0209,-179.933,-1.041
1741951248.398,4.182,3.217,0.069,-1.556,0.5051,-2.6031,5.9927,-155.0102,-179.9912,-1.0539
1741951248.477,4.18,3.217,0.071,-1.556,0.5051,-2.6031,5.9927,-154.8405,179.9533,-1.048
1741951248.557,4.181,3.217,0.07,-1.556,0.5051,-2.6031,5.9927,-154.9419,-179.9956,-1.0238
1741951248.636,4.181,3.217,0.071,-1.555,0.505,-2.6032,5.9926,-155.3508,-179.8279,-1.0449
1741951248.716,4.181,3.224,0.071,-1.562,0.505,-2.6032,5.9926,-155.49,-179.8924,-1.135
1741951248.796,4.18,3.223,0.072,-1.561,0.505,-2.6032,5.9926,-155.474,-179.8356,-1.0748
1741951248.875,4.178,3.222,0.074,-1.561,0.505,-2.6032,5.9926,-155.3318,-179.8951,-1.0229
1741951248.955,4.181,3.223,0.071,-1.562,0.5051,-2.6032,5.9926,-155.2424,179.9726,-1.0298
1741951249.035,4.181,3.223,0.071,-1.561,0.505,-2.6033,5.9925,-155.4493,-179.78,-0.9365
1741951249.114,4.181,3.223,0.071,-1.561,0.505,-2.6033,5.9925,-155.5408,-179.7007,-0.9108
1741951249.194,4.181,3.217,0.071,-1.555,0.5049,-2.6032,5.9925,-155.576,-179.6612,-0.8699
1741951249.274,4.181,3.222,0.072,-1.56,0.5049,-2.6032,5.9924,-155.6131,-179.6109,-0.8524
1741951250.449,4.18,3.218,0.079,-1.551,0.5065,-2.6079,5.9985,-157.3971,178.3322,-5.7264
1741951250.528,4.18,3.218,0.082,-1.549,0.5067,-2.6088,6.0005,-157.9179,179.8028,-6.4095
1741951251.564,4.211,3.664,0.046,-1.998,0.1048,-2.8233,6.0322,-156.8151,-176.9408,0.8655
1741951251.802,4.193,3.675,0.072,-2.002,0.0999,-2.8003,6.0135,-158.3943,-178.8628,-2.0351
1741951251.882,4.185,3.67,0.075,-2.002,0.1046,-2.7957,6.0124,-157.4681,-177.8665,-2.0512
1741951251.962,4.187,3.694,0.069,-2.029,0.1032,-2.7921,6.0097,-156.5482,-178.9588,-2.7442
1741951252.041,4.18,3.693,0.073,-2.03,0.102,-2.7908,6.009,-155.7582,-179.267,-3.3248
1741951252.161,4.173,3.663,0.078,-2.003,0.0992,-2.7924,6.011,-154.5238,-179.1537,-3.2541
1741951252.241,4.17,3.663,0.08,-2.003,0.0965,-2.7928,6.0117,-153.7461,-179.0479,-3.2754
1741951252.32,4.17,3.654,0.08,-1.994,0.0948,-2.7909,6.0073,-153.8558,-179.0257,-4.0238
1741951252.4,4.167,3.698,0.087,-2.034,0.0888,-2.7866,6.0049,-156.2282,179.7549,-4.4634
1741951252.48,4.168,3.695,0.084,-2.033,0.0917,-2.7891,6.0031,-155.4157,-179.5645,-3.186
1741951252.559,4.166,3.681,0.084,-2.021,0.091,-2.7897,6.0024,-154.4508,-179.6445,-2.327
1741951252.639,4.169,3.681,0.081,-2.021,0.091,-2.7906,6.0024,-153.654,-179.774,-1.8848
1741951252.718,4.169,3.675,0.081,-2.015,0.0922,-2.7915,6.0024,-152.8139,-179.9891,-2.0119
1741951252.798,4.168,3.681,0.082,-2.021,0.0926,-2.7949,6.0023,-152.7754,179.9055,-1.6058
1741951252.878,4.172,3.684,0.08,-2.022,0.0921,-2.7965,6.0025,-151.7146,179.2235,-0.7825
1741951252.957,4.175,3.684,0.078,-2.022,0.0921,-2.7978,6.0025,-151.5193,179.3137,-0.8114
1741951253.037,4.175,3.684,0.076,-2.023,0.0922,-2.7998,6.0027,-152.2359,179.4798,-0.9545
1741951253.117,4.175,3.676,0.075,-2.016,0.0924,-2.8025,6.0029,-153.1995,179.5887,-1.059
1741951253.196,4.175,3.674,0.075,-2.014,0.0933,-2.8052,6.0029,-153.6604,179.6446,-1.1599
1741951253.276,4.176,3.673,0.074,-2.013,0.095,-2.8072,6.0029,-153.1388,179.6605,-1.172
1741951253.356,4.18,3.672,0.07,-2.012,0.0956,-2.8077,6.003,-153.0486,179.6477,-1.2633
1741951253.435,4.181,3.672,0.069,-2.012,0.0958,-2.8083,6.0031,-152.9777,179.6138,-1.2197
1741951253.515,4.181,3.673,0.069,-2.013,0.0963,-2.8097,6.0031,-153.2312,179.6173,-1.2383
1741951253.594,4.182,3.68,0.068,-2.02,0.0967,-2.8109,6.0031,-153.4268,179.6204,-1.313
1741951253.674,4.184,3.676,0.066,-2.016,0.0974,-2.813,6.0031,-154.0976,179.8877,-1.1314
1741951253.754,4.188,3.676,0.062,-2.016,0.1089,-2.8246,6.011,-154.1549,-179.274,-0.761
1741951253.833,4.189,3.676,0.062,-2.016,0.114,-2.8299,6.0142,-154.5166,-179.6454,-1.0744
1741951253.913,4.189,3.676,0.062,-2.015,0.1122,-2.8313,6.0135,-154.6101,179.8057,-1.2932
1741951254.072,4.192,3.675,0.062,-2.011,0.0841,-2.8138,6.0059,-150.9868,172.7411,-3.1325
1741951254.311,4.195,3.675,0.056,-2.014,0.083,-2.8136,6.0013,-152.6269,177.1631,-1.2103
1741951254.391,4.2,3.676,0.051,-2.016,0.0862,-2.8135,6.0016,-152.6899,178.1592,-1.0566
1741951254.47,4.199,3.674,0.051,-2.014,0.0901,-2.8166,6.0026,-153.6655,179.0081,-0.975
1741951254.55,4.198,3.673,0.052,-2.013,0.0937,-2.818,6.0035,-153.9708,179.4259,-1.0211
1741951254.63,4.201,3.673,0.049,-2.013,0.0961,-2.8198,6.0037,-154.2847,179.5067,-0.8902
1741951254.71,4.201,3.676,0.049,-2.016,0.0973,-2.8205,6.0037,-154.2205,179.3587,-1.1677
1741951254.789,4.199,3.682,0.051,-2.022,0.0983,-2.8197,6.0037,-153.6531,179.3315,-1.1196
1741951254.869,4.197,3.676,0.054,-2.016,0.1001,-2.818,6.0039,-152.6696,179.7251,-1.4287
1741951254.949,4.194,3.673,0.057,-2.012,0.101,-2.8156,6.0043,-152.1554,179.7237,-2.0804
1741951255.028,4.194,3.673,0.057,-2.012,0.1016,-2.8159,6.0047,-152.2339,179.6392,-2.3162
1741951255.108,4.194,3.678,0.058,-2.016,0.1033,-2.8209,6.0043,-151.7511,-179.9544,-0.5458
1741951255.187,4.194,3.68,0.057,-2.019,0.1048,-2.824,6.0034,-152.2518,-179.8826,-0.5607
1741951255.267,4.194,3.674,0.058,-2.013,0.1042,-2.8231,6.0034,-152.0296,179.5607,-0.773
1741951255.347,4.198,3.676,0.052,-2.016,0.1027,-2.8187,6.0034,-152.7805,179.5413,-2.2079
1741951255.426,4.196,3.676,0.054,-2.016,0.1013,-2.8158,6.0036,-152.7228,179.3019,-2.0366
1741951255.506,4.196,3.672,0.054,-2.012,0.1006,-2.814,6.0032,-152.7854,179.4624,-1.7422
1741951255.586,4.195,3.678,0.055,-2.018,0.0985,-2.814,6.0016,-153.9342,177.2365,-0.4511
1741951255.665,4.192,3.674,0.058,-2.014,0.0991,-2.8181,6.0018,-153.8496,177.839,-0.3001
1741951255.745,4.193,3.674,0.058,-2.013,0.0998,-2.8167,6.0022,-154.7203,178.1953,-0.5537
1741951255.825,4.193,3.674,0.058,-2.013,0.1024,-2.8144,6.0027,-154.6117,178.763,-0.5337
1741951255.904,4.194,3.677,0.056,-2.017,0.1033,-2.8118,6.0028,-154.2177,179.0498,-0.9003
1741951255.984,4.192,3.67,0.059,-2.009,0.105,-2.8105,6.0028,-152.492,178.9585,-0.591
1741951256.064,4.187,3.665,0.065,-2.004,0.1057,-2.8113,6.0021,-152.0392,178.9558,0.0616
1741951256.143,4.19,3.665,0.061,-2.004,0.1061,-2.8131,6.002,-152.3953,179.1689,-0.057
1741951256.223,4.19,3.665,0.061,-2.004,0.1067,-2.8145,6.0021,-152.3978,179.3294,-0.1882
1741951256.302,4.19,3.666,0.061,-2.005,0.1071,-2.8159,6.0021,-152.493,179.3351,-0.1912
1741951256.382,4.189,3.668,0.061,-2.008,0.12,-2.8238,6.0117,-152.8705,-179.636,-0.3492
1741951256.462,4.191,3.669,0.06,-2.009,0.1215,-2.827,6.0126,-152.6668,-179.9565,-0.3183
1741951256.541,4.192,3.668,0.059,-2.007,0.1159,-2.8241,6.0105,-152.4267,179.1765,-0.6765
1741951256.621,4.192,3.668,0.059,-2.008,0.1109,-2.8186,6.0068,-152.6712,179.3476,-0.9618
1741951256.701,4.19,3.665,0.061,-2.004,0.1065,-2.8126,6.004,-152.6258,179.1622,-1.2635
1741951256.78,4.19,3.665,0.061,-2.004,0.1086,-2.8139,6.0047,-152.5584,179.7724,-0.7392
1741951256.86,4.19,3.669,0.061,-2.008,0.1082,-2.813,6.0042,-152.5648,179.7363,-0.7735
1741951256.94,4.191,3.668,0.06,-2.008,0.1079,-2.8125,6.004,-152.6707,179.7208,-0.7954
1741951257.019,4.191,3.668,0.059,-2.008,0.1076,-2.812,6.0037,-153.0908,179.783,-0.9664
1741951257.099,4.189,3.668,0.061,-2.008,0.1075,-2.812,6.0036,-154.3408,179.7098,-1.531
1741951257.179,4.192,3.665,0.058,-2.005,0.1075,-2.8117,6.0036,-154.275,179.8188,-1.5048
1741951257.258,4.19,3.67,0.06,-2.01,0.1074,-2.8114,6.0035,-154.2526,179.871,-1.3259
1741951257.338,4.191,3.669,0.059,-2.009,0.1072,-2.8112,6.0034,-154.2271,179.8387,-1.2929
1741951257.418,4.191,3.669,0.059,-2.009,0.1071,-2.8111,6.0034,-154.0862,179.8495,-1.2483
1741951257.497,4.19,3.665,0.06,-2.005,0.1071,-2.811,6.0033,-154.0552,179.8213,-1.2031
1741951257.577,4.19,3.666,0.06,-2.006,0.107,-2.8109,6.0033,-153.9434,179.8239,-1.1353
1741951257.656,4.191,3.667,0.059,-2.007,0.1069,-2.8108,6.0033,-153.8365,179.8677,-1.1599
1741951257.736,4.19,3.667,0.06,-2.007,0.1047,-2.8056,6.003,-154.0634,179.9162,-0.92
1741951257.816,4.19,3.667,0.06,-2.007,0.0975,-2.7905,6.0031,-154.1014,179.8344,-0.8034
1741951259.528,3.801,3.696,0.452,-2.033,-0.0916,-2.447,5.9945,-151.3504,-179.8302,-1.922
1741951260.325,3.619,3.706,0.633,-2.044,-0.1751,-2.2843,5.9971,-155.3918,-179.8495,-0.6166
1741951260.723,3.522,3.687,0.728,-2.027,-0.2146,-2.2033,5.9962,-154.3058,-179.5679,-0.3261
1741951273.447,0.735,3.762,3.515,-2.102,-1.5019,0.2664,5.9759,-152.6981,-178.8942,-1.1648
1741951273.526,0.737,3.763,3.513,-2.103,-1.5006,0.2643,5.9756,-152.8057,-179.0124,-1.1146
1741951273.606,0.738,3.763,3.512,-2.103,-1.4975,0.2561,5.9756,-152.8067,-179.0602,-1.1514
1741951273.685,0.738,3.762,3.512,-2.102,-1.4907,0.2418,5.975,-152.8285,-179.0723,-1.1078
1741951273.765,0.748,3.762,3.502,-2.102,-1.4813,0.2227,5.9749,-153.1525,-179.0059,-1.0928
1741951274.004,0.818,3.765,3.432,-2.105,-1.4533,0.1635,5.9753,-153.1252,-178.7198,-1.109
1741951274.163,0.847,3.764,3.403,-2.104,-1.4379,0.136,5.9773,-153.7713,-178.1971,-1.3318
1741951274.243,0.869,3.765,3.381,-2.105,-1.4316,0.1299,5.9787,-153.7212,-177.1257,-2.1514
1741951274.323,0.882,3.762,3.368,-2.102,-1.4276,0.1221,5.9787,-153.7428,-177.1601,-2.6762
1741951274.402,0.89,3.762,3.36,-2.102,-1.4216,0.1103,5.9786,-153.7209,-177.3024,-3.1783
1741951274.641,0.928,3.761,3.322,-2.101,-1.4042,0.0616,5.9785,-153.2883,-176.8153,-0.9315
1741951274.721,0.947,3.771,3.303,-2.111,-1.3951,0.051,5.979,-152.864,-177.3711,-1.9281
1741951274.8,0.967,3.771,3.283,-2.11,-1.3893,0.037,5.979,-152.5697,-178.3456,-2.0396
1741951275.039,1.006,3.774,3.244,-2.114,-1.3717,-0.0131,5.9803,-153.3126,-179.2826,0.9843
1741951275.119,1.029,3.774,3.221,-2.114,-1.3581,-0.0271,5.9779,-153.8864,-176.8244,0.06
1741951275.517,1.128,3.765,3.124,-2.099,-1.3143,-0.1184,5.98,-156.8818,-176.8981,0.8791
1741951275.597,1.15,3.766,3.101,-2.102,-1.3088,-0.133,5.98,-156.3895,-177.6453,0.2994
1741951275.756,1.17,3.771,3.081,-2.108,-1.2946,-0.1582,5.9791,-155.9988,-178.0319,-2.914
1741951275.836,1.19,3.769,3.061,-2.106,-1.2875,-0.1734,5.9787,-155.7292,-178.1386,-2.7208
1741951275.916,1.209,3.769,3.042,-2.107,-1.2816,-0.1881,5.9779,-155.6252,-178.1701,-2.4198
1741951275.995,1.231,3.769,3.02,-2.107,-1.275,-0.2049,5.9777,-155.4479,-178.215,-2.0862
1741951276.234,1.274,3.773,2.976,-2.112,-1.2539,-0.2514,5.979,-155.1635,-177.8769,-2.2186
1741951276.314,1.296,3.773,2.955,-2.111,-1.2459,-0.2691,5.9786,-155.2663,-177.7923,-2.1994
1741951276.712,1.386,3.779,2.87,-2.103,-1.2093,-0.3483,5.9789,-158.8544,-178.0395,-2.1871
1741951277.11,1.477,3.8,2.782,-2.116,-1.1773,-0.4323,5.9813,-160.0798,-177.6655,-2.0593
1741951277.349,1.523,3.804,2.736,-2.121,-1.1593,-0.4765,5.9826,-159.9596,-177.8047,-2.4503
1741951277.429,1.542,3.807,2.718,-2.123,-1.1542,-0.4937,5.9826,-160.092,-178.0436,-2.2982
1741951277.508,1.562,3.807,2.699,-2.12,-1.1488,-0.5101,5.9827,-160.4109,-177.8551,-2.2055
1741951277.747,1.605,3.815,2.647,-2.151,-1.1356,-0.5576,5.9845,-156.2176,-177.5169,-2.0506
1741951277.827,1.622,3.807,2.628,-2.147,-1.131,-0.5749,5.9843,-153.106,-177.7331,-2.0637
1741951277.907,1.636,3.807,2.617,-2.141,-1.1258,-0.5915,5.9837,-150.3084,-178.0632,-1.9123
1741951278.305,1.74,3.858,2.528,-2.158,-1.0839,-0.664,5.9862,-145.3754,-178.374,-1.2274
1741951279.818,2.044,3.8,2.219,-2.116,-0.9121,-0.9229,5.986,-147.18,-179.3452,-0.7326
1741951279.898,2.063,3.8,2.2,-2.116,-0.9049,-0.9349,5.9856,-147.1113,-179.6206,-0.8694
1741951280.216,2.12,3.787,2.143,-2.103,-0.8687,-0.9858,5.9874,-147.1488,-179.4598,-1.0495
1741951280.296,2.139,3.787,2.124,-2.104,-0.8609,-0.9996,5.9876,-147.2544,-179.6737,-0.9198
1741951280.535,2.178,3.777,2.084,-2.097,-0.8363,-1.0399,5.9887,-147.6552,-179.5322,-0.7205
1741951280.615,2.196,3.777,2.065,-2.098,-0.8277,-1.0524,5.9889,-147.7931,-179.3294,-0.7253
1741951280.694,2.216,3.772,2.045,-2.094,-0.8186,-1.0649,5.989,-147.9818,-179.0803,-0.796
1741951280.933,2.254,3.762,2.005,-2.088,-0.7944,-1.1034,5.9863,-148.6017,-179.3764,-0.5708
1741951281.013,2.271,3.762,1.984,-2.094,-0.7866,-1.1171,5.9866,-149.8431,-178.4752,-0.1254
1741951281.093,2.29,3.759,1.963,-2.094,-0.7778,-1.1298,5.9868,-150.5227,-178.219,-0.1767
1741951281.332,2.324,3.72,1.928,-2.058,-0.753,-1.1656,5.9869,-151.5114,-178.3989,-0.6089
1741951281.411,2.342,3.72,1.91,-2.058,-0.7454,-1.1793,5.9867,-151.5188,-178.7,-0.7435
1741951281.491,2.358,3.713,1.893,-2.051,-0.7377,-1.1932,5.9866,-151.6129,-178.5076,-0.7773
1741951281.73,2.397,3.709,1.855,-2.046,-0.7157,-1.2335,5.9864,-151.4046,-178.9844,-0.7649
1741951281.809,2.414,3.709,1.838,-2.046,-0.7091,-1.2443,5.9895,-151.4219,-179.0781,-0.7791
1741951282.208,2.491,3.707,1.761,-2.044,-0.67,-1.314,5.9933,-151.3071,-179.789,-0.8756
1741951282.447,2.532,3.706,1.719,-2.045,-0.6515,-1.3515,5.9867,-152.0192,-178.3141,-0.1348
1741951282.526,2.542,3.703,1.709,-2.041,-0.6431,-1.3643,5.9868,-151.7696,-178.3698,-0.2707
1741951282.606,2.561,3.703,1.691,-2.041,-0.6357,-1.377,5.9869,-151.6159,-179.1581,-0.5111
1741951282.845,2.602,3.702,1.649,-2.041,-0.612,-1.4174,5.988,-152.3519,-178.1847,-0.6186
1741951282.924,2.621,3.7,1.63,-2.039,-0.6048,-1.4293,5.9883,-152.3323,-178.6548,-0.8295
1741951283.004,2.639,3.7,1.612,-2.039,-0.5988,-1.4402,5.9885,-152.302,-178.935,-0.9331
1741951283.323,2.692,3.693,1.558,-2.033,-0.5697,-1.4926,5.9906,-153.273,-177.6284,-0.5574
1741951283.402,2.702,3.693,1.548,-2.033,-0.5625,-1.506,5.9909,-153.1841,-178.1338,-0.6957
1741951283.721,2.764,3.691,1.486,-2.031,-0.535,-1.5571,5.9895,-152.7512,-179.1375,-0.9579
1741951283.8,2.784,3.691,1.466,-2.03,-0.5293,-1.5699,5.99,-152.5284,179.3299,-1.0011
1741951284.199,2.849,3.687,1.401,-2.027,-0.4894,-1.6298,5.993,-153.0947,-177.8607,-1.4658
1741951286.29,3.228,3.675,1.022,-2.015,-0.3223,-1.97,5.9926,-154.1031,-179.4112,-1.2083
1741951286.688,3.305,3.675,0.945,-2.015,-0.2875,-2.0359,5.991,-153.9855,-178.6032,-2.3022
1741951287.006,3.356,3.683,0.894,-2.023,-0.26,-2.0883,5.992,-153.3466,-179.309,-1.5539
1741951287.325,3.413,3.68,0.839,-2.018,-0.2351,-2.1242,5.9882,-151.651,-179.4588,-0.9053
1741951287.404,3.427,3.68,0.825,-2.018,-0.2279,-2.139,5.9893,-151.5692,-179.4125,-0.7106
1741951288.042,3.54,3.677,0.711,-2.016,-0.1707,-2.2481,5.9973,-152.5365,179.211,-4.0473
1741951289.794,3.861,3.664,0.391,-2.002,-0.0305,-2.5239,5.9933,-155.39,-179.3069,-1.6515
1741951291.546,4.172,3.666,0.079,-2.005,0.0955,-2.8005,6.0025,-154.8589,179.6854,-1.1278
1741951291.626,4.178,3.663,0.073,-2.002,0.0948,-2.7998,6.0029,-154.7039,179.5442,-1.1052
1741951291.705,4.174,3.669,0.076,-2.009,0.0934,-2.799,6.0032,-154.4112,179.0076,-1.2341
1741951291.785,4.177,3.669,0.073,-2.009,0.0935,-2.7991,6.0027,-154.3494,179.0966,-1.2375
1741951291.865,4.177,3.668,0.073,-2.008,0.0959,-2.801,6.0033,-152.9851,178.9197,-2.1084
1741951291.944,4.177,3.662,0.074,-2.001,0.0962,-2.8013,6.0032,-152.6423,178.8246,-2.3842
1741951292.104,4.176,3.663,0.08,-1.998,0.0975,-2.8011,6.0038,-150.5761,174.0777,-2.1039
1741951292.183,4.176,3.663,0.079,-1.998,0.0971,-2.8007,6.0035,-150.7456,175.9178,-1.2319
1741951292.263,4.176,3.663,0.077,-2.001,0.097,-2.8009,6.0032,-151.5946,177.0058,-1.4564
1741951292.343,4.176,3.665,0.075,-2.004,0.0984,-2.8061,5.9976,-152.2811,177.4537,-2.4632
1741951292.422,4.177,3.667,0.074,-2.006,0.0987,-2.8081,5.9948,-152.5815,177.8319,-1.8546
1741951292.502,4.176,3.668,0.075,-2.008,0.0985,-2.8077,5.995,-152.6893,178.3771,-1.3511
1741951292.582,4.175,3.668,0.075,-2.008,0.1004,-2.8088,5.9995,-152.7332,178.0331,-1.8166
1741951292.661,4.175,3.666,0.075,-2.006,0.1003,-2.8086,5.9995,-152.8519,178.4121,-1.6326
1741951292.741,4.177,3.663,0.074,-2.002,0.1003,-2.8084,5.9997,-152.2659,177.8629,-1.9554
1741951292.821,4.175,3.664,0.076,-2.003,0.1002,-2.8083,5.9996,-152.3892,178.3523,-1.7586
1741951292.9,4.176,3.663,0.075,-2.002,0.1001,-2.8081,5.9996,-152.4585,178.7166,-1.5998
1741951292.98,4.176,3.663,0.075,-2.002,0.1,-2.808,5.9996,-152.54,178.9983,-1.467
1741951293.06,4.176,3.668,0.075,-2.007,0.0999,-2.8079,5.9996,-152.6062,179.1775,-1.3727
1741951293.139,4.177,3.666,0.074,-2.006,0.0998,-2.8078,5.9996,-152.6624,179.2992,-1.3273
1741951293.219,4.176,3.664,0.075,-2.004,0.0998,-2.8077,5.9996,-152.7081,179.3997,-1.2689
1741951293.298,4.176,3.664,0.074,-2.004,0.0997,-2.8076,5.9996,-152.7859,179.544,-1.1321
1741951293.378,4.176,3.664,0.075,-2.003,0.0991,-2.8065,5.9997,-152.3791,178.7318,-2.4426
1741951293.458,4.176,3.664,0.074,-2.004,0.0974,-2.8032,5.9995,-153.0106,178.842,-2.6779
1741951293.537,4.176,3.669,0.074,-2.009,0.0962,-2.7989,5.9998,-153.4861,179.1247,-2.9864
1741951296.086,4.193,4.506,0.058,-2.845,-0.6306,-3.1634,6.038,-152.6324,-179.3586,-1.7257
1741951296.166,4.193,4.51,0.058,-2.849,-0.6311,-3.1654,6.0297,-152.412,-179.2226,-2.5681
1741951296.245,4.181,4.499,0.069,-2.838,-0.6363,-3.1615,6.0204,-152.7349,178.4265,-5.3491
1741951296.325,4.178,4.505,0.073,-2.844,-0.6419,-3.1624,6.0224,-152.1879,176.8948,-3.585
1741951296.405,4.18,4.497,0.071,-2.836,-0.641,-3.1556,6.021,-152.3341,177.0038,-4.2476
1741951296.484,4.18,4.497,0.07,-2.837,-0.6351,-3.149,6.021,-153.1879,179.1273,-5.1305
1741951296.564,4.18,4.505,0.071,-2.844,-0.6327,-3.1465,6.0193,-154.637,179.6503,-5.265
1741951296.644,4.174,4.491,0.076,-2.831,-0.6358,-3.1469,6.0175,-153.6617,179.3105,-4.4137
1741951296.723,4.173,4.484,0.078,-2.823,-0.6372,-3.1481,6.0168,-154.5584,178.8371,-3.9765
1741951296.843,4.172,4.494,0.09,-2.821,-0.6516,-3.132,6.0242,-149.2301,171.5138,-10.4515
1741951297.559,4.184,4.497,0.067,-2.836,-0.6347,-3.1481,6.0197,-154.5843,178.6022,-4.9361
1741951297.639,4.187,4.494,0.064,-2.833,-0.633,-3.1532,6.019,-154.5711,178.6093,-4.3411
1741951297.719,4.191,4.496,0.059,-2.836,-0.6148,-3.188,6.0212,-154.4202,179.2331,-2.9661
1741951297.798,4.191,4.49,0.06,-2.829,-0.6167,-3.1851,6.0189,-154.7241,179.481,-2.6969
1741951297.878,4.192,4.49,0.058,-2.83,-0.6252,-3.1751,6.0169,-154.0546,177.8421,-3.6414
1741951297.958,4.192,4.492,0.058,-2.832,-0.6306,-3.1679,6.0153,-153.8687,177.7724,-3.5774
1741951298.037,4.194,4.491,0.056,-2.831,-0.6339,-3.1615,6.0157,-153.7897,177.878,-4.2514
1741951298.117,4.19,4.492,0.06,-2.832,-0.6348,-3.1604,6.0159,-154.4187,178.2737,-4.014
1741951298.197,4.187,4.493,0.065,-2.831,-0.635,-3.16,6.016,-155.483,178.5813,-3.8935
1741951298.276,4.188,4.493,0.064,-2.831,-0.6333,-3.1615,6.0164,-155.3083,178.6229,-3.5461
1741951298.356,4.188,4.496,0.095,-2.801,-0.637,-3.1394,6.0182,-160.7469,178.3877,-10.8041
1741951298.436,4.19,4.492,0.08,-2.81,-0.6204,-3.1558,6.0191,-159.2264,-177.2605,-7.4918
1741951298.595,4.196,4.491,0.094,-2.788,-0.6116,-3.1433,6.0161,-161.5361,-179.1203,-5.2351
1741951298.675,4.196,4.491,0.089,-2.794,-0.6157,-3.1463,6.0168,-161.0076,179.0712,-3.9492
1741951298.754,4.216,4.495,0.055,-2.813,-0.6154,-3.1488,6.0163,-159.2813,-179.9213,-3.93
1741951298.834,4.203,4.486,0.054,-2.818,-0.6185,-3.1546,6.0163,-156.9861,179.9737,-3.09
1741951298.913,4.195,4.482,0.061,-2.816,-0.619,-3.1587,6.016,-156.5825,179.8861,-2.6562
1741951298.993,4.191,4.478,0.063,-2.814,-0.6188,-3.1613,6.0156,-156.0768,-179.9227,-2.365
1741951299.073,4.191,4.478,0.071,-2.805,-0.62,-3.1577,6.0164,-157.9443,-179.6949,-5.4219
1741951299.152,4.188,4.478,0.068,-2.811,-0.6189,-3.1586,6.0167,-156.7325,-179.986,-4.9426
1741951299.232,4.191,4.487,0.063,-2.822,-0.6191,-3.159,6.0163,-156.1783,179.4244,-4.3011
1741951300.407,4.19,4.487,0.061,-2.826,-0.619,-3.1862,6.0006,-154.9431,179.7586,-1.3344
1741951300.486,4.192,4.487,0.059,-2.826,-0.6188,-3.1861,6.0008,-154.9472,179.6293,-1.324
1741951300.566,4.192,4.487,0.059,-2.826,-0.6187,-3.1859,6.0009,-155.0451,179.5875,-1.2842
1741951300.646,4.191,4.487,0.06,-2.826,-0.6186,-3.1858,6.0011,-154.9885,179.4926,-1.2541
1741951300.726,4.191,4.479,0.06,-2.818,-0.6185,-3.1857,6.0012,-154.9656,179.4146,-1.2629
1741951300.805,4.191,4.487,0.06,-2.826,-0.6184,-3.1856,6.0013,-154.9453,179.3676,-1.2842
1741951300.885,4.193,4.487,0.058,-2.826,-0.6184,-3.1855,6.0015,-154.9241,179.3216,-1.2793
1741951300.964,4.193,4.488,0.058,-2.827,-0.6183,-3.1854,6.0016,-154.8962,179.2948,-1.284
1741951301.044,4.192,4.487,0.059,-2.826,-0.6182,-3.1853,6.0017,-154.8684,179.2633,-1.2879
1741951301.124,4.193,4.479,0.058,-2.818,-0.6181,-3.1851,6.0019,-154.8447,179.2433,-1.2929
1741951301.203,4.192,4.487,0.059,-2.826,-0.6181,-3.185,6.002,-154.8244,179.2331,-1.2762
1741951301.283,4.192,4.487,0.059,-2.826,-0.618,-3.1849,6.0021,-154.8011,179.2274,-1.2835
1741951301.362,4.192,4.486,0.059,-2.825,-0.6179,-3.1848,6.0022,-154.7893,179.2372,-1.2752
1741951301.442,4.192,4.48,0.059,-2.819,-0.6178,-3.1847,6.0024,-154.7727,179.2218,-1.2847
1741951301.522,4.191,4.487,0.059,-2.827,-0.6178,-3.1845,6.0026,-154.3535,179.1094,-1.4815
1741951301.602,4.192,4.48,0.058,-2.82,-0.6177,-3.1844,6.0027,-154.1889,179.0808,-1.5291
1741951301.681,4.191,4.48,0.059,-2.82,-0.6177,-3.1842,6.0028,-154.0664,179.057,-1.5703
1741951301.761,4.191,4.487,0.059,-2.827,-0.6176,-3.1841,6.0029,-153.9606,179.018,-1.5878
1741951301.84,4.191,4.48,0.059,-2.82,-0.6176,-3.184,6.003,-153.8942,179.0107,-1.5977
1741951301.92,4.19,4.479,0.06,-2.819,-0.6175,-3.1839,6.0032,-153.8441,179.0209,-1.5884
1741951302.0,4.191,4.487,0.059,-2.827,-0.6175,-3.1837,6.0033,-153.8216,179.1075,-1.3936
1741951302.079,4.191,4.487,0.059,-2.827,-0.6183,-3.1814,6.0031,-154.3278,179.2895,-1.4246
1741951302.159,4.191,4.479,0.059,-2.819,-0.6205,-3.1743,6.0038,-153.9474,178.8131,-1.8418
1741951302.239,4.189,4.48,0.061,-2.82,-0.6243,-3.1623,6.0061,-153.827,178.4845,-2.3032
1741951302.318,4.184,4.479,0.066,-2.819,-0.6309,-3.1443,6.0104,-153.8352,178.2243,-3.0347
1741951302.398,4.173,4.485,0.077,-2.825,-0.6366,-3.1297,6.0144,-153.8998,178.4099,-2.8603
1741951302.478,4.16,4.485,0.09,-2.825,-0.6423,-3.1173,6.0175,-154.0018,178.7169,-2.4671
1741951302.796,4.118,4.484,0.132,-2.824,-0.6588,-3.0838,6.0187,-154.0535,179.042,-3.0139
1741951302.876,4.11,4.484,0.141,-2.823,-0.661,-3.0762,6.0169,-154.6954,179.9657,-2.9926
1741951302.955,4.11,4.478,0.141,-2.817,-0.6642,-3.069,6.0156,-154.9261,179.9547,-2.8035
1741951303.115,4.089,4.484,0.176,-2.807,-0.673,-3.0411,6.0135,-158.5584,-178.2293,-7.0046
1741951305.425,3.589,4.485,0.661,-2.825,-0.8891,-2.6138,6.0112,-153.6076,179.6052,-1.8233
1741951305.504,3.569,4.479,0.681,-2.819,-0.8997,-2.5957,6.0113,-153.6241,179.2714,-2.4082
1741951305.584,3.55,4.484,0.7,-2.824,-0.9108,-2.5743,6.0098,-153.4994,179.5201,-2.525
1741951307.575,3.126,4.481,1.125,-2.819,-1.1036,-2.196,6.001,-151.9764,178.7807,-2.3649
1741951307.894,3.07,4.496,1.196,-2.813,-1.124,-2.1315,6.006,-159.3862,-179.7682,-3.0607
1741951307.973,3.05,4.496,1.215,-2.813,-1.1337,-2.1136,6.0044,-159.3721,179.3075,-2.7765
1741951308.212,3.003,4.475,1.253,-2.806,-1.1504,-2.0725,5.9985,-157.2032,-179.5998,-1.7044
1741951308.292,2.981,4.482,1.277,-2.81,-1.1561,-2.062,5.9984,-157.8577,179.6803,-1.766
1741951308.372,2.977,4.482,1.28,-2.811,-1.1599,-2.0471,5.9972,-157.6464,-179.742,-1.2235
1741951312.573,2.063,4.515,2.191,-2.847,-1.5787,-1.2372,5.9946,-150.1775,-178.7516,-0.6647
1741951313.21,1.942,4.507,2.308,-2.847,-1.6243,-1.1359,5.9944,-153.6146,-177.3651,-0.2333
1741951313.29,1.93,4.51,2.32,-2.85,-1.6282,-1.1335,5.9959,-153.1648,-177.1371,2.1712
1741951313.927,1.799,4.496,2.451,-2.836,-1.6799,-1.0029,5.9934,-153.8701,-177.0586,-2.7444
1741951314.484,1.674,4.502,2.576,-2.841,-1.7379,-0.897,5.9879,-152.363,-177.8974,0.7048
1741951314.564,1.663,4.502,2.587,-2.841,-1.743,-0.891,5.9896,-152.4475,-177.9344,1.462
1741951314.644,1.663,4.496,2.587,-2.835,-1.7492,-0.8784,5.9907,-152.5314,-177.804,1.3339
1741951315.281,1.521,4.505,2.73,-2.843,-1.809,-0.7517,5.9918,-151.7431,-176.3428,-2.1448
1741951316.874,1.175,4.515,3.076,-2.853,-1.9685,-0.4464,5.9867,-155.3543,-176.5153,0.9297
1741951317.591,1.021,4.524,3.229,-2.863,-2.0495,-0.31,5.988,-152.376,179.3489,0.1918
1741951317.989,0.935,4.527,3.317,-2.855,-2.0776,-0.2411,5.9836,-149.4946,-178.1264,-0.1668
1741951318.069,0.923,4.527,3.329,-2.858,-2.0765,-0.2427,5.9835,-149.975,-178.4053,-0.21
1741951318.148,0.923,4.519,3.329,-2.851,-2.076,-0.2452,5.9838,-150.2519,-178.6682,-0.0832
1741951318.228,0.929,4.518,3.322,-2.851,-2.0763,-0.247,5.9845,-150.4365,-178.7882,-0.0129
1741951318.308,0.93,4.525,3.322,-2.858,-2.0744,-0.2519,5.985,-150.3418,-178.5899,0.0456
1741951318.387,0.933,4.519,3.318,-2.853,-2.0673,-0.264,5.9852,-150.5828,-178.646,-0.2275
1741951319.661,1.203,4.514,3.047,-2.854,-1.9447,-0.5123,5.994,-154.238,-178.0062,-0.6447
1741951320.856,1.466,4.513,2.784,-2.853,-1.8271,-0.7395,5.9903,-153.7727,-177.8274,-2.3911
1741951321.573,1.618,4.514,2.632,-2.854,-1.7637,-0.8835,5.9916,-152.8187,-177.3215,0.7426
1741951321.653,1.633,4.514,2.617,-2.854,-1.7554,-0.8984,5.9915,-153.0273,-177.5204,0.6041
1741951321.971,1.699,4.516,2.551,-2.856,-1.7232,-0.9551,5.9912,-154.029,-178.4682,-2.8383
1741951322.051,1.722,4.516,2.528,-2.856,-1.717,-0.9641,5.9919,-154.1917,-177.537,-2.7976
1741951322.21,1.736,4.51,2.514,-2.849,-1.7053,-0.9896,5.9919,-154.9304,-177.7491,-2.4722
1741951322.569,1.826,4.504,2.425,-2.842,-1.681,-1.0674,5.9946,-155.2616,179.3983,-0.7849
1741951322.648,1.839,4.504,2.412,-2.842,-1.6769,-1.0746,5.9948,-155.4087,179.4426,-1.7659
1741951322.728,1.839,4.525,2.415,-2.855,-1.6732,-1.0839,5.995,-157.3985,179.4486,-1.4738
1741951326.611,2.534,4.616,1.722,-2.946,-1.4585,-1.7391,5.994,-149.7403,-178.5341,-3.0169
1741951326.69,2.544,4.609,1.712,-2.938,-1.4506,-1.7553,5.9948,-149.6658,-179.1344,-2.4611
1741951326.77,2.557,4.615,1.698,-2.945,-1.4424,-1.7701,5.9958,-149.921,-178.9247,-2.0967
1741951326.85,2.579,4.615,1.676,-2.946,-1.4346,-1.7857,5.9973,-150.0547,-178.7027,-1.8044
1741951327.248,2.659,4.612,1.596,-2.943,-1.3896,-1.8509,5.9932,-157.0819,-178.0833,-2.518
1741951327.965,2.799,4.601,1.453,-2.938,-1.3375,-1.9857,5.9978,-155.5419,-179.8951,-2.2985
1741951328.044,2.816,4.601,1.434,-2.941,-1.3319,-1.9995,5.9973,-154.1256,-179.4833,-2.8167
1741951328.761,2.95,4.601,1.301,-2.94,-1.2602,-2.1177,5.9993,-154.9922,-178.2965,-3.4097
1741951330.115,3.208,4.607,1.046,-2.942,-1.1764,-2.3492,6.0018,-150.8702,178.2587,-9.5977
1741951330.195,3.242,4.651,1.018,-2.976,-1.1649,-2.3588,6.0021,-149.0092,179.9365,-8.273
1741951331.549,3.493,4.575,0.757,-2.915,-1.0111,-2.5918,6.0016,-153.3392,177.3418,-10.1712
1741951331.708,3.51,4.584,0.742,-2.921,-0.9957,-2.6129,6.0006,-151.5257,179.166,-8.0686
1741951331.788,3.535,4.578,0.717,-2.915,-0.9892,-2.6238,6.0015,-151.6323,179.1782,-7.2343
1741951331.867,3.55,4.577,0.702,-2.915,-0.9824,-2.6386,6.0026,-151.7928,179.0398,-6.3475
1741951331.947,3.569,4.577,0.682,-2.916,-0.9745,-2.6551,6.0031,-152.158,179.1947,-5.4865
1741951332.186,3.611,4.582,0.641,-2.92,-0.9506,-2.7058,6.0049,-151.9309,179.3145,-4.1378
1741951332.743,3.734,4.577,0.519,-2.913,-0.8991,-2.7977,6.0045,-151.2009,179.3634,-5.7118
1741951332.823,3.734,4.579,0.52,-2.914,-0.8937,-2.8023,6.0054,-150.9354,-179.9989,-5.8302
1741951332.903,3.744,4.584,0.51,-2.92,-0.8872,-2.8113,6.0068,-151.0616,-179.2877,-5.4345
1741951333.54,3.882,4.571,0.37,-2.909,-0.8298,-2.9383,6.0104,-155.1932,-179.7387,-1.7759
1741951334.874,4.121,4.579,0.129,-2.919,-0.7503,-3.1412,6.0241,-153.6998,171.1527,-11.8239
1741951335.033,4.143,4.583,0.108,-2.922,-0.7433,-3.1488,6.016,-154.6618,176.8146,-7.4184
1741951335.432,4.196,4.586,0.06,-2.919,-0.7118,-3.191,6.0156,-156.7426,-179.2016,-2.4667
1741951335.511,4.195,4.586,0.068,-2.912,-0.7064,-3.1996,6.0144,-158.1089,-177.7258,-2.0231
1741951335.67,4.194,4.585,0.077,-2.902,-0.713,-3.2036,6.0186,-159.3827,-178.9028,-1.9683
1741951335.75,4.194,4.585,0.069,-2.911,-0.7121,-3.2046,6.0188,-158.1563,179.9262,-2.1923
1741951335.83,4.194,4.584,0.069,-2.91,-0.7117,-3.2054,6.0187,-158.1527,179.8434,-2.0522
1741951335.909,4.195,4.58,0.067,-2.906,-0.7114,-3.2059,6.0185,-158.0073,179.7734,-1.7993
1741951335.989,4.194,4.579,0.069,-2.905,-0.7141,-3.2027,6.0237,-158.0573,-179.2905,-2.0198
1741951336.069,4.193,4.58,0.067,-2.909,-0.7162,-3.2005,6.028,-157.636,-179.6513,-1.7347
1741951336.148,4.195,4.58,0.065,-2.909,-0.7159,-3.2006,6.0278,-157.5591,-179.8246,-1.5712
1741951336.228,4.195,4.582,0.065,-2.911,-0.7157,-3.2008,6.0276,-157.5152,179.9937,-1.4837
1741951336.308,4.194,4.584,0.064,-2.915,-0.7155,-3.2009,6.0275,-157.0936,179.687,-1.3574
1741951336.786,4.195,4.584,0.077,-2.9,-0.7145,-3.2029,6.0262,-159.4106,179.8097,-2.2868
1741951336.865,4.194,4.584,0.075,-2.903,-0.7146,-3.2017,6.0255,-159.0463,179.9413,-2.2393
1741951336.945,4.193,4.584,0.076,-2.904,-0.7133,-3.1995,6.0235,-159.0006,-179.9412,-2.5102
1741951337.024,4.193,4.586,0.075,-2.906,-0.7111,-3.1984,6.0204,-158.9596,-179.809,-2.7183
1741951337.104,4.194,4.585,0.074,-2.905,-0.7107,-3.1988,6.0179,-158.9285,179.3846,-3.6183
1741951337.184,4.191,4.584,0.08,-2.901,-0.7096,-3.2014,6.0163,-159.3331,179.1825,-4.777
1741951337.423,4.198,4.586,0.076,-2.9,-0.7092,-3.2069,6.0151,-159.6913,178.4962,-6.252
1741951337.502,4.202,4.593,0.07,-2.909,-0.7109,-3.2035,6.016,-159.4899,177.9055,-6.9103
1741951338.139,4.184,4.57,0.074,-2.902,-0.7059,-3.2018,6.0158,-157.0432,179.0546,-5.233
1741951338.219,4.184,4.571,0.074,-2.902,-0.7068,-3.2034,6.0151,-157.2301,178.9883,-4.6319
1741951338.299,4.189,4.575,0.069,-2.907,-0.7104,-3.2054,6.0153,-157.0568,178.2238,-3.8251
1741951338.378,4.191,4.582,0.067,-2.913,-0.7175,-3.21,6.0169,-157.1112,176.5312,-2.11
1741951338.458,4.192,4.589,0.063,-2.923,-0.7243,-3.2132,6.018,-156.4941,175.6073,-0.9869
1741951338.617,4.191,4.623,0.062,-2.96,-0.7415,-3.2324,6.0068,-155.6955,175.6088,-0.2368
1741951338.697,4.188,4.621,0.064,-2.959,-0.7452,-3.2363,6.0012,-155.4694,176.6876,-0.6538
1741951338.777,4.185,4.631,0.067,-2.968,-0.747,-3.2335,6.0006,-155.5479,177.6993,-1.6565
1741951338.856,4.181,4.625,0.071,-2.962,-0.7522,-3.2289,6.0066,-155.5421,178.2132,-2.2526
1741951338.936,4.176,4.625,0.076,-2.963,-0.7613,-3.2249,6.0162,-155.2373,179.0016,-2.6643
1741951339.016,4.176,4.634,0.075,-2.973,-0.7757,-3.2242,6.0253,-155.0234,178.9477,-2.587
1741951339.175,4.172,4.659,0.078,-2.999,-0.8124,-3.2325,6.0362,-153.8084,178.6218,-2.44
1741951341.883,3.997,5.191,0.253,-3.531,-1.3516,-3.2839,6.0359,-153.651,-174.9945,-6.4877
1741951342.201,3.975,5.253,0.277,-3.59,-1.4235,-3.3044,6.0347,-151.6052,-176.2982,-6.9219
1741951343.316,3.888,5.366,0.367,-3.699,-1.529,-3.2572,6.0259,-150.7342,-178.8333,-6.7593
1741951343.476,3.886,5.376,0.373,-3.704,-1.5331,-3.2593,6.0231,-149.7678,179.9003,-5.2018
1741951343.555,3.886,5.376,0.371,-3.706,-1.5349,-3.2611,6.0214,-150.0854,179.4171,-4.2049
1741951343.635,3.888,5.376,0.373,-3.7,-1.5357,-3.2625,6.0211,-149.2381,178.9291,-4.082
1741951343.715,3.888,5.361,0.372,-3.688,-1.5415,-3.2606,6.0396,-149.5605,179.0915,-3.2766
1741951343.794,3.883,5.356,0.376,-3.684,-1.5436,-3.2539,6.0411,-149.7439,179.3301,-3.7809
1741951343.874,3.885,5.359,0.373,-3.688,-1.5423,-3.2481,6.0382,-149.999,179.6582,-3.9678
1741951343.954,3.886,5.356,0.372,-3.686,-1.539,-3.2509,6.0324,-150.0159,179.6361,-4.3114
1741951344.033,3.886,5.356,0.369,-3.689,-1.5369,-3.2531,6.0277,-150.7043,179.5685,-5.9437
1741951344.113,3.886,5.358,0.369,-3.691,-1.5359,-3.2562,6.0231,-150.6485,179.3569,-5.9161
1741951344.193,3.884,5.358,0.371,-3.691,-1.5349,-3.2572,6.019,-150.725,179.2436,-5.7449
1741951344.272,3.884,5.359,0.369,-3.695,-1.5353,-3.2575,6.0182,-151.4734,179.2077,-6.2523
1741951344.352,3.883,5.359,0.37,-3.695,-1.5365,-3.2609,6.0201,-151.3033,179.5401,-6.0016
1741951344.75,3.885,5.357,0.376,-3.682,-1.5367,-3.27,6.0304,-149.2684,179.8681,-3.739
1741951344.83,3.887,5.357,0.371,-3.686,-1.5362,-3.271,6.0299,-149.8608,179.657,-3.9478
1741951344.909,3.887,5.357,0.371,-3.686,-1.5357,-3.272,6.0297,-149.9999,179.1464,-4.5282
1741951344.989,3.885,5.357,0.368,-3.692,-1.5355,-3.2728,6.0294,-151.1897,179.3288,-5.042
1741951345.069,3.886,5.357,0.366,-3.695,-1.5355,-3.2736,6.0291,-151.8548,179.8702,-5.8136
1741951345.148,3.885,5.358,0.366,-3.697,-1.5353,-3.2743,6.0289,-152.556,179.7485,-6.7235
1741951345.228,3.884,5.358,0.367,-3.697,-1.5353,-3.2745,6.0288,-152.4387,179.8932,-5.8258
1741951345.308,3.884,5.356,0.367,-3.695,-1.5351,-3.2747,6.0286,-152.422,179.7825,-5.4301
1741951345.387,3.887,5.358,0.365,-3.695,-1.535,-3.2749,6.0285,-151.7961,179.6854,-5.302
1741951345.467,3.886,5.358,0.368,-3.693,-1.5348,-3.2751,6.0284,-151.1556,179.5264,-4.7765
1741951345.546,3.883,5.356,0.371,-3.69,-1.5347,-3.2751,6.0283,-150.9262,179.5098,-3.9623
1741951345.626,3.886,5.356,0.369,-3.69,-1.5346,-3.2751,6.0281,-150.8252,179.5536,-3.3033
1741951345.706,3.886,5.362,0.369,-3.695,-1.5345,-3.2752,6.028,-150.727,179.613,-2.8147
1741951345.786,3.886,5.358,0.369,-3.691,-1.5345,-3.2752,6.0279,-150.6242,179.6679,-2.4301
1741951345.865,3.886,5.356,0.37,-3.688,-1.5344,-3.2752,6.0278,-150.538,179.681,-2.1489
1741951345.945,3.883,5.356,0.373,-3.688,-1.5344,-3.2754,6.0277,-150.4237,179.7487,-2.0423
1741951346.025,3.883,5.357,0.373,-3.688,-1.5343,-3.2755,6.0275,-150.3246,179.7847,-1.9648
1741951346.104,3.885,5.358,0.372,-3.689,-1.5342,-3.2756,6.0274,-150.247,179.7939,-1.9049
1741951346.184,3.883,5.359,0.374,-3.69,-1.5341,-3.2757,6.0272,-150.1908,179.8155,-1.8759
1741951346.263,3.885,5.357,0.372,-3.687,-1.534,-3.2758,6.0271,-150.1345,179.8275,-1.8541
1741951346.343,3.886,5.357,0.371,-3.687,-1.534,-3.2759,6.027,-150.1034,179.8407,-1.8448
1741951346.423,3.886,5.357,0.373,-3.685,-1.5339,-3.276,6.0269,-149.7491,179.7709,-1.992
1741951346.502,3.885,5.357,0.369,-3.692,-1.5338,-3.2741,6.026,-151.1505,179.5133,-4.8296
1741951346.582,3.886,5.358,0.368,-3.692,-1.5342,-3.2677,6.024,-150.8552,179.3457,-4.86
1741951346.662,3.884,5.357,0.373,-3.687,-1.5334,-3.2764,6.0267,-150.1657,179.0812,-3.9248
1741951346.741,3.885,5.357,0.37,-3.689,-1.5334,-3.2766,6.0265,-150.5667,179.4253,-3.804
1741951346.821,3.885,5.357,0.371,-3.689,-1.5331,-3.277,6.0266,-150.5236,178.6174,-4.6666
1741951346.901,3.885,5.357,0.371,-3.689,-1.5332,-3.277,6.0265,-150.4441,178.9319,-4.3186
1741951346.98,3.887,5.357,0.372,-3.685,-1.5336,-3.275,6.0259,-149.728,178.6462,-4.4686
1741951347.06,3.884,5.358,0.373,-3.688,-1.5363,-3.2666,6.0241,-150.0772,178.9011,-4.7929
1741951347.14,3.883,5.358,0.378,-3.683,-1.5423,-3.2521,6.0218,-149.3367,178.2149,-4.6695
1741951347.538,3.811,5.341,0.439,-3.681,-1.5718,-3.1833,6.0154,-154.2359,178.8099,-3.9161
1741951347.856,3.754,5.335,0.497,-3.673,-1.5946,-3.1336,6.0168,-155.1129,179.3705,-4.2673
1741951347.936,3.742,5.335,0.509,-3.674,-1.5998,-3.1235,6.0169,-154.7573,178.8776,-3.9486
1741951348.334,3.674,5.331,0.576,-3.671,-1.6299,-3.0615,6.0161,-153.3565,178.4771,-4.2633
1741951348.653,3.622,5.328,0.628,-3.668,-1.6519,-3.0148,6.017,-154.342,179.0911,-3.4499
1741951348.733,3.607,5.328,0.643,-3.668,-1.6569,-3.003,6.0164,-154.0997,178.8977,-3.7624
1741951349.847,3.429,5.325,0.821,-3.665,-1.7342,-2.8414,6.0176,-153.2728,179.5892,-2.9167
1741951349.927,3.413,5.325,0.837,-3.665,-1.7382,-2.8351,6.0152,-153.4813,179.7227,-2.586
1741951352.257,3.046,5.336,1.204,-3.676,-1.9083,-2.5016,6.0125,-153.1569,-178.4871,-2.8767
1741951352.336,3.032,5.336,1.218,-3.676,-1.9164,-2.4855,6.013,-153.5733,-178.1389,-3.0237
1741951352.655,2.972,5.341,1.278,-3.68,-1.9427,-2.4353,6.0116,-152.6587,-178.0217,-1.6454
1741951352.734,2.955,5.341,1.295,-3.681,-1.9496,-2.422,6.0106,-153.0517,-177.8748,-1.9497
1741951353.053,2.898,5.344,1.353,-3.683,-1.98,-2.3691,6.009,-152.361,-178.4606,-2.2451
1741951353.133,2.883,5.344,1.368,-3.683,-1.9872,-2.3569,6.0093,-152.373,-178.5584,-1.9924
1741951353.929,2.731,5.358,1.526,-3.684,-2.0619,-2.2172,6.009,-149.4336,-177.905,-4.5963
1741951354.328,2.667,5.381,1.592,-3.704,-2.1001,-2.1591,6.0111,-148.9949,-176.4533,-1.6383
1741951354.726,2.59,5.418,1.67,-3.736,-2.1412,-2.0962,6.0094,-148.4561,-176.7232,-1.6682
1741951357.274,2.149,5.456,2.106,-3.784,-2.3795,-1.7267,6.0089,-149.7232,-178.9938,-0.4892
1741951357.354,2.131,5.457,2.124,-3.785,-2.3861,-1.7153,6.0092,-149.8439,-178.5253,-0.5307
1741951357.434,2.116,5.457,2.139,-3.785,-2.3926,-1.7045,6.0096,-149.7738,-178.7154,-0.4935
1741951357.912,2.051,5.435,2.2,-3.774,-2.4238,-1.6367,6.0095,-154.9096,-178.2612,-1.1939
1741951358.071,2.023,5.434,2.227,-3.773,-2.4331,-1.6171,6.0096,-154.8299,-178.4305,-1.1717
1741951358.151,2.008,5.436,2.242,-3.775,-2.439,-1.6053,6.0095,-154.6192,-178.5842,-1.1055
1741951358.23,1.998,5.436,2.252,-3.775,-2.4444,-1.5946,6.0095,-154.4758,-178.5866,-0.9257
1741951359.545,1.741,5.448,2.51,-3.785,-2.5653,-1.3656,6.0038,-151.6351,-178.8174,-0.5506
1741951360.719,1.502,5.446,2.749,-3.782,-2.6656,-1.1577,6.0052,-155.6827,-178.7619,-0.6581
1741951360.879,1.485,5.441,2.766,-3.777,-2.6784,-1.1312,6.0051,-155.8923,-178.6448,-0.3738
1741951360.958,1.466,5.441,2.785,-3.777,-2.6848,-1.1169,6.0051,-155.7772,-178.7,-0.5635
1741951361.038,1.446,5.443,2.805,-3.779,-2.69,-1.1048,6.0046,-155.7093,-178.0942,-0.2581
1741951361.117,1.427,5.443,2.824,-3.78,-2.6966,-1.0906,6.0043,-155.4523,-178.3192,-0.3309
1741951361.277,1.407,5.438,2.844,-3.776,-2.7088,-1.0649,6.0038,-155.2714,-178.1624,-0.0306
1741951361.356,1.389,5.438,2.861,-3.776,-2.7152,-1.0521,6.0037,-155.0064,-178.0618,-0.072
1741951361.436,1.373,5.438,2.877,-3.778,-2.7239,-1.0381,6.0039,-153.4378,-178.41,-0.1917
1741951361.516,1.356,5.438,2.894,-3.778,-2.7312,-1.0242,6.0037,-153.0534,-178.6512,-0.1812
1741951361.755,1.318,5.445,2.932,-3.783,-2.7554,-0.9838,5.9986,-155.1136,-174.0136,0.9581
1741951361.834,1.298,5.445,2.952,-3.783,-2.7553,-0.9748,5.9963,-155.1636,-172.6047,1.4172
1741951361.914,1.279,5.445,2.971,-3.784,-2.7582,-0.9634,5.9958,-154.7775,-173.8638,1.0406
1741951361.994,1.279,5.445,2.971,-3.784,-2.7656,-0.9502,5.998,-154.5796,-174.9008,0.7187
1741951362.073,1.261,5.447,2.989,-3.786,-2.7737,-0.9358,5.9996,-154.4677,-176.0514,0.5258
1741951362.153,1.242,5.45,3.008,-3.79,-2.7813,-0.9233,6.0006,-154.0829,-176.7675,0.3226
1741951362.232,1.224,5.449,3.026,-3.789,-2.7903,-0.9096,6.0018,-153.75,-177.4744,0.0066
1741951362.312,1.206,5.449,3.044,-3.789,-2.799,-0.8946,6.0028,-153.2908,-177.9957,-0.2253
1741951362.551,1.171,5.45,3.079,-3.789,-2.8196,-0.8574,6.0032,-152.4651,-178.4468,-0.2105
1741951362.631,1.155,5.45,3.095,-3.789,-2.8224,-0.8524,6.0028,-152.3012,-178.7321,-0.31
1741951362.71,1.155,5.453,3.095,-3.791,-2.8223,-0.8526,6.0028,-152.1902,-178.7877,-0.3957
1741951362.79,1.139,5.451,3.111,-3.789,-2.8212,-0.8541,6.0026,-152.2504,-178.4797,-0.2284
1741951362.87,1.14,5.452,3.11,-3.792,-2.8184,-0.8573,6.0018,-154.2094,-174.1957,1.2084
1741951362.949,1.142,5.451,3.108,-3.791,-2.8131,-0.8663,6.001,-153.7476,-174.946,0.8961
1741951366.852,1.997,5.432,2.253,-3.772,-2.4234,-1.6299,6.0255,-154.2325,-178.805,-1.501
1741951366.932,2.019,5.432,2.231,-3.772,-2.4145,-1.6444,6.0249,-154.2567,-178.6309,-1.2637
1741951367.011,2.037,5.432,2.213,-3.772,-2.4032,-1.6659,6.0196,-154.3719,-178.4278,-0.8816
1741951371.631,3.076,5.448,1.182,-3.775,-1.9646,-2.593,6.0144,-157.6209,-179.1493,-3.4609
1741951371.711,3.085,5.448,1.166,-3.786,-1.9595,-2.6129,6.0149,-155.2012,-178.7589,-3.5975
1741951372.905,3.342,5.422,0.908,-3.762,-1.8492,-2.8327,6.0251,-153.6719,178.0324,-10.9734
1741951373.104,3.383,5.418,0.868,-3.756,-1.8297,-2.8597,6.025,-155.0379,179.5844,-7.5783
1741951374.458,3.674,5.439,0.578,-3.777,-1.7171,-3.1123,6.0183,-151.9149,175.441,-13.6815
1741951374.936,3.682,5.439,0.568,-3.779,-1.7116,-3.1281,6.0226,-153.5461,178.9575,-3.1592
1741951375.016,3.68,5.439,0.571,-3.778,-1.711,-3.1318,6.0231,-154.6381,179.3072,-3.4005
1741951375.095,3.68,5.438,0.572,-3.775,-1.7107,-3.1338,6.0235,-155.5712,179.422,-3.6548
1741951375.175,3.681,5.44,0.572,-3.776,-1.7104,-3.1349,6.0236,-155.7473,179.4399,-3.2165
1741951375.255,3.682,5.439,0.57,-3.777,-1.7098,-3.1358,6.0238,-155.3206,178.7435,-3.0181
1741951375.334,3.681,5.438,0.571,-3.775,-1.7095,-3.1364,6.0238,-155.3485,178.6471,-2.8498
1741951375.414,3.681,5.438,0.572,-3.774,-1.7094,-3.1372,6.0237,-155.9112,178.8088,-3.0329
1741951375.613,3.682,5.439,0.572,-3.773,-1.707,-3.1454,6.0234,-156.282,179.1444,-2.9735
1741951375.693,3.682,5.438,0.572,-3.772,-1.7071,-3.1453,6.0233,-156.3367,179.3274,-2.8043
1741951375.932,3.682,5.439,0.572,-3.773,-1.7072,-3.1451,6.0233,-156.2145,179.3475,-2.634
1741951376.011,3.681,5.439,0.573,-3.773,-1.7072,-3.145,6.0234,-156.2183,179.3048,-2.7022
1741951376.33,3.681,5.44,0.573,-3.774,-1.7074,-3.1449,6.0235,-156.2032,179.2997,-2.7659
1741951376.489,3.678,5.441,0.576,-3.776,-1.7079,-3.1436,6.0229,-156.1358,179.2077,-2.8969
1741951376.569,3.68,5.441,0.574,-3.775,-1.7088,-3.1394,6.0213,-156.3529,179.3858,-3.7133
1741951376.648,3.677,5.438,0.577,-3.772,-1.7109,-3.1335,6.0197,-156.2384,179.1142,-3.9878
1741951376.728,3.679,5.437,0.575,-3.77,-1.7116,-3.1301,6.019,-156.4069,179.2925,-3.9999
1741951376.808,3.676,5.437,0.578,-3.771,-1.7117,-3.1293,6.0194,-156.2865,179.1033,-3.9673
1741951376.887,3.676,5.441,0.578,-3.775,-1.712,-3.1285,6.0197,-156.1782,179.0588,-3.7293
1741951376.967,3.679,5.438,0.575,-3.773,-1.7117,-3.1278,6.0194,-156.1565,179.1362,-3.7467
1741951377.047,3.678,5.436,0.574,-3.773,-1.712,-3.1272,6.0196,-155.5573,178.793,-4.0772
1741951377.405,3.685,5.443,0.567,-3.78,-1.6991,-3.1494,6.021,-155.5022,179.8553,-5.0346
1741951377.485,3.685,5.44,0.567,-3.778,-1.6915,-3.1496,6.0226,-155.276,-178.5039,-5.5551
1741951377.644,3.7,5.453,0.55,-3.793,-1.6866,-3.1589,6.0371,-153.4541,177.1803,-12.5755
1741951377.724,3.717,5.454,0.533,-3.794,-1.6821,-3.1617,6.0428,-152.8255,178.2411,-10.0358
1741951377.883,3.742,5.423,0.513,-3.755,-1.6662,-3.1803,6.0505,-150.5515,178.3532,-7.1925
1741951385.111,4.087,2.616,0.163,-0.956,1.0297,-2.2536,5.9777,-153.2817,-179.2958,-1.4553
1741951385.191,4.087,2.616,0.163,-0.956,1.0315,-2.2586,5.9779,-154.1093,-179.3098,-1.5157
1741951385.35,4.094,2.615,0.158,-0.954,1.0337,-2.2691,5.975,-155.3646,-179.5325,0.1132
1741951385.43,4.098,2.607,0.158,-0.943,1.0337,-2.2697,5.9755,-156.6514,-178.7455,0.8383
1741951385.509,4.105,2.616,0.148,-0.954,1.0343,-2.2677,5.9758,-155.642,-178.3745,1.4233
1741951385.589,4.105,2.616,0.148,-0.954,1.0339,-2.2694,5.9736,-155.9154,-178.6909,1.4732
1741951385.668,4.106,2.619,0.148,-0.956,1.0345,-2.2727,5.9724,-156.1383,-178.5236,2.0081
1741951385.748,4.105,2.614,0.149,-0.951,1.0351,-2.2748,5.9722,-156.2419,-178.7512,1.7943
1741951385.828,4.107,2.618,0.149,-0.954,1.0346,-2.2743,5.9714,-156.7014,-178.3072,1.7513
1741951385.908,4.106,2.618,0.15,-0.954,1.0349,-2.2737,5.9718,-156.7321,-178.4062,1.2943
1741951385.987,4.106,2.614,0.15,-0.95,1.0348,-2.2732,5.9716,-156.6021,-178.7109,0.8778
1741951386.067,4.106,2.616,0.149,-0.952,1.0344,-2.2714,5.9721,-156.5647,-178.9532,0.4894
1741951386.146,4.104,2.616,0.151,-0.953,1.0337,-2.2699,5.9723,-156.3799,-178.8718,0.4371
1741951386.226,4.105,2.615,0.149,-0.952,1.0261,-2.261,5.979,-156.1535,-179.7685,-0.3911
1741951386.306,4.104,2.615,0.15,-0.953,1.0259,-2.2605,5.9794,-156.0282,-179.8305,-0.5147
1741951386.385,4.104,2.615,0.15,-0.953,1.0257,-2.2602,5.9795,-156.0369,-179.9693,-0.5923
1741951386.465,4.104,2.614,0.149,-0.952,1.0256,-2.26,5.9797,-155.9411,-179.9434,-0.5178
1741951386.545,4.105,2.614,0.149,-0.951,1.0253,-2.2598,5.9797,-156.2497,-179.6696,-0.4474
1741951386.624,4.105,2.614,0.148,-0.952,1.0253,-2.2596,5.9798,-155.8954,-179.8221,-0.288
1741951386.704,4.104,2.614,0.149,-0.952,1.0253,-2.2595,5.9799,-155.6999,-179.8522,-0.31
1741951386.784,4.104,2.615,0.149,-0.953,1.0252,-2.2594,5.98,-155.744,-179.9661,-0.3979
1741951386.863,4.105,2.615,0.148,-0.953,1.0252,-2.2593,5.98,-155.7618,179.9627,-0.4893
1741951386.943,4.104,2.618,0.149,-0.956,1.0252,-2.2592,5.9801,-155.7487,179.9197,-0.4213
1741951387.022,4.105,2.62,0.147,-0.959,1.0251,-2.259,5.9801,-155.3044,-179.9853,0.0184
1741951387.102,4.104,2.62,0.149,-0.958,1.025,-2.259,5.9801,-155.6642,-179.8028,-0.0741
1741951387.182,4.104,2.616,0.149,-0.954,1.025,-2.259,5.9801,-155.7791,-179.7758,-0.1199
1741951387.261,4.104,2.621,0.149,-0.959,1.0249,-2.259,5.9801,-155.8556,-179.7139,-0.1316
1741951387.341,4.103,2.616,0.15,-0.954,1.0249,-2.2589,5.9801,-155.9246,-179.6909,-0.1618
1741951387.421,4.105,2.62,0.149,-0.958,1.0248,-2.2589,5.9801,-155.9668,-179.6425,-0.1324
1741951387.5,4.103,2.62,0.151,-0.958,1.0248,-2.2589,5.9801,-156.0009,-179.6243,-0.1437
1741951387.58,4.103,2.62,0.151,-0.958,1.0247,-2.2588,5.9801,-156.028,-179.6342,-0.1443
1741951387.661,4.104,2.62,0.15,-0.958,1.0247,-2.2588,5.9802,-156.051,-179.6467,-0.1591
1741951387.739,4.106,2.615,0.148,-0.953,1.0247,-2.2588,5.9802,-156.0497,-179.6357,-0.1456
1741951387.819,4.105,2.62,0.149,-0.958,1.0246,-2.2588,5.9802,-156.0549,-179.6196,-0.1567
1741951387.899,4.104,2.62,0.15,-0.958,1.0246,-2.2587,5.9802,-156.0565,-179.6427,-0.1499
1741951387.978,4.104,2.614,0.15,-0.952,1.0246,-2.2587,5.9802,-156.0634,-179.6313,-0.1613
1741951388.058,4.105,2.619,0.149,-0.957,1.0246,-2.2587,5.9802,-156.0594,-179.6196,-0.1622
1741951388.138,4.104,2.615,0.15,-0.953,1.0245,-2.2587,5.9802,-156.0594,-179.6411,-0.178
1741951388.217,4.106,2.619,0.148,-0.957,1.0245,-2.2586,5.9802,-156.0416,-179.6223,-0.1548
1741951388.297,4.105,2.619,0.149,-0.957,1.0245,-2.2586,5.9802,-156.059,-179.6409,-0.1794
1741951388.377,4.105,2.615,0.149,-0.953,1.0245,-2.2586,5.9802,-156.0384,-179.6587,-0.1995
1741951388.456,4.106,2.62,0.148,-0.958,1.0245,-2.2586,5.9802,-156.0545,-179.6568,-0.1826
1741951388.536,4.104,2.615,0.15,-0.953,1.0245,-2.2586,5.9802,-156.0481,-179.679,-0.1947
1741951388.615,4.105,2.62,0.149,-0.958,1.0244,-2.2586,5.9802,-156.0532,-179.6536,-0.1983
1741951388.695,4.104,2.62,0.15,-0.957,1.0244,-2.2586,5.9803,-156.1047,-179.7554,-0.3022
1741951388.775,4.104,2.619,0.15,-0.957,1.0244,-2.2586,5.9803,-156.08,-179.6979,-0.2459
1741951388.854,4.105,2.615,0.149,-0.953,1.0244,-2.2585,5.9803,-156.0486,-179.66,-0.1884
1741951388.934,4.103,2.619,0.151,-0.957,1.0244,-2.2585,5.9803,-156.0551,-179.6493,-0.1884
1741951389.014,4.104,2.615,0.15,-0.953,1.0244,-2.2585,5.9803,-156.0528,-179.6414,-0.1873
1741951389.093,4.105,2.615,0.149,-0.953,1.0244,-2.2585,5.9803,-156.032,-179.6141,-0.1528
1741951389.173,4.105,2.62,0.149,-0.958,1.0244,-2.2585,5.9803,-156.0472,-179.6249,-0.1787
1741951389.253,4.106,2.615,0.148,-0.953,1.0243,-2.2585,5.9803,-156.058,-179.6357,-0.1754
1741951389.332,4.105,2.62,0.149,-0.958,1.0243,-2.2585,5.9803,-156.0398,-179.6432,-0.172
1741951389.412,4.104,2.614,0.15,-0.952,1.0243,-2.2585,5.9803,-156.0266,-179.6368,-0.1866
1741951389.492,4.105,2.614,0.149,-0.952,1.0243,-2.2584,5.9803,-156.0279,-179.6561,-0.1717
1741951389.571,4.105,2.621,0.149,-0.959,1.0243,-2.2584,5.9803,-156.0427,-179.6562,-0.1603
1741951389.651,4.104,2.619,0.15,-0.957,1.0243,-2.2584,5.9803,-156.0363,-179.6254,-0.1515
1741951389.731,4.105,2.619,0.149,-0.957,1.0243,-2.2584,5.9803,-156.0325,-179.647,-0.1752
1741951389.81,4.104,2.619,0.15,-0.957,1.0243,-2.2584,5.9803,-156.0405,-179.6066,-0.1557
1741951389.89,4.104,2.619,0.15,-0.957,1.0243,-2.2584,5.9803,-156.0506,-179.6083,-0.1664
1741951389.97,4.104,2.62,0.15,-0.958,1.0243,-2.2584,5.9803,-156.0582,-179.6331,-0.1813
1741951390.049,4.104,2.62,0.15,-0.958,1.0243,-2.2584,5.9803,-156.0429,-179.6362,-0.158
1741951390.129,4.104,2.615,0.15,-0.953,1.0242,-2.2584,5.9803,-156.0459,-179.6345,-0.1649
1741951390.208,4.103,2.616,0.151,-0.954,1.0242,-2.2584,5.9803,-156.069,-179.6016,-0.1292
1741951390.288,4.103,2.616,0.151,-0.954,1.0242,-2.2584,5.9803,-156.0668,-179.616,-0.1551
1741951390.368,4.106,2.614,0.148,-0.952,1.0242,-2.2584,5.9803,-156.0622,-179.6215,-0.1501
1741951390.447,4.103,2.615,0.151,-0.953,1.0242,-2.2583,5.9803,-156.0643,-179.5965,-0.1382
1741951390.527,4.105,2.615,0.149,-0.953,1.0242,-2.2583,5.9803,-156.0664,-179.6073,-0.1513
1741951390.607,4.107,2.615,0.147,-0.953,1.0242,-2.2583,5.9803,-156.0545,-179.6056,-0.1458
1741951390.686,4.107,2.615,0.147,-0.953,1.0242,-2.2583,5.9803,-156.0543,-179.6018,-0.1511
1741951390.766,4.103,2.615,0.151,-0.953,1.0242,-2.2583,5.9803,-156.0374,-179.6109,-0.1521
1741951390.846,4.105,2.621,0.149,-0.959,1.0242,-2.2583,5.9803,-156.05,-179.6178,-0.1506
1741951390.925,4.104,2.62,0.15,-0.958,1.0242,-2.2583,5.9803,-156.0655,-179.6427,-0.1669
1741951391.005,4.104,2.615,0.15,-0.953,1.0242,-2.2583,5.9803,-156.0651,-179.6052,-0.1589
1741951391.085,4.104,2.615,0.15,-0.953,1.0242,-2.2583,5.9803,-156.0494,-179.6072,-0.1463
1741951391.164,4.106,2.615,0.148,-0.953,1.0242,-2.2583,5.9803,-156.0598,-179.6205,-0.1443
1741951391.244,4.104,2.615,0.15,-0.953,1.0242,-2.2583,5.9803,-156.0565,-179.6099,-0.134
1741951391.323,4.104,2.615,0.15,-0.953,1.0242,-2.2583,5.9803,-156.0565,-179.5973,-0.1497
1741951391.403,4.103,2.619,0.151,-0.957,1.0241,-2.2583,5.9803,-156.0632,-179.5897,-0.1451
1741951391.483,4.103,2.619,0.151,-0.957,1.0241,-2.2583,5.9803,-156.0571,-179.6155,-0.1642
1741951391.562,4.105,2.615,0.149,-0.953,1.0241,-2.2583,5.9803,-156.0465,-179.6202,-0.1581
1741951391.642,4.104,2.62,0.15,-0.958,1.0241,-2.2583,5.9803,-156.0644,-179.6174,-0.1484
1741951391.722,4.104,2.62,0.15,-0.958,1.0241,-2.2583,5.9803,-156.0466,-179.6078,-0.1615
1741951391.801,4.105,2.62,0.149,-0.958,1.0241,-2.2583,5.9803,-156.0464,-179.5984,-0.1519
1741951391.881,4.105,2.62,0.149,-0.958,1.0241,-2.2583,5.9804,-156.0081,-179.6445,-0.1909
1741951391.961,4.104,2.62,0.15,-0.958,1.0241,-2.2582,5.9804,-156.0032,-179.651,-0.1745
1741951392.04,4.104,2.621,0.15,-0.959,1.0241,-2.2582,5.9804,-156.0325,-179.6421,-0.1666
1741951392.12,4.105,2.621,0.149,-0.959,1.0241,-2.2582,5.9804,-156.0387,-179.6218,-0.1626
1741951392.2,4.103,2.621,0.151,-0.959,1.0241,-2.2582,5.9804,-156.0438,-179.6218,-0.1508
1741951392.279,4.103,2.615,0.151,-0.953,1.0241,-2.2582,5.9804,-156.0514,-179.6029,-0.1403
1741951392.359,4.106,2.62,0.148,-0.958,1.0241,-2.2582,5.9804,-156.0436,-179.6126,-0.1325
1741951392.438,4.103,2.62,0.151,-0.958,1.0241,-2.2582,5.9804,-156.0467,-179.6313,-0.1459
1741951392.518,4.102,2.62,0.152,-0.958,1.0241,-2.2582,5.9804,-156.0514,-179.6143,-0.156
1741951392.598,4.105,2.62,0.149,-0.958,1.0241,-2.2582,5.9804,-156.0689,-179.6202,-0.1539
1741951392.677,4.105,2.615,0.149,-0.953,1.0241,-2.2582,5.9804,-156.0708,-179.6224,-0.1446
1741951392.757,4.105,2.615,0.149,-0.953,1.0241,-2.2582,5.9804,-156.0664,-179.6255,-0.132
1741951392.837,4.105,2.615,0.149,-0.953,1.0241,-2.2582,5.9804,-156.0633,-179.5955,-0.1303
1741951392.916,4.105,2.615,0.149,-0.953,1.0241,-2.2582,5.9804,-156.0618,-179.6145,-0.1648
1741951392.996,4.106,2.615,0.148,-0.953,1.0241,-2.2582,5.9804,-156.0622,-179.6509,-0.1752
1741951393.076,4.106,2.615,0.148,-0.953,1.0241,-2.2582,5.9804,-156.0671,-179.6354,-0.1529
1741951393.155,4.104,2.62,0.15,-0.958,1.0241,-2.2582,5.9804,-156.0598,-179.6481,-0.1738
1741951393.235,4.104,2.62,0.15,-0.958,1.0241,-2.2582,5.9804,-156.0528,-179.6517,-0.1541
1741951393.315,4.106,2.615,0.148,-0.953,1.0241,-2.2582,5.9804,-156.0654,-179.6338,-0.149
1741951393.394,4.106,2.615,0.148,-0.953,1.0241,-2.2582,5.9804,-156.0427,-179.7059,-0.2088
1741951393.474,4.106,2.615,0.148,-0.953,1.0241,-2.2582,5.9804,-155.9997,-179.7509,-0.2499
1741951393.554,4.104,2.619,0.15,-0.957,1.0241,-2.2582,5.9804,-156.0225,-179.6912,-0.2247
1741951393.633,4.104,2.62,0.15,-0.958,1.0241,-2.2582,5.9804,-156.0368,-179.6627,-0.2003
1741951393.713,4.104,2.619,0.15,-0.957,1.0241,-2.2582,5.9804,-156.0554,-179.6224,-0.1557
1741951393.792,4.105,2.619,0.149,-0.957,1.0241,-2.2582,5.9804,-156.0464,-179.6277,-0.155
1741951393.872,4.105,2.615,0.149,-0.953,1.0241,-2.2582,5.9804,-156.0395,-179.6276,-0.1681
1741951393.952,4.104,2.615,0.15,-0.953,1.024,-2.2582,5.9804,-156.0373,-179.6139,-0.1595
1741951394.031,4.104,2.62,0.15,-0.958,1.024,-2.2582,5.9804,-156.0393,-179.6214,-0.155
1741951394.111,4.104,2.615,0.15,-0.953,1.024,-2.2582,5.9804,-156.0378,-179.6066,-0.1633
1741951394.191,4.105,2.615,0.149,-0.953,1.024,-2.2582,5.9804,-156.0575,-179.6014,-0.1573
1741951394.27,4.105,2.616,0.149,-0.954,1.024,-2.2581,5.9804,-156.0336,-179.6286,-0.1734
1741951394.35,4.103,2.614,0.151,-0.952,1.024,-2.2581,5.9804,-156.0551,-179.6185,-0.1624
1741951394.43,4.105,2.62,0.149,-0.958,1.024,-2.2581,5.9804,-156.0533,-179.6015,-0.1522
1741951394.509,4.105,2.616,0.149,-0.954,1.024,-2.2581,5.9804,-156.0466,-179.6235,-0.1717
1741951394.589,4.104,2.616,0.15,-0.954,1.024,-2.2581,5.9804,-156.0492,-179.618,-0.1554
1741951394.669,4.104,2.615,0.15,-0.953,1.024,-2.2581,5.9804,-156.0538,-179.6119,-0.1545
1741951394.748,4.105,2.62,0.149,-0.958,1.024,-2.2581,5.9804,-156.0568,-179.6101,-0.1422
1741951394.828,4.104,2.62,0.15,-0.958,1.024,-2.2581,5.9804,-156.0555,-179.6134,-0.1375
1741951394.907,4.106,2.615,0.148,-0.953,1.024,-2.2581,5.9804,-156.0616,-179.6127,-0.1405
1741951394.987,4.105,2.615,0.149,-0.953,1.024,-2.2581,5.9804,-156.0592,-179.6232,-0.1396
1741951395.067,4.105,2.621,0.149,-0.959,1.024,-2.2581,5.9804,-156.0612,-179.6187,-0.1459
1741951395.146,4.106,2.621,0.148,-0.959,1.024,-2.2581,5.9804,-156.0509,-179.6124,-0.1521
1741951395.226,4.104,2.615,0.15,-0.953,1.024,-2.2581,5.9804,-156.0363,-179.6002,-0.1481
1741951395.306,4.104,2.62,0.15,-0.958,1.024,-2.2581,5.9804,-156.0432,-179.6003,-0.1463
1741951395.385,4.105,2.62,0.149,-0.958,1.024,-2.2581,5.9804,-156.0586,-179.5837,-0.1567
1741951395.465,4.105,2.621,0.149,-0.959,1.024,-2.2581,5.9804,-156.0579,-179.6051,-0.1554
1741951395.545,4.106,2.615,0.148,-0.953,1.024,-2.2581,5.9804,-156.0671,-179.6133,-0.158
1741951395.624,4.104,2.62,0.15,-0.958,1.024,-2.2581,5.9804,-156.0818,-179.6008,-0.1424
1741951395.704,4.105,2.614,0.149,-0.952,1.024,-2.2581,5.9804,-156.0725,-179.6049,-0.148
1741951395.784,4.105,2.614,0.149,-0.952,1.024,-2.2581,5.9804,-156.0606,-179.6015,-0.154
1741951395.863,4.106,2.615,0.148,-0.953,1.024,-2.2581,5.9804,-156.0669,-179.5919,-0.1491
1741951395.943,4.105,2.619,0.149,-0.957,1.024,-2.2581,5.9804,-156.0375,-179.585,-0.1395
1741951396.023,4.104,2.62,0.15,-0.958,1.024,-2.2581,5.9804,-156.048,-179.5863,-0.1414
1741951396.102,4.104,2.615,0.15,-0.953,1.024,-2.2581,5.9804,-156.0523,-179.587,-0.1492
1741951396.182,4.104,2.615,0.15,-0.953,1.024,-2.2581,5.9804,-156.0582,-179.5611,-0.1513
1741951396.262,4.104,2.615,0.15,-0.953,1.024,-2.2581,5.9804,-156.0475,-179.5942,-0.1571
1741951396.341,4.105,2.615,0.149,-0.953,1.024,-2.2581,5.9804,-156.0593,-179.6267,-0.1496
1741951396.421,4.107,2.615,0.147,-0.953,1.024,-2.2581,5.9804,-156.0441,-179.6176,-0.1347
1741951396.5,4.106,2.62,0.148,-0.958,1.024,-2.2581,5.9804,-156.0432,-179.6227,-0.153
1741951396.58,4.106,2.62,0.148,-0.958,1.024,-2.2581,5.9804,-156.0433,-179.5916,-0.1128
1741951396.66,4.106,2.62,0.148,-0.958,1.024,-2.2581,5.9804,-156.0398,-179.6113,-0.1334
1741951396.739,4.105,2.615,0.149,-0.953,1.024,-2.2581,5.9804,-156.0425,-179.6073,-0.1453
1741951396.819,4.105,2.62,0.149,-0.958,1.024,-2.2581,5.9804,-156.0468,-179.6117,-0.1471
1741951396.899,4.104,2.62,0.15,-0.958,1.024,-2.2581,5.9804,-156.0515,-179.5835,-0.1103
1741951396.978,4.104,2.62,0.15,-0.958,1.024,-2.2581,5.9804,-156.0449,-179.5671,-0.1225
1741951397.058,4.104,2.62,0.15,-0.958,1.024,-2.2581,5.9804,-156.0499,-179.5778,-0.135
1741951397.138,4.105,2.619,0.149,-0.957,1.024,-2.2581,5.9804,-156.0441,-179.5874,-0.1366
1741951397.217,4.104,2.62,0.15,-0.958,1.024,-2.2581,5.9804,-156.039,-179.5886,-0.144
1741951397.297,4.105,2.62,0.149,-0.958,1.024,-2.2581,5.9804,-156.0443,-179.5656,-0.1388
1741951397.377,4.105,2.621,0.149,-0.959,1.024,-2.2581,5.9804,-156.0717,-179.573,-0.1564
1741951397.456,4.105,2.616,0.149,-0.954,1.024,-2.2581,5.9804,-156.06,-179.5845,-0.1677
1741951397.536,4.104,2.62,0.15,-0.958,1.024,-2.2581,5.9804,-156.0588,-179.5704,-0.1354
1741951397.615,4.105,2.615,0.149,-0.953,1.024,-2.2581,5.9804,-156.0573,-179.587,-0.1533
1741951397.695,4.103,2.615,0.151,-0.953,1.024,-2.2581,5.9804,-156.07,-179.5678,-0.1333
1741951397.775,4.103,2.615,0.151,-0.953,1.024,-2.2581,5.9804,-156.0617,-179.5735,-0.1327
1741951397.854,4.106,2.619,0.148,-0.957,1.024,-2.2581,5.9804,-156.059,-179.581,-0.1315
1741951397.934,4.105,2.615,0.149,-0.953,1.024,-2.2581,5.9804,-156.0601,-179.5894,-0.1319
1741951398.014,4.105,2.615,0.149,-0.953,1.024,-2.2581,5.9804,-156.0567,-179.587,-0.1346
1741951398.093,4.104,2.615,0.15,-0.953,1.024,-2.2581,5.9804,-156.0473,-179.5643,-0.1115
1741951398.173,4.104,2.62,0.15,-0.958,1.024,-2.2581,5.9804,-156.0692,-179.6766,-0.1771
1741951398.253,4.104,2.615,0.15,-0.953,1.024,-2.2581,5.9804,-156.0994,-179.6172,-0.1448
1741951398.332,4.105,2.614,0.149,-0.952,1.024,-2.2581,5.9804,-156.0815,-179.5897,-0.1385
1741951398.412,4.104,2.619,0.15,-0.957,1.024,-2.2581,5.9804,-156.0642,-179.6398,-0.1781
1741951398.492,4.105,2.619,0.149,-0.957,1.024,-2.2581,5.9804,-156.0451,-179.617,-0.1427
1741951398.571,4.105,2.619,0.149,-0.957,1.024,-2.258,5.9804,-156.0453,-179.5834,-0.1188
1741951398.651,4.105,2.62,0.149,-0.958,1.024,-2.258,5.9804,-156.052,-179.5837,-0.126
1741951398.731,4.107,2.619,0.147,-0.957,1.024,-2.258,5.9804,-156.0537,-179.5802,-0.1247
1741951398.81,4.104,2.615,0.15,-0.953,1.024,-2.2581,5.9804,-156.0638,-179.59,-0.1461
1741951398.89,4.103,2.615,0.151,-0.953,1.024,-2.258,5.9804,-156.0479,-179.5787,-0.134
1741951398.969,4.103,2.615,0.151,-0.953,1.024,-2.258,5.9804,-156.0332,-179.5988,-0.1487
1741951399.049,4.103,2.621,0.151,-0.959,1.024,-2.258,5.9804,-156.0276,-179.5953,-0.1261
1741951399.129,4.104,2.62,0.15,-0.958,1.024,-2.258,5.9804,-156.0314,-179.6011,-0.1433
1741951399.208,4.105,2.615,0.149,-0.953,1.024,-2.258,5.9804,-156.0266,-179.6089,-0.1418
1741951399.288,4.105,2.615,0.149,-0.953,1.024,-2.258,5.9804,-156.053,-179.616,-0.1576
1741951399.368,4.105,2.62,0.149,-0.958,1.024,-2.258,5.9804,-156.0559,-179.6363,-0.1734
1741951399.447,4.104,2.62,0.15,-0.958,1.024,-2.258,5.9804,-156.0453,-179.6295,-0.1555
1741951399.527,4.105,2.62,0.149,-0.958,1.024,-2.258,5.9804,-156.04,-179.611,-0.1447
1741951399.607,4.105,2.62,0.149,-0.958,1.024,-2.258,5.9804,-156.0458,-179.6097,-0.1361
1741951399.686,4.104,2.62,0.15,-0.958,1.0239,-2.258,5.9804,-156.08,-179.5735,-0.1149
1741951399.766,4.104,2.62,0.15,-0.958,1.0239,-2.258,5.9804,-156.0704,-179.5767,-0.112
1741951399.845,4.104,2.62,0.15,-0.958,1.024,-2.2581,5.9804,-156.0821,-179.5972,-0.1456
1741951399.925,4.104,2.616,0.15,-0.954,1.0239,-2.258,5.9804,-156.0748,-179.5686,-0.131
1741951400.005,4.104,2.62,0.15,-0.958,1.0239,-2.258,5.9804,-156.0439,-179.5897,-0.1341
1741951400.084,4.105,2.62,0.149,-0.958,1.0239,-2.258,5.9804,-156.0369,-179.5901,-0.1453
1741951400.164,4.105,2.62,0.149,-0.958,1.0239,-2.258,5.9804,-156.0666,-179.5795,-0.1341
1741951400.244,4.105,2.615,0.149,-0.953,1.0239,-2.258,5.9804,-156.0488,-179.5937,-0.1456
1741951400.323,4.105,2.615,0.149,-0.953,1.0239,-2.258,5.9804,-156.0505,-179.5918,-0.1296
1741951400.403,4.106,2.62,0.148,-0.958,1.0239,-2.258,5.9804,-156.0542,-179.5754,-0.1349
1741951400.483,4.104,2.62,0.15,-0.958,1.0239,-2.258,5.9804,-156.0454,-179.6081,-0.1461
1741951400.562,4.104,2.614,0.15,-0.952,1.0239,-2.258,5.9804,-156.0568,-179.5852,-0.1501
1741951400.642,4.106,2.621,0.148,-0.959,1.0239,-2.258,5.9804,-156.0385,-179.5935,-0.1589
1741951400.722,4.103,2.615,0.151,-0.953,1.0239,-2.258,5.9804,-156.0324,-179.6055,-0.16
1741951400.801,4.105,2.616,0.149,-0.954,1.0239,-2.258,5.9804,-156.0304,-179.6432,-0.168
1741951400.881,4.106,2.616,0.148,-0.954,1.0239,-2.258,5.9804,-156.0278,-179.6162,-0.1438
1741951400.961,4.106,2.615,0.148,-0.953,1.0239,-2.258,5.9804,-156.043,-179.6215,-0.1487
1741951401.04,4.106,2.615,0.148,-0.953,1.0239,-2.258,5.9804,-156.0429,-179.6155,-0.142
1741951401.12,4.106,2.615,0.148,-0.953,1.0239,-2.258,5.9804,-156.0421,-179.6136,-0.15
1741951401.2,4.105,2.614,0.149,-0.952,1.0239,-2.258,5.9804,-156.0302,-179.6047,-0.1735
1741951401.279,4.105,2.614,0.149,-0.952,1.0239,-2.258,5.9804,-156.0346,-179.6075,-0.1513
1741951401.359,4.104,2.614,0.15,-0.952,1.0239,-2.258,5.9804,-156.0295,-179.6066,-0.1549
