Timestamp,Distance_2,Distance_3,X,Y,Z,Roll,Yaw,Pitch
1741602014.801,2.068,4.023,1.2138,-0.8710,-4.9929,-2.1385,66.1214,92.3292
1741602014.881,2.066,4.023,1.2138,-0.8709,-4.9929,-2.1186,66.1274,92.3007
1741602014.961,2.066,4.023,1.2139,-0.8709,-4.9929,-2.1430,66.1320,92.3373
1741602015.040,2.069,4.022,1.2138,-0.8711,-4.9928,-2.1489,66.1275,92.3368
1741602015.120,2.068,4.022,1.2138,-0.8710,-4.9928,-2.1360,66.1367,92.3245
1741602015.199,2.070,4.022,1.2138,-0.8709,-4.9928,-2.1329,66.1431,92.3165
1741602015.279,2.069,4.021,1.2138,-0.8709,-4.9928,-2.1206,66.1359,92.3049
1741602015.359,2.069,4.021,1.2137,-0.8710,-4.9928,-2.1067,66.1302,92.2943
1741602015.438,2.069,4.022,1.2137,-0.8710,-4.9928,-2.1164,66.1352,92.3144
1741602015.518,2.070,4.023,1.2138,-0.8709,-4.9928,-2.0963,66.1178,92.2920
1741602015.598,2.068,4.022,1.2137,-0.8708,-4.9929,-2.0878,66.1170,92.2752
1741602015.677,2.068,4.022,1.2137,-0.8710,-4.9928,-2.1173,66.1211,92.3013
1741602015.757,2.068,4.022,1.2138,-0.8710,-4.9927,-2.1165,66.1345,92.2974
1741602015.837,2.069,4.021,1.2138,-0.8710,-4.9927,-2.1009,66.1341,92.2772
1741602015.916,2.068,4.021,1.2137,-0.8709,-4.9928,-2.1100,66.1299,92.2806
1741602015.996,2.069,4.022,1.2137,-0.8709,-4.9927,-2.1292,66.1283,92.2946
1741602016.075,2.070,4.024,1.2137,-0.8709,-4.9927,-2.1079,66.1316,92.2778
1741602016.155,2.070,4.024,1.2138,-0.8710,-4.9926,-2.1228,66.1337,92.2921
1741602016.235,2.069,4.022,1.2129,-0.8709,-4.9923,-2.1366,66.1278,92.3016
1741602016.315,2.066,4.023,1.2081,-0.8710,-4.9903,-2.0948,66.1587,92.2361
1741602016.394,2.068,4.021,1.1989,-0.8713,-4.9862,-2.1085,66.0163,92.2588
1741602016.474,2.065,4.012,1.1874,-0.8716,-4.9800,-2.5457,65.8299,92.6900
1741602016.554,2.065,4.012,1.1755,-0.8714,-4.9743,-2.5794,65.7219,92.7777
1741602016.633,2.064,3.997,1.1657,-0.8716,-4.9698,-2.6914,65.5896,92.8428
1741602016.713,2.064,3.979,1.1583,-0.8716,-4.9661,-2.6587,65.4902,92.7982
1741602016.792,2.066,3.964,1.1530,-0.8714,-4.9636,-2.6242,65.4339,92.7241
1741602016.874,2.064,3.954,1.1493,-0.8715,-4.9620,-2.5531,65.4001,92.6433
1741602016.952,2.064,3.954,1.1457,-0.8715,-4.9603,-2.5362,65.3806,92.5729
1741602017.031,0.677,3.946,1.1406,-0.8718,-4.9577,-2.4481,65.3364,92.5195
1741602017.111,0.671,3.940,1.1336,-0.8717,-4.9547,-2.2723,65.2858,92.3513
1741602017.191,2.060,3.933,1.1261,-0.8713,-4.9513,-2.1474,65.1940,92.2621
1741602017.270,2.060,3.933,1.1184,-0.8717,-4.9476,-2.0850,65.0958,92.2100
1741602017.470,2.061,3.911,1.1013,-0.8717,-4.9391,-2.2173,64.8795,92.3745
1741602017.549,2.060,3.904,1.0950,-0.8716,-4.9360,-2.2315,64.8259,92.4360
1741602017.629,2.061,3.892,1.0888,-0.8719,-4.9328,-2.3441,64.7190,92.5640
1741602017.708,2.061,3.883,1.0823,-0.8718,-4.9295,-2.4437,64.6383,92.6857
1741602017.788,2.060,3.872,1.0758,-0.8719,-4.9263,-2.4198,64.5036,92.6341
1741602017.868,2.060,3.872,1.0691,-0.8720,-4.9229,-2.4024,64.3728,92.6209
1741602017.947,2.058,3.865,1.0622,-0.8720,-4.9195,-2.3909,64.2734,92.6467
1741602018.027,2.056,3.855,1.0554,-0.8719,-4.9163,-2.2004,64.1557,92.5024
1741602019.082,2.056,3.737,0.9564,-0.8730,-4.8651,-2.3531,62.8089,92.6270
1741602019.162,2.056,3.737,0.9493,-0.8730,-4.8613,-2.2726,62.7513,92.5644
1741602019.241,2.056,3.728,0.9420,-0.8731,-4.8576,-2.0726,62.6083,92.3940
1741602019.321,2.054,3.717,0.9345,-0.8732,-4.8538,-1.9163,62.5177,92.2331
1741602019.401,2.053,3.705,0.9272,-0.8732,-4.8499,-1.8680,62.3911,92.1564
1741602019.480,2.055,3.695,0.9193,-0.8731,-4.8456,-1.9584,62.2737,92.2150
1741602019.562,2.055,3.695,0.9109,-0.8731,-4.8408,-2.0515,62.1489,92.3487
1741602019.640,2.056,3.684,0.9023,-0.8730,-4.8359,-2.1545,62.0646,92.4851
1741602019.719,2.057,3.671,0.8944,-0.8730,-4.8314,-2.2423,61.8898,92.5443
1741602019.799,2.058,3.658,0.8865,-0.8732,-4.8269,-2.2434,61.6795,92.5512
1741602019.879,2.057,3.648,0.8787,-0.8734,-4.8224,-2.2212,61.5458,92.5229
1741602019.958,2.057,3.648,0.8713,-0.8735,-4.8185,-2.0037,61.3073,92.3438
1741602020.038,2.058,3.635,0.8641,-0.8737,-4.8142,-2.0585,61.2260,92.3478
1741602020.118,2.058,3.624,0.8566,-0.8736,-4.8101,-1.9474,61.0409,92.2228
1741602020.197,2.061,3.618,0.8492,-0.8737,-4.8060,-1.8191,60.8930,92.0599
1741602020.277,2.061,3.605,0.8414,-0.8738,-4.8014,-1.8660,60.8062,92.0966
1741602020.356,2.061,3.605,0.8336,-0.8739,-4.7968,-1.9052,60.7237,92.1281
1741602020.436,2.060,3.595,0.8260,-0.8738,-4.7925,-1.8298,60.6530,92.0111
1741602020.516,2.064,3.581,0.8186,-0.8740,-4.7883,-1.7892,60.6508,91.9907
1741602020.596,2.062,3.570,0.8108,-0.8742,-4.7834,-2.0402,60.5971,92.2715
1741602020.675,2.065,3.562,0.8028,-0.8743,-4.7786,-2.1202,60.4739,92.3524
1741602020.755,2.065,3.562,0.7950,-0.8745,-4.7740,-2.1028,60.3986,92.3407
1741602020.834,2.062,3.550,0.7872,-0.8746,-4.7691,-2.0952,60.2713,92.3570
1741602020.914,2.053,3.539,0.7795,-0.8745,-4.7647,-2.1115,60.0972,92.3975
1741602020.994,2.055,3.527,0.7722,-0.8745,-4.7604,-2.0433,60.0170,92.3349
1741602021.073,2.057,3.514,0.7649,-0.8747,-4.7561,-2.0317,60.0120,92.3191
1741602021.153,2.057,3.514,0.7575,-0.8749,-4.7519,-1.8374,59.9002,92.1671
1741602021.232,2.053,3.505,0.7503,-0.8748,-4.7475,-1.8097,59.7566,92.1423
1741602021.312,2.055,3.499,0.7427,-0.8747,-4.7430,-1.8755,59.6181,92.1173
1741602021.392,2.065,3.486,0.7350,-0.8747,-4.7381,-1.9307,59.5897,92.1815
1741602021.471,2.067,3.478,0.7269,-0.8746,-4.7330,-2.0630,59.5806,92.3698
1741602021.551,2.067,3.478,0.7190,-0.8748,-4.7280,-2.1475,59.4800,92.4764
1741602021.631,2.070,3.465,0.7112,-0.8751,-4.7229,-2.2122,59.3431,92.5333
1741602021.710,2.070,3.452,0.7034,-0.8755,-4.7182,-2.1044,59.2070,92.4203
1741602021.790,2.072,3.436,0.6955,-0.8754,-4.7132,-2.1064,59.0675,92.4654
1741602021.870,2.074,3.429,0.6885,-0.8753,-4.7092,-1.9525,58.8691,92.3512
1741602021.949,2.074,3.429,0.6812,-0.8753,-4.7048,-1.9238,58.8549,92.3248
1741602022.029,2.072,3.419,0.6737,-0.8756,-4.7003,-1.7237,58.6676,92.1615
1741602022.109,2.075,3.407,0.6663,-0.8758,-4.6959,-1.6088,58.4673,92.0202
1741602022.188,2.077,3.401,0.6583,-0.8760,-4.6909,-1.7827,58.5019,92.1993
1741602022.268,2.078,3.390,0.6504,-0.8756,-4.6856,-1.7171,58.4854,92.1487
1741602022.348,2.078,3.390,0.6430,-0.8758,-4.6810,-1.6542,58.4114,92.1204
1741602022.427,2.080,3.375,0.6354,-0.8761,-4.6760,-1.6782,58.4365,92.1525
1741602022.507,2.081,3.369,0.6277,-0.8762,-4.6709,-1.8214,58.4143,92.3220
1741602022.586,2.082,3.353,0.6199,-0.8764,-4.6661,-1.9339,58.2953,92.3794
1741602022.667,2.083,3.346,0.6117,-0.8768,-4.6607,-1.9130,58.1722,92.3978
1741602022.766,2.083,3.346,0.6022,-0.8770,-4.6541,-1.9394,58.1025,92.4438
1741602022.845,2.083,3.331,0.5949,-0.8766,-4.6496,-1.8939,57.9490,92.3349
1741602022.925,2.086,3.322,0.5879,-0.8767,-4.6455,-1.8500,57.9667,92.2745
1741602023.005,2.086,3.308,0.5805,-0.8770,-4.6407,-1.6112,57.8597,92.0492
1741602023.084,2.087,3.295,0.5735,-0.8770,-4.6361,-1.5796,57.7358,92.0296
1741602023.165,2.087,3.295,0.5662,-0.8772,-4.6313,-1.4719,57.5164,91.8596
1741602023.244,2.088,3.286,0.5585,-0.8771,-4.6263,-1.5089,57.5153,91.8407
1741602023.323,2.089,3.279,0.5509,-0.8770,-4.6213,-1.5155,57.4555,91.8122
1741602023.403,2.092,3.271,0.5431,-0.8772,-4.6158,-1.6393,57.3142,91.9913
1741602023.483,2.094,3.255,0.5354,-0.8778,-4.6107,-1.7894,57.1019,92.1066
1741602023.563,2.094,3.255,0.5279,-0.8778,-4.6053,-1.6861,56.9068,91.9953
1741602023.642,2.097,3.243,0.5203,-0.8774,-4.6003,-1.6319,56.7706,91.9438
1741602023.721,2.099,3.240,0.5130,-0.8775,-4.5958,-1.4110,56.6232,91.7114
1741602023.801,2.102,3.226,0.5055,-0.8777,-4.5909,-1.3461,56.5078,91.6052
1741602023.881,2.103,3.217,0.4976,-0.8777,-4.5856,-1.2453,56.2167,91.5752
1741602023.961,2.103,3.217,0.4901,-0.8777,-4.5803,-1.0713,56.0420,91.3662
1741602024.040,2.104,3.213,0.4825,-0.8777,-4.5750,-1.1905,56.1135,91.4428
1741602024.120,2.105,3.197,0.4745,-0.8784,-4.5691,-1.2139,55.9389,91.4651
1741602024.199,2.108,3.183,0.4665,-0.8785,-4.5636,-1.2411,55.9588,91.4878
1741602024.279,2.109,3.174,0.4585,-0.8784,-4.5577,-1.3896,56.0186,91.6109
1741602024.359,2.109,3.174,0.4500,-0.8783,-4.5515,-1.5215,55.9115,91.8012
1741602024.438,2.111,3.165,0.4414,-0.8787,-4.5451,-1.6618,55.8779,91.9252
1741602024.518,2.114,3.148,0.4322,-0.8786,-4.5389,-1.6044,55.7424,91.8892
1741602024.598,2.117,3.137,0.4228,-0.8789,-4.5321,-1.6068,55.6831,91.8693
1741602024.677,2.118,3.121,0.4132,-0.8788,-4.5255,-1.4678,55.6530,91.7063
1741602024.757,2.118,3.121,0.4038,-0.8785,-4.5193,-1.3362,55.4493,91.6442
1741602024.836,2.122,3.106,0.3946,-0.8787,-4.5131,-1.2649,55.2942,91.5152
1741602024.916,2.124,3.098,0.3853,-0.8788,-4.5062,-1.3656,55.2241,91.5400
1741602024.996,2.126,3.085,0.3758,-0.8785,-4.4993,-1.5209,55.1592,91.6816
1741602025.075,2.128,3.066,0.3663,-0.8788,-4.4926,-1.5533,55.0486,91.7427
1741602025.155,2.128,3.066,0.3569,-0.8790,-4.4853,-1.7359,54.8873,91.8691
1741602025.235,2.128,3.058,0.3470,-0.8785,-4.4787,-1.5313,54.7151,91.6932
1741602025.314,2.133,3.040,0.3377,-0.8791,-4.4720,-1.5727,54.6386,91.7114
1741602025.394,2.137,3.031,0.3287,-0.8796,-4.4654,-1.4175,54.4099,91.6020
1741602025.474,2.139,3.011,0.3193,-0.8793,-4.4588,-1.3076,54.2776,91.4413
1741602025.553,2.139,3.011,0.3102,-0.8795,-4.4521,-1.3647,54.2730,91.4700
1741602025.633,2.141,2.999,0.3009,-0.8794,-4.4453,-1.3230,54.2296,91.4514
1741602025.713,2.144,2.987,0.2913,-0.8795,-4.4381,-1.3951,54.1819,91.5209
1741602025.792,2.147,2.978,0.2821,-0.8796,-4.4312,-1.5017,54.1375,91.6256
1741602025.872,2.148,2.964,0.2728,-0.8798,-4.4242,-1.5163,54.0657,91.6680
1741602025.951,2.148,2.964,0.2634,-0.8798,-4.4169,-1.6693,54.0061,91.8282
1741602026.031,2.151,2.948,0.2540,-0.8801,-4.4102,-1.6014,53.9529,91.7368
1741602026.111,2.157,2.935,0.2446,-0.8799,-4.4031,-1.5477,53.8456,91.6994
1741602026.190,2.157,2.923,0.2352,-0.8799,-4.3962,-1.4701,53.6822,91.6555
1741602026.272,2.161,2.903,0.2258,-0.8803,-4.3891,-1.4040,53.5194,91.5531
1741602026.350,2.161,2.903,0.2164,-0.8802,-4.3818,-1.5027,53.5266,91.6108
1741602026.429,2.163,2.896,0.2064,-0.8798,-4.3744,-1.5691,53.6477,91.6524
1741602026.509,2.166,2.883,0.1954,-0.8800,-4.3672,-1.6674,54.4328,91.6987
1741602026.589,2.169,2.865,0.1837,-0.8804,-4.3606,-1.6676,55.7334,91.7222
1741602026.668,2.163,2.842,0.1710,-0.8802,-4.3540,-1.7405,57.2456,91.7517
1741602026.748,2.163,2.842,0.1591,-0.8803,-4.3484,-1.5822,58.6387,91.5864
1741602026.828,2.154,2.813,0.1471,-0.8806,-4.3425,-1.4882,59.7355,91.4313
1741602026.907,2.146,2.790,0.1354,-0.8804,-4.3359,-1.3990,59.7855,91.3508
1741602026.987,2.142,2.764,0.1241,-0.8803,-4.3293,-1.4023,59.7745,91.2691
1741602027.066,2.144,2.752,0.1126,-0.8806,-4.3225,-1.5754,59.9441,91.4768
1741602027.146,2.144,2.752,0.1006,-0.8806,-4.3149,-1.7458,59.8754,91.6123
1741602027.226,2.142,2.736,0.0881,-0.8806,-4.3075,-1.6880,59.7821,91.5598
1741602027.305,2.144,2.717,0.0756,-0.8808,-4.3003,-1.5125,59.6414,91.3820
1741602027.385,2.145,2.700,0.0628,-0.8806,-4.2931,-1.3667,59.5438,91.2725
1741602027.465,2.146,2.675,0.0502,-0.8805,-4.2856,-1.2426,59.4820,91.1155
1741602027.544,2.146,2.675,0.0373,-0.8804,-4.2778,-1.2601,59.4549,91.0679
1741602027.624,2.148,2.659,0.0244,-0.8804,-4.2695,-1.5111,59.4321,91.2738
1741602027.704,2.151,2.640,0.0108,-0.8805,-4.2611,-1.5485,59.2609,91.3087
1741602027.783,2.152,2.622,-0.0032,-0.8805,-4.2526,-1.4785,59.1523,91.2521
1741602027.863,2.153,2.603,-0.0170,-0.8802,-4.2446,-1.2143,59.0297,91.0378
1741602027.943,2.153,2.603,-0.0307,-0.8806,-4.2363,-1.1108,58.8237,90.9048
1741602028.022,2.154,2.589,-0.0440,-0.8801,-4.2282,-1.0790,58.7701,90.8731
1741602028.102,2.155,2.564,-0.0573,-0.8805,-4.2201,-1.1170,58.8385,90.8231
1741602028.183,2.157,2.550,-0.0712,-0.8807,-4.2107,-1.3684,58.8959,91.0697
1741602028.261,2.159,2.550,-0.0845,-0.8804,-4.2023,-1.5194,58.6934,91.2006
1741602028.341,2.159,2.531,-0.0983,-0.8805,-4.1937,-1.5498,58.5701,91.2141
1741602028.420,2.160,2.508,-0.1124,-0.8804,-4.1854,-1.1935,58.3956,90.9681
1741602028.500,2.162,2.491,-0.1264,-0.8802,-4.1775,-1.0676,58.5451,90.7755
1741602028.580,2.163,2.472,-0.1404,-0.8803,-4.1708,-1.0609,60.0670,90.7091
1741602028.660,2.163,2.472,-0.1555,-0.8802,-4.1645,-1.3400,62.2681,90.9888
1741602028.739,2.160,2.447,-0.1705,-0.8799,-4.1592,-1.6273,64.4021,91.2116
1741602028.819,2.156,2.424,-0.1857,-0.8801,-4.1528,-1.3600,64.7816,90.9835
1741602028.898,2.151,2.405,-0.2003,-0.8799,-4.1458,-1.4124,64.6965,91.0611
1741602030.192,2.146,2.153,-0.4467,-0.8800,-4.0378,-0.9983,69.1710,91.0735
1741602030.272,2.144,2.130,-0.4621,-0.8798,-4.0314,-1.2573,69.2065,91.2440
1741602030.352,2.144,2.130,-0.4779,-0.8797,-4.0254,-0.8755,69.0105,90.8643
1741602030.431,2.141,2.107,-0.4935,-0.8797,-4.0199,-0.3533,68.7120,90.4615
1741602030.511,2.139,2.086,-0.5059,-0.8788,-4.0182,1.9226,69.3126,87.8203
1741602030.591,2.136,2.061,-0.5165,-0.8780,-4.0149,2.4338,69.3460,87.0172
1741602030.671,2.149,2.049,-0.5253,-0.8777,-4.0092,0.5185,69.0861,87.8574
1741602030.752,2.149,2.049,-0.5428,-0.8783,-4.0030,1.5329,68.9574,87.5779
1741602030.830,2.141,2.038,-0.5608,-0.8786,-3.9954,1.0775,68.9307,88.0101
1741602030.909,2.129,2.019,-0.5794,-0.8790,-3.9880,1.0898,68.9271,88.2655
1741602030.989,2.128,1.994,-0.5977,-0.8785,-3.9813,1.5738,68.8819,87.8765
1741602031.071,2.128,1.968,-0.6139,-0.8789,-3.9745,1.3685,68.9780,87.8662
1741602031.148,2.128,1.968,-0.6322,-0.8789,-3.9716,4.6793,68.7064,85.8918
1741602031.228,2.122,1.945,-0.6473,-0.8775,-3.9672,5.4047,68.1201,85.3706
1741602031.308,2.132,1.922,-0.6624,-0.8784,-3.9604,5.1256,67.8579,85.7781
1741602031.387,2.134,1.898,-0.6792,-0.8791,-3.9530,5.0653,67.5684,86.0725
1741602031.469,2.131,1.874,-0.6952,-0.8789,-3.9461,4.8798,67.3898,86.3442
1741602031.546,2.131,1.874,-0.7105,-0.8794,-3.9394,4.6350,67.1363,86.6398
1741602031.626,2.129,1.853,-0.7260,-0.8794,-3.9317,4.1146,67.0258,87.2897
1741602031.706,2.126,1.832,-0.7407,-0.8791,-3.9260,4.4090,66.9002,86.8028
1741602031.786,2.126,1.811,-0.7560,-0.8793,-3.9193,4.2559,66.6777,87.1237
1741602031.865,2.121,1.788,-0.7712,-0.8799,-3.9130,4.5356,66.5486,86.7577
1741602031.945,2.121,1.788,-0.7871,-0.8801,-3.9056,4.2622,66.3824,87.0315
1741602032.024,2.119,1.767,-0.8027,-0.8804,-3.8981,3.8567,66.2567,87.3491
1741602032.104,2.117,1.743,-0.8162,-0.8826,-3.8846,-1.5745,66.4708,92.0143
1741602032.184,2.116,1.722,-0.8313,-0.8825,-3.8785,-1.1302,66.5149,91.3399
1741602032.263,2.121,1.701,-0.8476,-0.8827,-3.8706,-1.8349,66.3970,92.0954
1741602032.343,2.121,1.701,-0.8612,-0.8828,-3.8645,-1.3890,66.1039,91.7475
1741602032.424,2.118,1.679,-0.8755,-0.8827,-3.8582,-1.1066,65.9782,91.4753
1741602032.502,2.118,1.659,-0.8892,-0.8830,-3.8522,-1.0975,65.9563,91.3809
1741602032.582,2.114,1.640,-0.9042,-0.8834,-3.8453,-1.2004,65.9092,91.4780
1741602032.662,2.114,1.619,-0.9201,-0.8835,-3.8378,-1.4090,65.8242,91.6832
1741602032.741,2.114,1.619,-0.9365,-0.8835,-3.8304,-1.3578,65.6654,91.6830
1741602032.821,2.112,1.596,-0.9523,-0.8833,-3.8232,-1.3506,65.6870,91.7166
1741602033.020,2.109,1.550,-0.9906,-0.8833,-3.8062,-0.9940,65.6262,91.2652
1741602033.100,2.107,1.529,-1.0057,-0.8838,-3.7988,-1.2198,65.5168,91.3814
1741602033.179,2.106,1.508,-1.0206,-0.8839,-3.7917,-1.2872,65.5725,91.3535
1741602033.260,2.104,1.487,-1.0361,-0.8841,-3.7847,-1.4476,65.5009,91.4753
1741602033.339,2.104,1.487,-1.0515,-0.8841,-3.7777,-1.1813,65.3402,91.2658
1741602033.418,2.104,1.465,-1.0650,-0.8829,-3.7705,-1.0993,65.0154,90.8964
1741602033.498,2.104,1.443,-1.0722,-0.8815,-3.7645,-2.9341,64.6856,91.7817
1741602033.578,2.102,1.424,-1.0814,-0.8820,-3.7623,-1.3910,64.5360,89.5563
1741602033.657,2.103,1.413,-1.0955,-0.8820,-3.7558,-1.7332,64.3988,89.8508
1741602033.737,2.103,1.413,-1.1115,-0.8819,-3.7486,-1.6250,64.8499,89.4997
1741602033.816,2.103,1.400,-1.1324,-0.8825,-3.7391,-1.2253,64.5967,89.9847
1741602033.896,2.100,1.379,-1.1551,-0.8853,-3.7287,-0.8225,64.7582,91.4499
1741602033.976,2.101,1.347,-1.1733,-0.8846,-3.7204,-0.6926,64.4900,91.2337
1741602034.056,2.101,1.347,-1.1894,-0.8836,-3.7118,-0.9908,64.5477,91.4600
1741602034.135,2.096,1.320,-1.1985,-0.8828,-3.7029,-3.9929,65.4955,94.6960
1741602034.215,2.097,1.295,-1.2051,-0.8826,-3.6967,-5.7857,65.5478,96.0088
1741602034.294,2.100,1.279,-1.2133,-0.8813,-3.6918,-5.1123,63.8953,95.0859
1741602034.374,2.104,1.267,-1.2190,-0.8803,-3.6875,-5.9678,63.3833,94.5397
1741602034.454,2.104,1.267,-1.2314,-0.8807,-3.6804,-6.3751,63.8997,94.3568
1741602034.533,2.104,1.255,-1.2509,-0.8809,-3.6736,-5.2936,64.6079,93.1087
1741602034.613,2.105,1.245,-1.2827,-0.8815,-3.6712,4.5720,64.3505,85.9961
1741602034.693,2.102,1.221,-1.3017,-0.8809,-3.6581,-0.3131,64.0785,90.5116
1741602034.776,2.086,1.185,-1.3154,-0.8821,-3.6489,-1.2837,64.4333,91.4940
1741602035.708,2.088,0.992,-1.4827,-0.8848,-3.5636,-0.8797,63.1490,90.9229
1741602035.788,2.087,0.976,-1.4972,-0.8840,-3.5563,-0.6565,62.9654,90.7111
1741602035.869,2.087,0.959,-1.5121,-0.8840,-3.5488,-0.6016,62.9176,90.6018
1741602035.947,2.087,0.959,-1.5277,-0.8846,-3.5408,-0.4305,62.8388,90.4380
1741602036.027,2.087,0.940,-1.5440,-0.8851,-3.5323,-0.5231,62.8136,90.4128
1741602036.106,2.087,0.919,-1.5595,-0.8851,-3.5238,-0.7373,62.7930,90.6863
1741602036.186,2.087,0.896,-1.5749,-0.8854,-3.5157,-0.8539,62.7557,90.8090
1741602036.265,2.085,0.871,-1.5896,-0.8851,-3.5082,-0.6528,62.6919,90.6381
1741602036.345,2.085,0.871,-1.6038,-0.8853,-3.5013,-0.2742,62.6252,90.2564
1741602036.425,2.086,0.850,-1.6185,-0.8851,-3.4940,-0.1412,62.6143,90.1316
1741602036.505,2.084,0.833,-1.6326,-0.8852,-3.4864,-0.2786,62.5328,90.2034
1741602036.584,2.085,0.815,-1.6474,-0.8846,-3.4780,-0.5212,62.5091,90.4253
1741602036.664,2.086,0.791,-1.6627,-0.8842,-3.4696,-0.7624,62.5382,90.7151
1741602036.744,2.086,0.791,-1.6779,-0.8848,-3.4618,-0.6218,62.4515,90.6396
1741602036.823,2.085,0.773,-1.6929,-0.8847,-3.4539,-0.5505,62.4203,90.5743
1741602036.903,2.087,0.753,-1.7076,-0.8852,-3.4463,-0.3319,62.3365,90.3602
1741602036.982,2.084,0.732,-1.7227,-0.8852,-3.4385,-0.2171,62.2923,90.1886
1741602037.062,2.086,0.713,-1.7379,-0.8849,-3.4302,-0.3391,62.2801,90.3601
1741602037.142,2.086,0.713,-1.7517,-0.8851,-3.4227,-0.4489,62.3680,90.5084
1741602037.221,2.085,0.687,-1.7578,-0.8852,-3.4194,-0.4838,62.4009,90.5296
1741602037.301,2.086,0.670,-1.7570,-0.8849,-3.4197,-0.5202,62.4504,90.5649
1741602037.381,2.084,0.654,-1.7549,-0.8849,-3.4209,-0.4540,62.4367,90.4592
1741602037.460,2.083,0.656,-1.7536,-0.8849,-3.4217,-0.4294,62.4127,90.4327
1741602037.540,2.083,0.656,-1.7531,-0.8849,-3.4220,-0.4245,62.4156,90.4419
1741602037.620,2.085,0.662,-1.7533,-0.8850,-3.4219,-0.4235,62.4131,90.4375
1741602037.699,2.085,0.660,-1.7531,-0.8849,-3.4220,-0.4291,62.4080,90.4424
1741602037.799,2.084,0.660,-1.7531,-0.8849,-3.4218,-0.4402,62.4027,90.4439
1741602037.878,2.084,0.663,-1.7532,-0.8851,-3.4219,-0.4350,62.3986,90.4349
1741602037.958,2.084,0.659,-1.7532,-0.8850,-3.4220,-0.4317,62.3958,90.4295
1741602038.038,2.084,0.659,-1.7532,-0.8850,-3.4218,-0.4674,62.3977,90.4537
1741602038.117,2.085,0.660,-1.7516,-0.8849,-3.4228,-0.4822,62.4452,90.5162
1741602038.197,2.085,0.660,-1.7453,-0.8849,-3.4261,-0.4694,62.4828,90.4736
1741602038.277,2.085,0.665,-1.7350,-0.8845,-3.4319,-0.3077,62.5014,90.3052
1741602038.356,2.086,0.670,-1.7227,-0.8850,-3.4386,-0.1905,62.5664,90.2018
1741602038.436,2.086,0.670,-1.7108,-0.8853,-3.4447,-0.2458,62.5935,90.3027
1741602038.515,2.084,0.689,-1.7005,-0.8852,-3.4500,-0.4133,62.6339,90.4716
1741602038.595,2.085,0.706,-1.6919,-0.8849,-3.4545,-0.4473,62.6824,90.5610
1741602038.675,2.085,0.723,-1.6842,-0.8849,-3.4585,-0.4936,62.7224,90.6461
1741602038.755,2.086,0.734,-1.6765,-0.8848,-3.4623,-0.6459,62.7441,90.7669
1741602038.834,2.086,0.734,-1.6683,-0.8847,-3.4663,-0.7227,62.7456,90.7567
1741602038.914,2.084,0.743,-1.6602,-0.8848,-3.4704,-0.8250,62.7558,90.8496
1741602038.993,2.086,0.751,-1.6524,-0.8846,-3.4749,-0.6214,62.7464,90.5897
1741602039.073,2.087,0.766,-1.6466,-0.8848,-3.4779,-0.5875,62.7535,90.5181
1741602039.153,2.087,0.773,-1.6461,-0.8849,-3.4783,-0.5544,62.7365,90.5147
1741602039.233,2.087,0.773,-1.6462,-0.8850,-3.4783,-0.5269,62.7511,90.4886
1741602039.312,2.086,0.781,-1.6462,-0.8850,-3.4783,-0.5061,62.7456,90.4758
1741602039.392,2.084,0.779,-1.6462,-0.8850,-3.4781,-0.4820,62.7480,90.4550
1741602039.471,2.086,0.782,-1.6461,-0.8850,-3.4782,-0.4552,62.7366,90.4209
1741602039.551,2.086,0.782,-1.6462,-0.8850,-3.4782,-0.4584,62.7382,90.4214
1741602039.631,2.086,0.782,-1.6462,-0.8851,-3.4781,-0.4401,62.7345,90.4056
1741602039.710,2.086,0.779,-1.6450,-0.8849,-3.4788,-0.4076,62.7415,90.3372
1741602039.790,2.087,0.781,-1.6418,-0.8849,-3.4805,-0.4027,62.7346,90.3994
1741602039.869,2.086,0.780,-1.6353,-0.8849,-3.4842,-0.2606,62.8133,90.2580
1741602039.949,2.086,0.785,-1.6259,-0.8853,-3.4893,-0.1081,62.8022,90.1637
1741602040.029,2.086,0.785,-1.6159,-0.8849,-3.4946,-0.1491,62.8349,90.1832
1741602040.108,2.086,0.799,-1.6051,-0.8854,-3.5000,-0.2487,62.9008,90.2913
1741602040.188,2.085,0.811,-1.5955,-0.8851,-3.5048,-0.4186,62.9136,90.4469
1741602040.268,2.088,0.824,-1.5868,-0.8851,-3.5088,-0.7069,62.9659,90.6977
1741602040.347,2.088,0.836,-1.5789,-0.8852,-3.5127,-0.7600,62.9901,90.7273
1741602040.427,2.087,0.836,-1.5717,-0.8852,-3.5166,-0.7749,63.0151,90.7663
1741602040.507,2.088,0.846,-1.5642,-0.8855,-3.5206,-0.6773,63.0288,90.6698
1741602040.586,2.087,0.857,-1.5561,-0.8853,-3.5246,-0.7171,63.0815,90.6962
1741602040.666,2.087,0.867,-1.5478,-0.8855,-3.5292,-0.5709,63.1494,90.5413
1741602040.746,2.087,0.880,-1.5390,-0.8849,-3.5338,-0.5355,63.2460,90.5308
1741602040.825,2.087,0.880,-1.5300,-0.8855,-3.5389,-0.4451,63.2559,90.5147
1741602040.905,2.086,0.892,-1.5190,-0.8855,-3.5443,-0.4813,63.2927,90.6301
1741602040.985,2.087,0.907,-1.5062,-0.8854,-3.5505,-0.6344,63.3320,90.8197
1741602041.064,2.087,0.920,-1.4922,-0.8853,-3.5573,-0.7731,63.4171,90.9752
1741602041.144,2.087,0.937,-1.4772,-0.8851,-3.5651,-0.7331,63.3980,90.7908
1741602041.224,2.088,0.937,-1.4629,-0.8851,-3.5726,-0.7124,63.4608,90.7663
1741602041.303,2.091,0.956,-1.4488,-0.8852,-3.5799,-0.5505,63.4956,90.6113
1741602041.383,2.088,0.979,-1.4364,-0.8854,-3.5866,-0.4026,63.5834,90.5542
1741602041.462,2.089,0.999,-1.4237,-0.8853,-3.5927,-0.4532,63.6400,90.5907
1741602041.542,2.089,1.014,-1.4143,-0.8850,-3.6009,1.4714,64.1064,89.2956
1741602041.624,2.090,1.014,-1.4056,-0.8833,-3.6083,3.4684,63.9821,87.5068
1741602041.701,2.089,1.032,-1.3942,-0.8832,-3.6145,3.7490,64.2289,87.2446
1741602041.781,2.086,1.045,-1.3809,-0.8834,-3.6219,4.2380,64.4270,86.9095
1741602041.861,2.087,1.063,-1.3665,-0.8825,-3.6295,4.5676,64.4668,86.5488
1741602041.940,2.087,1.082,-1.3500,-0.8831,-3.6352,3.1546,64.7687,87.7556
1741602042.020,2.088,1.082,-1.3295,-0.8852,-3.6392,-0.8172,64.7970,91.0520
1741602042.219,2.096,1.127,-1.2982,-0.8848,-3.6532,-0.9391,65.0708,91.1581
1741602042.418,2.098,1.161,-1.2795,-0.8836,-3.6652,0.3913,66.6333,89.2715
1741602042.498,2.099,1.177,-1.2755,-0.8834,-3.6682,1.3755,66.7290,88.3900
1741602042.577,2.099,1.189,-1.2734,-0.8821,-3.6710,2.6894,66.4222,88.0461
1741602042.657,2.097,1.193,-1.2699,-0.8808,-3.6725,2.9271,66.4675,88.7994
1741602042.737,2.097,1.196,-1.2614,-0.8796,-3.6778,4.0149,66.4978,88.5157
1741602042.816,2.095,1.196,-1.2424,-0.8793,-3.6859,4.0690,66.4969,88.4470
1741602042.896,2.096,1.206,-1.2111,-0.8822,-3.6889,-3.9563,66.1259,95.3547
1741602042.976,2.100,1.227,-1.1828,-0.8830,-3.6992,-3.9587,66.1477,94.0662
1741602043.175,2.109,1.298,-1.1442,-0.8833,-3.7203,-1.0490,66.4290,90.4620
1741602043.254,2.114,1.322,-1.1408,-0.8828,-3.7217,-1.1235,66.7173,90.2339
1741602043.334,2.114,1.338,-1.1403,-0.8832,-3.7210,-1.6022,66.4727,90.8484
1741602043.414,2.115,1.338,-1.1402,-0.8831,-3.7208,-1.7131,66.3831,91.0350
1741602043.493,2.115,1.339,-1.1379,-0.8830,-3.7229,-1.5545,66.1074,90.6623
1741602043.573,2.116,1.337,-1.1330,-0.8825,-3.7258,-1.7077,65.0905,90.3718
1741602043.772,2.109,1.348,-1.0910,-0.8824,-3.7486,-1.4669,64.9570,89.8476
1741602044.091,2.113,1.428,-1.0333,-0.8839,-3.7764,-1.1013,65.1297,91.1827
1741602044.170,2.113,1.445,-1.0261,-0.8841,-3.7798,-1.0375,65.0357,91.1285
1741602044.250,2.113,1.454,-1.0176,-0.8844,-3.7839,-1.0359,64.9743,91.1646
1741602044.332,2.113,1.467,-1.0072,-0.8844,-3.7887,-1.0956,64.8915,91.2482
1741602044.409,2.114,1.467,-0.9954,-0.8839,-3.7945,-0.9580,64.7968,91.2324
1741602045.584,2.119,1.648,-0.8540,-0.8831,-3.8627,-1.1819,64.0908,91.6022
1741602045.664,2.119,1.659,-0.8543,-0.8830,-3.8627,-1.2016,64.0856,91.6221
1741602045.743,2.119,1.659,-0.8543,-0.8831,-3.8624,-1.1994,64.0877,91.6170
1741602045.823,2.119,1.660,-0.8543,-0.8831,-3.8626,-1.2262,64.0852,91.6427
1741602045.903,2.120,1.660,-0.8542,-0.8831,-3.8625,-1.2278,64.0894,91.6400
1741602045.982,2.121,1.659,-0.8543,-0.8830,-3.8624,-1.2277,64.0934,91.6474
1741602046.062,2.120,1.660,-0.8543,-0.8830,-3.8625,-1.1939,64.0909,91.6110
1741602046.142,2.120,1.661,-0.8542,-0.8830,-3.8625,-1.2365,64.0904,91.6453
1741602046.222,2.118,1.660,-0.8542,-0.8831,-3.8624,-1.2445,64.0882,91.6576
1741602046.301,2.119,1.660,-0.8543,-0.8831,-3.8624,-1.2535,64.0889,91.6663
1741602046.381,2.117,1.660,-0.8542,-0.8831,-3.8624,-1.2647,64.0936,91.6740
1741602046.460,2.118,1.660,-0.8542,-0.8830,-3.8623,-1.3010,64.0905,91.7086
1741602046.540,2.118,1.661,-0.8543,-0.8831,-3.8624,-1.2965,64.0876,91.7058
1741602046.621,2.119,1.661,-0.8542,-0.8830,-3.8624,-1.2922,64.0845,91.7008
1741602046.699,2.120,1.661,-0.8541,-0.8830,-3.8623,-1.3032,64.0882,91.7082
1741602046.779,2.119,1.660,-0.8543,-0.8831,-3.8624,-1.2499,64.0882,91.6601
1741602046.858,2.118,1.660,-0.8542,-0.8831,-3.8624,-1.2057,64.0827,91.6208
1741602046.938,2.118,1.659,-0.8544,-0.8831,-3.8624,-1.2099,64.0871,91.6261
1741602047.018,2.119,1.659,-0.8549,-0.8831,-3.8619,-1.2553,64.0255,91.6541
1741602047.097,2.119,1.661,-0.8565,-0.8831,-3.8610,-1.2430,63.9844,91.6615
1741602047.177,2.120,1.660,-0.8613,-0.8830,-3.8588,-1.2157,63.9942,91.6516
1741602047.257,2.120,1.658,-0.8683,-0.8831,-3.8552,-1.2197,63.9833,91.6660
1741602047.336,2.120,1.649,-0.8766,-0.8827,-3.8513,-1.1204,63.9436,91.5790
1741602047.416,2.119,1.649,-0.8852,-0.8831,-3.8469,-0.9972,63.8197,91.4513
1741602047.496,2.121,1.640,-0.8929,-0.8834,-3.8429,-1.1696,63.7697,91.5935
1741602047.575,2.118,1.625,-0.9007,-0.8834,-3.8391,-1.1596,63.7297,91.6104
1741602047.655,2.118,1.613,-0.9078,-0.8832,-3.8355,-1.1860,63.6043,91.6099
1741602047.734,2.118,1.603,-0.9147,-0.8834,-3.8319,-1.1357,63.4723,91.5504
1741602047.814,2.118,1.603,-0.9219,-0.8836,-3.8282,-1.1265,63.3391,91.5368
1741602047.894,2.117,1.592,-0.9288,-0.8837,-3.8246,-1.1459,63.2538,91.5295
1741602047.973,2.117,1.584,-0.9359,-0.8837,-3.8210,-1.1758,63.1946,91.5250
1741602048.053,2.118,1.571,-0.9437,-0.8836,-3.8170,-1.1304,63.1689,91.5047
1741602048.133,2.118,1.564,-0.9508,-0.8834,-3.8130,-1.2006,63.1862,91.4982
1741602048.212,2.119,1.564,-0.9583,-0.8837,-3.8091,-1.1896,63.1089,91.5079
1741602048.292,2.119,1.552,-0.9664,-0.8836,-3.8054,-0.9688,63.1207,91.3037
1741602048.372,2.119,1.541,-0.9742,-0.8838,-3.8012,-1.0743,63.1445,91.3164
1741602048.451,2.116,1.529,-0.9824,-0.8837,-3.7972,-1.0436,63.0889,91.3116
1741602048.531,2.116,1.519,-0.9903,-0.8839,-3.7931,-1.0393,63.0728,91.3362
1741602048.611,2.120,1.519,-0.9983,-0.8836,-3.7890,-1.0051,62.9707,91.3069
1741602048.690,2.118,1.508,-1.0057,-0.8839,-3.7851,-1.1619,62.9170,91.3935
1741602048.770,2.117,1.495,-1.0133,-0.8836,-3.7811,-1.1111,62.8853,91.2866
1741602048.850,2.117,1.483,-1.0207,-0.8839,-3.7772,-1.0879,62.9233,91.2442
1741602048.929,2.117,1.474,-1.0280,-0.8839,-3.7733,-1.0828,62.9357,91.2270
1741602049.009,2.117,1.474,-1.0354,-0.8840,-3.7693,-1.1766,62.9052,91.2517
1741602049.089,2.115,1.463,-1.0434,-0.8840,-3.7652,-1.0793,62.8866,91.1667
1741602049.168,2.116,1.451,-1.0512,-0.8842,-3.7613,-0.9477,62.8424,91.0481
1741602049.248,2.116,1.443,-1.0590,-0.8840,-3.7575,-0.8985,62.8750,90.9971
1741602049.327,2.116,1.430,-1.0653,-0.8837,-3.7545,-0.8294,62.7448,90.9141
1741602049.407,2.115,1.430,-1.0673,-0.8837,-3.7534,-0.7508,62.7545,90.8406
1741602049.487,2.115,1.420,-1.0666,-0.8839,-3.7537,-0.7668,62.7789,90.8429
1741602049.566,2.116,1.415,-1.0660,-0.8839,-3.7540,-0.7868,62.7804,90.8663
1741602049.646,2.115,1.416,-1.0659,-0.8839,-3.7540,-0.8163,62.7734,90.8917
1741602049.726,2.115,1.416,-1.0658,-0.8839,-3.7542,-0.8220,62.7681,90.9023
1741602049.805,2.115,1.416,-1.0659,-0.8839,-3.7541,-0.8293,62.7691,90.9043
1741602049.885,2.116,1.417,-1.0658,-0.8839,-3.7541,-0.8225,62.7671,90.9050
1741602049.965,2.115,1.417,-1.0649,-0.8840,-3.7545,-0.8619,62.8615,90.9688
1741602050.044,2.115,1.417,-1.0616,-0.8841,-3.7561,-0.8891,62.8116,90.9811
1741602050.124,2.115,1.418,-1.0551,-0.8839,-3.7592,-1.0649,62.8790,91.1650
1741602050.203,2.117,1.418,-1.0471,-0.8840,-3.7631,-1.2035,62.9108,91.2772
1741602050.283,2.115,1.423,-1.0387,-0.8840,-3.7675,-1.2479,62.8395,91.3346
1741602050.363,2.115,1.434,-1.0305,-0.8842,-3.7718,-1.2162,62.8066,91.3357
1741602050.442,2.117,1.447,-1.0228,-0.8841,-3.7759,-1.1587,62.7920,91.2743
1741602050.522,2.117,1.457,-1.0157,-0.8839,-3.7799,-1.0586,62.8028,91.1895
1741602050.602,2.116,1.457,-1.0090,-0.8839,-3.7834,-1.0100,62.7836,91.1900
1741602050.681,2.118,1.469,-1.0030,-0.8838,-3.7864,-1.0369,62.7798,91.2657
1741602050.761,2.118,1.477,-0.9970,-0.8838,-3.7899,-0.9614,62.7226,91.2545
1741602050.841,2.118,1.489,-0.9901,-0.8837,-3.7934,-0.9993,62.7097,91.2810
1741602050.920,2.116,1.496,-0.9829,-0.8838,-3.7969,-1.0774,62.6683,91.3504
1741602051.000,2.118,1.496,-0.9758,-0.8834,-3.8005,-1.0878,62.5961,91.4059
1741602051.080,2.118,1.507,-0.9688,-0.8835,-3.8041,-1.0326,62.5610,91.3872
1741602051.159,2.116,1.518,-0.9617,-0.8835,-3.8078,-1.1220,62.5106,91.4579
1741602051.239,2.116,1.527,-0.9544,-0.8837,-3.8117,-1.2025,62.4620,91.5530
1741602051.318,2.118,1.536,-0.9470,-0.8835,-3.8155,-1.1261,62.4185,91.4826
1741602051.398,2.118,1.536,-0.9396,-0.8836,-3.8193,-1.2225,62.4238,91.5898
1741602051.478,2.118,1.548,-0.9324,-0.8834,-3.8234,-1.0764,62.4127,91.4566
1741602051.557,2.118,1.560,-0.9253,-0.8836,-3.8272,-1.0953,62.4299,91.4729
1741602051.637,2.118,1.569,-0.9184,-0.8835,-3.8309,-1.0344,62.4504,91.4220
1741602051.717,2.118,1.581,-0.9117,-0.8833,-3.8344,-1.0020,62.5077,91.4418
1741602051.796,2.118,1.581,-0.9048,-0.8831,-3.8381,-0.9852,62.5191,91.4110
1741602051.876,2.117,1.590,-0.8977,-0.8831,-3.8419,-0.9687,62.5492,91.3841
1741602051.956,2.118,1.600,-0.8902,-0.8832,-3.8458,-0.9340,62.5759,91.3796
1741602052.035,2.118,1.609,-0.8831,-0.8830,-3.8495,-0.9346,62.5496,91.3697
1741602052.115,2.116,1.609,-0.8761,-0.8831,-3.8530,-1.0870,62.5811,91.5246
1741602052.195,2.116,1.622,-0.8686,-0.8830,-3.8567,-1.2092,62.5985,91.6310
1741602052.274,2.118,1.632,-0.8614,-0.8829,-3.8603,-1.2557,62.6136,91.6633
1741602052.354,2.117,1.642,-0.8543,-0.8829,-3.8641,-1.2228,62.6202,91.6488
1741602052.434,2.117,1.652,-0.8472,-0.8828,-3.8680,-1.1795,62.5742,91.6259
1741602052.513,2.118,1.652,-0.8396,-0.8828,-3.8719,-1.1407,62.5607,91.5668
1741602052.593,2.116,1.663,-0.8325,-0.8824,-3.8760,-0.9668,62.5618,91.4108
1741602052.673,2.116,1.674,-0.8252,-0.8827,-3.8797,-0.9376,62.5396,91.4084
1741602052.752,2.117,1.683,-0.8182,-0.8826,-3.8836,-0.8158,62.4794,91.3413
1741602052.832,2.117,1.694,-0.8114,-0.8824,-3.8871,-0.8806,62.4966,91.4345
1741602052.911,2.117,1.694,-0.8043,-0.8823,-3.8909,-0.8838,62.4614,91.4560
1741602052.991,2.119,1.702,-0.7998,-0.8821,-3.8946,-0.3223,62.6048,91.1092
1741602053.071,2.119,1.712,-0.7981,-0.8816,-3.8971,0.5681,62.6308,90.4856
1741602053.150,2.115,1.719,-0.7957,-0.8809,-3.8998,1.3565,62.4973,89.8935
1741602053.230,2.115,1.723,-0.7917,-0.8806,-3.9029,2.0226,62.3775,89.3815
1741602053.310,2.116,1.723,-0.7841,-0.8803,-3.9085,2.7795,62.3790,88.6442
1741602053.389,2.113,1.727,-0.7742,-0.8804,-3.9150,3.2231,62.4917,88.1215
1741602053.471,2.112,1.738,-0.7636,-0.8800,-3.9210,3.4928,62.6724,87.8432
1741602053.549,2.109,1.753,-0.7545,-0.8796,-3.9262,3.5608,62.7104,87.7482
1741602053.628,2.109,1.769,-0.7468,-0.8798,-3.9307,3.7732,62.8438,87.4560
1741602053.708,2.109,1.769,-0.7406,-0.8798,-3.9341,3.7177,62.8571,87.5140
1741602053.788,2.108,1.779,-0.7349,-0.8796,-3.9368,3.6150,62.8661,87.6328
1741602053.867,2.108,1.791,-0.7285,-0.8795,-3.9404,3.5932,62.9247,87.6218
1741602053.947,2.108,1.797,-0.7205,-0.8799,-3.9436,2.8689,62.8542,88.2565
1741602054.026,2.108,1.807,-0.7100,-0.8813,-3.9451,0.1168,63.3204,90.7803
1741602054.106,2.108,1.807,-0.7003,-0.8806,-3.9468,-1.3052,63.2886,91.8550
1741602054.186,2.116,1.820,-0.6928,-0.8810,-3.9520,-1.0117,63.2389,91.5233
1741602054.265,2.117,1.830,-0.6850,-0.8811,-3.9555,-0.9698,63.2529,91.4601
1741602054.345,2.116,1.844,-0.6789,-0.8811,-3.9585,-0.9607,63.2266,91.4537
1741602054.425,2.116,1.853,-0.6728,-0.8809,-3.9618,-0.9786,63.2193,91.4779
1741602054.504,2.116,1.853,-0.6671,-0.8809,-3.9649,-0.9646,63.3467,91.4351
1741602054.584,2.116,1.861,-0.6616,-0.8811,-3.9684,-0.8388,63.6646,91.3430
1741602054.664,2.113,1.868,-0.6565,-0.8809,-3.9713,-0.6004,63.9823,90.9946
1741602054.743,2.095,1.875,-0.6512,-0.8804,-3.9747,-0.2996,64.2588,90.5876
1741602054.823,2.095,1.886,-0.6459,-0.8806,-3.9775,-0.2891,64.5643,90.5732
1741602054.902,2.089,1.886,-0.6396,-0.8802,-3.9815,-0.1447,64.7923,90.5477
1741602054.982,2.088,1.893,-0.6323,-0.8800,-3.9850,-0.2363,65.1015,90.6890
1741602055.062,2.089,1.902,-0.6221,-0.8810,-3.9889,-0.8391,64.9710,91.4814
1741602055.142,2.090,1.913,-0.6114,-0.8803,-3.9940,-0.6871,64.9462,91.2451
1741602055.221,2.090,1.928,-0.6018,-0.8801,-3.9981,-0.7691,64.7962,91.3429
1741602055.301,2.092,1.928,-0.5942,-0.8800,-4.0016,-0.8331,64.7160,91.3626
1741602055.380,2.093,1.942,-0.5880,-0.8800,-4.0045,-0.8791,64.6874,91.3522
1741602055.460,2.094,1.951,-0.5830,-0.8801,-4.0069,-0.8631,64.6418,91.3396
1741602055.540,2.094,1.963,-0.5780,-0.8801,-4.0092,-0.8102,64.6902,91.2304
1741602055.619,2.094,1.967,-0.5721,-0.8802,-4.0119,-0.7921,64.6460,91.1733
1741602055.699,2.095,1.967,-0.5659,-0.8801,-4.0151,-0.8163,64.6181,91.2084
1741602055.779,2.094,1.976,-0.5591,-0.8801,-4.0184,-0.7087,64.5759,91.0424
1741602055.858,2.094,1.984,-0.5523,-0.8800,-4.0214,-0.7341,64.5843,91.0097
1741602055.938,2.095,1.994,-0.5458,-0.8798,-4.0247,-0.6669,64.5081,90.9418
1741602056.018,2.095,2.002,-0.5392,-0.8798,-4.0278,-0.6626,64.4935,90.8927
1741602056.097,2.095,2.002,-0.5329,-0.8797,-4.0306,-0.6741,64.4707,90.8624
1741602056.177,2.095,2.011,-0.5267,-0.8797,-4.0337,-0.6713,64.4310,90.8431
1741602056.257,2.095,2.022,-0.5204,-0.8797,-4.0366,-0.5256,64.3778,90.7085
1741602056.336,2.095,2.029,-0.5141,-0.8798,-4.0396,-0.5459,64.3769,90.6508
1741602056.416,2.096,2.038,-0.5080,-0.8798,-4.0425,-0.6392,64.3236,90.7036
1741602056.495,2.097,2.038,-0.5012,-0.8798,-4.0455,-0.7198,64.2910,90.7242
1741602056.575,2.097,2.044,-0.4943,-0.8798,-4.0487,-0.7637,64.1875,90.7760
1741602056.655,2.097,2.055,-0.4867,-0.8797,-4.0524,-0.8209,64.0800,90.7868
1741602056.735,2.097,2.065,-0.4789,-0.8798,-4.0562,-0.7474,63.9790,90.7535
1741602056.816,2.096,2.076,-0.4708,-0.8799,-4.0602,-0.7493,63.9331,90.8281
1741602056.894,2.096,2.076,-0.4629,-0.8798,-4.0642,-0.6515,63.8807,90.7817
1741602056.973,2.096,2.086,-0.4550,-0.8794,-4.0679,-0.7336,63.8020,90.9194
1741602057.053,2.097,2.100,-0.4469,-0.8792,-4.0718,-0.7112,63.7619,90.9660
1741602057.133,2.097,2.110,-0.4394,-0.8791,-4.0756,-0.7162,63.7425,91.0269
1741602057.212,2.099,2.119,-0.4317,-0.8792,-4.0792,-0.8380,63.6635,91.0925
1741602057.292,2.099,2.119,-0.4238,-0.8791,-4.0830,-0.8498,63.5822,91.1487
1741602057.371,2.099,2.132,-0.4159,-0.8790,-4.0871,-0.8377,63.5724,91.1512
1741602057.451,2.098,2.140,-0.4075,-0.8795,-4.0910,-1.0004,63.4744,91.3654
1741602057.531,2.098,2.154,-0.3980,-0.8787,-4.0954,-1.1479,63.4208,91.4440
1741602057.611,2.096,2.154,-0.3876,-0.8792,-4.1006,-1.1648,63.3091,91.4508
1741602057.690,2.099,2.167,-0.3770,-0.8795,-4.1058,-1.2052,63.2701,91.5285
1741602057.770,2.099,2.178,-0.3673,-0.8789,-4.1110,-1.0594,63.2059,91.3852
1741602057.849,2.100,2.194,-0.3578,-0.8796,-4.1158,-1.0863,63.1540,91.3573
1741602057.929,2.100,2.210,-0.3483,-0.8794,-4.1205,-1.0629,63.1140,91.1962
1741602058.009,2.098,2.210,-0.3391,-0.8792,-4.1251,-1.1247,63.0819,91.2112
1741602058.088,2.099,2.224,-0.3298,-0.8789,-4.1301,-1.0058,63.0054,91.0401
1741602058.168,2.103,2.235,-0.3192,-0.8790,-4.1351,-1.1340,62.9564,91.0136
1741602058.248,2.098,2.249,-0.3083,-0.8796,-4.1403,-1.2892,62.8322,91.1149
1741602058.329,2.098,2.263,-0.2980,-0.8790,-4.1455,-1.3173,62.6676,91.1035
1741602058.407,2.101,2.263,-0.2879,-0.8791,-4.1506,-1.2994,62.5632,91.0616
1741602058.487,2.104,2.277,-0.2781,-0.8791,-4.1558,-1.2994,62.5115,90.9711
1741602058.566,2.103,2.292,-0.2688,-0.8795,-4.1609,-1.2627,62.3865,90.9820
1741602058.646,2.103,2.308,-0.2597,-0.8790,-4.1656,-1.1993,62.3961,91.0009
1741602058.726,2.103,2.322,-0.2503,-0.8796,-4.1704,-1.2575,62.3701,91.0751
1741602058.805,2.103,2.322,-0.2408,-0.8796,-4.1751,-1.3231,62.3137,91.0571
1741602058.885,2.105,2.332,-0.2313,-0.8790,-4.1803,-1.1507,62.2479,90.9394
1741602058.964,2.103,2.345,-0.2214,-0.8792,-4.1856,-1.2399,62.2360,91.0287
1741602059.044,2.105,2.360,-0.2113,-0.8796,-4.1904,-1.4158,62.2536,91.1721
1741602059.124,2.105,2.375,-0.2017,-0.8797,-4.1956,-1.3174,62.1536,91.0378
1741602059.203,2.104,2.375,-0.1926,-0.8795,-4.2005,-1.2401,62.1463,91.0391
1741602059.283,2.104,2.384,-0.1839,-0.8799,-4.2055,-1.1502,62.1283,90.9257
1741602059.363,2.104,2.403,-0.1759,-0.8796,-4.2097,-1.0667,62.0992,90.8867
1741602059.442,2.104,2.415,-0.1691,-0.8795,-4.2133,-1.1131,62.1025,90.9327
1741602059.522,2.104,2.423,-0.1633,-0.8795,-4.2163,-1.1413,62.1163,90.9399
1741602059.602,2.104,2.423,-0.1583,-0.8794,-4.2188,-1.1593,62.1160,90.9759
1741602059.681,2.104,2.434,-0.1557,-0.8794,-4.2202,-1.2060,62.1137,91.0228
1741602059.761,2.104,2.442,-0.1563,-0.8794,-4.2198,-1.1399,62.1242,90.9707
1741602059.841,2.103,2.447,-0.1567,-0.8794,-4.2195,-1.1659,62.1260,90.9978
1741602059.924,2.103,2.441,-0.1568,-0.8793,-4.2194,-1.2073,62.1325,91.0407
1741602060.000,2.104,2.441,-0.1569,-0.8795,-4.2193,-1.2172,62.1292,91.0500
1741602060.079,2.105,2.446,-0.1568,-0.8794,-4.2192,-1.2303,62.1369,91.0618
1741602060.159,2.105,2.446,-0.1567,-0.8794,-4.2193,-1.2272,62.1329,91.0593
1741602060.239,2.105,2.444,-0.1568,-0.8794,-4.2192,-1.2416,62.1375,91.0823
1741602060.318,2.105,2.441,-0.1567,-0.8794,-4.2192,-1.2549,62.1384,91.0877
1741602060.398,2.105,2.441,-0.1567,-0.8793,-4.2192,-1.2701,62.1302,91.1070
1741602060.478,2.105,2.446,-0.1568,-0.8793,-4.2190,-1.2854,62.1273,91.1213
1741602060.677,2.105,2.443,-0.1568,-0.8793,-4.2189,-1.3022,62.1296,91.1329
1741602060.876,2.105,2.445,-0.1567,-0.8792,-4.2191,-1.2952,62.1367,91.1365
1741602060.955,2.105,2.440,-0.1567,-0.8793,-4.2188,-1.3021,62.1401,91.1500
1741602062.250,2.105,2.460,-0.1005,-0.8797,-4.2474,-1.4873,61.7850,91.3061
1741602062.329,2.105,2.490,-0.0845,-0.8793,-4.2559,-1.4445,61.7459,91.3519
1741602062.409,2.105,2.510,-0.0719,-0.8795,-4.2628,-1.3958,61.7241,91.3578
1741602062.489,2.104,2.510,-0.0611,-0.8795,-4.2684,-1.3837,61.6102,91.3532
1741602062.568,2.104,2.535,-0.0522,-0.8792,-4.2733,-1.4196,61.5962,91.3699
1741602062.648,2.104,2.551,-0.0441,-0.8785,-4.2779,-1.2943,61.5460,91.2570
1741602062.728,2.104,2.562,-0.0354,-0.8791,-4.2824,-1.4068,61.4358,91.3818
1741602062.807,2.104,2.570,-0.0261,-0.8795,-4.2870,-1.5821,61.3098,91.4399
1741602062.887,2.103,2.570,-0.0193,-0.8794,-4.2908,-1.4460,61.3127,91.4010
1741602062.967,2.104,2.589,-0.0131,-0.8794,-4.2943,-1.3983,61.2392,91.3677
1741602063.046,2.104,2.598,-0.0080,-0.8795,-4.2972,-1.3486,61.2014,91.3356
1741602063.126,2.104,2.609,-0.0035,-0.8793,-4.2994,-1.3924,61.1970,91.3932
1741602063.206,2.103,2.609,0.0014,-0.8793,-4.3023,-1.3000,61.1732,91.2967
1741602063.285,2.104,2.608,0.0071,-0.8793,-4.3056,-1.2578,61.1638,91.2645
1741602063.365,2.104,2.615,0.0125,-0.8795,-4.3083,-1.3092,61.1431,91.2942
1741602063.444,2.103,2.630,0.0159,-0.8792,-4.3102,-1.3380,61.1285,91.3026
1741602063.524,2.103,2.632,0.0164,-0.8792,-4.3105,-1.3249,61.1361,91.2946
1741602063.604,2.102,2.632,0.0163,-0.8791,-4.3103,-1.3273,61.1430,91.3012
1741602063.683,2.103,2.638,0.0163,-0.8791,-4.3103,-1.3051,61.1468,91.2760
1741602063.763,2.103,2.637,0.0162,-0.8792,-4.3102,-1.3143,61.1518,91.2818
1741602063.843,2.103,2.633,0.0162,-0.8792,-4.3103,-1.3161,61.1502,91.2717
1741602063.922,2.103,2.638,0.0164,-0.8792,-4.3103,-1.3244,61.1517,91.2698
1741602064.002,2.104,2.638,0.0163,-0.8792,-4.3101,-1.3276,61.1578,91.2820
1741602064.082,2.103,2.637,0.0164,-0.8792,-4.3101,-1.3221,61.1592,91.2710
1741602064.161,2.103,2.634,0.0163,-0.8792,-4.3100,-1.3160,61.1578,91.2742
1741602064.241,2.103,2.632,0.0175,-0.8791,-4.3106,-1.3512,61.1567,91.3181
1741602064.321,2.103,2.633,0.0218,-0.8791,-4.3130,-1.3476,61.1259,91.3037
1741602064.400,2.103,2.633,0.0295,-0.8792,-4.3168,-1.3347,61.1661,91.3493
1741602064.480,2.103,2.636,0.0390,-0.8787,-4.3222,-1.2985,61.0797,91.2626
1741602064.559,2.103,2.645,0.0498,-0.8793,-4.3277,-1.4487,61.0204,91.3326
1741602064.639,2.102,2.664,0.0592,-0.8794,-4.3329,-1.5704,60.9586,91.4803
1741602064.719,2.102,2.673,0.0673,-0.8793,-4.3372,-1.5600,60.8379,91.4906
1741602064.798,2.102,2.673,0.0746,-0.8793,-4.3414,-1.5503,60.7453,91.5117
1741602064.878,2.103,2.691,0.0812,-0.8791,-4.3448,-1.5938,60.7021,91.5929
1741602064.958,2.102,2.697,0.0879,-0.8790,-4.3487,-1.5108,60.6397,91.5208
1741602065.037,2.103,2.708,0.0950,-0.8792,-4.3530,-1.4172,60.6099,91.4578
1741602065.117,2.103,2.717,0.1023,-0.8793,-4.3571,-1.4516,60.6203,91.5339
1741602065.197,2.101,2.717,0.1104,-0.8791,-4.3616,-1.4310,60.5324,91.5945
1741602065.276,2.101,2.729,0.1188,-0.8790,-4.3663,-1.4764,60.5235,91.6368
1741602065.356,2.101,2.737,0.1278,-0.8787,-4.3711,-1.5243,60.5197,91.6455
1741602065.435,2.103,2.756,0.1365,-0.8790,-4.3760,-1.5018,60.4382,91.6258
1741602065.515,2.103,2.763,0.1450,-0.8790,-4.3807,-1.6233,60.4508,91.8166
1741602065.595,2.102,2.763,0.1541,-0.8784,-4.3856,-1.7712,60.3447,91.8919
1741602065.675,2.101,2.782,0.1632,-0.8787,-4.3910,-1.7386,60.3433,91.9226
1741602065.754,2.101,2.793,0.1720,-0.8790,-4.3961,-1.6151,60.2463,91.8639
1741602065.834,2.101,2.807,0.1815,-0.8788,-4.4014,-1.5752,60.1975,91.7913
1741602065.913,2.101,2.820,0.1911,-0.8787,-4.4073,-1.4897,60.2247,91.7892
1741602065.993,2.100,2.820,0.2013,-0.8784,-4.4131,-1.5471,60.1780,91.7785
1741602066.073,2.101,2.833,0.2120,-0.8786,-4.4190,-1.4796,60.2075,91.7815
1741602066.152,2.100,2.849,0.2233,-0.8785,-4.4252,-1.5522,60.1579,91.7772
1741602066.232,2.099,2.857,0.2348,-0.8785,-4.4314,-1.7154,60.1403,91.8816
1741602066.312,2.099,2.874,0.2462,-0.8785,-4.4377,-1.7481,59.9603,91.9366
1741602066.391,2.099,2.874,0.2574,-0.8783,-4.4444,-1.6642,59.8168,91.8722
1741602066.471,2.100,2.897,0.2697,-0.8781,-4.4514,-1.6808,59.7873,91.8917
1741602066.551,2.098,2.904,0.2820,-0.8781,-4.4586,-1.7329,59.7593,91.9868
1741602066.630,2.097,2.930,0.2955,-0.8781,-4.4666,-1.6261,59.7299,91.9447
1741602066.710,2.097,2.941,0.3097,-0.8778,-4.4746,-1.6416,59.7321,91.9666
1741602066.790,2.097,2.941,0.3235,-0.8774,-4.4825,-1.6665,59.5769,91.9527
1741602066.869,2.098,2.965,0.3367,-0.8778,-4.4899,-1.7537,59.5517,92.0351
1741602066.949,2.098,2.987,0.3497,-0.8777,-4.4974,-1.6102,59.4798,91.8993
1741602067.029,2.097,3.000,0.3626,-0.8771,-4.5055,-1.6073,59.4391,91.9568
1741602067.108,2.097,3.028,0.3756,-0.8777,-4.5134,-1.4118,59.4201,91.7653
1741602067.188,2.097,3.028,0.3890,-0.8773,-4.5211,-1.5181,59.4157,91.7961
1741602067.269,2.096,3.046,0.4027,-0.8772,-4.5292,-1.5043,59.4249,91.7700
1741602067.347,2.094,3.059,0.4165,-0.8773,-4.5369,-1.6899,59.3842,91.8870
1741602067.427,2.094,3.079,0.4301,-0.8774,-4.5448,-1.6728,59.1825,91.9282
1741602067.506,2.094,3.098,0.4432,-0.8769,-4.5525,-1.6324,59.1088,91.9206
1741602067.586,2.093,3.098,0.4563,-0.8770,-4.5606,-1.4551,59.0889,91.7439
1741602067.666,2.093,3.119,0.4693,-0.8769,-4.5687,-1.2467,59.0923,91.6103
1741602067.745,2.092,3.139,0.4821,-0.8767,-4.5764,-1.2041,59.0887,91.6149
1741602067.825,2.092,3.160,0.4950,-0.8764,-4.5843,-1.2476,59.1146,91.6801
1741602067.905,2.091,3.177,0.5077,-0.8762,-4.5917,-1.3645,59.0426,91.8081
1741602067.984,2.088,3.177,0.5205,-0.8762,-4.5992,-1.3945,58.9974,91.8316
1741602068.064,2.089,3.197,0.5338,-0.8764,-4.6073,-1.3041,59.0033,91.8291
1741602068.143,2.088,3.215,0.5471,-0.8762,-4.6156,-1.2798,59.0831,91.9049
1741602068.223,2.088,3.236,0.5608,-0.8760,-4.6236,-1.4050,59.0928,91.9556
1741602068.303,2.085,3.254,0.5739,-0.8760,-4.6317,-1.3739,59.0830,91.9887
1741602068.382,2.084,3.254,0.5874,-0.8759,-4.6393,-1.4756,59.0187,92.0575
1741602068.462,2.085,3.278,0.6005,-0.8757,-4.6474,-1.5367,58.9189,92.1236
1741602068.541,2.083,3.297,0.6134,-0.8755,-4.6552,-1.4995,58.7369,92.0830
1741602068.621,2.083,3.310,0.6262,-0.8750,-4.6632,-1.5083,58.6905,92.1418
1741602068.701,2.082,3.310,0.6391,-0.8747,-4.6711,-1.4644,58.6355,92.1061
1741602068.781,2.082,3.331,0.6521,-0.8746,-4.6795,-1.5023,58.6105,92.1797
1741602068.860,2.081,3.355,0.6654,-0.8744,-4.6873,-1.5814,58.6163,92.2656
1741602068.940,2.080,3.370,0.6782,-0.8747,-4.6947,-1.6311,58.6467,92.2752
1741602069.020,2.080,3.393,0.6917,-0.8750,-4.7029,-1.7465,58.5620,92.3055
1741602069.099,2.079,3.393,0.7048,-0.8747,-4.7112,-1.6547,58.4852,92.2112
1741602069.179,2.078,3.412,0.7185,-0.8745,-4.7196,-1.7215,58.4934,92.2510
1741602069.258,2.078,3.429,0.7326,-0.8738,-4.7285,-1.5677,58.4786,92.0448
1741602069.338,2.076,3.456,0.7466,-0.8738,-4.7375,-1.5351,58.4812,91.9483
1741602069.418,2.076,3.476,0.7606,-0.8736,-4.7461,-1.4689,58.5037,91.8435
1741602069.498,2.075,3.476,0.7751,-0.8736,-4.7552,-1.6429,58.3938,91.8408
1741602069.577,2.073,3.490,0.7887,-0.8734,-4.7633,-1.5300,58.2534,91.8031
1741602069.657,2.072,3.517,0.8020,-0.8732,-4.7717,-1.4907,58.1685,91.8324
1741602069.736,2.068,3.538,0.8150,-0.8731,-4.7802,-1.4563,58.1881,91.8552
1741602069.816,2.068,3.555,0.8281,-0.8732,-4.7885,-1.4702,58.1657,91.9209
1741602069.896,2.064,3.555,0.8419,-0.8731,-4.7965,-1.5832,58.1770,92.0571
1741602069.975,2.055,3.577,0.8557,-0.8728,-4.8051,-1.5874,58.1442,92.0535
1741602070.055,2.054,3.593,0.8698,-0.8728,-4.8139,-1.6245,58.0575,92.0443
1741602070.135,2.058,3.614,0.8838,-0.8727,-4.8230,-1.4665,58.0670,91.9765
1741602070.214,2.058,3.638,0.8977,-0.8726,-4.8321,-1.4031,57.9859,91.9251
1741602070.294,2.060,3.638,0.9117,-0.8723,-4.8409,-1.3755,57.9878,91.8753
1741602070.374,2.061,3.657,0.9263,-0.8722,-4.8502,-1.3537,58.0279,91.8902
1741602070.453,2.060,3.680,0.9410,-0.8718,-4.8593,-1.4552,57.9955,91.9040
1741602070.533,2.058,3.701,0.9562,-0.8715,-4.8688,-1.5096,57.9178,91.9438
1741602070.613,2.058,3.727,0.9707,-0.8714,-4.8781,-1.4696,57.6980,91.9386
1741602070.692,2.058,3.727,0.9852,-0.8716,-4.8876,-1.3922,57.6262,91.9119
1741602070.772,2.057,3.751,0.9997,-0.8712,-4.8968,-1.3669,57.5986,91.9300
1741602070.851,2.056,3.773,1.0148,-0.8712,-4.9061,-1.5082,57.5833,92.1255
1741602070.935,2.054,3.791,1.0303,-0.8712,-4.9159,-1.4601,57.5572,92.0134
1741602071.986,2.049,3.861,1.0542,-0.8712,-4.9312,-1.6149,57.2373,92.0583
1741602072.066,2.051,3.859,1.0542,-0.8710,-4.9313,-1.6271,57.2469,92.0683
1741602072.146,2.050,3.861,1.0543,-0.8710,-4.9313,-1.6210,57.2487,92.0591
1741602072.225,2.050,3.859,1.0544,-0.8711,-4.9313,-1.6337,57.2460,92.0709
1741602072.305,2.050,3.858,1.0543,-0.8711,-4.9313,-1.6310,57.2460,92.0706
1741602072.384,2.051,3.858,1.0542,-0.8712,-4.9314,-1.6148,57.2475,92.0628
1741602072.464,2.051,3.861,1.0543,-0.8712,-4.9313,-1.6072,57.2467,92.0688
1741602072.546,2.052,3.858,1.0542,-0.8712,-4.9314,-1.6103,57.2439,92.0637
1741602072.623,2.051,3.861,1.0543,-0.8711,-4.9314,-1.6071,57.2411,92.0574
1741602072.703,2.051,3.861,1.0542,-0.8712,-4.9314,-1.6226,57.2431,92.0684
1741602072.783,2.051,3.861,1.0543,-0.8712,-4.9315,-1.6334,57.2432,92.0758
1741602072.862,2.051,3.861,1.0543,-0.8711,-4.9316,-1.6378,57.2451,92.0765
1741602072.942,2.051,3.859,1.0543,-0.8711,-4.9316,-1.6470,57.2419,92.0915
1741602073.022,2.051,3.858,1.0543,-0.8711,-4.9316,-1.6668,57.2447,92.1077
1741602073.101,2.050,3.861,1.0543,-0.8711,-4.9316,-1.6631,57.2479,92.1034
1741602073.181,2.049,3.861,1.0544,-0.8712,-4.9315,-1.6551,57.2491,92.0963
1741602073.261,2.049,3.861,1.0543,-0.8710,-4.9317,-1.6437,57.2428,92.0905
1741602073.340,2.051,3.859,1.0543,-0.8711,-4.9318,-1.6351,57.2494,92.0824
1741602073.420,2.051,3.861,1.0543,-0.8711,-4.9319,-1.6385,57.2500,92.0783
1741602073.500,2.052,3.859,1.0544,-0.8712,-4.9318,-1.6201,57.2495,92.0711
1741602073.579,2.051,3.859,1.0545,-0.8712,-4.9317,-1.6126,57.2405,92.0601
1741602073.659,2.051,3.858,1.0544,-0.8711,-4.9319,-1.6178,57.2896,92.0879
1741602073.738,2.051,3.859,1.0562,-0.8711,-4.9330,-1.6423,57.2467,92.0936
1741602073.818,2.051,3.858,1.0621,-0.8711,-4.9371,-1.5535,57.2766,92.0329
1741602073.898,2.051,3.862,1.0730,-0.8711,-4.9441,-1.5736,57.2976,92.0442
1741602073.977,2.050,3.862,1.0871,-0.8706,-4.9535,-1.4512,57.2758,91.9059
1741602074.057,2.048,3.877,1.1032,-0.8704,-4.9641,-1.4214,57.2884,91.9025
1741602074.138,2.044,3.893,1.1206,-0.8704,-4.9747,-1.6033,57.1727,91.8321
1741602074.216,2.044,3.922,1.1357,-0.8707,-4.9844,-1.5802,57.0812,91.8002
1741602074.296,2.043,3.922,1.1497,-0.8705,-4.9934,-1.5797,56.8109,91.8223
1741602074.376,2.040,3.945,1.1627,-0.8702,-5.0021,-1.4343,56.7538,91.7326
1741602074.455,2.041,3.970,1.1745,-0.8703,-5.0103,-1.3780,56.6408,91.7616
1741602074.535,2.040,3.992,1.1868,-0.8704,-5.0180,-1.5089,56.6524,91.9127
1741602074.614,2.040,4.010,1.1996,-0.8701,-5.0262,-1.4867,56.6707,91.8542
1741602074.694,2.039,4.010,1.2118,-0.8689,-5.0320,-2.4015,56.4237,92.9826
1741602074.774,2.037,4.027,1.2201,-0.8679,-5.0337,-4.3223,56.0338,94.5599
1741602074.854,2.036,4.046,1.2206,-0.8679,-5.0340,-4.3286,56.1262,94.6183
1741602074.933,2.041,4.065,1.2191,-0.8683,-5.0334,-4.0923,56.3433,94.4945
1741602075.013,2.041,4.064,1.2190,-0.8683,-5.0334,-4.0468,56.2943,94.3774
1741602075.093,2.040,4.064,1.2189,-0.8683,-5.0335,-4.0037,56.3039,94.3519
1741602075.172,2.038,4.061,1.2190,-0.8683,-5.0334,-3.9961,56.3134,94.3442
1741602075.371,2.038,4.061,1.2189,-0.8683,-5.0335,-3.9744,56.3168,94.3147
1741602075.451,2.038,4.061,1.2190,-0.8683,-5.0336,-3.9665,56.3244,94.3191
1741602075.530,2.039,4.059,1.2190,-0.8684,-5.0335,-3.9714,56.3281,94.3230
1741602075.610,2.039,4.061,1.2189,-0.8683,-5.0336,-3.9716,56.3290,94.3239
1741602075.690,2.039,4.061,1.2190,-0.8684,-5.0336,-3.9597,56.3232,94.3180
1741602075.770,2.040,4.062,1.2189,-0.8683,-5.0336,-3.9415,56.3198,94.2985
1741602075.849,2.038,4.061,1.2189,-0.8684,-5.0336,-3.9338,56.3159,94.2920
1741602075.929,2.039,4.062,1.2189,-0.8683,-5.0337,-3.9215,56.3129,94.2869
1741602076.008,2.039,4.063,1.2189,-0.8684,-5.0337,-3.9171,56.3037,94.2757
1741602076.088,2.039,4.063,1.2168,-0.8686,-5.0332,-3.4864,56.2592,93.8496
1741602076.168,2.038,4.063,1.2110,-0.8697,-5.0326,-1.9334,56.1641,92.2392
1741602076.247,2.040,4.062,1.2051,-0.8698,-5.0304,-1.3003,55.9666,91.6189
1741602076.327,2.039,4.056,1.2014,-0.8697,-5.0274,-1.3898,56.0516,91.6677
1741602076.407,2.039,4.049,1.1978,-0.8698,-5.0250,-1.3964,56.0412,91.6977
1741602076.486,2.039,4.049,1.1933,-0.8701,-5.0217,-1.4909,56.0020,91.7925
1741602076.566,2.041,4.042,1.1871,-0.8703,-5.0177,-1.4047,55.9748,91.7327
1741602076.646,2.040,4.036,1.1805,-0.8702,-5.0133,-1.4097,55.8917,91.7213
1741602076.725,2.041,4.026,1.1736,-0.8701,-5.0086,-1.4349,55.8758,91.7288
1741602076.805,2.041,4.018,1.1663,-0.8704,-5.0036,-1.3924,55.8549,91.6526
1741602076.884,2.043,4.018,1.1588,-0.8707,-4.9986,-1.4234,55.8765,91.6703
1741602076.964,2.043,4.008,1.1516,-0.8706,-4.9937,-1.4657,55.9354,91.6947
1741602077.044,2.045,3.996,1.1446,-0.8706,-4.9891,-1.4133,55.9215,91.6361
1741602077.123,2.044,3.984,1.1379,-0.8706,-4.9845,-1.4235,55.9764,91.6317
1741602077.203,2.044,3.974,1.1299,-0.8703,-4.9790,-1.5049,56.0912,91.7202
1741602077.283,2.046,3.974,1.1201,-0.8710,-4.9725,-1.4974,56.1714,91.7797
1741602077.362,2.047,3.964,1.1080,-0.8711,-4.9645,-1.4997,56.0651,91.9266
1741602077.442,2.047,3.944,1.0947,-0.8710,-4.9556,-1.5699,56.0136,91.9536
1741602077.522,2.055,3.928,1.0812,-0.8711,-4.9462,-1.5665,55.9866,91.9654
1741602077.601,2.055,3.909,1.0683,-0.8714,-4.9377,-1.5514,55.9878,91.8815
1741602077.681,2.058,3.909,1.0558,-0.8714,-4.9290,-1.5369,55.9757,91.9101
1741602077.760,2.059,3.889,1.0445,-0.8714,-4.9216,-1.6249,56.0581,91.9825
1741602077.842,2.061,3.870,1.0331,-0.8712,-4.9141,-1.4432,56.1053,91.9133
1741602077.920,2.061,3.854,1.0232,-0.8714,-4.9074,-1.5169,56.1113,92.0591
1741602077.999,2.061,3.835,1.0182,-0.8717,-4.9038,-1.4482,56.0519,92.0270
1741602078.079,2.062,3.835,1.0186,-0.8717,-4.9041,-1.4192,56.0397,91.9736
1741602078.159,2.063,3.825,1.0193,-0.8716,-4.9046,-1.4076,56.0376,91.9389
1741602078.238,2.064,3.822,1.0193,-0.8717,-4.9045,-1.3835,56.0329,91.9271
1741602078.318,2.063,3.826,1.0192,-0.8716,-4.9046,-1.3648,56.0312,91.9165
1741602078.398,2.063,3.825,1.0193,-0.8717,-4.9046,-1.3683,56.0366,91.9159
1741602078.477,2.063,3.825,1.0192,-0.8717,-4.9046,-1.3542,56.0384,91.9023
1741602078.557,2.062,3.825,1.0194,-0.8717,-4.9046,-1.3617,56.0355,91.9084
1741602078.637,2.062,3.823,1.0193,-0.8717,-4.9046,-1.3613,56.0393,91.9123
1741602078.716,2.062,3.825,1.0193,-0.8717,-4.9046,-1.3622,56.0391,91.9136
1741602078.796,2.063,3.824,1.0193,-0.8717,-4.9047,-1.3572,56.0370,91.9013
1741602078.875,2.063,3.824,1.0193,-0.8717,-4.9046,-1.3644,56.0412,91.9221
1741602078.955,2.064,3.825,1.0193,-0.8716,-4.9047,-1.3619,56.0387,91.9190
1741602079.035,2.063,3.826,1.0194,-0.8716,-4.9048,-1.3669,56.0406,91.9174
1741602079.115,2.063,3.824,1.0194,-0.8717,-4.9047,-1.3586,56.0410,91.9108
1741602079.194,2.063,3.823,1.0193,-0.8716,-4.9048,-1.3658,56.0418,91.9187
1741602079.274,2.064,3.823,1.0192,-0.8716,-4.9048,-1.3549,56.0343,91.9130
1741602079.353,2.064,3.827,1.0193,-0.8718,-4.9048,-1.3506,56.0367,91.9186
1741602079.433,2.062,3.825,1.0193,-0.8717,-4.9048,-1.3700,56.0379,91.9404
1741602079.513,2.062,3.823,1.0193,-0.8717,-4.9049,-1.3557,56.0354,91.9250
1741602079.592,2.063,3.823,1.0193,-0.8717,-4.9048,-1.3547,56.0283,91.9212
1741602079.672,2.062,3.824,1.0193,-0.8718,-4.9048,-1.3527,56.0338,91.9196
1741602079.752,2.064,3.826,1.0193,-0.8717,-4.9049,-1.3566,56.0285,91.9136
1741602079.831,2.063,3.825,1.0193,-0.8717,-4.9050,-1.3380,56.0296,91.8950
1741602079.911,2.063,3.824,1.0193,-0.8718,-4.9049,-1.3392,56.0287,91.8991
1741602079.991,2.063,3.824,1.0193,-0.8718,-4.9049,-1.3450,56.0306,91.9064
1741602080.070,2.062,3.825,1.0193,-0.8718,-4.9050,-1.3374,56.0282,91.8997
1741602080.150,2.064,3.825,1.0193,-0.8718,-4.9050,-1.3360,56.0344,91.9010
1741602080.230,2.063,3.824,1.0193,-0.8718,-4.9050,-1.3371,56.0292,91.9021
1741602103.207,2.762,4.095,1.6158,-0.8771,-4.4038,-1.7069,63.4659,92.9129
1741602103.287,2.762,4.093,1.6159,-0.8770,-4.4038,-1.7272,63.4617,92.9320
1741602103.366,2.768,4.093,1.6158,-0.8770,-4.4038,-1.7115,63.4521,92.9268
1741602103.446,2.762,4.093,1.6157,-0.8771,-4.4039,-1.7081,63.4573,92.9159
1741602103.526,2.768,4.094,1.6158,-0.8771,-4.4039,-1.7158,63.4585,92.9185
1741602103.605,2.770,4.093,1.6157,-0.8770,-4.4038,-1.6966,63.4686,92.9017
1741602103.685,2.770,4.095,1.6158,-0.8770,-4.4038,-1.7103,63.4698,92.9229
1741602103.765,2.764,4.095,1.6158,-0.8771,-4.4039,-1.6960,63.4588,92.8800
1741602103.844,2.769,4.095,1.6157,-0.8770,-4.4039,-1.7166,63.4550,92.9126
1741602103.924,2.763,4.094,1.6157,-0.8771,-4.4039,-1.7262,63.4568,92.9166
1741602104.004,2.762,4.094,1.6158,-0.8770,-4.4040,-1.7368,63.4530,92.9318
1741602104.083,2.762,4.094,1.6159,-0.8771,-4.4038,-1.7469,63.4629,92.9398
1741602104.163,2.769,4.094,1.6158,-0.8770,-4.4040,-1.7341,63.4702,92.9287
1741602104.242,2.765,4.093,1.6159,-0.8770,-4.4040,-1.7487,63.4620,92.9452
1741602104.322,2.762,4.095,1.6158,-0.8770,-4.4041,-1.7329,63.4633,92.9267
1741602104.402,2.764,4.094,1.6157,-0.8770,-4.4038,-1.7193,63.4617,92.8801
1741602104.481,2.764,4.095,1.6158,-0.8770,-4.4041,-1.7189,63.4687,92.8886
1741602104.561,2.764,4.095,1.6158,-0.8770,-4.4041,-1.7311,63.4719,92.9068
1741602104.641,2.770,4.094,1.6158,-0.8771,-4.4041,-1.7389,63.4738,92.9143
1741602104.721,2.769,4.093,1.6158,-0.8771,-4.4042,-1.7405,63.4694,92.9219
1741602104.800,2.765,4.094,1.6159,-0.8771,-4.4041,-1.7577,63.4644,92.9436
1741602104.880,2.765,4.094,1.6159,-0.8770,-4.4041,-1.7461,63.4571,92.8905
1741602104.959,2.765,4.094,1.6159,-0.8771,-4.4041,-1.7455,63.4568,92.9115
1741602105.039,2.770,4.093,1.6159,-0.8772,-4.4041,-1.7511,63.4572,92.9222
1741602105.119,2.765,4.095,1.6159,-0.8772,-4.4041,-1.7386,63.4609,92.9082
1741602105.198,2.769,4.095,1.6160,-0.8773,-4.4042,-1.7244,63.4733,92.9016
1741602105.278,2.769,4.094,1.6159,-0.8771,-4.4042,-1.7239,63.4673,92.8705
1741602105.358,2.762,4.094,1.6158,-0.8771,-4.4041,-1.7424,63.4694,92.9095
1741602105.437,2.769,4.093,1.6148,-0.8772,-4.4036,-1.6698,63.4991,92.8397
1741602105.517,2.769,4.094,1.6120,-0.8772,-4.4024,-1.6199,63.5546,92.7728
1741602105.597,2.764,4.092,1.6080,-0.8771,-4.4002,-1.6850,63.5154,92.8034
1741602105.676,2.764,4.088,1.6018,-0.8771,-4.3973,-1.7549,63.5824,92.8844
1741602105.756,2.768,4.088,1.5936,-0.8771,-4.3932,-1.5858,63.4880,92.6385
1741602105.836,2.769,4.080,1.5845,-0.8774,-4.3891,-1.5168,63.4482,92.5419
1741602105.915,2.769,4.072,1.5752,-0.8776,-4.3845,-1.5240,63.4366,92.4872
1741602105.995,2.764,4.057,1.5665,-0.8776,-4.3802,-1.5918,63.4480,92.5402
1741602106.074,2.764,4.043,1.5591,-0.8777,-4.3762,-1.5152,63.5355,92.4474
1741602106.154,2.766,4.043,1.5522,-0.8775,-4.3730,-1.5038,63.5311,92.4032
1741602106.234,2.766,4.032,1.5457,-0.8776,-4.3694,-1.5743,63.5751,92.4645
1741602106.313,2.766,4.022,1.5385,-0.8775,-4.3659,-1.5738,63.6321,92.4962
1741602106.393,2.766,4.016,1.5309,-0.8778,-4.3623,-1.6027,63.6221,92.5846
1741602106.473,2.766,4.003,1.5225,-0.8777,-4.3584,-1.4389,63.5545,92.4873
1741602106.552,2.766,4.003,1.5147,-0.8778,-4.3548,-1.3004,63.5858,92.4353
1741602106.632,2.760,3.994,1.5071,-0.8778,-4.3507,-1.2747,63.5523,92.4750
1741602106.711,2.758,3.980,1.4993,-0.8780,-4.3471,-1.2522,63.5644,92.4654
1741602106.791,2.758,3.971,1.4913,-0.8782,-4.3430,-1.1842,63.5450,92.3928
1741602106.871,2.765,3.958,1.4839,-0.8783,-4.3394,-1.1180,63.5418,92.3342
1741602106.950,2.761,3.958,1.4764,-0.8782,-4.3356,-1.1204,63.6159,92.3177
1741602107.030,2.759,3.947,1.4691,-0.8782,-4.3320,-1.0550,63.6131,92.2942
1741602107.110,2.752,3.936,1.4618,-0.8784,-4.3281,-1.1652,63.6824,92.3352
1741602107.189,2.752,3.926,1.4539,-0.8784,-4.3245,-1.1455,63.7245,92.3379
1741602107.269,2.762,3.926,1.4464,-0.8784,-4.3205,-1.1801,63.8319,92.3342
1741602107.349,2.764,3.915,1.4433,-0.8776,-4.3200,-0.4648,63.9798,91.1025
1741602107.428,2.765,3.905,1.4433,-0.8775,-4.3200,-0.6466,64.0464,90.9213
1741602107.508,2.765,3.902,1.4415,-0.8770,-4.3193,-0.6835,63.9495,90.3759
1741602107.588,2.765,3.901,1.4361,-0.8764,-4.3159,-1.0104,63.7277,89.8089
1741602107.667,2.755,3.901,1.4238,-0.8762,-4.3093,-0.9653,63.4205,89.7294
1741602107.747,2.764,3.900,1.4100,-0.8768,-4.3022,-0.8822,63.0264,89.5907
1741602107.827,2.762,3.888,1.3913,-0.8788,-4.2920,-0.9087,62.5890,91.4342
1741602107.906,2.762,3.865,1.3788,-0.8800,-4.2848,-0.6173,61.5747,91.5508
1741602107.986,2.762,3.834,1.3769,-0.8797,-4.2833,-0.7427,61.5745,91.6797
1741602108.065,2.755,3.834,1.3770,-0.8796,-4.2836,-0.6467,61.6220,91.6222
1741602108.265,2.762,3.823,1.3705,-0.8788,-4.2805,-0.0085,61.1616,90.6895
1741602108.344,2.765,3.823,1.3677,-0.8785,-4.2779,-0.1322,60.4683,90.1444
1741602108.424,2.762,3.815,1.3658,-0.8773,-4.2770,0.0251,60.3419,88.8519
1741602108.503,2.768,3.812,1.3611,-0.8764,-4.2744,0.1091,60.2949,87.5863
1741602108.583,2.768,3.815,1.3508,-0.8758,-4.2694,0.6904,60.3951,86.5193
1741602108.663,2.767,3.815,1.3362,-0.8763,-4.2599,-0.0796,60.9241,87.5562
1741602108.742,2.763,3.813,1.3115,-0.8764,-4.2474,0.3185,62.1020,93.0459
1741602108.822,2.768,3.793,1.2991,-0.8765,-4.2385,-0.8737,61.7183,94.2256
1741602108.902,2.763,3.745,1.2900,-0.8765,-4.2347,-0.2466,61.6673,93.7059
1741602108.982,2.763,3.730,1.2837,-0.8769,-4.2307,-0.4182,61.6214,93.8811
1741602109.061,2.762,3.730,1.2781,-0.8769,-4.2277,-0.2326,61.5261,93.6654
1741602109.141,2.763,3.715,1.2728,-0.8777,-4.2259,0.1005,61.4393,92.7235
1741602109.220,2.771,3.710,1.2675,-0.8803,-4.2215,-0.8243,61.6257,91.9168
1741602109.300,2.768,3.699,1.2597,-0.8804,-4.2183,-0.1524,61.2244,91.4171
1741602109.380,2.768,3.691,1.2567,-0.8799,-4.2167,-0.0084,61.0889,91.2229
1741602109.459,2.764,3.691,1.2571,-0.8803,-4.2173,-0.0071,61.0362,91.2724
1741602109.539,2.764,3.684,1.2568,-0.8803,-4.2171,-0.0676,60.9458,91.3877
1741602109.618,2.769,3.682,1.2533,-0.8798,-4.2168,0.7667,60.5455,91.0162
1741602109.698,2.765,3.681,1.2500,-0.8792,-4.2176,2.2579,60.4827,89.9421
1741602109.778,2.765,3.680,1.2480,-0.8784,-4.2179,2.9526,60.7368,89.8070
1741602109.858,2.776,3.680,1.2476,-0.8773,-4.2223,5.7780,60.7376,86.0236
1741602109.937,2.783,3.673,1.2406,-0.8765,-4.2215,7.0942,61.0473,85.5428
1741602110.017,2.791,3.679,1.2305,-0.8753,-4.2204,9.5532,61.4120,82.5055
1741602110.096,2.785,3.671,1.2138,-0.8769,-4.2094,8.5012,61.4880,83.6872
1741602110.180,2.785,3.656,1.2000,-0.8797,-4.1849,-2.5381,62.1752,93.0919
1741602110.256,2.788,3.656,1.1799,-0.8809,-4.1761,-1.4089,62.8373,92.4747
1741602110.335,2.765,3.629,1.1664,-0.8815,-4.1675,-0.9837,62.5950,92.0125
1741602110.415,2.764,3.597,1.1590,-0.8819,-4.1631,-0.9179,62.6549,91.8933
1741602110.495,2.763,3.577,1.1539,-0.8819,-4.1607,-0.7490,62.6310,91.7043
1741602110.574,2.763,3.563,1.1484,-0.8820,-4.1578,-0.6158,62.6723,91.5223
1741602110.654,2.759,3.563,1.1412,-0.8820,-4.1542,-0.5417,62.6666,91.4348
1741602110.733,2.766,3.559,1.1319,-0.8820,-4.1497,-0.5506,62.6928,91.3793
1741602110.813,2.758,3.554,1.1214,-0.8820,-4.1437,-0.7725,62.8842,91.5588
1741602110.893,2.758,3.537,1.1107,-0.8820,-4.1383,-0.7970,63.0270,91.5764
1741602110.973,2.758,3.521,1.1007,-0.8824,-4.1334,-0.6191,63.1320,91.4548
1741602111.052,2.757,3.521,1.0905,-0.8824,-4.1277,-0.6871,63.0781,91.5027
1741602111.132,2.761,3.512,1.0809,-0.8824,-4.1226,-0.6867,63.0313,91.4288
1741602111.211,2.762,3.494,1.0722,-0.8826,-4.1184,-0.6278,63.0691,91.3120
1741602111.291,2.765,3.482,1.0633,-0.8823,-4.1140,-0.4867,62.9675,91.0521
1741602111.371,2.765,3.472,1.0538,-0.8822,-4.1088,-0.5569,62.7728,90.9424
1741602111.450,2.761,3.472,1.0429,-0.8827,-4.1029,-0.6002,62.8787,90.9275
1741602111.532,2.767,3.454,1.0303,-0.8830,-4.0964,-0.7121,63.0138,90.9308
1741602111.610,2.761,3.443,1.0185,-0.8831,-4.0897,-0.8876,63.0211,91.0333
1741602111.689,2.763,3.423,1.0064,-0.8830,-4.0838,-0.8370,63.0338,90.9352
1741602112.984,2.763,3.251,0.8395,-0.8831,-3.9929,-1.5439,61.5543,91.3512
1741602113.063,2.763,3.251,0.8291,-0.8835,-3.9870,-1.3038,61.5222,91.2255
1741602113.143,2.769,3.216,0.8237,-0.8841,-3.9835,-1.2862,61.4722,91.1954
1741602113.222,2.764,3.205,0.8239,-0.8843,-3.9839,-1.2489,61.4978,91.1258
1741602113.302,2.770,3.194,0.8250,-0.8844,-3.9845,-1.2456,61.5431,91.0980
1741602113.382,2.765,3.189,0.8252,-0.8844,-3.9846,-1.2331,61.5335,91.0684
1741602113.462,2.765,3.189,0.8250,-0.8844,-3.9845,-1.2165,61.5359,91.0601
1741602113.541,2.763,3.196,0.8231,-0.8844,-3.9835,-1.1815,61.4612,91.0138
1741602113.621,2.765,3.195,0.8165,-0.8842,-3.9801,-1.1168,61.4046,90.9641
1741602113.700,2.764,3.189,0.8045,-0.8840,-3.9734,-1.0608,61.2411,90.9362
1741602113.780,2.770,3.176,0.7892,-0.8839,-3.9647,-1.0867,61.0203,91.0803
1741602113.860,2.770,3.176,0.7742,-0.8820,-3.9558,-0.9505,60.7873,93.0921
1741602113.941,2.772,3.158,0.7610,-0.8811,-3.9481,-0.9065,60.5790,93.2005
1741602114.019,2.765,3.141,0.7466,-0.8809,-3.9396,-0.9213,60.5902,93.2253
1741602114.098,2.772,3.119,0.7337,-0.8847,-3.9324,-0.5980,60.1666,89.9150
1741602114.178,2.772,3.102,0.7172,-0.8837,-3.9222,-1.3451,60.3487,91.3693
1741602114.260,2.773,3.102,0.7067,-0.8823,-3.9164,-1.1102,60.1507,89.1249
1741602114.337,2.775,3.075,0.6972,-0.8817,-3.9104,-1.1948,59.9330,88.6816
1741602114.417,2.771,3.062,0.6837,-0.8817,-3.9021,-1.1199,59.7876,88.5235
1741602114.497,2.777,3.054,0.6637,-0.8836,-3.8906,-0.8075,60.1100,89.5353
1741602114.578,2.777,3.035,0.6420,-0.8845,-3.8780,-0.9893,60.3624,90.5695
1741602114.656,2.779,3.035,0.6227,-0.8845,-3.8673,-0.8275,60.1082,90.7753
1741602114.736,2.773,2.995,0.6056,-0.8848,-3.8564,-0.8474,59.8968,90.8555
1741602114.815,2.781,2.966,0.5926,-0.8839,-3.8463,-2.3783,60.6341,92.7989
1741602114.895,2.776,2.942,0.5805,-0.8823,-3.8409,-1.0543,60.2160,92.9680
1741602114.975,2.776,2.926,0.5686,-0.8823,-3.8339,-0.7843,60.2167,92.9762
1741602115.054,2.783,2.926,0.5519,-0.8818,-3.8240,-0.8521,60.2912,92.9397
1741602115.134,2.777,2.904,0.5361,-0.8846,-3.8152,-0.8241,60.0946,90.2922
1741602115.214,2.777,2.883,0.5171,-0.8863,-3.8034,-0.5770,60.0398,90.1942
1741602115.293,2.778,2.865,0.4991,-0.8855,-3.7930,-0.5250,59.9569,89.9843
1741602115.373,2.778,2.831,0.4856,-0.8851,-3.7849,-0.5501,59.8636,89.8950
1741602115.453,2.786,2.831,0.4738,-0.8851,-3.7779,-0.5465,59.8831,89.7826
1741602115.532,2.787,2.808,0.4614,-0.8856,-3.7708,-0.3043,59.8842,89.5918
1741602115.612,2.783,2.796,0.4472,-0.8847,-3.7628,-0.2397,59.7858,89.5390
1741602116.906,2.816,2.514,0.1979,-0.8839,-3.6067,0.0017,57.5643,89.3948
1741602116.986,2.819,2.491,0.1833,-0.8836,-3.5971,-0.0484,57.4586,89.4768
1741602117.065,2.819,2.476,0.1685,-0.8838,-3.5877,0.0971,57.1338,89.3310
1741602117.145,2.815,2.476,0.1536,-0.8834,-3.5776,0.0355,56.8602,89.3459
1741602117.225,2.819,2.456,0.1388,-0.8832,-3.5672,-0.1727,56.7845,89.4995
1741602117.304,2.823,2.436,0.1237,-0.8832,-3.5569,-0.2137,56.7164,89.5131
1741602117.384,2.829,2.406,0.1110,-0.8834,-3.5484,-0.2927,56.7891,89.6408
1741602117.464,2.829,2.384,0.1067,-0.8834,-3.5459,-0.1981,56.7425,89.5815
1741602117.543,2.833,2.384,0.1083,-0.8835,-3.5468,-0.2116,56.7814,89.5524
1741602117.623,2.834,2.376,0.1113,-0.8836,-3.5486,-0.2532,56.8253,89.5812
1741602117.703,2.827,2.377,0.1133,-0.8836,-3.5500,-0.2718,56.8575,89.5996
1741602117.782,2.833,2.378,0.1140,-0.8836,-3.5508,-0.2803,56.9106,89.6055
1741602117.862,2.833,2.382,0.1140,-0.8837,-3.5509,-0.2830,56.8692,89.6000
1741602117.941,2.833,2.382,0.1139,-0.8836,-3.5509,-0.2975,56.8587,89.6166
1741602118.021,2.827,2.383,0.1138,-0.8837,-3.5509,-0.2930,56.8469,89.6217
1741602118.101,2.831,2.384,0.1139,-0.8837,-3.5510,-0.2928,56.8474,89.6220
1741602118.180,2.826,2.384,0.1139,-0.8837,-3.5513,-0.2903,56.8435,89.6192
1741602118.260,2.826,2.384,0.1139,-0.8837,-3.5514,-0.2944,56.8516,89.6220
1741602118.340,2.826,2.382,0.1139,-0.8838,-3.5514,-0.2973,56.8517,89.6253
1741602118.421,2.826,2.379,0.1139,-0.8838,-3.5514,-0.3042,56.8554,89.6297
1741602118.499,2.826,2.379,0.1138,-0.8838,-3.5515,-0.3011,56.8534,89.6328
1741602118.579,2.826,2.383,0.1139,-0.8838,-3.5516,-0.2955,56.8596,89.6129
1741602118.658,2.826,2.383,0.1139,-0.8838,-3.5518,-0.3043,56.8548,89.6249
1741602118.738,2.826,2.381,0.1140,-0.8838,-3.5518,-0.3144,56.8522,89.6393
1741602118.818,2.832,2.383,0.1139,-0.8838,-3.5517,-0.3182,56.8432,89.6493
1741602118.897,2.833,2.385,0.1139,-0.8839,-3.5518,-0.3034,56.8431,89.6361
1741602118.977,2.832,2.384,0.1139,-0.8840,-3.5519,-0.3033,56.8422,89.6282
1741602119.056,2.832,2.384,0.1139,-0.8840,-3.5520,-0.3183,56.8429,89.6367
1741602119.136,2.833,2.380,0.1139,-0.8839,-3.5521,-0.3379,56.8410,89.6547
1741602119.216,2.832,2.384,0.1139,-0.8839,-3.5520,-0.3419,56.8375,89.6664
1741602119.295,2.826,2.382,0.1139,-0.8839,-3.5521,-0.3329,56.8343,89.6614
1741602119.375,2.827,2.381,0.1139,-0.8839,-3.5523,-0.3344,56.8373,89.6588
1741602119.455,2.827,2.381,0.1139,-0.8840,-3.5523,-0.3341,56.8319,89.6608
1741602119.534,2.826,2.383,0.1139,-0.8840,-3.5522,-0.3367,56.8316,89.6664
1741602119.614,2.832,2.380,0.1139,-0.8839,-3.5522,-0.3355,56.8261,89.6713
1741602119.694,2.832,2.382,0.1139,-0.8839,-3.5523,-0.3255,56.8250,89.6661
1741602119.773,2.832,2.381,0.1139,-0.8840,-3.5525,-0.3231,56.8212,89.6648
1741602119.853,2.825,2.381,0.1140,-0.8841,-3.5527,-0.3239,56.8235,89.6586
1741602119.933,2.833,2.385,0.1140,-0.8840,-3.5524,-0.3417,56.8289,89.6824
1741602120.012,2.833,2.380,0.1139,-0.8840,-3.5523,-0.3311,56.8223,89.6756
1741602120.095,2.831,2.383,0.1139,-0.8840,-3.5525,-0.3271,56.8257,89.6724
1741602120.171,2.831,2.382,0.1139,-0.8840,-3.5527,-0.3264,56.8211,89.6805
1741602120.251,2.829,2.382,0.1139,-0.8840,-3.5526,-0.3308,56.8233,89.6806
1741602120.331,2.825,2.381,0.1140,-0.8840,-3.5525,-0.3381,56.8229,89.6820
1741602120.411,2.831,2.383,0.1140,-0.8840,-3.5524,-0.3331,56.8201,89.6785
1741602120.490,2.832,2.385,0.1139,-0.8841,-3.5526,-0.3223,56.8222,89.6704
1741602120.570,2.832,2.381,0.1140,-0.8841,-3.5528,-0.3245,56.8172,89.6702
1741602120.649,2.831,2.381,0.1141,-0.8841,-3.5528,-0.3287,56.8169,89.6782
1741602120.729,2.832,2.384,0.1139,-0.8841,-3.5525,-0.3269,56.8189,89.6842
1741602120.809,2.826,2.379,0.1139,-0.8841,-3.5525,-0.3230,56.8179,89.6784
1741602120.888,2.826,2.379,0.1139,-0.8841,-3.5527,-0.3189,56.8165,89.6667
1741602120.968,2.826,2.383,0.1139,-0.8841,-3.5529,-0.3253,56.8193,89.6722
1741602121.048,2.831,2.383,0.1140,-0.8841,-3.5529,-0.3225,56.8271,89.6676
1741602121.127,2.827,2.383,0.1139,-0.8841,-3.5527,-0.3234,56.8175,89.6753
1741602121.207,2.825,2.383,0.1138,-0.8841,-3.5525,-0.3491,56.7493,89.7004
1741602121.287,2.827,2.379,0.1138,-0.8842,-3.5527,-0.3460,56.7795,89.7082
1741602121.366,2.827,2.381,0.1139,-0.8841,-3.5528,-0.3365,56.7881,89.6991
1741602121.446,2.831,2.381,0.1139,-0.8840,-3.5529,-0.3410,56.7863,89.7002
1741602121.526,2.833,2.379,0.1139,-0.8841,-3.5526,-0.3362,56.7871,89.7019
1741602121.605,2.833,2.381,0.1138,-0.8841,-3.5526,-0.3342,56.7827,89.6928
1741602121.686,2.826,2.385,0.1139,-0.8841,-3.5527,-0.3218,56.7813,89.6760
1741602121.764,2.826,2.383,0.1139,-0.8841,-3.5528,-0.3167,56.7791,89.6731
1741602121.844,2.826,2.383,0.1139,-0.8840,-3.5529,-0.3223,56.7928,89.6787
1741602121.924,2.832,2.383,0.1118,-0.8841,-3.5515,-0.3126,57.0150,89.6572
1741602122.003,2.831,2.383,0.1055,-0.8838,-3.5481,-0.1901,57.3870,89.5777
1741602122.083,2.831,2.376,0.0961,-0.8838,-3.5428,-0.1124,58.0729,89.5919
1741602122.163,2.831,2.367,0.0850,-0.8836,-3.5368,-0.1301,58.6403,89.6756
1741602122.242,2.822,2.367,0.0745,-0.8835,-3.5312,-0.1361,59.3820,89.7265
1741602122.322,2.824,2.348,0.0659,-0.8835,-3.5266,-0.0388,59.9889,89.6441
1741602122.403,2.823,2.329,0.0592,-0.8834,-3.5225,-0.1451,60.0571,89.6782
1741602122.481,2.814,2.317,0.0536,-0.8835,-3.5192,-0.1908,60.0262,89.7012
1741602122.680,2.821,2.304,0.0380,-0.8834,-3.5099,-0.0705,59.9727,89.6091
1741602122.760,2.821,2.291,0.0305,-0.8832,-3.5054,-0.0932,60.0328,89.6096
1741602122.840,2.815,2.291,0.0229,-0.8832,-3.5012,-0.0051,59.9708,89.6016
1741602123.039,2.821,2.271,0.0037,-0.8829,-3.4896,0.1061,59.8982,89.6155
1741602123.118,2.815,2.263,-0.0040,-0.8832,-3.4856,0.1837,60.2063,89.5706
1741602123.198,2.822,2.251,-0.0115,-0.8830,-3.4815,0.2163,60.3573,89.5979
1741602123.278,2.821,2.238,-0.0193,-0.8832,-3.4771,0.3148,60.3789,89.6342
1741602123.357,2.821,2.228,-0.0272,-0.8830,-3.4726,0.2338,60.3567,89.7055
1741602123.437,2.814,2.228,-0.0346,-0.8831,-3.4680,0.1911,60.3058,89.7042
1741602123.516,2.816,2.215,-0.0419,-0.8831,-3.4636,0.0963,60.3354,89.8306
1741602123.596,2.817,2.205,-0.0489,-0.8833,-3.4595,0.0923,60.3937,89.8309
1741602123.676,2.816,2.192,-0.0558,-0.8832,-3.4556,0.0419,60.4568,89.8756
1741602123.755,2.816,2.192,-0.0628,-0.8831,-3.4521,0.0354,60.8477,89.9230
1741602123.835,2.817,2.185,-0.0701,-0.8831,-3.4479,0.0296,61.0024,89.9705
1741602123.915,2.822,2.172,-0.0771,-0.8830,-3.4442,0.1384,61.0591,89.9243
1741602123.995,2.822,2.164,-0.0842,-0.8830,-3.4403,0.2521,61.0832,89.8635
1741602124.074,2.822,2.154,-0.0915,-0.8830,-3.4363,0.2922,61.1103,89.8755
1741602124.154,2.822,2.154,-0.0987,-0.8829,-3.4319,0.0759,61.0242,90.0951
1741602124.233,2.822,2.142,-0.1066,-0.8830,-3.4271,0.1105,60.9353,90.1148
1741602124.313,2.822,2.132,-0.1142,-0.8831,-3.4228,0.0860,60.8674,90.1717
1741602124.393,2.823,2.119,-0.1213,-0.8832,-3.4189,-0.0030,60.8483,90.2251
1741602124.472,2.816,2.109,-0.1283,-0.8832,-3.4151,0.0997,60.8196,90.1074
1741602124.552,2.816,2.109,-0.1349,-0.8834,-3.4114,0.2637,60.7325,89.8641
1741602124.632,2.823,2.099,-0.1419,-0.8836,-3.4073,0.1419,60.6855,89.9563
1741602124.711,2.819,2.091,-0.1480,-0.8834,-3.4051,0.3177,61.5034,89.7994
1741602124.791,2.823,2.078,-0.1542,-0.8836,-3.4028,0.2566,62.5395,89.8440
1741602124.871,2.813,2.069,-0.1604,-0.8834,-3.4000,0.3289,62.7272,89.8229
1741602124.950,2.813,2.069,-0.1665,-0.8833,-3.3966,0.4197,62.6094,89.7358
1741602125.030,2.812,2.060,-0.1731,-0.8834,-3.3930,0.4124,62.5491,89.7951
1741602125.110,2.812,2.054,-0.1802,-0.8837,-3.3894,0.4835,62.4849,89.7555
1741602125.189,2.813,2.042,-0.1878,-0.8837,-3.3854,0.4763,62.3893,89.8242
1741602125.269,2.813,2.035,-0.1949,-0.8837,-3.3814,0.5502,62.1724,89.7964
1741602125.348,2.812,2.035,-0.2016,-0.8837,-3.3778,0.4709,62.1027,89.8448
1741602125.428,2.812,2.024,-0.2080,-0.8839,-3.3743,0.3757,62.0819,89.8810
1741602125.508,2.820,2.015,-0.2142,-0.8841,-3.3708,0.2875,62.0138,89.9520
1741602125.587,2.821,2.005,-0.2204,-0.8842,-3.3673,0.2569,61.8499,89.9632
1741602125.667,2.821,1.997,-0.2272,-0.8842,-3.3635,0.1501,61.7586,90.0669
1741602125.747,2.812,1.997,-0.2338,-0.8841,-3.3596,0.0130,61.7552,90.1578
1741602125.826,2.820,1.997,-0.2409,-0.8843,-3.3562,0.0319,62.0062,90.1046
1741602125.906,2.818,1.976,-0.2487,-0.8843,-3.3529,-0.0453,62.8804,90.2030
1741602125.986,2.823,1.966,-0.2564,-0.8843,-3.3502,0.0889,63.8674,90.0983
1741602126.065,2.823,1.958,-0.2641,-0.8844,-3.3473,0.1858,64.5684,90.0787
1741602126.145,2.811,1.958,-0.2713,-0.8845,-3.3443,0.3153,64.6043,90.0194
1741602126.225,2.819,1.947,-0.2787,-0.8845,-3.3406,0.2507,64.5650,90.1047
1741602126.304,2.811,1.939,-0.2863,-0.8844,-3.3367,0.1610,64.5013,90.2170
1741602126.384,2.816,1.926,-0.2936,-0.8847,-3.3333,0.1633,64.3700,90.2416
1741602126.464,2.816,1.918,-0.3008,-0.8849,-3.3294,0.1307,64.2666,90.3386
1741602126.543,2.816,1.918,-0.3077,-0.8851,-3.3263,0.0244,64.2009,90.3836
1741602126.623,2.814,1.907,-0.3147,-0.8852,-3.3228,-0.0087,64.1476,90.3978
1741602126.702,2.806,1.898,-0.3217,-0.8852,-3.3192,0.0812,64.1587,90.3156
1741602126.782,2.799,1.887,-0.3289,-0.8850,-3.3159,0.1812,64.1593,90.2312
1741602126.864,2.799,1.879,-0.3365,-0.8852,-3.3121,0.1567,64.1510,90.2537
1741602126.941,2.808,1.879,-0.3435,-0.8852,-3.3087,0.1882,64.1377,90.2164
1741602127.021,2.815,1.866,-0.3502,-0.8853,-3.3055,0.2664,64.0820,90.1968
1741602127.101,2.812,1.857,-0.3577,-0.8853,-3.3019,0.3290,64.0515,90.1028
1741602127.180,2.825,1.846,-0.3677,-0.8851,-3.2966,0.1623,64.0415,90.2503
1741602127.260,2.825,1.834,-0.3817,-0.8855,-3.2900,0.4219,63.7872,90.0375
1741602127.340,2.831,1.834,-0.3965,-0.8858,-3.2824,0.2258,63.6662,90.1653
1741602127.419,2.832,1.817,-0.4103,-0.8860,-3.2754,0.0607,63.5323,90.3164
1741602127.499,2.830,1.795,-0.4206,-0.8865,-3.2700,-0.0003,63.4718,90.2761
1741602127.579,2.829,1.778,-0.4282,-0.8865,-3.2660,-0.0239,63.4218,90.2897
1741602127.660,2.829,1.766,-0.4350,-0.8864,-3.2627,0.0902,63.3914,90.1396
1741602127.857,2.829,1.754,-0.4547,-0.8863,-3.2532,0.3699,63.2704,89.9330
1741602127.937,2.835,1.754,-0.4648,-0.8863,-3.2480,0.3013,63.1993,90.0363
1741602128.017,2.828,1.734,-0.4755,-0.8867,-3.2425,0.3749,63.0629,89.9738
1741602128.096,2.834,1.718,-0.4859,-0.8869,-3.2368,0.2171,63.0741,90.2066
1741602128.176,2.834,1.705,-0.4959,-0.8868,-3.2315,0.0752,62.8602,90.3207
1741602128.256,2.834,1.692,-0.5050,-0.8873,-3.2266,0.1028,62.8203,90.2760
1741602128.335,2.833,1.692,-0.5137,-0.8873,-3.2221,0.0648,62.7324,90.2819
1741602128.415,2.834,1.676,-0.5220,-0.8871,-3.2178,0.1123,62.7413,90.1994
1741602128.494,2.828,1.665,-0.5306,-0.8873,-3.2135,0.1953,62.6743,90.1516
1741602128.574,2.834,1.651,-0.5392,-0.8871,-3.2091,0.2102,62.6064,90.1313
1741602128.654,2.834,1.640,-0.5482,-0.8874,-3.2043,0.1896,62.5733,90.1540
1741602128.735,2.833,1.640,-0.5582,-0.8874,-3.1991,0.1776,62.4812,90.2276
1741602128.813,2.827,1.625,-0.5684,-0.8878,-3.1936,0.1739,62.2278,90.2815
1741602128.893,2.835,1.614,-0.5767,-0.8876,-3.1884,0.1005,61.9889,90.0700
1741602128.972,2.827,1.598,-0.5797,-0.8870,-3.1852,-0.9331,61.7436,90.4345
1741602129.052,2.827,1.587,-0.5821,-0.8864,-3.1847,-0.4935,61.6064,89.3185
1741602129.132,2.837,1.587,-0.5876,-0.8860,-3.1818,-0.5204,61.7372,88.9497
1741602129.211,2.830,1.584,-0.5986,-0.8864,-3.1758,-0.6581,61.7212,89.0122
1741602129.291,2.830,1.579,-0.6116,-0.8861,-3.1693,-0.5170,61.7546,88.5139
1741602129.371,2.830,1.562,-0.6250,-0.8858,-3.1621,-0.5816,61.7311,88.6507
1741602129.450,2.830,1.562,-0.6369,-0.8858,-3.1553,-0.5239,61.3574,88.6343
1741602129.530,2.837,1.543,-0.6491,-0.8861,-3.1485,-0.7538,61.3731,88.8324
1741602129.609,2.830,1.525,-0.6630,-0.8865,-3.1412,-0.5622,61.4032,88.9127
1741602129.689,2.838,1.507,-0.6821,-0.8876,-3.1312,-0.2937,61.4558,89.8983
1741602129.769,2.837,1.487,-0.6973,-0.8879,-3.1221,-1.0770,62.0422,91.3392
1741602129.849,2.837,1.487,-0.7059,-0.8875,-3.1145,-2.9349,63.0192,93.3791
1741602129.928,2.830,1.458,-0.7118,-0.8867,-3.1087,-4.3861,63.0551,94.5410
1741602130.008,2.834,1.442,-0.7198,-0.8863,-3.1051,-3.9519,62.6559,93.7918
1741602130.087,2.839,1.430,-0.7242,-0.8856,-3.1015,-4.9473,62.7531,94.0231
1741602130.169,2.846,1.420,-0.7307,-0.8847,-3.0989,-5.7931,64.4911,93.4108
1741602131.342,2.818,1.223,-0.9462,-0.8893,-3.0005,-0.4230,61.9421,90.3436
1741602131.421,2.823,1.198,-0.9575,-0.8897,-2.9941,-0.3277,61.9269,90.3049
1741602131.501,2.827,1.177,-0.9670,-0.8895,-2.9887,-0.5839,62.0042,90.5337
1741602131.581,2.829,1.162,-0.9764,-0.8893,-2.9841,-0.3290,61.9604,90.2168
1741602131.660,2.829,1.144,-0.9873,-0.8893,-2.9784,-0.1221,61.8529,90.0485
1741602131.740,2.823,1.144,-0.9994,-0.8892,-2.9720,-0.0110,61.7362,89.9036
1741602131.820,2.824,1.134,-1.0112,-0.8885,-2.9655,-0.2759,61.6304,89.7921
1741602131.899,2.824,1.115,-1.0262,-0.8893,-2.9574,-0.1214,61.7824,90.0731
1741602131.979,2.823,1.101,-1.0366,-0.8883,-2.9484,-1.3991,61.3393,90.4120
1741602132.059,2.823,1.078,-1.0456,-0.8880,-2.9441,-1.2061,61.2312,89.5562
1741602132.138,2.828,1.078,-1.0568,-0.8871,-2.9386,-0.7521,61.2103,88.7851
1741602132.218,2.833,1.064,-1.0695,-0.8869,-2.9328,-0.3210,61.3532,88.0108
1741602132.297,2.825,1.052,-1.0843,-0.8872,-2.9243,-0.6883,61.3113,88.5161
1741602132.377,2.826,1.033,-1.0999,-0.8875,-2.9147,-0.8609,60.8613,88.7671
1741602132.477,2.827,1.010,-1.1199,-0.8875,-2.9026,-1.5606,60.9964,90.0377
1741602132.556,2.827,0.989,-1.1389,-0.8895,-2.8959,0.5077,61.3493,89.5504
1741602132.636,2.835,0.989,-1.1525,-0.8892,-2.8867,-0.6085,61.2988,90.7081
1741602132.716,2.835,0.963,-1.1618,-0.8884,-2.8782,-2.3640,62.0328,92.9674
1741602132.795,2.833,0.943,-1.1680,-0.8885,-2.8724,-3.9170,61.8426,94.1355
1741602132.875,2.831,0.929,-1.1793,-0.8882,-2.8664,-3.9155,62.0701,94.3161
1741602132.955,2.831,0.916,-1.1928,-0.8873,-2.8589,-3.8655,61.7337,94.5248
1741602133.034,2.835,0.916,-1.1999,-0.8869,-2.8526,-3.4758,59.7609,93.9751
1741602133.114,2.835,0.897,-1.2006,-0.8861,-2.8470,-5.1160,58.6623,93.5749
1741602133.193,2.845,0.883,-1.2078,-0.8855,-2.8432,-5.1923,58.8628,92.8884
1741602133.273,2.856,0.876,-1.2211,-0.8845,-2.8362,-4.9521,59.2771,92.5610
1741602133.353,2.856,0.867,-1.2390,-0.8851,-2.8287,-3.9147,59.9649,91.5395
1741602133.432,2.855,0.867,-1.2652,-0.8885,-2.8266,3.1944,60.0006,86.6811
1741602133.512,2.845,0.842,-1.2830,-0.8891,-2.8127,0.1906,61.5267,88.8773
1741602133.592,2.835,0.818,-1.3000,-0.8889,-2.8037,-0.7115,62.9030,90.7259
1741602133.671,2.830,0.791,-1.3142,-0.8885,-2.7984,0.2074,63.8054,90.3302
1741602133.751,2.830,0.768,-1.3216,-0.8878,-2.7965,1.7495,63.1123,89.1925
1741602133.831,2.829,0.768,-1.3249,-0.8873,-2.7990,3.9277,63.0549,86.7578
1741602133.910,2.830,0.755,-1.3329,-0.8871,-2.7962,4.9636,62.9860,85.6848
1741602133.990,2.826,0.750,-1.3465,-0.8873,-2.7906,5.3379,62.7542,85.3736
1741602134.070,2.825,0.737,-1.3638,-0.8869,-2.7825,5.4288,62.4545,85.1695
1741602134.149,2.825,0.721,-1.3810,-0.8871,-2.7726,4.8945,62.1043,85.5599
1741602134.229,2.821,0.721,-1.3964,-0.8878,-2.7634,4.2517,61.8010,86.1508
1741602134.309,2.821,0.693,-1.4079,-0.8888,-2.7524,1.4580,61.9317,88.4552
1741602134.388,2.821,0.671,-1.4173,-0.8897,-2.7450,-0.1948,62.3997,89.6014
1741602134.468,2.827,0.657,-1.4264,-0.8889,-2.7398,-0.1953,61.9828,89.7631
1741602134.548,2.827,0.637,-1.4347,-0.8893,-2.7350,-0.3568,62.0174,89.9264
1741602134.627,2.826,0.637,-1.4442,-0.8892,-2.7300,-0.3181,62.0010,89.9017
1741602135.921,2.831,0.525,-1.4976,-0.8892,-2.7021,-0.1173,62.6014,89.6347
1741602136.001,2.831,0.533,-1.4866,-0.8892,-2.7079,-0.2153,62.5769,89.7446
1741602136.081,2.831,0.553,-1.4761,-0.8890,-2.7133,-0.3223,62.5851,89.8334
1741602136.160,2.831,0.562,-1.4677,-0.8893,-2.7178,-0.3011,62.5805,89.8954
1741602136.240,2.832,0.582,-1.4606,-0.8895,-2.7218,-0.2541,62.5860,89.8801
1741602136.320,2.825,0.582,-1.4552,-0.8894,-2.7246,-0.2742,62.5987,89.9160
1741602136.399,2.832,0.588,-1.4500,-0.8893,-2.7275,-0.2081,62.5788,89.8240
1741602136.479,2.832,0.596,-1.4442,-0.8894,-2.7304,-0.2475,62.6022,89.8296
1741602136.559,2.832,0.603,-1.4374,-0.8895,-2.7340,-0.2215,62.6268,89.8174
1741602136.638,2.832,0.612,-1.4299,-0.8898,-2.7382,-0.1500,62.6945,89.7250
1741602136.718,2.826,0.612,-1.4227,-0.8896,-2.7421,-0.0882,62.7551,89.6356
1741602136.797,2.826,0.622,-1.4158,-0.8898,-2.7457,-0.0873,62.8194,89.6053
1741602136.877,2.827,0.637,-1.4099,-0.8895,-2.7490,-0.0205,62.9021,89.5351
1741602136.957,2.827,0.647,-1.4082,-0.8891,-2.7520,0.9842,63.4925,88.7272
1741602137.036,2.832,0.654,-1.4082,-0.8893,-2.7523,1.2290,63.2849,88.5913
1741602137.116,2.825,0.654,-1.4080,-0.8894,-2.7524,1.2079,63.3288,88.6230
1741602137.196,2.830,0.651,-1.4072,-0.8891,-2.7533,1.7297,63.0857,88.2828
1741602137.275,2.830,0.652,-1.4046,-0.8883,-2.7570,3.0723,63.0940,87.1428
1741602137.355,2.830,0.657,-1.3975,-0.8875,-2.7629,4.5498,63.1630,85.7929
1741602137.435,2.829,0.664,-1.3871,-0.8875,-2.7687,4.7605,63.3873,85.6649
1741602137.514,2.821,0.664,-1.3778,-0.8877,-2.7748,5.4160,63.5353,85.1361
1741602137.594,2.822,0.677,-1.3694,-0.8879,-2.7790,5.4265,63.6393,85.1941
1741602137.673,2.825,0.693,-1.3629,-0.8875,-2.7822,5.1969,63.6800,85.5143
1741602137.753,2.825,0.703,-1.3578,-0.8875,-2.7847,5.1503,63.6572,85.6205
1741602137.833,2.821,0.712,-1.3534,-0.8878,-2.7872,5.2702,63.7065,85.4981
1741602137.913,2.822,0.712,-1.3486,-0.8878,-2.7898,5.2611,63.8061,85.5939
1741602137.992,2.820,0.715,-1.3426,-0.8877,-2.7927,5.1908,63.8532,85.6834
1741602138.072,2.826,0.721,-1.3356,-0.8876,-2.7963,5.1492,63.9691,85.7308
1741602138.151,2.826,0.733,-1.3276,-0.8884,-2.7993,4.6969,64.1080,85.9968
1741602138.231,2.827,0.739,-1.3164,-0.8901,-2.7995,1.4355,64.1338,88.8227
1741602138.311,2.827,0.739,-1.3068,-0.8904,-2.8019,-0.3757,64.5629,90.0660
1741602138.390,2.828,0.750,-1.3033,-0.8904,-2.8030,-0.4933,64.5311,90.3716
1741602138.470,2.829,0.763,-1.3018,-0.8903,-2.8038,-0.6548,64.5563,90.5386
1741602138.550,2.829,0.767,-1.2985,-0.8904,-2.8054,-0.6648,64.5312,90.5959
1741602138.629,2.832,0.772,-1.2928,-0.8906,-2.8089,-0.4178,64.5475,90.2956
1741602138.709,2.839,0.772,-1.2854,-0.8906,-2.8133,-0.3325,64.9986,90.2063
1741602138.789,2.831,0.779,-1.2805,-0.8899,-2.8167,0.4524,65.2129,89.1260
1741602138.868,2.830,0.786,-1.2797,-0.8897,-2.8175,0.7602,65.3274,88.9421
1741602138.948,2.830,0.799,-1.2801,-0.8900,-2.8176,0.7759,65.3356,88.9402
1741602139.028,2.830,0.796,-1.2794,-0.8900,-2.8181,0.7785,65.3997,88.8870
1741602139.107,2.830,0.796,-1.2780,-0.8897,-2.8188,0.7830,65.4530,88.7564
1741602139.187,2.838,0.796,-1.2749,-0.8892,-2.8212,1.6056,65.5979,87.9859
1741602139.266,2.838,0.799,-1.2690,-0.8888,-2.8258,2.8270,65.3966,86.8901
1741602139.346,2.838,0.805,-1.2654,-0.8871,-2.8282,3.3145,65.0961,87.5803
1741602139.426,2.829,0.810,-1.2627,-0.8864,-2.8295,3.2082,65.0963,88.2864
1741602139.625,2.835,0.822,-1.2520,-0.8852,-2.8365,4.5583,65.0681,87.6475
1741602139.705,2.834,0.822,-1.2418,-0.8853,-2.8398,3.7104,64.9150,88.2474
1741602139.784,2.827,0.825,-1.2284,-0.8854,-2.8419,0.6484,64.9372,89.9808
1741602139.864,2.837,0.838,-1.2117,-0.8857,-2.8401,-5.7509,64.9106,93.6856
1741602139.943,2.837,0.853,-1.2054,-0.8855,-2.8431,-5.5703,64.7445,93.5331
1741602140.142,2.847,0.874,-1.1972,-0.8865,-2.8468,-5.1490,64.2709,93.5479
1741602140.224,2.853,0.881,-1.1937,-0.8874,-2.8485,-5.0895,64.1079,93.9068
1741602140.302,2.846,0.881,-1.1916,-0.8888,-2.8499,-4.6993,63.7394,94.9573
1741602140.381,2.845,0.882,-1.1884,-0.8888,-2.8522,-4.4945,64.3627,94.7691
1741602140.461,2.844,0.889,-1.1875,-0.8889,-2.8531,-4.4042,64.3279,94.7470
1741602140.541,2.844,0.892,-1.1875,-0.8890,-2.8530,-4.4842,64.3700,94.8688
1741602140.620,2.844,0.892,-1.1864,-0.8891,-2.8537,-4.4458,64.3143,94.8233
1741602140.700,2.844,0.892,-1.1833,-0.8891,-2.8553,-4.3292,64.2940,94.7434
1741602140.780,2.843,0.896,-1.1777,-0.8893,-2.8589,-3.7714,64.2972,94.1311
1741602140.859,2.843,0.897,-1.1699,-0.8902,-2.8665,-1.2907,64.2994,91.5681
1741602140.939,2.843,0.907,-1.1602,-0.8905,-2.8728,-0.3379,64.0912,90.4811
1741602141.019,2.843,0.921,-1.1527,-0.8906,-2.8763,-0.5563,64.1888,90.5956
1741602141.098,2.838,0.921,-1.1479,-0.8906,-2.8785,-0.5651,64.1794,90.5983
1741602141.178,2.844,0.933,-1.1433,-0.8906,-2.8808,-0.5664,64.2353,90.5592
1741602141.257,2.838,0.938,-1.1401,-0.8906,-2.8818,-0.8215,63.9642,90.5928
1741602141.337,2.838,0.945,-1.1392,-0.8904,-2.8822,-0.9723,63.9778,90.6751
1741602141.417,2.838,0.950,-1.1385,-0.8902,-2.8822,-1.1787,63.9286,90.8018
1741602141.496,2.844,0.950,-1.1361,-0.8901,-2.8834,-1.2592,63.7220,90.5978
1741602141.576,2.845,0.948,-1.1313,-0.8890,-2.8836,-2.7947,63.7593,91.9288
1741602141.656,2.846,0.951,-1.1213,-0.8879,-2.8849,-5.1908,63.8601,94.3764
1741602141.735,2.846,0.954,-1.1041,-0.8884,-2.8964,-3.3567,63.8877,92.0532
1741602141.815,2.855,0.970,-1.0812,-0.8884,-2.9131,-0.2868,64.2592,88.0744
1741602141.895,2.852,0.970,-1.0589,-0.8889,-2.9233,-1.1516,64.6981,89.6501
1741602141.974,2.845,1.002,-1.0428,-0.8910,-2.9326,0.3983,64.3598,89.5500
1741602142.054,2.845,1.033,-1.0271,-0.8910,-2.9396,-0.3285,64.6564,90.3011
1741602142.134,2.847,1.059,-1.0165,-0.8903,-2.9452,-0.2439,64.4646,90.2666
1741602142.213,2.846,1.077,-1.0072,-0.8905,-2.9496,-0.2659,64.3293,90.3459
1741602142.293,2.842,1.077,-0.9966,-0.8904,-2.9549,-0.0620,64.2741,90.1235
1741602142.373,2.842,1.091,-0.9840,-0.8898,-2.9612,0.0918,64.3279,89.8941
1741602142.452,2.842,1.108,-0.9701,-0.8906,-2.9680,-0.2245,64.5483,90.1436
1741602142.534,2.848,1.123,-0.9590,-0.8896,-2.9772,1.8123,64.9428,89.0772
1741602142.613,2.843,1.123,-0.9478,-0.8891,-2.9861,3.9646,65.0949,87.0473
1741602142.691,2.841,1.143,-0.9346,-0.8879,-2.9932,4.6149,65.5491,86.4791
1741602143.866,2.859,1.304,-0.8153,-0.8860,-3.0404,4.8898,71.2872,87.3090
1741602143.946,2.859,1.306,-0.7894,-0.8850,-3.0452,3.8844,72.9651,87.6345
1741602144.025,2.872,1.332,-0.7522,-0.8872,-3.0541,2.0814,72.9715,86.9731
1741602144.105,2.906,1.332,-0.7211,-0.8925,-3.0649,1.5135,74.2199,87.9438
1741602144.185,2.915,1.372,-0.6997,-0.8869,-3.0698,-0.6550,74.8688,89.4106
1741602144.264,2.914,1.422,-0.6859,-0.8881,-3.0726,-0.5788,75.5729,88.4904
1741602144.346,2.914,1.458,-0.6779,-0.8883,-3.0738,-0.9853,75.6406,88.9855
1741602144.423,2.922,1.484,-0.6701,-0.8880,-3.0760,-1.2147,75.8978,89.2277
1741602144.901,2.913,1.500,-0.5911,-0.8898,-3.0920,0.3325,62.5725,90.2995
1741602144.981,2.908,1.511,-0.5812,-0.8898,-3.0973,0.3871,62.5704,90.2424
1741602145.061,2.915,1.526,-0.5708,-0.8899,-3.1028,0.3690,62.6262,90.2440
1741602145.140,2.915,1.540,-0.5589,-0.8899,-3.1088,0.2910,62.7741,90.3739
1741602145.220,2.908,1.556,-0.5449,-0.8896,-3.1161,0.2005,62.8702,90.3223
1741602145.300,2.917,1.556,-0.5310,-0.8899,-3.1237,0.2492,62.9330,90.3087
1741602145.379,2.915,1.573,-0.5167,-0.8894,-3.1314,0.3508,63.0272,90.2500
1741602145.459,2.915,1.596,-0.5032,-0.8895,-3.1383,0.4077,63.1375,90.2049
1741602145.538,2.915,1.617,-0.4902,-0.8887,-3.1451,0.5061,63.3061,90.0725
1741602145.618,2.909,1.634,-0.4773,-0.8890,-3.1521,0.6239,63.2998,89.9018
1741602145.698,2.917,1.634,-0.4643,-0.8891,-3.1583,0.3594,63.3511,90.0983
1741602145.777,2.909,1.653,-0.4508,-0.8887,-3.1650,0.2367,63.3637,90.2270
1741602145.857,2.917,1.670,-0.4372,-0.8883,-3.1721,0.2366,63.4522,90.2389
1741602145.937,2.917,1.689,-0.4235,-0.8885,-3.1790,0.3638,63.6259,90.2091
1741602146.016,2.911,1.708,-0.4101,-0.8881,-3.1859,0.3890,63.7394,90.1752
1741602146.096,2.913,1.708,-0.3970,-0.8883,-3.1932,0.4910,63.8098,90.0816
1741602146.176,2.918,1.731,-0.3844,-0.8879,-3.1994,0.5706,63.8989,89.9940
1741602146.255,2.917,1.747,-0.3713,-0.8873,-3.2051,0.3122,63.9741,90.2969
1741602146.335,2.917,1.767,-0.3575,-0.8876,-3.2119,0.2725,64.0348,90.2589
1741602146.415,2.912,1.785,-0.3430,-0.8875,-3.2193,0.2418,64.0364,90.3300
1741602146.494,2.917,1.785,-0.3290,-0.8872,-3.2266,0.3611,64.1219,90.2016
1741602146.574,2.918,1.802,-0.3150,-0.8871,-3.2338,0.5842,64.2136,90.0765
1741602146.653,2.907,1.824,-0.3011,-0.8871,-3.2406,0.5683,64.2803,90.0590
1741602146.733,2.907,1.845,-0.2879,-0.8871,-3.2471,0.5893,64.3276,90.0200
1741602146.813,2.892,1.864,-0.2738,-0.8868,-3.2535,0.3252,64.3585,90.1872
1741602146.892,2.894,1.864,-0.2604,-0.8867,-3.2600,0.2811,64.3300,90.1808
1741602146.972,2.895,1.883,-0.2470,-0.8867,-3.2667,0.2575,64.3499,90.1809
1741602147.052,2.899,1.902,-0.2339,-0.8864,-3.2730,0.2699,64.4890,90.2773
1741602147.131,2.899,1.919,-0.2208,-0.8861,-3.2794,0.2688,64.5607,90.2930
1741602147.211,2.895,1.938,-0.2076,-0.8851,-3.2860,0.2788,64.6859,90.2646
1741602147.291,2.901,1.938,-0.1945,-0.8847,-3.2924,0.3979,64.7113,90.1279
1741602147.370,2.901,1.957,-0.1808,-0.8855,-3.2989,0.3101,64.7781,90.1664
1741602147.450,2.901,1.977,-0.1663,-0.8852,-3.3057,0.2508,64.8198,90.0794
1741602147.530,2.902,1.997,-0.1515,-0.8856,-3.3129,0.3027,64.8855,90.0720
1741602147.609,2.897,2.016,-0.1375,-0.8852,-3.3200,0.4663,64.9269,89.9612
1741602147.689,2.898,2.016,-0.1243,-0.8851,-3.3267,0.6452,65.0334,89.7878
1741602147.768,2.899,2.034,-0.1129,-0.8850,-3.3319,0.5877,65.0984,89.8050
1741602147.848,2.899,2.052,-0.1036,-0.8850,-3.3361,0.5830,65.1318,89.7811
1741602147.928,2.904,2.072,-0.0941,-0.8853,-3.3402,0.2908,65.1877,90.0007
1741602148.007,2.907,2.072,-0.0845,-0.8857,-3.3451,0.4774,65.1624,89.8977
1741602148.087,2.907,2.083,-0.0731,-0.8849,-3.3507,0.5668,65.2082,89.6966
1741602148.167,2.906,2.096,-0.0611,-0.8845,-3.3561,0.3146,65.2692,90.0396
1741602148.246,2.906,2.112,-0.0487,-0.8848,-3.3617,0.4504,65.3683,89.9317
1741602148.326,2.903,2.131,-0.0357,-0.8849,-3.3675,0.3113,65.4578,90.0482
1741602148.406,2.907,2.131,-0.0230,-0.8849,-3.3739,0.4939,65.5669,89.8742
1741602148.485,2.912,2.149,-0.0106,-0.8844,-3.3796,0.4400,65.6498,89.8388
1741602148.567,2.904,2.168,0.0021,-0.8842,-3.3855,0.6304,65.6829,89.6506
1741602148.645,2.904,2.184,0.0145,-0.8841,-3.3908,0.4340,65.6983,89.7258
1741602148.724,2.905,2.203,0.0281,-0.8840,-3.3971,0.5743,65.7698,89.5201
1741602148.804,2.907,2.203,0.0415,-0.8840,-3.4036,0.5643,65.8236,89.4053
1741602148.884,2.908,2.220,0.0548,-0.8845,-3.4100,0.7520,65.8846,89.2314
1741602148.963,2.910,2.239,0.0677,-0.8839,-3.4159,0.9171,65.9752,89.0626
1741602149.043,2.910,2.256,0.0804,-0.8836,-3.4214,0.8504,66.0408,89.0997
1741602149.122,2.910,2.279,0.0928,-0.8843,-3.4272,1.0582,66.0957,88.8109
1741602149.202,2.918,2.279,0.1059,-0.8844,-3.4325,0.7408,66.1330,89.0788
1741602149.282,2.918,2.296,0.1188,-0.8839,-3.4386,0.8992,66.1293,88.8083
1741602149.361,2.918,2.308,0.1312,-0.8844,-3.4442,0.8107,66.1887,89.0066
1741602149.441,2.918,2.328,0.1437,-0.8846,-3.4497,0.9184,66.3234,88.9330
1741602149.521,2.922,2.344,0.1550,-0.8842,-3.4547,0.9043,66.4063,88.9866
1741602149.600,2.921,2.344,0.1652,-0.8844,-3.4595,0.9886,66.5049,88.9018
1741602149.680,2.919,2.362,0.1745,-0.8842,-3.4637,0.9896,66.6061,88.9408
1741602149.760,2.918,2.375,0.1841,-0.8844,-3.4678,1.0423,66.7073,88.9039
1741602149.839,2.918,2.393,0.1948,-0.8837,-3.4723,1.0105,66.6659,88.8901
1741602149.919,2.926,2.406,0.2062,-0.8844,-3.4774,1.0223,66.7853,88.8189
1741602149.998,2.919,2.406,0.2184,-0.8844,-3.4828,1.0884,66.8589,88.8001
1741602150.078,2.921,2.422,0.2306,-0.8847,-3.4879,0.9707,66.8459,88.8666
1741602150.158,2.922,2.439,0.2425,-0.8845,-3.4933,1.1551,66.9429,88.7598
1741602150.237,2.922,2.457,0.2541,-0.8842,-3.4985,1.2882,67.0440,88.6857
1741602150.317,2.923,2.466,0.2650,-0.8844,-3.5034,1.3548,67.1036,88.5666
1741602150.397,2.932,2.466,0.2757,-0.8847,-3.5084,1.4335,67.1840,88.4961
1741602150.476,2.932,2.482,0.2863,-0.8846,-3.5124,1.1679,67.2562,88.6322
1741602150.556,2.934,2.498,0.2977,-0.8849,-3.5171,1.1063,67.2446,88.6172
1741602150.636,2.934,2.518,0.3094,-0.8852,-3.5219,0.9626,67.2156,88.7269
1741602150.715,2.935,2.534,0.3206,-0.8851,-3.5267,0.8840,67.1985,88.8513
1741602150.914,2.933,2.557,0.3485,-0.8851,-3.5393,0.9880,67.3573,88.7940
1741602150.994,2.938,2.557,0.3586,-0.8848,-3.5438,1.0853,67.4037,88.7974
1741602151.074,2.935,2.577,0.3690,-0.8846,-3.5483,1.1091,67.4469,88.7312
1741602151.153,2.936,2.593,0.3798,-0.8850,-3.5532,1.3172,67.4017,88.5168
1741602151.233,2.936,2.602,0.3898,-0.8849,-3.5574,1.2954,67.5274,88.6234
1741602151.313,2.945,2.616,0.4008,-0.8851,-3.5618,1.0606,67.5171,88.8756
1741602151.392,2.944,2.616,0.4116,-0.8848,-3.5664,1.0411,67.5166,88.9022
1741602151.472,2.949,2.634,0.4213,-0.8848,-3.5701,0.9499,67.5423,89.0095
1741602151.552,2.949,2.643,0.4307,-0.8847,-3.5740,0.9547,67.5733,89.0564
1741602151.633,2.949,2.662,0.4393,-0.8850,-3.5778,1.1406,67.6206,88.8673
1741602151.711,2.943,2.676,0.4469,-0.8853,-3.5810,1.2282,67.6421,88.8251
1741602151.790,2.952,2.676,0.4553,-0.8852,-3.5844,1.1781,67.6537,88.9034
1741602151.870,2.947,2.683,0.4641,-0.8853,-3.5882,1.2410,67.7062,88.8275
1741602151.950,2.954,2.693,0.4735,-0.8856,-3.5922,1.2434,67.6363,88.8252
1741602152.031,2.954,2.710,0.4843,-0.8853,-3.5953,0.9910,66.7550,88.9605
1741602152.109,2.953,2.710,0.4944,-0.8856,-3.5981,0.8568,65.2734,89.0439
1741602152.189,2.948,2.710,0.5045,-0.8855,-3.6013,0.7719,63.8341,89.1174
1741602152.268,2.946,2.723,0.5130,-0.8849,-3.6042,0.7993,62.6006,89.0635
1741602152.348,2.941,2.738,0.5218,-0.8847,-3.6082,0.8527,61.9039,89.0612
1741602152.428,2.941,2.746,0.5301,-0.8854,-3.6128,0.9798,61.9578,88.9662
1741602152.507,2.945,2.758,0.5380,-0.8852,-3.6169,0.9090,62.0103,89.0444
1741602152.587,2.950,2.758,0.5458,-0.8854,-3.6211,0.7835,62.1046,89.1828
1741602152.667,2.947,2.771,0.5538,-0.8853,-3.6255,0.7587,62.2699,89.2339
1741602152.746,2.944,2.782,0.5625,-0.8856,-3.6301,0.6596,62.3444,89.3487
1741602152.826,2.944,2.791,0.5715,-0.8855,-3.6350,0.7562,62.4549,89.2959
1741602152.905,2.948,2.805,0.5827,-0.8846,-3.6407,0.5120,62.5148,89.5176
1741602152.987,2.942,2.805,0.5969,-0.8849,-3.6485,0.5649,62.6240,89.4804
1741602153.065,2.944,2.811,0.6132,-0.8855,-3.6573,0.5857,62.8544,89.5777
1741602153.145,2.942,2.837,0.6264,-0.8835,-3.6619,-0.7620,62.9985,92.2990
1741602153.224,2.942,2.854,0.6372,-0.8834,-3.6695,0.8294,63.3826,91.6545
1741602153.304,2.939,2.871,0.6517,-0.8829,-3.6769,0.8016,63.6700,91.7193
1741602153.383,2.945,2.871,0.6716,-0.8841,-3.6884,1.7794,63.7341,89.7272
1741602153.582,2.944,2.921,0.7246,-0.8861,-3.7130,0.4611,64.9181,89.5692
1741602153.782,2.958,2.975,0.7581,-0.8839,-3.7283,-0.1348,65.0700,88.4767
1741602153.981,2.954,3.024,0.7967,-0.8837,-3.7487,0.7342,65.6095,87.3450
1741602154.060,2.955,3.047,0.8149,-0.8859,-3.7560,0.3155,64.9849,89.4960
1741602154.140,2.955,3.065,0.8334,-0.8818,-3.7602,-3.3041,64.8732,94.4406
1741602154.339,2.959,3.098,0.8555,-0.8821,-3.7748,0.1856,64.6689,92.4564
1741602154.419,2.961,3.112,0.8725,-0.8835,-3.7855,1.5386,64.4488,90.6637
1741602154.498,2.964,3.112,0.8959,-0.8850,-3.7951,-0.1294,65.4213,90.8036
1741602154.578,2.962,3.133,0.9172,-0.8857,-3.8045,0.0662,65.1283,90.5149
1741602154.658,2.967,3.170,0.9348,-0.8853,-3.8123,-0.2005,65.2859,90.7306
1741602154.737,2.967,3.198,0.9504,-0.8843,-3.8193,-0.3932,64.8364,90.4028
1741602154.817,2.972,3.224,0.9615,-0.8836,-3.8245,-1.0837,64.7737,89.8726
1741602154.897,2.968,3.224,0.9733,-0.8827,-3.8305,-0.3780,65.2919,88.4300
1741602154.976,2.967,3.238,0.9888,-0.8820,-3.8381,-0.3570,65.4830,88.3901
1741602155.056,2.975,3.256,1.0063,-0.8837,-3.8487,1.1459,65.6374,88.2081
1741602155.136,2.975,3.283,1.0257,-0.8857,-3.8570,-0.0730,65.0110,90.6072
1741602155.215,2.970,3.298,1.0464,-0.8845,-3.8660,-0.5974,65.5159,90.8116
1741602155.295,2.967,3.298,1.0625,-0.8843,-3.8734,-0.6052,65.5237,90.8116
1741602155.374,2.978,3.328,1.0759,-0.8843,-3.8795,-0.6108,65.5512,90.8819
1741602155.454,2.977,3.350,1.0876,-0.8839,-3.8851,-0.6120,65.6565,91.0718
1741602155.534,2.977,3.370,1.1008,-0.8843,-3.8916,-0.6069,65.6907,91.1148
1741602155.613,2.975,3.385,1.1156,-0.8840,-3.8986,-0.6658,65.8391,91.2988
1741602155.693,2.977,3.385,1.1320,-0.8844,-3.9066,-0.5991,65.9273,91.2092
1741602155.773,2.977,3.407,1.1495,-0.8843,-3.9145,-0.7550,65.9506,91.3172
1741602155.852,2.984,3.427,1.1664,-0.8845,-3.9224,-0.7289,66.0190,91.4150
1741602155.932,2.984,3.455,1.1832,-0.8840,-3.9300,-0.6989,66.1161,91.4765
1741602156.012,2.987,3.480,1.1993,-0.8839,-3.9375,-0.5731,66.2918,91.3433
1741602156.091,2.989,3.480,1.2151,-0.8833,-3.9446,-0.7143,66.4660,91.4129
1741602156.171,2.989,3.504,1.2316,-0.8836,-3.9517,-1.0369,66.6788,91.5584
1741602156.251,2.985,3.527,1.2481,-0.8836,-3.9593,-0.8848,66.7575,91.3273
1741602156.330,2.985,3.551,1.2640,-0.8833,-3.9666,-0.6754,66.7652,91.1941
1741602156.410,2.998,3.571,1.2798,-0.8831,-3.9736,-0.8968,66.8788,91.4550
1741602156.489,2.992,3.571,1.2962,-0.8827,-3.9807,-0.9344,67.1027,91.5129
1741602156.569,3.001,3.595,1.3117,-0.8828,-3.9874,-0.9978,67.2381,91.6479
1741602156.649,3.001,3.617,1.3274,-0.8835,-3.9947,-0.9287,67.3318,91.5922
1741602156.728,3.001,3.642,1.3434,-0.8831,-4.0013,-1.1426,67.3805,91.7007
1741602156.808,3.000,3.665,1.3598,-0.8824,-4.0086,-1.0313,67.5352,91.6970
1741602156.888,3.006,3.665,1.3756,-0.8815,-4.0134,-2.1054,67.4289,93.0572
1741602156.967,3.008,3.687,1.3844,-0.8796,-4.0149,-3.7041,67.3420,95.5927
1741602157.047,3.012,3.712,1.3913,-0.8786,-4.0213,-0.9141,66.8028,94.1468
1741602157.127,3.012,3.719,1.4080,-0.8792,-4.0287,-1.4477,67.1941,94.3959
1741602157.206,3.005,3.734,1.4298,-0.8801,-4.0424,1.8733,67.1165,89.6111
1741602157.286,3.013,3.734,1.4526,-0.8788,-4.0522,0.0779,67.9689,90.5060
1741602158.461,3.035,4.018,1.6884,-0.8794,-4.1468,-1.8105,68.6984,92.8602
1741602158.540,3.043,4.041,1.7052,-0.8798,-4.1539,-1.9513,68.7972,92.9589
1741602158.620,3.043,4.069,1.7145,-0.8798,-4.1575,-2.0140,68.9431,92.9971
1741602158.700,3.041,4.090,1.7147,-0.8796,-4.1577,-2.0279,68.9700,93.0355
1741602158.779,3.044,4.090,1.7127,-0.8795,-4.1568,-2.0700,68.8778,93.0612
1741602158.859,3.045,4.096,1.7117,-0.8795,-4.1564,-2.1387,68.8641,93.1303
1741602158.939,3.045,4.094,1.7115,-0.8796,-4.1565,-2.1407,68.8125,93.1415
1741602159.018,3.045,4.092,1.7115,-0.8795,-4.1565,-2.1281,68.7963,93.1546
1741602159.098,3.048,4.092,1.7115,-0.8795,-4.1565,-2.1736,68.7985,93.2088
1741602159.178,3.049,4.091,1.7115,-0.8795,-4.1563,-2.1666,68.7895,93.1656
1741602159.257,3.044,4.093,1.7115,-0.8795,-4.1564,-2.1685,68.7862,93.1245
1741602159.337,3.044,4.091,1.7116,-0.8794,-4.1565,-2.1922,68.7923,93.1522
1741602159.416,3.048,4.093,1.7115,-0.8796,-4.1565,-2.1855,68.7906,93.1270
1741602159.496,3.042,4.093,1.7115,-0.8794,-4.1565,-2.2178,68.7953,93.1884
1741602159.576,3.043,4.092,1.7116,-0.8795,-4.1565,-2.2302,68.7838,93.1502
1741602159.656,3.049,4.091,1.7115,-0.8795,-4.1566,-2.2307,68.7830,93.1380
1741602159.735,3.049,4.092,1.7115,-0.8795,-4.1566,-2.2326,68.7810,93.1299
1741602159.815,3.047,4.092,1.7116,-0.8795,-4.1566,-2.2755,68.7907,93.1567
1741602159.894,3.041,4.092,1.7117,-0.8796,-4.1565,-2.2381,68.7658,93.1694
1741602159.974,3.049,4.092,1.7117,-0.8796,-4.1566,-2.2371,68.7791,93.1777
1741602160.054,3.049,4.091,1.7116,-0.8795,-4.1566,-2.2230,68.7694,93.1165
1741602160.133,3.049,4.092,1.7116,-0.8796,-4.1566,-2.2161,68.7653,93.0724
1741602160.213,3.043,4.092,1.7117,-0.8796,-4.1566,-2.2216,68.7748,93.0753
1741602160.293,3.042,4.092,1.7117,-0.8797,-4.1568,-2.2290,68.7860,93.1351
1741602160.372,3.041,4.091,1.7116,-0.8795,-4.1567,-2.2424,68.7756,93.1055
1741602160.452,3.042,4.092,1.7116,-0.8796,-4.1567,-2.2682,68.7665,93.1270
1741602160.532,3.042,4.092,1.7103,-0.8797,-4.1561,-2.3232,68.6549,93.1953
1741602160.611,3.043,4.092,1.7044,-0.8795,-4.1534,-2.1865,68.1719,93.1178
1741602160.691,3.041,4.092,1.6950,-0.8797,-4.1488,-2.0347,67.4208,93.0751
1741602160.770,3.040,4.086,1.6842,-0.8798,-4.1431,-1.9799,66.5252,92.9881
1741602160.850,3.036,4.068,1.6748,-0.8802,-4.1381,-1.7008,65.6502,92.7211
1741602160.930,3.036,4.042,1.6706,-0.8799,-4.1361,-1.7040,65.5204,92.7369
1741602161.009,3.032,4.024,1.6714,-0.8799,-4.1365,-1.6745,65.5312,92.6751
1741602161.089,3.034,4.024,1.6721,-0.8800,-4.1370,-1.7144,65.5730,92.6983
1741602161.169,3.032,4.021,1.6723,-0.8800,-4.1371,-1.7398,65.5848,92.7577
1741602161.248,3.035,4.021,1.6723,-0.8800,-4.1369,-1.7139,65.5938,92.7369
1741602161.328,3.035,4.021,1.6722,-0.8800,-4.1368,-1.7187,65.5790,92.7087
1741602161.408,3.030,4.022,1.6721,-0.8799,-4.1368,-1.7163,65.5827,92.6779
1741602161.487,3.036,4.022,1.6722,-0.8800,-4.1368,-1.7209,65.5724,92.6312
1741602161.567,3.035,4.022,1.6723,-0.8802,-4.1370,-1.6945,65.5910,92.6462
1741602161.646,3.035,4.022,1.6721,-0.8799,-4.1368,-1.7030,65.5969,92.6647
1741602161.726,3.035,4.022,1.6722,-0.8799,-4.1367,-1.6957,65.5944,92.6633
1741602161.806,3.034,4.022,1.6723,-0.8801,-4.1370,-1.6839,65.5954,92.6510
1741602161.886,3.030,4.022,1.6722,-0.8799,-4.1368,-1.6953,65.5910,92.6373
1741602161.965,3.036,4.022,1.6722,-0.8801,-4.1369,-1.6799,65.5896,92.6068
1741602162.045,3.035,4.022,1.6722,-0.8800,-4.1367,-1.6992,65.5753,92.5885
1741602162.124,3.035,4.023,1.6723,-0.8801,-4.1370,-1.6992,65.5900,92.6114
1741602162.204,3.029,4.022,1.6721,-0.8800,-4.1369,-1.7032,65.5949,92.6375
1741602162.284,3.033,4.022,1.6722,-0.8799,-4.1369,-1.7107,65.6040,92.6737
1741602162.363,3.032,4.022,1.6721,-0.8799,-4.1369,-1.7247,65.6016,92.7074
1741602162.443,3.036,4.022,1.6723,-0.8800,-4.1369,-1.7407,65.6043,92.7359
1741602162.523,3.036,4.022,1.6722,-0.8799,-4.1366,-1.7405,65.5908,92.7211
1741602162.602,3.030,4.021,1.6723,-0.8800,-4.1369,-1.7348,65.5937,92.7139
1741602162.682,3.035,4.021,1.6722,-0.8800,-4.1370,-1.7373,65.5929,92.7260
1741602162.762,3.034,4.022,1.6723,-0.8799,-4.1367,-1.7618,65.5873,92.7447
1741602162.841,3.034,4.024,1.6722,-0.8798,-4.1369,-1.7363,65.5805,92.6785
1741602162.921,3.034,4.021,1.6722,-0.8800,-4.1371,-1.7207,65.5958,92.6992
1741602163.001,3.035,4.021,1.6723,-0.8799,-4.1368,-1.7553,65.5872,92.7446
1741602163.080,3.033,4.021,1.6722,-0.8800,-4.1368,-1.7265,65.5806,92.6884
1741602163.160,3.033,4.022,1.6722,-0.8799,-4.1370,-1.7208,65.5884,92.7145
1741602163.239,3.029,4.022,1.6721,-0.8800,-4.1367,-1.6986,65.5860,92.6716
1741602163.319,3.029,4.022,1.6723,-0.8801,-4.1369,-1.7036,65.5986,92.7141
1741602163.399,3.036,4.022,1.6722,-0.8798,-4.1369,-1.7028,65.5807,92.6526
1741602163.478,3.029,4.022,1.6723,-0.8801,-4.1371,-1.7271,65.6023,92.7394
1741602163.558,3.033,4.021,1.6722,-0.8799,-4.1367,-1.7166,65.5926,92.7025
1741602163.638,3.030,4.022,1.6721,-0.8799,-4.1369,-1.7186,65.5924,92.7206
1741602163.717,3.030,4.022,1.6722,-0.8800,-4.1370,-1.7234,65.6052,92.7572
1741602163.797,3.029,4.022,1.6722,-0.8800,-4.1369,-1.7524,65.5887,92.7419
1741602163.877,3.031,4.022,1.6723,-0.8801,-4.1371,-1.7656,65.6041,92.8013
1741602163.956,3.038,4.022,1.6723,-0.8800,-4.1370,-1.7613,65.5929,92.7672
1741602164.036,3.035,4.021,1.6722,-0.8799,-4.1369,-1.7498,65.5819,92.7236
1741602164.116,3.035,4.021,1.6723,-0.8800,-4.1370,-1.7308,65.5852,92.6774
1741602164.195,3.030,4.023,1.6722,-0.8800,-4.1370,-1.7274,65.5775,92.6288
1741602164.275,3.034,4.023,1.6723,-0.8800,-4.1370,-1.7648,65.5833,92.6882
1741602164.355,1.857,4.022,1.6723,-0.8798,-4.1370,-1.7682,65.5822,92.6953
1741602164.434,1.857,4.021,1.6721,-0.8799,-4.1371,-1.7733,65.5775,92.6831
1741602164.514,1.923,4.022,1.6722,-0.8799,-4.1370,-1.7827,65.5664,92.6553
1741602164.594,1.974,4.022,1.6722,-0.8800,-4.1370,-1.7723,65.5754,92.6667
1741602164.675,1.966,4.023,1.6723,-0.8801,-4.1373,-1.7620,65.5867,92.6451
1741602164.753,2.012,4.022,1.6722,-0.8799,-4.1371,-1.7801,65.5846,92.6576
1741602164.832,2.012,4.022,1.6724,-0.8801,-4.1370,-1.7709,65.5998,92.6945
1741602164.912,2.105,4.023,1.6723,-0.8801,-4.1372,-1.7777,65.6142,92.7495
1741602164.992,2.122,4.023,1.6723,-0.8800,-4.1373,-1.7680,65.6054,92.7353
1741602165.071,2.171,4.023,1.6724,-0.8800,-4.1373,-1.7804,65.6034,92.7658
1741602165.151,2.217,4.023,1.6723,-0.8800,-4.1372,-1.7912,65.6103,92.7931
1741602166.326,3.030,4.022,1.6724,-0.8801,-4.1375,-1.8087,65.5900,92.7365
1741602166.405,3.033,4.023,1.6724,-0.8801,-4.1375,-1.8137,65.5847,92.7249
1741602166.485,3.031,4.023,1.6724,-0.8800,-4.1374,-1.8196,65.5780,92.7095
1741602166.565,3.031,4.023,1.6725,-0.8800,-4.1375,-1.8235,65.5873,92.7542
1741602166.644,3.036,4.021,1.6724,-0.8800,-4.1374,-1.8305,65.5856,92.7314
1741602166.724,3.036,4.022,1.6725,-0.8801,-4.1376,-1.8071,65.5987,92.7375
1741602166.804,3.034,4.022,1.6724,-0.8800,-4.1373,-1.8265,65.5844,92.7406
1741602166.883,3.030,4.022,1.6724,-0.8800,-4.1376,-1.8054,65.5831,92.7025
1741602166.963,3.036,4.023,1.6725,-0.8802,-4.1376,-1.8239,65.5940,92.7767
1741602167.043,3.034,4.022,1.6725,-0.8801,-4.1375,-1.8147,65.5898,92.7849
1741602167.122,3.034,4.023,1.6724,-0.8800,-4.1375,-1.8147,65.5783,92.7504
1741602167.202,3.031,4.023,1.6723,-0.8800,-4.1375,-1.8143,65.5786,92.7567
1741602167.282,3.031,4.023,1.6724,-0.8800,-4.1375,-1.8248,65.5767,92.7587
1741602167.361,3.030,4.022,1.6724,-0.8800,-4.1374,-1.8129,65.5755,92.7478
1741602167.441,3.029,4.021,1.6724,-0.8801,-4.1376,-1.8144,65.5823,92.7476
1741602167.521,3.029,4.021,1.6725,-0.8801,-4.1377,-1.8084,65.5770,92.7158
1741602167.600,3.036,4.022,1.6724,-0.8801,-4.1377,-1.8290,65.5836,92.7698
1741602167.680,3.032,4.022,1.6725,-0.8801,-4.1376,-1.8534,65.5907,92.8164
1741602167.759,3.030,4.022,1.6726,-0.8802,-4.1377,-1.8497,65.5948,92.8243
1741602167.839,3.031,4.023,1.6726,-0.8802,-4.1377,-1.8469,65.5962,92.8169
1741602167.919,3.031,4.022,1.6725,-0.8801,-4.1376,-1.8393,65.5845,92.7925
1741602167.998,3.032,4.023,1.6724,-0.8800,-4.1375,-1.8347,65.5685,92.7451
1741602168.078,3.032,4.023,1.6725,-0.8801,-4.1377,-1.8346,65.5758,92.7460
1741602168.158,3.033,4.022,1.6725,-0.8802,-4.1379,-1.8461,65.5907,92.7858
1741602168.237,3.030,4.023,1.6725,-0.8801,-4.1378,-1.8565,65.5977,92.8418
1741602168.317,3.030,4.021,1.6726,-0.8801,-4.1377,-1.8543,65.5873,92.8340
1741602168.397,3.035,4.024,1.6726,-0.8802,-4.1378,-1.8332,65.5798,92.7754
1741602168.476,3.030,4.024,1.6725,-0.8801,-4.1376,-1.8494,65.5739,92.7418
1741602168.556,3.036,4.023,1.6725,-0.8801,-4.1378,-1.8650,65.5656,92.7108
1741602168.635,3.033,4.022,1.6725,-0.8801,-4.1378,-1.8599,65.5673,92.7085
1741602168.715,3.033,4.022,1.6727,-0.8802,-4.1379,-1.8409,65.5771,92.6875
1741602168.795,3.036,4.021,1.6725,-0.8801,-4.1378,-1.8449,65.5796,92.7108
1741602168.874,3.031,4.021,1.6726,-0.8802,-4.1378,-1.8447,65.5879,92.7170
1741602168.954,3.034,4.023,1.6726,-0.8801,-4.1378,-1.8469,65.5870,92.7093
1741602169.034,3.034,4.022,1.6726,-0.8802,-4.1379,-1.8335,65.5926,92.7043
1741602169.113,3.034,4.022,1.6726,-0.8802,-4.1380,-1.8090,65.5909,92.6742
1741602169.193,3.030,4.022,1.6724,-0.8801,-4.1379,-1.8023,65.5884,92.6698
1741602169.273,3.035,4.022,1.6725,-0.8801,-4.1379,-1.8152,65.5826,92.7122
1741602169.352,3.031,4.021,1.6726,-0.8802,-4.1380,-1.8117,65.5778,92.7291
1741602169.432,3.036,4.023,1.6726,-0.8802,-4.1380,-1.8286,65.5786,92.7285
1741602169.512,3.036,4.022,1.6726,-0.8802,-4.1379,-1.8280,65.5800,92.7117
1741602197.566,3.604,4.071,1.9887,-0.8832,-3.6550,-1.0830,64.1268,91.5432
1741602197.646,3.603,4.071,1.9887,-0.8833,-3.6550,-1.0806,64.1268,91.5432
1741602197.726,3.604,4.071,1.9888,-0.8832,-3.6550,-1.0797,64.1241,91.5417
1741602197.805,3.606,4.071,1.9888,-0.8833,-3.6548,-1.0823,64.1225,91.5435
1741602197.885,3.606,4.071,1.9887,-0.8833,-3.6550,-1.0674,64.1186,91.5239
1741602197.965,3.606,4.071,1.9887,-0.8832,-3.6550,-1.0803,64.1244,91.5443
1741602198.044,3.599,4.073,1.9888,-0.8832,-3.6549,-1.0809,64.1240,91.5401
1741602198.124,3.606,4.072,1.9888,-0.8832,-3.6550,-1.0645,64.1252,91.5196
1741602198.204,3.600,4.073,1.9887,-0.8832,-3.6549,-1.0722,64.1262,91.5320
1741602198.283,3.600,4.071,1.9887,-0.8833,-3.6549,-1.0743,64.1290,91.5380
1741602198.363,3.602,4.071,1.9887,-0.8832,-3.6549,-1.1009,64.1302,91.5598
1741602198.443,3.604,4.072,1.9888,-0.8832,-3.6549,-1.0880,64.1316,91.5498
1741602198.522,3.606,4.072,1.9888,-0.8832,-3.6548,-1.0841,64.1297,91.5538
1741602198.602,3.606,4.072,1.9887,-0.8833,-3.6549,-1.0645,64.1246,91.5329
1741602198.681,3.599,4.073,1.9887,-0.8832,-3.6549,-1.0784,64.1259,91.5435
1741602198.761,3.603,4.073,1.9887,-0.8832,-3.6549,-1.0812,64.1261,91.5453
1741602198.843,3.603,4.073,1.9888,-0.8831,-3.6549,-1.0829,64.1185,91.5491
1741602198.920,3.604,4.072,1.9888,-0.8832,-3.6548,-1.0855,64.1224,91.5562
1741602199.000,3.604,4.073,1.9887,-0.8832,-3.6548,-1.0846,64.1242,91.5521
1741602199.080,3.602,4.072,1.9887,-0.8833,-3.6549,-1.0708,64.1203,91.5365
1741602199.159,3.606,4.072,1.9887,-0.8832,-3.6549,-1.0809,64.1185,91.5461
1741602199.239,3.599,4.073,1.9888,-0.8831,-3.6550,-1.0941,64.1276,91.5537
1741602199.319,3.602,4.071,1.9887,-0.8832,-3.6548,-1.0960,64.1203,91.5650
1741602199.398,3.602,4.072,1.9887,-0.8833,-3.6548,-1.0926,64.1217,91.5592
1741602199.478,3.605,4.071,1.9887,-0.8834,-3.6548,-1.0916,64.1262,91.5543
1741602199.558,3.600,4.071,1.9888,-0.8832,-3.6550,-1.0665,64.1228,91.5250
1741602199.637,3.604,4.071,1.9888,-0.8831,-3.6549,-1.0784,64.1260,91.5414
1741602199.717,3.604,4.071,1.9887,-0.8831,-3.6548,-1.0766,64.1269,91.5448
1741602199.797,3.604,4.073,1.9887,-0.8831,-3.6549,-1.0771,64.1316,91.5483
1741602199.876,3.600,4.072,1.9887,-0.8833,-3.6549,-1.0820,64.1294,91.5523
1741602199.956,3.602,4.072,1.9887,-0.8834,-3.6548,-1.0860,64.1228,91.5580
1741602200.035,3.604,4.072,1.9888,-0.8833,-3.6550,-1.0775,64.1211,91.5433
1741602200.115,3.607,4.072,1.9888,-0.8831,-3.6550,-1.0989,64.1240,91.5631
1741602200.195,3.607,4.073,1.9888,-0.8831,-3.6547,-1.1073,64.1279,91.5726
1741602200.274,3.604,4.073,1.9888,-0.8833,-3.6548,-1.1045,64.1304,91.5737
1741602200.354,2.852,4.073,1.9887,-0.8833,-3.6549,-1.0895,64.1300,91.5590
1741602200.434,2.793,4.074,1.9888,-0.8833,-3.6550,-1.1062,64.1237,91.5679
1741602200.513,2.742,4.071,1.9887,-0.8832,-3.6549,-1.1049,64.1237,91.5646
1741602200.593,2.742,4.073,1.9887,-0.8831,-3.6550,-1.1000,64.1243,91.5630
1741602200.673,2.702,4.072,1.9888,-0.8832,-3.6551,-1.1033,64.1294,91.5657
1741602200.752,2.684,4.072,1.9887,-0.8833,-3.6548,-1.1104,64.1309,91.5762
1741602200.832,2.635,4.071,1.9887,-0.8833,-3.6550,-1.1058,64.1301,91.5688
1741602200.912,2.590,4.071,1.9888,-0.8832,-3.6549,-1.1098,64.1296,91.5707
1741602200.991,2.590,4.072,1.9888,-0.8831,-3.6548,-1.1010,64.1269,91.5652
1741602201.071,2.520,4.072,1.9887,-0.8831,-3.6549,-1.0866,64.1297,91.5526
1741602201.150,2.468,4.072,1.9887,-0.8833,-3.6548,-1.0963,64.1221,91.5605
1741602201.230,2.419,4.072,1.9888,-0.8833,-3.6549,-1.0829,64.1223,91.5395
1741602201.310,2.367,4.073,1.9887,-0.8832,-3.6549,-1.0874,64.1248,91.5423
1741602201.389,2.367,4.073,1.9888,-0.8831,-3.6549,-1.0854,64.1295,91.5406
1741602201.469,2.327,4.072,1.9887,-0.8832,-3.6549,-1.0990,64.1295,91.5577
1741602201.549,2.293,4.072,1.9887,-0.8833,-3.6549,-1.1142,64.1296,91.5687
1741602201.628,2.250,4.069,1.9887,-0.8833,-3.6548,-1.1129,64.1338,91.5625
1741602201.708,2.226,4.070,1.9888,-0.8832,-3.6549,-1.1121,64.1316,91.5586
1741602201.788,2.226,4.071,1.9890,-0.8834,-3.6552,-1.0930,64.1260,91.5395
1741602201.867,2.164,4.071,1.9893,-0.8831,-3.6556,-1.0970,64.1267,91.5447
1741602201.949,2.100,4.071,1.9887,-0.8824,-3.6546,-1.1101,64.1245,91.5907
1741602203.002,3.604,4.012,1.9221,-0.8843,-3.6227,-0.9769,64.3055,91.3977
1741602203.084,3.604,4.004,1.9138,-0.8838,-3.6183,-1.0139,64.2756,91.4131
1741602203.162,3.598,4.004,1.9067,-0.8833,-3.6144,-0.9061,64.2388,91.3340
1741602203.241,3.601,3.994,1.9006,-0.8838,-3.6119,-0.6979,64.2362,91.1729
1741602203.321,3.597,3.981,1.8982,-0.8840,-3.6113,-0.7127,64.2006,91.1711
1741602203.401,3.599,3.975,1.8978,-0.8838,-3.6109,-0.7180,64.2061,91.1670
1741602203.480,3.599,3.970,1.8978,-0.8835,-3.6107,-0.7413,64.2020,91.1903
1741602203.560,3.598,3.970,1.8972,-0.8836,-3.6104,-0.7607,64.1363,91.2060
1741602203.639,3.594,3.968,1.8949,-0.8838,-3.6096,-0.6195,64.1667,91.0436
1741602203.719,3.595,3.971,1.8912,-0.8837,-3.6078,-0.6150,64.2152,91.0470
1741602203.799,3.596,3.965,1.8855,-0.8838,-3.6052,-0.5865,64.2263,90.9501
1741602203.878,3.596,3.960,1.8763,-0.8839,-3.6006,-0.5579,64.1846,90.9507
1741602203.958,3.599,3.960,1.8653,-0.8837,-3.5948,-0.4363,64.1452,90.7953
1741602204.038,3.601,3.951,1.8548,-0.8838,-3.5899,-0.5509,64.1139,90.8132
1741602204.117,3.602,3.936,1.8455,-0.8843,-3.5854,-0.6663,64.2736,90.9192
1741602204.197,3.602,3.921,1.8388,-0.8841,-3.5821,-0.5957,64.2720,90.8325
1741602204.277,3.593,3.908,1.8342,-0.8837,-3.5796,-0.6073,64.2547,90.8288
1741602204.356,3.591,3.908,1.8304,-0.8838,-3.5776,-0.6673,64.2308,90.8667
1741602204.436,3.598,3.900,1.8255,-0.8840,-3.5752,-0.6118,64.1545,90.8276
1741602204.515,3.594,3.895,1.8184,-0.8843,-3.5723,-0.4420,64.0496,90.7191
1741602204.595,3.594,3.889,1.8082,-0.8839,-3.5676,-0.3279,63.9312,90.6159
1741602204.675,3.596,3.877,1.7958,-0.8834,-3.5610,-0.4385,63.7729,90.6698
1741602204.754,3.594,3.877,1.7822,-0.8836,-3.5547,-0.1265,63.4776,90.3794
1741602204.834,3.592,3.861,1.7694,-0.8839,-3.5478,-0.2726,63.4302,90.5036
1741602204.914,3.583,3.843,1.7577,-0.8845,-3.5419,-0.3853,63.3521,90.5329
1741602204.993,3.583,3.827,1.7465,-0.8845,-3.5366,-0.2806,63.3319,90.4231
1741602205.073,3.589,3.808,1.7359,-0.8841,-3.5304,-0.6928,63.2384,90.8076
1741602205.153,3.587,3.808,1.7253,-0.8842,-3.5248,-0.5182,63.1428,90.7265
1741602205.232,3.582,3.792,1.7142,-0.8842,-3.5195,-0.3136,62.9651,90.5376
1741602205.312,3.591,3.778,1.7033,-0.8847,-3.5139,-0.2721,62.8120,90.5804
1741602205.394,3.591,3.764,1.6911,-0.8846,-3.5081,-0.0265,62.6361,90.3331
1741602205.471,3.592,3.746,1.6800,-0.8840,-3.5014,-0.3516,62.5474,90.5975
1741602205.551,3.588,3.746,1.6686,-0.8841,-3.4956,-0.1273,62.4365,90.2986
1741602205.631,3.592,3.729,1.6576,-0.8843,-3.4893,-0.4218,62.5031,90.5872
1741602205.710,3.580,3.714,1.6466,-0.8845,-3.4838,-0.4180,62.5207,90.5643
1741602205.790,3.580,3.694,1.6361,-0.8848,-3.4783,-0.3751,62.3981,90.5666
1741602205.869,3.585,3.683,1.6259,-0.8847,-3.4727,-0.5178,62.2776,90.8279
1741602205.949,3.584,3.683,1.6157,-0.8846,-3.4673,-0.3362,62.2068,90.6109
1741602206.029,3.589,3.663,1.6060,-0.8843,-3.4618,-0.3655,62.0517,90.6629
1741602206.108,3.587,3.651,1.5964,-0.8848,-3.4571,-0.2962,61.9471,90.5676
1741602206.188,3.587,3.638,1.5870,-0.8851,-3.4521,-0.2148,61.8439,90.4602
1741602206.268,3.591,3.626,1.5776,-0.8847,-3.4469,-0.3082,61.8789,90.5098
1741602206.347,3.591,3.626,1.5690,-0.8845,-3.4422,-0.3291,61.8343,90.4858
1741602206.427,3.592,3.610,1.5614,-0.8845,-3.4379,-0.2678,61.8764,90.4210
1741602206.507,3.591,3.595,1.5544,-0.8848,-3.4340,-0.2991,61.9313,90.4919
1741602206.586,3.591,3.587,1.5478,-0.8849,-3.4304,-0.3784,61.9244,90.5655
1741602206.666,3.590,3.576,1.5411,-0.8851,-3.4264,-0.4562,61.8841,90.6505
1741602206.746,3.590,3.576,1.5335,-0.8847,-3.4227,-0.3337,61.7692,90.5575
1741602206.825,3.592,3.564,1.5261,-0.8848,-3.4186,-0.2233,61.6453,90.4957
1741602206.905,3.591,3.556,1.5181,-0.8848,-3.4145,-0.0579,61.6008,90.3355
1741602206.985,3.591,3.547,1.5098,-0.8849,-3.4098,-0.1652,61.5132,90.4202
1741602207.064,3.591,3.534,1.5016,-0.8850,-3.4054,0.0199,61.3716,90.2598
1741602207.144,3.600,3.534,1.4939,-0.8849,-3.4009,0.0011,61.3145,90.2407
1741602207.225,3.593,3.520,1.4862,-0.8848,-3.3966,-0.0985,61.1940,90.2805
1741602207.303,3.594,3.510,1.4790,-0.8847,-3.3925,-0.1670,61.1443,90.3399
1741602207.383,3.594,3.500,1.4716,-0.8849,-3.3882,-0.1935,61.1742,90.3455
1741602207.462,3.595,3.490,1.4642,-0.8848,-3.3841,-0.2338,61.1446,90.2958
1741602207.542,3.593,3.490,1.4566,-0.8848,-3.3798,-0.2492,61.0775,90.2899
1741602207.622,3.597,3.481,1.4486,-0.8848,-3.3754,-0.2050,60.9272,90.3241
1741602207.701,3.591,3.473,1.4406,-0.8849,-3.3709,-0.1429,60.8154,90.3037
1741602207.781,3.591,3.460,1.4324,-0.8851,-3.3663,-0.2190,60.6705,90.3262
1741602207.860,3.594,3.449,1.4245,-0.8850,-3.3615,-0.1889,60.4750,90.3128
1741602207.940,3.599,3.449,1.4168,-0.8848,-3.3567,-0.2085,60.2884,90.3493
1741602208.020,3.594,3.438,1.4093,-0.8851,-3.3525,-0.1518,60.1354,90.3020
1741602208.100,3.600,3.425,1.4018,-0.8852,-3.3481,-0.2512,60.0936,90.3629
1741602208.179,3.600,3.410,1.3943,-0.8852,-3.3438,-0.2863,60.0330,90.3820
1741602208.259,3.601,3.400,1.3869,-0.8851,-3.3394,-0.3375,59.9799,90.3984
1741602208.338,3.602,3.400,1.3795,-0.8851,-3.3351,-0.2945,59.9772,90.3552
1741602208.418,3.601,3.394,1.3719,-0.8851,-3.3304,-0.3511,60.0325,90.4207
1741602208.498,3.602,3.381,1.3643,-0.8851,-3.3258,-0.3849,59.9797,90.4626
1741602208.577,3.602,3.374,1.3567,-0.8853,-3.3214,-0.4835,59.8379,90.5423
1741602208.657,3.603,3.357,1.3492,-0.8852,-3.3172,-0.3729,59.8597,90.5436
1741602208.737,3.602,3.357,1.3410,-0.8851,-3.3128,-0.2804,60.0920,90.4877
1741602208.816,3.606,3.346,1.3325,-0.8850,-3.3085,-0.3087,60.4878,90.5282
1741602208.896,3.605,3.334,1.3242,-0.8853,-3.3043,-0.3441,60.9980,90.5223
1741602208.976,3.605,3.326,1.3162,-0.8853,-3.3004,-0.3575,61.4129,90.5894
1741602209.055,3.599,3.326,1.3083,-0.8854,-3.2967,-0.4518,61.9507,90.5720
1741602209.135,3.596,3.313,1.3008,-0.8851,-3.2929,-0.4587,62.4400,90.5256
1741602209.215,3.592,3.299,1.2930,-0.8849,-3.2893,-0.5279,62.9889,90.5856
1741602209.294,3.593,3.290,1.2850,-0.8850,-3.2860,-0.5287,63.5089,90.5697
1741602209.374,3.593,3.278,1.2773,-0.8851,-3.2822,-0.5423,63.5962,90.5413
1741602209.454,3.592,3.278,1.2693,-0.8852,-3.2781,-0.5018,63.6007,90.5310
1741602209.533,3.592,3.270,1.2611,-0.8850,-3.2741,-0.4318,63.4908,90.5347
1741602209.613,3.592,3.255,1.2523,-0.8851,-3.2698,-0.4519,63.5140,90.5833
1741602209.693,3.592,3.249,1.2437,-0.8852,-3.2652,-0.4147,63.4730,90.5457
1741602209.772,3.589,3.232,1.2352,-0.8852,-3.2612,-0.2762,63.3113,90.4213
1741602209.852,3.591,3.232,1.2272,-0.8854,-3.2572,-0.2190,63.2512,90.3677
1741602209.931,3.589,3.225,1.2190,-0.8856,-3.2531,-0.1976,63.2532,90.2604
1741602210.011,3.588,3.211,1.2101,-0.8853,-3.2487,-0.1930,63.2857,90.2278
1741602210.091,3.588,3.198,1.2009,-0.8853,-3.2439,-0.3044,63.2887,90.3003
1741602211.265,3.580,3.045,1.0682,-0.8840,-3.1727,-1.4631,62.1930,90.5073
1741602211.345,3.579,3.045,1.0662,-0.8832,-3.1730,-0.5183,62.0506,88.6727
1741602211.425,3.588,3.035,1.0595,-0.8829,-3.1699,-0.2876,62.2241,87.9852
1741602211.504,3.587,3.029,1.0474,-0.8829,-3.1636,-0.3955,62.3460,88.0044
1741602211.584,3.587,3.031,1.0327,-0.8833,-3.1553,-0.8299,61.9311,88.4586
1741602211.664,3.588,3.005,1.0161,-0.8833,-3.1477,-0.1302,61.9123,88.7647
1741602211.743,3.590,3.005,1.0043,-0.8834,-3.1463,2.5478,62.8412,86.4069
1741602211.823,3.586,2.979,0.9982,-0.8829,-3.1413,1.4679,63.0423,87.0096
1741602211.903,3.563,2.968,0.9929,-0.8827,-3.1377,1.1112,63.0070,87.1588
1741602211.982,3.563,2.953,0.9850,-0.8830,-3.1336,1.1450,63.2562,87.0923
1741602212.062,3.573,2.945,0.9758,-0.8825,-3.1293,1.4402,63.5276,86.9098
1741602212.142,3.584,2.945,0.9648,-0.8838,-3.1240,1.3900,63.7685,87.2063
1741602212.222,3.583,2.941,0.9495,-0.8848,-3.1148,0.4811,64.0877,89.3008
1741602212.301,3.583,2.920,0.9412,-0.8831,-3.1049,-3.5822,64.7401,93.4506
1741602212.381,3.583,2.903,0.9353,-0.8828,-3.0996,-5.0522,64.8635,94.9088
1741602212.460,3.591,2.893,0.9286,-0.8824,-3.0950,-5.7555,65.0256,95.6193
1741602212.540,3.601,2.893,0.9188,-0.8824,-3.0903,-5.8555,65.1245,95.6908
1741602212.619,3.600,2.878,0.9057,-0.8823,-3.0852,-5.3660,65.3756,95.4629
1741602212.699,3.601,2.866,0.8881,-0.8822,-3.0854,0.7544,64.4833,91.0792
1741602212.779,3.601,2.849,0.8766,-0.8832,-3.0868,5.7453,63.4204,85.0848
1741602212.858,3.598,2.827,0.8669,-0.8822,-3.0809,4.2724,63.1432,87.0953
1741602212.938,3.606,2.827,0.8585,-0.8819,-3.0779,4.8700,62.9803,86.2651
1741602213.018,3.574,2.821,0.8497,-0.8817,-3.0737,5.1841,62.8046,85.7688
1741602213.097,3.604,2.804,0.8412,-0.8825,-3.0683,4.5101,62.6438,86.1472
1741602213.177,3.604,2.795,0.8315,-0.8832,-3.0616,3.6174,62.5761,86.8720
1741602213.257,3.602,2.784,0.8223,-0.8842,-3.0508,-0.2552,62.9702,90.0129
1741602213.336,3.551,2.784,0.8115,-0.8847,-3.0455,0.0166,62.8307,89.8308
1741602213.416,3.580,2.768,0.8028,-0.8846,-3.0411,0.2786,62.6817,89.5692
1741602213.495,3.577,2.747,0.7961,-0.8842,-3.0374,0.1070,62.7901,89.5428
1741602213.575,3.577,2.740,0.7898,-0.8839,-3.0338,0.1272,62.3638,89.3516
1741602213.655,3.572,2.728,0.7799,-0.8843,-3.0292,0.4353,62.3868,89.4043
1741602213.734,3.574,2.728,0.7681,-0.8844,-3.0229,0.4497,62.3443,89.4166
1741602213.814,3.576,2.715,0.7564,-0.8849,-3.0164,0.2947,62.3541,89.5966
1741602213.894,3.578,2.704,0.7455,-0.8848,-3.0105,0.0968,62.3082,89.7552
1741602213.973,3.578,2.687,0.7355,-0.8846,-3.0050,-0.0128,62.3551,89.8860
1741602214.053,3.574,2.670,0.7261,-0.8838,-2.9998,-0.0783,62.3824,90.0092
1741602214.133,3.575,2.670,0.7169,-0.8847,-2.9948,-0.0880,62.3818,90.0277
1741602214.212,3.579,2.650,0.7073,-0.8842,-2.9898,0.1211,62.3747,89.8566
1741602214.292,3.575,2.637,0.6973,-0.8840,-2.9847,0.1445,62.3610,89.7703
1741602214.372,3.575,2.632,0.6866,-0.8843,-2.9792,0.3307,62.2810,89.6140
1741602214.451,3.575,2.632,0.6760,-0.8844,-2.9732,0.0636,62.4028,89.8942
1741602214.531,3.575,2.617,0.6665,-0.8845,-2.9673,-0.3448,62.6152,90.2797
1741602214.610,3.579,2.598,0.6558,-0.8846,-2.9622,0.0439,62.4482,89.7743
1741602214.690,3.575,2.591,0.6450,-0.8846,-2.9565,0.0528,62.4263,89.7406
1741602214.770,3.575,2.571,0.6341,-0.8846,-2.9511,0.1093,62.4111,89.7114
1741602214.850,3.579,2.571,0.6241,-0.8842,-2.9459,0.2082,62.3437,89.6326
1741602214.929,3.575,2.571,0.6144,-0.8843,-2.9408,0.4107,62.2964,89.4624
1741602215.009,3.576,2.541,0.6051,-0.8851,-2.9362,0.5854,62.3402,89.3021
1741602215.088,3.580,2.533,0.5954,-0.8845,-2.9312,0.6457,62.3180,89.2214
1741602215.168,3.580,2.515,0.5852,-0.8842,-2.9259,0.6376,62.3128,89.2070
1741602215.248,3.576,2.515,0.5748,-0.8846,-2.9201,0.5199,62.2820,89.3175
1741602215.327,3.576,2.507,0.5642,-0.8841,-2.9143,0.5039,62.2420,89.3595
1741602215.407,3.578,2.491,0.5539,-0.8841,-2.9084,0.3916,62.2662,89.4374
1741602215.487,3.578,2.476,0.5439,-0.8843,-2.9031,0.3599,62.3607,89.4915
1741602215.566,3.578,2.458,0.5338,-0.8849,-2.8983,0.5060,62.3354,89.4287
1741602215.646,3.575,2.458,0.5241,-0.8843,-2.8933,0.5438,62.3139,89.3824
1741602215.726,3.576,2.443,0.5137,-0.8840,-2.8879,0.6592,62.2561,89.2177
1741602215.805,3.579,2.436,0.5016,-0.8845,-2.8819,0.8546,62.1157,89.0604
1741602215.885,3.579,2.417,0.4873,-0.8851,-2.8741,0.8771,62.1897,88.8935
1741602215.964,3.576,2.400,0.4711,-0.8845,-2.8646,0.6276,62.0907,89.1006
1741602216.044,3.574,2.400,0.4545,-0.8847,-2.8561,0.3160,62.0846,89.4104
1741602216.124,3.575,2.379,0.4380,-0.8842,-2.8469,0.5721,61.7695,89.2022
1741602216.203,3.581,2.357,0.4222,-0.8839,-2.8384,0.8151,61.6296,89.0226
1741602216.283,3.581,2.335,0.4081,-0.8834,-2.8304,0.7663,61.6062,89.0217
1741602216.363,3.584,2.312,0.3942,-0.8841,-2.8227,0.7898,61.4509,89.0440
1741602216.442,3.576,2.312,0.3802,-0.8841,-2.8148,0.5236,61.3951,89.3832
1741602216.522,3.584,2.289,0.3660,-0.8845,-2.8065,0.2374,61.2519,89.6677
1741602216.602,3.584,2.268,0.3514,-0.8839,-2.7981,0.1812,61.2525,89.7061
1741602216.681,3.584,2.251,0.3367,-0.8840,-2.7900,0.1651,61.1459,89.7005
1741602216.761,3.579,2.228,0.3214,-0.8843,-2.7817,0.3769,61.0462,89.5287
1741602216.841,3.582,2.228,0.3064,-0.8835,-2.7730,0.4237,60.9587,89.4120
1741602216.920,3.582,2.209,0.2917,-0.8835,-2.7649,0.3781,60.8647,89.3902
1741602217.000,3.582,2.187,0.2771,-0.8842,-2.7565,0.2308,60.8190,89.5398
1741602217.079,3.582,2.166,0.2628,-0.8839,-2.7480,0.0282,60.7738,89.7464
1741602217.159,3.583,2.143,0.2483,-0.8841,-2.7395,0.2026,60.7190,89.7351
1741602217.239,3.585,2.143,0.2344,-0.8841,-2.7312,0.0720,60.7704,90.0090
1741602217.318,3.590,2.123,0.2199,-0.8840,-2.7237,0.2580,60.7653,89.9058
1741602217.398,3.587,2.100,0.2055,-0.8844,-2.7160,0.2369,60.8423,89.9160
1741602217.478,3.587,2.080,0.1907,-0.8842,-2.7076,0.1102,60.9018,90.1026
1741602217.558,3.588,2.058,0.1758,-0.8843,-2.6990,0.1033,60.9821,90.1775
1741602217.637,3.592,2.058,0.1608,-0.8843,-2.6905,0.2939,60.9777,90.0749
1741602217.717,3.597,2.037,0.1467,-0.8845,-2.6828,0.4197,61.0011,89.9110
1741602217.796,3.605,2.016,0.1326,-0.8847,-2.6757,0.6219,60.9544,89.7041
1741602217.876,3.605,1.997,0.1182,-0.8847,-2.6678,0.6757,61.0396,89.5960
1741602217.956,3.616,1.975,0.1035,-0.8846,-2.6593,0.5582,61.1581,89.7259
1741602218.035,3.617,1.975,0.0890,-0.8847,-2.6507,0.4354,61.0994,89.8337
1741602218.115,3.616,1.955,0.0745,-0.8852,-2.6429,0.5689,61.0885,89.7284
1741602218.194,3.618,1.934,0.0598,-0.8855,-2.6356,1.0416,60.9843,89.3749
1741602218.274,3.618,1.911,0.0453,-0.8857,-2.6280,1.1866,61.0381,89.2982
1741602218.354,3.617,1.890,0.0313,-0.8857,-2.6199,1.1668,60.9785,89.2992
1741602218.434,3.611,1.890,0.0171,-0.8859,-2.6118,1.0524,61.0900,89.4393
1741602218.513,3.617,1.869,0.0029,-0.8857,-2.6039,0.9789,61.0328,89.5305
1741602218.593,3.612,1.852,-0.0117,-0.8858,-2.5960,1.0952,61.0715,89.5091
1741602218.672,3.612,1.830,-0.0261,-0.8859,-2.5881,1.1423,61.0386,89.4857
1741602218.871,3.618,1.788,-0.0619,-0.8862,-2.5684,1.5090,60.7434,88.9545
1741602218.951,3.620,1.769,-0.0761,-0.8869,-2.5601,1.4589,60.7808,88.9134
1741602219.031,3.613,1.769,-0.0907,-0.8872,-2.5515,1.2103,60.7025,89.1069
1741602219.110,3.617,1.749,-0.1052,-0.8867,-2.5429,1.1010,60.6469,89.1998
1741602219.190,3.617,1.728,-0.1190,-0.8871,-2.5350,1.4204,60.3789,88.9676
1741602219.270,3.617,1.706,-0.1328,-0.8869,-2.5274,1.4981,60.2351,88.8906
1741602219.349,3.622,1.687,-0.1460,-0.8871,-2.5198,1.4880,60.1520,88.8770
1741602219.429,3.623,1.687,-0.1592,-0.8870,-2.5117,1.3507,60.1617,88.9523
1741602219.509,3.622,1.667,-0.1723,-0.8878,-2.5034,1.0308,60.0297,89.2140
1741602219.588,3.625,1.647,-0.1860,-0.8872,-2.4954,0.9376,60.0753,89.3710
1741602219.668,3.625,1.626,-0.2000,-0.8872,-2.4875,1.0624,59.9872,89.2766
1741602219.748,3.624,1.626,-0.2135,-0.8878,-2.4797,1.1337,59.8602,89.2213
1741602219.827,3.626,1.608,-0.2272,-0.8879,-2.4720,1.3186,59.6740,89.0360
1741602219.907,3.626,1.588,-0.2408,-0.8880,-2.4638,1.2343,59.5915,88.9952
1741602219.987,3.627,1.568,-0.2542,-0.8882,-2.4554,1.0457,59.5914,89.0722
1741602220.066,3.627,1.545,-0.2675,-0.8884,-2.4466,0.8171,59.5365,89.2850
1741602220.146,3.628,1.545,-0.2813,-0.8884,-2.4380,0.4107,59.5882,89.7943
1741602220.226,3.632,1.525,-0.2951,-0.8883,-2.4300,0.6508,59.3796,89.6000
1741602220.305,3.631,1.507,-0.3082,-0.8883,-2.4225,0.8289,59.2304,89.4273
1741602220.385,3.632,1.485,-0.3213,-0.8882,-2.4148,0.8012,59.1250,89.3580
1741602220.464,3.632,1.466,-0.3341,-0.8886,-2.4068,0.7098,59.0443,89.3634
1741602220.544,3.634,1.466,-0.3475,-0.8888,-2.3987,0.6713,59.0613,89.4693
1741602220.624,3.641,1.446,-0.3613,-0.8889,-2.3902,0.4486,59.1332,89.7762
1741602220.703,3.639,1.428,-0.3753,-0.8893,-2.3821,0.5602,59.1059,89.7623
1741602220.783,3.643,1.408,-0.3891,-0.8888,-2.3739,0.5995,59.0728,89.6961
1741602220.863,3.643,1.388,-0.4027,-0.8892,-2.3659,0.8044,58.9839,89.4850
1741602220.943,3.643,1.388,-0.4162,-0.8890,-2.3579,0.8174,58.9381,89.4591
1741602221.022,3.645,1.369,-0.4295,-0.8895,-2.3494,0.5942,59.0267,89.5923
1741602221.102,3.646,1.349,-0.4429,-0.8896,-2.3413,0.4522,59.1061,89.7216
1741602221.181,3.645,1.329,-0.4564,-0.8892,-2.3330,0.2609,59.2994,89.9410
1741602221.261,3.645,1.309,-0.4707,-0.8895,-2.3254,0.4729,59.6102,89.7895
1741602221.341,3.648,1.309,-0.4849,-0.8899,-2.3180,0.6579,60.0248,89.5957
1741602221.420,3.644,1.289,-0.4987,-0.8899,-2.3109,0.6909,60.4623,89.4706
1741602221.500,3.642,1.269,-0.5123,-0.8899,-2.3036,0.6576,60.9198,89.4759
1741602221.579,3.642,1.248,-0.5262,-0.8900,-2.2966,0.5144,61.5050,89.5907
1741602221.659,3.643,1.229,-0.5404,-0.8902,-2.2897,0.4754,62.0470,89.6505
1741602221.739,3.642,1.229,-0.5549,-0.8901,-2.2832,0.6402,62.5074,89.6086
1741602221.818,3.641,1.210,-0.5688,-0.8900,-2.2757,0.5253,62.5666,89.6507
1741602221.898,3.635,1.187,-0.5829,-0.8900,-2.2686,0.6409,62.4915,89.5323
1741602221.978,3.635,1.167,-0.5971,-0.8904,-2.2611,0.5048,62.4836,89.5980
1741602222.057,3.640,1.147,-0.6052,-0.8892,-2.2544,-0.8202,62.0258,89.6773
1741602222.137,3.638,1.147,-0.6131,-0.8888,-2.2501,-0.6096,61.9983,88.7349
1741602222.217,3.642,1.131,-0.6259,-0.8893,-2.2433,-0.6521,61.9473,88.7768
1741602222.296,3.642,1.120,-0.6406,-0.8894,-2.2362,-0.4198,62.1496,88.2246
1741602222.376,3.642,1.102,-0.6572,-0.8888,-2.2279,-0.0013,61.7554,87.8426
1741602222.455,3.643,1.081,-0.6737,-0.8887,-2.2186,-0.1112,61.2427,88.0167
1741602222.535,3.642,1.081,-0.6915,-0.8898,-2.2092,0.0584,61.1955,88.7749
1741602222.615,3.642,1.057,-0.7105,-0.8907,-2.1986,0.3264,61.1639,89.8248
1741602222.694,3.641,1.034,-0.7233,-0.8904,-2.1895,-0.8593,61.8431,91.2682
1741602222.894,3.647,0.988,-0.7376,-0.8874,-2.1767,-3.5546,60.9833,92.6878
1741602223.093,3.650,0.972,-0.7669,-0.8861,-2.1618,-4.1909,62.5740,92.2148
1741602223.292,3.651,0.935,-0.8265,-0.8898,-2.1395,0.0907,63.3572,89.0976
1741602223.371,3.651,0.898,-0.8459,-0.8900,-2.1313,0.6953,63.9949,89.4796
1741602223.451,3.638,0.868,-0.8615,-0.8903,-2.1254,2.4439,63.4657,88.4185
1741602223.531,3.636,0.868,-0.8690,-0.8895,-2.1258,4.6405,63.2973,86.3477
1741602223.610,3.632,0.847,-0.8756,-0.8893,-2.1246,5.5616,63.1677,85.5939
1741602223.690,3.628,0.836,-0.8863,-0.8897,-2.1204,6.0244,63.1251,85.0718
1741602223.770,3.628,0.826,-0.9021,-0.8895,-2.1117,5.5985,62.9104,85.6054
1741602223.855,3.627,0.810,-0.9179,-0.8924,-2.0936,-0.7755,63.4040,90.6235
1741602224.785,3.630,0.635,-1.0813,-0.8923,-2.0145,0.4625,63.1917,89.5284
1741602224.865,3.630,0.610,-1.0949,-0.8926,-2.0076,0.5457,63.0540,89.4802
1741602224.945,3.629,0.597,-1.1084,-0.8917,-2.0008,0.7065,62.8802,89.3882
1741602225.024,3.627,0.597,-1.1216,-0.8916,-1.9940,0.8329,62.7741,89.3167
1741602225.104,3.628,0.579,-1.1349,-0.8919,-1.9874,0.9975,62.5653,89.1299
1741602225.183,3.626,0.554,-1.1489,-0.8920,-1.9800,0.8811,62.4498,89.1415
1741602225.263,3.626,0.534,-1.1631,-0.8923,-1.9726,0.7457,62.3008,89.2803
1741602225.343,3.626,0.524,-1.1769,-0.8922,-1.9649,0.5723,62.1891,89.4420
1741602225.422,3.628,0.524,-1.1892,-0.8920,-1.9587,0.6829,62.1176,89.3335
1741602225.502,3.629,0.498,-1.1994,-0.8926,-1.9533,0.7001,61.9943,89.3550
1741602225.582,3.627,0.480,-1.2078,-0.8924,-1.9489,0.7469,61.8645,89.3604
1741602225.661,3.627,0.465,-1.2157,-0.8925,-1.9450,0.8965,61.7834,89.2132
1741602225.741,3.628,0.456,-1.2247,-0.8921,-1.9401,0.8607,61.7719,89.2408
1741602225.820,3.628,0.456,-1.2347,-0.8924,-1.9349,0.9872,61.6252,89.1221
1741602225.900,3.626,0.443,-1.2448,-0.8925,-1.9290,0.7100,61.5487,89.2956
1741602225.980,3.625,0.432,-1.2518,-0.8925,-1.9252,0.6201,61.6115,89.3770
1741602226.059,3.625,0.422,-1.2532,-0.8925,-1.9244,0.5871,61.5275,89.3468
1741602226.141,3.630,0.408,-1.2519,-0.8925,-1.9251,0.6685,61.5151,89.3185
1741602226.219,3.625,0.408,-1.2505,-0.8925,-1.9261,0.7551,61.5641,89.2787
1741602226.298,3.628,0.408,-1.2432,-0.8924,-1.9304,0.8960,61.6477,89.1993
1741602226.378,3.629,0.410,-1.2284,-0.8924,-1.9387,0.9302,61.8081,89.2086
1741602226.458,3.629,0.426,-1.2089,-0.8926,-1.9495,0.8809,61.9570,89.2630
1741602226.537,3.627,0.446,-1.1876,-0.8927,-1.9607,0.7295,62.0742,89.2669
1741602226.617,3.628,0.446,-1.1678,-0.8929,-1.9714,0.7764,62.0444,89.2596
1741602226.697,3.626,0.470,-1.1505,-0.8930,-1.9810,0.8638,62.1312,89.2414
1741602226.776,3.626,0.498,-1.1361,-0.8927,-1.9889,0.9605,62.1229,89.2092
1741602226.856,3.626,0.527,-1.1237,-0.8925,-1.9954,0.8377,62.1740,89.3955
1741602226.935,3.623,0.546,-1.1110,-0.8924,-2.0024,0.8813,62.1923,89.3015
1741602227.015,3.624,0.546,-1.0963,-0.8931,-2.0099,0.6277,62.2738,89.4484
1741602227.095,3.623,0.557,-1.0802,-0.8932,-2.0181,0.5096,62.3012,89.4932
1741602227.175,3.623,0.583,-1.0637,-0.8928,-2.0276,0.8395,62.2708,89.2021
1741602227.254,3.627,0.599,-1.0470,-0.8928,-2.0368,1.0071,62.2642,89.0816
1741602227.334,3.627,0.629,-1.0310,-0.8927,-2.0454,1.0582,62.2643,89.0513
1741602227.413,3.627,0.629,-1.0147,-0.8928,-2.0535,0.8158,62.3068,89.2245
1741602227.493,3.624,0.646,-0.9990,-0.8929,-2.0618,0.7501,62.3324,89.2620
1741602227.573,3.624,0.669,-0.9838,-0.8933,-2.0702,0.8568,62.2953,89.1900
1741602227.652,3.628,0.690,-0.9689,-0.8927,-2.0782,0.8850,62.2624,89.2164
1741602227.732,3.627,0.690,-0.9541,-0.8925,-2.0861,1.0823,62.2788,89.1030
1741602227.812,3.627,0.716,-0.9395,-0.8935,-2.0939,0.8641,62.3499,89.3682
1741602227.891,3.627,0.737,-0.9240,-0.8934,-2.1023,0.7961,62.4753,89.4032
1741602227.973,3.627,0.757,-0.9138,-0.8911,-2.1142,4.4442,63.1452,86.2112
1741602228.051,3.627,0.779,-0.9036,-0.8909,-2.1210,5.4640,62.9555,85.9492
1741602228.130,3.624,0.779,-0.8902,-0.8897,-2.1281,5.1893,62.9346,86.2965
1741602228.210,3.624,0.793,-0.8730,-0.8907,-2.1379,5.4840,63.0239,85.6161
1741602228.290,3.620,0.809,-0.8519,-0.8944,-2.1410,2.2950,63.6461,88.2909
1741602228.369,3.620,0.830,-0.8309,-0.8944,-2.1516,0.6076,63.8330,89.4782
1741602228.449,3.624,0.860,-0.8151,-0.8924,-2.1561,-1.3576,62.7616,91.7609
1741602228.528,3.628,0.860,-0.8080,-0.8910,-2.1570,-2.9922,63.2462,93.6103
1741602228.608,3.636,0.886,-0.8032,-0.8903,-2.1599,-2.4081,63.4480,93.6076
1741602228.688,3.637,0.901,-0.7989,-0.8900,-2.1669,0.0838,65.1154,91.8412
1741602228.767,3.637,0.908,-0.7941,-0.8885,-2.1735,2.9097,65.3376,89.1971
1741602228.847,3.632,0.917,-0.7852,-0.8875,-2.1803,5.1243,65.3333,87.3139
1741602228.927,3.629,0.917,-0.7675,-0.8874,-2.1895,5.4855,65.2290,87.0952
1741602229.006,3.629,0.926,-0.7391,-0.8909,-2.1957,0.5714,64.8012,91.9707
1741602229.086,3.629,0.946,-0.7077,-0.8935,-2.2114,0.6998,64.1931,89.6794
1741602229.166,3.629,0.979,-0.6799,-0.8895,-2.2256,0.1092,63.9032,88.1541
1741602229.245,3.636,1.022,-0.6618,-0.8906,-2.2343,-0.5266,64.6923,88.2833
1741602229.325,3.633,1.022,-0.6484,-0.8910,-2.2405,-0.7105,64.9673,88.5944
1741602229.405,3.641,1.055,-0.6356,-0.8911,-2.2468,-0.6795,65.3503,88.5635
1741602229.484,3.642,1.076,-0.6231,-0.8911,-2.2528,-0.4662,65.4919,88.6660
1741602229.564,3.642,1.095,-0.6099,-0.8913,-2.2579,-1.1460,65.8122,89.7228
1741602229.643,3.641,1.110,-0.5981,-0.8924,-2.2648,-0.1059,66.2919,89.7641
1741602229.723,3.641,1.110,-0.5830,-0.8922,-2.2721,0.3971,66.3906,89.8222
1741602229.803,3.645,1.129,-0.5662,-0.8923,-2.2798,0.6747,66.3643,89.6123
1741602230.002,3.647,1.170,-0.5269,-0.8927,-2.2971,0.5474,66.4352,89.6344
1741602230.082,3.649,1.195,-0.5117,-0.8919,-2.3041,0.7587,66.4527,89.4535
1741602230.161,3.649,1.218,-0.4963,-0.8917,-2.3108,0.7636,66.3730,89.5382
1741602230.241,3.650,1.236,-0.4799,-0.8917,-2.3177,0.5259,66.3925,89.7977
1741602230.320,3.653,1.236,-0.4630,-0.8924,-2.3251,0.3688,66.3220,89.8741
1741602230.400,3.656,1.258,-0.4463,-0.8922,-2.3327,0.5153,66.2453,89.7388
1741602230.480,3.655,1.280,-0.4299,-0.8921,-2.3401,0.4783,66.1331,89.7939
1741602230.559,3.655,1.303,-0.4145,-0.8920,-2.3472,0.8271,66.0513,89.5384
1741602230.639,3.658,1.325,-0.3993,-0.8915,-2.3538,0.6166,65.9860,89.7623
1741602230.719,3.659,1.325,-0.3834,-0.8922,-2.3605,0.5708,65.8475,89.7997
1741602230.798,3.660,1.348,-0.3669,-0.8919,-2.3677,0.4288,65.6910,89.8763
1741602230.878,3.661,1.367,-0.3502,-0.8915,-2.3744,0.4180,64.8361,89.8406
1741602230.958,3.661,1.389,-0.3336,-0.8915,-2.3813,0.6477,63.4899,89.6550
1741602231.037,3.661,1.410,-0.3172,-0.8914,-2.3883,0.7704,62.0283,89.5514
1741602231.117,3.661,1.410,-0.3012,-0.8911,-2.3956,0.8965,60.6673,89.5005
1741602231.197,3.662,1.431,-0.2853,-0.8913,-2.4034,0.6613,60.0616,89.7079
1741602231.276,3.666,1.452,-0.2697,-0.8912,-2.4125,0.6706,60.1204,89.6297
1741602231.356,3.666,1.479,-0.2548,-0.8913,-2.4218,0.8650,60.2087,89.4987
1741602231.435,3.667,1.499,-0.2396,-0.8908,-2.4308,0.9987,60.3133,89.3666
1741602231.515,3.666,1.499,-0.2244,-0.8912,-2.4400,1.1619,60.4476,89.2307
1741602231.595,3.665,1.522,-0.2094,-0.8910,-2.4490,1.1256,60.5327,89.3528
1741602231.674,3.662,1.544,-0.1943,-0.8902,-2.4577,0.9971,60.6532,89.4931
1741602231.754,3.662,1.566,-0.1788,-0.8909,-2.4664,0.9757,60.7476,89.4745
1741602231.834,3.661,1.587,-0.1635,-0.8906,-2.4752,0.9520,60.7879,89.5084
1741602231.913,3.662,1.587,-0.1484,-0.8905,-2.4837,1.1220,60.9765,89.2711
1741602231.993,3.660,1.613,-0.1328,-0.8900,-2.4924,1.0802,61.1273,89.3356
1741602232.073,3.656,1.633,-0.1173,-0.8900,-2.5014,1.2373,61.2794,89.2816
1741602232.152,3.656,1.657,-0.1015,-0.8900,-2.5097,0.8912,61.2841,89.5108
1741602232.232,3.659,1.679,-0.0856,-0.8901,-2.5183,0.8458,61.2660,89.5664
1741602232.311,3.655,1.679,-0.0704,-0.8901,-2.5268,0.8516,61.2477,89.5717
1741602232.391,3.659,1.701,-0.0552,-0.8896,-2.5356,0.8513,61.2327,89.6807
1741602232.471,3.659,1.724,-0.0406,-0.8897,-2.5435,0.8096,61.2805,89.8044
1741602232.550,3.655,1.744,-0.0258,-0.8895,-2.5515,0.6541,61.2575,89.9878
1741602232.630,3.657,1.766,-0.0104,-0.8891,-2.5596,0.3788,61.1914,90.1551
1741602232.710,3.654,1.766,0.0058,-0.8891,-2.5687,0.3427,61.1558,90.2101
1741602232.789,3.653,1.787,0.0209,-0.8889,-2.5771,0.3006,61.2027,90.2101
1741602232.869,3.653,1.809,0.0367,-0.8885,-2.5856,0.2733,61.2744,90.2097
1741602232.949,3.653,1.831,0.0519,-0.8888,-2.5941,0.2174,61.2741,90.2172
1741602233.028,3.657,1.855,0.0675,-0.8884,-2.6022,-0.0642,61.2460,90.4835
1741602233.108,3.655,1.855,0.0835,-0.8882,-2.6106,-0.2667,61.2050,90.6244
1741602233.188,3.656,1.876,0.0993,-0.8881,-2.6193,-0.2280,61.2343,90.5533
1741602233.267,3.656,1.901,0.1149,-0.8881,-2.6279,-0.1963,61.2290,90.5298
1741602233.347,3.655,1.921,0.1300,-0.8876,-2.6362,-0.1774,61.2361,90.5362
1741602233.426,3.656,1.942,0.1450,-0.8878,-2.6444,-0.2873,61.2699,90.6533
1741602233.506,3.656,1.942,0.1599,-0.8876,-2.6526,-0.4214,61.2622,90.8094
1741602233.586,3.657,1.964,0.1752,-0.8881,-2.6608,-0.5268,61.2388,90.8678
1741602233.665,3.657,1.987,0.1913,-0.8873,-2.6698,-0.5101,61.3031,90.7803
1741602233.745,3.647,2.011,0.2067,-0.8872,-2.6785,-0.5009,61.4227,90.7524
1741602233.825,3.640,2.031,0.2223,-0.8866,-2.6869,-0.3828,61.5474,90.5298
1741602233.904,3.629,2.031,0.2377,-0.8870,-2.6955,-0.2369,61.5776,90.5211
1741602233.984,3.626,2.054,0.2532,-0.8869,-2.7036,-0.5349,61.7031,90.7283
1741602234.064,3.626,2.075,0.2697,-0.8872,-2.7128,-0.4233,61.7996,90.4651
1741602234.143,3.626,2.098,0.2853,-0.8871,-2.7218,-0.0807,61.8563,90.0229
1741602234.223,3.625,2.098,0.3011,-0.8870,-2.7308,0.0988,62.0552,89.9190
1741602234.303,3.623,2.123,0.3163,-0.8866,-2.7390,0.1188,62.1967,89.9497
1741602234.382,3.626,2.147,0.3315,-0.8858,-2.7468,0.0247,62.3161,90.0457
1741602234.462,3.626,2.169,0.3469,-0.8859,-2.7545,-0.1551,62.4095,90.2748
1741602234.542,3.624,2.190,0.3623,-0.8861,-2.7627,-0.2492,62.5078,90.2078
1741602234.621,3.624,2.190,0.3780,-0.8866,-2.7715,-0.0253,62.6730,90.0446
1741602234.701,3.622,2.212,0.3937,-0.8867,-2.7802,0.1745,62.8885,89.9152
1741602234.780,3.622,2.233,0.4099,-0.8865,-2.7891,0.4367,63.0086,89.5616
1741602234.860,3.622,2.259,0.4253,-0.8862,-2.7971,0.4113,63.0645,89.6282
1741602234.940,3.619,2.283,0.4412,-0.8865,-2.8047,0.0654,63.1713,89.8404
1741602235.020,3.622,2.283,0.4570,-0.8869,-2.8125,-0.1039,63.1590,89.9220
1741602235.099,3.625,2.302,0.4729,-0.8867,-2.8208,0.0187,63.1757,89.8003
1741602235.179,3.622,2.323,0.4885,-0.8866,-2.8290,0.1829,63.2927,89.7027
1741602235.258,3.622,2.344,0.5043,-0.8865,-2.8372,0.2519,63.3924,89.6574
1741602235.338,3.621,2.368,0.5193,-0.8864,-2.8447,0.1755,63.4125,89.8174
1741602235.418,3.626,2.368,0.5349,-0.8872,-2.8525,-0.0803,63.3725,90.0334
1741602235.497,3.621,2.384,0.5506,-0.8868,-2.8601,-0.1897,63.4031,90.1113
1741602235.577,3.624,2.413,0.5668,-0.8866,-2.8682,-0.3118,63.4377,90.1718
1741602235.657,3.624,2.436,0.5825,-0.8863,-2.8764,-0.2136,63.4527,90.1323
1741602235.736,3.622,2.454,0.5982,-0.8867,-2.8847,-0.1051,63.5256,89.9633
1741602235.816,3.628,2.454,0.6137,-0.8865,-2.8924,-0.1570,63.5941,90.0867
1741602235.895,3.624,2.474,0.6294,-0.8866,-2.8997,-0.4812,63.5612,90.2919
1741602235.975,3.625,2.496,0.6460,-0.8866,-2.9080,-0.4483,63.4988,90.3038
1741602236.055,3.625,2.524,0.6619,-0.8865,-2.9164,-0.3230,63.5811,90.1581
1741602236.134,3.628,2.545,0.6779,-0.8862,-2.9246,-0.2686,63.6476,90.1899
1741602236.214,3.626,2.545,0.6929,-0.8861,-2.9322,-0.3646,63.6883,90.3411
1741602236.294,3.627,2.563,0.7083,-0.8860,-2.9397,-0.3908,63.7491,90.3396
1741602236.373,3.631,2.585,0.7235,-0.8860,-2.9470,-0.6152,63.7936,90.6088
1741602236.453,3.631,2.611,0.7396,-0.8865,-2.9550,-0.6833,63.8629,90.6829
1741602236.533,3.631,2.626,0.7553,-0.8865,-2.9630,-0.6785,63.9276,90.7602
1741602236.612,3.632,2.626,0.7713,-0.8867,-2.9712,-0.5095,64.0085,90.5466
1741602236.692,3.629,2.645,0.7872,-0.8867,-2.9791,-0.4026,64.1473,90.4246
1741602236.772,3.631,2.672,0.8028,-0.8861,-2.9865,-0.4123,64.2234,90.3941
1741602236.851,3.631,2.696,0.8139,-0.8846,-2.9974,2.5492,64.5144,88.0367
1741602236.931,3.633,2.721,0.8264,-0.8843,-3.0046,3.7848,64.6661,86.9738
1741602237.010,3.630,2.721,0.8409,-0.8838,-3.0136,4.7035,64.9073,86.1037
1741602237.090,3.641,2.740,0.8574,-0.8838,-3.0220,4.6896,65.0809,86.2100
1741602237.170,3.657,2.750,0.8759,-0.8842,-3.0305,4.4166,65.2882,86.3127
1741602237.250,3.657,2.775,0.8994,-0.8839,-3.0270,-5.0921,65.6032,94.9421
1741602237.329,3.652,2.801,0.9129,-0.8845,-3.0336,-5.3296,65.5711,95.7641
1741602237.409,3.649,2.801,0.9210,-0.8837,-3.0405,-2.6410,65.3814,94.1876
1741602237.488,3.652,2.827,0.9327,-0.8834,-3.0475,-1.9092,66.3158,93.2804
1741602237.568,3.646,2.839,0.9453,-0.8848,-3.0534,-4.4705,69.5388,94.1709
1741602237.649,3.646,2.859,0.9566,-0.8858,-3.0641,2.6247,71.0845,86.7283
1741602237.727,3.665,2.901,0.9697,-0.8858,-3.0712,4.0498,70.7306,85.5601
1741602237.807,3.681,2.901,0.9874,-0.8846,-3.0759,3.2532,69.9446,86.0645
1741602239.101,3.670,3.141,1.2389,-0.8836,-3.1827,3.9200,62.3274,87.1651
1741602239.181,3.688,3.162,1.2595,-0.8850,-3.1898,1.8164,62.6073,88.8028
1741602239.261,3.688,3.184,1.2840,-0.8850,-3.1952,-2.2231,63.4719,91.9126
1741602239.340,3.667,3.209,1.3020,-0.8870,-3.2047,-1.6360,63.3760,91.7754
1741602239.420,3.673,3.239,1.3168,-0.8858,-3.2131,-1.5803,63.4454,91.8212
1741602239.499,3.676,3.239,1.3305,-0.8853,-3.2205,-1.4776,63.6613,91.6795
1741602239.579,3.678,3.262,1.3405,-0.8850,-3.2290,0.9276,64.0912,88.6714
1741602239.659,3.678,3.276,1.3501,-0.8841,-3.2338,1.2002,63.8380,88.0162
1741602239.740,3.674,3.301,1.3632,-0.8840,-3.2396,0.7747,63.8320,88.2786
1741602239.818,3.669,3.301,1.3803,-0.8842,-3.2471,0.2793,63.5746,88.5243
1741602239.898,3.672,3.308,1.3963,-0.8865,-3.2532,-0.5232,63.1848,90.8899
1741602239.977,3.673,3.336,1.4154,-0.8858,-3.2626,-1.0801,63.7839,91.2189
1741602240.057,3.673,3.355,1.4326,-0.8858,-3.2705,-1.6339,63.9606,91.7918
1741602240.137,3.678,3.378,1.4481,-0.8861,-3.2780,-1.7458,64.1694,91.8139
1741602240.216,3.681,3.378,1.4619,-0.8858,-3.2855,-1.6109,64.3966,91.7580
1741602240.296,3.683,3.399,1.4757,-0.8858,-3.2926,-1.2986,64.6961,91.4655
1741602240.375,3.682,3.424,1.4901,-0.8857,-3.2998,-1.2052,64.9076,91.3613
1741602240.455,3.682,3.441,1.5055,-0.8856,-3.3074,-1.1608,65.2375,91.4033
1741602240.535,3.685,3.466,1.5221,-0.8858,-3.3150,-1.5146,65.4006,91.6395
1741602240.615,3.683,3.466,1.5390,-0.8857,-3.3226,-1.6869,65.6557,91.7954
1741602240.694,3.685,3.490,1.5553,-0.8858,-3.3306,-1.4984,65.9357,91.6456
1741602240.774,3.688,3.513,1.5712,-0.8854,-3.3381,-1.3850,66.1426,91.4036
1741602240.853,3.688,3.537,1.5864,-0.8852,-3.3453,-1.2775,66.4023,91.3119
1741602240.933,3.690,3.556,1.6019,-0.8853,-3.3519,-1.5250,66.5729,91.6307
1741602241.013,3.698,3.556,1.6181,-0.8851,-3.3588,-1.6546,66.7902,91.7702
1741602241.092,3.702,3.578,1.6345,-0.8856,-3.3661,-1.7028,66.8327,91.7920
1741602241.172,3.703,3.604,1.6514,-0.8855,-3.3740,-1.5202,67.0119,91.5716
1741602241.252,3.703,3.630,1.6680,-0.8854,-3.3815,-1.3467,67.1670,91.4493
1741602241.331,3.703,3.653,1.6847,-0.8854,-3.3886,-1.3760,67.0976,91.3799
1741602241.411,3.707,3.653,1.7009,-0.8854,-3.3935,-1.4160,65.5914,91.5250
1741602241.491,3.705,3.679,1.7093,-0.8842,-3.4009,1.1276,64.9930,90.1376
1741602241.570,3.704,3.692,1.7157,-0.8829,-3.4070,2.2049,65.1847,89.2435
1741602241.650,3.704,3.702,1.7271,-0.8831,-3.4116,1.9989,65.4705,89.5965
1741602241.730,3.706,3.714,1.7426,-0.8833,-3.4177,0.8580,65.6822,90.9712
1741602241.809,3.714,3.714,1.7671,-0.8850,-3.4257,-1.0590,65.9120,91.1394
1741602241.889,3.703,3.735,1.7922,-0.8860,-3.4343,-1.5728,65.8906,91.8079
1741602241.968,3.713,3.765,1.8089,-0.8856,-3.4436,-2.1502,65.8354,92.2920
1741602242.048,3.713,3.799,1.8253,-0.8857,-3.4510,-2.1227,65.6405,92.2503
1741602242.128,3.708,3.822,1.8389,-0.8843,-3.4587,-1.2661,66.1002,90.1001
1741602242.207,3.709,3.822,1.8489,-0.8831,-3.4628,-1.0039,65.3375,89.3567
1741602242.287,3.716,3.844,1.8599,-0.8831,-3.4691,-0.5242,65.6473,89.1546
1741602242.367,3.712,3.862,1.8754,-0.8836,-3.4761,-0.4103,65.3139,88.9833
1741602242.446,3.712,3.878,1.8908,-0.8859,-3.4812,-2.1510,65.0378,92.5123
1741602242.526,3.719,3.897,1.9091,-0.8858,-3.4900,-2.1529,65.3901,92.5109
1741602242.606,3.715,3.897,1.9274,-0.8851,-3.4989,-1.8747,65.7137,92.1532
1741602242.685,3.721,3.916,1.9433,-0.8851,-3.5066,-1.7537,65.9025,92.0731
1741602242.765,3.717,3.942,1.9577,-0.8847,-3.5134,-1.7225,66.2446,92.0549
1741602242.844,3.717,3.965,1.9709,-0.8848,-3.5193,-1.8825,66.4343,92.2617
1741602242.924,3.721,3.987,1.9853,-0.8841,-3.5253,-2.1898,66.6902,92.5434
1741602243.004,3.723,3.987,2.0007,-0.8845,-3.5323,-2.2323,66.9311,92.6282
1741602243.084,3.727,4.008,2.0172,-0.8845,-3.5398,-2.1057,67.1664,92.5760
1741602243.163,3.732,4.031,2.0346,-0.8843,-3.5475,-1.9849,67.3924,92.4909
1741602243.243,3.732,4.057,2.0515,-0.8843,-3.5552,-1.6616,67.6646,92.2288
1741602243.322,3.732,4.082,2.0627,-0.8840,-3.5597,-1.7984,67.6626,92.1816
1741602243.402,3.737,4.082,2.0638,-0.8843,-3.5602,-1.7544,67.7554,92.2047
1741602243.482,3.740,4.105,2.0613,-0.8844,-3.5592,-1.8161,67.7552,92.3255
1741602243.561,3.740,4.110,2.0584,-0.8842,-3.5581,-1.7134,67.7302,92.2558
1741602243.641,3.738,4.107,2.0525,-0.8842,-3.5555,-1.8032,67.7212,92.3126
1741602243.721,3.741,4.105,2.0395,-0.8836,-3.5500,-1.9106,67.4392,92.4307
1741602243.802,3.737,4.105,2.0213,-0.8848,-3.5421,-1.8977,67.0884,92.4314
1741602243.880,3.733,4.091,2.0020,-0.8848,-3.5329,-2.3271,66.7644,92.7812
1741602245.174,3.711,3.815,1.7817,-0.8858,-3.4285,-1.9044,63.9531,92.0353
1741602245.254,3.711,3.796,1.7723,-0.8856,-3.4240,-1.7197,63.8874,91.8161
1741602245.333,3.709,3.778,1.7628,-0.8851,-3.4214,-0.0122,63.1994,90.5529
1741602245.413,3.708,3.778,1.7561,-0.8843,-3.4206,1.5800,62.7347,89.3113
1741602245.493,3.701,3.763,1.7478,-0.8835,-3.4192,3.2880,62.5578,87.7662
1741602245.572,3.704,3.752,1.7356,-0.8832,-3.4130,3.3101,62.2046,87.9809
1741602245.652,3.704,3.742,1.7207,-0.8839,-3.4046,3.1771,61.7161,88.1834
1741602245.732,3.719,3.724,1.7074,-0.8846,-3.3932,0.9432,61.6401,89.6408
1741602245.812,3.715,3.724,1.6949,-0.8866,-3.3814,-2.0604,61.6021,92.1501
1741602245.891,3.706,3.706,1.6851,-0.8860,-3.3762,-1.2300,61.4672,91.4698
1741602245.991,3.706,3.681,1.6779,-0.8859,-3.3722,-1.3047,61.4171,91.5071
1741602247.165,3.718,3.554,1.5715,-0.8865,-3.3113,-1.0507,60.7597,91.2863
1741602247.247,3.718,3.543,1.5628,-0.8862,-3.3069,-1.1635,61.3585,91.3635
1741602247.325,3.718,3.534,1.5548,-0.8863,-3.3035,-1.1481,62.0781,91.3145
1741602247.404,3.713,3.534,1.5468,-0.8863,-3.2999,-1.4176,62.9899,91.5500
1741602247.484,3.707,3.520,1.5385,-0.8864,-3.2964,-1.5636,63.7776,91.7237
1741602247.563,3.706,3.508,1.5306,-0.8865,-3.2929,-1.6812,64.4159,91.8151
1741602247.643,3.706,3.500,1.5224,-0.8865,-3.2890,-1.6498,64.3299,91.8326
1741602247.723,3.706,3.489,1.5143,-0.8866,-3.2851,-1.5299,64.2427,91.7725
1741602247.802,3.712,3.489,1.5062,-0.8866,-3.2814,-1.3040,64.1331,91.6032
1741602247.882,3.710,3.476,1.4986,-0.8865,-3.2777,-1.2866,64.1152,91.5605
1741602247.962,3.705,3.464,1.4904,-0.8865,-3.2735,-1.3241,64.0908,91.5968
1741602248.041,3.705,3.459,1.4822,-0.8866,-3.2696,-1.2026,64.0446,91.4713
1741602248.121,3.706,3.443,1.4745,-0.8867,-3.2656,-1.2564,64.0275,91.4757
1741602248.201,3.704,3.443,1.4667,-0.8866,-3.2618,-1.2854,64.0722,91.4433
1741602248.280,3.703,3.435,1.4590,-0.8867,-3.2577,-1.4039,64.0465,91.5746
1741602248.360,3.704,3.421,1.4511,-0.8865,-3.2533,-1.5187,64.0023,91.7138
1741602248.440,3.704,3.410,1.4429,-0.8867,-3.2491,-1.6650,63.9841,91.8561
1741602248.519,3.703,3.399,1.4345,-0.8865,-3.2448,-1.6689,63.8930,91.9150
1741602248.599,3.707,3.399,1.4261,-0.8865,-3.2406,-1.5341,63.7741,91.8012
1741602248.679,3.705,3.386,1.4173,-0.8864,-3.2364,-1.4182,63.6877,91.6576
1741602248.758,3.703,3.379,1.4085,-0.8868,-3.2320,-1.3092,63.5496,91.5808
1741602248.838,3.703,3.365,1.3999,-0.8867,-3.2274,-1.3144,63.4214,91.5913
1741602248.917,3.703,3.347,1.3930,-0.8860,-3.2262,-0.1316,63.6667,90.0578
1741602248.997,3.701,3.347,1.3906,-0.8856,-3.2253,0.0668,63.7087,89.3249
1741602249.077,3.704,3.342,1.3879,-0.8852,-3.2239,0.1561,63.7383,88.7513
1741602249.156,3.704,3.339,1.3819,-0.8848,-3.2204,-0.4720,64.0523,88.8614
1741602249.236,3.706,3.332,1.3705,-0.8847,-3.2147,-0.3566,64.0186,88.7594
1741602249.316,3.701,3.326,1.3574,-0.8855,-3.2081,-0.5397,64.3825,89.0258
1741602249.395,3.704,3.326,1.3397,-0.8871,-3.1972,-2.0370,64.3986,92.2264
1741602249.475,3.703,3.306,1.3258,-0.8877,-3.1899,-1.9259,63.9776,92.3568
1741602249.555,3.703,3.284,1.3170,-0.8871,-3.1859,-1.6795,63.7713,92.0454
1741602249.634,3.701,3.257,1.3104,-0.8870,-3.1827,-1.7354,63.6828,92.0706
1741602249.714,3.699,3.251,1.3060,-0.8872,-3.1800,-1.7831,63.5641,92.0689
1741602249.794,3.699,3.251,1.3008,-0.8871,-3.1773,-1.8189,63.5138,92.0878
1741602249.873,3.703,3.244,1.2938,-0.8867,-3.1738,-1.7338,63.4120,91.9753
1741602249.953,3.703,3.235,1.2857,-0.8874,-3.1697,-1.8415,63.3631,91.9867
1741602250.033,3.700,3.228,1.2763,-0.8876,-3.1648,-1.9312,63.3759,92.0505
1741602250.112,3.703,3.215,1.2676,-0.8860,-3.1630,-0.2284,62.7025,91.1105
1741602250.192,3.697,3.215,1.2646,-0.8857,-3.1629,0.6618,62.6643,90.3241
1741602250.271,3.689,3.198,1.2629,-0.8852,-3.1632,1.5408,62.6890,89.4581
1741602250.351,3.689,3.193,1.2568,-0.8850,-3.1624,2.7610,62.6620,88.3212
1741602250.431,3.686,3.196,1.2448,-0.8844,-3.1572,3.3182,62.6181,87.7631
1741602250.512,3.683,3.185,1.2305,-0.8848,-3.1495,2.8217,62.3534,88.4208
1741602250.590,3.680,3.185,1.2181,-0.8867,-3.1373,-0.5869,62.6325,91.2882
1741602250.670,3.667,3.164,1.2069,-0.8890,-3.1284,-2.3822,63.1169,92.3354
1741602250.749,3.667,3.142,1.1987,-0.8885,-3.1245,-2.1976,62.9639,92.1652
1741602250.829,3.699,3.125,1.1941,-0.8874,-3.1214,-2.4004,63.0015,92.3310
1741602250.909,3.699,3.125,1.1909,-0.8874,-3.1195,-2.4250,62.9653,92.3123
1741602250.988,3.700,3.125,1.1858,-0.8876,-3.1171,-2.4412,63.0517,92.2945
1741602251.068,3.700,3.110,1.1783,-0.8876,-3.1133,-2.4777,63.1639,92.3436
1741602251.148,3.700,3.104,1.1696,-0.8877,-3.1087,-2.5647,63.2049,92.3637
1741602251.227,3.700,3.096,1.1597,-0.8875,-3.1036,-2.5869,63.1370,92.4342
1741602251.307,3.701,3.096,1.1503,-0.8874,-3.0989,-2.4430,63.1286,92.3011
1741602251.386,3.698,3.084,1.1416,-0.8872,-3.0948,-2.2148,63.1026,92.1357
1741602251.466,3.700,3.071,1.1336,-0.8872,-3.0909,-2.1241,63.1222,92.0720
1741602251.546,3.700,3.055,1.1268,-0.8873,-3.0873,-2.2460,63.1812,92.1402
1741602251.625,3.695,3.043,1.1218,-0.8872,-3.0848,-2.2520,63.2834,92.1145
1741602251.705,3.699,3.043,1.1210,-0.8873,-3.0843,-2.2273,63.2426,92.0840
1741602251.785,3.700,3.038,1.1211,-0.8873,-3.0843,-2.2337,63.2148,92.0668
1741602251.865,3.696,3.032,1.1210,-0.8872,-3.0842,-2.1738,63.2133,92.0072
1741602251.944,3.696,3.032,1.1210,-0.8873,-3.0842,-2.1769,63.2154,91.9927
1741602252.024,3.699,3.031,1.1210,-0.8873,-3.0842,-2.1658,63.2175,91.9738
1741602252.103,3.697,3.031,1.1210,-0.8872,-3.0842,-2.1580,63.2159,91.9627
1741602252.183,3.699,3.031,1.1210,-0.8873,-3.0843,-2.1573,63.2123,91.9539
1741602252.263,3.694,3.031,1.1210,-0.8873,-3.0843,-2.1456,63.2123,91.9410
1741602252.342,3.694,3.036,1.1214,-0.8872,-3.0844,-2.1676,63.2610,91.9724
1741602252.422,3.698,3.036,1.1224,-0.8872,-3.0850,-2.0662,63.2080,91.8836
1741602252.501,3.699,3.036,1.1253,-0.8873,-3.0861,-2.1891,63.2772,92.0293
1741602252.581,3.697,3.037,1.1301,-0.8872,-3.0889,-2.0001,63.2066,91.9099
1741602252.661,3.699,3.035,1.1361,-0.8873,-3.0919,-2.0441,63.1350,91.9693
1741602252.740,3.699,3.046,1.1432,-0.8872,-3.0952,-2.1977,63.1872,92.0526
1741602252.820,3.698,3.049,1.1503,-0.8872,-3.0986,-2.3325,63.2149,92.1816
1741602252.900,3.698,3.049,1.1577,-0.8871,-3.1025,-2.3095,63.2791,92.1117
1741602252.980,3.699,3.058,1.1655,-0.8873,-3.1058,-2.4605,63.3345,92.3014
1741602253.059,3.700,3.074,1.1740,-0.8876,-3.1106,-2.3479,63.2773,92.1594
1741602253.139,3.700,3.079,1.1834,-0.8874,-3.1154,-2.3177,63.2291,92.1817
1741602253.218,3.700,3.096,1.1934,-0.8874,-3.1207,-2.1466,63.1932,92.0267
1741602253.417,3.701,3.126,1.2173,-0.8871,-3.1338,-1.7791,63.2927,91.7926
1741602253.497,3.698,3.126,1.2198,-0.8859,-3.1379,0.0287,63.7445,90.6587
1741602253.577,3.696,3.134,1.2203,-0.8854,-3.1395,0.6399,63.5224,90.3567
1741602253.656,3.690,3.143,1.2219,-0.8850,-3.1410,1.0443,63.5264,90.1434
1741602253.736,3.690,3.149,1.2263,-0.8844,-3.1438,1.5366,63.5059,90.0149
1741602253.816,3.694,3.147,1.2368,-0.8845,-3.1488,1.0676,63.4063,90.7522
1741602253.895,3.691,3.147,1.2533,-0.8840,-3.1562,0.6451,63.4898,91.2479
1741602253.975,3.689,3.162,1.2790,-0.8866,-3.1631,-2.9241,63.7033,92.4630
1741602254.054,3.690,3.175,1.2958,-0.8875,-3.1718,-2.3258,62.9622,92.3954
1741602254.134,3.690,3.213,1.3064,-0.8872,-3.1784,-1.6999,63.3481,91.8537
1741602254.214,3.703,3.233,1.3134,-0.8869,-3.1821,-1.5834,63.5014,91.7858
1741602254.294,3.703,3.233,1.3185,-0.8870,-3.1849,-1.5717,63.4970,91.8232
1741602254.373,3.700,3.243,1.3244,-0.8868,-3.1877,-1.6971,63.6422,91.9652
1741602254.453,3.703,3.252,1.3326,-0.8870,-3.1914,-1.7617,63.6660,92.0157
1741602254.533,3.703,3.263,1.3427,-0.8865,-3.1980,-1.0022,64.1415,90.8023
1741602254.612,3.701,3.273,1.3498,-0.8850,-3.2018,-0.5040,64.2321,89.5469
1741602254.692,3.704,3.273,1.3541,-0.8845,-3.2049,-0.0352,64.2148,88.8862
1741602254.771,3.703,3.284,1.3597,-0.8841,-3.2081,0.3983,64.0715,88.3775
1741602254.851,3.705,3.301,1.3700,-0.8842,-3.2132,0.5409,63.9499,88.2201
1741602254.931,3.705,3.306,1.3841,-0.8845,-3.2201,0.4512,63.7894,88.2614
1741602255.010,3.698,3.319,1.3963,-0.8864,-3.2233,-1.0100,63.2368,91.3572
1741602255.090,3.700,3.319,1.4097,-0.8866,-3.2300,-1.3244,63.7471,91.5060
1741602255.170,3.704,3.337,1.4196,-0.8863,-3.2346,-1.6555,63.9553,91.8397
1741602255.249,3.704,3.356,1.4270,-0.8866,-3.2385,-1.6138,64.0660,91.7789
1741602255.329,3.707,3.370,1.4330,-0.8864,-3.2417,-1.5893,64.1947,91.7850
1741602255.408,3.706,3.376,1.4397,-0.8865,-3.2451,-1.5639,64.2873,91.7727
1741602255.488,3.706,3.376,1.4476,-0.8865,-3.2492,-1.4262,64.4357,91.6019
1741602255.568,3.712,3.387,1.4571,-0.8863,-3.2543,-1.3333,64.6474,91.4935
1741602255.648,3.712,3.400,1.4676,-0.8858,-3.2596,-1.2987,64.7951,91.4397
1741602255.727,3.709,3.413,1.4787,-0.8858,-3.2650,-1.3031,65.0250,91.4170
1741602255.807,3.711,3.428,1.4894,-0.8857,-3.2699,-1.3671,65.2734,91.5353
1741602255.886,3.709,3.428,1.4996,-0.8861,-3.2746,-1.6261,65.5045,91.7957
1741602255.966,3.710,3.443,1.5094,-0.8866,-3.2794,-1.8257,65.6884,91.9166
1741602256.046,3.710,3.457,1.5189,-0.8863,-3.2836,-1.8704,65.9491,91.9980
1741602256.125,3.715,3.473,1.5278,-0.8860,-3.2878,-1.8270,66.0799,91.8862
1741602256.205,3.720,3.473,1.5367,-0.8864,-3.2921,-1.7229,66.2825,91.8676
1741602256.285,3.720,3.487,1.5458,-0.8858,-3.2964,-1.5819,66.4270,91.6550
1741602256.364,3.717,3.498,1.5549,-0.8858,-3.3010,-1.4228,66.6072,91.5790
1741602256.444,3.717,3.514,1.5646,-0.8856,-3.3056,-1.2890,66.7729,91.4254
1741602256.524,3.722,3.531,1.5753,-0.8864,-3.3103,-1.4433,67.0550,91.5873
1741602256.603,3.724,3.531,1.5861,-0.8858,-3.3147,-1.6153,67.2512,91.7495
1741602256.683,3.726,3.541,1.5965,-0.8857,-3.3193,-1.7185,67.3978,91.8842
1741602256.762,3.727,3.558,1.6069,-0.8864,-3.3237,-1.8557,67.5635,92.0089
1741602256.842,3.727,3.573,1.6168,-0.8866,-3.3278,-1.9121,67.6006,92.0731
1741602256.922,3.729,3.588,1.6263,-0.8850,-3.3313,-1.7621,67.2143,91.9630
1741602257.001,3.731,3.588,1.6370,-0.8854,-3.3349,-1.7391,66.2013,91.8836
1741602257.081,3.734,3.602,1.6477,-0.8862,-3.3382,-1.5633,64.6694,91.7018
1741602257.161,3.731,3.609,1.6581,-0.8866,-3.3416,-1.2956,63.2295,91.4206
1741602257.240,3.731,3.617,1.6676,-0.8859,-3.3459,-1.3532,62.9154,91.4735
1741602257.320,3.725,3.628,1.6773,-0.8857,-3.3510,-1.2642,62.9868,91.4070
1741602257.400,3.726,3.628,1.6873,-0.8868,-3.3560,-1.4229,63.1147,91.5611
1741602257.479,3.725,3.644,1.6971,-0.8870,-3.3611,-1.5901,63.2126,91.6795
1741602257.559,3.730,3.654,1.7062,-0.8861,-3.3653,-1.6705,63.3740,91.7562
1741602257.639,3.730,3.670,1.7153,-0.8859,-3.3699,-1.8123,63.4023,91.8568
1741602257.718,3.726,3.683,1.7209,-0.8855,-3.3752,-0.3571,63.6935,90.9255
1741602257.798,3.725,3.683,1.7229,-0.8850,-3.3782,0.7471,63.7450,89.9840
1741602257.877,3.723,3.697,1.7235,-0.8848,-3.3782,0.5407,63.7220,90.3523
1741602257.957,3.719,3.701,1.7240,-0.8844,-3.3783,0.5037,63.6560,90.6440
1741602258.037,3.719,3.701,1.7272,-0.8838,-3.3803,0.7699,63.5716,90.9090
1741602258.116,3.710,3.705,1.7370,-0.8833,-3.3855,0.7528,63.6285,91.1784
1741602258.198,3.718,3.705,1.7544,-0.8833,-3.3976,2.7767,63.7219,88.7325
1741602258.395,3.728,3.732,1.7993,-0.8853,-3.4132,-2.4186,63.0369,92.2937
1741602258.594,3.729,3.783,1.8172,-0.8856,-3.4220,-2.0063,62.8349,91.9994
1741602258.793,3.727,3.804,1.8370,-0.8856,-3.4331,-1.6175,62.6708,91.6592
1741602258.993,3.727,3.825,1.8520,-0.8842,-3.4430,-0.5990,63.0550,89.6331
1741602259.072,3.728,3.842,1.8541,-0.8843,-3.4432,-0.6568,63.1196,89.5698
1741602259.152,3.724,3.847,1.8565,-0.8839,-3.4452,-0.4034,63.0332,89.1836
1741602259.231,3.724,3.853,1.8622,-0.8833,-3.4507,1.1328,62.8717,88.2465
1741602259.311,3.727,3.855,1.8753,-0.8832,-3.4589,2.0514,62.8056,87.8083
1741602259.391,3.713,3.855,1.8949,-0.8854,-3.4641,-0.8234,62.1234,91.0283
1741602259.470,3.718,3.866,1.9123,-0.8859,-3.4703,-1.7506,63.0648,92.1717
1741602259.550,3.736,3.889,1.9266,-0.8851,-3.4788,-1.3299,63.1166,91.5498
1741602259.630,3.736,3.912,1.9354,-0.8855,-3.4842,-1.4509,63.2537,91.7114
1741602259.710,3.728,3.912,1.9413,-0.8854,-3.4874,-1.5149,63.2926,91.8382
1741602259.789,3.729,3.912,1.9463,-0.8853,-3.4896,-1.6492,63.3900,92.0056
1741602259.869,3.732,3.944,1.9517,-0.8853,-3.4926,-1.6605,63.4287,92.0433
1741602259.948,3.735,3.952,1.9595,-0.8850,-3.4964,-1.8186,63.5713,92.1963
1741602260.028,3.735,3.960,1.9691,-0.8840,-3.5010,-1.9357,63.7081,92.3173
1741602260.108,3.737,3.972,1.9799,-0.8852,-3.5066,-1.9664,63.8825,92.3891
1741602260.187,3.734,3.972,1.9907,-0.8850,-3.5123,-2.0117,63.9996,92.3995
1741602260.267,3.736,3.986,2.0011,-0.8850,-3.5177,-1.8392,64.1446,92.2245
1741602260.346,3.733,4.001,2.0107,-0.8851,-3.5227,-1.8180,64.3554,92.2046
1741602260.426,3.733,4.017,2.0196,-0.8849,-3.5273,-1.7076,64.4720,92.0967
1741602260.506,3.735,4.032,2.0281,-0.8851,-3.5316,-1.6435,64.5656,92.1002
1741602260.585,3.732,4.032,2.0369,-0.8846,-3.5356,-1.7013,64.6466,92.1552
1741602260.665,3.734,4.043,2.0460,-0.8846,-3.5397,-1.9601,64.7600,92.4100
1741602260.745,3.731,4.059,2.0538,-0.8847,-3.5434,-2.0399,64.8139,92.4334
1741602260.824,3.731,4.070,2.0561,-0.8847,-3.5446,-2.0635,64.8100,92.5134
1741602260.904,3.736,4.077,2.0553,-0.8846,-3.5441,-2.0895,64.8065,92.5814
1741602260.984,3.740,4.077,2.0553,-0.8846,-3.5441,-2.1015,64.8067,92.6027
1741602261.063,3.736,4.080,2.0552,-0.8846,-3.5441,-2.1046,64.7977,92.6127
1741602261.143,3.736,4.080,2.0553,-0.8847,-3.5442,-2.1225,64.7924,92.6310
1741602261.223,3.737,4.079,2.0553,-0.8847,-3.5441,-2.1442,64.7864,92.6563
1741602261.302,3.736,4.080,2.0553,-0.8847,-3.5442,-2.1566,64.7834,92.6682
1741602261.382,3.737,4.080,2.0553,-0.8846,-3.5441,-2.1680,64.7829,92.6863
1741602261.461,3.736,4.078,2.0553,-0.8846,-3.5442,-2.1730,64.7858,92.6925
1741602261.541,3.736,4.077,2.0553,-0.8848,-3.5442,-2.1777,64.7852,92.6987
1741602261.621,3.739,4.078,2.0552,-0.8849,-3.5443,-2.1847,64.7851,92.7075
1741602261.701,3.736,4.078,2.0554,-0.8847,-3.5442,-2.1980,64.7816,92.7195
1741602261.780,3.736,4.079,2.0554,-0.8846,-3.5443,-2.1853,64.7795,92.7140
1741602261.860,3.739,4.080,2.0554,-0.8847,-3.5441,-2.1896,64.7839,92.7239
1741602261.939,3.739,4.079,2.0553,-0.8847,-3.5443,-2.1919,64.7844,92.7269
1741602262.019,3.738,4.078,2.0554,-0.8848,-3.5443,-2.2078,64.7792,92.7373
1741602262.099,3.739,4.078,2.0553,-0.8847,-3.5443,-2.1833,64.7756,92.7153
1741602262.178,3.738,4.080,2.0554,-0.8846,-3.5443,-2.1785,64.7808,92.7051
1741602262.258,3.740,4.080,2.0554,-0.8846,-3.5443,-2.1740,64.7780,92.7044
1741602262.338,3.740,4.080,2.0554,-0.8847,-3.5443,-2.1692,64.7806,92.7029
1741602262.417,3.738,4.080,2.0553,-0.8848,-3.5443,-2.1840,64.7809,92.7126
1741602262.497,3.739,4.080,2.0554,-0.8848,-3.5445,-2.1907,64.7814,92.7200
1741602262.576,3.737,4.080,2.0553,-0.8847,-3.5443,-2.1908,64.7841,92.7193
1741602262.656,3.740,4.079,2.0554,-0.8848,-3.5443,-2.1890,64.7850,92.7178
1741602262.736,3.740,4.079,2.0554,-0.8848,-3.5444,-2.1941,64.7856,92.7263
1741602262.816,3.737,4.080,2.0554,-0.8848,-3.5444,-2.2045,64.7805,92.7324
1741602262.895,3.739,4.080,2.0554,-0.8848,-3.5444,-2.1886,64.7744,92.7139
1741602262.975,3.735,4.079,2.0554,-0.8847,-3.5444,-2.2010,64.7785,92.7271
1741602263.054,3.735,4.078,2.0553,-0.8847,-3.5443,-2.1859,64.7822,92.7197
1741602263.134,3.735,4.080,2.0554,-0.8849,-3.5444,-2.1876,64.7833,92.7121
1741602263.214,3.738,4.080,2.0554,-0.8849,-3.5443,-2.1953,64.7840,92.7162
1741602263.293,3.740,4.080,2.0555,-0.8848,-3.5443,-2.1850,64.7886,92.7046
1741602263.373,3.738,4.080,2.0554,-0.8847,-3.5444,-2.1798,64.7904,92.7020
1741602263.453,3.738,4.078,2.0554,-0.8848,-3.5444,-2.2007,64.7895,92.7242
1741602263.532,3.738,4.079,2.0554,-0.8848,-3.5444,-2.1887,64.7874,92.7128
1741602263.612,3.737,4.080,2.0554,-0.8848,-3.5445,-2.1884,64.7909,92.7131
1741602263.692,3.738,4.080,2.0554,-0.8848,-3.5446,-2.1955,64.7906,92.7248
1741602263.771,3.735,4.081,2.0554,-0.8848,-3.5444,-2.2038,64.7831,92.7343
1741602263.851,3.741,4.077,2.0554,-0.8848,-3.5444,-2.2118,64.7856,92.7398
1741602263.930,3.741,4.080,2.0554,-0.8847,-3.5445,-2.2100,64.7850,92.7302
1741602264.010,3.739,4.079,2.0554,-0.8848,-3.5444,-2.2149,64.7885,92.7371
1741602264.090,3.737,4.079,2.0555,-0.8848,-3.5445,-2.2180,64.7910,92.7334
1741602264.169,3.741,4.078,2.0555,-0.8848,-3.5445,-2.2146,64.7887,92.7303
1741602264.249,3.738,4.080,2.0555,-0.8848,-3.5446,-2.2054,64.7948,92.7266
1741602264.329,3.738,4.080,2.0555,-0.8848,-3.5444,-2.2136,64.7926,92.7397
1741602264.408,3.736,4.079,2.0555,-0.8848,-3.5446,-2.2108,64.7936,92.7343
1741602264.488,2.214,4.079,2.0554,-0.8848,-3.5444,-2.2284,64.7951,92.7543
1741602264.568,2.310,4.079,2.0555,-0.8848,-3.5444,-2.2172,64.7980,92.7331
1741602264.647,2.426,4.080,2.0554,-0.8849,-3.5446,-2.2160,64.7961,92.7335
1741602264.727,2.426,4.079,2.0555,-0.8848,-3.5446,-2.2297,64.7942,92.7435
1741602264.807,2.482,4.079,2.0555,-0.8848,-3.5446,-2.2314,64.7954,92.7432
1741602264.886,2.519,4.079,2.0554,-0.8849,-3.5445,-2.2351,64.7922,92.7465
1741602264.966,2.572,4.078,2.0555,-0.8848,-3.5446,-2.2099,64.7916,92.7176
1741602265.045,2.630,4.078,2.0555,-0.8848,-3.5446,-2.2335,64.7919,92.7376
1741602265.125,2.630,4.079,2.0555,-0.8849,-3.5446,-2.2282,64.7919,92.7351
1741602265.205,2.698,4.077,2.0555,-0.8848,-3.5447,-2.2404,64.7904,92.7514
1741602265.284,2.665,4.077,2.0555,-0.8847,-3.5446,-2.2306,64.7867,92.7475
1741602265.364,2.739,4.079,2.0554,-0.8849,-3.5445,-2.2398,64.7884,92.7549
1741602265.444,2.872,4.078,2.0555,-0.8849,-3.5446,-2.2379,64.7908,92.7530
1741602265.523,2.872,4.079,2.0555,-0.8849,-3.5446,-2.2523,64.7889,92.7673
1741602265.603,2.945,4.078,2.0556,-0.8848,-3.5447,-2.2468,64.7886,92.7569
1741602265.683,2.988,4.078,2.0554,-0.8847,-3.5445,-2.2376,64.7832,92.7486
1741602265.762,3.027,4.079,2.0556,-0.8848,-3.5447,-2.2292,64.7801,92.7409
1741602265.842,3.069,4.079,2.0555,-0.8848,-3.5445,-2.2246,64.7792,92.7395
1741602265.922,3.069,4.078,2.0555,-0.8849,-3.5447,-2.2296,64.7806,92.7451
1741602266.001,3.148,4.078,2.0555,-0.8849,-3.5446,-2.2394,64.7794,92.7513
1741602266.081,3.263,4.078,2.0555,-0.8849,-3.5447,-2.2348,64.7818,92.7465
1741602266.160,3.740,4.080,2.0556,-0.8848,-3.5446,-2.2331,64.7827,92.7382
1741602266.240,3.738,4.079,2.0556,-0.8847,-3.5446,-2.2229,64.7830,92.7367
1741602266.320,3.738,4.080,2.0554,-0.8848,-3.5447,-2.2258,64.7858,92.7420
1741602266.400,3.736,4.080,2.0555,-0.8848,-3.5448,-2.2230,64.7868,92.7336
1741602266.479,3.740,4.080,2.0555,-0.8848,-3.5446,-2.2195,64.7883,92.7330
1741602266.559,3.739,4.079,2.0555,-0.8848,-3.5447,-2.2129,64.7881,92.7320
1741602266.638,3.739,4.079,2.0555,-0.8848,-3.5447,-2.2261,64.7866,92.7407
1741602266.718,3.739,4.079,2.0555,-0.8848,-3.5446,-2.2162,64.7850,92.7290
1741602266.798,3.739,4.080,2.0555,-0.8848,-3.5447,-2.2067,64.7914,92.7193
1741602266.877,3.735,4.080,2.0554,-0.8848,-3.5446,-2.2026,64.7836,92.7134
1741602266.957,3.737,4.079,2.0555,-0.8848,-3.5446,-2.2046,64.7887,92.7050
1741602267.037,3.737,4.079,2.0555,-0.8848,-3.5446,-2.2102,64.7867,92.7056
1741602267.116,3.739,4.079,2.0556,-0.8849,-3.5445,-2.2239,64.7888,92.7278
1741602267.196,3.740,4.079,2.0555,-0.8848,-3.5446,-2.2021,64.7899,92.7121
1741602267.276,3.740,4.081,2.0555,-0.8848,-3.5446,-2.2107,64.7941,92.7273
1741602267.355,3.738,4.079,2.0555,-0.8849,-3.5447,-2.2086,64.7922,92.7175
1741602267.435,3.738,4.080,2.0556,-0.8849,-3.5446,-2.2062,64.7915,92.7147
1741602267.514,3.736,4.079,2.0555,-0.8848,-3.5448,-2.2107,64.7961,92.7212
1741602267.594,3.740,4.079,2.0555,-0.8847,-3.5449,-2.2246,64.7952,92.7400
1741602267.674,3.738,4.078,2.0555,-0.8849,-3.5447,-2.2302,64.7882,92.7526
1741602267.753,3.738,4.079,2.0555,-0.8849,-3.5447,-2.2355,64.7906,92.7548
1741602267.833,3.738,4.079,2.0556,-0.8848,-3.5447,-2.2394,64.7920,92.7549
1741602267.913,3.739,4.078,2.0556,-0.8848,-3.5448,-2.2484,64.7969,92.7609
1741602267.992,3.735,4.078,2.0555,-0.8848,-3.5446,-2.2611,64.7945,92.7740
1741602268.072,3.739,4.080,2.0556,-0.8848,-3.5446,-2.2482,64.7971,92.7587
1741602268.152,3.737,4.079,2.0555,-0.8849,-3.5447,-2.2516,64.7947,92.7641
1741602268.231,3.737,4.078,2.0556,-0.8848,-3.5447,-2.2582,64.7948,92.7663
1741602268.311,3.737,4.077,2.0557,-0.8848,-3.5447,-2.2552,64.7910,92.7648
1741602268.391,3.737,4.077,2.0555,-0.8847,-3.5447,-2.2434,64.7970,92.7560
1741602268.470,3.735,4.079,2.0556,-0.8848,-3.5447,-2.2324,64.7975,92.7427
1741602268.552,3.736,4.080,2.0556,-0.8850,-3.5447,-2.2379,64.7963,92.7499
1741602268.629,3.736,4.079,2.0556,-0.8849,-3.5447,-2.2374,64.7940,92.7419
1741602268.709,3.739,4.079,2.0556,-0.8847,-3.5448,-2.2305,64.7944,92.7372
1741602268.789,3.737,4.079,2.0556,-0.8848,-3.5448,-2.2460,64.7945,92.7546
1741602268.868,3.739,4.078,2.0556,-0.8848,-3.5448,-2.2642,64.7960,92.7739
1741602268.948,3.736,4.079,2.0555,-0.8849,-3.5446,-2.2740,64.7945,92.7839
1741602291.945,4.405,4.066,2.3637,-0.8929,-2.9505,-1.9132,62.6569,92.4152
1741602292.025,4.410,4.066,2.3637,-0.8929,-2.9504,-1.9243,62.6547,92.4204
1741602292.105,4.410,4.066,2.3637,-0.8929,-2.9504,-1.9108,62.6590,92.4074
1741602292.184,4.407,4.065,2.3637,-0.8930,-2.9504,-1.9009,62.6552,92.3999
1741602292.264,4.412,4.065,2.3637,-0.8930,-2.9505,-1.8972,62.6549,92.3976
1741602292.344,4.411,4.066,2.3638,-0.8929,-2.9503,-1.9039,62.6595,92.4094
1741602292.423,4.411,4.066,2.3637,-0.8929,-2.9504,-1.8893,62.6566,92.3943
1741602292.503,4.411,4.067,2.3637,-0.8929,-2.9504,-1.8981,62.6513,92.4018
1741602292.583,4.411,4.065,2.3637,-0.8930,-2.9505,-1.8910,62.6525,92.3911
1741602292.662,4.412,4.065,2.3637,-0.8930,-2.9505,-1.8954,62.6460,92.3935
1741602292.744,4.412,4.065,2.3637,-0.8929,-2.9504,-1.8966,62.6501,92.3891
1741602292.822,4.406,4.065,2.3637,-0.8929,-2.9504,-1.8959,62.6519,92.3883
1741602292.901,4.406,4.067,2.3636,-0.8929,-2.9503,-1.8999,62.6543,92.3963
1741602292.981,4.412,4.066,2.3637,-0.8929,-2.9503,-1.8811,62.6593,92.3767
1741602293.061,4.406,4.066,2.3637,-0.8930,-2.9504,-1.8791,62.6578,92.3814
1741602293.140,4.407,4.066,2.3637,-0.8928,-2.9503,-1.8864,62.6619,92.3917
1741602293.220,4.411,4.065,2.3637,-0.8929,-2.9503,-1.8864,62.6626,92.3999
1741602293.299,4.411,4.064,2.3637,-0.8930,-2.9504,-1.8826,62.6699,92.3961
1741602293.379,4.409,4.066,2.3636,-0.8929,-2.9505,-1.8799,62.6700,92.3932
1741602293.459,4.406,4.066,2.3637,-0.8929,-2.9505,-1.8868,62.6651,92.4015
1741602293.538,4.406,4.064,2.3637,-0.8929,-2.9504,-1.8926,62.6652,92.4037
1741602293.618,4.407,4.065,2.3637,-0.8929,-2.9503,-1.8834,62.6624,92.4001
1741602293.698,4.407,4.066,2.3637,-0.8929,-2.9504,-1.8722,62.6567,92.3855
1741602293.777,4.410,4.067,2.3638,-0.8930,-2.9505,-1.8713,62.6533,92.3818
1741602293.857,4.408,4.067,2.3637,-0.8929,-2.9503,-1.8857,62.6535,92.3938
1741602293.937,4.412,4.066,2.3637,-0.8929,-2.9503,-1.8739,62.6521,92.3851
1741602294.016,4.411,4.065,2.3638,-0.8930,-2.9503,-1.8736,62.6567,92.3841
1741602294.096,4.411,4.066,2.3636,-0.8930,-2.9504,-1.8553,62.6586,92.3711
1741602294.176,4.406,4.065,2.3636,-0.8929,-2.9503,-1.8660,62.6663,92.3766
1741602294.255,4.412,4.065,2.3637,-0.8929,-2.9503,-1.8654,62.6659,92.3707
1741602294.335,4.406,4.066,2.3638,-0.8929,-2.9504,-1.8685,62.6610,92.3735
1741602294.414,4.406,4.063,2.3636,-0.8928,-2.9504,-1.8638,62.6563,92.3745
1741602294.494,3.773,4.066,2.3637,-0.8929,-2.9504,-1.8570,62.6615,92.3612
1741602294.574,3.688,4.066,2.3637,-0.8930,-2.9504,-1.8671,62.6639,92.3718
1741602294.653,3.622,4.066,2.3637,-0.8930,-2.9505,-1.8511,62.6661,92.3572
1741602294.733,3.572,4.065,2.3637,-0.8928,-2.9506,-1.8600,62.6642,92.3728
1741602294.813,3.572,4.066,2.3636,-0.8928,-2.9506,-1.8764,62.6546,92.3842
1741602294.892,3.559,4.068,2.3637,-0.8929,-2.9504,-1.9005,62.6542,92.4058
1741602294.972,3.517,4.068,2.3637,-0.8929,-2.9504,-1.9050,62.6561,92.4081
1741602295.052,3.464,4.064,2.3637,-0.8930,-2.9504,-1.9137,62.6614,92.4151
1741602295.131,3.425,4.066,2.3636,-0.8929,-2.9502,-1.8960,62.6586,92.3967
1741602295.211,3.425,4.066,2.3638,-0.8929,-2.9504,-1.8792,62.6594,92.3812
1741602295.291,3.354,4.067,2.3637,-0.8928,-2.9504,-1.8727,62.6601,92.3791
1741602295.370,3.274,4.067,2.3637,-0.8929,-2.9504,-1.8831,62.6634,92.3857
1741602295.450,3.224,4.065,2.3638,-0.8930,-2.9504,-1.8746,62.6656,92.3799
1741602295.529,3.186,4.064,2.3637,-0.8930,-2.9502,-1.8795,62.6656,92.3898
1741602295.609,3.186,4.064,2.3636,-0.8929,-2.9503,-1.8759,62.6694,92.3863
1741602295.689,4.404,4.064,2.3637,-0.8929,-2.9504,-1.8791,62.6668,92.3874
1741602295.768,4.411,4.064,2.3636,-0.8929,-2.9503,-1.8801,62.6628,92.3924
1741602295.848,4.409,4.065,2.3637,-0.8930,-2.9503,-1.8858,62.6666,92.3985
1741602295.928,4.412,4.064,2.3637,-0.8929,-2.9503,-1.8849,62.6619,92.3966
1741602296.007,4.412,4.065,2.3637,-0.8928,-2.9504,-1.8828,62.6653,92.3968
1741602296.087,4.407,4.067,2.3637,-0.8928,-2.9504,-1.8779,62.6663,92.3896
1741602296.167,4.411,4.067,2.3637,-0.8929,-2.9505,-1.8752,62.6675,92.3865
1741602296.246,4.412,4.066,2.3637,-0.8930,-2.9503,-1.8867,62.6669,92.4004
1741602296.326,4.411,4.067,2.3637,-0.8930,-2.9503,-1.8819,62.6666,92.3938
1741602296.406,4.411,4.066,2.3637,-0.8929,-2.9503,-1.8819,62.6655,92.3926
1741602296.485,4.412,4.065,2.3637,-0.8929,-2.9504,-1.8805,62.6670,92.3927
1741602296.565,4.411,4.065,2.3636,-0.8929,-2.9503,-1.8799,62.6629,92.3957
1741602296.645,4.408,4.064,2.3636,-0.8930,-2.9504,-1.8801,62.6594,92.3987
1741602296.724,4.407,4.065,2.3635,-0.8930,-2.9504,-1.8809,62.6593,92.3979
1741602296.804,4.407,4.066,2.3636,-0.8929,-2.9503,-1.8905,62.6600,92.3892
1741602296.883,4.412,4.065,2.3637,-0.8929,-2.9503,-1.8760,62.6666,92.3753
1741602296.963,4.411,4.065,2.3636,-0.8929,-2.9504,-1.8682,62.6663,92.3718
1741602297.043,4.406,4.065,2.3636,-0.8930,-2.9504,-1.8621,62.6652,92.3644
1741602297.122,4.408,4.066,2.3636,-0.8930,-2.9503,-1.8702,62.6693,92.3734
1741602297.202,4.408,4.066,2.3637,-0.8929,-2.9504,-1.8703,62.6663,92.3706
1741602297.282,4.407,4.065,2.3638,-0.8929,-2.9503,-1.8778,62.6730,92.3821
1741602297.361,4.411,4.065,2.3636,-0.8929,-2.9503,-1.8696,62.6662,92.3821
1741602297.441,4.407,4.064,2.3636,-0.8929,-2.9503,-1.8619,62.6700,92.3702
1741602297.521,4.406,4.064,2.3636,-0.8929,-2.9503,-1.8585,62.6735,92.3693
1741602297.600,4.406,4.064,2.3636,-0.8929,-2.9503,-1.8490,62.6745,92.3603
1741602297.680,4.407,4.067,2.3636,-0.8929,-2.9503,-1.8615,62.6703,92.3709
1741602297.759,4.412,4.067,2.3636,-0.8929,-2.9503,-1.8701,62.6729,92.3842
1741602297.839,4.407,4.067,2.3637,-0.8930,-2.9503,-1.8596,62.6724,92.3656
1741602297.919,4.408,4.066,2.3635,-0.8929,-2.9502,-1.8682,62.6728,92.3812
1741602297.998,4.408,4.065,2.3636,-0.8929,-2.9504,-1.8575,62.6748,92.3671
1741602298.078,4.411,4.066,2.3637,-0.8929,-2.9504,-1.8574,62.6723,92.3662
1741602298.158,4.407,4.066,2.3635,-0.8930,-2.9502,-1.8615,62.6681,92.3750
1741602298.237,4.409,4.067,2.3635,-0.8929,-2.9503,-1.8547,62.6706,92.3656
1741602298.317,4.412,4.067,2.3637,-0.8929,-2.9502,-1.8582,62.6710,92.3591
1741602298.397,4.412,4.066,2.3636,-0.8929,-2.9503,-1.8367,62.6730,92.3458
1741602298.476,4.411,4.066,2.3636,-0.8929,-2.9503,-1.8474,62.6695,92.3553
1741602298.556,4.412,4.066,2.3636,-0.8929,-2.9502,-1.8531,62.6691,92.3673
1741602298.636,4.412,4.066,2.3635,-0.8929,-2.9502,-1.8605,62.6670,92.3766
1741602298.715,4.406,4.066,2.3636,-0.8929,-2.9503,-1.8543,62.6654,92.3637
1741602298.795,4.406,4.066,2.3636,-0.8929,-2.9503,-1.8698,62.6630,92.3778
1741602298.875,4.412,4.064,2.3637,-0.8929,-2.9502,-1.8700,62.6651,92.3783
1741602298.954,4.411,4.064,2.3636,-0.8929,-2.9503,-1.8772,62.6698,92.3863
1741602299.034,4.407,4.067,2.3636,-0.8929,-2.9502,-1.8886,62.6706,92.3994
1741602299.113,4.411,4.066,2.3636,-0.8929,-2.9503,-1.8798,62.6667,92.3859
1741602299.193,4.411,4.067,2.3633,-0.8929,-2.9502,-1.8568,62.5690,92.3468
1741602299.275,4.408,4.065,2.3586,-0.8929,-2.9478,-1.7604,62.5532,92.2704
1741602299.352,4.405,4.065,2.3495,-0.8930,-2.9433,-1.5337,62.4885,92.0997
1741602299.432,4.411,4.063,2.3370,-0.8930,-2.9367,-1.4782,62.3757,92.0626
1741602299.512,4.406,4.051,2.3239,-0.8928,-2.9292,-1.6822,62.1319,92.2233
1741602299.591,4.406,4.033,2.3114,-0.8932,-2.9223,-1.7308,62.0145,92.2633
1741602299.671,4.409,4.015,2.3008,-0.8938,-2.9164,-1.8477,61.8726,92.3571
1741602299.751,4.408,4.015,2.2920,-0.8938,-2.9116,-1.9072,61.6998,92.4217
1741602299.830,4.408,3.995,2.2846,-0.8938,-2.9076,-1.8130,61.5973,92.3460
1741602299.910,4.408,3.983,2.2778,-0.8938,-2.9037,-1.7496,61.5003,92.2924
1741602299.990,4.414,3.974,2.2706,-0.8939,-2.9001,-1.5720,61.4479,92.1271
1741602300.069,4.410,3.962,2.2616,-0.8936,-2.8952,-1.4160,61.2807,91.9661
1741602300.149,4.413,3.962,2.2514,-0.8937,-2.8899,-1.2875,61.1982,91.8534
1741602300.229,4.410,3.949,2.2407,-0.8943,-2.8848,-1.3522,61.8074,91.8803
1741602300.308,4.410,3.937,2.2292,-0.8944,-2.8794,-1.6116,62.7039,92.1713
1741602300.388,4.412,3.920,2.2182,-0.8942,-2.8746,-1.8441,63.5202,92.3252
1741602300.467,4.412,3.920,2.2078,-0.8940,-2.8705,-1.9320,64.3771,92.4398
1741602300.547,4.408,3.903,2.1985,-0.8946,-2.8668,-2.1842,65.1443,92.6420
1741602300.627,4.412,3.893,2.1896,-0.8948,-2.8629,-2.1489,65.2604,92.6129
1741602300.706,4.412,3.884,2.1805,-0.8945,-2.8586,-2.0656,65.2648,92.5046
1741602300.786,4.409,3.871,2.1712,-0.8949,-2.8546,-1.8853,65.1240,92.3822
1741602300.866,4.414,3.871,2.1612,-0.8949,-2.8502,-1.6321,65.1154,92.1678
1741602300.945,4.411,3.860,2.1511,-0.8951,-2.8457,-1.6668,65.0240,92.2284
1741602301.025,4.404,3.848,2.1408,-0.8952,-2.8404,-1.8507,64.9572,92.4154
1741602301.105,4.404,3.835,2.1311,-0.8954,-2.8355,-1.8573,64.7701,92.3882
1741602301.184,4.408,3.819,2.1213,-0.8955,-2.8308,-2.0066,64.7403,92.5506
1741602301.264,4.403,3.819,2.1118,-0.8955,-2.8261,-2.1938,64.7773,92.6850
1741602301.343,4.408,3.804,2.1021,-0.8955,-2.8212,-2.2904,64.6715,92.7775
1741602301.423,4.407,3.789,2.0928,-0.8958,-2.8167,-2.2616,64.5828,92.7742
1741602301.503,4.407,3.778,2.0835,-0.8960,-2.8126,-1.9867,64.4825,92.5213
1741602301.582,4.400,3.762,2.0738,-0.8960,-2.8082,-1.8133,64.4435,92.3727
1741602301.662,4.399,3.762,2.0639,-0.8963,-2.8036,-1.6726,64.3770,92.1773
1741602301.742,4.404,3.747,2.0538,-0.8961,-2.7986,-1.6988,64.3367,92.1535
1741602301.821,4.405,3.734,2.0432,-0.8962,-2.7937,-1.6607,64.2332,92.1509
1741602301.901,4.405,3.720,2.0322,-0.8964,-2.7880,-1.8687,64.1218,92.3241
1741602301.981,4.397,3.702,2.0213,-0.8966,-2.7824,-2.0936,64.0373,92.5336
1741602302.060,4.402,3.702,2.0108,-0.8969,-2.7770,-2.0710,63.9342,92.5507
1741602302.140,4.395,3.688,2.0009,-0.8972,-2.7721,-2.1039,63.8592,92.5136
1741602302.220,4.396,3.673,1.9915,-0.8970,-2.7675,-2.0598,63.8217,92.4020
1741602302.299,4.396,3.660,1.9823,-0.8970,-2.7629,-1.8603,63.6350,92.2624
1741602302.379,4.395,3.646,1.9730,-0.8968,-2.7585,-1.6356,63.3297,92.0538
1741602302.458,4.396,3.646,1.9637,-0.8967,-2.7533,-1.6376,62.9298,92.0288
1741602302.538,4.399,3.634,1.9542,-0.8970,-2.7476,-1.7202,62.6144,92.0527
1741602302.618,4.399,3.618,1.9449,-0.8971,-2.7424,-1.8187,62.3715,92.1418
1741602302.697,4.399,3.602,1.9355,-0.8970,-2.7373,-1.8923,62.2985,92.1731
1741602302.777,4.394,3.587,1.9260,-0.8974,-2.7321,-1.9525,62.2054,92.2291
1741602302.857,4.398,3.587,1.9169,-0.8976,-2.7268,-2.1439,62.0822,92.3853
1741602302.936,4.401,3.573,1.9079,-0.8976,-2.7219,-2.0561,61.9465,92.2749
1741602303.016,4.395,3.560,1.8986,-0.8974,-2.7172,-1.8821,61.8782,92.1205
1741602303.096,4.395,3.550,1.8890,-0.8972,-2.7120,-1.7450,61.7840,91.9400
1741602303.175,4.400,3.537,1.8788,-0.8976,-2.7065,-1.7189,61.7470,91.8926
1741602303.255,4.401,3.537,1.8683,-0.8979,-2.7009,-1.5015,61.6249,91.6456
1741602303.335,4.400,3.526,1.8565,-0.8979,-2.6944,-1.6671,61.5484,91.8514
1741602303.414,4.401,3.512,1.8448,-0.8978,-2.6877,-1.8983,61.4851,92.0983
1741602303.494,4.401,3.492,1.8327,-0.8982,-2.6809,-1.8523,61.3852,92.1039
1741602303.574,4.395,3.475,1.8210,-0.8981,-2.6741,-2.1036,61.3277,92.3007
1741602303.653,4.396,3.475,1.8089,-0.8982,-2.6676,-1.8019,61.1782,91.9871
1741602303.740,4.404,3.457,1.7948,-0.8979,-2.6601,-1.4904,61.0647,91.7360
1741602304.430,4.403,3.322,1.6795,-0.8987,-2.5946,-1.0927,60.2089,91.3596
1741602304.509,4.404,3.309,1.6667,-0.8989,-2.5867,-1.3013,60.0975,91.5414
1741602304.589,4.404,3.286,1.6537,-0.8990,-2.5789,-1.3815,59.9988,91.5684
1741602304.669,4.410,3.275,1.6406,-0.8991,-2.5710,-1.4148,59.8806,91.5731
1741602304.748,4.407,3.275,1.6274,-0.8992,-2.5637,-1.2910,59.7409,91.4096
1741602304.828,4.412,3.256,1.6146,-0.8994,-2.5562,-1.2025,59.6322,91.3595
1741602304.907,4.414,3.238,1.6020,-0.8986,-2.5489,-0.8852,59.4094,91.0631
1741602304.987,4.414,3.214,1.5899,-0.8990,-2.5416,-0.9412,59.2791,91.0515
1741602305.067,4.417,3.200,1.5778,-0.8993,-2.5341,-0.9523,59.1281,91.0577
1741602305.146,4.411,3.200,1.5653,-0.8994,-2.5259,-1.3297,59.0542,91.3678
1741602305.226,4.421,3.187,1.5524,-0.8993,-2.5177,-1.4513,58.9149,91.5449
1741602305.306,4.417,3.162,1.5421,-0.8986,-2.5098,-1.6926,58.0897,91.2794
1741602305.385,4.417,3.146,1.5350,-0.8977,-2.5029,-2.7952,57.9554,92.2084
1741602305.465,4.420,3.138,1.5297,-0.8975,-2.5021,-1.3977,58.0231,89.7424
1741602305.545,4.435,3.138,1.5192,-0.8980,-2.4955,-1.6729,58.1527,89.9671
1741602305.624,4.432,3.127,1.5052,-0.8977,-2.4878,-1.4355,58.3376,89.6313
1741602305.704,4.432,3.112,1.4891,-0.8978,-2.4777,-1.6930,58.2894,89.9943
1741602305.784,4.432,3.096,1.4731,-0.8980,-2.4673,-2.0140,58.2166,90.3957
1741602305.863,4.432,3.096,1.4583,-0.8976,-2.4582,-1.9374,58.0774,90.2334
1741602305.943,4.435,3.069,1.4457,-0.8975,-2.4504,-1.8108,58.0203,90.0365
1741602306.023,4.431,3.046,1.4346,-0.8976,-2.4441,-1.5609,57.9855,89.6543
1741602306.102,4.431,3.033,1.4248,-0.8976,-2.4344,-3.6568,58.5579,92.1721
1741602306.184,4.434,3.019,1.4147,-0.8975,-2.4241,-5.0681,58.2137,94.2710
1741602306.262,4.436,3.019,1.4036,-0.8968,-2.4157,-5.6500,58.4815,94.8270
1741602306.341,4.453,2.989,1.3913,-0.8973,-2.4081,-5.9015,58.4649,95.0592
1741602306.421,4.449,2.972,1.3780,-0.8972,-2.3995,-5.9668,58.4332,95.2375
1741602306.500,4.449,2.959,1.3647,-0.8972,-2.3913,-5.9392,58.4317,95.3554
1741602306.580,4.452,2.940,1.3522,-0.8975,-2.3836,-5.7917,58.3442,95.2060
1741602306.660,4.457,2.940,1.3407,-0.8975,-2.3766,-5.6080,58.2878,94.9299
1741602306.739,4.454,2.917,1.3299,-0.8975,-2.3700,-5.5443,58.2781,94.8284
1741602306.819,4.459,2.908,1.3198,-0.8975,-2.3629,-5.8583,58.2884,95.0769
1741602306.899,4.459,2.892,1.3101,-0.8975,-2.3564,-6.0516,58.3579,95.3025
1741602306.978,4.461,2.878,1.2995,-0.8976,-2.3494,-6.2620,58.4165,95.5465
1741602307.058,4.462,2.878,1.2882,-0.8977,-2.3425,-6.6767,58.9625,95.9536
1741602307.138,4.461,2.863,1.2748,-0.8978,-2.3368,-6.6912,60.6799,96.0896
1741602307.217,4.457,2.838,1.2584,-0.8980,-2.3332,-5.5629,63.2274,95.9699
1741602307.297,4.457,2.822,1.2440,-0.8977,-2.3306,-4.3711,65.2404,95.4596
1741602307.377,4.448,2.802,1.2338,-0.8981,-2.3268,-5.6715,67.0262,96.3797
1741602307.456,4.435,2.802,1.2258,-0.8983,-2.3224,-8.5813,68.6875,98.2836
1741602307.536,4.447,2.792,1.2129,-0.8975,-2.3191,-7.2310,69.0963,97.4981
1741602307.616,4.457,2.785,1.2001,-0.8973,-2.3138,-7.4391,69.3102,97.7735
1741602307.695,4.457,2.781,1.1894,-0.8967,-2.3073,-9.1287,68.9250,98.5306
1741602307.775,4.454,2.763,1.1784,-0.8979,-2.3039,-7.7046,68.3443,96.5994
1741602307.854,4.465,2.763,1.1669,-0.8976,-2.3066,-1.4190,67.9049,88.6802
1741602307.934,4.450,2.743,1.1512,-0.8976,-2.2987,-2.8917,67.2585,91.1645
1741602308.014,4.432,2.725,1.1323,-0.8992,-2.2925,-1.3627,67.2670,91.2877
1741602308.093,4.432,2.706,1.1165,-0.8994,-2.2850,-1.8674,67.1249,91.6366
1741602308.173,4.428,2.683,1.1030,-0.8995,-2.2789,-2.0470,66.9269,91.8327
1741602308.253,4.420,2.683,1.0906,-0.8990,-2.2728,-2.2527,66.6881,92.0555
1741602308.332,4.419,2.654,1.0791,-0.8987,-2.2661,-3.4916,67.0282,93.7536
1741602308.412,4.423,2.644,1.0741,-0.8974,-2.2613,-5.2701,66.9345,95.6589
1741602308.491,4.423,2.628,1.0709,-0.8970,-2.2562,-7.8301,67.0131,97.6021
1741602308.571,4.429,2.616,1.0601,-0.8964,-2.2503,-8.3618,66.8590,98.0718
1741602308.651,4.434,2.616,1.0434,-0.8965,-2.2429,-8.1891,66.8754,97.8809
1741602308.730,4.433,2.612,1.0240,-0.8973,-2.2364,-6.4005,66.7031,96.0465
1741602308.810,4.430,2.592,1.0032,-0.8990,-2.2316,-2.0364,66.0170,91.8298
1741602308.890,4.430,2.566,0.9878,-0.8992,-2.2247,-1.7649,65.5281,91.3775
1741602308.969,4.414,2.534,0.9752,-0.8984,-2.2196,-1.3687,65.3511,91.0371
1741602309.049,4.410,2.534,0.9658,-0.8984,-2.2152,-1.3905,65.2027,91.0419
1741602309.129,4.400,2.515,0.9562,-0.8984,-2.2105,-1.5797,65.0214,91.1579
1741602309.208,4.400,2.504,0.9458,-0.8984,-2.2059,-1.4471,64.9714,91.0458
1741602309.288,4.400,2.487,0.9334,-0.8984,-2.1997,-1.4818,64.9209,91.0784
1741602309.368,4.403,2.472,0.9198,-0.8985,-2.1931,-1.5016,64.8224,91.0780
1741602309.447,4.398,2.472,0.9054,-0.8979,-2.1855,-1.9546,64.6120,91.5773
1741602309.527,4.398,2.458,0.8913,-0.8982,-2.1788,-1.6598,64.4126,91.4099
1741602309.607,4.396,2.437,0.8774,-0.8979,-2.1717,-1.6358,64.1465,91.3456
1741602309.686,4.396,2.419,0.8648,-0.8978,-2.1653,-1.5313,63.9744,91.2853
1741602309.766,4.401,2.395,0.8526,-0.8973,-2.1590,-1.5908,63.9133,91.2276
1741602309.845,4.397,2.395,0.8410,-0.8976,-2.1532,-1.6308,63.8001,91.1474
1741602309.925,4.392,2.380,0.8318,-0.8967,-2.1524,0.1568,64.3974,89.0451
1741602310.005,4.392,2.360,0.8259,-0.8955,-2.1501,0.4579,64.3405,88.2493
1741602310.084,4.392,2.349,0.8200,-0.8952,-2.1450,-1.1213,64.0719,88.8014
1741602310.164,4.389,2.345,0.8056,-0.8949,-2.1379,-0.6934,64.0200,88.4846
1741602310.244,4.395,2.345,0.7904,-0.8948,-2.1294,-1.0117,63.4588,88.4406
1741602310.323,4.393,2.335,0.7731,-0.8946,-2.1209,-0.8395,63.7315,88.2551
1741602310.405,4.392,2.311,0.7566,-0.8945,-2.1122,-0.7391,63.8492,88.1634
1741602310.483,4.392,2.288,0.7421,-0.8947,-2.1049,-0.8093,63.9175,88.3043
1741602310.562,4.392,2.265,0.7300,-0.8948,-2.0984,-1.0390,63.8745,88.4954
1741602310.642,4.389,2.265,0.7157,-0.8948,-2.0960,1.6582,63.6405,87.2289
1741602310.721,4.394,2.246,0.7014,-0.8944,-2.0921,3.8415,63.6167,86.2063
1741602310.801,4.392,2.226,0.6882,-0.8936,-2.0837,3.1506,62.8015,87.8173
1741602310.881,4.392,2.208,0.6747,-0.8939,-2.0767,3.4618,62.4719,87.6323
1741602310.961,4.374,2.187,0.6610,-0.8942,-2.0700,3.5536,61.9943,87.7147
1741602311.040,4.371,2.187,0.6472,-0.8939,-2.0622,3.2618,61.4556,88.2543
1741602311.120,4.395,2.167,0.6337,-0.8939,-2.0541,3.1737,61.0396,88.3933
1741602311.199,4.395,2.147,0.6210,-0.8940,-2.0466,2.8833,60.6650,88.8292
1741602311.279,4.399,2.129,0.6095,-0.8937,-2.0406,3.3216,60.3557,88.2951
1741602311.359,4.401,2.129,0.5981,-0.8940,-2.0346,3.4191,60.0693,88.1786
1741602311.438,4.394,2.111,0.5869,-0.8947,-2.0289,3.9793,59.9272,87.3437
1741602311.518,4.417,2.094,0.5767,-0.8973,-2.0154,-0.2312,60.0061,90.5289
1741602311.598,4.417,2.076,0.5638,-0.8972,-2.0051,-1.0038,60.1412,91.4665
1741602311.677,4.415,2.056,0.5504,-0.8970,-1.9977,-0.7628,59.8188,91.1479
1741602311.757,4.426,2.056,0.5411,-0.8969,-1.9919,-1.2051,60.3997,91.4568
1741602311.837,4.421,2.036,0.5341,-0.8969,-1.9894,-1.0981,61.1315,91.3282
1741602311.916,4.427,2.020,0.5274,-0.8972,-1.9859,-1.1845,61.7061,91.4648
1741602311.996,4.427,2.012,0.5168,-0.8968,-1.9813,-0.9611,62.4743,91.2740
1741602312.075,4.414,2.000,0.5029,-0.8970,-1.9745,-0.7789,63.0987,90.9070
1741602312.155,4.396,2.000,0.4858,-0.8976,-1.9664,-0.9273,63.5463,91.1719
1741602312.235,4.394,1.987,0.4675,-0.8979,-1.9573,-0.9979,63.5049,91.1942
1741602312.314,4.394,1.963,0.4511,-0.8973,-1.9483,-1.2785,63.5522,91.5077
1741602312.394,4.394,1.938,0.4372,-0.8978,-1.9415,-1.2906,63.4904,91.5352
1741602312.474,4.389,1.915,0.4261,-0.8980,-1.9360,-1.2771,63.5747,91.4514
1741602312.554,4.393,1.915,0.4161,-0.8974,-1.9313,-1.1578,63.5264,91.2814
1741602312.633,4.392,1.898,0.4087,-0.8973,-1.9268,-1.1002,63.1203,91.2005
1741602312.713,4.395,1.883,0.4031,-0.8977,-1.9250,-0.4470,62.8300,90.3835
1741602312.792,4.395,1.871,0.3990,-0.8974,-1.9234,0.0680,62.0686,89.6680
1741602312.872,4.412,1.862,0.3992,-0.8964,-1.9223,-0.8246,61.8659,88.9802
1741602312.952,4.415,1.862,0.3936,-0.8947,-1.9207,-0.3423,61.6434,87.4565
1741602313.031,4.418,1.858,0.3826,-0.8945,-1.9144,-0.9192,61.2582,87.0443
1741602313.111,4.410,1.856,0.3602,-0.8960,-1.9037,0.0933,61.1854,87.3587
1741602313.190,4.410,1.845,0.3317,-0.8966,-1.8904,1.1693,61.7326,87.9448
1741602313.270,4.414,1.809,0.3058,-0.8971,-1.8721,-1.9526,62.0534,91.8820
1741602313.350,4.413,1.809,0.2866,-0.8993,-1.8643,-0.6771,61.8010,90.8259
1741602313.429,4.416,1.769,0.2746,-0.8986,-1.8596,0.4690,60.8276,90.5141
1741602313.509,4.412,1.737,0.2756,-0.8984,-1.8592,-0.0496,60.2675,90.6206
1741602313.589,4.412,1.719,0.2758,-0.8981,-1.8587,-0.1341,60.2114,90.7382
1741602313.668,4.418,1.720,0.2741,-0.8978,-1.8593,0.3665,59.8349,90.4471
1741602313.748,4.420,1.720,0.2686,-0.8964,-1.8644,4.1393,59.1818,86.8589
1741602313.828,4.411,1.718,0.2547,-0.8947,-1.8609,7.0664,58.7674,84.3863
1741602313.907,4.417,1.718,0.2340,-0.8954,-1.8474,5.7520,58.9129,85.6824
1741602313.987,4.417,1.704,0.2101,-0.8967,-1.8267,2.3073,58.6096,88.9760
1741602314.066,4.416,1.673,0.1884,-0.8996,-1.8089,0.0390,57.7193,90.1074
1741602314.146,4.416,1.673,0.1720,-0.8958,-1.7927,-1.7495,58.6827,91.8350
1741602314.226,4.428,1.635,0.1590,-0.8984,-1.7860,-1.1843,58.4247,91.1379
1741602314.306,4.431,1.604,0.1527,-0.8993,-1.7837,-0.7699,58.4986,90.4990
1741602314.385,4.431,1.584,0.1499,-0.8990,-1.7840,-0.0923,58.8219,89.6935
1741602314.465,4.429,1.577,0.1491,-0.8988,-1.7837,-0.0397,58.7923,89.3493
1741602314.544,4.432,1.577,0.1466,-0.8980,-1.7816,-0.3683,58.8162,88.5722
1741602314.624,4.431,1.575,0.1358,-0.8977,-1.7741,-0.6937,58.2705,88.2360
1741602314.704,4.431,1.572,0.1177,-0.8975,-1.7629,-0.6068,58.5903,88.3358
1741602314.783,4.431,1.558,0.0932,-0.9000,-1.7464,-1.1236,58.1738,91.6311
1741602314.863,4.432,1.527,0.0751,-0.9005,-1.7341,-1.0902,57.9737,90.9006
1741602314.943,4.435,1.527,0.0625,-0.9000,-1.7267,-0.8791,57.8015,90.6537
1741602315.022,4.446,1.495,0.0529,-0.8997,-1.7210,-0.8337,57.7311,90.5993
1741602315.102,4.449,1.471,0.0450,-0.8997,-1.7162,-0.7602,57.6833,90.4796
1741602315.182,4.449,1.457,0.0370,-0.8996,-1.7122,-0.1834,57.3925,90.2298
1741602315.261,4.449,1.445,0.0289,-0.8988,-1.7110,1.3691,56.7378,89.2253
1741602315.341,4.449,1.445,0.0217,-0.8984,-1.7089,2.7227,56.9074,88.1910
1741602315.421,4.448,1.437,0.0113,-0.8973,-1.7047,3.5195,57.5416,87.5008
1741602315.500,4.442,1.428,-0.0034,-0.8975,-1.6971,3.6721,58.2388,87.4063
1741602315.580,4.442,1.413,-0.0179,-0.8994,-1.6854,1.4039,59.6763,88.7339
1741602315.659,4.434,1.391,-0.0325,-0.9015,-1.6739,-1.0763,60.2424,90.8257
1741602315.739,4.429,1.391,-0.0460,-0.9012,-1.6659,-0.9215,59.9174,90.7265
1741602315.819,4.434,1.367,-0.0561,-0.9010,-1.6592,-1.0303,60.0139,90.8237
1741602315.898,4.434,1.347,-0.0645,-0.9009,-1.6538,-1.0816,59.9286,90.8388
1741602315.978,4.434,1.330,-0.0741,-0.9002,-1.6479,-0.9027,59.6394,90.7369
1741602316.058,4.434,1.318,-0.0852,-0.9009,-1.6414,-0.8619,59.5452,90.7290
1741602316.137,4.442,1.318,-0.0984,-0.9010,-1.6344,-0.5899,59.3571,90.4640
1741602316.217,4.446,1.302,-0.1125,-0.9006,-1.6256,-0.5564,59.1451,90.4138
1741602316.297,4.439,1.283,-0.1263,-0.9012,-1.6165,-0.6964,59.0624,90.5457
1741602316.376,4.439,1.263,-0.1391,-0.9013,-1.6083,-0.7732,58.8567,90.5734
1741602316.456,4.448,1.243,-0.1518,-0.9013,-1.6006,-0.7562,58.7000,90.5735
1741602316.536,4.451,1.243,-0.1631,-0.9012,-1.5939,-0.5249,58.5280,90.3530
1741602316.615,4.450,1.226,-0.1742,-0.9016,-1.5871,-0.4075,58.3381,90.2235
1741602316.695,4.450,1.209,-0.1856,-0.9014,-1.5813,-0.3660,59.0290,90.1132
1741602316.774,4.450,1.192,-0.1985,-0.9015,-1.5769,-0.4677,61.6871,90.0801
1741602316.854,4.450,1.192,-0.2121,-0.9013,-1.5738,-0.6821,65.4069,90.1665
1741602316.934,4.441,1.173,-0.2253,-0.9008,-1.5714,-0.8659,68.6381,90.2398
1741602317.013,4.443,1.156,-0.2387,-0.9013,-1.5674,-0.9149,69.7549,90.2763
1741602317.093,4.443,1.146,-0.2510,-0.9011,-1.5631,-0.7878,69.6304,90.1506
1741602317.173,4.452,1.134,-0.2637,-0.9013,-1.5583,-0.7933,69.5802,90.2015
1741602317.252,4.458,1.134,-0.2767,-0.9013,-1.5538,-0.7426,69.6252,90.1547
1741602317.332,4.452,1.116,-0.2900,-0.9008,-1.5482,-0.6983,69.2361,90.1679
1741602317.412,4.451,1.099,-0.2971,-0.9004,-1.5433,-1.7009,68.4013,90.0448
1741602317.491,4.451,1.082,-0.3027,-0.8995,-1.5389,-1.4410,66.4314,88.9203
1741602317.571,4.446,1.068,-0.3141,-0.8994,-1.5335,-1.6098,66.0034,89.0174
1741602317.651,4.439,1.068,-0.3309,-0.8996,-1.5257,-1.5599,65.7605,89.0629
1741602317.730,4.427,1.054,-0.3499,-0.8994,-1.5175,-0.9882,65.2504,88.9020
1741602317.810,4.430,1.034,-0.3724,-0.9006,-1.5080,0.0579,64.6578,89.8642
1741602317.891,4.430,1.007,-0.3886,-0.9011,-1.4995,-0.0957,64.3914,89.7916
1741602318.089,4.425,0.954,-0.4148,-0.8999,-1.4835,-2.4264,64.6335,92.6646
1741602319.502,4.427,0.720,-0.6325,-0.9005,-1.3629,-0.6334,59.5052,90.3349
1741602319.582,4.427,0.697,-0.6417,-0.9001,-1.3567,-0.7303,59.2887,90.4524
1741602319.662,4.433,0.685,-0.6510,-0.9004,-1.3534,0.7831,58.2834,89.6326
1741602319.741,4.433,0.669,-0.6586,-0.8984,-1.3528,2.7039,58.1013,87.8842
1741602319.821,4.440,0.669,-0.6677,-0.8981,-1.3446,0.9565,58.4535,90.4967
1741602319.901,4.431,0.660,-0.6809,-0.8982,-1.3326,-0.7975,58.5242,92.8523
1741602319.980,4.431,0.652,-0.6967,-0.8979,-1.3206,-1.4558,58.5071,93.1527
1741602320.060,4.431,0.628,-0.7117,-0.9003,-1.3117,-1.0647,58.7572,91.0464
1741602320.140,4.422,0.606,-0.7266,-0.9047,-1.3036,0.4987,58.1295,89.3093
1741602320.219,4.432,0.606,-0.7393,-0.9012,-1.2971,-0.3899,58.3575,90.3398
1741602320.299,4.303,0.585,-0.7468,-0.9002,-1.2917,-0.4697,58.2346,90.3668
1741602320.378,4.303,0.561,-0.7532,-0.9004,-1.2873,-0.5044,58.1992,90.3924
1741602320.458,4.298,0.554,-0.7607,-0.9002,-1.2823,-0.5428,58.1154,90.3692
1741602320.538,3.300,0.545,-0.7697,-0.9001,-1.2764,-0.6071,57.9433,90.3910
1741602320.617,3.302,0.545,-0.7785,-0.9002,-1.2712,-0.6232,57.9598,90.4417
1741602320.697,2.939,0.532,-0.7823,-0.9004,-1.2687,-0.5378,57.9037,90.3546
1741602320.777,2.939,0.520,-0.7817,-0.9006,-1.2691,-0.5932,57.8480,90.3871
1741602320.856,2.937,0.517,-0.7809,-0.9005,-1.2696,-0.5848,57.8925,90.3733
1741602320.936,2.946,0.517,-0.7807,-0.9006,-1.2699,-0.5994,57.8797,90.3901
1741602321.016,2.946,0.517,-0.7807,-0.9005,-1.2698,-0.5830,57.8760,90.3860
1741602321.095,2.936,0.513,-0.7806,-0.9007,-1.2701,-0.5696,57.8624,90.3685
1741602321.175,2.936,0.513,-0.7808,-0.9007,-1.2701,-0.6076,57.8583,90.4150
1741602321.254,2.944,0.513,-0.7808,-0.9007,-1.2701,-0.5978,57.8835,90.4045
1741602321.334,2.939,0.513,-0.7808,-0.9005,-1.2701,-0.6012,57.8962,90.4130
1741602321.414,2.936,0.518,-0.7807,-0.9006,-1.2700,-0.5884,57.8832,90.4051
1741602321.493,2.938,0.514,-0.7809,-0.9008,-1.2701,-0.5654,57.8863,90.3925
1741602321.573,2.938,0.517,-0.7809,-0.9009,-1.2703,-0.5714,57.8890,90.3984
1741602321.653,2.938,0.518,-0.7809,-0.9008,-1.2702,-0.5904,57.8881,90.4079
1741602321.734,2.943,0.518,-0.7809,-0.9009,-1.2703,-0.5736,57.8928,90.4042
1741602321.812,2.946,0.514,-0.7798,-0.9009,-1.2711,-0.5738,57.9666,90.4084
1741602321.892,2.938,0.517,-0.7765,-0.9009,-1.2732,-0.5447,57.8850,90.3586
1741602321.971,2.938,0.518,-0.7709,-0.9012,-1.2768,-0.5990,57.8808,90.4383
1741602322.051,2.946,0.519,-0.7639,-0.9010,-1.2814,-0.5895,57.8792,90.3863
1741602322.131,2.939,0.519,-0.7561,-0.9012,-1.2859,-0.5937,57.8866,90.3938
1741602322.210,2.947,0.527,-0.7490,-0.9010,-1.2909,-0.4947,57.8545,90.3331
1741602322.290,3.301,0.543,-0.7425,-0.9011,-1.2954,-0.3684,57.8253,90.2185
1741602322.370,3.301,0.548,-0.7366,-0.9011,-1.2991,-0.3359,57.8363,90.1869
1741602322.449,3.304,0.557,-0.7311,-0.9011,-1.3024,-0.3368,57.8389,90.1673
1741602322.529,3.308,0.557,-0.7261,-0.9011,-1.3059,-0.3053,57.8491,90.1265
1741602322.609,3.304,0.567,-0.7202,-0.9013,-1.3096,-0.3588,57.8365,90.1630
1741602322.688,3.304,0.574,-0.7115,-0.9012,-1.3145,-0.6123,57.8332,90.4395
1741602322.768,3.309,0.583,-0.7021,-0.8995,-1.3143,-3.5655,57.6330,93.3167
1741602322.847,4.296,0.599,-0.6978,-0.8990,-1.3196,-2.0002,57.5835,93.3220
1741602322.927,4.303,0.599,-0.6885,-0.8978,-1.3293,-0.2156,56.8935,92.4959
1741602323.007,4.302,0.604,-0.6719,-0.8984,-1.3410,-0.2358,57.3131,92.2730
1741602323.086,4.302,0.623,-0.6518,-0.9002,-1.3580,2.1230,57.4410,87.7003
1741602323.166,4.301,0.644,-0.6335,-0.9010,-1.3674,-0.7928,58.2457,90.3778
1741602323.246,4.295,0.672,-0.6174,-0.9015,-1.3758,-0.6902,58.1000,90.4339
1741602323.325,4.439,0.672,-0.6054,-0.9019,-1.3830,-0.6464,58.1379,90.4036
1741602323.405,4.433,0.700,-0.5953,-0.9015,-1.3883,-0.8159,57.7193,90.1948
1741602323.485,4.433,0.718,-0.5892,-0.9004,-1.3912,-1.3010,57.5357,90.0235
1741602323.564,4.432,0.733,-0.5864,-0.9002,-1.3928,-1.4465,57.4733,89.8523
1741602323.644,4.437,0.737,-0.5818,-0.9000,-1.3961,-1.3949,57.5178,89.3396
1741602323.723,4.443,0.737,-0.5721,-0.9000,-1.4036,-1.0970,57.8627,88.6737
1741602323.803,4.436,0.741,-0.5551,-0.8991,-1.4157,-0.3554,57.8432,87.6262
1741602323.883,4.436,0.753,-0.5394,-0.8997,-1.4274,0.5488,57.8183,87.8245
1741602323.962,4.429,0.780,-0.5231,-0.9015,-1.4368,-0.3566,56.7335,90.0350
1741602324.042,4.427,0.801,-0.5111,-0.9007,-1.4437,-0.7217,56.9523,90.3717
1741602324.122,4.432,0.801,-0.5022,-0.9015,-1.4493,-0.5887,56.8765,90.3297
1741602324.201,4.432,0.821,-0.4946,-0.9015,-1.4552,-0.4419,56.9106,90.2848
1741602324.281,4.432,0.836,-0.4864,-0.9008,-1.4580,-1.5233,56.4857,91.5813
1741602324.361,4.430,0.847,-0.4803,-0.9002,-1.4594,-2.8644,56.7577,92.9153
1741602324.440,4.432,0.860,-0.4741,-0.8998,-1.4625,-3.4298,56.7558,93.5452
1741602324.520,4.442,0.860,-0.4658,-0.8995,-1.4689,-2.8889,56.7347,93.4851
1741602324.600,4.445,0.865,-0.4563,-0.8993,-1.4790,-1.0367,56.7187,92.7304
1741602324.679,4.445,0.881,-0.4389,-0.9003,-1.4889,-2.1114,56.7985,92.9481
1741602324.759,4.437,0.899,-0.4209,-0.9013,-1.5048,-0.1249,57.1755,89.9510
1741602324.839,4.432,0.921,-0.4061,-0.9014,-1.5148,-0.2149,57.5730,90.0151
1741602324.918,4.423,0.921,-0.3944,-0.9025,-1.5240,-0.1816,58.7796,89.9262
1741602324.998,4.419,0.948,-0.3908,-0.9019,-1.5300,1.3255,60.4634,88.8145
1741602325.078,4.419,0.968,-0.3901,-0.9013,-1.5309,1.4901,60.5619,88.8662
1741602325.157,4.398,0.975,-0.3904,-0.9013,-1.5302,1.3016,60.4521,89.1400
1741602325.237,4.395,0.974,-0.3899,-0.9006,-1.5307,1.2904,60.1338,89.4392
1741602325.316,4.400,0.974,-0.3887,-0.9005,-1.5316,1.2928,59.4172,89.7789
1741602325.396,4.396,0.975,-0.3876,-0.8998,-1.5317,0.9764,58.4570,90.4434
1741602325.595,4.416,0.980,-0.3799,-0.8995,-1.5440,1.1212,49.0497,90.7187
1741602325.675,4.416,0.989,-0.3746,-0.9001,-1.5489,0.7394,44.7741,91.1160
1741602325.754,3.975,1.017,-0.3716,-0.9004,-1.5570,2.0418,40.1126,89.3846
1741602325.834,3.015,1.059,-0.3645,-0.9022,-1.5623,-0.8233,35.6693,90.4234
1741602325.914,2.663,1.059,-0.3567,-0.9015,-1.5731,-1.1424,34.5146,89.6526
1741602325.993,2.269,1.109,-0.3487,-0.9012,-1.5849,-1.2039,34.8282,89.0139
1741602326.073,2.269,1.155,-0.3405,-0.9007,-1.6013,-1.1379,37.5060,88.8215
1741602326.153,2.250,1.165,-0.3345,-0.9001,-1.6197,0.2169,41.2091,87.8822
1741602326.232,2.466,1.147,-0.3288,-0.8997,-1.6324,0.7971,43.7950,87.8543
1741602326.312,2.989,1.147,-0.3208,-0.8996,-1.6416,0.3102,45.6519,87.9645
1741602326.392,2.982,1.136,-0.3128,-0.8998,-1.6486,-0.4465,47.0140,88.3257
1741602326.471,2.982,1.135,-0.3059,-0.8998,-1.6552,-0.3625,47.1300,88.5145
1741602326.551,2.940,1.138,-0.2992,-0.9008,-1.6613,-0.4907,47.0376,89.4430
1741602326.631,3.105,1.138,-0.2898,-0.9025,-1.6685,-1.0264,46.6660,90.9754
1741602326.712,3.114,1.147,-0.2800,-0.9017,-1.6777,-1.0194,47.0567,90.9091
1741602326.790,3.159,1.162,-0.2710,-0.9014,-1.6867,-0.9229,47.1952,90.7920
1741602326.870,3.159,1.179,-0.2626,-0.9013,-1.6948,-0.9239,47.2462,90.7531
1741602326.949,3.271,1.195,-0.2545,-0.9012,-1.7024,-0.8824,47.3862,90.7173
1741602327.029,3.286,1.195,-0.2467,-0.9013,-1.7112,-1.0565,48.7203,90.8444
1741602327.108,3.283,1.208,-0.2395,-0.9017,-1.7213,-1.0614,51.3600,90.7891
1741602327.188,4.262,1.217,-0.2321,-0.9012,-1.7313,-1.2024,54.7849,90.8935
1741602327.268,4.262,1.218,-0.2240,-0.9012,-1.7409,-1.1758,57.9546,90.8992
1741602327.347,4.355,1.218,-0.2140,-0.9014,-1.7490,-0.9957,58.9661,90.7345
1741602327.427,4.303,1.218,-0.2025,-0.9011,-1.7553,-1.0638,58.8417,90.8778
1741602327.507,4.292,1.226,-0.1937,-0.9013,-1.7607,-0.3633,58.4473,90.1748
1741602327.586,4.301,1.241,-0.1864,-0.9000,-1.7642,-1.2489,59.3864,91.1284
1741602327.666,4.301,1.256,-0.1770,-0.9004,-1.7688,-1.1406,59.7794,90.7429
1741602327.746,4.299,1.262,-0.1690,-0.8996,-1.7717,-0.9939,59.6943,90.7753
1741602327.825,4.293,1.262,-0.1556,-0.9010,-1.7778,-1.4899,60.0238,91.1431
1741602327.905,4.293,1.277,-0.1441,-0.9007,-1.7862,-1.6533,61.1149,91.4004
1741602327.985,4.293,1.293,-0.1329,-0.9011,-1.7952,-1.3997,63.1804,91.1305
1741602328.064,4.294,1.310,-0.1210,-0.9010,-1.8025,-1.5382,64.3158,90.9325
1741602328.144,4.286,1.329,-0.1121,-0.9021,-1.8077,-1.1282,63.5664,90.8356
1741602328.223,4.284,1.329,-0.1025,-0.9014,-1.8118,-1.3259,63.3873,91.2844
1741602328.303,4.280,1.342,-0.0925,-0.9010,-1.8159,-0.9148,62.5939,90.8238
1741602328.383,4.280,1.355,-0.0798,-0.9003,-1.8215,-0.9354,62.2831,90.6369
1741602328.462,4.283,1.371,-0.0681,-0.9010,-1.8273,-1.5293,61.7999,91.4766
1741602328.542,4.280,1.387,-0.0559,-0.9015,-1.8338,-1.4178,61.7778,91.2664
1741602328.622,4.281,1.387,-0.0452,-0.9011,-1.8394,-1.1979,61.5190,91.3459
1741602328.701,4.282,1.403,-0.0342,-0.9010,-1.8448,-1.2508,60.8101,91.1927
1741602328.781,4.282,1.416,-0.0236,-0.9006,-1.8507,-1.2382,60.9311,91.2934
1741602328.861,4.283,1.432,-0.0133,-0.9001,-1.8565,-1.0549,60.8682,91.0343
1741602328.940,4.289,1.447,-0.0022,-0.9003,-1.8620,-1.1588,61.0433,91.1933
1741602329.020,4.288,1.447,0.0095,-0.9005,-1.8689,-1.1887,61.1350,91.1289
1741602329.101,4.288,1.462,0.0212,-0.9010,-1.8756,-1.4289,61.1450,91.3084
1741602329.179,4.288,1.480,0.0316,-0.9011,-1.8812,-1.4242,61.0695,91.3818
1741602329.259,4.282,1.499,0.0421,-0.8999,-1.8867,-1.5494,61.0736,91.5221
1741602329.338,4.290,1.514,0.0524,-0.9006,-1.8925,-1.4564,61.1155,91.4901
1741602329.418,4.287,1.514,0.0631,-0.9005,-1.8988,-1.3402,61.2557,91.4309
1741602329.498,4.281,1.528,0.0739,-0.9005,-1.9051,-1.1944,61.3109,91.3367
1741602329.578,4.281,1.543,0.0848,-0.9002,-1.9110,-1.1127,61.4306,91.2100
1741602329.657,4.281,1.560,0.0956,-0.9002,-1.9173,-0.9728,61.4891,91.0460
1741602329.737,4.284,1.576,0.1070,-0.9002,-1.9235,-1.0537,61.6003,91.1170
1741602329.816,4.280,1.576,0.1182,-0.8999,-1.9290,-1.3122,61.6151,91.2861
1741602329.896,4.284,1.592,0.1289,-0.9000,-1.9348,-1.3275,61.7022,91.2941
1741602329.978,4.284,1.607,0.1399,-0.8998,-1.9407,-1.2347,61.7719,91.2489
1741602330.055,4.284,1.624,0.1501,-0.8999,-1.9470,-1.0074,61.8361,91.0129
1741602331.230,4.280,1.810,0.3090,-0.8984,-2.0315,-1.1576,62.7292,91.2498
1741602331.310,4.280,1.810,0.3191,-0.8985,-2.0370,-1.1044,62.7852,91.2866
1741602331.389,4.276,1.823,0.3290,-0.8984,-2.0423,-0.9842,62.8293,91.2459
1741602331.469,4.276,1.840,0.3393,-0.8983,-2.0478,-0.9192,62.9358,91.1437
1741602331.549,4.281,1.852,0.3495,-0.8982,-2.0533,-0.7923,63.0340,91.0143
1741602331.628,4.276,1.865,0.3596,-0.8983,-2.0588,-0.7600,63.1340,91.0431
1741602331.708,4.273,1.865,0.3702,-0.8977,-2.0638,-1.0530,63.1670,91.2416
1741602331.788,4.264,1.882,0.3815,-0.8979,-2.0695,-1.2115,63.2514,91.2716
1741602331.867,4.264,1.898,0.3917,-0.8983,-2.0745,-1.3442,63.2260,91.4401
1741602331.947,4.260,1.912,0.4018,-0.8983,-2.0797,-1.3586,63.1840,91.4925
1741602332.027,4.256,1.926,0.4122,-0.8981,-2.0848,-1.3549,63.1748,91.4679
1741602332.106,4.256,1.926,0.4225,-0.8975,-2.0901,-1.1950,63.2271,91.3927
1741602332.186,4.255,1.940,0.4335,-0.8980,-2.0965,-0.9925,63.2630,91.2380
1741602332.266,4.255,1.955,0.4443,-0.8973,-2.1022,-0.9443,63.3507,91.2088
1741602332.345,4.255,1.971,0.4555,-0.8972,-2.1077,-1.0472,63.4075,91.2551
1741602332.425,4.257,1.971,0.4671,-0.8970,-2.1135,-0.8942,63.5324,91.1136
1741602332.504,4.254,1.987,0.4791,-0.8969,-2.1194,-0.9729,63.5751,91.1335
1741602332.584,4.254,2.004,0.4916,-0.8970,-2.1255,-1.1558,63.6272,91.2944
1741602332.664,4.254,2.018,0.5037,-0.8970,-2.1318,-1.1208,63.6629,91.3390
1741602332.743,4.259,2.036,0.5158,-0.8965,-2.1379,-1.1379,63.7018,91.3590
1741602332.823,4.260,2.036,0.5274,-0.8963,-2.1435,-1.1650,63.8115,91.4524
1741602332.903,4.258,2.052,0.5389,-0.8968,-2.1490,-1.3918,63.8862,91.6606
1741602332.982,4.256,2.072,0.5501,-0.8962,-2.1548,-1.2061,63.9288,91.5731
1741602333.062,4.256,2.089,0.5620,-0.8963,-2.1603,-1.3029,63.9975,91.5629
1741602333.142,4.257,2.105,0.5745,-0.8962,-2.1663,-1.4702,64.0023,91.6378
1741602333.221,4.258,2.105,0.5869,-0.8958,-2.1726,-1.5395,63.9066,91.6544
1741602333.301,4.258,2.122,0.5992,-0.8953,-2.1787,-1.4851,63.8545,91.6600
1741602333.380,4.260,2.140,0.6119,-0.8952,-2.1852,-1.3534,63.8845,91.5429
1741602333.460,4.260,2.155,0.6244,-0.8960,-2.1915,-1.1607,63.9312,91.3286
1741602333.540,4.259,2.173,0.6369,-0.8959,-2.1978,-1.2012,63.9599,91.2436
1741602333.620,4.262,2.173,0.6495,-0.8961,-2.2042,-1.3321,64.0833,91.1879
1741602333.699,4.259,2.192,0.6618,-0.8961,-2.2102,-1.4212,64.1065,91.1240
1741602333.779,4.259,2.209,0.6738,-0.8964,-2.2157,-1.5850,64.1644,91.0823
1741602333.858,4.263,2.227,0.6859,-0.8962,-2.2216,-1.6690,64.2573,91.1258
1741602333.938,4.262,2.245,0.6970,-0.8963,-2.2271,-1.4813,64.2895,90.9148
1741602334.018,4.263,2.245,0.7088,-0.8958,-2.2328,-1.5254,64.3334,90.9506
1741602334.097,4.268,2.263,0.7196,-0.8964,-2.2386,-1.4117,64.3960,90.8629
1741602334.177,4.268,2.279,0.7310,-0.8964,-2.2442,-1.4848,64.5244,90.9238
1741602334.257,4.268,2.294,0.7411,-0.8962,-2.2491,-1.4420,64.5985,90.9313
1741602334.336,4.269,2.308,0.7514,-0.8961,-2.2535,-1.7023,64.6309,91.1285
1741602334.416,4.265,2.308,0.7615,-0.8972,-2.2580,-1.8746,64.6047,91.2846
1741602334.496,4.270,2.320,0.7705,-0.8977,-2.2629,-1.8590,64.5971,91.2775
1741602334.575,4.270,2.336,0.7801,-0.8973,-2.2671,-1.8629,64.5273,91.4055
1741602334.655,4.268,2.351,0.7898,-0.8963,-2.2717,-1.7398,64.4709,91.3777
1741602334.734,4.267,2.359,0.8000,-0.8964,-2.2768,-1.5787,64.5320,91.2666
1741602334.814,4.274,2.359,0.8101,-0.8963,-2.2823,-1.3390,64.5981,91.0888
1741602334.894,4.269,2.377,0.8198,-0.8958,-2.2869,-1.2524,64.6402,90.9984
1741602334.973,4.269,2.386,0.8304,-0.8972,-2.2921,-1.3908,64.6958,91.1090
1741602335.053,4.273,2.402,0.8405,-0.8971,-2.2971,-1.4632,64.7859,91.1365
1741602335.133,4.270,2.419,0.8506,-0.8964,-2.3015,-1.4797,64.7948,91.1088
1741602335.212,4.271,2.419,0.8610,-0.8971,-2.3062,-1.6998,64.8590,91.2560
1741602335.292,4.272,2.436,0.8714,-0.8968,-2.3100,-1.8364,64.2997,91.3685
1741602335.372,4.272,2.444,0.8823,-0.8974,-2.3137,-1.6498,62.5420,91.2821
1741602335.451,4.275,2.458,0.8932,-0.8971,-2.3169,-1.4995,60.1010,91.1462
1741602335.531,4.270,2.467,0.9033,-0.8969,-2.3206,-1.2883,58.0731,91.0070
1741602335.611,4.279,2.467,0.9134,-0.8964,-2.3259,-1.1976,57.6342,90.9100
1741602335.690,4.294,2.485,0.9226,-0.8963,-2.3324,-1.1692,57.8452,90.8541
1741602335.770,4.294,2.508,0.9323,-0.8968,-2.3384,-1.3157,58.0028,90.9870
1741602335.849,4.297,2.520,0.9425,-0.8970,-2.3446,-1.5062,58.0816,91.0348
1741602335.929,4.289,2.531,0.9519,-0.8968,-2.3508,-1.5224,58.1574,91.0644
1741602336.009,4.288,2.531,0.9540,-0.8964,-2.3579,0.3895,59.4480,89.7543
1741602336.088,4.289,2.548,0.9552,-0.8956,-2.3608,1.4129,59.5240,89.2216
1741602336.168,4.289,2.550,0.9579,-0.8949,-2.3631,1.7769,59.6449,89.2130
1741602336.248,4.273,2.557,0.9642,-0.8948,-2.3664,1.6666,59.6249,89.6297
1741602336.327,4.280,2.556,0.9752,-0.8952,-2.3723,1.0711,59.5008,90.5187
1741602336.407,4.277,2.556,0.9866,-0.8948,-2.3748,-1.2782,59.8206,93.4554
1741602336.487,4.275,2.573,1.0016,-0.8950,-2.3790,-3.0657,59.6452,94.5373
1741602336.566,4.275,2.589,1.0169,-0.8948,-2.3823,-5.9728,59.4554,95.7723
1741602336.646,4.276,2.604,1.0247,-0.8953,-2.3890,-4.9511,59.8341,95.0017
1741602336.726,4.287,2.619,1.0318,-0.8958,-2.3956,-4.6782,60.6775,94.6104
1741602336.805,4.283,2.619,1.0402,-0.8975,-2.4060,-1.5581,60.8968,91.3754
1741602336.885,4.283,2.631,1.0496,-0.8978,-2.4116,-1.6718,60.5133,91.5462
1741602336.964,4.283,2.640,1.0575,-0.8978,-2.4160,-1.5923,60.5817,91.4897
1741602337.044,4.268,2.661,1.0644,-0.8974,-2.4201,-1.5104,60.5090,91.4453
1741602337.124,4.272,2.671,1.0708,-0.8968,-2.4251,-0.8809,60.7701,90.5122
1741602337.203,4.271,2.671,1.0742,-0.8965,-2.4281,-0.5566,61.2371,89.8618
1741602337.283,4.266,2.682,1.0745,-0.8967,-2.4285,-0.3886,61.3397,89.7346
1741602337.363,4.266,2.688,1.0746,-0.8969,-2.4285,-0.5400,61.3419,89.8249
1741602337.442,4.265,2.686,1.0749,-0.8965,-2.4284,-0.5568,61.4901,89.7938
1741602337.522,4.266,2.686,1.0778,-0.8961,-2.4311,0.4181,61.5578,88.8166
1741602337.602,4.262,2.686,1.0847,-0.8951,-2.4382,2.5669,61.5071,87.1069
1741602337.681,4.260,2.693,1.1058,-0.8944,-2.4439,-1.4125,61.0897,89.2162
1741602337.761,4.260,2.704,1.1261,-0.8942,-2.4534,-2.8556,62.4783,90.2617
1741602337.841,4.274,2.729,1.1424,-0.8949,-2.4637,-2.1601,64.1842,89.5871
1741602337.920,4.264,2.729,1.1536,-0.8961,-2.4694,-2.1695,64.4686,90.5799
1741602338.000,4.264,2.757,1.1601,-0.8967,-2.4729,-1.9070,65.0766,91.4988
1741602338.079,4.267,2.777,1.1660,-0.8976,-2.4752,-1.9497,64.9419,91.7189
1741602338.159,4.267,2.787,1.1705,-0.8974,-2.4772,-2.0151,65.1224,91.8243
1741602338.239,4.266,2.797,1.1760,-0.8975,-2.4798,-1.9519,65.1267,91.7515
1741602338.319,4.267,2.797,1.1837,-0.8977,-2.4835,-1.8157,65.1788,91.6549
1741602338.398,4.267,2.797,1.1931,-0.8972,-2.4878,-1.7058,65.2640,91.6084
1741602338.478,4.273,2.805,1.2037,-0.8977,-2.4930,-1.6115,65.3350,91.5715
1741602338.557,4.273,2.821,1.2122,-0.8971,-2.4996,-0.1138,65.6032,90.5367
1741602338.639,4.274,2.835,1.2178,-0.8962,-2.5052,1.9493,65.7505,88.5872
1741602338.717,4.269,2.835,1.2234,-0.8956,-2.5093,3.0881,65.6930,87.5771
1741602338.796,4.278,2.847,1.2312,-0.8957,-2.5134,3.4382,65.7611,87.3509
1741602338.876,4.283,2.862,1.2418,-0.8947,-2.5184,3.7590,65.9846,86.9766
1741602338.955,4.283,2.866,1.2532,-0.8952,-2.5230,3.4128,66.0759,87.4150
1741602339.035,4.289,2.882,1.2644,-0.8951,-2.5277,3.1909,66.3169,87.6983
1741602339.115,4.288,2.882,1.2742,-0.8947,-2.5320,3.2360,66.4849,87.6773
1741602339.195,4.287,2.901,1.2820,-0.8951,-2.5358,3.3239,66.5304,87.7004
1741602339.274,4.287,2.918,1.2892,-0.8954,-2.5395,3.5041,66.5951,87.6283
1741602339.354,4.296,2.923,1.2969,-0.8954,-2.5432,3.6241,66.6211,87.5382
1741602339.433,4.292,2.933,1.3047,-0.8947,-2.5469,3.8135,66.6741,87.3878
1741602339.513,4.295,2.933,1.3133,-0.8951,-2.5516,4.2880,66.6986,86.8316
1741602339.593,4.298,2.945,1.3227,-0.8955,-2.5564,4.4647,66.7999,86.6240
1741602339.672,4.298,2.959,1.3329,-0.8957,-2.5612,4.6073,66.9050,86.4276
1741602339.752,4.297,2.972,1.3436,-0.8951,-2.5648,4.2590,65.9991,86.8051
1741602339.832,4.305,2.988,1.3508,-0.8941,-2.5634,1.5345,65.3052,89.9123
1741602339.911,4.301,2.988,1.3552,-0.8932,-2.5624,0.9257,64.4559,90.2509
1741602339.991,4.276,2.995,1.3576,-0.8928,-2.5629,0.5935,64.1100,90.4646
1741602340.071,4.276,2.994,1.3607,-0.8929,-2.5648,0.7303,64.1285,90.6882
1741602340.152,4.278,2.999,1.3664,-0.8922,-2.5702,2.4910,63.9655,89.8441
1741602340.230,4.278,3.004,1.3793,-0.8919,-2.5763,2.4049,63.6963,89.8768
1741602340.310,4.276,3.004,1.3988,-0.8926,-2.5851,1.5733,63.5653,89.5813
1741602340.389,4.275,3.017,1.4250,-0.8946,-2.5970,0.9242,63.8264,87.8001
1741602340.469,4.275,3.034,1.4444,-0.8959,-2.6050,-0.3033,63.5959,88.5714
1741602340.548,4.277,3.071,1.4548,-0.8952,-2.6083,-1.4410,63.1576,89.3129
1741602340.628,4.284,3.097,1.4591,-0.8953,-2.6106,-1.2618,63.2746,89.1893
1741602340.708,4.284,3.097,1.4609,-0.8953,-2.6114,-1.2256,63.2904,89.1666
1741602340.787,4.283,3.111,1.4622,-0.8953,-2.6128,-0.9406,63.3506,88.9429
1741602340.867,4.283,3.114,1.4654,-0.8953,-2.6145,-0.8537,63.3789,88.9965
1741602340.947,4.279,3.116,1.4719,-0.8953,-2.6177,-0.7866,63.3333,88.9482
1741602341.026,4.279,3.117,1.4814,-0.8954,-2.6225,-0.7732,63.1786,89.0230
1741602341.106,4.278,3.117,1.4945,-0.8947,-2.6260,-2.7284,62.3627,91.0519
1741602341.186,4.282,3.133,1.5093,-0.8949,-2.6350,-1.8151,62.9970,89.6317
1741602341.265,4.282,3.149,1.5252,-0.8956,-2.6433,-2.2003,63.3429,90.1314
1741602341.345,4.291,3.170,1.5376,-0.8977,-2.6513,-1.6728,64.1623,91.4258
1741602341.424,4.281,3.185,1.5519,-0.8969,-2.6568,-2.0310,64.4157,92.0626
1741602341.504,4.284,3.185,1.5649,-0.8962,-2.6606,-3.7399,63.9376,93.9917
1741602341.584,4.284,3.205,1.5713,-0.8959,-2.6617,-5.4671,64.0921,95.6136
1741602341.663,4.284,3.226,1.5767,-0.8952,-2.6634,-5.7610,63.9560,96.2338
1741602341.743,4.299,3.229,1.5833,-0.8945,-2.6679,-4.8921,63.9265,96.3043
1741602341.823,4.303,3.235,1.5942,-0.8942,-2.6765,-2.7939,63.7676,95.1879
1741602341.902,4.296,3.235,1.6167,-0.8945,-2.6829,-5.8706,63.8218,97.0108
1741602341.982,4.294,3.247,1.6359,-0.8961,-2.6995,-1.1399,64.0769,91.6444
1741602342.062,4.294,3.271,1.6566,-0.8984,-2.7087,-2.3315,64.0226,92.4413
1741602342.141,4.300,3.304,1.6716,-0.8964,-2.7164,-2.1895,63.8594,92.4594
1741602342.223,4.292,3.334,1.6845,-0.8961,-2.7223,-2.1502,63.4568,92.1989
1741602342.301,4.294,3.334,1.6929,-0.8949,-2.7246,-3.2140,63.5003,92.5284
1741602342.380,4.294,3.356,1.6969,-0.8952,-2.7267,-3.3078,63.4190,92.3471
1741602342.460,4.294,3.364,1.7007,-0.8948,-2.7284,-3.5662,63.4490,92.3749
1741602342.540,4.298,3.368,1.7092,-0.8943,-2.7327,-3.2656,63.4658,91.5310
1741602342.619,4.294,3.377,1.7241,-0.8938,-2.7408,-3.3729,63.8283,91.4544
1741602342.699,4.297,3.377,1.7433,-0.8943,-2.7518,-3.0408,64.1022,91.1271
1741602342.778,4.298,3.397,1.7581,-0.8956,-2.7606,-2.1001,64.6850,91.7430
1741602342.858,4.298,3.421,1.7736,-0.8947,-2.7684,-2.2527,64.3943,92.5090
1741602342.938,4.296,3.442,1.7873,-0.8956,-2.7745,-2.4276,64.0857,92.4950
1741602343.017,4.295,3.466,1.7980,-0.8958,-2.7792,-2.7457,63.8163,92.8042
1741602343.097,4.298,3.466,1.8085,-0.8959,-2.7841,-2.8243,63.5853,92.9552
1741602343.177,4.296,3.479,1.8208,-0.8955,-2.7901,-2.7385,63.3254,92.9316
1741602343.256,4.296,3.492,1.8343,-0.8952,-2.7973,-2.5508,63.1288,92.7748
1741602343.336,4.296,3.509,1.8487,-0.8959,-2.8052,-2.3094,63.1010,92.5764
1741602343.416,4.296,3.509,1.8636,-0.8950,-2.8125,-2.2816,62.9428,92.5311
1741602343.495,4.294,3.532,1.8777,-0.8955,-2.8201,-2.1232,62.8331,92.3411
1741602343.575,4.294,3.549,1.8909,-0.8950,-2.8265,-2.2917,62.7223,92.5264
1741602343.655,4.294,3.570,1.9041,-0.8949,-2.8329,-2.4573,62.5503,92.6938
1741602343.734,4.294,3.589,1.9172,-0.8953,-2.8399,-2.4147,62.4183,92.7271
1741602343.814,4.298,3.589,1.9296,-0.8941,-2.8468,-2.2277,62.2591,92.6170
1741602343.894,4.295,3.605,1.9429,-0.8948,-2.8537,-2.2531,62.2073,92.6035
1741602343.973,4.295,3.626,1.9551,-0.8944,-2.8588,-3.1544,61.6515,93.7079
1741602344.053,4.295,3.645,1.9603,-0.8930,-2.8595,-4.0178,61.5497,95.2033
1741602344.132,4.298,3.659,1.9612,-0.8925,-2.8614,-3.2001,61.6219,95.1689
1741602344.212,4.308,3.659,1.9667,-0.8921,-2.8640,-3.4382,61.7156,95.6850
1741602344.292,4.299,3.665,1.9790,-0.8917,-2.8702,-3.4244,61.6383,95.7807
1741602344.371,4.300,3.669,1.9981,-0.8921,-2.8793,-3.9174,61.3232,96.0168
1741602344.451,4.300,3.684,2.0237,-0.8927,-2.8916,-4.7202,61.3210,95.6494
1741602344.531,4.301,3.712,2.0439,-0.8940,-2.9071,-1.7998,61.4572,92.4828
1741602344.610,4.309,3.712,2.0615,-0.8948,-2.9187,-1.8073,61.5072,92.4147
1741602344.690,4.298,3.747,2.0746,-0.8938,-2.9254,-2.0550,61.5673,92.5749
1741602344.770,4.298,3.777,2.0831,-0.8923,-2.9291,-2.4043,61.3064,91.8472
1741602344.849,4.299,3.798,2.0863,-0.8922,-2.9309,-2.4833,61.2625,91.6396
1741602344.929,4.295,3.810,2.0890,-0.8920,-2.9323,-2.4329,61.1444,91.3258
1741602345.009,4.295,3.810,2.0951,-0.8913,-2.9358,-2.5650,61.1876,91.1008
1741602345.088,4.301,3.815,2.1077,-0.8911,-2.9427,-2.7478,61.3397,91.2137
1741602345.168,4.301,3.821,2.1269,-0.8904,-2.9542,-2.2620,61.7104,90.6384
1741602345.247,4.301,3.841,2.1464,-0.8914,-2.9647,-2.7798,62.0446,91.9923
1741602345.327,4.303,3.866,2.1612,-0.8923,-2.9745,-2.1746,62.2812,92.7369
1741602345.407,4.295,3.866,2.1769,-0.8924,-2.9829,-1.6998,61.8992,92.2394
1741602345.486,4.291,3.882,2.1880,-0.8930,-2.9891,-1.5756,61.7180,92.1776
1741602345.566,4.291,3.908,2.1969,-0.8922,-2.9938,-1.6089,61.5094,92.2157
1741602345.646,4.296,3.924,2.2046,-0.8922,-2.9978,-1.5317,61.4099,92.1850
1741602345.725,4.292,3.937,2.2118,-0.8923,-3.0018,-1.5224,61.4028,92.1694
1741602345.805,4.296,3.937,2.2194,-0.8921,-3.0062,-1.4968,61.3057,92.1633
1741602345.885,4.294,3.950,2.2285,-0.8924,-3.0111,-1.5311,61.2741,92.1706
1741602345.964,4.294,3.960,2.2383,-0.8919,-3.0159,-1.6254,61.2072,92.2097
1741602346.044,4.295,3.975,2.2481,-0.8912,-3.0214,-1.6028,61.0487,92.1229
1741602346.124,4.294,3.988,2.2577,-0.8919,-3.0268,-1.5850,60.9572,92.1234
1741602346.203,4.298,3.988,2.2671,-0.8920,-3.0321,-1.4664,60.7681,92.0078
1741602346.283,4.298,4.002,2.2751,-0.8916,-3.0368,-1.3802,60.6704,91.9751
1741602346.362,4.298,4.016,2.2794,-0.8916,-3.0390,-1.3772,60.6157,91.9621
1741602346.442,4.292,4.029,2.2794,-0.8916,-3.0391,-1.3831,60.6166,91.9756
1741602346.522,4.299,4.029,2.2794,-0.8916,-3.0391,-1.3476,60.6073,91.9476
1741602346.601,4.294,4.029,2.2793,-0.8916,-3.0391,-1.3442,60.6128,91.9457
1741602346.683,4.293,4.034,2.2794,-0.8915,-3.0391,-1.3287,60.6156,91.9291
1741602346.762,4.293,4.033,2.2794,-0.8914,-3.0391,-1.3169,60.6113,91.9177
1741602346.840,4.293,4.032,2.2793,-0.8914,-3.0391,-1.3215,60.6145,91.9265
1741602346.920,4.295,4.033,2.2794,-0.8916,-3.0390,-1.3116,60.6169,91.9174
1741602347.000,4.295,4.033,2.2794,-0.8916,-3.0392,-1.2998,60.6130,91.9136
1741602347.079,4.295,4.032,2.2794,-0.8916,-3.0392,-1.2970,60.6118,91.9190
1741602347.159,4.295,4.033,2.2794,-0.8914,-3.0391,-1.2946,60.6055,91.9226
1741602347.239,4.295,4.032,2.2794,-0.8915,-3.0392,-1.2940,60.6076,91.9229
1741602347.318,4.297,4.033,2.2794,-0.8916,-3.0392,-1.2945,60.6108,91.9167
1741602347.398,4.297,4.033,2.2795,-0.8917,-3.0392,-1.2954,60.6162,91.9143
1741602347.477,4.294,4.032,2.2794,-0.8915,-3.0391,-1.2841,60.6160,91.9113
1741602347.557,4.294,4.033,2.2795,-0.8915,-3.0392,-1.2811,60.6079,91.9100
1741602347.637,4.296,4.032,2.2795,-0.8915,-3.0391,-1.2848,60.6072,91.9154
1741602347.716,4.298,4.032,2.2794,-0.8916,-3.0391,-1.2808,60.6102,91.9096
1741602347.796,4.297,4.032,2.2794,-0.8916,-3.0392,-1.2669,60.6102,91.8931
1741602347.876,4.295,4.032,2.2795,-0.8915,-3.0392,-1.2710,60.6105,91.8977
1741602347.955,4.295,4.032,2.2795,-0.8915,-3.0392,-1.2800,60.6137,91.9091
1741602348.035,4.296,4.032,2.2795,-0.8915,-3.0391,-1.2879,60.6061,91.9202
1741602348.115,4.297,4.034,2.2794,-0.8916,-3.0392,-1.2846,60.6127,91.9209
1741602348.194,4.295,4.034,2.2794,-0.8917,-3.0392,-1.2835,60.6123,91.9165
1741602348.274,4.297,4.032,2.2795,-0.8916,-3.0392,-1.2883,60.6012,91.9274
1741602348.354,4.297,4.032,2.2794,-0.8915,-3.0392,-1.2887,60.6059,91.9258
1741602348.433,4.297,4.033,2.2795,-0.8915,-3.0392,-1.2856,60.6126,91.9245
1741602348.513,4.298,4.033,2.2796,-0.8915,-3.0391,-1.2776,60.6209,91.9096
1741602348.593,4.298,4.033,2.2795,-0.8916,-3.0393,-1.2583,60.6189,91.8929
1741602348.672,4.297,4.033,2.2795,-0.8916,-3.0393,-1.2735,60.6191,91.9066
1741602348.752,4.297,4.032,2.2796,-0.8916,-3.0392,-1.2848,60.6148,91.9222
1741602348.831,4.296,4.033,2.2796,-0.8915,-3.0393,-1.2800,60.6099,91.9165
1741602348.911,4.294,4.033,2.2795,-0.8916,-3.0391,-1.2938,60.6041,91.9308
1741602348.991,4.298,4.033,2.2795,-0.8915,-3.0393,-1.2739,60.6052,91.9163
1741602349.070,4.296,4.032,2.2796,-0.8916,-3.0394,-1.2797,60.6029,91.9227
1741602349.150,4.296,4.033,2.2795,-0.8916,-3.0392,-1.2871,60.6050,91.9295
1741602349.230,4.298,4.033,2.2795,-0.8915,-3.0392,-1.2823,60.5990,91.9304
1741602349.309,4.298,4.033,2.2796,-0.8916,-3.0393,-1.2747,60.6059,91.9186
1741602349.389,4.298,4.032,2.2796,-0.8915,-3.0392,-1.2863,60.6106,91.9210
1741602349.588,4.294,4.033,2.2795,-0.8916,-3.0392,-1.2970,60.6053,91.9385
1741602349.668,4.295,4.033,2.2796,-0.8916,-3.0392,-1.2882,60.6087,91.9302
1741602349.747,4.295,4.033,2.2796,-0.8915,-3.0393,-1.2888,60.6092,91.9309
1741602349.827,4.296,4.033,2.2796,-0.8916,-3.0394,-1.2860,60.6104,91.9321
1741602349.907,4.295,4.033,2.2796,-0.8916,-3.0393,-1.3029,60.6129,91.9453
1741602349.986,4.299,4.033,2.2796,-0.8917,-3.0393,-1.2914,60.6133,91.9312
1741602350.066,4.296,4.033,2.2796,-0.8916,-3.0392,-1.2979,60.6036,91.9422
1741602350.146,4.296,4.032,2.2796,-0.8916,-3.0394,-1.2780,60.6102,91.9172
1741602350.225,4.295,4.033,2.2796,-0.8915,-3.0392,-1.2785,60.6082,91.9223
1741602350.305,4.295,4.033,2.2796,-0.8916,-3.0394,-1.2825,60.6167,91.9236
1741602350.385,4.296,4.032,2.2795,-0.8917,-3.0393,-1.2885,60.6140,91.9321
1741602350.464,4.296,4.033,2.2796,-0.8917,-3.0394,-1.2882,60.6174,91.9335
1741602350.544,4.297,4.034,2.2795,-0.8916,-3.0393,-1.2955,60.6149,91.9456
1741602350.623,4.298,4.032,2.2797,-0.8915,-3.0393,-1.3072,60.6115,91.9510
1741602350.703,4.294,4.032,2.2795,-0.8917,-3.0393,-1.2972,60.6136,91.9440
1741602350.783,4.299,4.033,2.2797,-0.8918,-3.0393,-1.2998,60.6132,91.9382
1741602350.862,4.299,4.032,2.2796,-0.8916,-3.0394,-1.2887,60.6172,91.9263
1741602350.942,4.295,4.032,2.2796,-0.8916,-3.0394,-1.2857,60.6134,91.9279
1741602351.022,4.299,4.034,2.2796,-0.8915,-3.0393,-1.2810,60.6144,91.9288
1741602351.101,4.293,4.034,2.2795,-0.8916,-3.0393,-1.2863,60.6186,91.9352
1741602351.181,4.295,4.032,2.2797,-0.8916,-3.0393,-1.2866,60.6207,91.9286
1741602351.260,4.295,4.032,2.2797,-0.8916,-3.0393,-1.2780,60.6244,91.9235
1741602351.340,4.294,4.034,2.2796,-0.8916,-3.0393,-1.2678,60.6254,91.9131
1741602351.420,4.294,4.033,2.2797,-0.8916,-3.0394,-1.2811,60.6231,91.9143
1741602351.500,4.295,4.033,2.2796,-0.8917,-3.0394,-1.2805,60.6236,91.9159
1741602351.698,4.298,4.032,2.2797,-0.8916,-3.0394,-1.2799,60.6213,91.9187
1741602351.778,4.295,4.033,2.2797,-0.8916,-3.0393,-1.2826,60.6246,91.9228
1741602351.858,4.295,4.032,2.2796,-0.8917,-3.0394,-1.2831,60.6207,91.9207
1741602351.938,4.295,4.033,2.2797,-0.8917,-3.0393,-1.2713,60.6233,91.9122
1741602352.017,4.297,4.032,2.2797,-0.8916,-3.0394,-1.2780,60.6209,91.9204
1741602352.216,4.295,4.033,2.2796,-0.8916,-3.0393,-1.2665,60.6170,91.9158
1741602352.296,4.297,4.033,2.2797,-0.8916,-3.0393,-1.2625,60.6144,91.9106
1741602352.375,4.297,4.031,2.2797,-0.8917,-3.0395,-1.2477,60.6129,91.8999
1741602352.455,4.297,4.032,2.2797,-0.8916,-3.0394,-1.2502,60.6173,91.9099
1741602352.535,4.295,4.033,2.2797,-0.8915,-3.0394,-1.2444,60.6157,91.9012
1741602352.615,4.298,4.032,2.2797,-0.8916,-3.0394,-1.2497,60.6189,91.9017
1741602352.694,4.294,4.032,2.2797,-0.8916,-3.0392,-1.2585,60.6174,91.9158
1741602352.774,4.297,4.032,2.2797,-0.8916,-3.0393,-1.2560,60.6226,91.9048
1741602352.853,4.297,4.033,2.2797,-0.8916,-3.0393,-1.2545,60.6293,91.8995
1741602352.933,4.294,4.033,2.2796,-0.8915,-3.0393,-1.2556,60.6317,91.9014
1741602353.013,4.294,4.032,2.2796,-0.8915,-3.0394,-1.2591,60.6315,91.9035
1741602353.092,4.294,4.032,2.2796,-0.8916,-3.0394,-1.2703,60.6278,91.9097
1741602353.172,4.294,4.032,2.2798,-0.8916,-3.0394,-1.2605,60.6305,91.9001
1741602353.252,4.294,4.034,2.2796,-0.8916,-3.0394,-1.2597,60.6256,91.8988
1741602353.331,4.298,4.034,2.2797,-0.8915,-3.0393,-1.2659,60.6267,91.8972
1741602353.411,4.298,4.033,2.2797,-0.8916,-3.0394,-1.2589,60.6259,91.8891
1741602353.491,4.297,4.033,2.2796,-0.8917,-3.0394,-1.2479,60.6220,91.8884
1741602353.570,4.296,4.033,2.2796,-0.8916,-3.0394,-1.2582,60.6238,91.8967
1741602353.650,4.296,4.033,2.2798,-0.8916,-3.0393,-1.2695,60.6341,91.9069
1741602353.730,4.298,4.032,2.2796,-0.8915,-3.0395,-1.2459,60.6350,91.8949
1741602353.809,4.298,4.031,2.2796,-0.8916,-3.0394,-1.2633,60.6275,91.9109
1741602353.889,4.298,4.031,2.2797,-0.8917,-3.0393,-1.2763,60.6245,91.9156
1741602353.969,4.295,4.032,2.2797,-0.8916,-3.0394,-1.2648,60.6234,91.9101
1741602354.048,4.295,4.033,2.2797,-0.8915,-3.0395,-1.2636,60.6273,91.9092
1741602354.128,4.299,4.032,2.2797,-0.8916,-3.0394,-1.2824,60.6291,91.9241
1741602354.208,4.294,4.032,2.2796,-0.8916,-3.0393,-1.2809,60.6314,91.9343
1741602354.287,4.294,4.032,2.2796,-0.8917,-3.0393,-1.2804,60.6330,91.9266
1741602354.367,4.295,4.032,2.2796,-0.8917,-3.0394,-1.2666,60.6269,91.9088
1741602354.446,4.295,4.033,2.2797,-0.8915,-3.0394,-1.2704,60.6302,91.9151
1741602354.526,4.294,4.032,2.2796,-0.8916,-3.0393,-1.2726,60.6364,91.9257
1741602354.606,4.296,4.032,2.2796,-0.8916,-3.0393,-1.2774,60.6366,91.9262
1741602354.685,4.294,4.033,2.2797,-0.8917,-3.0394,-1.2741,60.6297,91.9256
1741602354.765,4.297,4.033,2.2796,-0.8917,-3.0394,-1.2790,60.6215,91.9296
1741602354.845,4.297,4.032,2.2797,-0.8916,-3.0395,-1.2759,60.6228,91.9220
1741602354.924,4.294,4.034,2.2797,-0.8915,-3.0393,-1.2889,60.6247,91.9409
1741602355.004,4.297,4.034,2.2797,-0.8916,-3.0393,-1.2843,60.6226,91.9367
1741602373.919,5.218,3.842,2.5506,-0.9034,-2.1217,-0.8812,63.1699,91.6191
1741602373.999,5.216,3.841,2.5506,-0.9034,-2.1216,-0.8806,63.1712,91.6147
1741602374.079,5.217,3.841,2.5506,-0.9035,-2.1217,-0.8629,63.1722,91.5965
1741602374.158,5.216,3.840,2.5507,-0.9034,-2.1215,-0.8677,63.1758,91.5974
1741602374.238,5.216,3.842,2.5506,-0.9035,-2.1216,-0.8666,63.1787,91.6070
1741602374.318,5.218,3.840,2.5507,-0.9035,-2.1217,-0.8661,63.1800,91.6060
1741602374.397,5.217,3.840,2.5507,-0.9034,-2.1216,-0.8688,63.1787,91.6116
1741602374.477,5.217,3.840,2.5506,-0.9034,-2.1216,-0.8595,63.1780,91.5972
1741602374.556,5.217,3.839,2.5505,-0.9035,-2.1216,-0.8476,63.1756,91.5895
1741602374.636,5.217,3.842,2.5506,-0.9035,-2.1216,-0.8494,63.1752,91.5816
1741602374.716,5.217,3.840,2.5507,-0.9034,-2.1215,-0.8613,63.1762,91.5862
1741602374.795,5.216,3.840,2.5505,-0.9034,-2.1216,-0.8590,63.1736,91.5841
1741602374.875,5.217,3.840,2.5507,-0.9034,-2.1215,-0.8563,63.1759,91.5835
1741602374.955,5.217,3.840,2.5506,-0.9034,-2.1215,-0.8555,63.1776,91.5865
1741602375.035,5.217,3.842,2.5506,-0.9034,-2.1216,-0.8459,63.1720,91.5736
1741602375.114,5.216,3.842,2.5505,-0.9035,-2.1216,-0.8540,63.1714,91.5858
1741602375.194,5.218,3.840,2.5505,-0.9034,-2.1216,-0.8635,63.1800,91.5880
1741602375.273,5.216,3.840,2.5506,-0.9034,-2.1216,-0.8651,63.1772,91.5846
1741602375.353,5.217,3.841,2.5506,-0.9034,-2.1215,-0.8737,63.1729,91.5965
1741602375.433,5.217,3.842,2.5506,-0.9035,-2.1216,-0.8587,63.1779,91.5901
1741602375.513,5.218,3.843,2.5505,-0.9035,-2.1215,-0.8701,63.1765,91.6019
1741602375.592,5.218,3.841,2.5504,-0.9034,-2.1215,-0.8459,63.1803,91.5813
1741602375.672,5.218,3.841,2.5505,-0.9034,-2.1216,-0.8415,63.1837,91.5698
1741602375.751,5.217,3.840,2.5505,-0.9034,-2.1216,-0.8570,63.1795,91.5802
1741602375.831,5.217,3.840,2.5504,-0.9034,-2.1214,-0.8692,63.1838,91.6019
1741602375.911,5.218,3.841,2.5504,-0.9034,-2.1214,-0.8658,63.1824,91.5968
1741602375.990,5.219,3.842,2.5506,-0.9034,-2.1216,-0.8593,63.1807,91.5802
1741602376.070,5.217,3.842,2.5506,-0.9034,-2.1217,-0.8575,63.1762,91.5817
1741602376.150,5.218,3.842,2.5507,-0.9034,-2.1217,-0.8580,63.1716,91.5863
1741602376.229,5.218,3.842,2.5506,-0.9033,-2.1216,-0.8679,63.1748,91.6001
1741602376.309,5.218,3.842,2.5506,-0.9034,-2.1215,-0.8547,63.1773,91.5919
1741602376.389,5.218,3.842,2.5506,-0.9034,-2.1215,-0.8620,63.1780,91.5988
1741602376.587,5.216,3.839,2.5505,-0.9033,-2.1216,-0.8519,63.1770,91.5933
1741602376.667,5.216,3.840,2.5505,-0.9034,-2.1216,-0.8433,63.1750,91.5857
1741602376.747,5.217,3.841,2.5506,-0.9034,-2.1216,-0.8567,63.1694,91.5976
1741602376.827,5.217,3.840,2.5504,-0.9035,-2.1215,-0.8352,63.1713,91.5779
1741602376.906,5.217,3.841,2.5505,-0.9034,-2.1216,-0.8455,63.1754,91.5765
1741602376.986,5.218,3.841,2.5505,-0.9034,-2.1215,-0.8499,63.1786,91.5768
1741602377.065,5.217,3.841,2.5505,-0.9033,-2.1214,-0.8731,63.1770,91.6003
1741602377.145,5.217,3.841,2.5504,-0.9034,-2.1215,-0.8520,63.1758,91.5875
1741602377.225,5.217,3.842,2.5505,-0.9034,-2.1215,-0.8567,63.1730,91.5879
1741602377.304,5.218,3.840,2.5505,-0.9034,-2.1214,-0.8728,63.1701,91.6039
1741602377.384,5.217,3.840,2.5504,-0.9033,-2.1215,-0.8635,63.1743,91.5975
1741602377.464,5.216,3.841,2.5507,-0.9033,-2.1217,-0.8655,63.1715,91.6009
1741602377.543,5.218,3.840,2.5511,-0.9039,-2.1220,-0.8617,63.1672,91.5918
1741602377.623,5.218,3.841,2.5515,-0.9034,-2.1223,-0.8751,63.1717,91.6075
1741602377.703,5.218,3.841,2.5505,-0.9017,-2.1214,-0.9193,63.1664,91.6871
1741602377.782,5.217,3.841,2.5505,-0.9019,-2.1213,-0.9630,63.1572,91.7494
1741602377.862,5.218,3.841,2.5501,-0.9048,-2.1212,-0.9613,63.1518,91.7429
1741602377.942,5.218,3.840,2.5509,-0.9060,-2.1219,-0.9120,63.1550,91.6444
1741602378.021,5.218,3.843,2.5505,-0.9032,-2.1216,-0.9007,63.1534,91.6374
1741602378.101,5.217,3.841,2.5502,-0.9017,-2.1212,-0.9360,63.1578,91.6717
1741602378.180,5.217,3.841,2.5504,-0.9030,-2.1213,-0.9256,63.1614,91.6704
1741602378.260,5.217,3.839,2.5509,-0.9043,-2.1219,-0.9068,63.1664,91.6357
1741602378.340,5.217,3.838,2.5508,-0.9040,-2.1219,-0.8792,63.1666,91.6206
1741602378.419,5.218,3.841,2.5509,-0.9030,-2.1218,-0.8826,63.1697,91.6231
1741602378.499,5.218,3.839,2.5507,-0.9026,-2.1216,-0.8688,63.1766,91.6095
1741602378.579,5.218,3.839,2.5506,-0.9025,-2.1218,-0.8904,63.1787,91.6505
1741602378.658,5.217,3.840,2.5506,-0.9035,-2.1217,-0.9049,63.1780,91.6703
1741602378.738,5.217,3.840,2.5508,-0.9044,-2.1217,-0.8910,63.1689,91.6447
1741602378.818,5.217,3.840,2.5506,-0.9040,-2.1216,-0.8730,63.1707,91.6211
1741602378.897,5.217,3.842,2.5504,-0.9029,-2.1214,-0.8799,63.1773,91.6281
1741602378.977,5.218,3.842,2.5503,-0.9030,-2.1214,-0.8631,63.1836,91.6132
1741602379.056,5.219,3.840,2.5504,-0.9039,-2.1215,-0.8574,63.1868,91.5993
1741602379.136,5.219,3.841,2.5509,-0.9043,-2.1218,-0.8300,63.1829,91.5624
1741602379.216,5.216,3.842,2.5506,-0.9034,-2.1215,-0.8462,63.1756,91.5957
1741602379.296,5.218,3.841,2.5503,-0.9027,-2.1213,-0.8708,63.1790,91.6196
1741602379.375,5.218,3.841,2.5505,-0.9028,-2.1215,-0.8566,63.1889,91.6031
1741602379.455,5.218,3.840,2.5508,-0.9033,-2.1217,-0.8492,63.1893,91.5907
1741602379.534,5.218,3.840,2.5508,-0.9036,-2.1219,-0.8627,63.1884,91.6062
1741602379.614,5.217,3.841,2.5507,-0.9037,-2.1217,-0.8821,63.1781,91.6366
1741602379.694,5.216,3.842,2.5504,-0.9033,-2.1215,-0.8745,63.1728,91.6328
1741602379.773,5.217,3.842,2.5503,-0.9032,-2.1213,-0.8826,63.1789,91.6410
1741602379.853,5.218,3.841,2.5503,-0.9036,-2.1214,-0.8705,63.1854,91.6235
1741602379.933,5.218,3.842,2.5506,-0.9039,-2.1216,-0.8791,63.1832,91.6154
1741602380.012,5.217,3.842,2.5505,-0.9035,-2.1215,-0.8984,63.1808,91.6365
1741602380.092,5.219,3.841,2.5504,-0.9029,-2.1214,-0.8913,63.1820,91.6310
1741602380.172,5.217,3.841,2.5503,-0.9029,-2.1215,-0.8619,63.1867,91.6063
1741602380.251,5.217,3.841,2.5504,-0.9037,-2.1215,-0.8588,63.1901,91.6038
1741602380.331,5.217,3.840,2.5507,-0.9039,-2.1216,-0.8720,63.1857,91.6232
1741602380.411,5.217,3.839,2.5506,-0.9033,-2.1217,-0.8830,63.1808,91.6362
1741602380.490,5.218,3.841,2.5505,-0.9029,-2.1215,-0.8769,63.1804,91.6354
1741602380.570,5.218,3.841,2.5504,-0.9029,-2.1215,-0.8657,63.1829,91.6256
1741602380.651,5.218,3.842,2.5503,-0.9035,-2.1214,-0.8689,63.1862,91.6296
1741602380.729,5.218,3.842,2.5505,-0.9041,-2.1216,-0.8750,63.1861,91.6244
1741602380.809,5.216,3.842,2.5505,-0.9038,-2.1216,-0.8921,63.1802,91.6398
1741602380.888,5.216,3.840,2.5503,-0.9030,-2.1213,-0.8932,63.1776,91.6502
1741602380.968,5.218,3.840,2.5504,-0.9027,-2.1213,-0.8951,63.1731,91.6506
1741602381.048,5.218,3.839,2.5502,-0.9034,-2.1213,-0.8761,63.1788,91.6337
1741602381.127,5.218,3.840,2.5501,-0.9040,-2.1212,-0.8492,63.1766,91.6059
1741602381.207,5.218,3.841,2.5474,-0.9037,-2.1200,-0.8003,63.0811,91.5605
1741602381.287,5.218,3.840,2.5399,-0.9033,-2.1161,-0.7332,62.9124,91.4515
1741602381.366,5.217,3.840,2.5270,-0.9035,-2.1090,-0.6675,62.7322,91.3795
1741602381.446,5.219,3.831,2.5114,-0.9038,-2.1008,-0.5535,62.5257,91.2825
1741602381.525,5.219,3.815,2.4954,-0.9046,-2.0922,-0.5295,62.1874,91.2883
1741602381.605,5.218,3.794,2.4811,-0.9044,-2.0845,-0.3451,61.8871,91.1408
1741602381.685,5.219,3.768,2.4697,-0.9035,-2.0778,-0.4370,61.6765,91.2181
1741602381.764,5.218,3.768,2.4597,-0.9035,-2.0726,-0.3147,61.6143,91.1575
1741602381.844,5.219,3.750,2.4511,-0.9040,-2.0675,-0.4978,61.5610,91.2528
1741602381.924,5.219,3.739,2.4423,-0.9046,-2.0624,-0.5159,61.4685,91.2185
1741602382.003,5.219,3.723,2.4330,-0.9050,-2.0572,-0.6255,61.4584,91.3004
1741602382.083,5.221,3.723,2.4223,-0.9045,-2.0514,-0.5291,61.4608,91.2059
1741602382.163,5.220,3.710,2.4112,-0.9045,-2.0454,-0.3965,61.4334,91.0554
1741602382.242,5.222,3.694,2.3996,-0.9050,-2.0392,-0.3644,61.2485,91.0890
1741602382.322,5.222,3.681,2.3885,-0.9056,-2.0333,-0.1489,60.8506,90.9350
1741602382.402,5.221,3.663,2.3775,-0.9054,-2.0270,-0.0634,60.6644,90.9227
1741602382.481,5.223,3.663,2.3664,-0.9054,-2.0204,-0.1319,60.4505,90.9251
1741602382.561,5.227,3.647,2.3548,-0.9050,-2.0135,-0.0228,60.1403,90.8591
1741602382.640,5.230,3.633,2.3435,-0.9053,-2.0068,0.0166,60.0050,90.8089
1741602382.720,5.230,3.614,2.3319,-0.9058,-2.0002,0.1914,59.8434,90.6634
1741602382.800,5.232,3.598,2.3210,-0.9064,-1.9932,-0.0112,59.6337,90.7970
1741602382.880,5.232,3.598,2.3093,-0.9064,-1.9865,0.2172,59.4836,90.7345
1741602382.959,5.235,3.584,2.2984,-0.9061,-1.9798,0.2347,59.2701,90.6876
1741602383.039,5.235,3.568,2.2876,-0.9061,-1.9733,0.1870,59.1730,90.7522
1741602383.118,5.235,3.552,2.2766,-0.9064,-1.9665,0.2121,58.9712,90.7562
1741602383.198,5.237,3.538,2.2658,-0.9067,-1.9597,0.0016,58.9038,90.9205
1741602383.278,5.239,3.538,2.2548,-0.9068,-1.9529,0.0936,58.7743,90.7365
1741602383.359,5.241,3.518,2.2438,-0.9068,-1.9458,-0.0543,58.8027,90.8216
1741602383.437,5.244,3.508,2.2328,-0.9066,-1.9397,0.1827,58.7854,90.5003
1741602383.516,5.244,3.491,2.2221,-0.9071,-1.9329,0.1170,58.6862,90.5052
1741602383.596,5.244,3.473,2.2108,-0.9073,-1.9260,0.3950,58.3079,90.2383
1741602383.676,5.245,3.473,2.1997,-0.9072,-1.9189,0.3150,58.0790,90.3593
1741602383.755,5.251,3.457,2.1884,-0.9074,-1.9118,0.5195,57.7290,90.0621
1741602383.835,5.251,3.457,2.1774,-0.9075,-1.9042,0.2951,57.5046,90.3184
1741602383.915,5.254,3.424,2.1666,-0.9076,-1.8973,0.4794,57.1909,90.0498
1741602383.994,5.257,3.409,2.1557,-0.9079,-1.8899,0.3449,57.0735,90.1209
1741602384.074,5.262,3.409,2.1450,-0.9079,-1.8834,0.6114,56.8308,89.8495
1741602384.154,5.269,3.397,2.1338,-0.9078,-1.8766,0.5379,57.4739,89.9489
1741602384.233,5.269,3.384,2.1220,-0.9073,-1.8701,0.6569,58.0215,89.9126
1741602384.313,5.269,3.361,2.1111,-0.9074,-1.8640,0.5878,58.7526,89.9126
1741602384.393,5.259,3.346,2.0993,-0.9081,-1.8578,0.5342,59.4106,90.0573
1741602384.472,5.256,3.346,2.0876,-0.9077,-1.8515,0.2933,60.1879,90.2844
1741602384.552,5.251,3.326,2.0759,-0.9080,-1.8455,0.1719,60.9529,90.3491
1741602384.631,5.251,3.302,2.0641,-0.9080,-1.8396,0.1202,61.4211,90.3477
1741602384.711,5.245,3.289,2.0529,-0.9086,-1.8336,0.0671,61.5466,90.3380
1741602384.791,5.240,3.271,2.0412,-0.9088,-1.8274,0.2563,61.4876,90.2092
1741602384.870,5.241,3.271,2.0292,-0.9086,-1.8209,0.3041,61.3442,90.2535
1741602384.950,5.240,3.257,2.0176,-0.9086,-1.8146,0.4241,61.1441,90.1004
1741602385.030,5.240,3.238,2.0059,-0.9085,-1.8079,0.1259,61.1438,90.3533
1741602385.109,5.242,3.221,1.9945,-0.9087,-1.8019,0.2884,60.9431,90.1273
1741602385.189,5.242,3.204,1.9834,-0.9086,-1.7954,0.1369,60.9288,90.2785
1741602385.269,5.244,3.204,1.9723,-0.9085,-1.7895,0.2849,60.8717,90.0520
1741602385.348,5.243,3.193,1.9611,-0.9088,-1.7834,0.3228,60.8922,89.9970
1741602385.428,5.243,3.171,1.9500,-0.9087,-1.7773,0.4550,60.7316,89.9438
1741602385.508,5.243,3.155,1.9387,-0.9089,-1.7705,0.2267,60.6748,90.2106
1741602385.587,5.246,3.141,1.9271,-0.9091,-1.7642,0.3447,60.5846,90.0842
1741602385.667,5.246,3.141,1.9155,-0.9091,-1.7575,0.1740,60.5750,90.2711
1741602385.747,5.249,3.129,1.9041,-0.9090,-1.7508,0.0886,60.6006,90.3075
1741602385.826,5.249,3.113,1.8930,-0.9089,-1.7443,-0.0980,60.6340,90.4446
1741602385.906,5.248,3.093,1.8822,-0.9092,-1.7384,0.0836,60.6657,90.2289
1741602385.986,5.249,3.081,1.8718,-0.9093,-1.7326,0.0004,60.7939,90.2594
1741602386.065,5.250,3.081,1.8609,-0.9093,-1.7266,0.2135,60.8265,90.0884
1741602386.145,5.249,3.065,1.8498,-0.9090,-1.7207,0.2176,60.6882,90.1186
1741602386.224,5.249,3.049,1.8383,-0.9090,-1.7144,0.3959,60.5397,89.9849
1741602386.304,5.251,3.034,1.8269,-0.9091,-1.7078,0.2450,60.5232,90.0673
1741602386.384,5.249,3.011,1.8157,-0.9092,-1.7013,0.2945,60.3678,90.0134
1741602386.463,5.252,3.011,1.8045,-0.9093,-1.6948,0.2679,60.2816,89.9955
1741602386.543,5.252,2.994,1.7936,-0.9090,-1.6886,0.3624,60.1803,89.8952
1741602386.623,5.252,2.983,1.7832,-0.9091,-1.6826,0.3284,60.1923,89.8594
1741602386.702,5.252,2.968,1.7727,-0.9094,-1.6769,0.5228,60.1773,89.7096
1741602386.782,5.255,2.954,1.7623,-0.9094,-1.6709,0.5257,60.1325,89.7576
1741602386.862,5.255,2.954,1.7510,-0.9094,-1.6643,0.4914,60.0833,89.7553
1741602386.941,5.256,2.934,1.7401,-0.9092,-1.6581,0.5145,60.0737,89.7712
1741602387.021,5.256,2.925,1.7294,-0.9094,-1.6519,0.3698,60.0220,89.8812
1741602387.100,5.254,2.904,1.7188,-0.9096,-1.6453,0.2131,60.1095,90.0326
1741602387.180,5.258,2.894,1.7079,-0.9094,-1.6393,0.2836,60.1345,89.9019
1741602387.260,5.256,2.894,1.6974,-0.9092,-1.6328,0.2569,60.1742,89.9114
1741602387.339,5.255,2.875,1.6865,-0.9092,-1.6269,0.4584,60.2588,89.6859
1741602387.419,5.255,2.858,1.6754,-0.9093,-1.6209,0.6032,60.2690,89.6127
1741602387.499,5.256,2.848,1.6642,-0.9093,-1.6146,0.8210,60.1188,89.4720
1741602387.578,5.256,2.848,1.6529,-0.9092,-1.6077,0.6773,60.0017,89.5814
1741602387.658,5.258,2.832,1.6413,-0.9094,-1.6010,0.7247,59.8957,89.5774
1741602387.738,5.259,2.809,1.6299,-0.9093,-1.5942,0.7084,59.6847,89.5412
1741602387.817,5.259,2.794,1.6189,-0.9090,-1.5877,0.6543,59.5868,89.6082
1741602387.897,5.261,2.782,1.6085,-0.9090,-1.5812,0.6377,59.4974,89.5547
1741602387.976,5.261,2.782,1.5981,-0.9091,-1.5752,0.8682,59.4319,89.2917
1741602388.056,5.262,2.769,1.5874,-0.9088,-1.5692,0.9692,59.2860,89.2372
1741602388.136,5.263,2.749,1.5766,-0.9089,-1.5621,0.8222,59.2519,89.4485
1741602388.216,5.263,2.740,1.5652,-0.9085,-1.5555,1.0426,59.1070,89.2418
1741602388.295,5.266,2.718,1.5543,-0.9084,-1.5488,0.9366,59.0558,89.3547
1741602388.375,5.267,2.718,1.5430,-0.9087,-1.5419,0.7438,58.9772,89.5363
1741602388.454,5.273,2.703,1.5322,-0.9086,-1.5347,0.4841,58.9465,89.7477
1741602388.534,5.274,2.688,1.5212,-0.9085,-1.5280,0.4455,58.9126,89.7225
1741602388.614,5.274,2.678,1.5105,-0.9085,-1.5212,0.5114,58.9431,89.6249
1741602388.693,5.273,2.653,1.4999,-0.9086,-1.5153,0.5028,58.8808,89.6814
1741602388.773,5.276,2.653,1.4889,-0.9087,-1.5085,0.6745,58.7721,89.5631
1741602388.853,5.276,2.644,1.4779,-0.9087,-1.5017,0.7925,58.6046,89.5082
1741602388.932,5.279,2.627,1.4666,-0.9081,-1.4946,0.6902,58.5777,89.6418
1741602389.012,5.279,2.616,1.4554,-0.9081,-1.4873,0.6465,58.3629,89.7332
1741602389.092,5.279,2.594,1.4443,-0.9082,-1.4802,0.5582,58.2005,89.8107
1741602389.171,5.284,2.594,1.4334,-0.9082,-1.4734,0.5407,58.1461,89.8865
1741602389.251,5.286,2.578,1.4229,-0.9080,-1.4670,0.5744,58.1520,89.8096
1741602389.330,5.286,2.569,1.4121,-0.9079,-1.4602,0.8002,58.0382,89.6265
1741602389.410,5.286,2.548,1.4014,-0.9082,-1.4534,0.8018,57.9880,89.6742
1741602389.490,5.292,2.533,1.3910,-0.9080,-1.4465,0.8252,57.9080,89.6351
1741602389.570,5.292,2.533,1.3798,-0.9082,-1.4392,0.7589,57.8799,89.7786
1741602389.649,5.291,2.523,1.3689,-0.9080,-1.4322,0.7406,57.7958,89.7378
1741602389.729,5.291,2.502,1.3580,-0.9079,-1.4249,0.4856,57.8577,89.9680
1741602389.808,5.296,2.492,1.3475,-0.9079,-1.4179,0.5568,57.8265,89.8070
1741602389.890,5.296,2.475,1.3367,-0.9077,-1.4111,0.5288,57.9383,89.8052
1741602389.968,5.297,2.475,1.3265,-0.9078,-1.4055,0.5933,58.4906,89.6529
1741602390.047,5.299,2.457,1.3150,-0.9076,-1.3996,0.8590,59.1073,89.3984
1741602390.127,5.299,2.440,1.3036,-0.9074,-1.3936,0.8531,59.6315,89.3493
1741602390.207,5.292,2.427,1.2922,-0.9075,-1.3876,0.7374,60.3179,89.4045
1741602390.286,5.286,2.405,1.2808,-0.9077,-1.3819,0.6959,60.9413,89.3790
1741602390.366,5.283,2.405,1.2696,-0.9071,-1.3759,0.4889,61.5100,89.5478
1741602390.446,5.280,2.387,1.2584,-0.9068,-1.3700,0.6086,61.5115,89.3013
1741602390.525,5.280,2.374,1.2478,-0.9068,-1.3643,0.6007,61.4975,89.2777
1741602390.605,5.279,2.357,1.2370,-0.9067,-1.3582,0.7323,61.4637,89.0956
1741602390.684,5.278,2.343,1.2262,-0.9062,-1.3523,0.8761,61.3517,88.9286
1741602390.764,5.280,2.343,1.2150,-0.9062,-1.3459,0.7447,61.4641,89.1073
1741602390.844,5.279,2.326,1.2040,-0.9061,-1.3397,0.7048,61.4001,89.0958
1741602390.923,5.279,2.315,1.1928,-0.9058,-1.3335,0.8098,61.3929,89.0125
1741602391.003,5.279,2.298,1.1816,-0.9055,-1.3271,0.5617,61.4313,89.1854
1741602391.085,5.279,2.281,1.1701,-0.9055,-1.3206,0.6257,61.5665,89.1707
1741602391.162,5.282,2.281,1.1596,-0.9052,-1.3146,0.5815,61.7290,89.1222
1741602391.242,5.281,2.266,1.1486,-0.9053,-1.3091,0.8187,61.8707,88.8944
1741602391.322,5.281,2.252,1.1374,-0.9047,-1.3030,0.7434,61.9495,88.9662
1741602391.401,5.281,2.237,1.1258,-0.9045,-1.2972,1.0834,61.8913,88.7347
1741602391.481,5.280,2.221,1.1139,-0.9045,-1.2906,1.0088,61.7448,88.8281
1741602391.561,5.276,2.221,1.1019,-0.9045,-1.2839,0.8871,61.6246,89.0287
1741602391.640,5.278,2.204,1.0899,-0.9041,-1.2771,0.8336,61.5734,89.1419
1741602391.720,5.278,2.187,1.0785,-0.9041,-1.2711,0.8277,61.3450,89.1874
1741602391.799,5.280,2.169,1.0671,-0.9041,-1.2645,0.7691,61.3186,89.3274
1741602391.879,5.281,2.152,1.0559,-0.9041,-1.2588,0.8883,61.2697,89.2193
1741602391.959,5.281,2.152,1.0448,-0.9035,-1.2529,1.1083,61.0852,89.1166
1741602392.038,5.283,2.135,1.0339,-0.9037,-1.2466,0.9312,60.9904,89.3658
1741602392.118,5.283,2.122,1.0225,-0.9034,-1.2396,0.7405,61.0489,89.7171
1741602392.198,5.286,2.105,1.0109,-0.9034,-1.2332,0.7889,60.8862,89.7108
1741602392.277,5.295,2.089,0.9995,-0.9038,-1.2267,0.5897,60.8362,89.8869
1741602392.357,5.301,2.089,0.9879,-0.9036,-1.2197,0.4282,60.9005,90.0122
1741602392.437,5.309,2.072,0.9766,-0.9034,-1.2133,0.3256,60.9130,90.0869
1741602392.516,5.309,2.053,0.9662,-0.9035,-1.2075,0.3849,60.9967,89.9717
1741602392.596,5.312,2.037,0.9553,-0.9034,-1.2016,0.3879,61.1022,89.9562
1741602392.676,5.309,2.022,0.9444,-0.9036,-1.1958,0.6993,61.0694,89.6625
1741602392.755,5.311,2.022,0.9337,-0.9034,-1.1901,0.8761,61.0541,89.4316
1741602392.835,5.311,2.008,0.9222,-0.9034,-1.1842,0.7667,60.9729,89.4710
1741602392.915,5.311,1.993,0.9103,-0.9034,-1.1769,0.6556,61.0012,89.5993
1741602392.994,5.311,1.975,0.8991,-0.9035,-1.1705,0.6089,60.8887,89.5507
1741602393.074,5.312,1.975,0.8880,-0.9036,-1.1641,0.6050,60.9032,89.5587
1741602393.154,5.312,1.958,0.8771,-0.9036,-1.1583,0.6836,60.8423,89.4498
1741602393.233,5.315,1.943,0.8666,-0.9035,-1.1524,0.8261,60.9010,89.3140
1741602393.313,5.315,1.925,0.8561,-0.9035,-1.1468,1.0188,60.7998,89.1248
1741602393.392,5.313,1.914,0.8453,-0.9034,-1.1410,0.9931,60.8348,89.1985
1741602393.472,5.312,1.914,0.8344,-0.9037,-1.1345,0.8554,60.8056,89.3095
1741602393.552,5.313,1.898,0.8231,-0.9039,-1.1282,0.8975,60.6985,89.2993
1741602393.631,5.315,1.881,0.8115,-0.9035,-1.1214,0.7572,60.7649,89.4365
1741602393.711,5.315,1.863,0.8005,-0.9035,-1.1149,0.6680,60.7507,89.5068
1741602393.791,5.316,1.849,0.7897,-0.9034,-1.1090,0.7578,60.7094,89.3868
1741602393.870,5.315,1.849,0.7790,-0.9032,-1.1029,0.7698,60.8192,89.3690
1741602393.950,5.316,1.834,0.7683,-0.9035,-1.0972,0.8300,60.8026,89.2855
1741602394.030,5.317,1.819,0.7574,-0.9036,-1.0921,1.1869,60.7340,88.9932
1741602394.109,5.317,1.802,0.7464,-0.9036,-1.0855,1.0301,60.6167,89.1188
1741602394.189,5.314,1.785,0.7352,-0.9036,-1.0790,1.0822,60.4787,89.0554
1741602394.269,5.318,1.785,0.7240,-0.9039,-1.0723,0.8082,60.4368,89.3435
1741602394.348,5.317,1.770,0.7127,-0.9037,-1.0661,0.8521,60.1843,89.2555
1741602394.428,5.320,1.753,0.7017,-0.9038,-1.0595,0.7454,60.2698,89.3679
1741602394.507,5.320,1.735,0.6909,-0.9039,-1.0535,0.9100,60.2159,89.1501
1741602394.587,5.319,1.719,0.6807,-0.9041,-1.0481,1.1117,60.1730,88.9762
1741602394.667,5.318,1.719,0.6698,-0.9038,-1.0415,1.0167,60.1754,89.0739
1741602394.746,5.323,1.705,0.6585,-0.9040,-1.0348,1.1193,60.2074,89.0664
1741602394.826,5.320,1.691,0.6478,-0.9040,-1.0291,1.0236,60.1665,89.1436
1741602394.906,5.320,1.674,0.6363,-0.9039,-1.0221,0.8855,60.1666,89.2874
1741602394.985,5.321,1.659,0.6257,-0.9044,-1.0159,0.6376,60.2772,89.5266
1741602395.065,5.323,1.659,0.6149,-0.9048,-1.0100,0.7548,60.2624,89.4389
1741602395.145,5.323,1.644,0.6043,-0.9044,-1.0033,0.6035,60.3178,89.5770
1741602395.226,5.323,1.626,0.5932,-0.9043,-0.9977,0.8930,60.3761,89.3725
1741602396.401,5.326,1.430,0.4288,-0.9056,-0.9072,1.0664,62.6634,89.1351
1741602396.479,5.321,1.414,0.4183,-0.9054,-0.9023,1.2532,63.3265,89.0280
1741602396.558,5.318,1.414,0.4075,-0.9050,-0.8979,1.4713,63.4470,88.8332
1741602396.638,5.318,1.400,0.3964,-0.9047,-0.8920,1.9518,63.3157,88.5108
1741602396.718,5.318,1.387,0.3855,-0.9050,-0.8863,2.0110,63.1496,88.4499
1741602396.799,5.318,1.371,0.3734,-0.9049,-0.8805,2.1914,62.8954,88.3209
1741602396.877,5.317,1.357,0.3611,-0.9051,-0.8734,1.8031,62.8698,88.6767
1741602396.958,5.316,1.357,0.3500,-0.9050,-0.8691,1.6692,62.7984,88.6268
1741602397.036,5.319,1.339,0.3388,-0.9048,-0.8625,1.6513,62.6882,88.7128
1741602397.116,5.319,1.324,0.3278,-0.9045,-0.8572,1.9909,62.5321,88.4274
1741602397.195,5.317,1.306,0.3173,-0.9045,-0.8513,2.3783,62.4542,88.0588
1741602397.275,5.316,1.290,0.3071,-0.9044,-0.8459,2.4688,62.4330,88.0072
1741602397.355,5.318,1.290,0.2949,-0.9049,-0.8395,2.5249,62.3588,88.0248
1741602397.434,5.317,1.276,0.2846,-0.9040,-0.8336,2.4330,62.3503,88.2386
1741602397.514,5.317,1.260,0.2721,-0.9038,-0.8266,2.4126,62.3751,88.1225
1741602397.594,5.317,1.246,0.2614,-0.9038,-0.8211,2.0838,62.4685,88.4163
1741602397.673,5.316,1.227,0.2501,-0.9035,-0.8148,1.9851,62.3769,88.3825
1741602397.753,5.315,1.227,0.2393,-0.9037,-0.8099,2.1462,62.3357,88.1755
1741602397.833,5.317,1.211,0.2282,-0.9035,-0.8040,1.7720,62.5992,88.1129
1741602397.912,5.317,1.196,0.2181,-0.9028,-0.7981,1.7997,62.6493,87.9403
1741602397.992,5.317,1.181,0.2072,-0.9035,-0.7945,2.1551,62.5092,87.6048
1741602398.072,5.317,1.163,0.1958,-0.9035,-0.7884,2.3631,62.4073,87.4662
1741602398.151,5.315,1.163,0.1844,-0.9032,-0.7815,2.7177,62.2194,87.2335
1741602398.231,5.316,1.151,0.1727,-0.9030,-0.7760,2.5716,62.1149,87.3537
1741602398.312,5.316,1.134,0.1613,-0.9031,-0.7691,2.1550,62.0627,87.4640
1741602398.390,5.317,1.118,0.1505,-0.9027,-0.7633,2.3916,61.9985,87.2514
1741602398.470,5.317,1.103,0.1395,-0.9024,-0.7585,2.6708,61.9108,87.0160
1741602398.550,5.317,1.103,0.1291,-0.9027,-0.7527,2.9178,61.8736,86.7873
1741602398.629,5.314,1.087,0.1182,-0.9025,-0.7465,3.1050,61.7883,86.6950
1741602398.709,5.314,1.070,0.1061,-0.9030,-0.7412,2.5929,61.8598,87.0338
1741602398.788,5.315,1.056,0.0954,-0.9031,-0.7355,2.3751,61.7586,87.2372
1741602398.868,5.315,1.056,0.0838,-0.9030,-0.7296,2.1731,61.7716,87.4428
1741602398.948,5.315,1.038,0.0730,-0.9030,-0.7224,1.9995,61.7371,87.8033
1741602399.027,5.315,1.022,0.0619,-0.9029,-0.7176,2.1372,61.7116,87.7949
1741602399.107,5.315,1.007,0.0517,-0.9034,-0.7116,1.8406,61.7887,88.0008
1741602399.187,5.316,0.992,0.0403,-0.9030,-0.7066,1.8750,61.7910,87.9326
1741602399.266,5.316,0.992,0.0288,-0.9033,-0.7011,2.4536,61.6753,87.5696
1741602399.346,5.317,0.975,0.0179,-0.9037,-0.6951,2.2252,61.6409,87.7283
1741602399.425,5.316,0.960,0.0065,-0.9031,-0.6891,2.4386,61.4372,87.5926
1741602399.505,5.316,0.944,-0.0048,-0.9036,-0.6828,1.8997,61.4832,88.0040
1741602399.585,5.315,0.931,-0.0157,-0.9045,-0.6764,1.9495,61.2377,87.9678
1741602399.665,5.318,0.931,-0.0266,-0.9046,-0.6702,1.9416,60.9553,88.0796
1741602399.744,5.317,0.912,-0.0376,-0.9040,-0.6650,2.3211,60.8210,87.7767
1741602399.824,5.317,0.897,-0.0481,-0.9042,-0.6597,2.1651,60.7941,87.7841
1741602399.903,5.317,0.883,-0.0585,-0.9044,-0.6537,1.7837,60.8349,88.0365
1741602399.983,5.317,0.867,-0.0694,-0.9044,-0.6479,1.7736,60.7717,88.0083
1741602400.063,5.318,0.853,-0.0805,-0.9054,-0.6415,1.4134,60.8136,88.3873
1741602400.142,5.319,0.853,-0.0920,-0.9054,-0.6352,1.1071,60.6986,88.5845
1741602400.223,5.319,0.835,-0.1037,-0.9055,-0.6285,0.7642,60.7589,88.9380
1741602400.302,5.319,0.821,-0.1147,-0.9059,-0.6224,0.6375,60.6856,89.0248
1741602400.381,5.319,0.803,-0.1255,-0.9063,-0.6165,0.3897,60.6722,89.2053
1741602400.461,5.321,0.789,-0.1359,-0.9061,-0.6111,0.6126,60.6187,88.9340
1741602400.540,5.321,0.789,-0.1427,-0.9063,-0.6071,0.5528,60.6391,89.0080
1741602400.620,5.321,0.772,-0.1437,-0.9065,-0.6072,0.6015,60.6304,88.9464
1741602400.700,5.321,0.761,-0.1427,-0.9069,-0.6078,0.6026,60.7313,88.8486
1741602400.780,5.322,0.759,-0.1426,-0.9072,-0.6081,0.5578,60.6586,88.9443
1741602400.859,5.322,0.761,-0.1425,-0.9072,-0.6082,0.4618,60.6711,88.9960
1741602400.939,5.323,0.761,-0.1426,-0.9073,-0.6083,0.4812,60.6486,88.9997
1741602401.019,5.323,0.760,-0.1426,-0.9077,-0.6085,0.4540,60.6445,89.0221
1741602401.098,5.321,0.760,-0.1427,-0.9078,-0.6087,0.4707,60.6727,88.9896
1741602401.178,5.321,0.760,-0.1427,-0.9080,-0.6088,0.4320,60.6658,89.0091
1741602401.257,5.321,0.760,-0.1427,-0.9082,-0.6089,0.4082,60.6652,89.0173
1741602401.337,5.321,0.760,-0.1428,-0.9083,-0.6089,0.4149,60.6500,89.0179
1741602401.417,5.321,0.761,-0.1428,-0.9085,-0.6090,0.4276,60.6459,89.0253
1741602401.496,5.322,0.763,-0.1422,-0.9085,-0.6095,0.3883,60.6957,89.0759
1741602401.576,5.321,0.761,-0.1386,-0.9084,-0.6114,0.3982,60.7464,89.0844
1741602401.656,5.321,0.765,-0.1312,-0.9087,-0.6156,0.3085,60.7582,89.1620
1741602401.735,5.323,0.765,-0.1203,-0.9084,-0.6213,0.2173,60.8441,89.2761
1741602401.815,5.323,0.773,-0.1062,-0.9083,-0.6294,0.3785,60.8660,89.0577
1741602401.894,5.321,0.787,-0.0918,-0.9088,-0.6383,0.6446,60.8201,88.8329
1741602401.976,5.321,0.806,-0.0770,-0.9092,-0.6472,0.8234,60.9224,88.7394
1741602402.173,5.319,0.846,-0.0471,-0.9094,-0.6644,1.1262,61.1333,88.5803
1741602402.253,5.319,0.862,-0.0358,-0.9097,-0.6704,0.9043,61.3293,88.7564
1741602402.333,5.317,0.862,-0.0246,-0.9093,-0.6761,1.1740,61.3509,88.6491
1741602402.412,5.317,0.876,-0.0129,-0.9088,-0.6824,1.0979,61.4946,88.6931
1741602402.492,5.317,0.893,-0.0004,-0.9097,-0.6887,1.3097,61.5321,88.6919
1741602402.571,5.318,0.909,0.0112,-0.9090,-0.6961,1.6020,61.5706,88.4804
1741602402.651,5.316,0.929,0.0231,-0.9091,-0.7024,1.4751,61.7235,88.5815
1741602402.732,5.317,0.929,0.0349,-0.9091,-0.7075,1.7983,61.5445,88.5246
1741602402.810,5.317,0.943,0.0453,-0.9092,-0.7139,1.4587,61.6157,88.7295
1741602402.890,5.315,0.959,0.0555,-0.9092,-0.7189,1.2794,61.6306,88.8701
1741602402.970,5.316,0.976,0.0661,-0.9096,-0.7240,1.2501,61.5576,88.8892
1741602403.049,5.317,0.989,0.0760,-0.9091,-0.7305,1.6600,61.5515,88.4592
1741602403.129,5.318,0.989,0.0868,-0.9089,-0.7366,1.5643,61.5759,88.4157
1741602403.209,5.318,1.005,0.0974,-0.9086,-0.7417,1.8865,61.5860,88.0924
1741602403.288,5.315,1.020,0.1078,-0.9087,-0.7480,2.2142,61.5897,87.8330
1741602403.368,5.315,1.035,0.1190,-0.9091,-0.7529,2.4705,61.5224,87.6495
1741602403.448,5.314,1.052,0.1288,-0.9085,-0.7588,2.5765,61.5627,87.6090
1741602403.527,5.314,1.052,0.1398,-0.9084,-0.7636,2.4808,61.6426,87.5569
1741602403.607,5.314,1.066,0.1508,-0.9074,-0.7685,2.4925,61.6209,87.6034
1741602403.687,5.313,1.080,0.1612,-0.9077,-0.7743,2.4916,61.7149,87.4836
1741602403.766,5.316,1.094,0.1733,-0.9074,-0.7803,2.9072,61.6828,87.2785
1741602403.846,5.314,1.109,0.1846,-0.9076,-0.7867,3.3587,61.6926,86.9756
1741602403.925,5.315,1.109,0.1953,-0.9078,-0.7920,3.1794,61.7590,87.0931
1741602404.005,5.315,1.126,0.2059,-0.9075,-0.7976,3.1491,61.8197,87.1131
1741602404.085,5.315,1.142,0.2169,-0.9073,-0.8035,3.0031,61.6759,87.2418
1741602404.164,5.313,1.157,0.2277,-0.9076,-0.8093,2.7180,61.7096,87.4687
1741602404.244,5.313,1.157,0.2391,-0.9077,-0.8145,2.5580,61.5100,87.7439
1741602404.324,5.315,1.173,0.2505,-0.9069,-0.8207,2.4522,61.5605,87.7937
1741602404.403,5.315,1.186,0.2621,-0.9075,-0.8269,2.4325,61.5227,87.8911
1741602404.483,5.316,1.205,0.2728,-0.9065,-0.8333,2.5891,61.5489,87.7724
1741602404.563,5.316,1.222,0.2839,-0.9065,-0.8387,2.6623,61.6290,87.7565
1741602404.642,5.312,1.222,0.2949,-0.9065,-0.8449,2.9636,61.6040,87.5163
1741602404.722,5.313,1.237,0.3059,-0.9063,-0.8509,3.0058,61.6590,87.5996
1741602404.802,5.313,1.253,0.3167,-0.9063,-0.8567,3.0270,61.7205,87.6401
1741602404.881,5.314,1.268,0.3280,-0.9066,-0.8622,2.7251,61.7091,88.0131
1741602404.961,5.312,1.283,0.3398,-0.9062,-0.8689,2.5108,61.7907,88.2195
1741602405.040,5.312,1.283,0.3513,-0.9064,-0.8749,2.3622,61.8757,88.3027
1741602405.120,5.315,1.283,0.3629,-0.9064,-0.8810,2.3464,61.9388,88.3281
1741602405.200,5.315,1.318,0.3739,-0.9060,-0.8870,2.3853,61.9736,88.3081
1741602405.279,5.313,1.335,0.3854,-0.9066,-0.8934,1.9991,62.1325,88.5371
1741602405.359,5.313,1.350,0.3969,-0.9054,-0.8986,2.0935,62.0623,88.5990
1741602405.439,5.314,1.350,0.4087,-0.9049,-0.9054,1.8787,62.0501,88.7606
1741602405.518,5.313,1.368,0.4226,-0.9053,-0.9114,1.5015,62.0313,89.0874
1741602405.598,5.313,1.383,0.4376,-0.9049,-0.9200,1.7143,61.9661,89.0011
1741602405.678,5.313,1.401,0.4544,-0.9052,-0.9287,1.7189,61.9453,88.8419
1741602405.757,5.313,1.422,0.4706,-0.9049,-0.9375,2.0691,62.0431,88.6608
1741602405.837,5.313,1.422,0.4864,-0.9045,-0.9466,1.9371,62.2358,88.7170
1741602405.916,5.311,1.445,0.5014,-0.9048,-0.9547,1.6474,62.2773,88.8327
1741602405.996,5.311,1.469,0.5160,-0.9052,-0.9618,1.1820,62.2605,89.2391
1741602406.076,5.312,1.493,0.5303,-0.9044,-0.9694,1.2419,62.2576,89.1475
1741602406.155,5.314,1.514,0.5452,-0.9046,-0.9771,1.2836,62.3376,89.1307
1741602406.235,5.315,1.514,0.5604,-0.9044,-0.9857,1.2302,62.3988,89.1934
1741602406.315,5.315,1.534,0.5758,-0.9047,-0.9942,1.2954,62.3397,89.0852
1741602406.394,5.312,1.557,0.5914,-0.9044,-1.0017,0.8251,62.3173,89.4689
1741602406.474,5.315,1.579,0.6069,-0.9044,-1.0089,0.6185,62.2257,89.5949
1741602406.554,5.314,1.599,0.6222,-0.9043,-1.0177,0.6941,62.1587,89.4941
1741602406.633,5.314,1.599,0.6377,-0.9041,-1.0263,0.8037,62.1465,89.3220
1741602406.713,5.314,1.623,0.6529,-0.9045,-1.0350,0.9805,62.1196,89.2011
1741602406.793,5.314,1.646,0.6679,-0.9047,-1.0431,0.9257,62.1521,89.1666
1741602406.872,5.314,1.668,0.6825,-0.9045,-1.0507,1.0432,62.1531,89.1015
1741602406.952,5.313,1.689,0.6974,-0.9044,-1.0581,0.7521,62.1296,89.3858
1741602407.032,5.315,1.689,0.7126,-0.9040,-1.0655,0.6559,62.1211,89.3971
1741602407.111,5.315,1.709,0.7281,-0.9047,-1.0745,0.7080,62.1631,89.4575
1741602407.191,5.314,1.731,0.7435,-0.9048,-1.0832,0.7528,62.2190,89.4347
1741602407.271,5.312,1.752,0.7585,-0.9046,-1.0911,0.8144,62.2504,89.3898
1741602407.350,5.313,1.775,0.7733,-0.9042,-1.0985,0.5614,62.2000,89.5764
1741602407.430,5.313,1.775,0.7880,-0.9042,-1.1063,0.3574,62.1542,89.7577
1741602407.509,5.313,1.796,0.8025,-0.9048,-1.1140,0.2932,62.1284,89.8330
1741602407.589,5.313,1.817,0.8171,-0.9047,-1.1218,0.4189,62.0805,89.7322
1741602407.669,5.314,1.839,0.8305,-0.9045,-1.1294,0.5580,62.0438,89.5770
1741602407.748,5.313,1.856,0.8431,-0.9044,-1.1360,0.6558,62.0646,89.5557
1741602407.828,5.314,1.856,0.8555,-0.9040,-1.1425,0.6575,62.1008,89.4664
1741602407.908,5.314,1.877,0.8681,-0.9040,-1.1495,0.8718,62.0258,89.3573
1741602407.987,5.313,1.896,0.8819,-0.9040,-1.1563,0.4491,61.9523,89.7104
1741602408.067,5.313,1.914,0.8952,-0.9042,-1.1629,0.4089,61.8997,89.7711
1741602408.147,5.315,1.932,0.9093,-0.9040,-1.1703,0.4543,61.8833,89.7488
1741602408.226,5.317,1.932,0.9228,-0.9044,-1.1783,0.6024,61.9442,89.6766
1741602408.306,5.317,1.952,0.9366,-0.9042,-1.1856,0.6239,61.9648,89.7132
1741602408.385,5.313,1.972,0.9496,-0.9043,-1.1926,0.6979,61.9460,89.6760
1741602408.465,5.302,1.992,0.9628,-0.9042,-1.1992,0.4679,61.8682,89.9276
1741602408.545,5.301,2.010,0.9766,-0.9039,-1.2062,0.2693,61.8184,90.1118
1741602408.624,5.300,2.010,0.9907,-0.9040,-1.2141,0.3831,61.7569,90.0121
1741602408.704,5.300,2.028,1.0053,-0.9039,-1.2227,0.4705,61.7027,89.8542
1741602408.784,5.299,2.047,1.0191,-0.9038,-1.2302,0.6547,61.7993,89.7297
1741602408.863,5.288,2.069,1.0331,-0.9036,-1.2382,0.9443,61.8817,89.3398
1741602408.943,5.290,2.090,1.0473,-0.9037,-1.2457,0.8410,61.9505,89.3331
1741602409.023,5.285,2.090,1.0615,-0.9038,-1.2532,0.7968,61.9084,89.2600
1741602409.102,5.285,2.111,1.0767,-0.9041,-1.2610,0.5167,61.9347,89.3369
1741602409.182,5.285,2.131,1.0920,-0.9038,-1.2693,0.4241,61.9584,89.3336
1741602409.262,5.289,2.152,1.1071,-0.9040,-1.2771,0.5093,62.0303,89.2540
1741602409.341,5.285,2.174,1.1225,-0.9044,-1.2852,0.5752,62.0408,89.1151
1741602409.421,5.286,2.174,1.1367,-0.9038,-1.2928,0.6742,61.9712,88.9595
1741602409.501,5.286,2.196,1.1516,-0.9039,-1.3004,0.4423,61.9158,89.1807
1741602409.580,5.284,2.220,1.1665,-0.9046,-1.3081,0.3993,61.8296,89.1302
1741602409.660,5.288,2.240,1.1815,-0.9050,-1.3160,0.6321,61.7407,88.9888
1741602409.740,5.290,2.261,1.1960,-0.9048,-1.3248,0.8643,61.7431,88.7710
1741602409.819,5.288,2.261,1.2100,-0.9047,-1.3326,1.0707,61.7576,88.6816
1741602409.899,5.288,2.283,1.2244,-0.9046,-1.3404,1.1477,61.8422,88.5891
1741602409.978,5.287,2.301,1.2383,-0.9047,-1.3481,1.3058,61.8652,88.4782
1741602410.058,5.286,2.323,1.2523,-0.9047,-1.3553,0.9669,61.8598,88.8370
1741602410.257,5.287,2.359,1.2886,-0.9055,-1.3752,0.9693,62.0227,89.1407
1741602410.339,5.285,2.359,1.3034,-0.9058,-1.3830,0.9618,62.0325,89.3197
1741602411.512,5.280,2.609,1.5180,-0.9055,-1.4984,1.1015,62.3292,89.1681
1741602411.591,5.280,2.629,1.5321,-0.9054,-1.5060,1.2144,62.2955,89.0291
1741602411.671,5.281,2.647,1.5464,-0.9047,-1.5141,1.3672,62.2526,88.9612
1741602411.751,5.282,2.662,1.5613,-0.9055,-1.5224,1.5199,62.3003,88.8223
1741602411.830,5.279,2.662,1.5759,-0.9051,-1.5308,1.6637,62.3661,88.7110
1741602411.910,5.279,2.687,1.5911,-0.9053,-1.5385,1.6589,62.4686,88.6801
1741602411.989,5.279,2.706,1.6057,-0.9053,-1.5466,1.7915,62.5351,88.5287
1741602412.069,5.279,2.727,1.6205,-0.9055,-1.5538,1.4720,62.5665,88.8044
1741602412.149,5.276,2.755,1.6350,-0.9054,-1.5617,1.3535,62.5772,88.8498
1741602412.228,5.280,2.755,1.6495,-0.9053,-1.5693,1.4074,62.6037,88.8658
1741602412.308,5.280,2.774,1.6639,-0.9058,-1.5773,1.3928,62.6590,88.9280
1741602412.388,5.280,2.789,1.6788,-0.9056,-1.5848,1.4003,62.6643,88.9135
1741602412.467,5.280,2.815,1.6936,-0.9059,-1.5924,1.1335,62.6590,89.1015
1741602412.547,5.280,2.837,1.7079,-0.9055,-1.5996,0.8274,62.5787,89.3901
1741602412.627,5.278,2.837,1.7223,-0.9055,-1.6073,0.8789,62.4861,89.3308
1741602412.706,5.278,2.851,1.7374,-0.9053,-1.6153,0.9056,62.3974,89.3007
1741602412.786,5.280,2.876,1.7524,-0.9054,-1.6236,1.0811,62.3972,89.1141
1741602412.865,5.280,2.894,1.7672,-0.9059,-1.6320,1.1780,62.4678,89.0239
1741602412.945,5.280,2.915,1.7820,-0.9057,-1.6397,1.1295,62.5150,89.0555
1741602413.025,5.276,2.915,1.7959,-0.9055,-1.6469,1.0816,62.5065,89.1000
1741602413.106,5.276,2.932,1.8107,-0.9060,-1.6542,0.7461,62.4702,89.3943
1741602413.184,5.274,2.956,1.8253,-0.9058,-1.6619,0.6011,62.4677,89.5457
1741602413.264,5.279,2.977,1.8400,-0.9060,-1.6701,0.7241,62.5101,89.4776
1741602413.343,5.280,2.995,1.8551,-0.9055,-1.6776,0.5895,62.5668,89.7337
1741602413.423,5.280,2.995,1.8700,-0.9055,-1.6857,0.6698,62.5833,89.6871
1741602413.503,5.280,3.019,1.8843,-0.9057,-1.6929,0.5574,62.5290,89.7268
1741602413.582,5.280,3.035,1.8992,-0.9058,-1.7004,0.3846,62.4641,89.8448
1741602413.662,5.281,3.061,1.9141,-0.9054,-1.7085,0.4996,62.3771,89.7123
1741602413.742,5.282,3.081,1.9291,-0.9062,-1.7170,0.6062,62.3905,89.6002
1741602413.821,5.281,3.081,1.9433,-0.9058,-1.7250,0.7355,62.4163,89.5839
1741602413.901,5.281,3.103,1.9580,-0.9054,-1.7326,0.7015,62.4835,89.6071
1741602413.980,5.281,3.117,1.9722,-0.9059,-1.7405,0.8543,62.5795,89.4491
1741602414.060,5.278,3.145,1.9872,-0.9062,-1.7481,0.6501,62.5653,89.5770
1741602414.140,5.276,3.159,2.0020,-0.9055,-1.7555,0.4943,62.4752,89.7794
1741602414.220,5.278,3.159,2.0166,-0.9054,-1.7633,0.5054,62.4816,89.8935
1741602414.299,5.278,3.182,2.0312,-0.9054,-1.7708,0.4700,62.4874,89.9977
1741602414.379,5.279,3.204,2.0463,-0.9060,-1.7789,0.3791,62.5533,90.1929
1741602414.458,5.278,3.224,2.0607,-0.9053,-1.7864,0.4137,62.5245,90.1135
1741602414.538,5.280,3.243,2.0752,-0.9054,-1.7937,0.2384,62.4152,90.1556
1741602414.618,5.281,3.243,2.0900,-0.9055,-1.8017,0.2916,62.3363,90.1540
1741602414.697,5.281,3.264,2.1051,-0.9060,-1.8102,0.5267,62.2624,89.9344
1741602414.777,5.280,3.283,2.1201,-0.9061,-1.8184,0.6793,62.3171,89.8204
1741602414.857,5.280,3.309,2.1347,-0.9063,-1.8263,0.8472,62.3786,89.7197
1741602414.936,5.279,3.326,2.1494,-0.9050,-1.8344,0.8643,62.4436,89.6745
1741602415.018,5.278,3.326,2.1647,-0.9050,-1.8423,0.8494,62.5075,89.6669
1741602415.095,5.278,3.347,2.1791,-0.9046,-1.8494,0.6009,62.5485,89.8262
1741602415.175,5.281,3.373,2.1937,-0.9049,-1.8568,0.5851,62.5378,89.9153
1741602415.255,5.279,3.389,2.2080,-0.9048,-1.8645,0.7177,62.5377,89.8787
1741602415.335,5.281,3.389,2.2225,-0.9052,-1.8722,0.6076,62.6042,90.0062
1741602415.414,5.283,3.415,2.2374,-0.9051,-1.8802,0.6186,62.6266,90.0861
1741602415.494,5.283,3.430,2.2525,-0.9047,-1.8875,0.4204,62.5403,90.1812
1741602415.573,5.284,3.454,2.2667,-0.9043,-1.8945,0.1833,62.4277,90.3715
1741602415.653,5.282,3.475,2.2812,-0.9041,-1.9022,0.2239,62.3190,90.4273
1741602415.733,5.283,3.475,2.2960,-0.9043,-1.9108,0.2815,62.2692,90.3994
1741602415.812,5.283,3.492,2.3109,-0.9043,-1.9188,0.3864,62.2638,90.3807
1741602415.892,5.283,3.515,2.3257,-0.9046,-1.9265,0.3257,62.3097,90.4426
1741602415.973,5.283,3.535,2.3401,-0.9039,-1.9338,0.3282,62.2967,90.4346
1741602416.051,5.281,3.558,2.3541,-0.9038,-1.9410,0.2244,62.2387,90.5182
1741602416.131,5.281,3.558,2.3693,-0.9035,-1.9488,0.2195,62.1636,90.4543
1741602416.211,5.283,3.572,2.3841,-0.9037,-1.9566,0.0485,62.0397,90.5734
1741602416.290,5.283,3.594,2.3993,-0.9037,-1.9648,0.1158,62.1296,90.5647
1741602416.372,5.283,3.620,2.4144,-0.9037,-1.9729,-0.0451,62.1611,90.7279
1741602416.449,5.286,3.640,2.4287,-0.9031,-1.9803,-0.0870,62.1529,90.7671
1741602416.529,5.285,3.640,2.4434,-0.9030,-1.9878,-0.2891,62.1388,90.7875
1741602416.609,5.287,3.662,2.4586,-0.9033,-1.9957,-0.4324,61.9808,90.9235
1741602416.688,5.287,3.684,2.4728,-0.9026,-2.0036,-0.3121,61.9382,90.8962
1741602416.768,5.284,3.702,2.4841,-0.9024,-2.0097,-0.2670,61.8705,90.8179
1741602416.848,5.286,3.725,2.4858,-0.9029,-2.0111,-0.2090,62.0522,90.7607
1741602416.929,5.288,3.725,2.4833,-0.9028,-2.0098,-0.1925,61.9916,90.7728
1741602417.007,5.285,3.737,2.4810,-0.9028,-2.0084,-0.1956,61.9909,90.7984
1741602417.087,5.285,3.732,2.4806,-0.9028,-2.0082,-0.1928,62.0127,90.7854
1741602417.166,5.286,3.731,2.4806,-0.9028,-2.0083,-0.1878,62.0205,90.7679
1741602417.246,5.285,3.731,2.4806,-0.9029,-2.0083,-0.2069,62.0190,90.7827
1741602417.326,5.288,3.731,2.4807,-0.9028,-2.0083,-0.2135,62.0225,90.7815
1741602417.405,5.288,3.731,2.4808,-0.9029,-2.0084,-0.2228,62.0277,90.7854
1741602417.485,5.287,3.732,2.4806,-0.9028,-2.0083,-0.2313,62.0300,90.8020
1741602417.565,5.287,3.730,2.4807,-0.9029,-2.0084,-0.2275,62.0291,90.7862
1741602417.644,5.286,3.733,2.4808,-0.9029,-2.0084,-0.2396,62.0341,90.7910
1741602417.724,5.287,3.733,2.4807,-0.9029,-2.0083,-0.2333,62.0346,90.7853
1741602417.803,5.287,3.731,2.4808,-0.9029,-2.0084,-0.2276,62.0365,90.7766
1741602417.883,5.288,3.731,2.4808,-0.9029,-2.0085,-0.2185,62.0397,90.7676
1741602417.963,5.286,3.730,2.4809,-0.9031,-2.0086,-0.2101,62.0424,90.7674
1741602418.042,5.288,3.729,2.4809,-0.9030,-2.0085,-0.2130,62.0458,90.7747
1741602418.122,5.287,3.729,2.4809,-0.9029,-2.0085,-0.2246,62.0459,90.7865
1741602418.202,5.287,3.731,2.4810,-0.9029,-2.0086,-0.2167,62.0524,90.7788
1741602418.283,5.286,3.730,2.4810,-0.9030,-2.0086,-0.2045,62.0526,90.7714
1741602418.361,5.286,3.730,2.4810,-0.9031,-2.0086,-0.2064,62.0505,90.7752
1741602418.441,5.287,3.728,2.4809,-0.9031,-2.0087,-0.2042,62.0497,90.7756
1741602418.520,5.289,3.728,2.4810,-0.9031,-2.0086,-0.2047,62.0476,90.7745
1741602418.600,5.289,3.728,2.4813,-0.9030,-2.0088,-0.1819,62.0521,90.7425
1741602418.680,5.286,3.729,2.4811,-0.9029,-2.0087,-0.1857,62.0488,90.7468
1741602418.759,5.286,3.730,2.4811,-0.9031,-2.0088,-0.1866,62.0521,90.7475
1741602418.839,5.288,3.730,2.4812,-0.9031,-2.0087,-0.1937,62.0534,90.7513
1741602418.918,5.285,3.730,2.4813,-0.9031,-2.0089,-0.1884,62.0518,90.7411
1741602418.998,5.285,3.731,2.4813,-0.9031,-2.0088,-0.2104,62.0502,90.7616
1741602419.078,5.287,3.731,2.4813,-0.9030,-2.0088,-0.2028,62.0453,90.7593
1741602419.157,5.287,3.730,2.4813,-0.9031,-2.0088,-0.2153,62.0497,90.7717
1741602419.237,5.286,3.729,2.4812,-0.9032,-2.0090,-0.2172,62.0518,90.7698
1741602419.317,5.285,3.729,2.4812,-0.9032,-2.0087,-0.2277,62.0496,90.7817
1741602419.396,5.285,3.731,2.4814,-0.9031,-2.0089,-0.2244,62.0497,90.7707
1741602419.476,5.287,3.731,2.4813,-0.9031,-2.0090,-0.2055,62.0533,90.7606
1741602419.556,5.287,3.731,2.4813,-0.9031,-2.0089,-0.2185,62.0477,90.7693
1741602419.635,5.287,3.730,2.4815,-0.9033,-2.0090,-0.2043,62.0527,90.7516
1741602419.715,5.286,3.730,2.4814,-0.9032,-2.0090,-0.2112,62.0537,90.7629
1741602419.794,5.286,3.732,2.4815,-0.9032,-2.0089,-0.2066,62.0518,90.7629
1741602419.874,5.286,3.730,2.4815,-0.9032,-2.0091,-0.2176,62.0591,90.7684
1741602419.954,5.286,3.729,2.4815,-0.9031,-2.0090,-0.2338,62.0550,90.7848
1741602420.034,5.286,3.729,2.4815,-0.9032,-2.0091,-0.2258,62.0490,90.7823
1741602420.113,5.287,3.729,2.4816,-0.9032,-2.0092,-0.2342,62.0467,90.7854
1741602420.193,5.287,3.728,2.4816,-0.9032,-2.0092,-0.2290,62.0505,90.7854
1741602420.272,5.285,3.730,2.4816,-0.9032,-2.0091,-0.2343,62.0482,90.7872
1741602421.567,5.286,3.729,2.4819,-0.9035,-2.0094,-0.2407,62.0475,90.7989
1741602421.646,5.287,3.731,2.4820,-0.9034,-2.0095,-0.2485,62.0469,90.7998
1741602421.726,5.285,3.731,2.4821,-0.9033,-2.0095,-0.2480,62.0515,90.8014
1741602421.807,5.285,3.731,2.4821,-0.9033,-2.0095,-0.2557,62.0539,90.8141
1741602421.885,5.285,3.730,2.4820,-0.9034,-2.0094,-0.2561,62.0590,90.8175
1741602421.965,5.287,3.730,2.4822,-0.9035,-2.0096,-0.2493,62.0610,90.8088
1741602422.044,5.287,3.729,2.4821,-0.9035,-2.0095,-0.2411,62.0601,90.8001
1741602422.124,5.288,3.729,2.4821,-0.9033,-2.0095,-0.2449,62.0627,90.8037
1741602422.204,5.287,3.730,2.4822,-0.9033,-2.0097,-0.2206,62.0701,90.7756
1741602422.283,5.287,3.729,2.4822,-0.9034,-2.0096,-0.2294,62.0620,90.7806
1741602422.363,5.286,3.729,2.4822,-0.9036,-2.0097,-0.2216,62.0607,90.7749
1741602422.443,5.285,3.732,2.4823,-0.9035,-2.0097,-0.2286,62.0594,90.7846
1741602422.522,5.285,3.732,2.4823,-0.9034,-2.0097,-0.2353,62.0559,90.7886
1741602422.602,5.287,3.729,2.4822,-0.9034,-2.0097,-0.2356,62.0596,90.7868
1741602422.682,5.287,3.732,2.4824,-0.9035,-2.0097,-0.2316,62.0638,90.7797
1741602422.761,5.287,3.729,2.4823,-0.9036,-2.0098,-0.2272,62.0610,90.7769
1741602422.841,5.287,3.730,2.4824,-0.9036,-2.0098,-0.2420,62.0612,90.7835
1741602422.921,5.283,3.730,2.4824,-0.9035,-2.0098,-0.2464,62.0577,90.7889
1741602423.000,5.283,3.729,2.4824,-0.9035,-2.0098,-0.2234,62.0581,90.7697
1741602423.080,5.287,3.730,2.4824,-0.9036,-2.0098,-0.2491,62.0553,90.7917
1741602423.159,5.287,3.731,2.4824,-0.9036,-2.0097,-0.2331,62.0609,90.7806
1741602423.239,5.287,3.731,2.4824,-0.9035,-2.0098,-0.2276,62.0627,90.7707
1741602423.319,5.286,3.731,2.4825,-0.9036,-2.0099,-0.2477,62.0628,90.7827
1741602423.398,5.286,3.731,2.4825,-0.9036,-2.0099,-0.2506,62.0627,90.7930
1741602423.480,5.284,3.730,2.4825,-0.9036,-2.0099,-0.2471,62.0610,90.7919
1741602423.558,5.287,3.730,2.4826,-0.9035,-2.0100,-0.2523,62.0555,90.7938
1741602423.637,5.288,3.730,2.4825,-0.9035,-2.0099,-0.2453,62.0570,90.7957
1741602423.717,5.288,3.730,2.4825,-0.9035,-2.0099,-0.2667,62.0584,90.8124
1741602423.797,5.288,3.729,2.4828,-0.9036,-2.0100,-0.2648,62.0571,90.8102
1741602423.876,5.285,3.730,2.4827,-0.9036,-2.0099,-0.2742,62.0518,90.8244
1741602423.958,5.286,3.729,2.4826,-0.9036,-2.0099,-0.2763,62.0454,90.8254
1741602424.037,5.286,3.729,2.4828,-0.9036,-2.0101,-0.2611,62.0477,90.8085
1741602424.115,5.286,3.729,2.4828,-0.9037,-2.0102,-0.2710,62.0458,90.8172
1741602424.195,5.286,3.731,2.4827,-0.9036,-2.0101,-0.2659,62.0515,90.8194
1741602424.275,5.285,3.731,2.4829,-0.9037,-2.0101,-0.2669,62.0569,90.8143
1741602424.354,5.287,3.730,2.4828,-0.9036,-2.0101,-0.2731,62.0558,90.8182
1741602424.436,5.285,3.730,2.4828,-0.9037,-2.0102,-0.2705,62.0579,90.8238
1741602424.513,5.286,3.730,2.4829,-0.9037,-2.0102,-0.2799,62.0584,90.8334
1741602424.593,5.286,3.731,2.4829,-0.9037,-2.0102,-0.2762,62.0582,90.8351
1741602424.673,5.286,3.729,2.4829,-0.9037,-2.0101,-0.2661,62.0576,90.8241
1741602424.752,5.286,3.731,2.4828,-0.9037,-2.0101,-0.2667,62.0547,90.8244
1741602424.832,5.288,3.730,2.4829,-0.9036,-2.0102,-0.2652,62.0580,90.8138
1741602424.912,5.286,3.730,2.4830,-0.9036,-2.0103,-0.2594,62.0559,90.8134
1741602424.993,5.286,3.729,2.4830,-0.9038,-2.0103,-0.2669,62.0591,90.8234
1741602425.071,5.287,3.730,2.4829,-0.9037,-2.0102,-0.2620,62.0594,90.8261
1741602425.151,5.287,3.730,2.4829,-0.9037,-2.0102,-0.2635,62.0656,90.8273
1741602425.230,5.285,3.729,2.4831,-0.9037,-2.0102,-0.2541,62.0662,90.8187
1741602425.310,5.287,3.729,2.4832,-0.9037,-2.0103,-0.2506,62.0741,90.8154
1741602425.391,5.287,3.734,2.4830,-0.9037,-2.0103,-0.2481,62.0758,90.8246
1741602425.469,5.287,3.729,2.4830,-0.9037,-2.0103,-0.2557,62.0768,90.8239
1741602425.549,5.286,3.731,2.4830,-0.9038,-2.0103,-0.2513,62.0696,90.8181
1741602425.629,5.285,3.730,2.4832,-0.9038,-2.0104,-0.2576,62.0667,90.8188
1741602425.708,5.287,3.730,2.4831,-0.9037,-2.0104,-0.2606,62.0668,90.8209
1741602425.788,5.287,3.730,2.4831,-0.9037,-2.0104,-0.2533,62.0719,90.8163
1741602425.867,5.286,3.729,2.4832,-0.9037,-2.0104,-0.2504,62.0766,90.8153
1741602425.947,5.283,3.730,2.4833,-0.9038,-2.0105,-0.2430,62.0757,90.8088
1741602426.027,5.285,3.731,2.4832,-0.9039,-2.0105,-0.2424,62.0733,90.8079
1741602426.106,5.286,3.731,2.4833,-0.9037,-2.0104,-0.2600,62.0629,90.8203
1741602426.186,5.286,3.730,2.4831,-0.9037,-2.0105,-0.2726,62.0542,90.8261
1741602426.266,5.286,3.731,2.4832,-0.9037,-2.0105,-0.2758,62.0575,90.8284
1741602426.345,5.286,3.730,2.4834,-0.9039,-2.0106,-0.2772,62.0535,90.8265
1741602426.425,5.286,3.730,2.4834,-0.9040,-2.0105,-0.2749,62.0507,90.8248
1741602426.504,5.287,3.730,2.4834,-0.9040,-2.0107,-0.2609,62.0527,90.8121
1741602426.584,5.287,3.730,2.4834,-0.9038,-2.0106,-0.2781,62.0503,90.8277
1741602426.664,5.287,3.729,2.4832,-0.9038,-2.0106,-0.2570,62.0579,90.8157
1741602426.743,5.285,3.732,2.4835,-0.9039,-2.0107,-0.2547,62.0597,90.7979
1741602426.823,5.287,3.732,2.4834,-0.9039,-2.0106,-0.2497,62.0638,90.8041
1741602426.903,5.286,3.729,2.4834,-0.9039,-2.0107,-0.2498,62.0676,90.8105
1741602426.982,5.286,3.733,2.4835,-0.9038,-2.0107,-0.2339,62.0685,90.7943
1741602427.062,5.287,3.729,2.4834,-0.9039,-2.0107,-0.2240,62.0671,90.7963
1741602427.142,5.285,3.730,2.4834,-0.9038,-2.0107,-0.2284,62.0676,90.8005
1741602427.221,5.286,3.730,2.4835,-0.9039,-2.0107,-0.2280,62.0642,90.7922
1741602427.303,5.286,3.729,2.4836,-0.9039,-2.0107,-0.2239,62.0685,90.7880
1741602428.356,5.287,3.730,2.4838,-0.9040,-2.0110,-0.2540,62.0661,90.8132
1741602428.436,5.286,3.729,2.4838,-0.9040,-2.0110,-0.2431,62.0673,90.8094
1741602428.515,5.285,3.729,2.4838,-0.9040,-2.0109,-0.2301,62.0662,90.8121
1741602428.595,5.285,3.730,2.4837,-0.9039,-2.0109,-0.2224,62.0601,90.8193
1741602428.675,5.284,3.730,2.4837,-0.9041,-2.0110,-0.2252,62.0669,90.8081
1741602428.754,5.285,3.730,2.4839,-0.9041,-2.0111,-0.2290,62.0666,90.8056
1741602428.836,5.286,3.730,2.4840,-0.9039,-2.0111,-0.2316,62.0596,90.8075
1741602428.914,5.285,3.730,2.4839,-0.9040,-2.0110,-0.2339,62.0590,90.8121
1741602428.993,5.285,3.730,2.4839,-0.9041,-2.0110,-0.2462,62.0596,90.8198
1741602429.073,5.285,3.732,2.4838,-0.9040,-2.0110,-0.2463,62.0589,90.8115
1741602429.153,5.289,3.732,2.4840,-0.9041,-2.0111,-0.2543,62.0594,90.8172
1741602429.232,5.286,3.729,2.4839,-0.9041,-2.0111,-0.2670,62.0587,90.8266
1741602429.312,5.287,3.729,2.4840,-0.9041,-2.0111,-0.2793,62.0605,90.8286
1741602429.392,5.287,3.731,2.4839,-0.9040,-2.0111,-0.2869,62.0564,90.8434
1741602429.471,5.286,3.728,2.4840,-0.9041,-2.0111,-0.2841,62.0591,90.8398
1741602429.551,5.288,3.731,2.4840,-0.9042,-2.0112,-0.2852,62.0656,90.8353
1741602429.630,5.287,3.728,2.4840,-0.9041,-2.0112,-0.2917,62.0601,90.8379
1741602429.710,5.286,3.728,2.4840,-0.9041,-2.0111,-0.2910,62.0580,90.8399
1741602429.790,5.286,3.729,2.4840,-0.9041,-2.0112,-0.2876,62.0583,90.8335
1741602429.869,5.286,3.730,2.4841,-0.9040,-2.0112,-0.2824,62.0623,90.8329
