:020000040800F2
:10000000605B0020DD01000897360008B92E00086B
:1000100093360008892900081357000800000000E3
:100020000000000000000000000000004501000882
:10003000792B000800000000890100089D44000899
:10004000F7010008F7010008F7010008F7010008B0
:10005000F7010008F7010008F7010008F7010008A0
:10006000F7010008F7010008F7010008F701000890
:10007000F7010008F7010008F7010008F701000880
:10008000F7010008F7010008F7010008F701000870
:10009000F7010008F7010008F7010008F701000860
:1000A000F7010008F7010008F7010008F701000850
:1000B000F7010008F7010008F7010008F701000840
:1000C000F7010008F7010008F7010008F701000830
:1000D000F70100082D5200088553000875540008E8
:1000E000F7010008F7010008F7010008F701000810
:1000F000F7010008F7010008F7010008F701000800
:10010000F7010008F7010008F7010008F7010008EF
:100110000950000861510008F7010008F7010008C4
:10012000F7010008F7010008F7010008F7010008CF
:10013000DFF80CD000F088FC004800475D62000842
:10014000605B0020224B19680868B0E8F00F80F36C
:100150000988BFF36F8F4FF0000080F311884EF0D5
:100160000D0E70470000000006480068006880F32C
:10017000088862B661B6BFF34F8FBFF36F8F00DFA1
:1001800000BF00BF08ED00E0EFF30980BFF36F8F01
:100190000F4B1A6820E9F00F106008B54FF05000BF
:1001A00080F31188BFF34F8FBFF36F8F07F0F2FB1F
:1001B0004FF0000080F31188BDE808401968086816
:1001C000B0E8F00F80F30988BFF36F8F704700BF6E
:1001D000AC000020EFF30580704700000648804720
:1001E00006480047FEE7FEE7FEE7FEE7FEE7FEE71C
:1001F000FEE7FEE7FEE7FEE7AD4400083101000838
:1002000040EA01039B0703D009E008C9121F08C098
:10021000042AFAD203E011F8013B00F8013B521E18
:10022000F9D27047F0B480EA0102D40F4200B2EB79
:10023000410F02D20246084611464A0042D0C30D81
:10024000DDB2C1F3C752AD1A202D35DAC1F3160164
:1002500041F4000204B15242C5F1200602FA06F14F
:100260002A411044B3EBD05F23D0C4B1012DA0EBE1
:10027000C35009DCF0BC4FF0004202EAC352DBB2CB
:1002800000F5000000F03EBB400000F1807000EB84
:10029000C350A0F1807040EAD170490009E04908DC
:1002A00041EAC071A0EBC35000F50000400800EB2C
:1002B000C350F0BC00F01DBB6142012202EB4101C2
:1002C000001BF6E7F0BC704781F00041AAE780F020
:1002D0000040A7E780EA010210B502F000434000A9
:1002E00022D04A001FD0010E01EB1261C0F356006C
:1002F000C2F3560240F4000042F40002A0FB0220C8
:1003000000047F39140400D0401C50EA124001D48C
:100310004000491EC2B20C0604EBD010401C40083D
:10032000802A02D003E0002010BD20F00100002947
:1003300000DA0020184310BD30B480EA010202F058
:10034000004530F0004221F0004013D090B1C30DC1
:10035000D40DC2F31601C0F31600E41A41F40001F3
:1003600040F400027D34914201D3641C00E0490056
:10037000002C02DA30BC002070474FF4000000234C
:10038000914201D3891A034340084FEA4101F7D152
:1003900051B1914202D14FF0004105E002D24FF03D
:1003A000010101E06FF0010103EBC450284430BCAF
:1003B00000F09FBA2DE9FE4F804681EA0300C00F8E
:1003C0000C46009021F0004123F00045B8EB0200FC
:1003D000A94105D24046214690461C460B4602469E
:1003E00023F00040104347D0270DC7F30A00C3F3A2
:1003F0000A510290401A019040286BDAC3F31300AF
:1004000040F4801B0098924620B10023D2EB030AEF
:1004100063EB0B0B01985946C0F14002504600F0C7
:1004200037FA06460D4650465946019A00F04FFAF3
:1004300010EB08006141002487EA115284EAE77357
:100440001A4340D0009A62B3019A012A4FEA075238
:1004500015DC001B61EB02014FF0004202EA07527B
:10046000CDE90042001C41F5801132462B4600F0D8
:1004700086FA03B0BDE8F08F40462146F9E7001B3D
:1004800061EB0201001C41F5801300185B4120184C
:10049000A2F5001747EB030140EAD570B6196D418C
:1004A00011E06D084FEA360645EAC0754FEA07527B
:1004B000001B61EB0201001C41F5801149084FEA65
:1004C00030000019514132462B4603B0BDE8F04FD1
:1004D00000F046BA0098012240000023D0EB02024F
:1004E00063EBE073009821464FEAE074B8EB00003C
:1004F00061EB0401E9E783F000435BE781F0004131
:1005000058E72DE9FE4F81EA030404F0004421F08E
:10051000004100944FF0000B23F0004350EA010427
:100520005ED052EA03045BD0C3F30A54C1F30A5508
:100530002C44A4F2F3340194A0FB0254C1F3130140
:1005400041F48011C3F3130343F4801301FB02440D
:1005500000FB034E840A970A44EA815447EA835712
:10056000A4FB076802958D0A05FB07854FEA932CCB
:1005700004FB0C542705029D4FEA065847EA16373C
:10058000B5EB08056EEB070C870E920E47EA811754
:1005900042EA8312A7FB0201B6EB0B0164EB0004F5
:1005A0002B0D43EA0C335E1844EB1C50DA465146DF
:1005B000E7FB0201C5F313044FEA0B3343EA14537C
:1005C0004FEA0432019C43EA0603A4F10C040294AE
:1005D000009CCDE900B400F0D2F903B0BDE8F08F83
:1005E00000200146F9E72DE9F04D81EA030404F00B
:1005F000004B21F0004514464FF0000A23F0004163
:1006000050EA050220D054EA01021DD0C5F30A5772
:100610000246C5F31303C1F31300C1F30A5640F4B5
:10062000801543F48013A7EB0608101BD64608F28A
:10063000FD3873EB050002D308F1010801E09218C0
:100640005B41B8F1000F03DA00200146BDE8F08DF0
:1006500000204FF48011064684460EE0171B73EB12
:10066000050705D3121B63EB050306434CEA010C97
:1006700049084FEA300092185B4150EA0107EDD17A
:1006800052EA030012D082EA040083EA050108431B
:1006900005D0101BAB4106D20122002306E0002248
:1006A0004FF0004302E06FF0010253101AEB060016
:1006B0004CEB085110EB0A0041EB0B01BDE8F04D8B
:1006C00000F04EB9C10F80EAE0700844CA079623D3
:1006D000002100F017B90EB5C10F80EAE0700844A0
:1006E000CA07002140F233438DE80E000A460B464C
:1006F00000F045F903B000BD0EB540F23341029160
:100700000021CDE900110A460B4600F038F903B08C
:1007100000BD00F0004220F00040C10DC0F3160003
:1007200040F400007F2901DA00207047962903DC9D
:10073000C1F19601C84001E096398840002AF4D002
:100740004042704720F00040C10DC0F3160040F455
:1007500000007F2901DA00207047962903DCC1F1EF
:100760009601C840704796398840704770B5C1F30C
:100770000A5201F000450024C1F3130140F2FF3397
:1007800041F480119A4201DA002070BD40F23343F7
:100790009A42A2F2334203DC524200F088F800E0B1
:1007A00090402C43F1D0404270BDC1F30A5210B5C5
:1007B000C1F3130140F2FF3341F480119A4201DA90
:1007C000002010BD40F233439A42A2F2334203DCD0
:1007D000524200F06CF810BD904010BD00F0004295
:1007E00030F000400AD0C10D01F56071C0F3160071
:1007F00042EA0151C20840071143704700200146F8
:10080000704701F0004330B421F0004150EA01028A
:1008100006D00A0DA2F56072C1F31301002A02DCB2
:1008200030BC00207047440F44EAC104C100E01806
:1008300030BC00EBC25000F05CB80000002801DBC7
:10084000C0F10040002901DBC1F100418142704745
:10085000002801DBC0F10040002901DBC1F10041AB
:100860008842704730B50B46014600202022012403
:1008700009E021FA02F59D4205D303FA02F5491B6E
:1008800004FA02F52844151EA2F10102F1DC30BD84
:10089000202A04DB203A00FA02F100207047914040
:1008A000C2F1200320FA03F3194390407047202A35
:1008B00004DB203A21FA02F00021704721FA02F30A
:1008C000D040C2F120029140084319467047202AC7
:1008D00006DBCB17203A41FA02F043EAE07306E068
:1008E00041FA02F3D040C2F1200291400843194678
:1008F00070470029A8BF7047401C490008BF20F07E
:100900000100704710B4B0FA80FC00FA0CF050EA15
:10091000010404BF10BC704749B1CCF1200421FA96
:1009200004F411FA0CF118BF012121430843A3EB91
:100930000C01CB1D4FEA00614FEA102042BF00209E
:1009400010BC704700EBC35010440029A4BF10BC7A
:100950007047401C490008BF20F0010010BC7047E0
:1009600010B5141E73F1000408DA401C41F10001B7
:1009700092185B411A4301D120F0010010BD2DE90E
:10098000F04D92469B4611B1B1FA81F202E0B0FA05
:1009900080F220329046FFF77BFF04460F4640EA84
:1009A0000A0041EA0B0153465A46084313D0114648
:1009B00053EA010019D0C8F140025046FFF777FF13
:1009C00005460E46504659464246FFF761FF08432A
:1009D00005D0012004E020463946BDE8F08D002016
:1009E000054346EAE0762C4337430A986305E40A58
:1009F000A0EB08000022FD0A44EA47540A3002D561
:100A000000200146E9E7010510196941DDE90845C3
:100A100000196941BDE8F04DA2E770B521F000432F
:100A200003430CD0C1F30A550024D5EB040564EB55
:100A30000403D617AD1AB34102DB0020014670BD96
:100A4000201841EB025170BD064C074D06E0E068EE
:100A500040F0010394E8070098471034AC42F6D305
:100A6000FFF76AFB80950008A095000870B58C1808
:100A700010F8015B15F0070301D110F8013B2A11B2
:100A800006D110F8012B03E010F8016B01F8016B9F
:100A90005B1EF9D12B0705D40023521E0DD401F89B
:100AA000013BFAE710F8013BCB1A921C03E013F864
:100AB000015B01F8015B521EF9D5A142D8D3002099
:100AC00070BD21B1826842F00102826003E0826859
:100AD00022F0010282607047014600208A6802F01D
:100AE00004020AB1012000E0002070470146C86CF2
:100AF00080B270470246002013680B400BB1012002
:100B000000E000207047014600208A6802F00802D9
:100B10000AB1012000E000207047000030B5024615
:100B20000020002350680F4C20400D790C6844EAE7
:100B300005242043506090680B4C2040D1E90254BA
:100B40002C434D7944EA450420439060D06A20F458
:100B500070000C7C641EE4B2234340EA0350D06270
:100B600030BD0000FFFEF0FFFDF7F1FFF0B50446D9
:100B70000D4600200021092D11DDE068A5F10A06CF
:100B800006EB4607072606FA07F18843A5F10A0691
:100B900006EB460603FA06F10843E0600CE0206924
:100BA00005EB4507072606FA07F1884305EB4506DE
:100BB00003FA06F108432061072A0FDA606B561E1C
:100BC00006EB86071F2606FA07F18843561E06EB3A
:100BD000860605FA06F10843606322E00D2A0FDA63
:100BE000206BD61F06EB86071F2606FA07F18843FF
:100BF000D61F06EB860605FA06F10843206310E0CF
:100C0000E06AA2F10D0606EB86071F2606FA07F139
:100C10008843A2F10D0606EB860605FA06F10843A5
:100C2000E062F0BD816841F008018160704721B148
:100C3000826842F4A002826003E0826822F4A0028B
:100C400082607047816841F0040181607047000054
:100C50002DE9F84F83460C46002C35D0BBF1000F30
:100C600032D02046FFF72EFD05465846FFF72AFDF5
:100C700006462946FFF760FB824600215046FFF7F3
:100C8000E7FD06D216495046FFF7D8FD01D2DFF83E
:100C900050A000215046FFF7D1FD06D21149504621
:100CA000FFF7D6FD01D2DFF83CA051460E48FFF712
:100CB00043FB0090FFF792FD074605F0ADF90546AE
:100CC000FFF79FFD814601E04FF0000907494846C4
:100CD000FFF700FB0546FFF71CFD00B2BDE8F88FEB
:100CE0003333B33E3333B3BE77BE1F3E00007A4486
:100CF00008B50121102002F0D7FD4FF40050ADF8E7
:100D0000000010208DF8030003208DF802006946D2
:100D1000044801F0EBFF4FF40051024802F0C3F821
:100D200008BD00000010014010B5534801F0A6FCBA
:100D3000002860D050480078312816D14E480079FC
:100D400040B200EB400040004C49C8804A48C0789F
:100D500040B2A0EB8000400008814748407840B294
:100D6000404200EB80004649088043480078322822
:100D700016D14148007940B200EB400040003F49A5
:100D8000C8803D48C07840B2A0EB80004000088198
:100D90003948407840B2404200EB80003849088032
:100DA0003548007833280FD13348C07840B2A0EBE3
:100DB000800040003149C8802F48807840B2A0EBC5
:100DC000800040002E4908802B480078412812D12D
:100DD000294840782B490870274880784870264871
:100DE000C078887024480079C87023484079087119
:100DF0002148807948712048007832283AD11E482D
:100E000080790007C00E204908801B48407900F017
:100E1000200038B11D4800880988084400B21B49E9
:100E200008800CE01448407900F0100038B11748F1
:100E3000008815490988401A00B2144908800E48F4
:100E4000407900F0400040B1104840880E490988C0
:100E5000084400B20D4948800CE00748407900F092
:100E6000800038B10948408807490988401A00B213
:100E70000649488010BD0000C00100205801002034
:100E80005E00002034000020900000206000002060
:100E90007748007873287DD175480079C0F18000CB
:100EA00074490978484300B27349C8807048C078D3
:100EB000C0F180006F490978484300B26E4908814B
:100EC0006B484079C0F1800080006C490880684818
:100ED000407800F0010018B101206949087012E063
:100EE0006748007878B167480078062805DA6548D1
:100EF0000078401C6349087002E0012061490870D5
:100F000000205F4908705A48407800F0020018B18C
:100F100001205D49087015E05B48007890B15548A4
:100F20000078022805DD53480078401E51490870BA
:100F300005E002204F490870012054490870002044
:100F4000514908704A48407800F0040018B1012067
:100F50004F49087015E04E48007890B14548007838
:100F6000092805DA43480078401C4249087005E02A
:100F70000920404908700120444908700020444974
:100F800008703B48407800F0800050B1414800882C
:100F9000414900E06BE00988084400B23D490880FF
:100FA0000CE03348407800F0200038B13948008820
:100FB00039490988401A00B2364908802C484078DF
:100FC00000F0400040B13348408833490988084464
:100FD00000B2304948800CE02548407800F010000D
:100FE00038B12C4840882C490988401A00B2294958
:100FF00048801F48807800F0040018B1012027497C
:10100000087015E02548007890B123480088192819
:1010100005DA21480088401D1F49088005E0192095
:101020001D49088001201949087000201B490870DB
:101030000F48807800F0010018B1012018490870AD
:1010400015E01748007890B113480088052805DDA1
:1010500011480088401F1049088005E005200E490E
:10106000088001200949087000200D490870704768
:10107000550000208D000020580100205E00002057
:101080008800002034000020890000205400002047
:101090008A000020600000208E0000208B000020CD
:1010A0008C0000202DE9F0412D4800F0E7FF0028DA
:1010B00054D02B48C089B0F5FA7F4FDA2848008910
:1010C000B0F5FA7F04DA4FF07F50264908600CE053
:1010D00023480089B0F57A7F04DA4FF07E50214929
:1010E000086002E020481F4908601D494988A1F5B1
:1010F0007870FFF7E7FA05461A4801682846FFF7B7
:10110000E9F80446FFF705FB00B21849C880144906
:101110000988A1F57870FFF7D5FA064611480068EE
:1011200080F0004531462846FFF7D4F80446FFF723
:10113000F0FA00B20D4908810949C988A1F5787013
:10114000FFF7C9FA06464FF03332094BFFF7D9F9DA
:101150000446FFF70BFB00B206490880BDE8F081AA
:10116000D0010020940000203333333F5801002089
:101170003333E3BF5E00002010B5042003F07AF99A
:101180000E4800680E49B0FBF1F00E4908700B489C
:1011900000680B49B0FBF1F44FF47A7044434FF010
:1011A000E020006940F002004FF0E02108610846AD
:1011B0004461006940F00100086110BD1C0000207E
:1011C00040420F009800002010B504464FF47A7199
:1011D00004FB01F000F002F810BD000070B50346FA
:1011E00000224FF0E02675690D4E367803FB06F4B9
:1011F0004FF0E026B16910E04FF0E026B069884278
:101200000BD0884202D20E1A324402E02E1A0E444B
:1012100032440146A24200D300E0EDE700BF70BDBA
:10122000980000204FF08040808C704700B587B058
:1012300001210D2002F038FB0121284801F0E2FDD8
:101240000820ADF8180004208DF81B0003208DF84D
:101250001A0006A9224801F049FD4FF40040ADF8FC
:10126000180006A91F4801F041FD0121084602F0BF
:10127000FBFA4FF0804003F091FA03A803F0E6FD7B
:101280000020ADF80C004FF6FF70ADF81000002004
:10129000ADF81200ADF80E0003A94FF0804003F046
:1012A00083FD00231A4603214FF0804003F06AFBC0
:1012B000684603F0DFFB0620ADF8080069464FF0F2
:1012C000804003F081FB00204FF0804188840121A1
:1012D000880703F047FA07B000BD000000031800BC
:1012E000000C0140000801404FF0804188847047A5
:1012F00001480088704700002404004000B587B012
:101300000121092002F0D0FA3020ADF818000420A5
:101310008DF81B0003208DF81A0006A91D4801F066
:10132000E5FC0121022002F09FFA01211A4801F098
:1013300069FD1A4803F032FA03A803F087FD002084
:10134000ADF80C004FF6FF70ADF810000020ADF8BE
:101350001200ADF80E0003A9104803F025FD00238C
:101360001A4603210D4803F00DFB684603F082FB8B
:101370000620ADF808006946084803F025FB002068
:101380000649243108800121044803F0EBF907B035
:1013900000BD0000000C014000081A0000040040DD
:1013A00001490880704700002404004001464906B6
:1013B000084A926942F00102064B9A61064A526855
:1013C00022F0E062044B5A601A4652680A435A609F
:1013D00070470000001002400000014008B50121E4
:1013E000082002F061FA0120ADF8000048208DF8D5
:1013F00003006946014801F079FC08BD000C01407A
:101400000348006808B9012070470020FCE700008D
:101410000081214208B50121142002F045FA102074
:10142000ADF800008DF8030003208DF80200694636
:101430000A4801F05BFC4FF48070ADF8000069468B
:10144000074801F053FC1021044801F02EFD4FF431
:101450008071034801F029FD08BD00000010014023
:101460000008014010B516480078012802D101F0AB
:10147000DFFE24E012480078022802D101F0E2FEEB
:101480001DE00F480078032802D101F051FF16E05B
:101490000B480078042802D101F052FF0FE0084801
:1014A0000078052802D101F0A3FF08E00448007885
:1014B000062802D101F0CEFF01E001F0B9FE10BD17
:1014C0003400002070B505462C46B4F5616F01DD8F
:1014D0004FF4616414F5616F00DA0D4C002C0BDDE4
:1014E0004FF461610B4803F02AFCC4F5616081B2DE
:1014F000084803F026FC0AE04FF46161054803F058
:1015000020FC04F5616081B2024803F018FC70BD54
:10151000F0F1FFFF0008004070B505462C46B4F519
:10152000616F01DD4FF4616414F5616F00DA0D4CF9
:10153000002C0BDD4FF461610B4803F004FCC4F593
:10154000616081B2084803F000FC0AE04FF4616179
:10155000054803F0FAFB04F5616081B2024803F02C
:10156000F2FB70BDF0F1FFFF0008004000B589B04C
:101570000121082002F098F94FF47070ADF82000B6
:1015800018208DF8230003208DF8220008A9274891
:1015900001F0ACFB0121042002F066F940F60F6077
:1015A000ADF818000020ADF81400ADF81A00ADF841
:1015B000160005A91E4803F0F7FB6020ADF80400F3
:1015C0000120ADF806000020ADF80A00ADF80C00CF
:1015D00001A9174803F058FA0821154803F0A0FAAA
:1015E00001A9134803F0A6FA0821114803F0F4FA00
:1015F00001A90F4803F0FEFA08210D4803F04AFB49
:1016000001A90B4803F050FB0821094803F08AFBAD
:101610000121074803F09AF80121054803F0A2F8D8
:101620000121034803F0AAF809B000BD000C0140F5
:10163000000800401CB50446062269463B2002F023
:1016400014F89DF801009DF8001040EA012000B256
:1016500020809DF803009DF8021040EA012000B2AE
:1016600060809DF805009DF8041040EA012000B25A
:10167000A0801CBD1CB5044606226946432001F02B
:10168000F4FF9DF801009DF8001040EA012000B22F
:1016900020809DF803009DF8021040EA012000B26E
:1016A00060809DF805009DF8041040EA012000B21A
:1016B000A0801CBD08B50121042002F0F5F84FF40C
:1016C000C050ADF8000010208DF8030003208DF805
:1016D00002006946164801F009FB0120154908601F
:1016E0001549C1F8AC0180216B2001F0C9FF1348F6
:1016F000FFF774FD00216B2001F0C2FF18211B20B1
:1017000001F0BEFF00211C2001F0BAFF00213820AB
:1017100001F0B6FF0021232001F0B2FF01216B2070
:1017200001F0AEFF00216C2001F0AAFF08BD00000F
:1017300000080140B001214200002142A0860100C2
:1017400010B50446E006010E1C2001F099FF10BD03
:1017500010B5044621461A2001F092FF10BD10B5C5
:101760000446E006010E1B2001F08AFF10BD70B593
:101770000446B4F57A7F01DD4FF47A740A2C00DA5E
:101780000A244FF47A7090FBF4F0401EC5B229464B
:10179000192001F075FF70BD70B5002415E004F14B
:1017A000B001C8B201F0CEFF002001F0CBFF102045
:1017B00001F0C8FF002504E0002001F0D3FF681C01
:1017C000C5B2802DF8DB601CC4B2082CE7DB70BD0D
:1017D0002DE9F04705460E46174698464FF000099A
:1017E0000024A7F1200000F0FF097B2D2BDA082E42
:1017F00029DAB8F1000F14D03146284601F08EFFE7
:1018000000BF0BE009EB490104EB41010F4A515CB9
:10181000C943C8B201F0A6FF601CC4B2062CF1DBBC
:1018200011E03146284601F079FF002409E009EB78
:10183000490104EB4101054A505C01F093FF601C33
:10184000C4B2062CF3DBBDE8F08700008C910008E1
:101850002DE9F04105460E4614461F460A2C07DACC
:1018600004F13000C2B23B4631462846FFF7B0FFD4
:10187000BDE8F0812DE9F05F05460E461746984613
:10188000DDE90A9B7F2D01DC072E01DDBDE8F09F1D
:10189000E819802803DC06EB0800082800DDF5E7DE
:1018A000BBF1000F18D0344613E02146284601F062
:1018B00035FFAA4609E019F8012BD143C8B201F05F
:1018C00051FF0AF1010000F0FF0ABA45F3DB601C8A
:1018D000C4B24445E9DB15E0344611E02146284610
:1018E00001F01CFFAA4607E019F8010B01F03AFFCE
:1018F0000AF1010000F0FF0ABA45F5DB601CC4B232
:101900004445EBDB00BFC1E72DE9F04104460D463D
:101910001646984600277B2C14DA082D12DA0EE0C2
:10192000F25D434629462046FFF752FFA01DC4B290
:101930007A2C02DD0024681CC5B2781CC7B2F05DA9
:101940000028EDD1BDE8F0812DE9FE4F80468A46A2
:1019500091461D46DDE90C7B002D76DDE8190A284D
:1019600073DAB9F1000F02DAC9F1000600E04E4661
:101970000A20B6FBF0F100FB11608DF80100642035
:10198000B6FBF0F100FB11600A21B0FBF1F08DF81D
:1019900002004FF47A70B6FBF0F100FB1160642195
:1019A000B0FBF1F0C0B28DF8030042F21070B6FB4C
:1019B000F0F100FB11604FF47A71B0FBF1F0C0B2AE
:1019C0008DF804005948B6FBF0F100FB116042F2BB
:1019D0001071B0FBF1F0C0B28DF805005448B6FBB1
:1019E000F0F100FB11605149B0FBF1F0C0B28DF88D
:1019F00006005048B6FBF0F100FB11604C49B0FB0B
:101A0000F1F0C0B28DF807004B48B6FBF0F100FBD7
:101A100011604849B0FBF1F0C0B28DF808004748AA
:101A2000B6FBF0F100FB11604349B0FBF1F0C0B22E
:101A30008DF80900B9F1000F41DA00232D2251463B
:101A40004046FFF7C5FE002412E037E0E919091B04
:101A5000491E1DF8012004EB440308F1060101EBC7
:101A60004301C8B25B465146FFF7F2FE601CC4B2A8
:101A7000681EA042EADC002F56D005EB450108EBBA
:101A80004101C8B25B462E225146FFF7A1FE002459
:101A900012E005EB450108EB4101891D04EB44030D
:101AA00001EB4301C8B2391B1DF801205B465146CA
:101AB000FFF7CEFE601CC4B2BC42EADB34E0002477
:101AC0000EE0E919091B1DF8012004EB440108EBA5
:101AD0004101C8B25B465146FFF7BAFE601CC4B272
:101AE000AC42EEDB07B305EB450108EB4101C8B2A0
:101AF0005B462E225146FFF76BFE002412E005EBF9
:101B0000450108EB4101891D04EB440301EB43014E
:101B1000C8B2391B1DF801205B465146FFF798FEFD
:101B2000601CC4B2BC42EADBBDE8FE8FA0860100A7
:101B300040420F008096980000E1F50500CA9A3BEC
:101B400000B587B00121042001F0AEFEA020ADF861
:101B5000040003208DF8060018208DF8070001A965
:101B6000544801F0C3F81020ADF804008DF80700C8
:101B700001A9504801F0BAF84020ADF80400102047
:101B80008DF8070001A94B4801F0B0F801210803C6
:101B900001F08AFE0020ADF808004FF48270ADF825
:101BA0000A000020ADF80C000220ADF80E00012064
:101BB000ADF810004002ADF812000020ADF814009E
:101BC000ADF816000720ADF8180002A93A4802F057
:101BD00006FA0121384802F0DFF9FF2002F0B4F9DB
:101BE0004021344801F061F96420FFF7EDFA40210B
:101BF000304801F058F9C820FFF7E6FA40212D4897
:101C000001F053F9AE2001F09DFD002001F09AFD96
:101C1000102001F097FD402001F094FD812001F09B
:101C200091FDEF2001F08EFDA12001F08BFDC82079
:101C300001F088FDA62001F085FDA82001F082FDBD
:101C40003F2001F07FFDD32001F07CFD002001F05A
:101C500079FDD52001F076FD802001F073FDD920BB
:101C600001F070FDF12001F06DFDDA2001F06AFD58
:101C7000122001F067FDDB2001F064FD402001F03F
:101C800061FD202001F05EFD022001F05BFD8D2052
:101C900001F058FD142001F055FDA42001F052FD83
:101CA000A62001F04FFDAF2001F04CFDFFF774FDC1
:101CB00007B000BD000801400030014008B5012117
:101CC000102001F0F1FD0120ADF8000048208DF852
:101CD000030003208DF802006946174801F006F85A
:101CE0000220ADF8000010208DF8030003208DF8CD
:101CF00002006946104800F0F9FF0420ADF800002A
:101D000010208DF8030003208DF8020069460A4870
:101D100000F0ECFF0820ADF8000010208DF8030063
:101D200003208DF802006946034800F0DFFF012020
:101D30000249086008BD00000010014088012242ED
:101D400070B50446002014490860002507E01349D7
:101D5000485D01F00DFD12494855681CC5B2092DBA
:101D6000F5DB01200C4908600D48407820700C48D4
:101D7000C078C04360700A480079C043A07008482A
:101D80004079E0700648807920710548C07960711B
:101D90000348007AA07170BD88012242B493000804
:101DA0000A04002000B591B00121082001F07CFD5B
:101DB0004FF40040ADF8400018208DF84300032098
:101DC0008DF8420010A92D4800F090FF4FF400411B
:101DD0002A4801F068F80121880301F045FD4FF41D
:101DE0004040ADF82C004FF48270ADF82E0000207A
:101DF000ADF83000ADF832000120ADF834004002FB
:101E0000ADF836001020ADF838000020ADF83A00EB
:101E10000720ADF83C000BA9194802F0E0F80121B9
:101E2000174802F0B9F80021154802F0A9F801227C
:101E30000221134802F0BCF80121084601F004FD1C
:101E4000104800F0BDFD0E480C3000900E48019087
:101E50001020029000200390049080200590002024
:101E60000690079008904FF40050099000200A90C7
:101E70006946044800F060FE11B000BD000C01404E
:101E80000038004058000240200300202DE9F041B6
:101E900006460F46904600202149087081F8C1008F
:101EA000002424E007FA04F000F0800008B1F821D3
:101EB00000E080211A4A601C115406FA04F000F078
:101EC000800008B1F82100E08021154A04F10900E2
:101ED000115408FA04F000F0800008B1F82100E085
:101EE00080210F4A04F111001154601C84B2082CA7
:101EF000D8DB01250EE0012408E00948005D182127
:101F000001FB0541064A5054601C84B2192CF4DBD5
:101F1000681C85B2082DEEDB01F050FDBDE8F081B4
:101F20002003002070B5064600202449087081F87F
:101F3000C10000243CE0002536E004EB44003044BE
:101F40004078A84000F0800008B1F82100E080212E
:101F500004EB440005EBC000401C184A115404EB8C
:101F60004400305CA84000F0800008B1F82100E097
:101F7000802104EB440005EBC00009300F4A1154E6
:101F800004EB440030448078A84000F0800008B1A1
:101F9000F82100E0802104EB440005EBC000113083
:101FA000064A1154681CC5B2082DC6DB601CC4B2B9
:101FB000082CC0DB01F002FD70BD000020030020F2
:101FC00070B5064600202449087081F8C10000243D
:101FD0003CE0002536E004EB440030444078A84063
:101FE00000F0800008B1F82100E0802104EB4400FB
:101FF00005EBC000401C184A115404EB4400305C4F
:10200000A84000F0800008B1F82100E0802104EB36
:10201000440005EBC00009300F4A115404EB4400A2
:1020200030448078A84000F0800008B1F82100E03A
:10203000802104EB440005EBC0001130064A115426
:10204000681CC5B2082DC6DB601CC4B2082CC0DBFE
:1020500001F0B4FC70BD00002003002010B505485D
:10206000007820B900200449C8800881488101F027
:10207000C1FC10BD5200002058010020014630482C
:102080000078002859D02F4840782E4A927840EAAC
:102090000220C0F30A0008802A488078C010294A2C
:1020A000D27840EA4210C0F30A0048802548C07840
:1020B0008011244A127940EA8200224A527940EA89
:1020C0008220C0F30A0088801E48407940101D4AD3
:1020D000927940EAC210C0F30A00C880194880799A
:1020E0000011184AD27940EA0210C0F30A000881B0
:1020F0001448C079C011134A127A40EA4200114ACA
:10210000527A40EA4220C0F30A0048810D48407AE2
:1021100080100C4A927A40EA8210C0F30A0088814B
:102120000848807A4011074AD27A40EAC200C88142
:102130000020034A1070012070470020FCE70000D7
:10214000A4000020E203002000B587B00121082090
:1021500001F0AAFB4FF40060ADF8180004208DF8E0
:102160001B0006A91D4800F0C1FD0121880401F0F3
:102170007BFB1B4802900020ADF80C004FF4005090
:10218000ADF80E00C010ADF810000020ADF814003E
:102190000420ADF8120002A9124803F045FA2720E6
:1021A0008DF8040001208DF805008DF806008DF8EB
:1021B000070001A801F070FA012240F225510948F8
:1021C00003F00DFA012240F22441064803F007FA19
:1021D0000121044803F0C0F907B000BD000C014024
:1021E000A08601000048004000B589B001211120FF
:1021F00001F05AFB4FF47070ADF8200018208DF8F4
:10220000230003208DF8220008A9294800F06EFD64
:102210000121480301F048FB4720ADF814000020DD
:10222000ADF8160044F61F60ADF818000020ADF8B8
:102230001A0005A91F4802F0B7FD6020ADF80400A0
:102240000120ADF8060040F2DC50ADF80A00002095
:10225000ADF80C0001A9174802F016FC082115483A
:1022600002F05EFC01A9134802F064FC0821114849
:1022700002F0B2FC01A90F4802F0BCFC08210D4895
:1022800002F008FD01A90B4802F00EFD08210948E3
:1022900002F048FD0121074802F058FA01210548E3
:1022A00002F060FA0121034802F068FA09B000BDAB
:1022B00000100140003401402DE9F0410446B4F51E
:1022C000617F01DD4FF4617414F5617F00DA0B4C1E
:1022D0002046FEF7F7F980460949FDF7FBFF074660
:1022E0000849FDF79FFF0646FEF72CFA85B22946FE
:1022F000054802F02AFDBDE8F08100007CFCFFFFEC
:102300003F358E3F0080BB44003401402DE9F04151
:102310000446B4F5617F01DD4FF4617414F5617F0B
:1023200000DA0B4C2046FEF7CDF980460949FDF74F
:10233000D1FF07460849FDF775FF0646FEF702FA8A
:1023400085B22946054802F0FEFCBDE8F081000098
:102350007CFCFFFF3F358E3F0080BB4400340140D2
:102360002DE9F0410446B4F5617F01DD4FF461745D
:1023700014F5617F00DA0B4C2046FEF7A3F9804686
:102380000949FDF7A7FF07460849FDF74BFF064639
:10239000FEF7D8F985B22946054802F0D2FCBDE81F
:1023A000F08100007CFCFFFF3F358E3F0080BB4486
:1023B000003401402DE9F84F04460D4629462046D9
:1023C000FDF782FF27490860274801682548006813
:1023D000FDF77AFF82462548B0F90000FEF772F952
:1023E00083465146FDF776FF80462148B0F900004C
:1023F000FEF768F982461B4801685046FDF76AFF00
:1024000081464146FDF70EFF07461A48B0F9000025
:10241000FEF758F939460090FDF704FF0646FEF72F
:1024200078F900B2134908800E4800680E49086028
:102430001048B0F9000041F26801884202DD084608
:102440000C4908800B48B0F900000B49884203DAB8
:102450004EF69870074908800648B0F90000BDE8BC
:10246000F88F000074000020780000205000002049
:102470004E0000207000002098EFFFFF2DE9F84F7C
:1024800004460D4629462046FDF71EFF27490860F1
:102490002748016825480068FDF716FF8246254851
:1024A000B0F90000FEF70EF983465146FDF712FF22
:1024B00080462148B0F90000FEF704F982461B4827
:1024C00001685046FDF706FF81464146FDF7AAFE2A
:1024D00007461A48B0F90000FEF7F4F839460090B4
:1024E000FDF7A0FE0646FEF714F900B21349088076
:1024F0000E4800680E4908601048B0F9000041F22B
:102500006801884202DD08460C4908800B48B0F992
:1025100000000B49884203DA4EF69870074908809C
:102520000648B0F90000BDE8F88F000080000020E8
:1025300084000020500000204E0000207C0000207D
:1025400098EFFFFF10B586B004460121042001F08A
:10255000ABF90121880301F0A7F94FF40070ADF841
:10256000140018208DF8170003208DF8160005A917
:102570001C4800F0BBFB4FF48060ADF81400042051
:102580008DF8170005A9174800F0B0FB0194002052
:10259000ADF80800ADF80A00ADF80C00ADF8100079
:1025A0000C20ADF80E0001A90F4803F03DF82520DE
:1025B0008DF8000002208DF8010001208DF8020046
:1025C0008DF80300684601F067F8012240F22551BA
:1025D000054803F004F80121034802F0BDFF06B0EE
:1025E00010BD000000080140003801402DE9F0470F
:1025F00007460D4690464FF00009202D37DCAA20F3
:102600001C49087055204870681D8870084680F87D
:102610000380002405E0395D201D164A1154601C1A
:10262000C4B2AC42F7DB281DC6B2002406E0114854
:10263000005D484400F0FF09601CC4B2B442F6DB00
:102640000C4800F80490681DC6B200240DE009484B
:10265000015D094803F059F800BF4021064802F027
:1026600087FF0128F9D1601CC4B2B442EFDBBDE89A
:10267000F0870000080200200038014010B5034632
:102680000B48007890B10B488078001FC2B200213F
:1026900005E0C81C074C205C5854481CC1B291424C
:1026A000F7DB0020024C2070104610BD0020FCE734
:1026B0009B0000203002002010B586B004460121A6
:1026C000082001F0F1F80420ADF8140018208DF86E
:1026D000170003208DF8160005A91E4800F006FB20
:1026E0000820ADF8140004208DF8170005A919483A
:1026F00000F0FCFA0121480401F0B6F80194002032
:10270000ADF80800ADF80A00ADF80C00ADF8100007
:102710000C20ADF80E0001A90F4802F085FF26201D
:102720008DF8000002208DF8010001208DF80200D4
:102730008DF80300684600F0AFFF012240F22551FA
:10274000054802F04CFF0121034802F005FF06B0E6
:1027500010BD0000000801400044004010B586B0E4
:1027600004460121102001F09FF84FF48060ADF87D
:10277000140018208DF8170003208DF8160005A905
:102780001E4800F0B3FA4FF40060ADF814000420C6
:102790008DF8170005A9194800F0A8FA0121C8040E
:1027A00001F062F801940020ADF80800ADF80A00CD
:1027B000ADF80C00ADF810000C20ADF80E0001A92A
:1027C0000F4802F031FF34208DF8000002208DF810
:1027D000010001208DF802008DF80300684600F02A
:1027E0005BFF012240F22551054802F0F8FE01216D
:1027F000034802F0B1FE06B010BD00000010014019
:10280000004C00402DE9F04707460D4690464FF03A
:102810000009322D37DCAA201C4908705520487069
:10282000681D8870084680F80380002405E0395D43
:10283000201D164A1154601CC4B2AC42F7DB281D9F
:10284000C6B2002406E01148005D484400F0FF09CC
:10285000601CC4B2B442F6DB0C4800F80490681D5A
:10286000C6B200240DE00948015D094802F04DFFA1
:1028700000BF4021064802F07BFE0128F9D1601C10
:10288000C4B2B442EFDBBDE8F0870000A80200202C
:10289000004C00402DE9F05F01211148FEF7C7F917
:1028A00000BF02210E48FEF725F90028F9D00C4898
:1028B000FEF71CF983465846FDF71EFF8046094A7D
:1028C000094BFDF71EFE06460022084BFDF78BFE66
:1028D0000446FDF76AFF1FFA80FA5046BDE8F09FF4
:1028E000002801400AD7A370BD54AC4000FEAF40A1
:1028F00000B587B00121082000F0D6FF0220ADF816
:10290000180000208DF81B0006A91D4800F0EEF904
:102910000121880200F0C8FF002001908DF8080016
:102920008DF809004FF460200390002004900120EE
:102930008DF8140001A91348FEF7F0F84FF4004099
:1029400000F076FF0723012209210E48FEF70EF959
:1029500001210C48FEF7B5F80A48FEF763F900BFFD
:102960000848FEF7D0F80028FAD10648FEF76AF9C1
:1029700000BF0448FEF7B0F80028FAD107B000BD48
:10298000000C01400028014000BFFEE700F080512C
:1029900011B10349086001E0024948607047000036
:1029A000040402400000024021B1026842F001022A
:1029B000026004E002684FF6FE731A40026070473E
:1029C00001684FF6FE721140016000210160416014
:1029D0008160C1604B49884208D14A490839496839
:1029E00041F00F01474A083A51608AE045491431E5
:1029F000884208D143490839496841F0F001414A09
:102A0000083A51607DE03F492831884208D13D496C
:102A10000839496841F470613A4A083A516070E0F7
:102A200038493C31884208D136490839496841F46F
:102A30007041344A083A516063E03249503188426B
:102A400008D130490839496841F470212D4A083AC3
:102A5000516056E02B496431884208D12949083930
:102A6000496841F47001274A083A516049E0254914
:102A70007831884208D123490839496841F07061AA
:102A8000204A083A51603CE01F49884206D1011FA4
:102A9000096841F00F01021F116032E01A49143138
:102AA000884208D11849091F096841F0F001164A07
:102AB000121F116025E014492831884208D11249BB
:102AC000091F096841F470610F4A121F116018E074
:102AD0000D493C31884208D10B49091F096841F46E
:102AE0007041094A121F11600BE0074950318842BA
:102AF00007D10549091F096841F47021024A121FD4
:102B0000116070470800024008040240014600209E
:102B1000002201F0805313B1054B1A6801E0054B08
:102B20001A6802EA01030BB1012000E0002070479F
:102B3000000402400000024010B50022026847F67F
:102B4000F0739A430C6A8B6823430C6923434C69E6
:102B500023438C692343CC6923434C6A23438C6A07
:102B600023431A430260CB6843600B6883604B6861
:102B7000C36010BD41607047704700001CB598E00D
:102B8000642004F00FFC4B48007800B349480078FB
:102B9000012806D1002348A202215A20FEF7B4FEE4
:102BA0001BE044480078022806D1002343A20221FA
:102BB0005A20FEF7A9FE10E03E48007803280CD109
:102BC00000233FA202215A20FEF79EFE05E00023CB
:102BD0003CA202215A20FEF797FE3B480088FDF7F1
:102BE0008BFD0546394A3A4BFDF78BFC0746FDF74E
:102BF000BDFD04460020012102232246CDE900103C
:102C000003211E20FEF7A0FE002000900190314815
:102C1000B0F90A20062303215A20FEF795FE64200E
:102C200004F0C0FB00200321CDE900102A48B0F9D0
:102C3000000000EB80004200022305211E20FEF769
:102C400083FE00200221CDE900102448B0F90020C5
:102C5000052319466020FEF777FE21480022214B0C
:102C6000D0E900512846FDF74CFC0746FDF77EFDF4
:102C70000446002002210B462246CDE90010062121
:102C80001E20FEF761FE18480022164BD0E90051C5
:102C90002846FDF736FC0746FDF768FD0446002090
:102CA00002210B462246CDE9001006215A20FEF7EC
:102CB0004BFE65E75C00002050533200415050004D
:102CC000524D5300524F53003A0000209A9999995F
:102CD0009999B93FA00100205E0000205801002012
:102CE0008001002000005940900100202DE9F041B2
:102CF000024600250026002000230024002791F82A
:102D000003C00CF00F0591F803C00CF0100CBCF1DF
:102D1000000F03D091F802C04CEA050591F800C0FD
:102D2000BCF1000F31D0146800202BE04FF0010CF3
:102D30000CFA00F3B1F800C00CEA03069E4220D161
:102D400083004FF00F0C0CFA03F7BC4305FA03FCA9
:102D50004CEA040491F803C0BCF1280F06D14FF0EF
:102D6000010C0CFA00FCC2F814C00AE091F803C090
:102D7000BCF1480F05D14FF0010C0CFA00FCC2F871
:102D800010C0401C0828D1D31460B1F800C0BCF1B9
:102D9000FF0F34DD546800202EE000F1080C4FF0E6
:102DA000010808FA0CF3B1F800C00CEA03069E42D1
:102DB00021D183004FF00F0C0CFA03F7BC4305FA46
:102DC00003FC4CEA040491F803C0BCF1280F05D1C0
:102DD00000F1080C08FA0CF8C2F8148091F803C04E
:102DE000BCF1480F07D100F1080C4FF0010808FAB8
:102DF0000CF8C2F81080401C0828CED35460BDE8FF
:102E0000F0810000F0B50A460023002400210025CF
:102E100000F00046B6F1004F02D11D4EF16901E00D
:102E20001B4E7168C0F3034583B200F44016B6F53B
:102E3000401F08D121F07061154E766826F070664B
:102E4000134F7E6012E000F48016B6F5801F06D1A5
:102E5000032606FA05F4A14341F0706106E0460D31
:102E6000360103FA06F6B14341F0706122B1460D16
:102E7000360103FA06F6314300F00046B6F1004F82
:102E800002D1034EF16101E0014E7160F0BD00001E
:102E9000000001400246002093680B400BB1012066
:102EA00000E00020704741617047016170470AB13E
:102EB000016100E04161704700BFFEE710B50020EE
:102EC0000E4908600E48006820F470400C49086004
:102ED0000846006840F44050086000200949C1F8E5
:102EE000AC010120FEF77AF9012004490860FEF7E1
:102EF00075F900200349C1F8B00110BDB0012142AD
:102F0000040801400000214210B500200E4908606D
:102F10000E48006820F470400C49086008460068BC
:102F200040F44050086001200949C1F8AC01FEF7A7
:102F300055F9012004490860FEF750F900200449C2
:102F4000C1F8B00110BD0000B001214204080140E9
:102F50000000214270B5054600241748006820F49F
:102F60007040154908600846006840F40040086059
:102F7000002616E00020114908600220FEF72EF915
:102F800001200F49C1F8B0016006040E0B488438D7
:102F9000006808B1601CC4B20220FEF71FF9701C63
:102FA000C6B2082EE6DB15B1FFF788FF01E0FFF798
:102FB000ABFF204670BD000004080140B001214273
:102FC0000000214270B504461448006820F47040A7
:102FD000124908600846006840F44050086000202C
:102FE0000F490860002516E0E0090D49091F086037
:102FF0006006040E0120FEF7F1F801200949C1F82E
:10300000B001FEF7EBF80020054908600120FEF74B
:10301000E5F8681CC5B2082DE6DB70BD0408014068
:10302000B00121420000214210B51648006820F48A
:103030007040144908600846006840F44050086039
:103040000120114908601148D0F82C0108B900206E
:1030500010BD01200C49091D0860FEF7BFF80020D3
:103060000A49C1F8AC0108488038006808B100205E
:10307000EEE70120FEF7B2F800200349091D0860C1
:103080000120E5E704080140AC0121420000214293
:1030900010B50E48006820F470400C4908600846DE
:1030A000006840F440500860002009490860094960
:1030B000C1F8AC010120FEF791F801200449086035
:1030C0000449C1F8AC01FEF789F810BD04080140BD
:1030D000B00121420000214210B5002415480068CB
:1030E00020F47040134908600846006840F400402E
:1030F0000860012010490860FEF770F801200F49B0
:10310000C1F8B001FEF76AF80AE0601CC4B2322CC4
:1031100003DDFFF7BDFF002010BD0120FEF75EF8C4
:103120000548803800680028EFD10349091D086070
:103130000120F1E704080140AC01214200002142D6
:1031400010B51A48B0F90000B0F5617F03DD4FF407
:103150006170164908801548B0F9000010F5617FCC
:1031600003DA4FF67C40114908801048B0F902009C
:10317000B0F5617F03DD4FF461700C4948800B4866
:10318000B0F9020010F5617F03DA4FF67C40074981
:1031900048800649B1F90000FFF78EF803494988D5
:1031A000494208B2FFF7B2F810BD000060000020ED
:1031B00039E0FEF725F9002832D0322004F0F2F889
:1031C000FEF71EF960B3002417E0322004F0EAF89D
:1031D000FEF716F900B912E03C2C0CD14FF4005167
:1031E0001148FFF762FEC82004F0DCF84FF40051EC
:1031F0000D48FFF758FE601CC4B2C82CE5DB00BFC9
:10320000142C0CDA09480078062805DA07480078FB
:10321000401C0649087002E001200449087000BF04
:10322000322004F0BFF8C4E7001001403400002051
:1032300010B5034B5A791979D878FEF727FE10BDDF
:10324000340000202DE9F0413748C078802801DBA8
:10325000012000E00020054633480079802801DB8A
:10326000012000E0002006462F484079802801DB3D
:10327000012000E0002007462C480078292811DAB8
:103280002A48007800EB40004006040E07FB04F3D8
:10329000DAB206FB04F3D9B205FB04F3D8B2FEF7A9
:1032A000F5FD3AE0214800783D280CDAF02407FBD0
:1032B00004F3DAB206FB04F3D9B205FB04F3D8B287
:1032C000FEF7E4FD29E0194800784F2811DA174885
:1032D0000078C0F15000C006040E07FB04F3DAB218
:1032E00006FB04F3D9B205FB04F3D8B2FEF7CEFD1A
:1032F00013E00E4800785B280CDA0C2407FB04F37B
:10330000DAB206FB04F3D9B205FB04F3D8B2FEF738
:10331000BDFD02E002200549087004480078401C09
:1033200002490870BDE8F081340000203000002020
:1033300010B50248FEF744FE10BD0000548B000893
:1033400010B528480078032803DA2748FEF738FE2E
:1033500042E024480078062805DA0022114610468B
:10336000FEF794FD38E01F4800780A2803DA1E486B
:10337000FEF726FE30E01B480078142805DA00220C
:1033800011461046FEF782FD26E016480078172801
:1033900003DA1648FEF714FE1EE0124800781A28D9
:1033A00005DA002211461046FEF770FD14E00D48C4
:1033B00000781E2803DA0D48FEF702FE0CE00948EB
:1033C0000078282805DA002211461046FEF75EFD37
:1033D00002E000200349087002480078401C0149BF
:1033E000087010BD310000206C8B0008848B000831
:1033F00010B51648C078164908701448007948700E
:103400001248407988701148C07848750F48017992
:103410000F4881750D4841790D48C17501240EE0B2
:10342000002004EB44010A4A505404EB44011144C7
:10343000487004EB440111448870601CC4B2072C2E
:10344000EEDB0348FEF76EFD10BD000034000020E7
:103450003C01002010B543480078082836DA41487E
:103460000078A8B100213F480078401E00EB4000E2
:103470003D4A11543B480078401E00EB4000104488
:10348000417038480078401E00EB400010448170C5
:103490003648C0783349097801EB4101324A50542B
:1034A000324800792F49097801EB410111444870F5
:1034B0002E4840792B49097801EB4101114488706D
:1034C00028480078401C2749087047E025480078C4
:1034D000102840DA23480078082818D00021214815
:1034E0000078C0F1100000EB40001F4A11541D4845
:1034F0000078C0F1100000EB400010444170194802
:103500000078C0F1100000EB4000104481701748B3
:10351000C07814490978C1F10F0101EB4101124A49
:103520005054124800790F490978C1F10F0101EB9D
:103530004101114448700D4840790A490978C1F1A8
:103540000F0101EB41011144887006480078401CCE
:103550000449087002E00020024908700248FEF7A2
:10356000E1FC10BD320000203C01002034000020AE
:103570000DE01E2003F016FF0548007810B1FDF79E
:1035800071FF04E0002211461046FEF77FFCF0E7D1
:10359000530000202DE9F04106460F4614461D4613
:1035A000FFF742FD10B90120BDE8F0817106080E59
:1035B000FFF708FDFFF790FD18B9FFF769FD01203F
:1035C000F2E73846FFF7FEFCFFF786FDFFF72CFD1C
:1035D000012101EB4601C8B2FFF7F4FCFFF77CFDC7
:1035E0000DE0012C04D10020FFF7B4FC287003E0AB
:1035F0000120FFF7AFFC28706D1C601EC4B2002CC8
:10360000EFD1FFF745FD0020CEE72DE9F04105465B
:103610000E4617469846FFF707FD10B90120BDE892
:10362000F0816906080EFFF7CDFCFFF755FD18B9CC
:10363000FFF72EFD0120F2E73046FFF7C3FCFFF74E
:103640004BFD00240BE018F80400FFF7BBFCFFF76C
:1036500043FD18B9FFF71CFD0020E0E7641CBC42E5
:10366000F1DBFFF715FD0020D9E770B504460D46E4
:103670001646F2B22B4621466820FFF78BFF70BD3D
:1036800013B5044601AB012221466820FFF7BDFFB8
:103690001CBD00BFFEE7704770B5002100230F225C
:1036A000C47804B3154C246804F4E064C4F5E06401
:1036B000210AC1F10403CA40447804FA03F1847872
:1036C0001440214309010E4C0678A155047804F0FA
:1036D0001F050124AC4005786D11AD0005F1E02512
:1036E000C5F8004109E0047804F01F050124AC404E
:1036F000044D0678761145F8264070BD0CED00E0CB
:1037000000E400E080E100E002490143024A116068
:10371000704700000000FA050CED00E070B50446AB
:103720000D4605F1B001C8B200F00CF8102141EAD5
:10373000141000F007F804F00F0141F0010000F050
:1037400001F870BD10B5044610210548FFF7ABFB2A
:10375000204600F0F9FB10210148FFF7A6FB10BD41
:103760000008014010B50446204600F0EDFB10BDF6
:103770001CB50446002001900120009027E09DF830
:103780000000204018B101201449086002E0002028
:103790001249086000201149083108601020FDF727
:1037A0001DFD0F48D0F8000128B19DF804009DF8D8
:1037B00000100843019001200849083108601020DA
:1037C000FDF70CFD9DF800004006000E00909DF8EE
:1037D00000000028D3DC9DF804001CBD84012242B7
:1037E0000000224200BF04F011FD0D49086016E000
:1037F00014210B4803F012FE0A48FEF7A1FA0A480A
:10380000007801280BD007484078082807D10548E0
:10381000807920B901200449087004490870E7E75D
:103820006C000020550000205C00002054000020A7
:1038300001460020034A506820F44040084350608D
:10384000704700000010024029B1064A5269024345
:10385000044B5A6104E0034A52698243014B5A61A6
:10386000704700000010024029B1064AD2690243A5
:10387000044BDA6104E0034AD2698243014BDA6106
:10388000704700000010024029B1064A1269024345
:10389000044B1A6104E0034A12698243014B1A6126
:1038A000704700000010024029B1064A92690243A5
:1038B000044B9A6104E0034A92698243014B9A6186
:1038C000704700000010024029B1064AD268024346
:1038D000044BDA6004E0034AD2688243014BDA60A9
:1038E000704700000010024030B500210022002483
:1038F00000232D4D6D6805F00C0121B1042905D080
:10390000082923D105E0294D056022E0274D0560F7
:103910001FE0254D6D6805F47012234D6D6805F4A8
:103920008034022505EB92421CB9214D55430560B8
:103930000BE01D4D6D6805F400351DB11C4D554360
:10394000056002E0194D5543056002E0174D056022
:1039500000BF00BF144D6D6805F0F0010909154D59
:103960006B5C0568DD4045600F4D6D6805F4E061F6
:10397000090A104D6B5C4568DD4085600A4D6D6835
:1039800005F46051C90A0B4D6B5C4568DD40C560AC
:10399000054D6D6805F44041890B074D6B5CC568AA
:1039A000B5FBF3F5056130BD0010024000127A004E
:1039B00000093D00200100203001002010B5C22187
:1039C0000B48FFF7D7F801210948FEF7EDFF00BFCC
:1039D0004FF40030FFF79AF80028F9D0002104488E
:1039E000FEF7E2FF4FF40030FEF7D0FF10BD0000FD
:1039F000580002402DE9F04F8FB0FDF713FC00B2E4
:103A00000990FCF768FE8246D24AD34BFCF779FD59
:103A100081F00041CDE90A01FCF7F3FE0D90FCF7BF
:103A2000DDFECE4A03C20020FDF75EFCFDF760FC20
:103A300000B20990FCF74FFEC64AC74BCDE90A0118
:103A4000FCF75FFD8246FCF7DCFE0D90FCF7C6FE3E
:103A5000C34A03C20020FDF7A3FCC248B0F9060028
:103A600040F2DC51884202DD0846BE49C880BD48AC
:103A7000B0F90600BC49884203DA4FF62420B94960
:103A8000C880B849B1F90600FCF725FE0022B74B03
:103A9000CDE90C01FCF7A7FD8246FCF7B2FE044617
:103AA000B348B0F90000FCF716FE0022AF4BCDE999
:103AB0000C01FCF798FD8246FCF7A3FE0646304653
:103AC000FCF78CFECDE90A0103F084FA02460B46AE
:103AD000CDE90C014FF06040A649FCF784FD824619
:103AE000FCF78FFE8046A248008800287CD0404624
:103AF000FCF774FECDE90A014046FCF76FFE8246F2
:103B00009D4A9E4BFCF7F7FCCDE906012046FCF7E9
:103B100065FECDE90401DDE90623FCF7F2FCCDE901
:103B20000801DDE90A23FCF75EFDCDE90C01FCF795
:103B300068FE8A4988604046FCF750FECDE90A01DC
:103B40004046FCF74BFE8C4A8C4BCDE90401FCF758
:103B500031FCCDE908012046FCF740FECDE9060125
:103B6000DDE90823FCF7CDFC8246DDE90A23FCF7FA
:103B70003AFDCDE90C01FCF744FE794988603046F6
:103B8000FCF72CFE7E4A7F4BCDE90001FCF7B9FC27
:103B9000824603F01FFA02460B46CDE902014FF0C0
:103BA00060407449FCF71FFD734A744BCDE9040172
:103BB000FCF700FC02460B46CDE906014FF06040E1
:103BC0006C49FCF710FDCDE9080102F025FA6E4AB8
:103BD0006E4BCDE90A01FCF794FCCDE90C01FCF732
:103BE00010FE054605E0FFE75C4884605C488460A1
:103BF00000252846FCF7F2FD8246654A654BFCF736
:103C000080FCCDE906012846FCF7E8FDCDE902017C
:103C10002846FCF7E3FD82465F4A604BFCF771FCE7
:103C2000CDE90001DDE90223FCF76BFCCDE90401DD
:103C3000DDE90623FCF7BEFB81F000410022584B72
:103C4000CDE90801FCF75DFC564A574BCDE90A0166
:103C5000FCF7C9FCCDE90C01FCF7D3FD074653493D
:103C60003846FCF737FB83460021FCF7DBFA824637
:103C7000FCF74FFD0FFA80F94846FEF771FB374815
:103C8000D0E900211046FCF7BCFD82463349886824
:103C90005146FEF78FFB314988813149D1E9002136
:103CA0001046FCF7AEFD82462D4988685146FEF766
:103CB000E5FB2B49888129498989494208B2FDF7EA
:103CC00001FC2749B1F90C00FDF726FC2349D1E995
:103CD00000A181F00043224903C95246CDE9060103
:103CE000FCF768FB00224FF08043CDE90801FCF7A8
:103CF0007AFC00221D4BCDE90A01FCF702FCCDE95C
:103D00000C01FCF733FD00B2164908800020488002
:103D10001249D1E900A181F00043114803C852467D
:103D2000CDE90601FCF746FB134A214BCDE908011A
:103D3000FCF759FC00220D4BCDE90A01FCF7E1FB31
:103D4000CDE90C01FCF712FD00B2064988800FB0E6
:103D5000BDE8F08FE3775F723A55733F8001002032
:103D6000900100205801002024FAFFFF00408F40FE
:103D70005E000020CEF7C33F1F85EB51B81EB53F54
:103D8000CAC342AD69DE913F144C77B6D7A54C400B
:103D90009BE61DA7E848F33F091B9E5E29CB703FB9
:103DA00000806640A7E8482EFF210940000020411E
:103DB000B81EC53F10B51B48FDF73CFC19484088AC
:103DC0001949088017480088404200B248801548C9
:103DD000808888801548FDF74DFC144800881449F8
:103DE0000988084400B211490880084640881049F3
:103DF0004988084400B20D494880084680880C492B
:103E00008988084400B209498880084640880649E4
:103E1000C88006480088404200B208810348808874
:103E2000488110BD3C000020A0010020420000207D
:103E30004800002010B529480088000A2849087069
:103E400026480078487025484088000A8870234832
:103E50008078C87021488088000A08711F4800795E
:103E600048711E48C088000A88711C488079C87152
:103E70001A480089000A08721848007A48721748E0
:103E80004089000A88721548807AC87215480088EF
:103E9000000A087313480078487312484088000AE3
:103EA000887310488078C8730E488088000A0874A8
:103EB0000C48007948740C480088001288740A483D
:103EC0000078C874102214210548FEF79BFC1022CC
:103ED00014210348FEF78AFB10BD0000A00100205A
:103EE000AC010020580100203A00002000BF04F07F
:103EF0008DF91349086022E01421114803F08EFA6D
:103F00001048007898B10F480078012802D1FCF7DA
:103F1000BFFF0CE00B480078022802D1FCF704FF39
:103F200005E008480078032801D1FDF7BBF8FEF74B
:103F300095F8FFF705F9FFF73DFFFFF77BFFDBE79C
:103F4000640000205C00002010B5044600BF022180
:103F50000A4800F036F80028F9D02146074800F05A
:103F60003CF800BF0121054800F02BF80028F9D0EB
:103F7000024800F02FF8C0B210BD00000030014030
:103F800021B1028842F40052028004E002884DF61A
:103F9000FF731A400280704721B1028842F040024C
:103FA000028004E002884FF6BF731A400280704717
:103FB0001AB183880B43838002E083888B4383801C
:103FC00070470246002013890B400BB1012000E02E
:103FD000002070470146888970478181704710B57D
:103FE0000022028802F441520B884C8823438C88BB
:103FF0002343CC8823430C8923434C8923438C8956
:104000002343CC8923431A430280838B4FF2FF74EE
:10401000234083830B8A038210BD10B500F002F8A1
:1040200010BD00000CB500200190009033480068DE
:1040300040F480303149086000BF3048006800F427
:10404000003000900198401C0190009818B9019828
:10405000B0F5A06FF1D12948006800F4003010B12C
:104060000120009001E0002000900098012843D139
:104070002348006840F010002149086008460068A5
:1040800020F0030008600846006840F00200086065
:104090001A48406819494860084640684860084620
:1040A000406840F4806048600846406820F47C1016
:1040B00048600846406840F4E810486008460068D8
:1040C00040F08070086000BF0C48006800F000708D
:1040D0000028F9D00948406820F0030007494860EB
:1040E0000846406840F00200486000BF034840684E
:1040F00000F00C000828F9D10CBD000000100240AF
:10410000002002402DE9FF41074655250220904935
:104110000870002048708870C870FF2008714871CE
:104120000020FEF7C9F80020FEF7F0F80020FEF7A7
:1041300017F900262BE04FF480718648FEF7B3FE96
:104140001E2003F02FF94FF480718248FEF7ADFE78
:10415000142003F027F902A8FDF78CFA7E480088A6
:10416000BDF80810084400B27B4908800846408822
:10417000BDF80A10084400B2774948800846808894
:10418000BDF80C10084400B273498880761C0A2ED2
:10419000D1DB7148B0F9000040420A2190FBF1F0F8
:1041A00000B26D4908800846B0F9020040420A2179
:1041B00090FBF1F000B2684948800846B0F904006D
:1041C00040420A2190FBF1F000B26349888000264A
:1041D0002CE0002410E0E006050E002211462846DF
:1041E000FDF754FE4FF480715A48FEF75CFE142030
:1041F00003F0D8F8601CC4B21E2CECDB142412E0CF
:1042000004EB44008006050E002211462846FDF707
:104210003DFE4FF480714F48FEF747FE142003F037
:10422000C1F8601EC4B2002CEADC761C032ED0DB81
:10423000002211461046FDF729FE4FF480714548D3
:10424000FEF731FE4FF400514448FEF72EFE642085
:10425000FCF7BAFF4FF400514048FEF724FEFDF78B
:104260009BFA00233EA219461846FDF74DFB00239A
:1042700041A201211846FDF747FB002344A2022179
:104280001846FDF741FB002347A202211E20FDF73F
:104290003BFB002346A203211846FDF735FB002314
:1042A00035A204211846FDF72FFB002346A2052165
:1042B0001846FDF729FB002349A206211846FDF701
:1042C00023FB02F003FF4C48032100234FF48072CC
:1042D000CDE9001049A14C4803F058FF4B48042198
:1042E00000238022CDE9001049A14C4803F04EFF85
:1042F0004B48052100238022CDE9001049A14C48FC
:1043000003F044FF4B48062100238022CDE9001032
:1043100049A14C4803F03AFF4B480A210023802270
:10432000CDE9001049A14C4803F030FF4B480B2168
:1043300000238022CDE9001049A14C4803F026FF5C
:104340004B48006803F0DAF802F002FFBDE8FF8195
:104350003400002000080140480000200010014007
:104360002020202A205441524B424F5420414B4D93
:10437000202A2020200000002D2D2D2D2D2D2D2D2B
:104380002D2D2D2D2D2D2D2D2D2D2D2D2D000000E4
:10439000205665723A56302E3030204D6F643A52B6
:1043A0004F5320202000000056312E3030000000F6
:1043B00020566F6C3A31322E32562047797A3A3095
:1043C000303030302000000020416E673A3030300D
:1043D0002E30302056656C3A302E303030200000C0
:1043E000204D54413A30302E3030204D54423A2D39
:1043F000302E30302000000004000020526F626F29
:10440000745F5461736B0000ED3E000808000020EB
:104410004B65795F5461736B00000000B131000897
:104420000C0000204C696768745F5461736B000076
:104430007135000810000020446973705F54617387
:104440006B0000007D2B0008140000205472697678
:1044500069615F5461736B00614E000818000020B1
:104460005073325F5461736B00000000E537000841
:1044700000000020042808D14FF0E021096941F034
:1044800004014FF0E022116107E04FF0E0210969DB
:1044900021F004014FF0E0221161704710B503F0E4
:1044A000A5FE012801D003F01BFB10BD10B5134879
:1044B000006840F001001149086008464068104952
:1044C00008400E494860084600680E4908400B49FC
:1044D00008600846006820F48020086008464068AC
:1044E00020F4FE0048604FF41F008860FFF795FD40
:1044F0004FF000600449086010BD00000010024049
:104500000000FFF8FFFFF6FE08ED00E0F0B50C46F6
:10451000154600220021068C4FF6FE773E400684A9
:10452000028B018C4FF60C7632407E1C06EA031695
:104530002E433243104EB0420ED0104EB0420BD03C
:10454000B0F1804F08D00E4EB04205D00D4EB042B3
:1045500002D00D4EB04206D14FF6FD76314044F008
:104560000106314305E04FF6F576314044F001068F
:10457000314302830184F0BD002C0140003401402E
:104580000004004000080040000C0040F0B50C465C
:104590001546002200210026078C4FF6EF7C07EA23
:1045A0000C070784028B018C4FF6FF7707EA04168D
:1045B00040F6FF473A404FF6FF7707EA03373A43A2
:1045C0004FF6FF7707EA05273A43114FB8420ED05E
:1045D000104FB8420BD0B0F1804F08D00E4FB84208
:1045E00005D00E4FB84202D00D4FB84206D14FF65B
:1045F000DF77394046F01007394305E04FF65F7723
:10460000394044F01007394302830184F0BD0000B3
:10461000002C01400034014000040040000800402C
:10462000000C0040F0B50C46154600220021002683
:10463000078C4FF6FF6C07EA0C070784828B018C0E
:104640004FF6FF7707EA04264FF60C773A404FF60D
:10465000FF7707EA03172F433A43114FB8420ED0B2
:10466000104FB8420BD0B0F1804F08D00E4FB84277
:1046700005D00E4FB84202D00D4FB84206D14FF6CA
:10468000FF57394046F48077394305E04FF2FF5732
:10469000394044F48077394382830184F0BD0000BF
:1046A000002C01400034014000040040000800409C
:1046B000000C0040F0B50C461546002200210026F3
:1046C000078C4EF6FF7C07EA0C070784828B018C6F
:1046D0004FF6FF7707EA043640F6FF473A404FF6B9
:1046E000FF7707EA05273A434FF6FF7707EA0337D4
:1046F0003A43114FB8420ED0104FB8420BD0B0F130
:10470000804F08D00E4FB84205D00E4FB84202D0AD
:104710000D4FB84206D14DF6FF77394046F4805729
:10472000394305E047F6FF57394044F48057394391
:1047300082830184F0BD0000002C01400034014060
:104740000004004000080040000C004021B1028835
:1047500042F08002028004E002884FF67F731A4024
:104760000280704721B1028842F00102028004E019
:1047700002884FF6FE731A400280704731B1B0F8DC
:10478000442042F40042A0F8442005E0B0F8442060
:10479000C2F30E02A0F844207047000010B5044692
:1047A0006848844208D10121C014FFF78DF8002128
:1047B000E014FFF789F8C4E0B4F1804F08D101217B
:1047C0000846FFF761F800210120FFF75DF8B8E027
:1047D0005D48844208D101210220FFF755F80021ED
:1047E0000220FFF751F8ACE05848844208D101217B
:1047F0000420FFF749F800210420FFF745F8A0E066
:104800005348844208D101210820FFF73DF80021D8
:104810000820FFF739F894E04E48844208D101217E
:104820001020FFF731F800211020FFF72DF888E065
:104830004948844208D101212020FFF725F80021B2
:104840002020FFF721F87CE04448844208D1012170
:104850004014FFF739F800216014FFF735F870E0D5
:104860003F48844209D10121C804FFF72DF80021F7
:104870004FF40020FFF728F863E03A48844209D15A
:1048800001210805FFF720F800214FF48010FFF701
:104890001BF856E03448844209D101214805FFF74E
:1048A00013F800214FF40010FFF70EF849E02F48ED
:1048B000844208D101214020FEF7E6FF002140207C
:1048C000FEF7E2FF3DE02A48844208D10121802022
:1048D000FEF7DAFF00218020FEF7D6FF31E0254801
:1048E000844208D101218015FEF7CEFF0021A015DA
:1048F000FEF7CAFF25E02048844209D101210804BF
:10490000FEF7E2FF00214FF48030FEF7DDFF18E0F4
:104910001A48844209D101214804FEF7D5FF00213D
:104920004FF40030FEF7D0FF0BE01548844208D169
:1049300001218804FEF7C8FF00214FF48020FEF714
:10494000C3FF10BD002C01400004004000080040DF
:10495000000C0040001000400014004000340140F2
:10496000004C01400050014000540140001800403C
:10497000001C004000200040004001400044014075
:1049800000480140F0B50C4615461E4600210022A5
:1049900000230189028B038C4FF6F87739402143BD
:1049A0004FF6FC473A4040F201173A434FF6DD77A5
:1049B0003B404FF6FF7707EA06172F433B43018141
:1049C00002830384F0BD000070B505460C46244800
:1049D00085420ED0234885420BD0B5F1804F08D0D8
:1049E0002148854205D02148854202D02048854291
:1049F00000D100E000BF208850B92389A2886188D7
:104A00002846FFF783FDE188284600F0A1F925E05C
:104A1000208804280AD12389A28861882846FFF7C4
:104A2000B5FDE188284600F09CF917E020880828A9
:104A30000AD12389A28861882846FFF7F3FDE1881F
:104A4000284600F09BF909E02389A288618828465E
:104A5000FFF730FEE188284600F099F970BD0000AC
:104A6000002C0140003401400004004000080040D8
:104A7000000C004000210180418001218180002143
:104A8000C18001817047000070B50024002200231E
:104A9000058C4FF6FE7635400584028C8388048BA6
:104AA0004FF68F752C40B51E2C400D882C43751E7B
:104AB0002A400D892A434D882A43144DA8420BD021
:104AC000134DA84208D0134DA84205D0124DA8425C
:104AD00002D0124DA84213D14FF6F7752A404D89E6
:104AE0002A434FF6FB752A408D882A434FF6FF650F
:104AF0002B404FF6FF552B408D892B43CD892B43FF
:104B000083800483CD888586028470BD002C01409B
:104B10000034014000400140004401400048014091
:104B20000A460021018B4FF6F773194011430183A8
:104B30007047000070B5002400220023058C4FF65A
:104B4000EF7635400584028C8388048B48F6FF7528
:104B50002C404FF6FF452C400D884FF6FF7606EAB5
:104B600005252C434FF6DF752A400D8906EA051509
:104B70002A434D8806EA05152A43154DA84202D05E
:104B8000144DA8421DD14FF67F752A404D894FF62E
:104B9000FF7606EA05152A434FF6BF752A408D8831
:104BA00006EA05152A434FF6FF352B404FF2FF75F5
:104BB0002B408D8906EA85052B43CD8906EA8505BC
:104BC0002B4383800483CD880587028470BD000059
:104BD000002C0140003401400A460021018B4FF2B5
:104BE000FF7319404FF6FF7303EA02231943018351
:104BF0007047000070B5002400220023058C4FF69A
:104C0000FF6635400584028C8388848B4FF68F7550
:104C10002C404FF6FC752C400D882C434FF6FF5569
:104C20002A400D894FF6FF7606EA05252A434D886E
:104C300006EA05252A43154DA84202D0144DA84284
:104C40001DD14FF2FF752A404D894FF6FF7606EAD7
:104C500005252A434FF6FF352A408D8806EA0525AB
:104C60002A434EF6FF752B404DF6FF752B408D897C
:104C700006EA05152B43CD8906EA05152B438380EB
:104C80008483CD888587028470BD0000002C01409C
:104C9000003401400A460021818B4FF6F77319401A
:104CA000114381837047000070B500220023002467
:104CB000058C4EF6FF7635400584038C8488828B04
:104CC00048F6FF752A404FF6FF452A400D884FF6FB
:104CD000FF7606EA05252A434DF6FF752B400D8920
:104CE00006EA05352B434D8806EA05352B430B4D67
:104CF000A84202D00A4DA84208D14BF6FF752C40BD
:104D00008D894FF6FF7606EA85152C4384808283D1
:104D1000CD88A0F84050038470BD0000002C0140F5
:104D2000003401400A460021818B4FF2FF73194085
:104D30004FF6FF7303EA022319438183704781868C
:104D400070470187704781877047A0F8401070470F
:104D5000028B4FF6F3731A400283028B0A430283DD
:104D60007047028B4FF2FF331A400283028B4FF6DB
:104D7000FF7303EA01231A4302837047828B4FF6C5
:104D8000F3731A408283828B0A4382837047828B3B
:104D90004FF2FF331A408283828B4FF6FF7303EA90
:104DA00001231A4382837047002202881D4B9842D8
:104DB0000ED01D4B98420BD0B0F1804F08D01B4B4A
:104DC000984205D01A4B984202D01A4B984204D10F
:104DD0004FF68F731A404B881A43174B984207D0EF
:104DE000164B984204D04FF6FF431A40CB881A4323
:104DF00002808B8883850B8803850A4B98420BD0F1
:104E0000094B984208D00E4B984205D00D4B984262
:104E100002D00D4B984201D10B7A03860123838285
:104E200070470000002C01400034014000040040A5
:104E300000080040000C004000100040001400403A
:104E40000040014000440140004801404FF6FF711E
:104E5000818000210180C180418001727047000083
:104E6000ABE0FDF717FD5549088008460088B0F50E
:104E7000856F64DC10215248FEF70CF8C0F1010088
:104E8000C4B2224610214E48FEF711F84B48008864
:104E9000B0F57D7F57DA10214948FEF704F84748FE
:104EA0000088B0F5767F46DA46480088401C4549C0
:104EB0000880084600880A2845DD4FF48071424882
:104EC000FDF7F3FF10213E48FDF7EDFF3F48006876
:104ED00002F0D6FC3E48006802F0D2FC0020FCF74D
:104EE000F1FA0020FCF718FBFCF756FC22E0002347
:104EF00038A203211846FCF707FD00233BA2052139
:104F00001846FCF701FD4FF400512D48FDF7CDFF89
:104F10001E2002F047FA4FF400512948FDF7C3FF65
:104F20004FF47A7002F03EFAFCF736FC4FF47A70D8
:104F300002F038FADBE700202249088003E0102164
:104F40001F48FDF7B2FF2F48007820B32D480078A6
:104F500001280FD141031A48FDF7A7FFC82002F02E
:104F600021FA4FF400511648FDF79DFF0020254916
:104F7000087010E04FF400511148FDF796FF4FF410
:104F80007A7002F00FFA4FF400510D48FDF78BFFD5
:104F900000201C4908704FF480710B48FDF77AFF20
:104FA000C0F10100C4B222464FF480710648FDF7FB
:104FB0007EFF4FF4FA7002F0F5F952E73A00002054
:104FC000001001406800002000080140040000209B
:104FD0001000002020202020204C6F7720706F7759
:104FE0006572202020202020000000002020526F29
:104FF000626F74206861732073746F7070656420D1
:10500000000000005400002010B540F225514C482B
:1050100000F0BBFA002874D0494800F071FBC4B21C
:1050200048480078032823DA4648007838B9AA2C83
:105030007ED14548047001204249087078E041481B
:10504000007801280BD1552C05D13F48447002202F
:105050003C4908706CE000203A49087068E03A4822
:105060008470032037490870601E384908705FE07B
:1050700035488078401E3349097888420EDD324831
:105080003049097844542F480078401C2D49087055
:105090002E48007820442D49087049E00020294915
:1050A00008702A480078844242D1002028490870BC
:1050B0002548C078502825D12348407922490979CC
:1050C00040EA012000B22349C8801F48C0791E4928
:1050D000897940EA012000B21E4908811A48407AC5
:1050E0001949097A40EA012000B21A4948810A4662
:1050F000B2F90A10B2F90600FBF7AAFD16490880BA
:1051000016E01BE01048C078602811D10E484079A5
:105110000D49097940EA012000B2104908800A4887
:10512000C0790949897940EA012000B20B494880D9
:10513000012240F22551024800F051FA10BD000052
:10514000004C00409F00002080020020A0000020B2
:105150005C000020580100205E000020600000205C
:1051600010B540F225512C4800F00FFA002851D01C
:10517000294800F0C5FAC4B228480078032823DA89
:105180002648007838B9AA2C3ED125480470012061
:105190002249087038E02148007801280BD1552CAD
:1051A00005D11F48447002201C4908702CE00020E3
:1051B0001A49087028E01A488470032017490870BB
:1051C000601E184908701FE015488078401E13497A
:1051D000097888420EDD12481049097844540F4876
:1051E0000078401C0D4908700E48007820440D4995
:1051F000087009E00B480078844205D101200A4973
:105200000870002005490870012240F2255102482B
:1052100000F0E5F910BD000000500040A2000020A1
:10522000D0020020A3000020A100002010B540F211
:1052300025514C4800F0A9F9002874D0494800F0E5
:105240005FFAC4B248480078032823DA4648007859
:1052500038B9AA2C7ED14548047001204249087013
:1052600078E04148007801280BD1552C05D13F4802
:10527000447002203C4908706CE000203A490870F4
:1052800068E03A488470032037490870601E384946
:1052900008705FE035488078401E334909788842BD
:1052A0000EDD32483049097844542F480078401CBC
:1052B0002D4908702E48007820442D49087049E097
:1052C0000020294908702A480078844242D10020F1
:1052D000284908702548C078502825D123484079AE
:1052E0002249097940EA012000B22349C8801F48B9
:1052F000C0791E49897940EA012000B21E4908811F
:105300001A48407A1949097A40EA012000B21A493C
:1053100048810A46B2F90A10B2F90600FBF798FC78
:105320001649088016E01BE01048C078602811D1AB
:105330000E4840790D49097940EA012000B2104930
:1053400008800A48C0790949897940EA012000B2F9
:105350000B494880012240F22551024800F03FF9F4
:1053600010BD00000038014099000020E00100203D
:105370009A0000205C000020580100205E00002000
:105380006000002010B540F22551334800F0FDF8D0
:1053900000285FD0304800F0B3F9C4B22F4800783D
:1053A000032823DA2D48007838B9AA2C4CD12C4890
:1053B000047001202949087046E028480078012837
:1053C0000BD1552C05D12648447002202349087082
:1053D0003AE000202149087036E02148847003201B
:1053E0001E490870601E1F4908702DE01C48807817
:1053F000401E1A49097888420EDD19481749097874
:10540000445416480078401C144908701548007828
:1054100020441449087017E0002010490870114812
:105420000078844210D101200F4908700C48C078E0
:10543000302809D10A480079552805D102200B49A6
:10544000087001200A490870012240F225510248E3
:1054500000F0C5F810BD0000004400409C00002092
:10546000300200209D0000209B0000205C000020F6
:105470005400002010B540F22551304800F085F866
:1054800000285AD02D4800F03BF9C4B22C480078CF
:1054900058B90F2C4BD12B48294909784454284836
:1054A0000078401C2649087041E0254800781828FB
:1054B00034DB94BB01202449087024480078032879
:1054C00027D02048C07880111E49097940EA810020
:1054D0001C49497940EA8120C0F30A001C49088030
:1054E0001848807A40111749C97A40EAC100184922
:1054F00048800846008840F2DC51884209DD1448A3
:105500004088884205DD03201049087001201149B8
:10551000087000200A49087009E0FFE709480849B7
:105520000978445406480078401C05490870012257
:1055300040F22551014800F052F810BD00480040EB
:10554000A5000020E2030020A40000205C00002051
:10555000A60000205400002021B1828942F40052AC
:10556000828104E082894DF6FF731A408281704780
:1055700002460020B1F5007F00D100BF13880B4028
:105580000BB1012000E00020704770B502460024F6
:1055900000230025002040F66A16B14200D100BF6A
:1055A000C1F3421501F01F03012606FA03F3012D92
:1055B00002D19689334006E0022D02D1168A33408B
:1055C00001E0968A33400C12012606FA04F416888C
:1055D000344013B10CB1012000E0002070BDF0B5E3
:1055E0000346002400260025002040F66A17B94231
:1055F00000D100BF1846C1F3421401F01F06012775
:1056000007FA06F5012C01D10C3004E0022C01D17F
:10561000103000E014301AB107682F43076002E031
:105620000768AF430760F0BD2DE9F04786B0054637
:105630000E460024A24600BFA1460027B08900B153
:1056400000BF2F462C8A4CF6FF700440F0880443BC
:105650002C82AC894EF6F3100440B088318908439F
:10566000718908430443AC81AC8A4FF6FF40044083
:10567000B0890443AC8201A8FEF736F91F4887427F
:1056800002D1DDF810A001E0DDF80CA0A88900F43B
:10569000004040B10AEBCA0000EB0A103168490033
:1056A000B0FBF1F807E00AEBCA0000EB0A10316822
:1056B0008900B0FBF1F86420B8FBF0F00401200988
:1056C000642101FB1089A88900F4004040B1322018
:1056D00000EBC900B0FBF1F000F00700044308E064
:1056E000322000EB09106421B0FBF1F000F00F0054
:1056F00004432C8106B0BDE8F0870000003801406B
:1057000001468888C0F308007047C1F30802828010
:10571000704700BFFEE700000FB4054B10B503A9AA
:10572000044A029800F09CFB10BC5DF814FB0000DA
:105730003962000834010020490050EAC12018BF36
:1057400004204A0D18BF40F0010040F2FF72B2EB96
:10575000515F08BF40F00200012808BF05207047D4
:105760002DE9F74F144694B00021C4E902111599B0
:10577000079121F00045C9498D4206DC1599C4E91D
:10578000000117B00020BDE8F08FC549DFF814A371
:10579000A9423CDD0799C44E0029C44FC44A15995B
:1057A000534619DDFAF7A7FE554506D0C14AC24B4C
:1057B000FAF7A1FEC4E900010AE04FF0D352BE4B54
:1057C000FAF799FE32463B46FAF795FEC4E9000126
:1057D00017B00120BDE8F08FFAF7ECFD554506D073
:1057E000B44AB54BFAF7E6FDC4E900010AE04FF010
:1057F000D352B14BFAF7DEFD32463B46FAF7DAFDFB
:10580000C4E9000117B04FF0FF30BDE8F08FAB499D
:10581000A942159978DB21F0004183468846A84AC1
:10582000A84BFAF76EFE0022A74BFAF7C3FDFAF772
:105830009DFF0990FAF74FFF06460F469C4A5346D4
:10584000FAF75FFE43465A46FAF758FE80468A4604
:10585000984A994B30463946FAF753FE2A0D0125EE
:105860000B9242465346FAF749FE032DC4E9000164
:1058700039D00B98C1F30A51401A05EB4511113983
:10588000814230DA9148C346784400EB0510CDF8E8
:105890000CA00C90D0E9002330463946FAF731FECF
:1058A00002460B460491069058460399FAF723FEE8
:1058B00080468A4602460B4658460399FAF71BFE75
:1058C000049B069AFAF717FE83460C980391394613
:1058D000D0E902233046FAF714FE5A46039BFAF742
:1058E0000AFE6D1CBDE707980028A2BF099817B0F3
:1058F000BDE8F08F616881F000416160099817B0E0
:105900004042BDE8F08FFFE784461598C1F31301CC
:10591000C0F30A50A0F2F5304FEA601800F01F06FD
:10592000C6F12000139000200690079041F4801EDD
:1059300005206D4676B1664A08EB00017A4452F8BC
:10594000213002EB8101B3404A68139922FA01F138
:10595000194305E05F4908EB0002794451F8221031
:10596000A1FB0E27A1FB0C131A449A4234BF01235A
:10597000002303EB070A05EB8003D3E901B70F44CB
:105980008F4234BF0121002193448B4411B19345D0
:1059900002D903E0934501D2012100E00021C3E9CF
:1059A00001B7514445F82010011EA0F10100C1DCEF
:1059B0000298059F00F10050800F12900298DDE9D7
:1059C00003568000FAF787FE834628460D91FAF7C2
:1059D00093FE6FF01D02FBF720F8CDE90E01304673
:1059E000FAF78AFE6FF03D02FBF717F880468A4609
:1059F0003846FAF781FE6FF05D02FBF70EF80746B6
:105A0000424653461191FAF7D5FCDDE90E23FAF729
:105A1000D1FC5A460D9BFAF7CDFC00250E465A469E
:105A200028460D9BFAF767FDDDE90E23FAF763FDC3
:105A300042465346FAF75FFD3A46119BFAF75EFD80
:105A4000DFF898A0244A5346FAF75BFD07468846DC
:105A5000234A244B31462846FAF753FD3A4643463B
:105A6000FAF7A8FC074688464FF0A842534631464D
:105A70002846FAF746FD3A464346FAF79BFC159A44
:105A800012F0004F04D0129A81F00041524212925B
:105A9000C4E90001129817B0BDE8F08FFB21E93F7F
:105AA0007CD90240FB21F93F7370032E8A19A33B76
:105AB000000040543163621A61B4D03DFB2139418A
:105AC00083C8C96D305FE43F0000E03FCC3B00007D
:105AD000483B00002A3B0000182D4454FB21F93DAF
:105AE0003326A611460B113C2DE9F0414F1E00EB69
:105AF000C7010446D1E9000115461E4637F00602EB
:105B00000DD02A463346FAF7FCFC7F1E04EBC70390
:105B1000D3E90023FAF74EFC37F00602F1D1022F49
:105B200025D0042F13D0062F18BFBDE8F0812A46D8
:105B30003346FAF7E6FCD4E90A23FAF73BFC2A4697
:105B40003346FAF7DEFCD4E90823FAF733FC2A4699
:105B50003346FAF7D6FCD4E90623FAF72BFC2A469B
:105B60003346FAF7CEFCD4E90423FAF723FC2A469D
:105B70003346FAF7C6FCD4E90223FAF71BFC2A469F
:105B80003346FAF7BEFCD4E90023BDE8F041FAF74A
:105B900011BC00002DE9F04D04468CB0904821F076
:105BA0000047164698460D460991874206DA204678
:105BB0002946FAF7DBFD002800F0AE808948B8429C
:105BC0001CDC09980028BCBF85F0004588F000481F
:105BD000854A864B20462946FAF790FC04460D4636
:105BE0003246434682488349FAF785FC22462B46D3
:105BF000FAF7E0FB002604460D46B04622462B4647
:105C000010461946FAF77DFC8B46824602460B4643
:105C1000FAF777FC0246089077480B460091062178
:105C20007844FFF761FFCDE90310744806217844FA
:105C3000009B089AFFF758FF52465B46FAF761FC53
:105C4000CDE9051052465B4620462946FAF759FC35
:105C500007910090DDE90310DDE90532FAF7AAFBB0
:105C6000079B009AFAF74DFC32464346FAF7A2FB2F
:105C700052465B46FAF745FC32464346FAF79AFB32
:105C800080460E465E4A5F4B07990098FAF739FC4A
:105C900042463346FAF78EFB82468B4622462B4617
:105CA000FAF788FB80464F480E46B84214985BDCF2
:105CB000FAF711FD0746424633460591FAF77AFB9B
:105CC000CDE901104246334610461946FAF719FC51
:105CD000DDE90132FAF787FC52465B46FAF70BFC26
:105CE00022462B46FAF70AFC0122FAF796FE3A46BC
:105CF000059BFAF703FC04460D460998022101EAC8
:105D0000A070C0F10100FAF7E6FC0CB022462B4669
:105D1000BDE8F04DFAF7F5BB1498401C384320431A
:105D20000BD01498012812D00CB022462B46BDE8A7
:105D3000F04D00203449FAF756BC0CB025F0004372
:105D40002246BDE8F04D00203049FAF74CBC204611
:105D50002946FFF7F1FC042808BF00F063F820464D
:105D60000CB02946BDE8F08D012802BF40460CB0BA
:105D7000BDE8F08D00270B463A4620462946FAF743
:105D8000BDFB52465B46FAF7B9FB04460D46424658
:105D9000334600201C49FAF726FC83463A468846DB
:105DA00033461046FAF7ADFB0022184BFAF702FB18
:105DB00006468A4622462B4638464146FAF7A1FB5C
:105DC00032465346FAF7F6FA5A464346FAF799FB33
:105DD0000CB03A464346BDE8F04DFAF7EBBA000086
:105DE0000000303E2894E53F182D4454FB21E93F44
:105DF000075C143326A6813CFC3800001E390000E5
:105E0000635555555555D53F0000F0BF0000F03F94
:105E10000122FAF702BE0022134610461146FAF795
:105E2000E2BB0000024A00201107FAF7F6BD0000AD
:105E300001FDFFFF02E008C8121F08C1002AFAD1C5
:105E400070477047002001E001C1121F002AFBD1FA
:105E500070470000014908607047000038010020C9
:105E60002DE9FF4F8BB09A460F460546002606E007
:105E700025280BD052460D9990476D1C761C28782A
:105E80000028F5D10FB03046BDE8F08F0024A046C1
:105E90000122604900E0044315F8013F203B02FA6B
:105EA00003F00842F7D128782E2817D115F8010FF2
:105EB00044F004042A280ED06FF02F022878A0F1B5
:105EC000300109290AD808EB880102EB410100EBF7
:105ED00001086D1CF2E757F8048B6D1C28786928BF
:105EE0003ED006DC0028CDD063280BD0642804D136
:105EF00036E0732810D075284BD052460D99904744
:105F0000761C85E017F8040B8DF8000000208DF852
:105F10000100E946012003E057F8049B4FF0FF30F1
:105F200061074FF0000401D40AE0641C44450DDA17
:105F30008442FADB19F804100029F6D106E0641C4B
:105F40008442FCDB19F804100029F8D1264404E04F
:105F500019F8010B52460D999047641EF8D257E08C
:105F600001CF4FF00A0B002802DA40422D2102E057
:105F7000210504D52B218DF82410012103E0E10730
:105F800005D02021F7E70DF1200908910CE0002150
:105F9000F9E701CF4FF00A0BF9E75946FAF762FC2F
:105FA00001F1300209F8012D0028F6D1ADEB09000E
:105FB00000F1200B600701D44FF00108D84502DD45
:105FC000A8EB0B0000E000208046002406E009A8B2
:105FD0005246005D0D999047641C761C08988442D7
:105FE000F5DB04E0302052460D999047761CB8F15D
:105FF0000001A8F10108F5DC05E019F8010B524693
:106000000D999047761CBBF10001ABF1010BF4DC5C
:106010006D1C34E7092801002DE9F84F04460D46B0
:1060200021F0004000917349814211DC724988429D
:1060300001DC06D12CB120462946BDE8F84FFFF718
:10604000E7BE6E48002DCCBF6D496E49BDE8F88FA4
:106050006D49814211DD6D498142D8BF4FF0FF3655
:106060006DDD20462946FFF767FB042808BFFFF7D0
:10607000D9FE20462946BDE8F88F6549654F25F0D1
:106080000045814233DD6449814219DD00263246F4
:106090004FF0804320462946FAF78CF980468A461D
:1060A000012220462946FAF7B8FC00223B46FAF7BF
:1060B00022FA42465346FAF796FA04460D463EE067
:1060C00001260022BA463B4620462946FAF772F9D5
:1060D00080460F460022534620462946FAF70BFA1F
:1060E00042463B46FAF77FFA04460D4627E04B4905
:1060F00081421BDDDFF828A10226002253462046FC
:106100002946FAF7FEF900223B46FAF753F9804692
:106110000F460022534620462946FAF7ECF942463C
:106120003B46FAF760FA04460D4608E0032622468D
:106130002B4600203B49FAF756FA04460D46224604
:106140002B4610461946FAF7DCF98B468246024682
:106150000B46FAF7D6F907460246334888460B46FF
:1061600006217844FFF7C0FC52465B46FAF7C9F9AE
:1061700082462E488B463A46434605217844FFF72F
:10618000B3FC3A464346FAF7BCF902460B46002EEA
:10619000504659460CDAFAF70DF922462B46FAF723
:1061A000B0F901B022462B46BDE8F04FFAF7A6B988
:1061B000FAF700F922462B46FAF7A3F91C4A7A446B
:1061C00002EBC603D3E90023FAF795F922462B46E2
:1061D000FAF791F9174A7A4402EBC603D3E9002390
:1061E000FAF78CF9009A002AB8BF81F00041BDE8A7
:1061F000F88F0000000010440000F07F182D445478
:10620000FB21F93FFB21F9BF0000DC3F0000203EED
:106210000000F33F0000F03F0000E63F0080034035
:106220000000F83F0000F0BFC232000080320000E2
:106230001E320000E631000070B504460D46E1B2A2
:106240000548FFF762FA00BF40210348FFF790F9C5
:106250000028F9D0204670BD003801401CB54FF42D
:10626000A060FDF751FAFBF7BFFFFBF77FF9FAF7E4
:1062700083FF0220FBF79AF80120FBF797F8FBF762
:10628000C9F8FBF7ABF8FCF733FBFAF731FD4FF435
:10629000E130FCF757F94FF46130FCF75FFA4FF447
:1062A000E130FCF709FAFBF74FFFFBF707FDFAF7C0
:1062B000BDFFFBF723F8FBF775FD3F2211461046A3
:1062C000FBF7E4FDFBF73CFC00201A490823802281
:1062D000CDE900100146FBF7CDFA4FF40051164806
:1062E000FCF7E3FD6420FAF76FFF4FF4005112480A
:1062F000FCF7D9FD40F26C70FAF766FFFBF7DAF9AC
:106300000020FBF71DFA0120FBF729FAC820FBF754
:106310002EFA0220FBF71CFA0848012100238022F4
:10632000CDE9001006A1094801F030FF01F050FA54
:1063300000BFFEE754870008001001400000002065
:1063400053746172745F5461736B000005410008FF
:106350002DE9F04105460E461C4807681C480068B8
:10636000001D00F069FE50B91948006890F82C1023
:106370000120884017490968814316480160681C5C
:1063800038B936B112480168091D134800F092FE71
:106390001AE07C190E4800684460BC4207D20C48E1
:1063A0000168091D0D48006800F06AFE0CE008480D
:1063B0000168091D0A48006800F062FE094800688B
:1063C000844201D207480460BDE8F081C00000208B
:1063D000AC000020C400002024070020B4000020EE
:1063E000B0000020DC00002010B5044600F06EFE76
:1063F00023480068401C224908602248006840B9D0
:10640000204804600846006801280DD100F0E6F934
:106410000AE01D48006838B91A480068C06AE16A95
:10642000884201D81748046018480068401C174982
:10643000086094F82C100120884015490968084329
:1064400013490860E16A01EB8101124A02EB810005
:10645000211D00F02FFE00F07BFE0B48006868B1A4
:1064600008480068C06AE16A884207D24FF080504D
:1064700009490860BFF34F8FBFF36F8F10BD000055
:10648000BC000020AC000020C8000020D800002084
:10649000C40000205404002004ED00E010B500F01A
:1064A00015FE10480068D0B90F4800F0D9FD0F481C
:1064B00000F0D6FD0C480E4908600C480D490860F4
:1064C00000221021052001F025FB0649086008463E
:1064D000006820B108A10348006800F027FF00F021
:1064E00037FE10BDF0000020380700204C070020C8
:1064F000E8000020EC000020546D72510000000004
:1065000070B523E001F03EFA1348006808B9012095
:1065100000E00020054601F0FBFFBDB900F0D6FD0C
:106520000D48C068C468201D00F086FD0B48006857
:10653000401E0A4908600A480068401E0849086071
:1065400000F006FE204600F060F800BF0448006836
:106550000028D7D170BD000010070020BC0000202B
:10656000B800002070B504460D46206C70B1216C57
:10657000E0680844E0606168E068884201D3206810
:10658000E0602846226CE168F9F73AFE70BD2DE91B
:10659000F04104460F4615464FF00008A66B206CEC
:1065A00040B9206860BB606801F0E8FE80460020CA
:1065B000606025E07DB93946226CA068F9F720FEBD
:1065C000216CA0680844A060D4E90110884217D368
:1065D0002068A06014E03946226CE068F9F710FEEC
:1065E000216CE068401AE0602168E068884203D2CC
:1065F000216C6068401AE060022D01D106B1761E60
:10660000701CA0634046BDE8F08110B50446206BC5
:1066100000F0D4FD204600F0D1FD10BD0146084A2F
:10662000126812680AB9012200E000220A600A68B2
:1066300022B9034A1268D268106800E0002070474F
:10664000E800002030B54FF4A043174800F00704DD
:106650002CB1C01D20F00700134C041B1B1B02466D
:10666000124C22600024114D6C60D018083820F0C4
:1066700007000F4C206000240D4D2D686C600C4D00
:106680002D682C601146441A4C60094C24680C603B
:10669000084D4C682C60084D4C682C604FF000444D
:1066A000064D2C6030BD000060070020FC0000207B
:1066B000040100200C01002008010020100100202E
:1066C00000BFFFF71DFF064800680128F9D94FF009
:1066D000805004490860BFF34F8FBFF36F8FF0E71E
:1066E0005404002004ED00E02DE9F04106460D467B
:1066F00017469846069C0DB9246000E02760E663C3
:1067000025640121204601F027FB0020A064BDE89C
:10671000F08100002DE9FF5F81460F469246DDE9DA
:106720000E6B109CAAF10100216B01EB800828F090
:10673000070808F0070008B9012000E0002028B988
:1067400040F22B321BA121A0FEF7E6FF002507E057
:10675000795D04F134004155785D00B902E06D1CAB
:10676000102DF5D300BF002143200155202E00D36A
:106770001F26E66266640020A064201D00F07DFCF8
:1067800004F1180000F079FC2461C6F12000A0613A
:1067900064620020E06484F8500049464046039A51
:1067A00000F006FC2060BBF1000F01D0CBF80040E8
:1067B000BDE8FF9F2E2E5C4672656552544F535CB8
:1067C0007372635C7461736B732E63004572726FD6
:1067D000723A25732C25640D0A00000010B50024C0
:1067E00007E004EB84010F4A02EB810000F038FC63
:1067F000641C202CF5D30C4800F032FC0B4800F050
:106800002FFC0B4800F02CFC0A4800F029FC0A4839
:1068100000F026FC0448094908600448084908605B
:1068200010BD000054040020D4060020E80600201B
:10683000FC0600201007002024070020B0000020E4
:10684000B400002010B50146164800E00068036857
:106850008B42FBD30246436813448B4204D1436806
:106860004C682344436001460A464B68134404685D
:10687000A34211D10C4C03682468A34208D04B6892
:106880000468646823444B6003681B680B6005E080
:10689000054B1B680B6001E003680B60884200D069
:1068A000016010BDFC000020040100202DE9F04132
:1068B00004460D4616461F464FF0000865602461E9
:1068C000B5420CD8F01BA169884202D34FF00108F1
:1068D00011E0211D0948006800F0D2FB0BE0BE4228
:1068E00004D2BD4202D34FF0010804E0211D044848
:1068F000006800F0C5FB4046BDE8F081EC000020D8
:10690000E800002070B5054600F0E0FBA86B08B970
:10691000012400E0002400F01BFC204670BD70B58F
:10692000054600F0D3FBA86BE96B884201D1012436
:1069300000E0002400F00CFC204670BD2DE9F3417E
:106940000D460098846C00272CB940F6CE121AA18F
:106950001FA0FEF7E1FEA06BE16B884201D201208F
:1069600000E0002028B940F6CF1213A118A0FEF7CE
:10697000D3FEA06BE16B88421BD294F945602A4696
:1069800069462046FFF703FE0746701C60B9606A3F
:1069900008B9012000E0002050B904F1240001F002
:1069A0005BFD28B1012703E0701C40B284F845006C
:1069B00000BF3846BDE8FC812E2E5C4672656552EC
:1069C000544F535C7372635C71756575652E63001B
:1069D0004572726F723A25732C25640D0A0000000F
:1069E000F8B505460F4613480068C068C468201D06
:1069F00000F022FBE069012818D1A06941192B465B
:106A00003A462046FFF752FF80B1002003462A464F
:106A100001460090204601F049FE06462EB94FF48B
:106A2000027205A10BA0FEF777FE00BF2046616A47
:106A30008847F8BDE80000202E2E5C46726565523E
:106A4000544F535C7372635C74696D6572732E632B
:106A5000000000004572726F723A25732C25640D98
:106A60000A000000F0B587B070E0039800280CDA47
:106A700004AE2EB940F2E7223AA141A0FEF74CFE47
:106A8000D6E90020B168904700BF039800285DDB7D
:106A9000059C606908B9012000E0002010B9201DA4
:106AA00000F0CAFA02A800F0C9F8054603980A28BF
:106AB0004AD2DFE800F00905072C2E4506082D2FE5
:106AC00000BF00BF00BF00BF0498A2698118034641
:106AD0002A462046FFF7EAFEC0B12046616A884791
:106AE000E069012812D1002000900498A1694218A1
:106AF00000231946204601F0D9FD07462FB940F280
:106B0000213218A11EA0FEF707FE00BF1DE000BF46
:106B10001BE000BF0498A061A06908B1012000E05B
:106B2000002028B94FF44E720EA115A0FEF7F4FD17
:106B3000A06941192B462A462046FFF7B7FE04E01C
:106B4000204600F03BFB00E000BF00BF00231A46D8
:106B500003A90F48006801F019F8002885D107B093
:106B6000F0BD00002E2E5C4672656552544F535C9A
:106B70007372635C74696D6572732E63000000004C
:106B80004572726F723A25732C25640D0A0000005D
:106B9000F0000020F8B505460C4600F0F3FE68460C
:106BA00000F04CF80646009820BB44B9B54206D820
:106BB00001F0AEFC31462846FFF712FF1CE03CB165
:106BC0000E480068006808B9012000E00020044673
:106BD000A91B22460A48006800F0BEFB01F098FCA1
:106BE00050B94FF0805007490860BFF34F8FBFF393
:106BF0006F8F01E001F08CFCF8BD0000EC0000207C
:106C0000F000002004ED00E00A490968096809B9AC
:106C1000012100E0002121B14FF0FF31064A11604F
:106C200006E004490968C968C868034A41681160F8
:106C300070470000B0000020DC00002070B5044662
:106C400001F0E4FA054607480068854204D200F0E6
:106C50000BF80120206001E0002020600148056061
:106C6000284670BDF80000202DE9F8432DE02148AA
:106C70000068C06805681F480068C068C468201DB7
:106C800000F0DAF92046616A8847E06901281CD1E2
:106C9000A0694619AE4207D966602461211D1548D6
:106CA000006800F0EDF910E0002003462A46014696
:106CB0000090204601F0FAFC07462FB940F29232CC
:106CC0000DA114A0FEF728FD00BF0A480068006867
:106CD00008B9012000E000200028C8D00548D0F8FD
:106CE000008010480068034908600E48C0F8008022
:106CF000BDE8F883E80000202E2E5C4672656552E0
:106D0000544F535C7372635C74696D6572732E6368
:106D1000000000004572726F723A25732C25640DD5
:106D20000A000000EC0000200B480068401C08B975
:106D3000012000E0002020B9F42208A111A0FEF7F4
:106D4000EBFC00BF502080F31188BFF34F8FBFF3DF
:106D50006F8F00BF00BFFEE7140100202E2E5C469F
:106D600072656552544F535C706F72745C52564436
:106D7000535C41524D5F434D335C706F72742E63B0
:106D8000000000004572726F723A25732C25640D65
:106D90000A00000008B500BF6846FFF73FFC044644
:106DA00020460099FFF7F6FEFFF75CFEF4E770B5AA
:106DB000044600F08BF994F945501AE0A06C38B104
:106DC00000212046FFF7BAFD88B100F01FFC0EE05D
:106DD000606A08B9012000E0002038B904F12400FD
:106DE00001F03AFB18B100F011FC00E003E0681E6E
:106DF00045B2002DE2DC00BFFF2084F8450000F022
:106E0000A7F900F063F994F9445010E0206908B93B
:106E1000012000E0002048B904F1100001F01CFB43
:106E200008B100F0F3FB681E45B200E001E0002D60
:106E3000ECDC00BFFF2084F8440000F089F970BD4D
:106E40002DE9F04104464FF0000800F09BFD3E485C
:106E5000006808B9FFF7F6FB3C48006820400028AE
:106E60005FD1A4B1083404F0070080B104F007003A
:106E7000C0F10800044404F0070008B9012000E054
:106E8000002020B9BF2232A13AA0FEF745FC002C19
:106E900047D03C480068844243D83B4E30460568A2
:106EA00001E02E462D686868A04202D228680028BA
:106EB000F7D125480068854233D0306800F10808D2
:106EC000286830606868001B102813D92F1907F054
:106ED000070008B9012000E0002020B9EC221CA125
:106EE00024A0FEF719FC6868001B78606C603846C7
:106EF000FFF7A8FC234968680968081A2149086057
:106F00000846006821490968884203D21D48006884
:106F10001E4908600D4968680968084368600020D8
:106F2000286001F0F5FA08F0070008B9012000E038
:106F3000002028B94FF4967205A10EA0FEF7ECFBD5
:106F40004046BDE8F081000004010020100100204F
:106F50002E2E5C4672656552544F535C706F72748E
:106F60005C4D656D4D616E675C686561705F342E68
:106F7000630000004572726F723A25732C25640D10
:106F80000A00000008010020FC0000200C01002085
:106F90000648006830B10549096801F14800896C6C
:106FA000491C01600148006870470000AC000020E7
:106FB000001F4FF080730360001F21F00103036086
:106FC000001F034B03601438026020387047000034
:106FD000296D000810B5164B21F00042012486B03F
:106FE0009A4203DC0022134600941CE0114B9A42A3
:106FF00008D140B94FF00100FEF72CFFFEF70BFF60
:1070000006B010BD03DBFEF703FF06B010BD02AAF9
:10701000FEF7A6FB00F00100A4EB40000DF1080C08
:1070200000909CE80F00FEF7B5FD06B010BD000013
:10703000FB21E93F0000F07F01460A69D1E90130F8
:107040009860D1E9010358605068884201D188688E
:107050005060002008611068401E10601068704782
:1070600000F1080141604FF0FF31816000F108013B
:10707000C16001610021016070470021016170471A
:1070800010B502460B685C1C0CB9106907E002F1F0
:10709000080000E04068446824689C42FAD94468CB
:1070A0004C604C68A160886041600A611468641C8F
:1070B000146010BD42684A6093688B6093685960A1
:1070C0009160086103685B1C0360704710B500BFE6
:1070D000502080F31188BFF34F8FBFF36F8F00BF35
:1070E0000B480068401C0A490860084600680128EF
:1070F0000DD108480068C0B208B9012000E00020A6
:1071000028B94FF4BD7204A10DA0FEF705FB10BD18
:107110001401002004ED00E02E2E5C4672656552DD
:10712000544F535C706F72745C525644535C4152BE
:107130004D5F434D335C706F72742E63000000002E
:107140004572726F723A25732C25640D0A00000097
:1071500010B50B48006828B940F2811209A113A0AC
:10716000FEF7DAFA06480068401E0549086008463E
:10717000006820B9002080F3118800BF00BF10BD57
:10718000140100202E2E5C4672656552544F535CEC
:10719000706F72745C525644535C41524D5F434D64
:1071A000335C706F72742E63000000004572726F62
:1071B000723A25732C25640D0A00000070B506464E
:1071C0003546002E35D0083D2C461A4960680968BE
:1071D000084008B1012000E0002028B94FF4A07257
:1071E00015A11EA0FEF798FA206808B9012000E05A
:1071F000002028B940F241120FA118A0FEF78CFA26
:107200000C4960680968084098B1206888B9094944
:10721000606809688843606000F0B4FB13496068E7
:1072200009680844114908602046FFF70BFB01F08C
:107230006FF970BD100100202E2E5C4672656552FC
:10724000544F535C706F72745C4D656D4D616E6729
:107250005C686561705F342E630000004572726F78
:10726000723A25732C25640D0A00000008010020E5
:10727000064800684FF47A71B0FBF1F0401E4FF001
:10728000E021486107200861704700001C000020D1
:1072900070B5F8F79FFF0546102D11D305F1E020DA
:1072A00090F8F04310480078844201DB012000E0B0
:1072B000002028B94FF42A720CA116A0FEF72CFA70
:1072C0001848006800F4E06017490968884201D84E
:1072D000012000E0002028B94FF42E7203A10DA078
:1072E000FEF71AFA70BD0000180100202E2E5C4631
:1072F00072656552544F535C706F72745C525644A1
:10730000535C41524D5F434D335C706F72742E631A
:10731000000000004572726F723A25732C25640DCF
:107320000A0000000CED00E01C01002002460020D5
:107330000BE0084B53F8303033B9064B43F83010AC
:1073400003EBC0035A6002E0401C0828F1D300BFE1
:1073500070470000140400202DE9F04105460E4658
:1073600017462C46FFF7B2FE94F94400401C10B9B2
:10737000002084F8440094F94500401C10B9002016
:1073800084F84500FFF7E4FEA06B28B93A46314681
:1073900004F1240000F06CF92046FFF708FDBDE879
:1073A000F081000070B504460025ACB10F480068BC
:1073B00008B9012000E0002028B940F2CF420CA11A
:1073C00011A0FEF7A9F900F0DDFA00212046FEF732
:1073D000BFFF01F09DF805463DB94FF080500E49C2
:1073E0000860BFF34F8FBFF36F8F70BDE4000020C4
:1073F0002E2E5C4672656552544F535C7372635C0B
:107400007461736B732E63004572726F723A2573E9
:107410002C25640D0A00000004ED00E02DE9F04782
:1074200004460F464FF000092CB940F2794226A1DC
:107430002BA0FEF771F90FB1012000E0002028B960
:1074400040F27A4220A126A0FEF766F9284800689B
:1074500008B9012000E0002028B940F27B421AA1BF
:107460001FA0FEF759F900F08DFA2248066820683F
:10747000C5192068B04207D92068A8420BD9B54287
:1074800009D94FF0010906E02068A84201D8B542A9
:1074900001D94FF001092560B9F1000F03D0A81BF5
:1074A0000021FEF755FF01F033F88046B8F1000FD8
:1074B00007D14FF0805010490860BFF34F8FBFF3E2
:1074C0006F8FBDE8F08700002E2E5C467265655216
:1074D000544F535C7372635C7461736B732E6300FF
:1074E0004572726F723A25732C25640D0A000000F4
:1074F000E4000020C000002004ED00E070B5054667
:10750000FFF7E4FD15B92D48006800E02846044661
:10751000201DFFF791FD78B9E06A00EB8000284953
:1075200051F8200040B994F82C10012088402549DA
:107530000968814323480160A06A18B104F118006A
:10754000FFF77AFD20480068401C1F4908601B486F
:107550000068844209D1211D1C48FFF7ABFD1C487F
:107560000068401C1A49086009E01A480068401E7B
:10757000184908602046FFF748F8FFF745FBFFF77A
:10758000E7FD15480068C0B10C480068844214D17A
:107590001248006808B9012000E0002028B940F234
:1075A00065420FA114A0FEF7B7F84FF080501649BE
:1075B0000860BFF34F8FBFF36F8F70BDAC0000202A
:1075C00054040020C4000020D80000201007002030
:1075D000B8000020BC000020C8000020E40000200B
:1075E0002E2E5C4672656552544F535C7372635C19
:1075F0007461736B732E63004572726F723A2573F8
:107600002C25640D0A00000004ED00E00120014972
:1076100008607047D000002070B504460D462CB9B4
:1076200040F6063207A10DA0FEF776F80F48016874
:1076300018312046FFF724FD01212846FEF788FE79
:1076400070BD00002E2E5C4672656552544F535C2F
:107650007372635C7461736B732E63004572726F37
:10766000723A25732C25640D0A000000AC0000203E
:1076700070B505460E4614462DB940F6313209A1C3
:107680000EA0FEF749F81148016818312846FFF7A7
:1076900011FD0CB14FF0FF3621463046FEF758FE83
:1076A00070BD00002E2E5C4672656552544F535CCF
:1076B0007372635C7461736B732E63004572726FD7
:1076C000723A25732C25640D0A000000AC000020DE
:1076D00070B505462C46002D4BD02649E06A096856
:1076E000C96A884245D2A06900F0004028B9214803
:1076F0000068C06AC0F12000A061E16A01EB81016D
:107700001D4A02EB81016069884201D1012000E03D
:10771000002050B3201DFFF78FFC78B9E06A00EB22
:107720008000154951F8200040B994F82C10012030
:107730008840124909688143104801600D4800687B
:10774000C06AE06294F82C10012088400B49096857
:1077500008430A490860E16A01EB8101064A02EB2D
:107760008100211DFFF7A6FC03E002480068C06A03
:10777000E06270BDAC00002054040020C400002072
:1077800010B504462CB940F6C13205A10AA0FDF798
:10779000C3FF0D48006820600C480068606010BDA1
:1077A0002E2E5C4672656552544F535C7372635C57
:1077B0007461736B732E63004572726F723A257336
:1077C0002C25640D0A000000D4000020C000002019
:1077D0001CB51A4800210B468022CDE9001018A1E3
:1077E000194800F0D3FC0446012C02D100F022FF1E
:1077F0000446012C15D100BF502080F31188BFF33F
:107800004F8FBFF36F8F00BF4FF0FF300F490860FD
:1078100001200F49086000200E49086000F010F9AF
:107820000BE0601C08B1012000E0002028B940F204
:10783000847209A10EA0FDF76FFF1CBDE0000020BF
:1078400049444C4500000000C1660008DC000020EF
:10785000C8000020C00000202E2E5C4672656552D4
:10786000544F535C7372635C7461736B732E63006B
:107870004572726F723A25732C25640D0A00000060
:1078800070B50546FFF722FC15B92C48006800E0EA
:1078900028460446201DFFF7CFFB78B9E06A00EBCD
:1078A0008000274951F8200040B994F82C1001209D
:1078B000884024490968814322480160A06A18B1C0
:1078C00004F11800FFF7B8FB211D1F48FFF7F2FB7A
:1078D000FFF73EFC1D48006828B1FFF7F7FBFFF7F4
:1078E00093F9FFF735FC15480068844224D1174806
:1078F0000068A8B11648006808B9012000E000201F
:1079000028B940F2576213A118A0FDF705FF4FF008
:1079100080501A490860BFF34F8FBFF36F8F0BE0A1
:107920000948006816490968884203D100200349C4
:10793000086001E000F02EF870BD0000AC000020EF
:1079400054040020C400002024070020C8000020A8
:10795000E40000202E2E5C4672656552544F535C45
:107960007372635C7461736B732E63004572726F24
:10797000723A25732C25640D0A00000004ED00E026
:10798000BC00002002480068401C014908607047A4
:10799000E400002010B51B48006818B101201A4906
:1079A00008602DE000201849086018480068B0FA07
:1079B00080F0C0F11F0404EB8400154951F8200049
:1079C00008B1012000E0002028B940F6F62211A1FC
:1079D00016A0FDF7A1FE04EB84010D4A02EB810025
:1079E00041684968416000F1080142688A4202D159
:1079F0004168496841604168C968104A116000BF28
:107A000010BD0000E4000020D0000020C4000020D1
:107A1000540400202E2E5C4672656552544F535C10
:107A20007372635C7461736B732E63004572726F63
:107A3000723A25732C25640D0A000000AC0000206A
:107A40001CB52248014609780191FF2102461170B8
:107A50000146097800919DF8001001F050011C4A80
:107A6000117007211B4A116009E01A490968491E73
:107A7000184A11609DF800104906090E00919DF802
:107A8000001001F080018029EFD012490968090235
:107A9000104A11601146098801F4E06111600B4A37
:107AA000019911700C48006840F470000A490860A0
:107AB0000846006840F070400860FFF7D9FB0020DE
:107AC00006490860F8F750FB00201CBD00E400E008
:107AD000180100201C01002020ED00E0140100200E
:107AE00010B500BF502080F31188BFF34F8FBFF354
:107AF0006F8F00BF00F090FB18B14FF08050044929
:107B0000086000BF002080F3118800BF10BD000096
:107B100004ED00E02DE9F84305460E4690460DB110
:107B2000012000E0002028B94FF4C4720DA113A079
:107B3000FDF7F2FD0EB9002701E005FB06F707F19E
:107B40004C00FFF77DF9044644B104F14C0943466B
:107B50004A46314628460094FEF7C6FD2046BDE859
:107B6000F88300002E2E5C4672656552544F535CBC
:107B70007372635C71756575652E63004572726F13
:107B8000723A25732C25640D0A0000002DE9FF4789
:107B900082B005460E461F464FF0000A2C462CB90F
:107BA00040F2DC4261A167A0FDF7B6FD0EB9206C82
:107BB00008B9012000E0002028B940F2DD425BA1B5
:107BC00060A0FDF7A9FD00F011FB08B9049808B901
:107BD000012000E0002028B94FF49C6253A159A075
:107BE000FDF79AFD00BFFFF771FAD4F83890B9F1AC
:107BF000000F3DD0D4F80C8031462046FEF7B2FC91
:107C0000DFB9A9F10100A063206810B9FFF7C0F93E
:107C10006060206908B9012000E0002010BB04F179
:107C2000100000F019FCE8B14FF08050494908609D
:107C3000BFF34F8FBFF36F8F14E0C4F80C80606AFE
:107C400008B9012000E0002060B904F1240000F030
:107C500003FC38B14FF080503E490860BFF34F8FAE
:107C6000BFF36F8FFFF774FA012006B0BDE8F0870D
:107C7000049818B9FFF76CFA0020F6E7BAF1000F84
:107C800004D16846FFF77CFD4FF0010AFFF760FA68
:107C9000FFF778FEFFF71AFA94F94400401C10B978
:107CA000002084F8440094F94500401C10B90020DD
:107CB00084F84500FFF74CFA04A9684600F014FA6E
:107CC00040BB2046FEF71EFEF0B1206830B9FFF73A
:107CD000FDF96068FFF7FCFCFFF73AFA04F12400B5
:107CE0000499FFF799FC2046FFF761F800F010FCBB
:107CF00000287FF478AF4FF0805016490860BFF33A
:107D00004F8FBFF36F8F6EE72046FFF750F800F0FC
:107D1000FFFB68E72046FFF74AF800F0F9FB204632
:107D2000FEF7F0FD0028EED000209EE72E2E5C46E8
:107D300072656552544F535C7372635C71756575FF
:107D4000652E63004572726F723A25732C25640D9F
:107D50000A00000004ED00E070B505460E462C4612
:107D60002CB940F21B121EA123A0FDF7D5FCFFF792
:107D7000ADF9D4E90F12206801FB02006060002019
:107D8000A0632068A060E06B401E226C216800FBAD
:107D90000210E060FF2084F8440084F845009EB99A
:107DA000206908B9012000E00020A8B904F1100002
:107DB00000F052FB80B14FF0805013490860BFF3D0
:107DC0004F8FBFF36F8F07E004F11000FFF748F902
:107DD00004F12400FFF744F9FFF7BAF9012070BD60
:107DE0002E2E5C4672656552544F535C7372635C11
:107DF00071756575652E63004572726F723A2573F1
:107E00002C25640D0A00000004ED00E02DE9FF437D
:107E100083B0064688461D464FF0000934462CB90B
:107E200040F2D92260A166A0FDF776FCB8F1000F00
:107E300001D1206C08B9012000E0002028B940F2EF
:107E4000DA2259A15EA0FDF767FC022D02D1E06B9A
:107E5000012801D1012000E0002028B940F2DB22F6
:107E600051A157A0FDF758FC00F0C0F908B90598DA
:107E700008B9012000E0002028B940F2DE224AA122
:107E80004FA0FDF749FC00BFFFF720F9A06BE16BA5
:107E9000884201D3022D38D12A4641462046FEF7BA
:107EA00076FB0746A06C68B129462046FEF746FDE2
:107EB00028B34FF0805046490860BFF34F8FBFF39F
:107EC0006F8F1CE0606A08B9012000E0002068B9EB
:107ED00004F1240000F0C0FA88B14FF080503C4912
:107EE0000860BFF34F8FBFF36F8F08E03FB14FF0D3
:107EF000805037490860BFF34F8FBFF36F8FFFF794
:107F000027F9012007B0BDE8F083059818B9FFF7FD
:107F10001FF90020F6E7B9F1000F04D101A8FFF71F
:107F20002FFC4FF00109FFF713F9FFF72BFDFFF7C7
:107F3000CDF894F94400401C10B9002084F84400A6
:107F400094F94500401C10B9002084F84500FFF763
:107F5000FFF805A901A800F0C7F8F0B92046FEF720
:107F6000DEFCA0B104F110000599FFF755FB204697
:107F7000FEF71DFF00F0CCFA002885D14FF08050AD
:107F800013490860BFF34F8FBFF36F8F7CE7204624
:107F9000FEF70DFF00F0BCFA76E72046FEF707FF7C
:107FA00000F0B6FA0020ADE72E2E5C4672656552F1
:107FB000544F535C7372635C71756575652E630015
:107FC0004572726F723A25732C25640D0A00000009
:107FD00004ED00E02DE9F05F80468A4615461E4616
:107FE00044462CB940F29F3235A13BA0FDF794FBEB
:107FF000BAF1000F01D1206C08B9012000E0002087
:1080000028B94FF468722EA133A0FDF785FB022E2C
:1080100002D1E06B012801D1012000E0002028B945
:1080200040F2A13226A12CA0FDF776FBFFF730F934
:1080300000BF5021EFF3118081F31188BFF34F8F00
:10804000BFF36F8F00BF0746A06BE16B884201D37F
:10805000022E2BD194F945B0324651462046FEF708
:1080600096FA0BF10100C8B9A06C40B13146204628
:10807000FEF764FCB8B1B5B10120286013E0606A76
:1080800008B9012000E0002068B904F1240000F0E4
:10809000E3F940B13DB10120286004E00BF101009B
:1080A00040B284F845004FF0010901E04FF00009AB
:1080B00000BF87F3118800BF4846BDE8F09F00006D
:1080C0002E2E5C4672656552544F535C7372635C2E
:1080D00071756575652E63004572726F723A25730E
:1080E0002C25640D0A0000002DE9F04104460D46E0
:1080F0002CB940F6CB3219A11EA0FDF70DFB2DB90E
:1081000040F6CC3215A11BA0FDF706FBFEF7DEFF03
:108110001C4807682868401C08B9002619E01A495D
:1081200020680968884204D06068B84201D80126F6
:108130000FE06068381A2968884209D228686168A7
:10814000791A401A28602046FFF71AFB002600E043
:108150000126FEF7FDFF3046BDE8F0812E2E5C467D
:1081600072656552544F535C7372635C7461736BD8
:10817000732E63004572726F723A25732C25640D5D
:108180000A000000C0000020D40000202DE9FF4FAD
:1081900085B0804689461746DDE912ABB800FEF788
:1081A0004FFE064656B15420FEF74AFE04460CB177
:1081B000266304E03046FFF701F800E000247CB1BC
:1081C0000020CDE900ABCDE902403A4649464046A1
:1081D000089BFEF79FFA2046FEF706F9012501E00D
:1081E0004FF0FF35284609B0BDE8F08F0549096812
:1081F00009B9012005E00449096809B9022000E035
:1082000000207047C8000020E400002001490868F1
:1082100070470000C00000202DE9F0414FF0000839
:1082200041480068002872D140480068451C3F481A
:108230000560EDB93E480068006808B9012000E01B
:10824000002028B940F6D9123AA140A0FDF764FAFF
:108250003748076841480068354908603F4807606B
:108260003F480068401C3E490860FEF7CDFC00BF57
:108270003C48006885423CD300BF2D480068006838
:1082800008B9012000E0002020B14FF0FF3035494F
:1082900008602DE026480068C068C4686668B5427A
:1082A00002D23048066023E0201DFEF7C5FEA06A1A
:1082B00018B104F11800FEF7BFFE94F82C1001204D
:1082C000884029490968084327490860E16A01EBA9
:1082D0008101264A02EB8100211DFEF7EBFE2449B5
:1082E000E06A0968C96A8842C7D34FF00108C4E749
:1082F00000BF1F480068C06A00EB80001B4951F8AE
:108300002000012801D94FF0010805E0FFE71948D6
:108310000068401C174908601748006808B14FF012
:1083200001084046BDE8F081E4000020C0000020C4
:10833000B00000202E2E5C4672656552544F535C8F
:108340007372635C7461736B732E63004572726F3A
:10835000723A25732C25640D0A000000B400002039
:10836000D4000020DC000020C400002054040020C1
:10837000AC000020CC000020D000002070B50546E5
:108380002C460026002D4BD026480068844201D19F
:10839000012000E0002028B940F6C76222A128A0F1
:1083A000FDF7BAF9A06C28B940F6C9621EA124A055
:1083B000FDF7B2F9A06C401EA064616CE06A8842CF
:1083C0002ED0A06C60BB201DFEF736FE78B9E06AA7
:1083D00000EB80001E4951F8200040B994F82C10A1
:1083E000012088401B49096881431A480160606C7C
:1083F000E062E06AC0F12000A06194F82C10012036
:10840000884014490968084312490860E16A01EB91
:1084100081010F4A02EB8100211DFEF74BFE012670
:10842000304670BDAC0000202E2E5C467265655251
:10843000544F535C7372635C7461736B732E63008F
:108440004572726F723A25732C25640D0A00000084
:1084500054040020C400002070B50646F068C468CB
:108460002CB940F661321AA11FA0FDF755F904F1AD
:108470001800FEF7E1FD20480068A8B9201DFEF7AE
:10848000DBFD94F82C10012088401C490968084342
:108490001A490860E16A01EB8101194A02EB810087
:1084A000211DFEF707FE04E004F118011548FEF750
:1084B00001FE1549E06A0968C96A884204D90125A4
:1084C00001201249086000E00025284670BD000028
:1084D0002E2E5C4672656552544F535C7372635C1A
:1084E0007461736B732E63004572726F723A2573F9
:1084F0002C25640D0A000000E4000020C4000020C8
:1085000054040020FC060020AC000020D000002015
:1085100070B5002400263448006828B94FF4FD6285
:1085200032A138A0FDF7F8F8FEF7D0FD2E4800681C
:10853000401E2D4908600846006800284FD1354884
:10854000006800284BD024E03348C068C46804F1B8
:108550001800FEF771FD201DFEF76EFD94F82C103B
:10856000012088402D49096808432C490860E16AC8
:1085700001EB81012A4A02EB8100211DFEF79AFDE1
:108580002849E06A0968C96A884202D3012026495D
:1085900008602148006808B9012000E00020002898
:1085A000D2D00CB1FEF730FB2048056865B100BFA2
:1085B000FFF732FE10B101201B4908606D1E002D2F
:1085C000F6D10020194908601748006838B1012623
:1085D000300717490860BFF34F8FBFF36F8FFEF767
:1085E000B7FD304670BD0000E40000202E2E5C4632
:1085F00072656552544F535C7372635C7461736B44
:10860000732E63004572726F723A25732C25640DC8
:108610000A000000BC000020FC060020C40000206E
:1086200054040020AC000020D0000020CC0000202A
:1086300004ED00E01CB50024FDF730FF0B48006896
:1086400058B10B481F2100234FF48072CDE9001070
:1086500008A10A48FFF79AFD04462CB940F23312EC
:1086600007A10EA0FDF758F820461CBDF000002021
:10867000F4000020546D722053766300956D00085D
:108680002E2E5C4672656552544F535C7372635C68
:1086900074696D6572732E63000000004572726F1D
:1086A000723A25732C25640D0A0000002DE9FF475E
:1086B00004460D4616461F46DDF830804FF000098F
:1086C0002CB94FF4D37217A11DA0FDF725F820484F
:1086D000006810B3009501960294062D15DAFFF795
:1086E00085FD022808D100234246694618480068E3
:1086F000FFF78CFB814610E000231A4669461448B8
:108700000068FFF783FB814607E000233A4669468D
:108710000F480068FFF75EFC8146484604B0BDE89C
:10872000F08700002E2E5C4672656552544F535CF4
:108730007372635C74696D6572732E630000000070
:108740004572726F723A25732C25640D0A00000081
:10875000F000002000000000000000000000000009
:108760000000000000000000000000000000000009
:1087700000000000000000000000000000000000F9
:1087800000000000000000000000000000000000E9
:1087900000000000000000000000000000000000D9
:1087A00000000000000000000000000000000000C9
:1087B00000000000000000000000000000000000B9
:1087C00000000000000000000000000000000000A9
:1087D0000000000000000000000000000000000099
:1087E0000000000000000000000000000000000089
:1087F0000000000000000000000000000000000079
:108800000000000000000000000000000000000068
:108810000000000000000000000000000000000058
:108820000000000000000000000000000000000048
:108830000000000000000000000000000000000038
:108840000000000000000000000000000000000028
:1088500000000000000000000000020E1E7EFEFE70
:10886000FEF8E000000080E0F8FCFEFE7E1E06023E
:10887000001E1E1E1E1E1E1EFEFEFEFEFE1E1E1ED6
:108880001E1E1E1E0000000000000000E0FCFEFE98
:108890007EFEFEFEFCE00000000000000000000084
:1088A00000FEFEFEFEFE1E1E1E1E1E1E3EFEFCFCEA
:1088B000FCF8E00000000000FEFEFEFEFE000000EE
:1088C0000080E0F0F8FEFE7E1E0E060200000000B2
:1088D0000000000000000000000000000000010790
:1088E000CFFFFFFFFCFEFFFFDF07030000000000DB
:1088F0000000000000000000FFFFFFFFFF0000007D
:10890000000000000000000000E0F8FFFFFF1F0370
:108910000000073FFFFFFFF8E0000000000000003C
:1089200000FFFFFFFFFFF0F0F0F0F0F8FCBFBF3FEB
:108930001F0F030000000000FFFFFFFFFF70F8FEA5
:10894000FFFFFFCF870100000000000000000000D3
:108950000000000000000000000000C0E0F8FCFF84
:10896000FF3F0F0700030F3FFFFFFEF8F0C00000BE
:108970000000000000000000FFFFFFFFFF000000FC
:10898000000000000000C0F8FFFFFF7F0F0F0F0F77
:108990000F0F0F0F0F0F7FFFFFFFF8C00000000049
:1089A00000FFFFFFFFFF0000000101071F3FFFFF67
:1089B000FEF8F0C000000000FFFFFFFFFF00000115
:1089C000070F1F3FFFFEFCF8F0C080000000000012
:1089D0000000000000000000000203030303030383
:1089E0000000000000000000000303030303030273
:1089F0000000000000000000030303030300000068
:108A00000000000000020303030303000000000055
:108A10000000000000000003030303030200000045
:108A20000003030303030000000000000000000334
:108A30000303030303020000030303030300000016
:108A40000000000000010303030303030200000011
:108A50000000000000000000000000000000000016
:108A60000000000000000000000000000000000006
:108A700000000000000000000000000000000000F6
:108A800000000000000000000000000000000000E6
:108A900000000000000000000000000000000000D6
:108AA00000000000000000000000000000000000C6
:108AB00000000000000000000000000000000000B6
:108AC00000000000000000000000000000000000A6
:108AD0000000000000000000000000000000000096
:108AE0000000000000000000000000000000000086
:108AF0000000000000000000000000000000000076
:108B00000000000000000000000000000000000065
:108B10000000000000000000000000000000000055
:108B20000000000000000000000000000000000045
:108B30000000000000000000000000000000000035
:108B40000000000000000000000000000000000025
:108B500000000000FF0000FFFF0000FF00FFFFFF1C
:108B6000FFFFFF0000FF00FFFFFF00FF000000FF0E
:108B70000000FF00000000000000000000000000F6
:108B800000000000000000000000000000000000E5
:108B90000000000000FF0000FF00000000000000D7
:108BA000000000000000000000000000000000F8CD
:108BB00000000000000000333000000000100C0630
:108BC000100C0600000000000000000040C07840CB
:108BD000C0784000043F04043F040400007088FC97
:108BE00008300000001820FF211E0000F008F000EF
:108BF000E018000000211C031E211E0000F0088860
:108C0000700000001E2123241927211010160E00C9
:108C1000000000000000000000000000000000E074
:108C20001804020000000007182040000002041889
:108C3000E00000000040201807000000404080F0E5
:108C4000804040000202010F01020200000000F01B
:108C5000000000000101011F0101010000000000EF
:108C60000000000080B07000000000000000000064
:108C700000000000000101010101010100000000ED
:108C80000000000000303000000000000000000084
:108C900080601804006018060100000000E0100861
:108CA0000810E000000F102020100F00001010F836
:108CB000000000000020203F202000000070080875
:108CC00008887000003028242221300000300888F5
:108CD000884830000018202020110E000000C0201D
:108CE00010F8000000070424243F240000F808883E
:108CF000880808000019212020110E0000E01088CB
:108D000088180000000F112020110E0000380808FC
:108D1000C83808000000003F00000000007088080C
:108D200008887000001C222121221C0000E010088D
:108D30000810E0000000312222110F00000000C0E6
:108D4000C000000000000030300000000000008083
:108D50000000000000008060000000000000804073
:108D6000201008000001020408102000404040408C
:108D700040404000040404040404040000081020DF
:108D80004080000000201008040201000070480824
:108D90000808F0000000003036010000C030C8288C
:108DA000E810E0000718272423140B000000C03847
:108DB000E0000000203C23020227382008F88888C1
:108DC00088700000203F202020110E00C0300808CD
:108DD00008083800071820202010080008F80808A4
:108DE0000810E000203F202020100F0008F888889D
:108DF000E8081000203F20202320180008F8888869
:108E0000E8081000203F200003000000C0300808E0
:108E10000838000007182020221E020008F8080069
:108E20000008F808203F210101213F20000808F830
:108E3000080800000020203F202000000000080853
:108E4000F8080800C08080807F00000008F888C013
:108E500028180800203F20012638200008F80800C4
:108E600000000000203F20202020300008F8F800FB
:108E7000F8F80800203F003F003F200008F830C00D
:108E80000008F808203F200007183F00E0100808FD
:108E90000810E0000F10202020100F0008F808082C
:108EA0000808F000203F210101010000E01008083F
:108EB0000810E0000F18242438504F0008F8888864
:108EC00088887000203F2000030C30200070880844
:108ED000080838000038202121221C00180808F852
:108EE000080818000000203F2000000008F80800D3
:108EF0000008F808001F202020201F0008788800A4
:108F000000C83808000007380E010000F80800F813
:108F10000008F800033C0700073C030008186880BD
:108F20008068180820302C03032C30200838C80033
:108F3000C83808000000203F200000001008080882
:108F4000C83808002038262120201800000000FE24
:108F5000020202000000007F40404000000C30C0D0
:108F600000000000000000010638C00000020202FC
:108F7000FE000000004040407F00000000000402AE
:108F800002020400000000000000000000000000D9
:108F900000000000808080808080808000020204C9
:108FA00000000000000000000000000000008080C1
:108FB000808000000019242222223F2008F800802F
:108FC00080000000003F112020110E0000000080F2
:108FD00080800000000E1120202011000000008081
:108FE0008088F800000E112020103F2000008080B3
:108FF00080800000001F222222221300008080F0C7
:10900000888888180020203F2020000000008080F1
:1090100080808000006B94949493600008F8008036
:1090200080800000203F210000203F200080989891
:10903000000000000020203F2020000000000080F1
:109040009898000000C08080807F000008F8000031
:1090500080808000203F24022D302000000808F886
:10906000000000000020203F202000008080808041
:1090700080808000203F20003F20003F80800080D3
:1090800080800000203F210000203F2000008080E1
:1090900080800000001F202020201F008080008092
:1090A0008000000080FFA12020110E000000008041
:1090B00080808000000E112020A0FF808080800032
:1090C0008080800020203F2120000100000080805F
:1090D000808080000033242424241900008080E054
:1090E000808000000000001F202000008080000021
:1090F00000808000001F202020103F208080800002
:109100000080808000010E30080601008080008011
:10911000008080800F300C030C300F000080800036
:10912000808080000020312E0E3120008080800061
:109130000080808080818E70180601000080808011
:10914000808080000021302C2221300000000000AF
:10915000807C020200000000003F40400000000050
:10916000FF00000000000000FF0000000002027C81
:10917000800000000040403F0000000000060101A8
:1091800002020404000000000000000000000000D3
:1091900000000000002F000000000700070000147E
:1091A0007F147F1400242A7F2A120062640813238C
:1091B00000364955225000000503000000001C2223
:1091C0004100000041221C000014083E0814000861
:1091D000083E0808000000A0600000080808080811
:1091E000000060600000002010080402003E5149A9
:1091F000453E0000427F4000004261514946002147
:1092000041454B31001814127F1000274545453960
:10921000003C4A49493000017109050300364949BB
:10922000493600064949291E000036360000000074
:1092300056360000000814224100001414141414BF
:109240000000412214080002015109060032495968
:10925000513E007C1211127C007F49494936003E84
:1092600041414122007F4141221C007F494949413F
:10927000007F09090901003E4149497A007F080839
:10928000087F0000417F4100002040413F01007FF6
:1092900008142241007F40404040007F020C027FC2
:1092A000007F0408107F003E4141413E007F0909D4
:1092B0000906003E4151215E007F091929460046FA
:1092C000494949310001017F0101003F4040403FD1
:1092D000001F2040201F003F4038403F006314081B
:1092E00014630007087008070061514945430000F6
:1092F0007F41410000552A552A55000041417F0019
:10930000000402010204004040404040000001020D
:109310000400002054545478007F484444380038F6
:109320004444442000384444487F0038545454187E
:1093300000087E0901020018A4A4A47C007F080490
:1093400004780000447D4000004080847D00007F60
:10935000102844000000417F4000007C041804787D
:10936000007C0804047800384444443800FC242479
:1093700024180018242418FC007C08040408004861
:109380005454542000043F444020003C4040207C82
:10939000001C2040201C003C4030403C0044281071
:1093A0002844001CA0A0A07C004464544C44141425
:1093B000141414140142000000000000000000001A
:1093C0004FBB610567ACDD3F182D4454FB21E93FDD
:1093D0009BF681D20B73EF3F182D4454FB21F93FCC
:1093E000E2652F227F2B7A3C075C143326A6813C52
:1093F000BDCBF07A8807703C075C143326A6913CFD
:10940000C4EB98999999C9BF711623FEC671BCBF68
:109410006D9A74AFF2B0B3BF9AFDDE522DDEADBFD0
:109420002F6C6A2C44B4A2BF0D5555555555D53FE8
:10943000FF8300922449C23F6E204CC5CD45B73F03
:10944000513DD0A0660DB13FEB0D76244B7BA93F7B
:1094500011DA22E33AAD903F00004054FB21F93F7E
:109460003163621A61B4D03D0000601A61B4D03D2E
:109470007370032E8A19A33B0000002E8A19A33BA8
:10948000C14920259A837B390000000000000000BC
:109490006E83F9A22915444ED15727FCC0DD34F55F
:1094A000999562DB4190433CAB6351FE61C5BBDEE5
:1094B0003A6E24B7E0D24D42EA2E49061C92D109F9
:1094C0001CEB1DFE3EA729B1F53582E88444BB2E76
:1094D00026709CE9417E5FB439D69139F4395383C3
:1094E0008B5F849C3B28F9BDFF97F81F0F9805DE22
:1094F0008B112FEF1F6D0A5ACF7E366DB709CB2720
:10950000663F464F2DEA5F9EC7BA27757BF1E5EBB4
:10951000F739073DEA92528AB15FFB6B085D8D1FF8
:109520007AFE10111111C13F37D60684F464963FBC
:10953000280356C9226D6D3F0165F2F2D844433FBE
:10954000A69237A0887E143F735360DBCB75F3BEC1
:10955000FE41B31BBAA1AB3F93846EE9E326823F81
:109560001583E0FEC8DB573F68108D1AF726303FA1
:10957000E9A7F0320FB8123FD47ABF74702AFB3ECD
:10958000A0950008000000203C0100006C0A0008C3
:10959000D09500083C010020245A0000445E0008D9
:1095A000011D84A24A0400091E01020304060708E3
:1095B000090739BC02840301010385040F1AAA01BB
:1095C000C129FC29048009060708090204060800CD
:0400000508000131BD
:00000001FF
