point_index,error,original_x,original_y,original_z,target_x,target_y,target_z,transformed_x,transformed_y,transformed_z,exceeds_threshold
0,0.03452535300326417,1.2138,0,-4.9929,0.188,0,-0.453,0.194,0.0,-0.419,0
1,0.03255764119219944,1.2138,0,-4.9929,0.188,0,-0.451,0.194,0.0,-0.419,0
2,0.031575306807693916,1.2139,0,-4.9929,0.188,0,-0.45,0.194,0.0,-0.419,0
3,0.03535533905932741,1.2138,0,-4.9928,0.189,0,-0.454,0.194,0.0,-0.419,0
4,0.0333766385365573,1.2138,0,-4.9928,0.189,0,-0.452,0.194,0.0,-0.419,0
5,0.03535533905932741,1.2138,0,-4.9928,0.189,0,-0.454,0.194,0.0,-0.419,0
6,0.03423448553724741,1.2138,0,-4.9928,0.19,0,-0.453,0.194,0.0,-0.419,0
7,0.03423448553724741,1.2137,0,-4.9928,0.19,0,-0.453,0.194,0.0,-0.419,0
8,0.034365680554879194,1.2137,0,-4.9928,0.189,0,-0.453,0.194,0.0,-0.419,0
9,0.03649657518178935,1.2138,0,-4.9928,0.188,0,-0.455,0.194,0.0,-0.419,0
10,0.034365680554879194,1.2137,0,-4.9929,0.189,0,-0.453,0.194,0.0,-0.419,0
11,0.034365680554879194,1.2137,0,-4.9928,0.189,0,-0.453,0.194,0.0,-0.419,0
12,0.0333766385365573,1.2138,0,-4.9927,0.189,0,-0.452,0.194,0.0,-0.419,0
13,0.03423448553724741,1.2138,0,-4.9927,0.19,0,-0.453,0.194,0.0,-0.419,0
14,0.03423448553724741,1.2137,0,-4.9928,0.19,0,-0.453,0.194,0.0,-0.419,0
15,0.03535533905932741,1.2137,0,-4.9927,0.189,0,-0.454,0.194,0.0,-0.419,0
16,0.03569313659514952,1.2137,0,-4.9927,0.187,0,-0.454,0.194,0.0,-0.419,0
17,0.03569313659514952,1.2138,0,-4.9926,0.187,0,-0.454,0.194,0.0,-0.419,0
18,0.03551056180912944,1.2129,0,-4.9923,0.189,0,-0.454,0.195,0.0,-0.419,0
19,0.03417601498127015,1.2081,0,-4.9903,0.188,0,-0.45,0.2,0.0,-0.418,0
20,0.04081666326391713,1.1989,0,-4.9862,0.189,0,-0.453,0.21,0.0,-0.418,0
21,0.041231056256176624,1.1874,0,-4.98,0.197,0,-0.45,0.223,0.0,-0.418,0
22,0.05173973328110612,1.1755,0,-4.9743,0.197,0,-0.451,0.236,0.0,-0.417,1
23,0.04883646178829914,1.1657,0,-4.9698,0.211,0,-0.45,0.247,0.0,-0.417,0
24,0.042638011210655705,1.1583,0,-4.9661,0.228,0,-0.45,0.255,0.0,-0.417,0
25,0.04024922359499625,1.153,0,-4.9636,0.243,0,-0.452,0.261,0.0,-0.416,0
26,0.036055512754639925,1.1493,0,-4.962,0.253,0,-0.45,0.265,0.0,-0.416,0
27,0.037576588456111906,1.1457,0,-4.9603,0.253,0,-0.45,0.269,0.0,-0.416,0
28,1.3500725906409627,1.1406,0,-4.9577,0.261,0,0.934,0.275,0.0,-0.416,1
29,1.3550830232867652,1.1336,0,-4.9547,0.267,0,0.94,0.282,0.0,-0.415,1
30,0.03671511950137164,1.1261,0,-4.9513,0.273,0,-0.447,0.291,0.0,-0.415,0
31,0.04201190307520001,1.1184,0,-4.9476,0.273,0,-0.447,0.299,0.0,-0.414,0
32,0.04161730409336966,1.1013,0,-4.9391,0.294,0,-0.448,0.318,0.0,-0.414,0
33,0.04080441152620636,1.095,0,-4.936,0.301,0,-0.447,0.325,0.0,-0.414,0
34,0.040311288741492785,1.0888,0,-4.9328,0.312,0,-0.449,0.332,0.0,-0.414,0
35,0.039824615503479786,1.0823,0,-4.9295,0.321,0,-0.449,0.34,0.0,-0.414,0
36,0.037161808352124105,1.0758,0,-4.9263,0.332,0,-0.448,0.347,0.0,-0.414,0
37,0.04188078318274385,1.0691,0,-4.9229,0.331,0,-0.448,0.354,0.0,-0.413,0
38,0.040804411526206334,1.0622,0,-4.9195,0.338,0,-0.446,0.362,0.0,-0.413,0
39,0.03883297567789523,1.0554,0,-4.9163,0.348,0,-0.445,0.37,0.0,-0.413,0
40,0.0384707681233427,0.9564,0,-4.8651,0.463,0,-0.446,0.481,0.0,-0.412,0
41,0.0428018691180654,0.9493,0,-4.8613,0.463,0,-0.446,0.489,0.0,-0.412,0
42,0.042201895692018425,0.942,0,-4.8576,0.472,0,-0.446,0.497,0.0,-0.412,0
43,0.039408120990476095,0.9345,0,-4.8538,0.483,0,-0.444,0.506,0.0,-0.412,0
44,0.03635931792539572,0.9272,0,-4.8499,0.495,0,-0.443,0.514,0.0,-0.412,0
45,0.03758989225842504,0.9193,0,-4.8456,0.505,0,-0.445,0.523,0.0,-0.412,0
46,0.04327817001676484,0.9109,0,-4.8408,0.505,0,-0.445,0.533,0.0,-0.412,0
47,0.042011903075200044,0.9023,0,-4.8359,0.516,0,-0.446,0.542,0.0,-0.413,0
48,0.04104875150354762,0.8944,0,-4.8314,0.529,0,-0.447,0.552,0.0,-0.413,0
49,0.039824615503479786,0.8865,0,-4.8269,0.542,0,-0.448,0.561,0.0,-0.413,0
50,0.03758989225842498,0.8787,0,-4.8224,0.552,0,-0.447,0.57,0.0,-0.414,0
51,0.042011903075199974,0.8713,0,-4.8185,0.552,0,-0.447,0.578,0.0,-0.414,0
52,0.039962482405376205,0.8641,0,-4.8142,0.565,0,-0.448,0.586,0.0,-0.414,0
53,0.03847076812334272,0.8566,0,-4.8101,0.577,0,-0.448,0.595,0.0,-0.414,0
54,0.04118252056394804,0.8492,0,-4.806,0.583,0,-0.451,0.603,0.0,-0.415,0
55,0.03939543120718445,0.8414,0,-4.8014,0.596,0,-0.451,0.612,0.0,-0.415,0
56,0.04301162633521317,0.8336,0,-4.7968,0.596,0,-0.45,0.621,0.0,-0.415,0
57,0.04080441152620636,0.826,0,-4.7925,0.606,0,-0.449,0.63,0.0,-0.416,0
58,0.04159326868617088,0.8186,0,-4.7883,0.62,0,-0.453,0.639,0.0,-0.416,0
59,0.038013155617496464,0.8108,0,-4.7834,0.631,0,-0.451,0.648,0.0,-0.417,0
60,0.041146081222882006,0.8028,0,-4.7786,0.639,0,-0.454,0.657,0.0,-0.417,0
61,0.04500000000000004,0.795,0,-4.774,0.639,0,-0.454,0.666,0.0,-0.418,0
62,0.040224370722237564,0.7872,0,-4.7691,0.652,0,-0.451,0.675,0.0,-0.418,0
63,0.0311448230047949,0.7795,0,-4.7647,0.663,0,-0.442,0.684,0.0,-0.419,0
64,0.030805843601498687,0.7722,0,-4.7604,0.675,0,-0.444,0.693,0.0,-0.419,0
65,0.029966648127543422,0.7649,0,-4.7561,0.688,0,-0.446,0.701,0.0,-0.419,0
66,0.034058772731852836,0.7575,0,-4.7519,0.688,0,-0.446,0.71,0.0,-0.42,0
67,0.029000000000000026,0.7503,0,-4.7475,0.698,0,-0.441,0.718,0.0,-0.42,0
68,0.031827660925679124,0.7427,0,-4.743,0.704,0,-0.443,0.727,0.0,-0.421,0
69,0.037215588131856825,0.735,0,-4.7381,0.717,0,-0.453,0.736,0.0,-0.421,0
70,0.039115214431215926,0.7269,0,-4.733,0.725,0,-0.455,0.746,0.0,-0.422,0
71,0.04386342439892266,0.719,0,-4.728,0.725,0,-0.455,0.755,0.0,-0.423,0
72,0.042201895692018425,0.7112,0,-4.7229,0.739,0,-0.458,0.764,0.0,-0.424,0
73,0.039115214431215926,0.7034,0,-4.7182,0.752,0,-0.457,0.773,0.0,-0.424,0
74,0.03676955262170051,0.6955,0,-4.7132,0.769,0,-0.459,0.783,0.0,-0.425,0
75,0.039000000000000035,0.6885,0,-4.7092,0.776,0,-0.461,0.791,0.0,-0.425,0
76,0.04188078318274389,0.6812,0,-4.7048,0.776,0,-0.461,0.799,0.0,-0.426,0
77,0.03827531841800931,0.6737,0,-4.7003,0.787,0,-0.458,0.808,0.0,-0.426,0
78,0.03757658845611186,0.6663,0,-4.6959,0.8,0,-0.461,0.816,0.0,-0.427,0
79,0.04081666326391708,0.6583,0,-4.6909,0.805,0,-0.463,0.826,0.0,-0.428,0
80,0.039824615503479786,0.6504,0,-4.6856,0.816,0,-0.464,0.835,0.0,-0.429,0
81,0.04420407221060073,0.643,0,-4.681,0.817,0,-0.464,0.844,0.0,-0.429,0
82,0.04167733196834945,0.6354,0,-4.676,0.832,0,-0.466,0.853,0.0,-0.43,0
83,0.043266615305567906,0.6277,0,-4.6709,0.838,0,-0.467,0.862,0.0,-0.431,0
84,0.039812058474788796,0.6199,0,-4.6661,0.854,0,-0.468,0.871,0.0,-0.432,0
85,0.039824615503479786,0.6117,0,-4.6607,0.862,0,-0.468,0.881,0.0,-0.433,0
86,0.0460108682813094,0.6022,0,-4.6541,0.862,0,-0.468,0.893,0.0,-0.434,0
87,0.04080441152620636,0.5949,0,-4.6496,0.877,0,-0.468,0.901,0.0,-0.435,0
88,0.04272001872658765,0.5879,0,-4.6455,0.886,0,-0.471,0.909,0.0,-0.435,0
89,0.03801315561749641,0.5805,0,-4.6407,0.901,0,-0.47,0.918,0.0,-0.436,0
90,0.03605551275463987,0.5735,0,-4.6361,0.914,0,-0.471,0.926,0.0,-0.437,0
91,0.038587562763149466,0.5662,0,-4.6313,0.915,0,-0.47,0.935,0.0,-0.437,0
92,0.038587562763149404,0.5585,0,-4.6263,0.924,0,-0.471,0.944,0.0,-0.438,0
93,0.03966106403010381,0.5509,0,-4.6213,0.931,0,-0.472,0.953,0.0,-0.439,0
94,0.04188078318274384,0.5431,0,-4.6158,0.94,0,-0.475,0.963,0.0,-0.44,0
95,0.03807886552931952,0.5354,0,-4.6107,0.957,0,-0.476,0.972,0.0,-0.441,0
96,0.04022437072223752,0.5279,0,-4.6053,0.958,0,-0.476,0.981,0.0,-0.443,0
97,0.03894868418830088,0.5203,0,-4.6003,0.971,0,-0.478,0.99,0.0,-0.444,0
98,0.04382921400162225,0.513,0,-4.5958,0.974,0,-0.48,0.999,0.0,-0.444,0
99,0.04159326868617083,0.5055,0,-4.5909,0.989,0,-0.482,1.008,0.0,-0.445,0
100,0.039812058474788706,0.4976,0,-4.5856,1.0,0,-0.482,1.017,0.0,-0.446,0
101,0.042201895692018446,0.4901,0,-4.5803,1.001,0,-0.481,1.026,0.0,-0.447,0
102,0.04675467891024376,0.4825,0,-4.575,1.004,0,-0.483,1.035,0.0,-0.448,0
103,0.04080441152620632,0.4745,0,-4.5691,1.021,0,-0.483,1.045,0.0,-0.45,0
104,0.040311288741492736,0.4665,0,-4.5636,1.035,0,-0.486,1.055,0.0,-0.451,0
105,0.04081666326391703,0.4585,0,-4.5577,1.044,0,-0.487,1.065,0.0,-0.452,0
106,0.045276925690687,0.45,0,-4.5515,1.044,0,-0.487,1.075,0.0,-0.454,0
107,0.046669047558312214,0.4414,0,-4.5451,1.053,0,-0.489,1.086,0.0,-0.456,0
108,0.04280186911806538,0.4322,0,-4.5389,1.071,0,-0.491,1.097,0.0,-0.457,0
109,0.04360045871318328,0.4228,0,-4.5321,1.082,0,-0.494,1.108,0.0,-0.459,0
110,0.04134005321718876,0.4132,0,-4.5255,1.098,0,-0.495,1.12,0.0,-0.46,0
111,0.045276925690687,0.4038,0,-4.5193,1.1,0,-0.494,1.131,0.0,-0.461,0
112,0.04360045871318314,0.3946,0,-4.5131,1.116,0,-0.497,1.142,0.0,-0.462,0
113,0.04545327270945397,0.3853,0,-4.5062,1.124,0,-0.499,1.153,0.0,-0.464,0
114,0.04482186966202994,0.3758,0,-4.4993,1.137,0,-0.501,1.165,0.0,-0.466,0
115,0.040311288741492736,0.3663,0,-4.4926,1.157,0,-0.502,1.177,0.0,-0.467,0
116,0.04386342439892266,0.3569,0,-4.4853,1.158,0,-0.501,1.188,0.0,-0.469,0
117,0.04393176527297755,0.347,0,-4.4787,1.167,0,-0.5,1.2,0.0,-0.471,0
118,0.042638011210655656,0.3377,0,-4.472,1.185,0,-0.505,1.212,0.0,-0.472,0
119,0.04341658669218493,0.3287,0,-4.4654,1.196,0,-0.508,1.223,0.0,-0.474,0
120,0.03801315561749641,0.3193,0,-4.4588,1.217,0,-0.509,1.234,0.0,-0.475,0
121,0.04252058325093863,0.3102,0,-4.4521,1.217,0,-0.509,1.245,0.0,-0.477,0
122,0.04252058325093849,0.3009,0,-4.4453,1.229,0,-0.511,1.257,0.0,-0.479,0
123,0.042638011210655656,0.2913,0,-4.4381,1.241,0,-0.514,1.268,0.0,-0.481,0
124,0.04534313619501858,0.2821,0,-4.4312,1.25,0,-0.516,1.28,0.0,-0.482,0
125,0.042011903075200044,0.2728,0,-4.4242,1.265,0,-0.517,1.291,0.0,-0.484,0
126,0.04904079934095696,0.2634,0,-4.4169,1.265,0,-0.517,1.303,0.0,-0.486,0
127,0.04455333881989097,0.254,0,-4.4102,1.282,0,-0.519,1.314,0.0,-0.488,0
128,0.04675467891024396,0.2446,0,-4.4031,1.295,0,-0.525,1.326,0.0,-0.49,0
129,0.04386342439892266,0.2352,0,-4.3962,1.308,0,-0.524,1.338,0.0,-0.492,0
130,0.039446165846632075,0.2258,0,-4.3891,1.329,0,-0.527,1.349,0.0,-0.493,0
131,0.04455333881989097,0.2164,0,-4.3818,1.329,0,-0.527,1.361,0.0,-0.496,0
132,0.050328918128646524,0.2064,0,-4.3744,1.335,0,-0.53,1.373,0.0,-0.497,1
133,0.05738466694161426,0.1954,0,-4.3672,1.343,0,-0.537,1.386,0.0,-0.499,1
134,0.06717886572427363,0.1837,0,-4.3606,1.352,0,-0.546,1.4,0.0,-0.499,1
135,0.06505382386916228,0.171,0,-4.354,1.368,0,-0.545,1.414,0.0,-0.499,1
136,0.08183520025025913,0.1591,0,-4.3484,1.363,0,-0.549,1.427,0.0,-0.498,1
137,0.06735725647619561,0.1471,0,-4.3425,1.389,0,-0.542,1.44,0.0,-0.498,1
138,0.05531726674375737,0.1354,0,-4.3359,1.412,0,-0.534,1.454,0.0,-0.498,1
139,0.042449970553582364,0.1241,0,-4.3293,1.438,0,-0.53,1.467,0.0,-0.499,0
140,0.044598206241955554,0.1126,0,-4.3225,1.45,0,-0.533,1.48,0.0,-0.5,0
141,0.05464430436925714,0.1006,0,-4.3149,1.45,0,-0.532,1.495,0.0,-0.501,1
142,0.051312766442669945,0.0881,0,-4.3075,1.466,0,-0.53,1.509,0.0,-0.502,1
143,0.04841487374764068,0.0756,0,-4.3003,1.485,0,-0.532,1.523,0.0,-0.502,0
144,0.04609772228646456,0.0628,0,-4.2931,1.503,0,-0.533,1.538,0.0,-0.503,0
145,0.03982461550347972,0.0502,0,-4.2856,1.528,0,-0.534,1.553,0.0,-0.503,0
146,0.050000000000000044,0.0373,0,-4.2778,1.528,0,-0.534,1.568,0.0,-0.504,1
147,0.04920365840057013,0.0244,0,-4.2695,1.544,0,-0.536,1.583,0.0,-0.506,0
148,0.047507894080878854,0.0108,0,-4.2611,1.563,0,-0.538,1.599,0.0,-0.507,0
149,0.0460108682813094,-0.0032,0,-4.2526,1.581,0,-0.539,1.615,0.0,-0.508,0
150,0.04386342439892266,-0.017,0,-4.2446,1.601,0,-0.54,1.631,0.0,-0.508,0
151,0.0554707129934347,-0.0307,0,-4.2363,1.601,0,-0.54,1.647,0.0,-0.509,1
152,0.05660388679233967,-0.044,0,-4.2282,1.615,0,-0.54,1.663,0.0,-0.51,1
153,0.04904079934095696,-0.0573,0,-4.2201,1.64,0,-0.542,1.678,0.0,-0.511,0
154,0.05140038910358572,-0.0712,0,-4.2107,1.654,0,-0.544,1.695,0.0,-0.513,1
155,0.06488451279003349,-0.0845,0,-4.2023,1.654,0,-0.545,1.711,0.0,-0.514,1
156,0.060415229867973014,-0.0983,0,-4.1937,1.674,0,-0.545,1.727,0.0,-0.516,1
157,0.05491812087098397,-0.1124,0,-4.1854,1.697,0,-0.546,1.743,0.0,-0.516,1
158,0.05464430436925696,-0.1264,0,-4.1775,1.714,0,-0.548,1.759,0.0,-0.517,1
159,0.05841232746604081,-0.1404,0,-4.1708,1.729,0,-0.552,1.775,0.0,-0.516,1
160,0.07357309290766562,-0.1555,0,-4.1645,1.728,0,-0.553,1.791,0.0,-0.515,1
161,0.06324555320336764,-0.1705,0,-4.1592,1.755,0,-0.548,1.807,0.0,-0.512,1
162,0.05440588203494182,-0.1857,0,-4.1528,1.779,0,-0.543,1.823,0.0,-0.511,1
163,0.05103920062069943,-0.2003,0,-4.1458,1.798,0,-0.539,1.84,0.0,-0.51,1
164,0.052153619241621235,-0.4467,0,-4.0378,2.064,0,-0.519,2.108,0.0,-0.491,1
165,0.0458039299623951,-0.4621,0,-4.0314,2.087,0,-0.517,2.124,0.0,-0.49,0
166,0.06264982043070849,-0.4779,0,-4.0254,2.086,0,-0.518,2.141,0.0,-0.488,1
167,0.058830264320330776,-0.4935,0,-4.0199,2.108,0,-0.516,2.158,0.0,-0.485,1
168,0.048414873747641037,-0.5059,0,-4.0182,2.131,0,-0.511,2.169,0.0,-0.481,0
169,0.03764306044943746,-0.5165,0,-4.0149,2.156,0,-0.508,2.18,0.0,-0.479,0
170,0.04837354648979134,-0.5253,0,-4.0092,2.167,0,-0.522,2.191,0.0,-0.48,0
171,0.06296824596572478,-0.5428,0,-4.003,2.166,0,-0.523,2.209,0.0,-0.477,1
172,0.06500000000000006,-0.5608,0,-3.9954,2.177,0,-0.515,2.229,0.0,-0.476,1
173,0.06041522986797282,-0.5794,0,-3.988,2.196,0,-0.503,2.249,0.0,-0.474,1
174,0.05630275304103676,-0.5977,0,-3.9813,2.221,0,-0.502,2.268,0.0,-0.471,1
175,0.0496789693934971,-0.6139,0,-3.9745,2.247,0,-0.502,2.285,0.0,-0.47,0
176,0.06906518659932796,-0.6322,0,-3.9716,2.246,0,-0.503,2.303,0.0,-0.464,1
177,0.06500000000000003,-0.6473,0,-3.9672,2.266,0,-0.5,2.318,0.0,-0.461,1
178,0.0693541635375989,-0.6624,0,-3.9604,2.288,0,-0.511,2.335,0.0,-0.46,1
179,0.07000000000000016,-0.6792,0,-3.953,2.311,0,-0.514,2.353,0.0,-0.458,1
180,0.06489992295835181,-0.6952,0,-3.9461,2.335,0,-0.511,2.371,0.0,-0.457,1
181,0.0771038261048049,-0.7105,0,-3.9394,2.334,0,-0.512,2.387,0.0,-0.456,1
182,0.07507329751649372,-0.726,0,-3.9317,2.354,0,-0.511,2.404,0.0,-0.455,1
183,0.07029224708315984,-0.7407,0,-3.926,2.375,0,-0.508,2.42,0.0,-0.454,1
184,0.07080254232723557,-0.756,0,-3.9193,2.395,0,-0.509,2.437,0.0,-0.452,1
185,0.06351377803280149,-0.7712,0,-3.913,2.418,0,-0.504,2.453,0.0,-0.451,1
186,0.07707788269017272,-0.7871,0,-3.9056,2.417,0,-0.505,2.471,0.0,-0.45,1
187,0.07359347797189628,-0.8027,0,-3.8981,2.438,0,-0.503,2.488,0.0,-0.449,1
188,0.06293647591023796,-0.8162,0,-3.8846,2.462,0,-0.5,2.506,0.0,-0.455,1
189,0.06030754513325821,-0.8313,0,-3.8785,2.483,0,-0.499,2.522,0.0,-0.453,1
190,0.06382005954243535,-0.8476,0,-3.8706,2.504,0,-0.505,2.541,0.0,-0.453,1
191,0.07424957912338631,-0.8612,0,-3.8645,2.503,0,-0.505,2.555,0.0,-0.452,1
192,0.0694262198308393,-0.8755,0,-3.8582,2.525,0,-0.503,2.571,0.0,-0.451,1
193,0.06700746227100376,-0.8892,0,-3.8522,2.545,0,-0.503,2.586,0.0,-0.45,1
194,0.0628012738724302,-0.9042,0,-3.8453,2.564,0,-0.499,2.602,0.0,-0.449,1
195,0.061854668376768535,-0.9201,0,-3.8378,2.585,0,-0.499,2.62,0.0,-0.448,1
196,0.07566372975210765,-0.9365,0,-3.8304,2.584,0,-0.5,2.638,0.0,-0.447,1
197,0.07076722405181625,-0.9523,0,-3.8232,2.607,0,-0.498,2.655,0.0,-0.446,1
198,0.06811754546370562,-0.9906,0,-3.8062,2.653,0,-0.495,2.697,0.0,-0.443,1
199,0.0640312423743285,-1.0057,0,-3.7988,2.674,0,-0.493,2.714,0.0,-0.443,1
200,0.06103277807866859,-1.0206,0,-3.7917,2.695,0,-0.492,2.73,0.0,-0.442,1
201,0.05798275605729672,-1.0361,0,-3.7847,2.716,0,-0.49,2.747,0.0,-0.441,1
202,0.06931089380465354,-1.0515,0,-3.7777,2.716,0,-0.49,2.764,0.0,-0.44,1
203,0.06670832032063147,-1.065,0,-3.7705,2.737,0,-0.491,2.78,0.0,-0.44,1
204,0.05830951894845312,-1.0722,0,-3.7645,2.759,0,-0.492,2.789,0.0,-0.442,1
205,0.05423098745182495,-1.0814,0,-3.7623,2.777,0,-0.49,2.798,0.0,-0.44,1
206,0.05769748694700677,-1.0955,0,-3.7558,2.788,0,-0.491,2.813,0.0,-0.439,1
207,0.06684309986827348,-1.1115,0,-3.7486,2.789,0,-0.49,2.831,0.0,-0.438,1
208,0.07566372975210772,-1.1324,0,-3.7391,2.801,0,-0.491,2.854,0.0,-0.437,1
209,0.07710382610480497,-1.1551,0,-3.7287,2.823,0,-0.488,2.879,0.0,-0.435,1
210,0.07106335201775943,-1.1733,0,-3.7204,2.854,0,-0.489,2.899,0.0,-0.434,1
211,0.08363013810822008,-1.1894,0,-3.7118,2.854,0,-0.489,2.917,0.0,-0.434,1
212,0.06365532185135805,-1.1985,0,-3.7029,2.883,0,-0.482,2.929,0.0,-0.438,1
213,0.052430906915673446,-1.2051,0,-3.6967,2.908,0,-0.483,2.938,0.0,-0.44,1
214,0.05412023651093918,-1.2133,0,-3.6918,2.922,0,-0.489,2.947,0.0,-0.441,1
215,0.05515432893255083,-1.219,0,-3.6875,2.933,0,-0.493,2.954,0.0,-0.442,1
216,0.06103277807866833,-1.2314,0,-3.6804,2.934,0,-0.493,2.969,0.0,-0.443,1
217,0.06824954212300602,-1.2509,0,-3.6736,2.946,0,-0.492,2.989,0.0,-0.439,1
218,0.09055385138137406,-1.2827,0,-3.6712,2.956,0,-0.493,3.018,0.0,-0.427,1
219,0.08626702730475876,-1.3017,0,-3.6581,2.98,0,-0.491,3.041,0.0,-0.43,1
220,0.060108235708594734,-1.3154,0,-3.6489,3.016,0,-0.474,3.058,0.0,-0.431,1
221,0.062008063991709855,-1.4827,0,-3.5636,3.208,0,-0.478,3.246,0.0,-0.429,1
222,0.06122091146005574,-1.4972,0,-3.5563,3.224,0,-0.477,3.262,0.0,-0.429,1
223,0.061400325732034945,-1.5121,0,-3.5488,3.241,0,-0.477,3.278,0.0,-0.428,1
224,0.07366138744281137,-1.5277,0,-3.5408,3.241,0,-0.477,3.296,0.0,-0.428,1
225,0.07291776189653676,-1.544,0,-3.5323,3.26,0,-0.477,3.314,0.0,-0.428,1
226,0.07072481884034748,-1.5595,0,-3.5238,3.281,0,-0.477,3.332,0.0,-0.428,1
227,0.06652818951391982,-1.5749,0,-3.5157,3.304,0,-0.477,3.349,0.0,-0.428,1
228,0.05981638571495266,-1.5896,0,-3.5082,3.329,0,-0.475,3.366,0.0,-0.428,1
229,0.07083784299369929,-1.6038,0,-3.5013,3.329,0,-0.475,3.382,0.0,-0.428,1
230,0.0685930025585701,-1.6185,0,-3.494,3.35,0,-0.476,3.398,0.0,-0.427,1
231,0.06576473218982963,-1.6326,0,-3.4864,3.367,0,-0.474,3.414,0.0,-0.428,1
232,0.0657647321898297,-1.6474,0,-3.478,3.385,0,-0.475,3.431,0.0,-0.428,1
233,0.06248199740725325,-1.6627,0,-3.4696,3.409,0,-0.476,3.449,0.0,-0.428,1
234,0.0745184540902456,-1.6779,0,-3.4618,3.409,0,-0.476,3.466,0.0,-0.428,1
235,0.07310950690573699,-1.6929,0,-3.4539,3.427,0,-0.475,3.483,0.0,-0.428,1
236,0.07144928271158503,-1.7076,0,-3.4463,3.447,0,-0.477,3.499,0.0,-0.428,1
237,0.06648308055437867,-1.7227,0,-3.4385,3.468,0,-0.474,3.516,0.0,-0.428,1
238,0.06648308055437852,-1.7379,0,-3.4302,3.487,0,-0.476,3.533,0.0,-0.428,1
239,0.0784091831356505,-1.7517,0,-3.4227,3.487,0,-0.476,3.549,0.0,-0.428,1
240,0.06296824596572474,-1.7578,0,-3.4194,3.513,0,-0.475,3.556,0.0,-0.429,1
241,0.05323532661682481,-1.757,0,-3.4197,3.53,0,-0.476,3.555,0.0,-0.429,1
242,0.0455411901469428,-1.7549,0,-3.4209,3.546,0,-0.474,3.553,0.0,-0.429,0
243,0.0455411901469428,-1.7536,0,-3.4217,3.544,0,-0.473,3.551,0.0,-0.428,0
244,0.0455411901469428,-1.7531,0,-3.422,3.544,0,-0.473,3.551,0.0,-0.428,0
245,0.048764741360946516,-1.7533,0,-3.4219,3.538,0,-0.475,3.551,0.0,-0.428,0
246,0.0482700735445887,-1.7531,0,-3.422,3.54,0,-0.475,3.551,0.0,-0.428,0
247,0.04632493928760189,-1.7531,0,-3.4218,3.54,0,-0.474,3.551,0.0,-0.429,0
248,0.04712748667179277,-1.7532,0,-3.4219,3.537,0,-0.474,3.551,0.0,-0.429,0
249,0.04707440918375931,-1.7532,0,-3.422,3.541,0,-0.474,3.551,0.0,-0.428,0
250,0.04609772228646447,-1.7532,0,-3.4218,3.541,0,-0.474,3.551,0.0,-0.429,0
251,0.04785394445602156,-1.7516,0,-3.4228,3.54,0,-0.475,3.549,0.0,-0.428,0
252,0.047042533945356284,-1.7453,0,-3.4261,3.54,0,-0.475,3.542,0.0,-0.428,0
253,0.047265209192385915,-1.735,0,-3.4319,3.535,0,-0.475,3.53,0.0,-0.428,0
254,0.049999999999999926,-1.7227,0,-3.4386,3.53,0,-0.476,3.516,0.0,-0.428,0
255,0.05507267925205729,-1.7108,0,-3.4447,3.53,0,-0.476,3.503,0.0,-0.428,1
256,0.0501597448159378,-1.7005,0,-3.45,3.511,0,-0.474,3.491,0.0,-0.428,1
257,0.048764741360946516,-1.6919,0,-3.4545,3.494,0,-0.475,3.481,0.0,-0.428,0
258,0.04716990566028301,-1.6842,0,-3.4585,3.477,0,-0.475,3.473,0.0,-0.428,0
259,0.04804164859785725,-1.6765,0,-3.4623,3.466,0,-0.476,3.464,0.0,-0.428,0
260,0.0482700735445887,-1.6683,0,-3.4663,3.466,0,-0.476,3.455,0.0,-0.429,0
261,0.046324939287601785,-1.6602,0,-3.4704,3.457,0,-0.474,3.446,0.0,-0.429,0
262,0.048507731342539606,-1.6524,0,-3.4749,3.449,0,-0.476,3.437,0.0,-0.429,0
263,0.04816637831516917,-1.6466,0,-3.4779,3.434,0,-0.477,3.43,0.0,-0.429,0
264,0.0490917508345343,-1.6461,0,-3.4783,3.427,0,-0.477,3.43,0.0,-0.428,0
265,0.0490917508345343,-1.6462,0,-3.4783,3.427,0,-0.477,3.43,0.0,-0.428,0
266,0.049244289008980535,-1.6462,0,-3.4783,3.419,0,-0.476,3.43,0.0,-0.428,0
267,0.04589117562233511,-1.6462,0,-3.4781,3.421,0,-0.474,3.43,0.0,-0.429,0
268,0.048507731342539606,-1.6461,0,-3.4782,3.418,0,-0.476,3.43,0.0,-0.429,0
269,0.049477267507411916,-1.6462,0,-3.4782,3.418,0,-0.476,3.43,0.0,-0.428,0
270,0.048507731342539606,-1.6462,0,-3.4781,3.418,0,-0.476,3.43,0.0,-0.429,0
271,0.04866210024238575,-1.645,0,-3.4788,3.421,0,-0.476,3.429,0.0,-0.428,0
272,0.04936598018878989,-1.6418,0,-3.4805,3.419,0,-0.477,3.425,0.0,-0.428,0
273,0.048041648597857235,-1.6353,0,-3.4842,3.42,0,-0.476,3.418,0.0,-0.428,0
274,0.04866210024238575,-1.6259,0,-3.4893,3.415,0,-0.476,3.407,0.0,-0.428,0
275,0.051623637996561264,-1.6159,0,-3.4946,3.415,0,-0.476,3.396,0.0,-0.428,1
276,0.051264022471905105,-1.6051,0,-3.5,3.401,0,-0.476,3.383,0.0,-0.428,1
277,0.04870318264754352,-1.5955,0,-3.5048,3.389,0,-0.475,3.373,0.0,-0.429,0
278,0.05069516742254626,-1.5868,0,-3.5088,3.376,0,-0.478,3.363,0.0,-0.429,1
279,0.050009999000199895,-1.5789,0,-3.5127,3.364,0,-0.478,3.354,0.0,-0.429,1
280,0.051264022471905105,-1.5717,0,-3.5166,3.364,0,-0.477,3.346,0.0,-0.429,1
281,0.051546095875439485,-1.5642,0,-3.5206,3.354,0,-0.478,3.338,0.0,-0.429,1
282,0.049999999999999926,-1.5561,0,-3.5246,3.343,0,-0.477,3.329,0.0,-0.429,0
283,0.05000000000000005,-1.5478,0,-3.5292,3.333,0,-0.477,3.319,0.0,-0.429,1
284,0.04827007354458859,-1.539,0,-3.5338,3.32,0,-0.476,3.309,0.0,-0.429,0
285,0.05147815070493495,-1.53,0,-3.5389,3.32,0,-0.476,3.299,0.0,-0.429,1
286,0.05056678751908207,-1.519,0,-3.5443,3.308,0,-0.475,3.287,0.0,-0.429,1
287,0.05056678751908226,-1.5062,0,-3.5505,3.293,0,-0.476,3.272,0.0,-0.43,1
288,0.05142956348249501,-1.4922,0,-3.5573,3.28,0,-0.476,3.257,0.0,-0.43,1
289,0.05142956348249501,-1.4772,0,-3.5651,3.263,0,-0.476,3.24,0.0,-0.43,1
290,0.06107372593840968,-1.4629,0,-3.5726,3.263,0,-0.477,3.224,0.0,-0.43,1
291,0.06161168720299746,-1.4488,0,-3.5799,3.244,0,-0.48,3.208,0.0,-0.43,1
292,0.054203320931470664,-1.4364,0,-3.5866,3.221,0,-0.477,3.194,0.0,-0.43,1
293,0.05147815070493495,-1.4237,0,-3.5927,3.201,0,-0.478,3.18,0.0,-0.431,1
294,0.0534883164812652,-1.4143,0,-3.6009,3.187,0,-0.478,3.168,0.0,-0.428,1
295,0.06226556030423223,-1.4056,0,-3.6083,3.187,0,-0.479,3.156,0.0,-0.425,1
296,0.05769748694700658,-1.3942,0,-3.6145,3.169,0,-0.477,3.144,0.0,-0.425,1
297,0.056435804238089846,-1.3809,0,-3.6219,3.156,0,-0.474,3.128,0.0,-0.425,1
298,0.05635601121442138,-1.3665,0,-3.6295,3.138,0,-0.475,3.112,0.0,-0.425,1
299,0.05366563145999495,-1.35,0,-3.6352,3.119,0,-0.475,3.095,0.0,-0.427,1
300,0.06082762530298221,-1.3295,0,-3.6392,3.119,0,-0.475,3.075,0.0,-0.433,1
301,0.058008620049092845,-1.2982,0,-3.6532,3.075,0,-0.483,3.041,0.0,-0.436,1
302,0.05323532661682481,-1.2795,0,-3.6652,3.043,0,-0.481,3.018,0.0,-0.434,1
303,0.050960769224963676,-1.2755,0,-3.6682,3.027,0,-0.482,3.013,0.0,-0.433,1
304,0.052239831546435925,-1.2734,0,-3.671,3.015,0,-0.483,3.01,0.0,-0.431,1
305,0.04816637831516917,-1.2699,0,-3.6725,3.011,0,-0.48,3.007,0.0,-0.432,0
306,0.05021951811795889,-1.2614,0,-3.6778,3.008,0,-0.48,2.997,0.0,-0.431,1
307,0.055217750769114095,-1.2424,0,-3.6859,3.008,0,-0.478,2.976,0.0,-0.433,1
308,0.0616116872029973,-1.2111,0,-3.6889,2.997,0,-0.48,2.947,0.0,-0.444,1
309,0.0686002915445701,-1.1828,0,-3.6992,2.976,0,-0.484,2.917,0.0,-0.449,1
310,0.05580322571321476,-1.1442,0,-3.7203,2.906,0,-0.493,2.873,0.0,-0.448,1
311,0.05096076922496356,-1.1408,0,-3.7217,2.883,0,-0.497,2.869,0.0,-0.448,1
312,0.04809365862564419,-1.1403,0,-3.721,2.866,0,-0.497,2.869,0.0,-0.449,0
313,0.05008991914547277,-1.1402,0,-3.7208,2.866,0,-0.499,2.869,0.0,-0.449,1
314,0.051009802979427386,-1.1379,0,-3.7229,2.865,0,-0.499,2.866,0.0,-0.448,1
315,0.05514526271584894,-1.133,0,-3.7258,2.865,0,-0.503,2.861,0.0,-0.448,1
316,0.06312685640834646,-1.091,0,-3.7486,2.854,0,-0.496,2.813,0.0,-0.448,1
317,0.05590169943749469,-1.0333,0,-3.7764,2.774,0,-0.5,2.749,0.0,-0.45,1
318,0.05249761899362674,-1.0261,0,-3.7798,2.757,0,-0.5,2.741,0.0,-0.45,1
319,0.052810983706043674,-1.0176,0,-3.7839,2.748,0,-0.5,2.731,0.0,-0.45,1
320,0.05124451190127572,-1.0072,0,-3.7887,2.735,0,-0.5,2.72,0.0,-0.451,1
321,0.05730619512757761,-0.9954,0,-3.7945,2.735,0,-0.501,2.707,0.0,-0.451,1
322,0.0510881590977792,-0.854,0,-3.8627,2.553,0,-0.508,2.55,0.0,-0.457,1
323,0.05162363799656122,-0.8543,0,-3.8627,2.542,0,-0.508,2.55,0.0,-0.457,1
324,0.05162363799656122,-0.8543,0,-3.8624,2.542,0,-0.508,2.55,0.0,-0.457,1
325,0.05178802950489618,-0.8543,0,-3.8626,2.541,0,-0.508,2.55,0.0,-0.457,1
326,0.05277309920783502,-0.8542,0,-3.8625,2.541,0,-0.509,2.55,0.0,-0.457,1
327,0.05360037313302958,-0.8543,0,-3.8624,2.542,0,-0.51,2.55,0.0,-0.457,1
328,0.05277309920783502,-0.8543,0,-3.8625,2.541,0,-0.509,2.55,0.0,-0.457,1
329,0.05295280917949486,-0.8542,0,-3.8625,2.54,0,-0.509,2.55,0.0,-0.457,1
330,0.05080354318352212,-0.8542,0,-3.8624,2.541,0,-0.507,2.55,0.0,-0.457,1
331,0.05178802950489618,-0.8543,0,-3.8624,2.541,0,-0.508,2.55,0.0,-0.457,1
332,0.04981967482832457,-0.8542,0,-3.8624,2.541,0,-0.506,2.55,0.0,-0.457,0
333,0.05080354318352212,-0.8542,0,-3.8623,2.541,0,-0.507,2.55,0.0,-0.457,1
334,0.0509901951359278,-0.8543,0,-3.8624,2.54,0,-0.507,2.55,0.0,-0.457,1
335,0.05197114584074508,-0.8542,0,-3.8624,2.54,0,-0.508,2.55,0.0,-0.457,1
336,0.05295280917949486,-0.8541,0,-3.8623,2.54,0,-0.509,2.55,0.0,-0.457,1
337,0.05178802950489618,-0.8543,0,-3.8624,2.541,0,-0.508,2.55,0.0,-0.457,1
338,0.05080354318352212,-0.8542,0,-3.8624,2.541,0,-0.507,2.55,0.0,-0.457,1
339,0.05063595560468864,-0.8544,0,-3.8624,2.542,0,-0.507,2.55,0.0,-0.457,1
340,0.051788029504896256,-0.8549,0,-3.8619,2.542,0,-0.508,2.551,0.0,-0.457,1
341,0.052630789467763034,-0.8565,0,-3.861,2.54,0,-0.508,2.553,0.0,-0.457,1
342,0.05470831746635968,-0.8613,0,-3.8588,2.541,0,-0.509,2.558,0.0,-0.457,1
343,0.056859475903317865,-0.8683,0,-3.8552,2.543,0,-0.509,2.566,0.0,-0.457,1
344,0.0577754273026172,-0.8766,0,-3.8513,2.552,0,-0.509,2.575,0.0,-0.456,1
345,0.06158733636065123,-0.8852,0,-3.8469,2.552,0,-0.508,2.585,0.0,-0.456,1
346,0.06328506932918691,-0.8929,0,-3.8429,2.561,0,-0.51,2.594,0.0,-0.456,1
347,0.05724508712544674,-0.9007,0,-3.8391,2.576,0,-0.507,2.602,0.0,-0.456,1
348,0.05554277630799517,-0.9078,0,-3.8355,2.588,0,-0.507,2.61,0.0,-0.456,1
349,0.054781383699209346,-0.9147,0,-3.8319,2.598,0,-0.507,2.618,0.0,-0.456,1
350,0.05866856057549046,-0.9219,0,-3.8282,2.597,0,-0.507,2.626,0.0,-0.456,1
351,0.05635601121442138,-0.9288,0,-3.8246,2.608,0,-0.506,2.634,0.0,-0.456,1
352,0.05724508712544674,-0.9359,0,-3.821,2.616,0,-0.507,2.642,0.0,-0.456,1
353,0.056462376853972325,-0.9437,0,-3.817,2.629,0,-0.508,2.651,0.0,-0.456,1
354,0.056859475903317865,-0.9508,0,-3.813,2.636,0,-0.508,2.659,0.0,-0.456,1
355,0.06140032573203484,-0.9583,0,-3.8091,2.636,0,-0.509,2.667,0.0,-0.456,1
356,0.060827625302982205,-0.9664,0,-3.8054,2.648,0,-0.509,2.676,0.0,-0.455,1
357,0.059933296255086886,-0.9742,0,-3.8012,2.659,0,-0.509,2.685,0.0,-0.455,1
358,0.055946402922797504,-0.9824,0,-3.7972,2.671,0,-0.506,2.694,0.0,-0.455,1
359,0.05554277630799517,-0.9903,0,-3.7931,2.681,0,-0.506,2.703,0.0,-0.455,1
360,0.06313477647065845,-0.9983,0,-3.789,2.681,0,-0.51,2.712,0.0,-0.455,1
361,0.05994163828258284,-1.0057,0,-3.7851,2.692,0,-0.508,2.72,0.0,-0.455,1
362,0.05727128425310541,-1.0133,0,-3.7811,2.705,0,-0.507,2.729,0.0,-0.455,1
363,0.05571355310873647,-1.0207,0,-3.7772,2.717,0,-0.507,2.737,0.0,-0.455,1
364,0.05536244214266567,-1.028,0,-3.7733,2.726,0,-0.507,2.745,0.0,-0.455,1
365,0.059059292240933606,-1.0354,0,-3.7693,2.726,0,-0.507,2.754,0.0,-0.455,1
366,0.05635601121442138,-1.0434,0,-3.7652,2.737,0,-0.505,2.763,0.0,-0.455,1
367,0.055946402922797324,-1.0512,0,-3.7613,2.749,0,-0.506,2.772,0.0,-0.455,1
368,0.055946402922797324,-1.059,0,-3.7575,2.757,0,-0.506,2.78,0.0,-0.455,1
369,0.05470831746635968,-1.0653,0,-3.7545,2.77,0,-0.506,2.787,0.0,-0.454,1
370,0.054781383699209346,-1.0673,0,-3.7534,2.77,0,-0.505,2.79,0.0,-0.454,1
371,0.051788029504896256,-1.0666,0,-3.7537,2.78,0,-0.505,2.789,0.0,-0.454,1
372,0.05208646657242164,-1.066,0,-3.754,2.785,0,-0.506,2.788,0.0,-0.454,1
373,0.051156622249714644,-1.0659,0,-3.754,2.784,0,-0.505,2.788,0.0,-0.454,1
374,0.051156622249714644,-1.0658,0,-3.7542,2.784,0,-0.505,2.788,0.0,-0.454,1
375,0.051156622249714644,-1.0659,0,-3.7541,2.784,0,-0.505,2.788,0.0,-0.454,1
376,0.05223983154643588,-1.0658,0,-3.7541,2.783,0,-0.506,2.788,0.0,-0.454,1
377,0.051156622249714644,-1.0649,0,-3.7545,2.783,0,-0.505,2.787,0.0,-0.454,1
378,0.04999999999999999,-1.0616,0,-3.7561,2.783,0,-0.505,2.783,0.0,-0.455,0
379,0.0503587132480567,-1.0551,0,-3.7592,2.782,0,-0.505,2.776,0.0,-0.455,1
380,0.05412023651093926,-1.0471,0,-3.7631,2.782,0,-0.507,2.767,0.0,-0.455,1
381,0.05348831648126536,-1.0387,0,-3.7675,2.777,0,-0.505,2.758,0.0,-0.455,1
382,0.05314132102234561,-1.0305,0,-3.7718,2.766,0,-0.505,2.748,0.0,-0.455,1
383,0.05360037313302955,-1.0228,0,-3.7759,2.753,0,-0.507,2.74,0.0,-0.455,1
384,0.05315072906367317,-1.0157,0,-3.7799,2.743,0,-0.507,2.732,0.0,-0.455,1
385,0.054424259296750994,-1.009,0,-3.7834,2.743,0,-0.506,2.724,0.0,-0.455,1
386,0.05481788029466292,-1.003,0,-3.7864,2.731,0,-0.508,2.717,0.0,-0.455,1
387,0.05457105459856898,-0.997,0,-3.7899,2.723,0,-0.508,2.71,0.0,-0.455,1
388,0.05360037313302958,-0.9901,0,-3.7934,2.711,0,-0.508,2.703,0.0,-0.455,1
389,0.051788029504896256,-0.9829,0,-3.7969,2.704,0,-0.506,2.695,0.0,-0.455,1
390,0.05565968020030308,-0.9758,0,-3.8005,2.704,0,-0.508,2.687,0.0,-0.455,1
391,0.05481788029466303,-0.9688,0,-3.8041,2.693,0,-0.508,2.679,0.0,-0.455,1
392,0.05217278984298235,-0.9617,0,-3.8078,2.682,0,-0.506,2.671,0.0,-0.455,1
393,0.05217278984298235,-0.9544,0,-3.8117,2.673,0,-0.506,2.662,0.0,-0.455,1
394,0.053935146240647235,-0.947,0,-3.8155,2.664,0,-0.508,2.654,0.0,-0.455,1
395,0.055973207876626185,-0.9396,0,-3.8193,2.664,0,-0.508,2.646,0.0,-0.455,1
396,0.05481788029466303,-0.9324,0,-3.8234,2.652,0,-0.508,2.638,0.0,-0.455,1
397,0.053935146240647235,-0.9253,0,-3.8272,2.64,0,-0.508,2.63,0.0,-0.455,1
398,0.05375872022286242,-0.9184,0,-3.8309,2.631,0,-0.508,2.622,0.0,-0.455,1
399,0.05323532661682468,-0.9117,0,-3.8344,2.619,0,-0.508,2.614,0.0,-0.455,1
400,0.054571054598569084,-0.9048,0,-3.8381,2.619,0,-0.508,2.606,0.0,-0.455,1
401,0.05336665625650532,-0.8977,0,-3.8419,2.61,0,-0.507,2.598,0.0,-0.455,1
402,0.053935146240647235,-0.8902,0,-3.8458,2.6,0,-0.508,2.59,0.0,-0.455,1
403,0.053758720222862495,-0.8831,0,-3.8495,2.591,0,-0.508,2.582,0.0,-0.455,1
404,0.05375872022286255,-0.8761,0,-3.853,2.591,0,-0.506,2.574,0.0,-0.455,1
405,0.05239274758971894,-0.8686,0,-3.8567,2.578,0,-0.506,2.566,0.0,-0.455,1
406,0.053935146240647235,-0.8614,0,-3.8603,2.568,0,-0.508,2.558,0.0,-0.455,1
407,0.05277309920783502,-0.8543,0,-3.8641,2.558,0,-0.507,2.549,0.0,-0.455,1
408,0.05246903848937963,-0.8472,0,-3.868,2.548,0,-0.507,2.541,0.0,-0.455,1
409,0.05508175741568167,-0.8396,0,-3.8719,2.548,0,-0.508,2.533,0.0,-0.455,1
410,0.05239274758971894,-0.8325,0,-3.876,2.537,0,-0.506,2.525,0.0,-0.455,1
411,0.05197114584074508,-0.8252,0,-3.8797,2.526,0,-0.506,2.516,0.0,-0.455,1
412,0.05277309920783502,-0.8182,0,-3.8836,2.517,0,-0.507,2.508,0.0,-0.455,1
413,0.05223983154643588,-0.8114,0,-3.8871,2.506,0,-0.507,2.501,0.0,-0.455,1
414,0.05360037313302955,-0.8043,0,-3.8909,2.506,0,-0.507,2.493,0.0,-0.455,1
415,0.05608921464952065,-0.7998,0,-3.8946,2.498,0,-0.509,2.487,0.0,-0.454,1
416,0.057140178508646604,-0.7981,0,-3.8971,2.488,0,-0.509,2.484,0.0,-0.452,1
417,0.05399999999999999,-0.7957,0,-3.8998,2.481,0,-0.505,2.481,0.0,-0.451,1
418,0.05500909015790026,-0.7917,0,-3.9029,2.477,0,-0.505,2.476,0.0,-0.45,1
419,0.0578705451849211,-0.7841,0,-3.9085,2.477,0,-0.506,2.467,0.0,-0.449,1
420,0.05787054518492108,-0.7742,0,-3.915,2.473,0,-0.503,2.455,0.0,-0.448,1
421,0.05818934610390466,-0.7636,0,-3.921,2.462,0,-0.502,2.443,0.0,-0.447,1
422,0.05412023651093926,-0.7545,0,-3.9262,2.447,0,-0.499,2.432,0.0,-0.447,1
423,0.052611785751863614,-0.7468,0,-3.9307,2.431,0,-0.499,2.423,0.0,-0.447,1
424,0.05508175741568167,-0.7406,0,-3.9341,2.431,0,-0.499,2.416,0.0,-0.446,1
425,0.05217278984298225,-0.7349,0,-3.9368,2.421,0,-0.498,2.41,0.0,-0.447,1
426,0.05234500931320957,-0.7285,0,-3.9404,2.409,0,-0.498,2.403,0.0,-0.446,1
427,0.05178802950489618,-0.7205,0,-3.9436,2.403,0,-0.498,2.394,0.0,-0.447,1
428,0.04687216658103183,-0.71,0,-3.9451,2.393,0,-0.497,2.384,0.0,-0.451,0
429,0.04661544808322656,-0.7003,0,-3.9468,2.393,0,-0.497,2.375,0.0,-0.454,0
430,0.053851648071344974,-0.6928,0,-3.952,2.38,0,-0.505,2.366,0.0,-0.453,1
431,0.05457105459856898,-0.685,0,-3.9555,2.37,0,-0.506,2.357,0.0,-0.453,1
432,0.05234500931320957,-0.6789,0,-3.9585,2.356,0,-0.506,2.35,0.0,-0.454,1
433,0.053150729063673234,-0.6728,0,-3.9618,2.347,0,-0.506,2.343,0.0,-0.453,1
434,0.05315072906367317,-0.6671,0,-3.9649,2.348,0,-0.505,2.337,0.0,-0.453,1
435,0.05295280917949486,-0.6616,0,-3.9684,2.34,0,-0.505,2.33,0.0,-0.453,1
436,0.049648766349225625,-0.6565,0,-3.9713,2.333,0,-0.502,2.325,0.0,-0.453,0
437,0.032015621187164216,-0.6512,0,-3.9747,2.326,0,-0.483,2.318,0.0,-0.452,0
438,0.031256999216175536,-0.6459,0,-3.9775,2.316,0,-0.483,2.312,0.0,-0.452,0
439,0.027313000567495166,-0.6396,0,-3.9815,2.316,0,-0.476,2.305,0.0,-0.451,0
440,0.026419689627245734,-0.6323,0,-3.985,2.31,0,-0.475,2.297,0.0,-0.452,0
441,0.027459060435492,-0.6221,0,-3.9889,2.301,0,-0.476,2.286,0.0,-0.453,0
442,0.02801785145224378,-0.6114,0,-3.994,2.29,0,-0.477,2.274,0.0,-0.454,0
443,0.025079872407968967,-0.6018,0,-3.9981,2.274,0,-0.477,2.264,0.0,-0.454,0
444,0.03140063693621522,-0.5942,0,-4.0016,2.274,0,-0.48,2.255,0.0,-0.455,0
445,0.028635642126552497,-0.588,0,-4.0045,2.26,0,-0.481,2.248,0.0,-0.455,0
446,0.028160255680657418,-0.583,0,-4.0069,2.251,0,-0.482,2.243,0.0,-0.455,0
447,0.026076809620810545,-0.578,0,-4.0092,2.239,0,-0.482,2.237,0.0,-0.456,0
448,0.02630589287593178,-0.5721,0,-4.0119,2.235,0,-0.482,2.231,0.0,-0.456,0
449,0.02915475947422635,-0.5659,0,-4.0151,2.235,0,-0.483,2.224,0.0,-0.456,0
450,0.02785677655436813,-0.5591,0,-4.0184,2.226,0,-0.482,2.216,0.0,-0.456,0
451,0.02657066051117278,-0.5523,0,-4.0214,2.218,0,-0.482,2.209,0.0,-0.457,0
452,0.026683328128252685,-0.5458,0,-4.0247,2.208,0,-0.483,2.202,0.0,-0.457,0
453,0.026683328128252685,-0.5392,0,-4.0278,2.2,0,-0.483,2.194,0.0,-0.457,0
454,0.02773084924772407,-0.5329,0,-4.0306,2.2,0,-0.483,2.188,0.0,-0.458,0
455,0.02692582403567241,-0.5267,0,-4.0337,2.191,0,-0.483,2.181,0.0,-0.458,0
456,0.025709920264364902,-0.5204,0,-4.0366,2.18,0,-0.483,2.174,0.0,-0.458,0
457,0.025709920264364902,-0.5141,0,-4.0396,2.173,0,-0.483,2.167,0.0,-0.458,0
458,0.025317977802344294,-0.508,0,-4.0425,2.164,0,-0.484,2.16,0.0,-0.459,0
459,0.028231188426986225,-0.5012,0,-4.0455,2.164,0,-0.485,2.153,0.0,-0.459,0
460,0.028178005607210666,-0.4943,0,-4.0487,2.158,0,-0.485,2.145,0.0,-0.46,0
461,0.02785677655436813,-0.4867,0,-4.0524,2.146,0,-0.486,2.136,0.0,-0.46,0
462,0.02720294101747086,-0.4789,0,-4.0562,2.136,0,-0.486,2.128,0.0,-0.46,0
463,0.0257099202643648,-0.4708,0,-4.0602,2.125,0,-0.485,2.119,0.0,-0.46,0
464,0.02915475947422654,-0.4629,0,-4.0642,2.125,0,-0.485,2.11,0.0,-0.46,0
465,0.0277848879788997,-0.455,0,-4.0679,2.115,0,-0.485,2.101,0.0,-0.461,0
466,0.02657066051117278,-0.4469,0,-4.0718,2.101,0,-0.486,2.092,0.0,-0.461,0
467,0.02596150997149434,-0.4394,0,-4.0756,2.091,0,-0.486,2.084,0.0,-0.461,0
468,0.026925824035672404,-0.4317,0,-4.0792,2.082,0,-0.488,2.075,0.0,-0.462,0
469,0.03001666203960708,-0.4238,0,-4.083,2.082,0,-0.488,2.067,0.0,-0.462,0
470,0.028231188426986225,-0.4159,0,-4.0871,2.069,0,-0.488,2.058,0.0,-0.462,0
471,0.027294688127912282,-0.4075,0,-4.091,2.061,0,-0.487,2.048,0.0,-0.463,0
472,0.025632011235952684,-0.398,0,-4.0954,2.047,0,-0.487,2.038,0.0,-0.463,0
473,0.030413812651491318,-0.3876,0,-4.1006,2.047,0,-0.485,2.026,0.0,-0.463,0
474,0.03061045573002771,-0.377,0,-4.1058,2.034,0,-0.488,2.015,0.0,-0.464,0
475,0.03080584360149858,-0.3673,0,-4.111,2.022,0,-0.489,2.004,0.0,-0.464,0
476,0.029068883707497092,-0.3578,0,-4.1158,2.006,0,-0.49,1.993,0.0,-0.464,0
477,0.02720294101747086,-0.3483,0,-4.1205,1.99,0,-0.49,1.982,0.0,-0.464,0
478,0.02999999999999998,-0.3391,0,-4.1251,1.99,0,-0.488,1.972,0.0,-0.464,0
479,0.029154759474226424,-0.3298,0,-4.1301,1.976,0,-0.489,1.961,0.0,-0.464,0
480,0.031764760348537216,-0.3192,0,-4.1351,1.965,0,-0.493,1.95,0.0,-0.465,0
481,0.026419689627245842,-0.3083,0,-4.1403,1.951,0,-0.488,1.938,0.0,-0.465,0
482,0.025495097567963945,-0.298,0,-4.1455,1.937,0,-0.488,1.926,0.0,-0.465,0
483,0.03405877273185279,-0.2879,0,-4.1506,1.937,0,-0.491,1.915,0.0,-0.465,0
484,0.03466987164671948,-0.2781,0,-4.1558,1.923,0,-0.494,1.904,0.0,-0.465,0
485,0.03176476034853711,-0.2688,0,-4.1609,1.908,0,-0.493,1.893,0.0,-0.465,0
486,0.029410882339705423,-0.2597,0,-4.1656,1.892,0,-0.493,1.883,0.0,-0.465,0
487,0.02863564212655263,-0.2503,0,-4.1704,1.878,0,-0.493,1.872,0.0,-0.465,0
488,0.0313847096529503,-0.2408,0,-4.1751,1.878,0,-0.493,1.862,0.0,-0.466,0
489,0.03361547262794326,-0.2313,0,-4.1803,1.868,0,-0.495,1.851,0.0,-0.466,0
490,0.03176476034853711,-0.2214,0,-4.1856,1.855,0,-0.493,1.84,0.0,-0.465,0
491,0.03101612483854166,-0.2113,0,-4.1904,1.84,0,-0.495,1.829,0.0,-0.466,0
492,0.029832867780352545,-0.2017,0,-4.1956,1.825,0,-0.495,1.818,0.0,-0.466,0
493,0.033286633954186455,-0.1926,0,-4.2005,1.825,0,-0.494,1.807,0.0,-0.466,0
494,0.03466987164671948,-0.1839,0,-4.2055,1.816,0,-0.494,1.797,0.0,-0.465,0
495,0.030364452901377896,-0.1759,0,-4.2097,1.797,0,-0.494,1.788,0.0,-0.465,0
496,0.029427877939124276,-0.1691,0,-4.2133,1.785,0,-0.494,1.78,0.0,-0.465,0
497,0.029154759474226462,-0.1633,0,-4.2163,1.777,0,-0.494,1.774,0.0,-0.465,0
498,0.030364452901377896,-0.1583,0,-4.2188,1.777,0,-0.494,1.768,0.0,-0.465,0
499,0.029017236257093793,-0.1557,0,-4.2202,1.766,0,-0.494,1.765,0.0,-0.465,0
500,0.030083217912982622,-0.1563,0,-4.2198,1.758,0,-0.494,1.766,0.0,-0.465,0
501,0.030413812651491075,-0.1567,0,-4.2195,1.753,0,-0.493,1.767,0.0,-0.466,0
502,0.028160255680657418,-0.1568,0,-4.2194,1.759,0,-0.493,1.767,0.0,-0.466,0
503,0.029120439557122044,-0.1569,0,-4.2193,1.759,0,-0.494,1.767,0.0,-0.466,0
504,0.03178049716414134,-0.1568,0,-4.2192,1.754,0,-0.495,1.767,0.0,-0.466,0
505,0.03178049716414134,-0.1567,0,-4.2193,1.754,0,-0.495,1.767,0.0,-0.466,0
506,0.031016124838541582,-0.1568,0,-4.2192,1.756,0,-0.495,1.767,0.0,-0.466,0
507,0.030083217912982622,-0.1567,0,-4.2192,1.759,0,-0.495,1.767,0.0,-0.466,0
508,0.030083217912982622,-0.1567,0,-4.2192,1.759,0,-0.495,1.767,0.0,-0.466,0
509,0.03178049716414134,-0.1568,0,-4.219,1.754,0,-0.495,1.767,0.0,-0.466,0
510,0.03067572330035591,-0.1568,0,-4.2189,1.757,0,-0.495,1.767,0.0,-0.466,0
511,0.031384709652950406,-0.1567,0,-4.2191,1.755,0,-0.495,1.767,0.0,-0.466,0
512,0.029832867780352545,-0.1567,0,-4.2188,1.76,0,-0.495,1.767,0.0,-0.466,0
513,0.04560701700396552,-0.1005,0,-4.2474,1.74,0,-0.495,1.704,0.0,-0.467,0
514,0.03687817782917154,-0.0845,0,-4.2559,1.71,0,-0.495,1.686,0.0,-0.467,0
515,0.03383784863137718,-0.0719,0,-4.2628,1.69,0,-0.495,1.671,0.0,-0.467,0
516,0.04110960958218885,-0.0611,0,-4.2684,1.69,0,-0.494,1.659,0.0,-0.467,0
517,0.03138470965295041,-0.0522,0,-4.2733,1.665,0,-0.494,1.649,0.0,-0.467,0
518,0.029410882339705492,-0.0441,0,-4.2779,1.649,0,-0.494,1.64,0.0,-0.466,0
519,0.029120439557122044,-0.0354,0,-4.2824,1.638,0,-0.494,1.63,0.0,-0.466,0
520,0.028792360097775836,-0.0261,0,-4.287,1.63,0,-0.494,1.62,0.0,-0.467,0
521,0.03244996147917577,-0.0193,0,-4.2908,1.63,0,-0.493,1.612,0.0,-0.466,0
522,0.028635642126552677,-0.0131,0,-4.2943,1.611,0,-0.494,1.605,0.0,-0.466,0
523,0.02816025568065743,-0.008,0,-4.2972,1.602,0,-0.494,1.599,0.0,-0.466,0
524,0.02816025568065743,-0.0035,0,-4.2994,1.591,0,-0.494,1.594,0.0,-0.466,0
525,0.027166155414412207,0.0014,0,-4.3023,1.591,0,-0.493,1.588,0.0,-0.466,0
526,0.029732137494636983,0.0071,0,-4.3056,1.592,0,-0.494,1.582,0.0,-0.466,0
527,0.029410882339705423,0.0125,0,-4.3083,1.585,0,-0.494,1.576,0.0,-0.466,0
528,0.027073972741361734,0.0159,0,-4.3102,1.57,0,-0.493,1.572,0.0,-0.466,0
529,0.027166155414412207,0.0164,0,-4.3105,1.568,0,-0.493,1.571,0.0,-0.466,0
530,0.026172504656604756,0.0163,0,-4.3103,1.568,0,-0.492,1.571,0.0,-0.466,0
531,0.028460498941515353,0.0163,0,-4.3103,1.562,0,-0.493,1.571,0.0,-0.466,0
532,0.028160255680657418,0.0162,0,-4.3102,1.563,0,-0.493,1.571,0.0,-0.466,0
533,0.02729468812791233,0.0162,0,-4.3103,1.567,0,-0.493,1.571,0.0,-0.466,0
534,0.028460498941515353,0.0164,0,-4.3103,1.562,0,-0.493,1.571,0.0,-0.466,0
535,0.029410882339705423,0.0163,0,-4.3101,1.562,0,-0.494,1.571,0.0,-0.466,0
536,0.028160255680657418,0.0164,0,-4.3101,1.563,0,-0.493,1.571,0.0,-0.466,0
537,0.027459060435491914,0.0163,0,-4.31,1.566,0,-0.493,1.571,0.0,-0.466,0
538,0.027073972741361734,0.0175,0,-4.3106,1.568,0,-0.493,1.57,0.0,-0.466,0
539,0.027073972741361734,0.0218,0,-4.313,1.567,0,-0.493,1.565,0.0,-0.466,0
540,0.028792360097775912,0.0295,0,-4.3168,1.567,0,-0.493,1.557,0.0,-0.466,0
541,0.032449961479175886,0.039,0,-4.3222,1.564,0,-0.493,1.546,0.0,-0.466,0
542,0.03420526275297406,0.0498,0,-4.3277,1.555,0,-0.493,1.534,0.0,-0.466,0
543,0.029068883707497294,0.0592,0,-4.3329,1.536,0,-0.492,1.523,0.0,-0.466,0
544,0.02952964612046678,0.0673,0,-4.3372,1.528,0,-0.492,1.514,0.0,-0.466,0
545,0.03471310991541962,0.0746,0,-4.3414,1.528,0,-0.491,1.505,0.0,-0.465,0
546,0.02954657340538829,0.0812,0,-4.3448,1.51,0,-0.492,1.498,0.0,-0.465,0
547,0.02952964612046678,0.0879,0,-4.3487,1.504,0,-0.491,1.49,0.0,-0.465,0
548,0.03008321791298266,0.095,0,-4.353,1.493,0,-0.492,1.482,0.0,-0.464,0
549,0.03008321791298258,0.1023,0,-4.3571,1.484,0,-0.492,1.473,0.0,-0.464,0
550,0.032802438933713436,0.1104,0,-4.3616,1.484,0,-0.49,1.464,0.0,-0.464,0
551,0.03162277660168378,0.1188,0,-4.3663,1.472,0,-0.49,1.454,0.0,-0.464,0
552,0.032802438933713436,0.1278,0,-4.3711,1.464,0,-0.49,1.444,0.0,-0.464,0
553,0.03101612483854166,0.1365,0,-4.376,1.445,0,-0.492,1.434,0.0,-0.463,0
554,0.03178049716414134,0.145,0,-4.3807,1.438,0,-0.492,1.425,0.0,-0.463,0
555,0.03687817782917154,0.1541,0,-4.3856,1.438,0,-0.491,1.414,0.0,-0.463,0
556,0.030886890422961034,0.1632,0,-4.391,1.419,0,-0.49,1.404,0.0,-0.463,0
557,0.031304951684997036,0.172,0,-4.3961,1.408,0,-0.49,1.394,0.0,-0.462,0
558,0.03008321791298258,0.1815,0,-4.4014,1.394,0,-0.49,1.383,0.0,-0.462,0
559,0.03067572330035591,0.1911,0,-4.4073,1.381,0,-0.49,1.371,0.0,-0.461,0
560,0.03499999999999992,0.2013,0,-4.4131,1.381,0,-0.489,1.36,0.0,-0.461,0
561,0.035805027579936366,0.212,0,-4.419,1.368,0,-0.49,1.347,0.0,-0.461,0
562,0.03361547262794326,0.2233,0,-4.4252,1.352,0,-0.489,1.335,0.0,-0.46,0
563,0.036235341863986796,0.2348,0,-4.4314,1.345,0,-0.488,1.322,0.0,-0.46,0
564,0.03440930106817049,0.2462,0,-4.4377,1.328,0,-0.488,1.308,0.0,-0.46,0
565,0.04327817001676489,0.2574,0,-4.4444,1.328,0,-0.487,1.295,0.0,-0.459,0
566,0.03764306044943742,0.2697,0,-4.4514,1.305,0,-0.488,1.281,0.0,-0.459,0
567,0.04177319714841093,0.282,0,-4.4586,1.298,0,-0.486,1.267,0.0,-0.458,0
568,0.03500000000000005,0.2955,0,-4.4666,1.272,0,-0.485,1.251,0.0,-0.457,0
569,0.03820994634908544,0.3097,0,-4.4746,1.261,0,-0.485,1.235,0.0,-0.457,0
570,0.05186520991955968,0.3235,0,-4.4825,1.262,0,-0.485,1.219,0.0,-0.456,1
571,0.04534313619501854,0.3367,0,-4.4899,1.238,0,-0.486,1.204,0.0,-0.456,0
572,0.04110960958218885,0.3497,0,-4.4974,1.216,0,-0.486,1.189,0.0,-0.455,0
573,0.04244997055358232,0.3626,0,-4.5055,1.203,0,-0.485,1.174,0.0,-0.454,0
574,0.03577708763999662,0.3756,0,-4.5134,1.175,0,-0.485,1.159,0.0,-0.453,0
575,0.04525483399593905,0.389,0,-4.5211,1.175,0,-0.485,1.143,0.0,-0.453,0
576,0.043863424398922615,0.4027,0,-4.5292,1.157,0,-0.484,1.127,0.0,-0.452,0
577,0.04455333881989077,0.4165,0,-4.5369,1.144,0,-0.482,1.112,0.0,-0.451,0
578,0.041725292090050055,0.4301,0,-4.5448,1.125,0,-0.481,1.096,0.0,-0.451,0
579,0.039824615503479814,0.4432,0,-4.5525,1.106,0,-0.481,1.081,0.0,-0.45,0
580,0.05140038910358569,0.4563,0,-4.5606,1.106,0,-0.48,1.065,0.0,-0.449,1
581,0.04742362280551742,0.4693,0,-4.5687,1.085,0,-0.48,1.05,0.0,-0.448,0
582,0.043863424398922615,0.4821,0,-4.5764,1.065,0,-0.479,1.035,0.0,-0.447,0
583,0.04080441152620632,0.495,0,-4.5843,1.044,0,-0.479,1.02,0.0,-0.446,0
584,0.039661064030103874,0.5077,0,-4.5917,1.027,0,-0.478,1.005,0.0,-0.445,0
585,0.04686149805543984,0.5205,0,-4.5992,1.027,0,-0.475,0.991,0.0,-0.445,0
586,0.045254833995938964,0.5338,0,-4.6073,1.007,0,-0.476,0.975,0.0,-0.444,0
587,0.04459820624195551,0.5471,0,-4.6156,0.989,0,-0.475,0.959,0.0,-0.442,0
588,0.04080441152620632,0.5608,0,-4.6236,0.968,0,-0.475,0.944,0.0,-0.442,0
589,0.03801315561749635,0.5739,0,-4.6317,0.95,0,-0.472,0.928,0.0,-0.441,0
590,0.04827007354458861,0.5874,0,-4.6393,0.95,0,-0.471,0.913,0.0,-0.44,0
591,0.04459820624195551,0.6005,0,-4.6474,0.927,0,-0.472,0.897,0.0,-0.439,0
592,0.041231056256176596,0.6134,0,-4.6552,0.908,0,-0.47,0.882,0.0,-0.438,0
593,0.04318564576337836,0.6262,0,-4.6632,0.896,0,-0.469,0.867,0.0,-0.437,0
594,0.05440588203494182,0.6391,0,-4.6711,0.896,0,-0.468,0.852,0.0,-0.436,1
595,0.050328918128646524,0.6521,0,-4.6795,0.875,0,-0.468,0.837,0.0,-0.435,1
596,0.044598206241955554,0.6654,0,-4.6873,0.851,0,-0.467,0.821,0.0,-0.434,0
597,0.043931765272977555,0.6782,0,-4.6947,0.836,0,-0.466,0.807,0.0,-0.433,0
598,0.04049691346263315,0.6917,0,-4.7029,0.813,0,-0.466,0.791,0.0,-0.432,0
599,0.05099019513592781,0.7048,0,-4.7112,0.813,0,-0.465,0.775,0.0,-0.431,1
600,0.04879549159502345,0.7185,0,-4.7196,0.794,0,-0.464,0.759,0.0,-0.43,0
601,0.049497474683058366,0.7326,0,-4.7285,0.778,0,-0.464,0.743,0.0,-0.429,0
602,0.04301162633521317,0.7466,0,-4.7375,0.751,0,-0.462,0.726,0.0,-0.427,0
603,0.04167733196834945,0.7606,0,-4.7461,0.731,0,-0.462,0.71,0.0,-0.426,0
604,0.052345009313209644,0.7751,0,-4.7552,0.731,0,-0.461,0.693,0.0,-0.425,1
605,0.05326349594234306,0.7887,0,-4.7633,0.718,0,-0.458,0.677,0.0,-0.424,1
606,0.0453431361950185,0.802,0,-4.7717,0.691,0,-0.457,0.661,0.0,-0.423,0
607,0.040000000000000036,0.815,0,-4.7802,0.67,0,-0.453,0.646,0.0,-0.421,0
608,0.040224370722237564,0.8281,0,-4.7885,0.653,0,-0.453,0.63,0.0,-0.42,0
609,0.04860041152089151,0.8419,0,-4.7965,0.653,0,-0.449,0.614,0.0,-0.42,0
610,0.039661064030103915,0.8557,0,-4.8051,0.631,0,-0.44,0.598,0.0,-0.418,0
611,0.04134005321718881,0.8698,0,-4.8139,0.616,0,-0.439,0.581,0.0,-0.417,0
612,0.040360872141221166,0.8838,0,-4.823,0.595,0,-0.443,0.565,0.0,-0.416,0
613,0.03701351104664346,0.8977,0,-4.8321,0.571,0,-0.443,0.548,0.0,-0.414,0
614,0.05044799302251771,0.9117,0,-4.8409,0.571,0,-0.445,0.532,0.0,-0.413,1
615,0.05093132631298741,0.9263,0,-4.8502,0.552,0,-0.446,0.515,0.0,-0.411,1
616,0.04742362280551755,0.941,0,-4.8593,0.529,0,-0.445,0.497,0.0,-0.41,0
617,0.04534313619501858,0.9562,0,-4.8688,0.509,0,-0.443,0.479,0.0,-0.409,0
618,0.04134005321718878,0.9707,0,-4.8781,0.484,0,-0.442,0.462,0.0,-0.407,0
619,0.053075418038862364,0.9852,0,-4.8876,0.484,0,-0.442,0.445,0.0,-0.406,1
620,0.04891829923454003,0.9997,0,-4.8968,0.46,0,-0.441,0.428,0.0,-0.404,0
621,0.04640043103248072,1.0148,0,-4.9061,0.438,0,-0.44,0.41,0.0,-0.403,0
622,0.046227697325304844,1.0303,0,-4.9159,0.421,0,-0.438,0.392,0.0,-0.402,0
623,0.03478505426185215,1.0542,0,-4.9312,0.353,0,-0.432,0.364,0.0,-0.399,0
624,0.03640054944640257,1.0542,0,-4.9313,0.354,0,-0.434,0.364,0.0,-0.399,0
625,0.03605551275463987,1.0543,0,-4.9313,0.352,0,-0.433,0.364,0.0,-0.399,0
626,0.03517101079013792,1.0544,0,-4.9313,0.354,0,-0.433,0.363,0.0,-0.399,0
627,0.03517101079013792,1.0543,0,-4.9313,0.355,0,-0.433,0.364,0.0,-0.399,0
628,0.03613862199918528,1.0542,0,-4.9314,0.355,0,-0.434,0.364,0.0,-0.399,0
629,0.03699999999999998,1.0543,0,-4.9313,0.352,0,-0.434,0.364,0.0,-0.399,0
630,0.037107950630558925,1.0542,0,-4.9314,0.355,0,-0.435,0.364,0.0,-0.399,0
631,0.036687872655688264,1.0543,0,-4.9314,0.352,0,-0.434,0.363,0.0,-0.399,0
632,0.03699999999999998,1.0542,0,-4.9314,0.352,0,-0.434,0.364,0.0,-0.399,0
633,0.036687872655688264,1.0543,0,-4.9315,0.352,0,-0.434,0.363,0.0,-0.399,0
634,0.036687872655688264,1.0543,0,-4.9316,0.352,0,-0.434,0.363,0.0,-0.399,0
635,0.03613862199918528,1.0543,0,-4.9316,0.354,0,-0.434,0.363,0.0,-0.399,0
636,0.03590264614203246,1.0543,0,-4.9316,0.355,0,-0.434,0.363,0.0,-0.399,0
637,0.035735136770411256,1.0543,0,-4.9316,0.352,0,-0.433,0.363,0.0,-0.399,0
638,0.03478505426185215,1.0544,0,-4.9315,0.352,0,-0.432,0.363,0.0,-0.399,0
639,0.03478505426185215,1.0543,0,-4.9317,0.352,0,-0.432,0.363,0.0,-0.399,0
640,0.03613862199918528,1.0543,0,-4.9318,0.354,0,-0.434,0.363,0.0,-0.399,0
641,0.036687872655688264,1.0543,0,-4.9319,0.352,0,-0.434,0.363,0.0,-0.399,0
642,0.037107950630558925,1.0544,0,-4.9318,0.354,0,-0.435,0.363,0.0,-0.399,0
643,0.03613862199918528,1.0545,0,-4.9317,0.354,0,-0.434,0.363,0.0,-0.399,0
644,0.03590264614203246,1.0544,0,-4.9319,0.355,0,-0.434,0.363,0.0,-0.399,0
645,0.036674241641784476,1.0562,0,-4.933,0.354,0,-0.434,0.361,0.0,-0.398,0
646,0.036013886210738186,1.0621,0,-4.9371,0.355,0,-0.434,0.354,0.0,-0.398,0
647,0.03929376540877697,1.073,0,-4.9441,0.351,0,-0.434,0.341,0.0,-0.396,0
648,0.046615448083226624,1.0871,0,-4.9535,0.351,0,-0.433,0.324,0.0,-0.395,0
649,0.04904079934095691,1.1032,0,-4.9641,0.336,0,-0.431,0.305,0.0,-0.393,0
650,0.05020956084253277,1.1206,0,-4.9747,0.321,0,-0.427,0.285,0.0,-0.392,1
651,0.044407206622348996,1.1357,0,-4.9844,0.293,0,-0.426,0.267,0.0,-0.39,0
652,0.05622277118748236,1.1497,0,-4.9934,0.294,0,-0.424,0.25,0.0,-0.389,1
653,0.05024937810560445,1.1627,0,-5.0021,0.272,0,-0.421,0.235,0.0,-0.387,1
654,0.046400431032480705,1.1745,0,-5.0103,0.248,0,-0.422,0.22,0.0,-0.385,0
655,0.042059481689626164,1.1868,0,-5.018,0.226,0,-0.421,0.206,0.0,-0.384,0
656,0.04162931659299727,1.1996,0,-5.0262,0.208,0,-0.421,0.191,0.0,-0.383,0
657,0.048166378315169164,1.2118,0,-5.032,0.209,0,-0.419,0.177,0.0,-0.383,0
658,0.03969886648255839,1.2201,0,-5.0337,0.195,0,-0.416,0.169,0.0,-0.386,0
659,0.029832867780352563,1.2206,0,-5.034,0.176,0,-0.415,0.169,0.0,-0.386,0
660,0.038999999999999986,1.2191,0,-5.0334,0.155,0,-0.421,0.17,0.0,-0.385,0
661,0.038626415831655915,1.219,0,-5.0334,0.156,0,-0.421,0.17,0.0,-0.385,0
662,0.03769615364994151,1.2189,0,-5.0335,0.156,0,-0.42,0.17,0.0,-0.385,0
663,0.03478505426185215,1.219,0,-5.0334,0.159,0,-0.418,0.17,0.0,-0.385,0
664,0.03478505426185215,1.2189,0,-5.0335,0.159,0,-0.418,0.17,0.0,-0.385,0
665,0.03478505426185215,1.219,0,-5.0336,0.159,0,-0.418,0.17,0.0,-0.385,0
666,0.03517101079013792,1.219,0,-5.0335,0.161,0,-0.419,0.17,0.0,-0.385,0
667,0.035735136770411256,1.2189,0,-5.0336,0.159,0,-0.419,0.17,0.0,-0.385,0
668,0.035735136770411256,1.219,0,-5.0336,0.159,0,-0.419,0.17,0.0,-0.385,0
669,0.03699999999999998,1.2189,0,-5.0336,0.158,0,-0.42,0.17,0.0,-0.385,0
670,0.03478505426185215,1.2189,0,-5.0336,0.159,0,-0.418,0.17,0.0,-0.385,0
671,0.03605551275463987,1.2189,0,-5.0337,0.158,0,-0.419,0.17,0.0,-0.385,0
672,0.03640054944640257,1.2189,0,-5.0337,0.157,0,-0.419,0.17,0.0,-0.385,0
673,0.03676955262170044,1.2168,0,-5.0332,0.158,0,-0.419,0.172,0.0,-0.385,0
674,0.04031128874149272,1.211,0,-5.0326,0.158,0,-0.417,0.178,0.0,-0.382,0
675,0.042720018726587636,1.2051,0,-5.0304,0.161,0,-0.418,0.184,0.0,-0.382,0
676,0.042720018726587636,1.2014,0,-5.0274,0.166,0,-0.418,0.189,0.0,-0.382,0
677,0.040311288741492736,1.1978,0,-5.025,0.173,0,-0.418,0.193,0.0,-0.383,0
678,0.042201895692018376,1.1933,0,-5.0217,0.173,0,-0.418,0.198,0.0,-0.384,0
679,0.04301162633521311,1.1871,0,-5.0177,0.181,0,-0.419,0.206,0.0,-0.384,0
680,0.04263801121065566,1.1805,0,-5.0133,0.187,0,-0.418,0.214,0.0,-0.385,0
681,0.041400483088968876,1.1736,0,-5.0086,0.197,0,-0.419,0.222,0.0,-0.386,0
682,0.041231056256176596,1.1663,0,-5.0036,0.205,0,-0.419,0.231,0.0,-0.387,0
683,0.04810405388322276,1.1588,0,-4.9986,0.205,0,-0.421,0.24,0.0,-0.388,0
684,0.0459673797382448,1.1516,0,-4.9937,0.215,0,-0.421,0.248,0.0,-0.389,0
685,0.0445982062419555,1.1446,0,-4.9891,0.227,0,-0.423,0.257,0.0,-0.39,0
686,0.04110960958218893,1.1379,0,-4.9845,0.238,0,-0.422,0.265,0.0,-0.391,0
687,0.04110960958218893,1.1299,0,-4.979,0.247,0,-0.423,0.274,0.0,-0.392,0
688,0.05044799302251772,1.1201,0,-4.9725,0.247,0,-0.425,0.286,0.0,-0.393,1
689,0.053009433122794256,1.108,0,-4.9645,0.258,0,-0.426,0.301,0.0,-0.395,1
690,0.04841487374764078,1.0947,0,-4.9556,0.278,0,-0.426,0.316,0.0,-0.396,0
691,0.052402290026295616,1.0812,0,-4.9462,0.294,0,-0.433,0.333,0.0,-0.398,1
692,0.04810405388322274,1.0683,0,-4.9377,0.313,0,-0.433,0.348,0.0,-0.4,0
693,0.06046486583132387,1.0558,0,-4.929,0.313,0,-0.436,0.363,0.0,-0.402,1
694,0.05700877125495687,1.0445,0,-4.9216,0.332,0,-0.438,0.377,0.0,-0.403,1
695,0.053075418038862406,1.0331,0,-4.9141,0.351,0,-0.44,0.39,0.0,-0.404,1
696,0.04879549159502341,1.0232,0,-4.9074,0.367,0,-0.44,0.402,0.0,-0.406,0
697,0.03966106403010389,1.0182,0,-4.9038,0.386,0,-0.44,0.408,0.0,-0.407,0
698,0.04049691346263318,1.0186,0,-4.9041,0.386,0,-0.441,0.408,0.0,-0.407,0
699,0.03764306044943739,1.0193,0,-4.9046,0.396,0,-0.442,0.407,0.0,-0.406,0
700,0.03687817782917157,1.0193,0,-4.9045,0.399,0,-0.443,0.407,0.0,-0.407,0
701,0.037947331922020516,1.0192,0,-4.9046,0.395,0,-0.442,0.407,0.0,-0.406,0
702,0.03764306044943739,1.0193,0,-4.9046,0.396,0,-0.442,0.407,0.0,-0.406,0
703,0.03764306044943739,1.0192,0,-4.9046,0.396,0,-0.442,0.407,0.0,-0.406,0
704,0.03668787265568824,1.0194,0,-4.9046,0.396,0,-0.441,0.407,0.0,-0.406,0
705,0.036138621999185265,1.0193,0,-4.9046,0.398,0,-0.441,0.407,0.0,-0.406,0
706,0.03668787265568824,1.0193,0,-4.9046,0.396,0,-0.441,0.407,0.0,-0.406,0
707,0.037363083384538774,1.0193,0,-4.9047,0.397,0,-0.442,0.407,0.0,-0.406,0
708,0.037363083384538774,1.0193,0,-4.9046,0.397,0,-0.442,0.407,0.0,-0.406,0
709,0.03860051813123753,1.0193,0,-4.9047,0.396,0,-0.443,0.407,0.0,-0.406,0
710,0.037947331922020516,1.0194,0,-4.9048,0.395,0,-0.442,0.407,0.0,-0.406,0
711,0.037363083384538774,1.0194,0,-4.9047,0.397,0,-0.442,0.407,0.0,-0.406,0
712,0.03710795063055891,1.0193,0,-4.9048,0.398,0,-0.442,0.407,0.0,-0.406,0
713,0.03807886552931951,1.0192,0,-4.9048,0.398,0,-0.443,0.407,0.0,-0.406,0
714,0.039217343102255116,1.0193,0,-4.9048,0.394,0,-0.443,0.407,0.0,-0.406,0
715,0.03668787265568824,1.0193,0,-4.9048,0.396,0,-0.441,0.407,0.0,-0.406,0
716,0.036138621999185265,1.0193,0,-4.9049,0.398,0,-0.441,0.407,0.0,-0.406,0
717,0.03710795063055891,1.0193,0,-4.9048,0.398,0,-0.442,0.407,0.0,-0.406,0
718,0.03640054944640255,1.0193,0,-4.9048,0.397,0,-0.441,0.407,0.0,-0.406,0
719,0.03889730067755341,1.0193,0,-4.9049,0.395,0,-0.443,0.407,0.0,-0.406,0
720,0.03764306044943739,1.0193,0,-4.905,0.396,0,-0.442,0.407,0.0,-0.406,0
721,0.037363083384538774,1.0193,0,-4.9049,0.397,0,-0.442,0.407,0.0,-0.406,0
722,0.037363083384538774,1.0193,0,-4.9049,0.397,0,-0.442,0.407,0.0,-0.406,0
723,0.03668787265568824,1.0193,0,-4.905,0.396,0,-0.441,0.407,0.0,-0.406,0
724,0.03860051813123753,1.0193,0,-4.905,0.396,0,-0.443,0.407,0.0,-0.406,0
725,0.037363083384538774,1.0193,0,-4.905,0.397,0,-0.442,0.407,0.0,-0.406,0
726,0.024738633753705982,1.6158,0,-4.4038,0.106,0,-1.151,0.112,0.0,-1.127,0
727,0.0243310501211929,1.6159,0,-4.4038,0.108,0,-1.151,0.112,0.0,-1.127,0
728,0.030265491900843138,1.6158,0,-4.4038,0.108,0,-1.157,0.112,0.0,-1.127,0
729,0.0243310501211929,1.6157,0,-4.4039,0.108,0,-1.151,0.112,0.0,-1.127,0
730,0.030413812651491127,1.6158,0,-4.4039,0.107,0,-1.157,0.112,0.0,-1.127,0
731,0.032249030993194226,1.6157,0,-4.4038,0.108,0,-1.159,0.112,0.0,-1.127,0
732,0.03255764119219944,1.6158,0,-4.4038,0.106,0,-1.159,0.112,0.0,-1.127,0
733,0.026683328128252692,1.6158,0,-4.4039,0.106,0,-1.153,0.112,0.0,-1.127,0
734,0.031575306807693805,1.6157,0,-4.4039,0.106,0,-1.158,0.112,0.0,-1.127,0
735,0.025495097567963837,1.6157,0,-4.4039,0.107,0,-1.152,0.112,0.0,-1.127,0
736,0.02451530134426255,1.6158,0,-4.404,0.107,0,-1.151,0.112,0.0,-1.127,0
737,0.02451530134426255,1.6159,0,-4.4038,0.107,0,-1.151,0.112,0.0,-1.127,0
738,0.03140063693621508,1.6158,0,-4.404,0.107,0,-1.158,0.112,0.0,-1.127,0
739,0.027294688127912275,1.6159,0,-4.404,0.108,0,-1.154,0.112,0.0,-1.127,0
740,0.024738633753705982,1.6158,0,-4.4041,0.106,0,-1.151,0.112,0.0,-1.127,0
741,0.02647640458974748,1.6157,0,-4.4038,0.107,0,-1.153,0.112,0.0,-1.127,0
742,0.026683328128252692,1.6158,0,-4.4041,0.106,0,-1.153,0.112,0.0,-1.127,0
743,0.026683328128252692,1.6158,0,-4.4041,0.106,0,-1.153,0.112,0.0,-1.127,0
744,0.032388269481403324,1.6158,0,-4.4041,0.107,0,-1.159,0.112,0.0,-1.127,0
745,0.03125699921617548,1.6158,0,-4.4042,0.108,0,-1.158,0.112,0.0,-1.127,0
746,0.027459060435491876,1.6159,0,-4.4041,0.107,0,-1.154,0.112,0.0,-1.127,0
747,0.027459060435491876,1.6159,0,-4.4041,0.107,0,-1.154,0.112,0.0,-1.127,0
748,0.027459060435491876,1.6159,0,-4.4041,0.107,0,-1.154,0.112,0.0,-1.127,0
749,0.032249030993194226,1.6159,0,-4.4041,0.108,0,-1.159,0.112,0.0,-1.127,0
750,0.027658633371878575,1.6159,0,-4.4041,0.106,0,-1.154,0.112,0.0,-1.127,0
751,0.031575306807693805,1.616,0,-4.4042,0.106,0,-1.158,0.112,0.0,-1.127,0
752,0.03140063693621508,1.6159,0,-4.4042,0.107,0,-1.158,0.112,0.0,-1.127,0
753,0.02451530134426255,1.6158,0,-4.4041,0.107,0,-1.151,0.112,0.0,-1.127,0
754,0.03140063693621508,1.6148,0,-4.4036,0.108,0,-1.158,0.113,0.0,-1.127,0
755,0.03201562118716416,1.612,0,-4.4024,0.108,0,-1.158,0.116,0.0,-1.127,0
756,0.028635642126552726,1.608,0,-4.4002,0.109,0,-1.153,0.121,0.0,-1.127,0
757,0.029068883707497287,1.6018,0,-4.3973,0.114,0,-1.153,0.127,0.0,-1.127,0
758,0.03920459156782543,1.5936,0,-4.3932,0.113,0,-1.157,0.137,0.0,-1.126,0
759,0.041231056256176624,1.5845,0,-4.3891,0.121,0,-1.158,0.147,0.0,-1.126,0
760,0.04327817001676474,1.5752,0,-4.3845,0.129,0,-1.158,0.157,0.0,-1.125,0
761,0.03623534186398691,1.5665,0,-4.3802,0.144,0,-1.153,0.167,0.0,-1.125,0
762,0.032756678708318415,1.5591,0,-4.3762,0.158,0,-1.153,0.175,0.0,-1.125,0
763,0.03905124837953329,1.5522,0,-4.373,0.158,0,-1.155,0.183,0.0,-1.125,0
764,0.03605551275463991,1.5457,0,-4.3694,0.17,0,-1.155,0.19,0.0,-1.125,0
765,0.03498571136907183,1.5385,0,-4.3659,0.18,0,-1.155,0.198,0.0,-1.125,0
766,0.03605551275463991,1.5309,0,-4.3623,0.186,0,-1.155,0.206,0.0,-1.125,0
767,0.03584689665786976,1.5225,0,-4.3584,0.198,0,-1.155,0.216,0.0,-1.124,0
768,0.03982461550347968,1.5147,0,-4.3548,0.199,0,-1.155,0.224,0.0,-1.124,0
769,0.036069377593742825,1.5071,0,-4.3507,0.207,0,-1.149,0.233,0.0,-1.124,0
770,0.031240998703626625,1.4993,0,-4.3471,0.222,0,-1.147,0.242,0.0,-1.123,0
771,0.03189043743820396,1.4913,0,-4.343,0.23,0,-1.147,0.251,0.0,-1.123,0
772,0.03488552708502475,1.4839,0,-4.3394,0.243,0,-1.154,0.259,0.0,-1.123,0
773,0.035468295701936346,1.4764,0,-4.3356,0.244,0,-1.15,0.267,0.0,-1.123,0
774,0.03201562118716419,1.4691,0,-4.332,0.255,0,-1.148,0.275,0.0,-1.123,0
775,0.025455844122715694,1.4618,0,-4.3281,0.266,0,-1.141,0.284,0.0,-1.123,0
776,0.024839484696748345,1.4539,0,-4.3245,0.276,0,-1.141,0.292,0.0,-1.122,0
777,0.038288379438153206,1.4464,0,-4.3205,0.276,0,-1.151,0.301,0.0,-1.122,0
778,0.03535533905932731,1.4433,0,-4.32,0.287,0,-1.152,0.304,0.0,-1.121,0
779,0.03255764119219944,1.4433,0,-4.32,0.298,0,-1.153,0.304,0.0,-1.121,0
780,0.03255764119219944,1.4415,0,-4.3193,0.3,0,-1.153,0.306,0.0,-1.121,0
781,0.0347850542618521,1.4361,0,-4.3159,0.301,0,-1.154,0.312,0.0,-1.121,0
782,0.03405877273185269,1.4238,0,-4.3093,0.3,0,-1.144,0.326,0.0,-1.122,0
783,0.051855568649856666,1.41,0,-4.3022,0.301,0,-1.154,0.341,0.0,-1.121,1
784,0.05916924876994795,1.3913,0,-4.292,0.312,0,-1.152,0.363,0.0,-1.122,1
785,0.05161395160225563,1.3788,0,-4.2848,0.335,0,-1.152,0.377,0.0,-1.122,1
786,0.032202484376209164,1.3769,0,-4.2833,0.366,0,-1.152,0.38,0.0,-1.123,0
787,0.0255538646783613,1.377,0,-4.2836,0.366,0,-1.145,0.379,0.0,-1.123,0
788,0.03162277660168361,1.3705,0,-4.2805,0.377,0,-1.152,0.387,0.0,-1.122,0
789,0.03324154027718925,1.3677,0,-4.2779,0.378,0,-1.154,0.39,0.0,-1.123,0
790,0.02844292530665581,1.3658,0,-4.277,0.387,0,-1.151,0.392,0.0,-1.123,0
791,0.03492849839314599,1.3611,0,-4.2744,0.39,0,-1.157,0.398,0.0,-1.123,0
792,0.04049691346263318,1.3508,0,-4.2694,0.387,0,-1.157,0.409,0.0,-1.123,0
793,0.05122499389946279,1.3362,0,-4.2599,0.386,0,-1.157,0.426,0.0,-1.125,1
794,0.0730068489937759,1.3115,0,-4.2474,0.387,0,-1.153,0.454,0.0,-1.124,1
795,0.06977105417004964,1.2991,0,-4.2385,0.407,0,-1.158,0.469,0.0,-1.126,1
796,0.03687817782917154,1.29,0,-4.2347,0.455,0,-1.153,0.479,0.0,-1.125,0
797,0.031906112267087755,1.2837,0,-4.2307,0.47,0,-1.153,0.487,0.0,-1.126,0
798,0.03471310991541959,1.2781,0,-4.2277,0.47,0,-1.152,0.493,0.0,-1.126,0
799,0.03087069808086629,1.2728,0,-4.2259,0.485,0,-1.153,0.498,0.0,-1.125,0
800,0.037161808352124126,1.2675,0,-4.2215,0.49,0,-1.161,0.505,0.0,-1.127,0
801,0.03453983207834112,1.2597,0,-4.2183,0.501,0,-1.158,0.514,0.0,-1.126,0
802,0.03298484500494132,1.2567,0,-4.2167,0.509,0,-1.158,0.517,0.0,-1.126,0
803,0.029614185789921612,1.2571,0,-4.2173,0.51,0,-1.154,0.516,0.0,-1.125,0
804,0.028999999999999915,1.2568,0,-4.2171,0.517,0,-1.154,0.517,0.0,-1.125,0
805,0.0340147027033897,1.2533,0,-4.2168,0.519,0,-1.158,0.52,0.0,-1.124,0
806,0.032062439083762606,1.25,0,-4.2176,0.52,0,-1.154,0.522,0.0,-1.122,0
807,0.0331360830515617,1.248,0,-4.2179,0.521,0,-1.154,0.524,0.0,-1.121,0
808,0.04801041553663126,1.2476,0,-4.2223,0.521,0,-1.165,0.522,0.0,-1.117,0
809,0.05900847396772766,1.2406,0,-4.2215,0.528,0,-1.173,0.529,0.0,-1.114,1
810,0.07300684899377588,1.2305,0,-4.2204,0.521,0,-1.181,0.538,0.0,-1.11,1
811,0.06935416353759877,1.2138,0,-4.2094,0.529,0,-1.175,0.558,0.0,-1.112,1
812,0.060440052945046376,1.2,0,-4.1849,0.544,0,-1.175,0.582,0.0,-1.128,1
813,0.07939773296511682,1.1799,0,-4.1761,0.544,0,-1.178,0.604,0.0,-1.126,1
814,0.056435804238089894,1.1664,0,-4.1675,0.571,0,-1.155,0.62,0.0,-1.127,1
815,0.0360693775937429,1.159,0,-4.1631,0.603,0,-1.154,0.628,0.0,-1.128,0
816,0.02731300056749545,1.1539,0,-4.1607,0.623,0,-1.153,0.634,0.0,-1.128,0
817,0.025179356624028475,1.1484,0,-4.1578,0.637,0,-1.153,0.64,0.0,-1.128,0
818,0.02459674775249771,1.1412,0,-4.1542,0.637,0,-1.149,0.648,0.0,-1.127,0
819,0.03413209633175196,1.1319,0,-4.1497,0.641,0,-1.156,0.659,0.0,-1.127,0
820,0.03264965543462897,1.1214,0,-4.1437,0.646,0,-1.148,0.671,0.0,-1.127,0
821,0.028319604517012535,1.1107,0,-4.1383,0.664,0,-1.148,0.683,0.0,-1.127,0
822,0.024413111231467364,1.1007,0,-4.1334,0.68,0,-1.147,0.694,0.0,-1.127,0
823,0.03201562118716419,1.0905,0,-4.1277,0.68,0,-1.147,0.705,0.0,-1.127,0
824,0.03612478373637692,1.0809,0,-4.1226,0.689,0,-1.151,0.716,0.0,-1.127,0
825,0.0314006369362151,1.0722,0,-4.1184,0.707,0,-1.152,0.726,0.0,-1.127,0
826,0.03275667870831843,1.0633,0,-4.114,0.719,0,-1.155,0.736,0.0,-1.127,0
827,0.03383784863137729,1.0538,0,-4.1088,0.728,0,-1.155,0.747,0.0,-1.127,0
828,0.03920459156782535,1.0429,0,-4.1029,0.728,0,-1.151,0.759,0.0,-1.127,0
829,0.03969886648255845,1.0303,0,-4.0964,0.747,0,-1.157,0.773,0.0,-1.127,0
830,0.03764306044943746,1.0185,0,-4.0897,0.758,0,-1.151,0.787,0.0,-1.127,0
831,0.034058772731852836,1.0064,0,-4.0838,0.778,0,-1.153,0.8,0.0,-1.127,0
832,0.047010637094172726,0.8395,0,-3.9929,0.949,0,-1.153,0.99,0.0,-1.13,0
833,0.057775427302617255,0.8291,0,-3.987,0.949,0,-1.153,1.002,0.0,-1.13,1
834,0.03753664875824688,0.8237,0,-3.9835,0.984,0,-1.159,1.009,0.0,-1.131,0
835,0.027294688127912387,0.8239,0,-3.9839,0.995,0,-1.154,1.008,0.0,-1.13,0
836,0.030016662039607293,0.825,0,-3.9845,1.006,0,-1.16,1.007,0.0,-1.13,0
837,0.025317977802344457,0.8252,0,-3.9846,1.011,0,-1.155,1.007,0.0,-1.13,0
838,0.025317977802344457,0.825,0,-3.9845,1.011,0,-1.155,1.007,0.0,-1.13,0
839,0.023537204591879746,0.8231,0,-3.9835,1.004,0,-1.153,1.009,0.0,-1.13,0
840,0.027730849247724218,0.8165,0,-3.9801,1.005,0,-1.155,1.017,0.0,-1.13,0
841,0.029832867780352608,0.8045,0,-3.9734,1.011,0,-1.154,1.03,0.0,-1.131,0
842,0.03764306044943737,0.7892,0,-3.9647,1.024,0,-1.16,1.048,0.0,-1.131,0
843,0.04825971404805472,0.7742,0,-3.9558,1.025,0,-1.159,1.065,0.0,-1.132,0
844,0.04720169488482383,0.761,0,-3.9481,1.043,0,-1.161,1.081,0.0,-1.133,0
845,0.04205948168962612,0.7466,0,-3.9396,1.06,0,-1.154,1.097,0.0,-1.134,0
846,0.039623225512318096,0.7337,0,-3.9324,1.083,0,-1.161,1.112,0.0,-1.134,0
847,0.041231056256176644,0.7172,0,-3.9222,1.099,0,-1.161,1.131,0.0,-1.135,0
848,0.050249378105604404,0.7067,0,-3.9164,1.1,0,-1.162,1.143,0.0,-1.136,1
849,0.03820994634908563,0.6972,0,-3.9104,1.127,0,-1.163,1.155,0.0,-1.137,0
850,0.0374432904536983,0.6837,0,-3.9021,1.14,0,-1.159,1.171,0.0,-1.138,0
851,0.053338541412378454,0.6637,0,-3.8906,1.148,0,-1.165,1.194,0.0,-1.138,1
852,0.059481089431852305,0.642,0,-3.878,1.166,0,-1.166,1.219,0.0,-1.139,1
853,0.07877182237323202,0.6227,0,-3.8673,1.167,0,-1.167,1.241,0.0,-1.14,1
854,0.05724508712544672,0.6056,0,-3.8564,1.207,0,-1.161,1.261,0.0,-1.142,1
855,0.04887739763939954,0.5926,0,-3.8463,1.235,0,-1.17,1.277,0.0,-1.145,0
856,0.0374432904536983,0.5805,0,-3.8409,1.259,0,-1.165,1.29,0.0,-1.144,0
857,0.0358050275799365,0.5686,0,-3.8339,1.275,0,-1.165,1.304,0.0,-1.144,0
858,0.05594640292279755,0.5519,0,-3.824,1.275,0,-1.172,1.324,0.0,-1.145,1
859,0.047927027865287124,0.5361,0,-3.8152,1.298,0,-1.165,1.342,0.0,-1.146,0
860,0.048466483264210686,0.5171,0,-3.8034,1.319,0,-1.165,1.364,0.0,-1.147,0
861,0.05126402247190523,0.4991,0,-3.793,1.337,0,-1.166,1.385,0.0,-1.148,1
862,0.0336154726279431,0.4856,0,-3.7849,1.371,0,-1.166,1.4,0.0,-1.149,0
863,0.04924428900898047,0.4738,0,-3.7779,1.371,0,-1.174,1.414,0.0,-1.15,0
864,0.04220189569201849,0.4614,0,-3.7708,1.394,0,-1.175,1.428,0.0,-1.15,0
865,0.04382921400162239,0.4472,0,-3.7628,1.406,0,-1.171,1.445,0.0,-1.151,0
866,0.05011985634456672,0.1979,0,-3.6067,1.694,0,-1.197,1.738,0.0,-1.173,1
867,0.04548626166217643,0.1833,0,-3.5971,1.717,0,-1.2,1.755,0.0,-1.175,0
868,0.046141087980237215,0.1685,0,-3.5877,1.733,0,-1.199,1.773,0.0,-1.176,0
869,0.058940648113165475,0.1536,0,-3.5776,1.734,0,-1.193,1.791,0.0,-1.178,1
870,0.057567351858497,0.1388,0,-3.5672,1.754,0,-1.197,1.809,0.0,-1.18,1
871,0.055362442142665724,0.1237,0,-3.5569,1.775,0,-1.201,1.827,0.0,-1.182,1
872,0.04441846462902572,0.111,0,-3.5484,1.804,0,-1.207,1.842,0.0,-1.184,0
873,0.031144823004794906,0.1067,0,-3.5459,1.826,0,-1.207,1.847,0.0,-1.184,0
874,0.03301514803843841,0.1083,0,-3.5468,1.826,0,-1.211,1.845,0.0,-1.184,0
875,0.0291204395571221,0.1113,0,-3.5486,1.834,0,-1.212,1.842,0.0,-1.184,0
876,0.02184032966784168,0.1133,0,-3.55,1.833,0,-1.205,1.839,0.0,-1.184,0
877,0.029614185789921612,0.114,0,-3.5508,1.832,0,-1.212,1.838,0.0,-1.183,0
878,0.02973213749463704,0.114,0,-3.5509,1.828,0,-1.211,1.838,0.0,-1.183,0
879,0.02973213749463704,0.1139,0,-3.5509,1.828,0,-1.211,1.838,0.0,-1.183,0
880,0.024596747752497757,0.1138,0,-3.5509,1.827,0,-1.205,1.838,0.0,-1.183,0
881,0.028635642126552733,0.1139,0,-3.551,1.826,0,-1.209,1.838,0.0,-1.183,0
882,0.024186773244895574,0.1139,0,-3.5513,1.826,0,-1.204,1.838,0.0,-1.183,0
883,0.024186773244895574,0.1139,0,-3.5514,1.826,0,-1.204,1.838,0.0,-1.183,0
884,0.023259406699225937,0.1139,0,-3.5514,1.828,0,-1.204,1.838,0.0,-1.183,0
885,0.022135943621178607,0.1139,0,-3.5514,1.831,0,-1.204,1.838,0.0,-1.183,0
886,0.022135943621178607,0.1138,0,-3.5515,1.831,0,-1.204,1.838,0.0,-1.183,0
887,0.02370653918225937,0.1139,0,-3.5516,1.827,0,-1.204,1.838,0.0,-1.183,0
888,0.024596747752497757,0.1139,0,-3.5518,1.827,0,-1.204,1.838,0.0,-1.182,0
889,0.02376972864800949,0.114,0,-3.5518,1.829,0,-1.204,1.838,0.0,-1.182,0
890,0.029154759474226466,0.1139,0,-3.5517,1.827,0,-1.21,1.838,0.0,-1.183,0
891,0.03178049716414158,0.1139,0,-3.5518,1.825,0,-1.211,1.838,0.0,-1.182,0
892,0.03046309242345566,0.1139,0,-3.5519,1.826,0,-1.21,1.838,0.0,-1.182,0
893,0.03046309242345566,0.1139,0,-3.552,1.826,0,-1.21,1.838,0.0,-1.182,0
894,0.030083217912982782,0.1139,0,-3.5521,1.83,0,-1.211,1.838,0.0,-1.182,0
895,0.03046309242345566,0.1139,0,-3.552,1.826,0,-1.21,1.838,0.0,-1.182,0
896,0.024166091947189168,0.1139,0,-3.5521,1.828,0,-1.204,1.838,0.0,-1.182,0
897,0.024698178070457103,0.1139,0,-3.5523,1.829,0,-1.205,1.838,0.0,-1.182,0
898,0.024698178070457103,0.1139,0,-3.5523,1.829,0,-1.205,1.838,0.0,-1.182,0
899,0.024596747752497757,0.1139,0,-3.5522,1.827,0,-1.204,1.838,0.0,-1.182,0
900,0.0291204395571221,0.1139,0,-3.5522,1.83,0,-1.21,1.838,0.0,-1.182,0
901,0.02973213749463704,0.1139,0,-3.5523,1.828,0,-1.21,1.838,0.0,-1.182,0
902,0.029410882339705544,0.1139,0,-3.5525,1.829,0,-1.21,1.838,0.0,-1.182,0
903,0.022472205054244354,0.114,0,-3.5527,1.829,0,-1.203,1.837,0.0,-1.182,0
904,0.031384709652950565,0.114,0,-3.5524,1.825,0,-1.211,1.837,0.0,-1.182,0
905,0.030083217912982782,0.1139,0,-3.5523,1.83,0,-1.211,1.838,0.0,-1.182,0
906,0.029154759474226674,0.1139,0,-3.5525,1.827,0,-1.209,1.838,0.0,-1.182,0
907,0.02846049894151551,0.1139,0,-3.5527,1.828,0,-1.209,1.837,0.0,-1.182,0
908,0.026570660511172937,0.1139,0,-3.5526,1.828,0,-1.207,1.837,0.0,-1.182,0
909,0.022472205054244354,0.114,0,-3.5525,1.829,0,-1.203,1.837,0.0,-1.182,0
910,0.028792360097776068,0.114,0,-3.5524,1.827,0,-1.209,1.837,0.0,-1.182,0
911,0.03046309242345566,0.1139,0,-3.5526,1.825,0,-1.21,1.837,0.0,-1.182,0
912,0.0291204395571221,0.114,0,-3.5528,1.829,0,-1.21,1.837,0.0,-1.182,0
913,0.028160255680657578,0.1141,0,-3.5528,1.829,0,-1.209,1.837,0.0,-1.182,0
914,0.03046309242345566,0.1139,0,-3.5525,1.826,0,-1.21,1.838,0.0,-1.182,0
915,0.023086792761230445,0.1139,0,-3.5525,1.831,0,-1.204,1.838,0.0,-1.182,0
916,0.02280350850198278,0.1139,0,-3.5527,1.831,0,-1.204,1.837,0.0,-1.182,0
917,0.025079872407968825,0.1139,0,-3.5529,1.827,0,-1.204,1.837,0.0,-1.181,0
918,0.028792360097776068,0.114,0,-3.5529,1.827,0,-1.209,1.837,0.0,-1.182,0
919,0.02507987240796903,0.1139,0,-3.5527,1.827,0,-1.205,1.837,0.0,-1.182,0
920,0.023706539182259567,0.1138,0,-3.5525,1.827,0,-1.203,1.838,0.0,-1.182,0
921,0.024041630560342774,0.1138,0,-3.5527,1.831,0,-1.205,1.838,0.0,-1.182,0
922,0.024351591323771966,0.1139,0,-3.5528,1.829,0,-1.205,1.837,0.0,-1.182,0
923,0.0291204395571221,0.1139,0,-3.5529,1.829,0,-1.209,1.837,0.0,-1.181,0
924,0.02961418578992183,0.1139,0,-3.5526,1.831,0,-1.211,1.837,0.0,-1.182,0
925,0.03036445290137812,0.1138,0,-3.5526,1.829,0,-1.211,1.838,0.0,-1.182,0
926,0.02505992817228336,0.1139,0,-3.5527,1.825,0,-1.204,1.837,0.0,-1.182,0
927,0.024166091947189168,0.1139,0,-3.5528,1.827,0,-1.204,1.837,0.0,-1.182,0
928,0.025079872407968825,0.1139,0,-3.5529,1.827,0,-1.204,1.837,0.0,-1.181,0
929,0.032202484376209366,0.1118,0,-3.5515,1.826,0,-1.211,1.84,0.0,-1.182,0
930,0.03720215047547658,0.1055,0,-3.5481,1.825,0,-1.212,1.847,0.0,-1.182,0
931,0.04252058325093863,0.0961,0,-3.5428,1.83,0,-1.214,1.858,0.0,-1.182,0
932,0.04738143096192866,0.085,0,-3.5368,1.837,0,-1.216,1.87,0.0,-1.182,0
933,0.05333854141237826,0.0745,0,-3.5312,1.836,0,-1.209,1.882,0.0,-1.182,1
934,0.04920365840057013,0.0659,0,-3.5266,1.853,0,-1.212,1.892,0.0,-1.182,0
935,0.03959797974644654,0.0592,0,-3.5225,1.872,0,-1.211,1.9,0.0,-1.183,0
936,0.029068883707497217,0.0536,0,-3.5192,1.884,0,-1.202,1.906,0.0,-1.183,0
937,0.037536648758247027,0.038,0,-3.5099,1.897,0,-1.209,1.925,0.0,-1.184,0
938,0.03324154027718943,0.0305,0,-3.5054,1.91,0,-1.209,1.933,0.0,-1.185,0
939,0.03671511950137167,0.0229,0,-3.5012,1.91,0,-1.203,1.942,0.0,-1.185,0
940,0.04022437072223754,0.0037,0,-3.4896,1.931,0,-1.209,1.964,0.0,-1.186,0
941,0.03935733730830899,-0.004,0,-3.4856,1.938,0,-1.204,1.973,0.0,-1.186,0
942,0.04060788100849401,-0.0115,0,-3.4815,1.95,0,-1.211,1.982,0.0,-1.186,0
943,0.03623534186398684,-0.0193,0,-3.4771,1.963,0,-1.21,1.991,0.0,-1.187,0
944,0.03546829570193627,-0.0272,0,-3.4726,1.973,0,-1.21,2.0,0.0,-1.187,0
945,0.038078865529319515,-0.0346,0,-3.468,1.973,0,-1.203,2.008,0.0,-1.188,0
946,0.03535533905932736,-0.0419,0,-3.4636,1.986,0,-1.205,2.017,0.0,-1.188,0
947,0.03413209633175196,-0.0489,0,-3.4595,1.996,0,-1.206,2.025,0.0,-1.188,0
948,0.02884441020371194,-0.0558,0,-3.4556,2.009,0,-1.205,2.033,0.0,-1.189,0
949,0.037121422386541154,-0.0628,0,-3.4521,2.008,0,-1.205,2.041,0.0,-1.188,0
950,0.038470768123342526,-0.0701,0,-3.4479,2.015,0,-1.207,2.049,0.0,-1.189,0
951,0.037013511046643376,-0.0771,0,-3.4442,2.028,0,-1.212,2.057,0.0,-1.189,0
952,0.037013511046643376,-0.0842,0,-3.4403,2.036,0,-1.212,2.065,0.0,-1.189,0
953,0.03546829570193644,-0.0915,0,-3.4363,2.046,0,-1.212,2.073,0.0,-1.189,0
954,0.04219004621945801,-0.0987,0,-3.4319,2.046,0,-1.212,2.082,0.0,-1.19,0
955,0.03966106403010419,-0.1066,0,-3.4271,2.058,0,-1.212,2.091,0.0,-1.19,0
956,0.03827531841800937,-0.1142,0,-3.4228,2.068,0,-1.211,2.1,0.0,-1.19,0
957,0.03420526275297419,-0.1213,0,-3.4189,2.081,0,-1.212,2.108,0.0,-1.191,0
958,0.028653097563788733,-0.1283,0,-3.4151,2.091,0,-1.205,2.116,0.0,-1.191,0
959,0.03401470270339003,-0.1349,0,-3.4114,2.092,0,-1.205,2.123,0.0,-1.191,0
960,0.03661966684720126,-0.1419,0,-3.4073,2.102,0,-1.212,2.132,0.0,-1.191,0
961,0.03466987164671943,-0.148,0,-3.4051,2.109,0,-1.209,2.138,0.0,-1.19,0
962,0.03252691193458137,-0.1542,0,-3.4028,2.122,0,-1.213,2.145,0.0,-1.19,0
963,0.024413111231467426,-0.1604,0,-3.4,2.131,0,-1.203,2.151,0.0,-1.189,0
964,0.030413812651491224,-0.1665,0,-3.3966,2.131,0,-1.203,2.158,0.0,-1.189,0
965,0.029068883707497044,-0.1731,0,-3.393,2.14,0,-1.202,2.166,0.0,-1.189,0
966,0.030870698080866243,-0.1802,0,-3.3894,2.146,0,-1.202,2.174,0.0,-1.189,0
967,0.027784887978899633,-0.1878,0,-3.3854,2.158,0,-1.203,2.182,0.0,-1.189,0
968,0.028178005607210718,-0.1949,0,-3.3814,2.165,0,-1.203,2.19,0.0,-1.19,0
969,0.0351140997321588,-0.2016,0,-3.3778,2.165,0,-1.202,2.198,0.0,-1.19,0
970,0.03138470965295036,-0.208,0,-3.3743,2.176,0,-1.202,2.205,0.0,-1.19,0
971,0.034409301068170535,-0.2142,0,-3.3708,2.185,0,-1.21,2.213,0.0,-1.19,0
972,0.032649655434629374,-0.2204,0,-3.3673,2.195,0,-1.211,2.22,0.0,-1.19,0
973,0.03189043743820405,-0.2272,0,-3.3635,2.203,0,-1.211,2.227,0.0,-1.19,0
974,0.03383784863137726,-0.2338,0,-3.3596,2.203,0,-1.202,2.235,0.0,-1.191,0
975,0.044721359549995836,-0.2409,0,-3.3562,2.203,0,-1.21,2.243,0.0,-1.19,0
976,0.03244996147917566,-0.2487,0,-3.3529,2.224,0,-1.208,2.251,0.0,-1.19,0
977,0.03255764119219944,-0.2564,0,-3.3502,2.235,0,-1.211,2.259,0.0,-1.189,0
978,0.032557641192199116,-0.2641,0,-3.3473,2.244,0,-1.21,2.268,0.0,-1.188,0
979,0.03289376840679673,-0.2713,0,-3.3443,2.244,0,-1.198,2.275,0.0,-1.187,0
980,0.03466987164671931,-0.2787,0,-3.3406,2.255,0,-1.206,2.284,0.0,-1.187,0
981,0.03101612483854153,-0.2863,0,-3.3367,2.263,0,-1.198,2.292,0.0,-1.187,0
982,0.030000000000000023,-0.2936,0,-3.3333,2.276,0,-1.204,2.3,0.0,-1.186,0
983,0.030000000000000023,-0.3008,0,-3.3294,2.284,0,-1.204,2.308,0.0,-1.186,0
984,0.03758989225842494,-0.3077,0,-3.3263,2.283,0,-1.204,2.316,0.0,-1.186,0
985,0.033999999999999836,-0.3147,0,-3.3228,2.294,0,-1.202,2.324,0.0,-1.186,0
986,0.030083217912982567,-0.3217,0,-3.3192,2.303,0,-1.194,2.332,0.0,-1.186,0
987,0.026076809620810396,-0.3289,0,-3.3159,2.314,0,-1.187,2.34,0.0,-1.185,0
988,0.026076809620810396,-0.3365,0,-3.3121,2.322,0,-1.187,2.348,0.0,-1.185,0
989,0.03573513677041106,-0.3435,0,-3.3087,2.322,0,-1.196,2.356,0.0,-1.185,0
990,0.03383784863137736,-0.3502,0,-3.3055,2.335,0,-1.203,2.363,0.0,-1.184,0
991,0.032249030993194226,-0.3577,0,-3.3019,2.344,0,-1.2,2.372,0.0,-1.184,0
992,0.04031128874149286,-0.3677,0,-3.2966,2.355,0,-1.213,2.383,0.0,-1.184,0
993,0.0431393092202461,-0.3817,0,-3.29,2.367,0,-1.214,2.398,0.0,-1.184,0
994,0.060605280298007026,-0.3965,0,-3.2824,2.367,0,-1.22,2.415,0.0,-1.183,1
995,0.05966573556070542,-0.4103,0,-3.2754,2.384,0,-1.221,2.43,0.0,-1.183,1
996,0.05091168824543146,-0.4206,0,-3.27,2.406,0,-1.219,2.442,0.0,-1.183,1
997,0.04482186966202989,-0.4282,0,-3.266,2.423,0,-1.218,2.451,0.0,-1.183,0
998,0.04188078318274385,-0.435,0,-3.2627,2.435,0,-1.218,2.458,0.0,-1.183,0
999,0.049517673612559675,-0.4547,0,-3.2532,2.446,0,-1.218,2.48,0.0,-1.182,0
1000,0.06155485358604955,-0.4648,0,-3.248,2.446,0,-1.224,2.491,0.0,-1.182,1
1001,0.051623637996561195,-0.4755,0,-3.2425,2.466,0,-1.218,2.503,0.0,-1.182,1
1002,0.05263078946776313,-0.4859,0,-3.2368,2.482,0,-1.223,2.515,0.0,-1.182,1
1003,0.05280151512977639,-0.4959,0,-3.2315,2.495,0,-1.224,2.527,0.0,-1.182,1
1004,0.05103920062069937,-0.505,0,-3.2266,2.508,0,-1.224,2.537,0.0,-1.182,1
1005,0.056586217403180636,-0.5137,0,-3.2221,2.508,0,-1.223,2.547,0.0,-1.182,1
1006,0.05280151512977639,-0.522,0,-3.2178,2.524,0,-1.224,2.556,0.0,-1.182,1
1007,0.04750789408087864,-0.5306,0,-3.2135,2.535,0,-1.218,2.566,0.0,-1.182,0
1008,0.04939635614091404,-0.5392,0,-3.2091,2.549,0,-1.224,2.575,0.0,-1.182,0
1009,0.049396356140913804,-0.5482,0,-3.2043,2.56,0,-1.224,2.586,0.0,-1.182,0
1010,0.05522680508593636,-0.5582,0,-3.1991,2.56,0,-1.223,2.597,0.0,-1.182,1
1011,0.04810405388322282,-0.5684,0,-3.1936,2.575,0,-1.217,2.608,0.0,-1.182,0
1012,0.05280151512977639,-0.5767,0,-3.1884,2.586,0,-1.225,2.618,0.0,-1.183,1
1013,0.038587562763149605,-0.5797,0,-3.1852,2.602,0,-1.217,2.622,0.0,-1.184,0
1014,0.036055512754639925,-0.5821,0,-3.1847,2.613,0,-1.217,2.625,0.0,-1.183,0
1015,0.04753945729601881,-0.5876,0,-3.1818,2.613,0,-1.227,2.631,0.0,-1.183,0
1016,0.04499999999999984,-0.5986,0,-3.1758,2.616,0,-1.22,2.643,0.0,-1.184,0
1017,0.05232590180780441,-0.6116,0,-3.1693,2.621,0,-1.22,2.658,0.0,-1.183,1
1018,0.05093132631298741,-0.625,0,-3.1621,2.638,0,-1.22,2.673,0.0,-1.183,1
1019,0.060802960454241,-0.6369,0,-3.1553,2.638,0,-1.22,2.687,0.0,-1.184,1
1020,0.06152235366108823,-0.6491,0,-3.1485,2.657,0,-1.227,2.701,0.0,-1.184,1
1021,0.05531726674375754,-0.663,0,-3.1412,2.675,0,-1.22,2.717,0.0,-1.184,1
1022,0.06293647591023824,-0.6821,0,-3.1312,2.693,0,-1.228,2.738,0.0,-1.184,1
1023,0.06010823570859469,-0.6973,0,-3.1221,2.713,0,-1.227,2.756,0.0,-1.185,1
1024,0.06661080993352349,-0.7059,0,-3.1145,2.713,0,-1.227,2.767,0.0,-1.188,1
1025,0.04459820624195548,-0.7118,0,-3.1087,2.742,0,-1.22,2.775,0.0,-1.19,0
1026,0.04280186911806529,-0.7198,0,-3.1051,2.758,0,-1.224,2.784,0.0,-1.19,0
1027,0.042485291572496094,-0.7242,0,-3.1015,2.77,0,-1.229,2.789,0.0,-1.191,0
1028,0.045541190146942835,-0.7307,0,-3.0989,2.781,0,-1.233,2.796,0.0,-1.19,0
1029,0.06400781202322103,-0.9462,0,-3.0005,2.977,0,-1.208,3.033,0.0,-1.177,1
1030,0.05685068161420763,-0.9575,0,-2.9941,3.002,0,-1.213,3.046,0.0,-1.177,1
1031,0.0517397332811061,-0.967,0,-2.9887,3.023,0,-1.217,3.057,0.0,-1.178,1
1032,0.0502195181179592,-0.9764,0,-2.9841,3.038,0,-1.219,3.067,0.0,-1.178,1
1033,0.04788527957525161,-0.9873,0,-2.9784,3.056,0,-1.219,3.079,0.0,-1.177,0
1034,0.05093132631298741,-0.9994,0,-2.972,3.056,0,-1.213,3.093,0.0,-1.178,1
1035,0.05456189146281526,-1.0112,0,-2.9655,3.066,0,-1.214,3.107,0.0,-1.178,1
1036,0.053075418038862524,-1.0262,0,-2.9574,3.085,0,-1.214,3.124,0.0,-1.178,1
1037,0.04967896939349676,-1.0366,0,-2.9484,3.099,0,-1.213,3.137,0.0,-1.181,0
1038,0.04060788100849388,-1.0456,0,-2.9441,3.122,0,-1.213,3.147,0.0,-1.181,0
1039,0.05303772242470445,-1.0568,0,-2.9386,3.122,0,-1.218,3.159,0.0,-1.18,1
1040,0.0567274184147314,-1.0695,0,-2.9328,3.136,0,-1.223,3.173,0.0,-1.18,1
1041,0.05467174773134653,-1.0843,0,-2.9243,3.148,0,-1.215,3.19,0.0,-1.18,1
1042,0.05403702434442541,-1.0999,0,-2.9147,3.167,0,-1.215,3.209,0.0,-1.181,1
1043,0.05403702434442541,-1.1199,0,-2.9026,3.19,0,-1.217,3.232,0.0,-1.183,1
1044,0.055226805085936345,-1.1389,0,-2.8959,3.211,0,-1.217,3.252,0.0,-1.18,1
1045,0.0714002801114954,-1.1525,0,-2.8867,3.211,0,-1.225,3.268,0.0,-1.182,1
1046,0.0587281874401039,-1.1618,0,-2.8782,3.237,0,-1.225,3.28,0.0,-1.185,1
1047,0.04816637831516923,-1.168,0,-2.8724,3.257,0,-1.223,3.289,0.0,-1.187,0
1048,0.04534313619501872,-1.1793,0,-2.8664,3.271,0,-1.221,3.301,0.0,-1.187,0
1049,0.04666904755831249,-1.1928,0,-2.8589,3.284,0,-1.221,3.317,0.0,-1.188,0
1050,0.0526307894677631,-1.1999,0,-2.8526,3.285,0,-1.223,3.326,0.0,-1.19,1
1051,0.034655446902326865,-1.2006,0,-2.847,3.305,0,-1.22,3.329,0.0,-1.195,0
1052,0.04070626487409532,-1.2078,0,-2.8432,3.318,0,-1.231,3.337,0.0,-1.195,0
1053,0.055569775957799265,-1.2211,0,-2.8362,3.325,0,-1.243,3.353,0.0,-1.195,1
1054,0.06360031446463121,-1.239,0,-2.8287,3.334,0,-1.244,3.372,0.0,-1.193,1
1055,0.08627861844049188,-1.2652,0,-2.8266,3.334,0,-1.243,3.396,0.0,-1.183,1
1056,0.07683749084919425,-1.283,0,-2.8127,3.358,0,-1.235,3.418,0.0,-1.187,1
1057,0.06685057965343286,-1.3,0,-2.8037,3.382,0,-1.225,3.437,0.0,-1.187,1
1058,0.05560575509783142,-1.3142,0,-2.7984,3.409,0,-1.219,3.453,0.0,-1.185,1
1059,0.04560701700396556,-1.3216,0,-2.7965,3.432,0,-1.219,3.46,0.0,-1.183,0
1060,0.050000000000000176,-1.3249,0,-2.799,3.432,0,-1.219,3.462,0.0,-1.179,1
1061,0.04887739763939996,-1.3329,0,-2.7962,3.445,0,-1.22,3.47,0.0,-1.178,0
1062,0.05240229002629535,-1.3465,0,-2.7906,3.45,0,-1.216,3.485,0.0,-1.177,1
1063,0.056586217403180476,-1.3638,0,-2.7825,3.463,0,-1.215,3.504,0.0,-1.176,1
1064,0.05954829972383766,-1.381,0,-2.7726,3.479,0,-1.215,3.524,0.0,-1.176,1
1065,0.07158910531638153,-1.3964,0,-2.7634,3.479,0,-1.211,3.542,0.0,-1.177,1
1066,0.057801384066473616,-1.4079,0,-2.7524,3.507,0,-1.211,3.557,0.0,-1.182,1
1067,0.04825971404805472,-1.4173,0,-2.745,3.529,0,-1.211,3.569,0.0,-1.184,0
1068,0.048836461788299236,-1.4264,0,-2.7398,3.543,0,-1.217,3.579,0.0,-1.184,0
1069,0.0412310562561765,-1.4347,0,-2.735,3.563,0,-1.217,3.589,0.0,-1.185,0
1070,0.04750789408087878,-1.4442,0,-2.73,3.563,0,-1.216,3.599,0.0,-1.185,0
1071,0.0389999999999999,-1.4976,0,-2.7021,3.675,0,-1.221,3.66,0.0,-1.185,0
1072,0.04118252056394804,-1.4866,0,-2.7079,3.667,0,-1.221,3.647,0.0,-1.185,0
1073,0.037947331922020586,-1.4761,0,-2.7133,3.647,0,-1.221,3.635,0.0,-1.185,0
1074,0.037947331922020586,-1.4677,0,-2.7178,3.638,0,-1.221,3.626,0.0,-1.185,0
1075,0.038000000000000034,-1.4606,0,-2.7218,3.618,0,-1.222,3.618,0.0,-1.184,0
1076,0.03157530680769398,-1.4552,0,-2.7246,3.618,0,-1.215,3.612,0.0,-1.184,0
1077,0.03847076812334276,-1.45,0,-2.7275,3.612,0,-1.222,3.606,0.0,-1.184,0
1078,0.03832753579347362,-1.4442,0,-2.7304,3.604,0,-1.222,3.599,0.0,-1.184,0
1079,0.03832753579347362,-1.4374,0,-2.734,3.597,0,-1.222,3.592,0.0,-1.184,0
1080,0.03832753579347362,-1.4299,0,-2.7382,3.588,0,-1.222,3.583,0.0,-1.184,0
1081,0.034539832078341076,-1.4227,0,-2.7421,3.588,0,-1.216,3.575,0.0,-1.184,0
1082,0.03383784863137718,-1.4158,0,-2.7457,3.578,0,-1.216,3.567,0.0,-1.184,0
1083,0.03313608305156193,-1.4099,0,-2.749,3.563,0,-1.217,3.56,0.0,-1.184,0
1084,0.03423448553724741,-1.4082,0,-2.752,3.553,0,-1.216,3.557,0.0,-1.182,0
1085,0.04052159917870979,-1.4082,0,-2.7523,3.546,0,-1.221,3.557,0.0,-1.182,0
1086,0.03383784863137733,-1.408,0,-2.7524,3.546,0,-1.214,3.557,0.0,-1.182,0
1087,0.03863935817272337,-1.4072,0,-2.7533,3.549,0,-1.219,3.556,0.0,-1.181,0
1088,0.0401995024844836,-1.4046,0,-2.757,3.548,0,-1.219,3.552,0.0,-1.179,0
1089,0.04200000000000004,-1.3975,0,-2.7629,3.543,0,-1.219,3.543,0.0,-1.177,0
1090,0.04130375285612668,-1.3871,0,-2.7687,3.536,0,-1.218,3.531,0.0,-1.177,0
1091,0.037576588456111906,-1.3778,0,-2.7748,3.536,0,-1.21,3.52,0.0,-1.176,0
1092,0.03733630940518919,-1.3694,0,-2.779,3.523,0,-1.211,3.51,0.0,-1.176,0
1093,0.03820994634908563,-1.3629,0,-2.7822,3.507,0,-1.214,3.503,0.0,-1.176,0
1094,0.03699999999999992,-1.3578,0,-2.7847,3.497,0,-1.214,3.497,0.0,-1.177,0
1095,0.03423448553724741,-1.3534,0,-2.7872,3.488,0,-1.21,3.492,0.0,-1.176,0
1096,0.03501428280002333,-1.3486,0,-2.7898,3.488,0,-1.211,3.487,0.0,-1.176,0
1097,0.03238826948140331,-1.3426,0,-2.7927,3.485,0,-1.208,3.48,0.0,-1.176,0
1098,0.03765634076752541,-1.3356,0,-2.7963,3.479,0,-1.214,3.472,0.0,-1.177,0
1099,0.0362215405525497,-1.3276,0,-2.7993,3.468,0,-1.214,3.464,0.0,-1.178,0
1100,0.03298484500494132,-1.3164,0,-2.7995,3.462,0,-1.215,3.454,0.0,-1.183,0
1101,0.03413209633175208,-1.3068,0,-2.8019,3.462,0,-1.214,3.444,0.0,-1.185,0
1102,0.03067572330035614,-1.3033,0,-2.803,3.451,0,-1.215,3.441,0.0,-1.186,0
1103,0.030016662039607293,-1.3018,0,-2.8038,3.438,0,-1.216,3.439,0.0,-1.186,0
1104,0.030016662039607293,-1.2985,0,-2.8054,3.434,0,-1.216,3.435,0.0,-1.186,0
1105,0.03400000000000003,-1.2928,0,-2.8089,3.429,0,-1.219,3.429,0.0,-1.185,0
1106,0.041000000000000016,-1.2854,0,-2.8133,3.429,0,-1.225,3.42,0.0,-1.185,0
1107,0.03298484500494132,-1.2805,0,-2.8167,3.422,0,-1.216,3.414,0.0,-1.184,0
1108,0.031064449134018287,-1.2797,0,-2.8175,3.415,0,-1.215,3.413,0.0,-1.184,0
1109,0.03289376840679708,-1.2801,0,-2.8176,3.402,0,-1.215,3.413,0.0,-1.184,0
1110,0.03298484500494132,-1.2794,0,-2.8181,3.405,0,-1.215,3.413,0.0,-1.183,0
1111,0.03238826948140331,-1.278,0,-2.8188,3.406,0,-1.215,3.411,0.0,-1.183,0
1112,0.03901281840626224,-1.2749,0,-2.8212,3.406,0,-1.222,3.407,0.0,-1.183,0
1113,0.042047592083257326,-1.269,0,-2.8258,3.402,0,-1.223,3.4,0.0,-1.181,0
1114,0.043011626335213056,-1.2654,0,-2.8282,3.396,0,-1.224,3.395,0.0,-1.181,0
1115,0.034014702703389924,-1.2627,0,-2.8295,3.391,0,-1.215,3.392,0.0,-1.181,0
1116,0.0410121933088199,-1.252,0,-2.8365,3.379,0,-1.221,3.38,0.0,-1.18,0
1117,0.03929376540877698,-1.2418,0,-2.8398,3.379,0,-1.22,3.369,0.0,-1.182,0
1118,0.03360059523282301,-1.2284,0,-2.8419,3.376,0,-1.213,3.356,0.0,-1.186,0
1119,0.03499999999999997,-1.2117,0,-2.8401,3.363,0,-1.223,3.342,0.0,-1.195,0
1120,0.030870698080866243,-1.2054,0,-2.8431,3.348,0,-1.224,3.335,0.0,-1.196,0
1121,0.03901281840626246,-1.1972,0,-2.8468,3.327,0,-1.235,3.326,0.0,-1.196,0
1122,0.045099889135118885,-1.1937,0,-2.8485,3.32,0,-1.241,3.323,0.0,-1.196,0
1123,0.03901281840626246,-1.1916,0,-2.8499,3.319,0,-1.235,3.32,0.0,-1.196,0
1124,0.03712142238654132,-1.1884,0,-2.8522,3.319,0,-1.233,3.316,0.0,-1.196,0
1125,0.0371214223865411,-1.1875,0,-2.8531,3.312,0,-1.232,3.315,0.0,-1.195,0
1126,0.03748332962798251,-1.1875,0,-2.853,3.309,0,-1.232,3.315,0.0,-1.195,0
1127,0.037336309405188846,-1.1864,0,-2.8537,3.309,0,-1.232,3.314,0.0,-1.195,0
1128,0.03701351104664341,-1.1833,0,-2.8553,3.309,0,-1.232,3.31,0.0,-1.195,0
1129,0.036013886210738255,-1.1777,0,-2.8589,3.305,0,-1.231,3.304,0.0,-1.195,0
1130,0.04052159917870967,-1.1699,0,-2.8665,3.304,0,-1.231,3.293,0.0,-1.192,0
1131,0.0427200187265878,-1.1602,0,-2.8728,3.294,0,-1.231,3.282,0.0,-1.19,0
1132,0.040607881008493885,-1.1527,0,-2.8763,3.28,0,-1.231,3.273,0.0,-1.191,0
1133,0.03699999999999993,-1.1479,0,-2.8785,3.28,0,-1.226,3.268,0.0,-1.191,0
1134,0.04130375285612668,-1.1433,0,-2.8808,3.268,0,-1.232,3.263,0.0,-1.191,0
1135,0.034132096331752064,-1.1401,0,-2.8818,3.263,0,-1.226,3.26,0.0,-1.192,0
1136,0.034132096331752064,-1.1392,0,-2.8822,3.256,0,-1.226,3.259,0.0,-1.192,0
1137,0.03471310991541962,-1.1385,0,-2.8822,3.251,0,-1.226,3.258,0.0,-1.192,0
1138,0.0413037528561269,-1.1361,0,-2.8834,3.25,0,-1.233,3.255,0.0,-1.192,0
1139,0.04001249804748515,-1.1313,0,-2.8836,3.252,0,-1.234,3.251,0.0,-1.194,0
1140,0.03687817782917158,-1.1213,0,-2.8849,3.25,0,-1.234,3.242,0.0,-1.198,0
1141,0.04604345773288527,-1.1041,0,-2.8964,3.247,0,-1.234,3.221,0.0,-1.196,0
1142,0.0636003144646314,-1.0812,0,-2.9131,3.231,0,-1.243,3.193,0.0,-1.192,1
1143,0.07800640999302537,-1.0589,0,-2.9233,3.231,0,-1.239,3.168,0.0,-1.193,1
1144,0.06389053137985319,-1.0428,0,-2.9326,3.199,0,-1.233,3.15,0.0,-1.192,1
1145,0.05240229002629564,-1.0271,0,-2.9396,3.168,0,-1.232,3.133,0.0,-1.193,1
1146,0.04606517122512398,-1.0165,0,-2.9452,3.142,0,-1.234,3.121,0.0,-1.193,0
1147,0.04237924020083429,-1.0072,0,-2.9496,3.124,0,-1.234,3.11,0.0,-1.194,0
1148,0.04382921400162223,-0.9966,0,-2.9549,3.124,0,-1.23,3.099,0.0,-1.194,0
1149,0.04440720662234895,-0.984,0,-2.9612,3.11,0,-1.23,3.084,0.0,-1.194,0
1150,0.04161730409336966,-0.9701,0,-2.968,3.093,0,-1.229,3.069,0.0,-1.195,0
1151,0.04837354648979134,-0.959,0,-2.9772,3.079,0,-1.234,3.055,0.0,-1.192,0
1152,0.05517245689653509,-0.9478,0,-2.9861,3.079,0,-1.229,3.041,0.0,-1.189,1
1153,0.04883646178829938,-0.9346,0,-2.9932,3.059,0,-1.225,3.026,0.0,-1.189,0
1154,0.017888543819998336,-0.8153,0,-3.0404,2.914,0,-1.211,2.898,0.0,-1.203,0
1155,0.04837354648979134,-0.5911,0,-3.092,2.7,0,-1.303,2.676,0.0,-1.261,0
1156,0.04410215414240003,-0.5812,0,-3.0973,2.689,0,-1.298,2.665,0.0,-1.261,0
1157,0.04875448697299562,-0.5708,0,-3.1028,2.674,0,-1.305,2.653,0.0,-1.261,0
1158,0.048332183894378336,-0.5589,0,-3.1088,2.66,0,-1.305,2.64,0.0,-1.261,0
1159,0.04205948168962632,-0.5449,0,-3.1161,2.644,0,-1.298,2.624,0.0,-1.261,0
1160,0.058412327466040984,-0.531,0,-3.1237,2.644,0,-1.307,2.608,0.0,-1.261,1
1161,0.056222771187482236,-0.5167,0,-3.1314,2.627,0,-1.305,2.592,0.0,-1.261,1
1162,0.05131276644267013,-0.5032,0,-3.1383,2.604,0,-1.304,2.576,0.0,-1.261,1
1163,0.04785394445602188,-0.4902,0,-3.1451,2.583,0,-1.304,2.562,0.0,-1.261,0
1164,0.041593268686170824,-0.4773,0,-3.1521,2.566,0,-1.298,2.547,0.0,-1.261,0
1165,0.054999999999999986,-0.4643,0,-3.1583,2.566,0,-1.306,2.533,0.0,-1.262,1
1166,0.04622769732530513,-0.4508,0,-3.165,2.547,0,-1.298,2.518,0.0,-1.262,0
1167,0.05269724850502182,-0.4372,0,-3.1721,2.531,0,-1.306,2.502,0.0,-1.262,1
1168,0.05060632371551997,-0.4235,0,-3.179,2.512,0,-1.306,2.487,0.0,-1.262,1
1169,0.0434165866921848,-0.4101,0,-3.1859,2.493,0,-1.3,2.472,0.0,-1.262,0
1170,0.05381449618829489,-0.397,0,-3.1932,2.493,0,-1.302,2.457,0.0,-1.262,1
1171,0.051623637996561327,-0.3844,0,-3.1994,2.47,0,-1.306,2.443,0.0,-1.262,1
1172,0.048020828814171995,-0.3713,0,-3.2051,2.454,0,-1.305,2.429,0.0,-1.264,0
1173,0.04606517122512418,-0.3575,0,-3.2119,2.434,0,-1.305,2.413,0.0,-1.264,0
1174,0.04070626487409532,-0.343,0,-3.2193,2.416,0,-1.3,2.397,0.0,-1.264,0
1175,0.053907327887774255,-0.329,0,-3.2266,2.416,0,-1.305,2.381,0.0,-1.264,1
1176,0.054037024344425096,-0.315,0,-3.2338,2.399,0,-1.306,2.365,0.0,-1.264,1
1177,0.040360872141220944,-0.3011,0,-3.2406,2.377,0,-1.295,2.35,0.0,-1.265,0
1178,0.03720215047547671,-0.2879,0,-3.2471,2.357,0,-1.295,2.335,0.0,-1.265,0
1179,0.022803508501982955,-0.2738,0,-3.2535,2.338,0,-1.28,2.32,0.0,-1.266,0
1180,0.03624913792078369,-0.2604,0,-3.26,2.338,0,-1.282,2.305,0.0,-1.267,0
1181,0.03312099032335832,-0.247,0,-3.2667,2.319,0,-1.283,2.29,0.0,-1.267,0
1182,0.03140063693621517,-0.2339,0,-3.273,2.3,0,-1.286,2.275,0.0,-1.267,0
1183,0.028425340807103645,-0.2208,0,-3.2794,2.283,0,-1.286,2.261,0.0,-1.268,0
1184,0.022803508501982605,-0.2076,0,-3.286,2.264,0,-1.282,2.246,0.0,-1.268,0
1185,0.0372155881318565,-0.1945,0,-3.2924,2.264,0,-1.288,2.232,0.0,-1.269,0
1186,0.03466987164671943,-0.1808,0,-3.2989,2.245,0,-1.288,2.216,0.0,-1.269,0
1187,0.03023243291566182,-0.1663,0,-3.3057,2.225,0,-1.287,2.2,0.0,-1.27,0
1188,0.028425340807103645,-0.1515,0,-3.3129,2.206,0,-1.288,2.184,0.0,-1.27,0
1189,0.02247220505424397,-0.1375,0,-3.32,2.187,0,-1.283,2.168,0.0,-1.271,0
1190,0.036400549446402454,-0.1243,0,-3.3267,2.187,0,-1.284,2.153,0.0,-1.271,0
1191,0.030870698080866243,-0.1129,0,-3.3319,2.169,0,-1.285,2.141,0.0,-1.272,0
1192,0.023853720883753086,-0.1036,0,-3.3361,2.151,0,-1.285,2.131,0.0,-1.272,0
1193,0.01941648783894743,-0.0941,0,-3.3402,2.131,0,-1.289,2.12,0.0,-1.273,0
1194,0.02831960451701261,-0.0845,0,-3.3451,2.131,0,-1.292,2.11,0.0,-1.273,0
1195,0.029832867780352778,-0.0731,0,-3.3507,2.12,0,-1.292,2.097,0.0,-1.273,0
1196,0.02860069929215023,-0.0611,0,-3.3561,2.107,0,-1.291,2.084,0.0,-1.274,0
1197,0.02720294101747109,-0.0487,0,-3.3617,2.092,0,-1.291,2.07,0.0,-1.275,0
1198,0.02080865204668474,-0.0357,0,-3.3675,2.073,0,-1.288,2.056,0.0,-1.276,0
1199,0.03443835071544521,-0.023,0,-3.3739,2.073,0,-1.291,2.042,0.0,-1.276,0
1200,0.03301514803843854,-0.0106,0,-3.3796,2.055,0,-1.296,2.028,0.0,-1.277,0
1201,0.02507987240796903,0.0021,0,-3.3855,2.037,0,-1.288,2.014,0.0,-1.278,0
1202,0.021931712199461374,0.0145,0,-3.3908,2.021,0,-1.288,2.001,0.0,-1.279,0
1203,0.01886796226411304,0.0281,0,-3.3971,2.002,0,-1.289,1.986,0.0,-1.279,0
1204,0.032572994949804375,0.0415,0,-3.4036,2.002,0,-1.29,1.971,0.0,-1.28,0
1205,0.03101612483854174,0.0548,0,-3.41,1.985,0,-1.291,1.956,0.0,-1.28,0
1206,0.027730849247724218,0.0677,0,-3.4159,1.967,0,-1.293,1.942,0.0,-1.281,0
1207,0.02459674775249766,0.0804,0,-3.4214,1.95,0,-1.293,1.928,0.0,-1.282,0
1208,0.01500000000000008,0.0928,0,-3.4272,1.927,0,-1.292,1.915,0.0,-1.283,0
1209,0.03138470965295056,0.1059,0,-3.4325,1.927,0,-1.3,1.9,0.0,-1.284,0
1210,0.028301943396169895,0.1188,0,-3.4386,1.91,0,-1.3,1.886,0.0,-1.285,0
1211,0.028653097563788733,0.1312,0,-3.4442,1.898,0,-1.3,1.873,0.0,-1.286,0
1212,0.023853720883753208,0.1437,0,-3.4497,1.879,0,-1.3,1.859,0.0,-1.287,0
1213,0.021931712199461252,0.155,0,-3.4547,1.863,0,-1.303,1.847,0.0,-1.288,0
1214,0.031304951684997084,0.1652,0,-3.4595,1.863,0,-1.302,1.835,0.0,-1.288,0
1215,0.023259406699226135,0.1745,0,-3.4637,1.846,0,-1.299,1.825,0.0,-1.289,0
1216,0.020124611797498176,0.1841,0,-3.4678,1.833,0,-1.298,1.815,0.0,-1.289,0
1217,0.01442220510185597,0.1948,0,-3.4723,1.815,0,-1.298,1.803,0.0,-1.29,0
1218,0.01920937271229865,0.2062,0,-3.4774,1.803,0,-1.306,1.791,0.0,-1.291,0
1219,0.026683328128252692,0.2184,0,-3.4828,1.803,0,-1.298,1.777,0.0,-1.292,0
1220,0.024041630560342562,0.2306,0,-3.4879,1.787,0,-1.3,1.764,0.0,-1.293,0
1221,0.020248456731316672,0.2425,0,-3.4933,1.77,0,-1.301,1.751,0.0,-1.294,0
1222,0.014866068747318347,0.2541,0,-3.4985,1.753,0,-1.3,1.739,0.0,-1.295,0
1223,0.01772004514666923,0.265,0,-3.5034,1.744,0,-1.301,1.727,0.0,-1.296,0
1224,0.032202484376209164,0.2757,0,-3.5084,1.744,0,-1.31,1.715,0.0,-1.296,0
1225,0.027313000567495405,0.2863,0,-3.5124,1.729,0,-1.309,1.704,0.0,-1.298,0
1226,0.025553864678361356,0.2977,0,-3.5171,1.713,0,-1.312,1.691,0.0,-1.299,0
1227,0.01843908891458579,0.3094,0,-3.5219,1.693,0,-1.312,1.679,0.0,-1.3,0
1228,0.015620499351813323,0.3206,0,-3.5267,1.677,0,-1.313,1.667,0.0,-1.301,0
1229,0.019313207915828023,0.3485,0,-3.5393,1.654,0,-1.31,1.636,0.0,-1.303,0
1230,0.03231098884280705,0.3586,0,-3.5438,1.655,0,-1.315,1.625,0.0,-1.303,0
1231,0.02247220505424415,0.369,0,-3.5483,1.635,0,-1.312,1.614,0.0,-1.304,0
1232,0.018788294228055853,0.3798,0,-3.5532,1.619,0,-1.313,1.602,0.0,-1.305,0
1233,0.0199248588451714,0.3898,0,-3.5574,1.61,0,-1.312,1.591,0.0,-1.306,0
1234,0.022022715545545347,0.4008,0,-3.5618,1.596,0,-1.321,1.579,0.0,-1.307,0
1235,0.03046309242345566,0.4116,0,-3.5664,1.596,0,-1.32,1.568,0.0,-1.308,0
1236,0.02720294101747091,0.4213,0,-3.5701,1.579,0,-1.325,1.557,0.0,-1.309,0
1237,0.027459060435492018,0.4307,0,-3.574,1.57,0,-1.325,1.547,0.0,-1.31,0
1238,0.019104973174542742,0.4393,0,-3.5778,1.551,0,-1.325,1.538,0.0,-1.311,0
1239,0.009899494936611518,0.4469,0,-3.581,1.537,0,-1.319,1.53,0.0,-1.312,0
1240,0.021931712199461252,0.4553,0,-3.5844,1.537,0,-1.327,1.521,0.0,-1.312,0
1241,0.021931712199461374,0.4641,0,-3.5882,1.531,0,-1.322,1.511,0.0,-1.313,0
1242,0.02420743687382045,0.4735,0,-3.5922,1.52,0,-1.329,1.501,0.0,-1.314,0
1243,0.020124611797498176,0.4843,0,-3.5953,1.499,0,-1.334,1.49,0.0,-1.316,0
1244,0.024207436873820588,0.4944,0,-3.5981,1.495,0,-1.338,1.48,0.0,-1.319,0
1245,0.02720294101747091,0.5045,0,-3.6013,1.491,0,-1.336,1.469,0.0,-1.32,0
1246,0.022022715545545347,0.513,0,-3.6042,1.477,0,-1.336,1.46,0.0,-1.322,0
1247,0.014212670403551751,0.5218,0,-3.6082,1.462,0,-1.331,1.451,0.0,-1.322,0
1248,0.015811388300841757,0.5301,0,-3.6128,1.454,0,-1.331,1.441,0.0,-1.322,0
1249,0.016401219466856652,0.538,0,-3.6169,1.442,0,-1.335,1.432,0.0,-1.322,0
1250,0.026172504656604745,0.5458,0,-3.6211,1.442,0,-1.34,1.423,0.0,-1.322,0
1251,0.021213203435596444,0.5538,0,-3.6255,1.429,0,-1.337,1.414,0.0,-1.322,0
1252,0.01843908891458579,0.5625,0,-3.6301,1.418,0,-1.334,1.404,0.0,-1.322,0
1253,0.01920937271229865,0.5715,0,-3.635,1.409,0,-1.334,1.394,0.0,-1.322,0
1254,0.02061552812808839,0.5827,0,-3.6407,1.395,0,-1.338,1.382,0.0,-1.322,0
1255,0.03162277660168382,0.5969,0,-3.6485,1.395,0,-1.332,1.365,0.0,-1.322,0
1256,0.04396589587396129,0.6132,0,-3.6573,1.389,0,-1.334,1.347,0.0,-1.321,0
1257,0.031048349392520075,0.6264,0,-3.6619,1.363,0,-1.332,1.333,0.0,-1.324,0
1258,0.0284604989415153,0.6372,0,-3.6695,1.347,0,-1.331,1.32,0.0,-1.322,0
1259,0.026683328128252692,0.6517,0,-3.6769,1.33,0,-1.328,1.304,0.0,-1.322,0
1260,0.05069516742254648,0.6716,0,-3.6884,1.33,0,-1.334,1.281,0.0,-1.321,1
1261,0.06129437168288776,0.7246,0,-3.713,1.283,0,-1.33,1.222,0.0,-1.324,1
1262,0.046615448083226804,0.7581,0,-3.7283,1.229,0,-1.344,1.186,0.0,-1.326,0
1263,0.04176122603564224,0.7967,0,-3.7487,1.182,0,-1.338,1.142,0.0,-1.326,0
1264,0.03733630940518883,0.8149,0,-3.756,1.157,0,-1.341,1.122,0.0,-1.328,0
1265,0.0359026461420324,0.8334,0,-3.7602,1.139,0,-1.341,1.104,0.0,-1.333,0
1266,0.031384709652950364,0.8555,0,-3.7748,1.105,0,-1.346,1.078,0.0,-1.33,0
1267,0.038078865529319536,0.8725,0,-3.7855,1.091,0,-1.348,1.058,0.0,-1.329,0
1268,0.06456004956627595,0.8959,0,-3.7951,1.094,0,-1.349,1.032,0.0,-1.331,1
1269,0.0647610994347689,0.9172,0,-3.8045,1.072,0,-1.348,1.009,0.0,-1.333,1
1270,0.04846648326421048,0.9348,0,-3.8123,1.035,0,-1.352,0.99,0.0,-1.334,0
1271,0.03758989225842504,0.9504,0,-3.8193,1.006,0,-1.353,0.973,0.0,-1.335,0
1272,0.029068883707497294,0.9615,0,-3.8245,0.98,0,-1.358,0.961,0.0,-1.336,0
1273,0.03801315561749641,0.9733,0,-3.8305,0.981,0,-1.353,0.947,0.0,-1.336,0
1274,0.040853396431630884,0.9888,0,-3.8381,0.968,0,-1.351,0.93,0.0,-1.336,0
1275,0.04750789408087876,1.0063,0,-3.8487,0.951,0,-1.359,0.91,0.0,-1.335,0
1276,0.04080441152620636,1.0257,0,-3.857,0.922,0,-1.361,0.889,0.0,-1.337,0
1277,0.0449444101084885,1.0464,0,-3.866,0.908,0,-1.354,0.866,0.0,-1.338,0
1278,0.060207972893961535,1.0625,0,-3.8734,0.908,0,-1.351,0.849,0.0,-1.339,1
1279,0.04919349550499542,1.0759,0,-3.8795,0.878,0,-1.362,0.834,0.0,-1.34,0
1280,0.04118252056394804,1.0876,0,-3.8851,0.857,0,-1.361,0.821,0.0,-1.341,0
1281,0.03689173349139337,1.1008,0,-3.8916,0.837,0,-1.361,0.806,0.0,-1.341,0
1282,0.03667424164178443,1.1156,0,-3.8986,0.823,0,-1.358,0.79,0.0,-1.342,0
1283,0.05408326913195979,1.132,0,-3.9066,0.823,0,-1.36,0.772,0.0,-1.342,1
1284,0.05186520991955984,1.1495,0,-3.9145,0.801,0,-1.36,0.752,0.0,-1.343,1
1285,0.05322593352868505,1.1664,0,-3.9224,0.782,0,-1.367,0.734,0.0,-1.344,1
1286,0.04429446918070029,1.1832,0,-3.93,0.754,0,-1.366,0.715,0.0,-1.345,0
1287,0.03883297567789523,1.1993,0,-3.9375,0.73,0,-1.368,0.698,0.0,-1.346,0
1288,0.055946402922797456,1.2151,0,-3.9446,0.731,0,-1.37,0.68,0.0,-1.347,1
1289,0.050159744815937754,1.2316,0,-3.9517,0.708,0,-1.369,0.662,0.0,-1.349,1
1290,0.04365775990588615,1.2481,0,-3.9593,0.685,0,-1.365,0.644,0.0,-1.35,0
1291,0.03676955262170051,1.264,0,-3.9666,0.661,0,-1.365,0.627,0.0,-1.351,0
1292,0.04060788100849388,1.2798,0,-3.9736,0.642,0,-1.377,0.61,0.0,-1.352,0
1293,0.05375872022286253,1.2962,0,-3.9807,0.643,0,-1.37,0.592,0.0,-1.353,1
1294,0.05099999999999994,1.3117,0,-3.9874,0.62,0,-1.378,0.575,0.0,-1.354,1
1295,0.047010637094172525,1.3274,0,-3.9947,0.599,0,-1.378,0.558,0.0,-1.355,0
1296,0.03996248240537605,1.3434,0,-4.0013,0.574,0,-1.378,0.54,0.0,-1.357,0
1297,0.03413209633175194,1.3598,0,-4.0086,0.552,0,-1.376,0.523,0.0,-1.358,0
1298,0.050566787519082126,1.3756,0,-4.0134,0.552,0,-1.382,0.506,0.0,-1.361,1
1299,0.03744329045369808,1.3844,0,-4.0149,0.529,0,-1.385,0.498,0.0,-1.364,0
1300,0.03231098884280705,1.3913,0,-4.0213,0.501,0,-1.391,0.489,0.0,-1.361,0
1301,0.0360693775937429,1.408,0,-4.0287,0.496,0,-1.389,0.471,0.0,-1.363,0
1302,0.04219004621945796,1.4298,0,-4.0424,0.481,0,-1.383,0.445,0.0,-1.361,0
1303,0.07083784299369933,1.4526,0,-4.0522,0.487,0,-1.386,0.42,0.0,-1.363,1
1304,0.04554119014694275,1.6884,0,-4.1468,0.21,0,-1.404,0.167,0.0,-1.389,0
1305,0.04429446918070027,1.7052,0,-4.1539,0.188,0,-1.411,0.149,0.0,-1.39,0
1306,0.029068883707497196,1.7145,0,-4.1575,0.161,0,-1.41,0.139,0.0,-1.391,0
1307,0.01711724276862359,1.7147,0,-4.1577,0.141,0,-1.408,0.139,0.0,-1.391,0
1308,0.021023796041628545,1.7127,0,-4.1568,0.14,0,-1.412,0.141,0.0,-1.391,0
1309,0.02340939982143926,1.7117,0,-4.1564,0.134,0,-1.413,0.142,0.0,-1.391,0
1310,0.023086792761230403,1.7115,0,-4.1565,0.135,0,-1.413,0.142,0.0,-1.391,0
1311,0.02256102834535697,1.7115,0,-4.1565,0.137,0,-1.413,0.142,0.0,-1.391,0
1312,0.025495097567963834,1.7115,0,-4.1565,0.137,0,-1.416,0.142,0.0,-1.391,0
1313,0.02630589287593183,1.7115,0,-4.1563,0.138,0,-1.417,0.142,0.0,-1.391,0
1314,0.02184032966784146,1.7115,0,-4.1564,0.136,0,-1.412,0.142,0.0,-1.391,0
1315,0.021377558326431855,1.7116,0,-4.1565,0.138,0,-1.412,0.142,0.0,-1.391,0
1316,0.02570992026436479,1.7115,0,-4.1565,0.136,0,-1.416,0.142,0.0,-1.391,0
1317,0.01992485884517118,1.7115,0,-4.1565,0.136,0,-1.41,0.142,0.0,-1.391,0
1318,0.020615528128088315,1.7116,0,-4.1565,0.137,0,-1.411,0.142,0.0,-1.391,0
1319,0.02630589287593183,1.7115,0,-4.1566,0.138,0,-1.417,0.142,0.0,-1.391,0
1320,0.02647640458974747,1.7115,0,-4.1566,0.137,0,-1.417,0.142,0.0,-1.391,0
1321,0.024515301344262542,1.7116,0,-4.1566,0.137,0,-1.415,0.142,0.0,-1.391,0
1322,0.018681541692269415,1.7117,0,-4.1565,0.137,0,-1.409,0.142,0.0,-1.391,0
1323,0.02647640458974747,1.7117,0,-4.1566,0.137,0,-1.417,0.142,0.0,-1.391,0
1324,0.02630589287593183,1.7116,0,-4.1566,0.138,0,-1.417,0.142,0.0,-1.391,0
1325,0.02647640458974747,1.7116,0,-4.1566,0.137,0,-1.417,0.142,0.0,-1.391,0
1326,0.020615528128088315,1.7117,0,-4.1566,0.137,0,-1.411,0.142,0.0,-1.391,0
1327,0.019646882704388403,1.7117,0,-4.1568,0.137,0,-1.41,0.142,0.0,-1.391,0
1328,0.018439088914585785,1.7116,0,-4.1567,0.138,0,-1.409,0.142,0.0,-1.391,0
1329,0.019646882704388403,1.7116,0,-4.1567,0.137,0,-1.41,0.142,0.0,-1.391,0
1330,0.021540659228538026,1.7103,0,-4.1561,0.136,0,-1.411,0.144,0.0,-1.391,0
1331,0.03080584360149883,1.7044,0,-4.1534,0.132,0,-1.415,0.15,0.0,-1.39,0
1332,0.04341658669218491,1.695,0,-4.1488,0.127,0,-1.417,0.161,0.0,-1.39,0
1333,0.054918120870983925,1.6842,0,-4.1431,0.127,0,-1.42,0.173,0.0,-1.39,1
1334,0.05243090691567332,1.6748,0,-4.1381,0.14,0,-1.42,0.183,0.0,-1.39,1
1335,0.037202150475476564,1.6706,0,-4.1361,0.166,0,-1.42,0.188,0.0,-1.39,0
1336,0.026172504656604825,1.6714,0,-4.1365,0.184,0,-1.416,0.187,0.0,-1.39,0
1337,0.028071337695236422,1.6721,0,-4.137,0.184,0,-1.418,0.186,0.0,-1.39,0
1338,0.026019223662515398,1.6723,0,-4.1371,0.187,0,-1.416,0.186,0.0,-1.39,0
1339,0.029017236257093956,1.6723,0,-4.1369,0.187,0,-1.419,0.186,0.0,-1.39,0
1340,0.029017236257093956,1.6722,0,-4.1368,0.187,0,-1.419,0.186,0.0,-1.39,0
1341,0.02400000000000002,1.6721,0,-4.1368,0.186,0,-1.414,0.186,0.0,-1.39,0
1342,0.030000000000000027,1.6722,0,-4.1368,0.186,0,-1.42,0.186,0.0,-1.39,0
1343,0.029000000000000137,1.6723,0,-4.137,0.186,0,-1.419,0.186,0.0,-1.39,0
1344,0.029000000000000137,1.6721,0,-4.1368,0.186,0,-1.419,0.186,0.0,-1.39,0
1345,0.029000000000000137,1.6722,0,-4.1367,0.186,0,-1.419,0.186,0.0,-1.39,0
1346,0.028000000000000025,1.6723,0,-4.137,0.186,0,-1.418,0.186,0.0,-1.39,0
1347,0.02400000000000002,1.6722,0,-4.1368,0.186,0,-1.414,0.186,0.0,-1.39,0
1348,0.030000000000000027,1.6722,0,-4.1369,0.186,0,-1.42,0.186,0.0,-1.39,0
1349,0.029000000000000137,1.6722,0,-4.1367,0.186,0,-1.419,0.186,0.0,-1.39,0
1350,0.029017236257093956,1.6723,0,-4.137,0.185,0,-1.419,0.186,0.0,-1.39,0
1351,0.02300000000000013,1.6721,0,-4.1369,0.186,0,-1.413,0.186,0.0,-1.39,0
1352,0.027000000000000135,1.6722,0,-4.1369,0.186,0,-1.417,0.186,0.0,-1.39,0
1353,0.026000000000000023,1.6721,0,-4.1369,0.186,0,-1.416,0.186,0.0,-1.39,0
1354,0.030000000000000027,1.6723,0,-4.1369,0.186,0,-1.42,0.186,0.0,-1.39,0
1355,0.030000000000000027,1.6722,0,-4.1366,0.186,0,-1.42,0.186,0.0,-1.39,0
1356,0.02402082429892865,1.6723,0,-4.1369,0.187,0,-1.414,0.186,0.0,-1.39,0
1357,0.029017236257093956,1.6722,0,-4.137,0.187,0,-1.419,0.186,0.0,-1.39,0
1358,0.028000000000000025,1.6723,0,-4.1367,0.186,0,-1.418,0.186,0.0,-1.39,0
1359,0.028071337695236422,1.6722,0,-4.1369,0.184,0,-1.418,0.186,0.0,-1.39,0
1360,0.028017851452243826,1.6722,0,-4.1371,0.187,0,-1.418,0.186,0.0,-1.39,0
1361,0.029017236257093956,1.6723,0,-4.1368,0.187,0,-1.419,0.186,0.0,-1.39,0
1362,0.027018512172212728,1.6722,0,-4.1368,0.187,0,-1.417,0.186,0.0,-1.39,0
1363,0.027000000000000135,1.6722,0,-4.137,0.186,0,-1.417,0.186,0.0,-1.39,0
1364,0.02300000000000013,1.6721,0,-4.1367,0.186,0,-1.413,0.186,0.0,-1.39,0
1365,0.02300000000000013,1.6723,0,-4.1369,0.186,0,-1.413,0.186,0.0,-1.39,0
1366,0.030000000000000027,1.6722,0,-4.1369,0.186,0,-1.42,0.186,0.0,-1.39,0
1367,0.02300000000000013,1.6723,0,-4.1371,0.186,0,-1.413,0.186,0.0,-1.39,0
1368,0.027018512172212728,1.6722,0,-4.1367,0.187,0,-1.417,0.186,0.0,-1.39,0
1369,0.02400000000000002,1.6721,0,-4.1369,0.186,0,-1.414,0.186,0.0,-1.39,0
1370,0.02400000000000002,1.6722,0,-4.137,0.186,0,-1.414,0.186,0.0,-1.39,0
1371,0.02300000000000013,1.6722,0,-4.1369,0.186,0,-1.413,0.186,0.0,-1.39,0
1372,0.025000000000000133,1.6723,0,-4.1371,0.186,0,-1.415,0.186,0.0,-1.39,0
1373,0.03200000000000003,1.6723,0,-4.137,0.186,0,-1.422,0.186,0.0,-1.39,0
1374,0.029017236257093956,1.6722,0,-4.1369,0.187,0,-1.419,0.186,0.0,-1.39,0
1375,0.029017236257093956,1.6723,0,-4.137,0.187,0,-1.419,0.186,0.0,-1.39,0
1376,0.02402082429892865,1.6722,0,-4.137,0.185,0,-1.414,0.186,0.0,-1.39,0
1377,0.028017851452243826,1.6723,0,-4.137,0.185,0,-1.418,0.186,0.0,-1.39,0
1378,1.1469999999999998,1.6723,0,-4.137,0.186,0,-0.243,0.186,0.0,-1.39,1
1379,1.1470004359197077,1.6721,0,-4.1371,0.187,0,-0.243,0.186,0.0,-1.39,1
1380,1.081,1.6722,0,-4.137,0.186,0,-0.309,0.186,0.0,-1.39,1
1381,1.0299999999999998,1.6722,0,-4.137,0.186,0,-0.36,0.186,0.0,-1.39,1
1382,1.037000482159965,1.6723,0,-4.1373,0.185,0,-0.352,0.186,0.0,-1.389,1
1383,0.9919999999999999,1.6722,0,-4.1371,0.186,0,-0.398,0.186,0.0,-1.39,1
1384,0.9919999999999999,1.6724,0,-4.137,0.186,0,-0.398,0.186,0.0,-1.39,1
1385,0.8990005561733541,1.6723,0,-4.1372,0.185,0,-0.491,0.186,0.0,-1.39,1
1386,0.8810005675367071,1.6723,0,-4.1373,0.185,0,-0.508,0.186,0.0,-1.389,1
1387,0.8330006002398797,1.6724,0,-4.1373,0.185,0,-0.557,0.186,0.0,-1.39,1
1388,0.7870006353237587,1.6723,0,-4.1372,0.185,0,-0.603,0.186,0.0,-1.39,1
1389,0.02499999999999991,1.6724,0,-4.1375,0.186,0,-1.414,0.186,0.0,-1.389,0
1390,0.028017851452243826,1.6724,0,-4.1375,0.185,0,-1.417,0.186,0.0,-1.389,0
1391,0.026019223662515398,1.6724,0,-4.1374,0.185,0,-1.415,0.186,0.0,-1.389,0
1392,0.026019223662515398,1.6725,0,-4.1375,0.185,0,-1.415,0.186,0.0,-1.389,0
1393,0.03101612483854156,1.6724,0,-4.1374,0.187,0,-1.42,0.186,0.0,-1.389,0
1394,0.030999999999999917,1.6725,0,-4.1376,0.186,0,-1.42,0.186,0.0,-1.389,0
1395,0.028000000000000025,1.6724,0,-4.1373,0.186,0,-1.418,0.186,0.0,-1.39,0
1396,0.02499999999999991,1.6724,0,-4.1376,0.186,0,-1.414,0.186,0.0,-1.389,0
1397,0.03101612483854156,1.6725,0,-4.1376,0.185,0,-1.42,0.186,0.0,-1.389,0
1398,0.028999999999999915,1.6725,0,-4.1375,0.186,0,-1.418,0.186,0.0,-1.389,0
1399,0.029017236257093734,1.6724,0,-4.1375,0.185,0,-1.418,0.186,0.0,-1.389,0
1400,0.026019223662515398,1.6723,0,-4.1375,0.185,0,-1.415,0.186,0.0,-1.389,0
1401,0.026019223662515398,1.6724,0,-4.1375,0.185,0,-1.415,0.186,0.0,-1.389,0
1402,0.02499999999999991,1.6724,0,-4.1374,0.186,0,-1.414,0.186,0.0,-1.389,0
1403,0.02402082429892865,1.6724,0,-4.1376,0.187,0,-1.413,0.186,0.0,-1.389,0
1404,0.02402082429892865,1.6725,0,-4.1377,0.187,0,-1.413,0.186,0.0,-1.389,0
1405,0.030999999999999917,1.6724,0,-4.1377,0.186,0,-1.42,0.186,0.0,-1.389,0
1406,0.026999999999999913,1.6725,0,-4.1376,0.186,0,-1.416,0.186,0.0,-1.389,0
1407,0.02499999999999991,1.6726,0,-4.1377,0.186,0,-1.414,0.186,0.0,-1.389,0
1408,0.026019223662515398,1.6726,0,-4.1377,0.185,0,-1.415,0.186,0.0,-1.389,0
1409,0.026000000000000023,1.6725,0,-4.1376,0.186,0,-1.415,0.186,0.0,-1.389,0
1410,0.027018512172212506,1.6724,0,-4.1375,0.185,0,-1.416,0.186,0.0,-1.389,0
1411,0.027018512172212506,1.6725,0,-4.1377,0.185,0,-1.416,0.186,0.0,-1.389,0
1412,0.028000000000000025,1.6725,0,-4.1379,0.186,0,-1.417,0.186,0.0,-1.389,0
1413,0.02501999200639352,1.6725,0,-4.1378,0.185,0,-1.414,0.186,0.0,-1.389,0
1414,0.02501999200639352,1.6726,0,-4.1377,0.187,0,-1.414,0.186,0.0,-1.389,0
1415,0.030066592756745843,1.6726,0,-4.1378,0.184,0,-1.419,0.186,0.0,-1.389,0
1416,0.025079872407968818,1.6725,0,-4.1376,0.184,0,-1.414,0.186,0.0,-1.389,0
1417,0.03101612483854156,1.6725,0,-4.1378,0.185,0,-1.42,0.186,0.0,-1.389,0
1418,0.028000000000000025,1.6725,0,-4.1378,0.186,0,-1.417,0.186,0.0,-1.389,0
1419,0.028017851452243826,1.6727,0,-4.1379,0.186,0,-1.417,0.185,0.0,-1.389,0
1420,0.03101612483854156,1.6725,0,-4.1378,0.187,0,-1.42,0.186,0.0,-1.389,0
1421,0.026019223662515398,1.6726,0,-4.1378,0.187,0,-1.415,0.186,0.0,-1.389,0
1422,0.029017236257093734,1.6726,0,-4.1378,0.185,0,-1.418,0.186,0.0,-1.389,0
1423,0.029017236257093734,1.6726,0,-4.1379,0.186,0,-1.418,0.185,0.0,-1.389,0
1424,0.029017236257093734,1.6726,0,-4.138,0.186,0,-1.418,0.185,0.0,-1.389,0
1425,0.02499999999999991,1.6724,0,-4.1379,0.186,0,-1.414,0.186,0.0,-1.389,0
1426,0.030000000000000027,1.6725,0,-4.1379,0.186,0,-1.419,0.186,0.0,-1.389,0
1427,0.026076809620810618,1.6726,0,-4.138,0.187,0,-1.415,0.185,0.0,-1.389,0
1428,0.030999999999999917,1.6726,0,-4.138,0.185,0,-1.42,0.185,0.0,-1.389,0
1429,0.03101612483854156,1.6726,0,-4.1379,0.186,0,-1.42,0.185,0.0,-1.389,0
1430,0.0270739727413619,1.9887,0,-3.655,0.132,0,-1.991,0.13,0.0,-1.964,0
1431,0.026076809620810618,1.9887,0,-3.655,0.132,0,-1.99,0.13,0.0,-1.964,0
1432,0.0270739727413619,1.9888,0,-3.655,0.132,0,-1.991,0.13,0.0,-1.964,0
1433,0.029068883707497405,1.9888,0,-3.6548,0.132,0,-1.993,0.13,0.0,-1.964,0
1434,0.030066592756745843,1.9887,0,-3.655,0.132,0,-1.994,0.13,0.0,-1.964,0
1435,0.029068883707497405,1.9887,0,-3.655,0.132,0,-1.993,0.13,0.0,-1.964,0
1436,0.02200000000000002,1.9888,0,-3.6549,0.13,0,-1.986,0.13,0.0,-1.964,0
1437,0.029017236257093956,1.9888,0,-3.655,0.131,0,-1.993,0.13,0.0,-1.964,0
1438,0.02300000000000013,1.9887,0,-3.6549,0.13,0,-1.987,0.13,0.0,-1.964,0
1439,0.02308679276123052,1.9887,0,-3.6549,0.132,0,-1.987,0.13,0.0,-1.964,0
1440,0.025079872407969037,1.9887,0,-3.6549,0.132,0,-1.989,0.13,0.0,-1.964,0
1441,0.027018512172212728,1.9888,0,-3.6549,0.131,0,-1.991,0.13,0.0,-1.964,0
1442,0.029017236257093956,1.9888,0,-3.6548,0.131,0,-1.993,0.13,0.0,-1.964,0
1443,0.029017236257093956,1.9887,0,-3.6549,0.131,0,-1.993,0.13,0.0,-1.964,0
1444,0.02200000000000002,1.9887,0,-3.6549,0.13,0,-1.986,0.13,0.0,-1.964,0
1445,0.026000000000000023,1.9887,0,-3.6549,0.13,0,-1.99,0.13,0.0,-1.964,0
1446,0.027000000000000135,1.9888,0,-3.6549,0.13,0,-1.991,0.13,0.0,-1.964,0
1447,0.027018512172212728,1.9888,0,-3.6548,0.131,0,-1.991,0.13,0.0,-1.964,0
1448,0.027018512172212728,1.9887,0,-3.6548,0.13,0,-1.991,0.131,0.0,-1.964,0
1449,0.02501999200639374,1.9887,0,-3.6549,0.131,0,-1.989,0.13,0.0,-1.964,0
1450,0.030016662039607296,1.9887,0,-3.6549,0.131,0,-1.994,0.13,0.0,-1.964,0
1451,0.02200000000000002,1.9888,0,-3.655,0.13,0,-1.986,0.13,0.0,-1.964,0
1452,0.02501999200639374,1.9887,0,-3.6548,0.132,0,-1.989,0.131,0.0,-1.964,0
1453,0.025000000000000133,1.9887,0,-3.6548,0.131,0,-1.989,0.131,0.0,-1.964,0
1454,0.028017851452243826,1.9887,0,-3.6548,0.132,0,-1.992,0.131,0.0,-1.964,0
1455,0.02308679276123052,1.9888,0,-3.655,0.132,0,-1.987,0.13,0.0,-1.964,0
1456,0.0270739727413619,1.9888,0,-3.6549,0.132,0,-1.991,0.13,0.0,-1.964,0
1457,0.027018512172212728,1.9887,0,-3.6548,0.132,0,-1.991,0.131,0.0,-1.964,0
1458,0.027000000000000135,1.9887,0,-3.6549,0.13,0,-1.991,0.13,0.0,-1.964,0
1459,0.023021728866442808,1.9887,0,-3.6549,0.131,0,-1.987,0.13,0.0,-1.964,0
1460,0.025000000000000133,1.9887,0,-3.6548,0.131,0,-1.989,0.131,0.0,-1.964,0
1461,0.027018512172212728,1.9888,0,-3.655,0.131,0,-1.991,0.13,0.0,-1.964,0
1462,0.030016662039607296,1.9888,0,-3.655,0.131,0,-1.994,0.13,0.0,-1.964,0
1463,0.030000000000000027,1.9888,0,-3.6547,0.13,0,-1.994,0.13,0.0,-1.964,0
1464,0.027000000000000135,1.9888,0,-3.6548,0.13,0,-1.991,0.13,0.0,-1.964,0
1465,0.724,1.9887,0,-3.6549,0.13,0,-1.24,0.13,0.0,-1.964,1
1466,0.7830006385693437,1.9888,0,-3.655,0.129,0,-1.181,0.13,0.0,-1.964,1
1467,0.8340023980780872,1.9887,0,-3.6549,0.132,0,-1.13,0.13,0.0,-1.964,1
1468,0.8340000000000001,1.9887,0,-3.655,0.13,0,-1.13,0.13,0.0,-1.964,1
1469,0.8740005720821925,1.9888,0,-3.6551,0.131,0,-1.09,0.13,0.0,-1.964,1
1470,0.8919999999999999,1.9887,0,-3.6548,0.131,0,-1.072,0.131,0.0,-1.964,1
1471,0.9410021253961119,1.9887,0,-3.655,0.132,0,-1.023,0.13,0.0,-1.964,1
1472,0.9860020283954795,1.9888,0,-3.6549,0.132,0,-0.978,0.13,0.0,-1.964,1
1473,0.986000507099261,1.9888,0,-3.6548,0.131,0,-0.978,0.13,0.0,-1.964,1
1474,1.0560004734847424,1.9887,0,-3.6549,0.131,0,-0.908,0.13,0.0,-1.964,1
1475,1.108,1.9887,0,-3.6548,0.131,0,-0.856,0.131,0.0,-1.964,1
1476,1.1570004321520369,1.9888,0,-3.6549,0.131,0,-0.807,0.13,0.0,-1.964,1
1477,1.209,1.9887,0,-3.6549,0.13,0,-0.755,0.13,0.0,-1.964,1
1478,1.209,1.9888,0,-3.6549,0.13,0,-0.755,0.13,0.0,-1.964,1
1479,1.249000400320192,1.9887,0,-3.6549,0.131,0,-0.715,0.13,0.0,-1.964,1
1480,1.283000389711554,1.9887,0,-3.6549,0.131,0,-0.681,0.13,0.0,-1.964,1
1481,1.3260033936608158,1.9887,0,-3.6548,0.134,0,-0.638,0.131,0.0,-1.964,1
1482,1.350003333329218,1.9888,0,-3.6549,0.133,0,-0.614,0.13,0.0,-1.964,1
1483,1.3500014814806687,1.989,0,-3.6552,0.132,0,-0.614,0.13,0.0,-1.964,1
1484,1.4110014174337318,1.9893,0,-3.6556,0.132,0,-0.552,0.13,0.0,-1.963,1
1485,1.475000338983012,1.9887,0,-3.6546,0.132,0,-0.489,0.131,0.0,-1.964,1
1486,0.03269556544854365,1.9221,0,-3.6227,0.191,0,-1.991,0.204,0.0,-1.961,0
1487,0.03354101966249686,1.9138,0,-3.6183,0.199,0,-1.991,0.214,0.0,-1.961,0
1488,0.033241540277189334,1.9067,0,-3.6144,0.199,0,-1.985,0.222,0.0,-1.961,0
1489,0.033015148038438295,1.9006,0,-3.6119,0.209,0,-1.988,0.228,0.0,-1.961,0
1490,0.025632011235952615,1.8982,0,-3.6113,0.222,0,-1.984,0.231,0.0,-1.96,0
1491,0.026172504656604825,1.8978,0,-3.6109,0.228,0,-1.986,0.231,0.0,-1.96,0
1492,0.02501999200639352,1.8978,0,-3.6107,0.233,0,-1.986,0.232,0.0,-1.961,0
1493,0.02501999200639374,1.8972,0,-3.6104,0.233,0,-1.985,0.232,0.0,-1.96,0
1494,0.02100000000000013,1.8949,0,-3.6096,0.235,0,-1.981,0.235,0.0,-1.96,0
1495,0.023086792761230403,1.8912,0,-3.6078,0.232,0,-1.982,0.239,0.0,-1.96,0
1496,0.024041630560342742,1.8855,0,-3.6052,0.238,0,-1.983,0.245,0.0,-1.96,0
1497,0.0268328157299975,1.8763,0,-3.6006,0.243,0,-1.983,0.255,0.0,-1.959,0
1498,0.036796738985948145,1.8653,0,-3.5948,0.243,0,-1.986,0.268,0.0,-1.959,0
1499,0.040360872141221166,1.8548,0,-3.5899,0.252,0,-1.989,0.279,0.0,-1.959,0
1500,0.0378021163428716,1.8455,0,-3.5854,0.267,0,-1.989,0.29,0.0,-1.959,0
1501,0.03443835071544526,1.8388,0,-3.5821,0.282,0,-1.989,0.297,0.0,-1.958,0
1502,0.02308679276123041,1.8342,0,-3.5796,0.295,0,-1.98,0.302,0.0,-1.958,0
1503,0.023323807579381222,1.8304,0,-3.5776,0.295,0,-1.978,0.307,0.0,-1.958,0
1504,0.028460498941515543,1.8255,0,-3.5752,0.303,0,-1.985,0.312,0.0,-1.958,0
1505,0.0268328157299975,1.8184,0,-3.5723,0.308,0,-1.982,0.32,0.0,-1.958,0
1506,0.030805843601498663,1.8082,0,-3.5676,0.313,0,-1.982,0.331,0.0,-1.957,0
1507,0.03360059523282279,1.7958,0,-3.561,0.325,0,-1.984,0.345,0.0,-1.957,0
1508,0.04500000000000006,1.7822,0,-3.5547,0.324,0,-1.983,0.36,0.0,-1.956,0
1509,0.042201895692018446,1.7694,0,-3.5478,0.34,0,-1.981,0.374,0.0,-1.956,0
1510,0.03400000000000003,1.7577,0,-3.5419,0.358,0,-1.972,0.388,0.0,-1.956,0
1511,0.030528675044947523,1.7465,0,-3.5366,0.374,0,-1.972,0.4,0.0,-1.956,0
1512,0.029068883707497255,1.7359,0,-3.5304,0.393,0,-1.978,0.412,0.0,-1.956,0
1513,0.03689173349139342,1.7253,0,-3.5248,0.393,0,-1.976,0.424,0.0,-1.956,0
1514,0.030886890422961083,1.7142,0,-3.5195,0.409,0,-1.971,0.436,0.0,-1.956,0
1515,0.036796738985948305,1.7033,0,-3.5139,0.422,0,-1.981,0.449,0.0,-1.956,0
1516,0.03676955262170051,1.6911,0,-3.5081,0.436,0,-1.981,0.462,0.0,-1.955,0
1517,0.033421549934136804,1.68,0,-3.5014,0.454,0,-1.982,0.475,0.0,-1.956,0
1518,0.04049691346263316,1.6686,0,-3.4956,0.454,0,-1.978,0.488,0.0,-1.956,0
1519,0.03969886648255845,1.6576,0,-3.4893,0.471,0,-1.982,0.501,0.0,-1.956,0
1520,0.030413812651491127,1.6466,0,-3.4838,0.486,0,-1.97,0.513,0.0,-1.956,0
1521,0.023600847442411914,1.6361,0,-3.4783,0.506,0,-1.97,0.525,0.0,-1.956,0
1522,0.02687005768508891,1.6259,0,-3.4727,0.517,0,-1.975,0.536,0.0,-1.956,0
1523,0.03584689665786987,1.6157,0,-3.4673,0.517,0,-1.974,0.548,0.0,-1.956,0
1524,0.03111269837220812,1.606,0,-3.4618,0.537,0,-1.979,0.559,0.0,-1.957,0
1525,0.029698484809835023,1.5964,0,-3.4571,0.549,0,-1.977,0.57,0.0,-1.956,0
1526,0.0276586333718787,1.587,0,-3.4521,0.562,0,-1.977,0.58,0.0,-1.956,0
1527,0.030232432915662067,1.5776,0,-3.4469,0.574,0,-1.981,0.591,0.0,-1.956,0
1528,0.03612478373637692,1.569,0,-3.4422,0.574,0,-1.981,0.601,0.0,-1.957,0
1529,0.03201562118716419,1.5614,0,-3.4379,0.59,0,-1.982,0.61,0.0,-1.957,0
1530,0.027294688127912387,1.5544,0,-3.434,0.605,0,-1.981,0.618,0.0,-1.957,0
1531,0.0268328157299975,1.5478,0,-3.4304,0.613,0,-1.981,0.625,0.0,-1.957,0
1532,0.02376972864800945,1.5411,0,-3.4264,0.624,0,-1.98,0.633,0.0,-1.958,0
1533,0.02860069929215012,1.5335,0,-3.4227,0.624,0,-1.98,0.641,0.0,-1.957,0
1534,0.027784887978899633,1.5261,0,-3.4186,0.636,0,-1.982,0.65,0.0,-1.958,0
1535,0.028301943396169836,1.5181,0,-3.4145,0.644,0,-1.981,0.659,0.0,-1.957,0
1536,0.027459060435492077,1.5098,0,-3.4098,0.653,0,-1.981,0.668,0.0,-1.958,0
1537,0.025942243542145815,1.5016,0,-3.4054,0.666,0,-1.981,0.678,0.0,-1.958,0
1538,0.03827531841800931,1.4939,0,-3.4009,0.666,0,-1.99,0.687,0.0,-1.958,0
1539,0.029154759474226567,1.4862,0,-3.3966,0.68,0,-1.983,0.695,0.0,-1.958,0
1540,0.028653097563788733,1.479,0,-3.3925,0.69,0,-1.984,0.704,0.0,-1.959,0
1541,0.02773084924772402,1.4716,0,-3.3882,0.7,0,-1.984,0.712,0.0,-1.959,0
1542,0.028231188426986235,1.4642,0,-3.3841,0.71,0,-1.985,0.721,0.0,-1.959,0
1543,0.02983286778035271,1.4566,0,-3.3798,0.71,0,-1.983,0.729,0.0,-1.96,0
1544,0.03220248437620927,1.4486,0,-3.3754,0.72,0,-1.986,0.739,0.0,-1.96,0
1545,0.028284271247461926,1.4406,0,-3.3709,0.728,0,-1.98,0.748,0.0,-1.96,0
1546,0.025612496949731417,1.4324,0,-3.3663,0.741,0,-1.98,0.757,0.0,-1.96,0
1547,0.026076809620810618,1.4245,0,-3.3615,0.752,0,-1.983,0.766,0.0,-1.961,0
1548,0.034058772731852836,1.4168,0,-3.3567,0.753,0,-1.987,0.775,0.0,-1.961,0
1549,0.028284271247461926,1.4093,0,-3.3525,0.764,0,-1.982,0.784,0.0,-1.962,0
1550,0.030528675044947523,1.4018,0,-3.3481,0.777,0,-1.988,0.793,0.0,-1.962,0
1551,0.027513632984395235,1.3943,0,-3.3438,0.792,0,-1.988,0.801,0.0,-1.962,0
1552,0.02720294101747091,1.3869,0,-3.3394,0.802,0,-1.989,0.81,0.0,-1.963,0
1553,0.031906112267087505,1.3795,0,-3.3351,0.802,0,-1.99,0.819,0.0,-1.963,0
1554,0.03140063693621521,1.3719,0,-3.3304,0.808,0,-1.989,0.827,0.0,-1.964,0
1555,0.030016662039607296,1.3643,0,-3.3258,0.821,0,-1.99,0.836,0.0,-1.964,0
1556,0.02941088233970551,1.3567,0,-3.3214,0.828,0,-1.989,0.845,0.0,-1.965,0
1557,0.026570660511172763,1.3492,0,-3.3172,0.845,0,-1.99,0.854,0.0,-1.965,0
1558,0.030805843601498663,1.341,0,-3.3128,0.845,0,-1.99,0.863,0.0,-1.965,0
1559,0.034481879299133364,1.3325,0,-3.3085,0.855,0,-1.995,0.872,0.0,-1.965,0
1560,0.03264965543462895,1.3242,0,-3.3043,0.867,0,-1.994,0.882,0.0,-1.965,0
1561,0.03535533905932751,1.3162,0,-3.3004,0.874,0,-1.995,0.891,0.0,-1.964,0
1562,0.03535533905932749,1.3083,0,-3.2967,0.874,0,-1.989,0.899,0.0,-1.964,0
1563,0.030413812651491127,1.3008,0,-3.2929,0.887,0,-1.986,0.908,0.0,-1.964,0
1564,0.02267156809750937,1.293,0,-3.2893,0.901,0,-1.981,0.916,0.0,-1.964,0
1565,0.023600847442411824,1.285,0,-3.286,0.911,0,-1.982,0.925,0.0,-1.963,0
1566,0.022825424421026676,1.2773,0,-3.2822,0.923,0,-1.982,0.934,0.0,-1.962,0
1567,0.027586228448267466,1.2693,0,-3.2781,0.923,0,-1.981,0.943,0.0,-1.962,0
1568,0.02831960451701261,1.2611,0,-3.2741,0.931,0,-1.981,0.952,0.0,-1.962,0
1569,0.024207436873820518,1.2523,0,-3.2698,0.946,0,-1.981,0.961,0.0,-1.962,0
1570,0.02687005768508891,1.2437,0,-3.2652,0.952,0,-1.981,0.971,0.0,-1.962,0
1571,0.02080865204668474,1.2352,0,-3.2612,0.969,0,-1.978,0.981,0.0,-1.961,0
1572,0.028319604517012542,1.2272,0,-3.2572,0.969,0,-1.98,0.99,0.0,-1.961,0
1573,0.02860069929215014,1.219,0,-3.2531,0.976,0,-1.978,0.999,0.0,-1.961,0
1574,0.02483948469674838,1.2101,0,-3.2487,0.99,0,-1.977,1.009,0.0,-1.961,0
1575,0.02262741699796954,1.2009,0,-3.2439,1.003,0,-1.977,1.019,0.0,-1.961,0
1576,0.016999999999999918,1.0682,0,-3.1727,1.155,0,-1.97,1.17,0.0,-1.962,0
1577,0.017888543819998336,1.0662,0,-3.173,1.155,0,-1.969,1.171,0.0,-1.961,0
1578,0.022022715545545173,1.0595,0,-3.1699,1.165,0,-1.978,1.179,0.0,-1.961,0
1579,0.0270185121722126,1.0474,0,-3.1636,1.171,0,-1.977,1.192,0.0,-1.96,0
1580,0.04308131845707607,1.0327,0,-3.1553,1.169,0,-1.977,1.209,0.0,-1.961,0
1581,0.03671511950137167,1.0161,0,-3.1477,1.195,0,-1.978,1.227,0.0,-1.96,0
1582,0.04924428900898047,1.0043,0,-3.1463,1.195,0,-1.98,1.238,0.0,-1.956,0
1583,0.030000000000000023,0.9982,0,-3.1413,1.222,0,-1.975,1.246,0.0,-1.957,0
1584,0.021840329667841468,0.9929,0,-3.1377,1.232,0,-1.952,1.253,0.0,-1.958,0
1585,0.014317821063276264,0.985,0,-3.1336,1.248,0,-1.952,1.261,0.0,-1.958,0
1586,0.01649242250247066,0.9758,0,-3.1293,1.256,0,-1.962,1.272,0.0,-1.958,0
1587,0.031764760348537154,0.9648,0,-3.124,1.256,0,-1.972,1.284,0.0,-1.957,0
1588,0.04301162633521331,0.9495,0,-3.1148,1.261,0,-1.971,1.302,0.0,-1.958,0
1589,0.03157530680769403,0.9412,0,-3.1049,1.283,0,-1.969,1.314,0.0,-1.963,0
1590,0.020223748416156685,0.9353,0,-3.0996,1.301,0,-1.968,1.321,0.0,-1.965,0
1591,0.02059126028197402,0.9286,0,-3.095,1.311,0,-1.976,1.329,0.0,-1.966,0
1592,0.0352278299076172,0.9188,0,-3.0903,1.311,0,-1.986,1.34,0.0,-1.966,0
1593,0.03360059523282301,0.9057,0,-3.0852,1.327,0,-1.984,1.354,0.0,-1.964,0
1594,0.04596737973824494,0.8881,0,-3.0854,1.337,0,-1.988,1.37,0.0,-1.956,0
1595,0.0490917508345342,0.8766,0,-3.0868,1.352,0,-1.99,1.379,0.0,-1.949,0
1596,0.040718546143004755,0.8669,0,-3.0809,1.374,0,-1.987,1.391,0.0,-1.95,0
1597,0.053712196007983284,0.8585,0,-3.0779,1.373,0,-1.995,1.399,0.0,-1.948,1
1598,0.03400000000000003,0.8497,0,-3.0737,1.379,0,-1.964,1.409,0.0,-1.948,0
1599,0.050537115073973106,0.8412,0,-3.0683,1.396,0,-1.994,1.419,0.0,-1.949,1
1600,0.0511077293567226,0.8315,0,-3.0616,1.405,0,-1.994,1.431,0.0,-1.95,1
1601,0.04482186966203006,0.8223,0,-3.0508,1.416,0,-1.991,1.444,0.0,-1.956,0
1602,0.04237924020083422,0.8115,0,-3.0455,1.416,0,-1.941,1.456,0.0,-1.955,0
1603,0.037161808352124084,0.8028,0,-3.0411,1.432,0,-1.97,1.466,0.0,-1.955,0
1604,0.023323807579381222,0.7961,0,-3.0374,1.453,0,-1.967,1.473,0.0,-1.955,0
1605,0.024186773244895765,0.7898,0,-3.0338,1.46,0,-1.967,1.481,0.0,-1.955,0
1606,0.021189620100417073,0.7799,0,-3.0292,1.472,0,-1.962,1.492,0.0,-1.955,0
1607,0.03420526275297404,0.7681,0,-3.0229,1.472,0,-1.964,1.505,0.0,-1.955,0
1608,0.034785054261852064,0.7564,0,-3.0164,1.485,0,-1.966,1.518,0.0,-1.955,0
1609,0.03733630940518883,0.7455,0,-3.0105,1.496,0,-1.968,1.531,0.0,-1.955,0
1610,0.031384709652950565,0.7355,0,-3.005,1.513,0,-1.968,1.542,0.0,-1.956,0
1611,0.024351591323771758,0.7261,0,-2.9998,1.53,0,-1.964,1.553,0.0,-1.956,0
1612,0.03420526275297409,0.7169,0,-2.9948,1.53,0,-1.965,1.563,0.0,-1.956,0
1613,0.027294688127912435,0.7073,0,-2.9898,1.55,0,-1.969,1.574,0.0,-1.956,0
1614,0.02376972864800949,0.6973,0,-2.9847,1.563,0,-1.965,1.585,0.0,-1.956,0
1615,0.030364452901377906,0.6866,0,-2.9792,1.568,0,-1.965,1.597,0.0,-1.956,0
1616,0.04295346318982912,0.676,0,-2.9732,1.568,0,-1.965,1.61,0.0,-1.956,0
1617,0.03883297567789523,0.6665,0,-2.9673,1.583,0,-1.965,1.621,0.0,-1.957,0
1618,0.03361547262794319,0.6558,0,-2.9622,1.602,0,-1.969,1.633,0.0,-1.956,0
1619,0.03687817782917158,0.645,0,-2.9565,1.609,0,-1.965,1.645,0.0,-1.957,0
1620,0.029410882339705544,0.6341,0,-2.9511,1.629,0,-1.965,1.657,0.0,-1.956,0
1621,0.0411096095821889,0.6241,0,-2.9459,1.629,0,-1.969,1.668,0.0,-1.956,0
1622,0.05080354318352222,0.6144,0,-2.9408,1.629,0,-1.965,1.679,0.0,-1.956,1
1623,0.03257299494980459,0.6051,0,-2.9362,1.659,0,-1.966,1.69,0.0,-1.956,0
1624,0.035846896657869776,0.5954,0,-2.9312,1.667,0,-1.97,1.7,0.0,-1.956,0
1625,0.030413812651491026,0.5852,0,-2.9259,1.685,0,-1.97,1.712,0.0,-1.956,0
1626,0.04026164427839472,0.5748,0,-2.9201,1.685,0,-1.966,1.724,0.0,-1.956,0
1627,0.044147480109288165,0.5642,0,-2.9143,1.693,0,-1.966,1.736,0.0,-1.956,0
1628,0.04052159917870952,0.5539,0,-2.9084,1.709,0,-1.968,1.748,0.0,-1.957,0
1629,0.036687872655688174,0.5439,0,-2.9031,1.724,0,-1.968,1.759,0.0,-1.957,0
1630,0.03046309242345566,0.5338,0,-2.8983,1.742,0,-1.968,1.77,0.0,-1.956,0
1631,0.040024992192378955,0.5241,0,-2.8933,1.742,0,-1.965,1.781,0.0,-1.956,0
1632,0.037363083384538844,0.5137,0,-2.8879,1.757,0,-1.966,1.793,0.0,-1.956,0
1633,0.04396589587396129,0.5016,0,-2.8819,1.764,0,-1.969,1.806,0.0,-1.956,0
1634,0.042059481689626255,0.4873,0,-2.8741,1.783,0,-1.969,1.823,0.0,-1.956,0
1635,0.04295346318982907,0.4711,0,-2.8646,1.8,0,-1.966,1.842,0.0,-1.957,0
1636,0.060406953242155864,0.4545,0,-2.8561,1.8,0,-1.964,1.86,0.0,-1.957,1
1637,0.058549124673217844,0.438,0,-2.8469,1.821,0,-1.965,1.879,0.0,-1.957,1
1638,0.05578530272392546,0.4222,0,-2.8384,1.843,0,-1.971,1.897,0.0,-1.957,1
1639,0.049729267036625495,0.4081,0,-2.8304,1.865,0,-1.971,1.913,0.0,-1.958,0
1640,0.044011362169330916,0.3942,0,-2.8227,1.888,0,-1.974,1.929,0.0,-1.958,0
1641,0.05742821606144507,0.3802,0,-2.8148,1.888,0,-1.966,1.945,0.0,-1.959,1
1642,0.05316013544000796,0.366,0,-2.8065,1.911,0,-1.974,1.962,0.0,-1.959,1
1643,0.048083261120685276,0.3514,0,-2.7981,1.932,0,-1.974,1.978,0.0,-1.96,0
1644,0.048083261120685276,0.3367,0,-2.79,1.949,0,-1.974,1.995,0.0,-1.96,0
1645,0.041593268686170755,0.3214,0,-2.7817,1.972,0,-1.968,2.013,0.0,-1.961,0
1646,0.058855755878248484,0.3064,0,-2.773,1.972,0,-1.971,2.03,0.0,-1.961,1
1647,0.056718603649949,0.2917,0,-2.7649,1.991,0,-1.971,2.047,0.0,-1.962,1
1648,0.05178802950489638,0.2771,0,-2.7565,2.013,0,-1.971,2.064,0.0,-1.962,1
1649,0.045705579528105694,0.2628,0,-2.748,2.035,0,-1.971,2.08,0.0,-1.963,0
1650,0.03981205847478891,0.2483,0,-2.7395,2.058,0,-1.972,2.097,0.0,-1.964,0
1651,0.05573149917237124,0.2344,0,-2.7312,2.058,0,-1.974,2.113,0.0,-1.965,1
1652,0.052886671288709566,0.2199,0,-2.7237,2.078,0,-1.979,2.129,0.0,-1.965,1
1653,0.04729693436154167,0.2055,0,-2.716,2.1,0,-1.976,2.146,0.0,-1.965,0
1654,0.04438468204234398,0.1907,0,-2.7076,2.12,0,-1.976,2.163,0.0,-1.965,0
1655,0.039560080889705244,0.1758,0,-2.699,2.142,0,-1.977,2.18,0.0,-1.966,0
1656,0.05675385449465101,0.1608,0,-2.6905,2.142,0,-1.981,2.197,0.0,-1.967,1
1657,0.05348831648126554,0.1467,0,-2.6828,2.163,0,-1.986,2.213,0.0,-1.967,1
1658,0.0524785670536076,0.1326,0,-2.6757,2.184,0,-1.994,2.229,0.0,-1.967,1
1659,0.04992995093127988,0.1182,0,-2.6678,2.203,0,-1.994,2.245,0.0,-1.967,0
1660,0.05303772242470428,0.1035,0,-2.6593,2.225,0,-2.006,2.262,0.0,-1.968,1
1661,0.06661080993352349,0.089,0,-2.6507,2.225,0,-2.007,2.279,0.0,-1.968,1
1662,0.06300793600809304,0.0745,0,-2.6429,2.245,0,-2.006,2.296,0.0,-1.969,1
1663,0.06030754513325836,0.0598,0,-2.6356,2.266,0,-2.007,2.312,0.0,-1.968,1
1664,0.055865910893853815,0.0453,0,-2.628,2.289,0,-2.007,2.329,0.0,-1.968,1
1665,0.05093132631298725,0.0313,0,-2.6199,2.31,0,-2.006,2.345,0.0,-1.969,1
1666,0.06020797289396151,0.0171,0,-2.6118,2.31,0,-2.001,2.361,0.0,-1.969,1
1667,0.05841232746604067,0.0029,0,-2.6039,2.331,0,-2.006,2.377,0.0,-1.97,1
1668,0.05603570290448771,-0.0117,0,-2.596,2.348,0,-2.002,2.394,0.0,-1.97,1
1669,0.05060632371551996,-0.0261,0,-2.5881,2.37,0,-2.001,2.41,0.0,-1.97,1
1670,0.053075418038862524,-0.0619,0,-2.5684,2.412,0,-2.007,2.451,0.0,-1.971,1
1671,0.05232590180780441,-0.0761,0,-2.5601,2.431,0,-2.009,2.468,0.0,-1.972,1
1672,0.06041522986797265,-0.0907,0,-2.5515,2.431,0,-2.002,2.484,0.0,-1.973,1
1673,0.05907622195096749,-0.1052,0,-2.5429,2.452,0,-2.006,2.501,0.0,-1.973,1
1674,0.05440588203494169,-0.119,0,-2.535,2.473,0,-2.006,2.517,0.0,-1.974,1
1675,0.04904079934095672,-0.1328,0,-2.5274,2.495,0,-2.005,2.533,0.0,-1.974,0
1676,0.04879549159502337,-0.146,0,-2.5198,2.514,0,-2.01,2.548,0.0,-1.975,0
1677,0.06103277807866881,-0.1592,0,-2.5117,2.514,0,-2.011,2.564,0.0,-1.976,1
1678,0.05580322571321494,-0.1723,0,-2.5034,2.534,0,-2.01,2.579,0.0,-1.977,1
1679,0.05390732788777445,-0.186,0,-2.4954,2.554,0,-2.013,2.595,0.0,-1.978,1
1680,0.05020956084253273,-0.2,0,-2.4875,2.575,0,-2.013,2.611,0.0,-1.978,1
1681,0.06105735008989467,-0.2135,0,-2.4797,2.575,0,-2.011,2.627,0.0,-1.979,1
1682,0.05964059020499361,-0.2272,0,-2.472,2.593,0,-2.013,2.642,0.0,-1.979,1
1683,0.05580322571321472,-0.2408,0,-2.4638,2.613,0,-2.013,2.658,0.0,-1.98,1
1684,0.052009614495783195,-0.2542,0,-2.4554,2.633,0,-2.014,2.674,0.0,-1.982,1
1685,0.046010868281309014,-0.2675,0,-2.4466,2.656,0,-2.014,2.69,0.0,-1.983,0
1686,0.05883026432033083,-0.2813,0,-2.438,2.656,0,-2.015,2.706,0.0,-1.984,1
1687,0.05580322571321459,-0.2951,0,-2.43,2.677,0,-2.018,2.722,0.0,-1.985,1
1688,0.05220153254455291,-0.3082,0,-2.4225,2.695,0,-2.017,2.737,0.0,-1.986,1
1689,0.046754678910243555,-0.3213,0,-2.4148,2.717,0,-2.017,2.752,0.0,-1.986,0
1690,0.04313930922024563,-0.3341,0,-2.4068,2.736,0,-2.017,2.767,0.0,-1.987,0
1691,0.056302753041036824,-0.3475,0,-2.3987,2.736,0,-2.019,2.783,0.0,-1.988,1
1692,0.05672741841473126,-0.3613,0,-2.3902,2.756,0,-2.026,2.799,0.0,-1.989,1
1693,0.05326349594234306,-0.3753,0,-2.3821,2.774,0,-2.024,2.815,0.0,-1.99,1
1694,0.05232590180780441,-0.3891,0,-2.3739,2.794,0,-2.028,2.831,0.0,-1.991,1
1695,0.04883646178829909,-0.4027,0,-2.3659,2.814,0,-2.028,2.847,0.0,-1.992,0
1696,0.060802960454241,-0.4162,0,-2.3579,2.814,0,-2.028,2.863,0.0,-1.992,1
1697,0.057628118136895466,-0.4295,0,-2.3494,2.833,0,-2.03,2.878,0.0,-1.994,1
1698,0.054561891462814927,-0.4429,0,-2.3413,2.853,0,-2.031,2.894,0.0,-1.995,1
1699,0.05093132631298741,-0.4564,0,-2.333,2.873,0,-2.031,2.91,0.0,-1.996,1
1700,0.04951767361255998,-0.4707,0,-2.3254,2.892,0,-2.032,2.926,0.0,-1.996,0
1701,0.06403124237432871,-0.4849,0,-2.318,2.892,0,-2.036,2.942,0.0,-1.996,1
1702,0.05981638571495279,-0.4987,0,-2.3109,2.911,0,-2.033,2.958,0.0,-1.996,1
1703,0.05467174773134653,-0.5123,0,-2.3036,2.931,0,-2.031,2.973,0.0,-1.996,1
1704,0.051623637996561195,-0.5262,0,-2.2966,2.952,0,-2.032,2.989,0.0,-1.996,1
1705,0.05032891812864628,-0.5404,0,-2.2897,2.971,0,-2.033,3.004,0.0,-1.995,1
1706,0.06200806399170995,-0.5549,0,-2.2832,2.971,0,-2.032,3.02,0.0,-1.994,1
1707,0.05903388857258172,-0.5688,0,-2.2757,2.99,0,-2.031,3.036,0.0,-1.994,1
1708,0.04981967482832466,-0.5829,0,-2.2686,3.013,0,-2.025,3.052,0.0,-1.994,0
1709,0.04675467891024389,-0.5971,0,-2.2611,3.033,0,-2.025,3.068,0.0,-1.994,0
1710,0.042201895692018175,-0.6052,0,-2.2544,3.053,0,-2.03,3.078,0.0,-1.996,0
1711,0.046690470119715215,-0.6131,0,-2.2501,3.053,0,-2.028,3.087,0.0,-1.996,0
1712,0.04883646178829909,-0.6259,0,-2.2433,3.069,0,-2.032,3.102,0.0,-1.996,0
1713,0.05234500931320949,-0.6406,0,-2.2362,3.08,0,-2.032,3.118,0.0,-1.996,1
1714,0.0530377224247046,-0.6572,0,-2.2279,3.098,0,-2.032,3.136,0.0,-1.995,1
1715,0.05162363799656088,-0.6737,0,-2.2186,3.119,0,-2.033,3.155,0.0,-1.996,1
1716,0.06741661516273266,-0.6915,0,-2.2092,3.119,0,-2.032,3.176,0.0,-1.996,1
1717,0.06435060217278486,-0.7105,0,-2.1986,3.143,0,-2.032,3.197,0.0,-1.997,1
1718,0.05685947590331814,-0.7233,0,-2.1895,3.166,0,-2.031,3.213,0.0,-1.999,1
1719,0.038078865529319314,-0.7376,0,-2.1767,3.212,0,-2.036,3.231,0.0,-2.003,0
1720,0.05162363799656088,-0.7669,0,-2.1618,3.228,0,-2.04,3.264,0.0,-2.003,1
1721,0.07660939890117904,-0.8265,0,-2.1395,3.265,0,-2.04,3.327,0.0,-1.995,1
1722,0.06435060217278465,-0.8459,0,-2.1313,3.303,0,-2.039,3.348,0.0,-1.993,1
1723,0.04883646178829938,-0.8615,0,-2.1254,3.332,0,-2.027,3.365,0.0,-1.991,0
1724,0.0544518135602479,-0.869,0,-2.1258,3.332,0,-2.025,3.371,0.0,-1.987,1
1725,0.04382921400162205,-0.8756,0,-2.1246,3.353,0,-2.021,3.378,0.0,-1.985,0
1726,0.041400483088968786,-0.8863,0,-2.1204,3.364,0,-2.017,3.389,0.0,-1.984,0
1727,0.04738143096192834,-0.9021,0,-2.1117,3.374,0,-2.018,3.407,0.0,-1.984,0
1728,0.0461410879802373,-0.9179,0,-2.0936,3.39,0,-2.016,3.43,0.0,-1.993,0
1729,0.05603570290448783,-1.0813,0,-2.0145,3.565,0,-2.019,3.611,0.0,-1.987,1
1730,0.04816637831516923,-1.0949,0,-2.0076,3.59,0,-2.019,3.626,0.0,-1.987,0
1731,0.051088159097779064,-1.1084,0,-2.0008,3.603,0,-2.019,3.642,0.0,-1.986,1
1732,0.06140032573203491,-1.1216,0,-1.994,3.603,0,-2.017,3.656,0.0,-1.986,1
1733,0.059363288318623066,-1.1349,0,-1.9874,3.621,0,-2.018,3.671,0.0,-1.986,1
1734,0.05080354318352211,-1.1489,0,-1.98,3.646,0,-2.016,3.687,0.0,-1.986,1
1735,0.04763402145525817,-1.1631,0,-1.9726,3.666,0,-2.016,3.703,0.0,-1.986,0
1736,0.05243090691567309,-1.1769,0,-1.9649,3.676,0,-2.016,3.719,0.0,-1.986,1
1737,0.06536818798161673,-1.1892,0,-1.9587,3.676,0,-2.018,3.733,0.0,-1.986,1
1738,0.05341348144429486,-1.1994,0,-1.9533,3.702,0,-2.019,3.744,0.0,-1.986,1
1739,0.04601086828130917,-1.2078,0,-1.9489,3.72,0,-2.017,3.754,0.0,-1.986,0
1740,0.04110960958218896,-1.2157,0,-1.945,3.735,0,-2.017,3.762,0.0,-1.986,0
1741,0.04318564576337817,-1.2247,0,-1.9401,3.744,0,-2.018,3.773,0.0,-1.986,0
1742,0.05122499389946235,-1.2347,0,-1.9349,3.744,0,-2.018,3.784,0.0,-1.986,1
1743,0.049203658400569956,-1.2448,0,-1.929,3.757,0,-2.016,3.796,0.0,-1.986,0
1744,0.04560701700396556,-1.2518,0,-1.9252,3.768,0,-2.015,3.804,0.0,-1.987,0
1745,0.03889730067755356,-1.2532,0,-1.9244,3.778,0,-2.015,3.805,0.0,-1.987,0
1746,0.0351140997321588,-1.2519,0,-1.9251,3.792,0,-2.02,3.804,0.0,-1.987,0
1747,0.03067572330035614,-1.2505,0,-1.9261,3.792,0,-2.015,3.802,0.0,-1.986,0
1748,0.03206243908376261,-1.2432,0,-1.9304,3.792,0,-2.018,3.794,0.0,-1.986,0
1749,0.03546829570193649,-1.2284,0,-1.9387,3.79,0,-2.019,3.777,0.0,-1.986,0
1750,0.039446165846632075,-1.2089,0,-1.9495,3.774,0,-2.019,3.754,0.0,-1.985,0
1751,0.039999999999999855,-1.1876,0,-1.9607,3.754,0,-2.017,3.73,0.0,-1.985,0
1752,0.05661271941887232,-1.1678,0,-1.9714,3.754,0,-2.018,3.708,0.0,-1.985,1
1753,0.05280151512977622,-1.1505,0,-1.981,3.73,0,-2.016,3.688,0.0,-1.984,1
1754,0.043863424398922504,-1.1361,0,-1.9889,3.702,0,-2.016,3.672,0.0,-1.984,0
1755,0.035341194094144664,-1.1237,0,-1.9954,3.673,0,-2.016,3.658,0.0,-1.984,0
1756,0.031016124838541607,-1.111,0,-2.0024,3.654,0,-2.013,3.643,0.0,-1.984,0
1757,0.040360872141221076,-1.0963,0,-2.0099,3.654,0,-2.014,3.627,0.0,-1.984,0
1758,0.04468780594300845,-1.0802,0,-2.0181,3.643,0,-2.013,3.609,0.0,-1.984,0
1759,0.040360872141221076,-1.0637,0,-2.0276,3.617,0,-2.013,3.59,0.0,-1.983,0
1760,0.04601086828130931,-1.047,0,-2.0368,3.601,0,-2.017,3.57,0.0,-1.983,0
1761,0.03894868418830079,-1.031,0,-2.0454,3.571,0,-2.017,3.552,0.0,-1.983,0
1762,0.05024937810560459,-1.0147,0,-2.0535,3.571,0,-2.017,3.534,0.0,-1.983,1
1763,0.04904079934095657,-0.999,0,-2.0618,3.554,0,-2.014,3.516,0.0,-1.983,0
1764,0.044553338819890737,-0.9838,0,-2.0702,3.531,0,-2.014,3.499,0.0,-1.983,0
1765,0.04482186966202944,-0.9689,0,-2.0782,3.51,0,-2.018,3.482,0.0,-1.983,0
1766,0.056400354608814124,-0.9541,0,-2.0861,3.51,0,-2.017,3.465,0.0,-1.983,1
1767,0.048795491595023374,-0.9395,0,-2.0939,3.484,0,-2.017,3.449,0.0,-1.983,0
1768,0.047423622805517464,-0.924,0,-2.1023,3.463,0,-2.017,3.431,0.0,-1.982,0
1769,0.04687216658103194,-0.9138,0,-2.1142,3.443,0,-2.016,3.417,0.0,-1.977,0
1770,0.04438468204234419,-0.9036,0,-2.121,3.421,0,-2.016,3.404,0.0,-1.975,0
1771,0.05044799302251754,-0.8902,0,-2.1281,3.421,0,-2.014,3.389,0.0,-1.975,1
1772,0.053740115370177345,-0.873,0,-2.1379,3.407,0,-2.013,3.369,0.0,-1.975,1
1773,0.04939635614091373,-0.8519,0,-2.141,3.391,0,-2.008,3.349,0.0,-1.982,0
1774,0.0511077293567226,-0.8309,0,-2.1516,3.37,0,-2.008,3.326,0.0,-1.982,1
1775,0.04172529209004978,-0.8151,0,-2.1561,3.34,0,-2.014,3.31,0.0,-1.985,0
1776,0.04701063709417252,-0.808,0,-2.157,3.34,0,-2.017,3.303,0.0,-1.988,0
1777,0.040718546143004554,-0.8032,0,-2.1599,3.314,0,-2.025,3.297,0.0,-1.988,0
1778,0.04026164427839445,-0.7989,0,-2.1669,3.3,0,-2.022,3.29,0.0,-1.983,0
1779,0.042449970553582204,-0.7941,0,-2.1735,3.294,0,-2.021,3.283,0.0,-1.98,0
1780,0.04016217125604655,-0.7852,0,-2.1803,3.285,0,-2.016,3.272,0.0,-1.978,0
1781,0.04810405388322296,-0.7675,0,-2.1895,3.285,0,-2.013,3.252,0.0,-1.978,0
1782,0.05866856057549033,-0.7391,0,-2.1957,3.275,0,-2.015,3.224,0.0,-1.986,1
1783,0.0724982758415673,-0.7077,0,-2.2114,3.255,0,-2.016,3.189,0.0,-1.986,1
1784,0.07068238818828913,-0.6799,0,-2.2256,3.222,0,-2.017,3.158,0.0,-1.987,1
1785,0.05326349594234292,-0.6618,0,-2.2343,3.179,0,-2.022,3.138,0.0,-1.988,1
1786,0.06352952069707392,-0.6484,0,-2.2405,3.179,0,-2.018,3.123,0.0,-1.988,1
1787,0.05234500931320934,-0.6356,0,-2.2468,3.147,0,-2.025,3.109,0.0,-1.989,1
1788,0.047507894080878466,-0.6231,0,-2.2528,3.126,0,-2.025,3.095,0.0,-1.989,0
1789,0.04263801121065571,-0.6099,0,-2.2579,3.108,0,-2.024,3.081,0.0,-1.991,0
1790,0.04045985664828763,-0.5981,0,-2.2648,3.093,0,-2.021,3.067,0.0,-1.99,0
1791,0.05186520991955983,-0.583,0,-2.2721,3.093,0,-2.02,3.05,0.0,-1.991,1
1792,0.05280151512977622,-0.5662,0,-2.2798,3.074,0,-2.024,3.032,0.0,-1.992,1
1793,0.054644304369256776,-0.5269,0,-2.2971,3.034,0,-2.026,2.989,0.0,-1.995,1
1794,0.04891829923453999,-0.5117,0,-2.3041,3.009,0,-2.028,2.972,0.0,-1.996,0
1795,0.043840620433565985,-0.4963,0,-2.3108,2.986,0,-2.028,2.955,0.0,-1.997,0
1796,0.04313930922024579,-0.4799,0,-2.3177,2.968,0,-2.029,2.938,0.0,-1.998,0
1797,0.058523499553598084,-0.463,0,-2.3251,2.968,0,-2.032,2.919,0.0,-2.0,1
1798,0.057008771254957284,-0.4463,0,-2.3327,2.946,0,-2.036,2.901,0.0,-2.001,1
1799,0.05185556864985695,-0.4299,0,-2.3401,2.923,0,-2.035,2.883,0.0,-2.002,1
1800,0.04738143096192834,-0.4145,0,-2.3472,2.9,0,-2.036,2.866,0.0,-2.003,0
1801,0.04482186966203006,-0.3993,0,-2.3538,2.878,0,-2.039,2.85,0.0,-2.004,0
1802,0.05841232746604116,-0.3834,0,-2.3605,2.878,0,-2.041,2.832,0.0,-2.005,1
1803,0.05390732788777396,-0.3669,0,-2.3677,2.855,0,-2.042,2.814,0.0,-2.007,1
1804,0.05303772242470428,-0.3502,0,-2.3744,2.835,0,-2.046,2.797,0.0,-2.009,1
1805,0.051224993899462834,-0.3336,0,-2.3813,2.811,0,-2.05,2.779,0.0,-2.01,1
1806,0.048600411520891534,-0.3172,0,-2.3883,2.79,0,-2.051,2.761,0.0,-2.012,0
1807,0.05981638571495279,-0.3012,0,-2.3956,2.79,0,-2.05,2.743,0.0,-2.013,1
1808,0.05748912940721922,-0.2853,0,-2.4034,2.77,0,-2.05,2.726,0.0,-2.013,1
1809,0.05869412236331657,-0.2697,0,-2.4125,2.749,0,-2.054,2.708,0.0,-2.012,1
1810,0.053600373133029365,-0.2548,0,-2.4218,2.722,0,-2.054,2.69,0.0,-2.011,1
1811,0.05408326913196004,-0.2396,0,-2.4308,2.702,0,-2.055,2.672,0.0,-2.01,1
1812,0.06576473218982982,-0.2244,0,-2.44,2.702,0,-2.055,2.655,0.0,-2.009,1
1813,0.062289646009589486,-0.2094,0,-2.449,2.679,0,-2.054,2.637,0.0,-2.008,1
1814,0.05685068161420763,-0.1943,0,-2.4577,2.656,0,-2.051,2.62,0.0,-2.007,1
1815,0.05440588203494182,-0.1788,0,-2.4664,2.634,0,-2.051,2.602,0.0,-2.007,1
1816,0.052697248505021575,-0.1635,0,-2.4752,2.613,0,-2.05,2.584,0.0,-2.006,1
1817,0.06435060217278481,-0.1484,0,-2.4837,2.613,0,-2.051,2.567,0.0,-2.006,1
1818,0.058898217290509,-0.1328,0,-2.4924,2.587,0,-2.05,2.549,0.0,-2.005,1
1819,0.054561891462814927,-0.1173,0,-2.5014,2.567,0,-2.046,2.531,0.0,-2.005,1
1820,0.05080354318352224,-0.1015,0,-2.5097,2.543,0,-2.046,2.513,0.0,-2.005,1
1821,0.05197114584074497,-0.0856,0,-2.5183,2.521,0,-2.049,2.495,0.0,-2.004,1
1822,0.059413803110051525,-0.0704,0,-2.5268,2.521,0,-2.045,2.478,0.0,-2.004,1
1823,0.06030754513325836,-0.0552,0,-2.5356,2.499,0,-2.049,2.46,0.0,-2.003,1
1824,0.05603570290448747,-0.0406,0,-2.5435,2.476,0,-2.049,2.444,0.0,-2.003,1
1825,0.05103920062069918,-0.0258,0,-2.5515,2.456,0,-2.045,2.427,0.0,-2.003,1
1826,0.05011985634456672,-0.0104,0,-2.5596,2.434,0,-2.047,2.41,0.0,-2.003,1
1827,0.060108235708595165,0.0058,0,-2.5687,2.434,0,-2.044,2.391,0.0,-2.002,1
1828,0.05658621740318049,0.0209,0,-2.5771,2.413,0,-2.043,2.374,0.0,-2.002,1
1829,0.053907327887774595,0.0367,0,-2.5856,2.391,0,-2.043,2.356,0.0,-2.002,1
1830,0.05220153254455304,0.0519,0,-2.5941,2.369,0,-2.043,2.338,0.0,-2.001,1
1831,0.05188448708429163,0.0675,0,-2.6022,2.345,0,-2.047,2.321,0.0,-2.001,1
1832,0.060827625302982406,0.0835,0,-2.6106,2.345,0,-2.045,2.303,0.0,-2.001,1
1833,0.05954829972383738,0.0993,0,-2.6193,2.324,0,-2.046,2.285,0.0,-2.001,1
1834,0.05521775076911405,0.1149,0,-2.6279,2.299,0,-2.046,2.267,0.0,-2.001,1
1835,0.05353503525729659,0.13,0,-2.6362,2.279,0,-2.045,2.25,0.0,-2.0,1
1836,0.0523545604508335,0.145,0,-2.6444,2.258,0,-2.046,2.233,0.0,-2.0,1
1837,0.062289646009589486,0.1599,0,-2.6526,2.258,0,-2.046,2.216,0.0,-2.0,1
1838,0.060440052945046584,0.1752,0,-2.6608,2.236,0,-2.047,2.198,0.0,-2.0,1
1839,0.058249463516842785,0.1913,0,-2.6698,2.213,0,-2.047,2.18,0.0,-1.999,1
1840,0.04661544808322658,0.2067,0,-2.6785,2.189,0,-2.037,2.162,0.0,-1.999,0
1841,0.0406078810084937,0.2223,0,-2.6869,2.169,0,-2.03,2.144,0.0,-1.998,0
1842,0.046957427527495876,0.2377,0,-2.6955,2.169,0,-2.019,2.127,0.0,-1.998,0
1843,0.0411460812228819,0.2532,0,-2.7036,2.146,0,-2.016,2.109,0.0,-1.998,0
1844,0.03935733730830899,0.2697,0,-2.7128,2.125,0,-2.016,2.09,0.0,-1.998,0
1845,0.03551056180912919,0.2853,0,-2.7218,2.102,0,-2.016,2.072,0.0,-1.997,0
1846,0.05162363799656131,0.3011,0,-2.7308,2.102,0,-2.015,2.054,0.0,-1.996,1
1847,0.04346262762420146,0.3163,0,-2.739,2.077,0,-2.013,2.037,0.0,-1.996,0
1848,0.03858756276314942,0.3315,0,-2.7468,2.053,0,-2.016,2.02,0.0,-1.996,0
1849,0.03383784863137723,0.3469,0,-2.7545,2.031,0,-2.016,2.003,0.0,-1.997,0
1850,0.030805843601498354,0.3623,0,-2.7627,2.01,0,-2.014,1.985,0.0,-1.996,0
1851,0.046615448083226305,0.378,0,-2.7715,2.01,0,-2.014,1.967,0.0,-1.996,0
1852,0.04215447781671592,0.3937,0,-2.7802,1.988,0,-2.012,1.949,0.0,-1.996,0
1853,0.03939543120718445,0.4099,0,-2.7891,1.967,0,-2.011,1.931,0.0,-1.995,0
1854,0.032249030993194226,0.4253,0,-2.7971,1.941,0,-2.011,1.913,0.0,-1.995,0
1855,0.024186773244895765,0.4412,0,-2.8047,1.917,0,-2.008,1.896,0.0,-1.996,0
1856,0.041785164831552535,0.457,0,-2.8125,1.917,0,-2.011,1.878,0.0,-1.996,0
1857,0.04162931659299699,0.4729,0,-2.8208,1.898,0,-2.014,1.86,0.0,-1.997,0
1858,0.03769615364994146,0.4885,0,-2.829,1.878,0,-2.011,1.843,0.0,-1.997,0
1859,0.034928498393146,0.5043,0,-2.8372,1.857,0,-2.011,1.825,0.0,-1.997,0
1860,0.028178005607210514,0.5193,0,-2.8447,1.833,0,-2.01,1.808,0.0,-1.997,0
1861,0.04569463863518349,0.5349,0,-2.8525,1.833,0,-2.015,1.791,0.0,-1.997,0
1862,0.0456070170039655,0.5506,0,-2.8601,1.817,0,-2.01,1.773,0.0,-1.998,0
1863,0.036249137920783804,0.5668,0,-2.8682,1.788,0,-2.013,1.755,0.0,-1.998,0
1864,0.03176476034853696,0.5825,0,-2.8764,1.765,0,-2.013,1.737,0.0,-1.998,0
1865,0.02996664812754357,0.5982,0,-2.8847,1.747,0,-2.011,1.72,0.0,-1.998,0
1866,0.0484664832642106,0.6137,0,-2.8924,1.747,0,-2.017,1.702,0.0,-1.999,0
1867,0.04396589587396123,0.6294,0,-2.8997,1.727,0,-2.013,1.685,0.0,-2.0,0
1868,0.040496913462633136,0.646,0,-2.908,1.705,0,-2.014,1.667,0.0,-2.0,0
1869,0.03130495168499699,0.6619,0,-2.9164,1.677,0,-2.014,1.649,0.0,-2.0,0
1870,0.029681644159311595,0.6779,0,-2.9246,1.656,0,-2.016,1.631,0.0,-2.0,0
1871,0.04427188724235707,0.6929,0,-2.9322,1.656,0,-2.014,1.614,0.0,-2.0,0
1872,0.04332435804486894,0.7083,0,-2.9397,1.638,0,-2.015,1.597,0.0,-2.001,0
1873,0.04024922359499635,0.7235,0,-2.947,1.616,0,-2.019,1.58,0.0,-2.001,0
1874,0.0327566787083186,0.7396,0,-2.955,1.59,0,-2.019,1.562,0.0,-2.002,0
1875,0.03623534186398707,0.7553,0,-2.963,1.576,0,-2.019,1.544,0.0,-2.002,0
1876,0.05314132102234581,0.7713,0,-2.9712,1.576,0,-2.02,1.526,0.0,-2.002,1
1877,0.05069516742254621,0.7872,0,-2.9791,1.557,0,-2.016,1.508,0.0,-2.003,1
1878,0.041785164831552174,0.8028,0,-2.9865,1.53,0,-2.018,1.491,0.0,-2.003,0
1879,0.035846896657869665,0.8139,0,-2.9974,1.507,0,-2.017,1.476,0.0,-1.999,0
1880,0.02900000000000011,0.8264,0,-3.0046,1.482,0,-2.019,1.462,0.0,-1.998,0
1881,0.04204759208325731,0.8409,0,-3.0136,1.483,0,-2.015,1.445,0.0,-1.997,0
1882,0.047801673610868324,0.8574,0,-3.022,1.464,0,-2.026,1.426,0.0,-1.997,0
1883,0.06519202405202655,0.8759,0,-3.0305,1.455,0,-2.041,1.406,0.0,-1.998,1
1884,0.051623637996561327,0.8994,0,-3.027,1.431,0,-2.04,1.387,0.0,-2.013,1
1885,0.03966106403010395,0.9129,0,-3.0336,1.405,0,-2.035,1.372,0.0,-2.013,0
1886,0.04830113870293313,0.921,0,-3.0405,1.404,0,-2.033,1.361,0.0,-2.011,0
1887,0.03966106403010395,0.9327,0,-3.0475,1.381,0,-2.032,1.348,0.0,-2.01,0
1888,0.05246903848937946,0.9453,0,-3.0534,1.386,0,-2.004,1.334,0.0,-2.011,1
1889,0.060166435825965286,0.9566,0,-3.0641,1.377,0,-1.99,1.319,0.0,-2.006,1
1890,0.029614185789921657,0.9697,0,-3.0712,1.333,0,-2.012,1.304,0.0,-2.006,0
1891,0.048020828814171995,0.9874,0,-3.0759,1.327,0,-2.035,1.286,0.0,-2.01,0
1892,0.05247856705360772,1.2389,0,-3.1827,1.059,0,-2.06,1.014,0.0,-2.033,1
1893,0.06228964600958965,1.2595,0,-3.1898,1.038,0,-2.078,0.992,0.0,-2.036,1
1894,0.05964059020499361,1.284,0,-3.1952,1.017,0,-2.077,0.968,0.0,-2.043,1
1895,0.04588027898781786,1.302,0,-3.2047,0.992,0,-2.056,0.948,0.0,-2.043,0
1896,0.03689173349139337,1.3168,0,-3.2131,0.962,0,-2.062,0.931,0.0,-2.042,0
1897,0.05189412298131653,1.3305,0,-3.2205,0.962,0,-2.064,0.915,0.0,-2.042,1
1898,0.046615448083226416,1.3405,0,-3.229,0.94,0,-2.066,0.902,0.0,-2.039,0
1899,0.04341658669218465,1.3501,0,-3.2338,0.926,0,-2.066,0.892,0.0,-2.039,0
1900,0.03255764119219929,1.3632,0,-3.2396,0.901,0,-2.062,0.877,0.0,-2.04,0
1901,0.04438468204234429,1.3803,0,-3.2471,0.9,0,-2.058,0.859,0.0,-2.041,0
1902,0.05375872022286246,1.3963,0,-3.2532,0.893,0,-2.061,0.842,0.0,-2.044,1
1903,0.04904079934095692,1.4154,0,-3.2626,0.866,0,-2.061,0.82,0.0,-2.044,0
1904,0.04775981574503815,1.4326,0,-3.2705,0.847,0,-2.061,0.802,0.0,-2.045,0
1905,0.04428317965096904,1.4481,0,-3.278,0.824,0,-2.065,0.784,0.0,-2.046,0
1906,0.06053924347066123,1.4619,0,-3.2855,0.825,0,-2.068,0.769,0.0,-2.045,1
1907,0.056859475903318094,1.4757,0,-3.2926,0.805,0,-2.069,0.753,0.0,-2.046,1
1908,0.047853944456021785,1.4901,0,-3.2998,0.78,0,-2.067,0.737,0.0,-2.046,0
1909,0.04924428900898057,1.5055,0,-3.3074,0.765,0,-2.066,0.72,0.0,-2.046,0
1910,0.0434165866921848,1.5221,0,-3.315,0.74,0,-2.068,0.702,0.0,-2.047,0
1911,0.060166435825965245,1.539,0,-3.3226,0.741,0,-2.065,0.683,0.0,-2.049,1
1912,0.055659680200302895,1.5553,0,-3.3306,0.718,0,-2.066,0.665,0.0,-2.049,1
1913,0.05220153254455277,1.5712,0,-3.3381,0.696,0,-2.068,0.647,0.0,-2.05,1
1914,0.04623851208678773,1.5864,0,-3.3453,0.674,0,-2.067,0.631,0.0,-2.05,0
1915,0.04401136216933081,1.6019,0,-3.3519,0.655,0,-2.068,0.614,0.0,-2.052,0
1916,0.06484597134749404,1.6181,0,-3.3588,0.657,0,-2.075,0.596,0.0,-2.053,1
1917,0.06224146527838193,1.6345,0,-3.3661,0.635,0,-2.079,0.578,0.0,-2.054,1
1918,0.05546169849544814,1.6514,0,-3.374,0.61,0,-2.079,0.56,0.0,-2.055,1
1919,0.04830113870293313,1.668,0,-3.3815,0.585,0,-2.078,0.542,0.0,-2.056,0
1920,0.04382921400162229,1.6847,0,-3.3886,0.562,0,-2.078,0.523,0.0,-2.058,0
1921,0.0552268050859363,1.7009,0,-3.3935,0.554,0,-2.09,0.507,0.0,-2.061,1
1922,0.04386342439892266,1.7093,0,-3.4009,0.526,0,-2.09,0.496,0.0,-2.058,0
1923,0.04186884283091668,1.7157,0,-3.407,0.514,0,-2.088,0.487,0.0,-2.056,0
1924,0.04242640687119305,1.7271,0,-3.4116,0.505,0,-2.087,0.475,0.0,-2.057,0
1925,0.04545327270945397,1.7426,0,-3.4177,0.494,0,-2.088,0.459,0.0,-2.059,0
1926,0.06977105417004964,1.7671,0,-3.4257,0.495,0,-2.095,0.433,0.0,-2.063,1
1927,0.0691230786351418,1.7922,0,-3.4343,0.474,0,-2.084,0.407,0.0,-2.067,1
1928,0.06260990336999411,1.8089,0,-3.4436,0.444,0,-2.095,0.388,0.0,-2.067,1
1929,0.04743416490252575,1.8253,0,-3.451,0.409,0,-2.095,0.37,0.0,-2.068,0
1930,0.039446165846632075,1.8389,0,-3.4587,0.388,0,-2.088,0.354,0.0,-2.068,0
1931,0.047507894080878854,1.8489,0,-3.4628,0.385,0,-2.093,0.344,0.0,-2.069,0
1932,0.04459820624195537,1.8599,0,-3.4691,0.364,0,-2.098,0.331,0.0,-2.068,0
1933,0.041109609582189004,1.8754,0,-3.4761,0.345,0,-2.096,0.314,0.0,-2.069,0
1934,0.039051248379533235,1.8908,0,-3.4812,0.328,0,-2.097,0.298,0.0,-2.072,0
1935,0.04318564576337829,1.9091,0,-3.49,0.31,0,-2.102,0.278,0.0,-2.073,0
1936,0.05909314681077663,1.9274,0,-3.4989,0.311,0,-2.097,0.257,0.0,-2.073,1
1937,0.05994163828258284,1.9433,0,-3.5066,0.293,0,-2.102,0.24,0.0,-2.074,1
1938,0.05008991914547269,1.9577,0,-3.5134,0.269,0,-2.097,0.224,0.0,-2.075,1
1939,0.04341658669218478,1.9709,0,-3.5193,0.247,0,-2.096,0.209,0.0,-2.075,0
1940,0.03911521443121584,1.9853,0,-3.5253,0.227,0,-2.098,0.194,0.0,-2.077,0
1941,0.05515432893255086,2.0007,0,-3.5323,0.228,0,-2.099,0.177,0.0,-2.078,1
1942,0.054129474410897285,2.0172,0,-3.5398,0.208,0,-2.102,0.159,0.0,-2.079,1
1943,0.053235326616824605,2.0346,0,-3.5475,0.187,0,-2.105,0.14,0.0,-2.08,1
1944,0.047885279575251585,2.0515,0,-3.5552,0.163,0,-2.104,0.121,0.0,-2.081,0
1945,0.036400549446402745,2.0627,0,-3.5597,0.138,0,-2.104,0.109,0.0,-2.082,0
1946,0.04045985664828799,2.0638,0,-3.5602,0.139,0,-2.108,0.108,0.0,-2.082,0
1947,0.029427877939124675,2.0613,0,-3.5592,0.116,0,-2.111,0.111,0.0,-2.082,0
1948,0.029154759474226858,2.0584,0,-3.5581,0.111,0,-2.111,0.114,0.0,-2.082,0
1949,0.02863564212655273,2.0525,0,-3.5555,0.114,0,-2.109,0.12,0.0,-2.081,0
1950,0.039446165846631874,2.0395,0,-3.55,0.114,0,-2.114,0.134,0.0,-2.08,0
1951,0.05420332093147056,2.0213,0,-3.5421,0.111,0,-2.112,0.154,0.0,-2.079,1
1952,0.061057350089895,2.002,0,-3.5329,0.123,0,-2.11,0.175,0.0,-2.078,1
1953,0.04455333881989101,1.7817,0,-3.4285,0.387,0,-2.099,0.419,0.0,-2.068,0
1954,0.03940812099047607,1.7723,0,-3.424,0.406,0,-2.099,0.429,0.0,-2.067,0
1955,0.03667424164178443,1.7628,0,-3.4214,0.423,0,-2.098,0.439,0.0,-2.065,0
1956,0.04188078318274361,1.7561,0,-3.4206,0.422,0,-2.098,0.445,0.0,-2.063,0
1957,0.034885527085024945,1.7478,0,-3.4192,0.437,0,-2.091,0.453,0.0,-2.06,0
1958,0.03894868418830073,1.7356,0,-3.413,0.448,0,-2.094,0.467,0.0,-2.06,0
1959,0.042011903075199926,1.7207,0,-3.4046,0.458,0,-2.094,0.484,0.0,-2.061,0
1960,0.05147815070493495,1.7074,0,-3.3932,0.476,0,-2.109,0.501,0.0,-2.064,1
1961,0.05531726674375737,1.6949,0,-3.3814,0.476,0,-2.105,0.518,0.0,-2.069,1
1962,0.0442040722106008,1.6851,0,-3.3762,0.494,0,-2.096,0.529,0.0,-2.069,0
1963,0.032449961479176025,1.6779,0,-3.3722,0.519,0,-2.096,0.537,0.0,-2.069,0
1964,0.03546829570193674,1.5715,0,-3.3113,0.647,0,-2.107,0.66,0.0,-2.074,0
1965,0.03605551275464013,1.5628,0,-3.3069,0.657,0,-2.108,0.669,0.0,-2.074,0
1966,0.03700000000000014,1.5548,0,-3.3035,0.666,0,-2.108,0.678,0.0,-2.073,0
1967,0.036055512754639744,1.5468,0,-3.2999,0.667,0,-2.102,0.687,0.0,-2.072,0
1968,0.027784887978899577,1.5385,0,-3.2964,0.682,0,-2.095,0.696,0.0,-2.071,0
1969,0.023769728648009244,1.5306,0,-3.2929,0.695,0,-2.093,0.704,0.0,-2.071,0
1970,0.024166091947188963,1.5224,0,-3.289,0.703,0,-2.093,0.713,0.0,-2.071,0
1971,0.024351591323771966,1.5143,0,-3.2851,0.714,0,-2.093,0.722,0.0,-2.07,0
1972,0.034132096331752335,1.5062,0,-3.2814,0.713,0,-2.099,0.731,0.0,-2.07,0
1973,0.031304951684997084,1.4986,0,-3.2777,0.726,0,-2.097,0.74,0.0,-2.069,0
1974,0.026400757564888196,1.4904,0,-3.2735,0.738,0,-2.093,0.749,0.0,-2.069,0
1975,0.028301943396169836,1.4822,0,-3.2696,0.743,0,-2.093,0.758,0.0,-2.069,0
1976,0.026248809496813293,1.4745,0,-3.2656,0.759,0,-2.094,0.767,0.0,-2.069,0
1977,0.028017851452243916,1.4667,0,-3.2618,0.759,0,-2.092,0.775,0.0,-2.069,0
1978,0.02780287754891589,1.459,0,-3.2577,0.767,0,-2.091,0.784,0.0,-2.069,0
1979,0.025942243542145815,1.4511,0,-3.2533,0.781,0,-2.092,0.793,0.0,-2.069,0
1980,0.02507987240796903,1.4429,0,-3.2491,0.792,0,-2.092,0.802,0.0,-2.069,0
1981,0.023769728648009653,1.4345,0,-3.2448,0.803,0,-2.091,0.812,0.0,-2.069,0
1982,0.031622776601683944,1.4261,0,-3.2406,0.803,0,-2.095,0.821,0.0,-2.069,0
1983,0.029681644159311595,1.4173,0,-3.2364,0.815,0,-2.093,0.831,0.0,-2.068,0
1984,0.03061045573002796,1.4085,0,-3.232,0.822,0,-2.092,0.841,0.0,-2.068,0
1985,0.028301943396169836,1.3999,0,-3.2274,0.836,0,-2.092,0.851,0.0,-2.068,0
1986,0.025179356624028697,1.393,0,-3.2262,0.854,0,-2.091,0.857,0.0,-2.066,0
1987,0.02353720459187977,1.3906,0,-3.2253,0.855,0,-2.089,0.86,0.0,-2.066,0
1988,0.026172504656605044,1.3879,0,-3.2239,0.86,0,-2.092,0.863,0.0,-2.066,0
1989,0.026925824035672757,1.3819,0,-3.2204,0.863,0,-2.092,0.87,0.0,-2.066,0
1990,0.03087069808086629,1.3705,0,-3.2147,0.87,0,-2.094,0.883,0.0,-2.066,0
1991,0.03047950130825645,1.3574,0,-3.2081,0.877,0,-2.088,0.897,0.0,-2.065,0
1992,0.047507894080878854,1.3397,0,-3.1972,0.877,0,-2.091,0.918,0.0,-2.067,0
1993,0.0449444101084885,1.3258,0,-3.1899,0.896,0,-2.091,0.934,0.0,-2.067,0
1994,0.03535533905932756,1.317,0,-3.1859,0.918,0,-2.091,0.943,0.0,-2.066,0
1995,0.024041630560342742,1.3104,0,-3.1827,0.944,0,-2.089,0.951,0.0,-2.066,0
1996,0.022803508501982993,1.306,0,-3.18,0.95,0,-2.088,0.956,0.0,-2.066,0
1997,0.025059928172283554,1.3008,0,-3.1773,0.95,0,-2.088,0.962,0.0,-2.066,0
1998,0.028635642126552934,1.2938,0,-3.1738,0.957,0,-2.092,0.969,0.0,-2.066,0
1999,0.02906888370749749,1.2857,0,-3.1697,0.966,0,-2.092,0.979,0.0,-2.066,0
2000,0.028017851452243916,1.2763,0,-3.1648,0.973,0,-2.089,0.989,0.0,-2.066,0
2001,0.032695565448543455,1.2676,0,-3.163,0.985,0,-2.093,0.998,0.0,-2.063,0
2002,0.029154759474226813,1.2646,0,-3.1629,0.985,0,-2.087,1.0,0.0,-2.062,0
2003,0.018000000000000238,1.2629,0,-3.1632,1.002,0,-2.079,1.002,0.0,-2.061,0
2004,0.020000000000000018,1.2568,0,-3.1624,1.007,0,-2.079,1.007,0.0,-2.059,0
2005,0.02475883680628,1.2448,0,-3.1572,1.004,0,-2.076,1.021,0.0,-2.058,0
2006,0.02662705391138878,1.2305,0,-3.1495,1.015,0,-2.073,1.037,0.0,-2.058,0
2007,0.038639358172723286,1.2181,0,-3.1373,1.015,0,-2.07,1.053,0.0,-2.063,0
2008,0.03162277660168375,1.2069,0,-3.1284,1.037,0,-2.056,1.067,0.0,-2.066,0
2009,0.02102379604162851,1.1987,0,-3.1245,1.058,0,-2.056,1.077,0.0,-2.065,0
2010,0.023086792761230657,1.1941,0,-3.1214,1.075,0,-2.088,1.082,0.0,-2.066,0
2011,0.02459674775249796,1.1909,0,-3.1195,1.075,0,-2.088,1.086,0.0,-2.066,0
2012,0.027459060435492018,1.1858,0,-3.1171,1.076,0,-2.089,1.091,0.0,-2.066,0
2013,0.024698178070457103,1.1783,0,-3.1133,1.091,0,-2.089,1.1,0.0,-2.066,0
2014,0.026419689627245987,1.1696,0,-3.1087,1.097,0,-2.089,1.11,0.0,-2.066,0
2015,0.028017851452243916,1.1597,0,-3.1036,1.105,0,-2.089,1.121,0.0,-2.066,0
2016,0.0353836120259083,1.1503,0,-3.0989,1.105,0,-2.09,1.131,0.0,-2.066,0
2017,0.032557641192199595,1.1416,0,-3.0948,1.117,0,-2.087,1.141,0.0,-2.065,0
2018,0.031240998703626646,1.1336,0,-3.0909,1.13,0,-2.089,1.15,0.0,-2.065,0
2019,0.0268328157299975,1.1268,0,-3.0873,1.146,0,-2.089,1.158,0.0,-2.065,0
2020,0.019646882704388653,1.1218,0,-3.0848,1.158,0,-2.084,1.163,0.0,-2.065,0
2021,0.023769728648009553,1.121,0,-3.0843,1.158,0,-2.088,1.164,0.0,-2.065,0
2022,0.024020824298928645,1.1211,0,-3.0843,1.163,0,-2.089,1.164,0.0,-2.065,0
2023,0.020615528128088347,1.121,0,-3.0842,1.169,0,-2.085,1.164,0.0,-2.065,0
2024,0.020615528128088347,1.121,0,-3.0842,1.169,0,-2.085,1.164,0.0,-2.065,0
2025,0.023769728648009553,1.121,0,-3.0842,1.17,0,-2.088,1.164,0.0,-2.065,0
2026,0.021840329667841468,1.121,0,-3.0842,1.17,0,-2.086,1.164,0.0,-2.065,0
2027,0.023769728648009553,1.121,0,-3.0843,1.17,0,-2.088,1.164,0.0,-2.065,0
2028,0.018973665961010504,1.121,0,-3.0843,1.17,0,-2.083,1.164,0.0,-2.065,0
2029,0.01802775637732019,1.1214,0,-3.0844,1.165,0,-2.083,1.164,0.0,-2.065,0
2030,0.022203603311174772,1.1224,0,-3.085,1.165,0,-2.087,1.162,0.0,-2.065,0
2031,0.023769728648009553,1.1253,0,-3.0861,1.165,0,-2.088,1.159,0.0,-2.065,0
2032,0.023259406699225937,1.1301,0,-3.0889,1.164,0,-2.086,1.154,0.0,-2.065,0
2033,0.029832867780352636,1.1361,0,-3.0919,1.166,0,-2.088,1.147,0.0,-2.065,0
2034,0.02720294101747109,1.1432,0,-3.0952,1.155,0,-2.088,1.139,0.0,-2.066,0
2035,0.02969848480983518,1.1503,0,-3.0986,1.152,0,-2.087,1.131,0.0,-2.066,0
2036,0.03580502757993645,1.1577,0,-3.1025,1.152,0,-2.087,1.123,0.0,-2.066,0
2037,0.03499999999999997,1.1655,0,-3.1058,1.143,0,-2.088,1.115,0.0,-2.067,0
2038,0.03182766092567921,1.174,0,-3.1106,1.127,0,-2.089,1.105,0.0,-2.066,0
2039,0.036235341863986976,1.1834,0,-3.1154,1.122,0,-2.089,1.094,0.0,-2.066,0
2040,0.03182766092567921,1.1934,0,-3.1207,1.105,0,-2.089,1.083,0.0,-2.066,0
2041,0.03061045573002789,1.2173,0,-3.1338,1.075,0,-2.09,1.056,0.0,-2.066,0
2042,0.032526911934580904,1.2198,0,-3.1379,1.075,0,-2.086,1.052,0.0,-2.063,0
2043,0.02860069929215023,1.2203,0,-3.1395,1.067,0,-2.085,1.05,0.0,-2.062,0
2044,0.019723082923316326,1.2219,0,-3.141,1.058,0,-2.079,1.048,0.0,-2.062,0
2045,0.020124611797498373,1.2263,0,-3.1438,1.052,0,-2.079,1.043,0.0,-2.061,0
2046,0.030413812651491356,1.2368,0,-3.1488,1.054,0,-2.083,1.032,0.0,-2.062,0
2047,0.044384682042344394,1.2533,0,-3.1562,1.054,0,-2.08,1.013,0.0,-2.063,0
2048,0.05162363799656117,1.279,0,-3.1631,1.039,0,-2.077,0.988,0.0,-2.069,1
2049,0.05688585061331155,1.2958,0,-3.1718,1.025,0,-2.079,0.969,0.0,-2.069,1
2050,0.03383784863137733,1.3064,0,-3.1784,0.988,0,-2.079,0.956,0.0,-2.068,0
2051,0.031240998703626646,1.3134,0,-3.1821,0.968,0,-2.092,0.948,0.0,-2.068,0
2052,0.0353836120259083,1.3185,0,-3.1849,0.968,0,-2.092,0.942,0.0,-2.068,0
2053,0.029732137494636955,1.3244,0,-3.1877,0.958,0,-2.088,0.936,0.0,-2.068,0
2054,0.031112698372208196,1.3326,0,-3.1914,0.949,0,-2.091,0.927,0.0,-2.069,0
2055,0.03324154027718904,1.3427,0,-3.198,0.939,0,-2.09,0.915,0.0,-2.067,0
2056,0.031144823004794826,1.3498,0,-3.2018,0.93,0,-2.088,0.907,0.0,-2.067,0
2057,0.03612478373637692,1.3541,0,-3.2049,0.929,0,-2.091,0.902,0.0,-2.067,0
2058,0.033970575502926335,1.3597,0,-3.2081,0.918,0,-2.091,0.895,0.0,-2.066,0
2059,0.031064449134017975,1.37,0,-3.2132,0.901,0,-2.093,0.884,0.0,-2.067,0
2060,0.038209946349085484,1.3841,0,-3.2201,0.896,0,-2.093,0.868,0.0,-2.067,0
2061,0.031064449134018346,1.3963,0,-3.2233,0.882,0,-2.087,0.856,0.0,-2.07,0
2062,0.045694638635183575,1.4097,0,-3.23,0.883,0,-2.088,0.841,0.0,-2.07,0
2063,0.04081666326391708,1.4196,0,-3.2346,0.865,0,-2.092,0.83,0.0,-2.071,0
2064,0.03264965543462897,1.427,0,-3.2385,0.846,0,-2.092,0.821,0.0,-2.071,0
2065,0.029206163733020228,1.433,0,-3.2417,0.833,0,-2.094,0.815,0.0,-2.071,0
2066,0.0297321374946368,1.4397,0,-3.2451,0.827,0,-2.093,0.807,0.0,-2.071,0
2067,0.0364005494464024,1.4476,0,-3.2492,0.827,0,-2.093,0.798,0.0,-2.071,0
2068,0.04036087214122086,1.4571,0,-3.2543,0.817,0,-2.098,0.787,0.0,-2.071,0
2069,0.03889730067755325,1.4676,0,-3.2596,0.804,0,-2.098,0.776,0.0,-2.071,0
2070,0.03701351104664332,1.4787,0,-3.265,0.792,0,-2.094,0.763,0.0,-2.071,0
2071,0.03471310991541967,1.4894,0,-3.2699,0.778,0,-2.095,0.752,0.0,-2.072,0
2072,0.04338202392696781,1.4996,0,-3.2746,0.779,0,-2.092,0.74,0.0,-2.073,0
2073,0.03982461550347984,1.5094,0,-3.2794,0.764,0,-2.092,0.729,0.0,-2.073,0
2074,0.03623534186398707,1.5189,0,-3.2836,0.751,0,-2.091,0.719,0.0,-2.074,0
2075,0.03420526275297438,1.5278,0,-3.2878,0.736,0,-2.095,0.709,0.0,-2.074,0
2076,0.04548626166217686,1.5367,0,-3.2921,0.737,0,-2.099,0.699,0.0,-2.074,0
2077,0.042438190347845926,1.5458,0,-3.2964,0.724,0,-2.099,0.689,0.0,-2.075,0
2078,0.03944616584663198,1.5549,0,-3.301,0.713,0,-2.095,0.679,0.0,-2.075,0
2079,0.03551056180912917,1.5646,0,-3.3056,0.698,0,-2.094,0.668,0.0,-2.075,0
2080,0.03342154993413677,1.5753,0,-3.3103,0.683,0,-2.097,0.657,0.0,-2.076,0
2081,0.04429446918070019,1.5861,0,-3.3147,0.684,0,-2.098,0.645,0.0,-2.077,0
2082,0.04606517122512428,1.5965,0,-3.3193,0.675,0,-2.099,0.634,0.0,-2.078,0
2083,0.04118252056394804,1.6069,0,-3.3237,0.659,0,-2.099,0.623,0.0,-2.079,0
2084,0.03721558813185688,1.6168,0,-3.3278,0.644,0,-2.099,0.612,0.0,-2.08,0
2085,0.0333016516106936,1.6263,0,-3.3313,0.627,0,-2.103,0.602,0.0,-2.081,0
2086,0.04177319714841088,1.637,0,-3.3349,0.622,0,-2.111,0.591,0.0,-2.083,0
2087,0.04134005321718891,1.6477,0,-3.3382,0.602,0,-2.12,0.58,0.0,-2.085,0
2088,0.04022437072223748,1.6581,0,-3.3416,0.592,0,-2.12,0.569,0.0,-2.087,0
2089,0.041400483088968786,1.6676,0,-3.3459,0.583,0,-2.121,0.558,0.0,-2.088,0
2090,0.036069377593742666,1.6773,0,-3.351,0.573,0,-2.114,0.548,0.0,-2.088,0
2091,0.045803929962395164,1.6873,0,-3.356,0.573,0,-2.115,0.536,0.0,-2.088,0
2092,0.0412310562561765,1.6971,0,-3.3611,0.557,0,-2.114,0.525,0.0,-2.088,0
2093,0.04386342439892281,1.7062,0,-3.3653,0.547,0,-2.119,0.515,0.0,-2.089,0
2094,0.03969886648255862,1.7153,0,-3.3699,0.531,0,-2.119,0.505,0.0,-2.089,0
2095,0.034205262752973906,1.7209,0,-3.3752,0.519,0,-2.114,0.498,0.0,-2.087,0
2096,0.03687817782917158,1.7229,0,-3.3782,0.519,0,-2.113,0.495,0.0,-2.085,0
2097,0.028231188426986437,1.7235,0,-3.3782,0.505,0,-2.111,0.494,0.0,-2.085,0
2098,0.02340939982143948,1.724,0,-3.3783,0.501,0,-2.107,0.493,0.0,-2.085,0
2099,0.02507987240796903,1.7272,0,-3.3803,0.5,0,-2.108,0.49,0.0,-2.085,0
2100,0.022203603311174474,1.737,0,-3.3855,0.497,0,-2.098,0.479,0.0,-2.085,0
2101,0.045793012567421236,1.7544,0,-3.3976,0.497,0,-2.106,0.458,0.0,-2.082,0
2102,0.06440496875241848,1.7993,0,-3.4132,0.469,0,-2.117,0.411,0.0,-2.089,1
2103,0.03894868418830114,1.8172,0,-3.422,0.417,0,-2.119,0.391,0.0,-2.09,0
2104,0.039597979746446695,1.837,0,-3.4331,0.396,0,-2.117,0.368,0.0,-2.089,0
2105,0.03820994634908563,1.852,0,-3.443,0.376,0,-2.116,0.35,0.0,-2.088,0
2106,0.03101612483854157,1.8541,0,-3.4432,0.359,0,-2.117,0.348,0.0,-2.088,0
2107,0.026570660511172763,1.8565,0,-3.4452,0.354,0,-2.113,0.345,0.0,-2.088,0
2108,0.029732137494637018,1.8622,0,-3.4507,0.347,0,-2.114,0.337,0.0,-2.086,0
2109,0.040224370722237446,1.8753,0,-3.4589,0.345,0,-2.117,0.322,0.0,-2.084,0
2110,0.04522167621838011,1.8949,0,-3.4641,0.345,0,-2.103,0.302,0.0,-2.089,0
2111,0.05316013544000813,1.9123,0,-3.4703,0.335,0,-2.107,0.284,0.0,-2.092,1
2112,0.056400354608814166,1.9266,0,-3.4788,0.312,0,-2.125,0.267,0.0,-2.091,1
2113,0.04742362280551759,1.9354,0,-3.4842,0.289,0,-2.125,0.257,0.0,-2.09,0
2114,0.04743416490252575,1.9413,0,-3.4874,0.289,0,-2.117,0.25,0.0,-2.09,0
2115,0.05215361924162119,1.9463,0,-3.4896,0.289,0,-2.118,0.245,0.0,-2.09,1
2116,0.03584689665786997,1.9517,0,-3.4926,0.257,0,-2.121,0.239,0.0,-2.09,0
2117,0.039446165846632256,1.9595,0,-3.4964,0.25,0,-2.124,0.23,0.0,-2.09,0
2118,0.03940812099047608,1.9691,0,-3.501,0.242,0,-2.123,0.219,0.0,-2.091,0
2119,0.041048751503547434,1.9799,0,-3.5066,0.23,0,-2.125,0.207,0.0,-2.091,0
2120,0.04675467891024364,1.9907,0,-3.5123,0.23,0,-2.122,0.195,0.0,-2.091,0
2121,0.046690470119715034,2.0011,0,-3.5177,0.217,0,-2.123,0.183,0.0,-2.091,0
2122,0.041012193308819715,2.0107,0,-3.5227,0.202,0,-2.12,0.173,0.0,-2.091,0
2123,0.03687817782917156,2.0196,0,-3.5273,0.187,0,-2.119,0.163,0.0,-2.091,0
2124,0.03551056180912924,2.0281,0,-3.5316,0.172,0,-2.121,0.153,0.0,-2.091,0
2125,0.03894868418830076,2.0369,0,-3.5356,0.172,0,-2.118,0.143,0.0,-2.092,0
2126,0.040311288741492764,2.046,0,-3.5397,0.162,0,-2.12,0.133,0.0,-2.092,0
2127,0.031144823004794965,2.0538,0,-3.5434,0.146,0,-2.116,0.125,0.0,-2.093,0
2128,0.026419689627245932,2.0561,0,-3.5446,0.135,0,-2.116,0.122,0.0,-2.093,0
2129,0.02844292530665581,2.0553,0,-3.5441,0.128,0,-2.121,0.123,0.0,-2.093,0
2130,0.032388269481403324,2.0553,0,-3.5441,0.128,0,-2.125,0.123,0.0,-2.093,0
2131,0.028071337695236422,2.0552,0,-3.5441,0.125,0,-2.121,0.123,0.0,-2.093,0
2132,0.029068883707497183,2.0553,0,-3.5442,0.125,0,-2.122,0.123,0.0,-2.093,0
2133,0.030149626863362918,2.0553,0,-3.5441,0.126,0,-2.123,0.123,0.0,-2.093,0
2134,0.029068883707497183,2.0553,0,-3.5442,0.125,0,-2.122,0.123,0.0,-2.093,0
2135,0.030066592756746065,2.0553,0,-3.5441,0.125,0,-2.123,0.123,0.0,-2.093,0
2136,0.02927456233660881,2.0553,0,-3.5442,0.127,0,-2.122,0.123,0.0,-2.093,0
2137,0.029427877939124242,2.0553,0,-3.5442,0.128,0,-2.122,0.123,0.0,-2.093,0
2138,0.032249030993194226,2.0552,0,-3.5443,0.127,0,-2.125,0.123,0.0,-2.093,0
2139,0.02927456233660881,2.0554,0,-3.5442,0.127,0,-2.122,0.123,0.0,-2.093,0
2140,0.029154759474226417,2.0554,0,-3.5443,0.126,0,-2.122,0.123,0.0,-2.093,0
2141,0.03206243908376283,2.0554,0,-3.5441,0.125,0,-2.125,0.123,0.0,-2.093,0
2142,0.032140317359976425,2.0553,0,-3.5443,0.126,0,-2.125,0.123,0.0,-2.093,0
2143,0.0312569992161757,2.0554,0,-3.5443,0.127,0,-2.124,0.123,0.0,-2.093,0
2144,0.032249030993194226,2.0553,0,-3.5443,0.127,0,-2.125,0.123,0.0,-2.093,0
2145,0.031064449134018273,2.0554,0,-3.5443,0.125,0,-2.124,0.123,0.0,-2.093,0
2146,0.033060550509633,2.0554,0,-3.5443,0.125,0,-2.126,0.123,0.0,-2.093,0
2147,0.033060550509633,2.0554,0,-3.5443,0.125,0,-2.126,0.123,0.0,-2.093,0
2148,0.031064449134018273,2.0553,0,-3.5443,0.125,0,-2.124,0.123,0.0,-2.093,0
2149,0.033060550509633,2.0554,0,-3.5445,0.125,0,-2.125,0.123,0.0,-2.092,0
2150,0.030066592756746065,2.0553,0,-3.5443,0.125,0,-2.123,0.123,0.0,-2.093,0
2151,0.0331360830515617,2.0554,0,-3.5443,0.126,0,-2.126,0.123,0.0,-2.093,0
2152,0.0331360830515617,2.0554,0,-3.5444,0.126,0,-2.126,0.123,0.0,-2.093,0
2153,0.030066592756746065,2.0554,0,-3.5444,0.125,0,-2.123,0.123,0.0,-2.093,0
2154,0.03206243908376283,2.0554,0,-3.5444,0.125,0,-2.125,0.123,0.0,-2.093,0
2155,0.02816025568065747,2.0554,0,-3.5444,0.126,0,-2.121,0.123,0.0,-2.093,0
2156,0.028284271247461926,2.0553,0,-3.5443,0.127,0,-2.121,0.123,0.0,-2.093,0
2157,0.028071337695236422,2.0554,0,-3.5444,0.125,0,-2.121,0.123,0.0,-2.093,0
2158,0.031064449134018273,2.0554,0,-3.5443,0.125,0,-2.124,0.123,0.0,-2.093,0
2159,0.033060550509633,2.0555,0,-3.5443,0.125,0,-2.126,0.123,0.0,-2.093,0
2160,0.031064449134018273,2.0554,0,-3.5444,0.125,0,-2.124,0.123,0.0,-2.093,0
2161,0.0312569992161757,2.0554,0,-3.5444,0.127,0,-2.124,0.123,0.0,-2.093,0
2162,0.031144823004795014,2.0554,0,-3.5444,0.126,0,-2.124,0.123,0.0,-2.093,0
2163,0.031064449134018273,2.0554,0,-3.5445,0.125,0,-2.123,0.123,0.0,-2.092,0
2164,0.03206243908376283,2.0554,0,-3.5446,0.125,0,-2.124,0.123,0.0,-2.092,0
2165,0.028017851452243826,2.0554,0,-3.5444,0.124,0,-2.121,0.123,0.0,-2.093,0
2166,0.03436568055487898,2.0554,0,-3.5444,0.128,0,-2.127,0.123,0.0,-2.093,0
2167,0.03505709628591591,2.0554,0,-3.5445,0.125,0,-2.127,0.123,0.0,-2.092,0
2168,0.032140317359976425,2.0554,0,-3.5444,0.126,0,-2.125,0.123,0.0,-2.093,0
2169,0.031144823004795014,2.0555,0,-3.5445,0.126,0,-2.123,0.123,0.0,-2.092,0
2170,0.035227829907616776,2.0555,0,-3.5445,0.127,0,-2.127,0.123,0.0,-2.092,0
2171,0.031064449134018273,2.0555,0,-3.5446,0.125,0,-2.123,0.123,0.0,-2.092,0
2172,0.031064449134018273,2.0555,0,-3.5444,0.125,0,-2.124,0.123,0.0,-2.093,0
2173,0.030149626863362478,2.0555,0,-3.5446,0.126,0,-2.122,0.123,0.0,-2.092,0
2174,1.4920030160827424,2.0554,0,-3.5444,0.126,0,-0.601,0.123,0.0,-2.093,1
2175,1.3960032234919801,2.0555,0,-3.5444,0.126,0,-0.697,0.123,0.0,-2.093,1
2176,1.2790015637207017,2.0554,0,-3.5446,0.125,0,-0.813,0.123,0.0,-2.092,1
2177,1.2790035183688904,2.0555,0,-3.5446,0.126,0,-0.813,0.123,0.0,-2.092,1
2178,1.2230036794711618,2.0555,0,-3.5446,0.126,0,-0.869,0.123,0.0,-2.092,1
2179,1.1860037942603725,2.0554,0,-3.5445,0.126,0,-0.906,0.123,0.0,-2.092,1
2180,1.133007060878263,2.0555,0,-3.5446,0.127,0,-0.959,0.123,0.0,-2.092,1
2181,1.0750074418347066,2.0555,0,-3.5446,0.127,0,-1.017,0.123,0.0,-2.092,1
2182,1.0750041860383615,2.0555,0,-3.5446,0.126,0,-1.017,0.123,0.0,-2.092,1
2183,1.0070124130317362,2.0555,0,-3.5447,0.128,0,-1.085,0.123,0.0,-2.092,1
2184,1.0400120191613171,2.0555,0,-3.5446,0.128,0,-1.052,0.123,0.0,-2.092,1
2185,0.9660046583738613,2.0554,0,-3.5445,0.126,0,-1.126,0.123,0.0,-2.092,1
2186,0.8330096037861751,2.0555,0,-3.5446,0.127,0,-1.259,0.123,0.0,-2.092,1
2187,0.8330054021433476,2.0555,0,-3.5446,0.126,0,-1.259,0.123,0.0,-2.092,1
2188,0.7610105124109655,2.0556,0,-3.5447,0.127,0,-1.331,0.123,0.0,-2.092,1
2189,0.7180111419748304,2.0554,0,-3.5445,0.127,0,-1.374,0.123,0.0,-2.092,1
2190,0.6790066273608822,2.0556,0,-3.5447,0.126,0,-1.413,0.123,0.0,-2.092,1
2191,0.6370070643250355,2.0555,0,-3.5445,0.126,0,-1.455,0.123,0.0,-2.092,1
2192,0.637012558745901,2.0555,0,-3.5447,0.127,0,-1.455,0.123,0.0,-2.092,1
2193,0.5580143367333855,2.0555,0,-3.5446,0.127,0,-1.534,0.123,0.0,-2.092,1
2194,0.4430180583226829,2.0555,0,-3.5447,0.127,0,-1.649,0.123,0.0,-2.092,1
2195,0.034058772731852614,2.0556,0,-3.5446,0.125,0,-2.126,0.123,0.0,-2.092,0
2196,0.032140317359976425,2.0556,0,-3.5446,0.126,0,-2.124,0.123,0.0,-2.092,0
2197,0.03206243908376283,2.0554,0,-3.5447,0.125,0,-2.124,0.123,0.0,-2.092,0
2198,0.03006659275674562,2.0555,0,-3.5448,0.125,0,-2.122,0.123,0.0,-2.092,0
2199,0.034058772731852614,2.0555,0,-3.5446,0.125,0,-2.126,0.123,0.0,-2.092,0
2200,0.0331360830515617,2.0555,0,-3.5447,0.126,0,-2.125,0.123,0.0,-2.092,0
2201,0.0331360830515617,2.0555,0,-3.5447,0.126,0,-2.125,0.123,0.0,-2.092,0
2202,0.0331360830515617,2.0555,0,-3.5446,0.126,0,-2.125,0.123,0.0,-2.092,0
2203,0.033060550509633,2.0555,0,-3.5447,0.125,0,-2.125,0.123,0.0,-2.092,0
2204,0.029068883707497183,2.0554,0,-3.5446,0.125,0,-2.121,0.123,0.0,-2.092,0
2205,0.031144823004795014,2.0555,0,-3.5446,0.126,0,-2.123,0.123,0.0,-2.092,0
2206,0.031144823004795014,2.0555,0,-3.5446,0.126,0,-2.123,0.123,0.0,-2.092,0
2207,0.032140317359976425,2.0556,0,-3.5445,0.126,0,-2.125,0.123,0.0,-2.093,0
2208,0.034132096331751835,2.0555,0,-3.5446,0.126,0,-2.126,0.123,0.0,-2.092,0
2209,0.033015148038438275,2.0555,0,-3.5446,0.124,0,-2.125,0.123,0.0,-2.092,0
2210,0.032140317359976425,2.0555,0,-3.5447,0.126,0,-2.124,0.123,0.0,-2.092,0
2211,0.03206243908376283,2.0556,0,-3.5446,0.125,0,-2.124,0.123,0.0,-2.092,0
2212,0.029154759474226417,2.0555,0,-3.5448,0.126,0,-2.121,0.123,0.0,-2.092,0
2213,0.0331360830515617,2.0555,0,-3.5449,0.126,0,-2.125,0.123,0.0,-2.092,0
2214,0.032249030993194226,2.0555,0,-3.5447,0.127,0,-2.124,0.123,0.0,-2.092,0
2215,0.032140317359976425,2.0555,0,-3.5447,0.126,0,-2.124,0.123,0.0,-2.092,0
2216,0.032140317359976425,2.0556,0,-3.5447,0.126,0,-2.124,0.123,0.0,-2.092,0
2217,0.032249030993194226,2.0556,0,-3.5448,0.127,0,-2.124,0.123,0.0,-2.092,0
2218,0.028284271247461926,2.0555,0,-3.5446,0.127,0,-2.12,0.123,0.0,-2.092,0
2219,0.03206243908376283,2.0556,0,-3.5446,0.125,0,-2.124,0.123,0.0,-2.092,0
2220,0.030149626863362478,2.0555,0,-3.5447,0.126,0,-2.122,0.123,0.0,-2.092,0
2221,0.03026549190084292,2.0556,0,-3.5447,0.127,0,-2.122,0.123,0.0,-2.092,0
2222,0.03157530680769403,2.0557,0,-3.5447,0.128,0,-2.123,0.122,0.0,-2.092,0
2223,0.030413812651490908,2.0555,0,-3.5447,0.128,0,-2.122,0.123,0.0,-2.092,0
2224,0.02816025568065747,2.0556,0,-3.5447,0.126,0,-2.12,0.123,0.0,-2.092,0
2225,0.029068883707497183,2.0556,0,-3.5447,0.125,0,-2.121,0.123,0.0,-2.092,0
2226,0.029154759474226417,2.0556,0,-3.5447,0.126,0,-2.121,0.123,0.0,-2.092,0
2227,0.032140317359976425,2.0556,0,-3.5448,0.126,0,-2.124,0.123,0.0,-2.092,0
2228,0.030149626863362478,2.0556,0,-3.5448,0.126,0,-2.122,0.123,0.0,-2.092,0
2229,0.032249030993194226,2.0556,0,-3.5448,0.127,0,-2.124,0.123,0.0,-2.092,0
2230,0.029154759474226417,2.0555,0,-3.5446,0.126,0,-2.121,0.123,0.0,-2.092,0
2231,0.03395585369269921,2.3637,0,-2.9505,0.134,0,-2.795,0.126,0.0,-2.762,0
2232,0.03883297567789502,2.3637,0,-2.9504,0.134,0,-2.8,0.126,0.0,-2.762,0
2233,0.03883297567789502,2.3637,0,-2.9504,0.134,0,-2.8,0.126,0.0,-2.762,0
2234,0.036138621999185445,2.3637,0,-2.9504,0.135,0,-2.797,0.126,0.0,-2.762,0
2235,0.041000000000000036,2.3637,0,-2.9505,0.135,0,-2.802,0.126,0.0,-2.762,0
2236,0.03981205847478891,2.3638,0,-2.9503,0.134,0,-2.801,0.126,0.0,-2.762,0
2237,0.03981205847478891,2.3637,0,-2.9504,0.134,0,-2.801,0.126,0.0,-2.762,0
2238,0.03962322551231804,2.3637,0,-2.9504,0.133,0,-2.801,0.126,0.0,-2.762,0
2239,0.04002499219237914,2.3637,0,-2.9505,0.135,0,-2.801,0.126,0.0,-2.762,0
2240,0.041000000000000036,2.3637,0,-2.9505,0.135,0,-2.802,0.126,0.0,-2.762,0
2241,0.041000000000000036,2.3637,0,-2.9504,0.135,0,-2.802,0.126,0.0,-2.762,0
2242,0.03517101079013776,2.3637,0,-2.9504,0.135,0,-2.796,0.126,0.0,-2.762,0
2243,0.034525353003263946,2.3636,0,-2.9503,0.133,0,-2.796,0.127,0.0,-2.762,0
2244,0.04079215610874232,2.3637,0,-2.9503,0.134,0,-2.802,0.126,0.0,-2.762,0
2245,0.034928498393145775,2.3637,0,-2.9504,0.134,0,-2.796,0.126,0.0,-2.762,0
2246,0.035902646142032625,2.3637,0,-2.9503,0.134,0,-2.797,0.126,0.0,-2.762,0
2247,0.04002499219237914,2.3637,0,-2.9503,0.135,0,-2.801,0.126,0.0,-2.762,0
2248,0.04026164427839493,2.3637,0,-2.9504,0.136,0,-2.801,0.126,0.0,-2.762,0
2249,0.03785498646149532,2.3636,0,-2.9505,0.134,0,-2.799,0.126,0.0,-2.762,0
2250,0.034928498393145775,2.3637,0,-2.9505,0.134,0,-2.796,0.126,0.0,-2.762,0
2251,0.03544009029333852,2.3637,0,-2.9504,0.136,0,-2.796,0.126,0.0,-2.762,0
2252,0.036138621999185445,2.3637,0,-2.9503,0.135,0,-2.797,0.126,0.0,-2.762,0
2253,0.035902646142032625,2.3637,0,-2.9504,0.134,0,-2.797,0.126,0.0,-2.762,0
2254,0.038639358172723126,2.3638,0,-2.9505,0.133,0,-2.8,0.126,0.0,-2.762,0
2255,0.036674241641784525,2.3637,0,-2.9503,0.133,0,-2.798,0.126,0.0,-2.762,0
2256,0.04079215610874232,2.3637,0,-2.9503,0.134,0,-2.802,0.126,0.0,-2.762,0
2257,0.04002499219237914,2.3638,0,-2.9503,0.135,0,-2.801,0.126,0.0,-2.762,0
2258,0.03962322551231804,2.3636,0,-2.9504,0.134,0,-2.801,0.127,0.0,-2.762,0
2259,0.034928498393145775,2.3636,0,-2.9503,0.135,0,-2.796,0.127,0.0,-2.762,0
2260,0.041000000000000036,2.3637,0,-2.9503,0.135,0,-2.802,0.126,0.0,-2.762,0
2261,0.034928498393145775,2.3638,0,-2.9504,0.134,0,-2.796,0.126,0.0,-2.762,0
2262,0.03544009029333852,2.3636,0,-2.9504,0.137,0,-2.796,0.127,0.0,-2.762,0
2263,0.5990534199885685,2.3637,0,-2.9504,0.134,0,-2.163,0.126,0.0,-2.762,1
2264,0.6840467820259081,2.3637,0,-2.9504,0.134,0,-2.078,0.126,0.0,-2.762,1
2265,0.750042665453106,2.3637,0,-2.9505,0.134,0,-2.012,0.126,0.0,-2.762,1
2266,0.8000506233982948,2.3637,0,-2.9506,0.135,0,-1.962,0.126,0.0,-2.762,1
2267,0.8000399990000501,2.3636,0,-2.9506,0.134,0,-1.962,0.126,0.0,-2.762,1
2268,0.8130221399199409,2.3637,0,-2.9504,0.132,0,-1.949,0.126,0.0,-2.762,1
2269,0.8550210523723962,2.3637,0,-2.9504,0.132,0,-1.907,0.126,0.0,-2.762,1
2270,0.9080550644096425,2.3637,0,-2.9504,0.136,0,-1.854,0.126,0.0,-2.762,1
2271,0.9470258708187438,2.3636,0,-2.9502,0.134,0,-1.815,0.127,0.0,-2.762,1
2272,0.9470337903158472,2.3638,0,-2.9504,0.134,0,-1.815,0.126,0.0,-2.762,1
2273,1.0180240665131646,2.3637,0,-2.9504,0.133,0,-1.744,0.126,0.0,-2.762,1
2274,1.0980223130701854,2.3637,0,-2.9504,0.133,0,-1.664,0.126,0.0,-2.762,1
2275,1.1480352782035923,2.3638,0,-2.9504,0.135,0,-1.614,0.126,0.0,-2.762,1
2276,1.1860341479063745,2.3637,0,-2.9502,0.136,0,-1.576,0.127,0.0,-2.762,1
2277,1.1860341479063745,2.3636,0,-2.9503,0.136,0,-1.576,0.127,0.0,-2.762,1
2278,0.033526109228480455,2.3637,0,-2.9504,0.136,0,-2.794,0.126,0.0,-2.762,0
2279,0.04002499219237914,2.3636,0,-2.9503,0.136,0,-2.801,0.127,0.0,-2.762,0
2280,0.03807886552931947,2.3637,0,-2.9503,0.135,0,-2.799,0.126,0.0,-2.762,0
2281,0.041231056256176644,2.3637,0,-2.9503,0.136,0,-2.802,0.126,0.0,-2.762,0
2282,0.041000000000000036,2.3637,0,-2.9504,0.135,0,-2.802,0.126,0.0,-2.762,0
2283,0.03569313659514963,2.3637,0,-2.9504,0.133,0,-2.797,0.126,0.0,-2.762,0
2284,0.03962322551231804,2.3637,0,-2.9505,0.133,0,-2.801,0.126,0.0,-2.762,0
2285,0.04079215610874232,2.3637,0,-2.9503,0.134,0,-2.802,0.126,0.0,-2.762,0
2286,0.03962322551231804,2.3637,0,-2.9503,0.133,0,-2.801,0.126,0.0,-2.762,0
2287,0.03981205847478891,2.3637,0,-2.9503,0.134,0,-2.801,0.126,0.0,-2.762,0
2288,0.041000000000000036,2.3637,0,-2.9504,0.135,0,-2.802,0.126,0.0,-2.762,0
2289,0.03981205847478891,2.3636,0,-2.9503,0.135,0,-2.801,0.127,0.0,-2.762,0
2290,0.037107950630558974,2.3636,0,-2.9504,0.136,0,-2.798,0.127,0.0,-2.762,0
2291,0.035902646142032625,2.3635,0,-2.9504,0.135,0,-2.797,0.127,0.0,-2.762,0
2292,0.03569313659514963,2.3636,0,-2.9503,0.134,0,-2.797,0.127,0.0,-2.762,0
2293,0.041000000000000036,2.3637,0,-2.9503,0.135,0,-2.802,0.126,0.0,-2.762,0
2294,0.03981205847478891,2.3636,0,-2.9504,0.135,0,-2.801,0.127,0.0,-2.762,0
2295,0.034928498393145775,2.3636,0,-2.9504,0.135,0,-2.796,0.127,0.0,-2.762,0
2296,0.036674241641784525,2.3636,0,-2.9503,0.134,0,-2.798,0.127,0.0,-2.762,0
2297,0.03687817782917158,2.3637,0,-2.9504,0.134,0,-2.798,0.126,0.0,-2.762,0
2298,0.036138621999185445,2.3638,0,-2.9503,0.135,0,-2.797,0.126,0.0,-2.762,0
2299,0.03981205847478891,2.3636,0,-2.9503,0.135,0,-2.801,0.127,0.0,-2.762,0
2300,0.036138621999185445,2.3636,0,-2.9503,0.136,0,-2.797,0.127,0.0,-2.762,0
2301,0.03517101079013776,2.3636,0,-2.9503,0.136,0,-2.796,0.127,0.0,-2.762,0
2302,0.03517101079013776,2.3636,0,-2.9503,0.136,0,-2.796,0.127,0.0,-2.762,0
2303,0.035510561809129544,2.3636,0,-2.9503,0.133,0,-2.797,0.127,0.0,-2.762,0
2304,0.040447496832313405,2.3636,0,-2.9503,0.133,0,-2.802,0.127,0.0,-2.762,0
2305,0.03569313659514963,2.3637,0,-2.9503,0.133,0,-2.797,0.126,0.0,-2.762,0
2306,0.036674241641784525,2.3635,0,-2.9502,0.134,0,-2.798,0.127,0.0,-2.762,0
2307,0.03687817782917158,2.3636,0,-2.9504,0.135,0,-2.798,0.127,0.0,-2.762,0
2308,0.03981205847478891,2.3637,0,-2.9504,0.134,0,-2.801,0.126,0.0,-2.762,0
2309,0.03569313659514963,2.3635,0,-2.9502,0.134,0,-2.797,0.127,0.0,-2.762,0
2310,0.037483329627982544,2.3635,0,-2.9503,0.133,0,-2.799,0.127,0.0,-2.762,0
2311,0.040447496832313405,2.3637,0,-2.9502,0.133,0,-2.802,0.127,0.0,-2.762,0
2312,0.04060788100849394,2.3636,0,-2.9503,0.134,0,-2.802,0.127,0.0,-2.762,0
2313,0.03962322551231804,2.3636,0,-2.9503,0.134,0,-2.801,0.127,0.0,-2.762,0
2314,0.04060788100849394,2.3636,0,-2.9502,0.134,0,-2.802,0.127,0.0,-2.762,0
2315,0.04060788100849394,2.3635,0,-2.9502,0.134,0,-2.802,0.127,0.0,-2.762,0
2316,0.03471310991541937,2.3636,0,-2.9503,0.134,0,-2.796,0.127,0.0,-2.762,0
2317,0.03471310991541937,2.3636,0,-2.9503,0.134,0,-2.796,0.127,0.0,-2.762,0
2318,0.041000000000000036,2.3637,0,-2.9502,0.136,0,-2.802,0.127,0.0,-2.762,0
2319,0.04002499219237914,2.3636,0,-2.9503,0.136,0,-2.801,0.127,0.0,-2.762,0
2320,0.035510561809129544,2.3636,0,-2.9502,0.133,0,-2.797,0.127,0.0,-2.762,0
2321,0.03962322551231804,2.3636,0,-2.9503,0.134,0,-2.801,0.127,0.0,-2.762,0
2322,0.03945883931389786,2.3633,0,-2.9502,0.133,0,-2.801,0.127,0.0,-2.762,0
2323,0.03612478373637692,2.3586,0,-2.9478,0.135,0,-2.798,0.132,0.0,-2.762,0
2324,0.03471310991541937,2.3495,0,-2.9433,0.135,0,-2.795,0.142,0.0,-2.761,0
2325,0.04428317965096909,2.337,0,-2.9367,0.137,0,-2.801,0.156,0.0,-2.761,0
2326,0.04104875150354742,2.3239,0,-2.9292,0.149,0,-2.796,0.172,0.0,-2.762,0
2327,0.03894868418830072,2.3114,0,-2.9223,0.167,0,-2.796,0.186,0.0,-2.762,0
2328,0.03827531841800931,2.3008,0,-2.9164,0.185,0,-2.799,0.198,0.0,-2.763,0
2329,0.041880783182743964,2.292,0,-2.9116,0.185,0,-2.798,0.208,0.0,-2.763,0
2330,0.036687872655688424,2.2846,0,-2.9076,0.205,0,-2.798,0.216,0.0,-2.763,0
2331,0.03569313659514963,2.2778,0,-2.9037,0.217,0,-2.798,0.224,0.0,-2.763,0
2332,0.04143669871020125,2.2706,0,-2.9001,0.226,0,-2.804,0.232,0.0,-2.763,0
2333,0.037215588131856714,2.2616,0,-2.8952,0.238,0,-2.8,0.242,0.0,-2.763,0
2334,0.04308131845707607,2.2514,0,-2.8899,0.238,0,-2.803,0.254,0.0,-2.763,0
2335,0.03992492955535419,2.2407,0,-2.8848,0.251,0,-2.8,0.266,0.0,-2.763,0
2336,0.041231056256176436,2.2292,0,-2.8794,0.263,0,-2.8,0.279,0.0,-2.762,0
2337,0.0400249921923787,2.2182,0,-2.8746,0.281,0,-2.8,0.29,0.0,-2.761,0
2338,0.04248529157249624,2.2078,0,-2.8705,0.283,0,-2.798,0.302,0.0,-2.76,0
2339,0.033241540277189355,2.1985,0,-2.8668,0.303,0,-2.791,0.312,0.0,-2.759,0
2340,0.03785498646149532,2.1896,0,-2.8629,0.313,0,-2.795,0.321,0.0,-2.758,0
2341,0.03807886552931947,2.1805,0,-2.8586,0.322,0,-2.795,0.331,0.0,-2.758,0
2342,0.035510561809129114,2.1712,0,-2.8546,0.335,0,-2.792,0.341,0.0,-2.757,0
2343,0.04438468204234462,2.1612,0,-2.8502,0.335,0,-2.797,0.352,0.0,-2.756,0
2344,0.04386342439892266,2.1511,0,-2.8457,0.345,0,-2.795,0.363,0.0,-2.755,0
2345,0.03758989225842494,2.1408,0,-2.8404,0.357,0,-2.788,0.375,0.0,-2.755,0
2346,0.03757658845611211,2.1311,0,-2.8355,0.37,0,-2.789,0.386,0.0,-2.755,0
2347,0.0398497176903428,2.1213,0,-2.8308,0.385,0,-2.793,0.397,0.0,-2.755,0
2348,0.03911521443121581,2.1118,0,-2.8261,0.386,0,-2.788,0.407,0.0,-2.755,0
2349,0.04295346318982917,2.1021,0,-2.8212,0.4,0,-2.793,0.418,0.0,-2.754,0
2350,0.04016217125604623,2.0928,0,-2.8167,0.415,0,-2.792,0.428,0.0,-2.754,0
2351,0.04205948168962622,2.0835,0,-2.8126,0.426,0,-2.793,0.439,0.0,-2.753,0
2352,0.03395585369269921,2.0738,0,-2.8082,0.441,0,-2.786,0.449,0.0,-2.753,0
2353,0.03807886552931986,2.0639,0,-2.8036,0.441,0,-2.785,0.46,0.0,-2.752,0
2354,0.04085339643163122,2.0538,0,-2.7986,0.456,0,-2.79,0.471,0.0,-2.752,0
2355,0.04332435804486887,2.0432,0,-2.7937,0.469,0,-2.792,0.483,0.0,-2.751,0
2356,0.04272001872658759,2.0322,0,-2.788,0.483,0,-2.792,0.495,0.0,-2.751,0
2357,0.03395585369269921,2.0213,0,-2.7824,0.5,0,-2.784,0.508,0.0,-2.751,0
2358,0.04248529157249624,2.0108,0,-2.777,0.5,0,-2.789,0.519,0.0,-2.751,0
2359,0.036235341863986914,2.0009,0,-2.7721,0.514,0,-2.783,0.531,0.0,-2.751,0
2360,0.03605551275463972,1.9915,0,-2.7675,0.529,0,-2.784,0.541,0.0,-2.75,0
2361,0.03517101079013776,1.9823,0,-2.7629,0.542,0,-2.784,0.551,0.0,-2.75,0
2362,0.03471310991541937,1.973,0,-2.7585,0.555,0,-2.784,0.562,0.0,-2.75,0
2363,0.03935733730830894,1.9637,0,-2.7533,0.554,0,-2.785,0.572,0.0,-2.75,0
2364,0.04162931659299754,1.9542,0,-2.7476,0.566,0,-2.789,0.583,0.0,-2.751,0
2365,0.0398497176903428,1.9449,0,-2.7424,0.582,0,-2.789,0.594,0.0,-2.751,0
2366,0.03863935817272356,1.9355,0,-2.7373,0.598,0,-2.789,0.605,0.0,-2.751,0
2367,0.033060550509633,1.926,0,-2.7321,0.613,0,-2.784,0.615,0.0,-2.751,0
2368,0.03827531841800931,1.9169,0,-2.7268,0.613,0,-2.788,0.626,0.0,-2.752,0
2369,0.04002499219237914,1.9079,0,-2.7219,0.627,0,-2.791,0.636,0.0,-2.752,0
2370,0.03373425558686636,1.8986,0,-2.7172,0.64,0,-2.785,0.647,0.0,-2.752,0
2371,0.03395585369269964,1.889,0,-2.712,0.65,0,-2.785,0.658,0.0,-2.752,0
2372,0.03847076812334294,1.8788,0,-2.7065,0.663,0,-2.79,0.669,0.0,-2.752,0
2373,0.0429534631898292,1.8683,0,-2.7009,0.663,0,-2.791,0.681,0.0,-2.752,0
2374,0.04294182110716796,1.8565,0,-2.6944,0.674,0,-2.79,0.694,0.0,-2.752,0
2375,0.04294182110716762,1.8448,0,-2.6877,0.688,0,-2.791,0.708,0.0,-2.753,0
2376,0.040496913462633004,1.8327,0,-2.6809,0.708,0,-2.791,0.722,0.0,-2.753,0
2377,0.0325729949498048,1.821,0,-2.6741,0.725,0,-2.785,0.735,0.0,-2.754,0
2378,0.040000000000000036,1.8089,0,-2.6676,0.725,0,-2.786,0.749,0.0,-2.754,0
2379,0.044777226354476354,1.7948,0,-2.6601,0.743,0,-2.793,0.765,0.0,-2.754,0
2380,0.03758989225842494,1.6795,0,-2.5946,0.88,0,-2.791,0.898,0.0,-2.758,0
2381,0.03858756276314942,1.6667,0,-2.5867,0.893,0,-2.792,0.913,0.0,-2.759,0
2382,0.03324154027718945,1.6537,0,-2.5789,0.916,0,-2.791,0.928,0.0,-2.76,0
2383,0.03939543120718441,1.6406,0,-2.571,0.927,0,-2.797,0.943,0.0,-2.761,0
2384,0.0445982062419554,1.6274,0,-2.5637,0.928,0,-2.794,0.958,0.0,-2.761,0
2385,0.04440720662234907,1.6146,0,-2.5562,0.947,0,-2.798,0.973,0.0,-2.762,0
2386,0.04219004621945801,1.602,0,-2.5489,0.965,0,-2.799,0.987,0.0,-2.763,0
2387,0.037947331922020586,1.5899,0,-2.5416,0.99,0,-2.799,1.002,0.0,-2.763,0
2388,0.0388973006775538,1.5778,0,-2.5341,1.004,0,-2.801,1.016,0.0,-2.764,0
2389,0.039623225512317777,1.5653,0,-2.5259,1.004,0,-2.795,1.031,0.0,-2.766,0
2390,0.04720169488482401,1.5524,0,-2.5177,1.018,0,-2.805,1.046,0.0,-2.767,0
2391,0.031304951684997084,1.5421,0,-2.5098,1.045,0,-2.797,1.059,0.0,-2.769,0
2392,0.024738633753705982,1.535,0,-2.5029,1.062,0,-2.796,1.068,0.0,-2.772,0
2393,0.029154759474226407,1.5297,0,-2.5021,1.07,0,-2.799,1.073,0.0,-2.77,0
2394,0.047169905660283104,1.5192,0,-2.4955,1.069,0,-2.815,1.086,0.0,-2.771,0
2395,0.047010637094173024,1.5052,0,-2.4878,1.079,0,-2.813,1.102,0.0,-2.772,0
2396,0.0477074417675063,1.4891,0,-2.4777,1.095,0,-2.813,1.121,0.0,-2.773,0
2397,0.04701063709417252,1.4731,0,-2.4673,1.111,0,-2.812,1.14,0.0,-2.775,0
2398,0.058412327466040984,1.4583,0,-2.4582,1.111,0,-2.812,1.157,0.0,-2.776,1
2399,0.049578221024962045,1.4457,0,-2.4504,1.139,0,-2.814,1.172,0.0,-2.777,0
2400,0.03883297567789523,1.4346,0,-2.4441,1.162,0,-2.81,1.184,0.0,-2.778,0
2401,0.03982461550347981,1.4248,0,-2.4344,1.173,0,-2.813,1.198,0.0,-2.782,0
2402,0.036235341863986976,1.4147,0,-2.4241,1.188,0,-2.814,1.211,0.0,-2.786,0
2403,0.048414873747640995,1.4036,0,-2.4157,1.187,0,-2.818,1.225,0.0,-2.788,0
2404,0.05008991914547272,1.3913,0,-2.4081,1.217,0,-2.834,1.239,0.0,-2.789,1
2405,0.044294469180700284,1.378,0,-2.3995,1.234,0,-2.83,1.255,0.0,-2.791,0
2406,0.04494441010848857,1.3647,0,-2.3913,1.247,0,-2.83,1.271,0.0,-2.792,0
2407,0.04428317965096905,1.3522,0,-2.3836,1.266,0,-2.833,1.285,0.0,-2.793,0
2408,0.054999999999999986,1.3407,0,-2.3766,1.266,0,-2.838,1.299,0.0,-2.794,1
2409,0.047010637094172636,1.3299,0,-2.37,1.289,0,-2.835,1.312,0.0,-2.794,0
2410,0.0511077293567226,1.3198,0,-2.3629,1.298,0,-2.84,1.324,0.0,-2.796,1
2411,0.04785394445602129,1.3101,0,-2.3564,1.314,0,-2.84,1.335,0.0,-2.797,0
2412,0.048332183894378336,1.2995,0,-2.3494,1.328,0,-2.842,1.348,0.0,-2.798,0
2413,0.05860034129593452,1.2882,0,-2.3425,1.326,0,-2.846,1.361,0.0,-2.799,1
2414,0.0644049687524184,1.2748,0,-2.3368,1.338,0,-2.85,1.376,0.0,-2.798,1
2415,0.05953990258641678,1.2584,0,-2.3332,1.363,0,-2.846,1.392,0.0,-2.794,1
2416,0.05594640292279716,1.244,0,-2.3306,1.383,0,-2.84,1.406,0.0,-2.789,1
2417,0.03395585369269964,1.2338,0,-2.3268,1.409,0,-2.821,1.417,0.0,-2.788,0
2418,0.01081665382639201,1.2258,0,-2.3224,1.417,0,-2.794,1.426,0.0,-2.788,0
2419,0.020124611797497974,1.2129,0,-2.3191,1.43,0,-2.803,1.439,0.0,-2.785,0
2420,0.030016662039607542,1.2001,0,-2.3138,1.438,0,-2.81,1.453,0.0,-2.784,0
2421,0.03905124837953355,1.1894,0,-2.3073,1.44,0,-2.814,1.465,0.0,-2.784,0
2422,0.040496913462633025,1.1784,0,-2.3039,1.454,0,-2.816,1.476,0.0,-2.782,0
2423,0.06500000000000011,1.1669,0,-2.3066,1.452,0,-2.831,1.485,0.0,-2.775,1
2424,0.05800862004909271,1.1512,0,-2.2987,1.469,0,-2.821,1.503,0.0,-2.774,1
2425,0.04816637831516906,1.1323,0,-2.2925,1.487,0,-2.803,1.523,0.0,-2.771,0
2426,0.048795491595023374,1.1165,0,-2.285,1.505,0,-2.804,1.54,0.0,-2.77,0
2427,0.04252058325093863,1.103,0,-2.2789,1.527,0,-2.801,1.555,0.0,-2.769,0
2428,0.050249378105604287,1.0906,0,-2.2728,1.526,0,-2.795,1.569,0.0,-2.769,1
2429,0.03405877273185269,1.0791,0,-2.2661,1.556,0,-2.792,1.582,0.0,-2.77,0
2430,0.03324154027718928,1.0741,0,-2.2613,1.566,0,-2.796,1.589,0.0,-2.772,0
2431,0.024186773244895574,1.0709,0,-2.2562,1.582,0,-2.796,1.594,0.0,-2.775,0
2432,0.03046309242345566,1.0601,0,-2.2503,1.594,0,-2.803,1.606,0.0,-2.775,0
2433,0.04534313619501841,1.0434,0,-2.2429,1.594,0,-2.808,1.624,0.0,-2.774,0
2434,0.060440052945046126,1.024,0,-2.2364,1.597,0,-2.808,1.644,0.0,-2.77,1
2435,0.06735725647619561,1.0032,0,-2.2316,1.614,0,-2.809,1.665,0.0,-2.765,1
2436,0.06444377394287208,0.9878,0,-2.2247,1.639,0,-2.812,1.682,0.0,-2.764,1
2437,0.04280186911806525,0.9752,0,-2.2196,1.67,0,-2.796,1.696,0.0,-2.762,0
2438,0.047507894080878924,0.9658,0,-2.2152,1.67,0,-2.793,1.706,0.0,-2.762,0
2439,0.035608987629529604,0.9562,0,-2.2105,1.689,0,-2.784,1.717,0.0,-2.762,0
2440,0.03701351104664323,0.9458,0,-2.2059,1.699,0,-2.784,1.728,0.0,-2.761,0
2441,0.03471310991541937,0.9334,0,-2.1997,1.716,0,-2.784,1.742,0.0,-2.761,0
2442,0.038209946349085484,0.9198,0,-2.1931,1.731,0,-2.788,1.757,0.0,-2.76,0
2443,0.04788527957525141,0.9054,0,-2.1855,1.731,0,-2.783,1.773,0.0,-2.76,0
2444,0.051478150704934895,0.8913,0,-2.1788,1.744,0,-2.784,1.789,0.0,-2.759,1
2445,0.045793012567421375,0.8774,0,-2.1717,1.765,0,-2.783,1.804,0.0,-2.759,0
2446,0.043266615305567906,0.8648,0,-2.1653,1.782,0,-2.783,1.818,0.0,-2.759,0
2447,0.03969886648255862,0.8526,0,-2.159,1.806,0,-2.789,1.832,0.0,-2.759,0
2448,0.04687216658103194,0.841,0,-2.1532,1.806,0,-2.785,1.845,0.0,-2.759,0
2449,0.039408120990476164,0.8318,0,-2.1524,1.822,0,-2.778,1.854,0.0,-2.755,0
2450,0.030000000000000023,0.8259,0,-2.1501,1.842,0,-2.778,1.86,0.0,-2.754,0
2451,0.02745906043549214,0.82,0,-2.145,1.853,0,-2.779,1.868,0.0,-2.756,0
2452,0.03440930106817036,0.8056,0,-2.1379,1.856,0,-2.776,1.884,0.0,-2.756,0
2453,0.05299999999999996,0.7904,0,-2.1294,1.856,0,-2.784,1.901,0.0,-2.756,1
2454,0.059506302187247354,0.7731,0,-2.1209,1.866,0,-2.781,1.92,0.0,-2.756,1
2455,0.05456189146281511,0.7566,0,-2.1122,1.89,0,-2.78,1.939,0.0,-2.756,1
2456,0.04887739763939974,0.7421,0,-2.1049,1.913,0,-2.78,1.955,0.0,-2.755,0
2457,0.04080441152620645,0.73,0,-2.0984,1.936,0,-2.78,1.969,0.0,-2.756,0
2458,0.053712196007983395,0.7157,0,-2.096,1.936,0,-2.777,1.983,0.0,-2.751,1
2459,0.054037024344425096,0.7014,0,-2.0921,1.955,0,-2.782,1.997,0.0,-2.748,1
2460,0.0510881590977791,0.6882,0,-2.0837,1.974,0,-2.782,2.013,0.0,-2.749,1
2461,0.04883646178829909,0.6747,0,-2.0767,1.992,0,-2.782,2.028,0.0,-2.749,0
2462,0.033541019662496924,0.661,0,-2.07,2.013,0,-2.764,2.043,0.0,-2.749,0
2463,0.047539457296019105,0.6472,0,-2.0622,2.013,0,-2.761,2.059,0.0,-2.749,0
2464,0.05403702434442526,0.6337,0,-2.0541,2.033,0,-2.784,2.075,0.0,-2.75,1
2465,0.04883646178829909,0.621,0,-2.0466,2.054,0,-2.784,2.09,0.0,-2.751,0
2466,0.04686149805543983,0.6095,0,-2.0406,2.072,0,-2.787,2.102,0.0,-2.751,0
2467,0.0567274184147314,0.5981,0,-2.0346,2.072,0,-2.788,2.115,0.0,-2.751,1
2468,0.048414873747641175,0.5869,0,-2.0289,2.09,0,-2.781,2.128,0.0,-2.751,0
2469,0.05841232746604054,0.5767,0,-2.0154,2.107,0,-2.804,2.143,0.0,-2.758,1
2470,0.05560575509783129,0.5638,0,-2.0051,2.125,0,-2.805,2.159,0.0,-2.761,1
2471,0.05021951811795877,0.5504,0,-1.9977,2.146,0,-2.802,2.175,0.0,-2.761,1
2472,0.06621933252457321,0.5411,0,-1.9919,2.145,0,-2.814,2.186,0.0,-2.762,1
2473,0.05693856338194694,0.5341,0,-1.9894,2.164,0,-2.81,2.193,0.0,-2.761,1
2474,0.05980802621722273,0.5274,0,-1.9859,2.18,0,-2.817,2.201,0.0,-2.761,1
2475,0.06184658438426527,0.5168,0,-1.9813,2.188,0,-2.817,2.212,0.0,-2.76,1
2476,0.05131276644267013,0.5029,0,-1.9745,2.2,0,-2.803,2.228,0.0,-2.76,1
2477,0.0523545604508335,0.4858,0,-1.9664,2.201,0,-2.784,2.247,0.0,-2.759,1
2478,0.058180752831155376,0.4675,0,-1.9573,2.214,0,-2.782,2.267,0.0,-2.758,1
2479,0.05322593352868515,0.4511,0,-1.9483,2.238,0,-2.782,2.286,0.0,-2.759,1
2480,0.044944410108488694,0.4372,0,-1.9415,2.263,0,-2.782,2.301,0.0,-2.758,0
2481,0.03301514803843854,0.4261,0,-1.936,2.286,0,-2.777,2.313,0.0,-2.758,0
2482,0.045793012567421375,0.4161,0,-1.9313,2.286,0,-2.781,2.325,0.0,-2.757,0
2483,0.03860051813123776,0.4087,0,-1.9268,2.302,0,-2.781,2.333,0.0,-2.758,0
2484,0.035608987629529604,0.4031,0,-1.925,2.317,0,-2.785,2.339,0.0,-2.757,0
2485,0.03220248437620947,0.399,0,-1.9234,2.329,0,-2.785,2.343,0.0,-2.756,0
2486,0.044407206622349045,0.3992,0,-1.9223,2.338,0,-2.802,2.344,0.0,-2.758,0
2487,0.05021951811795927,0.3936,0,-1.9207,2.338,0,-2.805,2.349,0.0,-2.756,1
2488,0.05478138369920909,0.3826,0,-1.9144,2.342,0,-2.808,2.362,0.0,-2.757,1
2489,0.06152235366108823,0.3602,0,-1.9037,2.344,0,-2.8,2.387,0.0,-2.756,1
2490,0.0780064099930256,0.3317,0,-1.8904,2.355,0,-2.8,2.418,0.0,-2.754,1
2491,0.07481310045707237,0.3058,0,-1.8721,2.391,0,-2.804,2.45,0.0,-2.758,1
2492,0.09192388155425141,0.2866,0,-1.8643,2.391,0,-2.803,2.47,0.0,-2.756,1
2493,0.07213875518748596,0.2746,0,-1.8596,2.431,0,-2.805,2.483,0.0,-2.755,1
2494,0.04753945729601898,0.2756,0,-1.8592,2.464,0,-2.8,2.482,0.0,-2.756,0
2495,0.04401136216933081,0.2758,0,-1.8587,2.482,0,-2.8,2.483,0.0,-2.756,0
2496,0.05008991914547305,0.2741,0,-1.8593,2.481,0,-2.805,2.484,0.0,-2.755,1
2497,0.05714017850864655,0.2686,0,-1.8644,2.482,0,-2.805,2.486,0.0,-2.748,1
2498,0.051244511901275804,0.2547,0,-1.8609,2.485,0,-2.794,2.5,0.0,-2.745,1
2499,0.06720119046564602,0.234,0,-1.8474,2.485,0,-2.801,2.525,0.0,-2.747,1
2500,0.07262231062146114,0.2101,0,-1.8267,2.499,0,-2.799,2.556,0.0,-2.754,1
2501,0.06129437168288809,0.1884,0,-1.8089,2.532,0,-2.794,2.583,0.0,-2.76,1
2502,0.08193900170248611,0.172,0,-1.7927,2.53,0,-2.799,2.605,0.0,-2.766,1
2503,0.0674759216313495,0.159,0,-1.786,2.568,0,-2.809,2.62,0.0,-2.766,1
2504,0.05507267925205734,0.1527,0,-1.7837,2.599,0,-2.813,2.626,0.0,-2.765,1
2505,0.05099019513592807,0.1499,0,-1.784,2.619,0,-2.814,2.629,0.0,-2.764,1
2506,0.04816637831516922,0.1491,0,-1.7837,2.626,0,-2.812,2.63,0.0,-2.764,0
2507,0.05147815070493517,0.1466,0,-1.7816,2.626,0,-2.815,2.633,0.0,-2.764,1
2508,0.04939635614091363,0.1358,0,-1.7741,2.628,0,-2.812,2.646,0.0,-2.766,0
2509,0.057628118136895945,0.1177,0,-1.7629,2.631,0,-2.813,2.667,0.0,-2.768,1
2510,0.06403124237432871,0.0932,0,-1.7464,2.646,0,-2.811,2.696,0.0,-2.771,1
2511,0.05590169943749456,0.0751,0,-1.7341,2.677,0,-2.811,2.718,0.0,-2.773,1
2512,0.06824221567329139,0.0625,0,-1.7267,2.677,0,-2.813,2.733,0.0,-2.774,1
2513,0.06021627686929842,0.0529,0,-1.721,2.709,0,-2.824,2.744,0.0,-2.775,1
2514,0.054781383699209506,0.045,0,-1.7162,2.733,0,-2.826,2.753,0.0,-2.775,1
2515,0.0509607692249635,0.037,0,-1.7122,2.748,0,-2.824,2.762,0.0,-2.775,1
2516,0.04883646178829914,0.0289,0,-1.711,2.761,0,-2.82,2.77,0.0,-2.772,0
2517,0.05249761899362701,0.0217,0,-1.7089,2.761,0,-2.821,2.777,0.0,-2.771,1
2518,0.0579396237474837,0.0113,0,-1.7047,2.767,0,-2.824,2.788,0.0,-2.77,1
2519,0.06090155991434052,-0.0034,0,-1.6971,2.775,0,-2.822,2.805,0.0,-2.769,1
2520,0.06519202405202633,-0.0179,0,-1.6854,2.788,0,-2.828,2.823,0.0,-2.773,1
2521,0.05547071299343495,-0.0325,0,-1.6739,2.81,0,-2.822,2.841,0.0,-2.776,1
2522,0.06107372593840981,-0.046,0,-1.6659,2.81,0,-2.816,2.857,0.0,-2.777,1
2523,0.05544366510251665,-0.0561,0,-1.6592,2.834,0,-2.821,2.869,0.0,-2.778,1
2524,0.048877397639399925,-0.0645,0,-1.6538,2.854,0,-2.821,2.879,0.0,-2.779,0
2525,0.044283179650969146,-0.0741,0,-1.6479,2.871,0,-2.82,2.89,0.0,-2.78,0
2526,0.04382921400162199,-0.0852,0,-1.6414,2.883,0,-2.82,2.903,0.0,-2.781,0
2527,0.05780138406647364,-0.0984,0,-1.6344,2.883,0,-2.827,2.918,0.0,-2.781,1
2528,0.0594053869611167,-0.1125,0,-1.6256,2.9,0,-2.83,2.935,0.0,-2.782,1
2529,0.05044799302251789,-0.1263,0,-1.6165,2.919,0,-2.823,2.951,0.0,-2.784,1
2530,0.045803929962395164,-0.1391,0,-1.6083,2.939,0,-2.822,2.966,0.0,-2.785,0
2531,0.050089919145472624,-0.1518,0,-1.6006,2.959,0,-2.831,2.981,0.0,-2.786,1
2532,0.05860034129593465,-0.1631,0,-1.5939,2.959,0,-2.833,2.994,0.0,-2.786,1
2533,0.05325410782277756,-0.1742,0,-1.5871,2.977,0,-2.831,3.007,0.0,-2.787,1
2534,0.05420332093147081,-0.1856,0,-1.5813,2.993,0,-2.834,3.02,0.0,-2.787,1
2535,0.06041522986797256,-0.1985,0,-1.5769,3.008,0,-2.84,3.033,0.0,-2.785,1
2536,0.06300793600809344,-0.2121,0,-1.5738,3.01,0,-2.832,3.047,0.0,-2.781,1
2537,0.034655446902326865,-0.2253,0,-1.5714,3.035,0,-2.801,3.06,0.0,-2.777,0
2538,0.024758836806279678,-0.2387,0,-1.5674,3.055,0,-2.792,3.073,0.0,-2.775,0
2539,0.028999999999999946,-0.251,0,-1.5631,3.065,0,-2.793,3.086,0.0,-2.773,0
2540,0.040000000000000036,-0.2637,0,-1.5583,3.076,0,-2.803,3.1,0.0,-2.771,0
2541,0.053758720222862176,-0.2767,0,-1.5538,3.076,0,-2.808,3.113,0.0,-2.769,1
2542,0.051662365412358247,-0.29,0,-1.5482,3.093,0,-2.806,3.128,0.0,-2.768,1
2543,0.052153619241621235,-0.2971,0,-1.5433,3.108,0,-2.813,3.136,0.0,-2.769,1
2544,0.06203224967708306,-0.3027,0,-1.5389,3.121,0,-2.828,3.143,0.0,-2.77,1
2545,0.05887274411814038,-0.3141,0,-1.5335,3.135,0,-2.825,3.156,0.0,-2.77,1
2546,0.06403124237432838,-0.3309,0,-1.5257,3.134,0,-2.819,3.174,0.0,-2.769,1
2547,0.06370243323453183,-0.3499,0,-1.5175,3.148,0,-2.81,3.195,0.0,-2.767,1
2548,0.07213875518748565,-0.3724,0,-1.508,3.167,0,-2.815,3.219,0.0,-2.765,1
2549,0.06735725647619545,-0.3886,0,-1.4995,3.194,0,-2.816,3.238,0.0,-2.765,1
2550,0.04785394445602169,-0.4148,0,-1.4835,3.247,0,-2.81,3.268,0.0,-2.767,0
2551,0.05456189146281526,-0.6325,0,-1.3629,3.481,0,-2.813,3.517,0.0,-2.772,1
2552,0.04494441010848831,-0.6417,0,-1.3567,3.504,0,-2.812,3.528,0.0,-2.774,0
2553,0.04695742752749578,-0.651,0,-1.3534,3.517,0,-2.814,3.538,0.0,-2.772,0
2554,0.04560701700396556,-0.6586,0,-1.3528,3.533,0,-2.813,3.545,0.0,-2.769,0
2555,0.05500909015790056,-0.6677,0,-1.3446,3.532,0,-2.821,3.557,0.0,-2.772,1
2556,0.04883646178829909,-0.6809,0,-1.3326,3.541,0,-2.813,3.574,0.0,-2.777,0
2557,0.055803225713214985,-0.6967,0,-1.3206,3.549,0,-2.813,3.594,0.0,-2.78,1
2558,0.05032891812864662,-0.7117,0,-1.3117,3.573,0,-2.814,3.611,0.0,-2.781,1
2559,0.039115214431215774,-0.7266,0,-1.3036,3.595,0,-2.802,3.628,0.0,-2.781,0
2560,0.056859475903317774,-0.7393,0,-1.2971,3.595,0,-2.813,3.642,0.0,-2.781,1
2561,0.10406248123122931,-0.7468,0,-1.2917,3.616,0,-2.684,3.651,0.0,-2.782,1
2562,0.10178899744078436,-0.7532,0,-1.2873,3.64,0,-2.683,3.659,0.0,-2.783,1
2563,0.10806016842481779,-0.7607,0,-1.2823,3.647,0,-2.678,3.668,0.0,-2.784,1
2564,1.1032397744824107,-0.7697,0,-1.2764,3.656,0,-1.682,3.679,0.0,-2.785,1
2565,1.1024939909133293,-0.7785,0,-1.2712,3.656,0,-1.684,3.689,0.0,-2.786,1
2566,1.4652132950529764,-0.7823,0,-1.2687,3.669,0,-1.321,3.694,0.0,-2.786,1
2567,1.465049145933337,-0.7817,0,-1.2691,3.681,0,-1.321,3.693,0.0,-2.786,1
2568,1.4670218130620962,-0.7809,0,-1.2696,3.684,0,-1.319,3.692,0.0,-2.786,1
2569,1.458021947708607,-0.7807,0,-1.2699,3.684,0,-1.328,3.692,0.0,-2.786,1
2570,1.458021947708607,-0.7807,0,-1.2698,3.684,0,-1.328,3.692,0.0,-2.786,1
2571,1.468003065391895,-0.7806,0,-1.2701,3.688,0,-1.318,3.691,0.0,-2.786,1
2572,1.4680054495811656,-0.7808,0,-1.2701,3.688,0,-1.318,3.692,0.0,-2.786,1
2573,1.4600054794417725,-0.7808,0,-1.2701,3.688,0,-1.326,3.692,0.0,-2.786,1
2574,1.465005460740676,-0.7808,0,-1.2701,3.688,0,-1.321,3.692,0.0,-2.786,1
2575,1.4680275882966234,-0.7807,0,-1.27,3.683,0,-1.318,3.692,0.0,-2.786,1
2576,1.4660085265782052,-0.7809,0,-1.2701,3.687,0,-1.32,3.692,0.0,-2.786,1
2577,1.465021842840577,-0.7809,0,-1.2703,3.684,0,-1.32,3.692,0.0,-2.785,1
2578,1.4650276447903638,-0.7809,0,-1.2702,3.683,0,-1.32,3.692,0.0,-2.785,1
2579,1.4600277394625079,-0.7809,0,-1.2703,3.683,0,-1.325,3.692,0.0,-2.785,1
2580,1.4560030906560606,-0.7798,0,-1.2711,3.687,0,-1.329,3.69,0.0,-2.785,1
2581,1.4650013651870775,-0.7765,0,-1.2732,3.684,0,-1.32,3.686,0.0,-2.785,1
2582,1.4640030737672647,-0.7709,0,-1.2768,3.683,0,-1.32,3.68,0.0,-2.784,1
2583,1.4550415801618866,-0.7639,0,-1.2814,3.682,0,-1.328,3.671,0.0,-2.783,1
2584,1.462136792506091,-0.7561,0,-1.2859,3.682,0,-1.321,3.662,0.0,-2.783,1
2585,1.453151747065667,-0.749,0,-1.2909,3.675,0,-1.329,3.654,0.0,-2.782,1
2586,1.0990768853906447,-0.7425,0,-1.2954,3.659,0,-1.682,3.646,0.0,-2.781,1
2587,1.0991023610201192,-0.7366,0,-1.2991,3.654,0,-1.682,3.639,0.0,-2.781,1
2588,1.095065751450569,-0.7311,0,-1.3024,3.645,0,-1.685,3.633,0.0,-2.78,1
2589,1.0901486137220007,-0.7261,0,-1.3059,3.645,0,-1.689,3.627,0.0,-2.779,1
2590,1.0941028288054098,-0.7202,0,-1.3096,3.635,0,-1.685,3.62,0.0,-2.779,1
2591,1.0941480704182591,-0.7115,0,-1.3145,3.628,0,-1.685,3.61,0.0,-2.779,1
2592,1.0941480704182591,-0.7021,0,-1.3143,3.619,0,-1.689,3.601,0.0,-2.783,1
2593,0.10729864864013874,-0.6978,0,-1.3196,3.603,0,-2.673,3.595,0.0,-2.78,1
2594,0.10239140588936134,-0.6885,0,-1.3293,3.604,0,-2.676,3.582,0.0,-2.776,1
2595,0.10346496991735897,-0.6719,0,-1.341,3.598,0,-2.677,3.562,0.0,-2.774,1
2596,0.09931767214348108,-0.6518,0,-1.358,3.579,0,-2.678,3.537,0.0,-2.768,1
2597,0.09527329111561103,-0.6335,0,-1.3674,3.557,0,-2.682,3.516,0.0,-2.768,1
2598,0.09835141076771582,-0.6174,0,-1.3758,3.53,0,-2.675,3.498,0.0,-2.768,1
2599,0.06942621983083905,-0.6054,0,-1.383,3.53,0,-2.819,3.484,0.0,-2.767,1
2600,0.05243090691567333,-0.5953,0,-1.3883,3.502,0,-2.81,3.472,0.0,-2.767,1
2601,0.04477722635447648,-0.5892,0,-1.3912,3.484,0,-2.809,3.466,0.0,-2.768,0
2602,0.04159326868617071,-0.5864,0,-1.3928,3.469,0,-2.808,3.462,0.0,-2.767,0
2603,0.04669047011971527,-0.5818,0,-1.3961,3.465,0,-2.813,3.457,0.0,-2.767,0
2604,0.05946427498927408,-0.5721,0,-1.4036,3.465,0,-2.821,3.445,0.0,-2.765,1
2605,0.0638200595424354,-0.5551,0,-1.4157,3.461,0,-2.814,3.424,0.0,-2.762,1
2606,0.07043436661176149,-0.5394,0,-1.4274,3.449,0,-2.814,3.405,0.0,-2.759,1
2607,0.056639209034024925,-0.5231,0,-1.4368,3.424,0,-2.8,3.386,0.0,-2.758,1
2608,0.05243090691567322,-0.5111,0,-1.4437,3.402,0,-2.8,3.372,0.0,-2.757,1
2609,0.061717096496837695,-0.5022,0,-1.4493,3.402,0,-2.804,3.362,0.0,-2.757,1
2610,0.05745432968889297,-0.4946,0,-1.4552,3.382,0,-2.804,3.352,0.0,-2.755,1
2611,0.051000000000000344,-0.4864,0,-1.458,3.368,0,-2.801,3.344,0.0,-2.756,1
2612,0.04701063709417282,-0.4803,0,-1.4594,3.357,0,-2.801,3.338,0.0,-2.758,0
2613,0.04684015371452138,-0.4741,0,-1.4625,3.344,0,-2.803,3.331,0.0,-2.758,0
2614,0.06184658438426527,-0.4658,0,-1.4689,3.344,0,-2.813,3.32,0.0,-2.756,1
2615,0.07155417527999335,-0.4563,0,-1.479,3.339,0,-2.816,3.307,0.0,-2.752,1
2616,0.07430343195303965,-0.4389,0,-1.4889,3.323,0,-2.816,3.287,0.0,-2.751,1
2617,0.07717512552629884,-0.4209,0,-1.5048,3.304,0,-2.811,3.264,0.0,-2.745,1
2618,0.07517978451685027,-0.4061,0,-1.5148,3.282,0,-2.809,3.246,0.0,-2.743,1
2619,0.08200609733428374,-0.3944,0,-1.524,3.281,0,-2.806,3.231,0.0,-2.741,1
2620,0.07502666192761051,-0.3908,0,-1.53,3.252,0,-2.807,3.225,0.0,-2.737,1
2621,0.07144928271158474,-0.3901,0,-1.5309,3.232,0,-2.808,3.224,0.0,-2.737,1
2622,0.04899999999999993,-0.3904,0,-1.5302,3.225,0,-2.786,3.225,0.0,-2.737,0
2623,0.046097722286464235,-0.3899,0,-1.5307,3.227,0,-2.783,3.224,0.0,-2.737,0
2624,0.04816637831516922,-0.3887,0,-1.5316,3.227,0,-2.785,3.223,0.0,-2.737,0
2625,0.04130375285612668,-0.3876,0,-1.5317,3.227,0,-2.778,3.222,0.0,-2.737,0
2626,0.01513274595042165,-0.2321,0,-1.7313,2.993,0,-2.618,2.991,0.0,-2.633,0
2627,0.013928388277183987,-0.224,0,-1.7409,2.985,0,-2.641,2.98,0.0,-2.628,0
2628,0.1142716062720744,-0.214,0,-1.749,2.984,0,-2.739,2.967,0.0,-2.626,1
2629,0.06797793759742922,-0.2025,0,-1.7553,2.984,0,-2.686,2.954,0.0,-2.625,1
2630,0.058523499553598084,-0.1937,0,-1.7607,2.976,0,-2.674,2.944,0.0,-2.625,1
2631,0.06555150646628949,-0.1864,0,-1.7642,2.96,0,-2.686,2.936,0.0,-2.625,1
2632,0.06609841147864313,-0.177,0,-1.7688,2.945,0,-2.688,2.925,0.0,-2.625,1
2633,0.0629682459657249,-0.169,0,-1.7717,2.939,0,-2.685,2.917,0.0,-2.626,1
2634,0.06463745044476951,-0.1556,0,-1.7778,2.939,0,-2.68,2.902,0.0,-2.627,1
2635,0.0668879660327626,-0.1441,0,-1.7862,2.923,0,-2.682,2.888,0.0,-2.625,1
2636,0.06847627326307998,-0.1329,0,-1.7952,2.907,0,-2.682,2.874,0.0,-2.622,1
2637,0.06664833081180674,-0.121,0,-1.8025,2.891,0,-2.68,2.86,0.0,-2.621,1
2638,0.057384666941614156,-0.1121,0,-1.8077,2.872,0,-2.674,2.85,0.0,-2.621,1
2639,0.060207972893961625,-0.1025,0,-1.8118,2.871,0,-2.673,2.839,0.0,-2.622,1
2640,0.055758407437802485,-0.0925,0,-1.8159,2.858,0,-2.67,2.828,0.0,-2.623,1
2641,0.05491812087098391,-0.0798,0,-1.8215,2.845,0,-2.67,2.815,0.0,-2.624,1
2642,0.05594640292279746,-0.0681,0,-1.8273,2.829,0,-2.673,2.802,0.0,-2.624,1
2643,0.05235456045083371,-0.0559,0,-1.8338,2.813,0,-2.67,2.788,0.0,-2.624,1
2644,0.059816385714952715,-0.0452,0,-1.8394,2.813,0,-2.671,2.776,0.0,-2.624,1
2645,0.058008620049092616,-0.0342,0,-1.8448,2.797,0,-2.671,2.763,0.0,-2.624,1
2646,0.05742821606144464,-0.0236,0,-1.8507,2.784,0,-2.671,2.751,0.0,-2.624,1
2647,0.0560802995712398,-0.0133,0,-1.8565,2.768,0,-2.672,2.739,0.0,-2.624,1
2648,0.059933296255086733,-0.0022,0,-1.862,2.753,0,-2.678,2.727,0.0,-2.624,1
2649,0.068007352543677,0.0095,0,-1.8689,2.753,0,-2.678,2.713,0.0,-2.623,1
2650,0.06685057965343273,0.0212,0,-1.8756,2.738,0,-2.678,2.7,0.0,-2.623,1
2651,0.06276941930590073,0.0316,0,-1.8812,2.72,0,-2.677,2.688,0.0,-2.623,1
2652,0.054120236510938835,0.0421,0,-1.8867,2.701,0,-2.671,2.676,0.0,-2.623,1
2653,0.060745370193949676,0.0524,0,-1.8925,2.686,0,-2.679,2.665,0.0,-2.622,1
2654,0.06466065264130888,0.0631,0,-1.8988,2.686,0,-2.677,2.652,0.0,-2.622,1
2655,0.05936328831862319,0.0739,0,-1.9051,2.672,0,-2.671,2.64,0.0,-2.621,1
2656,0.05830951894845298,0.0848,0,-1.911,2.657,0,-2.671,2.627,0.0,-2.621,1
2657,0.05590169943749454,0.0956,0,-1.9173,2.64,0,-2.671,2.615,0.0,-2.621,1
2658,0.05830951894845293,0.107,0,-1.9235,2.624,0,-2.674,2.602,0.0,-2.62,1
2659,0.06021627686929842,0.1182,0,-1.929,2.624,0,-2.67,2.589,0.0,-2.621,1
2660,0.06140032573203502,0.1289,0,-1.9348,2.608,0,-2.674,2.577,0.0,-2.621,1
2661,0.05994163828258279,0.1399,0,-1.9407,2.593,0,-2.674,2.565,0.0,-2.621,1
2662,0.05869412236331664,0.1501,0,-1.947,2.576,0,-2.674,2.553,0.0,-2.62,1
2663,0.05375872022286214,0.309,0,-2.0315,2.39,0,-2.67,2.373,0.0,-2.619,1
2664,0.05866856057549022,0.3191,0,-2.037,2.39,0,-2.67,2.361,0.0,-2.619,1
2665,0.054203320931470206,0.329,0,-2.0423,2.377,0,-2.666,2.35,0.0,-2.619,1
2666,0.0509901951359276,0.3393,0,-2.0478,2.36,0,-2.665,2.338,0.0,-2.619,1
2667,0.05608029957123982,0.3495,0,-2.0533,2.348,0,-2.67,2.327,0.0,-2.618,1
2668,0.05107837115648868,0.3596,0,-2.0588,2.335,0,-2.665,2.315,0.0,-2.618,1
2669,0.053600373133029365,0.3702,0,-2.0638,2.335,0,-2.662,2.303,0.0,-2.619,1
2670,0.043416586692184754,0.3815,0,-2.0695,2.318,0,-2.653,2.291,0.0,-2.619,0
2671,0.0410487515035475,0.3917,0,-2.0745,2.302,0,-2.653,2.279,0.0,-2.619,0
2672,0.036055512754639744,0.4018,0,-2.0797,2.288,0,-2.649,2.268,0.0,-2.619,0
2673,0.03023243291566182,0.4122,0,-2.0848,2.274,0,-2.645,2.257,0.0,-2.62,0
2674,0.03828837943815317,0.4225,0,-2.0901,2.274,0,-2.645,2.245,0.0,-2.62,0
2675,0.03753664875824655,0.4335,0,-2.0965,2.26,0,-2.644,2.232,0.0,-2.619,0
2676,0.036069377593742666,0.4443,0,-2.1022,2.246,0,-2.644,2.22,0.0,-2.619,0
2677,0.03255764119219929,0.4555,0,-2.1077,2.23,0,-2.644,2.208,0.0,-2.62,0
2678,0.043011626335213195,0.4671,0,-2.1135,2.23,0,-2.645,2.195,0.0,-2.62,0
2679,0.03966106403010371,0.4791,0,-2.1194,2.214,0,-2.642,2.181,0.0,-2.62,0
2680,0.03661966684720126,0.4916,0,-2.1255,2.197,0,-2.642,2.167,0.0,-2.621,0
2681,0.03580502757993619,0.5037,0,-2.1318,2.183,0,-2.642,2.154,0.0,-2.621,0
2682,0.036069377593742666,0.5158,0,-2.1379,2.165,0,-2.647,2.14,0.0,-2.621,0
2683,0.04661544808322695,0.5274,0,-2.1435,2.165,0,-2.648,2.127,0.0,-2.621,0
2684,0.04161730409336948,0.5389,0,-2.149,2.149,0,-2.646,2.115,0.0,-2.622,0
2685,0.03482814953453625,0.5501,0,-2.1548,2.129,0,-2.644,2.102,0.0,-2.622,0
2686,0.03047950130825616,0.562,0,-2.1603,2.112,0,-2.643,2.089,0.0,-2.623,0
2687,0.029698484809834867,0.5745,0,-2.1663,2.096,0,-2.644,2.075,0.0,-2.623,0
2688,0.0418807831827438,0.5869,0,-2.1726,2.096,0,-2.646,2.061,0.0,-2.623,0
2689,0.03883297567789511,0.5992,0,-2.1787,2.079,0,-2.646,2.047,0.0,-2.624,0
2690,0.03687817782917158,0.6119,0,-2.1852,2.061,0,-2.648,2.033,0.0,-2.624,0
2691,0.03612478373637667,0.6244,0,-2.1915,2.046,0,-2.648,2.019,0.0,-2.624,0
2692,0.031827660925679055,0.6369,0,-2.1978,2.028,0,-2.646,2.005,0.0,-2.624,0
2693,0.0446542271235321,0.6495,0,-2.2042,2.028,0,-2.649,1.991,0.0,-2.624,0
2694,0.039115214431215586,0.6618,0,-2.2102,2.01,0,-2.646,1.977,0.0,-2.625,0
2695,0.0352278299076172,0.6738,0,-2.2157,1.993,0,-2.646,1.964,0.0,-2.626,0
2696,0.033941125496954314,0.6859,0,-2.2216,1.975,0,-2.65,1.951,0.0,-2.626,0
2697,0.029832867780352778,0.697,0,-2.2271,1.957,0,-2.649,1.938,0.0,-2.626,0
2698,0.03883297567789536,0.7088,0,-2.2328,1.957,0,-2.649,1.925,0.0,-2.627,0
2699,0.03748332962798274,0.7196,0,-2.2386,1.939,0,-2.654,1.913,0.0,-2.627,0
2700,0.03546829570193659,0.731,0,-2.2442,1.923,0,-2.654,1.9,0.0,-2.627,0
2701,0.03301514803843841,0.7411,0,-2.2491,1.908,0,-2.654,1.889,0.0,-2.627,0
2702,0.030528675044947336,0.7514,0,-2.2535,1.894,0,-2.654,1.878,0.0,-2.628,0
2703,0.0348281495345358,0.7615,0,-2.258,1.894,0,-2.651,1.867,0.0,-2.629,0
2704,0.036796738985948235,0.7705,0,-2.2629,1.882,0,-2.656,1.857,0.0,-2.629,0
2705,0.03280243893371366,0.7801,0,-2.2671,1.866,0,-2.656,1.846,0.0,-2.63,0
2706,0.02884441020371194,0.7898,0,-2.2717,1.851,0,-2.654,1.835,0.0,-2.63,0
2707,0.029832867780352636,0.8,0,-2.2768,1.843,0,-2.653,1.824,0.0,-2.63,0
2708,0.04313930922024609,0.8101,0,-2.2823,1.843,0,-2.66,1.812,0.0,-2.63,0
2709,0.03324154027718943,0.8198,0,-2.2869,1.826,0,-2.654,1.802,0.0,-2.631,0
2710,0.035468295701936416,0.8304,0,-2.2921,1.817,0,-2.654,1.79,0.0,-2.631,0
2711,0.03482814953453611,0.8405,0,-2.2971,1.801,0,-2.658,1.779,0.0,-2.631,0
2712,0.02801785145224355,0.8506,0,-2.3015,1.784,0,-2.655,1.768,0.0,-2.632,0
2713,0.036235341863986976,0.861,0,-2.3062,1.784,0,-2.656,1.756,0.0,-2.633,0
2714,0.03264965543462889,0.8714,0,-2.31,1.766,0,-2.659,1.745,0.0,-2.634,0
2715,0.03405877273185266,0.8823,0,-2.3137,1.756,0,-2.662,1.734,0.0,-2.636,0
2716,0.03201562118716419,0.8932,0,-2.3169,1.743,0,-2.663,1.723,0.0,-2.638,0
2717,0.02879236009777599,0.9033,0,-2.3206,1.739,0,-2.65,1.712,0.0,-2.64,0
2718,0.04215447781671592,0.9134,0,-2.3259,1.74,0,-2.656,1.701,0.0,-2.64,0
2719,0.04742362280551763,0.9226,0,-2.3324,1.722,0,-2.673,1.69,0.0,-2.638,0
2720,0.04118252056394804,0.9323,0,-2.3384,1.698,0,-2.673,1.678,0.0,-2.637,0
2721,0.044721359549995836,0.9425,0,-2.3446,1.686,0,-2.677,1.666,0.0,-2.637,0
2722,0.03944616584663227,0.9519,0,-2.3508,1.675,0,-2.669,1.655,0.0,-2.635,0
2723,0.04919349550499542,0.954,0,-2.3579,1.672,0,-2.674,1.65,0.0,-2.63,0
2724,0.04751841748206659,0.9552,0,-2.3608,1.654,0,-2.675,1.647,0.0,-2.628,0
2725,0.0486621002423858,0.9579,0,-2.3631,1.652,0,-2.675,1.644,0.0,-2.627,0
2726,0.03298484500494132,0.9642,0,-2.3664,1.645,0,-2.659,1.637,0.0,-2.627,0
2727,0.04477722635447625,0.9752,0,-2.3723,1.646,0,-2.666,1.624,0.0,-2.627,0
2728,0.04738143096192866,0.9866,0,-2.3748,1.646,0,-2.664,1.613,0.0,-2.63,0
2729,0.04110960958218896,1.0016,0,-2.379,1.629,0,-2.661,1.598,0.0,-2.634,0
2730,0.03860051813123776,1.0169,0,-2.3823,1.614,0,-2.661,1.583,0.0,-2.638,0
2731,0.03679673898594806,1.0247,0,-2.389,1.598,0,-2.663,1.573,0.0,-2.636,0
2732,0.04701063709417282,1.0318,0,-2.3956,1.582,0,-2.676,1.563,0.0,-2.633,0
2733,0.05325410782277744,1.0402,0,-2.406,1.581,0,-2.672,1.551,0.0,-2.628,1
2734,0.05408326913196017,1.0496,0,-2.4116,1.57,0,-2.672,1.54,0.0,-2.627,1
2735,0.05408326913196017,1.0575,0,-2.416,1.561,0,-2.672,1.531,0.0,-2.627,1
2736,0.035355339059327556,1.0644,0,-2.4201,1.54,0,-2.657,1.523,0.0,-2.626,0
2737,0.039000000000000076,1.0708,0,-2.4251,1.53,0,-2.661,1.515,0.0,-2.625,0
2738,0.0411460812228819,1.0742,0,-2.4281,1.529,0,-2.661,1.511,0.0,-2.624,0
2739,0.03298484500494132,1.0745,0,-2.4285,1.518,0,-2.656,1.51,0.0,-2.624,0
2740,0.03206243908376283,1.0746,0,-2.4285,1.512,0,-2.656,1.51,0.0,-2.624,0
2741,0.031256999216175266,1.0749,0,-2.4284,1.514,0,-2.655,1.51,0.0,-2.624,0
2742,0.03395585369269921,1.0778,0,-2.4311,1.514,0,-2.656,1.506,0.0,-2.623,0
2743,0.03623534186398686,1.0847,0,-2.4382,1.514,0,-2.652,1.497,0.0,-2.62,0
2744,0.03920459156782526,1.1058,0,-2.4439,1.507,0,-2.649,1.476,0.0,-2.625,0
2745,0.04924428900898047,1.1261,0,-2.4534,1.496,0,-2.65,1.453,0.0,-2.626,0
2746,0.0537587202228625,1.1424,0,-2.4637,1.473,0,-2.661,1.434,0.0,-2.624,1
2747,0.05903388857258162,1.1536,0,-2.4694,1.474,0,-2.65,1.421,0.0,-2.624,1
2748,0.04080441152620645,1.1601,0,-2.4729,1.447,0,-2.648,1.414,0.0,-2.624,0
2749,0.03220248437620915,1.166,0,-2.4752,1.427,0,-2.651,1.408,0.0,-2.625,0
2750,0.029529646120466633,1.1705,0,-2.4772,1.417,0,-2.651,1.403,0.0,-2.625,0
2751,0.026000000000000023,1.176,0,-2.4798,1.407,0,-2.65,1.397,0.0,-2.626,0
2752,0.03061045573002803,1.1837,0,-2.4835,1.407,0,-2.65,1.388,0.0,-2.626,0
2753,0.038418745424597125,1.1931,0,-2.4878,1.408,0,-2.65,1.378,0.0,-2.626,0
2754,0.044687805943008745,1.2037,0,-2.493,1.4,0,-2.656,1.366,0.0,-2.627,0
2755,0.04172529209005009,1.2122,0,-2.4996,1.385,0,-2.654,1.355,0.0,-2.625,0
2756,0.03940812099047567,1.2178,0,-2.5052,1.371,0,-2.655,1.348,0.0,-2.623,0
2757,0.04103656905736642,1.2234,0,-2.5093,1.371,0,-2.65,1.341,0.0,-2.622,0
2758,0.04580392996239503,1.2312,0,-2.5134,1.359,0,-2.659,1.332,0.0,-2.622,0
2759,0.048020828814171766,1.2418,0,-2.5184,1.345,0,-2.663,1.32,0.0,-2.622,0
2760,0.051088159097778925,1.2532,0,-2.523,1.341,0,-2.662,1.308,0.0,-2.623,1
2761,0.05243090691567309,1.2644,0,-2.5277,1.326,0,-2.667,1.296,0.0,-2.624,1
2762,0.05800000000000005,1.2742,0,-2.532,1.327,0,-2.665,1.285,0.0,-2.625,1
2763,0.049040799340956856,1.282,0,-2.5358,1.308,0,-2.663,1.277,0.0,-2.625,0
2764,0.044418464629025524,1.2892,0,-2.5395,1.292,0,-2.663,1.269,0.0,-2.625,0
2765,0.05333854141237853,1.2969,0,-2.5432,1.287,0,-2.672,1.26,0.0,-2.626,1
2766,0.048877397639399925,1.3047,0,-2.5469,1.277,0,-2.668,1.252,0.0,-2.626,0
2767,0.056222771187482375,1.3133,0,-2.5516,1.277,0,-2.67,1.242,0.0,-2.626,1
2768,0.05860034129593452,1.3227,0,-2.5564,1.266,0,-2.673,1.231,0.0,-2.626,1
2769,0.055217750769114414,1.3329,0,-2.5612,1.252,0,-2.672,1.22,0.0,-2.627,1
2770,0.05458937625582477,1.3436,0,-2.5648,1.235,0,-2.676,1.209,0.0,-2.628,1
2771,0.05675385449465101,1.3508,0,-2.5634,1.217,0,-2.688,1.203,0.0,-2.633,1
2772,0.05316013544000781,1.3552,0,-2.5624,1.215,0,-2.687,1.2,0.0,-2.636,1
2773,0.027856776554368055,1.3576,0,-2.5629,1.207,0,-2.663,1.197,0.0,-2.637,0
2774,0.03041381265149083,1.3607,0,-2.5648,1.208,0,-2.663,1.194,0.0,-2.636,0
2775,0.035355339059327556,1.3664,0,-2.5702,1.203,0,-2.665,1.186,0.0,-2.634,0
2776,0.039824615503479946,1.3793,0,-2.5763,1.197,0,-2.666,1.172,0.0,-2.635,0
2777,0.05470831746635986,1.3988,0,-2.5851,1.197,0,-2.664,1.15,0.0,-2.636,1
2778,0.06777905281132209,1.425,0,-2.597,1.185,0,-2.663,1.122,0.0,-2.638,1
2779,0.06989277502002617,1.4444,0,-2.605,1.167,0,-2.663,1.101,0.0,-2.64,1
2780,0.04664761515876226,1.4548,0,-2.6083,1.13,0,-2.666,1.09,0.0,-2.642,0
2781,0.03635931792539587,1.4591,0,-2.6106,1.104,0,-2.673,1.085,0.0,-2.642,0
2782,0.0374432904536983,1.4609,0,-2.6114,1.104,0,-2.673,1.083,0.0,-2.642,0
2783,0.032280024783138114,1.4622,0,-2.6128,1.09,0,-2.672,1.081,0.0,-2.641,0
2784,0.03228002478313805,1.4654,0,-2.6145,1.087,0,-2.672,1.078,0.0,-2.641,0
2785,0.030413812651491224,1.4719,0,-2.6177,1.085,0,-2.668,1.071,0.0,-2.641,0
2786,0.036124783736377,1.4814,0,-2.6225,1.084,0,-2.668,1.06,0.0,-2.641,0
2787,0.043266615305567906,1.4945,0,-2.626,1.083,0,-2.668,1.047,0.0,-2.644,0
2788,0.04720169488482383,1.5093,0,-2.635,1.067,0,-2.671,1.029,0.0,-2.643,0
2789,0.04882622246293485,1.5252,0,-2.6433,1.052,0,-2.671,1.012,0.0,-2.643,0
2790,0.05020956084253281,1.5376,0,-2.6513,1.032,0,-2.678,0.997,0.0,-2.642,1
2791,0.04272001872658751,1.5519,0,-2.6568,1.018,0,-2.667,0.982,0.0,-2.644,0
2792,0.05500909015790037,1.5649,0,-2.6606,1.017,0,-2.672,0.968,0.0,-2.647,1
2793,0.04134005321718869,1.5713,0,-2.6617,0.997,0,-2.671,0.962,0.0,-2.649,0
2794,0.028319604517012535,1.5767,0,-2.6634,0.976,0,-2.671,0.957,0.0,-2.65,0
2795,0.04494441010848831,1.5833,0,-2.6679,0.973,0,-2.687,0.949,0.0,-2.649,0
2796,0.05521775076911399,1.5942,0,-2.6765,0.967,0,-2.691,0.935,0.0,-2.646,1
2797,0.06414047084329844,1.6167,0,-2.6829,0.967,0,-2.684,0.912,0.0,-2.651,1
2798,0.07694153624668534,1.6359,0,-2.6995,0.955,0,-2.681,0.887,0.0,-2.645,1
2799,0.0742428447730825,1.6566,0,-2.7087,0.931,0,-2.681,0.865,0.0,-2.647,1
2800,0.0646606526413091,1.6716,0,-2.7164,0.898,0,-2.688,0.848,0.0,-2.647,1
2801,0.0466690475583121,1.6845,0,-2.7223,0.867,0,-2.681,0.834,0.0,-2.648,0
2802,0.054037024344425096,1.6929,0,-2.7246,0.867,0,-2.683,0.825,0.0,-2.649,1
2803,0.04161730409336948,1.6969,0,-2.7267,0.845,0,-2.683,0.821,0.0,-2.649,0
2804,0.03858756276314942,1.7007,0,-2.7284,0.837,0,-2.683,0.817,0.0,-2.65,0
2805,0.045221676218379935,1.7092,0,-2.7327,0.833,0,-2.687,0.807,0.0,-2.65,0
2806,0.047423622805517464,1.7241,0,-2.7408,0.825,0,-2.682,0.79,0.0,-2.65,0
2807,0.0668879660327626,1.7433,0,-2.7518,0.825,0,-2.684,0.768,0.0,-2.649,1
2808,0.06603786792439612,1.7581,0,-2.7606,0.807,0,-2.683,0.751,0.0,-2.648,1
2809,0.0608029604542411,1.7736,0,-2.7684,0.782,0,-2.684,0.733,0.0,-2.648,1
2810,0.054037024344425096,1.7873,0,-2.7745,0.76,0,-2.683,0.718,0.0,-2.649,1
2811,0.04393176527297755,1.798,0,-2.7792,0.736,0,-2.683,0.707,0.0,-2.65,0
2812,0.053150729063673366,1.8085,0,-2.7841,0.735,0,-2.686,0.695,0.0,-2.651,1
2813,0.05249761899362686,1.8208,0,-2.7901,0.722,0,-2.685,0.682,0.0,-2.651,1
2814,0.054817880294663085,1.8343,0,-2.7973,0.709,0,-2.685,0.666,0.0,-2.651,1
2815,0.05403702434442529,1.8487,0,-2.8052,0.692,0,-2.685,0.65,0.0,-2.651,1
2816,0.06723094525588652,1.8636,0,-2.8125,0.691,0,-2.685,0.633,0.0,-2.651,1
2817,0.060745370193949995,1.8777,0,-2.8201,0.668,0,-2.684,0.617,0.0,-2.651,1
2818,0.058249463516843035,1.8909,0,-2.8265,0.651,0,-2.684,0.603,0.0,-2.651,1
2819,0.05280151512977639,1.9041,0,-2.8329,0.63,0,-2.684,0.588,0.0,-2.652,1
2820,0.049678969393496926,1.9172,0,-2.8399,0.611,0,-2.684,0.573,0.0,-2.652,0
2821,0.06382005954243555,1.9296,0,-2.8468,0.611,0,-2.688,0.559,0.0,-2.651,1
2822,0.06074537019394967,1.9429,0,-2.8537,0.595,0,-2.685,0.544,0.0,-2.652,1
2823,0.053600373133029545,1.9551,0,-2.8588,0.574,0,-2.685,0.531,0.0,-2.653,1
2824,0.04244997055358237,1.9603,0,-2.8595,0.555,0,-2.685,0.526,0.0,-2.654,0
2825,0.038910152916687576,1.9612,0,-2.8614,0.541,0,-2.688,0.524,0.0,-2.653,0
2826,0.05053711507397306,1.9667,0,-2.864,0.541,0,-2.698,0.518,0.0,-2.653,1
2827,0.046754678910243964,1.979,0,-2.8702,0.535,0,-2.689,0.504,0.0,-2.654,0
2828,0.0594053869611167,1.9981,0,-2.8793,0.531,0,-2.69,0.483,0.0,-2.655,1
2829,0.06983552104767306,2.0237,0,-2.8916,0.516,0,-2.69,0.455,0.0,-2.656,1
2830,0.07045565981523416,2.0439,0,-2.9071,0.488,0,-2.691,0.43,0.0,-2.651,1
2831,0.09349331526906074,2.0615,0,-2.9187,0.488,0,-2.699,0.409,0.0,-2.649,1
2832,0.07072481884034777,2.0746,0,-2.9254,0.453,0,-2.688,0.394,0.0,-2.649,1
2833,0.05374011537017778,2.0831,0,-2.9291,0.423,0,-2.688,0.385,0.0,-2.65,1
2834,0.04429446918070034,2.0863,0,-2.9309,0.402,0,-2.689,0.381,0.0,-2.65,0
2835,0.03700000000000014,2.089,0,-2.9323,0.39,0,-2.685,0.378,0.0,-2.65,0
2836,0.03982461550347989,2.0951,0,-2.9358,0.39,0,-2.685,0.371,0.0,-2.65,0
2837,0.05047771785649571,2.1077,0,-2.9427,0.385,0,-2.691,0.357,0.0,-2.649,1
2838,0.06224146527838152,2.1269,0,-2.9542,0.379,0,-2.691,0.334,0.0,-2.648,1
2839,0.06370243323453173,2.1464,0,-2.9647,0.359,0,-2.691,0.312,0.0,-2.648,1
2840,0.061717096496838035,2.1612,0,-2.9745,0.334,0,-2.693,0.294,0.0,-2.646,1
2841,0.0690651865993281,2.1769,0,-2.9829,0.334,0,-2.685,0.277,0.0,-2.646,1
2842,0.06435060217278475,2.188,0,-2.9891,0.318,0,-2.681,0.264,0.0,-2.646,1
2843,0.05166236541235804,2.1969,0,-2.9938,0.292,0,-2.681,0.254,0.0,-2.646,1
2844,0.05060632371552003,2.2046,0,-2.9978,0.276,0,-2.686,0.245,0.0,-2.646,1
2845,0.04440720662234907,2.2118,0,-3.0018,0.263,0,-2.682,0.237,0.0,-2.646,0
2846,0.053907327887774165,2.2194,0,-3.0062,0.263,0,-2.686,0.228,0.0,-2.645,1
2847,0.050447993022517866,2.2285,0,-3.0111,0.25,0,-2.684,0.218,0.0,-2.645,1
2848,0.05108815909777932,2.2383,0,-3.0159,0.24,0,-2.684,0.207,0.0,-2.645,1
2849,0.04920365840057029,2.2481,0,-3.0214,0.226,0,-2.684,0.196,0.0,-2.645,0
2850,0.04720169488482363,2.2577,0,-3.0268,0.213,0,-2.683,0.185,0.0,-2.645,0
2851,0.058051701094799756,2.2671,0,-3.0321,0.213,0,-2.687,0.174,0.0,-2.644,1
2852,0.05481788029466275,2.2751,0,-3.0368,0.199,0,-2.687,0.165,0.0,-2.644,1
2853,0.049739320461783296,2.2794,0,-3.039,0.185,0,-2.687,0.16,0.0,-2.644,0
2854,0.03889730067755337,2.2794,0,-3.0391,0.172,0,-2.681,0.16,0.0,-2.644,0
2855,0.04560701700396555,2.2794,0,-3.0391,0.172,0,-2.688,0.16,0.0,-2.644,0
2856,0.04080441152620604,2.2793,0,-3.0391,0.172,0,-2.683,0.16,0.0,-2.644,0
2857,0.038639358172723126,2.2794,0,-3.0391,0.167,0,-2.682,0.16,0.0,-2.644,0
2858,0.03883297567789502,2.2794,0,-3.0391,0.168,0,-2.682,0.16,0.0,-2.644,0
2859,0.03905124837953309,2.2793,0,-3.0391,0.169,0,-2.682,0.16,0.0,-2.644,0
2860,0.04079215610874232,2.2794,0,-3.039,0.168,0,-2.684,0.16,0.0,-2.644,0
2861,0.04079215610874232,2.2794,0,-3.0392,0.168,0,-2.684,0.16,0.0,-2.644,0
2862,0.041000000000000036,2.2794,0,-3.0392,0.169,0,-2.684,0.16,0.0,-2.644,0
2863,0.04079215610874232,2.2794,0,-3.0391,0.168,0,-2.684,0.16,0.0,-2.644,0
2864,0.041000000000000036,2.2794,0,-3.0392,0.169,0,-2.684,0.16,0.0,-2.644,0
2865,0.04275511665286372,2.2794,0,-3.0392,0.168,0,-2.686,0.16,0.0,-2.644,0
2866,0.04275511665286372,2.2795,0,-3.0392,0.168,0,-2.686,0.16,0.0,-2.644,0
2867,0.04002499219237871,2.2794,0,-3.0391,0.169,0,-2.683,0.16,0.0,-2.644,0
2868,0.03981205847478848,2.2795,0,-3.0392,0.168,0,-2.683,0.16,0.0,-2.644,0
2869,0.04197618372363064,2.2795,0,-3.0391,0.169,0,-2.685,0.16,0.0,-2.644,0
2870,0.043931765272977305,2.2794,0,-3.0391,0.169,0,-2.687,0.16,0.0,-2.644,0
2871,0.04295346318982888,2.2794,0,-3.0392,0.169,0,-2.686,0.16,0.0,-2.644,0
2872,0.041000000000000036,2.2795,0,-3.0392,0.169,0,-2.684,0.16,0.0,-2.644,0
2873,0.041000000000000036,2.2795,0,-3.0392,0.169,0,-2.684,0.16,0.0,-2.644,0
2874,0.04197618372363064,2.2795,0,-3.0391,0.169,0,-2.685,0.16,0.0,-2.644,0
2875,0.042579337712087356,2.2794,0,-3.0392,0.167,0,-2.686,0.16,0.0,-2.644,0
2876,0.04060788100849394,2.2794,0,-3.0392,0.167,0,-2.684,0.16,0.0,-2.644,0
2877,0.04295346318982888,2.2795,0,-3.0392,0.169,0,-2.686,0.16,0.0,-2.644,0
2878,0.04295346318982888,2.2794,0,-3.0392,0.169,0,-2.686,0.16,0.0,-2.644,0
2879,0.04275511665286372,2.2795,0,-3.0392,0.168,0,-2.686,0.16,0.0,-2.644,0
2880,0.043737855457257786,2.2796,0,-3.0391,0.168,0,-2.687,0.16,0.0,-2.644,0
2881,0.043737855457257786,2.2795,0,-3.0393,0.168,0,-2.687,0.16,0.0,-2.644,0
2882,0.04275511665286372,2.2795,0,-3.0393,0.168,0,-2.686,0.16,0.0,-2.644,0
2883,0.04295346318982888,2.2796,0,-3.0392,0.169,0,-2.686,0.16,0.0,-2.644,0
2884,0.04197618372363064,2.2796,0,-3.0393,0.168,0,-2.685,0.159,0.0,-2.644,0
2885,0.03981205847478848,2.2795,0,-3.0391,0.168,0,-2.683,0.16,0.0,-2.644,0
2886,0.043737855457257786,2.2795,0,-3.0393,0.168,0,-2.687,0.16,0.0,-2.644,0
2887,0.042201895692018314,2.2796,0,-3.0394,0.169,0,-2.685,0.159,0.0,-2.644,0
2888,0.041773197148410775,2.2795,0,-3.0392,0.168,0,-2.685,0.16,0.0,-2.644,0
2889,0.043737855457257786,2.2795,0,-3.0392,0.168,0,-2.687,0.16,0.0,-2.644,0
2890,0.043931765272977305,2.2796,0,-3.0393,0.168,0,-2.687,0.159,0.0,-2.644,0
2891,0.043931765272977305,2.2796,0,-3.0392,0.169,0,-2.687,0.16,0.0,-2.644,0
2892,0.03981205847478848,2.2795,0,-3.0392,0.168,0,-2.683,0.16,0.0,-2.644,0
2893,0.04079215610874232,2.2796,0,-3.0392,0.168,0,-2.684,0.16,0.0,-2.644,0
2894,0.041000000000000036,2.2796,0,-3.0393,0.168,0,-2.684,0.159,0.0,-2.644,0
2895,0.04197618372363064,2.2796,0,-3.0394,0.168,0,-2.685,0.159,0.0,-2.644,0
2896,0.041000000000000036,2.2796,0,-3.0393,0.168,0,-2.684,0.159,0.0,-2.644,0
2897,0.04491102314577128,2.2796,0,-3.0393,0.168,0,-2.688,0.159,0.0,-2.644,0
2898,0.041773197148410775,2.2796,0,-3.0392,0.168,0,-2.685,0.16,0.0,-2.644,0
2899,0.042201895692018314,2.2796,0,-3.0394,0.169,0,-2.685,0.159,0.0,-2.644,0
2900,0.04079215610874232,2.2796,0,-3.0392,0.168,0,-2.684,0.16,0.0,-2.644,0
2901,0.041000000000000036,2.2796,0,-3.0394,0.168,0,-2.684,0.159,0.0,-2.644,0
2902,0.04197618372363064,2.2795,0,-3.0393,0.169,0,-2.685,0.16,0.0,-2.644,0
2903,0.04197618372363064,2.2796,0,-3.0394,0.168,0,-2.685,0.159,0.0,-2.644,0
2904,0.042579337712087356,2.2795,0,-3.0393,0.167,0,-2.686,0.16,0.0,-2.644,0
2905,0.04414748010928794,2.2797,0,-3.0393,0.169,0,-2.687,0.159,0.0,-2.644,0
2906,0.04002499219237871,2.2795,0,-3.0393,0.169,0,-2.683,0.16,0.0,-2.644,0
2907,0.04491102314577128,2.2797,0,-3.0393,0.168,0,-2.688,0.159,0.0,-2.644,0
2908,0.04512205669071395,2.2796,0,-3.0394,0.169,0,-2.688,0.159,0.0,-2.644,0
2909,0.041231056256176644,2.2796,0,-3.0394,0.169,0,-2.684,0.159,0.0,-2.644,0
2910,0.044721359549995836,2.2796,0,-3.0393,0.167,0,-2.688,0.159,0.0,-2.644,0
2911,0.038639358172723126,2.2795,0,-3.0393,0.167,0,-2.682,0.16,0.0,-2.644,0
2912,0.041231056256176644,2.2797,0,-3.0393,0.169,0,-2.684,0.159,0.0,-2.644,0
2913,0.041231056256176644,2.2797,0,-3.0393,0.169,0,-2.684,0.159,0.0,-2.644,0
2914,0.03981205847478848,2.2796,0,-3.0393,0.167,0,-2.683,0.159,0.0,-2.644,0
2915,0.04002499219237871,2.2797,0,-3.0394,0.168,0,-2.683,0.159,0.0,-2.644,0
2916,0.041000000000000036,2.2796,0,-3.0394,0.168,0,-2.684,0.159,0.0,-2.644,0
2917,0.04414748010928794,2.2797,0,-3.0394,0.169,0,-2.687,0.159,0.0,-2.644,0
2918,0.041000000000000036,2.2797,0,-3.0393,0.168,0,-2.684,0.159,0.0,-2.644,0
2919,0.041231056256176644,2.2796,0,-3.0394,0.169,0,-2.684,0.159,0.0,-2.644,0
2920,0.041000000000000036,2.2797,0,-3.0393,0.168,0,-2.684,0.159,0.0,-2.644,0
2921,0.04317406628984563,2.2797,0,-3.0394,0.169,0,-2.686,0.159,0.0,-2.644,0
2922,0.041000000000000036,2.2796,0,-3.0393,0.168,0,-2.684,0.159,0.0,-2.644,0
2923,0.04295346318982888,2.2797,0,-3.0393,0.168,0,-2.686,0.159,0.0,-2.644,0
2924,0.04341658669218464,2.2797,0,-3.0395,0.17,0,-2.686,0.159,0.0,-2.644,0
2925,0.04317406628984563,2.2797,0,-3.0394,0.169,0,-2.686,0.159,0.0,-2.644,0
2926,0.041000000000000036,2.2797,0,-3.0394,0.168,0,-2.684,0.159,0.0,-2.644,0
2927,0.04414748010928794,2.2797,0,-3.0394,0.169,0,-2.687,0.159,0.0,-2.644,0
2928,0.04026164427839451,2.2797,0,-3.0392,0.169,0,-2.683,0.159,0.0,-2.644,0
2929,0.04317406628984563,2.2797,0,-3.0393,0.169,0,-2.686,0.159,0.0,-2.644,0
2930,0.04295346318982888,2.2797,0,-3.0393,0.168,0,-2.686,0.159,0.0,-2.644,0
2931,0.04002499219237871,2.2796,0,-3.0393,0.168,0,-2.683,0.159,0.0,-2.644,0
2932,0.04026164427839451,2.2796,0,-3.0394,0.169,0,-2.683,0.159,0.0,-2.644,0
2933,0.04026164427839451,2.2796,0,-3.0394,0.169,0,-2.683,0.159,0.0,-2.644,0
2934,0.04026164427839451,2.2798,0,-3.0394,0.169,0,-2.683,0.159,0.0,-2.644,0
2935,0.03981205847478848,2.2796,0,-3.0394,0.167,0,-2.683,0.159,0.0,-2.644,0
2936,0.043737855457257786,2.2797,0,-3.0393,0.167,0,-2.687,0.159,0.0,-2.644,0
2937,0.043931765272977305,2.2797,0,-3.0394,0.168,0,-2.687,0.159,0.0,-2.644,0
2938,0.04295346318982888,2.2796,0,-3.0394,0.168,0,-2.686,0.159,0.0,-2.644,0
2939,0.04197618372363064,2.2796,0,-3.0394,0.168,0,-2.685,0.159,0.0,-2.644,0
2940,0.04197618372363064,2.2798,0,-3.0393,0.168,0,-2.685,0.159,0.0,-2.644,0
2941,0.04414748010928794,2.2796,0,-3.0395,0.169,0,-2.687,0.159,0.0,-2.644,0
2942,0.04438468204234401,2.2796,0,-3.0394,0.17,0,-2.687,0.159,0.0,-2.644,0
2943,0.04438468204234401,2.2797,0,-3.0393,0.17,0,-2.687,0.159,0.0,-2.644,0
2944,0.041231056256176644,2.2797,0,-3.0394,0.169,0,-2.684,0.159,0.0,-2.644,0
2945,0.041000000000000036,2.2797,0,-3.0395,0.168,0,-2.684,0.159,0.0,-2.644,0
2946,0.04512205669071395,2.2797,0,-3.0394,0.169,0,-2.688,0.159,0.0,-2.644,0
2947,0.04026164427839451,2.2796,0,-3.0393,0.169,0,-2.683,0.159,0.0,-2.644,0
2948,0.04026164427839451,2.2796,0,-3.0393,0.169,0,-2.683,0.159,0.0,-2.644,0
2949,0.041231056256176644,2.2796,0,-3.0394,0.169,0,-2.684,0.159,0.0,-2.644,0
2950,0.041000000000000036,2.2797,0,-3.0394,0.168,0,-2.684,0.159,0.0,-2.644,0
2951,0.04026164427839451,2.2796,0,-3.0393,0.169,0,-2.683,0.159,0.0,-2.644,0
2952,0.042201895692018314,2.2796,0,-3.0393,0.169,0,-2.685,0.159,0.0,-2.644,0
2953,0.04002499219237871,2.2797,0,-3.0394,0.168,0,-2.683,0.159,0.0,-2.644,0
2954,0.04295346318982888,2.2796,0,-3.0394,0.168,0,-2.686,0.159,0.0,-2.644,0
2955,0.04317406628984563,2.2797,0,-3.0395,0.169,0,-2.686,0.159,0.0,-2.644,0
2956,0.03981205847478848,2.2797,0,-3.0393,0.167,0,-2.683,0.159,0.0,-2.644,0
2957,0.04275511665286372,2.2797,0,-3.0393,0.167,0,-2.686,0.159,0.0,-2.644,0
2958,0.02773084924772442,2.5506,0,-2.1217,0.359,0,-3.607,0.347,0.0,-3.582,0
2959,0.026419689627245932,2.5506,0,-2.1216,0.36,0,-3.605,0.347,0.0,-3.582,0
2960,0.027294688127912387,2.5506,0,-2.1217,0.36,0,-3.606,0.347,0.0,-3.582,0
2961,0.02692582403567264,2.5507,0,-2.1215,0.361,0,-3.605,0.347,0.0,-3.582,0
2962,0.025942243542145815,2.5506,0,-2.1216,0.359,0,-3.605,0.347,0.0,-3.582,0
2963,0.028653097563789122,2.5507,0,-2.1217,0.361,0,-3.607,0.347,0.0,-3.582,0
2964,0.027784887978899633,2.5507,0,-2.1216,0.361,0,-3.606,0.347,0.0,-3.582,0
2965,0.027784887978899633,2.5506,0,-2.1216,0.361,0,-3.606,0.347,0.0,-3.582,0
2966,0.028301943396169836,2.5505,0,-2.1216,0.362,0,-3.606,0.347,0.0,-3.582,0
2967,0.0268328157299975,2.5506,0,-2.1216,0.359,0,-3.606,0.347,0.0,-3.582,0
2968,0.027784887978899633,2.5507,0,-2.1215,0.361,0,-3.606,0.347,0.0,-3.582,0
2969,0.02692582403567264,2.5505,0,-2.1216,0.361,0,-3.605,0.347,0.0,-3.582,0
2970,0.027784887978899633,2.5507,0,-2.1215,0.361,0,-3.606,0.347,0.0,-3.582,0
2971,0.027784887978899633,2.5506,0,-2.1215,0.361,0,-3.606,0.347,0.0,-3.582,0
2972,0.0268328157299975,2.5506,0,-2.1216,0.359,0,-3.606,0.347,0.0,-3.582,0
2973,0.025942243542145815,2.5505,0,-2.1216,0.359,0,-3.605,0.347,0.0,-3.582,0
2974,0.028653097563789122,2.5505,0,-2.1216,0.361,0,-3.607,0.347,0.0,-3.582,0
2975,0.02692582403567264,2.5506,0,-2.1216,0.361,0,-3.605,0.347,0.0,-3.582,0
2976,0.027294688127912387,2.5506,0,-2.1215,0.36,0,-3.606,0.347,0.0,-3.582,0
2977,0.0268328157299975,2.5506,0,-2.1216,0.359,0,-3.606,0.347,0.0,-3.582,0
2978,0.027313000567495655,2.5505,0,-2.1215,0.358,0,-3.607,0.347,0.0,-3.582,0
2979,0.02817800560721106,2.5504,0,-2.1215,0.36,0,-3.607,0.347,0.0,-3.582,0
2980,0.02817800560721106,2.5505,0,-2.1216,0.36,0,-3.607,0.347,0.0,-3.582,0
2981,0.027784887978899633,2.5505,0,-2.1216,0.361,0,-3.606,0.347,0.0,-3.582,0
2982,0.027784887978899633,2.5504,0,-2.1214,0.361,0,-3.606,0.347,0.0,-3.582,0
2983,0.02817800560721106,2.5504,0,-2.1214,0.36,0,-3.607,0.347,0.0,-3.582,0
2984,0.028635642126552934,2.5506,0,-2.1216,0.359,0,-3.608,0.347,0.0,-3.582,0
2985,0.0268328157299975,2.5506,0,-2.1217,0.359,0,-3.606,0.347,0.0,-3.582,0
2986,0.02773084924772442,2.5507,0,-2.1217,0.359,0,-3.607,0.347,0.0,-3.582,0
2987,0.02773084924772442,2.5506,0,-2.1216,0.359,0,-3.607,0.347,0.0,-3.582,0
2988,0.02773084924772442,2.5506,0,-2.1215,0.359,0,-3.607,0.347,0.0,-3.582,0
2989,0.02773084924772442,2.5506,0,-2.1215,0.359,0,-3.607,0.347,0.0,-3.582,0
2990,0.027459060435492077,2.5505,0,-2.1216,0.362,0,-3.605,0.347,0.0,-3.582,0
2991,0.02692582403567264,2.5505,0,-2.1216,0.361,0,-3.605,0.347,0.0,-3.582,0
2992,0.027294688127912387,2.5506,0,-2.1216,0.36,0,-3.606,0.347,0.0,-3.582,0
2993,0.027784887978899633,2.5504,0,-2.1215,0.361,0,-3.606,0.347,0.0,-3.582,0
2994,0.027294688127912387,2.5505,0,-2.1216,0.36,0,-3.606,0.347,0.0,-3.582,0
2995,0.02817800560721106,2.5505,0,-2.1215,0.36,0,-3.607,0.347,0.0,-3.582,0
2996,0.027294688127912387,2.5505,0,-2.1214,0.36,0,-3.606,0.347,0.0,-3.582,0
2997,0.027294688127912387,2.5504,0,-2.1215,0.36,0,-3.606,0.347,0.0,-3.582,0
2998,0.0268328157299975,2.5505,0,-2.1215,0.359,0,-3.606,0.347,0.0,-3.582,0
2999,0.028653097563789122,2.5505,0,-2.1214,0.361,0,-3.607,0.347,0.0,-3.582,0
3000,0.027784887978899633,2.5504,0,-2.1215,0.361,0,-3.606,0.347,0.0,-3.582,0
3001,0.026419689627245932,2.5507,0,-2.1217,0.36,0,-3.605,0.347,0.0,-3.582,0
3002,0.029154759474226813,2.5511,0,-2.122,0.361,0,-3.607,0.346,0.0,-3.582,0
3003,0.028653097563789122,2.5515,0,-2.1223,0.36,0,-3.607,0.346,0.0,-3.582,0
3004,0.02817800560721106,2.5505,0,-2.1214,0.36,0,-3.607,0.347,0.0,-3.582,0
3005,0.026419689627245547,2.5505,0,-2.1213,0.36,0,-3.606,0.347,0.0,-3.583,0
3006,0.02817800560721106,2.5501,0,-2.1212,0.36,0,-3.607,0.347,0.0,-3.582,0
3007,0.029154759474226813,2.5509,0,-2.1219,0.361,0,-3.607,0.346,0.0,-3.582,0
3008,0.027313000567495655,2.5505,0,-2.1216,0.358,0,-3.607,0.347,0.0,-3.582,0
3009,0.027294688127912387,2.5502,0,-2.1212,0.36,0,-3.606,0.347,0.0,-3.582,0
3010,0.026419689627245547,2.5504,0,-2.1213,0.36,0,-3.606,0.347,0.0,-3.583,0
3011,0.02884441020371194,2.5509,0,-2.1219,0.362,0,-3.606,0.346,0.0,-3.582,0
3012,0.02941088233970551,2.5508,0,-2.1219,0.363,0,-3.606,0.346,0.0,-3.582,0
3013,0.028653097563789122,2.5509,0,-2.1218,0.36,0,-3.607,0.346,0.0,-3.582,0
3014,0.029154759474226813,2.5507,0,-2.1216,0.362,0,-3.607,0.347,0.0,-3.582,0
3015,0.029154759474226813,2.5506,0,-2.1218,0.362,0,-3.607,0.347,0.0,-3.582,0
3016,0.027784887978899633,2.5506,0,-2.1217,0.361,0,-3.606,0.347,0.0,-3.582,0
3017,0.028301943396169836,2.5508,0,-2.1217,0.361,0,-3.606,0.346,0.0,-3.582,0
3018,0.027784887978899633,2.5506,0,-2.1216,0.361,0,-3.606,0.347,0.0,-3.582,0
3019,0.0268328157299975,2.5504,0,-2.1214,0.359,0,-3.606,0.347,0.0,-3.582,0
3020,0.02773084924772442,2.5503,0,-2.1214,0.359,0,-3.607,0.347,0.0,-3.582,0
3021,0.02952964612046702,2.5504,0,-2.1215,0.361,0,-3.608,0.347,0.0,-3.582,0
3022,0.02952964612046702,2.5509,0,-2.1218,0.36,0,-3.608,0.346,0.0,-3.582,0
3023,0.025942243542145815,2.5506,0,-2.1215,0.359,0,-3.605,0.347,0.0,-3.582,0
3024,0.02817800560721106,2.5503,0,-2.1213,0.36,0,-3.607,0.347,0.0,-3.582,0
3025,0.02817800560721106,2.5505,0,-2.1215,0.36,0,-3.607,0.347,0.0,-3.582,0
3026,0.029154759474226813,2.5508,0,-2.1217,0.361,0,-3.607,0.346,0.0,-3.582,0
3027,0.029154759474226813,2.5508,0,-2.1219,0.361,0,-3.607,0.346,0.0,-3.582,0
3028,0.027294688127912387,2.5507,0,-2.1217,0.36,0,-3.606,0.347,0.0,-3.582,0
3029,0.025942243542145815,2.5504,0,-2.1215,0.359,0,-3.605,0.347,0.0,-3.582,0
3030,0.0268328157299975,2.5503,0,-2.1213,0.359,0,-3.606,0.347,0.0,-3.582,0
3031,0.02817800560721106,2.5503,0,-2.1214,0.36,0,-3.607,0.347,0.0,-3.582,0
3032,0.02773084924772442,2.5506,0,-2.1216,0.359,0,-3.607,0.347,0.0,-3.582,0
3033,0.0268328157299975,2.5505,0,-2.1215,0.359,0,-3.606,0.347,0.0,-3.582,0
3034,0.02906888370749749,2.5504,0,-2.1214,0.36,0,-3.608,0.347,0.0,-3.582,0
3035,0.027294688127912387,2.5503,0,-2.1215,0.36,0,-3.606,0.347,0.0,-3.582,0
3036,0.027294688127912387,2.5504,0,-2.1215,0.36,0,-3.606,0.347,0.0,-3.582,0
3037,0.027784887978899633,2.5507,0,-2.1216,0.361,0,-3.606,0.347,0.0,-3.582,0
3038,0.028301943396169836,2.5506,0,-2.1217,0.362,0,-3.606,0.347,0.0,-3.582,0
3039,0.02817800560721106,2.5505,0,-2.1215,0.36,0,-3.607,0.347,0.0,-3.582,0
3040,0.02817800560721106,2.5504,0,-2.1215,0.36,0,-3.607,0.347,0.0,-3.582,0
3041,0.02773084924772442,2.5503,0,-2.1214,0.359,0,-3.607,0.347,0.0,-3.582,0
3042,0.02773084924772442,2.5505,0,-2.1216,0.359,0,-3.607,0.347,0.0,-3.582,0
3043,0.025942243542145815,2.5505,0,-2.1216,0.359,0,-3.605,0.347,0.0,-3.582,0
3044,0.02692582403567264,2.5503,0,-2.1213,0.361,0,-3.605,0.347,0.0,-3.582,0
3045,0.027784887978899633,2.5504,0,-2.1213,0.361,0,-3.607,0.347,0.0,-3.583,0
3046,0.029154759474226813,2.5502,0,-2.1213,0.362,0,-3.607,0.347,0.0,-3.582,0
3047,0.028653097563789122,2.5501,0,-2.1212,0.361,0,-3.607,0.347,0.0,-3.582,0
3048,0.026925824035672855,2.5474,0,-2.12,0.36,0,-3.607,0.35,0.0,-3.582,0
3049,0.025019992006393963,2.5399,0,-2.1161,0.36,0,-3.607,0.359,0.0,-3.582,0
3050,0.02817800560721106,2.527,0,-2.109,0.36,0,-3.607,0.373,0.0,-3.582,0
3051,0.03482814953453611,2.5114,0,-2.1008,0.369,0,-3.609,0.391,0.0,-3.582,0
3052,0.0353836120259081,2.4954,0,-2.0922,0.385,0,-3.609,0.409,0.0,-3.583,0
3053,0.031400636936215066,2.4811,0,-2.0845,0.406,0,-3.608,0.425,0.0,-3.583,0
3054,0.02692582403567233,2.4697,0,-2.0778,0.432,0,-3.609,0.439,0.0,-3.583,0
3055,0.030805843601498663,2.4597,0,-2.0726,0.432,0,-3.608,0.45,0.0,-3.583,0
3056,0.02692582403567244,2.4511,0,-2.0675,0.45,0,-3.609,0.46,0.0,-3.584,0
3057,0.026570660511172746,2.4423,0,-2.0624,0.461,0,-3.609,0.47,0.0,-3.584,0
3058,0.0243310501211929,2.433,0,-2.0572,0.477,0,-3.609,0.481,0.0,-3.585,0
3059,0.030528675044947714,2.4223,0,-2.0514,0.477,0,-3.611,0.493,0.0,-3.585,0
3060,0.029681644159311595,2.4112,0,-2.0454,0.49,0,-3.61,0.506,0.0,-3.585,0
3061,0.029966648127543523,2.3996,0,-2.0392,0.506,0,-3.612,0.519,0.0,-3.585,0
3062,0.028231188426986437,2.3885,0,-2.0333,0.52,0,-3.611,0.531,0.0,-3.585,0
3063,0.024738633753705982,2.3775,0,-2.027,0.538,0,-3.61,0.544,0.0,-3.586,0
3064,0.03140063693621546,2.3664,0,-2.0204,0.538,0,-3.611,0.557,0.0,-3.586,0
3065,0.030886890422960684,2.3548,0,-2.0135,0.555,0,-3.614,0.57,0.0,-3.587,0
3066,0.032202484376209164,2.3435,0,-2.0068,0.569,0,-3.617,0.583,0.0,-3.588,0
3067,0.0291204395571221,2.3319,0,-2.0002,0.589,0,-3.616,0.597,0.0,-3.588,0
3068,0.02844292530665581,2.321,0,-1.9932,0.605,0,-3.617,0.61,0.0,-3.589,0
3069,0.031906112267087755,2.3093,0,-1.9865,0.606,0,-3.617,0.623,0.0,-3.59,0
3070,0.03312099032335871,2.2984,0,-1.9798,0.62,0,-3.619,0.636,0.0,-3.59,0
3071,0.03087069808086629,2.2876,0,-1.9733,0.636,0,-3.619,0.649,0.0,-3.591,0
3072,0.0272029410174707,2.2766,0,-1.9665,0.653,0,-3.618,0.661,0.0,-3.592,0
3073,0.026925824035672757,2.2658,0,-1.9597,0.667,0,-3.619,0.674,0.0,-3.593,0
3074,0.033015148038438476,2.2548,0,-1.9529,0.668,0,-3.621,0.687,0.0,-3.594,0
3075,0.03046309242345566,2.2438,0,-1.9458,0.688,0,-3.623,0.7,0.0,-3.595,0
3076,0.03443835071544486,2.2328,0,-1.9397,0.698,0,-3.626,0.713,0.0,-3.595,0
3077,0.030675723300355857,2.2221,0,-1.9329,0.715,0,-3.625,0.725,0.0,-3.596,0
3078,0.026305892875932053,2.2108,0,-1.926,0.734,0,-3.623,0.738,0.0,-3.597,0
3079,0.03023243291566225,2.1997,0,-1.9189,0.735,0,-3.623,0.752,0.0,-3.598,0
3080,0.029546573405388035,2.1884,0,-1.9118,0.753,0,-3.626,0.765,0.0,-3.599,0
3081,0.033941125496954314,2.1774,0,-1.9042,0.754,0,-3.625,0.778,0.0,-3.601,0
3082,0.023194827009486534,2.1666,0,-1.8973,0.788,0,-3.625,0.791,0.0,-3.602,0
3083,0.022999999999999687,2.1557,0,-1.8899,0.804,0,-3.627,0.804,0.0,-3.604,0
3084,0.028635642126552483,2.145,0,-1.8834,0.805,0,-3.63,0.817,0.0,-3.604,0
3085,0.04031128874149268,2.1338,0,-1.8766,0.814,0,-3.642,0.83,0.0,-3.605,0
3086,0.04518849411077995,2.122,0,-1.8701,0.824,0,-3.646,0.843,0.0,-3.605,0
3087,0.04560701700396556,2.1111,0,-1.864,0.844,0,-3.65,0.856,0.0,-3.606,0
3088,0.0398497176903428,2.0993,0,-1.8578,0.857,0,-3.644,0.869,0.0,-3.606,0
3089,0.045221676218380004,2.0876,0,-1.8515,0.856,0,-3.643,0.882,0.0,-3.606,0
3090,0.03944616584663227,2.0759,0,-1.8455,0.875,0,-3.64,0.895,0.0,-3.606,0
3091,0.036687872655688424,2.0641,0,-1.8396,0.898,0,-3.641,0.909,0.0,-3.606,0
3092,0.030675723300355857,2.0529,0,-1.8336,0.911,0,-3.635,0.921,0.0,-3.606,0
3093,0.02451530134426255,2.0412,0,-1.8274,0.929,0,-3.63,0.934,0.0,-3.606,0
3094,0.03140063693621504,2.0292,0,-1.8209,0.929,0,-3.631,0.948,0.0,-3.606,0
3095,0.02920616373302058,2.0176,0,-1.8146,0.943,0,-3.629,0.961,0.0,-3.606,0
3096,0.026419689627245932,2.0059,0,-1.8079,0.962,0,-3.629,0.975,0.0,-3.606,0
3097,0.026248809496813293,1.9945,0,-1.8019,0.98,0,-3.631,0.988,0.0,-3.606,0
3098,0.024331050121192445,1.9834,0,-1.7954,0.997,0,-3.631,1.001,0.0,-3.607,0
3099,0.030528675044947277,1.9723,0,-1.7895,0.997,0,-3.633,1.013,0.0,-3.607,0
3100,0.030805843601498663,1.9611,0,-1.7834,1.008,0,-3.632,1.026,0.0,-3.607,0
3101,0.025632011235952577,1.95,0,-1.7773,1.03,0,-3.632,1.039,0.0,-3.608,0
3102,0.024738633753705982,1.9387,0,-1.7705,1.046,0,-3.632,1.052,0.0,-3.608,0
3103,0.02647640458974724,1.9271,0,-1.7642,1.06,0,-3.634,1.065,0.0,-3.608,0
3104,0.030805843601498663,1.9155,0,-1.7575,1.06,0,-3.634,1.078,0.0,-3.609,0
3105,0.03301514803843841,1.9041,0,-1.7508,1.072,0,-3.637,1.091,0.0,-3.61,0
3106,0.03138470965295056,1.893,0,-1.7443,1.088,0,-3.637,1.104,0.0,-3.61,0
3107,0.02846049894151551,1.8822,0,-1.7384,1.108,0,-3.637,1.117,0.0,-3.61,0
3108,0.02846049894151509,1.8718,0,-1.7326,1.12,0,-3.638,1.129,0.0,-3.611,0
3109,0.03499999999999961,1.8609,0,-1.7266,1.12,0,-3.639,1.141,0.0,-3.611,0
3110,0.03244996147917566,1.8498,0,-1.7207,1.136,0,-3.638,1.154,0.0,-3.611,0
3111,0.030016662039607157,1.8383,0,-1.7144,1.152,0,-3.637,1.167,0.0,-3.611,0
3112,0.029966648127543072,1.8269,0,-1.7078,1.167,0,-3.639,1.18,0.0,-3.612,0
3113,0.025179356624028267,1.8157,0,-1.7013,1.19,0,-3.637,1.193,0.0,-3.612,0
3114,0.03138470965295056,1.8045,0,-1.6948,1.19,0,-3.64,1.206,0.0,-3.613,0
3115,0.027856776554368055,1.7936,0,-1.6886,1.208,0,-3.639,1.218,0.0,-3.613,0
3116,0.027313000567495204,1.7832,0,-1.6826,1.219,0,-3.639,1.23,0.0,-3.614,0
3117,0.026248809496813293,1.7727,0,-1.6769,1.234,0,-3.639,1.242,0.0,-3.614,0
3118,0.028635642126552733,1.7623,0,-1.6709,1.248,0,-3.642,1.254,0.0,-3.614,0
3119,0.03301514803843805,1.751,0,-1.6643,1.248,0,-3.642,1.267,0.0,-3.615,0
3120,0.030463092423455254,1.7401,0,-1.6581,1.268,0,-3.643,1.28,0.0,-3.615,0
3121,0.03088689042296079,1.7294,0,-1.6519,1.277,0,-3.643,1.292,0.0,-3.616,0
3122,0.02499999999999999,1.7188,0,-1.6453,1.298,0,-3.641,1.305,0.0,-3.617,0
3123,0.02941088233970548,1.7079,0,-1.6393,1.308,0,-3.645,1.317,0.0,-3.617,0
3124,0.03330165161069337,1.6974,0,-1.6328,1.307,0,-3.643,1.329,0.0,-3.618,0
3125,0.029681644159311595,1.6865,0,-1.6269,1.326,0,-3.643,1.342,0.0,-3.618,0
3126,0.027313000567495294,1.6754,0,-1.6209,1.343,0,-3.643,1.354,0.0,-3.618,0
3127,0.027294688127911942,1.6642,0,-1.6146,1.354,0,-3.643,1.367,0.0,-3.619,0
3128,0.03538361202590783,1.6529,0,-1.6077,1.354,0,-3.643,1.38,0.0,-3.619,0
3129,0.033941125496954154,1.6413,0,-1.601,1.37,0,-3.644,1.394,0.0,-3.62,0
3130,0.027784887978899633,1.6299,0,-1.5942,1.393,0,-3.645,1.407,0.0,-3.621,0
3131,0.025495097567963997,1.6189,0,-1.5877,1.409,0,-3.644,1.42,0.0,-3.621,0
3132,0.026400757564888147,1.6085,0,-1.5812,1.421,0,-3.646,1.432,0.0,-3.622,0
3133,0.032526911934580904,1.5981,0,-1.5752,1.421,0,-3.646,1.444,0.0,-3.623,0
3134,0.03182766092567889,1.5874,0,-1.5692,1.434,0,-3.646,1.456,0.0,-3.623,0
3135,0.027459060435491768,1.5766,0,-1.5621,1.454,0,-3.647,1.469,0.0,-3.624,0
3136,0.027658633371878603,1.5652,0,-1.5555,1.464,0,-3.646,1.482,0.0,-3.625,0
3137,0.024698178070457103,1.5543,0,-1.5488,1.486,0,-3.649,1.495,0.0,-3.626,0
3138,0.03182766092567921,1.543,0,-1.5419,1.486,0,-3.65,1.508,0.0,-3.627,0
3139,0.03360059523282265,1.5322,0,-1.5347,1.501,0,-3.655,1.521,0.0,-3.628,0
3140,0.032449961479176025,1.5212,0,-1.528,1.516,0,-3.656,1.534,0.0,-3.629,0
3141,0.033421549934136936,1.5105,0,-1.5212,1.526,0,-3.656,1.547,0.0,-3.63,0
3142,0.026248809496813293,1.4999,0,-1.5153,1.551,0,-3.655,1.559,0.0,-3.63,0
3143,0.03420526275297433,1.4889,0,-1.5085,1.551,0,-3.658,1.572,0.0,-3.631,0
3144,0.034655446902326865,1.4779,0,-1.5017,1.561,0,-3.657,1.585,0.0,-3.632,0
3145,0.032802438933713304,1.4666,0,-1.4946,1.578,0,-3.659,1.598,0.0,-3.633,0
3146,0.03255764119219944,1.4554,0,-1.4873,1.589,0,-3.658,1.611,0.0,-3.634,0
3147,0.025059928172283554,1.4443,0,-1.4802,1.612,0,-3.657,1.624,0.0,-3.635,0
3148,0.036069377593742666,1.4334,0,-1.4734,1.612,0,-3.662,1.637,0.0,-3.636,0
3149,0.03420526275297433,1.4229,0,-1.467,1.628,0,-3.664,1.649,0.0,-3.637,0
3150,0.03535533905932725,1.4121,0,-1.4602,1.637,0,-3.663,1.662,0.0,-3.638,0
3151,0.029410882339705575,1.4014,0,-1.4534,1.658,0,-3.663,1.675,0.0,-3.639,0
3152,0.03087069808086634,1.391,0,-1.4465,1.674,0,-3.668,1.687,0.0,-3.64,0
3153,0.03818376618407376,1.3798,0,-1.4392,1.674,0,-3.668,1.701,0.0,-3.641,0
3154,0.03764306044943754,1.3689,0,-1.4322,1.684,0,-3.667,1.713,0.0,-3.643,0
3155,0.03182766092567889,1.358,0,-1.4249,1.705,0,-3.667,1.727,0.0,-3.644,0
3156,0.036124783736377,1.3475,0,-1.4179,1.715,0,-3.672,1.739,0.0,-3.645,0
3157,0.03420526275297419,1.3367,0,-1.4111,1.731,0,-3.673,1.752,0.0,-3.646,0
3158,0.04527692569068712,1.3265,0,-1.4055,1.73,0,-3.677,1.763,0.0,-3.646,0
3159,0.04686149805543997,1.315,0,-1.3996,1.746,0,-3.682,1.776,0.0,-3.646,0
3160,0.04661544808322682,1.3036,0,-1.3936,1.762,0,-3.684,1.789,0.0,-3.646,0
3161,0.044045431091090693,1.2922,0,-1.3876,1.774,0,-3.68,1.802,0.0,-3.646,0
3162,0.03522782990761701,1.2808,0,-1.3819,1.795,0,-3.675,1.815,0.0,-3.646,0
3163,0.042638011210655885,1.2696,0,-1.3759,1.795,0,-3.673,1.828,0.0,-3.646,0
3164,0.036124783736377,1.2584,0,-1.37,1.813,0,-3.67,1.84,0.0,-3.646,0
3165,0.0353836120259083,1.2478,0,-1.3643,1.826,0,-3.67,1.852,0.0,-3.646,0
3166,0.031112698372208276,1.237,0,-1.3582,1.843,0,-3.669,1.865,0.0,-3.647,0
3167,0.02900000000000027,1.2262,0,-1.3523,1.857,0,-3.668,1.877,0.0,-3.647,0
3168,0.04022437072223754,1.215,0,-1.3459,1.857,0,-3.67,1.89,0.0,-3.647,0
3169,0.03499999999999979,1.204,0,-1.3397,1.874,0,-3.669,1.902,0.0,-3.648,0
3170,0.036619666847201075,1.1928,0,-1.3335,1.885,0,-3.669,1.915,0.0,-3.648,0
3171,0.03342154993413677,1.1816,0,-1.3271,1.902,0,-3.669,1.928,0.0,-3.648,0
3172,0.02973213749463704,1.1701,0,-1.3206,1.919,0,-3.669,1.941,0.0,-3.649,0
3173,0.041048751503547684,1.1596,0,-1.3146,1.919,0,-3.672,1.953,0.0,-3.649,0
3174,0.03883297567789511,1.1486,0,-1.3091,1.934,0,-3.671,1.966,0.0,-3.649,0
3175,0.03801315561749642,1.1374,0,-1.303,1.948,0,-3.671,1.979,0.0,-3.649,0
3176,0.035608987629529604,1.1258,0,-1.2972,1.963,0,-3.671,1.991,0.0,-3.649,0
3177,0.033421549934136596,1.1139,0,-1.2906,1.979,0,-3.67,2.005,0.0,-3.649,0
3178,0.04308131845707607,1.1019,0,-1.2839,1.979,0,-3.666,2.019,0.0,-3.65,0
3179,0.041146081222882,1.0899,0,-1.2771,1.996,0,-3.668,2.033,0.0,-3.65,0
3180,0.03671511950137178,1.0785,0,-1.2711,2.013,0,-3.668,2.045,0.0,-3.65,0
3181,0.03383784863137736,1.0671,0,-1.2645,2.031,0,-3.67,2.059,0.0,-3.651,0
3182,0.031144823004794906,1.0559,0,-1.2588,2.048,0,-3.671,2.071,0.0,-3.65,0
3183,0.04118252056394804,1.0448,0,-1.2529,2.048,0,-3.67,2.084,0.0,-3.65,0
3184,0.03744329045369842,1.0339,0,-1.2466,2.065,0,-3.672,2.096,0.0,-3.651,0
3185,0.037735924528226446,1.0225,0,-1.2396,2.078,0,-3.672,2.11,0.0,-3.652,0
3186,0.0362353418639867,1.0109,0,-1.2332,2.095,0,-3.675,2.123,0.0,-3.652,0
3187,0.03982461550347981,0.9995,0,-1.2267,2.111,0,-3.684,2.136,0.0,-3.653,0
3188,0.053758720222862176,0.9879,0,-1.2197,2.111,0,-3.69,2.15,0.0,-3.653,1
3189,0.056222771187482236,0.9766,0,-1.2133,2.128,0,-3.698,2.163,0.0,-3.654,1
3190,0.051623637996561327,0.9662,0,-1.2075,2.147,0,-3.698,2.174,0.0,-3.654,1
3191,0.05277309920783519,0.9553,0,-1.2016,2.163,0,-3.701,2.187,0.0,-3.654,1
3192,0.04875448697299562,0.9444,0,-1.1958,2.178,0,-3.698,2.199,0.0,-3.654,0
3193,0.05661271941887281,0.9337,0,-1.1901,2.178,0,-3.7,2.211,0.0,-3.654,1
3194,0.05603570290448783,0.9222,0,-1.1842,2.192,0,-3.7,2.224,0.0,-3.654,1
3195,0.05464430436925739,0.9103,0,-1.1769,2.207,0,-3.7,2.238,0.0,-3.655,1
3196,0.05110772935672248,0.8991,0,-1.1705,2.225,0,-3.7,2.251,0.0,-3.656,1
3197,0.05954829972383738,0.888,0,-1.1641,2.225,0,-3.701,2.264,0.0,-3.656,1
3198,0.056400354608814124,0.8771,0,-1.1583,2.242,0,-3.701,2.276,0.0,-3.656,1
3199,0.05714017850864648,0.8666,0,-1.1524,2.257,0,-3.704,2.288,0.0,-3.656,1
3200,0.05323532661682476,0.8561,0,-1.1468,2.275,0,-3.704,2.3,0.0,-3.657,1
3201,0.05197114584074497,0.8453,0,-1.141,2.286,0,-3.702,2.312,0.0,-3.657,1
3202,0.05879625838435652,0.8344,0,-1.1345,2.286,0,-3.701,2.325,0.0,-3.657,1
3203,0.05622277118748251,0.8231,0,-1.1282,2.303,0,-3.702,2.338,0.0,-3.658,1
3204,0.05603570290448783,0.8115,0,-1.1214,2.319,0,-3.704,2.351,0.0,-3.658,1
3205,0.052478567053607865,0.8005,0,-1.1149,2.337,0,-3.704,2.364,0.0,-3.659,1
3206,0.05283937925449175,0.7897,0,-1.109,2.351,0,-3.705,2.377,0.0,-3.659,1
3207,0.058137767414994435,0.779,0,-1.1029,2.351,0,-3.704,2.389,0.0,-3.66,1
3208,0.05700877125495666,0.7683,0,-1.0972,2.366,0,-3.705,2.401,0.0,-3.66,1
3209,0.05685947590331814,0.7574,0,-1.0921,2.381,0,-3.706,2.413,0.0,-3.659,1
3210,0.05247856705360772,0.7464,0,-1.0855,2.399,0,-3.705,2.426,0.0,-3.66,1
3211,0.04788527957525141,0.7352,0,-1.079,2.416,0,-3.702,2.439,0.0,-3.66,0
3212,0.057628118136895605,0.724,0,-1.0723,2.416,0,-3.706,2.452,0.0,-3.661,1
3213,0.05481788029466298,0.7127,0,-1.0661,2.431,0,-3.704,2.465,0.0,-3.661,1
3214,0.05437830449729027,0.7017,0,-1.0595,2.448,0,-3.708,2.477,0.0,-3.662,1
3215,0.05099999999999995,0.6909,0,-1.0535,2.466,0,-3.707,2.49,0.0,-3.662,1
3216,0.04792702786528694,0.6807,0,-1.0481,2.482,0,-3.706,2.501,0.0,-3.662,0
3217,0.0528015151297763,0.6698,0,-1.0415,2.482,0,-3.705,2.514,0.0,-3.663,1
3218,0.05547071299343458,0.6585,0,-1.0348,2.496,0,-3.71,2.527,0.0,-3.664,1
3219,0.051865209919559715,0.6478,0,-1.0291,2.51,0,-3.707,2.539,0.0,-3.664,1
3220,0.049396356140913616,0.6363,0,-1.0221,2.527,0,-3.707,2.553,0.0,-3.665,0
3221,0.049648766349225736,0.6257,0,-1.0159,2.542,0,-3.709,2.565,0.0,-3.665,0
3222,0.05780138406647364,0.6149,0,-1.01,2.542,0,-3.711,2.577,0.0,-3.665,1
3223,0.05580322571321472,0.6043,0,-1.0033,2.557,0,-3.711,2.59,0.0,-3.666,1
3224,0.05247856705360748,0.5932,0,-0.9977,2.575,0,-3.711,2.602,0.0,-3.666,1
3225,0.05015974481593806,0.4288,0,-0.9072,2.77,0,-3.716,2.79,0.0,-3.67,1
3226,0.04365775990588612,0.4183,0,-0.9023,2.786,0,-3.71,2.801,0.0,-3.669,0
3227,0.04661544808322658,0.4075,0,-0.8979,2.786,0,-3.706,2.813,0.0,-3.668,0
3228,0.04687216658103175,0.3964,0,-0.892,2.8,0,-3.707,2.826,0.0,-3.668,0
3229,0.046324939287601584,0.3855,0,-0.8863,2.813,0,-3.707,2.838,0.0,-3.668,0
3230,0.04477722635447586,0.3734,0,-0.8805,2.829,0,-3.707,2.851,0.0,-3.668,0
3231,0.044418464629025524,0.3611,0,-0.8734,2.843,0,-3.706,2.866,0.0,-3.668,0
3232,0.05099019513592791,0.35,0,-0.8691,2.843,0,-3.705,2.877,0.0,-3.667,1
3233,0.05103920062069955,0.3388,0,-0.8625,2.861,0,-3.709,2.89,0.0,-3.667,1
3234,0.049929950931280005,0.3278,0,-0.8572,2.876,0,-3.709,2.903,0.0,-3.667,0
3235,0.045177427992306056,0.3173,0,-0.8513,2.894,0,-3.707,2.915,0.0,-3.667,0
3236,0.04215447781671612,0.3071,0,-0.8459,2.91,0,-3.706,2.926,0.0,-3.667,0
3237,0.050803543183522336,0.2949,0,-0.8395,2.91,0,-3.708,2.94,0.0,-3.667,1
3238,0.04801041553663099,0.2846,0,-0.8336,2.924,0,-3.707,2.952,0.0,-3.668,0
3239,0.04687216658103175,0.2721,0,-0.8266,2.94,0,-3.707,2.966,0.0,-3.668,0
3240,0.045793012567421,0.2614,0,-0.8211,2.954,0,-3.707,2.978,0.0,-3.668,0
3241,0.04204759208325721,0.2501,0,-0.8148,2.973,0,-3.706,2.991,0.0,-3.668,0
3242,0.04763402145525831,0.2393,0,-0.8099,2.973,0,-3.705,3.003,0.0,-3.668,0
3243,0.04687216658103175,0.2282,0,-0.804,2.989,0,-3.707,3.015,0.0,-3.668,0
3244,0.04527692569068689,0.2181,0,-0.7981,3.004,0,-3.707,3.027,0.0,-3.668,0
3245,0.04518849411077981,0.2072,0,-0.7945,3.019,0,-3.707,3.038,0.0,-3.666,0
3246,0.04332435804486894,0.1958,0,-0.7884,3.037,0,-3.707,3.051,0.0,-3.666,0
3247,0.04720169488482401,0.1844,0,-0.7815,3.037,0,-3.705,3.065,0.0,-3.667,0
3248,0.048600411520891534,0.1727,0,-0.776,3.049,0,-3.706,3.078,0.0,-3.667,0
3249,0.04632493928760219,0.1613,0,-0.7691,3.066,0,-3.706,3.091,0.0,-3.667,0
3250,0.044294469180700104,0.1505,0,-0.7633,3.082,0,-3.707,3.103,0.0,-3.668,0
3251,0.04386342439892275,0.1395,0,-0.7585,3.097,0,-3.707,3.115,0.0,-3.667,0
3252,0.04999999999999991,0.1291,0,-0.7527,3.097,0,-3.707,3.127,0.0,-3.667,0
3253,0.045803929962395525,0.1182,0,-0.7465,3.113,0,-3.704,3.14,0.0,-3.667,0
3254,0.04356604182158431,0.1061,0,-0.7412,3.13,0,-3.704,3.153,0.0,-3.667,0
3255,0.043416586692185,0.0954,0,-0.7355,3.144,0,-3.705,3.165,0.0,-3.667,0
3256,0.0517397332811061,0.0838,0,-0.7296,3.144,0,-3.705,3.178,0.0,-3.666,1
3257,0.04701063709417252,0.073,0,-0.7224,3.162,0,-3.705,3.191,0.0,-3.668,0
3258,0.045486261662176806,0.0619,0,-0.7176,3.178,0,-3.705,3.203,0.0,-3.667,0
3259,0.04390899680020042,0.0517,0,-0.7116,3.193,0,-3.705,3.215,0.0,-3.667,0
3260,0.04338202392696771,0.0403,0,-0.7066,3.208,0,-3.706,3.227,0.0,-3.667,0
3261,0.051224993899462834,0.0288,0,-0.7011,3.208,0,-3.706,3.24,0.0,-3.666,1
3262,0.04909175083453408,0.0179,0,-0.6951,3.225,0,-3.707,3.252,0.0,-3.666,0
3263,0.04716990566028301,0.0065,0,-0.6891,3.24,0,-3.706,3.265,0.0,-3.666,0
3264,0.044777226354476465,-0.0048,0,-0.6828,3.256,0,-3.706,3.278,0.0,-3.667,0
3265,0.04390899680020042,-0.0157,0,-0.6764,3.269,0,-3.705,3.291,0.0,-3.667,0
3266,0.05173973328110577,-0.0266,0,-0.6702,3.269,0,-3.707,3.303,0.0,-3.668,1
3267,0.04743416490252588,-0.0376,0,-0.665,3.288,0,-3.706,3.315,0.0,-3.667,0
3268,0.045793012567421375,-0.0481,0,-0.6597,3.303,0,-3.706,3.327,0.0,-3.667,0
3269,0.04477722635447625,-0.0585,0,-0.6537,3.317,0,-3.706,3.339,0.0,-3.667,0
3270,0.04338202392696771,-0.0694,0,-0.6479,3.333,0,-3.706,3.352,0.0,-3.667,0
3271,0.04254409477236498,-0.0805,0,-0.6415,3.347,0,-3.707,3.364,0.0,-3.668,0
3272,0.04999999999999991,-0.092,0,-0.6352,3.347,0,-3.708,3.377,0.0,-3.668,0
3273,0.046872166581031875,-0.1037,0,-0.6285,3.365,0,-3.708,3.391,0.0,-3.669,0
3274,0.045793012567421375,-0.1147,0,-0.6224,3.379,0,-3.708,3.403,0.0,-3.669,0
3275,0.04338202392696791,-0.1255,0,-0.6165,3.397,0,-3.708,3.416,0.0,-3.669,0
3276,0.04346262762420146,-0.1359,0,-0.6111,3.411,0,-3.709,3.428,0.0,-3.669,0
3277,0.046647615158762444,-0.1427,0,-0.6071,3.411,0,-3.709,3.435,0.0,-3.669,0
3278,0.04079215610874232,-0.1437,0,-0.6072,3.428,0,-3.709,3.436,0.0,-3.669,0
3279,0.04119465984809189,-0.1427,0,-0.6078,3.439,0,-3.71,3.435,0.0,-3.669,0
3280,0.04242640687119264,-0.1426,0,-0.6081,3.441,0,-3.711,3.435,0.0,-3.669,0
3281,0.04219004621945779,-0.1425,0,-0.6082,3.439,0,-3.711,3.435,0.0,-3.669,0
3282,0.04418144406874908,-0.1426,0,-0.6083,3.439,0,-3.712,3.435,0.0,-3.668,0
3283,0.04328972164382642,-0.1426,0,-0.6085,3.44,0,-3.711,3.435,0.0,-3.668,0
3284,0.04229657196511301,-0.1427,0,-0.6087,3.44,0,-3.71,3.435,0.0,-3.668,0
3285,0.04229657196511301,-0.1427,0,-0.6088,3.44,0,-3.71,3.435,0.0,-3.668,0
3286,0.04229657196511301,-0.1427,0,-0.6089,3.44,0,-3.71,3.435,0.0,-3.668,0
3287,0.04229657196511301,-0.1428,0,-0.6089,3.44,0,-3.71,3.435,0.0,-3.668,0
3288,0.04219004621945779,-0.1428,0,-0.609,3.439,0,-3.71,3.435,0.0,-3.668,0
3289,0.043104524124504294,-0.1422,0,-0.6095,3.437,0,-3.711,3.434,0.0,-3.668,0
3290,0.04295346318982886,-0.1386,0,-0.6114,3.439,0,-3.71,3.43,0.0,-3.668,0
3291,0.04522167621838027,-0.1312,0,-0.6156,3.435,0,-3.71,3.421,0.0,-3.667,0
3292,0.051971145840745574,-0.1203,0,-0.6213,3.435,0,-3.712,3.409,0.0,-3.667,1
3293,0.05640035460881475,-0.1062,0,-0.6294,3.427,0,-3.712,3.393,0.0,-3.667,1
3294,0.058258046654517934,-0.0918,0,-0.6383,3.413,0,-3.71,3.376,0.0,-3.665,1
3295,0.05780138406647364,-0.077,0,-0.6472,3.394,0,-3.71,3.359,0.0,-3.664,1
3296,0.054083269131960286,-0.0471,0,-0.6644,3.354,0,-3.708,3.324,0.0,-3.663,1
3297,0.05333854141237864,-0.0358,0,-0.6704,3.338,0,-3.709,3.311,0.0,-3.663,1
3298,0.05879625838435652,-0.0246,0,-0.6761,3.338,0,-3.707,3.299,0.0,-3.663,1
3299,0.05879625838435623,-0.0129,0,-0.6824,3.324,0,-3.707,3.285,0.0,-3.663,1
3300,0.05685068161420763,-0.0004,0,-0.6887,3.307,0,-3.707,3.271,0.0,-3.663,1
3301,0.05661271941887281,0.0112,0,-0.6961,3.291,0,-3.708,3.258,0.0,-3.662,1
3302,0.0516236379965611,0.0231,0,-0.7024,3.271,0,-3.706,3.244,0.0,-3.662,1
3303,0.05946427498927408,0.0349,0,-0.7075,3.271,0,-3.707,3.231,0.0,-3.663,1
3304,0.058898217290509,0.0453,0,-0.7139,3.257,0,-3.707,3.219,0.0,-3.662,1
3305,0.053413481444294725,0.0555,0,-0.7189,3.241,0,-3.705,3.208,0.0,-3.663,1
3306,0.05131276644267013,0.0661,0,-0.724,3.224,0,-3.706,3.196,0.0,-3.663,1
3307,0.05247856705360748,0.076,0,-0.7305,3.211,0,-3.707,3.184,0.0,-3.662,1
3308,0.060307545133258415,0.0868,0,-0.7366,3.211,0,-3.708,3.172,0.0,-3.662,1
3309,0.05780138406647373,0.0974,0,-0.7417,3.195,0,-3.708,3.16,0.0,-3.662,1
3310,0.05440588203494182,0.1078,0,-0.748,3.18,0,-3.705,3.148,0.0,-3.661,1
3311,0.05186520991955983,0.119,0,-0.7529,3.165,0,-3.705,3.136,0.0,-3.662,1
3312,0.04924428900898067,0.1288,0,-0.7588,3.148,0,-3.704,3.124,0.0,-3.661,0
3313,0.05467174773134687,0.1398,0,-0.7636,3.148,0,-3.704,3.113,0.0,-3.662,1
3314,0.052630789467763305,0.1508,0,-0.7685,3.134,0,-3.704,3.101,0.0,-3.663,1
3315,0.050606323715520096,0.1612,0,-0.7743,3.12,0,-3.703,3.089,0.0,-3.663,1
3316,0.05300943312279423,0.1733,0,-0.7803,3.106,0,-3.706,3.075,0.0,-3.663,1
3317,0.05021951811795939,0.1846,0,-0.7867,3.091,0,-3.704,3.062,0.0,-3.663,1
3318,0.0586941223633172,0.1953,0,-0.792,3.091,0,-3.705,3.05,0.0,-3.663,1
3319,0.05531726674375754,0.2059,0,-0.7976,3.074,0,-3.705,3.038,0.0,-3.663,1
3320,0.05280151512977657,0.2169,0,-0.8035,3.058,0,-3.705,3.026,0.0,-3.663,1
3321,0.050000000000000176,0.2277,0,-0.8093,3.043,0,-3.703,3.013,0.0,-3.663,1
3322,0.05731491952362839,0.2391,0,-0.8145,3.043,0,-3.703,3.001,0.0,-3.664,1
3323,0.05731491952362869,0.2505,0,-0.8207,3.027,0,-3.705,2.988,0.0,-3.663,1
3324,0.05731491952362839,0.2621,0,-0.8269,3.014,0,-3.705,2.975,0.0,-3.663,1
3325,0.05420332093147068,0.2728,0,-0.8333,2.995,0,-3.706,2.962,0.0,-3.663,1
3326,0.05131276644267013,0.2839,0,-0.8387,2.978,0,-3.706,2.95,0.0,-3.663,1
3327,0.0565862174031808,0.2949,0,-0.8449,2.978,0,-3.702,2.937,0.0,-3.663,1
3328,0.05590169943749486,0.3059,0,-0.8509,2.963,0,-3.703,2.925,0.0,-3.662,1
3329,0.05326349594234321,0.3167,0,-0.8567,2.947,0,-3.703,2.913,0.0,-3.662,1
3330,0.05200961449578368,0.328,0,-0.8622,2.932,0,-3.704,2.9,0.0,-3.663,1
3331,0.05060632371551982,0.3398,0,-0.8689,2.917,0,-3.702,2.886,0.0,-3.662,1
3332,0.0587281874401039,0.3513,0,-0.8749,2.917,0,-3.702,2.874,0.0,-3.662,1
3333,0.0714002801114954,0.3629,0,-0.881,2.917,0,-3.705,2.86,0.0,-3.662,1
3334,0.05481788029466326,0.3739,0,-0.887,2.882,0,-3.705,2.848,0.0,-3.662,1
3335,0.05080354318352224,0.3854,0,-0.8934,2.865,0,-3.703,2.835,0.0,-3.662,1
3336,0.04882622246293485,0.3969,0,-0.8986,2.85,0,-3.703,2.822,0.0,-3.663,0
3337,0.05869412236331689,0.4087,0,-0.9054,2.85,0,-3.704,2.809,0.0,-3.662,1
3338,0.0558659108938535,0.4226,0,-0.9114,2.832,0,-3.703,2.793,0.0,-3.663,1
3339,0.05728001396647903,0.4376,0,-0.92,2.817,0,-3.703,2.776,0.0,-3.663,1
3340,0.05799999999999989,0.4544,0,-0.9287,2.799,0,-3.703,2.757,0.0,-3.663,1
3341,0.056586217403180476,0.4706,0,-0.9375,2.778,0,-3.703,2.739,0.0,-3.662,1
3342,0.07021395872616774,0.4864,0,-0.9466,2.778,0,-3.703,2.721,0.0,-3.662,1
3343,0.064815121692395,0.5014,0,-0.9547,2.755,0,-3.701,2.704,0.0,-3.661,1
3344,0.05879625838435652,0.516,0,-0.9618,2.731,0,-3.701,2.687,0.0,-3.662,1
3345,0.05381449618829489,0.5303,0,-0.9694,2.707,0,-3.702,2.671,0.0,-3.662,1
3346,0.05280151512977657,0.5452,0,-0.9771,2.686,0,-3.704,2.654,0.0,-3.662,1
3347,0.06519202405202654,0.5604,0,-0.9857,2.686,0,-3.705,2.637,0.0,-3.662,1
3348,0.0643816744112793,0.5758,0,-0.9942,2.666,0,-3.705,2.619,0.0,-3.661,1
3349,0.057280013966478714,0.5914,0,-1.0017,2.643,0,-3.702,2.602,0.0,-3.662,1
3350,0.05531726674375754,0.6069,0,-1.0089,2.621,0,-3.705,2.585,0.0,-3.663,1
3351,0.05403702434442526,0.6222,0,-1.0177,2.601,0,-3.704,2.567,0.0,-3.662,1
3352,0.06606814663663602,0.6377,0,-1.0263,2.601,0,-3.704,2.55,0.0,-3.662,1
3353,0.0622414652783818,0.6529,0,-1.035,2.577,0,-3.704,2.532,0.0,-3.661,1
3354,0.05805170109479988,0.6679,0,-1.0431,2.554,0,-3.704,2.515,0.0,-3.661,1
3355,0.05420332093147068,0.6825,0,-1.0507,2.532,0,-3.704,2.499,0.0,-3.661,1
3356,0.05103920062069918,0.6974,0,-1.0581,2.511,0,-3.703,2.482,0.0,-3.661,1
3357,0.06296824596572495,0.7126,0,-1.0655,2.511,0,-3.705,2.465,0.0,-3.662,1
3358,0.06222539674441624,0.7281,0,-1.0745,2.491,0,-3.705,2.447,0.0,-3.661,1
3359,0.05946427498927408,0.7435,0,-1.0832,2.469,0,-3.704,2.429,0.0,-3.66,1
3360,0.055317266743757205,0.7585,0,-1.0911,2.448,0,-3.702,2.412,0.0,-3.66,1
3361,0.05103920062069918,0.7733,0,-1.0985,2.425,0,-3.703,2.396,0.0,-3.661,1
3362,0.062289646009589486,0.788,0,-1.1063,2.425,0,-3.703,2.379,0.0,-3.661,1
3363,0.05869412236331657,0.8025,0,-1.114,2.404,0,-3.703,2.363,0.0,-3.661,1
3364,0.05597320787662593,0.8171,0,-1.1218,2.383,0,-3.703,2.346,0.0,-3.661,1
3365,0.05325410782277756,0.8305,0,-1.1294,2.361,0,-3.704,2.331,0.0,-3.66,1
3366,0.050774009099144,0.8431,0,-1.136,2.344,0,-3.703,2.317,0.0,-3.66,1
3367,0.06014149981501956,0.8555,0,-1.1425,2.344,0,-3.704,2.303,0.0,-3.66,1
3368,0.05622277118748251,0.8681,0,-1.1495,2.323,0,-3.704,2.288,0.0,-3.66,1
3369,0.05300943312279387,0.8819,0,-1.1563,2.304,0,-3.703,2.273,0.0,-3.66,1
3370,0.051312766442669765,0.8952,0,-1.1629,2.286,0,-3.703,2.258,0.0,-3.66,1
3371,0.05197114584074497,0.9093,0,-1.1703,2.268,0,-3.705,2.242,0.0,-3.66,1
3372,0.06303173803727737,0.9228,0,-1.1783,2.268,0,-3.707,2.226,0.0,-3.66,1
3373,0.059816385714952715,0.9366,0,-1.1856,2.248,0,-3.707,2.211,0.0,-3.66,1
3374,0.053600373133029365,0.9496,0,-1.1926,2.228,0,-3.703,2.196,0.0,-3.66,1
3375,0.041868842830916755,0.9628,0,-1.1992,2.208,0,-3.692,2.181,0.0,-3.66,0
3376,0.03920459156782509,0.9766,0,-1.2062,2.19,0,-3.691,2.166,0.0,-3.66,0
3377,0.04999999999999991,0.9907,0,-1.2141,2.19,0,-3.69,2.15,0.0,-3.66,0
3378,0.0498196748283248,1.0053,0,-1.2227,2.172,0,-3.69,2.133,0.0,-3.659,0
3379,0.04686149805544011,1.0191,0,-1.2302,2.153,0,-3.689,2.117,0.0,-3.659,0
3380,0.036055512754639744,1.0331,0,-1.2382,2.131,0,-3.678,2.101,0.0,-3.658,0
3381,0.03330165161069352,1.0473,0,-1.2457,2.11,0,-3.68,2.085,0.0,-3.658,0
3382,0.04438468204234419,1.0615,0,-1.2532,2.11,0,-3.675,2.069,0.0,-3.658,0
3383,0.040718546143004554,1.0767,0,-1.261,2.089,0,-3.675,2.052,0.0,-3.658,0
3384,0.03891015291668752,1.092,0,-1.2693,2.069,0,-3.675,2.034,0.0,-3.658,0
3385,0.03744329045369817,1.1071,0,-1.2771,2.048,0,-3.679,2.017,0.0,-3.658,0
3386,0.031064449134017916,1.1225,0,-1.2852,2.026,0,-3.675,2.0,0.0,-3.658,0
3387,0.045694638635183374,1.1367,0,-1.2928,2.026,0,-3.676,1.984,0.0,-3.658,0
3388,0.041146081222882,1.1516,0,-1.3004,2.004,0,-3.676,1.967,0.0,-3.658,0
3389,0.03400000000000003,1.1665,0,-1.3081,1.98,0,-3.674,1.95,0.0,-3.658,0
3390,0.03360059523282283,1.1815,0,-1.316,1.96,0,-3.678,1.933,0.0,-3.658,0
3391,0.03252691193458137,1.196,0,-1.3248,1.939,0,-3.68,1.916,0.0,-3.657,0
3392,0.044294469180700284,1.21,0,-1.3326,1.939,0,-3.678,1.9,0.0,-3.657,0
3393,0.03911521443121596,1.2244,0,-1.3404,1.917,0,-3.678,1.884,0.0,-3.657,0
3394,0.037443290453697986,1.2383,0,-1.3481,1.899,0,-3.677,1.868,0.0,-3.656,0
3395,0.03201562118716419,1.2523,0,-1.3553,1.877,0,-3.676,1.852,0.0,-3.656,0
3396,0.036619666847201075,1.2886,0,-1.3752,1.841,0,-3.677,1.811,0.0,-3.656,0
3397,0.05069516742254612,1.3034,0,-1.383,1.841,0,-3.675,1.794,0.0,-3.656,1
3398,0.04346262762420146,1.518,0,-1.4984,1.591,0,-3.67,1.551,0.0,-3.653,0
3399,0.039812058474788754,1.5321,0,-1.506,1.571,0,-3.67,1.535,0.0,-3.653,0
3400,0.03935733730830869,1.5464,0,-1.5141,1.553,0,-3.671,1.518,0.0,-3.653,0
3401,0.04205948168962632,1.5613,0,-1.5224,1.538,0,-3.672,1.501,0.0,-3.652,0
3402,0.056612719418872665,1.5759,0,-1.5308,1.538,0,-3.669,1.484,0.0,-3.652,1
3403,0.04904079934095671,1.5911,0,-1.5385,1.513,0,-3.669,1.467,0.0,-3.652,0
3404,0.04623851208678747,1.6057,0,-1.5466,1.494,0,-3.669,1.451,0.0,-3.652,0
3405,0.04254409477236539,1.6205,0,-1.5538,1.473,0,-3.669,1.434,0.0,-3.652,0
3406,0.030413812651491123,1.635,0,-1.5617,1.445,0,-3.666,1.418,0.0,-3.652,0
3407,0.04753945729601881,1.6495,0,-1.5693,1.445,0,-3.67,1.401,0.0,-3.652,0
3408,0.04518849411078,1.6639,0,-1.5773,1.426,0,-3.67,1.385,0.0,-3.651,0
3409,0.04661544808322651,1.6788,0,-1.5848,1.411,0,-3.67,1.368,0.0,-3.652,0
3410,0.03758989225842483,1.6936,0,-1.5924,1.385,0,-3.67,1.352,0.0,-3.652,0
3411,0.03244996147917572,1.7079,0,-1.5996,1.363,0,-3.67,1.336,0.0,-3.652,0
3412,0.04681879964287854,1.7223,0,-1.6073,1.363,0,-3.668,1.319,0.0,-3.652,0
3413,0.049648766349225576,1.7374,0,-1.6153,1.349,0,-3.668,1.302,0.0,-3.652,0
3414,0.0429534631898291,1.7524,0,-1.6236,1.324,0,-3.67,1.285,0.0,-3.652,0
3415,0.042485291572496094,1.7672,0,-1.632,1.306,0,-3.67,1.268,0.0,-3.651,0
3416,0.03894868418830098,1.782,0,-1.6397,1.285,0,-3.67,1.251,0.0,-3.651,0
3417,0.051244511901275804,1.7959,0,-1.6469,1.285,0,-3.666,1.236,0.0,-3.651,1
3418,0.0509607692249635,1.8107,0,-1.6542,1.268,0,-3.666,1.219,0.0,-3.652,1
3419,0.04272001872658759,1.8253,0,-1.6619,1.244,0,-3.664,1.203,0.0,-3.652,0
3420,0.0411460812228822,1.84,0,-1.6701,1.223,0,-3.669,1.186,0.0,-3.651,0
3421,0.04024922359499615,1.8551,0,-1.6776,1.205,0,-3.67,1.169,0.0,-3.652,0
3422,0.056302753041037185,1.87,0,-1.6857,1.205,0,-3.67,1.152,0.0,-3.651,1
3423,0.0484664832642106,1.8843,0,-1.6929,1.181,0,-3.67,1.136,0.0,-3.652,0
3424,0.04939635614091384,1.8992,0,-1.7004,1.165,0,-3.67,1.119,0.0,-3.652,0
3425,0.04159326868617062,1.9141,0,-1.7085,1.139,0,-3.671,1.102,0.0,-3.652,0
3426,0.03996248240537638,1.9291,0,-1.717,1.119,0,-3.672,1.085,0.0,-3.651,0
3427,0.053851648071345085,1.9433,0,-1.725,1.119,0,-3.671,1.069,0.0,-3.651,1
3428,0.049244289008980466,1.958,0,-1.7326,1.097,0,-3.671,1.052,0.0,-3.651,0
3429,0.0514781507049349,1.9722,0,-1.7405,1.083,0,-3.671,1.036,0.0,-3.65,1
3430,0.03981205847478894,1.9872,0,-1.7481,1.055,0,-3.668,1.019,0.0,-3.651,0
3431,0.04085339643163107,2.002,0,-1.7555,1.041,0,-3.666,1.003,0.0,-3.651,0
3432,0.05756735185849706,2.0166,0,-1.7633,1.041,0,-3.668,0.986,0.0,-3.651,1
3433,0.050921508225896216,2.0312,0,-1.7708,1.018,0,-3.668,0.97,0.0,-3.651,1
3434,0.04661544808322678,2.0463,0,-1.7789,0.996,0,-3.669,0.953,0.0,-3.651,0
3435,0.04346262762420153,2.0607,0,-1.7864,0.976,0,-3.668,0.936,0.0,-3.651,0
3436,0.04159326868617083,2.0752,0,-1.7937,0.957,0,-3.67,0.92,0.0,-3.651,0
3437,0.057584720195551824,2.09,0,-1.8017,0.957,0,-3.671,0.903,0.0,-3.651,1
3438,0.053851648071345085,2.1051,0,-1.8102,0.936,0,-3.671,0.886,0.0,-3.651,1
3439,0.052000000000000046,2.1201,0,-1.8184,0.917,0,-3.67,0.869,0.0,-3.65,1
3440,0.04382921400162229,2.1347,0,-1.8263,0.891,0,-3.67,0.852,0.0,-3.65,0
3441,0.04338202392696781,2.1494,0,-1.8344,0.874,0,-3.669,0.835,0.0,-3.65,0
3442,0.05882176467941109,2.1647,0,-1.8423,0.874,0,-3.668,0.818,0.0,-3.65,1
3443,0.05408326913195986,2.1791,0,-1.8494,0.853,0,-3.668,0.802,0.0,-3.65,1
3444,0.045617978911828116,2.1937,0,-1.8568,0.827,0,-3.671,0.786,0.0,-3.651,0
3445,0.0451884941107801,2.208,0,-1.8645,0.811,0,-3.669,0.77,0.0,-3.65,0
3446,0.06168468205316456,2.2225,0,-1.8722,0.811,0,-3.671,0.753,0.0,-3.65,1
3447,0.05412947441089753,2.2374,0,-1.8802,0.785,0,-3.673,0.736,0.0,-3.65,1
3448,0.05462600113499079,2.2525,0,-1.8875,0.77,0,-3.673,0.72,0.0,-3.651,1
3449,0.04788527957525161,2.2667,0,-1.8945,0.746,0,-3.674,0.704,0.0,-3.651,0
3450,0.04341658669218492,2.2812,0,-1.9022,0.725,0,-3.672,0.687,0.0,-3.651,0
3451,0.05961543424315551,2.296,0,-1.9108,0.725,0,-3.673,0.67,0.0,-3.65,1
3452,0.05961543424315551,2.3109,0,-1.9188,0.708,0,-3.673,0.653,0.0,-3.65,1
3453,0.05322593352868515,2.3257,0,-1.9265,0.685,0,-3.673,0.637,0.0,-3.65,1
3454,0.050089919145472915,2.3401,0,-1.9338,0.665,0,-3.673,0.62,0.0,-3.651,1
3455,0.04205948168962622,2.3541,0,-1.941,0.642,0,-3.671,0.605,0.0,-3.651,0
3456,0.05758472019555193,2.3693,0,-1.9488,0.642,0,-3.671,0.588,0.0,-3.651,1
3457,0.06109828148156064,2.3841,0,-1.9566,0.628,0,-3.673,0.571,0.0,-3.651,1
3458,0.05646237685397245,2.3993,0,-1.9648,0.606,0,-3.673,0.554,0.0,-3.651,1
3459,0.04919349550499542,2.4144,0,-1.9729,0.58,0,-3.673,0.536,0.0,-3.651,0
3460,0.04716990566028324,2.4287,0,-1.9803,0.56,0,-3.676,0.52,0.0,-3.651,0
3461,0.06092618484691132,2.4434,0,-1.9878,0.56,0,-3.675,0.504,0.0,-3.651,1
3462,0.057245087125447,2.4586,0,-1.9957,0.538,0,-3.677,0.487,0.0,-3.651,1
3463,0.05283937925449178,2.4728,0,-2.0036,0.516,0,-3.677,0.47,0.0,-3.651,1
3464,0.046647615158762396,2.4841,0,-2.0097,0.498,0,-3.674,0.458,0.0,-3.65,0
3465,0.032802438933713624,2.4858,0,-2.0111,0.475,0,-3.676,0.455,0.0,-3.65,0
3466,0.0327566787083184,2.4833,0,-2.0098,0.475,0,-3.678,0.458,0.0,-3.65,0
3467,0.025079872407968818,2.481,0,-2.0084,0.463,0,-3.675,0.461,0.0,-3.65,0
3468,0.025961509971494257,2.4806,0,-2.0082,0.468,0,-3.675,0.461,0.0,-3.65,0
3469,0.027202941017471106,2.4806,0,-2.0083,0.469,0,-3.676,0.461,0.0,-3.65,0
3470,0.026248809496813276,2.4806,0,-2.0083,0.469,0,-3.675,0.461,0.0,-3.65,0
3471,0.029120439557122086,2.4807,0,-2.0083,0.469,0,-3.678,0.461,0.0,-3.65,0
3472,0.029120439557122086,2.4808,0,-2.0084,0.469,0,-3.678,0.461,0.0,-3.65,0
3473,0.02789265136196284,2.4806,0,-2.0083,0.468,0,-3.677,0.461,0.0,-3.65,0
3474,0.028460498941515526,2.4807,0,-2.0084,0.47,0,-3.677,0.461,0.0,-3.65,0
3475,0.026683328128252908,2.4808,0,-2.0084,0.467,0,-3.676,0.461,0.0,-3.65,0
3476,0.027658633371878797,2.4807,0,-2.0083,0.467,0,-3.677,0.461,0.0,-3.65,0
3477,0.028160255680657564,2.4808,0,-2.0084,0.469,0,-3.677,0.461,0.0,-3.65,0
3478,0.029120439557122086,2.4808,0,-2.0085,0.469,0,-3.678,0.461,0.0,-3.65,0
3479,0.027513632984395426,2.4809,0,-2.0086,0.47,0,-3.676,0.461,0.0,-3.65,0
3480,0.029732137494637018,2.4809,0,-2.0085,0.471,0,-3.678,0.461,0.0,-3.65,0
3481,0.028792360097776047,2.4809,0,-2.0085,0.471,0,-3.677,0.461,0.0,-3.65,0
3482,0.028160255680657564,2.481,0,-2.0086,0.469,0,-3.677,0.461,0.0,-3.65,0
3483,0.027513632984395426,2.481,0,-2.0086,0.47,0,-3.676,0.461,0.0,-3.65,0
3484,0.027513632984395426,2.481,0,-2.0086,0.47,0,-3.676,0.461,0.0,-3.65,0
3485,0.02915475947422661,2.4809,0,-2.0087,0.472,0,-3.677,0.461,0.0,-3.65,0
3486,0.03101612483854155,2.481,0,-2.0086,0.472,0,-3.679,0.461,0.0,-3.65,0
3487,0.03101612483854155,2.4813,0,-2.0088,0.472,0,-3.679,0.461,0.0,-3.65,0
3488,0.02785677655436845,2.4811,0,-2.0087,0.471,0,-3.676,0.461,0.0,-3.65,0
3489,0.027513632984395426,2.4811,0,-2.0088,0.47,0,-3.676,0.461,0.0,-3.65,0
3490,0.029410882339705496,2.4812,0,-2.0087,0.47,0,-3.678,0.461,0.0,-3.65,0
3491,0.02692582403567242,2.4813,0,-2.0089,0.47,0,-3.675,0.46,0.0,-3.65,0
3492,0.026248809496813276,2.4813,0,-2.0088,0.469,0,-3.675,0.461,0.0,-3.65,0
3493,0.028160255680657564,2.4813,0,-2.0088,0.469,0,-3.677,0.461,0.0,-3.65,0
3494,0.028460498941515526,2.4813,0,-2.0088,0.47,0,-3.677,0.461,0.0,-3.65,0
3495,0.02785677655436845,2.4812,0,-2.009,0.471,0,-3.676,0.461,0.0,-3.65,0
3496,0.02692582403567242,2.4812,0,-2.0087,0.471,0,-3.675,0.461,0.0,-3.65,0
3497,0.026570660511172746,2.4814,0,-2.0089,0.469,0,-3.675,0.46,0.0,-3.65,0
3498,0.028460498941515526,2.4813,0,-2.009,0.469,0,-3.677,0.46,0.0,-3.65,0
3499,0.028460498941515526,2.4813,0,-2.0089,0.469,0,-3.677,0.46,0.0,-3.65,0
3500,0.028792360097776047,2.4815,0,-2.009,0.47,0,-3.677,0.46,0.0,-3.65,0
3501,0.02785677655436845,2.4814,0,-2.009,0.47,0,-3.676,0.46,0.0,-3.65,0
3502,0.027202941017471123,2.4815,0,-2.0089,0.468,0,-3.676,0.46,0.0,-3.65,0
3503,0.02785677655436845,2.4815,0,-2.0091,0.47,0,-3.676,0.46,0.0,-3.65,0
3504,0.028231188426986416,2.4815,0,-2.009,0.471,0,-3.676,0.46,0.0,-3.65,0
3505,0.028231188426986416,2.4815,0,-2.0091,0.471,0,-3.676,0.46,0.0,-3.65,0
3506,0.02915475947422661,2.4816,0,-2.0092,0.471,0,-3.677,0.46,0.0,-3.65,0
3507,0.02954657340538842,2.4816,0,-2.0092,0.472,0,-3.677,0.46,0.0,-3.65,0
3508,0.02692582403567242,2.4816,0,-2.0091,0.47,0,-3.675,0.46,0.0,-3.65,0
3509,0.028231188426986416,2.4819,0,-2.0094,0.471,0,-3.676,0.46,0.0,-3.65,0
3510,0.028460498941515526,2.482,0,-2.0095,0.469,0,-3.677,0.46,0.0,-3.65,0
3511,0.026570660511172746,2.4821,0,-2.0095,0.469,0,-3.675,0.46,0.0,-3.65,0
3512,0.026570660511172746,2.4821,0,-2.0095,0.469,0,-3.675,0.46,0.0,-3.65,0
3513,0.02692582403567242,2.482,0,-2.0094,0.47,0,-3.675,0.46,0.0,-3.65,0
3514,0.02915475947422661,2.4822,0,-2.0096,0.47,0,-3.677,0.459,0.0,-3.65,0
3515,0.02915475947422661,2.4821,0,-2.0095,0.471,0,-3.677,0.46,0.0,-3.65,0
3516,0.030083217912982654,2.4821,0,-2.0095,0.471,0,-3.678,0.46,0.0,-3.65,0
3517,0.02915475947422661,2.4822,0,-2.0097,0.47,0,-3.677,0.459,0.0,-3.65,0
3518,0.02954657340538842,2.4822,0,-2.0096,0.471,0,-3.677,0.459,0.0,-3.65,0
3519,0.02863564212655291,2.4822,0,-2.0097,0.471,0,-3.676,0.459,0.0,-3.65,0
3520,0.026570660511172763,2.4823,0,-2.0097,0.468,0,-3.675,0.459,0.0,-3.65,0
3521,0.026570660511172763,2.4823,0,-2.0097,0.468,0,-3.675,0.459,0.0,-3.65,0
3522,0.02954657340538842,2.4822,0,-2.0097,0.471,0,-3.677,0.459,0.0,-3.65,0
3523,0.028460498941515543,2.4824,0,-2.0097,0.468,0,-3.677,0.459,0.0,-3.65,0
3524,0.03046309242345564,2.4823,0,-2.0098,0.471,0,-3.677,0.459,0.0,-3.649,0
3525,0.02915475947422661,2.4824,0,-2.0098,0.47,0,-3.677,0.459,0.0,-3.65,0
3526,0.025495097567964024,2.4824,0,-2.0098,0.47,0,-3.673,0.459,0.0,-3.65,0
3527,0.02594224354214579,2.4824,0,-2.0098,0.471,0,-3.673,0.459,0.0,-3.65,0
3528,0.02915475947422661,2.4824,0,-2.0098,0.47,0,-3.677,0.459,0.0,-3.65,0
3529,0.028792360097776047,2.4824,0,-2.0097,0.469,0,-3.677,0.459,0.0,-3.65,0
3530,0.028792360097776047,2.4824,0,-2.0098,0.469,0,-3.677,0.459,0.0,-3.65,0
3531,0.02785677655436845,2.4825,0,-2.0099,0.469,0,-3.676,0.459,0.0,-3.65,0
3532,0.02785677655436845,2.4825,0,-2.0099,0.469,0,-3.676,0.459,0.0,-3.65,0
3533,0.02640075756488817,2.4825,0,-2.0099,0.47,0,-3.674,0.459,0.0,-3.65,0
3534,0.030083217912982654,2.4826,0,-2.01,0.47,0,-3.677,0.459,0.0,-3.649,0
3535,0.030083217912982654,2.4825,0,-2.0099,0.47,0,-3.678,0.459,0.0,-3.65,0
3536,0.030083217912982654,2.4825,0,-2.0099,0.47,0,-3.678,0.459,0.0,-3.65,0
3537,0.03046309242345564,2.4828,0,-2.01,0.471,0,-3.678,0.459,0.0,-3.65,0
3538,0.02731300056749523,2.4827,0,-2.0099,0.47,0,-3.675,0.459,0.0,-3.65,0
3539,0.02863564212655291,2.4826,0,-2.0099,0.471,0,-3.676,0.459,0.0,-3.65,0
3540,0.02954657340538842,2.4828,0,-2.0101,0.471,0,-3.676,0.459,0.0,-3.649,0
3541,0.02954657340538842,2.4828,0,-2.0102,0.471,0,-3.676,0.459,0.0,-3.649,0
3542,0.028792360097776047,2.4827,0,-2.0101,0.469,0,-3.676,0.459,0.0,-3.649,0
3543,0.02692582403567242,2.4829,0,-2.0101,0.469,0,-3.675,0.459,0.0,-3.65,0
3544,0.030083217912982654,2.4828,0,-2.0101,0.47,0,-3.677,0.459,0.0,-3.649,0
3545,0.028231188426986006,2.4828,0,-2.0102,0.47,0,-3.675,0.459,0.0,-3.649,0
3546,0.02954657340538842,2.4829,0,-2.0102,0.47,0,-3.676,0.458,0.0,-3.649,0
3547,0.02915475947422661,2.4829,0,-2.0102,0.469,0,-3.676,0.458,0.0,-3.649,0
3548,0.02863564212655291,2.4829,0,-2.0101,0.471,0,-3.676,0.459,0.0,-3.65,0
3549,0.028792360097776047,2.4828,0,-2.0101,0.469,0,-3.676,0.459,0.0,-3.649,0
3550,0.031384709652950336,2.4829,0,-2.0102,0.47,0,-3.678,0.458,0.0,-3.649,0
3551,0.02954657340538842,2.483,0,-2.0103,0.47,0,-3.676,0.458,0.0,-3.649,0
3552,0.0299666481275435,2.483,0,-2.0103,0.471,0,-3.676,0.458,0.0,-3.649,0
3553,0.03046309242345564,2.4829,0,-2.0102,0.47,0,-3.677,0.458,0.0,-3.649,0
3554,0.03046309242345564,2.4829,0,-2.0102,0.47,0,-3.677,0.458,0.0,-3.649,0
3555,0.028178005607210642,2.4831,0,-2.0102,0.471,0,-3.675,0.458,0.0,-3.65,0
3556,0.030870698080866267,2.4832,0,-2.0103,0.471,0,-3.677,0.458,0.0,-3.649,0
3557,0.0291204395571221,2.483,0,-2.0103,0.466,0,-3.677,0.458,0.0,-3.649,0
3558,0.030870698080866267,2.483,0,-2.0103,0.471,0,-3.677,0.458,0.0,-3.649,0
3559,0.02915475947422661,2.483,0,-2.0103,0.469,0,-3.676,0.458,0.0,-3.649,0
3560,0.028635642126552507,2.4832,0,-2.0104,0.47,0,-3.675,0.458,0.0,-3.649,0
3561,0.03046309242345564,2.4831,0,-2.0104,0.47,0,-3.677,0.458,0.0,-3.649,0
3562,0.03046309242345564,2.4831,0,-2.0104,0.47,0,-3.677,0.458,0.0,-3.649,0
3563,0.0299666481275435,2.4832,0,-2.0104,0.471,0,-3.676,0.458,0.0,-3.649,0
3564,0.026832815729997475,2.4833,0,-2.0105,0.47,0,-3.673,0.458,0.0,-3.649,0
3565,0.028231188426986006,2.4832,0,-2.0105,0.469,0,-3.675,0.458,0.0,-3.649,0
3566,0.02915475947422661,2.4833,0,-2.0104,0.469,0,-3.676,0.458,0.0,-3.649,0
3567,0.02954657340538842,2.4831,0,-2.0105,0.47,0,-3.676,0.458,0.0,-3.649,0
3568,0.02915475947422661,2.4832,0,-2.0105,0.469,0,-3.676,0.458,0.0,-3.649,0
3569,0.02954657340538842,2.4834,0,-2.0106,0.47,0,-3.676,0.458,0.0,-3.649,0
3570,0.02954657340538842,2.4834,0,-2.0105,0.47,0,-3.676,0.458,0.0,-3.649,0
3571,0.03046309242345564,2.4834,0,-2.0107,0.47,0,-3.677,0.458,0.0,-3.649,0
3572,0.03046309242345564,2.4834,0,-2.0106,0.47,0,-3.677,0.458,0.0,-3.649,0
3573,0.030870698080866267,2.4832,0,-2.0106,0.471,0,-3.677,0.458,0.0,-3.649,0
3574,0.027856776554368055,2.4835,0,-2.0107,0.468,0,-3.675,0.458,0.0,-3.649,0
3575,0.02973213749463704,2.4834,0,-2.0106,0.468,0,-3.677,0.458,0.0,-3.649,0
3576,0.0299666481275435,2.4834,0,-2.0107,0.471,0,-3.676,0.458,0.0,-3.649,0
3577,0.028460498941515543,2.4835,0,-2.0107,0.467,0,-3.676,0.458,0.0,-3.649,0
3578,0.030870698080866267,2.4834,0,-2.0107,0.471,0,-3.677,0.458,0.0,-3.649,0
3579,0.028635642126552507,2.4834,0,-2.0107,0.47,0,-3.675,0.458,0.0,-3.649,0
3580,0.02954657340538842,2.4835,0,-2.0107,0.47,0,-3.676,0.458,0.0,-3.649,0
3581,0.0299666481275435,2.4836,0,-2.0107,0.471,0,-3.676,0.458,0.0,-3.649,0
3582,0.030870698080866267,2.4838,0,-2.011,0.47,0,-3.677,0.457,0.0,-3.649,0
3583,0.0304138126514912,2.4838,0,-2.011,0.471,0,-3.676,0.457,0.0,-3.649,0
3584,0.029529646120466605,2.4838,0,-2.0109,0.471,0,-3.675,0.457,0.0,-3.649,0
3585,0.029068883707497068,2.4837,0,-2.0109,0.47,0,-3.675,0.457,0.0,-3.649,0
3586,0.028178005607210642,2.4837,0,-2.011,0.47,0,-3.674,0.457,0.0,-3.649,0
3587,0.029068883707497068,2.4839,0,-2.0111,0.47,0,-3.675,0.457,0.0,-3.649,0
3588,0.0299666481275435,2.484,0,-2.0111,0.47,0,-3.676,0.457,0.0,-3.649,0
3589,0.029068883707497068,2.4839,0,-2.011,0.47,0,-3.675,0.457,0.0,-3.649,0
3590,0.029068883707497068,2.4839,0,-2.011,0.47,0,-3.675,0.457,0.0,-3.649,0
3591,0.028231188426986027,2.4838,0,-2.011,0.468,0,-3.675,0.457,0.0,-3.649,0
3592,0.03195309061734074,2.484,0,-2.0111,0.468,0,-3.679,0.457,0.0,-3.649,0
3593,0.0304138126514912,2.4839,0,-2.0111,0.471,0,-3.676,0.457,0.0,-3.649,0
3594,0.03130495168499706,2.484,0,-2.0111,0.471,0,-3.677,0.457,0.0,-3.649,0
3595,0.03046309242345564,2.4839,0,-2.0111,0.469,0,-3.677,0.457,0.0,-3.649,0
3596,0.0308868904229611,2.484,0,-2.0111,0.472,0,-3.676,0.457,0.0,-3.649,0
3597,0.031384709652950336,2.484,0,-2.0112,0.469,0,-3.678,0.457,0.0,-3.649,0
3598,0.03176476034853718,2.484,0,-2.0112,0.472,0,-3.677,0.457,0.0,-3.649,0
3599,0.0308868904229611,2.484,0,-2.0111,0.472,0,-3.676,0.457,0.0,-3.649,0
3600,0.0304138126514912,2.484,0,-2.0112,0.471,0,-3.676,0.457,0.0,-3.649,0
3601,0.0299666481275435,2.4841,0,-2.0112,0.47,0,-3.676,0.457,0.0,-3.649,0
