:020000040800F2
:10000000105D0020DD010008AF300008352C00082D
:10001000AB3000087D270008EF5A00080000000000
:100020000000000000000000000000004501000882
:10003000812700080000000089010008213E000817
:10004000F7010008F7010008F7010008F7010008B0
:10005000F7010008F7010008F7010008F7010008A0
:10006000F7010008F7010008F7010008F701000890
:10007000F7010008F7010008F7010008F701000880
:10008000F7010008F7010008F7010008F701000870
:10009000F7010008F7010008F7010008F701000860
:1000A000F7010008F7010008F7010008F701000850
:1000B000F7010008F7010008F7010008F701000840
:1000C000F7010008F7010008F7010008F701000830
:1000D000F701000879500008D1510008C15200080A
:1000E000F7010008F7010008F7010008F701000810
:1000F000F7010008F7010008F7010008F701000800
:10010000F7010008F7010008F7010008F7010008EF
:100110008D490008E14F0008F7010008F7010008C9
:10012000F7010008F7010008F7010008F7010008CF
:10013000DFF80CD000F0A4FC00480047A56A0008D6
:10014000105D0020224B19680868B0E8F00F80F3BA
:100150000988BFF36F8F4FF0000080F311884EF0D5
:100160000D0E70470000000006480068006880F32C
:10017000088862B661B6BFF34F8FBFF36F8F00DFA1
:1001800000BF00BF08ED00E0EFF30980BFF36F8F01
:100190000F4B1A6820E9F00F106008B54FF05000BF
:1001A00080F31188BFF34F8FBFF36F8F08F0BAF859
:1001B0004FF0000080F31188BDE808401968086816
:1001C000B0E8F00F80F30988BFF36F8F704700BF6E
:1001D000FC000020EFF305807047000006488047D0
:1001E00006480047FEE7FEE7FEE7FEE7FEE7FEE71C
:1001F000FEE7FEE7FEE7FEE7313E000831010008BA
:1002000040EA01039B0703D009E008C9121F08C098
:10021000042AFAD203E011F8013B00F8013B521E18
:10022000F9D27047F0B480EA0102D40F4200B2EB79
:10023000410F02D20246084611464A0042D0C30D81
:10024000DDB2C1F3C752AD1A202D35DAC1F3160164
:1002500041F4000204B15242C5F1200602FA06F14F
:100260002A411044B3EBD05F23D0C4B1012DA0EBE1
:10027000C35009DCF0BC4FF0004202EAC352DBB2CB
:1002800000F5000000F059BB400000F1807000EB69
:10029000C350A0F1807040EAD170490009E04908DC
:1002A00041EAC071A0EBC35000F50000400800EB2C
:1002B000C350F0BC00F038BB6142012202EB4101A7
:1002C000001BF6E7F0BC704781F00041AAE780F020
:1002D0000040A7E780EA010210B502F000434000A9
:1002E00022D04A001FD0010E01EB1261C0F356006C
:1002F000C2F3560240F4000042F40002A0FB0220C8
:1003000000047F39140400D0401C50EA124001D48C
:100310004000491EC2B20C0604EBD010401C40083D
:10032000802A02D003E0002010BD20F00100002947
:1003300000DA0020184310BD30B480EA010202F058
:10034000004530F0004221F0004013D090B1C30DC1
:10035000D40DC2F31601C0F31600E41A41F40001F3
:1003600040F400027D34914201D3641C00E0490056
:10037000002C02DA30BC002070474FF4000000234C
:10038000914201D3891A034340084FEA4101F7D152
:1003900051B1914202D14FF0004105E002D24FF03D
:1003A000010101E06FF0010103EBC450284430BCAF
:1003B00000F0BABA2DE9FE4F804681EA0300C00F73
:1003C0000C46009021F0004123F00045B8EB0200FC
:1003D000A94105D24046214690461C460B4602469E
:1003E00023F00040104347D0270DC7F30A00C3F3A2
:1003F0000A510290401A019040286BDAC3F31300AF
:1004000040F4801B0098924620B10023D2EB030AEF
:1004100063EB0B0B01985946C0F14002504600F0C7
:1004200052FA06460D4650465946019A00F06AFABD
:1004300010EB08006141002487EA115284EAE77357
:100440001A4340D0009A62B3019A012A4FEA075238
:1004500015DC001B61EB02014FF0004202EA07527B
:10046000CDE90042001C41F5801132462B4600F0D8
:10047000A1FA03B0BDE8F08F40462146F9E7001B22
:1004800061EB0201001C41F5801300185B4120184C
:10049000A2F5001747EB030140EAD570B6196D418C
:1004A00011E06D084FEA360645EAC0754FEA07527B
:1004B000001B61EB0201001C41F5801149084FEA65
:1004C00030000019514132462B4603B0BDE8F04FD1
:1004D00000F061BA0098012240000023D0EB020234
:1004E00063EBE073009821464FEAE074B8EB00003C
:1004F00061EB0401E9E783F000435BE781F0004131
:1005000058E72DE9FE4F81EA030404F0004421F08E
:10051000004100944FF0000B23F0004350EA010427
:100520005ED052EA03045BD0C3F30A54C1F30A5508
:100530002C44A4F2F3340194A0FB0254C1F3130140
:1005400041F48011C3F3130343F4801301FB02440D
:1005500000FB034E840A970A44EA815447EA835712
:10056000A4FB076802958D0A05FB07854FEA932CCB
:1005700004FB0C542705029D4FEA065847EA16373C
:10058000B5EB08056EEB070C870E920E47EA811754
:1005900042EA8312A7FB0201B6EB0B0164EB0004F5
:1005A0002B0D43EA0C335E1844EB1C50DA465146DF
:1005B000E7FB0201C5F313044FEA0B3343EA14537C
:1005C0004FEA0432019C43EA0603A4F10C040294AE
:1005D000009CCDE900B400F0EDF903B0BDE8F08F68
:1005E00000200146F9E72DE9F04D81EA030404F00B
:1005F000004B21F0004514464FF0000A23F0004163
:1006000050EA050220D054EA01021DD0C5F30A5772
:100610000246C5F31303C1F31300C1F30A5640F4B5
:10062000801543F48013A7EB0608101BD64608F28A
:10063000FD3873EB050002D308F1010801E09218C0
:100640005B41B8F1000F03DA00200146BDE8F08DF0
:1006500000204FF48011064684460EE0171B73EB12
:10066000050705D3121B63EB050306434CEA010C97
:1006700049084FEA300092185B4150EA0107EDD17A
:1006800052EA030012D082EA040083EA050108431B
:1006900005D0101BAB4106D20122002306E0002248
:1006A0004FF0004302E06FF0010253101AEB060016
:1006B0004CEB085110EB0A0041EB0B01BDE8F04D8B
:1006C00000F069B9C10F80EAE0700844CA079623B8
:1006D000002100F032B90EB5C10F80EAE070084485
:1006E000CA07002140F233438DE80E000A460B464C
:1006F00000F060F903B000BD0EB540F23341029145
:100700000021CDE900110A460B4600F053F903B071
:1007100000BD00F0004220F00040C10DC0F3160003
:1007200040F400007F2901DA00207047962903DC9D
:10073000C1F19601C84001E096398840002AF4D002
:100740004042704720F00040C10DC0F3160040F455
:1007500000007F2901DA00207047962903DCC1F1EF
:100760009601C840704796398840704770B5C1F30C
:100770000A5201F000450024C1F3130140F2FF3397
:1007800041F480119A4201DA002070BD40F23343F7
:100790009A42A2F2334203DC524200F0A3F800E096
:1007A00090402C43F1D0404270BDC1F30A5210B5C5
:1007B000C1F3130140F2FF3341F480119A4201DA90
:1007C000002010BD40F233439A42A2F2334203DCD0
:1007D000524200F087F810BD904010BD00F000427A
:1007E00030F000400AD0C10D01F56071C0F3160071
:1007F00042EA0151C20840071143704700200146F8
:10080000704701F0004330B421F0004150EA01028A
:1008100006D00A0DA2F56072C1F31301002A02DCB2
:1008200030BC00207047440F44EAC104C100E01806
:1008300030BC00EBC25000F077B80000002801DBAC
:10084000C0F10040002901DBC1F100418142704745
:10085000002801DBC0F10040002901DBC1F10041AB
:10086000884270472DE9F05F0546002092469B467E
:1008700088460646814640241BE0284641464746B6
:10088000224600F02FF853465A46C01A914110D321
:1008900011461846224600F016F82D1A67EB01089B
:1008A0004F4622460120002100F00DF817EB000909
:1008B0004E41201EA4F10104DFDC484631462A46A1
:1008C0004346BDE8F09F202A04DB203A00FA02F1FB
:1008D000002070479140C2F1200320FA03F319432E
:1008E00090407047202A04DB203A21FA02F00021D0
:1008F000704721FA02F3D040C2F120029140084330
:1009000019467047202A06DBCB17203A41FA02F03D
:1009100043EAE07306E041FA02F3D040C2F120025C
:1009200091400843194670470029A8BF7047401CF2
:10093000490008BF20F00100704710B4B0FA80FCF5
:1009400000FA0CF050EA010404BF10BC704749B132
:10095000CCF1200421FA04F411FA0CF118BF0121A2
:1009600021430843A3EB0C01CB1D4FEA00614FEA82
:10097000102042BF002010BC704700EBC350104451
:100980000029A4BF10BC7047401C490008BF20F0DC
:10099000010010BC704710B5141E73F1000408DA92
:1009A000401C41F1000192185B411A4301D120F033
:1009B000010010BD2DE9F04D92469B4611B1B1FAF0
:1009C00081F202E0B0FA80F220329046FFF77BFF1E
:1009D00004460F4640EA0A0041EA0B0153465A46D4
:1009E000084313D0114653EA010019D0C8F1400260
:1009F0005046FFF777FF05460E4650465946424699
:100A0000FFF761FF084305D0012004E02046394686
:100A1000BDE8F08D0020054346EAE0762C433743DD
:100A20000A986305E40AA0EB08000022FD0A44EAE4
:100A300047540A3002D500200146E9E701051019A4
:100A40006941DDE9084500196941BDE8F04DA2E7BB
:100A500070B521F0004303430CD0C1F30A550024C4
:100A6000D5EB040564EB0403D617AD1AB34102DBE2
:100A70000020014670BD201841EB025170BD0000FE
:100A8000064C074D06E0E06840F0010394E80700DB
:100A900098471034AC42F6D3FFF74EFBC89E0008CF
:100AA000E89E000830B58C1810F8012B12F00F03E7
:100AB00001D110F8013B120906D110F8012B03E017
:100AC00010F8015B01F8015B5B1EF9D101E001F850
:100AD000013B521EFBD1A142E6D3002030BD0000F5
:100AE0000448008804490988884201D001207047E1
:100AF0000020FCE7CE000020D000002008B5012136
:100B0000382002F0CDFB4FF4C040ADF800001020BB
:100B10008DF8030003208DF802006946124801F0A9
:100B2000A3FF4FF48050ADF8000028208DF803009B
:100B300069460D4801F098FF4FF48050ADF8000071
:100B400018208DF8030003208DF80200694607483D
:100B500001F08AFF0420ADF800008DF8030069461B
:100B6000034801F081FF08BD000C01400010014066
:100B70000014014010B5FFF7C1FF00F097F810BD59
:100B800030B502460B4600211EE0224C224D2D8836
:100B9000645D552C0DD1204C2488601CC41700EBDB
:100BA0005464E411A0EBC4141A4D2C5D7E2C00D1CA
:100BB00010E0194C2488601CC41700EB5464E41145
:100BC000A0EBC414144D2C8014480088124C2488C7
:100BD000A042DAD100BF12E00E480F4C2488055D18
:100BE00008464C1CA1B215540B4C2488601CC41739
:100BF00000EB5464E411A0EBC414074D2C8099421F
:100C000005DA06480088044C2488A042E4D1C8B222
:100C100030BD000039030020D0000020CE000020AD
:100C200070B505460E4600240CE000BF8021074841
:100C300004F08BFE0028F9D0295D044804F053FF2E
:100C4000601C84B2B442F0DB70BD00000050004074
:100C500088B000BF07F0A2FF114908601FE014210F
:100C60000F4807F0A3F8FFF73BFF78B101200D49CB
:100C7000087020216846FFF783FF0446002C04DD3E
:100C8000094A2146684601F05FFE00BF0648007829
:100C9000022804D101F070FE002003490870DEE74D
:100CA000900000203A0000207800002000B585B0B8
:100CB0000121080502F0D4FA4FF4165001900020EB
:100CC000ADF80800ADF80A00ADF80C00ADF8100062
:100CD0000C20ADF80E0001A90E4804F093FE01228D
:100CE00040F225510B4804F067FE35208DF80000D6
:100CF00000208DF801008DF8020001208DF803001E
:100D0000684602F0D5F90121024804F012FE05B050
:100D100000BD00000050004021B1826842F0010295
:100D2000826003E0826822F001028260704701461F
:100D300000208A6802F004020AB1012000E00020CD
:100D400070470146C86C80B27047024600201368A5
:100D50000B400BB1012000E000207047014600204D
:100D60008A6802F008020AB1012000E00020704702
:100D700030B502460020002350680F4C20400D790A
:100D80000C6844EA05242043506090680B4C2040D6
:100D9000D1E902542C434D7944EA45042043906044
:100DA000D06A20F470000C7C641EE4B2234340EA55
:100DB0000350D06230BD0000FFFEF0FFFDF7F1FFF1
:100DC000F0B504460D4600200021092D11DDE06834
:100DD000A5F10A0606EB4607072606FA07F188433F
:100DE000A5F10A0606EB460603FA06F10843E060A1
:100DF0000CE0206905EB4507072606FA07F1884352
:100E000005EB450603FA06F108432061072A0FDACD
:100E1000606B561E06EB86071F2606FA07F188430D
:100E2000561E06EB860605FA06F10843606322E0CB
:100E30000D2A0FDA206BD61F06EB86071F2606FA4F
:100E400007F18843D61F06EB860605FA06F108432C
:100E5000206310E0E06AA2F10D0606EB86071F266C
:100E600006FA07F18843A2F10D0606EB860605FA9D
:100E700006F10843E062F0BD816841F0080181603D
:100E8000704721B1826842F4A002826003E0826868
:100E900022F4A00282607047816841F00401816001
:100EA000704700002DE9F84F83460C46002C35D0E2
:100EB000BBF1000F32D02046FFF704FC0546584630
:100EC000FFF700FC06462946FFF736FA8246002166
:100ED0005046FFF7BDFC06D216495046FFF7AEFC60
:100EE00001D2DFF850A000215046FFF7A7FC06D240
:100EF00011495046FFF7ACFC01D2DFF83CA0514647
:100F00000E48FFF719FA0090FFF768FC074605F056
:100F1000C7FB0546FFF775FC814601E04FF000096D
:100F200007494846FFF7D6F90546FFF7F2FB00B23E
:100F3000BDE8F88F3333B33E3333B3BE77BE1F3EC5
:100F400000007A4408B50121102002F0A9F94FF4FD
:100F50000050ADF8000010208DF8030003208DF83C
:100F600002006946044801F07FFD4FF40051024839
:100F700001F057FE08BD00000010014010B55348B5
:100F800001F0CAFA002860D050480078312816D104
:100F90004E48007940B200EB400040004C49C88008
:100FA0004A48C07840B2A0EB800040000881474822
:100FB000407840B2404200EB8000464908804348F8
:100FC0000078322816D14148007940B200EB400049
:100FD00040003F49C8803D48C07840B2A0EB800047
:100FE000400008813948407840B2404200EB800020
:100FF000384908803548007833280FD13348C07805
:1010000040B2A0EB800040003149C8802F48807872
:1010100040B2A0EB800040002E4908802B480078A9
:10102000412812D1294840782B49087027488078F8
:1010300048702648C078887024480079C8702348D2
:101040004079087121488079487120480078322819
:101050003AD11E4880790007C00E204908801B48FD
:10106000407900F0200038B11D4800880988084404
:1010700000B21B4908800CE01448407900F01000D1
:1010800038B11748008815490988401A00B2144938
:1010900008800E48407900F0400040B11048408878
:1010A0000E490988084400B20D4948800CE0074801
:1010B000407900F0800038B1094840880749098824
:1010C000401A00B20649488010BD0000F801002017
:1010D000900100207E00002050000020B800002079
:1010E000800000207748007873287DD1754800790A
:1010F000C0F1800074490978484300B27349C88040
:101100007048C078C0F180006F490978484300B248
:101110006E4908816B484079C0F1800080006C49BD
:1011200008806848407800F0010018B10120694942
:10113000087012E06748007878B1674800780628A0
:1011400005DA65480078401C6349087002E0012018
:101150006149087000205F4908705A48407800F0E3
:10116000020018B101205D49087015E05B48007865
:1011700090B155480078022805DD53480078401E9C
:101180005149087005E002204F4908700120544978
:1011900008700020514908704A48407800F0040067
:1011A00018B101204F49087015E04E48007890B101
:1011B00045480078092805DA43480078401C424930
:1011C000087005E009204049087001204449087072
:1011D0000020444908703B48407800F0800050B13E
:1011E00041480088414900E06BE00988084400B2AA
:1011F0003D4908800CE03348407800F0200038B1C9
:101200003948008839490988401A00B236490880AF
:101210002C48407800F0400040B1334840883349C2
:101220000988084400B2304948800CE025484078DD
:1012300000F0100038B12C4840882C490988401A29
:1012400000B2294948801F48807800F0040018B196
:1012500001202749087015E02548007890B12348FF
:101260000088192805DA21480088401D1F49088098
:1012700005E019201D490880012019490870002047
:101280001B4908700F48807800F0010018B1012058
:101290001849087015E01748007890B11348008885
:1012A000052805DD11480088401F1049088005E029
:1012B00005200E49088001200949087000200D49C9
:1012C0000870704771000020B500002090010020D8
:1012D0007E000020B000002050000020B10000205F
:1012E00070000020B200002080000020B600002026
:1012F000B3000020B40000202DE9F0412D4800F09B
:101300005BFE002854D02B48C089B0F5FA7F4FDA35
:1013100028480089B0F5FA7F04DA4FF07F5026495B
:1013200008600CE023480089B0F57A7F04DA4FF0BA
:101330007E502149086002E020481F4908601D498D
:101340004988A1F57870FFF7BDF905461A4801688C
:101350002846FEF7BFFF0446FFF7DBF900B2184945
:10136000C88014490988A1F57870FFF7ABF90646E3
:101370001148006880F0004531462846FEF7AAFF74
:101380000446FFF7C6F900B20D4908810949C9882A
:10139000A1F57870FFF79FF906464FF03332094BFD
:1013A000FFF7AFF80446FFF7E1F900B206490880FD
:1013B000BDE8F08108020020BC0000203333333F39
:1013C000900100203333E3BF7E00002010B50420DD
:1013D00002F012FD0E4800680E49B0FBF1F00E4914
:1013E00008700B4800680B49B0FBF1F44FF47A70B9
:1013F00044434FF0E020006940F002004FF0E0214C
:10140000086108464461006940F00100086110BDB0
:101410003C00002040420F00C200002010B50446EE
:101420004FF47A7104FB01F000F002F810BD0000E7
:1014300070B5034600224FF0E02675690D4E3678F0
:1014400003FB06F44FF0E026B16910E04FF0E02610
:10145000B06988420BD0884202D20E1A324402E0B0
:101460002E1A0E4432440146A24200D300E0EDE7BA
:1014700000BF70BDC20000204FF08040808C7047DC
:1014800000B587B001210D2001F00AFF0121284895
:1014900001F076FB0820ADF8180004208DF81B0041
:1014A00003208DF81A0006A9224801F0DDFA4FF456
:1014B0000040ADF8180006A91F4801F0D5FA012137
:1014C000084601F0CDFE4FF0804002F029FE03A84F
:1014D00003F07EF90020ADF80C004FF6FF70ADF878
:1014E00010000020ADF81200ADF80E0003A94FF077
:1014F000804003F01BF900231A4603214FF080407F
:1015000002F002FF684602F077FF0620ADF80800FF
:1015100069464FF0804002F019FF00204FF08041F3
:1015200088840121880702F0DFFD07B000BD0000BC
:1015300000031800000C0140000801404FF08041FA
:1015400088847047014800887047000024040040E8
:1015500000B587B00121092001F0A2FE3020ADF8CE
:10156000180004208DF81B0003208DF81A0006A92E
:101570001D4801F079FA0121022001F071FE0121DC
:101580001A4801F0FDFA1A4802F0CAFD03A803F058
:101590001FF90020ADF80C004FF6FF70ADF81000F9
:1015A0000020ADF81200ADF80E0003A9104803F0BA
:1015B000BDF800231A4603210D4802F0A5FE684637
:1015C00002F01AFF0620ADF808006946084802F04C
:1015D000BDFE00200649243108800121044802F0A4
:1015E00083FD07B000BD0000000C014000081A0098
:1015F00000040040014908807047000024040040B6
:1016000001464906084A926942F00102064B9A6176
:10161000064A526822F0E062044B5A601A46526849
:101620000A435A6070470000001002400000014069
:1016300008B50121082001F033FE0120ADF80000BB
:1016400048208DF803006946014801F00DFA08BDF5
:10165000000C01400348006808B9012070470020D1
:10166000FCE700000081214208B50121142001F0AF
:1016700017FE1020ADF800008DF8030003208DF850
:10168000020069460A4801F0EFF94FF48070ADF8A6
:1016900000006946074801F0E7F91021044801F00D
:1016A000C2FA4FF48071034801F0BDFA08BD000092
:1016B000001001400008014070B505462C46B4F505
:1016C000616F01DD4FF4616414F5616F00DA0D4C58
:1016D000002C0BDD4FF461610B4802F0F2FFC4F502
:1016E000616081B2084802F0EEFF0AE04FF46161E8
:1016F000054802F0E8FF04F5616081B2024802F09B
:10170000E0FF70BDF0F1FFFF0008004070B5054636
:101710002C46B4F5616F01DD4FF4616414F5616F1F
:1017200000DA0D4C002C0BDD4FF461610B4802F028
:10173000CCFFC4F5616081B2084802F0C8FF0AE03E
:101740004FF46161054802F0C2FF04F5616081B2A7
:10175000024802F0BAFF70BDF0F1FFFF0008004040
:1017600000B589B00121082001F09AFD4FF4707096
:10177000ADF8200018208DF8230003208DF82200FA
:1017800008A9274801F070F90121042001F068FD43
:1017900040F60F60ADF818000020ADF81400ADF869
:1017A0001A00ADF8160005A91E4802F0BFFF602020
:1017B000ADF804000120ADF806000020ADF80A00E5
:1017C000ADF80C0001A9174802F020FE08211548C9
:1017D00002F068FE01A9134802F06EFE08211148CC
:1017E00002F0BCFE01A90F4802F0C6FE08210D4818
:1017F00002F012FF01A90B4802F018FF0821094866
:1018000002F052FF0121074802F062FC0121054865
:1018100002F06AFC0121034802F072FC09B000BD2D
:10182000000C0140000800401CB504460622694631
:101830003B2001F026FC9DF801009DF8001040EAD5
:10184000012000B220809DF803009DF8021040EABC
:10185000012000B260809DF805009DF8041040EA68
:10186000012000B2A0801CBD1CB5044606226946BA
:10187000432001F006FC9DF801009DF8001040EAAD
:10188000012000B220809DF803009DF8021040EA7C
:10189000012000B260809DF805009DF8041040EA28
:1018A000012000B2A0801CBD08B50121042001F078
:1018B000F7FC4FF4C050ADF8000010208DF8030085
:1018C00003208DF802006946164801F0CDF801208A
:1018D000154908601549C1F8AC0180216B2001F061
:1018E000DBFB1348FFF7A4FD00216B2001F0D4FBC4
:1018F00018211B2001F0D0FB00211C2001F0CCFBA3
:101900000021382001F0C8FB0021232001F0C4FB96
:1019100001216B2001F0C0FB00216C2001F0BCFB19
:1019200008BD000000080140B00121420000214232
:10193000A086010010B50446E006010E1C2001F04F
:10194000ABFB10BD10B5044621461A2001F0A4FBE4
:1019500010BD10B50446E006010E1B2001F09CFBF3
:1019600010BD70B50446B4F57A7F01DD4FF47A748A
:101970000A2C00DA0A244FF47A7090FBF4F0401E2F
:10198000C5B22946192001F087FB70BD70B500244F
:1019900015E004F1B001C8B201F0E0FB002001F055
:1019A000DDFB102001F0DAFB002504E0002001F04F
:1019B000E5FB681CC5B2802DF8DB601CC4B2082CA6
:1019C000E7DB70BD2DE9F04705460E461746984601
:1019D0004FF000090024A7F1200000F0FF097B2D43
:1019E0002BDA082E29DAB8F1000F14D03146284638
:1019F00001F0A0FB00BF0BE009EB490104EB410142
:101A00000F4A515CC943C8B201F0B8FB601CC4B2B4
:101A1000062CF1DB11E03146284601F08BFB002457
:101A200009E009EB490104EB4101054A505C01F072
:101A3000A5FB601CC4B2062CF3DBBDE8F0870000F8
:101A4000D49A00082DE9F04105460E4614461F467B
:101A50000A2C07DA04F13000C2B23B463146284670
:101A6000FFF7B0FFBDE8F0812DE9F05F05460E46B7
:101A700017469846DDE90A9B7F2D01DC072E01DD24
:101A8000BDE8F09FE819802803DC06EB0800082871
:101A900000DDF5E7BBF1000F18D0344613E0214616
:101AA000284601F047FBAA4609E019F8012BD1436B
:101AB000C8B201F063FB0AF1010000F0FF0ABA4569
:101AC000F3DB601CC4B24445E9DB15E0344611E0A9
:101AD0002146284601F02EFBAA4607E019F8010B23
:101AE00001F04CFB0AF1010000F0FF0ABA45F5DBFA
:101AF000601CC4B24445EBDB00BFC1E72DE9F041F7
:101B000004460D461646984600277B2C14DA082D0D
:101B100012DA0EE0F25D434629462046FFF752FFF7
:101B2000A01DC4B27A2C02DD0024681CC5B2781C4A
:101B3000C7B2F05D0028EDD1BDE8F0812DE9FE4F80
:101B400080468A4691461D46DDE90C7B002D76DDF8
:101B5000E8190A2873DAB9F1000F02DAC9F10006B0
:101B600000E04E460A20B6FBF0F100FB11608DF854
:101B700001006420B6FBF0F100FB11600A21B0FB0C
:101B8000F1F08DF802004FF47A70B6FBF0F100FB33
:101B900011606421B0FBF1F0C0B28DF8030042F295
:101BA0001070B6FBF0F100FB11604FF47A71B0FBDE
:101BB000F1F0C0B28DF804005948B6FBF0F100FB1B
:101BC000116042F21071B0FBF1F0C0B28DF8050067
:101BD0005448B6FBF0F100FB11605149B0FBF1F045
:101BE000C0B28DF806005048B6FBF0F100FB116062
:101BF0004C49B0FBF1F0C0B28DF807004B48B6FB82
:101C0000F0F100FB11604849B0FBF1F0C0B28DF873
:101C100008004748B6FBF0F100FB11604349B0FBF8
:101C2000F1F0C0B28DF80900B9F1000F41DA0023DC
:101C30002D2251464046FFF7C5FE002412E037E052
:101C4000E919091B491E1DF8012004EB440308F1A2
:101C5000060101EB4301C8B25B465146FFF7F2FEB5
:101C6000601CC4B2681EA042EADC002F56D005EB0F
:101C7000450108EB4101C8B25B462E225146FFF7F1
:101C8000A1FE002412E005EB450108EB4101891D8E
:101C900004EB440301EB4301C8B2391B1DF80120DA
:101CA0005B465146FFF7CEFE601CC4B2BC42EADB85
:101CB00034E000240EE0E919091B1DF8012004EBB3
:101CC000440108EB4101C8B25B465146FFF7BAFE3A
:101CD000601CC4B2AC42EEDB07B305EB450108EB78
:101CE0004101C8B25B462E225146FFF76BFE00242D
:101CF00012E005EB450108EB4101891D04EB4403AB
:101D000001EB4301C8B2391B1DF801205B46514667
:101D1000FFF798FE601CC4B2BC42EADBBDE8FE8F50
:101D2000A086010040420F008096980000E1F50572
:101D300000CA9A3B00B587B00121042001F0B0FA37
:101D4000A020ADF8040003208DF8060018208DF8BF
:101D5000070001A9544800F087FE1020ADF80400E8
:101D60008DF8070001A9504800F07EFE4020ADF834
:101D7000040010208DF8070001A94B4800F074FE04
:101D80000121080301F08CFA0020ADF808004FF49F
:101D90008270ADF80A000020ADF80C000220ADF80A
:101DA0000E000120ADF810004002ADF81200002036
:101DB000ADF81400ADF816000720ADF8180002A920
:101DC0003A4801F0DFFD0121384801F0C1FDFF2054
:101DD00001F0A2FD4021344800F025FF6420FFF708
:101DE0001DFB4021304800F01CFFC820FFF716FB08
:101DF00040212D4800F017FFAE2001F0AFF9002080
:101E000001F0ACF9102001F0A9F9402001F0A6F989
:101E1000812001F0A3F9EF2001F0A0F9A12001F049
:101E20009DF9C82001F09AF9A62001F097F9A820A1
:101E300001F094F93F2001F091F9D32001F08EF9DF
:101E4000002001F08BF9D52001F088F9802001F005
:101E500085F9D92001F082F9F12001F07FF9DA202B
:101E600001F07CF9122001F079F9DB2001F076F91C
:101E7000402001F073F9202001F070F9022001F0F8
:101E80006DF98D2001F06AF9142001F067F9A420A2
:101E900001F064F9A62001F061F9AF2001F05EF9CC
:101EA000FFF774FD07B000BD00080140003001409D
:101EB00008B50121102001F0F3F90120ADF8000070
:101EC00048208DF8030003208DF80200694617486A
:101ED00000F0CAFD0220ADF8000010208DF80300CC
:101EE00003208DF802006946104800F0BDFD042073
:101EF000ADF8000010208DF8030003208DF80200DB
:101F000069460A4800F0B0FD0820ADF80000102036
:101F10008DF8030003208DF802006946034800F0A5
:101F2000A3FD01200249086008BD00000010014027
:101F30008801224270B5044600201449086000253B
:101F400007E01349485D01F01FF912494855681C24
:101F5000C5B2092DF5DB01200C4908600D48407819
:101F600020700C48C078C04360700A480079C043B4
:101F7000A07008484079E0700648807920710548D3
:101F8000C07960710348007AA07170BD8801224257
:101F9000FC9C00083003002010B50548007820B9EB
:101FA00000200449C8800881488101F003FA10BD6F
:101FB0006E00002090010020014630480078002883
:101FC00059D02F4840782E4A927840EA0220C0F338
:101FD0000A0008802A488078C010294AD27840EA4E
:101FE0004210C0F30A0048802548C0788011244A76
:101FF000127940EA8200224A527940EA8220C0F3F4
:102000000A0088801E48407940101D4A927940EAB3
:10201000C210C0F30A00C880194880790011184A1C
:10202000D27940EA0210C0F30A0008811448C0794E
:10203000C011134A127A40EA4200114A527A40EA29
:102040004220C0F30A0048810D48407A80100C4AB3
:10205000927A40EA8210C0F30A0088810848807AA8
:102060004011074AD27A40EAC200C8810020034AE0
:102070001070012070470020FCE70000C80000201D
:102080000803002000B589B00121112001F008F9F2
:102090004FF47070ADF8200018208DF82300032055
:1020A0008DF8220008A9294800F0DEFC0121480330
:1020B00001F0F6F84720ADF814000020ADF8160046
:1020C00044F61F60ADF818000020ADF81A0005A90D
:1020D0001F4802F02BFB6020ADF804000120ADF892
:1020E000060040F2DC50ADF80A000020ADF80C000C
:1020F00001A9174802F08AF90821154802F0D2F91F
:1021000001A9134802F0D8F90821114802F026FA73
:1021100001A90F4802F030FA08210D4802F07CFABC
:1021200001A90B4802F082FA0821094802F0BCFA22
:102130000121074801F0CCFF0121054801F0D4FF3F
:102140000121034801F0DCFF09B000BD001001408F
:10215000003401402DE9F0410446B4F5617F01DD12
:102160004FF4617414F5617F00DA0B4C2046FEF7E2
:10217000A9FA80460949FEF7ADF807460849FEF777
:1021800051F80646FEF7DEFA85B22946054802F008
:102190009EFABDE8F08100007CFCFFFF3F358E3FDA
:1021A0000080BB44003401402DE9F0410446B4F501
:1021B000617F01DD4FF4617414F5617F00DA0B4C2F
:1021C0002046FEF77FFA80460949FEF783F8074666
:1021D0000849FEF727F80646FEF7B4FA85B2294605
:1021E000054802F072FABDE8F08100007CFCFFFFB8
:1021F0003F358E3F0080BB44003401402DE9F04163
:102200000446B4F5617F01DD4FF4617414F5617F1C
:1022100000DA0B4C2046FEF755FA80460949FEF7D6
:1022200059F807460849FDF7FDFF0646FEF78AFA0A
:1022300085B22946054802F046FABDE8F081000063
:102240007CFCFFFF3F358E3F0080BB4400340140E3
:102250002DE9F84F04460D4629462046FEF734F88E
:10226000274908602748016825480068FEF72CF8D0
:1022700082462548B0F90000FEF724FA834651460D
:10228000FEF728F880462148B0F90000FEF71AFA58
:1022900082461B4801685046FEF71CF881464146BD
:1022A000FDF7C0FF07461A48B0F90000FEF70AFA2A
:1022B00039460090FDF7B6FF0646FEF72AFA00B24F
:1022C000134908800E4800680E4908601048B0F9AC
:1022D000000041F26801884202DD08460C4908808E
:1022E0000B48B0F900000B49884203DA4EF69870AB
:1022F000074908800648B0F90000BDE8F88F0000E3
:102300009C000020A00000206C0000206A0000203B
:102310009800002098EFFFFF2DE9F84F04460D4686
:1023200029462046FDF7D0FF274908602748016865
:1023300025480068FDF7C8FF82462548B0F900002F
:10234000FEF7C0F983465146FDF7C4FF8046214899
:10235000B0F90000FEF7B6F982461B480168504606
:10236000FDF7B8FF81464146FDF75CFF07461A4876
:10237000B0F90000FEF7A6F939460090FDF752FFCC
:102380000646FEF7C6F900B2134908800E480068F9
:102390000E4908601048B0F9000041F26801884217
:1023A00002DD08460C4908800B48B0F900000B49D3
:1023B000884203DA4EF69870074908800648B0F95B
:1023C0000000BDE8F88F0000A8000020AC0000204D
:1023D0006C0000206A000020A400002098EFFFFF9E
:1023E00010B586B004460121042000F059FF0121F8
:1023F000880300F055FF4FF40070ADF8140018206A
:102400008DF8170003208DF8160005A91C4800F070
:102410002BFB4FF48060ADF8140004208DF81700FA
:1024200005A9174800F020FB01940020ADF8080032
:10243000ADF80A00ADF80C00ADF810000C20ADF8B6
:102440000E0001A90F4803F0DDFA25208DF80000E9
:1024500002208DF8010001208DF802008DF80300A4
:10246000684600F025FE012240F22551054803F0A0
:10247000A3FA0121034803F05CFA06B010BD000086
:1024800000080140003801402DE9F04707460D469D
:1024900090464FF00009202D37DCAA201C49087017
:1024A00055204870681D8870084680F80380002415
:1024B00005E0395D201D164A1154601CC4B2AC42BF
:1024C000F7DB281DC6B2002406E01148005D484431
:1024D00000F0FF09601CC4B2B442F6DB0C4800F8FF
:1024E0000490681DC6B200240DE00948015D09484A
:1024F00003F0F9FA00BF4021064803F026FA01284C
:10250000F9D1601CC4B2B442EFDBBDE8F087000033
:10251000400200200038014010B503460B48007807
:1025200090B10B488078001FC2B2002105E0C81CA2
:10253000074C205C5854481CC1B29142F7DB002084
:10254000024C2070104610BD0020FCE7C5000020A2
:102550006802002010B586B004460121082000F072
:102560009FFE0420ADF8140018208DF817000320FA
:102570008DF8160005A91E4800F076FA0820ADF87F
:10258000140004208DF8170005A9194800F06CFA12
:102590000121480400F064FE01940020ADF8080019
:1025A000ADF80A00ADF80C00ADF810000C20ADF845
:1025B0000E0001A90F4803F025FA26208DF800002F
:1025C00002208DF8010001208DF802008DF8030033
:1025D000684600F06DFD012240F22551054803F0E8
:1025E000EBF90121034803F0A4F906B010BD000087
:1025F00000080140004400402DE9F04707460D4621
:1026000090464FF00009322D37DCAA201C49087093
:1026100055204870681D8870084680F803800024A3
:1026200005E0395D201D164A1154601CC4B2AC424D
:10263000F7DB281DC6B2002406E01148005D4844BF
:1026400000F0FF09601CC4B2B442F6DB0C4800F88D
:102650000490681DC6B200240DE00948015D0948D8
:1026600003F041FA00BF4021064803F06EF901284B
:10267000F9D1601CC4B2B442EFDBBDE8F0870000C2
:10268000E0020020004C00402DE9F05F01211148DC
:10269000FEF7F7FB00BF02210E48FEF756FB0028AD
:1026A000F9D00C48FEF74DFB83465846FEF724F858
:1026B0008046094A094BFDF724FF06460022084BD5
:1026C000FDF791FF0446FEF770F81FFA80FA5046B6
:1026D000BDE8F09F002801400AD7A370BD54AC406C
:1026E00000FEAF4000B587B00121082000F0D8FD02
:1026F0000220ADF8180000208DF81B0006A91D4827
:1027000000F0B2F90121880200F0CAFD002001901A
:102710008DF808008DF809004FF460200390002028
:10272000049001208DF8140001A91348FEF720FB46
:102730004FF4004000F088FD0723012209210E48D4
:10274000FEF73EFB01210C48FEF7E6FA0A48FEF7C9
:1027500093FB00BF0848FEF701FB0028FAD10648AA
:10276000FEF79AFB00BF0448FEF7E1FA0028FAD111
:1027700007B000BD000C01400028014000BFFEE78B
:10278000704700001CB5B9E0642005F0D3FA5C483E
:10279000007800B35A480078012806D1002359A2D6
:1027A00002215A20FFF7AAF926E0554800780228AE
:1027B00006D1002354A202215A20FFF79FF91BE003
:1027C0004F480078042817D1002350A202215A2034
:1027D000FFF794F910E04E480078012806D1002355
:1027E0004CA202215A20FFF789F905E000234AA2F2
:1027F00002215A20FFF782F9002003210223CDE9AC
:1028000000104648028804211E20FFF797F9002097
:1028100003210223CDE900104148028804215A20F7
:10282000FFF78CF93F480088FDF766FF05463E4AF2
:102830003E4BFDF766FE0746FDF798FF0446002075
:10284000012102232246CDE9001003211E20FFF7BB
:1028500075F90020009001903548B0F90A20062350
:1028600003215A20FFF76AF9642005F063FA00207B
:102870000321CDE900102F48B0F9000000EB8000E3
:102880004200022305211E20FFF758F900200221F3
:10289000CDE900102848B0F9002005231946602032
:1028A000FFF74CF925480022254BD0E90051284676
:1028B000FDF727FE0746FDF759FF044600200221D9
:1028C0000B462246CDE9001006211E20FFF736F9FF
:1028D0001C4800221A4BD0E900512846FDF711FE92
:1028E0000746FDF743FF0446002002210B4622461F
:1028F000CDE9001006215A20FFF720F944E7000037
:102900007D00002050533200415050004E5246008E
:102910003A00002041363900524F53002000002079
:1029200022000020560000209A9999999999B93F60
:10293000D80100207E00002090010020B801002076
:1029400000005940C80100200A2900DA70470378C6
:10295000552B08D143787E2B05D1037A7E2B02D1EB
:10296000437A552B00D0F1E783781370C378537006
:102970004379D37000BFE9E70EB555208DF800000C
:102980007E208DF8010003208DF802001448008895
:10299000000A8DF80300124800788DF804001148F1
:1029A0000088000A8DF805000E4800788DF80600B2
:1029B0009DF803009DF8041048409DF8051048401C
:1029C0009DF8061048408DF807007E208DF808001D
:1029D00055208DF809000A216846FEF721F90EBD41
:1029E00020000020220000201948007801282ED164
:1029F0001748C078C0F18000164909784942484319
:102A000000B21549C88012484078C0F178001349D7
:102A100009784942484300B2114908800C480079BE
:102A2000002808DD0B480078401C0A490870012086
:102A30000C4908700BE006480079002807DA0548C1
:102A40000078401E0349087001200649087070474D
:102A500078000020C000002090010020C10000206C
:102A60007E000020700000202DE9F0410246002584
:102A70000026002000230024002791F803C00CF05A
:102A80000F0591F803C00CF0100CBCF1000F03D03F
:102A900091F802C04CEA050591F800C0BCF1000FA6
:102AA00031D0146800202BE04FF0010C0CFA00F339
:102AB000B1F800C00CEA03069E4220D183004FF01B
:102AC0000F0C0CFA03F7BC4305FA03FC4CEA0404B0
:102AD00091F803C0BCF1280F06D14FF0010C0CFA9D
:102AE00000FCC2F814C00AE091F803C0BCF1480F22
:102AF00005D14FF0010C0CFA00FCC2F810C0401CCC
:102B00000828D1D31460B1F800C0BCF1FF0F34DD48
:102B1000546800202EE000F1080C4FF0010808FA7C
:102B20000CF3B1F800C00CEA03069E4221D18300E9
:102B30004FF00F0C0CFA03F7BC4305FA03FC4CEA08
:102B4000040491F803C0BCF1280F05D100F1080C72
:102B500008FA0CF8C2F8148091F803C0BCF1480FD1
:102B600007D100F1080C4FF0010808FA0CF8C2F880
:102B70001080401C0828CED35460BDE8F0810000CE
:102B8000F0B50A46002300240021002500F000468D
:102B9000B6F1004F02D11D4EF16901E01B4E716884
:102BA000C0F3034583B200F44016B6F5401F08D1C8
:102BB00021F07061154E766826F07066134F7E60C6
:102BC00012E000F48016B6F5801F06D1032606FA3F
:102BD00005F4A14341F0706106E0460D360103FAA9
:102BE00006F6B14341F0706122B1460D360103FA99
:102BF00006F6314300F00046B6F1004F02D1034E15
:102C0000F16101E0014E7160F0BD00000000014083
:102C10000246002093680B400BB1012000E0002029
:102C2000704741617047016170470AB1016100E07E
:102C30004161704700BFFEE710B500200E490860F3
:102C40000E48006820F470400C490860084600688F
:102C500040F44050086000200949C1F8AC0101204F
:102C6000FEF7E6FB012004490860FEF7E1FB0020C7
:102C70000349C1F8B00110BDB00121420408014070
:102C80000000214210B500200E4908600E4800687F
:102C900020F470400C4908600846006840F4405039
:102CA000086001200949C1F8AC01FEF7C1FB012011
:102CB00004490860FEF7BCFB00200449C1F8B001DC
:102CC00010BD0000B0012142040801400000214273
:102CD00070B5054600241748006820F47040154977
:102CE00008600846006840F400400860002616E0CE
:102CF0000020114908600220FEF79AFB01200F49CD
:102D0000C1F8B0016006040E0B488438006808B1B1
:102D1000601CC4B20220FEF78BFB701CC6B2082EEA
:102D2000E6DB15B1FFF788FF01E0FFF7ABFF2046B8
:102D300070BD000004080140B001214200002142A2
:102D400070B504461448006820F4704012490860C9
:102D50000846006840F44050086000200F490860B1
:102D6000002516E0E0090D49091F08606006040E01
:102D70000120FEF75DFB01200949C1F8B001FEF713
:102D800057FB0020054908600120FEF751FB681C35
:102D9000C5B2082DE6DB70BD04080140B001214238
:102DA0000000214210B51648006820F47040144914
:102DB00008600846006840F440500860012011494E
:102DC00008601148D0F82C0108B9002010BD01207E
:102DD0000C49091D0860FEF72BFB00200A49C1F8C9
:102DE000AC0108488038006808B10020EEE70120F7
:102DF000FEF71EFB00200349091D08600120E5E7DE
:102E000004080140AC0121420000214210B50E48E7
:102E1000006820F470400C4908600846006840F4DF
:102E2000405008600020094908600949C1F8AC0118
:102E30000120FEF7FDFA0120044908600449C1F8A9
:102E4000AC01FEF7F5FA10BD04080140B0012142C3
:102E50000000214210B500241548006820F470409D
:102E6000134908600846006840F4004008600120EB
:102E700010490860FEF7DCFA01200F49C1F8B001E3
:102E8000FEF7D6FA0AE0601CC4B2322C03DDFFF76D
:102E9000BDFF002010BD0120FEF7CAFA05488038AA
:102EA00000680028EFD10349091D08600120F1E7FF
:102EB00004080140AC0121420000214210B51A482B
:102EC000B0F90000B0F5617F03DD4FF46170164981
:102ED00008801548B0F9000010F5617F03DA4FF65D
:102EE0007C40114908801048B0F90200B0F5617FBC
:102EF00003DD4FF461700C4948800B48B0F90200C3
:102F000010F5617F03DA4FF67C4007494880064997
:102F1000B1F90000FFF71EF903494988494208B298
:102F2000FFF742F910BD00008000002039E0FEF7F5
:102F300091FB002832D0322004F0FCFEFEF78AFB21
:102F400060B3002417E0322004F0F4FEFEF782FBA9
:102F500000B912E03C2C0CD14FF400511148FFF79E
:102F600062FEC82004F0E6FE4FF400510D48FFF762
:102F700058FE601CC4B2C82CE5DB00BF142C0CDA70
:102F800009480078062805DA07480078401C0649F9
:102F9000087002E001200449087000BF322004F0EC
:102FA000C9FEC4E700100140500000202DE9F041A7
:102FB00006460F4614461D46FFF7F4FE10B90120E1
:102FC000BDE8F0817106080EFFF7BAFEFFF742FF79
:102FD00018B9FFF71BFF0120F2E73846FFF7B0FEF4
:102FE000FFF738FFFFF7DEFE012101EB4601C8B213
:102FF000FFF7A6FEFFF72EFF0DE0012C04D1002005
:10300000FFF766FE287003E00120FFF761FE2870DD
:103010006D1C601EC4B2002CEFD1FFF7F7FE00203C
:10302000CEE72DE9F04105460E4617469846FFF7D4
:10303000B9FE10B90120BDE8F0816906080EFFF75E
:103040007FFEFFF707FF18B9FFF7E0FE0120F2E768
:103050003046FFF775FEFFF7FDFE00240BE018F881
:103060000400FFF76DFEFFF7F5FE18B9FFF7CEFE7F
:103070000020E0E7641CBC42F1DBFFF7C7FE002044
:10308000D9E770B504460D461646F2B22B462146E6
:103090006820FFF78BFF70BD13B5044601AB01221A
:1030A00021466820FFF7BDFF1CBD00BFFEE770474B
:1030B00070B5002100230F22C47804B3154C246896
:1030C00004F4E064C4F5E064210AC1F10403CA40D9
:1030D000447804FA03F184781440214309010E4C2A
:1030E0000678A155047804F01F050124AC4005784A
:1030F0006D11AD0005F1E025C5F8004109E0047847
:1031000004F01F050124AC40044D0678761145F803
:10311000264070BD0CED00E000E400E080E100E03E
:1031200002490143024A1160704700000000FA059D
:103130000CED00E070B504460D4605F1B001C8B2D3
:1031400000F00CF8102141EA141000F007F804F028
:103150000F0141F0010000F001F870BD10B5044608
:1031600010210548FFF75DFD204600F0D5FB10213A
:103170000148FFF758FD10BD0008014010B5044696
:10318000204600F0C9FB10BD1CB50446002001908C
:103190000120009027E09DF80000204018B1012098
:1031A0001449086002E0002012490860002011491B
:1031B000083108601020FEF73BF90F48D0F80001F5
:1031C00028B19DF804009DF80010084301900120EB
:1031D0000849083108601020FEF72AF99DF8000020
:1031E0004006000E00909DF800000028D3DC9DF8FA
:1031F00004001CBD840122420000224200BF05F0F1
:10320000CDFC0D49086016E014210B4804F0CEFDFA
:103210000A48FEF78FFE0A48007801280BD00748BD
:103220004078082807D10548807920B90120044951
:10323000087004490870E7E78C0000207100002046
:103240007D0000207000002001460020034A5068E5
:1032500020F44040084350607047000000100240D6
:1032600029B1064AD2690243044BDA6104E0034AF9
:10327000D2698243014BDA617047000000100240BE
:1032800029B1064A12690243044B1A6104E0034A59
:1032900012698243014B1A6170470000001002401E
:1032A00029B1064A92690243044B9A6104E0034A39
:1032B00092698243014B9A617047000000100240FE
:1032C00029B1064AD2680243044BDA6004E0034A9B
:1032D000D2688243014BDA60704700000010024060
:1032E00030B500210022002400232D4D6D6805F02B
:1032F0000C0121B1042905D0082923D105E0294D6D
:10330000056022E0274D05601FE0254D6D6805F43E
:103310007012234D6D6805F48034022505EB92424E
:103320001CB9214D554305600BE01D4D6D6805F43A
:1033300000351DB11C4D5543056002E0194D554344
:10334000056002E0174D056000BF00BF144D6D68B9
:1033500005F0F0010909154D6B5C0568DD4045601D
:103360000F4D6D6805F4E061090A104D6B5C45680E
:10337000DD4085600A4D6D6805F46051C90A0B4D4A
:103380006B5C4568DD40C560054D6D6805F44041E6
:10339000890B074D6B5CC568B5FBF3F5056130BD66
:1033A0000010024000127A0000093D007001002068
:1033B000800100202DE9F04F8FB0FEF75DF800B2DC
:1033C0000990FDF788F98246D24AD34BFDF799F868
:1033D00081F00041CDE90A01FDF713FA0D90FDF7E8
:1033E000FDF9CE4A03C20020FEF7A8F8FEF7AAF8BE
:1033F00000B20990FDF76FF9C64AC74BCDE90A0143
:10340000FDF77FF88246FDF7FCF90D90FDF7E6F930
:10341000C34A03C20020FEF7EDF8C248B0F9060027
:1034200040F2DC51884202DD0846BE49C880BD48F2
:10343000B0F90600BC49884203DA4FF62420B949A6
:10344000C880B849B1F90600FDF745F90022B74B2D
:10345000CDE90C01FDF7C7F88246FDF7D2F9044625
:10346000B348B0F90000FDF736F90022AF4BCDE9C3
:103470000C01FDF7B8F88246FDF7C3F90646304661
:10348000FDF7ACF9CDE90A0104F0C4F902460B4698
:10349000CDE90C014FF06040A649FDF7A4F8824643
:1034A000FDF7AFF98046A248008800287CD040464E
:1034B000FDF794F9CDE90A014046FDF78FF9824600
:1034C0009D4A9E4BFDF717F8CDE906012046FDF712
:1034D00085F9CDE90401DDE90623FDF712F8CDE910
:1034E0000801DDE90A23FDF77EF8CDE90C01FDF7BF
:1034F00088F98A4988604046FDF770F9CDE90A01EC
:103500004046FDF76BF98C4A8C4BCDE90401FCF782
:1035100051FFCDE908012046FDF760F9CDE906012C
:10352000DDE90823FCF7EDFF8246DDE90A23FDF71C
:103530005AF8CDE90C01FDF764F979498860304605
:10354000FDF74CF97E4A7F4BCDE90001FCF7D9FF2E
:10355000824604F05FF902460B46CDE902014FF0C6
:1035600060407449FDF73FF8734A744BCDE904019C
:10357000FCF720FF02460B46CDE906014FF0604004
:103580006C49FDF730F8CDE9080103F089F86E4A7F
:103590006E4BCDE90A01FCF7B4FFCDE90C01FDF754
:1035A00030F9054605E0FFE75C4884605C488460CC
:1035B00000252846FDF712F98246654A654BFCF75F
:1035C000A0FFCDE906012846FDF708F9CDE9020183
:1035D0002846FDF703F982465F4A604BFCF791FFEE
:1035E000CDE90001DDE90223FCF78BFFCDE9040101
:1035F000DDE90623FCF7DEFE81F000410022584B96
:10360000CDE90801FCF77DFF564A574BCDE90A0189
:10361000FCF7E9FFCDE90C01FDF7F3F80746534944
:103620003846FCF757FE83460021FCF7FBFD824637
:10363000FDF76FF80FFA80F94846FEF7DFFD3748CF
:10364000D0E900211046FDF7DCF88246334988684E
:103650005146FEF7FDFD314988813149D1E900210C
:103660001046FDF7CEF882462D4988685146FEF790
:1036700053FE2B49888129498989494208B2FEF7BE
:103680001BF82749B1F90C00FEF740F82349D1E9AE
:1036900000A181F00043224903C95246CDE9060149
:1036A000FCF788FE00224FF08043CDE90801FCF7CB
:1036B0009AFF00221D4BCDE90A01FCF722FFCDE95C
:1036C0000C01FDF753F800B216490880002048802D
:1036D0001249D1E900A181F00043114803C85246C4
:1036E000CDE90601FCF766FE134A214BCDE908013E
:1036F000FCF779FF00220D4BCDE90A01FCF701FF31
:10370000CDE90C01FDF732F800B2064988800FB010
:10371000BDE8F08FE3775F723A55733FB801002040
:10372000C80100209001002024FAFFFF00408F40D4
:103730007E000020CEF7C33F1F85EB51B81EB53F7A
:10374000CAC342AD69DE913F144C77B6D7A54C4051
:103750009BE61DA7E848F33F091B9E5E29CB703FFF
:1037600000806640A7E8482EFF2109400000204164
:10377000B81EC53F10B51B48FEF756F819484088DB
:103780001949088017480088404200B2488015480F
:10379000808888801548FEF767F814480088144927
:1037A0000988084400B21149088008464088104939
:1037B0004988084400B20D494880084680880C4971
:1037C0008988084400B2094988800846408806492B
:1037D000C88006480088404200B2088103488088BB
:1037E000488110BD58000020D80100205E00002054
:1037F0006400002010B529480088000A2849087094
:1038000026480078487025484088000A8870234878
:103810008078C87021488088000A08711F480079A4
:1038200048711E48C088000A88711C488079C87198
:103830001A480089000A08721848007A4872174826
:103840004089000A88721548807AC8721548008835
:10385000000A087313480078487312484088000A29
:10386000887310488078C8730E488088000A0874EE
:103870000C48007948740C480088001288740A4883
:103880000078C874102214210548FEF7B5FE1022F6
:1038900014210348FEF7F8FD10BD0000D8010020F8
:1038A000E4010020900100205600002000BF05F038
:1038B00075F91749086029E01421154804F076FAD3
:1038C00014480078D0B113480078012802D1FDF7E0
:1038D00009FC13E00F480078022802D1FDF74EFBE7
:1038E0000CE00C480078032802D1FDF705FD05E047
:1038F00008480078042801D1FFF776F8FEF74CFB62
:10390000FFF7DCFAFFF736FFFFF774FFD4E700009C
:10391000840000207D00002010B5044600BF022175
:103920000A4800F021F80028F9D02146074800F0A5
:1039300027F800BF0121054800F016F80028F9D04B
:10394000024800F01AF8C0B210BD0000003001407B
:1039500021B1028842F04002028004E002884FF662
:10396000BF731A40028070470246002013890B4043
:103970000BB1012000E000207047014688897047A4
:103980008181704710B50022028802F441520B88F1
:103990004C8823438C882343CC8823430C892343BE
:1039A0004C8923438C892343CC8923431A430280C7
:1039B000838B4FF2FF74234083830B8A038210BDF5
:1039C00010B500F001F810BD0CB50020019000907A
:1039D0003348006840F480303149086000BF304807
:1039E000006800F4003000900198401C019000989D
:1039F00018B90198B0F5A06FF1D12948006800F41A
:103A0000003010B10120009001E0002000900098EB
:103A1000012843D12348006840F010002149086084
:103A20000846006820F0030008600846006840F07F
:103A3000020008601A484068194948600846406812
:103A400048600846406840F4806048600846406826
:103A500020F47C1048600846406840F4E810486054
:103A60000846006840F08070086000BF0C4800689D
:103A700000F000700028F9D00948406820F00300E9
:103A8000074948600846406840F00200486000BFAF
:103A90000348406800F00C000828F9D10CBD000074
:103AA00000100240002002402DE9FF410746552644
:103AB0000020FEF74FFB0020FEF776FB0020FEF70C
:103AC0009DFB00252BE04FF480717E48FFF7A9F89D
:103AD0001420FDF7A3FC4FF480717A48FFF7A3F898
:103AE0001420FDF79BFC02A8FDF7BEFE7648008877
:103AF000BDF80810084400B27349088008464088A1
:103B0000BDF80A10084400B26F4948800846808812
:103B1000BDF80C10084400B26B4988806D1C0A2D5A
:103B2000D1DB6948B0F9000040420A2190FBF1F076
:103B300000B2654908800846B0F9020040420A21F7
:103B400090FBF1F000B2604948800846B0F90400EB
:103B500040420A2190FBF1F000B25B4988800025C9
:103B600022E000240BE0E006060E4FF48071554879
:103B7000FFF757F81420FDF751FC601CC4B21E2C4F
:103B8000F1DB14240DE004EB44008006060E4FF434
:103B900080714C48FFF747F81420FDF73FFC601E8A
:103BA000C4B2002CEFDC6D1C032DDADB4FF4807106
:103BB0004448FFF736F84FF400514448FFF733F814
:103BC0006420FDF72BFC4FF400514048FFF729F823
:103BD000FDF7DCFE00233EA219461846FDF78EFFD6
:103BE000002340A201211846FDF788FF002343A2CD
:103BF00002211846FDF782FF002346A202211E2063
:103C0000FDF77CFF002345A203211846FDF776FF50
:103C1000002348A204211846FDF770FF00234BA2A1
:103C200005211846FDF76AFF00234EA2062118461B
:103C3000FDF764FF03F012FF5048032100234FF407
:103C40008072CDE900104EA1504804F067FF504843
:103C5000042100238022CDE900104EA1504804F039
:103C60005DFF5048062100238022CDE900104EA1BF
:103C7000504804F053FF50480A2100238022CDE928
:103C800000104EA1504804F049FF50480B2100237A
:103C90008022CDE900104EA1504804F03FFF50486B
:103CA000052100234FF48072CDE900104DA150484A
:103CB00004F034FF4F48006804F0E8F803F010FF08
:103CC000BDE8FF81000801406400002000100140B1
:103CD0002020202A2046534D20414B4D202A2020D1
:103CE000200000002D2D2D2D2D2D2D2D2D2D2D2D98
:103CF0002D2D2D2D2D2D2D2D2D00000020566572E2
:103D00003A56302E3030204D6F643A524F532020B7
:103D10002000000056312E303000000020566F6C1D
:103D20003A31322E32562047797A3A3030303030BC
:103D3000200000002064313A30302E3030302064D2
:103D4000323A30302E3030300000000020416E67B3
:103D50003A3030302E30302056656C3A302E3030CC
:103D600030200000204D54413A30302E3030204D6C
:103D700054423A2D302E3030200000000400002044
:103D8000526F626F745F5461736B0000AD3800084E
:103D9000080000204B65795F5461736B00000000E0
:103DA0002D2F00080C000020446973705F5461736C
:103DB0006B0000008527000810000020547269760F
:103DC00069615F5461736B00E547000814000020CF
:103DD0005073325F5461736B00000000FD310008C6
:103DE0001C0000204136395F5461736B00000000F5
:103DF000510C000800000020042808D14FF0E021F9
:103E0000096941F004014FF0E022116107E04FF031
:103E1000E021096921F004014FF0E02211617047AF
:103E200010B504F0ABFE012801D004F021FB10BD59
:103E300010B51348006840F00100114908600846B9
:103E40004068104908400E494860084600680E491D
:103E500008400B4908600846006820F4802008608C
:103E60000846406820F4FE0048604FF41F00886058
:103E7000FFF7A6FD4FF000600449086010BD000088
:103E8000001002400000FFF8FFFFF6FE08ED00E022
:103E9000F0B50C46154600220021068C4FF6FE7741
:103EA0003E400684028B018C4FF60C7632407E1C1D
:103EB00006EA03162E433243104EB0420ED0104E87
:103EC000B0420BD0B0F1804F08D00E4EB04205D0BA
:103ED0000D4EB04202D00D4EB04206D14FF6FD76E7
:103EE000314044F00106314305E04FF6F5763140AC
:103EF00044F00106314302830184F0BD002C0140EF
:103F0000003401400004004000080040000C004064
:103F1000F0B50C461546002200210026078C4FF60E
:103F2000EF7C07EA0C070784028B018C4FF6FF77C2
:103F300007EA041640F6FF473A404FF6FF7707EAD4
:103F400003373A434FF6FF7707EA05273A43114F05
:103F5000B8420ED0104FB8420BD0B0F1804F08D00D
:103F60000E4FB84205D00E4FB84202D00D4FB842A6
:103F700006D14FF6DF77394046F01007394305E0A8
:103F80004FF65F77394044F01007394302830184CC
:103F9000F0BD0000002C014000340140000400404E
:103FA00000080040000C0040F0B50C461546002209
:103FB00000210026078C4FF6FF6C07EA0C070784E8
:103FC000828B018C4FF6FF7707EA04264FF60C77B9
:103FD0003A404FF6FF7707EA03172F433A43114F52
:103FE000B8420ED0104FB8420BD0B0F1804F08D07D
:103FF0000E4FB84205D00E4FB84202D00D4FB84216
:1040000006D14FF6FF57394046F48077394305E033
:104010004FF2FF57394044F480773943828301845B
:10402000F0BD0000002C01400034014000040040BD
:1040300000080040000C0040F0B50C461546002278
:1040400000210026078C4EF6FF7C07EA0C07078448
:10405000828B018C4FF6FF7707EA043640F6FF4764
:104060003A404FF6FF7707EA05273A434FF6FF77C6
:1040700007EA03373A43114FB8420ED0104FB84207
:104080000BD0B0F1804F08D00E4FB84205D00E4F84
:10409000B84202D00D4FB84206D14DF6FF773940F5
:1040A00046F48057394305E047F6FF57394044F45A
:1040B0008057394382830184F0BD0000002C014009
:1040C000003401400004004000080040000C0040A3
:1040D00021B1028842F08002028004E002884FF69B
:1040E0007F731A400280704721B1028842F00102BA
:1040F000028004E002884FF6FE731A400280704787
:1041000031B1B0F8442042F40042A0F8442005E068
:10411000B0F84420C2F30E02A0F84420704700001B
:1041200010B504466848844208D10121C014FFF745
:10413000C7F80021E014FFF7C3F8C4E0B4F1804FE2
:1041400008D101210846FFF79BF800210120FFF765
:1041500097F8B8E05D48844208D101210220FFF7BA
:104160008FF800210220FFF78BF8ACE0584884421A
:1041700008D101210420FFF783F800210420FFF774
:104180007FF8A0E05348844208D101210820FFF7BE
:1041900077F800210820FFF773F894E04E48844236
:1041A00008D101211020FFF76BF800211020FFF744
:1041B00067F888E04948844208D101212020FFF7B0
:1041C0005FF800212020FFF75BF87CE04448844240
:1041D00008D101214014FFF773F800216014FFF7A4
:1041E0006FF870E03F48844209D10121C804FFF70D
:1041F00067F800214FF40020FFF762F863E03A48C7
:10420000844209D101210805FFF75AF800214FF433
:104210008010FFF755F856E03448844209D1012157
:104220004805FFF74DF800214FF40010FFF748F85C
:1042300049E02F48844208D101214020FFF720F8AF
:1042400000214020FFF71CF83DE02A48844208D1B5
:1042500001218020FFF714F800218020FFF710F8DB
:1042600031E02548844208D101218015FFF708F884
:104270000021A015FFF704F825E02048844209D169
:1042800001210804FFF71CF800214FF48030FFF7EC
:1042900017F818E01A48844209D101214804FFF7B1
:1042A0000FF800214FF40030FFF70AF80BE0154833
:1042B000844208D101218804FFF702F800214FF45D
:1042C0008020FEF7FDFF10BD002C014000040040DF
:1042D00000080040000C00400010004000140040A6
:1042E00000340140004C01400050014000540140A6
:1042F00000180040001C0040002000400040014029
:104300000044014000480140F0B50C4615461E46E9
:104310000021002200230189028B038C4FF6F877DD
:10432000394021434FF6FC473A4040F201173A43E7
:104330004FF6DD773B404FF6FF7707EA06172F432E
:104340003B43018102830384F0BD000070B5054644
:104350000C46244885420ED0234885420BD0B5F147
:10436000804F08D02148854205D02148854202D09F
:104370002048854200D100E000BF208850B9238941
:10438000A28861882846FFF783FDE188284600F06F
:10439000A1F925E0208804280AD12389A288618810
:1043A0002846FFF7B5FDE188284600F09CF917E0A4
:1043B000208808280AD12389A28861882846FFF727
:1043C000F3FDE188284600F09BF909E02389A288E3
:1043D00061882846FFF730FEE188284600F099F909
:1043E00070BD0000002C014000340140000400407A
:1043F00000080040000C00400021018041800121A4
:1044000081800021C18001817047000070B50024C7
:1044100000220023058C4FF6FE7635400584028C81
:104420008388048B4FF68F752C40B51E2C400D8869
:104430002C43751E2A400D892A434D882A43144D6A
:10444000A8420BD0134DA84208D0134DA84205D066
:10445000124DA84202D0124DA84213D14FF6F77563
:104460002A404D892A434FF6FB752A408D882A43FE
:104470004FF6FF652B404FF6FF552B408D892B43A0
:10448000CD892B4383800483CD888586028470BDCB
:10449000002C014000340140004001400044014034
:1044A000004801400A460021018B4FF6F77319407E
:1044B000114301837047000070B5002400220023DF
:1044C000058C4FF6EF7635400584028C8388048B8B
:1044D00048F6FF752C404FF6FF452C400D884FF6EF
:1044E000FF7606EA05252C434FF6DF752A400D8935
:1044F00006EA05152A434D8806EA05152A43154D97
:10450000A84202D0144DA8421DD14FF67F752A4013
:104510004D894FF6FF7606EA05152A434FF6BF751B
:104520002A408D8806EA05152A434FF6FF352B40B1
:104530004FF2FF752B408D8906EA85052B43CD8907
:1045400006EA85052B4383800483CD880587028492
:1045500070BD0000002C0140003401400A460021DB
:10456000018B4FF2FF7319404FF6FF7303EA0223EA
:10457000194301837047000070B500240022002316
:10458000058C4FF6FF6635400584028C8388848B4A
:104590004FF68F752C404FF6FC752C400D882C4340
:1045A0004FF6FF552A400D894FF6FF7606EA05259E
:1045B0002A434D8806EA05252A43154DA84202D014
:1045C000144DA8421DD14FF2FF752A404D894FF678
:1045D000FF7606EA05252A434FF6FF352A408D88E7
:1045E00006EA05252A434EF6FF752B404DF6FF756A
:1045F0002B408D8906EA05152B43CD8906EA051562
:104600002B4383808483CD888587028470BD00001E
:10461000002C0140003401400A460021818B4FF6F6
:10462000F7731940114381837047000070B5002271
:1046300000230024058C4EF6FF7635400584038C5C
:104640008488828B48F6FF752A404FF6FF452A4042
:104650000D884FF6FF7606EA05252A434DF6FF75CD
:104660002B400D8906EA05352B434D8806EA0535B2
:104670002B430B4DA84202D00A4DA84208D14BF65D
:10468000FF752C408D894FF6FF7606EA85152C4381
:1046900084808283CD88A0F84050038470BD0000E0
:1046A000002C0140003401400A460021818B4FF26A
:1046B000FF7319404FF6FF7303EA02231943818306
:1046C0007047818670470187704781877047A0F8DF
:1046D00040107047028B4FF6F3731A400283028B2F
:1046E0000A4302837047028B4FF2FF331A40028362
:1046F000028B4FF6FF7303EA01231A4302837047CC
:10470000828B4FF6F3731A408283828B0A43828333
:104710007047828B4FF2FF331A408283828B4FF6B1
:10472000FF7303EA01231A43828370470022028841
:104730001D4B98420ED01D4B98420BD0B0F1804FCC
:1047400008D01B4B984205D01A4B984202D01A4B06
:10475000984204D14FF68F731A404B881A43174B77
:10476000984207D0164B984204D04FF6FF431A40A8
:10477000CB881A4302808B8883850B8803850A4B7C
:1047800098420BD0094B984208D00E4B984205D066
:104790000D4B984202D00D4B984201D10B7A038603
:1047A0000123838270470000002C01400034014047
:1047B0000004004000080040000C004000100040D1
:1047C0000014004000400140004401400048014006
:1047D0004FF6FF71818000210180C180418001720C
:1047E00070470000ABE0FDF74FFF554908800846D1
:1047F0000088B0F5856F64DC10215248FEF708FA96
:10480000C0F10100C4B2224610214E48FEF70DFA55
:104810004B480088B0F57D7F57DA10214948FEF7F4
:1048200000FA47480088B0F5767F46DA46480088A7
:10483000401C45490880084600880A2845DD4FF499
:1048400080714248FEF7EFF910213E48FEF7E9F982
:104850003F48006803F0DCFC3E48006803F0D8FCE9
:104860000020FCF729FF0020FCF750FFFDF78EF831
:1048700022E0002338A203211846FDF73FF9002368
:104880003BA205211846FDF739F94FF400512D4898
:10489000FEF7C9F91E2003F04DFA4FF400512948E4
:1048A000FEF7BFF94FF47A7003F044FAFDF76EF8A3
:1048B0004FF47A7003F03EFADBE7002022490880CB
:1048C00003E010211F48FEF7AEF92F48007820B30F
:1048D0002D48007801280FD141031A48FEF7A3F9AB
:1048E000C82003F027FA4FF400511648FEF799F953
:1048F00000202549087010E04FF400511148FEF7E0
:1049000092F94FF47A7003F015FA4FF400510D4804
:10491000FEF787F900201C4908704FF480710B489E
:10492000FEF776F9C0F10100C4B222464FF480715F
:104930000648FEF77AF94FF4FA7003F0FBF952E7F4
:1049400056000020001001408800002000080140AF
:10495000040000200C00002020202020204C6F7735
:1049600020706F776572202020202020000000003A
:104970002020526F626F74206861732073746F70AF
:1049800070656420000000007000002010B540F247
:104990002551F64800F0E6FF00287CD0F34801F0EE
:1049A0009DF8C4B240F22551F04800F0B3FFF04842
:1049B000007804280BDAAA2C05D1ED480078401CB9
:1049C000EB490870CBE00020E9490870C7E0E848EF
:1049D00000780A2870DAE648007803286CDDE4489D
:1049E0000078001F062868D2DFE800F003156E800B
:1049F000929F54B9DE480078401CDD490870DD48BC
:104A000000782044DB490870A1E00020D8490870F4
:104A1000D849087000BF022C0DD10220D649087079
:104A2000D3480078401CD2490870D248007820440E
:104A3000D04908708BE00D2C0DD10D20CE490870A7
:104A4000CB480078401CCA490870CA480078204406
:104A5000C84908707BE00F2C0DD10F20C6490870A3
:104A6000C3480078401CC2490870C24800782044FE
:104A7000C04908706BE0102C0ED11020BE490870A0
:104A8000BB480078401CBA490870BA4800782044F6
:104A9000B84908705BE0E5E0142C0FD11420B6494A
:104AA0000870B3480078401CB1490870B1480078DC
:104AB0002044B04908704AE04AE047E00020AC4991
:104AC0000870AC49087000BF54B9A9480078401C70
:104AD000A7490870A74800782044A649087036E026
:104AE0000020A3490870A349087000BF54B9A0482A
:104AF0000078401C9E4908709E48007820449D49DB
:104B0000087024E000209A4908709A49087000BF94
:104B10009A48047096480078401C9549087095485A
:104B2000007820449349087011E09448007800EB25
:104B30000420924908708E480078401C8C49087007
:104B40008C48007820448B49087000E000BF06E0E4
:104B5000874800780A2802D10020894908708648D1
:104B6000007802287ED1864800780028FAD1804853
:104B70000078092876DD7E480078BE2873DA7C4804
:104B800000780A380F2190FBF1F201FB12007D49F9
:104B90000870084600780F2866D2DFE800F0081A8F
:104BA00036496A7D9AB7D4FFFDFCFBFAF9007648D6
:104BB000007800EB8000754921F820406D480078AE
:104BC00020446C4908706A480078401C68490870A5
:104BD00085E16D48007800EB80006C4931F82000D9
:104BE00000EB042000B26849097801EB8101674AB3
:104BF00022F821005F48007820445E4908705C4834
:104C00000078401C5A49087069E15F48007800EB61
:104C100080005E4901EB80004480564800782044C3
:104C20005449087052480078401C5149087056E1B8
:104C30005548007800EB8000544901EB8000408823
:104C400000EB04205049097801EB81014F4A02EB47
:104C5000810148804748007820444649087044480C
:104C6000007802E0AAE13BE138E1401C40490870CD
:104C700035E14548007800EB8000444901EB8000B5
:104C800044603C48007820443A490870384800782D
:104C9000401C3749087022E13B48007800EB800057
:104CA0003A4901EB8000406800EB0420364909785E
:104CB00001EB8101354A02EB810148602D48007803
:104CC00020442C4908702A480078401C2849087064
:104CD00005E12D48007800EB80002C4901EB8000B5
:104CE000406800EB04402849097801EB8101274A1C
:104CF00002EB810148601F48007820441D4908707C
:104D00001B480078401C1A490870E8E01E480078EB
:104D100000EB80001D4901EB8000406800EB04605F
:104D20001949097801EB8101184A02EB81014860B9
:104D30001048007820440F4908700D480078401C46
:104D40000B490870CBE01048007800EB80000F4959
:104D500001EB800004720748007820440549087080
:104D600003480078401C02490870B8E0004C00403D
:104D7000EC000020ED000020EF000020F0000020FB
:104D8000F8000020F9000020EE000020C004002000
:104D900081E06DE04FE031E013E0FFE78848007804
:104DA00000EB8000874901EB8000C46086480078F2
:104DB00020448549087085480078401C8349087064
:104DC0008DE07F48007800EB80007E4901EB800099
:104DD000C06800EB04207A49097801EB8101794A27
:104DE00002EB8101C8607848007820447649087059
:104DF00076480078401C7549087070E0704800786B
:104E000000EB80006F4901EB8000C06800EB0440BC
:104E10006B49097801EB81016A4A02EB8101C860A4
:104E20006948007820446849087068480078401C48
:104E30006649087053E06248007800EB80006149E1
:104E400001EB8000C06800EB04605D49097801EB6C
:104E500081015C4A02EB8101C8605B480078204414
:104E60005949087059480078401C5849087036E084
:104E70005348007800EB8000524901EB8000048227
:104E80005148007820445049087050480078401C30
:104E90004E49087023E04A48007800EB80004949F9
:104EA00001EB8000008A00EB042000B2444909783D
:104EB00001EB8101434A02EB8101088242480078FC
:104EC00020444149087041480078401C3F4908701F
:104ED0003B480078401C3A49087000E000BF00BF22
:104EE0003A480078BE280CD1394804603748007829
:104EF000401C364908703448007820443249087014
:104F00005CE032480078BF2810D13148006800EBDF
:104F100004202F4908602D480078401C2B49087058
:104F20002948007820442849087047E0274800783D
:104F3000C02810D12648006800EB044024490860CE
:104F400022480078401C214908701F4800782044FE
:104F50001D49087032E01D480078C12810D11C4856
:104F6000006800EB04601A49086018480078401C8B
:104F700016490870144800782044134908701DE051
:104F800012480078C22819D10F480078844206D10F
:104F900001F006FD0F480088401C0E4908800948B2
:104FA00000880D49088000200749087007490870EB
:104FB00001200A49087000200149087010BD000056
:104FC000EE000020C0040020ED000020EC000020D6
:104FD000F40000202600002022000020F80000201D
:104FE00070B540F225511B4800F0BCFC002830D0C1
:104FF000184800F073FDC5B217490988481CC1174D
:1050000000EB5161C911A0EBC1118CB213480088AB
:10501000844206D012481049098845540E4804803D
:1050200016E000230FA201211846FCF767FD0B498B
:105030000988481CC11700EB5161C911A0EBC111CF
:10504000064A1180064804490988455402480480EC
:1050500000BF70BD00500040CE000020D0000020F6
:105060003903002020627566665F6F76657277721D
:10507000697465212120000010B540F225514C488B
:1050800000F070FC002874D0494800F027FDC4B23D
:1050900048480078032823DA4648007838B9AA2C13
:1050A0007ED14548047001204249087078E04148AB
:1050B000007801280BD1552C05D13F4844700220BF
:1050C0003C4908706CE000203A49087068E03A48B2
:1050D0008470032037490870601E384908705FE00B
:1050E00035488078401E3349097888420EDD3248C1
:1050F0003049097844542F480078401C2D490870E5
:105100002E48007820442D49087049E000202949A4
:1051100008702A480078844242D10020284908704B
:105120002548C078502825D123484079224909795B
:1051300040EA012000B22349C8801F48C0791E49B7
:10514000897940EA012000B21E4908811A48407A54
:105150001949097A40EA012000B21A4948810A46F1
:10516000B2F90A10B2F90600FBF79CFE1649088056
:1051700016E01BE01048C078602811D10E48407935
:105180000D49097940EA012000B2104908800A4817
:10519000C0790949897940EA012000B20B49488069
:1051A000012240F22551024800F006FC10BD00002B
:1051B00000380140C300002018020020C400002075
:1051C0007D000020900100207E0000208000002053
:1051D00010B540F22551334800F0C4FB00285FD0E1
:1051E000304800F07BFCC4B22F480078032823DA53
:1051F0002D48007838B9AA2C4CD12C4804700120D5
:105200002949087046E02848007801280BD1552C20
:1052100005D1264844700220234908703AE0002056
:105220002149087036E02148847003201E49087027
:10523000601E1F4908702DE01C488078401E1A49E6
:10524000097888420EDD19481749097844541648F0
:105250000078401C1449087015480078204414490F
:10526000087017E000201049087011480078844247
:1052700010D101200F4908700C48C078302809D19E
:105280000A480079552805D102200B4908700120F1
:105290000A490870012240F22551024800F08CFBB7
:1052A00010BD000000440040C6000020680200203D
:1052B000C7000020C50000207D00002070000020F5
:1052C00010B540F22551F64800F04CFB00287CD088
:1052D000F34800F003FCC4B240F22551F04800F05E
:1052E00019FBF048007804280BDAAA2C05D1ED4808
:1052F0000078401CEB490870CBE00020E9490870B9
:10530000C7E0E84800780A2870DAE6480078032801
:105310006CDDE4480078001F062868D2DFE800F062
:1053200003156E80929F54B9DE480078401CDD4919
:105330000870DD4800782044DB490870A1E00020B7
:10534000D8490870D849087000BF022C0DD102203E
:10535000D6490870D3480078401CD2490870D2481A
:1053600000782044D04908708BE00D2C0DD10D2021
:10537000CE490870CB480078401CCA490870CA481A
:1053800000782044C84908707BE00F2C0DD10F2015
:10539000C6490870C3480078401CC2490870C2481A
:1053A00000782044C04908706BE0102C0ED110200A
:1053B000BE490870BB480078401CBA490870BA481A
:1053C00000782044B84908705BE0E5E0142C0FD168
:1053D0001420B6490870B3480078401CB1490870E1
:1053E000B14800782044B04908704AE04AE047E0FC
:1053F0000020AC490870AC49087000BF54B9A948F6
:105400000078401CA7490870A74800782044A649A6
:10541000087036E00020A3490870A349087000BF57
:1054200054B9A0480078401C9E4908709E480078F6
:1054300020449D49087024E000209A4908709A4948
:10544000087000BF9A48047096480078401C95493F
:1054500008709548007820449349087011E09448FA
:10546000007800EB0420924908708E480078401CB8
:105470008C4908708C48007820448B49087000E003
:1054800000BF06E0874800780A2802D10020894939
:1054900008708648007802287ED186480078002867
:1054A000FAD180480078092876DD7E480078BE2849
:1054B00073DA7C4800780A380F2190FBF1F201FB87
:1054C00012007D490870084600780F2866D2DFE890
:1054D00000F0081A36496A7D9AB7D4FFFDFCFBFA42
:1054E000F9007648007800EB8000754921F82040EB
:1054F0006D48007820446C4908706A480078401C68
:105500006849087085E16D48007800EB80006C49BF
:1055100031F8200000EB042000B26849097801EB63
:105520008101674A22F821005F48007820445E49E3
:1055300008705C480078401C5A49087069E15F486F
:10554000007800EB80005E4901EB80004480564803
:10555000007820445449087052480078401C514952
:10556000087056E15548007800EB8000544901EB83
:105570008000408800EB04205049097801EB81014C
:105580004F4A02EB81014880474800782044464951
:1055900008704448007802E0AAE13BE138E1401C91
:1055A0004049087035E14548007800EB80004449E7
:1055B00001EB800044603C48007820443A49087080
:1055C00038480078401C3749087022E13B48007891
:1055D00000EB80003A4901EB8000406800EB0420BA
:1055E0003649097801EB8101354A02EB81014860B7
:1055F0002D48007820442C4908702A480078401C27
:105600002849087005E12D48007800EB80002C49FE
:1056100001EB8000406800EB04402849097801EB69
:105620008101274A02EB810148601F48007820442D
:105630001D4908701B480078401C1A490870E8E0B2
:105640001E48007800EB80001D4901EB8000406897
:1056500000EB04601949097801EB8101184A02EB5B
:10566000810148601048007820440F4908700D48B7
:105670000078401C0B490870CBE01048007800EB24
:1056800080000F4901EB8000047207480078204435
:105690000549087003480078401C02490870B8E0CA
:1056A00000480040D4000020D5000020D700002092
:1056B000D8000020E0000020E1000020D6000020FB
:1056C000BC03002081E06DE04FE031E013E0FFE734
:1056D0008848007800EB8000874901EB8000C460B7
:1056E0008648007820448549087085480078401C29
:1056F000834908708DE07F48007800EB80007E4988
:1057000001EB8000C06800EB04207A49097801EBC6
:105710008101794A02EB8101C86078480078204411
:105720007649087076480078401C7549087070E02A
:105730007048007800EB80006F4901EB8000C06882
:1057400000EB04406B49097801EB81016A4A02EBE6
:105750008101C86069480078204468490870684839
:105760000078401C6649087053E06248007800EBFE
:105770008000614901EB8000C06800EB04605D4976
:10578000097801EB81015C4A02EB8101C8605B484A
:10579000007820445949087059480078401C5849FD
:1057A000087036E05348007800EB8000524901EB66
:1057B00080000482514800782044504908705048C5
:1057C0000078401C4E49087023E04A48007800EBFE
:1057D0008000494901EB8000008A00EB042000B200
:1057E0004449097801EB8101434A02EB81010882B7
:1057F0004248007820444149087041480078401CE4
:105800003F4908703B480078401C3A49087000E066
:1058100000BF00BF3A480078BE280CD13948046068
:1058200037480078401C36490870344800782044D6
:10583000324908705CE032480078BF2810D1314806
:10584000006800EB04202F4908602D480078401CB8
:105850002B4908702948007820442849087047E0FF
:1058600027480078C02810D12648006800EB044083
:105870002449086022480078401C214908701F48CC
:10588000007820441D49087032E01D480078C12886
:1058900010D11C48006800EB04601A4908601848E1
:1058A0000078401C164908701448007820441349B9
:1058B00008701DE012480078C22819D10F480078FE
:1058C000844206D100F0FCFF0F480088401C0E49BE
:1058D0000880094800880D490880002007490870A1
:1058E0000749087001200A49087000200149087022
:1058F00010BD0000D6000020BC030020D500002011
:10590000D4000020DC000020240000202000002023
:10591000E000002010B50022002340F66A14A142E6
:1059200000D100BF0A1201249440A3B2DC430480DA
:1059300010BD21B1828942F40052828104E0828943
:105940004DF6FF731A408281704702460020B1F580
:10595000007F00D100BF13880B400BB1012000E095
:105960000020704770B50246002400230025002067
:1059700040F66A16B14200D100BFC1F3421501F0F2
:105980001F03012606FA03F3012D02D19689334045
:1059900006E0022D02D1168A334001E0968A334098
:1059A0000C12012606FA04F41688344013B10CB127
:1059B000012000E0002070BDF0B503460024002661
:1059C0000025002040F66A17B94200D100BF1846F2
:1059D000C1F3421401F01F06012707FA06F5012C56
:1059E00001D10C3004E0022C01D1103000E0143061
:1059F0001AB107682F43076002E00768AF430760EA
:105A0000F0BD00002DE9F04786B005460E460024A3
:105A1000A24600BFA1460027B08900B100BF2F46B3
:105A20002C8A4CF6FF700440F08804432C82AC8929
:105A30004EF6F3100440B088318908437189084359
:105A40000443AC81AC8A4FF6FF400440B089044364
:105A5000AC8201A8FDF744FC1F48874202D1DDF863
:105A600010A001E0DDF80CA0A88900F4004040B1CE
:105A70000AEBCA0000EB0A1031684900B0FBF1F8EC
:105A800007E00AEBCA0000EB0A1031688900B0FB9E
:105A9000F1F86420B8FBF0F004012009642101FB57
:105AA0001089A88900F4004040B1322000EBC90001
:105AB000B0FBF1F000F00700044308E0322000EBF7
:105AC00009106421B0FBF1F000F00F0004432C81B9
:105AD00006B0BDE8F0870000003801400146888824
:105AE000C0F308007047C1F308028280704700BF0E
:105AF000FEE700000FB4054B10B503A9044A029855
:105B000000F09CFB10BC5DF814FB0000816A0008EB
:105B100084010020490050EAC12018BF04204A0D2A
:105B200018BF40F0010040F2FF72B2EB515F08BFB6
:105B300040F00200012808BF052070472DE9F74F0B
:105B4000144694B00021C4E902111599079121F07F
:105B50000045C9498D4206DC1599C4E9000117B01A
:105B60000020BDE8F08FC549DFF814A3A9423CDD51
:105B70000799C44E0029C44FC44A1599534619DDEC
:105B8000FAF7B9FC554506D0C14AC24BFAF7B3FC47
:105B9000C4E900010AE04FF0D352BE4BFAF7ABFC68
:105BA00032463B46FAF7A7FCC4E9000117B00120D2
:105BB000BDE8F08FFAF7FEFB554506D0B44AB54B69
:105BC000FAF7F8FBC4E900010AE04FF0D352B14BF9
:105BD000FAF7F0FB32463B46FAF7ECFBC4E900016A
:105BE00017B04FF0FF30BDE8F08FAB49A9421599CF
:105BF00078DB21F0004183468846A84AA84BFAF793
:105C000080FC0022A74BFAF7D5FBFAF7AFFD09900D
:105C1000FAF761FD06460F469C4A5346FAF771FCB7
:105C200043465A46FAF76AFC80468A46984A994B98
:105C300030463946FAF765FC2A0D01250B9242469B
:105C40005346FAF75BFC032DC4E9000139D00B98E9
:105C5000C1F30A51401A05EB45111139814230DA7E
:105C60009148C346784400EB0510CDF80CA00C9089
:105C7000D0E9002330463946FAF743FC02460B468A
:105C80000491069058460399FAF735FC80468A46F7
:105C900002460B4658460399FAF72DFC049B069AD8
:105CA000FAF729FC83460C9803913946D0E9022380
:105CB0003046FAF726FC5A46039BFAF71CFC6D1C8B
:105CC000BDE707980028A2BF099817B0BDE8F08F7C
:105CD000616881F000416160099817B04042BDE8F9
:105CE000F08FFFE784461598C1F31301C0F30A5003
:105CF000A0F2F5304FEA601800F01F06C6F1200050
:105D0000139000200690079041F4801E05206D46F8
:105D100076B1664A08EB00017A4452F8213002EB72
:105D20008101B3404A68139922FA01F1194305E051
:105D30005F4908EB0002794451F82210A1FB0E27BD
:105D4000A1FB0C131A449A4234BF0123002303EB36
:105D5000070A05EB8003D3E901B70F448F4234BF34
:105D60000121002193448B4411B1934502D903E0F2
:105D7000934501D2012100E00021C3E901B751445C
:105D800045F82010011EA0F10100C1DC0298059F1A
:105D900000F10050800F12900298DDE90356800058
:105DA000FAF799FC834628460D91FAF7A5FC6FF0A7
:105DB0001D02FAF74DFECDE90E013046FAF79CFCC4
:105DC0006FF03D02FAF744FE80468A463846FAF7FD
:105DD00093FC6FF05D02FAF73BFE074642465346DE
:105DE0001191FAF7E7FADDE90E23FAF7E3FA5A46DA
:105DF0000D9BFAF7DFFA00250E465A4628460D9B02
:105E0000FAF779FBDDE90E23FAF775FB42465346B4
:105E1000FAF771FB3A46119BFAF770FBDFF898A08E
:105E2000244A5346FAF76DFB07468846234A244B1B
:105E300031462846FAF765FB3A464346FAF7BAFA7E
:105E4000074688464FF0A842534631462846FAF79F
:105E500058FB3A464346FAF7ADFA159A12F0004F4E
:105E600004D0129A81F0004152421292C4E900011A
:105E7000129817B0BDE8F08FFB21E93F7CD90240B2
:105E8000FB21F93F7370032E8A19A33B0000405495
:105E90003163621A61B4D03DFB21394183C8C96DB9
:105EA000305FE43F0000E03F38410000B4400000B4
:105EB00096400000182D4454FB21F93D3326A611CD
:105EC000460B113C2DE9F0414F1E00EBC701044683
:105ED000D1E9000115461E4637F006020DD02A46CC
:105EE0003346FAF70EFB7F1E04EBC703D3E900230A
:105EF000FAF760FA37F00602F1D1022F25D0042F0D
:105F000013D0062F18BFBDE8F0812A463346FAF7B2
:105F1000F8FAD4E90A23FAF74DFA2A463346FAF793
:105F2000F0FAD4E90823FAF745FA2A463346FAF795
:105F3000E8FAD4E90623FAF73DFA2A463346FAF797
:105F4000E0FAD4E90423FAF735FA2A463346FAF799
:105F5000D8FAD4E90223FAF72DFA2A463346FAF79B
:105F6000D0FAD4E90023BDE8F041FAF723BA0000E3
:105F70002DE9F04D04468CB0904821F000471646BC
:105F800098460D460991874206DA20462946FAF7D7
:105F9000EDFB002800F0AE808948B8421CDC09986F
:105FA0000028BCBF85F0004588F00048854A864B34
:105FB00020462946FAF7A2FA04460D4632464346E1
:105FC00082488349FAF797FA22462B46FAF7F2F904
:105FD000002604460D46B04622462B46104619467A
:105FE000FAF78FFA8B46824602460B46FAF789FA91
:105FF0000246089077480B46009106217844FFF747
:1060000061FFCDE90310744806217844009B089A8B
:10601000FFF758FF52465B46FAF773FACDE90510D1
:1060200052465B4620462946FAF76BFA07910090E4
:10603000DDE90310DDE90532FAF7BCF9079B009AA8
:10604000FAF75FFA32464346FAF7B4F952465B462E
:10605000FAF757FA32464346FAF7ACF980460E464D
:106060005E4A5F4B07990098FAF74BFA424633466F
:10607000FAF7A0F982468B4622462B46FAF79AF9A0
:1060800080464F480E46B84214985BDCFAF723FB73
:106090000746424633460591FAF78CF9CDE90110DF
:1060A0004246334610461946FAF72BFADDE901322B
:1060B000FAF799FA52465B46FAF71DFA22462B4642
:1060C000FAF71CFA0122FAF7C3FC3A46059BFAF7E5
:1060D00015FA04460D460998022101EAA070C0F1A4
:1060E0000100FAF7F8FA0CB022462B46BDE8F04D55
:1060F000FAF707BA1498401C384320430BD0149881
:10610000012812D00CB022462B46BDE8F04D0020ED
:106110003449FAF768BA0CB025F000432246BDE8CE
:10612000F04D00203049FAF75EBA20462946FFF7C5
:10613000F1FC042808BF00F063F820460CB02946A3
:10614000BDE8F08D012802BF40460CB0BDE8F08DDF
:1061500000270B463A4620462946FAF7CFF9524621
:106160005B46FAF7CBF904460D464246334600201B
:106170001C49FAF738FA83463A46884633461046B1
:10618000FAF7BFF90022184BFAF714F906468A46C7
:1061900022462B4638464146FAF7B3F93246534673
:1061A000FAF708F95A464346FAF7ABF90CB03A4603
:1061B0004346BDE8F04DFAF7FDB800000000303E60
:1061C0002894E53F182D4454FB21E93F075C143324
:1061D00026A6813C683E00008A3E00006355555566
:1061E0005555D53F0000F0BF0000F03F0122FAF7FF
:1061F0002FBC0022134610461146FAF7F4B90000EE
:10620000024A00201107FAF723BC000001FDFFFF3E
:1062100002E008C8121F08C1002AFAD1704770476F
:10622000002001E001C1121F002AFBD170470000CD
:106230000149086070470000880100202DE9FF4FE8
:106240008DB00F460546002606E025280BD0DDE977
:106250000F1290476D1C761C28780028F5D111B0DC
:106260003046BDE8F08F0024A246A1460122EC4949
:1062700000E0044315F8013F203B02FA03F0084216
:10628000F7D128782A2810D06FF02F022878A0F1B3
:106290003001092914D80AEB8A0102EB410144F0CC
:1062A000020400EB010A6D1CF0E701CF5FEA000A6F
:1062B00003D544F40054CAF1000A44F002046D1CF2
:1062C00028782E2817D115F8010F44F004042A2845
:1062D0000ED06FF02F022878A0F1300109290AD8DA
:1062E00009EB890102EB410100EB01096D1CF2E7AA
:1062F00057F8049B6D1C28786C280FD006DC4C28BE
:1063000017D068280DD06A2814D104E0742810D062
:106310007A280FD10DE044F400140AE044F480140C
:1063200001E044F440146978814202D104F58014FC
:106330006D1C6D1C2A786E2A1FD00CDC632A31D0AC
:1063400004DC002A8BD0582A11D1A3E0642A68D03B
:10635000692A0CD165E0732A2ED004DC6F2A73D031
:10636000702A04D19BE0752A6FD0782A6ED010462F
:10637000DDE90F129047761C50E1C4F30250022869
:1063800006D0032809D0042801CF09D0066045E1D2
:1063900001CFF117C0E9006140E101CF06803DE186
:1063A00006703BE117F8040B8DF8000000208DF813
:1063B0000100EB46012003E057F804BB4FF0FF302B
:1063C00061074FF0000102D40DE008F10101884699
:1063D00049450FDA8045F8DB1BF808100029F4D195
:1063E00008E008F1010188468142FADB1BF8081039
:1063F0000029F6D1DDE90F23AAEB080081462146EA
:1064000000F036F9304400EB080604E0DDE90F1235
:106410001BF8010B9047B8F10108F7D22146484616
:10642000F7E00A21C4F302534FF0000B0891022B4E
:1064300004D001CFC117032B09D00AE0FF1D27F0BC
:106440000707F7E8020108E032E01FE020E000B2B1
:10645000C117042B01D140B2C117031E71F1000313
:1064600007DA4FF0000CD0EB0C006CEB01012D2390
:1064700002E0230504D52B238DF82430012303E00B
:10648000E30701D02023F7E7984658E00A2110E0FF
:1064900010210EE010204FF0000B08900CE01021AE
:1064A0004FF0000B44F004044FF00809089103E09A
:1064B00008214FF0000B0891C4F30253022B04D0C3
:1064C00001CF0021032B06D006E0FF1D27F00707B0
:1064D000F7E8020103E080B2042B00D1C0B24FF014
:1064E000000823072BD5702A07D0DDF820C08CF0D8
:1064F000100C5CEA0B0C05D00EE040238DF8243024
:10650000012308E050EA010306D030238DF824303F
:106510008DF8252002239846DDF820C08CF0080C69
:106520005CEA0B0C0BD150EA010301D1630706D5DD
:1065300030238DF824304FF00108A9F10109582AC1
:1065400004D038A20B9208AA0A920BE03AA2F9E70B
:106550005B46089AFAF786F90B9B9B5C0A9A521ED7
:106560000A92137050EA0102F2D10A98ADEB0000D2
:1065700000F1200B600702D524F4803401E04FF0D5
:106580000109D94502DDA9EB0B0000E0002000EB7A
:106590000B0141440890AAEB010AE00306D4DDE9AF
:1065A0000F232146504600F063F806444FF00009DF
:1065B00008E009A911F80900DDE90F12904709F177
:1065C0000109761CC145F4DBE0030CD5DDE90F239E
:1065D0002146504600F04CF8064404E0DDE90F1275
:1065E00030209047761C0899481E08900029F5DC59
:1065F00008E00A980A990078491C0A91DDE90F120F
:106600009047761CBBF10001ABF1010BF1DC214698
:106610005046DDE90F2300F019F806446D1C1BE617
:106620000928010030313233343536373839616268
:10663000636465660000000030313233343536372C
:106640003839414243444546000000002DE9F041FD
:10665000044600251E461746880404D405E0394642
:106660002020B0476D1C641EF9D52846BDE8F08196
:106670002DE9F041044600251E469046C80301D589
:10668000302700E02027880404D505E0414638463D
:10669000B0476D1C641EF9D52846BDE8F0810000A6
:1066A0002DE9F84F04460D4621F000400091734952
:1066B000814211DC7249884201DC06D12CB12046AE
:1066C0002946BDE8F84FFFF791BD6E48002DCCBFBD
:1066D0006D496E49BDE8F88F6D49814211DD6D4904
:1066E0008142D8BF4FF0FF366DDD20462946FFF7C7
:1066F00011FA042808BFFFF783FD20462946BDE8AC
:10670000F88F6549654F25F00045814233DD6449C6
:10671000814219DD002632464FF08043204629464B
:10672000F9F748FE80468A46012220462946FAF7B4
:106730008FF900223B46F9F7DEFE42465346F9F751
:1067400052FF04460D463EE001260022BA463B4673
:1067500020462946F9F72EFE80460F460022534672
:1067600020462946F9F7C7FE42463B46F9F73BFF6C
:1067700004460D4627E04B4981421BDDDFF828A186
:1067800002260022534620462946F9F7BAFE002287
:106790003B46F9F70FFE80460F460022534620463F
:1067A0002946F9F7A8FE42463B46F9F71CFF044686
:1067B0000D4608E0032622462B4600203B49F9F708
:1067C00012FF04460D4622462B4610461946F9F79D
:1067D00098FE8B46824602460B46F9F792FE074624
:1067E0000246334888460B4606217844FFF76AFB89
:1067F00052465B46F9F785FE82462E488B463A465E
:10680000434605217844FFF75DFB3A464346F9F7D6
:1068100078FE02460B46002E504659460CDAF9F730
:10682000C9FD22462B46F9F76CFE01B022462B46E5
:10683000BDE8F04FF9F762BEF9F7BCFD22462B46E2
:10684000F9F75FFE1C4A7A4402EBC603D3E9002342
:10685000F9F751FE22462B46F9F74DFE174A7A44C6
:1068600002EBC603D3E90023F9F748FE009A002A99
:10687000B8BF81F00041BDE8F88F0000000010446F
:106880000000F07F182D4454FB21F93FFB21F9BF94
:106890000000DC3F0000203E0000F33F0000F03F1E
:1068A0000000E63F008003400000F83F0000F0BF1A
:1068B0008235000040350000DE340000A6340000C0
:1068C00085B000204AE000EB8001324A32F8211006
:1068D000F1B331490988491C2F4A1180BDF80010D5
:1068E00000EB80022B4B33F82220114409B2ADF8A3
:1068F0000010BDF8021000EB800203EB8202528808
:10690000114489B2ADF8021000EB800203EB820261
:1069100001995268114401919DF8081000EB800222
:1069200003EB8202127A1144C9B28DF8081000EB11
:10693000800203EB82020399D26811440391BDF8EF
:10694000101000EB800203EB8202128A114400E077
:1069500002E009B2ADF81010411CC8B20C28B2DB3D
:106960000D490988A1B1BDF900100B4A128891FBAD
:10697000F2F10A4A11800021ADF80010ADF80210C2
:1069800001918DF808100391ADF81010024A1180A2
:1069900005B07047BC030020E40000202000002068
:1069A00000204BE000EB8001314A32F82110002931
:1069B00042D030490988491C2E4A11802E49098845
:1069C00000EB80022A4B33F82220114409B22A4AF4
:1069D00011801146498800EB800203EB8202528845
:1069E0001144254A51801146496800EB800203EBAF
:1069F000820252681144204A51601146097A00EB24
:106A0000800203EB8202127A11441B4A1172114672
:106A1000C96800EB800203EB8202D2681144164A77
:106A2000D1601146098A00EB800203EB8202128AD0
:106A3000114409B2104A1182411CC8B20C28B1DBC2
:106A40000C49098891B10C49B1F90010094A128822
:106A500091FBF2F1094A11800021074A118051800F
:106A600051601172D1601182024A1180704700009A
:106A7000C0040020FA000020B00500202200002001
:106A800070B504460D46E1B20548FFF72CF800BF8B
:106A900040210348FEF759FF0028F9D0204670BD79
:106AA000003801401CB54FF4A060FCF739FBFBF740
:106AB000E9FAFAF755FEFAF789FC0220FAF7A0FD89
:106AC0000120FAF79DFDFAF7CFFDFAF7B1FDFBF7CC
:106AD00009FEFAF737FA4FF4E130FBF781FC4FF487
:106AE000E130FBF737FDFBF7E3F9FAF7C9FCFAF7FA
:106AF0002FFD4FF4613000F0BFFE4FF4613000F025
:106B00000FFFFAF737F8FBF715F9002019490823AA
:106B10008022CDE900100146FAF7A6FFFAF7C4FE7D
:106B20000020FAF707FF0120FAF713FFC820FAF751
:106B300018FF0220FAF706FF4FF400510E48FCF749
:106B400072F86420FAF76AFC4FF400510A48FCF727
:106B500068F86420FAF762FC0848012100238022CB
:106B6000CDE9001006A1094801F0D8FF01F0F8FABC
:106B700000BFFEE7E4900008001001400000002084
:106B800053746172745F5461736B0000A93A00081A
:106B90002DE9F04105460E461C4807681C48006870
:106BA000001D00F011FF50B91948006890F82C1032
:106BB0000120884017490968814316480160681C14
:106BC00038B936B112480168091D134800F03AFF80
:106BD0001AE07C190E4800684460BC4207D20C4899
:106BE0000168091D0D48006800F012FF0CE008481C
:106BF0000168091D0A48006800F00AFF094800689A
:106C0000844201D207480460BDE8F08110010020F1
:106C1000FC00002014010020D40800200401002002
:106C2000000100202C01002010B5044600F016FFE2
:106C300023480068401C224908602248006840B987
:106C4000204804600846006801280DD100F0E6F9EC
:106C50000AE01D48006838B91A480068C06AE16A4D
:106C6000884201D81748046018480068401C17493A
:106C7000086094F82C1001208840154909680843E1
:106C800013490860E16A01EB8101124A02EB8100BD
:106C9000211D00F0D7FE00F023FF0B48006868B10B
:106CA00008480068C06AE16A884207D24FF0805005
:106CB00009490860BFF34F8FBFF36F8F10BD00000D
:106CC0000C010020FC0000201801002028010020F9
:106CD000140100200406002004ED00E010B500F0CF
:106CE000BDFE10480068D0B90F4800F081FE0F4883
:106CF00000F07EFE0C480E4908600C480D49086003
:106D000000221021052001F0CDFB0649086008464D
:106D1000006820B108A10348006800F0CFFF00F030
:106D2000DFFE10BD40010020E8080020FC08002024
:106D3000380100203C010020546D72510000000019
:106D400070B523E001F0E6FA1348006808B90120A5
:106D500000E00020054602F0A3F8BDB900F07EFE79
:106D60000D48C068C468201D00F02EFE0B48006866
:106D7000401E0A4908600A480068401E0849086029
:106D800000F0AEFE204600F060F800BF0448006846
:106D90000028D7D170BD0000C00800200C010020E1
:106DA0000801002070B504460D46206C70B1216CBE
:106DB000E0680844E0606168E068884201D32068C8
:106DC000E0602846226CE168F9F71AFA70BD2DE9F7
:106DD000F04104460F4615464FF00008A66B206CA4
:106DE00040B9206860BB606801F090FF80460020D9
:106DF000606025E07DB93946226CA068F9F700FA99
:106E0000216CA0680844A060D4E90110884217D31F
:106E10002068A06014E03946226CE068F9F7F0F9C8
:106E2000216CE068401AE0602168E068884203D283
:106E3000216C6068401AE060022D01D106B1761E17
:106E4000701CA0634046BDE8F08110B50446206B7D
:106E500000F07CFE204600F079FE10BD0146084A95
:106E6000126812680AB9012200E000220A600A686A
:106E700022B9034A1268D268106800E00020704707
:106E80003801002030B54FF4A043174800F0070444
:106E90002CB1C01D20F00700134C041B1B1B024625
:106EA000124C22600024114D6C60D018083820F07C
:106EB00007000F4C206000240D4D2D686C600C4DB8
:106EC0002D682C601146441A4C60094C24680C60F3
:106ED000084D4C682C60084D4C682C604FF0004405
:106EE000064D2C6030BD0000100900204C01002030
:106EF000540100205C0100205801002060010020A6
:106F000000BFFFF71DFF064800680128F9D94FF0C0
:106F1000805004490860BFF34F8FBFF36F8FF0E7D5
:106F20000406002004ED00E02DE9F04106460D4680
:106F300017469846069C0DB9246000E02760E6637A
:106F400025640121204601F0CFFB0020A064BDE8AC
:106F5000F08100002DE9FF5F81460F469246DDE992
:106F60000E6B109CAAF10100216B01EB800828F048
:106F7000070808F0070008B9012000E0002028B940
:106F800040F22B321BA121A0FEF7B4FD002507E043
:106F9000795D04F134004155785D00B902E06D1C63
:106FA000102DF5D300BF002143200155202E00D322
:106FB0001F26E66266640020A064201D00F025FD07
:106FC00004F1180000F021FD2461C6F12000A06149
:106FD00064620020E06484F8500049464046039A09
:106FE00000F006FC2060BBF1000F01D0CBF80040A0
:106FF000BDE8FF9F2E2E5C4672656552544F535C70
:107000007372635C7461736B732E63004572726F8D
:10701000723A25732C25640D0A00000010B5002477
:1070200007E004EB84010F4A02EB810000F0E0FC72
:10703000641C202CF5D30C4800F0DAFC0B4800F05F
:10704000D7FC0B4800F0D4FC0A4800F0D1FC0A48F9
:1070500000F0CEFC0448094908600448084908606B
:1070600010BD0000040600208408002098080020BD
:10707000AC080020C0080020D40800200001002037
:107080000401002010B50146164800E000680368BE
:107090008B42FBD30246436813448B4204D14368BE
:1070A0004C682344436001460A464B681344046815
:1070B000A34211D10C4C03682468A34208D04B684A
:1070C0000468646823444B6003681B680B6005E038
:1070D000054B1B680B6001E003680B60884200D021
:1070E000016010BD4C010020540100202DE9F04149
:1070F00004460D4616461F464FF0000865602461A1
:10710000B5420CD8F01BA169884202D34FF00108A8
:1071100011E0211D0948006800F07AFC0BE0BE4236
:1071200004D2BD4202D34FF0010804E0211D0448FF
:10713000006800F06DFC4046BDE8F0813C01002095
:107140003801002070B5054600F088FCA86B08B92E
:10715000012400E0002400F0C3FC204670BD70B59F
:10716000054600F07BFCA86BE96B884201D1012445
:1071700000E0002400F0B4FC204670BD2DE9F3418E
:107180000D460098846C00272CB940F6CE121AA147
:107190001FA0FEF7AFFCA06BE16B884201D201207B
:1071A00000E0002028B940F6CF1213A118A0FEF786
:1071B000A1FCA06BE16B88421BD294F945602A4682
:1071C00069462046FFF703FE0746701C60B9606AF7
:1071D00008B9012000E0002050B904F1240001F0BA
:1071E00003FE28B1012703E0701C40B284F845007B
:1071F00000BF3846BDE8FC812E2E5C4672656552A4
:10720000544F535C7372635C71756575652E6300D2
:107210004572726F723A25732C25640D0A000000C6
:10722000F8B505460F4613480068C068C468201DBD
:1072300000F0CAFBE069012818D1A06941192B466A
:107240003A462046FFF752FF80B1002003462A4607
:1072500001460090204601F0F1FE06462EB94FF49B
:10726000027205A10BA0FEF745FC00BF2046616A33
:107270008847F8BD380100202E2E5C4672656552A5
:10728000544F535C7372635C74696D6572732E63E3
:10729000000000004572726F723A25732C25640D50
:1072A0000A000000F0B587B070E0039800280CDAFF
:1072B00004AE2EB940F2E7223AA141A0FEF71AFC33
:1072C000D6E90020B168904700BF039800285DDB35
:1072D000059C606908B9012000E0002010B9201D5C
:1072E00000F072FB02A800F0C9F8054603980A28CE
:1072F0004AD2DFE800F00905072C2E4506082D2F9D
:1073000000BF00BF00BF00BF0498A26981180346F8
:107310002A462046FFF7EAFEC0B12046616A884748
:10732000E069012812D1002000900498A169421858
:1073300000231946204601F081FE07462FB940F28E
:10734000213218A11EA0FEF7D5FB00BF1DE000BF33
:107350001BE000BF0498A061A06908B1012000E013
:10736000002028B94FF44E720EA115A0FEF7C2FB03
:10737000A06941192B462A462046FFF7B7FE04E0D4
:10738000204600F0E3FB00E000BF00BF00231A46E8
:1073900003A90F48006801F0C1F8002885D107B0A3
:1073A000F0BD00002E2E5C4672656552544F535C52
:1073B0007372635C74696D6572732E630000000004
:1073C0004572726F723A25732C25640D0A00000015
:1073D00040010020F8B505460C4600F09BFF6846CA
:1073E00000F04CF80646009820BB44B9B54206D8D8
:1073F00001F056FD31462846FFF712FF1CE03CB174
:107400000E480068006808B9012000E0002004462A
:10741000A91B22460A48006800F066FC01F040FD06
:1074200050B94FF0805007490860BFF34F8FBFF34A
:107430006F8F01E001F034FDF8BD00003C01002039
:107440004001002004ED00E00A490968096809B913
:10745000012100E0002121B14FF0FF31064A116007
:1074600006E004490968C968C868034A41681160B0
:1074700070470000000100202C01002070B5044678
:1074800001F08CFB054607480068854204D200F0F5
:107490000BF80120206001E0002020600148056019
:1074A000284670BD480100202DE9F8432DE0214811
:1074B0000068C06805681F480068C068C468201D6F
:1074C00000F082FA2046616A8847E06901281CD1F1
:1074D000A0694619AE4207D966602461211D15488E
:1074E000006800F095FA10E0002003462A460146A5
:1074F0000090204601F0A2FD07462FB940F29232DB
:107500000DA114A0FEF7F6FA00BF0A480068006853
:1075100008B9012000E000200028C8D00548D0F8B4
:10752000008010480068034908600E48C0F80080D9
:10753000BDE8F883380100202E2E5C467265655246
:10754000544F535C7372635C74696D6572732E6320
:10755000000000004572726F723A25732C25640D8D
:107560000A0000003C0100200B480068401C08B9DC
:10757000012000E0002020B9F42208A111A0FEF7AC
:10758000B9FA00BF502080F31188BFF34F8FBFF3CB
:107590006F8F00BF00BFFEE7640100202E2E5C4607
:1075A00072656552544F535C706F72745C525644EE
:1075B000535C41524D5F434D335C706F72742E6368
:1075C000000000004572726F723A25732C25640D1D
:1075D0000A00000008B500BF6846FFF73FFC0446FC
:1075E00020460099FFF7F6FEFFF75CFEF4E770B562
:1075F000044600F033FA94F945501AE0A06C38B113
:1076000000212046FFF7BAFD88B100F0C7FC0EE06C
:10761000606A08B9012000E0002038B904F12400B4
:1076200001F0E2FB18B100F0B9FC00E003E0681ED5
:1076300045B2002DE2DC00BFFF2084F8450000F0D9
:107640004FFA00F00BFA94F9445010E0206908B9A1
:10765000012000E0002048B904F1100001F0C4FB53
:1076600008B100F09BFC681E45B200E001E0002D6F
:10767000ECDC00BFFF2084F8440000F031FA70BD5C
:107680002DE9F04104464FF0000800F043FE3E486B
:10769000006808B9FFF7F6FB3C4800682040002866
:1076A0005FD1A4B1083404F0070080B104F00700F2
:1076B000C0F10800044404F0070008B9012000E00C
:1076C000002020B9BF2232A13AA0FEF713FA002C05
:1076D00047D03C480068844243D83B4E304605685A
:1076E00001E02E462D686868A04202D22868002872
:1076F000F7D125480068854233D0306800F108088A
:10770000286830606868001B102813D92F1907F00B
:10771000070008B9012000E0002020B9EC221CA1DC
:1077200024A0FEF7E7F96868001B78606C603846B3
:10773000FFF7A8FC234968680968081A214908600E
:107740000846006821490968884203D21D4800683C
:107750001E4908600D496868096808436860002090
:10776000286001F09DFB08F0070008B9012000E047
:10777000002028B94FF4967205A10EA0FEF7BAF9C1
:107780004046BDE8F0810000540100206001002067
:107790002E2E5C4672656552544F535C706F727446
:1077A0005C4D656D4D616E675C686561705F342E20
:1077B000630000004572726F723A25732C25640DC8
:1077C0000A000000580100204C0100205C0100204C
:1077D0000648006830B10549096801F14800896C24
:1077E000491C01600148006870470000FC0000204F
:1077F000001F4FF080730360001F21F0010303603E
:10780000001F034B036014380260203870470000EB
:107810006975000810B5164B21F00042012486B0AE
:107820009A4203DC0022134600941CE0114B9A425A
:1078300008D140B94FF00100FEF7FAFCFEF7D9FC81
:1078400006B010BD03DBFEF7D1FC06B010BD02AAE6
:10785000FEF774F900F00100A4EB40000DF1080CF4
:1078600000909CE80F00FEF783FB06B010BD0000FF
:10787000FB21E93F0000F07F10B586B004460121EE
:107880000820FBF70DFD01218804FBF7E9FC4FF40C
:107890008060ADF8140003208DF8160018208DF8D4
:1078A000170005A91C48FBF7DFF84FF40060ADF89E
:1078B000140004208DF8170005A91748FBF7D4F829
:1078C00027208DF8000000208DF8010001208DF8A0
:1078D00002008DF803006846FBF7EAFB01940020E4
:1078E000ADF80800ADF80A00ADF80C00ADF81000D6
:1078F0000C20ADF80E0001A90848FEF783F801221C
:1079000040F225510548FEF757F801210348FEF7DC
:1079100010F806B010BD0000000C01400048004007
:1079200010B586B0044601211020FBF7B9FC0121F7
:10793000C804FBF795FC4FF48060ADF814001820E4
:107940008DF8170003208DF8160005A91C48FBF7D9
:107950008BF84FF40060ADF8140004208DF8170088
:1079600005A91748FBF780F834208DF800000020A7
:107970008DF8010001208DF802008DF803006846A3
:10798000FBF796FB01940020ADF80800ADF80A0063
:10799000ADF80C00ADF810000C20ADF80E0001A9F8
:1079A0000848FEF72FF8012240F225510548FEF75E
:1079B00003F801210348FDF7BCFF06B010BD00002D
:1079C00000100140004C004001460A69D1E9013035
:1079D0009860D1E9010358605068884201D18868F5
:1079E0005060002008611068401E106010687047E9
:1079F00000F1080141604FF0FF31816000F10801A2
:107A0000C160016100210160704700210161704780
:107A100010B502460B685C1C0CB9106907E002F156
:107A2000080000E04068446824689C42FAD9446831
:107A30004C604C68A160886041600A611468641CF5
:107A4000146010BD42684A6093688B609368596007
:107A50009160086103685B1C0360704710B500BF4C
:107A6000502080F31188BFF34F8FBFF36F8F00BF9B
:107A70000B480068401C0A49086008460068012855
:107A80000DD108480068C0B208B9012000E000200C
:107A900028B94FF4BD7204A10DA0FEF72BF810BD5C
:107AA0006401002004ED00E02E2E5C4672656552F4
:107AB000544F535C706F72745C525644535C415225
:107AC0004D5F434D335C706F72742E630000000095
:107AD0004572726F723A25732C25640D0A000000FE
:107AE00010B50B48006828B940F2811209A113A013
:107AF000FEF700F806480068401E05490860084681
:107B0000006820B9002080F3118800BF00BF10BDBD
:107B1000640100202E2E5C4672656552544F535C02
:107B2000706F72745C525644535C41524D5F434DCA
:107B3000335C706F72742E63000000004572726FC8
:107B4000723A25732C25640D0A00000070B50646B4
:107B50003546002E35D0083D2C461A496068096824
:107B6000084008B1012000E0002028B94FF4A072BD
:107B700015A11EA0FDF7BEFF206808B9012000E096
:107B8000002028B940F241120FA118A0FDF7B2FF62
:107B90000C4960680968084098B1206888B90949AB
:107BA000606809688843606000F0B4FB134960684E
:107BB00009680844114908602046FFF763FA01F09C
:107BC0006FF970BD600100202E2E5C467265655213
:107BD000544F535C706F72745C4D656D4D616E6790
:107BE0005C686561705F342E630000004572726FDF
:107BF000723A25732C25640D0A00000058010020FC
:107C0000064800684FF47A71B0FBF1F0401E4FF067
:107C1000E021486107200861704700003C00002017
:107C200070B5F8F7D7FA0546102D11D305F1E0200D
:107C300090F8F04310480078844201DB012000E016
:107C4000002028B94FF42A720CA116A0FDF752FFAC
:107C50001848006800F4E06017490968884201D8B4
:107C6000012000E0002028B94FF42E7203A10DA0DE
:107C7000FDF740FF70BD0000680100202E2E5C461D
:107C800072656552544F535C706F72745C52564407
:107C9000535C41524D5F434D335C706F72742E6381
:107CA000000000004572726F723A25732C25640D36
:107CB0000A0000000CED00E06C01002002460020EC
:107CC0000BE0084B53F8303033B9064B43F8301013
:107CD00003EBC0035A6002E0401C0828F1D300BF48
:107CE00070470000C40500202DE9F04105460E460E
:107CF00017462C46FFF7B2FE94F94400401C10B919
:107D0000002084F8440094F94500401C10B900207C
:107D100084F84500FFF7E4FEA06B28B93A463146E7
:107D200004F1240000F06CF92046FFF760FCBDE888
:107D3000F081000070B504460025ACB10F48006822
:107D400008B9012000E0002028B940F2CF420CA180
:107D500011A0FDF7CFFE00F0DDFA00212046FEF76E
:107D600017FF01F09DF805463DB94FF080500E49D0
:107D70000860BFF34F8FBFF36F8F70BD34010020D9
:107D80002E2E5C4672656552544F535C7372635C71
:107D90007461736B732E63004572726F723A257350
:107DA0002C25640D0A00000004ED00E02DE9F047E9
:107DB00004460F464FF000092CB940F2794226A143
:107DC0002BA0FDF797FE0FB1012000E0002028B99D
:107DD00040F27A4220A126A0FDF78CFE28480068D8
:107DE00008B9012000E0002028B940F27B421AA126
:107DF0001FA0FDF77FFE00F08DFA2248066820687C
:107E0000C5192068B04207D92068A8420BD9B542ED
:107E100009D94FF0010906E02068A84201D8B5420F
:107E200001D94FF001092560B9F1000F03D0A81B5B
:107E30000021FEF7ADFE01F033F88046B8F1000FE7
:107E400007D14FF0805010490860BFF34F8FBFF348
:107E50006F8FBDE8F08700002E2E5C46726565527C
:107E6000544F535C7372635C7461736B732E630065
:107E70004572726F723A25732C25640D0A0000005A
:107E8000340100201001002004ED00E070B505462B
:107E9000FFF7E4FD15B92D48006800E028460446C8
:107EA000201DFFF791FD78B9E06A00EB80002849BA
:107EB00051F8200040B994F82C1001208840254941
:107EC0000968814323480160A06A18B104F11800D1
:107ED000FFF77AFD20480068401C1F4908601B48D6
:107EE0000068844209D1211D1C48FFF7ABFD1C48E6
:107EF0000068401C1A49086009E01A480068401EE2
:107F0000184908602046FEF7A0FFFFF79DFAFFF72B
:107F1000E7FD15480068C0B10C480068844214D1E0
:107F20001248006808B9012000E0002028B940F29A
:107F300065420FA114A0FDF7DDFD4FF080501649FA
:107F40000860BFF34F8FBFF36F8F70BDFC00002040
:107F5000040600201401002028010020C008002091
:107F6000080100200C01002018010020340100202D
:107F70002E2E5C4672656552544F535C7372635C7F
:107F80007461736B732E63004572726F723A25735E
:107F90002C25640D0A00000004ED00E001200149D9
:107FA000086070472001002070B504460D462CB9CA
:107FB00040F6063207A10DA0FDF79CFD0F480168B1
:107FC00018312046FFF724FD01212846FEF7E0FD89
:107FD00070BD00002E2E5C4672656552544F535C96
:107FE0007372635C7461736B732E63004572726F9E
:107FF000723A25732C25640D0A000000FC00002055
:1080000070B505460E4614462DB940F6313209A129
:108010000EA0FDF76FFD1148016818312846FFF7E3
:1080200011FD0CB14FF0FF3621463046FEF7B0FD92
:1080300070BD00002E2E5C4672656552544F535C35
:108040007372635C7461736B732E63004572726F3D
:10805000723A25732C25640D0A000000FC000020F4
:1080600070B505462C46002D4BD02649E06A0968BC
:10807000C96A884245D2A06900F0004028B9214869
:108080000068C06AC0F12000A061E16A01EB8101D3
:108090001D4A02EB81016069884201D1012000E0A4
:1080A000002050B3201DFFF78FFC78B9E06A00EB89
:1080B0008000154951F8200040B994F82C10012097
:1080C0008840124909688143104801600D480068E2
:1080D000C06AE06294F82C10012088400B490968BE
:1080E00008430A490860E16A01EB8101064A02EB94
:1080F0008100211DFFF7A6FC03E002480068C06A6A
:10810000E06270BDFC000020040600201401002085
:1081100010B504462CB940F6C13205A10AA0FDF7FE
:10812000E9FC0D48006820600C480068606010BDE4
:108130002E2E5C4672656552544F535C7372635CBD
:108140007461736B732E63004572726F723A25739C
:108150002C25640D0A0000002401002010010020DD
:108160001CB51A4800210B468022CDE9001018A149
:10817000194800F0D3FC0446012C02D100F022FF84
:108180000446012C15D100BF502080F31188BFF3A5
:108190004F8FBFF36F8F00BF4FF0FF300F49086064
:1081A00001200F49086000200E49086000F010F916
:1081B0000BE0601C08B1012000E0002028B940F26B
:1081C000847209A10EA0FDF795FC1CBD30010020B2
:1081D00049444C4500000000016F00082C010020BC
:1081E00018010020100100202E2E5C467265655299
:1081F000544F535C7372635C7461736B732E6300D2
:108200004572726F723A25732C25640D0A000000C6
:1082100070B50546FFF722FC15B92C48006800E050
:1082200028460446201DFFF7CFFB78B9E06A00EB33
:108230008000274951F8200040B994F82C10012003
:10824000884024490968814322480160A06A18B126
:1082500004F11800FFF7B8FB211D1F48FFF7F2FBE0
:10826000FFF73EFC1D48006828B1FFF7F7FBFFF75A
:10827000EBF8FFF735FC15480068844224D1174815
:108280000068A8B11648006808B9012000E0002085
:1082900028B940F2576213A118A0FDF72BFC4FF04C
:1082A00080501A490860BFF34F8FBFF36F8F0BE008
:1082B0000948006816490968884203D1002003492B
:1082C000086001E000F02EF870BD0000FC00002006
:1082D0000406002014010020D4080020180100200A
:1082E000340100202E2E5C4672656552544F535C5B
:1082F0007372635C7461736B732E63004572726F8B
:10830000723A25732C25640D0A00000004ED00E08C
:108310000C01002002480068401C014908607047B9
:108320003401002010B51B48006818B101201A491B
:1083300008602DE000201849086018480068B0FA6D
:1083400080F0C0F11F0404EB8400154951F82000AF
:1083500008B1012000E0002028B940F6F62211A162
:1083600016A0FDF7C7FB04EB84010D4A02EB810068
:1083700041684968416000F1080142688A4202D1BF
:108380004168496841604168C968104A116000BF8E
:1083900010BD000034010020200100201401002045
:1083A000040600202E2E5C4672656552544F535CC5
:1083B0007372635C7461736B732E63004572726FCA
:1083C000723A25732C25640D0A000000FC00002081
:1083D0001CB52248014609780191FF21024611701F
:1083E0000146097800919DF8001001F050011C4AE7
:1083F000117007211B4A116009E01A490968491EDA
:10840000184A11609DF800104906090E00919DF868
:10841000001001F080018029EFD01249096809029B
:10842000104A11601146098801F4E06111600B4A9D
:10843000019911700C48006840F470000A49086006
:108440000846006840F070400860FFF7D9FB002044
:1084500006490860F7F788FE00201CBD00E400E034
:10846000680100206C01002020ED00E06401002084
:1084700010B500BF502080F31188BFF34F8FBFF3BA
:108480006F8F00BF00F090FB18B14FF0805004498F
:10849000086000BF002080F3118800BF10BD0000FD
:1084A00004ED00E02DE9F84305460E4690460DB177
:1084B000012000E0002028B94FF4C4720DA113A0E0
:1084C000FDF718FB0EB9002701E005FB06F707F1E1
:1084D0004C00FFF7D5F8044644B104F14C0943467B
:1084E0004A46314628460094FEF71EFD2046BDE868
:1084F000F88300002E2E5C4672656552544F535C23
:108500007372635C71756575652E63004572726F79
:10851000723A25732C25640D0A0000002DE9FF47EF
:1085200082B005460E461F464FF0000A2C462CB975
:1085300040F2DC4261A167A0FDF7DCFA0EB9206CC5
:1085400008B9012000E0002028B940F2DD425BA11B
:1085500060A0FDF7CFFA00F011FB08B9049808B944
:10856000012000E0002028B94FF49C6253A159A0DB
:10857000FDF7C0FA00BFFFF771FAD4F83890B9F1EF
:10858000000F3DD0D4F80C8031462046FEF70AFC9F
:10859000DFB9A9F10100A063206810B9FFF718F94D
:1085A0006060206908B9012000E0002010BB04F1E0
:1085B000100000F019FCE8B14FF080504949086004
:1085C000BFF34F8FBFF36F8F14E0C4F80C80606A65
:1085D00008B9012000E0002060B904F1240000F097
:1085E00003FC38B14FF080503E490860BFF34F8F15
:1085F000BFF36F8FFFF774FA012006B0BDE8F08774
:10860000049818B9FFF76CFA0020F6E7BAF1000FEA
:1086100004D16846FFF77CFD4FF0010AFFF760FACE
:10862000FFF778FEFFF71AFA94F94400401C10B9DE
:10863000002084F8440094F94500401C10B9002043
:1086400084F84500FFF74CFA04A9684600F014FAD4
:1086500040BB2046FEF776FDF0B1206830B9FFF749
:10866000FDF96068FFF7FCFCFFF73AFA04F124001B
:108670000499FFF799FC2046FEF7B9FF00F010FCC3
:1086800000287FF478AF4FF0805016490860BFF3A0
:108690004F8FBFF36F8F6EE72046FEF7A8FF00F005
:1086A000FFFB68E72046FEF7A2FF00F0F9FB20463B
:1086B000FEF748FD0028EED000209EE72E2E5C46F7
:1086C00072656552544F535C7372635C7175657566
:1086D000652E63004572726F723A25732C25640D06
:1086E0000A00000004ED00E070B505460E462C4679
:1086F0002CB940F21B121EA123A0FDF7FBF9FFF7D6
:10870000ADF9D4E90F12206801FB0200606000207F
:10871000A0632068A060E06B401E226C216800FB13
:108720000210E060FF2084F8440084F845009EB900
:10873000206908B9012000E00020A8B904F1100068
:1087400000F052FB80B14FF0805013490860BFF336
:108750004F8FBFF36F8F07E004F11000FFF748F968
:1087600004F12400FFF744F9FFF7BAF9012070BDC6
:108770002E2E5C4672656552544F535C7372635C77
:1087800071756575652E63004572726F723A257357
:108790002C25640D0A00000004ED00E02DE9FF43E4
:1087A00083B0064688461D464FF0000934462CB972
:1087B00040F2D92260A166A0FDF79CF9B8F1000F44
:1087C00001D1206C08B9012000E0002028B940F256
:1087D000DA2259A15EA0FDF78DF9022D02D1E06BDE
:1087E000012801D1012000E0002028B940F2DB225D
:1087F00051A157A0FDF77EF900F0C0F908B905981E
:1088000008B9012000E0002028B940F2DE224AA188
:108810004FA0FDF76FF900BFFFF720F9A06BE16BE8
:10882000884201D3022D38D12A4641462046FEF720
:10883000CEFA0746A06C68B129462046FEF79EFC9A
:1088400028B34FF0805046490860BFF34F8FBFF305
:108850006F8F1CE0606A08B9012000E0002068B951
:1088600004F1240000F0C0FA88B14FF080503C4978
:108870000860BFF34F8FBFF36F8F08E03FB14FF039
:10888000805037490860BFF34F8FBFF36F8FFFF7FA
:1088900027F9012007B0BDE8F083059818B9FFF764
:1088A0001FF90020F6E7B9F1000F04D101A8FFF786
:1088B0002FFC4FF00109FFF713F9FFF72BFDFFF72E
:1088C000CDF894F94400401C10B9002084F844000D
:1088D00094F94500401C10B9002084F84500FFF7CA
:1088E000FFF805A901A800F0C7F8F0B92046FEF787
:1088F00036FCA0B104F110000599FFF755FB2046A6
:10890000FEF775FE00F0CCFA002885D14FF08050BC
:1089100013490860BFF34F8FBFF36F8F7CE720468A
:10892000FEF765FE00F0BCFA76E72046FEF75FFE34
:1089300000F0B6FA0020ADE72E2E5C467265655257
:10894000544F535C7372635C71756575652E63007B
:108950004572726F723A25732C25640D0A0000006F
:1089600004ED00E02DE9F05F80468A4615461E467C
:1089700044462CB940F29F3235A13BA0FDF7BAF82E
:10898000BAF1000F01D1206C08B9012000E00020ED
:1089900028B94FF468722EA133A0FDF7ABF8022E70
:1089A00002D1E06B012801D1012000E0002028B9AC
:1089B00040F2A13226A12CA0FDF79CF8FFF730F978
:1089C00000BF5021EFF3118081F31188BFF34F8F67
:1089D000BFF36F8F00BF0746A06BE16B884201D3E6
:1089E000022E2BD194F945B0324651462046FEF76F
:1089F000EEF90BF10100C8B9A06C40B13146204638
:108A0000FEF7BCFBB8B1B5B10120286013E0606A85
:108A100008B9012000E0002068B904F1240000F04A
:108A2000E3F940B13DB10120286004E00BF1010001
:108A300040B284F845004FF0010901E04FF0000911
:108A400000BF87F3118800BF4846BDE8F09F0000D3
:108A50002E2E5C4672656552544F535C7372635C94
:108A600071756575652E63004572726F723A257374
:108A70002C25640D0A0000002DE9F04104460D4646
:108A80002CB940F6CB3219A11EA0FDF733F82DB951
:108A900040F6CC3215A11BA0FDF72CF8FEF7DEFF47
:108AA0001C4807682868401C08B9002619E01A49C4
:108AB00020680968884204D06068B84201D801265D
:108AC0000FE06068381A2968884209D2286861680E
:108AD000791A401A28602046FFF71AFB002600E0AA
:108AE0000126FEF7FDFF3046BDE8F0812E2E5C46E4
:108AF00072656552544F535C7372635C7461736B3F
:108B0000732E63004572726F723A25732C25640DC3
:108B10000A00000010010020240100202DE9FF4F71
:108B200085B0804689461746DDE912ABB800FEF7EE
:108B3000A7FD064656B15420FEF7A2FD04460CB12F
:108B4000266304E03046FFF701F800E000247CB122
:108B50000020CDE900ABCDE902403A464946404607
:108B6000089BFEF7F7F92046FEF75EF8012501E0C5
:108B70004FF0FF35284609B0BDE8F08F0549096878
:108B800009B9012005E00449096809B9022000E09B
:108B900000207047180100203401002001490868B6
:108BA00070470000100100202DE9F0414FF000084F
:108BB00041480068002872D140480068451C3F4881
:108BC0000560EDB93E480068006808B9012000E082
:108BD000002028B940F6D9123AA140A0FCF78AFF3C
:108BE0003748076841480068354908603F480760D2
:108BF0003F480068401C3E490860FEF725FC00BF66
:108C00003C48006885423CD300BF2D48006800689E
:108C100008B9012000E0002020B14FF0FF303549B5
:108C200008602DE026480068C068C4686668B542E0
:108C300002D23048066023E0201DFEF7C5FEA06A80
:108C400018B104F11800FEF7BFFE94F82C100120B3
:108C5000884029490968084327490860E16A01EB0F
:108C60008101264A02EB8100211DFEF7EBFE24491B
:108C7000E06A0968C96A8842C7D34FF00108C4E7AF
:108C800000BF1F480068C06A00EB80001B4951F814
:108C90002000012801D94FF0010805E0FFE719483D
:108CA0000068401C174908601748006808B14FF079
:108CB00001084046BDE8F081340100201001002089
:108CC000000100202E2E5C4672656552544F535CA5
:108CD0007372635C7461736B732E63004572726FA1
:108CE000723A25732C25640D0A000000040100204F
:108CF000240100202C010020140100200406002083
:108D0000FC0000201C0100202001002070B5054659
:108D10002C460026002D4BD026480068844201D105
:108D2000012000E0002028B940F6C76222A128A057
:108D3000FCF7E0FEA06C28B940F6C9621EA124A091
:108D4000FCF7D8FEA06C401EA064616CE06A88420B
:108D50002ED0A06C60BB201DFEF736FE78B9E06A0D
:108D600000EB80001E4951F8200040B994F82C1007
:108D7000012088401B49096881431A480160606CE2
:108D8000E062E06AC0F12000A06194F82C1001209C
:108D9000884014490968084312490860E16A01EBF8
:108DA00081010F4A02EB8100211DFEF74BFE0126D7
:108DB000304670BDFC0000202E2E5C467265655268
:108DC000544F535C7372635C7461736B732E6300F6
:108DD0004572726F723A25732C25640D0A000000EB
:108DE000040600201401002070B50646F068C4682F
:108DF0002CB940F661321AA11FA0FCF77BFE04F1EA
:108E00001800FEF7E1FD20480068A8B9201DFEF714
:108E1000DBFD94F82C10012088401C4909680843A8
:108E20001A490860E16A01EB8101194A02EB8100ED
:108E3000211DFEF707FE04E004F118011548FEF7B6
:108E400001FE1549E06A0968C96A884204D901250A
:108E500001201249086000E00025284670BD00008E
:108E60002E2E5C4672656552544F535C7372635C80
:108E70007461736B732E63004572726F723A25735F
:108E80002C25640D0A00000034010020140100208C
:108E900004060020AC080020FC0000202001002077
:108EA00070B5002400263448006828B94FF4FD62EC
:108EB00032A138A0FCF71EFEFEF7D0FD2E48006858
:108EC000401E2D4908600846006800284FD13548EB
:108ED000006800284BD024E03348C068C46804F11F
:108EE0001800FEF771FD201DFEF76EFD94F82C10A2
:108EF000012088402D49096808432C490860E16A2F
:108F000001EB81012A4A02EB8100211DFEF79AFD47
:108F10002849E06A0968C96A884202D301202649C3
:108F200008602148006808B9012000E000200028FE
:108F3000D2D00CB1FEF788FA2048056865B100BFB1
:108F4000FFF732FE10B101201B4908606D1E002D95
:108F5000F6D10020194908601748006838B1012689
:108F6000300717490860BFF34F8FBFF36F8FFEF7CD
:108F7000B7FD304670BD0000340100202E2E5C4647
:108F800072656552544F535C7372635C7461736BAA
:108F9000732E63004572726F723A25732C25640D2F
:108FA0000A0000000C010020AC0800201401002081
:108FB00004060020FC000020200100201C010020ED
:108FC00004ED00E01CB50024FDF788FE0B480068A6
:108FD00058B10B481F2100234FF48072CDE90010D7
:108FE00008A10A48FFF79AFD04462CB940F2331253
:108FF00007A10EA0FCF77EFD20461CBD400100200D
:1090000044010020546D722053766300D57500082A
:109010002E2E5C4672656552544F535C7372635CCE
:1090200074696D6572732E63000000004572726F83
:10903000723A25732C25640D0A0000002DE9FF47C4
:1090400004460D4616461F46DDF830804FF00009F5
:109050002CB94FF4D37217A11DA0FCF74BFD20488B
:10906000006810B3009501960294062D15DAFFF7FB
:1090700085FD022808D10023424669461848006849
:10908000FFF78CFB814610E000231A46694614481E
:109090000068FFF783FB814607E000233A466946F4
:1090A0000F480068FFF75EFC8146484604B0BDE803
:1090B000F08700002E2E5C4672656552544F535C5B
:1090C0007372635C74696D6572732E6300000000D7
:1090D0004572726F723A25732C25640D0A000000E8
:1090E000400100200000000000000000000000001F
:1090F0000000000000000000000000000000000070
:10910000000000000000000000000000000000005F
:10911000000000000000000000000000000000004F
:10912000000000000000000000000000000000003F
:10913000000000000000000000000000000000002F
:10914000000000000000000000000000000000001F
:10915000000000000000000000000000000000000F
:1091600000000000000000000000000000000000FF
:1091700000000000000000000000000000000000EF
:1091800000000000000000000000000000000000DF
:1091900000000000000000000000000000000000CF
:1091A00000000000000000000000000000000000BF
:1091B00000000000000000000000000000000000AF
:1091C000000000000000000000000000000000009F
:1091D000000000000000000000000000000000008F
:1091E00000000000000000000000020E1E7EFEFED7
:1091F000FEF8E000000080E0F8FCFEFE7E1E0602A5
:10920000001E1E1E1E1E1E1EFEFEFEFEFE1E1E1E3C
:109210001E1E1E1E0000000000000000E0FCFEFEFE
:109220007EFEFEFEFCE000000000000000000000EA
:1092300000FEFEFEFEFE1E1E1E1E1E1E3EFEFCFC50
:10924000FCF8E00000000000FEFEFEFEFE00000054
:109250000080E0F0F8FEFE7E1E0E06020000000018
:1092600000000000000000000000000000000107F6
:10927000CFFFFFFFFCFEFFFFDF0703000000000041
:109280000000000000000000FFFFFFFFFF000000E3
:10929000000000000000000000E0F8FFFFFF1F03D7
:1092A0000000073FFFFFFFF8E000000000000000A3
:1092B00000FFFFFFFFFFF0F0F0F0F0F8FCBFBF3F52
:1092C0001F0F030000000000FFFFFFFFFF70F8FE0C
:1092D000FFFFFFCF8701000000000000000000003A
:1092E0000000000000000000000000C0E0F8FCFFEB
:1092F000FF3F0F0700030F3FFFFFFEF8F0C0000025
:109300000000000000000000FFFFFFFFFF00000062
:10931000000000000000C0F8FFFFFF7F0F0F0F0FDD
:109320000F0F0F0F0F0F7FFFFFFFF8C000000000AF
:1093300000FFFFFFFFFF0000000101071F3FFFFFCD
:10934000FEF8F0C000000000FFFFFFFFFF0000017B
:10935000070F1F3FFFFEFCF8F0C080000000000078
:1093600000000000000000000002030303030303E9
:1093700000000000000000000003030303030302D9
:1093800000000000000000000303030303000000CE
:1093900000000000000203030303030000000000BC
:1093A00000000000000000030303030302000000AC
:1093B000000303030303000000000000000000039B
:1093C000030303030302000003030303030000007D
:1093D0000000000000010303030303030200000078
:1093E000000000000000000000000000000000007D
:1093F000000000000000000000000000000000006D
:10940000000000000000000000000000000000005C
:10941000000000000000000000000000000000004C
:10942000000000000000000000000000000000003C
:10943000000000000000000000000000000000002C
:10944000000000000000000000000000000000001C
:10945000000000000000000000000000000000000C
:1094600000000000000000000000000000000000FC
:1094700000000000000000000000000000000000EC
:1094800000000000000000000000000000000000DC
:1094900000000000000000000000000000000000CC
:1094A00000000000000000000000000000000000BC
:1094B00000000000000000000000000000000000AC
:1094C000000000000000000000000000000000009C
:1094D000000000000000000000000000000000008C
:1094E000000000000000000000000000000000007C
:1094F00000000000000000F8000000000000003341
:109500003000000000100C06100C060000000000E7
:109510000000000040C07840C0784000043F0404D0
:109520003F040400007088FC08300000001820FF91
:10953000211E0000F008F000E018000000211C03CC
:109540001E211E0000F00888700000001E21232448
:109550001927211010160E00000000000000000066
:1095600000000000000000E01804020000000007F6
:109570001820400000020418E000000000402018FD
:1095800007000000404080F0804040000202010FD0
:1095900001020200000000F0000000000101011FB4
:1095A00001010100000000000000000080B0700018
:1095B00000000000000000000000000000010101A8
:1095C0000101010100000000000000000030300037
:1095D0000000000000000000806018040060180611
:1095E0000100000000E010080810E000000F10204B
:1095F00020100F00001010F8000000000020203F95
:10960000202000000070080808887000003028241E
:1096100022213000003008888848300000182020BF
:1096200020110E000000C02010F8000000070424E4
:10963000243F240000F80888880808000019212029
:1096400020110E0000E0108888180000000F112083
:1096500020110E0000380808C83808000000003F3C
:10966000000000000070880808887000001C22219B
:1096700021221C0000E010080810E0000000312248
:1096800022110F00000000C0C000000000000030E8
:10969000300000000000008000000000000080603A
:1096A00000000000000080402010080000010204BB
:1096B00008102000404040404040400004040404A2
:1096C000040404000008102040800000002010085E
:1096D00004020100007048080808F0000000003093
:1096E00036010000C030C828E810E0000718272421
:1096F00023140B000000C038E0000000203C2302CF
:109700000227382008F8888888700000203F202031
:1097100020110E00C0300808080838000718202063
:109720002010080008F808080810E000203F20205A
:1097300020100F0008F88888E8081000203F20203B
:109740002320180008F88888E8081000203F20002F
:1097500003000000C0300808083800000718202067
:10976000221E020008F808000008F808203F210126
:1097700001213F20000808F8080800000020203FD1
:109780002020000000000808F8080800C080808041
:109790007F00000008F888C028180800203F20013A
:1097A0002638200008F8080000000000203F202094
:1097B0002020300008F8F800F8F80800203F003FAB
:1097C000003F200008F830C00008F808203F2000C3
:1097D00007183F00E01008080810E0000F102020D4
:1097E00020100F0008F808080808F000203F2101A9
:1097F00001010000E01008080810E0000F18242400
:1098000038504F0008F8888888887000203F200072
:10981000030C302000708808080838000038202128
:1098200021221C00180808F8080818000000203F32
:109830002000000008F808000008F808001F202099
:1098400020201F000878880000C83808000007386A
:109850000E010000F80800F80008F800033C0700BB
:10986000073C0300081868808068180820302C0323
:10987000032C30200838C800C83808000000203FFA
:109880002000000010080808C838080020382621E9
:1098900020201800000000FE020202000000007FED
:1098A00040404000000C30C00000000000000001FB
:1098B0000638C00000020202FE00000000404040E6
:1098C0007F0000000000040202020400000000000B
:1098D0000000000000000000000000008080808088
:1098E0008080808000020204000000000000000070
:1098F0000000000000008080808000000019242209
:1099000022223F2008F8008080000000003F112044
:1099100020110E000000008080800000000E112049
:1099200020201100000000808088F800000E112027
:1099300020103F200000808080800000001F222235
:1099400022221300008080F0888888180020203FA1
:10995000202000000000808080808000006B9494B4
:109960009493600008F8008080800000203F210070
:1099700000203F2000809898000000000020203F39
:1099800020200000000000809898000000C0808027
:10999000807F000008F8000080808000203F2402C3
:1099A0002D302000000808F8000000000020203FB3
:1099B000202000008080808080808000203F200068
:1099C0003F20003F8080008080800000203F2100F9
:1099D00000203F200000808080800000001F2020A9
:1099E00020201F00808000808000000080FFA120D8
:1099F00020110E000000008080808000000E1120E9
:109A000020A0FF80808080008080800020203F2177
:109A1000200001000000808080808000003324242A
:109A200024241900008080E0808000000000001FD6
:109A3000202000008080000000808000001F202087
:109A400020103F20808080000080808000010E3048
:109A50000806010080800080008080800F300C03A9
:109A60000C300F0000808000808080000020312EAC
:109A70000E312000808080000080808080818E7088
:109A80001806010000808080808080000021302C3A
:109A90002221300000000000807C02020000000053
:109AA000003F404000000000FF00000000000000F8
:109AB000FF0000000002027C800000000040403FE8
:109AC0000000000000060101020204040000000082
:109AD000000000000000000000000000002F000057
:109AE00000000700070000147F147F1400242A7F61
:109AF0002A120062640813230036495522500000E0
:109B00000503000000001C224100000041221C004F
:109B10000014083E08140008083E0808000000A0D1
:109B200060000008080808080000606000000020CD
:109B300010080402003E5149453E0000427F4000AB
:109B4000004261514946002141454B310018141231
:109B50007F10002745454539003C4A4949300001FE
:109B60007109050300364949493600064949291E4D
:109B700000003636000000005636000000081422AF
:109B800041000014141414140000412214080002AF
:109B90000151090600324959513E007C1211127CD4
:109BA000007F49494936003E41414122007F414101
:109BB000221C007F49494941007F09090901003EF3
:109BC0004149497A007F0808087F0000417F410031
:109BD000002040413F01007F08142241007F4040A7
:109BE0004040007F020C027F007F0408107F003E8F
:109BF0004141413E007F09090906003E4151215E75
:109C0000007F091929460046494949310001017F71
:109C10000101003F4040403F001F2040201F003F07
:109C20004038403F006314081463000708700807B9
:109C300000615149454300007F41410000552A55CC
:109C40002A55000041417F00000402010204004047
:109C50004040404000000102040000205454547869
:109C6000007F484444380038444444200038444489
:109C7000487F00385454541800087E090102001827
:109C8000A4A4A47C007F080404780000447D400064
:109C9000004080847D00007F102844000000417F48
:109CA0004000007C04180478007C08040478003824
:109CB0004444443800FC242424180018242418FCAC
:109CC000007C0804040800485454542000043F4415
:109CD0004020003C4040207C001C2040201C003CD8
:109CE0004030403C004428102844001CA0A0A07C28
:109CF000004464544C44141414141414014200001D
:109D000000000000000000004FBB610567ACDD3FB4
:109D1000182D4454FB21E93F9BF681D20B73EF3F92
:109D2000182D4454FB21F93FE2652F227F2B7A3C0A
:109D3000075C143326A6813CBDCBF07A8807703CC3
:109D4000075C143326A6913CC4EB98999999C9BF36
:109D5000711623FEC671BCBF6D9A74AFF2B0B3BF6B
:109D60009AFDDE522DDEADBF2F6C6A2C44B4A2BF2B
:109D70000D5555555555D53FFF8300922449C23F97
:109D80006E204CC5CD45B73F513DD0A0660DB13FCB
:109D9000EB0D76244B7BA93F11DA22E33AAD903FDD
:109DA00000004054FB21F93F3163621A61B4D03D99
:109DB0000000601A61B4D03D7370032E8A19A33B72
:109DC0000000002E8A19A33BC14920259A837B39C4
:109DD00000000000000000006E83F9A22915444E27
:109DE000D15727FCC0DD34F5999562DB4190433CA7
:109DF000AB6351FE61C5BBDE3A6E24B7E0D24D4283
:109E0000EA2E49061C92D1091CEB1DFE3EA729B182
:109E1000F53582E88444BB2E26709CE9417E5FB410
:109E200039D69139F43953838B5F849C3B28F9BD33
:109E3000FF97F81F0F9805DE8B112FEF1F6D0A5A41
:109E4000CF7E366DB709CB27663F464F2DEA5F9E22
:109E5000C7BA27757BF1E5EBF739073DEA92528ADD
:109E6000B15FFB6B085D8D1F7AFE10111111C13FB0
:109E700037D60684F464963F280356C9226D6D3F99
:109E80000165F2F2D844433FA69237A0887E143F82
:109E9000735360DBCB75F3BEFE41B31BBAA1AB3F7E
:109EA00093846EE9E326823F1583E0FEC8DB573FCB
:109EB00068108D1AF726303FE9A7F0320FB8123F2D
:109EC000D47ABF74702AFB3EE89E00080000002090
:109ED0008C010000A40A0008249F00088C010020C7
:109EE000845B000020620008013E94A24A04091B22
:109EF00001020304060708090746BC0284030101A6
:109F0000A3040F031F0405021801026C01D5AAAABD
:109F1000AAAA90110102030401020304060708091A
:049F20000204060829
:0400000508000131BD
:00000001FF
