point_index,error,original_x,original_y,original_z,target_x,target_y,target_z,transformed_x,transformed_y,transformed_z,exceeds_threshold
0,2.03244188108787,0.1728,0,5.8754,0.199,0,-0.426,1.657,0.0,-1.842,1
1,2.03244188108787,0.1728,0,5.8754,0.199,0,-0.426,1.657,0.0,-1.842,1
2,2.03244188108787,0.1728,0,5.8754,0.199,0,-0.426,1.657,0.0,-1.842,1
3,2.0338559437678962,0.1728,0,5.8754,0.198,0,-0.425,1.657,0.0,-1.842,1
4,2.033159364142418,0.1728,0,5.8754,0.198,0,-0.426,1.657,0.0,-1.842,1
5,2.03244188108787,0.1728,0,5.8754,0.199,0,-0.426,1.657,0.0,-1.842,1
6,2.03244188108787,0.1728,0,5.8754,0.199,0,-0.426,1.657,0.0,-1.842,1
7,2.033159364142418,0.1728,0,5.8754,0.198,0,-0.426,1.657,0.0,-1.842,1
8,2.033159364142418,0.1728,0,5.8754,0.198,0,-0.426,1.657,0.0,-1.842,1
9,2.03244188108787,0.1728,0,5.8754,0.199,0,-0.426,1.657,0.0,-1.842,1
10,2.031724636854119,0.1728,0,5.8754,0.2,0,-0.426,1.657,0.0,-1.842,1
11,2.031724636854119,0.1728,0,5.8754,0.2,0,-0.426,1.657,0.0,-1.842,1
12,2.0338559437678962,0.1728,0,5.8754,0.198,0,-0.425,1.657,0.0,-1.842,1
13,2.03244188108787,0.1728,0,5.8754,0.199,0,-0.426,1.657,0.0,-1.842,1
14,2.03244188108787,0.1728,0,5.8754,0.199,0,-0.426,1.657,0.0,-1.842,1
15,2.0338559437678962,0.1728,0,5.8754,0.198,0,-0.425,1.657,0.0,-1.842,1
16,2.0338559437678962,0.1728,0,5.8754,0.198,0,-0.425,1.657,0.0,-1.842,1
17,2.03244188108787,0.1728,0,5.8754,0.199,0,-0.426,1.657,0.0,-1.842,1
18,2.0331387065323407,0.1728,0,5.8754,0.199,0,-0.425,1.657,0.0,-1.842,1
19,2.0338559437678962,0.1728,0,5.8754,0.198,0,-0.425,1.657,0.0,-1.842,1
20,2.03244188108787,0.1728,0,5.8754,0.199,0,-0.426,1.657,0.0,-1.842,1
21,2.03244188108787,0.1728,0,5.8754,0.199,0,-0.426,1.657,0.0,-1.842,1
22,2.0331387065323407,0.1728,0,5.8754,0.199,0,-0.425,1.657,0.0,-1.842,1
23,2.0338559437678962,0.1728,0,5.8754,0.198,0,-0.425,1.657,0.0,-1.842,1
24,2.0345527764105804,0.1728,0,5.8754,0.198,0,-0.424,1.657,0.0,-1.842,1
25,2.0331387065323407,0.1728,0,5.8754,0.199,0,-0.425,1.657,0.0,-1.842,1
26,2.0331387065323407,0.1728,0,5.8754,0.199,0,-0.425,1.657,0.0,-1.842,1
27,2.0331387065323407,0.1728,0,5.8754,0.199,0,-0.425,1.657,0.0,-1.842,1
28,2.0338770857650177,0.1728,0,5.8754,0.197,0,-0.426,1.657,0.0,-1.842,1
29,2.0338559437678962,0.1728,0,5.8754,0.198,0,-0.425,1.657,0.0,-1.842,1
30,2.0324630377942916,0.1728,0,5.8754,0.198,0,-0.427,1.657,0.0,-1.842,1
31,2.0324630377942916,0.1728,0,5.8754,0.198,0,-0.427,1.657,0.0,-1.842,1
32,2.03244188108787,0.1728,0,5.8754,0.199,0,-0.426,1.657,0.0,-1.842,1
33,2.03244188108787,0.1728,0,5.8754,0.199,0,-0.426,1.657,0.0,-1.842,1
34,2.033159364142418,0.1728,0,5.8754,0.198,0,-0.426,1.657,0.0,-1.842,1
35,2.031027818617953,0.1728,0,5.8754,0.2,0,-0.427,1.657,0.0,-1.842,1
36,2.031027818617953,0.1728,0,5.8754,0.2,0,-0.427,1.657,0.0,-1.842,1
37,2.0331387065323407,0.1728,0,5.8754,0.199,0,-0.425,1.657,0.0,-1.842,1
38,2.0331387065323407,0.1728,0,5.8754,0.199,0,-0.425,1.657,0.0,-1.842,1
39,2.03244188108787,0.1728,0,5.8754,0.199,0,-0.426,1.657,0.0,-1.842,1
40,2.0338559437678962,0.1728,0,5.8754,0.198,0,-0.425,1.657,0.0,-1.842,1
41,2.0338559437678962,0.1728,0,5.8754,0.198,0,-0.425,1.657,0.0,-1.842,1
42,2.0352498618105836,0.1728,0,5.8754,0.198,0,-0.423,1.657,0.0,-1.842,1
43,2.5121118605667223,0.1728,0,5.8754,0.198,0,0.203,1.657,0.0,-1.842,1
44,2.5202591136627204,0.1728,0,5.8754,0.198,0,0.213,1.657,0.0,-1.842,1
45,2.5464190542799514,0.1728,0,5.8754,0.198,0,0.245,1.657,0.0,-1.842,1
46,2.5464190542799514,0.1728,0,5.8754,0.198,0,0.245,1.657,0.0,-1.842,1
47,2.639825941231732,0.1728,0,5.8754,0.198,0,0.358,1.657,0.0,-1.842,1
48,2.606584163229724,0.1728,0,5.8754,0.198,0,0.318,1.657,0.0,-1.842,1
49,2.5941676892598906,0.1728,0,5.8754,0.198,0,0.303,1.657,0.0,-1.842,1
50,2.6085116445973555,0.1728,0,5.8754,0.199,0,0.321,1.657,0.0,-1.842,1
51,2.6085116445973555,0.1728,0,5.8754,0.199,0,0.321,1.657,0.0,-1.842,1
52,2.609070715791353,0.1728,0,5.8754,0.198,0,0.321,1.657,0.0,-1.842,1
53,2.629001711676887,0.1728,0,5.8754,0.198,0,0.345,1.657,0.0,-1.842,1
54,2.632330146467194,0.1728,0,5.8754,0.198,0,0.349,1.657,0.0,-1.842,1
55,2.635660448540366,0.1728,0,5.8754,0.198,0,0.353,1.657,0.0,-1.842,1
56,2.635660448540366,0.1728,0,5.8754,0.198,0,0.353,1.657,0.0,-1.842,1
57,2.633995064535999,0.1728,0,5.8754,0.198,0,0.351,1.657,0.0,-1.842,1
58,2.633162547204407,0.1728,0,5.8754,0.198,0,0.35,1.657,0.0,-1.842,1
59,2.6334412847071413,0.1728,0,5.8754,0.199,0,0.351,1.657,0.0,-1.842,1
60,2.6342740935597417,0.1728,0,5.8754,0.199,0,0.352,1.657,0.0,-1.842,1
61,2.6342740935597417,0.1728,0,5.8754,0.199,0,0.352,1.657,0.0,-1.842,1
62,2.6373262975976255,0.1728,0,5.8754,0.198,0,0.355,1.657,0.0,-1.842,1
63,2.638439879929046,0.1728,0,5.8754,0.199,0,0.357,1.657,0.0,-1.842,1
64,2.640107005407167,0.1728,0,5.8754,0.199,0,0.359,1.657,0.0,-1.842,1
65,2.6456624879224484,0.1728,0,5.8754,0.198,0,0.365,1.657,0.0,-1.842,1
66,2.6456624879224484,0.1728,0,5.8754,0.198,0,0.365,1.657,0.0,-1.842,1
67,2.649834900517389,0.1728,0,5.8754,0.198,0,0.37,1.657,0.0,-1.842,1
68,2.6528899336384084,0.1728,0,5.8754,0.197,0,0.373,1.657,0.0,-1.842,1
69,2.6476147756046386,0.1728,0,5.8754,0.199,0,0.368,1.657,0.0,-1.842,1
70,2.6492844316909423,0.1728,0,5.8754,0.199,0,0.37,1.657,0.0,-1.842,1
71,2.6492844316909423,0.1728,0,5.8754,0.199,0,0.37,1.657,0.0,-1.842,1
72,2.651504667165419,0.1728,0,5.8754,0.198,0,0.372,1.657,0.0,-1.842,1
73,2.6520550522189392,0.1728,0,5.8754,0.197,0,0.372,1.657,0.0,-1.842,1
74,2.65233972183052,0.1728,0,5.8754,0.198,0,0.373,1.657,0.0,-1.842,1
75,2.65317489057921,0.1728,0,5.8754,0.198,0,0.374,1.657,0.0,-1.842,1
76,2.65317489057921,0.1728,0,5.8754,0.198,0,0.374,1.657,0.0,-1.842,1
77,2.6593119410855133,0.1728,0,5.8754,0.199,0,0.382,1.657,0.0,-1.842,1
78,2.661532829029167,0.1728,0,5.8754,0.198,0,0.384,1.657,0.0,-1.842,1
79,2.660696525348203,0.1728,0,5.8754,0.198,0,0.383,1.657,0.0,-1.842,1
80,2.660696525348203,0.1728,0,5.8754,0.198,0,0.383,1.657,0.0,-1.842,1
81,2.657639554190899,0.1728,0,5.8754,0.199,0,0.38,1.657,0.0,-1.842,1
82,2.657639554190899,0.1728,0,5.8754,0.199,0,0.38,1.657,0.0,-1.842,1
83,2.658188292803954,0.1728,0,5.8754,0.198,0,0.38,1.657,0.0,-1.842,1
84,2.655967620284555,0.1728,0,5.8754,0.199,0,0.378,1.657,0.0,-1.842,1
85,2.655967620284555,0.1728,0,5.8754,0.199,0,0.378,1.657,0.0,-1.842,1
86,2.6551318234694112,0.1728,0,5.8754,0.199,0,0.377,1.657,0.0,-1.842,1
87,2.6556810802504134,0.1728,0,5.8754,0.198,0,0.377,1.657,0.0,-1.842,1
88,2.6568035305607376,0.1728,0,5.8754,0.199,0,0.379,1.657,0.0,-1.842,1
89,2.6548455698966746,0.1728,0,5.8754,0.198,0,0.376,1.657,0.0,-1.842,1
90,2.6548455698966746,0.1728,0,5.8754,0.198,0,0.376,1.657,0.0,-1.842,1
91,2.6556810802504134,0.1728,0,5.8754,0.198,0,0.377,1.657,0.0,-1.842,1
92,2.65233972183052,0.1728,0,5.8754,0.198,0,0.373,1.657,0.0,-1.842,1
93,2.651504667165419,0.1728,0,5.8754,0.198,0,0.372,1.657,0.0,-1.842,1
94,2.6506697266917283,0.1728,0,5.8754,0.198,0,0.371,1.657,0.0,-1.842,1
95,2.6506697266917283,0.1728,0,5.8754,0.198,0,0.371,1.657,0.0,-1.842,1
96,2.6464967409766444,0.1728,0,5.8754,0.198,0,0.366,1.657,0.0,-1.842,1
97,2.6492844316909423,0.1728,0,5.8754,0.199,0,0.37,1.657,0.0,-1.842,1
98,2.6506697266917283,0.1728,0,5.8754,0.198,0,0.371,1.657,0.0,-1.842,1
99,2.6548455698966746,0.1728,0,5.8754,0.198,0,0.376,1.657,0.0,-1.842,1
100,2.6548455698966746,0.1728,0,5.8754,0.198,0,0.376,1.657,0.0,-1.842,1
101,2.662369245615642,0.1728,0,5.8754,0.198,0,0.385,1.657,0.0,-1.842,1
102,2.6648791717449405,0.1728,0,5.8754,0.198,0,0.388,1.657,0.0,-1.842,1
103,2.6640424170797283,0.1728,0,5.8754,0.198,0,0.387,1.657,0.0,-1.842,1
104,2.6601483041364444,0.1728,0,5.8754,0.199,0,0.383,1.657,0.0,-1.842,1
105,2.6601483041364444,0.1728,0,5.8754,0.199,0,0.383,1.657,0.0,-1.842,1
106,2.65233972183052,0.1728,0,5.8754,0.198,0,0.373,1.657,0.0,-1.842,1
107,2.6464967409766444,0.1728,0,5.8754,0.198,0,0.366,1.657,0.0,-1.842,1
108,2.6459455776716196,0.1728,0,5.8754,0.199,0,0.366,1.657,0.0,-1.842,1
109,2.645380123914142,0.1728,0,5.8754,0.197,0,0.364,1.657,0.0,-1.842,1
110,2.645380123914142,0.1728,0,5.8754,0.197,0,0.364,1.657,0.0,-1.842,1
111,2.6459455776716196,0.1728,0,5.8754,0.199,0,0.366,1.657,0.0,-1.842,1
112,2.645111150783649,0.1728,0,5.8754,0.199,0,0.365,1.657,0.0,-1.842,1
113,2.6464967409766444,0.1728,0,5.8754,0.198,0,0.366,1.657,0.0,-1.842,1
114,2.6442768387595126,0.1728,0,5.8754,0.199,0,0.364,1.657,0.0,-1.842,1
115,2.6442768387595126,0.1728,0,5.8754,0.199,0,0.364,1.657,0.0,-1.842,1
116,2.6448283498178102,0.1728,0,5.8754,0.198,0,0.364,1.657,0.0,-1.842,1
117,2.640107005407167,0.1728,0,5.8754,0.199,0,0.359,1.657,0.0,-1.842,1
118,2.637046833107065,0.1727,0,5.8753,0.197,0,0.354,1.657,0.0,-1.842,1
119,2.6281698955737243,0.1728,0,5.8754,0.198,0,0.344,1.657,0.0,-1.842,1
120,2.6281698955737243,0.1728,0,5.8754,0.198,0,0.344,1.657,0.0,-1.842,1
121,2.622625402149533,0.1728,0,5.8754,0.199,0,0.338,1.657,0.0,-1.842,1
122,2.6342740935597417,0.1728,0,5.8754,0.199,0,0.352,1.657,0.0,-1.842,1
123,2.621794232963373,0.1728,0,5.8754,0.199,0,0.337,1.657,0.0,-1.842,1
124,2.58507968929393,0.1728,0,5.8754,0.198,0,0.292,1.657,0.0,-1.842,1
125,2.58507968929393,0.1728,0,5.8754,0.198,0,0.292,1.657,0.0,-1.842,1
126,2.5653032959086928,0.1728,0,5.8754,0.198,0,0.268,1.657,0.0,-1.842,1
127,2.5647346841340144,0.1728,0,5.8754,0.199,0,0.268,1.657,0.0,-1.842,1
128,2.5581571491994,0.1728,0,5.8754,0.199,0,0.26,1.657,0.0,-1.842,1
129,2.53929222422312,0.1728,0,5.8754,0.199,0,0.237,1.657,0.0,-1.842,1
130,2.53929222422312,0.1728,0,5.8754,0.199,0,0.237,1.657,0.0,-1.842,1
131,2.4855448094934838,0.1728,0,5.8754,0.199,0,0.171,1.657,0.0,-1.842,1
132,2.0338559437678962,0.1728,0,5.8754,0.198,0,-0.425,1.657,0.0,-1.842,1
133,2.0338770857650177,0.1728,0,5.8754,0.197,0,-0.426,1.657,0.0,-1.842,1
134,2.0324630377942916,0.1728,0,5.8754,0.198,0,-0.427,1.657,0.0,-1.842,1
135,2.0324630377942916,0.1728,0,5.8754,0.198,0,-0.427,1.657,0.0,-1.842,1
136,2.031745308841637,0.1728,0,5.8754,0.199,0,-0.427,1.657,0.0,-1.842,1
137,2.0324630377942916,0.1728,0,5.8754,0.198,0,-0.427,1.657,0.0,-1.842,1
138,2.03244188108787,0.1728,0,5.8754,0.199,0,-0.426,1.657,0.0,-1.842,1
139,2.031745308841637,0.1728,0,5.8754,0.199,0,-0.427,1.657,0.0,-1.842,1
140,2.031745308841637,0.1728,0,5.8754,0.199,0,-0.427,1.657,0.0,-1.842,1
141,2.03244188108787,0.1728,0,5.8754,0.199,0,-0.426,1.657,0.0,-1.842,1
142,2.0338770857650177,0.1728,0,5.8754,0.197,0,-0.426,1.657,0.0,-1.842,1
143,2.03244188108787,0.1728,0,5.8754,0.199,0,-0.426,1.657,0.0,-1.842,1
144,2.03244188108787,0.1728,0,5.8754,0.199,0,-0.426,1.657,0.0,-1.842,1
145,2.033181005223096,0.1733,0,5.8754,0.198,0,-0.426,1.658,0.0,-1.841,1
146,2.0317896052495197,0.1749,0,5.8755,0.199,0,-0.427,1.659,0.0,-1.84,1
147,2.0318378380175917,0.1777,0,5.8755,0.199,0,-0.427,1.661,0.0,-1.838,1
148,2.0297556503185303,0.1816,0,5.8757,0.202,0,-0.428,1.664,0.0,-1.836,1
149,2.0305617449366076,0.1869,0,5.8759,0.202,0,-0.427,1.668,0.0,-1.832,1
150,2.0255981832535297,0.1921,0,5.8761,0.209,0,-0.427,1.671,0.0,-1.829,1
151,2.0206644946650596,0.1974,0,5.8757,0.216,0,-0.426,1.675,0.0,-1.824,1
152,2.014257679642801,0.2027,0,5.8758,0.226,0,-0.426,1.679,0.0,-1.821,1
153,2.007159684728647,0.2072,0,5.8757,0.235,0,-0.426,1.682,0.0,-1.817,1
154,2.0079394911201884,0.2113,0,5.8757,0.235,0,-0.426,1.685,0.0,-1.815,1
155,3.1237855240076904,0.2157,0,5.876,0.244,0,0.958,1.688,0.0,-1.812,1
156,3.1210512651989553,0.2197,0,5.8757,0.251,0,0.96,1.691,0.0,-1.809,1
157,1.9950741840843913,0.2239,0,5.8756,0.257,0,-0.421,1.693,0.0,-1.806,1
158,1.9851763145876993,0.2282,0,5.8756,0.267,0,-0.424,1.696,0.0,-1.802,1
159,1.9859793553811176,0.2334,0,5.8759,0.267,0,-0.424,1.7,0.0,-1.799,1
160,1.9802949275297352,0.2382,0,5.8757,0.275,0,-0.423,1.703,0.0,-1.795,1
161,1.9760531369373648,0.2431,0,5.8757,0.282,0,-0.423,1.707,0.0,-1.792,1
162,1.9696489534939976,0.2481,0,5.8762,0.292,0,-0.423,1.711,0.0,-1.789,1
163,1.9654070825149688,0.2535,0,5.8763,0.299,0,-0.422,1.715,0.0,-1.785,1
164,1.9654925591311712,0.258,0,5.8762,0.299,0,-0.422,1.718,0.0,-1.782,1
165,1.9555093965511903,0.2625,0,5.8761,0.312,0,-0.422,1.721,0.0,-1.778,1
166,1.9534021603346299,0.2675,0,5.8761,0.316,0,-0.421,1.724,0.0,-1.775,1
167,1.9470256803647967,0.2724,0,5.8763,0.325,0,-0.421,1.728,0.0,-1.771,1
168,1.9464203040453518,0.2772,0,5.8766,0.326,0,-0.422,1.732,0.0,-1.768,1
169,1.9464840096954303,0.2811,0,5.8767,0.326,0,-0.422,1.734,0.0,-1.766,1
170,1.9357419766074195,0.284,0,5.8765,0.34,0,-0.422,1.736,0.0,-1.763,1
171,1.929285878246145,0.2865,0,5.8763,0.35,0,-0.421,1.738,0.0,-1.761,1
172,1.9285914549224779,0.2895,0,5.8763,0.352,0,-0.42,1.74,0.0,-1.759,1
173,1.9272303961903468,0.2933,0,5.8763,0.354,0,-0.421,1.743,0.0,-1.757,1
174,1.9266260664695678,0.2978,0,5.8763,0.354,0,-0.421,1.746,0.0,-1.753,1
175,1.9223844568660038,0.3027,0,5.8765,0.36,0,-0.421,1.749,0.0,-1.75,1
176,1.9166684637672735,0.3083,0,5.8768,0.37,0,-0.419,1.753,0.0,-1.746,1
177,1.909598910766342,0.3138,0,5.8764,0.379,0,-0.42,1.757,0.0,-1.742,1
178,1.9010586524355317,0.3191,0,5.8764,0.391,0,-0.42,1.761,0.0,-1.738,1
179,1.9018677661709293,0.324,0,5.8762,0.39,0,-0.42,1.764,0.0,-1.735,1
180,1.8947677957997915,0.3288,0,5.8761,0.399,0,-0.42,1.767,0.0,-1.731,1
181,1.890467931492095,0.3328,0,5.8762,0.407,0,-0.418,1.77,0.0,-1.728,1
182,1.8862261264228104,0.3365,0,5.8763,0.413,0,-0.419,1.773,0.0,-1.726,1
183,1.877638144052256,0.341,0,5.8762,0.426,0,-0.418,1.776,0.0,-1.723,1
184,1.8777148345795216,0.3452,0,5.8762,0.426,0,-0.418,1.779,0.0,-1.72,1
185,1.8749434658143695,0.3506,0,5.8764,0.43,0,-0.418,1.783,0.0,-1.716,1
186,1.8685662953184186,0.3558,0,5.8766,0.439,0,-0.418,1.787,0.0,-1.712,1
187,1.863603230304133,0.3616,0,5.8767,0.447,0,-0.417,1.791,0.0,-1.708,1
188,1.8586688785257046,0.3667,0,5.877,0.454,0,-0.418,1.795,0.0,-1.705,1
189,1.8580702354862695,0.3713,0,5.8767,0.454,0,-0.418,1.798,0.0,-1.701,1
190,1.8501567501160543,0.3758,0,5.8764,0.467,0,-0.416,1.801,0.0,-1.698,1
191,1.843752966099309,0.3802,0,5.8761,0.475,0,-0.416,1.803,0.0,-1.695,1
192,1.8409250392126237,0.3845,0,5.8761,0.48,0,-0.414,1.806,0.0,-1.691,1
193,1.834523371341995,0.3888,0,5.8759,0.489,0,-0.414,1.809,0.0,-1.688,1
194,1.8353247669009427,0.3936,0,5.8758,0.489,0,-0.414,1.813,0.0,-1.685,1
195,1.8311430856161952,0.3983,0,5.8771,0.494,0,-0.416,1.817,0.0,-1.682,1
196,1.8211570497900504,0.4041,0,5.876,0.507,0,-0.415,1.82,0.0,-1.677,1
197,1.8183874724601468,0.4102,0,5.8759,0.511,0,-0.415,1.824,0.0,-1.673,1
198,1.8119806842237585,0.4171,0,5.8764,0.523,0,-0.413,1.83,0.0,-1.668,1
199,1.8113809648994326,0.423,0,5.8766,0.524,0,-0.413,1.834,0.0,-1.664,1
200,1.804345033523245,0.4289,0,5.8766,0.532,0,-0.415,1.838,0.0,-1.66,1
201,1.795765296468333,0.4346,0,5.8763,0.545,0,-0.414,1.842,0.0,-1.656,1
202,1.7865016092911865,0.4395,0,5.8763,0.557,0,-0.414,1.845,0.0,-1.652,1
203,1.7822598014879876,0.4449,0,5.8765,0.564,0,-0.414,1.849,0.0,-1.649,1
204,1.7823809918196505,0.4506,0,5.8764,0.564,0,-0.414,1.853,0.0,-1.645,1
205,1.7760351910927892,0.4566,0,5.8763,0.572,0,-0.414,1.857,0.0,-1.64,1
206,1.7660138731051915,0.4622,0,5.8762,0.587,0,-0.413,1.861,0.0,-1.636,1
207,1.761801634691034,0.468,0,5.8763,0.593,0,-0.413,1.865,0.0,-1.632,1
208,1.7518187691653495,0.4753,0,5.8765,0.609,0,-0.412,1.871,0.0,-1.627,1
209,1.7519352156972017,0.4817,0,5.8767,0.609,0,-0.412,1.875,0.0,-1.623,1
210,1.7434520354744492,0.4879,0,5.8767,0.619,0,-0.413,1.879,0.0,-1.618,1
211,1.734907778528876,0.4943,0,5.8767,0.632,0,-0.413,1.884,0.0,-1.614,1
212,1.731387882595925,0.4997,0,5.8764,0.638,0,-0.412,1.888,0.0,-1.61,1
213,1.7308278366146068,0.5066,0,5.8761,0.638,0,-0.412,1.892,0.0,-1.605,1
214,1.7252457795919978,0.5135,0,5.8756,0.645,0,-0.412,1.897,0.0,-1.599,1
215,1.7174149178343598,0.5199,0,5.8759,0.656,0,-0.412,1.901,0.0,-1.595,1
216,1.7059079693817014,0.526,0,5.8759,0.675,0,-0.41,1.906,0.0,-1.591,1
217,1.699530817608201,0.5327,0,5.8761,0.685,0,-0.409,1.911,0.0,-1.586,1
218,1.6996555533401467,0.539,0,5.8763,0.685,0,-0.409,1.915,0.0,-1.582,1
219,1.6911076251971664,0.5444,0,5.8761,0.697,0,-0.409,1.919,0.0,-1.578,1
220,1.6847611106622802,0.5498,0,5.8759,0.704,0,-0.41,1.922,0.0,-1.574,1
221,1.6776006676202773,0.5551,0,5.876,0.716,0,-0.408,1.926,0.0,-1.57,1
222,1.6705029182853888,0.5608,0,5.8763,0.726,0,-0.408,1.93,0.0,-1.566,1
223,1.671345864864601,0.5668,0,5.8763,0.726,0,-0.408,1.935,0.0,-1.562,1
224,1.6671379666962178,0.5722,0,5.8761,0.731,0,-0.408,1.938,0.0,-1.558,1
225,1.6600689744706394,0.5782,0,5.8759,0.74,0,-0.408,1.942,0.0,-1.553,1
226,3.145218911300134,0.5838,0,5.8759,0.755,0,1.362,1.946,0.0,-1.549,1
227,3.1531427179878806,0.5898,0,5.8757,0.765,0,1.377,1.95,0.0,-1.545,1
228,3.1509435094904514,0.5957,0,5.8756,0.765,0,1.377,1.954,0.0,-1.541,1
229,1.635276734990136,0.6011,0,5.8755,0.775,0,-0.408,1.958,0.0,-1.537,1
230,1.6317588669898504,0.6072,0,5.8754,0.781,0,-0.406,1.962,0.0,-1.532,1
231,1.630138951132694,0.6124,0,5.8754,0.793,0,-0.397,1.966,0.0,-1.529,1
232,3.0998712876505055,0.6178,0,5.8751,0.801,0,1.346,1.97,0.0,-1.525,1
233,3.0973009217704375,0.6224,0,5.8748,0.801,0,1.346,1.973,0.0,-1.521,1
234,1.6188023350613256,0.6277,0,5.8746,0.812,0,-0.392,1.976,0.0,-1.517,1
235,1.6131227479643329,0.6325,0,5.8745,0.82,0,-0.392,1.979,0.0,-1.514,1
236,1.5949021913584545,0.6376,0,5.8744,0.831,0,-0.407,1.983,0.0,-1.51,1
237,1.5878327997619899,0.6417,0,5.8746,0.839,0,-0.409,1.986,0.0,-1.507,1
238,1.5879310438428995,0.6459,0,5.8747,0.839,0,-0.409,1.989,0.0,-1.504,1
239,1.5792900303617448,0.6496,0,5.8747,0.853,0,-0.408,1.992,0.0,-1.502,1
240,1.5751079328096853,0.6531,0,5.8746,0.856,0,-0.41,1.994,0.0,-1.499,1
241,1.5657413579515616,0.6546,0,5.8745,0.87,0,-0.409,1.995,0.0,-1.498,1
242,1.5650230030258343,0.6548,0,5.8743,0.871,0,-0.409,1.995,0.0,-1.498,1
243,1.5650230030258343,0.655,0,5.8742,0.871,0,-0.409,1.995,0.0,-1.498,1
244,1.5650230030258343,0.6549,0,5.8742,0.871,0,-0.409,1.995,0.0,-1.498,1
245,1.5664370399093608,0.6544,0,5.8742,0.87,0,-0.408,1.995,0.0,-1.498,1
246,1.5643273314750978,0.6546,0,5.8742,0.871,0,-0.41,1.995,0.0,-1.498,1
247,1.5614768650223416,0.6575,0,5.874,0.876,0,-0.409,1.997,0.0,-1.496,1
248,1.5615479499522262,0.6615,0,5.8741,0.876,0,-0.409,2.0,0.0,-1.493,1
249,1.564552332138494,0.6672,0,5.8741,0.872,0,-0.409,2.004,0.0,-1.489,1
250,1.5545320839403733,0.6729,0,5.874,0.886,0,-0.408,2.007,0.0,-1.485,1
251,1.5481837746210882,0.6789,0,5.8742,0.895,0,-0.409,2.012,0.0,-1.481,1
252,1.5424217970451533,0.6841,0,5.8743,0.907,0,-0.405,2.016,0.0,-1.477,1
253,1.5418067323760136,0.6888,0,5.8742,0.907,0,-0.405,2.019,0.0,-1.473,1
254,1.5276393553453644,0.6979,0,5.874,0.924,0,-0.408,2.025,0.0,-1.467,1
255,1.5234257448264423,0.7014,0,5.874,0.928,0,-0.409,2.027,0.0,-1.464,1
256,1.5192136123666085,0.7068,0,5.8739,0.934,0,-0.409,2.031,0.0,-1.46,1
257,1.5128069936379855,0.7145,0,5.8739,0.946,0,-0.407,2.037,0.0,-1.455,1
258,1.5073463437445294,0.724,0,5.8729,0.95,0,-0.409,2.043,0.0,-1.447,1
259,1.5061756205701908,0.7341,0,5.8727,0.951,0,-0.409,2.049,0.0,-1.44,1
260,1.4919118606673787,0.7439,0,5.873,0.972,0,-0.409,2.057,0.0,-1.433,1
261,1.477621399411906,0.7519,0,5.8733,0.991,0,-0.41,2.062,0.0,-1.428,1
262,1.458995887588447,0.7556,0,5.8736,1.015,0,-0.412,2.065,0.0,-1.425,1
263,1.4589958875884468,0.7554,0,5.8735,1.015,0,-0.413,2.065,0.0,-1.426,1
264,1.4596903781281838,0.7552,0,5.8734,1.015,0,-0.412,2.065,0.0,-1.426,1
265,1.4596903781281838,0.7552,0,5.8733,1.015,0,-0.412,2.065,0.0,-1.426,1
266,1.458995887588447,0.7549,0,5.8729,1.014,0,-0.412,2.064,0.0,-1.425,1
267,1.4575819016439524,0.7549,0,5.8727,1.015,0,-0.413,2.064,0.0,-1.425,1
268,1.4532298510559163,0.7548,0,5.8729,1.023,0,-0.412,2.064,0.0,-1.426,1
269,1.4575819016439524,0.7548,0,5.8731,1.015,0,-0.414,2.064,0.0,-1.426,1
270,1.4575819016439524,0.7548,0,5.8731,1.015,0,-0.414,2.064,0.0,-1.426,1
271,1.4575572029941055,0.7548,0,5.8732,1.016,0,-0.413,2.064,0.0,-1.426,1
272,1.4582523787054147,0.7548,0,5.8732,1.016,0,-0.412,2.064,0.0,-1.426,1
273,1.4539662994718963,0.7551,0,5.8731,1.022,0,-0.412,2.065,0.0,-1.425,1
274,1.4525322715864182,0.7553,0,5.8734,1.024,0,-0.413,2.065,0.0,-1.426,1
275,1.4525322715864182,0.7552,0,5.8735,1.024,0,-0.413,2.065,0.0,-1.426,1
276,1.4539463538934305,0.7552,0,5.8735,1.023,0,-0.412,2.065,0.0,-1.426,1
277,1.4596664002435624,0.7552,0,5.8735,1.016,0,-0.411,2.065,0.0,-1.426,1
278,1.4582763798402552,0.7549,0,5.8734,1.016,0,-0.413,2.065,0.0,-1.426,1
279,1.4582763798402552,0.7548,0,5.8734,1.016,0,-0.413,2.065,0.0,-1.426,1
280,1.4525322715864182,0.7549,0,5.8734,1.024,0,-0.413,2.065,0.0,-1.426,1
281,1.4575572029941055,0.755,0,5.8733,1.017,0,-0.413,2.065,0.0,-1.426,1
282,1.4460376896886196,0.7631,0,5.8726,1.045,0,-0.399,2.07,0.0,-1.419,1
283,1.2437913812211439,0.8798,0,5.8727,1.176,0,-0.565,2.152,0.0,-1.336,1
284,1.2214831149058099,0.8893,0,5.8733,1.224,0,-0.544,2.159,0.0,-1.33,1
285,1.2064033322235146,0.8992,0,5.873,1.263,0,-0.523,2.166,0.0,-1.323,1
286,1.1946221159847994,0.907,0,5.8731,1.292,0,-0.508,2.171,0.0,-1.317,1
287,1.1850421933416548,0.9156,0,5.873,1.312,0,-0.501,2.177,0.0,-1.311,1
288,1.185974704620634,0.9234,0,5.8731,1.313,0,-0.5,2.183,0.0,-1.306,1
289,1.1724184406601597,0.9315,0,5.8732,1.33,0,-0.501,2.188,0.0,-1.3,1
290,1.1587803933446579,0.9402,0,5.8729,1.35,0,-0.5,2.194,0.0,-1.294,1
291,1.1467436505165398,0.9479,0,5.8727,1.365,0,-0.502,2.2,0.0,-1.288,1
292,1.1324862030064649,0.9562,0,5.8731,1.384,0,-0.503,2.206,0.0,-1.282,1
293,1.13411154654205,0.964,0,5.8737,1.384,0,-0.502,2.212,0.0,-1.277,1
294,1.1243153472224776,0.9712,0,5.8741,1.394,0,-0.506,2.217,0.0,-1.272,1
295,1.1137414421668972,0.9797,0,5.8741,1.407,0,-0.508,2.223,0.0,-1.266,1
296,1.0991583143478467,0.9895,0,5.8741,1.42,0,-0.516,2.23,0.0,-1.259,1
297,1.0899440352605267,0.9982,0,5.8739,1.433,0,-0.516,2.236,0.0,-1.253,1
298,1.0896701335725412,1.0071,0,5.8737,1.433,0,-0.516,2.242,0.0,-1.246,1
299,1.0857670099980015,1.0153,0,5.8735,1.446,0,-0.507,2.247,0.0,-1.24,1
300,1.0751395258290897,1.0239,0,5.8736,1.461,0,-0.508,2.254,0.0,-1.234,1
301,1.0563754067565183,1.0324,0,5.8738,1.487,0,-0.508,2.26,0.0,-1.228,1
302,1.0478458856148647,1.0409,0,5.8741,1.5,0,-0.508,2.266,0.0,-1.223,1
303,1.0481722186740114,1.0498,0,5.8742,1.5,0,-0.507,2.272,0.0,-1.216,1
304,1.036386993357211,1.0589,0,5.8744,1.512,0,-0.513,2.279,0.0,-1.21,1
305,1.0279805445629797,1.0675,0,5.8747,1.523,0,-0.514,2.285,0.0,-1.204,1
306,1.0178899744078433,1.0762,0,5.8746,1.539,0,-0.512,2.291,0.0,-1.198,1
307,1.0020459071320038,1.0851,0,5.8743,1.561,0,-0.511,2.297,0.0,-1.191,1
308,1.0030897267941687,1.0942,0,5.8741,1.561,0,-0.51,2.303,0.0,-1.185,1
309,0.994752733095014,1.1029,0,5.874,1.571,0,-0.511,2.309,0.0,-1.178,1
310,0.9818334889379156,1.111,0,5.8742,1.589,0,-0.512,2.315,0.0,-1.173,1
311,0.9718791077083611,1.1196,0,5.8749,1.604,0,-0.512,2.322,0.0,-1.167,1
312,0.9656220792836087,1.1275,0,5.8752,1.612,0,-0.513,2.327,0.0,-1.162,1
313,0.9660693556882963,1.1355,0,5.8753,1.612,0,-0.513,2.333,0.0,-1.156,1
314,0.9532030213968061,1.1453,0,5.8751,1.63,0,-0.513,2.34,0.0,-1.149,1
315,0.94049455075508,1.1544,0,5.875,1.645,0,-0.515,2.346,0.0,-1.142,1
316,0.9260723513851385,1.1635,0,5.8748,1.665,0,-0.515,2.352,0.0,-1.136,1
317,0.9160458503808638,1.1728,0,5.8747,1.681,0,-0.513,2.359,0.0,-1.129,1
318,0.9157450518566838,1.1821,0,5.8748,1.682,0,-0.513,2.365,0.0,-1.123,1
319,0.9037034911960891,1.1903,0,5.8755,1.698,0,-0.515,2.372,0.0,-1.117,1
320,0.8929955207054513,1.1994,0,5.8765,1.714,0,-0.515,2.379,0.0,-1.111,1
321,0.8822165267098548,1.2077,0,5.8768,1.73,0,-0.515,2.385,0.0,-1.106,1
322,0.8715876318535045,1.2167,0,5.8764,1.744,0,-0.515,2.391,0.0,-1.099,1
323,0.871488382022388,1.2257,0,5.8759,1.743,0,-0.516,2.397,0.0,-1.092,1
324,0.8647126690409943,1.2355,0,5.8755,1.751,0,-0.517,2.403,0.0,-1.085,1
325,0.8520152580793375,1.2446,0,5.8756,1.767,0,-0.52,2.41,0.0,-1.079,1
326,0.840630715593952,1.254,0,5.8748,1.782,0,-0.519,2.416,0.0,-1.071,1
327,0.8427811103720825,1.2636,0,5.8746,1.781,0,-0.518,2.423,0.0,-1.064,1
328,0.828241510671857,1.2725,0,5.8746,1.801,0,-0.518,2.429,0.0,-1.058,1
329,0.8181601310257057,1.2813,0,5.875,1.816,0,-0.517,2.435,0.0,-1.052,1
330,0.8046073576596228,1.2902,0,5.8751,1.834,0,-0.519,2.442,0.0,-1.046,1
331,0.79227520471109,1.2996,0,5.8752,1.852,0,-0.517,2.448,0.0,-1.039,1
332,0.7936403467566401,1.3086,0,5.8753,1.852,0,-0.517,2.455,0.0,-1.033,1
333,0.7823611697930822,1.3194,0,5.8748,1.867,0,-0.517,2.462,0.0,-1.025,1
334,0.7737913155366891,1.3285,0,5.8751,1.88,0,-0.516,2.468,0.0,-1.019,1
335,0.7625122949828416,1.3386,0,5.8753,1.896,0,-0.516,2.476,0.0,-1.011,1
336,0.7509067851604486,1.3476,0,5.8754,1.913,0,-0.515,2.482,0.0,-1.005,1
337,0.751585657127649,1.3564,0,5.8755,1.913,0,-0.515,2.488,0.0,-0.999,1
338,0.7381395532011547,1.3665,0,5.8754,1.93,0,-0.517,2.495,0.0,-0.992,1
339,0.7261026098286659,1.3758,0,5.8756,1.946,0,-0.518,2.502,0.0,-0.985,1
340,0.7141904507902634,1.3876,0,5.8754,1.962,0,-0.519,2.51,0.0,-0.977,1
341,0.7048091940376485,1.3991,0,5.8757,1.984,0,-0.509,2.518,0.0,-0.969,1
342,0.7048091940376487,1.4113,0,5.8764,1.994,0,-0.5,2.528,0.0,-0.96,1
343,0.6948417085926838,1.4212,0,5.8771,2.016,0,-0.492,2.535,0.0,-0.954,1
344,0.6435969235476502,1.5072,0,5.8798,2.096,0,-0.491,2.597,0.0,-0.895,1
345,0.6447270740398607,1.5174,0,5.8799,2.097,0,-0.49,2.605,0.0,-0.887,1
346,0.6356917491992481,1.529,0,5.88,2.111,0,-0.489,2.613,0.0,-0.879,1
347,0.6237756006770385,1.5399,0,5.8799,2.13,0,-0.485,2.62,0.0,-0.871,1
348,0.6150186989027245,1.551,0,5.8798,2.146,0,-0.481,2.628,0.0,-0.863,1
349,0.6047048867009427,1.561,0,5.8797,2.163,0,-0.478,2.635,0.0,-0.856,1
350,0.605442813154141,1.5724,0,5.8794,2.163,0,-0.479,2.643,0.0,-0.848,1
351,0.5946511582432175,1.583,0,5.8796,2.179,0,-0.477,2.65,0.0,-0.84,1
352,0.5869310010554901,1.5939,0,5.8802,2.196,0,-0.471,2.658,0.0,-0.833,1
353,0.5785084269049156,1.6032,0,5.8802,2.209,0,-0.47,2.665,0.0,-0.826,1
354,0.570702199049557,1.6124,0,5.8804,2.222,0,-0.469,2.672,0.0,-0.82,1
355,0.5724028301816825,1.6206,0,5.8811,2.219,0,-0.473,2.678,0.0,-0.815,1
356,0.5598017506224862,1.6295,0,5.8814,2.237,0,-0.472,2.684,0.0,-0.809,1
357,0.5485143571502937,1.6388,0,5.8814,2.259,0,-0.464,2.691,0.0,-0.802,1
358,0.5350513994000952,1.6493,0,5.881,2.28,0,-0.46,2.698,0.0,-0.794,1
359,0.5227169406093513,1.6599,0,5.8802,2.298,0,-0.458,2.705,0.0,-0.786,1
360,0.5218524695735375,1.6698,0,5.8792,2.298,0,-0.459,2.711,0.0,-0.778,1
361,0.5132562712719642,1.6806,0,5.8786,2.312,0,-0.456,2.718,0.0,-0.77,1
362,0.4994436905197623,1.6907,0,5.8786,2.335,0,-0.451,2.725,0.0,-0.763,1
363,0.49288639664734096,1.6993,0,5.8779,2.347,0,-0.447,2.731,0.0,-0.756,1
364,0.481639906984461,1.7081,0,5.8772,2.36,0,-0.449,2.736,0.0,-0.75,1
365,0.48203734295176764,1.7173,0,5.8764,2.36,0,-0.449,2.742,0.0,-0.743,1
366,0.4701063709417264,1.7271,0,5.8766,2.379,0,-0.446,2.749,0.0,-0.736,1
367,0.4605616136848574,1.7368,0,5.8767,2.395,0,-0.443,2.756,0.0,-0.729,1
368,0.44589909172367687,1.7471,0,5.8767,2.412,0,-0.447,2.763,0.0,-0.722,1
369,0.44056895033581306,1.7394,0,5.8994,2.429,0,-0.469,2.774,0.0,-0.743,1
370,0.45011109739707605,1.7404,0,5.9079,2.427,0,-0.47,2.781,0.0,-0.748,1
371,0.43854304235730374,1.749,0,5.909,2.444,0,-0.471,2.788,0.0,-0.743,1
372,0.4228344829835901,1.766,0,5.9034,2.461,0,-0.469,2.796,0.0,-0.727,1
373,0.3992242477605788,1.7852,0,5.8938,2.48,0,-0.47,2.802,0.0,-0.706,1
374,0.3845516870330957,1.7998,0,5.8864,2.493,0,-0.469,2.807,0.0,-0.691,1
375,0.3822054421381254,1.8125,0,5.8804,2.492,0,-0.469,2.812,0.0,-0.678,1
376,0.36507533469134823,1.824,0,5.8752,2.508,0,-0.47,2.816,0.0,-0.666,1
377,0.34950965651895805,1.833,0,5.8743,2.528,0,-0.47,2.822,0.0,-0.659,1
378,0.33731291110777234,1.8415,0,5.8734,2.543,0,-0.47,2.827,0.0,-0.652,1
379,0.3242298567374698,1.85,0,5.873,2.562,0,-0.468,2.833,0.0,-0.646,1
380,0.3269067145226601,1.859,0,5.8739,2.562,0,-0.468,2.84,0.0,-0.64,1
381,0.31609650425147073,1.8676,0,5.8747,2.578,0,-0.468,2.847,0.0,-0.634,1
382,0.3056174078811612,1.8774,0,5.8754,2.593,0,-0.469,2.854,0.0,-0.628,1
383,0.2910755915565576,1.886,0,5.8751,2.613,0,-0.467,2.86,0.0,-0.621,1
384,0.27973737683763317,1.8956,0,5.8757,2.629,0,-0.468,2.867,0.0,-0.615,1
385,0.2821790211904493,1.9051,0,5.8755,2.629,0,-0.468,2.874,0.0,-0.608,1
386,0.26791789787171716,1.9138,0,5.8761,2.648,0,-0.468,2.88,0.0,-0.602,1
387,0.25799224794555375,1.9226,0,5.8764,2.662,0,-0.468,2.886,0.0,-0.596,1
388,0.2484552273549503,1.9323,0,5.8771,2.677,0,-0.469,2.894,0.0,-0.59,1
389,0.2351701511671919,1.9407,0,5.8769,2.696,0,-0.467,2.9,0.0,-0.584,1
390,0.2370653918225939,1.9498,0,5.8767,2.696,0,-0.467,2.906,0.0,-0.577,1
391,0.22635370551417947,1.9574,0,5.878,2.712,0,-0.467,2.912,0.0,-0.573,1
392,0.21185136298829904,1.96,0,5.8793,2.731,0,-0.467,2.915,0.0,-0.572,1
393,0.2029211669589943,1.9652,0,5.8801,2.743,0,-0.468,2.919,0.0,-0.569,1
394,0.2048828933805846,1.9731,0,5.8796,2.743,0,-0.467,2.924,0.0,-0.563,1
395,0.20349447166937962,1.984,0,5.8813,2.75,0,-0.467,2.933,0.0,-0.556,1
396,0.19697715603592225,1.9972,0,5.8816,2.763,0,-0.467,2.943,0.0,-0.547,1
397,0.18402445489662492,2.0126,0,5.8798,2.781,0,-0.467,2.952,0.0,-0.535,1
398,0.1723513852569804,2.0289,0,5.8785,2.8,0,-0.466,2.963,0.0,-0.522,1
399,0.17616185739256965,2.0372,0,5.8782,2.8,0,-0.463,2.968,0.0,-0.516,1
400,0.15147607071745658,2.0447,0,5.8769,2.829,0,-0.463,2.973,0.0,-0.51,1
401,0.1386001443000692,2.0516,0,5.8761,2.844,0,-0.465,2.977,0.0,-0.504,1
402,0.12461942063739481,2.0561,0,5.8763,2.861,0,-0.464,2.98,0.0,-0.501,1
403,0.11609048195265641,2.0626,0,5.8781,2.875,0,-0.464,2.986,0.0,-0.498,1
404,0.11981652640600136,2.0687,0,5.8786,2.875,0,-0.464,2.991,0.0,-0.494,1
405,0.11640017182117923,2.0793,0,5.878,2.883,0,-0.468,2.998,0.0,-0.486,1
406,0.10480935072788125,2.0823,0,5.8772,2.895,0,-0.47,2.999,0.0,-0.483,1
407,0.0907964757025292,2.0869,0,5.8797,2.914,0,-0.47,3.004,0.0,-0.482,1
408,0.09200543462209183,2.0972,0,5.8824,2.921,0,-0.475,3.013,0.0,-0.476,1
409,0.10547511554864492,2.1157,0,5.8831,2.922,0,-0.474,3.027,0.0,-0.464,1
410,0.11708543888972722,2.1396,0,5.8891,2.933,0,-0.473,3.048,0.0,-0.451,1
411,0.10220078277586751,2.1485,0,5.8848,2.953,0,-0.47,3.051,0.0,-0.441,1
412,0.08160882305241252,2.1594,0,5.8842,2.98,0,-0.457,3.058,0.0,-0.433,1
413,0.06964194138592075,2.1665,0,5.8814,3.002,0,-0.463,3.061,0.0,-0.426,1
414,0.07294518489934788,2.1695,0,5.8802,3.002,0,-0.463,3.063,0.0,-0.423,1
415,0.062241465278381876,2.1729,0,5.8777,3.02,0,-0.464,3.063,0.0,-0.419,1
416,0.05883026432033102,2.179,0,5.8768,3.036,0,-0.464,3.067,0.0,-0.414,1
417,0.057271284253105466,2.1864,0,5.8785,3.049,0,-0.462,3.073,0.0,-0.41,1
418,0.05961543424315557,2.1968,0,5.8772,3.057,0,-0.457,3.08,0.0,-0.402,1
419,0.07291776189653663,2.2098,0,5.8758,3.057,0,-0.457,3.088,0.0,-0.391,1
420,0.07962411694957765,2.2252,0,5.8765,3.065,0,-0.453,3.099,0.0,-0.381,1
421,0.0868331733843696,2.2365,0,5.8741,3.083,0,-0.455,3.105,0.0,-0.371,1
422,0.09004998611882184,2.2439,0,5.8702,3.105,0,-0.453,3.108,0.0,-0.363,1
423,0.09633794683301075,2.2495,0,5.872,3.129,0,-0.455,3.113,0.0,-0.36,1
424,0.09741663102366045,2.2564,0,5.8749,3.129,0,-0.455,3.12,0.0,-0.358,1
425,0.10511898020814321,2.2599,0,5.877,3.145,0,-0.46,3.124,0.0,-0.357,1
426,0.11472575996697518,2.2669,0,5.8759,3.157,0,-0.462,3.128,0.0,-0.351,1
427,0.11985407794480755,2.2733,0,5.8765,3.17,0,-0.461,3.133,0.0,-0.347,1
428,0.13219682295728594,2.288,0,5.8739,3.181,0,-0.46,3.141,0.0,-0.334,1
429,0.13710215169719256,2.301,0,5.8756,3.181,0,-0.46,3.152,0.0,-0.326,1
430,0.1461642911247478,2.3095,0,5.8767,3.2,0,-0.461,3.158,0.0,-0.321,1
431,0.15559562975867922,2.3191,0,5.875,3.215,0,-0.46,3.164,0.0,-0.313,1
432,0.16154875425084517,2.3239,0,5.8764,3.235,0,-0.458,3.168,0.0,-0.311,1
433,0.17356554957709777,2.3322,0,5.8748,3.247,0,-0.461,3.173,0.0,-0.304,1
434,0.17700282483621554,2.3397,0,5.8747,3.247,0,-0.461,3.178,0.0,-0.298,1
435,0.18474306482247188,2.3487,0,5.8766,3.265,0,-0.46,3.186,0.0,-0.293,1
436,0.19366207682455544,2.356,0,5.877,3.28,0,-0.46,3.191,0.0,-0.288,1
437,0.2005716829465216,2.3629,0,5.8765,3.294,0,-0.458,3.196,0.0,-0.283,1
438,0.2061698329048166,2.3687,0,5.8759,3.308,0,-0.453,3.199,0.0,-0.278,1
439,0.21165301793265315,2.3826,0,5.8731,3.308,0,-0.452,3.207,0.0,-0.266,1
440,0.2205538483001374,2.3896,0,5.8719,3.323,0,-0.451,3.211,0.0,-0.261,1
441,0.23224555969921135,2.3985,0,5.8715,3.34,0,-0.451,3.217,0.0,-0.254,1
442,0.24212806528777275,2.4037,0,5.8711,3.355,0,-0.451,3.22,0.0,-0.25,1
443,0.2543737407831241,2.4109,0,5.8689,3.369,0,-0.452,3.224,0.0,-0.243,1
444,0.2574024086911388,2.4212,0,5.8677,3.37,0,-0.451,3.23,0.0,-0.235,1
445,0.22949074055394916,2.4242,0,5.9031,3.379,0,-0.453,3.258,0.0,-0.258,1
446,0.23610379073619306,2.4227,0,5.9029,3.392,0,-0.452,3.256,0.0,-0.259,1
447,0.2502258979402412,2.4306,0,5.8994,3.412,0,-0.449,3.259,0.0,-0.251,1
448,0.26960897611170154,2.4488,0,5.8909,3.426,0,-0.449,3.266,0.0,-0.232,1
449,0.2815137652051851,2.4649,0,5.8821,3.426,0,-0.449,3.271,0.0,-0.214,1
450,0.2973213749463702,2.4778,0,5.8762,3.44,0,-0.449,3.276,0.0,-0.201,1
451,0.31205448242254114,2.4862,0,5.8705,3.455,0,-0.448,3.278,0.0,-0.191,1
452,0.32982571155081297,2.5013,0,5.8675,3.474,0,-0.449,3.286,0.0,-0.178,1
453,0.34432833168358384,2.5116,0,5.8653,3.491,0,-0.45,3.292,0.0,-0.169,1
454,0.348083323358072,2.5246,0,5.8631,3.491,0,-0.449,3.3,0.0,-0.158,1
455,0.35862236405444664,2.5329,0,5.8644,3.507,0,-0.45,3.306,0.0,-0.153,1
456,0.364484567574541,2.5398,0,5.8653,3.519,0,-0.449,3.312,0.0,-0.149,1
457,0.376651032123901,2.5469,0,5.8655,3.538,0,-0.449,3.317,0.0,-0.144,1
458,0.3860116578550446,2.55,0,5.8657,3.553,0,-0.449,3.319,0.0,-0.142,1
459,0.3843149749879647,2.562,0,5.8683,3.553,0,-0.448,3.33,0.0,-0.135,1
460,0.3952518184651399,2.5727,0,5.8698,3.57,0,-0.449,3.338,0.0,-0.129,1
461,0.40326790102858434,2.583,0,5.8724,3.583,0,-0.45,3.347,0.0,-0.123,1
462,0.4138139678647882,2.586,0,5.8718,3.6,0,-0.45,3.349,0.0,-0.121,1
463,0.42265470540383193,2.5911,0,5.8691,3.61,0,-0.449,3.351,0.0,-0.115,1
464,0.42241212103821063,2.595,0,5.8701,3.61,0,-0.449,3.354,0.0,-0.113,1
465,0.4330935233872702,2.6042,0,5.8687,3.626,0,-0.447,3.359,0.0,-0.106,1
466,0.44556705443737626,2.6158,0,5.8712,3.646,0,-0.448,3.369,0.0,-0.099,1
467,0.4410045351240732,2.6416,0,5.8887,3.663,0,-0.447,3.4,0.0,-0.093,1
468,0.45197013175651335,2.637,0,5.8862,3.676,0,-0.448,3.395,0.0,-0.094,1
469,0.453124706896457,2.6298,0,5.8828,3.677,0,-0.446,3.388,0.0,-0.097,1
470,0.46379736954838374,2.6271,0,5.8777,3.684,0,-0.448,3.382,0.0,-0.096,1
471,0.4619004221691078,2.6257,0,5.875,3.685,0,-0.441,3.379,0.0,-0.095,1
472,0.47064423931458016,2.624,0,5.87,3.683,0,-0.447,3.374,0.0,-0.092,1
473,0.46813673216273033,2.6241,0,5.8675,3.677,0,-0.447,3.373,0.0,-0.091,1
474,0.4725304223010409,2.6167,0,5.8634,3.677,0,-0.447,3.364,0.0,-0.093,1
475,0.4739725730461625,2.6043,0,5.8648,3.682,0,-0.448,3.357,0.0,-0.103,1
476,0.4631813899543028,2.5872,0,5.8663,3.67,0,-0.447,3.346,0.0,-0.116,1
477,0.4497754995550556,2.571,0,5.8647,3.646,0,-0.449,3.333,0.0,-0.126,1
478,0.4379052408912232,2.5532,0,5.8509,3.611,0,-0.448,3.311,0.0,-0.129,1
479,0.43067505151796315,2.5449,0,5.8594,3.611,0,-0.45,3.311,0.0,-0.141,1
480,0.4103193877944352,2.5335,0,5.8588,3.584,0,-0.448,3.303,0.0,-0.149,1
481,0.3908989639280205,2.5247,0,5.8645,3.562,0,-0.45,3.301,0.0,-0.159,1
482,0.3752892218009997,2.5098,0,5.865,3.542,0,-0.449,3.291,0.0,-0.17,1
483,0.36183559802761256,2.4999,0,5.8688,3.528,0,-0.449,3.286,0.0,-0.18,1
484,0.3613876035505368,2.4868,0,5.868,3.528,0,-0.449,3.277,0.0,-0.189,1
485,0.343840079106552,2.4744,0,5.8699,3.504,0,-0.45,3.269,0.0,-0.199,1
486,0.3269892964609087,2.4608,0,5.8715,3.482,0,-0.451,3.261,0.0,-0.21,1
487,0.313536281792076,2.4486,0,5.8704,3.463,0,-0.449,3.251,0.0,-0.218,1
488,0.2975533565597942,2.435,0,5.8698,3.438,0,-0.45,3.241,0.0,-0.227,1
489,0.2949660997470729,2.4243,0,5.871,3.438,0,-0.449,3.235,0.0,-0.235,1
490,0.27809530740377486,2.4107,0,5.8723,3.415,0,-0.45,3.226,0.0,-0.246,1
491,0.26107853224652544,2.4023,0,5.8754,3.392,0,-0.453,3.223,0.0,-0.254,1
492,0.24613004692641646,2.3953,0,5.8758,3.372,0,-0.451,3.218,0.0,-0.259,1
493,0.23613555429032687,2.3829,0,5.8746,3.356,0,-0.451,3.208,0.0,-0.267,1
494,0.23338380406532067,2.3626,0,5.8747,3.356,0,-0.45,3.194,0.0,-0.282,1
495,0.21779348015953098,2.344,0,5.8755,3.335,0,-0.451,3.182,0.0,-0.296,1
496,0.2008979840615629,2.3311,0,5.8761,3.311,0,-0.451,3.173,0.0,-0.305,1
497,0.18309560344257308,2.3205,0,5.8761,3.284,0,-0.453,3.166,0.0,-0.313,1
498,0.16992056967889452,2.3095,0,5.8761,3.265,0,-0.453,3.158,0.0,-0.321,1
499,0.16635203635663745,2.3013,0,5.8769,3.265,0,-0.45,3.153,0.0,-0.327,1
500,0.15297058540778374,2.2872,0,5.8752,3.244,0,-0.45,3.142,0.0,-0.336,1
501,0.1362350909274113,2.2721,0,5.8752,3.219,0,-0.451,3.131,0.0,-0.347,1
502,0.12306502346320826,2.2608,0,5.8741,3.199,0,-0.45,3.122,0.0,-0.354,1
503,0.11043550153822825,2.2505,0,5.8726,3.178,0,-0.45,3.114,0.0,-0.36,1
504,0.11194641575325215,2.2389,0,5.8707,3.178,0,-0.451,3.104,0.0,-0.367,1
505,0.09741663102366041,2.2322,0,5.8712,3.157,0,-0.451,3.1,0.0,-0.372,1
506,0.08276472678623413,2.2288,0,5.8726,3.134,0,-0.451,3.099,0.0,-0.376,1
507,0.06830812543175238,2.2216,0,5.8733,3.115,0,-0.446,3.094,0.0,-0.381,1
508,0.05643580423808986,2.2111,0,5.8749,3.095,0,-0.446,3.088,0.0,-0.39,1
509,0.049335585534176066,2.1985,0,5.876,3.095,0,-0.447,3.08,0.0,-0.4,0
510,0.03360059523282292,2.1711,0,5.8726,3.078,0,-0.444,3.058,0.0,-0.417,0
511,0.01720465053408514,2.1507,0,5.8733,3.054,0,-0.446,3.044,0.0,-0.432,0
512,0.01562049935181318,2.136,0,5.8722,3.023,0,-0.453,3.033,0.0,-0.441,0
513,0.02927456233660881,2.1272,0,5.8737,2.999,0,-0.453,3.028,0.0,-0.449,0
514,0.02402082429892865,2.1209,0,5.8733,2.999,0,-0.454,3.023,0.0,-0.453,0
515,0.0460977222864647,2.118,0,5.8753,2.977,0,-0.453,3.023,0.0,-0.456,0
516,0.061660360037871925,2.1177,0,5.8799,2.965,0,-0.451,3.026,0.0,-0.46,1
517,0.06670832032063162,2.1119,0,5.8802,2.957,0,-0.449,3.022,0.0,-0.464,1
518,0.0667083203206316,2.0962,0,5.882,2.951,0,-0.45,3.012,0.0,-0.477,1
519,0.07858753081755401,2.0653,0,5.8782,2.968,0,-0.42,2.988,0.0,-0.496,1
520,0.07571657678474392,2.0506,0,5.8799,2.937,0,-0.445,2.979,0.0,-0.508,1
521,0.08154140052758481,2.0405,0,5.8773,2.902,0,-0.468,2.97,0.0,-0.513,1
522,0.13978912690191608,2.014,0,5.8803,2.832,0,-0.464,2.953,0.0,-0.534,1
523,0.15570806016388491,2.0052,0,5.8794,2.81,0,-0.466,2.947,0.0,-0.54,1
524,0.15393829932801,1.9931,0,5.8803,2.81,0,-0.465,2.939,0.0,-0.549,1
525,0.16123585209251678,1.9791,0,5.8806,2.798,0,-0.465,2.929,0.0,-0.559,1
526,0.16914490828872125,1.9626,0,5.8797,2.786,0,-0.463,2.917,0.0,-0.57,1
527,0.18101104938649454,1.954,0,5.8761,2.762,0,-0.467,2.908,0.0,-0.574,1
528,0.21758906222510369,1.9239,0,5.8978,2.739,0,-0.467,2.903,0.0,-0.61,1
529,0.22931637534201507,1.9006,0,5.9099,2.74,0,-0.467,2.895,0.0,-0.636,1
530,0.24537522287305225,1.8889,0,5.9108,2.715,0,-0.469,2.887,0.0,-0.644,1
531,0.2574218327958995,1.8807,0,5.9079,2.694,0,-0.469,2.879,0.0,-0.648,1
532,0.2635905916378656,1.8771,0,5.899,2.673,0,-0.471,2.871,0.0,-0.645,1
533,0.2649094184811101,1.8727,0,5.8878,2.656,0,-0.471,2.86,0.0,-0.64,1
534,0.2551234995056314,1.8651,0,5.8793,2.656,0,-0.471,2.848,0.0,-0.639,1
535,0.27887093789063044,1.8351,0,5.8697,2.607,0,-0.474,2.82,0.0,-0.654,1
536,0.3092345388212642,1.8033,0,5.8718,2.564,0,-0.477,2.799,0.0,-0.678,1
537,0.34007352146263925,1.7702,0,5.8731,2.522,0,-0.478,2.777,0.0,-0.703,1
538,0.35436986327846776,1.7581,0,5.8748,2.503,0,-0.479,2.77,0.0,-0.712,1
539,0.36857563674231103,1.7453,0,5.8767,2.484,0,-0.481,2.762,0.0,-0.723,1
540,0.3862602749442401,1.732,0,5.8775,2.462,0,-0.479,2.753,0.0,-0.733,1
541,0.40273316227993955,1.7207,0,5.8788,2.441,0,-0.479,2.746,0.0,-0.742,1
542,0.40212435887421694,1.7078,0,5.879,2.44,0,-0.481,2.738,0.0,-0.751,1
543,0.41647328845917597,1.696,0,5.88,2.419,0,-0.483,2.73,0.0,-0.76,1
544,0.4307597938526761,1.6844,0,5.8802,2.399,0,-0.484,2.722,0.0,-0.769,1
545,0.4502410465517331,1.6731,0,5.88,2.373,0,-0.483,2.714,0.0,-0.777,1
546,0.4623872835621672,1.6622,0,5.8791,2.355,0,-0.483,2.706,0.0,-0.784,1
547,0.45943552322387954,1.6488,0,5.8781,2.355,0,-0.484,2.695,0.0,-0.793,1
548,0.47228910637447485,1.6372,0,5.8777,2.336,0,-0.485,2.687,0.0,-0.801,1
549,0.4905802686615107,1.6266,0,5.8775,2.316,0,-0.478,2.679,0.0,-0.808,1
550,0.5157373362478228,1.6138,0,5.8779,2.295,0,-0.464,2.671,0.0,-0.817,1
551,0.5314329684917936,1.6027,0,5.8778,2.273,0,-0.464,2.663,0.0,-0.825,1
552,0.5346026561849462,1.5917,0,5.8778,2.273,0,-0.459,2.655,0.0,-0.833,1
553,0.5508910963157782,1.5821,0,5.8781,2.254,0,-0.456,2.649,0.0,-0.84,1
554,0.5616582590864305,1.5721,0,5.8782,2.234,0,-0.461,2.642,0.0,-0.847,1
555,0.5608110198631977,1.5653,0,5.8783,2.234,0,-0.462,2.637,0.0,-0.852,1
556,0.5876495554324873,1.559,0,5.878,2.196,0,-0.462,2.632,0.0,-0.856,1
557,0.5886951672979824,1.5531,0,5.8769,2.196,0,-0.459,2.627,0.0,-0.86,1
558,0.5958691131448245,1.5469,0,5.8755,2.184,0,-0.459,2.622,0.0,-0.863,1
559,0.6028797558385915,1.5399,0,5.8761,2.176,0,-0.459,2.618,0.0,-0.869,1
560,0.6093808333054133,1.5331,0,5.876,2.164,0,-0.461,2.613,0.0,-0.873,1
561,0.6198919260645359,1.5219,0,5.878,2.151,0,-0.462,2.606,0.0,-0.883,1
562,0.6246671113481164,1.5153,0,5.8835,2.151,0,-0.463,2.606,0.0,-0.891,1
563,0.6361171275795049,1.5084,0,5.8832,2.135,0,-0.463,2.601,0.0,-0.896,1
564,0.6432923130272893,1.5018,0,5.8802,2.121,0,-0.463,2.594,0.0,-0.899,1
565,0.734577429547083,1.4146,0,5.8761,1.99,0,-0.46,2.53,0.0,-0.958,1
566,0.7431742729669804,1.4091,0,5.8758,1.978,0,-0.46,2.526,0.0,-0.962,1
567,0.7456339584541465,1.4023,0,5.8766,1.978,0,-0.456,2.521,0.0,-0.967,1
568,0.7527921359844295,1.3963,0,5.8767,1.967,0,-0.457,2.517,0.0,-0.971,1
569,0.7649320231236237,1.3903,0,5.8767,1.952,0,-0.456,2.513,0.0,-0.976,1
570,0.7707561222591746,1.3837,0,5.8776,1.941,0,-0.46,2.509,0.0,-0.981,1
571,0.7785576407691339,1.3768,0,5.8784,1.931,0,-0.46,2.505,0.0,-0.986,1
572,0.7775995113167189,1.3695,0,5.8788,1.931,0,-0.462,2.5,0.0,-0.992,1
573,0.7889569063009717,1.3618,0,5.8787,1.916,0,-0.46,2.494,0.0,-0.997,1
574,0.7939294679000143,1.3543,0,5.8782,1.907,0,-0.462,2.489,0.0,-1.002,1
575,0.7989574456753,1.347,0,5.8777,1.896,0,-0.465,2.483,0.0,-1.007,1
576,0.7987070802240333,1.3398,0,5.8773,1.896,0,-0.465,2.478,0.0,-1.012,1
577,0.8050900570743624,1.3338,0,5.8773,1.887,0,-0.465,2.474,0.0,-1.016,1
578,0.8158608950060052,1.327,0,5.8772,1.871,0,-0.466,2.469,0.0,-1.021,1
579,0.8229270927609565,1.3201,0,5.8774,1.861,0,-0.466,2.464,0.0,-1.026,1
580,0.8227375037033379,1.3136,0,5.8772,1.861,0,-0.467,2.46,0.0,-1.031,1
581,0.8218637356642523,1.3073,0,5.8772,1.861,0,-0.467,2.455,0.0,-1.035,1
582,0.8362320252178816,1.3005,0,5.8765,1.84,0,-0.467,2.45,0.0,-1.039,1
583,0.8425704718301015,1.2936,0,5.8764,1.831,0,-0.467,2.445,0.0,-1.044,1
584,0.8532877591996733,1.2868,0,5.8761,1.816,0,-0.467,2.44,0.0,-1.049,1
585,0.8626036169643624,1.2788,0,5.8757,1.801,0,-0.468,2.434,0.0,-1.054,1
586,0.8623601335868906,1.272,0,5.8756,1.801,0,-0.468,2.429,0.0,-1.059,1
587,0.8680144008021988,1.2642,0,5.8751,1.791,0,-0.469,2.423,0.0,-1.064,1
588,0.8750822818455418,1.2566,0,5.8747,1.781,0,-0.469,2.418,0.0,-1.069,1
589,0.8814646901606438,1.2492,0,5.875,1.771,0,-0.471,2.413,0.0,-1.075,1
590,0.8907665238433694,1.2424,0,5.8747,1.757,0,-0.472,2.408,0.0,-1.08,1
591,0.8905531988601243,1.2352,0,5.875,1.757,0,-0.472,2.403,0.0,-1.085,1
592,0.9026682668621958,1.2282,0,5.875,1.741,0,-0.471,2.398,0.0,-1.09,1
593,0.9104641673344426,1.2206,0,5.875,1.73,0,-0.471,2.393,0.0,-1.095,1
594,0.9139770237812327,1.2133,0,5.875,1.723,0,-0.473,2.388,0.0,-1.1,1
595,0.9217315227331655,1.2061,0,5.8751,1.713,0,-0.473,2.383,0.0,-1.106,1
596,0.9208094265373264,1.1973,0,5.8746,1.713,0,-0.473,2.376,0.0,-1.112,1
597,0.926521451451611,1.189,0,5.8745,1.701,0,-0.476,2.37,0.0,-1.117,1
598,0.9408357986386362,1.1807,0,5.8748,1.681,0,-0.478,2.365,0.0,-1.124,1
599,0.9422101676377729,1.173,0,5.8739,1.674,0,-0.48,2.358,0.0,-1.128,1
600,0.9557850176687223,1.1647,0,5.8731,1.655,0,-0.48,2.352,0.0,-1.134,1
601,0.9562761107546291,1.1567,0,5.8738,1.655,0,-0.48,2.347,0.0,-1.14,1
602,0.964793242099052,1.1493,0,5.8742,1.643,0,-0.481,2.342,0.0,-1.146,1
603,0.9711730020959193,1.1422,0,5.8742,1.633,0,-0.482,2.337,0.0,-1.151,1
604,0.9825991044164449,1.1341,0,5.8739,1.616,0,-0.482,2.331,0.0,-1.156,1
605,0.9860354963184643,1.1265,0,5.8734,1.61,0,-0.482,2.325,0.0,-1.161,1
606,0.9851583629041576,1.1185,0,5.8727,1.61,0,-0.482,2.319,0.0,-1.166,1
607,0.9987241861495095,1.1101,0,5.872,1.59,0,-0.483,2.313,0.0,-1.172,1
608,1.0022100578222113,1.1023,0,5.8715,1.583,0,-0.484,2.307,0.0,-1.177,1
609,1.0122079825806554,1.0941,0,5.8708,1.567,0,-0.485,2.301,0.0,-1.182,1
610,1.0185175501678896,1.0862,0,5.8711,1.559,0,-0.485,2.296,0.0,-1.188,1
611,1.0176802051725287,1.079,0,5.8719,1.559,0,-0.487,2.291,0.0,-1.194,1
612,1.0319326528412598,1.0718,0,5.8732,1.541,0,-0.487,2.287,0.0,-1.2,1
613,1.042491246965652,1.0607,0,5.8741,1.528,0,-0.487,2.28,0.0,-1.209,1
614,1.0467053071423686,1.0525,0,5.8748,1.521,0,-0.489,2.275,0.0,-1.215,1
615,1.0523354978332717,1.0439,0,5.8736,1.511,0,-0.489,2.268,0.0,-1.22,1
616,1.0637603113483787,1.0352,0,5.872,1.491,0,-0.49,2.26,0.0,-1.225,1
617,1.073689899365734,1.0276,0,5.8722,1.478,0,-0.49,2.255,0.0,-1.231,1
618,1.073570677691972,1.0203,0,5.8729,1.478,0,-0.491,2.251,0.0,-1.236,1
619,1.081388459342895,1.0129,0,5.8733,1.466,0,-0.493,2.246,0.0,-1.242,1
620,1.0870441573367664,1.0056,0,5.8731,1.456,0,-0.494,2.24,0.0,-1.247,1
621,1.0978314989104658,0.9981,0,5.8726,1.438,0,-0.497,2.235,0.0,-1.252,1
622,1.1041743521745104,0.9914,0,5.8729,1.429,0,-0.497,2.23,0.0,-1.257,1
623,1.1047044853715404,0.9836,0,5.8734,1.429,0,-0.497,2.225,0.0,-1.263,1
624,1.1081773323796154,0.9763,0,5.8736,1.424,0,-0.497,2.22,0.0,-1.268,1
625,1.1174041345905248,0.9682,0,5.875,1.411,0,-0.499,2.215,0.0,-1.275,1
626,1.1259413839094823,0.96,0,5.8753,1.398,0,-0.501,2.21,0.0,-1.281,1
627,1.1337323317256152,0.9523,0,5.8743,1.386,0,-0.501,2.204,0.0,-1.286,1
628,1.1321753397773686,0.9439,0,5.8732,1.386,0,-0.501,2.197,0.0,-1.291,1
629,1.1406791836445511,0.936,0,5.8724,1.373,0,-0.501,2.191,0.0,-1.296,1
630,1.1506715430564884,0.9284,0,5.8722,1.357,0,-0.503,2.186,0.0,-1.301,1
631,1.1584351514003708,0.9215,0,5.8723,1.347,0,-0.502,2.181,0.0,-1.306,1
632,1.1669190203266036,0.9142,0,5.8725,1.336,0,-0.502,2.176,0.0,-1.312,1
633,1.1647184209069588,0.9072,0,5.8733,1.336,0,-0.505,2.171,0.0,-1.317,1
634,1.1746373908572807,0.8997,0,5.8737,1.323,0,-0.505,2.166,0.0,-1.323,1
635,1.1860476381663596,0.8919,0,5.8746,1.307,0,-0.507,2.162,0.0,-1.329,1
636,1.1894746739632582,0.8833,0,5.8742,1.302,0,-0.506,2.155,0.0,-1.335,1
637,1.2030149625004671,0.8757,0,5.874,1.283,0,-0.506,2.15,0.0,-1.34,1
638,1.2028802932960538,0.8676,0,5.8739,1.283,0,-0.506,2.144,0.0,-1.346,1
639,1.2078054479095544,0.8603,0,5.8742,1.276,0,-0.506,2.139,0.0,-1.351,1
640,1.2199315554571082,0.8536,0,5.8746,1.258,0,-0.508,2.135,0.0,-1.356,1
641,1.2234124406756701,0.8461,0,5.8744,1.252,0,-0.509,2.129,0.0,-1.362,1
642,1.2348157757333684,0.8393,0,5.8736,1.235,0,-0.509,2.124,0.0,-1.366,1
643,1.2339906806779375,0.8322,0,5.8729,1.235,0,-0.508,2.118,0.0,-1.37,1
644,1.2389317979614534,0.8257,0,5.8725,1.228,0,-0.509,2.114,0.0,-1.375,1
645,1.2503447524582971,0.819,0,5.8722,1.21,0,-0.51,2.109,0.0,-1.379,1
646,1.2516756768428474,0.8119,0,5.8717,1.207,0,-0.51,2.103,0.0,-1.384,1
647,1.25160776603535,0.8042,0,5.8713,1.207,0,-0.51,2.098,0.0,-1.389,1
648,1.2593907257082688,0.797,0,5.8712,1.196,0,-0.51,2.093,0.0,-1.394,1
649,1.273622000438121,0.7896,0,5.8703,1.174,0,-0.511,2.087,0.0,-1.399,1
650,1.2771295940506584,0.7824,0,5.87,1.167,0,-0.512,2.081,0.0,-1.404,1
651,1.2856321402329671,0.7758,0,5.8695,1.155,0,-0.511,2.076,0.0,-1.408,1
652,1.2855582444992526,0.7686,0,5.8696,1.155,0,-0.511,2.071,0.0,-1.413,1
653,1.2947683190439903,0.7622,0,5.8693,1.143,0,-0.511,2.067,0.0,-1.418,1
654,1.306165762834105,0.7557,0,5.8693,1.125,0,-0.512,2.062,0.0,-1.422,1
655,1.3089388832180056,0.749,0,5.8698,1.122,0,-0.512,2.058,0.0,-1.427,1
656,1.3196097908093891,0.7416,0,5.8696,1.106,0,-0.514,2.053,0.0,-1.433,1
657,1.3195097574478183,0.7336,0,5.8706,1.107,0,-0.514,2.048,0.0,-1.439,1
658,1.3301221748395895,0.7265,0,5.8703,1.093,0,-0.512,2.042,0.0,-1.444,1
659,1.3357668209683904,0.719,0,5.8697,1.085,0,-0.512,2.037,0.0,-1.449,1
660,1.3435773144854746,0.7121,0,5.8698,1.072,0,-0.514,2.032,0.0,-1.454,1
661,1.3470697828991638,0.7046,0,5.87,1.068,0,-0.513,2.027,0.0,-1.459,1
662,1.3456288492745685,0.6984,0,5.8693,1.068,0,-0.514,2.022,0.0,-1.463,1
663,1.352014792818481,0.6922,0,5.8689,1.055,0,-0.517,2.017,0.0,-1.467,1
664,1.3662188697276874,0.6865,0,5.8684,1.036,0,-0.516,2.013,0.0,-1.471,1
665,1.3690317746495149,0.6805,0,5.8685,1.031,0,-0.517,2.009,0.0,-1.475,1
666,1.3825458401080233,0.6741,0,5.8691,1.013,0,-0.517,2.005,0.0,-1.48,1
667,1.3831594268196274,0.6673,0,5.8694,1.013,0,-0.516,2.0,0.0,-1.485,1
668,1.3894865958331517,0.6608,0,5.8695,1.008,0,-0.513,1.996,0.0,-1.49,1
669,1.4015569913492638,0.6544,0,5.8692,0.99,0,-0.513,1.991,0.0,-1.494,1
670,1.405085406656834,0.6473,0,5.8692,0.983,0,-0.515,1.986,0.0,-1.499,1
671,1.4142991197055876,0.6406,0,5.8686,0.97,0,-0.515,1.981,0.0,-1.504,1
672,1.4149420482832502,0.6343,0,5.8684,0.97,0,-0.513,1.976,0.0,-1.508,1
673,1.4234567081579967,0.6284,0,5.8682,0.957,0,-0.514,1.972,0.0,-1.512,1
674,1.4276627753079507,0.6214,0,5.8683,0.953,0,-0.512,1.967,0.0,-1.517,1
675,1.4361424024100118,0.6149,0,5.8685,0.944,0,-0.51,1.963,0.0,-1.522,1
676,1.4460473712849107,0.6088,0,5.8686,0.932,0,-0.508,1.959,0.0,-1.526,1
677,1.4446207114672,0.603,0,5.8692,0.935,0,-0.508,1.955,0.0,-1.531,1
678,1.4566427152874515,0.5971,0,5.8694,0.919,0,-0.507,1.951,0.0,-1.535,1
679,1.4594711370904188,0.5905,0,5.8701,0.917,0,-0.507,1.947,0.0,-1.541,1
680,1.4679564026223666,0.5833,0,5.8699,0.906,0,-0.506,1.942,0.0,-1.546,1
681,1.4778538493369362,0.5767,0,5.8688,0.892,0,-0.503,1.936,0.0,-1.549,1
682,1.4750796588659203,0.5704,0,5.8687,0.898,0,-0.502,1.932,0.0,-1.554,1
683,1.4877553562330061,0.5643,0,5.8692,0.878,0,-0.505,1.928,0.0,-1.559,1
684,1.4948344389931616,0.5584,0,5.87,0.863,0,-0.51,1.924,0.0,-1.563,1
685,1.5047557941406973,0.553,0,5.8703,0.85,0,-0.51,1.921,0.0,-1.567,1
686,1.5132508053855447,0.5481,0,5.8706,0.839,0,-0.509,1.917,0.0,-1.571,1
687,1.5146253662209674,0.5424,0,5.8705,0.84,0,-0.506,1.913,0.0,-1.575,1
688,1.5252426036535958,0.5369,0,5.8703,0.826,0,-0.505,1.909,0.0,-1.579,1
689,1.5337278115754438,0.5311,0,5.8703,0.816,0,-0.503,1.905,0.0,-1.583,1
690,1.5429231996441042,0.525,0,5.8702,0.805,0,-0.501,1.901,0.0,-1.587,1
691,1.556400012850167,0.5188,0,5.8702,0.787,0,-0.501,1.897,0.0,-1.592,1
692,1.552829675141482,0.5124,0,5.8652,0.785,0,-0.501,1.889,0.0,-1.593,1
693,1.5577641028088944,0.5065,0,5.8646,0.779,0,-0.499,1.884,0.0,-1.597,1
694,1.5712141801804107,0.5013,0,5.8677,0.765,0,-0.497,1.882,0.0,-1.602,1
695,1.583959595444278,0.4972,0,5.8696,0.753,0,-0.495,1.881,0.0,-1.607,1
696,1.5910663091147397,0.4944,0,5.8712,0.744,0,-0.496,1.88,0.0,-1.61,1
697,3.0794033513003782,0.4934,0,5.8717,0.746,0,1.252,1.88,0.0,-1.611,1
698,1.5995261798420182,0.4927,0,5.8719,0.739,0,-0.489,1.879,0.0,-1.611,1
699,1.606621921921894,0.4914,0,5.8723,0.732,0,-0.488,1.879,0.0,-1.613,1
700,1.6023663750840504,0.4883,0,5.8729,0.734,0,-0.492,1.877,0.0,-1.615,1
701,1.6086805152049304,0.4818,0,5.8727,0.73,0,-0.487,1.872,0.0,-1.62,1
702,1.7262053759619684,0.4029,0,5.8685,0.577,0,-0.469,1.814,0.0,-1.673,1
703,1.7276819730494384,0.4002,0,5.8682,0.571,0,-0.473,1.812,0.0,-1.675,1
704,1.7348512904569082,0.3942,0,5.868,0.558,0,-0.476,1.808,0.0,-1.679,1
705,1.7369588365876723,0.3886,0,5.867,0.552,0,-0.477,1.803,0.0,-1.682,1
706,1.743236358042133,0.382,0,5.8656,0.545,0,-0.473,1.797,0.0,-1.686,1
707,1.7593777309037422,0.3764,0,5.8647,0.536,0,-0.458,1.793,0.0,-1.689,1
708,1.765748849638589,0.371,0,5.865,0.527,0,-0.458,1.789,0.0,-1.693,1
709,1.7685058665438462,0.3659,0,5.8655,0.528,0,-0.454,1.786,0.0,-1.697,1
710,1.763605965061357,0.3609,0,5.8661,0.524,0,-0.466,1.783,0.0,-1.701,1
711,1.7777120126724688,0.356,0,5.8667,0.514,0,-0.457,1.78,0.0,-1.705,1
712,1.7840809959191875,0.3516,0,5.8672,0.506,0,-0.457,1.777,0.0,-1.709,1
713,1.793317038339847,0.3472,0,5.8676,0.493,0,-0.457,1.774,0.0,-1.712,1
714,1.7947044324902082,0.3433,0,5.8682,0.492,0,-0.457,1.772,0.0,-1.715,1
715,1.8025162967363155,0.3408,0,5.8686,0.482,0,-0.456,1.77,0.0,-1.717,1
716,1.8082414108741123,0.3384,0,5.8684,0.473,0,-0.458,1.769,0.0,-1.719,1
717,1.8139385325859307,0.3361,0,5.8683,0.465,0,-0.457,1.767,0.0,-1.72,1
718,1.8167886503388333,0.3339,0,5.8683,0.46,0,-0.458,1.765,0.0,-1.722,1
719,1.8202708589657748,0.3313,0,5.8683,0.459,0,-0.455,1.764,0.0,-1.724,1
720,1.8230447059795323,0.3281,0,5.8681,0.457,0,-0.452,1.761,0.0,-1.726,1
721,1.827970732807284,0.325,0,5.8681,0.453,0,-0.449,1.759,0.0,-1.728,1
722,1.830814299703823,0.3218,0,5.868,0.448,0,-0.45,1.757,0.0,-1.73,1
723,1.8357717723072224,0.3189,0,5.8682,0.442,0,-0.45,1.755,0.0,-1.733,1
724,1.8350414164263433,0.3166,0,5.8681,0.442,0,-0.45,1.753,0.0,-1.734,1
725,1.841412501315227,0.3147,0,5.8682,0.436,0,-0.448,1.752,0.0,-1.736,1
726,1.842826633191522,0.3124,0,5.8683,0.433,0,-0.448,1.75,0.0,-1.737,1
727,1.8435414288808376,0.3096,0,5.8683,0.43,0,-0.45,1.748,0.0,-1.739,1
728,1.8492141574193077,0.306,0,5.8684,0.423,0,-0.45,1.746,0.0,-1.742,1
729,1.850612060913902,0.3026,0,5.8685,0.421,0,-0.45,1.744,0.0,-1.744,1
730,1.8590968237292,0.2997,0,5.8685,0.413,0,-0.447,1.742,0.0,-1.747,1
731,1.864024141474568,0.2967,0,5.8686,0.409,0,-0.444,1.74,0.0,-1.749,1
732,1.8661835386692276,0.2941,0,5.8683,0.402,0,-0.446,1.737,0.0,-1.75,1
733,1.8704611730800507,0.2918,0,5.8682,0.396,0,-0.447,1.736,0.0,-1.752,1
734,1.8697449023864192,0.2896,0,5.8681,0.395,0,-0.448,1.734,0.0,-1.753,1
735,1.8732541205079465,0.2872,0,5.8683,0.393,0,-0.446,1.733,0.0,-1.755,1
736,1.8803087512427314,0.2845,0,5.8683,0.387,0,-0.442,1.731,0.0,-1.757,1
737,1.8880280718252045,0.2814,0,5.8682,0.383,0,-0.434,1.728,0.0,-1.759,1
738,1.8944215475970494,0.2786,0,5.868,0.374,0,-0.434,1.726,0.0,-1.761,1
739,1.8922816915036724,0.2758,0,5.8679,0.375,0,-0.436,1.724,0.0,-1.763,1
740,1.893021130362786,0.2727,0,5.8678,0.37,0,-0.44,1.722,0.0,-1.765,1
741,1.8958968853816918,0.2697,0,5.8679,0.363,0,-0.443,1.72,0.0,-1.767,1
742,1.900157098768415,0.2663,0,5.8678,0.357,0,-0.444,1.718,0.0,-1.77,1
743,1.901553312426449,0.263,0,5.8675,0.354,0,-0.444,1.715,0.0,-1.772,1
744,1.9015207072235631,0.2597,0,5.8675,0.354,0,-0.444,1.713,0.0,-1.774,1
745,1.907192963493731,0.2565,0,5.8677,0.347,0,-0.444,1.711,0.0,-1.777,1
746,1.9107365072139069,0.2533,0,5.868,0.342,0,-0.444,1.709,0.0,-1.779,1
747,1.914263565969953,0.2501,0,5.868,0.337,0,-0.444,1.706,0.0,-1.782,1
748,1.9142332668721438,0.2466,0,5.8679,0.337,0,-0.444,1.704,0.0,-1.784,1
749,1.9177757950292311,0.2429,0,5.8679,0.331,0,-0.445,1.701,0.0,-1.787,1
750,1.9227649362311556,0.2397,0,5.8681,0.323,0,-0.446,1.699,0.0,-1.789,1
751,1.927024909024271,0.2363,0,5.8679,0.317,0,-0.446,1.697,0.0,-1.791,1
752,1.9305341229825492,0.2327,0,5.8676,0.313,0,-0.445,1.694,0.0,-1.794,1
753,1.9305030432506445,0.2296,0,5.8676,0.313,0,-0.445,1.692,0.0,-1.796,1
754,1.9333463217954512,0.2264,0,5.8677,0.308,0,-0.446,1.69,0.0,-1.798,1
755,1.9369060379894532,0.2228,0,5.8678,0.301,0,-0.448,1.687,0.0,-1.801,1
756,1.9382881622710282,0.2198,0,5.8678,0.3,0,-0.447,1.685,0.0,-1.803,1
757,1.9488376022644884,0.2161,0,5.8679,0.294,0,-0.438,1.682,0.0,-1.806,1
758,1.9488191296269646,0.2125,0,5.8679,0.294,0,-0.438,1.68,0.0,-1.808,1
759,1.9544845867900826,0.2094,0,5.868,0.287,0,-0.438,1.678,0.0,-1.811,1
760,1.958046220087769,0.2083,0,5.8678,0.281,0,-0.438,1.677,0.0,-1.811,1
761,1.9595155013421046,0.2081,0,5.8678,0.276,0,-0.441,1.677,0.0,-1.811,1
762,1.9581177186267429,0.208,0,5.8678,0.276,0,-0.443,1.677,0.0,-1.811,1
763,1.9581177186267429,0.208,0,5.8678,0.276,0,-0.443,1.677,0.0,-1.811,1
764,1.9595155013421046,0.208,0,5.8678,0.276,0,-0.441,1.677,0.0,-1.811,1
765,1.9595318318414734,0.208,0,5.8678,0.275,0,-0.442,1.677,0.0,-1.811,1
766,1.9602305986796553,0.208,0,5.8678,0.275,0,-0.441,1.677,0.0,-1.811,1
767,1.9602305986796553,0.208,0,5.8678,0.275,0,-0.441,1.677,0.0,-1.811,1
768,1.9602305986796553,0.208,0,5.8678,0.275,0,-0.441,1.677,0.0,-1.811,1
769,1.9595318318414734,0.208,0,5.8678,0.275,0,-0.442,1.677,0.0,-1.811,1
770,1.9595318318414734,0.208,0,5.8678,0.275,0,-0.442,1.677,0.0,-1.811,1
771,1.960214784149941,0.208,0,5.8678,0.276,0,-0.44,1.677,0.0,-1.811,1
772,1.9602305986796553,0.208,0,5.8678,0.275,0,-0.441,1.677,0.0,-1.811,1
773,1.9602305986796553,0.208,0,5.8678,0.275,0,-0.441,1.677,0.0,-1.811,1
774,1.9595318318414734,0.208,0,5.8678,0.275,0,-0.442,1.677,0.0,-1.811,1
775,1.9602305986796553,0.208,0,5.8678,0.275,0,-0.441,1.677,0.0,-1.811,1
776,1.9595155013421046,0.208,0,5.8678,0.276,0,-0.441,1.677,0.0,-1.811,1
777,1.9588164794079101,0.2079,0,5.8678,0.276,0,-0.442,1.677,0.0,-1.811,1
778,1.9588164794079101,0.2079,0,5.8678,0.276,0,-0.442,1.677,0.0,-1.811,1
779,1.9609296264782172,0.2079,0,5.8678,0.275,0,-0.44,1.677,0.0,-1.811,1
780,1.9609459452009381,0.2095,0,5.8677,0.275,0,-0.44,1.678,0.0,-1.81,1
781,1.9602841630743233,0.2138,0,5.8677,0.276,0,-0.44,1.681,0.0,-1.807,1
782,1.9617609436422165,0.2206,0,5.8678,0.277,0,-0.437,1.686,0.0,-1.802,1
783,1.961885827462954,0.2282,0,5.8676,0.277,0,-0.437,1.691,0.0,-1.797,1
784,1.9505742744125383,0.2364,0,5.8678,0.291,0,-0.439,1.697,0.0,-1.791,1
785,1.9448398391641404,0.2428,0,5.8681,0.302,0,-0.436,1.701,0.0,-1.787,1
786,1.9334580419548804,0.2481,0,5.8682,0.317,0,-0.437,1.705,0.0,-1.783,1
787,1.9248776584500116,0.2516,0,5.8681,0.33,0,-0.436,1.707,0.0,-1.781,1
788,1.9249322065984558,0.2549,0,5.8683,0.33,0,-0.436,1.71,0.0,-1.778,1
789,1.9186216406576884,0.2585,0,5.8682,0.334,0,-0.441,1.712,0.0,-1.776,1
790,1.9164681056568618,0.2624,0,5.8682,0.34,0,-0.438,1.715,0.0,-1.773,1
791,1.912247368935306,0.2669,0,5.8682,0.345,0,-0.439,1.718,0.0,-1.77,1
792,1.902985286333029,0.2687,0,5.868,0.356,0,-0.44,1.719,0.0,-1.768,1
793,1.902985286333029,0.2689,0,5.8679,0.356,0,-0.44,1.719,0.0,-1.768,1
794,1.9008061447712128,0.2688,0,5.8679,0.361,0,-0.438,1.719,0.0,-1.768,1
795,1.9001392054268025,0.2687,0,5.8679,0.359,0,-0.441,1.719,0.0,-1.768,1
796,1.9008550707510556,0.2687,0,5.8679,0.358,0,-0.441,1.719,0.0,-1.768,1
797,1.8980094836433248,0.2687,0,5.8679,0.361,0,-0.442,1.719,0.0,-1.768,1
798,1.900157098768415,0.2687,0,5.8679,0.358,0,-0.442,1.719,0.0,-1.768,1
799,1.8987082450971766,0.2687,0,5.8679,0.361,0,-0.441,1.719,0.0,-1.768,1
800,1.8987082450971766,0.2687,0,5.8679,0.361,0,-0.441,1.719,0.0,-1.768,1
801,1.901553312426449,0.2687,0,5.8679,0.358,0,-0.44,1.719,0.0,-1.768,1
802,1.8980094836433248,0.2687,0,5.8679,0.361,0,-0.442,1.719,0.0,-1.768,1
803,1.8980094836433248,0.2687,0,5.8679,0.361,0,-0.442,1.719,0.0,-1.768,1
804,1.901553312426449,0.2687,0,5.8678,0.358,0,-0.44,1.719,0.0,-1.768,1
805,1.901553312426449,0.2687,0,5.8679,0.358,0,-0.44,1.719,0.0,-1.768,1
806,1.89942359677877,0.2687,0,5.8679,0.36,0,-0.441,1.719,0.0,-1.768,1
807,1.8987082450971766,0.2686,0,5.8678,0.361,0,-0.441,1.719,0.0,-1.768,1
808,1.9008550707510556,0.2686,0,5.8678,0.358,0,-0.441,1.719,0.0,-1.768,1
809,1.9001392054268025,0.2686,0,5.8677,0.359,0,-0.441,1.719,0.0,-1.768,1
810,1.9001392054268025,0.2686,0,5.8677,0.359,0,-0.441,1.719,0.0,-1.768,1
811,1.9008734834280794,0.2685,0,5.8676,0.357,0,-0.442,1.719,0.0,-1.768,1
812,1.9008734834280794,0.2685,0,5.8676,0.357,0,-0.442,1.719,0.0,-1.768,1
813,1.900157098768415,0.2685,0,5.8675,0.358,0,-0.442,1.719,0.0,-1.768,1
814,1.9008550707510556,0.2685,0,5.8674,0.358,0,-0.441,1.719,0.0,-1.768,1
815,1.9001392054268025,0.2684,0,5.8674,0.359,0,-0.441,1.719,0.0,-1.768,1
816,1.9008550707510556,0.2684,0,5.8673,0.358,0,-0.441,1.719,0.0,-1.768,1
817,1.900122364480772,0.2684,0,5.8673,0.36,0,-0.44,1.719,0.0,-1.768,1
818,1.89942359677877,0.2683,0,5.8672,0.36,0,-0.441,1.719,0.0,-1.768,1
819,1.89942359677877,0.2683,0,5.8672,0.36,0,-0.441,1.719,0.0,-1.768,1
820,1.897993150672573,0.2683,0,5.8671,0.361,0,-0.441,1.718,0.0,-1.768,1
821,1.8980094836433248,0.2683,0,5.8671,0.36,0,-0.442,1.718,0.0,-1.768,1
822,1.897993150672573,0.2682,0,5.867,0.361,0,-0.441,1.718,0.0,-1.768,1
823,1.8987250985858906,0.2682,0,5.867,0.359,0,-0.442,1.718,0.0,-1.768,1
824,1.89942359677877,0.2682,0,5.8669,0.359,0,-0.441,1.718,0.0,-1.768,1
825,1.8987082450971766,0.2682,0,5.8669,0.36,0,-0.441,1.718,0.0,-1.768,1
826,1.9001392054268023,0.2681,0,5.8668,0.358,0,-0.441,1.718,0.0,-1.768,1
827,1.897993150672573,0.2681,0,5.8668,0.361,0,-0.441,1.718,0.0,-1.768,1
828,1.8980094836433248,0.2681,0,5.8667,0.36,0,-0.442,1.718,0.0,-1.768,1
829,1.8987082450971766,0.2681,0,5.8667,0.36,0,-0.441,1.718,0.0,-1.768,1
830,1.9008550707510554,0.2681,0,5.8666,0.357,0,-0.441,1.718,0.0,-1.768,1
831,1.8994409703910253,0.268,0,5.8666,0.358,0,-0.442,1.718,0.0,-1.768,1
832,1.8994409703910253,0.268,0,5.8666,0.358,0,-0.442,1.718,0.0,-1.768,1
833,1.8987250985858906,0.268,0,5.8665,0.359,0,-0.442,1.718,0.0,-1.768,1
834,1.8987250985858906,0.268,0,5.8665,0.359,0,-0.442,1.718,0.0,-1.768,1
835,1.8980094836433248,0.268,0,5.8664,0.36,0,-0.442,1.718,0.0,-1.768,1
836,1.8987250985858906,0.2679,0,5.8664,0.359,0,-0.442,1.718,0.0,-1.768,1
837,1.9001392054268023,0.2679,0,5.8663,0.358,0,-0.441,1.718,0.0,-1.768,1
838,1.9022691712793962,0.2679,0,5.8663,0.356,0,-0.44,1.718,0.0,-1.768,1
839,1.9015711924616445,0.2679,0,5.8663,0.356,0,-0.441,1.718,0.0,-1.768,1
840,1.9001392054268023,0.2679,0,5.8662,0.358,0,-0.441,1.718,0.0,-1.768,1
841,1.8986924448156421,0.2679,0,5.8662,0.361,0,-0.44,1.718,0.0,-1.768,1
842,1.8987082450971766,0.2678,0,5.8662,0.36,0,-0.441,1.718,0.0,-1.768,1
843,1.89942359677877,0.2678,0,5.8661,0.358,0,-0.441,1.717,0.0,-1.768,1
844,1.8987250985858906,0.2678,0,5.8661,0.358,0,-0.442,1.717,0.0,-1.768,1
845,1.8980094836433248,0.2678,0,5.866,0.359,0,-0.442,1.717,0.0,-1.768,1
846,1.900122364480772,0.2678,0,5.866,0.358,0,-0.44,1.717,0.0,-1.768,1
847,1.8972783137958438,0.2678,0,5.866,0.361,0,-0.441,1.717,0.0,-1.768,1
848,1.8994409703910256,0.2677,0,5.8659,0.357,0,-0.442,1.717,0.0,-1.768,1
849,1.9008377100636447,0.2677,0,5.8659,0.357,0,-0.44,1.717,0.0,-1.768,1
850,1.900122364480772,0.2677,0,5.8659,0.358,0,-0.44,1.717,0.0,-1.768,1
851,1.8973109919040685,0.2677,0,5.8658,0.359,0,-0.442,1.717,0.0,-1.767,1
852,1.895849413851216,0.2677,0,5.8658,0.363,0,-0.44,1.717,0.0,-1.767,1
853,1.8965953706576426,0.2677,0,5.8658,0.36,0,-0.442,1.717,0.0,-1.767,1
854,1.8972941258539753,0.2677,0,5.8657,0.36,0,-0.441,1.717,0.0,-1.767,1
855,1.8987250985858903,0.2676,0,5.8657,0.358,0,-0.441,1.717,0.0,-1.767,1
856,1.8980094836433246,0.2676,0,5.8657,0.359,0,-0.441,1.717,0.0,-1.767,1
857,1.89942359677877,0.2676,0,5.8657,0.358,0,-0.44,1.717,0.0,-1.767,1
858,1.898743005253739,0.2676,0,5.8656,0.357,0,-0.442,1.717,0.0,-1.767,1
859,1.8994409703910253,0.2676,0,5.8656,0.357,0,-0.441,1.717,0.0,-1.767,1
860,1.8987250985858903,0.2676,0,5.8656,0.358,0,-0.441,1.717,0.0,-1.767,1
861,1.8965790255088237,0.2676,0,5.8656,0.361,0,-0.441,1.717,0.0,-1.767,1
862,1.8972941258539753,0.2676,0,5.8655,0.36,0,-0.441,1.717,0.0,-1.767,1
863,1.8965953706576426,0.2675,0,5.8655,0.36,0,-0.442,1.717,0.0,-1.767,1
864,1.8972941258539753,0.2675,0,5.8655,0.36,0,-0.441,1.717,0.0,-1.767,1
865,1.4942573406210862,-0.4458,0,5.8691,0.148,0,-1.236,1.219,0.0,-2.278,1
866,1.4893844366045994,-0.4458,0,5.8691,0.148,0,-1.243,1.219,0.0,-2.278,1
867,1.4956914788819253,-0.4458,0,5.8691,0.146,0,-1.236,1.219,0.0,-2.278,1
868,1.491517683435232,-0.4458,0,5.8691,0.146,0,-1.242,1.219,0.0,-2.278,1
869,1.491517683435232,-0.4458,0,5.8691,0.146,0,-1.242,1.219,0.0,-2.278,1
870,1.491517683435232,-0.4458,0,5.8691,0.146,0,-1.242,1.219,0.0,-2.278,1
871,1.4963883185857874,-0.4458,0,5.8691,0.146,0,-1.235,1.219,0.0,-2.278,1
872,1.4901036876674052,-0.4458,0,5.8691,0.147,0,-1.243,1.219,0.0,-2.278,1
873,1.4908232624962625,-0.4458,0,5.8691,0.146,0,-1.243,1.219,0.0,-2.278,1
874,1.4908232624962625,-0.4458,0,5.8691,0.146,0,-1.243,1.219,0.0,-2.278,1
875,1.4949742472698317,-0.4458,0,5.8691,0.147,0,-1.236,1.219,0.0,-2.278,1
876,1.4907984437877577,-0.4458,0,5.8691,0.147,0,-1.242,1.219,0.0,-2.278,1
877,1.4900795280789547,-0.4458,0,5.8691,0.148,0,-1.242,1.219,0.0,-2.278,1
878,1.4901036876674052,-0.4458,0,5.8691,0.147,0,-1.243,1.219,0.0,-2.278,1
879,1.4908232624962625,-0.4458,0,5.8691,0.146,0,-1.243,1.219,0.0,-2.278,1
880,1.4907984437877577,-0.4458,0,5.8691,0.147,0,-1.242,1.219,0.0,-2.278,1
881,1.4907984437877577,-0.4458,0,5.8691,0.147,0,-1.242,1.219,0.0,-2.278,1
882,1.4908232624962625,-0.4458,0,5.8691,0.146,0,-1.243,1.219,0.0,-2.278,1
883,1.4922372465529736,-0.4458,0,5.8691,0.145,0,-1.242,1.219,0.0,-2.278,1
884,1.491517683435232,-0.4458,0,5.8691,0.146,0,-1.242,1.219,0.0,-2.278,1
885,1.4949742472698317,-0.4458,0,5.8691,0.147,0,-1.236,1.219,0.0,-2.278,1
886,1.4901036876674052,-0.4458,0,5.8691,0.147,0,-1.243,1.219,0.0,-2.278,1
887,1.4963883185857874,-0.4458,0,5.8691,0.146,0,-1.235,1.219,0.0,-2.278,1
888,1.4893844366045994,-0.4458,0,5.8691,0.148,0,-1.243,1.219,0.0,-2.278,1
889,1.4908232624962625,-0.4458,0,5.8691,0.146,0,-1.243,1.219,0.0,-2.278,1
890,1.4908232624962625,-0.4458,0,5.8691,0.146,0,-1.243,1.219,0.0,-2.278,1
891,1.4963883185857874,-0.4458,0,5.8691,0.146,0,-1.235,1.219,0.0,-2.278,1
892,1.4956714211350033,-0.4458,0,5.8691,0.147,0,-1.235,1.219,0.0,-2.278,1
893,1.4908232624962625,-0.4458,0,5.8691,0.146,0,-1.243,1.219,0.0,-2.278,1
894,1.4901291890302666,-0.4451,0,5.8691,0.146,0,-1.243,1.219,0.0,-2.277,1
895,1.4894092788753532,-0.4435,0,5.8691,0.148,0,-1.242,1.22,0.0,-2.276,1
896,1.4950404676797215,-0.4401,0,5.8693,0.148,0,-1.235,1.223,0.0,-2.274,1
897,1.4881727050312406,-0.4346,0,5.8694,0.15,0,-1.243,1.227,0.0,-2.27,1
898,1.4832413829178313,-0.4277,0,5.8694,0.158,0,-1.242,1.232,0.0,-2.265,1
899,1.4776213994119063,-0.4204,0,5.8695,0.166,0,-1.242,1.237,0.0,-2.26,1
900,1.4697931827301418,-0.4125,0,5.87,0.179,0,-1.241,1.243,0.0,-2.255,1
901,1.474105152287312,-0.4054,0,5.8701,0.179,0,-1.235,1.248,0.0,-2.25,1
902,1.4669655756015545,-0.3995,0,5.8699,0.19,0,-1.233,1.252,0.0,-2.245,1
903,1.4542076880555954,-0.393,0,5.8698,0.204,0,-1.237,1.256,0.0,-2.241,1
904,1.44569222174016,-0.3867,0,5.8697,0.216,0,-1.237,1.261,0.0,-2.236,1
905,1.4372091010009644,-0.3805,0,5.8698,0.226,0,-1.239,1.265,0.0,-2.232,1
906,1.4359728409687975,-0.3742,0,5.8699,0.226,0,-1.24,1.269,0.0,-2.227,1
907,1.4295918998091726,-0.3678,0,5.8699,0.236,0,-1.24,1.274,0.0,-2.223,1
908,1.4204224723651762,-0.361,0,5.8699,0.247,0,-1.242,1.279,0.0,-2.218,1
909,1.4118640161148666,-0.3549,0,5.8699,0.259,0,-1.242,1.283,0.0,-2.214,1
910,1.4039362521140337,-0.349,0,5.8698,0.273,0,-1.238,1.287,0.0,-2.209,1
911,1.410314149400764,-0.3421,0,5.8696,0.273,0,-1.229,1.292,0.0,-2.204,1
912,1.4032768793078578,-0.3358,0,5.8699,0.281,0,-1.231,1.296,0.0,-2.2,1
913,1.3918735574756782,-0.3347,0,5.8703,0.293,0,-1.236,1.297,0.0,-2.2,1
914,1.3882971583922512,-0.3328,0,5.8708,0.299,0,-1.236,1.299,0.0,-2.199,1
915,1.3897672466999644,-0.3281,0,5.8713,0.3,0,-1.234,1.303,0.0,-2.196,1
916,1.9941115816322816,-0.32,0,5.8715,0.3,0,-0.47,1.309,0.0,-2.19,1
917,2.0468219267928514,-0.3084,0,5.8717,0.303,0,-0.404,1.317,0.0,-2.182,1
918,2.0647682678693027,-0.2904,0,5.8697,0.32,0,-0.366,1.328,0.0,-2.168,1
919,2.0490295263856004,-0.273,0,5.8689,0.341,0,-0.366,1.34,0.0,-2.155,1
920,2.0643841696738523,-0.2591,0,5.8697,0.341,0,-0.344,1.35,0.0,-2.145,1
921,2.062745742935857,-0.2461,0,5.8701,0.378,0,-0.322,1.36,0.0,-2.136,1
922,2.074069670960935,-0.2341,0,5.871,0.408,0,-0.29,1.369,0.0,-2.128,1
923,2.0618292848827227,-0.2246,0,5.8714,0.43,0,-0.29,1.376,0.0,-2.122,1
924,2.078648839991979,-0.2127,0,5.8711,0.454,0,-0.254,1.384,0.0,-2.113,1
925,2.0974317628948027,-0.1995,0,5.8701,0.454,0,-0.227,1.392,0.0,-2.103,1
926,2.079098362271492,-0.1877,0,5.869,0.473,0,-0.233,1.4,0.0,-2.094,1
927,2.0634669854397965,-0.1745,0,5.8692,0.495,0,-0.235,1.409,0.0,-2.085,1
928,2.050159018222733,-0.1652,0,5.8703,0.52,0,-0.235,1.416,0.0,-2.079,1
929,2.055165443461912,-0.1631,0,5.8716,0.547,0,-0.217,1.419,0.0,-2.078,1
930,2.0221535550002128,-0.1627,0,5.872,0.546,0,-0.254,1.419,0.0,-2.078,1
931,2.007060038962462,-0.1643,0,5.8731,0.558,0,-0.267,1.419,0.0,-2.08,1
932,1.940912156693342,-0.156,0,5.874,0.562,0,-0.337,1.426,0.0,-2.075,1
933,1.9342194808242417,-0.138,0,5.874,0.565,0,-0.336,1.438,0.0,-2.062,1
934,1.7414476736324864,-0.1134,0,5.8708,0.589,0,-0.53,1.453,0.0,-2.042,1
935,1.1616991865366868,-0.0885,0,5.8674,0.592,0,-1.259,1.468,0.0,-2.022,1
936,1.1446160928451075,-0.0736,0,5.8657,0.622,0,-1.249,1.477,0.0,-2.01,1
937,1.1231193169027058,-0.0618,0,5.8671,0.661,0,-1.242,1.487,0.0,-2.003,1
938,1.102798712367765,-0.0543,0,5.8685,0.692,0,-1.241,1.493,0.0,-1.999,1
939,1.0892419382304375,-0.0483,0,5.8693,0.71,0,-1.243,1.498,0.0,-1.995,1
940,1.0914893494670483,-0.04,0,5.8698,0.711,0,-1.239,1.504,0.0,-1.989,1
941,1.0818156035110604,-0.0298,0,5.8701,0.72,0,-1.244,1.511,0.0,-1.982,1
942,1.0697775469694621,-0.018,0,5.8695,0.737,0,-1.244,1.519,0.0,-1.974,1
943,1.054091077658852,-0.0062,0,5.8691,0.759,0,-1.243,1.527,0.0,-1.965,1
944,1.036357563778062,0.0051,0,5.8686,0.781,0,-1.245,1.535,0.0,-1.956,1
945,1.0386837824862771,0.0161,0,5.8685,0.782,0,-1.241,1.542,0.0,-1.949,1
946,1.0153900728291565,0.0263,0,5.8683,0.805,0,-1.25,1.549,0.0,-1.941,1
947,1.008044145858702,0.0363,0,5.8683,0.823,0,-1.242,1.556,0.0,-1.934,1
948,0.990899086688448,0.0471,0,5.8688,0.848,0,-1.242,1.564,0.0,-1.927,1
949,0.9782417901521074,0.0591,0,5.8689,0.864,0,-1.244,1.573,0.0,-1.918,1
950,0.9731068800496686,0.0695,0,5.8694,0.865,0,-1.252,1.581,0.0,-1.911,1
951,0.9556594581753483,0.0755,0,5.8707,0.892,0,-1.251,1.586,0.0,-1.908,1
952,0.9427666731487703,0.082,0,5.8709,0.91,0,-1.25,1.59,0.0,-1.903,1
953,0.9386207967012026,0.0904,0,5.8704,0.916,0,-1.25,1.596,0.0,-1.897,1
954,0.924736178593657,0.1008,0,5.8701,0.927,0,-1.258,1.603,0.0,-1.889,1
955,0.9247296902338541,0.1176,0,5.8679,0.918,0,-1.266,1.613,0.0,-1.876,1
956,0.9101527344352706,0.1304,0,5.8668,0.934,0,-1.269,1.621,0.0,-1.866,1
957,0.8860609459850942,0.1414,0,5.8674,0.978,0,-1.259,1.63,0.0,-1.859,1
958,0.8673292339129357,0.1503,0,5.8678,1.004,0,-1.258,1.636,0.0,-1.852,1
959,0.8524652485585557,0.1577,0,5.868,1.02,0,-1.263,1.641,0.0,-1.847,1
960,0.8569509904306081,0.1634,0,5.8688,1.017,0,-1.262,1.646,0.0,-1.844,1
961,0.8409102211294616,0.1713,0,5.8705,1.032,0,-1.272,1.653,0.0,-1.839,1
962,0.8357541504533494,0.1804,0,5.8713,1.046,0,-1.266,1.66,0.0,-1.833,1
963,0.8230947697561927,0.1925,0,5.8713,1.062,0,-1.268,1.668,0.0,-1.825,1
964,0.8162897769787394,0.2059,0,5.8703,1.072,0,-1.267,1.677,0.0,-1.815,1
965,0.8135361086024392,0.2187,0,5.8669,1.08,0,-1.258,1.684,0.0,-1.803,1
966,0.7923244285013559,0.227,0,5.8677,1.113,0,-1.255,1.69,0.0,-1.798,1
967,0.775768651080978,0.2337,0,5.8697,1.14,0,-1.253,1.696,0.0,-1.794,1
968,0.7709656282870204,0.2412,0,5.8705,1.144,0,-1.258,1.702,0.0,-1.79,1
969,0.7632070492336925,0.2491,0,5.8713,1.155,0,-1.259,1.708,0.0,-1.785,1
970,0.5671701684679828,0.4519,0,5.875,1.424,0,-1.272,1.853,0.0,-1.643,1
971,0.5714306607104664,0.4653,0,5.875,1.424,0,-1.266,1.862,0.0,-1.633,1
972,0.5559361474126324,0.4787,0,5.8743,1.444,0,-1.267,1.871,0.0,-1.623,1
973,0.5313605179160379,0.4913,0,5.8737,1.47,0,-1.276,1.88,0.0,-1.614,1
974,0.5147086554547146,0.5045,0,5.873,1.494,0,-1.274,1.889,0.0,-1.604,1
975,0.5144365850131579,0.5161,0,5.8729,1.495,0,-1.275,1.897,0.0,-1.596,1
976,0.49758617344134487,0.5272,0,5.8733,1.519,0,-1.274,1.905,0.0,-1.588,1
977,0.48205912500439196,0.5395,0,5.8739,1.544,0,-1.271,1.914,0.0,-1.58,1
978,0.4668404438349359,0.5518,0,5.8737,1.566,0,-1.269,1.922,0.0,-1.571,1
979,0.451220566907139,0.5659,0,5.8736,1.588,0,-1.269,1.932,0.0,-1.561,1
980,0.45087692333939655,0.5781,0,5.8733,1.589,0,-1.269,1.94,0.0,-1.552,1
981,0.4296940772223885,0.591,0,5.8729,1.618,0,-1.268,1.949,0.0,-1.542,1
982,0.4131755075025623,0.6031,0,5.8727,1.641,0,-1.268,1.958,0.0,-1.533,1
983,0.4008952481634074,0.6148,0,5.8729,1.66,0,-1.266,1.966,0.0,-1.525,1
984,0.38212694225872124,0.6274,0,5.8734,1.686,0,-1.267,1.975,0.0,-1.517,1
985,0.38233493170255844,0.6408,0,5.8739,1.689,0,-1.265,1.985,0.0,-1.507,1
986,0.36760032644163976,0.6521,0,5.8745,1.712,0,-1.263,1.993,0.0,-1.5,1
987,0.3521150380202469,0.6638,0,5.8746,1.737,0,-1.259,2.001,0.0,-1.492,1
988,0.34206578314704345,0.6763,0,5.8751,1.756,0,-1.255,2.011,0.0,-1.483,1
989,0.3269892964609088,0.6881,0,5.875,1.778,0,-1.254,2.019,0.0,-1.475,1
990,0.32637708252878295,0.7016,0,5.8753,1.78,0,-1.254,2.029,0.0,-1.465,1
991,0.3118493225902535,0.7138,0,5.8759,1.803,0,-1.252,2.038,0.0,-1.457,1
992,0.29154759474226494,0.7255,0,5.876,1.832,0,-1.251,2.046,0.0,-1.449,1
993,0.2766315238724609,0.7372,0,5.8764,1.852,0,-1.252,2.054,0.0,-1.441,1
994,0.2575266976451177,0.7487,0,5.876,1.874,0,-1.256,2.062,0.0,-1.432,1
995,0.2560878755427519,0.7605,0,5.8754,1.875,0,-1.257,2.07,0.0,-1.423,1
996,0.24393851684389645,0.773,0,5.875,1.893,0,-1.255,2.078,0.0,-1.414,1
997,0.22484883811129658,0.7853,0,5.8756,1.916,0,-1.26,2.087,0.0,-1.406,1
998,0.20576199843508522,0.7976,0,5.8754,1.939,0,-1.264,2.096,0.0,-1.397,1
999,0.19482556300444773,0.8097,0,5.8753,1.958,0,-1.259,2.104,0.0,-1.388,1
1000,0.1923148460207895,0.8218,0,5.8737,1.965,0,-1.254,2.112,0.0,-1.378,1
1001,0.17394826817189069,0.8354,0,5.8738,1.974,0,-1.276,2.121,0.0,-1.369,1
1002,0.1615332783051221,0.8494,0,5.8744,1.99,0,-1.282,2.132,0.0,-1.359,1
1003,0.1395886814895823,0.8621,0,5.8735,2.017,0,-1.284,2.14,0.0,-1.35,1
1004,0.12589678312014166,0.8738,0,5.8734,2.039,0,-1.278,2.148,0.0,-1.341,1
1005,0.1310343466423976,0.8862,0,5.8727,2.039,0,-1.273,2.156,0.0,-1.332,1
1006,0.1337647188162856,0.9018,0,5.8873,2.051,0,-1.289,2.178,0.0,-1.331,1
1007,0.11197321108193715,0.9138,0,5.8842,2.077,0,-1.287,2.184,0.0,-1.32,1
1008,0.09386160024205874,0.9257,0,5.8791,2.098,0,-1.285,2.189,0.0,-1.308,1
1009,0.06888396039717826,0.9372,0,5.8746,2.126,0,-1.281,2.193,0.0,-1.297,1
1010,0.07334848328356905,0.9487,0,5.8719,2.128,0,-1.273,2.2,0.0,-1.287,1
1011,0.05323532661682505,0.9611,0,5.8718,2.155,0,-1.273,2.208,0.0,-1.278,1
1012,0.038327535793473956,0.9736,0,5.8698,2.179,0,-1.278,2.216,0.0,-1.268,0
1013,0.03106444913401841,0.9862,0,5.8707,2.199,0,-1.276,2.225,0.0,-1.259,0
1014,0.03764306044943728,0.9987,0,5.8684,2.221,0,-1.285,2.232,0.0,-1.249,0
1015,0.06451356446515717,1.0116,0,5.8675,2.22,0,-1.3,2.241,0.0,-1.239,1
1016,0.07589466384404117,1.0259,0,5.8834,2.238,0,-1.312,2.262,0.0,-1.24,1
1017,0.08209750300709502,1.0367,0,5.8794,2.263,0,-1.311,2.267,0.0,-1.229,1
1018,0.09108238029388573,1.0478,0,5.874,2.285,0,-1.308,2.271,0.0,-1.218,1
1019,0.09868130522039126,1.059,0,5.87,2.309,0,-1.3,2.276,0.0,-1.207,1
1020,0.10938464243210735,1.0708,0,5.8684,2.31,0,-1.303,2.283,0.0,-1.197,1
1021,0.1210784869413223,1.0811,0,5.8664,2.335,0,-1.301,2.289,0.0,-1.189,1
1022,0.1310343466423974,1.0948,0,5.8647,2.356,0,-1.295,2.297,0.0,-1.178,1
1023,0.1473397434502994,1.1057,0,5.8643,2.382,0,-1.295,2.304,0.0,-1.17,1
1024,0.16811900546934017,1.1175,0,5.8638,2.402,0,-1.303,2.312,0.0,-1.161,1
1025,0.17406320691059335,1.129,0,5.8625,2.402,0,-1.305,2.319,0.0,-1.152,1
1026,0.18592471594707363,1.1395,0,5.8626,2.425,0,-1.302,2.327,0.0,-1.144,1
1027,0.20163829001457043,1.1501,0,5.8624,2.447,0,-1.304,2.334,0.0,-1.137,1
1028,0.21600925906080948,1.16,0,5.862,2.469,0,-1.303,2.341,0.0,-1.129,1
1029,0.23499999999999996,1.1701,0,5.8609,2.488,0,-1.309,2.347,0.0,-1.121,1
1030,0.23192455669894033,1.1818,0,5.8609,2.488,0,-1.303,2.355,0.0,-1.113,1
1031,0.26043233286210826,1.1936,0,5.8602,2.507,0,-1.321,2.363,0.0,-1.104,1
1032,0.27306592610576674,1.2074,0,5.8595,2.531,0,-1.316,2.372,0.0,-1.094,1
1033,0.28860006930006094,1.2179,0,5.8591,2.552,0,-1.317,2.379,0.0,-1.086,1
1034,0.3034633421024687,1.2306,0,5.8567,2.574,0,-1.314,2.387,0.0,-1.075,1
1035,0.31189260972328287,1.2383,0,5.8571,2.573,0,-1.324,2.392,0.0,-1.07,1
1036,0.3200000000000001,1.2515,0,5.8587,2.595,0,-1.318,2.403,0.0,-1.062,1
1037,0.3400367627183861,1.2618,0,5.8573,2.617,0,-1.323,2.409,0.0,-1.054,1
1038,0.35686692197512504,1.2755,0,5.8574,2.644,0,-1.321,2.419,0.0,-1.044,1
1039,0.3588161088914488,1.2837,0,5.8591,2.644,0,-1.324,2.426,0.0,-1.039,1
1040,0.362926989902928,1.2954,0,5.8575,2.643,0,-1.326,2.433,0.0,-1.03,1
1041,0.39051248379533277,1.3068,0,5.8562,2.69,0,-1.321,2.44,0.0,-1.021,1
1042,0.36521774327105194,1.3177,0,5.9058,2.705,0,-1.338,2.483,0.0,-1.048,1
1043,0.38918504596142944,1.3312,0,5.8972,2.729,0,-1.336,2.486,0.0,-1.032,1
1044,0.3982084881064191,1.3446,0,5.8871,2.729,0,-1.332,2.488,0.0,-1.015,1
1045,0.4306390600026894,1.3582,0,5.8756,2.753,0,-1.339,2.49,0.0,-0.998,1
1046,0.4508181451538969,1.3636,0,5.8686,2.777,0,-1.335,2.488,0.0,-0.989,1
1047,0.4681292556548884,1.3692,0,5.8648,2.802,0,-1.331,2.49,0.0,-0.982,1
1048,0.4799520809414206,1.3757,0,5.8597,2.814,0,-1.329,2.491,0.0,-0.974,1
1049,0.4900459162160216,1.3852,0,5.8571,2.814,0,-1.338,2.495,0.0,-0.966,1
1050,0.5042102735962448,1.3952,0,5.8547,2.823,0,-1.345,2.501,0.0,-0.957,1
1051,0.529917918172239,1.4219,0,5.8542,2.881,0,-1.324,2.519,0.0,-0.937,1
1052,0.5525015837081374,1.4422,0,5.8564,2.902,0,-1.337,2.535,0.0,-0.924,1
1053,0.5622277118748238,1.4496,0,5.8604,2.893,0,-1.362,2.543,0.0,-0.922,1
1054,0.5758419922166149,1.4549,0,5.8633,2.924,0,-1.357,2.549,0.0,-0.92,1
1055,0.591534445319966,1.4665,0,5.8659,2.951,0,-1.357,2.559,0.0,-0.914,1
1056,0.6021644293712475,1.4756,0,5.8683,2.966,0,-1.36,2.567,0.0,-0.909,1
1057,0.6068030982122622,1.4795,0,5.869,2.991,0,-1.344,2.57,0.0,-0.907,1
1058,0.6025147301103935,1.4772,0,5.8708,2.99,0,-1.342,2.57,0.0,-0.91,1
1059,0.6223118189460969,1.4826,0,5.8729,3.009,0,-1.353,2.575,0.0,-0.907,1
1060,0.6338769596696193,1.4964,0,5.8733,3.019,0,-1.36,2.585,0.0,-0.898,1
1061,0.6606216769074414,1.5238,0,5.8731,3.019,0,-1.392,2.604,0.0,-0.878,1
1062,0.6789057371977348,1.5419,0,5.8706,3.043,0,-1.39,2.615,0.0,-0.863,1
1063,0.6623360174412983,1.5563,0,5.8672,3.048,0,-1.359,2.623,0.0,-0.851,1
1064,0.7103478021363904,1.5861,0,5.8663,3.108,0,-1.366,2.643,0.0,-0.829,1
1065,0.7328144376307009,1.5954,0,5.8661,3.14,0,-1.366,2.649,0.0,-0.822,1
1066,0.7502386287042279,1.5964,0,5.8621,3.154,0,-1.372,2.647,0.0,-0.819,1
1067,0.7619560354771132,1.6074,0,5.8572,3.173,0,-1.363,2.652,0.0,-0.807,1
1068,0.7771183950981985,1.6084,0,5.8507,3.195,0,-1.354,2.648,0.0,-0.802,1
1069,0.7851382043946148,1.6191,0,5.849,3.195,0,-1.362,2.654,0.0,-0.793,1
1070,0.8068463298547006,1.6202,0,5.844,3.216,0,-1.365,2.651,0.0,-0.789,1
1071,0.8160612722093852,1.6268,0,5.846,3.241,0,-1.356,2.657,0.0,-0.786,1
1072,0.8346927578456639,1.6351,0,5.8441,3.268,0,-1.352,2.662,0.0,-0.778,1
1073,0.8506773771530544,1.6426,0,5.846,3.294,0,-1.35,2.668,0.0,-0.774,1
1074,0.8613646150150356,1.6918,0,5.8526,3.289,0,-1.379,2.707,0.0,-0.744,1
1075,0.8756905846245007,1.6855,0,5.8492,3.304,0,-1.381,2.701,0.0,-0.746,1
1076,0.8888560063362342,1.6906,0,5.8489,3.328,0,-1.375,2.704,0.0,-0.742,1
1077,0.9079350197012999,1.6969,0,5.8489,3.347,0,-1.383,2.708,0.0,-0.738,1
1078,0.9142915289993669,1.7048,0,5.8539,3.366,0,-1.381,2.718,0.0,-0.736,1
1079,0.9149972677554835,1.7077,0,5.8523,3.366,0,-1.378,2.718,0.0,-0.732,1
1080,0.9305535986712427,1.7172,0,5.8524,3.382,0,-1.385,2.725,0.0,-0.726,1
1081,0.9461131010613901,1.7255,0,5.8518,3.402,0,-1.386,2.731,0.0,-0.719,1
1082,0.960964619536016,1.7407,0,5.8526,3.424,0,-1.386,2.742,0.0,-0.709,1
1083,0.9815141364239232,1.7663,0,5.85,3.445,0,-1.39,2.758,0.0,-0.689,1
1084,0.980311175086768,1.7775,0,5.8536,3.445,0,-1.393,2.768,0.0,-0.684,1
1085,0.9991841672084283,1.7804,0,5.8543,3.471,0,-1.395,2.771,0.0,-0.682,1
1086,1.012576910659136,1.7852,0,5.8557,3.491,0,-1.396,2.775,0.0,-0.68,1
1087,1.0175386970528442,1.7952,0,5.8572,3.506,0,-1.39,2.783,0.0,-0.674,1
1088,1.0217715008748285,1.8081,0,5.8589,3.515,0,-1.39,2.794,0.0,-0.666,1
1089,1.0647595972800623,1.8651,0,5.8607,3.563,0,-1.403,2.835,0.0,-0.626,1
1090,1.0610113100245446,1.8796,0,5.8634,3.563,0,-1.401,2.847,0.0,-0.618,1
1091,1.0855307457644856,1.8863,0,5.8628,3.607,0,-1.392,2.851,0.0,-0.613,1
1092,1.1087443348220545,1.8919,0,5.8586,3.635,0,-1.391,2.852,0.0,-0.606,1
1093,1.1151076181248156,1.8984,0,5.8556,3.643,0,-1.388,2.855,0.0,-0.599,1
1094,1.0870970517851661,1.8264,0,5.846,3.615,0,-1.36,2.797,0.0,-0.644,1
1095,1.086569371922474,1.8208,0,5.8452,3.596,0,-1.379,2.793,0.0,-0.647,1
1096,1.0905049289205437,1.8197,0,5.8478,3.595,0,-1.39,2.794,0.0,-0.65,1
1097,1.080829311223562,1.8219,0,5.8513,3.582,0,-1.394,2.798,0.0,-0.65,1
1098,1.077743012039512,1.8241,0,5.8532,3.574,0,-1.401,2.801,0.0,-0.65,1
1099,1.06578093433876,1.8229,0,5.8531,3.567,0,-1.391,2.8,0.0,-0.651,1
1100,1.0629059224597441,1.8249,0,5.8544,3.565,0,-1.39,2.802,0.0,-0.65,1
1101,1.0597027885213852,1.8194,0,5.8518,3.568,0,-1.38,2.797,0.0,-0.653,1
1102,1.0337910814086182,1.7738,0,5.8667,3.507,0,-1.425,2.775,0.0,-0.695,1
1103,1.0321167569611496,1.7611,0,5.8688,3.476,0,-1.457,2.768,0.0,-0.706,1
1104,1.028740978089237,1.7395,0,5.8671,3.453,0,-1.472,2.751,0.0,-0.72,1
1105,1.0120004940710259,1.7264,0,5.8628,3.443,0,-1.454,2.739,0.0,-0.727,1
1106,0.9956706282702125,1.7155,0,5.8574,3.44,0,-1.426,2.728,0.0,-0.73,1
1107,0.9982810225582774,1.6982,0,5.8508,3.44,0,-1.42,2.711,0.0,-0.738,1
1108,1.0006327997822178,1.689,0,5.8444,3.435,0,-1.419,2.7,0.0,-0.74,1
1109,1.0007487197093985,1.6825,0,5.8375,3.427,0,-1.417,2.69,0.0,-0.74,1
1110,0.9993968180857892,1.6713,0,5.8363,3.418,0,-1.422,2.681,0.0,-0.747,1
1111,0.9992196955624923,1.6672,0,5.8351,3.412,0,-1.427,2.678,0.0,-0.749,1
1112,0.9966343361534358,1.6672,0,5.8346,3.413,0,-1.421,2.677,0.0,-0.749,1
1113,0.9948718510441433,1.6668,0,5.8311,3.404,0,-1.424,2.675,0.0,-0.747,1
1114,0.9920987854039537,1.662,0,5.8309,3.399,0,-1.424,2.671,0.0,-0.75,1
1115,0.9949251228107571,1.6592,0,5.8324,3.4,0,-1.429,2.67,0.0,-0.753,1
1116,0.9937454402411113,1.6563,0,5.8337,3.402,0,-1.427,2.669,0.0,-0.756,1
1117,0.9903761911516251,1.6549,0,5.8363,3.403,0,-1.425,2.67,0.0,-0.759,1
1118,0.9833132766316133,1.6525,0,5.8367,3.397,0,-1.422,2.669,0.0,-0.761,1
1119,0.9815278905869156,1.6513,0,5.8346,3.387,0,-1.426,2.666,0.0,-0.76,1
1120,0.9743023144794429,1.6469,0,5.8411,3.381,0,-1.432,2.668,0.0,-0.768,1
1121,0.9743023144794433,1.642,0,5.8422,3.378,0,-1.436,2.665,0.0,-0.772,1
1122,0.964076760429376,1.639,0,5.8458,3.378,0,-1.427,2.666,0.0,-0.777,1
1123,0.9588623467422215,1.6435,0,5.8474,3.374,0,-1.426,2.67,0.0,-0.775,1
1124,0.9537347639674251,1.6444,0,5.8492,3.369,0,-1.426,2.672,0.0,-0.775,1
1125,0.9588534820294494,1.675,0,5.8476,3.366,0,-1.434,2.692,0.0,-0.752,1
1126,0.9510588835608446,1.663,0,5.8474,3.357,0,-1.433,2.684,0.0,-0.761,1
1127,0.9503557228743353,1.659,0,5.8509,3.357,0,-1.436,2.683,0.0,-0.766,1
1128,0.936923155867118,1.6658,0,5.8567,3.357,0,-1.425,2.692,0.0,-0.765,1
1129,0.9362189914758193,1.6598,0,5.8538,3.345,0,-1.433,2.686,0.0,-0.768,1
1130,0.9305525240414965,1.6577,0,5.8527,3.342,0,-1.426,2.684,0.0,-0.768,1
1131,0.9355025387458871,1.652,0,5.8495,3.338,0,-1.432,2.677,0.0,-0.77,1
1132,0.9326955559023534,1.6483,0,5.8493,3.339,0,-1.428,2.675,0.0,-0.773,1
1133,0.9369295597855796,1.6436,0,5.8497,3.338,0,-1.435,2.672,0.0,-0.776,1
1134,0.9278318813233354,1.6381,0,5.851,3.335,0,-1.427,2.669,0.0,-0.781,1
1135,0.9251075613138183,1.6342,0,5.8519,3.335,0,-1.425,2.667,0.0,-0.785,1
1136,0.9180087145555862,1.628,0,5.8541,3.326,0,-1.426,2.664,0.0,-0.79,1
1137,0.9080836965830846,1.6203,0,5.8537,3.312,0,-1.426,2.658,0.0,-0.796,1
1138,0.8959380558944912,1.6191,0,5.8548,3.297,0,-1.425,2.658,0.0,-0.797,1
1139,0.8909826036461095,1.6099,0,5.8527,3.285,0,-1.427,2.65,0.0,-0.802,1
1140,0.8854106391951703,1.6053,0,5.8563,3.285,0,-1.424,2.649,0.0,-0.808,1
1141,0.8761535253595687,1.6053,0,5.8585,3.277,0,-1.423,2.651,0.0,-0.81,1
1142,0.8669232953381748,1.6022,0,5.8594,3.265,0,-1.423,2.649,0.0,-0.813,1
1143,0.8598523129003028,1.5965,0,5.8597,3.257,0,-1.422,2.646,0.0,-0.817,1
1144,0.8577348075017128,1.5865,0,5.8587,3.248,0,-1.426,2.638,0.0,-0.823,1
1145,0.8571545951577234,1.5767,0,5.8583,3.248,0,-1.425,2.631,0.0,-0.83,1
1146,0.823794270434069,1.5851,0,5.8813,3.232,0,-1.426,2.653,0.0,-0.84,1
1147,0.8273342734348674,1.5712,0,5.8741,3.219,0,-1.434,2.638,0.0,-0.845,1
1148,0.8259309898532686,1.561,0,5.8668,3.205,0,-1.436,2.626,0.0,-0.847,1
1149,0.8216592967891254,1.5583,0,5.8628,3.201,0,-1.428,2.621,0.0,-0.846,1
1150,0.8259116175475438,1.5509,0,5.8605,3.201,0,-1.431,2.614,0.0,-0.85,1
1151,0.8209537136769647,1.5522,0,5.86,3.194,0,-1.431,2.615,0.0,-0.849,1
1152,0.8209585860443873,1.5522,0,5.858,3.191,0,-1.43,2.613,0.0,-0.847,1
1153,0.8224019698419989,1.5526,0,5.8578,3.189,0,-1.434,2.613,0.0,-0.847,1
1154,0.8209878196416803,1.5516,0,5.8592,3.189,0,-1.434,2.614,0.0,-0.848,1
1155,0.8167331265474663,1.5445,0,5.8586,3.19,0,-1.426,2.608,0.0,-0.853,1
1156,0.8054023839050886,1.5439,0,5.8632,3.183,0,-1.424,2.611,0.0,-0.857,1
1157,0.8004648649378683,1.5397,0,5.864,3.171,0,-1.43,2.609,0.0,-0.86,1
1158,0.7947993457470883,1.5312,0,5.8655,3.163,0,-1.432,2.604,0.0,-0.867,1
1159,0.794849671321565,1.5181,0,5.8647,3.163,0,-1.431,2.594,0.0,-0.876,1
1160,0.7852566459444961,1.4989,0,5.8629,3.151,0,-1.427,2.579,0.0,-0.889,1
1161,0.7712651943397938,1.4813,0,5.8615,3.131,0,-1.425,2.566,0.0,-0.9,1
1162,0.7679231732406568,1.4827,0,5.8587,3.11,0,-1.438,2.565,0.0,-0.897,1
1163,0.7594800853215311,1.4783,0,5.8585,3.093,0,-1.443,2.562,0.0,-0.9,1
1164,0.7509474016201135,1.4758,0,5.8607,3.093,0,-1.435,2.562,0.0,-0.904,1
1165,0.7509527282059774,1.4697,0,5.8554,3.083,0,-1.437,2.554,0.0,-0.904,1
1166,0.7544991716363909,1.4556,0,5.8505,3.077,0,-1.441,2.54,0.0,-0.911,1
1167,0.7495451954352051,1.4493,0,5.852,3.07,0,-1.443,2.537,0.0,-0.916,1
1168,0.7361963053425357,1.4376,0,5.8522,3.058,0,-1.437,2.529,0.0,-0.925,1
1169,0.7348067773231273,1.4361,0,5.8537,3.058,0,-1.437,2.529,0.0,-0.927,1
1170,0.7313795184444255,1.4261,0,5.8503,3.049,0,-1.436,2.519,0.0,-0.932,1
1171,0.7255411773290332,1.4264,0,5.8494,3.038,0,-1.438,2.519,0.0,-0.931,1
1172,0.7142282548317449,1.4261,0,5.852,3.032,0,-1.432,2.521,0.0,-0.933,1
1173,0.717095530595471,1.4221,0,5.8523,3.033,0,-1.435,2.518,0.0,-0.936,1
1174,0.7089287693414623,1.4163,0,5.8569,3.035,0,-1.427,2.517,0.0,-0.943,1
1175,0.7007909816771333,1.4,0,5.8616,3.027,0,-1.43,2.509,0.0,-0.958,1
1176,0.6973614557745502,1.3838,0,5.8605,3.014,0,-1.437,2.497,0.0,-0.969,1
1177,0.677383938398306,1.3647,0,5.8593,2.983,0,-1.439,2.483,0.0,-0.982,1
1178,0.6471421791229499,1.3627,0,5.8569,2.947,0,-1.429,2.48,0.0,-0.981,1
1179,0.6535197013097616,1.3549,0,5.8562,2.946,0,-1.438,2.474,0.0,-0.986,1
1180,0.630035713273462,1.3507,0,5.8566,2.915,0,-1.437,2.471,0.0,-0.99,1
1181,0.6095276859995779,1.3404,0,5.8572,2.896,0,-1.427,2.464,0.0,-0.997,1
1182,0.5939696961966998,1.3265,0,5.8604,2.877,0,-1.43,2.457,0.0,-1.01,1
1183,0.576302871761021,1.3125,0,5.8644,2.86,0,-1.427,2.45,0.0,-1.022,1
1184,0.5759756939316101,1.2954,0,5.865,2.86,0,-1.427,2.438,0.0,-1.035,1
1185,0.560244589442861,1.2841,0,5.8647,2.837,0,-1.428,2.43,0.0,-1.043,1
1186,0.5474175737040234,1.2734,0,5.8636,2.817,0,-1.429,2.422,0.0,-1.05,1
1187,0.5374030145058736,1.2665,0,5.8589,2.794,0,-1.43,2.413,0.0,-1.051,1
1188,0.5218524695735376,1.2524,0,5.8584,2.774,0,-1.428,2.403,0.0,-1.061,1
1189,0.5198971052044816,1.2427,0,5.8563,2.772,0,-1.424,2.395,0.0,-1.066,1
1190,0.5056649088081947,1.2331,0,5.8533,2.75,0,-1.422,2.386,0.0,-1.071,1
1191,0.49356255935798043,1.2248,0,5.8543,2.731,0,-1.426,2.381,0.0,-1.078,1
1192,0.47800627610942525,1.2123,0,5.8535,2.709,0,-1.425,2.372,0.0,-1.086,1
1193,0.4560844220097854,1.2008,0,5.8527,2.685,0,-1.417,2.363,0.0,-1.094,1
1194,0.45754234776684866,1.1881,0,5.8566,2.685,0,-1.425,2.357,0.0,-1.106,1
1195,0.44407206622349027,1.176,0,5.8552,2.663,0,-1.425,2.347,0.0,-1.113,1
1196,0.4285067093990479,1.1593,0,5.8567,2.64,0,-1.429,2.337,0.0,-1.126,1
1197,0.40603694413193475,1.1511,0,5.8632,2.614,0,-1.432,2.335,0.0,-1.137,1
1198,0.38540498180485433,1.1379,0,5.8604,2.593,0,-1.42,2.324,0.0,-1.144,1
1199,0.3721558813185679,1.1292,0,5.8617,2.573,0,-1.423,2.319,0.0,-1.151,1
1200,0.34881083698761417,1.1183,0,5.8625,2.55,0,-1.414,2.312,0.0,-1.159,1
1201,0.3464823227814081,1.1076,0,5.8636,2.55,0,-1.413,2.305,0.0,-1.168,1
1202,0.33092597359530423,1.097,0,5.8651,2.533,0,-1.41,2.299,0.0,-1.176,1
1203,0.31678699468254673,1.085,0,5.8646,2.513,0,-1.41,2.29,0.0,-1.185,1
1204,0.30195529470436533,1.0732,0,5.866,2.494,0,-1.41,2.283,0.0,-1.194,1
1205,0.28714108030722435,1.0587,0,5.8665,2.472,0,-1.412,2.273,0.0,-1.205,1
1206,0.2857271425678701,1.0476,0,5.8678,2.472,0,-1.411,2.266,0.0,-1.213,1
1207,0.26517352809056943,1.0342,0,5.8694,2.447,0,-1.41,2.258,0.0,-1.224,1
1208,0.25457415422622925,1.0241,0,5.87,2.429,0,-1.414,2.251,0.0,-1.232,1
1209,0.23638104830971515,1.0131,0,5.8713,2.404,0,-1.414,2.244,0.0,-1.24,1
1210,0.21734074629484457,1.003,0,5.8721,2.384,0,-1.409,2.238,0.0,-1.248,1
1211,0.2156780007325735,0.9902,0,5.8722,2.383,0,-1.408,2.229,0.0,-1.257,1
1212,0.2022374841615667,0.9786,0,5.871,2.364,0,-1.407,2.22,0.0,-1.265,1
1213,0.19168985366993224,0.9676,0,5.8694,2.343,0,-1.411,2.211,0.0,-1.272,1
1214,0.17828067758453242,0.9562,0,5.8679,2.324,0,-1.409,2.202,0.0,-1.279,1
1215,0.16063934760823692,0.9453,0,5.8679,2.303,0,-1.404,2.194,0.0,-1.286,1
1216,0.16011246047700314,0.9316,0,5.8675,2.304,0,-1.402,2.184,0.0,-1.296,1
1217,0.14572576985557478,0.92,0,5.8667,2.282,0,-1.404,2.176,0.0,-1.304,1
1218,0.1239072233568323,0.9083,0,5.8675,2.26,0,-1.395,2.168,0.0,-1.312,1
1219,0.10000499987500626,0.8962,0,5.8685,2.236,0,-1.387,2.16,0.0,-1.322,1
1220,0.07746612162745725,0.8853,0,5.8689,2.213,0,-1.379,2.153,0.0,-1.33,1
1221,0.08323460818673932,0.8732,0,5.8698,2.213,0,-1.387,2.145,0.0,-1.339,1
1222,0.06906518659932794,0.863,0,5.8697,2.195,0,-1.385,2.138,0.0,-1.346,1
1223,0.05381449618829489,0.8513,0,5.871,2.171,0,-1.391,2.131,0.0,-1.355,1
1224,0.03920459156782544,0.84,0,5.87,2.153,0,-1.387,2.122,0.0,-1.363,0
1225,0.04308131845707599,0.8283,0,5.8708,2.154,0,-1.388,2.114,0.0,-1.372,0
1226,0.028284271247461926,0.8159,0,5.8715,2.134,0,-1.377,2.106,0.0,-1.381,0
1227,0.020518284528682977,0.8043,0,5.873,2.113,0,-1.375,2.099,0.0,-1.39,0
1228,0.022022715545545253,0.7913,0,5.8747,2.092,0,-1.379,2.091,0.0,-1.401,0
1229,0.03195309061734083,0.7795,0,5.8733,2.071,0,-1.378,2.082,0.0,-1.408,0
1230,0.040012498047485155,0.7671,0,5.871,2.07,0,-1.375,2.071,0.0,-1.415,0
1231,0.05186520991955981,0.7553,0,5.8711,2.046,0,-1.375,2.063,0.0,-1.424,1
1232,0.06673080248281149,0.7432,0,5.8723,2.023,0,-1.375,2.056,0.0,-1.433,1
1233,0.08683317338436972,0.7272,0,5.8816,1.997,0,-1.383,2.051,0.0,-1.451,1
1234,0.0948472456110351,0.7181,0,5.8787,1.979,0,-1.386,2.043,0.0,-1.456,1
1235,0.09596353474106704,0.7075,0,5.877,1.981,0,-1.382,2.034,0.0,-1.462,1
1236,0.1120714058089753,0.6961,0,5.8744,1.96,0,-1.376,2.024,0.0,-1.468,1
1237,0.12720062892926287,0.6839,0,5.8741,1.939,0,-1.375,2.015,0.0,-1.477,1
1238,0.13713132391981073,0.6725,0,5.8736,1.92,0,-1.379,2.007,0.0,-1.485,1
1239,0.15371727293964094,0.6601,0,5.8734,1.896,0,-1.378,1.998,0.0,-1.493,1
1240,0.1546253536778494,0.6497,0,5.8723,1.895,0,-1.378,1.99,0.0,-1.5,1
1241,0.1726296614142541,0.6363,0,5.8727,1.88,0,-1.37,1.981,0.0,-1.51,1
1242,0.1900657780874819,0.624,0,5.8731,1.854,0,-1.37,1.972,0.0,-1.519,1
1243,0.20056171120131572,0.6121,0,5.8735,1.832,0,-1.377,1.964,0.0,-1.528,1
1244,0.20738611332488016,0.5994,0,5.8727,1.815,0,-1.383,1.955,0.0,-1.536,1
1245,0.21208488866489303,0.5886,0,5.8729,1.815,0,-1.378,1.947,0.0,-1.544,1
1246,0.23179516819813145,0.5761,0,5.8734,1.787,0,-1.378,1.939,0.0,-1.553,1
1247,0.24052026941611393,0.5641,0,5.8742,1.766,0,-1.387,1.931,0.0,-1.562,1
1248,0.25475085868353803,0.5513,0,5.8739,1.749,0,-1.384,1.922,0.0,-1.571,1
1249,0.2713116289435454,0.5389,0,5.8739,1.74,0,-1.371,1.913,0.0,-1.58,1
1250,0.27656825558982734,0.5258,0,5.8746,1.756,0,-1.357,1.905,0.0,-1.59,1
1251,0.33577373333838967,0.4589,0,5.8737,1.647,0,-1.375,1.857,0.0,-1.637,1
1252,0.3506935984588255,0.4482,0,5.8736,1.624,0,-1.375,1.849,0.0,-1.644,1
1253,0.36614887682471453,0.4384,0,5.874,1.599,0,-1.379,1.843,0.0,-1.652,1
1254,0.3839192623456134,0.4295,0,5.8746,1.582,0,-1.371,1.837,0.0,-1.658,1
1255,0.38147739120424956,0.4222,0,5.8744,1.574,0,-1.382,1.832,0.0,-1.663,1
1256,0.39739652741311166,0.4135,0,5.8739,1.543,0,-1.389,1.825,0.0,-1.669,1
1257,0.41155801535142045,0.4038,0,5.8737,1.53,0,-1.382,1.818,0.0,-1.676,1
1258,0.42466221871035326,0.3938,0,5.8735,1.524,0,-1.37,1.811,0.0,-1.683,1
1259,0.43918219453889507,0.3841,0,5.873,1.499,0,-1.374,1.804,0.0,-1.69,1
1260,0.43366461695646785,0.374,0,5.8723,1.499,0,-1.38,1.796,0.0,-1.696,1
1261,0.44625217086306707,0.3639,0,5.8719,1.479,0,-1.382,1.789,0.0,-1.703,1
1262,0.4674109540864442,0.3571,0,5.8761,1.459,0,-1.378,1.787,0.0,-1.711,1
1263,0.4864915209949706,0.3477,0,5.8772,1.436,0,-1.375,1.781,0.0,-1.718,1
1264,0.49498282798497173,0.3365,0,5.875,1.424,0,-1.373,1.772,0.0,-1.725,1
1265,0.4937631010920115,0.3255,0,5.8726,1.424,0,-1.372,1.763,0.0,-1.731,1
1266,0.5063852288525011,0.3152,0,5.8708,1.403,0,-1.372,1.754,0.0,-1.737,1
1267,0.5211957405812138,0.305,0,5.8698,1.383,0,-1.37,1.746,0.0,-1.744,1
1268,0.52821302520858,0.2951,0,5.8695,1.367,0,-1.376,1.739,0.0,-1.751,1
1269,0.5445897538514657,0.2921,0,5.8713,1.345,0,-1.377,1.738,0.0,-1.754,1
1270,0.5431482302281763,0.2867,0,5.8724,1.344,0,-1.382,1.735,0.0,-1.759,1
1271,0.5544871504372306,0.2779,0,5.8734,1.33,0,-1.382,1.73,0.0,-1.766,1
1272,0.5628569978244917,0.267,0,5.8736,1.324,0,-1.375,1.722,0.0,-1.773,1
1273,0.5729310604252487,0.2484,0,5.8712,1.312,0,-1.37,1.707,0.0,-1.785,1
1274,0.5840770497117654,0.2329,0,5.87,1.281,0,-1.384,1.696,0.0,-1.795,1
1275,0.586379569903318,0.2207,0,5.8697,1.283,0,-1.379,1.687,0.0,-1.804,1
1276,0.6137752031485143,0.2124,0,5.8694,1.245,0,-1.377,1.681,0.0,-1.809,1
1277,0.641346240341362,0.1961,0,5.8708,1.216,0,-1.369,1.67,0.0,-1.822,1
1278,0.656195092941116,0.1902,0,5.8714,1.203,0,-1.363,1.667,0.0,-1.827,1
1279,0.6696334818391325,0.1808,0,5.8713,1.188,0,-1.358,1.66,0.0,-1.833,1
1280,0.6809530086577192,0.1691,0,5.8711,1.173,0,-1.357,1.652,0.0,-1.841,1
1281,0.6768345440356897,0.1576,0,5.869,1.173,0,-1.36,1.642,0.0,-1.848,1
1282,0.6941131031755559,0.1448,0,5.8704,1.161,0,-1.35,1.634,0.0,-1.858,1
1283,0.7030362721794658,0.1405,0,5.8722,1.146,0,-1.355,1.632,0.0,-1.863,1
1284,0.7247847956462662,0.1367,0,5.8727,1.118,0,-1.353,1.63,0.0,-1.866,1
1285,0.7212544627244949,0.131,0,5.8727,1.118,0,-1.358,1.626,0.0,-1.87,1
1286,0.7262265486747229,0.1213,0,5.8722,1.11,0,-1.358,1.619,0.0,-1.876,1
1287,0.7298999931497465,0.1075,0,5.8711,1.103,0,-1.358,1.608,0.0,-1.885,1
1288,0.741795794002635,0.0904,0,5.8691,1.076,0,-1.366,1.595,0.0,-1.896,1
1289,0.7587338136658995,0.0764,0,5.8684,1.051,0,-1.367,1.585,0.0,-1.906,1
1290,0.7625968790914373,0.0645,0,5.8686,1.053,0,-1.359,1.576,0.0,-1.914,1
1291,0.7863230888127348,0.0558,0,5.8692,1.019,0,-1.361,1.571,0.0,-1.921,1
1292,0.8018703137041548,0.0497,0,5.8702,0.997,0,-1.362,1.567,0.0,-1.926,1
1293,0.818889491934046,0.0445,0,5.8706,0.978,0,-1.358,1.564,0.0,-1.93,1
1294,0.8301734758470667,0.0381,0,5.8715,0.968,0,-1.353,1.56,0.0,-1.935,1
1295,0.8287400074812364,0.0272,0,5.8721,0.97,0,-1.354,1.553,0.0,-1.943,1
1296,0.8337871431006837,0.0133,0,5.8716,0.963,0,-1.354,1.543,0.0,-1.953,1
1297,0.8445519522208211,0.0026,0,5.8698,0.952,0,-1.347,1.534,0.0,-1.959,1
1298,0.8627444581102797,-0.0138,0,5.8695,0.92,0,-1.353,1.522,0.0,-1.971,1
1299,0.8882623486335555,-0.0252,0,5.869,0.897,0,-1.339,1.514,0.0,-1.978,1
1300,0.8891394716241092,-0.0337,0,5.8689,0.896,0,-1.339,1.508,0.0,-1.984,1
1301,0.9087117254663328,-0.0405,0,5.8692,0.869,0,-1.338,1.503,0.0,-1.989,1
1302,0.9213929671969502,-0.0486,0,5.8693,0.852,0,-1.338,1.498,0.0,-1.995,1
1303,0.9206628047227714,-0.0578,0,5.8696,0.843,0,-1.348,1.491,0.0,-2.002,1
1304,0.9362136508297664,-0.0688,0,5.8699,0.824,0,-1.346,1.484,0.0,-2.01,1
1305,0.9377526326276028,-0.0807,0,5.8694,0.823,0,-1.344,1.475,0.0,-2.018,1
1306,0.9477299193335618,-0.0927,0,5.8691,0.81,0,-1.342,1.466,0.0,-2.026,1
1307,0.9659917183910013,-0.1034,0,5.8689,0.785,0,-1.342,1.459,0.0,-2.034,1
1308,0.9786858535812193,-0.1135,0,5.8692,0.767,0,-1.342,1.452,0.0,-2.041,1
1309,0.9970697066905604,-0.1237,0,5.8697,0.747,0,-1.337,1.445,0.0,-2.049,1
1310,0.9986601023371263,-0.1341,0,5.8704,0.747,0,-1.336,1.438,0.0,-2.057,1
1311,1.0148068781792918,-0.1445,0,5.8699,0.724,0,-1.336,1.431,0.0,-2.064,1
1312,1.023224804234143,-0.1554,0,5.8693,0.706,0,-1.341,1.423,0.0,-2.071,1
1313,1.0366802785815887,-0.166,0,5.8692,0.69,0,-1.338,1.415,0.0,-2.079,1
1314,1.0564326765109073,-0.1758,0,5.8694,0.665,0,-1.335,1.408,0.0,-2.086,1
1315,1.054400777693188,-0.1866,0,5.8688,0.665,0,-1.337,1.4,0.0,-2.093,1
1316,1.064996713609953,-0.1971,0,5.8684,0.65,0,-1.337,1.393,0.0,-2.1,1
1317,1.0848133480004751,-0.2078,0,5.8683,0.629,0,-1.33,1.385,0.0,-2.108,1
1318,1.0953469769894835,-0.2189,0,5.8687,0.61,0,-1.335,1.378,0.0,-2.116,1
1319,1.107351795952849,-0.2292,0,5.8692,0.593,0,-1.336,1.371,0.0,-2.124,1
1320,1.1067632989939629,-0.2403,0,5.8696,0.593,0,-1.337,1.363,0.0,-2.132,1
1321,1.123642736816289,-0.2506,0,5.8699,0.569,0,-1.337,1.356,0.0,-2.139,1
1322,1.142755441903472,-0.2602,0,5.8696,0.55,0,-1.329,1.349,0.0,-2.146,1
1323,1.162483548270684,-0.2654,0,5.871,0.525,0,-1.329,1.347,0.0,-2.151,1
1324,1.174506279250988,-0.2707,0,5.8717,0.511,0,-1.326,1.343,0.0,-2.155,1
1325,1.1723907198540937,-0.2794,0,5.8717,0.511,0,-1.329,1.337,0.0,-2.161,1
1326,1.1794956549305298,-0.2925,0,5.8718,0.501,0,-1.33,1.328,0.0,-2.171,1
1327,1.1915674550775546,-0.3101,0,5.8693,0.482,0,-1.328,1.314,0.0,-2.181,1
1328,1.2070911316052322,-0.3257,0,5.8689,0.458,0,-1.33,1.303,0.0,-2.192,1
1329,1.2360234625604807,-0.3381,0,5.8697,0.422,0,-1.327,1.295,0.0,-2.202,1
1330,1.2346740460542613,-0.3486,0,5.87,0.423,0,-1.327,1.287,0.0,-2.209,1
1331,1.252291100343686,-0.3568,0,5.8697,0.399,0,-1.327,1.282,0.0,-2.215,1
1332,1.2671361410677227,-0.3647,0,5.8713,0.382,0,-1.325,1.277,0.0,-2.222,1
1333,1.2777437145218131,-0.3728,0,5.8724,0.37,0,-1.323,1.272,0.0,-2.228,1
1334,1.2897697468928317,-0.3827,0,5.8721,0.356,0,-1.32,1.265,0.0,-2.235,1
1335,1.2884797243263086,-0.395,0,5.8719,0.358,0,-1.32,1.256,0.0,-2.244,1
1336,1.3005787173408614,-0.4058,0,5.8702,0.344,0,-1.314,1.247,0.0,-2.25,1
1337,1.32096706999077,-0.421,0,5.8699,0.314,0,-1.316,1.237,0.0,-2.261,1
1338,1.3329639905113717,-0.4299,0,5.8693,0.297,0,-1.315,1.23,0.0,-2.267,1
1339,1.3491715976850387,-0.4313,0,5.8689,0.271,0,-1.317,1.229,0.0,-2.267,1
1340,1.3491782684286016,-0.43,0,5.869,0.271,0,-1.318,1.23,0.0,-2.267,1
1341,1.3527767738987835,-0.4279,0,5.8693,0.264,0,-1.319,1.231,0.0,-2.265,1
1342,1.350647992631685,-0.4261,0,5.8694,0.268,0,-1.319,1.233,0.0,-2.264,1
1343,1.3484943455572957,-0.4256,0,5.8694,0.272,0,-1.318,1.233,0.0,-2.264,1
1344,1.3449914497869493,-0.4255,0,5.8694,0.272,0,-1.323,1.233,0.0,-2.264,1
1345,1.3491960569168588,-0.4258,0,5.8698,0.272,0,-1.317,1.233,0.0,-2.264,1
1346,1.3484839635679766,-0.4258,0,5.8699,0.273,0,-1.317,1.233,0.0,-2.264,1
1347,1.3477818814630205,-0.4258,0,5.8699,0.273,0,-1.318,1.233,0.0,-2.264,1
1348,1.3435773144854746,-0.4258,0,5.8699,0.273,0,-1.324,1.233,0.0,-2.264,1
1349,1.3421788256413523,-0.4258,0,5.8699,0.273,0,-1.326,1.233,0.0,-2.264,1
1350,1.347080175787618,-0.4258,0,5.8699,0.273,0,-1.319,1.233,0.0,-2.264,1
1351,1.3485062105900736,-0.4258,0,5.8699,0.271,0,-1.319,1.233,0.0,-2.264,1
1352,1.3435773144854746,-0.4258,0,5.8699,0.273,0,-1.324,1.233,0.0,-2.264,1
1353,1.3442920069687239,-0.4258,0,5.8699,0.272,0,-1.324,1.233,0.0,-2.264,1
1354,1.3435929443101433,-0.4259,0,5.8699,0.272,0,-1.325,1.233,0.0,-2.264,1
1355,1.3477930108143459,-0.4259,0,5.8699,0.272,0,-1.319,1.233,0.0,-2.264,1
1356,1.347080175787618,-0.4259,0,5.8699,0.273,0,-1.319,1.233,0.0,-2.264,1
1357,1.3435929443101433,-0.4259,0,5.8699,0.272,0,-1.325,1.233,0.0,-2.264,1
1358,1.3470697828991636,-0.4259,0,5.8699,0.274,0,-1.318,1.233,0.0,-2.264,1
1359,1.3435631730588629,-0.4259,0,5.8699,0.274,0,-1.323,1.233,0.0,-2.264,1
1360,1.349207174602922,-0.4259,0,5.8699,0.271,0,-1.318,1.233,0.0,-2.264,1
1361,1.3484943455572957,-0.4259,0,5.8699,0.272,0,-1.318,1.233,0.0,-2.264,1
1362,1.3449773232289084,-0.4259,0,5.8699,0.273,0,-1.322,1.233,0.0,-2.264,1
1363,1.3484750646563695,-0.4259,0,5.8699,0.274,0,-1.316,1.233,0.0,-2.264,1
1364,1.3463677060892392,-0.4259,0,5.8699,0.274,0,-1.319,1.233,0.0,-2.264,1
1365,1.3449773232289084,-0.4259,0,5.8699,0.273,0,-1.322,1.233,0.0,-2.264,1
1366,1.3449773232289084,-0.4259,0,5.8699,0.273,0,-1.322,1.233,0.0,-2.264,1
1367,1.3442920069687239,-0.4259,0,5.8699,0.272,0,-1.324,1.233,0.0,-2.264,1
1368,1.347080175787618,-0.4259,0,5.8699,0.273,0,-1.319,1.233,0.0,-2.264,1
1369,1.347080175787618,-0.4259,0,5.8695,0.273,0,-1.319,1.233,0.0,-2.264,1
1370,1.3449773232289084,-0.4259,0,5.8698,0.273,0,-1.322,1.233,0.0,-2.264,1
1371,1.3449773232289084,-0.4259,0,5.8699,0.273,0,-1.322,1.233,0.0,-2.264,1
1372,1.3470697828991636,-0.4258,0,5.8699,0.274,0,-1.318,1.233,0.0,-2.264,1
1373,1.3470697828991636,-0.4256,0,5.8698,0.274,0,-1.318,1.233,0.0,-2.264,1
1374,1.3421631793489195,-0.425,0,5.8693,0.274,0,-1.324,1.233,0.0,-2.263,1
1375,1.3442771291664526,-0.4247,0,5.8693,0.274,0,-1.322,1.234,0.0,-2.263,1
1376,1.3435631730588629,-0.4249,0,5.8696,0.275,0,-1.322,1.234,0.0,-2.263,1
1377,1.3470534510553025,-0.4267,0,5.8701,0.276,0,-1.317,1.233,0.0,-2.265,1
1378,1.347080175787618,-0.4318,0,5.8707,0.27,0,-1.324,1.23,0.0,-2.269,1
1379,1.3505924625881784,-0.4395,0,5.8712,0.265,0,-1.325,1.225,0.0,-2.275,1
1380,1.3463788471303313,-0.4457,0,5.8715,0.26,0,-1.335,1.22,0.0,-2.279,1
1381,1.3505857988295302,-0.4528,0,5.8727,0.257,0,-1.334,1.216,0.0,-2.285,1
1382,1.3605094633996488,-0.4608,0,5.8759,0.244,0,-1.338,1.213,0.0,-2.293,1
1383,1.3696966817511096,-0.4728,0,5.8823,0.247,0,-1.331,1.209,0.0,-2.306,1
1384,1.3704780187949022,-0.4866,0,5.8893,0.247,0,-1.34,1.204,0.0,-2.321,1
1385,1.3861897417020514,-0.5075,0,5.8962,0.234,0,-1.342,1.195,0.0,-2.341,1
1386,1.381131782271337,-0.5324,0,5.9018,0.219,0,-1.372,1.181,0.0,-2.363,1
1387,1.3882971583922512,-0.5589,0,5.9061,0.203,0,-1.384,1.166,0.0,-2.384,1
1388,1.3783486496529096,-0.5849,0,5.909,0.191,0,-1.414,1.149,0.0,-2.405,1
1389,1.361586207333197,-0.6163,0,5.912,0.19,0,-1.443,1.129,0.0,-2.429,1
1390,1.371482409657521,-0.6458,0,5.914,0.18,0,-1.444,1.11,0.0,-2.452,1
1391,1.3528939352366096,-0.674,0,5.9144,0.17,0,-1.481,1.091,0.0,-2.472,1
1392,1.3213114697148438,-0.6994,0,5.9135,0.162,0,-1.532,1.072,0.0,-2.49,1
1393,1.289414208080553,-0.7287,0,5.9129,0.161,0,-1.577,1.051,0.0,-2.51,1
1394,1.2503695453744865,-0.7585,0,5.9126,0.162,0,-1.631,1.03,0.0,-2.531,1
1395,1.2573690786718115,-0.7878,0,5.9133,0.154,0,-1.631,1.01,0.0,-2.552,1
1396,1.2240800627409958,-0.824,0,5.9139,0.151,0,-1.683,0.985,0.0,-2.579,1
1397,1.1850894481008596,-0.8533,0,5.9132,0.155,0,-1.733,0.964,0.0,-2.599,1
1398,1.1543448358267994,-0.8827,0,5.9116,0.146,0,-1.783,0.942,0.0,-2.619,1
1399,1.1158369056452648,-0.9067,0,5.9098,0.14,0,-1.841,0.924,0.0,-2.635,1
1400,1.122317691208688,-0.9299,0,5.9069,0.125,0,-1.843,0.906,0.0,-2.649,1
1401,1.0762917819996585,-0.9452,0,5.9015,0.139,0,-1.886,0.891,0.0,-2.656,1
1402,1.052893631854614,-0.9537,0,5.8958,0.133,0,-1.917,0.881,0.0,-2.658,1
1403,1.0402235336695664,-0.9596,0,5.891,0.13,0,-1.932,0.874,0.0,-2.659,1
1404,1.0233616174158575,-0.962,0,5.8868,0.132,0,-1.948,0.869,0.0,-2.658,1
1405,1.009773241871659,-0.9582,0,5.8806,0.148,0,-1.942,0.867,0.0,-2.651,1
1406,0.9928272760153196,-0.9543,0,5.8784,0.159,0,-1.952,0.868,0.0,-2.647,1
1407,0.9831073186585482,-0.9518,0,5.8773,0.159,0,-1.964,0.869,0.0,-2.644,1
1408,0.9824158997084687,-0.9521,0,5.8771,0.159,0,-1.965,0.869,0.0,-2.644,1
1409,0.9837992681436594,-0.9512,0,5.8768,0.159,0,-1.962,0.869,0.0,-2.643,1
1410,0.9795289684332974,-0.9497,0,5.8768,0.164,0,-1.963,0.87,0.0,-2.642,1
1411,0.9760379090998463,-0.9481,0,5.877,0.167,0,-1.966,0.872,0.0,-2.641,1
1412,0.9745942745573668,-0.9469,0,5.8774,0.17,0,-1.966,0.873,0.0,-2.641,1
1413,0.9752604780262553,-0.9461,0,5.8778,0.172,0,-1.963,0.874,0.0,-2.64,1
1414,0.9753466050589401,-0.9451,0,5.8782,0.17,0,-1.966,0.875,0.0,-2.64,1
1415,0.9732101520226758,-0.9436,0,5.8784,0.173,0,-1.966,0.876,0.0,-2.639,1
1416,0.9738731950310573,-0.9445,0,5.8776,0.173,0,-1.964,0.875,0.0,-2.639,1
1417,0.974458824168574,-0.9444,0,5.8773,0.177,0,-1.958,0.874,0.0,-2.639,1
1418,0.9787185499417081,-0.9445,0,5.8773,0.173,0,-1.956,0.874,0.0,-2.639,1
1419,0.9745409175606737,-0.9452,0,5.8771,0.173,0,-1.962,0.874,0.0,-2.639,1
1420,0.973103283315805,-0.9455,0,5.8769,0.174,0,-1.962,0.873,0.0,-2.639,1
1421,0.9709938207836338,-0.9457,0,5.8769,0.175,0,-1.964,0.873,0.0,-2.639,1
1422,0.9738218522912699,-0.9457,0,5.8775,0.174,0,-1.963,0.874,0.0,-2.64,1
1423,0.9731269187521225,-0.9457,0,5.8776,0.174,0,-1.964,0.874,0.0,-2.64,1
1424,0.9745173164187491,-0.9457,0,5.8776,0.174,0,-1.962,0.874,0.0,-2.64,1
1425,0.9730817026334428,-0.9457,0,5.8776,0.176,0,-1.962,0.874,0.0,-2.64,1
1426,0.9758729425493875,-0.9457,0,5.8776,0.176,0,-1.958,0.874,0.0,-2.64,1
1427,0.9738218522912698,-0.9446,0,5.8776,0.174,0,-1.962,0.874,0.0,-2.639,1
1428,0.97534660505894,-0.9379,0,5.8772,0.174,0,-1.96,0.879,0.0,-2.634,1
1429,0.9730493307124773,-0.9257,0,5.8769,0.172,0,-1.965,0.887,0.0,-2.625,1
1430,0.9671039240950271,-0.9104,0,5.8771,0.181,0,-1.965,0.898,0.0,-2.614,1
1431,0.9530519398227988,-0.8923,0,5.8776,0.203,0,-1.964,0.911,0.0,-2.602,1
1432,0.9357574472052042,-0.876,0,5.8781,0.232,0,-1.96,0.923,0.0,-2.591,1
1433,0.9359300187514022,-0.8607,0,5.878,0.232,0,-1.961,0.934,0.0,-2.58,1
1434,0.912097582498715,-0.8485,0,5.8779,0.263,0,-1.962,0.942,0.0,-2.571,1
1435,0.8918979762282232,-0.8379,0,5.8778,0.291,0,-1.962,0.95,0.0,-2.563,1
1436,0.8767354218919182,-0.8287,0,5.8781,0.313,0,-1.961,0.956,0.0,-2.557,1
1437,0.864016782244419,-0.8175,0,5.8782,0.33,0,-1.962,0.964,0.0,-2.549,1
1438,0.8665379391578882,-0.8043,0,5.8783,0.331,0,-1.958,0.973,0.0,-2.54,1
1439,0.8540468371231171,-0.7916,0,5.8789,0.347,0,-1.961,0.983,0.0,-2.531,1
1440,0.8347221094472098,-0.7781,0,5.8786,0.373,0,-1.961,0.992,0.0,-2.521,1
1441,0.8232842765412199,-0.7653,0,5.8785,0.392,0,-1.958,1.001,0.0,-2.512,1
1442,0.8060229525267877,-0.7526,0,5.8787,0.418,0,-1.956,1.01,0.0,-2.503,1
1443,0.8013120490795083,-0.74,0,5.8791,0.418,0,-1.964,1.019,0.0,-2.494,1
1444,0.7881148393476676,-0.7284,0,5.8792,0.441,0,-1.959,1.027,0.0,-2.486,1
1445,0.7716229649252282,-0.715,0,5.8796,0.466,0,-1.958,1.037,0.0,-2.477,1
1446,0.7531918746242553,-0.7026,0,5.8796,0.489,0,-1.961,1.046,0.0,-2.468,1
1447,0.7334152984496572,-0.69,0,5.8802,0.512,0,-1.967,1.055,0.0,-2.46,1
1448,0.738772630787037,-0.6788,0,5.8802,0.511,0,-1.961,1.063,0.0,-2.452,1
1449,0.7214388400966503,-0.6654,0,5.8802,0.529,0,-1.967,1.072,0.0,-2.442,1
1450,0.7033953369194311,-0.6534,0,5.8804,0.555,0,-1.967,1.081,0.0,-2.434,1
1451,0.6919371358729057,-0.6403,0,5.8804,0.574,0,-1.963,1.09,0.0,-2.424,1
1452,0.6746917814824782,-0.6275,0,5.8801,0.599,0,-1.962,1.099,0.0,-2.415,1
1453,0.6714052427558189,-0.6159,0,5.88,0.599,0,-1.968,1.107,0.0,-2.407,1
1454,0.6549320575449031,-0.6035,0,5.88,0.622,0,-1.968,1.116,0.0,-2.398,1
1455,0.639534987315002,-0.5911,0,5.8801,0.647,0,-1.963,1.124,0.0,-2.389,1
1456,0.6268277275296618,-0.5787,0,5.8803,0.665,0,-1.963,1.133,0.0,-2.38,1
1457,0.6084743215617237,-0.5663,0,5.8804,0.687,0,-1.968,1.142,0.0,-2.372,1
1458,0.6066572343589086,-0.5553,0,5.8803,0.687,0,-1.972,1.15,0.0,-2.364,1
1459,0.5900508452667447,-0.5441,0,5.8805,0.71,0,-1.972,1.158,0.0,-2.356,1
1460,0.5824036400985144,-0.5336,0,5.8804,0.728,0,-1.963,1.165,0.0,-2.348,1
1461,0.5633054233717264,-0.5225,0,5.8804,0.75,0,-1.968,1.173,0.0,-2.34,1
1462,0.5546611578252076,-0.5102,0,5.8801,0.766,0,-1.963,1.181,0.0,-2.331,1
1463,0.5510716831774246,-0.4978,0,5.8808,0.766,0,-1.971,1.19,0.0,-2.323,1
1464,0.5337883475685845,-0.4857,0,5.8807,0.79,0,-1.971,1.199,0.0,-2.314,1
1465,0.5193380402011776,-0.4729,0,5.8812,0.812,0,-1.97,1.208,0.0,-2.306,1
1466,0.5063161067949546,-0.462,0,5.8822,0.833,0,-1.969,1.217,0.0,-2.299,1
1467,0.4952908236581816,-0.4499,0,5.883,0.854,0,-1.964,1.226,0.0,-2.291,1
1468,0.49181500587111004,-0.4378,0,5.8828,0.853,0,-1.971,1.234,0.0,-2.282,1
1469,0.4761953380704184,-0.4258,0,5.882,0.873,0,-1.972,1.242,0.0,-2.273,1
1470,0.4569868707085576,-0.4116,0,5.8816,0.898,0,-1.973,1.252,0.0,-2.262,1
1471,0.4418879948584254,-0.3969,0,5.8813,0.926,0,-1.965,1.262,0.0,-2.252,1
1472,0.4319085551363853,-0.384,0,5.8809,0.942,0,-1.961,1.27,0.0,-2.242,1
1473,0.4313560014651472,-0.3713,0,5.8819,0.942,0,-1.966,1.28,0.0,-2.234,1
1474,0.4202879964976398,-0.3581,0,5.8824,0.959,0,-1.966,1.29,0.0,-2.225,1
1475,0.40801960737199855,-0.3449,0,5.8823,0.975,0,-1.967,1.299,0.0,-2.215,1
1476,0.397935924490363,-0.333,0,5.8822,0.995,0,-1.96,1.307,0.0,-2.207,1
1477,0.379971051528929,-0.323,0,5.8819,1.017,0,-1.962,1.314,0.0,-2.199,1
1478,0.35172858854520195,-0.2948,0,5.8816,1.062,0,-1.956,1.334,0.0,-2.179,1
1479,0.3504069063246328,-0.2828,0,5.8819,1.063,0,-1.959,1.342,0.0,-2.171,1
1480,0.33381731530883757,-0.2707,0,5.8819,1.086,0,-1.959,1.351,0.0,-2.162,1
1481,0.31812733299733903,-0.2596,0,5.8825,1.11,0,-1.957,1.359,0.0,-2.155,1
1482,0.3029785470953349,-0.2489,0,5.8837,1.131,0,-1.958,1.367,0.0,-2.148,1
1483,0.2855118211212979,-0.2452,0,5.8843,1.156,0,-1.957,1.37,0.0,-2.146,1
1484,0.2829911659398575,-0.238,0,5.8843,1.155,0,-1.963,1.375,0.0,-2.141,1
1485,0.278212149267425,-0.2282,0,5.8851,1.162,0,-1.965,1.383,0.0,-2.134,1
1486,0.27063259227225395,-0.2146,0,5.8857,1.174,0,-1.966,1.393,0.0,-2.125,1
1487,0.26144406667583797,-0.1974,0,5.8864,1.193,0,-1.96,1.405,0.0,-2.113,1
1488,0.2348275963339914,-0.185,0,5.8865,1.224,0,-1.966,1.414,0.0,-2.104,1
1489,0.23342022191746808,-0.1717,0,5.886,1.224,0,-1.973,1.423,0.0,-2.095,1
1490,0.21574522010927596,-0.1595,0,5.8843,1.245,0,-1.974,1.43,0.0,-2.085,1
1491,0.20969501663129725,-0.1493,0,5.884,1.261,0,-1.963,1.437,0.0,-2.077,1
1492,0.1940103090044444,-0.1411,0,5.8853,1.29,0,-1.954,1.444,0.0,-2.072,1
1493,0.1728004629623428,-0.1319,0,5.8856,1.313,0,-1.962,1.451,0.0,-2.066,1
1494,0.1675738643106376,-0.1198,0,5.8851,1.314,0,-1.973,1.459,0.0,-2.057,1
1495,0.1661114083980987,-0.0982,0,5.8851,1.322,0,-1.975,1.474,0.0,-2.042,1
1496,0.062000000000000055,0.1125,0,5.8837,1.621,0,-1.953,1.621,0.0,-1.891,1
1497,0.07224956747275384,0.1251,0,5.8831,1.635,0,-1.953,1.629,0.0,-1.881,1
1498,0.08516454661418693,0.137,0,5.8834,1.661,0,-1.955,1.638,0.0,-1.873,1
1499,0.09204890004774627,0.1503,0,5.884,1.675,0,-1.952,1.648,0.0,-1.864,1
1500,0.08982204629154235,0.1624,0,5.8849,1.675,0,-1.944,1.657,0.0,-1.856,1
1501,0.1100636179670648,0.1745,0,5.8848,1.698,0,-1.952,1.665,0.0,-1.847,1
1502,0.12488794977899184,0.1868,0,5.8844,1.725,0,-1.952,1.674,0.0,-1.838,1
1503,0.13376471881628596,0.1992,0,5.8843,1.745,0,-1.947,1.682,0.0,-1.829,1
1504,0.15008331019803622,0.2121,0,5.8842,1.766,0,-1.95,1.691,0.0,-1.82,1
1505,0.14892279879185724,0.2235,0,5.8848,1.767,0,-1.945,1.7,0.0,-1.812,1
1506,0.16905620367203333,0.2364,0,5.8852,1.783,0,-1.955,1.709,0.0,-1.803,1
1507,0.18319934497699494,0.2482,0,5.8855,1.808,0,-1.954,1.717,0.0,-1.795,1
1508,0.20107958623390884,0.2599,0,5.8852,1.837,0,-1.954,1.725,0.0,-1.787,1
1509,0.21275807857752432,0.2721,0,5.8854,1.855,0,-1.953,1.734,0.0,-1.778,1
1510,0.21455302374937527,0.2845,0,5.8854,1.855,0,-1.952,1.743,0.0,-1.769,1
1511,0.22881652038259837,0.2962,0,5.8852,1.877,0,-1.952,1.751,0.0,-1.761,1
1512,0.246028453639005,0.3085,0,5.8856,1.899,0,-1.955,1.76,0.0,-1.752,1
1513,0.2556345047132722,0.3201,0,5.8865,1.919,0,-1.952,1.769,0.0,-1.745,1
1514,0.27022398117117585,0.3314,0,5.8865,1.942,0,-1.951,1.777,0.0,-1.737,1
1515,0.27436107595648485,0.3432,0,5.8865,1.942,0,-1.953,1.785,0.0,-1.728,1
1516,0.28666705426330397,0.3546,0,5.8864,1.96,0,-1.953,1.793,0.0,-1.72,1
1517,0.30440105124654226,0.367,0,5.8859,1.983,0,-1.955,1.801,0.0,-1.711,1
1518,0.31515869018638853,0.3771,0,5.8884,2.007,0,-1.951,1.81,0.0,-1.705,1
1519,0.3336645021574816,0.3888,0,5.887,2.031,0,-1.952,1.817,0.0,-1.696,1
1520,0.334073345240233,0.4017,0,5.8868,2.032,0,-1.95,1.826,0.0,-1.687,1
1521,0.3492062427849765,0.4137,0,5.8865,2.053,0,-1.95,1.834,0.0,-1.678,1
1522,0.36749013592204055,0.4257,0,5.8855,2.074,0,-1.954,1.842,0.0,-1.669,1
1523,0.38641946120763637,0.4379,0,5.8842,2.096,0,-1.957,1.85,0.0,-1.659,1
1524,0.40806004460128165,0.4504,0,5.884,2.121,0,-1.962,1.858,0.0,-1.65,1
1525,0.41467336543356637,0.4625,0,5.8847,2.122,0,-1.969,1.867,0.0,-1.642,1
1526,0.42604342501674636,0.4737,0,5.8856,2.143,0,-1.967,1.876,0.0,-1.635,1
1527,0.450584065408443,0.4852,0,5.886,2.169,0,-1.976,1.884,0.0,-1.627,1
1528,0.4657982395844794,0.4961,0,5.8863,2.19,0,-1.977,1.892,0.0,-1.619,1
1529,0.4759464255564906,0.5073,0,5.8869,2.209,0,-1.974,1.9,0.0,-1.612,1
1530,0.47900939447989943,0.5184,0,5.8872,2.211,0,-1.975,1.908,0.0,-1.604,1
1531,0.49191970889566944,0.529,0,5.8869,2.232,0,-1.973,1.916,0.0,-1.596,1
1532,0.5046028141023392,0.5398,0,5.8867,2.255,0,-1.968,1.923,0.0,-1.588,1
1533,0.5200346142325526,0.5509,0,5.8864,2.275,0,-1.97,1.931,0.0,-1.58,1
1534,0.533318853970118,0.5615,0,5.8857,2.293,0,-1.97,1.938,0.0,-1.572,1
1535,0.5398342338162706,0.5728,0,5.8847,2.295,0,-1.974,1.945,0.0,-1.563,1
1536,0.554274300324307,0.5838,0,5.8843,2.316,0,-1.973,1.952,0.0,-1.555,1
1537,0.5643837347053867,0.5948,0,5.8843,2.337,0,-1.967,1.96,0.0,-1.547,1
1538,0.5811239110551207,0.6052,0,5.8838,2.359,0,-1.969,1.967,0.0,-1.54,1
1539,0.5965475672567945,0.6162,0,5.8837,2.38,0,-1.97,1.975,0.0,-1.532,1
1540,0.5999208281098432,0.6259,0,5.8838,2.38,0,-1.973,1.981,0.0,-1.525,1
1541,0.6162807801643664,0.6379,0,5.8838,2.399,0,-1.977,1.99,0.0,-1.516,1
1542,0.6341427284137222,0.6499,0,5.884,2.417,0,-1.984,1.998,0.0,-1.508,1
1543,0.6406535725335497,0.6609,0,5.8847,2.438,0,-1.975,2.007,0.0,-1.501,1
1544,0.6522974781493485,0.6714,0,5.8854,2.461,0,-1.97,2.015,0.0,-1.494,1
1545,0.648836651245905,0.6813,0,5.8854,2.463,0,-1.962,2.021,0.0,-1.487,1
1546,0.6635616022646278,0.6908,0,5.8849,2.483,0,-1.963,2.028,0.0,-1.48,1
1547,0.6781600106169634,0.7007,0,5.8847,2.509,0,-1.957,2.035,0.0,-1.472,1
1548,0.6922867902827555,0.7098,0,5.8837,2.525,0,-1.959,2.04,0.0,-1.465,1
1549,0.6960747086340658,0.7193,0,5.8838,2.525,0,-1.964,2.047,0.0,-1.458,1
1550,0.7079159554636413,0.7281,0,5.8837,2.545,0,-1.961,2.053,0.0,-1.452,1
1551,0.7213168513212483,0.7381,0,5.8838,2.563,0,-1.962,2.06,0.0,-1.445,1
1552,0.7361256686191564,0.7492,0,5.8843,2.584,0,-1.963,2.068,0.0,-1.438,1
1553,0.7538235867893762,0.7597,0,5.8842,2.603,0,-1.969,2.076,0.0,-1.43,1
1554,0.752469268475464,0.7705,0,5.8842,2.606,0,-1.963,2.083,0.0,-1.422,1
1555,0.7687190644182049,0.7802,0,5.8837,2.625,0,-1.967,2.09,0.0,-1.415,1
1556,0.7863650551747577,0.7897,0,5.8822,2.644,0,-1.97,2.095,0.0,-1.407,1
1557,0.7983238691157869,0.7979,0,5.882,2.665,0,-1.966,2.101,0.0,-1.401,1
1558,0.8224165611172964,0.8072,0,5.8818,2.682,0,-1.982,2.107,0.0,-1.394,1
1559,0.816061272209385,0.8185,0,5.8826,2.686,0,-1.971,2.116,0.0,-1.387,1
1560,0.835160463623608,0.8289,0,5.8822,2.706,0,-1.977,2.123,0.0,-1.379,1
1561,0.8690368231553827,0.8448,0,5.8795,2.745,0,-1.982,2.132,0.0,-1.366,1
1562,0.8817692441903381,0.8573,0,5.8825,2.764,0,-1.985,2.143,0.0,-1.359,1
1563,0.8904229332176932,0.8637,0,5.8825,2.789,0,-1.972,2.147,0.0,-1.355,1
1564,0.9080352416068442,0.8742,0,5.883,2.807,0,-1.98,2.155,0.0,-1.348,1
1565,0.9065285434005925,0.883,0,5.8852,2.808,0,-1.98,2.163,0.0,-1.343,1
1566,0.9291479968228958,0.8927,0,5.8832,2.822,0,-1.995,2.168,0.0,-1.335,1
1567,0.9595462469313295,0.9149,0,5.8844,2.862,0,-2.0,2.185,0.0,-1.32,1
1568,0.9765270093550918,0.9212,0,5.8832,2.882,0,-2.001,2.188,0.0,-1.314,1
1569,0.9816934348359473,0.9352,0,5.8834,2.907,0,-1.983,2.198,0.0,-1.304,1
1570,1.0100693045529103,0.9601,0,5.8833,2.948,0,-1.983,2.216,0.0,-1.287,1
1571,1.0332594059576714,0.9694,0,5.8806,2.964,0,-1.995,2.22,0.0,-1.278,1
1572,1.0522898840148567,0.976,0,5.8747,2.954,0,-2.024,2.221,0.0,-1.269,1
1573,1.064906568671637,0.9808,0,5.8763,2.976,0,-2.022,2.225,0.0,-1.267,1
1574,1.0797522864064701,0.9913,0,5.8758,2.995,0,-2.023,2.232,0.0,-1.259,1
1575,1.094602210851047,1.0052,0,5.8741,3.014,0,-2.023,2.241,0.0,-1.248,1
1576,1.1293878873088732,1.036,0,5.8778,3.051,0,-2.04,2.265,0.0,-1.229,1
1577,1.1392861800267746,1.0497,0,5.8822,3.096,0,-2.015,2.278,0.0,-1.222,1
1578,1.3478709137005664,1.2333,0,5.8759,3.368,0,-2.027,2.402,0.0,-1.087,1
1579,1.3585069009762152,1.237,0,5.8735,3.378,0,-2.029,2.403,0.0,-1.083,1
1580,1.356320021233927,1.2447,0,5.8731,3.378,0,-2.025,2.408,0.0,-1.077,1
1581,1.3668785608092622,1.2518,0,5.8681,3.384,0,-2.027,2.41,0.0,-1.068,1
1582,1.3867317693050807,1.2534,0,5.8648,3.4,0,-2.034,2.408,0.0,-1.065,1
1583,1.4009500347978152,1.2636,0,5.8644,3.421,0,-2.032,2.415,0.0,-1.057,1
1584,1.425087014887161,1.2746,0,5.8651,3.451,0,-2.038,2.424,0.0,-1.05,1
1585,1.422817627104753,1.2849,0,5.8682,3.452,0,-2.038,2.433,0.0,-1.045,1
1586,1.428003151257027,1.2965,0,5.87,3.474,0,-2.025,2.442,0.0,-1.038,1
1587,1.444217435153031,1.302,0,5.8707,3.489,0,-2.034,2.447,0.0,-1.034,1
1588,1.4528275878437882,1.3135,0,5.8691,3.506,0,-2.027,2.454,0.0,-1.025,1
1589,1.4656991505762702,1.3186,0,5.8713,3.524,0,-2.03,2.459,0.0,-1.023,1
1590,1.4738066358922395,1.3299,0,5.8692,3.524,0,-2.038,2.465,0.0,-1.013,1
1591,1.4849484839549147,1.3435,0,5.8718,3.533,0,-2.05,2.477,0.0,-1.006,1
1592,1.4969933199583756,1.3579,0,5.8759,3.557,0,-2.048,2.49,0.0,-0.998,1
1593,1.515402586773561,1.3618,0,5.8709,3.571,0,-2.053,2.489,0.0,-0.992,1
1594,1.5263459634041032,1.3626,0,5.8695,3.592,0,-2.044,2.488,0.0,-0.99,1
1595,1.5263459634041032,1.3617,0,5.87,3.592,0,-2.045,2.488,0.0,-0.991,1
1596,1.547084031331201,1.3702,0,5.8646,3.615,0,-2.043,2.49,0.0,-0.981,1
1597,1.5528222692890514,1.3796,0,5.8631,3.627,0,-2.038,2.496,0.0,-0.974,1
1598,1.5742061491431163,1.3817,0,5.8596,3.645,0,-2.045,2.495,0.0,-0.97,1
1599,1.5890604142070874,1.3817,0,5.8557,3.665,0,-2.039,2.492,0.0,-0.967,1
1600,1.597648897599219,1.3869,0,5.8536,3.663,0,-2.051,2.494,0.0,-0.962,1
1601,1.618249053761503,1.3815,0,5.8491,3.684,0,-2.052,2.487,0.0,-0.963,1
1602,1.6256989266158721,1.3693,0,5.849,3.695,0,-2.05,2.479,0.0,-0.971,1
1603,1.6168623936501214,1.358,0,5.8459,3.706,0,-2.017,2.468,0.0,-0.977,1
1604,1.623546734775442,1.3489,0,5.8474,3.703,0,-2.033,2.463,0.0,-0.985,1
1605,1.619285336190012,1.3447,0,5.849,3.703,0,-2.028,2.461,0.0,-0.989,1
1606,1.6223553864674658,1.3386,0,5.8531,3.706,0,-2.035,2.46,0.0,-0.996,1
1607,1.622901414134574,1.334,0,5.8551,3.698,0,-2.048,2.458,0.0,-1.001,1
1608,1.6124543404388227,1.3413,0,5.8611,3.695,0,-2.045,2.467,0.0,-1.0,1
1609,1.613753388842298,1.3328,0,5.8656,3.687,0,-2.063,2.465,0.0,-1.009,1
1610,1.6060541709419396,1.3292,0,5.8695,3.688,0,-2.055,2.465,0.0,-1.014,1
1611,1.5853378188890845,1.3256,0,5.87,3.663,0,-2.053,2.463,0.0,-1.017,1
1612,1.528258158820034,1.4501,0,5.9049,3.638,0,-2.051,2.575,0.0,-0.953,1
1613,1.4995172556526315,1.445,0,5.9163,3.614,0,-2.05,2.58,0.0,-0.964,1
1614,1.488108194991211,1.433,0,5.9172,3.601,0,-2.049,2.572,0.0,-0.974,1
1615,1.4927226802055362,1.4075,0,5.9137,3.601,0,-2.05,2.551,0.0,-0.989,1
1616,1.4906481811614707,1.374,0,5.9045,3.585,0,-2.051,2.521,0.0,-1.007,1
1617,1.4845581834337107,1.3458,0,5.8942,3.566,0,-2.047,2.494,0.0,-1.02,1
1618,1.4868288401830252,1.3266,0,5.8821,3.55,0,-2.049,2.472,0.0,-1.025,1
1619,1.4885758294423566,1.3075,0,5.8733,3.539,0,-2.049,2.452,0.0,-1.032,1
1620,1.4927374183023616,1.2956,0,5.866,3.54,0,-2.044,2.439,0.0,-1.036,1
1621,1.4846986226167247,1.2848,0,5.8585,3.517,0,-2.045,2.426,0.0,-1.038,1
1622,1.4770731193817048,1.2762,0,5.8569,3.507,0,-2.042,2.419,0.0,-1.043,1
1623,1.4677997138574457,1.2624,0,5.8556,3.488,0,-2.046,2.408,0.0,-1.052,1
1624,1.451977961265253,1.2569,0,5.8567,3.469,0,-2.045,2.405,0.0,-1.057,1
1625,1.4485803395048547,1.2522,0,5.8617,3.469,0,-2.046,2.405,0.0,-1.063,1
1626,1.4364323861567587,1.2462,0,5.8653,3.457,0,-2.047,2.404,0.0,-1.07,1
1627,1.4043489594826493,1.2823,0,5.8804,3.44,0,-2.041,2.44,0.0,-1.055,1
1628,1.3972780682455441,1.2695,0,5.8799,3.425,0,-2.045,2.43,0.0,-1.064,1
1629,1.3853739567351484,1.2615,0,5.8806,3.419,0,-2.035,2.425,0.0,-1.07,1
1630,1.3870014419603176,1.2489,0,5.8805,3.419,0,-2.037,2.416,0.0,-1.079,1
1631,1.3863448344477647,1.2363,0,5.8808,3.412,0,-2.044,2.408,0.0,-1.088,1
1632,1.372731583376736,1.2178,0,5.8764,3.398,0,-2.032,2.392,0.0,-1.098,1
1633,1.3603565709033791,1.199,0,5.8777,3.382,0,-2.032,2.379,0.0,-1.113,1
1634,1.3443630462044098,1.191,0,5.8782,3.358,0,-2.035,2.374,0.0,-1.119,1
1635,1.3469558270411097,1.1954,0,5.8773,3.358,0,-2.038,2.377,0.0,-1.115,1
1636,1.336332668163134,1.1895,0,5.8767,3.345,0,-2.035,2.372,0.0,-1.119,1
1637,1.3362503507950896,1.1886,0,5.877,3.343,0,-2.037,2.372,0.0,-1.119,1
1638,1.3382077566656083,1.193,0,5.878,3.343,0,-2.041,2.375,0.0,-1.117,1
1639,1.336138091665678,1.1848,0,5.8793,3.339,0,-2.045,2.371,0.0,-1.124,1
1640,1.336098798742069,1.1658,0,5.8801,3.34,0,-2.044,2.358,0.0,-1.138,1
1641,1.3241755925858167,1.1565,0,5.8824,3.328,0,-2.042,2.353,0.0,-1.146,1
1642,1.3047164442897163,1.1384,0,5.8826,3.306,0,-2.036,2.34,0.0,-1.159,1
1643,1.285739087062379,1.1291,0,5.884,3.278,0,-2.041,2.335,0.0,-1.167,1
1644,1.2529213862010655,1.1293,0,5.8822,3.26,0,-2.009,2.334,0.0,-1.165,1
1645,1.2617151025489073,1.1245,0,5.8812,3.256,0,-2.025,2.33,0.0,-1.168,1
1646,1.258853446593367,1.1223,0,5.8772,3.231,0,-2.041,2.325,0.0,-1.167,1
1647,1.2435569950750147,1.1616,0,5.8692,3.202,0,-2.036,2.347,0.0,-1.133,1
1648,1.241760041231799,1.1156,0,5.8629,3.198,0,-2.03,2.31,0.0,-1.162,1
1649,1.0881516438438164,0.9562,0,5.8846,3.009,0,-2.033,2.214,0.0,-1.29,1
1650,1.076067377072644,0.951,0,5.8844,2.995,0,-2.03,2.21,0.0,-1.294,1
1651,1.078257854133231,0.9439,0,5.8863,2.994,0,-2.036,2.206,0.0,-1.3,1
1652,1.06612804109075,0.9359,0,5.887,2.978,0,-2.036,2.201,0.0,-1.306,1
1653,1.0547345637647418,0.9323,0,5.8842,2.964,0,-2.031,2.197,0.0,-1.307,1
1654,1.0440000000000003,0.9272,0,5.8847,2.95,0,-2.031,2.194,0.0,-1.311,1
1655,1.0355906527195002,0.9161,0,5.8845,2.938,0,-2.031,2.186,0.0,-1.319,1
1656,1.0322988908257145,0.9105,0,5.8842,2.937,0,-2.027,2.182,0.0,-1.323,1
1657,1.0203107369816313,0.904,0,5.8837,2.924,0,-2.022,2.177,0.0,-1.327,1
1658,1.007019860777333,0.8976,0,5.8833,2.912,0,-2.014,2.172,0.0,-1.331,1
1659,0.9997424668383351,0.889,0,5.8816,2.896,0,-2.018,2.165,0.0,-1.336,1
1660,0.9869736571965841,0.8814,0,5.8808,2.88,0,-2.015,2.159,0.0,-1.341,1
1661,0.9892188837663787,0.8741,0,5.8814,2.879,0,-2.02,2.154,0.0,-1.347,1
1662,0.9770798329716973,0.8671,0,5.8819,2.863,0,-2.019,2.149,0.0,-1.352,1
1663,0.9648295186197405,0.8622,0,5.883,2.847,0,-2.02,2.147,0.0,-1.356,1
1664,0.9528320943377171,0.853,0,5.8851,2.834,0,-2.019,2.142,0.0,-1.364,1
1665,0.9414143614795772,0.8466,0,5.8862,2.819,0,-2.019,2.138,0.0,-1.369,1
1666,0.9422101676377729,0.8401,0,5.8853,2.817,0,-2.021,2.133,0.0,-1.373,1
1667,0.9490648028454118,0.8534,0,5.875,2.795,0,-2.039,2.135,0.0,-1.357,1
1668,0.9362478304380737,0.8419,0,5.8735,2.782,0,-2.032,2.126,0.0,-1.364,1
1669,0.9277413432633042,0.8301,0,5.8731,2.769,0,-2.032,2.117,0.0,-1.372,1
1670,0.9072204803684711,0.82,0,5.8774,2.756,0,-2.022,2.113,0.0,-1.382,1
1671,0.9010416194604998,0.8096,0,5.881,2.758,0,-2.016,2.108,0.0,-1.392,1
1672,0.8834483572909058,0.8009,0,5.8842,2.745,0,-2.01,2.105,0.0,-1.401,1
1673,0.8666446792082669,0.792,0,5.8865,2.732,0,-2.002,2.1,0.0,-1.409,1
1674,0.8525567429796098,0.7825,0,5.8872,2.717,0,-1.998,2.094,0.0,-1.416,1
1675,0.8405676653309951,0.7736,0,5.8867,2.702,0,-1.995,2.087,0.0,-1.422,1
1676,0.8383614972074996,0.7665,0,5.8857,2.704,0,-1.987,2.081,0.0,-1.426,1
1677,0.8270634800304022,0.7575,0,5.8857,2.69,0,-1.986,2.075,0.0,-1.433,1
1678,0.8205979527149699,0.7501,0,5.8846,2.678,0,-1.987,2.069,0.0,-1.437,1
1679,0.8084182086024534,0.7425,0,5.8835,2.661,0,-1.986,2.063,0.0,-1.442,1
1680,0.7996361672660887,0.7369,0,5.8822,2.645,0,-1.988,2.058,0.0,-1.445,1
1681,0.799751211315119,0.7311,0,5.8833,2.644,0,-1.991,2.055,0.0,-1.45,1
1682,0.7679303353820579,0.7125,0,5.8853,2.609,0,-1.983,2.043,0.0,-1.464,1
1683,0.7615418570242874,0.7059,0,5.8846,2.599,0,-1.984,2.038,0.0,-1.469,1
1684,0.7642525760506143,0.701,0,5.8852,2.596,0,-1.991,2.035,0.0,-1.472,1
1685,0.7522692337188861,0.6963,0,5.8853,2.585,0,-1.986,2.032,0.0,-1.476,1
1686,0.7443614713296223,0.6914,0,5.8856,2.574,0,-1.987,2.029,0.0,-1.48,1
1687,0.7371973955461321,0.6857,0,5.8858,2.563,0,-1.988,2.025,0.0,-1.484,1
1688,0.731978824830336,0.6834,0,5.8861,2.55,0,-1.994,2.023,0.0,-1.486,1
1689,0.7320061475151696,0.6796,0,5.8862,2.549,0,-1.995,2.021,0.0,-1.488,1
1690,0.7249365489475614,0.6753,0,5.8862,2.541,0,-1.993,2.018,0.0,-1.491,1
1691,0.7163776936784116,0.6701,0,5.8863,2.528,0,-1.994,2.014,0.0,-1.495,1
1692,0.7079413817541677,0.6638,0,5.8859,2.52,0,-1.99,2.01,0.0,-1.499,1
1693,0.6987374328029092,0.6581,0,5.8854,2.508,0,-1.988,2.005,0.0,-1.503,1
1694,0.6995891651533778,0.6514,0,5.8851,2.508,0,-1.989,2.0,0.0,-1.508,1
1695,0.6959669532384424,0.6451,0,5.8852,2.499,0,-1.993,1.996,0.0,-1.512,1
1696,0.68186215615768,0.6391,0,5.8853,2.486,0,-1.987,1.992,0.0,-1.517,1
1697,0.6768965947617109,0.6317,0,5.886,2.477,0,-1.989,1.987,0.0,-1.522,1
1698,0.6668860472374573,0.6246,0,5.8874,2.462,0,-1.992,1.983,0.0,-1.528,1
1699,0.6662446997913004,0.6175,0,5.8884,2.46,0,-1.995,1.979,0.0,-1.534,1
1700,0.6590978683018177,0.6091,0,5.8881,2.446,0,-1.999,1.973,0.0,-1.54,1
1701,0.6478348554994553,0.6014,0,5.8877,2.434,0,-1.994,1.967,0.0,-1.545,1
1702,0.6343224731948255,0.5911,0,5.8909,2.416,0,-1.998,1.962,0.0,-1.555,1
1703,0.6103810285387318,0.5723,0,5.8866,2.387,0,-1.987,1.946,0.0,-1.565,1
1704,0.6004040306327066,0.5638,0,5.8862,2.371,0,-1.989,1.94,0.0,-1.571,1
1705,0.6005938727626183,0.5555,0,5.8859,2.371,0,-1.989,1.934,0.0,-1.577,1
1706,0.5784980553122024,0.5348,0,5.886,2.335,0,-1.993,1.919,0.0,-1.591,1
1707,0.5678600179621733,0.5262,0,5.8865,2.32,0,-1.994,1.913,0.0,-1.598,1
1708,0.5600357131469386,0.518,0,5.887,2.306,0,-1.998,1.908,0.0,-1.604,1
1709,0.5480118611855038,0.5086,0,5.8868,2.287,0,-2.0,1.901,0.0,-1.611,1
1710,0.5338885651519426,0.5026,0,5.8852,2.277,0,-1.988,1.896,0.0,-1.614,1
1711,0.5353363428724038,0.4959,0,5.8853,2.275,0,-1.992,1.891,0.0,-1.619,1
1712,0.5106897296793819,0.4739,0,5.8846,2.245,0,-1.986,1.875,0.0,-1.634,1
1713,0.4965521120688141,0.4645,0,5.8845,2.229,0,-1.982,1.869,0.0,-1.64,1
1714,0.4783053418058386,0.455,0,5.8849,2.212,0,-1.973,1.862,0.0,-1.647,1
1715,0.46694967608940485,0.4457,0,5.8851,2.197,0,-1.973,1.856,0.0,-1.654,1
1716,0.4679797004144519,0.436,0,5.8856,2.196,0,-1.975,1.849,0.0,-1.661,1
1717,0.4557477372406801,0.4267,0,5.8864,2.178,0,-1.978,1.843,0.0,-1.669,1
1718,0.4457016939613311,0.4172,0,5.8867,2.162,0,-1.981,1.837,0.0,-1.676,1
1719,0.4314487223297804,0.4087,0,5.8866,2.143,0,-1.98,1.831,0.0,-1.682,1
1720,0.4242852813850608,0.3998,0,5.8867,2.128,0,-1.985,1.825,0.0,-1.688,1
1721,0.42445494460543154,0.3909,0,5.8866,2.127,0,-1.985,1.818,0.0,-1.694,1
1722,0.4130375285612676,0.382,0,5.8867,2.11,0,-1.987,1.812,0.0,-1.701,1
1723,0.400262413923666,0.3723,0,5.8867,2.092,0,-1.987,1.805,0.0,-1.708,1
1724,0.3889190147061469,0.3634,0,5.8865,2.076,0,-1.987,1.799,0.0,-1.714,1
1725,0.3783080755151811,0.3544,0,5.886,2.058,0,-1.989,1.792,0.0,-1.72,1
1726,0.37903298009540015,0.3455,0,5.8859,2.057,0,-1.991,1.786,0.0,-1.726,1
1727,0.3662813126546316,0.3366,0,5.8862,2.039,0,-1.992,1.78,0.0,-1.733,1
1728,0.35426120306914777,0.3276,0,5.8864,2.025,0,-1.989,1.774,0.0,-1.739,1
1729,0.34511447376196785,0.3187,0,5.8863,2.008,0,-1.994,1.768,0.0,-1.746,1
1730,0.34579329085452215,0.3084,0,5.8865,2.007,0,-1.995,1.76,0.0,-1.753,1
1731,0.343332200645381,0.2987,0,5.8859,2.007,0,-1.99,1.753,0.0,-1.759,1
1732,0.31890594224629937,0.2901,0,5.8858,1.973,0,-1.991,1.747,0.0,-1.766,1
1733,0.3076572768520191,0.281,0,5.8856,1.954,0,-1.994,1.741,0.0,-1.772,1
1734,0.2978808486626826,0.2723,0,5.8853,1.937,0,-1.996,1.734,0.0,-1.778,1
1735,0.285954541841881,0.2637,0,5.8852,1.921,0,-1.995,1.728,0.0,-1.784,1
1736,0.2871410803072247,0.2555,0,5.8853,1.921,0,-1.997,1.722,0.0,-1.79,1
1737,0.268016790518803,0.2332,0,5.8853,1.894,0,-1.998,1.707,0.0,-1.806,1
1738,0.259532271596424,0.2239,0,5.8852,1.881,0,-1.998,1.7,0.0,-1.812,1
1739,0.24262110378118384,0.2159,0,5.885,1.861,0,-1.994,1.694,0.0,-1.818,1
1740,0.23627949551325866,0.2066,0,5.8847,1.85,0,-1.996,1.688,0.0,-1.824,1
1741,0.22784643951574055,0.1982,0,5.8846,1.837,0,-1.997,1.682,0.0,-1.83,1
1742,0.22910696191953667,0.1893,0,5.8849,1.837,0,-2.0,1.676,0.0,-1.837,1
1743,0.21507673049402629,0.1808,0,5.885,1.817,0,-2.0,1.67,0.0,-1.843,1
1744,0.20719314660480442,0.1703,0,5.8846,1.807,0,-1.998,1.662,0.0,-1.85,1
1745,0.19799494943053475,0.1611,0,5.8843,1.794,0,-1.997,1.655,0.0,-1.856,1
1746,0.18822327167489133,0.1518,0,5.8844,1.777,0,-2.001,1.649,0.0,-1.863,1
1747,0.18739530410338456,0.1431,0,5.8839,1.777,0,-2.0,1.643,0.0,-1.869,1
1748,0.1789105921962141,0.1341,0,5.8839,1.761,0,-2.003,1.636,0.0,-1.875,1
1749,0.17059015211904827,0.1259,0,5.884,1.746,0,-2.007,1.631,0.0,-1.881,1
1750,0.15703502793962879,0.1174,0,5.8843,1.733,0,-2.001,1.625,0.0,-1.887,1
1751,0.14252368224263634,0.109,0,5.8848,1.712,0,-2.002,1.619,0.0,-1.894,1
1752,0.14217243052012554,0.1016,0,5.8845,1.712,0,-2.002,1.614,0.0,-1.899,1
1753,0.13865785228395827,0.0937,0,5.8841,1.703,0,-2.005,1.608,0.0,-1.904,1
1754,0.12520782723136764,0.0849,0,5.8836,1.687,0,-2.001,1.601,0.0,-1.91,1
1755,0.11469088891450788,0.0766,0,5.8839,1.673,0,-2.001,1.596,0.0,-1.916,1
1756,0.10406248123122956,0.0685,0,5.884,1.66,0,-1.999,1.59,0.0,-1.922,1
1757,0.10400480758118828,0.0603,0,5.8839,1.66,0,-1.999,1.584,0.0,-1.928,1
1758,0.09558765610684258,0.0523,0,5.8841,1.643,0,-2.005,1.579,0.0,-1.934,1
1759,0.08720665112249164,0.0446,0,5.8839,1.63,0,-2.005,1.573,0.0,-1.939,1
1760,0.07499999999999983,0.0366,0,5.8838,1.613,0,-2.005,1.568,0.0,-1.945,1
1761,0.061057350089895046,0.0282,0,5.884,1.594,0,-2.003,1.562,0.0,-1.951,1
1762,0.042201895692018355,0.0063,0,5.8829,1.571,0,-2.0,1.546,0.0,-1.966,0
1763,0.021633307652783953,-0.0136,0,5.8832,1.544,0,-1.998,1.532,0.0,-1.98,0
1764,0.009433981132056552,-0.0344,0,5.8831,1.509,0,-2.0,1.517,0.0,-1.995,0
1765,0.02102379604162851,-0.0541,0,5.8828,1.484,0,-2.0,1.503,0.0,-2.009,0
1766,0.022203603311174474,-0.0582,0,5.8845,1.484,0,-2.0,1.502,0.0,-2.013,0
1767,0.03383784863137723,-0.0624,0,5.8852,1.471,0,-1.997,1.499,0.0,-2.016,0
1768,0.04830113870293333,-0.069,0,5.8854,1.452,0,-1.999,1.495,0.0,-2.021,0
1769,0.05124451190127601,-0.0775,0,5.8854,1.44,0,-2.012,1.489,0.0,-2.027,1
1770,0.05503635162326796,-0.0869,0,5.8855,1.432,0,-2.011,1.482,0.0,-2.034,1
1771,0.05243090691567333,-0.0973,0,5.8851,1.432,0,-2.011,1.475,0.0,-2.041,1
1772,0.05800862004909253,-0.1108,0,5.8839,1.417,0,-2.016,1.464,0.0,-2.05,1
1773,0.07340980860893181,-0.1252,0,5.8834,1.396,0,-2.015,1.454,0.0,-2.06,1
1774,0.10748953437428233,-0.129,0,5.8841,1.377,0,-1.986,1.452,0.0,-2.063,1
1775,0.0906972987469859,-0.1297,0,5.8852,1.377,0,-2.013,1.452,0.0,-2.064,1
1776,0.09790812019439456,-0.1344,0,5.8859,1.368,0,-2.013,1.449,0.0,-2.068,1
1777,0.10499523798725359,-0.1433,0,5.8859,1.363,0,-2.006,1.443,0.0,-2.074,1
1778,0.12020815280171303,-0.1532,0,5.8854,1.351,0,-1.996,1.436,0.0,-2.081,1
1779,0.12520782723136747,-0.1617,0,5.8844,1.343,0,-1.995,1.429,0.0,-2.086,1
1780,0.16133505508723137,-0.1829,0,5.8844,1.289,0,-1.999,1.414,0.0,-2.101,1
1781,0.15996249560443862,-0.1936,0,5.8845,1.289,0,-2.001,1.407,0.0,-2.109,1
1782,0.16765738874263794,-0.2033,0,5.8848,1.278,0,-2.001,1.4,0.0,-2.116,1
1783,0.17969418465826895,-0.2153,0,5.8847,1.261,0,-2.002,1.392,0.0,-2.125,1
1784,0.19168985366993208,-0.2255,0,5.8843,1.252,0,-1.993,1.384,0.0,-2.132,1
1785,0.19738540979515157,-0.2313,0,5.8835,1.244,0,-1.991,1.379,0.0,-2.135,1
1786,0.2065962245540804,-0.2479,0,5.8848,1.218,0,-2.007,1.369,0.0,-2.148,1
1787,0.22804385543136235,-0.2674,0,5.8831,1.184,0,-2.009,1.354,0.0,-2.161,1
1788,0.2298194943863553,-0.2764,0,5.8824,1.183,0,-2.006,1.347,0.0,-2.167,1
1789,0.23405341270744176,-0.2832,0,5.8819,1.176,0,-2.006,1.342,0.0,-2.171,1
1790,0.2446589462905455,-0.29,0,5.8825,1.165,0,-2.003,1.338,0.0,-2.176,1
1791,0.2616639065671839,-0.2959,0,5.8825,1.145,0,-1.999,1.333,0.0,-2.181,1
1792,0.26587591090582097,-0.3029,0,5.8821,1.141,0,-1.996,1.328,0.0,-2.185,1
1793,0.26478104161740873,-0.3106,0,5.8819,1.153,0,-1.988,1.323,0.0,-2.191,1
1794,0.2760036231646245,-0.3188,0,5.8815,1.16,0,-1.969,1.317,0.0,-2.196,1
1795,0.2834025405672998,-0.3266,0,5.8816,1.14,0,-1.976,1.311,0.0,-2.202,1
1796,0.2821577572919092,-0.3335,0,5.8825,1.11,0,-2.005,1.307,0.0,-2.207,1
1797,0.2956552045880472,-0.3416,0,5.8822,1.087,0,-2.009,1.301,0.0,-2.213,1
1798,0.3005611418663431,-0.3492,0,5.8817,1.086,0,-2.002,1.295,0.0,-2.218,1
1799,0.3104206823006482,-0.3555,0,5.8813,1.071,0,-2.003,1.291,0.0,-2.222,1
1800,0.32175301086392344,-0.3613,0,5.8812,1.057,0,-2.001,1.287,0.0,-2.226,1
1801,0.3309743192454665,-0.3672,0,5.8812,1.044,0,-2.0,1.282,0.0,-2.23,1
1802,0.33871079108879887,-0.3738,0,5.8812,1.037,0,-1.997,1.278,0.0,-2.235,1
1803,0.33872260036791174,-0.3802,0,5.8812,1.036,0,-1.998,1.273,0.0,-2.24,1
1804,0.3486043602710671,-0.3873,0,5.8817,1.022,0,-1.999,1.269,0.0,-2.245,1
1805,0.35441924326988783,-0.3948,0,5.8819,1.021,0,-1.993,1.264,0.0,-2.251,1
1806,0.37830278878168455,-0.4021,0,5.8816,0.99,0,-1.989,1.258,0.0,-2.256,1
1807,0.387494516090228,-0.4094,0,5.8814,0.979,0,-1.987,1.253,0.0,-2.261,1
1808,0.38609066292776373,-0.4162,0,5.8808,0.977,0,-1.99,1.248,0.0,-2.265,1
1809,0.3960025252444739,-0.4228,0,5.8803,0.96,0,-1.992,1.243,0.0,-2.269,1
1810,0.407332787779231,-0.429,0,5.8799,0.946,0,-1.99,1.238,0.0,-2.274,1
1811,0.4172145730915928,-0.436,0,5.8792,0.935,0,-1.986,1.233,0.0,-2.278,1
1812,0.4356902569486719,-0.4421,0,5.8809,0.915,0,-1.983,1.23,0.0,-2.284,1
1813,0.43569025694867236,-0.4487,0,5.8813,0.91,0,-1.988,1.225,0.0,-2.289,1
1814,0.4407323450803219,-0.4546,0,5.8808,0.9,0,-1.99,1.221,0.0,-2.292,1
1815,0.45398237851264667,-0.4617,0,5.8812,0.892,0,-1.98,1.216,0.0,-2.298,1
1816,0.4674622979449787,-0.4686,0,5.8815,0.875,0,-1.978,1.211,0.0,-2.303,1
1817,0.4794705413265761,-0.4755,0,5.8814,0.863,0,-1.974,1.207,0.0,-2.308,1
1818,0.4787118130984446,-0.4834,0,5.8811,0.863,0,-1.974,1.201,0.0,-2.313,1
1819,0.49150076296990625,-0.4917,0,5.8803,0.852,0,-1.965,1.194,0.0,-2.318,1
1820,0.49994899739873466,-0.4995,0,5.88,0.832,0,-1.974,1.189,0.0,-2.324,1
1821,0.5084692714412545,-0.5079,0,5.8803,0.818,0,-1.976,1.183,0.0,-2.33,1
1822,0.5198047710438986,-0.5153,0,5.881,0.804,0,-1.975,1.178,0.0,-2.336,1
1823,0.5197278133792727,-0.5226,0,5.881,0.804,0,-1.975,1.173,0.0,-2.341,1
1824,0.5310376634477069,-0.531,0,5.8809,0.791,0,-1.972,1.167,0.0,-2.347,1
1825,0.5409371497688065,-0.5397,0,5.8811,0.779,0,-1.97,1.161,0.0,-2.353,1
1826,0.5465976582459899,-0.5481,0,5.8805,0.767,0,-1.974,1.155,0.0,-2.359,1
1827,0.5607575233556834,-0.5563,0,5.8803,0.749,0,-1.971,1.149,0.0,-2.364,1
1828,0.5600357131469387,-0.5638,0,5.8796,0.749,0,-1.971,1.143,0.0,-2.369,1
1829,0.5671014018674261,-0.5721,0,5.8798,0.738,0,-1.973,1.138,0.0,-2.375,1
1830,0.5784133470105958,-0.5807,0,5.8799,0.723,0,-1.973,1.132,0.0,-2.382,1
1831,0.5911683347406218,-0.5885,0,5.8799,0.712,0,-1.965,1.126,0.0,-2.387,1
1832,0.5932731242859396,-0.5962,0,5.8803,0.699,0,-1.976,1.121,0.0,-2.393,1
1833,0.592570670890823,-0.604,0,5.8795,0.699,0,-1.976,1.115,0.0,-2.398,1
1834,0.6045800195176815,-0.6113,0,5.8794,0.684,0,-1.974,1.11,0.0,-2.403,1
1835,0.6158904123299858,-0.6193,0,5.8793,0.668,0,-1.974,1.104,0.0,-2.409,1
1836,0.6349834643516318,-0.639,0,5.8794,0.642,0,-1.973,1.09,0.0,-2.423,1
1837,0.6420529573173851,-0.6467,0,5.8795,0.631,0,-1.974,1.085,0.0,-2.428,1
1838,0.6512641553164122,-0.6551,0,5.8796,0.615,0,-1.977,1.079,0.0,-2.434,1
1839,0.6519585876418839,-0.6626,0,5.8797,0.615,0,-1.977,1.074,0.0,-2.44,1
1840,0.6632676684416332,-0.6709,0,5.8801,0.6,0,-1.976,1.068,0.0,-2.446,1
1841,0.6759999999999999,-0.6792,0,5.88,0.587,0,-1.972,1.063,0.0,-2.452,1
1842,0.6851868358338475,-0.6876,0,5.8796,0.571,0,-1.973,1.056,0.0,-2.457,1
1843,0.6873790802752147,-0.6962,0,5.8797,0.571,0,-1.971,1.05,0.0,-2.464,1
1844,0.6972589189103284,-0.7053,0,5.8789,0.556,0,-1.971,1.043,0.0,-2.47,1
1845,0.7092876708360296,-0.7141,0,5.8787,0.542,0,-1.968,1.037,0.0,-2.476,1
1846,0.7177165178536719,-0.7228,0,5.8785,0.525,0,-1.973,1.031,0.0,-2.482,1
1847,0.7304443852888458,-0.7314,0,5.8786,0.51,0,-1.97,1.025,0.0,-2.488,1
1848,0.7312359400357726,-0.7398,0,5.8784,0.51,0,-1.969,1.019,0.0,-2.494,1
1849,0.7425106059848572,-0.7481,0,5.8786,0.494,0,-1.969,1.013,0.0,-2.5,1
1850,0.7530770212933068,-0.7566,0,5.8788,0.477,0,-1.971,1.007,0.0,-2.506,1
1851,0.7665154923418052,-0.7649,0,5.8786,0.462,0,-1.967,1.001,0.0,-2.512,1
1852,0.7721722605740248,-0.774,0,5.8785,0.446,0,-1.975,0.995,0.0,-2.518,1
1853,0.7743209928705278,-0.7836,0,5.8781,0.446,0,-1.972,0.988,0.0,-2.525,1
1854,0.7834947351450422,-0.7916,0,5.8779,0.432,0,-1.972,0.982,0.0,-2.53,1
1855,0.7954979572569623,-0.8008,0,5.8782,0.415,0,-1.973,0.976,0.0,-2.537,1
1856,0.8075159441150374,-0.8092,0,5.8782,0.399,0,-1.972,0.97,0.0,-2.543,1
1857,0.8209585860443873,-0.8181,0,5.8784,0.381,0,-1.972,0.964,0.0,-2.55,1
1858,0.8245459356518593,-0.8275,0,5.8785,0.381,0,-1.966,0.957,0.0,-2.556,1
1859,0.8323514882548119,-0.8367,0,5.8781,0.371,0,-1.966,0.951,0.0,-2.563,1
1860,0.8450426024763484,-0.8464,0,5.8782,0.353,0,-1.966,0.944,0.0,-2.57,1
1861,0.8549157853262508,-0.8566,0,5.8777,0.336,0,-1.967,0.936,0.0,-2.576,1
1862,0.8676341394850714,-0.8659,0,5.8772,0.319,0,-1.966,0.929,0.0,-2.583,1
1863,0.8627120029302942,-0.8748,0,5.8769,0.319,0,-1.973,0.923,0.0,-2.589,1
1864,0.875408476084165,-0.8836,0,5.8767,0.301,0,-1.973,0.917,0.0,-2.595,1
1865,0.889558317368794,-0.8916,0,5.8768,0.286,0,-1.968,0.911,0.0,-2.601,1
1866,0.8973187839335584,-0.9007,0,5.8773,0.271,0,-1.973,0.905,0.0,-2.608,1
1867,0.9121721328784386,-0.9091,0,5.8775,0.256,0,-1.967,0.899,0.0,-2.614,1
1868,0.9086346900707677,-0.9129,0,5.8774,0.256,0,-1.972,0.897,0.0,-2.616,1
1869,0.9192779775454214,-0.9132,0,5.8772,0.24,0,-1.972,0.896,0.0,-2.616,1
1870,0.926521451451611,-0.9132,0,5.8771,0.227,0,-1.975,0.896,0.0,-2.616,1
1871,0.925138908488882,-0.9131,0,5.877,0.227,0,-1.977,0.896,0.0,-2.616,1
1872,0.9222797840135065,-0.9129,0,5.8769,0.23,0,-1.978,0.896,0.0,-2.616,1
1873,0.9250783750580271,-0.9129,0,5.8779,0.23,0,-1.976,0.897,0.0,-2.617,1
1874,0.9257996543529274,-0.9128,0,5.878,0.229,0,-1.976,0.897,0.0,-2.617,1
1875,0.9257996543529274,-0.9128,0,5.878,0.229,0,-1.976,0.897,0.0,-2.617,1
1876,0.9264923097360279,-0.9127,0,5.878,0.229,0,-1.975,0.897,0.0,-2.617,1
1877,0.9271596410543331,-0.9127,0,5.878,0.23,0,-1.973,0.897,0.0,-2.617,1
1878,0.9271596410543331,-0.9127,0,5.8781,0.23,0,-1.973,0.897,0.0,-2.617,1
1879,0.9271855262028199,-0.9127,0,5.8781,0.229,0,-1.974,0.897,0.0,-2.617,1
1880,0.9278793024957502,-0.9127,0,5.8781,0.229,0,-1.973,0.897,0.0,-2.617,1
1881,0.9285994830926839,-0.9127,0,5.8781,0.228,0,-1.973,0.897,0.0,-2.617,1
1882,0.9257996543529274,-0.9127,0,5.8781,0.229,0,-1.976,0.897,0.0,-2.617,1
1883,0.9257996543529274,-0.9127,0,5.8781,0.229,0,-1.976,0.897,0.0,-2.617,1
1884,0.9244160318817497,-0.9127,0,5.8781,0.229,0,-1.978,0.897,0.0,-2.617,1
1885,0.9258623007769567,-0.9127,0,5.8781,0.227,0,-1.978,0.897,0.0,-2.617,1
1886,0.926521451451611,-0.9127,0,5.8781,0.228,0,-1.976,0.897,0.0,-2.617,1
1887,0.9285994830926839,-0.9127,0,5.8781,0.228,0,-1.973,0.897,0.0,-2.617,1
1888,0.9285994830926839,-0.9127,0,5.8781,0.228,0,-1.973,0.897,0.0,-2.617,1
1889,0.926521451451611,-0.9127,0,5.8781,0.228,0,-1.976,0.897,0.0,-2.617,1
1890,0.9279353425751173,-0.9125,0,5.8779,0.227,0,-1.974,0.897,0.0,-2.616,1
1891,0.925138908488882,-0.9123,0,5.8773,0.228,0,-1.977,0.897,0.0,-2.616,1
1892,0.9272135676315356,-0.9123,0,5.8772,0.228,0,-1.974,0.897,0.0,-2.616,1
1893,0.9272135676315356,-0.9124,0,5.878,0.228,0,-1.974,0.897,0.0,-2.616,1
1894,0.923034668904695,-0.9125,0,5.878,0.229,0,-1.979,0.897,0.0,-2.616,1
1895,0.924448484232626,-0.9123,0,5.8789,0.229,0,-1.979,0.898,0.0,-2.617,1
1896,0.9244160318817497,-0.9133,0,5.8782,0.229,0,-1.978,0.897,0.0,-2.617,1
1897,0.9257996543529274,-0.9132,0,5.8781,0.229,0,-1.976,0.897,0.0,-2.617,1
1898,0.9257996543529274,-0.9135,0,5.8776,0.228,0,-1.976,0.896,0.0,-2.617,1
1899,0.9264653258487336,-0.9159,0,5.8784,0.228,0,-1.976,0.895,0.0,-2.619,1
1900,0.9291479968228958,-0.9274,0,5.8826,0.23,0,-1.976,0.89,0.0,-2.63,1
1901,0.9353127819077424,-0.947,0,5.889,0.242,0,-1.966,0.881,0.0,-2.649,1
1902,0.948915696993152,-0.9747,0,5.8979,0.223,0,-1.979,0.868,0.0,-2.675,1
1903,0.9533310023281525,-1.0103,0,5.908,0.188,0,-2.021,0.85,0.0,-2.707,1
1904,0.9644241805346857,-1.0517,0,5.9176,0.183,0,-2.026,0.828,0.0,-2.743,1
1905,0.9561056426985458,-1.0961,0,5.9248,0.165,0,-2.067,0.802,0.0,-2.78,1
1906,0.9210933720313051,-1.1396,0,5.9295,0.157,0,-2.131,0.775,0.0,-2.814,1
1907,0.883271758860205,-1.1862,0,5.9331,0.157,0,-2.19,0.744,0.0,-2.85,1
1908,0.8383614972074992,-1.2262,0,5.9349,0.157,0,-2.257,0.718,0.0,-2.88,1
1909,0.8427389868755333,-1.259,0,5.9348,0.155,0,-2.256,0.695,0.0,-2.903,1
1910,0.7833473048399411,-1.286,0,5.9332,0.161,0,-2.329,0.674,0.0,-2.921,1
1911,0.7261583849271454,-1.3065,0,5.9313,0.168,0,-2.4,0.659,0.0,-2.935,1
1912,0.6760665647700675,-1.3214,0,5.929,0.176,0,-2.458,0.647,0.0,-2.943,1
1913,0.6456353459964843,-1.3307,0,5.9256,0.176,0,-2.497,0.638,0.0,-2.948,1
1914,0.6356925357434993,-1.3355,0,5.9215,0.183,0,-2.497,0.631,0.0,-2.948,1
1915,0.6089671583919778,-1.3366,0,5.9167,0.187,0,-2.525,0.627,0.0,-2.946,1
1916,0.597402711744766,-1.3345,0,5.911,0.184,0,-2.537,0.625,0.0,-2.94,1
1917,0.5960411059650165,-1.3299,0,5.9053,0.175,0,-2.541,0.624,0.0,-2.933,1
1918,0.6013326866219729,-1.3257,0,5.9009,0.175,0,-2.527,0.624,0.0,-2.927,1
1919,0.6018812175172106,-1.3209,0,5.8972,0.169,0,-2.527,0.624,0.0,-2.921,1
1920,0.6107208855115406,-1.3151,0,5.893,0.167,0,-2.51,0.625,0.0,-2.914,1
1921,0.6169448921905422,-1.3115,0,5.8879,0.163,0,-2.498,0.624,0.0,-2.908,1
1922,0.6202064172515469,-1.3086,0,5.8824,0.162,0,-2.486,0.622,0.0,-2.902,1
1923,0.6250479981569415,-1.3061,0,5.8809,0.161,0,-2.478,0.623,0.0,-2.899,1
1924,0.6250479981569417,-1.305,0,5.8803,0.161,0,-2.477,0.623,0.0,-2.898,1
1925,0.6389968701018809,-1.3051,0,5.8801,0.154,0,-2.464,0.623,0.0,-2.898,1
1926,0.6367495583037335,-1.3049,0,5.8801,0.158,0,-2.462,0.623,0.0,-2.897,1
1927,0.6353849227043398,-1.3051,0,5.88,0.158,0,-2.464,0.623,0.0,-2.897,1
1928,0.6367495583037338,-1.3052,0,5.88,0.158,0,-2.463,0.623,0.0,-2.898,1
1929,0.6367982412036011,-1.3052,0,5.8796,0.157,0,-2.463,0.623,0.0,-2.897,1
1930,0.6361171275795047,-1.3054,0,5.8795,0.157,0,-2.464,0.623,0.0,-2.897,1
1931,0.6396248900722985,-1.3056,0,5.8797,0.155,0,-2.462,0.623,0.0,-2.898,1
1932,0.6395764223296543,-1.3056,0,5.8808,0.156,0,-2.461,0.623,0.0,-2.898,1
1933,0.6382115636683497,-1.3055,0,5.8808,0.156,0,-2.463,0.623,0.0,-2.898,1
1934,0.6367495583037338,-1.3055,0,5.8808,0.158,0,-2.463,0.623,0.0,-2.898,1
1935,0.6381629885852046,-1.3055,0,5.8808,0.157,0,-2.462,0.623,0.0,-2.898,1
1936,0.6388027864685627,-1.3055,0,5.8804,0.158,0,-2.46,0.623,0.0,-2.898,1
1937,0.63465344874191,-1.3055,0,5.8809,0.159,0,-2.465,0.623,0.0,-2.898,1
1938,0.6360668203891789,-1.3054,0,5.8809,0.159,0,-2.464,0.624,0.0,-2.898,1
1939,0.63753039143244,-1.3054,0,5.8809,0.157,0,-2.464,0.624,0.0,-2.898,1
1940,0.6374331337481602,-1.3054,0,5.8809,0.159,0,-2.462,0.624,0.0,-2.898,1
1941,0.640216369675128,-1.3054,0,5.8809,0.158,0,-2.459,0.624,0.0,-2.898,1
1942,0.6381629885852046,-1.305,0,5.8808,0.158,0,-2.462,0.624,0.0,-2.898,1
1943,0.6382632685655661,-1.3018,0,5.8803,0.158,0,-2.461,0.626,0.0,-2.895,1
1944,0.6392409561346959,-1.2953,0,5.8804,0.157,0,-2.461,0.63,0.0,-2.891,1
1945,0.6358883549806521,-1.2865,0,5.8804,0.163,0,-2.46,0.636,0.0,-2.885,1
1946,0.6274153329334565,-1.2777,0,5.8804,0.176,0,-2.459,0.643,0.0,-2.878,1
1947,0.6124744892646551,-1.2678,0,5.88,0.194,0,-2.461,0.649,0.0,-2.871,1
1948,0.6122221818915092,-1.2605,0,5.8792,0.194,0,-2.461,0.654,0.0,-2.865,1
1949,0.5991744320312742,-1.2545,0,5.8792,0.211,0,-2.462,0.658,0.0,-2.861,1
1950,0.5889923598825371,-1.2499,0,5.8794,0.225,0,-2.462,0.661,0.0,-2.858,1
1951,0.5811892979055964,-1.2459,0,5.8797,0.234,0,-2.464,0.664,0.0,-2.855,1
1952,0.5733218991107876,-1.2409,0,5.8799,0.245,0,-2.465,0.668,0.0,-2.852,1
1953,0.575013043330323,-1.2349,0,5.8804,0.245,0,-2.464,0.673,0.0,-2.848,1
1954,0.5686976349520015,-1.2286,0,5.8805,0.253,0,-2.464,0.677,0.0,-2.843,1
1955,0.5600723167591842,-1.2216,0,5.8805,0.266,0,-2.463,0.682,0.0,-2.838,1
1956,0.5515260646605925,-1.2145,0,5.8803,0.278,0,-2.463,0.687,0.0,-2.833,1
1957,0.5407642739678721,-1.208,0,5.8802,0.292,0,-2.463,0.691,0.0,-2.828,1
1958,0.5423098745182499,-1.2035,0,5.8806,0.293,0,-2.462,0.695,0.0,-2.826,1
1959,0.5306995383453806,-1.2021,0,5.8811,0.307,0,-2.464,0.696,0.0,-2.825,1
1960,0.5248637918546107,-1.2014,0,5.8816,0.316,0,-2.464,0.697,0.0,-2.825,1
1961,0.5236334595879066,-1.199,0,5.8825,0.315,0,-2.468,0.699,0.0,-2.824,1
1962,0.5232790842370828,-1.1921,0,5.8827,0.315,0,-2.469,0.704,0.0,-2.819,1
1963,0.5238940732629068,-1.1822,0,5.882,0.315,0,-2.468,0.711,0.0,-2.811,1
1964,0.5211103529963688,-1.1708,0,5.8815,0.318,0,-2.469,0.718,0.0,-2.803,1
1965,0.5085046705783536,-1.1558,0,5.8805,0.332,0,-2.473,0.728,0.0,-2.792,1
1966,0.4920457295821192,-1.1475,0,5.8811,0.357,0,-2.471,0.735,0.0,-2.786,1
1967,0.46887524993328433,-1.1462,0,5.8793,0.384,0,-2.472,0.734,0.0,-2.784,1
1968,0.47054861597926306,-1.1423,0,5.8802,0.384,0,-2.472,0.738,0.0,-2.782,1
1969,0.463893306698857,-1.1377,0,5.8811,0.395,0,-2.47,0.741,0.0,-2.779,1
1970,0.4628358240240268,-1.1317,0,5.8812,0.397,0,-2.471,0.746,0.0,-2.775,1
1971,0.46173693809354277,-1.1238,0,5.8815,0.4,0,-2.469,0.751,0.0,-2.769,1
1972,0.4474203839790943,-1.1174,0,5.8823,0.418,0,-2.473,0.757,0.0,-2.765,1
1973,0.44851978774631573,-1.1129,0,5.8823,0.417,0,-2.473,0.76,0.0,-2.762,1
1974,0.4404781492877939,-1.1072,0,5.8826,0.429,0,-2.472,0.764,0.0,-2.758,1
1975,0.4376585427019561,-1.1023,0,5.8832,0.435,0,-2.471,0.768,0.0,-2.755,1
1976,0.43151013893070933,-1.0981,0,5.8836,0.447,0,-2.468,0.771,0.0,-2.753,1
1977,0.43072613108563546,-1.0914,0,5.8841,0.447,0,-2.47,0.776,0.0,-2.748,1
1978,0.4252117119741648,-1.0828,0,5.8845,0.456,0,-2.469,0.782,0.0,-2.742,1
1979,0.4224523641784951,-1.0714,0,5.8852,0.462,0,-2.47,0.791,0.0,-2.735,1
1980,0.4057647101461632,-1.0623,0,5.8829,0.482,0,-2.47,0.796,0.0,-2.727,1
1981,0.3926894447270005,-1.0546,0,5.8824,0.499,0,-2.47,0.801,0.0,-2.721,1
1982,0.39106521195319843,-1.0504,0,5.882,0.499,0,-2.472,0.803,0.0,-2.718,1
1983,0.3788746494554631,-1.0494,0,5.8817,0.515,0,-2.472,0.804,0.0,-2.717,1
1984,0.37055229050702154,-1.0489,0,5.8818,0.526,0,-2.471,0.804,0.0,-2.716,1
1985,0.3698026500716295,-1.0475,0,5.8821,0.528,0,-2.471,0.805,0.0,-2.716,1
1986,0.36933047531986857,-1.0431,0,5.8823,0.53,0,-2.471,0.809,0.0,-2.713,1
1987,0.36913141291415447,-1.037,0,5.8819,0.53,0,-2.471,0.813,0.0,-2.708,1
1988,0.3684155262743414,-1.0282,0,5.8818,0.532,0,-2.471,0.819,0.0,-2.702,1
1989,0.3565865953734101,-1.0197,0,5.8825,0.55,0,-2.469,0.825,0.0,-2.696,1
1990,0.3469884724310018,-1.0151,0,5.8824,0.563,0,-2.469,0.828,0.0,-2.693,1
1991,0.3383031185194719,-1.0118,0,5.8824,0.574,0,-2.47,0.831,0.0,-2.69,1
1992,0.3372491660478939,-1.0078,0,5.8818,0.574,0,-2.471,0.833,0.0,-2.687,1
1993,0.3316157414840253,-1.0024,0,5.8817,0.582,0,-2.471,0.837,0.0,-2.683,1
1994,0.32781244637749796,-0.9969,0,5.8819,0.586,0,-2.473,0.841,0.0,-2.679,1
1995,0.31549326458737603,-0.9916,0,5.882,0.601,0,-2.476,0.845,0.0,-2.676,1
1996,0.3111334118991401,-0.9866,0,5.8818,0.608,0,-2.474,0.848,0.0,-2.672,1
1997,0.31078770889467316,-0.9817,0,5.8818,0.609,0,-2.473,0.851,0.0,-2.668,1
1998,0.30656973105641083,-0.9773,0,5.8816,0.615,0,-2.473,0.854,0.0,-2.665,1
1999,0.3040805814253845,-0.9722,0,5.8817,0.619,0,-2.474,0.858,0.0,-2.662,1
2000,0.29751302492496023,-0.9672,0,5.8819,0.629,0,-2.473,0.862,0.0,-2.658,1
2001,0.2934655005277449,-0.9619,0,5.8821,0.635,0,-2.474,0.866,0.0,-2.655,1
2002,0.29400680264238777,-0.9563,0,5.8819,0.635,0,-2.472,0.869,0.0,-2.65,1
2003,0.28681004166521085,-0.9507,0,5.8819,0.645,0,-2.472,0.873,0.0,-2.646,1
2004,0.28120455188349985,-0.9455,0,5.8818,0.653,0,-2.473,0.877,0.0,-2.643,1
2005,0.27260594270851835,-0.9388,0,5.8815,0.664,0,-2.473,0.881,0.0,-2.638,1
2006,0.2676191323504356,-0.9288,0,5.8813,0.672,0,-2.472,0.888,0.0,-2.63,1
2007,0.27153084539329947,-0.9167,0,5.8814,0.672,0,-2.47,0.897,0.0,-2.622,1
2008,0.2607163209313908,-0.9038,0,5.8812,0.688,0,-2.47,0.906,0.0,-2.613,1
2009,0.24742675683927154,-0.8911,0,5.8815,0.707,0,-2.47,0.915,0.0,-2.604,1
2010,0.22992390045404165,-0.8794,0,5.8819,0.732,0,-2.468,0.923,0.0,-2.596,1
2011,0.21577998053573014,-0.8687,0,5.8816,0.751,0,-2.469,0.931,0.0,-2.588,1
2012,0.2192076640995931,-0.8595,0,5.8812,0.751,0,-2.465,0.937,0.0,-2.581,1
2013,0.20500975586542228,-0.8511,0,5.8818,0.77,0,-2.465,0.943,0.0,-2.575,1
2014,0.19088216260300475,-0.8455,0,5.8832,0.792,0,-2.462,0.948,0.0,-2.572,1
2015,0.18693581786270902,-0.8353,0,5.883,0.799,0,-2.462,0.955,0.0,-2.565,1
2016,0.1836981219283419,-0.8255,0,5.8838,0.807,0,-2.462,0.963,0.0,-2.559,1
2017,0.1721859460002469,-0.8131,0,5.884,0.823,0,-2.462,0.971,0.0,-2.55,1
2018,0.1579430277030298,-0.7986,0,5.8827,0.842,0,-2.464,0.981,0.0,-2.539,1
2019,0.16164467204334326,-0.7831,0,5.882,0.843,0,-2.462,0.991,0.0,-2.527,1
2020,0.1382931668593933,-0.7712,0,5.8823,0.874,0,-2.462,1.0,0.0,-2.519,1
2021,0.11493476410555681,-0.7612,0,5.8822,0.904,0,-2.461,1.007,0.0,-2.512,1
2022,0.10018482919085094,-0.7519,0,5.8829,0.925,0,-2.46,1.014,0.0,-2.506,1
2023,0.08472307831990043,-0.7455,0,5.8835,0.945,0,-2.458,1.018,0.0,-2.501,1
2024,0.08810221336606695,-0.7381,0,5.8841,0.945,0,-2.458,1.024,0.0,-2.497,1
2025,0.08134494452638102,-0.7305,0,5.8846,0.954,0,-2.463,1.03,0.0,-2.492,1
2026,0.07632168761236882,-0.7191,0,5.8844,0.962,0,-2.476,1.038,0.0,-2.483,1
2027,0.06477653896280657,-0.713,0,5.8837,0.977,0,-2.468,1.041,0.0,-2.478,1
2028,0.03182766092567889,-0.696,0,5.8818,1.03,0,-2.442,1.052,0.0,-2.465,0
2029,0.04001249804748515,-0.6884,0,5.882,1.017,0,-2.459,1.057,0.0,-2.46,0
2030,0.029614185789921785,-0.6868,0,5.8818,1.029,0,-2.464,1.058,0.0,-2.458,0
2031,0.014000000000000012,-0.6874,0,5.8821,1.044,0,-2.459,1.058,0.0,-2.459,0
2032,0.01627882059609966,-0.6855,0,5.8829,1.044,0,-2.461,1.06,0.0,-2.458,0
2033,0.02256102834535705,-0.6782,0,5.8828,1.043,0,-2.458,1.065,0.0,-2.453,0
2034,0.02570992026436496,-0.6687,0,5.8827,1.047,0,-2.452,1.072,0.0,-2.446,0
2035,0.02580697580112762,-0.6577,0,5.8826,1.058,0,-2.453,1.079,0.0,-2.438,0
2036,0.028231188426985986,-0.6422,0,5.8814,1.078,0,-2.452,1.089,0.0,-2.426,0
2037,0.04609772228646425,-0.632,0,5.8818,1.094,0,-2.465,1.097,0.0,-2.419,0
2038,0.06082762530298235,-0.6237,0,5.8813,1.13,0,-2.467,1.102,0.0,-2.413,1
2039,0.06276941930590105,-0.6179,0,5.8811,1.13,0,-2.467,1.106,0.0,-2.409,1
2040,0.07494664769020695,-0.6135,0,5.8813,1.149,0,-2.47,1.11,0.0,-2.406,1
2041,0.08900561780022626,-0.6082,0,5.8815,1.154,0,-2.481,1.113,0.0,-2.402,1
2042,0.10139033484509241,-0.6003,0,5.8829,1.158,0,-2.492,1.12,0.0,-2.398,1
2043,0.09972462083156795,-0.5941,0,5.8836,1.161,0,-2.487,1.125,0.0,-2.394,1
2044,0.10890821823902944,-0.5857,0,5.8838,1.156,0,-2.494,1.131,0.0,-2.388,1
2045,0.11472575996697491,-0.5766,0,5.8841,1.166,0,-2.493,1.137,0.0,-2.382,1
2046,0.13189768762188359,-0.5646,0,5.8837,1.185,0,-2.499,1.146,0.0,-2.373,1
2047,0.12482387592123577,-0.5574,0,5.8836,1.21,0,-2.478,1.151,0.0,-2.368,1
2048,0.1374190670904152,-0.5405,0,5.8819,1.211,0,-2.482,1.161,0.0,-2.354,1
2049,0.1473295625460147,-0.5323,0,5.8819,1.226,0,-2.483,1.167,0.0,-2.348,1
2050,0.1622467256988566,-0.53,0,5.8823,1.251,0,-2.487,1.169,0.0,-2.347,1
2051,0.16123585209251703,-0.5283,0,5.8834,1.265,0,-2.478,1.171,0.0,-2.347,1
2052,0.1690266251216062,-0.5263,0,5.8834,1.271,0,-2.482,1.172,0.0,-2.345,1
2053,0.1697439247808297,-0.5183,0,5.8829,1.271,0,-2.481,1.178,0.0,-2.339,1
2054,0.16999999999999996,-0.5065,0,5.8831,1.266,0,-2.481,1.186,0.0,-2.331,1
2055,0.17978042162593796,-0.4916,0,5.8823,1.276,0,-2.481,1.196,0.0,-2.32,1
2056,0.1928237537234455,-0.4771,0,5.8819,1.297,0,-2.479,1.206,0.0,-2.309,1
2057,0.21330025785263382,-0.4602,0,5.881,1.333,0,-2.475,1.217,0.0,-2.296,1
2058,0.21508137994721893,-0.4507,0,5.8831,1.333,0,-2.477,1.225,0.0,-2.291,1
2059,0.22881652038259806,-0.4433,0,5.8835,1.357,0,-2.477,1.231,0.0,-2.286,1
2060,0.2394368392708189,-0.4401,0,5.8831,1.38,0,-2.473,1.233,0.0,-2.284,1
2061,0.24894176025729384,-0.4388,0,5.8835,1.39,0,-2.477,1.234,0.0,-2.283,1
2062,0.25456629784792795,-0.4372,0,5.8843,1.395,0,-2.48,1.235,0.0,-2.282,1
2063,0.25426167623139767,-0.4353,0,5.8853,1.395,0,-2.482,1.238,0.0,-2.282,1
2064,0.2536533067003073,-0.4268,0,5.8863,1.392,0,-2.482,1.244,0.0,-2.276,1
2065,0.26875453484546075,-0.4121,0,5.887,1.405,0,-2.489,1.255,0.0,-2.266,1
2066,0.2913983527750288,-0.3931,0,5.8846,1.42,0,-2.499,1.267,0.0,-2.251,1
2067,0.30120424963801534,-0.3675,0,5.8843,1.466,0,-2.473,1.284,0.0,-2.233,1
2068,0.31419739018648796,-0.3593,0,5.8776,1.449,0,-2.49,1.285,0.0,-2.222,1
2069,0.33944955442598534,-0.3508,0,5.8768,1.49,0,-2.491,1.291,0.0,-2.216,1
2070,0.34301166160933955,-0.3475,0,5.8781,1.513,0,-2.478,1.294,0.0,-2.214,1
2071,0.35023706257333775,-0.3456,0,5.8798,1.526,0,-2.479,1.297,0.0,-2.214,1
2072,0.35164755082326393,-0.3427,0,5.8816,1.53,0,-2.479,1.3,0.0,-2.213,1
2073,0.3495482799271082,-0.3337,0,5.8842,1.53,0,-2.479,1.308,0.0,-2.209,1
2074,0.3504069063246327,-0.321,0,5.8848,1.529,0,-2.479,1.317,0.0,-2.2,1
2075,0.36677104574925207,-0.304,0,5.885,1.54,0,-2.488,1.329,0.0,-2.188,1
2076,0.38791880593753136,-0.2951,0,5.8852,1.561,0,-2.498,1.336,0.0,-2.182,1
2077,0.40503086302157276,-0.2875,0,5.8837,1.587,0,-2.496,1.34,0.0,-2.175,1
2078,0.40140004982560695,-0.2784,0,5.8828,1.587,0,-2.489,1.346,0.0,-2.168,1
2079,0.40881413869874883,-0.2713,0,5.8832,1.599,0,-2.489,1.351,0.0,-2.164,1
2080,0.42511763077999953,-0.2645,0,5.883,1.619,0,-2.493,1.356,0.0,-2.159,1
2081,0.4322961947554012,-0.2559,0,5.8838,1.634,0,-2.489,1.362,0.0,-2.153,1
2082,0.4361937642837184,-0.2465,0,5.8845,1.641,0,-2.488,1.369,0.0,-2.147,1
2083,0.43980222827993953,-0.2375,0,5.8853,1.641,0,-2.492,1.376,0.0,-2.141,1
2084,0.4524743086629341,-0.2272,0,5.8859,1.662,0,-2.491,1.384,0.0,-2.134,1
2085,0.4621309338272001,-0.2171,0,5.8853,1.677,0,-2.489,1.391,0.0,-2.126,1
2086,0.47247116314120186,-0.2058,0,5.8842,1.688,0,-2.491,1.398,0.0,-2.118,1
2087,0.48641237648727664,-0.1978,0,5.8856,1.715,0,-2.487,1.404,0.0,-2.113,1
2088,0.4863332190998268,-0.1936,0,5.8858,1.714,0,-2.488,1.408,0.0,-2.11,1
2089,0.5070749451511087,-0.1856,0,5.886,1.743,0,-2.489,1.413,0.0,-2.104,1
2090,0.521647390485182,-0.1759,0,5.8857,1.75,0,-2.501,1.42,0.0,-2.097,1
2091,0.5294572692862004,-0.1657,0,5.8856,1.762,0,-2.5,1.427,0.0,-2.09,1
2092,0.5419861621849769,-0.1565,0,5.8842,1.777,0,-2.5,1.432,0.0,-2.082,1
2093,0.5438014343489723,-0.1466,0,5.8842,1.777,0,-2.501,1.439,0.0,-2.075,1
2094,0.5595793062649834,-0.1376,0,5.8844,1.798,0,-2.504,1.446,0.0,-2.069,1
2095,0.5696402373428335,-0.1287,0,5.8843,1.815,0,-2.502,1.452,0.0,-2.063,1
2096,0.5856423823460867,-0.12,0,5.8847,1.834,0,-2.506,1.458,0.0,-2.057,1
2097,0.5976788435271904,-0.1068,0,5.8841,1.851,0,-2.505,1.467,0.0,-2.047,1
2098,0.5986267618474802,-0.0983,0,5.8836,1.85,0,-2.506,1.473,0.0,-2.041,1
2099,0.6014399388135109,-0.0896,0,5.8844,1.859,0,-2.502,1.48,0.0,-2.035,1
2100,0.6094760044497242,-0.082,0,5.8848,1.879,0,-2.495,1.485,0.0,-2.03,1
2101,0.6185806333858181,-0.0743,0,5.8848,1.892,0,-2.495,1.491,0.0,-2.024,1
2102,0.6311592509026546,-0.0656,0,5.8845,1.907,0,-2.497,1.496,0.0,-2.018,1
2103,0.6318623267769649,-0.0571,0,5.8845,1.907,0,-2.497,1.502,0.0,-2.012,1
2104,0.636855556621751,-0.0475,0,5.8855,1.918,0,-2.495,1.51,0.0,-2.006,1
2105,0.6495329090969912,-0.0378,0,5.8867,1.935,0,-2.498,1.518,0.0,-2.0,1
2106,0.661746930480225,-0.0289,0,5.8865,1.954,0,-2.496,1.524,0.0,-1.993,1
2107,0.6762913573305517,-0.0195,0,5.8863,1.973,0,-2.497,1.53,0.0,-1.986,1
2108,0.675538303873289,-0.0105,0,5.8864,1.973,0,-2.496,1.537,0.0,-1.98,1
2109,0.6895172224099991,-0.0019,0,5.8868,1.99,0,-2.499,1.543,0.0,-1.974,1
2110,0.7035055081518552,0.0068,0,5.8866,2.007,0,-2.502,1.549,0.0,-1.968,1
2111,0.7138242080512541,0.0155,0,5.8866,2.023,0,-2.501,1.555,0.0,-1.962,1
2112,0.7274792093249124,0.0244,0,5.8866,2.036,0,-2.506,1.561,0.0,-1.955,1
2113,0.727511511936409,0.034,0,5.887,2.036,0,-2.506,1.568,0.0,-1.949,1
2114,0.7422465897530279,0.043,0,5.887,2.054,0,-2.509,1.575,0.0,-1.942,1
2115,0.7596927010311472,0.051,0,5.887,2.073,0,-2.515,1.58,0.0,-1.937,1
2116,0.7828262897987013,0.0602,0,5.8873,2.091,0,-2.529,1.587,0.0,-1.93,1
2117,0.7836000255232258,0.0687,0,5.8872,2.091,0,-2.529,1.593,0.0,-1.924,1
2118,0.7938286968861735,0.0773,0,5.8873,2.107,0,-2.528,1.599,0.0,-1.918,1
2119,0.8069008613206458,0.0857,0,5.8874,2.125,0,-2.529,1.605,0.0,-1.912,1
2120,0.8175292043713179,0.0942,0,5.8875,2.138,0,-2.531,1.611,0.0,-1.906,1
2121,0.8297590011563598,0.103,0,5.8875,2.157,0,-2.53,1.617,0.0,-1.9,1
2122,0.8319855767980597,0.1111,0,5.8875,2.157,0,-2.532,1.623,0.0,-1.894,1
2123,0.8430136416452584,0.1202,0,5.8872,2.173,0,-2.532,1.629,0.0,-1.888,1
2124,0.8540585460025562,0.129,0,5.8874,2.189,0,-2.531,1.635,0.0,-1.881,1
2125,0.865986720452456,0.1377,0,5.8876,2.204,0,-2.533,1.641,0.0,-1.875,1
2126,0.878465138750537,0.1458,0,5.8879,2.221,0,-2.535,1.647,0.0,-1.87,1
2127,0.8797738345734091,0.1545,0,5.888,2.222,0,-2.535,1.653,0.0,-1.864,1
2128,0.8901758253289067,0.1629,0,5.8884,2.238,0,-2.535,1.66,0.0,-1.858,1
2129,0.9018924547860461,0.1713,0,5.8886,2.255,0,-2.535,1.666,0.0,-1.852,1
2130,0.9137291721292474,0.1799,0,5.8887,2.271,0,-2.536,1.672,0.0,-1.846,1
2131,0.9225670707325293,0.1886,0,5.8887,2.287,0,-2.533,1.678,0.0,-1.84,1
2132,0.9238057155051594,0.1969,0,5.8889,2.288,0,-2.533,1.684,0.0,-1.834,1
2133,0.9347946298519264,0.206,0,5.8888,2.305,0,-2.532,1.69,0.0,-1.828,1
2134,0.9472217269467588,0.2141,0,5.8889,2.323,0,-2.532,1.696,0.0,-1.822,1
2135,0.9611685596189672,0.2227,0,5.8887,2.341,0,-2.534,1.702,0.0,-1.816,1
2136,0.9724633669192891,0.2308,0,5.889,2.355,0,-2.536,1.708,0.0,-1.81,1
2137,0.9713933291926601,0.2394,0,5.8892,2.356,0,-2.533,1.714,0.0,-1.804,1
2138,0.9818482571151206,0.2474,0,5.8891,2.37,0,-2.533,1.719,0.0,-1.798,1
2139,0.9961375407040937,0.2564,0,5.8891,2.385,0,-2.539,1.726,0.0,-1.792,1
2140,1.0135344098746721,0.266,0,5.8891,2.399,0,-2.549,1.733,0.0,-1.785,1
2141,1.0246345690049696,0.2755,0,5.8889,2.415,0,-2.548,1.739,0.0,-1.778,1
2142,1.0231563907829535,0.2849,0,5.8887,2.414,0,-2.546,1.746,0.0,-1.771,1
2143,1.037158136447861,0.295,0,5.8882,2.431,0,-2.548,1.752,0.0,-1.764,1
2144,1.0443926464697078,0.3043,0,5.888,2.449,0,-2.541,1.759,0.0,-1.757,1
2145,1.0535221877112986,0.3135,0,5.8879,2.462,0,-2.54,1.765,0.0,-1.75,1
2146,1.063733989303717,0.3228,0,5.8877,2.48,0,-2.537,1.771,0.0,-1.744,1
2147,1.0635812145764891,0.332,0,5.8877,2.48,0,-2.536,1.778,0.0,-1.737,1
2148,1.072709653168088,0.341,0,5.8878,2.493,0,-2.536,1.784,0.0,-1.731,1
2149,1.0837435120913061,0.3499,0,5.8877,2.51,0,-2.534,1.79,0.0,-1.724,1
2150,1.0957029706996326,0.3592,0,5.8873,2.526,0,-2.535,1.797,0.0,-1.717,1
2151,1.107360826469855,0.3682,0,5.8865,2.544,0,-2.532,1.802,0.0,-1.71,1
2152,1.1069981933137922,0.3762,0,5.8863,2.545,0,-2.531,1.808,0.0,-1.705,1
2153,1.1167260183232053,0.3848,0,5.8861,2.56,0,-2.529,1.814,0.0,-1.698,1
2154,1.1278053910138928,0.3925,0,5.8865,2.577,0,-2.529,1.82,0.0,-1.693,1
2155,1.137492417557146,0.4006,0,5.8867,2.592,0,-2.527,1.825,0.0,-1.687,1
2156,1.1464632571521862,0.4098,0,5.8864,2.609,0,-2.524,1.832,0.0,-1.681,1
2157,1.1467728632994414,0.4192,0,5.886,2.61,0,-2.522,1.838,0.0,-1.674,1
2158,1.1585616082021706,0.4287,0,5.8859,2.628,0,-2.52,1.844,0.0,-1.667,1
2159,1.1725770763578824,0.4375,0,5.8859,2.647,0,-2.522,1.851,0.0,-1.661,1
2160,1.1850421933416546,0.4453,0,5.8859,2.666,0,-2.52,1.856,0.0,-1.655,1
2161,1.1954923671860056,0.4535,0,5.8857,2.683,0,-2.518,1.862,0.0,-1.649,1
2162,1.194983263481125,0.4619,0,5.8856,2.684,0,-2.516,1.868,0.0,-1.643,1
2163,1.206199403083918,0.4705,0,5.8855,2.7,0,-2.516,1.874,0.0,-1.637,1
2164,1.2093642958182618,0.4778,0,5.887,2.719,0,-2.504,1.88,0.0,-1.633,1
2165,1.214104196516922,0.485,0,5.8862,2.741,0,-2.487,1.884,0.0,-1.627,1
2166,1.2361593748380504,0.4977,0,5.8867,2.754,0,-2.505,1.893,0.0,-1.618,1
2167,1.2447136216817103,0.5097,0,5.8852,2.765,0,-2.505,1.901,0.0,-1.609,1
2168,1.2489307426755099,0.5216,0,5.8859,2.778,0,-2.499,1.91,0.0,-1.601,1
2169,1.2587144235290229,0.532,0,5.8877,2.799,0,-2.494,1.918,0.0,-1.595,1
2170,1.2770849619347961,0.5409,0,5.887,2.819,0,-2.499,1.924,0.0,-1.588,1
2171,1.2793205227776185,0.5483,0,5.8864,2.819,0,-2.501,1.929,0.0,-1.582,1
2172,1.2919864550373583,0.5548,0,5.8861,2.835,0,-2.502,1.933,0.0,-1.577,1
2173,1.30539572544114,0.5611,0,5.8861,2.851,0,-2.506,1.938,0.0,-1.573,1
2174,1.318175253902151,0.5684,0,5.886,2.862,0,-2.512,1.943,0.0,-1.567,1
2175,1.336937545287737,0.5787,0,5.8853,2.868,0,-2.531,1.949,0.0,-1.56,1
2176,1.3448784331678458,0.5883,0,5.885,2.863,0,-2.546,1.956,0.0,-1.553,1
2177,1.3605484188370511,0.5977,0,5.8846,2.878,0,-2.552,1.962,0.0,-1.546,1
2178,1.3701861187444573,0.6065,0,5.8845,2.895,0,-2.548,1.968,0.0,-1.539,1
2179,1.3808131662176455,0.6154,0,5.8848,2.909,0,-2.55,1.975,0.0,-1.533,1
2180,1.3907641784285358,0.6263,0,5.8849,2.922,0,-2.55,1.982,0.0,-1.525,1
2181,1.389144340952372,0.6374,0,5.8852,2.922,0,-2.549,1.991,0.0,-1.518,1
2182,1.401785290263812,0.6474,0,5.8857,2.939,0,-2.55,1.998,0.0,-1.511,1
2183,1.4128191674803965,0.6583,0,5.8856,2.958,0,-2.546,2.005,0.0,-1.503,1
2184,1.4274414173618475,0.6667,0,5.8857,2.978,0,-2.547,2.011,0.0,-1.497,1
2185,1.4341356281746858,0.6699,0,5.887,2.994,0,-2.544,2.015,0.0,-1.496,1
2186,1.433502703171501,0.6723,0,5.8879,2.994,0,-2.544,2.017,0.0,-1.495,1
2187,1.441352489851112,0.6797,0,5.8883,3.003,0,-2.546,2.022,0.0,-1.49,1
2188,1.4459284214649075,0.6919,0,5.8881,3.009,0,-2.546,2.031,0.0,-1.481,1
2189,1.4529931176712436,0.7041,0,5.8887,3.023,0,-2.543,2.04,0.0,-1.473,1
2190,1.4513621188387136,0.7175,0,5.888,3.023,0,-2.539,2.049,0.0,-1.463,1
2191,1.4687195103218311,0.7295,0,5.8872,3.048,0,-2.538,2.057,0.0,-1.454,1
2192,1.4890533905807406,0.7442,0,5.8857,3.074,0,-2.538,2.066,0.0,-1.442,1
2193,1.5043204445861924,0.7529,0,5.8855,3.096,0,-2.538,2.072,0.0,-1.436,1
2194,1.5139280035721647,0.7591,0,5.8863,3.114,0,-2.535,2.077,0.0,-1.432,1
2195,1.5132432058330871,0.7603,0,5.8868,3.114,0,-2.534,2.078,0.0,-1.431,1
2196,1.5234861338390973,0.759,0,5.887,3.13,0,-2.533,2.077,0.0,-1.432,1
2197,1.52836023240596,0.7601,0,5.8868,3.137,0,-2.534,2.078,0.0,-1.432,1
2198,1.5298970553602618,0.7643,0,5.8878,3.137,0,-2.536,2.081,0.0,-1.429,1
2199,1.5395064144069033,0.7783,0,5.8874,3.143,0,-2.543,2.091,0.0,-1.419,1
2200,1.5363049827426842,0.7936,0,5.8888,3.146,0,-2.537,2.103,0.0,-1.409,1
2201,1.5572411502397439,0.8109,0,5.8877,3.164,0,-2.546,2.114,0.0,-1.396,1
2202,1.5718603627549108,0.8282,0,5.8896,3.192,0,-2.542,2.128,0.0,-1.385,1
2203,1.5902609848700935,0.8352,0,5.8906,3.224,0,-2.538,2.133,0.0,-1.381,1
2204,1.5911718951766336,0.8378,0,5.8915,3.244,0,-2.521,2.136,0.0,-1.379,1
2205,1.592044283303703,0.8451,0,5.8925,3.244,0,-2.524,2.142,0.0,-1.375,1
2206,1.5998062382676221,0.8525,0,5.8924,3.255,0,-2.524,2.147,0.0,-1.37,1
2207,1.6111176245079066,0.8613,0,5.8921,3.269,0,-2.525,2.153,0.0,-1.363,1
2208,1.6241089864907468,0.8757,0,5.8912,3.279,0,-2.531,2.162,0.0,-1.352,1
2209,1.6430806431821903,0.9072,0,5.8843,3.296,0,-2.53,2.179,0.0,-1.325,1
2210,1.644493843101883,0.9081,0,5.8834,3.297,0,-2.53,2.179,0.0,-1.324,1
2211,1.6392107857136617,0.9061,0,5.8842,3.322,0,-2.5,2.178,0.0,-1.326,1
2212,1.6454388472380248,0.9099,0,5.8834,3.343,0,-2.487,2.181,0.0,-1.322,1
2213,1.6539301678124143,0.9153,0,5.8864,3.359,0,-2.487,2.186,0.0,-1.321,1
2214,1.6717535703565882,0.9155,0,5.8856,3.384,0,-2.486,2.186,0.0,-1.32,1
2215,1.6655404528260487,0.914,0,5.8862,3.385,0,-2.476,2.185,0.0,-1.321,1
2216,1.6721034656982208,0.9205,0,5.8874,3.402,0,-2.471,2.191,0.0,-1.318,1
2217,1.6933103672983285,0.9158,0,5.8841,3.411,0,-2.487,2.185,0.0,-1.319,1
2218,1.6994599142080407,0.9171,0,5.8899,3.432,0,-2.482,2.19,0.0,-1.322,1
2219,1.732051096243988,0.9231,0,5.8997,3.45,0,-2.524,2.201,0.0,-1.324,1
2220,1.6348788945973949,0.9325,0,5.9037,3.441,0,-2.398,2.211,0.0,-1.321,1
2221,1.7296664418320662,0.9396,0,5.9026,3.45,0,-2.526,2.215,0.0,-1.315,1
2222,1.733151176325943,0.9562,0,5.9016,3.459,0,-2.52,2.226,0.0,-1.302,1
2223,1.7720118509761724,1.0035,0,5.892,3.507,0,-2.513,2.252,0.0,-1.262,1
2224,1.7028931264175098,1.0095,0,5.8894,3.536,0,-2.378,2.255,0.0,-1.256,1
2225,1.7138625965928542,1.0096,0,5.8897,3.554,0,-2.374,2.255,0.0,-1.256,1
2226,1.724812453572851,1.0196,0,5.8882,3.558,0,-2.385,2.261,0.0,-1.248,1
2227,1.3009354326791167,1.0316,0,5.8868,3.556,0,-1.421,2.268,0.0,-1.238,1
2228,1.7328441938039323,1.0399,0,5.8887,3.566,0,-2.391,2.276,0.0,-1.234,1
2229,1.846272190117156,1.0502,0,5.8882,3.582,0,-2.537,2.282,0.0,-1.226,1
2230,1.8427398080032895,1.0579,0,5.8883,3.585,0,-2.529,2.288,0.0,-1.22,1
2231,1.8407468592938032,1.0701,0,5.8913,3.584,0,-2.532,2.299,0.0,-1.214,1
2232,1.8471015131822073,1.0812,0,5.8937,3.598,0,-2.53,2.308,0.0,-1.208,1
2233,1.8691786966472734,1.0998,0,5.8914,3.618,0,-2.538,2.32,0.0,-1.193,1
2234,1.8945397858055129,1.1066,0,5.8898,3.643,0,-2.546,2.323,0.0,-1.187,1
2235,1.9056906884381841,1.1101,0,5.8888,3.664,0,-2.54,2.325,0.0,-1.184,1
2236,1.9064485306453987,1.1156,0,5.8887,3.664,0,-2.541,2.329,0.0,-1.18,1
2237,1.9183818702229232,1.1144,0,5.888,3.685,0,-2.535,2.327,0.0,-1.18,1
2238,1.913473281757548,1.1114,0,5.8862,3.686,0,-2.525,2.324,0.0,-1.181,1
2239,1.9163016464012128,1.1088,0,5.8859,3.686,0,-2.529,2.322,0.0,-1.183,1
2240,1.913464397369337,1.1031,0,5.8857,3.679,0,-2.531,2.318,0.0,-1.186,1
2241,1.916301646401213,1.099,0,5.8859,3.679,0,-2.536,2.315,0.0,-1.19,1
2242,1.9144265459922978,1.0842,0,5.8879,3.683,0,-2.531,2.306,0.0,-1.201,1
2243,1.903785702225962,1.0726,0,5.8917,3.669,0,-2.536,2.301,0.0,-1.212,1
2244,1.8951353513667561,1.077,0,5.8942,3.659,0,-2.538,2.306,0.0,-1.211,1
2245,1.8943455334230868,1.0654,0,5.8921,3.639,0,-2.554,2.296,0.0,-1.218,1
2246,1.8944215475970496,1.0564,0,5.8904,3.64,0,-2.55,2.288,0.0,-1.223,1
2247,1.8782481199245218,1.0328,0,5.8867,3.615,0,-2.547,2.269,0.0,-1.237,1
2248,1.8472747494620283,1.0225,0,5.8854,3.591,0,-2.526,2.261,0.0,-1.244,1
2249,1.8287361756141864,1.0102,0,5.8857,3.563,0,-2.529,2.253,0.0,-1.253,1
2250,1.8111325186192202,0.9966,0,5.8867,3.545,0,-2.523,2.244,0.0,-1.263,1
2251,1.8118995557149404,0.9905,0,5.8882,3.545,0,-2.526,2.241,0.0,-1.268,1
2252,1.8032825624399524,0.9831,0,5.8882,3.527,0,-2.532,2.235,0.0,-1.274,1
2253,1.8003494105311892,0.9764,0,5.8903,3.515,0,-2.543,2.232,0.0,-1.28,1
2254,1.7805897899291683,0.9687,0,5.8931,3.501,0,-2.533,2.229,0.0,-1.287,1
2255,1.7511533342343266,0.959,0,5.8957,3.487,0,-2.509,2.224,0.0,-1.296,1
2256,1.7515364683614212,0.9468,0,5.8932,3.487,0,-2.505,2.213,0.0,-1.303,1
2257,1.737862192465214,0.9425,0,5.8957,3.47,0,-2.507,2.212,0.0,-1.308,1
2258,1.7458582416679769,0.9356,0,5.896,3.447,0,-2.543,2.208,0.0,-1.313,1
2259,1.7140361723137587,0.9276,0,5.8965,3.418,0,-2.527,2.202,0.0,-1.319,1
2260,1.7041326239468568,0.9177,0,5.8942,3.402,0,-2.526,2.194,0.0,-1.324,1
2261,1.7015110931169386,0.9035,0,5.8918,3.404,0,-2.517,2.182,0.0,-1.333,1
2262,1.6868055608160646,0.8899,0,5.8915,3.389,0,-2.51,2.172,0.0,-1.342,1
2263,1.6657241668415572,0.8817,0,5.8931,3.374,0,-2.498,2.168,0.0,-1.349,1
2264,1.6704502387081157,0.8676,0,5.8931,3.36,0,-2.519,2.158,0.0,-1.359,1
2265,1.658498417243743,0.8539,0,5.8919,3.343,0,-2.517,2.147,0.0,-1.368,1
2266,1.6689883163162047,0.848,0,5.8891,3.34,0,-2.532,2.141,0.0,-1.371,1
2267,1.649934847198519,0.8354,0,5.8877,3.318,0,-2.525,2.131,0.0,-1.379,1
2268,1.6342707853963492,0.8253,0,5.8856,3.294,0,-2.524,2.123,0.0,-1.384,1
2269,1.6221917272628412,0.8217,0,5.8872,3.28,0,-2.523,2.121,0.0,-1.388,1
2270,1.6073671018158857,0.8115,0,5.8877,3.265,0,-2.519,2.115,0.0,-1.396,1
2271,1.6075151632255291,0.8,0,5.8895,3.265,0,-2.521,2.108,0.0,-1.405,1
2272,1.5891598409222403,0.7889,0,5.8927,3.247,0,-2.517,2.102,0.0,-1.415,1
2273,1.5818966464342734,0.7809,0,5.8948,3.229,0,-2.528,2.098,0.0,-1.422,1
2274,1.5719557881823523,0.7716,0,5.8967,3.214,0,-2.532,2.093,0.0,-1.43,1
2275,1.5606117390305638,0.7621,0,5.8959,3.196,0,-2.533,2.086,0.0,-1.436,1
2276,1.5782781757345563,0.775,0,5.8812,3.195,0,-2.538,2.084,0.0,-1.417,1
2277,1.5627066263377782,0.7598,0,5.8822,3.178,0,-2.535,2.074,0.0,-1.429,1
2278,1.5528064914856583,0.7376,0,5.8841,3.158,0,-2.544,2.06,0.0,-1.446,1
2279,1.5266515646996859,0.7203,0,5.8883,3.134,0,-2.537,2.051,0.0,-1.461,1
2280,1.501187862993836,0.7116,0,5.8909,3.108,0,-2.531,2.047,0.0,-1.469,1
2281,1.5004972509138432,0.7045,0,5.8917,3.108,0,-2.531,2.042,0.0,-1.475,1
2282,1.4884599423565286,0.698,0,5.8913,3.089,0,-2.532,2.037,0.0,-1.479,1
2283,1.4764389591175113,0.6898,0,5.8908,3.075,0,-2.528,2.031,0.0,-1.484,1
2284,1.4665394641808995,0.679,0,5.8897,3.06,0,-2.528,2.023,0.0,-1.491,1
2285,1.4524145413758427,0.6708,0,5.8875,3.038,0,-2.528,2.016,0.0,-1.496,1
2286,1.45240834478462,0.6614,0,5.8868,3.039,0,-2.525,2.008,0.0,-1.502,1
2287,1.4347198332775633,0.6484,0,5.8862,3.014,0,-2.525,1.999,0.0,-1.511,1
2288,1.432632541861311,0.6373,0,5.8872,2.998,0,-2.539,1.992,0.0,-1.519,1
2289,1.4228000562271566,0.6257,0,5.8885,2.979,0,-2.546,1.985,0.0,-1.528,1
2290,1.4136551913391047,0.6137,0,5.8888,2.961,0,-2.551,1.976,0.0,-1.537,1
2291,1.412824829906383,0.6018,0,5.889,2.961,0,-2.551,1.968,0.0,-1.546,1
2292,1.401531305394211,0.5884,0,5.8896,2.942,0,-2.555,1.959,0.0,-1.556,1
2293,1.3874307189910422,0.5746,0,5.8909,2.92,0,-2.559,1.95,0.0,-1.567,1
2294,1.3706363485622288,0.5631,0,5.8903,2.892,0,-2.562,1.942,0.0,-1.574,1
2295,1.3545172571805795,0.5535,0,5.8897,2.869,0,-2.562,1.935,0.0,-1.581,1
2296,1.3550298889692434,0.5442,0,5.8895,2.869,0,-2.562,1.928,0.0,-1.587,1
2297,1.346000371470974,0.5334,0,5.8895,2.85,0,-2.569,1.921,0.0,-1.595,1
2298,1.3354489881683986,0.5229,0,5.8886,2.833,0,-2.57,1.913,0.0,-1.602,1
2299,1.3256681334331002,0.5126,0,5.8884,2.815,0,-2.573,1.905,0.0,-1.609,1
2300,1.312259501775468,0.4998,0,5.8882,2.796,0,-2.573,1.896,0.0,-1.618,1
2301,1.3119729417941512,0.4879,0,5.8887,2.796,0,-2.574,1.888,0.0,-1.627,1
2302,1.3014153833423057,0.4753,0,5.8884,2.778,0,-2.576,1.879,0.0,-1.635,1
2303,1.2866565198218212,0.4639,0,5.8879,2.757,0,-2.576,1.871,0.0,-1.643,1
2304,1.2783774872861302,0.4537,0,5.8877,2.738,0,-2.582,1.863,0.0,-1.65,1
2305,1.262971496115411,0.4435,0,5.8879,2.717,0,-2.582,1.856,0.0,-1.658,1
2306,1.263427876849328,0.4343,0,5.8881,2.717,0,-2.583,1.85,0.0,-1.664,1
2307,1.2464236839855056,0.424,0,5.8878,2.699,0,-2.578,1.843,0.0,-1.672,1
2308,1.2301077188604257,0.4136,0,5.8879,2.681,0,-2.572,1.835,0.0,-1.679,1
2309,1.214519246451039,0.4071,0,5.8901,2.668,0,-2.566,1.832,0.0,-1.685,1
2310,1.2046613632054444,0.3947,0,5.8856,2.648,0,-2.566,1.82,0.0,-1.691,1
2311,1.1979223681023743,0.3824,0,5.8841,2.648,0,-2.556,1.811,0.0,-1.699,1
2312,1.1902625760730277,0.3697,0,5.885,2.628,0,-2.565,1.802,0.0,-1.708,1
2313,1.1789779472068171,0.3571,0,5.8858,2.611,0,-2.568,1.794,0.0,-1.718,1
2314,1.163424686002493,0.3452,0,5.8867,2.592,0,-2.566,1.786,0.0,-1.727,1
2315,1.152754093464864,0.3341,0,5.8874,2.58,0,-2.564,1.779,0.0,-1.735,1
2316,1.166973864317449,0.3234,0,5.8884,2.58,0,-2.586,1.772,0.0,-1.744,1
2317,1.1513652765304332,0.3132,0,5.8887,2.564,0,-2.58,1.765,0.0,-1.751,1
2318,1.1437241800364282,0.3032,0,5.8887,2.547,0,-2.586,1.758,0.0,-1.758,1
2319,1.128207870917412,0.2949,0,5.8887,2.53,0,-2.582,1.753,0.0,-1.764,1
2320,1.1169355397694176,0.288,0,5.8888,2.516,0,-2.58,1.748,0.0,-1.769,1
2321,1.1146021711803722,0.2817,0,5.8888,2.516,0,-2.577,1.743,0.0,-1.774,1
2322,1.1055518983747439,0.2742,0,5.8887,2.5,0,-2.58,1.738,0.0,-1.779,1
2323,1.0984156772369924,0.2662,0,5.8886,2.491,0,-2.579,1.732,0.0,-1.785,1
2324,1.0843103799189604,0.2575,0,5.8887,2.474,0,-2.576,1.726,0.0,-1.791,1
2325,1.082702636922992,0.2482,0,5.8899,2.475,0,-2.575,1.721,0.0,-1.798,1
2326,1.0714126189288609,0.2393,0,5.8899,2.459,0,-2.575,1.714,0.0,-1.805,1
2327,1.0651741641628376,0.2307,0,5.8894,2.444,0,-2.58,1.708,0.0,-1.81,1
2328,1.0496551814762791,0.223,0,5.8891,2.426,0,-2.576,1.702,0.0,-1.816,1
2329,1.04269842236382,0.216,0,5.8886,2.413,0,-2.578,1.697,0.0,-1.82,1
2330,1.0425526365608593,0.2104,0,5.8882,2.413,0,-2.578,1.693,0.0,-1.824,1
2331,1.0271903426337303,0.2063,0,5.8879,2.394,0,-2.575,1.69,0.0,-1.827,1
2332,1.0218855121783457,0.2033,0,5.8879,2.381,0,-2.58,1.688,0.0,-1.829,1
2333,1.017826114815296,0.2014,0,5.8879,2.373,0,-2.581,1.686,0.0,-1.83,1
2334,1.007077454816659,0.1994,0,5.8885,2.367,0,-2.573,1.685,0.0,-1.832,1
2335,1.0069642496136593,0.1963,0,5.8886,2.367,0,-2.573,1.683,0.0,-1.834,1
2336,1.0033513841122659,0.1911,0,5.8887,2.363,0,-2.573,1.68,0.0,-1.838,1
2337,0.9981908635125848,0.1851,0,5.8887,2.359,0,-2.569,1.675,0.0,-1.842,1
2338,0.9940407436317689,0.1789,0,5.8888,2.35,0,-2.573,1.671,0.0,-1.847,1
2339,0.9834642850658076,0.1722,0,5.8883,2.337,0,-2.57,1.666,0.0,-1.851,1
2340,0.983245645807801,0.1649,0,5.8877,2.337,0,-2.57,1.661,0.0,-1.856,1
2341,0.9753466050589399,0.1539,0,5.8878,2.327,0,-2.569,1.653,0.0,-1.864,1
2342,0.9675246766878868,0.142,0,5.8876,2.314,0,-2.57,1.644,0.0,-1.872,1
2343,0.9666276428904772,0.1294,0,5.8874,2.315,0,-2.568,1.635,0.0,-1.881,1
2344,0.93231432467811,0.1154,0,5.8865,2.266,0,-2.567,1.625,0.0,-1.89,1
2345,0.9320536465247051,0.1032,0,5.8859,2.266,0,-2.567,1.616,0.0,-1.899,1
2346,0.9123825951869097,0.0927,0,5.8861,2.24,0,-2.565,1.609,0.0,-1.906,1
2347,0.8963732481505681,0.0832,0,5.8865,2.215,0,-2.567,1.602,0.0,-1.913,1
2348,0.8810295114239929,0.0749,0,5.8868,2.195,0,-2.566,1.597,0.0,-1.919,1
2349,0.8713810876992912,0.0666,0,5.8866,2.178,0,-2.569,1.591,0.0,-1.925,1
2350,0.8724958452623143,0.0577,0,5.8859,2.177,0,-2.571,1.584,0.0,-1.931,1
2351,0.8605114758095909,0.0485,0,5.8853,2.161,0,-2.569,1.577,0.0,-1.937,1
2352,0.8463805290766085,0.04,0,5.8854,2.145,0,-2.565,1.571,0.0,-1.943,1
2353,0.8258068781500915,0.0313,0,5.8853,2.126,0,-2.555,1.565,0.0,-1.949,1
2354,0.7956915231419774,0.0212,0,5.8855,2.108,0,-2.532,1.558,0.0,-1.957,1
2355,0.7948333158593694,0.0118,0,5.8865,2.108,0,-2.532,1.552,0.0,-1.964,1
2356,0.7779215898790827,0.0025,0,5.8867,2.087,0,-2.53,1.546,0.0,-1.971,1
2357,0.7645004905165201,-0.0066,0,5.8857,2.07,0,-2.527,1.539,0.0,-1.977,1
2358,0.7503872333668796,-0.0159,0,5.8855,2.052,0,-2.524,1.532,0.0,-1.983,1
2359,0.7334200706280131,-0.0252,0,5.8845,2.033,0,-2.518,1.525,0.0,-1.989,1
2360,0.7332864378944968,-0.0339,0,5.8842,2.034,0,-2.517,1.519,0.0,-1.995,1
2361,0.7213168513212488,-0.0429,0,5.8846,2.015,0,-2.519,1.512,0.0,-2.002,1
2362,0.7022371394336817,-0.0511,0,5.8845,1.996,0,-2.512,1.507,0.0,-2.008,1
2363,0.6895600046406404,-0.059,0,5.8841,1.979,0,-2.51,1.501,0.0,-2.013,1
2364,0.6775278592058042,-0.0675,0,5.8844,1.965,0,-2.507,1.495,0.0,-2.019,1
2365,0.6774319153981453,-0.0767,0,5.8849,1.964,0,-2.509,1.489,0.0,-2.026,1
2366,0.6619063377850375,-0.0859,0,5.8847,1.944,0,-2.507,1.482,0.0,-2.033,1
2367,0.6492780606180989,-0.0934,0,5.884,1.926,0,-2.506,1.477,0.0,-2.037,1
2368,0.630740834257621,-0.1022,0,5.8849,1.918,0,-2.489,1.471,0.0,-2.044,1
2369,0.6181423784210237,-0.1089,0,5.8846,1.894,0,-2.495,1.466,0.0,-2.049,1
2370,0.6173370230271304,-0.1128,0,5.8846,1.895,0,-2.493,1.463,0.0,-2.052,1
2371,0.6081924037670976,-0.1166,0,5.8834,1.883,0,-2.49,1.46,0.0,-2.053,1
2372,0.5908950837500683,-0.1218,0,5.8839,1.858,0,-2.492,1.457,0.0,-2.058,1
2373,0.5814060543200424,-0.127,0,5.8844,1.841,0,-2.495,1.453,0.0,-2.062,1
2374,0.5682860195359373,-0.1334,0,5.8863,1.835,0,-2.485,1.45,0.0,-2.067,1
2375,0.5577185670210378,-0.1455,0,5.886,1.852,0,-2.453,1.441,0.0,-2.076,1
2376,0.5927731437911132,-0.3031,0,5.8778,1.473,0,-2.756,1.325,0.0,-2.182,1
2377,0.4772808397578937,-0.3129,0,5.88,1.566,0,-2.6,1.32,0.0,-2.191,1
2378,0.4443028246590383,-0.3261,0,5.8805,1.604,0,-2.535,1.311,0.0,-2.201,1
2379,0.4392413914921953,-0.3396,0,5.8819,1.605,0,-2.529,1.302,0.0,-2.211,1
2380,0.4290757508878823,-0.362,0,5.8803,1.64,0,-2.467,1.285,0.0,-2.226,1
2381,0.4449460641471052,-0.386,0,5.8849,1.488,0,-2.635,1.272,0.0,-2.246,1
2382,0.450408703290689,-0.3951,0,5.8857,1.448,0,-2.665,1.266,0.0,-2.253,1
2383,0.4382750278078824,-0.4083,0,5.8856,1.455,0,-2.654,1.257,0.0,-2.263,1
2384,0.3672887147735415,-0.4296,0,5.8821,1.488,0,-2.545,1.239,0.0,-2.275,1
2385,0.3398720347424897,-0.533,0,5.8803,1.233,0,-2.681,1.165,0.0,-2.348,1
2386,0.2596247291765559,-0.5493,0,5.8804,1.301,0,-2.574,1.154,0.0,-2.36,1
2387,0.25645272468819674,-0.5632,0,5.8795,1.302,0,-2.571,1.144,0.0,-2.369,1
2388,0.2442478249647273,-0.5749,0,5.8783,1.316,0,-2.54,1.135,0.0,-2.376,1
2389,0.23058620947489486,-0.5872,0,5.8781,1.293,0,-2.544,1.126,0.0,-2.385,1
2390,0.21497906874856434,-0.5995,0,5.8783,1.271,0,-2.544,1.117,0.0,-2.394,1
2391,0.20648002324680242,-0.6111,0,5.8806,1.256,0,-2.551,1.111,0.0,-2.404,1
2392,0.20647518010647176,-0.6202,0,5.8814,1.251,0,-2.557,1.105,0.0,-2.411,1
2393,0.20858571379651106,-0.6297,0,5.8813,1.216,0,-2.589,1.098,0.0,-2.417,1
2394,0.2076631888419321,-0.6391,0,5.8812,1.192,0,-2.606,1.092,0.0,-2.424,1
2395,0.19444536507718557,-0.6474,0,5.8816,1.206,0,-2.583,1.086,0.0,-2.43,1
2396,0.1774964788383141,-0.6575,0,5.8815,1.203,0,-2.564,1.079,0.0,-2.437,1
2397,0.17886866690396044,-0.6721,0,5.88,1.205,0,-2.562,1.068,0.0,-2.447,1
2398,0.16003124694883808,-0.6926,0,5.8766,1.184,0,-2.548,1.051,0.0,-2.459,1
2399,0.15262044423995094,-0.7069,0,5.8778,1.159,0,-2.568,1.042,0.0,-2.47,1
2400,0.12872451204024812,-0.72,0,5.8792,1.126,0,-2.569,1.033,0.0,-2.48,1
2401,0.11384638773364751,-0.7289,0,5.8805,1.108,0,-2.568,1.028,0.0,-2.487,1
2402,0.11327841806805047,-0.735,0,5.881,1.108,0,-2.568,1.024,0.0,-2.492,1
2403,0.0999049548320803,-0.7465,0,5.88,1.09,0,-2.566,1.015,0.0,-2.5,1
2404,0.08796590248499708,-0.759,0,5.8808,1.074,0,-2.566,1.007,0.0,-2.509,1
2405,0.07507329751649368,-0.774,0,5.8813,1.053,0,-2.57,0.997,0.0,-2.52,1
2406,0.05672741841473131,-0.7861,0,5.88,1.03,0,-2.565,0.987,0.0,-2.528,1
2407,0.05720139858430046,-0.7988,0,5.8809,1.025,0,-2.572,0.979,0.0,-2.538,1
2408,0.043011626335213264,-0.8048,0,5.8811,1.0,0,-2.577,0.975,0.0,-2.542,0
2409,0.052000000000000046,-0.8114,0,5.8813,0.991,0,-2.595,0.971,0.0,-2.547,1
2410,0.04535416188179431,-0.8198,0,5.8818,0.976,0,-2.597,0.965,0.0,-2.553,0
2411,0.03324154027718945,-0.8247,0,5.8829,0.974,0,-2.588,0.962,0.0,-2.557,0
2412,0.03061045573002796,-0.8332,0,5.8828,0.975,0,-2.587,0.956,0.0,-2.563,0
2413,0.014866068747318368,-0.8444,0,5.8825,0.959,0,-2.581,0.948,0.0,-2.571,0
2414,0.006082762530298444,-0.8568,0,5.8821,0.938,0,-2.574,0.939,0.0,-2.58,0
2415,0.014035668847618204,-0.8676,0,5.8824,0.918,0,-2.589,0.932,0.0,-2.588,0
2416,0.030805843601498777,-0.8795,0,5.8824,0.894,0,-2.589,0.924,0.0,-2.596,0
2417,0.02983286778035269,-0.8899,0,5.884,0.894,0,-2.586,0.917,0.0,-2.605,0
2418,0.05445181356024805,-0.8982,0,5.8847,0.874,0,-2.572,0.912,0.0,-2.611,1
2419,0.06444377394287222,-0.9097,0,5.8856,0.857,0,-2.577,0.905,0.0,-2.62,1
2420,0.08700000000000016,-0.9234,0,5.8852,0.835,0,-2.566,0.895,0.0,-2.629,1
2421,0.10255242561733967,-0.9357,0,5.8845,0.815,0,-2.564,0.886,0.0,-2.638,1
2422,0.10261578825892242,-0.949,0,5.8841,0.813,0,-2.566,0.876,0.0,-2.647,1
2423,0.10089598604503522,-0.9611,0,5.8834,0.789,0,-2.591,0.867,0.0,-2.655,1
2424,0.12020815280171289,-0.9721,0,5.8829,0.762,0,-2.591,0.859,0.0,-2.662,1
2425,0.13520724832641187,-0.9826,0,5.8829,0.743,0,-2.59,0.852,0.0,-2.67,1
2426,0.14420124826089417,-0.9936,0,5.8826,0.729,0,-2.59,0.844,0.0,-2.677,1
2427,0.14645477117526767,-1.0038,0,5.8828,0.73,0,-2.585,0.837,0.0,-2.685,1
2428,0.15787653403846935,-1.0159,0,5.883,0.711,0,-2.588,0.828,0.0,-2.694,1
2429,0.16953170794869016,-1.0281,0,5.8826,0.69,0,-2.592,0.819,0.0,-2.702,1
2430,0.18374166647769377,-1.0417,0,5.8827,0.67,0,-2.593,0.81,0.0,-2.712,1
2431,0.20077101384413035,-1.0552,0,5.8833,0.648,0,-2.592,0.801,0.0,-2.722,1
2432,0.20579844508644837,-1.0675,0,5.8834,0.649,0,-2.583,0.792,0.0,-2.731,1
2433,0.22486440358580528,-1.0791,0,5.8836,0.626,0,-2.579,0.784,0.0,-2.739,1
2434,0.2336921051298052,-1.0885,0,5.8847,0.605,0,-2.591,0.779,0.0,-2.747,1
2435,0.24290944814889354,-1.0996,0,5.8837,0.589,0,-2.592,0.77,0.0,-2.754,1
2436,0.2563630238548453,-1.1128,0,5.8834,0.57,0,-2.592,0.761,0.0,-2.763,1
2437,0.2573907535246748,-1.1253,0,5.8833,0.569,0,-2.591,0.752,0.0,-2.772,1
2438,0.2632299375071155,-1.139,0,5.8837,0.549,0,-2.603,0.742,0.0,-2.782,1
2439,0.2815759222660917,-1.1489,0,5.8845,0.522,0,-2.606,0.736,0.0,-2.789,1
2440,0.3056795707926846,-1.157,0,5.8848,0.507,0,-2.587,0.731,0.0,-2.795,1
2441,0.30547012947258834,-1.1679,0,5.8852,0.507,0,-2.587,0.723,0.0,-2.803,1
2442,0.31608384963487146,-1.1832,0,5.8837,0.489,0,-2.588,0.711,0.0,-2.813,1
2443,0.33031046002208275,-1.2027,0,5.8825,0.469,0,-2.587,0.697,0.0,-2.826,1
2444,0.3457932908545218,-1.2153,0,5.8826,0.446,0,-2.588,0.688,0.0,-2.835,1
2445,0.362751981386732,-1.2326,0,5.8827,0.418,0,-2.593,0.676,0.0,-2.848,1
2446,0.3621739913356562,-1.2442,0,5.8822,0.418,0,-2.593,0.667,0.0,-2.856,1
2447,0.3832936211313723,-1.2595,0,5.8821,0.39,0,-2.591,0.657,0.0,-2.866,1
2448,0.397404076476324,-1.2708,0,5.8818,0.369,0,-2.591,0.648,0.0,-2.874,1
2449,0.4109026648733251,-1.2814,0,5.8813,0.345,0,-2.597,0.641,0.0,-2.882,1
2450,0.4237275067776459,-1.2901,0,5.8793,0.325,0,-2.595,0.633,0.0,-2.886,1
2451,0.42355755216971397,-1.3013,0,5.8787,0.325,0,-2.595,0.625,0.0,-2.894,1
2452,0.42922837744026177,-1.312,0,5.8786,0.311,0,-2.6,0.617,0.0,-2.901,1
2453,0.44477072745404456,-1.3247,0,5.8789,0.295,0,-2.596,0.609,0.0,-2.911,1
2454,0.459619407771256,-1.336,0,5.8793,0.276,0,-2.594,0.601,0.0,-2.919,1
2455,0.4759086046711068,-1.3485,0,5.8792,0.252,0,-2.595,0.592,0.0,-2.928,1
2456,0.475228366156735,-1.3606,0,5.8789,0.252,0,-2.595,0.583,0.0,-2.936,1
2457,0.4857828733086418,-1.3711,0,5.8793,0.233,0,-2.6,0.576,0.0,-2.944,1
2458,0.500729467876617,-1.3764,0,5.8792,0.211,0,-2.601,0.572,0.0,-2.948,1
2459,0.5166836556346638,-1.3762,0,5.8792,0.192,0,-2.599,0.573,0.0,-2.948,1
2460,0.5190423874790959,-1.3749,0,5.879,0.187,0,-2.599,0.573,0.0,-2.946,1
2461,0.5197864946302472,-1.3739,0,5.8786,0.187,0,-2.599,0.574,0.0,-2.946,1
2462,0.515629712099681,-1.3735,0,5.8789,0.189,0,-2.602,0.574,0.0,-2.945,1
2463,0.5155501915429769,-1.3733,0,5.8793,0.191,0,-2.602,0.575,0.0,-2.946,1
2464,0.5154745386534623,-1.3733,0,5.8792,0.192,0,-2.6,0.575,0.0,-2.945,1
2465,0.5190423874790959,-1.3731,0,5.8812,0.19,0,-2.6,0.576,0.0,-2.947,1
2466,0.5197864946302472,-1.3732,0,5.8821,0.19,0,-2.6,0.577,0.0,-2.947,1
2467,0.5217940206633266,-1.3732,0,5.8827,0.19,0,-2.598,0.577,0.0,-2.948,1
2468,0.5189691705679634,-1.3732,0,5.8826,0.192,0,-2.6,0.577,0.0,-2.948,1
2469,0.5197114584074513,-1.3732,0,5.8825,0.191,0,-2.6,0.577,0.0,-2.948,1
2470,0.5203815907581664,-1.3732,0,5.8824,0.191,0,-2.599,0.577,0.0,-2.948,1
2471,0.5203815907581664,-1.3732,0,5.8823,0.191,0,-2.599,0.577,0.0,-2.948,1
2472,0.5210527804359171,-1.3732,0,5.8822,0.191,0,-2.598,0.577,0.0,-2.948,1
2473,0.5191194467557539,-1.3732,0,5.8822,0.19,0,-2.602,0.577,0.0,-2.948,1
2474,0.5211237856786042,-1.3732,0,5.8822,0.19,0,-2.599,0.577,0.0,-2.948,1
2475,0.5197114584074513,-1.3732,0,5.8821,0.191,0,-2.599,0.577,0.0,-2.947,1
2476,0.5197114584074513,-1.3732,0,5.8821,0.191,0,-2.599,0.577,0.0,-2.947,1
2477,0.5204546089718102,-1.3732,0,5.8821,0.19,0,-2.599,0.577,0.0,-2.947,1
2478,0.5183743820830655,-1.3732,0,5.882,0.191,0,-2.601,0.577,0.0,-2.947,1
2479,0.5190423874790959,-1.3729,0,5.8814,0.191,0,-2.6,0.577,0.0,-2.947,1
2480,0.5182991414231746,-1.374,0,5.8796,0.189,0,-2.599,0.574,0.0,-2.946,1
2481,0.5186607754592589,-1.3762,0,5.8793,0.193,0,-2.595,0.573,0.0,-2.948,1
2482,0.519723965196911,-1.3765,0,5.8833,0.208,0,-2.583,0.575,0.0,-2.951,1
2483,0.520877144823998,-1.385,0,5.8854,0.228,0,-2.566,0.571,0.0,-2.958,1
2484,0.503509682131337,-1.4053,0,5.8896,0.199,0,-2.625,0.56,0.0,-2.976,1
2485,0.5305581966193721,-1.4315,0,5.8959,0.16,0,-2.635,0.546,0.0,-2.999,1
2486,0.5232895947752068,-1.4639,0,5.9029,0.162,0,-2.653,0.528,0.0,-3.027,1
2487,0.5016622369682614,-1.5055,0,5.912,0.181,0,-2.68,0.505,0.0,-3.063,1
2488,0.47270498199193994,-1.5467,0,5.9214,0.162,0,-2.752,0.483,0.0,-3.099,1
2489,0.4419694559582143,-1.5916,0,5.9314,0.15,0,-2.822,0.459,0.0,-3.138,1
2490,0.44200113122027207,-1.6385,0,5.9393,0.165,0,-2.824,0.431,0.0,-3.177,1
2491,0.41477945947213923,-1.6774,0,5.9425,0.167,0,-2.868,0.406,0.0,-3.207,1
2492,0.3736549210167049,-1.7091,0,5.9422,0.171,0,-2.922,0.384,0.0,-3.229,1
2493,0.32345942558534285,-1.7312,0,5.9373,0.166,0,-2.986,0.365,0.0,-3.241,1
2494,0.28217902119044946,-1.7441,0,5.9288,0.154,0,-3.041,0.35,0.0,-3.244,1
2495,0.2727214696352304,-1.7491,0,5.9164,0.156,0,-3.035,0.337,0.0,-3.239,1
2496,0.23903974564912867,-1.7517,0,5.9033,0.154,0,-3.066,0.326,0.0,-3.232,1
2497,0.2147673159491453,-1.754,0,5.894,0.156,0,-3.086,0.318,0.0,-3.227,1
2498,0.19461757371830538,-1.7583,0,5.8883,0.161,0,-3.102,0.311,0.0,-3.226,1
2499,0.1870187156409754,-1.7631,0,5.886,0.166,0,-3.104,0.306,0.0,-3.228,1
2500,0.1804799157801221,-1.7678,0,5.8846,0.169,0,-3.108,0.302,0.0,-3.23,1
2501,0.1688845759683222,-1.7693,0,5.8841,0.171,0,-3.122,0.3,0.0,-3.231,1
2502,0.16801488029338374,-1.7769,0,5.8845,0.168,0,-3.127,0.295,0.0,-3.237,1
2503,0.15890248582070715,-1.7845,0,5.8833,0.168,0,-3.138,0.289,0.0,-3.241,1
2504,0.15498709623707416,-1.7888,0,5.8828,0.172,0,-3.139,0.286,0.0,-3.244,1
2505,0.15795252451290542,-1.7905,0,5.8827,0.166,0,-3.14,0.284,0.0,-3.245,1
2506,0.14840485167271333,-1.791,0,5.8825,0.166,0,-3.155,0.284,0.0,-3.245,1
2507,0.14984325143295585,-1.7911,0,5.8824,0.162,0,-3.158,0.284,0.0,-3.245,1
2508,0.1536391877093863,-1.7891,0,5.8834,0.172,0,-3.142,0.286,0.0,-3.245,1
2509,0.1544668249171971,-1.7894,0,5.8831,0.183,0,-3.129,0.285,0.0,-3.245,1
2510,0.16523922052587894,-1.7908,0,5.883,0.154,0,-3.143,0.284,0.0,-3.245,1
2511,0.15829403020960706,-1.7914,0,5.8828,0.148,0,-3.165,0.284,0.0,-3.246,1
2512,0.16065490966665164,-1.7909,0,5.8825,0.153,0,-3.152,0.284,0.0,-3.245,1
2513,0.15462535367784944,-1.7908,0,5.8821,0.162,0,-3.15,0.284,0.0,-3.245,1
2514,0.15383757668398196,-1.7905,0,5.882,0.163,0,-3.15,0.284,0.0,-3.245,1
2515,0.15305227865013976,-1.7904,0,5.882,0.164,0,-3.15,0.284,0.0,-3.245,1
2516,0.15508062419270818,-1.7906,0,5.8818,0.163,0,-3.148,0.284,0.0,-3.245,1
2517,0.1557080601638848,-1.7905,0,5.8843,0.164,0,-3.148,0.285,0.0,-3.246,1
2518,0.15430165261590684,-1.7905,0,5.8844,0.165,0,-3.149,0.285,0.0,-3.246,1
2519,0.1549322432549144,-1.7905,0,5.8844,0.165,0,-3.148,0.285,0.0,-3.246,1
2520,0.15648642113614833,-1.7902,0,5.8844,0.164,0,-3.148,0.286,0.0,-3.246,1
2521,0.1548063306199073,-1.7851,0,5.8829,0.165,0,-3.147,0.288,0.0,-3.241,1
2522,0.15781318069160133,-1.7741,0,5.8816,0.164,0,-3.145,0.295,0.0,-3.233,1
2523,0.15443445211480508,-1.7579,0,5.8812,0.171,0,-3.146,0.306,0.0,-3.221,1
2524,0.13822445514452217,-1.7406,0,5.8812,0.193,0,-3.149,0.318,0.0,-3.208,1
2525,0.14483784035948621,-1.7234,0,5.8814,0.193,0,-3.149,0.33,0.0,-3.196,1
2526,0.12332882874656673,-1.7095,0,5.8821,0.224,0,-3.148,0.341,0.0,-3.187,1
2527,0.09616652224137044,-1.6965,0,5.8823,0.258,0,-3.15,0.35,0.0,-3.178,1
2528,0.07746612162745728,-1.6858,0,5.8824,0.282,0,-3.155,0.358,0.0,-3.17,1
2529,0.060638271743182176,-1.6816,0,5.884,0.303,0,-3.154,0.362,0.0,-3.168,1
2530,0.06462971452822615,-1.6745,0,5.8844,0.303,0,-3.155,0.367,0.0,-3.164,1
2531,0.059008473967727716,-1.6638,0,5.8852,0.316,0,-3.156,0.375,0.0,-3.157,1
2532,0.06826419266350403,-1.6474,0,5.8843,0.318,0,-3.15,0.386,0.0,-3.144,1
2533,0.06425729530566943,-1.629,0,5.8824,0.337,0,-3.153,0.397,0.0,-3.13,1
2534,0.04879549159502317,-1.6112,0,5.8811,0.375,0,-3.151,0.409,0.0,-3.116,0
2535,0.06365532185135805,-1.5949,0,5.8808,0.376,0,-3.15,0.42,0.0,-3.104,1
2536,0.05077400909914452,-1.5819,0,5.883,0.404,0,-3.14,0.431,0.0,-3.097,1
2537,0.05721887800367981,-1.5706,0,5.8849,0.435,0,-3.147,0.44,0.0,-3.09,1
2538,0.06726812023536839,-1.5603,0,5.885,0.461,0,-3.149,0.448,0.0,-3.083,1
2539,0.09550916186418995,-1.5269,0,5.8822,0.498,0,-3.148,0.469,0.0,-3.057,1
2540,0.2605475004677651,-1.336,0,5.8803,0.74,0,-3.141,0.602,0.0,-2.92,1
2541,0.262251787410496,-1.3209,0,5.8799,0.738,0,-3.139,0.612,0.0,-2.909,1
2542,0.2845434940391363,-1.3097,0,5.8797,0.763,0,-3.147,0.62,0.0,-2.901,1
2543,0.3009617915948798,-1.3007,0,5.8798,0.789,0,-3.147,0.626,0.0,-2.894,1
2544,0.3078473647767671,-1.2916,0,5.8793,0.821,0,-3.13,0.632,0.0,-2.887,1
2545,0.32093768865622485,-1.2799,0,5.8789,0.84,0,-3.13,0.64,0.0,-2.879,1
2546,0.32240502477473876,-1.2682,0,5.8788,0.84,0,-3.129,0.648,0.0,-2.87,1
2547,0.3352029236149348,-1.2548,0,5.8785,0.857,0,-3.13,0.657,0.0,-2.861,1
2548,0.35381633653634453,-1.2401,0,5.8784,0.883,0,-3.131,0.668,0.0,-2.85,1
2549,0.3713812057711052,-1.2274,0,5.8791,0.909,0,-3.132,0.677,0.0,-2.842,1
2550,0.38578361810735273,-1.2155,0,5.8796,0.931,0,-3.131,0.686,0.0,-2.833,1
2551,0.38643498806396925,-1.203,0,5.8796,0.931,0,-3.13,0.695,0.0,-2.824,1
2552,0.40136766187624034,-1.19,0,5.8791,0.953,0,-3.129,0.703,0.0,-2.815,1
2553,0.420267771783657,-1.177,0,5.8785,0.976,0,-3.132,0.712,0.0,-2.805,1
2554,0.4340518402218795,-1.1639,0,5.8778,0.997,0,-3.13,0.721,0.0,-2.795,1
2555,0.4472337196589721,-1.1519,0,5.8778,1.016,0,-3.13,0.729,0.0,-2.787,1
2556,0.446972034919412,-1.1392,0,5.8783,1.016,0,-3.128,0.738,0.0,-2.778,1
2557,0.4652923811970275,-1.127,0,5.8789,1.043,0,-3.129,0.747,0.0,-2.77,1
2558,0.47528202154089516,-1.1133,0,5.8784,1.059,0,-3.127,0.757,0.0,-2.76,1
2559,0.49896392655181,-1.1004,0,5.8782,1.087,0,-3.132,0.766,0.0,-2.75,1
2560,0.5146746545148695,-1.0892,0,5.8783,1.11,0,-3.132,0.773,0.0,-2.743,1
2561,0.5189778415308307,-1.0757,0,5.8785,1.11,0,-3.136,0.783,0.0,-2.733,1
2562,0.5298188369622203,-1.0636,0,5.8784,1.13,0,-3.132,0.792,0.0,-2.724,1
2563,0.5449403637096447,-1.0508,0,5.8781,1.152,0,-3.131,0.8,0.0,-2.715,1
2564,0.55903488263256,-1.0387,0,5.8777,1.171,0,-3.132,0.809,0.0,-2.706,1
2565,0.5802421908134568,-1.0257,0,5.8776,1.202,0,-3.132,0.818,0.0,-2.697,1
2566,0.5781219594514638,-1.0128,0,5.878,1.202,0,-3.128,0.827,0.0,-2.688,1
2567,0.593522535376712,-0.9997,0,5.8781,1.223,0,-3.129,0.836,0.0,-2.679,1
2568,0.6060140262403172,-0.9868,0,5.879,1.244,0,-3.127,0.846,0.0,-2.67,1
2569,0.6200298379916888,-0.9741,0,5.8788,1.264,0,-3.127,0.855,0.0,-2.661,1
2570,0.6223961760807982,-0.961,0,5.8783,1.264,0,-3.127,0.863,0.0,-2.651,1
2571,0.6370196229316644,-0.9481,0,5.8782,1.285,0,-3.127,0.872,0.0,-2.642,1
2572,0.6526392571704525,-0.9355,0,5.8782,1.304,0,-3.13,0.881,0.0,-2.633,1
2573,0.6650067668828642,-0.9232,0,5.8786,1.325,0,-3.128,0.89,0.0,-2.625,1
2574,0.6804248672704429,-0.9109,0,5.8787,1.346,0,-3.129,0.899,0.0,-2.616,1
2575,0.682182526894379,-0.8974,0,5.8786,1.346,0,-3.129,0.908,0.0,-2.606,1
2576,0.7004741251466752,-0.8852,0,5.8777,1.374,0,-3.127,0.916,0.0,-2.597,1
2577,0.7160921728381059,-0.8718,0,5.8775,1.394,0,-3.129,0.926,0.0,-2.587,1
2578,0.7284943376581591,-0.8595,0,5.8769,1.414,0,-3.126,0.934,0.0,-2.578,1
2579,0.7440436815133908,-0.8522,0,5.8785,1.44,0,-3.125,0.94,0.0,-2.574,1
2580,0.7438400365670027,-0.8435,0,5.8794,1.44,0,-3.125,0.947,0.0,-2.568,1
2581,0.7658492018667904,-0.8322,0,5.8802,1.462,0,-3.135,0.955,0.0,-2.561,1
2582,0.7649084912589217,-0.8192,0,5.8807,1.466,0,-3.13,0.965,0.0,-2.552,1
2583,0.782304288624318,-0.8044,0,5.8803,1.491,0,-3.129,0.975,0.0,-2.541,1
2584,0.796246821029761,-0.7836,0,5.8783,1.508,0,-3.128,0.988,0.0,-2.525,1
2585,0.7948616231772673,-0.7666,0,5.8807,1.508,0,-3.127,1.002,0.0,-2.514,1
2586,0.8134893975953225,-0.752,0,5.8817,1.542,0,-3.123,1.013,0.0,-2.505,1
2587,0.8343584361651772,-0.7446,0,5.8826,1.573,0,-3.123,1.018,0.0,-2.5,1
2588,0.8454974866905284,-0.7395,0,5.8901,1.592,0,-3.131,1.027,0.0,-2.502,1
2589,0.8706560744633899,-0.7225,0,5.8869,1.606,0,-3.146,1.037,0.0,-2.487,1
2590,0.8696280814233174,-0.7087,0,5.8892,1.606,0,-3.146,1.048,0.0,-2.479,1
2591,0.8773762020934918,-0.69,0,5.884,1.628,0,-3.129,1.058,0.0,-2.462,1
2592,0.8991445934887226,-0.6755,0,5.879,1.658,0,-3.123,1.064,0.0,-2.448,1
2593,0.9098664737201828,-0.6618,0,5.8771,1.682,0,-3.113,1.073,0.0,-2.437,1
2594,0.9352887254746526,-0.6577,0,5.877,1.702,0,-3.128,1.075,0.0,-2.434,1
2595,0.9326891229128813,-0.6508,0,5.878,1.703,0,-3.125,1.081,0.0,-2.43,1
2596,0.9385201116651681,-0.6397,0,5.8777,1.723,0,-3.114,1.089,0.0,-2.422,1
2597,0.948300057998522,-0.6266,0,5.8783,1.73,0,-3.12,1.098,0.0,-2.413,1
2598,0.9587830828711988,-0.6052,0,5.8774,1.745,0,-3.118,1.113,0.0,-2.397,1
2599,0.9790250252164141,-0.5886,0,5.8779,1.774,0,-3.119,1.125,0.0,-2.386,1
2600,0.9802009997954502,-0.5758,0,5.8792,1.772,0,-3.123,1.135,0.0,-2.378,1
2601,1.0037713883150887,-0.5614,0,5.8803,1.811,0,-3.119,1.145,0.0,-2.368,1
2602,1.0218067331937095,-0.5539,0,5.8818,1.835,0,-3.124,1.152,0.0,-2.364,1
2603,1.038680412831589,-0.5446,0,5.8817,1.854,0,-3.128,1.158,0.0,-2.357,1
2604,1.0487139743514438,-0.5316,0,5.8816,1.868,0,-3.128,1.167,0.0,-2.348,1
2605,1.0507887513672767,-0.5215,0,5.8794,1.867,0,-3.128,1.173,0.0,-2.339,1
2606,1.0606809133759316,-0.505,0,5.8786,1.894,0,-3.115,1.184,0.0,-2.327,1
2607,1.0873991907298808,-0.4909,0,5.8777,1.914,0,-3.13,1.193,0.0,-2.316,1
2608,1.1048402599471108,-0.4787,0,5.8779,1.938,0,-3.131,1.202,0.0,-2.307,1
2609,1.1257219905465115,-0.4688,0,5.8799,1.965,0,-3.137,1.21,0.0,-2.302,1
2610,1.1249355537096337,-0.4579,0,5.881,1.965,0,-3.137,1.219,0.0,-2.295,1
2611,1.1390522376080914,-0.4464,0,5.8807,1.982,0,-3.138,1.226,0.0,-2.286,1
2612,1.1538340435261905,-0.4338,0,5.8807,2.002,0,-3.139,1.235,0.0,-2.277,1
2613,1.1731879644796905,-0.4204,0,5.8807,2.022,0,-3.147,1.245,0.0,-2.268,1
2614,1.1898773045990916,-0.4071,0,5.8812,2.046,0,-3.147,1.254,0.0,-2.259,1
2615,1.197466074676022,-0.3943,0,5.8819,2.047,0,-3.156,1.264,0.0,-2.25,1
2616,1.2163584997853225,-0.3819,0,5.8822,2.071,0,-3.16,1.273,0.0,-2.242,1
2617,1.2373301903695717,-0.3706,0,5.8826,2.096,0,-3.165,1.281,0.0,-2.234,1
2618,1.2511706518297172,-0.358,0,5.8825,2.118,0,-3.163,1.29,0.0,-2.225,1
2619,1.2677744278853393,-0.3463,0,5.8837,2.143,0,-3.163,1.299,0.0,-2.217,1
2620,1.2722330761303136,-0.3346,0,5.8832,2.143,0,-3.168,1.307,0.0,-2.209,1
2621,1.2913287730086402,-0.3227,0,5.8829,2.164,0,-3.173,1.315,0.0,-2.2,1
2622,1.3074146243636715,-0.3105,0,5.8832,2.186,0,-3.174,1.324,0.0,-2.191,1
2623,1.3198473396571286,-0.2998,0,5.8837,2.205,0,-3.173,1.331,0.0,-2.184,1
2624,1.3356294396276236,-0.2874,0,5.8829,2.231,0,-3.17,1.34,0.0,-2.175,1
2625,1.3383725191440536,-0.2745,0,5.8816,2.233,0,-3.169,1.348,0.0,-2.165,1
2626,1.3582212632704584,-0.2631,0,5.8822,2.254,0,-3.176,1.356,0.0,-2.157,1
2627,1.3753374131463159,-0.2519,0,5.8842,2.273,0,-3.183,1.365,0.0,-2.15,1
2628,1.3923638173983122,-0.2387,0,5.8859,2.295,0,-3.188,1.376,0.0,-2.142,1
2629,1.404548681961576,-0.2291,0,5.888,2.318,0,-3.186,1.384,0.0,-2.137,1
2630,1.3956091859829527,-0.2252,0,5.8877,2.321,0,-3.171,1.387,0.0,-2.134,1
2631,1.408336607491263,-0.2232,0,5.8895,2.343,0,-3.17,1.389,0.0,-2.134,1
2632,1.4185344549921939,-0.2164,0,5.8907,2.351,0,-3.178,1.395,0.0,-2.13,1
2633,1.4264732734965628,-0.2007,0,5.8892,2.354,0,-3.182,1.405,0.0,-2.117,1
2634,1.4118278931937844,-0.1842,0,5.888,2.389,0,-3.128,1.416,0.0,-2.105,1
2635,1.4198204111788222,-0.1636,0,5.8868,2.388,0,-3.136,1.429,0.0,-2.089,1
2636,1.4575355913321635,-0.1435,0,5.8879,2.415,0,-3.163,1.444,0.0,-2.076,1
2637,1.4944062366036888,-0.13,0,5.89,2.45,0,-3.183,1.455,0.0,-2.068,1
2638,1.5109841163956688,-0.1181,0,5.8928,2.489,0,-3.173,1.466,0.0,-2.061,1
2639,1.5146105109895414,-0.1107,0,5.895,2.485,0,-3.183,1.472,0.0,-2.057,1
2640,1.531535177526132,-0.1026,0,5.8952,2.478,0,-3.212,1.478,0.0,-2.052,1
2641,1.5589871712108472,-0.0922,0,5.8951,2.505,0,-3.223,1.485,0.0,-2.044,1
2642,1.5557907957048722,-0.0819,0,5.8932,2.53,0,-3.194,1.491,0.0,-2.036,1
2643,1.564059461785261,-0.0668,0,5.8913,2.559,0,-3.175,1.5,0.0,-2.024,1
2644,1.5762921683495101,-0.0472,0,5.8864,2.555,0,-3.187,1.511,0.0,-2.006,1
2645,1.5903222943793502,-0.0333,0,5.8859,2.575,0,-3.186,1.52,0.0,-1.996,1
2646,1.6044020693080647,-0.0272,0,5.8886,2.601,0,-3.184,1.526,0.0,-1.993,1
2647,1.6213738002077125,-0.0214,0,5.8887,2.629,0,-3.182,1.531,0.0,-1.989,1
2648,1.62499538460883,-0.011,0,5.8891,2.637,0,-3.179,1.538,0.0,-1.982,1
2649,1.6263299173291992,0.0027,0,5.8887,2.637,0,-3.179,1.547,0.0,-1.972,1
2650,1.6338436277685817,0.0234,0,5.8889,2.651,0,-3.176,1.562,0.0,-1.958,1
2651,1.6478097584369382,0.0418,0,5.8906,2.677,0,-3.172,1.576,0.0,-1.946,1
2652,1.6719964114794028,0.057,0,5.8922,2.714,0,-3.172,1.588,0.0,-1.936,1
2653,1.6892001065593147,0.0689,0,5.8947,2.744,0,-3.17,1.598,0.0,-1.929,1
2654,1.6882751552990407,0.0784,0,5.8967,2.743,0,-3.172,1.606,0.0,-1.924,1
2655,1.7032759611994766,0.087,0,5.897,2.77,0,-3.168,1.613,0.0,-1.918,1
2656,1.7169566098186637,0.0996,0,5.8977,2.784,0,-3.174,1.622,0.0,-1.91,1
2657,1.7305308434119282,0.1121,0,5.8952,2.798,0,-3.175,1.629,0.0,-1.899,1
2658,1.7487198174664802,0.1256,0,5.8951,2.823,0,-3.175,1.638,0.0,-1.889,1
2659,1.7486829329526838,0.1401,0,5.8961,2.823,0,-3.176,1.649,0.0,-1.88,1
2660,1.7653656844971242,0.1523,0,5.8957,2.847,0,-3.175,1.657,0.0,-1.871,1
2661,1.7783939383612395,0.1643,0,5.8957,2.872,0,-3.169,1.666,0.0,-1.862,1
2662,1.7958674784070232,0.1747,0,5.8956,2.895,0,-3.171,1.673,0.0,-1.855,1
2663,1.810580293718011,0.1857,0,5.8956,2.916,0,-3.171,1.681,0.0,-1.847,1
2664,1.811744463217702,0.1976,0,5.8956,2.916,0,-3.171,1.689,0.0,-1.838,1
2665,1.823669103757587,0.2106,0,5.8955,2.935,0,-3.169,1.698,0.0,-1.829,1
2666,1.8378566320581156,0.2243,0,5.8948,2.953,0,-3.17,1.707,0.0,-1.819,1
2667,1.8518220756865384,0.2371,0,5.8941,2.975,0,-3.167,1.716,0.0,-1.809,1
2668,1.8870000000000002,0.2686,0,5.8911,3.023,0,-3.165,1.736,0.0,-1.785,1
2669,1.920238526850245,0.2988,0,5.8899,3.066,0,-3.166,1.756,0.0,-1.762,1
2670,1.9378341002263324,0.3114,0,5.8888,3.088,0,-3.167,1.764,0.0,-1.752,1
2671,1.9382984806267582,0.3238,0,5.8886,3.088,0,-3.167,1.773,0.0,-1.743,1
2672,1.9543602533821651,0.3371,0,5.8877,3.111,0,-3.165,1.781,0.0,-1.733,1
2673,1.9698045588331854,0.3504,0,5.8869,3.133,0,-3.164,1.79,0.0,-1.723,1
2674,1.9860334841084626,0.3627,0,5.887,3.154,0,-3.167,1.799,0.0,-1.715,1
2675,2.002899148734154,0.376,0,5.8866,3.177,0,-3.167,1.808,0.0,-1.705,1
2676,2.004715690565622,0.388,0,5.8861,3.178,0,-3.167,1.816,0.0,-1.696,1
2677,2.020052722084253,0.3991,0,5.8851,3.2,0,-3.165,1.823,0.0,-1.687,1
2678,2.0361851585747304,0.4128,0,5.884,3.223,0,-3.164,1.832,0.0,-1.677,1
2679,2.0537392726439254,0.4251,0,5.8829,3.246,0,-3.164,1.84,0.0,-1.667,1
2680,2.069160457770252,0.4379,0,5.8823,3.268,0,-3.163,1.848,0.0,-1.658,1
2681,2.0688378380143764,0.4498,0,5.882,3.268,0,-3.162,1.857,0.0,-1.649,1
2682,2.0814153838193854,0.4623,0,5.8815,3.288,0,-3.159,1.865,0.0,-1.64,1
2683,2.099060980533915,0.4727,0,5.8823,3.309,0,-3.164,1.873,0.0,-1.633,1
2684,2.114243363475454,0.4777,0,5.8834,3.333,0,-3.163,1.877,0.0,-1.63,1
2685,2.113982261041942,0.4874,0,5.8854,3.349,0,-3.15,1.885,0.0,-1.625,1
2686,2.111344832091622,0.4989,0,5.8858,3.35,0,-3.146,1.894,0.0,-1.617,1
2687,2.124793166404674,0.5153,0,5.8843,3.369,0,-3.143,1.904,0.0,-1.604,1
2688,2.144770383980532,0.5303,0,5.8833,3.388,0,-3.151,1.914,0.0,-1.593,1
2689,2.169490493180369,0.5446,0,5.8818,3.415,0,-3.156,1.923,0.0,-1.581,1
2690,2.179688968637498,0.5593,0,5.8817,3.445,0,-3.141,1.933,0.0,-1.571,1
2691,2.182139546408524,0.571,0,5.8817,3.444,0,-3.145,1.941,0.0,-1.563,1
2692,2.2125532761947224,0.5785,0,5.8791,3.469,0,-3.159,1.945,0.0,-1.555,1
2693,2.213706845993841,0.588,0,5.8816,3.486,0,-3.147,1.953,0.0,-1.55,1
2694,2.234346660659442,0.5961,0,5.881,3.502,0,-3.16,1.959,0.0,-1.544,1
2695,2.24755956539532,0.6126,0,5.8786,3.528,0,-3.149,1.968,0.0,-1.531,1
2696,2.246448307885138,0.626,0,5.8805,3.528,0,-3.15,1.979,0.0,-1.523,1
2697,2.2452895136262496,0.6368,0,5.8811,3.552,0,-3.125,1.987,0.0,-1.515,1
2698,2.1940360069971505,0.6474,0,5.8803,3.581,0,-3.022,1.994,0.0,-1.507,1
2699,1.6858152330549157,0.6567,0,5.8795,3.598,0,-2.037,2.0,0.0,-1.5,1
2700,1.69814310351042,0.6654,0,5.8795,3.617,0,-2.031,2.006,0.0,-1.494,1
2701,1.613298794396128,0.6758,0,5.8792,3.616,0,-1.668,2.013,0.0,-1.486,1
2702,1.6232525989506374,0.6876,0,5.8779,3.631,0,-1.684,2.021,0.0,-1.477,1
2703,1.648687053385208,0.6912,0,5.8771,3.658,0,-1.686,2.023,0.0,-1.474,1
2704,2.275556415472928,0.6913,0,5.8763,3.673,0,-3.039,2.022,0.0,-1.473,1
2705,2.283508265805053,0.6917,0,5.8771,3.684,0,-3.04,2.023,0.0,-1.473,1
2706,2.2814935897345845,0.6905,0,5.8767,3.684,0,-3.037,2.022,0.0,-1.474,1
2707,2.273056312544852,0.6871,0,5.8761,3.676,0,-3.032,2.019,0.0,-1.476,1
2708,2.275290311147129,0.6788,0,5.8762,3.674,0,-3.037,2.013,0.0,-1.482,1
2709,2.2783103388256833,0.6663,0,5.8763,3.671,0,-3.044,2.004,0.0,-1.491,1
2710,2.264809263492182,0.6528,0,5.8772,3.652,0,-3.046,1.996,0.0,-1.501,1
2711,2.342009820645507,0.6346,0,5.8784,3.653,0,-3.158,1.984,0.0,-1.515,1
2712,2.3292166065009927,0.6193,0,5.8786,3.624,0,-3.169,1.973,0.0,-1.526,1
2713,2.308007365672822,0.6078,0,5.8788,3.592,0,-3.171,1.965,0.0,-1.534,1
2714,2.2861244498058277,0.5973,0,5.8804,3.565,0,-3.17,1.959,0.0,-1.543,1
2715,2.2721014501997923,0.591,0,5.8817,3.542,0,-3.174,1.955,0.0,-1.548,1
2716,2.267111819033194,0.5896,0,5.8834,3.542,0,-3.171,1.956,0.0,-1.551,1
2717,2.2664450136722927,0.5804,0,5.8839,3.533,0,-3.179,1.95,0.0,-1.557,1
2718,2.2542723881554334,0.5675,0,5.883,3.528,0,-3.166,1.94,0.0,-1.566,1
2719,2.2471893556173677,0.5412,0,5.883,3.507,0,-3.177,1.921,0.0,-1.585,1
2720,2.229566998320526,0.5231,0,5.8841,3.474,0,-3.186,1.909,0.0,-1.598,1
2721,2.220319346400423,0.5087,0,5.8863,3.474,0,-3.177,1.901,0.0,-1.61,1
2722,2.1962809474199787,0.4943,0,5.8891,3.442,0,-3.179,1.893,0.0,-1.622,1
2723,2.175851327641666,0.4882,0,5.8921,3.416,0,-3.181,1.891,0.0,-1.629,1
2724,2.1646295295038365,0.4813,0,5.8933,3.398,0,-3.185,1.887,0.0,-1.635,1
2725,2.1554470533975083,0.4705,0,5.893,3.383,0,-3.186,1.879,0.0,-1.642,1
2726,2.1546268818521686,0.4617,0,5.8917,3.383,0,-3.183,1.872,0.0,-1.647,1
2727,2.1411865869185713,0.4522,0,5.8883,3.365,0,-3.178,1.863,0.0,-1.652,1
2728,2.1249077627040664,0.4394,0,5.8849,3.343,0,-3.172,1.851,0.0,-1.659,1
2729,2.110858829955239,0.4275,0,5.8829,3.317,0,-3.176,1.842,0.0,-1.666,1
2730,2.0925709068033993,0.417,0,5.8835,3.292,0,-3.176,1.835,0.0,-1.674,1
2731,2.084589647868376,0.405,0,5.8864,3.293,0,-3.167,1.828,0.0,-1.684,1
2732,2.0711796155814204,0.3939,0,5.8879,3.274,0,-3.169,1.821,0.0,-1.693,1
2733,2.0570272239326344,0.3822,0,5.8881,3.257,0,-3.167,1.813,0.0,-1.702,1
2734,2.040792983131802,0.3705,0,5.888,3.235,0,-3.166,1.805,0.0,-1.71,1
2735,2.0273650386647195,0.3574,0,5.8887,3.216,0,-3.167,1.796,0.0,-1.72,1
2736,2.0272900631138113,0.3448,0,5.8891,3.216,0,-3.168,1.788,0.0,-1.729,1
2737,2.0075211082327376,0.333,0,5.8896,3.19,0,-3.167,1.78,0.0,-1.738,1
2738,1.9912850122471166,0.3206,0,5.8906,3.168,0,-3.167,1.772,0.0,-1.747,1
2739,1.97440623986048,0.3091,0,5.8909,3.142,0,-3.17,1.764,0.0,-1.756,1
2740,1.9596287913786123,0.2983,0,5.8902,3.12,0,-3.17,1.756,0.0,-1.763,1
2741,1.9544943079988748,0.2856,0,5.8913,3.12,0,-3.165,1.748,0.0,-1.773,1
2742,1.9424790861165016,0.2728,0,5.8921,3.102,0,-3.166,1.739,0.0,-1.782,1
2743,1.9262466093415975,0.2588,0,5.8926,3.079,0,-3.168,1.73,0.0,-1.793,1
2744,1.9121678796591055,0.2467,0,5.8931,3.057,0,-3.171,1.722,0.0,-1.802,1
2745,1.9120502085457902,0.2337,0,5.8932,3.057,0,-3.171,1.713,0.0,-1.811,1
2746,1.8943772063662507,0.2216,0,5.8932,3.035,0,-3.168,1.704,0.0,-1.82,1
2747,1.87816559440322,0.2095,0,5.8938,3.011,0,-3.17,1.696,0.0,-1.829,1
2748,1.862640061847699,0.1968,0,5.8941,2.99,0,-3.17,1.688,0.0,-1.838,1
2749,1.8457242480934146,0.1852,0,5.8948,2.967,0,-3.17,1.68,0.0,-1.847,1
2750,1.8448905116564507,0.1735,0,5.8955,2.967,0,-3.169,1.672,0.0,-1.855,1
2751,1.8350272477541036,0.1622,0,5.895,2.949,0,-3.173,1.664,0.0,-1.863,1
2752,1.8187715634460526,0.1497,0,5.8952,2.928,0,-3.171,1.655,0.0,-1.872,1
2753,1.8018168608379712,0.1366,0,5.8948,2.906,0,-3.169,1.646,0.0,-1.881,1
2754,1.7855970990119805,0.124,0,5.8944,2.883,0,-3.169,1.637,0.0,-1.89,1
2755,1.7862194713976218,0.1151,0,5.8952,2.883,0,-3.171,1.631,0.0,-1.897,1
2756,1.7715171464030481,0.1082,0,5.8965,2.86,0,-3.175,1.627,0.0,-1.903,1
2757,1.7531813939236291,0.0987,0,5.8962,2.838,0,-3.17,1.62,0.0,-1.909,1
2758,1.7474361218654029,0.0859,0,5.8951,2.828,0,-3.17,1.61,0.0,-1.917,1
2759,1.7374512942813678,0.0652,0,5.8911,2.809,0,-3.17,1.593,0.0,-1.929,1
2760,1.7366594369651178,0.0493,0,5.8896,2.812,0,-3.165,1.581,0.0,-1.94,1
2761,1.7260593848416685,0.0356,0,5.8885,2.786,0,-3.174,1.57,0.0,-1.949,1
2762,1.6999694114895123,0.0236,0,5.8883,2.752,0,-3.171,1.562,0.0,-1.957,1
2763,1.6788644972123272,0.0135,0,5.8887,2.724,0,-3.17,1.555,0.0,-1.965,1
2764,1.6641829827275607,0.003,0,5.8889,2.7,0,-3.173,1.548,0.0,-1.972,1
2765,1.6632504321358226,-0.0081,0,5.8881,2.7,0,-3.171,1.539,0.0,-1.98,1
2766,1.6505059830245996,-0.0216,0,5.8871,2.682,0,-3.169,1.529,0.0,-1.988,1
2767,1.643535822548447,-0.0306,0,5.8845,2.664,0,-3.174,1.521,0.0,-1.993,1
2768,1.6286770705084541,-0.0474,0,5.883,2.641,0,-3.174,1.508,0.0,-2.004,1
2769,1.6110375538763833,-0.0602,0,5.8827,2.618,0,-3.172,1.499,0.0,-2.013,1
2770,1.610212718866672,-0.0683,0,5.8825,2.617,0,-3.171,1.493,0.0,-2.018,1
2771,1.5992413826561644,-0.0707,0,5.8836,2.595,0,-3.179,1.492,0.0,-2.021,1
2772,1.5901421320121043,-0.0802,0,5.8848,2.58,0,-3.183,1.486,0.0,-2.029,1
2773,1.5700853479986367,-0.091,0,5.8854,2.567,0,-3.169,1.479,0.0,-2.037,1
2774,1.5569010887015273,-0.0968,0,5.8871,2.547,0,-3.172,1.476,0.0,-2.042,1
2775,1.5559460144876491,-0.1068,0,5.8866,2.547,0,-3.171,1.469,0.0,-2.049,1
2776,1.536046874284766,-0.1244,0,5.8839,2.523,0,-3.163,1.455,0.0,-2.059,1
2777,1.5231736604865516,-0.1476,0,5.8805,2.503,0,-3.161,1.436,0.0,-2.074,1
2778,1.5111747086290188,-0.1641,0,5.8803,2.481,0,-3.165,1.424,0.0,-2.085,1
2779,1.490849422309309,-0.1737,0,5.8811,2.452,0,-3.167,1.418,0.0,-2.093,1
2780,1.5000269997570044,-0.1854,0,5.8819,2.452,0,-3.181,1.411,0.0,-2.101,1
2781,1.475198291756061,-0.1955,0,5.8823,2.431,0,-3.168,1.404,0.0,-2.109,1
2782,1.4539662994718963,-0.2077,0,5.8835,2.409,0,-3.161,1.396,0.0,-2.118,1
2783,1.4384804482508617,-0.2174,0,5.8843,2.389,0,-3.161,1.39,0.0,-2.126,1
2784,1.4210351860527592,-0.2269,0,5.8846,2.362,0,-3.163,1.383,0.0,-2.133,1
2785,1.4036470354045565,-0.2361,0,5.8847,2.362,0,-3.139,1.377,0.0,-2.139,1
2786,1.3894793989116934,-0.2487,0,5.8882,2.349,0,-3.138,1.371,0.0,-2.151,1
2787,1.3817127053045433,-0.2603,0,5.8887,2.334,0,-3.143,1.363,0.0,-2.16,1
2788,1.3590776283936101,-0.273,0,5.888,2.309,0,-3.134,1.353,0.0,-2.168,1
2789,1.3449438649995769,-0.2852,0,5.8865,2.289,0,-3.133,1.344,0.0,-2.176,1
2790,1.3498685121151615,-0.2981,0,5.8845,2.289,0,-3.137,1.333,0.0,-2.184,1
2791,1.3371435973746424,-0.3098,0,5.8838,2.268,0,-3.139,1.325,0.0,-2.191,1
2792,1.3258404881432755,-0.323,0,5.8824,2.247,0,-3.142,1.314,0.0,-2.2,1
2793,1.3109950419433323,-0.3352,0,5.8806,2.226,0,-3.139,1.304,0.0,-2.207,1
2794,1.2961423532930323,-0.3502,0,5.8796,2.205,0,-3.138,1.293,0.0,-2.217,1
2795,1.2961593266261675,-0.3673,0,5.8821,2.206,0,-3.141,1.283,0.0,-2.231,1
2796,1.2805721377571826,-0.3801,0,5.8808,2.18,0,-3.143,1.273,0.0,-2.239,1
2797,1.2685527186522443,-0.3913,0,5.8783,2.158,0,-3.145,1.263,0.0,-2.246,1
2798,1.2523102650701223,-0.404,0,5.8771,2.134,0,-3.145,1.254,0.0,-2.254,1
2799,1.2381684053471889,-0.4168,0,5.8772,2.115,0,-3.144,1.245,0.0,-2.263,1
2800,1.2360428795151084,-0.4294,0,5.8776,2.115,0,-3.141,1.236,0.0,-2.272,1
2801,1.2240020424819562,-0.4437,0,5.877,2.091,0,-3.148,1.226,0.0,-2.282,1
2802,1.2056222459792287,-0.4576,0,5.878,2.067,0,-3.148,1.217,0.0,-2.293,1
2803,1.1886719480159362,-0.4708,0,5.8783,2.043,0,-3.148,1.208,0.0,-2.302,1
2804,1.1717119953299104,-0.485,0,5.8791,2.02,0,-3.148,1.198,0.0,-2.313,1
2805,1.1759204905094562,-0.4995,0,5.8795,2.021,0,-3.153,1.188,0.0,-2.323,1
2806,1.1582547215530787,-0.5148,0,5.8787,2.0,0,-3.149,1.177,0.0,-2.334,1
2807,1.1441066383864749,-0.5276,0,5.8779,1.973,0,-3.154,1.167,0.0,-2.342,1
2808,1.1299884955166577,-0.5424,0,5.878,1.95,0,-3.158,1.157,0.0,-2.353,1
2809,1.1137921709187941,-0.5546,0,5.8797,1.927,0,-3.161,1.15,0.0,-2.363,1
2810,1.1144325910525048,-0.5624,0,5.8806,1.927,0,-3.163,1.145,0.0,-2.369,1
2811,1.1128184937356136,-0.568,0,5.8806,1.903,0,-3.184,1.141,0.0,-2.373,1
2812,1.107621776600659,-0.5833,0,5.8806,1.895,0,-3.185,1.13,0.0,-2.384,1
2813,1.0961259051769554,-0.603,0,5.8784,1.879,0,-3.182,1.115,0.0,-2.396,1
2814,1.0894732672259562,-0.6276,0,5.8762,1.89,0,-3.158,1.096,0.0,-2.412,1
2815,1.0744137936568017,-0.6432,0,5.877,1.864,0,-3.165,1.086,0.0,-2.424,1
2816,1.0494236513439177,-0.6555,0,5.8768,1.828,0,-3.166,1.077,0.0,-2.433,1
2817,1.032454357344672,-0.6673,0,5.8778,1.808,0,-3.163,1.069,0.0,-2.442,1
2818,1.016114658884518,-0.6761,0,5.8775,1.78,0,-3.168,1.063,0.0,-2.448,1
2819,1.0189430798626584,-0.6855,0,5.8774,1.778,0,-3.173,1.056,0.0,-2.454,1
2820,1.0104578170314682,-0.6977,0,5.8764,1.76,0,-3.178,1.047,0.0,-2.462,1
2821,0.9970205614730321,-0.7109,0,5.8752,1.742,0,-3.176,1.037,0.0,-2.471,1
2822,0.9631168153448468,-0.7319,0,5.8778,1.699,0,-3.175,1.024,0.0,-2.488,1
2823,0.7799544858515784,-0.9462,0,5.8755,1.42,0,-3.194,0.872,0.0,-2.639,1
2824,0.7679505192393584,-0.9588,0,5.8761,1.401,0,-3.196,0.863,0.0,-2.648,1
2825,0.7558974798211726,-0.973,0,5.8765,1.388,0,-3.194,0.854,0.0,-2.659,1
2826,0.7553224477003182,-0.9869,0,5.8759,1.388,0,-3.192,0.844,0.0,-2.668,1
2827,0.7418119707850503,-1.0021,0,5.8763,1.364,0,-3.197,0.833,0.0,-2.679,1
2828,0.7184218816266664,-1.0148,0,5.8762,1.331,0,-3.197,0.824,0.0,-2.688,1
2829,0.7064085220324005,-1.0283,0,5.8761,1.312,0,-3.2,0.815,0.0,-2.698,1
2830,0.6909247426456805,-1.0431,0,5.8762,1.285,0,-3.204,0.804,0.0,-2.708,1
2831,0.6950949575417733,-1.0567,0,5.8747,1.283,0,-3.211,0.794,0.0,-2.717,1
2832,0.6830783264018847,-1.0716,0,5.8763,1.264,0,-3.215,0.784,0.0,-2.729,1
2833,0.6646863922181648,-1.0849,0,5.8765,1.247,0,-3.206,0.775,0.0,-2.738,1
2834,0.6512917932846998,-1.0977,0,5.8765,1.232,0,-3.202,0.766,0.0,-2.747,1
2835,0.6343413907353042,-1.1106,0,5.8771,1.213,0,-3.199,0.758,0.0,-2.757,1
2836,0.6415520243908516,-1.1222,0,5.8762,1.214,0,-3.207,0.749,0.0,-2.765,1
2837,0.6329273260019668,-1.1336,0,5.8763,1.195,0,-3.214,0.741,0.0,-2.773,1
2838,0.6145250198323904,-1.1468,0,5.8767,1.172,0,-3.211,0.732,0.0,-2.782,1
2839,0.5975156901705593,-1.1576,0,5.8764,1.144,0,-3.215,0.724,0.0,-2.79,1
2840,0.584787995772827,-1.1695,0,5.8766,1.127,0,-3.215,0.716,0.0,-2.799,1
2841,0.5793107974136164,-1.1825,0,5.8772,1.127,0,-3.207,0.707,0.0,-2.808,1
2842,0.5565689534999235,-1.1939,0,5.8771,1.099,0,-3.203,0.699,0.0,-2.816,1
2843,0.5473298822465297,-1.2063,0,5.877,1.081,0,-3.208,0.69,0.0,-2.825,1
2844,0.5275016587651642,-1.2187,0,5.8771,1.055,0,-3.207,0.682,0.0,-2.834,1
2845,0.5161898875413969,-1.2303,0,5.877,1.037,0,-3.208,0.673,0.0,-2.842,1
2846,0.5106564402805472,-1.2415,0,5.8777,1.035,0,-3.204,0.666,0.0,-2.851,1
2847,0.4914437912925546,-1.2533,0,5.8777,1.007,0,-3.205,0.658,0.0,-2.859,1
2848,0.4709522268765698,-1.2648,0,5.8811,0.988,0,-3.2,0.652,0.0,-2.87,1
2849,0.4560888071417672,-1.2772,0,5.8789,0.966,0,-3.198,0.642,0.0,-2.877,1
2850,0.4469004363390128,-1.293,0,5.8751,0.946,0,-3.199,0.628,0.0,-2.885,1
2851,0.4470727010229994,-1.3035,0,5.8754,0.946,0,-3.2,0.621,0.0,-2.893,1
2852,0.4285907138518051,-1.3144,0,5.8776,0.924,0,-3.199,0.615,0.0,-2.902,1
2853,0.41721457309159266,-1.3252,0,5.8781,0.906,0,-3.202,0.608,0.0,-2.91,1
2854,0.39174736757252115,-1.3379,0,5.8784,0.878,0,-3.195,0.599,0.0,-2.92,1
2855,0.3775976694843336,-1.3509,0,5.8785,0.858,0,-3.195,0.59,0.0,-2.929,1
2856,0.38059164467970114,-1.3634,0,5.8788,0.858,0,-3.199,0.581,0.0,-2.938,1
2857,0.36431442463893743,-1.3738,0,5.8803,0.84,0,-3.197,0.575,0.0,-2.947,1
2858,0.3451144737619681,-1.3804,0,5.8813,0.811,0,-3.2,0.571,0.0,-2.952,1
2859,0.3547745763157222,-1.3869,0,5.8821,0.804,0,-3.221,0.567,0.0,-2.957,1
2860,0.3474492768736178,-1.3978,0,5.8832,0.796,0,-3.221,0.56,0.0,-2.966,1
2861,0.3514498541755281,-1.4126,0,5.882,0.795,0,-3.226,0.549,0.0,-2.975,1
2862,0.34085187398634026,-1.4295,0,5.8812,0.781,0,-3.225,0.537,0.0,-2.987,1
2863,0.3164948656771545,-1.4465,0,5.882,0.76,0,-3.212,0.525,0.0,-3.0,1
2864,0.27586228448267436,-1.462,0,5.8819,0.714,0,-3.201,0.514,0.0,-3.011,1
2865,0.25889766317987517,-1.4705,0,5.8812,0.686,0,-3.204,0.508,0.0,-3.016,1
2866,0.26166390656718386,-1.4752,0,5.8802,0.686,0,-3.207,0.504,0.0,-3.019,1
2867,0.2457335955867657,-1.4796,0,5.8804,0.665,0,-3.205,0.501,0.0,-3.022,1
2868,0.24149741199441438,-1.4863,0,5.8803,0.657,0,-3.207,0.496,0.0,-3.027,1
2869,0.23910667075596226,-1.4958,0,5.8807,0.654,0,-3.208,0.49,0.0,-3.034,1
2870,0.23837994882120417,-1.508,0,5.8808,0.654,0,-3.207,0.481,0.0,-3.043,1
2871,0.22887769659798649,-1.5194,0,5.8814,0.646,0,-3.202,0.474,0.0,-3.051,1
2872,0.2114000946073583,-1.527,0,5.8814,0.637,0,-3.184,0.468,0.0,-3.057,1
2873,0.1953586445489422,-1.5359,0,5.881,0.628,0,-3.166,0.462,0.0,-3.063,1
2874,0.17544514812328105,-1.5445,0,5.8811,0.606,0,-3.16,0.456,0.0,-3.069,1
2875,0.19608671551127577,-1.5544,0,5.8814,0.612,0,-3.185,0.449,0.0,-3.076,1
2876,0.18319934497699478,-1.5656,0,5.8815,0.6,0,-3.175,0.441,0.0,-3.084,1
2877,0.16804761230080012,-1.667,0,5.8841,0.268,0,-3.29,0.372,0.0,-3.158,1
2878,0.156732255773979,-1.6737,0,5.8831,0.248,0,-3.264,0.367,0.0,-3.162,1
2879,0.06800735254367722,-1.6788,0,5.8803,0.293,0,-3.163,0.361,0.0,-3.164,1
2880,0.039812058474788775,-1.6905,0,5.8784,0.334,0,-3.135,0.351,0.0,-3.171,0
2881,0.08935882720806039,-1.7033,0,5.8782,0.334,0,-3.091,0.342,0.0,-3.18,1
2882,0.0898109124772706,-1.7169,0,5.8792,0.278,0,-3.119,0.333,0.0,-3.19,1
2883,0.10756393447619914,-1.7305,0,5.8796,0.245,0,-3.127,0.324,0.0,-3.2,1
2884,0.12121056059601425,-1.7377,0,5.8797,0.223,0,-3.131,0.319,0.0,-3.205,1
2885,0.1347924330220359,-1.7383,0,5.8802,0.207,0,-3.131,0.319,0.0,-3.206,1
2886,0.1356244815658295,-1.7373,0,5.8804,0.207,0,-3.131,0.32,0.0,-3.206,1
2887,0.13928388277184134,-1.7361,0,5.8804,0.203,0,-3.131,0.321,0.0,-3.205,1
2888,0.13462912017836276,-1.7359,0,5.8803,0.206,0,-3.134,0.321,0.0,-3.204,1
2889,0.13813399291991826,-1.7357,0,5.8803,0.205,0,-3.129,0.321,0.0,-3.204,1
2890,0.13729530217745992,-1.7356,0,5.88,0.206,0,-3.129,0.321,0.0,-3.204,1
2891,0.13981773850266652,-1.7354,0,5.8833,0.205,0,-3.131,0.323,0.0,-3.206,1
2892,0.13634148304899715,-1.7313,0,5.8818,0.208,0,-3.132,0.325,0.0,-3.202,1
2893,0.13997856978837878,-1.7199,0,5.881,0.208,0,-3.131,0.333,0.0,-3.194,1
2894,0.1413966053340744,-1.7023,0,5.8815,0.212,0,-3.133,0.345,0.0,-3.181,1
2895,0.13990353819685905,-1.6833,0,5.8815,0.221,0,-3.145,0.359,0.0,-3.168,1
2896,0.1552063143045411,-1.6677,0,5.8805,0.214,0,-3.148,0.369,0.0,-3.156,1
2897,0.11960351165413162,-1.6605,0,5.8813,0.256,0,-3.14,0.375,0.0,-3.152,1
2898,0.07615773105863902,-1.6651,0,5.8809,0.301,0,-3.124,0.371,0.0,-3.154,1
2899,0.068,-1.6694,0,5.8809,0.308,0,-3.126,0.368,0.0,-3.158,1
2900,0.07244998274671983,-1.6713,0,5.8808,0.302,0,-3.127,0.367,0.0,-3.159,1
2901,0.07247068372797366,-1.6716,0,5.8807,0.302,0,-3.125,0.366,0.0,-3.159,1
2902,0.07632168761236877,-1.6793,0,5.8807,0.296,0,-3.124,0.361,0.0,-3.164,1
2903,0.07300000000000002,-1.6907,0,5.8795,0.297,0,-3.124,0.352,0.0,-3.172,1
2904,0.0770064932327138,-1.712,0,5.8773,0.289,0,-3.124,0.336,0.0,-3.185,1
2905,0.09300537618869116,-1.7303,0,5.8776,0.268,0,-3.124,0.323,0.0,-3.199,1
2906,0.1188696765369535,-1.7442,0,5.8795,0.234,0,-3.123,0.315,0.0,-3.21,1
2907,0.11525623627379117,-1.7556,0,5.88,0.235,0,-3.128,0.307,0.0,-3.218,1
2908,0.13520724832641198,-1.7575,0,5.8807,0.206,0,-3.129,0.306,0.0,-3.22,1
2909,0.15147607071745675,-1.7556,0,5.8803,0.183,0,-3.132,0.307,0.0,-3.219,1
2910,0.1520131573252791,-1.7523,0,5.88,0.181,0,-3.134,0.309,0.0,-3.216,1
2911,0.14840822079655833,-1.7492,0,5.8798,0.186,0,-3.134,0.311,0.0,-3.214,1
2912,0.14978985279383913,-1.7485,0,5.8799,0.186,0,-3.132,0.312,0.0,-3.213,1
2913,0.14395138068111743,-1.7483,0,5.88,0.193,0,-3.132,0.312,0.0,-3.213,1
2914,0.14395138068111743,-1.7482,0,5.8801,0.193,0,-3.132,0.312,0.0,-3.213,1
2915,0.14616771189288,-1.7479,0,5.8834,0.194,0,-3.133,0.315,0.0,-3.215,1
2916,0.14616771189288,-1.7479,0,5.8836,0.194,0,-3.133,0.315,0.0,-3.215,1
2917,0.14729901561110315,-1.7478,0,5.8837,0.194,0,-3.131,0.315,0.0,-3.215,1
2918,0.1459075049474836,-1.7478,0,5.8838,0.195,0,-3.132,0.315,0.0,-3.215,1
2919,0.14869095466772683,-1.7478,0,5.8838,0.193,0,-3.13,0.315,0.0,-3.215,1
2920,0.14729901561110315,-1.7478,0,5.8838,0.194,0,-3.131,0.315,0.0,-3.215,1
2921,0.14787156589419098,-1.7478,0,5.8839,0.194,0,-3.131,0.315,0.0,-3.216,1
2922,0.14729901561110315,-1.7478,0,5.8839,0.194,0,-3.132,0.315,0.0,-3.216,1
2923,0.14647866738880447,-1.7478,0,5.8836,0.195,0,-3.131,0.315,0.0,-3.215,1
2924,0.1433910736412836,-1.7484,0,5.8817,0.194,0,-3.134,0.313,0.0,-3.214,1
2925,0.14586637720873152,-1.7557,0,5.8814,0.194,0,-3.128,0.308,0.0,-3.219,1
2926,0.15044600360262164,-1.7756,0,5.8854,0.2,0,-3.121,0.297,0.0,-3.236,1
2927,0.1699441084592224,-1.8101,0,5.8932,0.218,0,-3.107,0.278,0.0,-3.266,1
2928,0.18121810064118862,-1.8485,0,5.9017,0.223,0,-3.122,0.257,0.0,-3.3,1
2929,0.12408464852672135,-1.8866,0,5.9086,0.186,0,-3.218,0.235,0.0,-3.332,1
2930,0.12786320815621685,-1.9282,0,5.9146,0.14,0,-3.259,0.21,0.0,-3.366,1
2931,0.062169124169478215,-1.9598,0,5.9155,0.128,0,-3.377,0.189,0.0,-3.389,1
2932,0.01131370849898477,-1.9797,0,5.913,0.181,0,-3.409,0.173,0.0,-3.401,0
2933,0.08049844718999243,-1.9901,0,5.9088,0.235,0,-3.442,0.163,0.0,-3.406,1
2934,0.13736083866954227,-1.9922,0,5.9036,0.26,0,-3.495,0.158,0.0,-3.403,1
2935,0.16601807130550594,-1.9885,0,5.8976,0.307,0,-3.466,0.156,0.0,-3.397,1
2936,0.19860010070490924,-1.9844,0,5.8916,0.325,0,-3.49,0.154,0.0,-3.389,1
2937,0.23471898091121676,-1.9822,0,5.8881,0.307,0,-3.563,0.154,0.0,-3.385,1
2938,0.27650858937834094,-1.9802,0,5.8867,0.27,0,-3.634,0.154,0.0,-3.383,1
2939,0.24609957334379923,-1.9799,0,5.8857,0.295,0,-3.583,0.153,0.0,-3.382,1
2940,0.2568501508662198,-1.9794,0,5.8858,0.32,0,-3.578,0.154,0.0,-3.382,1
2941,0.2448591431823612,-1.9804,0,5.8844,0.318,0,-3.561,0.152,0.0,-3.381,1
2942,0.24872675770813227,-1.9842,0,5.8833,0.313,0,-3.57,0.149,0.0,-3.383,1
2943,0.24731558786295696,-1.9843,0,5.8835,0.312,0,-3.57,0.149,0.0,-3.384,1
2944,0.24640211038057305,-1.9847,0,5.8833,0.313,0,-3.567,0.148,0.0,-3.384,1
2945,0.2433105012119289,-1.9856,0,5.8835,0.316,0,-3.561,0.148,0.0,-3.385,1
2946,0.2425881283162886,-1.986,0,5.8836,0.316,0,-3.56,0.148,0.0,-3.385,1
2947,0.24947945807220262,-1.9869,0,5.8836,0.311,0,-3.574,0.147,0.0,-3.386,1
2948,0.2488232304267427,-1.988,0,5.8836,0.309,0,-3.574,0.146,0.0,-3.386,1
2949,0.24842101360392188,-1.989,0,5.8834,0.313,0,-3.57,0.145,0.0,-3.387,1
2950,0.24893774322107112,-1.9888,0,5.8837,0.319,0,-3.566,0.146,0.0,-3.387,1
2951,0.2570311265197271,-1.9883,0,5.8835,0.318,0,-3.577,0.146,0.0,-3.386,1
2952,0.25608787554275214,-1.9865,0,5.8836,0.313,0,-3.58,0.147,0.0,-3.385,1
2953,0.25902316498722655,-1.9842,0,5.8832,0.316,0,-3.581,0.149,0.0,-3.383,1
2954,0.2582595593584099,-1.984,0,5.8832,0.316,0,-3.58,0.149,0.0,-3.383,1
2955,0.2627565413077286,-1.9845,0,5.8834,0.324,0,-3.58,0.149,0.0,-3.384,1
2956,0.2655051788572118,-1.985,0,5.8834,0.326,0,-3.581,0.148,0.0,-3.384,1
2957,0.2626804141918467,-1.9851,0,5.883,0.324,0,-3.579,0.148,0.0,-3.384,1
2958,0.2605263902179586,-1.9852,0,5.8858,0.325,0,-3.579,0.15,0.0,-3.386,1
2959,0.2605263902179586,-1.9851,0,5.8861,0.325,0,-3.579,0.15,0.0,-3.386,1
2960,0.2612680615766117,-1.9842,0,5.8853,0.325,0,-3.579,0.15,0.0,-3.385,1
2961,0.26466015944981214,-1.9785,0,5.8833,0.324,0,-3.581,0.153,0.0,-3.379,1
2962,0.2662818056120246,-1.9666,0,5.8834,0.326,0,-3.58,0.161,0.0,-3.371,1
2963,0.2760163038662755,-1.9509,0,5.8839,0.341,0,-3.579,0.173,0.0,-3.36,1
2964,0.27821754078418576,-1.9339,0,5.8841,0.343,0,-3.577,0.185,0.0,-3.348,1
2965,0.29608275870100886,-1.9188,0,5.8842,0.367,0,-3.578,0.195,0.0,-3.337,1
2966,0.31940100187695075,-1.9041,0,5.8834,0.396,0,-3.582,0.205,0.0,-3.326,1
2967,0.33969692374232646,-1.8937,0,5.8832,0.427,0,-3.582,0.212,0.0,-3.319,1
2968,0.35598314566844314,-1.8837,0,5.883,0.451,0,-3.582,0.219,0.0,-3.312,1
2969,0.3582736384385544,-1.8733,0,5.883,0.452,0,-3.582,0.226,0.0,-3.304,1
2970,0.3707991370000745,-1.8621,0,5.8829,0.47,0,-3.582,0.234,0.0,-3.296,1
2971,0.3850116881342696,-1.8505,0,5.8828,0.487,0,-3.585,0.242,0.0,-3.288,1
2972,0.40242390585053456,-1.8372,0,5.8829,0.511,0,-3.586,0.252,0.0,-3.278,1
2973,0.41900477324250124,-1.8244,0,5.8827,0.534,0,-3.586,0.26,0.0,-3.269,1
2974,0.4193447269252352,-1.8116,0,5.8824,0.534,0,-3.585,0.269,0.0,-3.26,1
2975,0.4400659041552755,-1.7992,0,5.8821,0.561,0,-3.588,0.278,0.0,-3.251,1
2976,0.4579475952551777,-1.7871,0,5.8815,0.586,0,-3.588,0.286,0.0,-3.242,1
2977,0.47526939728957934,-1.7767,0,5.8817,0.609,0,-3.59,0.293,0.0,-3.235,1
2978,0.4919278402367567,-1.7647,0,5.8818,0.634,0,-3.589,0.302,0.0,-3.226,1
2979,0.4918089059787349,-1.7531,0,5.8819,0.634,0,-3.588,0.31,0.0,-3.218,1
2980,0.5090324154707637,-1.7418,0,5.8817,0.651,0,-3.595,0.318,0.0,-3.21,1
2981,0.5262594417205262,-1.7309,0,5.8806,0.675,0,-3.594,0.325,0.0,-3.201,1
2982,0.5395572258806287,-1.7188,0,5.881,0.694,0,-3.594,0.333,0.0,-3.193,1
2983,0.5555690776132162,-1.707,0,5.8808,0.718,0,-3.593,0.342,0.0,-3.184,1
2984,0.5591645553859795,-1.6949,0,5.8805,0.718,0,-3.596,0.35,0.0,-3.175,1
2985,0.576584772605035,-1.683,0,5.8801,0.741,0,-3.598,0.358,0.0,-3.167,1
2986,0.5961962764056817,-1.6714,0,5.8803,0.765,0,-3.602,0.366,0.0,-3.159,1
2987,0.6127944190346385,-1.6592,0,5.8801,0.781,0,-3.609,0.375,0.0,-3.15,1
2988,0.6327906446843219,-1.6455,0,5.8795,0.794,0,-3.622,0.384,0.0,-3.14,1
2989,0.6376597838973382,-1.6323,0,5.8792,0.79,0,-3.629,0.393,0.0,-3.13,1
2990,0.6417889061054263,-1.617,0,5.8795,0.822,0,-3.606,0.404,0.0,-3.119,1
2991,0.648944527675517,-1.6016,0,5.8789,0.854,0,-3.585,0.414,0.0,-3.108,1
2992,0.6648766802949253,-1.5867,0,5.8792,0.87,0,-3.591,0.425,0.0,-3.097,1
2993,0.6666273321729314,-1.5722,0,5.8788,0.869,0,-3.593,0.435,0.0,-3.087,1
2994,0.6836153889432273,-1.5595,0,5.8778,0.876,0,-3.606,0.443,0.0,-3.077,1
2995,0.699088692513332,-1.5439,0,5.8782,0.904,0,-3.601,0.454,0.0,-3.066,1
2996,0.7068726900934851,-1.5303,0,5.8783,0.926,0,-3.592,0.464,0.0,-3.057,1
2997,0.7222887234340571,-1.5165,0,5.878,0.947,0,-3.592,0.473,0.0,-3.047,1
2998,0.7270275097958808,-1.5049,0,5.8783,0.942,0,-3.602,0.482,0.0,-3.039,1
2999,0.7435657334762008,-1.4932,0,5.8783,0.959,0,-3.607,0.49,0.0,-3.03,1
3000,0.7569867898451069,-1.4805,0,5.8778,0.988,0,-3.598,0.498,0.0,-3.021,1
3001,0.7665989825195441,-1.4661,0,5.8775,1.015,0,-3.585,0.508,0.0,-3.01,1
3002,0.7866288832734277,-1.4531,0,5.8777,1.045,0,-3.585,0.518,0.0,-3.001,1
3003,0.7857868667774995,-1.4401,0,5.8774,1.045,0,-3.582,0.526,0.0,-2.992,1
3004,0.7999006188271142,-1.4278,0,5.8769,1.064,0,-3.583,0.535,0.0,-2.983,1
3005,0.8151766679683613,-1.4149,0,5.8768,1.087,0,-3.581,0.544,0.0,-2.973,1
3006,0.8316952566896122,-1.4013,0,5.8769,1.114,0,-3.578,0.553,0.0,-2.964,1
3007,0.847115694577783,-1.3883,0,5.8769,1.137,0,-3.578,0.563,0.0,-2.955,1
3008,0.8521296849658508,-1.3754,0,5.8768,1.137,0,-3.582,0.571,0.0,-2.945,1
3009,0.8645999074716585,-1.3625,0,5.8769,1.159,0,-3.579,0.581,0.0,-2.936,1
3010,0.8774628197251437,-1.3494,0,5.8767,1.175,0,-3.581,0.59,0.0,-2.927,1
3011,0.8891389092824588,-1.3368,0,5.8761,1.196,0,-3.575,0.598,0.0,-2.917,1
3012,0.9113341867833119,-1.324,0,5.8762,1.228,0,-3.575,0.607,0.0,-2.908,1
3013,0.913434179347368,-1.3101,0,5.8764,1.228,0,-3.578,0.617,0.0,-2.899,1
3014,0.9275570063343817,-1.2977,0,5.8765,1.247,0,-3.579,0.626,0.0,-2.89,1
3015,0.94288599522954,-1.2852,0,5.8764,1.27,0,-3.578,0.635,0.0,-2.881,1
3016,0.9563393749083009,-1.2726,0,5.8758,1.287,0,-3.578,0.643,0.0,-2.871,1
3017,0.9751410154434074,-1.2597,0,5.8754,1.314,0,-3.578,0.652,0.0,-2.862,1
3018,0.976391827085827,-1.2467,0,5.8753,1.315,0,-3.578,0.661,0.0,-2.853,1
3019,0.9863513572758948,-1.2344,0,5.8749,1.329,0,-3.577,0.669,0.0,-2.844,1
3020,1.0051756065484279,-1.2208,0,5.8754,1.356,0,-3.577,0.679,0.0,-2.834,1
3021,1.0185641855082084,-1.2086,0,5.8751,1.374,0,-3.577,0.687,0.0,-2.825,1
3022,1.0373745707313244,-1.1966,0,5.8747,1.401,0,-3.578,0.696,0.0,-2.817,1
3023,1.0371967026557694,-1.1838,0,5.8749,1.401,0,-3.577,0.705,0.0,-2.808,1
3024,1.0505807917528285,-1.1724,0,5.8747,1.419,0,-3.577,0.713,0.0,-2.799,1
3025,1.0714569520050723,-1.1583,0,5.8747,1.448,0,-3.577,0.722,0.0,-2.789,1
3026,1.0868900588375994,-1.1455,0,5.8746,1.47,0,-3.577,0.731,0.0,-2.78,1
3027,1.1030163190089257,-1.1328,0,5.8747,1.493,0,-3.577,0.74,0.0,-2.771,1
3028,1.102721179627924,-1.1205,0,5.8749,1.494,0,-3.575,0.749,0.0,-2.762,1
3029,1.1141499001480906,-1.1082,0,5.8742,1.508,0,-3.576,0.757,0.0,-2.753,1
3030,1.1357257591513892,-1.0953,0,5.8746,1.539,0,-3.577,0.767,0.0,-2.744,1
3031,1.1485543086854881,-1.0815,0,5.8744,1.555,0,-3.578,0.776,0.0,-2.734,1
3032,1.162685254056316,-1.0683,0,5.875,1.575,0,-3.579,0.786,0.0,-2.725,1
3033,1.163118652588806,-1.0567,0,5.8747,1.576,0,-3.578,0.794,0.0,-2.717,1
3034,1.1832599038250218,-1.0444,0,5.8748,1.604,0,-3.578,0.802,0.0,-2.708,1
3035,1.194805423489532,-1.0321,0,5.8747,1.617,0,-3.581,0.811,0.0,-2.699,1
3036,1.216332602539289,-1.0193,0,5.875,1.648,0,-3.581,0.82,0.0,-2.69,1
3037,1.2317796069102622,-1.0075,0,5.8738,1.669,0,-3.581,0.828,0.0,-2.681,1
3038,1.2344909882214612,-0.9944,0,5.8738,1.669,0,-3.584,0.837,0.0,-2.672,1
3039,1.2491104835041615,-0.9827,0,5.8741,1.691,0,-3.583,0.845,0.0,-2.664,1
3040,1.2645414188550728,-0.9703,0,5.8747,1.713,0,-3.583,0.854,0.0,-2.655,1
3041,1.2807661769425362,-0.958,0,5.8741,1.734,0,-3.585,0.863,0.0,-2.646,1
3042,1.2921253809131683,-0.9457,0,5.8745,1.75,0,-3.586,0.872,0.0,-2.638,1
3043,1.2969818811378975,-0.9334,0,5.8737,1.751,0,-3.589,0.88,0.0,-2.628,1
3044,1.3116466749853026,-0.9207,0,5.8737,1.772,0,-3.588,0.888,0.0,-2.619,1
3045,1.332594837150437,-0.9079,0,5.8734,1.8,0,-3.59,0.897,0.0,-2.61,1
3046,1.3446932735757997,-0.8959,0,5.8739,1.816,0,-3.592,0.906,0.0,-2.602,1
3047,1.364252176102351,-0.8845,0,5.8737,1.842,0,-3.594,0.914,0.0,-2.594,1
3048,1.3647864301787294,-0.8718,0,5.875,1.843,0,-3.594,0.924,0.0,-2.585,1
3049,1.364616063220714,-0.8595,0,5.8758,1.844,0,-3.593,0.933,0.0,-2.577,1
3050,1.3942065844056255,-0.8476,0,5.8755,1.885,0,-3.595,0.941,0.0,-2.569,1
3051,1.4082790916576162,-0.8359,0,5.8746,1.904,0,-3.595,0.949,0.0,-2.56,1
3052,1.4272732744642842,-0.8232,0,5.8745,1.928,0,-3.597,0.958,0.0,-2.55,1
3053,1.427749627911,-0.8122,0,5.8751,1.928,0,-3.598,0.966,0.0,-2.543,1
3054,1.439051423681586,-0.7978,0,5.8782,1.948,0,-3.598,0.978,0.0,-2.535,1
3055,1.4631325982288823,-0.7845,0,5.8758,1.972,0,-3.605,0.986,0.0,-2.524,1
3056,1.4851276039451962,-0.7731,0,5.8763,1.994,0,-3.614,0.994,0.0,-2.516,1
3057,1.5004772574084553,-0.7609,0,5.8771,2.017,0,-3.614,1.003,0.0,-2.508,1
3058,1.5033126753939114,-0.7481,0,5.8773,2.017,0,-3.617,1.012,0.0,-2.499,1
3059,1.5282938199181464,-0.7353,0,5.8771,2.04,0,-3.629,1.021,0.0,-2.49,1
3060,1.5459835057334859,-0.7232,0,5.8792,2.062,0,-3.635,1.031,0.0,-2.483,1
3061,1.5655264290327393,-0.7102,0,5.879,2.088,0,-3.636,1.04,0.0,-2.473,1
3062,1.5662391260596193,-0.6971,0,5.8784,2.088,0,-3.635,1.049,0.0,-2.463,1
3063,1.5829330371181216,-0.6855,0,5.8782,2.111,0,-3.636,1.057,0.0,-2.455,1
3064,1.599644022900095,-0.6732,0,5.8775,2.134,0,-3.636,1.065,0.0,-2.446,1
3065,1.6150309594555767,-0.6609,0,5.8777,2.156,0,-3.636,1.074,0.0,-2.437,1
3066,1.631908392036759,-0.649,0,5.8783,2.178,0,-3.639,1.083,0.0,-2.429,1
3067,1.6340039779633342,-0.6371,0,5.8789,2.178,0,-3.641,1.091,0.0,-2.421,1
3068,1.6499660602569979,-0.6238,0,5.8785,2.202,0,-3.639,1.1,0.0,-2.411,1
3069,1.6681756502239204,-0.6121,0,5.8789,2.226,0,-3.642,1.109,0.0,-2.403,1
3070,1.685196724421217,-0.6001,0,5.8783,2.245,0,-3.646,1.117,0.0,-2.394,1
3071,1.702217964891688,-0.5867,0,5.8791,2.266,0,-3.65,1.127,0.0,-2.385,1
3072,1.6985293638910106,-0.5764,0,5.8819,2.265,0,-3.649,1.136,0.0,-2.38,1
3073,1.7129217728781425,-0.5627,0,5.8798,2.289,0,-3.643,1.144,0.0,-2.369,1
3074,1.7272892056630236,-0.5475,0,5.879,2.316,0,-3.635,1.154,0.0,-2.357,1
3075,1.733295416251944,-0.5337,0,5.8797,2.336,0,-3.625,1.164,0.0,-2.348,1
3076,1.749514218290323,-0.5196,0,5.8781,2.357,0,-3.625,1.173,0.0,-2.337,1
3077,1.7361212515259412,-0.5055,0,5.8781,2.357,0,-3.606,1.183,0.0,-2.327,1
3078,1.7501911324195425,-0.4929,0,5.8807,2.379,0,-3.608,1.194,0.0,-2.32,1
3079,1.7764802278663279,-0.4804,0,5.8811,2.404,0,-3.62,1.203,0.0,-2.311,1
3080,1.7934352511311915,-0.4679,0,5.8807,2.424,0,-3.623,1.211,0.0,-2.302,1
3081,1.8116296531024216,-0.4553,0,5.8797,2.448,0,-3.623,1.219,0.0,-2.292,1
3082,1.8158813287216762,-0.4438,0,5.8798,2.448,0,-3.629,1.228,0.0,-2.284,1
3083,1.8327643056323417,-0.4308,0,5.8787,2.469,0,-3.63,1.236,0.0,-2.274,1
3084,1.8481723404488013,-0.4182,0,5.8786,2.491,0,-3.63,1.245,0.0,-2.265,1
3085,1.8620528993559768,-0.4061,0,5.8786,2.513,0,-3.627,1.253,0.0,-2.256,1
3086,1.8788924929330042,-0.3925,0,5.8773,2.536,0,-3.627,1.262,0.0,-2.246,1
3087,1.8787085990115655,-0.3796,0,5.8783,2.537,0,-3.626,1.272,0.0,-2.237,1
3088,1.8970086979241818,-0.3668,0,5.8778,2.559,0,-3.629,1.28,0.0,-2.228,1
3089,1.9123624133516115,-0.3536,0,5.878,2.583,0,-3.627,1.29,0.0,-2.218,1
3090,1.925637816413045,-0.3412,0,5.8787,2.604,0,-3.626,1.299,0.0,-2.21,1
3091,1.9424821749503907,-0.3273,0,5.8792,2.628,0,-3.627,1.309,0.0,-2.201,1
3092,1.9422811331009728,-0.3152,0,5.8797,2.628,0,-3.626,1.318,0.0,-2.192,1
3093,1.956960142670259,-0.3023,0,5.8794,2.65,0,-3.625,1.327,0.0,-2.183,1
3094,1.9737388378405083,-0.2894,0,5.8793,2.674,0,-3.625,1.336,0.0,-2.174,1
3095,1.992052459148604,-0.276,0,5.8778,2.696,0,-3.626,1.344,0.0,-2.163,1
3096,2.0073836205369413,-0.2642,0,5.8791,2.72,0,-3.626,1.353,0.0,-2.156,1
3097,2.00794646342974,-0.2507,0,5.879,2.72,0,-3.626,1.363,0.0,-2.146,1
3098,2.022632937534638,-0.2394,0,5.879,2.741,0,-3.626,1.371,0.0,-2.138,1
3099,2.0379524037621684,-0.2271,0,5.8797,2.765,0,-3.625,1.38,0.0,-2.13,1
3100,2.054857659303923,-0.2139,0,5.8799,2.787,0,-3.626,1.389,0.0,-2.12,1
3101,2.066163594684603,-0.201,0,5.8806,2.805,0,-3.626,1.399,0.0,-2.112,1
3102,2.068147480234425,-0.1884,0,5.881,2.805,0,-3.628,1.408,0.0,-2.103,1
3103,2.084128834789251,-0.1765,0,5.8806,2.829,0,-3.626,1.416,0.0,-2.094,1
3104,2.1001866583711077,-0.1647,0,5.8808,2.852,0,-3.626,1.424,0.0,-2.086,1
3105,2.1128014577806407,-0.1525,0,5.8814,2.872,0,-3.625,1.433,0.0,-2.078,1
3106,2.1296614754462735,-0.1391,0,5.8812,2.896,0,-3.625,1.443,0.0,-2.068,1
3107,2.1294039072003224,-0.1273,0,5.8824,2.896,0,-3.625,1.452,0.0,-2.06,1
3108,2.1455162548906497,-0.1152,0,5.883,2.919,0,-3.626,1.461,0.0,-2.052,1
3109,2.160904440274951,-0.1037,0,5.8842,2.942,0,-3.627,1.47,0.0,-2.045,1
3110,2.1735740153029064,-0.091,0,5.8855,2.961,0,-3.627,1.479,0.0,-2.037,1
3111,2.187610568634189,-0.0785,0,5.8867,2.983,0,-3.627,1.489,0.0,-2.029,1
3112,2.1873410799415804,-0.0657,0,5.8873,2.983,0,-3.626,1.498,0.0,-2.02,1
3113,2.2035108350085326,-0.0537,0,5.8886,3.006,0,-3.628,1.508,0.0,-2.012,1
3114,2.2217272559880072,-0.0407,0,5.889,3.031,0,-3.629,1.517,0.0,-2.003,1
3115,2.2349373593011506,-0.0298,0,5.8905,3.054,0,-3.628,1.526,0.0,-1.997,1
3116,2.250395742975,-0.0179,0,5.8908,3.075,0,-3.628,1.534,0.0,-1.988,1
3117,2.248630694444955,-0.0058,0,5.8912,3.075,0,-3.626,1.543,0.0,-1.98,1
3118,2.2612514234379155,0.0057,0,5.8928,3.095,0,-3.626,1.552,0.0,-1.973,1
3119,2.2753373376271044,0.0178,0,5.8937,3.116,0,-3.627,1.562,0.0,-1.965,1
3120,2.2921609891104944,0.0306,0,5.8938,3.14,0,-3.627,1.571,0.0,-1.956,1
3121,2.3061261890885327,0.0424,0,5.8955,3.163,0,-3.626,1.58,0.0,-1.949,1
3122,2.3078934117502046,0.054,0,5.8958,3.164,0,-3.627,1.588,0.0,-1.941,1
3123,2.3262209697275105,0.066,0,5.8963,3.187,0,-3.63,1.597,0.0,-1.932,1
3124,2.338167017131154,0.0773,0,5.897,3.206,0,-3.63,1.606,0.0,-1.925,1
3125,2.3550416132204544,0.0893,0,5.8978,3.229,0,-3.632,1.615,0.0,-1.917,1
3126,2.371840846262666,0.1006,0,5.8966,3.252,0,-3.631,1.622,0.0,-1.908,1
3127,2.3736412955625794,0.1125,0,5.8969,3.252,0,-3.633,1.63,0.0,-1.9,1
3128,2.3869553829093664,0.1236,0,5.897,3.272,0,-3.632,1.638,0.0,-1.892,1
3129,2.4218971902209225,0.1395,0,5.8948,3.317,0,-3.634,1.648,0.0,-1.879,1
3130,2.440685354567442,0.1384,0,5.8932,3.338,0,-3.638,1.646,0.0,-1.879,1
3131,2.438498308385716,0.1377,0,5.8943,3.339,0,-3.635,1.646,0.0,-1.88,1
3132,2.434282235074643,0.1363,0,5.8936,3.334,0,-3.634,1.645,0.0,-1.881,1
3133,2.4342070577500183,0.1316,0,5.894,3.334,0,-3.634,1.642,0.0,-1.884,1
3134,2.4347765811260795,0.123,0,5.8934,3.334,0,-3.634,1.635,0.0,-1.89,1
3135,2.4283381148431538,0.1094,0,5.8957,3.326,0,-3.636,1.627,0.0,-1.901,1
3136,2.4169968969777353,0.0946,0,5.8954,3.31,0,-3.636,1.617,0.0,-1.911,1
3137,2.397242582635308,0.0798,0,5.8956,3.282,0,-3.636,1.606,0.0,-1.922,1
3138,2.3950008350729233,0.0659,0,5.8954,3.282,0,-3.634,1.597,0.0,-1.932,1
3139,2.3731329503422263,0.054,0,5.8968,3.253,0,-3.633,1.589,0.0,-1.941,1
3140,2.35623301054883,0.0438,0,5.8951,3.228,0,-3.632,1.581,0.0,-1.947,1
3141,2.3400138888476705,0.0339,0,5.8954,3.207,0,-3.631,1.574,0.0,-1.955,1
3142,2.327346342940818,0.0243,0,5.8943,3.188,0,-3.631,1.567,0.0,-1.961,1
3143,2.3257646054577408,0.0133,0,5.8932,3.188,0,-3.627,1.558,0.0,-1.968,1
3144,2.3145083711233365,0.002,0,5.8925,3.168,0,-3.63,1.55,0.0,-1.975,1
3145,2.303286564889397,-0.0097,0,5.8913,3.146,0,-3.635,1.541,0.0,-1.983,1
3146,2.2862976621603757,-0.0218,0,5.8903,3.125,0,-3.63,1.531,0.0,-1.991,1
3147,2.268696542069917,-0.0341,0,5.8901,3.101,0,-3.629,1.523,0.0,-1.999,1
3148,2.264932007809506,-0.0475,0,5.8882,3.101,0,-3.622,1.512,0.0,-2.008,1
3149,2.2501137749011715,-0.0599,0,5.8876,3.079,0,-3.622,1.503,0.0,-2.016,1
3150,2.236033094567252,-0.0729,0,5.8871,3.055,0,-3.625,1.493,0.0,-2.025,1
3151,2.223361419112961,-0.0852,0,5.8865,3.034,0,-3.627,1.484,0.0,-2.033,1
3152,2.2085662770222676,-0.0955,0,5.885,3.013,0,-3.626,1.476,0.0,-2.04,1
3153,2.207689289732593,-0.1091,0,5.8853,3.013,0,-3.625,1.467,0.0,-2.049,1
3154,2.1935769874795827,-0.1217,0,5.8837,2.991,0,-3.625,1.457,0.0,-2.057,1
3155,2.177292125554125,-0.1361,0,5.8827,2.97,0,-3.622,1.446,0.0,-2.067,1
3156,2.16386506048783,-0.1499,0,5.8821,2.95,0,-3.622,1.436,0.0,-2.076,1
3157,2.148341220569954,-0.1633,0,5.8804,2.926,0,-3.622,1.425,0.0,-2.085,1
3158,2.151065317464814,-0.1765,0,5.8794,2.926,0,-3.624,1.415,0.0,-2.093,1
3159,2.137011932582502,-0.1889,0,5.8784,2.9,0,-3.629,1.406,0.0,-2.101,1
3160,2.122826888844213,-0.203,0,5.8761,2.881,0,-3.625,1.394,0.0,-2.11,1
3161,2.109444713662816,-0.2159,0,5.8758,2.859,0,-3.628,1.385,0.0,-2.119,1
3162,2.0932271735289505,-0.2284,0,5.876,2.836,0,-3.628,1.376,0.0,-2.128,1
3163,2.095933205042565,-0.2419,0,5.8752,2.836,0,-3.631,1.366,0.0,-2.137,1
3164,2.079716567227371,-0.2543,0,5.8769,2.814,0,-3.633,1.359,0.0,-2.147,1
3165,2.0607032780097185,-0.2658,0,5.8815,2.791,0,-3.635,1.354,0.0,-2.158,1
3166,2.0536328785837066,-0.2796,0,5.8776,2.773,0,-3.637,1.341,0.0,-2.165,1
3167,2.039512196580349,-0.2932,0,5.8755,2.751,0,-3.637,1.33,0.0,-2.174,1
3168,2.0386429309714833,-0.307,0,5.8753,2.751,0,-3.635,1.32,0.0,-2.183,1
3169,2.0238231148003027,-0.3197,0,5.8753,2.73,0,-3.636,1.312,0.0,-2.192,1
3170,2.006197647292011,-0.3331,0,5.8755,2.704,0,-3.637,1.302,0.0,-2.202,1
3171,1.9913939841226798,-0.3459,0,5.8757,2.682,0,-3.638,1.293,0.0,-2.211,1
3172,1.9751832826348037,-0.3587,0,5.8752,2.659,0,-3.638,1.284,0.0,-2.22,1
3173,1.9778566682143577,-0.3726,0,5.874,2.659,0,-3.64,1.273,0.0,-2.229,1
3174,1.9630588376307012,-0.3869,0,5.8741,2.636,0,-3.643,1.264,0.0,-2.239,1
3175,1.9454081833897996,-0.3999,0,5.8743,2.613,0,-3.642,1.255,0.0,-2.249,1
3176,1.9278718837101183,-0.4107,0,5.8791,2.589,0,-3.647,1.25,0.0,-2.26,1
3177,1.9173056615991095,-0.4237,0,5.8753,2.569,0,-3.647,1.239,0.0,-2.266,1
3178,1.9185059291021227,-0.4376,0,5.8737,2.569,0,-3.647,1.228,0.0,-2.275,1
3179,1.901571192461644,-0.4516,0,5.8735,2.545,0,-3.647,1.218,0.0,-2.285,1
3180,1.8874493370684153,-0.465,0,5.874,2.525,0,-3.648,1.209,0.0,-2.295,1
3181,1.8640386262092317,-0.478,0,5.8744,2.504,0,-3.637,1.2,0.0,-2.305,1
3182,1.849231461986303,-0.4908,0,5.8738,2.481,0,-3.637,1.19,0.0,-2.313,1
3183,1.8455682051877682,-0.5041,0,5.8745,2.481,0,-3.634,1.182,0.0,-2.323,1
3184,1.8222252879378003,-0.5168,0,5.8757,2.457,0,-3.626,1.173,0.0,-2.333,1
3185,1.8052670162610294,-0.53,0,5.8768,2.435,0,-3.626,1.165,0.0,-2.343,1
3186,1.789727632909544,-0.5425,0,5.8779,2.414,0,-3.627,1.157,0.0,-2.353,1
3187,1.7734920355050932,-0.5542,0,5.8784,2.392,0,-3.627,1.149,0.0,-2.362,1
3188,1.7741423279996449,-0.5653,0,5.878,2.391,0,-3.628,1.141,0.0,-2.369,1
3189,1.757876559943843,-0.5788,0,5.879,2.371,0,-3.627,1.132,0.0,-2.38,1
3190,1.7437459677372733,-0.5919,0,5.878,2.349,0,-3.627,1.122,0.0,-2.388,1
3191,1.7260895110045713,-0.6054,0,5.878,2.325,0,-3.627,1.113,0.0,-2.398,1
3192,1.7105686189100981,-0.6188,0,5.8774,2.301,0,-3.628,1.103,0.0,-2.407,1
3193,1.7147457537489341,-0.6323,0,5.8769,2.301,0,-3.633,1.093,0.0,-2.416,1
3194,1.7020390712319151,-0.6454,0,5.8765,2.28,0,-3.636,1.084,0.0,-2.425,1
3195,1.6879173557967817,-0.6585,0,5.8762,2.258,0,-3.637,1.074,0.0,-2.434,1
3196,1.672400968667502,-0.6726,0,5.8759,2.234,0,-3.639,1.064,0.0,-2.444,1
3197,1.6540498783289455,-0.6874,0,5.877,2.21,0,-3.639,1.055,0.0,-2.455,1
3198,1.6567694468452754,-0.7016,0,5.8764,2.21,0,-3.642,1.044,0.0,-2.465,1
3199,1.6419238715604323,-0.7143,0,5.8765,2.19,0,-3.641,1.035,0.0,-2.474,1
3200,1.6278212432573795,-0.727,0,5.8768,2.168,0,-3.645,1.027,0.0,-2.484,1
3201,1.61225370212011,-0.7396,0,5.8772,2.149,0,-3.642,1.018,0.0,-2.493,1
3202,1.611496509459453,-0.7531,0,5.877,2.149,0,-3.641,1.009,0.0,-2.502,1
3203,1.596647111919224,-0.7675,0,5.8767,2.127,0,-3.641,0.998,0.0,-2.512,1
3204,1.5803914072153138,-0.7819,0,5.8761,2.102,0,-3.643,0.988,0.0,-2.522,1
3205,1.5641611170208778,-0.7951,0,5.8754,2.076,0,-3.645,0.978,0.0,-2.531,1
3206,1.5486284254139209,-0.8092,0,5.8753,2.053,0,-3.646,0.968,0.0,-2.541,1
3207,1.5485638507985389,-0.823,0,5.8752,2.053,0,-3.646,0.958,0.0,-2.551,1
3208,1.5323083893263785,-0.8372,0,5.876,2.029,0,-3.648,0.949,0.0,-2.561,1
3209,1.518171597679261,-0.8506,0,5.8755,2.008,0,-3.649,0.939,0.0,-2.571,1
3210,1.501225166322494,-0.864,0,5.8755,1.984,0,-3.649,0.93,0.0,-2.58,1
3211,1.4877856028339564,-0.8825,0,5.8717,1.959,0,-3.65,0.914,0.0,-2.591,1
3212,1.4898741557594724,-0.8932,0,5.871,1.959,0,-3.652,0.906,0.0,-2.598,1
3213,1.4778700890132397,-0.9048,0,5.8709,1.938,0,-3.656,0.898,0.0,-2.606,1
3214,1.4637547608803876,-0.9158,0,5.8715,1.917,0,-3.657,0.89,0.0,-2.614,1
3215,1.445382302368477,-0.9305,0,5.8739,1.895,0,-3.657,0.882,0.0,-2.626,1
3216,1.4340690359951296,-0.9423,0,5.8723,1.877,0,-3.657,0.872,0.0,-2.634,1
3217,1.4354274624654497,-0.9559,0,5.8731,1.877,0,-3.66,0.863,0.0,-2.644,1
3218,1.4191719416617565,-0.9675,0,5.8746,1.856,0,-3.66,0.856,0.0,-2.653,1
3219,1.3980146637285318,-0.9793,0,5.8742,1.827,0,-3.659,0.848,0.0,-2.661,1
3220,1.3725250453088278,-1.013,0,5.8747,1.788,0,-3.663,0.824,0.0,-2.686,1
3221,1.3378826555419574,-1.0452,0,5.8754,1.741,0,-3.662,0.802,0.0,-2.709,1
3222,1.310975972319859,-1.079,0,5.8761,1.706,0,-3.661,0.779,0.0,-2.734,1
3223,1.2911963444805752,-1.0918,0,5.8745,1.677,0,-3.66,0.769,0.0,-2.742,1
3224,1.277757801776221,-1.1047,0,5.8755,1.66,0,-3.66,0.761,0.0,-2.752,1
3225,1.2812806093904645,-1.1181,0,5.8756,1.659,0,-3.665,0.751,0.0,-2.761,1
3226,1.262187387038866,-1.1321,0,5.8762,1.633,0,-3.666,0.742,0.0,-2.772,1
3227,1.250876892423871,-1.1455,0,5.8755,1.614,0,-3.668,0.732,0.0,-2.781,1
3228,1.2374659591277652,-1.1587,0,5.8754,1.592,0,-3.671,0.723,0.0,-2.79,1
3229,1.2226336327780287,-1.1738,0,5.8761,1.57,0,-3.673,0.713,0.0,-2.801,1
3230,1.2261231585774734,-1.187,0,5.8763,1.57,0,-3.678,0.703,0.0,-2.811,1
3231,1.2077416942376382,-1.2,0,5.8759,1.546,0,-3.676,0.694,0.0,-2.82,1
3232,1.1922030028480888,-1.2138,0,5.876,1.532,0,-3.668,0.684,0.0,-2.83,1
3233,1.175918789712963,-1.2268,0,5.8762,1.507,0,-3.67,0.675,0.0,-2.839,1
3234,1.163192589384922,-1.2403,0,5.8762,1.49,0,-3.67,0.666,0.0,-2.849,1
3235,1.1653668950163292,-1.2523,0,5.8768,1.49,0,-3.674,0.658,0.0,-2.858,1
3236,1.1462691655976793,-1.2653,0,5.8768,1.467,0,-3.67,0.649,0.0,-2.867,1
3237,1.1271361940777167,-1.2783,0,5.8769,1.44,0,-3.67,0.64,0.0,-2.876,1
3238,1.1101576464628795,-1.2916,0,5.8772,1.416,0,-3.671,0.631,0.0,-2.886,1
3239,1.0981370588410173,-1.3038,0,5.8772,1.399,0,-3.671,0.622,0.0,-2.895,1
3240,1.1040113224057078,-1.3253,0,5.8715,1.399,0,-3.671,0.603,0.0,-2.906,1
3241,1.094015082162947,-1.3365,0,5.8684,1.378,0,-3.674,0.593,0.0,-2.912,1
3242,1.0741624644345007,-1.3447,0,5.8715,1.357,0,-3.671,0.589,0.0,-2.92,1
3243,1.0486395949037974,-1.3537,0,5.8759,1.328,0,-3.67,0.586,0.0,-2.929,1
3244,1.030970416646375,-1.3645,0,5.8778,1.306,0,-3.67,0.58,0.0,-2.938,1
3245,1.0309966052320443,-1.3772,0,5.8781,1.306,0,-3.671,0.571,0.0,-2.948,1
3246,1.0189960745753637,-1.3905,0,5.8777,1.29,0,-3.67,0.562,0.0,-2.957,1
3247,1.001272190765328,-1.4034,0,5.8772,1.263,0,-3.671,0.552,0.0,-2.966,1
3248,0.9906689659013248,-1.4162,0,5.8771,1.247,0,-3.672,0.543,0.0,-2.975,1
3249,0.9765208651124667,-1.4292,0,5.8772,1.227,0,-3.672,0.534,0.0,-2.984,1
3250,0.9766498860902,-1.4425,0,5.8771,1.227,0,-3.672,0.525,0.0,-2.993,1
3251,0.9525045931647785,-1.4545,0,5.8773,1.195,0,-3.67,0.516,0.0,-3.002,1
3252,0.9405041201398322,-1.4679,0,5.8773,1.179,0,-3.67,0.507,0.0,-3.012,1
3253,0.9213625779246734,-1.4799,0,5.8777,1.152,0,-3.67,0.499,0.0,-3.02,1
3254,0.9079262084552907,-1.491,0,5.8788,1.135,0,-3.67,0.492,0.0,-3.029,1
3255,0.908731533512511,-1.5035,0,5.879,1.135,0,-3.671,0.483,0.0,-3.038,1
3256,0.8945708468310375,-1.5165,0,5.879,1.115,0,-3.671,0.474,0.0,-3.047,1
3257,0.8747393897613164,-1.5298,0,5.8785,1.089,0,-3.668,0.464,0.0,-3.056,1
3258,0.8619866588294741,-1.5423,0,5.8785,1.07,0,-3.67,0.456,0.0,-3.065,1
3259,0.8414582580259106,-1.5547,0,5.8782,1.041,0,-3.67,0.447,0.0,-3.074,1
3260,0.8408358936201521,-1.5676,0,5.8783,1.041,0,-3.669,0.438,0.0,-3.083,1
3261,0.8245459356518592,-1.5802,0,5.8782,1.019,0,-3.668,0.429,0.0,-3.092,1
3262,0.810404837103037,-1.593,0,5.8785,1.0,0,-3.667,0.42,0.0,-3.101,1
3263,0.7955331545573698,-1.6059,0,5.8784,0.979,0,-3.668,0.411,0.0,-3.111,1
3264,0.7799544858515784,-1.6181,0,5.8788,0.958,0,-3.668,0.403,0.0,-3.12,1
3265,0.781522232569234,-1.6307,0,5.879,0.958,0,-3.67,0.394,0.0,-3.129,1
3266,0.7651731830115324,-1.6429,0,5.8792,0.934,0,-3.67,0.385,0.0,-3.137,1
3267,0.7524692684754641,-1.6553,0,5.8792,0.918,0,-3.669,0.377,0.0,-3.146,1
3268,0.732596751289548,-1.6678,0,5.8797,0.891,0,-3.669,0.368,0.0,-3.156,1
3269,0.7321045007374289,-1.6806,0,5.8803,0.891,0,-3.669,0.36,0.0,-3.165,1
3270,0.7200347213850177,-1.6933,0,5.8805,0.872,0,-3.671,0.351,0.0,-3.174,1
3271,0.7008716002236074,-1.7064,0,5.8802,0.847,0,-3.669,0.342,0.0,-3.183,1
3272,0.6803308018897865,-1.7191,0,5.8806,0.822,0,-3.666,0.333,0.0,-3.193,1
3273,0.6682611764871577,-1.7322,0,5.8801,0.801,0,-3.669,0.323,0.0,-3.202,1
3274,0.6684885937695572,-1.7444,0,5.8801,0.801,0,-3.669,0.315,0.0,-3.21,1
3275,0.6535518342105698,-1.7566,0,5.8805,0.78,0,-3.67,0.307,0.0,-3.219,1
3276,0.6217595998454708,-1.7868,0,5.8811,0.737,0,-3.669,0.286,0.0,-3.241,1
3277,0.5871047606688267,-1.8184,0,5.8808,0.689,0,-3.668,0.263,0.0,-3.264,1
3278,0.5729310604252488,-1.8314,0,5.8813,0.67,0,-3.668,0.255,0.0,-3.273,1
3279,0.5579829746506608,-1.8444,0,5.8817,0.647,0,-3.671,0.246,0.0,-3.283,1
3280,0.5459761899570347,-1.8571,0,5.8821,0.63,0,-3.671,0.237,0.0,-3.292,1
3281,0.5456198310178982,-1.8696,0,5.8826,0.63,0,-3.671,0.229,0.0,-3.301,1
3282,0.5256776578855145,-1.8824,0,5.8824,0.604,0,-3.669,0.22,0.0,-3.31,1
3283,0.5107269329103371,-1.8951,0,5.8823,0.582,0,-3.67,0.211,0.0,-3.319,1
3284,0.4950474724710755,-1.9074,0,5.8824,0.558,0,-3.672,0.202,0.0,-3.328,1
3285,0.4765983634046596,-1.9182,0,5.8826,0.534,0,-3.671,0.195,0.0,-3.336,1
3286,0.4766235411726952,-1.9207,0,5.8827,0.534,0,-3.671,0.193,0.0,-3.338,1
3287,0.46255378065690916,-1.9201,0,5.8832,0.514,0,-3.672,0.194,0.0,-3.338,1
3288,0.45648329651806524,-1.9184,0,5.8832,0.504,0,-3.673,0.195,0.0,-3.337,1
3289,0.45857387627295143,-1.9169,0,5.8831,0.507,0,-3.672,0.196,0.0,-3.335,1
3290,0.45920039198589563,-1.9168,0,5.8834,0.509,0,-3.672,0.196,0.0,-3.336,1
3291,0.46066582247872484,-1.9166,0,5.8831,0.509,0,-3.673,0.196,0.0,-3.335,1
3292,0.456325541691455,-1.9167,0,5.8857,0.51,0,-3.67,0.198,0.0,-3.337,1
3293,0.4577390086064326,-1.9167,0,5.886,0.511,0,-3.671,0.198,0.0,-3.337,1
3294,0.45628171122673755,-1.9167,0,5.8861,0.511,0,-3.669,0.198,0.0,-3.337,1
3295,0.45628171122673755,-1.9167,0,5.8861,0.511,0,-3.669,0.198,0.0,-3.337,1
3296,0.4584691919856775,-1.9167,0,5.8861,0.511,0,-3.672,0.198,0.0,-3.337,1
3297,0.4571061145948498,-1.9167,0,5.8861,0.509,0,-3.672,0.198,0.0,-3.337,1
3298,0.4577390086064326,-1.9167,0,5.8862,0.511,0,-3.671,0.198,0.0,-3.337,1
3299,0.4584233850928634,-1.9167,0,5.8862,0.512,0,-3.671,0.198,0.0,-3.337,1
3300,0.4577390086064326,-1.9167,0,5.8862,0.511,0,-3.671,0.198,0.0,-3.337,1
3301,0.4592003919858953,-1.9167,0,5.8859,0.511,0,-3.673,0.198,0.0,-3.337,1
3302,0.45778706840626243,-1.9167,0,5.886,0.51,0,-3.672,0.198,0.0,-3.337,1
3303,0.45700984672105244,-1.9167,0,5.8861,0.511,0,-3.67,0.198,0.0,-3.337,1
3304,0.4577390086064326,-1.9167,0,5.8862,0.511,0,-3.671,0.198,0.0,-3.337,1
3305,0.4584233850928634,-1.9167,0,5.8862,0.512,0,-3.671,0.198,0.0,-3.337,1
3306,0.4584233850928634,-1.9167,0,5.8862,0.512,0,-3.671,0.198,0.0,-3.337,1
3307,0.4591524801196221,-1.9167,0,5.8861,0.512,0,-3.672,0.198,0.0,-3.337,1
3308,0.45564240364566577,-1.9167,0,5.8862,0.509,0,-3.67,0.198,0.0,-3.337,1
3309,0.45993260375842004,-1.9167,0,5.8862,0.511,0,-3.674,0.198,0.0,-3.337,1
3310,0.4606137210288029,-1.9167,0,5.8862,0.512,0,-3.674,0.198,0.0,-3.337,1
3311,0.45988259371278656,-1.9167,0,5.8862,0.512,0,-3.673,0.198,0.0,-3.337,1
3312,0.4585193561890271,-1.9167,0,5.8862,0.51,0,-3.673,0.198,0.0,-3.337,1
3313,0.4571061145948498,-1.9167,0,5.8862,0.509,0,-3.672,0.198,0.0,-3.337,1
3314,0.4584233850928634,-1.9167,0,5.8862,0.512,0,-3.671,0.198,0.0,-3.337,1
3315,0.4591524801196221,-1.9167,0,5.8847,0.511,0,-3.671,0.197,0.0,-3.336,1
3316,0.4577390086064326,-1.9167,0,5.8862,0.511,0,-3.671,0.198,0.0,-3.337,1
3317,0.4584691919856775,-1.9167,0,5.8862,0.511,0,-3.672,0.198,0.0,-3.337,1
3318,0.45700984672105244,-1.9167,0,5.8862,0.511,0,-3.67,0.198,0.0,-3.337,1
3319,0.4584233850928634,-1.9167,0,5.8861,0.512,0,-3.671,0.198,0.0,-3.337,1
3320,0.4577390086064326,-1.9168,0,5.8859,0.511,0,-3.671,0.198,0.0,-3.337,1
3321,0.4577390086064326,-1.9168,0,5.8861,0.511,0,-3.671,0.198,0.0,-3.337,1
3322,0.4577390086064326,-1.9168,0,5.8862,0.511,0,-3.671,0.198,0.0,-3.337,1
3323,0.4584233850928634,-1.9168,0,5.8862,0.512,0,-3.671,0.198,0.0,-3.337,1
3324,0.45778706840626243,-1.9168,0,5.8862,0.51,0,-3.672,0.198,0.0,-3.337,1
3325,0.4584691919856775,-1.9167,0,5.8862,0.511,0,-3.672,0.198,0.0,-3.337,1
3326,0.4577390086064326,-1.9167,0,5.8862,0.511,0,-3.671,0.198,0.0,-3.337,1
3327,0.4584691919856775,-1.9167,0,5.8862,0.511,0,-3.672,0.198,0.0,-3.337,1
3328,0.4570557952810573,-1.9167,0,5.8862,0.51,0,-3.671,0.198,0.0,-3.337,1
3329,0.4570557952810573,-1.9167,0,5.8862,0.51,0,-3.671,0.198,0.0,-3.337,1
3330,0.45637375034066074,-1.9167,0,5.8862,0.509,0,-3.671,0.198,0.0,-3.337,1
3331,0.45783949152514125,-1.9167,0,5.8862,0.509,0,-3.673,0.198,0.0,-3.337,1
3332,0.4584233850928634,-1.9168,0,5.8862,0.512,0,-3.671,0.198,0.0,-3.337,1
3333,0.4592003919858953,-1.9167,0,5.8862,0.511,0,-3.673,0.198,0.0,-3.337,1
3334,0.4584691919856775,-1.9168,0,5.8862,0.511,0,-3.672,0.198,0.0,-3.337,1
3335,0.4584691919856775,-1.9168,0,5.8862,0.511,0,-3.672,0.198,0.0,-3.337,1
3336,0.45778706840626243,-1.9167,0,5.8862,0.51,0,-3.672,0.198,0.0,-3.337,1
3337,0.4577390086064326,-1.9167,0,5.8862,0.511,0,-3.671,0.198,0.0,-3.337,1
3338,0.4584233850928634,-1.9168,0,5.8862,0.512,0,-3.671,0.198,0.0,-3.337,1
3339,0.4591089195387079,-1.9167,0,5.8862,0.513,0,-3.671,0.198,0.0,-3.337,1
3340,0.4591089195387079,-1.9167,0,5.8862,0.513,0,-3.671,0.198,0.0,-3.337,1
3341,0.45637375034066074,-1.9167,0,5.8862,0.509,0,-3.671,0.198,0.0,-3.337,1
3342,0.4584233850928634,-1.9167,0,5.8862,0.512,0,-3.671,0.198,0.0,-3.337,1
3343,0.4577390086064326,-1.9167,0,5.8863,0.511,0,-3.671,0.198,0.0,-3.337,1
3344,0.4584233850928634,-1.9167,0,5.8863,0.512,0,-3.671,0.198,0.0,-3.337,1
3345,0.4591524801196221,-1.9167,0,5.8863,0.512,0,-3.672,0.198,0.0,-3.337,1
3346,0.45700984672105244,-1.9167,0,5.8863,0.511,0,-3.67,0.198,0.0,-3.337,1
3347,0.4577390086064326,-1.9167,0,5.8863,0.511,0,-3.671,0.198,0.0,-3.337,1
3348,0.4584233850928634,-1.9167,0,5.8863,0.512,0,-3.671,0.198,0.0,-3.337,1
3349,0.4584233850928634,-1.9167,0,5.8863,0.512,0,-3.671,0.198,0.0,-3.337,1
3350,0.4591524801196221,-1.9167,0,5.8863,0.512,0,-3.672,0.198,0.0,-3.337,1
3351,0.4584233850928634,-1.9167,0,5.8863,0.512,0,-3.671,0.198,0.0,-3.337,1
3352,0.456325541691455,-1.9167,0,5.8863,0.51,0,-3.67,0.198,0.0,-3.337,1
3353,0.4564263357870577,-1.9167,0,5.8863,0.508,0,-3.672,0.198,0.0,-3.337,1
3354,0.4584691919856775,-1.9167,0,5.8863,0.511,0,-3.672,0.198,0.0,-3.337,1
3355,0.4577390086064326,-1.9167,0,5.8863,0.511,0,-3.671,0.198,0.0,-3.337,1
3356,0.4577390086064326,-1.9167,0,5.8863,0.511,0,-3.671,0.198,0.0,-3.337,1
3357,0.4570557952810573,-1.9167,0,5.8863,0.51,0,-3.671,0.198,0.0,-3.337,1
3358,0.45778706840626243,-1.9167,0,5.8863,0.51,0,-3.672,0.198,0.0,-3.337,1
3359,0.4591524801196221,-1.9167,0,5.8863,0.512,0,-3.672,0.198,0.0,-3.337,1
3360,0.4584233850928634,-1.9167,0,5.8863,0.512,0,-3.671,0.198,0.0,-3.337,1
3361,0.45838193681688616,-1.9167,0,5.8863,0.513,0,-3.67,0.198,0.0,-3.337,1
3362,0.4592526537756748,-1.9167,0,5.8863,0.51,0,-3.674,0.198,0.0,-3.337,1
3363,0.456325541691455,-1.9167,0,5.8863,0.51,0,-3.67,0.198,0.0,-3.337,1
3364,0.45700984672105244,-1.9167,0,5.8863,0.511,0,-3.67,0.198,0.0,-3.337,1
3365,0.4577390086064326,-1.9167,0,5.8863,0.511,0,-3.671,0.198,0.0,-3.337,1
3366,0.4577390086064326,-1.9167,0,5.8863,0.511,0,-3.671,0.198,0.0,-3.337,1
3367,0.4591524801196221,-1.9167,0,5.8863,0.512,0,-3.672,0.198,0.0,-3.337,1
3368,0.4591524801196221,-1.9168,0,5.8863,0.512,0,-3.673,0.198,0.0,-3.338,1
3369,0.4591524801196221,-1.9168,0,5.8863,0.512,0,-3.673,0.198,0.0,-3.338,1
3370,0.45769531350014914,-1.9168,0,5.8863,0.512,0,-3.671,0.198,0.0,-3.338,1
3371,0.4584691919856775,-1.9168,0,5.8863,0.511,0,-3.673,0.198,0.0,-3.338,1
3372,0.4591524801196221,-1.9168,0,5.8863,0.512,0,-3.673,0.198,0.0,-3.338,1
3373,0.4592003919858953,-1.9168,0,5.8863,0.511,0,-3.674,0.198,0.0,-3.338,1
3374,0.4585193561890271,-1.9168,0,5.8863,0.51,0,-3.674,0.198,0.0,-3.338,1
3375,0.456325541691455,-1.9168,0,5.8863,0.51,0,-3.671,0.198,0.0,-3.338,1
3376,0.45700984672105244,-1.9168,0,5.8863,0.511,0,-3.671,0.198,0.0,-3.338,1
3377,0.45628171122673755,-1.9168,0,5.8863,0.511,0,-3.67,0.198,0.0,-3.338,1
3378,0.45628171122673755,-1.9168,0,5.8863,0.511,0,-3.67,0.198,0.0,-3.338,1
3379,0.45628171122673755,-1.9168,0,5.8863,0.511,0,-3.67,0.198,0.0,-3.338,1
3380,0.45700984672105244,-1.9168,0,5.8863,0.511,0,-3.671,0.198,0.0,-3.338,1
3381,0.45769531350014914,-1.9168,0,5.8863,0.512,0,-3.671,0.198,0.0,-3.338,1
3382,0.4570557952810576,-1.9168,0,5.8863,0.51,0,-3.672,0.198,0.0,-3.338,1
3383,0.45700984672105244,-1.9168,0,5.8863,0.511,0,-3.671,0.198,0.0,-3.338,1
3384,0.45700984672105244,-1.9168,0,5.8863,0.511,0,-3.671,0.198,0.0,-3.338,1
3385,0.4584691919856775,-1.9167,0,5.8863,0.511,0,-3.672,0.198,0.0,-3.337,1
3386,0.4584233850928634,-1.9167,0,5.8863,0.512,0,-3.671,0.198,0.0,-3.337,1
3387,0.45778706840626243,-1.9167,0,5.8863,0.51,0,-3.672,0.198,0.0,-3.337,1
3388,0.4591524801196221,-1.9167,0,5.8863,0.512,0,-3.672,0.198,0.0,-3.337,1
3389,0.45783949152514125,-1.9167,0,5.8863,0.509,0,-3.673,0.198,0.0,-3.337,1
3390,0.4585193561890271,-1.9167,0,5.8863,0.51,0,-3.673,0.198,0.0,-3.337,1
3391,0.4585193561890271,-1.9167,0,5.8863,0.51,0,-3.673,0.198,0.0,-3.337,1
3392,0.4577390086064326,-1.9167,0,5.8863,0.511,0,-3.671,0.198,0.0,-3.337,1
3393,0.45988259371278656,-1.9167,0,5.8863,0.512,0,-3.673,0.198,0.0,-3.337,1
3394,0.4591524801196221,-1.9167,0,5.8863,0.512,0,-3.672,0.198,0.0,-3.337,1
3395,0.4584691919856775,-1.9167,0,5.8863,0.511,0,-3.672,0.198,0.0,-3.337,1
3396,0.4584691919856775,-1.9167,0,5.8863,0.511,0,-3.672,0.198,0.0,-3.337,1
3397,0.4584233850928634,-1.9167,0,5.8863,0.512,0,-3.671,0.198,0.0,-3.337,1
3398,0.45778706840626243,-1.9167,0,5.8863,0.51,0,-3.672,0.198,0.0,-3.337,1
3399,0.45988259371278656,-1.9167,0,5.8863,0.512,0,-3.673,0.198,0.0,-3.337,1
3400,0.4585193561890271,-1.9167,0,5.8863,0.51,0,-3.673,0.198,0.0,-3.337,1
3401,0.45778706840626243,-1.9167,0,5.8863,0.51,0,-3.672,0.198,0.0,-3.337,1
3402,0.4577390086064326,-1.9167,0,5.8863,0.511,0,-3.671,0.198,0.0,-3.337,1
3403,0.45778706840626243,-1.9167,0,5.8863,0.51,0,-3.672,0.198,0.0,-3.337,1
3404,0.45769531350014914,-1.9167,0,5.8863,0.512,0,-3.67,0.198,0.0,-3.337,1
3405,0.45769531350014914,-1.9167,0,5.8863,0.512,0,-3.67,0.198,0.0,-3.337,1
3406,0.4570557952810573,-1.9167,0,5.8863,0.51,0,-3.671,0.198,0.0,-3.337,1
3407,0.4570557952810573,-1.9167,0,5.8863,0.51,0,-3.671,0.198,0.0,-3.337,1
3408,0.4584233850928634,-1.9167,0,5.8863,0.512,0,-3.671,0.198,0.0,-3.337,1
3409,0.45700984672105244,-1.9167,0,5.8863,0.511,0,-3.67,0.198,0.0,-3.337,1
3410,0.45700984672105244,-1.9167,0,5.8863,0.511,0,-3.67,0.198,0.0,-3.337,1
3411,0.45769531350014914,-1.9167,0,5.8863,0.512,0,-3.67,0.198,0.0,-3.337,1
3412,0.4570557952810573,-1.9167,0,5.8863,0.51,0,-3.671,0.198,0.0,-3.337,1
3413,0.4584233850928634,-1.9167,0,5.8863,0.512,0,-3.671,0.198,0.0,-3.337,1
3414,0.4584233850928634,-1.9167,0,5.8863,0.512,0,-3.671,0.198,0.0,-3.337,1
3415,0.4584233850928634,-1.9167,0,5.8863,0.512,0,-3.671,0.198,0.0,-3.337,1
3416,0.4570557952810573,-1.9167,0,5.8863,0.51,0,-3.671,0.198,0.0,-3.337,1
3417,0.45778706840626243,-1.9167,0,5.8863,0.51,0,-3.672,0.198,0.0,-3.337,1
3418,0.4577390086064326,-1.9167,0,5.8863,0.511,0,-3.671,0.198,0.0,-3.337,1
3419,0.4570557952810573,-1.9167,0,5.8863,0.51,0,-3.671,0.198,0.0,-3.337,1
3420,0.4585193561890271,-1.9167,0,5.8863,0.51,0,-3.673,0.198,0.0,-3.337,1
3421,0.45700984672105244,-1.9167,0,5.8862,0.511,0,-3.67,0.198,0.0,-3.337,1
3422,0.4592003919858953,-1.9167,0,5.8863,0.511,0,-3.673,0.198,0.0,-3.337,1
3423,0.45778706840626243,-1.9167,0,5.8863,0.51,0,-3.672,0.198,0.0,-3.337,1
3424,0.45778706840626243,-1.9167,0,5.8863,0.51,0,-3.672,0.198,0.0,-3.337,1
3425,0.45778706840626243,-1.9167,0,5.8863,0.51,0,-3.672,0.198,0.0,-3.337,1
3426,0.456325541691455,-1.9167,0,5.8863,0.51,0,-3.67,0.198,0.0,-3.337,1
3427,0.45700984672105244,-1.9167,0,5.8863,0.511,0,-3.67,0.198,0.0,-3.337,1
3428,0.45838193681688616,-1.9167,0,5.8863,0.513,0,-3.67,0.198,0.0,-3.337,1
3429,0.45700984672105244,-1.9167,0,5.8863,0.511,0,-3.67,0.198,0.0,-3.337,1
3430,0.4577390086064326,-1.9167,0,5.8863,0.511,0,-3.671,0.198,0.0,-3.337,1
3431,0.45700984672105244,-1.9167,0,5.8863,0.511,0,-3.67,0.198,0.0,-3.337,1
3432,0.4584233850928634,-1.9167,0,5.8863,0.512,0,-3.671,0.198,0.0,-3.337,1
3433,0.4584233850928634,-1.9167,0,5.8863,0.512,0,-3.671,0.198,0.0,-3.337,1
3434,0.4570557952810573,-1.9167,0,5.8863,0.51,0,-3.671,0.198,0.0,-3.337,1
3435,0.45778706840626243,-1.9167,0,5.8863,0.51,0,-3.672,0.198,0.0,-3.337,1
3436,0.4570557952810573,-1.9167,0,5.8863,0.51,0,-3.671,0.198,0.0,-3.337,1
3437,0.4591524801196221,-1.9167,0,5.8863,0.512,0,-3.672,0.198,0.0,-3.337,1
3438,0.4584691919856775,-1.9167,0,5.8863,0.511,0,-3.672,0.198,0.0,-3.337,1
3439,0.4598369276167367,-1.9167,0,5.8863,0.513,0,-3.672,0.198,0.0,-3.337,1
3440,0.4591089195387079,-1.9167,0,5.8863,0.513,0,-3.671,0.198,0.0,-3.337,1
3441,0.4584233850928634,-1.9167,0,5.8863,0.512,0,-3.671,0.198,0.0,-3.337,1
3442,0.4591524801196221,-1.9167,0,5.8863,0.512,0,-3.672,0.198,0.0,-3.337,1
3443,0.4584233850928634,-1.9167,0,5.8863,0.512,0,-3.671,0.198,0.0,-3.337,1
